[[{"base_id":917,"kind":"bot_words","i1":0,"i2":1,"sol":{"path":["/c/en/bulawayo","/c/en/city","/c/en/xining"],"weight":0.20700000000000002,"degrees":[58,3758,68]},"num_concepts_raised":113},{"base_id":917,"kind":"bot_words","i1":0,"i2":2,"sol":{"path":["/c/en/bulawayo","/c/en/city","/c/en/people","/c/en/family","/c/en/hevea"],"weight":0.2081599999999998,"degrees":[58,3758,4475,3166,27]},"num_concepts_raised":15291},{"base_id":917,"kind":"bot_words","i1":0,"i2":3,"sol":{"path":["/c/en/bulawayo","/c/en/city","/c/en/building","/c/en/heat","/c/en/thermic"],"weight":0.20934999999999981,"degrees":[58,3758,2061,2046,28]},"num_concepts_raised":6116},{"base_id":917,"kind":"bot_words","i1":0,"i2":4,"sol":{"path":["/c/en/bulawayo","/c/fr/bulawayo","/c/fr/localités","/c/en/sway","/c/en/totter"],"weight":0.21182999999999946,"degrees":[58,7,110113,366,170]},"num_concepts_raised":18763},{"base_id":917,"kind":"bot_words","i1":0,"i2":5,"sol":{"path":["/c/en/bulawayo","/c/en/city","/c/en/apple","/c/en/cherry"],"weight":0.22623000000000001,"degrees":[58,3758,1553,643]},"num_concepts_raised":50227},{"base_id":917,"kind":"bot_words","i1":0,"i2":6,"sol":{"path":["/c/en/bulawayo","/c/en/city","/c/en/factory","/c/en/plant","/c/en/asafoetida"],"weight":0.2144899999999999,"degrees":[58,3758,910,7959,109]},"num_concepts_raised":16723},{"base_id":917,"kind":"bot_words","i1":0,"i2":7,"sol":{"path":["/c/en/bulawayo","/c/en/city","/c/en/salmon","/c/en/blackfish"],"weight":0.2152999999999998,"degrees":[58,3758,482,33]},"num_concepts_raised":22030},{"base_id":917,"kind":"bot_words","i1":0,"i2":8,"sol":{"path":["/c/en/bulawayo","/c/en/city","/c/en/nature","/c/en/determinant"],"weight":0.21495999999999954,"degrees":[58,3758,1372,184]},"num_concepts_raised":20049},{"base_id":917,"kind":"bot_words","i1":0,"i2":9,"sol":{"path":["/c/en/bulawayo","/c/fr/bulawayo","/c/fr/localités","/c/en/strontian"],"weight":0.21008999999999983,"degrees":[58,7,110113,24]},"num_concepts_raised":122612},{"base_id":917,"kind":"bot_words","i1":1,"i2":2,"sol":{"path":["/c/en/xining","/c/en/china","/c/en/botany","/c/en/hevea"],"weight":0.20823999999999976,"degrees":[68,1318,6881,27]},"num_concepts_raised":17230},{"base_id":917,"kind":"bot_words","i1":1,"i2":3,"sol":{"path":["/c/en/xining","/c/en/city","/c/en/people","/c/en/heat","/c/en/thermic"],"weight":0.21157999999999977,"degrees":[68,3758,4475,2046,28]},"num_concepts_raised":8085},{"base_id":917,"kind":"bot_words","i1":1,"i2":4,"sol":{"path":["/c/en/xining","/c/en/qinghai","/c/en/transport","/c/en/move","/c/en/totter"],"weight":0.21406999999999943,"degrees":[68,93,1411,2810,170]},"num_concepts_raised":20687},{"base_id":917,"kind":"bot_words","i1":1,"i2":5,"sol":{"path":["/c/en/xining","/c/en/city","/c/en/apple","/c/en/cherry"],"weight":0.22842999999999997,"degrees":[68,3758,1553,643]},"num_concepts_raised":52064},{"base_id":917,"kind":"bot_words","i1":1,"i2":6,"sol":{"path":["/c/en/xining","/c/en/china","/c/en/root","/c/en/asafoetida"],"weight":0.21460999999999986,"degrees":[68,1318,1503,109]},"num_concepts_raised":18653},{"base_id":917,"kind":"bot_words","i1":1,"i2":7,"sol":{"path":["/c/en/xining","/c/en/city","/c/en/salmon","/c/en/blackfish"],"weight":0.21749999999999975,"degrees":[68,3758,482,33]},"num_concepts_raised":23945},{"base_id":917,"kind":"bot_words","i1":1,"i2":8,"sol":{"path":["/c/en/xining","/c/en/city","/c/en/nature","/c/en/determinant"],"weight":0.21715999999999946,"degrees":[68,3758,1372,184]},"num_concepts_raised":21968},{"base_id":917,"kind":"bot_words","i1":1,"i2":9,"sol":{"path":["/c/en/xining","/c/en/city","/c/en/village","/c/en/strontian"],"weight":0.2103799999999998,"degrees":[68,3758,1480,24]},"num_concepts_raised":124553},{"base_id":917,"kind":"bot_words","i1":2,"i2":3,"sol":{"path":["/c/en/hevea","/c/en/botany","/c/en/stone","/c/en/thermal","/c/en/thermic"],"weight":0.20489999999999992,"degrees":[27,6881,1934,250,28]},"num_concepts_raised":14812},{"base_id":917,"kind":"bot_words","i1":2,"i2":4,"sol":{"path":["/c/en/hevea","/c/en/genus","/c/en/dodder","/c/en/totter"],"weight":0.20423999999999953,"degrees":[27,2240,78,170]},"num_concepts_raised":27438},{"base_id":917,"kind":"bot_words","i1":2,"i2":5,"sol":{"path":["/c/en/hevea","/c/en/botany","/c/en/fruit","/c/en/cherry"],"weight":0.22507000000000005,"degrees":[27,6881,2192,643]},"num_concepts_raised":57906},{"base_id":917,"kind":"bot_words","i1":2,"i2":6,"sol":{"path":["/c/en/hevea","/c/en/genus","/c/en/asafoetida"],"weight":0.20400000000000001,"degrees":[27,2240,109]},"num_concepts_raised":106},{"base_id":917,"kind":"bot_words","i1":2,"i2":7,"sol":{"path":["/c/en/hevea","/c/en/genus","/c/en/blackfish"],"weight":0.20400000000000001,"degrees":[27,2240,33]},"num_concepts_raised":53},{"base_id":917,"kind":"bot_words","i1":2,"i2":8,"sol":{"path":["/c/en/hevea","/c/en/family","/c/en/biology","/c/en/determinant"],"weight":0.20965999999999957,"degrees":[27,3166,6216,184]},"num_concepts_raised":28424},{"base_id":917,"kind":"bot_words","i1":2,"i2":9,"sol":{"path":["/c/en/hevea","/c/en/hevea_brasiliensis","/c/en/plant","/c/en/mineral","/c/en/strontian"],"weight":0.20386999999999988,"degrees":[27,55,7959,8530,24]},"num_concepts_raised":131516},{"base_id":917,"kind":"bot_words","i1":3,"i2":4,"sol":{"path":["/c/en/thermic","/c/en/heat","/c/en/purpose","/c/en/stagger","/c/en/totter"],"weight":0.20704999999999957,"degrees":[28,2046,939,348,170]},"num_concepts_raised":18251},{"base_id":917,"kind":"bot_words","i1":3,"i2":5,"sol":{"path":["/c/en/thermic","/c/en/heat","/c/en/slang","/c/en/cherry"],"weight":0.22201000000000012,"degrees":[28,2046,16318,643]},"num_concepts_raised":49738},{"base_id":917,"kind":"bot_words","i1":3,"i2":6,"sol":{"path":["/c/en/thermic","/c/en/thermal","/c/en/hot","/c/en/unpleasant","/c/en/asafoetida"],"weight":0.2113,"degrees":[28,250,1227,575,109]},"num_concepts_raised":16226},{"base_id":917,"kind":"bot_words","i1":3,"i2":7,"sol":{"path":["/c/en/thermic","/c/en/heat","/c/en/food","/c/en/salmon","/c/en/blackfish"],"weight":0.2111399999999999,"degrees":[28,2046,4281,482,33]},"num_concepts_raised":21587},{"base_id":917,"kind":"bot_words","i1":3,"i2":8,"sol":{"path":["/c/en/thermic","/c/en/heat","/c/en/very","/c/fr/déterminant","/c/en/determinant"],"weight":0.21714999999999962,"degrees":[28,2046,1529,136,184]},"num_concepts_raised":19501},{"base_id":917,"kind":"bot_words","i1":3,"i2":9,"sol":{"path":["/c/en/thermic","/c/en/thermal","/c/en/stone","/c/en/mineral","/c/en/strontian"],"weight":0.20602999999999994,"degrees":[28,250,1934,8530,24]},"num_concepts_raised":122356},{"base_id":917,"kind":"bot_words","i1":4,"i2":5,"sol":{"path":["/c/en/totter","/c/en/toddle","/c/en/small","/c/en/cherry"],"weight":0.22321999999999975,"degrees":[170,79,2515,643]},"num_concepts_raised":61654},{"base_id":917,"kind":"bot_words","i1":4,"i2":6,"sol":{"path":["/c/en/totter","/c/en/rock","/c/en/plant","/c/en/asafoetida"],"weight":0.21080999999999964,"degrees":[170,2349,7959,109]},"num_concepts_raised":28743},{"base_id":917,"kind":"bot_words","i1":4,"i2":7,"sol":{"path":["/c/en/totter","/c/en/rock","/c/en/person","/c/en/blackfish"],"weight":0.20957999999999954,"degrees":[170,2349,12935,33]},"num_concepts_raised":33956},{"base_id":917,"kind":"bot_words","i1":4,"i2":8,"sol":{"path":["/c/en/totter","/c/en/move","/c/en/determine","/c/en/determinant"],"weight":0.2133799999999993,"degrees":[170,2810,759,184]},"num_concepts_raised":31933},{"base_id":917,"kind":"bot_words","i1":4,"i2":9,"sol":{"path":["/c/en/totter","/c/en/rock","/c/en/mineral","/c/en/strontian"],"weight":0.2055699999999996,"degrees":[170,2349,8530,24]},"num_concepts_raised":134792},{"base_id":917,"kind":"bot_words","i1":5,"i2":6,"sol":{"path":["/c/en/cherry","/c/en/stem","/c/en/asafoetida"],"weight":0.20800000000000002,"degrees":[643,907,109]},"num_concepts_raised":518},{"base_id":917,"kind":"bot_words","i1":5,"i2":7,"sol":{"path":["/c/en/cherry","/c/en/napoleon","/c/en/person","/c/en/blackfish"],"weight":0.2257600000000001,"degrees":[643,279,12935,33]},"num_concepts_raised":64250},{"base_id":917,"kind":"bot_words","i1":5,"i2":8,"sol":{"path":["/c/en/cherry","/c/en/condition","/c/en/permanent","/c/en/determinant"],"weight":0.22938999999999982,"degrees":[643,1648,534,184]},"num_concepts_raised":63047},{"base_id":917,"kind":"bot_words","i1":5,"i2":9,"sol":{"path":["/c/en/cherry","/c/en/washington","/c/fr/localités","/c/en/strontian"],"weight":0.22056000000000014,"degrees":[643,601,110113,24]},"num_concepts_raised":166037},{"base_id":917,"kind":"bot_words","i1":6,"i2":7,"sol":{"path":["/c/en/asafoetida","/c/en/genus","/c/en/blackfish"],"weight":0.20600000000000002,"degrees":[109,2240,33]},"num_concepts_raised":106},{"base_id":917,"kind":"bot_words","i1":6,"i2":8,"sol":{"path":["/c/en/asafoetida","/c/en/plant","/c/en/biology","/c/en/determinant"],"weight":0.2160199999999997,"degrees":[109,7959,6216,184]},"num_concepts_raised":29755},{"base_id":917,"kind":"bot_words","i1":6,"i2":9,"sol":{"path":["/c/en/asafoetida","/c/en/plant","/c/en/mineral","/c/en/strontian"],"weight":0.21015,"degrees":[109,7959,8530,24]},"num_concepts_raised":132920},{"base_id":917,"kind":"bot_words","i1":7,"i2":8,"sol":{"path":["/c/en/blackfish","/c/en/person","/c/en/biology","/c/en/determinant"],"weight":0.2147799999999996,"degrees":[33,12935,6216,184]},"num_concepts_raised":35249},{"base_id":917,"kind":"bot_words","i1":7,"i2":9,"sol":{"path":["/c/en/blackfish","/c/en/scotland","/c/en/strontian"],"weight":0.20400000000000001,"degrees":[33,2226,24]},"num_concepts_raised":44},{"base_id":917,"kind":"bot_words","i1":8,"i2":9,"sol":{"path":["/c/en/determinant","/c/en/element","/c/en/mineral","/c/en/strontian"],"weight":0.21062999999999965,"degrees":[184,1173,8530,24]},"num_concepts_raised":136202}],[{"base_id":917,"kind":"top_words","i1":0,"i2":1,"sol":{"path":["/c/en/females","/c/en/female","/c/en/man","/c/en/historical","/c/en/fructidor"],"weight":0.2042799999999998,"degrees":[24,3110,3068,8415,59]},"num_concepts_raised":17846},{"base_id":917,"kind":"top_words","i1":0,"i2":2,"sol":{"path":["/c/en/females","/c/en/female","/c/en/animal","/c/en/moth","/c/en/hepialidae"],"weight":0.20887999999999982,"degrees":[24,3110,3735,889,32]},"num_concepts_raised":12302},{"base_id":917,"kind":"top_words","i1":0,"i2":3,"sol":{"path":["/c/en/females","/c/en/female","/c/en/man","/c/en/historical","/c/en/brumaire"],"weight":0.20425999999999978,"degrees":[24,3110,3068,8415,57]},"num_concepts_raised":18023},{"base_id":917,"kind":"top_words","i1":0,"i2":4,"sol":{"path":["/c/en/females","/c/en/male","/c/en/bill","/c/en/hundred","/c/en/100"],"weight":0.20549999999999985,"degrees":[24,2222,1413,814,47]},"num_concepts_raised":19082},{"base_id":917,"kind":"top_words","i1":0,"i2":5,"sol":{"path":["/c/en/females","/c/en/female","/c/en/man","/c/en/fathom","/c/en/fathomable"],"weight":0.20503999999999994,"degrees":[24,3110,3068,257,32]},"num_concepts_raised":9913},{"base_id":917,"kind":"top_words","i1":0,"i2":6,"sol":{"path":["/c/en/females","/c/en/vagina","/c/en/crack","/c/en/crevice"],"weight":0.20821999999999963,"degrees":[24,694,1064,196]},"num_concepts_raised":17575},{"base_id":917,"kind":"top_words","i1":0,"i2":7,"sol":{"path":["/c/en/females","/c/en/female","/c/en/person","/c/en/prescription","/c/en/uninterruptedly"],"weight":0.2041199999999999,"degrees":[24,3110,12935,334,45]},"num_concepts_raised":10825},{"base_id":917,"kind":"top_words","i1":0,"i2":8,"sol":{"path":["/c/en/females","/c/en/her","/c/en/sound","/c/en/sniffle"],"weight":0.2031099999999998,"degrees":[24,708,3218,71]},"num_concepts_raised":19541},{"base_id":917,"kind":"top_words","i1":0,"i2":9,"sol":{"path":["/c/en/females","/c/en/female","/c/en/person","/c/en/slobber"],"weight":0.20440999999999987,"degrees":[24,3110,12935,72]},"num_concepts_raised":24704},{"base_id":917,"kind":"top_words","i1":1,"i2":2,"sol":{"path":["/c/en/fructidor","/c/en/historical","/c/en/fly","/c/en/insect","/c/en/hepialidae"],"weight":0.20818999999999974,"degrees":[59,8415,2276,2112,32]},"num_concepts_raised":11465},{"base_id":917,"kind":"top_words","i1":1,"i2":3,"sol":{"path":["/c/en/fructidor","/c/en/french_republican_calendar","/c/en/brumaire"],"weight":0.202,"degrees":[59,158,57]},"num_concepts_raised":99},{"base_id":917,"kind":"top_words","i1":1,"i2":4,"sol":{"path":["/c/en/fructidor","/c/en/historical","/c/en/hundred","/c/en/100"],"weight":0.20588999999999977,"degrees":[59,8415,814,47]},"num_concepts_raised":18193},{"base_id":917,"kind":"top_words","i1":1,"i2":5,"sol":{"path":["/c/en/fructidor","/c/en/historical","/c/de/klafter","/c/en/fathom","/c/en/fathomable"],"weight":0.20427999999999985,"degrees":[59,8415,26,257,32]},"num_concepts_raised":9059},{"base_id":917,"kind":"top_words","i1":1,"i2":6,"sol":{"path":["/c/en/fructidor","/c/en/historical","/c/en/split","/c/en/crack","/c/en/crevice"],"weight":0.20889999999999953,"degrees":[59,8415,892,1064,196]},"num_concepts_raised":16794},{"base_id":917,"kind":"top_words","i1":1,"i2":7,"sol":{"path":["/c/en/fructidor","/c/en/historical","/c/en/computer","/c/en/interrupt","/c/en/uninterruptedly"],"weight":0.2034099999999998,"degrees":[59,8415,2068,556,45]},"num_concepts_raised":9973},{"base_id":917,"kind":"top_words","i1":1,"i2":8,"sol":{"path":["/c/en/fructidor","/c/en/historical","/c/en/nasal","/c/en/snivel","/c/en/sniffle"],"weight":0.20471999999999974,"degrees":[59,8415,295,118,71]},"num_concepts_raised":18738},{"base_id":917,"kind":"top_words","i1":1,"i2":9,"sol":{"path":["/c/en/fructidor","/c/en/historical","/c/en/log","/c/en/slabber","/c/en/slobber"],"weight":0.20466999999999977,"degrees":[59,8415,599,38,72]},"num_concepts_raised":23944},{"base_id":917,"kind":"top_words","i1":2,"i2":3,"sol":{"path":["/c/en/hepialidae","/c/en/insect","/c/en/fly","/c/en/historical","/c/en/brumaire"],"weight":0.20816999999999972,"degrees":[32,2112,2276,8415,57]},"num_concepts_raised":11641},{"base_id":917,"kind":"top_words","i1":2,"i2":4,"sol":{"path":["/c/en/hepialidae","/c/en/swift","/c/en/bird","/c/en/cardinal","/c/en/100"],"weight":0.2092199999999998,"degrees":[32,441,4970,5720,47]},"num_concepts_raised":12609},{"base_id":917,"kind":"top_words","i1":2,"i2":5,"sol":{"path":["/c/en/hepialidae","/c/en/insect","/c/en/generic","/c/en/comprehensive","/c/en/comprehensible","/c/en/fathomable"],"weight":0.21255949999999965,"degrees":[32,2112,341,297,122,32]},"num_concepts_raised":167804},{"base_id":917,"kind":"top_words","i1":2,"i2":6,"sol":{"path":["/c/en/hepialidae","/c/en/swift","/c/en/computing","/c/en/crack","/c/en/crevice"],"weight":0.21326999999999957,"degrees":[32,441,9084,1064,196]},"num_concepts_raised":11172},{"base_id":917,"kind":"top_words","i1":2,"i2":7,"sol":{"path":["/c/en/hepialidae","/c/en/swift","/c/en/computing","/c/en/interrupt","/c/en/uninterruptedly"],"weight":0.20808999999999983,"degrees":[32,441,9084,556,45]},"num_concepts_raised":4301},{"base_id":917,"kind":"top_words","i1":2,"i2":8,"sol":{"path":["/c/en/hepialidae","/c/en/swift","/c/en/computing","/c/en/sniff","/c/en/sniffle"],"weight":0.20840999999999976,"degrees":[32,441,9084,239,71]},"num_concepts_raised":13093},{"base_id":917,"kind":"top_words","i1":2,"i2":9,"sol":{"path":["/c/en/hepialidae","/c/en/insect","/c/en/derogatory","/c/en/slob","/c/en/slobber"],"weight":0.2092999999999998,"degrees":[32,2112,3326,136,72]},"num_concepts_raised":18407},{"base_id":917,"kind":"top_words","i1":3,"i2":4,"sol":{"path":["/c/en/brumaire","/c/en/historical","/c/en/hundred","/c/en/100"],"weight":0.20586999999999975,"degrees":[57,8415,814,47]},"num_concepts_raised":18362},{"base_id":917,"kind":"top_words","i1":3,"i2":5,"sol":{"path":["/c/en/brumaire","/c/en/historical","/c/de/klafter","/c/en/fathom","/c/en/fathomable"],"weight":0.20425999999999983,"degrees":[57,8415,26,257,32]},"num_concepts_raised":9233},{"base_id":917,"kind":"top_words","i1":3,"i2":6,"sol":{"path":["/c/en/brumaire","/c/en/historical","/c/en/split","/c/en/crack","/c/en/crevice"],"weight":0.2088799999999995,"degrees":[57,8415,892,1064,196]},"num_concepts_raised":16964},{"base_id":917,"kind":"top_words","i1":3,"i2":7,"sol":{"path":["/c/en/brumaire","/c/en/historical","/c/en/computer","/c/en/interrupt","/c/en/uninterruptedly"],"weight":0.2033899999999998,"degrees":[57,8415,2068,556,45]},"num_concepts_raised":10147},{"base_id":917,"kind":"top_words","i1":3,"i2":8,"sol":{"path":["/c/en/brumaire","/c/en/historical","/c/en/nasal","/c/en/snivel","/c/en/sniffle"],"weight":0.20469999999999972,"degrees":[57,8415,295,118,71]},"num_concepts_raised":18910},{"base_id":917,"kind":"top_words","i1":3,"i2":9,"sol":{"path":["/c/en/brumaire","/c/fr/aire","/c/fr/surface","/c/fr/bave","/c/en/slobber"],"weight":0.20473999999999976,"degrees":[57,274,846,113,72]},"num_concepts_raised":24123},{"base_id":917,"kind":"top_words","i1":4,"i2":5,"sol":{"path":["/c/en/100","/c/en/hundred","/c/en/other","/c/en/fathom","/c/en/fathomable"],"weight":0.20663999999999993,"degrees":[47,814,970,257,32]},"num_concepts_raised":10204},{"base_id":917,"kind":"top_words","i1":4,"i2":6,"sol":{"path":["/c/en/100","/c/en/low","/c/en/depression","/c/en/crevice"],"weight":0.20606999999999964,"degrees":[47,1298,839,196]},"num_concepts_raised":17882},{"base_id":917,"kind":"top_words","i1":4,"i2":7,"sol":{"path":["/c/en/100","/c/en/cardinal","/c/hu/egy","/c/hu/egyfolytában","/c/en/uninterruptedly"],"weight":0.20540999999999987,"degrees":[47,5720,102,12,45]},"num_concepts_raised":11113},{"base_id":917,"kind":"top_words","i1":4,"i2":8,"sol":{"path":["/c/en/100","/c/en/low","/c/en/cold","/c/en/sniffle"],"weight":0.20446999999999976,"degrees":[47,1298,1889,71]},"num_concepts_raised":19837},{"base_id":917,"kind":"top_words","i1":4,"i2":9,"sol":{"path":["/c/en/100","/c/en/any","/c/en/person","/c/en/slobber"],"weight":0.20353999999999983,"degrees":[47,573,12935,72]},"num_concepts_raised":25117},{"base_id":917,"kind":"top_words","i1":5,"i2":6,"sol":{"path":["/c/en/fathomable","/c/en/fathom","/c/en/sound","/c/en/crack","/c/en/crevice"],"weight":0.20931999999999967,"degrees":[32,257,3218,1064,196]},"num_concepts_raised":8773},{"base_id":917,"kind":"top_words","i1":5,"i2":7,"sol":{"path":["/c/en/fathomable","/c/en/fathom","/c/en/reach","/c/en/continuously","/c/it/ininterrottamente","/c/en/uninterruptedly"],"weight":0.21208829999999995,"degrees":[32,257,1162,294,11,45]},"num_concepts_raised":199876},{"base_id":917,"kind":"top_words","i1":5,"i2":8,"sol":{"path":["/c/en/fathomable","/c/en/fathom","/c/en/sound","/c/en/sniffle"],"weight":0.20435999999999988,"degrees":[32,257,3218,71]},"num_concepts_raised":10677},{"base_id":917,"kind":"top_words","i1":5,"i2":9,"sol":{"path":["/c/en/fathomable","/c/en/fathom","/c/en/man","/c/en/person","/c/en/slobber"],"weight":0.2044399999999999,"degrees":[32,257,3068,12935,72]},"num_concepts_raised":16025},{"base_id":917,"kind":"top_words","i1":6,"i2":7,"sol":{"path":["/c/en/crevice","/c/en/crack","/c/en/break","/c/en/interrupt","/c/en/uninterruptedly"],"weight":0.20868999999999965,"degrees":[196,1064,2938,556,45]},"num_concepts_raised":9659},{"base_id":917,"kind":"top_words","i1":6,"i2":8,"sol":{"path":["/c/en/crevice","/c/en/crack","/c/en/sound","/c/en/sniffle"],"weight":0.20861999999999956,"degrees":[196,1064,3218,71]},"num_concepts_raised":18359},{"base_id":917,"kind":"top_words","i1":6,"i2":9,"sol":{"path":["/c/en/crevice","/c/en/leak","/c/fr/baver","/c/en/slobber"],"weight":0.2066999999999996,"degrees":[196,519,165,72]},"num_concepts_raised":23648},{"base_id":917,"kind":"top_words","i1":7,"i2":8,"sol":{"path":["/c/en/uninterruptedly","/c/en/interrupt","/c/en/computing","/c/en/sniff","/c/en/sniffle"],"weight":0.20365999999999984,"degrees":[45,556,9084,239,71]},"num_concepts_raised":11586},{"base_id":917,"kind":"top_words","i1":7,"i2":9,"sol":{"path":["/c/en/uninterruptedly","/c/en/prescription","/c/en/person","/c/en/slobber"],"weight":0.20351999999999987,"degrees":[45,334,12935,72]},"num_concepts_raised":16917},{"base_id":917,"kind":"top_words","i1":8,"i2":9,"sol":{"path":["/c/en/sniffle","/c/en/snivel","/c/sh/balaviti","/c/en/slobber"],"weight":0.20583999999999977,"degrees":[71,118,8,72]},"num_concepts_raised":25540}]]