[[{"base_id":634,"kind":"bot_words","i1":0,"i2":1,"sol":{"path":["/c/en/blowtorch","/c/en/torch","/c/en/slang","/c/en/cherry","/c/en/morello"],"weight":0.2128099999999999,"degrees":[74,427,16318,643,34]},"num_concepts_raised":3878},{"base_id":634,"kind":"bot_words","i1":0,"i2":2,"sol":{"path":["/c/en/blowtorch","/c/en/torch","/c/en/slang","/c/fi/mahtava","/c/en/sumptuous"],"weight":0.20659999999999978,"degrees":[74,427,16318,74,116]},"num_concepts_raised":5633},{"base_id":634,"kind":"bot_words","i1":0,"i2":3,"sol":{"path":["/c/en/blowtorch","/c/fr/états_unis","/c/en/neck","/c/en/skullcap"],"weight":0.20423999999999976,"degrees":[74,767,1476,111]},"num_concepts_raised":8434},{"base_id":634,"kind":"bot_words","i1":0,"i2":4,"sol":{"path":["/c/en/blowtorch","/c/en/torch","/c/en/slang","/c/en/crunk"],"weight":0.21070999999999973,"degrees":[74,427,16318,48]},"num_concepts_raised":28688},{"base_id":634,"kind":"bot_words","i1":0,"i2":5,"sol":{"path":["/c/en/blowtorch","/c/en/torch","/c/en/flash","/c/en/material","/c/en/unworldly"],"weight":0.2059299999999999,"degrees":[74,427,923,1522,54]},"num_concepts_raised":8140},{"base_id":634,"kind":"bot_words","i1":0,"i2":6,"sol":{"path":["/c/en/blowtorch","/c/en/torch","/c/en/light","/c/en/characteristic","/c/en/idiosyncratic"],"weight":0.20639999999999986,"degrees":[74,427,4288,882,83]},"num_concepts_raised":8280},{"base_id":634,"kind":"bot_words","i1":0,"i2":7,"sol":{"path":["/c/en/blowtorch","/c/en/torch","/c/en/slang","/c/en/mundane"],"weight":0.20760999999999954,"degrees":[74,427,16318,204]},"num_concepts_raised":56655},{"base_id":634,"kind":"bot_words","i1":0,"i2":8,"sol":{"path":["/c/en/blowtorch","/c/en/torch","/c/en/slang","/c/en/trotter"],"weight":0.20573999999999976,"degrees":[74,427,16318,52]},"num_concepts_raised":29363},{"base_id":634,"kind":"bot_words","i1":0,"i2":9,"sol":{"path":["/c/en/blowtorch","/c/en/torch","/c/en/us","/c/en/ssn"],"weight":0.21046999999999982,"degrees":[74,427,8154,29]},"num_concepts_raised":16264},{"base_id":634,"kind":"bot_words","i1":1,"i2":2,"sol":{"path":["/c/en/morello","/c/en/cherry","/c/en/slang","/c/fi/mahtava","/c/en/sumptuous"],"weight":0.21118999999999985,"degrees":[34,643,16318,74,116]},"num_concepts_raised":3125},{"base_id":634,"kind":"bot_words","i1":1,"i2":3,"sol":{"path":["/c/en/morello","/c/en/cherry","/c/en/slang","/c/en/cap","/c/en/skullcap"],"weight":0.2111199999999998,"degrees":[34,643,16318,807,111]},"num_concepts_raised":5943},{"base_id":634,"kind":"bot_words","i1":1,"i2":4,"sol":{"path":["/c/en/morello","/c/en/cherry","/c/en/slang","/c/en/crunk"],"weight":0.21528999999999981,"degrees":[34,643,16318,48]},"num_concepts_raised":26463},{"base_id":634,"kind":"bot_words","i1":1,"i2":5,"sol":{"path":["/c/en/morello","/c/en/cherry","/c/en/wood","/c/en/material","/c/en/unworldly"],"weight":0.21054999999999996,"degrees":[34,643,2440,1522,54]},"num_concepts_raised":5646},{"base_id":634,"kind":"bot_words","i1":1,"i2":6,"sol":{"path":["/c/en/morello","/c/en/cherry","/c/en/round","/c/en/characteristic","/c/en/idiosyncratic"],"weight":0.21095999999999993,"degrees":[34,643,1452,882,83]},"num_concepts_raised":5768},{"base_id":634,"kind":"bot_words","i1":1,"i2":7,"sol":{"path":["/c/en/morello","/c/en/cherry","/c/en/slang","/c/en/mundane"],"weight":0.21220999999999962,"degrees":[34,643,16318,204]},"num_concepts_raised":54396},{"base_id":634,"kind":"bot_words","i1":1,"i2":8,"sol":{"path":["/c/en/morello","/c/en/cherry","/c/en/slang","/c/en/trotter"],"weight":0.21036999999999983,"degrees":[34,643,16318,52]},"num_concepts_raised":27073},{"base_id":634,"kind":"bot_words","i1":1,"i2":9,"sol":{"path":["/c/en/morello","/c/en/cherry","/c/en/apple","/c/en/sin","/c/en/ssn"],"weight":0.21715999999999988,"degrees":[34,643,1553,984,29]},"num_concepts_raised":13933},{"base_id":634,"kind":"bot_words","i1":2,"i2":3,"sol":{"path":["/c/en/sumptuous","/c/en/magnificent","/c/en/appearance","/c/en/cap","/c/en/skullcap"],"weight":0.2051399999999997,"degrees":[116,372,1440,807,111]},"num_concepts_raised":7704},{"base_id":634,"kind":"bot_words","i1":2,"i2":4,"sol":{"path":["/c/en/sumptuous","/c/fi/mahtava","/c/en/slang","/c/en/crunk"],"weight":0.2090799999999997,"degrees":[116,74,16318,48]},"num_concepts_raised":28186},{"base_id":634,"kind":"bot_words","i1":2,"i2":5,"sol":{"path":["/c/en/sumptuous","/c/la/apparatus","/c/en/material","/c/en/unworldly"],"weight":0.20431999999999984,"degrees":[116,81,1522,54]},"num_concepts_raised":7390},{"base_id":634,"kind":"bot_words","i1":2,"i2":6,"sol":{"path":["/c/en/sumptuous","/c/en/splendid","/c/en/noble","/c/en/individual","/c/en/idiosyncratic"],"weight":0.20676999999999982,"degrees":[116,346,871,882,83]},"num_concepts_raised":7521},{"base_id":634,"kind":"bot_words","i1":2,"i2":7,"sol":{"path":["/c/en/sumptuous","/c/en/magnificent","/c/en/after_lord_mayor's_show","/c/en/mundane"],"weight":0.20616999999999952,"degrees":[116,372,7,204]},"num_concepts_raised":56055},{"base_id":634,"kind":"bot_words","i1":2,"i2":8,"sol":{"path":["/c/en/sumptuous","/c/fi/mahtava","/c/en/slang","/c/en/trotter"],"weight":0.20411999999999975,"degrees":[116,74,16318,52]},"num_concepts_raised":28785},{"base_id":634,"kind":"bot_words","i1":2,"i2":9,"sol":{"path":["/c/en/sumptuous","/c/en/magnificent","/c/en/action","/c/en/sin","/c/en/ssn"],"weight":0.2112099999999998,"degrees":[116,372,2156,984,29]},"num_concepts_raised":15666},{"base_id":634,"kind":"bot_words","i1":3,"i2":4,"sol":{"path":["/c/en/skullcap","/c/en/cap","/c/en/slang","/c/en/crunk"],"weight":0.20900999999999964,"degrees":[111,807,16318,48]},"num_concepts_raised":30842},{"base_id":634,"kind":"bot_words","i1":3,"i2":5,"sol":{"path":["/c/en/skullcap","/c/en/yarmulke","/c/en/religious","/c/en/pious","/c/en/unworldly"],"weight":0.20757999999999982,"degrees":[111,98,1068,264,54]},"num_concepts_raised":10172},{"base_id":634,"kind":"bot_words","i1":3,"i2":6,"sol":{"path":["/c/en/skullcap","/c/en/zucchetto","/c/en/bishop","/c/en/peculiar","/c/en/idiosyncratic"],"weight":0.2056899999999998,"degrees":[111,56,922,361,83]},"num_concepts_raised":10327},{"base_id":634,"kind":"bot_words","i1":3,"i2":7,"sol":{"path":["/c/en/skullcap","/c/he/כפה","/c/fr/religion","/c/en/mundane"],"weight":0.20597999999999947,"degrees":[111,27,6634,204]},"num_concepts_raised":58709},{"base_id":634,"kind":"bot_words","i1":3,"i2":8,"sol":{"path":["/c/en/skullcap","/c/en/cap","/c/en/slang","/c/en/trotter"],"weight":0.20405999999999969,"degrees":[111,807,16318,52]},"num_concepts_raised":31437},{"base_id":634,"kind":"bot_words","i1":3,"i2":9,"sol":{"path":["/c/en/skullcap","/c/en/neck","/c/en/us","/c/en/ssn"],"weight":0.20871999999999974,"degrees":[111,1476,8154,29]},"num_concepts_raised":18371},{"base_id":634,"kind":"bot_words","i1":4,"i2":5,"sol":{"path":["/c/en/crunk","/c/en/music_genre","/c/en/spiritual","/c/en/unworldly"],"weight":0.20840999999999982,"degrees":[48,507,524,54]},"num_concepts_raised":30556},{"base_id":634,"kind":"bot_words","i1":4,"i2":6,"sol":{"path":["/c/en/crunk","/c/en/slang","/c/en/idiot","/c/en/idiosyncratic"],"weight":0.20872999999999978,"degrees":[48,16318,1029,83]},"num_concepts_raised":30630},{"base_id":634,"kind":"bot_words","i1":4,"i2":7,"sol":{"path":["/c/en/crunk","/c/en/slang","/c/en/mundane"],"weight":0.20400000000000001,"degrees":[48,16318,204]},"num_concepts_raised":205},{"base_id":634,"kind":"bot_words","i1":4,"i2":8,"sol":{"path":["/c/en/crunk","/c/en/slang","/c/en/trotter"],"weight":0.20400000000000001,"degrees":[48,16318,52]},"num_concepts_raised":90},{"base_id":634,"kind":"bot_words","i1":4,"i2":9,"sol":{"path":["/c/en/crunk","/c/en/us","/c/en/ssn"],"weight":0.20600000000000002,"degrees":[48,8154,29]},"num_concepts_raised":68},{"base_id":634,"kind":"bot_words","i1":5,"i2":6,"sol":{"path":["/c/en/unworldly","/c/en/conventual","/c/en/life","/c/en/individual","/c/en/idiosyncratic"],"weight":0.20590999999999993,"degrees":[54,41,2241,882,83]},"num_concepts_raised":9973},{"base_id":634,"kind":"bot_words","i1":5,"i2":7,"sol":{"path":["/c/en/unworldly","/c/en/worldly","/c/en/mundane"],"weight":0.20500000000000002,"degrees":[54,246,204]},"num_concepts_raised":204},{"base_id":634,"kind":"bot_words","i1":5,"i2":8,"sol":{"path":["/c/en/unworldly","/c/fr/matériel","/c/en/player","/c/en/trotter"],"weight":0.20333999999999985,"degrees":[54,347,1005,52]},"num_concepts_raised":31174},{"base_id":634,"kind":"bot_words","i1":5,"i2":9,"sol":{"path":["/c/en/unworldly","/c/en/material","/c/en/tin","/c/en/ssn"],"weight":0.2082699999999999,"degrees":[54,1522,1155,29]},"num_concepts_raised":18045},{"base_id":634,"kind":"bot_words","i1":6,"i2":7,"sol":{"path":["/c/en/idiosyncratic","/c/en/peculiar","/c/en/ordinary","/c/en/mundane"],"weight":0.2081399999999996,"degrees":[83,361,828,204]},"num_concepts_raised":57995},{"base_id":634,"kind":"bot_words","i1":6,"i2":8,"sol":{"path":["/c/en/idiosyncratic","/c/en/idiot","/c/en/slang","/c/en/trotter"],"weight":0.20376999999999978,"degrees":[83,1029,16318,52]},"num_concepts_raised":31267},{"base_id":634,"kind":"bot_words","i1":6,"i2":9,"sol":{"path":["/c/en/idiosyncratic","/c/en/idiot","/c/en/book","/c/en/ssn"],"weight":0.20850999999999986,"degrees":[83,1029,3239,29]},"num_concepts_raised":18246},{"base_id":634,"kind":"bot_words","i1":7,"i2":8,"sol":{"path":["/c/en/mundane","/c/en/slang","/c/en/trotter"],"weight":0.202,"degrees":[204,16318,52]},"num_concepts_raised":210},{"base_id":634,"kind":"bot_words","i1":7,"i2":9,"sol":{"path":["/c/en/mundane","/c/la/mundus","/c/en/sin","/c/en/ssn"],"weight":0.21204999999999957,"degrees":[204,162,984,29]},"num_concepts_raised":65122},{"base_id":634,"kind":"bot_words","i1":8,"i2":9,"sol":{"path":["/c/en/trotter","/c/en/pig","/c/en/us","/c/en/ssn"],"weight":0.20908999999999978,"degrees":[52,1398,8154,29]},"num_concepts_raised":38121}],[{"base_id":634,"kind":"top_words","i1":0,"i2":1,"sol":{"path":["/c/en/backhander","/c/en/shot","/c/en/puck"],"weight":0.20400000000000001,"degrees":[39,812,269]},"num_concepts_raised":251},{"base_id":634,"kind":"top_words","i1":0,"i2":2,"sol":{"path":["/c/en/backhander","/c/en/stroke","/c/en/line","/c/en/crease"],"weight":0.20739999999999933,"degrees":[39,1197,3018,302]},"num_concepts_raised":40536},{"base_id":634,"kind":"top_words","i1":0,"i2":3,"sol":{"path":["/c/en/backhander","/c/en/blow","/c/en/aim","/c/en/goal"],"weight":0.2254499999999983,"degrees":[39,1623,774,977]},"num_concepts_raised":103274},{"base_id":634,"kind":"top_words","i1":0,"i2":4,"sol":{"path":["/c/en/backhander","/c/en/handed","/c/en/shorthanded"],"weight":0.202,"degrees":[39,40,33]},"num_concepts_raised":67},{"base_id":634,"kind":"top_words","i1":0,"i2":5,"sol":{"path":["/c/en/backhander","/c/en/glass","/c/en/sharp","/c/en/alert","/c/en/alertly"],"weight":0.20281999999999983,"degrees":[39,1851,1275,465,24]},"num_concepts_raised":15265},{"base_id":634,"kind":"top_words","i1":0,"i2":6,"sol":{"path":["/c/en/backhander","/c/en/stroke","/c/fr/médecine","/c/fr/incubation","/c/en/incubation"],"weight":0.20572999999999977,"degrees":[39,1197,9990,60,91]},"num_concepts_raised":34088},{"base_id":634,"kind":"top_words","i1":0,"i2":7,"sol":{"path":["/c/en/backhander","/c/it/manrovescio","/c/en/slap","/c/en/slapper"],"weight":0.20487999999999978,"degrees":[39,12,566,38]},"num_concepts_raised":38819},{"base_id":634,"kind":"top_words","i1":0,"i2":8,"sol":{"path":["/c/en/backhander","/c/en/hand","/c/en/sword","/c/en/kris"],"weight":0.2085699999999997,"degrees":[39,2596,1208,82]},"num_concepts_raised":20384},{"base_id":634,"kind":"top_words","i1":0,"i2":9,"sol":{"path":["/c/en/backhander","/c/en/payment","/c/en/render","/c/en/salo"],"weight":0.20307999999999976,"degrees":[39,1024,543,55]},"num_concepts_raised":15377},{"base_id":634,"kind":"top_words","i1":1,"i2":2,"sol":{"path":["/c/en/puck","/c/en/ice_hockey","/c/en/crease"],"weight":0.20500000000000002,"degrees":[269,488,302]},"num_concepts_raised":468},{"base_id":634,"kind":"top_words","i1":1,"i2":3,"sol":{"path":["/c/en/puck","/c/en/hockey","/c/en/goal"],"weight":0.20700000000000002,"degrees":[269,337,977]},"num_concepts_raised":964},{"base_id":634,"kind":"top_words","i1":1,"i2":4,"sol":{"path":["/c/en/puck","/c/en/penalty","/c/en/shorthanded"],"weight":0.20400000000000001,"degrees":[269,409,33]},"num_concepts_raised":243},{"base_id":634,"kind":"top_words","i1":1,"i2":5,"sol":{"path":["/c/en/puck","/c/en/canada","/c/en/alert","/c/en/alertly"],"weight":0.21075999999999953,"degrees":[269,2402,465,24]},"num_concepts_raised":46653},{"base_id":634,"kind":"top_words","i1":1,"i2":6,"sol":{"path":["/c/en/puck","/c/en/disk","/c/en/phase","/c/en/incubation"],"weight":0.2137999999999995,"degrees":[269,457,660,91]},"num_concepts_raised":65292},{"base_id":634,"kind":"top_words","i1":1,"i2":7,"sol":{"path":["/c/en/puck","/c/en/hockey","/c/en/slap","/c/en/slapper"],"weight":0.2142399999999995,"degrees":[269,337,566,38]},"num_concepts_raised":69104},{"base_id":634,"kind":"top_words","i1":1,"i2":8,"sol":{"path":["/c/en/puck","/c/en/ice_hockey","/c/en/crease","/c/en/kris"],"weight":0.2192499999999994,"degrees":[269,488,302,82]},"num_concepts_raised":51594},{"base_id":634,"kind":"top_words","i1":1,"i2":9,"sol":{"path":["/c/en/puck","/c/en/disk","/c/en/circular","/c/ka/სალა","/c/en/salo"],"weight":0.2133299999999995,"degrees":[269,457,548,5,55]},"num_concepts_raised":46771},{"base_id":634,"kind":"top_words","i1":2,"i2":3,"sol":{"path":["/c/en/crease","/c/en/goal"],"weight":0.20400000000000001,"degrees":[302,977]},"num_concepts_raised":1013},{"base_id":634,"kind":"top_words","i1":2,"i2":4,"sol":{"path":["/c/en/crease","/c/en/fold","/c/en/poker","/c/en/shorthanded"],"weight":0.20805999999999938,"degrees":[302,1091,750,33]},"num_concepts_raised":39904},{"base_id":634,"kind":"top_words","i1":2,"i2":5,"sol":{"path":["/c/en/crease","/c/en/line","/c/en/fly","/c/en/alert","/c/en/alertly"],"weight":0.2072199999999994,"degrees":[302,3018,2276,465,24]},"num_concepts_raised":27312},{"base_id":634,"kind":"top_words","i1":2,"i2":6,"sol":{"path":["/c/en/crease","/c/en/iron","/c/en/chemistry","/c/en/incubation"],"weight":0.20689999999999936,"degrees":[302,2867,11754,91]},"num_concepts_raised":45915},{"base_id":634,"kind":"top_words","i1":2,"i2":7,"sol":{"path":["/c/en/crease","/c/en/line","/c/en/slang","/c/en/slapper"],"weight":0.20744999999999936,"degrees":[302,3018,16318,38]},"num_concepts_raised":50654},{"base_id":634,"kind":"top_words","i1":2,"i2":8,"sol":{"path":["/c/en/crease","/c/en/kris"],"weight":0.20400000000000001,"degrees":[302,82]},"num_concepts_raised":318},{"base_id":634,"kind":"top_words","i1":2,"i2":9,"sol":{"path":["/c/en/crease","/c/en/wrinkle","/c/en/skin","/c/en/underskin","/c/en/salo"],"weight":0.20964999999999934,"degrees":[302,478,2372,8,55]},"num_concepts_raised":27422},{"base_id":634,"kind":"top_words","i1":3,"i2":4,"sol":{"path":["/c/en/goal","/c/fr/sport","/c/en/shorthanded"],"weight":0.20400000000000001,"degrees":[977,2171,33]},"num_concepts_raised":790},{"base_id":634,"kind":"top_words","i1":3,"i2":5,"sol":{"path":["/c/en/goal","/c/en/aim","/c/en/pistol","/c/en/alert","/c/en/alertly"],"weight":0.22530999999999834,"degrees":[977,774,384,465,24]},"num_concepts_raised":91353},{"base_id":634,"kind":"top_words","i1":3,"i2":6,"sol":{"path":["/c/en/goal","/c/en/objective","/c/en/care","/c/en/incubation"],"weight":0.22350999999999832,"degrees":[977,419,1526,91]},"num_concepts_raised":109676},{"base_id":634,"kind":"top_words","i1":3,"i2":7,"sol":{"path":["/c/en/goal","/c/en/score","/c/en/slang","/c/en/slapper"],"weight":0.22440999999999833,"degrees":[977,922,16318,38]},"num_concepts_raised":113022},{"base_id":634,"kind":"top_words","i1":3,"i2":8,"sol":{"path":["/c/en/goal","/c/en/crease","/c/en/kris"],"weight":0.20600000000000002,"degrees":[977,302,82]},"num_concepts_raised":826},{"base_id":634,"kind":"top_words","i1":3,"i2":9,"sol":{"path":["/c/en/goal","/c/en/cause","/c/en/render","/c/en/salo"],"weight":0.21963999999999834,"degrees":[977,1753,543,55]},"num_concepts_raised":91409},{"base_id":634,"kind":"top_words","i1":4,"i2":5,"sol":{"path":["/c/en/shorthanded","/c/en/short","/c/en/abruptly","/c/ja/ばっと","/c/en/alertly"],"weight":0.20373999999999987,"degrees":[33,1446,231,9,24]},"num_concepts_raised":14462},{"base_id":634,"kind":"top_words","i1":4,"i2":6,"sol":{"path":["/c/en/shorthanded","/c/en/people","/c/en/care","/c/en/incubation"],"weight":0.20358999999999983,"degrees":[33,4475,1526,91]},"num_concepts_raised":33369},{"base_id":634,"kind":"top_words","i1":4,"i2":7,"sol":{"path":["/c/en/shorthanded","/c/en/normal","/c/en/slang","/c/en/slapper"],"weight":0.2028799999999998,"degrees":[33,604,16318,38]},"num_concepts_raised":38357},{"base_id":634,"kind":"top_words","i1":4,"i2":8,"sol":{"path":["/c/en/shorthanded","/c/en/table","/c/en/knife","/c/en/dagger","/c/en/kris"],"weight":0.21070999999999973,"degrees":[33,1618,1320,505,82]},"num_concepts_raised":19630},{"base_id":634,"kind":"top_words","i1":4,"i2":9,"sol":{"path":["/c/en/shorthanded","/c/en/people","/c/en/fat","/c/pl/sadło","/c/en/salo"],"weight":0.2042899999999998,"degrees":[33,4475,1429,9,55]},"num_concepts_raised":14600},{"base_id":634,"kind":"top_words","i1":5,"i2":6,"sol":{"path":["/c/en/alertly","/c/en/alert","/c/en/vigilance","/c/en/care","/c/en/incubation"],"weight":0.20343999999999984,"degrees":[24,465,136,1526,91]},"num_concepts_raised":20070},{"base_id":634,"kind":"top_words","i1":5,"i2":7,"sol":{"path":["/c/en/alertly","/c/en/alert","/c/en/fly","/c/en/slang","/c/en/slapper"],"weight":0.20280999999999982,"degrees":[24,465,2276,16318,38]},"num_concepts_raised":25455},{"base_id":634,"kind":"top_words","i1":5,"i2":8,"sol":{"path":["/c/en/alertly","/c/en/alert","/c/en/sharp","/c/en/dagger","/c/en/kris"],"weight":0.21046999999999977,"degrees":[24,465,1275,505,82]},"num_concepts_raised":6310},{"base_id":634,"kind":"top_words","i1":5,"i2":9,"sol":{"path":["/c/en/alertly","/c/en/alert","/c/en/fly","/c/en/animal","/c/pl/sadło","/c/en/salo"],"weight":0.2073685999999998,"degrees":[24,465,2276,3735,9,55]},"num_concepts_raised":122619},{"base_id":634,"kind":"top_words","i1":6,"i2":7,"sol":{"path":["/c/en/incubation","/c/fr/incubation","/c/fr/chaud","/c/en/slang","/c/en/slapper"],"weight":0.20569999999999977,"degrees":[91,60,526,16318,38]},"num_concepts_raised":44318},{"base_id":634,"kind":"top_words","i1":6,"i2":8,"sol":{"path":["/c/en/incubation","/c/en/chemistry","/c/it/ferro","/c/en/dagger","/c/en/kris"],"weight":0.21130999999999972,"degrees":[91,11754,38,505,82]},"num_concepts_raised":25334},{"base_id":634,"kind":"top_words","i1":6,"i2":9,"sol":{"path":["/c/en/incubation","/c/en/chemistry","/c/en/triglyceride","/c/hy/ճարպ","/c/en/salo"],"weight":0.2038099999999998,"degrees":[91,11754,138,6,55]},"num_concepts_raised":20217},{"base_id":634,"kind":"top_words","i1":7,"i2":8,"sol":{"path":["/c/en/slapper","/c/en/australia","/c/en/given_name","/c/en/kris"],"weight":0.2084599999999997,"degrees":[38,2690,1247,82]},"num_concepts_raised":30477},{"base_id":634,"kind":"top_words","i1":7,"i2":9,"sol":{"path":["/c/en/slapper","/c/en/slang","/c/en/fat","/c/pl/sadło","/c/en/salo"],"weight":0.20430999999999977,"degrees":[38,16318,1429,9,55]},"num_concepts_raised":25577},{"base_id":634,"kind":"top_words","i1":8,"i2":9,"sol":{"path":["/c/en/kris","/c/en/sword","/c/en/stone","/c/ka/სალა","/c/en/salo"],"weight":0.2087499999999997,"degrees":[82,1208,1934,5,55]},"num_concepts_raised":6457}]]