[[{"base_id":327,"kind":"bot_words","i1":0,"i2":1,"sol":{"path":["/c/en/quarry","/c/en/slip","/c/en/balance","/c/en/counterbalance"],"weight":0.20935999999999932,"degrees":[262,1135,982,142]},"num_concepts_raised":40649},{"base_id":327,"kind":"bot_words","i1":0,"i2":2,"sol":{"path":["/c/en/quarry","/c/en/stone","/c/en/pleasure","/c/en/cruelty"],"weight":0.20855999999999908,"degrees":[262,1934,1118,289]},"num_concepts_raised":36773},{"base_id":327,"kind":"bot_words","i1":0,"i2":3,"sol":{"path":["/c/en/quarry","/c/fr/carrière","/c/fr/champ","/c/en/sphere","/c/en/ionosphere"],"weight":0.21560999999999986,"degrees":[262,269,614,859,179]},"num_concepts_raised":31616},{"base_id":327,"kind":"bot_words","i1":0,"i2":4,"sol":{"path":["/c/en/quarry","/c/en/game","/c/en/boggle","/c/en/dumbfounded"],"weight":0.20665999999999923,"degrees":[262,2308,87,129]},"num_concepts_raised":30093},{"base_id":327,"kind":"bot_words","i1":0,"i2":5,"sol":{"path":["/c/en/quarry","/c/en/game","/c/en/action","/c/en/agency"],"weight":0.21212999999999813,"degrees":[262,2308,2156,507]},"num_concepts_raised":66108},{"base_id":327,"kind":"bot_words","i1":0,"i2":6,"sol":{"path":["/c/en/quarry","/c/en/bird","/c/en/hen"],"weight":0.203,"degrees":[262,4970,564]},"num_concepts_raised":638},{"base_id":327,"kind":"bot_words","i1":0,"i2":7,"sol":{"path":["/c/en/quarry","/c/en/animal","/c/en/plant","/c/en/salvinorin"],"weight":0.21072999999999936,"degrees":[262,3735,7959,41]},"num_concepts_raised":43715},{"base_id":327,"kind":"bot_words","i1":0,"i2":8,"sol":{"path":["/c/en/quarry","/c/en/stone","/c/en/usa","/c/en/clayton"],"weight":0.2058099999999995,"degrees":[262,1934,2683,30]},"num_concepts_raised":141618},{"base_id":327,"kind":"bot_words","i1":0,"i2":9,"sol":{"path":["/c/en/quarry","/c/en/mark","/c/en/tally","/c/en/count"],"weight":0.22530999999999818,"degrees":[262,1876,207,1218]},"num_concepts_raised":120533},{"base_id":327,"kind":"bot_words","i1":1,"i2":2,"sol":{"path":["/c/en/counterbalance","/c/en/opposition","/c/en/war","/c/en/cruelty"],"weight":0.20819999999999939,"degrees":[142,615,1823,289]},"num_concepts_raised":21316},{"base_id":327,"kind":"bot_words","i1":1,"i2":3,"sol":{"path":["/c/en/counterbalance","/c/en/influence","/c/en/sphere","/c/en/ionosphere"],"weight":0.21207000000000015,"degrees":[142,1115,859,179]},"num_concepts_raised":16039},{"base_id":327,"kind":"bot_words","i1":1,"i2":4,"sol":{"path":["/c/en/counterbalance","/c/en/influence","/c/en/stupefied","/c/en/dumbfounded"],"weight":0.2055699999999996,"degrees":[142,1115,93,129]},"num_concepts_raised":14508},{"base_id":327,"kind":"bot_words","i1":1,"i2":5,"sol":{"path":["/c/en/counterbalance","/c/en/force","/c/en/action","/c/en/agency"],"weight":0.21204999999999843,"degrees":[142,1979,2156,507]},"num_concepts_raised":50981},{"base_id":327,"kind":"bot_words","i1":1,"i2":6,"sol":{"path":["/c/en/counterbalance","/c/en/balance","/c/en/cock","/c/en/hen"],"weight":0.21514999999999967,"degrees":[142,982,742,564]},"num_concepts_raised":79660},{"base_id":327,"kind":"bot_words","i1":1,"i2":7,"sol":{"path":["/c/en/counterbalance","/c/en/balance","/c/en/person","/c/en/plant","/c/en/salvinorin"],"weight":0.21184999999999965,"degrees":[142,982,12935,7959,41]},"num_concepts_raised":28408},{"base_id":327,"kind":"bot_words","i1":1,"i2":8,"sol":{"path":["/c/en/counterbalance","/c/en/balance","/c/en/logan","/c/en/county_seat","/c/en/clayton"],"weight":0.2068099999999998,"degrees":[142,982,52,2497,30]},"num_concepts_raised":126203},{"base_id":327,"kind":"bot_words","i1":1,"i2":9,"sol":{"path":["/c/en/counterbalance","/c/cy/pwyso","/c/en/count"],"weight":0.202,"degrees":[142,43,1218]},"num_concepts_raised":1023},{"base_id":327,"kind":"bot_words","i1":2,"i2":3,"sol":{"path":["/c/en/cruelty","/c/en/mean","/c/en/historical","/c/en/region","/c/en/ionosphere"],"weight":0.21351999999999993,"degrees":[289,1314,8415,1382,179]},"num_concepts_raised":11876},{"base_id":327,"kind":"bot_words","i1":2,"i2":4,"sol":{"path":["/c/en/cruelty","/c/fr/cruauté","/c/fr/être","/c/en/boggle","/c/en/dumbfounded"],"weight":0.21015999999999932,"degrees":[289,96,3434,87,129]},"num_concepts_raised":10279},{"base_id":327,"kind":"bot_words","i1":2,"i2":5,"sol":{"path":["/c/en/cruelty","/c/fr/cruauté","/c/fr/action","/c/en/agency"],"weight":0.2152799999999982,"degrees":[289,96,4713,507]},"num_concepts_raised":47227},{"base_id":327,"kind":"bot_words","i1":2,"i2":6,"sol":{"path":["/c/en/cruelty","/c/en/abuse","/c/en/person","/c/en/hen"],"weight":0.21305999999999944,"degrees":[289,844,12935,564]},"num_concepts_raised":75558},{"base_id":327,"kind":"bot_words","i1":2,"i2":7,"sol":{"path":["/c/en/cruelty","/c/en/cruel","/c/en/slang","/c/en/plant","/c/en/salvinorin"],"weight":0.2121599999999994,"degrees":[289,567,16318,7959,41]},"num_concepts_raised":24278},{"base_id":327,"kind":"bot_words","i1":2,"i2":8,"sol":{"path":["/c/en/cruelty","/c/fr/cruauté","/c/fr/plaisir","/c/fr/localités","/c/en/clayton"],"weight":0.20909999999999956,"degrees":[289,96,468,110113,30]},"num_concepts_raised":121984},{"base_id":327,"kind":"bot_words","i1":2,"i2":9,"sol":{"path":["/c/en/cruelty","/c/en/mean","/c/en/number","/c/en/count"],"weight":0.22735999999999823,"degrees":[289,1314,2301,1218]},"num_concepts_raised":102878},{"base_id":327,"kind":"bot_words","i1":3,"i2":4,"sol":{"path":["/c/en/ionosphere","/c/en/sphere","/c/en/influence","/c/en/stupefied","/c/en/dumbfounded"],"weight":0.2119200000000001,"degrees":[179,859,1115,93,129]},"num_concepts_raised":4884},{"base_id":327,"kind":"bot_words","i1":3,"i2":5,"sol":{"path":["/c/en/ionosphere","/c/en/region","/c/en/central","/c/en/agency"],"weight":0.21563999999999897,"degrees":[179,1382,548,507]},"num_concepts_raised":42198},{"base_id":327,"kind":"bot_words","i1":3,"i2":6,"sol":{"path":["/c/en/ionosphere","/c/en/sphere","/c/en/egg","/c/en/hen"],"weight":0.2204300000000002,"degrees":[179,859,1565,564]},"num_concepts_raised":70556},{"base_id":327,"kind":"bot_words","i1":3,"i2":7,"sol":{"path":["/c/en/ionosphere","/c/lv/jonosfēra","/c/en/astronomy","/c/en/active","/c/en/salvinorin"],"weight":0.2176900000000002,"degrees":[179,6,4553,789,41]},"num_concepts_raised":18894},{"base_id":327,"kind":"bot_words","i1":3,"i2":8,"sol":{"path":["/c/en/ionosphere","/c/en/region","/c/en/placename","/c/en/clayton"],"weight":0.2106200000000003,"degrees":[179,1382,124,30]},"num_concepts_raised":116572},{"base_id":327,"kind":"bot_words","i1":3,"i2":9,"sol":{"path":["/c/en/ionosphere","/c/en/region","/c/en/rank","/c/en/count"],"weight":0.22702999999999904,"degrees":[179,1382,1403,1218]},"num_concepts_raised":98113},{"base_id":327,"kind":"bot_words","i1":4,"i2":5,"sol":{"path":["/c/en/dumbfounded","/c/en/stunned","/c/en/act","/c/en/agency"],"weight":0.2104899999999984,"degrees":[129,141,2503,507]},"num_concepts_raised":40739},{"base_id":327,"kind":"bot_words","i1":4,"i2":6,"sol":{"path":["/c/en/dumbfounded","/c/fr/abasourdi","/c/en/loud","/c/en/chicken","/c/en/hen"],"weight":0.21779999999999958,"degrees":[129,82,686,1689,564]},"num_concepts_raised":69071},{"base_id":327,"kind":"bot_words","i1":4,"i2":7,"sol":{"path":["/c/en/dumbfounded","/c/en/dumbfound","/c/la/defigo","/c/en/plant","/c/en/salvinorin"],"weight":0.20999999999999958,"degrees":[129,78,117,7959,41]},"num_concepts_raised":17325},{"base_id":327,"kind":"bot_words","i1":4,"i2":8,"sol":{"path":["/c/en/dumbfounded","/c/en/dazed","/c/en/state","/c/en/alabama","/c/en/clayton"],"weight":0.20404999999999973,"degrees":[129,115,3243,496,30]},"num_concepts_raised":114993},{"base_id":327,"kind":"bot_words","i1":4,"i2":9,"sol":{"path":["/c/en/dumbfounded","/c/en/stunned","/c/en/act","/c/en/count"],"weight":0.21958999999999845,"degrees":[129,141,2503,1218]},"num_concepts_raised":96761},{"base_id":327,"kind":"bot_words","i1":5,"i2":6,"sol":{"path":["/c/en/agency","/c/en/finger","/c/en/chicken","/c/en/hen"],"weight":0.22067999999999843,"degrees":[507,1738,1689,564]},"num_concepts_raised":104400},{"base_id":327,"kind":"bot_words","i1":5,"i2":7,"sol":{"path":["/c/en/agency","/c/en/agent","/c/en/drug","/c/en/salvinorin"],"weight":0.2153499999999985,"degrees":[507,1019,4920,41]},"num_concepts_raised":54309},{"base_id":327,"kind":"bot_words","i1":5,"i2":8,"sol":{"path":["/c/en/agency","/c/en/government","/c/en/county_seat","/c/en/clayton"],"weight":0.2083899999999986,"degrees":[507,2046,2497,30]},"num_concepts_raised":152278},{"base_id":327,"kind":"bot_words","i1":5,"i2":9,"sol":{"path":["/c/en/agency","/c/en/act","/c/en/count"],"weight":0.203,"degrees":[507,2503,1218]},"num_concepts_raised":1365},{"base_id":327,"kind":"bot_words","i1":6,"i2":7,"sol":{"path":["/c/en/hen","/c/en/person","/c/en/plant","/c/en/salvinorin"],"weight":0.21524999999999972,"degrees":[564,12935,7959,41]},"num_concepts_raised":82546},{"base_id":327,"kind":"bot_words","i1":6,"i2":8,"sol":{"path":["/c/en/hen","/c/fr/poule","/c/fr/localités","/c/en/clayton"],"weight":0.21468999999999983,"degrees":[564,458,110113,30]},"num_concepts_raised":180480},{"base_id":327,"kind":"bot_words","i1":6,"i2":9,"sol":{"path":["/c/en/hen","/c/en/male","/c/en/count"],"weight":0.202,"degrees":[564,2222,1218]},"num_concepts_raised":1328},{"base_id":327,"kind":"bot_words","i1":7,"i2":8,"sol":{"path":["/c/en/salvinorin","/c/en/mexican","/c/en/mexico","/c/en/county_seat","/c/en/clayton"],"weight":0.20800999999999983,"degrees":[41,207,1283,2497,30]},"num_concepts_raised":128999},{"base_id":327,"kind":"bot_words","i1":7,"i2":9,"sol":{"path":["/c/en/salvinorin","/c/en/plant","/c/en/matter","/c/en/count"],"weight":0.22448999999999852,"degrees":[41,7959,1318,1218]},"num_concepts_raised":109958},{"base_id":327,"kind":"bot_words","i1":8,"i2":9,"sol":{"path":["/c/en/clayton","/c/en/barbour_county","/c/en/county","/c/en/count"],"weight":0.2201599999999987,"degrees":[30,14,714,1218]},"num_concepts_raised":208116}],[{"base_id":327,"kind":"top_words","i1":0,"i2":1,"sol":{"path":["/c/en/peseta","/c/en/currency","/c/en/eurocurrency","/c/en/eurodollar"],"weight":0.21202999999999994,"degrees":[102,877,20,30]},"num_concepts_raised":13494},{"base_id":327,"kind":"top_words","i1":0,"i2":2,"sol":{"path":["/c/en/peseta","/c/en/currency","/c/en/bald_eagle","/c/en/british_columbia","/c/en/coquitlam"],"weight":0.21610999999999983,"degrees":[102,877,264,321,35]},"num_concepts_raised":7398},{"base_id":327,"kind":"top_words","i1":0,"i2":3,"sol":{"path":["/c/en/peseta","/c/en/currency","/c/en/change","/c/en/oxidize","/c/it/ossidante","/c/en/oxidant"],"weight":0.22052169999999965,"degrees":[102,877,3383,142,12,57]},"num_concepts_raised":283977},{"base_id":327,"kind":"top_words","i1":0,"i2":4,"sol":{"path":["/c/en/peseta","/c/en/currency","/c/en/lira","/c/en/cyprus","/c/en/cypriot"],"weight":0.21277999999999977,"degrees":[102,877,134,313,86]},"num_concepts_raised":17978},{"base_id":327,"kind":"top_words","i1":0,"i2":5,"sol":{"path":["/c/en/peseta","/c/es/duro","/c/en/offensive","/c/en/lop"],"weight":0.20997999999999972,"degrees":[102,58,1669,118]},"num_concepts_raised":43320},{"base_id":327,"kind":"top_words","i1":0,"i2":6,"sol":{"path":["/c/en/peseta","/c/en/currency","/c/fa/سامان","/c/en/city","/c/en/xichang"],"weight":0.21822999999999987,"degrees":[102,877,55,3758,34]},"num_concepts_raised":8235},{"base_id":327,"kind":"top_words","i1":0,"i2":7,"sol":{"path":["/c/en/peseta","/c/en/currency","/c/en/paper","/c/en/textile","/c/en/angora"],"weight":0.21125999999999984,"degrees":[102,877,2080,385,47]},"num_concepts_raised":6257},{"base_id":327,"kind":"top_words","i1":0,"i2":8,"sol":{"path":["/c/en/peseta","/c/en/currency","/c/en/more","/c/en/person","/c/en/aristides"],"weight":0.2161399999999998,"degrees":[102,877,2301,12935,43]},"num_concepts_raised":14359},{"base_id":327,"kind":"top_words","i1":0,"i2":9,"sol":{"path":["/c/en/peseta","/c/en/currency","/c/en/dirham","/c/en/turkish"],"weight":0.21351999999999943,"degrees":[102,877,58,218]},"num_concepts_raised":22045},{"base_id":327,"kind":"top_words","i1":1,"i2":2,"sol":{"path":["/c/en/eurodollar","/c/en/bank","/c/en/city","/c/en/coquitlam"],"weight":0.20786999999999986,"degrees":[30,1660,3758,35]},"num_concepts_raised":16204},{"base_id":327,"kind":"top_words","i1":1,"i2":3,"sol":{"path":["/c/en/eurodollar","/c/en/united_states","/c/en/state","/c/en/oxide","/c/en/oxidant"],"weight":0.20323999999999992,"degrees":[30,1636,3243,654,57]},"num_concepts_raised":12558},{"base_id":327,"kind":"top_words","i1":1,"i2":4,"sol":{"path":["/c/en/eurodollar","/c/en/us","/c/en/greek","/c/en/cypriot"],"weight":0.2034499999999998,"degrees":[30,8154,647,86]},"num_concepts_raised":26963},{"base_id":327,"kind":"top_words","i1":1,"i2":5,"sol":{"path":["/c/en/eurodollar","/c/en/us","/c/en/lop"],"weight":0.202,"degrees":[30,8154,118]},"num_concepts_raised":126},{"base_id":327,"kind":"top_words","i1":1,"i2":6,"sol":{"path":["/c/en/eurodollar","/c/en/bank","/c/en/city","/c/en/xichang"],"weight":0.2100199999999999,"degrees":[30,1660,3758,34]},"num_concepts_raised":17399},{"base_id":327,"kind":"top_words","i1":1,"i2":7,"sol":{"path":["/c/en/eurodollar","/c/en/us","/c/en/rabbit","/c/en/angora"],"weight":0.20297999999999988,"degrees":[30,8154,1102,47]},"num_concepts_raised":15587},{"base_id":327,"kind":"top_words","i1":1,"i2":8,"sol":{"path":["/c/en/eurodollar","/c/en/bank","/c/en/human","/c/en/person","/c/en/aristides"],"weight":0.20794999999999986,"degrees":[30,1660,2645,12935,43]},"num_concepts_raised":23574},{"base_id":327,"kind":"top_words","i1":1,"i2":9,"sol":{"path":["/c/en/eurodollar","/c/en/us","/c/en/turk","/c/en/turkish"],"weight":0.20777999999999947,"degrees":[30,8154,162,218]},"num_concepts_raised":31156},{"base_id":327,"kind":"top_words","i1":2,"i2":3,"sol":{"path":["/c/en/coquitlam","/c/en/city","/c/en/water","/c/en/hydrogen_peroxide","/c/en/oxidant"],"weight":0.20830999999999988,"degrees":[35,3758,4606,203,57]},"num_concepts_raised":6398},{"base_id":327,"kind":"top_words","i1":2,"i2":4,"sol":{"path":["/c/en/coquitlam","/c/en/city","/c/en/nicosia","/c/en/cyprus","/c/en/cypriot"],"weight":0.20965999999999974,"degrees":[35,3758,168,313,86]},"num_concepts_raised":21175},{"base_id":327,"kind":"top_words","i1":2,"i2":5,"sol":{"path":["/c/en/coquitlam","/c/en/canada","/c/en/trunk","/c/en/lop"],"weight":0.2088399999999997,"degrees":[35,2402,822,118]},"num_concepts_raised":46037},{"base_id":327,"kind":"top_words","i1":2,"i2":6,"sol":{"path":["/c/en/coquitlam","/c/en/city","/c/en/xichang"],"weight":0.20700000000000002,"degrees":[35,3758,34]},"num_concepts_raised":61},{"base_id":327,"kind":"top_words","i1":2,"i2":7,"sol":{"path":["/c/en/coquitlam","/c/en/city","/c/en/ankara","/c/en/angora"],"weight":0.2081199999999998,"degrees":[35,3758,213,47]},"num_concepts_raised":9506},{"base_id":327,"kind":"top_words","i1":2,"i2":8,"sol":{"path":["/c/en/coquitlam","/c/en/city","/c/en/human","/c/en/person","/c/en/aristides"],"weight":0.21300999999999976,"degrees":[35,3758,2645,12935,43]},"num_concepts_raised":17578},{"base_id":327,"kind":"top_words","i1":2,"i2":9,"sol":{"path":["/c/en/coquitlam","/c/en/canada","/c/fr/habitant","/c/fr/turc","/c/en/turkish"],"weight":0.21401999999999938,"degrees":[35,2402,3560,228,218]},"num_concepts_raised":25191},{"base_id":327,"kind":"top_words","i1":3,"i2":4,"sol":{"path":["/c/en/oxidant","/c/en/oxide","/c/en/state","/c/en/cyprus","/c/en/cypriot"],"weight":0.20496999999999982,"degrees":[57,654,3243,313,86]},"num_concepts_raised":16974},{"base_id":327,"kind":"top_words","i1":3,"i2":5,"sol":{"path":["/c/en/oxidant","/c/en/oxidizing_agent","/c/en/reduce","/c/en/cut","/c/en/lop"],"weight":0.2058299999999998,"degrees":[57,106,1258,2951,118]},"num_concepts_raised":42388},{"base_id":327,"kind":"top_words","i1":3,"i2":6,"sol":{"path":["/c/en/oxidant","/c/en/hydrogen_peroxide","/c/en/water","/c/en/city","/c/en/xichang"],"weight":0.21044999999999991,"degrees":[57,203,4606,3758,34]},"num_concepts_raised":7229},{"base_id":327,"kind":"top_words","i1":3,"i2":7,"sol":{"path":["/c/en/oxidant","/c/en/hydrogen_peroxide","/c/en/hair","/c/en/angora"],"weight":0.20346999999999987,"degrees":[57,203,2126,47]},"num_concepts_raised":5221},{"base_id":327,"kind":"top_words","i1":3,"i2":8,"sol":{"path":["/c/en/oxidant","/c/en/hydrogen_peroxide","/c/en/water","/c/en/person","/c/en/aristides"],"weight":0.20835999999999982,"degrees":[57,203,4606,12935,43]},"num_concepts_raised":13340},{"base_id":327,"kind":"top_words","i1":3,"i2":9,"sol":{"path":["/c/en/oxidant","/c/en/oxide","/c/en/kassite","/c/en/language","/c/en/turkish"],"weight":0.20578999999999947,"degrees":[57,654,27,4160,218]},"num_concepts_raised":21057},{"base_id":327,"kind":"top_words","i1":4,"i2":5,"sol":{"path":["/c/en/cypriot","/c/en/dialect","/c/en/snead","/c/en/lop"],"weight":0.20550999999999964,"degrees":[86,2378,36,118]},"num_concepts_raised":56152},{"base_id":327,"kind":"top_words","i1":4,"i2":6,"sol":{"path":["/c/en/cypriot","/c/en/person","/c/en/china","/c/en/xichang"],"weight":0.20857999999999977,"degrees":[86,12935,1318,34]},"num_concepts_raised":22004},{"base_id":327,"kind":"top_words","i1":4,"i2":7,"sol":{"path":["/c/en/cypriot","/c/en/cyprian","/c/en/woman","/c/en/hair","/c/en/angora"],"weight":0.20479999999999973,"degrees":[86,71,3510,2126,47]},"num_concepts_raised":20030},{"base_id":327,"kind":"top_words","i1":4,"i2":8,"sol":{"path":["/c/en/cypriot","/c/en/person","/c/en/aristides"],"weight":0.20400000000000001,"degrees":[86,12935,43]},"num_concepts_raised":115},{"base_id":327,"kind":"top_words","i1":4,"i2":9,"sol":{"path":["/c/en/cypriot","/c/en/person","/c/en/turkish"],"weight":0.202,"degrees":[86,12935,218]},"num_concepts_raised":258},{"base_id":327,"kind":"top_words","i1":5,"i2":6,"sol":{"path":["/c/en/lop","/c/en/slang","/c/en/geography","/c/en/xichang"],"weight":0.20899999999999974,"degrees":[118,16318,1915,34]},"num_concepts_raised":47219},{"base_id":327,"kind":"top_words","i1":5,"i2":7,"sol":{"path":["/c/en/lop","/c/en/rabbit","/c/en/angora"],"weight":0.203,"degrees":[118,1102,47]},"num_concepts_raised":144},{"base_id":327,"kind":"top_words","i1":5,"i2":8,"sol":{"path":["/c/en/lop","/c/en/cripple","/c/en/person","/c/en/aristides"],"weight":0.20891999999999966,"degrees":[118,275,12935,43]},"num_concepts_raised":52918},{"base_id":327,"kind":"top_words","i1":5,"i2":9,"sol":{"path":["/c/en/lop","/c/en/slang","/c/en/turk","/c/en/turkish"],"weight":0.2089399999999993,"degrees":[118,16318,162,218]},"num_concepts_raised":60357},{"base_id":327,"kind":"top_words","i1":6,"i2":7,"sol":{"path":["/c/en/xichang","/c/en/city","/c/en/ankara","/c/en/angora"],"weight":0.21025999999999984,"degrees":[34,3758,213,47]},"num_concepts_raised":10344},{"base_id":327,"kind":"top_words","i1":6,"i2":8,"sol":{"path":["/c/en/xichang","/c/en/china","/c/en/person","/c/en/aristides"],"weight":0.21302999999999978,"degrees":[34,1318,12935,43]},"num_concepts_raised":18413},{"base_id":327,"kind":"top_words","i1":6,"i2":9,"sol":{"path":["/c/en/xichang","/c/en/china","/c/en/person","/c/en/turkish"],"weight":0.2103899999999994,"degrees":[34,1318,12935,218]},"num_concepts_raised":26007},{"base_id":327,"kind":"top_words","i1":7,"i2":8,"sol":{"path":["/c/en/angora","/c/en/angora_goat","/c/en/goat","/c/en/person","/c/en/aristides"],"weight":0.20910999999999974,"degrees":[47,9,1071,12935,43]},"num_concepts_raised":16417},{"base_id":327,"kind":"top_words","i1":7,"i2":9,"sol":{"path":["/c/en/angora","/c/en/ankara","/c/en/turkey","/c/en/turkish"],"weight":0.20574999999999938,"degrees":[47,213,1157,218]},"num_concepts_raised":24071},{"base_id":327,"kind":"top_words","i1":8,"i2":9,"sol":{"path":["/c/en/aristides","/c/en/person","/c/en/turkish"],"weight":0.20400000000000001,"degrees":[43,12935,218]},"num_concepts_raised":220}]]