[[{"base_id":881,"kind":"bot_words","i1":0,"i2":1,"sol":{"path":["/c/en/sexuality","/c/en/sex","/c/en/slang","/c/en/cheese"],"weight":0.23712999999999962,"degrees":[336,1592,16318,1320]},"num_concepts_raised":88497},{"base_id":881,"kind":"bot_words","i1":0,"i2":2,"sol":{"path":["/c/en/sexuality","/c/en/activity","/c/en/read","/c/en/peruse"],"weight":0.2078999999999987,"degrees":[336,1154,1419,88]},"num_concepts_raised":22617},{"base_id":881,"kind":"bot_words","i1":0,"i2":3,"sol":{"path":["/c/en/sexuality","/c/en/persecution","/c/en/subjugate","/c/en/vanquish"],"weight":0.20732999999999874,"degrees":[336,178,197,138]},"num_concepts_raised":22815},{"base_id":881,"kind":"bot_words","i1":0,"i2":4,"sol":{"path":["/c/en/sexuality","/c/es/punto_g","/c/en/anatomy","/c/en/aorta"],"weight":0.21504999999999908,"degrees":[336,8,12775,243]},"num_concepts_raised":33875},{"base_id":881,"kind":"bot_words","i1":0,"i2":5,"sol":{"path":["/c/en/sexuality","/c/en/sex","/c/en/milan","/c/en/italy","/c/en/padua"],"weight":0.20880999999999889,"degrees":[336,1592,82,885,37]},"num_concepts_raised":14337},{"base_id":881,"kind":"bot_words","i1":0,"i2":6,"sol":{"path":["/c/en/sexuality","/c/en/sexual","/c/en/discipline","/c/en/historical","/c/en/hoplite"],"weight":0.2086499999999989,"degrees":[336,1042,733,8415,46]},"num_concepts_raised":26466},{"base_id":881,"kind":"bot_words","i1":0,"i2":7,"sol":{"path":["/c/en/sexuality","/c/en/andropause","/c/fr/médecine","/c/en/autoclave"],"weight":0.20664999999999872,"degrees":[336,29,9990,80]},"num_concepts_raised":33918},{"base_id":881,"kind":"bot_words","i1":0,"i2":8,"sol":{"path":["/c/en/sexuality","/c/en/sex","/c/en/gene","/c/en/allele"],"weight":0.21052999999999877,"degrees":[336,1592,697,149]},"num_concepts_raised":18673},{"base_id":881,"kind":"bot_words","i1":0,"i2":9,"sol":{"path":["/c/en/sexuality","/c/en/sex","/c/en/city","/c/en/quito"],"weight":0.21433999999999886,"degrees":[336,1592,3758,140]},"num_concepts_raised":17600},{"base_id":881,"kind":"bot_words","i1":1,"i2":2,"sol":{"path":["/c/en/cheese","/c/en/milk","/c/en/skim","/c/en/peruse"],"weight":0.23514000000000046,"degrees":[1320,1939,246,88]},"num_concepts_raised":85454},{"base_id":881,"kind":"bot_words","i1":1,"i2":3,"sol":{"path":["/c/en/cheese","/c/en/food","/c/en/beat","/c/en/vanquish"],"weight":0.23485000000000053,"degrees":[1320,4281,1834,138]},"num_concepts_raised":85676},{"base_id":881,"kind":"bot_words","i1":1,"i2":4,"sol":{"path":["/c/en/cheese","/c/en/vein","/c/en/artery","/c/en/aorta"],"weight":0.24216000000000087,"degrees":[1320,969,635,243]},"num_concepts_raised":96431},{"base_id":881,"kind":"bot_words","i1":1,"i2":5,"sol":{"path":["/c/en/cheese","/c/en/wine","/c/en/italy","/c/en/padua"],"weight":0.23064000000000068,"degrees":[1320,1776,885,37]},"num_concepts_raised":77633},{"base_id":881,"kind":"bot_words","i1":1,"i2":6,"sol":{"path":["/c/en/cheese","/c/en/milk","/c/en/dory","/c/en/hoplite"],"weight":0.2345800000000007,"degrees":[1320,1939,63,46]},"num_concepts_raised":89163},{"base_id":881,"kind":"bot_words","i1":1,"i2":7,"sol":{"path":["/c/en/cheese","/c/en/food","/c/en/cooking","/c/en/autoclave"],"weight":0.23276000000000052,"degrees":[1320,4281,1401,80]},"num_concepts_raised":96490},{"base_id":881,"kind":"bot_words","i1":1,"i2":8,"sol":{"path":["/c/en/cheese","/c/en/slang","/c/en/a","/c/en/allele"],"weight":0.23345000000000055,"degrees":[1320,16318,1436,149]},"num_concepts_raised":81848},{"base_id":881,"kind":"bot_words","i1":1,"i2":9,"sol":{"path":["/c/en/cheese","/c/en/food","/c/en/ecuador","/c/en/quito"],"weight":0.24077000000000065,"degrees":[1320,4281,367,140]},"num_concepts_raised":80676},{"base_id":881,"kind":"bot_words","i1":2,"i2":3,"sol":{"path":["/c/en/peruse","/c/en/regional","/c/ro/suvoalbe","/c/en/vanquish"],"weight":0.20464999999999955,"degrees":[88,2320,16,138]},"num_concepts_raised":18946},{"base_id":881,"kind":"bot_words","i1":2,"i2":4,"sol":{"path":["/c/en/peruse","/c/en/read","/c/en/blood","/c/en/artery","/c/en/aorta"],"weight":0.21733999999999992,"degrees":[88,1419,2253,635,243]},"num_concepts_raised":30007},{"base_id":881,"kind":"bot_words","i1":2,"i2":5,"sol":{"path":["/c/en/peruse","/c/en/read","/c/fr/localités","/c/fr/padoue","/c/en/padua"],"weight":0.2068299999999997,"degrees":[88,1419,110113,167,37]},"num_concepts_raised":10406},{"base_id":881,"kind":"bot_words","i1":2,"i2":6,"sol":{"path":["/c/en/peruse","/c/fr/examiner","/c/fr/passer","/c/fr/histoire","/c/en/hoplite"],"weight":0.20577999999999974,"degrees":[88,517,1209,4439,46]},"num_concepts_raised":22583},{"base_id":881,"kind":"bot_words","i1":2,"i2":7,"sol":{"path":["/c/en/peruse","/c/en/reading","/c/en/process","/c/en/autoclave"],"weight":0.20417999999999958,"degrees":[88,1039,1571,80]},"num_concepts_raised":30067},{"base_id":881,"kind":"bot_words","i1":2,"i2":8,"sol":{"path":["/c/en/peruse","/c/en/perusal","/c/en/readthrough","/c/en/genetics","/c/en/allele"],"weight":0.20888999999999963,"degrees":[88,60,16,1987,149]},"num_concepts_raised":14833},{"base_id":881,"kind":"bot_words","i1":2,"i2":9,"sol":{"path":["/c/en/peruse","/c/en/reading","/c/fr/ville","/c/fr/quito","/c/en/quito"],"weight":0.21514999999999967,"degrees":[88,1039,8696,79,140]},"num_concepts_raised":13696},{"base_id":881,"kind":"bot_words","i1":3,"i2":4,"sol":{"path":["/c/en/vanquish","/c/en/beat","/c/en/heart","/c/en/artery","/c/en/aorta"],"weight":0.21830999999999998,"degrees":[138,1834,1857,635,243]},"num_concepts_raised":30195},{"base_id":881,"kind":"bot_words","i1":3,"i2":5,"sol":{"path":["/c/en/vanquish","/c/fr/sport","/c/fr/poule","/c/fr/padoue","/c/en/padua"],"weight":0.20619999999999972,"degrees":[138,2171,458,167,37]},"num_concepts_raised":10599},{"base_id":881,"kind":"bot_words","i1":3,"i2":6,"sol":{"path":["/c/en/vanquish","/c/en/tropæum","/c/en/historical","/c/en/hoplite"],"weight":0.20424999999999977,"degrees":[138,23,8415,46]},"num_concepts_raised":22793},{"base_id":881,"kind":"bot_words","i1":3,"i2":7,"sol":{"path":["/c/en/vanquish","/c/en/beat","/c/en/cooking","/c/en/autoclave"],"weight":0.20611999999999964,"degrees":[138,1834,1401,80]},"num_concepts_raised":30263},{"base_id":881,"kind":"bot_words","i1":3,"i2":8,"sol":{"path":["/c/en/vanquish","/c/en/beat","/c/en/knockout","/c/en/gene","/c/en/allele"],"weight":0.20836999999999967,"degrees":[138,1834,106,697,149]},"num_concepts_raised":15032},{"base_id":881,"kind":"bot_words","i1":3,"i2":9,"sol":{"path":["/c/en/vanquish","/c/en/beat","/c/en/food","/c/en/ecuador","/c/en/quito"],"weight":0.21419999999999972,"degrees":[138,1834,4281,367,140]},"num_concepts_raised":13900},{"base_id":881,"kind":"bot_words","i1":4,"i2":5,"sol":{"path":["/c/en/aorta","/c/en/anatomy","/c/en/axis","/c/en/italy","/c/en/padua"],"weight":0.21299000000000012,"degrees":[243,12775,735,885,37]},"num_concepts_raised":21575},{"base_id":881,"kind":"bot_words","i1":4,"i2":6,"sol":{"path":["/c/en/aorta","/c/en/artery","/c/en/blood","/c/en/historical","/c/en/hoplite"],"weight":0.21573000000000014,"degrees":[243,635,2253,8415,46]},"num_concepts_raised":33820},{"base_id":881,"kind":"bot_words","i1":4,"i2":7,"sol":{"path":["/c/en/aorta","/c/en/artery","/c/en/vessel","/c/en/autoclave"],"weight":0.21610999999999997,"degrees":[243,635,1376,80]},"num_concepts_raised":41029},{"base_id":881,"kind":"bot_words","i1":4,"i2":8,"sol":{"path":["/c/en/aorta","/c/en/artery","/c/en/a","/c/en/allele"],"weight":0.21698,"degrees":[243,635,1436,149]},"num_concepts_raised":26023},{"base_id":881,"kind":"bot_words","i1":4,"i2":9,"sol":{"path":["/c/en/aorta","/c/en/artery","/c/en/road","/c/en/city","/c/en/quito"],"weight":0.22209000000000007,"degrees":[243,635,1871,3758,140]},"num_concepts_raised":24882},{"base_id":881,"kind":"bot_words","i1":5,"i2":6,"sol":{"path":["/c/en/padua","/c/fr/padoue","/c/fr/commune","/c/fr/histoire","/c/en/hoplite"],"weight":0.2051999999999999,"degrees":[37,167,68932,4439,46]},"num_concepts_raised":14197},{"base_id":881,"kind":"bot_words","i1":5,"i2":7,"sol":{"path":["/c/en/padua","/c/en/italy","/c/en/line","/c/en/process","/c/en/autoclave"],"weight":0.20451999999999976,"degrees":[37,885,3018,1571,80]},"num_concepts_raised":21736},{"base_id":881,"kind":"bot_words","i1":5,"i2":8,"sol":{"path":["/c/en/padua","/c/en/italy","/c/en/line","/c/en/genetics","/c/en/allele"],"weight":0.2062699999999998,"degrees":[37,885,3018,1987,149]},"num_concepts_raised":6406},{"base_id":881,"kind":"bot_words","i1":5,"i2":9,"sol":{"path":["/c/en/padua","/c/fr/padoue","/c/fr/ville","/c/fr/quito","/c/en/quito"],"weight":0.21654999999999985,"degrees":[37,167,8696,79,140]},"num_concepts_raised":5233},{"base_id":881,"kind":"bot_words","i1":6,"i2":7,"sol":{"path":["/c/en/hoplite","/c/en/historical","/c/fr/étuve","/c/en/autoclave"],"weight":0.2036399999999998,"degrees":[46,8415,103,80]},"num_concepts_raised":33895},{"base_id":881,"kind":"bot_words","i1":6,"i2":8,"sol":{"path":["/c/en/hoplite","/c/en/historical","/c/en/a","/c/en/allele"],"weight":0.2045699999999998,"degrees":[46,8415,1436,149]},"num_concepts_raised":18681},{"base_id":881,"kind":"bot_words","i1":6,"i2":9,"sol":{"path":["/c/en/hoplite","/c/fr/histoire","/c/fr/ville","/c/fr/quito","/c/en/quito"],"weight":0.21460999999999988,"degrees":[46,4439,8696,79,140]},"num_concepts_raised":17403},{"base_id":881,"kind":"bot_words","i1":7,"i2":8,"sol":{"path":["/c/en/autoclave","/c/en/auto","/c/en/allo","/c/en/allele"],"weight":0.20492999999999967,"degrees":[80,185,28,149]},"num_concepts_raised":26115},{"base_id":881,"kind":"bot_words","i1":7,"i2":9,"sol":{"path":["/c/en/autoclave","/c/en/cooking","/c/en/food","/c/en/ecuador","/c/en/quito"],"weight":0.21210999999999974,"degrees":[80,1401,4281,367,140]},"num_concepts_raised":25034},{"base_id":881,"kind":"bot_words","i1":8,"i2":9,"sol":{"path":["/c/en/allele","/c/en/a","/c/en/country","/c/en/ecuador","/c/en/quito"],"weight":0.21306999999999976,"degrees":[149,1436,2796,367,140]},"num_concepts_raised":9712}],[{"base_id":881,"kind":"top_words","i1":0,"i2":1,"sol":{"path":["/c/en/leningrad","/c/en/historical","/c/en/line","/c/en/fencer"],"weight":0.20441999999999994,"degrees":[71,8415,3018,109]},"num_concepts_raised":14461},{"base_id":881,"kind":"top_words","i1":0,"i2":2,"sol":{"path":["/c/en/leningrad","/c/en/historical","/c/en/period","/c/en/truce","/c/en/armistice"],"weight":0.20839,"degrees":[71,8415,1523,152,162]},"num_concepts_raised":11323},{"base_id":881,"kind":"top_words","i1":0,"i2":3,"sol":{"path":["/c/en/leningrad","/c/en/historical","/c/en/manchuria"],"weight":0.20400000000000001,"degrees":[71,8415,173]},"num_concepts_raised":171},{"base_id":881,"kind":"top_words","i1":0,"i2":4,"sol":{"path":["/c/en/leningrad","/c/en/russia","/c/ain/モシㇼ","/c/en/island","/c/en/guadalcanal"],"weight":0.21586000000000002,"degrees":[71,984,8,1660,104]},"num_concepts_raised":13881},{"base_id":881,"kind":"top_words","i1":0,"i2":5,"sol":{"path":["/c/en/leningrad","/c/en/historical","/c/en/anschluss"],"weight":0.202,"degrees":[71,8415,32]},"num_concepts_raised":90},{"base_id":881,"kind":"top_words","i1":0,"i2":6,"sol":{"path":["/c/en/leningrad","/c/fr/léningrad","/c/fr/histoire","/c/en/bolshevik"],"weight":0.20542999999999983,"degrees":[71,33,4439,96]},"num_concepts_raised":18869},{"base_id":881,"kind":"top_words","i1":0,"i2":7,"sol":{"path":["/c/en/leningrad","/c/en/russia","/c/en/country","/c/en/us","/c/en/roosevelt"],"weight":0.2033799999999999,"degrees":[71,984,2796,8154,30]},"num_concepts_raised":18199},{"base_id":881,"kind":"top_words","i1":0,"i2":8,"sol":{"path":["/c/en/leningrad","/c/en/historical","/c/en/noble","/c/en/august"],"weight":0.2179900000000003,"degrees":[71,8415,871,510]},"num_concepts_raised":20046},{"base_id":881,"kind":"top_words","i1":0,"i2":9,"sol":{"path":["/c/en/leningrad","/c/en/historical","/c/en/comintern"],"weight":0.202,"degrees":[71,8415,42]},"num_concepts_raised":97},{"base_id":881,"kind":"top_words","i1":1,"i2":2,"sol":{"path":["/c/en/fencer","/c/en/line","/c/fi/aselepolinja","/c/en/armistice"],"weight":0.20585000000000006,"degrees":[109,3018,3,162]},"num_concepts_raised":6804},{"base_id":881,"kind":"top_words","i1":1,"i2":3,"sol":{"path":["/c/en/fencer","/c/en/line","/c/en/state","/c/en/manchuria"],"weight":0.2115500000000003,"degrees":[109,3018,3243,173]},"num_concepts_raised":17683},{"base_id":881,"kind":"top_words","i1":1,"i2":4,"sol":{"path":["/c/en/fencer","/c/en/fence","/c/en/surround","/c/en/island","/c/en/guadalcanal"],"weight":0.21636000000000008,"degrees":[109,962,587,1660,104]},"num_concepts_raised":9450},{"base_id":881,"kind":"top_words","i1":1,"i2":5,"sol":{"path":["/c/en/fencer","/c/en/line","/c/en/historical","/c/en/anschluss"],"weight":0.20379999999999993,"degrees":[109,3018,8415,32]},"num_concepts_raised":14021},{"base_id":881,"kind":"top_words","i1":1,"i2":6,"sol":{"path":["/c/en/fencer","/c/en/blunt","/c/en/uk","/c/en/bolshie","/c/en/bolshevik"],"weight":0.20573999999999992,"degrees":[109,489,5562,44,96]},"num_concepts_raised":14577},{"base_id":881,"kind":"top_words","i1":1,"i2":7,"sol":{"path":["/c/en/fencer","/c/en/fencing","/c/en/wall","/c/en/us","/c/en/roosevelt"],"weight":0.20413999999999996,"degrees":[109,596,1673,8154,30]},"num_concepts_raised":13847},{"base_id":881,"kind":"top_words","i1":1,"i2":8,"sol":{"path":["/c/en/fencer","/c/en/combatant","/c/en/royal","/c/la/augustus","/c/en/august"],"weight":0.22156000000000037,"degrees":[109,140,720,150,510]},"num_concepts_raised":15641},{"base_id":881,"kind":"top_words","i1":1,"i2":9,"sol":{"path":["/c/en/fencer","/c/en/line","/c/en/historical","/c/en/comintern"],"weight":0.20397999999999994,"degrees":[109,3018,8415,42]},"num_concepts_raised":14457},{"base_id":881,"kind":"top_words","i1":2,"i2":3,"sol":{"path":["/c/en/armistice","/c/en/peace","/c/en/state","/c/en/manchuria"],"weight":0.21260000000000034,"degrees":[162,1125,3243,173]},"num_concepts_raised":14546},{"base_id":881,"kind":"top_words","i1":2,"i2":4,"sol":{"path":["/c/en/armistice","/c/en/peace","/c/en/battle","/c/en/guadalcanal"],"weight":0.21525000000000014,"degrees":[162,1125,1211,104]},"num_concepts_raised":6288},{"base_id":881,"kind":"top_words","i1":2,"i2":5,"sol":{"path":["/c/en/armistice","/c/en/truce","/c/en/period","/c/en/historical","/c/en/anschluss"],"weight":0.20776999999999995,"degrees":[162,152,1523,8415,32]},"num_concepts_raised":10884},{"base_id":881,"kind":"top_words","i1":2,"i2":6,"sol":{"path":["/c/en/armistice","/c/fr/armistice","/c/fr/hostilité","/c/fr/politique","/c/en/bolshevik"],"weight":0.20951999999999993,"degrees":[162,66,99,3449,96]},"num_concepts_raised":11409},{"base_id":881,"kind":"top_words","i1":2,"i2":7,"sol":{"path":["/c/en/armistice","/c/en/truce","/c/en/bury_hatchet","/c/en/us","/c/en/roosevelt"],"weight":0.20779,"degrees":[162,152,59,8154,30]},"num_concepts_raised":10745},{"base_id":881,"kind":"top_words","i1":2,"i2":8,"sol":{"path":["/c/en/armistice","/c/en/truce","/c/en/period","/c/en/month","/c/en/august"],"weight":0.2246000000000004,"degrees":[162,152,1523,1313,510]},"num_concepts_raised":12519},{"base_id":881,"kind":"top_words","i1":2,"i2":9,"sol":{"path":["/c/en/armistice","/c/en/truce","/c/en/period","/c/en/historical","/c/en/comintern"],"weight":0.20794999999999997,"degrees":[162,152,1523,8415,42]},"num_concepts_raised":11319},{"base_id":881,"kind":"top_words","i1":3,"i2":4,"sol":{"path":["/c/en/manchuria","/c/en/state","/c/en/island","/c/en/guadalcanal"],"weight":0.22293000000000035,"degrees":[173,3243,1660,104]},"num_concepts_raised":17007},{"base_id":881,"kind":"top_words","i1":3,"i2":5,"sol":{"path":["/c/en/manchuria","/c/en/historical","/c/en/anschluss"],"weight":0.20400000000000001,"degrees":[173,8415,32]},"num_concepts_raised":142},{"base_id":881,"kind":"top_words","i1":3,"i2":6,"sol":{"path":["/c/en/manchuria","/c/en/china","/c/en/communist","/c/en/bolshevik"],"weight":0.21154000000000017,"degrees":[173,1318,346,96]},"num_concepts_raised":22048},{"base_id":881,"kind":"top_words","i1":3,"i2":7,"sol":{"path":["/c/en/manchuria","/c/en/state","/c/en/us","/c/en/roosevelt"],"weight":0.21046000000000023,"degrees":[173,3243,8154,30]},"num_concepts_raised":21341},{"base_id":881,"kind":"top_words","i1":3,"i2":8,"sol":{"path":["/c/en/manchuria","/c/en/historical","/c/en/noble","/c/en/august"],"weight":0.22510000000000063,"degrees":[173,8415,871,510]},"num_concepts_raised":23217},{"base_id":881,"kind":"top_words","i1":3,"i2":9,"sol":{"path":["/c/en/manchuria","/c/en/historical","/c/en/comintern"],"weight":0.20400000000000001,"degrees":[173,8415,42]},"num_concepts_raised":149},{"base_id":881,"kind":"top_words","i1":4,"i2":5,"sol":{"path":["/c/en/guadalcanal","/c/en/island","/c/en/tory","/c/en/historical","/c/en/anschluss"],"weight":0.2152,"degrees":[104,1660,70,8415,32]},"num_concepts_raised":13450},{"base_id":881,"kind":"top_words","i1":4,"i2":6,"sol":{"path":["/c/en/guadalcanal","/c/en/world_war_ii","/c/fr/histoire","/c/en/bolshevik"],"weight":0.21399999999999997,"degrees":[104,351,4439,96]},"num_concepts_raised":13974},{"base_id":881,"kind":"top_words","i1":4,"i2":7,"sol":{"path":["/c/en/guadalcanal","/c/en/american","/c/en/us","/c/en/roosevelt"],"weight":0.21309000000000003,"degrees":[104,845,8154,30]},"num_concepts_raised":13318},{"base_id":881,"kind":"top_words","i1":4,"i2":8,"sol":{"path":["/c/en/guadalcanal","/c/en/american","/c/en/a","/c/en/august"],"weight":0.22554000000000043,"degrees":[104,845,1436,510]},"num_concepts_raised":15147},{"base_id":881,"kind":"top_words","i1":4,"i2":9,"sol":{"path":["/c/en/guadalcanal","/c/en/island","/c/en/tory","/c/en/historical","/c/en/comintern"],"weight":0.21538000000000002,"degrees":[104,1660,70,8415,42]},"num_concepts_raised":13892},{"base_id":881,"kind":"top_words","i1":5,"i2":6,"sol":{"path":["/c/en/anschluss","/c/de/anschluss","/c/fr/politique","/c/en/bolshevik"],"weight":0.2047299999999998,"degrees":[32,80,3449,96]},"num_concepts_raised":18456},{"base_id":881,"kind":"top_words","i1":5,"i2":7,"sol":{"path":["/c/en/anschluss","/c/en/annexation","/c/en/united_states","/c/en/us","/c/en/roosevelt"],"weight":0.20278999999999986,"degrees":[32,206,1636,8154,30]},"num_concepts_raised":17765},{"base_id":881,"kind":"top_words","i1":5,"i2":8,"sol":{"path":["/c/en/anschluss","/c/en/historical","/c/en/noble","/c/en/august"],"weight":0.21737000000000026,"degrees":[32,8415,871,510]},"num_concepts_raised":19608},{"base_id":881,"kind":"top_words","i1":5,"i2":9,"sol":{"path":["/c/en/anschluss","/c/en/historical","/c/en/comintern"],"weight":0.202,"degrees":[32,8415,42]},"num_concepts_raised":68},{"base_id":881,"kind":"top_words","i1":6,"i2":7,"sol":{"path":["/c/en/bolshevik","/c/en/red","/c/en/us","/c/en/roosevelt"],"weight":0.20365999999999984,"degrees":[96,1983,8154,30]},"num_concepts_raised":18468},{"base_id":881,"kind":"top_words","i1":6,"i2":8,"sol":{"path":["/c/en/bolshevik","/c/fr/histoire","/c/fr/auguste","/c/en/august"],"weight":0.22029000000000026,"degrees":[96,4439,83,510]},"num_concepts_raised":20243},{"base_id":881,"kind":"top_words","i1":6,"i2":9,"sol":{"path":["/c/en/bolshevik","/c/en/communist","/c/en/comintern"],"weight":0.202,"degrees":[96,346,42]},"num_concepts_raised":117},{"base_id":881,"kind":"top_words","i1":7,"i2":8,"sol":{"path":["/c/en/roosevelt","/c/en/us","/c/en/noble","/c/en/august"],"weight":0.2173400000000003,"degrees":[30,8154,871,510]},"num_concepts_raised":19489},{"base_id":881,"kind":"top_words","i1":7,"i2":9,"sol":{"path":["/c/en/roosevelt","/c/en/surname","/c/en/cognomen","/c/en/historical","/c/en/comintern"],"weight":0.2029299999999999,"degrees":[30,1055,82,8415,42]},"num_concepts_raised":18191},{"base_id":881,"kind":"top_words","i1":8,"i2":9,"sol":{"path":["/c/en/august","/c/en/noble","/c/en/historical","/c/en/comintern"],"weight":0.2175500000000003,"degrees":[510,871,8415,42]},"num_concepts_raised":20047}]]