[[{"base_id":832,"kind":"bot_words","i1":0,"i2":1,"sol":{"path":["/c/en/poetaster","/c/te/కుకవి","/c/en/bad","/c/en/lemon","/c/en/lemongrass"],"weight":0.20598000000000014,"degrees":[41,5,1728,667,82]},"num_concepts_raised":10526},{"base_id":832,"kind":"bot_words","i1":0,"i2":2,"sol":{"path":["/c/en/poetaster","/c/en/poet","/c/en/specific","/c/en/physics","/c/en/airmass"],"weight":0.20409999999999992,"degrees":[41,812,562,9094,32]},"num_concepts_raised":16276},{"base_id":832,"kind":"bot_words","i1":0,"i2":3,"sol":{"path":["/c/en/poetaster","/c/en/poet","/c/en/speaker","/c/en/noisy","/c/en/tumultuous"],"weight":0.20459999999999978,"degrees":[41,812,691,436,73]},"num_concepts_raised":4755},{"base_id":832,"kind":"bot_words","i1":0,"i2":4,"sol":{"path":["/c/en/poetaster","/c/en/poet","/c/en/emotion","/c/en/grudge","/c/en/grudging"],"weight":0.20518999999999993,"degrees":[41,812,905,334,36]},"num_concepts_raised":2007},{"base_id":832,"kind":"bot_words","i1":0,"i2":5,"sol":{"path":["/c/en/poetaster","/c/en/versemonger","/c/en/humorous","/c/en/ramen"],"weight":0.2092,"degrees":[41,10,2269,111]},"num_concepts_raised":9818},{"base_id":832,"kind":"bot_words","i1":0,"i2":6,"sol":{"path":["/c/en/poetaster","/c/hu/fűzfapoéta","/c/en/pejorative","/c/en/faggot","/c/en/fagot"],"weight":0.2073399999999996,"degrees":[41,10,3581,180,117]},"num_concepts_raised":21282},{"base_id":832,"kind":"bot_words","i1":0,"i2":7,"sol":{"path":["/c/en/poetaster","/c/en/poet","/c/en/poetry","/c/en/hush","/c/en/appease","/c/en/appeasing"],"weight":0.2100555999999998,"degrees":[41,812,1176,232,248,28]},"num_concepts_raised":123001},{"base_id":832,"kind":"bot_words","i1":0,"i2":8,"sol":{"path":["/c/en/poetaster","/c/en/poet","/c/en/emotion","/c/en/cold_blooded","/c/en/ectothermic"],"weight":0.20554999999999987,"degrees":[41,812,905,84,52]},"num_concepts_raised":8958},{"base_id":832,"kind":"bot_words","i1":0,"i2":9,"sol":{"path":["/c/en/poetaster","/c/en/unskilled","/c/en/weak","/c/en/stupid"],"weight":0.22083999999999565,"degrees":[41,125,1282,1502]},"num_concepts_raised":63826},{"base_id":832,"kind":"bot_words","i1":1,"i2":2,"sol":{"path":["/c/en/lemongrass","/c/en/grass","/c/en/physics","/c/en/airmass"],"weight":0.20376000000000002,"degrees":[82,1578,9094,32]},"num_concepts_raised":24903},{"base_id":832,"kind":"bot_words","i1":1,"i2":3,"sol":{"path":["/c/en/lemongrass","/c/en/lemon","/c/en/slang","/c/en/loud","/c/en/tumultuous"],"weight":0.20534999999999992,"degrees":[82,667,16318,686,73]},"num_concepts_raised":13479},{"base_id":832,"kind":"bot_words","i1":1,"i2":4,"sol":{"path":["/c/en/lemongrass","/c/en/grass","/c/en/long","/c/en/grudge","/c/en/grudging"],"weight":0.20484000000000005,"degrees":[82,1578,1806,334,36]},"num_concepts_raised":10807},{"base_id":832,"kind":"bot_words","i1":1,"i2":5,"sol":{"path":["/c/en/lemongrass","/c/en/grass","/c/en/food","/c/en/ramen"],"weight":0.21002000000000012,"degrees":[82,1578,4281,111]},"num_concepts_raised":18390},{"base_id":832,"kind":"bot_words","i1":1,"i2":6,"sol":{"path":["/c/en/lemongrass","/c/en/us","/c/en/faggot","/c/en/fagot"],"weight":0.20788999999999974,"degrees":[82,8154,180,117]},"num_concepts_raised":28943},{"base_id":832,"kind":"bot_words","i1":1,"i2":7,"sol":{"path":["/c/en/lemongrass","/c/en/us","/c/en/placative","/c/en/appeasing"],"weight":0.2035800000000001,"degrees":[82,8154,13,28]},"num_concepts_raised":10090},{"base_id":832,"kind":"bot_words","i1":1,"i2":8,"sol":{"path":["/c/en/lemongrass","/c/en/grass","/c/en/animal","/c/en/ectotherm","/c/en/ectothermic"],"weight":0.20606999999999998,"degrees":[82,1578,3735,29,52]},"num_concepts_raised":17750},{"base_id":832,"kind":"bot_words","i1":1,"i2":9,"sol":{"path":["/c/en/lemongrass","/c/en/lemon","/c/en/slang","/c/en/stupid"],"weight":0.22335999999999576,"degrees":[82,667,16318,1502]},"num_concepts_raised":70996},{"base_id":832,"kind":"bot_words","i1":2,"i2":3,"sol":{"path":["/c/en/airmass","/c/en/temperature","/c/en/high","/c/en/tumultuous"],"weight":0.20316999999999968,"degrees":[32,1069,1658,73]},"num_concepts_raised":19147},{"base_id":832,"kind":"bot_words","i1":2,"i2":4,"sol":{"path":["/c/en/airmass","/c/en/physics","/c/en/reluctance","/c/en/grudging"],"weight":0.20287999999999984,"degrees":[32,9094,150,36]},"num_concepts_raised":16542},{"base_id":832,"kind":"bot_words","i1":2,"i2":5,"sol":{"path":["/c/en/airmass","/c/en/air","/c/en/dish","/c/ja/ラーメン","/c/en/ramen"],"weight":0.2132699999999999,"degrees":[32,1965,1186,69,111]},"num_concepts_raised":24266},{"base_id":832,"kind":"bot_words","i1":2,"i2":6,"sol":{"path":["/c/en/airmass","/c/en/mass","/c/en/pile","/c/en/fagot"],"weight":0.20478999999999953,"degrees":[32,1639,814,117]},"num_concepts_raised":35421},{"base_id":832,"kind":"bot_words","i1":2,"i2":7,"sol":{"path":["/c/en/airmass","/c/en/physics","/c/en/quench","/c/en/appease","/c/en/appeasing"],"weight":0.20378999999999986,"degrees":[32,9094,248,248,28]},"num_concepts_raised":15836},{"base_id":832,"kind":"bot_words","i1":2,"i2":8,"sol":{"path":["/c/en/airmass","/c/en/temperature","/c/en/ectotherm","/c/en/ectothermic"],"weight":0.20513999999999977,"degrees":[32,1069,29,52]},"num_concepts_raised":23461},{"base_id":832,"kind":"bot_words","i1":2,"i2":9,"sol":{"path":["/c/en/airmass","/c/en/front","/c/en/slang","/c/en/stupid"],"weight":0.22131999999999552,"degrees":[32,1105,16318,1502]},"num_concepts_raised":77754},{"base_id":832,"kind":"bot_words","i1":3,"i2":4,"sol":{"path":["/c/en/tumultuous","/c/en/obstreperous","/c/en/defiant","/c/en/unwilling","/c/en/grudging"],"weight":0.2044099999999997,"degrees":[73,51,118,161,36]},"num_concepts_raised":5028},{"base_id":832,"kind":"bot_words","i1":3,"i2":5,"sol":{"path":["/c/en/tumultuous","/c/en/noisy","/c/en/uproarious","/c/en/humorous","/c/en/ramen"],"weight":0.2095999999999998,"degrees":[73,436,75,2269,111]},"num_concepts_raised":12799},{"base_id":832,"kind":"bot_words","i1":3,"i2":6,"sol":{"path":["/c/en/tumultuous","/c/en/noisy","/c/en/music","/c/en/fagot"],"weight":0.20429999999999943,"degrees":[73,436,8822,117]},"num_concepts_raised":24138},{"base_id":832,"kind":"bot_words","i1":3,"i2":7,"sol":{"path":["/c/en/tumultuous","/c/en/noisy","/c/en/quiet","/c/en/appease","/c/en/appeasing"],"weight":0.20429999999999976,"degrees":[73,436,1147,248,28]},"num_concepts_raised":4312},{"base_id":832,"kind":"bot_words","i1":3,"i2":8,"sol":{"path":["/c/en/tumultuous","/c/en/ruff","/c/en/zoology","/c/en/ectothermic"],"weight":0.20352999999999966,"degrees":[73,272,8127,52]},"num_concepts_raised":11975},{"base_id":832,"kind":"bot_words","i1":3,"i2":9,"sol":{"path":["/c/en/tumultuous","/c/en/loud","/c/en/slang","/c/en/stupid"],"weight":0.22182999999999542,"degrees":[73,686,16318,1502]},"num_concepts_raised":66445},{"base_id":832,"kind":"bot_words","i1":4,"i2":5,"sol":{"path":["/c/en/grudging","/c/en/grudge","/c/en/stew","/c/en/food","/c/en/ramen"],"weight":0.21022999999999992,"degrees":[36,334,566,4281,111]},"num_concepts_raised":10097},{"base_id":832,"kind":"bot_words","i1":4,"i2":6,"sol":{"path":["/c/en/grudging","/c/fi/vastahakoinen","/c/en/loth","/c/en/uk","/c/en/fagot"],"weight":0.20594999999999958,"degrees":[36,18,22,5562,117]},"num_concepts_raised":21577},{"base_id":832,"kind":"bot_words","i1":4,"i2":7,"sol":{"path":["/c/en/grudging","/c/en/unwilling","/c/en/will","/c/syc/ܢܝܚܐ","/c/en/appeasing"],"weight":0.2038899999999999,"degrees":[36,161,1057,19,28]},"num_concepts_raised":1562},{"base_id":832,"kind":"bot_words","i1":4,"i2":8,"sol":{"path":["/c/en/grudging","/c/en/grudge","/c/en/emotion","/c/en/cold_blooded","/c/en/ectothermic"],"weight":0.20537999999999978,"degrees":[36,334,905,84,52]},"num_concepts_raised":9240},{"base_id":832,"kind":"bot_words","i1":4,"i2":9,"sol":{"path":["/c/en/grudging","/c/en/churlish","/c/en/chuff","/c/en/stupid"],"weight":0.21851999999999555,"degrees":[36,63,50,1502]},"num_concepts_raised":64099},{"base_id":832,"kind":"bot_words","i1":5,"i2":6,"sol":{"path":["/c/en/ramen","/c/en/soup","/c/en/uk","/c/en/fagot"],"weight":0.21005999999999964,"degrees":[111,1209,5562,117]},"num_concepts_raised":29134},{"base_id":832,"kind":"bot_words","i1":5,"i2":7,"sol":{"path":["/c/en/ramen","/c/en/food","/c/ceb/am_am","/c/en/appease","/c/en/appeasing"],"weight":0.21003999999999995,"degrees":[111,4281,8,248,28]},"num_concepts_raised":9378},{"base_id":832,"kind":"bot_words","i1":5,"i2":8,"sol":{"path":["/c/en/ramen","/c/en/food","/c/en/animal","/c/en/ectotherm","/c/en/ectothermic"],"weight":0.21141999999999989,"degrees":[111,4281,3735,29,52]},"num_concepts_raised":17013},{"base_id":832,"kind":"bot_words","i1":5,"i2":9,"sol":{"path":["/c/en/ramen","/c/en/soup","/c/en/slang","/c/en/stupid"],"weight":0.22759999999999564,"degrees":[111,1209,16318,1502]},"num_concepts_raised":71103},{"base_id":832,"kind":"bot_words","i1":6,"i2":7,"sol":{"path":["/c/en/fagot","/c/en/faggot","/c/en/us","/c/en/placative","/c/en/appeasing"],"weight":0.20698999999999956,"degrees":[117,180,8154,13,28]},"num_concepts_raised":20865},{"base_id":832,"kind":"bot_words","i1":6,"i2":8,"sol":{"path":["/c/en/fagot","/c/en/bundle","/c/en/biology","/c/en/ectotherm","/c/en/ectothermic"],"weight":0.2062199999999995,"degrees":[117,676,6216,29,52]},"num_concepts_raised":28487},{"base_id":832,"kind":"bot_words","i1":6,"i2":9,"sol":{"path":["/c/en/fagot","/c/en/uk","/c/en/slang","/c/en/stupid"],"weight":0.22273999999999525,"degrees":[117,5562,16318,1502]},"num_concepts_raised":80980},{"base_id":832,"kind":"bot_words","i1":7,"i2":8,"sol":{"path":["/c/en/appeasing","/c/en/appease","/c/gd/rèitich","/c/en/regulate","/c/en/ectotherm","/c/en/ectothermic"],"weight":0.2117977999999997,"degrees":[28,248,31,379,29,52]},"num_concepts_raised":180495},{"base_id":832,"kind":"bot_words","i1":7,"i2":9,"sol":{"path":["/c/en/appeasing","/c/en/conciliatory","/c/en/soft","/c/en/slang","/c/en/stupid"],"weight":0.22237999999999558,"degrees":[28,104,1227,16318,1502]},"num_concepts_raised":63446},{"base_id":832,"kind":"bot_words","i1":8,"i2":9,"sol":{"path":["/c/en/ectothermic","/c/en/zoology","/c/en/obtuse","/c/en/stupid"],"weight":0.2204699999999955,"degrees":[52,8127,215,1502]},"num_concepts_raised":70985}],[{"base_id":832,"kind":"top_words","i1":0,"i2":1,"sol":{"path":["/c/en/ashlar","/c/en/architecture","/c/en/bar","/c/en/drink","/c/en/sot"],"weight":0.20316999999999985,"degrees":[48,2564,1972,2548,33]},"num_concepts_raised":10734},{"base_id":832,"kind":"top_words","i1":0,"i2":2,"sol":{"path":["/c/en/ashlar","/c/en/architecture","/c/en/verge","/c/en/border"],"weight":0.22410999999999737,"degrees":[48,2564,201,1029]},"num_concepts_raised":66287},{"base_id":832,"kind":"top_words","i1":0,"i2":3,"sol":{"path":["/c/en/ashlar","/c/en/stone","/c/en/smooth","/c/en/glabrous","/c/en/hairless"],"weight":0.20672000000000001,"degrees":[48,1934,1162,34,123]},"num_concepts_raised":8739},{"base_id":832,"kind":"top_words","i1":0,"i2":4,"sol":{"path":["/c/en/ashlar","/c/en/ashlaring","/c/en/beam","/c/en/fish","/c/en/cyprinid"],"weight":0.20455999999999985,"degrees":[48,16,1036,4424,50]},"num_concepts_raised":9832},{"base_id":832,"kind":"top_words","i1":0,"i2":5,"sol":{"path":["/c/en/ashlar","/c/en/stone","/c/en/wood","/c/en/porous"],"weight":0.20502999999999966,"degrees":[48,1934,2440,177]},"num_concepts_raised":14528},{"base_id":832,"kind":"top_words","i1":0,"i2":6,"sol":{"path":["/c/en/ashlar","/c/en/ashlaring","/c/en/case","/c/en/illative","/c/en/deductive"],"weight":0.2054899999999999,"degrees":[48,16,1773,62,66]},"num_concepts_raised":7443},{"base_id":832,"kind":"top_words","i1":0,"i2":7,"sol":{"path":["/c/en/ashlar","/c/en/stone","/c/en/sword","/c/en/fencing"],"weight":0.21926999999999863,"degrees":[48,1934,1208,596]},"num_concepts_raised":47438},{"base_id":832,"kind":"top_words","i1":0,"i2":8,"sol":{"path":["/c/en/ashlar","/c/en/architecture","/c/en/enclosed","/c/fr/ci_joint","/c/en/herewith"],"weight":0.20408999999999983,"degrees":[48,2564,239,30,36]},"num_concepts_raised":4861},{"base_id":832,"kind":"top_words","i1":0,"i2":9,"sol":{"path":["/c/en/ashlar","/c/en/stone","/c/en/natural","/c/en/unbleached"],"weight":0.20402999999999988,"degrees":[48,1934,930,25]},"num_concepts_raised":5809},{"base_id":832,"kind":"top_words","i1":1,"i2":2,"sol":{"path":["/c/en/sot","/c/en/fool","/c/en/lie","/c/en/border"],"weight":0.21904999999999736,"degrees":[33,1406,1854,1029]},"num_concepts_raised":68144},{"base_id":832,"kind":"top_words","i1":1,"i2":3,"sol":{"path":["/c/en/sot","/c/en/stupid","/c/en/person","/c/en/bald","/c/en/hairless"],"weight":0.20595999999999998,"degrees":[33,1502,12935,449,123]},"num_concepts_raised":10197},{"base_id":832,"kind":"top_words","i1":1,"i2":4,"sol":{"path":["/c/en/sot","/c/en/fool","/c/en/fathead","/c/en/cyprinid"],"weight":0.2030699999999998,"degrees":[33,1406,86,50]},"num_concepts_raised":11232},{"base_id":832,"kind":"top_words","i1":1,"i2":5,"sol":{"path":["/c/en/sot","/c/en/drink","/c/en/fluid","/c/en/porous"],"weight":0.20479999999999962,"degrees":[33,2548,835,177]},"num_concepts_raised":16063},{"base_id":832,"kind":"top_words","i1":1,"i2":6,"sol":{"path":["/c/en/sot","/c/en/stupid","/c/en/weak","/c/en/logic","/c/en/deductive"],"weight":0.2044899999999999,"degrees":[33,1502,1282,1412,66]},"num_concepts_raised":8896},{"base_id":832,"kind":"top_words","i1":1,"i2":7,"sol":{"path":["/c/en/sot","/c/en/fool","/c/en/play","/c/en/fencing"],"weight":0.21469999999999861,"degrees":[33,1406,3092,596]},"num_concepts_raised":49087},{"base_id":832,"kind":"top_words","i1":1,"i2":8,"sol":{"path":["/c/en/sot","/c/en/drink","/c/en/present","/c/ru/настоящий","/c/en/herewith"],"weight":0.2028799999999998,"degrees":[33,2548,2005,23,36]},"num_concepts_raised":6311},{"base_id":832,"kind":"top_words","i1":1,"i2":9,"sol":{"path":["/c/en/sot","/c/en/drunkard","/c/en/temperance","/c/en/natural","/c/en/unbleached"],"weight":0.20388999999999985,"degrees":[33,296,202,930,25]},"num_concepts_raised":7274},{"base_id":832,"kind":"top_words","i1":2,"i2":3,"sol":{"path":["/c/en/border","/c/en/fringe","/c/en/hair","/c/en/hairless"],"weight":0.2231399999999975,"degrees":[1029,309,2126,123]},"num_concepts_raised":66108},{"base_id":832,"kind":"top_words","i1":2,"i2":4,"sol":{"path":["/c/en/border","/c/en/line","/c/en/fish","/c/en/cyprinid"],"weight":0.22023999999999735,"degrees":[1029,3018,4424,50]},"num_concepts_raised":67217},{"base_id":832,"kind":"top_words","i1":2,"i2":5,"sol":{"path":["/c/en/border","/c/en/margin","/c/en/paper","/c/en/porous"],"weight":0.22427999999999715,"degrees":[1029,495,2080,177]},"num_concepts_raised":71347},{"base_id":832,"kind":"top_words","i1":2,"i2":6,"sol":{"path":["/c/en/border","/c/en/bound","/c/en/logic","/c/en/deductive"],"weight":0.2255199999999974,"degrees":[1029,671,1412,66]},"num_concepts_raised":64944},{"base_id":832,"kind":"top_words","i1":2,"i2":7,"sol":{"path":["/c/en/border","/c/en/fence","/c/en/fencing"],"weight":0.20900000000000002,"degrees":[1029,962,596]},"num_concepts_raised":1357},{"base_id":832,"kind":"top_words","i1":2,"i2":8,"sol":{"path":["/c/en/border","/c/en/edge","/c/en/side","/c/mn/энд","/c/en/herewith"],"weight":0.22900999999999724,"degrees":[1029,1636,1912,12,36]},"num_concepts_raised":62558},{"base_id":832,"kind":"top_words","i1":2,"i2":9,"sol":{"path":["/c/en/border","/c/en/edge","/c/en/mountain","/c/en/natural","/c/en/unbleached"],"weight":0.2294999999999973,"degrees":[1029,1636,1965,930,25]},"num_concepts_raised":63414},{"base_id":832,"kind":"top_words","i1":3,"i2":4,"sol":{"path":["/c/en/hairless","/c/en/pad","/c/en/fish","/c/en/cyprinid"],"weight":0.20481,"degrees":[123,519,4424,50]},"num_concepts_raised":9280},{"base_id":832,"kind":"top_words","i1":3,"i2":5,"sol":{"path":["/c/en/hairless","/c/en/hair","/c/en/pore","/c/en/porous"],"weight":0.20740999999999982,"degrees":[123,2126,325,177]},"num_concepts_raised":14051},{"base_id":832,"kind":"top_words","i1":3,"i2":6,"sol":{"path":["/c/en/hairless","/c/en/bald","/c/en/statement","/c/en/logic","/c/en/deductive"],"weight":0.20751000000000006,"degrees":[123,449,847,1412,66]},"num_concepts_raised":6900},{"base_id":832,"kind":"top_words","i1":3,"i2":7,"sol":{"path":["/c/en/hairless","/c/en/hair","/c/en/cut","/c/en/fencing"],"weight":0.2161599999999988,"degrees":[123,2126,2951,596]},"num_concepts_raised":47124},{"base_id":832,"kind":"top_words","i1":3,"i2":8,"sol":{"path":["/c/en/hairless","/c/en/bald_headed","/c/en/ship","/c/en/formal","/c/en/hereby","/c/en/herewith"],"weight":0.2126491999999999,"degrees":[123,52,2104,2270,60,36]},"num_concepts_raised":343561},{"base_id":832,"kind":"top_words","i1":3,"i2":9,"sol":{"path":["/c/en/hairless","/c/en/hair","/c/en/natural","/c/en/unbleached"],"weight":0.20539000000000002,"degrees":[123,2126,930,25]},"num_concepts_raised":5272},{"base_id":832,"kind":"top_words","i1":4,"i2":5,"sol":{"path":["/c/en/cyprinid","/c/en/minnow","/c/en/small","/c/en/pore","/c/en/porous"],"weight":0.20710999999999963,"degrees":[50,147,2515,325,177]},"num_concepts_raised":15186},{"base_id":832,"kind":"top_words","i1":4,"i2":6,"sol":{"path":["/c/en/cyprinid","/c/en/cyprinoid","/c/en/order","/c/en/logic","/c/en/deductive"],"weight":0.20572999999999989,"degrees":[50,18,2833,1412,66]},"num_concepts_raised":8005},{"base_id":832,"kind":"top_words","i1":4,"i2":7,"sol":{"path":["/c/en/cyprinid","/c/en/barb","/c/en/fence","/c/en/fencing"],"weight":0.2213999999999986,"degrees":[50,259,962,596]},"num_concepts_raised":48197},{"base_id":832,"kind":"top_words","i1":4,"i2":8,"sol":{"path":["/c/en/cyprinid","/c/en/carp","/c/en/complain","/c/en/formal","/c/en/hereby","/c/en/herewith"],"weight":0.2106506999999997,"degrees":[50,313,585,2270,60,36]},"num_concepts_raised":378962},{"base_id":832,"kind":"top_words","i1":4,"i2":9,"sol":{"path":["/c/en/cyprinid","/c/en/fish","/c/en/bird","/c/en/natural","/c/en/unbleached"],"weight":0.20435999999999982,"degrees":[50,4424,4970,930,25]},"num_concepts_raised":6371},{"base_id":832,"kind":"top_words","i1":5,"i2":6,"sol":{"path":["/c/en/porous","/c/en/porosity","/c/en/consistency","/c/en/logic","/c/en/deductive"],"weight":0.2083999999999997,"degrees":[177,74,273,1412,66]},"num_concepts_raised":12825},{"base_id":832,"kind":"top_words","i1":5,"i2":7,"sol":{"path":["/c/en/porous","/c/en/paper","/c/en/foil","/c/en/fencing"],"weight":0.21879999999999844,"degrees":[177,2080,405,596]},"num_concepts_raised":52492},{"base_id":832,"kind":"top_words","i1":5,"i2":8,"sol":{"path":["/c/en/porous","/c/en/gas","/c/en/with","/c/zh/此致","/c/en/herewith"],"weight":0.20477999999999963,"degrees":[177,1636,1088,6,36]},"num_concepts_raised":10275},{"base_id":832,"kind":"top_words","i1":5,"i2":9,"sol":{"path":["/c/en/porous","/c/en/gas","/c/en/natural","/c/en/unbleached"],"weight":0.20573999999999965,"degrees":[177,1636,930,25]},"num_concepts_raised":11195},{"base_id":832,"kind":"top_words","i1":6,"i2":7,"sol":{"path":["/c/en/deductive","/c/en/logic","/c/en/extension","/c/en/fencing"],"weight":0.21609999999999868,"degrees":[66,1412,544,596]},"num_concepts_raised":45869},{"base_id":832,"kind":"top_words","i1":6,"i2":8,"sol":{"path":["/c/en/deductive","/c/en/logic","/c/en/formal","/c/en/hereby","/c/en/herewith"],"weight":0.2056599999999999,"degrees":[66,1412,2270,60,36]},"num_concepts_raised":2998},{"base_id":832,"kind":"top_words","i1":6,"i2":9,"sol":{"path":["/c/en/deductive","/c/en/logic","/c/en/synthetic","/c/en/natural","/c/en/unbleached"],"weight":0.2054499999999999,"degrees":[66,1412,537,930,25]},"num_concepts_raised":3958},{"base_id":832,"kind":"top_words","i1":7,"i2":8,"sol":{"path":["/c/en/fencing","/c/en/riposte","/c/en/humorous","/c/ru/сей","/c/en/herewith"],"weight":0.2166399999999986,"degrees":[596,52,2269,16,36]},"num_concepts_raised":43465},{"base_id":832,"kind":"top_words","i1":7,"i2":9,"sol":{"path":["/c/en/fencing","/c/en/competition","/c/en/natural","/c/en/unbleached"],"weight":0.21550999999999867,"degrees":[596,898,930,25]},"num_concepts_raised":44360},{"base_id":832,"kind":"top_words","i1":8,"i2":9,"sol":{"path":["/c/en/herewith","/c/ru/настоящий","/c/en/genuine","/c/en/natural","/c/en/unbleached"],"weight":0.20381999999999983,"degrees":[36,23,512,930,25]},"num_concepts_raised":1374}]]