[[{"base_id":691,"kind":"bot_words","i1":0,"i2":1,"sol":{"path":["/c/en/indies","/c/en/historical","/c/en/form","/c/en/generator"],"weight":0.20504999999999926,"degrees":[29,8415,2423,248]},"num_concepts_raised":80045},{"base_id":691,"kind":"bot_words","i1":0,"i2":2,"sol":{"path":["/c/en/indies","/c/en/india","/c/en/tonga","/c/en/drug","/c/en/anesthetic"],"weight":0.20583999999999947,"degrees":[29,1846,231,4920,173]},"num_concepts_raised":33287},{"base_id":691,"kind":"bot_words","i1":0,"i2":3,"sol":{"path":["/c/en/indies","/c/en/historical","/c/en/waste","/c/en/diddle"],"weight":0.2028999999999998,"degrees":[29,8415,1543,49]},"num_concepts_raised":49789},{"base_id":691,"kind":"bot_words","i1":0,"i2":4,"sol":{"path":["/c/en/indies","/c/en/historical","/c/en/dolphin","/c/en/cetacean"],"weight":0.20400999999999977,"degrees":[29,8415,603,107]},"num_concepts_raised":23615},{"base_id":691,"kind":"bot_words","i1":0,"i2":5,"sol":{"path":["/c/en/indies","/c/en/india","/c/en/sandalwood","/c/en/chest","/c/en/coffer"],"weight":0.20705999999999972,"degrees":[29,1846,118,864,145]},"num_concepts_raised":23770},{"base_id":691,"kind":"bot_words","i1":0,"i2":6,"sol":{"path":["/c/en/indies","/c/en/india","/c/en/proscribed","/c/en/biological","/c/en/biologic"],"weight":0.20494999999999985,"degrees":[29,1846,507,699,31]},"num_concepts_raised":21995},{"base_id":691,"kind":"bot_words","i1":0,"i2":7,"sol":{"path":["/c/en/indies","/c/en/historical","/c/en/war","/c/en/death"],"weight":0.24250000000001007,"degrees":[29,8415,1823,2449]},"num_concepts_raised":110417},{"base_id":691,"kind":"bot_words","i1":0,"i2":8,"sol":{"path":["/c/en/indies","/c/en/historical","/c/en/blood","/c/en/bloodsucker"],"weight":0.2043499999999998,"degrees":[29,8415,2253,63]},"num_concepts_raised":22847},{"base_id":691,"kind":"bot_words","i1":0,"i2":9,"sol":{"path":["/c/en/indies","/c/en/indus","/c/en/river","/c/en/venta"],"weight":0.20779999999999976,"degrees":[29,204,2945,38]},"num_concepts_raised":17079},{"base_id":691,"kind":"bot_words","i1":1,"i2":2,"sol":{"path":["/c/en/generator","/c/en/presentation","/c/en/medicine","/c/en/anesthetic"],"weight":0.2079599999999989,"degrees":[248,474,11938,173]},"num_concepts_raised":85849},{"base_id":691,"kind":"bot_words","i1":1,"i2":3,"sol":{"path":["/c/en/generator","/c/en/music","/c/en/diddle"],"weight":0.202,"degrees":[248,8822,49]},"num_concepts_raised":263},{"base_id":691,"kind":"bot_words","i1":1,"i2":4,"sol":{"path":["/c/en/generator","/c/en/sound","/c/en/whale","/c/en/cetacean"],"weight":0.20760999999999918,"degrees":[248,3218,559,107]},"num_concepts_raised":76628},{"base_id":691,"kind":"bot_words","i1":1,"i2":5,"sol":{"path":["/c/en/generator","/c/en/presentation","/c/en/money","/c/en/coffer"],"weight":0.20873999999999915,"degrees":[248,474,2899,145]},"num_concepts_raised":76642},{"base_id":691,"kind":"bot_words","i1":1,"i2":6,"sol":{"path":["/c/en/generator","/c/en/chemistry","/c/en/biology","/c/en/biologic"],"weight":0.2062799999999993,"degrees":[248,11754,6216,31]},"num_concepts_raised":74913},{"base_id":691,"kind":"bot_words","i1":1,"i2":7,"sol":{"path":["/c/en/generator","/c/en/machine","/c/en/die","/c/en/death"],"weight":0.24880000000000943,"degrees":[248,1685,2528,2449]},"num_concepts_raised":159382},{"base_id":691,"kind":"bot_words","i1":1,"i2":8,"sol":{"path":["/c/en/generator","/c/en/source","/c/en/blood","/c/en/bloodsucker"],"weight":0.20696999999999924,"degrees":[248,965,2253,63]},"num_concepts_raised":75943},{"base_id":691,"kind":"bot_words","i1":1,"i2":9,"sol":{"path":["/c/en/generator","/c/en/source","/c/en/river","/c/en/venta"],"weight":0.2104099999999992,"degrees":[248,965,2945,38]},"num_concepts_raised":70700},{"base_id":691,"kind":"bot_words","i1":2,"i2":3,"sol":{"path":["/c/en/anesthetic","/c/en/drug","/c/en/drag","/c/en/diddle"],"weight":0.20490999999999943,"degrees":[173,4920,706,49]},"num_concepts_raised":56121},{"base_id":691,"kind":"bot_words","i1":2,"i2":4,"sol":{"path":["/c/en/anesthetic","/c/en/medicine","/c/en/species","/c/en/cetacean"],"weight":0.20554999999999943,"degrees":[173,11938,1659,107]},"num_concepts_raised":30034},{"base_id":691,"kind":"bot_words","i1":2,"i2":5,"sol":{"path":["/c/en/anesthetic","/c/en/medicine","/c/en/lacunar","/c/en/coffer"],"weight":0.20800999999999936,"degrees":[173,11938,17,145]},"num_concepts_raised":30193},{"base_id":691,"kind":"bot_words","i1":2,"i2":6,"sol":{"path":["/c/en/anesthetic","/c/en/sensitivity","/c/en/organism","/c/en/biologic"],"weight":0.2042199999999995,"degrees":[173,305,1338,31]},"num_concepts_raised":28231},{"base_id":691,"kind":"bot_words","i1":2,"i2":7,"sol":{"path":["/c/en/anesthetic","/c/en/pain","/c/en/dying","/c/en/death"],"weight":0.2479900000000097,"degrees":[173,2002,346,2449]},"num_concepts_raised":115470},{"base_id":691,"kind":"bot_words","i1":2,"i2":8,"sol":{"path":["/c/en/anesthetic","/c/en/medicine","/c/en/blood","/c/en/bloodsucker"],"weight":0.20618999999999943,"degrees":[173,11938,2253,63]},"num_concepts_raised":28926},{"base_id":691,"kind":"bot_words","i1":2,"i2":9,"sol":{"path":["/c/en/anesthetic","/c/en/pain","/c/en/like","/c/en/inn","/c/en/venta"],"weight":0.2104899999999994,"degrees":[173,2002,2357,477,38]},"num_concepts_raised":23594},{"base_id":691,"kind":"bot_words","i1":3,"i2":4,"sol":{"path":["/c/en/diddle","/c/en/slang","/c/en/large","/c/en/cetacean"],"weight":0.20408999999999972,"degrees":[49,16318,1592,107]},"num_concepts_raised":46530},{"base_id":691,"kind":"bot_words","i1":3,"i2":5,"sol":{"path":["/c/en/diddle","/c/en/toy","/c/en/chest","/c/en/coffer"],"weight":0.20617999999999967,"degrees":[49,1007,864,145]},"num_concepts_raised":46483},{"base_id":691,"kind":"bot_words","i1":3,"i2":6,"sol":{"path":["/c/en/diddle","/c/en/sex","/c/en/organism","/c/en/biologic"],"weight":0.2029899999999998,"degrees":[49,1592,1338,31]},"num_concepts_raised":45032},{"base_id":691,"kind":"bot_words","i1":3,"i2":7,"sol":{"path":["/c/en/diddle","/c/en/slang","/c/en/mortal","/c/en/death"],"weight":0.24293000000001,"degrees":[49,16318,304,2449]},"num_concepts_raised":131710},{"base_id":691,"kind":"bot_words","i1":3,"i2":8,"sol":{"path":["/c/en/diddle","/c/en/slang","/c/en/animal","/c/en/bloodsucker"],"weight":0.20351999999999976,"degrees":[49,16318,3735,63]},"num_concepts_raised":45613},{"base_id":691,"kind":"bot_words","i1":3,"i2":9,"sol":{"path":["/c/en/diddle","/c/en/masturbate","/c/en/touch","/c/en/river","/c/en/venta"],"weight":0.20903999999999973,"degrees":[49,423,1765,2945,38]},"num_concepts_raised":40264},{"base_id":691,"kind":"bot_words","i1":4,"i2":5,"sol":{"path":["/c/en/cetacean","/c/en/order","/c/en/architecture","/c/en/coffer"],"weight":0.20551999999999965,"degrees":[107,2833,2564,145]},"num_concepts_raised":20506},{"base_id":691,"kind":"bot_words","i1":4,"i2":6,"sol":{"path":["/c/en/cetacean","/c/en/order","/c/en/biology","/c/en/biologic"],"weight":0.2049599999999998,"degrees":[107,2833,6216,31]},"num_concepts_raised":18494},{"base_id":691,"kind":"bot_words","i1":4,"i2":7,"sol":{"path":["/c/en/cetacean","/c/en/fin","/c/en/end","/c/en/death"],"weight":0.24413000000000998,"degrees":[107,425,2782,2449]},"num_concepts_raised":106983},{"base_id":691,"kind":"bot_words","i1":4,"i2":8,"sol":{"path":["/c/en/cetacean","/c/en/mammal","/c/en/vampire","/c/en/bloodsucker"],"weight":0.20550999999999975,"degrees":[107,2187,413,63]},"num_concepts_raised":19325},{"base_id":691,"kind":"bot_words","i1":4,"i2":9,"sol":{"path":["/c/en/cetacean","/c/en/large","/c/en/river","/c/en/venta"],"weight":0.20887999999999973,"degrees":[107,1592,2945,38]},"num_concepts_raised":13898},{"base_id":691,"kind":"bot_words","i1":5,"i2":6,"sol":{"path":["/c/en/coffer","/c/fr/coffre","/c/en/trunk","/c/en/biological","/c/en/biologic"],"weight":0.20792999999999975,"degrees":[145,234,822,699,31]},"num_concepts_raised":18926},{"base_id":691,"kind":"bot_words","i1":5,"i2":7,"sol":{"path":["/c/en/coffer","/c/en/casket","/c/en/death"],"weight":0.20600000000000002,"degrees":[145,188,2449]},"num_concepts_raised":1971},{"base_id":691,"kind":"bot_words","i1":5,"i2":8,"sol":{"path":["/c/en/coffer","/c/en/chest","/c/en/animal","/c/en/bloodsucker"],"weight":0.2064499999999997,"degrees":[145,864,3735,63]},"num_concepts_raised":19740},{"base_id":691,"kind":"bot_words","i1":5,"i2":9,"sol":{"path":["/c/en/coffer","/c/en/moat","/c/en/river","/c/en/venta"],"weight":0.20929999999999965,"degrees":[145,245,2945,38]},"num_concepts_raised":14112},{"base_id":691,"kind":"bot_words","i1":6,"i2":7,"sol":{"path":["/c/en/biologic","/c/en/organism","/c/en/death"],"weight":0.20600000000000002,"degrees":[31,1338,2449]},"num_concepts_raised":1884},{"base_id":691,"kind":"bot_words","i1":6,"i2":8,"sol":{"path":["/c/en/biologic","/c/en/biology","/c/en/parasite","/c/en/bloodsucker"],"weight":0.20436999999999983,"degrees":[31,6216,457,63]},"num_concepts_raised":17718},{"base_id":691,"kind":"bot_words","i1":6,"i2":9,"sol":{"path":["/c/en/biologic","/c/en/biological","/c/en/nature","/c/en/river","/c/en/venta"],"weight":0.20897999999999978,"degrees":[31,699,1372,2945,38]},"num_concepts_raised":12247},{"base_id":691,"kind":"bot_words","i1":7,"i2":8,"sol":{"path":["/c/en/death","/c/en/die","/c/en/animal","/c/en/bloodsucker"],"weight":0.24690000000000997,"degrees":[2449,2528,3735,63]},"num_concepts_raised":106130},{"base_id":691,"kind":"bot_words","i1":7,"i2":9,"sol":{"path":["/c/en/death","/c/en/drowning","/c/en/river","/c/en/venta"],"weight":0.24699000000001,"degrees":[2449,116,2945,38]},"num_concepts_raised":101316},{"base_id":691,"kind":"bot_words","i1":8,"i2":9,"sol":{"path":["/c/en/bloodsucker","/c/en/drink","/c/en/inn","/c/en/venta"],"weight":0.20827999999999974,"degrees":[63,2548,477,38]},"num_concepts_raised":13130}],[{"base_id":691,"kind":"top_words","i1":0,"i2":1,"sol":{"path":["/c/en/romandy","/c/en/switzerland","/c/en/cow","/c/en/four","/c/en/quadruplet"],"weight":0.20815999999999982,"degrees":[37,698,1438,1330,50]},"num_concepts_raised":11509},{"base_id":691,"kind":"top_words","i1":0,"i2":2,"sol":{"path":["/c/en/romandy","/c/en/french","/c/en/person","/c/en/weight","/c/en/tael"],"weight":0.20792999999999984,"degrees":[37,800,12935,1498,33]},"num_concepts_raised":5327},{"base_id":691,"kind":"top_words","i1":0,"i2":3,"sol":{"path":["/c/en/romandy","/c/en/french","/c/en/language","/c/en/mauritian_creole","/c/en/mauritian"],"weight":0.21009999999999984,"degrees":[37,800,4160,32,39]},"num_concepts_raised":2074},{"base_id":691,"kind":"top_words","i1":0,"i2":4,"sol":{"path":["/c/en/romandy","/c/en/french","/c/en/person","/c/en/congratulations","/c/en/congratulation"],"weight":0.21008999999999983,"degrees":[37,800,12935,192,167]},"num_concepts_raised":4844},{"base_id":691,"kind":"top_words","i1":0,"i2":5,"sol":{"path":["/c/en/romandy","/c/en/french","/c/en/person","/c/en/knowledgable","/c/en/technorati"],"weight":0.21281999999999976,"degrees":[37,800,12935,9,34]},"num_concepts_raised":2227},{"base_id":691,"kind":"top_words","i1":0,"i2":6,"sol":{"path":["/c/en/romandy","/c/fr/romandie","/c/fr/suisse","/c/fr/zoologie","/c/fr/noctule","/c/en/noctule"],"weight":0.21414239999999973,"degrees":[37,11,3910,9122,12,46]},"num_concepts_raised":190933},{"base_id":691,"kind":"top_words","i1":0,"i2":7,"sol":{"path":["/c/en/romandy","/c/en/switzerland","/c/en/energy","/c/en/sound","/c/en/auscultation"],"weight":0.21617999999999982,"degrees":[37,698,1631,3218,104]},"num_concepts_raised":18368},{"base_id":691,"kind":"top_words","i1":0,"i2":8,"sol":{"path":["/c/en/romandy","/c/en/switzerland","/c/en/bank","/c/en/save","/c/en/economise"],"weight":0.20790999999999982,"degrees":[37,698,1660,877,31]},"num_concepts_raised":4075},{"base_id":691,"kind":"top_words","i1":0,"i2":9,"sol":{"path":["/c/en/romandy","/c/en/french","/c/en/person","/c/en/good_luck","/c/en/godspeed"],"weight":0.2132799999999997,"degrees":[37,800,12935,305,58]},"num_concepts_raised":5570},{"base_id":691,"kind":"top_words","i1":1,"i2":2,"sol":{"path":["/c/en/quadruplet","/c/en/rider","/c/en/weight","/c/en/tael"],"weight":0.2030999999999999,"degrees":[50,367,1498,33]},"num_concepts_raised":14101},{"base_id":691,"kind":"top_words","i1":1,"i2":3,"sol":{"path":["/c/en/quadruplet","/c/en/music","/c/en/language","/c/en/mauritian_creole","/c/en/mauritian"],"weight":0.20532999999999985,"degrees":[50,8822,4160,32,39]},"num_concepts_raised":10930},{"base_id":691,"kind":"top_words","i1":1,"i2":4,"sol":{"path":["/c/en/quadruplet","/c/en/four","/c/en/card","/c/en/congratulation"],"weight":0.20494999999999985,"degrees":[50,1330,1332,167]},"num_concepts_raised":13585},{"base_id":691,"kind":"top_words","i1":1,"i2":5,"sol":{"path":["/c/en/quadruplet","/c/en/four","/c/en/home","/c/en/website","/c/en/technorati"],"weight":0.2081199999999998,"degrees":[50,1330,2163,577,34]},"num_concepts_raised":11071},{"base_id":691,"kind":"top_words","i1":1,"i2":6,"sol":{"path":["/c/en/quadruplet","/c/en/quad","/c/en/slang","/c/en/bat","/c/vec/nòtoła","/c/en/noctule"],"weight":0.20995429999999982,"degrees":[50,125,16318,1544,8,46]},"num_concepts_raised":582223},{"base_id":691,"kind":"top_words","i1":1,"i2":7,"sol":{"path":["/c/en/quadruplet","/c/en/music","/c/en/sound","/c/en/auscultation"],"weight":0.21149999999999985,"degrees":[50,8822,3218,104]},"num_concepts_raised":26783},{"base_id":691,"kind":"top_words","i1":1,"i2":8,"sol":{"path":["/c/en/quadruplet","/c/fr/quadruplé","/c/fr/sport","/c/en/save","/c/en/economise"],"weight":0.20411999999999986,"degrees":[50,24,2171,877,31]},"num_concepts_raised":12900},{"base_id":691,"kind":"top_words","i1":1,"i2":9,"sol":{"path":["/c/en/quadruplet","/c/fi/nelonen","/c/fr/vitesse","/c/en/speed","/c/en/godspeed"],"weight":0.21036999999999972,"degrees":[50,31,407,938,58]},"num_concepts_raised":14339},{"base_id":691,"kind":"top_words","i1":2,"i2":3,"sol":{"path":["/c/en/tael","/c/en/tale","/c/en/language","/c/en/mauritian_creole","/c/en/mauritian"],"weight":0.20507999999999987,"degrees":[33,409,4160,32,39]},"num_concepts_raised":4732},{"base_id":691,"kind":"top_words","i1":2,"i2":4,"sol":{"path":["/c/en/tael","/c/zh/兩","/c/en/two","/c/en/card","/c/en/congratulation"],"weight":0.2057699999999999,"degrees":[33,15,1673,1332,167]},"num_concepts_raised":7466},{"base_id":691,"kind":"top_words","i1":2,"i2":5,"sol":{"path":["/c/en/tael","/c/en/weight","/c/en/people","/c/en/website","/c/en/technorati"],"weight":0.20790999999999982,"degrees":[33,1498,4475,577,34]},"num_concepts_raised":4878},{"base_id":691,"kind":"top_words","i1":2,"i2":6,"sol":{"path":["/c/en/tael","/c/en/silver","/c/en/gold","/c/en/bat","/c/vec/nòtoła","/c/en/noctule"],"weight":0.2080135999999997,"degrees":[33,1861,1435,1544,8,46]},"num_concepts_raised":443699},{"base_id":691,"kind":"top_words","i1":2,"i2":7,"sol":{"path":["/c/en/tael","/c/en/weight","/c/en/slang","/c/en/sound","/c/en/auscultation"],"weight":0.21124999999999988,"degrees":[33,1498,16318,3218,104]},"num_concepts_raised":20942},{"base_id":691,"kind":"top_words","i1":2,"i2":8,"sol":{"path":["/c/en/tael","/c/en/weight","/c/en/waste","/c/en/save","/c/en/economise"],"weight":0.20297999999999988,"degrees":[33,1498,1543,877,31]},"num_concepts_raised":6714},{"base_id":691,"kind":"top_words","i1":2,"i2":9,"sol":{"path":["/c/en/tael","/c/en/weight","/c/en/person","/c/en/good_luck","/c/en/godspeed"],"weight":0.20834999999999976,"degrees":[33,1498,12935,305,58]},"num_concepts_raised":8200},{"base_id":691,"kind":"top_words","i1":3,"i2":4,"sol":{"path":["/c/en/mauritian","/c/en/mauritian_creole","/c/en/language","/c/en/expression","/c/en/congratulation"],"weight":0.20688999999999988,"degrees":[39,32,4160,1025,167]},"num_concepts_raised":4255},{"base_id":691,"kind":"top_words","i1":3,"i2":5,"sol":{"path":["/c/en/mauritian","/c/en/person_with_nationality","/c/en/person","/c/en/knowledgable","/c/en/technorati"],"weight":0.2079399999999998,"degrees":[39,285,12935,9,34]},"num_concepts_raised":1629},{"base_id":691,"kind":"top_words","i1":3,"i2":6,"sol":{"path":["/c/en/mauritian","/c/en/aborigine","/c/en/black","/c/en/bat","/c/vec/nòtoła","/c/en/noctule"],"weight":0.20779759999999986,"degrees":[39,198,1965,1544,8,46]},"num_concepts_raised":161724},{"base_id":691,"kind":"top_words","i1":3,"i2":7,"sol":{"path":["/c/en/mauritian","/c/fr/mauricien","/c/fr/géographie","/c/en/sound","/c/en/auscultation"],"weight":0.21327999999999986,"degrees":[39,70,8043,3218,104]},"num_concepts_raised":17775},{"base_id":691,"kind":"top_words","i1":3,"i2":8,"sol":{"path":["/c/en/mauritian","/c/en/person_with_nationality","/c/en/austrian","/c/en/economic","/c/en/economise"],"weight":0.20282999999999984,"degrees":[39,285,163,478,31]},"num_concepts_raised":3479},{"base_id":691,"kind":"top_words","i1":3,"i2":9,"sol":{"path":["/c/en/mauritian","/c/en/person_with_nationality","/c/en/person","/c/en/good_luck","/c/en/godspeed"],"weight":0.20839999999999972,"degrees":[39,285,12935,305,58]},"num_concepts_raised":4975},{"base_id":691,"kind":"top_words","i1":4,"i2":5,"sol":{"path":["/c/en/congratulation","/c/en/congratulations","/c/en/person","/c/en/knowledgable","/c/en/technorati"],"weight":0.21004999999999982,"degrees":[167,192,12935,9,34]},"num_concepts_raised":4400},{"base_id":691,"kind":"top_words","i1":4,"i2":6,"sol":{"path":["/c/en/congratulation","/c/en/congratulate","/c/en/good","/c/en/bat","/c/vec/nòtoła","/c/en/noctule"],"weight":0.21535949999999987,"degrees":[167,278,2615,1544,8,46]},"num_concepts_raised":379642},{"base_id":691,"kind":"top_words","i1":4,"i2":7,"sol":{"path":["/c/en/congratulation","/c/en/expression","/c/en/sound","/c/en/auscultation"],"weight":0.21293999999999988,"degrees":[167,1025,3218,104]},"num_concepts_raised":20447},{"base_id":691,"kind":"top_words","i1":4,"i2":8,"sol":{"path":["/c/en/congratulation","/c/fr/félicitation","/c/fr/adresse","/c/fr/ménager","/c/en/economise"],"weight":0.20711999999999986,"degrees":[167,70,434,237,31]},"num_concepts_raised":6233},{"base_id":691,"kind":"top_words","i1":4,"i2":9,"sol":{"path":["/c/en/congratulation","/c/en/congratulate","/c/en/wish","/c/en/good_luck","/c/en/godspeed"],"weight":0.21235999999999974,"degrees":[167,278,1040,305,58]},"num_concepts_raised":7701},{"base_id":691,"kind":"top_words","i1":5,"i2":6,"sol":{"path":["/c/en/technorati","/c/en/website","/c/en/yelp","/c/fr/zoologie","/c/fr/noctule","/c/en/noctule"],"weight":0.2120199999999997,"degrees":[34,577,203,9122,12,46]},"num_concepts_raised":80448},{"base_id":691,"kind":"top_words","i1":5,"i2":7,"sol":{"path":["/c/en/technorati","/c/en/skilled","/c/ja/達者","/c/en/sound","/c/en/auscultation"],"weight":0.2160999999999998,"degrees":[34,372,30,3218,104]},"num_concepts_raised":17922},{"base_id":691,"kind":"top_words","i1":5,"i2":8,"sol":{"path":["/c/en/technorati","/c/en/skilled","/c/en/cooking","/c/en/conserve","/c/en/economise"],"weight":0.2077999999999998,"degrees":[34,372,1401,279,31]},"num_concepts_raised":3619},{"base_id":691,"kind":"top_words","i1":5,"i2":9,"sol":{"path":["/c/en/technorati","/c/en/knowledgable","/c/en/person","/c/en/good_luck","/c/en/godspeed"],"weight":0.21323999999999965,"degrees":[34,9,12935,305,58]},"num_concepts_raised":5111},{"base_id":691,"kind":"top_words","i1":6,"i2":7,"sol":{"path":["/c/en/noctule","/c/it/nottola","/c/en/latch","/c/en/internal","/c/en/auscultation"],"weight":0.21013999999999985,"degrees":[46,13,296,430,104]},"num_concepts_raised":17142},{"base_id":691,"kind":"top_words","i1":6,"i2":8,"sol":{"path":["/c/en/noctule","/c/fr/noctule","/c/fr/zoologie","/c/fr/magot","/c/fr/économiser","/c/en/economise"],"weight":0.20962659999999983,"degrees":[46,12,9122,44,229,31]},"num_concepts_raised":257466},{"base_id":691,"kind":"top_words","i1":6,"i2":9,"sol":{"path":["/c/en/noctule","/c/vec/nòtoła","/c/en/bat","/c/en/bye","/c/en/farewell","/c/en/godspeed"],"weight":0.21323749999999966,"degrees":[46,8,1544,307,428,58]},"num_concepts_raised":302037},{"base_id":691,"kind":"top_words","i1":7,"i2":8,"sol":{"path":["/c/en/auscultation","/c/fr/auscultation","/c/fr/chose","/c/fr/épargner","/c/en/economise"],"weight":0.21303999999999984,"degrees":[104,27,1900,272,31]},"num_concepts_raised":19742},{"base_id":691,"kind":"top_words","i1":7,"i2":9,"sol":{"path":["/c/en/auscultation","/c/en/sound","/c/en/speed","/c/en/godspeed"],"weight":0.2163999999999997,"degrees":[104,3218,938,58]},"num_concepts_raised":21199},{"base_id":691,"kind":"top_words","i1":8,"i2":9,"sol":{"path":["/c/en/economise","/c/fr/économiser","/c/en/salvage","/c/en/ship","/c/en/godspeed"],"weight":0.20909999999999973,"degrees":[31,229,196,2104,58]},"num_concepts_raised":6949}]]