[[{"base_id":696,"kind":"bot_words","i1":0,"i2":1,"sol":{"path":["/c/en/roil","/c/en/uk","/c/en/billycan","/c/en/dixie"],"weight":0.2086899999999997,"degrees":[70,5562,21,69]},"num_concepts_raised":33226},{"base_id":696,"kind":"bot_words","i1":0,"i2":2,"sol":{"path":["/c/en/roil","/c/fr/rendre","/c/fr/fixer","/c/en/attach"],"weight":0.21965999999999875,"degrees":[70,1723,714,604]},"num_concepts_raised":61376},{"base_id":696,"kind":"bot_words","i1":0,"i2":3,"sol":{"path":["/c/en/roil","/c/en/uk","/c/en/note","/c/en/reminder"],"weight":0.21221999999999958,"degrees":[70,5562,1578,180]},"num_concepts_raised":23886},{"base_id":696,"kind":"bot_words","i1":0,"i2":4,"sol":{"path":["/c/en/roil","/c/en/uk","/c/en/earwig","/c/en/eavesdrop"],"weight":0.20480999999999988,"degrees":[70,5562,225,146]},"num_concepts_raised":19244},{"base_id":696,"kind":"bot_words","i1":0,"i2":5,"sol":{"path":["/c/en/roil","/c/en/uk","/c/en/gage"],"weight":0.202,"degrees":[70,5562,68]},"num_concepts_raised":120},{"base_id":696,"kind":"bot_words","i1":0,"i2":6,"sol":{"path":["/c/en/roil","/c/en/uk","/c/en/bird","/c/en/canvasback"],"weight":0.20862999999999976,"degrees":[70,5562,4970,58]},"num_concepts_raised":20603},{"base_id":696,"kind":"bot_words","i1":0,"i2":7,"sol":{"path":["/c/en/roil","/c/en/churn","/c/en/rock","/c/en/petroglyph"],"weight":0.20962999999999982,"degrees":[70,272,2349,109]},"num_concepts_raised":17167},{"base_id":696,"kind":"bot_words","i1":0,"i2":8,"sol":{"path":["/c/en/roil","/c/en/sediment","/c/en/grout","/c/en/coarse","/c/en/granulated"],"weight":0.20427999999999968,"degrees":[70,421,96,562,41]},"num_concepts_raised":18003},{"base_id":696,"kind":"bot_words","i1":0,"i2":9,"sol":{"path":["/c/en/roil","/c/fr/rendre","/c/fr/effet","/c/en/impression"],"weight":0.20902999999999863,"degrees":[70,1723,607,487]},"num_concepts_raised":59214},{"base_id":696,"kind":"bot_words","i1":1,"i2":2,"sol":{"path":["/c/en/dixie","/c/en/us","/c/en/tie","/c/en/attach"],"weight":0.22319999999999876,"degrees":[69,8154,1211,604]},"num_concepts_raised":68974},{"base_id":696,"kind":"bot_words","i1":1,"i2":3,"sol":{"path":["/c/en/dixie","/c/fr/billet","/c/en/note","/c/en/reminder"],"weight":0.2173499999999996,"degrees":[69,311,1578,180]},"num_concepts_raised":31700},{"base_id":696,"kind":"bot_words","i1":1,"i2":4,"sol":{"path":["/c/en/dixie","/c/en/military","/c/en/tap","/c/en/eavesdrop"],"weight":0.20998999999999993,"degrees":[69,5690,803,146]},"num_concepts_raised":27160},{"base_id":696,"kind":"bot_words","i1":1,"i2":5,"sol":{"path":["/c/en/dixie","/c/en/pot","/c/en/gage"],"weight":0.20400000000000001,"degrees":[69,1260,68]},"num_concepts_raised":114},{"base_id":696,"kind":"bot_words","i1":1,"i2":6,"sol":{"path":["/c/en/dixie","/c/en/us","/c/en/bird","/c/en/canvasback"],"weight":0.21375999999999978,"degrees":[69,8154,4970,58]},"num_concepts_raised":28470},{"base_id":696,"kind":"bot_words","i1":1,"i2":7,"sol":{"path":["/c/en/dixie","/c/en/us","/c/en/rock","/c/en/petroglyph"],"weight":0.21468999999999985,"degrees":[69,8154,2349,109]},"num_concepts_raised":25104},{"base_id":696,"kind":"bot_words","i1":1,"i2":8,"sol":{"path":["/c/en/dixie","/c/en/us","/c/en/sugar","/c/en/granulated"],"weight":0.2084699999999997,"degrees":[69,8154,1902,41]},"num_concepts_raised":25924},{"base_id":696,"kind":"bot_words","i1":1,"i2":9,"sol":{"path":["/c/en/dixie","/c/en/us","/c/en/feel","/c/en/impression"],"weight":0.2132199999999987,"degrees":[69,8154,1238,487]},"num_concepts_raised":66963},{"base_id":696,"kind":"bot_words","i1":2,"i2":3,"sol":{"path":["/c/en/attach","/c/en/tie","/c/en/note","/c/en/reminder"],"weight":0.22657999999999862,"degrees":[604,1211,1578,180]},"num_concepts_raised":58925},{"base_id":696,"kind":"bot_words","i1":2,"i2":4,"sol":{"path":["/c/en/attach","/c/en/tie","/c/en/rubber","/c/en/eavesdrop"],"weight":0.21913999999999895,"degrees":[604,1211,605,146]},"num_concepts_raised":54654},{"base_id":696,"kind":"bot_words","i1":2,"i2":5,"sol":{"path":["/c/en/attach","/c/fr/joindre","/c/en/wed","/c/en/gage"],"weight":0.22054999999999875,"degrees":[604,543,201,68]},"num_concepts_raised":82676},{"base_id":696,"kind":"bot_words","i1":2,"i2":6,"sol":{"path":["/c/en/attach","/c/en/mount","/c/en/back","/c/en/canvasback"],"weight":0.22215999999999883,"degrees":[604,516,2238,58]},"num_concepts_raised":56106},{"base_id":696,"kind":"bot_words","i1":2,"i2":7,"sol":{"path":["/c/en/attach","/c/en/hinge","/c/en/archaeology","/c/en/petroglyph"],"weight":0.2229799999999989,"degrees":[604,408,724,109]},"num_concepts_raised":52847},{"base_id":696,"kind":"bot_words","i1":2,"i2":8,"sol":{"path":["/c/en/attach","/c/en/shell","/c/en/coarse","/c/en/granulated"],"weight":0.2155999999999988,"degrees":[604,1513,562,41]},"num_concepts_raised":53725},{"base_id":696,"kind":"bot_words","i1":2,"i2":9,"sol":{"path":["/c/en/attach","/c/ja/付ける","/c/en/mark","/c/en/impression"],"weight":0.22420999999999772,"degrees":[604,480,1876,487]},"num_concepts_raised":92180},{"base_id":696,"kind":"bot_words","i1":3,"i2":4,"sol":{"path":["/c/en/reminder","/c/fr/rappel","/c/fr/mécanique","/c/en/tap","/c/en/eavesdrop"],"weight":0.2153699999999998,"degrees":[180,114,1286,803,146]},"num_concepts_raised":16685},{"base_id":696,"kind":"bot_words","i1":3,"i2":5,"sol":{"path":["/c/en/reminder","/c/en/note","/c/en/uk","/c/en/gage"],"weight":0.21233999999999958,"degrees":[180,1578,5562,68]},"num_concepts_raised":46324},{"base_id":696,"kind":"bot_words","i1":3,"i2":6,"sol":{"path":["/c/en/reminder","/c/en/bill","/c/en/bird","/c/en/canvasback"],"weight":0.21514999999999967,"degrees":[180,1413,4970,58]},"num_concepts_raised":18037},{"base_id":696,"kind":"bot_words","i1":3,"i2":7,"sol":{"path":["/c/en/reminder","/c/en/rule_of_three","/c/en/times","/c/en/petroglyph"],"weight":0.21597999999999973,"degrees":[180,39,457,109]},"num_concepts_raised":14665},{"base_id":696,"kind":"bot_words","i1":3,"i2":8,"sol":{"path":["/c/en/reminder","/c/fr/rappel","/c/fr/bis","/c/it/semolato","/c/en/granulated"],"weight":0.2136999999999996,"degrees":[180,114,86,15,41]},"num_concepts_raised":15499},{"base_id":696,"kind":"bot_words","i1":3,"i2":9,"sol":{"path":["/c/en/reminder","/c/fr/rappel","/c/fr/idée","/c/en/impression"],"weight":0.21843999999999855,"degrees":[180,114,721,487]},"num_concepts_raised":56345},{"base_id":696,"kind":"bot_words","i1":4,"i2":5,"sol":{"path":["/c/en/eavesdrop","/c/en/tap","/c/en/slang","/c/en/gage"],"weight":0.20507999999999993,"degrees":[146,803,16318,68]},"num_concepts_raised":41941},{"base_id":696,"kind":"bot_words","i1":4,"i2":6,"sol":{"path":["/c/en/eavesdrop","/c/en/rubber","/c/en/duck","/c/en/canvasback"],"weight":0.20986,"degrees":[146,605,1215,58]},"num_concepts_raised":13330},{"base_id":696,"kind":"bot_words","i1":4,"i2":7,"sol":{"path":["/c/en/eavesdrop","/c/fr/chéneau","/c/fr/pierre","/c/fr/pétroglyphe","/c/en/petroglyph"],"weight":0.21600000000000008,"degrees":[146,36,1087,17,109]},"num_concepts_raised":9898},{"base_id":696,"kind":"bot_words","i1":4,"i2":8,"sol":{"path":["/c/en/eavesdrop","/c/en/hear","/c/en/bear","/c/en/coarse","/c/en/granulated"],"weight":0.20560999999999993,"degrees":[146,724,2152,562,41]},"num_concepts_raised":10713},{"base_id":696,"kind":"bot_words","i1":4,"i2":9,"sol":{"path":["/c/en/eavesdrop","/c/en/listen","/c/en/look","/c/en/impression"],"weight":0.2094899999999989,"degrees":[146,917,1962,487]},"num_concepts_raised":52333},{"base_id":696,"kind":"bot_words","i1":5,"i2":6,"sol":{"path":["/c/en/gage","/c/en/slang","/c/en/bird","/c/en/canvasback"],"weight":0.20881999999999978,"degrees":[68,16318,4970,58]},"num_concepts_raised":43197},{"base_id":696,"kind":"bot_words","i1":5,"i2":7,"sol":{"path":["/c/en/gage","/c/en/slang","/c/en/rock","/c/en/petroglyph"],"weight":0.20974999999999983,"degrees":[68,16318,2349,109]},"num_concepts_raised":39967},{"base_id":696,"kind":"bot_words","i1":5,"i2":8,"sol":{"path":["/c/en/gage","/c/en/slang","/c/en/sugar","/c/en/granulated"],"weight":0.2035199999999997,"degrees":[68,16318,1902,41]},"num_concepts_raised":40741},{"base_id":696,"kind":"bot_words","i1":5,"i2":9,"sol":{"path":["/c/en/gage","/c/ru/набор","/c/en/printing","/c/en/impression"],"weight":0.20950999999999864,"degrees":[68,43,896,487]},"num_concepts_raised":80914},{"base_id":696,"kind":"bot_words","i1":6,"i2":7,"sol":{"path":["/c/en/canvasback","/c/en/bird","/c/en/time","/c/en/times","/c/en/petroglyph"],"weight":0.2146999999999999,"degrees":[58,4970,4124,457,109]},"num_concepts_raised":11257},{"base_id":696,"kind":"bot_words","i1":6,"i2":8,"sol":{"path":["/c/en/canvasback","/c/en/canvas","/c/en/coarse","/c/en/granulated"],"weight":0.2092199999999998,"degrees":[58,367,562,41]},"num_concepts_raised":12070},{"base_id":696,"kind":"bot_words","i1":6,"i2":9,"sol":{"path":["/c/en/canvasback","/c/en/back","/c/en/movement","/c/en/impression"],"weight":0.21292999999999873,"degrees":[58,2238,1567,487]},"num_concepts_raised":53785},{"base_id":696,"kind":"bot_words","i1":7,"i2":8,"sol":{"path":["/c/en/petroglyph","/c/en/archaeology","/c/en/salt","/c/en/granulated"],"weight":0.20931999999999984,"degrees":[109,724,2754,41]},"num_concepts_raised":8601},{"base_id":696,"kind":"bot_words","i1":7,"i2":9,"sol":{"path":["/c/en/petroglyph","/c/en/glyph","/c/en/idea","/c/en/impression"],"weight":0.2150599999999988,"degrees":[109,113,1008,487]},"num_concepts_raised":50431},{"base_id":696,"kind":"bot_words","i1":8,"i2":9,"sol":{"path":["/c/en/granulated","/c/en/granule","/c/en/mark","/c/en/impression"],"weight":0.20804999999999868,"degrees":[41,185,1876,487]},"num_concepts_raised":51365}],[{"base_id":696,"kind":"top_words","i1":0,"i2":1,"sol":{"path":["/c/en/singapore","/c/en/country","/c/en/western","/c/en/westernize"],"weight":0.22019999999999934,"degrees":[572,2796,556,32]},"num_concepts_raised":20853},{"base_id":696,"kind":"top_words","i1":0,"i2":2,"sol":{"path":["/c/en/singapore","/c/en/power","/c/en/person","/c/en/magnate"],"weight":0.22720999999999925,"degrees":[572,2205,12935,105]},"num_concepts_raised":36079},{"base_id":696,"kind":"top_words","i1":0,"i2":3,"sol":{"path":["/c/en/singapore","/c/en/british","/c/en/smoke","/c/en/tobacco"],"weight":0.2396999999999989,"degrees":[572,3452,1757,673]},"num_concepts_raised":64001},{"base_id":696,"kind":"top_words","i1":0,"i2":4,"sol":{"path":["/c/en/singapore","/c/en/off","/c/en/out","/c/zh/大笑","/c/en/uproariously"],"weight":0.21899999999999925,"degrees":[572,726,1307,602,25]},"num_concepts_raised":20865},{"base_id":696,"kind":"top_words","i1":0,"i2":5,"sol":{"path":["/c/en/singapore","/c/en/pap","/c/en/organic_chemistry","/c/en/anil"],"weight":0.21945999999999927,"degrees":[572,112,6499,55]},"num_concepts_raised":27630},{"base_id":696,"kind":"top_words","i1":0,"i2":6,"sol":{"path":["/c/en/singapore","/c/en/british","/c/en/smoke","/c/en/cigarette"],"weight":0.24011999999999917,"degrees":[572,3452,1757,785]},"num_concepts_raised":78360},{"base_id":696,"kind":"top_words","i1":0,"i2":7,"sol":{"path":["/c/en/singapore","/c/en/british","/c/en/business","/c/en/conglomerate"],"weight":0.2280499999999991,"degrees":[572,3452,2538,181]},"num_concepts_raised":33597},{"base_id":696,"kind":"top_words","i1":0,"i2":8,"sol":{"path":["/c/en/singapore","/c/en/british","/c/en/person","/c/en/philip"],"weight":0.22585999999999928,"degrees":[572,3452,12935,155]},"num_concepts_raised":38328},{"base_id":696,"kind":"top_words","i1":0,"i2":9,"sol":{"path":["/c/en/singapore","/c/en/power","/c/en/baron","/c/en/mogul"],"weight":0.21967999999999926,"degrees":[572,2205,280,64]},"num_concepts_raised":25964},{"base_id":696,"kind":"top_words","i1":1,"i2":2,"sol":{"path":["/c/en/westernize","/c/en/western","/c/en/music","/c/en/person","/c/en/magnate"],"weight":0.21192999999999995,"degrees":[32,556,8822,12935,105]},"num_concepts_raised":17271},{"base_id":696,"kind":"top_words","i1":1,"i2":3,"sol":{"path":["/c/en/westernize","/c/en/western","/c/en/colorado","/c/en/cigar","/c/en/tobacco"],"weight":0.22620999999999958,"degrees":[32,556,486,376,673]},"num_concepts_raised":45707},{"base_id":696,"kind":"top_words","i1":1,"i2":4,"sol":{"path":["/c/en/westernize","/c/en/western","/c/en/blow","/c/en/burst","/c/zh/大笑","/c/en/uproariously"],"weight":0.20736359999999976,"degrees":[32,556,1623,699,602,25]},"num_concepts_raised":98469},{"base_id":696,"kind":"top_words","i1":1,"i2":5,"sol":{"path":["/c/en/westernize","/c/en/western","/c/en/northern","/c/en/blue","/c/en/indigo","/c/en/anil"],"weight":0.2135378999999999,"degrees":[32,556,484,1611,312,55]},"num_concepts_raised":198413},{"base_id":696,"kind":"top_words","i1":1,"i2":6,"sol":{"path":["/c/en/westernize","/c/en/western","/c/en/colorado","/c/en/cigar","/c/en/cigarette"],"weight":0.2248599999999999,"degrees":[32,556,486,376,785]},"num_concepts_raised":60905},{"base_id":696,"kind":"top_words","i1":1,"i2":7,"sol":{"path":["/c/en/westernize","/c/en/western","/c/en/bed","/c/en/geology","/c/en/conglomerate"],"weight":0.2129499999999998,"degrees":[32,556,2185,3862,181]},"num_concepts_raised":14874},{"base_id":696,"kind":"top_words","i1":1,"i2":8,"sol":{"path":["/c/en/westernize","/c/en/western","/c/en/music","/c/en/fill","/c/en/philip"],"weight":0.21266,"degrees":[32,556,8822,888,155]},"num_concepts_raised":19452},{"base_id":696,"kind":"top_words","i1":1,"i2":9,"sol":{"path":["/c/en/westernize","/c/en/westernizer","/c/en/historical","/c/en/moghul","/c/en/mogul"],"weight":0.20538999999999996,"degrees":[32,13,8415,36,64]},"num_concepts_raised":6713},{"base_id":696,"kind":"top_words","i1":2,"i2":3,"sol":{"path":["/c/en/magnate","/c/en/person","/c/en/tobacco"],"weight":0.20900000000000002,"degrees":[105,12935,673]},"num_concepts_raised":544},{"base_id":696,"kind":"top_words","i1":2,"i2":4,"sol":{"path":["/c/en/magnate","/c/en/person","/c/en/laugh","/c/zh/大笑","/c/en/uproariously"],"weight":0.21079999999999982,"degrees":[105,12935,1103,602,25]},"num_concepts_raised":17261},{"base_id":696,"kind":"top_words","i1":2,"i2":5,"sol":{"path":["/c/en/magnate","/c/en/person","/c/en/indigo","/c/en/anil"],"weight":0.21364999999999987,"degrees":[105,12935,312,55]},"num_concepts_raised":24043},{"base_id":696,"kind":"top_words","i1":2,"i2":6,"sol":{"path":["/c/en/magnate","/c/en/person","/c/en/tobacco","/c/en/cigarette"],"weight":0.23226999999999978,"degrees":[105,12935,673,785]},"num_concepts_raised":75679},{"base_id":696,"kind":"top_words","i1":2,"i2":7,"sol":{"path":["/c/en/magnate","/c/en/captain_of_industry","/c/en/business","/c/en/conglomerate"],"weight":0.2197499999999997,"degrees":[105,20,2538,181]},"num_concepts_raised":30445},{"base_id":696,"kind":"top_words","i1":2,"i2":8,"sol":{"path":["/c/en/magnate","/c/en/person","/c/en/philip"],"weight":0.20700000000000002,"degrees":[105,12935,155]},"num_concepts_raised":201},{"base_id":696,"kind":"top_words","i1":2,"i2":9,"sol":{"path":["/c/en/magnate","/c/en/mogul"],"weight":0.20600000000000002,"degrees":[105,64]},"num_concepts_raised":117},{"base_id":696,"kind":"top_words","i1":3,"i2":4,"sol":{"path":["/c/en/tobacco","/c/en/cigarette","/c/en/hand","/c/zh/撫掌大笑","/c/en/uproariously"],"weight":0.22572999999999946,"degrees":[673,785,2596,6,25]},"num_concepts_raised":45698},{"base_id":696,"kind":"top_words","i1":3,"i2":5,"sol":{"path":["/c/en/tobacco","/c/en/plant","/c/en/indigo","/c/en/anil"],"weight":0.22343999999999953,"degrees":[673,7959,312,55]},"num_concepts_raised":52386},{"base_id":696,"kind":"top_words","i1":3,"i2":6,"sol":{"path":["/c/en/tobacco","/c/en/cigarette"],"weight":0.21200000000000002,"degrees":[673,785]},"num_concepts_raised":959},{"base_id":696,"kind":"top_words","i1":3,"i2":7,"sol":{"path":["/c/en/tobacco","/c/en/pipe","/c/en/geology","/c/en/conglomerate"],"weight":0.23384999999999934,"degrees":[673,1039,3862,181]},"num_concepts_raised":58492},{"base_id":696,"kind":"top_words","i1":3,"i2":8,"sol":{"path":["/c/en/tobacco","/c/en/person","/c/en/philip"],"weight":0.20800000000000002,"degrees":[673,12935,155]},"num_concepts_raised":586},{"base_id":696,"kind":"top_words","i1":3,"i2":9,"sol":{"path":["/c/en/tobacco","/c/en/screw","/c/en/mogul"],"weight":0.20600000000000002,"degrees":[673,694,64]},"num_concepts_raised":515},{"base_id":696,"kind":"top_words","i1":4,"i2":5,"sol":{"path":["/c/en/uproariously","/c/zh/大笑","/c/en/laugh","/c/en/person","/c/en/indigo","/c/en/anil"],"weight":0.21102779999999982,"degrees":[25,602,1103,12935,312,55]},"num_concepts_raised":194030},{"base_id":696,"kind":"top_words","i1":4,"i2":6,"sol":{"path":["/c/en/uproariously","/c/zh/撫掌大笑","/c/en/hand","/c/en/cigarette"],"weight":0.2183399999999998,"degrees":[25,6,2596,785]},"num_concepts_raised":60906},{"base_id":696,"kind":"top_words","i1":4,"i2":7,"sol":{"path":["/c/en/uproariously","/c/zh/撫掌大笑","/c/en/one","/c/en/combined","/c/en/conglomerate"],"weight":0.2114599999999997,"degrees":[25,6,2499,150,181]},"num_concepts_raised":14862},{"base_id":696,"kind":"top_words","i1":4,"i2":8,"sol":{"path":["/c/en/uproariously","/c/zh/大笑","/c/en/laugh","/c/en/person","/c/en/philip"],"weight":0.2094899999999999,"degrees":[25,602,1103,12935,155]},"num_concepts_raised":19443},{"base_id":696,"kind":"top_words","i1":4,"i2":9,"sol":{"path":["/c/en/uproariously","/c/en/uproarious","/c/en/noise","/c/en/bump","/c/en/mogul"],"weight":0.20319999999999985,"degrees":[25,75,1201,479,64]},"num_concepts_raised":6697},{"base_id":696,"kind":"top_words","i1":5,"i2":6,"sol":{"path":["/c/en/anil","/c/en/indigo","/c/en/person","/c/en/tobacco","/c/en/cigarette"],"weight":0.22705999999999982,"degrees":[55,312,12935,673,785]},"num_concepts_raised":67654},{"base_id":696,"kind":"top_words","i1":5,"i2":7,"sol":{"path":["/c/en/anil","/c/fr/indigo","/c/fr/industriel","/c/fr/conglomérat","/c/en/conglomerate"],"weight":0.21431999999999973,"degrees":[55,105,226,40,181]},"num_concepts_raised":21636},{"base_id":696,"kind":"top_words","i1":5,"i2":8,"sol":{"path":["/c/en/anil","/c/en/indigo","/c/en/person","/c/en/philip"],"weight":0.2123499999999999,"degrees":[55,312,12935,155]},"num_concepts_raised":26225},{"base_id":696,"kind":"top_words","i1":5,"i2":9,"sol":{"path":["/c/en/anil","/c/en/dye","/c/en/base","/c/en/mogul"],"weight":0.2036799999999999,"degrees":[55,795,2117,64]},"num_concepts_raised":13466},{"base_id":696,"kind":"top_words","i1":6,"i2":7,"sol":{"path":["/c/en/cigarette","/c/en/joint","/c/en/geology","/c/en/conglomerate"],"weight":0.2298199999999997,"degrees":[785,1413,3862,181]},"num_concepts_raised":73281},{"base_id":696,"kind":"top_words","i1":6,"i2":8,"sol":{"path":["/c/en/cigarette","/c/en/tobacco","/c/en/person","/c/en/philip"],"weight":0.23096999999999984,"degrees":[785,673,12935,155]},"num_concepts_raised":77583},{"base_id":696,"kind":"top_words","i1":6,"i2":9,"sol":{"path":["/c/en/cigarette","/c/en/tobacco","/c/en/screw","/c/en/mogul"],"weight":0.2245299999999998,"degrees":[785,673,694,64]},"num_concepts_raised":65619},{"base_id":696,"kind":"top_words","i1":7,"i2":8,"sol":{"path":["/c/en/conglomerate","/c/en/rock","/c/en/person","/c/en/philip"],"weight":0.21639999999999976,"degrees":[181,2349,12935,155]},"num_concepts_raised":32399},{"base_id":696,"kind":"top_words","i1":7,"i2":9,"sol":{"path":["/c/en/conglomerate","/c/en/mass","/c/en/hump","/c/en/mogul"],"weight":0.21216999999999972,"degrees":[181,1639,236,64]},"num_concepts_raised":19994},{"base_id":696,"kind":"top_words","i1":8,"i2":9,"sol":{"path":["/c/en/philip","/c/en/person","/c/en/magnate","/c/en/mogul"],"weight":0.21123999999999987,"degrees":[155,12935,105,64]},"num_concepts_raised":24638}]]