[[{"base_id":911,"kind":"bot_words","i1":0,"i2":1,"sol":{"path":["/c/en/felonious","/c/en/legal","/c/fr/ordre","/c/fr/obéissance","/c/en/manageability"],"weight":0.20498999999999992,"degrees":[32,6627,1138,85,35]},"num_concepts_raised":8756},{"base_id":911,"kind":"bot_words","i1":0,"i2":2,"sol":{"path":["/c/en/felonious","/c/en/criminal","/c/en/person","/c/en/homosexual","/c/en/homophile"],"weight":0.20557999999999996,"degrees":[32,971,12935,788,35]},"num_concepts_raised":17477},{"base_id":911,"kind":"bot_words","i1":0,"i2":3,"sol":{"path":["/c/en/felonious","/c/en/legal","/c/en/maker","/c/en/filmmaker"],"weight":0.20447999999999997,"degrees":[32,6627,486,72]},"num_concepts_raised":14723},{"base_id":911,"kind":"bot_words","i1":0,"i2":4,"sol":{"path":["/c/en/felonious","/c/en/felony","/c/fr/droit","/c/fr/rectitude","/c/en/rectitude"],"weight":0.2066499999999999,"degrees":[32,123,4052,40,67]},"num_concepts_raised":14095},{"base_id":911,"kind":"bot_words","i1":0,"i2":5,"sol":{"path":["/c/en/felonious","/c/en/legal","/c/en/pan","/c/en/saturn","/c/en/saturnine"],"weight":0.20410999999999996,"degrees":[32,6627,880,432,38]},"num_concepts_raised":13825},{"base_id":911,"kind":"bot_words","i1":0,"i2":6,"sol":{"path":["/c/en/felonious","/c/en/monkey_business","/c/en/slang","/c/en/ninja"],"weight":0.21728000000000025,"degrees":[32,46,16318,217]},"num_concepts_raised":54197},{"base_id":911,"kind":"bot_words","i1":0,"i2":7,"sol":{"path":["/c/en/felonious","/c/en/legal","/c/fr/partie","/c/fr/myocarde","/c/en/myocardium"],"weight":0.20592999999999995,"degrees":[32,6627,2399,24,95]},"num_concepts_raised":30348},{"base_id":911,"kind":"bot_words","i1":0,"i2":8,"sol":{"path":["/c/en/felonious","/c/en/legal","/c/en/inure","/c/en/harden","/c/en/hardened"],"weight":0.20589999999999975,"degrees":[32,6627,96,357,103]},"num_concepts_raised":16710},{"base_id":911,"kind":"bot_words","i1":0,"i2":9,"sol":{"path":["/c/en/felonious","/c/en/legal","/c/en/location","/c/en/geolocation"],"weight":0.20385999999999993,"degrees":[32,6627,799,27]},"num_concepts_raised":8742},{"base_id":911,"kind":"bot_words","i1":1,"i2":2,"sol":{"path":["/c/en/manageability","/c/en/manage","/c/en/man","/c/en/historical","/c/en/homophile"],"weight":0.2029399999999999,"degrees":[35,722,3068,8415,35]},"num_concepts_raised":10800},{"base_id":911,"kind":"bot_words","i1":1,"i2":3,"sol":{"path":["/c/en/manageability","/c/en/manage","/c/en/direct","/c/en/film","/c/en/filmmaker"],"weight":0.20468999999999993,"degrees":[35,722,1032,2504,72]},"num_concepts_raised":7919},{"base_id":911,"kind":"bot_words","i1":1,"i2":4,"sol":{"path":["/c/en/manageability","/c/en/manage","/c/la/rego","/c/en/rectitude"],"weight":0.20335999999999982,"degrees":[35,722,162,67]},"num_concepts_raised":7399},{"base_id":911,"kind":"bot_words","i1":1,"i2":5,"sol":{"path":["/c/en/manageability","/c/en/tractability","/c/en/trait","/c/en/sarcastic","/c/en/saturnine"],"weight":0.2042099999999999,"degrees":[35,44,353,322,38]},"num_concepts_raised":6952},{"base_id":911,"kind":"bot_words","i1":1,"i2":6,"sol":{"path":["/c/en/manageability","/c/fr/souplesse","/c/fr/raide","/c/en/slang","/c/en/ninja"],"weight":0.21936000000000017,"degrees":[35,84,200,16318,217]},"num_concepts_raised":48013},{"base_id":911,"kind":"bot_words","i1":1,"i2":7,"sol":{"path":["/c/en/manageability","/c/fr/souplesse","/c/fr/esprit","/c/en/substance","/c/en/myocardium"],"weight":0.20595999999999992,"degrees":[35,84,1035,1169,95]},"num_concepts_raised":23570},{"base_id":911,"kind":"bot_words","i1":1,"i2":8,"sol":{"path":["/c/en/manageability","/c/fr/souplesse","/c/vi/cứng","/c/en/hard","/c/en/hardened"],"weight":0.2068999999999997,"degrees":[35,84,20,1500,103]},"num_concepts_raised":9923},{"base_id":911,"kind":"bot_words","i1":1,"i2":9,"sol":{"path":["/c/en/manageability","/c/en/manage","/c/en/control","/c/en/geoslavery","/c/en/geolocation"],"weight":0.2028099999999999,"degrees":[35,722,1901,7,27]},"num_concepts_raised":1878},{"base_id":911,"kind":"bot_words","i1":2,"i2":3,"sol":{"path":["/c/en/homophile","/c/en/homosexual","/c/en/queersploitation","/c/en/film","/c/en/filmmaker"],"weight":0.20694999999999997,"degrees":[35,788,9,2504,72]},"num_concepts_raised":16798},{"base_id":911,"kind":"bot_words","i1":2,"i2":4,"sol":{"path":["/c/en/homophile","/c/en/historical","/c/en/stray","/c/en/rectitude"],"weight":0.20328999999999986,"degrees":[35,8415,296,67]},"num_concepts_raised":16300},{"base_id":911,"kind":"bot_words","i1":2,"i2":5,"sol":{"path":["/c/en/homophile","/c/en/historical","/c/en/lead","/c/en/saturnine"],"weight":0.2030099999999999,"degrees":[35,8415,2667,38]},"num_concepts_raised":15858},{"base_id":911,"kind":"bot_words","i1":2,"i2":6,"sol":{"path":["/c/en/homophile","/c/en/historical","/c/en/ninja"],"weight":0.20600000000000002,"degrees":[35,8415,217]},"num_concepts_raised":154},{"base_id":911,"kind":"bot_words","i1":2,"i2":7,"sol":{"path":["/c/en/homophile","/c/en/homosexual","/c/en/human","/c/en/myocardium"],"weight":0.20622999999999994,"degrees":[35,788,2645,95]},"num_concepts_raised":32326},{"base_id":911,"kind":"bot_words","i1":2,"i2":8,"sol":{"path":["/c/en/homophile","/c/en/historical","/c/en/devon_wrestling","/c/en/hardened"],"weight":0.2036799999999997,"degrees":[35,8415,6,103]},"num_concepts_raised":18761},{"base_id":911,"kind":"bot_words","i1":2,"i2":9,"sol":{"path":["/c/en/homophile","/c/en/homosexual","/c/en/bar","/c/en/location","/c/en/geolocation"],"weight":0.20617999999999992,"degrees":[35,788,1972,799,27]},"num_concepts_raised":10780},{"base_id":911,"kind":"bot_words","i1":3,"i2":4,"sol":{"path":["/c/en/filmmaker","/c/en/maker","/c/en/person","/c/en/integrity","/c/en/rectitude"],"weight":0.2059399999999999,"degrees":[72,486,12935,336,67]},"num_concepts_raised":13399},{"base_id":911,"kind":"bot_words","i1":3,"i2":5,"sol":{"path":["/c/en/filmmaker","/c/en/film","/c/en/critical","/c/en/sarcastic","/c/en/saturnine"],"weight":0.20569999999999997,"degrees":[72,2504,476,322,38]},"num_concepts_raised":12942},{"base_id":911,"kind":"bot_words","i1":3,"i2":6,"sol":{"path":["/c/en/filmmaker","/c/en/producer","/c/en/slang","/c/en/ninja"],"weight":0.21794000000000024,"degrees":[72,282,16318,217]},"num_concepts_raised":53597},{"base_id":911,"kind":"bot_words","i1":3,"i2":7,"sol":{"path":["/c/en/filmmaker","/c/en/film","/c/en/layer","/c/en/myocardium"],"weight":0.20550999999999997,"degrees":[72,2504,898,95]},"num_concepts_raised":29467},{"base_id":911,"kind":"bot_words","i1":3,"i2":8,"sol":{"path":["/c/en/filmmaker","/c/en/film","/c/en/set","/c/en/hardened"],"weight":0.20535999999999974,"degrees":[72,2504,2628,103]},"num_concepts_raised":15800},{"base_id":911,"kind":"bot_words","i1":3,"i2":9,"sol":{"path":["/c/en/filmmaker","/c/en/film","/c/en/object","/c/en/location","/c/en/geolocation"],"weight":0.20549999999999996,"degrees":[72,2504,1642,799,27]},"num_concepts_raised":7917},{"base_id":911,"kind":"bot_words","i1":4,"i2":5,"sol":{"path":["/c/en/rectitude","/c/en/conduct","/c/en/lead","/c/en/saturnine"],"weight":0.20340999999999987,"degrees":[67,784,2667,38]},"num_concepts_raised":12383},{"base_id":911,"kind":"bot_words","i1":4,"i2":6,"sol":{"path":["/c/en/rectitude","/c/en/integrity","/c/en/person","/c/en/ninja"],"weight":0.21663000000000016,"degrees":[67,336,12935,217]},"num_concepts_raised":53256},{"base_id":911,"kind":"bot_words","i1":4,"i2":7,"sol":{"path":["/c/en/rectitude","/c/en/moral","/c/en/heart","/c/en/myocardium"],"weight":0.20458999999999988,"degrees":[67,587,1857,95]},"num_concepts_raised":29008},{"base_id":911,"kind":"bot_words","i1":4,"i2":8,"sol":{"path":["/c/en/rectitude","/c/en/immoral","/c/en/abandoned","/c/en/hardened"],"weight":0.20512999999999965,"degrees":[67,259,246,103]},"num_concepts_raised":15346},{"base_id":911,"kind":"bot_words","i1":4,"i2":9,"sol":{"path":["/c/en/rectitude","/c/en/integrity","/c/en/bottom","/c/en/location","/c/en/geolocation"],"weight":0.20526999999999984,"degrees":[67,336,1018,799,27]},"num_concepts_raised":7420},{"base_id":911,"kind":"bot_words","i1":5,"i2":6,"sol":{"path":["/c/en/saturnine","/c/en/lead","/c/en/slang","/c/en/ninja"],"weight":0.21739000000000025,"degrees":[38,2667,16318,217]},"num_concepts_raised":52773},{"base_id":911,"kind":"bot_words","i1":5,"i2":7,"sol":{"path":["/c/en/saturnine","/c/fr/sombre","/c/fr/partie","/c/fr/myocarde","/c/en/myocardium"],"weight":0.20600999999999994,"degrees":[38,447,2399,24,95]},"num_concepts_raised":28558},{"base_id":911,"kind":"bot_words","i1":5,"i2":8,"sol":{"path":["/c/en/saturnine","/c/en/lead","/c/en/steel","/c/en/hardened"],"weight":0.2038899999999997,"degrees":[38,2667,1352,103]},"num_concepts_raised":14870},{"base_id":911,"kind":"bot_words","i1":5,"i2":9,"sol":{"path":["/c/en/saturnine","/c/en/lead","/c/en/point","/c/en/location","/c/en/geolocation"],"weight":0.2039499999999999,"degrees":[38,2667,2624,799,27]},"num_concepts_raised":6969},{"base_id":911,"kind":"bot_words","i1":6,"i2":7,"sol":{"path":["/c/en/ninja","/c/en/person","/c/en/heart","/c/en/myocardium"],"weight":0.21641000000000024,"degrees":[217,12935,1857,95]},"num_concepts_raised":68579},{"base_id":911,"kind":"bot_words","i1":6,"i2":8,"sol":{"path":["/c/en/ninja","/c/en/slang","/c/en/hard","/c/en/hardened"],"weight":0.21928000000000003,"degrees":[217,16318,1500,103]},"num_concepts_raised":55474},{"base_id":911,"kind":"bot_words","i1":6,"i2":9,"sol":{"path":["/c/en/ninja","/c/en/internet","/c/en/geo_blocking","/c/en/geolocation"],"weight":0.2160700000000002,"degrees":[217,2994,11,27]},"num_concepts_raised":47933},{"base_id":911,"kind":"bot_words","i1":7,"i2":8,"sol":{"path":["/c/en/myocardium","/c/en/muscle","/c/en/hard","/c/en/hardened"],"weight":0.20589999999999975,"degrees":[95,1708,1500,103]},"num_concepts_raised":30990},{"base_id":911,"kind":"bot_words","i1":7,"i2":9,"sol":{"path":["/c/en/myocardium","/c/en/middle","/c/en/location","/c/en/geolocation"],"weight":0.20475999999999994,"degrees":[95,1081,799,27]},"num_concepts_raised":23524},{"base_id":911,"kind":"bot_words","i1":8,"i2":9,"sol":{"path":["/c/en/hardened","/c/en/harden","/c/en/computing","/c/en/geo_blocking","/c/en/geolocation"],"weight":0.20670999999999973,"degrees":[103,357,9084,11,27]},"num_concepts_raised":9897}],[{"base_id":911,"kind":"top_words","i1":0,"i2":1,"sol":{"path":["/c/en/waymark","/c/en/sign","/c/en/red","/c/en/poppy","/c/en/poppyseed"],"weight":0.20533999999999994,"degrees":[27,2004,1983,301,45]},"num_concepts_raised":10001},{"base_id":911,"kind":"top_words","i1":0,"i2":2,"sol":{"path":["/c/en/waymark","/c/en/sign","/c/en/document","/c/en/copier","/c/en/duplicator"],"weight":0.2049699999999998,"degrees":[27,2004,1186,58,48]},"num_concepts_raised":8486},{"base_id":911,"kind":"top_words","i1":0,"i2":3,"sol":{"path":["/c/en/waymark","/c/en/sign","/c/en/write","/c/en/think","/c/en/methinks"],"weight":0.20425999999999975,"degrees":[27,2004,1447,1553,67]},"num_concepts_raised":11679},{"base_id":911,"kind":"top_words","i1":0,"i2":4,"sol":{"path":["/c/en/waymark","/c/en/milestone","/c/en/stone","/c/en/stoning"],"weight":0.2084499999999998,"degrees":[27,207,1934,83]},"num_concepts_raised":10572},{"base_id":911,"kind":"top_words","i1":0,"i2":5,"sol":{"path":["/c/en/waymark","/c/en/signpost","/c/en/information","/c/en/synthesis","/c/en/vocoder"],"weight":0.2079199999999998,"degrees":[27,130,1544,378,41]},"num_concepts_raised":10981},{"base_id":911,"kind":"top_words","i1":0,"i2":6,"sol":{"path":["/c/en/waymark","/c/en/sign","/c/en/language","/c/en/wikipedia","/c/en/mediawiki"],"weight":0.2106399999999996,"degrees":[27,2004,4160,391,99]},"num_concepts_raised":9574},{"base_id":911,"kind":"top_words","i1":0,"i2":7,"sol":{"path":["/c/en/waymark","/c/en/signpost","/c/en/mark","/c/en/fish","/c/en/zebrafish"],"weight":0.21052999999999975,"degrees":[27,130,1876,4424,69]},"num_concepts_raised":13387},{"base_id":911,"kind":"top_words","i1":0,"i2":8,"sol":{"path":["/c/en/waymark","/c/en/fingerpost","/c/en/board","/c/en/company","/c/en/exxonmobil"],"weight":0.2090399999999997,"degrees":[27,20,1625,2258,57]},"num_concepts_raised":10384},{"base_id":911,"kind":"top_words","i1":0,"i2":9,"sol":{"path":["/c/en/waymark","/c/en/sign","/c/en/form","/c/en/morphic"],"weight":0.20395999999999992,"degrees":[27,2004,2423,26]},"num_concepts_raised":16376},{"base_id":911,"kind":"top_words","i1":1,"i2":2,"sol":{"path":["/c/en/poppyseed","/c/en/poppy","/c/en/flower","/c/en/apparatus","/c/en/duplicator"],"weight":0.20552999999999988,"degrees":[45,301,2500,482,48]},"num_concepts_raised":4800},{"base_id":911,"kind":"top_words","i1":1,"i2":3,"sol":{"path":["/c/en/poppyseed","/c/en/poppy","/c/en/sound","/c/es/parecer","/c/en/methinks"],"weight":0.20576999999999984,"degrees":[45,301,3218,106,67]},"num_concepts_raised":8007},{"base_id":911,"kind":"top_words","i1":1,"i2":4,"sol":{"path":["/c/en/poppyseed","/c/en/seed","/c/en/stone","/c/en/stoning"],"weight":0.2099799999999999,"degrees":[45,1813,1934,83]},"num_concepts_raised":6885},{"base_id":911,"kind":"top_words","i1":1,"i2":5,"sol":{"path":["/c/en/poppyseed","/c/en/poppy","/c/en/music","/c/en/analysis","/c/en/vocoder"],"weight":0.21049999999999988,"degrees":[45,301,8822,811,41]},"num_concepts_raised":7350},{"base_id":911,"kind":"top_words","i1":1,"i2":6,"sol":{"path":["/c/en/poppyseed","/c/en/seed","/c/en/kernel","/c/en/software","/c/en/mediawiki"],"weight":0.21204999999999968,"degrees":[45,1813,546,1812,99]},"num_concepts_raised":5889},{"base_id":911,"kind":"top_words","i1":1,"i2":7,"sol":{"path":["/c/en/poppyseed","/c/en/poppy","/c/en/sound","/c/en/fish","/c/en/zebrafish"],"weight":0.21299999999999986,"degrees":[45,301,3218,4424,69]},"num_concepts_raised":9685},{"base_id":911,"kind":"top_words","i1":1,"i2":8,"sol":{"path":["/c/en/poppyseed","/c/en/poppy","/c/en/red","/c/en/texas","/c/en/exxonmobil"],"weight":0.2106099999999998,"degrees":[45,301,1983,887,57]},"num_concepts_raised":6733},{"base_id":911,"kind":"top_words","i1":1,"i2":9,"sol":{"path":["/c/en/poppyseed","/c/en/bread","/c/en/form","/c/en/morphic"],"weight":0.20427,"degrees":[45,1741,2423,26]},"num_concepts_raised":12651},{"base_id":911,"kind":"top_words","i1":2,"i2":3,"sol":{"path":["/c/en/duplicator","/c/en/reproduce","/c/en/plan","/c/en/think","/c/en/methinks"],"weight":0.20443999999999968,"degrees":[48,417,1278,1553,67]},"num_concepts_raised":6493},{"base_id":911,"kind":"top_words","i1":2,"i2":4,"sol":{"path":["/c/en/duplicator","/c/en/duplicate","/c/en/legal","/c/en/lapidation","/c/en/stoning"],"weight":0.21305999999999975,"degrees":[48,351,6627,53,83]},"num_concepts_raised":5409},{"base_id":911,"kind":"top_words","i1":2,"i2":5,"sol":{"path":["/c/en/duplicator","/c/en/copier","/c/en/computing","/c/en/coder","/c/en/vocoder"],"weight":0.21005999999999975,"degrees":[48,58,9084,36,41]},"num_concepts_raised":5825},{"base_id":911,"kind":"top_words","i1":2,"i2":6,"sol":{"path":["/c/en/duplicator","/c/en/copier","/c/en/office","/c/en/software","/c/en/mediawiki"],"weight":0.21279999999999955,"degrees":[48,58,1568,1812,99]},"num_concepts_raised":4369},{"base_id":911,"kind":"top_words","i1":2,"i2":7,"sol":{"path":["/c/en/duplicator","/c/en/reproduce","/c/en/animal","/c/en/fish","/c/en/zebrafish"],"weight":0.2105799999999997,"degrees":[48,417,3735,4424,69]},"num_concepts_raised":8191},{"base_id":911,"kind":"top_words","i1":2,"i2":8,"sol":{"path":["/c/en/duplicator","/c/en/xerox","/c/en/company","/c/en/exxonmobil"],"weight":0.20822999999999964,"degrees":[48,169,2258,57]},"num_concepts_raised":5224},{"base_id":911,"kind":"top_words","i1":2,"i2":9,"sol":{"path":["/c/en/duplicator","/c/en/duplicate","/c/en/botany","/c/en/morphic"],"weight":0.2028799999999999,"degrees":[48,351,6881,26]},"num_concepts_raised":11282},{"base_id":911,"kind":"top_words","i1":3,"i2":4,"sol":{"path":["/c/en/methinks","/c/en/think","/c/en/alive","/c/en/stone","/c/en/stoning"],"weight":0.2100199999999997,"degrees":[67,1553,600,1934,83]},"num_concepts_raised":8615},{"base_id":911,"kind":"top_words","i1":3,"i2":5,"sol":{"path":["/c/en/methinks","/c/en/think","/c/en/speak","/c/en/speech","/c/en/vocoder"],"weight":0.20943999999999968,"degrees":[67,1553,1441,1403,41]},"num_concepts_raised":9017},{"base_id":911,"kind":"top_words","i1":3,"i2":6,"sol":{"path":["/c/en/methinks","/c/en/humorous","/c/en/citation_needed","/c/en/wiki","/c/en/mediawiki"],"weight":0.21304999999999952,"degrees":[67,2269,56,265,99]},"num_concepts_raised":7579},{"base_id":911,"kind":"top_words","i1":3,"i2":7,"sol":{"path":["/c/en/methinks","/c/en/think","/c/en/person","/c/en/fish","/c/en/zebrafish"],"weight":0.21193999999999966,"degrees":[67,1553,12935,4424,69]},"num_concepts_raised":11388},{"base_id":911,"kind":"top_words","i1":3,"i2":8,"sol":{"path":["/c/en/methinks","/c/en/think","/c/en/feel","/c/en/company","/c/en/exxonmobil"],"weight":0.2096399999999996,"degrees":[67,1553,1238,2258,57]},"num_concepts_raised":8420},{"base_id":911,"kind":"top_words","i1":3,"i2":9,"sol":{"path":["/c/en/methinks","/c/en/think","/c/en/change","/c/en/morph","/c/en/morphic"],"weight":0.20654999999999984,"degrees":[67,1553,3383,74,26]},"num_concepts_raised":14492},{"base_id":911,"kind":"top_words","i1":4,"i2":5,"sol":{"path":["/c/en/stoning","/c/en/stone","/c/en/calculus","/c/en/analysis","/c/en/vocoder"],"weight":0.21366999999999975,"degrees":[83,1934,429,811,41]},"num_concepts_raised":7963},{"base_id":911,"kind":"top_words","i1":4,"i2":6,"sol":{"path":["/c/en/stoning","/c/en/stone","/c/en/marble","/c/en/software","/c/en/mediawiki"],"weight":0.21632999999999955,"degrees":[83,1934,650,1812,99]},"num_concepts_raised":6504},{"base_id":911,"kind":"top_words","i1":4,"i2":7,"sol":{"path":["/c/en/stoning","/c/en/stone","/c/en/water","/c/en/fish","/c/en/zebrafish"],"weight":0.2162199999999997,"degrees":[83,1934,4606,4424,69]},"num_concepts_raised":10306},{"base_id":911,"kind":"top_words","i1":4,"i2":8,"sol":{"path":["/c/en/stoning","/c/en/lapidation","/c/en/legal","/c/en/company","/c/en/exxonmobil"],"weight":0.21822999999999965,"degrees":[83,53,6627,2258,57]},"num_concepts_raised":7342},{"base_id":911,"kind":"top_words","i1":4,"i2":9,"sol":{"path":["/c/en/stoning","/c/en/stone","/c/en/botany","/c/en/morphic"],"weight":0.20848999999999987,"degrees":[83,1934,6881,26]},"num_concepts_raised":13379},{"base_id":911,"kind":"top_words","i1":5,"i2":6,"sol":{"path":["/c/en/vocoder","/c/en/speech","/c/en/language","/c/en/wikipedia","/c/en/mediawiki"],"weight":0.21578999999999954,"degrees":[41,1403,4160,391,99]},"num_concepts_raised":6865},{"base_id":911,"kind":"top_words","i1":5,"i2":7,"sol":{"path":["/c/en/vocoder","/c/en/voice","/c/en/sound","/c/en/fish","/c/en/zebrafish"],"weight":0.2155399999999997,"degrees":[41,1403,3218,4424,69]},"num_concepts_raised":10733},{"base_id":911,"kind":"top_words","i1":5,"i2":8,"sol":{"path":["/c/en/vocoder","/c/en/analysis","/c/en/substance","/c/en/fuel","/c/en/exxonmobil"],"weight":0.21320999999999965,"degrees":[41,811,1169,725,57]},"num_concepts_raised":7766},{"base_id":911,"kind":"top_words","i1":5,"i2":9,"sol":{"path":["/c/en/vocoder","/c/en/analysis","/c/en/linguistics","/c/en/morph","/c/en/morphic"],"weight":0.21018999999999988,"degrees":[41,811,4250,74,26]},"num_concepts_raised":13814},{"base_id":911,"kind":"top_words","i1":6,"i2":7,"sol":{"path":["/c/en/mediawiki","/c/en/software","/c/en/dolphin","/c/en/fish","/c/en/zebrafish"],"weight":0.2182599999999995,"degrees":[99,1812,603,4424,69]},"num_concepts_raised":9273},{"base_id":911,"kind":"top_words","i1":6,"i2":8,"sol":{"path":["/c/en/mediawiki","/c/en/software","/c/en/office","/c/en/company","/c/en/exxonmobil"],"weight":0.21588999999999947,"degrees":[99,1812,1568,2258,57]},"num_concepts_raised":6303},{"base_id":911,"kind":"top_words","i1":6,"i2":9,"sol":{"path":["/c/en/mediawiki","/c/en/software","/c/en/computer","/c/en/morph","/c/en/morphic"],"weight":0.2128399999999997,"degrees":[99,1812,2068,74,26]},"num_concepts_raised":12380},{"base_id":911,"kind":"top_words","i1":7,"i2":8,"sol":{"path":["/c/en/zebrafish","/c/en/fish","/c/en/bones","/c/en/company","/c/en/exxonmobil"],"weight":0.2157399999999996,"degrees":[69,4424,220,2258,57]},"num_concepts_raised":10112},{"base_id":911,"kind":"top_words","i1":7,"i2":9,"sol":{"path":["/c/en/zebrafish","/c/en/fish","/c/en/water","/c/en/form","/c/en/morphic"],"weight":0.21166999999999983,"degrees":[69,4424,4606,2423,26]},"num_concepts_raised":16183},{"base_id":911,"kind":"top_words","i1":8,"i2":9,"sol":{"path":["/c/en/exxonmobil","/c/en/company","/c/en/structure","/c/en/morph","/c/en/morphic"],"weight":0.2103799999999998,"degrees":[57,2258,1619,74,26]},"num_concepts_raised":13229}]]