[[{"base_id":930,"kind":"bot_words","i1":0,"i2":1,"sol":{"path":["/c/en/stolon","/c/en/botany","/c/en/column","/c/en/parthenon"],"weight":0.20969999999999972,"degrees":[54,6881,1203,133]},"num_concepts_raised":26131},{"base_id":930,"kind":"bot_words","i1":0,"i2":2,"sol":{"path":["/c/en/stolon","/c/en/runner","/c/en/restaurant","/c/en/city","/c/en/esztergom"],"weight":0.21080999999999983,"degrees":[54,402,932,3758,74]},"num_concepts_raised":131911},{"base_id":930,"kind":"bot_words","i1":0,"i2":3,"sol":{"path":["/c/en/stolon","/c/en/runner","/c/en/jack","/c/en/jackal"],"weight":0.2169400000000002,"degrees":[54,402,754,325]},"num_concepts_raised":50394},{"base_id":930,"kind":"bot_words","i1":0,"i2":4,"sol":{"path":["/c/en/stolon","/c/en/runner","/c/en/person","/c/en/difficult","/c/en/problematical"],"weight":0.20674999999999974,"degrees":[54,402,12935,1189,59]},"num_concepts_raised":22915},{"base_id":930,"kind":"bot_words","i1":0,"i2":5,"sol":{"path":["/c/en/stolon","/c/en/botany","/c/en/plant","/c/en/echinochloa"],"weight":0.20837999999999976,"degrees":[54,6881,7959,36]},"num_concepts_raised":25740},{"base_id":930,"kind":"bot_words","i1":0,"i2":6,"sol":{"path":["/c/en/stolon","/c/en/runner","/c/en/slang","/c/en/jewel","/c/en/bejeweled"],"weight":0.21019999999999978,"degrees":[54,402,16318,456,27]},"num_concepts_raised":20714},{"base_id":930,"kind":"bot_words","i1":0,"i2":7,"sol":{"path":["/c/en/stolon","/c/fr/stolon","/c/fr/coulant","/c/fr/euphonique","/c/en/euphonic"],"weight":0.20640999999999987,"degrees":[54,42,62,28,46]},"num_concepts_raised":19500},{"base_id":930,"kind":"bot_words","i1":0,"i2":8,"sol":{"path":["/c/en/stolon","/c/en/runner","/c/en/play","/c/en/rugger"],"weight":0.20508999999999977,"degrees":[54,402,3092,26]},"num_concepts_raised":31418},{"base_id":930,"kind":"bot_words","i1":0,"i2":9,"sol":{"path":["/c/en/stolon","/c/en/zoology","/c/en/egg","/c/en/hen"],"weight":0.21297999999999973,"degrees":[54,8127,1565,564]},"num_concepts_raised":85129},{"base_id":930,"kind":"bot_words","i1":1,"i2":2,"sol":{"path":["/c/en/parthenon","/c/en/temple","/c/en/city","/c/en/esztergom"],"weight":0.21707999999999983,"degrees":[133,1126,3758,74]},"num_concepts_raised":119942},{"base_id":930,"kind":"bot_words","i1":1,"i2":3,"sol":{"path":["/c/en/parthenon","/c/en/greek","/c/en/slang","/c/en/jackal"],"weight":0.21905000000000016,"degrees":[133,647,16318,325]},"num_concepts_raised":38927},{"base_id":930,"kind":"bot_words","i1":1,"i2":4,"sol":{"path":["/c/en/parthenon","/c/en/column","/c/en/heavy","/c/en/difficult","/c/en/problematical"],"weight":0.21093999999999974,"degrees":[133,1203,1173,1189,59]},"num_concepts_raised":11082},{"base_id":930,"kind":"bot_words","i1":1,"i2":5,"sol":{"path":["/c/en/parthenon","/c/en/building","/c/en/plant","/c/en/echinochloa"],"weight":0.21434999999999976,"degrees":[133,2061,7959,36]},"num_concepts_raised":14638},{"base_id":930,"kind":"bot_words","i1":1,"i2":6,"sol":{"path":["/c/en/parthenon","/c/en/column","/c/en/decoration","/c/en/bejeweled"],"weight":0.21428999999999976,"degrees":[133,1203,796,27]},"num_concepts_raised":8844},{"base_id":930,"kind":"bot_words","i1":1,"i2":7,"sol":{"path":["/c/en/parthenon","/c/en/art","/c/en/music","/c/en/euphony","/c/en/euphonic"],"weight":0.2105999999999999,"degrees":[133,1987,8822,60,46]},"num_concepts_raised":7649},{"base_id":930,"kind":"bot_words","i1":1,"i2":8,"sol":{"path":["/c/en/parthenon","/c/en/greek","/c/en/us","/c/en/rugger"],"weight":0.20922999999999978,"degrees":[133,647,8154,26]},"num_concepts_raised":19556},{"base_id":930,"kind":"bot_words","i1":1,"i2":9,"sol":{"path":["/c/en/parthenon","/c/en/temple","/c/en/other","/c/en/hen"],"weight":0.2185099999999997,"degrees":[133,1126,970,564]},"num_concepts_raised":74151},{"base_id":930,"kind":"bot_words","i1":2,"i2":3,"sol":{"path":["/c/en/esztergom","/c/en/city","/c/en/human","/c/en/canine","/c/en/jackal"],"weight":0.22030000000000027,"degrees":[74,3758,2645,317,325]},"num_concepts_raised":144634},{"base_id":930,"kind":"bot_words","i1":2,"i2":4,"sol":{"path":["/c/en/esztergom","/c/en/city","/c/en/tall","/c/en/difficult","/c/en/problematical"],"weight":0.21006999999999987,"degrees":[74,3758,640,1189,59]},"num_concepts_raised":116805},{"base_id":930,"kind":"bot_words","i1":2,"i2":5,"sol":{"path":["/c/en/esztergom","/c/en/city","/c/en/factory","/c/en/plant","/c/en/echinochloa"],"weight":0.21356999999999987,"degrees":[74,3758,910,7959,36]},"num_concepts_raised":120375},{"base_id":930,"kind":"bot_words","i1":2,"i2":6,"sol":{"path":["/c/en/esztergom","/c/fr/localités","/c/en/stone","/c/en/jewel","/c/en/bejeweled"],"weight":0.2134999999999999,"degrees":[74,110113,1934,456,27]},"num_concepts_raised":114608},{"base_id":930,"kind":"bot_words","i1":2,"i2":7,"sol":{"path":["/c/en/esztergom","/c/fr/localités","/c/fr/doux","/c/fr/euphonique","/c/en/euphonic"],"weight":0.21083000000000002,"degrees":[74,110113,526,28,46]},"num_concepts_raised":113364},{"base_id":930,"kind":"bot_words","i1":2,"i2":8,"sol":{"path":["/c/en/esztergom","/c/en/city","/c/en/soccer","/c/en/rugger"],"weight":0.2104399999999999,"degrees":[74,3758,1103,26]},"num_concepts_raised":125297},{"base_id":930,"kind":"bot_words","i1":2,"i2":9,"sol":{"path":["/c/en/esztergom","/c/fr/localités","/c/fr/poule","/c/en/hen"],"weight":0.22035999999999983,"degrees":[74,110113,458,564]},"num_concepts_raised":179980},{"base_id":930,"kind":"bot_words","i1":3,"i2":4,"sol":{"path":["/c/en/jackal","/c/en/slang","/c/en/tough","/c/en/problematical"],"weight":0.2130200000000002,"degrees":[325,16318,594,59]},"num_concepts_raised":35654},{"base_id":930,"kind":"bot_words","i1":3,"i2":5,"sol":{"path":["/c/en/jackal","/c/en/slang","/c/en/plant","/c/en/echinochloa"],"weight":0.21764000000000022,"degrees":[325,16318,7959,36]},"num_concepts_raised":39291},{"base_id":930,"kind":"bot_words","i1":3,"i2":6,"sol":{"path":["/c/en/jackal","/c/en/slang","/c/en/jewel","/c/en/bejeweled"],"weight":0.21758000000000022,"degrees":[325,16318,456,27]},"num_concepts_raised":33525},{"base_id":930,"kind":"bot_words","i1":3,"i2":7,"sol":{"path":["/c/en/jackal","/c/en/slang","/c/fr/t","/c/fr/euphonique","/c/en/euphonic"],"weight":0.21491000000000035,"degrees":[325,16318,51,28,46]},"num_concepts_raised":32367},{"base_id":930,"kind":"bot_words","i1":3,"i2":8,"sol":{"path":["/c/en/jackal","/c/en/slang","/c/en/football","/c/en/rugger"],"weight":0.21267000000000025,"degrees":[325,16318,1072,26]},"num_concepts_raised":42971},{"base_id":930,"kind":"bot_words","i1":3,"i2":9,"sol":{"path":["/c/en/jackal","/c/en/pejorative","/c/en/hen"],"weight":0.20400000000000001,"degrees":[325,3581,564]},"num_concepts_raised":620},{"base_id":930,"kind":"bot_words","i1":4,"i2":5,"sol":{"path":["/c/en/problematical","/c/en/difficult","/c/en/like","/c/en/plant","/c/en/echinochloa"],"weight":0.20945999999999979,"degrees":[59,1189,2357,7959,36]},"num_concepts_raised":11394},{"base_id":930,"kind":"bot_words","i1":4,"i2":6,"sol":{"path":["/c/en/problematical","/c/en/difficult","/c/en/person","/c/en/jewel","/c/en/bejeweled"],"weight":0.2094199999999998,"degrees":[59,1189,12935,456,27]},"num_concepts_raised":5598},{"base_id":930,"kind":"bot_words","i1":4,"i2":7,"sol":{"path":["/c/en/problematical","/c/en/tough","/c/en/soft","/c/en/euphonious","/c/en/euphonic"],"weight":0.2047099999999999,"degrees":[59,594,1227,60,46]},"num_concepts_raised":4358},{"base_id":930,"kind":"bot_words","i1":4,"i2":8,"sol":{"path":["/c/en/problematical","/c/en/difficult","/c/en/game","/c/en/soccer","/c/en/rugger"],"weight":0.20646999999999982,"degrees":[59,1189,2308,1103,26]},"num_concepts_raised":16422},{"base_id":930,"kind":"bot_words","i1":4,"i2":9,"sol":{"path":["/c/en/problematical","/c/en/difficult","/c/en/person","/c/en/hen"],"weight":0.21170999999999976,"degrees":[59,1189,12935,564]},"num_concepts_raised":71212},{"base_id":930,"kind":"bot_words","i1":5,"i2":6,"sol":{"path":["/c/en/echinochloa","/c/en/plant","/c/en/rock","/c/en/jewel","/c/en/bejeweled"],"weight":0.2128999999999998,"degrees":[36,7959,2349,456,27]},"num_concepts_raised":9187},{"base_id":930,"kind":"bot_words","i1":5,"i2":7,"sol":{"path":["/c/en/echinochloa","/c/en/plant","/c/en/action","/c/en/harmonious","/c/en/euphonic"],"weight":0.20814999999999995,"degrees":[36,7959,2156,267,46]},"num_concepts_raised":7954},{"base_id":930,"kind":"bot_words","i1":5,"i2":8,"sol":{"path":["/c/en/echinochloa","/c/en/plant","/c/en/us","/c/en/rugger"],"weight":0.20777999999999983,"degrees":[36,7959,8154,26]},"num_concepts_raised":20010},{"base_id":930,"kind":"bot_words","i1":5,"i2":9,"sol":{"path":["/c/en/echinochloa","/c/en/plant","/c/en/person","/c/en/hen"],"weight":0.2152099999999998,"degrees":[36,7959,12935,564]},"num_concepts_raised":74594},{"base_id":930,"kind":"bot_words","i1":6,"i2":7,"sol":{"path":["/c/en/bejeweled","/c/en/jewel","/c/en/slang","/c/fr/t","/c/fr/euphonique","/c/en/euphonic"],"weight":0.21460629999999986,"degrees":[27,456,16318,51,28,46]},"num_concepts_raised":205782},{"base_id":930,"kind":"bot_words","i1":6,"i2":8,"sol":{"path":["/c/en/bejeweled","/c/en/video_game","/c/en/game","/c/en/soccer","/c/en/rugger"],"weight":0.20986999999999983,"degrees":[27,754,2308,1103,26]},"num_concepts_raised":14231},{"base_id":930,"kind":"bot_words","i1":6,"i2":9,"sol":{"path":["/c/en/bejeweled","/c/en/decoration","/c/en/chick","/c/en/hen"],"weight":0.2154599999999998,"degrees":[27,796,671,564]},"num_concepts_raised":69028},{"base_id":930,"kind":"bot_words","i1":7,"i2":8,"sol":{"path":["/c/en/euphonic","/c/en/euphony","/c/en/music","/c/en/play","/c/en/rugger"],"weight":0.20408999999999997,"degrees":[46,60,8822,3092,26]},"num_concepts_raised":13038},{"base_id":930,"kind":"bot_words","i1":7,"i2":9,"sol":{"path":["/c/en/euphonic","/c/en/dulcet","/c/en/taste","/c/en/chicken","/c/en/hen"],"weight":0.21588999999999986,"degrees":[46,53,1479,1689,564]},"num_concepts_raised":67932},{"base_id":930,"kind":"bot_words","i1":8,"i2":9,"sol":{"path":["/c/en/rugger","/c/fr/rugby","/c/fr/poule","/c/en/hen"],"weight":0.2146299999999998,"degrees":[26,323,458,564]},"num_concepts_raised":78142}],[{"base_id":930,"kind":"top_words","i1":0,"i2":1,"sol":{"path":["/c/en/hemlock","/c/en/plant","/c/en/mineral","/c/en/biotite"],"weight":0.21315999999999982,"degrees":[144,7959,8530,111]},"num_concepts_raised":23001},{"base_id":930,"kind":"top_words","i1":0,"i2":2,"sol":{"path":["/c/en/hemlock","/c/en/poison","/c/en/chemistry","/c/it/disprosio","/c/en/dysprosium"],"weight":0.21572000000000005,"degrees":[144,1269,11754,14,228]},"num_concepts_raised":16959},{"base_id":930,"kind":"top_words","i1":0,"i2":3,"sol":{"path":["/c/en/hemlock","/c/en/poison","/c/en/chemistry","/c/it/samario","/c/en/samarium"],"weight":0.2179700000000001,"degrees":[144,1269,11754,16,242]},"num_concepts_raised":17053},{"base_id":930,"kind":"top_words","i1":0,"i2":4,"sol":{"path":["/c/en/hemlock","/c/en/plant","/c/en/meat","/c/en/bushmeat"],"weight":0.20925999999999967,"degrees":[144,7959,1737,28]},"num_concepts_raised":19401},{"base_id":930,"kind":"top_words","i1":0,"i2":5,"sol":{"path":["/c/en/hemlock","/c/en/wood","/c/en/slang","/c/en/knob"],"weight":0.2089599999999992,"degrees":[144,2440,16318,331]},"num_concepts_raised":75819},{"base_id":930,"kind":"top_words","i1":0,"i2":6,"sol":{"path":["/c/en/hemlock","/c/en/poison","/c/en/medicine","/c/en/midline"],"weight":0.20521999999999968,"degrees":[144,1269,11938,32]},"num_concepts_raised":44617},{"base_id":930,"kind":"top_words","i1":0,"i2":7,"sol":{"path":["/c/en/hemlock","/c/en/plant","/c/en/slang","/c/en/nit","/c/en/nitpicking"],"weight":0.2054499999999996,"degrees":[144,7959,16318,229,49]},"num_concepts_raised":16946},{"base_id":930,"kind":"top_words","i1":0,"i2":8,"sol":{"path":["/c/en/hemlock","/c/en/poison","/c/en/inheritance_powder","/c/en/thallium"],"weight":0.21473999999999982,"degrees":[144,1269,7,332]},"num_concepts_raised":19578},{"base_id":930,"kind":"top_words","i1":0,"i2":9,"sol":{"path":["/c/en/hemlock","/c/fr/cigüe","/c/fr/espèce","/c/fr/monnaie","/c/en/bitcoin"],"weight":0.21134999999999965,"degrees":[144,46,1923,764,115]},"num_concepts_raised":17254},{"base_id":930,"kind":"top_words","i1":1,"i2":2,"sol":{"path":["/c/en/biotite","/c/en/mineral","/c/en/dysprosian","/c/en/dysprosium"],"weight":0.22009000000000037,"degrees":[111,8530,4,228]},"num_concepts_raised":10819},{"base_id":930,"kind":"top_words","i1":1,"i2":3,"sol":{"path":["/c/en/biotite","/c/en/mineral","/c/en/samarskite","/c/en/samarium"],"weight":0.22243000000000043,"degrees":[111,8530,19,242]},"num_concepts_raised":10902},{"base_id":930,"kind":"top_words","i1":1,"i2":4,"sol":{"path":["/c/en/biotite","/c/en/mineral","/c/en/animal","/c/en/game","/c/en/bushmeat"],"weight":0.2168,"degrees":[111,8530,3735,2308,28]},"num_concepts_raised":13614},{"base_id":930,"kind":"top_words","i1":1,"i2":5,"sol":{"path":["/c/en/biotite","/c/en/iron","/c/en/handle","/c/en/knob"],"weight":0.2156799999999995,"degrees":[111,2867,1567,331]},"num_concepts_raised":70503},{"base_id":930,"kind":"top_words","i1":1,"i2":6,"sol":{"path":["/c/en/biotite","/c/en/mineral","/c/en/animal","/c/en/body","/c/en/midline"],"weight":0.21176999999999999,"degrees":[111,8530,3735,3170,32]},"num_concepts_raised":38864},{"base_id":930,"kind":"top_words","i1":1,"i2":7,"sol":{"path":["/c/en/biotite","/c/en/mineral","/c/en/tin","/c/en/nit","/c/en/nitpicking"],"weight":0.21294999999999992,"degrees":[111,8530,1155,229,49]},"num_concepts_raised":10915},{"base_id":930,"kind":"top_words","i1":1,"i2":8,"sol":{"path":["/c/en/biotite","/c/en/mineral","/c/en/crookesite","/c/en/thallium"],"weight":0.22394000000000008,"degrees":[111,8530,18,332]},"num_concepts_raised":13482},{"base_id":930,"kind":"top_words","i1":1,"i2":9,"sol":{"path":["/c/en/biotite","/c/en/iron","/c/en/bit","/c/en/bitcoin"],"weight":0.21543999999999996,"degrees":[111,2867,1251,115]},"num_concepts_raised":11219},{"base_id":930,"kind":"top_words","i1":2,"i2":3,"sol":{"path":["/c/en/dysprosium","/c/en/atomic_number","/c/en/samarium"],"weight":0.20600000000000002,"degrees":[228,407,242]},"num_concepts_raised":278},{"base_id":930,"kind":"top_words","i1":2,"i2":4,"sol":{"path":["/c/en/dysprosium","/c/fr/élément_chimique","/c/en/lead","/c/en/game","/c/en/bushmeat"],"weight":0.2163400000000002,"degrees":[228,1121,2667,2308,28]},"num_concepts_raised":7519},{"base_id":930,"kind":"top_words","i1":2,"i2":5,"sol":{"path":["/c/en/dysprosium","/c/en/chemical_element","/c/en/metal","/c/en/knob"],"weight":0.21463999999999972,"degrees":[228,465,2107,331]},"num_concepts_raised":64629},{"base_id":930,"kind":"top_words","i1":2,"i2":6,"sol":{"path":["/c/en/dysprosium","/c/fr/éléments","/c/fr/mathématiques","/c/en/medial","/c/en/midline"],"weight":0.21229000000000026,"degrees":[228,1397,2720,126,32]},"num_concepts_raised":32849},{"base_id":930,"kind":"top_words","i1":2,"i2":7,"sol":{"path":["/c/en/dysprosium","/c/fr/éléments","/c/en/tin","/c/en/nit","/c/en/nitpicking"],"weight":0.21251000000000017,"degrees":[228,1397,1155,229,49]},"num_concepts_raised":4800},{"base_id":930,"kind":"top_words","i1":2,"i2":8,"sol":{"path":["/c/en/dysprosium","/c/en/atomic_number","/c/en/thallium"],"weight":0.20600000000000002,"degrees":[228,407,332]},"num_concepts_raised":362},{"base_id":930,"kind":"top_words","i1":2,"i2":9,"sol":{"path":["/c/en/dysprosium","/c/fr/dysprosium","/c/fr/métal","/c/fr/monnaie","/c/en/bitcoin"],"weight":0.2221000000000002,"degrees":[228,59,956,764,115]},"num_concepts_raised":5108},{"base_id":930,"kind":"top_words","i1":3,"i2":4,"sol":{"path":["/c/en/samarium","/c/fr/élément_chimique","/c/en/lead","/c/en/game","/c/en/bushmeat"],"weight":0.21657000000000026,"degrees":[242,1121,2667,2308,28]},"num_concepts_raised":7615},{"base_id":930,"kind":"top_words","i1":3,"i2":5,"sol":{"path":["/c/en/samarium","/c/en/chemical_element","/c/en/metal","/c/en/knob"],"weight":0.2148599999999998,"degrees":[242,465,2107,331]},"num_concepts_raised":64721},{"base_id":930,"kind":"top_words","i1":3,"i2":6,"sol":{"path":["/c/en/samarium","/c/fr/éléments","/c/fr/mathématiques","/c/en/medial","/c/en/midline"],"weight":0.21252000000000032,"degrees":[242,1397,2720,126,32]},"num_concepts_raised":32943},{"base_id":930,"kind":"top_words","i1":3,"i2":7,"sol":{"path":["/c/en/samarium","/c/fr/éléments","/c/en/tin","/c/en/nit","/c/en/nitpicking"],"weight":0.21274000000000023,"degrees":[242,1397,1155,229,49]},"num_concepts_raised":4897},{"base_id":930,"kind":"top_words","i1":3,"i2":8,"sol":{"path":["/c/en/samarium","/c/en/atomic_number","/c/en/thallium"],"weight":0.20600000000000002,"degrees":[242,407,332]},"num_concepts_raised":368},{"base_id":930,"kind":"top_words","i1":3,"i2":9,"sol":{"path":["/c/en/samarium","/c/fr/samarium","/c/fr/métal","/c/fr/monnaie","/c/en/bitcoin"],"weight":0.22235000000000027,"degrees":[242,58,956,764,115]},"num_concepts_raised":5203},{"base_id":930,"kind":"top_words","i1":4,"i2":5,"sol":{"path":["/c/en/bushmeat","/c/fr/viande_de_brousse","/c/fr/cuisine","/c/en/knob"],"weight":0.21311999999999934,"degrees":[28,6,3268,331]},"num_concepts_raised":66891},{"base_id":930,"kind":"top_words","i1":4,"i2":6,"sol":{"path":["/c/en/bushmeat","/c/en/game","/c/en/line","/c/en/midline"],"weight":0.20779999999999982,"degrees":[28,2308,3018,32]},"num_concepts_raised":35416},{"base_id":930,"kind":"top_words","i1":4,"i2":7,"sol":{"path":["/c/en/bushmeat","/c/en/game","/c/en/slang","/c/en/nit","/c/en/nitpicking"],"weight":0.20902999999999977,"degrees":[28,2308,16318,229,49]},"num_concepts_raised":7511},{"base_id":930,"kind":"top_words","i1":4,"i2":8,"sol":{"path":["/c/en/bushmeat","/c/en/game","/c/en/lead","/c/en/hutchinsonite","/c/en/thallium"],"weight":0.21958999999999995,"degrees":[28,2308,2667,20,332]},"num_concepts_raised":10239},{"base_id":930,"kind":"top_words","i1":4,"i2":9,"sol":{"path":["/c/en/bushmeat","/c/en/game","/c/en/piece","/c/en/currency","/c/en/bitcoin"],"weight":0.21395999999999982,"degrees":[28,2308,1565,877,115]},"num_concepts_raised":7821},{"base_id":930,"kind":"top_words","i1":5,"i2":6,"sol":{"path":["/c/en/knob","/c/en/slang","/c/en/line","/c/en/midline"],"weight":0.20754999999999935,"degrees":[331,16318,3018,32]},"num_concepts_raised":90863},{"base_id":930,"kind":"top_words","i1":5,"i2":7,"sol":{"path":["/c/en/knob","/c/en/slang","/c/en/nit","/c/en/nitpicking"],"weight":0.2086899999999993,"degrees":[331,16318,229,49]},"num_concepts_raised":64532},{"base_id":930,"kind":"top_words","i1":5,"i2":8,"sol":{"path":["/c/en/knob","/c/en/slang","/c/en/green","/c/en/thallium"],"weight":0.2170799999999995,"degrees":[331,16318,1796,332]},"num_concepts_raised":67147},{"base_id":930,"kind":"top_words","i1":5,"i2":9,"sol":{"path":["/c/en/knob","/c/en/slang","/c/en/bit","/c/en/bitcoin"],"weight":0.21362999999999932,"degrees":[331,16318,1251,115]},"num_concepts_raised":64804},{"base_id":930,"kind":"top_words","i1":6,"i2":7,"sol":{"path":["/c/en/midline","/c/en/body","/c/en/detail","/c/en/nitpicking"],"weight":0.20297999999999977,"degrees":[32,3170,610,49]},"num_concepts_raised":32820},{"base_id":930,"kind":"top_words","i1":6,"i2":8,"sol":{"path":["/c/en/midline","/c/en/anatomy","/c/eo/talio","/c/en/thallium"],"weight":0.21453,"degrees":[32,12775,13,332]},"num_concepts_raised":35534},{"base_id":930,"kind":"top_words","i1":6,"i2":9,"sol":{"path":["/c/en/midline","/c/en/plane","/c/en/bit","/c/en/bitcoin"],"weight":0.20891999999999983,"degrees":[32,1237,1251,115]},"num_concepts_raised":33131},{"base_id":930,"kind":"top_words","i1":7,"i2":8,"sol":{"path":["/c/en/nitpicking","/c/en/nitpick","/c/en/flyspeck","/c/en/atom","/c/en/thallium"],"weight":0.21375999999999992,"degrees":[49,118,23,1498,332]},"num_concepts_raised":7561},{"base_id":930,"kind":"top_words","i1":7,"i2":9,"sol":{"path":["/c/en/nitpicking","/c/en/nit","/c/fr/unité","/c/fr/monnaie","/c/en/bitcoin"],"weight":0.21013999999999977,"degrees":[49,229,818,764,115]},"num_concepts_raised":5115},{"base_id":930,"kind":"top_words","i1":8,"i2":9,"sol":{"path":["/c/en/thallium","/c/fr/éléments","/c/en/iron","/c/en/bit","/c/en/bitcoin"],"weight":0.21878999999999993,"degrees":[332,1397,2867,1251,115]},"num_concepts_raised":7846}]]