[[{"base_id":428,"kind":"bot_words","i1":0,"i2":1,"sol":{"path":["/c/en/pass","/c/en/medicine","/c/en/neurology","/c/en/electroencephalograph"],"weight":0.23034999999999722,"degrees":[2112,11938,404,26]},"num_concepts_raised":236620},{"base_id":428,"kind":"bot_words","i1":0,"i2":2,"sol":{"path":["/c/en/pass","/c/en/document","/c/en/prospectus"],"weight":0.20400000000000001,"degrees":[2112,1186,37]},"num_concepts_raised":1806},{"base_id":428,"kind":"bot_words","i1":0,"i2":3,"sol":{"path":["/c/en/pass","/c/en/choice","/c/en/optional"],"weight":0.20400000000000001,"degrees":[2112,600,183]},"num_concepts_raised":1900},{"base_id":428,"kind":"bot_words","i1":0,"i2":4,"sol":{"path":["/c/en/pass","/c/en/right","/c/en/devolution"],"weight":0.20400000000000001,"degrees":[2112,2319,74]},"num_concepts_raised":1835},{"base_id":428,"kind":"bot_words","i1":0,"i2":5,"sol":{"path":["/c/en/pass","/c/en/ball","/c/en/balloon","/c/en/angioplasty"],"weight":0.2330799999999973,"degrees":[2112,2118,530,34]},"num_concepts_raised":238595},{"base_id":428,"kind":"bot_words","i1":0,"i2":6,"sol":{"path":["/c/en/pass","/c/en/slang","/c/en/dicey"],"weight":0.20400000000000001,"degrees":[2112,16318,52]},"num_concepts_raised":1818},{"base_id":428,"kind":"bot_words","i1":0,"i2":7,"sol":{"path":["/c/en/pass","/c/en/sports","/c/en/rubber","/c/en/elastomer"],"weight":0.23906999999999717,"degrees":[2112,3417,605,82]},"num_concepts_raised":239178},{"base_id":428,"kind":"bot_words","i1":0,"i2":8,"sol":{"path":["/c/en/pass","/c/en/head","/c/en/cunnilingus"],"weight":0.20400000000000001,"degrees":[2112,3580,157]},"num_concepts_raised":1886},{"base_id":428,"kind":"bot_words","i1":0,"i2":9,"sol":{"path":["/c/en/pass","/c/en/cut","/c/en/stonecutter"],"weight":0.20400000000000001,"degrees":[2112,2951,57]},"num_concepts_raised":1825},{"base_id":428,"kind":"bot_words","i1":1,"i2":2,"sol":{"path":["/c/en/electroencephalograph","/c/en/electroencephalography","/c/en/activity","/c/fr/programme","/c/fr/prospectus","/c/en/prospectus"],"weight":0.20909789999999984,"degrees":[26,88,1154,338,55,37]},"num_concepts_raised":279358},{"base_id":428,"kind":"bot_words","i1":1,"i2":3,"sol":{"path":["/c/en/electroencephalograph","/c/en/neurology","/c/en/amyotrophic_lateral_sclerosis","/c/en/voluntary","/c/en/optional"],"weight":0.2060799999999999,"degrees":[26,404,109,304,183]},"num_concepts_raised":11127},{"base_id":428,"kind":"bot_words","i1":1,"i2":4,"sol":{"path":["/c/en/electroencephalograph","/c/en/medical_instrument","/c/en/instrument","/c/en/power","/c/en/devolution"],"weight":0.2041099999999998,"degrees":[26,61,1542,2205,74]},"num_concepts_raised":18040},{"base_id":428,"kind":"bot_words","i1":1,"i2":5,"sol":{"path":["/c/en/electroencephalograph","/c/en/medical_instrument","/c/en/cryoprobe","/c/en/surgery","/c/en/angioplasty"],"weight":0.20392,"degrees":[26,61,12,1808,34]},"num_concepts_raised":4012},{"base_id":428,"kind":"bot_words","i1":1,"i2":6,"sol":{"path":["/c/en/electroencephalograph","/c/en/neurology","/c/en/brain","/c/en/slang","/c/en/dicey"],"weight":0.20290999999999978,"degrees":[26,404,1613,16318,52]},"num_concepts_raised":22782},{"base_id":428,"kind":"bot_words","i1":1,"i2":7,"sol":{"path":["/c/en/electroencephalograph","/c/en/medical_instrument","/c/en/instrument","/c/en/durometer","/c/en/elastomer"],"weight":0.20942999999999987,"degrees":[26,61,1542,13,82]},"num_concepts_raised":5038},{"base_id":428,"kind":"bot_words","i1":1,"i2":8,"sol":{"path":["/c/en/electroencephalograph","/c/en/neurology","/c/en/brain","/c/en/oral_sex","/c/en/cunnilingus"],"weight":0.20589999999999997,"degrees":[26,404,1613,252,157]},"num_concepts_raised":7484},{"base_id":428,"kind":"bot_words","i1":1,"i2":9,"sol":{"path":["/c/en/electroencephalograph","/c/en/medical_instrument","/c/en/instrument","/c/en/cut","/c/en/stonecutter"],"weight":0.20397999999999983,"degrees":[26,61,1542,2951,57]},"num_concepts_raised":7207},{"base_id":428,"kind":"bot_words","i1":2,"i2":3,"sol":{"path":["/c/en/prospectus","/c/en/offer","/c/en/volunteer","/c/en/voluntary","/c/en/optional"],"weight":0.20627999999999985,"degrees":[37,1096,372,304,183]},"num_concepts_raised":13380},{"base_id":428,"kind":"bot_words","i1":2,"i2":4,"sol":{"path":["/c/en/prospectus","/c/en/offer","/c/en/assembly","/c/en/devolution"],"weight":0.2031599999999997,"degrees":[37,1096,680,74]},"num_concepts_raised":20294},{"base_id":428,"kind":"bot_words","i1":2,"i2":5,"sol":{"path":["/c/en/prospectus","/c/en/document","/c/en/guide","/c/en/surgery","/c/en/angioplasty"],"weight":0.20306999999999992,"degrees":[37,1186,953,1808,34]},"num_concepts_raised":6374},{"base_id":428,"kind":"bot_words","i1":2,"i2":6,"sol":{"path":["/c/en/prospectus","/c/fr/prospectus","/c/en/flyer","/c/en/risky","/c/en/dicey"],"weight":0.20501999999999973,"degrees":[37,55,202,191,52]},"num_concepts_raised":25081},{"base_id":428,"kind":"bot_words","i1":2,"i2":7,"sol":{"path":["/c/en/prospectus","/c/en/document","/c/en/material","/c/en/elastomer"],"weight":0.20858999999999983,"degrees":[37,1186,1522,82]},"num_concepts_raised":7334},{"base_id":428,"kind":"bot_words","i1":2,"i2":8,"sol":{"path":["/c/en/prospectus","/c/en/document","/c/en/form","/c/en/head","/c/en/cunnilingus"],"weight":0.20486999999999989,"degrees":[37,1186,2423,3580,157]},"num_concepts_raised":9828},{"base_id":428,"kind":"bot_words","i1":2,"i2":9,"sol":{"path":["/c/en/prospectus","/c/en/document","/c/en/copy","/c/en/cut","/c/en/stonecutter"],"weight":0.20315999999999976,"degrees":[37,1186,1022,2951,57]},"num_concepts_raised":9533},{"base_id":428,"kind":"bot_words","i1":3,"i2":4,"sol":{"path":["/c/en/optional","/c/en/facultative","/c/en/power","/c/en/devolution"],"weight":0.20754999999999976,"degrees":[183,72,2205,74]},"num_concepts_raised":27320},{"base_id":428,"kind":"bot_words","i1":3,"i2":5,"sol":{"path":["/c/en/optional","/c/en/value","/c/en/operation","/c/en/angioplasty"],"weight":0.20497999999999997,"degrees":[183,1699,1135,34]},"num_concepts_raised":13681},{"base_id":428,"kind":"bot_words","i1":3,"i2":6,"sol":{"path":["/c/en/optional","/c/en/choice","/c/en/slang","/c/en/dicey"],"weight":0.20505999999999977,"degrees":[183,600,16318,52]},"num_concepts_raised":32138},{"base_id":428,"kind":"bot_words","i1":3,"i2":7,"sol":{"path":["/c/en/optional","/c/en/personal","/c/en/case","/c/en/elastomer"],"weight":0.21054999999999985,"degrees":[183,866,1773,82]},"num_concepts_raised":14613},{"base_id":428,"kind":"bot_words","i1":3,"i2":8,"sol":{"path":["/c/en/optional","/c/fr/facultatif","/c/fr/faire","/c/en/eat_pussy","/c/en/cunnilingus"],"weight":0.20920999999999995,"degrees":[183,58,4336,47,157]},"num_concepts_raised":17071},{"base_id":428,"kind":"bot_words","i1":3,"i2":9,"sol":{"path":["/c/en/optional","/c/en/value","/c/en/dress","/c/en/stonecutter"],"weight":0.20513999999999982,"degrees":[183,1699,1674,57]},"num_concepts_raised":16767},{"base_id":428,"kind":"bot_words","i1":4,"i2":5,"sol":{"path":["/c/en/devolution","/c/en/british","/c/en/surgery","/c/en/angioplasty"],"weight":0.20345999999999984,"degrees":[74,3452,1808,34]},"num_concepts_raised":20607},{"base_id":428,"kind":"bot_words","i1":4,"i2":6,"sol":{"path":["/c/en/devolution","/c/en/down","/c/en/slang","/c/en/dicey"],"weight":0.20329999999999965,"degrees":[74,1533,16318,52]},"num_concepts_raised":37879},{"base_id":428,"kind":"bot_words","i1":4,"i2":7,"sol":{"path":["/c/en/devolution","/c/en/assembly","/c/en/caster","/c/en/elastomer"],"weight":0.20886999999999972,"degrees":[74,680,114,82]},"num_concepts_raised":21509},{"base_id":428,"kind":"bot_words","i1":4,"i2":8,"sol":{"path":["/c/en/devolution","/c/en/british","/c/en/cunt","/c/en/cunnilingus"],"weight":0.2051699999999998,"degrees":[74,3452,521,157]},"num_concepts_raised":23905},{"base_id":428,"kind":"bot_words","i1":4,"i2":9,"sol":{"path":["/c/en/devolution","/c/en/assembly","/c/en/machine","/c/en/stonecutter"],"weight":0.2034499999999997,"degrees":[74,680,1685,57]},"num_concepts_raised":23606},{"base_id":428,"kind":"bot_words","i1":5,"i2":6,"sol":{"path":["/c/en/angioplasty","/c/en/surgery","/c/en/risky","/c/en/dicey"],"weight":0.20323999999999987,"degrees":[34,1808,191,52]},"num_concepts_raised":25349},{"base_id":428,"kind":"bot_words","i1":5,"i2":7,"sol":{"path":["/c/en/angioplasty","/c/en/balloon","/c/en/rubber","/c/en/elastomer"],"weight":0.20868999999999993,"degrees":[34,530,605,82]},"num_concepts_raised":7625},{"base_id":428,"kind":"bot_words","i1":5,"i2":8,"sol":{"path":["/c/en/angioplasty","/c/en/balloon","/c/en/head","/c/en/cunnilingus"],"weight":0.20493000000000003,"degrees":[34,530,3580,157]},"num_concepts_raised":10076},{"base_id":428,"kind":"bot_words","i1":5,"i2":9,"sol":{"path":["/c/en/angioplasty","/c/en/operation","/c/en/cut","/c/en/stonecutter"],"weight":0.20318999999999987,"degrees":[34,1135,2951,57]},"num_concepts_raised":9754},{"base_id":428,"kind":"bot_words","i1":6,"i2":7,"sol":{"path":["/c/en/dicey","/c/en/slang","/c/en/rubber","/c/en/elastomer"],"weight":0.20868999999999974,"degrees":[52,16318,605,82]},"num_concepts_raised":26218},{"base_id":428,"kind":"bot_words","i1":6,"i2":8,"sol":{"path":["/c/en/dicey","/c/en/slang","/c/fr/minette","/c/en/cunnilingus"],"weight":0.20711999999999986,"degrees":[52,16318,68,157]},"num_concepts_raised":28303},{"base_id":428,"kind":"bot_words","i1":6,"i2":9,"sol":{"path":["/c/en/dicey","/c/en/slang","/c/en/cut","/c/en/stonecutter"],"weight":0.20325999999999972,"degrees":[52,16318,2951,57]},"num_concepts_raised":28305},{"base_id":428,"kind":"bot_words","i1":7,"i2":8,"sol":{"path":["/c/en/elastomer","/c/en/rubber","/c/en/slang","/c/fr/minette","/c/en/cunnilingus"],"weight":0.21276999999999993,"degrees":[82,605,16318,68,157]},"num_concepts_raised":11056},{"base_id":428,"kind":"bot_words","i1":7,"i2":9,"sol":{"path":["/c/en/elastomer","/c/en/material","/c/en/concrete","/c/en/stonecutter"],"weight":0.2088299999999998,"degrees":[82,1522,676,57]},"num_concepts_raised":10694},{"base_id":428,"kind":"bot_words","i1":8,"i2":9,"sol":{"path":["/c/en/cunnilingus","/c/en/head","/c/en/patent_hammer","/c/en/stonecutter"],"weight":0.20504999999999987,"degrees":[157,3580,7,57]},"num_concepts_raised":13187}],[{"base_id":428,"kind":"top_words","i1":0,"i2":1,"sol":{"path":["/c/en/erst","/c/en/first","/c/en/number","/c/en/cyclotomy","/c/en/cyclotomic"],"weight":0.2038799999999999,"degrees":[24,1502,2301,28,26]},"num_concepts_raised":14109},{"base_id":428,"kind":"top_words","i1":0,"i2":2,"sol":{"path":["/c/en/erst","/c/en/first","/c/zh/頭家","/c/en/proprietor","/c/en/proprietress"],"weight":0.20504999999999984,"degrees":[24,1502,21,179,36]},"num_concepts_raised":5173},{"base_id":428,"kind":"top_words","i1":0,"i2":3,"sol":{"path":["/c/en/erst","/c/en/first","/c/en/british","/c/en/peep","/c/en/cheep"],"weight":0.2043899999999998,"degrees":[24,1502,3452,301,67]},"num_concepts_raised":6351},{"base_id":428,"kind":"top_words","i1":0,"i2":4,"sol":{"path":["/c/en/erst","/c/en/before","/c/en/blue","/c/en/clear","/c/en/decipherable"],"weight":0.20494999999999974,"degrees":[24,973,1611,2044,89]},"num_concepts_raised":5376},{"base_id":428,"kind":"top_words","i1":0,"i2":5,"sol":{"path":["/c/en/erst","/c/en/before","/c/en/seed","/c/en/fruit","/c/en/lychee"],"weight":0.21072999999999992,"degrees":[24,973,1813,2192,159]},"num_concepts_raised":24684},{"base_id":428,"kind":"top_words","i1":0,"i2":6,"sol":{"path":["/c/en/erst","/c/en/before","/c/en/sheep","/c/en/ruddle"],"weight":0.20407999999999982,"degrees":[24,973,1597,51]},"num_concepts_raised":7469},{"base_id":428,"kind":"top_words","i1":0,"i2":7,"sol":{"path":["/c/en/erst","/c/en/first","/c/en/wheel","/c/en/mudguard"],"weight":0.20395999999999997,"degrees":[24,1502,1236,94]},"num_concepts_raised":15465},{"base_id":428,"kind":"top_words","i1":0,"i2":8,"sol":{"path":["/c/en/erst","/c/en/before","/c/en/one","/c/en/person","/c/en/constantina"],"weight":0.20872999999999983,"degrees":[24,973,2499,12935,28]},"num_concepts_raised":15353},{"base_id":428,"kind":"top_words","i1":0,"i2":9,"sol":{"path":["/c/en/erst","/c/en/before","/c/en/one","/c/en/person","/c/en/achaeus"],"weight":0.20881999999999978,"degrees":[24,973,2499,12935,46]},"num_concepts_raised":16293},{"base_id":428,"kind":"top_words","i1":1,"i2":2,"sol":{"path":["/c/en/cyclotomic","/c/en/mathematics","/c/en/proper","/c/en/proprietor","/c/en/proprietress"],"weight":0.20498999999999984,"degrees":[26,7601,782,179,36]},"num_concepts_raised":13602},{"base_id":428,"kind":"top_words","i1":1,"i2":3,"sol":{"path":["/c/en/cyclotomic","/c/en/cyclotomy","/c/en/medicine","/c/en/peep","/c/en/cheep"],"weight":0.2052399999999998,"degrees":[26,28,11938,301,67]},"num_concepts_raised":14792},{"base_id":428,"kind":"top_words","i1":1,"i2":4,"sol":{"path":["/c/en/cyclotomic","/c/en/cyclotomy","/c/en/problem","/c/en/decipher","/c/en/decipherable"],"weight":0.20547999999999975,"degrees":[26,28,950,182,89]},"num_concepts_raised":13795},{"base_id":428,"kind":"top_words","i1":1,"i2":5,"sol":{"path":["/c/en/cyclotomic","/c/en/root","/c/en/tree","/c/en/lychee"],"weight":0.2096699999999999,"degrees":[26,1503,3598,159]},"num_concepts_raised":32917},{"base_id":428,"kind":"top_words","i1":1,"i2":6,"sol":{"path":["/c/en/cyclotomic","/c/en/root","/c/en/rathel","/c/en/raddle","/c/en/ruddle"],"weight":0.20619999999999983,"degrees":[26,1503,5,53,51]},"num_concepts_raised":15878},{"base_id":428,"kind":"top_words","i1":1,"i2":7,"sol":{"path":["/c/en/cyclotomic","/c/en/root","/c/en/water","/c/en/mudguard"],"weight":0.20385999999999999,"degrees":[26,1503,4606,94]},"num_concepts_raised":23870},{"base_id":428,"kind":"top_words","i1":1,"i2":8,"sol":{"path":["/c/en/cyclotomic","/c/en/cyclotomy","/c/en/number","/c/en/person","/c/en/constantina"],"weight":0.20875999999999983,"degrees":[26,28,2301,12935,28]},"num_concepts_raised":23813},{"base_id":428,"kind":"top_words","i1":1,"i2":9,"sol":{"path":["/c/en/cyclotomic","/c/en/cyclotomy","/c/en/number","/c/en/person","/c/en/achaeus"],"weight":0.2088499999999998,"degrees":[26,28,2301,12935,46]},"num_concepts_raised":24750},{"base_id":428,"kind":"top_words","i1":2,"i2":3,"sol":{"path":["/c/en/proprietress","/c/en/proprietor","/c/en/result","/c/en/cry","/c/en/cheep"],"weight":0.20532999999999976,"degrees":[36,179,890,1722,67]},"num_concepts_raised":5850},{"base_id":428,"kind":"top_words","i1":2,"i2":4,"sol":{"path":["/c/en/proprietress","/c/en/proprietor","/c/en/business","/c/en/clear","/c/en/decipherable"],"weight":0.20620999999999973,"degrees":[36,179,2538,2044,89]},"num_concepts_raised":4881},{"base_id":428,"kind":"top_words","i1":2,"i2":5,"sol":{"path":["/c/en/proprietress","/c/en/proprietor","/c/en/result","/c/en/fruit","/c/en/lychee"],"weight":0.21188999999999986,"degrees":[36,179,890,2192,159]},"num_concepts_raised":24197},{"base_id":428,"kind":"top_words","i1":2,"i2":6,"sol":{"path":["/c/en/proprietress","/c/en/owner","/c/en/sheep","/c/en/ruddle"],"weight":0.2033799999999998,"degrees":[36,775,1597,51]},"num_concepts_raised":6958},{"base_id":428,"kind":"top_words","i1":2,"i2":7,"sol":{"path":["/c/en/proprietress","/c/en/proprietor","/c/en/worker","/c/en/guard","/c/en/mudguard"],"weight":0.20712999999999998,"degrees":[36,179,1829,1558,94]},"num_concepts_raised":14988},{"base_id":428,"kind":"top_words","i1":2,"i2":8,"sol":{"path":["/c/en/proprietress","/c/en/owner","/c/en/person","/c/en/constantina"],"weight":0.20801999999999982,"degrees":[36,775,12935,28]},"num_concepts_raised":14836},{"base_id":428,"kind":"top_words","i1":2,"i2":9,"sol":{"path":["/c/en/proprietress","/c/en/owner","/c/en/person","/c/en/achaeus"],"weight":0.2081099999999998,"degrees":[36,775,12935,46]},"num_concepts_raised":15774},{"base_id":428,"kind":"top_words","i1":3,"i2":4,"sol":{"path":["/c/en/cheep","/c/en/peep","/c/en/like","/c/en/clear","/c/en/decipherable"],"weight":0.20548999999999967,"degrees":[67,301,2357,2044,89]},"num_concepts_raised":6034},{"base_id":428,"kind":"top_words","i1":3,"i2":5,"sol":{"path":["/c/en/cheep","/c/en/wool","/c/en/tree","/c/en/lychee"],"weight":0.21003999999999984,"degrees":[67,1201,3598,159]},"num_concepts_raised":25339},{"base_id":428,"kind":"top_words","i1":3,"i2":6,"sol":{"path":["/c/en/cheep","/c/en/wool","/c/en/sheep","/c/en/ruddle"],"weight":0.20350999999999975,"degrees":[67,1201,1597,51]},"num_concepts_raised":8034},{"base_id":428,"kind":"top_words","i1":3,"i2":7,"sol":{"path":["/c/en/cheep","/c/en/cry","/c/en/water","/c/en/mudguard"],"weight":0.20425999999999994,"degrees":[67,1722,4606,94]},"num_concepts_raised":16109},{"base_id":428,"kind":"top_words","i1":3,"i2":8,"sol":{"path":["/c/en/cheep","/c/en/cry","/c/en/person","/c/en/constantina"],"weight":0.20809999999999976,"degrees":[67,1722,12935,28]},"num_concepts_raised":16043},{"base_id":428,"kind":"top_words","i1":3,"i2":9,"sol":{"path":["/c/en/cheep","/c/en/cry","/c/en/person","/c/en/achaeus"],"weight":0.2081899999999997,"degrees":[67,1722,12935,46]},"num_concepts_raised":16983},{"base_id":428,"kind":"top_words","i1":4,"i2":5,"sol":{"path":["/c/en/decipherable","/c/en/clear","/c/en/tree","/c/en/lychee"],"weight":0.2108799999999998,"degrees":[89,2044,3598,159]},"num_concepts_raised":24387},{"base_id":428,"kind":"top_words","i1":4,"i2":6,"sol":{"path":["/c/en/decipherable","/c/en/legible","/c/en/fair","/c/en/sheep","/c/en/ruddle"],"weight":0.2060799999999997,"degrees":[89,138,1027,1597,51]},"num_concepts_raised":7145},{"base_id":428,"kind":"top_words","i1":4,"i2":7,"sol":{"path":["/c/en/decipherable","/c/en/clear","/c/en/water","/c/en/mudguard"],"weight":0.20511999999999986,"degrees":[89,2044,4606,94]},"num_concepts_raised":15162},{"base_id":428,"kind":"top_words","i1":4,"i2":8,"sol":{"path":["/c/en/decipherable","/c/en/legible","/c/en/clean","/c/en/person","/c/en/constantina"],"weight":0.2107299999999997,"degrees":[89,138,1667,12935,28]},"num_concepts_raised":15093},{"base_id":428,"kind":"top_words","i1":4,"i2":9,"sol":{"path":["/c/en/decipherable","/c/en/legible","/c/en/clean","/c/en/person","/c/en/achaeus"],"weight":0.21081999999999967,"degrees":[89,138,1667,12935,46]},"num_concepts_raised":16030},{"base_id":428,"kind":"top_words","i1":5,"i2":6,"sol":{"path":["/c/en/lychee","/c/fr/botanique","/c/fr/rouge","/c/en/ruddle"],"weight":0.20990999999999987,"degrees":[159,7950,938,51]},"num_concepts_raised":26393},{"base_id":428,"kind":"top_words","i1":5,"i2":7,"sol":{"path":["/c/en/lychee","/c/en/fruit","/c/en/water","/c/en/mudguard"],"weight":0.21084000000000003,"degrees":[159,2192,4606,94]},"num_concepts_raised":34264},{"base_id":428,"kind":"top_words","i1":5,"i2":8,"sol":{"path":["/c/en/lychee","/c/en/plant","/c/en/person","/c/en/constantina"],"weight":0.21460999999999986,"degrees":[159,7959,12935,28]},"num_concepts_raised":34304},{"base_id":428,"kind":"top_words","i1":5,"i2":9,"sol":{"path":["/c/en/lychee","/c/en/plant","/c/en/person","/c/en/achaeus"],"weight":0.21469999999999984,"degrees":[159,7959,12935,46]},"num_concepts_raised":35226},{"base_id":428,"kind":"top_words","i1":6,"i2":7,"sol":{"path":["/c/en/ruddle","/c/en/raddle","/c/en/fence","/c/en/guard","/c/en/mudguard"],"weight":0.20839999999999997,"degrees":[51,53,962,1558,94]},"num_concepts_raised":17218},{"base_id":428,"kind":"top_words","i1":6,"i2":8,"sol":{"path":["/c/en/ruddle","/c/en/riddle","/c/en/like","/c/en/person","/c/en/constantina"],"weight":0.20813999999999977,"degrees":[51,479,2357,12935,28]},"num_concepts_raised":17157},{"base_id":428,"kind":"top_words","i1":6,"i2":9,"sol":{"path":["/c/en/ruddle","/c/en/riddle","/c/en/sphinx","/c/en/greek_mythology","/c/en/achaeus"],"weight":0.20823999999999976,"degrees":[51,479,272,1305,46]},"num_concepts_raised":18096},{"base_id":428,"kind":"top_words","i1":7,"i2":8,"sol":{"path":["/c/en/mudguard","/c/en/guard","/c/en/person","/c/en/constantina"],"weight":0.20990999999999996,"degrees":[94,1558,12935,28]},"num_concepts_raised":25085},{"base_id":428,"kind":"top_words","i1":7,"i2":9,"sol":{"path":["/c/en/mudguard","/c/en/guard","/c/en/person","/c/en/achaeus"],"weight":0.2099999999999999,"degrees":[94,1558,12935,46]},"num_concepts_raised":26019},{"base_id":428,"kind":"top_words","i1":8,"i2":9,"sol":{"path":["/c/en/constantina","/c/en/person","/c/en/achaeus"],"weight":0.20600000000000002,"degrees":[28,12935,46]},"num_concepts_raised":60}]]