[[{"base_id":688,"kind":"bot_words","i1":0,"i2":1,"sol":{"path":["/c/en/magnum","/c/en/wine","/c/en/drink","/c/en/medicine","/c/en/andrology"],"weight":0.20316,"degrees":[31,1776,2548,11938,40]},"num_concepts_raised":21866},{"base_id":688,"kind":"bot_words","i1":0,"i2":2,"sol":{"path":["/c/en/magnum","/c/en/wine","/c/en/food","/c/en/basket","/c/en/basketful"],"weight":0.20426000000000005,"degrees":[31,1776,4281,1010,33]},"num_concepts_raised":5745},{"base_id":688,"kind":"bot_words","i1":0,"i2":3,"sol":{"path":["/c/en/magnum","/c/en/magnum_opus","/c/en/music","/c/fr/tierce","/c/en/terce"],"weight":0.2049399999999999,"degrees":[31,54,8822,102,41]},"num_concepts_raised":18425},{"base_id":688,"kind":"bot_words","i1":0,"i2":4,"sol":{"path":["/c/en/magnum","/c/en/size","/c/en/crowd","/c/en/rout"],"weight":0.2057099999999994,"degrees":[31,1119,1238,211]},"num_concepts_raised":43710},{"base_id":688,"kind":"bot_words","i1":0,"i2":5,"sol":{"path":["/c/en/magnum","/c/en/bullet","/c/en/part","/c/en/math","/c/en/heptagonal"],"weight":0.20321,"degrees":[31,897,2528,914,51]},"num_concepts_raised":5955},{"base_id":688,"kind":"bot_words","i1":0,"i2":6,"sol":{"path":["/c/en/magnum","/c/en/bottle","/c/en/uk","/c/en/lait"],"weight":0.20271999999999984,"degrees":[31,989,5562,29]},"num_concepts_raised":19307},{"base_id":688,"kind":"bot_words","i1":0,"i2":7,"sol":{"path":["/c/en/magnum","/c/en/wine","/c/en/liquid","/c/en/aftershave"],"weight":0.20312999999999998,"degrees":[31,1776,1778,44]},"num_concepts_raised":7259},{"base_id":688,"kind":"bot_words","i1":0,"i2":8,"sol":{"path":["/c/en/magnum","/c/en/wine","/c/en/standard","/c/en/value","/c/en/unappreciated"],"weight":0.20277999999999988,"degrees":[31,1776,1054,1699,26]},"num_concepts_raised":6849},{"base_id":688,"kind":"bot_words","i1":0,"i2":9,"sol":{"path":["/c/en/magnum","/c/en/bullet","/c/en/slang","/c/en/rag","/c/en/rags"],"weight":0.2050299999999998,"degrees":[31,897,16318,506,47]},"num_concepts_raised":8232},{"base_id":688,"kind":"bot_words","i1":1,"i2":2,"sol":{"path":["/c/en/andrology","/c/en/medicine","/c/en/slang","/c/en/basket","/c/en/basketful"],"weight":0.20452000000000017,"degrees":[40,11938,16318,1010,33]},"num_concepts_raised":17931},{"base_id":688,"kind":"bot_words","i1":1,"i2":3,"sol":{"path":["/c/en/andrology","/c/en/medicine","/c/en/music","/c/fr/tierce","/c/en/terce"],"weight":0.20532,"degrees":[40,11938,8822,102,41]},"num_concepts_raised":30529},{"base_id":688,"kind":"bot_words","i1":1,"i2":4,"sol":{"path":["/c/en/andrology","/c/en/medicine","/c/en/stroke","/c/en/rout"],"weight":0.20506999999999947,"degrees":[40,11938,1197,211]},"num_concepts_raised":55465},{"base_id":688,"kind":"bot_words","i1":1,"i2":5,"sol":{"path":["/c/en/andrology","/c/en/medicine","/c/en/topology","/c/en/math","/c/en/heptagonal"],"weight":0.20350000000000013,"degrees":[40,11938,525,914,51]},"num_concepts_raised":18124},{"base_id":688,"kind":"bot_words","i1":1,"i2":6,"sol":{"path":["/c/en/andrology","/c/en/medicine","/c/en/lightening","/c/en/lightning","/c/en/lait"],"weight":0.20312999999999992,"degrees":[40,11938,45,888,29]},"num_concepts_raised":31435},{"base_id":688,"kind":"bot_words","i1":1,"i2":7,"sol":{"path":["/c/en/andrology","/c/en/medicine","/c/en/soap","/c/en/lotion","/c/en/aftershave"],"weight":0.2034200000000001,"degrees":[40,11938,1085,197,44]},"num_concepts_raised":19411},{"base_id":688,"kind":"bot_words","i1":1,"i2":8,"sol":{"path":["/c/en/andrology","/c/en/medicine","/c/en/sign","/c/en/value","/c/en/unappreciated"],"weight":0.20306,"degrees":[40,11938,2004,1699,26]},"num_concepts_raised":19057},{"base_id":688,"kind":"bot_words","i1":1,"i2":9,"sol":{"path":["/c/en/andrology","/c/en/medicine","/c/en/cabinet","/c/en/rags"],"weight":0.20323999999999987,"degrees":[40,11938,783,47]},"num_concepts_raised":20418},{"base_id":688,"kind":"bot_words","i1":2,"i2":3,"sol":{"path":["/c/en/basketful","/c/en/basket","/c/en/office","/c/en/canonical_hour","/c/en/terce"],"weight":0.20543000000000008,"degrees":[33,1010,1568,64,41]},"num_concepts_raised":14510},{"base_id":688,"kind":"bot_words","i1":2,"i2":4,"sol":{"path":["/c/en/basketful","/c/en/basket","/c/en/slang","/c/en/root","/c/en/rout"],"weight":0.20733999999999958,"degrees":[33,1010,16318,1503,211]},"num_concepts_raised":39971},{"base_id":688,"kind":"bot_words","i1":2,"i2":5,"sol":{"path":["/c/en/basketful","/c/en/basket","/c/en/rip","/c/fr/mathématiques","/c/fr/heptagonal","/c/en/heptagonal"],"weight":0.21317560000000008,"degrees":[33,1010,483,2720,16,51]},"num_concepts_raised":164092},{"base_id":688,"kind":"bot_words","i1":2,"i2":6,"sol":{"path":["/c/en/basketful","/c/en/basket","/c/en/uk","/c/en/lait"],"weight":0.20414000000000002,"degrees":[33,1010,5562,29]},"num_concepts_raised":15415},{"base_id":688,"kind":"bot_words","i1":2,"i2":7,"sol":{"path":["/c/en/basketful","/c/en/basket","/c/en/lotion","/c/en/aftershave"],"weight":0.20451000000000016,"degrees":[33,1010,197,44]},"num_concepts_raised":3292},{"base_id":688,"kind":"bot_words","i1":2,"i2":8,"sol":{"path":["/c/en/basketful","/c/en/basket","/c/en/hold","/c/en/value","/c/en/unappreciated"],"weight":0.20417000000000007,"degrees":[33,1010,2017,1699,26]},"num_concepts_raised":2874},{"base_id":688,"kind":"bot_words","i1":2,"i2":9,"sol":{"path":["/c/en/basketful","/c/en/basket","/c/en/slang","/c/en/rag","/c/en/rags"],"weight":0.20643999999999998,"degrees":[33,1010,16318,506,47]},"num_concepts_raised":4260},{"base_id":688,"kind":"bot_words","i1":3,"i2":4,"sol":{"path":["/c/en/terce","/c/en/hour","/c/en/stroke","/c/en/rout"],"weight":0.2049299999999994,"degrees":[41,1020,1197,211]},"num_concepts_raised":51937},{"base_id":688,"kind":"bot_words","i1":3,"i2":5,"sol":{"path":["/c/en/terce","/c/fr/tierce","/c/fr/mathématiques","/c/fr/heptagonal","/c/en/heptagonal"],"weight":0.20742000000000002,"degrees":[41,102,2720,16,51]},"num_concepts_raised":14709},{"base_id":688,"kind":"bot_words","i1":3,"i2":6,"sol":{"path":["/c/en/terce","/c/en/undern","/c/en/light","/c/en/lait"],"weight":0.20300999999999986,"degrees":[41,27,4288,29]},"num_concepts_raised":27798},{"base_id":688,"kind":"bot_words","i1":3,"i2":7,"sol":{"path":["/c/en/terce","/c/en/about","/c/en/after","/c/fr/après_rasage","/c/en/aftershave"],"weight":0.20422,"degrees":[41,1081,932,25,44]},"num_concepts_raised":16049},{"base_id":688,"kind":"bot_words","i1":3,"i2":8,"sol":{"path":["/c/en/terce","/c/en/third","/c/zh/陽春","/c/en/unappreciated"],"weight":0.2029599999999999,"degrees":[41,498,21,26]},"num_concepts_raised":15583},{"base_id":688,"kind":"bot_words","i1":3,"i2":9,"sol":{"path":["/c/en/terce","/c/en/historical","/c/en/cabinet","/c/en/rags"],"weight":0.2030299999999998,"degrees":[41,8415,783,47]},"num_concepts_raised":16997},{"base_id":688,"kind":"bot_words","i1":4,"i2":5,"sol":{"path":["/c/en/rout","/c/en/group","/c/fr/mathématiques","/c/fr/heptagonal","/c/en/heptagonal"],"weight":0.2071899999999995,"degrees":[211,2339,2720,16,51]},"num_concepts_raised":40132},{"base_id":688,"kind":"bot_words","i1":4,"i2":6,"sol":{"path":["/c/en/rout","/c/en/dialectal","/c/en/lait"],"weight":0.202,"degrees":[211,4127,29]},"num_concepts_raised":210},{"base_id":688,"kind":"bot_words","i1":4,"i2":7,"sol":{"path":["/c/en/rout","/c/fr/militaire","/c/fr/feu","/c/fr/après_rasage","/c/en/aftershave"],"weight":0.20705999999999952,"degrees":[211,3113,883,25,44]},"num_concepts_raised":41407},{"base_id":688,"kind":"bot_words","i1":4,"i2":8,"sol":{"path":["/c/en/rout","/c/fr/raout","/c/fr/personne","/c/fr/ingrat","/c/en/unappreciated"],"weight":0.2076499999999994,"degrees":[211,24,3714,103,26]},"num_concepts_raised":41005},{"base_id":688,"kind":"bot_words","i1":4,"i2":9,"sol":{"path":["/c/en/rout","/c/en/break_up","/c/en/rag","/c/en/rags"],"weight":0.2068399999999993,"degrees":[211,403,506,47]},"num_concepts_raised":42325},{"base_id":688,"kind":"bot_words","i1":5,"i2":6,"sol":{"path":["/c/en/heptagonal","/c/fr/heptagone","/c/fr/angle","/c/en/light","/c/en/lait"],"weight":0.20338999999999996,"degrees":[51,52,450,4288,29]},"num_concepts_raised":15617},{"base_id":688,"kind":"bot_words","i1":5,"i2":7,"sol":{"path":["/c/en/heptagonal","/c/en/math","/c/en/course","/c/en/liquid","/c/en/aftershave"],"weight":0.2034800000000001,"degrees":[51,914,1347,1778,44]},"num_concepts_raised":3501},{"base_id":688,"kind":"bot_words","i1":5,"i2":8,"sol":{"path":["/c/en/heptagonal","/c/en/math","/c/en/number","/c/en/value","/c/en/unappreciated"],"weight":0.20314000000000002,"degrees":[51,914,2301,1699,26]},"num_concepts_raised":3065},{"base_id":688,"kind":"bot_words","i1":5,"i2":9,"sol":{"path":["/c/en/heptagonal","/c/en/math","/c/en/breadth","/c/en/fabric","/c/en/rags"],"weight":0.20329999999999993,"degrees":[51,914,220,1105,47]},"num_concepts_raised":4477},{"base_id":688,"kind":"bot_words","i1":6,"i2":7,"sol":{"path":["/c/en/lait","/c/en/light","/c/fr/feu","/c/fr/après_rasage","/c/en/aftershave"],"weight":0.20409999999999995,"degrees":[29,4288,883,25,44]},"num_concepts_raised":16916},{"base_id":688,"kind":"bot_words","i1":6,"i2":8,"sol":{"path":["/c/en/lait","/c/en/flash","/c/en/amount","/c/en/value","/c/en/unappreciated"],"weight":0.20274999999999985,"degrees":[29,923,1036,1699,26]},"num_concepts_raised":16522},{"base_id":688,"kind":"bot_words","i1":6,"i2":9,"sol":{"path":["/c/en/lait","/c/en/uk","/c/en/rag","/c/en/rags"],"weight":0.20488999999999974,"degrees":[29,5562,506,47]},"num_concepts_raised":17877},{"base_id":688,"kind":"bot_words","i1":7,"i2":8,"sol":{"path":["/c/en/aftershave","/c/en/liquid","/c/en/quality","/c/en/value","/c/en/unappreciated"],"weight":0.20303,"degrees":[44,1778,1710,1699,26]},"num_concepts_raised":4436},{"base_id":688,"kind":"bot_words","i1":7,"i2":9,"sol":{"path":["/c/en/aftershave","/c/en/lotion","/c/en/cabinet","/c/en/rags"],"weight":0.20319999999999988,"degrees":[44,197,783,47]},"num_concepts_raised":5788},{"base_id":688,"kind":"bot_words","i1":8,"i2":9,"sol":{"path":["/c/en/unappreciated","/c/en/value","/c/en/music","/c/en/rag","/c/en/rags"],"weight":0.2049399999999998,"degrees":[26,1699,8822,506,47]},"num_concepts_raised":5411}],[{"base_id":688,"kind":"top_words","i1":0,"i2":1,"sol":{"path":["/c/en/shorebird","/c/en/bird","/c/en/time","/c/en/chrono"],"weight":0.2043399999999999,"degrees":[46,4970,4124,25]},"num_concepts_raised":10626},{"base_id":688,"kind":"top_words","i1":0,"i2":2,"sol":{"path":["/c/en/shorebird","/c/en/bird","/c/en/roof","/c/en/weather_vane","/c/en/weathervane"],"weight":0.20663999999999982,"degrees":[46,4970,1131,76,42]},"num_concepts_raised":6120},{"base_id":688,"kind":"top_words","i1":0,"i2":3,"sol":{"path":["/c/en/shorebird","/c/en/bird","/c/en/bill","/c/en/statement","/c/en/testimonial"],"weight":0.20475999999999972,"degrees":[46,4970,1413,847,68]},"num_concepts_raised":13628},{"base_id":688,"kind":"top_words","i1":0,"i2":4,"sol":{"path":["/c/en/shorebird","/c/en/bird","/c/en/phylum","/c/en/linguistics","/c/en/psycholinguistics"],"weight":0.21261999999999992,"degrees":[46,4970,306,4250,103]},"num_concepts_raised":16066},{"base_id":688,"kind":"top_words","i1":0,"i2":5,"sol":{"path":["/c/en/shorebird","/c/en/bird","/c/en/wing","/c/en/extemporaneous","/c/en/extempore"],"weight":0.2043199999999998,"degrees":[46,4970,1177,80,27]},"num_concepts_raised":6899},{"base_id":688,"kind":"top_words","i1":0,"i2":6,"sol":{"path":["/c/en/shorebird","/c/en/stilt","/c/en/pole","/c/en/meromorphic"],"weight":0.20282999999999984,"degrees":[46,191,1156,23]},"num_concepts_raised":7372},{"base_id":688,"kind":"top_words","i1":0,"i2":7,"sol":{"path":["/c/en/shorebird","/c/en/bird","/c/en/human","/c/en/melanesian"],"weight":0.20415999999999984,"degrees":[46,4970,2645,26]},"num_concepts_raised":8179},{"base_id":688,"kind":"top_words","i1":0,"i2":8,"sol":{"path":["/c/en/shorebird","/c/en/bird","/c/en/animal","/c/en/nervous","/c/en/nervously"],"weight":0.20479999999999987,"degrees":[46,4970,3735,307,64]},"num_concepts_raised":6763},{"base_id":688,"kind":"top_words","i1":0,"i2":9,"sol":{"path":["/c/en/shorebird","/c/en/bird","/c/en/chicken","/c/en/disease","/c/en/urticaria"],"weight":0.21113000000000004,"degrees":[46,4970,1689,4216,140]},"num_concepts_raised":12523},{"base_id":688,"kind":"top_words","i1":1,"i2":2,"sol":{"path":["/c/en/chrono","/c/en/time","/c/en/weather","/c/en/weather_vane","/c/en/weathervane"],"weight":0.20525999999999994,"degrees":[25,4124,1740,76,42]},"num_concepts_raised":5711},{"base_id":688,"kind":"top_words","i1":1,"i2":3,"sol":{"path":["/c/en/chrono","/c/en/time","/c/en/experience","/c/en/testimony","/c/en/testimonial"],"weight":0.2053499999999998,"degrees":[25,4124,1082,317,68]},"num_concepts_raised":13157},{"base_id":688,"kind":"top_words","i1":1,"i2":4,"sol":{"path":["/c/en/chrono","/c/en/time","/c/en/grammar","/c/en/linguistics","/c/en/psycholinguistics"],"weight":0.21127000000000004,"degrees":[25,4124,6397,4250,103]},"num_concepts_raised":15578},{"base_id":688,"kind":"top_words","i1":1,"i2":5,"sol":{"path":["/c/en/chrono","/c/en/time","/c/la/tempus","/c/en/extempore"],"weight":0.20280999999999993,"degrees":[25,4124,150,27]},"num_concepts_raised":6419},{"base_id":688,"kind":"top_words","i1":1,"i2":6,"sol":{"path":["/c/en/chrono","/c/en/time","/c/en/set","/c/en/bimeromorphic","/c/en/meromorphic"],"weight":0.20371999999999998,"degrees":[25,4124,2628,7,23]},"num_concepts_raised":6952},{"base_id":688,"kind":"top_words","i1":1,"i2":7,"sol":{"path":["/c/en/chrono","/c/en/crony","/c/en/person","/c/en/human","/c/en/melanesian"],"weight":0.20368999999999993,"degrees":[25,81,12935,2645,26]},"num_concepts_raised":7780},{"base_id":688,"kind":"top_words","i1":1,"i2":8,"sol":{"path":["/c/en/chrono","/c/fr/chrono","/c/fr/sport","/c/en/fumble","/c/en/nervously"],"weight":0.20429,"degrees":[25,24,2171,159,64]},"num_concepts_raised":6344},{"base_id":688,"kind":"top_words","i1":1,"i2":9,"sol":{"path":["/c/en/chrono","/c/en/crony","/c/en/person","/c/en/hives","/c/en/urticaria"],"weight":0.21289000000000013,"degrees":[25,81,12935,80,140]},"num_concepts_raised":12117},{"base_id":688,"kind":"top_words","i1":2,"i2":3,"sol":{"path":["/c/en/weathervane","/c/en/weather_vane","/c/en/roof","/c/en/football","/c/en/testimonial"],"weight":0.2054699999999997,"degrees":[42,76,1131,1072,68]},"num_concepts_raised":8728},{"base_id":688,"kind":"top_words","i1":2,"i2":4,"sol":{"path":["/c/en/weathervane","/c/en/weather_vane","/c/en/weather","/c/en/study","/c/en/psycholinguistics"],"weight":0.2113299999999999,"degrees":[42,76,1740,1753,103]},"num_concepts_raised":11163},{"base_id":688,"kind":"top_words","i1":2,"i2":5,"sol":{"path":["/c/en/weathervane","/c/en/weather_vane","/c/en/weather","/c/la/tempus","/c/en/extempore"],"weight":0.2050399999999998,"degrees":[42,76,1740,150,27]},"num_concepts_raised":1975},{"base_id":688,"kind":"top_words","i1":2,"i2":6,"sol":{"path":["/c/en/weathervane","/c/en/weather_vane","/c/en/rotate","/c/en/pole","/c/en/meromorphic"],"weight":0.20497999999999986,"degrees":[42,76,422,1156,23]},"num_concepts_raised":2460},{"base_id":688,"kind":"top_words","i1":2,"i2":7,"sol":{"path":["/c/en/weathervane","/c/en/mechanical_device","/c/en/machine","/c/en/human","/c/en/melanesian"],"weight":0.20280999999999982,"degrees":[42,187,1685,2645,26]},"num_concepts_raised":3293},{"base_id":688,"kind":"top_words","i1":2,"i2":8,"sol":{"path":["/c/en/weathervane","/c/en/weather_vane","/c/en/weather","/c/en/shiver","/c/en/shudder","/c/en/nervously"],"weight":0.21074139999999988,"degrees":[42,76,1740,437,288,64]},"num_concepts_raised":172169},{"base_id":688,"kind":"top_words","i1":2,"i2":9,"sol":{"path":["/c/en/weathervane","/c/en/weather_vane","/c/en/wind","/c/en/disease","/c/en/urticaria"],"weight":0.21195000000000003,"degrees":[42,76,2373,4216,140]},"num_concepts_raised":7631},{"base_id":688,"kind":"top_words","i1":3,"i2":4,"sol":{"path":["/c/en/testimonial","/c/en/testimony","/c/en/spoken","/c/en/psycholinguistics"],"weight":0.21146999999999982,"degrees":[68,317,225,103]},"num_concepts_raised":18498},{"base_id":688,"kind":"top_words","i1":3,"i2":5,"sol":{"path":["/c/en/testimonial","/c/en/service","/c/en/preparation","/c/en/extempore"],"weight":0.2029999999999997,"degrees":[68,1385,543,27]},"num_concepts_raised":9476},{"base_id":688,"kind":"top_words","i1":3,"i2":6,"sol":{"path":["/c/en/testimonial","/c/en/testator","/c/en/residue","/c/en/meromorphic"],"weight":0.20302999999999977,"degrees":[68,91,274,23]},"num_concepts_raised":9938},{"base_id":688,"kind":"top_words","i1":3,"i2":7,"sol":{"path":["/c/en/testimonial","/c/en/testimony","/c/en/church","/c/en/human","/c/en/melanesian"],"weight":0.20518999999999973,"degrees":[68,317,1592,2645,26]},"num_concepts_raised":10764},{"base_id":688,"kind":"top_words","i1":3,"i2":8,"sol":{"path":["/c/en/testimonial","/c/en/testimony","/c/en/putting_on_stand","/c/en/nervousness","/c/en/nervously"],"weight":0.20575999999999978,"degrees":[68,317,35,158,64]},"num_concepts_raised":9360},{"base_id":688,"kind":"top_words","i1":3,"i2":9,"sol":{"path":["/c/en/testimonial","/c/en/testator","/c/en/person","/c/en/hives","/c/en/urticaria"],"weight":0.21232999999999994,"degrees":[68,91,12935,80,140]},"num_concepts_raised":15105},{"base_id":688,"kind":"top_words","i1":4,"i2":5,"sol":{"path":["/c/en/psycholinguistics","/c/en/linguistics","/c/en/grammar","/c/la/tempus","/c/en/extempore"],"weight":0.21106999999999992,"degrees":[103,4250,6397,150,27]},"num_concepts_raised":11907},{"base_id":688,"kind":"top_words","i1":4,"i2":6,"sol":{"path":["/c/en/psycholinguistics","/c/en/linguistics","/c/en/analytic","/c/en/bimeromorphic","/c/en/meromorphic"],"weight":0.21202,"degrees":[103,4250,159,7,23]},"num_concepts_raised":12390},{"base_id":688,"kind":"top_words","i1":4,"i2":7,"sol":{"path":["/c/en/psycholinguistics","/c/en/language","/c/en/human","/c/en/melanesian"],"weight":0.20896999999999993,"degrees":[103,4160,2645,26]},"num_concepts_raised":13083},{"base_id":688,"kind":"top_words","i1":4,"i2":8,"sol":{"path":["/c/en/psycholinguistics","/c/en/linguistics","/c/en/tense","/c/en/nervous","/c/en/nervously"],"weight":0.21164,"degrees":[103,4250,630,307,64]},"num_concepts_raised":11793},{"base_id":688,"kind":"top_words","i1":4,"i2":9,"sol":{"path":["/c/en/psycholinguistics","/c/en/study","/c/en/person","/c/en/hives","/c/en/urticaria"],"weight":0.21809000000000014,"degrees":[103,1753,12935,80,140]},"num_concepts_raised":17542},{"base_id":688,"kind":"top_words","i1":5,"i2":6,"sol":{"path":["/c/en/extempore","/c/en/preparation","/c/en/cold","/c/en/pole","/c/en/meromorphic"],"weight":0.20255999999999985,"degrees":[27,543,1889,1156,23]},"num_concepts_raised":3229},{"base_id":688,"kind":"top_words","i1":5,"i2":7,"sol":{"path":["/c/en/extempore","/c/en/extemporaneous","/c/en/thought","/c/en/human","/c/en/melanesian"],"weight":0.20268999999999981,"degrees":[27,80,1127,2645,26]},"num_concepts_raised":4055},{"base_id":688,"kind":"top_words","i1":5,"i2":8,"sol":{"path":["/c/en/extempore","/c/en/extemporize","/c/en/speak","/c/fr/trépigner","/c/en/nervously"],"weight":0.2032099999999999,"degrees":[27,50,1441,121,64]},"num_concepts_raised":2609},{"base_id":688,"kind":"top_words","i1":5,"i2":9,"sol":{"path":["/c/en/extempore","/c/en/preparation","/c/en/wax","/c/en/hives","/c/en/urticaria"],"weight":0.21181000000000005,"degrees":[27,543,1206,80,140]},"num_concepts_raised":8379},{"base_id":688,"kind":"top_words","i1":6,"i2":7,"sol":{"path":["/c/en/meromorphic","/c/en/pole","/c/en/human","/c/en/melanesian"],"weight":0.2025399999999999,"degrees":[23,1156,2645,26]},"num_concepts_raised":4543},{"base_id":688,"kind":"top_words","i1":6,"i2":8,"sol":{"path":["/c/en/meromorphic","/c/en/pole","/c/en/slang","/c/fr/trépigner","/c/en/nervously"],"weight":0.20311999999999994,"degrees":[23,1156,16318,121,64]},"num_concepts_raised":3097},{"base_id":688,"kind":"top_words","i1":6,"i2":9,"sol":{"path":["/c/en/meromorphic","/c/en/residue","/c/en/wax","/c/en/hives","/c/en/urticaria"],"weight":0.2117500000000001,"degrees":[23,274,1206,80,140]},"num_concepts_raised":8877},{"base_id":688,"kind":"top_words","i1":7,"i2":8,"sol":{"path":["/c/en/melanesian","/c/en/human","/c/en/person","/c/en/nervous","/c/en/nervously"],"weight":0.2032099999999999,"degrees":[26,2645,12935,307,64]},"num_concepts_raised":3923},{"base_id":688,"kind":"top_words","i1":7,"i2":9,"sol":{"path":["/c/en/melanesian","/c/en/human","/c/en/skin","/c/en/urticaria"],"weight":0.20949000000000007,"degrees":[26,2645,2372,140]},"num_concepts_raised":9629},{"base_id":688,"kind":"top_words","i1":8,"i2":9,"sol":{"path":["/c/en/nervously","/c/nrf/nèrveusement","/c/en/jersey","/c/nrf/feu_ortcheux","/c/en/urticaria"],"weight":0.2130200000000001,"degrees":[64,5,6919,6,140]},"num_concepts_raised":8253}]]