[[{"base_id":614,"kind":"bot_words","i1":0,"i2":1,"sol":{"path":["/c/en/tootsie","/c/en/woman","/c/en/long","/c/en/tedious","/c/en/tediously"],"weight":0.20904999999999976,"degrees":[51,3510,1806,275,33]},"num_concepts_raised":7658},{"base_id":614,"kind":"bot_words","i1":0,"i2":2,"sol":{"path":["/c/en/tootsie","/c/en/film","/c/en/animal","/c/en/ha_ha","/c/en/hehe"],"weight":0.20808999999999975,"degrees":[51,2504,3735,72,37]},"num_concepts_raised":7102},{"base_id":614,"kind":"bot_words","i1":0,"i2":3,"sol":{"path":["/c/en/tootsie","/c/en/childish","/c/ceb/am_am","/c/en/appease"],"weight":0.21053999999999948,"degrees":[51,883,8,248]},"num_concepts_raised":14817},{"base_id":614,"kind":"bot_words","i1":0,"i2":4,"sol":{"path":["/c/en/tootsie","/c/en/film","/c/en/free_will","/c/en/theology","/c/en/moksha"],"weight":0.21385999999999955,"degrees":[51,2504,188,785,103]},"num_concepts_raised":13402},{"base_id":614,"kind":"bot_words","i1":0,"i2":5,"sol":{"path":["/c/en/tootsie","/c/en/woman","/c/en/cat","/c/en/hiding"],"weight":0.20922999999999925,"degrees":[51,3510,1616,158]},"num_concepts_raised":21282},{"base_id":614,"kind":"bot_words","i1":0,"i2":6,"sol":{"path":["/c/en/tootsie","/c/en/film","/c/en/record","/c/en/archive","/c/en/archivist"],"weight":0.21603999999999976,"degrees":[51,2504,1856,331,98]},"num_concepts_raised":8717},{"base_id":614,"kind":"bot_words","i1":0,"i2":7,"sol":{"path":["/c/en/tootsie","/c/en/film","/c/en/cut","/c/en/cutback"],"weight":0.20839999999999964,"degrees":[51,2504,2951,56]},"num_concepts_raised":15108},{"base_id":614,"kind":"bot_words","i1":0,"i2":8,"sol":{"path":["/c/en/tootsie","/c/en/childish","/c/en/tell","/c/en/admit","/c/en/confess"],"weight":0.21377999999999964,"degrees":[51,883,953,618,319]},"num_concepts_raised":18662},{"base_id":614,"kind":"bot_words","i1":0,"i2":9,"sol":{"path":["/c/en/tootsie","/c/en/woman","/c/en/hair","/c/en/fax"],"weight":0.21749000000000024,"degrees":[51,3510,2126,311]},"num_concepts_raised":14087},{"base_id":614,"kind":"bot_words","i1":1,"i2":2,"sol":{"path":["/c/en/tediously","/c/en/tedious","/c/en/grind","/c/en/dance","/c/en/haha","/c/en/hehe"],"weight":0.20783459999999981,"degrees":[33,275,727,2473,115,37]},"num_concepts_raised":212155},{"base_id":614,"kind":"bot_words","i1":1,"i2":3,"sol":{"path":["/c/en/tediously","/c/en/wear","/c/en/wind","/c/en/calm","/c/en/appease"],"weight":0.20725999999999964,"degrees":[33,1149,2373,1184,248]},"num_concepts_raised":10303},{"base_id":614,"kind":"bot_words","i1":1,"i2":4,"sol":{"path":["/c/en/tediously","/c/en/tedious","/c/en/repeat","/c/en/cycle","/c/en/moksha"],"weight":0.20969999999999972,"degrees":[33,275,739,621,103]},"num_concepts_raised":8898},{"base_id":614,"kind":"bot_words","i1":1,"i2":5,"sol":{"path":["/c/en/tediously","/c/en/wear","/c/en/action","/c/en/hide","/c/en/hiding"],"weight":0.20537999999999942,"degrees":[33,1149,2156,1620,158]},"num_concepts_raised":16842},{"base_id":614,"kind":"bot_words","i1":1,"i2":6,"sol":{"path":["/c/en/tediously","/c/en/tedious","/c/en/task","/c/en/worker","/c/en/archivist"],"weight":0.20983999999999992,"degrees":[33,275,670,1829,98]},"num_concepts_raised":4213},{"base_id":614,"kind":"bot_words","i1":1,"i2":7,"sol":{"path":["/c/en/tediously","/c/en/tedious","/c/en/bore","/c/en/cut","/c/en/cutback"],"weight":0.2042799999999998,"degrees":[33,275,652,2951,56]},"num_concepts_raised":10626},{"base_id":614,"kind":"bot_words","i1":1,"i2":8,"sol":{"path":["/c/en/tediously","/c/en/proser","/c/en/talk","/c/en/confess"],"weight":0.20658999999999977,"degrees":[33,7,1956,319]},"num_concepts_raised":14146},{"base_id":614,"kind":"bot_words","i1":1,"i2":9,"sol":{"path":["/c/en/tediously","/c/en/tedious","/c/en/work","/c/en/fax_machine","/c/en/fax"],"weight":0.2175300000000004,"degrees":[33,275,4013,53,311]},"num_concepts_raised":9609},{"base_id":614,"kind":"bot_words","i1":2,"i2":3,"sol":{"path":["/c/en/hehe","/c/en/lol","/c/en/state","/c/en/calm","/c/en/appease"],"weight":0.2072599999999996,"degrees":[37,161,3243,1184,248]},"num_concepts_raised":9750},{"base_id":614,"kind":"bot_words","i1":2,"i2":4,"sol":{"path":["/c/en/hehe","/c/en/ha_ha","/c/en/animal","/c/en/consciousness","/c/en/moksha"],"weight":0.20874999999999966,"degrees":[37,72,3735,472,103]},"num_concepts_raised":8335},{"base_id":614,"kind":"bot_words","i1":2,"i2":5,"sol":{"path":["/c/en/hehe","/c/en/haha","/c/en/musical_artist","/c/en/hide","/c/en/hiding"],"weight":0.20546999999999938,"degrees":[37,115,462,1620,158]},"num_concepts_raised":16330},{"base_id":614,"kind":"bot_words","i1":2,"i2":6,"sol":{"path":["/c/en/hehe","/c/en/haha","/c/en/actor","/c/en/worker","/c/en/archivist"],"weight":0.20895999999999987,"degrees":[37,115,853,1829,98]},"num_concepts_raised":3647},{"base_id":614,"kind":"bot_words","i1":2,"i2":7,"sol":{"path":["/c/en/hehe","/c/fr/héhé","/c/en/internet","/c/en/surfing","/c/en/cutback"],"weight":0.20408999999999977,"degrees":[37,5,2994,390,56]},"num_concepts_raised":10096},{"base_id":614,"kind":"bot_words","i1":2,"i2":8,"sol":{"path":["/c/en/hehe","/c/en/tanzania","/c/en/english_language","/c/en/confessor","/c/en/confess"],"weight":0.20777999999999974,"degrees":[37,425,579,95,319]},"num_concepts_raised":13616},{"base_id":614,"kind":"bot_words","i1":2,"i2":9,"sol":{"path":["/c/en/hehe","/c/fr/héhé","/c/en/internet","/c/en/telecommunicate","/c/en/fax"],"weight":0.21324000000000037,"degrees":[37,5,2994,23,311]},"num_concepts_raised":9077},{"base_id":614,"kind":"bot_words","i1":3,"i2":4,"sol":{"path":["/c/en/appease","/c/ar/نفس","/c/en/soul","/c/en/moksha"],"weight":0.2112199999999994,"degrees":[248,135,1006,103]},"num_concepts_raised":16012},{"base_id":614,"kind":"bot_words","i1":3,"i2":5,"sol":{"path":["/c/en/appease","/c/en/satisfy","/c/en/cover","/c/en/hiding"],"weight":0.2068699999999991,"degrees":[248,436,2802,158]},"num_concepts_raised":23858},{"base_id":614,"kind":"bot_words","i1":3,"i2":6,"sol":{"path":["/c/en/appease","/c/en/quiet","/c/en/library","/c/en/archive","/c/en/archivist"],"weight":0.21390999999999963,"degrees":[248,1147,1023,331,98]},"num_concepts_raised":11383},{"base_id":614,"kind":"bot_words","i1":3,"i2":7,"sol":{"path":["/c/en/appease","/c/en/abate","/c/en/decrease","/c/en/cutback"],"weight":0.2059399999999995,"degrees":[248,376,915,56]},"num_concepts_raised":17638},{"base_id":614,"kind":"bot_words","i1":3,"i2":8,"sol":{"path":["/c/en/appease","/c/en/quiet","/c/en/sing","/c/en/confess"],"weight":0.2096399999999995,"degrees":[248,1147,997,319]},"num_concepts_raised":21167},{"base_id":614,"kind":"bot_words","i1":3,"i2":9,"sol":{"path":["/c/en/appease","/c/no/roe","/c/en/head","/c/en/fax"],"weight":0.21484000000000011,"degrees":[248,16,3580,311]},"num_concepts_raised":16748},{"base_id":614,"kind":"bot_words","i1":4,"i2":5,"sol":{"path":["/c/en/moksha","/c/sa/मोक्ष","/c/en/death","/c/ja/隠れ","/c/en/hiding"],"weight":0.21187999999999918,"degrees":[103,18,2449,11,158]},"num_concepts_raised":22560},{"base_id":614,"kind":"bot_words","i1":4,"i2":6,"sol":{"path":["/c/en/moksha","/c/en/russia","/c/en/historical","/c/en/archive","/c/en/archivist"],"weight":0.21670999999999968,"degrees":[103,984,8415,331,98]},"num_concepts_raised":9964},{"base_id":614,"kind":"bot_words","i1":4,"i2":7,"sol":{"path":["/c/en/moksha","/c/en/cycle","/c/en/pass","/c/en/cutback"],"weight":0.2088599999999996,"degrees":[103,621,2112,56]},"num_concepts_raised":16342},{"base_id":614,"kind":"bot_words","i1":4,"i2":8,"sol":{"path":["/c/en/moksha","/c/en/theology","/c/en/religion","/c/en/confess"],"weight":0.21258999999999956,"degrees":[103,785,3331,319]},"num_concepts_raised":19652},{"base_id":614,"kind":"bot_words","i1":4,"i2":9,"sol":{"path":["/c/en/moksha","/c/en/soul","/c/vi/phách","/c/en/fax"],"weight":0.2180100000000002,"degrees":[103,1006,17,311]},"num_concepts_raised":15346},{"base_id":614,"kind":"bot_words","i1":5,"i2":6,"sol":{"path":["/c/en/hiding","/c/en/squirrel","/c/en/collector","/c/en/archivist"],"weight":0.21000999999999942,"degrees":[158,1113,340,98]},"num_concepts_raised":17950},{"base_id":614,"kind":"bot_words","i1":5,"i2":7,"sol":{"path":["/c/en/hiding","/c/en/hide","/c/en/back","/c/en/cutback"],"weight":0.2055299999999993,"degrees":[158,1620,2238,56]},"num_concepts_raised":24044},{"base_id":614,"kind":"bot_words","i1":5,"i2":8,"sol":{"path":["/c/en/hiding","/c/en/lie","/c/en/admit","/c/en/confess"],"weight":0.20975999999999928,"degrees":[158,1854,618,319]},"num_concepts_raised":27629},{"base_id":614,"kind":"bot_words","i1":5,"i2":9,"sol":{"path":["/c/en/hiding","/c/en/cat","/c/en/hair","/c/en/fax"],"weight":0.21355999999999992,"degrees":[158,1616,2126,311]},"num_concepts_raised":23093},{"base_id":614,"kind":"bot_words","i1":6,"i2":7,"sol":{"path":["/c/en/archivist","/c/en/archive","/c/en/record","/c/en/cut","/c/en/cutback"],"weight":0.21125999999999978,"degrees":[98,331,1856,2951,56]},"num_concepts_raised":11708},{"base_id":614,"kind":"bot_words","i1":6,"i2":8,"sol":{"path":["/c/en/archivist","/c/en/archive","/c/en/document","/c/en/confession","/c/en/confess"],"weight":0.21632999999999977,"degrees":[98,331,1186,327,319]},"num_concepts_raised":15246},{"base_id":614,"kind":"bot_words","i1":6,"i2":9,"sol":{"path":["/c/en/archivist","/c/en/archive","/c/en/document","/c/en/fax"],"weight":0.22035000000000038,"degrees":[98,331,1186,311]},"num_concepts_raised":10680},{"base_id":614,"kind":"bot_words","i1":7,"i2":8,"sol":{"path":["/c/en/cutback","/c/en/decrease","/c/ja/落ちる","/c/en/confess"],"weight":0.20697999999999966,"degrees":[56,915,143,319]},"num_concepts_raised":21507},{"base_id":614,"kind":"bot_words","i1":7,"i2":9,"sol":{"path":["/c/en/cutback","/c/en/cut","/c/en/hair","/c/en/fax"],"weight":0.2127300000000003,"degrees":[56,2951,2126,311]},"num_concepts_raised":16894},{"base_id":614,"kind":"bot_words","i1":8,"i2":9,"sol":{"path":["/c/en/confess","/c/en/confession","/c/en/document","/c/en/fax"],"weight":0.21781000000000028,"degrees":[319,327,1186,311]},"num_concepts_raised":20520}],[{"base_id":614,"kind":"top_words","i1":0,"i2":1,"sol":{"path":["/c/en/algonquin","/c/en/fox","/c/en/earth","/c/en/plutonic","/c/en/abyssal"],"weight":0.20453999999999978,"degrees":[68,1066,2336,57,41]},"num_concepts_raised":14671},{"base_id":614,"kind":"top_words","i1":0,"i2":2,"sol":{"path":["/c/en/algonquin","/c/en/ottawa","/c/fr/localités","/c/en/lublin"],"weight":0.20334999999999984,"degrees":[68,230,110113,25]},"num_concepts_raised":117372},{"base_id":614,"kind":"top_words","i1":0,"i2":3,"sol":{"path":["/c/en/algonquin","/c/en/fox","/c/en/dog","/c/en/pitbull"],"weight":0.20871999999999968,"degrees":[68,1066,2320,58]},"num_concepts_raised":22383},{"base_id":614,"kind":"top_words","i1":0,"i2":4,"sol":{"path":["/c/en/algonquin","/c/en/language","/c/en/country","/c/en/poland","/c/en/białystok"],"weight":0.20336999999999977,"degrees":[68,4160,2796,473,28]},"num_concepts_raised":8000},{"base_id":614,"kind":"top_words","i1":0,"i2":5,"sol":{"path":["/c/en/algonquin","/c/en/fox","/c/en/england","/c/en/midlands"],"weight":0.2044999999999998,"degrees":[68,1066,2303,31]},"num_concepts_raised":15304},{"base_id":614,"kind":"top_words","i1":0,"i2":6,"sol":{"path":["/c/en/algonquin","/c/en/language","/c/en/mathematics","/c/en/unary"],"weight":0.20499999999999977,"degrees":[68,4160,7601,56]},"num_concepts_raised":24346},{"base_id":614,"kind":"top_words","i1":0,"i2":7,"sol":{"path":["/c/en/algonquin","/c/en/language","/c/en/tocharian"],"weight":0.202,"degrees":[68,4160,61]},"num_concepts_raised":106},{"base_id":614,"kind":"top_words","i1":0,"i2":8,"sol":{"path":["/c/en/algonquin","/c/en/fox","/c/en/earth","/c/en/craton"],"weight":0.20892999999999967,"degrees":[68,1066,2336,73]},"num_concepts_raised":14081},{"base_id":614,"kind":"top_words","i1":0,"i2":9,"sol":{"path":["/c/en/algonquin","/c/en/ottawa","/c/en/city","/c/en/hefei"],"weight":0.21104999999999968,"degrees":[68,230,3758,73]},"num_concepts_raised":12368},{"base_id":614,"kind":"top_words","i1":1,"i2":2,"sol":{"path":["/c/en/abyssal","/c/en/geography","/c/en/country","/c/en/poland","/c/en/lublin"],"weight":0.20390999999999987,"degrees":[41,1915,2796,473,25]},"num_concepts_raised":116980},{"base_id":614,"kind":"top_words","i1":1,"i2":3,"sol":{"path":["/c/en/abyssal","/c/en/plutonic","/c/en/pluto","/c/en/dog","/c/en/pitbull"],"weight":0.2091899999999997,"degrees":[41,57,349,2320,58]},"num_concepts_raised":22004},{"base_id":614,"kind":"top_words","i1":1,"i2":4,"sol":{"path":["/c/en/abyssal","/c/en/geography","/c/en/country","/c/en/poland","/c/en/białystok"],"weight":0.2028499999999998,"degrees":[41,1915,2796,473,28]},"num_concepts_raised":7471},{"base_id":614,"kind":"top_words","i1":1,"i2":5,"sol":{"path":["/c/en/abyssal","/c/en/abysmal","/c/fr/géographie","/c/en/midland","/c/en/midlands"],"weight":0.20508999999999986,"degrees":[41,86,8043,40,31]},"num_concepts_raised":14898},{"base_id":614,"kind":"top_words","i1":1,"i2":6,"sol":{"path":["/c/en/abyssal","/c/en/plutonic","/c/en/rock","/c/en/single","/c/en/unary"],"weight":0.20519999999999983,"degrees":[41,57,2349,1167,56]},"num_concepts_raised":23779},{"base_id":614,"kind":"top_words","i1":1,"i2":7,"sol":{"path":["/c/en/abyssal","/c/en/geography","/c/en/subject","/c/en/language","/c/en/tocharian"],"weight":0.2033699999999998,"degrees":[41,1915,1490,4160,61]},"num_concepts_raised":11403},{"base_id":614,"kind":"top_words","i1":1,"i2":8,"sol":{"path":["/c/en/abyssal","/c/en/crust","/c/en/craton"],"weight":0.20400000000000001,"degrees":[41,503,73]},"num_concepts_raised":97},{"base_id":614,"kind":"top_words","i1":1,"i2":9,"sol":{"path":["/c/en/abyssal","/c/en/geography","/c/en/city","/c/en/hefei"],"weight":0.21055999999999975,"degrees":[41,1915,3758,73]},"num_concepts_raised":11897},{"base_id":614,"kind":"top_words","i1":2,"i2":3,"sol":{"path":["/c/en/lublin","/c/en/poland","/c/en/polish","/c/en/dog","/c/en/pitbull"],"weight":0.20909999999999979,"degrees":[25,473,1193,2320,58]},"num_concepts_raised":124871},{"base_id":614,"kind":"top_words","i1":2,"i2":4,"sol":{"path":["/c/en/lublin","/c/en/poland","/c/en/białystok"],"weight":0.203,"degrees":[25,473,28]},"num_concepts_raised":50},{"base_id":614,"kind":"top_words","i1":2,"i2":5,"sol":{"path":["/c/en/lublin","/c/fr/localités","/c/en/derby","/c/en/midlands"],"weight":0.2028099999999999,"degrees":[25,110113,199,31]},"num_concepts_raised":116874},{"base_id":614,"kind":"top_words","i1":2,"i2":6,"sol":{"path":["/c/en/lublin","/c/fr/localités","/c/en/singleton","/c/en/mathematics","/c/en/unary"],"weight":0.20434999999999987,"degrees":[25,110113,87,7601,56]},"num_concepts_raised":126763},{"base_id":614,"kind":"top_words","i1":2,"i2":7,"sol":{"path":["/c/en/lublin","/c/en/poland","/c/en/country","/c/en/language","/c/en/tocharian"],"weight":0.20420999999999986,"degrees":[25,473,2796,4160,61]},"num_concepts_raised":114256},{"base_id":614,"kind":"top_words","i1":2,"i2":8,"sol":{"path":["/c/en/lublin","/c/en/poland","/c/en/country","/c/en/continent","/c/en/craton"],"weight":0.2093399999999998,"degrees":[25,473,2796,774,73]},"num_concepts_raised":116415},{"base_id":614,"kind":"top_words","i1":2,"i2":9,"sol":{"path":["/c/en/lublin","/c/en/poland","/c/en/country","/c/en/city","/c/en/hefei"],"weight":0.21145999999999981,"degrees":[25,473,2796,3758,73]},"num_concepts_raised":114656},{"base_id":614,"kind":"top_words","i1":3,"i2":4,"sol":{"path":["/c/en/pitbull","/c/en/dog","/c/en/polish","/c/en/poland","/c/en/białystok"],"weight":0.2080399999999997,"degrees":[58,2320,1193,473,28]},"num_concepts_raised":15365},{"base_id":614,"kind":"top_words","i1":3,"i2":5,"sol":{"path":["/c/en/pitbull","/c/en/dog","/c/en/british","/c/en/midlands"],"weight":0.20813999999999974,"degrees":[58,2320,3452,31]},"num_concepts_raised":22656},{"base_id":614,"kind":"top_words","i1":3,"i2":6,"sol":{"path":["/c/en/pitbull","/c/en/person","/c/en/single","/c/en/unary"],"weight":0.2093799999999997,"degrees":[58,12935,1167,56]},"num_concepts_raised":31546},{"base_id":614,"kind":"top_words","i1":3,"i2":7,"sol":{"path":["/c/en/pitbull","/c/en/dog","/c/en/human","/c/en/language","/c/en/tocharian"],"weight":0.2085699999999997,"degrees":[58,2320,2645,4160,61]},"num_concepts_raised":19215},{"base_id":614,"kind":"top_words","i1":3,"i2":8,"sol":{"path":["/c/en/pitbull","/c/en/dog","/c/en/ground","/c/en/continent","/c/en/craton"],"weight":0.21367999999999962,"degrees":[58,2320,1836,774,73]},"num_concepts_raised":21375},{"base_id":614,"kind":"top_words","i1":3,"i2":9,"sol":{"path":["/c/en/pitbull","/c/en/person","/c/en/china","/c/en/hefei"],"weight":0.21364999999999965,"degrees":[58,12935,1318,73]},"num_concepts_raised":19810},{"base_id":614,"kind":"top_words","i1":4,"i2":5,"sol":{"path":["/c/en/białystok","/c/en/poland","/c/en/country","/c/en/midland","/c/en/midlands"],"weight":0.20476999999999984,"degrees":[28,473,2796,40,31]},"num_concepts_raised":8265},{"base_id":614,"kind":"top_words","i1":4,"i2":6,"sol":{"path":["/c/en/białystok","/c/pl/kawalerczak","/c/en/dialect","/c/en/single","/c/en/unary"],"weight":0.2039899999999998,"degrees":[28,5,2378,1167,56]},"num_concepts_raised":17245},{"base_id":614,"kind":"top_words","i1":4,"i2":7,"sol":{"path":["/c/en/białystok","/c/en/poland","/c/en/country","/c/en/language","/c/en/tocharian"],"weight":0.20314999999999978,"degrees":[28,473,2796,4160,61]},"num_concepts_raised":4713},{"base_id":614,"kind":"top_words","i1":4,"i2":8,"sol":{"path":["/c/en/białystok","/c/en/poland","/c/en/country","/c/en/continent","/c/en/craton"],"weight":0.20827999999999972,"degrees":[28,473,2796,774,73]},"num_concepts_raised":6915},{"base_id":614,"kind":"top_words","i1":4,"i2":9,"sol":{"path":["/c/en/białystok","/c/en/poland","/c/en/country","/c/en/city","/c/en/hefei"],"weight":0.21039999999999973,"degrees":[28,473,2796,3758,73]},"num_concepts_raised":5290},{"base_id":614,"kind":"top_words","i1":5,"i2":6,"sol":{"path":["/c/en/midlands","/c/en/entry","/c/en/element","/c/en/unary"],"weight":0.20307999999999987,"degrees":[31,436,1173,56]},"num_concepts_raised":24536},{"base_id":614,"kind":"top_words","i1":5,"i2":7,"sol":{"path":["/c/en/midlands","/c/en/midland","/c/en/country","/c/en/language","/c/en/tocharian"],"weight":0.20527999999999985,"degrees":[31,40,2796,4160,61]},"num_concepts_raised":12171},{"base_id":614,"kind":"top_words","i1":5,"i2":8,"sol":{"path":["/c/en/midlands","/c/en/british","/c/en/earth","/c/en/craton"],"weight":0.20834999999999976,"degrees":[31,3452,2336,73]},"num_concepts_raised":14284},{"base_id":614,"kind":"top_words","i1":5,"i2":9,"sol":{"path":["/c/en/midlands","/c/en/derby","/c/en/city","/c/en/hefei"],"weight":0.21052999999999977,"degrees":[31,199,3758,73]},"num_concepts_raised":12595},{"base_id":614,"kind":"top_words","i1":6,"i2":7,"sol":{"path":["/c/en/unary","/c/en/mathematics","/c/en/language","/c/en/tocharian"],"weight":0.2047799999999998,"degrees":[56,7601,4160,61]},"num_concepts_raised":21109},{"base_id":614,"kind":"top_words","i1":6,"i2":8,"sol":{"path":["/c/en/unary","/c/en/function","/c/en/part","/c/en/craton"],"weight":0.20873999999999973,"degrees":[56,1730,2528,73]},"num_concepts_raised":23002},{"base_id":614,"kind":"top_words","i1":6,"i2":9,"sol":{"path":["/c/en/unary","/c/en/mathematics","/c/en/base","/c/en/city","/c/en/hefei"],"weight":0.21206999999999976,"degrees":[56,7601,2117,3758,73]},"num_concepts_raised":21694},{"base_id":614,"kind":"top_words","i1":7,"i2":8,"sol":{"path":["/c/en/tocharian","/c/en/indo_european","/c/en/europe","/c/en/continent","/c/en/craton"],"weight":0.2087999999999997,"degrees":[61,218,765,774,73]},"num_concepts_raised":10832},{"base_id":614,"kind":"top_words","i1":7,"i2":9,"sol":{"path":["/c/en/tocharian","/c/en/central_asia","/c/en/china","/c/en/hefei"],"weight":0.20878999999999975,"degrees":[61,238,1318,73]},"num_concepts_raised":9182},{"base_id":614,"kind":"top_words","i1":8,"i2":9,"sol":{"path":["/c/en/craton","/c/en/continent","/c/en/country","/c/en/city","/c/en/hefei"],"weight":0.21603999999999965,"degrees":[73,774,2796,3758,73]},"num_concepts_raised":11335}]]