[[{"base_id":336,"kind":"bot_words","i1":0,"i2":1,"sol":{"path":["/c/en/cellar","/c/en/slang","/c/en/bird","/c/en/crake"],"weight":0.2081099999999996,"degrees":[403,16318,4970,54]},"num_concepts_raised":62426},{"base_id":336,"kind":"bot_words","i1":0,"i2":2,"sol":{"path":["/c/en/cellar","/c/en/dish","/c/en/satay"],"weight":0.20400000000000001,"degrees":[403,1186,84]},"num_concepts_raised":371},{"base_id":336,"kind":"bot_words","i1":0,"i2":3,"sol":{"path":["/c/en/cellar","/c/en/potato","/c/en/germany","/c/en/bautzen"],"weight":0.2198499999999996,"degrees":[403,1041,1036,101]},"num_concepts_raised":56864},{"base_id":336,"kind":"bot_words","i1":0,"i2":4,"sol":{"path":["/c/en/cellar","/c/fr/cave","/c/fr/localités","/c/en/carmel"],"weight":0.21578999999999954,"degrees":[403,177,110113,57]},"num_concepts_raised":184451},{"base_id":336,"kind":"bot_words","i1":0,"i2":5,"sol":{"path":["/c/en/cellar","/c/en/historical","/c/ga/oiriseach","/c/en/chronicler"],"weight":0.20927999999999963,"degrees":[403,8415,10,83]},"num_concepts_raised":54614},{"base_id":336,"kind":"bot_words","i1":0,"i2":6,"sol":{"path":["/c/en/cellar","/c/en/house","/c/en/child","/c/en/impotence"],"weight":0.20855999999999952,"degrees":[403,3114,2784,93]},"num_concepts_raised":60422},{"base_id":336,"kind":"bot_words","i1":0,"i2":7,"sol":{"path":["/c/en/cellar","/c/en/house","/c/en/city","/c/en/outskirts"],"weight":0.2094099999999996,"degrees":[403,3114,3758,131]},"num_concepts_raised":59831},{"base_id":336,"kind":"bot_words","i1":0,"i2":8,"sol":{"path":["/c/en/cellar","/c/en/historical","/c/en/horse"],"weight":0.20400000000000001,"degrees":[403,8415,3068]},"num_concepts_raised":2777},{"base_id":336,"kind":"bot_words","i1":0,"i2":9,"sol":{"path":["/c/en/cellar","/c/en/wine","/c/en/winefully","/c/en/drunkenly"],"weight":0.21096999999999974,"degrees":[403,1776,5,28]},"num_concepts_raised":54310},{"base_id":336,"kind":"bot_words","i1":1,"i2":2,"sol":{"path":["/c/en/crake","/c/en/rail","/c/en/fish","/c/en/satay"],"weight":0.20935000000000004,"degrees":[54,639,4424,84]},"num_concepts_raised":19414},{"base_id":336,"kind":"bot_words","i1":1,"i2":3,"sol":{"path":["/c/en/crake","/c/en/corncrake","/c/en/europe","/c/en/germany","/c/en/bautzen"],"weight":0.2164199999999999,"degrees":[54,59,765,1036,101]},"num_concepts_raised":12057},{"base_id":336,"kind":"bot_words","i1":1,"i2":4,"sol":{"path":["/c/en/crake","/c/en/bird","/c/en/us","/c/en/carmel"],"weight":0.2085399999999998,"degrees":[54,4970,8154,57]},"num_concepts_raised":142063},{"base_id":336,"kind":"bot_words","i1":1,"i2":5,"sol":{"path":["/c/en/crake","/c/en/bird","/c/en/secretary","/c/cy/cofiadur","/c/en/chronicler"],"weight":0.20390999999999995,"degrees":[54,4970,530,17,83]},"num_concepts_raised":9497},{"base_id":336,"kind":"bot_words","i1":1,"i2":6,"sol":{"path":["/c/en/crake","/c/en/croak","/c/en/person","/c/en/erectile_dysfunction","/c/en/impotence"],"weight":0.2051299999999998,"degrees":[54,178,12935,136,93]},"num_concepts_raised":15680},{"base_id":336,"kind":"bot_words","i1":1,"i2":7,"sol":{"path":["/c/en/crake","/c/en/rail","/c/ga/slat","/c/en/outskirts"],"weight":0.20463999999999988,"degrees":[54,639,25,131]},"num_concepts_raised":15353},{"base_id":336,"kind":"bot_words","i1":1,"i2":8,"sol":{"path":["/c/en/crake","/c/en/bird","/c/en/animal","/c/en/horse"],"weight":0.25218000000001445,"degrees":[54,4970,3735,3068]},"num_concepts_raised":228512},{"base_id":336,"kind":"bot_words","i1":1,"i2":9,"sol":{"path":["/c/en/crake","/c/en/bird","/c/en/sing","/c/ja/すいぎん","/c/en/drunkenly"],"weight":0.20328000000000002,"degrees":[54,4970,997,10,28]},"num_concepts_raised":9202},{"base_id":336,"kind":"bot_words","i1":2,"i2":3,"sol":{"path":["/c/en/satay","/c/en/food","/c/en/sauerkraut","/c/en/germany","/c/en/bautzen"],"weight":0.22107000000000007,"degrees":[84,4281,160,1036,101]},"num_concepts_raised":13862},{"base_id":336,"kind":"bot_words","i1":2,"i2":4,"sol":{"path":["/c/en/satay","/c/en/food","/c/en/caramel","/c/en/carmel"],"weight":0.21617999999999998,"degrees":[84,4281,255,57]},"num_concepts_raised":143705},{"base_id":336,"kind":"bot_words","i1":2,"i2":5,"sol":{"path":["/c/en/satay","/c/en/fish","/c/en/person","/c/en/historiographer","/c/en/chronicler"],"weight":0.2095100000000001,"degrees":[84,4424,12935,37,83]},"num_concepts_raised":11324},{"base_id":336,"kind":"bot_words","i1":2,"i2":6,"sol":{"path":["/c/en/satay","/c/en/peanut","/c/en/child","/c/en/impotence"],"weight":0.20948,"degrees":[84,464,2784,93]},"num_concepts_raised":17476},{"base_id":336,"kind":"bot_words","i1":2,"i2":7,"sol":{"path":["/c/en/satay","/c/en/food","/c/en/school","/c/en/suburb","/c/en/outskirts"],"weight":0.2119600000000001,"degrees":[84,4281,2171,396,131]},"num_concepts_raised":17142},{"base_id":336,"kind":"bot_words","i1":2,"i2":8,"sol":{"path":["/c/en/satay","/c/en/fish","/c/en/animal","/c/en/horse"],"weight":0.2578900000000146,"degrees":[84,4424,3735,3068]},"num_concepts_raised":229646},{"base_id":336,"kind":"bot_words","i1":2,"i2":9,"sol":{"path":["/c/en/satay","/c/en/food","/c/en/drink","/c/en/drunken","/c/en/drunkenly"],"weight":0.2099800000000002,"degrees":[84,4281,2548,153,28]},"num_concepts_raised":11027},{"base_id":336,"kind":"bot_words","i1":3,"i2":4,"sol":{"path":["/c/en/bautzen","/c/en/germany","/c/en/city","/c/en/carmel"],"weight":0.22042999999999985,"degrees":[101,1036,3758,57]},"num_concepts_raised":135696},{"base_id":336,"kind":"bot_words","i1":3,"i2":5,"sol":{"path":["/c/en/bautzen","/c/en/germany","/c/en/historical","/c/ga/oiriseach","/c/en/chronicler"],"weight":0.21680999999999995,"degrees":[101,1036,8415,10,83]},"num_concepts_raised":3845},{"base_id":336,"kind":"bot_words","i1":3,"i2":6,"sol":{"path":["/c/en/bautzen","/c/en/germany","/c/en/weimar_republic","/c/en/power","/c/en/impotence"],"weight":0.21579999999999983,"degrees":[101,1036,115,2205,93]},"num_concepts_raised":10064},{"base_id":336,"kind":"bot_words","i1":3,"i2":7,"sol":{"path":["/c/en/bautzen","/c/en/town","/c/en/outskirts"],"weight":0.20600000000000002,"degrees":[101,2220,131]},"num_concepts_raised":175},{"base_id":336,"kind":"bot_words","i1":3,"i2":8,"sol":{"path":["/c/en/bautzen","/c/en/germany","/c/en/people","/c/en/horse"],"weight":0.2584700000000145,"degrees":[101,1036,4475,3068]},"num_concepts_raised":223596},{"base_id":336,"kind":"bot_words","i1":3,"i2":9,"sol":{"path":["/c/en/bautzen","/c/en/germany","/c/en/state","/c/en/drink","/c/en/drunken","/c/en/drunkenly"],"weight":0.2215652999999999,"degrees":[101,1036,3243,2548,153,28]},"num_concepts_raised":348112},{"base_id":336,"kind":"bot_words","i1":4,"i2":5,"sol":{"path":["/c/en/carmel","/c/fr/localités","/c/fr/chargé","/c/fr/chroniqueur","/c/en/chronicler"],"weight":0.21091999999999989,"degrees":[57,110113,306,45,83]},"num_concepts_raised":134070},{"base_id":336,"kind":"bot_words","i1":4,"i2":6,"sol":{"path":["/c/en/carmel","/c/fr/localités","/c/fr/moyen","/c/fr/impuissance","/c/en/impotence"],"weight":0.21103999999999976,"degrees":[57,110113,923,50,93]},"num_concepts_raised":140101},{"base_id":336,"kind":"bot_words","i1":4,"i2":7,"sol":{"path":["/c/en/carmel","/c/en/city","/c/en/outskirts"],"weight":0.20400000000000001,"degrees":[57,3758,131]},"num_concepts_raised":146},{"base_id":336,"kind":"bot_words","i1":4,"i2":8,"sol":{"path":["/c/en/carmel","/c/en/us","/c/en/horse"],"weight":0.20600000000000002,"degrees":[57,8154,3068]},"num_concepts_raised":2514},{"base_id":336,"kind":"bot_words","i1":4,"i2":9,"sol":{"path":["/c/en/carmel","/c/en/singing","/c/ja/すいぎん","/c/en/drunkenly"],"weight":0.20819999999999994,"degrees":[57,694,10,28]},"num_concepts_raised":133773},{"base_id":336,"kind":"bot_words","i1":5,"i2":6,"sol":{"path":["/c/en/chronicler","/c/en/historiographer","/c/en/person","/c/en/erectile_dysfunction","/c/en/impotence"],"weight":0.2055399999999999,"degrees":[83,37,12935,136,93]},"num_concepts_raised":7504},{"base_id":336,"kind":"bot_words","i1":5,"i2":7,"sol":{"path":["/c/en/chronicler","/c/fr/chroniqueur","/c/fr/histoire","/c/en/purlieu","/c/en/outskirts"],"weight":0.20689999999999997,"degrees":[83,45,4439,24,131]},"num_concepts_raised":7178},{"base_id":336,"kind":"bot_words","i1":5,"i2":8,"sol":{"path":["/c/en/chronicler","/c/ga/oiriseach","/c/en/historical","/c/en/horse"],"weight":0.24796000000001456,"degrees":[83,10,8415,3068]},"num_concepts_raised":221618},{"base_id":336,"kind":"bot_words","i1":5,"i2":9,"sol":{"path":["/c/en/chronicler","/c/en/historian","/c/nrf/historien","/c/en/jersey","/c/nrf/ivrément","/c/en/drunkenly"],"weight":0.21066780000000007,"degrees":[83,362,6,6919,5,28]},"num_concepts_raised":68023},{"base_id":336,"kind":"bot_words","i1":6,"i2":7,"sol":{"path":["/c/en/impotence","/c/en/child","/c/en/school","/c/en/suburb","/c/en/outskirts"],"weight":0.20662999999999987,"degrees":[93,2784,2171,396,131]},"num_concepts_raised":13369},{"base_id":336,"kind":"bot_words","i1":6,"i2":8,"sol":{"path":["/c/en/impotence","/c/en/copulate","/c/en/horse"],"weight":0.20400000000000001,"degrees":[93,310,3068]},"num_concepts_raised":2537},{"base_id":336,"kind":"bot_words","i1":6,"i2":9,"sol":{"path":["/c/en/impotence","/c/en/brewer's_droop","/c/en/alcohol","/c/en/drunken","/c/en/drunkenly"],"weight":0.20460999999999996,"degrees":[93,9,1287,153,28]},"num_concepts_raised":7211},{"base_id":336,"kind":"bot_words","i1":7,"i2":8,"sol":{"path":["/c/en/outskirts","/c/en/city","/c/en/war","/c/en/horse"],"weight":0.2497500000000145,"degrees":[131,3758,1823,3068]},"num_concepts_raised":226012},{"base_id":336,"kind":"bot_words","i1":7,"i2":9,"sol":{"path":["/c/en/outskirts","/c/en/suburb","/c/en/clyde","/c/la/cloaca","/c/en/drunken","/c/en/drunkenly"],"weight":0.21358070000000007,"degrees":[131,396,68,40,153,28]},"num_concepts_raised":625686},{"base_id":336,"kind":"bot_words","i1":8,"i2":9,"sol":{"path":["/c/en/horse","/c/en/cow","/c/en/jersey","/c/nrf/ivrément","/c/en/drunkenly"],"weight":0.2496800000000146,"degrees":[3068,1438,6919,5,28]},"num_concepts_raised":221383}],[{"base_id":336,"kind":"top_words","i1":0,"i2":1,"sol":{"path":["/c/en/forehand","/c/en/return","/c/en/change","/c/en/recombine"],"weight":0.2084999999999998,"degrees":[74,1609,3383,38]},"num_concepts_raised":19000},{"base_id":336,"kind":"top_words","i1":0,"i2":2,"sol":{"path":["/c/en/forehand","/c/en/backhand","/c/en/human","/c/en/poliovirus","/c/en/enterovirus"],"weight":0.21823999999999977,"degrees":[74,101,2645,50,77]},"num_concepts_raised":14619},{"base_id":336,"kind":"top_words","i1":0,"i2":3,"sol":{"path":["/c/en/forehand","/c/en/tennis","/c/en/serve","/c/en/mineral","/c/en/vermiculite"],"weight":0.2163299999999998,"degrees":[74,699,1115,8530,66]},"num_concepts_raised":18676},{"base_id":336,"kind":"top_words","i1":0,"i2":4,"sol":{"path":["/c/en/forehand","/c/it/diritto","/c/en/right","/c/en/royalty","/c/en/liliuokalani"],"weight":0.2156699999999997,"degrees":[74,111,2319,340,44]},"num_concepts_raised":12637},{"base_id":336,"kind":"top_words","i1":0,"i2":5,"sol":{"path":["/c/en/forehand","/c/en/tennis","/c/en/cut","/c/en/shark","/c/en/catshark"],"weight":0.2159499999999997,"degrees":[74,699,2951,858,48]},"num_concepts_raised":16718},{"base_id":336,"kind":"top_words","i1":0,"i2":6,"sol":{"path":["/c/en/forehand","/c/en/hand","/c/en/writing","/c/en/stories"],"weight":0.20886999999999972,"degrees":[74,2596,1875,58]},"num_concepts_raised":29751},{"base_id":336,"kind":"top_words","i1":0,"i2":7,"sol":{"path":["/c/en/forehand","/c/en/afterhand","/c/en/legal","/c/en/guaranty"],"weight":0.21075999999999973,"degrees":[74,8,6627,60]},"num_concepts_raised":25724},{"base_id":336,"kind":"top_words","i1":0,"i2":8,"sol":{"path":["/c/en/forehand","/c/en/throw","/c/en/slang","/c/en/wack"],"weight":0.20850999999999975,"degrees":[74,1517,16318,29]},"num_concepts_raised":31882},{"base_id":336,"kind":"top_words","i1":0,"i2":9,"sol":{"path":["/c/en/forehand","/c/en/return","/c/en/transport","/c/en/chittagong"],"weight":0.21457999999999972,"degrees":[74,1609,1411,120]},"num_concepts_raised":16913},{"base_id":336,"kind":"top_words","i1":1,"i2":2,"sol":{"path":["/c/en/recombine","/c/en/genetics","/c/en/species","/c/en/enterovirus"],"weight":0.20857999999999988,"degrees":[38,1987,1659,77]},"num_concepts_raised":9249},{"base_id":336,"kind":"top_words","i1":1,"i2":3,"sol":{"path":["/c/en/recombine","/c/en/compound","/c/en/silicate","/c/en/vermiculite"],"weight":0.2084299999999999,"degrees":[38,1833,267,66]},"num_concepts_raised":13354},{"base_id":336,"kind":"top_words","i1":1,"i2":4,"sol":{"path":["/c/en/recombine","/c/en/change","/c/en/payment","/c/en/royalty","/c/en/liliuokalani"],"weight":0.20794999999999975,"degrees":[38,3383,1024,340,44]},"num_concepts_raised":7317},{"base_id":336,"kind":"top_words","i1":1,"i2":5,"sol":{"path":["/c/en/recombine","/c/en/change","/c/en/shift","/c/en/shark","/c/en/catshark"],"weight":0.21018999999999977,"degrees":[38,3383,678,858,48]},"num_concepts_raised":11481},{"base_id":336,"kind":"top_words","i1":1,"i2":6,"sol":{"path":["/c/en/recombine","/c/en/genetics","/c/en/character","/c/en/stories"],"weight":0.20323999999999975,"degrees":[38,1987,1971,58]},"num_concepts_raised":24660},{"base_id":336,"kind":"top_words","i1":1,"i2":7,"sol":{"path":["/c/en/recombine","/c/en/compound","/c/en/legal","/c/en/guaranty"],"weight":0.2032299999999998,"degrees":[38,1833,6627,60]},"num_concepts_raised":20557},{"base_id":336,"kind":"top_words","i1":1,"i2":8,"sol":{"path":["/c/en/recombine","/c/en/combine","/c/en/associate","/c/en/slang","/c/en/wack"],"weight":0.20395999999999984,"degrees":[38,574,618,16318,29]},"num_concepts_raised":27031},{"base_id":336,"kind":"top_words","i1":1,"i2":9,"sol":{"path":["/c/en/recombine","/c/en/combine","/c/en/conglomeration","/c/en/city","/c/en/chittagong"],"weight":0.21008999999999978,"degrees":[38,574,55,3758,120]},"num_concepts_raised":11680},{"base_id":336,"kind":"top_words","i1":2,"i2":3,"sol":{"path":["/c/en/enterovirus","/c/en/species","/c/en/animal","/c/en/mineral","/c/en/vermiculite"],"weight":0.21621999999999986,"degrees":[77,1659,3735,8530,66]},"num_concepts_raised":8862},{"base_id":336,"kind":"top_words","i1":2,"i2":4,"sol":{"path":["/c/en/enterovirus","/c/en/poliovirus","/c/en/family","/c/en/queen","/c/en/royalty","/c/en/liliuokalani"],"weight":0.21868719999999947,"degrees":[77,50,3166,1021,340,44]},"num_concepts_raised":212169},{"base_id":336,"kind":"top_words","i1":2,"i2":5,"sol":{"path":["/c/en/enterovirus","/c/en/species","/c/en/fish","/c/en/catshark"],"weight":0.21376999999999974,"degrees":[77,1659,4424,48]},"num_concepts_raised":6926},{"base_id":336,"kind":"top_words","i1":2,"i2":6,"sol":{"path":["/c/en/enterovirus","/c/en/species","/c/en/fox","/c/en/stories"],"weight":0.20876999999999973,"degrees":[77,1659,1066,58]},"num_concepts_raised":20286},{"base_id":336,"kind":"top_words","i1":2,"i2":7,"sol":{"path":["/c/en/enterovirus","/c/en/poliovirus","/c/en/human","/c/en/performance","/c/en/guaranty"],"weight":0.2108299999999998,"degrees":[77,50,2645,902,60]},"num_concepts_raised":16177},{"base_id":336,"kind":"top_words","i1":2,"i2":8,"sol":{"path":["/c/en/enterovirus","/c/en/poliovirus","/c/en/family","/c/en/slang","/c/en/wack"],"weight":0.21057999999999982,"degrees":[77,50,3166,16318,29]},"num_concepts_raised":22616},{"base_id":336,"kind":"top_words","i1":2,"i2":9,"sol":{"path":["/c/en/enterovirus","/c/en/poliovirus","/c/en/human","/c/en/city","/c/en/chittagong"],"weight":0.21670999999999976,"degrees":[77,50,2645,3758,120]},"num_concepts_raised":7192},{"base_id":336,"kind":"top_words","i1":3,"i2":4,"sol":{"path":["/c/en/vermiculite","/c/en/mineral","/c/en/mineral_right","/c/en/royalty","/c/en/liliuokalani"],"weight":0.2155999999999998,"degrees":[66,8530,6,340,44]},"num_concepts_raised":6856},{"base_id":336,"kind":"top_words","i1":3,"i2":5,"sol":{"path":["/c/en/vermiculite","/c/en/mineral","/c/en/animal","/c/en/shark","/c/en/catshark"],"weight":0.21789999999999976,"degrees":[66,8530,3735,858,48]},"num_concepts_raised":11037},{"base_id":336,"kind":"top_words","i1":3,"i2":6,"sol":{"path":["/c/en/vermiculite","/c/en/mineral","/c/en/material","/c/en/story","/c/en/stories"],"weight":0.21211999999999975,"degrees":[66,8530,1522,1207,58]},"num_concepts_raised":24360},{"base_id":336,"kind":"top_words","i1":3,"i2":7,"sol":{"path":["/c/en/vermiculite","/c/en/mineral","/c/en/capping","/c/en/security","/c/en/guaranty"],"weight":0.21098999999999982,"degrees":[66,8530,32,1011,60]},"num_concepts_raised":20244},{"base_id":336,"kind":"top_words","i1":3,"i2":8,"sol":{"path":["/c/en/vermiculite","/c/en/mineral","/c/en/animal","/c/en/slang","/c/en/wack"],"weight":0.21060999999999985,"degrees":[66,8530,3735,16318,29]},"num_concepts_raised":26676},{"base_id":336,"kind":"top_words","i1":3,"i2":9,"sol":{"path":["/c/en/vermiculite","/c/en/mineral","/c/en/supermarket","/c/en/city","/c/en/chittagong"],"weight":0.21669999999999978,"degrees":[66,8530,410,3758,120]},"num_concepts_raised":11248},{"base_id":336,"kind":"top_words","i1":4,"i2":5,"sol":{"path":["/c/en/liliuokalani","/c/en/royalty","/c/en/poker","/c/en/shark","/c/en/catshark"],"weight":0.21521999999999963,"degrees":[44,340,750,858,48]},"num_concepts_raised":4980},{"base_id":336,"kind":"top_words","i1":4,"i2":6,"sol":{"path":["/c/en/liliuokalani","/c/en/royalty","/c/en/knight","/c/en/story","/c/en/stories"],"weight":0.20941999999999966,"degrees":[44,340,797,1207,58]},"num_concepts_raised":18314},{"base_id":336,"kind":"top_words","i1":4,"i2":7,"sol":{"path":["/c/en/liliuokalani","/c/en/royalty","/c/en/payment","/c/en/guaranty"],"weight":0.20820999999999967,"degrees":[44,340,1024,60]},"num_concepts_raised":14183},{"base_id":336,"kind":"top_words","i1":4,"i2":8,"sol":{"path":["/c/en/liliuokalani","/c/en/royalty","/c/en/slang","/c/en/wack"],"weight":0.20794999999999975,"degrees":[44,340,16318,29]},"num_concepts_raised":20636},{"base_id":336,"kind":"top_words","i1":4,"i2":9,"sol":{"path":["/c/en/liliuokalani","/c/en/royalty","/c/en/york","/c/en/city","/c/en/chittagong"],"weight":0.21409999999999968,"degrees":[44,340,216,3758,120]},"num_concepts_raised":5188},{"base_id":336,"kind":"top_words","i1":5,"i2":6,"sol":{"path":["/c/en/catshark","/c/en/shark","/c/en/news","/c/en/stories"],"weight":0.21051999999999965,"degrees":[48,858,1317,58]},"num_concepts_raised":22427},{"base_id":336,"kind":"top_words","i1":5,"i2":7,"sol":{"path":["/c/en/catshark","/c/en/fish","/c/ga/ráthaíocht","/c/en/guarantee","/c/en/guaranty"],"weight":0.21073999999999968,"degrees":[48,4424,12,561,60]},"num_concepts_raised":18334},{"base_id":336,"kind":"top_words","i1":5,"i2":8,"sol":{"path":["/c/en/catshark","/c/en/fish","/c/en/slang","/c/en/wack"],"weight":0.20815999999999973,"degrees":[48,4424,16318,29]},"num_concepts_raised":24696},{"base_id":336,"kind":"top_words","i1":5,"i2":9,"sol":{"path":["/c/en/catshark","/c/en/shark","/c/en/water","/c/en/city","/c/en/chittagong"],"weight":0.21634999999999965,"degrees":[48,858,4606,3758,120]},"num_concepts_raised":9347},{"base_id":336,"kind":"top_words","i1":6,"i2":7,"sol":{"path":["/c/en/stories","/c/en/book","/c/en/legal","/c/en/guaranty"],"weight":0.20365999999999967,"degrees":[58,3239,6627,60]},"num_concepts_raised":31294},{"base_id":336,"kind":"top_words","i1":6,"i2":8,"sol":{"path":["/c/en/stories","/c/en/book","/c/en/slang","/c/en/wack"],"weight":0.20332999999999973,"degrees":[58,3239,16318,29]},"num_concepts_raised":37714},{"base_id":336,"kind":"top_words","i1":6,"i2":9,"sol":{"path":["/c/en/stories","/c/en/book","/c/en/city","/c/en/chittagong"],"weight":0.20945999999999965,"degrees":[58,3239,3758,120]},"num_concepts_raised":22569},{"base_id":336,"kind":"top_words","i1":7,"i2":8,"sol":{"path":["/c/en/guaranty","/c/en/debt","/c/en/bad","/c/en/wack"],"weight":0.20311999999999975,"degrees":[60,785,1728,29]},"num_concepts_raised":33714},{"base_id":336,"kind":"top_words","i1":7,"i2":9,"sol":{"path":["/c/en/guaranty","/c/en/failure","/c/en/state","/c/en/bangladesh","/c/en/chittagong"],"weight":0.2113399999999997,"degrees":[60,744,3243,422,120]},"num_concepts_raised":18497},{"base_id":336,"kind":"top_words","i1":8,"i2":9,"sol":{"path":["/c/en/wack","/c/en/slang","/c/en/indo_pak","/c/en/bangladesh","/c/en/chittagong"],"weight":0.21109999999999973,"degrees":[29,16318,5,422,120]},"num_concepts_raised":24931}]]