[[{"base_id":215,"kind":"bot_words","i1":0,"i2":1,"sol":{"path":["/c/en/regiomontanus","/c/en/scientist","/c/en/person","/c/en/ebola"],"weight":0.20792999999999978,"degrees":[46,921,12935,29]},"num_concepts_raised":25142},{"base_id":215,"kind":"bot_words","i1":0,"i2":2,"sol":{"path":["/c/en/regiomontanus","/c/en/mathematics","/c/en/bis"],"weight":0.20600000000000002,"degrees":[46,7601,38]},"num_concepts_raised":77},{"base_id":215,"kind":"bot_words","i1":0,"i2":3,"sol":{"path":["/c/en/regiomontanus","/c/en/mathematics","/c/en/real","/c/en/actual"],"weight":0.21855999999999914,"degrees":[46,7601,969,384]},"num_concepts_raised":41526},{"base_id":215,"kind":"bot_words","i1":0,"i2":4,"sol":{"path":["/c/en/regiomontanus","/c/en/mathematics","/c/en/flag","/c/en/waving"],"weight":0.20818999999999963,"degrees":[46,7601,1318,59]},"num_concepts_raised":24571},{"base_id":215,"kind":"bot_words","i1":0,"i2":5,"sol":{"path":["/c/en/regiomontanus","/c/en/mathematics","/c/en/cyclic","/c/en/macrocycle"],"weight":0.20800999999999975,"degrees":[46,7601,341,36]},"num_concepts_raised":25702},{"base_id":215,"kind":"bot_words","i1":0,"i2":6,"sol":{"path":["/c/en/regiomontanus","/c/en/astrology","/c/en/star","/c/en/scotland","/c/en/pict"],"weight":0.2079399999999998,"degrees":[46,921,2132,2226,25]},"num_concepts_raised":14782},{"base_id":215,"kind":"bot_words","i1":0,"i2":7,"sol":{"path":["/c/en/regiomontanus","/c/en/scientist","/c/en/human","/c/en/china","/c/en/anhui"],"weight":0.21390999999999957,"degrees":[46,921,2645,1318,105]},"num_concepts_raised":14911},{"base_id":215,"kind":"bot_words","i1":0,"i2":8,"sol":{"path":["/c/en/regiomontanus","/c/en/astronomy","/c/en/physics","/c/en/crackle","/c/en/crackles"],"weight":0.21494999999999975,"degrees":[46,4553,9094,183,28]},"num_concepts_raised":24042},{"base_id":215,"kind":"bot_words","i1":0,"i2":9,"sol":{"path":["/c/en/regiomontanus","/c/en/scientist","/c/en/science","/c/en/medicine","/c/en/phencyclidine"],"weight":0.21366999999999972,"degrees":[46,921,1674,11938,74]},"num_concepts_raised":39533},{"base_id":215,"kind":"bot_words","i1":1,"i2":2,"sol":{"path":["/c/en/ebola","/c/en/person","/c/en/tristan","/c/en/tris","/c/en/bis"],"weight":0.21005999999999986,"degrees":[29,12935,54,48,38]},"num_concepts_raised":31980},{"base_id":215,"kind":"bot_words","i1":1,"i2":3,"sol":{"path":["/c/en/ebola","/c/en/person","/c/en/actor","/c/en/actual"],"weight":0.20824999999999932,"degrees":[29,12935,853,384]},"num_concepts_raised":41165},{"base_id":215,"kind":"bot_words","i1":1,"i2":4,"sol":{"path":["/c/en/ebola","/c/en/person","/c/en/hand","/c/en/waving"],"weight":0.20312999999999976,"degrees":[29,12935,2596,59]},"num_concepts_raised":24278},{"base_id":215,"kind":"bot_words","i1":1,"i2":5,"sol":{"path":["/c/en/ebola","/c/en/person","/c/en/guest","/c/en/cavitand","/c/en/macrocycle"],"weight":0.20382999999999987,"degrees":[29,12935,657,9,36]},"num_concepts_raised":25753},{"base_id":215,"kind":"bot_words","i1":1,"i2":6,"sol":{"path":["/c/en/ebola","/c/en/democratic_republic_of_congo","/c/en/country","/c/en/scotland","/c/en/pict"],"weight":0.20274999999999993,"degrees":[29,235,2796,2226,25]},"num_concepts_raised":14596},{"base_id":215,"kind":"bot_words","i1":1,"i2":7,"sol":{"path":["/c/en/ebola","/c/en/person","/c/en/china","/c/en/anhui"],"weight":0.2087299999999997,"degrees":[29,12935,1318,105]},"num_concepts_raised":14712},{"base_id":215,"kind":"bot_words","i1":1,"i2":8,"sol":{"path":["/c/en/ebola","/c/en/person","/c/en/change","/c/en/crackle","/c/en/crackles"],"weight":0.2097599999999999,"degrees":[29,12935,3383,183,28]},"num_concepts_raised":23903},{"base_id":215,"kind":"bot_words","i1":1,"i2":9,"sol":{"path":["/c/en/ebola","/c/en/person","/c/en/ill","/c/en/phencyclidine"],"weight":0.20834999999999987,"degrees":[29,12935,940,74]},"num_concepts_raised":39522},{"base_id":215,"kind":"bot_words","i1":2,"i2":3,"sol":{"path":["/c/en/bis","/c/en/mathematics","/c/en/real","/c/en/actual"],"weight":0.21860999999999925,"degrees":[38,7601,969,384]},"num_concepts_raised":48200},{"base_id":215,"kind":"bot_words","i1":2,"i2":4,"sol":{"path":["/c/en/bis","/c/en/mathematics","/c/en/flag","/c/en/waving"],"weight":0.20823999999999973,"degrees":[38,7601,1318,59]},"num_concepts_raised":31380},{"base_id":215,"kind":"bot_words","i1":2,"i2":5,"sol":{"path":["/c/en/bis","/c/en/chemistry","/c/en/macrocycle"],"weight":0.20400000000000001,"degrees":[38,11754,36]},"num_concepts_raised":65},{"base_id":215,"kind":"bot_words","i1":2,"i2":6,"sol":{"path":["/c/en/bis","/c/en/chemistry","/c/en/a","/c/en/scotland","/c/en/pict"],"weight":0.20800999999999992,"degrees":[38,11754,1436,2226,25]},"num_concepts_raised":21608},{"base_id":215,"kind":"bot_words","i1":2,"i2":7,"sol":{"path":["/c/en/bis","/c/en/bi","/c/en/china","/c/en/anhui"],"weight":0.21594999999999964,"degrees":[38,113,1318,105]},"num_concepts_raised":21738},{"base_id":215,"kind":"bot_words","i1":2,"i2":8,"sol":{"path":["/c/en/bis","/c/en/bi","/c/en/china","/c/en/crackle","/c/en/crackles"],"weight":0.21697999999999984,"degrees":[38,113,1318,183,28]},"num_concepts_raised":30772},{"base_id":215,"kind":"bot_words","i1":2,"i2":9,"sol":{"path":["/c/en/bis","/c/en/chemistry","/c/en/phencyclidine"],"weight":0.20600000000000002,"degrees":[38,11754,74]},"num_concepts_raised":94},{"base_id":215,"kind":"bot_words","i1":3,"i2":4,"sol":{"path":["/c/en/actual","/c/en/current","/c/en/wave","/c/en/waving"],"weight":0.2099099999999992,"degrees":[384,1290,1749,59]},"num_concepts_raised":40486},{"base_id":215,"kind":"bot_words","i1":3,"i2":5,"sol":{"path":["/c/en/actual","/c/en/positive","/c/en/chemistry","/c/en/macrocycle"],"weight":0.2084799999999993,"degrees":[384,611,11754,36]},"num_concepts_raised":42248},{"base_id":215,"kind":"bot_words","i1":3,"i2":6,"sol":{"path":["/c/en/actual","/c/en/real","/c/en/historical","/c/pt/picto","/c/en/pict"],"weight":0.2143399999999993,"degrees":[384,969,8415,5,25]},"num_concepts_raised":31281},{"base_id":215,"kind":"bot_words","i1":3,"i2":7,"sol":{"path":["/c/en/actual","/c/en/real","/c/en/act","/c/en/college","/c/en/anhui"],"weight":0.21932999999999908,"degrees":[384,969,2503,710,105]},"num_concepts_raised":31407},{"base_id":215,"kind":"bot_words","i1":3,"i2":8,"sol":{"path":["/c/en/actual","/c/en/positive","/c/en/medicine","/c/en/crackles"],"weight":0.2132799999999993,"degrees":[384,611,11938,28]},"num_concepts_raised":40461},{"base_id":215,"kind":"bot_words","i1":3,"i2":9,"sol":{"path":["/c/en/actual","/c/en/positive","/c/en/medicine","/c/en/phencyclidine"],"weight":0.21391999999999928,"degrees":[384,611,11938,74]},"num_concepts_raised":55869},{"base_id":215,"kind":"bot_words","i1":4,"i2":5,"sol":{"path":["/c/en/waving","/c/en/hand","/c/en/molecule","/c/en/macrocycle"],"weight":0.20325999999999972,"degrees":[59,2596,1117,36]},"num_concepts_raised":25172},{"base_id":215,"kind":"bot_words","i1":4,"i2":6,"sol":{"path":["/c/en/waving","/c/en/hat","/c/en/scotland","/c/en/pict"],"weight":0.2029799999999998,"degrees":[59,931,2226,25]},"num_concepts_raised":14025},{"base_id":215,"kind":"bot_words","i1":4,"i2":7,"sol":{"path":["/c/en/waving","/c/en/protest","/c/en/city","/c/en/hefei","/c/en/anhui"],"weight":0.21104999999999954,"degrees":[59,960,3758,73,105]},"num_concepts_raised":14158},{"base_id":215,"kind":"bot_words","i1":4,"i2":8,"sol":{"path":["/c/en/waving","/c/en/hat","/c/en/medicine","/c/en/crackles"],"weight":0.20800999999999975,"degrees":[59,931,11938,28]},"num_concepts_raised":23310},{"base_id":215,"kind":"bot_words","i1":4,"i2":9,"sol":{"path":["/c/en/waving","/c/en/hat","/c/en/medicine","/c/en/phencyclidine"],"weight":0.20863999999999971,"degrees":[59,931,11938,74]},"num_concepts_raised":38932},{"base_id":215,"kind":"bot_words","i1":5,"i2":6,"sol":{"path":["/c/en/macrocycle","/c/en/chemistry","/c/en/bond","/c/en/scotland","/c/en/pict"],"weight":0.2030099999999999,"degrees":[36,11754,829,2226,25]},"num_concepts_raised":15328},{"base_id":215,"kind":"bot_words","i1":5,"i2":7,"sol":{"path":["/c/en/macrocycle","/c/en/chemistry","/c/en/bi","/c/en/china","/c/en/anhui"],"weight":0.20897999999999967,"degrees":[36,11754,113,1318,105]},"num_concepts_raised":15463},{"base_id":215,"kind":"bot_words","i1":5,"i2":8,"sol":{"path":["/c/en/macrocycle","/c/en/chemistry","/c/en/physics","/c/en/crackle","/c/en/crackles"],"weight":0.21002999999999986,"degrees":[36,11754,9094,183,28]},"num_concepts_raised":24506},{"base_id":215,"kind":"bot_words","i1":5,"i2":9,"sol":{"path":["/c/en/macrocycle","/c/en/chemistry","/c/en/phencyclidine"],"weight":0.20400000000000001,"degrees":[36,11754,74]},"num_concepts_raised":94},{"base_id":215,"kind":"bot_words","i1":6,"i2":7,"sol":{"path":["/c/en/pict","/c/en/scotland","/c/en/central","/c/en/hefei","/c/en/anhui"],"weight":0.21065999999999974,"degrees":[25,2226,548,73,105]},"num_concepts_raised":4277},{"base_id":215,"kind":"bot_words","i1":6,"i2":8,"sol":{"path":["/c/en/pict","/c/en/scotland","/c/en/change","/c/en/crackle","/c/en/crackles"],"weight":0.20975999999999992,"degrees":[25,2226,3383,183,28]},"num_concepts_raised":13501},{"base_id":215,"kind":"bot_words","i1":6,"i2":9,"sol":{"path":["/c/en/pict","/c/en/scotland","/c/en/crack","/c/en/drug","/c/en/phencyclidine"],"weight":0.20841999999999988,"degrees":[25,2226,1064,4920,74]},"num_concepts_raised":29182},{"base_id":215,"kind":"bot_words","i1":7,"i2":8,"sol":{"path":["/c/en/anhui","/c/en/china","/c/en/crackle","/c/en/crackles"],"weight":0.21574999999999966,"degrees":[105,1318,183,28]},"num_concepts_raised":13630},{"base_id":215,"kind":"bot_words","i1":7,"i2":9,"sol":{"path":["/c/en/anhui","/c/en/college","/c/en/ireland","/c/en/angel_dust","/c/en/phencyclidine"],"weight":0.21629999999999963,"degrees":[105,710,1227,20,74]},"num_concepts_raised":29306},{"base_id":215,"kind":"bot_words","i1":8,"i2":9,"sol":{"path":["/c/en/crackles","/c/en/medicine","/c/en/phencyclidine"],"weight":0.20600000000000002,"degrees":[28,11938,74]},"num_concepts_raised":84}],[{"base_id":215,"kind":"top_words","i1":0,"i2":1,"sol":{"path":["/c/en/novation","/c/en/law","/c/en/order","/c/en/celestine"],"weight":0.20861999999999986,"degrees":[29,3727,2833,77]},"num_concepts_raised":24445},{"base_id":215,"kind":"top_words","i1":0,"i2":2,"sol":{"path":["/c/en/novation","/c/en/contract","/c/en/sign"],"weight":0.20500000000000002,"degrees":[29,1244,2004]},"num_concepts_raised":1688},{"base_id":215,"kind":"top_words","i1":0,"i2":3,"sol":{"path":["/c/en/novation","/c/en/contract","/c/en/signing"],"weight":0.202,"degrees":[29,1244,49]},"num_concepts_raised":75},{"base_id":215,"kind":"top_words","i1":0,"i2":4,"sol":{"path":["/c/en/novation","/c/en/law","/c/en/state","/c/en/alaska","/c/en/kodiak"],"weight":0.2078999999999998,"degrees":[29,3727,3243,426,36]},"num_concepts_raised":14140},{"base_id":215,"kind":"top_words","i1":0,"i2":5,"sol":{"path":["/c/en/novation","/c/en/legal","/c/en/person","/c/en/aquarius"],"weight":0.21259999999999973,"degrees":[29,6627,12935,262]},"num_concepts_raised":36005},{"base_id":215,"kind":"top_words","i1":0,"i2":6,"sol":{"path":["/c/en/novation","/c/en/law","/c/en/scotland","/c/en/argyll","/c/en/argyle"],"weight":0.20502999999999988,"degrees":[29,3727,2226,28,40]},"num_concepts_raised":17356},{"base_id":215,"kind":"top_words","i1":0,"i2":7,"sol":{"path":["/c/en/novation","/c/en/legal","/c/en/person","/c/en/pisces"],"weight":0.2107599999999999,"degrees":[29,6627,12935,226]},"num_concepts_raised":44232},{"base_id":215,"kind":"top_words","i1":0,"i2":8,"sol":{"path":["/c/en/novation","/c/en/legal","/c/en/person","/c/en/capricorn"],"weight":0.2089999999999996,"degrees":[29,6627,12935,136]},"num_concepts_raised":30699},{"base_id":215,"kind":"top_words","i1":0,"i2":9,"sol":{"path":["/c/en/novation","/c/en/party","/c/en/head","/c/en/carotid"],"weight":0.20308999999999983,"degrees":[29,2057,3580,50]},"num_concepts_raised":30184},{"base_id":215,"kind":"top_words","i1":1,"i2":2,"sol":{"path":["/c/en/celestine","/c/en/order","/c/en/stop","/c/en/sign"],"weight":0.23948999999999904,"degrees":[77,2833,2126,2004]},"num_concepts_raised":182536},{"base_id":215,"kind":"top_words","i1":1,"i2":3,"sol":{"path":["/c/en/celestine","/c/en/oxygen","/c/en/book","/c/en/signing"],"weight":0.20874999999999977,"degrees":[77,3487,3239,49]},"num_concepts_raised":22227},{"base_id":215,"kind":"top_words","i1":1,"i2":4,"sol":{"path":["/c/en/celestine","/c/en/mineral","/c/en/serpentine","/c/en/alaska","/c/en/kodiak"],"weight":0.21373999999999985,"degrees":[77,8530,171,426,36]},"num_concepts_raised":11430},{"base_id":215,"kind":"top_words","i1":1,"i2":5,"sol":{"path":["/c/en/celestine","/c/en/order","/c/en/person","/c/en/aquarius"],"weight":0.2183199999999998,"degrees":[77,2833,12935,262]},"num_concepts_raised":33552},{"base_id":215,"kind":"top_words","i1":1,"i2":6,"sol":{"path":["/c/en/celestine","/c/en/mineral","/c/en/diamond","/c/en/argyle"],"weight":0.2099399999999999,"degrees":[77,8530,772,40]},"num_concepts_raised":14679},{"base_id":215,"kind":"top_words","i1":1,"i2":7,"sol":{"path":["/c/en/celestine","/c/en/order","/c/en/person","/c/en/pisces"],"weight":0.2164799999999999,"degrees":[77,2833,12935,226]},"num_concepts_raised":42077},{"base_id":215,"kind":"top_words","i1":1,"i2":8,"sol":{"path":["/c/en/celestine","/c/en/order","/c/en/person","/c/en/capricorn"],"weight":0.21471999999999963,"degrees":[77,2833,12935,136]},"num_concepts_raised":28294},{"base_id":215,"kind":"top_words","i1":1,"i2":9,"sol":{"path":["/c/en/celestine","/c/en/celestite","/c/en/skeleton","/c/en/anatomy","/c/en/carotid"],"weight":0.2111099999999999,"degrees":[77,27,1201,12775,50]},"num_concepts_raised":27531},{"base_id":215,"kind":"top_words","i1":2,"i2":3,"sol":{"path":["/c/en/sign","/c/en/signing"],"weight":0.20400000000000001,"degrees":[2004,49]},"num_concepts_raised":1697},{"base_id":215,"kind":"top_words","i1":2,"i2":4,"sol":{"path":["/c/en/sign","/c/en/mark","/c/en/han","/c/en/alaska","/c/en/kodiak"],"weight":0.24601999999999885,"degrees":[2004,1876,124,426,36]},"num_concepts_raised":173352},{"base_id":215,"kind":"top_words","i1":2,"i2":5,"sol":{"path":["/c/en/sign","/c/en/astrology","/c/en/aquarius"],"weight":0.20800000000000002,"degrees":[2004,921,262]},"num_concepts_raised":1828},{"base_id":215,"kind":"top_words","i1":2,"i2":6,"sol":{"path":["/c/en/sign","/c/en/signature","/c/en/pattern","/c/en/argyle"],"weight":0.238349999999999,"degrees":[2004,485,911,40]},"num_concepts_raised":175739},{"base_id":215,"kind":"top_words","i1":2,"i2":7,"sol":{"path":["/c/en/sign","/c/en/astrology","/c/en/pisces"],"weight":0.20700000000000002,"degrees":[2004,921,226]},"num_concepts_raised":1814},{"base_id":215,"kind":"top_words","i1":2,"i2":8,"sol":{"path":["/c/en/sign","/c/en/astrology","/c/en/capricorn"],"weight":0.20700000000000002,"degrees":[2004,921,136]},"num_concepts_raised":1767},{"base_id":215,"kind":"top_words","i1":2,"i2":9,"sol":{"path":["/c/en/sign","/c/en/communication","/c/en/anatomy","/c/en/carotid"],"weight":0.23375999999999897,"degrees":[2004,873,12775,50]},"num_concepts_raised":187805},{"base_id":215,"kind":"top_words","i1":3,"i2":4,"sol":{"path":["/c/en/signing","/c/en/book","/c/en/island","/c/en/kodiak_island","/c/en/kodiak"],"weight":0.20809999999999973,"degrees":[49,3239,1660,50,36]},"num_concepts_raised":11855},{"base_id":215,"kind":"top_words","i1":3,"i2":5,"sol":{"path":["/c/en/signing","/c/en/sign","/c/en/astrology","/c/en/aquarius"],"weight":0.21317999999999968,"degrees":[49,2004,921,262]},"num_concepts_raised":33742},{"base_id":215,"kind":"top_words","i1":3,"i2":6,"sol":{"path":["/c/en/signing","/c/en/sign","/c/en/ring","/c/en/diamond","/c/en/argyle"],"weight":0.20428999999999978,"degrees":[49,2004,2026,772,40]},"num_concepts_raised":15029},{"base_id":215,"kind":"top_words","i1":3,"i2":7,"sol":{"path":["/c/en/signing","/c/en/mark","/c/en/fish","/c/en/pisces"],"weight":0.21595999999999976,"degrees":[49,1876,4424,226]},"num_concepts_raised":42180},{"base_id":215,"kind":"top_words","i1":3,"i2":8,"sol":{"path":["/c/en/signing","/c/en/sign","/c/en/astrology","/c/en/capricorn"],"weight":0.20952999999999952,"degrees":[49,2004,921,136]},"num_concepts_raised":28459},{"base_id":215,"kind":"top_words","i1":3,"i2":9,"sol":{"path":["/c/en/signing","/c/en/sign","/c/en/hand","/c/en/anatomy","/c/en/carotid"],"weight":0.20349999999999976,"degrees":[49,2004,2596,12775,50]},"num_concepts_raised":27878},{"base_id":215,"kind":"top_words","i1":4,"i2":5,"sol":{"path":["/c/en/kodiak","/c/en/kodiak_bear","/c/en/bear","/c/en/constellation","/c/en/aquarius"],"weight":0.21988999999999972,"degrees":[36,67,2152,1426,262]},"num_concepts_raised":23252},{"base_id":215,"kind":"top_words","i1":4,"i2":6,"sol":{"path":["/c/en/kodiak","/c/en/kodiak_bear","/c/en/bear","/c/en/slang","/c/en/diamond","/c/en/argyle"],"weight":0.21488299999999974,"degrees":[36,67,2152,16318,772,40]},"num_concepts_raised":324520},{"base_id":215,"kind":"top_words","i1":4,"i2":7,"sol":{"path":["/c/en/kodiak","/c/en/kodiak_bear","/c/en/bear","/c/en/fish","/c/en/pisces"],"weight":0.2229399999999998,"degrees":[36,67,2152,4424,226]},"num_concepts_raised":31915},{"base_id":215,"kind":"top_words","i1":4,"i2":8,"sol":{"path":["/c/en/kodiak","/c/en/kodiak_bear","/c/en/mammal","/c/en/goat","/c/en/capricorn"],"weight":0.21835999999999955,"degrees":[36,67,2187,1071,136]},"num_concepts_raised":17935},{"base_id":215,"kind":"top_words","i1":4,"i2":9,"sol":{"path":["/c/en/kodiak","/c/en/kodiak_bear","/c/en/bear","/c/en/head","/c/en/carotid"],"weight":0.21026999999999982,"degrees":[36,67,2152,3580,50]},"num_concepts_raised":17119},{"base_id":215,"kind":"top_words","i1":5,"i2":6,"sol":{"path":["/c/en/aquarius","/c/en/constellation","/c/en/pattern","/c/en/argyle"],"weight":0.2128999999999998,"degrees":[262,1426,911,40]},"num_concepts_raised":26453},{"base_id":215,"kind":"top_words","i1":5,"i2":7,"sol":{"path":["/c/en/aquarius","/c/en/fish","/c/en/pisces"],"weight":0.20900000000000002,"degrees":[262,4424,226]},"num_concepts_raised":323},{"base_id":215,"kind":"top_words","i1":5,"i2":8,"sol":{"path":["/c/en/aquarius","/c/en/sign_of_zodiac","/c/en/capricorn"],"weight":0.20700000000000002,"degrees":[262,51,136]},"num_concepts_raised":277},{"base_id":215,"kind":"top_words","i1":5,"i2":9,"sol":{"path":["/c/en/aquarius","/c/en/person","/c/en/head","/c/en/carotid"],"weight":0.21291999999999978,"degrees":[262,12935,3580,50]},"num_concepts_raised":39072},{"base_id":215,"kind":"top_words","i1":6,"i2":7,"sol":{"path":["/c/en/argyle","/c/en/sock","/c/en/pair","/c/en/pisces"],"weight":0.2117799999999999,"degrees":[40,788,841,226]},"num_concepts_raised":35039},{"base_id":215,"kind":"top_words","i1":6,"i2":8,"sol":{"path":["/c/en/argyle","/c/en/sock","/c/en/single","/c/en/capricorn"],"weight":0.21008999999999964,"degrees":[40,788,1167,136]},"num_concepts_raised":21151},{"base_id":215,"kind":"top_words","i1":6,"i2":9,"sol":{"path":["/c/en/argyle","/c/en/diamond","/c/en/white","/c/en/anatomy","/c/en/carotid"],"weight":0.20447999999999988,"degrees":[40,772,2081,12775,50]},"num_concepts_raised":20349},{"base_id":215,"kind":"top_words","i1":7,"i2":8,"sol":{"path":["/c/en/pisces","/c/en/sign_of_zodiac","/c/en/capricorn"],"weight":0.20600000000000002,"degrees":[226,51,136]},"num_concepts_raised":264},{"base_id":215,"kind":"top_words","i1":7,"i2":9,"sol":{"path":["/c/en/pisces","/c/en/person","/c/en/head","/c/en/carotid"],"weight":0.2110499999999999,"degrees":[226,12935,3580,50]},"num_concepts_raised":47673},{"base_id":215,"kind":"top_words","i1":8,"i2":9,"sol":{"path":["/c/en/capricorn","/c/en/person","/c/en/head","/c/en/carotid"],"weight":0.20930999999999964,"degrees":[136,12935,3580,50]},"num_concepts_raised":33856}]]