[[{"base_id":842,"kind":"bot_words","i1":0,"i2":1,"sol":{"path":["/c/en/dirtiness","/c/en/dirty","/c/en/computing","/c/en/history","/c/en/annam"],"weight":0.20476999999999979,"degrees":[79,1239,9084,1864,49]},"num_concepts_raised":12161},{"base_id":842,"kind":"bot_words","i1":0,"i2":2,"sol":{"path":["/c/en/dirtiness","/c/en/dirty","/c/en/computing","/c/en/uninstall"],"weight":0.20485999999999988,"degrees":[79,1239,9084,44]},"num_concepts_raised":16940},{"base_id":842,"kind":"bot_words","i1":0,"i2":3,"sol":{"path":["/c/en/dirtiness","/c/en/dirt","/c/sco/smush","/c/en/crush"],"weight":0.21665999999999774,"degrees":[79,688,10,789]},"num_concepts_raised":51101},{"base_id":842,"kind":"bot_words","i1":0,"i2":4,"sol":{"path":["/c/en/dirtiness","/c/en/impurity","/c/it/nubecola","/c/en/cornea","/c/en/corneal"],"weight":0.2047299999999999,"degrees":[79,224,11,265,34]},"num_concepts_raised":6425},{"base_id":842,"kind":"bot_words","i1":0,"i2":5,"sol":{"path":["/c/en/dirtiness","/c/en/dirty","/c/en/slang","/c/en/beat","/c/en/outwit"],"weight":0.2064699999999997,"degrees":[79,1239,16318,1834,82]},"num_concepts_raised":9607},{"base_id":842,"kind":"bot_words","i1":0,"i2":6,"sol":{"path":["/c/en/dirtiness","/c/en/dirty","/c/fr/cache","/c/fr/antre","/c/en/antrum"],"weight":0.20671999999999988,"degrees":[79,1239,119,79,35]},"num_concepts_raised":10606},{"base_id":842,"kind":"bot_words","i1":0,"i2":7,"sol":{"path":["/c/en/dirtiness","/c/en/dirty","/c/en/computing","/c/en/kit"],"weight":0.20639999999999936,"degrees":[79,1239,9084,200]},"num_concepts_raised":49285},{"base_id":842,"kind":"bot_words","i1":0,"i2":8,"sol":{"path":["/c/en/dirtiness","/c/en/dirty","/c/en/person","/c/en/artist","/c/en/colorist"],"weight":0.20957999999999982,"degrees":[79,1239,12935,752,27]},"num_concepts_raised":5693},{"base_id":842,"kind":"bot_words","i1":0,"i2":9,"sol":{"path":["/c/en/dirtiness","/c/en/dirt","/c/en/plant","/c/en/carbohydrate"],"weight":0.22129999999999672,"degrees":[79,688,7959,1166]},"num_concepts_raised":43313},{"base_id":842,"kind":"bot_words","i1":1,"i2":2,"sol":{"path":["/c/en/annam","/c/en/history","/c/en/computing","/c/en/uninstall"],"weight":0.20328999999999986,"degrees":[49,1864,9084,44]},"num_concepts_raised":21184},{"base_id":842,"kind":"bot_words","i1":1,"i2":3,"sol":{"path":["/c/en/annam","/c/en/china","/c/en/squeeze","/c/en/crush"],"weight":0.2166799999999977,"degrees":[49,1318,661,789]},"num_concepts_raised":55069},{"base_id":842,"kind":"bot_words","i1":1,"i2":4,"sol":{"path":["/c/en/annam","/c/en/part","/c/en/eye","/c/en/corneal"],"weight":0.2030999999999999,"degrees":[49,2528,2698,34]},"num_concepts_raised":10694},{"base_id":842,"kind":"bot_words","i1":1,"i2":5,"sol":{"path":["/c/en/annam","/c/en/history","/c/en/time","/c/en/beat","/c/en/outwit"],"weight":0.2048899999999997,"degrees":[49,1864,4124,1834,82]},"num_concepts_raised":13913},{"base_id":842,"kind":"bot_words","i1":1,"i2":6,"sol":{"path":["/c/en/annam","/c/en/central","/c/en/anatomy","/c/fr/antre","/c/en/antrum"],"weight":0.20522999999999988,"degrees":[49,548,12775,79,35]},"num_concepts_raised":14887},{"base_id":842,"kind":"bot_words","i1":1,"i2":7,"sol":{"path":["/c/en/annam","/c/en/history","/c/en/computing","/c/en/kit"],"weight":0.20481999999999934,"degrees":[49,1864,9084,200]},"num_concepts_raised":53236},{"base_id":842,"kind":"bot_words","i1":1,"i2":8,"sol":{"path":["/c/en/annam","/c/en/history","/c/en/art","/c/en/artist","/c/en/colorist"],"weight":0.20801999999999982,"degrees":[49,1864,1987,752,27]},"num_concepts_raised":10005},{"base_id":842,"kind":"bot_words","i1":1,"i2":9,"sol":{"path":["/c/en/annam","/c/en/vietnam","/c/en/rice","/c/en/carbohydrate"],"weight":0.22257999999999672,"degrees":[49,426,1388,1166]},"num_concepts_raised":47453},{"base_id":842,"kind":"bot_words","i1":2,"i2":3,"sol":{"path":["/c/en/uninstall","/c/en/remove","/c/en/grind","/c/en/crush"],"weight":0.22107999999999778,"degrees":[44,1492,727,789]},"num_concepts_raised":59709},{"base_id":842,"kind":"bot_words","i1":2,"i2":4,"sol":{"path":["/c/en/uninstall","/c/en/computing","/c/en/machine","/c/en/eye","/c/en/corneal"],"weight":0.20326999999999995,"degrees":[44,9084,1685,2698,34]},"num_concepts_raised":15562},{"base_id":842,"kind":"bot_words","i1":2,"i2":5,"sol":{"path":["/c/en/uninstall","/c/en/computing","/c/en/tick","/c/en/beat","/c/en/outwit"],"weight":0.2051099999999998,"degrees":[44,9084,536,1834,82]},"num_concepts_raised":18710},{"base_id":842,"kind":"bot_words","i1":2,"i2":6,"sol":{"path":["/c/en/uninstall","/c/en/computing","/c/en/home","/c/es/antro","/c/en/antrum"],"weight":0.20420999999999995,"degrees":[44,9084,2163,17,35]},"num_concepts_raised":19675},{"base_id":842,"kind":"bot_words","i1":2,"i2":7,"sol":{"path":["/c/en/uninstall","/c/en/computing","/c/en/kit"],"weight":0.202,"degrees":[44,9084,200]},"num_concepts_raised":210},{"base_id":842,"kind":"bot_words","i1":2,"i2":8,"sol":{"path":["/c/en/uninstall","/c/en/computing","/c/en/paint","/c/en/artist","/c/en/colorist"],"weight":0.20810999999999988,"degrees":[44,9084,1772,752,27]},"num_concepts_raised":14848},{"base_id":842,"kind":"bot_words","i1":2,"i2":9,"sol":{"path":["/c/en/uninstall","/c/en/software","/c/en/sugar","/c/en/carbohydrate"],"weight":0.22782999999999673,"degrees":[44,1812,1902,1166]},"num_concepts_raised":52261},{"base_id":842,"kind":"bot_words","i1":3,"i2":4,"sol":{"path":["/c/en/crush","/c/en/grind","/c/en/cryolathe","/c/en/corneal"],"weight":0.22091999999999778,"degrees":[789,727,8,34]},"num_concepts_raised":49728},{"base_id":842,"kind":"bot_words","i1":3,"i2":5,"sol":{"path":["/c/en/crush","/c/en/beat","/c/en/outwit"],"weight":0.20500000000000002,"degrees":[789,1834,82]},"num_concepts_raised":770},{"base_id":842,"kind":"bot_words","i1":3,"i2":6,"sol":{"path":["/c/en/crush","/c/en/smash","/c/en/slang","/c/pt/antro","/c/en/antrum"],"weight":0.2223999999999978,"degrees":[789,595,16318,10,35]},"num_concepts_raised":53930},{"base_id":842,"kind":"bot_words","i1":3,"i2":7,"sol":{"path":["/c/en/crush","/c/en/grind","/c/en/sports","/c/en/kit"],"weight":0.22266999999999726,"degrees":[789,727,3417,200]},"num_concepts_raised":89871},{"base_id":842,"kind":"bot_words","i1":3,"i2":8,"sol":{"path":["/c/en/crush","/c/en/smash","/c/en/us","/c/en/painter","/c/en/colorist"],"weight":0.22596999999999773,"degrees":[789,595,8154,536,27]},"num_concepts_raised":49089},{"base_id":842,"kind":"bot_words","i1":3,"i2":9,"sol":{"path":["/c/en/crush","/c/en/crushed_sugar","/c/en/sugar","/c/en/carbohydrate"],"weight":0.2406599999999946,"degrees":[789,14,1902,1166]},"num_concepts_raised":85333},{"base_id":842,"kind":"bot_words","i1":4,"i2":5,"sol":{"path":["/c/en/corneal","/c/en/eye","/c/en/top","/c/en/beat","/c/en/outwit"],"weight":0.20484999999999984,"degrees":[34,2698,1498,1834,82]},"num_concepts_raised":8177},{"base_id":842,"kind":"bot_words","i1":4,"i2":6,"sol":{"path":["/c/en/corneal","/c/en/cornea","/c/en/anatomy","/c/fr/antre","/c/en/antrum"],"weight":0.20633999999999997,"degrees":[34,265,12775,79,35]},"num_concepts_raised":9147},{"base_id":842,"kind":"bot_words","i1":4,"i2":7,"sol":{"path":["/c/en/corneal","/c/en/eye","/c/en/device","/c/en/kit"],"weight":0.20472999999999947,"degrees":[34,2698,2078,200]},"num_concepts_raised":47924},{"base_id":842,"kind":"bot_words","i1":4,"i2":8,"sol":{"path":["/c/en/corneal","/c/en/eye","/c/en/colors","/c/en/colorist"],"weight":0.20786999999999992,"degrees":[34,2698,101,27]},"num_concepts_raised":4254},{"base_id":842,"kind":"bot_words","i1":4,"i2":9,"sol":{"path":["/c/en/corneal","/c/en/cornea","/c/en/keratan","/c/en/carbohydrate"],"weight":0.2214399999999968,"degrees":[34,265,10,1166]},"num_concepts_raised":41896},{"base_id":842,"kind":"bot_words","i1":5,"i2":6,"sol":{"path":["/c/en/outwit","/c/en/beat","/c/en/slang","/c/pt/antro","/c/en/antrum"],"weight":0.20575999999999983,"degrees":[82,1834,16318,10,35]},"num_concepts_raised":12372},{"base_id":842,"kind":"bot_words","i1":5,"i2":7,"sol":{"path":["/c/en/outwit","/c/en/beat","/c/en/drum","/c/en/kit"],"weight":0.20670999999999928,"degrees":[82,1834,885,200]},"num_concepts_raised":50745},{"base_id":842,"kind":"bot_words","i1":5,"i2":8,"sol":{"path":["/c/en/outwit","/c/en/beat","/c/en/nautical","/c/en/painter","/c/en/colorist"],"weight":0.20964999999999975,"degrees":[82,1834,5204,536,27]},"num_concepts_raised":7452},{"base_id":842,"kind":"bot_words","i1":5,"i2":9,"sol":{"path":["/c/en/outwit","/c/en/beat","/c/en/food","/c/en/carbohydrate"],"weight":0.22253999999999663,"degrees":[82,1834,4281,1166]},"num_concepts_raised":45066},{"base_id":842,"kind":"bot_words","i1":6,"i2":7,"sol":{"path":["/c/en/antrum","/c/en/biology","/c/en/school","/c/en/kit"],"weight":0.20459999999999945,"degrees":[35,6216,2171,200]},"num_concepts_raised":52031},{"base_id":842,"kind":"bot_words","i1":6,"i2":8,"sol":{"path":["/c/en/antrum","/c/en/biology","/c/en/person","/c/en/artist","/c/en/colorist"],"weight":0.2078699999999999,"degrees":[35,6216,12935,752,27]},"num_concepts_raised":8450},{"base_id":842,"kind":"bot_words","i1":6,"i2":9,"sol":{"path":["/c/en/antrum","/c/en/biology","/c/en/plant","/c/en/carbohydrate"],"weight":0.2205399999999968,"degrees":[35,6216,7959,1166]},"num_concepts_raised":45704},{"base_id":842,"kind":"bot_words","i1":7,"i2":8,"sol":{"path":["/c/en/kit","/c/en/sports","/c/en/talent","/c/en/colorist"],"weight":0.20943999999999938,"degrees":[200,3417,454,27]},"num_concepts_raised":47231},{"base_id":842,"kind":"bot_words","i1":7,"i2":9,"sol":{"path":["/c/en/kit","/c/en/software","/c/en/sugar","/c/en/carbohydrate"],"weight":0.22935999999999623,"degrees":[200,1812,1902,1166]},"num_concepts_raised":83894},{"base_id":842,"kind":"bot_words","i1":8,"i2":9,"sol":{"path":["/c/en/colorist","/c/en/artist","/c/en/person","/c/en/sugar","/c/en/carbohydrate"],"weight":0.2326499999999967,"degrees":[27,752,12935,1902,1166]},"num_concepts_raised":41253}],[{"base_id":842,"kind":"top_words","i1":0,"i2":1,"sol":{"path":["/c/en/locomotive","/c/en/slang","/c/en/shag","/c/en/shagged"],"weight":0.21448999999999957,"degrees":[435,16318,195,25]},"num_concepts_raised":44302},{"base_id":842,"kind":"top_words","i1":0,"i2":2,"sol":{"path":["/c/en/locomotive","/c/en/fireman","/c/en/boiler"],"weight":0.20400000000000001,"degrees":[435,177,232]},"num_concepts_raised":517},{"base_id":842,"kind":"top_words","i1":0,"i2":3,"sol":{"path":["/c/en/locomotive","/c/en/firebox"],"weight":0.20400000000000001,"degrees":[435,45]},"num_concepts_raised":357},{"base_id":842,"kind":"top_words","i1":0,"i2":4,"sol":{"path":["/c/en/locomotive","/c/en/train","/c/en/tail","/c/en/empennage"],"weight":0.21889999999999954,"degrees":[435,1408,1214,24]},"num_concepts_raised":44862},{"base_id":842,"kind":"top_words","i1":0,"i2":5,"sol":{"path":["/c/en/locomotive","/c/en/engine","/c/en/plane","/c/en/biplane"],"weight":0.2222899999999996,"degrees":[435,730,1237,116]},"num_concepts_raised":43332},{"base_id":842,"kind":"top_words","i1":0,"i2":6,"sol":{"path":["/c/en/locomotive","/c/en/passenger","/c/en/airplane","/c/en/aeroplane"],"weight":0.221399999999999,"degrees":[435,570,870,191]},"num_concepts_raised":58990},{"base_id":842,"kind":"top_words","i1":0,"i2":7,"sol":{"path":["/c/en/locomotive","/c/en/passenger","/c/en/airplane","/c/en/monoplane"],"weight":0.21612999999999957,"degrees":[435,570,870,73]},"num_concepts_raised":41709},{"base_id":842,"kind":"top_words","i1":0,"i2":8,"sol":{"path":["/c/en/locomotive","/c/en/train","/c/en/seat","/c/en/spitfire"],"weight":0.2178799999999995,"degrees":[435,1408,1314,29]},"num_concepts_raised":42829},{"base_id":842,"kind":"top_words","i1":0,"i2":9,"sol":{"path":["/c/en/locomotive","/c/en/train","/c/en/hawker"],"weight":0.20600000000000002,"degrees":[435,1408,94]},"num_concepts_raised":404},{"base_id":842,"kind":"top_words","i1":1,"i2":2,"sol":{"path":["/c/en/shagged","/c/en/shagged_out","/c/en/uk","/c/en/boiler"],"weight":0.20487999999999934,"degrees":[25,8,5562,232]},"num_concepts_raised":27198},{"base_id":842,"kind":"top_words","i1":1,"i2":3,"sol":{"path":["/c/en/shagged","/c/en/vulgar","/c/en/firebox"],"weight":0.202,"degrees":[25,5299,45]},"num_concepts_raised":61},{"base_id":842,"kind":"top_words","i1":1,"i2":4,"sol":{"path":["/c/en/shagged","/c/en/shaggy","/c/en/fur","/c/en/tail","/c/en/empennage"],"weight":0.20479999999999993,"degrees":[25,194,747,1214,24]},"num_concepts_raised":13472},{"base_id":842,"kind":"top_words","i1":1,"i2":5,"sol":{"path":["/c/en/shagged","/c/en/rough","/c/en/military","/c/en/aviation","/c/en/biplane"],"weight":0.21215999999999996,"degrees":[25,1077,5690,1071,116]},"num_concepts_raised":11818},{"base_id":842,"kind":"top_words","i1":1,"i2":6,"sol":{"path":["/c/en/shagged","/c/en/shag","/c/fr/royaume_uni","/c/en/aeroplane"],"weight":0.2054899999999994,"degrees":[25,195,413,191]},"num_concepts_raised":29163},{"base_id":842,"kind":"top_words","i1":1,"i2":7,"sol":{"path":["/c/en/shagged","/c/en/shaggy","/c/en/musical_artist","/c/en/wing","/c/en/monoplane"],"weight":0.2044499999999999,"degrees":[25,194,462,1177,73]},"num_concepts_raised":10044},{"base_id":842,"kind":"top_words","i1":1,"i2":8,"sol":{"path":["/c/en/shagged","/c/en/vulgar","/c/en/shitfire","/c/en/spitfire"],"weight":0.20261999999999986,"degrees":[25,5299,5,29]},"num_concepts_raised":11240},{"base_id":842,"kind":"top_words","i1":1,"i2":9,"sol":{"path":["/c/en/shagged","/c/en/rough","/c/en/ruff","/c/en/hawk","/c/en/hawker"],"weight":0.20658999999999972,"degrees":[25,1077,272,626,94]},"num_concepts_raised":13316},{"base_id":842,"kind":"top_words","i1":2,"i2":3,"sol":{"path":["/c/en/boiler","/c/en/steam_engine","/c/en/firebox"],"weight":0.202,"degrees":[232,237,45]},"num_concepts_raised":238},{"base_id":842,"kind":"top_words","i1":2,"i2":4,"sol":{"path":["/c/en/boiler","/c/en/chicken","/c/en/feather","/c/en/empennage"],"weight":0.2049599999999993,"degrees":[232,1689,920,24]},"num_concepts_raised":26395},{"base_id":842,"kind":"top_words","i1":2,"i2":5,"sol":{"path":["/c/en/boiler","/c/en/chicken","/c/en/wing","/c/en/biplane"],"weight":0.21138999999999938,"degrees":[232,1689,1177,116]},"num_concepts_raised":24796},{"base_id":842,"kind":"top_words","i1":2,"i2":6,"sol":{"path":["/c/en/boiler","/c/en/water_heater","/c/en/garage","/c/en/aeroplane"],"weight":0.20787999999999882,"degrees":[232,86,563,191]},"num_concepts_raised":41251},{"base_id":842,"kind":"top_words","i1":2,"i2":7,"sol":{"path":["/c/en/boiler","/c/en/chicken","/c/en/wing","/c/en/monoplane"],"weight":0.20566999999999935,"degrees":[232,1689,1177,73]},"num_concepts_raised":23104},{"base_id":842,"kind":"top_words","i1":2,"i2":8,"sol":{"path":["/c/en/boiler","/c/en/tank","/c/en/cannon","/c/en/spitfire"],"weight":0.20498999999999928,"degrees":[232,732,610,29]},"num_concepts_raised":24262},{"base_id":842,"kind":"top_words","i1":2,"i2":9,"sol":{"path":["/c/en/boiler","/c/en/boil","/c/en/hawk","/c/en/hawker"],"weight":0.20783999999999914,"degrees":[232,948,626,94]},"num_concepts_raised":26261},{"base_id":842,"kind":"top_words","i1":3,"i2":4,"sol":{"path":["/c/en/firebox","/c/en/fire","/c/en/projectile","/c/en/empennage"],"weight":0.20301999999999984,"degrees":[45,2829,353,24]},"num_concepts_raised":17899},{"base_id":842,"kind":"top_words","i1":3,"i2":5,"sol":{"path":["/c/en/firebox","/c/en/fuel","/c/en/plane","/c/en/biplane"],"weight":0.2092699999999999,"degrees":[45,725,1237,116]},"num_concepts_raised":16325},{"base_id":842,"kind":"top_words","i1":3,"i2":6,"sol":{"path":["/c/en/firebox","/c/en/fuel","/c/en/plane","/c/en/aeroplane"],"weight":0.20753999999999934,"degrees":[45,725,1237,191]},"num_concepts_raised":33427},{"base_id":842,"kind":"top_words","i1":3,"i2":7,"sol":{"path":["/c/en/firebox","/c/en/fuel","/c/en/plane","/c/en/biplane","/c/en/monoplane"],"weight":0.20476999999999984,"degrees":[45,725,1237,116,73]},"num_concepts_raised":14573},{"base_id":842,"kind":"top_words","i1":3,"i2":8,"sol":{"path":["/c/en/firebox","/c/en/box","/c/en/seat","/c/en/spitfire"],"weight":0.2039499999999998,"degrees":[45,2026,1314,29]},"num_concepts_raised":15716},{"base_id":842,"kind":"top_words","i1":3,"i2":9,"sol":{"path":["/c/en/firebox","/c/en/locomotive","/c/en/train","/c/en/hawker"],"weight":0.20367999999999964,"degrees":[45,435,1408,94]},"num_concepts_raised":17767},{"base_id":842,"kind":"top_words","i1":4,"i2":5,"sol":{"path":["/c/en/empennage","/c/en/aircraft","/c/en/aviation","/c/en/biplane"],"weight":0.21117999999999992,"degrees":[24,1135,1071,116]},"num_concepts_raised":10652},{"base_id":842,"kind":"top_words","i1":4,"i2":6,"sol":{"path":["/c/en/empennage","/c/en/aircraft","/c/en/aeroplane"],"weight":0.20400000000000001,"degrees":[24,1135,191]},"num_concepts_raised":193},{"base_id":842,"kind":"top_words","i1":4,"i2":7,"sol":{"path":["/c/en/empennage","/c/en/aircraft","/c/en/aviation","/c/en/monoplane"],"weight":0.2034999999999999,"degrees":[24,1135,1071,73]},"num_concepts_raised":8920},{"base_id":842,"kind":"top_words","i1":4,"i2":8,"sol":{"path":["/c/en/empennage","/c/en/aircraft","/c/en/fighter","/c/en/spitfire"],"weight":0.20265999999999984,"degrees":[24,1135,362,29]},"num_concepts_raised":10429},{"base_id":842,"kind":"top_words","i1":4,"i2":9,"sol":{"path":["/c/en/empennage","/c/en/tail","/c/en/train","/c/en/hawker"],"weight":0.2044199999999997,"degrees":[24,1214,1408,94]},"num_concepts_raised":12520},{"base_id":842,"kind":"top_words","i1":5,"i2":6,"sol":{"path":["/c/en/biplane","/c/en/plane","/c/en/aeroplane"],"weight":0.20600000000000002,"degrees":[116,1237,191]},"num_concepts_raised":243},{"base_id":842,"kind":"top_words","i1":5,"i2":7,"sol":{"path":["/c/en/biplane","/c/en/monoplane"],"weight":0.20600000000000002,"degrees":[116,73]},"num_concepts_raised":120},{"base_id":842,"kind":"top_words","i1":5,"i2":8,"sol":{"path":["/c/en/biplane","/c/en/aviation","/c/en/seat","/c/en/spitfire"],"weight":0.21112999999999987,"degrees":[116,1071,1314,29]},"num_concepts_raised":8819},{"base_id":842,"kind":"top_words","i1":5,"i2":9,"sol":{"path":["/c/en/biplane","/c/en/airplane","/c/en/travel","/c/en/hawker"],"weight":0.20979999999999976,"degrees":[116,870,1689,94]},"num_concepts_raised":10801},{"base_id":842,"kind":"top_words","i1":6,"i2":7,"sol":{"path":["/c/en/aeroplane","/c/en/monoplane"],"weight":0.202,"degrees":[191,73]},"num_concepts_raised":220},{"base_id":842,"kind":"top_words","i1":6,"i2":8,"sol":{"path":["/c/en/aeroplane","/c/en/airplane","/c/en/seat","/c/en/spitfire"],"weight":0.2086799999999993,"degrees":[191,870,1314,29]},"num_concepts_raised":26168},{"base_id":842,"kind":"top_words","i1":6,"i2":9,"sol":{"path":["/c/en/aeroplane","/c/en/airplane","/c/en/travel","/c/en/hawker"],"weight":0.20945999999999915,"degrees":[191,870,1689,94]},"num_concepts_raised":28117},{"base_id":842,"kind":"top_words","i1":7,"i2":8,"sol":{"path":["/c/en/monoplane","/c/en/airplane","/c/en/seat","/c/en/spitfire"],"weight":0.20342999999999983,"degrees":[73,870,1314,29]},"num_concepts_raised":7044},{"base_id":842,"kind":"top_words","i1":7,"i2":9,"sol":{"path":["/c/en/monoplane","/c/en/airplane","/c/en/travel","/c/en/hawker"],"weight":0.2041399999999997,"degrees":[73,870,1689,94]},"num_concepts_raised":9049},{"base_id":842,"kind":"top_words","i1":8,"i2":9,"sol":{"path":["/c/en/spitfire","/c/en/cannon","/c/en/falcon","/c/en/hawker"],"weight":0.20353999999999967,"degrees":[29,610,539,94]},"num_concepts_raised":10333}]]