[[{"base_id":233,"kind":"bot_words","i1":0,"i2":1,"sol":{"path":["/c/en/chemoreceptor","/c/en/taste","/c/en/sound","/c/en/phonograph","/c/en/gramophone"],"weight":0.20618999999999982,"degrees":[41,1479,3218,149,157]},"num_concepts_raised":14254},{"base_id":233,"kind":"bot_words","i1":0,"i2":2,"sol":{"path":["/c/en/chemoreceptor","/c/en/cell","/c/en/us","/c/en/chiseled"],"weight":0.2037499999999998,"degrees":[41,2433,8154,27]},"num_concepts_raised":18240},{"base_id":233,"kind":"bot_words","i1":0,"i2":3,"sol":{"path":["/c/en/chemoreceptor","/c/en/cell","/c/en/creating"],"weight":0.202,"degrees":[41,2433,49]},"num_concepts_raised":86},{"base_id":233,"kind":"bot_words","i1":0,"i2":4,"sol":{"path":["/c/en/chemoreceptor","/c/en/nose","/c/en/skill","/c/en/skillful"],"weight":0.20625999999999928,"degrees":[41,1561,1062,294]},"num_concepts_raised":16946},{"base_id":233,"kind":"bot_words","i1":0,"i2":5,"sol":{"path":["/c/en/chemoreceptor","/c/en/chemical","/c/en/hydrogen","/c/en/protium"],"weight":0.2046199999999998,"degrees":[41,882,2639,71]},"num_concepts_raised":12806},{"base_id":233,"kind":"bot_words","i1":0,"i2":6,"sol":{"path":["/c/en/chemoreceptor","/c/en/taste","/c/en/bad","/c/en/substandard"],"weight":0.2032299999999998,"degrees":[41,1479,1728,41]},"num_concepts_raised":15636},{"base_id":233,"kind":"bot_words","i1":0,"i2":7,"sol":{"path":["/c/en/chemoreceptor","/c/en/tongue","/c/en/slang","/c/en/monarch","/c/en/decius"],"weight":0.2082899999999997,"degrees":[41,1213,16318,586,63]},"num_concepts_raised":8469},{"base_id":233,"kind":"bot_words","i1":0,"i2":8,"sol":{"path":["/c/en/chemoreceptor","/c/en/smell","/c/en/human","/c/en/groom"],"weight":0.20842999999999884,"degrees":[41,1332,2645,439]},"num_concepts_raised":32763},{"base_id":233,"kind":"bot_words","i1":0,"i2":9,"sol":{"path":["/c/en/chemoreceptor","/c/en/tongue","/c/en/anatomy","/c/en/vagina"],"weight":0.21617999999999782,"degrees":[41,1213,12775,694]},"num_concepts_raised":72558},{"base_id":233,"kind":"bot_words","i1":1,"i2":2,"sol":{"path":["/c/en/gramophone","/c/en/wow","/c/en/us","/c/en/chiseled"],"weight":0.2054399999999999,"degrees":[157,232,8154,27]},"num_concepts_raised":16519},{"base_id":233,"kind":"bot_words","i1":1,"i2":3,"sol":{"path":["/c/en/gramophone","/c/en/record","/c/en/make","/c/en/creating"],"weight":0.20523999999999978,"degrees":[157,1856,3395,49]},"num_concepts_raised":21223},{"base_id":233,"kind":"bot_words","i1":1,"i2":4,"sol":{"path":["/c/en/gramophone","/c/en/record_player","/c/en/player","/c/ja/上手","/c/en/skillful"],"weight":0.2114399999999994,"degrees":[157,128,1005,154,294]},"num_concepts_raised":15553},{"base_id":233,"kind":"bot_words","i1":1,"i2":5,"sol":{"path":["/c/en/gramophone","/c/en/phonograph","/c/en/symbol","/c/is/einvetni","/c/en/protium"],"weight":0.2076099999999999,"degrees":[157,149,916,10,71]},"num_concepts_raised":11401},{"base_id":233,"kind":"bot_words","i1":1,"i2":6,"sol":{"path":["/c/en/gramophone","/c/en/disk","/c/en/nonstandard","/c/en/substandard"],"weight":0.20574999999999988,"degrees":[157,457,2085,41]},"num_concepts_raised":14223},{"base_id":233,"kind":"bot_words","i1":1,"i2":7,"sol":{"path":["/c/en/gramophone","/c/en/record","/c/en/post","/c/en/monarch","/c/en/decius"],"weight":0.21030999999999983,"degrees":[157,1856,1560,586,63]},"num_concepts_raised":7038},{"base_id":233,"kind":"bot_words","i1":1,"i2":8,"sol":{"path":["/c/en/gramophone","/c/en/record_player","/c/en/cartridge","/c/en/groom"],"weight":0.21046999999999894,"degrees":[157,128,247,439]},"num_concepts_raised":31353},{"base_id":233,"kind":"bot_words","i1":1,"i2":9,"sol":{"path":["/c/en/gramophone","/c/en/disk","/c/en/anatomy","/c/en/vagina"],"weight":0.2178799999999979,"degrees":[157,457,12775,694]},"num_concepts_raised":71594},{"base_id":233,"kind":"bot_words","i1":2,"i2":3,"sol":{"path":["/c/en/chiseled","/c/en/us","/c/en/make","/c/en/creating"],"weight":0.20403999999999978,"degrees":[27,8154,3395,49]},"num_concepts_raised":25269},{"base_id":233,"kind":"bot_words","i1":2,"i2":4,"sol":{"path":["/c/en/chiseled","/c/en/distinct","/c/en/precise","/c/en/skillful"],"weight":0.2078999999999994,"degrees":[27,397,383,294]},"num_concepts_raised":19572},{"base_id":233,"kind":"bot_words","i1":2,"i2":5,"sol":{"path":["/c/en/chiseled","/c/en/us","/c/en/gas","/c/en/hydrogen","/c/en/protium"],"weight":0.2055199999999999,"degrees":[27,8154,1636,2639,71]},"num_concepts_raised":15480},{"base_id":233,"kind":"bot_words","i1":2,"i2":6,"sol":{"path":["/c/en/chiseled","/c/en/us","/c/en/rip","/c/en/substandard"],"weight":0.20380999999999988,"degrees":[27,8154,483,41]},"num_concepts_raised":18240},{"base_id":233,"kind":"bot_words","i1":2,"i2":7,"sol":{"path":["/c/en/chiseled","/c/en/us","/c/en/closet","/c/en/monarch","/c/en/decius"],"weight":0.20909999999999979,"degrees":[27,8154,569,586,63]},"num_concepts_raised":11128},{"base_id":233,"kind":"bot_words","i1":2,"i2":8,"sol":{"path":["/c/en/chiseled","/c/en/us","/c/en/human","/c/en/groom"],"weight":0.2092699999999989,"degrees":[27,8154,2645,439]},"num_concepts_raised":35325},{"base_id":233,"kind":"bot_words","i1":2,"i2":9,"sol":{"path":["/c/en/chiseled","/c/en/us","/c/en/twat","/c/en/vagina"],"weight":0.2160499999999979,"degrees":[27,8154,150,694]},"num_concepts_raised":75243},{"base_id":233,"kind":"bot_words","i1":3,"i2":4,"sol":{"path":["/c/en/creating","/c/en/writing","/c/en/skill","/c/en/skillful"],"weight":0.2063299999999993,"degrees":[49,1875,1062,294]},"num_concepts_raised":23901},{"base_id":233,"kind":"bot_words","i1":3,"i2":5,"sol":{"path":["/c/en/creating","/c/en/creation","/c/en/universe","/c/en/hydrogen","/c/en/protium"],"weight":0.2049599999999998,"degrees":[49,606,943,2639,71]},"num_concepts_raised":19924},{"base_id":233,"kind":"bot_words","i1":3,"i2":6,"sol":{"path":["/c/en/creating","/c/en/make","/c/en/quality","/c/en/substandard"],"weight":0.20331999999999978,"degrees":[49,3395,1710,41]},"num_concepts_raised":22663},{"base_id":233,"kind":"bot_words","i1":3,"i2":7,"sol":{"path":["/c/en/creating","/c/en/create","/c/en/castle","/c/en/monarch","/c/en/decius"],"weight":0.2095099999999997,"degrees":[49,817,1045,586,63]},"num_concepts_raised":15603},{"base_id":233,"kind":"bot_words","i1":3,"i2":8,"sol":{"path":["/c/en/creating","/c/en/make","/c/en/prepare","/c/en/groom"],"weight":0.20873999999999882,"degrees":[49,3395,890,439]},"num_concepts_raised":39409},{"base_id":233,"kind":"bot_words","i1":3,"i2":9,"sol":{"path":["/c/en/creating","/c/en/make","/c/en/cock","/c/en/vagina"],"weight":0.2151099999999978,"degrees":[49,3395,742,694]},"num_concepts_raised":79708},{"base_id":233,"kind":"bot_words","i1":4,"i2":5,"sol":{"path":["/c/en/skillful","/c/en/skilled","/c/he/מימן","/c/en/hydrogen","/c/en/protium"],"weight":0.20944999999999941,"degrees":[294,372,17,2639,71]},"num_concepts_raised":14155},{"base_id":233,"kind":"bot_words","i1":4,"i2":6,"sol":{"path":["/c/en/skillful","/c/en/skilled","/c/en/quality","/c/en/substandard"],"weight":0.20780999999999938,"degrees":[294,372,1710,41]},"num_concepts_raised":16861},{"base_id":233,"kind":"bot_words","i1":4,"i2":7,"sol":{"path":["/c/en/skillful","/c/en/skill","/c/en/slang","/c/en/monarch","/c/en/decius"],"weight":0.2115799999999993,"degrees":[294,1062,16318,586,63]},"num_concepts_raised":9805},{"base_id":233,"kind":"bot_words","i1":4,"i2":8,"sol":{"path":["/c/en/skillful","/c/en/nice","/c/en/dress","/c/en/groom"],"weight":0.2115499999999984,"degrees":[294,845,1674,439]},"num_concepts_raised":34004},{"base_id":233,"kind":"bot_words","i1":4,"i2":9,"sol":{"path":["/c/en/skillful","/c/sa/करण","/c/en/woman","/c/en/vagina"],"weight":0.2181099999999974,"degrees":[294,73,3510,694]},"num_concepts_raised":74413},{"base_id":233,"kind":"bot_words","i1":5,"i2":6,"sol":{"path":["/c/en/protium","/c/en/common","/c/en/standard","/c/en/substandard"],"weight":0.20355999999999988,"degrees":[71,1219,1054,41]},"num_concepts_raised":12830},{"base_id":233,"kind":"bot_words","i1":5,"i2":7,"sol":{"path":["/c/en/protium","/c/en/common","/c/en/royal","/c/en/monarch","/c/en/decius"],"weight":0.20873999999999981,"degrees":[71,1219,720,586,63]},"num_concepts_raised":5570},{"base_id":233,"kind":"bot_words","i1":5,"i2":8,"sol":{"path":["/c/en/protium","/c/en/common","/c/en/royal","/c/en/groom"],"weight":0.20775999999999895,"degrees":[71,1219,720,439]},"num_concepts_raised":30169},{"base_id":233,"kind":"bot_words","i1":5,"i2":9,"sol":{"path":["/c/en/protium","/c/en/common","/c/en/cat","/c/en/vagina"],"weight":0.21549999999999792,"degrees":[71,1219,1616,694]},"num_concepts_raised":70478},{"base_id":233,"kind":"bot_words","i1":6,"i2":7,"sol":{"path":["/c/en/substandard","/c/en/bad","/c/en/slang","/c/en/monarch","/c/en/decius"],"weight":0.20852999999999977,"degrees":[41,1728,16318,586,63]},"num_concepts_raised":8490},{"base_id":233,"kind":"bot_words","i1":6,"i2":8,"sol":{"path":["/c/en/substandard","/c/en/nonstandard","/c/en/bath","/c/en/groom"],"weight":0.2084099999999989,"degrees":[41,2085,636,439]},"num_concepts_raised":32845},{"base_id":233,"kind":"bot_words","i1":6,"i2":9,"sol":{"path":["/c/en/substandard","/c/en/inferior","/c/en/anatomy","/c/en/vagina"],"weight":0.21723999999999788,"degrees":[41,578,12775,694]},"num_concepts_raised":73055},{"base_id":233,"kind":"bot_words","i1":7,"i2":8,"sol":{"path":["/c/en/decius","/c/en/monarch","/c/en/royal","/c/en/groom"],"weight":0.21260999999999886,"degrees":[63,586,720,439]},"num_concepts_raised":25830},{"base_id":233,"kind":"bot_words","i1":7,"i2":9,"sol":{"path":["/c/en/decius","/c/en/monarch","/c/en/slang","/c/ja/おまんこ","/c/en/vagina"],"weight":0.22390999999999783,"degrees":[63,586,16318,39,694]},"num_concepts_raised":66211},{"base_id":233,"kind":"bot_words","i1":8,"i2":9,"sol":{"path":["/c/en/groom","/c/en/bride","/c/en/woman","/c/en/vagina"],"weight":0.22121999999999692,"degrees":[439,477,3510,694]},"num_concepts_raised":89375}],[{"base_id":233,"kind":"top_words","i1":0,"i2":1,"sol":{"path":["/c/en/pinyin","/c/en/romaji"],"weight":0.20400000000000001,"degrees":[153,72]},"num_concepts_raised":173},{"base_id":233,"kind":"top_words","i1":0,"i2":2,"sol":{"path":["/c/en/pinyin","/c/en/romaji","/c/en/kanji","/c/en/shinjitai"],"weight":0.21084000000000008,"degrees":[153,72,249,29]},"num_concepts_raised":2724},{"base_id":233,"kind":"top_words","i1":0,"i2":3,"sol":{"path":["/c/en/pinyin","/c/en/romaji","/c/en/kanji","/c/en/hanja"],"weight":0.21983999999999992,"degrees":[153,72,249,95]},"num_concepts_raised":12877},{"base_id":233,"kind":"top_words","i1":0,"i2":4,"sol":{"path":["/c/en/pinyin","/c/fr/pinyin","/c/fr/langue","/c/en/sorbian"],"weight":0.21257999999999985,"degrees":[153,37,2949,85]},"num_concepts_raised":6664},{"base_id":233,"kind":"top_words","i1":0,"i2":5,"sol":{"path":["/c/en/pinyin","/c/en/zhuyin_fuhao","/c/en/alphabet","/c/en/hangul"],"weight":0.22187999999999963,"degrees":[153,47,713,123]},"num_concepts_raised":12847},{"base_id":233,"kind":"top_words","i1":0,"i2":6,"sol":{"path":["/c/en/pinyin","/c/en/ruby","/c/en/python","/c/en/reptile","/c/en/colubridae"],"weight":0.21521999999999986,"degrees":[153,474,453,897,78]},"num_concepts_raised":3420},{"base_id":233,"kind":"top_words","i1":0,"i2":7,"sol":{"path":["/c/en/pinyin","/c/en/tashkil","/c/en/arabic","/c/en/nastaliq"],"weight":0.20965999999999996,"degrees":[153,30,479,35]},"num_concepts_raised":3611},{"base_id":233,"kind":"top_words","i1":0,"i2":8,"sol":{"path":["/c/en/pinyin","/c/en/zhuyin_fuhao","/c/en/alphabet","/c/en/cyrillic"],"weight":0.2126099999999999,"degrees":[153,47,713,81]},"num_concepts_raised":8098},{"base_id":233,"kind":"top_words","i1":0,"i2":9,"sol":{"path":["/c/en/pinyin","/c/zh/拼音","/c/en/system","/c/en/way","/c/en/middle_way","/c/en/śūnyatā"],"weight":0.22450049999999966,"degrees":[153,25,1888,1993,18,37]},"num_concepts_raised":226216},{"base_id":233,"kind":"top_words","i1":1,"i2":2,"sol":{"path":["/c/en/romaji","/c/en/kanji","/c/en/shinjitai"],"weight":0.20400000000000001,"degrees":[72,249,29]},"num_concepts_raised":82},{"base_id":233,"kind":"top_words","i1":1,"i2":3,"sol":{"path":["/c/en/romaji","/c/en/kanji","/c/en/hanja"],"weight":0.20700000000000002,"degrees":[72,249,95]},"num_concepts_raised":140},{"base_id":233,"kind":"top_words","i1":1,"i2":4,"sol":{"path":["/c/en/romaji","/c/ja/ローマ_字","/c/ja/言語","/c/fr/langue","/c/en/sorbian"],"weight":0.20613999999999966,"degrees":[72,69,73,2949,85]},"num_concepts_raised":5111},{"base_id":233,"kind":"top_words","i1":1,"i2":5,"sol":{"path":["/c/en/romaji","/c/en/romaja","/c/en/hangul"],"weight":0.20700000000000002,"degrees":[72,22,123]},"num_concepts_raised":176},{"base_id":233,"kind":"top_words","i1":1,"i2":6,"sol":{"path":["/c/en/romaji","/c/en/kanji","/c/ja/かんじ","/c/en/cold","/c/en/reptile","/c/en/colubridae"],"weight":0.2146035999999994,"degrees":[72,249,46,1889,897,78]},"num_concepts_raised":105258},{"base_id":233,"kind":"top_words","i1":1,"i2":7,"sol":{"path":["/c/en/romaji","/c/en/kanji","/c/en/stroke_order","/c/en/calligraphy","/c/en/nastaliq"],"weight":0.2043899999999998,"degrees":[72,249,28,351,35]},"num_concepts_raised":2065},{"base_id":233,"kind":"top_words","i1":1,"i2":8,"sol":{"path":["/c/en/romaji","/c/en/romanization","/c/en/alphabet","/c/en/cyrillic"],"weight":0.20425999999999972,"degrees":[72,128,713,81]},"num_concepts_raised":6638},{"base_id":233,"kind":"top_words","i1":1,"i2":9,"sol":{"path":["/c/en/romaji","/c/ja/ローマ","/c/ja/雨","/c/ja/空","/c/en/śūnyatā"],"weight":0.20836999999999978,"degrees":[72,102,195,280,37]},"num_concepts_raised":1203},{"base_id":233,"kind":"top_words","i1":2,"i2":3,"sol":{"path":["/c/en/shinjitai","/c/en/kanji","/c/en/hanja"],"weight":0.20700000000000002,"degrees":[29,249,95]},"num_concepts_raised":100},{"base_id":233,"kind":"top_words","i1":2,"i2":4,"sol":{"path":["/c/en/shinjitai","/c/ja/新字体","/c/en/linguistics","/c/fr/langue","/c/en/sorbian"],"weight":0.20555999999999983,"degrees":[29,17,4250,2949,85]},"num_concepts_raised":4563},{"base_id":233,"kind":"top_words","i1":2,"i2":5,"sol":{"path":["/c/en/shinjitai","/c/ja/新字体","/c/en/linguistics","/c/en/language","/c/en/hangul"],"weight":0.21499999999999958,"degrees":[29,17,4250,4160,123]},"num_concepts_raised":10872},{"base_id":233,"kind":"top_words","i1":2,"i2":6,"sol":{"path":["/c/en/shinjitai","/c/ja/新字体","/c/en/linguistics","/c/en/labial","/c/en/reptile","/c/en/colubridae"],"weight":0.21579779999999965,"degrees":[29,17,4250,123,897,78]},"num_concepts_raised":65356},{"base_id":233,"kind":"top_words","i1":2,"i2":7,"sol":{"path":["/c/en/shinjitai","/c/en/kanji","/c/en/stroke_order","/c/en/calligraphy","/c/en/nastaliq"],"weight":0.20396999999999993,"degrees":[29,249,28,351,35]},"num_concepts_raised":1519},{"base_id":233,"kind":"top_words","i1":2,"i2":8,"sol":{"path":["/c/en/shinjitai","/c/ja/新字体","/c/en/linguistics","/c/en/language","/c/en/cyrillic"],"weight":0.20573999999999987,"degrees":[29,17,4250,4160,81]},"num_concepts_raised":6117},{"base_id":233,"kind":"top_words","i1":2,"i2":9,"sol":{"path":["/c/en/shinjitai","/c/ja/新字体","/c/en/linguistics","/c/en/zero","/c/ko/공","/c/en/śūnyatā"],"weight":0.2142366999999999,"degrees":[29,17,4250,795,25,37]},"num_concepts_raised":56980},{"base_id":233,"kind":"top_words","i1":3,"i2":4,"sol":{"path":["/c/en/hanja","/c/fr/linguistique","/c/fr/langue","/c/en/sorbian"],"weight":0.20938999999999963,"degrees":[95,7455,2949,85]},"num_concepts_raised":14211},{"base_id":233,"kind":"top_words","i1":3,"i2":5,"sol":{"path":["/c/en/hanja","/c/en/lee","/c/en/hangul"],"weight":0.20800000000000002,"degrees":[95,171,123]},"num_concepts_raised":192},{"base_id":233,"kind":"top_words","i1":3,"i2":6,"sol":{"path":["/c/en/hanja","/c/en/kanji","/c/ja/かんじ","/c/en/cold","/c/en/reptile","/c/en/colubridae"],"weight":0.22338339999999923,"degrees":[95,249,46,1889,897,78]},"num_concepts_raised":402987},{"base_id":233,"kind":"top_words","i1":3,"i2":7,"sol":{"path":["/c/en/hanja","/c/en/stroke_order","/c/en/calligraphy","/c/en/nastaliq"],"weight":0.20869999999999972,"degrees":[95,28,351,35]},"num_concepts_raised":11700},{"base_id":233,"kind":"top_words","i1":3,"i2":8,"sol":{"path":["/c/en/hanja","/c/en/hangeul","/c/en/language","/c/en/cyrillic"],"weight":0.2114799999999997,"degrees":[95,105,4160,81]},"num_concepts_raised":16062},{"base_id":233,"kind":"top_words","i1":3,"i2":9,"sol":{"path":["/c/en/hanja","/c/fr/linguistique","/c/fr/zéro","/c/ko/공","/c/en/śūnyatā"],"weight":0.21375999999999973,"degrees":[95,7455,321,25,37]},"num_concepts_raised":10866},{"base_id":233,"kind":"top_words","i1":4,"i2":5,"sol":{"path":["/c/en/sorbian","/c/fr/langue","/c/en/language","/c/en/hangul"],"weight":0.21357999999999935,"degrees":[85,2949,4160,123]},"num_concepts_raised":14574},{"base_id":233,"kind":"top_words","i1":4,"i2":6,"sol":{"path":["/c/en/sorbian","/c/en/sorb","/c/en/people","/c/en/animal","/c/en/reptile","/c/en/colubridae"],"weight":0.21704389999999946,"degrees":[85,85,4475,3735,897,78]},"num_concepts_raised":375267},{"base_id":233,"kind":"top_words","i1":4,"i2":7,"sol":{"path":["/c/en/sorbian","/c/fr/langue","/c/en/arabic","/c/en/nastaliq"],"weight":0.20346999999999968,"degrees":[85,2949,479,35]},"num_concepts_raised":5443},{"base_id":233,"kind":"top_words","i1":4,"i2":8,"sol":{"path":["/c/en/sorbian","/c/fr/langue","/c/en/language","/c/en/cyrillic"],"weight":0.20427999999999963,"degrees":[85,2949,4160,81]},"num_concepts_raised":9797},{"base_id":233,"kind":"top_words","i1":4,"i2":9,"sol":{"path":["/c/en/sorbian","/c/en/sorb","/c/en/wend","/c/en/way","/c/en/middle_way","/c/en/śūnyatā"],"weight":0.2155094999999997,"degrees":[85,85,97,1993,18,37]},"num_concepts_raised":366964},{"base_id":233,"kind":"top_words","i1":5,"i2":6,"sol":{"path":["/c/en/hangul","/c/en/language","/c/en/mamba","/c/en/reptile","/c/en/colubridae"],"weight":0.21841999999999936,"degrees":[123,4160,85,897,78]},"num_concepts_raised":11551},{"base_id":233,"kind":"top_words","i1":5,"i2":7,"sol":{"path":["/c/en/hangul","/c/en/language","/c/en/arabic","/c/en/nastaliq"],"weight":0.21292999999999945,"degrees":[123,4160,479,35]},"num_concepts_raised":11700},{"base_id":233,"kind":"top_words","i1":5,"i2":8,"sol":{"path":["/c/en/hangul","/c/en/alphabet","/c/en/cyrillic"],"weight":0.20600000000000002,"degrees":[123,713,81]},"num_concepts_raised":181},{"base_id":233,"kind":"top_words","i1":5,"i2":9,"sol":{"path":["/c/en/hangul","/c/en/software","/c/en/ball","/c/ko/공","/c/en/śūnyatā"],"weight":0.21791999999999945,"degrees":[123,1812,2118,25,37]},"num_concepts_raised":10906},{"base_id":233,"kind":"top_words","i1":6,"i2":7,"sol":{"path":["/c/en/colubridae","/c/en/reptile","/c/en/snake","/c/en/australia","/c/en/arabic","/c/en/nastaliq"],"weight":0.2118106999999994,"degrees":[78,897,1419,2690,479,35]},"num_concepts_raised":118175},{"base_id":233,"kind":"top_words","i1":6,"i2":8,"sol":{"path":["/c/en/colubridae","/c/en/reptile","/c/en/mamba","/c/en/language","/c/en/cyrillic"],"weight":0.20912999999999965,"degrees":[78,897,85,4160,81]},"num_concepts_raised":6793},{"base_id":233,"kind":"top_words","i1":6,"i2":9,"sol":{"path":["/c/en/colubridae","/c/en/reptile","/c/en/animal","/c/en/psychology","/c/en/sunyata","/c/en/śūnyatā"],"weight":0.21819769999999938,"degrees":[78,897,3735,1520,21,37]},"num_concepts_raised":86668},{"base_id":233,"kind":"top_words","i1":7,"i2":8,"sol":{"path":["/c/en/nastaliq","/c/en/arabic","/c/en/language","/c/en/cyrillic"],"weight":0.2036399999999997,"degrees":[35,479,4160,81]},"num_concepts_raised":6934},{"base_id":233,"kind":"top_words","i1":7,"i2":9,"sol":{"path":["/c/en/nastaliq","/c/en/arabic","/c/en/zero","/c/ko/공","/c/en/śūnyatā"],"weight":0.20789999999999975,"degrees":[35,479,795,25,37]},"num_concepts_raised":1546},{"base_id":233,"kind":"top_words","i1":8,"i2":9,"sol":{"path":["/c/en/cyrillic","/c/en/language","/c/en/way","/c/en/middle_way","/c/en/śūnyatā"],"weight":0.20861999999999972,"degrees":[81,4160,1993,18,37]},"num_concepts_raised":6148}]]