[[{"base_id":101,"kind":"bot_words","i1":0,"i2":1,"sol":{"path":["/c/en/lamplight","/c/la/lucubratio","/c/fr/nuit","/c/fr/lutin","/c/en/goblin"],"weight":0.2079799999999996,"degrees":[30,41,567,202,226]},"num_concepts_raised":12643},{"base_id":101,"kind":"bot_words","i1":0,"i2":2,"sol":{"path":["/c/en/lamplight","/c/en/light","/c/en/time","/c/en/procession","/c/en/motorcade"],"weight":0.2041699999999999,"degrees":[30,4288,4124,298,48]},"num_concepts_raised":4247},{"base_id":101,"kind":"bot_words","i1":0,"i2":3,"sol":{"path":["/c/en/lamplight","/c/en/light","/c/en/case","/c/en/luggage"],"weight":0.20645999999999975,"degrees":[30,4288,1773,290]},"num_concepts_raised":21097},{"base_id":101,"kind":"bot_words","i1":0,"i2":4,"sol":{"path":["/c/en/lamplight","/c/en/light","/c/en/person","/c/en/macedonian","/c/en/macedon"],"weight":0.20286999999999986,"degrees":[30,4288,12935,128,30]},"num_concepts_raised":4429},{"base_id":101,"kind":"bot_words","i1":0,"i2":5,"sol":{"path":["/c/en/lamplight","/c/en/light","/c/en/wax","/c/en/sap"],"weight":0.21319999999999928,"degrees":[30,4288,1206,454]},"num_concepts_raised":79926},{"base_id":101,"kind":"bot_words","i1":0,"i2":6,"sol":{"path":["/c/en/lamplight","/c/en/light","/c/en/fall","/c/en/plummet"],"weight":0.20528999999999986,"degrees":[30,4288,2357,113]},"num_concepts_raised":17050},{"base_id":101,"kind":"bot_words","i1":0,"i2":7,"sol":{"path":["/c/en/lamplight","/c/en/light","/c/en/united_states","/c/en/new_mexico","/c/en/gallup"],"weight":0.20791999999999983,"degrees":[30,4288,1636,350,33]},"num_concepts_raised":8837},{"base_id":101,"kind":"bot_words","i1":0,"i2":8,"sol":{"path":["/c/en/lamplight","/c/it/lume","/c/en/anatomy","/c/it/arteriale","/c/en/arterial"],"weight":0.20467999999999975,"degrees":[30,28,12775,9,100]},"num_concepts_raised":7402},{"base_id":101,"kind":"bot_words","i1":0,"i2":9,"sol":{"path":["/c/en/lamplight","/c/en/light","/c/en/air","/c/en/aeration"],"weight":0.20896999999999977,"degrees":[30,4288,1965,118]},"num_concepts_raised":10380},{"base_id":101,"kind":"bot_words","i1":1,"i2":2,"sol":{"path":["/c/en/goblin","/c/ja/変化","/c/fr/religion","/c/en/procession","/c/en/motorcade"],"weight":0.20746999999999965,"degrees":[226,183,6634,298,48]},"num_concepts_raised":9581},{"base_id":101,"kind":"bot_words","i1":1,"i2":3,"sol":{"path":["/c/en/goblin","/c/en/redcap","/c/en/porter","/c/en/luggage"],"weight":0.2085399999999995,"degrees":[226,28,288,290]},"num_concepts_raised":26281},{"base_id":101,"kind":"bot_words","i1":1,"i2":4,"sol":{"path":["/c/en/goblin","/c/en/kallikantzaros","/c/en/greek","/c/en/macedonia","/c/en/macedon"],"weight":0.20632999999999962,"degrees":[226,10,647,314,30]},"num_concepts_raised":9763},{"base_id":101,"kind":"bot_words","i1":1,"i2":5,"sol":{"path":["/c/en/goblin","/c/en/imp","/c/en/plant","/c/en/sap"],"weight":0.21788999999999903,"degrees":[226,263,7959,454]},"num_concepts_raised":84799},{"base_id":101,"kind":"bot_words","i1":1,"i2":6,"sol":{"path":["/c/en/goblin","/c/en/hobgoblin","/c/en/small","/c/en/drop","/c/en/plummet"],"weight":0.2107499999999996,"degrees":[226,72,2515,1915,113]},"num_concepts_raised":22341},{"base_id":101,"kind":"bot_words","i1":1,"i2":7,"sol":{"path":["/c/en/goblin","/c/en/hobgoblin","/c/en/small","/c/en/company","/c/en/gallup"],"weight":0.2124899999999996,"degrees":[226,72,2515,2258,33]},"num_concepts_raised":14143},{"base_id":101,"kind":"bot_words","i1":1,"i2":8,"sol":{"path":["/c/en/goblin","/c/en/hobgoblin","/c/en/small","/c/en/road","/c/en/arterial"],"weight":0.20832999999999952,"degrees":[226,72,2515,1871,100]},"num_concepts_raised":12717},{"base_id":101,"kind":"bot_words","i1":1,"i2":9,"sol":{"path":["/c/en/goblin","/c/en/now","/c/en/air","/c/en/aeration"],"weight":0.2111899999999995,"degrees":[226,1170,1965,118]},"num_concepts_raised":15691},{"base_id":101,"kind":"bot_words","i1":2,"i2":3,"sol":{"path":["/c/en/motorcade","/c/en/procession","/c/ru/поезд","/c/ru/багаж","/c/en/luggage"],"weight":0.2086299999999998,"degrees":[48,298,96,25,290]},"num_concepts_raised":18064},{"base_id":101,"kind":"bot_words","i1":2,"i2":4,"sol":{"path":["/c/en/motorcade","/c/en/procession","/c/en/collection","/c/en/europe","/c/en/macedonia","/c/en/macedon"],"weight":0.21048119999999976,"degrees":[48,298,967,765,314,30]},"num_concepts_raised":149621},{"base_id":101,"kind":"bot_words","i1":2,"i2":5,"sol":{"path":["/c/en/motorcade","/c/en/procession","/c/en/us","/c/en/sap"],"weight":0.21448999999999932,"degrees":[48,298,8154,454]},"num_concepts_raised":77055},{"base_id":101,"kind":"bot_words","i1":2,"i2":6,"sol":{"path":["/c/en/motorcade","/c/en/procession","/c/en/us","/c/en/drop","/c/en/plummet"],"weight":0.2074799999999999,"degrees":[48,298,8154,1915,113]},"num_concepts_raised":14060},{"base_id":101,"kind":"bot_words","i1":2,"i2":7,"sol":{"path":["/c/en/motorcade","/c/en/convoy","/c/en/company","/c/en/gallup"],"weight":0.20812999999999987,"degrees":[48,215,2258,33]},"num_concepts_raised":5757},{"base_id":101,"kind":"bot_words","i1":2,"i2":8,"sol":{"path":["/c/en/motorcade","/c/en/procession","/c/en/us","/c/en/road","/c/en/arterial"],"weight":0.2050099999999998,"degrees":[48,298,8154,1871,100]},"num_concepts_raised":4332},{"base_id":101,"kind":"bot_words","i1":2,"i2":9,"sol":{"path":["/c/en/motorcade","/c/en/procession","/c/en/process","/c/en/aeration"],"weight":0.21020999999999979,"degrees":[48,298,1571,118]},"num_concepts_raised":7363},{"base_id":101,"kind":"bot_words","i1":3,"i2":4,"sol":{"path":["/c/en/luggage","/c/en/train_station","/c/en/europe","/c/en/macedonia","/c/en/macedon"],"weight":0.20748999999999973,"degrees":[290,236,765,314,30]},"num_concepts_raised":18268},{"base_id":101,"kind":"bot_words","i1":3,"i2":5,"sol":{"path":["/c/en/luggage","/c/en/baggage","/c/en/military","/c/en/sap"],"weight":0.22225999999999912,"degrees":[290,264,5690,454]},"num_concepts_raised":91879},{"base_id":101,"kind":"bot_words","i1":3,"i2":6,"sol":{"path":["/c/en/luggage","/c/en/carry","/c/en/drop","/c/en/plummet"],"weight":0.20965999999999974,"degrees":[290,1539,1915,113]},"num_concepts_raised":30378},{"base_id":101,"kind":"bot_words","i1":3,"i2":7,"sol":{"path":["/c/en/luggage","/c/en/baggage","/c/en/military","/c/en/company","/c/en/gallup"],"weight":0.2148299999999997,"degrees":[290,264,5690,2258,33]},"num_concepts_raised":22561},{"base_id":101,"kind":"bot_words","i1":3,"i2":8,"sol":{"path":["/c/en/luggage","/c/en/a","/c/en/arterial"],"weight":0.202,"degrees":[290,1436,100]},"num_concepts_raised":315},{"base_id":101,"kind":"bot_words","i1":3,"i2":9,"sol":{"path":["/c/en/luggage","/c/en/case","/c/en/liquid","/c/en/aeration"],"weight":0.2124799999999996,"degrees":[290,1773,1778,118]},"num_concepts_raised":23980},{"base_id":101,"kind":"bot_words","i1":4,"i2":5,"sol":{"path":["/c/en/macedon","/c/en/macedonia","/c/en/europe","/c/fr/saper","/c/en/sap"],"weight":0.21852999999999928,"degrees":[30,314,765,153,454]},"num_concepts_raised":77279},{"base_id":101,"kind":"bot_words","i1":4,"i2":6,"sol":{"path":["/c/en/macedon","/c/fr/macédoine","/c/fr/livre","/c/de/lot","/c/en/plummet"],"weight":0.20603999999999983,"degrees":[30,193,1051,112,113]},"num_concepts_raised":14267},{"base_id":101,"kind":"bot_words","i1":4,"i2":7,"sol":{"path":["/c/en/macedon","/c/en/macedonia","/c/en/philippi","/c/en/county_seat","/c/en/gallup"],"weight":0.20909999999999984,"degrees":[30,314,73,2497,33]},"num_concepts_raised":5942},{"base_id":101,"kind":"bot_words","i1":4,"i2":8,"sol":{"path":["/c/en/macedon","/c/en/macedonia","/c/en/country","/c/en/road","/c/en/arterial"],"weight":0.20491999999999974,"degrees":[30,314,2796,1871,100]},"num_concepts_raised":4525},{"base_id":101,"kind":"bot_words","i1":4,"i2":9,"sol":{"path":["/c/en/macedon","/c/en/macedonia","/c/en/greek","/c/en/air","/c/en/aeration"],"weight":0.21013999999999972,"degrees":[30,314,647,1965,118]},"num_concepts_raised":7557},{"base_id":101,"kind":"bot_words","i1":5,"i2":6,"sol":{"path":["/c/en/sap","/c/en/slang","/c/en/drop","/c/en/plummet"],"weight":0.21878999999999926,"degrees":[454,16318,1915,113]},"num_concepts_raised":88514},{"base_id":101,"kind":"bot_words","i1":5,"i2":7,"sol":{"path":["/c/en/sap","/c/en/slang","/c/en/usa","/c/en/gallup"],"weight":0.22038999999999925,"degrees":[454,16318,2683,33]},"num_concepts_raised":81249},{"base_id":101,"kind":"bot_words","i1":5,"i2":8,"sol":{"path":["/c/en/sap","/c/en/blood","/c/en/artery","/c/en/arterial"],"weight":0.21645999999999915,"degrees":[454,2253,635,100]},"num_concepts_raised":79825},{"base_id":101,"kind":"bot_words","i1":5,"i2":9,"sol":{"path":["/c/en/sap","/c/en/liquid","/c/en/aeration"],"weight":0.20600000000000002,"degrees":[454,1778,118]},"num_concepts_raised":462},{"base_id":101,"kind":"bot_words","i1":6,"i2":7,"sol":{"path":["/c/en/plummet","/c/en/drop","/c/en/nautical","/c/en/company","/c/en/gallup"],"weight":0.2112499999999998,"degrees":[113,1915,5204,2258,33]},"num_concepts_raised":18593},{"base_id":101,"kind":"bot_words","i1":6,"i2":8,"sol":{"path":["/c/en/plummet","/c/en/line","/c/en/road","/c/en/arterial"],"weight":0.2047499999999997,"degrees":[113,3018,1871,100]},"num_concepts_raised":17092},{"base_id":101,"kind":"bot_words","i1":6,"i2":9,"sol":{"path":["/c/en/plummet","/c/en/drop","/c/en/liquid","/c/en/aeration"],"weight":0.21219999999999972,"degrees":[113,1915,1778,118]},"num_concepts_raised":20029},{"base_id":101,"kind":"bot_words","i1":7,"i2":8,"sol":{"path":["/c/en/gallup","/c/en/company","/c/en/body","/c/en/artery","/c/en/arterial"],"weight":0.20881999999999973,"degrees":[33,2258,3170,635,100]},"num_concepts_raised":8905},{"base_id":101,"kind":"bot_words","i1":7,"i2":9,"sol":{"path":["/c/en/gallup","/c/en/company","/c/en/wind","/c/en/air","/c/en/aeration"],"weight":0.2139599999999997,"degrees":[33,2258,2373,1965,118]},"num_concepts_raised":11941},{"base_id":101,"kind":"bot_words","i1":8,"i2":9,"sol":{"path":["/c/en/arterial","/c/en/a","/c/en/air","/c/en/aeration"],"weight":0.20973999999999965,"degrees":[100,1436,1965,118]},"num_concepts_raised":10468}],[{"base_id":101,"kind":"top_words","i1":0,"i2":1,"sol":{"path":["/c/en/freudian","/c/en/desire","/c/en/materialism","/c/en/materialist"],"weight":0.20610999999999982,"degrees":[76,1617,209,72]},"num_concepts_raised":5857},{"base_id":101,"kind":"top_words","i1":0,"i2":2,"sol":{"path":["/c/en/freudian","/c/en/follower","/c/en/hegelian"],"weight":0.202,"degrees":[76,476,71]},"num_concepts_raised":118},{"base_id":101,"kind":"top_words","i1":0,"i2":3,"sol":{"path":["/c/en/freudian","/c/en/psychoanalysis","/c/en/psychoanalytic"],"weight":0.203,"degrees":[76,314,33]},"num_concepts_raised":82},{"base_id":101,"kind":"top_words","i1":0,"i2":4,"sol":{"path":["/c/en/freudian","/c/en/metapsychology","/c/en/philosophy","/c/en/utilitarianism"],"weight":0.21043999999999996,"degrees":[76,20,2516,148]},"num_concepts_raised":7510},{"base_id":101,"kind":"top_words","i1":0,"i2":5,"sol":{"path":["/c/en/freudian","/c/en/freud"],"weight":0.20400000000000001,"degrees":[76,34]},"num_concepts_raised":87},{"base_id":101,"kind":"top_words","i1":0,"i2":6,"sol":{"path":["/c/en/freudian","/c/en/metapsychology","/c/en/principle","/c/en/deductive"],"weight":0.2038799999999999,"degrees":[76,20,753,66]},"num_concepts_raised":6793},{"base_id":101,"kind":"top_words","i1":0,"i2":7,"sol":{"path":["/c/en/freudian","/c/en/metapsychology","/c/en/principle","/c/en/theory"],"weight":0.21386999999999834,"degrees":[76,20,753,788]},"num_concepts_raised":74564},{"base_id":101,"kind":"top_words","i1":0,"i2":8,"sol":{"path":["/c/en/freudian","/c/en/dream","/c/en/delusion","/c/en/fallacy"],"weight":0.2051499999999996,"degrees":[76,1374,291,166]},"num_concepts_raised":11483},{"base_id":101,"kind":"top_words","i1":0,"i2":9,"sol":{"path":["/c/en/freudian","/c/en/dream","/c/en/idea","/c/en/dialectics"],"weight":0.20370999999999984,"degrees":[76,1374,1008,51]},"num_concepts_raised":9824},{"base_id":101,"kind":"top_words","i1":1,"i2":2,"sol":{"path":["/c/en/materialist","/c/en/materialism","/c/en/philosophy","/c/en/hegelian"],"weight":0.20636999999999983,"degrees":[72,209,2516,71]},"num_concepts_raised":4659},{"base_id":101,"kind":"top_words","i1":1,"i2":3,"sol":{"path":["/c/en/materialist","/c/en/materialistic","/c/en/philosophical","/c/en/analytic","/c/en/psychoanalytic"],"weight":0.20368999999999998,"degrees":[72,90,241,159,33]},"num_concepts_raised":2315},{"base_id":101,"kind":"top_words","i1":1,"i2":4,"sol":{"path":["/c/en/materialist","/c/en/materialism","/c/en/philosophy","/c/en/utilitarianism"],"weight":0.21261999999999998,"degrees":[72,209,2516,148]},"num_concepts_raised":5325},{"base_id":101,"kind":"top_words","i1":1,"i2":5,"sol":{"path":["/c/en/materialist","/c/en/materialism","/c/en/desire","/c/en/freudian","/c/en/freud"],"weight":0.20656999999999986,"degrees":[72,209,1617,76,34]},"num_concepts_raised":4989},{"base_id":101,"kind":"top_words","i1":1,"i2":6,"sol":{"path":["/c/en/materialist","/c/en/materialism","/c/en/philosophy","/c/en/logic","/c/en/deductive"],"weight":0.20722999999999991,"degrees":[72,209,2516,1412,66]},"num_concepts_raised":4636},{"base_id":101,"kind":"top_words","i1":1,"i2":7,"sol":{"path":["/c/en/materialist","/c/en/material","/c/en/law","/c/en/theory"],"weight":0.2161399999999984,"degrees":[72,1522,3727,788]},"num_concepts_raised":72506},{"base_id":101,"kind":"top_words","i1":1,"i2":8,"sol":{"path":["/c/en/materialist","/c/en/materialism","/c/en/philosophy","/c/en/sophism","/c/en/fallacy"],"weight":0.20918999999999963,"degrees":[72,209,2516,73,166]},"num_concepts_raised":9359},{"base_id":101,"kind":"top_words","i1":1,"i2":9,"sol":{"path":["/c/en/materialist","/c/en/materialism","/c/en/philosophy","/c/zh/辯證法","/c/en/dialectics"],"weight":0.20686999999999983,"degrees":[72,209,2516,6,51]},"num_concepts_raised":7688},{"base_id":101,"kind":"top_words","i1":2,"i2":3,"sol":{"path":["/c/en/hegelian","/c/en/philosophy","/c/en/analysis","/c/en/psychoanalysis","/c/en/psychoanalytic"],"weight":0.20487,"degrees":[71,2516,811,314,33]},"num_concepts_raised":3316},{"base_id":101,"kind":"top_words","i1":2,"i2":4,"sol":{"path":["/c/en/hegelian","/c/en/philosophy","/c/en/utilitarianism"],"weight":0.20400000000000001,"degrees":[71,2516,148]},"num_concepts_raised":151},{"base_id":101,"kind":"top_words","i1":2,"i2":5,"sol":{"path":["/c/en/hegelian","/c/en/follower","/c/en/freudian","/c/en/freud"],"weight":0.20444999999999985,"degrees":[71,476,76,34]},"num_concepts_raised":5942},{"base_id":101,"kind":"top_words","i1":2,"i2":6,"sol":{"path":["/c/en/hegelian","/c/en/philosophy","/c/en/logic","/c/en/deductive"],"weight":0.2053199999999999,"degrees":[71,2516,1412,66]},"num_concepts_raised":5523},{"base_id":101,"kind":"top_words","i1":2,"i2":7,"sol":{"path":["/c/en/hegelian","/c/en/philosophy","/c/en/axiom","/c/en/theory"],"weight":0.21677999999999836,"degrees":[71,2516,238,788]},"num_concepts_raised":73147},{"base_id":101,"kind":"top_words","i1":2,"i2":8,"sol":{"path":["/c/en/hegelian","/c/en/philosophy","/c/en/sophism","/c/en/fallacy"],"weight":0.20724999999999963,"degrees":[71,2516,73,166]},"num_concepts_raised":10271},{"base_id":101,"kind":"top_words","i1":2,"i2":9,"sol":{"path":["/c/en/hegelian","/c/en/philosophy","/c/zh/辯證法","/c/en/dialectics"],"weight":0.20492999999999986,"degrees":[71,2516,6,51]},"num_concepts_raised":8635},{"base_id":101,"kind":"top_words","i1":3,"i2":4,"sol":{"path":["/c/en/psychoanalytic","/c/en/psychopractice","/c/en/practice","/c/en/utilitarian","/c/en/utilitarianism"],"weight":0.2118500000000001,"degrees":[33,5,1380,118,148]},"num_concepts_raised":3986},{"base_id":101,"kind":"top_words","i1":3,"i2":5,"sol":{"path":["/c/en/psychoanalytic","/c/en/psychoanalysis","/c/en/freud"],"weight":0.203,"degrees":[33,314,34]},"num_concepts_raised":54},{"base_id":101,"kind":"top_words","i1":3,"i2":6,"sol":{"path":["/c/en/psychoanalytic","/c/en/analytic","/c/en/deductive"],"weight":0.203,"degrees":[33,159,66]},"num_concepts_raised":69},{"base_id":101,"kind":"top_words","i1":3,"i2":7,"sol":{"path":["/c/en/psychoanalytic","/c/en/psychotheoretical","/c/en/theory"],"weight":0.202,"degrees":[33,4,788]},"num_concepts_raised":680},{"base_id":101,"kind":"top_words","i1":3,"i2":8,"sol":{"path":["/c/en/psychoanalytic","/c/en/analytic","/c/en/logic","/c/en/fallacy"],"weight":0.20457999999999976,"degrees":[33,159,1412,166]},"num_concepts_raised":7983},{"base_id":101,"kind":"top_words","i1":3,"i2":9,"sol":{"path":["/c/en/psychoanalytic","/c/en/psychoanalysis","/c/en/introjection","/c/en/idea","/c/en/dialectics"],"weight":0.20423999999999998,"degrees":[33,314,20,1008,51]},"num_concepts_raised":6323},{"base_id":101,"kind":"top_words","i1":4,"i2":5,"sol":{"path":["/c/en/utilitarianism","/c/en/deontology","/c/en/logy","/c/en/psychology","/c/en/freud"],"weight":0.21178,"degrees":[148,41,543,1520,34]},"num_concepts_raised":6614},{"base_id":101,"kind":"top_words","i1":4,"i2":6,"sol":{"path":["/c/en/utilitarianism","/c/en/philosophy","/c/en/logic","/c/en/deductive"],"weight":0.21155000000000002,"degrees":[148,2516,1412,66]},"num_concepts_raised":6165},{"base_id":101,"kind":"top_words","i1":4,"i2":7,"sol":{"path":["/c/en/utilitarianism","/c/en/utilitarian","/c/en/practice","/c/en/theory"],"weight":0.2232799999999985,"degrees":[148,118,1380,788]},"num_concepts_raised":73633},{"base_id":101,"kind":"top_words","i1":4,"i2":8,"sol":{"path":["/c/en/utilitarianism","/c/en/philosophy","/c/en/sophism","/c/en/fallacy"],"weight":0.21348999999999974,"degrees":[148,2516,73,166]},"num_concepts_raised":10927},{"base_id":101,"kind":"top_words","i1":4,"i2":9,"sol":{"path":["/c/en/utilitarianism","/c/en/philosophy","/c/zh/辯證法","/c/en/dialectics"],"weight":0.21116999999999997,"degrees":[148,2516,6,51]},"num_concepts_raised":9290},{"base_id":101,"kind":"top_words","i1":5,"i2":6,"sol":{"path":["/c/en/freud","/c/en/psychoanalysis","/c/en/analysis","/c/en/logic","/c/en/deductive"],"weight":0.2046099999999999,"degrees":[34,314,811,1412,66]},"num_concepts_raised":5924},{"base_id":101,"kind":"top_words","i1":5,"i2":7,"sol":{"path":["/c/en/freud","/c/en/psychology","/c/en/structuralism","/c/en/theory"],"weight":0.2131399999999984,"degrees":[34,1520,119,788]},"num_concepts_raised":73736},{"base_id":101,"kind":"top_words","i1":5,"i2":8,"sol":{"path":["/c/en/freud","/c/en/dream","/c/en/delusion","/c/en/fallacy"],"weight":0.20455999999999963,"degrees":[34,1374,291,166]},"num_concepts_raised":10621},{"base_id":101,"kind":"top_words","i1":5,"i2":9,"sol":{"path":["/c/en/freud","/c/en/dream","/c/en/idea","/c/en/dialectics"],"weight":0.20310999999999985,"degrees":[34,1374,1008,51]},"num_concepts_raised":8969},{"base_id":101,"kind":"top_words","i1":6,"i2":7,"sol":{"path":["/c/en/deductive","/c/en/logic","/c/en/theory"],"weight":0.203,"degrees":[66,1412,788]},"num_concepts_raised":704},{"base_id":101,"kind":"top_words","i1":6,"i2":8,"sol":{"path":["/c/en/deductive","/c/en/logic","/c/en/fallacy"],"weight":0.203,"degrees":[66,1412,166]},"num_concepts_raised":186},{"base_id":101,"kind":"top_words","i1":6,"i2":9,"sol":{"path":["/c/en/deductive","/c/en/logic","/c/en/contradiction","/c/en/dialectics"],"weight":0.2047099999999999,"degrees":[66,1412,261,51]},"num_concepts_raised":8509},{"base_id":101,"kind":"top_words","i1":7,"i2":8,"sol":{"path":["/c/en/theory","/c/en/logic","/c/en/fallacy"],"weight":0.202,"degrees":[788,1412,166]},"num_concepts_raised":797},{"base_id":101,"kind":"top_words","i1":7,"i2":9,"sol":{"path":["/c/en/theory","/c/en/idea","/c/en/dialectics"],"weight":0.202,"degrees":[788,1008,51]},"num_concepts_raised":698},{"base_id":101,"kind":"top_words","i1":8,"i2":9,"sol":{"path":["/c/en/fallacy","/c/en/argument","/c/en/dialectics"],"weight":0.202,"degrees":[166,881,51]},"num_concepts_raised":179}]]