[[{"base_id":717,"kind":"bot_words","i1":0,"i2":1,"sol":{"path":["/c/en/hilderic","/c/en/king","/c/en/uk","/c/en/tent","/c/en/camping"],"weight":0.21052999999999972,"degrees":[34,1642,5562,648,152]},"num_concepts_raised":22654},{"base_id":717,"kind":"bot_words","i1":0,"i2":2,"sol":{"path":["/c/en/hilderic","/c/en/king","/c/en/cards","/c/en/trump"],"weight":0.21245999999999954,"degrees":[34,1642,358,292]},"num_concepts_raised":69238},{"base_id":717,"kind":"bot_words","i1":0,"i2":3,"sol":{"path":["/c/en/hilderic","/c/en/person","/c/en/baal_shem_tov","/c/en/baal"],"weight":0.22086999999999973,"degrees":[34,12935,40,157]},"num_concepts_raised":41088},{"base_id":717,"kind":"bot_words","i1":0,"i2":4,"sol":{"path":["/c/en/hilderic","/c/en/king","/c/en/power","/c/en/political_party","/c/en/legitimists"],"weight":0.21277999999999977,"degrees":[34,1642,2205,571,26]},"num_concepts_raised":14082},{"base_id":717,"kind":"bot_words","i1":0,"i2":5,"sol":{"path":["/c/en/hilderic","/c/en/person","/c/en/move","/c/en/displace"],"weight":0.21725999999999945,"degrees":[34,12935,2810,193]},"num_concepts_raised":36255},{"base_id":717,"kind":"bot_words","i1":0,"i2":6,"sol":{"path":["/c/en/hilderic","/c/en/person","/c/en/nana"],"weight":0.20600000000000002,"degrees":[34,12935,109]},"num_concepts_raised":112},{"base_id":717,"kind":"bot_words","i1":0,"i2":7,"sol":{"path":["/c/en/hilderic","/c/en/person","/c/en/eponymous"],"weight":0.20400000000000001,"degrees":[34,12935,60]},"num_concepts_raised":80},{"base_id":717,"kind":"bot_words","i1":0,"i2":8,"sol":{"path":["/c/en/hilderic","/c/en/person","/c/en/mon","/c/en/ron"],"weight":0.20889999999999986,"degrees":[34,12935,70,31]},"num_concepts_raised":30972},{"base_id":717,"kind":"bot_words","i1":0,"i2":9,"sol":{"path":["/c/en/hilderic","/c/en/person","/c/en/water","/c/en/liquid","/c/en/instillation"],"weight":0.2077699999999998,"degrees":[34,12935,4606,1778,26]},"num_concepts_raised":15409},{"base_id":717,"kind":"bot_words","i1":1,"i2":2,"sol":{"path":["/c/en/camping","/c/en/tent","/c/en/uk","/c/en/trump"],"weight":0.2097399999999995,"degrees":[152,648,5562,292]},"num_concepts_raised":65074},{"base_id":717,"kind":"bot_words","i1":1,"i2":3,"sol":{"path":["/c/en/camping","/c/en/camp","/c/en/play","/c/en/baal"],"weight":0.2158499999999997,"degrees":[152,1077,3092,157]},"num_concepts_raised":37084},{"base_id":717,"kind":"bot_words","i1":1,"i2":4,"sol":{"path":["/c/en/camping","/c/en/tent","/c/en/structure","/c/en/political_party","/c/en/legitimists"],"weight":0.21037999999999973,"degrees":[152,648,1619,571,26]},"num_concepts_raised":9792},{"base_id":717,"kind":"bot_words","i1":1,"i2":5,"sol":{"path":["/c/en/camping","/c/en/fire","/c/en/displace"],"weight":0.20400000000000001,"degrees":[152,2829,193]},"num_concepts_raised":280},{"base_id":717,"kind":"bot_words","i1":1,"i2":6,"sol":{"path":["/c/en/camping","/c/en/fire","/c/en/slang","/c/en/nana"],"weight":0.2099299999999995,"degrees":[152,2829,16318,109]},"num_concepts_raised":42788},{"base_id":717,"kind":"bot_words","i1":1,"i2":7,"sol":{"path":["/c/en/camping","/c/en/activity","/c/fr/œuvre","/c/fr/éponyme","/c/en/eponymous"],"weight":0.20689999999999975,"degrees":[152,1154,512,51,60]},"num_concepts_raised":22649},{"base_id":717,"kind":"bot_words","i1":1,"i2":8,"sol":{"path":["/c/en/camping","/c/en/fire","/c/en/slang","/c/en/ron"],"weight":0.20442999999999983,"degrees":[152,2829,16318,31]},"num_concepts_raised":26822},{"base_id":717,"kind":"bot_words","i1":1,"i2":9,"sol":{"path":["/c/en/camping","/c/en/lake","/c/en/liquid","/c/en/instillation"],"weight":0.20425999999999978,"degrees":[152,1347,1778,26]},"num_concepts_raised":11079},{"base_id":717,"kind":"bot_words","i1":2,"i2":3,"sol":{"path":["/c/en/trump","/c/en/play","/c/en/baal"],"weight":0.20600000000000002,"degrees":[292,3092,157]},"num_concepts_raised":342},{"base_id":717,"kind":"bot_words","i1":2,"i2":4,"sol":{"path":["/c/en/trump","/c/en/slang","/c/en/party","/c/en/political_party","/c/en/legitimists"],"weight":0.21215999999999957,"degrees":[292,16318,2057,571,26]},"num_concepts_raised":57258},{"base_id":717,"kind":"bot_words","i1":2,"i2":5,"sol":{"path":["/c/en/trump","/c/en/move","/c/en/displace"],"weight":0.20500000000000002,"degrees":[292,2810,193]},"num_concepts_raised":384},{"base_id":717,"kind":"bot_words","i1":2,"i2":6,"sol":{"path":["/c/en/trump","/c/en/slang","/c/en/nana"],"weight":0.20500000000000002,"degrees":[292,16318,109]},"num_concepts_raised":305},{"base_id":717,"kind":"bot_words","i1":2,"i2":7,"sol":{"path":["/c/en/trump","/c/ja/切る","/c/en/person","/c/en/eponymous"],"weight":0.2075199999999996,"degrees":[292,320,12935,60]},"num_concepts_raised":69373},{"base_id":717,"kind":"bot_words","i1":2,"i2":8,"sol":{"path":["/c/en/trump","/c/en/slang","/c/en/ron"],"weight":0.203,"degrees":[292,16318,31]},"num_concepts_raised":252},{"base_id":717,"kind":"bot_words","i1":2,"i2":9,"sol":{"path":["/c/en/trump","/c/en/drum","/c/en/liquid","/c/en/instillation"],"weight":0.2061299999999996,"degrees":[292,885,1778,26]},"num_concepts_raised":58459},{"base_id":717,"kind":"bot_words","i1":3,"i2":4,"sol":{"path":["/c/en/baal","/c/en/bel","/c/en/power","/c/en/political_party","/c/en/legitimists"],"weight":0.22070999999999977,"degrees":[157,75,2205,571,26]},"num_concepts_raised":28735},{"base_id":717,"kind":"bot_words","i1":3,"i2":5,"sol":{"path":["/c/en/baal","/c/en/play","/c/en/move","/c/en/displace"],"weight":0.22313999999999945,"degrees":[157,3092,2810,193]},"num_concepts_raised":50765},{"base_id":717,"kind":"bot_words","i1":3,"i2":6,"sol":{"path":["/c/en/baal","/c/en/baal_shem_tov","/c/en/person","/c/en/nana"],"weight":0.22140999999999955,"degrees":[157,40,12935,109]},"num_concepts_raised":60434},{"base_id":717,"kind":"bot_words","i1":3,"i2":7,"sol":{"path":["/c/en/baal","/c/en/baal_shem_tov","/c/en/person","/c/en/eponymous"],"weight":0.21630999999999978,"degrees":[157,40,12935,60]},"num_concepts_raised":41135},{"base_id":717,"kind":"bot_words","i1":3,"i2":8,"sol":{"path":["/c/en/baal","/c/en/bel","/c/en/given_name","/c/en/ron"],"weight":0.21577999999999986,"degrees":[157,75,1247,31]},"num_concepts_raised":44969},{"base_id":717,"kind":"bot_words","i1":3,"i2":9,"sol":{"path":["/c/en/baal","/c/en/local","/c/en/medicine","/c/it/instillazione","/c/en/instillation"],"weight":0.2145499999999998,"degrees":[157,710,11938,10,26]},"num_concepts_raised":30042},{"base_id":717,"kind":"bot_words","i1":4,"i2":5,"sol":{"path":["/c/en/legitimists","/c/en/political_party","/c/en/attack","/c/en/move","/c/en/displace"],"weight":0.21713999999999947,"degrees":[26,571,1799,2810,193]},"num_concepts_raised":23881},{"base_id":717,"kind":"bot_words","i1":4,"i2":6,"sol":{"path":["/c/en/legitimists","/c/en/political_party","/c/en/party","/c/en/person","/c/en/nana"],"weight":0.21331999999999957,"degrees":[26,571,2057,12935,109]},"num_concepts_raised":34547},{"base_id":717,"kind":"bot_words","i1":4,"i2":7,"sol":{"path":["/c/en/legitimists","/c/en/political_party","/c/en/government","/c/en/person","/c/en/eponymous"],"weight":0.20819999999999983,"degrees":[26,571,2046,12935,60]},"num_concepts_raised":14080},{"base_id":717,"kind":"bot_words","i1":4,"i2":8,"sol":{"path":["/c/en/legitimists","/c/en/political_party","/c/en/party","/c/en/slang","/c/en/ron"],"weight":0.20777999999999988,"degrees":[26,571,2057,16318,31]},"num_concepts_raised":18337},{"base_id":717,"kind":"bot_words","i1":4,"i2":9,"sol":{"path":["/c/en/legitimists","/c/en/political_party","/c/en/bath","/c/en/liquid","/c/en/instillation"],"weight":0.20764999999999983,"degrees":[26,571,636,1778,26]},"num_concepts_raised":2354},{"base_id":717,"kind":"bot_words","i1":5,"i2":6,"sol":{"path":["/c/en/displace","/c/en/move","/c/en/person","/c/en/nana"],"weight":0.21779999999999927,"degrees":[193,2810,12935,109]},"num_concepts_raised":56064},{"base_id":717,"kind":"bot_words","i1":5,"i2":7,"sol":{"path":["/c/en/displace","/c/en/move","/c/en/person","/c/en/eponymous"],"weight":0.2126999999999995,"degrees":[193,2810,12935,60]},"num_concepts_raised":36247},{"base_id":717,"kind":"bot_words","i1":5,"i2":8,"sol":{"path":["/c/en/displace","/c/en/move","/c/en/automotive","/c/en/ron"],"weight":0.21220999999999957,"degrees":[193,2810,697,31]},"num_concepts_raised":40593},{"base_id":717,"kind":"bot_words","i1":5,"i2":9,"sol":{"path":["/c/en/displace","/c/en/water","/c/en/liquid","/c/en/instillation"],"weight":0.20962999999999954,"degrees":[193,4606,1778,26]},"num_concepts_raised":24967},{"base_id":717,"kind":"bot_words","i1":6,"i2":7,"sol":{"path":["/c/en/nana","/c/en/person","/c/en/eponymous"],"weight":0.20400000000000001,"degrees":[109,12935,60]},"num_concepts_raised":127},{"base_id":717,"kind":"bot_words","i1":6,"i2":8,"sol":{"path":["/c/en/nana","/c/en/slang","/c/en/ron"],"weight":0.20400000000000001,"degrees":[109,16318,31]},"num_concepts_raised":106},{"base_id":717,"kind":"bot_words","i1":6,"i2":9,"sol":{"path":["/c/en/nana","/c/en/slang","/c/en/medicine","/c/it/instillazione","/c/en/instillation"],"weight":0.2092499999999996,"degrees":[109,16318,11938,10,26]},"num_concepts_raised":35797},{"base_id":717,"kind":"bot_words","i1":7,"i2":8,"sol":{"path":["/c/en/eponymous","/c/en/person","/c/en/mon","/c/en/ron"],"weight":0.2043399999999999,"degrees":[60,12935,70,31]},"num_concepts_raised":30984},{"base_id":717,"kind":"bot_words","i1":7,"i2":9,"sol":{"path":["/c/en/eponymous","/c/en/person","/c/en/water","/c/en/liquid","/c/en/instillation"],"weight":0.20320999999999984,"degrees":[60,12935,4606,1778,26]},"num_concepts_raised":15407},{"base_id":717,"kind":"bot_words","i1":8,"i2":9,"sol":{"path":["/c/en/ron","/c/en/heroin","/c/en/dope","/c/en/liquid","/c/en/instillation"],"weight":0.2037799999999999,"degrees":[31,315,205,1778,26]},"num_concepts_raised":19609}],[{"base_id":717,"kind":"top_words","i1":0,"i2":1,"sol":{"path":["/c/en/indecently","/c/en/indecent","/c/en/dirty","/c/en/computing","/c/en/gigabyte"],"weight":0.20528,"degrees":[33,231,1239,9084,110]},"num_concepts_raised":10665},{"base_id":717,"kind":"top_words","i1":0,"i2":2,"sol":{"path":["/c/en/indecently","/c/en/indecent","/c/en/dirty","/c/en/slang","/c/en/jostle"],"weight":0.2057599999999996,"degrees":[33,231,1239,16318,200]},"num_concepts_raised":29291},{"base_id":717,"kind":"top_words","i1":0,"i2":3,"sol":{"path":["/c/en/indecently","/c/en/indecent","/c/en/moral","/c/en/point","/c/en/perihelion"],"weight":0.20493000000000008,"degrees":[33,231,587,2624,101]},"num_concepts_raised":13973},{"base_id":717,"kind":"top_words","i1":0,"i2":4,"sol":{"path":["/c/en/indecently","/c/en/indecent","/c/zh/下流","/c/en/river","/c/en/blaise"],"weight":0.20890999999999987,"degrees":[33,231,28,2945,40]},"num_concepts_raised":3130},{"base_id":717,"kind":"top_words","i1":0,"i2":5,"sol":{"path":["/c/en/indecently","/c/en/indecent","/c/en/taste","/c/en/food","/c/en/injera"],"weight":0.20928999999999992,"degrees":[33,231,1479,4281,61]},"num_concepts_raised":7437},{"base_id":717,"kind":"top_words","i1":0,"i2":6,"sol":{"path":["/c/en/indecently","/c/en/indecent","/c/en/dirty","/c/en/person","/c/en/djiboutian","/c/en/djibouti"],"weight":0.2284543000000001,"degrees":[33,231,1239,12935,46,257]},"num_concepts_raised":693331},{"base_id":717,"kind":"top_words","i1":0,"i2":7,"sol":{"path":["/c/en/indecently","/c/en/indecent","/c/sco/roch","/c/en/rank","/c/en/protein","/c/en/microtubule"],"weight":0.2087846999999995,"degrees":[33,231,38,1403,3124,78]},"num_concepts_raised":145850},{"base_id":717,"kind":"top_words","i1":0,"i2":8,"sol":{"path":["/c/en/indecently","/c/en/indecent","/c/en/value","/c/en/tail","/c/en/vertebrate"],"weight":0.21347999999999914,"degrees":[33,231,1699,1214,405]},"num_concepts_raised":51136},{"base_id":717,"kind":"top_words","i1":0,"i2":9,"sol":{"path":["/c/en/indecently","/c/en/indecent","/c/en/conventional","/c/en/heart","/c/en/defibrillation"],"weight":0.20381999999999992,"degrees":[33,231,309,1857,33]},"num_concepts_raised":4378},{"base_id":717,"kind":"top_words","i1":1,"i2":2,"sol":{"path":["/c/en/gigabyte","/c/en/computing","/c/en/push","/c/en/jostle"],"weight":0.2078499999999996,"degrees":[110,9084,1123,200]},"num_concepts_raised":38754},{"base_id":717,"kind":"top_words","i1":1,"i2":3,"sol":{"path":["/c/en/gigabyte","/c/en/computing","/c/en/point","/c/en/perihelion"],"weight":0.2054100000000001,"degrees":[110,9084,2624,101]},"num_concepts_raised":23854},{"base_id":717,"kind":"top_words","i1":1,"i2":4,"sol":{"path":["/c/en/gigabyte","/c/en/gb","/c/en/wisconsin","/c/en/river","/c/en/blaise"],"weight":0.21137999999999985,"degrees":[110,54,629,2945,40]},"num_concepts_raised":13149},{"base_id":717,"kind":"top_words","i1":1,"i2":5,"sol":{"path":["/c/en/gigabyte","/c/en/byte","/c/en/tidbit","/c/en/food","/c/en/injera"],"weight":0.21070999999999993,"degrees":[110,328,49,4281,61]},"num_concepts_raised":17430},{"base_id":717,"kind":"top_words","i1":1,"i2":6,"sol":{"path":["/c/en/gigabyte","/c/en/gb","/c/en/usa","/c/fr/pays","/c/en/djibouti"],"weight":0.21914000000000022,"degrees":[110,54,2683,5104,257]},"num_concepts_raised":23549},{"base_id":717,"kind":"top_words","i1":1,"i2":7,"sol":{"path":["/c/en/gigabyte","/c/en/byte","/c/en/sequence","/c/en/protein","/c/en/microtubule"],"weight":0.20593999999999987,"degrees":[110,328,807,3124,78]},"num_concepts_raised":13587},{"base_id":717,"kind":"top_words","i1":1,"i2":8,"sol":{"path":["/c/en/gigabyte","/c/en/gig","/c/en/fish","/c/en/vertebrate"],"weight":0.21711999999999915,"degrees":[110,250,4424,405]},"num_concepts_raised":60871},{"base_id":717,"kind":"top_words","i1":1,"i2":9,"sol":{"path":["/c/en/gigabyte","/c/en/computing","/c/en/restore","/c/en/defibrillation"],"weight":0.2042499999999999,"degrees":[110,9084,495,33]},"num_concepts_raised":14367},{"base_id":717,"kind":"top_words","i1":2,"i2":3,"sol":{"path":["/c/en/jostle","/c/en/elbow","/c/en/point","/c/en/perihelion"],"weight":0.2070099999999997,"degrees":[200,690,2624,101]},"num_concepts_raised":42305},{"base_id":717,"kind":"top_words","i1":2,"i2":4,"sol":{"path":["/c/en/jostle","/c/en/slang","/c/en/blaze","/c/en/blaise"],"weight":0.20986999999999945,"degrees":[200,16318,360,40]},"num_concepts_raised":31696},{"base_id":717,"kind":"top_words","i1":2,"i2":5,"sol":{"path":["/c/en/jostle","/c/en/slang","/c/en/bread","/c/en/injera"],"weight":0.21024999999999952,"degrees":[200,16318,1741,61]},"num_concepts_raised":35755},{"base_id":717,"kind":"top_words","i1":2,"i2":6,"sol":{"path":["/c/en/jostle","/c/en/crowd","/c/en/city","/c/en/djibouti"],"weight":0.2175599999999998,"degrees":[200,1238,3758,257]},"num_concepts_raised":42011},{"base_id":717,"kind":"top_words","i1":2,"i2":7,"sol":{"path":["/c/en/jostle","/c/en/elbow","/c/en/pipe","/c/en/tubule","/c/en/microtubule"],"weight":0.20744999999999947,"degrees":[200,690,1039,79,78]},"num_concepts_raised":32217},{"base_id":717,"kind":"top_words","i1":2,"i2":8,"sol":{"path":["/c/en/jostle","/c/en/slang","/c/en/animal","/c/en/vertebrate"],"weight":0.21725999999999873,"degrees":[200,16318,3735,405]},"num_concepts_raised":78557},{"base_id":717,"kind":"top_words","i1":2,"i2":9,"sol":{"path":["/c/en/jostle","/c/en/push","/c/en/contraction","/c/en/defibrillation"],"weight":0.2063299999999995,"degrees":[200,1123,374,33]},"num_concepts_raised":32781},{"base_id":717,"kind":"top_words","i1":3,"i2":4,"sol":{"path":["/c/en/perihelion","/c/en/sun","/c/en/body","/c/en/river","/c/en/blaise"],"weight":0.21027999999999997,"degrees":[101,1994,3170,2945,40]},"num_concepts_raised":16426},{"base_id":717,"kind":"top_words","i1":3,"i2":5,"sol":{"path":["/c/en/perihelion","/c/en/sun","/c/en/body","/c/en/food","/c/en/injera"],"weight":0.21067000000000002,"degrees":[101,1994,3170,4281,61]},"num_concepts_raised":20733},{"base_id":717,"kind":"top_words","i1":3,"i2":6,"sol":{"path":["/c/en/perihelion","/c/en/sun","/c/en/earth","/c/fr/pays","/c/en/djibouti"],"weight":0.2181000000000003,"degrees":[101,1994,2336,5104,257]},"num_concepts_raised":26793},{"base_id":717,"kind":"top_words","i1":3,"i2":7,"sol":{"path":["/c/en/perihelion","/c/en/sun","/c/en/energy","/c/en/protein","/c/en/microtubule"],"weight":0.20588999999999996,"degrees":[101,1994,1631,3124,78]},"num_concepts_raised":16899},{"base_id":717,"kind":"top_words","i1":3,"i2":8,"sol":{"path":["/c/en/perihelion","/c/en/astronomy","/c/en/fish","/c/en/vertebrate"],"weight":0.21640999999999924,"degrees":[101,4553,4424,405]},"num_concepts_raised":63995},{"base_id":717,"kind":"top_words","i1":3,"i2":9,"sol":{"path":["/c/en/perihelion","/c/en/sun","/c/en/body","/c/en/heart","/c/en/defibrillation"],"weight":0.20519,"degrees":[101,1994,3170,1857,33]},"num_concepts_raised":17672},{"base_id":717,"kind":"top_words","i1":4,"i2":5,"sol":{"path":["/c/en/blaise","/c/en/river","/c/en/grain","/c/en/teff","/c/en/injera"],"weight":0.2154399999999998,"degrees":[40,2945,1334,35,61]},"num_concepts_raised":9927},{"base_id":717,"kind":"top_words","i1":4,"i2":6,"sol":{"path":["/c/en/blaise","/c/en/river","/c/en/country","/c/en/djibouti"],"weight":0.22063000000000008,"degrees":[40,2945,2796,257]},"num_concepts_raised":16022},{"base_id":717,"kind":"top_words","i1":4,"i2":7,"sol":{"path":["/c/en/blaise","/c/en/river","/c/en/structure","/c/en/cytoskeleton","/c/en/microtubule"],"weight":0.20953999999999973,"degrees":[40,2945,1619,129,78]},"num_concepts_raised":6073},{"base_id":717,"kind":"top_words","i1":4,"i2":8,"sol":{"path":["/c/en/blaise","/c/en/river","/c/en/fish","/c/en/vertebrate"],"weight":0.220009999999999,"degrees":[40,2945,4424,405]},"num_concepts_raised":53510},{"base_id":717,"kind":"top_words","i1":4,"i2":9,"sol":{"path":["/c/en/blaise","/c/en/river","/c/en/rapid","/c/en/fibrillation","/c/en/defibrillation"],"weight":0.20896999999999977,"degrees":[40,2945,455,61,33]},"num_concepts_raised":6880},{"base_id":717,"kind":"top_words","i1":5,"i2":6,"sol":{"path":["/c/en/injera","/c/en/eritrea","/c/fr/pays","/c/en/djibouti"],"weight":0.22121000000000013,"degrees":[61,271,5104,257]},"num_concepts_raised":20243},{"base_id":717,"kind":"top_words","i1":5,"i2":7,"sol":{"path":["/c/en/injera","/c/en/food","/c/en/protein","/c/en/microtubule"],"weight":0.2090599999999998,"degrees":[61,4281,3124,78]},"num_concepts_raised":10362},{"base_id":717,"kind":"top_words","i1":5,"i2":8,"sol":{"path":["/c/en/injera","/c/en/food","/c/en/animal","/c/en/vertebrate"],"weight":0.2207799999999991,"degrees":[61,4281,3735,405]},"num_concepts_raised":57583},{"base_id":717,"kind":"top_words","i1":5,"i2":9,"sol":{"path":["/c/en/injera","/c/en/food","/c/en/blood","/c/en/heart","/c/en/defibrillation"],"weight":0.20836999999999983,"degrees":[61,4281,2253,1857,33]},"num_concepts_raised":11178},{"base_id":717,"kind":"top_words","i1":6,"i2":7,"sol":{"path":["/c/en/djibouti","/c/en/city","/c/en/structure","/c/en/cytoskeleton","/c/en/microtubule"],"weight":0.21705000000000008,"degrees":[257,3758,1619,129,78]},"num_concepts_raised":16546},{"base_id":717,"kind":"top_words","i1":6,"i2":8,"sol":{"path":["/c/en/djibouti","/c/en/country","/c/en/horse","/c/en/vertebrate"],"weight":0.22528999999999938,"degrees":[257,2796,3068,405]},"num_concepts_raised":63791},{"base_id":717,"kind":"top_words","i1":6,"i2":9,"sol":{"path":["/c/en/djibouti","/c/en/djiboutian","/c/en/person","/c/en/heart","/c/en/defibrillation"],"weight":0.21746000000000015,"degrees":[257,46,12935,1857,33]},"num_concepts_raised":17332},{"base_id":717,"kind":"top_words","i1":7,"i2":8,"sol":{"path":["/c/en/microtubule","/c/en/protein","/c/en/fish","/c/en/vertebrate"],"weight":0.21572999999999903,"degrees":[78,3124,4424,405]},"num_concepts_raised":53862},{"base_id":717,"kind":"top_words","i1":7,"i2":9,"sol":{"path":["/c/en/microtubule","/c/en/cytoskeleton","/c/en/cell","/c/en/heart","/c/en/defibrillation"],"weight":0.20448999999999978,"degrees":[78,129,2433,1857,33]},"num_concepts_raised":7313},{"base_id":717,"kind":"top_words","i1":8,"i2":9,"sol":{"path":["/c/en/vertebrate","/c/en/animal","/c/en/heart","/c/en/defibrillation"],"weight":0.21529999999999905,"degrees":[405,3735,1857,33]},"num_concepts_raised":54515}]]