[[{"base_id":977,"kind":"bot_words","i1":0,"i2":1,"sol":{"path":["/c/en/originating","/c/en/originate","/c/en/make","/c/en/promotion","/c/en/preferment"],"weight":0.20389999999999975,"degrees":[39,395,3395,444,39]},"num_concepts_raised":19036},{"base_id":977,"kind":"bot_words","i1":0,"i2":2,"sol":{"path":["/c/en/originating","/c/en/pathogenicity","/c/en/disease","/c/en/leprosy"],"weight":0.21772000000000008,"degrees":[39,16,4216,383]},"num_concepts_raised":24496},{"base_id":977,"kind":"bot_words","i1":0,"i2":3,"sol":{"path":["/c/en/originating","/c/en/originate","/c/en/make","/c/en/sugar","/c/en/jaggery"],"weight":0.20542999999999978,"degrees":[39,395,3395,1902,67]},"num_concepts_raised":5497},{"base_id":977,"kind":"bot_words","i1":0,"i2":4,"sol":{"path":["/c/en/originating","/c/en/originate","/c/en/origin","/c/en/mathematics","/c/en/nth"],"weight":0.20525999999999978,"degrees":[39,395,981,7601,56]},"num_concepts_raised":10144},{"base_id":977,"kind":"bot_words","i1":0,"i2":5,"sol":{"path":["/c/en/originating","/c/en/originate","/c/en/produce","/c/en/food","/c/en/lassi"],"weight":0.20948999999999984,"degrees":[39,395,1319,4281,65]},"num_concepts_raised":15102},{"base_id":977,"kind":"bot_words","i1":0,"i2":6,"sol":{"path":["/c/en/originating","/c/ja/そし","/c/en/religious","/c/en/unction","/c/en/anointing"],"weight":0.20392999999999978,"degrees":[39,40,1068,68,39]},"num_concepts_raised":3406},{"base_id":977,"kind":"bot_words","i1":0,"i2":7,"sol":{"path":["/c/en/originating","/c/en/destinating","/c/en/us","/c/en/moose","/c/en/elk"],"weight":0.2166599999999993,"degrees":[39,8,8154,357,256]},"num_concepts_raised":12788},{"base_id":977,"kind":"bot_words","i1":0,"i2":8,"sol":{"path":["/c/en/originating","/c/en/originate","/c/en/set","/c/en/conspiracy","/c/en/conspiratorial"],"weight":0.2052699999999999,"degrees":[39,395,2628,342,51]},"num_concepts_raised":1912},{"base_id":977,"kind":"bot_words","i1":0,"i2":9,"sol":{"path":["/c/en/originating","/c/en/originate","/c/ja/由来","/c/en/history","/c/en/indology"],"weight":0.20923999999999982,"degrees":[39,395,48,1864,56]},"num_concepts_raised":11003},{"base_id":977,"kind":"bot_words","i1":1,"i2":2,"sol":{"path":["/c/en/preferment","/c/en/office","/c/en/house","/c/en/leprosy"],"weight":0.2134700000000001,"degrees":[39,1568,3114,383]},"num_concepts_raised":40434},{"base_id":977,"kind":"bot_words","i1":1,"i2":3,"sol":{"path":["/c/en/preferment","/c/en/historical","/c/en/asia","/c/en/jaggery"],"weight":0.2032199999999998,"degrees":[39,8415,805,67]},"num_concepts_raised":21924},{"base_id":977,"kind":"bot_words","i1":1,"i2":4,"sol":{"path":["/c/en/preferment","/c/en/prefer","/c/en/law","/c/en/mathematics","/c/en/nth"],"weight":0.2052599999999998,"degrees":[39,304,3727,7601,56]},"num_concepts_raised":26448},{"base_id":977,"kind":"bot_words","i1":1,"i2":5,"sol":{"path":["/c/en/preferment","/c/en/office","/c/en/water","/c/en/lassi"],"weight":0.20846999999999985,"degrees":[39,1568,4606,65]},"num_concepts_raised":31357},{"base_id":977,"kind":"bot_words","i1":1,"i2":6,"sol":{"path":["/c/en/preferment","/c/en/historical","/c/en/anoint","/c/en/anointing"],"weight":0.20285999999999982,"degrees":[39,8415,200,39]},"num_concepts_raised":19819},{"base_id":977,"kind":"bot_words","i1":1,"i2":7,"sol":{"path":["/c/en/preferment","/c/en/right","/c/en/british","/c/en/elk"],"weight":0.21039999999999937,"degrees":[39,2319,3452,256]},"num_concepts_raised":28942},{"base_id":977,"kind":"bot_words","i1":1,"i2":8,"sol":{"path":["/c/en/preferment","/c/en/right","/c/fr/droit","/c/en/conspiracy","/c/en/conspiratorial"],"weight":0.2043599999999999,"degrees":[39,2319,4052,342,51]},"num_concepts_raised":18406},{"base_id":977,"kind":"bot_words","i1":1,"i2":9,"sol":{"path":["/c/en/preferment","/c/en/historical","/c/en/history","/c/en/indology"],"weight":0.2082199999999998,"degrees":[39,8415,1864,56]},"num_concepts_raised":27163},{"base_id":977,"kind":"bot_words","i1":2,"i2":3,"sol":{"path":["/c/en/leprosy","/c/en/person","/c/en/sugar","/c/en/jaggery"],"weight":0.21498000000000012,"degrees":[383,12935,1902,67]},"num_concepts_raised":27393},{"base_id":977,"kind":"bot_words","i1":2,"i2":4,"sol":{"path":["/c/en/leprosy","/c/en/person","/c/en/decimation","/c/en/nth"],"weight":0.21364000000000014,"degrees":[383,12935,71,56]},"num_concepts_raised":31961},{"base_id":977,"kind":"bot_words","i1":2,"i2":5,"sol":{"path":["/c/en/leprosy","/c/en/house","/c/en/food","/c/en/lassi"],"weight":0.21906000000000017,"degrees":[383,3114,4281,65]},"num_concepts_raised":36685},{"base_id":977,"kind":"bot_words","i1":2,"i2":6,"sol":{"path":["/c/en/leprosy","/c/en/skin","/c/en/cream","/c/en/anointing"],"weight":0.21355000000000013,"degrees":[383,2372,851,39]},"num_concepts_raised":25281},{"base_id":977,"kind":"bot_words","i1":2,"i2":7,"sol":{"path":["/c/en/leprosy","/c/en/person","/c/en/mammal","/c/en/elk"],"weight":0.22106999999999966,"degrees":[383,12935,2187,256]},"num_concepts_raised":34323},{"base_id":977,"kind":"bot_words","i1":2,"i2":8,"sol":{"path":["/c/en/leprosy","/c/en/person","/c/en/conspiracy","/c/en/conspiratorial"],"weight":0.21482000000000023,"degrees":[383,12935,342,51]},"num_concepts_raised":23870},{"base_id":977,"kind":"bot_words","i1":2,"i2":9,"sol":{"path":["/c/en/leprosy","/c/en/house","/c/en/study","/c/en/indology"],"weight":0.21884000000000015,"degrees":[383,3114,1753,56]},"num_concepts_raised":32700},{"base_id":977,"kind":"bot_words","i1":3,"i2":4,"sol":{"path":["/c/en/jaggery","/c/en/sugar","/c/en/additive","/c/en/mathematics","/c/en/nth"],"weight":0.20579999999999982,"degrees":[67,1902,203,7601,56]},"num_concepts_raised":13091},{"base_id":977,"kind":"bot_words","i1":3,"i2":5,"sol":{"path":["/c/en/jaggery","/c/en/sugar","/c/en/food","/c/en/lassi"],"weight":0.21006999999999987,"degrees":[67,1902,4281,65]},"num_concepts_raised":17761},{"base_id":977,"kind":"bot_words","i1":3,"i2":6,"sol":{"path":["/c/en/jaggery","/c/en/sugar","/c/en/cream","/c/en/anointing"],"weight":0.2044599999999998,"degrees":[67,1902,851,39]},"num_concepts_raised":6317},{"base_id":977,"kind":"bot_words","i1":3,"i2":7,"sol":{"path":["/c/en/jaggery","/c/en/sugar","/c/en/us","/c/en/moose","/c/en/elk"],"weight":0.2182699999999993,"degrees":[67,1902,8154,357,256]},"num_concepts_raised":15642},{"base_id":977,"kind":"bot_words","i1":3,"i2":8,"sol":{"path":["/c/en/jaggery","/c/en/sugar","/c/en/person","/c/en/conspiracy","/c/en/conspiratorial"],"weight":0.2058399999999999,"degrees":[67,1902,12935,342,51]},"num_concepts_raised":4852},{"base_id":977,"kind":"bot_words","i1":3,"i2":9,"sol":{"path":["/c/en/jaggery","/c/en/asia","/c/en/india","/c/en/indology"],"weight":0.20864999999999984,"degrees":[67,805,1846,56]},"num_concepts_raised":13880},{"base_id":977,"kind":"bot_words","i1":4,"i2":5,"sol":{"path":["/c/en/nth","/c/en/mathematics","/c/en/proof","/c/en/water","/c/en/lassi"],"weight":0.2098699999999999,"degrees":[56,7601,766,4606,65]},"num_concepts_raised":22635},{"base_id":977,"kind":"bot_words","i1":4,"i2":6,"sol":{"path":["/c/en/nth","/c/en/mathematics","/c/en/language","/c/en/unction","/c/en/anointing"],"weight":0.20530999999999983,"degrees":[56,7601,4160,68,39]},"num_concepts_raised":10982},{"base_id":977,"kind":"bot_words","i1":4,"i2":7,"sol":{"path":["/c/en/nth","/c/en/fourth","/c/en/us","/c/en/moose","/c/en/elk"],"weight":0.21688999999999933,"degrees":[56,499,8154,357,256]},"num_concepts_raised":20313},{"base_id":977,"kind":"bot_words","i1":4,"i2":8,"sol":{"path":["/c/en/nth","/c/en/mathematics","/c/en/set","/c/en/conspiracy","/c/en/conspiratorial"],"weight":0.20565999999999993,"degrees":[56,7601,2628,342,51]},"num_concepts_raised":9514},{"base_id":977,"kind":"bot_words","i1":4,"i2":9,"sol":{"path":["/c/en/nth","/c/en/mathematics","/c/en/study","/c/en/indology"],"weight":0.20963999999999983,"degrees":[56,7601,1753,56]},"num_concepts_raised":18494},{"base_id":977,"kind":"bot_words","i1":5,"i2":6,"sol":{"path":["/c/en/lassi","/c/en/food","/c/en/cream","/c/en/anointing"],"weight":0.2084799999999999,"degrees":[65,4281,851,39]},"num_concepts_raised":15867},{"base_id":977,"kind":"bot_words","i1":5,"i2":7,"sol":{"path":["/c/en/lassi","/c/en/water","/c/en/meadow","/c/en/elk"],"weight":0.2159899999999994,"degrees":[65,4606,448,256]},"num_concepts_raised":25052},{"base_id":977,"kind":"bot_words","i1":5,"i2":8,"sol":{"path":["/c/en/lassi","/c/en/water","/c/en/person","/c/en/conspiracy","/c/en/conspiratorial"],"weight":0.20988999999999997,"degrees":[65,4606,12935,342,51]},"num_concepts_raised":14466},{"base_id":977,"kind":"bot_words","i1":5,"i2":9,"sol":{"path":["/c/en/lassi","/c/en/yoghurt","/c/en/culture","/c/en/indology"],"weight":0.21368999999999988,"degrees":[65,89,1324,56]},"num_concepts_raised":23486},{"base_id":977,"kind":"bot_words","i1":6,"i2":7,"sol":{"path":["/c/en/anointing","/c/te/తలంటు","/c/en/head","/c/en/deer","/c/en/elk"],"weight":0.21270999999999934,"degrees":[39,6,3580,862,256]},"num_concepts_raised":13596},{"base_id":977,"kind":"bot_words","i1":6,"i2":8,"sol":{"path":["/c/en/anointing","/c/en/cream","/c/en/person","/c/en/conspiracy","/c/en/conspiratorial"],"weight":0.20429999999999993,"degrees":[39,851,12935,342,51]},"num_concepts_raised":2754},{"base_id":977,"kind":"bot_words","i1":6,"i2":9,"sol":{"path":["/c/en/anointing","/c/en/unction","/c/en/language","/c/en/indology"],"weight":0.20928999999999984,"degrees":[39,68,4160,56]},"num_concepts_raised":11832},{"base_id":977,"kind":"bot_words","i1":7,"i2":8,"sol":{"path":["/c/en/elk","/c/fr/élan","/c/en/spirit","/c/en/conspire","/c/en/conspiratorial"],"weight":0.21544999999999945,"degrees":[256,224,1615,203,51]},"num_concepts_raised":12146},{"base_id":977,"kind":"bot_words","i1":7,"i2":9,"sol":{"path":["/c/en/elk","/c/en/british","/c/en/history","/c/en/indology"],"weight":0.21573999999999938,"degrees":[256,3452,1864,56]},"num_concepts_raised":21093},{"base_id":977,"kind":"bot_words","i1":8,"i2":9,"sol":{"path":["/c/en/conspiratorial","/c/en/conspiracy","/c/en/conspiracism","/c/en/history","/c/en/indology"],"weight":0.20963999999999994,"degrees":[51,342,13,1864,56]},"num_concepts_raised":10369}],[{"base_id":977,"kind":"top_words","i1":0,"i2":1,"sol":{"path":["/c/en/porcelain","/c/en/pottery","/c/en/art","/c/en/artwork"],"weight":0.21608999999999937,"degrees":[313,394,1987,225]},"num_concepts_raised":44747},{"base_id":977,"kind":"top_words","i1":0,"i2":2,"sol":{"path":["/c/en/porcelain","/c/en/translucent","/c/en/wash","/c/en/watercolor"],"weight":0.2150299999999999,"degrees":[313,216,1410,108]},"num_concepts_raised":21245},{"base_id":977,"kind":"top_words","i1":0,"i2":3,"sol":{"path":["/c/en/porcelain","/c/en/belleek_ware","/c/en/decorative"],"weight":0.20400000000000001,"degrees":[313,7,313]},"num_concepts_raised":483},{"base_id":977,"kind":"top_words","i1":0,"i2":4,"sol":{"path":["/c/en/porcelain","/c/en/china","/c/en/made","/c/en/handmade"],"weight":0.21821999999999994,"degrees":[313,1318,415,85]},"num_concepts_raised":15279},{"base_id":977,"kind":"top_words","i1":0,"i2":5,"sol":{"path":["/c/en/porcelain","/c/en/ceramic","/c/en/ceramics"],"weight":0.20600000000000002,"degrees":[313,286,152]},"num_concepts_raised":323},{"base_id":977,"kind":"top_words","i1":0,"i2":6,"sol":{"path":["/c/en/porcelain","/c/en/plate","/c/en/cheese","/c/en/photographs"],"weight":0.21221999999999996,"degrees":[313,1940,1320,31]},"num_concepts_raised":16291},{"base_id":977,"kind":"top_words","i1":0,"i2":7,"sol":{"path":["/c/en/porcelain","/c/en/white","/c/en/bread","/c/en/embroidery"],"weight":0.22054999999999975,"degrees":[313,2081,1741,288]},"num_concepts_raised":17486},{"base_id":977,"kind":"top_words","i1":0,"i2":8,"sol":{"path":["/c/en/porcelain","/c/fr/porcelaine","/c/fr/objet","/c/en/antique"],"weight":0.2280399999999996,"degrees":[313,181,1522,298]},"num_concepts_raised":38642},{"base_id":977,"kind":"top_words","i1":0,"i2":9,"sol":{"path":["/c/en/porcelain","/c/en/toilet","/c/en/ring","/c/en/ornaments"],"weight":0.21209999999999998,"degrees":[313,802,2026,24]},"num_concepts_raised":13038},{"base_id":977,"kind":"top_words","i1":1,"i2":2,"sol":{"path":["/c/en/artwork","/c/en/watercolor"],"weight":0.202,"degrees":[225,108]},"num_concepts_raised":285},{"base_id":977,"kind":"top_words","i1":1,"i2":3,"sol":{"path":["/c/en/artwork","/c/en/art","/c/en/decorative"],"weight":0.203,"degrees":[225,1987,313]},"num_concepts_raised":484},{"base_id":977,"kind":"top_words","i1":1,"i2":4,"sol":{"path":["/c/en/artwork","/c/en/art","/c/en/writing","/c/en/handmade"],"weight":0.20732999999999924,"degrees":[225,1987,1875,85]},"num_concepts_raised":39970},{"base_id":977,"kind":"top_words","i1":1,"i2":5,"sol":{"path":["/c/en/artwork","/c/en/art","/c/en/ceramics"],"weight":0.203,"degrees":[225,1987,152]},"num_concepts_raised":338},{"base_id":977,"kind":"top_words","i1":1,"i2":6,"sol":{"path":["/c/en/artwork","/c/en/picture","/c/en/photograph","/c/en/photographs"],"weight":0.2072499999999992,"degrees":[225,1231,774,31]},"num_concepts_raised":40950},{"base_id":977,"kind":"top_words","i1":1,"i2":7,"sol":{"path":["/c/en/artwork","/c/en/design","/c/en/needlepoint","/c/en/embroidery"],"weight":0.21756999999999901,"degrees":[225,1361,63,288]},"num_concepts_raised":42197},{"base_id":977,"kind":"top_words","i1":1,"i2":8,"sol":{"path":["/c/en/artwork","/c/fr/art","/c/en/antique"],"weight":0.20400000000000001,"degrees":[225,615,298]},"num_concepts_raised":434},{"base_id":977,"kind":"top_words","i1":1,"i2":9,"sol":{"path":["/c/en/artwork","/c/en/statue","/c/en/ornament","/c/en/ornaments"],"weight":0.20686999999999925,"degrees":[225,765,657,24]},"num_concepts_raised":37983},{"base_id":977,"kind":"top_words","i1":2,"i2":3,"sol":{"path":["/c/en/watercolor","/c/en/paint","/c/en/decorative"],"weight":0.203,"degrees":[108,1772,313]},"num_concepts_raised":355},{"base_id":977,"kind":"top_words","i1":2,"i2":4,"sol":{"path":["/c/en/watercolor","/c/en/wash","/c/en/hand","/c/en/handmade"],"weight":0.20559999999999978,"degrees":[108,1410,2596,85]},"num_concepts_raised":16575},{"base_id":977,"kind":"top_words","i1":2,"i2":5,"sol":{"path":["/c/en/watercolor","/c/en/watercolour","/c/en/art","/c/en/ceramics"],"weight":0.2078699999999995,"degrees":[108,108,1987,152]},"num_concepts_raised":21578},{"base_id":977,"kind":"top_words","i1":2,"i2":6,"sol":{"path":["/c/en/watercolor","/c/en/paint","/c/en/pictures","/c/en/photographs"],"weight":0.20485999999999976,"degrees":[108,1772,65,31]},"num_concepts_raised":17579},{"base_id":977,"kind":"top_words","i1":2,"i2":7,"sol":{"path":["/c/en/watercolor","/c/en/water","/c/en/bread","/c/en/embroidery"],"weight":0.21312999999999957,"degrees":[108,4606,1741,288]},"num_concepts_raised":18816},{"base_id":977,"kind":"top_words","i1":2,"i2":8,"sol":{"path":["/c/en/watercolor","/c/en/paint","/c/en/shop","/c/en/antique"],"weight":0.21541999999999945,"degrees":[108,1772,1544,298]},"num_concepts_raised":39980},{"base_id":977,"kind":"top_words","i1":2,"i2":9,"sol":{"path":["/c/en/watercolor","/c/en/water","/c/ar/زخرف","/c/en/ornaments"],"weight":0.2046599999999998,"degrees":[108,4606,59,24]},"num_concepts_raised":14385},{"base_id":977,"kind":"top_words","i1":3,"i2":4,"sol":{"path":["/c/en/decorative","/c/en/quilt","/c/en/handmade"],"weight":0.202,"degrees":[313,286,85]},"num_concepts_raised":350},{"base_id":977,"kind":"top_words","i1":3,"i2":5,"sol":{"path":["/c/en/decorative","/c/en/art","/c/en/ceramics"],"weight":0.202,"degrees":[313,1987,152]},"num_concepts_raised":406},{"base_id":977,"kind":"top_words","i1":3,"i2":6,"sol":{"path":["/c/en/decorative","/c/en/fancy","/c/en/photograph","/c/en/photographs"],"weight":0.20813999999999913,"degrees":[313,515,774,31]},"num_concepts_raised":32013},{"base_id":977,"kind":"top_words","i1":3,"i2":7,"sol":{"path":["/c/en/decorative","/c/en/needlepoint","/c/en/embroidery"],"weight":0.20600000000000002,"degrees":[313,63,288]},"num_concepts_raised":493},{"base_id":977,"kind":"top_words","i1":3,"i2":8,"sol":{"path":["/c/en/decorative","/c/en/lace","/c/en/old","/c/en/antique"],"weight":0.22141999999999876,"degrees":[313,459,2028,298]},"num_concepts_raised":54007},{"base_id":977,"kind":"top_words","i1":3,"i2":9,"sol":{"path":["/c/en/decorative","/c/en/decoration","/c/en/ornament","/c/en/ornaments"],"weight":0.21062999999999915,"degrees":[313,796,657,24]},"num_concepts_raised":28656},{"base_id":977,"kind":"top_words","i1":4,"i2":5,"sol":{"path":["/c/en/handmade","/c/en/hand","/c/en/plate","/c/en/ceramics"],"weight":0.20608999999999955,"degrees":[85,2596,1940,152]},"num_concepts_raised":15699},{"base_id":977,"kind":"top_words","i1":4,"i2":6,"sol":{"path":["/c/en/handmade","/c/en/hand","/c/en/jellyfish","/c/en/photographs"],"weight":0.20465999999999981,"degrees":[85,2596,469,31]},"num_concepts_raised":11445},{"base_id":977,"kind":"top_words","i1":4,"i2":7,"sol":{"path":["/c/en/handmade","/c/en/hand","/c/en/stitch","/c/en/embroidery"],"weight":0.2134599999999996,"degrees":[85,2596,807,288]},"num_concepts_raised":12582},{"base_id":977,"kind":"top_words","i1":4,"i2":8,"sol":{"path":["/c/en/handmade","/c/en/hand","/c/en/lantern","/c/en/antique"],"weight":0.2131999999999995,"degrees":[85,2596,466,298]},"num_concepts_raised":33900},{"base_id":977,"kind":"top_words","i1":4,"i2":9,"sol":{"path":["/c/en/handmade","/c/en/hand","/c/en/ring","/c/en/ornaments"],"weight":0.20462999999999984,"degrees":[85,2596,2026,24]},"num_concepts_raised":8143},{"base_id":977,"kind":"top_words","i1":5,"i2":6,"sol":{"path":["/c/en/ceramics","/c/en/art","/c/en/pictures","/c/en/photographs"],"weight":0.20422999999999955,"degrees":[152,1987,65,31]},"num_concepts_raised":16738},{"base_id":977,"kind":"top_words","i1":5,"i2":7,"sol":{"path":["/c/en/ceramics","/c/en/throw","/c/en/fabric","/c/en/embroidery"],"weight":0.21263999999999933,"degrees":[152,1517,1105,288]},"num_concepts_raised":17901},{"base_id":977,"kind":"top_words","i1":5,"i2":8,"sol":{"path":["/c/en/ceramics","/c/fr/céramique","/c/fr/art","/c/en/antique"],"weight":0.2149599999999992,"degrees":[152,214,615,298]},"num_concepts_raised":38996},{"base_id":977,"kind":"top_words","i1":5,"i2":9,"sol":{"path":["/c/en/ceramics","/c/en/plate","/c/xcl/սպաս","/c/en/ornaments"],"weight":0.20402999999999957,"degrees":[152,1940,41,24]},"num_concepts_raised":13482},{"base_id":977,"kind":"top_words","i1":6,"i2":7,"sol":{"path":["/c/en/photographs","/c/en/photograph","/c/en/stitch","/c/en/embroidery"],"weight":0.21347999999999961,"degrees":[31,774,807,288]},"num_concepts_raised":13662},{"base_id":977,"kind":"top_words","i1":6,"i2":8,"sol":{"path":["/c/en/photographs","/c/en/map","/c/en/old_fashioned","/c/en/antique"],"weight":0.21145999999999948,"degrees":[31,944,351,298]},"num_concepts_raised":34894},{"base_id":977,"kind":"top_words","i1":6,"i2":9,"sol":{"path":["/c/en/photographs","/c/en/map","/c/la/mundus","/c/en/ornaments"],"weight":0.20261999999999986,"degrees":[31,944,162,24]},"num_concepts_raised":9201},{"base_id":977,"kind":"top_words","i1":7,"i2":8,"sol":{"path":["/c/en/embroidery","/c/en/stitch","/c/en/item","/c/en/antique"],"weight":0.22001999999999927,"degrees":[288,807,671,298]},"num_concepts_raised":36078},{"base_id":977,"kind":"top_words","i1":7,"i2":9,"sol":{"path":["/c/en/embroidery","/c/en/fancywork","/c/en/ornament","/c/en/ornaments"],"weight":0.21527999999999964,"degrees":[288,12,657,24]},"num_concepts_raised":10351},{"base_id":977,"kind":"top_words","i1":8,"i2":9,"sol":{"path":["/c/en/antique","/c/en/item","/c/en/ornament","/c/en/ornaments"],"weight":0.21324999999999952,"degrees":[298,671,657,24]},"num_concepts_raised":31755}]]