[[{"base_id":167,"kind":"bot_words","i1":0,"i2":1,"sol":{"path":["/c/en/cyme","/c/en/botany","/c/en/boot","/c/en/suede"],"weight":0.21024999999999963,"degrees":[107,6881,921,116]},"num_concepts_raised":31328},{"base_id":167,"kind":"bot_words","i1":0,"i2":2,"sol":{"path":["/c/en/cyme","/c/en/cyma","/c/en/form","/c/en/ice","/c/en/sherbert"],"weight":0.21332999999999963,"degrees":[107,84,2423,1256,31]},"num_concepts_raised":20195},{"base_id":167,"kind":"bot_words","i1":0,"i2":3,"sol":{"path":["/c/en/cyme","/c/en/cluster","/c/en/chemistry","/c/en/actinide","/c/en/einsteinium"],"weight":0.22121999999999983,"degrees":[107,523,11754,176,240]},"num_concepts_raised":21888},{"base_id":167,"kind":"bot_words","i1":0,"i2":4,"sol":{"path":["/c/en/cyme","/c/en/side","/c/ja/どうじょう","/c/en/sympathise"],"weight":0.20863999999999966,"degrees":[107,1912,17,28]},"num_concepts_raised":20855},{"base_id":167,"kind":"bot_words","i1":0,"i2":5,"sol":{"path":["/c/en/cyme","/c/en/terminate","/c/en/fire","/c/en/matchlock"],"weight":0.20879999999999965,"degrees":[107,275,2829,29]},"num_concepts_raised":23618},{"base_id":167,"kind":"bot_words","i1":0,"i2":6,"sol":{"path":["/c/en/cyme","/c/en/country","/c/en/government","/c/en/policies"],"weight":0.20883999999999958,"degrees":[107,2796,2046,34]},"num_concepts_raised":24216},{"base_id":167,"kind":"bot_words","i1":0,"i2":7,"sol":{"path":["/c/en/cyme","/c/en/flower","/c/en/beauty","/c/en/cassiopeia"],"weight":0.21498999999999946,"degrees":[107,2500,984,132]},"num_concepts_raised":23634},{"base_id":167,"kind":"bot_words","i1":0,"i2":8,"sol":{"path":["/c/en/cyme","/c/en/senna","/c/en/medicine","/c/en/cannula"],"weight":0.20926999999999965,"degrees":[107,75,11938,64]},"num_concepts_raised":37153},{"base_id":167,"kind":"bot_words","i1":0,"i2":9,"sol":{"path":["/c/en/cyme","/c/en/head","/c/en/ball","/c/en/bolus"],"weight":0.21007999999999963,"degrees":[107,3580,2118,43]},"num_concepts_raised":32991},{"base_id":167,"kind":"bot_words","i1":1,"i2":2,"sol":{"path":["/c/en/suede","/c/en/material","/c/en/ice","/c/en/sherbert"],"weight":0.20400999999999983,"degrees":[116,1522,1256,31]},"num_concepts_raised":14007},{"base_id":167,"kind":"bot_words","i1":1,"i2":3,"sol":{"path":["/c/en/suede","/c/en/type","/c/en/chemistry","/c/en/actinide","/c/en/einsteinium"],"weight":0.21637,"degrees":[116,1591,11754,176,240]},"num_concepts_raised":15694},{"base_id":167,"kind":"bot_words","i1":1,"i2":4,"sol":{"path":["/c/en/suede","/c/en/texture","/c/en/feel","/c/en/sympathise"],"weight":0.20389999999999986,"degrees":[116,390,1238,28]},"num_concepts_raised":14648},{"base_id":167,"kind":"bot_words","i1":1,"i2":5,"sol":{"path":["/c/en/suede","/c/en/fabric","/c/en/cord","/c/en/matchlock"],"weight":0.20496999999999985,"degrees":[116,1105,697,29]},"num_concepts_raised":17425},{"base_id":167,"kind":"bot_words","i1":1,"i2":6,"sol":{"path":["/c/en/suede","/c/fr/suède","/c/fr/état","/c/en/government","/c/en/policies"],"weight":0.20729999999999976,"degrees":[116,198,2015,2046,34]},"num_concepts_raised":18097},{"base_id":167,"kind":"bot_words","i1":1,"i2":7,"sol":{"path":["/c/en/suede","/c/en/blue","/c/en/northern","/c/en/cassiopeia"],"weight":0.21011999999999964,"degrees":[116,1611,484,132]},"num_concepts_raised":17491},{"base_id":167,"kind":"bot_words","i1":1,"i2":8,"sol":{"path":["/c/en/suede","/c/en/type","/c/en/medicine","/c/en/cannula"],"weight":0.20444999999999985,"degrees":[116,1591,11938,64]},"num_concepts_raised":31100},{"base_id":167,"kind":"bot_words","i1":1,"i2":9,"sol":{"path":["/c/en/suede","/c/en/cow","/c/en/food","/c/en/bolus"],"weight":0.2040999999999998,"degrees":[116,1438,4281,43]},"num_concepts_raised":26829},{"base_id":167,"kind":"bot_words","i1":2,"i2":3,"sol":{"path":["/c/en/sherbert","/c/es/polo","/c/fr/géographie","/c/mul/es","/c/en/einsteinium"],"weight":0.21312000000000003,"degrees":[31,42,8043,62,240]},"num_concepts_raised":4161},{"base_id":167,"kind":"bot_words","i1":2,"i2":4,"sol":{"path":["/c/en/sherbert","/c/en/sherbet","/c/en/slang","/c/en/feel","/c/en/sympathise"],"weight":0.20380999999999988,"degrees":[31,110,16318,1238,28]},"num_concepts_raised":3138},{"base_id":167,"kind":"bot_words","i1":2,"i2":5,"sol":{"path":["/c/en/sherbert","/c/en/sherbet","/c/en/powder","/c/en/matchlock"],"weight":0.20376999999999984,"degrees":[31,110,712,29]},"num_concepts_raised":5987},{"base_id":167,"kind":"bot_words","i1":2,"i2":6,"sol":{"path":["/c/en/sherbert","/c/en/ice","/c/en/government","/c/en/policies"],"weight":0.2028299999999998,"degrees":[31,1256,2046,34]},"num_concepts_raised":6661},{"base_id":167,"kind":"bot_words","i1":2,"i2":7,"sol":{"path":["/c/en/sherbert","/c/en/sherbet","/c/en/shrub","/c/en/andromeda","/c/en/cassiopeia"],"weight":0.21210999999999963,"degrees":[31,110,1130,282,132]},"num_concepts_raised":5986},{"base_id":167,"kind":"bot_words","i1":2,"i2":8,"sol":{"path":["/c/en/sherbert","/c/en/sherbet","/c/en/slang","/c/en/tube","/c/en/cannula"],"weight":0.20526999999999984,"degrees":[31,110,16318,849,64]},"num_concepts_raised":19885},{"base_id":167,"kind":"bot_words","i1":2,"i2":9,"sol":{"path":["/c/en/sherbert","/c/en/sorbet","/c/en/food","/c/en/bolus"],"weight":0.2030699999999998,"degrees":[31,123,4281,43]},"num_concepts_raised":15621},{"base_id":167,"kind":"bot_words","i1":3,"i2":4,"sol":{"path":["/c/en/einsteinium","/c/en/chemical_element","/c/en/reaction","/c/en/feel","/c/en/sympathise"],"weight":0.21102000000000004,"degrees":[240,465,873,1238,28]},"num_concepts_raised":4819},{"base_id":167,"kind":"bot_words","i1":3,"i2":5,"sol":{"path":["/c/en/einsteinium","/c/en/actinide","/c/en/elements","/c/en/fire","/c/en/matchlock"],"weight":0.21520000000000006,"degrees":[240,176,98,2829,29]},"num_concepts_raised":7670},{"base_id":167,"kind":"bot_words","i1":3,"i2":6,"sol":{"path":["/c/en/einsteinium","/c/en/actinide","/c/en/position","/c/en/politically_correct","/c/en/policies"],"weight":0.21513,"degrees":[240,176,2038,97,34]},"num_concepts_raised":8338},{"base_id":167,"kind":"bot_words","i1":3,"i2":7,"sol":{"path":["/c/en/einsteinium","/c/fr/éléments","/c/en/cassiopeium","/c/en/cassiopeia"],"weight":0.21722999999999984,"degrees":[240,1397,15,132]},"num_concepts_raised":7655},{"base_id":167,"kind":"bot_words","i1":3,"i2":8,"sol":{"path":["/c/en/einsteinium","/c/mul/es","/c/en/code","/c/en/medicine","/c/en/cannula"],"weight":0.21373000000000003,"degrees":[240,62,681,11938,64]},"num_concepts_raised":21558},{"base_id":167,"kind":"bot_words","i1":3,"i2":9,"sol":{"path":["/c/en/einsteinium","/c/mul/es","/c/fr/géographie","/c/en/mouth","/c/en/bolus"],"weight":0.21336,"degrees":[240,62,8043,1902,43]},"num_concepts_raised":17324},{"base_id":167,"kind":"bot_words","i1":4,"i2":5,"sol":{"path":["/c/en/sympathise","/c/en/feel","/c/en/slang","/c/en/fire","/c/en/matchlock"],"weight":0.20277999999999988,"degrees":[28,1238,16318,2829,29]},"num_concepts_raised":6659},{"base_id":167,"kind":"bot_words","i1":4,"i2":6,"sol":{"path":["/c/en/sympathise","/c/en/feel","/c/en/company","/c/en/policies"],"weight":0.2027299999999998,"degrees":[28,1238,2258,34]},"num_concepts_raised":7309},{"base_id":167,"kind":"bot_words","i1":4,"i2":7,"sol":{"path":["/c/en/sympathise","/c/en/sympathy","/c/en/person","/c/en/beauty","/c/en/cassiopeia"],"weight":0.20886999999999967,"degrees":[28,455,12935,984,132]},"num_concepts_raised":6635},{"base_id":167,"kind":"bot_words","i1":4,"i2":8,"sol":{"path":["/c/en/sympathise","/c/en/sympathy","/c/en/sin","/c/en/tube","/c/en/cannula"],"weight":0.20416999999999985,"degrees":[28,455,984,849,64]},"num_concepts_raised":20540},{"base_id":167,"kind":"bot_words","i1":4,"i2":9,"sol":{"path":["/c/en/sympathise","/c/en/feel","/c/en/slang","/c/en/ball","/c/en/bolus"],"weight":0.20404999999999984,"degrees":[28,1238,16318,2118,43]},"num_concepts_raised":16317},{"base_id":167,"kind":"bot_words","i1":5,"i2":6,"sol":{"path":["/c/en/matchlock","/c/en/musket","/c/en/army","/c/en/government","/c/en/policies"],"weight":0.20385999999999982,"degrees":[29,161,1302,2046,34]},"num_concepts_raised":10169},{"base_id":167,"kind":"bot_words","i1":5,"i2":7,"sol":{"path":["/c/en/matchlock","/c/en/fire","/c/en/autumn","/c/en/andromeda","/c/en/cassiopeia"],"weight":0.21108999999999967,"degrees":[29,2829,729,282,132]},"num_concepts_raised":9488},{"base_id":167,"kind":"bot_words","i1":5,"i2":8,"sol":{"path":["/c/en/matchlock","/c/en/powder","/c/en/medicine","/c/en/cannula"],"weight":0.20322999999999986,"degrees":[29,712,11938,64]},"num_concepts_raised":23319},{"base_id":167,"kind":"bot_words","i1":5,"i2":9,"sol":{"path":["/c/en/matchlock","/c/en/fire","/c/en/food","/c/en/bolus"],"weight":0.20296999999999984,"degrees":[29,2829,4281,43]},"num_concepts_raised":19036},{"base_id":167,"kind":"bot_words","i1":6,"i2":7,"sol":{"path":["/c/en/policies","/c/en/company","/c/en/leo","/c/en/constellation","/c/en/cassiopeia"],"weight":0.20904999999999963,"degrees":[34,2258,266,1426,132]},"num_concepts_raised":10154},{"base_id":167,"kind":"bot_words","i1":6,"i2":8,"sol":{"path":["/c/en/policies","/c/en/government","/c/en/body","/c/en/cannula"],"weight":0.2032399999999998,"degrees":[34,2046,3170,64]},"num_concepts_raised":23965},{"base_id":167,"kind":"bot_words","i1":6,"i2":9,"sol":{"path":["/c/en/policies","/c/en/thanatocracy","/c/en/mass","/c/en/bolus"],"weight":0.20286999999999977,"degrees":[34,25,1639,43]},"num_concepts_raised":19767},{"base_id":167,"kind":"bot_words","i1":7,"i2":8,"sol":{"path":["/c/en/cassiopeia","/c/fr/cassiopée","/c/fr/cas","/c/en/medicine","/c/en/cannula"],"weight":0.21358999999999967,"degrees":[132,34,277,11938,64]},"num_concepts_raised":23384},{"base_id":167,"kind":"bot_words","i1":7,"i2":9,"sol":{"path":["/c/en/cassiopeia","/c/en/andromeda","/c/en/play","/c/en/ball","/c/en/bolus"],"weight":0.21231999999999962,"degrees":[132,282,3092,2118,43]},"num_concepts_raised":19156},{"base_id":167,"kind":"bot_words","i1":8,"i2":9,"sol":{"path":["/c/en/cannula","/c/en/medicine","/c/en/ball","/c/en/bolus"],"weight":0.20466999999999985,"degrees":[64,11938,2118,43]},"num_concepts_raised":32189}],[{"base_id":167,"kind":"top_words","i1":0,"i2":1,"sol":{"path":["/c/en/equatorial","/c/en/earth","/c/fr/pays","/c/en/malawi"],"weight":0.21262000000000017,"degrees":[88,2336,5104,239]},"num_concepts_raised":22212},{"base_id":167,"kind":"top_words","i1":0,"i2":2,"sol":{"path":["/c/en/equatorial","/c/en/tropical","/c/en/region","/c/en/city","/c/en/abidjan"],"weight":0.21285000000000004,"degrees":[88,413,1382,3758,154]},"num_concepts_raised":14797},{"base_id":167,"kind":"top_words","i1":0,"i2":3,"sol":{"path":["/c/en/equatorial","/c/en/equatorial_guinea","/c/en/africa","/c/en/african"],"weight":0.21155999999999842,"degrees":[88,277,860,561]},"num_concepts_raised":36990},{"base_id":167,"kind":"top_words","i1":0,"i2":4,"sol":{"path":["/c/en/equatorial","/c/en/equatorial_guinea","/c/en/africa","/c/en/namibia","/c/en/namibian"],"weight":0.21113999999999988,"degrees":[88,277,860,332,59]},"num_concepts_raised":25298},{"base_id":167,"kind":"top_words","i1":0,"i2":5,"sol":{"path":["/c/en/equatorial","/c/en/star","/c/en/capital","/c/en/abuja"],"weight":0.2039099999999999,"degrees":[88,2132,1518,49]},"num_concepts_raised":12773},{"base_id":167,"kind":"top_words","i1":0,"i2":6,"sol":{"path":["/c/en/equatorial","/c/en/equatorial_guinea","/c/en/country","/c/en/lesotho"],"weight":0.21420000000000022,"degrees":[88,277,2796,243]},"num_concepts_raised":17642},{"base_id":167,"kind":"top_words","i1":0,"i2":7,"sol":{"path":["/c/en/equatorial","/c/en/equatorial_guinea","/c/en/malabo"],"weight":0.203,"degrees":[88,277,25]},"num_concepts_raised":85},{"base_id":167,"kind":"top_words","i1":0,"i2":8,"sol":{"path":["/c/en/equatorial","/c/en/equatorial_guinea","/c/en/guinea"],"weight":0.20400000000000001,"degrees":[88,277,316]},"num_concepts_raised":275},{"base_id":167,"kind":"top_words","i1":0,"i2":9,"sol":{"path":["/c/en/equatorial","/c/en/equatorial_guinea","/c/en/country","/c/en/namibia"],"weight":0.21380000000000046,"degrees":[88,277,2796,332]},"num_concepts_raised":20403},{"base_id":167,"kind":"top_words","i1":1,"i2":2,"sol":{"path":["/c/en/malawi","/c/en/country","/c/en/city","/c/en/abidjan"],"weight":0.21860000000000035,"degrees":[239,2796,3758,154]},"num_concepts_raised":14861},{"base_id":167,"kind":"top_words","i1":1,"i2":3,"sol":{"path":["/c/en/malawi","/c/en/africa","/c/en/african"],"weight":0.20600000000000002,"degrees":[239,860,561]},"num_concepts_raised":625},{"base_id":167,"kind":"top_words","i1":1,"i2":4,"sol":{"path":["/c/en/malawi","/c/en/english_language","/c/en/namibian"],"weight":0.20600000000000002,"degrees":[239,579,59]},"num_concepts_raised":207},{"base_id":167,"kind":"top_words","i1":1,"i2":5,"sol":{"path":["/c/en/malawi","/c/fr/pays","/c/en/nigeria","/c/en/abuja"],"weight":0.21317000000000025,"degrees":[239,5104,386,49]},"num_concepts_raised":12903},{"base_id":167,"kind":"top_words","i1":1,"i2":6,"sol":{"path":["/c/en/malawi","/c/en/country","/c/en/lesotho"],"weight":0.20700000000000002,"degrees":[239,2796,243]},"num_concepts_raised":320},{"base_id":167,"kind":"top_words","i1":1,"i2":7,"sol":{"path":["/c/en/malawi","/c/en/country","/c/en/equatorial_guinea","/c/en/malabo"],"weight":0.2123800000000003,"degrees":[239,2796,277,25]},"num_concepts_raised":12745},{"base_id":167,"kind":"top_words","i1":1,"i2":8,"sol":{"path":["/c/en/malawi","/c/en/africa","/c/en/guinea"],"weight":0.20700000000000002,"degrees":[239,860,316]},"num_concepts_raised":370},{"base_id":167,"kind":"top_words","i1":1,"i2":9,"sol":{"path":["/c/en/malawi","/c/en/appendix:countries_of_world","/c/en/namibia"],"weight":0.20600000000000002,"degrees":[239,147,332]},"num_concepts_raised":373},{"base_id":167,"kind":"top_words","i1":2,"i2":3,"sol":{"path":["/c/en/abidjan","/c/en/ivory_coast","/c/en/africa","/c/en/african"],"weight":0.21803999999999862,"degrees":[154,161,860,561]},"num_concepts_raised":29826},{"base_id":167,"kind":"top_words","i1":2,"i2":4,"sol":{"path":["/c/en/abidjan","/c/en/city","/c/en/english_language","/c/en/namibian"],"weight":0.21549000000000007,"degrees":[154,3758,579,59]},"num_concepts_raised":18056},{"base_id":167,"kind":"top_words","i1":2,"i2":5,"sol":{"path":["/c/en/abidjan","/c/en/city","/c/en/capital","/c/en/abuja"],"weight":0.2103700000000001,"degrees":[154,3758,1518,49]},"num_concepts_raised":5195},{"base_id":167,"kind":"top_words","i1":2,"i2":6,"sol":{"path":["/c/en/abidjan","/c/en/city","/c/en/country","/c/en/lesotho"],"weight":0.2207300000000004,"degrees":[154,3758,2796,243]},"num_concepts_raised":10264},{"base_id":167,"kind":"top_words","i1":2,"i2":7,"sol":{"path":["/c/en/abidjan","/c/en/city","/c/en/capital","/c/en/malabo"],"weight":0.21008000000000016,"degrees":[154,3758,1518,25]},"num_concepts_raised":5017},{"base_id":167,"kind":"top_words","i1":2,"i2":8,"sol":{"path":["/c/en/abidjan","/c/en/ivory_coast","/c/en/africa","/c/en/guinea"],"weight":0.22147000000000028,"degrees":[154,161,860,316]},"num_concepts_raised":55194},{"base_id":167,"kind":"top_words","i1":2,"i2":9,"sol":{"path":["/c/en/abidjan","/c/en/city","/c/en/windhoek","/c/en/namibia"],"weight":0.22427000000000064,"degrees":[154,3758,117,332]},"num_concepts_raised":13039},{"base_id":167,"kind":"top_words","i1":3,"i2":4,"sol":{"path":["/c/en/african","/c/en/namibian"],"weight":0.20400000000000001,"degrees":[561,59]},"num_concepts_raised":510},{"base_id":167,"kind":"top_words","i1":3,"i2":5,"sol":{"path":["/c/en/african","/c/en/africa","/c/en/nigeria","/c/en/abuja"],"weight":0.21210999999999847,"degrees":[561,860,386,49]},"num_concepts_raised":27855},{"base_id":167,"kind":"top_words","i1":3,"i2":6,"sol":{"path":["/c/en/african","/c/en/africa","/c/en/lesotho"],"weight":0.20600000000000002,"degrees":[561,860,243]},"num_concepts_raised":629},{"base_id":167,"kind":"top_words","i1":3,"i2":7,"sol":{"path":["/c/en/african","/c/en/africa","/c/en/equatorial_guinea","/c/en/malabo"],"weight":0.21183999999999853,"degrees":[561,860,277,25]},"num_concepts_raised":27686},{"base_id":167,"kind":"top_words","i1":3,"i2":8,"sol":{"path":["/c/en/african","/c/en/africa","/c/en/guinea"],"weight":0.20700000000000002,"degrees":[561,860,316]},"num_concepts_raised":677},{"base_id":167,"kind":"top_words","i1":3,"i2":9,"sol":{"path":["/c/en/african","/c/en/africa","/c/en/namibia"],"weight":0.20600000000000002,"degrees":[561,860,332]},"num_concepts_raised":683},{"base_id":167,"kind":"top_words","i1":4,"i2":5,"sol":{"path":["/c/en/namibian","/c/en/namibia","/c/en/africa","/c/en/nigeria","/c/en/abuja"],"weight":0.21167999999999992,"degrees":[59,332,860,386,49]},"num_concepts_raised":16043},{"base_id":167,"kind":"top_words","i1":4,"i2":6,"sol":{"path":["/c/en/namibian","/c/en/namibia","/c/en/country","/c/en/lesotho"],"weight":0.22096000000000024,"degrees":[59,332,2796,243]},"num_concepts_raised":20840},{"base_id":167,"kind":"top_words","i1":4,"i2":7,"sol":{"path":["/c/en/namibian","/c/en/namibia","/c/en/africa","/c/en/equatorial_guinea","/c/en/malabo"],"weight":0.21142,"degrees":[59,332,860,277,25]},"num_concepts_raised":15856},{"base_id":167,"kind":"top_words","i1":4,"i2":8,"sol":{"path":["/c/en/namibian","/c/en/namibia","/c/en/africa","/c/en/guinea"],"weight":0.22176000000000012,"degrees":[59,332,860,316]},"num_concepts_raised":65152},{"base_id":167,"kind":"top_words","i1":4,"i2":9,"sol":{"path":["/c/en/namibian","/c/en/namibia"],"weight":0.20800000000000002,"degrees":[59,332]},"num_concepts_raised":257},{"base_id":167,"kind":"top_words","i1":5,"i2":6,"sol":{"path":["/c/en/abuja","/c/en/nigeria","/c/en/country","/c/en/lesotho"],"weight":0.21476000000000026,"degrees":[49,386,2796,243]},"num_concepts_raised":8329},{"base_id":167,"kind":"top_words","i1":5,"i2":7,"sol":{"path":["/c/en/abuja","/c/en/capital","/c/en/malabo"],"weight":0.202,"degrees":[49,1518,25]},"num_concepts_raised":56},{"base_id":167,"kind":"top_words","i1":5,"i2":8,"sol":{"path":["/c/en/abuja","/c/en/nigeria","/c/en/africa","/c/en/guinea"],"weight":0.21552000000000016,"degrees":[49,386,860,316]},"num_concepts_raised":53439},{"base_id":167,"kind":"top_words","i1":5,"i2":9,"sol":{"path":["/c/en/abuja","/c/en/nigeria","/c/en/country","/c/en/namibia"],"weight":0.21436000000000052,"degrees":[49,386,2796,332]},"num_concepts_raised":11122},{"base_id":167,"kind":"top_words","i1":6,"i2":7,"sol":{"path":["/c/en/lesotho","/c/en/country","/c/en/equatorial_guinea","/c/en/malabo"],"weight":0.2144900000000003,"degrees":[243,2796,277,25]},"num_concepts_raised":8147},{"base_id":167,"kind":"top_words","i1":6,"i2":8,"sol":{"path":["/c/en/lesotho","/c/en/country","/c/en/guinea"],"weight":0.20700000000000002,"degrees":[243,2796,316]},"num_concepts_raised":369},{"base_id":167,"kind":"top_words","i1":6,"i2":9,"sol":{"path":["/c/en/lesotho","/c/en/country","/c/en/namibia"],"weight":0.20700000000000002,"degrees":[243,2796,332]},"num_concepts_raised":372},{"base_id":167,"kind":"top_words","i1":7,"i2":8,"sol":{"path":["/c/en/malabo","/c/en/equatorial_guinea","/c/en/guinea"],"weight":0.20500000000000002,"degrees":[25,277,316]},"num_concepts_raised":229},{"base_id":167,"kind":"top_words","i1":7,"i2":9,"sol":{"path":["/c/en/malabo","/c/en/equatorial_guinea","/c/en/country","/c/en/namibia"],"weight":0.21409000000000056,"degrees":[25,277,2796,332]},"num_concepts_raised":10942},{"base_id":167,"kind":"top_words","i1":8,"i2":9,"sol":{"path":["/c/en/guinea","/c/en/africa","/c/en/namibia"],"weight":0.20700000000000002,"degrees":[316,860,332]},"num_concepts_raised":423}]]