[[{"base_id":809,"kind":"bot_words","i1":0,"i2":1,"sol":{"path":["/c/en/reykjavík","/c/en/iceland","/c/en/education","/c/en/edge","/c/en/thin","/c/en/bladed"],"weight":0.21709209999999912,"degrees":[106,420,1899,1636,1295,34]},"num_concepts_raised":572167},{"base_id":809,"kind":"bot_words","i1":0,"i2":2,"sol":{"path":["/c/en/reykjavík","/c/en/iceland","/c/en/education","/c/en/test"],"weight":0.23183999999999633,"degrees":[106,420,1899,1443]},"num_concepts_raised":154409},{"base_id":809,"kind":"bot_words","i1":0,"i2":3,"sol":{"path":["/c/en/reykjavík","/c/en/iceland","/c/en/company","/c/en/alone","/c/en/unaccompanied","/c/en/unattended"],"weight":0.21683039999999937,"degrees":[106,420,2258,587,80,40]},"num_concepts_raised":239027},{"base_id":809,"kind":"bot_words","i1":0,"i2":4,"sol":{"path":["/c/en/reykjavík","/c/en/iceland","/c/en/land","/c/en/person","/c/en/female"],"weight":0.25132000000000493,"degrees":[106,420,2465,12935,3110]},"num_concepts_raised":122488},{"base_id":809,"kind":"bot_words","i1":0,"i2":5,"sol":{"path":["/c/en/reykjavík","/c/en/iceland","/c/en/island","/c/en/fish","/c/en/bichir"],"weight":0.2158499999999995,"degrees":[106,420,1660,4424,46]},"num_concepts_raised":4316},{"base_id":809,"kind":"bot_words","i1":0,"i2":6,"sol":{"path":["/c/en/reykjavík","/c/en/iceland","/c/en/country","/c/en/singapore","/c/en/singaporean"],"weight":0.21230999999999955,"degrees":[106,420,2796,572,61]},"num_concepts_raised":1558},{"base_id":809,"kind":"bot_words","i1":0,"i2":7,"sol":{"path":["/c/en/reykjavík","/c/en/iceland","/c/en/country","/c/en/queen","/c/en/pawn"],"weight":0.21805999999999914,"degrees":[106,420,2796,1021,517]},"num_concepts_raised":44947},{"base_id":809,"kind":"bot_words","i1":0,"i2":8,"sol":{"path":["/c/en/reykjavík","/c/en/iceland","/c/en/education","/c/en/book","/c/en/dracula"],"weight":0.2211399999999995,"degrees":[106,420,1899,3239,127]},"num_concepts_raised":11816},{"base_id":809,"kind":"bot_words","i1":0,"i2":9,"sol":{"path":["/c/en/reykjavík","/c/en/iceland","/c/en/land","/c/en/value","/c/en/positional"],"weight":0.2107999999999996,"degrees":[106,420,2465,1699,38]},"num_concepts_raised":10533},{"base_id":809,"kind":"bot_words","i1":1,"i2":2,"sol":{"path":["/c/en/bladed","/c/en/botany","/c/en/test"],"weight":0.20400000000000001,"degrees":[34,6881,1443]},"num_concepts_raised":1238},{"base_id":809,"kind":"bot_words","i1":1,"i2":3,"sol":{"path":["/c/en/bladed","/c/en/blade","/c/en/structure","/c/en/kiosk","/c/en/unattended"],"weight":0.20397999999999983,"degrees":[34,974,1619,161,40]},"num_concepts_raised":10868},{"base_id":809,"kind":"bot_words","i1":1,"i2":4,"sol":{"path":["/c/en/bladed","/c/en/botany","/c/en/female"],"weight":0.20400000000000001,"degrees":[34,6881,3110]},"num_concepts_raised":2930},{"base_id":809,"kind":"bot_words","i1":1,"i2":5,"sol":{"path":["/c/en/bladed","/c/en/blade","/c/en/sword","/c/en/fish","/c/en/bichir"],"weight":0.20913999999999974,"degrees":[34,974,1208,4424,46]},"num_concepts_raised":13421},{"base_id":809,"kind":"bot_words","i1":1,"i2":6,"sol":{"path":["/c/en/bladed","/c/en/botany","/c/en/stone","/c/en/singapore","/c/en/singaporean"],"weight":0.20440999999999981,"degrees":[34,6881,1934,572,61]},"num_concepts_raised":10707},{"base_id":809,"kind":"bot_words","i1":1,"i2":7,"sol":{"path":["/c/en/bladed","/c/en/steel","/c/en/piece","/c/en/pawn"],"weight":0.2101299999999994,"degrees":[34,1352,1565,517]},"num_concepts_raised":53686},{"base_id":809,"kind":"bot_words","i1":1,"i2":8,"sol":{"path":["/c/en/bladed","/c/en/thin","/c/en/plant","/c/en/dracula"],"weight":0.2143799999999998,"degrees":[34,1295,7959,127]},"num_concepts_raised":20273},{"base_id":809,"kind":"bot_words","i1":1,"i2":9,"sol":{"path":["/c/en/bladed","/c/en/blade","/c/en/attitude","/c/en/position","/c/en/positional"],"weight":0.20609999999999984,"degrees":[34,974,525,2038,38]},"num_concepts_raised":19553},{"base_id":809,"kind":"bot_words","i1":2,"i2":3,"sol":{"path":["/c/en/test","/c/zu/hlola","/c/en/unsupervised","/c/en/unattended"],"weight":0.2245899999999966,"degrees":[1443,15,15,40]},"num_concepts_raised":154715},{"base_id":809,"kind":"bot_words","i1":2,"i2":4,"sol":{"path":["/c/en/test","/c/en/pass","/c/en/female"],"weight":0.20600000000000002,"degrees":[1443,2112,3110]},"num_concepts_raised":4106},{"base_id":809,"kind":"bot_words","i1":2,"i2":5,"sol":{"path":["/c/en/test","/c/en/mark","/c/en/fish","/c/en/bichir"],"weight":0.23130999999999646,"degrees":[1443,1876,4424,46]},"num_concepts_raised":157211},{"base_id":809,"kind":"bot_words","i1":2,"i2":6,"sol":{"path":["/c/en/test","/c/en/examination","/c/en/ten_year_series","/c/en/singapore","/c/en/singaporean"],"weight":0.23115999999999653,"degrees":[1443,757,5,572,61]},"num_concepts_raised":154756},{"base_id":809,"kind":"bot_words","i1":2,"i2":7,"sol":{"path":["/c/en/test","/c/en/pop","/c/en/pawn"],"weight":0.20400000000000001,"degrees":[1443,458,517]},"num_concepts_raised":1608},{"base_id":809,"kind":"bot_words","i1":2,"i2":8,"sol":{"path":["/c/en/test","/c/en/trial","/c/en/book","/c/en/dracula"],"weight":0.24290999999999646,"degrees":[1443,799,3239,127]},"num_concepts_raised":163402},{"base_id":809,"kind":"bot_words","i1":2,"i2":9,"sol":{"path":["/c/en/test","/c/en/judge","/c/en/position","/c/en/positional"],"weight":0.2261299999999966,"degrees":[1443,1643,2038,38]},"num_concepts_raised":161565},{"base_id":809,"kind":"bot_words","i1":3,"i2":4,"sol":{"path":["/c/en/unattended","/c/en/unwomanned","/c/en/woman","/c/en/female"],"weight":0.25161000000000505,"degrees":[40,3,3510,3110]},"num_concepts_raised":122930},{"base_id":809,"kind":"bot_words","i1":3,"i2":5,"sol":{"path":["/c/en/unattended","/c/it/solo","/c/en/man","/c/en/fish","/c/en/bichir"],"weight":0.20809999999999976,"degrees":[40,77,3068,4424,46]},"num_concepts_raised":4862},{"base_id":809,"kind":"bot_words","i1":3,"i2":6,"sol":{"path":["/c/en/unattended","/c/en/unaccompanied","/c/en/alone","/c/en/island","/c/en/singapore","/c/en/singaporean"],"weight":0.21079009999999967,"degrees":[40,80,587,1660,572,61]},"num_concepts_raised":169528},{"base_id":809,"kind":"bot_words","i1":3,"i2":7,"sol":{"path":["/c/en/unattended","/c/en/attend","/c/en/servant","/c/en/pawn"],"weight":0.20897999999999942,"degrees":[40,599,1283,517]},"num_concepts_raised":45397},{"base_id":809,"kind":"bot_words","i1":3,"i2":8,"sol":{"path":["/c/en/unattended","/c/it/solo","/c/en/sole","/c/en/plant","/c/en/dracula"],"weight":0.2133899999999998,"degrees":[40,77,778,7959,127]},"num_concepts_raised":12358},{"base_id":809,"kind":"bot_words","i1":3,"i2":9,"sol":{"path":["/c/en/unattended","/c/en/kiosk","/c/en/stand","/c/en/position","/c/en/positional"],"weight":0.2050999999999999,"degrees":[40,161,1476,2038,38]},"num_concepts_raised":11056},{"base_id":809,"kind":"bot_words","i1":4,"i2":5,"sol":{"path":["/c/en/female","/c/en/woman","/c/en/fish","/c/en/bichir"],"weight":0.25693000000000493,"degrees":[3110,3510,4424,46]},"num_concepts_raised":125211},{"base_id":809,"kind":"bot_words","i1":4,"i2":6,"sol":{"path":["/c/en/female","/c/en/person","/c/en/east_indian_person","/c/en/singaporean"],"weight":0.24384000000000516,"degrees":[3110,12935,17,61]},"num_concepts_raised":122635},{"base_id":809,"kind":"bot_words","i1":4,"i2":7,"sol":{"path":["/c/en/female","/c/en/person","/c/en/pawn"],"weight":0.20500000000000002,"degrees":[3110,12935,517]},"num_concepts_raised":3299},{"base_id":809,"kind":"bot_words","i1":4,"i2":8,"sol":{"path":["/c/en/female","/c/en/sex","/c/en/book","/c/en/dracula"],"weight":0.2578800000000051,"degrees":[3110,1592,3239,127]},"num_concepts_raised":131406},{"base_id":809,"kind":"bot_words","i1":4,"i2":9,"sol":{"path":["/c/en/female","/c/en/man","/c/en/position","/c/en/positional"],"weight":0.24541000000000524,"degrees":[3110,3068,2038,38]},"num_concepts_raised":130769},{"base_id":809,"kind":"bot_words","i1":5,"i2":6,"sol":{"path":["/c/en/bichir","/c/en/fish","/c/en/balachong","/c/en/singaporean"],"weight":0.20840999999999973,"degrees":[46,4424,15,61]},"num_concepts_raised":4692},{"base_id":809,"kind":"bot_words","i1":5,"i2":7,"sol":{"path":["/c/en/bichir","/c/en/fish","/c/km/ត្រី","/c/en/pawn"],"weight":0.2150599999999993,"degrees":[46,4424,18,517]},"num_concepts_raised":47908},{"base_id":809,"kind":"bot_words","i1":5,"i2":8,"sol":{"path":["/c/en/bichir","/c/en/fish","/c/en/living","/c/en/vampire","/c/en/dracula"],"weight":0.2205599999999997,"degrees":[46,4424,839,413,127]},"num_concepts_raised":14908},{"base_id":809,"kind":"bot_words","i1":5,"i2":9,"sol":{"path":["/c/en/bichir","/c/en/fish","/c/en/place","/c/en/position","/c/en/positional"],"weight":0.21025999999999978,"degrees":[46,4424,3314,2038,38]},"num_concepts_raised":13645},{"base_id":809,"kind":"bot_words","i1":6,"i2":7,"sol":{"path":["/c/en/singaporean","/c/en/east_indian_person","/c/en/person","/c/en/pawn"],"weight":0.2093699999999994,"degrees":[61,17,12935,517]},"num_concepts_raised":45126},{"base_id":809,"kind":"bot_words","i1":6,"i2":8,"sol":{"path":["/c/en/singaporean","/c/en/singapore","/c/en/english_language","/c/en/plant","/c/en/dracula"],"weight":0.21486999999999978,"degrees":[61,572,579,7959,127]},"num_concepts_raised":12190},{"base_id":809,"kind":"bot_words","i1":6,"i2":9,"sol":{"path":["/c/en/singaporean","/c/en/singapore","/c/en/stead","/c/en/position","/c/en/positional"],"weight":0.20663999999999985,"degrees":[61,572,136,2038,38]},"num_concepts_raised":10912},{"base_id":809,"kind":"bot_words","i1":7,"i2":8,"sol":{"path":["/c/en/pawn","/c/en/piece","/c/en/book","/c/en/dracula"],"weight":0.22057999999999936,"degrees":[517,1565,3239,127]},"num_concepts_raised":55076},{"base_id":809,"kind":"bot_words","i1":7,"i2":9,"sol":{"path":["/c/en/pawn","/c/en/hole","/c/en/positional"],"weight":0.202,"degrees":[517,1499,38]},"num_concepts_raised":431},{"base_id":809,"kind":"bot_words","i1":8,"i2":9,"sol":{"path":["/c/en/dracula","/c/en/book","/c/en/place","/c/en/position","/c/en/positional"],"weight":0.2155499999999998,"degrees":[127,3239,3314,2038,38]},"num_concepts_raised":21057}],[{"base_id":809,"kind":"top_words","i1":0,"i2":1,"sol":{"path":["/c/en/taconite","/c/en/tool","/c/en/ear","/c/en/parotid_gland","/c/en/parotid"],"weight":0.20388,"degrees":[30,1423,1621,95,24]},"num_concepts_raised":11484},{"base_id":809,"kind":"top_words","i1":0,"i2":2,"sol":{"path":["/c/en/taconite","/c/en/like","/c/en/bullet","/c/en/pellet"],"weight":0.20452999999999955,"degrees":[30,2357,897,159]},"num_concepts_raised":21881},{"base_id":809,"kind":"top_words","i1":0,"i2":3,"sol":{"path":["/c/en/taconite","/c/en/tool","/c/en/object","/c/en/transitive"],"weight":0.20524999999999963,"degrees":[30,1423,1642,144]},"num_concepts_raised":30225},{"base_id":809,"kind":"top_words","i1":0,"i2":4,"sol":{"path":["/c/en/taconite","/c/en/internet","/c/en/channel","/c/en/duct"],"weight":0.20794999999999933,"degrees":[30,2994,932,345]},"num_concepts_raised":21602},{"base_id":809,"kind":"top_words","i1":0,"i2":5,"sol":{"path":["/c/en/taconite","/c/en/tool","/c/en/stick","/c/en/rod"],"weight":0.22279999999999867,"degrees":[30,1423,2046,750]},"num_concepts_raised":134713},{"base_id":809,"kind":"top_words","i1":0,"i2":6,"sol":{"path":["/c/en/taconite","/c/en/iron","/c/en/wrong","/c/en/ethics","/c/en/ethically"],"weight":0.20389999999999991,"degrees":[30,2867,1039,459,28]},"num_concepts_raised":12075},{"base_id":809,"kind":"top_words","i1":0,"i2":7,"sol":{"path":["/c/en/taconite","/c/en/iron","/c/en/steel","/c/en/dagger","/c/en/khanjar"],"weight":0.20368999999999993,"degrees":[30,2867,1352,505,50]},"num_concepts_raised":11825},{"base_id":809,"kind":"top_words","i1":0,"i2":8,"sol":{"path":["/c/en/taconite","/c/en/iron","/c/en/pot","/c/en/potbellied"],"weight":0.20317999999999986,"degrees":[30,2867,1260,54]},"num_concepts_raised":12744},{"base_id":809,"kind":"top_words","i1":0,"i2":9,"sol":{"path":["/c/en/taconite","/c/en/software","/c/en/echo","/c/en/reverberate"],"weight":0.20566999999999963,"degrees":[30,1812,738,141]},"num_concepts_raised":21431},{"base_id":809,"kind":"top_words","i1":1,"i2":2,"sol":{"path":["/c/en/parotid","/c/en/parotid_gland","/c/en/anatomy","/c/en/tube","/c/en/pellet"],"weight":0.20535999999999965,"degrees":[24,95,12775,849,159]},"num_concepts_raised":11001},{"base_id":809,"kind":"top_words","i1":1,"i2":3,"sol":{"path":["/c/en/parotid","/c/en/parotid_gland","/c/en/anatomy","/c/en/vertex","/c/en/transitive"],"weight":0.20520999999999973,"degrees":[24,95,12775,381,144]},"num_concepts_raised":19548},{"base_id":809,"kind":"top_words","i1":1,"i2":4,"sol":{"path":["/c/en/parotid","/c/en/parotid_gland","/c/en/anatomy","/c/it/canale","/c/en/duct"],"weight":0.20899999999999944,"degrees":[24,95,12775,28,345]},"num_concepts_raised":10678},{"base_id":809,"kind":"top_words","i1":1,"i2":5,"sol":{"path":["/c/en/parotid","/c/en/parotid_gland","/c/en/anatomy","/c/en/rod"],"weight":0.2177099999999988,"degrees":[24,95,12775,750]},"num_concepts_raised":125505},{"base_id":809,"kind":"top_words","i1":1,"i2":6,"sol":{"path":["/c/en/parotid","/c/en/parotid_gland","/c/en/anatomy","/c/zh/骨頭","/c/en/morally","/c/en/ethically"],"weight":0.20963989999999993,"degrees":[24,95,12775,103,120,28]},"num_concepts_raised":63160},{"base_id":809,"kind":"top_words","i1":1,"i2":7,"sol":{"path":["/c/en/parotid","/c/fr/parotide","/c/fr/anatomie","/c/fr/lame","/c/fr/kandjar","/c/en/khanjar"],"weight":0.20988450000000003,"degrees":[24,29,8035,467,26,50]},"num_concepts_raised":44049},{"base_id":809,"kind":"top_words","i1":1,"i2":8,"sol":{"path":["/c/en/parotid","/c/en/parotid_gland","/c/en/anatomy","/c/en/abdomen","/c/en/abdominous","/c/en/potbellied"],"weight":0.21036919999999995,"degrees":[24,95,12775,628,24,54]},"num_concepts_raised":235731},{"base_id":809,"kind":"top_words","i1":1,"i2":9,"sol":{"path":["/c/en/parotid","/c/en/parotid_gland","/c/en/anatomy","/c/en/process","/c/en/reverberate"],"weight":0.20510999999999974,"degrees":[24,95,12775,1571,141]},"num_concepts_raised":10487},{"base_id":809,"kind":"top_words","i1":2,"i2":3,"sol":{"path":["/c/en/pellet","/c/en/ball","/c/en/object","/c/en/transitive"],"weight":0.2069399999999993,"degrees":[159,2118,1642,144]},"num_concepts_raised":29873},{"base_id":809,"kind":"top_words","i1":2,"i2":4,"sol":{"path":["/c/en/pellet","/c/en/tube","/c/fi/putki","/c/en/duct"],"weight":0.21037999999999896,"degrees":[159,849,64,345]},"num_concepts_raised":20978},{"base_id":809,"kind":"top_words","i1":2,"i2":5,"sol":{"path":["/c/en/pellet","/c/en/ball","/c/en/stick","/c/en/rod"],"weight":0.2243599999999983,"degrees":[159,2118,2046,750]},"num_concepts_raised":134375},{"base_id":809,"kind":"top_words","i1":2,"i2":6,"sol":{"path":["/c/en/pellet","/c/en/ball","/c/en/sleazeball","/c/en/morally","/c/en/ethically"],"weight":0.20545999999999956,"degrees":[159,2118,26,120,28]},"num_concepts_raised":11593},{"base_id":809,"kind":"top_words","i1":2,"i2":7,"sol":{"path":["/c/en/pellet","/c/en/ball","/c/en/soccer","/c/en/dagger","/c/en/khanjar"],"weight":0.20525999999999958,"degrees":[159,2118,1103,505,50]},"num_concepts_raised":11342},{"base_id":809,"kind":"top_words","i1":2,"i2":8,"sol":{"path":["/c/en/pellet","/c/en/ball","/c/en/pot","/c/en/potbellied"],"weight":0.20479999999999948,"degrees":[159,2118,1260,54]},"num_concepts_raised":12250},{"base_id":809,"kind":"top_words","i1":2,"i2":9,"sol":{"path":["/c/en/pellet","/c/en/ball","/c/en/bounce","/c/en/reverberate"],"weight":0.20582999999999926,"degrees":[159,2118,471,141]},"num_concepts_raised":20916},{"base_id":809,"kind":"top_words","i1":3,"i2":4,"sol":{"path":["/c/en/transitive","/c/en/transit","/c/en/passage","/c/en/duct"],"weight":0.20880999999999905,"degrees":[144,243,842,345]},"num_concepts_raised":29586},{"base_id":809,"kind":"top_words","i1":3,"i2":5,"sol":{"path":["/c/en/transitive","/c/en/transit","/c/en/rod"],"weight":0.20500000000000002,"degrees":[144,243,750]},"num_concepts_raised":751},{"base_id":809,"kind":"top_words","i1":3,"i2":6,"sol":{"path":["/c/en/transitive","/c/en/transit","/c/en/standard","/c/en/ethics","/c/en/ethically"],"weight":0.20611999999999964,"degrees":[144,243,1054,459,28]},"num_concepts_raised":20138},{"base_id":809,"kind":"top_words","i1":3,"i2":7,"sol":{"path":["/c/en/transitive","/c/en/object","/c/en/stab","/c/en/dagger","/c/en/khanjar"],"weight":0.20598999999999967,"degrees":[144,1642,449,505,50]},"num_concepts_raised":19900},{"base_id":809,"kind":"top_words","i1":3,"i2":8,"sol":{"path":["/c/en/transitive","/c/en/set","/c/nl/gezet","/c/en/potbellied"],"weight":0.2044699999999996,"degrees":[144,2628,37,54]},"num_concepts_raised":20804},{"base_id":809,"kind":"top_words","i1":3,"i2":9,"sol":{"path":["/c/en/transitive","/c/en/object","/c/en/ring","/c/en/reverberate"],"weight":0.20762999999999934,"degrees":[144,1642,2026,141]},"num_concepts_raised":29272},{"base_id":809,"kind":"top_words","i1":4,"i2":5,"sol":{"path":["/c/en/duct","/c/en/shaft","/c/en/rod"],"weight":0.20500000000000002,"degrees":[345,621,750]},"num_concepts_raised":907},{"base_id":809,"kind":"top_words","i1":4,"i2":6,"sol":{"path":["/c/en/duct","/c/en/conduit","/c/en/conduct","/c/en/ethics","/c/en/ethically"],"weight":0.20904999999999935,"degrees":[345,212,784,459,28]},"num_concepts_raised":11272},{"base_id":809,"kind":"top_words","i1":4,"i2":7,"sol":{"path":["/c/en/duct","/c/en/canal","/c/en/small","/c/en/dagger","/c/en/khanjar"],"weight":0.20785999999999938,"degrees":[345,767,2515,505,50]},"num_concepts_raised":11035},{"base_id":809,"kind":"top_words","i1":4,"i2":8,"sol":{"path":["/c/en/duct","/c/en/flue","/c/en/pot","/c/en/potbellied"],"weight":0.2066499999999993,"degrees":[345,135,1260,54]},"num_concepts_raised":11956},{"base_id":809,"kind":"top_words","i1":4,"i2":9,"sol":{"path":["/c/en/duct","/c/en/channel","/c/en/hollow","/c/en/reverberate"],"weight":0.20917999999999906,"degrees":[345,932,863,141]},"num_concepts_raised":20684},{"base_id":809,"kind":"top_words","i1":5,"i2":6,"sol":{"path":["/c/en/rod","/c/en/staff","/c/en/people","/c/en/ethical","/c/en/ethically"],"weight":0.22006999999999868,"degrees":[750,869,4475,190,28]},"num_concepts_raised":126092},{"base_id":809,"kind":"top_words","i1":5,"i2":7,"sol":{"path":["/c/en/rod","/c/en/dag","/c/en/dagger","/c/en/khanjar"],"weight":0.21712999999999877,"degrees":[750,96,505,50]},"num_concepts_raised":125847},{"base_id":809,"kind":"top_words","i1":5,"i2":8,"sol":{"path":["/c/en/rod","/c/en/slang","/c/en/pot","/c/en/potbellied"],"weight":0.21923999999999866,"degrees":[750,16318,1260,54]},"num_concepts_raised":126556},{"base_id":809,"kind":"top_words","i1":5,"i2":9,"sol":{"path":["/c/en/rod","/c/en/metal","/c/en/ring","/c/en/reverberate"],"weight":0.2211499999999984,"degrees":[750,2107,2026,141]},"num_concepts_raised":134286},{"base_id":809,"kind":"top_words","i1":6,"i2":7,"sol":{"path":["/c/en/ethically","/c/en/ethics","/c/en/moral","/c/en/character","/c/en/dagger","/c/en/khanjar"],"weight":0.20914629999999984,"degrees":[28,459,587,1971,505,50]},"num_concepts_raised":57099},{"base_id":809,"kind":"top_words","i1":6,"i2":8,"sol":{"path":["/c/en/ethically","/c/en/ethics","/c/en/conduct","/c/en/pot","/c/en/potbellied"],"weight":0.2040999999999999,"degrees":[28,459,784,1260,54]},"num_concepts_raised":2150},{"base_id":809,"kind":"top_words","i1":6,"i2":9,"sol":{"path":["/c/en/ethically","/c/en/ethical","/c/en/people","/c/en/ring","/c/en/reverberate"],"weight":0.20520999999999964,"degrees":[28,190,4475,2026,141]},"num_concepts_raised":11080},{"base_id":809,"kind":"top_words","i1":7,"i2":8,"sol":{"path":["/c/en/khanjar","/c/en/dagger","/c/en/spud","/c/en/fat","/c/en/abdominous","/c/en/potbellied"],"weight":0.20969779999999988,"degrees":[50,505,79,1429,24,54]},"num_concepts_raised":228086},{"base_id":809,"kind":"top_words","i1":7,"i2":9,"sol":{"path":["/c/en/khanjar","/c/en/dagger","/c/en/small","/c/en/ring","/c/en/reverberate"],"weight":0.20590999999999968,"degrees":[50,505,2515,2026,141]},"num_concepts_raised":10840},{"base_id":809,"kind":"top_words","i1":8,"i2":9,"sol":{"path":["/c/en/potbellied","/c/en/pot","/c/en/catch","/c/en/echo","/c/en/reverberate"],"weight":0.20594999999999958,"degrees":[54,1260,1527,738,141]},"num_concepts_raised":11773}]]