[[{"base_id":843,"kind":"bot_words","i1":0,"i2":1,"sol":{"path":["/c/en/admired","/c/en/list","/c/en/leer","/c/en/town","/c/en/cherrapunji"],"weight":0.2100999999999998,"degrees":[30,1079,215,2220,53]},"num_concepts_raised":11070},{"base_id":843,"kind":"bot_words","i1":0,"i2":2,"sol":{"path":["/c/en/admired","/c/en/admire","/c/en/reverence","/c/fr/crainte","/c/en/trepidation"],"weight":0.2072399999999998,"degrees":[30,558,316,233,131]},"num_concepts_raised":10496},{"base_id":843,"kind":"bot_words","i1":0,"i2":3,"sol":{"path":["/c/en/admired","/c/en/list","/c/en/us","/c/en/homicide","/c/en/manslaughter"],"weight":0.20640999999999984,"degrees":[30,1079,8154,245,116]},"num_concepts_raised":8496},{"base_id":843,"kind":"bot_words","i1":0,"i2":4,"sol":{"path":["/c/en/admired","/c/en/loved","/c/en/family","/c/en/group","/c/en/mobbing"],"weight":0.20930999999999983,"degrees":[30,124,3166,2339,69]},"num_concepts_raised":15043},{"base_id":843,"kind":"bot_words","i1":0,"i2":5,"sol":{"path":["/c/en/admired","/c/en/godhead","/c/en/god","/c/en/polytheism"],"weight":0.2159300000000003,"degrees":[30,62,1774,255]},"num_concepts_raised":8375},{"base_id":843,"kind":"bot_words","i1":0,"i2":6,"sol":{"path":["/c/en/admired","/c/en/list","/c/en/balance","/c/en/unequal","/c/en/unequally"],"weight":0.20282999999999987,"degrees":[30,1079,982,145,33]},"num_concepts_raised":2364},{"base_id":843,"kind":"bot_words","i1":0,"i2":7,"sol":{"path":["/c/en/admired","/c/en/admire","/c/en/wonder","/c/en/seven","/c/en/sevenfold"],"weight":0.2048399999999999,"degrees":[30,558,706,959,31]},"num_concepts_raised":2811},{"base_id":843,"kind":"bot_words","i1":0,"i2":8,"sol":{"path":["/c/en/admired","/c/en/list","/c/en/board","/c/en/torture"],"weight":0.21766999999999911,"degrees":[30,1079,1625,779]},"num_concepts_raised":33096},{"base_id":843,"kind":"bot_words","i1":0,"i2":9,"sol":{"path":["/c/en/admired","/c/en/admire","/c/en/look","/c/en/design","/c/en/tangram"],"weight":0.20933999999999997,"degrees":[30,558,1962,1361,64]},"num_concepts_raised":4796},{"base_id":843,"kind":"bot_words","i1":1,"i2":2,"sol":{"path":["/c/en/cherrapunji","/c/en/town","/c/en/jurat","/c/en/concern","/c/en/trepidation"],"weight":0.21167999999999976,"degrees":[53,2220,60,881,131]},"num_concepts_raised":17730},{"base_id":843,"kind":"bot_words","i1":1,"i2":3,"sol":{"path":["/c/en/cherrapunji","/c/en/state","/c/en/law","/c/en/manslaughter"],"weight":0.20936999999999975,"degrees":[53,3243,3727,116]},"num_concepts_raised":15730},{"base_id":843,"kind":"bot_words","i1":1,"i2":4,"sol":{"path":["/c/en/cherrapunji","/c/en/place","/c/en/group","/c/en/mobbing"],"weight":0.21361999999999975,"degrees":[53,3314,2339,69]},"num_concepts_raised":22190},{"base_id":843,"kind":"bot_words","i1":1,"i2":5,"sol":{"path":["/c/en/cherrapunji","/c/en/town","/c/en/lord","/c/en/god","/c/en/polytheism"],"weight":0.2233300000000002,"degrees":[53,2220,988,1774,255]},"num_concepts_raised":15658},{"base_id":843,"kind":"bot_words","i1":1,"i2":6,"sol":{"path":["/c/en/cherrapunji","/c/en/place","/c/ja/凹","/c/en/unevenly","/c/en/unequally"],"weight":0.2101699999999998,"degrees":[53,3314,76,47,33]},"num_concepts_raised":9709},{"base_id":843,"kind":"bot_words","i1":1,"i2":7,"sol":{"path":["/c/en/cherrapunji","/c/en/world","/c/en/seven","/c/en/sevenfold"],"weight":0.2091599999999998,"degrees":[53,1629,959,31]},"num_concepts_raised":10152},{"base_id":843,"kind":"bot_words","i1":1,"i2":8,"sol":{"path":["/c/en/cherrapunji","/c/en/state","/c/en/agony","/c/en/torture"],"weight":0.22578999999999905,"degrees":[53,3243,267,779]},"num_concepts_raised":39966},{"base_id":843,"kind":"bot_words","i1":1,"i2":9,"sol":{"path":["/c/en/cherrapunji","/c/en/town","/c/en/square","/c/en/tangram"],"weight":0.21576999999999985,"degrees":[53,2220,1534,64]},"num_concepts_raised":12061},{"base_id":843,"kind":"bot_words","i1":2,"i2":3,"sol":{"path":["/c/en/trepidation","/c/en/concern","/c/en/law","/c/en/manslaughter"],"weight":0.2056699999999998,"degrees":[131,881,3727,116]},"num_concepts_raised":15208},{"base_id":843,"kind":"bot_words","i1":2,"i2":4,"sol":{"path":["/c/en/trepidation","/c/en/astronomy","/c/en/group","/c/en/mobbing"],"weight":0.20967999999999976,"degrees":[131,4553,2339,69]},"num_concepts_raised":21707},{"base_id":843,"kind":"bot_words","i1":2,"i2":5,"sol":{"path":["/c/en/trepidation","/c/en/sphere","/c/en/god","/c/en/polytheism"],"weight":0.21727000000000024,"degrees":[131,859,1774,255]},"num_concepts_raised":15040},{"base_id":843,"kind":"bot_words","i1":2,"i2":6,"sol":{"path":["/c/en/trepidation","/c/ru/беспокойство","/c/ru/беспокойно","/c/en/unevenly","/c/en/unequally"],"weight":0.2062299999999998,"degrees":[131,42,14,47,33]},"num_concepts_raised":9112},{"base_id":843,"kind":"bot_words","i1":2,"i2":7,"sol":{"path":["/c/en/trepidation","/c/en/astronomy","/c/en/day","/c/en/seven","/c/en/sevenfold"],"weight":0.20523999999999987,"degrees":[131,4553,2168,959,31]},"num_concepts_raised":9559},{"base_id":843,"kind":"bot_words","i1":2,"i2":8,"sol":{"path":["/c/en/trepidation","/c/fr/inquiétude","/c/fr/supplice","/c/en/torture"],"weight":0.22357999999999906,"degrees":[131,211,100,779]},"num_concepts_raised":39573},{"base_id":843,"kind":"bot_words","i1":2,"i2":9,"sol":{"path":["/c/en/trepidation","/c/en/intrepid","/c/en/hardy","/c/en/square","/c/en/tangram"],"weight":0.21075999999999992,"degrees":[131,107,196,1534,64]},"num_concepts_raised":11526},{"base_id":843,"kind":"bot_words","i1":3,"i2":4,"sol":{"path":["/c/en/manslaughter","/c/en/kill","/c/en/predator","/c/en/mobbing"],"weight":0.2097799999999998,"degrees":[116,1884,204,69]},"num_concepts_raised":19657},{"base_id":843,"kind":"bot_words","i1":3,"i2":5,"sol":{"path":["/c/en/manslaughter","/c/en/godslaughter","/c/en/god","/c/en/polytheism"],"weight":0.21714000000000025,"degrees":[116,5,1774,255]},"num_concepts_raised":13096},{"base_id":843,"kind":"bot_words","i1":3,"i2":6,"sol":{"path":["/c/en/manslaughter","/c/en/homicide","/c/en/term","/c/en/unequal","/c/en/unequally"],"weight":0.20645999999999984,"degrees":[116,245,1089,145,33]},"num_concepts_raised":7115},{"base_id":843,"kind":"bot_words","i1":3,"i2":7,"sol":{"path":["/c/en/manslaughter","/c/en/murder","/c/en/sin","/c/en/seven","/c/en/sevenfold"],"weight":0.20549999999999985,"degrees":[116,937,984,959,31]},"num_concepts_raised":7564},{"base_id":843,"kind":"bot_words","i1":3,"i2":8,"sol":{"path":["/c/en/manslaughter","/c/en/kill","/c/en/pain","/c/en/torture"],"weight":0.22657999999999906,"degrees":[116,1884,2002,779]},"num_concepts_raised":37358},{"base_id":843,"kind":"bot_words","i1":3,"i2":9,"sol":{"path":["/c/en/manslaughter","/c/en/homicide","/c/en/term","/c/en/square","/c/en/tangram"],"weight":0.21201999999999993,"degrees":[116,245,1089,1534,64]},"num_concepts_raised":9514},{"base_id":843,"kind":"bot_words","i1":4,"i2":5,"sol":{"path":["/c/en/mobbing","/c/en/group","/c/en/person","/c/en/god","/c/en/polytheism"],"weight":0.22162000000000023,"degrees":[69,2339,12935,1774,255]},"num_concepts_raised":19616},{"base_id":843,"kind":"bot_words","i1":4,"i2":6,"sol":{"path":["/c/en/mobbing","/c/en/animal","/c/en/term","/c/en/unequal","/c/en/unequally"],"weight":0.2083499999999998,"degrees":[69,3735,1089,145,33]},"num_concepts_raised":13690},{"base_id":843,"kind":"bot_words","i1":4,"i2":7,"sol":{"path":["/c/en/mobbing","/c/en/group","/c/en/person","/c/en/seven","/c/en/sevenfold"],"weight":0.20951999999999985,"degrees":[69,2339,12935,959,31]},"num_concepts_raised":14126},{"base_id":843,"kind":"bot_words","i1":4,"i2":8,"sol":{"path":["/c/en/mobbing","/c/en/animal","/c/en/pain","/c/en/torture"],"weight":0.23042999999999902,"degrees":[69,3735,2002,779]},"num_concepts_raised":43844},{"base_id":843,"kind":"bot_words","i1":4,"i2":9,"sol":{"path":["/c/en/mobbing","/c/en/group","/c/en/person","/c/en/square","/c/en/tangram"],"weight":0.2140399999999999,"degrees":[69,2339,12935,1534,64]},"num_concepts_raised":16074},{"base_id":843,"kind":"bot_words","i1":5,"i2":6,"sol":{"path":["/c/en/polytheism","/c/en/god","/c/zh/太歲","/c/en/roughly","/c/en/unevenly","/c/en/unequally"],"weight":0.23122209999999974,"degrees":[255,1774,26,259,47,33]},"num_concepts_raised":254462},{"base_id":843,"kind":"bot_words","i1":5,"i2":7,"sol":{"path":["/c/en/polytheism","/c/en/god","/c/en/person","/c/en/seven","/c/en/sevenfold"],"weight":0.21708000000000033,"degrees":[255,1774,12935,959,31]},"num_concepts_raised":7456},{"base_id":843,"kind":"bot_words","i1":5,"i2":8,"sol":{"path":["/c/en/polytheism","/c/en/god","/c/en/evil","/c/en/torture"],"weight":0.23088999999999954,"degrees":[255,1774,1456,779]},"num_concepts_raised":37608},{"base_id":843,"kind":"bot_words","i1":5,"i2":9,"sol":{"path":["/c/en/polytheism","/c/en/god","/c/en/pandeism","/c/en/design","/c/en/tangram"],"weight":0.22163000000000038,"degrees":[255,1774,108,1361,64]},"num_concepts_raised":9438},{"base_id":843,"kind":"bot_words","i1":6,"i2":7,"sol":{"path":["/c/en/unequally","/c/de/ungleich","/c/en/than","/c/en/eight","/c/en/seven","/c/en/sevenfold"],"weight":0.20974029999999982,"degrees":[33,57,323,1020,959,31]},"num_concepts_raised":76874},{"base_id":843,"kind":"bot_words","i1":6,"i2":8,"sol":{"path":["/c/en/unequally","/c/fi/sorsia","/c/en/treat","/c/en/distress","/c/en/torture"],"weight":0.22038999999999911,"degrees":[33,8,833,756,779]},"num_concepts_raised":31763},{"base_id":843,"kind":"bot_words","i1":6,"i2":9,"sol":{"path":["/c/en/unequally","/c/en/unequal","/c/en/equal","/c/en/square","/c/en/tangram"],"weight":0.20848999999999995,"degrees":[33,145,1243,1534,64]},"num_concepts_raised":3412},{"base_id":843,"kind":"bot_words","i1":7,"i2":8,"sol":{"path":["/c/en/sevenfold","/c/en/seventh","/c/en/stretch","/c/en/rack","/c/en/torture"],"weight":0.22650999999999913,"degrees":[31,299,1228,554,779]},"num_concepts_raised":32206},{"base_id":843,"kind":"bot_words","i1":7,"i2":9,"sol":{"path":["/c/en/sevenfold","/c/en/seven","/c/en/number","/c/en/square","/c/en/tangram"],"weight":0.20951999999999998,"degrees":[31,959,2301,1534,64]},"num_concepts_raised":3863},{"base_id":843,"kind":"bot_words","i1":8,"i2":9,"sol":{"path":["/c/en/torture","/c/en/cigarette","/c/en/square","/c/en/tangram"],"weight":0.2233599999999992,"degrees":[779,785,1534,64]},"num_concepts_raised":34032}],[{"base_id":843,"kind":"top_words","i1":0,"i2":1,"sol":{"path":["/c/en/catenary","/c/en/geometry","/c/en/star","/c/en/algol"],"weight":0.2119499999999997,"degrees":[78,2822,2132,141]},"num_concepts_raised":31692},{"base_id":843,"kind":"top_words","i1":0,"i2":2,"sol":{"path":["/c/en/catenary","/c/en/nautical","/c/is/beita","/c/en/abet"],"weight":0.20481999999999964,"degrees":[78,5204,23,148]},"num_concepts_raised":25877},{"base_id":843,"kind":"top_words","i1":0,"i2":3,"sol":{"path":["/c/en/catenary","/c/en/force","/c/en/change","/c/en/substitution"],"weight":0.20635999999999927,"degrees":[78,1979,3383,277]},"num_concepts_raised":44010},{"base_id":843,"kind":"top_words","i1":0,"i2":4,"sol":{"path":["/c/en/catenary","/c/en/force","/c/en/change","/c/en/modification"],"weight":0.20772999999999928,"degrees":[78,1979,3383,268]},"num_concepts_raised":39015},{"base_id":843,"kind":"top_words","i1":0,"i2":5,"sol":{"path":["/c/en/catenary","/c/en/geometry","/c/en/right","/c/en/easement"],"weight":0.20977999999999988,"degrees":[78,2822,2319,111]},"num_concepts_raised":32689},{"base_id":843,"kind":"top_words","i1":0,"i2":6,"sol":{"path":["/c/en/catenary","/c/en/chain","/c/en/computing","/c/en/nix"],"weight":0.21016999999999955,"degrees":[78,1065,9084,170]},"num_concepts_raised":43977},{"base_id":843,"kind":"top_words","i1":0,"i2":7,"sol":{"path":["/c/en/catenary","/c/fr/chaînette","/c/fr/forme","/c/fr/imparfait","/c/en/imperfective"],"weight":0.20596999999999988,"degrees":[78,44,1359,141,63]},"num_concepts_raised":18186},{"base_id":843,"kind":"top_words","i1":0,"i2":8,"sol":{"path":["/c/en/catenary","/c/en/force","/c/en/linguistics","/c/en/verb"],"weight":0.22607999999999903,"degrees":[78,1979,4250,997]},"num_concepts_raised":57278},{"base_id":843,"kind":"top_words","i1":0,"i2":9,"sol":{"path":["/c/en/catenary","/c/ru/линия","/c/en/historical","/c/en/quadrennium"],"weight":0.2033499999999998,"degrees":[78,39,8415,34]},"num_concepts_raised":35767},{"base_id":843,"kind":"top_words","i1":1,"i2":2,"sol":{"path":["/c/en/algol","/c/en/scheme","/c/ms/bersubahat","/c/en/abet"],"weight":0.21044999999999955,"degrees":[141,672,4,148]},"num_concepts_raised":24893},{"base_id":843,"kind":"top_words","i1":1,"i2":3,"sol":{"path":["/c/en/algol","/c/en/computing","/c/en/switch","/c/en/substitution"],"weight":0.2118099999999992,"degrees":[141,9084,811,277]},"num_concepts_raised":43009},{"base_id":843,"kind":"top_words","i1":1,"i2":4,"sol":{"path":["/c/en/algol","/c/en/programming_language","/c/en/language","/c/en/modification"],"weight":0.21380999999999917,"degrees":[141,560,4160,268]},"num_concepts_raised":37748},{"base_id":843,"kind":"top_words","i1":1,"i2":5,"sol":{"path":["/c/en/algol","/c/en/computing","/c/en/architecture","/c/en/easement"],"weight":0.21525999999999978,"degrees":[141,9084,2564,111]},"num_concepts_raised":31759},{"base_id":843,"kind":"top_words","i1":1,"i2":6,"sol":{"path":["/c/en/algol","/c/en/computing","/c/en/nix"],"weight":0.20600000000000002,"degrees":[141,9084,170]},"num_concepts_raised":239},{"base_id":843,"kind":"top_words","i1":1,"i2":7,"sol":{"path":["/c/en/algol","/c/en/eclipse","/c/nv/daatsaah","/c/en/imperfective"],"weight":0.20946999999999977,"degrees":[141,482,17,63]},"num_concepts_raised":17094},{"base_id":843,"kind":"top_words","i1":1,"i2":8,"sol":{"path":["/c/en/algol","/c/en/i","/c/en/grammar","/c/en/verb"],"weight":0.23671999999999888,"degrees":[141,594,6397,997]},"num_concepts_raised":56052},{"base_id":843,"kind":"top_words","i1":1,"i2":9,"sol":{"path":["/c/en/algol","/c/en/star","/c/en/astronomy","/c/en/quadrennium"],"weight":0.2113399999999997,"degrees":[141,2132,4553,34]},"num_concepts_raised":34212},{"base_id":843,"kind":"top_words","i1":2,"i2":3,"sol":{"path":["/c/en/abet","/c/en/second","/c/en/atom","/c/en/substitution"],"weight":0.20682999999999915,"degrees":[148,1367,1498,277]},"num_concepts_raised":37261},{"base_id":843,"kind":"top_words","i1":2,"i2":4,"sol":{"path":["/c/en/abet","/c/en/second","/c/en/copy","/c/en/modification"],"weight":0.20688999999999916,"degrees":[148,1367,1022,268]},"num_concepts_raised":32289},{"base_id":843,"kind":"top_words","i1":2,"i2":5,"sol":{"path":["/c/en/abet","/c/en/help","/c/en/relief","/c/en/easement"],"weight":0.21295999999999976,"degrees":[148,1841,716,111]},"num_concepts_raised":25817},{"base_id":843,"kind":"top_words","i1":2,"i2":6,"sol":{"path":["/c/en/abet","/c/en/help","/c/en/nothing","/c/en/nix"],"weight":0.21364999999999945,"degrees":[148,1841,773,170]},"num_concepts_raised":37221},{"base_id":843,"kind":"top_words","i1":2,"i2":7,"sol":{"path":["/c/en/abet","/c/en/help","/c/en/book","/c/en/verb","/c/en/imperfective"],"weight":0.20716999999999974,"degrees":[148,1841,3239,997,63]},"num_concepts_raised":11161},{"base_id":843,"kind":"top_words","i1":2,"i2":8,"sol":{"path":["/c/en/abet","/c/en/help","/c/en/action","/c/en/verb"],"weight":0.22895999999999891,"degrees":[148,1841,2156,997]},"num_concepts_raised":50525},{"base_id":843,"kind":"top_words","i1":2,"i2":9,"sol":{"path":["/c/en/abet","/c/en/aid","/c/en/historical","/c/en/quadrennium"],"weight":0.20553999999999967,"degrees":[148,804,8415,34]},"num_concepts_raised":29046},{"base_id":843,"kind":"top_words","i1":3,"i2":4,"sol":{"path":["/c/en/substitution","/c/en/change","/c/en/modification"],"weight":0.203,"degrees":[277,3383,268]},"num_concepts_raised":454},{"base_id":843,"kind":"top_words","i1":3,"i2":5,"sol":{"path":["/c/en/substitution","/c/ja/代わり","/c/en/relief","/c/en/easement"],"weight":0.2127799999999994,"degrees":[277,86,716,111]},"num_concepts_raised":44130},{"base_id":843,"kind":"top_words","i1":3,"i2":6,"sol":{"path":["/c/en/substitution","/c/en/switch","/c/en/computing","/c/en/nix"],"weight":0.21221999999999908,"degrees":[277,811,9084,170]},"num_concepts_raised":55311},{"base_id":843,"kind":"top_words","i1":3,"i2":7,"sol":{"path":["/c/en/substitution","/c/grc/ἀντονομασία","/c/en/grammar","/c/fr/imperfectif","/c/en/imperfective"],"weight":0.20805999999999936,"degrees":[277,17,6397,53,63]},"num_concepts_raised":29518},{"base_id":843,"kind":"top_words","i1":3,"i2":8,"sol":{"path":["/c/en/substitution","/c/grc/ἀντονομασία","/c/en/grammar","/c/en/verb"],"weight":0.23285999999999846,"degrees":[277,17,6397,997]},"num_concepts_raised":68381},{"base_id":843,"kind":"top_words","i1":3,"i2":9,"sol":{"path":["/c/en/substitution","/c/en/substitute","/c/en/historical","/c/en/quadrennium"],"weight":0.2060399999999993,"degrees":[277,832,8415,34]},"num_concepts_raised":47231},{"base_id":843,"kind":"top_words","i1":4,"i2":5,"sol":{"path":["/c/en/modification","/c/en/change","/c/en/right","/c/en/easement"],"weight":0.2134199999999994,"degrees":[268,3383,2319,111]},"num_concepts_raised":38931},{"base_id":843,"kind":"top_words","i1":4,"i2":6,"sol":{"path":["/c/en/modification","/c/en/language","/c/en/nothing","/c/en/nix"],"weight":0.2125699999999991,"degrees":[268,4160,773,170]},"num_concepts_raised":50095},{"base_id":843,"kind":"top_words","i1":4,"i2":7,"sol":{"path":["/c/en/modification","/c/en/linguistics","/c/en/verb","/c/en/imperfective"],"weight":0.20611999999999936,"degrees":[268,4250,997,63]},"num_concepts_raised":24440},{"base_id":843,"kind":"top_words","i1":4,"i2":8,"sol":{"path":["/c/en/modification","/c/en/word","/c/en/verb"],"weight":0.20700000000000002,"degrees":[268,2436,997]},"num_concepts_raised":996},{"base_id":843,"kind":"top_words","i1":4,"i2":9,"sol":{"path":["/c/en/modification","/c/en/change","/c/en/set","/c/en/quadrennium"],"weight":0.2072099999999993,"degrees":[268,3383,2628,34]},"num_concepts_raised":41975},{"base_id":843,"kind":"top_words","i1":5,"i2":6,"sol":{"path":["/c/en/easement","/c/en/architecture","/c/en/computing","/c/en/nix"],"weight":0.21566999999999967,"degrees":[111,2564,9084,170]},"num_concepts_raised":44044},{"base_id":843,"kind":"top_words","i1":5,"i2":7,"sol":{"path":["/c/en/easement","/c/frm/ment","/c/en/verb","/c/en/imperfective"],"weight":0.20949999999999996,"degrees":[111,21,997,63]},"num_concepts_raised":18209},{"base_id":843,"kind":"top_words","i1":5,"i2":8,"sol":{"path":["/c/en/easement","/c/frm/ment","/c/en/verb"],"weight":0.20800000000000002,"degrees":[111,21,997]},"num_concepts_raised":847},{"base_id":843,"kind":"top_words","i1":5,"i2":9,"sol":{"path":["/c/en/easement","/c/en/legal","/c/en/calendar","/c/en/quadrennium"],"weight":0.2090899999999999,"degrees":[111,6627,684,34]},"num_concepts_raised":35741},{"base_id":843,"kind":"top_words","i1":6,"i2":7,"sol":{"path":["/c/en/nix","/c/en/86","/c/en/order","/c/ru/шить","/c/en/imperfective"],"weight":0.21188999999999963,"degrees":[170,39,2833,115,63]},"num_concepts_raised":29551},{"base_id":843,"kind":"top_words","i1":6,"i2":8,"sol":{"path":["/c/en/nix","/c/en/computing","/c/en/word","/c/en/verb"],"weight":0.2344299999999988,"degrees":[170,9084,2436,997]},"num_concepts_raised":68280},{"base_id":843,"kind":"top_words","i1":6,"i2":9,"sol":{"path":["/c/en/nix","/c/en/astronomy","/c/en/quadrennium"],"weight":0.20400000000000001,"degrees":[170,4553,34]},"num_concepts_raised":171},{"base_id":843,"kind":"top_words","i1":7,"i2":8,"sol":{"path":["/c/en/imperfective","/c/en/verb"],"weight":0.20600000000000002,"degrees":[63,997]},"num_concepts_raised":809},{"base_id":843,"kind":"top_words","i1":7,"i2":9,"sol":{"path":["/c/en/imperfective","/c/en/perfective","/c/en/form","/c/en/year","/c/en/quadrennium"],"weight":0.20452999999999988,"degrees":[63,101,2423,1951,34]},"num_concepts_raised":21329},{"base_id":843,"kind":"top_words","i1":8,"i2":9,"sol":{"path":["/c/en/verb","/c/en/sentence","/c/en/period","/c/en/quadrennium"],"weight":0.22710999999999906,"degrees":[997,752,1523,34]},"num_concepts_raised":60281}]]