[[{"base_id":281,"kind":"bot_words","i1":0,"i2":1,"sol":{"path":["/c/en/barotrauma","/c/en/medicine","/c/en/slang","/c/en/thirty","/c/en/30"],"weight":0.22037999999999958,"degrees":[38,11938,16318,476,101]},"num_concepts_raised":30044},{"base_id":281,"kind":"bot_words","i1":0,"i2":2,"sol":{"path":["/c/en/barotrauma","/c/en/medicine","/c/en/lenient","/c/en/permissive"],"weight":0.21076999999999985,"degrees":[38,11938,158,71]},"num_concepts_raised":18116},{"base_id":281,"kind":"bot_words","i1":0,"i2":3,"sol":{"path":["/c/en/barotrauma","/c/en/medicine","/c/en/signature","/c/en/postscript","/c/en/afterword"],"weight":0.21381,"degrees":[38,11938,485,187,72]},"num_concepts_raised":19528},{"base_id":281,"kind":"bot_words","i1":0,"i2":4,"sol":{"path":["/c/en/barotrauma","/c/en/medicine","/c/en/cream","/c/en/whisk"],"weight":0.21013999999999933,"degrees":[38,11938,851,232]},"num_concepts_raised":51087},{"base_id":281,"kind":"bot_words","i1":0,"i2":5,"sol":{"path":["/c/en/barotrauma","/c/en/medicine","/c/en/photuria","/c/en/phot"],"weight":0.20785999999999982,"degrees":[38,11938,9,30]},"num_concepts_raised":18682},{"base_id":281,"kind":"bot_words","i1":0,"i2":6,"sol":{"path":["/c/en/barotrauma","/c/en/medicine","/c/en/ostomy"],"weight":0.20400000000000001,"degrees":[38,11938,40]},"num_concepts_raised":57},{"base_id":281,"kind":"bot_words","i1":0,"i2":7,"sol":{"path":["/c/en/barotrauma","/c/en/medicine","/c/en/ophthalmology","/c/en/temple","/c/en/ziggurat"],"weight":0.20845999999999992,"degrees":[38,11938,278,1126,65]},"num_concepts_raised":17859},{"base_id":281,"kind":"bot_words","i1":0,"i2":8,"sol":{"path":["/c/en/barotrauma","/c/en/medicine","/c/en/discharge","/c/en/release","/c/en/released"],"weight":0.20918999999999974,"degrees":[38,11938,934,935,53]},"num_concepts_raised":20807},{"base_id":281,"kind":"bot_words","i1":0,"i2":9,"sol":{"path":["/c/en/barotrauma","/c/en/medicine","/c/en/invagination"],"weight":0.20400000000000001,"degrees":[38,11938,34]},"num_concepts_raised":62},{"base_id":281,"kind":"bot_words","i1":1,"i2":2,"sol":{"path":["/c/en/30","/c/en/thirty","/c/en/slang","/c/en/lax","/c/en/permissive"],"weight":0.21593999999999958,"degrees":[101,476,16318,228,71]},"num_concepts_raised":15971},{"base_id":281,"kind":"bot_words","i1":1,"i2":3,"sol":{"path":["/c/en/30","/c/en/end","/c/en/book","/c/en/afterword"],"weight":0.21436999999999976,"degrees":[101,2782,3239,72]},"num_concepts_raised":17363},{"base_id":281,"kind":"bot_words","i1":1,"i2":4,"sol":{"path":["/c/en/30","/c/en/weapon","/c/en/whip","/c/en/whisk"],"weight":0.21230999999999908,"degrees":[101,1448,853,232]},"num_concepts_raised":48991},{"base_id":281,"kind":"bot_words","i1":1,"i2":5,"sol":{"path":["/c/en/30","/c/en/thirty","/c/en/number","/c/en/unit","/c/en/phot"],"weight":0.21525999999999956,"degrees":[101,476,2301,1582,30]},"num_concepts_raised":16532},{"base_id":281,"kind":"bot_words","i1":1,"i2":6,"sol":{"path":["/c/en/30","/c/en/end","/c/en/procedure","/c/en/ostomy"],"weight":0.20894999999999975,"degrees":[101,2782,533,40]},"num_concepts_raised":28643},{"base_id":281,"kind":"bot_words","i1":1,"i2":7,"sol":{"path":["/c/en/30","/c/en/cardinal","/c/en/church","/c/en/temple","/c/en/ziggurat"],"weight":0.2113499999999997,"degrees":[101,5720,1592,1126,65]},"num_concepts_raised":15685},{"base_id":281,"kind":"bot_words","i1":1,"i2":8,"sol":{"path":["/c/en/30","/c/en/end","/c/la/missus","/c/en/released"],"weight":0.20882999999999952,"degrees":[101,2782,46,53]},"num_concepts_raised":18623},{"base_id":281,"kind":"bot_words","i1":1,"i2":9,"sol":{"path":["/c/en/30","/c/en/thirty","/c/en/slang","/c/en/medicine","/c/en/invagination"],"weight":0.21520999999999957,"degrees":[101,476,16318,11938,34]},"num_concepts_raised":26783},{"base_id":281,"kind":"bot_words","i1":2,"i2":3,"sol":{"path":["/c/en/permissive","/c/en/permission","/c/en/computing","/c/en/epilogue","/c/en/afterword"],"weight":0.21233999999999997,"degrees":[71,463,9084,130,72]},"num_concepts_raised":5443},{"base_id":281,"kind":"bot_words","i1":2,"i2":4,"sol":{"path":["/c/en/permissive","/c/en/permiss","/c/en/device","/c/en/whisk"],"weight":0.2054899999999993,"degrees":[71,14,2078,232]},"num_concepts_raised":37331},{"base_id":281,"kind":"bot_words","i1":2,"i2":5,"sol":{"path":["/c/en/permissive","/c/en/lenient","/c/en/medicine","/c/en/photuria","/c/en/phot"],"weight":0.2055099999999998,"degrees":[71,158,11938,9,30]},"num_concepts_raised":4614},{"base_id":281,"kind":"bot_words","i1":2,"i2":6,"sol":{"path":["/c/en/permissive","/c/en/lenient","/c/en/medicine","/c/en/ostomy"],"weight":0.20598999999999995,"degrees":[71,158,11938,40]},"num_concepts_raised":16725},{"base_id":281,"kind":"bot_words","i1":2,"i2":7,"sol":{"path":["/c/en/permissive","/c/en/permission","/c/en/especially","/c/en/temple","/c/en/ziggurat"],"weight":0.20485999999999993,"degrees":[71,463,543,1126,65]},"num_concepts_raised":3743},{"base_id":281,"kind":"bot_words","i1":2,"i2":8,"sol":{"path":["/c/en/permissive","/c/en/bailable","/c/en/bail","/c/en/released"],"weight":0.20455999999999974,"degrees":[71,11,380,53]},"num_concepts_raised":6725},{"base_id":281,"kind":"bot_words","i1":2,"i2":9,"sol":{"path":["/c/en/permissive","/c/en/lenient","/c/en/medicine","/c/en/invagination"],"weight":0.2055999999999998,"degrees":[71,158,11938,34]},"num_concepts_raised":14855},{"base_id":281,"kind":"bot_words","i1":3,"i2":4,"sol":{"path":["/c/en/afterword","/c/en/book","/c/en/device","/c/en/whisk"],"weight":0.21065999999999946,"degrees":[72,3239,2078,232]},"num_concepts_raised":38677},{"base_id":281,"kind":"bot_words","i1":3,"i2":5,"sol":{"path":["/c/en/afterword","/c/en/book","/c/en/unit","/c/en/phot"],"weight":0.20843999999999996,"degrees":[72,3239,1582,30]},"num_concepts_raised":6010},{"base_id":281,"kind":"bot_words","i1":3,"i2":6,"sol":{"path":["/c/en/afterword","/c/en/epilogue","/c/en/computing","/c/en/operation","/c/en/ostomy"],"weight":0.21111000000000013,"degrees":[72,130,9084,1135,40]},"num_concepts_raised":18132},{"base_id":281,"kind":"bot_words","i1":3,"i2":7,"sol":{"path":["/c/en/afterword","/c/en/postlude","/c/en/church","/c/en/temple","/c/en/ziggurat"],"weight":0.2090300000000001,"degrees":[72,27,1592,1126,65]},"num_concepts_raised":5156},{"base_id":281,"kind":"bot_words","i1":3,"i2":8,"sol":{"path":["/c/en/afterword","/c/en/epilogue","/c/en/writing","/c/en/out","/c/en/released"],"weight":0.21096999999999988,"degrees":[72,130,1875,1307,53]},"num_concepts_raised":8143},{"base_id":281,"kind":"bot_words","i1":3,"i2":9,"sol":{"path":["/c/en/afterword","/c/en/postscript","/c/en/signature","/c/en/medicine","/c/en/invagination"],"weight":0.20862999999999998,"degrees":[72,187,485,11938,34]},"num_concepts_raised":16263},{"base_id":281,"kind":"bot_words","i1":4,"i2":5,"sol":{"path":["/c/en/whisk","/c/en/light","/c/en/photo","/c/en/phot"],"weight":0.20598999999999928,"degrees":[232,4288,566,30]},"num_concepts_raised":37755},{"base_id":281,"kind":"bot_words","i1":4,"i2":6,"sol":{"path":["/c/en/whisk","/c/en/cream","/c/en/medicine","/c/en/ostomy"],"weight":0.20535999999999946,"degrees":[232,851,11938,40]},"num_concepts_raised":49673},{"base_id":281,"kind":"bot_words","i1":4,"i2":7,"sol":{"path":["/c/en/whisk","/c/en/whip","/c/en/uk","/c/en/pyramid","/c/en/ziggurat"],"weight":0.2069499999999994,"degrees":[232,853,5562,449,65]},"num_concepts_raised":37089},{"base_id":281,"kind":"bot_words","i1":4,"i2":8,"sol":{"path":["/c/en/whisk","/c/en/light","/c/en/photoreleased","/c/en/released"],"weight":0.20616999999999924,"degrees":[232,4288,4,53]},"num_concepts_raised":39766},{"base_id":281,"kind":"bot_words","i1":4,"i2":9,"sol":{"path":["/c/en/whisk","/c/en/light","/c/en/condition","/c/en/invagination"],"weight":0.2059299999999993,"degrees":[232,4288,1648,34]},"num_concepts_raised":47869},{"base_id":281,"kind":"bot_words","i1":5,"i2":6,"sol":{"path":["/c/en/phot","/c/en/photuria","/c/en/medicine","/c/en/ostomy"],"weight":0.20307999999999995,"degrees":[30,9,11938,40]},"num_concepts_raised":17299},{"base_id":281,"kind":"bot_words","i1":5,"i2":7,"sol":{"path":["/c/en/phot","/c/en/unit","/c/en/base","/c/en/pyramid","/c/en/ziggurat"],"weight":0.20323999999999992,"degrees":[30,1582,2117,449,65]},"num_concepts_raised":4333},{"base_id":281,"kind":"bot_words","i1":5,"i2":8,"sol":{"path":["/c/en/phot","/c/en/photograph","/c/it/scattare","/c/en/released"],"weight":0.2028999999999997,"degrees":[30,774,84,53]},"num_concepts_raised":7311},{"base_id":281,"kind":"bot_words","i1":5,"i2":9,"sol":{"path":["/c/en/phot","/c/en/photuria","/c/en/medicine","/c/en/invagination"],"weight":0.2026899999999998,"degrees":[30,9,11938,34]},"num_concepts_raised":15429},{"base_id":281,"kind":"bot_words","i1":6,"i2":7,"sol":{"path":["/c/en/ostomy","/c/en/tomy","/c/en/anatomy","/c/en/temple","/c/en/ziggurat"],"weight":0.2046300000000001,"degrees":[40,34,12775,1126,65]},"num_concepts_raised":16468},{"base_id":281,"kind":"bot_words","i1":6,"i2":8,"sol":{"path":["/c/en/ostomy","/c/en/stoma","/c/en/pass","/c/en/release","/c/en/released"],"weight":0.20544999999999985,"degrees":[40,194,2112,935,53]},"num_concepts_raised":19424},{"base_id":281,"kind":"bot_words","i1":6,"i2":9,"sol":{"path":["/c/en/ostomy","/c/en/medicine","/c/en/invagination"],"weight":0.202,"degrees":[40,11938,34]},"num_concepts_raised":54},{"base_id":281,"kind":"bot_words","i1":7,"i2":8,"sol":{"path":["/c/en/ziggurat","/c/en/temple","/c/en/hold","/c/en/release","/c/en/released"],"weight":0.20449999999999985,"degrees":[65,1126,2017,935,53]},"num_concepts_raised":6464},{"base_id":281,"kind":"bot_words","i1":7,"i2":9,"sol":{"path":["/c/en/ziggurat","/c/en/temple","/c/en/ophthalmology","/c/en/medicine","/c/en/invagination"],"weight":0.20328999999999992,"degrees":[65,1126,278,11938,34]},"num_concepts_raised":14594},{"base_id":281,"kind":"bot_words","i1":8,"i2":9,"sol":{"path":["/c/en/released","/c/en/release","/c/en/discharge","/c/en/medicine","/c/en/invagination"],"weight":0.2040199999999997,"degrees":[53,935,934,11938,34]},"num_concepts_raised":17548}],[{"base_id":281,"kind":"top_words","i1":0,"i2":1,"sol":{"path":["/c/en/ayatollah","/c/en/leader","/c/en/person","/c/en/plant","/c/en/populus"],"weight":0.20950999999999972,"degrees":[93,1391,12935,7959,91]},"num_concepts_raised":14938},{"base_id":281,"kind":"top_words","i1":0,"i2":2,"sol":{"path":["/c/en/ayatollah","/c/en/leader","/c/en/election","/c/en/poll"],"weight":0.20989999999999928,"degrees":[93,1391,665,361]},"num_concepts_raised":69340},{"base_id":281,"kind":"top_words","i1":0,"i2":3,"sol":{"path":["/c/en/ayatollah","/c/en/leader","/c/en/company","/c/en/gallup"],"weight":0.20876999999999993,"degrees":[93,1391,2258,33]},"num_concepts_raised":9336},{"base_id":281,"kind":"top_words","i1":0,"i2":4,"sol":{"path":["/c/en/ayatollah","/c/en/religious","/c/en/holiday","/c/en/vulcan","/c/en/vulcanology"],"weight":0.20380999999999994,"degrees":[93,1068,833,147,41]},"num_concepts_raised":6198},{"base_id":281,"kind":"top_words","i1":0,"i2":5,"sol":{"path":["/c/en/ayatollah","/c/en/iran","/c/fa/مه","/c/en/sistani"],"weight":0.20360999999999993,"degrees":[93,497,50,28]},"num_concepts_raised":4440},{"base_id":281,"kind":"top_words","i1":0,"i2":6,"sol":{"path":["/c/en/ayatollah","/c/en/religious","/c/en/order","/c/en/siren","/c/en/sirenia"],"weight":0.20923999999999984,"degrees":[93,1068,2833,269,75]},"num_concepts_raised":4849},{"base_id":281,"kind":"top_words","i1":0,"i2":7,"sol":{"path":["/c/en/ayatollah","/c/en/religious","/c/en/mass","/c/en/liquid","/c/en/particulate"],"weight":0.20433999999999986,"degrees":[93,1068,1639,1778,73]},"num_concepts_raised":20247},{"base_id":281,"kind":"top_words","i1":0,"i2":8,"sol":{"path":["/c/en/ayatollah","/c/fr/ayatollah","/c/fr/sujet","/c/fr/digérer","/c/en/digest"],"weight":0.2178499999999987,"degrees":[93,32,745,225,458]},"num_concepts_raised":60073},{"base_id":281,"kind":"top_words","i1":0,"i2":9,"sol":{"path":["/c/en/ayatollah","/c/en/religious","/c/en/tibetan_buddhism","/c/en/kalmykia"],"weight":0.20959999999999993,"degrees":[93,1068,94,95]},"num_concepts_raised":6115},{"base_id":281,"kind":"top_words","i1":1,"i2":2,"sol":{"path":["/c/en/populus","/c/en/tree","/c/en/pollard","/c/en/poll"],"weight":0.21343999999999894,"degrees":[91,3598,97,361]},"num_concepts_raised":75852},{"base_id":281,"kind":"top_words","i1":1,"i2":3,"sol":{"path":["/c/en/populus","/c/en/poplar","/c/en/alamo","/c/en/county_seat","/c/en/gallup"],"weight":0.2140699999999996,"degrees":[91,244,28,2497,33]},"num_concepts_raised":15892},{"base_id":281,"kind":"top_words","i1":1,"i2":4,"sol":{"path":["/c/en/populus","/c/en/plant","/c/en/rubber","/c/en/vulcanize","/c/en/vulcanology"],"weight":0.20957999999999954,"degrees":[91,7959,605,74,41]},"num_concepts_raised":12751},{"base_id":281,"kind":"top_words","i1":1,"i2":5,"sol":{"path":["/c/en/populus","/c/en/plant","/c/en/flower","/c/fa/سر","/c/en/sistani"],"weight":0.2084299999999996,"degrees":[91,7959,2500,66,28]},"num_concepts_raised":11013},{"base_id":281,"kind":"top_words","i1":1,"i2":6,"sol":{"path":["/c/en/populus","/c/en/plant","/c/en/aquatic","/c/en/sirenian","/c/en/sirenia"],"weight":0.2140599999999995,"degrees":[91,7959,331,19,75]},"num_concepts_raised":11418},{"base_id":281,"kind":"top_words","i1":1,"i2":7,"sol":{"path":["/c/en/populus","/c/en/plant","/c/en/smoke","/c/en/particulate"],"weight":0.20898999999999948,"degrees":[91,7959,1757,73]},"num_concepts_raised":26709},{"base_id":281,"kind":"top_words","i1":1,"i2":8,"sol":{"path":["/c/en/populus","/c/en/tree","/c/en/stand","/c/en/digest"],"weight":0.21811999999999837,"degrees":[91,3598,1476,458]},"num_concepts_raised":66365},{"base_id":281,"kind":"top_words","i1":1,"i2":9,"sol":{"path":["/c/en/populus","/c/en/plant","/c/en/factory","/c/en/russia","/c/en/kalmykia"],"weight":0.21447999999999956,"degrees":[91,7959,910,984,95]},"num_concepts_raised":12690},{"base_id":281,"kind":"top_words","i1":2,"i2":3,"sol":{"path":["/c/en/poll","/c/fi/gallupoida","/c/en/gallup"],"weight":0.20400000000000001,"degrees":[361,8,33]},"num_concepts_raised":335},{"base_id":281,"kind":"top_words","i1":2,"i2":4,"sol":{"path":["/c/en/poll","/c/en/horse","/c/en/extinct","/c/en/vulcanology"],"weight":0.2066399999999991,"degrees":[361,3068,563,41]},"num_concepts_raised":67622},{"base_id":281,"kind":"top_words","i1":2,"i2":5,"sol":{"path":["/c/en/poll","/c/en/head","/c/fa/سر","/c/en/sistani"],"weight":0.20671999999999913,"degrees":[361,3580,66,28]},"num_concepts_raised":65914},{"base_id":281,"kind":"top_words","i1":2,"i2":6,"sol":{"path":["/c/en/poll","/c/en/cow","/c/eo/sireno","/c/en/sirenia"],"weight":0.21203999999999903,"degrees":[361,1438,17,75]},"num_concepts_raised":66330},{"base_id":281,"kind":"top_words","i1":2,"i2":7,"sol":{"path":["/c/en/poll","/c/en/horn","/c/en/liquid","/c/en/particulate"],"weight":0.20815999999999904,"degrees":[361,1054,1778,73]},"num_concepts_raised":80187},{"base_id":281,"kind":"top_words","i1":2,"i2":8,"sol":{"path":["/c/en/poll","/c/en/election","/c/en/process","/c/en/digest"],"weight":0.21840999999999794,"degrees":[361,665,1571,458]},"num_concepts_raised":118210},{"base_id":281,"kind":"top_words","i1":2,"i2":9,"sol":{"path":["/c/en/poll","/c/en/people","/c/en/republic","/c/en/kalmykia"],"weight":0.21254999999999913,"degrees":[361,4475,709,95]},"num_concepts_raised":67538},{"base_id":281,"kind":"top_words","i1":3,"i2":4,"sol":{"path":["/c/en/gallup","/c/en/new_mexico","/c/en/vulcan","/c/en/vulcanology"],"weight":0.20792999999999978,"degrees":[33,350,147,41]},"num_concepts_raised":7188},{"base_id":281,"kind":"top_words","i1":3,"i2":5,"sol":{"path":["/c/en/gallup","/c/en/company","/c/en/big","/c/fa/مه","/c/en/sistani"],"weight":0.2077399999999998,"degrees":[33,2258,1222,50,28]},"num_concepts_raised":5435},{"base_id":281,"kind":"top_words","i1":3,"i2":6,"sol":{"path":["/c/en/gallup","/c/en/county_seat","/c/en/manatee_county","/c/en/manatee","/c/en/sirenian","/c/en/sirenia"],"weight":0.2165999999999997,"degrees":[33,2497,8,192,19,75]},"num_concepts_raised":337106},{"base_id":281,"kind":"top_words","i1":3,"i2":7,"sol":{"path":["/c/en/gallup","/c/en/new_mexico","/c/en/state","/c/en/particulate"],"weight":0.20826999999999968,"degrees":[33,350,3243,73]},"num_concepts_raised":21164},{"base_id":281,"kind":"top_words","i1":3,"i2":8,"sol":{"path":["/c/en/gallup","/c/en/company","/c/en/pay","/c/en/digest"],"weight":0.21714999999999857,"degrees":[33,2258,1489,458]},"num_concepts_raised":61036},{"base_id":281,"kind":"top_words","i1":3,"i2":9,"sol":{"path":["/c/en/gallup","/c/en/county_seat","/c/en/republic","/c/en/kalmykia"],"weight":0.21375999999999978,"degrees":[33,2497,709,95]},"num_concepts_raised":7078},{"base_id":281,"kind":"top_words","i1":4,"i2":5,"sol":{"path":["/c/en/vulcanology","/c/en/vulcanize","/c/en/process","/c/en/anatomy","/c/fa/سر","/c/en/sistani"],"weight":0.20720419999999973,"degrees":[41,74,1571,12775,66,28]},"num_concepts_raised":229322},{"base_id":281,"kind":"top_words","i1":4,"i2":6,"sol":{"path":["/c/en/vulcanology","/c/en/volcano","/c/en/fire","/c/en/siren","/c/en/sirenia"],"weight":0.20854999999999968,"degrees":[41,645,2829,269,75]},"num_concepts_raised":2660},{"base_id":281,"kind":"top_words","i1":4,"i2":7,"sol":{"path":["/c/en/vulcanology","/c/en/pyroclastic_rock","/c/en/material","/c/en/particulate"],"weight":0.20327999999999968,"degrees":[41,12,1522,73]},"num_concepts_raised":18109},{"base_id":281,"kind":"top_words","i1":4,"i2":8,"sol":{"path":["/c/en/vulcanology","/c/en/vulcanize","/c/en/process","/c/en/digest"],"weight":0.21322999999999853,"degrees":[41,74,1571,458]},"num_concepts_raised":57932},{"base_id":281,"kind":"top_words","i1":4,"i2":9,"sol":{"path":["/c/en/vulcanology","/c/en/volcano","/c/en/elbrus","/c/en/russia","/c/en/kalmykia"],"weight":0.20895999999999976,"degrees":[41,645,40,984,95]},"num_concepts_raised":3948},{"base_id":281,"kind":"top_words","i1":5,"i2":6,"sol":{"path":["/c/en/sistani","/c/fa/بل","/c/en/bell","/c/en/siren","/c/en/sirenia"],"weight":0.20819999999999972,"degrees":[28,5,1216,269,75]},"num_concepts_raised":907},{"base_id":281,"kind":"top_words","i1":5,"i2":7,"sol":{"path":["/c/en/sistani","/c/fa/مه","/c/en/mist","/c/en/liquid","/c/en/particulate"],"weight":0.2032999999999997,"degrees":[28,50,750,1778,73]},"num_concepts_raised":16390},{"base_id":281,"kind":"top_words","i1":5,"i2":8,"sol":{"path":["/c/en/sistani","/c/fa/خرس","/c/en/bear","/c/en/digest"],"weight":0.21255999999999858,"degrees":[28,26,2152,458]},"num_concepts_raised":56245},{"base_id":281,"kind":"top_words","i1":5,"i2":9,"sol":{"path":["/c/en/sistani","/c/fa/مه","/c/en/big","/c/en/country","/c/en/russia","/c/en/kalmykia"],"weight":0.21257409999999977,"degrees":[28,50,1222,2796,984,95]},"num_concepts_raised":191600},{"base_id":281,"kind":"top_words","i1":6,"i2":7,"sol":{"path":["/c/en/sirenia","/c/eo/sireno","/c/en/sea","/c/en/liquid","/c/en/particulate"],"weight":0.2088499999999996,"degrees":[75,17,1714,1778,73]},"num_concepts_raised":16802},{"base_id":281,"kind":"top_words","i1":6,"i2":8,"sol":{"path":["/c/en/sirenia","/c/en/siren","/c/en/order","/c/ca/digerir","/c/en/digest"],"weight":0.2197999999999985,"degrees":[75,269,2833,17,458]},"num_concepts_raised":56669},{"base_id":281,"kind":"top_words","i1":6,"i2":9,"sol":{"path":["/c/en/sirenia","/c/en/siren","/c/en/order","/c/en/country","/c/en/russia","/c/en/kalmykia"],"weight":0.21894639999999954,"degrees":[75,269,2833,2796,984,95]},"num_concepts_raised":180937},{"base_id":281,"kind":"top_words","i1":7,"i2":8,"sol":{"path":["/c/en/particulate","/c/en/particle","/c/th/ย่อย","/c/en/digest"],"weight":0.2146299999999985,"degrees":[73,1129,13,458]},"num_concepts_raised":70737},{"base_id":281,"kind":"top_words","i1":7,"i2":9,"sol":{"path":["/c/en/particulate","/c/en/state","/c/en/republic","/c/en/kalmykia"],"weight":0.2091399999999997,"degrees":[73,3243,709,95]},"num_concepts_raised":17970},{"base_id":281,"kind":"top_words","i1":8,"i2":9,"sol":{"path":["/c/en/digest","/c/fr/abrégé","/c/en/book","/c/en/republic","/c/en/kalmykia"],"weight":0.22009999999999857,"degrees":[458,138,3239,709,95]},"num_concepts_raised":57947}]]