[[{"base_id":782,"kind":"bot_words","i1":0,"i2":1,"sol":{"path":["/c/en/bicyclist","/c/en/ride","/c/en/movement","/c/en/metabolism","/c/en/metabolic"],"weight":0.2050299999999996,"degrees":[29,974,1567,427,134]},"num_concepts_raised":12638},{"base_id":782,"kind":"bot_words","i1":0,"i2":2,"sol":{"path":["/c/en/bicyclist","/c/en/ride","/c/en/vowels","/c/en/vowel"],"weight":0.2178199999999994,"degrees":[29,974,22,631]},"num_concepts_raised":34001},{"base_id":782,"kind":"bot_words","i1":0,"i2":3,"sol":{"path":["/c/en/bicyclist","/c/en/ride","/c/en/wave","/c/en/curl"],"weight":0.2180499999999991,"degrees":[29,974,1749,516]},"num_concepts_raised":47508},{"base_id":782,"kind":"bot_words","i1":0,"i2":4,"sol":{"path":["/c/en/bicyclist","/c/en/bicycle","/c/en/people","/c/en/help","/c/en/helper"],"weight":0.20825999999999967,"degrees":[29,1026,4475,1841,256]},"num_concepts_raised":13156},{"base_id":782,"kind":"bot_words","i1":0,"i2":5,"sol":{"path":["/c/en/bicyclist","/c/en/bicycle","/c/en/sprocket","/c/fr/mécanique","/c/en/tapped","/c/en/untapped"],"weight":0.2096537999999998,"degrees":[29,1026,80,1286,27,25]},"num_concepts_raised":216437},{"base_id":782,"kind":"bot_words","i1":0,"i2":6,"sol":{"path":["/c/en/bicyclist","/c/en/cyclist","/c/en/door_prize","/c/en/random","/c/en/stochastic"],"weight":0.20672999999999994,"degrees":[29,233,14,368,83]},"num_concepts_raised":4209},{"base_id":782,"kind":"bot_words","i1":0,"i2":7,"sol":{"path":["/c/en/bicyclist","/c/en/bicycle","/c/en/man","/c/en/bird","/c/en/barbet"],"weight":0.20499999999999988,"degrees":[29,1026,3068,4970,35]},"num_concepts_raised":12497},{"base_id":782,"kind":"bot_words","i1":0,"i2":8,"sol":{"path":["/c/en/bicyclist","/c/en/ride","/c/en/drive","/c/en/cause","/c/en/causal"],"weight":0.20508999999999988,"degrees":[29,974,2162,1753,106]},"num_concepts_raised":16979},{"base_id":782,"kind":"bot_words","i1":0,"i2":9,"sol":{"path":["/c/en/bicyclist","/c/en/bicycle","/c/en/university","/c/en/writer","/c/en/biographer"],"weight":0.20477,"degrees":[29,1026,1043,1369,88]},"num_concepts_raised":4125},{"base_id":782,"kind":"bot_words","i1":1,"i2":2,"sol":{"path":["/c/en/metabolic","/c/en/assimilation","/c/en/phonetics","/c/en/vowel"],"weight":0.21780999999999906,"degrees":[134,260,1121,631]},"num_concepts_raised":41723},{"base_id":782,"kind":"bot_words","i1":1,"i2":3,"sol":{"path":["/c/en/metabolic","/c/en/metaboreceptor","/c/en/exercise","/c/en/curl"],"weight":0.21684999999999877,"degrees":[134,9,1558,516]},"num_concepts_raised":55244},{"base_id":782,"kind":"bot_words","i1":1,"i2":4,"sol":{"path":["/c/en/metabolic","/c/en/arthritis","/c/en/person","/c/en/help","/c/en/helper"],"weight":0.20835999999999932,"degrees":[134,244,12935,1841,256]},"num_concepts_raised":20952},{"base_id":782,"kind":"bot_words","i1":1,"i2":5,"sol":{"path":["/c/en/metabolic","/c/en/zoology","/c/fr/zoologie","/c/fr/vierge","/c/en/untapped"],"weight":0.2038499999999996,"degrees":[134,8127,9122,306,25]},"num_concepts_raised":10808},{"base_id":782,"kind":"bot_words","i1":1,"i2":6,"sol":{"path":["/c/en/metabolic","/c/en/hibernation","/c/en/memory","/c/en/random","/c/en/stochastic"],"weight":0.20678999999999959,"degrees":[134,192,1133,368,83]},"num_concepts_raised":12005},{"base_id":782,"kind":"bot_words","i1":1,"i2":7,"sol":{"path":["/c/en/metabolic","/c/en/gout","/c/en/larva","/c/en/barbet"],"weight":0.20388999999999952,"degrees":[134,244,471,35]},"num_concepts_raised":20068},{"base_id":782,"kind":"bot_words","i1":1,"i2":8,"sol":{"path":["/c/en/metabolic","/c/en/metabolize","/c/en/cause","/c/en/causal"],"weight":0.20717999999999953,"degrees":[134,60,1753,106]},"num_concepts_raised":24748},{"base_id":782,"kind":"bot_words","i1":1,"i2":9,"sol":{"path":["/c/en/metabolic","/c/en/metabolism","/c/en/life","/c/en/biography","/c/en/biographer"],"weight":0.20703999999999967,"degrees":[134,427,2241,362,88]},"num_concepts_raised":11922},{"base_id":782,"kind":"bot_words","i1":2,"i2":3,"sol":{"path":["/c/en/vowel","/c/en/raise","/c/en/curling","/c/en/curl"],"weight":0.2328999999999986,"degrees":[631,1804,241,516]},"num_concepts_raised":74723},{"base_id":782,"kind":"bot_words","i1":2,"i2":4,"sol":{"path":["/c/en/vowel","/c/ar/فتح","/c/en/help","/c/en/helper"],"weight":0.22015999999999913,"degrees":[631,88,1841,256]},"num_concepts_raised":41942},{"base_id":782,"kind":"bot_words","i1":2,"i2":5,"sol":{"path":["/c/en/vowel","/c/en/consonant","/c/en/tap","/c/en/tapped","/c/en/untapped"],"weight":0.21931999999999943,"degrees":[631,503,803,27,25]},"num_concepts_raised":32255},{"base_id":782,"kind":"bot_words","i1":2,"i2":6,"sol":{"path":["/c/en/vowel","/c/en/point","/c/en/changepoint","/c/en/stochastic"],"weight":0.21651999999999944,"degrees":[631,2624,10,83]},"num_concepts_raised":33376},{"base_id":782,"kind":"bot_words","i1":2,"i2":7,"sol":{"path":["/c/en/vowel","/c/en/word","/c/en/bird","/c/en/barbet"],"weight":0.21709999999999935,"degrees":[631,2436,4970,35]},"num_concepts_raised":41319},{"base_id":782,"kind":"bot_words","i1":2,"i2":8,"sol":{"path":["/c/en/vowel","/c/en/word","/c/en/causal"],"weight":0.20400000000000001,"degrees":[631,2436,106]},"num_concepts_raised":560},{"base_id":782,"kind":"bot_words","i1":2,"i2":9,"sol":{"path":["/c/en/vowel","/c/en/i","/c/en/writer","/c/en/biographer"],"weight":0.21677999999999953,"degrees":[631,594,1369,88]},"num_concepts_raised":33346},{"base_id":782,"kind":"bot_words","i1":3,"i2":4,"sol":{"path":["/c/en/curl","/c/en/twist","/c/en/elf","/c/en/helper"],"weight":0.21901999999999883,"degrees":[516,1250,285,256]},"num_concepts_raised":55492},{"base_id":782,"kind":"bot_words","i1":3,"i2":5,"sol":{"path":["/c/en/curl","/c/en/curling","/c/en/clean","/c/fr/vierge","/c/en/untapped"],"weight":0.21986999999999915,"degrees":[516,241,1667,306,25]},"num_concepts_raised":45814},{"base_id":782,"kind":"bot_words","i1":3,"i2":6,"sol":{"path":["/c/en/curl","/c/en/music","/c/en/random","/c/en/stochastic"],"weight":0.21662999999999913,"degrees":[516,8822,368,83]},"num_concepts_raised":46943},{"base_id":782,"kind":"bot_words","i1":3,"i2":7,"sol":{"path":["/c/en/curl","/c/en/roller","/c/en/bird","/c/en/barbet"],"weight":0.21481999999999907,"degrees":[516,389,4970,35]},"num_concepts_raised":54850},{"base_id":782,"kind":"bot_words","i1":3,"i2":8,"sol":{"path":["/c/en/curl","/c/en/wave","/c/en/cause","/c/en/causal"],"weight":0.22028999999999907,"degrees":[516,1749,1753,106]},"num_concepts_raised":59109},{"base_id":782,"kind":"bot_words","i1":3,"i2":9,"sol":{"path":["/c/en/curl","/c/en/curling","/c/en/house","/c/en/writer","/c/en/biographer"],"weight":0.2208799999999992,"degrees":[516,241,3114,1369,88]},"num_concepts_raised":46924},{"base_id":782,"kind":"bot_words","i1":4,"i2":5,"sol":{"path":["/c/en/helper","/c/fr/adjoint","/c/fr/personne","/c/fr/vierge","/c/en/untapped"],"weight":0.2067899999999997,"degrees":[256,174,3714,306,25]},"num_concepts_raised":11363},{"base_id":782,"kind":"bot_words","i1":4,"i2":6,"sol":{"path":["/c/en/helper","/c/en/help","/c/en/speed","/c/en/random","/c/en/stochastic"],"weight":0.21001999999999965,"degrees":[256,1841,938,368,83]},"num_concepts_raised":12553},{"base_id":782,"kind":"bot_words","i1":4,"i2":7,"sol":{"path":["/c/en/helper","/c/en/mate","/c/en/breed","/c/en/barbet"],"weight":0.20567999999999959,"degrees":[256,657,842,35]},"num_concepts_raised":20692},{"base_id":782,"kind":"bot_words","i1":4,"i2":8,"sol":{"path":["/c/en/helper","/c/en/help","/c/en/association","/c/en/causal"],"weight":0.20815999999999962,"degrees":[256,1841,787,106]},"num_concepts_raised":25128},{"base_id":782,"kind":"bot_words","i1":4,"i2":9,"sol":{"path":["/c/en/helper","/c/en/ambassador","/c/en/plutarch","/c/en/biographer"],"weight":0.20650999999999975,"degrees":[256,300,125,88]},"num_concepts_raised":12466},{"base_id":782,"kind":"bot_words","i1":5,"i2":6,"sol":{"path":["/c/en/untapped","/c/fr/inattendu","/c/en/unexpected","/c/en/random","/c/en/stochastic"],"weight":0.20556999999999997,"degrees":[25,151,422,368,83]},"num_concepts_raised":2377},{"base_id":782,"kind":"bot_words","i1":5,"i2":7,"sol":{"path":["/c/en/untapped","/c/fr/vierge","/c/fr/femme","/c/en/bird","/c/en/barbet"],"weight":0.2038399999999999,"degrees":[25,306,2025,4970,35]},"num_concepts_raised":10701},{"base_id":782,"kind":"bot_words","i1":5,"i2":8,"sol":{"path":["/c/en/untapped","/c/en/tapped","/c/fr/mécanique","/c/fr/concerner","/c/en/causal"],"weight":0.20467999999999992,"degrees":[25,27,1286,411,106]},"num_concepts_raised":15154},{"base_id":782,"kind":"bot_words","i1":5,"i2":9,"sol":{"path":["/c/en/untapped","/c/fr/vierge","/c/fr/corbeau","/c/en/writer","/c/en/biographer"],"weight":0.20365000000000005,"degrees":[25,306,432,1369,88]},"num_concepts_raised":2286},{"base_id":782,"kind":"bot_words","i1":6,"i2":7,"sol":{"path":["/c/en/stochastic","/c/en/random","/c/en/order","/c/en/barbet"],"weight":0.20565999999999987,"degrees":[83,368,2833,35]},"num_concepts_raised":11883},{"base_id":782,"kind":"bot_words","i1":6,"i2":8,"sol":{"path":["/c/en/stochastic","/c/en/random","/c/en/reason","/c/en/causal"],"weight":0.2068699999999999,"degrees":[83,368,1379,106]},"num_concepts_raised":16315},{"base_id":782,"kind":"bot_words","i1":6,"i2":9,"sol":{"path":["/c/en/stochastic","/c/en/statistics","/c/en/residual","/c/en/writer","/c/en/biographer"],"weight":0.20452000000000004,"degrees":[83,1142,123,1369,88]},"num_concepts_raised":3493},{"base_id":782,"kind":"bot_words","i1":7,"i2":8,"sol":{"path":["/c/en/barbet","/c/en/bird","/c/en/word","/c/en/causal"],"weight":0.20491999999999982,"degrees":[35,4970,2436,106]},"num_concepts_raised":24541},{"base_id":782,"kind":"bot_words","i1":7,"i2":9,"sol":{"path":["/c/en/barbet","/c/en/bird","/c/en/juvenal","/c/en/writer","/c/en/biographer"],"weight":0.20481999999999995,"degrees":[35,4970,64,1369,88]},"num_concepts_raised":11816},{"base_id":782,"kind":"bot_words","i1":8,"i2":9,"sol":{"path":["/c/en/causal","/c/en/cause","/c/en/factor","/c/en/writer","/c/en/biographer"],"weight":0.20597999999999997,"degrees":[106,1753,485,1369,88]},"num_concepts_raised":16256}],[{"base_id":782,"kind":"top_words","i1":0,"i2":1,"sol":{"path":["/c/en/canonize","/c/en/saint","/c/en/aureole","/c/en/gold","/c/en/convertibility"],"weight":0.20531999999999984,"degrees":[75,772,80,1435,25]},"num_concepts_raised":13550},{"base_id":782,"kind":"top_words","i1":0,"i2":2,"sol":{"path":["/c/en/canonize","/c/fr/religion","/c/fr/rendre","/c/fr/désorienter","/c/en/disorient"],"weight":0.20668999999999976,"degrees":[75,6634,1723,141,57]},"num_concepts_raised":13757},{"base_id":782,"kind":"top_words","i1":0,"i2":3,"sol":{"path":["/c/en/canonize","/c/en/saint","/c/en/helena","/c/en/mississippi","/c/en/rienzi"],"weight":0.21036999999999978,"degrees":[75,772,94,423,31]},"num_concepts_raised":11700},{"base_id":782,"kind":"top_words","i1":0,"i2":4,"sol":{"path":["/c/en/canonize","/c/en/religion","/c/en/buddhism","/c/en/ahimsa"],"weight":0.20893999999999976,"degrees":[75,3331,1287,72]},"num_concepts_raised":13770},{"base_id":782,"kind":"top_words","i1":0,"i2":5,"sol":{"path":["/c/en/canonize","/c/en/canon","/c/en/music","/c/en/mozart"],"weight":0.20565999999999984,"degrees":[75,326,8822,34]},"num_concepts_raised":19723},{"base_id":782,"kind":"top_words","i1":0,"i2":6,"sol":{"path":["/c/en/canonize","/c/en/saint","/c/en/player","/c/en/soccer_player","/c/en/mancini"],"weight":0.2103499999999998,"degrees":[75,772,1005,142,31]},"num_concepts_raised":11473},{"base_id":782,"kind":"top_words","i1":0,"i2":7,"sol":{"path":["/c/en/canonize","/c/en/saint","/c/en/rail_transport","/c/en/sleeper","/c/en/sleepwalker"],"weight":0.2057799999999998,"degrees":[75,772,301,216,66]},"num_concepts_raised":12043},{"base_id":782,"kind":"top_words","i1":0,"i2":8,"sol":{"path":["/c/en/canonize","/c/en/saint","/c/en/person","/c/en/leap","/c/en/lope"],"weight":0.20674999999999982,"degrees":[75,772,12935,640,47]},"num_concepts_raised":18417},{"base_id":782,"kind":"top_words","i1":0,"i2":9,"sol":{"path":["/c/en/canonize","/c/en/saint","/c/en/person","/c/en/drink","/c/en/swig"],"weight":0.21321999999999977,"degrees":[75,772,12935,2548,78]},"num_concepts_raised":25915},{"base_id":782,"kind":"top_words","i1":1,"i2":2,"sol":{"path":["/c/en/convertibility","/c/en/gold","/c/en/place","/c/en/disorientation","/c/en/disorient"],"weight":0.20402999999999977,"degrees":[25,1435,3314,70,57]},"num_concepts_raised":4751},{"base_id":782,"kind":"top_words","i1":1,"i2":3,"sol":{"path":["/c/en/convertibility","/c/en/gold","/c/en/golden","/c/en/mississippi","/c/en/rienzi"],"weight":0.20768999999999982,"degrees":[25,1435,454,423,31]},"num_concepts_raised":2674},{"base_id":782,"kind":"top_words","i1":1,"i2":4,"sol":{"path":["/c/en/convertibility","/c/en/gold","/c/en/person","/c/en/mahatma_gandhi","/c/en/ahimsa"],"weight":0.2082399999999998,"degrees":[25,1435,12935,112,72]},"num_concepts_raised":4866},{"base_id":782,"kind":"top_words","i1":1,"i2":5,"sol":{"path":["/c/en/convertibility","/c/en/gold","/c/en/band","/c/en/music","/c/en/mozart"],"weight":0.20384999999999986,"degrees":[25,1435,1893,8822,34]},"num_concepts_raised":10753},{"base_id":782,"kind":"top_words","i1":1,"i2":6,"sol":{"path":["/c/en/convertibility","/c/en/gold","/c/en/value","/c/en/love","/c/en/soccer_player","/c/en/mancini"],"weight":0.20966249999999959,"degrees":[25,1435,1699,2442,142,31]},"num_concepts_raised":155336},{"base_id":782,"kind":"top_words","i1":1,"i2":7,"sol":{"path":["/c/en/convertibility","/c/en/gold","/c/en/heavy","/c/en/sleepy","/c/en/sleepwalker"],"weight":0.2031299999999998,"degrees":[25,1435,1173,282,66]},"num_concepts_raised":3015},{"base_id":782,"kind":"top_words","i1":1,"i2":8,"sol":{"path":["/c/en/convertibility","/c/en/gold","/c/en/person","/c/en/leap","/c/en/lope"],"weight":0.20406999999999983,"degrees":[25,1435,12935,640,47]},"num_concepts_raised":9437},{"base_id":782,"kind":"top_words","i1":1,"i2":9,"sol":{"path":["/c/en/convertibility","/c/en/gold","/c/en/bar","/c/en/drink","/c/en/swig"],"weight":0.21058999999999978,"degrees":[25,1435,1972,2548,78]},"num_concepts_raised":16928},{"base_id":782,"kind":"top_words","i1":2,"i2":3,"sol":{"path":["/c/en/disorient","/c/en/orient","/c/en/united_states","/c/en/mississippi","/c/en/rienzi"],"weight":0.20809999999999973,"degrees":[57,279,1636,423,31]},"num_concepts_raised":2894},{"base_id":782,"kind":"top_words","i1":2,"i2":4,"sol":{"path":["/c/en/disorient","/c/en/orientation","/c/en/orientalism","/c/en/hinduism","/c/en/ahimsa"],"weight":0.20864999999999972,"degrees":[57,325,70,1184,72]},"num_concepts_raised":5092},{"base_id":782,"kind":"top_words","i1":2,"i2":5,"sol":{"path":["/c/en/disorient","/c/en/disorientation","/c/en/time","/c/en/music","/c/en/mozart"],"weight":0.20525999999999978,"degrees":[57,70,4124,8822,34]},"num_concepts_raised":10969},{"base_id":782,"kind":"top_words","i1":2,"i2":6,"sol":{"path":["/c/en/disorient","/c/fr/désorienter","/c/fr/pays","/c/en/china","/c/en/soccer_player","/c/en/mancini"],"weight":0.2163728999999996,"degrees":[57,141,5104,1318,142,31]},"num_concepts_raised":219605},{"base_id":782,"kind":"top_words","i1":2,"i2":7,"sol":{"path":["/c/en/disorient","/c/fr/désorienter","/c/fr/lève","/c/fr/somnambule","/c/en/sleepwalker"],"weight":0.20766999999999974,"degrees":[57,141,30,55,66]},"num_concepts_raised":3236},{"base_id":782,"kind":"top_words","i1":2,"i2":8,"sol":{"path":["/c/en/disorient","/c/fr/désorienter","/c/fr/lève","/c/fr/long","/c/en/lope"],"weight":0.20622999999999975,"degrees":[57,141,30,895,47]},"num_concepts_raised":9615},{"base_id":782,"kind":"top_words","i1":2,"i2":9,"sol":{"path":["/c/en/disorient","/c/en/direction","/c/en/parallel","/c/en/swig"],"weight":0.20860999999999974,"degrees":[57,1258,591,78]},"num_concepts_raised":17114},{"base_id":782,"kind":"top_words","i1":3,"i2":4,"sol":{"path":["/c/en/rienzi","/c/en/mississippi","/c/en/eden","/c/en/nirvana","/c/en/buddhism","/c/en/ahimsa"],"weight":0.2159924999999994,"degrees":[31,423,195,243,1287,72]},"num_concepts_raised":90747},{"base_id":782,"kind":"top_words","i1":3,"i2":5,"sol":{"path":["/c/en/rienzi","/c/en/mississippi","/c/en/grace","/c/en/music","/c/en/mozart"],"weight":0.2088999999999998,"degrees":[31,423,653,8822,34]},"num_concepts_raised":8919},{"base_id":782,"kind":"top_words","i1":3,"i2":6,"sol":{"path":["/c/en/rienzi","/c/en/mississippi","/c/en/united_states","/c/en/washington","/c/en/soccer_player","/c/en/mancini"],"weight":0.2140995999999996,"degrees":[31,423,1636,601,142,31]},"num_concepts_raised":36399},{"base_id":782,"kind":"top_words","i1":3,"i2":7,"sol":{"path":["/c/en/rienzi","/c/en/mississippi","/c/en/state","/c/en/sleep","/c/en/somnambulist","/c/en/sleepwalker"],"weight":0.21566789999999975,"degrees":[31,423,3243,2114,66,66]},"num_concepts_raised":106032},{"base_id":782,"kind":"top_words","i1":3,"i2":8,"sol":{"path":["/c/en/rienzi","/c/en/mississippi","/c/en/lake","/c/en/leap","/c/en/lope"],"weight":0.2091299999999998,"degrees":[31,423,1347,640,47]},"num_concepts_raised":7589},{"base_id":782,"kind":"top_words","i1":3,"i2":9,"sol":{"path":["/c/en/rienzi","/c/en/mississippi","/c/en/state","/c/en/drink","/c/en/swig"],"weight":0.21558999999999973,"degrees":[31,423,3243,2548,78]},"num_concepts_raised":15118},{"base_id":782,"kind":"top_words","i1":4,"i2":5,"sol":{"path":["/c/en/ahimsa","/c/en/buddhism","/c/en/marga","/c/en/music","/c/en/mozart"],"weight":0.20945999999999979,"degrees":[72,1287,16,8822,34]},"num_concepts_raised":11105},{"base_id":782,"kind":"top_words","i1":4,"i2":6,"sol":{"path":["/c/en/ahimsa","/c/en/hinduism","/c/en/kali","/c/en/soccer_player","/c/en/mancini"],"weight":0.21328999999999976,"degrees":[72,1184,147,142,31]},"num_concepts_raised":2782},{"base_id":782,"kind":"top_words","i1":4,"i2":7,"sol":{"path":["/c/en/ahimsa","/c/en/buddhism","/c/ja/い","/c/en/sleep","/c/en/somnambulist","/c/en/sleepwalker"],"weight":0.21743079999999956,"degrees":[72,1287,122,2114,66,66]},"num_concepts_raised":145430},{"base_id":782,"kind":"top_words","i1":4,"i2":8,"sol":{"path":["/c/en/ahimsa","/c/en/mahatma_gandhi","/c/en/person","/c/en/leap","/c/en/lope"],"weight":0.20968999999999977,"degrees":[72,112,12935,640,47]},"num_concepts_raised":9789},{"base_id":782,"kind":"top_words","i1":4,"i2":9,"sol":{"path":["/c/en/ahimsa","/c/en/jainism","/c/en/rope","/c/en/swig"],"weight":0.2138999999999997,"degrees":[72,226,1228,78]},"num_concepts_raised":17312},{"base_id":782,"kind":"top_words","i1":5,"i2":6,"sol":{"path":["/c/en/mozart","/c/en/music","/c/en/china","/c/en/soccer_player","/c/en/mancini"],"weight":0.2088799999999998,"degrees":[34,8822,1318,142,31]},"num_concepts_raised":8691},{"base_id":782,"kind":"top_words","i1":5,"i2":7,"sol":{"path":["/c/en/mozart","/c/en/music","/c/fr/nocturne","/c/fr/noctambule","/c/en/sleepwalker"],"weight":0.2053399999999998,"degrees":[34,8822,207,37,66]},"num_concepts_raised":9255},{"base_id":782,"kind":"top_words","i1":5,"i2":8,"sol":{"path":["/c/en/mozart","/c/en/music","/c/en/leap","/c/en/lope"],"weight":0.20526999999999984,"degrees":[34,8822,640,47]},"num_concepts_raised":15610},{"base_id":782,"kind":"top_words","i1":5,"i2":9,"sol":{"path":["/c/en/mozart","/c/en/music","/c/en/bar","/c/en/drink","/c/en/swig"],"weight":0.21180999999999978,"degrees":[34,8822,1972,2548,78]},"num_concepts_raised":23061},{"base_id":782,"kind":"top_words","i1":6,"i2":7,"sol":{"path":["/c/en/mancini","/c/en/soccer_player","/c/en/fred","/c/en/tired","/c/en/sleepy","/c/en/sleepwalker"],"weight":0.21056159999999974,"degrees":[31,142,102,652,282,66]},"num_concepts_raised":93379},{"base_id":782,"kind":"top_words","i1":6,"i2":8,"sol":{"path":["/c/en/mancini","/c/en/soccer_player","/c/en/soccer","/c/en/run","/c/en/lope"],"weight":0.20809999999999979,"degrees":[31,142,1103,2730,47]},"num_concepts_raised":7363},{"base_id":782,"kind":"top_words","i1":6,"i2":9,"sol":{"path":["/c/en/mancini","/c/en/soccer_player","/c/en/lee_ho","/c/en/nautical","/c/en/swig"],"weight":0.21536999999999973,"degrees":[31,142,27,5204,78]},"num_concepts_raised":14895},{"base_id":782,"kind":"top_words","i1":7,"i2":8,"sol":{"path":["/c/en/sleepwalker","/c/en/sleepwalk","/c/en/walk","/c/de/laufen","/c/en/lope"],"weight":0.2067199999999998,"degrees":[66,50,2020,367,47]},"num_concepts_raised":7922},{"base_id":782,"kind":"top_words","i1":7,"i2":9,"sol":{"path":["/c/en/sleepwalker","/c/en/sleeper","/c/en/nautical","/c/en/swig"],"weight":0.21079999999999977,"degrees":[66,216,5204,78]},"num_concepts_raised":15451},{"base_id":782,"kind":"top_words","i1":8,"i2":9,"sol":{"path":["/c/en/lope","/c/en/run","/c/en/nautical","/c/en/swig"],"weight":0.21075999999999978,"degrees":[47,2730,5204,78]},"num_concepts_raised":21697}]]