[[{"base_id":454,"kind":"bot_words","i1":0,"i2":1,"sol":{"path":["/c/en/penobscot","/c/en/people","/c/en/shelter","/c/en/shelterbelt","/c/en/windbreak"],"weight":0.20916999999999975,"degrees":[44,4475,799,11,51]},"num_concepts_raised":23608},{"base_id":454,"kind":"bot_words","i1":0,"i2":2,"sol":{"path":["/c/en/penobscot","/c/en/united_states","/c/en/air_force","/c/en/airliner","/c/en/jetliner"],"weight":0.2090699999999998,"degrees":[44,1636,299,177,30]},"num_concepts_raised":15312},{"base_id":454,"kind":"bot_words","i1":0,"i2":3,"sol":{"path":["/c/en/penobscot","/c/en/english_language","/c/en/coherent","/c/en/inherent","/c/en/inherently"],"weight":0.21021999999999982,"degrees":[44,579,230,203,44]},"num_concepts_raised":14332},{"base_id":454,"kind":"bot_words","i1":0,"i2":4,"sol":{"path":["/c/en/penobscot","/c/en/people","/c/en/age","/c/en/mesozoic","/c/en/cretaceous"],"weight":0.22134999999999966,"degrees":[44,4475,1544,122,183]},"num_concepts_raised":20640},{"base_id":454,"kind":"bot_words","i1":0,"i2":5,"sol":{"path":["/c/en/penobscot","/c/en/people","/c/en/bar","/c/en/barmaid"],"weight":0.20946999999999982,"degrees":[44,4475,1972,59]},"num_concepts_raised":18845},{"base_id":454,"kind":"bot_words","i1":0,"i2":6,"sol":{"path":["/c/en/penobscot","/c/en/people","/c/en/sing","/c/en/singh"],"weight":0.20785999999999982,"degrees":[44,4475,997,25]},"num_concepts_raised":16076},{"base_id":454,"kind":"bot_words","i1":0,"i2":7,"sol":{"path":["/c/en/penobscot","/c/en/people","/c/en/defeated","/c/en/invincible"],"weight":0.20898999999999962,"degrees":[44,4475,137,115]},"num_concepts_raised":21809},{"base_id":454,"kind":"bot_words","i1":0,"i2":8,"sol":{"path":["/c/en/penobscot","/c/en/people","/c/en/color","/c/en/facade"],"weight":0.20898999999999962,"degrees":[44,4475,1870,124]},"num_concepts_raised":21985},{"base_id":454,"kind":"bot_words","i1":0,"i2":9,"sol":{"path":["/c/en/penobscot","/c/en/people","/c/en/animal","/c/en/veterinary"],"weight":0.20899999999999974,"degrees":[44,4475,3735,104]},"num_concepts_raised":32276},{"base_id":454,"kind":"bot_words","i1":1,"i2":2,"sol":{"path":["/c/en/windbreak","/c/en/wind","/c/en/air","/c/en/airliner","/c/en/jetliner"],"weight":0.20409999999999984,"degrees":[51,2373,1965,177,30]},"num_concepts_raised":11918},{"base_id":454,"kind":"bot_words","i1":1,"i2":3,"sol":{"path":["/c/en/windbreak","/c/en/tree","/c/en/nature","/c/en/naturally","/c/en/inherently"],"weight":0.20425999999999983,"degrees":[51,3598,1372,266,44]},"num_concepts_raised":10959},{"base_id":454,"kind":"bot_words","i1":1,"i2":4,"sol":{"path":["/c/en/windbreak","/c/en/break","/c/en/chalk","/c/en/cretaceous"],"weight":0.21458999999999964,"degrees":[51,2938,416,183]},"num_concepts_raised":17246},{"base_id":454,"kind":"bot_words","i1":1,"i2":5,"sol":{"path":["/c/en/windbreak","/c/en/break","/c/en/bar","/c/en/barmaid"],"weight":0.20447999999999983,"degrees":[51,2938,1972,59]},"num_concepts_raised":15510},{"base_id":454,"kind":"bot_words","i1":1,"i2":6,"sol":{"path":["/c/en/windbreak","/c/en/wind","/c/en/india","/c/en/singh"],"weight":0.2029099999999998,"degrees":[51,2373,1846,25]},"num_concepts_raised":12787},{"base_id":454,"kind":"bot_words","i1":1,"i2":7,"sol":{"path":["/c/en/windbreak","/c/en/break","/c/en/kill","/c/en/invincible"],"weight":0.20408999999999963,"degrees":[51,2938,1884,115]},"num_concepts_raised":18292},{"base_id":454,"kind":"bot_words","i1":1,"i2":8,"sol":{"path":["/c/en/windbreak","/c/fr/abrivent","/c/fr/militaire","/c/en/front","/c/en/facade"],"weight":0.20762999999999962,"degrees":[51,23,3113,1105,124]},"num_concepts_raised":18569},{"base_id":454,"kind":"bot_words","i1":1,"i2":9,"sol":{"path":["/c/en/windbreak","/c/en/agriculture","/c/en/farm","/c/en/veterinary"],"weight":0.20394999999999974,"degrees":[51,1319,1479,104]},"num_concepts_raised":28824},{"base_id":454,"kind":"bot_words","i1":2,"i2":3,"sol":{"path":["/c/en/jetliner","/c/en/aviation","/c/fr/boucle","/c/fr/naturellement","/c/en/inherently"],"weight":0.2030399999999999,"degrees":[30,1071,289,222,44]},"num_concepts_raised":2526},{"base_id":454,"kind":"bot_words","i1":2,"i2":4,"sol":{"path":["/c/en/jetliner","/c/en/jet","/c/en/geyser","/c/en/geology","/c/en/cretaceous"],"weight":0.21524999999999972,"degrees":[30,522,225,3862,183]},"num_concepts_raised":8901},{"base_id":454,"kind":"bot_words","i1":2,"i2":5,"sol":{"path":["/c/en/jetliner","/c/en/jet","/c/en/airport","/c/en/bar","/c/en/barmaid"],"weight":0.20530999999999988,"degrees":[30,522,644,1972,59]},"num_concepts_raised":7167},{"base_id":454,"kind":"bot_words","i1":2,"i2":6,"sol":{"path":["/c/en/jetliner","/c/en/aviation","/c/en/bird","/c/sa/सिंह","/c/en/singh"],"weight":0.20375999999999989,"degrees":[30,1071,4970,56,25]},"num_concepts_raised":4389},{"base_id":454,"kind":"bot_words","i1":2,"i2":7,"sol":{"path":["/c/en/jetliner","/c/en/jet","/c/en/bomb","/c/en/kill","/c/en/invincible"],"weight":0.2048899999999997,"degrees":[30,522,798,1884,115]},"num_concepts_raised":10140},{"base_id":454,"kind":"bot_words","i1":2,"i2":8,"sol":{"path":["/c/en/jetliner","/c/en/jet","/c/en/jet_engine","/c/en/front","/c/en/facade"],"weight":0.2065099999999997,"degrees":[30,522,191,1105,124]},"num_concepts_raised":10289},{"base_id":454,"kind":"bot_words","i1":2,"i2":9,"sol":{"path":["/c/en/jetliner","/c/en/jet","/c/en/slang","/c/en/animal","/c/en/veterinary"],"weight":0.20485999999999982,"degrees":[30,522,16318,3735,104]},"num_concepts_raised":20643},{"base_id":454,"kind":"bot_words","i1":3,"i2":4,"sol":{"path":["/c/en/inherently","/c/fr/naturellement","/c/fr/nature","/c/fr/crétacé","/c/en/cretaceous"],"weight":0.2189299999999997,"degrees":[44,222,801,106,183]},"num_concepts_raised":7925},{"base_id":454,"kind":"bot_words","i1":3,"i2":5,"sol":{"path":["/c/en/inherently","/c/en/inherent","/c/gd/gàd","/c/en/bar","/c/en/barmaid"],"weight":0.20654999999999987,"degrees":[44,203,10,1972,59]},"num_concepts_raised":6189},{"base_id":454,"kind":"bot_words","i1":3,"i2":6,"sol":{"path":["/c/en/inherently","/c/en/inherent","/c/ja/ほうしょう","/c/en/music","/c/sa/सिंह","/c/en/singh"],"weight":0.21180199999999988,"degrees":[44,203,95,8822,56,25]},"num_concepts_raised":281762},{"base_id":454,"kind":"bot_words","i1":3,"i2":7,"sol":{"path":["/c/en/inherently","/c/en/inherent","/c/en/inhere","/c/la/in","/c/en/invincible"],"weight":0.20603999999999972,"degrees":[44,203,46,637,115]},"num_concepts_raised":9154},{"base_id":454,"kind":"bot_words","i1":3,"i2":8,"sol":{"path":["/c/en/inherently","/c/en/inherent","/c/zh/根底","/c/en/front","/c/en/facade"],"weight":0.20765999999999968,"degrees":[44,203,20,1105,124]},"num_concepts_raised":9316},{"base_id":454,"kind":"bot_words","i1":3,"i2":9,"sol":{"path":["/c/en/inherently","/c/en/inherent","/c/th/ธาตุ","/c/en/animal","/c/en/veterinary"],"weight":0.2060499999999998,"degrees":[44,203,35,3735,104]},"num_concepts_raised":19675},{"base_id":454,"kind":"bot_words","i1":4,"i2":5,"sol":{"path":["/c/en/cretaceous","/c/en/period","/c/en/woman","/c/en/barmaid"],"weight":0.2145899999999997,"degrees":[183,1523,3510,59]},"num_concepts_raised":12536},{"base_id":454,"kind":"bot_words","i1":4,"i2":6,"sol":{"path":["/c/en/cretaceous","/c/en/mesozoic","/c/en/earth","/c/en/india","/c/en/singh"],"weight":0.2160899999999997,"degrees":[183,122,2336,1846,25]},"num_concepts_raised":9780},{"base_id":454,"kind":"bot_words","i1":4,"i2":7,"sol":{"path":["/c/en/cretaceous","/c/en/mesozoic","/c/en/life","/c/en/kill","/c/en/invincible"],"weight":0.21723999999999952,"degrees":[183,122,2241,1884,115]},"num_concepts_raised":15503},{"base_id":454,"kind":"bot_words","i1":4,"i2":8,"sol":{"path":["/c/en/cretaceous","/c/en/period","/c/en/length","/c/en/frontage","/c/en/facade"],"weight":0.2173999999999995,"degrees":[183,1523,824,50,124]},"num_concepts_raised":15659},{"base_id":454,"kind":"bot_words","i1":4,"i2":9,"sol":{"path":["/c/en/cretaceous","/c/en/dinosaur","/c/en/animal","/c/en/veterinary"],"weight":0.21525999999999962,"degrees":[183,505,3735,104]},"num_concepts_raised":25959},{"base_id":454,"kind":"bot_words","i1":5,"i2":6,"sol":{"path":["/c/en/barmaid","/c/en/bar","/c/en/music","/c/sa/सिंह","/c/en/singh"],"weight":0.20528999999999986,"degrees":[59,1972,8822,56,25]},"num_concepts_raised":8027},{"base_id":454,"kind":"bot_words","i1":5,"i2":7,"sol":{"path":["/c/en/barmaid","/c/en/bartender","/c/en/tender","/c/en/weak","/c/en/invincible"],"weight":0.2055799999999997,"degrees":[59,207,698,1282,115]},"num_concepts_raised":13749},{"base_id":454,"kind":"bot_words","i1":5,"i2":8,"sol":{"path":["/c/en/barmaid","/c/en/bar","/c/en/building","/c/en/frontage","/c/en/facade"],"weight":0.20754999999999968,"degrees":[59,1972,2061,50,124]},"num_concepts_raised":13867},{"base_id":454,"kind":"bot_words","i1":5,"i2":9,"sol":{"path":["/c/en/barmaid","/c/en/maid","/c/en/domestic","/c/en/veterinary"],"weight":0.20415999999999979,"degrees":[59,464,643,104]},"num_concepts_raised":24200},{"base_id":454,"kind":"bot_words","i1":6,"i2":7,"sol":{"path":["/c/en/singh","/c/sa/सिंह","/c/gu/ચિંગમ","/c/en/weak","/c/en/invincible"],"weight":0.2047399999999997,"degrees":[25,56,10,1282,115]},"num_concepts_raised":11003},{"base_id":454,"kind":"bot_words","i1":6,"i2":8,"sol":{"path":["/c/en/singh","/c/sa/सिंह","/c/en/lion","/c/en/face","/c/en/facade"],"weight":0.2062399999999997,"degrees":[25,56,928,2479,124]},"num_concepts_raised":11168},{"base_id":454,"kind":"bot_words","i1":6,"i2":9,"sol":{"path":["/c/en/singh","/c/th/สิงห์","/c/en/animal","/c/en/veterinary"],"weight":0.2037299999999998,"degrees":[25,13,3735,104]},"num_concepts_raised":21506},{"base_id":454,"kind":"bot_words","i1":7,"i2":8,"sol":{"path":["/c/en/invincible","/c/en/destroy","/c/en/property","/c/en/frontage","/c/en/facade"],"weight":0.2070599999999995,"degrees":[115,1339,1664,50,124]},"num_concepts_raised":16852},{"base_id":454,"kind":"bot_words","i1":7,"i2":9,"sol":{"path":["/c/en/invincible","/c/ms/kebal","/c/fr/médecine","/c/en/veterinary"],"weight":0.20470999999999961,"degrees":[115,9,9990,104]},"num_concepts_raised":27138},{"base_id":454,"kind":"bot_words","i1":8,"i2":9,"sol":{"path":["/c/en/facade","/c/en/face","/c/en/animal","/c/en/veterinary"],"weight":0.20620999999999962,"degrees":[124,2479,3735,104]},"num_concepts_raised":27260}],[{"base_id":454,"kind":"top_words","i1":0,"i2":1,"sol":{"path":["/c/en/cycloaddition","/c/en/organic_chemistry","/c/en/aldol"],"weight":0.20400000000000001,"degrees":[39,6499,35]},"num_concepts_raised":60},{"base_id":454,"kind":"top_words","i1":0,"i2":2,"sol":{"path":["/c/en/cycloaddition","/c/en/organic_chemistry","/c/en/esterification"],"weight":0.20400000000000001,"degrees":[39,6499,25]},"num_concepts_raised":53},{"base_id":454,"kind":"top_words","i1":0,"i2":3,"sol":{"path":["/c/en/cycloaddition","/c/en/organic_chemistry","/c/en/chemistry","/c/en/hydrogenation"],"weight":0.21430999999999972,"degrees":[39,6499,11754,106]},"num_concepts_raised":30940},{"base_id":454,"kind":"top_words","i1":0,"i2":4,"sol":{"path":["/c/en/cycloaddition","/c/fr/cycloaddition","/c/fr/insaturé","/c/en/unsaturated"],"weight":0.21243999999999913,"degrees":[39,17,27,259]},"num_concepts_raised":30419},{"base_id":454,"kind":"top_words","i1":0,"i2":5,"sol":{"path":["/c/en/cycloaddition","/c/en/organic_chemistry","/c/en/alkylation"],"weight":0.20600000000000002,"degrees":[39,6499,71]},"num_concepts_raised":87},{"base_id":454,"kind":"top_words","i1":0,"i2":6,"sol":{"path":["/c/en/cycloaddition","/c/en/organic_chemistry","/c/en/chemistry","/c/en/halogenation"],"weight":0.21353999999999967,"degrees":[39,6499,11754,60]},"num_concepts_raised":23535},{"base_id":454,"kind":"top_words","i1":0,"i2":7,"sol":{"path":["/c/en/cycloaddition","/c/en/organic_chemistry","/c/en/organism","/c/en/plant","/c/en/jojoba"],"weight":0.21322999999999975,"degrees":[39,6499,1338,7959,53]},"num_concepts_raised":20336},{"base_id":454,"kind":"top_words","i1":0,"i2":8,"sol":{"path":["/c/en/cycloaddition","/c/fr/cycloaddition","/c/fr/chimie","/c/fr/oxydant","/c/en/oxidant"],"weight":0.21031999999999984,"degrees":[39,17,9652,34,57]},"num_concepts_raised":8371},{"base_id":454,"kind":"top_words","i1":0,"i2":9,"sol":{"path":["/c/en/cycloaddition","/c/en/organic_chemistry","/c/en/chemistry","/c/en/nitration"],"weight":0.2081699999999998,"degrees":[39,6499,11754,34]},"num_concepts_raised":20569},{"base_id":454,"kind":"top_words","i1":1,"i2":2,"sol":{"path":["/c/en/aldol","/c/en/organic_chemistry","/c/en/esterification"],"weight":0.202,"degrees":[35,6499,25]},"num_concepts_raised":48},{"base_id":454,"kind":"top_words","i1":1,"i2":3,"sol":{"path":["/c/en/aldol","/c/en/organic_compound","/c/en/hydrogenation"],"weight":0.20400000000000001,"degrees":[35,7764,106]},"num_concepts_raised":109},{"base_id":454,"kind":"top_words","i1":1,"i2":4,"sol":{"path":["/c/en/aldol","/c/en/organic_compound","/c/en/carbon","/c/en/unsaturated"],"weight":0.20746999999999927,"degrees":[35,7764,1510,259]},"num_concepts_raised":36281},{"base_id":454,"kind":"top_words","i1":1,"i2":5,"sol":{"path":["/c/en/aldol","/c/en/organic_chemistry","/c/en/alkylation"],"weight":0.20400000000000001,"degrees":[35,6499,71]},"num_concepts_raised":82},{"base_id":454,"kind":"top_words","i1":1,"i2":6,"sol":{"path":["/c/en/aldol","/c/en/organic_chemistry","/c/en/chemistry","/c/en/halogenation"],"weight":0.20859999999999976,"degrees":[35,6499,11754,60]},"num_concepts_raised":29922},{"base_id":454,"kind":"top_words","i1":1,"i2":7,"sol":{"path":["/c/en/aldol","/c/en/organic_chemistry","/c/en/organic","/c/en/plant","/c/en/jojoba"],"weight":0.20835999999999982,"degrees":[35,6499,770,7959,53]},"num_concepts_raised":26939},{"base_id":454,"kind":"top_words","i1":1,"i2":8,"sol":{"path":["/c/en/aldol","/c/en/organic_compound","/c/fr/acide_anisique","/c/fr/oxydant","/c/en/oxidant"],"weight":0.2053399999999999,"degrees":[35,7764,14,34,57]},"num_concepts_raised":15034},{"base_id":454,"kind":"top_words","i1":1,"i2":9,"sol":{"path":["/c/en/aldol","/c/en/organic_chemistry","/c/en/chemistry","/c/en/nitration"],"weight":0.2032299999999999,"degrees":[35,6499,11754,34]},"num_concepts_raised":27015},{"base_id":454,"kind":"top_words","i1":2,"i2":3,"sol":{"path":["/c/en/esterification","/c/en/chemical_reaction","/c/en/hydrogenation"],"weight":0.20500000000000002,"degrees":[25,383,106]},"num_concepts_raised":102},{"base_id":454,"kind":"top_words","i1":2,"i2":4,"sol":{"path":["/c/en/esterification","/c/en/ester","/c/en/double_bond","/c/en/unsaturated"],"weight":0.20720999999999926,"degrees":[25,879,392,259]},"num_concepts_raised":31997},{"base_id":454,"kind":"top_words","i1":2,"i2":5,"sol":{"path":["/c/en/esterification","/c/en/organic_chemistry","/c/en/alkylation"],"weight":0.20400000000000001,"degrees":[25,6499,71]},"num_concepts_raised":74},{"base_id":454,"kind":"top_words","i1":2,"i2":6,"sol":{"path":["/c/en/esterification","/c/en/reaction","/c/en/halogenation"],"weight":0.20400000000000001,"degrees":[25,873,60]},"num_concepts_raised":71},{"base_id":454,"kind":"top_words","i1":2,"i2":7,"sol":{"path":["/c/en/esterification","/c/en/ester","/c/en/wax","/c/en/jojoba"],"weight":0.20903999999999984,"degrees":[25,879,1206,53]},"num_concepts_raised":22590},{"base_id":454,"kind":"top_words","i1":2,"i2":8,"sol":{"path":["/c/en/esterification","/c/en/ester","/c/fr/chimie","/c/fr/oxydant","/c/en/oxidant"],"weight":0.20623999999999992,"degrees":[25,879,9652,34,57]},"num_concepts_raised":10662},{"base_id":454,"kind":"top_words","i1":2,"i2":9,"sol":{"path":["/c/en/esterification","/c/en/reaction","/c/en/nitration"],"weight":0.202,"degrees":[25,873,34]},"num_concepts_raised":51},{"base_id":454,"kind":"top_words","i1":3,"i2":4,"sol":{"path":["/c/en/hydrogenation","/c/en/unsaturated"],"weight":0.20400000000000001,"degrees":[106,259]},"num_concepts_raised":311},{"base_id":454,"kind":"top_words","i1":3,"i2":5,"sol":{"path":["/c/en/hydrogenation","/c/en/dehydrogenation","/c/en/reaction","/c/en/alkylation"],"weight":0.2164099999999997,"degrees":[106,35,873,71]},"num_concepts_raised":31569},{"base_id":454,"kind":"top_words","i1":3,"i2":6,"sol":{"path":["/c/en/hydrogenation","/c/en/hydrogen","/c/en/halogenation"],"weight":0.20700000000000002,"degrees":[106,2639,60]},"num_concepts_raised":131},{"base_id":454,"kind":"top_words","i1":3,"i2":7,"sol":{"path":["/c/en/hydrogenation","/c/en/substance","/c/en/wax","/c/en/jojoba"],"weight":0.21410999999999974,"degrees":[106,1169,1206,53]},"num_concepts_raised":36966},{"base_id":454,"kind":"top_words","i1":3,"i2":8,"sol":{"path":["/c/en/hydrogenation","/c/en/chemistry","/c/en/oxidizing_agent","/c/en/oxidant"],"weight":0.21095999999999984,"degrees":[106,11754,106,57]},"num_concepts_raised":25023},{"base_id":454,"kind":"top_words","i1":3,"i2":9,"sol":{"path":["/c/en/hydrogenation","/c/en/chemistry","/c/en/nitration"],"weight":0.20400000000000001,"degrees":[106,11754,34]},"num_concepts_raised":112},{"base_id":454,"kind":"top_words","i1":4,"i2":5,"sol":{"path":["/c/en/unsaturated","/c/en/carbon","/c/en/organic_chemistry","/c/en/alkylation"],"weight":0.21196999999999916,"degrees":[259,1510,6499,71]},"num_concepts_raised":31030},{"base_id":454,"kind":"top_words","i1":4,"i2":6,"sol":{"path":["/c/en/unsaturated","/c/en/atom","/c/en/halogenation"],"weight":0.20400000000000001,"degrees":[259,1498,60]},"num_concepts_raised":281},{"base_id":454,"kind":"top_words","i1":4,"i2":7,"sol":{"path":["/c/en/unsaturated","/c/en/organic","/c/en/plant","/c/en/jojoba"],"weight":0.21087999999999918,"degrees":[259,770,7959,53]},"num_concepts_raised":36767},{"base_id":454,"kind":"top_words","i1":4,"i2":8,"sol":{"path":["/c/en/unsaturated","/c/en/chemistry","/c/en/oxidizing_agent","/c/en/oxidant"],"weight":0.20769999999999927,"degrees":[259,11754,106,57]},"num_concepts_raised":24846},{"base_id":454,"kind":"top_words","i1":4,"i2":9,"sol":{"path":["/c/en/unsaturated","/c/en/chemistry","/c/en/nitration"],"weight":0.202,"degrees":[259,11754,34]},"num_concepts_raised":263},{"base_id":454,"kind":"top_words","i1":5,"i2":6,"sol":{"path":["/c/en/alkylation","/c/en/reaction","/c/en/halogenation"],"weight":0.20600000000000002,"degrees":[71,873,60]},"num_concepts_raised":105},{"base_id":454,"kind":"top_words","i1":5,"i2":7,"sol":{"path":["/c/en/alkylation","/c/en/alkyl","/c/en/hydrocarbon","/c/en/wax","/c/en/jojoba"],"weight":0.21576999999999974,"degrees":[71,263,745,1206,53]},"num_concepts_raised":21518},{"base_id":454,"kind":"top_words","i1":5,"i2":8,"sol":{"path":["/c/en/alkylation","/c/fr/alkylation","/c/fr/chimie","/c/fr/oxydant","/c/en/oxidant"],"weight":0.21281999999999984,"degrees":[71,27,9652,34,57]},"num_concepts_raised":9556},{"base_id":454,"kind":"top_words","i1":5,"i2":9,"sol":{"path":["/c/en/alkylation","/c/en/reaction","/c/en/nitration"],"weight":0.20400000000000001,"degrees":[71,873,34]},"num_concepts_raised":85},{"base_id":454,"kind":"top_words","i1":6,"i2":7,"sol":{"path":["/c/en/halogenation","/c/en/organic","/c/en/plant","/c/en/jojoba"],"weight":0.2134199999999997,"degrees":[60,770,7959,53]},"num_concepts_raised":29708},{"base_id":454,"kind":"top_words","i1":6,"i2":8,"sol":{"path":["/c/en/halogenation","/c/en/chemistry","/c/en/oxidizing_agent","/c/en/oxidant"],"weight":0.21018999999999977,"degrees":[60,11754,106,57]},"num_concepts_raised":17712},{"base_id":454,"kind":"top_words","i1":6,"i2":9,"sol":{"path":["/c/en/halogenation","/c/en/chemistry","/c/en/nitration"],"weight":0.20400000000000001,"degrees":[60,11754,34]},"num_concepts_raised":79},{"base_id":454,"kind":"top_words","i1":7,"i2":8,"sol":{"path":["/c/en/jojoba","/c/en/wax","/c/en/substance","/c/en/oxidizing_agent","/c/en/oxidant"],"weight":0.20985999999999988,"degrees":[53,1206,1169,106,57]},"num_concepts_raised":14036},{"base_id":454,"kind":"top_words","i1":7,"i2":9,"sol":{"path":["/c/en/jojoba","/c/en/wax","/c/en/compound","/c/en/nitration"],"weight":0.20814999999999984,"degrees":[53,1206,1833,34]},"num_concepts_raised":26635},{"base_id":454,"kind":"top_words","i1":8,"i2":9,"sol":{"path":["/c/en/oxidant","/c/en/oxidizing_agent","/c/en/nitric_acid","/c/en/nitration"],"weight":0.2056699999999999,"degrees":[57,106,227,34]},"num_concepts_raised":14602}]]