[[{"base_id":760,"kind":"bot_words","i1":0,"i2":1,"sol":{"path":["/c/en/bielefeld","/c/en/germany","/c/en/form","/c/en/out","/c/en/outwards"],"weight":0.21065999999999963,"degrees":[73,1036,2423,1307,51]},"num_concepts_raised":7183},{"base_id":760,"kind":"bot_words","i1":0,"i2":2,"sol":{"path":["/c/en/bielefeld","/c/en/germany","/c/en/real","/c/en/objective","/c/en/clinical"],"weight":0.21270999999999962,"degrees":[73,1036,969,419,128]},"num_concepts_raised":13632},{"base_id":760,"kind":"bot_words","i1":0,"i2":3,"sol":{"path":["/c/en/bielefeld","/c/en/city","/c/en/company","/c/en/yahoo"],"weight":0.2150399999999996,"degrees":[73,3758,2258,160]},"num_concepts_raised":18997},{"base_id":760,"kind":"bot_words","i1":0,"i2":4,"sol":{"path":["/c/en/bielefeld","/c/en/north_rhine_westphalia","/c/en/administrative_region","/c/en/nafplio"],"weight":0.21339999999999965,"degrees":[73,190,476,45]},"num_concepts_raised":4949},{"base_id":760,"kind":"bot_words","i1":0,"i2":5,"sol":{"path":["/c/en/bielefeld","/c/en/germany","/c/en/people","/c/en/charitable","/c/en/eleemosynary"],"weight":0.21255999999999972,"degrees":[73,1036,4475,199,37]},"num_concepts_raised":5476},{"base_id":760,"kind":"bot_words","i1":0,"i2":6,"sol":{"path":["/c/en/bielefeld","/c/en/germany","/c/en/europe","/c/en/balkans"],"weight":0.21717999999999923,"degrees":[73,1036,765,187]},"num_concepts_raised":11169},{"base_id":760,"kind":"bot_words","i1":0,"i2":7,"sol":{"path":["/c/en/bielefeld","/c/en/germany","/c/en/several","/c/en/some","/c/en/ome"],"weight":0.2113799999999998,"degrees":[73,1036,346,876,29]},"num_concepts_raised":13614},{"base_id":760,"kind":"bot_words","i1":0,"i2":8,"sol":{"path":["/c/en/bielefeld","/c/en/city","/c/en/cyte","/c/en/erythrocyte"],"weight":0.20878999999999948,"degrees":[73,3758,72,88]},"num_concepts_raised":12956},{"base_id":760,"kind":"bot_words","i1":0,"i2":9,"sol":{"path":["/c/en/bielefeld","/c/en/germany","/c/en/europe","/c/en/catharism"],"weight":0.21572999999999953,"degrees":[73,1036,765,66]},"num_concepts_raised":6754},{"base_id":760,"kind":"bot_words","i1":1,"i2":2,"sol":{"path":["/c/en/outwards","/c/en/exotropia","/c/en/medicine","/c/en/clinic","/c/en/clinical"],"weight":0.20654999999999962,"degrees":[51,20,11938,272,128]},"num_concepts_raised":12841},{"base_id":760,"kind":"bot_words","i1":1,"i2":3,"sol":{"path":["/c/en/outwards","/c/en/outstanding","/c/en/internet","/c/en/yahoo"],"weight":0.20966999999999963,"degrees":[51,417,2994,160]},"num_concepts_raised":18238},{"base_id":760,"kind":"bot_words","i1":1,"i2":4,"sol":{"path":["/c/en/outwards","/c/en/out","/c/en/iot","/c/en/greece","/c/en/nafplio"],"weight":0.21027999999999966,"degrees":[51,1307,26,731,45]},"num_concepts_raised":4256},{"base_id":760,"kind":"bot_words","i1":1,"i2":5,"sol":{"path":["/c/en/outwards","/c/en/out","/c/en/give","/c/en/charitable","/c/en/eleemosynary"],"weight":0.20531999999999975,"degrees":[51,1307,2421,199,37]},"num_concepts_raised":4706},{"base_id":760,"kind":"bot_words","i1":1,"i2":6,"sol":{"path":["/c/en/outwards","/c/en/interior","/c/en/country","/c/en/kosovo","/c/en/balkans"],"weight":0.21182999999999927,"degrees":[51,420,2796,313,187]},"num_concepts_raised":10562},{"base_id":760,"kind":"bot_words","i1":1,"i2":7,"sol":{"path":["/c/en/outwards","/c/en/out","/c/ru/додумать","/c/en/some","/c/en/ome"],"weight":0.2041099999999998,"degrees":[51,1307,31,876,29]},"num_concepts_raised":12839},{"base_id":760,"kind":"bot_words","i1":1,"i2":8,"sol":{"path":["/c/en/outwards","/c/th/คัด","/c/en/blood","/c/en/erythrocyte"],"weight":0.20358999999999952,"degrees":[51,39,2253,88]},"num_concepts_raised":12169},{"base_id":760,"kind":"bot_words","i1":1,"i2":9,"sol":{"path":["/c/en/outwards","/c/en/out","/c/en/magazine","/c/en/europe","/c/en/catharism"],"weight":0.2084599999999996,"degrees":[51,1307,978,765,66]},"num_concepts_raised":6032},{"base_id":760,"kind":"bot_words","i1":2,"i2":3,"sol":{"path":["/c/en/clinical","/c/en/pathology","/c/fr/crétin","/c/en/yahoo"],"weight":0.21082999999999963,"degrees":[128,5554,148,160]},"num_concepts_raised":24666},{"base_id":760,"kind":"bot_words","i1":2,"i2":4,"sol":{"path":["/c/en/clinical","/c/en/cool","/c/en/column","/c/en/greece","/c/en/nafplio"],"weight":0.21130999999999966,"degrees":[128,1186,1203,731,45]},"num_concepts_raised":10695},{"base_id":760,"kind":"bot_words","i1":2,"i2":5,"sol":{"path":["/c/en/clinical","/c/en/objective","/c/en/salvation","/c/en/charitable","/c/en/eleemosynary"],"weight":0.20734999999999976,"degrees":[128,419,353,199,37]},"num_concepts_raised":11145},{"base_id":760,"kind":"bot_words","i1":2,"i2":6,"sol":{"path":["/c/en/clinical","/c/en/flammer_syndrome","/c/en/feature","/c/en/balkanism","/c/en/balkans"],"weight":0.21270999999999926,"degrees":[128,6,763,16,187]},"num_concepts_raised":17005},{"base_id":760,"kind":"bot_words","i1":2,"i2":7,"sol":{"path":["/c/en/clinical","/c/en/pathology","/c/en/oma","/c/en/ome"],"weight":0.20414999999999978,"degrees":[128,5554,36,29]},"num_concepts_raised":19216},{"base_id":760,"kind":"bot_words","i1":2,"i2":8,"sol":{"path":["/c/en/clinical","/c/en/coombs_test","/c/en/red_blood_cell","/c/en/erythrocyte"],"weight":0.20622999999999952,"degrees":[128,13,323,88]},"num_concepts_raised":18389},{"base_id":760,"kind":"bot_words","i1":2,"i2":9,"sol":{"path":["/c/en/clinical","/c/en/clinic","/c/en/baptism","/c/en/christian","/c/en/catharism"],"weight":0.21155999999999958,"degrees":[128,272,468,813,66]},"num_concepts_raised":12470},{"base_id":760,"kind":"bot_words","i1":3,"i2":4,"sol":{"path":["/c/en/yahoo","/c/en/company","/c/en/country","/c/en/greece","/c/en/nafplio"],"weight":0.21672999999999965,"degrees":[160,2258,2796,731,45]},"num_concepts_raised":16135},{"base_id":760,"kind":"bot_words","i1":3,"i2":5,"sol":{"path":["/c/en/yahoo","/c/en/company","/c/en/organization","/c/en/charitable","/c/en/eleemosynary"],"weight":0.21176999999999974,"degrees":[160,2258,1375,199,37]},"num_concepts_raised":16566},{"base_id":760,"kind":"bot_words","i1":3,"i2":6,"sol":{"path":["/c/en/yahoo","/c/fr/abruti","/c/en/europe","/c/en/balkans"],"weight":0.21627999999999925,"degrees":[160,83,765,187]},"num_concepts_raised":22385},{"base_id":760,"kind":"bot_words","i1":3,"i2":7,"sol":{"path":["/c/en/yahoo","/c/en/search_engine","/c/en/organic","/c/en/biology","/c/en/ome"],"weight":0.2116099999999998,"degrees":[160,251,770,6216,29]},"num_concepts_raised":24634},{"base_id":760,"kind":"bot_words","i1":3,"i2":8,"sol":{"path":["/c/en/yahoo","/c/en/search_engine","/c/en/organic","/c/en/blood","/c/en/erythrocyte"],"weight":0.21224999999999952,"degrees":[160,251,770,2253,88]},"num_concepts_raised":24030},{"base_id":760,"kind":"bot_words","i1":3,"i2":9,"sol":{"path":["/c/en/yahoo","/c/fr/abruti","/c/en/europe","/c/en/catharism"],"weight":0.21483999999999956,"degrees":[160,83,765,66]},"num_concepts_raised":17863},{"base_id":760,"kind":"bot_words","i1":4,"i2":5,"sol":{"path":["/c/en/nafplio","/c/en/greece","/c/en/country","/c/en/organization","/c/en/charitable","/c/en/eleemosynary"],"weight":0.21706259999999958,"degrees":[45,731,2796,1375,199,37]},"num_concepts_raised":144296},{"base_id":760,"kind":"bot_words","i1":4,"i2":6,"sol":{"path":["/c/en/nafplio","/c/en/greece","/c/en/balkans"],"weight":0.20700000000000002,"degrees":[45,731,187]},"num_concepts_raised":213},{"base_id":760,"kind":"bot_words","i1":4,"i2":7,"sol":{"path":["/c/en/nafplio","/c/en/greece","/c/en/country","/c/en/mass","/c/en/ome"],"weight":0.2099999999999998,"degrees":[45,731,2796,1639,29]},"num_concepts_raised":10701},{"base_id":760,"kind":"bot_words","i1":4,"i2":8,"sol":{"path":["/c/en/nafplio","/c/en/greece","/c/en/taenia","/c/en/tissue","/c/en/red_blood_cell","/c/en/erythrocyte"],"weight":0.21695299999999929,"degrees":[45,731,51,1024,323,88]},"num_concepts_raised":446621},{"base_id":760,"kind":"bot_words","i1":4,"i2":9,"sol":{"path":["/c/en/nafplio","/c/en/greece","/c/en/europe","/c/en/catharism"],"weight":0.2153499999999996,"degrees":[45,731,765,66]},"num_concepts_raised":3839},{"base_id":760,"kind":"bot_words","i1":5,"i2":6,"sol":{"path":["/c/en/eleemosynary","/c/en/alms","/c/sh/prositi","/c/en/croatia","/c/en/balkans"],"weight":0.21065999999999938,"degrees":[37,333,16,1344,187]},"num_concepts_raised":8847},{"base_id":760,"kind":"bot_words","i1":5,"i2":7,"sol":{"path":["/c/en/eleemosynary","/c/en/alms","/c/en/congee","/c/en/some","/c/en/ome"],"weight":0.20501999999999992,"degrees":[37,333,199,876,29]},"num_concepts_raised":11152},{"base_id":760,"kind":"bot_words","i1":5,"i2":8,"sol":{"path":["/c/en/eleemosynary","/c/en/charitable","/c/en/people","/c/en/blood","/c/en/erythrocyte"],"weight":0.20566999999999963,"degrees":[37,199,4475,2253,88]},"num_concepts_raised":10480},{"base_id":760,"kind":"bot_words","i1":5,"i2":9,"sol":{"path":["/c/en/eleemosynary","/c/en/charitable","/c/en/christian","/c/en/catharism"],"weight":0.21034999999999968,"degrees":[37,199,813,66]},"num_concepts_raised":4298},{"base_id":760,"kind":"bot_words","i1":6,"i2":7,"sol":{"path":["/c/en/balkans","/c/en/island","/c/en/mass","/c/en/ome"],"weight":0.20944999999999941,"degrees":[187,1660,1639,29]},"num_concepts_raised":16975},{"base_id":760,"kind":"bot_words","i1":6,"i2":8,"sol":{"path":["/c/en/balkans","/c/en/croatia","/c/en/transport","/c/en/red_blood_cell","/c/en/erythrocyte"],"weight":0.21161999999999914,"degrees":[187,1344,1411,323,88]},"num_concepts_raised":16329},{"base_id":760,"kind":"bot_words","i1":6,"i2":9,"sol":{"path":["/c/en/balkans","/c/en/europe","/c/en/catharism"],"weight":0.20600000000000002,"degrees":[187,765,66]},"num_concepts_raised":235},{"base_id":760,"kind":"bot_words","i1":7,"i2":8,"sol":{"path":["/c/en/ome","/c/en/biology","/c/en/cytology","/c/en/erythrocyte"],"weight":0.2035899999999997,"degrees":[29,6216,1010,88]},"num_concepts_raised":18064},{"base_id":760,"kind":"bot_words","i1":7,"i2":9,"sol":{"path":["/c/en/ome","/c/en/mass","/c/en/christian","/c/en/catharism"],"weight":0.20817999999999973,"degrees":[29,1639,813,66]},"num_concepts_raised":12456},{"base_id":760,"kind":"bot_words","i1":8,"i2":9,"sol":{"path":["/c/en/erythrocyte","/c/en/blood","/c/en/human","/c/en/christian","/c/en/catharism"],"weight":0.20882999999999946,"degrees":[88,2253,2645,813,66]},"num_concepts_raised":11809}],[{"base_id":760,"kind":"top_words","i1":0,"i2":1,"sol":{"path":["/c/en/astronaut","/c/en/person","/c/en/follower","/c/en/nestorian"],"weight":0.21359000000000025,"degrees":[378,12935,476,47]},"num_concepts_raised":25294},{"base_id":760,"kind":"top_words","i1":0,"i2":2,"sol":{"path":["/c/en/astronaut","/c/en/rocketman","/c/en/slang","/c/en/klick"],"weight":0.21324000000000026,"degrees":[378,9,16318,26]},"num_concepts_raised":47463},{"base_id":760,"kind":"top_words","i1":0,"i2":3,"sol":{"path":["/c/en/astronaut","/c/en/space","/c/en/jupiter","/c/grc/νικη","/c/en/nicodemus"],"weight":0.2228500000000002,"degrees":[378,1852,537,37,53]},"num_concepts_raised":21859},{"base_id":760,"kind":"top_words","i1":0,"i2":4,"sol":{"path":["/c/en/astronaut","/c/en/space","/c/en/physics","/c/en/metamaterial"],"weight":0.21876000000000007,"degrees":[378,1852,9094,59]},"num_concepts_raised":35148},{"base_id":760,"kind":"top_words","i1":0,"i2":5,"sol":{"path":["/c/en/astronaut","/c/en/human","/c/en/money","/c/en/moneymaker"],"weight":0.2132400000000002,"degrees":[378,2645,2899,29]},"num_concepts_raised":24637},{"base_id":760,"kind":"top_words","i1":0,"i2":6,"sol":{"path":["/c/en/astronaut","/c/en/person","/c/en/plant","/c/en/stachys"],"weight":0.2186700000000001,"degrees":[378,12935,7959,61]},"num_concepts_raised":29341},{"base_id":760,"kind":"top_words","i1":0,"i2":7,"sol":{"path":["/c/en/astronaut","/c/en/person","/c/en/waiter","/c/en/salver"],"weight":0.21364000000000016,"degrees":[378,12935,424,61]},"num_concepts_raised":26260},{"base_id":760,"kind":"top_words","i1":0,"i2":8,"sol":{"path":["/c/en/astronaut","/c/en/person","/c/en/rock","/c/en/tor"],"weight":0.21917999999999999,"degrees":[378,12935,2349,109]},"num_concepts_raised":42112},{"base_id":760,"kind":"top_words","i1":0,"i2":9,"sol":{"path":["/c/en/astronaut","/c/en/person","/c/en/painter","/c/en/dauber"],"weight":0.21342000000000022,"degrees":[378,12935,536,38]},"num_concepts_raised":22193},{"base_id":760,"kind":"top_words","i1":1,"i2":2,"sol":{"path":["/c/en/nestorian","/c/en/pejorative","/c/en/cant","/c/en/slang","/c/en/klick"],"weight":0.20408999999999994,"degrees":[47,3581,352,16318,26]},"num_concepts_raised":30275},{"base_id":760,"kind":"top_words","i1":1,"i2":3,"sol":{"path":["/c/en/nestorian","/c/en/pejorative","/c/en/demagogue","/c/grc/δημοσ","/c/en/nicodemus"],"weight":0.21349999999999986,"degrees":[47,3581,159,62,53]},"num_concepts_raised":4636},{"base_id":760,"kind":"top_words","i1":1,"i2":4,"sol":{"path":["/c/en/nestorian","/c/en/follower","/c/en/material","/c/en/metamaterial"],"weight":0.21034999999999976,"degrees":[47,476,1522,59]},"num_concepts_raised":18307},{"base_id":760,"kind":"top_words","i1":1,"i2":5,"sol":{"path":["/c/en/nestorian","/c/en/pejorative","/c/en/cash_in","/c/en/money","/c/en/moneymaker"],"weight":0.20406999999999992,"degrees":[47,3581,89,2899,29]},"num_concepts_raised":7540},{"base_id":760,"kind":"top_words","i1":1,"i2":6,"sol":{"path":["/c/en/nestorian","/c/en/pejorative","/c/en/parasite","/c/en/plant","/c/en/stachys"],"weight":0.20947999999999978,"degrees":[47,3581,457,7959,61]},"num_concepts_raised":12239},{"base_id":760,"kind":"top_words","i1":1,"i2":7,"sol":{"path":["/c/en/nestorian","/c/fr/nestorien","/c/fr/religion","/c/la/salvo","/c/en/salver"],"weight":0.20549999999999985,"degrees":[47,23,6634,157,61]},"num_concepts_raised":9175},{"base_id":760,"kind":"top_words","i1":1,"i2":8,"sol":{"path":["/c/en/nestorian","/c/en/pejorative","/c/en/silo","/c/en/tower","/c/en/tor"],"weight":0.21421999999999966,"degrees":[47,3581,175,782,109]},"num_concepts_raised":25412},{"base_id":760,"kind":"top_words","i1":1,"i2":9,"sol":{"path":["/c/en/nestorian","/c/en/follower","/c/en/flatterer","/c/en/dauber"],"weight":0.2031499999999999,"degrees":[47,476,168,38]},"num_concepts_raised":4970},{"base_id":760,"kind":"top_words","i1":2,"i2":3,"sol":{"path":["/c/en/klick","/c/en/slang","/c/en/john","/c/en/new_testament","/c/en/nicodemus"],"weight":0.21218999999999988,"degrees":[26,16318,497,318,53]},"num_concepts_raised":27362},{"base_id":760,"kind":"top_words","i1":2,"i2":4,"sol":{"path":["/c/en/klick","/c/en/slang","/c/en/chemical","/c/en/metamaterial"],"weight":0.20799999999999977,"degrees":[26,16318,882,59]},"num_concepts_raised":40721},{"base_id":760,"kind":"top_words","i1":2,"i2":5,"sol":{"path":["/c/en/klick","/c/en/slang","/c/en/business","/c/en/cash_cow","/c/en/moneymaker"],"weight":0.20377999999999993,"degrees":[26,16318,2538,45,29]},"num_concepts_raised":30009},{"base_id":760,"kind":"top_words","i1":2,"i2":6,"sol":{"path":["/c/en/klick","/c/en/slang","/c/en/plant","/c/en/stachys"],"weight":0.2081299999999998,"degrees":[26,16318,7959,61]},"num_concepts_raised":34849},{"base_id":760,"kind":"top_words","i1":2,"i2":7,"sol":{"path":["/c/en/klick","/c/en/slang","/c/en/save","/c/en/salver"],"weight":0.20407999999999984,"degrees":[26,16318,877,61]},"num_concepts_raised":31725},{"base_id":760,"kind":"top_words","i1":2,"i2":8,"sol":{"path":["/c/en/klick","/c/en/click","/c/en/computing","/c/en/tor"],"weight":0.2096199999999997,"degrees":[26,403,9084,109]},"num_concepts_raised":46540},{"base_id":760,"kind":"top_words","i1":2,"i2":9,"sol":{"path":["/c/en/klick","/c/en/slang","/c/en/bad","/c/it/imbianchino","/c/en/dauber"],"weight":0.2048599999999999,"degrees":[26,16318,1728,20,38]},"num_concepts_raised":27685},{"base_id":760,"kind":"top_words","i1":3,"i2":4,"sol":{"path":["/c/en/nicodemus","/c/en/new_testament","/c/en/mammon","/c/en/material","/c/en/metamaterial"],"weight":0.2194799999999997,"degrees":[53,318,45,1522,59]},"num_concepts_raised":14752},{"base_id":760,"kind":"top_words","i1":3,"i2":5,"sol":{"path":["/c/en/nicodemus","/c/en/new_testament","/c/en/mark","/c/en/money","/c/en/moneymaker"],"weight":0.21219999999999986,"degrees":[53,318,1876,2899,29]},"num_concepts_raised":3974},{"base_id":760,"kind":"top_words","i1":3,"i2":6,"sol":{"path":["/c/en/nicodemus","/c/grc/δημοσ","/c/en/endemic","/c/en/plant","/c/en/stachys"],"weight":0.2175699999999997,"degrees":[53,62,323,7959,61]},"num_concepts_raised":8672},{"base_id":760,"kind":"top_words","i1":3,"i2":7,"sol":{"path":["/c/en/nicodemus","/c/en/new_testament","/c/en/evangelist","/c/en/computing","/c/en/save","/c/en/salver"],"weight":0.21768989999999963,"degrees":[53,318,152,9084,877,61]},"num_concepts_raised":530816},{"base_id":760,"kind":"top_words","i1":3,"i2":8,"sol":{"path":["/c/en/nicodemus","/c/fr/nicodème","/c/fr/idiot","/c/de/tor","/c/en/tor"],"weight":0.2201299999999996,"degrees":[53,18,490,262,109]},"num_concepts_raised":21952},{"base_id":760,"kind":"top_words","i1":3,"i2":9,"sol":{"path":["/c/en/nicodemus","/c/en/new_testament","/c/en/john","/c/en/house","/c/it/imbianchino","/c/en/dauber"],"weight":0.2188524999999999,"degrees":[53,318,497,3114,20,38]},"num_concepts_raised":115379},{"base_id":760,"kind":"top_words","i1":4,"i2":5,"sol":{"path":["/c/en/metamaterial","/c/en/material","/c/en/money","/c/en/moneymaker"],"weight":0.21002999999999974,"degrees":[59,1522,2899,29]},"num_concepts_raised":17587},{"base_id":760,"kind":"top_words","i1":4,"i2":6,"sol":{"path":["/c/en/metamaterial","/c/en/material","/c/en/mineral","/c/en/plant","/c/en/stachys"],"weight":0.21549999999999958,"degrees":[59,1522,8530,7959,61]},"num_concepts_raised":22253},{"base_id":760,"kind":"top_words","i1":4,"i2":7,"sol":{"path":["/c/en/metamaterial","/c/en/engineering","/c/en/cure","/c/en/salver"],"weight":0.20836999999999967,"degrees":[59,1177,647,61]},"num_concepts_raised":19206},{"base_id":760,"kind":"top_words","i1":4,"i2":8,"sol":{"path":["/c/en/metamaterial","/c/en/structure","/c/en/tower","/c/en/tor"],"weight":0.2182199999999995,"degrees":[59,1619,782,109]},"num_concepts_raised":35164},{"base_id":760,"kind":"top_words","i1":4,"i2":9,"sol":{"path":["/c/en/metamaterial","/c/en/material","/c/en/house","/c/it/imbianchino","/c/en/dauber"],"weight":0.21216999999999972,"degrees":[59,1522,3114,20,38]},"num_concepts_raised":15086},{"base_id":760,"kind":"top_words","i1":5,"i2":6,"sol":{"path":["/c/en/moneymaker","/c/en/cash_cow","/c/en/product","/c/en/plant","/c/en/stachys"],"weight":0.20915999999999974,"degrees":[29,45,1426,7959,61]},"num_concepts_raised":11568},{"base_id":760,"kind":"top_words","i1":5,"i2":7,"sol":{"path":["/c/en/moneymaker","/c/en/money","/c/en/save","/c/en/salver"],"weight":0.20408999999999983,"degrees":[29,2899,877,61]},"num_concepts_raised":8438},{"base_id":760,"kind":"top_words","i1":5,"i2":8,"sol":{"path":["/c/en/moneymaker","/c/en/money","/c/en/coin","/c/en/tower","/c/en/tor"],"weight":0.21290999999999966,"degrees":[29,2899,1336,782,109]},"num_concepts_raised":24697},{"base_id":760,"kind":"top_words","i1":5,"i2":9,"sol":{"path":["/c/en/moneymaker","/c/en/money","/c/en/us","/c/en/painter","/c/en/dauber"],"weight":0.20290999999999987,"degrees":[29,2899,8154,536,38]},"num_concepts_raised":4314},{"base_id":760,"kind":"top_words","i1":6,"i2":7,"sol":{"path":["/c/en/stachys","/c/en/plant","/c/en/slang","/c/en/save","/c/en/salver"],"weight":0.20948999999999968,"degrees":[61,7959,16318,877,61]},"num_concepts_raised":13184},{"base_id":760,"kind":"top_words","i1":6,"i2":8,"sol":{"path":["/c/en/stachys","/c/en/plant","/c/en/hill","/c/en/tor"],"weight":0.2160699999999995,"degrees":[61,7959,1161,109]},"num_concepts_raised":29416},{"base_id":760,"kind":"top_words","i1":6,"i2":9,"sol":{"path":["/c/en/stachys","/c/en/plant","/c/en/house","/c/it/imbianchino","/c/en/dauber"],"weight":0.21026999999999973,"degrees":[61,7959,3114,20,38]},"num_concepts_raised":9011},{"base_id":760,"kind":"top_words","i1":7,"i2":8,"sol":{"path":["/c/en/salver","/c/en/tray","/c/en/hill","/c/en/tor"],"weight":0.2114099999999996,"degrees":[61,412,1161,109]},"num_concepts_raised":26177},{"base_id":760,"kind":"top_words","i1":7,"i2":9,"sol":{"path":["/c/en/salver","/c/en/loss","/c/en/bad","/c/it/imbianchino","/c/en/dauber"],"weight":0.2051799999999998,"degrees":[61,777,1728,20,38]},"num_concepts_raised":5940},{"base_id":760,"kind":"top_words","i1":8,"i2":9,"sol":{"path":["/c/en/tor","/c/en/dialect","/c/en/dobber","/c/en/dauber"],"weight":0.20870999999999965,"degrees":[109,2378,30,38]},"num_concepts_raised":22275}]]