[[{"base_id":351,"kind":"bot_words","i1":0,"i2":1,"sol":{"path":["/c/en/intercession","/c/en/intervention","/c/en/us","/c/en/hedgehog","/c/en/urchin"],"weight":0.20609999999999956,"degrees":[74,252,8154,430,158]},"num_concepts_raised":31307},{"base_id":351,"kind":"bot_words","i1":0,"i2":2,"sol":{"path":["/c/en/intercession","/c/en/intervention","/c/en/treatment","/c/en/veterinary"],"weight":0.20427999999999974,"degrees":[74,252,804,104]},"num_concepts_raised":22322},{"base_id":351,"kind":"bot_words","i1":0,"i2":3,"sol":{"path":["/c/en/intercession","/c/en/cede","/c/en/surrender","/c/en/cowardly","/c/en/fainthearted"],"weight":0.20472999999999975,"degrees":[74,117,596,397,48]},"num_concepts_raised":8993},{"base_id":351,"kind":"bot_words","i1":0,"i2":4,"sol":{"path":["/c/en/intercession","/c/en/cede","/c/en/ancestor","/c/lv/sencis","/c/en/palaeontology"],"weight":0.20934999999999976,"degrees":[74,117,615,13,34]},"num_concepts_raised":4419},{"base_id":351,"kind":"bot_words","i1":0,"i2":5,"sol":{"path":["/c/en/intercession","/c/en/intervention","/c/en/us","/c/en/redcap"],"weight":0.2032799999999998,"degrees":[74,252,8154,28]},"num_concepts_raised":16358},{"base_id":351,"kind":"bot_words","i1":0,"i2":6,"sol":{"path":["/c/en/intercession","/c/en/secessionist","/c/en/support","/c/en/rescuing"],"weight":0.20325999999999977,"degrees":[74,51,2237,29]},"num_concepts_raised":6451},{"base_id":351,"kind":"bot_words","i1":0,"i2":7,"sol":{"path":["/c/en/intercession","/c/en/god","/c/en/mind","/c/en/apperception"],"weight":0.20900999999999983,"degrees":[74,1774,1738,68]},"num_concepts_raised":14078},{"base_id":351,"kind":"bot_words","i1":0,"i2":8,"sol":{"path":["/c/en/intercession","/c/en/intervention","/c/en/medicine","/c/en/antiseptic","/c/en/antisepsis"],"weight":0.20440999999999984,"degrees":[74,252,11938,277,24]},"num_concepts_raised":4032},{"base_id":351,"kind":"bot_words","i1":0,"i2":9,"sol":{"path":["/c/en/intercession","/c/syc/ܦܝܣܐ","/c/en/view","/c/en/backstage"],"weight":0.20357999999999965,"degrees":[74,19,1109,66]},"num_concepts_raised":12367},{"base_id":351,"kind":"bot_words","i1":1,"i2":2,"sol":{"path":["/c/en/urchin","/c/en/animal","/c/en/veterinary"],"weight":0.202,"degrees":[158,3735,104]},"num_concepts_raised":220},{"base_id":351,"kind":"bot_words","i1":1,"i2":3,"sol":{"path":["/c/en/urchin","/c/en/animal","/c/en/heart","/c/en/fainthearted"],"weight":0.20458999999999955,"degrees":[158,3735,1857,48]},"num_concepts_raised":33459},{"base_id":351,"kind":"bot_words","i1":1,"i2":4,"sol":{"path":["/c/en/urchin","/c/en/animal","/c/en/regurgitalith","/c/en/palaeontology"],"weight":0.20938999999999958,"degrees":[158,3735,6,34]},"num_concepts_raised":28945},{"base_id":351,"kind":"bot_words","i1":1,"i2":5,"sol":{"path":["/c/en/urchin","/c/it/monello","/c/en/imp","/c/en/redcap"],"weight":0.20644999999999963,"degrees":[158,16,263,28]},"num_concepts_raised":39977},{"base_id":351,"kind":"bot_words","i1":1,"i2":6,"sol":{"path":["/c/en/urchin","/c/en/child","/c/en/support","/c/en/rescuing"],"weight":0.2053699999999996,"degrees":[158,2784,2237,29]},"num_concepts_raised":30920},{"base_id":351,"kind":"bot_words","i1":1,"i2":7,"sol":{"path":["/c/en/urchin","/c/en/animal","/c/en/psychology","/c/en/apperception"],"weight":0.21017999999999967,"degrees":[158,3735,1520,68]},"num_concepts_raised":38361},{"base_id":351,"kind":"bot_words","i1":1,"i2":8,"sol":{"path":["/c/en/urchin","/c/en/child","/c/en/process","/c/en/asepsis","/c/en/antisepsis"],"weight":0.20639999999999967,"degrees":[158,2784,1571,49,24]},"num_concepts_raised":28583},{"base_id":351,"kind":"bot_words","i1":1,"i2":9,"sol":{"path":["/c/en/urchin","/c/en/animal","/c/en/wing","/c/en/backstage"],"weight":0.2048299999999995,"degrees":[158,3735,1177,66]},"num_concepts_raised":36511},{"base_id":351,"kind":"bot_words","i1":2,"i2":3,"sol":{"path":["/c/en/veterinary","/c/en/animal","/c/en/heart","/c/en/fainthearted"],"weight":0.20400999999999975,"degrees":[104,3735,1857,48]},"num_concepts_raised":24358},{"base_id":351,"kind":"bot_words","i1":2,"i2":4,"sol":{"path":["/c/en/veterinary","/c/en/animal","/c/en/regurgitalith","/c/en/palaeontology"],"weight":0.20880999999999975,"degrees":[104,3735,6,34]},"num_concepts_raised":19855},{"base_id":351,"kind":"bot_words","i1":2,"i2":5,"sol":{"path":["/c/en/veterinary","/c/en/veterinarian","/c/en/vet","/c/en/us","/c/en/redcap"],"weight":0.2061899999999998,"degrees":[104,209,128,8154,28]},"num_concepts_raised":31573},{"base_id":351,"kind":"bot_words","i1":2,"i2":6,"sol":{"path":["/c/en/veterinary","/c/en/veterinarian","/c/en/doctor","/c/en/helping","/c/en/rescuing"],"weight":0.20612999999999976,"degrees":[104,209,1654,247,29]},"num_concepts_raised":21880},{"base_id":351,"kind":"bot_words","i1":2,"i2":7,"sol":{"path":["/c/en/veterinary","/c/en/animal","/c/en/psychology","/c/en/apperception"],"weight":0.20958999999999983,"degrees":[104,3735,1520,68]},"num_concepts_raised":29436},{"base_id":351,"kind":"bot_words","i1":2,"i2":8,"sol":{"path":["/c/en/veterinary","/c/fr/médecine","/c/fr/asepsie","/c/en/antisepsis"],"weight":0.20372999999999986,"degrees":[104,9990,25,24]},"num_concepts_raised":19450},{"base_id":351,"kind":"bot_words","i1":2,"i2":9,"sol":{"path":["/c/en/veterinary","/c/en/animal","/c/en/wing","/c/en/backstage"],"weight":0.20425999999999966,"degrees":[104,3735,1177,66]},"num_concepts_raised":27649},{"base_id":351,"kind":"bot_words","i1":3,"i2":4,"sol":{"path":["/c/en/fainthearted","/c/en/heart","/c/en/academic_journal","/c/en/palaeontology"],"weight":0.20795999999999976,"degrees":[48,1857,47,34]},"num_concepts_raised":6509},{"base_id":351,"kind":"bot_words","i1":3,"i2":5,"sol":{"path":["/c/en/fainthearted","/c/en/meek","/c/en/us","/c/en/redcap"],"weight":0.20284999999999978,"degrees":[48,215,8154,28]},"num_concepts_raised":18434},{"base_id":351,"kind":"bot_words","i1":3,"i2":6,"sol":{"path":["/c/en/fainthearted","/c/en/heart","/c/en/helping","/c/en/rescuing"],"weight":0.2029399999999998,"degrees":[48,1857,247,29]},"num_concepts_raised":8566},{"base_id":351,"kind":"bot_words","i1":3,"i2":7,"sol":{"path":["/c/en/fainthearted","/c/en/heart","/c/en/mind","/c/en/apperception"],"weight":0.20870999999999984,"degrees":[48,1857,1738,68]},"num_concepts_raised":16066},{"base_id":351,"kind":"bot_words","i1":3,"i2":8,"sol":{"path":["/c/en/fainthearted","/c/en/shy","/c/en/inhibition","/c/en/organic_process","/c/en/antisepsis"],"weight":0.20294999999999985,"degrees":[48,473,160,102,24]},"num_concepts_raised":6115},{"base_id":351,"kind":"bot_words","i1":3,"i2":9,"sol":{"path":["/c/en/fainthearted","/c/en/faint","/c/en/pass","/c/en/backstage"],"weight":0.20337999999999967,"degrees":[48,654,2112,66]},"num_concepts_raised":14448},{"base_id":351,"kind":"bot_words","i1":4,"i2":5,"sol":{"path":["/c/en/palaeontology","/c/en/paleontology","/c/en/bug","/c/en/us","/c/en/redcap"],"weight":0.2078499999999998,"degrees":[34,556,643,8154,28]},"num_concepts_raised":13910},{"base_id":351,"kind":"bot_words","i1":4,"i2":6,"sol":{"path":["/c/en/palaeontology","/c/en/paleontology","/c/en/spirifer","/c/en/support","/c/en/rescuing"],"weight":0.20786999999999978,"degrees":[34,556,16,2237,29]},"num_concepts_raised":4015},{"base_id":351,"kind":"bot_words","i1":4,"i2":7,"sol":{"path":["/c/en/palaeontology","/c/en/paleontology","/c/en/logy","/c/en/psychology","/c/en/apperception"],"weight":0.21370999999999984,"degrees":[34,556,543,1520,68]},"num_concepts_raised":11678},{"base_id":351,"kind":"bot_words","i1":4,"i2":8,"sol":{"path":["/c/en/palaeontology","/c/en/academic_journal","/c/en/science","/c/en/hygiene","/c/en/antisepsis"],"weight":0.20772999999999986,"degrees":[34,47,1674,286,24]},"num_concepts_raised":1541},{"base_id":351,"kind":"bot_words","i1":4,"i2":9,"sol":{"path":["/c/en/palaeontology","/c/en/academic_journal","/c/en/cell","/c/en/private","/c/en/backstage"],"weight":0.21024999999999966,"degrees":[34,47,2433,777,66]},"num_concepts_raised":9929},{"base_id":351,"kind":"bot_words","i1":5,"i2":6,"sol":{"path":["/c/en/redcap","/c/fi/kantaja","/c/en/support","/c/en/rescuing"],"weight":0.20268999999999987,"degrees":[28,33,2237,29]},"num_concepts_raised":15907},{"base_id":351,"kind":"bot_words","i1":5,"i2":7,"sol":{"path":["/c/en/redcap","/c/en/united_kingdom","/c/en/mind","/c/en/apperception"],"weight":0.20846999999999988,"degrees":[28,1053,1738,68]},"num_concepts_raised":23510},{"base_id":351,"kind":"bot_words","i1":5,"i2":8,"sol":{"path":["/c/en/redcap","/c/en/united_kingdom","/c/en/surgical_spirit","/c/en/antiseptic","/c/en/antisepsis"],"weight":0.2037499999999999,"degrees":[28,1053,18,277,24]},"num_concepts_raised":13517},{"base_id":351,"kind":"bot_words","i1":5,"i2":9,"sol":{"path":["/c/en/redcap","/c/en/us","/c/en/private","/c/en/backstage"],"weight":0.2051899999999997,"degrees":[28,8154,777,66]},"num_concepts_raised":21661},{"base_id":351,"kind":"bot_words","i1":6,"i2":7,"sol":{"path":["/c/en/rescuing","/c/en/rescue","/c/la/subvenio","/c/en/mind","/c/en/apperception"],"weight":0.21055999999999986,"degrees":[29,584,160,1738,68]},"num_concepts_raised":13701},{"base_id":351,"kind":"bot_words","i1":6,"i2":8,"sol":{"path":["/c/en/rescuing","/c/en/helping","/c/en/protecting","/c/en/asepsis","/c/en/antisepsis"],"weight":0.2037199999999999,"degrees":[29,247,76,49,24]},"num_concepts_raised":3616},{"base_id":351,"kind":"bot_words","i1":6,"i2":9,"sol":{"path":["/c/en/rescuing","/c/en/helping","/c/en/wing","/c/en/backstage"],"weight":0.2031799999999997,"degrees":[29,247,1177,66]},"num_concepts_raised":11918},{"base_id":351,"kind":"bot_words","i1":7,"i2":8,"sol":{"path":["/c/en/apperception","/c/en/assimilation","/c/en/organic_process","/c/en/antisepsis"],"weight":0.20835999999999993,"degrees":[68,260,102,24]},"num_concepts_raised":11287},{"base_id":351,"kind":"bot_words","i1":7,"i2":9,"sol":{"path":["/c/en/apperception","/c/en/actor","/c/en/stage","/c/en/backstage"],"weight":0.20894999999999975,"degrees":[68,853,1366,66]},"num_concepts_raised":19334},{"base_id":351,"kind":"bot_words","i1":8,"i2":9,"sol":{"path":["/c/en/antisepsis","/c/en/hygiene","/c/en/personal","/c/en/private","/c/en/backstage"],"weight":0.20532999999999976,"degrees":[24,286,866,777,66]},"num_concepts_raised":9541}],[{"base_id":351,"kind":"top_words","i1":0,"i2":1,"sol":{"path":["/c/en/valais","/c/en/castor","/c/en/medicine","/c/en/injection","/c/en/injective"],"weight":0.21003999999999967,"degrees":[91,188,11938,343,65]},"num_concepts_raised":12690},{"base_id":351,"kind":"top_words","i1":0,"i2":2,"sol":{"path":["/c/en/valais","/c/en/switzerland","/c/fr/bec","/c/en/kiss","/c/en/lip"],"weight":0.23325999999999913,"degrees":[91,698,397,1527,837]},"num_concepts_raised":73496},{"base_id":351,"kind":"top_words","i1":0,"i2":3,"sol":{"path":["/c/en/valais","/c/en/brig","/c/en/us","/c/en/distilled"],"weight":0.20874999999999944,"degrees":[91,145,8154,70]},"num_concepts_raised":15614},{"base_id":351,"kind":"top_words","i1":0,"i2":4,"sol":{"path":["/c/en/valais","/c/en/brig","/c/en/military","/c/en/artilleryman","/c/en/lascar"],"weight":0.21566999999999958,"degrees":[91,145,5690,79,53]},"num_concepts_raised":6634},{"base_id":351,"kind":"top_words","i1":0,"i2":5,"sol":{"path":["/c/en/valais","/c/en/castor","/c/en/type","/c/en/mathematics","/c/en/projective"],"weight":0.21003999999999945,"degrees":[91,188,1591,7601,79]},"num_concepts_raised":17782},{"base_id":351,"kind":"top_words","i1":0,"i2":6,"sol":{"path":["/c/en/valais","/c/en/switzerland","/c/en/energy","/c/en/travel","/c/en/hawker"],"weight":0.20925999999999947,"degrees":[91,698,1631,1689,94]},"num_concepts_raised":7941},{"base_id":351,"kind":"top_words","i1":0,"i2":7,"sol":{"path":["/c/en/valais","/c/fr/valais","/c/fr/sion","/c/fr/géographie","/c/en/lune"],"weight":0.2124199999999996,"degrees":[91,180,54,8043,30]},"num_concepts_raised":16578},{"base_id":351,"kind":"top_words","i1":0,"i2":8,"sol":{"path":["/c/en/valais","/c/en/castor","/c/en/medicine","/c/en/norwalk","/c/en/norovirus"],"weight":0.20952999999999972,"degrees":[91,188,11938,22,27]},"num_concepts_raised":2607},{"base_id":351,"kind":"top_words","i1":0,"i2":9,"sol":{"path":["/c/en/valais","/c/en/dom","/c/en/ethnic_group","/c/en/gaels","/c/en/gael"],"weight":0.20835999999999966,"degrees":[91,158,622,31,26]},"num_concepts_raised":1941},{"base_id":351,"kind":"top_words","i1":1,"i2":2,"sol":{"path":["/c/en/injective","/c/en/image","/c/en/face","/c/en/lip"],"weight":0.2239999999999994,"degrees":[65,1264,2479,837]},"num_concepts_raised":81897},{"base_id":351,"kind":"top_words","i1":1,"i2":3,"sol":{"path":["/c/en/injective","/c/en/range","/c/en/us","/c/en/distilled"],"weight":0.20360999999999968,"degrees":[65,1025,8154,70]},"num_concepts_raised":24780},{"base_id":351,"kind":"top_words","i1":1,"i2":4,"sol":{"path":["/c/en/injective","/c/en/domain","/c/en/hand","/c/en/sailor","/c/en/lascar"],"weight":0.2106199999999998,"degrees":[65,559,2596,570,53]},"num_concepts_raised":15908},{"base_id":351,"kind":"top_words","i1":1,"i2":5,"sol":{"path":["/c/en/injective","/c/en/mathematics","/c/en/projective"],"weight":0.203,"degrees":[65,7601,79]},"num_concepts_raised":124},{"base_id":351,"kind":"top_words","i1":1,"i2":6,"sol":{"path":["/c/en/injective","/c/en/mathematics","/c/en/point","/c/en/hawk","/c/en/hawker"],"weight":0.2062699999999997,"degrees":[65,7601,2624,626,94]},"num_concepts_raised":17153},{"base_id":351,"kind":"top_words","i1":1,"i2":7,"sol":{"path":["/c/en/injective","/c/en/mathematics","/c/en/arc","/c/en/lune"],"weight":0.20347999999999983,"degrees":[65,7601,405,30]},"num_concepts_raised":25708},{"base_id":351,"kind":"top_words","i1":1,"i2":8,"sol":{"path":["/c/en/injective","/c/en/injection","/c/en/medicine","/c/en/norwalk","/c/en/norovirus"],"weight":0.20542999999999997,"degrees":[65,343,11938,22,27]},"num_concepts_raised":11893},{"base_id":351,"kind":"top_words","i1":1,"i2":9,"sol":{"path":["/c/en/injective","/c/en/immersion","/c/en/ireland","/c/en/gaelic","/c/en/gael"],"weight":0.2031599999999999,"degrees":[65,127,1227,118,26]},"num_concepts_raised":11243},{"base_id":351,"kind":"top_words","i1":2,"i2":3,"sol":{"path":["/c/en/lip","/c/en/suck","/c/en/canada","/c/en/distilled"],"weight":0.22528999999999919,"degrees":[837,514,2402,70]},"num_concepts_raised":84567},{"base_id":351,"kind":"top_words","i1":2,"i2":4,"sol":{"path":["/c/en/lip","/c/en/human","/c/en/asia","/c/en/lascar"],"weight":0.2283299999999993,"degrees":[837,2645,805,53]},"num_concepts_raised":76532},{"base_id":351,"kind":"top_words","i1":2,"i2":5,"sol":{"path":["/c/en/lip","/c/en/brim","/c/en/projection","/c/en/projective"],"weight":0.22695999999999922,"degrees":[837,324,494,79]},"num_concepts_raised":86615},{"base_id":351,"kind":"top_words","i1":2,"i2":6,"sol":{"path":["/c/en/lip","/c/en/human","/c/en/train","/c/en/hawker"],"weight":0.22373999999999922,"degrees":[837,2645,1408,94]},"num_concepts_raised":77541},{"base_id":351,"kind":"top_words","i1":2,"i2":7,"sol":{"path":["/c/en/lip","/c/en/mouth","/c/en/river","/c/en/lune"],"weight":0.2259899999999993,"degrees":[837,1902,2945,30]},"num_concepts_raised":85861},{"base_id":351,"kind":"top_words","i1":2,"i2":8,"sol":{"path":["/c/en/lip","/c/en/body","/c/en/virus","/c/en/norovirus"],"weight":0.22325999999999946,"degrees":[837,3170,774,27]},"num_concepts_raised":72728},{"base_id":351,"kind":"top_words","i1":2,"i2":9,"sol":{"path":["/c/en/lip","/c/en/edge","/c/en/irish","/c/en/gaelic","/c/en/gael"],"weight":0.22565999999999936,"degrees":[837,1636,456,118,26]},"num_concepts_raised":72103},{"base_id":351,"kind":"top_words","i1":3,"i2":4,"sol":{"path":["/c/en/distilled","/c/en/rum","/c/en/sailor","/c/en/lascar"],"weight":0.2104299999999996,"degrees":[70,383,570,53]},"num_concepts_raised":18752},{"base_id":351,"kind":"top_words","i1":3,"i2":5,"sol":{"path":["/c/en/distilled","/c/en/us","/c/en/project","/c/en/projective"],"weight":0.2046599999999995,"degrees":[70,8154,889,79]},"num_concepts_raised":29829},{"base_id":351,"kind":"top_words","i1":3,"i2":6,"sol":{"path":["/c/en/distilled","/c/en/canada","/c/en/train","/c/en/hawker"],"weight":0.20377999999999952,"degrees":[70,2402,1408,94]},"num_concepts_raised":19995},{"base_id":351,"kind":"top_words","i1":3,"i2":7,"sol":{"path":["/c/en/distilled","/c/en/us","/c/en/loon","/c/en/lune"],"weight":0.20308999999999966,"degrees":[70,8154,184,30]},"num_concepts_raised":28604},{"base_id":351,"kind":"top_words","i1":3,"i2":8,"sol":{"path":["/c/en/distilled","/c/en/canada","/c/en/huron_county","/c/en/norwalk","/c/en/norovirus"],"weight":0.20417999999999975,"degrees":[70,2402,15,22,27]},"num_concepts_raised":14839},{"base_id":351,"kind":"top_words","i1":3,"i2":9,"sol":{"path":["/c/en/distilled","/c/en/whisky","/c/en/irish","/c/en/gaelic","/c/en/gael"],"weight":0.2031299999999997,"degrees":[70,224,456,118,26]},"num_concepts_raised":14173},{"base_id":351,"kind":"top_words","i1":4,"i2":5,"sol":{"path":["/c/en/lascar","/c/en/sailor","/c/en/person","/c/en/figure","/c/en/projective"],"weight":0.2105099999999996,"degrees":[53,570,12935,1106,79]},"num_concepts_raised":20987},{"base_id":351,"kind":"top_words","i1":4,"i2":6,"sol":{"path":["/c/en/lascar","/c/en/chile","/c/es/peuco","/c/en/hawk","/c/en/hawker"],"weight":0.2108099999999996,"degrees":[53,757,7,626,94]},"num_concepts_raised":11139},{"base_id":351,"kind":"top_words","i1":4,"i2":7,"sol":{"path":["/c/en/lascar","/c/en/sailor","/c/en/person","/c/en/lunatic","/c/en/lune"],"weight":0.21010999999999974,"degrees":[53,570,12935,232,30]},"num_concepts_raised":19741},{"base_id":351,"kind":"top_words","i1":4,"i2":8,"sol":{"path":["/c/en/lascar","/c/en/sailor","/c/en/person","/c/en/virus","/c/en/norovirus"],"weight":0.2101499999999999,"degrees":[53,570,12935,774,27]},"num_concepts_raised":5840},{"base_id":351,"kind":"top_words","i1":4,"i2":9,"sol":{"path":["/c/en/lascar","/c/en/artilleryman","/c/en/soldier","/c/en/highlander","/c/ga/gael","/c/en/gael"],"weight":0.21437549999999966,"degrees":[53,79,1446,56,14,26]},"num_concepts_raised":289375},{"base_id":351,"kind":"top_words","i1":5,"i2":6,"sol":{"path":["/c/en/projective","/c/en/figure","/c/en/train","/c/en/hawker"],"weight":0.2038799999999995,"degrees":[79,1106,1408,94]},"num_concepts_raised":22230},{"base_id":351,"kind":"top_words","i1":5,"i2":7,"sol":{"path":["/c/en/projective","/c/en/mathematics","/c/en/arc","/c/en/lune"],"weight":0.20434999999999964,"degrees":[79,7601,405,30]},"num_concepts_raised":30817},{"base_id":351,"kind":"top_words","i1":5,"i2":8,"sol":{"path":["/c/en/projective","/c/en/mathematics","/c/en/representation","/c/en/virus","/c/en/norovirus"],"weight":0.20445999999999978,"degrees":[79,7601,609,774,27]},"num_concepts_raised":16982},{"base_id":351,"kind":"top_words","i1":5,"i2":9,"sol":{"path":["/c/en/projective","/c/en/linguistics","/c/fr/linguistique","/c/en/gaelic","/c/en/gael"],"weight":0.2031799999999997,"degrees":[79,4250,7455,118,26]},"num_concepts_raised":16326},{"base_id":351,"kind":"top_words","i1":6,"i2":7,"sol":{"path":["/c/en/hawker","/c/en/hawk","/c/en/hawking","/c/en/lune"],"weight":0.20557999999999965,"degrees":[94,626,34,30]},"num_concepts_raised":21066},{"base_id":351,"kind":"top_words","i1":6,"i2":8,"sol":{"path":["/c/en/hawker","/c/en/hawk","/c/en/animal","/c/en/living_organism","/c/en/norovirus"],"weight":0.20559999999999978,"degrees":[94,626,3735,75,27]},"num_concepts_raised":7142},{"base_id":351,"kind":"top_words","i1":6,"i2":9,"sol":{"path":["/c/en/hawker","/c/en/breed","/c/en/manx","/c/en/gaelic","/c/en/gael"],"weight":0.2034099999999997,"degrees":[94,842,128,118,26]},"num_concepts_raised":6479},{"base_id":351,"kind":"top_words","i1":7,"i2":8,"sol":{"path":["/c/en/lune","/c/en/river","/c/en/ohio","/c/en/norwalk","/c/en/norovirus"],"weight":0.20380999999999994,"degrees":[30,2945,655,22,27]},"num_concepts_raised":15819},{"base_id":351,"kind":"top_words","i1":7,"i2":9,"sol":{"path":["/c/en/lune","/c/en/loon","/c/en/scotland","/c/en/gaelic","/c/en/gael"],"weight":0.20267999999999986,"degrees":[30,184,2226,118,26]},"num_concepts_raised":15158},{"base_id":351,"kind":"top_words","i1":8,"i2":9,"sol":{"path":["/c/en/norovirus","/c/en/norwalk","/c/en/medicine","/c/en/dependent","/c/en/gaelic","/c/en/gael"],"weight":0.20726219999999995,"degrees":[27,22,11938,336,118,26]},"num_concepts_raised":116984}]]