[[{"base_id":491,"kind":"bot_words","i1":0,"i2":1,"sol":{"path":["/c/en/atom","/c/en/mass","/c/en/island","/c/en/makin"],"weight":0.2348899999999981,"degrees":[1498,1639,1660,29]},"num_concepts_raised":150176},{"base_id":491,"kind":"bot_words","i1":0,"i2":2,"sol":{"path":["/c/en/atom","/c/en/particle","/c/en/inhale","/c/en/snort"],"weight":0.23953999999999775,"degrees":[1498,1129,332,231]},"num_concepts_raised":190472},{"base_id":491,"kind":"bot_words","i1":0,"i2":3,"sol":{"path":["/c/en/atom","/c/en/cell","/c/en/proepicardium","/c/en/venous"],"weight":0.23267999999999814,"degrees":[1498,2433,11,64]},"num_concepts_raised":149820},{"base_id":491,"kind":"bot_words","i1":0,"i2":4,"sol":{"path":["/c/en/atom","/c/en/particle","/c/en/hole","/c/en/archaeology","/c/en/quetzalcoatl"],"weight":0.24204999999999804,"degrees":[1498,1129,1499,724,72]},"num_concepts_raised":150360},{"base_id":491,"kind":"bot_words","i1":0,"i2":5,"sol":{"path":["/c/en/atom","/c/en/philosopher","/c/en/anaximander"],"weight":0.20800000000000002,"degrees":[1498,600,100]},"num_concepts_raised":1329},{"base_id":491,"kind":"bot_words","i1":0,"i2":6,"sol":{"path":["/c/en/atom","/c/en/cell","/c/en/pen","/c/en/peneplain"],"weight":0.23226999999999814,"degrees":[1498,2433,944,35]},"num_concepts_raised":154243},{"base_id":491,"kind":"bot_words","i1":0,"i2":7,"sol":{"path":["/c/en/atom","/c/en/chemistry","/c/en/quat","/c/en/forsake"],"weight":0.2377799999999978,"degrees":[1498,11754,30,204]},"num_concepts_raised":155079},{"base_id":491,"kind":"bot_words","i1":0,"i2":8,"sol":{"path":["/c/en/atom","/c/en/bridge","/c/en/snooker"],"weight":0.21000000000000002,"degrees":[1498,1690,393]},"num_concepts_raised":1515},{"base_id":491,"kind":"bot_words","i1":0,"i2":9,"sol":{"path":["/c/en/atom","/c/en/chemistry","/c/en/critical","/c/en/querulous"],"weight":0.23638999999999805,"degrees":[1498,11754,476,76]},"num_concepts_raised":151905},{"base_id":491,"kind":"bot_words","i1":1,"i2":2,"sol":{"path":["/c/en/makin","/c/en/island","/c/en/middle","/c/en/nose","/c/en/snort"],"weight":0.21191999999999944,"degrees":[29,1660,1081,1561,231]},"num_concepts_raised":48546},{"base_id":491,"kind":"bot_words","i1":1,"i2":3,"sol":{"path":["/c/en/makin","/c/en/island","/c/en/rock","/c/en/vein","/c/en/venous"],"weight":0.20946999999999982,"degrees":[29,1660,2349,969,64]},"num_concepts_raised":2893},{"base_id":491,"kind":"bot_words","i1":1,"i2":4,"sol":{"path":["/c/en/makin","/c/en/island","/c/en/statue","/c/en/deity","/c/en/quetzalcoatl"],"weight":0.21330999999999972,"degrees":[29,1660,765,647,72]},"num_concepts_raised":3445},{"base_id":491,"kind":"bot_words","i1":1,"i2":5,"sol":{"path":["/c/en/makin","/c/en/island","/c/en/peninsula","/c/en/asia_minor","/c/en/thales","/c/en/anaximander"],"weight":0.21936129999999937,"degrees":[29,1660,454,128,98,100]},"num_concepts_raised":320231},{"base_id":491,"kind":"bot_words","i1":1,"i2":6,"sol":{"path":["/c/en/makin","/c/en/island","/c/fr/géographie","/c/fr/pénéplaine","/c/en/peneplain"],"weight":0.20988999999999983,"degrees":[29,1660,8043,27,35]},"num_concepts_raised":8057},{"base_id":491,"kind":"bot_words","i1":1,"i2":7,"sol":{"path":["/c/en/makin","/c/en/island","/c/en/desert","/c/en/forsake"],"weight":0.21060999999999963,"degrees":[29,1660,1105,204]},"num_concepts_raised":8543},{"base_id":491,"kind":"bot_words","i1":1,"i2":8,"sol":{"path":["/c/en/makin","/c/en/island","/c/en/water","/c/en/pool","/c/en/snooker"],"weight":0.22640999999999956,"degrees":[29,1660,4606,892,393]},"num_concepts_raised":49145},{"base_id":491,"kind":"bot_words","i1":1,"i2":9,"sol":{"path":["/c/en/makin","/c/en/island","/c/en/relax","/c/en/fretful","/c/en/querulous"],"weight":0.20945999999999987,"degrees":[29,1660,731,46,76]},"num_concepts_raised":5286},{"base_id":491,"kind":"bot_words","i1":2,"i2":3,"sol":{"path":["/c/en/snort","/c/en/drug","/c/en/apixaban","/c/en/venous"],"weight":0.2063699999999995,"degrees":[231,4920,20,64]},"num_concepts_raised":48149},{"base_id":491,"kind":"bot_words","i1":2,"i2":4,"sol":{"path":["/c/en/snort","/c/en/nose","/c/en/feature","/c/en/archaeology","/c/en/quetzalcoatl"],"weight":0.21244999999999942,"degrees":[231,1561,763,724,72]},"num_concepts_raised":48722},{"base_id":491,"kind":"bot_words","i1":2,"i2":5,"sol":{"path":["/c/en/snort","/c/en/nose","/c/en/air","/c/en/anaximenes","/c/en/anaximander"],"weight":0.2148799999999994,"degrees":[231,1561,1965,19,100]},"num_concepts_raised":48484},{"base_id":491,"kind":"bot_words","i1":2,"i2":6,"sol":{"path":["/c/en/snort","/c/en/pig","/c/en/pen","/c/en/peneplain"],"weight":0.2049799999999995,"degrees":[231,1398,944,35]},"num_concepts_raised":53132},{"base_id":491,"kind":"bot_words","i1":2,"i2":7,"sol":{"path":["/c/en/snort","/c/en/do","/c/en/leave","/c/en/forsake"],"weight":0.20747999999999928,"degrees":[231,1767,1955,204]},"num_concepts_raised":53544},{"base_id":491,"kind":"bot_words","i1":2,"i2":8,"sol":{"path":["/c/en/snort","/c/en/slang","/c/fr/billard","/c/en/snooker"],"weight":0.22440999999999922,"degrees":[231,16318,169,393]},"num_concepts_raised":91761},{"base_id":491,"kind":"bot_words","i1":2,"i2":9,"sol":{"path":["/c/en/snort","/c/ja/鳴らす","/c/en/complain","/c/en/querulous"],"weight":0.2065499999999995,"degrees":[231,63,585,76]},"num_concepts_raised":50359},{"base_id":491,"kind":"bot_words","i1":3,"i2":4,"sol":{"path":["/c/en/venous","/c/en/vein","/c/en/tegula","/c/en/archaeology","/c/en/quetzalcoatl"],"weight":0.20997999999999978,"degrees":[64,969,15,724,72]},"num_concepts_raised":3076},{"base_id":491,"kind":"bot_words","i1":3,"i2":5,"sol":{"path":["/c/en/venous","/c/en/vein","/c/en/zoology","/c/en/evolution","/c/en/anaximander"],"weight":0.2103799999999998,"degrees":[64,969,8127,565,100]},"num_concepts_raised":2802},{"base_id":491,"kind":"bot_words","i1":3,"i2":6,"sol":{"path":["/c/en/venous","/c/en/vein","/c/es/penca","/c/en/pene","/c/en/peneplain"],"weight":0.2055099999999999,"degrees":[64,969,36,26,35]},"num_concepts_raised":7657},{"base_id":491,"kind":"bot_words","i1":3,"i2":7,"sol":{"path":["/c/en/venous","/c/en/sinoatrial","/c/en/right","/c/en/abandon","/c/en/forsake"],"weight":0.2076799999999997,"degrees":[64,11,2319,835,204]},"num_concepts_raised":8180},{"base_id":491,"kind":"bot_words","i1":3,"i2":8,"sol":{"path":["/c/en/venous","/c/en/vein","/c/en/blue","/c/en/snooker"],"weight":0.21815999999999963,"degrees":[64,969,1611,393]},"num_concepts_raised":48765},{"base_id":491,"kind":"bot_words","i1":3,"i2":9,"sol":{"path":["/c/en/venous","/c/en/vein","/c/en/bar","/c/en/fret","/c/en/querulous"],"weight":0.20509999999999992,"degrees":[64,969,1972,377,76]},"num_concepts_raised":4909},{"base_id":491,"kind":"bot_words","i1":4,"i2":5,"sol":{"path":["/c/en/quetzalcoatl","/c/fr/quetzalcoatl","/c/fr/aztèque","/c/fr/histoire","/c/sl/anaksimander","/c/en/anaximander"],"weight":0.2207758999999994,"degrees":[72,13,51,4439,12,100]},"num_concepts_raised":178486},{"base_id":491,"kind":"bot_words","i1":4,"i2":6,"sol":{"path":["/c/en/quetzalcoatl","/c/en/archaeology","/c/en/logy","/c/en/geomorphology","/c/en/peneplain"],"weight":0.2084399999999998,"degrees":[72,724,543,158,35]},"num_concepts_raised":8233},{"base_id":491,"kind":"bot_words","i1":4,"i2":7,"sol":{"path":["/c/en/quetzalcoatl","/c/en/archaeology","/c/en/flake","/c/en/abandon","/c/en/forsake"],"weight":0.2127099999999996,"degrees":[72,724,253,835,204]},"num_concepts_raised":8734},{"base_id":491,"kind":"bot_words","i1":4,"i2":8,"sol":{"path":["/c/en/quetzalcoatl","/c/en/aztec","/c/en/ball_game","/c/en/snooker"],"weight":0.22181999999999952,"degrees":[72,187,134,393]},"num_concepts_raised":49331},{"base_id":491,"kind":"bot_words","i1":4,"i2":9,"sol":{"path":["/c/en/quetzalcoatl","/c/en/archaeology","/c/en/cut","/c/en/fret","/c/en/querulous"],"weight":0.20893999999999982,"degrees":[72,724,2951,377,76]},"num_concepts_raised":5472},{"base_id":491,"kind":"bot_words","i1":5,"i2":6,"sol":{"path":["/c/en/anaximander","/c/en/anaximenes","/c/en/air","/c/en/plain","/c/en/peneplain"],"weight":0.2107799999999998,"degrees":[100,19,1965,1132,35]},"num_concepts_raised":7968},{"base_id":491,"kind":"bot_words","i1":5,"i2":7,"sol":{"path":["/c/en/anaximander","/c/en/evolution","/c/en/military","/c/en/desert","/c/en/forsake"],"weight":0.2115299999999996,"degrees":[100,565,5690,1105,204]},"num_concepts_raised":8466},{"base_id":491,"kind":"bot_words","i1":5,"i2":8,"sol":{"path":["/c/en/anaximander","/c/en/philosopher","/c/en/person","/c/en/cue_ball","/c/en/snooker"],"weight":0.2248599999999995,"degrees":[100,600,12935,88,393]},"num_concepts_raised":49080},{"base_id":491,"kind":"bot_words","i1":5,"i2":9,"sol":{"path":["/c/en/anaximander","/c/en/evolution","/c/en/change","/c/en/complaining","/c/en/querulous"],"weight":0.21046999999999982,"degrees":[100,565,3383,101,76]},"num_concepts_raised":5195},{"base_id":491,"kind":"bot_words","i1":6,"i2":7,"sol":{"path":["/c/en/peneplain","/c/en/geology","/c/en/abandoned","/c/en/abandon","/c/en/forsake"],"weight":0.20741999999999972,"degrees":[35,3862,246,835,204]},"num_concepts_raised":13310},{"base_id":491,"kind":"bot_words","i1":6,"i2":8,"sol":{"path":["/c/en/peneplain","/c/en/pen","/c/en/pocket","/c/en/snooker"],"weight":0.21662999999999963,"degrees":[35,944,807,393]},"num_concepts_raised":53643},{"base_id":491,"kind":"bot_words","i1":6,"i2":9,"sol":{"path":["/c/en/peneplain","/c/en/plain","/c/en/complain","/c/en/querulous"],"weight":0.2036699999999999,"degrees":[35,1132,585,76]},"num_concepts_raised":10060},{"base_id":491,"kind":"bot_words","i1":7,"i2":8,"sol":{"path":["/c/en/forsake","/c/en/leave","/c/en/billiards","/c/en/snooker"],"weight":0.2222199999999994,"degrees":[204,1955,308,393]},"num_concepts_raised":54047},{"base_id":491,"kind":"bot_words","i1":7,"i2":9,"sol":{"path":["/c/en/forsake","/c/en/abandon","/c/la/deploro","/c/en/complain","/c/en/querulous"],"weight":0.20798999999999973,"degrees":[204,835,144,585,76]},"num_concepts_raised":10564},{"base_id":491,"kind":"bot_words","i1":8,"i2":9,"sol":{"path":["/c/en/snooker","/c/en/develop","/c/en/expression","/c/en/querulous"],"weight":0.21699999999999967,"degrees":[393,924,1025,76]},"num_concepts_raised":51062}],[{"base_id":491,"kind":"top_words","i1":0,"i2":1,"sol":{"path":["/c/en/abductor","/c/en/anatomy","/c/en/post","/c/en/journal","/c/en/daybook"],"weight":0.20725999999999986,"degrees":[130,12775,1560,333,64]},"num_concepts_raised":28738},{"base_id":491,"kind":"top_words","i1":0,"i2":2,"sol":{"path":["/c/en/abductor","/c/en/anatomy","/c/pt/escroto","/c/en/brazil","/c/pt/sambódromo","/c/en/sambadrome"],"weight":0.2140426999999989,"degrees":[130,12775,20,1377,13,24]},"num_concepts_raised":396781},{"base_id":491,"kind":"top_words","i1":0,"i2":3,"sol":{"path":["/c/en/abductor","/c/en/abductive","/c/en/computing","/c/en/operand"],"weight":0.2103799999999999,"degrees":[130,31,9084,94]},"num_concepts_raised":39508},{"base_id":491,"kind":"top_words","i1":0,"i2":4,"sol":{"path":["/c/en/abductor","/c/en/anatomy","/c/en/origin","/c/en/aetiology","/c/en/etiology"],"weight":0.2068999999999999,"degrees":[130,12775,981,80,51]},"num_concepts_raised":35441},{"base_id":491,"kind":"top_words","i1":0,"i2":5,"sol":{"path":["/c/en/abductor","/c/fr/abducteur","/c/en/movement","/c/en/mousing"],"weight":0.2062299999999999,"degrees":[130,37,1567,25]},"num_concepts_raised":35786},{"base_id":491,"kind":"top_words","i1":0,"i2":6,"sol":{"path":["/c/en/abductor","/c/en/median","/c/en/law","/c/en/unexpired"],"weight":0.20420999999999995,"degrees":[130,281,3727,26]},"num_concepts_raised":30424},{"base_id":491,"kind":"top_words","i1":0,"i2":7,"sol":{"path":["/c/en/abductor","/c/en/muscle","/c/en/hamstring"],"weight":0.20500000000000002,"degrees":[130,1708,124]},"num_concepts_raised":191},{"base_id":491,"kind":"top_words","i1":0,"i2":8,"sol":{"path":["/c/en/abductor","/c/fr/abducteur","/c/en/physiology","/c/en/physiological","/c/en/pathophysiology"],"weight":0.20640000000000003,"degrees":[130,37,1147,182,27]},"num_concepts_raised":30882},{"base_id":491,"kind":"top_words","i1":0,"i2":9,"sol":{"path":["/c/en/abductor","/c/fr/anatomie","/c/en/gum","/c/en/teething"],"weight":0.2044799999999999,"degrees":[130,8035,552,47]},"num_concepts_raised":23333},{"base_id":491,"kind":"top_words","i1":1,"i2":2,"sol":{"path":["/c/en/daybook","/c/en/journal","/c/pt/registro","/c/en/brazil","/c/pt/sambódromo","/c/en/sambadrome"],"weight":0.21528639999999988,"degrees":[64,333,48,1377,13,24]},"num_concepts_raised":437856},{"base_id":491,"kind":"top_words","i1":1,"i2":3,"sol":{"path":["/c/en/daybook","/c/en/journal","/c/en/computing","/c/en/operand"],"weight":0.21155999999999975,"degrees":[64,333,9084,94]},"num_concepts_raised":25364},{"base_id":491,"kind":"top_words","i1":1,"i2":4,"sol":{"path":["/c/en/daybook","/c/fr/brouillard","/c/fr/médecine","/c/en/etiology"],"weight":0.20333999999999974,"degrees":[64,256,9990,51]},"num_concepts_raised":21490},{"base_id":491,"kind":"top_words","i1":1,"i2":5,"sol":{"path":["/c/en/daybook","/c/en/nautical","/c/en/mousing"],"weight":0.202,"degrees":[64,5204,25]},"num_concepts_raised":80},{"base_id":491,"kind":"top_words","i1":1,"i2":6,"sol":{"path":["/c/en/daybook","/c/en/journal","/c/en/record","/c/en/law","/c/en/unexpired"],"weight":0.2055599999999998,"degrees":[64,333,1856,3727,26]},"num_concepts_raised":16270},{"base_id":491,"kind":"top_words","i1":1,"i2":7,"sol":{"path":["/c/en/daybook","/c/en/ledger","/c/en/construction","/c/en/tendon","/c/en/hamstring"],"weight":0.2123999999999996,"degrees":[64,202,1292,397,124]},"num_concepts_raised":33663},{"base_id":491,"kind":"top_words","i1":1,"i2":8,"sol":{"path":["/c/en/daybook","/c/en/journal","/c/en/dreadful","/c/en/disease","/c/en/pathophysiology"],"weight":0.20558999999999988,"degrees":[64,333,225,4216,27]},"num_concepts_raised":16903},{"base_id":491,"kind":"top_words","i1":1,"i2":9,"sol":{"path":["/c/en/daybook","/c/en/journal","/c/en/log","/c/en/gum","/c/en/teething"],"weight":0.20578999999999975,"degrees":[64,333,599,552,47]},"num_concepts_raised":9266},{"base_id":491,"kind":"top_words","i1":2,"i2":3,"sol":{"path":["/c/en/sambadrome","/c/en/samba","/c/en/intelligent_agent_activity","/c/en/computing","/c/en/operand"],"weight":0.20880999999999988,"degrees":[24,161,953,9084,94]},"num_concepts_raised":18334},{"base_id":491,"kind":"top_words","i1":2,"i2":4,"sol":{"path":["/c/en/sambadrome","/c/fr/sambodrome","/c/fr/danse","/c/fr/corps","/c/fr/étiologie","/c/en/etiology"],"weight":0.21029609999999993,"degrees":[24,20,656,2007,75,51]},"num_concepts_raised":444416},{"base_id":491,"kind":"top_words","i1":2,"i2":5,"sol":{"path":["/c/en/sambadrome","/c/en/samba","/c/en/dance","/c/en/point","/c/en/mousing"],"weight":0.20269999999999994,"degrees":[24,161,2473,2624,25]},"num_concepts_raised":14734},{"base_id":491,"kind":"top_words","i1":2,"i2":6,"sol":{"path":["/c/en/sambadrome","/c/pt/sambódromo","/c/en/brazil","/c/en/go","/c/en/valid","/c/en/unexpired"],"weight":0.21147519999999992,"degrees":[24,13,1377,2637,284,26]},"num_concepts_raised":666299},{"base_id":491,"kind":"top_words","i1":2,"i2":7,"sol":{"path":["/c/en/sambadrome","/c/fr/sambodrome","/c/fr/danse","/c/fr/couper","/c/en/hamstring"],"weight":0.20989999999999975,"degrees":[24,20,656,943,124]},"num_concepts_raised":26618},{"base_id":491,"kind":"top_words","i1":2,"i2":8,"sol":{"path":["/c/en/sambadrome","/c/pt/sambódromo","/c/en/brazil","/c/pt/catapora","/c/en/pathology","/c/en/pathophysiology"],"weight":0.2131245999999985,"degrees":[24,13,1377,12,5554,27]},"num_concepts_raised":273590},{"base_id":491,"kind":"top_words","i1":2,"i2":9,"sol":{"path":["/c/en/sambadrome","/c/en/samba","/c/en/dance","/c/en/set","/c/en/dentition","/c/en/teething"],"weight":0.21014949999999996,"degrees":[24,161,2473,2628,81,47]},"num_concepts_raised":225139},{"base_id":491,"kind":"top_words","i1":3,"i2":4,"sol":{"path":["/c/en/operand","/c/en/quaddition","/c/en/philosophy","/c/en/etiology"],"weight":0.20880999999999977,"degrees":[94,6,2516,51]},"num_concepts_raised":32191},{"base_id":491,"kind":"top_words","i1":3,"i2":5,"sol":{"path":["/c/en/operand","/c/en/computing","/c/en/mouse","/c/en/mousing"],"weight":0.20991999999999983,"degrees":[94,9084,1280,25]},"num_concepts_raised":32145},{"base_id":491,"kind":"top_words","i1":3,"i2":6,"sol":{"path":["/c/en/operand","/c/en/mathematics","/c/en/law","/c/en/unexpired"],"weight":0.20889999999999984,"degrees":[94,7601,3727,26]},"num_concepts_raised":26987},{"base_id":491,"kind":"top_words","i1":3,"i2":7,"sol":{"path":["/c/en/operand","/c/en/operator","/c/en/ham","/c/en/hamstring"],"weight":0.2168499999999996,"degrees":[94,473,508,124]},"num_concepts_raised":44334},{"base_id":491,"kind":"top_words","i1":3,"i2":8,"sol":{"path":["/c/en/operand","/c/en/mathematics","/c/en/functional","/c/en/pathology","/c/en/pathophysiology"],"weight":0.21014999999999992,"degrees":[94,7601,285,5554,27]},"num_concepts_raised":27682},{"base_id":491,"kind":"top_words","i1":3,"i2":9,"sol":{"path":["/c/en/operand","/c/en/mathematics","/c/en/number","/c/en/dentition","/c/en/teething"],"weight":0.2113899999999998,"degrees":[94,7601,2301,81,47]},"num_concepts_raised":20051},{"base_id":491,"kind":"top_words","i1":4,"i2":5,"sol":{"path":["/c/en/etiology","/c/en/aetiology","/c/en/medicine","/c/en/point","/c/en/mousing"],"weight":0.2051399999999998,"degrees":[51,80,11938,2624,25]},"num_concepts_raised":28613},{"base_id":491,"kind":"top_words","i1":4,"i2":6,"sol":{"path":["/c/en/etiology","/c/fr/étiologie","/c/fr/vivant","/c/en/alive","/c/en/unexpired"],"weight":0.20405999999999982,"degrees":[51,75,372,600,26]},"num_concepts_raised":23116},{"base_id":491,"kind":"top_words","i1":4,"i2":7,"sol":{"path":["/c/en/etiology","/c/en/cause","/c/en/cut","/c/en/hamstring"],"weight":0.2089799999999996,"degrees":[51,1753,2951,124]},"num_concepts_raised":40383},{"base_id":491,"kind":"top_words","i1":4,"i2":8,"sol":{"path":["/c/en/etiology","/c/en/etiopathophysiology","/c/en/pathophysiology"],"weight":0.202,"degrees":[51,4,27]},"num_concepts_raised":60},{"base_id":491,"kind":"top_words","i1":4,"i2":9,"sol":{"path":["/c/en/etiology","/c/en/aetiology","/c/en/disease","/c/de/kinderkrankheit","/c/en/teething"],"weight":0.20535999999999976,"degrees":[51,80,4216,37,47]},"num_concepts_raised":16090},{"base_id":491,"kind":"top_words","i1":5,"i2":6,"sol":{"path":["/c/en/mousing","/c/en/mouse","/c/en/move","/c/en/law","/c/en/unexpired"],"weight":0.20387999999999987,"degrees":[25,1280,2810,3727,26]},"num_concepts_raised":23381},{"base_id":491,"kind":"top_words","i1":5,"i2":7,"sol":{"path":["/c/en/mousing","/c/en/mouse","/c/en/muscle","/c/en/hamstring"],"weight":0.21208999999999967,"degrees":[25,1280,1708,124]},"num_concepts_raised":40541},{"base_id":491,"kind":"top_words","i1":5,"i2":8,"sol":{"path":["/c/en/mousing","/c/en/shank","/c/en/disease","/c/en/pathophysiology"],"weight":0.20277999999999996,"degrees":[25,323,4216,27]},"num_concepts_raised":24059},{"base_id":491,"kind":"top_words","i1":5,"i2":9,"sol":{"path":["/c/en/mousing","/c/en/point","/c/en/set","/c/en/dentition","/c/en/teething"],"weight":0.20507999999999982,"degrees":[25,2624,2628,81,47]},"num_concepts_raised":16444},{"base_id":491,"kind":"top_words","i1":6,"i2":7,"sol":{"path":["/c/en/unexpired","/c/en/food","/c/en/ham","/c/en/hamstring"],"weight":0.21086999999999967,"degrees":[26,4281,508,124]},"num_concepts_raised":35338},{"base_id":491,"kind":"top_words","i1":6,"i2":8,"sol":{"path":["/c/en/unexpired","/c/en/law","/c/en/infection","/c/en/pathology","/c/en/pathophysiology"],"weight":0.20394999999999996,"degrees":[26,3727,850,5554,27]},"num_concepts_raised":18548},{"base_id":491,"kind":"top_words","i1":6,"i2":9,"sol":{"path":["/c/en/unexpired","/c/en/food","/c/ja/せいし","/c/en/teething"],"weight":0.20292999999999983,"degrees":[26,4281,142,47]},"num_concepts_raised":10901},{"base_id":491,"kind":"top_words","i1":7,"i2":8,"sol":{"path":["/c/en/hamstring","/c/en/cut","/c/en/injury","/c/en/pathophysiology"],"weight":0.20887999999999973,"degrees":[124,2951,924,27]},"num_concepts_raised":35805},{"base_id":491,"kind":"top_words","i1":7,"i2":9,"sol":{"path":["/c/en/hamstring","/c/fr/anatomie","/c/en/gum","/c/en/teething"],"weight":0.20900999999999964,"degrees":[124,8035,552,47]},"num_concepts_raised":28297},{"base_id":491,"kind":"top_words","i1":8,"i2":9,"sol":{"path":["/c/en/pathophysiology","/c/en/pathology","/c/en/growth","/c/en/teething"],"weight":0.2041699999999999,"degrees":[27,5554,984,47]},"num_concepts_raised":11423}]]