[[{"base_id":57,"kind":"bot_words","i1":0,"i2":1,"sol":{"path":["/c/en/pantry","/c/en/cabinet","/c/en/china","/c/en/hainan"],"weight":0.21400999999999942,"degrees":[251,783,1318,116]},"num_concepts_raised":26332},{"base_id":57,"kind":"bot_words","i1":0,"i2":2,"sol":{"path":["/c/en/pantry","/c/en/container","/c/en/workspace"],"weight":0.202,"degrees":[251,872,44]},"num_concepts_raised":242},{"base_id":57,"kind":"bot_words","i1":0,"i2":3,"sol":{"path":["/c/en/pantry","/c/en/can","/c/en/impossible","/c/en/invincible"],"weight":0.20674999999999943,"degrees":[251,1507,413,115]},"num_concepts_raised":30762},{"base_id":57,"kind":"bot_words","i1":0,"i2":4,"sol":{"path":["/c/en/pantry","/c/en/home","/c/en/stay","/c/en/backstay"],"weight":0.20805999999999966,"degrees":[251,2163,1457,51]},"num_concepts_raised":39487},{"base_id":57,"kind":"bot_words","i1":0,"i2":5,"sol":{"path":["/c/en/pantry","/c/en/container","/c/en/cart","/c/en/panjandrum"],"weight":0.20580999999999955,"degrees":[251,872,559,36]},"num_concepts_raised":32203},{"base_id":57,"kind":"bot_words","i1":0,"i2":6,"sol":{"path":["/c/en/pantry","/c/en/mouse","/c/en/pad","/c/en/launchpad"],"weight":0.2108199999999995,"degrees":[251,1280,519,47]},"num_concepts_raised":24513},{"base_id":57,"kind":"bot_words","i1":0,"i2":7,"sol":{"path":["/c/en/pantry","/c/en/pasta","/c/en/noodle"],"weight":0.20800000000000002,"degrees":[251,462,398]},"num_concepts_raised":499},{"base_id":57,"kind":"bot_words","i1":0,"i2":8,"sol":{"path":["/c/en/pantry","/c/en/closet","/c/en/us","/c/en/shootist","/c/en/gunfighter"],"weight":0.21172999999999959,"degrees":[251,569,8154,10,25]},"num_concepts_raised":22754},{"base_id":57,"kind":"bot_words","i1":0,"i2":9,"sol":{"path":["/c/en/pantry","/c/en/panter","/c/en/noose","/c/en/slipknot"],"weight":0.2054099999999996,"degrees":[251,11,242,24]},"num_concepts_raised":23822},{"base_id":57,"kind":"bot_words","i1":1,"i2":2,"sol":{"path":["/c/en/hainan","/c/en/island","/c/en/isolation","/c/en/workspace"],"weight":0.20893999999999974,"degrees":[116,1660,288,44]},"num_concepts_raised":23659},{"base_id":57,"kind":"bot_words","i1":1,"i2":3,"sol":{"path":["/c/en/hainan","/c/en/china","/c/en/person","/c/en/defeat","/c/en/invincible"],"weight":0.21208999999999953,"degrees":[116,1318,12935,957,115]},"num_concepts_raised":12264},{"base_id":57,"kind":"bot_words","i1":1,"i2":4,"sol":{"path":["/c/en/hainan","/c/en/china","/c/en/go","/c/en/stay","/c/en/backstay"],"weight":0.21343999999999974,"degrees":[116,1318,2637,1457,51]},"num_concepts_raised":21243},{"base_id":57,"kind":"bot_words","i1":1,"i2":5,"sol":{"path":["/c/en/hainan","/c/en/china","/c/en/person","/c/fi/vaikuttaja","/c/en/panjandrum"],"weight":0.21201999999999965,"degrees":[116,1318,12935,20,36]},"num_concepts_raised":13704},{"base_id":57,"kind":"bot_words","i1":1,"i2":6,"sol":{"path":["/c/en/hainan","/c/en/china","/c/en/big","/c/en/rocket","/c/en/launchpad"],"weight":0.21614999999999962,"degrees":[116,1318,1222,651,47]},"num_concepts_raised":5872},{"base_id":57,"kind":"bot_words","i1":1,"i2":7,"sol":{"path":["/c/en/hainan","/c/en/wenchang_chicken","/c/en/chicken","/c/en/noodle"],"weight":0.22518999999999953,"degrees":[116,9,1689,398]},"num_concepts_raised":35551},{"base_id":57,"kind":"bot_words","i1":1,"i2":8,"sol":{"path":["/c/en/hainan","/c/en/college","/c/en/us","/c/en/shootist","/c/en/gunfighter"],"weight":0.21375999999999973,"degrees":[116,710,8154,10,25]},"num_concepts_raised":4044},{"base_id":57,"kind":"bot_words","i1":1,"i2":9,"sol":{"path":["/c/en/hainan","/c/en/china","/c/en/people","/c/en/noose","/c/en/slipknot"],"weight":0.2108599999999997,"degrees":[116,1318,4475,242,24]},"num_concepts_raised":5162},{"base_id":57,"kind":"bot_words","i1":2,"i2":3,"sol":{"path":["/c/en/workspace","/c/en/computing","/c/en/kill","/c/en/invincible"],"weight":0.2041699999999997,"degrees":[44,9084,1884,115]},"num_concepts_raised":28034},{"base_id":57,"kind":"bot_words","i1":2,"i2":4,"sol":{"path":["/c/en/workspace","/c/en/work","/c/en/rigging","/c/en/backstay"],"weight":0.20432999999999996,"degrees":[44,4013,157,51]},"num_concepts_raised":36763},{"base_id":57,"kind":"bot_words","i1":2,"i2":5,"sol":{"path":["/c/en/workspace","/c/en/space","/c/en/rocket","/c/en/panjandrum"],"weight":0.20406999999999986,"degrees":[44,1852,651,36]},"num_concepts_raised":29397},{"base_id":57,"kind":"bot_words","i1":2,"i2":6,"sol":{"path":["/c/en/workspace","/c/en/space","/c/en/rocket","/c/en/launchpad"],"weight":0.20920999999999979,"degrees":[44,1852,651,47]},"num_concepts_raised":21693},{"base_id":57,"kind":"bot_words","i1":2,"i2":7,"sol":{"path":["/c/en/workspace","/c/en/container","/c/en/soup","/c/en/noodle"],"weight":0.2194899999999997,"degrees":[44,872,1209,398]},"num_concepts_raised":50895},{"base_id":57,"kind":"bot_words","i1":2,"i2":8,"sol":{"path":["/c/en/workspace","/c/en/computing","/c/en/guard","/c/en/hired_gun","/c/en/gunfighter"],"weight":0.2080199999999999,"degrees":[44,9084,1558,24,25]},"num_concepts_raised":20037},{"base_id":57,"kind":"bot_words","i1":2,"i2":9,"sol":{"path":["/c/en/workspace","/c/en/space","/c/en/knot","/c/en/slipknot"],"weight":0.2039099999999999,"degrees":[44,1852,1018,24]},"num_concepts_raised":21108},{"base_id":57,"kind":"bot_words","i1":3,"i2":4,"sol":{"path":["/c/en/invincible","/c/en/kill","/c/en/stop","/c/en/stay","/c/en/backstay"],"weight":0.20641999999999977,"degrees":[115,1884,2126,1457,51]},"num_concepts_raised":25625},{"base_id":57,"kind":"bot_words","i1":3,"i2":5,"sol":{"path":["/c/en/invincible","/c/en/powerful","/c/en/panjandrum"],"weight":0.202,"degrees":[115,750,36]},"num_concepts_raised":133},{"base_id":57,"kind":"bot_words","i1":3,"i2":6,"sol":{"path":["/c/en/invincible","/c/en/defeat","/c/en/military","/c/en/rocket","/c/en/launchpad"],"weight":0.20906999999999962,"degrees":[115,957,5690,651,47]},"num_concepts_raised":10346},{"base_id":57,"kind":"bot_words","i1":3,"i2":7,"sol":{"path":["/c/en/invincible","/c/en/kill","/c/en/brain","/c/en/noodle"],"weight":0.21816999999999953,"degrees":[115,1884,1613,398]},"num_concepts_raised":39795},{"base_id":57,"kind":"bot_words","i1":3,"i2":8,"sol":{"path":["/c/en/invincible","/c/en/kill","/c/en/gun","/c/en/gunslinger","/c/en/gunfighter"],"weight":0.2109599999999997,"degrees":[115,1884,1027,25,25]},"num_concepts_raised":8524},{"base_id":57,"kind":"bot_words","i1":3,"i2":9,"sol":{"path":["/c/en/invincible","/c/en/someone","/c/en/noose","/c/en/slipknot"],"weight":0.2036899999999997,"degrees":[115,764,242,24]},"num_concepts_raised":9641},{"base_id":57,"kind":"bot_words","i1":4,"i2":5,"sol":{"path":["/c/en/backstay","/c/en/support","/c/en/military","/c/en/panjandrum"],"weight":0.2032799999999999,"degrees":[51,2237,5690,36]},"num_concepts_raised":26858},{"base_id":57,"kind":"bot_words","i1":4,"i2":6,"sol":{"path":["/c/en/backstay","/c/en/nautical","/c/en/launch","/c/en/launchpad"],"weight":0.20856999999999987,"degrees":[51,5204,422,47]},"num_concepts_raised":19302},{"base_id":57,"kind":"bot_words","i1":4,"i2":7,"sol":{"path":["/c/en/backstay","/c/en/nautical","/c/en/head","/c/en/noodle"],"weight":0.21777999999999975,"degrees":[51,5204,3580,398]},"num_concepts_raised":48537},{"base_id":57,"kind":"bot_words","i1":4,"i2":8,"sol":{"path":["/c/en/backstay","/c/en/nautical","/c/en/gun","/c/en/gunslinger","/c/en/gunfighter"],"weight":0.21046999999999993,"degrees":[51,5204,1027,25,25]},"num_concepts_raised":17556},{"base_id":57,"kind":"bot_words","i1":4,"i2":9,"sol":{"path":["/c/en/backstay","/c/en/nautical","/c/en/knot","/c/en/slipknot"],"weight":0.20327999999999993,"degrees":[51,5204,1018,24]},"num_concepts_raised":18596},{"base_id":57,"kind":"bot_words","i1":5,"i2":6,"sol":{"path":["/c/en/panjandrum","/c/en/rocket","/c/en/launchpad"],"weight":0.20400000000000001,"degrees":[36,651,47]},"num_concepts_raised":76},{"base_id":57,"kind":"bot_words","i1":5,"i2":7,"sol":{"path":["/c/en/panjandrum","/c/en/rocket","/c/en/head","/c/en/noodle"],"weight":0.21717999999999968,"degrees":[36,651,3580,398]},"num_concepts_raised":41342},{"base_id":57,"kind":"bot_words","i1":5,"i2":8,"sol":{"path":["/c/en/panjandrum","/c/en/military","/c/en/gun","/c/en/gunslinger","/c/en/gunfighter"],"weight":0.20988999999999985,"degrees":[36,5690,1027,25,25]},"num_concepts_raised":9973},{"base_id":57,"kind":"bot_words","i1":5,"i2":9,"sol":{"path":["/c/en/panjandrum","/c/en/rocket","/c/en/slang","/c/en/knot","/c/en/slipknot"],"weight":0.20272999999999985,"degrees":[36,651,16318,1018,24]},"num_concepts_raised":11098},{"base_id":57,"kind":"bot_words","i1":6,"i2":7,"sol":{"path":["/c/en/launchpad","/c/en/rocket","/c/en/head","/c/en/noodle"],"weight":0.22230999999999962,"degrees":[47,651,3580,398]},"num_concepts_raised":33748},{"base_id":57,"kind":"bot_words","i1":6,"i2":8,"sol":{"path":["/c/en/launchpad","/c/en/pad","/c/en/us","/c/en/shootist","/c/en/gunfighter"],"weight":0.21286999999999978,"degrees":[47,519,8154,10,25]},"num_concepts_raised":2112},{"base_id":57,"kind":"bot_words","i1":6,"i2":9,"sol":{"path":["/c/en/launchpad","/c/en/rocket","/c/en/slang","/c/en/knot","/c/en/slipknot"],"weight":0.20786999999999978,"degrees":[47,651,16318,1018,24]},"num_concepts_raised":3228},{"base_id":57,"kind":"bot_words","i1":7,"i2":8,"sol":{"path":["/c/en/noodle","/c/en/soup","/c/en/us","/c/en/shootist","/c/en/gunfighter"],"weight":0.2242099999999997,"degrees":[398,1209,8154,10,25]},"num_concepts_raised":32007},{"base_id":57,"kind":"bot_words","i1":7,"i2":9,"sol":{"path":["/c/en/noodle","/c/fr/nouille","/c/en/slang","/c/en/knot","/c/en/slipknot"],"weight":0.2215499999999997,"degrees":[398,77,16318,1018,24]},"num_concepts_raised":33056},{"base_id":57,"kind":"bot_words","i1":8,"i2":9,"sol":{"path":["/c/en/gunfighter","/c/en/gunslinger","/c/en/gun","/c/en/nautical","/c/en/knot","/c/en/slipknot"],"weight":0.21181369999999974,"degrees":[25,25,1027,5204,1018,24]},"num_concepts_raised":161063}],[{"base_id":57,"kind":"top_words","i1":0,"i2":1,"sol":{"path":["/c/en/heptathlon","/c/en/contest","/c/en/battle","/c/en/batten"],"weight":0.21084999999999948,"degrees":[74,649,1211,151]},"num_concepts_raised":39332},{"base_id":57,"kind":"top_words","i1":0,"i2":2,"sol":{"path":["/c/en/heptathlon","/c/en/athletics","/c/en/skill","/c/en/rodent","/c/en/capybara"],"weight":0.21787,"degrees":[74,352,1062,568,176]},"num_concepts_raised":6881},{"base_id":57,"kind":"top_words","i1":0,"i2":3,"sol":{"path":["/c/en/heptathlon","/c/en/heptathlete","/c/en/athlete","/c/en/weightlifter"],"weight":0.21132999999999996,"degrees":[74,20,432,90]},"num_concepts_raised":13610},{"base_id":57,"kind":"top_words","i1":0,"i2":4,"sol":{"path":["/c/en/heptathlon","/c/en/athletics","/c/en/us","/c/en/kite","/c/en/accipitridae"],"weight":0.2098299999999998,"degrees":[74,352,8154,632,50]},"num_concepts_raised":6491},{"base_id":57,"kind":"top_words","i1":0,"i2":5,"sol":{"path":["/c/en/heptathlon","/c/en/seven","/c/en/person","/c/en/disciple","/c/en/animist"],"weight":0.2085399999999999,"degrees":[74,959,12935,362,43]},"num_concepts_raised":4497},{"base_id":57,"kind":"top_words","i1":0,"i2":6,"sol":{"path":["/c/en/heptathlon","/c/en/olympic","/c/en/record"],"weight":0.20800000000000002,"degrees":[74,82,1856]},"num_concepts_raised":1601},{"base_id":57,"kind":"top_words","i1":0,"i2":7,"sol":{"path":["/c/en/heptathlon","/c/en/event","/c/en/exercise","/c/en/weightlifting"],"weight":0.21052999999999958,"degrees":[74,1724,1558,179]},"num_concepts_raised":28496},{"base_id":57,"kind":"top_words","i1":0,"i2":8,"sol":{"path":["/c/en/heptathlon","/c/en/women","/c/en/t","/c/en/mit","/c/en/frob"],"weight":0.20936999999999992,"degrees":[74,407,371,41,28]},"num_concepts_raised":10517},{"base_id":57,"kind":"top_words","i1":0,"i2":9,"sol":{"path":["/c/en/heptathlon","/c/en/event","/c/en/makeup","/c/en/bindi"],"weight":0.21367999999999981,"degrees":[74,1724,329,52]},"num_concepts_raised":24584},{"base_id":57,"kind":"top_words","i1":1,"i2":2,"sol":{"path":["/c/en/batten","/c/en/land","/c/fr/terre","/c/fr/capybara","/c/en/capybara"],"weight":0.2157999999999996,"degrees":[151,2465,1775,40,176]},"num_concepts_raised":38673},{"base_id":57,"kind":"top_words","i1":1,"i2":3,"sol":{"path":["/c/en/batten","/c/en/nautical","/c/en/lift","/c/en/weightlifter"],"weight":0.20609999999999956,"degrees":[151,5204,1167,90]},"num_concepts_raised":44983},{"base_id":57,"kind":"top_words","i1":1,"i2":4,"sol":{"path":["/c/en/batten","/c/en/nautical","/c/en/kite","/c/en/accipitridae"],"weight":0.2064999999999994,"degrees":[151,5204,632,50]},"num_concepts_raised":38231},{"base_id":57,"kind":"top_words","i1":1,"i2":5,"sol":{"path":["/c/en/batten","/c/en/better","/c/en/animate","/c/en/animism","/c/en/animist"],"weight":0.2064299999999995,"degrees":[151,809,449,146,43]},"num_concepts_raised":36361},{"base_id":57,"kind":"top_words","i1":1,"i2":6,"sol":{"path":["/c/en/batten","/c/en/house","/c/en/book","/c/en/record"],"weight":0.24086999999999925,"degrees":[151,3114,3239,1856]},"num_concepts_raised":212523},{"base_id":57,"kind":"top_words","i1":1,"i2":7,"sol":{"path":["/c/en/batten","/c/en/better","/c/en/raise","/c/en/weightlifting"],"weight":0.2078799999999992,"degrees":[151,809,1804,179]},"num_concepts_raised":58796},{"base_id":57,"kind":"top_words","i1":1,"i2":8,"sol":{"path":["/c/en/batten","/c/en/nautical","/c/en/hand","/c/en/frob"],"weight":0.20519999999999955,"degrees":[151,5204,2596,28]},"num_concepts_raised":41778},{"base_id":57,"kind":"top_words","i1":1,"i2":9,"sol":{"path":["/c/en/batten","/c/en/hatch","/c/en/slang","/c/en/bindi"],"weight":0.21045999999999943,"degrees":[151,414,16318,52]},"num_concepts_raised":55337},{"base_id":57,"kind":"top_words","i1":2,"i2":3,"sol":{"path":["/c/en/capybara","/c/en/rodent","/c/en/animal","/c/en/muscle","/c/en/weightlifter"],"weight":0.21418000000000006,"degrees":[176,568,3735,1708,90]},"num_concepts_raised":12995},{"base_id":57,"kind":"top_words","i1":2,"i2":4,"sol":{"path":["/c/en/capybara","/c/en/rodent","/c/en/kite","/c/en/accipitridae"],"weight":0.21341999999999992,"degrees":[176,568,632,50]},"num_concepts_raised":5642},{"base_id":57,"kind":"top_words","i1":2,"i2":5,"sol":{"path":["/c/en/capybara","/c/en/mammal","/c/en/person","/c/en/disciple","/c/en/animist"],"weight":0.21023,"degrees":[176,2187,12935,362,43]},"num_concepts_raised":3654},{"base_id":57,"kind":"top_words","i1":2,"i2":6,"sol":{"path":["/c/en/capybara","/c/en/rodent","/c/en/rabbit","/c/en/record"],"weight":0.24135999999999977,"degrees":[176,568,1102,1856]},"num_concepts_raised":187032},{"base_id":57,"kind":"top_words","i1":2,"i2":7,"sol":{"path":["/c/en/capybara","/c/en/rodent","/c/en/pejorative","/c/en/jerk","/c/en/weightlifting"],"weight":0.21480999999999972,"degrees":[176,568,3581,539,179]},"num_concepts_raised":27952},{"base_id":57,"kind":"top_words","i1":2,"i2":8,"sol":{"path":["/c/en/capybara","/c/en/rodent","/c/en/beaver","/c/en/mit","/c/en/frob"],"weight":0.21318000000000004,"degrees":[176,568,652,41,28]},"num_concepts_raised":9738},{"base_id":57,"kind":"top_words","i1":2,"i2":9,"sol":{"path":["/c/en/capybara","/c/en/rodent","/c/en/beaver","/c/en/australia","/c/en/bindi"],"weight":0.2175799999999999,"degrees":[176,568,652,2690,52]},"num_concepts_raised":23793},{"base_id":57,"kind":"top_words","i1":3,"i2":4,"sol":{"path":["/c/en/weightlifter","/c/en/lift","/c/en/kite","/c/en/accipitridae"],"weight":0.20491999999999985,"degrees":[90,1167,632,50]},"num_concepts_raised":12578},{"base_id":57,"kind":"top_words","i1":3,"i2":5,"sol":{"path":["/c/en/weightlifter","/c/en/muscle","/c/en/force","/c/en/animism","/c/en/animist"],"weight":0.20504999999999995,"degrees":[90,1708,1979,146,43]},"num_concepts_raised":10622},{"base_id":57,"kind":"top_words","i1":3,"i2":6,"sol":{"path":["/c/en/weightlifter","/c/fr/sport","/c/ja/記録","/c/en/record"],"weight":0.23930999999999972,"degrees":[90,2171,80,1856]},"num_concepts_raised":192153},{"base_id":57,"kind":"top_words","i1":3,"i2":7,"sol":{"path":["/c/en/weightlifter","/c/en/weightlifting"],"weight":0.202,"degrees":[90,179]},"num_concepts_raised":200},{"base_id":57,"kind":"top_words","i1":3,"i2":8,"sol":{"path":["/c/en/weightlifter","/c/en/weight","/c/en/object","/c/en/frob"],"weight":0.20465,"degrees":[90,1498,1642,28]},"num_concepts_raised":16486},{"base_id":57,"kind":"top_words","i1":3,"i2":9,"sol":{"path":["/c/en/weightlifter","/c/en/weight","/c/en/slang","/c/en/bindi"],"weight":0.21005999999999986,"degrees":[90,1498,16318,52]},"num_concepts_raised":30534},{"base_id":57,"kind":"top_words","i1":4,"i2":5,"sol":{"path":["/c/en/accipitridae","/c/en/kite","/c/en/object","/c/en/animism","/c/en/animist"],"weight":0.2042399999999998,"degrees":[50,632,1642,146,43]},"num_concepts_raised":3260},{"base_id":57,"kind":"top_words","i1":4,"i2":6,"sol":{"path":["/c/en/accipitridae","/c/en/bald_eagle","/c/en/book","/c/en/record"],"weight":0.23935999999999952,"degrees":[50,264,3239,1856]},"num_concepts_raised":186607},{"base_id":57,"kind":"top_words","i1":4,"i2":7,"sol":{"path":["/c/en/accipitridae","/c/en/hawk","/c/en/fly","/c/en/weightlifting"],"weight":0.2058199999999995,"degrees":[50,626,2276,179]},"num_concepts_raised":27525},{"base_id":57,"kind":"top_words","i1":4,"i2":8,"sol":{"path":["/c/en/accipitridae","/c/en/kite","/c/en/object","/c/en/frob"],"weight":0.20397999999999983,"degrees":[50,632,1642,28]},"num_concepts_raised":9334},{"base_id":57,"kind":"top_words","i1":4,"i2":9,"sol":{"path":["/c/en/accipitridae","/c/en/kite","/c/en/slang","/c/en/bindi"],"weight":0.2093799999999997,"degrees":[50,632,16318,52]},"num_concepts_raised":23424},{"base_id":57,"kind":"top_words","i1":5,"i2":6,"sol":{"path":["/c/en/animist","/c/en/disciple","/c/en/mark","/c/en/record"],"weight":0.23473999999999962,"degrees":[43,362,1876,1856]},"num_concepts_raised":184769},{"base_id":57,"kind":"top_words","i1":5,"i2":7,"sol":{"path":["/c/en/animist","/c/en/animism","/c/en/force","/c/en/weight","/c/en/weightlifting"],"weight":0.2060799999999996,"degrees":[43,146,1979,1498,179]},"num_concepts_raised":25626},{"base_id":57,"kind":"top_words","i1":5,"i2":8,"sol":{"path":["/c/en/animist","/c/en/animism","/c/en/object","/c/en/frob"],"weight":0.2028999999999999,"degrees":[43,146,1642,28]},"num_concepts_raised":7366},{"base_id":57,"kind":"top_words","i1":5,"i2":9,"sol":{"path":["/c/en/animist","/c/en/animism","/c/en/object","/c/en/seed","/c/en/bindi"],"weight":0.2082899999999998,"degrees":[43,146,1642,1813,52]},"num_concepts_raised":21485},{"base_id":57,"kind":"top_words","i1":6,"i2":7,"sol":{"path":["/c/en/record","/c/en/plate","/c/en/weightlifting"],"weight":0.20700000000000002,"degrees":[1856,1940,179]},"num_concepts_raised":1689},{"base_id":57,"kind":"top_words","i1":6,"i2":8,"sol":{"path":["/c/en/record","/c/en/device","/c/en/frob"],"weight":0.20600000000000002,"degrees":[1856,2078,28]},"num_concepts_raised":1567},{"base_id":57,"kind":"top_words","i1":6,"i2":9,"sol":{"path":["/c/en/record","/c/en/book","/c/en/slang","/c/en/bindi"],"weight":0.24513999999999958,"degrees":[1856,3239,16318,52]},"num_concepts_raised":201543},{"base_id":57,"kind":"top_words","i1":7,"i2":8,"sol":{"path":["/c/en/weightlifting","/c/en/weight","/c/en/object","/c/en/frob"],"weight":0.20577999999999963,"degrees":[179,1498,1642,28]},"num_concepts_raised":31123},{"base_id":57,"kind":"top_words","i1":7,"i2":9,"sol":{"path":["/c/en/weightlifting","/c/en/snatch","/c/en/slang","/c/en/bindi"],"weight":0.2119099999999995,"degrees":[179,394,16318,52]},"num_concepts_raised":44914},{"base_id":57,"kind":"top_words","i1":8,"i2":9,"sol":{"path":["/c/en/frob","/c/en/jargon","/c/en/slang","/c/en/bindi"],"weight":0.20911999999999986,"degrees":[28,458,16318,52]},"num_concepts_raised":27171}]]