[[{"base_id":710,"kind":"bot_words","i1":0,"i2":1,"sol":{"path":["/c/en/amtrak","/c/en/military","/c/hy/հանդես","/c/en/sumptuous","/c/en/sumptuously"],"weight":0.20910999999999982,"degrees":[52,5690,32,116,34]},"num_concepts_raised":9838},{"base_id":710,"kind":"bot_words","i1":0,"i2":2,"sol":{"path":["/c/en/amtrak","/c/en/united_states","/c/en/aetna","/c/en/etna"],"weight":0.20844999999999972,"degrees":[52,1636,43,53]},"num_concepts_raised":14615},{"base_id":710,"kind":"bot_words","i1":0,"i2":3,"sol":{"path":["/c/en/amtrak","/c/en/military","/c/en/mask","/c/en/deodorize"],"weight":0.20841999999999988,"degrees":[52,5690,668,45]},"num_concepts_raised":13753},{"base_id":710,"kind":"bot_words","i1":0,"i2":4,"sol":{"path":["/c/en/amtrak","/c/en/amphtrack","/c/en/vehicle","/c/en/body_part","/c/en/perineum"],"weight":0.21840000000000007,"degrees":[52,11,1419,536,226]},"num_concepts_raised":25777},{"base_id":710,"kind":"bot_words","i1":0,"i2":5,"sol":{"path":["/c/en/amtrak","/c/en/military","/c/en/greenhouse","/c/en/hotbed"],"weight":0.2085599999999997,"degrees":[52,5690,296,69]},"num_concepts_raised":28144},{"base_id":710,"kind":"bot_words","i1":0,"i2":6,"sol":{"path":["/c/en/amtrak","/c/en/military","/c/en/marine","/c/en/braize","/c/en/braise"],"weight":0.21006999999999976,"degrees":[52,5690,632,15,103]},"num_concepts_raised":14542},{"base_id":710,"kind":"bot_words","i1":0,"i2":7,"sol":{"path":["/c/en/amtrak","/c/en/military","/c/en/assembly","/c/en/sabbat"],"weight":0.20802999999999985,"degrees":[52,5690,680,25]},"num_concepts_raised":10816},{"base_id":710,"kind":"bot_words","i1":0,"i2":8,"sol":{"path":["/c/en/amtrak","/c/en/military","/c/en/us","/c/en/proof","/c/en/provable"],"weight":0.20975999999999984,"degrees":[52,5690,8154,766,61]},"num_concepts_raised":14022},{"base_id":710,"kind":"bot_words","i1":0,"i2":9,"sol":{"path":["/c/en/amtrak","/c/en/usa","/c/en/jefferson_county","/c/en/watertown"],"weight":0.20924999999999977,"degrees":[52,2683,88,35]},"num_concepts_raised":12729},{"base_id":710,"kind":"bot_words","i1":1,"i2":2,"sol":{"path":["/c/en/sumptuously","/c/en/sumptuous","/c/la/apparatus","/c/en/apparatus","/c/en/etna"],"weight":0.20398999999999984,"degrees":[34,116,81,482,53]},"num_concepts_raised":5370},{"base_id":710,"kind":"bot_words","i1":1,"i2":3,"sol":{"path":["/c/en/sumptuously","/c/en/sumptuous","/c/en/magnificent","/c/en/action","/c/en/change","/c/en/deodorize"],"weight":0.20783779999999957,"degrees":[34,116,372,2156,3383,45]},"num_concepts_raised":362399},{"base_id":710,"kind":"bot_words","i1":1,"i2":4,"sol":{"path":["/c/en/sumptuously","/c/en/sumptuous","/c/hy/հանդես","/c/en/area","/c/en/perineum"],"weight":0.21199000000000018,"degrees":[34,116,32,1840,226]},"num_concepts_raised":16562},{"base_id":710,"kind":"bot_words","i1":1,"i2":5,"sol":{"path":["/c/en/sumptuously","/c/en/sumptuous","/c/en/batten","/c/en/house","/c/en/hothouse","/c/en/hotbed"],"weight":0.20989969999999977,"degrees":[34,116,151,3114,48,69]},"num_concepts_raised":968671},{"base_id":710,"kind":"bot_words","i1":1,"i2":6,"sol":{"path":["/c/en/sumptuously","/c/en/sumptuous","/c/syc/ܦܘܪܦܥܐ","/c/en/food","/c/en/cooking","/c/en/braise"],"weight":0.20971379999999967,"degrees":[34,116,14,4281,1401,103]},"num_concepts_raised":370525},{"base_id":710,"kind":"bot_words","i1":1,"i2":7,"sol":{"path":["/c/en/sumptuously","/c/fr/somptueusement","/c/nl/prachtig","/c/ja/結構","/c/en/assembly","/c/en/sabbat"],"weight":0.2072291999999999,"degrees":[34,21,63,140,680,25]},"num_concepts_raised":117787},{"base_id":710,"kind":"bot_words","i1":1,"i2":8,"sol":{"path":["/c/en/sumptuously","/c/en/sumptuous","/c/en/sumptuary","/c/en/law","/c/en/prove","/c/en/provable"],"weight":0.21059039999999984,"degrees":[34,116,30,3727,638,61]},"num_concepts_raised":297948},{"base_id":710,"kind":"bot_words","i1":1,"i2":9,"sol":{"path":["/c/en/sumptuously","/c/en/sumptuous","/c/la/sumo","/c/en/purchase","/c/en/new_york","/c/en/watertown"],"weight":0.20773039999999976,"degrees":[34,116,157,629,897,35]},"num_concepts_raised":306587},{"base_id":710,"kind":"bot_words","i1":2,"i2":3,"sol":{"path":["/c/en/etna","/c/en/cook","/c/en/mask","/c/en/deodorize"],"weight":0.20338999999999985,"degrees":[53,1734,668,45]},"num_concepts_raised":9280},{"base_id":710,"kind":"bot_words","i1":2,"i2":4,"sol":{"path":["/c/en/etna","/c/en/apparatus","/c/en/anatomy","/c/en/perineum"],"weight":0.21214000000000005,"degrees":[53,482,12775,226]},"num_concepts_raised":21377},{"base_id":710,"kind":"bot_words","i1":2,"i2":5,"sol":{"path":["/c/en/etna","/c/en/heat","/c/en/greenhouse","/c/en/hotbed"],"weight":0.20348999999999967,"degrees":[53,2046,296,69]},"num_concepts_raised":23726},{"base_id":710,"kind":"bot_words","i1":2,"i2":6,"sol":{"path":["/c/en/etna","/c/en/cook","/c/en/braise"],"weight":0.202,"degrees":[53,1734,103]},"num_concepts_raised":129},{"base_id":710,"kind":"bot_words","i1":2,"i2":7,"sol":{"path":["/c/en/etna","/c/en/apparatus","/c/en/lady","/c/en/wicca","/c/en/sabbat"],"weight":0.20395999999999984,"degrees":[53,482,787,165,25]},"num_concepts_raised":6351},{"base_id":710,"kind":"bot_words","i1":2,"i2":8,"sol":{"path":["/c/en/etna","/c/en/cook","/c/en/action","/c/en/prove","/c/en/provable"],"weight":0.20471999999999985,"degrees":[53,1734,2156,638,61]},"num_concepts_raised":9547},{"base_id":710,"kind":"bot_words","i1":2,"i2":9,"sol":{"path":["/c/en/etna","/c/en/cook","/c/en/minnesota","/c/en/watertown"],"weight":0.20317999999999975,"degrees":[53,1734,520,35]},"num_concepts_raised":10901},{"base_id":710,"kind":"bot_words","i1":3,"i2":4,"sol":{"path":["/c/en/deodorize","/c/en/mask","/c/en/face","/c/en/anatomy","/c/en/perineum"],"weight":0.21226000000000023,"degrees":[45,668,2479,12775,226]},"num_concepts_raised":20481},{"base_id":710,"kind":"bot_words","i1":3,"i2":5,"sol":{"path":["/c/en/deodorize","/c/en/change","/c/en/development","/c/en/hotbed"],"weight":0.20344999999999985,"degrees":[45,3383,956,69]},"num_concepts_raised":22841},{"base_id":710,"kind":"bot_words","i1":3,"i2":6,"sol":{"path":["/c/en/deodorize","/c/en/mask","/c/en/cooking","/c/en/braise"],"weight":0.2042699999999999,"degrees":[45,668,1401,103]},"num_concepts_raised":9170},{"base_id":710,"kind":"bot_words","i1":3,"i2":7,"sol":{"path":["/c/en/deodorize","/c/en/change","/c/en/circle","/c/en/witches_sabbath","/c/en/sabbat"],"weight":0.20498,"degrees":[45,3383,1376,20,25]},"num_concepts_raised":5450},{"base_id":710,"kind":"bot_words","i1":3,"i2":8,"sol":{"path":["/c/en/deodorize","/c/en/change","/c/en/proof","/c/en/provable"],"weight":0.2046,"degrees":[45,3383,766,61]},"num_concepts_raised":8628},{"base_id":710,"kind":"bot_words","i1":3,"i2":9,"sol":{"path":["/c/en/deodorize","/c/nrf/d'sodother","/c/en/jersey","/c/en/new_york","/c/en/watertown"],"weight":0.20412999999999992,"degrees":[45,5,6919,897,35]},"num_concepts_raised":10039},{"base_id":710,"kind":"bot_words","i1":4,"i2":5,"sol":{"path":["/c/en/perineum","/c/en/anatomy","/c/sq/vatër","/c/en/hotbed"],"weight":0.21223000000000003,"degrees":[226,12775,25,69]},"num_concepts_raised":34731},{"base_id":710,"kind":"bot_words","i1":4,"i2":6,"sol":{"path":["/c/en/perineum","/c/en/anatomy","/c/en/process","/c/en/cooking","/c/en/braise"],"weight":0.21311000000000013,"degrees":[226,12775,1571,1401,103]},"num_concepts_raised":21262},{"base_id":710,"kind":"bot_words","i1":4,"i2":7,"sol":{"path":["/c/en/perineum","/c/en/anatomy","/c/en/orbit","/c/en/summer_solstice","/c/en/sabbat"],"weight":0.2118600000000002,"degrees":[226,12775,639,120,25]},"num_concepts_raised":17547},{"base_id":710,"kind":"bot_words","i1":4,"i2":8,"sol":{"path":["/c/en/perineum","/c/en/anatomy","/c/en/process","/c/en/prove","/c/en/provable"],"weight":0.2135500000000002,"degrees":[226,12775,1571,638,61]},"num_concepts_raised":20747},{"base_id":710,"kind":"bot_words","i1":4,"i2":9,"sol":{"path":["/c/en/perineum","/c/en/anatomy","/c/en/eminence","/c/en/county_seat","/c/en/watertown"],"weight":0.21206000000000014,"degrees":[226,12775,141,2497,35]},"num_concepts_raised":22116},{"base_id":710,"kind":"bot_words","i1":5,"i2":6,"sol":{"path":["/c/en/hotbed","/c/en/greenhouse","/c/pt/estufar","/c/en/braise"],"weight":0.20513999999999977,"degrees":[69,296,13,103]},"num_concepts_raised":23618},{"base_id":710,"kind":"bot_words","i1":5,"i2":7,"sol":{"path":["/c/en/hotbed","/c/en/plant","/c/en/sage","/c/en/wicca","/c/en/sabbat"],"weight":0.2042099999999998,"degrees":[69,7959,486,165,25]},"num_concepts_raised":19986},{"base_id":710,"kind":"bot_words","i1":5,"i2":8,"sol":{"path":["/c/en/hotbed","/c/en/forcing","/c/en/prove","/c/en/provable"],"weight":0.2047399999999998,"degrees":[69,58,638,61]},"num_concepts_raised":23096},{"base_id":710,"kind":"bot_words","i1":5,"i2":9,"sol":{"path":["/c/en/hotbed","/c/en/ideal","/c/en/south_dakota","/c/en/watertown"],"weight":0.20318999999999976,"degrees":[69,500,415,35]},"num_concepts_raised":24522},{"base_id":710,"kind":"bot_words","i1":6,"i2":7,"sol":{"path":["/c/en/braise","/c/en/pan","/c/en/god","/c/en/wicca","/c/en/sabbat"],"weight":0.2046799999999999,"degrees":[103,880,1774,165,25]},"num_concepts_raised":6246},{"base_id":710,"kind":"bot_words","i1":6,"i2":8,"sol":{"path":["/c/en/braise","/c/en/cooking","/c/en/proof","/c/en/provable"],"weight":0.2055499999999999,"degrees":[103,1401,766,61]},"num_concepts_raised":9449},{"base_id":710,"kind":"bot_words","i1":6,"i2":9,"sol":{"path":["/c/en/braise","/c/en/cook","/c/en/minnesota","/c/en/watertown"],"weight":0.20391999999999982,"degrees":[103,1734,520,35]},"num_concepts_raised":10827},{"base_id":710,"kind":"bot_words","i1":7,"i2":8,"sol":{"path":["/c/en/sabbat","/c/en/assembly","/c/en/action","/c/en/prove","/c/en/provable"],"weight":0.20430999999999996,"degrees":[25,680,2156,638,61]},"num_concepts_raised":5697},{"base_id":710,"kind":"bot_words","i1":7,"i2":9,"sol":{"path":["/c/en/sabbat","/c/en/assembly","/c/en/united_states","/c/en/new_york","/c/en/watertown"],"weight":0.20301999999999987,"degrees":[25,680,1636,897,35]},"num_concepts_raised":7065},{"base_id":710,"kind":"bot_words","i1":8,"i2":9,"sol":{"path":["/c/en/provable","/c/en/proof","/c/en/whiskey","/c/en/tennessee","/c/en/watertown"],"weight":0.2044699999999999,"degrees":[61,766,321,437,35]},"num_concepts_raised":10289}],[{"base_id":710,"kind":"top_words","i1":0,"i2":1,"sol":{"path":["/c/en/morone","/c/en/fish","/c/en/game","/c/en/baccara"],"weight":0.21293999999999982,"degrees":[32,4424,2308,34]},"num_concepts_raised":9323},{"base_id":710,"kind":"top_words","i1":0,"i2":2,"sol":{"path":["/c/en/morone","/c/en/fish","/c/en/slang","/c/en/titty"],"weight":0.2079099999999999,"degrees":[32,4424,16318,28]},"num_concepts_raised":23790},{"base_id":710,"kind":"top_words","i1":0,"i2":3,"sol":{"path":["/c/en/morone","/c/en/fish","/c/en/nautical","/c/en/windjammer"],"weight":0.20787999999999987,"degrees":[32,4424,5204,29]},"num_concepts_raised":35611},{"base_id":710,"kind":"top_words","i1":0,"i2":4,"sol":{"path":["/c/en/morone","/c/en/fish","/c/en/zebrafish","/c/en/india","/c/en/banjara"],"weight":0.21285999999999988,"degrees":[32,4424,69,1846,25]},"num_concepts_raised":7156},{"base_id":710,"kind":"top_words","i1":0,"i2":5,"sol":{"path":["/c/en/morone","/c/en/fish","/c/en/animal","/c/en/plant","/c/en/attalea"],"weight":0.21284999999999987,"degrees":[32,4424,3735,7959,25]},"num_concepts_raised":11541},{"base_id":710,"kind":"top_words","i1":0,"i2":6,"sol":{"path":["/c/en/morone","/c/en/fish","/c/en/bird","/c/en/caracara"],"weight":0.2133199999999998,"degrees":[32,4424,4970,61]},"num_concepts_raised":9510},{"base_id":710,"kind":"top_words","i1":0,"i2":7,"sol":{"path":["/c/en/morone","/c/en/fish","/c/en/general","/c/en/christianity","/c/en/kyrie"],"weight":0.2133399999999998,"degrees":[32,4424,1132,2627,58]},"num_concepts_raised":21647},{"base_id":710,"kind":"top_words","i1":0,"i2":8,"sol":{"path":["/c/en/morone","/c/en/fish","/c/en/man","/c/en/ethnic_group","/c/en/dard"],"weight":0.20780999999999988,"degrees":[32,4424,3068,622,26]},"num_concepts_raised":5710},{"base_id":710,"kind":"top_words","i1":0,"i2":9,"sol":{"path":["/c/en/morone","/c/en/fish","/c/en/bear","/c/en/whelp"],"weight":0.20938999999999974,"degrees":[32,4424,2152,149]},"num_concepts_raised":26673},{"base_id":710,"kind":"top_words","i1":1,"i2":2,"sol":{"path":["/c/en/baccara","/c/en/game","/c/en/slang","/c/en/titty"],"weight":0.2078499999999998,"degrees":[34,2308,16318,28]},"num_concepts_raised":24849},{"base_id":710,"kind":"top_words","i1":1,"i2":3,"sol":{"path":["/c/en/baccara","/c/en/game","/c/en/slang","/c/en/windjammer"],"weight":0.20781999999999978,"degrees":[34,2308,16318,29]},"num_concepts_raised":36552},{"base_id":710,"kind":"top_words","i1":1,"i2":4,"sol":{"path":["/c/en/baccara","/c/en/game","/c/en/people","/c/en/ethnic_group","/c/en/banjara"],"weight":0.21279999999999977,"degrees":[34,2308,4475,622,25]},"num_concepts_raised":8305},{"base_id":710,"kind":"top_words","i1":1,"i2":5,"sol":{"path":["/c/en/baccara","/c/en/game","/c/en/set","/c/en/plant","/c/en/attalea"],"weight":0.21280999999999978,"degrees":[34,2308,2628,7959,25]},"num_concepts_raised":12716},{"base_id":710,"kind":"top_words","i1":1,"i2":6,"sol":{"path":["/c/en/baccara","/c/en/game","/c/en/hobby","/c/en/falcon","/c/en/caracara"],"weight":0.21327999999999972,"degrees":[34,2308,527,539,61]},"num_concepts_raised":10703},{"base_id":710,"kind":"top_words","i1":1,"i2":7,"sol":{"path":["/c/en/baccara","/c/en/band","/c/en/music","/c/en/kyrie"],"weight":0.21319999999999972,"degrees":[34,1893,8822,58]},"num_concepts_raised":22579},{"base_id":710,"kind":"top_words","i1":1,"i2":8,"sol":{"path":["/c/en/baccara","/c/en/french","/c/en/language","/c/en/dardic","/c/en/dard"],"weight":0.2087699999999998,"degrees":[34,800,4160,16,26]},"num_concepts_raised":6878},{"base_id":710,"kind":"top_words","i1":1,"i2":9,"sol":{"path":["/c/en/baccara","/c/en/game","/c/en/child","/c/en/whelp"],"weight":0.20927999999999963,"degrees":[34,2308,2784,149]},"num_concepts_raised":27759},{"base_id":710,"kind":"top_words","i1":2,"i2":3,"sol":{"path":["/c/en/titty","/c/en/slang","/c/en/windjammer"],"weight":0.202,"degrees":[28,16318,29]},"num_concepts_raised":49},{"base_id":710,"kind":"top_words","i1":2,"i2":4,"sol":{"path":["/c/en/titty","/c/en/breast","/c/en/bomb","/c/en/india","/c/en/banjara"],"weight":0.20775999999999986,"degrees":[28,1223,798,1846,25]},"num_concepts_raised":22817},{"base_id":710,"kind":"top_words","i1":2,"i2":5,"sol":{"path":["/c/en/titty","/c/en/slang","/c/en/plant","/c/en/attalea"],"weight":0.20770999999999984,"degrees":[28,16318,7959,25]},"num_concepts_raised":27174},{"base_id":710,"kind":"top_words","i1":2,"i2":6,"sol":{"path":["/c/en/titty","/c/en/tit","/c/en/bird","/c/en/caracara"],"weight":0.2092599999999998,"degrees":[28,308,4970,61]},"num_concepts_raised":25105},{"base_id":710,"kind":"top_words","i1":2,"i2":7,"sol":{"path":["/c/en/titty","/c/fr/robert","/c/fr/religion","/c/en/kyrie"],"weight":0.2080599999999998,"degrees":[28,57,6634,58]},"num_concepts_raised":37112},{"base_id":710,"kind":"top_words","i1":2,"i2":8,"sol":{"path":["/c/en/titty","/c/en/slang","/c/en/language","/c/en/dardic","/c/en/dard"],"weight":0.20375999999999989,"degrees":[28,16318,4160,16,26]},"num_concepts_raised":21412},{"base_id":710,"kind":"top_words","i1":2,"i2":9,"sol":{"path":["/c/en/titty","/c/en/slang","/c/en/puppy","/c/en/whelp"],"weight":0.20488999999999974,"degrees":[28,16318,427,149]},"num_concepts_raised":40732},{"base_id":710,"kind":"top_words","i1":3,"i2":4,"sol":{"path":["/c/en/windjammer","/c/en/sailing_ship","/c/en/wind","/c/en/india","/c/en/banjara"],"weight":0.2077899999999998,"degrees":[29,175,2373,1846,25]},"num_concepts_raised":34632},{"base_id":710,"kind":"top_words","i1":3,"i2":5,"sol":{"path":["/c/en/windjammer","/c/en/slang","/c/en/plant","/c/en/attalea"],"weight":0.20768999999999982,"degrees":[29,16318,7959,25]},"num_concepts_raised":38984},{"base_id":710,"kind":"top_words","i1":3,"i2":6,"sol":{"path":["/c/en/windjammer","/c/en/slang","/c/en/bird","/c/en/caracara"],"weight":0.20816999999999977,"degrees":[29,16318,4970,61]},"num_concepts_raised":36941},{"base_id":710,"kind":"top_words","i1":3,"i2":7,"sol":{"path":["/c/en/windjammer","/c/en/wind_instrument","/c/fr/musique","/c/fr/kyrie","/c/en/kyrie"],"weight":0.21013999999999977,"degrees":[29,274,4406,24,58]},"num_concepts_raised":48778},{"base_id":710,"kind":"top_words","i1":3,"i2":8,"sol":{"path":["/c/en/windjammer","/c/en/slang","/c/en/language","/c/en/dardic","/c/en/dard"],"weight":0.20372999999999986,"degrees":[29,16318,4160,16,26]},"num_concepts_raised":33259},{"base_id":710,"kind":"top_words","i1":3,"i2":9,"sol":{"path":["/c/en/windjammer","/c/en/slang","/c/en/puppy","/c/en/whelp"],"weight":0.2048399999999997,"degrees":[29,16318,427,149]},"num_concepts_raised":52216},{"base_id":710,"kind":"top_words","i1":4,"i2":5,"sol":{"path":["/c/en/banjara","/c/en/india","/c/en/bamboo","/c/en/plant","/c/en/attalea"],"weight":0.2126799999999998,"degrees":[25,1846,564,7959,25]},"num_concepts_raised":10518},{"base_id":710,"kind":"top_words","i1":4,"i2":6,"sol":{"path":["/c/en/banjara","/c/en/ethnic_group","/c/en/central_america","/c/en/caracara"],"weight":0.21306999999999976,"degrees":[25,622,350,61]},"num_concepts_raised":8512},{"base_id":710,"kind":"top_words","i1":4,"i2":7,"sol":{"path":["/c/en/banjara","/c/en/community","/c/en/church","/c/en/christianity","/c/en/kyrie"],"weight":0.21317999999999976,"degrees":[25,873,1592,2627,58]},"num_concepts_raised":20608},{"base_id":710,"kind":"top_words","i1":4,"i2":8,"sol":{"path":["/c/en/banjara","/c/en/ethnic_group","/c/en/dard"],"weight":0.20400000000000001,"degrees":[25,622,26]},"num_concepts_raised":49},{"base_id":710,"kind":"top_words","i1":4,"i2":9,"sol":{"path":["/c/en/banjara","/c/en/india","/c/en/lion","/c/en/whelp"],"weight":0.20919999999999966,"degrees":[25,1846,928,149]},"num_concepts_raised":25712},{"base_id":710,"kind":"top_words","i1":5,"i2":6,"sol":{"path":["/c/en/attalea","/c/en/plant","/c/en/animal","/c/en/bird","/c/en/caracara"],"weight":0.21314999999999976,"degrees":[25,7959,3735,4970,61]},"num_concepts_raised":12901},{"base_id":710,"kind":"top_words","i1":5,"i2":7,"sol":{"path":["/c/en/attalea","/c/en/plant","/c/en/general","/c/en/christianity","/c/en/kyrie"],"weight":0.21315999999999974,"degrees":[25,7959,1132,2627,58]},"num_concepts_raised":25018},{"base_id":710,"kind":"top_words","i1":5,"i2":8,"sol":{"path":["/c/en/attalea","/c/en/plant","/c/en/costus","/c/en/kashmir","/c/en/dard"],"weight":0.20769999999999983,"degrees":[25,7959,29,171,26]},"num_concepts_raised":9083},{"base_id":710,"kind":"top_words","i1":5,"i2":9,"sol":{"path":["/c/en/attalea","/c/en/plant","/c/en/animal","/c/en/pup","/c/en/whelp"],"weight":0.21071999999999969,"degrees":[25,7959,3735,148,149]},"num_concepts_raised":30053},{"base_id":710,"kind":"top_words","i1":6,"i2":7,"sol":{"path":["/c/en/caracara","/c/en/bird","/c/en/columba","/c/en/christianity","/c/en/kyrie"],"weight":0.2136299999999997,"degrees":[61,4970,229,2627,58]},"num_concepts_raised":23031},{"base_id":710,"kind":"top_words","i1":6,"i2":8,"sol":{"path":["/c/en/caracara","/c/en/central_america","/c/en/ethnic_group","/c/en/dard"],"weight":0.2080599999999998,"degrees":[61,350,622,26]},"num_concepts_raised":7075},{"base_id":710,"kind":"top_words","i1":6,"i2":9,"sol":{"path":["/c/en/caracara","/c/en/bird","/c/en/mammal","/c/en/whelp"],"weight":0.20968999999999963,"degrees":[61,4970,2187,149]},"num_concepts_raised":28004},{"base_id":710,"kind":"top_words","i1":7,"i2":8,"sol":{"path":["/c/en/kyrie","/c/en/music","/c/en/language","/c/en/dardic","/c/en/dard"],"weight":0.20910999999999977,"degrees":[58,8822,4160,16,26]},"num_concepts_raised":19186},{"base_id":710,"kind":"top_words","i1":7,"i2":9,"sol":{"path":["/c/en/kyrie","/c/en/music","/c/en/wolf","/c/en/whelp"],"weight":0.20960999999999963,"degrees":[58,8822,834,149]},"num_concepts_raised":40050},{"base_id":710,"kind":"top_words","i1":8,"i2":9,"sol":{"path":["/c/en/dard","/c/en/shina","/c/en/people","/c/en/dog","/c/en/whelp"],"weight":0.20443999999999968,"degrees":[26,23,4475,2320,149]},"num_concepts_raised":24316}]]