[[{"base_id":863,"kind":"bot_words","i1":0,"i2":1,"sol":{"path":["/c/en/derogatory","/c/en/nancy","/c/en/city","/c/en/changchun"],"weight":0.24374999999999913,"degrees":[3326,41,3758,83]},"num_concepts_raised":97624},{"base_id":863,"kind":"bot_words","i1":0,"i2":2,"sol":{"path":["/c/en/derogatory","/c/en/pejorative","/c/en/junkie"],"weight":0.203,"degrees":[3326,3581,128]},"num_concepts_raised":3328},{"base_id":863,"kind":"bot_words","i1":0,"i2":3,"sol":{"path":["/c/en/derogatory","/c/en/trash","/c/en/humorous","/c/en/slapstick"],"weight":0.23827999999999921,"degrees":[3326,555,2269,82]},"num_concepts_raised":99581},{"base_id":863,"kind":"bot_words","i1":0,"i2":4,"sol":{"path":["/c/en/derogatory","/c/vi/y","/c/en/formal","/c/en/firstly"],"weight":0.23765999999999937,"degrees":[3326,11,2270,159]},"num_concepts_raised":97561},{"base_id":863,"kind":"bot_words","i1":0,"i2":5,"sol":{"path":["/c/en/derogatory","/c/en/christer","/c/en/evangelist"],"weight":0.202,"degrees":[3326,7,152]},"num_concepts_raised":3349},{"base_id":863,"kind":"bot_words","i1":0,"i2":6,"sol":{"path":["/c/en/derogatory","/c/en/red","/c/en/rabbit","/c/en/lapin"],"weight":0.2385599999999993,"degrees":[3326,1983,1102,31]},"num_concepts_raised":96859},{"base_id":863,"kind":"bot_words","i1":0,"i2":7,"sol":{"path":["/c/en/derogatory","/c/en/ginger","/c/en/given_name","/c/en/arne"],"weight":0.2411399999999993,"degrees":[3326,609,1247,27]},"num_concepts_raised":204071},{"base_id":863,"kind":"bot_words","i1":0,"i2":8,"sol":{"path":["/c/en/derogatory","/c/lt/ožys","/c/en/false","/c/en/treacherously"],"weight":0.23607999999999935,"degrees":[3326,27,970,43]},"num_concepts_raised":94928},{"base_id":863,"kind":"bot_words","i1":0,"i2":9,"sol":{"path":["/c/en/derogatory","/c/en/broken","/c/en/album","/c/en/albums"],"weight":0.2430299999999993,"degrees":[3326,684,778,26]},"num_concepts_raised":105598},{"base_id":863,"kind":"bot_words","i1":1,"i2":2,"sol":{"path":["/c/en/changchun","/c/en/china","/c/en/heroin","/c/en/junkie"],"weight":0.20986999999999972,"degrees":[83,1318,315,128]},"num_concepts_raised":25553},{"base_id":863,"kind":"bot_words","i1":1,"i2":3,"sol":{"path":["/c/en/changchun","/c/en/city","/c/en/movie","/c/en/comedy","/c/en/slapstick"],"weight":0.21216999999999964,"degrees":[83,3758,897,385,82]},"num_concepts_raised":11172},{"base_id":863,"kind":"bot_words","i1":1,"i2":4,"sol":{"path":["/c/en/changchun","/c/en/city","/c/en/place","/c/en/first","/c/en/firstly"],"weight":0.2143899999999998,"degrees":[83,3758,3314,1502,159]},"num_concepts_raised":8547},{"base_id":863,"kind":"bot_words","i1":1,"i2":5,"sol":{"path":["/c/en/changchun","/c/en/city","/c/en/church","/c/en/evangelist"],"weight":0.2119199999999995,"degrees":[83,3758,1592,152]},"num_concepts_raised":44995},{"base_id":863,"kind":"bot_words","i1":1,"i2":6,"sol":{"path":["/c/en/changchun","/c/en/city","/c/en/squirrel","/c/en/rabbit","/c/en/lapin"],"weight":0.21291999999999972,"degrees":[83,3758,1113,1102,31]},"num_concepts_raised":8145},{"base_id":863,"kind":"bot_words","i1":1,"i2":7,"sol":{"path":["/c/en/changchun","/c/en/city","/c/en/harbin","/c/fr/localités","/c/en/arne"],"weight":0.21552999999999972,"degrees":[83,3758,104,110113,27]},"num_concepts_raised":114986},{"base_id":863,"kind":"bot_words","i1":1,"i2":8,"sol":{"path":["/c/en/changchun","/c/en/city","/c/en/and","/c/en/false","/c/en/treacherously"],"weight":0.21060999999999974,"degrees":[83,3758,1127,970,43]},"num_concepts_raised":5711},{"base_id":863,"kind":"bot_words","i1":1,"i2":9,"sol":{"path":["/c/en/changchun","/c/en/city","/c/en/disco","/c/en/albums"],"weight":0.2154499999999997,"degrees":[83,3758,271,26]},"num_concepts_raised":17565},{"base_id":863,"kind":"bot_words","i1":2,"i2":3,"sol":{"path":["/c/en/junkie","/c/en/slang","/c/en/stick","/c/en/slapstick"],"weight":0.20483999999999977,"degrees":[128,16318,2046,82]},"num_concepts_raised":27591},{"base_id":863,"kind":"bot_words","i1":2,"i2":4,"sol":{"path":["/c/en/junkie","/c/en/slang","/c/en/formal","/c/en/firstly"],"weight":0.20599999999999993,"degrees":[128,16318,2270,159]},"num_concepts_raised":25489},{"base_id":863,"kind":"bot_words","i1":2,"i2":5,"sol":{"path":["/c/en/junkie","/c/en/drug_addict","/c/en/person","/c/en/evangelist"],"weight":0.20752999999999966,"degrees":[128,184,12935,152]},"num_concepts_raised":60938},{"base_id":863,"kind":"bot_words","i1":2,"i2":6,"sol":{"path":["/c/en/junkie","/c/en/slang","/c/en/fur","/c/en/lapin"],"weight":0.20443999999999984,"degrees":[128,16318,747,31]},"num_concepts_raised":24909},{"base_id":863,"kind":"bot_words","i1":2,"i2":7,"sol":{"path":["/c/en/junkie","/c/en/addict","/c/en/hook","/c/fr/localités","/c/en/arne"],"weight":0.21048999999999984,"degrees":[128,296,1172,110113,27]},"num_concepts_raised":131999},{"base_id":863,"kind":"bot_words","i1":2,"i2":8,"sol":{"path":["/c/en/junkie","/c/en/slang","/c/de/schlange","/c/en/treacherous","/c/en/treacherously"],"weight":0.20540999999999987,"degrees":[128,16318,141,235,43]},"num_concepts_raised":22663},{"base_id":863,"kind":"bot_words","i1":2,"i2":9,"sol":{"path":["/c/en/junkie","/c/en/slang","/c/en/book","/c/en/album","/c/en/albums"],"weight":0.21140999999999985,"degrees":[128,16318,3239,778,26]},"num_concepts_raised":34224},{"base_id":863,"kind":"bot_words","i1":3,"i2":4,"sol":{"path":["/c/en/slapstick","/c/en/comedy","/c/en/gold","/c/en/first","/c/en/firstly"],"weight":0.20830999999999988,"degrees":[82,385,1435,1502,159]},"num_concepts_raised":11070},{"base_id":863,"kind":"bot_words","i1":3,"i2":5,"sol":{"path":["/c/en/slapstick","/c/en/comedy","/c/en/television","/c/en/evangelist"],"weight":0.2059099999999996,"degrees":[82,385,1498,152]},"num_concepts_raised":47267},{"base_id":863,"kind":"bot_words","i1":3,"i2":6,"sol":{"path":["/c/en/slapstick","/c/en/clapper","/c/en/rabbit","/c/en/lapin"],"weight":0.20568999999999976,"degrees":[82,170,1102,31]},"num_concepts_raised":10645},{"base_id":863,"kind":"bot_words","i1":3,"i2":7,"sol":{"path":["/c/en/slapstick","/c/en/comedy","/c/en/art","/c/en/given_name","/c/en/arne"],"weight":0.20942999999999978,"degrees":[82,385,1987,1247,27]},"num_concepts_raised":117678},{"base_id":863,"kind":"bot_words","i1":3,"i2":8,"sol":{"path":["/c/en/slapstick","/c/en/comedy","/c/en/reveal","/c/la/prodo","/c/en/treacherously"],"weight":0.20449999999999982,"degrees":[82,385,651,175,43]},"num_concepts_raised":8233},{"base_id":863,"kind":"bot_words","i1":3,"i2":9,"sol":{"path":["/c/en/slapstick","/c/en/comedy","/c/en/entertainment","/c/en/album","/c/en/albums"],"weight":0.21153999999999978,"degrees":[82,385,797,778,26]},"num_concepts_raised":19975},{"base_id":863,"kind":"bot_words","i1":4,"i2":5,"sol":{"path":["/c/en/firstly","/c/en/first","/c/en/gospel","/c/en/evangelist"],"weight":0.20930999999999977,"degrees":[159,1502,451,152]},"num_concepts_raised":44859},{"base_id":863,"kind":"bot_words","i1":4,"i2":6,"sol":{"path":["/c/en/firstly","/c/en/formal","/c/en/rabbit","/c/en/lapin"],"weight":0.20686999999999994,"degrees":[159,2270,1102,31]},"num_concepts_raised":8036},{"base_id":863,"kind":"bot_words","i1":4,"i2":7,"sol":{"path":["/c/en/firstly","/c/en/first","/c/fr/premier","/c/fr/localités","/c/en/arne"],"weight":0.21199999999999997,"degrees":[159,1502,837,110113,27]},"num_concepts_raised":115057},{"base_id":863,"kind":"bot_words","i1":4,"i2":8,"sol":{"path":["/c/en/firstly","/c/en/first","/c/en/music","/c/en/false","/c/en/treacherously"],"weight":0.20673999999999998,"degrees":[159,1502,8822,970,43]},"num_concepts_raised":5606},{"base_id":863,"kind":"bot_words","i1":4,"i2":9,"sol":{"path":["/c/en/firstly","/c/en/first","/c/en/music","/c/en/albums"],"weight":0.21171999999999996,"degrees":[159,1502,8822,26]},"num_concepts_raised":17448},{"base_id":863,"kind":"bot_words","i1":5,"i2":6,"sol":{"path":["/c/en/evangelist","/c/en/person","/c/en/male","/c/en/lapin"],"weight":0.20435999999999965,"degrees":[152,12935,2222,31]},"num_concepts_raised":44440},{"base_id":863,"kind":"bot_words","i1":5,"i2":7,"sol":{"path":["/c/en/evangelist","/c/en/angel","/c/en/given_name","/c/en/arne"],"weight":0.20932999999999968,"degrees":[152,746,1247,27]},"num_concepts_raised":151449},{"base_id":863,"kind":"bot_words","i1":5,"i2":8,"sol":{"path":["/c/en/evangelist","/c/en/gospeler","/c/en/music","/c/en/false","/c/en/treacherously"],"weight":0.2063199999999997,"degrees":[152,14,8822,970,43]},"num_concepts_raised":42149},{"base_id":863,"kind":"bot_words","i1":5,"i2":9,"sol":{"path":["/c/en/evangelist","/c/en/gospeler","/c/en/music","/c/en/albums"],"weight":0.21128999999999967,"degrees":[152,14,8822,26]},"num_concepts_raised":53362},{"base_id":863,"kind":"bot_words","i1":6,"i2":7,"sol":{"path":["/c/en/lapin","/c/en/rabbit","/c/en/bunny","/c/fr/localités","/c/en/arne"],"weight":0.21028999999999987,"degrees":[31,1102,206,110113,27]},"num_concepts_raised":114605},{"base_id":863,"kind":"bot_words","i1":6,"i2":8,"sol":{"path":["/c/en/lapin","/c/en/rabbit","/c/fr/façon","/c/fr/traîtreusement","/c/en/treacherously"],"weight":0.20722999999999991,"degrees":[31,1102,733,12,43]},"num_concepts_raised":5202},{"base_id":863,"kind":"bot_words","i1":6,"i2":9,"sol":{"path":["/c/en/lapin","/c/en/rabbit","/c/en/record","/c/en/albums"],"weight":0.21014999999999986,"degrees":[31,1102,1856,26]},"num_concepts_raised":17071},{"base_id":863,"kind":"bot_words","i1":7,"i2":8,"sol":{"path":["/c/en/arne","/c/fr/localités","/c/fr/faux","/c/en/false","/c/en/treacherously"],"weight":0.2078799999999999,"degrees":[27,110113,556,970,43]},"num_concepts_raised":112210},{"base_id":863,"kind":"bot_words","i1":7,"i2":9,"sol":{"path":["/c/en/arne","/c/en/given_name","/c/en/ray","/c/en/album","/c/en/albums"],"weight":0.21483999999999986,"degrees":[27,1247,681,778,26]},"num_concepts_raised":124060},{"base_id":863,"kind":"bot_words","i1":8,"i2":9,"sol":{"path":["/c/en/treacherously","/c/en/false","/c/en/music","/c/en/albums"],"weight":0.20796999999999988,"degrees":[43,970,8822,26]},"num_concepts_raised":14660}],[{"base_id":863,"kind":"top_words","i1":0,"i2":1,"sol":{"path":["/c/en/crataegus","/c/en/hawthorn","/c/en/shrub","/c/en/vaccinium"],"weight":0.21064999999999967,"degrees":[81,174,1130,25]},"num_concepts_raised":16673},{"base_id":863,"kind":"top_words","i1":0,"i2":2,"sol":{"path":["/c/en/crataegus","/c/en/plant","/c/en/plantago"],"weight":0.20600000000000002,"degrees":[81,7959,70]},"num_concepts_raised":139},{"base_id":863,"kind":"top_words","i1":0,"i2":3,"sol":{"path":["/c/en/crataegus","/c/en/plant","/c/en/rubus"],"weight":0.20600000000000002,"degrees":[81,7959,80]},"num_concepts_raised":146},{"base_id":863,"kind":"top_words","i1":0,"i2":4,"sol":{"path":["/c/en/crataegus","/c/en/plant","/c/en/carex"],"weight":0.20600000000000002,"degrees":[81,7959,69]},"num_concepts_raised":136},{"base_id":863,"kind":"top_words","i1":0,"i2":5,"sol":{"path":["/c/en/crataegus","/c/en/plant","/c/en/juncus"],"weight":0.20700000000000002,"degrees":[81,7959,66]},"num_concepts_raised":133},{"base_id":863,"kind":"top_words","i1":0,"i2":6,"sol":{"path":["/c/en/crataegus","/c/en/plant","/c/en/capparis"],"weight":0.20600000000000002,"degrees":[81,7959,37]},"num_concepts_raised":106},{"base_id":863,"kind":"top_words","i1":0,"i2":7,"sol":{"path":["/c/en/crataegus","/c/en/plant","/c/en/atriplex"],"weight":0.20600000000000002,"degrees":[81,7959,59]},"num_concepts_raised":128},{"base_id":863,"kind":"top_words","i1":0,"i2":8,"sol":{"path":["/c/en/crataegus","/c/en/plant","/c/en/polygonum"],"weight":0.20700000000000002,"degrees":[81,7959,72]},"num_concepts_raised":137},{"base_id":863,"kind":"top_words","i1":0,"i2":9,"sol":{"path":["/c/en/crataegus","/c/fr/aubépine","/c/en/haw","/c/en/historical","/c/en/terminalia"],"weight":0.21568999999999972,"degrees":[81,165,114,8415,24]},"num_concepts_raised":20537},{"base_id":863,"kind":"top_words","i1":1,"i2":2,"sol":{"path":["/c/en/vaccinium","/c/en/botany","/c/en/plant","/c/en/plantago"],"weight":0.20826999999999973,"degrees":[25,6881,7959,70]},"num_concepts_raised":16652},{"base_id":863,"kind":"top_words","i1":1,"i2":3,"sol":{"path":["/c/en/vaccinium","/c/en/botany","/c/en/rubus"],"weight":0.20400000000000001,"degrees":[25,6881,80]},"num_concepts_raised":97},{"base_id":863,"kind":"top_words","i1":1,"i2":4,"sol":{"path":["/c/en/vaccinium","/c/en/genus","/c/en/carex"],"weight":0.20400000000000001,"degrees":[25,2240,69]},"num_concepts_raised":87},{"base_id":863,"kind":"top_words","i1":1,"i2":5,"sol":{"path":["/c/en/vaccinium","/c/en/botany","/c/en/juncus"],"weight":0.20400000000000001,"degrees":[25,6881,66]},"num_concepts_raised":83},{"base_id":863,"kind":"top_words","i1":1,"i2":6,"sol":{"path":["/c/en/vaccinium","/c/en/dilleniid_dicot_genus","/c/en/capparis"],"weight":0.20400000000000001,"degrees":[25,218,37]},"num_concepts_raised":57},{"base_id":863,"kind":"top_words","i1":1,"i2":7,"sol":{"path":["/c/en/vaccinium","/c/en/shrub","/c/en/plant","/c/en/atriplex"],"weight":0.20821999999999974,"degrees":[25,1130,7959,59]},"num_concepts_raised":16547},{"base_id":863,"kind":"top_words","i1":1,"i2":8,"sol":{"path":["/c/en/vaccinium","/c/en/botany","/c/en/polygonum"],"weight":0.20400000000000001,"degrees":[25,6881,72]},"num_concepts_raised":88},{"base_id":863,"kind":"top_words","i1":1,"i2":9,"sol":{"path":["/c/en/vaccinium","/c/en/botany","/c/en/stone","/c/en/terminus","/c/en/terminalia"],"weight":0.20967999999999984,"degrees":[25,6881,1934,152,24]},"num_concepts_raised":22337},{"base_id":863,"kind":"top_words","i1":2,"i2":3,"sol":{"path":["/c/en/plantago","/c/en/plant","/c/en/rubus"],"weight":0.20600000000000002,"degrees":[70,7959,80]},"num_concepts_raised":137},{"base_id":863,"kind":"top_words","i1":2,"i2":4,"sol":{"path":["/c/en/plantago","/c/en/plant","/c/en/carex"],"weight":0.20600000000000002,"degrees":[70,7959,69]},"num_concepts_raised":126},{"base_id":863,"kind":"top_words","i1":2,"i2":5,"sol":{"path":["/c/en/plantago","/c/en/plant","/c/en/juncus"],"weight":0.20700000000000002,"degrees":[70,7959,66]},"num_concepts_raised":123},{"base_id":863,"kind":"top_words","i1":2,"i2":6,"sol":{"path":["/c/en/plantago","/c/en/plant","/c/en/capparis"],"weight":0.20600000000000002,"degrees":[70,7959,37]},"num_concepts_raised":96},{"base_id":863,"kind":"top_words","i1":2,"i2":7,"sol":{"path":["/c/en/plantago","/c/en/plant","/c/en/atriplex"],"weight":0.20600000000000002,"degrees":[70,7959,59]},"num_concepts_raised":118},{"base_id":863,"kind":"top_words","i1":2,"i2":8,"sol":{"path":["/c/en/plantago","/c/en/plant","/c/en/polygonum"],"weight":0.20700000000000002,"degrees":[70,7959,72]},"num_concepts_raised":126},{"base_id":863,"kind":"top_words","i1":2,"i2":9,"sol":{"path":["/c/en/plantago","/c/en/plant","/c/en/term","/c/en/terminus","/c/en/terminalia"],"weight":0.21526999999999974,"degrees":[70,7959,1089,152,24]},"num_concepts_raised":20515},{"base_id":863,"kind":"top_words","i1":3,"i2":4,"sol":{"path":["/c/en/rubus","/c/en/plant","/c/en/carex"],"weight":0.20600000000000002,"degrees":[80,7959,69]},"num_concepts_raised":133},{"base_id":863,"kind":"top_words","i1":3,"i2":5,"sol":{"path":["/c/en/rubus","/c/en/plant","/c/en/juncus"],"weight":0.20700000000000002,"degrees":[80,7959,66]},"num_concepts_raised":129},{"base_id":863,"kind":"top_words","i1":3,"i2":6,"sol":{"path":["/c/en/rubus","/c/en/plant","/c/en/capparis"],"weight":0.20600000000000002,"degrees":[80,7959,37]},"num_concepts_raised":104},{"base_id":863,"kind":"top_words","i1":3,"i2":7,"sol":{"path":["/c/en/rubus","/c/en/plant","/c/en/atriplex"],"weight":0.20600000000000002,"degrees":[80,7959,59]},"num_concepts_raised":126},{"base_id":863,"kind":"top_words","i1":3,"i2":8,"sol":{"path":["/c/en/rubus","/c/en/plant","/c/en/polygonum"],"weight":0.20700000000000002,"degrees":[80,7959,72]},"num_concepts_raised":134},{"base_id":863,"kind":"top_words","i1":3,"i2":9,"sol":{"path":["/c/en/rubus","/c/en/raspberry","/c/en/fruit","/c/en/myrobalan","/c/en/terminalia"],"weight":0.21552999999999972,"degrees":[80,358,2192,30,24]},"num_concepts_raised":29287},{"base_id":863,"kind":"top_words","i1":4,"i2":5,"sol":{"path":["/c/en/carex","/c/en/plant","/c/en/juncus"],"weight":0.20700000000000002,"degrees":[69,7959,66]},"num_concepts_raised":118},{"base_id":863,"kind":"top_words","i1":4,"i2":6,"sol":{"path":["/c/en/carex","/c/en/plant","/c/en/capparis"],"weight":0.20600000000000002,"degrees":[69,7959,37]},"num_concepts_raised":93},{"base_id":863,"kind":"top_words","i1":4,"i2":7,"sol":{"path":["/c/en/carex","/c/en/plant","/c/en/atriplex"],"weight":0.20600000000000002,"degrees":[69,7959,59]},"num_concepts_raised":115},{"base_id":863,"kind":"top_words","i1":4,"i2":8,"sol":{"path":["/c/en/carex","/c/en/plant","/c/en/polygonum"],"weight":0.20700000000000002,"degrees":[69,7959,72]},"num_concepts_raised":124},{"base_id":863,"kind":"top_words","i1":4,"i2":9,"sol":{"path":["/c/en/carex","/c/en/plant","/c/en/term","/c/en/terminus","/c/en/terminalia"],"weight":0.21525999999999978,"degrees":[69,7959,1089,152,24]},"num_concepts_raised":22078},{"base_id":863,"kind":"top_words","i1":5,"i2":6,"sol":{"path":["/c/en/juncus","/c/en/plant","/c/en/capparis"],"weight":0.20700000000000002,"degrees":[66,7959,37]},"num_concepts_raised":90},{"base_id":863,"kind":"top_words","i1":5,"i2":7,"sol":{"path":["/c/en/juncus","/c/en/plant","/c/en/atriplex"],"weight":0.20700000000000002,"degrees":[66,7959,59]},"num_concepts_raised":112},{"base_id":863,"kind":"top_words","i1":5,"i2":8,"sol":{"path":["/c/en/juncus","/c/en/plant","/c/en/polygonum"],"weight":0.20800000000000002,"degrees":[66,7959,72]},"num_concepts_raised":120},{"base_id":863,"kind":"top_words","i1":5,"i2":9,"sol":{"path":["/c/en/juncus","/c/en/plant","/c/en/term","/c/en/terminus","/c/en/terminalia"],"weight":0.21738999999999978,"degrees":[66,7959,1089,152,24]},"num_concepts_raised":28729},{"base_id":863,"kind":"top_words","i1":6,"i2":7,"sol":{"path":["/c/en/capparis","/c/en/plant","/c/en/atriplex"],"weight":0.20600000000000002,"degrees":[37,7959,59]},"num_concepts_raised":85},{"base_id":863,"kind":"top_words","i1":6,"i2":8,"sol":{"path":["/c/en/capparis","/c/en/plant","/c/en/polygonum"],"weight":0.20700000000000002,"degrees":[37,7959,72]},"num_concepts_raised":94},{"base_id":863,"kind":"top_words","i1":6,"i2":9,"sol":{"path":["/c/en/capparis","/c/en/plant","/c/en/term","/c/en/terminus","/c/en/terminalia"],"weight":0.21489999999999984,"degrees":[37,7959,1089,152,24]},"num_concepts_raised":20266},{"base_id":863,"kind":"top_words","i1":7,"i2":8,"sol":{"path":["/c/en/atriplex","/c/en/plant","/c/en/polygonum"],"weight":0.20700000000000002,"degrees":[59,7959,72]},"num_concepts_raised":116},{"base_id":863,"kind":"top_words","i1":7,"i2":9,"sol":{"path":["/c/en/atriplex","/c/en/plant","/c/en/term","/c/en/terminus","/c/en/terminalia"],"weight":0.2152099999999998,"degrees":[59,7959,1089,152,24]},"num_concepts_raised":20399},{"base_id":863,"kind":"top_words","i1":8,"i2":9,"sol":{"path":["/c/en/polygonum","/c/en/plant","/c/en/term","/c/en/terminus","/c/en/terminalia"],"weight":0.21744999999999978,"degrees":[72,7959,1089,152,24]},"num_concepts_raised":27247}]]