[[{"base_id":51,"kind":"bot_words","i1":0,"i2":1,"sol":{"path":["/c/en/inbetweeners","/c/en/television_show","/c/en/identity","/c/en/name","/c/en/designation"],"weight":0.20978999999999948,"degrees":[26,287,584,2629,169]},"num_concepts_raised":24519},{"base_id":51,"kind":"bot_words","i1":0,"i2":2,"sol":{"path":["/c/en/inbetweeners","/c/en/television_show","/c/en/news","/c/en/herald","/c/en/prophesy"],"weight":0.20953999999999967,"degrees":[26,287,1317,277,176]},"num_concepts_raised":13808},{"base_id":51,"kind":"bot_words","i1":0,"i2":3,"sol":{"path":["/c/en/inbetweeners","/c/en/sitcom","/c/fr/audiovisuel","/c/en/microphone","/c/en/mic"],"weight":0.20922999999999986,"degrees":[26,146,355,372,36]},"num_concepts_raised":4255},{"base_id":51,"kind":"bot_words","i1":0,"i2":4,"sol":{"path":["/c/en/inbetweeners","/c/en/television_show","/c/en/wire","/c/en/spoke","/c/en/spake"],"weight":0.20862999999999987,"degrees":[26,287,893,230,23]},"num_concepts_raised":3990},{"base_id":51,"kind":"bot_words","i1":0,"i2":5,"sol":{"path":["/c/en/inbetweeners","/c/en/television_show","/c/en/emma","/c/en/given_name","/c/en/kate"],"weight":0.21941999999999984,"degrees":[26,287,131,1247,68]},"num_concepts_raised":10304},{"base_id":51,"kind":"bot_words","i1":0,"i2":6,"sol":{"path":["/c/en/inbetweeners","/c/en/television_show","/c/en/news","/c/en/spread","/c/en/smear"],"weight":0.214029999999999,"degrees":[26,287,1317,1574,454]},"num_concepts_raised":45862},{"base_id":51,"kind":"bot_words","i1":0,"i2":7,"sol":{"path":["/c/en/inbetweeners","/c/en/television_show","/c/en/matrix","/c/en/connective_tissue","/c/en/myxoma"],"weight":0.2131899999999999,"degrees":[26,287,526,250,56]},"num_concepts_raised":4751},{"base_id":51,"kind":"bot_words","i1":0,"i2":8,"sol":{"path":["/c/en/inbetweeners","/c/en/television_show","/c/en/cube","/c/en/polyhedron","/c/en/octahedron"],"weight":0.21661999999999987,"degrees":[26,287,494,289,144]},"num_concepts_raised":8069},{"base_id":51,"kind":"bot_words","i1":0,"i2":9,"sol":{"path":["/c/en/inbetweeners","/c/en/inbetweener","/c/fr/image","/c/fr/relations_publiques","/c/en/pr"],"weight":0.2078799999999998,"degrees":[26,14,612,23,47]},"num_concepts_raised":39623},{"base_id":51,"kind":"bot_words","i1":1,"i2":2,"sol":{"path":["/c/en/designation","/c/en/king","/c/en/bible","/c/en/prophesy"],"weight":0.20607999999999935,"degrees":[169,1642,852,176]},"num_concepts_raised":37001},{"base_id":51,"kind":"bot_words","i1":1,"i2":3,"sol":{"path":["/c/en/designation","/c/en/name","/c/fr/mettre","/c/en/mic"],"weight":0.20505999999999955,"degrees":[169,2629,2152,36]},"num_concepts_raised":27796},{"base_id":51,"kind":"bot_words","i1":1,"i2":4,"sol":{"path":["/c/en/designation","/c/en/line","/c/en/spoke","/c/en/spake"],"weight":0.20519999999999955,"degrees":[169,3018,230,23]},"num_concepts_raised":27493},{"base_id":51,"kind":"bot_words","i1":1,"i2":5,"sol":{"path":["/c/en/designation","/c/en/name","/c/en/given_name","/c/en/kate"],"weight":0.21659999999999954,"degrees":[169,2629,1247,68]},"num_concepts_raised":33381},{"base_id":51,"kind":"bot_words","i1":1,"i2":6,"sol":{"path":["/c/en/designation","/c/en/name","/c/en/smear"],"weight":0.202,"degrees":[169,2629,454]},"num_concepts_raised":538},{"base_id":51,"kind":"bot_words","i1":1,"i2":7,"sol":{"path":["/c/en/designation","/c/en/indication","/c/en/disease","/c/en/myxoma"],"weight":0.2098099999999996,"degrees":[169,339,4216,56]},"num_concepts_raised":28301},{"base_id":51,"kind":"bot_words","i1":1,"i2":8,"sol":{"path":["/c/en/designation","/c/en/line","/c/en/geometry","/c/en/octahedron"],"weight":0.21126999999999957,"degrees":[169,3018,2822,144]},"num_concepts_raised":31251},{"base_id":51,"kind":"bot_words","i1":1,"i2":9,"sol":{"path":["/c/en/designation","/c/en/name","/c/en/computing","/c/en/pr"],"weight":0.20501999999999945,"degrees":[169,2629,9084,47]},"num_concepts_raised":62041},{"base_id":51,"kind":"bot_words","i1":2,"i2":3,"sol":{"path":["/c/en/prophesy","/c/en/prophet","/c/en/micah","/c/en/mic"],"weight":0.20494999999999974,"degrees":[176,526,78,36]},"num_concepts_raised":17047},{"base_id":51,"kind":"bot_words","i1":2,"i2":4,"sol":{"path":["/c/en/prophesy","/c/en/speak","/c/en/spake"],"weight":0.203,"degrees":[176,1441,23]},"num_concepts_raised":162},{"base_id":51,"kind":"bot_words","i1":2,"i2":5,"sol":{"path":["/c/en/prophesy","/c/en/divine","/c/en/angel","/c/en/given_name","/c/en/kate"],"weight":0.2166499999999997,"degrees":[176,718,746,1247,68]},"num_concepts_raised":23125},{"base_id":51,"kind":"bot_words","i1":2,"i2":6,"sol":{"path":["/c/en/prophesy","/c/en/predict","/c/en/make","/c/en/smear"],"weight":0.2113699999999989,"degrees":[176,446,3395,454]},"num_concepts_raised":58287},{"base_id":51,"kind":"bot_words","i1":2,"i2":7,"sol":{"path":["/c/en/prophesy","/c/en/predict","/c/en/power","/c/en/disease","/c/en/myxoma"],"weight":0.21186999999999978,"degrees":[176,446,2205,4216,56]},"num_concepts_raised":17645},{"base_id":51,"kind":"bot_words","i1":2,"i2":8,"sol":{"path":["/c/en/prophesy","/c/en/see","/c/en/face","/c/en/octahedron"],"weight":0.21140999999999974,"degrees":[176,3501,2479,144]},"num_concepts_raised":20889},{"base_id":51,"kind":"bot_words","i1":2,"i2":9,"sol":{"path":["/c/en/prophesy","/c/en/write","/c/en/computing","/c/en/pr"],"weight":0.20469999999999963,"degrees":[176,1447,9084,47]},"num_concepts_raised":52312},{"base_id":51,"kind":"bot_words","i1":3,"i2":4,"sol":{"path":["/c/en/mic","/c/en/microphone","/c/en/speaker","/c/en/speak","/c/en/spake"],"weight":0.20526999999999992,"degrees":[36,372,691,1441,23]},"num_concepts_raised":7336},{"base_id":51,"kind":"bot_words","i1":3,"i2":5,"sol":{"path":["/c/en/mic","/c/fr/mettre","/c/fi/kattaa","/c/en/kate"],"weight":0.21262999999999993,"degrees":[36,2152,34,68]},"num_concepts_raised":13651},{"base_id":51,"kind":"bot_words","i1":3,"i2":6,"sol":{"path":["/c/en/mic","/c/fr/mettre","/c/fr/étaler","/c/en/smear"],"weight":0.20910999999999907,"degrees":[36,2152,260,454]},"num_concepts_raised":48987},{"base_id":51,"kind":"bot_words","i1":3,"i2":7,"sol":{"path":["/c/en/mic","/c/fr/mettre","/c/en/quarantine","/c/en/disease","/c/en/myxoma"],"weight":0.20849999999999996,"degrees":[36,2152,230,4216,56]},"num_concepts_raised":8116},{"base_id":51,"kind":"bot_words","i1":3,"i2":8,"sol":{"path":["/c/en/mic","/c/fr/mettre","/c/en/corner","/c/en/geometry","/c/en/octahedron"],"weight":0.20999999999999996,"degrees":[36,2152,963,2822,144]},"num_concepts_raised":11433},{"base_id":51,"kind":"bot_words","i1":3,"i2":9,"sol":{"path":["/c/en/mic","/c/en/mike","/c/en/mickey","/c/en/computing","/c/en/pr"],"weight":0.20829999999999985,"degrees":[36,80,60,9084,47]},"num_concepts_raised":42930},{"base_id":51,"kind":"bot_words","i1":4,"i2":5,"sol":{"path":["/c/en/spake","/c/en/tame","/c/en/dialect","/c/en/kate"],"weight":0.21234999999999993,"degrees":[23,432,2378,68]},"num_concepts_raised":13354},{"base_id":51,"kind":"bot_words","i1":4,"i2":6,"sol":{"path":["/c/en/spake","/c/en/quiet","/c/en/music","/c/en/smear"],"weight":0.2076299999999991,"degrees":[23,1147,8822,454]},"num_concepts_raised":48749},{"base_id":51,"kind":"bot_words","i1":4,"i2":7,"sol":{"path":["/c/en/spake","/c/en/speak","/c/en/communicate","/c/en/disease","/c/en/myxoma"],"weight":0.20923999999999998,"degrees":[23,1441,632,4216,56]},"num_concepts_raised":7847},{"base_id":51,"kind":"bot_words","i1":4,"i2":8,"sol":{"path":["/c/en/spake","/c/en/spoke","/c/fr/rayon","/c/en/geometry","/c/en/octahedron"],"weight":0.21074999999999994,"degrees":[23,230,381,2822,144]},"num_concepts_raised":11120},{"base_id":51,"kind":"bot_words","i1":4,"i2":9,"sol":{"path":["/c/en/spake","/c/en/prompt","/c/en/computing","/c/en/pr"],"weight":0.20279999999999987,"degrees":[23,392,9084,47]},"num_concepts_raised":42648},{"base_id":51,"kind":"bot_words","i1":5,"i2":6,"sol":{"path":["/c/en/kate","/c/en/given_name","/c/en/name","/c/en/smear"],"weight":0.21936999999999907,"degrees":[68,1247,2629,454]},"num_concepts_raised":54669},{"base_id":51,"kind":"bot_words","i1":5,"i2":7,"sol":{"path":["/c/en/kate","/c/en/given_name","/c/en/mort","/c/en/disease","/c/en/myxoma"],"weight":0.22002999999999995,"degrees":[68,1247,93,4216,56]},"num_concepts_raised":14145},{"base_id":51,"kind":"bot_words","i1":5,"i2":8,"sol":{"path":["/c/en/kate","/c/en/dialect","/c/en/regular","/c/en/octahedron"],"weight":0.21915999999999994,"degrees":[68,2378,736,144]},"num_concepts_raised":17395},{"base_id":51,"kind":"bot_words","i1":5,"i2":9,"sol":{"path":["/c/en/kate","/c/en/software","/c/en/pro","/c/en/pr"],"weight":0.21257999999999982,"degrees":[68,1812,258,47]},"num_concepts_raised":48227},{"base_id":51,"kind":"bot_words","i1":6,"i2":7,"sol":{"path":["/c/en/smear","/c/en/medicine","/c/en/disease","/c/en/myxoma"],"weight":0.21325999999999912,"degrees":[454,11938,4216,56]},"num_concepts_raised":49073},{"base_id":51,"kind":"bot_words","i1":6,"i2":8,"sol":{"path":["/c/en/smear","/c/en/spread","/c/en/geometry","/c/en/octahedron"],"weight":0.21609999999999907,"degrees":[454,1574,2822,144]},"num_concepts_raised":52587},{"base_id":51,"kind":"bot_words","i1":6,"i2":9,"sol":{"path":["/c/en/smear","/c/en/medicine","/c/en/pr"],"weight":0.202,"degrees":[454,11938,47]},"num_concepts_raised":428},{"base_id":51,"kind":"bot_words","i1":7,"i2":8,"sol":{"path":["/c/en/myxoma","/c/en/disease","/c/en/body","/c/en/geometry","/c/en/octahedron"],"weight":0.21527999999999997,"degrees":[56,4216,3170,2822,144]},"num_concepts_raised":11914},{"base_id":51,"kind":"bot_words","i1":7,"i2":9,"sol":{"path":["/c/en/myxoma","/c/en/disease","/c/en/medicine","/c/en/pr"],"weight":0.2084899999999999,"degrees":[56,4216,11938,47]},"num_concepts_raised":42908},{"base_id":51,"kind":"bot_words","i1":8,"i2":9,"sol":{"path":["/c/en/octahedron","/c/en/face","/c/en/computing","/c/en/pr"],"weight":0.20970999999999984,"degrees":[144,2479,9084,47]},"num_concepts_raised":46433}],[{"base_id":51,"kind":"top_words","i1":0,"i2":1,"sol":{"path":["/c/en/downwind","/c/en/direction","/c/en/back","/c/en/retrace"],"weight":0.20353999999999983,"degrees":[47,1258,2238,60]},"num_concepts_raised":12466},{"base_id":51,"kind":"top_words","i1":0,"i2":2,"sol":{"path":["/c/en/downwind","/c/en/wind","/c/en/movement","/c/en/bumpy"],"weight":0.20913999999999966,"degrees":[47,2373,1567,111]},"num_concepts_raised":14268},{"base_id":51,"kind":"top_words","i1":0,"i2":3,"sol":{"path":["/c/en/downwind","/c/en/direction","/c/en/indirect","/c/en/circuitous"],"weight":0.2047699999999998,"degrees":[47,1258,215,62]},"num_concepts_raised":8608},{"base_id":51,"kind":"top_words","i1":0,"i2":4,"sol":{"path":["/c/en/downwind","/c/en/upwind"],"weight":0.20400000000000001,"degrees":[47,29]},"num_concepts_raised":57},{"base_id":51,"kind":"top_words","i1":0,"i2":5,"sol":{"path":["/c/en/downwind","/c/en/windward","/c/en/trip","/c/en/journey"],"weight":0.22673999999999905,"degrees":[47,131,889,671]},"num_concepts_raised":42048},{"base_id":51,"kind":"top_words","i1":0,"i2":6,"sol":{"path":["/c/en/downwind","/c/en/wind","/c/en/force","/c/en/depopulate"],"weight":0.20366999999999993,"degrees":[47,2373,1979,68]},"num_concepts_raised":14755},{"base_id":51,"kind":"top_words","i1":0,"i2":7,"sol":{"path":["/c/en/downwind","/c/en/direction","/c/en/indirect","/c/en/tortuous"],"weight":0.20466999999999974,"degrees":[47,1258,215,76]},"num_concepts_raised":9132},{"base_id":51,"kind":"top_words","i1":0,"i2":8,"sol":{"path":["/c/en/downwind","/c/en/smell","/c/en/flower","/c/en/wildflower"],"weight":0.20412999999999948,"degrees":[47,1332,2500,125]},"num_concepts_raised":9381},{"base_id":51,"kind":"top_words","i1":0,"i2":9,"sol":{"path":["/c/en/downwind","/c/en/wind","/c/en/scud","/c/en/naked","/c/en/unassisted"],"weight":0.2042199999999999,"degrees":[47,2373,101,689,31]},"num_concepts_raised":5546},{"base_id":51,"kind":"top_words","i1":1,"i2":2,"sol":{"path":["/c/en/retrace","/c/en/horizontal","/c/en/level","/c/en/bumpy"],"weight":0.20923999999999965,"degrees":[60,539,1606,111]},"num_concepts_raised":18054},{"base_id":51,"kind":"top_words","i1":1,"i2":3,"sol":{"path":["/c/en/retrace","/c/en/semiloop","/c/en/route","/c/en/circuitous"],"weight":0.20346999999999982,"degrees":[60,8,587,62]},"num_concepts_raised":12499},{"base_id":51,"kind":"top_words","i1":1,"i2":4,"sol":{"path":["/c/en/retrace","/c/en/back","/c/en/wind","/c/en/upwind"],"weight":0.20428999999999986,"degrees":[60,2238,2373,29]},"num_concepts_raised":14803},{"base_id":51,"kind":"top_words","i1":1,"i2":5,"sol":{"path":["/c/en/retrace","/c/en/over","/c/en/trip","/c/en/journey"],"weight":0.22554999999999906,"degrees":[60,1167,889,671]},"num_concepts_raised":45708},{"base_id":51,"kind":"top_words","i1":1,"i2":6,"sol":{"path":["/c/en/retrace","/c/en/over","/c/en/war","/c/en/depopulate"],"weight":0.20362999999999992,"degrees":[60,1167,1823,68]},"num_concepts_raised":18671},{"base_id":51,"kind":"top_words","i1":1,"i2":7,"sol":{"path":["/c/en/retrace","/c/en/back","/c/en/turn","/c/en/tortuous"],"weight":0.20366999999999974,"degrees":[60,2238,2413,76]},"num_concepts_raised":13077},{"base_id":51,"kind":"top_words","i1":1,"i2":8,"sol":{"path":["/c/en/retrace","/c/en/beam","/c/en/sunray","/c/en/wildflower"],"weight":0.2039999999999995,"degrees":[60,1036,56,125]},"num_concepts_raised":13282},{"base_id":51,"kind":"top_words","i1":1,"i2":9,"sol":{"path":["/c/en/retrace","/c/en/back","/c/en/support","/c/en/assistance","/c/en/unassisted"],"weight":0.2042599999999999,"degrees":[60,2238,2237,461,31]},"num_concepts_raised":9452},{"base_id":51,"kind":"top_words","i1":2,"i2":3,"sol":{"path":["/c/en/bumpy","/c/en/even","/c/en/direct","/c/en/circuitous"],"weight":0.20929999999999963,"degrees":[111,1020,1032,62]},"num_concepts_raised":14267},{"base_id":51,"kind":"top_words","i1":2,"i2":4,"sol":{"path":["/c/en/bumpy","/c/en/movement","/c/en/wind","/c/en/upwind"],"weight":0.2098899999999997,"degrees":[111,1567,2373,29]},"num_concepts_raised":16591},{"base_id":51,"kind":"top_words","i1":2,"i2":5,"sol":{"path":["/c/en/bumpy","/c/en/video_game","/c/en/journey"],"weight":0.20600000000000002,"degrees":[111,754,671]},"num_concepts_raised":613},{"base_id":51,"kind":"top_words","i1":2,"i2":6,"sol":{"path":["/c/en/bumpy","/c/en/irregular","/c/en/force","/c/en/depopulate"],"weight":0.20931999999999978,"degrees":[111,433,1979,68]},"num_concepts_raised":20380},{"base_id":51,"kind":"top_words","i1":2,"i2":7,"sol":{"path":["/c/en/bumpy","/c/hy/խորդուբորդ","/c/en/convoluted","/c/en/tortuous"],"weight":0.20928999999999953,"degrees":[111,9,81,76]},"num_concepts_raised":14884},{"base_id":51,"kind":"top_words","i1":2,"i2":8,"sol":{"path":["/c/en/bumpy","/c/en/rough","/c/ja/荒い","/c/en/wild","/c/en/wildflower"],"weight":0.2152199999999993,"degrees":[111,1077,39,1146,125]},"num_concepts_raised":15045},{"base_id":51,"kind":"top_words","i1":2,"i2":9,"sol":{"path":["/c/en/bumpy","/c/en/rough","/c/en/raw","/c/en/naked","/c/en/unassisted"],"weight":0.21420999999999973,"degrees":[111,1077,515,689,31]},"num_concepts_raised":11264},{"base_id":51,"kind":"top_words","i1":3,"i2":4,"sol":{"path":["/c/en/circuitous","/c/en/indirect","/c/en/direction","/c/en/upwind"],"weight":0.20445999999999986,"degrees":[62,215,1258,29]},"num_concepts_raised":10972},{"base_id":51,"kind":"top_words","i1":3,"i2":5,"sol":{"path":["/c/en/circuitous","/c/en/circuit","/c/en/trip","/c/en/journey"],"weight":0.22586999999999902,"degrees":[62,522,889,671]},"num_concepts_raised":41877},{"base_id":51,"kind":"top_words","i1":3,"i2":6,"sol":{"path":["/c/en/circuitous","/c/en/circuit","/c/en/population","/c/en/depopulate"],"weight":0.2037699999999999,"degrees":[62,522,846,68]},"num_concepts_raised":14804},{"base_id":51,"kind":"top_words","i1":3,"i2":7,"sol":{"path":["/c/en/circuitous","/c/en/indirect","/c/en/tortuous"],"weight":0.20400000000000001,"degrees":[62,215,76]},"num_concepts_raised":114},{"base_id":51,"kind":"top_words","i1":3,"i2":8,"sol":{"path":["/c/en/circuitous","/c/en/roundabout","/c/en/apparatus","/c/en/flower","/c/en/wildflower"],"weight":0.20659999999999948,"degrees":[62,259,482,2500,125]},"num_concepts_raised":9422},{"base_id":51,"kind":"top_words","i1":3,"i2":9,"sol":{"path":["/c/en/circuitous","/c/en/direct","/c/en/dress","/c/en/naked","/c/en/unassisted"],"weight":0.20429999999999987,"degrees":[62,1032,1674,689,31]},"num_concepts_raised":5577},{"base_id":51,"kind":"top_words","i1":4,"i2":5,"sol":{"path":["/c/en/upwind","/c/en/windward","/c/en/trip","/c/en/journey"],"weight":0.2273399999999991,"degrees":[29,131,889,671]},"num_concepts_raised":44222},{"base_id":51,"kind":"top_words","i1":4,"i2":6,"sol":{"path":["/c/en/upwind","/c/en/wind","/c/en/force","/c/en/depopulate"],"weight":0.20441999999999996,"degrees":[29,2373,1979,68]},"num_concepts_raised":17112},{"base_id":51,"kind":"top_words","i1":4,"i2":7,"sol":{"path":["/c/en/upwind","/c/en/wind","/c/en/turn","/c/en/tortuous"],"weight":0.20447999999999977,"degrees":[29,2373,2413,76]},"num_concepts_raised":11485},{"base_id":51,"kind":"top_words","i1":4,"i2":8,"sol":{"path":["/c/en/upwind","/c/en/wind","/c/en/field","/c/en/wild","/c/en/wildflower"],"weight":0.20598999999999953,"degrees":[29,2373,2150,1146,125]},"num_concepts_raised":11774},{"base_id":51,"kind":"top_words","i1":4,"i2":9,"sol":{"path":["/c/en/upwind","/c/en/wind","/c/en/wear","/c/en/naked","/c/en/unassisted"],"weight":0.20498999999999995,"degrees":[29,2373,1149,689,31]},"num_concepts_raised":7917},{"base_id":51,"kind":"top_words","i1":5,"i2":6,"sol":{"path":["/c/en/journey","/c/en/drive","/c/en/force","/c/en/depopulate"],"weight":0.21896999999999925,"degrees":[671,2162,1979,68]},"num_concepts_raised":48066},{"base_id":51,"kind":"top_words","i1":5,"i2":7,"sol":{"path":["/c/en/journey","/c/en/travel","/c/en/turn","/c/en/tortuous"],"weight":0.22420999999999897,"degrees":[671,1689,2413,76]},"num_concepts_raised":42651},{"base_id":51,"kind":"top_words","i1":5,"i2":8,"sol":{"path":["/c/en/journey","/c/en/gang","/c/en/wild","/c/en/wildflower"],"weight":0.21811999999999881,"degrees":[671,680,1146,125]},"num_concepts_raised":43115},{"base_id":51,"kind":"top_words","i1":5,"i2":9,"sol":{"path":["/c/en/journey","/c/en/discrete","/c/fi/itsenäinen","/c/en/unassisted"],"weight":0.21605999999999925,"degrees":[671,215,24,31]},"num_concepts_raised":39354},{"base_id":51,"kind":"top_words","i1":6,"i2":7,"sol":{"path":["/c/en/depopulate","/c/en/region","/c/en/zodiac","/c/en/tortuous"],"weight":0.20381999999999983,"degrees":[68,1382,454,76]},"num_concepts_raised":15401},{"base_id":51,"kind":"top_words","i1":6,"i2":8,"sol":{"path":["/c/en/depopulate","/c/en/desolate","/c/de/wild","/c/en/wild","/c/en/wildflower"],"weight":0.20637999999999962,"degrees":[68,361,286,1146,125]},"num_concepts_raised":15531},{"base_id":51,"kind":"top_words","i1":6,"i2":9,"sol":{"path":["/c/en/depopulate","/c/en/desolate","/c/fi/paljas","/c/en/unaided","/c/en/unassisted"],"weight":0.20545000000000002,"degrees":[68,361,53,39,31]},"num_concepts_raised":11713},{"base_id":51,"kind":"top_words","i1":7,"i2":8,"sol":{"path":["/c/en/tortuous","/c/en/knotty","/c/en/tangled","/c/en/wild","/c/en/wildflower"],"weight":0.2053299999999994,"degrees":[76,106,161,1146,125]},"num_concepts_raised":10024},{"base_id":51,"kind":"top_words","i1":7,"i2":9,"sol":{"path":["/c/en/tortuous","/c/en/astrology","/c/en/cast","/c/en/assistance","/c/en/unassisted"],"weight":0.20435999999999982,"degrees":[76,921,1163,461,31]},"num_concepts_raised":6177},{"base_id":51,"kind":"top_words","i1":8,"i2":9,"sol":{"path":["/c/en/wildflower","/c/en/wild","/c/en/club","/c/en/naked","/c/en/unassisted"],"weight":0.20587999999999956,"degrees":[125,1146,1128,689,31]},"num_concepts_raised":6264}]]