[[{"base_id":371,"kind":"bot_words","i1":0,"i2":1,"sol":{"path":["/c/en/soberly","/c/en/sober","/c/en/milk","/c/en/mammal","/c/en/lutra"],"weight":0.2080499999999998,"degrees":[29,245,1939,2187,52]},"num_concepts_raised":3404},{"base_id":371,"kind":"bot_words","i1":0,"i2":2,"sol":{"path":["/c/en/soberly","/c/fr/sérieusement","/c/fr/application","/c/fr/mathématiques","/c/en/billion"],"weight":0.20841999999999988,"degrees":[29,93,340,2720,322]},"num_concepts_raised":23563},{"base_id":371,"kind":"bot_words","i1":0,"i2":3,"sol":{"path":["/c/en/soberly","/c/la/sane","/c/en/right","/c/en/british","/c/en/premiership"],"weight":0.20277999999999988,"degrees":[29,23,2319,3452,35]},"num_concepts_raised":8318},{"base_id":371,"kind":"bot_words","i1":0,"i2":4,"sol":{"path":["/c/en/soberly","/c/fr/gravement","/c/fr/outrer","/c/fr/cheval","/c/en/horse","/c/en/epona"],"weight":0.21355089999999954,"degrees":[29,59,95,1566,3068,49]},"num_concepts_raised":470196},{"base_id":371,"kind":"bot_words","i1":0,"i2":5,"sol":{"path":["/c/en/soberly","/c/la/sane","/c/en/very","/c/en/book","/c/en/golem"],"weight":0.2128999999999999,"degrees":[29,23,1529,3239,97]},"num_concepts_raised":6595},{"base_id":371,"kind":"bot_words","i1":0,"i2":6,"sol":{"path":["/c/en/soberly","/c/en/meaningfully","/c/en/significant","/c/en/sign","/c/en/posted"],"weight":0.20386999999999986,"degrees":[29,30,435,2004,30]},"num_concepts_raised":7416},{"base_id":371,"kind":"bot_words","i1":0,"i2":7,"sol":{"path":["/c/en/soberly","/c/en/seriously","/c/en/really","/c/en/winter","/c/en/ullr"],"weight":0.20831999999999987,"degrees":[29,194,762,1060,58]},"num_concepts_raised":3283},{"base_id":371,"kind":"bot_words","i1":0,"i2":8,"sol":{"path":["/c/en/soberly","/c/fr/sérieusement","/c/en/in_earnest","/c/en/determination","/c/en/doggedness"],"weight":0.20454999999999976,"degrees":[29,93,54,344,83]},"num_concepts_raised":2095},{"base_id":371,"kind":"bot_words","i1":0,"i2":9,"sol":{"path":["/c/en/soberly","/c/en/sober","/c/en/change","/c/en/coin","/c/en/caroline"],"weight":0.20305999999999985,"degrees":[29,245,3383,1336,51]},"num_concepts_raised":11964},{"base_id":371,"kind":"bot_words","i1":1,"i2":2,"sol":{"path":["/c/en/lutra","/c/fr/loutre","/c/fr/zoologie","/c/en/cardinal","/c/en/billion"],"weight":0.21420999999999973,"degrees":[52,203,9122,5720,322]},"num_concepts_raised":25623},{"base_id":371,"kind":"bot_words","i1":1,"i2":3,"sol":{"path":["/c/en/lutra","/c/en/otter","/c/en/bear","/c/en/football","/c/en/premiership"],"weight":0.20827999999999974,"degrees":[52,422,2152,1072,35]},"num_concepts_raised":10409},{"base_id":371,"kind":"bot_words","i1":1,"i2":4,"sol":{"path":["/c/en/lutra","/c/en/mammal","/c/en/horse","/c/en/epona"],"weight":0.21345999999999976,"degrees":[52,2187,3068,49]},"num_concepts_raised":10993},{"base_id":371,"kind":"bot_words","i1":1,"i2":5,"sol":{"path":["/c/en/lutra","/c/en/mammal","/c/en/person","/c/he/גולם","/c/en/golem"],"weight":0.22243999999999975,"degrees":[52,2187,12935,30,97]},"num_concepts_raised":8687},{"base_id":371,"kind":"bot_words","i1":1,"i2":6,"sol":{"path":["/c/en/lutra","/c/en/otter","/c/en/like","/c/en/post","/c/en/posted"],"weight":0.20929999999999976,"degrees":[52,422,2357,1560,30]},"num_concepts_raised":9521},{"base_id":371,"kind":"bot_words","i1":1,"i2":7,"sol":{"path":["/c/en/lutra","/c/en/otter","/c/en/animal","/c/en/winter","/c/en/ullr"],"weight":0.21368999999999977,"degrees":[52,422,3735,1060,58]},"num_concepts_raised":5384},{"base_id":371,"kind":"bot_words","i1":1,"i2":8,"sol":{"path":["/c/en/lutra","/c/en/otter","/c/en/bear","/c/en/tenacity","/c/en/doggedness"],"weight":0.20998999999999962,"degrees":[52,422,2152,101,83]},"num_concepts_raised":4206},{"base_id":371,"kind":"bot_words","i1":1,"i2":9,"sol":{"path":["/c/en/lutra","/c/en/otter","/c/th/นาก","/c/en/silver","/c/en/caroline"],"weight":0.20852999999999972,"degrees":[52,422,12,1861,51]},"num_concepts_raised":14058},{"base_id":371,"kind":"bot_words","i1":2,"i2":3,"sol":{"path":["/c/en/billion","/c/it/miliardo","/c/en/british","/c/en/premiership"],"weight":0.20843999999999985,"degrees":[322,18,3452,35]},"num_concepts_raised":29814},{"base_id":371,"kind":"bot_words","i1":2,"i2":4,"sol":{"path":["/c/en/billion","/c/en/cardinal","/c/en/protector","/c/en/epona"],"weight":0.21408999999999984,"degrees":[322,5720,229,49]},"num_concepts_raised":30998},{"base_id":371,"kind":"bot_words","i1":2,"i2":5,"sol":{"path":["/c/en/billion","/c/en/population","/c/en/folklore","/c/en/golem"],"weight":0.21734999999999982,"degrees":[322,846,489,97]},"num_concepts_raised":28691},{"base_id":371,"kind":"bot_words","i1":2,"i2":6,"sol":{"path":["/c/en/billion","/c/ja/兆","/c/en/sign","/c/en/posted"],"weight":0.20829999999999982,"degrees":[322,42,2004,30]},"num_concepts_raised":29419},{"base_id":371,"kind":"bot_words","i1":2,"i2":7,"sol":{"path":["/c/en/billion","/c/en/yard","/c/en/winter","/c/en/ullr"],"weight":0.2127299999999998,"degrees":[322,825,1060,58]},"num_concepts_raised":25490},{"base_id":371,"kind":"bot_words","i1":2,"i2":8,"sol":{"path":["/c/en/billion","/c/fr/mathématiques","/c/fr/persistance","/c/en/doggedness"],"weight":0.20792999999999973,"degrees":[322,2720,34,83]},"num_concepts_raised":24356},{"base_id":371,"kind":"bot_words","i1":2,"i2":9,"sol":{"path":["/c/en/billion","/c/en/cardinal","/c/en/historical","/c/en/caroline"],"weight":0.2091199999999998,"degrees":[322,5720,8415,51]},"num_concepts_raised":33746},{"base_id":371,"kind":"bot_words","i1":3,"i2":4,"sol":{"path":["/c/en/premiership","/c/en/football","/c/en/slang","/c/en/horse","/c/en/epona"],"weight":0.20821999999999985,"degrees":[35,1072,16318,3068,49]},"num_concepts_raised":15834},{"base_id":371,"kind":"bot_words","i1":3,"i2":5,"sol":{"path":["/c/en/premiership","/c/en/title","/c/en/book","/c/en/golem"],"weight":0.21297999999999984,"degrees":[35,1021,3239,97]},"num_concepts_raised":13499},{"base_id":371,"kind":"bot_words","i1":3,"i2":6,"sol":{"path":["/c/en/premiership","/c/en/position","/c/en/post","/c/en/posted"],"weight":0.20393999999999984,"degrees":[35,2038,1560,30]},"num_concepts_raised":14151},{"base_id":371,"kind":"bot_words","i1":3,"i2":7,"sol":{"path":["/c/en/premiership","/c/en/title","/c/en/beauty","/c/en/ullr"],"weight":0.20822999999999983,"degrees":[35,1021,984,58]},"num_concepts_raised":10275},{"base_id":371,"kind":"bot_words","i1":3,"i2":8,"sol":{"path":["/c/en/premiership","/c/en/position","/c/sa/समाधि","/c/en/perseverance","/c/en/doggedness"],"weight":0.2046399999999997,"degrees":[35,2038,69,194,83]},"num_concepts_raised":9109},{"base_id":371,"kind":"bot_words","i1":3,"i2":9,"sol":{"path":["/c/en/premiership","/c/en/british","/c/en/historical","/c/en/caroline"],"weight":0.2030399999999998,"degrees":[35,3452,8415,51]},"num_concepts_raised":18725},{"base_id":371,"kind":"bot_words","i1":4,"i2":5,"sol":{"path":["/c/en/epona","/c/en/mythology","/c/en/golem"],"weight":0.20800000000000002,"degrees":[49,1132,97]},"num_concepts_raised":109},{"base_id":371,"kind":"bot_words","i1":4,"i2":6,"sol":{"path":["/c/en/epona","/c/en/horse","/c/en/post","/c/en/posted"],"weight":0.20920999999999984,"degrees":[49,3068,1560,30]},"num_concepts_raised":14938},{"base_id":371,"kind":"bot_words","i1":4,"i2":7,"sol":{"path":["/c/en/epona","/c/en/goddess","/c/en/sif","/c/en/ullr"],"weight":0.21551999999999982,"degrees":[49,623,30,58]},"num_concepts_raised":10839},{"base_id":371,"kind":"bot_words","i1":4,"i2":8,"sol":{"path":["/c/en/epona","/c/en/horse","/c/en/course","/c/en/perseverance","/c/en/doggedness"],"weight":0.2099699999999997,"degrees":[49,3068,1347,194,83]},"num_concepts_raised":9733},{"base_id":371,"kind":"bot_words","i1":4,"i2":9,"sol":{"path":["/c/en/epona","/c/en/mule","/c/en/coin","/c/en/caroline"],"weight":0.2083999999999998,"degrees":[49,496,1336,51]},"num_concepts_raised":19410},{"base_id":371,"kind":"bot_words","i1":5,"i2":6,"sol":{"path":["/c/en/golem","/c/en/book","/c/en/sign","/c/en/posted"],"weight":0.21294999999999986,"degrees":[97,3239,2004,30]},"num_concepts_raised":12567},{"base_id":371,"kind":"bot_words","i1":5,"i2":7,"sol":{"path":["/c/en/golem","/c/en/mythology","/c/en/norse_mythology","/c/en/ullr"],"weight":0.21846999999999983,"degrees":[97,1132,388,58]},"num_concepts_raised":8547},{"base_id":371,"kind":"bot_words","i1":5,"i2":8,"sol":{"path":["/c/en/golem","/c/en/mythology","/c/ja/こん","/c/en/perseverance","/c/en/doggedness"],"weight":0.21487999999999974,"degrees":[97,1132,25,194,83]},"num_concepts_raised":7395},{"base_id":371,"kind":"bot_words","i1":5,"i2":9,"sol":{"path":["/c/en/golem","/c/en/book","/c/en/carrie","/c/en/caroline"],"weight":0.21318999999999982,"degrees":[97,3239,47,51]},"num_concepts_raised":17130},{"base_id":371,"kind":"bot_words","i1":6,"i2":7,"sol":{"path":["/c/en/posted","/c/en/post","/c/en/station","/c/en/winter","/c/en/ullr"],"weight":0.20932999999999985,"degrees":[30,1560,888,1060,58]},"num_concepts_raised":9376},{"base_id":371,"kind":"bot_words","i1":6,"i2":8,"sol":{"path":["/c/en/posted","/c/en/post","/c/en/part","/c/en/tenacity","/c/en/doggedness"],"weight":0.2056399999999997,"degrees":[30,1560,2528,101,83]},"num_concepts_raised":8216},{"base_id":371,"kind":"bot_words","i1":6,"i2":9,"sol":{"path":["/c/en/posted","/c/en/post","/c/en/historical","/c/en/caroline"],"weight":0.20409999999999978,"degrees":[30,1560,8415,51]},"num_concepts_raised":17944},{"base_id":371,"kind":"bot_words","i1":7,"i2":8,"sol":{"path":["/c/en/ullr","/c/en/sif","/c/en/wife","/c/zh/烏龜","/c/en/doggedness"],"weight":0.2107999999999997,"degrees":[58,30,1666,170,83]},"num_concepts_raised":4084},{"base_id":371,"kind":"bot_words","i1":7,"i2":9,"sol":{"path":["/c/en/ullr","/c/en/archer","/c/en/historical","/c/en/caroline"],"weight":0.2084199999999998,"degrees":[58,330,8415,51]},"num_concepts_raised":13913},{"base_id":371,"kind":"bot_words","i1":8,"i2":9,"sol":{"path":["/c/en/doggedness","/c/en/tenacity","/c/en/quality","/c/en/silver","/c/en/caroline"],"weight":0.2048399999999997,"degrees":[83,101,1710,1861,51]},"num_concepts_raised":12764}],[{"base_id":371,"kind":"top_words","i1":0,"i2":1,"sol":{"path":["/c/en/japan","/c/en/japanese"],"weight":0.20700000000000002,"degrees":[915,660]},"num_concepts_raised":1256},{"base_id":371,"kind":"top_words","i1":0,"i2":2,"sol":{"path":["/c/en/japan","/c/en/tokyo"],"weight":0.21000000000000002,"degrees":[915,355]},"num_concepts_raised":954},{"base_id":371,"kind":"top_words","i1":0,"i2":3,"sol":{"path":["/c/en/japan","/c/en/anime","/c/en/akira"],"weight":0.20600000000000002,"degrees":[915,385,39]},"num_concepts_raised":740},{"base_id":371,"kind":"top_words","i1":0,"i2":4,"sol":{"path":["/c/en/japan","/c/en/osaka"],"weight":0.20800000000000002,"degrees":[915,137]},"num_concepts_raised":810},{"base_id":371,"kind":"top_words","i1":0,"i2":5,"sol":{"path":["/c/en/japan","/c/en/nagoya"],"weight":0.20800000000000002,"degrees":[915,103]},"num_concepts_raised":790},{"base_id":371,"kind":"top_words","i1":0,"i2":6,"sol":{"path":["/c/en/japan","/c/en/kyoto"],"weight":0.20800000000000002,"degrees":[915,164]},"num_concepts_raised":823},{"base_id":371,"kind":"top_words","i1":0,"i2":7,"sol":{"path":["/c/en/japan","/c/en/yokohama"],"weight":0.20800000000000002,"degrees":[915,117]},"num_concepts_raised":803},{"base_id":371,"kind":"top_words","i1":0,"i2":8,"sol":{"path":["/c/en/japan","/c/en/fukuoka"],"weight":0.20700000000000002,"degrees":[915,91]},"num_concepts_raised":780},{"base_id":371,"kind":"top_words","i1":0,"i2":9,"sol":{"path":["/c/en/japan","/c/en/hokkaido"],"weight":0.20900000000000002,"degrees":[915,207]},"num_concepts_raised":835},{"base_id":371,"kind":"top_words","i1":1,"i2":2,"sol":{"path":["/c/en/japanese","/c/en/japan","/c/en/tokyo"],"weight":0.20800000000000002,"degrees":[660,915,355]},"num_concepts_raised":855},{"base_id":371,"kind":"top_words","i1":1,"i2":3,"sol":{"path":["/c/en/japanese","/c/en/anime","/c/en/akira"],"weight":0.20400000000000001,"degrees":[660,385,39]},"num_concepts_raised":634},{"base_id":371,"kind":"top_words","i1":1,"i2":4,"sol":{"path":["/c/en/japanese","/c/en/japan","/c/en/osaka"],"weight":0.20700000000000002,"degrees":[660,915,137]},"num_concepts_raised":710},{"base_id":371,"kind":"top_words","i1":1,"i2":5,"sol":{"path":["/c/en/japanese","/c/en/japan","/c/en/nagoya"],"weight":0.20700000000000002,"degrees":[660,915,103]},"num_concepts_raised":689},{"base_id":371,"kind":"top_words","i1":1,"i2":6,"sol":{"path":["/c/en/japanese","/c/en/japan","/c/en/kyoto"],"weight":0.20700000000000002,"degrees":[660,915,164]},"num_concepts_raised":719},{"base_id":371,"kind":"top_words","i1":1,"i2":7,"sol":{"path":["/c/en/japanese","/c/en/japan","/c/en/yokohama"],"weight":0.20700000000000002,"degrees":[660,915,117]},"num_concepts_raised":700},{"base_id":371,"kind":"top_words","i1":1,"i2":8,"sol":{"path":["/c/en/japanese","/c/en/japan","/c/en/fukuoka"],"weight":0.20600000000000002,"degrees":[660,915,91]},"num_concepts_raised":678},{"base_id":371,"kind":"top_words","i1":1,"i2":9,"sol":{"path":["/c/en/japanese","/c/en/japan","/c/en/hokkaido"],"weight":0.20800000000000002,"degrees":[660,915,207]},"num_concepts_raised":738},{"base_id":371,"kind":"top_words","i1":2,"i2":3,"sol":{"path":["/c/en/tokyo","/c/en/japan","/c/en/anime","/c/en/akira"],"weight":0.22212000000000004,"degrees":[355,915,385,39]},"num_concepts_raised":31042},{"base_id":371,"kind":"top_words","i1":2,"i2":4,"sol":{"path":["/c/en/tokyo","/c/en/japan","/c/en/osaka"],"weight":0.20900000000000002,"degrees":[355,915,137]},"num_concepts_raised":360},{"base_id":371,"kind":"top_words","i1":2,"i2":5,"sol":{"path":["/c/en/tokyo","/c/en/japan","/c/en/nagoya"],"weight":0.20900000000000002,"degrees":[355,915,103]},"num_concepts_raised":340},{"base_id":371,"kind":"top_words","i1":2,"i2":6,"sol":{"path":["/c/en/tokyo","/c/en/japan","/c/en/kyoto"],"weight":0.20900000000000002,"degrees":[355,915,164]},"num_concepts_raised":370},{"base_id":371,"kind":"top_words","i1":2,"i2":7,"sol":{"path":["/c/en/tokyo","/c/en/japan","/c/en/yokohama"],"weight":0.20900000000000002,"degrees":[355,915,117]},"num_concepts_raised":351},{"base_id":371,"kind":"top_words","i1":2,"i2":8,"sol":{"path":["/c/en/tokyo","/c/en/japan","/c/en/fukuoka"],"weight":0.20800000000000002,"degrees":[355,915,91]},"num_concepts_raised":330},{"base_id":371,"kind":"top_words","i1":2,"i2":9,"sol":{"path":["/c/en/tokyo","/c/en/honshu","/c/en/hokkaido"],"weight":0.21000000000000002,"degrees":[355,150,207]},"num_concepts_raised":391},{"base_id":371,"kind":"top_words","i1":3,"i2":4,"sol":{"path":["/c/en/akira","/c/en/anime","/c/en/japan","/c/en/osaka"],"weight":0.2163999999999997,"degrees":[39,385,915,137]},"num_concepts_raised":17284},{"base_id":371,"kind":"top_words","i1":3,"i2":5,"sol":{"path":["/c/en/akira","/c/en/anime","/c/en/japan","/c/en/nagoya"],"weight":0.21580999999999964,"degrees":[39,385,915,103]},"num_concepts_raised":17127},{"base_id":371,"kind":"top_words","i1":3,"i2":6,"sol":{"path":["/c/en/akira","/c/en/anime","/c/en/japan","/c/en/kyoto"],"weight":0.21707999999999994,"degrees":[39,385,915,164]},"num_concepts_raised":127765},{"base_id":371,"kind":"top_words","i1":3,"i2":7,"sol":{"path":["/c/en/akira","/c/en/anime","/c/en/japan","/c/en/yokohama"],"weight":0.2159999999999997,"degrees":[39,385,915,117]},"num_concepts_raised":17272},{"base_id":371,"kind":"top_words","i1":3,"i2":8,"sol":{"path":["/c/en/akira","/c/en/anime","/c/en/japan","/c/en/fukuoka"],"weight":0.21366999999999972,"degrees":[39,385,915,91]},"num_concepts_raised":16977},{"base_id":371,"kind":"top_words","i1":3,"i2":9,"sol":{"path":["/c/en/akira","/c/en/anime","/c/en/japan","/c/en/hokkaido"],"weight":0.22008000000000005,"degrees":[39,385,915,207]},"num_concepts_raised":15937},{"base_id":371,"kind":"top_words","i1":4,"i2":5,"sol":{"path":["/c/en/osaka","/c/en/japan","/c/en/nagoya"],"weight":0.20800000000000002,"degrees":[137,915,103]},"num_concepts_raised":194},{"base_id":371,"kind":"top_words","i1":4,"i2":6,"sol":{"path":["/c/en/osaka","/c/en/japan","/c/en/kyoto"],"weight":0.20800000000000002,"degrees":[137,915,164]},"num_concepts_raised":225},{"base_id":371,"kind":"top_words","i1":4,"i2":7,"sol":{"path":["/c/en/osaka","/c/en/japan","/c/en/yokohama"],"weight":0.20800000000000002,"degrees":[137,915,117]},"num_concepts_raised":206},{"base_id":371,"kind":"top_words","i1":4,"i2":8,"sol":{"path":["/c/en/osaka","/c/en/japan","/c/en/fukuoka"],"weight":0.20700000000000002,"degrees":[137,915,91]},"num_concepts_raised":184},{"base_id":371,"kind":"top_words","i1":4,"i2":9,"sol":{"path":["/c/en/osaka","/c/en/japan","/c/en/hokkaido"],"weight":0.20900000000000002,"degrees":[137,915,207]},"num_concepts_raised":246},{"base_id":371,"kind":"top_words","i1":5,"i2":6,"sol":{"path":["/c/en/nagoya","/c/en/japan","/c/en/kyoto"],"weight":0.20800000000000002,"degrees":[103,915,164]},"num_concepts_raised":204},{"base_id":371,"kind":"top_words","i1":5,"i2":7,"sol":{"path":["/c/en/nagoya","/c/en/japan","/c/en/yokohama"],"weight":0.20800000000000002,"degrees":[103,915,117]},"num_concepts_raised":185},{"base_id":371,"kind":"top_words","i1":5,"i2":8,"sol":{"path":["/c/en/nagoya","/c/en/japan","/c/en/fukuoka"],"weight":0.20700000000000002,"degrees":[103,915,91]},"num_concepts_raised":163},{"base_id":371,"kind":"top_words","i1":5,"i2":9,"sol":{"path":["/c/en/nagoya","/c/en/japan","/c/en/hokkaido"],"weight":0.20900000000000002,"degrees":[103,915,207]},"num_concepts_raised":225},{"base_id":371,"kind":"top_words","i1":6,"i2":7,"sol":{"path":["/c/en/kyoto","/c/en/japan","/c/en/yokohama"],"weight":0.20800000000000002,"degrees":[164,915,117]},"num_concepts_raised":214},{"base_id":371,"kind":"top_words","i1":6,"i2":8,"sol":{"path":["/c/en/kyoto","/c/en/japan","/c/en/fukuoka"],"weight":0.20700000000000002,"degrees":[164,915,91]},"num_concepts_raised":193},{"base_id":371,"kind":"top_words","i1":6,"i2":9,"sol":{"path":["/c/en/kyoto","/c/en/japan","/c/en/hokkaido"],"weight":0.20900000000000002,"degrees":[164,915,207]},"num_concepts_raised":254},{"base_id":371,"kind":"top_words","i1":7,"i2":8,"sol":{"path":["/c/en/yokohama","/c/en/city","/c/en/fukuoka"],"weight":0.20700000000000002,"degrees":[117,3758,91]},"num_concepts_raised":174},{"base_id":371,"kind":"top_words","i1":7,"i2":9,"sol":{"path":["/c/en/yokohama","/c/en/japan","/c/en/hokkaido"],"weight":0.20900000000000002,"degrees":[117,915,207]},"num_concepts_raised":235},{"base_id":371,"kind":"top_words","i1":8,"i2":9,"sol":{"path":["/c/en/fukuoka","/c/en/kyushu","/c/en/hokkaido"],"weight":0.20900000000000002,"degrees":[91,137,207]},"num_concepts_raised":213}]]