[[{"base_id":849,"kind":"bot_words","i1":0,"i2":1,"sol":{"path":["/c/en/treble","/c/en/music","/c/en/post","/c/en/facility"],"weight":0.2138399999999986,"degrees":[97,8822,1560,413]},"num_concepts_raised":67788},{"base_id":849,"kind":"bot_words","i1":0,"i2":2,"sol":{"path":["/c/en/treble","/c/en/boy","/c/rup/fet","/c/en/calve"],"weight":0.2040799999999997,"degrees":[97,1314,21,75]},"num_concepts_raised":28469},{"base_id":849,"kind":"bot_words","i1":0,"i2":3,"sol":{"path":["/c/en/treble","/c/en/music","/c/en/country","/c/en/russia","/c/en/ivanovo"],"weight":0.20488999999999974,"degrees":[97,8822,2796,984,29]},"num_concepts_raised":25622},{"base_id":849,"kind":"bot_words","i1":0,"i2":4,"sol":{"path":["/c/en/treble","/c/en/triple","/c/en/us","/c/en/dry","/c/en/desiccated"],"weight":0.2059399999999998,"degrees":[97,226,8154,1434,26]},"num_concepts_raised":26237},{"base_id":849,"kind":"bot_words","i1":0,"i2":5,"sol":{"path":["/c/en/treble","/c/en/music","/c/en/point","/c/en/piloting"],"weight":0.2049199999999997,"degrees":[97,8822,2624,37]},"num_concepts_raised":34499},{"base_id":849,"kind":"bot_words","i1":0,"i2":6,"sol":{"path":["/c/en/treble","/c/en/boy","/c/en/blue","/c/en/blueberry"],"weight":0.21609999999999985,"degrees":[97,1314,1611,268]},"num_concepts_raised":41375},{"base_id":849,"kind":"bot_words","i1":0,"i2":7,"sol":{"path":["/c/en/treble","/c/en/music","/c/en/medicine","/c/en/penoscrotal","/c/en/scrotal"],"weight":0.2051199999999998,"degrees":[97,8822,11938,5,37]},"num_concepts_raised":25002},{"base_id":849,"kind":"bot_words","i1":0,"i2":8,"sol":{"path":["/c/en/treble","/c/en/music","/c/fr/médecine","/c/en/gynaecology"],"weight":0.2049299999999997,"degrees":[97,8822,9990,37]},"num_concepts_raised":34788},{"base_id":849,"kind":"bot_words","i1":0,"i2":9,"sol":{"path":["/c/en/treble","/c/en/music","/c/en/person","/c/en/eusebius"],"weight":0.21672999999999953,"degrees":[97,8822,12935,101]},"num_concepts_raised":38295},{"base_id":849,"kind":"bot_words","i1":1,"i2":2,"sol":{"path":["/c/en/facility","/c/en/hospital","/c/en/birth","/c/en/calve"],"weight":0.21225999999999864,"degrees":[413,974,895,75]},"num_concepts_raised":48073},{"base_id":849,"kind":"bot_words","i1":1,"i2":3,"sol":{"path":["/c/en/facility","/c/en/factory","/c/en/russia","/c/en/ivanovo"],"weight":0.21169999999999867,"degrees":[413,910,984,29]},"num_concepts_raised":45321},{"base_id":849,"kind":"bot_words","i1":1,"i2":4,"sol":{"path":["/c/en/facility","/c/en/waterworks","/c/en/water","/c/en/dried","/c/en/desiccated"],"weight":0.21471999999999875,"degrees":[413,50,4606,227,26]},"num_concepts_raised":45882},{"base_id":849,"kind":"bot_words","i1":1,"i2":5,"sol":{"path":["/c/en/facility","/c/en/place","/c/en/position","/c/en/piloting"],"weight":0.2119999999999987,"degrees":[413,3314,2038,37]},"num_concepts_raised":53343},{"base_id":849,"kind":"bot_words","i1":1,"i2":6,"sol":{"path":["/c/en/facility","/c/en/plant","/c/en/blueberry"],"weight":0.20800000000000002,"degrees":[413,7959,268]},"num_concepts_raised":548},{"base_id":849,"kind":"bot_words","i1":1,"i2":7,"sol":{"path":["/c/en/facility","/c/en/plant","/c/en/seed","/c/en/scrotum","/c/en/scrotal"],"weight":0.2130599999999988,"degrees":[413,7959,1813,387,37]},"num_concepts_raised":44717},{"base_id":849,"kind":"bot_words","i1":1,"i2":8,"sol":{"path":["/c/en/facility","/c/it/impianto","/c/fr/médecine","/c/en/gynaecology"],"weight":0.21159999999999865,"degrees":[413,38,9990,37]},"num_concepts_raised":54642},{"base_id":849,"kind":"bot_words","i1":1,"i2":9,"sol":{"path":["/c/en/facility","/c/en/place","/c/en/person","/c/en/eusebius"],"weight":0.22376999999999853,"degrees":[413,3314,12935,101]},"num_concepts_raised":57507},{"base_id":849,"kind":"bot_words","i1":2,"i2":3,"sol":{"path":["/c/en/calve","/c/en/calf","/c/en/cow","/c/en/russia_leather","/c/en/russia","/c/en/ivanovo"],"weight":0.2109130999999997,"degrees":[75,791,1438,19,984,29]},"num_concepts_raised":350966},{"base_id":849,"kind":"bot_words","i1":2,"i2":4,"sol":{"path":["/c/en/calve","/c/en/give_birth","/c/en/produce","/c/en/dry","/c/en/desiccated"],"weight":0.20363999999999985,"degrees":[75,457,1319,1434,26]},"num_concepts_raised":5514},{"base_id":849,"kind":"bot_words","i1":2,"i2":5,"sol":{"path":["/c/en/calve","/c/en/calf","/c/en/animal","/c/en/drive","/c/en/piloting"],"weight":0.20546999999999976,"degrees":[75,791,3735,2162,37]},"num_concepts_raised":14170},{"base_id":849,"kind":"bot_words","i1":2,"i2":6,"sol":{"path":["/c/en/calve","/c/en/birth","/c/en/crown","/c/en/blueberry"],"weight":0.21577999999999992,"degrees":[75,895,1373,268]},"num_concepts_raised":20913},{"base_id":849,"kind":"bot_words","i1":2,"i2":7,"sol":{"path":["/c/en/calve","/c/en/calf","/c/en/anatomy","/c/en/scrotum","/c/en/scrotal"],"weight":0.2067799999999999,"degrees":[75,791,12775,387,37]},"num_concepts_raised":4259},{"base_id":849,"kind":"bot_words","i1":2,"i2":8,"sol":{"path":["/c/en/calve","/c/en/give_birth","/c/en/go_into_labor","/c/fr/médecine","/c/en/gynaecology"],"weight":0.20353999999999978,"degrees":[75,457,8,9990,37]},"num_concepts_raised":14324},{"base_id":849,"kind":"bot_words","i1":2,"i2":9,"sol":{"path":["/c/en/calve","/c/en/birth","/c/en/person","/c/en/eusebius"],"weight":0.2151899999999996,"degrees":[75,895,12935,101]},"num_concepts_raised":17781},{"base_id":849,"kind":"bot_words","i1":3,"i2":4,"sol":{"path":["/c/en/ivanovo","/c/en/russia","/c/en/vodka","/c/en/water","/c/en/dried","/c/en/desiccated"],"weight":0.20749339999999977,"degrees":[29,984,402,4606,227,26]},"num_concepts_raised":201693},{"base_id":849,"kind":"bot_words","i1":3,"i2":5,"sol":{"path":["/c/en/ivanovo","/c/en/russia","/c/en/historical","/c/en/point","/c/en/piloting"],"weight":0.20275999999999983,"degrees":[29,984,8415,2624,37]},"num_concepts_raised":11281},{"base_id":849,"kind":"bot_words","i1":3,"i2":6,"sol":{"path":["/c/en/ivanovo","/c/en/russia","/c/en/factory","/c/en/blue","/c/en/blueberry"],"weight":0.21532999999999997,"degrees":[29,984,910,1611,268]},"num_concepts_raised":18028},{"base_id":849,"kind":"bot_words","i1":3,"i2":7,"sol":{"path":["/c/en/ivanovo","/c/en/russia","/c/en/historical","/c/en/crotch","/c/en/scrotum","/c/en/scrotal"],"weight":0.20772099999999982,"degrees":[29,984,8415,184,387,37]},"num_concepts_raised":86686},{"base_id":849,"kind":"bot_words","i1":3,"i2":8,"sol":{"path":["/c/en/ivanovo","/c/en/russia","/c/en/aa","/c/en/medical","/c/en/gynecology","/c/en/gynaecology"],"weight":0.20752869999999973,"degrees":[29,984,152,1027,109,37]},"num_concepts_raised":290462},{"base_id":849,"kind":"bot_words","i1":3,"i2":9,"sol":{"path":["/c/en/ivanovo","/c/en/russia","/c/en/polish","/c/en/person","/c/en/eusebius"],"weight":0.21458999999999964,"degrees":[29,984,1193,12935,101]},"num_concepts_raised":14887},{"base_id":849,"kind":"bot_words","i1":4,"i2":5,"sol":{"path":["/c/en/desiccated","/c/en/dried","/c/en/water","/c/en/vessel","/c/en/piloting"],"weight":0.20386999999999988,"degrees":[26,227,4606,1376,37]},"num_concepts_raised":11888},{"base_id":849,"kind":"bot_words","i1":4,"i2":6,"sol":{"path":["/c/en/desiccated","/c/en/dried","/c/en/straw","/c/en/berry","/c/en/blueberry"],"weight":0.21863,"degrees":[26,227,651,772,268]},"num_concepts_raised":18595},{"base_id":849,"kind":"bot_words","i1":4,"i2":7,"sol":{"path":["/c/en/desiccated","/c/en/dry","/c/en/sack","/c/en/scrotum","/c/en/scrotal"],"weight":0.20417999999999997,"degrees":[26,1434,774,387,37]},"num_concepts_raised":1924},{"base_id":849,"kind":"bot_words","i1":4,"i2":8,"sol":{"path":["/c/en/desiccated","/c/en/alkermes","/c/fr/médecine","/c/en/gynaecology"],"weight":0.20273999999999986,"degrees":[26,17,9990,37]},"num_concepts_raised":11993},{"base_id":849,"kind":"bot_words","i1":4,"i2":9,"sol":{"path":["/c/en/desiccated","/c/en/dried","/c/en/water","/c/en/person","/c/en/eusebius"],"weight":0.2156799999999997,"degrees":[26,227,4606,12935,101]},"num_concepts_raised":15492},{"base_id":849,"kind":"bot_words","i1":5,"i2":6,"sol":{"path":["/c/en/piloting","/c/en/point","/c/en/colour","/c/en/blueberry"],"weight":0.21727999999999992,"degrees":[37,2624,1259,268]},"num_concepts_raised":27137},{"base_id":849,"kind":"bot_words","i1":5,"i2":7,"sol":{"path":["/c/en/piloting","/c/en/external","/c/en/anatomy","/c/en/scrotum","/c/en/scrotal"],"weight":0.2041199999999999,"degrees":[37,485,12775,387,37]},"num_concepts_raised":10657},{"base_id":849,"kind":"bot_words","i1":5,"i2":8,"sol":{"path":["/c/en/piloting","/c/en/point","/c/en/medicine","/c/en/gynecology","/c/en/gynaecology"],"weight":0.2040099999999998,"degrees":[37,2624,11938,109,37]},"num_concepts_raised":20696},{"base_id":849,"kind":"bot_words","i1":5,"i2":9,"sol":{"path":["/c/en/piloting","/c/en/drive","/c/en/person","/c/en/eusebius"],"weight":0.21467999999999965,"degrees":[37,2162,12935,101]},"num_concepts_raised":24006},{"base_id":849,"kind":"bot_words","i1":6,"i2":7,"sol":{"path":["/c/en/blueberry","/c/en/berry","/c/en/seed","/c/en/scrotum","/c/en/scrotal"],"weight":0.21894000000000005,"degrees":[268,772,1813,387,37]},"num_concepts_raised":17407},{"base_id":849,"kind":"bot_words","i1":6,"i2":8,"sol":{"path":["/c/en/blueberry","/c/fr/airelle","/c/fr/médecine","/c/en/gynaecology"],"weight":0.2154999999999999,"degrees":[268,73,9990,37]},"num_concepts_raised":27444},{"base_id":849,"kind":"bot_words","i1":6,"i2":9,"sol":{"path":["/c/en/blueberry","/c/en/plant","/c/en/person","/c/en/eusebius"],"weight":0.22704999999999975,"degrees":[268,7959,12935,101]},"num_concepts_raised":30802},{"base_id":849,"kind":"bot_words","i1":7,"i2":8,"sol":{"path":["/c/en/scrotal","/c/en/penoscrotal","/c/en/medicine","/c/en/gynecology","/c/en/gynaecology"],"weight":0.20418999999999993,"degrees":[37,5,11938,109,37]},"num_concepts_raised":10733},{"base_id":849,"kind":"bot_words","i1":7,"i2":9,"sol":{"path":["/c/en/scrotal","/c/en/scrotum","/c/en/body","/c/en/person","/c/en/eusebius"],"weight":0.21595999999999976,"degrees":[37,387,3170,12935,101]},"num_concepts_raised":14271},{"base_id":849,"kind":"bot_words","i1":8,"i2":9,"sol":{"path":["/c/en/gynaecology","/c/en/logy","/c/en/theology","/c/en/eusebius"],"weight":0.2125799999999996,"degrees":[37,543,785,101]},"num_concepts_raised":24304}],[{"base_id":849,"kind":"top_words","i1":0,"i2":1,"sol":{"path":["/c/en/bogey","/c/en/golf","/c/en/birdie"],"weight":0.20400000000000001,"degrees":[142,830,118]},"num_concepts_raised":207},{"base_id":849,"kind":"top_words","i1":0,"i2":2,"sol":{"path":["/c/en/bogey","/c/en/golf","/c/en/putt"],"weight":0.20400000000000001,"degrees":[142,830,78]},"num_concepts_raised":175},{"base_id":849,"kind":"top_words","i1":0,"i2":3,"sol":{"path":["/c/en/bogey","/c/en/golf","/c/en/fairway"],"weight":0.203,"degrees":[142,830,78]},"num_concepts_raised":187},{"base_id":849,"kind":"top_words","i1":0,"i2":4,"sol":{"path":["/c/en/bogey","/c/en/hole"],"weight":0.202,"degrees":[142,1499]},"num_concepts_raised":1330},{"base_id":849,"kind":"top_words","i1":0,"i2":5,"sol":{"path":["/c/en/bogey","/c/en/golf","/c/en/tee"],"weight":0.20500000000000002,"degrees":[142,830,205]},"num_concepts_raised":291},{"base_id":849,"kind":"top_words","i1":0,"i2":6,"sol":{"path":["/c/en/bogey","/c/en/par"],"weight":0.202,"degrees":[142,96]},"num_concepts_raised":198},{"base_id":849,"kind":"top_words","i1":0,"i2":7,"sol":{"path":["/c/en/bogey","/c/en/golf","/c/en/bunker"],"weight":0.20600000000000002,"degrees":[142,830,238]},"num_concepts_raised":291},{"base_id":849,"kind":"top_words","i1":0,"i2":8,"sol":{"path":["/c/en/bogey","/c/en/hole","/c/en/holes"],"weight":0.20600000000000002,"degrees":[142,1499,70]},"num_concepts_raised":184},{"base_id":849,"kind":"top_words","i1":0,"i2":9,"sol":{"path":["/c/en/bogey","/c/en/golf","/c/en/dogleg"],"weight":0.203,"degrees":[142,830,31]},"num_concepts_raised":144},{"base_id":849,"kind":"top_words","i1":1,"i2":2,"sol":{"path":["/c/en/birdie","/c/en/golf","/c/en/putt"],"weight":0.20400000000000001,"degrees":[118,830,78]},"num_concepts_raised":144},{"base_id":849,"kind":"top_words","i1":1,"i2":3,"sol":{"path":["/c/en/birdie","/c/en/golf","/c/en/fairway"],"weight":0.203,"degrees":[118,830,78]},"num_concepts_raised":157},{"base_id":849,"kind":"top_words","i1":1,"i2":4,"sol":{"path":["/c/en/birdie","/c/en/golf","/c/en/hole"],"weight":0.20400000000000001,"degrees":[118,830,1499]},"num_concepts_raised":1305},{"base_id":849,"kind":"top_words","i1":1,"i2":5,"sol":{"path":["/c/en/birdie","/c/en/golf","/c/en/tee"],"weight":0.20500000000000002,"degrees":[118,830,205]},"num_concepts_raised":260},{"base_id":849,"kind":"top_words","i1":1,"i2":6,"sol":{"path":["/c/en/birdie","/c/en/par"],"weight":0.202,"degrees":[118,96]},"num_concepts_raised":169},{"base_id":849,"kind":"top_words","i1":1,"i2":7,"sol":{"path":["/c/en/birdie","/c/en/golf","/c/en/bunker"],"weight":0.20600000000000002,"degrees":[118,830,238]},"num_concepts_raised":262},{"base_id":849,"kind":"top_words","i1":1,"i2":8,"sol":{"path":["/c/en/birdie","/c/en/golf","/c/en/holes"],"weight":0.20500000000000002,"degrees":[118,830,70]},"num_concepts_raised":154},{"base_id":849,"kind":"top_words","i1":1,"i2":9,"sol":{"path":["/c/en/birdie","/c/en/golf","/c/en/dogleg"],"weight":0.203,"degrees":[118,830,31]},"num_concepts_raised":114},{"base_id":849,"kind":"top_words","i1":2,"i2":3,"sol":{"path":["/c/en/putt","/c/en/golf","/c/en/fairway"],"weight":0.203,"degrees":[78,830,78]},"num_concepts_raised":122},{"base_id":849,"kind":"top_words","i1":2,"i2":4,"sol":{"path":["/c/en/putt","/c/en/golf","/c/en/hole"],"weight":0.20400000000000001,"degrees":[78,830,1499]},"num_concepts_raised":1268},{"base_id":849,"kind":"top_words","i1":2,"i2":5,"sol":{"path":["/c/en/putt","/c/en/golf","/c/en/tee"],"weight":0.20500000000000002,"degrees":[78,830,205]},"num_concepts_raised":225},{"base_id":849,"kind":"top_words","i1":2,"i2":6,"sol":{"path":["/c/en/putt","/c/en/golf","/c/en/par"],"weight":0.20400000000000001,"degrees":[78,830,96]},"num_concepts_raised":138},{"base_id":849,"kind":"top_words","i1":2,"i2":7,"sol":{"path":["/c/en/putt","/c/en/golf","/c/en/bunker"],"weight":0.20600000000000002,"degrees":[78,830,238]},"num_concepts_raised":225},{"base_id":849,"kind":"top_words","i1":2,"i2":8,"sol":{"path":["/c/en/putt","/c/en/golf","/c/en/holes"],"weight":0.20500000000000002,"degrees":[78,830,70]},"num_concepts_raised":119},{"base_id":849,"kind":"top_words","i1":2,"i2":9,"sol":{"path":["/c/en/putt","/c/en/golf","/c/en/dogleg"],"weight":0.203,"degrees":[78,830,31]},"num_concepts_raised":79},{"base_id":849,"kind":"top_words","i1":3,"i2":4,"sol":{"path":["/c/en/fairway","/c/en/golf_course","/c/en/hole"],"weight":0.20600000000000002,"degrees":[78,107,1499]},"num_concepts_raised":1279},{"base_id":849,"kind":"top_words","i1":3,"i2":5,"sol":{"path":["/c/en/fairway","/c/en/tee"],"weight":0.202,"degrees":[78,205]},"num_concepts_raised":232},{"base_id":849,"kind":"top_words","i1":3,"i2":6,"sol":{"path":["/c/en/fairway","/c/en/golf","/c/en/par"],"weight":0.203,"degrees":[78,830,96]},"num_concepts_raised":150},{"base_id":849,"kind":"top_words","i1":3,"i2":7,"sol":{"path":["/c/en/fairway","/c/en/golf_course","/c/en/bunker"],"weight":0.20600000000000002,"degrees":[78,107,238]},"num_concepts_raised":237},{"base_id":849,"kind":"top_words","i1":3,"i2":8,"sol":{"path":["/c/en/fairway","/c/en/course","/c/en/holes"],"weight":0.20400000000000001,"degrees":[78,1347,70]},"num_concepts_raised":130},{"base_id":849,"kind":"top_words","i1":3,"i2":9,"sol":{"path":["/c/en/fairway","/c/en/dogleg"],"weight":0.202,"degrees":[78,31]},"num_concepts_raised":89},{"base_id":849,"kind":"top_words","i1":4,"i2":5,"sol":{"path":["/c/en/hole","/c/en/golf_course","/c/en/tee"],"weight":0.20500000000000002,"degrees":[1499,107,205]},"num_concepts_raised":1381},{"base_id":849,"kind":"top_words","i1":4,"i2":6,"sol":{"path":["/c/en/hole","/c/en/golf","/c/en/par"],"weight":0.20400000000000001,"degrees":[1499,830,96]},"num_concepts_raised":1295},{"base_id":849,"kind":"top_words","i1":4,"i2":7,"sol":{"path":["/c/en/hole","/c/en/golf_course","/c/en/bunker"],"weight":0.20600000000000002,"degrees":[1499,107,238]},"num_concepts_raised":1381},{"base_id":849,"kind":"top_words","i1":4,"i2":8,"sol":{"path":["/c/en/hole","/c/en/holes"],"weight":0.20800000000000002,"degrees":[1499,70]},"num_concepts_raised":1262},{"base_id":849,"kind":"top_words","i1":4,"i2":9,"sol":{"path":["/c/en/hole","/c/en/dogleg"],"weight":0.202,"degrees":[1499,31]},"num_concepts_raised":1238},{"base_id":849,"kind":"top_words","i1":5,"i2":6,"sol":{"path":["/c/en/tee","/c/en/golf","/c/en/par"],"weight":0.20500000000000002,"degrees":[205,830,96]},"num_concepts_raised":253},{"base_id":849,"kind":"top_words","i1":5,"i2":7,"sol":{"path":["/c/en/tee","/c/en/golf","/c/en/bunker"],"weight":0.20700000000000002,"degrees":[205,830,238]},"num_concepts_raised":342},{"base_id":849,"kind":"top_words","i1":5,"i2":8,"sol":{"path":["/c/en/tee","/c/en/golf","/c/en/holes"],"weight":0.20600000000000002,"degrees":[205,830,70]},"num_concepts_raised":234},{"base_id":849,"kind":"top_words","i1":5,"i2":9,"sol":{"path":["/c/en/tee","/c/en/golf","/c/en/dogleg"],"weight":0.20400000000000001,"degrees":[205,830,31]},"num_concepts_raised":193},{"base_id":849,"kind":"top_words","i1":6,"i2":7,"sol":{"path":["/c/en/par","/c/en/golf","/c/en/bunker"],"weight":0.20600000000000002,"degrees":[96,830,238]},"num_concepts_raised":255},{"base_id":849,"kind":"top_words","i1":6,"i2":8,"sol":{"path":["/c/en/par","/c/en/golf","/c/en/holes"],"weight":0.20500000000000002,"degrees":[96,830,70]},"num_concepts_raised":147},{"base_id":849,"kind":"top_words","i1":6,"i2":9,"sol":{"path":["/c/en/par","/c/en/golf","/c/en/dogleg"],"weight":0.203,"degrees":[96,830,31]},"num_concepts_raised":106},{"base_id":849,"kind":"top_words","i1":7,"i2":8,"sol":{"path":["/c/en/bunker","/c/en/golf","/c/en/holes"],"weight":0.20700000000000002,"degrees":[238,830,70]},"num_concepts_raised":237},{"base_id":849,"kind":"top_words","i1":7,"i2":9,"sol":{"path":["/c/en/bunker","/c/en/golf","/c/en/dogleg"],"weight":0.20500000000000002,"degrees":[238,830,31]},"num_concepts_raised":197},{"base_id":849,"kind":"top_words","i1":8,"i2":9,"sol":{"path":["/c/en/holes","/c/en/hole","/c/en/dogleg"],"weight":0.20600000000000002,"degrees":[70,1499,31]},"num_concepts_raised":86}]]