[[{"base_id":531,"kind":"bot_words","i1":0,"i2":1,"sol":{"path":["/c/en/lamasery","/c/en/buddhism","/c/ja/魔羅","/c/en/anatomy","/c/en/gluteal"],"weight":0.20395999999999995,"degrees":[28,1287,17,12775,32]},"num_concepts_raised":15810},{"base_id":531,"kind":"bot_words","i1":0,"i2":2,"sol":{"path":["/c/en/lamasery","/c/en/lama","/c/en/mammal","/c/en/eye","/c/en/eyelet"],"weight":0.20439999999999986,"degrees":[28,199,2187,2698,65]},"num_concepts_raised":10211},{"base_id":531,"kind":"bot_words","i1":0,"i2":3,"sol":{"path":["/c/en/lamasery","/c/en/lama","/c/en/mammal","/c/en/air","/c/en/finnair"],"weight":0.20909999999999984,"degrees":[28,199,2187,1965,49]},"num_concepts_raised":3715},{"base_id":531,"kind":"bot_words","i1":0,"i2":4,"sol":{"path":["/c/en/lamasery","/c/en/lama","/c/fr/animaux","/c/fr/dépouiller","/c/en/divest"],"weight":0.20604999999999968,"degrees":[28,199,1146,353,130]},"num_concepts_raised":11570},{"base_id":531,"kind":"bot_words","i1":0,"i2":5,"sol":{"path":["/c/en/lamasery","/c/en/buddhism","/c/en/mind","/c/en/intellect","/c/en/intellectualism"],"weight":0.20385999999999999,"degrees":[28,1287,1738,288,25]},"num_concepts_raised":4249},{"base_id":531,"kind":"bot_words","i1":0,"i2":6,"sol":{"path":["/c/en/lamasery","/c/en/monastery","/c/en/male","/c/ja/両性","/c/en/amphoteric"],"weight":0.20538999999999996,"degrees":[28,426,2222,13,65]},"num_concepts_raised":24124},{"base_id":531,"kind":"bot_words","i1":0,"i2":7,"sol":{"path":["/c/en/lamasery","/c/en/buddhism","/c/th/ตาลปัตร","/c/en/fan","/c/en/turbofan"],"weight":0.2083699999999999,"degrees":[28,1287,23,1375,68]},"num_concepts_raised":4314},{"base_id":531,"kind":"bot_words","i1":0,"i2":8,"sol":{"path":["/c/en/lamasery","/c/en/monastery","/c/en/male","/c/en/verge"],"weight":0.2047899999999997,"degrees":[28,426,2222,201]},"num_concepts_raised":48571},{"base_id":531,"kind":"bot_words","i1":0,"i2":9,"sol":{"path":["/c/en/lamasery","/c/en/monastery","/c/en/house","/c/en/door"],"weight":0.23177999999999857,"degrees":[28,426,3114,1630]},"num_concepts_raised":126893},{"base_id":531,"kind":"bot_words","i1":1,"i2":2,"sol":{"path":["/c/en/gluteal","/c/en/anatomy","/c/en/eye","/c/en/eyelet"],"weight":0.2044399999999998,"degrees":[32,12775,2698,65]},"num_concepts_raised":22524},{"base_id":531,"kind":"bot_words","i1":1,"i2":3,"sol":{"path":["/c/en/gluteal","/c/en/anatomy","/c/en/airway","/c/en/airline","/c/en/finnair"],"weight":0.21114999999999978,"degrees":[32,12775,67,335,49]},"num_concepts_raised":16328},{"base_id":531,"kind":"bot_words","i1":1,"i2":4,"sol":{"path":["/c/en/gluteal","/c/en/anatomy","/c/en/vestibule","/c/en/invest","/c/en/divest"],"weight":0.2060599999999996,"degrees":[32,12775,226,322,130]},"num_concepts_raised":24173},{"base_id":531,"kind":"bot_words","i1":1,"i2":5,"sol":{"path":["/c/en/gluteal","/c/en/anatomy","/c/en/science","/c/en/rationalism","/c/en/intellectualism"],"weight":0.20490999999999993,"degrees":[32,12775,1674,179,25]},"num_concepts_raised":16884},{"base_id":531,"kind":"bot_words","i1":1,"i2":6,"sol":{"path":["/c/en/gluteal","/c/en/anatomy","/c/en/base","/c/en/amphoteric"],"weight":0.20451999999999987,"degrees":[32,12775,2117,65]},"num_concepts_raised":36683},{"base_id":531,"kind":"bot_words","i1":1,"i2":7,"sol":{"path":["/c/en/gluteal","/c/en/anatomy","/c/en/compressor","/c/en/gas_turbine","/c/en/turbofan"],"weight":0.20952999999999983,"degrees":[32,12775,105,102,68]},"num_concepts_raised":16938},{"base_id":531,"kind":"bot_words","i1":1,"i2":8,"sol":{"path":["/c/en/gluteal","/c/en/anatomy","/c/en/rod","/c/en/verge"],"weight":0.2059999999999996,"degrees":[32,12775,750,201]},"num_concepts_raised":60613},{"base_id":531,"kind":"bot_words","i1":1,"i2":9,"sol":{"path":["/c/en/gluteal","/c/en/anatomy","/c/en/portal","/c/en/door"],"weight":0.2323299999999985,"degrees":[32,12775,255,1630]},"num_concepts_raised":138662},{"base_id":531,"kind":"bot_words","i1":2,"i2":3,"sol":{"path":["/c/en/eyelet","/c/en/eye","/c/en/line","/c/en/airline","/c/en/finnair"],"weight":0.21058999999999967,"degrees":[65,2698,3018,335,49]},"num_concepts_raised":10693},{"base_id":531,"kind":"bot_words","i1":2,"i2":4,"sol":{"path":["/c/en/eyelet","/c/en/garment","/c/en/vest","/c/en/divest"],"weight":0.20422999999999952,"degrees":[65,773,306,130]},"num_concepts_raised":18467},{"base_id":531,"kind":"bot_words","i1":2,"i2":5,"sol":{"path":["/c/en/eyelet","/c/en/eye","/c/en/head","/c/en/intellect","/c/en/intellectualism"],"weight":0.20424999999999982,"degrees":[65,2698,3580,288,25]},"num_concepts_raised":11300},{"base_id":531,"kind":"bot_words","i1":2,"i2":6,"sol":{"path":["/c/en/eyelet","/c/en/grommet","/c/en/ring","/c/en/chemistry","/c/en/amphoteric"],"weight":0.20519999999999977,"degrees":[65,48,2026,11754,65]},"num_concepts_raised":31080},{"base_id":531,"kind":"bot_words","i1":2,"i2":7,"sol":{"path":["/c/en/eyelet","/c/en/honda","/c/en/jet_engine","/c/en/turbofan"],"weight":0.2087699999999997,"degrees":[65,132,191,68]},"num_concepts_raised":11303},{"base_id":531,"kind":"bot_words","i1":2,"i2":8,"sol":{"path":["/c/en/eyelet","/c/en/rim","/c/en/verge"],"weight":0.203,"degrees":[65,415,201]},"num_concepts_raised":221},{"base_id":531,"kind":"bot_words","i1":2,"i2":9,"sol":{"path":["/c/en/eyelet","/c/en/hole","/c/en/door"],"weight":0.20400000000000001,"degrees":[65,1499,1630]},"num_concepts_raised":1269},{"base_id":531,"kind":"bot_words","i1":3,"i2":4,"sol":{"path":["/c/en/finnair","/c/en/airline","/c/en/company","/c/en/divestiture","/c/en/divest"],"weight":0.21211999999999948,"degrees":[49,335,2258,31,130]},"num_concepts_raised":12072},{"base_id":531,"kind":"bot_words","i1":3,"i2":5,"sol":{"path":["/c/en/finnair","/c/en/air","/c/en/person","/c/en/intellect","/c/en/intellectualism"],"weight":0.20894999999999983,"degrees":[49,1965,12935,288,25]},"num_concepts_raised":4793},{"base_id":531,"kind":"bot_words","i1":3,"i2":6,"sol":{"path":["/c/en/finnair","/c/en/air","/c/en/chemistry","/c/en/amphoteric"],"weight":0.20895999999999978,"degrees":[49,1965,11754,65]},"num_concepts_raised":24616},{"base_id":531,"kind":"bot_words","i1":3,"i2":7,"sol":{"path":["/c/en/finnair","/c/en/air","/c/en/jet_engine","/c/en/turbofan"],"weight":0.2136299999999997,"degrees":[49,1965,191,68]},"num_concepts_raised":4802},{"base_id":531,"kind":"bot_words","i1":3,"i2":8,"sol":{"path":["/c/en/finnair","/c/en/air","/c/en/limit","/c/en/verge"],"weight":0.2103099999999995,"degrees":[49,1965,1188,201]},"num_concepts_raised":49025},{"base_id":531,"kind":"bot_words","i1":3,"i2":9,"sol":{"path":["/c/en/finnair","/c/en/air","/c/en/window","/c/en/door"],"weight":0.23752999999999835,"degrees":[49,1965,1508,1630]},"num_concepts_raised":127210},{"base_id":531,"kind":"bot_words","i1":4,"i2":5,"sol":{"path":["/c/en/divest","/c/en/free","/c/en/philosophy","/c/en/intellectualism"],"weight":0.20384999999999967,"degrees":[130,1709,2516,25]},"num_concepts_raised":12626},{"base_id":531,"kind":"bot_words","i1":4,"i2":6,"sol":{"path":["/c/en/divest","/c/en/strip","/c/en/chemistry","/c/en/amphoteric"],"weight":0.20510999999999963,"degrees":[130,904,11754,65]},"num_concepts_raised":32424},{"base_id":531,"kind":"bot_words","i1":4,"i2":7,"sol":{"path":["/c/en/divest","/c/en/divestiture","/c/en/company","/c/en/turbojet","/c/en/turbofan"],"weight":0.21273999999999954,"degrees":[130,31,2258,118,68]},"num_concepts_raised":12681},{"base_id":531,"kind":"bot_words","i1":4,"i2":8,"sol":{"path":["/c/en/divest","/c/en/strip","/c/en/border","/c/en/verge"],"weight":0.20902999999999933,"degrees":[130,904,1029,201]},"num_concepts_raised":56428},{"base_id":531,"kind":"bot_words","i1":4,"i2":9,"sol":{"path":["/c/en/divest","/c/en/free","/c/en/key","/c/en/door"],"weight":0.23245999999999822,"degrees":[130,1709,1529,1630]},"num_concepts_raised":133811},{"base_id":531,"kind":"bot_words","i1":5,"i2":6,"sol":{"path":["/c/en/intellectualism","/c/en/rationalism","/c/en/science","/c/en/chemistry","/c/en/amphoteric"],"weight":0.20475999999999994,"degrees":[25,179,1674,11754,65]},"num_concepts_raised":25180},{"base_id":531,"kind":"bot_words","i1":5,"i2":7,"sol":{"path":["/c/en/intellectualism","/c/en/intellect","/c/sco/ingine","/c/en/engine","/c/en/turbofan"],"weight":0.20927999999999986,"degrees":[25,288,10,730,68]},"num_concepts_raised":5394},{"base_id":531,"kind":"bot_words","i1":5,"i2":8,"sol":{"path":["/c/en/intellectualism","/c/en/intellect","/c/en/person","/c/en/edge","/c/en/verge"],"weight":0.20780999999999966,"degrees":[25,288,12935,1636,201]},"num_concepts_raised":49614},{"base_id":531,"kind":"bot_words","i1":5,"i2":9,"sol":{"path":["/c/en/intellectualism","/c/en/intellect","/c/en/person","/c/en/door"],"weight":0.22974999999999857,"degrees":[25,288,12935,1630]},"num_concepts_raised":127896},{"base_id":531,"kind":"bot_words","i1":6,"i2":7,"sol":{"path":["/c/en/amphoteric","/c/en/chemistry","/c/en/exhaust","/c/en/turbofan"],"weight":0.20919999999999983,"degrees":[65,11754,561,68]},"num_concepts_raised":25237},{"base_id":531,"kind":"bot_words","i1":6,"i2":8,"sol":{"path":["/c/en/amphoteric","/c/ja/両性","/c/en/male","/c/en/verge"],"weight":0.2073599999999996,"degrees":[65,13,2222,201]},"num_concepts_raised":69071},{"base_id":531,"kind":"bot_words","i1":6,"i2":9,"sol":{"path":["/c/en/amphoteric","/c/en/base","/c/en/home","/c/en/door"],"weight":0.2320499999999985,"degrees":[65,2117,2163,1630]},"num_concepts_raised":146655},{"base_id":531,"kind":"bot_words","i1":7,"i2":8,"sol":{"path":["/c/en/turbofan","/c/en/engine","/c/en/rod","/c/en/verge"],"weight":0.21040999999999954,"degrees":[68,730,750,201]},"num_concepts_raised":49626},{"base_id":531,"kind":"bot_words","i1":7,"i2":9,"sol":{"path":["/c/en/turbofan","/c/en/fan","/c/en/room","/c/en/door"],"weight":0.23914999999999842,"degrees":[68,1375,1788,1630]},"num_concepts_raised":127818},{"base_id":531,"kind":"bot_words","i1":8,"i2":9,"sol":{"path":["/c/en/verge","/c/en/external","/c/en/door"],"weight":0.20400000000000001,"degrees":[201,485,1630]},"num_concepts_raised":1374}],[{"base_id":531,"kind":"top_words","i1":0,"i2":1,"sol":{"path":["/c/en/architrave","/c/en/column","/c/en/roman","/c/en/furies","/c/en/alecto"],"weight":0.21077999999999975,"degrees":[87,1203,450,23,35]},"num_concepts_raised":14926},{"base_id":531,"kind":"top_words","i1":0,"i2":2,"sol":{"path":["/c/en/architrave","/c/en/architecture","/c/en/neck","/c/en/mammal","/c/en/peccary"],"weight":0.21202999999999977,"degrees":[87,2564,1476,2187,113]},"num_concepts_raised":15701},{"base_id":531,"kind":"top_words","i1":0,"i2":3,"sol":{"path":["/c/en/architrave","/c/en/architecture","/c/en/tailpiece"],"weight":0.202,"degrees":[87,2564,41]},"num_concepts_raised":107},{"base_id":531,"kind":"top_words","i1":0,"i2":4,"sol":{"path":["/c/en/architrave","/c/en/beam","/c/en/express","/c/en/speedy"],"weight":0.2054299999999995,"degrees":[87,1036,1102,162]},"num_concepts_raised":42673},{"base_id":531,"kind":"top_words","i1":0,"i2":5,"sol":{"path":["/c/en/architrave","/c/en/lintel"],"weight":0.202,"degrees":[87,123]},"num_concepts_raised":159},{"base_id":531,"kind":"top_words","i1":0,"i2":6,"sol":{"path":["/c/en/architrave","/c/en/entablature","/c/en/structure","/c/en/petrology","/c/en/lithology"],"weight":0.20472999999999986,"degrees":[87,51,1619,142,31]},"num_concepts_raised":15628},{"base_id":531,"kind":"top_words","i1":0,"i2":7,"sol":{"path":["/c/en/architrave","/c/en/architecture","/c/en/fountain","/c/fr/rapide","/c/en/expeditious"],"weight":0.20647999999999966,"degrees":[87,2564,494,564,61]},"num_concepts_raised":15905},{"base_id":531,"kind":"top_words","i1":0,"i2":8,"sol":{"path":["/c/en/architrave","/c/en/architecture","/c/en/term","/c/en/average","/c/en/middling"],"weight":0.2056399999999998,"degrees":[87,2564,1089,711,67]},"num_concepts_raised":21862},{"base_id":531,"kind":"top_words","i1":0,"i2":9,"sol":{"path":["/c/en/architrave","/c/en/support","/c/en/horse","/c/en/mustang"],"weight":0.21142999999999973,"degrees":[87,2237,3068,94]},"num_concepts_raised":18539},{"base_id":531,"kind":"top_words","i1":1,"i2":2,"sol":{"path":["/c/en/alecto","/c/en/greek_mythology","/c/en/echidna","/c/en/mammal","/c/en/peccary"],"weight":0.21607999999999986,"degrees":[35,1305,231,2187,113]},"num_concepts_raised":6132},{"base_id":531,"kind":"top_words","i1":1,"i2":3,"sol":{"path":["/c/en/alecto","/c/en/weapon","/c/en/instrument","/c/en/music","/c/en/tailpiece"],"weight":0.20815999999999985,"degrees":[35,1448,1542,8822,41]},"num_concepts_raised":13131},{"base_id":531,"kind":"top_words","i1":1,"i2":4,"sol":{"path":["/c/en/alecto","/c/fr/alecto","/c/fr/furie","/c/fr/rapide","/c/en/speedy"],"weight":0.21549999999999958,"degrees":[35,18,133,564,162]},"num_concepts_raised":33545},{"base_id":531,"kind":"top_words","i1":1,"i2":5,"sol":{"path":["/c/en/alecto","/c/en/furies","/c/en/roman","/c/en/computing","/c/en/lintel"],"weight":0.21127999999999986,"degrees":[35,23,450,9084,123]},"num_concepts_raised":20464},{"base_id":531,"kind":"top_words","i1":1,"i2":6,"sol":{"path":["/c/en/alecto","/c/en/weapon","/c/en/stone","/c/en/rock","/c/en/lithology"],"weight":0.20801999999999993,"degrees":[35,1448,1934,2349,31]},"num_concepts_raised":6126},{"base_id":531,"kind":"top_words","i1":1,"i2":7,"sol":{"path":["/c/en/alecto","/c/fr/alecto","/c/fr/furie","/c/fr/rapide","/c/en/expeditious"],"weight":0.21461999999999976,"degrees":[35,18,133,564,61]},"num_concepts_raised":6361},{"base_id":531,"kind":"top_words","i1":1,"i2":8,"sol":{"path":["/c/en/alecto","/c/en/weapon","/c/en/range","/c/en/average","/c/en/middling"],"weight":0.20965999999999985,"degrees":[35,1448,1025,711,67]},"num_concepts_raised":12440},{"base_id":531,"kind":"top_words","i1":1,"i2":9,"sol":{"path":["/c/en/alecto","/c/en/greek_mythology","/c/en/centaur","/c/en/horse","/c/en/mustang"],"weight":0.2158299999999998,"degrees":[35,1305,203,3068,94]},"num_concepts_raised":9106},{"base_id":531,"kind":"top_words","i1":2,"i2":3,"sol":{"path":["/c/en/peccary","/c/en/mammal","/c/en/neck","/c/en/music","/c/en/tailpiece"],"weight":0.21119999999999983,"degrees":[113,2187,1476,8822,41]},"num_concepts_raised":13914},{"base_id":531,"kind":"top_words","i1":2,"i2":4,"sol":{"path":["/c/en/peccary","/c/en/pig","/c/en/slang","/c/en/speedy"],"weight":0.2105999999999996,"degrees":[113,1398,16318,162]},"num_concepts_raised":34270},{"base_id":531,"kind":"top_words","i1":2,"i2":5,"sol":{"path":["/c/en/peccary","/c/en/mammal","/c/en/neck","/c/en/architecture","/c/en/lintel"],"weight":0.21249999999999986,"degrees":[113,2187,1476,2564,123]},"num_concepts_raised":21245},{"base_id":531,"kind":"top_words","i1":2,"i2":6,"sol":{"path":["/c/en/peccary","/c/fr/pécari","/c/fr/histoire_naturelle","/c/fr/lithologie","/c/en/lithology"],"weight":0.21414999999999992,"degrees":[113,31,263,17,31]},"num_concepts_raised":6899},{"base_id":531,"kind":"top_words","i1":2,"i2":7,"sol":{"path":["/c/en/peccary","/c/en/mammal","/c/en/horse","/c/en/fast","/c/en/expeditious"],"weight":0.21168999999999977,"degrees":[113,2187,3068,1390,61]},"num_concepts_raised":7139},{"base_id":531,"kind":"top_words","i1":2,"i2":8,"sol":{"path":["/c/en/peccary","/c/en/pig","/c/en/middlings","/c/en/middling"],"weight":0.21037999999999987,"degrees":[113,1398,22,67]},"num_concepts_raised":13203},{"base_id":531,"kind":"top_words","i1":2,"i2":9,"sol":{"path":["/c/en/peccary","/c/en/mammal","/c/en/horse","/c/en/mustang"],"weight":0.21891999999999978,"degrees":[113,2187,3068,94]},"num_concepts_raised":9777},{"base_id":531,"kind":"top_words","i1":3,"i2":4,"sol":{"path":["/c/en/tailpiece","/c/en/music","/c/en/fast","/c/en/speedy"],"weight":0.20858999999999955,"degrees":[41,8822,1390,162]},"num_concepts_raised":40969},{"base_id":531,"kind":"top_words","i1":3,"i2":5,"sol":{"path":["/c/en/tailpiece","/c/en/architecture","/c/en/lintel"],"weight":0.202,"degrees":[41,2564,123]},"num_concepts_raised":134},{"base_id":531,"kind":"top_words","i1":3,"i2":6,"sol":{"path":["/c/en/tailpiece","/c/en/music","/c/en/rock","/c/en/lithology"],"weight":0.2031199999999999,"degrees":[41,8822,2349,31]},"num_concepts_raised":13815},{"base_id":531,"kind":"top_words","i1":3,"i2":7,"sol":{"path":["/c/en/tailpiece","/c/en/music","/c/en/fast","/c/en/expeditious"],"weight":0.20368999999999973,"degrees":[41,8822,1390,61]},"num_concepts_raised":14102},{"base_id":531,"kind":"top_words","i1":3,"i2":8,"sol":{"path":["/c/en/tailpiece","/c/en/music","/c/en/mean","/c/en/middling"],"weight":0.20360999999999985,"degrees":[41,8822,1314,67]},"num_concepts_raised":20118},{"base_id":531,"kind":"top_words","i1":3,"i2":9,"sol":{"path":["/c/en/tailpiece","/c/en/music","/c/en/tail","/c/en/horse","/c/en/mustang"],"weight":0.21094999999999978,"degrees":[41,8822,1214,3068,94]},"num_concepts_raised":16818},{"base_id":531,"kind":"top_words","i1":4,"i2":5,"sol":{"path":["/c/en/speedy","/c/en/fast","/c/en/computing","/c/en/lintel"],"weight":0.2097399999999996,"degrees":[162,1390,9084,123]},"num_concepts_raised":47529},{"base_id":531,"kind":"top_words","i1":4,"i2":6,"sol":{"path":["/c/en/speedy","/c/en/rush","/c/en/rock","/c/en/lithology"],"weight":0.20471999999999968,"degrees":[162,1156,2349,31]},"num_concepts_raised":34178},{"base_id":531,"kind":"top_words","i1":4,"i2":7,"sol":{"path":["/c/en/speedy","/c/en/expeditious"],"weight":0.202,"degrees":[162,61]},"num_concepts_raised":182},{"base_id":531,"kind":"top_words","i1":4,"i2":8,"sol":{"path":["/c/en/speedy","/c/en/fast","/c/en/average","/c/en/middling"],"weight":0.21015999999999957,"degrees":[162,1390,711,67]},"num_concepts_raised":40092},{"base_id":531,"kind":"top_words","i1":4,"i2":9,"sol":{"path":["/c/en/speedy","/c/en/fast","/c/en/horse","/c/en/mustang"],"weight":0.2163199999999995,"degrees":[162,1390,3068,94]},"num_concepts_raised":36820},{"base_id":531,"kind":"top_words","i1":5,"i2":6,"sol":{"path":["/c/en/lintel","/c/en/sill","/c/en/rock","/c/en/lithology"],"weight":0.20522999999999997,"degrees":[123,190,2349,31]},"num_concepts_raised":21151},{"base_id":531,"kind":"top_words","i1":5,"i2":7,"sol":{"path":["/c/en/lintel","/c/en/computing","/c/en/fast","/c/en/expeditious"],"weight":0.2047799999999998,"degrees":[123,9084,1390,61]},"num_concepts_raised":21408},{"base_id":531,"kind":"top_words","i1":5,"i2":8,"sol":{"path":["/c/en/lintel","/c/en/computing","/c/en/mean","/c/en/middling"],"weight":0.20468999999999987,"degrees":[123,9084,1314,67]},"num_concepts_raised":27360},{"base_id":531,"kind":"top_words","i1":5,"i2":9,"sol":{"path":["/c/en/lintel","/c/en/computing","/c/en/service","/c/en/mustang"],"weight":0.2098199999999998,"degrees":[123,9084,1385,94]},"num_concepts_raised":24082},{"base_id":531,"kind":"top_words","i1":6,"i2":7,"sol":{"path":["/c/en/lithology","/c/en/rock","/c/en/rush","/c/en/fast","/c/en/expeditious"],"weight":0.20360999999999985,"degrees":[31,2349,1156,1390,61]},"num_concepts_raised":7122},{"base_id":531,"kind":"top_words","i1":6,"i2":8,"sol":{"path":["/c/en/lithology","/c/en/description","/c/en/quality","/c/en/middling"],"weight":0.20427999999999996,"degrees":[31,533,1710,67]},"num_concepts_raised":13132},{"base_id":531,"kind":"top_words","i1":6,"i2":9,"sol":{"path":["/c/en/lithology","/c/en/rock","/c/en/us","/c/en/horse","/c/en/mustang"],"weight":0.21083999999999986,"degrees":[31,2349,8154,3068,94]},"num_concepts_raised":9847},{"base_id":531,"kind":"top_words","i1":7,"i2":8,"sol":{"path":["/c/en/expeditious","/c/en/fast","/c/en/average","/c/en/middling"],"weight":0.20521999999999976,"degrees":[61,1390,711,67]},"num_concepts_raised":13393},{"base_id":531,"kind":"top_words","i1":7,"i2":9,"sol":{"path":["/c/en/expeditious","/c/en/fast","/c/en/horse","/c/en/mustang"],"weight":0.2113899999999997,"degrees":[61,1390,3068,94]},"num_concepts_raised":10083},{"base_id":531,"kind":"top_words","i1":8,"i2":9,"sol":{"path":["/c/en/middling","/c/en/average","/c/en/service","/c/en/mustang"],"weight":0.2102699999999998,"degrees":[67,711,1385,94]},"num_concepts_raised":16088}]]