[[{"base_id":463,"kind":"bot_words","i1":0,"i2":1,"sol":{"path":["/c/en/decriminalize","/c/en/crime","/c/en/bent","/c/en/partiality"],"weight":0.20368999999999982,"degrees":[26,1155,546,111]},"num_concepts_raised":4682},{"base_id":463,"kind":"bot_words","i1":0,"i2":2,"sol":{"path":["/c/en/decriminalize","/c/en/crime","/c/en/cities","/c/en/city","/c/en/burnet"],"weight":0.2027599999999999,"degrees":[26,1155,110,3758,28]},"num_concepts_raised":8885},{"base_id":463,"kind":"bot_words","i1":0,"i2":3,"sol":{"path":["/c/en/decriminalize","/c/en/crime","/c/en/steel","/c/en/pennsylvania","/c/en/pringle"],"weight":0.20264999999999989,"degrees":[26,1155,1352,557,24]},"num_concepts_raised":3649},{"base_id":463,"kind":"bot_words","i1":0,"i2":4,"sol":{"path":["/c/en/decriminalize","/c/en/crime","/c/en/computing","/c/en/machine","/c/en/machining"],"weight":0.21010999999999974,"degrees":[26,1155,9084,1685,59]},"num_concepts_raised":5532},{"base_id":463,"kind":"bot_words","i1":0,"i2":5,"sol":{"path":["/c/en/decriminalize","/c/en/crime","/c/en/person","/c/en/ota"],"weight":0.20770999999999984,"degrees":[26,1155,12935,27]},"num_concepts_raised":26127},{"base_id":463,"kind":"bot_words","i1":0,"i2":6,"sol":{"path":["/c/en/decriminalize","/c/en/crime","/c/en/specific","/c/en/tablespoon"],"weight":0.2051799999999997,"degrees":[26,1155,562,231]},"num_concepts_raised":33763},{"base_id":463,"kind":"bot_words","i1":0,"i2":7,"sol":{"path":["/c/en/decriminalize","/c/en/crime","/c/en/steel","/c/en/electroplate","/c/en/electroplating"],"weight":0.20388999999999988,"degrees":[26,1155,1352,37,38]},"num_concepts_raised":3885},{"base_id":463,"kind":"bot_words","i1":0,"i2":8,"sol":{"path":["/c/en/decriminalize","/c/en/legalize","/c/en/legal","/c/en/s","/c/en/es"],"weight":0.20566999999999963,"degrees":[26,93,6627,493,96]},"num_concepts_raised":29679},{"base_id":463,"kind":"bot_words","i1":0,"i2":9,"sol":{"path":["/c/en/decriminalize","/c/en/criminalize","/c/en/illegal","/c/en/us","/c/en/caucus"],"weight":0.21149999999999983,"degrees":[26,56,535,8154,87]},"num_concepts_raised":17589},{"base_id":463,"kind":"bot_words","i1":1,"i2":2,"sol":{"path":["/c/en/partiality","/c/en/bias","/c/en/population","/c/en/city","/c/en/burnet"],"weight":0.2062299999999998,"degrees":[111,406,846,3758,28]},"num_concepts_raised":10870},{"base_id":463,"kind":"bot_words","i1":1,"i2":3,"sol":{"path":["/c/en/partiality","/c/en/preference","/c/en/bag","/c/en/potato","/c/en/pringle"],"weight":0.2047399999999998,"degrees":[111,349,1275,1041,24]},"num_concepts_raised":5646},{"base_id":463,"kind":"bot_words","i1":1,"i2":4,"sol":{"path":["/c/en/partiality","/c/en/bent","/c/en/metal","/c/en/machining"],"weight":0.20897999999999967,"degrees":[111,546,2107,59]},"num_concepts_raised":7514},{"base_id":463,"kind":"bot_words","i1":1,"i2":5,"sol":{"path":["/c/en/partiality","/c/en/bias","/c/en/electronics","/c/en/ota"],"weight":0.21115999999999976,"degrees":[111,406,1297,27]},"num_concepts_raised":28065},{"base_id":463,"kind":"bot_words","i1":1,"i2":6,"sol":{"path":["/c/en/partiality","/c/en/preference","/c/en/us","/c/en/tablespoon"],"weight":0.20734999999999962,"degrees":[111,349,8154,231]},"num_concepts_raised":35663},{"base_id":463,"kind":"bot_words","i1":1,"i2":7,"sol":{"path":["/c/en/partiality","/c/en/bent","/c/en/metal","/c/en/electroplating"],"weight":0.2038299999999998,"degrees":[111,546,2107,38]},"num_concepts_raised":5875},{"base_id":463,"kind":"bot_words","i1":1,"i2":8,"sol":{"path":["/c/en/partiality","/c/en/preference","/c/en/wish","/c/en/es"],"weight":0.20543999999999954,"degrees":[111,349,1040,96]},"num_concepts_raised":31486},{"base_id":463,"kind":"bot_words","i1":1,"i2":9,"sol":{"path":["/c/en/partiality","/c/en/preference","/c/en/us","/c/en/caucus"],"weight":0.2125799999999997,"degrees":[111,349,8154,87]},"num_concepts_raised":19557},{"base_id":463,"kind":"bot_words","i1":2,"i2":3,"sol":{"path":["/c/en/burnet","/c/en/salad","/c/en/potato","/c/en/pringle"],"weight":0.2026799999999999,"degrees":[28,455,1041,24]},"num_concepts_raised":9725},{"base_id":463,"kind":"bot_words","i1":2,"i2":4,"sol":{"path":["/c/en/burnet","/c/en/city","/c/en/car","/c/en/machine","/c/en/machining"],"weight":0.21016999999999975,"degrees":[28,3758,2328,1685,59]},"num_concepts_raised":11666},{"base_id":463,"kind":"bot_words","i1":2,"i2":5,"sol":{"path":["/c/en/burnet","/c/en/city","/c/en/place","/c/en/travel","/c/en/ota"],"weight":0.20777999999999985,"degrees":[28,3758,3314,1689,27]},"num_concepts_raised":32170},{"base_id":463,"kind":"bot_words","i1":2,"i2":6,"sol":{"path":["/c/en/burnet","/c/en/brown","/c/en/cooking","/c/en/tablespoon"],"weight":0.20641999999999971,"degrees":[28,1055,1401,231]},"num_concepts_raised":39357},{"base_id":463,"kind":"bot_words","i1":2,"i2":7,"sol":{"path":["/c/en/burnet","/c/en/brown","/c/en/coating","/c/en/electroplating"],"weight":0.2028299999999999,"degrees":[28,1055,328,38]},"num_concepts_raised":10042},{"base_id":463,"kind":"bot_words","i1":2,"i2":8,"sol":{"path":["/c/en/burnet","/c/en/city","/c/en/house","/c/en/es"],"weight":0.20350999999999964,"degrees":[28,3758,3114,96]},"num_concepts_raised":35606},{"base_id":463,"kind":"bot_words","i1":2,"i2":9,"sol":{"path":["/c/en/burnet","/c/en/spot","/c/en/us","/c/en/caucus"],"weight":0.2105099999999998,"degrees":[28,965,8154,87]},"num_concepts_raised":23445},{"base_id":463,"kind":"bot_words","i1":3,"i2":4,"sol":{"path":["/c/en/pringle","/c/en/potato","/c/en/print","/c/en/machine","/c/en/machining"],"weight":0.21006999999999973,"degrees":[24,1041,1090,1685,59]},"num_concepts_raised":6480},{"base_id":463,"kind":"bot_words","i1":3,"i2":5,"sol":{"path":["/c/en/pringle","/c/en/potato","/c/en/roll","/c/en/travel","/c/en/ota"],"weight":0.20767999999999984,"degrees":[24,1041,1585,1689,27]},"num_concepts_raised":27089},{"base_id":463,"kind":"bot_words","i1":3,"i2":6,"sol":{"path":["/c/en/pringle","/c/en/potato","/c/en/eating","/c/en/tablespoon"],"weight":0.2053199999999997,"degrees":[24,1041,583,231]},"num_concepts_raised":34524},{"base_id":463,"kind":"bot_words","i1":3,"i2":7,"sol":{"path":["/c/en/pringle","/c/en/potato","/c/en/plate","/c/en/electroplate","/c/en/electroplating"],"weight":0.20383999999999985,"degrees":[24,1041,1940,37,38]},"num_concepts_raised":4839},{"base_id":463,"kind":"bot_words","i1":3,"i2":8,"sol":{"path":["/c/en/pringle","/c/en/potato","/c/en/a","/c/en/es"],"weight":0.2033999999999996,"degrees":[24,1041,1436,96]},"num_concepts_raised":30604},{"base_id":463,"kind":"bot_words","i1":3,"i2":9,"sol":{"path":["/c/en/pringle","/c/en/pennsylvania","/c/en/state","/c/en/us","/c/en/caucus"],"weight":0.2104699999999998,"degrees":[24,557,3243,8154,87]},"num_concepts_raised":18434},{"base_id":463,"kind":"bot_words","i1":4,"i2":5,"sol":{"path":["/c/en/machining","/c/en/machine","/c/en/computing","/c/en/ota"],"weight":0.2150899999999997,"degrees":[59,1685,9084,27]},"num_concepts_raised":28775},{"base_id":463,"kind":"bot_words","i1":4,"i2":6,"sol":{"path":["/c/en/machining","/c/en/metal","/c/en/tablespoon"],"weight":0.20400000000000001,"degrees":[59,2107,231]},"num_concepts_raised":227},{"base_id":463,"kind":"bot_words","i1":4,"i2":7,"sol":{"path":["/c/en/machining","/c/en/metal","/c/en/electroplating"],"weight":0.20400000000000001,"degrees":[59,2107,38]},"num_concepts_raised":85},{"base_id":463,"kind":"bot_words","i1":4,"i2":8,"sol":{"path":["/c/en/machining","/c/en/machine","/c/en/house","/c/en/es"],"weight":0.21082999999999946,"degrees":[59,1685,3114,96]},"num_concepts_raised":32295},{"base_id":463,"kind":"bot_words","i1":4,"i2":9,"sol":{"path":["/c/en/machining","/c/en/machine","/c/en/us","/c/en/caucus"],"weight":0.21787999999999966,"degrees":[59,1685,8154,87]},"num_concepts_raised":20301},{"base_id":463,"kind":"bot_words","i1":5,"i2":6,"sol":{"path":["/c/en/ota","/c/en/travel","/c/en/measure","/c/en/tablespoon"],"weight":0.21138999999999966,"degrees":[27,1689,1837,231]},"num_concepts_raised":56110},{"base_id":463,"kind":"bot_words","i1":5,"i2":7,"sol":{"path":["/c/en/ota","/c/en/travel","/c/en/metal","/c/en/electroplating"],"weight":0.20785999999999982,"degrees":[27,1689,2107,38]},"num_concepts_raised":27278},{"base_id":463,"kind":"bot_words","i1":5,"i2":8,"sol":{"path":["/c/en/ota","/c/en/person","/c/en/dance","/c/en/es"],"weight":0.2085199999999996,"degrees":[27,12935,2473,96]},"num_concepts_raised":52097},{"base_id":463,"kind":"bot_words","i1":5,"i2":9,"sol":{"path":["/c/en/ota","/c/en/electronics","/c/en/primary","/c/en/us","/c/en/caucus"],"weight":0.2155399999999998,"degrees":[27,1297,442,8154,87]},"num_concepts_raised":40505},{"base_id":463,"kind":"bot_words","i1":6,"i2":7,"sol":{"path":["/c/en/tablespoon","/c/en/metal","/c/en/electroplating"],"weight":0.202,"degrees":[231,2107,38]},"num_concepts_raised":209},{"base_id":463,"kind":"bot_words","i1":6,"i2":8,"sol":{"path":["/c/en/tablespoon","/c/en/us","/c/en/s","/c/en/es"],"weight":0.20822999999999942,"degrees":[231,8154,493,96]},"num_concepts_raised":59378},{"base_id":463,"kind":"bot_words","i1":6,"i2":9,"sol":{"path":["/c/en/tablespoon","/c/en/us","/c/en/caucus"],"weight":0.20500000000000002,"degrees":[231,8154,87]},"num_concepts_raised":244},{"base_id":463,"kind":"bot_words","i1":7,"i2":8,"sol":{"path":["/c/en/electroplating","/c/en/metal","/c/en/house","/c/en/es"],"weight":0.2035899999999996,"degrees":[38,2107,3114,96]},"num_concepts_raised":30770},{"base_id":463,"kind":"bot_words","i1":7,"i2":9,"sol":{"path":["/c/en/electroplating","/c/en/metal","/c/en/bolt","/c/en/caucus"],"weight":0.2085799999999998,"degrees":[38,2107,707,87]},"num_concepts_raised":18721},{"base_id":463,"kind":"bot_words","i1":8,"i2":9,"sol":{"path":["/c/en/es","/c/en/s","/c/en/us","/c/en/caucus"],"weight":0.21345999999999954,"degrees":[96,493,8154,87]},"num_concepts_raised":43964}],[{"base_id":463,"kind":"top_words","i1":0,"i2":1,"sol":{"path":["/c/en/kibosh","/c/en/bosh","/c/en/british","/c/en/dependant"],"weight":0.20430999999999974,"degrees":[25,29,3452,67]},"num_concepts_raised":33688},{"base_id":463,"kind":"top_words","i1":0,"i2":2,"sol":{"path":["/c/en/kibosh","/c/en/stop","/c/ja/留める","/c/en/fixate"],"weight":0.2031799999999998,"degrees":[25,2126,101,68]},"num_concepts_raised":30055},{"base_id":463,"kind":"top_words","i1":0,"i2":3,"sol":{"path":["/c/en/kibosh","/c/en/slang","/c/en/crash","/c/en/impinge"],"weight":0.2031699999999998,"degrees":[25,16318,797,71]},"num_concepts_raised":29707},{"base_id":463,"kind":"top_words","i1":0,"i2":4,"sol":{"path":["/c/en/kibosh","/c/en/stop","/c/en/stint","/c/en/skimp"],"weight":0.20342999999999978,"degrees":[25,2126,92,90]},"num_concepts_raised":36454},{"base_id":463,"kind":"top_words","i1":0,"i2":5,"sol":{"path":["/c/en/kibosh","/c/en/style","/c/en/stigma","/c/en/onus"],"weight":0.20279999999999987,"degrees":[25,1172,205,39]},"num_concepts_raised":30228},{"base_id":463,"kind":"top_words","i1":0,"i2":6,"sol":{"path":["/c/en/kibosh","/c/en/style","/c/en/writing","/c/en/treatise","/c/en/disquisition"],"weight":0.20401999999999992,"degrees":[25,1172,1875,196,42]},"num_concepts_raised":23491},{"base_id":463,"kind":"top_words","i1":0,"i2":7,"sol":{"path":["/c/en/kibosh","/c/en/stop","/c/en/stint","/c/en/stinting"],"weight":0.2027999999999998,"degrees":[25,2126,92,42]},"num_concepts_raised":22907},{"base_id":463,"kind":"top_words","i1":0,"i2":8,"sol":{"path":["/c/en/kibosh","/c/en/slang","/c/en/animal","/c/en/sex_chromosome","/c/en/autosome"],"weight":0.20413999999999982,"degrees":[25,16318,3735,51,65]},"num_concepts_raised":24731},{"base_id":463,"kind":"top_words","i1":0,"i2":9,"sol":{"path":["/c/en/kibosh","/c/en/style","/c/en/botany","/c/en/abaxial"],"weight":0.2030399999999999,"degrees":[25,1172,6881,43]},"num_concepts_raised":45257},{"base_id":463,"kind":"top_words","i1":1,"i2":2,"sol":{"path":["/c/en/dependant","/c/en/us","/c/en/fix","/c/en/fixate"],"weight":0.20513999999999966,"degrees":[67,8154,981,68]},"num_concepts_raised":22361},{"base_id":463,"kind":"top_words","i1":1,"i2":3,"sol":{"path":["/c/en/dependant","/c/ms/bergantung","/c/fr/être","/c/en/impinge"],"weight":0.20386999999999966,"degrees":[67,17,3434,71]},"num_concepts_raised":21833},{"base_id":463,"kind":"top_words","i1":1,"i2":4,"sol":{"path":["/c/en/dependant","/c/en/depend","/c/en/underwear","/c/en/skimp"],"weight":0.20505999999999966,"degrees":[67,259,401,90]},"num_concepts_raised":28405},{"base_id":463,"kind":"top_words","i1":1,"i2":5,"sol":{"path":["/c/en/dependant","/c/en/charge","/c/en/burden","/c/en/onus"],"weight":0.20475999999999975,"degrees":[67,1848,663,39]},"num_concepts_raised":21946},{"base_id":463,"kind":"top_words","i1":1,"i2":6,"sol":{"path":["/c/en/dependant","/c/en/dependent","/c/en/subject","/c/en/treatise","/c/en/disquisition"],"weight":0.2090299999999998,"degrees":[67,336,1490,196,42]},"num_concepts_raised":15608},{"base_id":463,"kind":"top_words","i1":1,"i2":7,"sol":{"path":["/c/en/dependant","/c/en/dependent","/c/en/gaelic","/c/en/scotch","/c/en/stinting"],"weight":0.20776999999999968,"degrees":[67,336,118,190,42]},"num_concepts_raised":15014},{"base_id":463,"kind":"top_words","i1":1,"i2":8,"sol":{"path":["/c/en/dependant","/c/en/dependent","/c/en/complement","/c/en/genetics","/c/en/autosome"],"weight":0.20822999999999967,"degrees":[67,336,379,1987,65]},"num_concepts_raised":16821},{"base_id":463,"kind":"top_words","i1":1,"i2":9,"sol":{"path":["/c/en/dependant","/c/en/dependent","/c/en/myrmecophilous","/c/en/biology","/c/en/abaxial"],"weight":0.20799999999999974,"degrees":[67,336,14,6216,43]},"num_concepts_raised":37565},{"base_id":463,"kind":"top_words","i1":2,"i2":3,"sol":{"path":["/c/en/fixate","/c/en/psychology","/c/en/stimulus","/c/en/impinge"],"weight":0.20360999999999974,"degrees":[68,1520,303,71]},"num_concepts_raised":16770},{"base_id":463,"kind":"top_words","i1":2,"i2":4,"sol":{"path":["/c/en/fixate","/c/en/bind","/c/en/dialect","/c/en/skimp"],"weight":0.2038399999999997,"degrees":[68,948,2378,90]},"num_concepts_raised":24619},{"base_id":463,"kind":"top_words","i1":2,"i2":5,"sol":{"path":["/c/en/fixate","/c/en/attach","/c/en/legal","/c/en/onus"],"weight":0.2034599999999998,"degrees":[68,604,6627,39]},"num_concepts_raised":17345},{"base_id":463,"kind":"top_words","i1":2,"i2":6,"sol":{"path":["/c/en/fixate","/c/en/fix","/c/en/grammar","/c/en/discourse","/c/en/disquisition"],"weight":0.20474999999999988,"degrees":[68,981,6397,436,42]},"num_concepts_raised":10575},{"base_id":463,"kind":"top_words","i1":2,"i2":7,"sol":{"path":["/c/en/fixate","/c/en/fix","/c/en/time","/c/en/stint","/c/en/stinting"],"weight":0.20454999999999973,"degrees":[68,981,4124,92,42]},"num_concepts_raised":9985},{"base_id":463,"kind":"top_words","i1":2,"i2":8,"sol":{"path":["/c/en/fixate","/c/en/fixation","/c/en/genetics","/c/en/autosome"],"weight":0.20367999999999975,"degrees":[68,126,1987,65]},"num_concepts_raised":11788},{"base_id":463,"kind":"top_words","i1":2,"i2":9,"sol":{"path":["/c/en/fixate","/c/en/fix","/c/en/biology","/c/en/abaxial"],"weight":0.20470999999999978,"degrees":[68,981,6216,43]},"num_concepts_raised":32585},{"base_id":463,"kind":"top_words","i1":3,"i2":4,"sol":{"path":["/c/en/impinge","/c/fr/opérer","/c/en/work","/c/en/skimp"],"weight":0.20597999999999972,"degrees":[71,459,4013,90]},"num_concepts_raised":24088},{"base_id":463,"kind":"top_words","i1":3,"i2":5,"sol":{"path":["/c/en/impinge","/c/fr/agir","/c/en/legal","/c/en/onus"],"weight":0.20341999999999982,"degrees":[71,688,6627,39]},"num_concepts_raised":16785},{"base_id":463,"kind":"top_words","i1":3,"i2":6,"sol":{"path":["/c/en/impinge","/c/fr/opérer","/c/en/engage","/c/en/discourse","/c/en/disquisition"],"weight":0.2055399999999999,"degrees":[71,459,506,436,42]},"num_concepts_raised":9971},{"base_id":463,"kind":"top_words","i1":3,"i2":7,"sol":{"path":["/c/en/impinge","/c/en/impact","/c/fr/choc","/c/fr/économique","/c/en/stinting"],"weight":0.20446999999999974,"degrees":[71,341,263,267,42]},"num_concepts_raised":9359},{"base_id":463,"kind":"top_words","i1":3,"i2":8,"sol":{"path":["/c/en/impinge","/c/fr/être","/c/en/animal","/c/en/sex_chromosome","/c/en/autosome"],"weight":0.20463999999999977,"degrees":[71,3434,3735,51,65]},"num_concepts_raised":11184},{"base_id":463,"kind":"top_words","i1":3,"i2":9,"sol":{"path":["/c/en/impinge","/c/fr/opérer","/c/fr/cocon","/c/en/zoology","/c/en/abaxial"],"weight":0.20553999999999983,"degrees":[71,459,112,8127,43]},"num_concepts_raised":32048},{"base_id":463,"kind":"top_words","i1":4,"i2":5,"sol":{"path":["/c/en/skimp","/c/en/work","/c/en/burden","/c/en/onus"],"weight":0.2046799999999998,"degrees":[90,4013,663,39]},"num_concepts_raised":24330},{"base_id":463,"kind":"top_words","i1":4,"i2":6,"sol":{"path":["/c/en/skimp","/c/en/work","/c/sa/क्रिया","/c/en/disquisition"],"weight":0.20360999999999985,"degrees":[90,4013,43,42]},"num_concepts_raised":17858},{"base_id":463,"kind":"top_words","i1":4,"i2":7,"sol":{"path":["/c/en/skimp","/c/en/stint","/c/en/stinting"],"weight":0.202,"degrees":[90,92,42]},"num_concepts_raised":115},{"base_id":463,"kind":"top_words","i1":4,"i2":8,"sol":{"path":["/c/en/skimp","/c/en/scant","/c/en/few","/c/en/some","/c/en/autosome"],"weight":0.20495999999999973,"degrees":[90,87,738,876,65]},"num_concepts_raised":19119},{"base_id":463,"kind":"top_words","i1":4,"i2":9,"sol":{"path":["/c/en/skimp","/c/en/northern_england","/c/en/away","/c/en/abaxial"],"weight":0.2035699999999998,"degrees":[90,430,1176,43]},"num_concepts_raised":39864},{"base_id":463,"kind":"top_words","i1":5,"i2":6,"sol":{"path":["/c/en/onus","/c/en/burden","/c/en/theme","/c/en/essay","/c/en/disquisition"],"weight":0.20425999999999994,"degrees":[39,663,403,428,42]},"num_concepts_raised":10509},{"base_id":463,"kind":"top_words","i1":5,"i2":7,"sol":{"path":["/c/en/onus","/c/en/responsibility","/c/en/husband","/c/en/thrifty","/c/en/stinting"],"weight":0.2042399999999998,"degrees":[39,512,1237,171,42]},"num_concepts_raised":9928},{"base_id":463,"kind":"top_words","i1":5,"i2":8,"sol":{"path":["/c/en/onus","/c/en/burden","/c/en/burdensome","/c/en/some","/c/en/autosome"],"weight":0.2045199999999998,"degrees":[39,663,109,876,65]},"num_concepts_raised":11738},{"base_id":463,"kind":"top_words","i1":5,"i2":9,"sol":{"path":["/c/en/onus","/c/en/stigma","/c/en/botany","/c/en/abaxial"],"weight":0.20318999999999987,"degrees":[39,205,6881,43]},"num_concepts_raised":32561},{"base_id":463,"kind":"top_words","i1":6,"i2":7,"sol":{"path":["/c/en/disquisition","/c/en/explain","/c/en/plain","/c/ja/質素","/c/en/stinting"],"weight":0.20302999999999988,"degrees":[42,766,1132,22,42]},"num_concepts_raised":3041},{"base_id":463,"kind":"top_words","i1":6,"i2":8,"sol":{"path":["/c/en/disquisition","/c/en/discourse","/c/en/expression","/c/en/genetics","/c/en/autosome"],"weight":0.2035399999999999,"degrees":[42,436,1025,1987,65]},"num_concepts_raised":4854},{"base_id":463,"kind":"top_words","i1":6,"i2":9,"sol":{"path":["/c/en/disquisition","/c/en/treatise","/c/en/botany","/c/en/abaxial"],"weight":0.20439999999999997,"degrees":[42,196,6881,43]},"num_concepts_raised":25770},{"base_id":463,"kind":"top_words","i1":7,"i2":8,"sol":{"path":["/c/en/stinting","/c/fr/économe","/c/fr/certain","/c/en/some","/c/en/autosome"],"weight":0.20342999999999972,"degrees":[42,110,983,876,65]},"num_concepts_raised":4252},{"base_id":463,"kind":"top_words","i1":7,"i2":9,"sol":{"path":["/c/en/stinting","/c/fr/économe","/c/fr/légume","/c/en/botany","/c/en/abaxial"],"weight":0.20330999999999982,"degrees":[42,110,443,6881,43]},"num_concepts_raised":25192},{"base_id":463,"kind":"top_words","i1":8,"i2":9,"sol":{"path":["/c/en/autosome","/c/en/genetics","/c/en/biology","/c/en/abaxial"],"weight":0.2035199999999998,"degrees":[65,1987,6216,43]},"num_concepts_raised":26842}]]