[[{"base_id":511,"kind":"bot_words","i1":0,"i2":1,"sol":{"path":["/c/en/sybarite","/c/fr/sybarite","/c/fr/personne","/c/fr/mémoires","/c/en/memoirs"],"weight":0.20487999999999992,"degrees":[40,46,3714,21,24]},"num_concepts_raised":463},{"base_id":511,"kind":"bot_words","i1":0,"i2":2,"sol":{"path":["/c/en/sybarite","/c/fr/sybarite","/c/fr/personne","/c/en/acquaintance","/c/en/acquainted"],"weight":0.2062199999999997,"degrees":[40,46,3714,407,118]},"num_concepts_raised":5030},{"base_id":511,"kind":"bot_words","i1":0,"i2":3,"sol":{"path":["/c/en/sybarite","/c/fr/sybarite","/c/en/soft","/c/en/metal","/c/en/nonmetal","/c/en/nonmetallic"],"weight":0.21230809999999994,"degrees":[40,46,1227,2107,145,25]},"num_concepts_raised":446110},{"base_id":511,"kind":"bot_words","i1":0,"i2":4,"sol":{"path":["/c/en/sybarite","/c/fr/sybarite","/c/en/soft","/c/en/dabble","/c/en/dunk"],"weight":0.20638999999999963,"degrees":[40,46,1227,127,165]},"num_concepts_raised":7183},{"base_id":511,"kind":"bot_words","i1":0,"i2":5,"sol":{"path":["/c/en/sybarite","/c/pt/sibarita","/c/en/historical","/c/en/office","/c/en/suite"],"weight":0.21384999999999954,"degrees":[40,7,8415,1568,269]},"num_concepts_raised":48794},{"base_id":511,"kind":"bot_words","i1":0,"i2":6,"sol":{"path":["/c/en/sybarite","/c/fr/sybarite","/c/fr/ancien","/c/fr/fonction","/c/en/mathematics","/c/en/minimization"],"weight":0.21133169999999907,"degrees":[40,46,4570,899,7601,48]},"num_concepts_raised":502578},{"base_id":511,"kind":"bot_words","i1":0,"i2":7,"sol":{"path":["/c/en/sybarite","/c/fr/sybarite","/c/en/soft","/c/en/egg","/c/en/bird","/c/en/manakin"],"weight":0.2186368999999988,"degrees":[40,46,1227,1565,4970,54]},"num_concepts_raised":287483},{"base_id":511,"kind":"bot_words","i1":0,"i2":8,"sol":{"path":["/c/en/sybarite","/c/fr/sybarite","/c/en/soft","/c/en/hands","/c/en/pray"],"weight":0.2124499999999991,"degrees":[40,46,1227,170,629]},"num_concepts_raised":40818},{"base_id":511,"kind":"bot_words","i1":0,"i2":9,"sol":{"path":["/c/en/sybarite","/c/fr/sybarite","/c/fr/ancien","/c/fr/réforme","/c/en/reform"],"weight":0.21507999999999908,"degrees":[40,46,4570,130,504]},"num_concepts_raised":24830},{"base_id":511,"kind":"bot_words","i1":1,"i2":2,"sol":{"path":["/c/en/memoirs","/c/en/memoir","/c/en/personal","/c/en/familiar","/c/en/acquainted"],"weight":0.20616999999999963,"degrees":[24,108,866,824,118]},"num_concepts_raised":5143},{"base_id":511,"kind":"bot_words","i1":1,"i2":3,"sol":{"path":["/c/en/memoirs","/c/en/memoir","/c/en/history","/c/en/chemistry","/c/en/nonmetallic"],"weight":0.20273999999999986,"degrees":[24,108,1864,11754,25]},"num_concepts_raised":14772},{"base_id":511,"kind":"bot_words","i1":1,"i2":4,"sol":{"path":["/c/en/memoirs","/c/fr/mémoires","/c/fr/participer","/c/en/dabble","/c/en/dunk"],"weight":0.20402999999999957,"degrees":[24,21,236,127,165]},"num_concepts_raised":7301},{"base_id":511,"kind":"bot_words","i1":1,"i2":5,"sol":{"path":["/c/en/memoirs","/c/fr/mémoires","/c/fr/témoin","/c/fr/suite","/c/en/suite"],"weight":0.21670999999999946,"degrees":[24,21,271,556,269]},"num_concepts_raised":48900},{"base_id":511,"kind":"bot_words","i1":1,"i2":6,"sol":{"path":["/c/en/memoirs","/c/en/memoir","/c/en/memory","/c/en/function","/c/en/minimization"],"weight":0.20314999999999994,"degrees":[24,108,1133,1730,48]},"num_concepts_raised":10498},{"base_id":511,"kind":"bot_words","i1":1,"i2":7,"sol":{"path":["/c/en/memoirs","/c/en/memoir","/c/fr/mémoire","/c/en/bill","/c/en/bird","/c/en/manakin"],"weight":0.2142165999999987,"degrees":[24,108,458,1413,4970,54]},"num_concepts_raised":280329},{"base_id":511,"kind":"bot_words","i1":1,"i2":8,"sol":{"path":["/c/en/memoirs","/c/it/memoriale","/c/en/request","/c/en/pray"],"weight":0.21066999999999902,"degrees":[24,12,983,629]},"num_concepts_raised":40921},{"base_id":511,"kind":"bot_words","i1":1,"i2":9,"sol":{"path":["/c/en/memoirs","/c/ja/紀要","/c/en/journal","/c/en/change","/c/en/reform"],"weight":0.208589999999999,"degrees":[24,10,333,3383,504]},"num_concepts_raised":24938},{"base_id":511,"kind":"bot_words","i1":2,"i2":3,"sol":{"path":["/c/en/acquainted","/c/en/familiar","/c/en/adjective","/c/en/chemistry","/c/en/nonmetallic"],"weight":0.20619999999999966,"degrees":[118,824,783,11754,25]},"num_concepts_raised":19311},{"base_id":511,"kind":"bot_words","i1":2,"i2":4,"sol":{"path":["/c/en/acquainted","/c/en/familiar","/c/fr/canard","/c/fr/tremper","/c/en/dunk"],"weight":0.20980999999999933,"degrees":[118,824,484,290,165]},"num_concepts_raised":11827},{"base_id":511,"kind":"bot_words","i1":2,"i2":5,"sol":{"path":["/c/en/acquainted","/c/en/familiar","/c/en/attendant","/c/en/suite"],"weight":0.21400999999999926,"degrees":[118,824,521,269]},"num_concepts_raised":53215},{"base_id":511,"kind":"bot_words","i1":2,"i2":6,"sol":{"path":["/c/en/acquainted","/c/en/friend","/c/en/function","/c/en/minimization"],"weight":0.20421999999999974,"degrees":[118,1704,1730,48]},"num_concepts_raised":15014},{"base_id":511,"kind":"bot_words","i1":2,"i2":7,"sol":{"path":["/c/en/acquainted","/c/en/friend","/c/en/bird","/c/en/manakin"],"weight":0.21125999999999956,"degrees":[118,1704,4970,54]},"num_concepts_raised":9381},{"base_id":511,"kind":"bot_words","i1":2,"i2":8,"sol":{"path":["/c/en/acquainted","/c/en/know","/c/en/believe","/c/en/pray"],"weight":0.21177999999999883,"degrees":[118,1226,704,629]},"num_concepts_raised":45194},{"base_id":511,"kind":"bot_words","i1":2,"i2":9,"sol":{"path":["/c/en/acquainted","/c/en/familiar","/c/en/new","/c/en/reform"],"weight":0.2117899999999988,"degrees":[118,824,1234,504]},"num_concepts_raised":29370},{"base_id":511,"kind":"bot_words","i1":3,"i2":4,"sol":{"path":["/c/en/nonmetallic","/c/en/chemistry","/c/en/wet","/c/fr/tremper","/c/en/dunk"],"weight":0.2064799999999996,"degrees":[25,11754,1063,290,165]},"num_concepts_raised":21424},{"base_id":511,"kind":"bot_words","i1":3,"i2":5,"sol":{"path":["/c/en/nonmetallic","/c/en/chemistry","/c/fi/sarja","/c/en/suite"],"weight":0.2126399999999995,"degrees":[25,11754,65,269]},"num_concepts_raised":62590},{"base_id":511,"kind":"bot_words","i1":3,"i2":6,"sol":{"path":["/c/en/nonmetallic","/c/en/chemistry","/c/en/function","/c/en/minimization"],"weight":0.20310999999999998,"degrees":[25,11754,1730,48]},"num_concepts_raised":24449},{"base_id":511,"kind":"bot_words","i1":3,"i2":7,"sol":{"path":["/c/en/nonmetallic","/c/en/nonmetal","/c/en/wood","/c/en/bird","/c/en/manakin"],"weight":0.21120999999999984,"degrees":[25,145,2440,4970,54]},"num_concepts_raised":19009},{"base_id":511,"kind":"bot_words","i1":3,"i2":8,"sol":{"path":["/c/en/nonmetallic","/c/en/chemistry","/c/en/activity","/c/en/pray"],"weight":0.21024999999999905,"degrees":[25,11754,1154,629]},"num_concepts_raised":54902},{"base_id":511,"kind":"bot_words","i1":3,"i2":9,"sol":{"path":["/c/en/nonmetallic","/c/en/chemistry","/c/en/reform"],"weight":0.202,"degrees":[25,11754,504]},"num_concepts_raised":427},{"base_id":511,"kind":"bot_words","i1":4,"i2":5,"sol":{"path":["/c/en/dunk","/c/fi/upottaa","/c/en/set","/c/en/suite"],"weight":0.21524999999999916,"degrees":[165,56,2628,269]},"num_concepts_raised":55148},{"base_id":511,"kind":"bot_words","i1":4,"i2":6,"sol":{"path":["/c/en/dunk","/c/en/immerse","/c/en/mathematics","/c/en/minimization"],"weight":0.20575999999999967,"degrees":[165,275,7601,48]},"num_concepts_raised":17096},{"base_id":511,"kind":"bot_words","i1":4,"i2":7,"sol":{"path":["/c/en/dunk","/c/en/immerse","/c/en/egg","/c/en/bird","/c/en/manakin"],"weight":0.2128199999999995,"degrees":[165,275,1565,4970,54]},"num_concepts_raised":11527},{"base_id":511,"kind":"bot_words","i1":4,"i2":8,"sol":{"path":["/c/en/dunk","/c/en/dunker","/c/en/religious","/c/en/pray"],"weight":0.21187999999999876,"degrees":[165,29,1068,629]},"num_concepts_raised":47283},{"base_id":511,"kind":"bot_words","i1":4,"i2":9,"sol":{"path":["/c/en/dunk","/c/en/dip","/c/en/create_from_raw_material","/c/en/reform"],"weight":0.21004999999999874,"degrees":[165,565,39,504]},"num_concepts_raised":31466},{"base_id":511,"kind":"bot_words","i1":5,"i2":6,"sol":{"path":["/c/en/suite","/c/fr/suite","/c/en/mathematics","/c/en/minimization"],"weight":0.21726999999999957,"degrees":[269,556,7601,48]},"num_concepts_raised":57683},{"base_id":511,"kind":"bot_words","i1":5,"i2":7,"sol":{"path":["/c/en/suite","/c/en/group","/c/en/bird","/c/en/manakin"],"weight":0.2181399999999994,"degrees":[269,2339,4970,54]},"num_concepts_raised":53000},{"base_id":511,"kind":"bot_words","i1":5,"i2":8,"sol":{"path":["/c/en/suite","/c/en/office","/c/en/religion","/c/en/pray"],"weight":0.22164999999999865,"degrees":[269,1568,3331,629]},"num_concepts_raised":86994},{"base_id":511,"kind":"bot_words","i1":5,"i2":9,"sol":{"path":["/c/en/suite","/c/en/set","/c/en/change","/c/en/reform"],"weight":0.21881999999999863,"degrees":[269,2628,3383,504]},"num_concepts_raised":71993},{"base_id":511,"kind":"bot_words","i1":6,"i2":7,"sol":{"path":["/c/en/minimization","/c/en/function","/c/en/wing","/c/en/bird","/c/en/manakin"],"weight":0.21055999999999991,"degrees":[48,1730,1177,4970,54]},"num_concepts_raised":14730},{"base_id":511,"kind":"bot_words","i1":6,"i2":8,"sol":{"path":["/c/en/minimization","/c/en/function","/c/en/religion","/c/en/pray"],"weight":0.21215999999999913,"degrees":[48,1730,3331,629]},"num_concepts_raised":50409},{"base_id":511,"kind":"bot_words","i1":6,"i2":9,"sol":{"path":["/c/en/minimization","/c/en/mathematics","/c/en/change","/c/en/reform"],"weight":0.2091799999999991,"degrees":[48,7601,3383,504]},"num_concepts_raised":34452},{"base_id":511,"kind":"bot_words","i1":7,"i2":8,"sol":{"path":["/c/en/manakin","/c/en/bird","/c/en/time","/c/en/pray"],"weight":0.21761999999999898,"degrees":[54,4970,4124,629]},"num_concepts_raised":45088},{"base_id":511,"kind":"bot_words","i1":7,"i2":9,"sol":{"path":["/c/en/manakin","/c/en/bird","/c/en/animal","/c/en/reclaim","/c/en/reform"],"weight":0.21779999999999894,"degrees":[54,4970,3735,155,504]},"num_concepts_raised":29161},{"base_id":511,"kind":"bot_words","i1":8,"i2":9,"sol":{"path":["/c/en/pray","/c/en/prayer","/c/en/illuminati","/c/en/reform"],"weight":0.2178299999999982,"degrees":[629,899,95,504]},"num_concepts_raised":64348}],[{"base_id":511,"kind":"top_words","i1":0,"i2":1,"sol":{"path":["/c/en/pupate","/c/en/grow","/c/en/cotton","/c/en/bedding"],"weight":0.20438999999999968,"degrees":[27,1569,1181,169]},"num_concepts_raised":17963},{"base_id":511,"kind":"top_words","i1":0,"i2":2,"sol":{"path":["/c/en/pupate","/c/en/grow","/c/en/alive","/c/en/blanket","/c/en/blankets"],"weight":0.2119499999999998,"degrees":[27,1569,600,693,37]},"num_concepts_raised":9792},{"base_id":511,"kind":"top_words","i1":0,"i2":3,"sol":{"path":["/c/en/pupate","/c/en/grow","/c/en/wax","/c/en/floor","/c/en/carpeting"],"weight":0.20314999999999972,"degrees":[27,1569,1206,1308,59]},"num_concepts_raised":9743},{"base_id":511,"kind":"top_words","i1":0,"i2":4,"sol":{"path":["/c/en/pupate","/c/en/grow","/c/en/small","/c/en/rug","/c/en/carpet"],"weight":0.2244599999999995,"degrees":[27,1569,2515,478,633]},"num_concepts_raised":68509},{"base_id":511,"kind":"top_words","i1":0,"i2":5,"sol":{"path":["/c/en/pupate","/c/en/grow","/c/en/carry","/c/en/tote"],"weight":0.20401999999999976,"degrees":[27,1569,1539,54]},"num_concepts_raised":12175},{"base_id":511,"kind":"top_words","i1":0,"i2":6,"sol":{"path":["/c/en/pupate","/c/zh/蛻皮","/c/en/skin","/c/en/upholstery"],"weight":0.20352999999999974,"degrees":[27,11,2372,101]},"num_concepts_raised":12867},{"base_id":511,"kind":"top_words","i1":0,"i2":7,"sol":{"path":["/c/en/pupate","/c/en/grow","/c/en/cotton","/c/en/pillow","/c/en/pillows"],"weight":0.20984999999999981,"degrees":[27,1569,1181,611,34]},"num_concepts_raised":11801},{"base_id":511,"kind":"top_words","i1":0,"i2":8,"sol":{"path":["/c/en/pupate","/c/en/grow","/c/en/change","/c/en/wet","/c/en/sodden"],"weight":0.2045099999999998,"degrees":[27,1569,3383,1063,82]},"num_concepts_raised":9226},{"base_id":511,"kind":"top_words","i1":0,"i2":9,"sol":{"path":["/c/en/pupate","/c/zh/蛻皮","/c/en/skin","/c/en/leather"],"weight":0.22419999999999848,"degrees":[27,11,2372,911]},"num_concepts_raised":52224},{"base_id":511,"kind":"top_words","i1":1,"i2":2,"sol":{"path":["/c/en/bedding","/c/en/blanket","/c/en/blankets"],"weight":0.20700000000000002,"degrees":[169,693,37]},"num_concepts_raised":166},{"base_id":511,"kind":"top_words","i1":1,"i2":3,"sol":{"path":["/c/en/bedding","/c/en/bed","/c/en/carpeting"],"weight":0.203,"degrees":[169,2185,59]},"num_concepts_raised":196},{"base_id":511,"kind":"top_words","i1":1,"i2":4,"sol":{"path":["/c/en/bedding","/c/en/bed","/c/en/carpet"],"weight":0.20500000000000002,"degrees":[169,2185,633]},"num_concepts_raised":606},{"base_id":511,"kind":"top_words","i1":1,"i2":5,"sol":{"path":["/c/en/bedding","/c/en/bed","/c/en/bag","/c/en/tote"],"weight":0.2076099999999996,"degrees":[169,2185,1275,54]},"num_concepts_raised":26565},{"base_id":511,"kind":"top_words","i1":1,"i2":6,"sol":{"path":["/c/en/bedding","/c/ar/فرش","/c/en/upholstery"],"weight":0.202,"degrees":[169,44,101]},"num_concepts_raised":226},{"base_id":511,"kind":"top_words","i1":1,"i2":7,"sol":{"path":["/c/en/bedding","/c/en/bed","/c/en/pillows"],"weight":0.20500000000000002,"degrees":[169,2185,34]},"num_concepts_raised":169},{"base_id":511,"kind":"top_words","i1":1,"i2":8,"sol":{"path":["/c/en/bedding","/c/en/cover","/c/en/sod","/c/en/sodden"],"weight":0.20525999999999966,"degrees":[169,2802,172,82]},"num_concepts_raised":23966},{"base_id":511,"kind":"top_words","i1":1,"i2":9,"sol":{"path":["/c/en/bedding","/c/en/free_sheet","/c/en/leather"],"weight":0.20400000000000001,"degrees":[169,41,911]},"num_concepts_raised":849},{"base_id":511,"kind":"top_words","i1":2,"i2":3,"sol":{"path":["/c/en/blankets","/c/en/bed","/c/en/carpeting"],"weight":0.20400000000000001,"degrees":[37,2185,59]},"num_concepts_raised":88},{"base_id":511,"kind":"top_words","i1":2,"i2":4,"sol":{"path":["/c/en/blankets","/c/en/blanket","/c/en/carpet"],"weight":0.20800000000000002,"degrees":[37,693,633]},"num_concepts_raised":498},{"base_id":511,"kind":"top_words","i1":2,"i2":5,"sol":{"path":["/c/en/blankets","/c/en/bed","/c/en/bag","/c/en/tote"],"weight":0.20941999999999972,"degrees":[37,2185,1275,54]},"num_concepts_raised":18640},{"base_id":511,"kind":"top_words","i1":2,"i2":6,"sol":{"path":["/c/en/blankets","/c/en/covers","/c/en/upholstery"],"weight":0.20400000000000001,"degrees":[37,40,101]},"num_concepts_raised":118},{"base_id":511,"kind":"top_words","i1":2,"i2":7,"sol":{"path":["/c/en/blankets","/c/en/bed","/c/en/pillows"],"weight":0.20600000000000002,"degrees":[37,2185,34]},"num_concepts_raised":61},{"base_id":511,"kind":"top_words","i1":2,"i2":8,"sol":{"path":["/c/en/blankets","/c/en/covers","/c/en/wet","/c/en/sodden"],"weight":0.20966999999999977,"degrees":[37,40,1063,82]},"num_concepts_raised":15797},{"base_id":511,"kind":"top_words","i1":2,"i2":9,"sol":{"path":["/c/en/blankets","/c/en/cover","/c/en/hide","/c/en/leather"],"weight":0.23024999999999848,"degrees":[37,2802,1620,911]},"num_concepts_raised":57666},{"base_id":511,"kind":"top_words","i1":3,"i2":4,"sol":{"path":["/c/en/carpeting","/c/en/carpet"],"weight":0.20500000000000002,"degrees":[59,633]},"num_concepts_raised":508},{"base_id":511,"kind":"top_words","i1":3,"i2":5,"sol":{"path":["/c/en/carpeting","/c/en/bed","/c/en/bag","/c/en/tote"],"weight":0.20458999999999966,"degrees":[59,2185,1275,54]},"num_concepts_raised":18594},{"base_id":511,"kind":"top_words","i1":3,"i2":6,"sol":{"path":["/c/en/carpeting","/c/en/carpet","/c/en/fabric","/c/en/upholstery"],"weight":0.20632999999999962,"degrees":[59,633,1105,101]},"num_concepts_raised":19018},{"base_id":511,"kind":"top_words","i1":3,"i2":7,"sol":{"path":["/c/en/carpeting","/c/en/bed","/c/en/pillows"],"weight":0.20400000000000001,"degrees":[59,2185,34]},"num_concepts_raised":86},{"base_id":511,"kind":"top_words","i1":3,"i2":8,"sol":{"path":["/c/en/carpeting","/c/en/floor","/c/en/wet","/c/en/sodden"],"weight":0.20504999999999968,"degrees":[59,1308,1063,82]},"num_concepts_raised":15812},{"base_id":511,"kind":"top_words","i1":3,"i2":9,"sol":{"path":["/c/en/carpeting","/c/en/floor","/c/en/shoes","/c/en/leather"],"weight":0.22150999999999843,"degrees":[59,1308,171,911]},"num_concepts_raised":58139},{"base_id":511,"kind":"top_words","i1":4,"i2":5,"sol":{"path":["/c/en/carpet","/c/en/wool","/c/en/british","/c/en/tote"],"weight":0.21833999999999948,"degrees":[633,1201,3452,54]},"num_concepts_raised":75996},{"base_id":511,"kind":"top_words","i1":4,"i2":6,"sol":{"path":["/c/en/carpet","/c/en/covering","/c/en/upholstery"],"weight":0.20600000000000002,"degrees":[633,704,101]},"num_concepts_raised":553},{"base_id":511,"kind":"top_words","i1":4,"i2":7,"sol":{"path":["/c/en/carpet","/c/en/bed","/c/en/pillows"],"weight":0.20600000000000002,"degrees":[633,2185,34]},"num_concepts_raised":499},{"base_id":511,"kind":"top_words","i1":4,"i2":8,"sol":{"path":["/c/en/carpet","/c/en/floor","/c/en/wet","/c/en/sodden"],"weight":0.22264999999999951,"degrees":[633,1308,1063,82]},"num_concepts_raised":73832},{"base_id":511,"kind":"top_words","i1":4,"i2":9,"sol":{"path":["/c/en/carpet","/c/en/fabric","/c/en/leather"],"weight":0.20700000000000002,"degrees":[633,1105,911]},"num_concepts_raised":1178},{"base_id":511,"kind":"top_words","i1":5,"i2":6,"sol":{"path":["/c/en/tote","/c/en/bag","/c/en/skin","/c/en/upholstery"],"weight":0.20505999999999966,"degrees":[54,1275,2372,101]},"num_concepts_raised":21684},{"base_id":511,"kind":"top_words","i1":5,"i2":7,"sol":{"path":["/c/en/tote","/c/en/bag","/c/en/bed","/c/en/pillows"],"weight":0.20934999999999973,"degrees":[54,1275,2185,34]},"num_concepts_raised":20641},{"base_id":511,"kind":"top_words","i1":5,"i2":8,"sol":{"path":["/c/en/tote","/c/en/british","/c/en/wet","/c/en/sodden"],"weight":0.20481999999999972,"degrees":[54,3452,1063,82]},"num_concepts_raised":18212},{"base_id":511,"kind":"top_words","i1":5,"i2":9,"sol":{"path":["/c/en/tote","/c/en/handbag","/c/en/leather"],"weight":0.20400000000000001,"degrees":[54,227,911]},"num_concepts_raised":760},{"base_id":511,"kind":"top_words","i1":6,"i2":7,"sol":{"path":["/c/en/upholstery","/c/en/seat","/c/en/pillows"],"weight":0.20400000000000001,"degrees":[101,1314,34]},"num_concepts_raised":117},{"base_id":511,"kind":"top_words","i1":6,"i2":8,"sol":{"path":["/c/en/upholstery","/c/en/covers","/c/en/wet","/c/en/sodden"],"weight":0.20539999999999972,"degrees":[101,40,1063,82]},"num_concepts_raised":18915},{"base_id":511,"kind":"top_words","i1":6,"i2":9,"sol":{"path":["/c/en/upholstery","/c/en/fabric","/c/en/leather"],"weight":0.20500000000000002,"degrees":[101,1105,911]},"num_concepts_raised":793},{"base_id":511,"kind":"top_words","i1":7,"i2":8,"sol":{"path":["/c/en/pillows","/c/en/cloud","/c/en/wet","/c/en/sodden"],"weight":0.2096799999999998,"degrees":[34,1642,1063,82]},"num_concepts_raised":17800},{"base_id":511,"kind":"top_words","i1":7,"i2":9,"sol":{"path":["/c/en/pillows","/c/en/alternative_rock","/c/en/hide","/c/en/leather"],"weight":0.2297399999999985,"degrees":[34,227,1620,911]},"num_concepts_raised":59857},{"base_id":511,"kind":"top_words","i1":8,"i2":9,"sol":{"path":["/c/en/sodden","/c/en/liquid","/c/en/leather"],"weight":0.20400000000000001,"degrees":[82,1778,911]},"num_concepts_raised":777}]]