[[{"base_id":998,"kind":"bot_words","i1":0,"i2":1,"sol":{"path":["/c/en/bream","/c/en/fire","/c/en/really","/c/en/falsely"],"weight":0.20497999999999966,"degrees":[126,2829,762,105]},"num_concepts_raised":18443},{"base_id":998,"kind":"bot_words","i1":0,"i2":2,"sol":{"path":["/c/en/bream","/c/en/clean","/c/en/fall","/c/en/coming"],"weight":0.20692999999999928,"degrees":[126,1667,2357,269]},"num_concepts_raised":45796},{"base_id":998,"kind":"bot_words","i1":0,"i2":3,"sol":{"path":["/c/en/bream","/c/en/british","/c/en/mineral","/c/en/phyllosilicate"],"weight":0.20419999999999977,"degrees":[126,3452,8530,32]},"num_concepts_raised":23414},{"base_id":998,"kind":"bot_words","i1":0,"i2":4,"sol":{"path":["/c/en/bream","/c/en/clean","/c/en/religion","/c/en/hindustan"],"weight":0.20973999999999987,"degrees":[126,1667,3331,70]},"num_concepts_raised":21974},{"base_id":998,"kind":"bot_words","i1":0,"i2":5,"sol":{"path":["/c/en/bream","/c/en/nautical","/c/en/chop","/c/en/clive"],"weight":0.20401999999999973,"degrees":[126,5204,655,38]},"num_concepts_raised":130731},{"base_id":998,"kind":"bot_words","i1":0,"i2":6,"sol":{"path":["/c/en/bream","/c/en/breeze","/c/en/blow","/c/en/blown"],"weight":0.20548999999999967,"degrees":[126,443,1623,63]},"num_concepts_raised":28222},{"base_id":998,"kind":"bot_words","i1":0,"i2":7,"sol":{"path":["/c/en/bream","/c/en/nautical","/c/en/head","/c/en/headboard"],"weight":0.20657999999999982,"degrees":[126,5204,3580,57]},"num_concepts_raised":21072},{"base_id":998,"kind":"bot_words","i1":0,"i2":8,"sol":{"path":["/c/en/bream","/c/en/fire","/c/en/base","/c/en/f","/c/en/ff"],"weight":0.2051199999999998,"degrees":[126,2829,2117,192,25]},"num_concepts_raised":14960},{"base_id":998,"kind":"bot_words","i1":0,"i2":9,"sol":{"path":["/c/en/bream","/c/en/broom","/c/en/bramble","/c/en/cloudberry"],"weight":0.20573999999999976,"degrees":[126,609,166,84]},"num_concepts_raised":26867},{"base_id":998,"kind":"bot_words","i1":1,"i2":2,"sol":{"path":["/c/en/falsely","/c/en/false","/c/en/stale","/c/en/coming"],"weight":0.20660999999999924,"degrees":[105,970,462,269]},"num_concepts_raised":35828},{"base_id":998,"kind":"bot_words","i1":1,"i2":3,"sol":{"path":["/c/en/falsely","/c/en/false","/c/en/music","/c/en/sheet","/c/en/phyllosilicate"],"weight":0.20384999999999975,"degrees":[105,970,8822,843,32]},"num_concepts_raised":13076},{"base_id":998,"kind":"bot_words","i1":1,"i2":4,"sol":{"path":["/c/en/falsely","/c/en/pretend","/c/en/religion","/c/en/hindustan"],"weight":0.20940999999999982,"degrees":[105,485,3331,70]},"num_concepts_raised":11618},{"base_id":998,"kind":"bot_words","i1":1,"i2":5,"sol":{"path":["/c/en/falsely","/c/en/pretend","/c/en/make","/c/en/cleave","/c/en/clive"],"weight":0.20480999999999966,"degrees":[105,485,3395,321,38]},"num_concepts_raised":120595},{"base_id":998,"kind":"bot_words","i1":1,"i2":6,"sol":{"path":["/c/en/falsely","/c/en/false","/c/en/stale","/c/en/blown"],"weight":0.20415999999999962,"degrees":[105,970,462,63]},"num_concepts_raised":18204},{"base_id":998,"kind":"bot_words","i1":1,"i2":7,"sol":{"path":["/c/en/falsely","/c/en/false","/c/en/lie","/c/en/bed","/c/en/headboard"],"weight":0.20664999999999972,"degrees":[105,970,1854,2185,57]},"num_concepts_raised":10921},{"base_id":998,"kind":"bot_words","i1":1,"i2":8,"sol":{"path":["/c/en/falsely","/c/en/false","/c/en/music","/c/en/f","/c/en/ff"],"weight":0.20493999999999973,"degrees":[105,970,8822,192,25]},"num_concepts_raised":4506},{"base_id":998,"kind":"bot_words","i1":1,"i2":9,"sol":{"path":["/c/en/falsely","/c/en/manswear","/c/en/dialectal","/c/en/berry","/c/en/cloudberry"],"weight":0.2055299999999997,"degrees":[105,15,4127,772,84]},"num_concepts_raised":16555},{"base_id":998,"kind":"bot_words","i1":2,"i2":3,"sol":{"path":["/c/en/coming","/c/en/come","/c/en/order","/c/en/crystal","/c/en/phyllosilicate"],"weight":0.20824999999999932,"degrees":[269,1658,2833,940,32]},"num_concepts_raised":40866},{"base_id":998,"kind":"bot_words","i1":2,"i2":4,"sol":{"path":["/c/en/coming","/c/en/advent","/c/en/religion","/c/en/hindustan"],"weight":0.21273999999999943,"degrees":[269,253,3331,70]},"num_concepts_raised":39079},{"base_id":998,"kind":"bot_words","i1":2,"i2":5,"sol":{"path":["/c/en/coming","/c/en/advent","/c/fr/localités","/c/en/clive"],"weight":0.2070699999999993,"degrees":[269,253,110113,38]},"num_concepts_raised":147860},{"base_id":998,"kind":"bot_words","i1":2,"i2":6,"sol":{"path":["/c/en/coming","/c/en/stale","/c/en/blown"],"weight":0.202,"degrees":[269,462,63]},"num_concepts_raised":297},{"base_id":998,"kind":"bot_words","i1":2,"i2":7,"sol":{"path":["/c/en/coming","/c/en/leave","/c/en/head","/c/en/headboard"],"weight":0.20828999999999936,"degrees":[269,1955,3580,57]},"num_concepts_raised":38378},{"base_id":998,"kind":"bot_words","i1":2,"i2":8,"sol":{"path":["/c/en/coming","/c/en/base","/c/en/f","/c/en/ff"],"weight":0.20653999999999934,"degrees":[269,2117,192,25]},"num_concepts_raised":32412},{"base_id":998,"kind":"bot_words","i1":2,"i2":9,"sol":{"path":["/c/en/coming","/c/en/branch","/c/fr/botanique","/c/en/cloudberry"],"weight":0.20641999999999933,"degrees":[269,1753,7950,84]},"num_concepts_raised":44213},{"base_id":998,"kind":"bot_words","i1":3,"i2":4,"sol":{"path":["/c/en/phyllosilicate","/c/en/mineral","/c/en/earth","/c/en/india","/c/en/hindustan"],"weight":0.20874999999999994,"degrees":[32,8530,2336,1846,70]},"num_concepts_raised":16652},{"base_id":998,"kind":"bot_words","i1":3,"i2":5,"sol":{"path":["/c/en/phyllosilicate","/c/en/mineralogy","/c/en/cleave","/c/en/clive"],"weight":0.2039799999999998,"degrees":[32,3281,321,38]},"num_concepts_raised":125596},{"base_id":998,"kind":"bot_words","i1":3,"i2":6,"sol":{"path":["/c/en/phyllosilicate","/c/en/mineral","/c/en/glass","/c/en/blown"],"weight":0.20329999999999976,"degrees":[32,8530,1851,63]},"num_concepts_raised":23174},{"base_id":998,"kind":"bot_words","i1":3,"i2":7,"sol":{"path":["/c/en/phyllosilicate","/c/en/sheet","/c/en/bed","/c/en/headboard"],"weight":0.20534999999999987,"degrees":[32,843,2185,57]},"num_concepts_raised":15883},{"base_id":998,"kind":"bot_words","i1":3,"i2":8,"sol":{"path":["/c/en/phyllosilicate","/c/en/sheet","/c/la/folium","/c/en/ff"],"weight":0.20265999999999984,"degrees":[32,843,141,25]},"num_concepts_raised":9520},{"base_id":998,"kind":"bot_words","i1":3,"i2":9,"sol":{"path":["/c/en/phyllosilicate","/c/en/crystal","/c/en/slang","/c/fi/lakka","/c/en/cloudberry"],"weight":0.2057899999999998,"degrees":[32,940,16318,112,84]},"num_concepts_raised":21545},{"base_id":998,"kind":"bot_words","i1":4,"i2":5,"sol":{"path":["/c/en/hindustan","/c/en/religion","/c/en/wafer","/c/en/cleave","/c/en/clive"],"weight":0.20954999999999985,"degrees":[70,3331,242,321,38]},"num_concepts_raised":124118},{"base_id":998,"kind":"bot_words","i1":4,"i2":6,"sol":{"path":["/c/en/hindustan","/c/en/india","/c/en/wind","/c/en/blown"],"weight":0.20907999999999982,"degrees":[70,1846,2373,63]},"num_concepts_raised":21779},{"base_id":998,"kind":"bot_words","i1":4,"i2":7,"sol":{"path":["/c/en/hindustan","/c/en/india","/c/en/boss","/c/en/head","/c/en/headboard"],"weight":0.21115999999999993,"degrees":[70,1846,723,3580,57]},"num_concepts_raised":14483},{"base_id":998,"kind":"bot_words","i1":4,"i2":8,"sol":{"path":["/c/en/hindustan","/c/en/india","/c/en/alphabet","/c/en/f","/c/en/ff"],"weight":0.20960999999999994,"degrees":[70,1846,713,192,25]},"num_concepts_raised":8096},{"base_id":998,"kind":"bot_words","i1":4,"i2":9,"sol":{"path":["/c/en/hindustan","/c/en/northern","/c/fr/nordique","/c/fr/plaquebière","/c/en/cloudberry"],"weight":0.21174999999999988,"degrees":[70,484,79,204,84]},"num_concepts_raised":20138},{"base_id":998,"kind":"bot_words","i1":5,"i2":6,"sol":{"path":["/c/en/clive","/c/en/cleave","/c/en/glass","/c/en/blown"],"weight":0.20418999999999968,"degrees":[38,321,1851,63]},"num_concepts_raised":130628},{"base_id":998,"kind":"bot_words","i1":5,"i2":7,"sol":{"path":["/c/en/clive","/c/en/climb","/c/en/board","/c/en/headboard"],"weight":0.20329999999999981,"degrees":[38,956,1625,57]},"num_concepts_raised":123360},{"base_id":998,"kind":"bot_words","i1":5,"i2":8,"sol":{"path":["/c/en/clive","/c/en/split","/c/en/music","/c/en/f","/c/en/ff"],"weight":0.2039499999999998,"degrees":[38,892,8822,192,25]},"num_concepts_raised":117085},{"base_id":998,"kind":"bot_words","i1":5,"i2":9,"sol":{"path":["/c/en/clive","/c/en/burdock","/c/fr/plantes","/c/fr/plaquebière","/c/en/cloudberry"],"weight":0.20612999999999976,"degrees":[38,123,4188,204,84]},"num_concepts_raised":128997},{"base_id":998,"kind":"bot_words","i1":6,"i2":7,"sol":{"path":["/c/en/blown","/c/en/drug","/c/en/head","/c/en/headboard"],"weight":0.20564999999999975,"degrees":[63,4920,3580,57]},"num_concepts_raised":20917},{"base_id":998,"kind":"bot_words","i1":6,"i2":8,"sol":{"path":["/c/en/blown","/c/en/form","/c/en/f","/c/en/ff"],"weight":0.20409999999999973,"degrees":[63,2423,192,25]},"num_concepts_raised":14741},{"base_id":998,"kind":"bot_words","i1":6,"i2":9,"sol":{"path":["/c/en/blown","/c/en/drug","/c/fi/lakka","/c/en/cloudberry"],"weight":0.2060799999999997,"degrees":[63,4920,112,84]},"num_concepts_raised":26641},{"base_id":998,"kind":"bot_words","i1":7,"i2":8,"sol":{"path":["/c/en/headboard","/c/en/head","/c/en/music","/c/en/f","/c/en/ff"],"weight":0.20639999999999986,"degrees":[57,3580,8822,192,25]},"num_concepts_raised":7416},{"base_id":998,"kind":"bot_words","i1":7,"i2":9,"sol":{"path":["/c/en/headboard","/c/en/head","/c/fr/botanique","/c/en/cloudberry"],"weight":0.20620999999999984,"degrees":[57,3580,7950,84]},"num_concepts_raised":19381},{"base_id":998,"kind":"bot_words","i1":8,"i2":9,"sol":{"path":["/c/en/ff","/c/la/folium","/c/fr/botanique","/c/en/cloudberry"],"weight":0.20358999999999983,"degrees":[25,141,7950,84]},"num_concepts_raised":13022}],[{"base_id":998,"kind":"top_words","i1":0,"i2":1,"sol":{"path":["/c/en/conterminous","/c/en/extent","/c/en/full","/c/en/chockablock"],"weight":0.2045699999999997,"degrees":[74,474,1421,47]},"num_concepts_raised":23544},{"base_id":998,"kind":"top_words","i1":0,"i2":2,"sol":{"path":["/c/en/conterminous","/c/en/contiguous","/c/en/close","/c/en/intimate","/c/en/fraternize"],"weight":0.20627999999999974,"degrees":[74,173,2153,434,71]},"num_concepts_raised":17639},{"base_id":998,"kind":"top_words","i1":0,"i2":3,"sol":{"path":["/c/en/conterminous","/c/en/contiguous","/c/en/touching","/c/en/feel","/c/en/sympathise"],"weight":0.20548999999999973,"degrees":[74,173,157,1238,28]},"num_concepts_raised":13549},{"base_id":998,"kind":"top_words","i1":0,"i2":4,"sol":{"path":["/c/en/conterminous","/c/en/legal","/c/en/team","/c/en/teem"],"weight":0.2057099999999995,"degrees":[74,6627,902,156]},"num_concepts_raised":17677},{"base_id":998,"kind":"top_words","i1":0,"i2":5,"sol":{"path":["/c/en/conterminous","/c/en/extent","/c/en/thick","/c/en/unacquainted"],"weight":0.20327999999999968,"degrees":[74,474,1055,35]},"num_concepts_raised":15559},{"base_id":998,"kind":"top_words","i1":0,"i2":6,"sol":{"path":["/c/en/conterminous","/c/en/geography","/c/en/river","/c/en/anastomose"],"weight":0.20325999999999972,"degrees":[74,1915,2945,34]},"num_concepts_raised":22738},{"base_id":998,"kind":"top_words","i1":0,"i2":7,"sol":{"path":["/c/en/conterminous","/c/la/con","/c/en/collude","/c/en/cahoots"],"weight":0.2034699999999997,"degrees":[74,227,57,44]},"num_concepts_raised":12776},{"base_id":998,"kind":"top_words","i1":0,"i2":8,"sol":{"path":["/c/en/conterminous","/c/en/coextensive"],"weight":0.203,"degrees":[74,30]},"num_concepts_raised":89},{"base_id":998,"kind":"top_words","i1":0,"i2":9,"sol":{"path":["/c/en/conterminous","/c/la/con","/c/it/convivere","/c/en/cohabit"],"weight":0.20487999999999962,"degrees":[74,227,64,90]},"num_concepts_raised":16881},{"base_id":998,"kind":"top_words","i1":1,"i2":2,"sol":{"path":["/c/en/chockablock","/c/en/a","/c/en/associate","/c/en/fraternize"],"weight":0.20351999999999987,"degrees":[47,1436,618,71]},"num_concepts_raised":18123},{"base_id":998,"kind":"top_words","i1":1,"i2":3,"sol":{"path":["/c/en/chockablock","/c/en/full","/c/en/feel","/c/en/sympathise"],"weight":0.20399999999999985,"degrees":[47,1421,1238,28]},"num_concepts_raised":13993},{"base_id":998,"kind":"top_words","i1":1,"i2":4,"sol":{"path":["/c/en/chockablock","/c/en/full","/c/en/empty","/c/en/teem"],"weight":0.20564999999999967,"degrees":[47,1421,1046,156]},"num_concepts_raised":18002},{"base_id":998,"kind":"top_words","i1":1,"i2":5,"sol":{"path":["/c/en/chockablock","/c/en/crowded","/c/en/thick","/c/en/unacquainted"],"weight":0.20397999999999983,"degrees":[47,255,1055,35]},"num_concepts_raised":16009},{"base_id":998,"kind":"top_words","i1":1,"i2":6,"sol":{"path":["/c/en/chockablock","/c/en/movement","/c/en/river","/c/en/anastomose"],"weight":0.20295999999999986,"degrees":[47,1567,2945,34]},"num_concepts_raised":23221},{"base_id":998,"kind":"top_words","i1":1,"i2":7,"sol":{"path":["/c/en/chockablock","/c/en/full","/c/en/class","/c/en/cohort","/c/en/cahoots"],"weight":0.20629999999999982,"degrees":[47,1421,1926,135,44]},"num_concepts_raised":13251},{"base_id":998,"kind":"top_words","i1":1,"i2":8,"sol":{"path":["/c/en/chockablock","/c/en/a","/c/en/logic","/c/en/coextensive"],"weight":0.20295999999999986,"degrees":[47,1436,1412,30]},"num_concepts_raised":16665},{"base_id":998,"kind":"top_words","i1":1,"i2":9,"sol":{"path":["/c/en/chockablock","/c/en/full","/c/en/person","/c/en/live","/c/en/cohabit"],"weight":0.20490999999999976,"degrees":[47,1421,12935,1553,90]},"num_concepts_raised":17378},{"base_id":998,"kind":"top_words","i1":2,"i2":3,"sol":{"path":["/c/en/fraternize","/c/en/associate","/c/en/sympathy","/c/en/sympathise"],"weight":0.2033399999999999,"degrees":[71,618,455,28]},"num_concepts_raised":7995},{"base_id":998,"kind":"top_words","i1":2,"i2":4,"sol":{"path":["/c/en/fraternize","/c/en/player","/c/en/team","/c/en/teem"],"weight":0.20581999999999967,"degrees":[71,1005,902,156]},"num_concepts_raised":12102},{"base_id":998,"kind":"top_words","i1":2,"i2":5,"sol":{"path":["/c/en/fraternize","/c/en/intimate","/c/en/familiar","/c/en/unacquainted"],"weight":0.20347999999999983,"degrees":[71,434,824,35]},"num_concepts_raised":9973},{"base_id":998,"kind":"top_words","i1":2,"i2":6,"sol":{"path":["/c/en/fraternize","/c/en/associate","/c/en/join","/c/en/anastomose"],"weight":0.20343999999999987,"degrees":[71,618,1308,34]},"num_concepts_raised":17254},{"base_id":998,"kind":"top_words","i1":2,"i2":7,"sol":{"path":["/c/en/fraternize","/c/en/associate","/c/en/cohort","/c/en/cahoots"],"weight":0.20557999999999987,"degrees":[71,618,135,44]},"num_concepts_raised":7214},{"base_id":998,"kind":"top_words","i1":2,"i2":8,"sol":{"path":["/c/en/fraternize","/c/en/fraternity","/c/en/college","/c/en/israel","/c/en/coextensive"],"weight":0.2045699999999999,"degrees":[71,236,710,512,30]},"num_concepts_raised":10728},{"base_id":998,"kind":"top_words","i1":2,"i2":9,"sol":{"path":["/c/en/fraternize","/c/en/sexual","/c/en/sexual_intercourse","/c/en/cohabit"],"weight":0.2039999999999998,"degrees":[71,1042,774,90]},"num_concepts_raised":11353},{"base_id":998,"kind":"top_words","i1":3,"i2":4,"sol":{"path":["/c/en/sympathise","/c/en/feel","/c/en/crawl","/c/en/teem"],"weight":0.20420999999999967,"degrees":[28,1238,601,156]},"num_concepts_raised":7958},{"base_id":998,"kind":"top_words","i1":3,"i2":5,"sol":{"path":["/c/en/sympathise","/c/en/feel","/c/ja/知る","/c/en/unfamiliar","/c/en/unacquainted"],"weight":0.20287999999999984,"degrees":[28,1238,102,187,35]},"num_concepts_raised":5832},{"base_id":998,"kind":"top_words","i1":3,"i2":6,"sol":{"path":["/c/en/sympathise","/c/en/sympathy","/c/en/bowels","/c/en/anastomosis","/c/en/anastomose"],"weight":0.20379999999999987,"degrees":[28,455,110,63,34]},"num_concepts_raised":13150},{"base_id":998,"kind":"top_words","i1":3,"i2":7,"sol":{"path":["/c/en/sympathise","/c/en/sympathy","/c/en/associate","/c/en/cohort","/c/en/cahoots"],"weight":0.20499999999999985,"degrees":[28,455,618,135,44]},"num_concepts_raised":3019},{"base_id":998,"kind":"top_words","i1":3,"i2":8,"sol":{"path":["/c/en/sympathise","/c/en/sympathy","/c/ar/ميل","/c/en/boundary","/c/en/coextensive"],"weight":0.20279999999999987,"degrees":[28,455,78,774,30]},"num_concepts_raised":6551},{"base_id":998,"kind":"top_words","i1":3,"i2":9,"sol":{"path":["/c/en/sympathise","/c/en/feel","/c/ar/مس","/c/en/cohabit"],"weight":0.20330999999999977,"degrees":[28,1238,57,90]},"num_concepts_raised":7206},{"base_id":998,"kind":"top_words","i1":4,"i2":5,"sol":{"path":["/c/en/teem","/c/en/overflow","/c/en/thick","/c/en/unacquainted"],"weight":0.2041999999999996,"degrees":[156,370,1055,35]},"num_concepts_raised":9990},{"base_id":998,"kind":"top_words","i1":4,"i2":6,"sol":{"path":["/c/en/teem","/c/en/tame","/c/en/river","/c/en/anastomose"],"weight":0.20418999999999965,"degrees":[156,432,2945,34]},"num_concepts_raised":17268},{"base_id":998,"kind":"top_words","i1":4,"i2":7,"sol":{"path":["/c/en/teem","/c/en/team","/c/en/partner","/c/en/cahoot","/c/en/cahoots"],"weight":0.20849999999999963,"degrees":[156,902,618,14,44]},"num_concepts_raised":7190},{"base_id":998,"kind":"top_words","i1":4,"i2":8,"sol":{"path":["/c/en/teem","/c/en/team","/c/en/legal","/c/en/conterminous","/c/en/coextensive"],"weight":0.2063399999999997,"degrees":[156,902,6627,74,30]},"num_concepts_raised":10706},{"base_id":998,"kind":"top_words","i1":4,"i2":9,"sol":{"path":["/c/en/teem","/c/en/team","/c/en/side","/c/fr/cohabiter","/c/en/cohabit"],"weight":0.20709999999999956,"degrees":[156,902,1912,112,90]},"num_concepts_raised":11381},{"base_id":998,"kind":"top_words","i1":5,"i2":6,"sol":{"path":["/c/en/unacquainted","/c/en/familiar","/c/en/close","/c/en/join","/c/en/anastomose"],"weight":0.20291999999999982,"degrees":[35,824,2153,1308,34]},"num_concepts_raised":15191},{"base_id":998,"kind":"top_words","i1":5,"i2":7,"sol":{"path":["/c/en/unacquainted","/c/en/strange","/c/en/people","/c/en/cohort","/c/en/cahoots"],"weight":0.2050499999999998,"degrees":[35,898,4475,135,44]},"num_concepts_raised":5071},{"base_id":998,"kind":"top_words","i1":5,"i2":8,"sol":{"path":["/c/en/unacquainted","/c/en/usual","/c/en/same","/c/en/coextensive"],"weight":0.20274999999999982,"degrees":[35,445,833,30]},"num_concepts_raised":8581},{"base_id":998,"kind":"top_words","i1":5,"i2":9,"sol":{"path":["/c/en/unacquainted","/c/en/familiar","/c/en/common","/c/en/cohabit"],"weight":0.20352999999999974,"degrees":[35,824,1219,90]},"num_concepts_raised":9152},{"base_id":998,"kind":"top_words","i1":6,"i2":7,"sol":{"path":["/c/en/anastomose","/c/en/join","/c/en/associate","/c/en/cohort","/c/en/cahoots"],"weight":0.20508999999999983,"degrees":[34,1308,618,135,44]},"num_concepts_raised":12394},{"base_id":998,"kind":"top_words","i1":6,"i2":8,"sol":{"path":["/c/en/anastomose","/c/en/botany","/c/en/foliation","/c/en/coextensive"],"weight":0.20279999999999987,"degrees":[34,6881,143,30]},"num_concepts_raised":15860},{"base_id":998,"kind":"top_words","i1":6,"i2":9,"sol":{"path":["/c/en/anastomose","/c/en/join","/c/ceb/ipon","/c/en/cohabit"],"weight":0.20344999999999974,"degrees":[34,1308,6,90]},"num_concepts_raised":16536},{"base_id":998,"kind":"top_words","i1":7,"i2":8,"sol":{"path":["/c/en/cahoots","/c/en/cohort","/c/en/set","/c/en/limit","/c/en/coextensive"],"weight":0.20506999999999986,"degrees":[44,135,2628,1188,30]},"num_concepts_raised":5784},{"base_id":998,"kind":"top_words","i1":7,"i2":9,"sol":{"path":["/c/en/cahoots","/c/en/cahoot","/c/en/partner","/c/en/common","/c/en/cohabit"],"weight":0.20660999999999974,"degrees":[44,14,618,1219,90]},"num_concepts_raised":6452},{"base_id":998,"kind":"top_words","i1":8,"i2":9,"sol":{"path":["/c/en/coextensive","/c/en/same","/c/en/common","/c/en/cohabit"],"weight":0.20336999999999977,"degrees":[30,833,1219,90]},"num_concepts_raised":9948}]]