[[{"base_id":582,"kind":"bot_words","i1":0,"i2":1,"sol":{"path":["/c/en/paraglider","/c/en/glider","/c/en/mathematics","/c/en/gamma"],"weight":0.20440999999999993,"degrees":[44,195,7601,129]},"num_concepts_raised":24986},{"base_id":582,"kind":"bot_words","i1":0,"i2":2,"sol":{"path":["/c/en/paraglider","/c/en/wing","/c/en/slang","/c/en/nosy","/c/en/nosey"],"weight":0.20489999999999986,"degrees":[44,1177,16318,120,25]},"num_concepts_raised":6746},{"base_id":582,"kind":"bot_words","i1":0,"i2":3,"sol":{"path":["/c/en/paraglider","/c/en/paragliding","/c/en/transport","/c/en/river","/c/en/bosna"],"weight":0.20936999999999978,"degrees":[44,100,1411,2945,54]},"num_concepts_raised":11000},{"base_id":582,"kind":"bot_words","i1":0,"i2":4,"sol":{"path":["/c/en/paraglider","/c/fr/sport","/c/en/sport","/c/en/oregon"],"weight":0.21219999999999933,"degrees":[44,2171,1809,370]},"num_concepts_raised":32594},{"base_id":582,"kind":"bot_words","i1":0,"i2":5,"sol":{"path":["/c/en/paraglider","/c/en/pilot","/c/en/fender","/c/en/auto","/c/en/allo"],"weight":0.20397999999999994,"degrees":[44,658,163,185,28]},"num_concepts_raised":18079},{"base_id":582,"kind":"bot_words","i1":0,"i2":6,"sol":{"path":["/c/en/paraglider","/c/fr/sellette","/c/fr/bois","/c/fr/frison","/c/en/frisian"],"weight":0.2070399999999999,"degrees":[44,87,2003,125,97]},"num_concepts_raised":10241},{"base_id":582,"kind":"bot_words","i1":0,"i2":7,"sol":{"path":["/c/en/paraglider","/c/en/wing","/c/eu/hego","/c/en/south","/c/en/southeast"],"weight":0.20740999999999998,"degrees":[44,1177,65,671,249]},"num_concepts_raised":9337},{"base_id":582,"kind":"bot_words","i1":0,"i2":8,"sol":{"path":["/c/en/paraglider","/c/en/paragliding","/c/en/military","/c/en/1"],"weight":0.2113399999999993,"degrees":[44,100,5690,220]},"num_concepts_raised":58887},{"base_id":582,"kind":"bot_words","i1":0,"i2":9,"sol":{"path":["/c/en/paraglider","/c/fr/sport","/c/en/cup","/c/en/medicine","/c/en/gabapentin"],"weight":0.20807999999999982,"degrees":[44,2171,1155,11938,32]},"num_concepts_raised":22966},{"base_id":582,"kind":"bot_words","i1":1,"i2":2,"sol":{"path":["/c/en/gamma","/c/en/greek","/c/en/slang","/c/en/nosy","/c/en/nosey"],"weight":0.20617999999999992,"degrees":[129,647,16318,120,25]},"num_concepts_raised":23425},{"base_id":582,"kind":"bot_words","i1":1,"i2":3,"sol":{"path":["/c/en/gamma","/c/en/delta","/c/en/river","/c/en/bosna"],"weight":0.2105299999999998,"degrees":[129,277,2945,54]},"num_concepts_raised":27616},{"base_id":582,"kind":"bot_words","i1":1,"i2":4,"sol":{"path":["/c/en/gamma","/c/en/mathematics","/c/en/state","/c/en/oregon"],"weight":0.21573999999999935,"degrees":[129,7601,3243,370]},"num_concepts_raised":48942},{"base_id":582,"kind":"bot_words","i1":1,"i2":5,"sol":{"path":["/c/en/gamma","/c/en/physics","/c/en/chemistry","/c/en/allo"],"weight":0.20432,"degrees":[129,9094,11754,28]},"num_concepts_raised":33700},{"base_id":582,"kind":"bot_words","i1":1,"i2":6,"sol":{"path":["/c/en/gamma","/c/en/mathematics","/c/en/language","/c/en/frisian"],"weight":0.20526999999999992,"degrees":[129,7601,4160,97]},"num_concepts_raised":26833},{"base_id":582,"kind":"bot_words","i1":1,"i2":7,"sol":{"path":["/c/en/gamma","/c/en/physics","/c/en/se","/c/en/southeast"],"weight":0.20847000000000002,"degrees":[129,9094,79,249]},"num_concepts_raised":25867},{"base_id":582,"kind":"bot_words","i1":1,"i2":8,"sol":{"path":["/c/en/gamma","/c/en/mathematics","/c/en/one","/c/en/1"],"weight":0.21862999999999932,"degrees":[129,7601,2499,220]},"num_concepts_raised":74777},{"base_id":582,"kind":"bot_words","i1":1,"i2":9,"sol":{"path":["/c/en/gamma","/c/en/field","/c/en/medicine","/c/en/gabapentin"],"weight":0.20932999999999985,"degrees":[129,2150,11938,32]},"num_concepts_raised":39477},{"base_id":582,"kind":"bot_words","i1":2,"i2":3,"sol":{"path":["/c/en/nosey","/c/en/nosy","/c/en/uk","/c/en/sandwich","/c/en/bosna"],"weight":0.20994999999999975,"degrees":[25,120,5562,624,54]},"num_concepts_raised":9406},{"base_id":582,"kind":"bot_words","i1":2,"i2":4,"sol":{"path":["/c/en/nosey","/c/en/nosy","/c/en/slang","/c/en/snake","/c/en/oregon"],"weight":0.21607999999999927,"degrees":[25,120,16318,1419,370]},"num_concepts_raised":31184},{"base_id":582,"kind":"bot_words","i1":2,"i2":5,"sol":{"path":["/c/en/nosey","/c/en/nose","/c/en/trunk","/c/en/auto","/c/en/allo"],"weight":0.20381999999999995,"degrees":[25,1561,822,185,28]},"num_concepts_raised":16484},{"base_id":582,"kind":"bot_words","i1":2,"i2":6,"sol":{"path":["/c/en/nosey","/c/en/nose","/c/en/hair","/c/fr/frison","/c/en/frisian"],"weight":0.20687999999999987,"degrees":[25,1561,2126,125,97]},"num_concepts_raised":8646},{"base_id":582,"kind":"bot_words","i1":2,"i2":7,"sol":{"path":["/c/en/nosey","/c/en/nose","/c/en/nice","/c/en/southeast"],"weight":0.20599999999999996,"degrees":[25,1561,845,249]},"num_concepts_raised":7741},{"base_id":582,"kind":"bot_words","i1":2,"i2":8,"sol":{"path":["/c/en/nosey","/c/en/nosy","/c/en/slang","/c/en/1"],"weight":0.2118899999999993,"degrees":[25,120,16318,220]},"num_concepts_raised":57399},{"base_id":582,"kind":"bot_words","i1":2,"i2":9,"sol":{"path":["/c/en/nosey","/c/en/nosy","/c/en/slang","/c/en/medicine","/c/en/gabapentin"],"weight":0.2098799999999998,"degrees":[25,120,16318,11938,32]},"num_concepts_raised":21340},{"base_id":582,"kind":"bot_words","i1":3,"i2":4,"sol":{"path":["/c/en/bosna","/c/en/river","/c/en/snake","/c/en/oregon"],"weight":0.21931999999999918,"degrees":[54,2945,1419,370]},"num_concepts_raised":35132},{"base_id":582,"kind":"bot_words","i1":3,"i2":5,"sol":{"path":["/c/en/bosna","/c/en/sandwich","/c/en/other","/c/en/allo"],"weight":0.20804999999999985,"degrees":[54,624,970,28]},"num_concepts_raised":20712},{"base_id":582,"kind":"bot_words","i1":3,"i2":6,"sol":{"path":["/c/en/bosna","/c/en/food","/c/en/hair","/c/fr/frison","/c/en/frisian"],"weight":0.21208999999999978,"degrees":[54,4281,2126,125,97]},"num_concepts_raised":12864},{"base_id":582,"kind":"bot_words","i1":3,"i2":7,"sol":{"path":["/c/en/bosna","/c/en/sandwich","/c/en/kent","/c/fr/sud_est","/c/en/southeast"],"weight":0.21531999999999984,"degrees":[54,624,223,221,249]},"num_concepts_raised":11950},{"base_id":582,"kind":"bot_words","i1":3,"i2":8,"sol":{"path":["/c/en/bosna","/c/en/river","/c/en/like","/c/en/1"],"weight":0.21513999999999922,"degrees":[54,2945,2357,220]},"num_concepts_raised":61291},{"base_id":582,"kind":"bot_words","i1":3,"i2":9,"sol":{"path":["/c/en/bosna","/c/en/food","/c/en/poison","/c/en/medicine","/c/en/gabapentin"],"weight":0.21315999999999968,"degrees":[54,4281,1269,11938,32]},"num_concepts_raised":25568},{"base_id":582,"kind":"bot_words","i1":4,"i2":5,"sol":{"path":["/c/en/oregon","/c/en/or","/c/en/else","/c/en/allo"],"weight":0.21206999999999937,"degrees":[370,892,257,28]},"num_concepts_raised":42337},{"base_id":582,"kind":"bot_words","i1":4,"i2":6,"sol":{"path":["/c/en/oregon","/c/en/state","/c/en/germany","/c/en/frisian"],"weight":0.2153699999999993,"degrees":[370,3243,1036,97]},"num_concepts_raised":34408},{"base_id":582,"kind":"bot_words","i1":4,"i2":7,"sol":{"path":["/c/en/oregon","/c/en/united_states","/c/en/south","/c/en/southeast"],"weight":0.2189399999999994,"degrees":[370,1636,671,249]},"num_concepts_raised":33411},{"base_id":582,"kind":"bot_words","i1":4,"i2":8,"sol":{"path":["/c/en/oregon","/c/en/unity","/c/en/one","/c/en/1"],"weight":0.22628999999999871,"degrees":[370,382,2499,220]},"num_concepts_raised":81472},{"base_id":582,"kind":"bot_words","i1":4,"i2":9,"sol":{"path":["/c/en/oregon","/c/en/county_seat","/c/en/tangible_thing","/c/en/gabapentin"],"weight":0.21789999999999926,"degrees":[370,2497,1925,32]},"num_concepts_raised":47162},{"base_id":582,"kind":"bot_words","i1":5,"i2":6,"sol":{"path":["/c/en/allo","/c/en/other","/c/en/germany","/c/en/frisian"],"weight":0.20390999999999998,"degrees":[28,970,1036,97]},"num_concepts_raised":19955},{"base_id":582,"kind":"bot_words","i1":5,"i2":7,"sol":{"path":["/c/en/allo","/c/en/other","/c/en/east","/c/en/southeast"],"weight":0.20617000000000005,"degrees":[28,970,713,249]},"num_concepts_raised":19033},{"base_id":582,"kind":"bot_words","i1":5,"i2":8,"sol":{"path":["/c/en/allo","/c/en/other","/c/en/one","/c/en/1"],"weight":0.21713999999999933,"degrees":[28,970,2499,220]},"num_concepts_raised":68387},{"base_id":582,"kind":"bot_words","i1":5,"i2":9,"sol":{"path":["/c/en/allo","/c/en/chemistry","/c/en/poison","/c/en/medicine","/c/en/gabapentin"],"weight":0.2080099999999999,"degrees":[28,11754,1269,11938,32]},"num_concepts_raised":32498},{"base_id":582,"kind":"bot_words","i1":6,"i2":7,"sol":{"path":["/c/en/frisian","/c/fr/frison","/c/fr/géographie","/c/ms/tenggara","/c/en/southeast"],"weight":0.21227,"degrees":[97,125,8043,11,249]},"num_concepts_raised":11214},{"base_id":582,"kind":"bot_words","i1":6,"i2":8,"sol":{"path":["/c/en/frisian","/c/en/germany","/c/en/historical","/c/en/1"],"weight":0.21093999999999935,"degrees":[97,1036,8415,220]},"num_concepts_raised":60662},{"base_id":582,"kind":"bot_words","i1":6,"i2":9,"sol":{"path":["/c/en/frisian","/c/it/frisone","/c/en/island","/c/en/tangible_thing","/c/en/gabapentin"],"weight":0.20979999999999982,"degrees":[97,12,1660,1925,32]},"num_concepts_raised":24851},{"base_id":582,"kind":"bot_words","i1":7,"i2":8,"sol":{"path":["/c/en/southeast","/c/en/south","/c/en/cardinal","/c/en/1"],"weight":0.2168699999999994,"degrees":[249,671,5720,220]},"num_concepts_raised":59722},{"base_id":582,"kind":"bot_words","i1":7,"i2":9,"sol":{"path":["/c/en/southeast","/c/en/nice","/c/en/pain","/c/en/gabapentin"],"weight":0.21101999999999993,"degrees":[249,845,2002,32]},"num_concepts_raised":23956},{"base_id":582,"kind":"bot_words","i1":8,"i2":9,"sol":{"path":["/c/en/1","/c/en/slang","/c/en/medicine","/c/en/gabapentin"],"weight":0.21504999999999924,"degrees":[220,16318,11938,32]},"num_concepts_raised":73175}],[{"base_id":582,"kind":"top_words","i1":0,"i2":1,"sol":{"path":["/c/en/ibo","/c/en/human","/c/en/living","/c/en/organic_chemistry","/c/en/organophosphorus"],"weight":0.20320999999999964,"degrees":[54,2645,839,6499,46]},"num_concepts_raised":24416},{"base_id":582,"kind":"top_words","i1":0,"i2":2,"sol":{"path":["/c/en/ibo","/c/en/human","/c/en/energy","/c/en/protein","/c/en/lectin"],"weight":0.20326999999999973,"degrees":[54,2645,1631,3124,46]},"num_concepts_raised":18573},{"base_id":582,"kind":"top_words","i1":0,"i2":3,"sol":{"path":["/c/en/ibo","/c/en/human","/c/en/energy","/c/en/kundalini"],"weight":0.20820999999999967,"degrees":[54,2645,1631,47]},"num_concepts_raised":16329},{"base_id":582,"kind":"top_words","i1":0,"i2":4,"sol":{"path":["/c/en/ibo","/c/en/human","/c/en/eat","/c/en/soup","/c/en/borscht"],"weight":0.2143000000000001,"degrees":[54,2645,1703,1209,152]},"num_concepts_raised":20163},{"base_id":582,"kind":"top_words","i1":0,"i2":5,"sol":{"path":["/c/en/ibo","/c/en/die","/c/zh/登仙","/c/en/lofty"],"weight":0.20591999999999894,"degrees":[54,2528,10,302]},"num_concepts_raised":27290},{"base_id":582,"kind":"top_words","i1":0,"i2":6,"sol":{"path":["/c/en/ibo","/c/fr/linguistique","/c/fr/sar","/c/fr/altesse","/c/en/highness"],"weight":0.20563999999999963,"degrees":[54,7455,55,45,86]},"num_concepts_raised":19218},{"base_id":582,"kind":"top_words","i1":0,"i2":7,"sol":{"path":["/c/en/ibo","/c/en/human","/c/en/arm","/c/en/heraldic"],"weight":0.2035399999999997,"degrees":[54,2645,1502,75]},"num_concepts_raised":21894},{"base_id":582,"kind":"top_words","i1":0,"i2":8,"sol":{"path":["/c/en/ibo","/c/en/human","/c/en/charge","/c/en/accusation","/c/en/incrimination"],"weight":0.20327999999999968,"degrees":[54,2645,1848,339,41]},"num_concepts_raised":15419},{"base_id":582,"kind":"top_words","i1":0,"i2":9,"sol":{"path":["/c/en/ibo","/c/en/human","/c/en/head","/c/en/headlamp"],"weight":0.21096999999999988,"degrees":[54,2645,3580,82]},"num_concepts_raised":19628},{"base_id":582,"kind":"top_words","i1":1,"i2":2,"sol":{"path":["/c/en/organophosphorus","/c/en/organic_chemistry","/c/en/carbohydrate","/c/en/lectin"],"weight":0.20309999999999973,"degrees":[46,6499,1166,46]},"num_concepts_raised":14602},{"base_id":582,"kind":"top_words","i1":1,"i2":3,"sol":{"path":["/c/en/organophosphorus","/c/en/phosphine","/c/en/gas","/c/en/energy","/c/en/kundalini"],"weight":0.2081999999999997,"degrees":[46,154,1636,1631,47]},"num_concepts_raised":12464},{"base_id":582,"kind":"top_words","i1":1,"i2":4,"sol":{"path":["/c/en/organophosphorus","/c/en/carbon","/c/en/food","/c/en/borscht"],"weight":0.21004000000000012,"degrees":[46,1510,4281,152]},"num_concepts_raised":16333},{"base_id":582,"kind":"top_words","i1":1,"i2":5,"sol":{"path":["/c/en/organophosphorus","/c/en/phosphine","/c/en/gas","/c/en/high","/c/en/lofty"],"weight":0.20798999999999895,"degrees":[46,154,1636,1658,302]},"num_concepts_raised":23548},{"base_id":582,"kind":"top_words","i1":1,"i2":6,"sol":{"path":["/c/en/organophosphorus","/c/en/phosphine","/c/en/gas","/c/en/high","/c/en/highness"],"weight":0.20462999999999965,"degrees":[46,154,1636,1658,86]},"num_concepts_raised":15396},{"base_id":582,"kind":"top_words","i1":1,"i2":7,"sol":{"path":["/c/en/organophosphorus","/c/en/carbon","/c/en/plate","/c/fr/héraldique","/c/en/heraldic"],"weight":0.2045299999999997,"degrees":[46,1510,1940,445,75]},"num_concepts_raised":18127},{"base_id":582,"kind":"top_words","i1":1,"i2":8,"sol":{"path":["/c/en/organophosphorus","/c/en/derivative","/c/en/legal","/c/en/accusation","/c/en/incrimination"],"weight":0.20310999999999968,"degrees":[46,901,6627,339,41]},"num_concepts_raised":11532},{"base_id":582,"kind":"top_words","i1":1,"i2":9,"sol":{"path":["/c/en/organophosphorus","/c/en/carbon","/c/en/diamond","/c/en/headlight","/c/en/headlamp"],"weight":0.2114599999999999,"degrees":[46,1510,772,188,82]},"num_concepts_raised":15838},{"base_id":582,"kind":"top_words","i1":2,"i2":3,"sol":{"path":["/c/en/lectin","/c/en/protein","/c/en/energy","/c/en/kundalini"],"weight":0.20825999999999978,"degrees":[46,3124,1631,47]},"num_concepts_raised":6633},{"base_id":582,"kind":"top_words","i1":2,"i2":4,"sol":{"path":["/c/en/lectin","/c/en/protein","/c/en/food","/c/en/borscht"],"weight":0.21019000000000018,"degrees":[46,3124,4281,152]},"num_concepts_raised":10488},{"base_id":582,"kind":"top_words","i1":2,"i2":5,"sol":{"path":["/c/en/lectin","/c/en/protein","/c/en/rank","/c/en/high","/c/en/lofty"],"weight":0.20807999999999904,"degrees":[46,3124,1403,1658,302]},"num_concepts_raised":17726},{"base_id":582,"kind":"top_words","i1":2,"i2":6,"sol":{"path":["/c/en/lectin","/c/en/protein","/c/en/rank","/c/en/high","/c/en/highness"],"weight":0.20471999999999974,"degrees":[46,3124,1403,1658,86]},"num_concepts_raised":9575},{"base_id":582,"kind":"top_words","i1":2,"i2":7,"sol":{"path":["/c/en/lectin","/c/en/bind","/c/en/book","/c/en/heraldic"],"weight":0.2033999999999998,"degrees":[46,948,3239,75]},"num_concepts_raised":12287},{"base_id":582,"kind":"top_words","i1":2,"i2":8,"sol":{"path":["/c/en/lectin","/c/en/bind","/c/en/legal","/c/en/accusation","/c/en/incrimination"],"weight":0.20308999999999977,"degrees":[46,948,6627,339,41]},"num_concepts_raised":5698},{"base_id":582,"kind":"top_words","i1":2,"i2":9,"sol":{"path":["/c/en/lectin","/c/en/protein","/c/en/energy","/c/en/head","/c/en/headlamp"],"weight":0.21098999999999996,"degrees":[46,3124,1631,3580,82]},"num_concepts_raised":10013},{"base_id":582,"kind":"top_words","i1":3,"i2":4,"sol":{"path":["/c/en/kundalini","/c/en/energy","/c/en/food","/c/en/borscht"],"weight":0.21516000000000013,"degrees":[47,1631,4281,152]},"num_concepts_raised":8240},{"base_id":582,"kind":"top_words","i1":3,"i2":5,"sol":{"path":["/c/en/kundalini","/c/en/energy","/c/en/upper","/c/en/high","/c/en/lofty"],"weight":0.213059999999999,"degrees":[47,1631,482,1658,302]},"num_concepts_raised":15448},{"base_id":582,"kind":"top_words","i1":3,"i2":6,"sol":{"path":["/c/en/kundalini","/c/en/energy","/c/en/heat","/c/en/high","/c/en/highness"],"weight":0.2096699999999997,"degrees":[47,1631,2046,1658,86]},"num_concepts_raised":7298},{"base_id":582,"kind":"top_words","i1":3,"i2":7,"sol":{"path":["/c/en/kundalini","/c/en/spine","/c/en/book","/c/en/heraldic"],"weight":0.20845999999999976,"degrees":[47,557,3239,75]},"num_concepts_raised":10033},{"base_id":582,"kind":"top_words","i1":3,"i2":8,"sol":{"path":["/c/en/kundalini","/c/en/kundalini_syndrome","/c/en/problem","/c/fi/vika","/c/en/incrimination"],"weight":0.2100199999999997,"degrees":[47,8,950,85,41]},"num_concepts_raised":3460},{"base_id":582,"kind":"top_words","i1":3,"i2":9,"sol":{"path":["/c/en/kundalini","/c/en/energy","/c/en/head","/c/en/headlamp"],"weight":0.21593999999999994,"degrees":[47,1631,3580,82]},"num_concepts_raised":7742},{"base_id":582,"kind":"top_words","i1":4,"i2":5,"sol":{"path":["/c/en/borscht","/c/en/soup","/c/en/fluid","/c/en/loft","/c/en/lofty"],"weight":0.21907999999999941,"degrees":[152,1209,835,321,302]},"num_concepts_raised":19260},{"base_id":582,"kind":"top_words","i1":4,"i2":6,"sol":{"path":["/c/en/borscht","/c/en/soup","/c/en/heat","/c/en/high","/c/en/highness"],"weight":0.2157200000000001,"degrees":[152,1209,2046,1658,86]},"num_concepts_raised":11163},{"base_id":582,"kind":"top_words","i1":4,"i2":7,"sol":{"path":["/c/en/borscht","/c/en/serve","/c/en/impress","/c/en/heraldic"],"weight":0.21032000000000017,"degrees":[152,1115,343,75]},"num_concepts_raised":13879},{"base_id":582,"kind":"top_words","i1":4,"i2":8,"sol":{"path":["/c/en/borscht","/c/en/serve","/c/en/fault","/c/en/blame","/c/en/incrimination"],"weight":0.21008000000000013,"degrees":[152,1115,788,816,41]},"num_concepts_raised":7328},{"base_id":582,"kind":"top_words","i1":4,"i2":9,"sol":{"path":["/c/en/borscht","/c/en/soup","/c/en/light","/c/en/headlight","/c/en/headlamp"],"weight":0.22285000000000035,"degrees":[152,1209,4288,188,82]},"num_concepts_raised":11585},{"base_id":582,"kind":"top_words","i1":5,"i2":6,"sol":{"path":["/c/en/lofty","/c/en/high","/c/en/highness"],"weight":0.20400000000000001,"degrees":[302,1658,86]},"num_concepts_raised":350},{"base_id":582,"kind":"top_words","i1":5,"i2":7,"sol":{"path":["/c/en/lofty","/c/en/impressive","/c/en/impress","/c/en/heraldic"],"weight":0.20728999999999903,"degrees":[302,297,343,75]},"num_concepts_raised":20931},{"base_id":582,"kind":"top_words","i1":5,"i2":8,"sol":{"path":["/c/en/lofty","/c/en/high","/c/syc/ܥܠܬܐ","/c/en/accusation","/c/en/incrimination"],"weight":0.207929999999999,"degrees":[302,1658,46,339,41]},"num_concepts_raised":14547},{"base_id":582,"kind":"top_words","i1":5,"i2":9,"sol":{"path":["/c/en/lofty","/c/ru/светоч","/c/en/lamp","/c/en/headlamp"],"weight":0.2136299999999992,"degrees":[302,38,791,82]},"num_concepts_raised":18632},{"base_id":582,"kind":"top_words","i1":6,"i2":7,"sol":{"path":["/c/en/highness","/c/en/degree","/c/en/heraldry","/c/en/heraldic"],"weight":0.2051899999999997,"degrees":[86,1513,1093,75]},"num_concepts_raised":12890},{"base_id":582,"kind":"top_words","i1":6,"i2":8,"sol":{"path":["/c/en/highness","/c/en/high","/c/syc/ܥܠܬܐ","/c/en/accusation","/c/en/incrimination"],"weight":0.20457999999999968,"degrees":[86,1658,46,339,41]},"num_concepts_raised":6384},{"base_id":582,"kind":"top_words","i1":6,"i2":9,"sol":{"path":["/c/en/highness","/c/fr/altesse","/c/fr/titre","/c/en/head","/c/en/headlamp"],"weight":0.2134299999999999,"degrees":[86,45,722,3580,82]},"num_concepts_raised":10584},{"base_id":582,"kind":"top_words","i1":7,"i2":8,"sol":{"path":["/c/en/heraldic","/c/en/heraldry","/c/en/charge","/c/en/accusation","/c/en/incrimination"],"weight":0.20502999999999974,"degrees":[75,1093,1848,339,41]},"num_concepts_raised":9121},{"base_id":582,"kind":"top_words","i1":7,"i2":9,"sol":{"path":["/c/en/heraldic","/c/en/unicorn","/c/en/head","/c/en/headlamp"],"weight":0.21125999999999995,"degrees":[75,378,3580,82]},"num_concepts_raised":13300},{"base_id":582,"kind":"top_words","i1":8,"i2":9,"sol":{"path":["/c/en/incrimination","/c/en/blame","/c/en/point","/c/en/head","/c/en/headlamp"],"weight":0.21086999999999992,"degrees":[41,816,2624,3580,82]},"num_concepts_raised":6829}]]