[[{"base_id":92,"kind":"bot_words","i1":0,"i2":1,"sol":{"path":["/c/en/concise","/c/qu/sut_i","/c/en/day","/c/en/week"],"weight":0.22972000000000065,"degrees":[276,16,2168,887]},"num_concepts_raised":38475},{"base_id":92,"kind":"bot_words","i1":0,"i2":2,"sol":{"path":["/c/en/concise","/c/en/capsulize","/c/fr/chimie","/c/en/handedness"],"weight":0.20629999999999973,"degrees":[276,23,9652,57]},"num_concepts_raised":38906},{"base_id":92,"kind":"bot_words","i1":0,"i2":3,"sol":{"path":["/c/en/concise","/c/en/elliptical","/c/en/astronomy","/c/en/descend"],"weight":0.21353999999999917,"degrees":[276,119,4553,487]},"num_concepts_raised":45639},{"base_id":92,"kind":"bot_words","i1":0,"i2":4,"sol":{"path":["/c/en/concise","/c/en/brief","/c/en/historical","/c/en/dhimmi"],"weight":0.21411999999999964,"degrees":[276,491,8415,58]},"num_concepts_raised":19671},{"base_id":92,"kind":"bot_words","i1":0,"i2":5,"sol":{"path":["/c/en/concise","/c/en/brief","/c/en/uk","/c/en/leg","/c/en/astride"],"weight":0.21043999999999968,"degrees":[276,491,5562,1497,70]},"num_concepts_raised":9009},{"base_id":92,"kind":"bot_words","i1":0,"i2":6,"sol":{"path":["/c/en/concise","/c/en/telegraphic","/c/en/release","/c/en/free"],"weight":0.2386399999999963,"degrees":[276,55,935,1709]},"num_concepts_raised":167349},{"base_id":92,"kind":"bot_words","i1":0,"i2":7,"sol":{"path":["/c/en/concise","/c/en/brief","/c/en/collection","/c/en/city","/c/en/acapulco"],"weight":0.2146699999999996,"degrees":[276,491,967,3758,92]},"num_concepts_raised":9817},{"base_id":92,"kind":"bot_words","i1":0,"i2":8,"sol":{"path":["/c/en/concise","/c/en/concision","/c/en/division","/c/en/bisection"],"weight":0.20630999999999974,"degrees":[276,24,1509,56]},"num_concepts_raised":9993},{"base_id":92,"kind":"bot_words","i1":0,"i2":9,"sol":{"path":["/c/en/concise","/c/it/piano","/c/en/soft","/c/en/yielding"],"weight":0.20825999999999953,"degrees":[276,100,1227,135]},"num_concepts_raised":12205},{"base_id":92,"kind":"bot_words","i1":1,"i2":2,"sol":{"path":["/c/en/week","/c/en/time","/c/en/physics","/c/en/handedness"],"weight":0.22631000000000082,"degrees":[887,4124,9094,57]},"num_concepts_raised":65526},{"base_id":92,"kind":"bot_words","i1":1,"i2":3,"sol":{"path":["/c/en/week","/c/en/month","/c/en/fall","/c/en/descend"],"weight":0.23498000000000024,"degrees":[887,1313,2357,487]},"num_concepts_raised":71414},{"base_id":92,"kind":"bot_words","i1":1,"i2":4,"sol":{"path":["/c/en/week","/c/en/period","/c/en/historical","/c/en/dhimmi"],"weight":0.22885000000000072,"degrees":[887,1523,8415,58]},"num_concepts_raised":46596},{"base_id":92,"kind":"bot_words","i1":1,"i2":5,"sol":{"path":["/c/en/week","/c/en/unit","/c/en/side","/c/en/astride"],"weight":0.22303000000000078,"degrees":[887,1582,1912,70]},"num_concepts_raised":36165},{"base_id":92,"kind":"bot_words","i1":1,"i2":6,"sol":{"path":["/c/en/week","/c/en/day","/c/en/independent","/c/en/free"],"weight":0.2587899999999974,"degrees":[887,2168,619,1709]},"num_concepts_raised":190810},{"base_id":92,"kind":"bot_words","i1":1,"i2":7,"sol":{"path":["/c/en/week","/c/en/group","/c/en/city","/c/en/acapulco"],"weight":0.2270800000000007,"degrees":[887,2339,3758,92]},"num_concepts_raised":37221},{"base_id":92,"kind":"bot_words","i1":1,"i2":8,"sol":{"path":["/c/en/week","/c/en/day","/c/en/section","/c/en/bisection"],"weight":0.2269800000000008,"degrees":[887,2168,918,56]},"num_concepts_raised":36883},{"base_id":92,"kind":"bot_words","i1":1,"i2":9,"sol":{"path":["/c/en/week","/c/en/weak","/c/en/yielding"],"weight":0.20400000000000001,"degrees":[887,1282,135]},"num_concepts_raised":669},{"base_id":92,"kind":"bot_words","i1":2,"i2":3,"sol":{"path":["/c/en/handedness","/c/en/object","/c/en/sink","/c/en/descend"],"weight":0.21035999999999935,"degrees":[57,1642,1021,487]},"num_concepts_raised":72697},{"base_id":92,"kind":"bot_words","i1":2,"i2":4,"sol":{"path":["/c/en/handedness","/c/en/chemistry","/c/en/subject","/c/en/dhimmi"],"weight":0.20853999999999978,"degrees":[57,11754,1490,58]},"num_concepts_raised":47183},{"base_id":92,"kind":"bot_words","i1":2,"i2":5,"sol":{"path":["/c/en/handedness","/c/en/sidedness","/c/en/side","/c/en/astride"],"weight":0.20464999999999986,"degrees":[57,4,1912,70]},"num_concepts_raised":36659},{"base_id":92,"kind":"bot_words","i1":2,"i2":6,"sol":{"path":["/c/en/handedness","/c/en/chemistry","/c/en/free"],"weight":0.20400000000000001,"degrees":[57,11754,1709]},"num_concepts_raised":1440},{"base_id":92,"kind":"bot_words","i1":2,"i2":7,"sol":{"path":["/c/en/handedness","/c/en/chemistry","/c/en/mole","/c/en/mexico","/c/en/acapulco"],"weight":0.20913999999999977,"degrees":[57,11754,1084,1283,92]},"num_concepts_raised":37607},{"base_id":92,"kind":"bot_words","i1":2,"i2":8,"sol":{"path":["/c/en/handedness","/c/en/platoon","/c/en/section","/c/en/bisection"],"weight":0.2034499999999999,"degrees":[57,143,918,56]},"num_concepts_raised":37636},{"base_id":92,"kind":"bot_words","i1":2,"i2":9,"sol":{"path":["/c/en/handedness","/c/en/physics","/c/en/soft","/c/en/yielding"],"weight":0.2055699999999997,"degrees":[57,9094,1227,135]},"num_concepts_raised":39783},{"base_id":92,"kind":"bot_words","i1":3,"i2":4,"sol":{"path":["/c/en/descend","/c/en/music","/c/en/subject","/c/en/dhimmi"],"weight":0.21378999999999926,"degrees":[487,8822,1490,58]},"num_concepts_raised":53909},{"base_id":92,"kind":"bot_words","i1":3,"i2":5,"sol":{"path":["/c/en/descend","/c/fr/descendre","/c/fr/chevaucher","/c/en/astride"],"weight":0.2122299999999993,"degrees":[487,563,217,70]},"num_concepts_raised":43368},{"base_id":92,"kind":"bot_words","i1":3,"i2":6,"sol":{"path":["/c/en/descend","/c/en/drop","/c/en/free"],"weight":0.20400000000000001,"degrees":[487,1915,1709]},"num_concepts_raised":1780},{"base_id":92,"kind":"bot_words","i1":3,"i2":7,"sol":{"path":["/c/en/descend","/c/ja/上下","/c/en/city","/c/en/acapulco"],"weight":0.21434999999999924,"degrees":[487,293,3758,92]},"num_concepts_raised":44429},{"base_id":92,"kind":"bot_words","i1":3,"i2":8,"sol":{"path":["/c/en/descend","/c/en/music","/c/en/division","/c/en/bisection"],"weight":0.20882999999999935,"degrees":[487,8822,1509,56]},"num_concepts_raised":44399},{"base_id":92,"kind":"bot_words","i1":3,"i2":9,"sol":{"path":["/c/en/descend","/c/en/fall","/c/en/yield","/c/en/yielding"],"weight":0.21418999999999913,"degrees":[487,2357,960,135]},"num_concepts_raised":46413},{"base_id":92,"kind":"bot_words","i1":4,"i2":5,"sol":{"path":["/c/en/dhimmi","/c/en/historical","/c/en/side","/c/en/astride"],"weight":0.20960999999999974,"degrees":[58,8415,1912,70]},"num_concepts_raised":17560},{"base_id":92,"kind":"bot_words","i1":4,"i2":6,"sol":{"path":["/c/en/dhimmi","/c/en/historical","/c/en/release","/c/en/free"],"weight":0.2389799999999964,"degrees":[58,8415,935,1709]},"num_concepts_raised":174373},{"base_id":92,"kind":"bot_words","i1":4,"i2":7,"sol":{"path":["/c/en/dhimmi","/c/en/state","/c/en/city","/c/en/acapulco"],"weight":0.21393999999999966,"degrees":[58,3243,3758,92]},"num_concepts_raised":18241},{"base_id":92,"kind":"bot_words","i1":4,"i2":8,"sol":{"path":["/c/en/dhimmi","/c/en/state","/c/en/division","/c/en/bisection"],"weight":0.2084599999999998,"degrees":[58,3243,1509,56]},"num_concepts_raised":18492},{"base_id":92,"kind":"bot_words","i1":4,"i2":9,"sol":{"path":["/c/en/dhimmi","/c/en/historical","/c/en/concession","/c/en/yielding"],"weight":0.21030999999999955,"degrees":[58,8415,298,135]},"num_concepts_raised":20772},{"base_id":92,"kind":"bot_words","i1":5,"i2":6,"sol":{"path":["/c/en/astride","/c/en/side","/c/en/open","/c/en/free"],"weight":0.23232999999999648,"degrees":[70,1912,2185,1709]},"num_concepts_raised":165459},{"base_id":92,"kind":"bot_words","i1":5,"i2":7,"sol":{"path":["/c/en/astride","/c/en/side","/c/en/city","/c/en/acapulco"],"weight":0.21015999999999974,"degrees":[70,1912,3758,92]},"num_concepts_raised":7646},{"base_id":92,"kind":"bot_words","i1":5,"i2":8,"sol":{"path":["/c/en/astride","/c/en/side","/c/fr/partie","/c/fr/bissection","/c/en/bisection"],"weight":0.20680999999999988,"degrees":[70,1912,2399,23,56]},"num_concepts_raised":7762},{"base_id":92,"kind":"bot_words","i1":5,"i2":9,"sol":{"path":["/c/en/astride","/c/en/leg","/c/en/uk","/c/en/soft","/c/en/yielding"],"weight":0.20679999999999965,"degrees":[70,1497,5562,1227,135]},"num_concepts_raised":9995},{"base_id":92,"kind":"bot_words","i1":6,"i2":7,"sol":{"path":["/c/en/free","/c/en/freeway","/c/en/city","/c/en/acapulco"],"weight":0.23594999999999638,"degrees":[1709,224,3758,92]},"num_concepts_raised":166483},{"base_id":92,"kind":"bot_words","i1":6,"i2":8,"sol":{"path":["/c/en/free","/c/en/liberty","/c/en/division","/c/en/bisection"],"weight":0.2332599999999965,"degrees":[1709,438,1509,56]},"num_concepts_raised":166193},{"base_id":92,"kind":"bot_words","i1":6,"i2":9,"sol":{"path":["/c/en/free","/c/la/laxus","/c/en/yielding"],"weight":0.20400000000000001,"degrees":[1709,62,135]},"num_concepts_raised":1514},{"base_id":92,"kind":"bot_words","i1":7,"i2":8,"sol":{"path":["/c/en/acapulco","/c/en/mexico","/c/en/country","/c/en/division","/c/en/bisection"],"weight":0.20904999999999976,"degrees":[92,1283,2796,1509,56]},"num_concepts_raised":8672},{"base_id":92,"kind":"bot_words","i1":7,"i2":9,"sol":{"path":["/c/en/acapulco","/c/en/mexico","/c/es/mole","/c/en/soft","/c/en/yielding"],"weight":0.21102999999999955,"degrees":[92,1283,38,1227,135]},"num_concepts_raised":10905},{"base_id":92,"kind":"bot_words","i1":8,"i2":9,"sol":{"path":["/c/en/bisection","/c/en/equal","/c/en/concession","/c/en/yielding"],"weight":0.20531999999999967,"degrees":[56,1243,298,135]},"num_concepts_raised":11027}],[{"base_id":92,"kind":"top_words","i1":0,"i2":1,"sol":{"path":["/c/en/tony","/c/en/anthony","/c/en/county_seat","/c/en/laurel","/c/en/laureate"],"weight":0.21330999999999983,"degrees":[73,98,2497,234,89]},"num_concepts_raised":10015},{"base_id":92,"kind":"top_words","i1":0,"i2":2,"sol":{"path":["/c/en/tony","/c/en/tone","/c/fr/musique","/c/en/taiko"],"weight":0.21353999999999962,"degrees":[73,846,4406,56]},"num_concepts_raised":12219},{"base_id":92,"kind":"top_words","i1":0,"i2":3,"sol":{"path":["/c/en/tony","/c/en/given_name","/c/en/kitty","/c/en/pussy"],"weight":0.2131099999999992,"degrees":[73,1247,190,320]},"num_concepts_raised":48226},{"base_id":92,"kind":"top_words","i1":0,"i2":4,"sol":{"path":["/c/en/tony","/c/en/musical_artist","/c/en/lorenz_hart","/c/en/playwright"],"weight":0.21649999999999983,"degrees":[73,462,22,264]},"num_concepts_raised":13131},{"base_id":92,"kind":"top_words","i1":0,"i2":5,"sol":{"path":["/c/en/tony","/c/en/great","/c/fr/bien","/c/fr/éviction","/c/en/eviction"],"weight":0.21126999999999974,"degrees":[73,1453,1163,43,110]},"num_concepts_raised":9643},{"base_id":92,"kind":"top_words","i1":0,"i2":6,"sol":{"path":["/c/en/tony","/c/en/anthony","/c/en/usa","/c/en/obed","/c/en/obadiah"],"weight":0.21838999999999975,"degrees":[73,98,2683,19,99]},"num_concepts_raised":7290},{"base_id":92,"kind":"top_words","i1":0,"i2":7,"sol":{"path":["/c/en/tony","/c/en/tony_crony","/c/en/political","/c/en/constitutionally","/c/en/unconstitutionally"],"weight":0.20934999999999987,"degrees":[73,15,1034,29,29]},"num_concepts_raised":5630},{"base_id":92,"kind":"top_words","i1":0,"i2":8,"sol":{"path":["/c/en/tony","/c/en/great","/c/en/lies","/c/en/confuse","/c/en/flummox"],"weight":0.20923999999999976,"degrees":[73,1453,71,496,27]},"num_concepts_raised":7008},{"base_id":92,"kind":"top_words","i1":0,"i2":9,"sol":{"path":["/c/en/tony","/c/en/great","/c/en/familiar","/c/fr/mayonnaise","/c/en/mayonnaise"],"weight":0.21506999999999984,"degrees":[73,1453,824,99,229]},"num_concepts_raised":15981},{"base_id":92,"kind":"top_words","i1":1,"i2":2,"sol":{"path":["/c/en/laureate","/c/en/laurel","/c/en/honor","/c/ja/しょうこ","/c/en/taiko"],"weight":0.21101999999999976,"degrees":[89,234,713,86,56]},"num_concepts_raised":11319},{"base_id":92,"kind":"top_words","i1":1,"i2":3,"sol":{"path":["/c/en/laureate","/c/en/tangible_thing","/c/en/medicine","/c/en/pussy"],"weight":0.20705999999999933,"degrees":[89,1925,11938,320]},"num_concepts_raised":47460},{"base_id":92,"kind":"top_words","i1":1,"i2":4,"sol":{"path":["/c/en/laureate","/c/en/university","/c/en/writer","/c/en/playwright"],"weight":0.21236,"degrees":[89,1043,1369,264]},"num_concepts_raised":12192},{"base_id":92,"kind":"top_words","i1":1,"i2":5,"sol":{"path":["/c/en/laureate","/c/en/laurel","/c/en/historical","/c/en/ouster","/c/en/eviction"],"weight":0.20684999999999987,"degrees":[89,234,8415,46,110]},"num_concepts_raised":8657},{"base_id":92,"kind":"top_words","i1":1,"i2":6,"sol":{"path":["/c/en/laureate","/c/en/honorable","/c/en/saint","/c/en/obadiah"],"weight":0.21062999999999987,"degrees":[89,202,772,99]},"num_concepts_raised":6341},{"base_id":92,"kind":"top_words","i1":1,"i2":7,"sol":{"path":["/c/en/laureate","/c/en/poet_laureate","/c/en/state","/c/en/unconstitutional","/c/en/unconstitutionally"],"weight":0.20773000000000003,"degrees":[89,26,3243,68,29]},"num_concepts_raised":4641},{"base_id":92,"kind":"top_words","i1":1,"i2":8,"sol":{"path":["/c/en/laureate","/c/en/honorable","/c/en/distinguish","/c/en/confuse","/c/en/flummox"],"weight":0.2055899999999999,"degrees":[89,202,554,496,27]},"num_concepts_raised":6022},{"base_id":92,"kind":"top_words","i1":1,"i2":9,"sol":{"path":["/c/en/laureate","/c/en/tangible_thing","/c/en/egg_sandwich","/c/en/mayonnaise"],"weight":0.20653,"degrees":[89,1925,18,229]},"num_concepts_raised":14991},{"base_id":92,"kind":"top_words","i1":2,"i2":3,"sol":{"path":["/c/en/taiko","/c/en/drum","/c/en/slang","/c/en/pussy"],"weight":0.21355999999999914,"degrees":[56,885,16318,320]},"num_concepts_raised":49733},{"base_id":92,"kind":"top_words","i1":2,"i2":4,"sol":{"path":["/c/en/taiko","/c/en/drum","/c/en/play","/c/en/playwright"],"weight":0.2185499999999998,"degrees":[56,885,3092,264]},"num_concepts_raised":14432},{"base_id":92,"kind":"top_words","i1":2,"i2":5,"sol":{"path":["/c/en/taiko","/c/en/drum","/c/en/uk","/c/en/ouster","/c/en/eviction"],"weight":0.2092299999999997,"degrees":[56,885,5562,46,110]},"num_concepts_raised":10942},{"base_id":92,"kind":"top_words","i1":2,"i2":6,"sol":{"path":["/c/en/taiko","/c/fr/musique","/c/fr/livre","/c/fr/abdias","/c/en/obadiah"],"weight":0.21837999999999969,"degrees":[56,4406,1051,32,99]},"num_concepts_raised":8626},{"base_id":92,"kind":"top_words","i1":2,"i2":7,"sol":{"path":["/c/en/taiko","/c/fr/musique","/c/fr/fondamentale","/c/de/verfassungswidrig","/c/en/unconstitutional","/c/en/unconstitutionally"],"weight":0.21512119999999918,"degrees":[56,4406,43,23,68,29]},"num_concepts_raised":324150},{"base_id":92,"kind":"top_words","i1":2,"i2":8,"sol":{"path":["/c/en/taiko","/c/fr/musique","/c/en/hash","/c/en/confuse","/c/en/flummox"],"weight":0.2090199999999997,"degrees":[56,4406,193,496,27]},"num_concepts_raised":8292},{"base_id":92,"kind":"top_words","i1":2,"i2":9,"sol":{"path":["/c/en/taiko","/c/fr/musique","/c/fr/batteur","/c/fr/mayonnaise","/c/en/mayonnaise"],"weight":0.21485999999999983,"degrees":[56,4406,94,99,229]},"num_concepts_raised":17252},{"base_id":92,"kind":"top_words","i1":3,"i2":4,"sol":{"path":["/c/en/pussy","/c/en/coward","/c/en/cowardesque","/c/en/playwright"],"weight":0.21449999999999936,"degrees":[320,482,7,264]},"num_concepts_raised":50573},{"base_id":92,"kind":"top_words","i1":3,"i2":5,"sol":{"path":["/c/en/pussy","/c/en/slang","/c/en/law","/c/en/eviction"],"weight":0.20924999999999927,"degrees":[320,16318,3727,110]},"num_concepts_raised":47128},{"base_id":92,"kind":"top_words","i1":3,"i2":6,"sol":{"path":["/c/en/pussy","/c/en/slang","/c/en/usa","/c/en/obed","/c/en/obadiah"],"weight":0.21625999999999926,"degrees":[320,16318,2683,19,99]},"num_concepts_raised":44875},{"base_id":92,"kind":"top_words","i1":3,"i2":7,"sol":{"path":["/c/en/pussy","/c/en/slang","/c/en/sovereign","/c/en/unconstitutional","/c/en/unconstitutionally"],"weight":0.2103199999999994,"degrees":[320,16318,419,68,29]},"num_concepts_raised":43214},{"base_id":92,"kind":"top_words","i1":3,"i2":8,"sol":{"path":["/c/en/pussy","/c/de/umgangssprachlich","/c/en/flabbergast","/c/en/flummox"],"weight":0.2060699999999993,"degrees":[320,1691,157,27]},"num_concepts_raised":44550},{"base_id":92,"kind":"top_words","i1":3,"i2":9,"sol":{"path":["/c/en/pussy","/c/en/slang","/c/en/sauce","/c/en/mayonnaise"],"weight":0.2113999999999994,"degrees":[320,16318,861,229]},"num_concepts_raised":53103},{"base_id":92,"kind":"top_words","i1":4,"i2":5,"sol":{"path":["/c/en/playwright","/c/en/play","/c/en/discharge","/c/ar/طرد","/c/en/eviction"],"weight":0.2152099999999999,"degrees":[264,3092,934,108,110]},"num_concepts_raised":11815},{"base_id":92,"kind":"top_words","i1":4,"i2":6,"sol":{"path":["/c/en/playwright","/c/en/creator","/c/en/bible","/c/en/obadiah"],"weight":0.2171499999999999,"degrees":[264,418,852,99]},"num_concepts_raised":9501},{"base_id":92,"kind":"top_words","i1":4,"i2":7,"sol":{"path":["/c/en/playwright","/c/en/playright","/c/en/legal","/c/en/anticonstitutionally","/c/en/unconstitutionally"],"weight":0.21120000000000005,"degrees":[264,6,6627,25,29]},"num_concepts_raised":7824},{"base_id":92,"kind":"top_words","i1":4,"i2":8,"sol":{"path":["/c/en/playwright","/c/en/play","/c/en/puzzle","/c/en/confuse","/c/en/flummox"],"weight":0.21423999999999993,"degrees":[264,3092,487,496,27]},"num_concepts_raised":9202},{"base_id":92,"kind":"top_words","i1":4,"i2":9,"sol":{"path":["/c/en/playwright","/c/en/play","/c/en/course","/c/en/salad","/c/en/mayonnaise"],"weight":0.21738000000000002,"degrees":[264,3092,1347,455,229]},"num_concepts_raised":18168},{"base_id":92,"kind":"top_words","i1":5,"i2":6,"sol":{"path":["/c/en/eviction","/c/en/law","/c/en/old_testament","/c/en/obadiah"],"weight":0.2099499999999998,"degrees":[110,3727,407,99]},"num_concepts_raised":5951},{"base_id":92,"kind":"top_words","i1":5,"i2":7,"sol":{"path":["/c/en/eviction","/c/en/law","/c/en/constitution","/c/en/unconstitutional","/c/en/unconstitutionally"],"weight":0.20597999999999994,"degrees":[110,3727,561,68,29]},"num_concepts_raised":4262},{"base_id":92,"kind":"top_words","i1":5,"i2":8,"sol":{"path":["/c/en/eviction","/c/fr/éviction","/c/fr/retour","/c/fr/confondre","/c/en/flummox"],"weight":0.20574999999999982,"degrees":[110,43,282,229,27]},"num_concepts_raised":5643},{"base_id":92,"kind":"top_words","i1":5,"i2":9,"sol":{"path":["/c/en/eviction","/c/ar/طرد","/c/en/together","/c/en/salad","/c/en/mayonnaise"],"weight":0.20893999999999993,"degrees":[110,108,1298,455,229]},"num_concepts_raised":14646},{"base_id":92,"kind":"top_words","i1":6,"i2":7,"sol":{"path":["/c/en/obadiah","/c/fi/obadja","/c/en/religion","/c/en/institution","/c/en/unconstitutional","/c/en/unconstitutionally"],"weight":0.21960179999999993,"degrees":[99,8,3331,609,68,29]},"num_concepts_raised":143694},{"base_id":92,"kind":"top_words","i1":6,"i2":8,"sol":{"path":["/c/en/obadiah","/c/en/old_testament","/c/en/will","/c/en/take_wind_out_of_someone's_sails","/c/en/flummox"],"weight":0.20876999999999984,"degrees":[99,407,1057,10,27]},"num_concepts_raised":3315},{"base_id":92,"kind":"top_words","i1":6,"i2":9,"sol":{"path":["/c/en/obadiah","/c/en/obed","/c/en/usa","/c/en/mayo","/c/en/mayonnaise"],"weight":0.21481999999999996,"degrees":[99,19,2683,28,229]},"num_concepts_raised":12333},{"base_id":92,"kind":"top_words","i1":7,"i2":8,"sol":{"path":["/c/en/unconstitutionally","/c/en/unconstitutional","/c/en/state","/c/en/confusion","/c/en/confuse","/c/en/flummox"],"weight":0.2117258999999999,"degrees":[29,68,3243,692,496,27]},"num_concepts_raised":125775},{"base_id":92,"kind":"top_words","i1":7,"i2":9,"sol":{"path":["/c/en/unconstitutionally","/c/en/unconstitutional","/c/en/state","/c/en/usa","/c/en/mayo","/c/en/mayonnaise"],"weight":0.21662990000000015,"degrees":[29,68,3243,2683,28,229]},"num_concepts_raised":728809},{"base_id":92,"kind":"top_words","i1":8,"i2":9,"sol":{"path":["/c/en/flummox","/c/en/confuse","/c/en/mix","/c/en/salad","/c/en/mayonnaise"],"weight":0.20797,"degrees":[27,496,1116,455,229]},"num_concepts_raised":11998}]]