[[{"base_id":287,"kind":"bot_words","i1":0,"i2":1,"sol":{"path":["/c/en/cull","/c/en/pick","/c/en/drop","/c/en/woolly"],"weight":0.20474999999999954,"degrees":[109,915,1915,109]},"num_concepts_raised":48285},{"base_id":287,"kind":"bot_words","i1":0,"i2":2,"sol":{"path":["/c/en/cull","/c/en/gather","/c/en/meaning","/c/en/denotation"],"weight":0.20430999999999966,"degrees":[109,1201,990,66]},"num_concepts_raised":53832},{"base_id":287,"kind":"bot_words","i1":0,"i2":3,"sol":{"path":["/c/en/cull","/c/en/dialectal","/c/en/pope","/c/en/antipope"],"weight":0.20505999999999971,"degrees":[109,4127,607,56]},"num_concepts_raised":46580},{"base_id":287,"kind":"bot_words","i1":0,"i2":4,"sol":{"path":["/c/en/cull","/c/en/inferior","/c/en/botany","/c/en/cycad","/c/en/encephalartos"],"weight":0.21061999999999967,"degrees":[109,578,6881,107,28]},"num_concepts_raised":36404},{"base_id":287,"kind":"bot_words","i1":0,"i2":5,"sol":{"path":["/c/en/cull","/c/en/slang","/c/en/crystal","/c/en/crystallization"],"weight":0.21487999999999957,"degrees":[109,16318,940,162]},"num_concepts_raised":60611},{"base_id":287,"kind":"bot_words","i1":0,"i2":6,"sol":{"path":["/c/en/cull","/c/en/pick","/c/en/pluck","/c/en/persistence"],"weight":0.2049899999999995,"degrees":[109,915,483,125]},"num_concepts_raised":41932},{"base_id":287,"kind":"bot_words","i1":0,"i2":7,"sol":{"path":["/c/en/cull","/c/en/pick","/c/en/music","/c/en/lyric","/c/en/lyricism"],"weight":0.20491999999999966,"degrees":[109,915,8822,197,35]},"num_concepts_raised":37159},{"base_id":287,"kind":"bot_words","i1":0,"i2":8,"sol":{"path":["/c/en/cull","/c/en/fool","/c/en/person","/c/en/compulsive"],"weight":0.20447999999999955,"degrees":[109,1406,12935,103]},"num_concepts_raised":52108},{"base_id":287,"kind":"bot_words","i1":0,"i2":9,"sol":{"path":["/c/en/cull","/c/en/kill","/c/en/like","/c/en/city","/c/en/heihe"],"weight":0.2099599999999996,"degrees":[109,1884,2357,3758,44]},"num_concepts_raised":41855},{"base_id":287,"kind":"bot_words","i1":1,"i2":2,"sol":{"path":["/c/en/woolly","/c/en/drop","/c/en/reference","/c/en/denotation"],"weight":0.20425999999999972,"degrees":[109,1915,630,66]},"num_concepts_raised":31452},{"base_id":287,"kind":"bot_words","i1":1,"i2":3,"sol":{"path":["/c/en/woolly","/c/en/wool","/c/en/like","/c/en/pope","/c/en/antipope"],"weight":0.2064999999999998,"degrees":[109,1201,2357,607,56]},"num_concepts_raised":24024},{"base_id":287,"kind":"bot_words","i1":1,"i2":4,"sol":{"path":["/c/en/woolly","/c/en/wool","/c/en/tree","/c/en/cycad","/c/en/encephalartos"],"weight":0.21203999999999976,"degrees":[109,1201,3598,107,28]},"num_concepts_raised":13695},{"base_id":287,"kind":"bot_words","i1":1,"i2":5,"sol":{"path":["/c/en/woolly","/c/fr/laineux","/c/fr/partie","/c/fr/cristallisation","/c/en/crystallization"],"weight":0.21789999999999965,"degrees":[109,61,2399,83,162]},"num_concepts_raised":38164},{"base_id":287,"kind":"bot_words","i1":1,"i2":6,"sol":{"path":["/c/en/woolly","/c/en/cloudy","/c/en/meteorology","/c/en/persistence"],"weight":0.20476999999999956,"degrees":[109,376,1118,125]},"num_concepts_raised":19425},{"base_id":287,"kind":"bot_words","i1":1,"i2":7,"sol":{"path":["/c/en/woolly","/c/en/wool","/c/en/material","/c/en/lyric","/c/en/lyricism"],"weight":0.20608999999999975,"degrees":[109,1201,1522,197,35]},"num_concepts_raised":14472},{"base_id":287,"kind":"bot_words","i1":1,"i2":8,"sol":{"path":["/c/en/woolly","/c/en/move","/c/en/person","/c/en/compulsive"],"weight":0.20456999999999964,"degrees":[109,2810,12935,103]},"num_concepts_raised":29924},{"base_id":287,"kind":"bot_words","i1":1,"i2":9,"sol":{"path":["/c/en/woolly","/c/en/liverpool","/c/en/city","/c/en/heihe"],"weight":0.2088899999999997,"degrees":[109,214,3758,44]},"num_concepts_raised":19210},{"base_id":287,"kind":"bot_words","i1":2,"i2":3,"sol":{"path":["/c/en/denotation","/c/en/primary","/c/en/election","/c/en/antipope"],"weight":0.20359999999999992,"degrees":[66,442,665,56]},"num_concepts_raised":28624},{"base_id":287,"kind":"bot_words","i1":2,"i2":4,"sol":{"path":["/c/en/denotation","/c/en/primary","/c/en/tree","/c/en/cycad","/c/en/encephalartos"],"weight":0.21028999999999987,"degrees":[66,442,3598,107,28]},"num_concepts_raised":18362},{"base_id":287,"kind":"bot_words","i1":2,"i2":5,"sol":{"path":["/c/en/denotation","/c/en/analysis","/c/en/chemistry","/c/en/crystallization"],"weight":0.21029999999999976,"degrees":[66,811,11754,162]},"num_concepts_raised":42465},{"base_id":287,"kind":"bot_words","i1":2,"i2":6,"sol":{"path":["/c/en/denotation","/c/en/computer_science","/c/en/persistence"],"weight":0.202,"degrees":[66,739,125]},"num_concepts_raised":163},{"base_id":287,"kind":"bot_words","i1":2,"i2":7,"sol":{"path":["/c/en/denotation","/c/en/word","/c/en/lyric","/c/en/lyricism"],"weight":0.20439999999999986,"degrees":[66,2436,197,35]},"num_concepts_raised":19109},{"base_id":287,"kind":"bot_words","i1":2,"i2":8,"sol":{"path":["/c/en/denotation","/c/en/meaning","/c/en/person","/c/en/compulsive"],"weight":0.20430999999999974,"degrees":[66,990,12935,103]},"num_concepts_raised":34568},{"base_id":287,"kind":"bot_words","i1":2,"i2":9,"sol":{"path":["/c/en/denotation","/c/en/denote","/c/en/name","/c/en/china","/c/en/heihe"],"weight":0.20951999999999982,"degrees":[66,179,2629,1318,44]},"num_concepts_raised":23872},{"base_id":287,"kind":"bot_words","i1":3,"i2":4,"sol":{"path":["/c/en/antipope","/c/en/pope","/c/en/leader","/c/en/botany","/c/en/cycad","/c/en/encephalartos"],"weight":0.2150420999999998,"degrees":[56,607,1391,6881,107,28]},"num_concepts_raised":345861},{"base_id":287,"kind":"bot_words","i1":3,"i2":5,"sol":{"path":["/c/en/antipope","/c/fr/religion","/c/fr/dendrite","/c/fr/cristallisation","/c/en/crystallization"],"weight":0.21626999999999985,"degrees":[56,6634,26,83,162]},"num_concepts_raised":35351},{"base_id":287,"kind":"bot_words","i1":3,"i2":6,"sol":{"path":["/c/en/antipope","/c/en/pope","/c/en/person","/c/en/heart","/c/en/persistence"],"weight":0.2053899999999998,"degrees":[56,607,12935,1857,125]},"num_concepts_raised":16492},{"base_id":287,"kind":"bot_words","i1":3,"i2":7,"sol":{"path":["/c/en/antipope","/c/en/pope","/c/en/poet","/c/en/lyricist","/c/en/lyricism"],"weight":0.20542999999999995,"degrees":[56,607,812,117,35]},"num_concepts_raised":11439},{"base_id":287,"kind":"bot_words","i1":3,"i2":8,"sol":{"path":["/c/en/antipope","/c/en/pope","/c/en/person","/c/en/compulsive"],"weight":0.20515999999999984,"degrees":[56,607,12935,103]},"num_concepts_raised":27157},{"base_id":287,"kind":"bot_words","i1":3,"i2":9,"sol":{"path":["/c/en/antipope","/c/en/pope","/c/en/city","/c/en/heihe"],"weight":0.20946999999999988,"degrees":[56,607,3758,44]},"num_concepts_raised":16221},{"base_id":287,"kind":"bot_words","i1":4,"i2":5,"sol":{"path":["/c/en/encephalartos","/c/en/cycad","/c/en/tree","/c/en/crystal","/c/en/crystallization"],"weight":0.22112999999999977,"degrees":[28,107,3598,940,162]},"num_concepts_raised":25016},{"base_id":287,"kind":"bot_words","i1":4,"i2":6,"sol":{"path":["/c/en/encephalartos","/c/en/cycad","/c/en/botany","/c/en/persistent","/c/en/persistence"],"weight":0.21205999999999975,"degrees":[28,107,6881,308,125]},"num_concepts_raised":6122},{"base_id":287,"kind":"bot_words","i1":4,"i2":7,"sol":{"path":["/c/en/encephalartos","/c/en/cycad","/c/en/botany","/c/en/style","/c/en/lyric","/c/en/lyricism"],"weight":0.21416959999999977,"degrees":[28,107,6881,1172,197,35]},"num_concepts_raised":103409},{"base_id":287,"kind":"bot_words","i1":4,"i2":8,"sol":{"path":["/c/en/encephalartos","/c/en/cycad","/c/en/botany","/c/en/habit","/c/en/compulsion","/c/en/compulsive"],"weight":0.21559879999999965,"degrees":[28,107,6881,920,201,103]},"num_concepts_raised":867250},{"base_id":287,"kind":"bot_words","i1":4,"i2":9,"sol":{"path":["/c/en/encephalartos","/c/en/cycad","/c/en/botany","/c/en/china","/c/en/heihe"],"weight":0.21505999999999983,"degrees":[28,107,6881,1318,44]},"num_concepts_raised":5866},{"base_id":287,"kind":"bot_words","i1":5,"i2":6,"sol":{"path":["/c/en/crystallization","/c/en/physics","/c/en/tenacity","/c/en/persistence"],"weight":0.21086999999999964,"degrees":[162,9094,101,125]},"num_concepts_raised":30705},{"base_id":287,"kind":"bot_words","i1":5,"i2":7,"sol":{"path":["/c/en/crystallization","/c/fr/cristallisation","/c/fr/personnel","/c/fr/lyrisme","/c/en/lyricism"],"weight":0.2168799999999998,"degrees":[162,83,305,50,35]},"num_concepts_raised":25786},{"base_id":287,"kind":"bot_words","i1":5,"i2":8,"sol":{"path":["/c/en/crystallization","/c/en/chemistry","/c/en/reactive","/c/en/compulsive"],"weight":0.21065999999999968,"degrees":[162,11754,120,103]},"num_concepts_raised":41328},{"base_id":287,"kind":"bot_words","i1":5,"i2":9,"sol":{"path":["/c/en/crystallization","/c/en/crystal","/c/en/china","/c/en/heihe"],"weight":0.21921999999999975,"degrees":[162,940,1318,44]},"num_concepts_raised":30553},{"base_id":287,"kind":"bot_words","i1":6,"i2":7,"sol":{"path":["/c/en/persistence","/c/uk/завзяття","/c/en/enthusiasm","/c/en/lyricism"],"weight":0.20391999999999974,"degrees":[125,6,451,35]},"num_concepts_raised":6877},{"base_id":287,"kind":"bot_words","i1":6,"i2":8,"sol":{"path":["/c/en/persistence","/c/en/heart","/c/en/person","/c/en/compulsive"],"weight":0.2047499999999996,"degrees":[125,1857,12935,103]},"num_concepts_raised":22568},{"base_id":287,"kind":"bot_words","i1":6,"i2":9,"sol":{"path":["/c/en/persistence","/c/en/persistent","/c/en/botany","/c/en/china","/c/en/heihe"],"weight":0.21017999999999967,"degrees":[125,308,6881,1318,44]},"num_concepts_raised":11700},{"base_id":287,"kind":"bot_words","i1":7,"i2":8,"sol":{"path":["/c/en/lyricism","/c/en/enthusiasm","/c/grc/μανία","/c/en/compulsion","/c/en/compulsive"],"weight":0.2048299999999998,"degrees":[35,451,9,201,103]},"num_concepts_raised":17648},{"base_id":287,"kind":"bot_words","i1":7,"i2":9,"sol":{"path":["/c/en/lyricism","/c/en/lyricist","/c/en/song","/c/en/china","/c/en/heihe"],"weight":0.20918999999999982,"degrees":[35,117,1644,1318,44]},"num_concepts_raised":6654},{"base_id":287,"kind":"bot_words","i1":8,"i2":9,"sol":{"path":["/c/en/compulsive","/c/en/person","/c/en/china","/c/en/heihe"],"weight":0.2088499999999997,"degrees":[103,12935,1318,44]},"num_concepts_raised":22396}],[{"base_id":287,"kind":"top_words","i1":0,"i2":1,"sol":{"path":["/c/en/sedan","/c/en/france","/c/en/french_guiana","/c/en/cayenne"],"weight":0.2057699999999995,"degrees":[145,1405,170,86]},"num_concepts_raised":25780},{"base_id":287,"kind":"top_words","i1":0,"i2":2,"sol":{"path":["/c/en/sedan","/c/en/car","/c/en/hatchback"],"weight":0.20400000000000001,"degrees":[145,2328,56]},"num_concepts_raised":169},{"base_id":287,"kind":"top_words","i1":0,"i2":3,"sol":{"path":["/c/en/sedan","/c/en/car","/c/gd/càr","/c/en/jaw","/c/en/maxillary"],"weight":0.20661999999999958,"degrees":[145,2328,28,710,45]},"num_concepts_raised":25310},{"base_id":287,"kind":"top_words","i1":0,"i2":4,"sol":{"path":["/c/en/sedan","/c/en/us","/c/en/intervention","/c/en/intermediation"],"weight":0.20411999999999958,"degrees":[145,8154,252,27]},"num_concepts_raised":25273},{"base_id":287,"kind":"top_words","i1":0,"i2":5,"sol":{"path":["/c/en/sedan","/c/en/car","/c/en/rough","/c/en/uneven","/c/en/patchy"],"weight":0.20743999999999957,"degrees":[145,2328,1077,295,33]},"num_concepts_raised":26458},{"base_id":287,"kind":"top_words","i1":0,"i2":6,"sol":{"path":["/c/en/sedan","/c/en/us","/c/en/call_on_carpet","/c/en/censure"],"weight":0.20746999999999916,"degrees":[145,8154,188,299]},"num_concepts_raised":35756},{"base_id":287,"kind":"top_words","i1":0,"i2":7,"sol":{"path":["/c/en/sedan","/c/en/car","/c/en/cruiser","/c/en/weapon","/c/en/brahmos"],"weight":0.21140999999999954,"degrees":[145,2328,211,1448,32]},"num_concepts_raised":25583},{"base_id":287,"kind":"top_words","i1":0,"i2":8,"sol":{"path":["/c/en/sedan","/c/en/us","/c/en/stoop","/c/en/hunchback"],"weight":0.20473999999999953,"degrees":[145,8154,290,75]},"num_concepts_raised":33831},{"base_id":287,"kind":"top_words","i1":0,"i2":9,"sol":{"path":["/c/en/sedan","/c/en/commune","/c/en/gathering","/c/en/agora"],"weight":0.2096699999999996,"degrees":[145,304,556,88]},"num_concepts_raised":27328},{"base_id":287,"kind":"top_words","i1":1,"i2":2,"sol":{"path":["/c/en/cayenne","/c/fr/cayenne","/c/fr/cuisine","/c/en/hatch","/c/en/hatchback"],"weight":0.2058299999999998,"degrees":[86,71,3268,414,56]},"num_concepts_raised":7689},{"base_id":287,"kind":"top_words","i1":1,"i2":3,"sol":{"path":["/c/en/cayenne","/c/en/chili_pepper","/c/en/pepper","/c/fr/botanique","/c/fr/maxillaire","/c/en/maxillary"],"weight":0.21163859999999968,"degrees":[86,235,534,7950,56,45]},"num_concepts_raised":364342},{"base_id":287,"kind":"top_words","i1":1,"i2":4,"sol":{"path":["/c/en/cayenne","/c/en/red_pepper","/c/en/us","/c/en/intervention","/c/en/intermediation"],"weight":0.2033099999999997,"degrees":[86,63,8154,252,27]},"num_concepts_raised":2404},{"base_id":287,"kind":"top_words","i1":1,"i2":5,"sol":{"path":["/c/en/cayenne","/c/en/chili","/c/en/chile","/c/en/pinto","/c/en/patchy"],"weight":0.20456999999999975,"degrees":[86,265,757,53,33]},"num_concepts_raised":3638},{"base_id":287,"kind":"top_words","i1":1,"i2":6,"sol":{"path":["/c/en/cayenne","/c/fr/cayenne","/c/fr/histoire","/c/fr/censure","/c/en/censure"],"weight":0.20882999999999927,"degrees":[86,71,4439,114,299]},"num_concepts_raised":13083},{"base_id":287,"kind":"top_words","i1":1,"i2":7,"sol":{"path":["/c/en/cayenne","/c/en/chili","/c/en/artifact","/c/en/weapon","/c/en/brahmos"],"weight":0.2095499999999997,"degrees":[86,265,487,1448,32]},"num_concepts_raised":2750},{"base_id":287,"kind":"top_words","i1":1,"i2":8,"sol":{"path":["/c/en/cayenne","/c/fr/cayenne","/c/fr/marine","/c/fr/bosse","/c/en/hunchback"],"weight":0.20601999999999965,"degrees":[86,71,4216,417,75]},"num_concepts_raised":11386},{"base_id":287,"kind":"top_words","i1":1,"i2":9,"sol":{"path":["/c/en/cayenne","/c/en/chili","/c/en/country","/c/en/israel","/c/en/agora"],"weight":0.21018999999999977,"degrees":[86,265,2796,512,88]},"num_concepts_raised":4538},{"base_id":287,"kind":"top_words","i1":2,"i2":3,"sol":{"path":["/c/en/hatchback","/c/en/hatch","/c/en/slang","/c/en/jaw","/c/en/maxillary"],"weight":0.20441999999999985,"degrees":[56,414,16318,710,45]},"num_concepts_raised":7188},{"base_id":287,"kind":"top_words","i1":2,"i2":4,"sol":{"path":["/c/en/hatchback","/c/en/door","/c/en/person","/c/de/vermittlung","/c/en/intermediation"],"weight":0.20323999999999987,"degrees":[56,1630,12935,136,27]},"num_concepts_raised":7146},{"base_id":287,"kind":"top_words","i1":2,"i2":5,"sol":{"path":["/c/en/hatchback","/c/en/car","/c/en/rough","/c/en/uneven","/c/en/patchy"],"weight":0.20424999999999985,"degrees":[56,2328,1077,295,33]},"num_concepts_raised":8360},{"base_id":287,"kind":"top_words","i1":2,"i2":6,"sol":{"path":["/c/en/hatchback","/c/en/back","/c/fr/reprendre","/c/en/censure"],"weight":0.20662999999999943,"degrees":[56,2238,490,299]},"num_concepts_raised":17727},{"base_id":287,"kind":"top_words","i1":2,"i2":7,"sol":{"path":["/c/en/hatchback","/c/en/hatch","/c/en/aircraft","/c/en/cruise_missile","/c/en/brahmos"],"weight":0.20917999999999984,"degrees":[56,414,1135,119,32]},"num_concepts_raised":7483},{"base_id":287,"kind":"top_words","i1":2,"i2":8,"sol":{"path":["/c/en/hatchback","/c/en/back","/c/en/humpback","/c/en/hunchback"],"weight":0.2050199999999998,"degrees":[56,2238,100,75]},"num_concepts_raised":16021},{"base_id":287,"kind":"top_words","i1":2,"i2":9,"sol":{"path":["/c/en/hatchback","/c/en/hatch","/c/en/slang","/c/en/shekel","/c/en/agora"],"weight":0.2118099999999999,"degrees":[56,414,16318,66,88]},"num_concepts_raised":9268},{"base_id":287,"kind":"top_words","i1":3,"i2":4,"sol":{"path":["/c/en/maxillary","/c/en/jawbone","/c/en/bone","/c/en/joint","/c/ja/中継","/c/en/intermediation"],"weight":0.20789729999999979,"degrees":[45,126,2320,1413,44,27]},"num_concepts_raised":209046},{"base_id":287,"kind":"top_words","i1":3,"i2":5,"sol":{"path":["/c/en/maxillary","/c/en/jaw","/c/en/bump","/c/en/uneven","/c/en/patchy"],"weight":0.2040199999999998,"degrees":[45,710,479,295,33]},"num_concepts_raised":3156},{"base_id":287,"kind":"top_words","i1":3,"i2":6,"sol":{"path":["/c/en/maxillary","/c/en/jaw","/c/en/call_on_carpet","/c/en/censure"],"weight":0.20622999999999936,"degrees":[45,710,188,299]},"num_concepts_raised":12598},{"base_id":287,"kind":"top_words","i1":3,"i2":7,"sol":{"path":["/c/en/maxillary","/c/en/jaw","/c/sa/हनु","/c/en/weapon","/c/en/brahmos"],"weight":0.2079999999999998,"degrees":[45,710,29,1448,32]},"num_concepts_raised":2266},{"base_id":287,"kind":"top_words","i1":3,"i2":8,"sol":{"path":["/c/en/maxillary","/c/la/maxilla","/c/en/anatomy","/c/en/kyphosis","/c/en/hunchback"],"weight":0.20465999999999973,"degrees":[45,45,12775,112,75]},"num_concepts_raised":10896},{"base_id":287,"kind":"top_words","i1":3,"i2":9,"sol":{"path":["/c/en/maxillary","/c/en/jaw","/c/en/slang","/c/en/shekel","/c/en/agora"],"weight":0.2106099999999998,"degrees":[45,710,16318,66,88]},"num_concepts_raised":4072},{"base_id":287,"kind":"top_words","i1":4,"i2":5,"sol":{"path":["/c/en/intermediation","/c/en/mediation","/c/zh/勸解","/c/en/patch","/c/en/patchy"],"weight":0.20280999999999982,"degrees":[27,198,20,642,33]},"num_concepts_raised":3096},{"base_id":287,"kind":"top_words","i1":4,"i2":6,"sol":{"path":["/c/en/intermediation","/c/de/vermittlung","/c/en/agency","/c/en/censor","/c/en/censure"],"weight":0.20827999999999935,"degrees":[27,136,507,218,299]},"num_concepts_raised":12536},{"base_id":287,"kind":"top_words","i1":4,"i2":7,"sol":{"path":["/c/en/intermediation","/c/en/intervention","/c/en/automatic","/c/en/weapon","/c/en/brahmos"],"weight":0.2076899999999998,"degrees":[27,252,488,1448,32]},"num_concepts_raised":2209},{"base_id":287,"kind":"top_words","i1":4,"i2":8,"sol":{"path":["/c/en/intermediation","/c/en/god_son","/c/en/lord","/c/en/hunchback"],"weight":0.20313999999999977,"degrees":[27,33,988,75]},"num_concepts_raised":10839},{"base_id":287,"kind":"top_words","i1":4,"i2":9,"sol":{"path":["/c/en/intermediation","/c/en/interposition","/c/en/placement","/c/fr/place","/c/en/agora"],"weight":0.2083499999999998,"degrees":[27,51,217,830,88]},"num_concepts_raised":4014},{"base_id":287,"kind":"top_words","i1":5,"i2":6,"sol":{"path":["/c/en/patchy","/c/en/uneven","/c/en/buck","/c/en/blame","/c/en/censure"],"weight":0.20901999999999935,"degrees":[33,295,385,816,299]},"num_concepts_raised":13759},{"base_id":287,"kind":"top_words","i1":5,"i2":7,"sol":{"path":["/c/en/patchy","/c/en/constant","/c/en/cruise","/c/en/cruise_missile","/c/en/brahmos"],"weight":0.2077699999999998,"degrees":[33,553,267,119,32]},"num_concepts_raised":3446},{"base_id":287,"kind":"top_words","i1":5,"i2":8,"sol":{"path":["/c/en/patchy","/c/en/patchwork","/c/en/derogatory","/c/en/hunchback"],"weight":0.20320999999999975,"degrees":[33,107,3326,75]},"num_concepts_raised":12067},{"base_id":287,"kind":"top_words","i1":5,"i2":9,"sol":{"path":["/c/en/patchy","/c/en/patch","/c/fi/paikka","/c/fi/kokouspaikka","/c/en/agora"],"weight":0.21043999999999982,"degrees":[33,642,384,13,88]},"num_concepts_raised":5235},{"base_id":287,"kind":"top_words","i1":6,"i2":7,"sol":{"path":["/c/en/censure","/c/en/criticize","/c/en/slash","/c/en/weapon","/c/en/brahmos"],"weight":0.21313999999999933,"degrees":[299,309,573,1448,32]},"num_concepts_raised":12881},{"base_id":287,"kind":"top_words","i1":6,"i2":8,"sol":{"path":["/c/en/censure","/c/fr/critiquer","/c/fr/personne","/c/en/hunchback"],"weight":0.2074699999999993,"degrees":[299,248,3714,75]},"num_concepts_raised":21355},{"base_id":287,"kind":"top_words","i1":6,"i2":9,"sol":{"path":["/c/en/censure","/c/fr/censure","/c/fr/assemblée","/c/grc/αγορα","/c/en/agora"],"weight":0.21485999999999936,"degrees":[299,114,379,33,88]},"num_concepts_raised":14654},{"base_id":287,"kind":"top_words","i1":7,"i2":8,"sol":{"path":["/c/en/brahmos","/c/en/weapon","/c/en/instrument","/c/en/bell","/c/en/hunchback"],"weight":0.20823999999999973,"degrees":[32,1448,1542,1216,75]},"num_concepts_raised":11194},{"base_id":287,"kind":"top_words","i1":7,"i2":9,"sol":{"path":["/c/en/brahmos","/c/en/cruise_missile","/c/en/bomb","/c/en/israel","/c/en/agora"],"weight":0.21341999999999978,"degrees":[32,119,798,512,88]},"num_concepts_raised":4355},{"base_id":287,"kind":"top_words","i1":8,"i2":9,"sol":{"path":["/c/en/hunchback","/c/en/hump","/c/en/historical","/c/es/ágora","/c/en/agora"],"weight":0.21308999999999975,"degrees":[75,236,8415,9,88]},"num_concepts_raised":12927}]]