[[{"base_id":60,"kind":"bot_words","i1":0,"i2":1,"sol":{"path":["/c/en/ethene","/c/en/compound","/c/en/legal","/c/en/sen","/c/en/riel"],"weight":0.2041499999999999,"degrees":[48,1833,6627,30,36]},"num_concepts_raised":20057},{"base_id":60,"kind":"bot_words","i1":0,"i2":2,"sol":{"path":["/c/en/ethene","/c/en/compound","/c/en/music","/c/en/enka"],"weight":0.2080799999999998,"degrees":[48,1833,8822,33]},"num_concepts_raised":27640},{"base_id":60,"kind":"bot_words","i1":0,"i2":3,"sol":{"path":["/c/en/ethene","/c/en/chemical","/c/en/slang","/c/en/spunk","/c/en/spunky"],"weight":0.20394999999999985,"degrees":[48,882,16318,91,24]},"num_concepts_raised":26016},{"base_id":60,"kind":"bot_words","i1":0,"i2":4,"sol":{"path":["/c/en/ethene","/c/en/organic_compound","/c/en/atom","/c/en/philosopher","/c/en/mencius"],"weight":0.21071999999999974,"degrees":[48,7764,1498,600,67]},"num_concepts_raised":21269},{"base_id":60,"kind":"bot_words","i1":0,"i2":5,"sol":{"path":["/c/en/ethene","/c/en/ethylene","/c/en/gas","/c/en/pipeline"],"weight":0.2064799999999997,"degrees":[48,218,1636,178]},"num_concepts_raised":48761},{"base_id":60,"kind":"bot_words","i1":0,"i2":6,"sol":{"path":["/c/en/ethene","/c/en/pressure","/c/en/wind","/c/en/tempest"],"weight":0.21703999999999965,"degrees":[48,993,2373,235]},"num_concepts_raised":35243},{"base_id":60,"kind":"bot_words","i1":0,"i2":7,"sol":{"path":["/c/en/ethene","/c/en/pressure","/c/en/distress","/c/es/embargo","/c/en/embargo"],"weight":0.20616999999999974,"degrees":[48,993,756,25,113]},"num_concepts_raised":29263},{"base_id":60,"kind":"bot_words","i1":0,"i2":8,"sol":{"path":["/c/en/ethene"],"weight":0.1,"degrees":[48]}},{"base_id":60,"kind":"bot_words","i1":0,"i2":9,"sol":{"path":["/c/en/ethene","/c/en/organic","/c/en/manure","/c/en/defecation"],"weight":0.20467999999999945,"degrees":[48,770,412,182]},"num_concepts_raised":32833},{"base_id":60,"kind":"bot_words","i1":1,"i2":2,"sol":{"path":["/c/en/riel","/c/en/sen","/c/en/yen","/c/ja/えんか","/c/en/enka"],"weight":0.2089499999999999,"degrees":[36,30,184,3,33]},"num_concepts_raised":8577},{"base_id":60,"kind":"bot_words","i1":1,"i2":3,"sol":{"path":["/c/en/riel","/c/en/kak","/c/en/slang","/c/en/spunk","/c/en/spunky"],"weight":0.20489999999999997,"degrees":[36,9,16318,91,24]},"num_concepts_raised":6943},{"base_id":60,"kind":"bot_words","i1":1,"i2":4,"sol":{"path":["/c/en/riel","/c/en/kak","/c/en/shit","/c/en/person","/c/en/philosopher","/c/en/mencius"],"weight":0.21563949999999965,"degrees":[36,9,955,12935,600,67]},"num_concepts_raised":233106},{"base_id":60,"kind":"bot_words","i1":1,"i2":5,"sol":{"path":["/c/en/riel","/c/en/kak","/c/en/slang","/c/en/pipe","/c/en/pipeline"],"weight":0.2073599999999998,"degrees":[36,9,16318,1039,178]},"num_concepts_raised":30252},{"base_id":60,"kind":"bot_words","i1":1,"i2":6,"sol":{"path":["/c/en/riel","/c/en/kak","/c/en/slang","/c/en/wind","/c/en/tempest"],"weight":0.21798999999999974,"degrees":[36,9,16318,2373,235]},"num_concepts_raised":16259},{"base_id":60,"kind":"bot_words","i1":1,"i2":7,"sol":{"path":["/c/en/riel","/c/km/កាក់","/c/en/stop","/c/en/embargo"],"weight":0.20404999999999987,"degrees":[36,11,2126,113]},"num_concepts_raised":10219},{"base_id":60,"kind":"bot_words","i1":1,"i2":8,"sol":{"path":["/c/en/riel","/c/en/sen","/c/en/legal","/c/en/compound","/c/en/ethene"],"weight":0.2041499999999999,"degrees":[36,30,6627,1833,48]},"num_concepts_raised":20057},{"base_id":60,"kind":"bot_words","i1":1,"i2":9,"sol":{"path":["/c/en/riel","/c/en/kak","/c/en/shit","/c/en/defecation"],"weight":0.20582999999999957,"degrees":[36,9,955,182]},"num_concepts_raised":13821},{"base_id":60,"kind":"bot_words","i1":2,"i2":3,"sol":{"path":["/c/en/enka","/c/en/music","/c/en/pluck","/c/en/plucky","/c/en/spunky"],"weight":0.20885999999999988,"degrees":[33,8822,483,69,24]},"num_concepts_raised":14497},{"base_id":60,"kind":"bot_words","i1":2,"i2":4,"sol":{"path":["/c/en/enka","/c/en/music","/c/en/person","/c/en/philosopher","/c/en/mencius"],"weight":0.21536999999999978,"degrees":[33,8822,12935,600,67]},"num_concepts_raised":9786},{"base_id":60,"kind":"bot_words","i1":2,"i2":5,"sol":{"path":["/c/en/enka","/c/en/music","/c/en/pipe","/c/en/pipeline"],"weight":0.2112699999999997,"degrees":[33,8822,1039,178]},"num_concepts_raised":37517},{"base_id":60,"kind":"bot_words","i1":2,"i2":6,"sol":{"path":["/c/en/enka","/c/en/music","/c/en/play","/c/en/tempest"],"weight":0.21965999999999966,"degrees":[33,8822,3092,235]},"num_concepts_raised":23505},{"base_id":60,"kind":"bot_words","i1":2,"i2":7,"sol":{"path":["/c/en/enka","/c/en/music","/c/en/stop","/c/en/embargo"],"weight":0.20901999999999976,"degrees":[33,8822,2126,113]},"num_concepts_raised":17718},{"base_id":60,"kind":"bot_words","i1":2,"i2":8,"sol":{"path":["/c/en/enka","/c/en/music","/c/en/compound","/c/en/ethene"],"weight":0.2080799999999998,"degrees":[33,8822,1833,48]},"num_concepts_raised":27640},{"base_id":60,"kind":"bot_words","i1":2,"i2":9,"sol":{"path":["/c/en/enka","/c/en/music","/c/en/throne","/c/en/defecation"],"weight":0.20954999999999946,"degrees":[33,8822,459,182]},"num_concepts_raised":21314},{"base_id":60,"kind":"bot_words","i1":3,"i2":4,"sol":{"path":["/c/en/spunky","/c/en/personality","/c/en/person","/c/en/philosopher","/c/en/mencius"],"weight":0.21025999999999984,"degrees":[24,459,12935,600,67]},"num_concepts_raised":8155},{"base_id":60,"kind":"bot_words","i1":3,"i2":5,"sol":{"path":["/c/en/spunky","/c/en/personality","/c/en/channel","/c/en/pipeline"],"weight":0.20469999999999977,"degrees":[24,459,932,178]},"num_concepts_raised":35867},{"base_id":60,"kind":"bot_words","i1":3,"i2":6,"sol":{"path":["/c/en/spunky","/c/en/uk","/c/en/drum","/c/en/tempest"],"weight":0.21449999999999975,"degrees":[24,5562,885,235]},"num_concepts_raised":22079},{"base_id":60,"kind":"bot_words","i1":3,"i2":7,"sol":{"path":["/c/en/spunky","/c/en/uk","/c/en/stop","/c/en/embargo"],"weight":0.20385999999999982,"degrees":[24,5562,2126,113]},"num_concepts_raised":16096},{"base_id":60,"kind":"bot_words","i1":3,"i2":8,"sol":{"path":["/c/en/spunky","/c/en/spunk","/c/en/slang","/c/en/chemical","/c/en/ethene"],"weight":0.20394999999999985,"degrees":[24,91,16318,882,48]},"num_concepts_raised":26016},{"base_id":60,"kind":"bot_words","i1":3,"i2":9,"sol":{"path":["/c/en/spunky","/c/en/uk","/c/en/toilet","/c/en/defecation"],"weight":0.20490999999999954,"degrees":[24,5562,802,182]},"num_concepts_raised":19586},{"base_id":60,"kind":"bot_words","i1":4,"i2":5,"sol":{"path":["/c/en/mencius","/c/en/philosopher","/c/en/atom","/c/en/computing","/c/en/pipeline"],"weight":0.21236999999999964,"degrees":[67,600,1498,9084,178]},"num_concepts_raised":31440},{"base_id":60,"kind":"bot_words","i1":4,"i2":6,"sol":{"path":["/c/en/mencius","/c/en/chinese","/c/en/british","/c/en/wind","/c/en/tempest"],"weight":0.22230999999999962,"degrees":[67,911,3452,2373,235]},"num_concepts_raised":17464},{"base_id":60,"kind":"bot_words","i1":4,"i2":7,"sol":{"path":["/c/en/mencius","/c/en/philosopher","/c/en/person","/c/en/order","/c/en/embargo"],"weight":0.2114099999999997,"degrees":[67,600,12935,2833,113]},"num_concepts_raised":11439},{"base_id":60,"kind":"bot_words","i1":4,"i2":8,"sol":{"path":["/c/en/mencius","/c/en/philosopher","/c/en/atom","/c/en/organic_compound","/c/en/ethene"],"weight":0.21071999999999974,"degrees":[67,600,1498,7764,48]},"num_concepts_raised":21269},{"base_id":60,"kind":"bot_words","i1":4,"i2":9,"sol":{"path":["/c/en/mencius","/c/en/philosopher","/c/en/person","/c/en/shit","/c/en/defecation"],"weight":0.2122499999999994,"degrees":[67,600,12935,955,182]},"num_concepts_raised":15032},{"base_id":60,"kind":"bot_words","i1":5,"i2":6,"sol":{"path":["/c/en/pipeline","/c/en/gas","/c/en/storm","/c/en/tempest"],"weight":0.22321999999999947,"degrees":[178,1636,1015,235]},"num_concepts_raised":44870},{"base_id":60,"kind":"bot_words","i1":5,"i2":7,"sol":{"path":["/c/en/pipeline","/c/en/information","/c/en/embargo"],"weight":0.202,"degrees":[178,1544,113]},"num_concepts_raised":230},{"base_id":60,"kind":"bot_words","i1":5,"i2":8,"sol":{"path":["/c/en/pipeline","/c/en/gas","/c/en/ethylene","/c/en/ethene"],"weight":0.2064799999999997,"degrees":[178,1636,218,48]},"num_concepts_raised":48761},{"base_id":60,"kind":"bot_words","i1":5,"i2":9,"sol":{"path":["/c/en/pipeline","/c/en/water","/c/en/toilet","/c/en/defecation"],"weight":0.20686999999999933,"degrees":[178,4606,802,182]},"num_concepts_raised":42358},{"base_id":60,"kind":"bot_words","i1":6,"i2":7,"sol":{"path":["/c/en/tempest","/c/en/wind","/c/en/trade","/c/en/embargo"],"weight":0.21792999999999962,"degrees":[235,2373,1298,113]},"num_concepts_raised":25258},{"base_id":60,"kind":"bot_words","i1":6,"i2":8,"sol":{"path":["/c/en/tempest","/c/en/wind","/c/en/pressure","/c/en/ethene"],"weight":0.21703999999999965,"degrees":[235,2373,993,48]},"num_concepts_raised":35243},{"base_id":60,"kind":"bot_words","i1":6,"i2":9,"sol":{"path":["/c/en/tempest","/c/en/wind","/c/en/loo","/c/en/defecation"],"weight":0.2185199999999993,"degrees":[235,2373,147,182]},"num_concepts_raised":28790},{"base_id":60,"kind":"bot_words","i1":7,"i2":8,"sol":{"path":["/c/en/embargo","/c/es/embargo","/c/en/distress","/c/en/pressure","/c/en/ethene"],"weight":0.20616999999999974,"degrees":[113,25,756,993,48]},"num_concepts_raised":29263},{"base_id":60,"kind":"bot_words","i1":7,"i2":9,"sol":{"path":["/c/en/embargo","/c/en/ship","/c/en/poop","/c/en/defecation"],"weight":0.2056399999999994,"degrees":[113,2104,179,182]},"num_concepts_raised":22796},{"base_id":60,"kind":"bot_words","i1":8,"i2":9,"sol":{"path":["/c/en/ethene","/c/en/organic","/c/en/manure","/c/en/defecation"],"weight":0.20467999999999945,"degrees":[48,770,412,182]},"num_concepts_raised":32833}],[{"base_id":60,"kind":"top_words","i1":0,"i2":1,"sol":{"path":["/c/en/underhand","/c/en/mining","/c/en/room","/c/en/backroom"],"weight":0.20473999999999976,"degrees":[86,883,1788,39]},"num_concepts_raised":17746},{"base_id":60,"kind":"top_words","i1":0,"i2":2,"sol":{"path":["/c/en/underhand","/c/en/underhanded"],"weight":0.20700000000000002,"degrees":[86,59]},"num_concepts_raised":119},{"base_id":60,"kind":"top_words","i1":0,"i2":3,"sol":{"path":["/c/en/underhand","/c/en/trick","/c/en/blink","/c/en/wink"],"weight":0.21987999999999913,"degrees":[86,1286,370,348]},"num_concepts_raised":40640},{"base_id":60,"kind":"top_words","i1":0,"i2":4,"sol":{"path":["/c/en/underhand","/c/en/gull","/c/en/bird","/c/en/fantail"],"weight":0.2109699999999996,"degrees":[86,447,4970,57]},"num_concepts_raised":25590},{"base_id":60,"kind":"top_words","i1":0,"i2":5,"sol":{"path":["/c/en/underhand","/c/en/sly","/c/en/sleight"],"weight":0.203,"degrees":[86,341,27]},"num_concepts_raised":100},{"base_id":60,"kind":"top_words","i1":0,"i2":6,"sol":{"path":["/c/en/underhand","/c/en/hand","/c/fr/passage","/c/fr/lectionnaire","/c/en/lectionary"],"weight":0.21070999999999973,"degrees":[86,2596,554,31,31]},"num_concepts_raised":13855},{"base_id":60,"kind":"top_words","i1":0,"i2":7,"sol":{"path":["/c/en/underhand","/c/en/hand","/c/en/skin","/c/en/cupping"],"weight":0.20381999999999972,"degrees":[86,2596,2372,49]},"num_concepts_raised":30374},{"base_id":60,"kind":"top_words","i1":0,"i2":8,"sol":{"path":["/c/en/underhand","/c/en/sport","/c/en/ploy"],"weight":0.20400000000000001,"degrees":[86,1809,115]},"num_concepts_raised":174},{"base_id":60,"kind":"top_words","i1":0,"i2":9,"sol":{"path":["/c/en/underhand","/c/en/trick","/c/en/book","/c/en/bookmaker"],"weight":0.20558999999999966,"degrees":[86,1286,3239,99]},"num_concepts_raised":23198},{"base_id":60,"kind":"top_words","i1":1,"i2":2,"sol":{"path":["/c/en/backroom","/c/en/secrecy","/c/en/sly","/c/en/underhanded"],"weight":0.20332999999999982,"degrees":[39,182,341,59]},"num_concepts_raised":12839},{"base_id":60,"kind":"top_words","i1":1,"i2":3,"sol":{"path":["/c/en/backroom","/c/en/room","/c/en/sleep","/c/en/wink"],"weight":0.2129399999999994,"degrees":[39,1788,2114,348]},"num_concepts_raised":34536},{"base_id":60,"kind":"top_words","i1":1,"i2":4,"sol":{"path":["/c/en/backroom","/c/en/room","/c/en/nautical","/c/en/fantail"],"weight":0.20940999999999982,"degrees":[39,1788,5204,57]},"num_concepts_raised":19230},{"base_id":60,"kind":"top_words","i1":1,"i2":5,"sol":{"path":["/c/en/backroom","/c/en/secrecy","/c/en/sly","/c/en/sleight"],"weight":0.20389999999999991,"degrees":[39,182,341,27]},"num_concepts_raised":8988},{"base_id":60,"kind":"top_words","i1":1,"i2":6,"sol":{"path":["/c/en/backroom","/c/en/rear","/c/en/person","/c/en/lector","/c/en/lectionary"],"weight":0.21007999999999993,"degrees":[39,915,12935,76,31]},"num_concepts_raised":7246},{"base_id":60,"kind":"top_words","i1":1,"i2":7,"sol":{"path":["/c/en/backroom","/c/en/room","/c/en/closet","/c/en/cup","/c/en/cupping"],"weight":0.20541999999999994,"degrees":[39,1788,569,1155,49]},"num_concepts_raised":23921},{"base_id":60,"kind":"top_words","i1":1,"i2":8,"sol":{"path":["/c/en/backroom","/c/en/room","/c/en/subdivision","/c/en/ploy"],"weight":0.21000999999999972,"degrees":[39,1788,241,115]},"num_concepts_raised":28177},{"base_id":60,"kind":"top_words","i1":1,"i2":9,"sol":{"path":["/c/en/backroom","/c/en/back","/c/en/book","/c/en/bookmaker"],"weight":0.20502999999999985,"degrees":[39,2238,3239,99]},"num_concepts_raised":16764},{"base_id":60,"kind":"top_words","i1":2,"i2":3,"sol":{"path":["/c/en/underhanded","/c/en/hand","/c/en/eye","/c/en/wink"],"weight":0.21646999999999922,"degrees":[59,2596,2698,348]},"num_concepts_raised":36059},{"base_id":60,"kind":"top_words","i1":2,"i2":4,"sol":{"path":["/c/en/underhanded","/c/en/hand","/c/en/nautical","/c/en/fantail"],"weight":0.20849999999999966,"degrees":[59,2596,5204,57]},"num_concepts_raised":20831},{"base_id":60,"kind":"top_words","i1":2,"i2":5,"sol":{"path":["/c/en/underhanded","/c/en/sly","/c/en/sleight"],"weight":0.203,"degrees":[59,341,27]},"num_concepts_raised":74},{"base_id":60,"kind":"top_words","i1":2,"i2":6,"sol":{"path":["/c/en/underhanded","/c/en/corrupt","/c/en/christian","/c/en/lectionary"],"weight":0.2081899999999998,"degrees":[59,584,813,31]},"num_concepts_raised":8833},{"base_id":60,"kind":"top_words","i1":2,"i2":7,"sol":{"path":["/c/en/underhanded","/c/en/hand","/c/en/skin","/c/en/cupping"],"weight":0.20340999999999976,"degrees":[59,2596,2372,49]},"num_concepts_raised":25449},{"base_id":60,"kind":"top_words","i1":2,"i2":8,"sol":{"path":["/c/en/underhanded","/c/en/stratagem","/c/en/ploy"],"weight":0.20500000000000002,"degrees":[59,172,115]},"num_concepts_raised":148},{"base_id":60,"kind":"top_words","i1":2,"i2":9,"sol":{"path":["/c/en/underhanded","/c/en/secret","/c/en/book","/c/en/bookmaker"],"weight":0.2051699999999997,"degrees":[59,1081,3239,99]},"num_concepts_raised":18355},{"base_id":60,"kind":"top_words","i1":3,"i2":4,"sol":{"path":["/c/en/wink","/c/en/blink","/c/en/nautical","/c/en/fantail"],"weight":0.22443999999999917,"degrees":[348,370,5204,57]},"num_concepts_raised":42388},{"base_id":60,"kind":"top_words","i1":3,"i2":5,"sol":{"path":["/c/en/wink","/c/en/blink","/c/en/trick","/c/en/sleight"],"weight":0.21905999999999926,"degrees":[348,370,1286,27]},"num_concepts_raised":32371},{"base_id":60,"kind":"top_words","i1":3,"i2":6,"sol":{"path":["/c/en/wink","/c/en/blink","/c/en/people","/c/en/worship","/c/en/lectionary"],"weight":0.22410999999999928,"degrees":[348,370,4475,833,31]},"num_concepts_raised":30729},{"base_id":60,"kind":"top_words","i1":3,"i2":7,"sol":{"path":["/c/en/wink","/c/en/double","/c/en/cup","/c/en/cupping"],"weight":0.21298999999999935,"degrees":[348,1095,1155,49]},"num_concepts_raised":46922},{"base_id":60,"kind":"top_words","i1":3,"i2":8,"sol":{"path":["/c/en/wink","/c/en/blink","/c/en/trick","/c/en/ploy"],"weight":0.22556999999999908,"degrees":[348,370,1286,115]},"num_concepts_raised":50837},{"base_id":60,"kind":"top_words","i1":3,"i2":9,"sol":{"path":["/c/en/wink","/c/en/eye","/c/en/maker","/c/en/bookmaker"],"weight":0.21688999999999925,"degrees":[348,2698,486,99]},"num_concepts_raised":39861},{"base_id":60,"kind":"top_words","i1":4,"i2":5,"sol":{"path":["/c/en/fantail","/c/en/nautical","/c/en/trick","/c/en/sleight"],"weight":0.20808999999999975,"degrees":[57,5204,1286,27]},"num_concepts_raised":16949},{"base_id":60,"kind":"top_words","i1":4,"i2":6,"sol":{"path":["/c/en/fantail","/c/en/bird","/c/en/us","/c/en/lector","/c/en/lectionary"],"weight":0.21729999999999977,"degrees":[57,4970,8154,76,31]},"num_concepts_raised":15221},{"base_id":60,"kind":"top_words","i1":4,"i2":7,"sol":{"path":["/c/en/fantail","/c/en/cap","/c/en/cup","/c/en/cupping"],"weight":0.20946999999999977,"degrees":[57,807,1155,49]},"num_concepts_raised":31804},{"base_id":60,"kind":"top_words","i1":4,"i2":8,"sol":{"path":["/c/en/fantail","/c/en/bird","/c/en/uk","/c/en/ploy"],"weight":0.21620999999999957,"degrees":[57,4970,5562,115]},"num_concepts_raised":35785},{"base_id":60,"kind":"top_words","i1":4,"i2":9,"sol":{"path":["/c/en/fantail","/c/en/bird","/c/en/slang","/c/en/book","/c/en/bookmaker"],"weight":0.2122999999999997,"degrees":[57,4970,16318,3239,99]},"num_concepts_raised":24708},{"base_id":60,"kind":"top_words","i1":5,"i2":6,"sol":{"path":["/c/en/sleight","/c/en/cunning","/c/en/us","/c/en/lector","/c/en/lectionary"],"weight":0.20983999999999986,"degrees":[27,597,8154,76,31]},"num_concepts_raised":4854},{"base_id":60,"kind":"top_words","i1":5,"i2":7,"sol":{"path":["/c/en/sleight","/c/en/trick","/c/en/skin","/c/en/cupping"],"weight":0.20299999999999985,"degrees":[27,1286,2372,49]},"num_concepts_raised":21592},{"base_id":60,"kind":"top_words","i1":5,"i2":8,"sol":{"path":["/c/en/sleight","/c/fr/artifice","/c/en/ploy"],"weight":0.20400000000000001,"degrees":[27,149,115]},"num_concepts_raised":122},{"base_id":60,"kind":"top_words","i1":5,"i2":9,"sol":{"path":["/c/en/sleight","/c/en/trick","/c/en/book","/c/en/bookmaker"],"weight":0.20476999999999979,"degrees":[27,1286,3239,99]},"num_concepts_raised":14482},{"base_id":60,"kind":"top_words","i1":6,"i2":7,"sol":{"path":["/c/en/lectionary","/c/en/lector","/c/en/us","/c/en/cup","/c/en/cupping"],"weight":0.2112299999999999,"degrees":[31,76,8154,1155,49]},"num_concepts_raised":19840},{"base_id":60,"kind":"top_words","i1":6,"i2":8,"sol":{"path":["/c/en/lectionary","/c/en/lector","/c/en/lay","/c/en/scheme","/c/en/ploy"],"weight":0.2181599999999997,"degrees":[31,76,951,672,115]},"num_concepts_raised":24275},{"base_id":60,"kind":"top_words","i1":6,"i2":9,"sol":{"path":["/c/en/lectionary","/c/fr/lectionnaire","/c/fr/livre","/c/en/bookmaker"],"weight":0.21087999999999982,"degrees":[31,31,1051,99]},"num_concepts_raised":12729},{"base_id":60,"kind":"top_words","i1":7,"i2":8,"sol":{"path":["/c/en/cupping","/c/en/cup","/c/en/uk","/c/en/ploy"],"weight":0.21013999999999966,"degrees":[49,1155,5562,115]},"num_concepts_raised":40665},{"base_id":60,"kind":"top_words","i1":7,"i2":9,"sol":{"path":["/c/en/cupping","/c/en/blood","/c/en/juice","/c/en/bookmaker"],"weight":0.2038999999999998,"degrees":[49,2253,806,99]},"num_concepts_raised":29310},{"base_id":60,"kind":"top_words","i1":8,"i2":9,"sol":{"path":["/c/en/ploy","/c/en/trick","/c/en/book","/c/en/bookmaker"],"weight":0.21125999999999961,"degrees":[115,1286,3239,99]},"num_concepts_raised":33353}]]