[[{"base_id":478,"kind":"bot_words","i1":0,"i2":1,"sol":{"path":["/c/en/torr","/c/en/millimeter_of_mercury","/c/en/earth","/c/en/plant","/c/en/pereskia"],"weight":0.21577999999999986,"degrees":[74,13,2336,7959,47]},"num_concepts_raised":9564},{"base_id":478,"kind":"bot_words","i1":0,"i2":2,"sol":{"path":["/c/en/torr","/c/zh/托","/c/en/prop","/c/en/ignition"],"weight":0.21089999999999956,"degrees":[74,22,420,245]},"num_concepts_raised":26784},{"base_id":478,"kind":"bot_words","i1":0,"i2":3,"sol":{"path":["/c/en/torr","/c/en/pascal","/c/en/given_name","/c/en/spence","/c/en/spencer"],"weight":0.21778999999999987,"degrees":[74,192,1247,15,48]},"num_concepts_raised":17054},{"base_id":478,"kind":"bot_words","i1":0,"i2":4,"sol":{"path":["/c/en/torr","/c/en/pascal","/c/fr/physique","/c/fr/écrire","/c/fr/annaliste","/c/en/annalist"],"weight":0.21869489999999991,"degrees":[74,192,6029,805,18,44]},"num_concepts_raised":175832},{"base_id":478,"kind":"bot_words","i1":0,"i2":5,"sol":{"path":["/c/en/torr","/c/en/pascal","/c/en/programming_language","/c/en/code","/c/en/codification"],"weight":0.20896999999999996,"degrees":[74,192,560,681,55]},"num_concepts_raised":2781},{"base_id":478,"kind":"bot_words","i1":0,"i2":6,"sol":{"path":["/c/en/torr","/c/pl/tor","/c/en/path","/c/en/snake","/c/en/spectacle"],"weight":0.21487999999999974,"degrees":[74,46,1174,1419,221]},"num_concepts_raised":12777},{"base_id":478,"kind":"bot_words","i1":0,"i2":7,"sol":{"path":["/c/en/torr","/c/zh/托","/c/en/set","/c/en/creative"],"weight":0.21188999999999977,"degrees":[74,22,2628,289]},"num_concepts_raised":26791},{"base_id":478,"kind":"bot_words","i1":0,"i2":8,"sol":{"path":["/c/en/torr","/c/en/atmosphere","/c/en/graphophone","/c/en/project"],"weight":0.22321999999999842,"degrees":[74,882,15,889]},"num_concepts_raised":59050},{"base_id":478,"kind":"bot_words","i1":0,"i2":9,"sol":{"path":["/c/en/torr","/c/fr/torr","/c/fr/valeur","/c/fr/militarisation","/c/en/militarization"],"weight":0.21161,"degrees":[74,24,879,26,27]},"num_concepts_raised":2046},{"base_id":478,"kind":"bot_words","i1":1,"i2":2,"sol":{"path":["/c/en/pereskia","/c/en/plant","/c/en/starter","/c/en/ignition"],"weight":0.21051999999999946,"degrees":[47,7959,198,245]},"num_concepts_raised":32617},{"base_id":478,"kind":"bot_words","i1":1,"i2":3,"sol":{"path":["/c/en/pereskia","/c/en/cactus","/c/en/texas","/c/en/clay_county","/c/en/spencer"],"weight":0.21530999999999978,"degrees":[47,516,887,63,48]},"num_concepts_raised":22916},{"base_id":478,"kind":"bot_words","i1":1,"i2":4,"sol":{"path":["/c/en/pereskia","/c/en/plant","/c/ja/せいし","/c/en/annal","/c/en/annalist"],"weight":0.20832999999999996,"degrees":[47,7959,142,29,44]},"num_concepts_raised":8257},{"base_id":478,"kind":"bot_words","i1":1,"i2":5,"sol":{"path":["/c/en/pereskia","/c/en/plant","/c/en/branch","/c/en/code","/c/en/codification"],"weight":0.20844999999999986,"degrees":[47,7959,1753,681,55]},"num_concepts_raised":8660},{"base_id":478,"kind":"bot_words","i1":1,"i2":6,"sol":{"path":["/c/en/pereskia","/c/en/plant","/c/en/species","/c/en/spectacle"],"weight":0.21246999999999963,"degrees":[47,7959,1659,221]},"num_concepts_raised":18566},{"base_id":478,"kind":"bot_words","i1":1,"i2":7,"sol":{"path":["/c/en/pereskia","/c/en/plant","/c/en/creator","/c/en/creative"],"weight":0.21263999999999966,"degrees":[47,7959,418,289]},"num_concepts_raised":32557},{"base_id":478,"kind":"bot_words","i1":1,"i2":8,"sol":{"path":["/c/en/pereskia","/c/en/plant","/c/en/us","/c/en/project"],"weight":0.2228899999999983,"degrees":[47,7959,8154,889]},"num_concepts_raised":64789},{"base_id":478,"kind":"bot_words","i1":1,"i2":9,"sol":{"path":["/c/en/pereskia","/c/en/plant","/c/en/organism","/c/en/mobilization","/c/en/militarization"],"weight":0.2080999999999999,"degrees":[47,7959,1338,183,27]},"num_concepts_raised":7932},{"base_id":478,"kind":"bot_words","i1":2,"i2":3,"sol":{"path":["/c/en/ignition","/c/en/key","/c/en/historical","/c/en/spencer"],"weight":0.21049999999999947,"degrees":[245,1529,8415,48]},"num_concepts_raised":39983},{"base_id":478,"kind":"bot_words","i1":2,"i2":4,"sol":{"path":["/c/en/ignition","/c/en/engine","/c/en/computing","/c/en/analyst","/c/en/annalist"],"weight":0.20781999999999967,"degrees":[245,730,9084,197,44]},"num_concepts_raised":25543},{"base_id":478,"kind":"bot_words","i1":2,"i2":5,"sol":{"path":["/c/en/ignition","/c/en/system","/c/en/systematization","/c/en/codification"],"weight":0.20552999999999957,"degrees":[245,1888,56,55]},"num_concepts_raised":25887},{"base_id":478,"kind":"bot_words","i1":2,"i2":6,"sol":{"path":["/c/en/ignition","/c/en/car","/c/en/show","/c/en/spectacle"],"weight":0.21040999999999935,"degrees":[245,2328,1871,221]},"num_concepts_raised":35625},{"base_id":478,"kind":"bot_words","i1":2,"i2":7,"sol":{"path":["/c/en/ignition","/c/en/inflammation","/c/en/productive","/c/en/creative"],"weight":0.21002999999999938,"degrees":[245,800,346,289]},"num_concepts_raised":49223},{"base_id":478,"kind":"bot_words","i1":2,"i2":8,"sol":{"path":["/c/en/ignition","/c/en/starter","/c/en/throw","/c/en/project"],"weight":0.222699999999998,"degrees":[245,198,1517,889]},"num_concepts_raised":80523},{"base_id":478,"kind":"bot_words","i1":2,"i2":9,"sol":{"path":["/c/en/ignition","/c/en/fire","/c/en/process","/c/en/mobilization","/c/en/militarization"],"weight":0.20665999999999962,"degrees":[245,2829,1571,183,27]},"num_concepts_raised":25211},{"base_id":478,"kind":"bot_words","i1":3,"i2":4,"sol":{"path":["/c/en/spencer","/c/en/historical","/c/it/storico","/c/en/historian","/c/en/annalist"],"weight":0.20938999999999997,"degrees":[48,8415,34,362,44]},"num_concepts_raised":15752},{"base_id":478,"kind":"bot_words","i1":3,"i2":5,"sol":{"path":["/c/en/spencer","/c/en/vest","/c/en/legal","/c/cs/kodifikace","/c/en/codification"],"weight":0.20927999999999986,"degrees":[48,306,6627,6,55]},"num_concepts_raised":16155},{"base_id":478,"kind":"bot_words","i1":3,"i2":6,"sol":{"path":["/c/en/spencer","/c/en/historical","/c/en/pageant","/c/en/spectacle"],"weight":0.21046999999999966,"degrees":[48,8415,89,221]},"num_concepts_raised":26039},{"base_id":478,"kind":"bot_words","i1":3,"i2":7,"sol":{"path":["/c/en/spencer","/c/en/village","/c/en/people","/c/en/creative"],"weight":0.21145999999999968,"degrees":[48,1480,4475,289]},"num_concepts_raised":39823},{"base_id":478,"kind":"bot_words","i1":3,"i2":8,"sol":{"path":["/c/en/spencer","/c/en/historical","/c/en/case","/c/en/project"],"weight":0.2227899999999983,"degrees":[48,8415,1773,889]},"num_concepts_raised":71737},{"base_id":478,"kind":"bot_words","i1":3,"i2":9,"sol":{"path":["/c/en/spencer","/c/en/county_seat","/c/en/mobile","/c/en/mobilization","/c/en/militarization"],"weight":0.2081199999999999,"degrees":[48,2497,484,183,27]},"num_concepts_raised":15434},{"base_id":478,"kind":"bot_words","i1":4,"i2":5,"sol":{"path":["/c/en/annalist","/c/en/analyst","/c/en/computing","/c/en/code","/c/en/codification"],"weight":0.20464000000000004,"degrees":[44,197,9084,681,55]},"num_concepts_raised":1462},{"base_id":478,"kind":"bot_words","i1":4,"i2":6,"sol":{"path":["/c/en/annalist","/c/en/analyst","/c/en/computing","/c/en/display","/c/en/spectacle"],"weight":0.20703999999999984,"degrees":[44,197,9084,928,221]},"num_concepts_raised":11501},{"base_id":478,"kind":"bot_words","i1":4,"i2":7,"sol":{"path":["/c/en/annalist","/c/fr/annaliste","/c/fr/écrire","/c/en/create","/c/en/creative"],"weight":0.21088999999999988,"degrees":[44,18,805,817,289]},"num_concepts_raised":25516},{"base_id":478,"kind":"bot_words","i1":4,"i2":8,"sol":{"path":["/c/en/annalist","/c/en/analyst","/c/en/psychoanalysis","/c/en/project"],"weight":0.21892999999999851,"degrees":[44,197,314,889]},"num_concepts_raised":57880},{"base_id":478,"kind":"bot_words","i1":4,"i2":9,"sol":{"path":["/c/en/annalist","/c/en/analyst","/c/en/analysis","/c/en/process","/c/en/mobilization","/c/en/militarization"],"weight":0.20814370000000004,"degrees":[44,197,811,1571,183,27]},"num_concepts_raised":51455},{"base_id":478,"kind":"bot_words","i1":5,"i2":6,"sol":{"path":["/c/en/codification","/c/en/code","/c/en/program","/c/en/show","/c/en/spectacle"],"weight":0.20827999999999974,"degrees":[55,681,1115,1871,221]},"num_concepts_raised":11886},{"base_id":478,"kind":"bot_words","i1":5,"i2":7,"sol":{"path":["/c/en/codification","/c/ja/成文化","/c/en/writing","/c/en/creative"],"weight":0.20866999999999977,"degrees":[55,15,1875,289]},"num_concepts_raised":25860},{"base_id":478,"kind":"bot_words","i1":5,"i2":8,"sol":{"path":["/c/en/codification","/c/en/code","/c/en/program","/c/en/project"],"weight":0.2183499999999984,"degrees":[55,681,1115,889]},"num_concepts_raised":58180},{"base_id":478,"kind":"bot_words","i1":5,"i2":9,"sol":{"path":["/c/en/codification","/c/en/code","/c/en/genetics","/c/en/mobilization","/c/en/militarization"],"weight":0.20327,"degrees":[55,681,1987,183,27]},"num_concepts_raised":1139},{"base_id":478,"kind":"bot_words","i1":6,"i2":7,"sol":{"path":["/c/en/spectacle","/c/en/show","/c/en/dance","/c/en/creative"],"weight":0.21135999999999955,"degrees":[221,1871,2473,289]},"num_concepts_raised":35328},{"base_id":478,"kind":"bot_words","i1":6,"i2":8,"sol":{"path":["/c/en/spectacle","/c/en/show","/c/en/project"],"weight":0.20600000000000002,"degrees":[221,1871,889]},"num_concepts_raised":877},{"base_id":478,"kind":"bot_words","i1":6,"i2":9,"sol":{"path":["/c/en/spectacle","/c/en/show","/c/en/social_event","/c/en/mobilization","/c/en/militarization"],"weight":0.20786999999999978,"degrees":[221,1871,117,183,27]},"num_concepts_raised":11174},{"base_id":478,"kind":"bot_words","i1":7,"i2":8,"sol":{"path":["/c/en/creative","/c/en/design","/c/en/project"],"weight":0.20400000000000001,"degrees":[289,1361,889]},"num_concepts_raised":910},{"base_id":478,"kind":"bot_words","i1":7,"i2":9,"sol":{"path":["/c/en/creative","/c/en/create","/c/en/move","/c/en/mobilization","/c/en/militarization"],"weight":0.20752999999999983,"degrees":[289,817,2810,183,27]},"num_concepts_raised":25199},{"base_id":478,"kind":"bot_words","i1":8,"i2":9,"sol":{"path":["/c/en/project","/c/en/social_event","/c/en/mobilization","/c/en/militarization"],"weight":0.21755999999999842,"degrees":[889,117,183,27]},"num_concepts_raised":57549}],[{"base_id":478,"kind":"top_words","i1":0,"i2":1,"sol":{"path":["/c/en/steak","/c/en/beef","/c/en/grilled"],"weight":0.20500000000000002,"degrees":[357,644,45]},"num_concepts_raised":307},{"base_id":478,"kind":"top_words","i1":0,"i2":2,"sol":{"path":["/c/en/steak","/c/en/chicken","/c/en/roast"],"weight":0.20500000000000002,"degrees":[357,1689,812]},"num_concepts_raised":949},{"base_id":478,"kind":"top_words","i1":0,"i2":3,"sol":{"path":["/c/en/steak","/c/en/chicken"],"weight":0.21000000000000002,"degrees":[357,1689]},"num_concepts_raised":1579},{"base_id":478,"kind":"top_words","i1":0,"i2":4,"sol":{"path":["/c/en/steak","/c/en/chicken","/c/en/pork"],"weight":0.20800000000000002,"degrees":[357,1689,604]},"num_concepts_raised":737},{"base_id":478,"kind":"top_words","i1":0,"i2":5,"sol":{"path":["/c/en/steak","/c/en/plate","/c/en/dishes"],"weight":0.20400000000000001,"degrees":[357,1940,84]},"num_concepts_raised":342},{"base_id":478,"kind":"top_words","i1":0,"i2":6,"sol":{"path":["/c/en/steak","/c/en/meat"],"weight":0.20600000000000002,"degrees":[357,1737]},"num_concepts_raised":1648},{"base_id":478,"kind":"top_words","i1":0,"i2":7,"sol":{"path":["/c/en/steak","/c/en/chicken","/c/en/cooked"],"weight":0.20500000000000002,"degrees":[357,1689,306]},"num_concepts_raised":509},{"base_id":478,"kind":"top_words","i1":0,"i2":8,"sol":{"path":["/c/en/steak","/c/en/chicken","/c/en/fried"],"weight":0.20500000000000002,"degrees":[357,1689,202]},"num_concepts_raised":442},{"base_id":478,"kind":"top_words","i1":0,"i2":9,"sol":{"path":["/c/en/steak","/c/en/food","/c/en/sausage"],"weight":0.20700000000000002,"degrees":[357,4281,688]},"num_concepts_raised":761},{"base_id":478,"kind":"top_words","i1":1,"i2":2,"sol":{"path":["/c/en/grilled","/c/it/arrosto","/c/en/roast"],"weight":0.203,"degrees":[45,21,812]},"num_concepts_raised":739},{"base_id":478,"kind":"top_words","i1":1,"i2":3,"sol":{"path":["/c/en/grilled","/c/en/chicken"],"weight":0.20600000000000002,"degrees":[45,1689]},"num_concepts_raised":1367},{"base_id":478,"kind":"top_words","i1":1,"i2":4,"sol":{"path":["/c/en/grilled","/c/en/chicken","/c/en/pork"],"weight":0.20500000000000002,"degrees":[45,1689,604]},"num_concepts_raised":518},{"base_id":478,"kind":"top_words","i1":1,"i2":5,"sol":{"path":["/c/en/grilled","/c/en/chicken","/c/en/dish","/c/en/dishes"],"weight":0.20480999999999966,"degrees":[45,1689,1186,84]},"num_concepts_raised":15772},{"base_id":478,"kind":"top_words","i1":1,"i2":6,"sol":{"path":["/c/en/grilled","/c/en/beef","/c/en/meat"],"weight":0.20500000000000002,"degrees":[45,644,1737]},"num_concepts_raised":1449},{"base_id":478,"kind":"top_words","i1":1,"i2":7,"sol":{"path":["/c/en/grilled","/c/en/barbecued","/c/en/cooked"],"weight":0.203,"degrees":[45,19,306]},"num_concepts_raised":291},{"base_id":478,"kind":"top_words","i1":1,"i2":8,"sol":{"path":["/c/en/grilled","/c/ady/жъагъэ","/c/en/fried"],"weight":0.202,"degrees":[45,3,202]},"num_concepts_raised":220},{"base_id":478,"kind":"top_words","i1":1,"i2":9,"sol":{"path":["/c/en/grilled","/c/en/chicken","/c/en/food","/c/en/sausage"],"weight":0.21985999999999972,"degrees":[45,1689,4281,688]},"num_concepts_raised":52795},{"base_id":478,"kind":"top_words","i1":2,"i2":3,"sol":{"path":["/c/en/roast","/c/en/chicken"],"weight":0.20600000000000002,"degrees":[812,1689]},"num_concepts_raised":2014},{"base_id":478,"kind":"top_words","i1":2,"i2":4,"sol":{"path":["/c/en/roast","/c/en/meat","/c/en/pork"],"weight":0.20500000000000002,"degrees":[812,1737,604]},"num_concepts_raised":1165},{"base_id":478,"kind":"top_words","i1":2,"i2":5,"sol":{"path":["/c/en/roast","/c/en/cook","/c/en/dishes"],"weight":0.202,"degrees":[812,1734,84]},"num_concepts_raised":773},{"base_id":478,"kind":"top_words","i1":2,"i2":6,"sol":{"path":["/c/en/roast","/c/en/meat"],"weight":0.20400000000000001,"degrees":[812,1737]},"num_concepts_raised":2083},{"base_id":478,"kind":"top_words","i1":2,"i2":7,"sol":{"path":["/c/en/roast","/c/en/roasted","/c/en/cooked"],"weight":0.20500000000000002,"degrees":[812,106,306]},"num_concepts_raised":941},{"base_id":478,"kind":"top_words","i1":2,"i2":8,"sol":{"path":["/c/en/roast","/c/de/gebraten","/c/en/fried"],"weight":0.203,"degrees":[812,17,202]},"num_concepts_raised":871},{"base_id":478,"kind":"top_words","i1":2,"i2":9,"sol":{"path":["/c/en/roast","/c/en/meat","/c/en/sausage"],"weight":0.20500000000000002,"degrees":[812,1737,688]},"num_concepts_raised":1193},{"base_id":478,"kind":"top_words","i1":3,"i2":4,"sol":{"path":["/c/en/chicken","/c/en/pork"],"weight":0.21000000000000002,"degrees":[1689,604]},"num_concepts_raised":1789},{"base_id":478,"kind":"top_words","i1":3,"i2":5,"sol":{"path":["/c/en/chicken","/c/en/dish","/c/en/dishes"],"weight":0.20700000000000002,"degrees":[1689,1186,84]},"num_concepts_raised":1402},{"base_id":478,"kind":"top_words","i1":3,"i2":6,"sol":{"path":["/c/en/chicken","/c/en/meat"],"weight":0.21000000000000002,"degrees":[1689,1737]},"num_concepts_raised":2677},{"base_id":478,"kind":"top_words","i1":3,"i2":7,"sol":{"path":["/c/en/chicken","/c/en/cooked"],"weight":0.20600000000000002,"degrees":[1689,306]},"num_concepts_raised":1568},{"base_id":478,"kind":"top_words","i1":3,"i2":8,"sol":{"path":["/c/en/chicken","/c/en/fried"],"weight":0.20600000000000002,"degrees":[1689,202]},"num_concepts_raised":1487},{"base_id":478,"kind":"top_words","i1":3,"i2":9,"sol":{"path":["/c/en/chicken","/c/en/food","/c/en/sausage"],"weight":0.21000000000000002,"degrees":[1689,4281,688]},"num_concepts_raised":1819},{"base_id":478,"kind":"top_words","i1":4,"i2":5,"sol":{"path":["/c/en/pork","/c/en/rice","/c/en/dishes"],"weight":0.20400000000000001,"degrees":[604,1388,84]},"num_concepts_raised":552},{"base_id":478,"kind":"top_words","i1":4,"i2":6,"sol":{"path":["/c/en/pork","/c/en/meat"],"weight":0.20800000000000002,"degrees":[604,1737]},"num_concepts_raised":1857},{"base_id":478,"kind":"top_words","i1":4,"i2":7,"sol":{"path":["/c/en/pork","/c/en/chicken","/c/en/cooked"],"weight":0.20500000000000002,"degrees":[604,1689,306]},"num_concepts_raised":722},{"base_id":478,"kind":"top_words","i1":4,"i2":8,"sol":{"path":["/c/en/pork","/c/en/chicken","/c/en/fried"],"weight":0.20500000000000002,"degrees":[604,1689,202]},"num_concepts_raised":646},{"base_id":478,"kind":"top_words","i1":4,"i2":9,"sol":{"path":["/c/en/pork","/c/en/meat","/c/en/sausage"],"weight":0.20800000000000002,"degrees":[604,1737,688]},"num_concepts_raised":926},{"base_id":478,"kind":"top_words","i1":5,"i2":6,"sol":{"path":["/c/en/dishes","/c/en/dish","/c/en/meat"],"weight":0.20500000000000002,"degrees":[84,1186,1737]},"num_concepts_raised":1487},{"base_id":478,"kind":"top_words","i1":5,"i2":7,"sol":{"path":["/c/en/dishes","/c/en/cook","/c/en/cooked"],"weight":0.203,"degrees":[84,1734,306]},"num_concepts_raised":324},{"base_id":478,"kind":"top_words","i1":5,"i2":8,"sol":{"path":["/c/en/dishes","/c/en/rice","/c/en/fried"],"weight":0.202,"degrees":[84,1388,202]},"num_concepts_raised":253},{"base_id":478,"kind":"top_words","i1":5,"i2":9,"sol":{"path":["/c/en/dishes","/c/en/dish","/c/en/food","/c/en/sausage"],"weight":0.22161999999999965,"degrees":[84,1186,4281,688]},"num_concepts_raised":61721},{"base_id":478,"kind":"top_words","i1":6,"i2":7,"sol":{"path":["/c/en/meat","/c/en/food","/c/en/cooked"],"weight":0.20600000000000002,"degrees":[1737,4281,306]},"num_concepts_raised":1649},{"base_id":478,"kind":"top_words","i1":6,"i2":8,"sol":{"path":["/c/en/meat","/c/en/chicken","/c/en/fried"],"weight":0.20500000000000002,"degrees":[1737,1689,202]},"num_concepts_raised":1583},{"base_id":478,"kind":"top_words","i1":6,"i2":9,"sol":{"path":["/c/en/meat","/c/en/sausage"],"weight":0.20800000000000002,"degrees":[1737,688]},"num_concepts_raised":1891},{"base_id":478,"kind":"top_words","i1":7,"i2":8,"sol":{"path":["/c/en/cooked","/c/en/deep_fried","/c/en/fried"],"weight":0.203,"degrees":[306,91,202]},"num_concepts_raised":418},{"base_id":478,"kind":"top_words","i1":7,"i2":9,"sol":{"path":["/c/en/cooked","/c/en/food","/c/en/sausage"],"weight":0.20500000000000002,"degrees":[306,4281,688]},"num_concepts_raised":743},{"base_id":478,"kind":"top_words","i1":8,"i2":9,"sol":{"path":["/c/en/fried","/c/en/slang","/c/en/sausage"],"weight":0.20400000000000001,"degrees":[202,16318,688]},"num_concepts_raised":669}]]