[[{"base_id":680,"kind":"bot_words","i1":0,"i2":1,"sol":{"path":["/c/en/grails","/c/en/software","/c/en/source","/c/en/citation","/c/en/scientometrics"],"weight":0.21276999999999985,"degrees":[24,1812,965,274,32]},"num_concepts_raised":3928},{"base_id":680,"kind":"bot_words","i1":0,"i2":2,"sol":{"path":["/c/en/grails","/c/en/software","/c/en/helix","/c/en/anatomy","/c/en/hamate"],"weight":0.2077299999999998,"degrees":[24,1812,222,12775,33]},"num_concepts_raised":14228},{"base_id":680,"kind":"bot_words","i1":0,"i2":3,"sol":{"path":["/c/en/grails","/c/en/software","/c/en/ware","/c/fr/ville","/c/en/casablanca"],"weight":0.2153300000000002,"degrees":[24,1812,185,8696,152]},"num_concepts_raised":13448},{"base_id":680,"kind":"bot_words","i1":0,"i2":4,"sol":{"path":["/c/en/grails","/c/en/software","/c/en/empathy","/c/en/pathos"],"weight":0.21389999999999965,"degrees":[24,1812,220,128]},"num_concepts_raised":20558},{"base_id":680,"kind":"bot_words","i1":0,"i2":5,"sol":{"path":["/c/en/grails","/c/en/software","/c/en/comment","/c/fr/prononcer","/c/en/pronounce"],"weight":0.21401999999999893,"degrees":[24,1812,565,336,387]},"num_concepts_raised":35652},{"base_id":680,"kind":"bot_words","i1":0,"i2":6,"sol":{"path":["/c/en/grails","/c/en/software","/c/en/case","/c/en/slip","/c/en/slipshod"],"weight":0.20896999999999977,"degrees":[24,1812,1773,1135,52]},"num_concepts_raised":6423},{"base_id":680,"kind":"bot_words","i1":0,"i2":7,"sol":{"path":["/c/en/grails","/c/en/software","/c/en/code","/c/en/enigma"],"weight":0.21494999999999964,"degrees":[24,1812,681,214]},"num_concepts_raised":22102},{"base_id":680,"kind":"bot_words","i1":0,"i2":8,"sol":{"path":["/c/en/grails","/c/en/software","/c/en/soft","/c/en/weak","/c/en/weakly"],"weight":0.21084999999999965,"degrees":[24,1812,1227,1282,113]},"num_concepts_raised":8043},{"base_id":680,"kind":"bot_words","i1":0,"i2":9,"sol":{"path":["/c/en/grails","/c/en/software","/c/en/video_game","/c/en/afterlife","/c/en/afterworld"],"weight":0.20783999999999983,"degrees":[24,1812,754,257,32]},"num_concepts_raised":2024},{"base_id":680,"kind":"bot_words","i1":1,"i2":2,"sol":{"path":["/c/en/scientometrics","/c/en/scientist","/c/en/science","/c/en/anatomy","/c/en/hamate"],"weight":0.20791999999999983,"degrees":[32,921,1674,12775,33]},"num_concepts_raised":14895},{"base_id":680,"kind":"bot_words","i1":1,"i2":3,"sol":{"path":["/c/en/scientometrics","/c/en/measurement","/c/en/dollar","/c/fr/ville","/c/en/casablanca"],"weight":0.21547000000000022,"degrees":[32,807,743,8696,152]},"num_concepts_raised":14126},{"base_id":680,"kind":"bot_words","i1":1,"i2":4,"sol":{"path":["/c/en/scientometrics","/c/en/measurement","/c/en/quality","/c/en/pathos"],"weight":0.2139499999999997,"degrees":[32,807,1710,128]},"num_concepts_raised":21196},{"base_id":680,"kind":"bot_words","i1":1,"i2":5,"sol":{"path":["/c/en/scientometrics","/c/en/publication","/c/en/read","/c/en/pronounce"],"weight":0.21187999999999896,"degrees":[32,440,1419,387]},"num_concepts_raised":36264},{"base_id":680,"kind":"bot_words","i1":1,"i2":6,"sol":{"path":["/c/en/scientometrics","/c/en/citation","/c/en/paper","/c/en/slip","/c/en/slipshod"],"weight":0.20914999999999984,"degrees":[32,274,2080,1135,52]},"num_concepts_raised":7103},{"base_id":680,"kind":"bot_words","i1":1,"i2":7,"sol":{"path":["/c/en/scientometrics","/c/en/citation","/c/en/book","/c/en/enigma"],"weight":0.21504999999999966,"degrees":[32,274,3239,214]},"num_concepts_raised":22784},{"base_id":680,"kind":"bot_words","i1":1,"i2":8,"sol":{"path":["/c/en/scientometrics","/c/en/measurement","/c/en/power","/c/en/weak","/c/en/weakly"],"weight":0.21098999999999968,"degrees":[32,807,2205,1282,113]},"num_concepts_raised":8710},{"base_id":680,"kind":"bot_words","i1":1,"i2":9,"sol":{"path":["/c/en/scientometrics","/c/en/measurement","/c/en/generation","/c/zh/來世","/c/en/afterworld"],"weight":0.20778999999999986,"degrees":[32,807,655,11,32]},"num_concepts_raised":2709},{"base_id":680,"kind":"bot_words","i1":2,"i2":3,"sol":{"path":["/c/en/hamate","/c/en/anatomy","/c/en/eye","/c/fr/ville","/c/en/casablanca"],"weight":0.21046000000000017,"degrees":[33,12775,2698,8696,152]},"num_concepts_raised":24414},{"base_id":680,"kind":"bot_words","i1":2,"i2":4,"sol":{"path":["/c/en/hamate","/c/en/anatomy","/c/en/sympathetic","/c/en/sympathy","/c/en/pathos"],"weight":0.20913999999999963,"degrees":[33,12775,239,455,128]},"num_concepts_raised":31459},{"base_id":680,"kind":"bot_words","i1":2,"i2":5,"sol":{"path":["/c/en/hamate","/c/en/anatomy","/c/en/articulate","/c/en/pronounce"],"weight":0.20810999999999893,"degrees":[33,12775,304,387]},"num_concepts_raised":46386},{"base_id":680,"kind":"bot_words","i1":2,"i2":6,"sol":{"path":["/c/en/hamate","/c/en/anatomy","/c/en/tongue","/c/en/slip","/c/en/slipshod"],"weight":0.20411999999999977,"degrees":[33,12775,1213,1135,52]},"num_concepts_raised":17386},{"base_id":680,"kind":"bot_words","i1":2,"i2":7,"sol":{"path":["/c/en/hamate","/c/en/anatomy","/c/en/band","/c/en/enigma"],"weight":0.2099699999999996,"degrees":[33,12775,1893,214]},"num_concepts_raised":33103},{"base_id":680,"kind":"bot_words","i1":2,"i2":8,"sol":{"path":["/c/en/hamate","/c/en/anatomy","/c/en/pterion","/c/en/weak","/c/en/weakly"],"weight":0.20591999999999963,"degrees":[33,12775,37,1282,113]},"num_concepts_raised":19006},{"base_id":680,"kind":"bot_words","i1":2,"i2":9,"sol":{"path":["/c/en/hamate","/c/en/anatomy","/c/en/origin","/c/zh/老家","/c/en/afterworld"],"weight":0.20277999999999982,"degrees":[33,12775,981,21,32]},"num_concepts_raised":13000},{"base_id":680,"kind":"bot_words","i1":3,"i2":4,"sol":{"path":["/c/en/casablanca","/c/fr/ville","/c/fr/peine","/c/ja/哀愁","/c/en/pathos"],"weight":0.21861,"degrees":[152,8696,602,25,128]},"num_concepts_raised":30750},{"base_id":680,"kind":"bot_words","i1":3,"i2":5,"sol":{"path":["/c/en/casablanca","/c/en/city","/c/en/sound","/c/en/pronounce"],"weight":0.2141399999999993,"degrees":[152,3758,3218,387]},"num_concepts_raised":45807},{"base_id":680,"kind":"bot_words","i1":3,"i2":6,"sol":{"path":["/c/en/casablanca","/c/fr/ville","/c/fr/port","/c/fr/bâclé","/c/en/slipshod"],"weight":0.21170000000000014,"degrees":[152,8696,423,37,52]},"num_concepts_raised":16604},{"base_id":680,"kind":"bot_words","i1":3,"i2":7,"sol":{"path":["/c/en/casablanca","/c/en/city","/c/en/code","/c/en/enigma"],"weight":0.2173,"degrees":[152,3758,681,214]},"num_concepts_raised":32182},{"base_id":680,"kind":"bot_words","i1":3,"i2":8,"sol":{"path":["/c/en/casablanca","/c/fr/ville","/c/la/potentia","/c/en/force","/c/en/weakly"],"weight":0.21139,"degrees":[152,8696,72,1979,113]},"num_concepts_raised":18222},{"base_id":680,"kind":"bot_words","i1":3,"i2":9,"sol":{"path":["/c/en/casablanca","/c/fr/ville","/c/fr/vie","/c/en/afterlife","/c/en/afterworld"],"weight":0.2105700000000002,"degrees":[152,8696,652,257,32]},"num_concepts_raised":12219},{"base_id":680,"kind":"bot_words","i1":4,"i2":5,"sol":{"path":["/c/en/pathos","/c/en/stress","/c/en/pronounce"],"weight":0.20400000000000001,"degrees":[128,998,387]},"num_concepts_raised":445},{"base_id":680,"kind":"bot_words","i1":4,"i2":6,"sol":{"path":["/c/en/pathos","/c/en/pathetic","/c/en/poor","/c/en/slipshod"],"weight":0.2112799999999996,"degrees":[128,260,1302,52]},"num_concepts_raised":23622},{"base_id":680,"kind":"bot_words","i1":4,"i2":7,"sol":{"path":["/c/en/pathos","/c/en/sorrow","/c/en/band","/c/en/enigma"],"weight":0.21620999999999946,"degrees":[128,807,1893,214]},"num_concepts_raised":39102},{"base_id":680,"kind":"bot_words","i1":4,"i2":8,"sol":{"path":["/c/en/pathos","/c/en/stress","/c/en/force","/c/en/weakly"],"weight":0.20987999999999946,"degrees":[128,998,1979,113]},"num_concepts_raised":25165},{"base_id":680,"kind":"bot_words","i1":4,"i2":9,"sol":{"path":["/c/en/pathos","/c/en/bathos","/c/en/attempt","/c/ja/よみ","/c/en/afterworld"],"weight":0.21091999999999966,"degrees":[128,58,665,22,32]},"num_concepts_raised":19341},{"base_id":680,"kind":"bot_words","i1":5,"i2":6,"sol":{"path":["/c/en/pronounce","/c/en/pass","/c/en/slip","/c/en/slipshod"],"weight":0.2080399999999989,"degrees":[387,2112,1135,52]},"num_concepts_raised":38625},{"base_id":680,"kind":"bot_words","i1":5,"i2":7,"sol":{"path":["/c/en/pronounce","/c/en/round","/c/en/german","/c/en/enigma"],"weight":0.21471999999999875,"degrees":[387,1452,564,214]},"num_concepts_raised":53617},{"base_id":680,"kind":"bot_words","i1":5,"i2":8,"sol":{"path":["/c/en/pronounce","/c/en/sound","/c/en/force","/c/en/weakly"],"weight":0.20780999999999877,"degrees":[387,3218,1979,113]},"num_concepts_raised":40152},{"base_id":680,"kind":"bot_words","i1":5,"i2":9,"sol":{"path":["/c/en/pronounce","/c/en/pronunciation","/c/ja/よみ","/c/en/afterworld"],"weight":0.20903999999999895,"degrees":[387,420,22,32]},"num_concepts_raised":34489},{"base_id":680,"kind":"bot_words","i1":6,"i2":7,"sol":{"path":["/c/en/slipshod","/c/en/slip","/c/en/like","/c/en/riddle","/c/en/enigma"],"weight":0.21454999999999957,"degrees":[52,1135,2357,479,214]},"num_concepts_raised":25224},{"base_id":680,"kind":"bot_words","i1":6,"i2":8,"sol":{"path":["/c/en/slipshod","/c/en/poor","/c/en/weak","/c/en/weakly"],"weight":0.2060999999999996,"degrees":[52,1302,1282,113]},"num_concepts_raised":11114},{"base_id":680,"kind":"bot_words","i1":6,"i2":9,"sol":{"path":["/c/en/slipshod","/c/en/slip","/c/en/medicine","/c/egx/dwꜣt","/c/en/afterworld"],"weight":0.20398999999999978,"degrees":[52,1135,11938,8,32]},"num_concepts_raised":5209},{"base_id":680,"kind":"bot_words","i1":7,"i2":8,"sol":{"path":["/c/en/enigma","/c/en/band","/c/en/faint","/c/en/weakly"],"weight":0.21089999999999945,"degrees":[214,1893,654,113]},"num_concepts_raised":26842},{"base_id":680,"kind":"bot_words","i1":7,"i2":9,"sol":{"path":["/c/en/enigma","/c/en/video_game","/c/en/afterlife","/c/en/afterworld"],"weight":0.21007999999999963,"degrees":[214,754,257,32]},"num_concepts_raised":20977},{"base_id":680,"kind":"bot_words","i1":8,"i2":9,"sol":{"path":["/c/en/weakly","/c/en/weak","/c/en/religion","/c/fi/tuonpuoleinen","/c/en/afterworld"],"weight":0.20685999999999966,"degrees":[113,1282,3331,26,32]},"num_concepts_raised":6826}],[{"base_id":680,"kind":"top_words","i1":0,"i2":1,"sol":{"path":["/c/en/pali","/c/fr/pali","/c/fr/bouddhisme","/c/fr/sati","/c/en/mindfulness"],"weight":0.21870999999999965,"degrees":[142,28,181,8,63]},"num_concepts_raised":12115},{"base_id":680,"kind":"top_words","i1":0,"i2":2,"sol":{"path":["/c/en/pali","/c/en/buddhist","/c/en/theravada"],"weight":0.20600000000000002,"degrees":[142,1051,116]},"num_concepts_raised":209},{"base_id":680,"kind":"top_words","i1":0,"i2":3,"sol":{"path":["/c/en/pali","/c/en/language","/c/en/slang","/c/en/rooster","/c/en/cockfighting"],"weight":0.2108999999999998,"degrees":[142,4160,16318,463,67]},"num_concepts_raised":9781},{"base_id":680,"kind":"top_words","i1":0,"i2":4,"sol":{"path":["/c/en/pali","/c/en/buddha","/c/en/buddhism","/c/en/nyingma"],"weight":0.21444999999999975,"degrees":[142,307,1287,32]},"num_concepts_raised":8639},{"base_id":680,"kind":"top_words","i1":0,"i2":5,"sol":{"path":["/c/en/pali","/c/fr/pali","/c/fr/langue","/c/fr/bordure","/c/en/kerb"],"weight":0.21419999999999986,"degrees":[142,28,2949,179,80]},"num_concepts_raised":15635},{"base_id":680,"kind":"top_words","i1":0,"i2":6,"sol":{"path":["/c/en/pali","/c/en/buddhist","/c/en/abhidharma"],"weight":0.20600000000000002,"degrees":[142,1051,36]},"num_concepts_raised":147},{"base_id":680,"kind":"top_words","i1":0,"i2":7,"sol":{"path":["/c/en/pali","/c/en/language","/c/en/portuguese","/c/en/fado"],"weight":0.21511999999999976,"degrees":[142,4160,256,75]},"num_concepts_raised":8424},{"base_id":680,"kind":"top_words","i1":0,"i2":8,"sol":{"path":["/c/en/pali","/c/en/india","/c/en/hindu","/c/en/hanuman"],"weight":0.2154399999999999,"degrees":[142,1846,302,92]},"num_concepts_raised":8079},{"base_id":680,"kind":"top_words","i1":0,"i2":9,"sol":{"path":["/c/en/pali","/c/en/india","/c/en/tantric"],"weight":0.20400000000000001,"degrees":[142,1846,29]},"num_concepts_raised":137},{"base_id":680,"kind":"top_words","i1":1,"i2":2,"sol":{"path":["/c/en/mindfulness","/c/fi/tietoinen_läsnäolo","/c/en/buddhism","/c/en/theravada"],"weight":0.2165899999999996,"degrees":[63,7,1287,116]},"num_concepts_raised":10729},{"base_id":680,"kind":"top_words","i1":1,"i2":3,"sol":{"path":["/c/en/mindfulness","/c/en/aware","/c/en/person","/c/en/rooster","/c/en/cockfighting"],"weight":0.2096899999999997,"degrees":[63,305,12935,463,67]},"num_concepts_raised":6906},{"base_id":680,"kind":"top_words","i1":1,"i2":4,"sol":{"path":["/c/en/mindfulness","/c/fi/tietoinen_läsnäolo","/c/en/buddhism","/c/en/nyingma"],"weight":0.21315999999999968,"degrees":[63,7,1287,32]},"num_concepts_raised":5884},{"base_id":680,"kind":"top_words","i1":1,"i2":5,"sol":{"path":["/c/en/mindfulness","/c/en/mindful","/c/en/of","/c/en/british","/c/en/kerb"],"weight":0.21192999999999979,"degrees":[63,119,1119,3452,80]},"num_concepts_raised":12795},{"base_id":680,"kind":"top_words","i1":1,"i2":6,"sol":{"path":["/c/en/mindfulness","/c/en/mindful","/c/en/mind","/c/en/material","/c/en/abhidharma"],"weight":0.21525999999999965,"degrees":[63,119,1738,1522,36]},"num_concepts_raised":8394},{"base_id":680,"kind":"top_words","i1":1,"i2":7,"sol":{"path":["/c/en/mindfulness","/c/en/attention","/c/en/trance","/c/en/music_genre","/c/en/fado"],"weight":0.21398999999999968,"degrees":[63,900,188,507,75]},"num_concepts_raised":5575},{"base_id":680,"kind":"top_words","i1":1,"i2":8,"sol":{"path":["/c/en/mindfulness","/c/en/meditation","/c/en/hinduism","/c/en/vayu","/c/en/hanuman"],"weight":0.21624999999999983,"degrees":[63,365,1184,32,92]},"num_concepts_raised":5266},{"base_id":680,"kind":"top_words","i1":1,"i2":9,"sol":{"path":["/c/en/mindfulness","/c/fi/tietoinen_läsnäolo","/c/en/buddhism","/c/en/tantric"],"weight":0.20827999999999974,"degrees":[63,7,1287,29]},"num_concepts_raised":7924},{"base_id":680,"kind":"top_words","i1":2,"i2":3,"sol":{"path":["/c/en/theravada","/c/en/buddhism","/c/sa/बोधि","/c/en/cock","/c/en/cockfighting"],"weight":0.2117599999999997,"degrees":[116,1287,18,742,67]},"num_concepts_raised":8418},{"base_id":680,"kind":"top_words","i1":2,"i2":4,"sol":{"path":["/c/en/theravada","/c/en/buddhism","/c/en/nyingma"],"weight":0.20700000000000002,"degrees":[116,1287,32]},"num_concepts_raised":126},{"base_id":680,"kind":"top_words","i1":2,"i2":5,"sol":{"path":["/c/en/theravada","/c/en/buddhism","/c/ja/人道","/c/en/pavement","/c/en/kerb"],"weight":0.21202999999999977,"degrees":[116,1287,23,311,80]},"num_concepts_raised":14304},{"base_id":680,"kind":"top_words","i1":2,"i2":6,"sol":{"path":["/c/en/theravada","/c/en/buddhist","/c/en/abhidharma"],"weight":0.20600000000000002,"degrees":[116,1051,36]},"num_concepts_raised":129},{"base_id":680,"kind":"top_words","i1":2,"i2":7,"sol":{"path":["/c/en/theravada","/c/sa/वाद","/c/en/speech","/c/la/fatum","/c/en/fado"],"weight":0.21668999999999966,"degrees":[116,29,1403,77,75]},"num_concepts_raised":7078},{"base_id":680,"kind":"top_words","i1":2,"i2":8,"sol":{"path":["/c/en/theravada","/c/en/buddhism","/c/en/religion","/c/en/hindu","/c/en/hanuman"],"weight":0.2173399999999998,"degrees":[116,1287,3331,302,92]},"num_concepts_raised":6753},{"base_id":680,"kind":"top_words","i1":2,"i2":9,"sol":{"path":["/c/en/theravada","/c/en/buddhism","/c/en/tantric"],"weight":0.20500000000000002,"degrees":[116,1287,29]},"num_concepts_raised":117},{"base_id":680,"kind":"top_words","i1":3,"i2":4,"sol":{"path":["/c/en/cockfighting","/c/en/cock","/c/sa/बोधि","/c/en/buddhism","/c/en/nyingma"],"weight":0.2083299999999998,"degrees":[67,742,18,1287,32]},"num_concepts_raised":3562},{"base_id":680,"kind":"top_words","i1":3,"i2":5,"sol":{"path":["/c/en/cockfighting","/c/en/cock","/c/en/british","/c/en/kerb"],"weight":0.2051199999999999,"degrees":[67,742,3452,80]},"num_concepts_raised":10412},{"base_id":680,"kind":"top_words","i1":3,"i2":6,"sol":{"path":["/c/en/cockfighting","/c/en/cock","/c/en/form","/c/en/material","/c/en/abhidharma"],"weight":0.20834999999999976,"degrees":[67,742,2423,1522,36]},"num_concepts_raised":6063},{"base_id":680,"kind":"top_words","i1":3,"i2":7,"sol":{"path":["/c/en/cockfighting","/c/en/rooster","/c/en/person","/c/en/dina","/c/en/fado"],"weight":0.21007999999999982,"degrees":[67,463,12935,38,75]},"num_concepts_raised":3221},{"base_id":680,"kind":"top_words","i1":3,"i2":8,"sol":{"path":["/c/en/cockfighting","/c/en/rooster","/c/en/slang","/c/en/monkey","/c/en/entellus","/c/en/hanuman"],"weight":0.21842939999999972,"degrees":[67,463,16318,884,20,92]},"num_concepts_raised":424072},{"base_id":680,"kind":"top_words","i1":3,"i2":9,"sol":{"path":["/c/en/cockfighting","/c/en/rooster","/c/en/historical","/c/en/india","/c/en/tantric"],"weight":0.2043199999999999,"degrees":[67,463,8415,1846,29]},"num_concepts_raised":5613},{"base_id":680,"kind":"top_words","i1":4,"i2":5,"sol":{"path":["/c/en/nyingma","/c/en/buddhism","/c/ja/人道","/c/en/pavement","/c/en/kerb"],"weight":0.2085899999999999,"degrees":[32,1287,23,311,80]},"num_concepts_raised":9488},{"base_id":680,"kind":"top_words","i1":4,"i2":6,"sol":{"path":["/c/en/nyingma","/c/en/buddhism","/c/en/buddhist","/c/en/abhidharma"],"weight":0.21287999999999974,"degrees":[32,1287,1051,36]},"num_concepts_raised":4958},{"base_id":680,"kind":"top_words","i1":4,"i2":7,"sol":{"path":["/c/en/nyingma","/c/en/tibetan","/c/en/human","/c/en/portuguese","/c/en/fado"],"weight":0.21351999999999977,"degrees":[32,118,2645,256,75]},"num_concepts_raised":2215},{"base_id":680,"kind":"top_words","i1":4,"i2":8,"sol":{"path":["/c/en/nyingma","/c/en/tibetan","/c/en/asian","/c/en/entellus","/c/en/hanuman"],"weight":0.21589999999999993,"degrees":[32,118,360,20,92]},"num_concepts_raised":1898},{"base_id":680,"kind":"top_words","i1":4,"i2":9,"sol":{"path":["/c/en/nyingma","/c/en/buddhism","/c/en/tantric"],"weight":0.20400000000000001,"degrees":[32,1287,29]},"num_concepts_raised":54},{"base_id":680,"kind":"top_words","i1":5,"i2":6,"sol":{"path":["/c/en/kerb","/c/en/curb","/c/en/margin","/c/en/text","/c/en/abhidharma"],"weight":0.20985999999999988,"degrees":[80,327,495,1051,36]},"num_concepts_raised":11936},{"base_id":680,"kind":"top_words","i1":5,"i2":7,"sol":{"path":["/c/en/kerb","/c/en/british","/c/en/power_pop","/c/en/music_genre","/c/en/fado"],"weight":0.21034999999999987,"degrees":[80,3452,56,507,75]},"num_concepts_raised":9133},{"base_id":680,"kind":"top_words","i1":5,"i2":8,"sol":{"path":["/c/en/kerb","/c/en/british","/c/en/monkey","/c/en/entellus","/c/en/hanuman"],"weight":0.21269000000000005,"degrees":[80,3452,884,20,92]},"num_concepts_raised":8839},{"base_id":680,"kind":"top_words","i1":5,"i2":9,"sol":{"path":["/c/en/kerb","/c/en/curb","/c/en/control","/c/en/yoga","/c/en/tantric"],"weight":0.20480999999999994,"degrees":[80,327,1901,337,29]},"num_concepts_raised":11501},{"base_id":680,"kind":"top_words","i1":6,"i2":7,"sol":{"path":["/c/en/abhidharma","/c/en/material","/c/en/song","/c/fi/fado","/c/en/fado"],"weight":0.21763999999999975,"degrees":[36,1522,1644,8,75]},"num_concepts_raised":4733},{"base_id":680,"kind":"top_words","i1":6,"i2":8,"sol":{"path":["/c/en/abhidharma","/c/en/sutra","/c/en/hinduism","/c/en/vayu","/c/en/hanuman"],"weight":0.2159199999999999,"degrees":[36,134,1184,32,92]},"num_concepts_raised":4413},{"base_id":680,"kind":"top_words","i1":6,"i2":9,"sol":{"path":["/c/en/abhidharma","/c/en/buddhist","/c/en/buddhism","/c/en/tantric"],"weight":0.20799999999999982,"degrees":[36,1051,1287,29]},"num_concepts_raised":6995},{"base_id":680,"kind":"top_words","i1":7,"i2":8,"sol":{"path":["/c/en/fado","/c/en/portuguese","/c/en/culture","/c/en/hindu","/c/en/hanuman"],"weight":0.21459999999999993,"degrees":[75,256,1324,302,92]},"num_concepts_raised":1564},{"base_id":680,"kind":"top_words","i1":7,"i2":9,"sol":{"path":["/c/en/fado","/c/en/music_genre","/c/en/spiritual","/c/en/yoga","/c/en/tantric"],"weight":0.20861999999999983,"degrees":[75,507,524,337,29]},"num_concepts_raised":4268},{"base_id":680,"kind":"top_words","i1":8,"i2":9,"sol":{"path":["/c/en/hanuman","/c/en/hindu","/c/en/tantra","/c/en/tantric"],"weight":0.20890999999999998,"degrees":[92,302,101,29]},"num_concepts_raised":3921}]]