[[{"base_id":697,"kind":"bot_words","i1":0,"i2":1,"sol":{"path":["/c/en/rooibos","/c/en/redbush","/c/en/bush","/c/en/tail","/c/en/tailspin"],"weight":0.21062999999999982,"degrees":[75,6,778,1214,46]},"num_concepts_raised":18452},{"base_id":697,"kind":"bot_words","i1":0,"i2":2,"sol":{"path":["/c/en/rooibos","/c/en/plant","/c/en/slang","/c/en/ace","/c/en/ajax"],"weight":0.21751999999999944,"degrees":[75,7959,16318,479,209]},"num_concepts_raised":39881},{"base_id":697,"kind":"bot_words","i1":0,"i2":3,"sol":{"path":["/c/en/rooibos","/c/en/genus","/c/en/bird_genus","/c/en/phaethon"],"weight":0.2137399999999997,"degrees":[75,2240,409,60]},"num_concepts_raised":12681},{"base_id":697,"kind":"bot_words","i1":0,"i2":4,"sol":{"path":["/c/en/rooibos","/c/en/genus","/c/en/bishop","/c/en/inquisition","/c/en/inquest"],"weight":0.21007999999999977,"degrees":[75,2240,922,163,77]},"num_concepts_raised":20048},{"base_id":697,"kind":"bot_words","i1":0,"i2":5,"sol":{"path":["/c/en/rooibos","/c/en/plant","/c/en/ground","/c/en/fly","/c/en/tachinidae"],"weight":0.21382999999999985,"degrees":[75,7959,1836,2276,43]},"num_concepts_raised":14545},{"base_id":697,"kind":"bot_words","i1":0,"i2":6,"sol":{"path":["/c/en/rooibos","/c/en/plant","/c/en/energy","/c/en/entropy","/c/en/isentropic"],"weight":0.2086599999999999,"degrees":[75,7959,1631,265,28]},"num_concepts_raised":12222},{"base_id":697,"kind":"bot_words","i1":0,"i2":7,"sol":{"path":["/c/en/rooibos","/c/en/plant","/c/en/tree","/c/en/unit","/c/en/rutherford"],"weight":0.20858999999999978,"degrees":[75,7959,3598,1582,34]},"num_concepts_raised":15558},{"base_id":697,"kind":"bot_words","i1":0,"i2":8,"sol":{"path":["/c/en/rooibos","/c/en/south_africa","/c/fr/géographie","/c/fr/bratislava","/c/en/bratislava"],"weight":0.21901999999999983,"degrees":[75,1018,8043,50,110]},"num_concepts_raised":11569},{"base_id":697,"kind":"bot_words","i1":0,"i2":9,"sol":{"path":["/c/en/rooibos","/c/en/redbush","/c/en/bush","/c/en/bird","/c/en/motacillidae"],"weight":0.21598999999999974,"degrees":[75,6,778,4970,63]},"num_concepts_raised":15230},{"base_id":697,"kind":"bot_words","i1":1,"i2":2,"sol":{"path":["/c/en/tailspin","/c/en/spin","/c/en/play","/c/en/ajax"],"weight":0.21094999999999942,"degrees":[46,858,3092,209]},"num_concepts_raised":36612},{"base_id":697,"kind":"bot_words","i1":1,"i2":3,"sol":{"path":["/c/en/tailspin","/c/en/spin","/c/en/drive","/c/en/phaëthon","/c/en/phaethon"],"weight":0.2093899999999997,"degrees":[46,858,2162,37,60]},"num_concepts_raised":9480},{"base_id":697,"kind":"bot_words","i1":1,"i2":4,"sol":{"path":["/c/en/tailspin","/c/en/collapse","/c/en/death","/c/en/inquest"],"weight":0.20344999999999974,"degrees":[46,826,2449,77]},"num_concepts_raised":16744},{"base_id":697,"kind":"bot_words","i1":1,"i2":5,"sol":{"path":["/c/en/tailspin","/c/en/aircraft","/c/en/fly","/c/en/tachinidae"],"weight":0.2081799999999998,"degrees":[46,1135,2276,43]},"num_concepts_raised":11340},{"base_id":697,"kind":"bot_words","i1":1,"i2":6,"sol":{"path":["/c/en/tailspin","/c/en/spin","/c/fr/physique","/c/fr/isentropique","/c/en/isentropic"],"weight":0.2061299999999999,"degrees":[46,858,6029,17,28]},"num_concepts_raised":8994},{"base_id":697,"kind":"bot_words","i1":1,"i2":7,"sol":{"path":["/c/en/tailspin","/c/en/decline","/c/en/decay","/c/en/rutherford"],"weight":0.20291999999999977,"degrees":[46,943,783,34]},"num_concepts_raised":12213},{"base_id":697,"kind":"bot_words","i1":1,"i2":8,"sol":{"path":["/c/en/tailspin","/c/fr/vrille","/c/fr/géographie","/c/fr/bratislava","/c/en/bratislava"],"weight":0.2134499999999998,"degrees":[46,124,8043,50,110]},"num_concepts_raised":8352},{"base_id":697,"kind":"bot_words","i1":1,"i2":9,"sol":{"path":["/c/en/tailspin","/c/en/spin","/c/en/flight","/c/en/bird","/c/en/motacillidae"],"weight":0.20952999999999974,"degrees":[46,858,731,4970,63]},"num_concepts_raised":12124},{"base_id":697,"kind":"bot_words","i1":2,"i2":3,"sol":{"path":["/c/en/ajax","/c/en/greek_mythology","/c/en/phaethon"],"weight":0.20600000000000002,"degrees":[209,1305,60]},"num_concepts_raised":216},{"base_id":697,"kind":"bot_words","i1":2,"i2":4,"sol":{"path":["/c/en/ajax","/c/en/historical","/c/en/inquisition","/c/en/inquest"],"weight":0.21121999999999938,"degrees":[209,8415,163,77]},"num_concepts_raised":38069},{"base_id":697,"kind":"bot_words","i1":2,"i2":5,"sol":{"path":["/c/en/ajax","/c/en/historical","/c/en/fly","/c/en/tachinidae"],"weight":0.21485999999999944,"degrees":[209,8415,2276,43]},"num_concepts_raised":32888},{"base_id":697,"kind":"bot_words","i1":2,"i2":6,"sol":{"path":["/c/en/ajax","/c/en/computing","/c/en/is","/c/en/isentropic"],"weight":0.2096799999999995,"degrees":[209,9084,503,28]},"num_concepts_raised":30573},{"base_id":697,"kind":"bot_words","i1":2,"i2":7,"sol":{"path":["/c/en/ajax","/c/en/historical","/c/en/unit","/c/en/rutherford"],"weight":0.2095999999999994,"degrees":[209,8415,1582,34]},"num_concepts_raised":33622},{"base_id":697,"kind":"bot_words","i1":2,"i2":8,"sol":{"path":["/c/en/ajax","/c/en/historical","/c/sk/prešporok","/c/en/bratislava"],"weight":0.21574999999999944,"degrees":[209,8415,4,110]},"num_concepts_raised":29943},{"base_id":697,"kind":"bot_words","i1":2,"i2":9,"sol":{"path":["/c/en/ajax","/c/en/ace","/c/en/slang","/c/en/bird","/c/en/motacillidae"],"weight":0.21720999999999935,"degrees":[209,479,16318,4970,63]},"num_concepts_raised":33696},{"base_id":697,"kind":"bot_words","i1":3,"i2":4,"sol":{"path":["/c/en/phaethon","/c/en/greek_mythology","/c/en/catasterism","/c/en/death","/c/en/inquest"],"weight":0.20864999999999964,"degrees":[60,1305,14,2449,77]},"num_concepts_raised":11051},{"base_id":697,"kind":"bot_words","i1":3,"i2":5,"sol":{"path":["/c/en/phaethon","/c/en/phaëthon","/c/en/sky","/c/en/fly","/c/en/tachinidae"],"weight":0.2134099999999997,"degrees":[60,37,1493,2276,43]},"num_concepts_raised":5584},{"base_id":697,"kind":"bot_words","i1":3,"i2":6,"sol":{"path":["/c/en/phaethon","/c/en/greek_mythology","/c/en/chaos","/c/en/entropy","/c/en/isentropic"],"weight":0.20822999999999978,"degrees":[60,1305,412,265,28]},"num_concepts_raised":3180},{"base_id":697,"kind":"bot_words","i1":3,"i2":7,"sol":{"path":["/c/en/phaethon","/c/en/phaëthon","/c/en/sun","/c/en/unit","/c/en/rutherford"],"weight":0.20814999999999967,"degrees":[60,37,1994,1582,34]},"num_concepts_raised":6563},{"base_id":697,"kind":"bot_words","i1":3,"i2":8,"sol":{"path":["/c/en/phaethon","/c/en/greek_mythology","/c/en/ida","/c/en/slovakia","/c/en/bratislava"],"weight":0.2183899999999997,"degrees":[60,1305,48,273,110]},"num_concepts_raised":2521},{"base_id":697,"kind":"bot_words","i1":3,"i2":9,"sol":{"path":["/c/en/phaethon","/c/en/bird_genus","/c/en/motacilla","/c/fi/västäräkit","/c/en/motacillidae"],"weight":0.21547999999999962,"degrees":[60,409,17,6,63]},"num_concepts_raised":6217},{"base_id":697,"kind":"bot_words","i1":4,"i2":5,"sol":{"path":["/c/en/inquest","/c/la/in","/c/en/insect","/c/en/tachinidae"],"weight":0.20847999999999978,"degrees":[77,637,2112,43]},"num_concepts_raised":12956},{"base_id":697,"kind":"bot_words","i1":4,"i2":6,"sol":{"path":["/c/en/inquest","/c/en/investigation","/c/en/work","/c/en/entropy","/c/en/isentropic"],"weight":0.20370999999999984,"degrees":[77,457,4013,265,28]},"num_concepts_raised":10563},{"base_id":697,"kind":"bot_words","i1":4,"i2":7,"sol":{"path":["/c/en/inquest","/c/en/cause","/c/en/decay","/c/en/rutherford"],"weight":0.20322999999999972,"degrees":[77,1753,783,34]},"num_concepts_raised":13870},{"base_id":697,"kind":"bot_words","i1":4,"i2":8,"sol":{"path":["/c/en/inquest","/c/en/office","/c/en/religion","/c/en/slovakia","/c/en/bratislava"],"weight":0.21352999999999978,"degrees":[77,1568,3331,273,110]},"num_concepts_raised":9921},{"base_id":697,"kind":"bot_words","i1":4,"i2":9,"sol":{"path":["/c/en/inquest","/c/en/inquire","/c/en/us","/c/en/bird","/c/en/motacillidae"],"weight":0.2087899999999997,"degrees":[77,289,8154,4970,63]},"num_concepts_raised":13738},{"base_id":697,"kind":"bot_words","i1":5,"i2":6,"sol":{"path":["/c/en/tachinidae","/c/en/fly","/c/en/garbage","/c/en/entropy","/c/en/isentropic"],"weight":0.2081399999999999,"degrees":[43,2276,531,265,28]},"num_concepts_raised":5111},{"base_id":697,"kind":"bot_words","i1":5,"i2":7,"sol":{"path":["/c/en/tachinidae","/c/en/fly","/c/en/household","/c/en/unit","/c/en/rutherford"],"weight":0.2080499999999998,"degrees":[43,2276,580,1582,34]},"num_concepts_raised":8474},{"base_id":697,"kind":"bot_words","i1":5,"i2":8,"sol":{"path":["/c/en/tachinidae","/c/en/fly","/c/en/travel","/c/en/tourism","/c/en/bratislava"],"weight":0.21419999999999983,"degrees":[43,2276,1689,389,110]},"num_concepts_raised":4456},{"base_id":697,"kind":"bot_words","i1":5,"i2":9,"sol":{"path":["/c/en/tachinidae","/c/en/fly","/c/en/bird","/c/en/motacillidae"],"weight":0.21349999999999975,"degrees":[43,2276,4970,63]},"num_concepts_raised":8218},{"base_id":697,"kind":"bot_words","i1":6,"i2":7,"sol":{"path":["/c/en/isentropic","/c/fr/isentropique","/c/fr/physique","/c/en/radioactivity","/c/en/rutherford"],"weight":0.20487999999999987,"degrees":[28,17,6029,125,34]},"num_concepts_raised":6067},{"base_id":697,"kind":"bot_words","i1":6,"i2":8,"sol":{"path":["/c/en/isentropic","/c/fr/isentropique","/c/fr/physique","/c/fr/géographie","/c/fr/bratislava","/c/en/bratislava"],"weight":0.22258139999999993,"degrees":[28,17,6029,8043,50,110]},"num_concepts_raised":159660},{"base_id":697,"kind":"bot_words","i1":6,"i2":9,"sol":{"path":["/c/en/isentropic","/c/en/is","/c/en/being","/c/en/bird","/c/en/motacillidae"],"weight":0.20826999999999982,"degrees":[28,503,910,4970,63]},"num_concepts_raised":5880},{"base_id":697,"kind":"bot_words","i1":7,"i2":8,"sol":{"path":["/c/en/rutherford","/c/en/unit","/c/en/country","/c/en/slovakia","/c/en/bratislava"],"weight":0.21305999999999978,"degrees":[34,1582,2796,273,110]},"num_concepts_raised":5429},{"base_id":697,"kind":"bot_words","i1":7,"i2":9,"sol":{"path":["/c/en/rutherford","/c/en/unit","/c/en/time","/c/en/bird","/c/en/motacillidae"],"weight":0.2082499999999997,"degrees":[34,1582,4124,4970,63]},"num_concepts_raised":9244},{"base_id":697,"kind":"bot_words","i1":8,"i2":9,"sol":{"path":["/c/en/bratislava","/c/fr/bratislava","/c/fr/géographie","/c/en/sound","/c/en/bird","/c/en/motacillidae"],"weight":0.22473249999999917,"degrees":[110,50,8043,3218,4970,63]},"num_concepts_raised":295516}],[{"base_id":697,"kind":"top_words","i1":0,"i2":1,"sol":{"path":["/c/en/eightieth","/c/en/rank","/c/en/computing","/c/en/decompress","/c/en/decompression"],"weight":0.20546999999999985,"degrees":[112,1403,9084,69,63]},"num_concepts_raised":17996},{"base_id":697,"kind":"top_words","i1":0,"i2":2,"sol":{"path":["/c/en/eightieth","/c/en/rank","/c/en/fortieth"],"weight":0.202,"degrees":[112,1403,137]},"num_concepts_raised":181},{"base_id":697,"kind":"top_words","i1":0,"i2":3,"sol":{"path":["/c/en/eightieth","/c/en/rank","/c/en/seventieth"],"weight":0.202,"degrees":[112,1403,104]},"num_concepts_raised":156},{"base_id":697,"kind":"top_words","i1":0,"i2":4,"sol":{"path":["/c/en/eightieth","/c/en/rank","/c/en/sixtieth"],"weight":0.202,"degrees":[112,1403,125]},"num_concepts_raised":171},{"base_id":697,"kind":"top_words","i1":0,"i2":5,"sol":{"path":["/c/en/eightieth","/c/en/rank","/c/en/general","/c/en/plant","/c/en/dendrobium"],"weight":0.2092199999999999,"degrees":[112,1403,1132,7959,42]},"num_concepts_raised":15318},{"base_id":697,"kind":"top_words","i1":0,"i2":6,"sol":{"path":["/c/en/eightieth","/c/fi/kahdeksaskymmenes","/c/en/fiftieth"],"weight":0.203,"degrees":[112,5,123]},"num_concepts_raised":172},{"base_id":697,"kind":"top_words","i1":0,"i2":7,"sol":{"path":["/c/en/eightieth","/c/en/rank","/c/en/mathematics","/c/en/tau","/c/en/upsilon"],"weight":0.20512000000000002,"degrees":[112,1403,7601,222,91]},"num_concepts_raised":4160},{"base_id":697,"kind":"top_words","i1":0,"i2":8,"sol":{"path":["/c/en/eightieth","/c/en/rank","/c/en/mathematics","/c/en/logarithm"],"weight":0.2132500000000001,"degrees":[112,1403,7601,259]},"num_concepts_raised":19668},{"base_id":697,"kind":"top_words","i1":0,"i2":9,"sol":{"path":["/c/en/eightieth","/c/en/rank","/c/en/condition","/c/en/deep_vein_thrombosis","/c/en/thrombosis"],"weight":0.2128999999999998,"degrees":[112,1403,1648,42,161]},"num_concepts_raised":13790},{"base_id":697,"kind":"top_words","i1":1,"i2":2,"sol":{"path":["/c/en/decompression","/c/en/bend","/c/en/line","/c/en/fortieth"],"weight":0.20477999999999985,"degrees":[63,1240,3018,137]},"num_concepts_raised":21193},{"base_id":697,"kind":"top_words","i1":1,"i2":3,"sol":{"path":["/c/en/decompression","/c/en/decompress","/c/en/computing","/c/en/rank","/c/en/seventieth"],"weight":0.20539999999999986,"degrees":[63,69,9084,1403,104]},"num_concepts_raised":17964},{"base_id":697,"kind":"top_words","i1":1,"i2":4,"sol":{"path":["/c/en/decompression","/c/en/pressure","/c/en/diamond","/c/fr/soixantième","/c/en/sixtieth"],"weight":0.20795999999999987,"degrees":[63,993,772,52,125]},"num_concepts_raised":19635},{"base_id":697,"kind":"top_words","i1":1,"i2":5,"sol":{"path":["/c/en/decompression","/c/en/medicine","/c/en/purple","/c/en/orchid","/c/en/dendrobium"],"weight":0.21043999999999985,"degrees":[63,11938,740,371,42]},"num_concepts_raised":29697},{"base_id":697,"kind":"top_words","i1":1,"i2":6,"sol":{"path":["/c/en/decompression","/c/en/decompress","/c/en/computing","/c/en/rank","/c/en/fiftieth"],"weight":0.20559999999999978,"degrees":[63,69,9084,1403,123]},"num_concepts_raised":18198},{"base_id":697,"kind":"top_words","i1":1,"i2":7,"sol":{"path":["/c/en/decompression","/c/en/compression","/c/en/smaller","/c/en/letter","/c/en/upsilon"],"weight":0.20526,"degrees":[63,248,173,2043,91]},"num_concepts_raised":18684},{"base_id":697,"kind":"top_words","i1":1,"i2":8,"sol":{"path":["/c/en/decompression","/c/en/pressure","/c/en/bar","/c/en/logarithm"],"weight":0.21186000000000005,"degrees":[63,993,1972,259]},"num_concepts_raised":34073},{"base_id":697,"kind":"top_words","i1":1,"i2":9,"sol":{"path":["/c/en/decompression","/c/en/medicine","/c/en/pathology","/c/en/thrombosis"],"weight":0.21045999999999976,"degrees":[63,11938,5554,161]},"num_concepts_raised":27543},{"base_id":697,"kind":"top_words","i1":2,"i2":3,"sol":{"path":["/c/en/fortieth","/c/en/rank","/c/en/seventieth"],"weight":0.202,"degrees":[137,1403,104]},"num_concepts_raised":178},{"base_id":697,"kind":"top_words","i1":2,"i2":4,"sol":{"path":["/c/en/fortieth","/c/en/rank","/c/en/sixtieth"],"weight":0.202,"degrees":[137,1403,125]},"num_concepts_raised":193},{"base_id":697,"kind":"top_words","i1":2,"i2":5,"sol":{"path":["/c/en/fortieth","/c/en/forty","/c/en/slang","/c/en/plant","/c/en/dendrobium"],"weight":0.2106599999999999,"degrees":[137,421,16318,7959,42]},"num_concepts_raised":18515},{"base_id":697,"kind":"top_words","i1":2,"i2":6,"sol":{"path":["/c/en/fortieth","/c/en/rank","/c/en/fiftieth"],"weight":0.202,"degrees":[137,1403,123]},"num_concepts_raised":196},{"base_id":697,"kind":"top_words","i1":2,"i2":7,"sol":{"path":["/c/en/fortieth","/c/en/line","/c/en/letter","/c/en/upsilon"],"weight":0.20554000000000006,"degrees":[137,3018,2043,91]},"num_concepts_raised":7372},{"base_id":697,"kind":"top_words","i1":2,"i2":8,"sol":{"path":["/c/en/fortieth","/c/en/rank","/c/en/mathematics","/c/en/logarithm"],"weight":0.2137000000000001,"degrees":[137,1403,7601,259]},"num_concepts_raised":22688},{"base_id":697,"kind":"top_words","i1":2,"i2":9,"sol":{"path":["/c/en/fortieth","/c/en/rank","/c/en/condition","/c/en/deep_vein_thrombosis","/c/en/thrombosis"],"weight":0.21334999999999982,"degrees":[137,1403,1648,42,161]},"num_concepts_raised":17015},{"base_id":697,"kind":"top_words","i1":3,"i2":4,"sol":{"path":["/c/en/seventieth","/c/en/rank","/c/en/sixtieth"],"weight":0.202,"degrees":[104,1403,125]},"num_concepts_raised":168},{"base_id":697,"kind":"top_words","i1":3,"i2":5,"sol":{"path":["/c/en/seventieth","/c/en/rank","/c/en/general","/c/en/plant","/c/en/dendrobium"],"weight":0.2091499999999999,"degrees":[104,1403,1132,7959,42]},"num_concepts_raised":15286},{"base_id":697,"kind":"top_words","i1":3,"i2":6,"sol":{"path":["/c/en/seventieth","/c/en/rank","/c/en/fiftieth"],"weight":0.202,"degrees":[104,1403,123]},"num_concepts_raised":171},{"base_id":697,"kind":"top_words","i1":3,"i2":7,"sol":{"path":["/c/en/seventieth","/c/en/rank","/c/en/mathematics","/c/en/tau","/c/en/upsilon"],"weight":0.20505000000000007,"degrees":[104,1403,7601,222,91]},"num_concepts_raised":4128},{"base_id":697,"kind":"top_words","i1":3,"i2":8,"sol":{"path":["/c/en/seventieth","/c/en/rank","/c/en/mathematics","/c/en/logarithm"],"weight":0.21318000000000012,"degrees":[104,1403,7601,259]},"num_concepts_raised":19636},{"base_id":697,"kind":"top_words","i1":3,"i2":9,"sol":{"path":["/c/en/seventieth","/c/en/rank","/c/en/condition","/c/en/deep_vein_thrombosis","/c/en/thrombosis"],"weight":0.21282999999999982,"degrees":[104,1403,1648,42,161]},"num_concepts_raised":13758},{"base_id":697,"kind":"top_words","i1":4,"i2":5,"sol":{"path":["/c/en/sixtieth","/c/en/minute","/c/en/division","/c/en/plant","/c/en/dendrobium"],"weight":0.20959999999999993,"degrees":[125,975,1509,7959,42]},"num_concepts_raised":16955},{"base_id":697,"kind":"top_words","i1":4,"i2":6,"sol":{"path":["/c/en/sixtieth","/c/en/rank","/c/en/fiftieth"],"weight":0.202,"degrees":[125,1403,123]},"num_concepts_raised":186},{"base_id":697,"kind":"top_words","i1":4,"i2":7,"sol":{"path":["/c/en/sixtieth","/c/en/minute","/c/en/note","/c/en/letter","/c/en/upsilon"],"weight":0.20548000000000008,"degrees":[125,975,1578,2043,91]},"num_concepts_raised":5801},{"base_id":697,"kind":"top_words","i1":4,"i2":8,"sol":{"path":["/c/en/sixtieth","/c/en/rank","/c/en/mathematics","/c/en/logarithm"],"weight":0.21357000000000015,"degrees":[125,1403,7601,259]},"num_concepts_raised":21235},{"base_id":697,"kind":"top_words","i1":4,"i2":9,"sol":{"path":["/c/en/sixtieth","/c/en/rank","/c/en/condition","/c/en/deep_vein_thrombosis","/c/en/thrombosis"],"weight":0.21321999999999985,"degrees":[125,1403,1648,42,161]},"num_concepts_raised":15440},{"base_id":697,"kind":"top_words","i1":5,"i2":6,"sol":{"path":["/c/en/dendrobium","/c/en/orchid","/c/fr/botanique","/c/mul/l","/c/en/fiftieth"],"weight":0.21137999999999985,"degrees":[42,371,7950,82,123]},"num_concepts_raised":15519},{"base_id":697,"kind":"top_words","i1":5,"i2":7,"sol":{"path":["/c/en/dendrobium","/c/en/orchid","/c/en/light","/c/en/phi","/c/en/upsilon"],"weight":0.21107000000000004,"degrees":[42,371,4288,87,91]},"num_concepts_raised":16021},{"base_id":697,"kind":"top_words","i1":5,"i2":8,"sol":{"path":["/c/en/dendrobium","/c/en/botany","/c/en/base","/c/en/logarithm"],"weight":0.2168000000000001,"degrees":[42,6881,2117,259]},"num_concepts_raised":31430},{"base_id":697,"kind":"top_words","i1":5,"i2":9,"sol":{"path":["/c/en/dendrobium","/c/en/plant","/c/en/organism","/c/en/thrombosis"],"weight":0.2149299999999998,"degrees":[42,7959,1338,161]},"num_concepts_raised":25511},{"base_id":697,"kind":"top_words","i1":6,"i2":7,"sol":{"path":["/c/en/fiftieth","/c/en/fifty","/c/en/l","/c/en/letter","/c/en/upsilon"],"weight":0.20531,"degrees":[123,433,96,2043,91]},"num_concepts_raised":4361},{"base_id":697,"kind":"top_words","i1":6,"i2":8,"sol":{"path":["/c/en/fiftieth","/c/en/rank","/c/en/mathematics","/c/en/logarithm"],"weight":0.21338000000000007,"degrees":[123,1403,7601,259]},"num_concepts_raised":19845},{"base_id":697,"kind":"top_words","i1":6,"i2":9,"sol":{"path":["/c/en/fiftieth","/c/en/rank","/c/en/condition","/c/en/deep_vein_thrombosis","/c/en/thrombosis"],"weight":0.21302999999999978,"degrees":[123,1403,1648,42,161]},"num_concepts_raised":13991},{"base_id":697,"kind":"top_words","i1":7,"i2":8,"sol":{"path":["/c/en/upsilon","/c/en/tau","/c/en/mathematics","/c/en/logarithm"],"weight":0.21316000000000024,"degrees":[91,222,7601,259]},"num_concepts_raised":20399},{"base_id":697,"kind":"top_words","i1":7,"i2":9,"sol":{"path":["/c/en/upsilon","/c/grc/ὖ_ψιλόν","/c/en/usually","/c/en/disease","/c/en/thrombosis"],"weight":0.21178999999999995,"degrees":[91,10,459,4216,161]},"num_concepts_raised":14503},{"base_id":697,"kind":"top_words","i1":8,"i2":9,"sol":{"path":["/c/en/logarithm","/c/en/power","/c/en/disease","/c/en/thrombosis"],"weight":0.21845000000000003,"degrees":[259,2205,4216,161]},"num_concepts_raised":29995}]]