[[{"base_id":663,"kind":"bot_words","i1":0,"i2":1,"sol":{"path":["/c/en/weddings","/c/en/cake","/c/en/person","/c/en/expatriate","/c/en/expat"],"weight":0.20504999999999984,"degrees":[32,1707,12935,154,37]},"num_concepts_raised":13779},{"base_id":663,"kind":"bot_words","i1":0,"i2":2,"sol":{"path":["/c/en/weddings","/c/en/dress","/c/zh/服","/c/en/comply"],"weight":0.20522999999999936,"degrees":[32,1674,33,246]},"num_concepts_raised":26326},{"base_id":663,"kind":"bot_words","i1":0,"i2":3,"sol":{"path":["/c/en/weddings","/c/en/wedding","/c/en/event","/c/en/iceberg","/c/en/berg"],"weight":0.2134499999999997,"degrees":[32,828,1724,303,64]},"num_concepts_raised":19552},{"base_id":663,"kind":"bot_words","i1":0,"i2":4,"sol":{"path":["/c/en/weddings","/c/en/rice","/c/en/dishes"],"weight":0.202,"degrees":[32,1388,84]},"num_concepts_raised":107},{"base_id":663,"kind":"bot_words","i1":0,"i2":5,"sol":{"path":["/c/en/weddings","/c/en/cake","/c/en/bread","/c/en/sandwich"],"weight":0.22083999999999965,"degrees":[32,1707,1741,624]},"num_concepts_raised":167635},{"base_id":663,"kind":"bot_words","i1":0,"i2":6,"sol":{"path":["/c/en/weddings","/c/en/church","/c/en/churchane","/c/en/organic_compound","/c/en/acetylacetone"],"weight":0.20797999999999978,"degrees":[32,1592,10,7764,36]},"num_concepts_raised":23418},{"base_id":663,"kind":"bot_words","i1":0,"i2":7,"sol":{"path":["/c/en/weddings","/c/en/dance","/c/en/gain","/c/en/handy"],"weight":0.20475999999999955,"degrees":[32,2473,1125,196]},"num_concepts_raised":21647},{"base_id":663,"kind":"bot_words","i1":0,"i2":8,"sol":{"path":["/c/en/weddings","/c/en/church","/c/en/repentance","/c/en/regret","/c/en/regretful"],"weight":0.20482999999999968,"degrees":[32,1592,179,651,96]},"num_concepts_raised":18040},{"base_id":663,"kind":"bot_words","i1":0,"i2":9,"sol":{"path":["/c/en/weddings","/c/en/church","/c/en/cardinal","/c/en/28"],"weight":0.21427999999999986,"degrees":[32,1592,5720,37]},"num_concepts_raised":23022},{"base_id":663,"kind":"bot_words","i1":1,"i2":2,"sol":{"path":["/c/en/expat","/c/en/expatriate","/c/en/person","/c/en/accomplish","/c/en/comply"],"weight":0.20860999999999943,"degrees":[37,154,12935,359,246]},"num_concepts_raised":13924},{"base_id":663,"kind":"bot_words","i1":1,"i2":3,"sol":{"path":["/c/en/expat","/c/en/expatriate","/c/en/country","/c/en/berg"],"weight":0.21045999999999976,"degrees":[37,154,2796,64]},"num_concepts_raised":7054},{"base_id":663,"kind":"bot_words","i1":1,"i2":4,"sol":{"path":["/c/en/expat","/c/en/expatriate","/c/en/person","/c/en/do_dishes","/c/en/dishes"],"weight":0.20571999999999974,"degrees":[37,154,12935,67,84]},"num_concepts_raised":13576},{"base_id":663,"kind":"bot_words","i1":1,"i2":5,"sol":{"path":["/c/en/expat","/c/en/sexpat","/c/en/slang","/c/en/bread","/c/en/sandwich"],"weight":0.2208599999999997,"degrees":[37,5,16318,1741,624]},"num_concepts_raised":156489},{"base_id":663,"kind":"bot_words","i1":1,"i2":6,"sol":{"path":["/c/en/expat","/c/en/expatriate","/c/en/person","/c/en/alcohol","/c/en/organic_compound","/c/en/acetylacetone"],"weight":0.2155155999999989,"degrees":[37,154,12935,1287,7764,36]},"num_concepts_raised":218700},{"base_id":663,"kind":"bot_words","i1":1,"i2":7,"sol":{"path":["/c/en/expat","/c/en/expatriate","/c/en/person","/c/en/handyperson","/c/en/handy"],"weight":0.20698999999999956,"degrees":[37,154,12935,8,196]},"num_concepts_raised":9244},{"base_id":663,"kind":"bot_words","i1":1,"i2":8,"sol":{"path":["/c/en/expat","/c/en/expatriate","/c/en/person","/c/en/bad","/c/en/regretful"],"weight":0.20580999999999972,"degrees":[37,154,12935,1728,96]},"num_concepts_raised":5517},{"base_id":663,"kind":"bot_words","i1":1,"i2":9,"sol":{"path":["/c/en/expat","/c/en/expatriate","/c/en/drive","/c/en/automobile","/c/en/28"],"weight":0.21424999999999988,"degrees":[37,154,2162,794,37]},"num_concepts_raised":10573},{"base_id":663,"kind":"bot_words","i1":2,"i2":3,"sol":{"path":["/c/en/comply","/c/en/complete","/c/en/top","/c/en/iceberg","/c/en/berg"],"weight":0.21589999999999926,"degrees":[246,1471,1498,303,64]},"num_concepts_raised":19792},{"base_id":663,"kind":"bot_words","i1":2,"i2":4,"sol":{"path":["/c/en/comply","/c/zh/服","/c/en/service","/c/en/dishes"],"weight":0.20584999999999928,"degrees":[246,33,1385,84]},"num_concepts_raised":26126},{"base_id":663,"kind":"bot_words","i1":2,"i2":5,"sol":{"path":["/c/en/comply","/c/en/complete","/c/en/piece","/c/en/sandwich"],"weight":0.21950999999999923,"degrees":[246,1471,1565,624]},"num_concepts_raised":168583},{"base_id":663,"kind":"bot_words","i1":2,"i2":6,"sol":{"path":["/c/en/comply","/c/en/follow","/c/en/dancing","/c/en/coordination","/c/en/acetylacetone"],"weight":0.21200999999999937,"degrees":[246,1092,426,221,36]},"num_concepts_raised":23631},{"base_id":663,"kind":"bot_words","i1":2,"i2":7,"sol":{"path":["/c/en/comply","/c/en/accomplish","/c/en/gain","/c/en/handy"],"weight":0.2083499999999991,"degrees":[246,359,1125,196]},"num_concepts_raised":21750},{"base_id":663,"kind":"bot_words","i1":2,"i2":8,"sol":{"path":["/c/en/comply","/c/en/refuse","/c/en/regret","/c/en/regretful"],"weight":0.20714999999999925,"degrees":[246,881,651,96]},"num_concepts_raised":18181},{"base_id":663,"kind":"bot_words","i1":2,"i2":9,"sol":{"path":["/c/en/comply","/c/en/accord","/c/en/automobile","/c/en/28"],"weight":0.2144999999999994,"degrees":[246,398,794,37]},"num_concepts_raised":23263},{"base_id":663,"kind":"bot_words","i1":3,"i2":4,"sol":{"path":["/c/en/berg","/c/en/iceberg","/c/en/slang","/c/en/dish","/c/en/dishes"],"weight":0.2141599999999996,"degrees":[64,303,16318,1186,84]},"num_concepts_raised":19344},{"base_id":663,"kind":"bot_words","i1":3,"i2":5,"sol":{"path":["/c/en/berg","/c/en/iceberg","/c/en/us","/c/en/sandwich"],"weight":0.22557999999999956,"degrees":[64,303,8154,624]},"num_concepts_raised":161868},{"base_id":663,"kind":"bot_words","i1":3,"i2":6,"sol":{"path":["/c/en/berg","/c/en/iceberg","/c/en/water","/c/en/chemical_compound","/c/en/acetylacetone"],"weight":0.2174399999999997,"degrees":[64,303,4606,2801,36]},"num_concepts_raised":16779},{"base_id":663,"kind":"bot_words","i1":3,"i2":7,"sol":{"path":["/c/en/berg","/c/en/iceberg","/c/en/growler","/c/en/dialect","/c/en/handy"],"weight":0.21434999999999943,"degrees":[64,303,48,2378,196]},"num_concepts_raised":15104},{"base_id":663,"kind":"bot_words","i1":3,"i2":8,"sol":{"path":["/c/en/berg","/c/en/iceberg","/c/en/person","/c/en/bad","/c/en/regretful"],"weight":0.21308999999999956,"degrees":[64,303,12935,1728,96]},"num_concepts_raised":11410},{"base_id":663,"kind":"bot_words","i1":3,"i2":9,"sol":{"path":["/c/en/berg","/c/en/iceberg","/c/en/volume","/c/en/book","/c/en/28"],"weight":0.22156999999999974,"degrees":[64,303,846,3239,37]},"num_concepts_raised":16432},{"base_id":663,"kind":"bot_words","i1":4,"i2":5,"sol":{"path":["/c/en/dishes","/c/en/dish","/c/en/sandwich"],"weight":0.20500000000000002,"degrees":[84,1186,624]},"num_concepts_raised":505},{"base_id":663,"kind":"bot_words","i1":4,"i2":6,"sol":{"path":["/c/en/dishes","/c/en/dish","/c/en/pan","/c/en/organic_compound","/c/en/acetylacetone"],"weight":0.20968999999999968,"degrees":[84,1186,880,7764,36]},"num_concepts_raised":23250},{"base_id":663,"kind":"bot_words","i1":4,"i2":7,"sol":{"path":["/c/en/dishes","/c/en/cook","/c/en/dialect","/c/en/handy"],"weight":0.20537999999999945,"degrees":[84,1734,2378,196]},"num_concepts_raised":21419},{"base_id":663,"kind":"bot_words","i1":4,"i2":8,"sol":{"path":["/c/en/dishes","/c/en/dish","/c/en/food","/c/en/glad","/c/en/regretful"],"weight":0.20547999999999958,"degrees":[84,1186,4281,422,96]},"num_concepts_raised":17876},{"base_id":663,"kind":"bot_words","i1":4,"i2":9,"sol":{"path":["/c/en/dishes","/c/en/table","/c/en/book","/c/en/28"],"weight":0.21266999999999975,"degrees":[84,1618,3239,37]},"num_concepts_raised":22823},{"base_id":663,"kind":"bot_words","i1":5,"i2":6,"sol":{"path":["/c/en/sandwich","/c/en/bread","/c/en/water","/c/en/chemical_compound","/c/en/acetylacetone"],"weight":0.22569999999999962,"degrees":[624,1741,4606,2801,36]},"num_concepts_raised":166102},{"base_id":663,"kind":"bot_words","i1":5,"i2":7,"sol":{"path":["/c/en/sandwich","/c/en/butty","/c/en/dialect","/c/en/handy"],"weight":0.2199799999999994,"degrees":[624,72,2378,196]},"num_concepts_raised":163172},{"base_id":663,"kind":"bot_words","i1":5,"i2":8,"sol":{"path":["/c/en/sandwich","/c/en/food","/c/en/glad","/c/en/regretful"],"weight":0.21920999999999952,"degrees":[624,4281,422,96]},"num_concepts_raised":160630},{"base_id":663,"kind":"bot_words","i1":5,"i2":9,"sol":{"path":["/c/en/sandwich","/c/en/uk","/c/en/book","/c/en/28"],"weight":0.2252899999999997,"degrees":[624,5562,3239,37]},"num_concepts_raised":165382},{"base_id":663,"kind":"bot_words","i1":6,"i2":7,"sol":{"path":["/c/en/acetylacetone","/c/en/coordination","/c/en/work","/c/en/useful","/c/en/handy"],"weight":0.2112699999999995,"degrees":[36,221,4013,508,196]},"num_concepts_raised":18949},{"base_id":663,"kind":"bot_words","i1":6,"i2":8,"sol":{"path":["/c/en/acetylacetone","/c/en/acetone","/c/en/one","/c/en/regret","/c/en/regretful"],"weight":0.20977999999999966,"degrees":[36,201,2499,651,96]},"num_concepts_raised":15227},{"base_id":663,"kind":"bot_words","i1":6,"i2":9,"sol":{"path":["/c/en/acetylacetone","/c/en/acetone","/c/en/one","/c/en/cardinal","/c/en/28"],"weight":0.21928999999999982,"degrees":[36,201,2499,5720,37]},"num_concepts_raised":20277},{"base_id":663,"kind":"bot_words","i1":7,"i2":8,"sol":{"path":["/c/en/handy","/c/fr/commode","/c/fr/mauvais","/c/en/regretful"],"weight":0.2065999999999994,"degrees":[196,192,992,96]},"num_concepts_raised":13508},{"base_id":663,"kind":"bot_words","i1":7,"i2":9,"sol":{"path":["/c/en/handy","/c/en/mulligan_stew","/c/en/book","/c/en/28"],"weight":0.21396999999999958,"degrees":[196,27,3239,37]},"num_concepts_raised":18582},{"base_id":663,"kind":"bot_words","i1":8,"i2":9,"sol":{"path":["/c/en/regretful","/c/en/regret","/c/en/one","/c/en/cardinal","/c/en/28"],"weight":0.21608999999999973,"degrees":[96,651,2499,5720,37]},"num_concepts_raised":14896}],[{"base_id":663,"kind":"top_words","i1":0,"i2":1,"sol":{"path":["/c/en/drubbing","/c/en/defeat","/c/en/rout"],"weight":0.203,"degrees":[30,957,211]},"num_concepts_raised":203},{"base_id":663,"kind":"top_words","i1":0,"i2":2,"sol":{"path":["/c/en/drubbing","/c/en/thrashing"],"weight":0.202,"degrees":[30,122]},"num_concepts_raised":123},{"base_id":663,"kind":"top_words","i1":0,"i2":3,"sol":{"path":["/c/en/drubbing","/c/fr/sport","/c/en/stroke","/c/en/lopsided"],"weight":0.20343999999999984,"degrees":[30,2171,1197,84]},"num_concepts_raised":6794},{"base_id":663,"kind":"top_words","i1":0,"i2":4,"sol":{"path":["/c/en/drubbing","/c/fr/sport","/c/en/frolic","/c/en/romp"],"weight":0.2060099999999998,"degrees":[30,2171,237,102]},"num_concepts_raised":33843},{"base_id":663,"kind":"top_words","i1":0,"i2":5,"sol":{"path":["/c/en/drubbing","/c/en/defeat","/c/en/loss"],"weight":0.20400000000000001,"degrees":[30,957,777]},"num_concepts_raised":656},{"base_id":663,"kind":"top_words","i1":0,"i2":6,"sol":{"path":["/c/en/drubbing","/c/en/beating","/c/en/thumping"],"weight":0.202,"degrees":[30,410,42]},"num_concepts_raised":58},{"base_id":663,"kind":"top_words","i1":0,"i2":7,"sol":{"path":["/c/en/drubbing","/c/en/beating","/c/en/drumbeat","/c/en/forceful","/c/en/emphatic"],"weight":0.2052199999999998,"degrees":[30,410,39,157,130]},"num_concepts_raised":21771},{"base_id":663,"kind":"top_words","i1":0,"i2":8,"sol":{"path":["/c/en/drubbing","/c/en/defeat","/c/en/whitewash"],"weight":0.202,"degrees":[30,957,233]},"num_concepts_raised":209},{"base_id":663,"kind":"top_words","i1":0,"i2":9,"sol":{"path":["/c/en/drubbing","/c/en/defeat","/c/en/shutout"],"weight":0.20400000000000001,"degrees":[30,957,53]},"num_concepts_raised":65},{"base_id":663,"kind":"top_words","i1":1,"i2":2,"sol":{"path":["/c/en/rout","/c/en/defeat","/c/en/thrashing"],"weight":0.203,"degrees":[211,957,122]},"num_concepts_raised":284},{"base_id":663,"kind":"top_words","i1":1,"i2":3,"sol":{"path":["/c/en/rout","/c/en/stroke","/c/en/lopsided"],"weight":0.202,"degrees":[211,1197,84]},"num_concepts_raised":253},{"base_id":663,"kind":"top_words","i1":1,"i2":4,"sol":{"path":["/c/en/rout","/c/en/crowd","/c/en/play","/c/en/romp"],"weight":0.2079499999999993,"degrees":[211,1238,3092,102]},"num_concepts_raised":67685},{"base_id":663,"kind":"top_words","i1":1,"i2":5,"sol":{"path":["/c/en/rout","/c/en/defeat","/c/en/loss"],"weight":0.20500000000000002,"degrees":[211,957,777]},"num_concepts_raised":813},{"base_id":663,"kind":"top_words","i1":1,"i2":6,"sol":{"path":["/c/en/rout","/c/en/defeat","/c/en/thumping"],"weight":0.203,"degrees":[211,957,42]},"num_concepts_raised":218},{"base_id":663,"kind":"top_words","i1":1,"i2":7,"sol":{"path":["/c/en/rout","/c/en/noise","/c/en/loud","/c/en/emphatic"],"weight":0.2072199999999993,"degrees":[211,1201,686,130]},"num_concepts_raised":56446},{"base_id":663,"kind":"top_words","i1":1,"i2":8,"sol":{"path":["/c/en/rout","/c/en/defeat","/c/en/whitewash"],"weight":0.203,"degrees":[211,957,233]},"num_concepts_raised":367},{"base_id":663,"kind":"top_words","i1":1,"i2":9,"sol":{"path":["/c/en/rout","/c/en/defeat","/c/en/shutout"],"weight":0.20500000000000002,"degrees":[211,957,53]},"num_concepts_raised":223},{"base_id":663,"kind":"top_words","i1":2,"i2":3,"sol":{"path":["/c/en/thrashing","/c/en/action","/c/en/stroke","/c/en/lopsided"],"weight":0.20456999999999964,"degrees":[122,2156,1197,84]},"num_concepts_raised":36046},{"base_id":663,"kind":"top_words","i1":2,"i2":4,"sol":{"path":["/c/en/thrashing","/c/en/slang","/c/en/romp"],"weight":0.203,"degrees":[122,16318,102]},"num_concepts_raised":190},{"base_id":663,"kind":"top_words","i1":2,"i2":5,"sol":{"path":["/c/en/thrashing","/c/en/defeat","/c/en/loss"],"weight":0.20400000000000001,"degrees":[122,957,777]},"num_concepts_raised":738},{"base_id":663,"kind":"top_words","i1":2,"i2":6,"sol":{"path":["/c/en/thrashing","/c/en/thumping"],"weight":0.202,"degrees":[122,42]},"num_concepts_raised":140},{"base_id":663,"kind":"top_words","i1":2,"i2":7,"sol":{"path":["/c/en/thrashing","/c/en/action","/c/en/do","/c/en/emphatic"],"weight":0.20520999999999961,"degrees":[122,2156,1767,130]},"num_concepts_raised":50347},{"base_id":663,"kind":"top_words","i1":2,"i2":8,"sol":{"path":["/c/en/thrashing","/c/en/defeat","/c/en/whitewash"],"weight":0.202,"degrees":[122,957,233]},"num_concepts_raised":291},{"base_id":663,"kind":"top_words","i1":2,"i2":9,"sol":{"path":["/c/en/thrashing","/c/en/defeat","/c/en/shutout"],"weight":0.20400000000000001,"degrees":[122,957,53]},"num_concepts_raised":148},{"base_id":663,"kind":"top_words","i1":3,"i2":4,"sol":{"path":["/c/en/lopsided","/c/is/skakkur","/c/en/slang","/c/en/romp"],"weight":0.2053299999999997,"degrees":[84,9,16318,102]},"num_concepts_raised":33993},{"base_id":663,"kind":"top_words","i1":3,"i2":5,"sol":{"path":["/c/en/lopsided","/c/en/even","/c/en/break_even_point","/c/en/loss"],"weight":0.2121999999999981,"degrees":[84,1020,35,777]},"num_concepts_raised":63442},{"base_id":663,"kind":"top_words","i1":3,"i2":6,"sol":{"path":["/c/en/lopsided","/c/en/even","/c/en/sound","/c/en/thumping"],"weight":0.20464999999999975,"degrees":[84,1020,3218,42]},"num_concepts_raised":11637},{"base_id":663,"kind":"top_words","i1":3,"i2":7,"sol":{"path":["/c/en/lopsided","/c/en/stroke","/c/en/linguistics","/c/en/emphatic"],"weight":0.2048099999999997,"degrees":[84,1197,4250,130]},"num_concepts_raised":21723},{"base_id":663,"kind":"top_words","i1":3,"i2":8,"sol":{"path":["/c/en/lopsided","/c/en/stroke","/c/en/water","/c/en/whitewash"],"weight":0.20597999999999939,"degrees":[84,1197,4606,233]},"num_concepts_raised":57255},{"base_id":663,"kind":"top_words","i1":3,"i2":9,"sol":{"path":["/c/en/lopsided","/c/en/bias","/c/en/sports","/c/en/shutout"],"weight":0.20869999999999972,"degrees":[84,406,3417,53]},"num_concepts_raised":8645},{"base_id":663,"kind":"top_words","i1":4,"i2":5,"sol":{"path":["/c/en/romp","/c/en/win","/c/en/loss"],"weight":0.20400000000000001,"degrees":[102,941,777]},"num_concepts_raised":717},{"base_id":663,"kind":"top_words","i1":4,"i2":6,"sol":{"path":["/c/en/romp","/c/en/play","/c/en/sound","/c/en/thumping"],"weight":0.20507999999999973,"degrees":[102,3092,3218,42]},"num_concepts_raised":38236},{"base_id":663,"kind":"top_words","i1":4,"i2":7,"sol":{"path":["/c/en/romp","/c/en/play","/c/en/do","/c/en/emphatic"],"weight":0.20622999999999966,"degrees":[102,3092,1767,130]},"num_concepts_raised":48466},{"base_id":663,"kind":"top_words","i1":4,"i2":8,"sol":{"path":["/c/en/romp","/c/en/slang","/c/en/whitewash"],"weight":0.203,"degrees":[102,16318,233]},"num_concepts_raised":269},{"base_id":663,"kind":"top_words","i1":4,"i2":9,"sol":{"path":["/c/en/romp","/c/en/slang","/c/en/skunk","/c/en/shutout"],"weight":0.2120399999999997,"degrees":[102,16318,344,53]},"num_concepts_raised":35446},{"base_id":663,"kind":"top_words","i1":5,"i2":6,"sol":{"path":["/c/en/loss","/c/en/defeat","/c/en/thumping"],"weight":0.20400000000000001,"degrees":[777,957,42]},"num_concepts_raised":671},{"base_id":663,"kind":"top_words","i1":5,"i2":7,"sol":{"path":["/c/en/loss","/c/en/profit","/c/en/do","/c/en/emphatic"],"weight":0.21330999999999806,"degrees":[777,1179,1767,130]},"num_concepts_raised":77361},{"base_id":663,"kind":"top_words","i1":5,"i2":8,"sol":{"path":["/c/en/loss","/c/en/whitewash"],"weight":0.202,"degrees":[777,233]},"num_concepts_raised":814},{"base_id":663,"kind":"top_words","i1":5,"i2":9,"sol":{"path":["/c/en/loss","/c/en/defeat","/c/en/shutout"],"weight":0.20600000000000002,"degrees":[777,957,53]},"num_concepts_raised":675},{"base_id":663,"kind":"top_words","i1":6,"i2":7,"sol":{"path":["/c/en/thumping","/c/en/sound","/c/en/loud","/c/en/emphatic"],"weight":0.2042799999999997,"degrees":[42,3218,686,130]},"num_concepts_raised":26322},{"base_id":663,"kind":"top_words","i1":6,"i2":8,"sol":{"path":["/c/en/thumping","/c/en/defeat","/c/en/whitewash"],"weight":0.202,"degrees":[42,957,233]},"num_concepts_raised":223},{"base_id":663,"kind":"top_words","i1":6,"i2":9,"sol":{"path":["/c/en/thumping","/c/en/defeat","/c/en/shutout"],"weight":0.20400000000000001,"degrees":[42,957,53]},"num_concepts_raised":79},{"base_id":663,"kind":"top_words","i1":7,"i2":8,"sol":{"path":["/c/en/emphatic","/c/en/do","/c/en/wash","/c/en/whitewash"],"weight":0.20961999999999936,"degrees":[130,1767,1410,233]},"num_concepts_raised":71609},{"base_id":663,"kind":"top_words","i1":7,"i2":9,"sol":{"path":["/c/en/emphatic","/c/en/do","/c/en/so","/c/en/shutout"],"weight":0.2092899999999997,"degrees":[130,1767,748,53]},"num_concepts_raised":23550},{"base_id":663,"kind":"top_words","i1":8,"i2":9,"sol":{"path":["/c/en/whitewash","/c/fr/blanchissage","/c/en/shutout"],"weight":0.20500000000000002,"degrees":[233,36,53]},"num_concepts_raised":226}]]