[[{"base_id":296,"kind":"bot_words","i1":0,"i2":1,"sol":{"path":["/c/en/furor","/c/en/fury","/c/en/thief"],"weight":0.202,"degrees":[59,332,796]},"num_concepts_raised":671},{"base_id":296,"kind":"bot_words","i1":0,"i2":2,"sol":{"path":["/c/en/furor","/c/en/state","/c/en/sleep","/c/en/waking"],"weight":0.2032899999999997,"degrees":[59,3243,2114,44]},"num_concepts_raised":14806},{"base_id":296,"kind":"bot_words","i1":0,"i2":3,"sol":{"path":["/c/en/furor","/c/en/anger","/c/en/calm","/c/en/clam","/c/en/geoduck"],"weight":0.20323999999999975,"degrees":[59,1296,1184,226,30]},"num_concepts_raised":10508},{"base_id":296,"kind":"bot_words","i1":0,"i2":4,"sol":{"path":["/c/en/furor","/c/en/excitement","/c/en/infectious","/c/en/diphtheria"],"weight":0.21031999999999984,"degrees":[59,425,209,169]},"num_concepts_raised":18679},{"base_id":296,"kind":"bot_words","i1":0,"i2":5,"sol":{"path":["/c/en/furor","/c/en/state","/c/en/liquid","/c/en/semisolid"],"weight":0.2037099999999995,"degrees":[59,3243,1778,88]},"num_concepts_raised":20133},{"base_id":296,"kind":"bot_words","i1":0,"i2":6,"sol":{"path":["/c/en/furor","/c/en/frenzy","/c/en/mass","/c/en/cohesive"],"weight":0.20392999999999972,"degrees":[59,188,1639,91]},"num_concepts_raised":18853},{"base_id":296,"kind":"bot_words","i1":0,"i2":7,"sol":{"path":["/c/en/furor","/c/en/state","/c/en/switch","/c/en/cutout"],"weight":0.2030099999999997,"degrees":[59,3243,811,31]},"num_concepts_raised":13035},{"base_id":296,"kind":"bot_words","i1":0,"i2":8,"sol":{"path":["/c/en/furor","/c/en/state","/c/en/employment","/c/en/needlework"],"weight":0.20439999999999947,"degrees":[59,3243,601,150]},"num_concepts_raised":17225},{"base_id":296,"kind":"bot_words","i1":0,"i2":9,"sol":{"path":["/c/en/furor","/c/en/general","/c/en/seat","/c/en/usher"],"weight":0.21320999999999907,"degrees":[59,1132,1314,304]},"num_concepts_raised":37798},{"base_id":296,"kind":"bot_words","i1":1,"i2":2,"sol":{"path":["/c/en/thief","/c/en/person","/c/en/dream","/c/en/waking"],"weight":0.21324999999999944,"degrees":[796,12935,1374,44]},"num_concepts_raised":36712},{"base_id":296,"kind":"bot_words","i1":1,"i2":3,"sol":{"path":["/c/en/thief","/c/en/crook","/c/en/slang","/c/en/clam","/c/en/geoduck"],"weight":0.21482999999999955,"degrees":[796,336,16318,226,30]},"num_concepts_raised":32509},{"base_id":296,"kind":"bot_words","i1":1,"i2":4,"sol":{"path":["/c/en/thief","/c/en/bad","/c/en/disease","/c/en/diphtheria"],"weight":0.2202699999999996,"degrees":[796,1728,4216,169]},"num_concepts_raised":40636},{"base_id":296,"kind":"bot_words","i1":1,"i2":5,"sol":{"path":["/c/en/thief","/c/en/black","/c/en/solid","/c/en/semisolid"],"weight":0.21455999999999925,"degrees":[796,1965,1304,88]},"num_concepts_raised":41877},{"base_id":296,"kind":"bot_words","i1":1,"i2":6,"sol":{"path":["/c/en/thief","/c/en/robbery","/c/en/mob","/c/en/cohesive"],"weight":0.2139299999999995,"degrees":[796,464,372,91]},"num_concepts_raised":40723},{"base_id":296,"kind":"bot_words","i1":1,"i2":7,"sol":{"path":["/c/en/thief","/c/en/person","/c/en/trip","/c/en/cutout"],"weight":0.21303999999999945,"degrees":[796,12935,889,31]},"num_concepts_raised":34931},{"base_id":296,"kind":"bot_words","i1":1,"i2":8,"sol":{"path":["/c/en/thief","/c/en/crook","/c/en/crochet","/c/en/needlework"],"weight":0.21671999999999925,"degrees":[796,336,145,150]},"num_concepts_raised":38914},{"base_id":296,"kind":"bot_words","i1":1,"i2":9,"sol":{"path":["/c/en/thief","/c/en/person","/c/en/usher"],"weight":0.20400000000000001,"degrees":[796,12935,304]},"num_concepts_raised":880},{"base_id":296,"kind":"bot_words","i1":2,"i2":3,"sol":{"path":["/c/en/waking","/c/en/sleep","/c/en/animal","/c/en/clam","/c/en/geoduck"],"weight":0.20306999999999983,"degrees":[44,2114,3735,226,30]},"num_concepts_raised":6830},{"base_id":296,"kind":"bot_words","i1":2,"i2":4,"sol":{"path":["/c/en/waking","/c/en/wakefulness","/c/pt/insônia","/c/en/pathology","/c/en/diphtheria"],"weight":0.2113799999999999,"degrees":[44,88,26,5554,169]},"num_concepts_raised":15045},{"base_id":296,"kind":"bot_words","i1":2,"i2":5,"sol":{"path":["/c/en/waking","/c/en/coffee","/c/en/liquid","/c/en/semisolid"],"weight":0.20355999999999957,"degrees":[44,1150,1778,88]},"num_concepts_raised":16547},{"base_id":296,"kind":"bot_words","i1":2,"i2":6,"sol":{"path":["/c/en/waking","/c/en/dream","/c/en/lucid","/c/en/coherent","/c/en/cohesive"],"weight":0.2049699999999998,"degrees":[44,1374,135,230,91]},"num_concepts_raised":15313},{"base_id":296,"kind":"bot_words","i1":2,"i2":7,"sol":{"path":["/c/en/waking","/c/en/morning","/c/en/part","/c/en/cutout"],"weight":0.20282999999999976,"degrees":[44,1063,2528,31]},"num_concepts_raised":9410},{"base_id":296,"kind":"bot_words","i1":2,"i2":8,"sol":{"path":["/c/en/waking","/c/en/sleep","/c/en/boredom","/c/en/sewing","/c/en/needlework"],"weight":0.20603999999999956,"degrees":[44,2114,422,517,150]},"num_concepts_raised":13607},{"base_id":296,"kind":"bot_words","i1":2,"i2":9,"sol":{"path":["/c/en/waking","/c/en/dream","/c/en/person","/c/en/usher"],"weight":0.21100999999999914,"degrees":[44,1374,12935,304]},"num_concepts_raised":34436},{"base_id":296,"kind":"bot_words","i1":3,"i2":4,"sol":{"path":["/c/en/geoduck","/c/en/duck","/c/en/chicken","/c/en/disease","/c/en/diphtheria"],"weight":0.21008,"degrees":[30,1215,1689,4216,169]},"num_concepts_raised":10671},{"base_id":296,"kind":"bot_words","i1":3,"i2":5,"sol":{"path":["/c/en/geoduck","/c/en/clam","/c/en/slang","/c/en/solid","/c/en/semisolid"],"weight":0.20456999999999967,"degrees":[30,226,16318,1304,88]},"num_concepts_raised":12223},{"base_id":296,"kind":"bot_words","i1":3,"i2":6,"sol":{"path":["/c/en/geoduck","/c/en/duck","/c/en/duck_tape","/c/en/cohesive"],"weight":0.2035499999999999,"degrees":[30,1215,20,91]},"num_concepts_raised":10950},{"base_id":296,"kind":"bot_words","i1":3,"i2":7,"sol":{"path":["/c/en/geoduck","/c/en/clam","/c/en/us","/c/en/switch","/c/en/cutout"],"weight":0.20280999999999985,"degrees":[30,226,8154,811,31]},"num_concepts_raised":5069},{"base_id":296,"kind":"bot_words","i1":3,"i2":8,"sol":{"path":["/c/en/geoduck","/c/en/duck","/c/en/fabric","/c/en/embroidery","/c/en/needlework"],"weight":0.20668999999999965,"degrees":[30,1215,1105,288,150]},"num_concepts_raised":9267},{"base_id":296,"kind":"bot_words","i1":3,"i2":9,"sol":{"path":["/c/en/geoduck","/c/en/duck","/c/en/similar","/c/fr/huissier","/c/en/usher"],"weight":0.2170099999999992,"degrees":[30,1215,751,137,304]},"num_concepts_raised":30227},{"base_id":296,"kind":"bot_words","i1":4,"i2":5,"sol":{"path":["/c/en/diphtheria","/c/ru/дифтерия","/c/fr/médecine","/c/en/ms","/c/en/semisolid"],"weight":0.21269999999999972,"degrees":[169,14,9990,111,88]},"num_concepts_raised":20428},{"base_id":296,"kind":"bot_words","i1":4,"i2":6,"sol":{"path":["/c/en/diphtheria","/c/en/diphtheritic","/c/en/medicine","/c/en/mass","/c/en/cohesive"],"weight":0.21297999999999995,"degrees":[169,8,11938,1639,91]},"num_concepts_raised":19149},{"base_id":296,"kind":"bot_words","i1":4,"i2":7,"sol":{"path":["/c/en/diphtheria","/c/en/pathology","/c/en/heteroplasm","/c/en/part","/c/en/cutout"],"weight":0.21018999999999993,"degrees":[169,5554,14,2528,31]},"num_concepts_raised":13297},{"base_id":296,"kind":"bot_words","i1":4,"i2":8,"sol":{"path":["/c/en/diphtheria","/c/en/diphtheritic","/c/en/medicine","/c/en/stitch","/c/en/needlework"],"weight":0.2136199999999997,"degrees":[169,8,11938,807,150]},"num_concepts_raised":17481},{"base_id":296,"kind":"bot_words","i1":4,"i2":9,"sol":{"path":["/c/en/diphtheria","/c/en/disease","/c/en/similar","/c/fr/huissier","/c/en/usher"],"weight":0.22429999999999928,"degrees":[169,4216,751,137,304]},"num_concepts_raised":38374},{"base_id":296,"kind":"bot_words","i1":5,"i2":6,"sol":{"path":["/c/en/semisolid","/c/en/solid","/c/en/cohesion","/c/en/cohesive"],"weight":0.20634999999999962,"degrees":[88,1304,151,91]},"num_concepts_raised":20495},{"base_id":296,"kind":"bot_words","i1":5,"i2":7,"sol":{"path":["/c/en/semisolid","/c/en/paste","/c/en/part","/c/en/cutout"],"weight":0.20327999999999957,"degrees":[88,669,2528,31]},"num_concepts_raised":14729},{"base_id":296,"kind":"bot_words","i1":5,"i2":8,"sol":{"path":["/c/en/semisolid","/c/en/cotton","/c/en/sewing","/c/en/needlework"],"weight":0.2063299999999994,"degrees":[88,1181,517,150]},"num_concepts_raised":18918},{"base_id":296,"kind":"bot_words","i1":5,"i2":9,"sol":{"path":["/c/en/semisolid","/c/en/down","/c/en/seat","/c/en/usher"],"weight":0.21347999999999895,"degrees":[88,1533,1314,304]},"num_concepts_raised":39655},{"base_id":296,"kind":"bot_words","i1":6,"i2":7,"sol":{"path":["/c/en/cohesive","/c/en/coherence","/c/en/part","/c/en/cutout"],"weight":0.20357999999999982,"degrees":[91,165,2528,31]},"num_concepts_raised":13454},{"base_id":296,"kind":"bot_words","i1":6,"i2":8,"sol":{"path":["/c/en/cohesive","/c/en/tack","/c/en/sewing","/c/en/needlework"],"weight":0.2066299999999996,"degrees":[91,428,517,150]},"num_concepts_raised":17620},{"base_id":296,"kind":"bot_words","i1":6,"i2":9,"sol":{"path":["/c/en/cohesive","/c/en/structure","/c/en/guide","/c/en/usher"],"weight":0.21399999999999916,"degrees":[91,1619,953,304]},"num_concepts_raised":38379},{"base_id":296,"kind":"bot_words","i1":7,"i2":8,"sol":{"path":["/c/en/cutout","/c/en/part","/c/en/stitch","/c/en/needlework"],"weight":0.20417999999999958,"degrees":[31,2528,807,150]},"num_concepts_raised":11792},{"base_id":296,"kind":"bot_words","i1":7,"i2":9,"sol":{"path":["/c/en/cutout","/c/en/part","/c/en/seat","/c/en/usher"],"weight":0.21290999999999916,"degrees":[31,2528,1314,304]},"num_concepts_raised":32592},{"base_id":296,"kind":"bot_words","i1":8,"i2":9,"sol":{"path":["/c/en/needlework","/c/fr/ouvrage","/c/fr/guide","/c/en/usher"],"weight":0.21222999999999892,"degrees":[150,893,286,304]},"num_concepts_raised":36695}],[{"base_id":296,"kind":"top_words","i1":0,"i2":1,"sol":{"path":["/c/en/general","/c/en/person","/c/en/proctor","/c/en/procurator"],"weight":0.21894999999999748,"degrees":[1132,12935,89,63]},"num_concepts_raised":224156},{"base_id":296,"kind":"top_words","i1":0,"i2":2,"sol":{"path":["/c/en/general","/c/en/rank","/c/en/brigadier"],"weight":0.20600000000000002,"degrees":[1132,1403,110]},"num_concepts_raised":1012},{"base_id":296,"kind":"top_words","i1":0,"i2":3,"sol":{"path":["/c/en/general","/c/en/person","/c/en/nathaniel","/c/en/nathanael"],"weight":0.21859999999999757,"degrees":[1132,12935,24,25]},"num_concepts_raised":220934},{"base_id":296,"kind":"top_words","i1":0,"i2":4,"sol":{"path":["/c/en/general","/c/en/position","/c/en/secretaryship"],"weight":0.202,"degrees":[1132,2038,36]},"num_concepts_raised":977},{"base_id":296,"kind":"top_words","i1":0,"i2":5,"sol":{"path":["/c/en/general","/c/en/relativity"],"weight":0.202,"degrees":[1132,140]},"num_concepts_raised":1045},{"base_id":296,"kind":"top_words","i1":0,"i2":6,"sol":{"path":["/c/en/general","/c/en/medicine","/c/en/anaesthesia"],"weight":0.20400000000000001,"degrees":[1132,11938,106]},"num_concepts_raised":1029},{"base_id":296,"kind":"top_words","i1":0,"i2":7,"sol":{"path":["/c/en/general","/c/en/military_person","/c/en/belisarius"],"weight":0.20400000000000001,"degrees":[1132,79,82]},"num_concepts_raised":1002},{"base_id":296,"kind":"top_words","i1":0,"i2":8,"sol":{"path":["/c/en/general","/c/en/specific","/c/en/heaven","/c/en/urano"],"weight":0.21822999999999748,"degrees":[1132,562,933,31]},"num_concepts_raised":235367},{"base_id":296,"kind":"top_words","i1":0,"i2":9,"sol":{"path":["/c/en/general","/c/en/person","/c/en/brain","/c/en/paresis"],"weight":0.21785999999999756,"degrees":[1132,12935,1613,44]},"num_concepts_raised":222489},{"base_id":296,"kind":"top_words","i1":1,"i2":2,"sol":{"path":["/c/en/procurator","/c/en/proctor","/c/en/uk","/c/en/brigadier"],"weight":0.21032999999999982,"degrees":[63,89,5562,110]},"num_concepts_raised":20437},{"base_id":296,"kind":"top_words","i1":1,"i2":3,"sol":{"path":["/c/en/procurator","/c/en/proctor","/c/en/person","/c/en/nathaniel","/c/en/nathanael"],"weight":0.20529999999999993,"degrees":[63,89,12935,24,25]},"num_concepts_raised":4956},{"base_id":296,"kind":"top_words","i1":1,"i2":4,"sol":{"path":["/c/en/procurator","/c/en/proctor","/c/en/person","/c/en/secretary","/c/en/secretaryship"],"weight":0.2043099999999998,"degrees":[63,89,12935,530,36]},"num_concepts_raised":7837},{"base_id":296,"kind":"top_words","i1":1,"i2":5,"sol":{"path":["/c/en/procurator","/c/en/attorney","/c/en/law","/c/en/relativity"],"weight":0.20477999999999974,"degrees":[63,216,3727,140]},"num_concepts_raised":23395},{"base_id":296,"kind":"top_words","i1":1,"i2":6,"sol":{"path":["/c/en/procurator","/c/en/agent","/c/en/drug","/c/zh/麻醉","/c/en/anaesthesia"],"weight":0.2114099999999998,"degrees":[63,1019,4920,19,106]},"num_concepts_raised":18437},{"base_id":296,"kind":"top_words","i1":1,"i2":7,"sol":{"path":["/c/en/procurator","/c/fi/prokuraattori","/c/en/history","/c/en/belisarius"],"weight":0.2100599999999999,"degrees":[63,9,1864,82]},"num_concepts_raised":6392},{"base_id":296,"kind":"top_words","i1":1,"i2":8,"sol":{"path":["/c/en/procurator","/c/fi/prokuraattori","/c/en/history","/c/en/chemistry","/c/en/urano"],"weight":0.20414999999999983,"degrees":[63,9,1864,11754,31]},"num_concepts_raised":21568},{"base_id":296,"kind":"top_words","i1":1,"i2":9,"sol":{"path":["/c/en/procurator","/c/en/proctor","/c/en/person","/c/en/brain","/c/en/paresis"],"weight":0.2044399999999999,"degrees":[63,89,12935,1613,44]},"num_concepts_raised":7068},{"base_id":296,"kind":"top_words","i1":2,"i2":3,"sol":{"path":["/c/en/brigadier","/c/en/officer","/c/en/person","/c/en/nathaniel","/c/en/nathanael"],"weight":0.21013999999999988,"degrees":[110,804,12935,24,25]},"num_concepts_raised":16426},{"base_id":296,"kind":"top_words","i1":2,"i2":4,"sol":{"path":["/c/en/brigadier","/c/en/officer","/c/en/attorney_general","/c/en/secretaryship"],"weight":0.20901999999999976,"degrees":[110,804,90,36]},"num_concepts_raised":19062},{"base_id":296,"kind":"top_words","i1":2,"i2":5,"sol":{"path":["/c/en/brigadier","/c/en/brigadier_general","/c/en/general","/c/en/relativity"],"weight":0.21487999999999974,"degrees":[110,95,1132,140]},"num_concepts_raised":34503},{"base_id":296,"kind":"top_words","i1":2,"i2":6,"sol":{"path":["/c/en/brigadier","/c/en/brigadier_general","/c/en/general","/c/en/medicine","/c/en/anaesthesia"],"weight":0.21977999999999975,"degrees":[110,95,1132,11938,106]},"num_concepts_raised":29785},{"base_id":296,"kind":"top_words","i1":2,"i2":7,"sol":{"path":["/c/en/brigadier","/c/en/brigadier_general","/c/en/general","/c/en/military_person","/c/en/belisarius"],"weight":0.21928999999999987,"degrees":[110,95,1132,79,82]},"num_concepts_raised":17836},{"base_id":296,"kind":"top_words","i1":2,"i2":8,"sol":{"path":["/c/en/brigadier","/c/en/brigade","/c/en/group","/c/en/astronomy","/c/en/urano"],"weight":0.2110999999999998,"degrees":[110,169,2339,4553,31]},"num_concepts_raised":32933},{"base_id":296,"kind":"top_words","i1":2,"i2":9,"sol":{"path":["/c/en/brigadier","/c/fr/brigadier","/c/fr/frapper","/c/en/brain","/c/en/paresis"],"weight":0.21537999999999985,"degrees":[110,63,913,1613,44]},"num_concepts_raised":18541},{"base_id":296,"kind":"top_words","i1":3,"i2":4,"sol":{"path":["/c/en/nathanael","/c/en/nathaniel","/c/en/person","/c/en/secretary","/c/en/secretaryship"],"weight":0.20396999999999987,"degrees":[25,24,12935,530,36]},"num_concepts_raised":3686},{"base_id":296,"kind":"top_words","i1":3,"i2":5,"sol":{"path":["/c/en/nathanael","/c/en/nathaniel","/c/en/person","/c/en/relative","/c/en/relativity"],"weight":0.20646999999999982,"degrees":[25,24,12935,931,140]},"num_concepts_raised":19336},{"base_id":296,"kind":"top_words","i1":3,"i2":6,"sol":{"path":["/c/en/nathanael","/c/en/apostle","/c/en/slang","/c/en/medicine","/c/en/anaesthesia"],"weight":0.20910999999999988,"degrees":[25,340,16318,11938,106]},"num_concepts_raised":14292},{"base_id":296,"kind":"top_words","i1":3,"i2":7,"sol":{"path":["/c/en/nathanael","/c/en/nathaniel","/c/en/person","/c/en/military_person","/c/en/belisarius"],"weight":0.20969999999999997,"degrees":[25,24,12935,79,82]},"num_concepts_raised":2214},{"base_id":296,"kind":"top_words","i1":3,"i2":8,"sol":{"path":["/c/en/nathanael","/c/en/apostle","/c/en/christian","/c/en/heaven","/c/en/urano"],"weight":0.20274999999999993,"degrees":[25,340,813,933,31]},"num_concepts_raised":17398},{"base_id":296,"kind":"top_words","i1":3,"i2":9,"sol":{"path":["/c/en/nathanael","/c/en/nathaniel","/c/en/person","/c/en/brain","/c/en/paresis"],"weight":0.20409999999999995,"degrees":[25,24,12935,1613,44]},"num_concepts_raised":2868},{"base_id":296,"kind":"top_words","i1":4,"i2":5,"sol":{"path":["/c/en/secretaryship","/c/en/position","/c/en/frame_of_reference","/c/en/relativity"],"weight":0.2043799999999997,"degrees":[36,2038,101,140]},"num_concepts_raised":21993},{"base_id":296,"kind":"top_words","i1":4,"i2":6,"sol":{"path":["/c/en/secretaryship","/c/en/position","/c/en/kinesthesia","/c/en/anaesthesia"],"weight":0.20876999999999973,"degrees":[36,2038,64,106]},"num_concepts_raised":17172},{"base_id":296,"kind":"top_words","i1":4,"i2":7,"sol":{"path":["/c/en/secretaryship","/c/en/secretary","/c/ja/ふし","/c/en/history","/c/en/belisarius"],"weight":0.20874999999999985,"degrees":[36,530,28,1864,82]},"num_concepts_raised":5135},{"base_id":296,"kind":"top_words","i1":4,"i2":8,"sol":{"path":["/c/en/secretaryship","/c/en/term","/c/en/science","/c/en/astronomy","/c/en/urano"],"weight":0.20279999999999976,"degrees":[36,1089,1674,4553,31]},"num_concepts_raised":20265},{"base_id":296,"kind":"top_words","i1":4,"i2":9,"sol":{"path":["/c/en/secretaryship","/c/en/term","/c/en/disease","/c/en/gastroparesis","/c/en/paresis"],"weight":0.20398999999999984,"degrees":[36,1089,4216,25,44]},"num_concepts_raised":5802},{"base_id":296,"kind":"top_words","i1":5,"i2":6,"sol":{"path":["/c/en/relativity","/c/en/event","/c/en/medicine","/c/en/anaesthesia"],"weight":0.2105399999999997,"degrees":[140,1724,11938,106]},"num_concepts_raised":32623},{"base_id":296,"kind":"top_words","i1":5,"i2":7,"sol":{"path":["/c/en/relativity","/c/en/event","/c/en/history","/c/en/belisarius"],"weight":0.2101199999999998,"degrees":[140,1724,1864,82]},"num_concepts_raised":20724},{"base_id":296,"kind":"top_words","i1":5,"i2":8,"sol":{"path":["/c/en/relativity","/c/en/physics","/c/en/astronomy","/c/en/urano"],"weight":0.20445999999999975,"degrees":[140,9094,4553,31]},"num_concepts_raised":34773},{"base_id":296,"kind":"top_words","i1":5,"i2":9,"sol":{"path":["/c/en/relativity","/c/en/relative","/c/en/person","/c/en/brain","/c/en/paresis"],"weight":0.2056099999999998,"degrees":[140,931,12935,1613,44]},"num_concepts_raised":21439},{"base_id":296,"kind":"top_words","i1":6,"i2":7,"sol":{"path":["/c/en/anaesthesia","/c/en/medicine","/c/en/history","/c/en/belisarius"],"weight":0.21498999999999985,"degrees":[106,11938,1864,82]},"num_concepts_raised":15732},{"base_id":296,"kind":"top_words","i1":6,"i2":8,"sol":{"path":["/c/en/anaesthesia","/c/en/anesthesia","/c/en/freezing","/c/en/chemistry","/c/en/urano"],"weight":0.21167999999999976,"degrees":[106,199,240,11754,31]},"num_concepts_raised":30711},{"base_id":296,"kind":"top_words","i1":6,"i2":9,"sol":{"path":["/c/en/anaesthesia","/c/en/medicine","/c/en/hemiparesis","/c/en/paresis"],"weight":0.21028999999999984,"degrees":[106,11938,16,44]},"num_concepts_raised":16172},{"base_id":296,"kind":"top_words","i1":7,"i2":8,"sol":{"path":["/c/en/belisarius","/c/en/history","/c/en/chemistry","/c/en/urano"],"weight":0.2086499999999999,"degrees":[82,1864,11754,31]},"num_concepts_raised":18847},{"base_id":296,"kind":"top_words","i1":7,"i2":9,"sol":{"path":["/c/en/belisarius","/c/en/history","/c/en/medicine","/c/en/hemiparesis","/c/en/paresis"],"weight":0.20986999999999995,"degrees":[82,1864,11938,16,44]},"num_concepts_raised":4334},{"base_id":296,"kind":"top_words","i1":8,"i2":9,"sol":{"path":["/c/en/urano","/c/en/astronomy","/c/en/limb","/c/en/paralysis","/c/en/paresis"],"weight":0.20299999999999987,"degrees":[31,4553,632,320,44]},"num_concepts_raised":19516}]]