[[{"base_id":219,"kind":"bot_words","i1":0,"i2":1,"sol":{"path":["/c/en/phenylalanine","/c/en/animal","/c/en/person","/c/en/helen"],"weight":0.21493999999999985,"degrees":[137,3735,12935,65]},"num_concepts_raised":24802},{"base_id":219,"kind":"bot_words","i1":0,"i2":2,"sol":{"path":["/c/en/phenylalanine","/c/en/animal","/c/en/nose","/c/en/sensory"],"weight":0.2115199999999997,"degrees":[137,3735,1561,184]},"num_concepts_raised":31539},{"base_id":219,"kind":"bot_words","i1":0,"i2":3,"sol":{"path":["/c/en/phenylalanine","/c/en/essential_amino_acid","/c/en/body","/c/en/casket"],"weight":0.21360999999999963,"degrees":[137,120,3170,188]},"num_concepts_raised":31598},{"base_id":219,"kind":"bot_words","i1":0,"i2":4,"sol":{"path":["/c/en/phenylalanine","/c/en/essential_amino_acid","/c/en/body","/c/en/heavenly","/c/en/providential"],"weight":0.21284,"degrees":[137,120,3170,229,40]},"num_concepts_raised":12199},{"base_id":219,"kind":"bot_words","i1":0,"i2":5,"sol":{"path":["/c/en/phenylalanine","/c/en/constituent","/c/en/grammar","/c/en/perfect"],"weight":0.2260899999999988,"degrees":[137,267,6397,750]},"num_concepts_raised":106499},{"base_id":219,"kind":"bot_words","i1":0,"i2":6,"sol":{"path":["/c/en/phenylalanine","/c/en/animal","/c/en/person","/c/en/salome"],"weight":0.2194399999999999,"degrees":[137,3735,12935,113]},"num_concepts_raised":25049},{"base_id":219,"kind":"bot_words","i1":0,"i2":7,"sol":{"path":["/c/en/phenylalanine","/c/en/animal","/c/en/saddle","/c/en/seat"],"weight":0.23515999999999704,"degrees":[137,3735,659,1314]},"num_concepts_raised":111657},{"base_id":219,"kind":"bot_words","i1":0,"i2":8,"sol":{"path":["/c/en/phenylalanine","/c/en/animal","/c/en/creature","/c/en/darkling"],"weight":0.20946999999999993,"degrees":[137,3735,707,25]},"num_concepts_raised":15039},{"base_id":219,"kind":"bot_words","i1":0,"i2":9,"sol":{"path":["/c/en/phenylalanine","/c/fi/fenyylialaniini","/c/en/chemistry","/c/en/abundance","/c/en/luxuriance"],"weight":0.21351999999999993,"degrees":[137,8,11754,452,31]},"num_concepts_raised":11233},{"base_id":219,"kind":"bot_words","i1":1,"i2":2,"sol":{"path":["/c/en/helen","/c/en/person","/c/en/smell","/c/en/sensory"],"weight":0.21027999999999955,"degrees":[65,12935,1332,184]},"num_concepts_raised":35550},{"base_id":219,"kind":"bot_words","i1":1,"i2":3,"sol":{"path":["/c/en/helen","/c/en/person","/c/en/coffin","/c/en/casket"],"weight":0.21317999999999945,"degrees":[65,12935,570,188]},"num_concepts_raised":34995},{"base_id":219,"kind":"bot_words","i1":1,"i2":4,"sol":{"path":["/c/en/helen","/c/en/person","/c/en/divine","/c/en/providential"],"weight":0.20852999999999985,"degrees":[65,12935,718,40]},"num_concepts_raised":16041},{"base_id":219,"kind":"bot_words","i1":1,"i2":5,"sol":{"path":["/c/en/helen","/c/en/person","/c/en/perfect"],"weight":0.20600000000000002,"degrees":[65,12935,750]},"num_concepts_raised":644},{"base_id":219,"kind":"bot_words","i1":1,"i2":6,"sol":{"path":["/c/en/helen","/c/en/person","/c/en/salome"],"weight":0.20800000000000002,"degrees":[65,12935,113]},"num_concepts_raised":131},{"base_id":219,"kind":"bot_words","i1":1,"i2":7,"sol":{"path":["/c/en/helen","/c/en/person","/c/en/place","/c/en/seat"],"weight":0.2399799999999968,"degrees":[65,12935,3314,1314]},"num_concepts_raised":114908},{"base_id":219,"kind":"bot_words","i1":1,"i2":8,"sol":{"path":["/c/en/helen","/c/en/person","/c/en/creature","/c/en/darkling"],"weight":0.2080999999999998,"degrees":[65,12935,707,25]},"num_concepts_raised":18906},{"base_id":219,"kind":"bot_words","i1":1,"i2":9,"sol":{"path":["/c/en/helen","/c/en/greek_mythology","/c/en/cornucopia","/c/en/abundance","/c/en/luxuriance"],"weight":0.20823999999999976,"degrees":[65,1305,83,452,31]},"num_concepts_raised":15126},{"base_id":219,"kind":"bot_words","i1":2,"i2":3,"sol":{"path":["/c/en/sensory","/c/en/eye","/c/en/box","/c/en/casket"],"weight":0.2082799999999993,"degrees":[184,2698,2026,188]},"num_concepts_raised":42023},{"base_id":219,"kind":"bot_words","i1":2,"i2":4,"sol":{"path":["/c/en/sensory","/c/en/sensual","/c/en/pleasurable","/c/en/heavenly","/c/en/providential"],"weight":0.2070599999999997,"degrees":[184,146,135,229,40]},"num_concepts_raised":23037},{"base_id":219,"kind":"bot_words","i1":2,"i2":5,"sol":{"path":["/c/en/sensory","/c/en/biology","/c/en/perfect"],"weight":0.20400000000000001,"degrees":[184,6216,750]},"num_concepts_raised":743},{"base_id":219,"kind":"bot_words","i1":2,"i2":6,"sol":{"path":["/c/en/sensory","/c/en/smell","/c/en/person","/c/en/salome"],"weight":0.21477999999999964,"degrees":[184,1332,12935,113]},"num_concepts_raised":35800},{"base_id":219,"kind":"bot_words","i1":2,"i2":7,"sol":{"path":["/c/en/sensory","/c/la/sensorium","/c/fr/siège","/c/en/seat"],"weight":0.2335599999999967,"degrees":[184,7,547,1314]},"num_concepts_raised":121408},{"base_id":219,"kind":"bot_words","i1":2,"i2":8,"sol":{"path":["/c/en/sensory","/c/en/sensation","/c/en/color","/c/en/dark","/c/en/darkling"],"weight":0.20812999999999965,"degrees":[184,474,1870,1488,25]},"num_concepts_raised":25881},{"base_id":219,"kind":"bot_words","i1":2,"i2":9,"sol":{"path":["/c/en/sensory","/c/en/sensual","/c/en/voluptuousness","/c/en/luxuriance"],"weight":0.2057799999999996,"degrees":[184,146,33,31]},"num_concepts_raised":22098},{"base_id":219,"kind":"bot_words","i1":3,"i2":4,"sol":{"path":["/c/en/casket","/c/en/body","/c/en/heavenly","/c/en/providential"],"weight":0.20600999999999964,"degrees":[188,3170,229,40]},"num_concepts_raised":22970},{"base_id":219,"kind":"bot_words","i1":3,"i2":5,"sol":{"path":["/c/en/casket","/c/en/people","/c/en/flawed","/c/en/perfect"],"weight":0.22304999999999844,"degrees":[188,4475,60,750]},"num_concepts_raised":115623},{"base_id":219,"kind":"bot_words","i1":3,"i2":6,"sol":{"path":["/c/en/casket","/c/en/coffin","/c/en/person","/c/en/salome"],"weight":0.21767999999999954,"degrees":[188,570,12935,113]},"num_concepts_raised":35240},{"base_id":219,"kind":"bot_words","i1":3,"i2":7,"sol":{"path":["/c/en/casket","/c/en/box","/c/en/seat"],"weight":0.20800000000000002,"degrees":[188,2026,1314]},"num_concepts_raised":1227},{"base_id":219,"kind":"bot_words","i1":3,"i2":8,"sol":{"path":["/c/en/casket","/c/en/grave","/c/en/dark","/c/en/darkling"],"weight":0.20692999999999956,"degrees":[188,1050,1488,25]},"num_concepts_raised":25762},{"base_id":219,"kind":"bot_words","i1":3,"i2":9,"sol":{"path":["/c/en/casket","/c/en/grave","/c/en/situation","/c/en/abundance","/c/en/luxuriance"],"weight":0.2048299999999995,"degrees":[188,1050,1146,452,31]},"num_concepts_raised":22038},{"base_id":219,"kind":"bot_words","i1":4,"i2":5,"sol":{"path":["/c/en/providential","/c/fr/divin","/c/fr/parfait","/c/en/perfect"],"weight":0.2240699999999988,"degrees":[40,252,331,750]},"num_concepts_raised":98279},{"base_id":219,"kind":"bot_words","i1":4,"i2":6,"sol":{"path":["/c/en/providential","/c/en/divine","/c/en/person","/c/en/salome"],"weight":0.21302999999999994,"degrees":[40,718,12935,113]},"num_concepts_raised":16292},{"base_id":219,"kind":"bot_words","i1":4,"i2":7,"sol":{"path":["/c/en/providential","/c/en/providence","/c/en/capital","/c/en/seat"],"weight":0.22853999999999702,"degrees":[40,209,1518,1314]},"num_concepts_raised":103364},{"base_id":219,"kind":"bot_words","i1":4,"i2":8,"sol":{"path":["/c/en/providential","/c/en/heavenly","/c/en/sky","/c/en/dark","/c/en/darkling"],"weight":0.20611999999999997,"degrees":[40,229,1493,1488,25]},"num_concepts_raised":6225},{"base_id":219,"kind":"bot_words","i1":4,"i2":9,"sol":{"path":["/c/en/providential","/c/fr/providentiel","/c/fr/rapport","/c/fr/richesse","/c/fr/luxuriance","/c/en/luxuriance"],"weight":0.2115582999999999,"degrees":[40,17,1356,297,16,31]},"num_concepts_raised":226092},{"base_id":219,"kind":"bot_words","i1":5,"i2":6,"sol":{"path":["/c/en/perfect","/c/en/person","/c/en/salome"],"weight":0.20800000000000002,"degrees":[750,12935,113]},"num_concepts_raised":660},{"base_id":219,"kind":"bot_words","i1":5,"i2":7,"sol":{"path":["/c/en/perfect","/c/en/top","/c/en/seat"],"weight":0.20800000000000002,"degrees":[750,1498,1314]},"num_concepts_raised":1656},{"base_id":219,"kind":"bot_words","i1":5,"i2":8,"sol":{"path":["/c/en/perfect","/c/en/clear","/c/en/dark","/c/en/darkling"],"weight":0.22103999999999877,"degrees":[750,2044,1488,25]},"num_concepts_raised":100878},{"base_id":219,"kind":"bot_words","i1":5,"i2":9,"sol":{"path":["/c/en/perfect","/c/en/flower","/c/it/rigoglio","/c/en/luxuriance"],"weight":0.21781999999999874,"degrees":[750,2500,7,31]},"num_concepts_raised":97448},{"base_id":219,"kind":"bot_words","i1":6,"i2":7,"sol":{"path":["/c/en/salome","/c/en/person","/c/en/place","/c/en/seat"],"weight":0.2444799999999969,"degrees":[113,12935,3314,1314]},"num_concepts_raised":115127},{"base_id":219,"kind":"bot_words","i1":6,"i2":8,"sol":{"path":["/c/en/salome","/c/en/person","/c/en/creature","/c/en/darkling"],"weight":0.21259999999999987,"degrees":[113,12935,707,25]},"num_concepts_raised":19166},{"base_id":219,"kind":"bot_words","i1":6,"i2":9,"sol":{"path":["/c/en/salome","/c/en/person","/c/en/affluence","/c/en/abundance","/c/en/luxuriance"],"weight":0.21268999999999982,"degrees":[113,12935,137,452,31]},"num_concepts_raised":15369},{"base_id":219,"kind":"bot_words","i1":7,"i2":8,"sol":{"path":["/c/en/seat","/c/en/place","/c/en/dark","/c/en/darkling"],"weight":0.2362599999999969,"degrees":[1314,3314,1488,25]},"num_concepts_raised":105965},{"base_id":219,"kind":"bot_words","i1":7,"i2":9,"sol":{"path":["/c/en/seat","/c/en/chair","/c/en/chemistry","/c/en/abundance","/c/en/luxuriance"],"weight":0.23729999999999685,"degrees":[1314,1138,11754,452,31]},"num_concepts_raised":102474},{"base_id":219,"kind":"bot_words","i1":8,"i2":9,"sol":{"path":["/c/en/darkling","/c/en/dark","/c/ru/густой","/c/en/luxuriant","/c/en/luxuriance"],"weight":0.20477999999999985,"degrees":[25,1488,36,156,31]},"num_concepts_raised":5276}],[{"base_id":219,"kind":"top_words","i1":0,"i2":1,"sol":{"path":["/c/en/guitar","/c/en/lute","/c/en/mandolin"],"weight":0.20900000000000002,"degrees":[572,387,228]},"num_concepts_raised":503},{"base_id":219,"kind":"top_words","i1":0,"i2":2,"sol":{"path":["/c/en/guitar","/c/en/sound","/c/en/clank"],"weight":0.20500000000000002,"degrees":[572,3218,78]},"num_concepts_raised":431},{"base_id":219,"kind":"top_words","i1":0,"i2":3,"sol":{"path":["/c/en/guitar","/c/en/violin","/c/en/stradivarius"],"weight":0.20400000000000001,"degrees":[572,532,37]},"num_concepts_raised":404},{"base_id":219,"kind":"top_words","i1":0,"i2":4,"sol":{"path":["/c/en/guitar","/c/en/plectrum","/c/en/zoology","/c/en/embryology"],"weight":0.22564999999999957,"degrees":[572,169,8127,255]},"num_concepts_raised":59380},{"base_id":219,"kind":"top_words","i1":0,"i2":5,"sol":{"path":["/c/en/guitar","/c/en/music","/c/fi/räikkä","/c/en/ratchet"],"weight":0.2239,"degrees":[572,8822,19,105]},"num_concepts_raised":68148},{"base_id":219,"kind":"top_words","i1":0,"i2":6,"sol":{"path":["/c/en/guitar","/c/en/sitar"],"weight":0.20600000000000002,"degrees":[572,109]},"num_concepts_raised":438},{"base_id":219,"kind":"top_words","i1":0,"i2":7,"sol":{"path":["/c/en/guitar","/c/en/rickenbacker"],"weight":0.20600000000000002,"degrees":[572,32]},"num_concepts_raised":395},{"base_id":219,"kind":"top_words","i1":0,"i2":8,"sol":{"path":["/c/en/guitar","/c/en/musical_instrument","/c/en/contrabass"],"weight":0.20400000000000001,"degrees":[572,1217,37]},"num_concepts_raised":395},{"base_id":219,"kind":"top_words","i1":0,"i2":9,"sol":{"path":["/c/en/guitar","/c/en/metal","/c/en/smelting"],"weight":0.20500000000000002,"degrees":[572,2107,74]},"num_concepts_raised":433},{"base_id":219,"kind":"top_words","i1":1,"i2":2,"sol":{"path":["/c/en/mandolin","/c/en/music","/c/en/sound","/c/en/clank"],"weight":0.21516999999999992,"degrees":[228,8822,3218,78]},"num_concepts_raised":28143},{"base_id":219,"kind":"top_words","i1":1,"i2":3,"sol":{"path":["/c/en/mandolin","/c/en/violin","/c/en/stradivarius"],"weight":0.20400000000000001,"degrees":[228,532,37]},"num_concepts_raised":187},{"base_id":219,"kind":"top_words","i1":1,"i2":4,"sol":{"path":["/c/en/mandolin","/c/en/plectrum","/c/en/zoology","/c/en/embryology"],"weight":0.21866999999999953,"degrees":[228,169,8127,255]},"num_concepts_raised":41137},{"base_id":219,"kind":"top_words","i1":1,"i2":5,"sol":{"path":["/c/en/mandolin","/c/en/music","/c/fi/räikkä","/c/en/ratchet"],"weight":0.21626999999999993,"degrees":[228,8822,19,105]},"num_concepts_raised":50089},{"base_id":219,"kind":"top_words","i1":1,"i2":6,"sol":{"path":["/c/en/mandolin","/c/en/stringed_instrument","/c/en/sitar"],"weight":0.20600000000000002,"degrees":[228,243,109]},"num_concepts_raised":224},{"base_id":219,"kind":"top_words","i1":1,"i2":7,"sol":{"path":["/c/en/mandolin","/c/en/music","/c/en/guitar","/c/en/rickenbacker"],"weight":0.21868999999999988,"degrees":[228,8822,572,32]},"num_concepts_raised":25626},{"base_id":219,"kind":"top_words","i1":1,"i2":8,"sol":{"path":["/c/en/mandolin","/c/en/musical_instrument","/c/en/contrabass"],"weight":0.20400000000000001,"degrees":[228,1217,37]},"num_concepts_raised":179},{"base_id":219,"kind":"top_words","i1":1,"i2":9,"sol":{"path":["/c/en/mandolin","/c/en/music","/c/en/metal","/c/en/smelting"],"weight":0.21505999999999986,"degrees":[228,8822,2107,74]},"num_concepts_raised":29710},{"base_id":219,"kind":"top_words","i1":2,"i2":3,"sol":{"path":["/c/en/clank","/c/en/sound","/c/en/music","/c/en/violin","/c/en/stradivarius"],"weight":0.20464999999999978,"degrees":[78,3218,8822,532,37]},"num_concepts_raised":6767},{"base_id":219,"kind":"top_words","i1":2,"i2":4,"sol":{"path":["/c/en/clank","/c/en/sound","/c/sa/पिण्ड","/c/en/embryo","/c/en/embryology"],"weight":0.21654999999999935,"degrees":[78,3218,38,553,255]},"num_concepts_raised":23319},{"base_id":219,"kind":"top_words","i1":2,"i2":5,"sol":{"path":["/c/en/clank","/c/en/sound","/c/en/click","/c/en/ratchet"],"weight":0.20648999999999978,"degrees":[78,3218,403,105]},"num_concepts_raised":33307},{"base_id":219,"kind":"top_words","i1":2,"i2":6,"sol":{"path":["/c/en/clank","/c/en/sound","/c/en/guitar","/c/en/sitar"],"weight":0.2108199999999999,"degrees":[78,3218,572,109]},"num_concepts_raised":7743},{"base_id":219,"kind":"top_words","i1":2,"i2":7,"sol":{"path":["/c/en/clank","/c/en/sound","/c/en/guitar","/c/en/rickenbacker"],"weight":0.20951999999999976,"degrees":[78,3218,572,32]},"num_concepts_raised":7970},{"base_id":219,"kind":"top_words","i1":2,"i2":8,"sol":{"path":["/c/en/clank","/c/en/sound","/c/en/bass","/c/en/contrabass"],"weight":0.20477999999999985,"degrees":[78,3218,524,37]},"num_concepts_raised":7224},{"base_id":219,"kind":"top_words","i1":2,"i2":9,"sol":{"path":["/c/en/clank","/c/en/metal","/c/en/smelting"],"weight":0.203,"degrees":[78,2107,74]},"num_concepts_raised":130},{"base_id":219,"kind":"top_words","i1":3,"i2":4,"sol":{"path":["/c/en/stradivarius","/c/en/musical_instruments","/c/en/organ","/c/en/mesoderm","/c/en/embryology"],"weight":0.21274999999999936,"degrees":[37,1065,1225,123,255]},"num_concepts_raised":19526},{"base_id":219,"kind":"top_words","i1":3,"i2":5,"sol":{"path":["/c/en/stradivarius","/c/en/musical_instruments","/c/es/matraca","/c/en/ratchet"],"weight":0.2047799999999998,"degrees":[37,1065,20,105]},"num_concepts_raised":29785},{"base_id":219,"kind":"top_words","i1":3,"i2":6,"sol":{"path":["/c/en/stradivarius","/c/en/musical_instruments","/c/en/sitar"],"weight":0.20400000000000001,"degrees":[37,1065,109]},"num_concepts_raised":110},{"base_id":219,"kind":"top_words","i1":3,"i2":7,"sol":{"path":["/c/en/stradivarius","/c/en/violin","/c/en/guitar","/c/en/rickenbacker"],"weight":0.20785999999999977,"degrees":[37,532,572,32]},"num_concepts_raised":4122},{"base_id":219,"kind":"top_words","i1":3,"i2":8,"sol":{"path":["/c/en/stradivarius","/c/en/violin","/c/en/double_bass","/c/en/contrabass"],"weight":0.20545999999999986,"degrees":[37,532,196,37]},"num_concepts_raised":3338},{"base_id":219,"kind":"top_words","i1":3,"i2":9,"sol":{"path":["/c/en/stradivarius","/c/en/violin","/c/en/music","/c/en/metal","/c/en/smelting"],"weight":0.20456999999999972,"degrees":[37,532,8822,2107,74]},"num_concepts_raised":8208},{"base_id":219,"kind":"top_words","i1":4,"i2":5,"sol":{"path":["/c/en/embryology","/c/en/regulation","/c/en/ratchet"],"weight":0.20400000000000001,"degrees":[255,558,105]},"num_concepts_raised":293},{"base_id":219,"kind":"top_words","i1":4,"i2":6,"sol":{"path":["/c/en/embryology","/c/en/mesoderm","/c/en/organ","/c/en/musical_instruments","/c/en/sitar"],"weight":0.21904999999999947,"degrees":[255,123,1225,1065,109]},"num_concepts_raised":20524},{"base_id":219,"kind":"top_words","i1":4,"i2":7,"sol":{"path":["/c/en/embryology","/c/en/implantation","/c/en/ion","/c/en/company","/c/en/rickenbacker"],"weight":0.21753999999999937,"degrees":[255,78,512,2258,32]},"num_concepts_raised":20764},{"base_id":219,"kind":"top_words","i1":4,"i2":8,"sol":{"path":["/c/en/embryology","/c/en/embryo","/c/en/plant","/c/en/bass","/c/en/contrabass"],"weight":0.21513999999999944,"degrees":[255,553,7959,524,37]},"num_concepts_raised":20029},{"base_id":219,"kind":"top_words","i1":4,"i2":9,"sol":{"path":["/c/en/embryology","/c/en/biology","/c/en/process","/c/en/smelting"],"weight":0.21107999999999932,"degrees":[255,6216,1571,74]},"num_concepts_raised":24638},{"base_id":219,"kind":"top_words","i1":5,"i2":6,"sol":{"path":["/c/en/ratchet","/c/es/matraca","/c/en/musical_instruments","/c/en/sitar"],"weight":0.2110799999999999,"degrees":[105,20,1065,109]},"num_concepts_raised":30723},{"base_id":219,"kind":"top_words","i1":5,"i2":7,"sol":{"path":["/c/en/ratchet","/c/en/dog","/c/en/company","/c/en/rickenbacker"],"weight":0.2087899999999998,"degrees":[105,2320,2258,32]},"num_concepts_raised":30867},{"base_id":219,"kind":"top_words","i1":5,"i2":8,"sol":{"path":["/c/en/ratchet","/c/en/us","/c/en/contra","/c/en/contrabass"],"weight":0.2049299999999999,"degrees":[105,8154,112,37]},"num_concepts_raised":30228},{"base_id":219,"kind":"top_words","i1":5,"i2":9,"sol":{"path":["/c/en/ratchet","/c/en/ratcheting","/c/en/metal","/c/en/smelting"],"weight":0.20533999999999977,"degrees":[105,8,2107,74]},"num_concepts_raised":34666},{"base_id":219,"kind":"top_words","i1":6,"i2":7,"sol":{"path":["/c/en/sitar","/c/en/guitar","/c/en/rickenbacker"],"weight":0.20600000000000002,"degrees":[109,572,32]},"num_concepts_raised":104},{"base_id":219,"kind":"top_words","i1":6,"i2":8,"sol":{"path":["/c/en/sitar","/c/pt/sitar","/c/en/musical_instrument","/c/en/contrabass"],"weight":0.21342999999999995,"degrees":[109,9,1217,37]},"num_concepts_raised":4250},{"base_id":219,"kind":"top_words","i1":6,"i2":9,"sol":{"path":["/c/en/sitar","/c/en/guitar","/c/en/metal","/c/en/smelting"],"weight":0.21074999999999985,"degrees":[109,572,2107,74]},"num_concepts_raised":9198},{"base_id":219,"kind":"top_words","i1":7,"i2":8,"sol":{"path":["/c/en/rickenbacker","/c/en/bass_guitar","/c/en/bass","/c/en/contrabass"],"weight":0.20814999999999984,"degrees":[32,179,524,37]},"num_concepts_raised":4585},{"base_id":219,"kind":"top_words","i1":7,"i2":9,"sol":{"path":["/c/en/rickenbacker","/c/en/guitar","/c/en/metal","/c/en/smelting"],"weight":0.2094699999999997,"degrees":[32,572,2107,74]},"num_concepts_raised":9415},{"base_id":219,"kind":"top_words","i1":8,"i2":9,"sol":{"path":["/c/en/contrabass","/c/en/double_bass","/c/en/music","/c/en/metal","/c/en/smelting"],"weight":0.2071799999999998,"degrees":[37,196,8822,2107,74]},"num_concepts_raised":8703}]]