[[{"base_id":192,"kind":"bot_words","i1":0,"i2":1,"sol":{"path":["/c/en/groundless","/c/en/ground","/c/en/hard","/c/en/plosive"],"weight":0.20475999999999978,"degrees":[94,1836,1500,123]},"num_concepts_raised":11688},{"base_id":192,"kind":"bot_words","i1":0,"i2":2,"sol":{"path":["/c/en/groundless","/c/en/ground","/c/en/field","/c/en/language","/c/en/yeniseian"],"weight":0.2036199999999998,"degrees":[94,1836,2150,4160,27]},"num_concepts_raised":10754},{"base_id":192,"kind":"bot_words","i1":0,"i2":3,"sol":{"path":["/c/en/groundless","/c/en/ground","/c/en/rock","/c/en/tuff"],"weight":0.2100199999999998,"degrees":[94,1836,2349,115]},"num_concepts_raised":5386},{"base_id":192,"kind":"bot_words","i1":0,"i2":4,"sol":{"path":["/c/en/groundless","/c/en/barratry","/c/en/legal","/c/en/eth"],"weight":0.20420999999999973,"degrees":[94,46,6627,81]},"num_concepts_raised":32356},{"base_id":192,"kind":"bot_words","i1":0,"i2":5,"sol":{"path":["/c/en/groundless","/c/en/less","/c/en/value","/c/en/valour"],"weight":0.2052299999999996,"degrees":[94,705,1699,81]},"num_concepts_raised":7549},{"base_id":192,"kind":"bot_words","i1":0,"i2":6,"sol":{"path":["/c/en/groundless","/c/de/grundlos","/c/en/floor","/c/fr/mettre","/c/en/update"],"weight":0.20886999999999972,"degrees":[94,29,1308,2152,296]},"num_concepts_raised":12657},{"base_id":192,"kind":"bot_words","i1":0,"i2":7,"sol":{"path":["/c/en/groundless","/c/en/ground","/c/en/leaves","/c/en/serrate"],"weight":0.2037199999999998,"degrees":[94,1836,258,45]},"num_concepts_raised":12021},{"base_id":192,"kind":"bot_words","i1":0,"i2":8,"sol":{"path":["/c/en/groundless","/c/en/less","/c/en/person","/c/en/poet"],"weight":0.2193699999999991,"degrees":[94,705,12935,812]},"num_concepts_raised":60977},{"base_id":192,"kind":"bot_words","i1":0,"i2":9,"sol":{"path":["/c/en/groundless","/c/fr/infondé","/c/fr/faux","/c/fr/localités","/c/en/trent"],"weight":0.20482999999999973,"degrees":[94,22,556,110113,45]},"num_concepts_raised":119824},{"base_id":192,"kind":"bot_words","i1":1,"i2":2,"sol":{"path":["/c/en/plosive","/c/en/tongue","/c/en/language","/c/en/yeniseian"],"weight":0.20400999999999986,"degrees":[123,1213,4160,27]},"num_concepts_raised":16625},{"base_id":192,"kind":"bot_words","i1":1,"i2":3,"sol":{"path":["/c/en/plosive","/c/en/hard","/c/en/rock","/c/en/tuff"],"weight":0.21038999999999985,"degrees":[123,1500,2349,115]},"num_concepts_raised":11498},{"base_id":192,"kind":"bot_words","i1":1,"i2":4,"sol":{"path":["/c/en/plosive","/c/en/fricative","/c/en/eth"],"weight":0.202,"degrees":[123,182,81]},"num_concepts_raised":167},{"base_id":192,"kind":"bot_words","i1":1,"i2":5,"sol":{"path":["/c/en/plosive","/c/mul/b","/c/fr/valeur","/c/en/valour"],"weight":0.20457999999999965,"degrees":[123,86,879,81]},"num_concepts_raised":13662},{"base_id":192,"kind":"bot_words","i1":1,"i2":6,"sol":{"path":["/c/en/plosive","/c/en/sound","/c/en/activity","/c/en/update"],"weight":0.20727999999999974,"degrees":[123,3218,1154,296]},"num_concepts_raised":18678},{"base_id":192,"kind":"bot_words","i1":1,"i2":7,"sol":{"path":["/c/en/plosive","/c/en/sound","/c/en/projection","/c/en/serrate"],"weight":0.20428999999999986,"degrees":[123,3218,494,45]},"num_concepts_raised":18079},{"base_id":192,"kind":"bot_words","i1":1,"i2":8,"sol":{"path":["/c/en/plosive","/c/en/stop","/c/en/song","/c/en/poet"],"weight":0.22077999999999914,"degrees":[123,2126,1644,812]},"num_concepts_raised":66756},{"base_id":192,"kind":"bot_words","i1":1,"i2":9,"sol":{"path":["/c/en/plosive","/c/en/sound","/c/fr/localités","/c/en/trent"],"weight":0.20431999999999978,"degrees":[123,3218,110113,45]},"num_concepts_raised":125891},{"base_id":192,"kind":"bot_words","i1":2,"i2":3,"sol":{"path":["/c/en/yeniseian","/c/en/language","/c/en/slang","/c/en/rock","/c/en/tuff"],"weight":0.20922999999999986,"degrees":[27,4160,16318,2349,115]},"num_concepts_raised":10541},{"base_id":192,"kind":"bot_words","i1":2,"i2":4,"sol":{"path":["/c/en/yeniseian","/c/en/member","/c/en/atom","/c/en/eth"],"weight":0.20337999999999984,"degrees":[27,1164,1498,81]},"num_concepts_raised":37439},{"base_id":192,"kind":"bot_words","i1":2,"i2":5,"sol":{"path":["/c/en/yeniseian","/c/en/language","/c/en/have","/c/en/valor","/c/en/valour"],"weight":0.2045899999999997,"degrees":[27,4160,1801,105,81]},"num_concepts_raised":12715},{"base_id":192,"kind":"bot_words","i1":2,"i2":6,"sol":{"path":["/c/en/yeniseian","/c/en/language","/c/en/computing","/c/ru/апдейт","/c/en/update"],"weight":0.20723999999999979,"degrees":[27,4160,9084,17,296]},"num_concepts_raised":17777},{"base_id":192,"kind":"bot_words","i1":2,"i2":7,"sol":{"path":["/c/en/yeniseian","/c/en/russian","/c/en/dandelion","/c/en/runcinate","/c/en/serrate"],"weight":0.2039499999999999,"degrees":[27,489,266,17,45]},"num_concepts_raised":17022},{"base_id":192,"kind":"bot_words","i1":2,"i2":8,"sol":{"path":["/c/en/yeniseian","/c/en/language","/c/en/shakespeare","/c/en/poet"],"weight":0.2202999999999992,"degrees":[27,4160,84,812]},"num_concepts_raised":65523},{"base_id":192,"kind":"bot_words","i1":2,"i2":9,"sol":{"path":["/c/en/yeniseian","/c/en/language","/c/en/english","/c/en/trent"],"weight":0.20294999999999982,"degrees":[27,4160,954,45]},"num_concepts_raised":124837},{"base_id":192,"kind":"bot_words","i1":3,"i2":4,"sol":{"path":["/c/en/tuff","/c/en/tufa","/c/en/lime","/c/en/but","/c/en/eth"],"weight":0.21201999999999982,"degrees":[115,74,769,837,81]},"num_concepts_raised":32201},{"base_id":192,"kind":"bot_words","i1":3,"i2":5,"sol":{"path":["/c/en/tuff","/c/en/rock","/c/en/music","/c/en/value","/c/en/valour"],"weight":0.21085999999999966,"degrees":[115,2349,8822,1699,81]},"num_concepts_raised":7375},{"base_id":192,"kind":"bot_words","i1":3,"i2":6,"sol":{"path":["/c/en/tuff","/c/en/tufa","/c/en/lime","/c/en/activity","/c/en/update"],"weight":0.21450999999999976,"degrees":[115,74,769,1154,296]},"num_concepts_raised":12496},{"base_id":192,"kind":"bot_words","i1":3,"i2":7,"sol":{"path":["/c/en/tuff","/c/en/tufa","/c/en/calcareous","/c/en/tooth","/c/en/serrate"],"weight":0.21156999999999987,"degrees":[115,74,107,1284,45]},"num_concepts_raised":11794},{"base_id":192,"kind":"bot_words","i1":3,"i2":8,"sol":{"path":["/c/en/tuff","/c/en/rock","/c/en/person","/c/en/poet"],"weight":0.22499999999999917,"degrees":[115,2349,12935,812]},"num_concepts_raised":60862},{"base_id":192,"kind":"bot_words","i1":3,"i2":9,"sol":{"path":["/c/en/tuff","/c/fr/tuf","/c/fr/roche","/c/fr/localités","/c/en/trent"],"weight":0.21146999999999982,"degrees":[115,48,374,110113,45]},"num_concepts_raised":119607},{"base_id":192,"kind":"bot_words","i1":4,"i2":5,"sol":{"path":["/c/en/eth","/c/en/thorn","/c/en/spine","/c/en/courage","/c/en/valour"],"weight":0.20654999999999962,"degrees":[81,513,557,825,81]},"num_concepts_raised":34329},{"base_id":192,"kind":"bot_words","i1":4,"i2":6,"sol":{"path":["/c/en/eth","/c/en/legal","/c/en/information","/c/en/update"],"weight":0.2067399999999997,"degrees":[81,6627,1544,296]},"num_concepts_raised":39298},{"base_id":192,"kind":"bot_words","i1":4,"i2":7,"sol":{"path":["/c/en/eth","/c/en/dental","/c/en/tooth","/c/en/serrate"],"weight":0.20368999999999982,"degrees":[81,222,1284,45]},"num_concepts_raised":38744},{"base_id":192,"kind":"bot_words","i1":4,"i2":8,"sol":{"path":["/c/en/eth","/c/en/humorous","/c/de/poet","/c/en/poet"],"weight":0.22100999999999912,"degrees":[81,2269,38,812]},"num_concepts_raised":87091},{"base_id":192,"kind":"bot_words","i1":4,"i2":9,"sol":{"path":["/c/en/eth","/c/fr/y","/c/fr/localités","/c/en/trent"],"weight":0.20364999999999975,"degrees":[81,173,110113,45]},"num_concepts_raised":146423},{"base_id":192,"kind":"bot_words","i1":5,"i2":6,"sol":{"path":["/c/en/valour","/c/fr/valeur","/c/fr/actualisation","/c/en/update"],"weight":0.20800999999999958,"degrees":[81,879,51,296]},"num_concepts_raised":14608},{"base_id":192,"kind":"bot_words","i1":5,"i2":7,"sol":{"path":["/c/en/valour","/c/en/valor","/c/nl/sage","/c/en/saw","/c/en/serrate"],"weight":0.2047899999999997,"degrees":[81,105,11,759,45]},"num_concepts_raised":14014},{"base_id":192,"kind":"bot_words","i1":5,"i2":8,"sol":{"path":["/c/en/valour","/c/en/value","/c/en/person","/c/en/poet"],"weight":0.22021999999999897,"degrees":[81,1699,12935,812]},"num_concepts_raised":62877},{"base_id":192,"kind":"bot_words","i1":5,"i2":9,"sol":{"path":["/c/en/valour","/c/en/worth","/c/fr/localités","/c/en/trent"],"weight":0.20356999999999958,"degrees":[81,559,110113,45]},"num_concepts_raised":121800},{"base_id":192,"kind":"bot_words","i1":6,"i2":7,"sol":{"path":["/c/en/update","/c/it/aggiornamento","/c/en/recess","/c/en/botany","/c/en/serrate"],"weight":0.2073899999999998,"degrees":[296,19,309,6881,45]},"num_concepts_raised":19105},{"base_id":192,"kind":"bot_words","i1":6,"i2":8,"sol":{"path":["/c/en/update","/c/en/report","/c/en/write","/c/en/poet"],"weight":0.22373999999999905,"degrees":[296,1263,1447,812]},"num_concepts_raised":67510},{"base_id":192,"kind":"bot_words","i1":6,"i2":9,"sol":{"path":["/c/en/update","/c/en/up_to_date","/c/en/channel","/c/en/england","/c/en/trent"],"weight":0.2073999999999997,"degrees":[296,153,932,2303,45]},"num_concepts_raised":126873},{"base_id":192,"kind":"bot_words","i1":7,"i2":8,"sol":{"path":["/c/en/serrate","/c/en/botany","/c/en/study","/c/en/poet"],"weight":0.21841999999999917,"degrees":[45,6881,1753,812]},"num_concepts_raised":67407},{"base_id":192,"kind":"bot_words","i1":7,"i2":9,"sol":{"path":["/c/en/serrate","/c/en/botany","/c/en/stone","/c/en/england","/c/en/trent"],"weight":0.20332999999999982,"degrees":[45,6881,1934,2303,45]},"num_concepts_raised":126245},{"base_id":192,"kind":"bot_words","i1":8,"i2":9,"sol":{"path":["/c/en/poet","/c/en/shakespeare","/c/en/english","/c/en/trent"],"weight":0.2204499999999991,"degrees":[812,84,954,45]},"num_concepts_raised":174922}],[{"base_id":192,"kind":"top_words","i1":0,"i2":1,"sol":{"path":["/c/en/paleoecology","/c/en/ecology","/c/en/organism","/c/en/die","/c/en/d6"],"weight":0.20423,"degrees":[33,879,1338,2528,36]},"num_concepts_raised":4143},{"base_id":192,"kind":"top_words","i1":0,"i2":2,"sol":{"path":["/c/en/paleoecology","/c/en/paleoecological","/c/en/past","/c/en/before","/c/en/erst"],"weight":0.20497999999999997,"degrees":[33,15,945,973,24]},"num_concepts_raised":4062},{"base_id":192,"kind":"top_words","i1":0,"i2":3,"sol":{"path":["/c/en/paleoecology","/c/en/ecology","/c/en/animal","/c/en/bird","/c/en/caprimulgiformes"],"weight":0.2094699999999999,"degrees":[33,879,3735,4970,63]},"num_concepts_raised":5660},{"base_id":192,"kind":"top_words","i1":0,"i2":4,"sol":{"path":["/c/en/paleoecology","/c/en/ecology","/c/en/organism","/c/en/die","/c/en/d4"],"weight":0.20421000000000003,"degrees":[33,879,1338,2528,37]},"num_concepts_raised":3936},{"base_id":192,"kind":"top_words","i1":0,"i2":5,"sol":{"path":["/c/en/paleoecology","/c/fr/paléoécologie","/c/fr/milieu","/c/en/gang","/c/en/dialectal","/c/en/argh"],"weight":0.21015509999999943,"degrees":[33,24,637,680,4127,40]},"num_concepts_raised":360302},{"base_id":192,"kind":"top_words","i1":0,"i2":6,"sol":{"path":["/c/en/paleoecology","/c/en/ecology","/c/en/organism","/c/en/fungus","/c/en/sordariomycetes"],"weight":0.20901999999999993,"degrees":[33,879,1338,1236,27]},"num_concepts_raised":2327},{"base_id":192,"kind":"top_words","i1":0,"i2":7,"sol":{"path":["/c/en/paleoecology","/c/en/ecology","/c/en/animal","/c/en/bird","/c/en/wallcreeper"],"weight":0.2094499999999999,"degrees":[33,879,3735,4970,61]},"num_concepts_raised":5691},{"base_id":192,"kind":"top_words","i1":0,"i2":8,"sol":{"path":["/c/en/paleoecology","/c/en/ecology","/c/en/animal","/c/en/bullfighting","/c/en/picador"],"weight":0.20419,"degrees":[33,879,3735,375,28]},"num_concepts_raised":1882},{"base_id":192,"kind":"top_words","i1":0,"i2":9,"sol":{"path":["/c/en/paleoecology","/c/en/ecology","/c/en/animal","/c/en/bird","/c/en/apodiformes"],"weight":0.20948999999999987,"degrees":[33,879,3735,4970,67]},"num_concepts_raised":5682},{"base_id":192,"kind":"top_words","i1":1,"i2":2,"sol":{"path":["/c/en/d6","/c/en/die","/c/en/former","/c/en/erst"],"weight":0.20295999999999992,"degrees":[36,2528,830,24]},"num_concepts_raised":5761},{"base_id":192,"kind":"top_words","i1":1,"i2":3,"sol":{"path":["/c/en/d6","/c/en/die","/c/en/animal","/c/en/bird","/c/en/caprimulgiformes"],"weight":0.20847999999999983,"degrees":[36,2528,3735,4970,63]},"num_concepts_raised":7375},{"base_id":192,"kind":"top_words","i1":1,"i2":4,"sol":{"path":["/c/en/d6","/c/en/d4"],"weight":0.20400000000000001,"degrees":[36,37]},"num_concepts_raised":53},{"base_id":192,"kind":"top_words","i1":1,"i2":5,"sol":{"path":["/c/en/d6","/c/en/die","/c/en/bad","/c/ang/earg","/c/en/argh"],"weight":0.20319999999999994,"degrees":[36,2528,1728,22,40]},"num_concepts_raised":9489},{"base_id":192,"kind":"top_words","i1":1,"i2":6,"sol":{"path":["/c/en/d6","/c/en/die","/c/en/organism","/c/en/fungus","/c/en/sordariomycetes"],"weight":0.20802999999999988,"degrees":[36,2528,1338,1236,27]},"num_concepts_raised":4050},{"base_id":192,"kind":"top_words","i1":1,"i2":7,"sol":{"path":["/c/en/d6","/c/en/die","/c/en/animal","/c/en/bird","/c/en/wallcreeper"],"weight":0.2084599999999998,"degrees":[36,2528,3735,4970,61]},"num_concepts_raised":7406},{"base_id":192,"kind":"top_words","i1":1,"i2":8,"sol":{"path":["/c/en/d6","/c/fr/jeux","/c/fr/matador","/c/en/matador","/c/en/picador"],"weight":0.20410999999999996,"degrees":[36,572,43,101,28]},"num_concepts_raised":3596},{"base_id":192,"kind":"top_words","i1":1,"i2":9,"sol":{"path":["/c/en/d6","/c/en/die","/c/en/animal","/c/en/bird","/c/en/apodiformes"],"weight":0.2084999999999998,"degrees":[36,2528,3735,4970,67]},"num_concepts_raised":7398},{"base_id":192,"kind":"top_words","i1":2,"i2":3,"sol":{"path":["/c/en/erst","/c/en/before","/c/en/egg","/c/en/bird","/c/en/caprimulgiformes"],"weight":0.20921999999999982,"degrees":[24,973,1565,4970,63]},"num_concepts_raised":7280},{"base_id":192,"kind":"top_words","i1":2,"i2":4,"sol":{"path":["/c/en/erst","/c/en/former","/c/en/die","/c/en/d4"],"weight":0.20293999999999995,"degrees":[24,830,2528,37]},"num_concepts_raised":5558},{"base_id":192,"kind":"top_words","i1":2,"i2":5,"sol":{"path":["/c/en/erst","/c/en/ere","/c/en/dialectal","/c/en/argh"],"weight":0.20286999999999988,"degrees":[24,57,4127,40]},"num_concepts_raised":9393},{"base_id":192,"kind":"top_words","i1":2,"i2":6,"sol":{"path":["/c/en/erst","/c/en/before","/c/en/soup","/c/en/fungus","/c/en/sordariomycetes"],"weight":0.20874999999999985,"degrees":[24,973,1209,1236,27]},"num_concepts_raised":3965},{"base_id":192,"kind":"top_words","i1":2,"i2":7,"sol":{"path":["/c/en/erst","/c/en/before","/c/en/egg","/c/en/bird","/c/en/wallcreeper"],"weight":0.2091999999999998,"degrees":[24,973,1565,4970,61]},"num_concepts_raised":7311},{"base_id":192,"kind":"top_words","i1":2,"i2":8,"sol":{"path":["/c/en/erst","/c/en/first","/c/en/sequence","/c/en/matador","/c/en/picador"],"weight":0.2039499999999999,"degrees":[24,1502,807,101,28]},"num_concepts_raised":3516},{"base_id":192,"kind":"top_words","i1":2,"i2":9,"sol":{"path":["/c/en/erst","/c/en/before","/c/en/egg","/c/en/bird","/c/en/apodiformes"],"weight":0.2092399999999998,"degrees":[24,973,1565,4970,67]},"num_concepts_raised":7303},{"base_id":192,"kind":"top_words","i1":3,"i2":4,"sol":{"path":["/c/en/caprimulgiformes","/c/en/bird","/c/en/animal","/c/en/die","/c/en/d4"],"weight":0.20845999999999987,"degrees":[63,4970,3735,2528,37]},"num_concepts_raised":7170},{"base_id":192,"kind":"top_words","i1":3,"i2":5,"sol":{"path":["/c/en/caprimulgiformes","/c/en/bird","/c/en/slang","/c/en/blech","/c/en/argh"],"weight":0.20939999999999986,"degrees":[63,4970,16318,45,40]},"num_concepts_raised":11003},{"base_id":192,"kind":"top_words","i1":3,"i2":6,"sol":{"path":["/c/en/caprimulgiformes","/c/en/bird","/c/en/garden","/c/en/fungus","/c/en/sordariomycetes"],"weight":0.2132299999999998,"degrees":[63,4970,1231,1236,27]},"num_concepts_raised":5566},{"base_id":192,"kind":"top_words","i1":3,"i2":7,"sol":{"path":["/c/en/caprimulgiformes","/c/en/bird","/c/en/wallcreeper"],"weight":0.20600000000000002,"degrees":[63,4970,61]},"num_concepts_raised":109},{"base_id":192,"kind":"top_words","i1":3,"i2":8,"sol":{"path":["/c/en/caprimulgiformes","/c/en/bird","/c/en/animal","/c/en/bullfighting","/c/en/picador"],"weight":0.20843999999999985,"degrees":[63,4970,3735,375,28]},"num_concepts_raised":5118},{"base_id":192,"kind":"top_words","i1":3,"i2":9,"sol":{"path":["/c/en/caprimulgiformes","/c/en/bird","/c/en/apodiformes"],"weight":0.20600000000000002,"degrees":[63,4970,67]},"num_concepts_raised":115},{"base_id":192,"kind":"top_words","i1":4,"i2":5,"sol":{"path":["/c/en/d4","/c/en/die","/c/en/bad","/c/ang/earg","/c/en/argh"],"weight":0.20317999999999997,"degrees":[37,2528,1728,22,40]},"num_concepts_raised":9283},{"base_id":192,"kind":"top_words","i1":4,"i2":6,"sol":{"path":["/c/en/d4","/c/en/die","/c/en/organism","/c/en/fungus","/c/en/sordariomycetes"],"weight":0.20800999999999992,"degrees":[37,2528,1338,1236,27]},"num_concepts_raised":3843},{"base_id":192,"kind":"top_words","i1":4,"i2":7,"sol":{"path":["/c/en/d4","/c/en/die","/c/en/animal","/c/en/bird","/c/en/wallcreeper"],"weight":0.20843999999999985,"degrees":[37,2528,3735,4970,61]},"num_concepts_raised":7201},{"base_id":192,"kind":"top_words","i1":4,"i2":8,"sol":{"path":["/c/en/d4","/c/fr/jeux","/c/fr/matador","/c/en/matador","/c/en/picador"],"weight":0.20414,"degrees":[37,572,43,101,28]},"num_concepts_raised":3391},{"base_id":192,"kind":"top_words","i1":4,"i2":9,"sol":{"path":["/c/en/d4","/c/en/die","/c/en/animal","/c/en/bird","/c/en/apodiformes"],"weight":0.20847999999999983,"degrees":[37,2528,3735,4970,67]},"num_concepts_raised":7193},{"base_id":192,"kind":"top_words","i1":5,"i2":6,"sol":{"path":["/c/en/argh","/c/en/blech","/c/en/food","/c/en/fungus","/c/en/sordariomycetes"],"weight":0.2089299999999999,"degrees":[40,45,4281,1236,27]},"num_concepts_raised":7691},{"base_id":192,"kind":"top_words","i1":5,"i2":7,"sol":{"path":["/c/en/argh","/c/en/blech","/c/en/slang","/c/en/bird","/c/en/wallcreeper"],"weight":0.20937999999999984,"degrees":[40,45,16318,4970,61]},"num_concepts_raised":11034},{"base_id":192,"kind":"top_words","i1":5,"i2":8,"sol":{"path":["/c/en/argh","/c/en/dialectal","/c/cs/pikador","/c/en/picador"],"weight":0.20396999999999993,"degrees":[40,4127,8,28]},"num_concepts_raised":7237},{"base_id":192,"kind":"top_words","i1":5,"i2":9,"sol":{"path":["/c/en/argh","/c/en/blech","/c/en/slang","/c/en/bird","/c/en/apodiformes"],"weight":0.20941999999999983,"degrees":[40,45,16318,4970,67]},"num_concepts_raised":11026},{"base_id":192,"kind":"top_words","i1":6,"i2":7,"sol":{"path":["/c/en/sordariomycetes","/c/en/fungus","/c/en/garden","/c/en/bird","/c/en/wallcreeper"],"weight":0.2132099999999998,"degrees":[27,1236,1231,4970,61]},"num_concepts_raised":5597},{"base_id":192,"kind":"top_words","i1":6,"i2":8,"sol":{"path":["/c/en/sordariomycetes","/c/en/fungus","/c/en/mole","/c/fr/animal","/c/fr/picador","/c/en/picador"],"weight":0.21412779999999973,"degrees":[27,1236,1084,1631,25,28]},"num_concepts_raised":99469},{"base_id":192,"kind":"top_words","i1":6,"i2":9,"sol":{"path":["/c/en/sordariomycetes","/c/en/fungus","/c/en/garden","/c/en/bird","/c/en/apodiformes"],"weight":0.21324999999999977,"degrees":[27,1236,1231,4970,67]},"num_concepts_raised":5589},{"base_id":192,"kind":"top_words","i1":7,"i2":8,"sol":{"path":["/c/en/wallcreeper","/c/en/bird","/c/en/animal","/c/en/bullfighting","/c/en/picador"],"weight":0.20841999999999983,"degrees":[61,4970,3735,375,28]},"num_concepts_raised":5149},{"base_id":192,"kind":"top_words","i1":7,"i2":9,"sol":{"path":["/c/en/wallcreeper","/c/en/bird","/c/en/apodiformes"],"weight":0.20600000000000002,"degrees":[61,4970,67]},"num_concepts_raised":114},{"base_id":192,"kind":"top_words","i1":8,"i2":9,"sol":{"path":["/c/en/picador","/c/en/bullfighting","/c/en/animal","/c/en/bird","/c/en/apodiformes"],"weight":0.2084599999999998,"degrees":[28,375,3735,4970,67]},"num_concepts_raised":5141}]]