[[{"base_id":746,"kind":"bot_words","i1":0,"i2":1,"sol":{"path":["/c/en/shear","/c/en/sharp","/c/en/retort","/c/en/alembic"],"weight":0.20870999999999934,"degrees":[377,1275,299,77]},"num_concepts_raised":46967},{"base_id":746,"kind":"bot_words","i1":0,"i2":2,"sol":{"path":["/c/en/shear","/c/en/physics","/c/en/chemistry","/c/en/cupric"],"weight":0.20835999999999932,"degrees":[377,9094,11754,37]},"num_concepts_raised":54460},{"base_id":746,"kind":"bot_words","i1":0,"i2":3,"sol":{"path":["/c/en/shear","/c/en/wind","/c/en/insinuate","/c/en/tacitly"],"weight":0.2070299999999993,"degrees":[377,2373,129,38]},"num_concepts_raised":43272},{"base_id":746,"kind":"bot_words","i1":0,"i2":4,"sol":{"path":["/c/en/shear","/c/en/remove","/c/en/bone","/c/en/bones"],"weight":0.2178099999999988,"degrees":[377,1492,2320,220]},"num_concepts_raised":82318},{"base_id":746,"kind":"bot_words","i1":0,"i2":5,"sol":{"path":["/c/en/shear","/c/fr/avec","/c/en/approach"],"weight":0.20400000000000001,"degrees":[377,940,908]},"num_concepts_raised":1054},{"base_id":746,"kind":"bot_words","i1":0,"i2":6,"sol":{"path":["/c/en/shear","/c/en/rock","/c/en/climb","/c/en/monkeys"],"weight":0.2069699999999993,"degrees":[377,2349,956,28]},"num_concepts_raised":47558},{"base_id":746,"kind":"bot_words","i1":0,"i2":7,"sol":{"path":["/c/en/shear","/c/en/change","/c/en/oxidize"],"weight":0.202,"degrees":[377,3383,142]},"num_concepts_raised":421},{"base_id":746,"kind":"bot_words","i1":0,"i2":8,"sol":{"path":["/c/en/shear","/c/en/sharp","/c/en/music","/c/en/largo"],"weight":0.21049999999999933,"degrees":[377,1275,8822,37]},"num_concepts_raised":161369},{"base_id":746,"kind":"bot_words","i1":0,"i2":9,"sol":{"path":["/c/en/shear","/c/en/scotland","/c/en/croon"],"weight":0.202,"degrees":[377,2226,59]},"num_concepts_raised":350},{"base_id":746,"kind":"bot_words","i1":1,"i2":2,"sol":{"path":["/c/en/alembic","/c/en/substance","/c/en/copper","/c/en/cupric"],"weight":0.20480999999999988,"degrees":[77,1169,1570,37]},"num_concepts_raised":16903},{"base_id":746,"kind":"bot_words","i1":1,"i2":3,"sol":{"path":["/c/en/alembic","/c/en/recipient","/c/en/make_out","/c/fi/antaa_ymmärtää","/c/en/tacitly"],"weight":0.2034599999999999,"degrees":[77,276,177,13,38]},"num_concepts_raised":5059},{"base_id":746,"kind":"bot_words","i1":1,"i2":4,"sol":{"path":["/c/en/alembic","/c/en/substance","/c/en/bone","/c/en/bones"],"weight":0.2143299999999994,"degrees":[77,1169,2320,220]},"num_concepts_raised":46024},{"base_id":746,"kind":"bot_words","i1":1,"i2":5,"sol":{"path":["/c/en/alembic","/c/fr/chapiteau","/c/fr/joindre","/c/fr/approcher","/c/en/approach"],"weight":0.22312999999999808,"degrees":[77,177,543,280,908]},"num_concepts_raised":52284},{"base_id":746,"kind":"bot_words","i1":1,"i2":6,"sol":{"path":["/c/en/alembic","/c/fr/alambic","/c/fr/zoologie","/c/en/monkey","/c/en/monkeys"],"weight":0.20884999999999987,"degrees":[77,63,9122,884,28]},"num_concepts_raised":9584},{"base_id":746,"kind":"bot_words","i1":1,"i2":7,"sol":{"path":["/c/en/alembic","/c/mul/⚗","/c/en/chemistry","/c/en/oxidize"],"weight":0.20538999999999963,"degrees":[77,266,11754,142]},"num_concepts_raised":30073},{"base_id":746,"kind":"bot_words","i1":1,"i2":8,"sol":{"path":["/c/en/alembic","/c/fr/alambic","/c/fr/chapeau","/c/fr/localités","/c/en/largo"],"weight":0.2068899999999999,"degrees":[77,63,474,110113,37]},"num_concepts_raised":123926},{"base_id":746,"kind":"bot_words","i1":1,"i2":9,"sol":{"path":["/c/en/alembic","/c/en/chemical","/c/en/slang","/c/en/hum","/c/en/croon"],"weight":0.20607999999999982,"degrees":[77,882,16318,332,59]},"num_concepts_raised":9352},{"base_id":746,"kind":"bot_words","i1":2,"i2":3,"sol":{"path":["/c/en/cupric","/c/en/copper","/c/en/cop","/c/fr/condé","/c/fr/tacitement","/c/en/tacitly"],"weight":0.21276029999999954,"degrees":[37,1570,283,46,23,38]},"num_concepts_raised":339161},{"base_id":746,"kind":"bot_words","i1":2,"i2":4,"sol":{"path":["/c/en/cupric","/c/en/chemistry","/c/en/strong","/c/en/bones"],"weight":0.20944999999999941,"degrees":[37,11754,1566,220]},"num_concepts_raised":54396},{"base_id":746,"kind":"bot_words","i1":2,"i2":5,"sol":{"path":["/c/en/cupric","/c/en/ic","/c/en/chip","/c/en/approach"],"weight":0.2176799999999981,"degrees":[37,207,782,908]},"num_concepts_raised":60612},{"base_id":746,"kind":"bot_words","i1":2,"i2":6,"sol":{"path":["/c/en/cupric","/c/en/copper","/c/en/slang","/c/en/monkey","/c/en/monkeys"],"weight":0.20623999999999987,"degrees":[37,1570,16318,884,28]},"num_concepts_raised":17831},{"base_id":746,"kind":"bot_words","i1":2,"i2":7,"sol":{"path":["/c/en/cupric","/c/en/chemistry","/c/en/oxidize"],"weight":0.202,"degrees":[37,11754,142]},"num_concepts_raised":149},{"base_id":746,"kind":"bot_words","i1":2,"i2":8,"sol":{"path":["/c/en/cupric","/c/fr/cuprique","/c/fr/cuivre","/c/en/music","/c/en/largo"],"weight":0.20741999999999988,"degrees":[37,15,554,8822,37]},"num_concepts_raised":132160},{"base_id":746,"kind":"bot_words","i1":2,"i2":9,"sol":{"path":["/c/en/cupric","/c/en/copper","/c/en/slang","/c/en/hum","/c/en/croon"],"weight":0.2068199999999998,"degrees":[37,1570,16318,332,59]},"num_concepts_raised":17566},{"base_id":746,"kind":"bot_words","i1":3,"i2":4,"sol":{"path":["/c/en/tacitly","/c/en/tacit","/c/en/framework","/c/en/bone","/c/en/bones"],"weight":0.21476999999999935,"degrees":[38,110,445,2320,220]},"num_concepts_raised":42279},{"base_id":746,"kind":"bot_words","i1":3,"i2":5,"sol":{"path":["/c/en/tacitly","/c/en/insinuate","/c/en/access","/c/en/approach"],"weight":0.22224999999999806,"degrees":[38,129,496,908]},"num_concepts_raised":48485},{"base_id":746,"kind":"bot_words","i1":3,"i2":6,"sol":{"path":["/c/en/tacitly","/c/en/double_standard","/c/en/monetary","/c/en/tail","/c/en/monkeys"],"weight":0.20279999999999987,"degrees":[38,81,231,1214,28]},"num_concepts_raised":5546},{"base_id":746,"kind":"bot_words","i1":3,"i2":7,"sol":{"path":["/c/en/tacitly","/c/en/tacit","/c/en/express","/c/en/breathe","/c/en/oxidize"],"weight":0.2051799999999996,"degrees":[38,110,1102,724,142]},"num_concepts_raised":26615},{"base_id":746,"kind":"bot_words","i1":3,"i2":8,"sol":{"path":["/c/en/tacitly","/c/en/tacit","/c/en/silent","/c/en/music","/c/en/largo"],"weight":0.2062099999999999,"degrees":[38,110,672,8822,37]},"num_concepts_raised":119924},{"base_id":746,"kind":"bot_words","i1":3,"i2":9,"sol":{"path":["/c/en/tacitly","/c/en/tacit","/c/en/express","/c/en/hum","/c/en/croon"],"weight":0.2064799999999998,"degrees":[38,110,1102,332,59]},"num_concepts_raised":5269},{"base_id":746,"kind":"bot_words","i1":4,"i2":5,"sol":{"path":["/c/en/bones","/c/en/album","/c/en/approach"],"weight":0.20600000000000002,"degrees":[220,778,908]},"num_concepts_raised":904},{"base_id":746,"kind":"bot_words","i1":4,"i2":6,"sol":{"path":["/c/en/bones","/c/en/fish","/c/en/tail","/c/en/monkeys"],"weight":0.21138999999999936,"degrees":[220,4424,1214,28]},"num_concepts_raised":46383},{"base_id":746,"kind":"bot_words","i1":4,"i2":7,"sol":{"path":["/c/en/bones","/c/en/bone","/c/en/element","/c/en/oxidize"],"weight":0.21497999999999912,"degrees":[220,2320,1173,142]},"num_concepts_raised":67036},{"base_id":746,"kind":"bot_words","i1":4,"i2":8,"sol":{"path":["/c/en/bones","/c/en/break","/c/en/music","/c/en/largo"],"weight":0.2138099999999994,"degrees":[220,2938,8822,37]},"num_concepts_raised":160510},{"base_id":746,"kind":"bot_words","i1":4,"i2":9,"sol":{"path":["/c/en/bones","/c/en/person","/c/en/sing","/c/en/croon"],"weight":0.2097899999999993,"degrees":[220,12935,997,59]},"num_concepts_raised":46317},{"base_id":746,"kind":"bot_words","i1":5,"i2":6,"sol":{"path":["/c/en/approach","/c/pl/podchodzić","/c/en/climb","/c/en/monkeys"],"weight":0.21964999999999807,"degrees":[908,6,956,28]},"num_concepts_raised":52570},{"base_id":746,"kind":"bot_words","i1":5,"i2":7,"sol":{"path":["/c/en/approach","/c/en/access","/c/en/increase","/c/en/oxidize"],"weight":0.2235999999999978,"degrees":[908,496,1641,142]},"num_concepts_raised":72928},{"base_id":746,"kind":"bot_words","i1":5,"i2":8,"sol":{"path":["/c/en/approach","/c/en/access","/c/en/passage","/c/en/largo"],"weight":0.22234999999999808,"degrees":[908,496,842,37]},"num_concepts_raised":166451},{"base_id":746,"kind":"bot_words","i1":5,"i2":9,"sol":{"path":["/c/en/approach","/c/en/overture","/c/en/scotland","/c/en/croon"],"weight":0.22003999999999801,"degrees":[908,108,2226,59]},"num_concepts_raised":52498},{"base_id":746,"kind":"bot_words","i1":6,"i2":7,"sol":{"path":["/c/en/monkeys","/c/en/monkey","/c/en/tree","/c/en/chemistry","/c/en/oxidize"],"weight":0.2064999999999996,"degrees":[28,884,3598,11754,142]},"num_concepts_raised":31008},{"base_id":746,"kind":"bot_words","i1":6,"i2":8,"sol":{"path":["/c/en/monkeys","/c/en/tail","/c/en/music","/c/en/largo"],"weight":0.20507999999999987,"degrees":[28,1214,8822,37]},"num_concepts_raised":124419},{"base_id":746,"kind":"bot_words","i1":6,"i2":9,"sol":{"path":["/c/en/monkeys","/c/en/monkey","/c/en/slang","/c/en/hum","/c/en/croon"],"weight":0.2074999999999998,"degrees":[28,884,16318,332,59]},"num_concepts_raised":9812},{"base_id":746,"kind":"bot_words","i1":7,"i2":8,"sol":{"path":["/c/en/oxidize","/c/en/chemistry","/c/en/air","/c/en/music","/c/en/largo"],"weight":0.20683999999999964,"degrees":[142,11754,1965,8822,37]},"num_concepts_raised":145300},{"base_id":746,"kind":"bot_words","i1":7,"i2":9,"sol":{"path":["/c/en/oxidize","/c/en/breathe","/c/en/sing","/c/en/croon"],"weight":0.20458999999999955,"degrees":[142,724,997,59]},"num_concepts_raised":30832},{"base_id":746,"kind":"bot_words","i1":8,"i2":9,"sol":{"path":["/c/en/largo","/c/en/music","/c/en/sing","/c/en/croon"],"weight":0.20571999999999982,"degrees":[37,8822,997,59]},"num_concepts_raised":123792}],[{"base_id":746,"kind":"top_words","i1":0,"i2":1,"sol":{"path":["/c/en/auspice","/c/en/patronage","/c/en/legal","/c/en/trusteeship"],"weight":0.2032299999999998,"degrees":[50,215,6627,41]},"num_concepts_raised":26578},{"base_id":746,"kind":"top_words","i1":0,"i2":2,"sol":{"path":["/c/en/auspice","/c/en/sign","/c/en/red","/c/en/herring","/c/en/buckling"],"weight":0.20419999999999988,"degrees":[50,2004,1983,308,34]},"num_concepts_raised":16662},{"base_id":746,"kind":"top_words","i1":0,"i2":3,"sol":{"path":["/c/en/auspice","/c/en/sign","/c/en/alert","/c/en/watchful"],"weight":0.20476999999999979,"degrees":[50,2004,465,122]},"num_concepts_raised":15094},{"base_id":746,"kind":"top_words","i1":0,"i2":4,"sol":{"path":["/c/en/auspice","/c/en/sign","/c/en/flag","/c/en/nations"],"weight":0.20320999999999978,"degrees":[50,2004,1318,36]},"num_concepts_raised":25688},{"base_id":746,"kind":"top_words","i1":0,"i2":5,"sol":{"path":["/c/en/auspice","/c/en/auspices"],"weight":0.202,"degrees":[50,61]},"num_concepts_raised":88},{"base_id":746,"kind":"top_words","i1":0,"i2":6,"sol":{"path":["/c/en/auspice","/c/en/action","/c/en/investigation","/c/en/scrutiny"],"weight":0.20427999999999955,"degrees":[50,2156,457,131]},"num_concepts_raised":24311},{"base_id":746,"kind":"top_words","i1":0,"i2":7,"sol":{"path":["/c/en/auspice","/c/en/action","/c/en/and","/c/en/un"],"weight":0.20713999999999916,"degrees":[50,2156,1127,306]},"num_concepts_raised":39905},{"base_id":746,"kind":"top_words","i1":0,"i2":8,"sol":{"path":["/c/en/auspice","/c/en/sign","/c/en/control","/c/en/supervision"],"weight":0.20555999999999958,"degrees":[50,2004,1901,202]},"num_concepts_raised":22227},{"base_id":746,"kind":"top_words","i1":0,"i2":9,"sol":{"path":["/c/en/auspice","/c/en/protection","/c/en/tutelage"],"weight":0.202,"degrees":[50,829,70]},"num_concepts_raised":99},{"base_id":746,"kind":"top_words","i1":1,"i2":2,"sol":{"path":["/c/en/trusteeship","/c/en/country","/c/en/type","/c/en/herring","/c/en/buckling"],"weight":0.20400999999999986,"degrees":[41,2796,1591,308,34]},"num_concepts_raised":21605},{"base_id":746,"kind":"top_words","i1":1,"i2":3,"sol":{"path":["/c/en/trusteeship","/c/en/trustee","/c/en/law","/c/en/observant","/c/en/watchful"],"weight":0.20623999999999976,"degrees":[41,146,3727,136,122]},"num_concepts_raised":20040},{"base_id":746,"kind":"top_words","i1":1,"i2":4,"sol":{"path":["/c/en/trusteeship","/c/en/country","/c/en/nations"],"weight":0.202,"degrees":[41,2796,36]},"num_concepts_raised":71},{"base_id":746,"kind":"top_words","i1":1,"i2":5,"sol":{"path":["/c/en/trusteeship","/c/en/legal","/c/en/patronage","/c/en/auspices"],"weight":0.20336999999999977,"degrees":[41,6627,215,61]},"num_concepts_raised":19311},{"base_id":746,"kind":"top_words","i1":1,"i2":6,"sol":{"path":["/c/en/trusteeship","/c/en/control","/c/fr/contrôle","/c/en/scrutiny"],"weight":0.20606999999999956,"degrees":[41,1901,283,131]},"num_concepts_raised":29000},{"base_id":746,"kind":"top_words","i1":1,"i2":7,"sol":{"path":["/c/en/trusteeship","/c/en/united_nations","/c/en/un"],"weight":0.203,"degrees":[41,352,306]},"num_concepts_raised":314},{"base_id":746,"kind":"top_words","i1":1,"i2":8,"sol":{"path":["/c/en/trusteeship","/c/en/control","/c/en/supervision"],"weight":0.202,"degrees":[41,1901,202]},"num_concepts_raised":206},{"base_id":746,"kind":"top_words","i1":1,"i2":9,"sol":{"path":["/c/en/trusteeship","/c/ka/მეურვეობა","/c/en/tutelage"],"weight":0.202,"degrees":[41,8,70]},"num_concepts_raised":93},{"base_id":746,"kind":"top_words","i1":2,"i2":3,"sol":{"path":["/c/en/buckling","/c/en/buckle","/c/en/close","/c/en/observant","/c/en/watchful"],"weight":0.20610999999999982,"degrees":[34,322,2153,136,122]},"num_concepts_raised":9706},{"base_id":746,"kind":"top_words","i1":2,"i2":4,"sol":{"path":["/c/en/buckling","/c/en/buckle","/c/en/unite","/c/en/nations"],"weight":0.20375999999999986,"degrees":[34,322,721,36]},"num_concepts_raised":20573},{"base_id":746,"kind":"top_words","i1":2,"i2":5,"sol":{"path":["/c/en/buckling","/c/en/geology","/c/en/shield","/c/en/aegis","/c/en/auspices"],"weight":0.20530999999999983,"degrees":[34,3862,901,51,61]},"num_concepts_raised":9067},{"base_id":746,"kind":"top_words","i1":2,"i2":6,"sol":{"path":["/c/en/buckling","/c/en/buckle","/c/en/billet","/c/en/scrutiny"],"weight":0.20482999999999962,"degrees":[34,322,146,131]},"num_concepts_raised":19122},{"base_id":746,"kind":"top_words","i1":2,"i2":7,"sol":{"path":["/c/en/buckling","/c/en/ling","/c/fr/in","/c/en/un"],"weight":0.2068999999999992,"degrees":[34,213,106,306]},"num_concepts_raised":34842},{"base_id":746,"kind":"top_words","i1":2,"i2":8,"sol":{"path":["/c/en/buckling","/c/en/goat","/c/en/uk","/c/en/supervision"],"weight":0.2048599999999996,"degrees":[34,1071,5562,202]},"num_concepts_raised":17062},{"base_id":746,"kind":"top_words","i1":2,"i2":9,"sol":{"path":["/c/en/buckling","/c/en/folding","/c/en/money","/c/en/tuition","/c/en/tutelage"],"weight":0.20537999999999984,"degrees":[34,152,2899,121,70]},"num_concepts_raised":11429},{"base_id":746,"kind":"top_words","i1":3,"i2":4,"sol":{"path":["/c/en/watchful","/c/en/observant","/c/en/law","/c/en/nations"],"weight":0.20509999999999975,"degrees":[122,136,3727,36]},"num_concepts_raised":19047},{"base_id":746,"kind":"top_words","i1":3,"i2":5,"sol":{"path":["/c/en/watchful","/c/en/vigilant","/c/en/ward","/c/en/protection","/c/en/auspices"],"weight":0.2069699999999997,"degrees":[122,162,390,829,61]},"num_concepts_raised":7511},{"base_id":746,"kind":"top_words","i1":3,"i2":6,"sol":{"path":["/c/en/watchful","/c/fr/attentif","/c/fr/examen","/c/en/scrutiny"],"weight":0.2063199999999995,"degrees":[122,179,370,131]},"num_concepts_raised":17316},{"base_id":746,"kind":"top_words","i1":3,"i2":7,"sol":{"path":["/c/en/watchful","/c/en/ithand","/c/en/and","/c/en/un"],"weight":0.20799999999999907,"degrees":[122,30,1127,306]},"num_concepts_raised":33309},{"base_id":746,"kind":"top_words","i1":3,"i2":8,"sol":{"path":["/c/en/watchful","/c/en/observant","/c/ru/наблюдательный","/c/en/supervision"],"weight":0.20712999999999954,"degrees":[122,136,11,202]},"num_concepts_raised":15418},{"base_id":746,"kind":"top_words","i1":3,"i2":9,"sol":{"path":["/c/en/watchful","/c/en/watchfulness","/c/en/care","/c/en/tutelage"],"weight":0.20550999999999975,"degrees":[122,87,1526,70]},"num_concepts_raised":9618},{"base_id":746,"kind":"top_words","i1":4,"i2":5,"sol":{"path":["/c/en/nations","/c/en/army","/c/en/protection","/c/en/auspices"],"weight":0.20433999999999974,"degrees":[36,1302,829,61]},"num_concepts_raised":18345},{"base_id":746,"kind":"top_words","i1":4,"i2":6,"sol":{"path":["/c/en/nations","/c/en/country","/c/en/open","/c/en/scrutiny"],"weight":0.20407999999999954,"degrees":[36,2796,2185,131]},"num_concepts_raised":28208},{"base_id":746,"kind":"top_words","i1":4,"i2":7,"sol":{"path":["/c/en/nations","/c/en/nation","/c/en/one","/c/en/un"],"weight":0.20805999999999913,"degrees":[36,1106,2499,306]},"num_concepts_raised":43635},{"base_id":746,"kind":"top_words","i1":4,"i2":8,"sol":{"path":["/c/en/nations","/c/en/organization","/c/en/supervise","/c/en/supervision"],"weight":0.20730999999999955,"degrees":[36,1375,191,202]},"num_concepts_raised":26059},{"base_id":746,"kind":"top_words","i1":4,"i2":9,"sol":{"path":["/c/en/nations","/c/en/law","/c/fr/tutelle","/c/en/tutelage"],"weight":0.20435999999999982,"degrees":[36,3727,90,70]},"num_concepts_raised":20616},{"base_id":746,"kind":"top_words","i1":5,"i2":6,"sol":{"path":["/c/en/auspices","/c/en/protection","/c/en/care","/c/en/scrutinize","/c/en/scrutiny"],"weight":0.2075299999999995,"degrees":[61,829,1526,148,131]},"num_concepts_raised":16903},{"base_id":746,"kind":"top_words","i1":5,"i2":7,"sol":{"path":["/c/en/auspices","/c/fi/suoja","/c/en/thaw","/c/en/un"],"weight":0.2060499999999991,"degrees":[61,76,330,306]},"num_concepts_raised":32650},{"base_id":746,"kind":"top_words","i1":5,"i2":8,"sol":{"path":["/c/en/auspices","/c/en/protection","/c/en/custodial","/c/en/supervision"],"weight":0.20635999999999954,"degrees":[61,829,38,202]},"num_concepts_raised":14814},{"base_id":746,"kind":"top_words","i1":5,"i2":9,"sol":{"path":["/c/en/auspices","/c/en/protection","/c/en/tutelage"],"weight":0.203,"degrees":[61,829,70]},"num_concepts_raised":110},{"base_id":746,"kind":"top_words","i1":6,"i2":7,"sol":{"path":["/c/en/scrutiny","/c/en/inscrutable","/c/la/in","/c/en/un"],"weight":0.20796999999999888,"degrees":[131,131,637,306]},"num_concepts_raised":42266},{"base_id":746,"kind":"top_words","i1":6,"i2":8,"sol":{"path":["/c/en/scrutiny","/c/fr/surveillance","/c/en/supervision"],"weight":0.203,"degrees":[131,163,202]},"num_concepts_raised":284},{"base_id":746,"kind":"top_words","i1":6,"i2":9,"sol":{"path":["/c/en/scrutiny","/c/en/scrutinize","/c/en/care","/c/en/tutelage"],"weight":0.20653999999999956,"degrees":[131,148,1526,70]},"num_concepts_raised":19138},{"base_id":746,"kind":"top_words","i1":7,"i2":8,"sol":{"path":["/c/en/un","/c/en/and","/c/en/uk","/c/en/supervision"],"weight":0.20902999999999888,"degrees":[306,1127,5562,202]},"num_concepts_raised":39686},{"base_id":746,"kind":"top_words","i1":7,"i2":9,"sol":{"path":["/c/en/un","/c/en/british","/c/en/guard","/c/en/tutelage"],"weight":0.20632999999999915,"degrees":[306,3452,1558,70]},"num_concepts_raised":34920},{"base_id":746,"kind":"top_words","i1":8,"i2":9,"sol":{"path":["/c/en/supervision","/c/en/tutorial","/c/en/tutelage"],"weight":0.202,"degrees":[202,108,70]},"num_concepts_raised":223}]]