[[{"base_id":291,"kind":"bot_words","i1":0,"i2":1,"sol":{"path":["/c/en/croats","/c/en/ethnic_group","/c/en/people","/c/en/city","/c/en/székesfehérvár"],"weight":0.21775999999999962,"degrees":[70,622,4475,3758,65]},"num_concepts_raised":4464},{"base_id":291,"kind":"bot_words","i1":0,"i2":2,"sol":{"path":["/c/en/croats","/c/en/croat","/c/en/human","/c/en/animal","/c/en/cnidaria"],"weight":0.2182499999999995,"degrees":[70,97,2645,3735,102]},"num_concepts_raised":5352},{"base_id":291,"kind":"bot_words","i1":0,"i2":3,"sol":{"path":["/c/en/croats","/c/en/croat","/c/en/legal","/c/en/condemn","/c/en/condemnation","/c/en/disapprobation"],"weight":0.2199449999999999,"degrees":[70,97,6627,277,138,46]},"num_concepts_raised":249963},{"base_id":291,"kind":"bot_words","i1":0,"i2":4,"sol":{"path":["/c/en/croats","/c/en/military_unit","/c/en/military","/c/en/sandbox","/c/en/sandpit"],"weight":0.21422999999999973,"degrees":[70,150,5690,135,66]},"num_concepts_raised":8566},{"base_id":291,"kind":"bot_words","i1":0,"i2":5,"sol":{"path":["/c/en/croats","/c/en/croat","/c/en/human","/c/en/muscle","/c/en/intramuscular"],"weight":0.21245999999999976,"degrees":[70,97,2645,1708,32]},"num_concepts_raised":3121},{"base_id":291,"kind":"bot_words","i1":0,"i2":6,"sol":{"path":["/c/en/croats","/c/en/ethnic_group","/c/en/jew","/c/fr/religion","/c/en/perdition"],"weight":0.21266999999999964,"degrees":[70,622,382,6634,62]},"num_concepts_raised":10499},{"base_id":291,"kind":"bot_words","i1":0,"i2":7,"sol":{"path":["/c/en/croats","/c/en/croatology","/c/en/science","/c/en/logic","/c/en/implication"],"weight":0.21415999999999935,"degrees":[70,7,1674,1412,198]},"num_concepts_raised":14109},{"base_id":291,"kind":"bot_words","i1":0,"i2":8,"sol":{"path":["/c/en/croats","/c/en/croat","/c/en/human","/c/en/alien"],"weight":0.22583999999999893,"degrees":[70,97,2645,517]},"num_concepts_raised":64989},{"base_id":291,"kind":"bot_words","i1":0,"i2":9,"sol":{"path":["/c/en/croats","/c/en/ethnic_group","/c/en/man","/c/en/affair","/c/en/scandalous"],"weight":0.21307999999999966,"degrees":[70,622,3068,685,91]},"num_concepts_raised":4212},{"base_id":291,"kind":"bot_words","i1":1,"i2":2,"sol":{"path":["/c/en/székesfehérvár","/c/en/city","/c/en/human","/c/en/animal","/c/en/cnidaria"],"weight":0.2141599999999996,"degrees":[65,3758,2645,3735,102]},"num_concepts_raised":7594},{"base_id":291,"kind":"bot_words","i1":1,"i2":3,"sol":{"path":["/c/en/székesfehérvár","/c/en/city","/c/en/state","/c/en/condemnation","/c/en/disapprobation"],"weight":0.2104999999999998,"degrees":[65,3758,3243,138,46]},"num_concepts_raised":6008},{"base_id":291,"kind":"bot_words","i1":1,"i2":4,"sol":{"path":["/c/en/székesfehérvár","/c/en/city","/c/en/place","/c/en/sandpit"],"weight":0.20871999999999982,"degrees":[65,3758,3314,66]},"num_concepts_raised":10707},{"base_id":291,"kind":"bot_words","i1":1,"i2":5,"sol":{"path":["/c/en/székesfehérvár","/c/en/city","/c/en/human","/c/en/muscle","/c/en/intramuscular"],"weight":0.20836999999999983,"degrees":[65,3758,2645,1708,32]},"num_concepts_raised":5380},{"base_id":291,"kind":"bot_words","i1":1,"i2":6,"sol":{"path":["/c/en/székesfehérvár","/c/en/city","/c/en/ruin","/c/en/perdition"],"weight":0.20869999999999972,"degrees":[65,3758,1013,62]},"num_concepts_raised":12733},{"base_id":291,"kind":"bot_words","i1":1,"i2":7,"sol":{"path":["/c/en/székesfehérvár","/c/en/city","/c/en/nature","/c/en/implicit","/c/en/implication"],"weight":0.21108999999999944,"degrees":[65,3758,1372,182,198]},"num_concepts_raised":16339},{"base_id":291,"kind":"bot_words","i1":1,"i2":8,"sol":{"path":["/c/en/székesfehérvár","/c/en/city","/c/en/stranger","/c/en/alien"],"weight":0.22328999999999902,"degrees":[65,3758,532,517]},"num_concepts_raised":66980},{"base_id":291,"kind":"bot_words","i1":1,"i2":9,"sol":{"path":["/c/en/székesfehérvár","/c/en/hungary","/c/en/duna_gate","/c/en/scandal","/c/en/scandalous"],"weight":0.21216999999999972,"degrees":[65,366,12,420,91]},"num_concepts_raised":6465},{"base_id":291,"kind":"bot_words","i1":2,"i2":3,"sol":{"path":["/c/en/cnidaria","/c/en/animal","/c/en/person","/c/en/disapproval","/c/en/disapprobation"],"weight":0.21012999999999968,"degrees":[102,3735,12935,216,46]},"num_concepts_raised":6881},{"base_id":291,"kind":"bot_words","i1":2,"i2":4,"sol":{"path":["/c/en/cnidaria","/c/en/animal","/c/en/play","/c/en/sandpit"],"weight":0.20920999999999973,"degrees":[102,3735,3092,66]},"num_concepts_raised":11607},{"base_id":291,"kind":"bot_words","i1":2,"i2":5,"sol":{"path":["/c/en/cnidaria","/c/en/animal","/c/en/muscle","/c/en/intramuscular"],"weight":0.20884999999999976,"degrees":[102,3735,1708,32]},"num_concepts_raised":6238},{"base_id":291,"kind":"bot_words","i1":2,"i2":6,"sol":{"path":["/c/en/cnidaria","/c/en/animal","/c/en/heaven","/c/en/hell","/c/en/perdition"],"weight":0.20931999999999962,"degrees":[102,3735,933,842,62]},"num_concepts_raised":13623},{"base_id":291,"kind":"bot_words","i1":2,"i2":7,"sol":{"path":["/c/en/cnidaria","/c/en/animal","/c/en/name","/c/en/implicate","/c/en/implication"],"weight":0.2116199999999993,"degrees":[102,3735,2629,133,198]},"num_concepts_raised":17196},{"base_id":291,"kind":"bot_words","i1":2,"i2":8,"sol":{"path":["/c/en/cnidaria","/c/en/animal","/c/en/alien"],"weight":0.20600000000000002,"degrees":[102,3735,517]},"num_concepts_raised":503},{"base_id":291,"kind":"bot_words","i1":2,"i2":9,"sol":{"path":["/c/en/cnidaria","/c/en/animal","/c/en/person","/c/en/scandal","/c/en/scandalous"],"weight":0.2106399999999996,"degrees":[102,3735,12935,420,91]},"num_concepts_raised":7338},{"base_id":291,"kind":"bot_words","i1":3,"i2":4,"sol":{"path":["/c/en/disapprobation","/c/en/scrape","/c/en/play","/c/en/sandpit"],"weight":0.2034499999999999,"degrees":[46,474,3092,66]},"num_concepts_raised":10075},{"base_id":291,"kind":"bot_words","i1":3,"i2":5,"sol":{"path":["/c/en/disapprobation","/c/en/blame","/c/en/negative","/c/en/muscle","/c/en/intramuscular"],"weight":0.20328999999999994,"degrees":[46,816,834,1708,32]},"num_concepts_raised":4659},{"base_id":291,"kind":"bot_words","i1":3,"i2":6,"sol":{"path":["/c/en/disapprobation","/c/en/damnation","/c/en/perdition"],"weight":0.202,"degrees":[46,98,62]},"num_concepts_raised":92},{"base_id":291,"kind":"bot_words","i1":3,"i2":7,"sol":{"path":["/c/en/disapprobation","/c/en/condemnation","/c/en/law","/c/en/implication"],"weight":0.20682999999999951,"degrees":[46,138,3727,198]},"num_concepts_raised":15526},{"base_id":291,"kind":"bot_words","i1":3,"i2":8,"sol":{"path":["/c/en/disapprobation","/c/en/disapproval","/c/en/person","/c/en/alien"],"weight":0.21588999999999914,"degrees":[46,216,12935,517]},"num_concepts_raised":66401},{"base_id":291,"kind":"bot_words","i1":3,"i2":9,"sol":{"path":["/c/en/disapprobation","/c/en/condemnation","/c/en/wrong","/c/en/scandalous"],"weight":0.2058399999999998,"degrees":[46,138,1039,91]},"num_concepts_raised":5699},{"base_id":291,"kind":"bot_words","i1":4,"i2":5,"sol":{"path":["/c/en/sandpit","/c/en/sand","/c/en/part","/c/en/muscle","/c/en/intramuscular"],"weight":0.20451999999999998,"degrees":[66,1346,2528,1708,32]},"num_concepts_raised":9468},{"base_id":291,"kind":"bot_words","i1":4,"i2":6,"sol":{"path":["/c/en/sandpit","/c/en/pit","/c/en/hell","/c/en/perdition"],"weight":0.20385999999999985,"degrees":[66,875,842,62]},"num_concepts_raised":16757},{"base_id":291,"kind":"bot_words","i1":4,"i2":7,"sol":{"path":["/c/en/sandpit","/c/fr/bac_à_sable","/c/fr/informatique","/c/fr/ramification","/c/en/implication"],"weight":0.20734999999999956,"degrees":[66,48,2052,70,198]},"num_concepts_raised":20301},{"base_id":291,"kind":"bot_words","i1":4,"i2":8,"sol":{"path":["/c/en/sandpit","/c/en/place","/c/la/alienus","/c/en/alien"],"weight":0.21897999999999918,"degrees":[66,3314,68,517]},"num_concepts_raised":70368},{"base_id":291,"kind":"bot_words","i1":4,"i2":9,"sol":{"path":["/c/en/sandpit","/c/en/place","/c/en/wrong","/c/en/scandalous"],"weight":0.20401999999999987,"degrees":[66,3314,1039,91]},"num_concepts_raised":10523},{"base_id":291,"kind":"bot_words","i1":5,"i2":6,"sol":{"path":["/c/en/intramuscular","/c/fr/intramusculaire","/c/fr/intérieur","/c/fr/religion","/c/en/perdition"],"weight":0.20522999999999986,"degrees":[32,16,436,6634,62]},"num_concepts_raised":11411},{"base_id":291,"kind":"bot_words","i1":5,"i2":7,"sol":{"path":["/c/en/intramuscular","/c/en/injection","/c/fr/mathématiques","/c/en/implication"],"weight":0.20462999999999956,"degrees":[32,343,2720,198]},"num_concepts_raised":14989},{"base_id":291,"kind":"bot_words","i1":5,"i2":8,"sol":{"path":["/c/en/intramuscular","/c/en/muscle","/c/en/human","/c/en/alien"],"weight":0.2164699999999992,"degrees":[32,1708,2645,517]},"num_concepts_raised":65844},{"base_id":291,"kind":"bot_words","i1":5,"i2":9,"sol":{"path":["/c/en/intramuscular","/c/en/injection","/c/en/malicious","/c/en/scandalous"],"weight":0.20362999999999987,"degrees":[32,343,339,91]},"num_concepts_raised":5122},{"base_id":291,"kind":"bot_words","i1":6,"i2":7,"sol":{"path":["/c/en/perdition","/c/fr/religion","/c/fr/justice","/c/en/implication"],"weight":0.20484999999999945,"degrees":[62,6634,701,198]},"num_concepts_raised":22288},{"base_id":291,"kind":"bot_words","i1":6,"i2":8,"sol":{"path":["/c/en/perdition","/c/en/eternal","/c/en/life","/c/en/alien"],"weight":0.21447999999999906,"degrees":[62,359,2241,517]},"num_concepts_raised":72981},{"base_id":291,"kind":"bot_words","i1":6,"i2":9,"sol":{"path":["/c/en/perdition","/c/en/hell","/c/en/trouble","/c/en/scandal","/c/en/scandalous"],"weight":0.20530999999999977,"degrees":[62,842,1456,420,91]},"num_concepts_raised":12464},{"base_id":291,"kind":"bot_words","i1":7,"i2":8,"sol":{"path":["/c/en/implication","/c/en/care","/c/en/human","/c/en/alien"],"weight":0.21809999999999877,"degrees":[198,1526,2645,517]},"num_concepts_raised":75572},{"base_id":291,"kind":"bot_words","i1":7,"i2":9,"sol":{"path":["/c/en/implication","/c/es/implicación","/c/en/affair","/c/en/scandalous"],"weight":0.20630999999999947,"degrees":[198,12,685,91]},"num_concepts_raised":16012},{"base_id":291,"kind":"bot_words","i1":8,"i2":9,"sol":{"path":["/c/en/alien","/c/en/foreigner","/c/en/wrong","/c/en/scandalous"],"weight":0.21876999999999902,"degrees":[517,598,1039,91]},"num_concepts_raised":66781}],[{"base_id":291,"kind":"top_words","i1":0,"i2":1,"sol":{"path":["/c/en/overindulge","/c/en/excess","/c/en/gain","/c/en/accumulate"],"weight":0.207879999999999,"degrees":[28,588,1125,488]},"num_concepts_raised":23419},{"base_id":291,"kind":"top_words","i1":0,"i2":2,"sol":{"path":["/c/en/overindulge","/c/en/indulge","/c/en/consume","/c/en/touch","/c/en/adeptness"],"weight":0.20392999999999972,"degrees":[28,201,671,1765,55]},"num_concepts_raised":4612},{"base_id":291,"kind":"top_words","i1":0,"i2":3,"sol":{"path":["/c/en/overindulge","/c/en/indulge","/c/en/consume","/c/en/burn","/c/en/ignitable"],"weight":0.20400999999999994,"degrees":[28,201,671,1773,40]},"num_concepts_raised":3375},{"base_id":291,"kind":"top_words","i1":0,"i2":4,"sol":{"path":["/c/en/overindulge","/c/en/indulge","/c/en/glutton","/c/en/person","/c/en/attendee"],"weight":0.2089199999999998,"degrees":[28,201,371,12935,46]},"num_concepts_raised":19114},{"base_id":291,"kind":"top_words","i1":0,"i2":5,"sol":{"path":["/c/en/overindulge","/c/en/indulge","/c/en/pet","/c/en/genetics","/c/en/reeler"],"weight":0.20362999999999987,"degrees":[28,201,639,1987,25]},"num_concepts_raised":8202},{"base_id":291,"kind":"top_words","i1":0,"i2":6,"sol":{"path":["/c/en/overindulge","/c/en/indulge","/c/en/extension","/c/en/arm","/c/en/armlock"],"weight":0.2046699999999999,"degrees":[28,201,544,1502,24]},"num_concepts_raised":7873},{"base_id":291,"kind":"top_words","i1":0,"i2":7,"sol":{"path":["/c/en/overindulge","/c/en/indulge","/c/en/good","/c/en/inflation","/c/en/cosmology","/c/en/cosmologist"],"weight":0.21161529999999984,"degrees":[28,201,2615,361,301,37]},"num_concepts_raised":254940},{"base_id":291,"kind":"top_words","i1":0,"i2":8,"sol":{"path":["/c/en/overindulge","/c/en/excess","/c/en/british","/c/en/specialist","/c/en/enologist"],"weight":0.2026099999999999,"degrees":[28,588,3452,378,26]},"num_concepts_raised":1678},{"base_id":291,"kind":"top_words","i1":0,"i2":9,"sol":{"path":["/c/en/overindulge","/c/en/gorge","/c/en/rock","/c/en/unconformity"],"weight":0.20260999999999987,"degrees":[28,430,2349,25]},"num_concepts_raised":16157},{"base_id":291,"kind":"top_words","i1":1,"i2":2,"sol":{"path":["/c/en/accumulate","/c/en/gather","/c/en/meet","/c/en/touch","/c/en/adeptness"],"weight":0.2116699999999989,"degrees":[488,1201,1333,1765,55]},"num_concepts_raised":25325},{"base_id":291,"kind":"top_words","i1":1,"i2":3,"sol":{"path":["/c/en/accumulate","/c/en/gather","/c/en/shell","/c/en/ignite","/c/en/ignitable"],"weight":0.2123299999999991,"degrees":[488,1201,1513,326,40]},"num_concepts_raised":24182},{"base_id":291,"kind":"top_words","i1":1,"i2":4,"sol":{"path":["/c/en/accumulate","/c/la/ad","/c/en/attend","/c/en/attendee"],"weight":0.21713999999999894,"degrees":[488,584,599,46]},"num_concepts_raised":39429},{"base_id":291,"kind":"top_words","i1":1,"i2":5,"sol":{"path":["/c/en/accumulate","/c/en/store","/c/en/mouse","/c/en/reeler"],"weight":0.209099999999999,"degrees":[488,1279,1280,25]},"num_concepts_raised":28799},{"base_id":291,"kind":"top_words","i1":1,"i2":6,"sol":{"path":["/c/en/accumulate","/c/en/build_up","/c/en/arm","/c/en/armlock"],"weight":0.20901999999999907,"degrees":[488,186,1502,24]},"num_concepts_raised":28408},{"base_id":291,"kind":"top_words","i1":1,"i2":7,"sol":{"path":["/c/en/accumulate","/c/en/store","/c/en/structure","/c/en/cosmology","/c/en/cosmologist"],"weight":0.2114599999999991,"degrees":[488,1279,1619,301,37]},"num_concepts_raised":22701},{"base_id":291,"kind":"top_words","i1":1,"i2":8,"sol":{"path":["/c/en/accumulate","/c/en/gather","/c/en/medicine","/c/en/specialist","/c/en/enologist"],"weight":0.21101999999999904,"degrees":[488,1201,11938,378,26]},"num_concepts_raised":22544},{"base_id":291,"kind":"top_words","i1":1,"i2":9,"sol":{"path":["/c/en/accumulate","/c/en/cumulate","/c/en/geology","/c/en/unconformity"],"weight":0.20900999999999903,"degrees":[488,26,3862,25]},"num_concepts_raised":36470},{"base_id":291,"kind":"top_words","i1":2,"i2":3,"sol":{"path":["/c/en/adeptness","/c/en/touch","/c/en/burn","/c/en/ignitable"],"weight":0.20330999999999982,"degrees":[55,1765,1773,40]},"num_concepts_raised":5375},{"base_id":291,"kind":"top_words","i1":2,"i2":4,"sol":{"path":["/c/en/adeptness","/c/en/touch","/c/en/deal","/c/en/attend","/c/en/attendee"],"weight":0.21225999999999967,"degrees":[55,1765,875,599,46]},"num_concepts_raised":21045},{"base_id":291,"kind":"top_words","i1":2,"i2":5,"sol":{"path":["/c/en/adeptness","/c/en/touch","/c/en/wind","/c/en/reeler"],"weight":0.20293999999999973,"degrees":[55,1765,2373,25]},"num_concepts_raised":10178},{"base_id":291,"kind":"top_words","i1":2,"i2":6,"sol":{"path":["/c/en/adeptness","/c/en/touch","/c/en/attack","/c/en/armlock"],"weight":0.2029499999999998,"degrees":[55,1765,1799,24]},"num_concepts_raised":9726},{"base_id":291,"kind":"top_words","i1":2,"i2":7,"sol":{"path":["/c/en/adeptness","/c/en/touch","/c/en/physical","/c/en/cosmology","/c/en/cosmologist"],"weight":0.20530999999999985,"degrees":[55,1765,1078,301,37]},"num_concepts_raised":3846},{"base_id":291,"kind":"top_words","i1":2,"i2":8,"sol":{"path":["/c/en/adeptness","/c/en/adept","/c/fi/asiantuntija","/c/en/specialist","/c/en/enologist"],"weight":0.2028899999999998,"degrees":[55,132,24,378,26]},"num_concepts_raised":3690},{"base_id":291,"kind":"top_words","i1":2,"i2":9,"sol":{"path":["/c/en/adeptness","/c/en/touch","/c/en/stop","/c/en/unconformity"],"weight":0.20296999999999976,"degrees":[55,1765,2126,25]},"num_concepts_raised":18127},{"base_id":291,"kind":"top_words","i1":3,"i2":4,"sol":{"path":["/c/en/ignitable","/c/en/burn","/c/en/person","/c/en/attendee"],"weight":0.20828999999999992,"degrees":[40,1773,12935,46]},"num_concepts_raised":19851},{"base_id":291,"kind":"top_words","i1":3,"i2":5,"sol":{"path":["/c/en/ignitable","/c/en/ignite","/c/en/fire","/c/en/wind","/c/en/reeler"],"weight":0.20403999999999994,"degrees":[40,326,2829,2373,25]},"num_concepts_raised":8956},{"base_id":291,"kind":"top_words","i1":3,"i2":6,"sol":{"path":["/c/en/ignitable","/c/en/combustible","/c/en/lance","/c/en/arm","/c/en/armlock"],"weight":0.20495,"degrees":[40,156,355,1502,24]},"num_concepts_raised":8621},{"base_id":291,"kind":"top_words","i1":3,"i2":7,"sol":{"path":["/c/en/ignitable","/c/en/combustible","/c/en/star","/c/en/astronomer","/c/en/cosmologist"],"weight":0.20526000000000005,"degrees":[40,156,2132,340,37]},"num_concepts_raised":2611},{"base_id":291,"kind":"top_words","i1":3,"i2":8,"sol":{"path":["/c/en/ignitable","/c/en/burn","/c/en/surgery","/c/en/specialist","/c/en/enologist"],"weight":0.20299,"degrees":[40,1773,1808,378,26]},"num_concepts_raised":2460},{"base_id":291,"kind":"top_words","i1":3,"i2":9,"sol":{"path":["/c/en/ignitable","/c/en/ignite","/c/en/igneous","/c/en/geology","/c/en/unconformity"],"weight":0.20407999999999998,"degrees":[40,326,148,3862,25]},"num_concepts_raised":16922},{"base_id":291,"kind":"top_words","i1":4,"i2":5,"sol":{"path":["/c/en/attendee","/c/en/person","/c/en/mouse","/c/en/reeler"],"weight":0.20790999999999982,"degrees":[46,12935,1280,25]},"num_concepts_raised":24598},{"base_id":291,"kind":"top_words","i1":4,"i2":6,"sol":{"path":["/c/en/attendee","/c/en/person","/c/en/arm","/c/en/armlock"],"weight":0.20895999999999987,"degrees":[46,12935,1502,24]},"num_concepts_raised":24167},{"base_id":291,"kind":"top_words","i1":4,"i2":7,"sol":{"path":["/c/en/attendee","/c/en/attender","/c/en/metaphysics","/c/en/cosmology","/c/en/cosmologist"],"weight":0.2122799999999999,"degrees":[46,14,300,301,37]},"num_concepts_raised":18350},{"base_id":291,"kind":"top_words","i1":4,"i2":8,"sol":{"path":["/c/en/attendee","/c/en/conference","/c/en/specialist","/c/en/enologist"],"weight":0.20782999999999988,"degrees":[46,502,378,26]},"num_concepts_raised":18197},{"base_id":291,"kind":"top_words","i1":4,"i2":9,"sol":{"path":["/c/en/attendee","/c/en/person","/c/en/time","/c/en/unconformity"],"weight":0.20797999999999983,"degrees":[46,12935,4124,25]},"num_concepts_raised":32338},{"base_id":291,"kind":"top_words","i1":5,"i2":6,"sol":{"path":["/c/en/reeler","/c/en/genetics","/c/en/arm","/c/en/armlock"],"weight":0.2036699999999999,"degrees":[25,1987,1502,24]},"num_concepts_raised":13366},{"base_id":291,"kind":"top_words","i1":5,"i2":7,"sol":{"path":["/c/en/reeler","/c/en/wind","/c/en/physical","/c/en/cosmology","/c/en/cosmologist"],"weight":0.20500999999999997,"degrees":[25,2373,1078,301,37]},"num_concepts_raised":7440},{"base_id":291,"kind":"top_words","i1":5,"i2":8,"sol":{"path":["/c/en/reeler","/c/en/reel","/c/en/film","/c/en/specialist","/c/en/enologist"],"weight":0.2026199999999999,"degrees":[25,325,2504,378,26]},"num_concepts_raised":7286},{"base_id":291,"kind":"top_words","i1":5,"i2":9,"sol":{"path":["/c/en/reeler","/c/en/genetics","/c/en/gap","/c/en/unconformity"],"weight":0.20261999999999988,"degrees":[25,1987,636,25]},"num_concepts_raised":21558},{"base_id":291,"kind":"top_words","i1":6,"i2":7,"sol":{"path":["/c/en/armlock","/c/en/move","/c/en/physical","/c/en/cosmology","/c/en/cosmologist"],"weight":0.20505,"degrees":[24,2810,1078,301,37]},"num_concepts_raised":7121},{"base_id":291,"kind":"top_words","i1":6,"i2":8,"sol":{"path":["/c/en/armlock","/c/en/arm","/c/en/branch","/c/en/specialist","/c/en/enologist"],"weight":0.20369999999999994,"degrees":[24,1502,1753,378,26]},"num_concepts_raised":6966},{"base_id":291,"kind":"top_words","i1":6,"i2":9,"sol":{"path":["/c/en/armlock","/c/en/move","/c/en/rock","/c/en/unconformity"],"weight":0.20270999999999995,"degrees":[24,2810,2349,25]},"num_concepts_raised":21233},{"base_id":291,"kind":"top_words","i1":7,"i2":8,"sol":{"path":["/c/en/cosmologist","/c/en/astronomer","/c/en/scientist","/c/en/specialist","/c/en/enologist"],"weight":0.20398,"degrees":[37,340,921,378,26]},"num_concepts_raised":906},{"base_id":291,"kind":"top_words","i1":7,"i2":9,"sol":{"path":["/c/en/cosmologist","/c/en/cosmology","/c/en/logy","/c/en/geology","/c/en/unconformity"],"weight":0.2051,"degrees":[37,301,543,3862,25]},"num_concepts_raised":15428},{"base_id":291,"kind":"top_words","i1":8,"i2":9,"sol":{"path":["/c/en/enologist","/c/en/specialist","/c/en/interest","/c/en/time","/c/en/unconformity"],"weight":0.20265999999999995,"degrees":[26,378,1297,4124,25]},"num_concepts_raised":15273}]]