[[{"base_id":664,"kind":"bot_words","i1":0,"i2":1,"sol":{"path":["/c/en/bros","/c/en/band","/c/en/group","/c/en/ethnic_group","/c/en/avars"],"weight":0.21291999999999972,"degrees":[28,1893,2339,622,50]},"num_concepts_raised":8829},{"base_id":664,"kind":"bot_words","i1":0,"i2":2,"sol":{"path":["/c/en/bros","/c/en/legal","/c/en/record","/c/en/electrocardiogram"],"weight":0.20853999999999984,"degrees":[28,6627,1856,95]},"num_concepts_raised":20927},{"base_id":664,"kind":"bot_words","i1":0,"i2":3,"sol":{"path":["/c/en/bros","/c/en/bro","/c/en/slang","/c/en/gumshoe"],"weight":0.20995999999999987,"degrees":[28,88,16318,40]},"num_concepts_raised":28585},{"base_id":664,"kind":"bot_words","i1":0,"i2":4,"sol":{"path":["/c/en/bros","/c/en/band","/c/en/loop","/c/en/biochemistry","/c/en/somatotropin"],"weight":0.2079199999999998,"degrees":[28,1893,551,3629,47]},"num_concepts_raised":12378},{"base_id":664,"kind":"bot_words","i1":0,"i2":5,"sol":{"path":["/c/en/bros","/c/en/legal","/c/en/levant","/c/en/morocco"],"weight":0.21827000000000013,"degrees":[28,6627,206,367]},"num_concepts_raised":14903},{"base_id":664,"kind":"bot_words","i1":0,"i2":6,"sol":{"path":["/c/en/bros","/c/en/bro","/c/pt/veio","/c/en/geology","/c/en/anticline"],"weight":0.21085999999999983,"degrees":[28,88,20,3862,86]},"num_concepts_raised":14958},{"base_id":664,"kind":"bot_words","i1":0,"i2":7,"sol":{"path":["/c/en/bros","/c/en/legal","/c/en/bolt"],"weight":0.20600000000000002,"degrees":[28,6627,707]},"num_concepts_raised":621},{"base_id":664,"kind":"bot_words","i1":0,"i2":8,"sol":{"path":["/c/en/bros","/c/en/legal","/c/en/accretion","/c/en/attrition"],"weight":0.2098999999999997,"degrees":[28,6627,174,131]},"num_concepts_raised":21561},{"base_id":664,"kind":"bot_words","i1":0,"i2":9,"sol":{"path":["/c/en/bros","/c/en/legal","/c/en/person","/c/en/undesirable"],"weight":0.21034999999999948,"degrees":[28,6627,12935,234]},"num_concepts_raised":33531},{"base_id":664,"kind":"bot_words","i1":1,"i2":2,"sol":{"path":["/c/en/avars","/c/en/ethnic_group","/c/en/people","/c/en/record","/c/en/electrocardiogram"],"weight":0.20877999999999974,"degrees":[50,622,4475,1856,95]},"num_concepts_raised":13648},{"base_id":664,"kind":"bot_words","i1":1,"i2":3,"sol":{"path":["/c/en/avars","/c/en/ethnic_group","/c/en/man","/c/en/detective","/c/en/gumshoe"],"weight":0.20913999999999977,"degrees":[50,622,3068,432,40]},"num_concepts_raised":21434},{"base_id":664,"kind":"bot_words","i1":1,"i2":4,"sol":{"path":["/c/en/avars","/c/en/ethnic_group","/c/en/shoshone","/c/en/english_language","/c/en/biochemistry","/c/en/somatotropin"],"weight":0.21098679999999903,"degrees":[50,622,79,579,3629,47]},"num_concepts_raised":156649},{"base_id":664,"kind":"bot_words","i1":1,"i2":5,"sol":{"path":["/c/en/avars","/c/en/ethnic_group","/c/en/chleuh","/c/en/morocco"],"weight":0.21850000000000003,"degrees":[50,622,11,367]},"num_concepts_raised":7593},{"base_id":664,"kind":"bot_words","i1":1,"i2":6,"sol":{"path":["/c/en/avars","/c/en/ethnic_group","/c/en/group","/c/en/geology","/c/en/anticline"],"weight":0.20904999999999974,"degrees":[50,622,2339,3862,86]},"num_concepts_raised":7655},{"base_id":664,"kind":"bot_words","i1":1,"i2":7,"sol":{"path":["/c/en/avars","/c/en/ethnic_group","/c/en/people","/c/en/bar","/c/en/bolt"],"weight":0.22358999999999835,"degrees":[50,622,4475,1972,707]},"num_concepts_raised":91589},{"base_id":664,"kind":"bot_words","i1":1,"i2":8,"sol":{"path":["/c/en/avars","/c/en/ethnic_group","/c/en/group","/c/en/experiment","/c/en/attrition"],"weight":0.20913999999999963,"degrees":[50,622,2339,623,131]},"num_concepts_raised":14408},{"base_id":664,"kind":"bot_words","i1":1,"i2":9,"sol":{"path":["/c/en/avars","/c/en/ethnic_group","/c/en/people","/c/en/person","/c/en/undesirable"],"weight":0.21059999999999937,"degrees":[50,622,4475,12935,234]},"num_concepts_raised":26583},{"base_id":664,"kind":"bot_words","i1":2,"i2":3,"sol":{"path":["/c/en/electrocardiogram","/c/en/electrocardiograph","/c/en/detection","/c/en/detective","/c/en/gumshoe"],"weight":0.20582999999999987,"degrees":[95,42,185,432,40]},"num_concepts_raised":33503},{"base_id":664,"kind":"bot_words","i1":2,"i2":4,"sol":{"path":["/c/en/electrocardiogram","/c/it/elettrocardiogramma","/c/en/medicine","/c/en/protropin","/c/en/somatotropin"],"weight":0.20487999999999978,"degrees":[95,13,11938,10,47]},"num_concepts_raised":17182},{"base_id":664,"kind":"bot_words","i1":2,"i2":5,"sol":{"path":["/c/en/electrocardiogram","/c/fr/médecine","/c/en/music","/c/en/country","/c/en/morocco"],"weight":0.21430000000000013,"degrees":[95,9990,8822,2796,367]},"num_concepts_raised":19782},{"base_id":664,"kind":"bot_words","i1":2,"i2":6,"sol":{"path":["/c/en/electrocardiogram","/c/en/record","/c/en/side","/c/en/anticline"],"weight":0.20436999999999983,"degrees":[95,1856,1912,86]},"num_concepts_raised":19780},{"base_id":664,"kind":"bot_words","i1":2,"i2":7,"sol":{"path":["/c/en/electrocardiogram","/c/en/output","/c/en/flash","/c/en/bolt"],"weight":0.21667999999999846,"degrees":[95,379,923,707]},"num_concepts_raised":103162},{"base_id":664,"kind":"bot_words","i1":2,"i2":8,"sol":{"path":["/c/en/electrocardiogram","/c/fr/médecine","/c/en/abrasion","/c/en/attrition"],"weight":0.20511999999999972,"degrees":[95,9990,244,131]},"num_concepts_raised":26421},{"base_id":664,"kind":"bot_words","i1":2,"i2":9,"sol":{"path":["/c/en/electrocardiogram","/c/en/record","/c/en/criminal","/c/en/undesirable"],"weight":0.20605999999999947,"degrees":[95,1856,971,234]},"num_concepts_raised":38587},{"base_id":664,"kind":"bot_words","i1":3,"i2":4,"sol":{"path":["/c/en/gumshoe","/c/en/rubber","/c/en/synthetic","/c/en/growth_hormone","/c/en/somatotropin"],"weight":0.20429999999999984,"degrees":[40,605,537,90,47]},"num_concepts_raised":24979},{"base_id":664,"kind":"bot_words","i1":3,"i2":5,"sol":{"path":["/c/en/gumshoe","/c/en/shoe","/c/en/leather","/c/en/morocco"],"weight":0.21348000000000017,"degrees":[40,1347,911,367]},"num_concepts_raised":27425},{"base_id":664,"kind":"bot_words","i1":3,"i2":6,"sol":{"path":["/c/en/gumshoe","/c/en/galosh","/c/en/us","/c/en/side","/c/en/anticline"],"weight":0.2048199999999999,"degrees":[40,113,8154,1912,86]},"num_concepts_raised":27507},{"base_id":664,"kind":"bot_words","i1":3,"i2":7,"sol":{"path":["/c/en/gumshoe","/c/en/slang","/c/en/screw","/c/en/bolt"],"weight":0.2212099999999985,"degrees":[40,16318,694,707]},"num_concepts_raised":108507},{"base_id":664,"kind":"bot_words","i1":3,"i2":8,"sol":{"path":["/c/en/gumshoe","/c/en/shoe","/c/en/wear","/c/en/attrition"],"weight":0.20430999999999977,"degrees":[40,1347,1149,131]},"num_concepts_raised":34124},{"base_id":664,"kind":"bot_words","i1":3,"i2":9,"sol":{"path":["/c/en/gumshoe","/c/en/detective","/c/en/person","/c/en/undesirable"],"weight":0.20657999999999954,"degrees":[40,432,12935,234]},"num_concepts_raised":45464},{"base_id":664,"kind":"bot_words","i1":4,"i2":5,"sol":{"path":["/c/en/somatotropin","/c/en/biochemistry","/c/en/english_language","/c/en/gibraltar","/c/en/morocco"],"weight":0.2135000000000001,"degrees":[47,3629,579,246,367]},"num_concepts_raised":11171},{"base_id":664,"kind":"bot_words","i1":4,"i2":6,"sol":{"path":["/c/en/somatotropin","/c/en/biochemistry","/c/en/hamlet","/c/pl/siodło","/c/en/anticline"],"weight":0.2047599999999998,"degrees":[47,3629,519,22,86]},"num_concepts_raised":11200},{"base_id":664,"kind":"bot_words","i1":4,"i2":7,"sol":{"path":["/c/en/somatotropin","/c/en/biochemistry","/c/en/gate","/c/en/bolt"],"weight":0.21605999999999842,"degrees":[47,3629,931,707]},"num_concepts_raised":95028},{"base_id":664,"kind":"bot_words","i1":4,"i2":8,"sol":{"path":["/c/en/somatotropin","/c/en/growth_hormone","/c/en/synthetic","/c/en/linguistics","/c/en/attrition"],"weight":0.20532999999999968,"degrees":[47,90,537,4250,131]},"num_concepts_raised":17947},{"base_id":664,"kind":"bot_words","i1":4,"i2":9,"sol":{"path":["/c/en/somatotropin","/c/en/biochemistry","/c/en/base","/c/en/desirable","/c/en/undesirable"],"weight":0.20640999999999946,"degrees":[47,3629,2117,298,234]},"num_concepts_raised":30131},{"base_id":664,"kind":"bot_words","i1":5,"i2":6,"sol":{"path":["/c/en/morocco","/c/en/country","/c/en/fold","/c/en/anticline"],"weight":0.21415000000000012,"degrees":[367,2796,1091,86]},"num_concepts_raised":13745},{"base_id":664,"kind":"bot_words","i1":5,"i2":7,"sol":{"path":["/c/en/morocco","/c/en/country","/c/en/us","/c/en/bolt"],"weight":0.22848999999999875,"degrees":[367,2796,8154,707]},"num_concepts_raised":97210},{"base_id":664,"kind":"bot_words","i1":5,"i2":8,"sol":{"path":["/c/en/morocco","/c/en/rabat","/c/en/polish","/c/syc/ܫܘܦܐ","/c/en/attrition"],"weight":0.21852000000000002,"degrees":[367,41,1193,24,131]},"num_concepts_raised":20495},{"base_id":664,"kind":"bot_words","i1":5,"i2":9,"sol":{"path":["/c/en/morocco","/c/en/moroccan","/c/en/person","/c/en/undesirable"],"weight":0.2179899999999998,"degrees":[367,110,12935,234]},"num_concepts_raised":32559},{"base_id":664,"kind":"bot_words","i1":6,"i2":7,"sol":{"path":["/c/en/anticline","/c/en/geology","/c/en/slide","/c/en/bolt"],"weight":0.21878999999999849,"degrees":[86,3862,692,707]},"num_concepts_raised":96948},{"base_id":664,"kind":"bot_words","i1":6,"i2":8,"sol":{"path":["/c/en/anticline","/c/en/geology","/c/en/accretion","/c/en/attrition"],"weight":0.20607999999999974,"degrees":[86,3862,174,131]},"num_concepts_raised":20457},{"base_id":664,"kind":"bot_words","i1":6,"i2":9,"sol":{"path":["/c/en/anticline","/c/en/side","/c/en/person","/c/en/undesirable"],"weight":0.2061399999999995,"degrees":[86,1912,12935,234]},"num_concepts_raised":32620},{"base_id":664,"kind":"bot_words","i1":7,"i2":8,"sol":{"path":["/c/en/bolt","/c/en/us","/c/en/backfill","/c/en/attrition"],"weight":0.21910999999999833,"degrees":[707,8154,31,131]},"num_concepts_raised":103236},{"base_id":664,"kind":"bot_words","i1":7,"i2":9,"sol":{"path":["/c/en/bolt","/c/en/screw","/c/en/severity","/c/en/undesirable"],"weight":0.22298999999999808,"degrees":[707,694,216,234]},"num_concepts_raised":114161},{"base_id":664,"kind":"bot_words","i1":8,"i2":9,"sol":{"path":["/c/en/attrition","/c/en/sorrow","/c/en/person","/c/en/undesirable"],"weight":0.20663999999999938,"degrees":[131,807,12935,234]},"num_concepts_raised":39002}],[{"base_id":664,"kind":"top_words","i1":0,"i2":1,"sol":{"path":["/c/en/gonna","/c/en/gotta"],"weight":0.20400000000000001,"degrees":[30,31]},"num_concepts_raised":46},{"base_id":664,"kind":"top_words","i1":0,"i2":2,"sol":{"path":["/c/en/gonna","/c/en/gun","/c/en/shoot","/c/fr/oui","/c/en/yeah"],"weight":0.21165999999999957,"degrees":[30,1027,1406,366,141]},"num_concepts_raised":10306},{"base_id":664,"kind":"top_words","i1":0,"i2":3,"sol":{"path":["/c/en/gonna","/c/en/going_to","/c/en/will","/c/el/καλέ","/c/en/gosh"],"weight":0.21029999999999974,"degrees":[30,57,1057,13,77]},"num_concepts_raised":9355},{"base_id":664,"kind":"top_words","i1":0,"i2":4,"sol":{"path":["/c/en/gonna","/c/en/coulda","/c/en/slang","/c/en/geez"],"weight":0.2079899999999998,"degrees":[30,21,16318,46]},"num_concepts_raised":27435},{"base_id":664,"kind":"top_words","i1":0,"i2":5,"sol":{"path":["/c/en/gonna","/c/fr/aller","/c/fr/arrêter","/c/en/whoa"],"weight":0.20852999999999983,"degrees":[30,1211,715,89]},"num_concepts_raised":12982},{"base_id":664,"kind":"top_words","i1":0,"i2":6,"sol":{"path":["/c/en/gonna","/c/fr/aller","/c/fr/allez","/c/en/c'mon"],"weight":0.20824999999999977,"degrees":[30,1211,42,68]},"num_concepts_raised":5562},{"base_id":664,"kind":"top_words","i1":0,"i2":7,"sol":{"path":["/c/en/gonna","/c/en/going_to","/c/nds/gahn","/c/en/alright"],"weight":0.2102999999999997,"degrees":[30,57,26,75]},"num_concepts_raised":15732},{"base_id":664,"kind":"top_words","i1":0,"i2":8,"sol":{"path":["/c/en/gonna","/c/en/river","/c/ang/ea","/c/en/hey"],"weight":0.21093999999999952,"degrees":[30,2945,25,294]},"num_concepts_raised":32750},{"base_id":664,"kind":"top_words","i1":0,"i2":9,"sol":{"path":["/c/en/gonna","/c/fr/aller","/c/en/go","/c/en/okay"],"weight":0.2112599999999993,"degrees":[30,1211,2637,227]},"num_concepts_raised":38159},{"base_id":664,"kind":"top_words","i1":1,"i2":2,"sol":{"path":["/c/en/gotta","/c/en/have_to","/c/vi/phải","/c/en/yes","/c/en/yeah"],"weight":0.20730999999999966,"degrees":[31,191,34,813,141]},"num_concepts_raised":7451},{"base_id":664,"kind":"top_words","i1":1,"i2":3,"sol":{"path":["/c/en/gotta","/c/en/faith","/c/en/god","/c/en/gosh"],"weight":0.20326999999999978,"degrees":[31,701,1774,77]},"num_concepts_raised":6465},{"base_id":664,"kind":"top_words","i1":1,"i2":4,"sol":{"path":["/c/en/gotta","/c/en/got_to","/c/en/uk","/c/en/geez"],"weight":0.20400999999999983,"degrees":[31,22,5562,46]},"num_concepts_raised":24720},{"base_id":664,"kind":"top_words","i1":1,"i2":5,"sol":{"path":["/c/en/gotta","/c/en/have_to","/c/en/must","/c/en/command","/c/en/whoa"],"weight":0.20476999999999987,"degrees":[31,191,641,1215,89]},"num_concepts_raised":10169},{"base_id":664,"kind":"top_words","i1":1,"i2":6,"sol":{"path":["/c/en/gotta","/c/en/got_to","/c/en/uk","/c/en/come_on","/c/en/c'mon"],"weight":0.20448999999999984,"degrees":[31,22,5562,234,68]},"num_concepts_raised":2697},{"base_id":664,"kind":"top_words","i1":1,"i2":7,"sol":{"path":["/c/en/gotta","/c/en/got_to","/c/en/uk","/c/en/alright"],"weight":0.20437999999999978,"degrees":[31,22,5562,75]},"num_concepts_raised":12955},{"base_id":664,"kind":"top_words","i1":1,"i2":8,"sol":{"path":["/c/en/gotta","/c/en/gotcha","/c/ja/嗟","/c/en/hey"],"weight":0.20700999999999956,"degrees":[31,68,29,294]},"num_concepts_raised":30069},{"base_id":664,"kind":"top_words","i1":1,"i2":9,"sol":{"path":["/c/en/gotta","/c/fr/devoir","/c/fr/bon","/c/en/okay"],"weight":0.20751999999999937,"degrees":[31,786,758,227]},"num_concepts_raised":35590},{"base_id":664,"kind":"top_words","i1":2,"i2":3,"sol":{"path":["/c/en/yeah","/c/fr/ouais","/c/fr/surprise","/c/en/gosh"],"weight":0.20670999999999948,"degrees":[141,57,277,77]},"num_concepts_raised":9659},{"base_id":664,"kind":"top_words","i1":2,"i2":4,"sol":{"path":["/c/en/yeah","/c/en/yes","/c/en/slang","/c/en/geez"],"weight":0.20646999999999952,"degrees":[141,813,16318,46]},"num_concepts_raised":27759},{"base_id":664,"kind":"top_words","i1":2,"i2":5,"sol":{"path":["/c/en/yeah","/c/fr/ouah","/c/en/whoa"],"weight":0.202,"degrees":[141,38,89]},"num_concepts_raised":191},{"base_id":664,"kind":"top_words","i1":2,"i2":6,"sol":{"path":["/c/en/yeah","/c/zh/得了","/c/en/c'mon"],"weight":0.202,"degrees":[141,18,68]},"num_concepts_raised":177},{"base_id":664,"kind":"top_words","i1":2,"i2":7,"sol":{"path":["/c/en/yeah","/c/en/w00t","/c/en/alright"],"weight":0.202,"degrees":[141,27,75]},"num_concepts_raised":178},{"base_id":664,"kind":"top_words","i1":2,"i2":8,"sol":{"path":["/c/en/yeah","/c/fr/oui","/c/cs/hej","/c/en/hey"],"weight":0.21082999999999924,"degrees":[141,366,11,294]},"num_concepts_raised":32916},{"base_id":664,"kind":"top_words","i1":2,"i2":9,"sol":{"path":["/c/en/yeah","/c/de/klar","/c/en/okay"],"weight":0.202,"degrees":[141,265,227]},"num_concepts_raised":301},{"base_id":664,"kind":"top_words","i1":3,"i2":4,"sol":{"path":["/c/en/gosh","/c/fr/bon_sang","/c/en/geez"],"weight":0.203,"degrees":[77,21,46]},"num_concepts_raised":111},{"base_id":664,"kind":"top_words","i1":3,"i2":5,"sol":{"path":["/c/en/gosh","/c/hil/aba","/c/en/whew","/c/en/whoa"],"weight":0.20499999999999968,"degrees":[77,19,47,89]},"num_concepts_raised":12395},{"base_id":664,"kind":"top_words","i1":3,"i2":6,"sol":{"path":["/c/en/gosh","/c/en/gee","/c/en/slang","/c/fr/envoye","/c/en/c'mon"],"weight":0.20481999999999967,"degrees":[77,159,16318,18,68]},"num_concepts_raised":4947},{"base_id":664,"kind":"top_words","i1":3,"i2":7,"sol":{"path":["/c/en/gosh","/c/en/gee","/c/en/uk","/c/en/alright"],"weight":0.2039699999999996,"degrees":[77,159,5562,75]},"num_concepts_raised":15192},{"base_id":664,"kind":"top_words","i1":3,"i2":8,"sol":{"path":["/c/en/gosh","/c/el/βρε","/c/en/hey"],"weight":0.202,"degrees":[77,24,294]},"num_concepts_raised":313},{"base_id":664,"kind":"top_words","i1":3,"i2":9,"sol":{"path":["/c/en/gosh","/c/en/gee","/c/en/right","/c/en/okay"],"weight":0.20597999999999922,"degrees":[77,159,2319,227]},"num_concepts_raised":37795},{"base_id":664,"kind":"top_words","i1":4,"i2":5,"sol":{"path":["/c/en/geez","/c/en/slang","/c/en/horse","/c/en/whoa"],"weight":0.20385999999999974,"degrees":[46,16318,3068,89]},"num_concepts_raised":30415},{"base_id":664,"kind":"top_words","i1":4,"i2":6,"sol":{"path":["/c/en/geez","/c/en/slang","/c/fr/envoye","/c/en/c'mon"],"weight":0.2043899999999997,"degrees":[46,16318,18,68]},"num_concepts_raised":23219},{"base_id":664,"kind":"top_words","i1":4,"i2":7,"sol":{"path":["/c/en/geez","/c/en/uk","/c/en/alright"],"weight":0.202,"degrees":[46,5562,75]},"num_concepts_raised":111},{"base_id":664,"kind":"top_words","i1":4,"i2":8,"sol":{"path":["/c/en/geez","/c/pjt/ai","/c/en/hey"],"weight":0.202,"degrees":[46,5,294]},"num_concepts_raised":292},{"base_id":664,"kind":"top_words","i1":4,"i2":9,"sol":{"path":["/c/en/geez","/c/en/slang","/c/en/okay"],"weight":0.202,"degrees":[46,16318,227]},"num_concepts_raised":234},{"base_id":664,"kind":"top_words","i1":5,"i2":6,"sol":{"path":["/c/en/whoa","/c/en/giddyup","/c/pt/eia","/c/en/come_on","/c/en/c'mon"],"weight":0.20523999999999976,"degrees":[89,70,3,234,68]},"num_concepts_raised":8663},{"base_id":664,"kind":"top_words","i1":5,"i2":7,"sol":{"path":["/c/en/whoa","/c/en/stop","/c/en/uk","/c/en/alright"],"weight":0.20410999999999968,"degrees":[89,2126,5562,75]},"num_concepts_raised":18822},{"base_id":664,"kind":"top_words","i1":5,"i2":8,"sol":{"path":["/c/en/whoa","/c/fr/holà","/c/en/hey"],"weight":0.202,"degrees":[89,19,294]},"num_concepts_raised":320},{"base_id":664,"kind":"top_words","i1":5,"i2":9,"sol":{"path":["/c/en/whoa","/c/en/giddyup","/c/ja/はい","/c/en/okay"],"weight":0.20706999999999928,"degrees":[89,70,63,227]},"num_concepts_raised":41227},{"base_id":664,"kind":"top_words","i1":6,"i2":7,"sol":{"path":["/c/en/c'mon","/c/zh/得了","/c/en/all_right","/c/en/alright"],"weight":0.20591999999999966,"degrees":[68,18,233,75]},"num_concepts_raised":11465},{"base_id":664,"kind":"top_words","i1":6,"i2":8,"sol":{"path":["/c/en/c'mon","/c/en/come_on","/c/ja/ねえ","/c/en/hey"],"weight":0.20763999999999944,"degrees":[68,234,14,294]},"num_concepts_raised":28560},{"base_id":664,"kind":"top_words","i1":6,"i2":9,"sol":{"path":["/c/en/c'mon","/c/zh/得了","/c/en/all_right","/c/en/okay"],"weight":0.20836999999999925,"degrees":[68,18,233,227]},"num_concepts_raised":34167},{"base_id":664,"kind":"top_words","i1":7,"i2":8,"sol":{"path":["/c/en/alright","/c/en/hello","/c/en/hey"],"weight":0.20400000000000001,"degrees":[75,869,294]},"num_concepts_raised":312},{"base_id":664,"kind":"top_words","i1":7,"i2":9,"sol":{"path":["/c/en/alright","/c/en/okay"],"weight":0.20400000000000001,"degrees":[75,227]},"num_concepts_raised":238},{"base_id":664,"kind":"top_words","i1":8,"i2":9,"sol":{"path":["/c/en/hey","/c/en/o","/c/en/okay"],"weight":0.202,"degrees":[294,406,227]},"num_concepts_raised":435}]]