[[{"base_id":985,"kind":"bot_words","i1":0,"i2":1,"sol":{"path":["/c/en/phase","/c/en/generation","/c/en/blinker","/c/en/blinkers"],"weight":0.21656999999999832,"degrees":[660,655,112,32]},"num_concepts_raised":87675},{"base_id":985,"kind":"bot_words","i1":0,"i2":2,"sol":{"path":["/c/en/phase","/c/en/change","/c/en/personalize"],"weight":0.20400000000000001,"degrees":[660,3383,71]},"num_concepts_raised":598},{"base_id":985,"kind":"bot_words","i1":0,"i2":3,"sol":{"path":["/c/en/phase","/c/ja/相","/c/en/practice","/c/en/skepticism"],"weight":0.21796999999999822,"degrees":[660,100,1380,134]},"num_concepts_raised":98435},{"base_id":985,"kind":"bot_words","i1":0,"i2":4,"sol":{"path":["/c/en/phase","/c/en/steam","/c/en/angry","/c/en/infuriated"],"weight":0.21604999999999824,"degrees":[660,1036,1001,61]},"num_concepts_raised":81215},{"base_id":985,"kind":"bot_words","i1":0,"i2":5,"sol":{"path":["/c/en/phase","/c/en/stage","/c/en/stand","/c/en/freestanding"],"weight":0.22047999999999834,"degrees":[660,1366,1476,44]},"num_concepts_raised":86993},{"base_id":985,"kind":"bot_words","i1":0,"i2":6,"sol":{"path":["/c/en/phase","/c/en/music","/c/en/medicine","/c/en/misoprostol"],"weight":0.21978999999999832,"degrees":[660,8822,11938,23]},"num_concepts_raised":94513},{"base_id":985,"kind":"bot_words","i1":0,"i2":7,"sol":{"path":["/c/en/phase","/c/en/solid","/c/en/settle","/c/en/prorate"],"weight":0.21495999999999837,"degrees":[660,1304,1016,40]},"num_concepts_raised":84101},{"base_id":985,"kind":"bot_words","i1":0,"i2":8,"sol":{"path":["/c/en/phase","/c/en/music","/c/en/shoop"],"weight":0.20400000000000001,"degrees":[660,8822,30]},"num_concepts_raised":572},{"base_id":985,"kind":"bot_words","i1":0,"i2":9,"sol":{"path":["/c/en/phase","/c/pl/faza","/c/en/slang","/c/en/nutcase"],"weight":0.2169999999999983,"degrees":[660,21,16318,42]},"num_concepts_raised":102873},{"base_id":985,"kind":"bot_words","i1":1,"i2":2,"sol":{"path":["/c/en/blinkers","/c/en/eye","/c/fr/prêter","/c/fr/personnaliser","/c/en/personalize"],"weight":0.20552999999999985,"degrees":[32,2698,291,130,71]},"num_concepts_raised":26870},{"base_id":985,"kind":"bot_words","i1":1,"i2":3,"sol":{"path":["/c/en/blinkers","/c/en/horse","/c/en/us","/c/en/skepticism"],"weight":0.20415999999999973,"degrees":[32,3068,8154,134]},"num_concepts_raised":29153},{"base_id":985,"kind":"bot_words","i1":1,"i2":4,"sol":{"path":["/c/en/blinkers","/c/en/glare","/c/en/angry","/c/en/infuriated"],"weight":0.20421999999999974,"degrees":[32,253,1001,61]},"num_concepts_raised":10613},{"base_id":985,"kind":"bot_words","i1":1,"i2":5,"sol":{"path":["/c/en/blinkers","/c/en/dust","/c/en/set","/c/en/freestanding"],"weight":0.20300999999999988,"degrees":[32,1000,2628,44]},"num_concepts_raised":17155},{"base_id":985,"kind":"bot_words","i1":1,"i2":6,"sol":{"path":["/c/en/blinkers","/c/en/eye","/c/en/ulcer","/c/en/misoprostol"],"weight":0.20770999999999984,"degrees":[32,2698,269,23]},"num_concepts_raised":24496},{"base_id":985,"kind":"bot_words","i1":1,"i2":7,"sol":{"path":["/c/en/blinkers","/c/en/blinker","/c/en/light","/c/en/day","/c/en/prorate"],"weight":0.20501999999999987,"degrees":[32,112,4288,2168,40]},"num_concepts_raised":13897},{"base_id":985,"kind":"bot_words","i1":1,"i2":8,"sol":{"path":["/c/en/blinkers","/c/en/horse","/c/en/slang","/c/en/shoop"],"weight":0.20388999999999985,"degrees":[32,3068,16318,30]},"num_concepts_raised":44811},{"base_id":985,"kind":"bot_words","i1":1,"i2":9,"sol":{"path":["/c/en/blinkers","/c/en/dust","/c/en/slang","/c/en/nutcase"],"weight":0.20310999999999982,"degrees":[32,1000,16318,42]},"num_concepts_raised":33217},{"base_id":985,"kind":"bot_words","i1":2,"i2":3,"sol":{"path":["/c/en/personalize","/c/en/personal","/c/en/us","/c/en/skepticism"],"weight":0.20473999999999976,"degrees":[71,866,8154,134]},"num_concepts_raised":37999},{"base_id":985,"kind":"bot_words","i1":2,"i2":4,"sol":{"path":["/c/en/personalize","/c/fr/personnaliser","/c/fr/personne","/c/fr/furieux","/c/en/infuriated"],"weight":0.20596999999999974,"degrees":[71,130,3714,245,61]},"num_concepts_raised":19840},{"base_id":985,"kind":"bot_words","i1":2,"i2":5,"sol":{"path":["/c/en/personalize","/c/en/individual","/c/en/separate","/c/en/freestanding"],"weight":0.20386999999999988,"degrees":[71,882,1556,44]},"num_concepts_raised":26237},{"base_id":985,"kind":"bot_words","i1":2,"i2":6,"sol":{"path":["/c/en/personalize","/c/en/person","/c/en/ulcer","/c/en/misoprostol"],"weight":0.20828999999999986,"degrees":[71,12935,269,23]},"num_concepts_raised":33738},{"base_id":985,"kind":"bot_words","i1":2,"i2":7,"sol":{"path":["/c/en/personalize","/c/en/change","/c/en/settle","/c/en/prorate"],"weight":0.20346999999999987,"degrees":[71,3383,1016,40]},"num_concepts_raised":23012},{"base_id":985,"kind":"bot_words","i1":2,"i2":8,"sol":{"path":["/c/en/personalize","/c/en/individualize","/c/en/modify","/c/en/shoop"],"weight":0.20440999999999987,"degrees":[71,40,281,30]},"num_concepts_raised":53682},{"base_id":985,"kind":"bot_words","i1":2,"i2":9,"sol":{"path":["/c/en/personalize","/c/en/person","/c/en/crazy","/c/en/nutcase"],"weight":0.2037399999999998,"degrees":[71,12935,851,42]},"num_concepts_raised":42146},{"base_id":985,"kind":"bot_words","i1":3,"i2":4,"sol":{"path":["/c/en/skepticism","/c/fr/scepticisme","/c/fr/personne","/c/fr/furieux","/c/en/infuriated"],"weight":0.20576999999999965,"degrees":[134,69,3714,245,61]},"num_concepts_raised":22183},{"base_id":985,"kind":"bot_words","i1":3,"i2":5,"sol":{"path":["/c/en/skepticism","/c/en/philosophy","/c/en/free","/c/en/freestanding"],"weight":0.2044399999999998,"degrees":[134,2516,1709,44]},"num_concepts_raised":28632},{"base_id":985,"kind":"bot_words","i1":3,"i2":6,"sol":{"path":["/c/en/skepticism","/c/en/acquire","/c/en/medicine","/c/en/misoprostol"],"weight":0.20912999999999973,"degrees":[134,547,11938,23]},"num_concepts_raised":36010},{"base_id":985,"kind":"bot_words","i1":3,"i2":7,"sol":{"path":["/c/en/skepticism","/c/en/us","/c/en/calculate","/c/en/prorate"],"weight":0.20426999999999979,"degrees":[134,8154,590,40]},"num_concepts_raised":25335},{"base_id":985,"kind":"bot_words","i1":3,"i2":8,"sol":{"path":["/c/en/skepticism","/c/en/question","/c/en/sheep","/c/en/shoop"],"weight":0.20621999999999976,"degrees":[134,1408,1597,30]},"num_concepts_raised":55135},{"base_id":985,"kind":"bot_words","i1":3,"i2":9,"sol":{"path":["/c/en/skepticism","/c/en/us","/c/en/nut","/c/en/nutcase"],"weight":0.20642999999999972,"degrees":[134,8154,868,42]},"num_concepts_raised":43576},{"base_id":985,"kind":"bot_words","i1":4,"i2":5,"sol":{"path":["/c/en/infuriated","/c/en/angry","/c/en/rise","/c/en/stand","/c/en/freestanding"],"weight":0.20452999999999977,"degrees":[61,1001,1687,1476,44]},"num_concepts_raised":10091},{"base_id":985,"kind":"bot_words","i1":4,"i2":6,"sol":{"path":["/c/en/infuriated","/c/en/angry","/c/ru/злой","/c/en/medicine","/c/en/misoprostol"],"weight":0.20926999999999973,"degrees":[61,1001,53,11938,23]},"num_concepts_raised":17407},{"base_id":985,"kind":"bot_words","i1":4,"i2":7,"sol":{"path":["/c/en/infuriated","/c/en/angry","/c/en/livid","/c/en/divide","/c/en/prorate"],"weight":0.20446999999999976,"degrees":[61,1001,97,1102,40]},"num_concepts_raised":6687},{"base_id":985,"kind":"bot_words","i1":4,"i2":8,"sol":{"path":["/c/en/infuriated","/c/en/angry","/c/en/black","/c/en/sheep","/c/en/shoop"],"weight":0.20631999999999975,"degrees":[61,1001,1965,1597,30]},"num_concepts_raised":38153},{"base_id":985,"kind":"bot_words","i1":4,"i2":9,"sol":{"path":["/c/en/infuriated","/c/fr/furieux","/c/fi/sekopää","/c/en/nutcase"],"weight":0.20336999999999972,"degrees":[61,245,19,42]},"num_concepts_raised":26316},{"base_id":985,"kind":"bot_words","i1":5,"i2":6,"sol":{"path":["/c/en/freestanding","/c/en/detached","/c/en/exclave","/c/en/medicine","/c/en/misoprostol"],"weight":0.20921999999999985,"degrees":[44,151,43,11938,23]},"num_concepts_raised":24049},{"base_id":985,"kind":"bot_words","i1":5,"i2":7,"sol":{"path":["/c/en/freestanding","/c/en/separate","/c/en/divide","/c/en/prorate"],"weight":0.20339999999999991,"degrees":[44,1556,1102,40]},"num_concepts_raised":12976},{"base_id":985,"kind":"bot_words","i1":5,"i2":8,"sol":{"path":["/c/en/freestanding","/c/en/set","/c/en/slang","/c/en/shoop"],"weight":0.20405999999999988,"degrees":[44,2628,16318,30]},"num_concepts_raised":44405},{"base_id":985,"kind":"bot_words","i1":5,"i2":9,"sol":{"path":["/c/en/freestanding","/c/en/set","/c/en/slang","/c/en/nutcase"],"weight":0.20328999999999986,"degrees":[44,2628,16318,42]},"num_concepts_raised":32847},{"base_id":985,"kind":"bot_words","i1":6,"i2":7,"sol":{"path":["/c/en/misoprostol","/c/en/medicine","/c/en/administer","/c/en/distribute","/c/en/prorate"],"weight":0.20799999999999985,"degrees":[23,11938,395,582,40]},"num_concepts_raised":20689},{"base_id":985,"kind":"bot_words","i1":6,"i2":8,"sol":{"path":["/c/en/misoprostol","/c/en/medicine","/c/en/slang","/c/en/shoop"],"weight":0.20881999999999984,"degrees":[23,11938,16318,30]},"num_concepts_raised":51834},{"base_id":985,"kind":"bot_words","i1":6,"i2":9,"sol":{"path":["/c/en/misoprostol","/c/en/medicine","/c/en/slang","/c/en/nutcase"],"weight":0.2080599999999998,"degrees":[23,11938,16318,42]},"num_concepts_raised":40177},{"base_id":985,"kind":"bot_words","i1":7,"i2":8,"sol":{"path":["/c/en/prorate","/c/en/divide","/c/en/music","/c/en/shoop"],"weight":0.2029299999999999,"degrees":[40,1102,8822,30]},"num_concepts_raised":41317},{"base_id":985,"kind":"bot_words","i1":7,"i2":9,"sol":{"path":["/c/en/prorate","/c/en/distribute","/c/en/case","/c/en/nutcase"],"weight":0.20309999999999984,"degrees":[40,582,1773,42]},"num_concepts_raised":29583},{"base_id":985,"kind":"bot_words","i1":8,"i2":9,"sol":{"path":["/c/en/shoop","/c/en/slang","/c/en/nutcase"],"weight":0.203,"degrees":[30,16318,42]},"num_concepts_raised":64}],[{"base_id":985,"kind":"top_words","i1":0,"i2":1,"sol":{"path":["/c/en/bosnian","/c/en/serbo_croatian","/c/en/literary","/c/en/puissant"],"weight":0.2064699999999995,"degrees":[168,177,6728,36]},"num_concepts_raised":26160},{"base_id":985,"kind":"top_words","i1":0,"i2":2,"sol":{"path":["/c/en/bosnian","/c/fr/bosnien","/c/fr/gentilés","/c/fr/ingouche","/c/en/ingush"],"weight":0.2072999999999995,"degrees":[168,47,1186,36,24]},"num_concepts_raised":17547},{"base_id":985,"kind":"top_words","i1":0,"i2":3,"sol":{"path":["/c/en/bosnian","/c/fr/linguistique","/c/fr/perfectif","/c/en/perfective"],"weight":0.20740999999999943,"degrees":[168,7455,62,101]},"num_concepts_raised":27958},{"base_id":985,"kind":"top_words","i1":0,"i2":4,"sol":{"path":["/c/en/bosnian","/c/en/serbo_croatian","/c/en/serb"],"weight":0.20400000000000001,"degrees":[168,177,76]},"num_concepts_raised":211},{"base_id":985,"kind":"top_words","i1":0,"i2":5,"sol":{"path":["/c/en/bosnian","/c/fr/linguistique","/c/mul/rn","/c/en/radon"],"weight":0.21527999999999983,"degrees":[168,7455,31,271]},"num_concepts_raised":36379},{"base_id":985,"kind":"top_words","i1":0,"i2":6,"sol":{"path":["/c/en/bosnian","/c/en/yugoslavia","/c/en/federal_republic_of_yugoslavia","/c/en/federation"],"weight":0.21386999999999962,"degrees":[168,229,5,339]},"num_concepts_raised":38235},{"base_id":985,"kind":"top_words","i1":0,"i2":7,"sol":{"path":["/c/en/bosnian","/c/en/serbo_croatian","/c/en/literary","/c/en/garreteer","/c/en/garret"],"weight":0.20700999999999956,"degrees":[168,177,6728,7,71]},"num_concepts_raised":18702},{"base_id":985,"kind":"top_words","i1":0,"i2":8,"sol":{"path":["/c/en/bosnian","/c/en/bosnia_and_herzegovina","/c/en/balkans","/c/en/bogomil"],"weight":0.21147999999999947,"degrees":[168,316,187,30]},"num_concepts_raised":18731},{"base_id":985,"kind":"top_words","i1":0,"i2":9,"sol":{"path":["/c/en/bosnian","/c/en/bosnia_and_herzegovina","/c/en/country","/c/en/somaliland"],"weight":0.2125399999999992,"degrees":[168,316,2796,115]},"num_concepts_raised":26566},{"base_id":985,"kind":"top_words","i1":1,"i2":2,"sol":{"path":["/c/en/puissant","/c/fr/puissant","/c/en/strong","/c/en/us","/c/en/caucasian","/c/en/ingush"],"weight":0.21035779999999993,"degrees":[36,371,1566,8154,155,24]},"num_concepts_raised":321766},{"base_id":985,"kind":"top_words","i1":1,"i2":3,"sol":{"path":["/c/en/puissant","/c/fr/puissant","/c/en/terrible","/c/en/perfect","/c/en/perfective"],"weight":0.2082899999999998,"degrees":[36,371,539,750,101]},"num_concepts_raised":19928},{"base_id":985,"kind":"top_words","i1":1,"i2":4,"sol":{"path":["/c/en/puissant","/c/en/literary","/c/en/serbo_croatian","/c/en/serb"],"weight":0.20353999999999978,"degrees":[36,6728,177,76]},"num_concepts_raised":16625},{"base_id":985,"kind":"top_words","i1":1,"i2":5,"sol":{"path":["/c/en/puissant","/c/fr/puissance","/c/fr/physique","/c/en/radon"],"weight":0.21174000000000026,"degrees":[36,597,6029,271]},"num_concepts_raised":28375},{"base_id":985,"kind":"top_words","i1":1,"i2":6,"sol":{"path":["/c/en/puissant","/c/en/authority","/c/en/political","/c/en/federation"],"weight":0.21243,"degrees":[36,1198,1034,339]},"num_concepts_raised":30368},{"base_id":985,"kind":"top_words","i1":1,"i2":7,"sol":{"path":["/c/en/puissant","/c/en/literary","/c/en/garreteer","/c/en/garret"],"weight":0.20341999999999996,"degrees":[36,6728,7,71]},"num_concepts_raised":10569},{"base_id":985,"kind":"top_words","i1":1,"i2":8,"sol":{"path":["/c/en/puissant","/c/fr/puissance","/c/fr/religion","/c/fr/bogomile","/c/en/bogomil"],"weight":0.20999999999999985,"degrees":[36,597,6634,24,30]},"num_concepts_raised":10630},{"base_id":985,"kind":"top_words","i1":1,"i2":9,"sol":{"path":["/c/en/puissant","/c/fr/puissant","/c/vi/cường_quốc","/c/en/country","/c/en/somaliland"],"weight":0.2111999999999996,"degrees":[36,371,10,2796,115]},"num_concepts_raised":18678},{"base_id":985,"kind":"top_words","i1":2,"i2":3,"sol":{"path":["/c/en/ingush","/c/en/substantive_case","/c/en/grammar","/c/en/perfective"],"weight":0.20513999999999988,"degrees":[24,10,6397,101]},"num_concepts_raised":11214},{"base_id":985,"kind":"top_words","i1":2,"i2":4,"sol":{"path":["/c/en/ingush","/c/fr/ingouche","/c/fr/gentilés","/c/fr/serbe","/c/en/serb"],"weight":0.2067399999999998,"degrees":[24,36,1186,153,76]},"num_concepts_raised":7898},{"base_id":985,"kind":"top_words","i1":2,"i2":5,"sol":{"path":["/c/en/ingush","/c/en/caucasian","/c/en/us","/c/en/gas","/c/en/radon"],"weight":0.2116000000000003,"degrees":[24,155,8154,1636,271]},"num_concepts_raised":19672},{"base_id":985,"kind":"top_words","i1":2,"i2":6,"sol":{"path":["/c/en/ingush","/c/en/ingushetia","/c/en/republic","/c/en/state","/c/en/federation"],"weight":0.21450000000000008,"degrees":[24,136,709,3243,339]},"num_concepts_raised":21747},{"base_id":985,"kind":"top_words","i1":2,"i2":7,"sol":{"path":["/c/en/ingush","/c/en/caucasian","/c/en/us","/c/en/like_cat_in_strange_garret","/c/en/garret"],"weight":0.20330000000000004,"degrees":[24,155,8154,7,71]},"num_concepts_raised":1754},{"base_id":985,"kind":"top_words","i1":2,"i2":8,"sol":{"path":["/c/en/ingush","/c/en/caucasian","/c/en/us","/c/en/given_name","/c/en/bogomil"],"weight":0.20774999999999993,"degrees":[24,155,8154,1247,30]},"num_concepts_raised":1815},{"base_id":985,"kind":"top_words","i1":2,"i2":9,"sol":{"path":["/c/en/ingush","/c/en/ingushetia","/c/en/administrative_region","/c/en/country","/c/en/somaliland"],"weight":0.21091999999999966,"degrees":[24,136,476,2796,115]},"num_concepts_raised":9973},{"base_id":985,"kind":"top_words","i1":3,"i2":4,"sol":{"path":["/c/en/perfective","/c/en/perfect","/c/en/legal","/c/en/serb"],"weight":0.20654999999999973,"degrees":[101,750,6627,76]},"num_concepts_raised":18398},{"base_id":985,"kind":"top_words","i1":3,"i2":5,"sol":{"path":["/c/en/perfective","/c/en/grammar","/c/fr/ellipse","/c/fr/radon","/c/en/radon"],"weight":0.2191700000000002,"degrees":[101,6397,215,109,271]},"num_concepts_raised":30203},{"base_id":985,"kind":"top_words","i1":3,"i2":6,"sol":{"path":["/c/en/perfective","/c/en/perfect","/c/en/state","/c/en/federation"],"weight":0.2157,"degrees":[101,750,3243,339]},"num_concepts_raised":31986},{"base_id":985,"kind":"top_words","i1":3,"i2":7,"sol":{"path":["/c/en/perfective","/c/en/grammar","/c/en/atticistic","/c/en/attic","/c/en/garret"],"weight":0.20663999999999993,"degrees":[101,6397,11,487,71]},"num_concepts_raised":12345},{"base_id":985,"kind":"top_words","i1":3,"i2":8,"sol":{"path":["/c/en/perfective","/c/fr/parfait","/c/fr/cathare","/c/fr/bogomile","/c/en/bogomil"],"weight":0.21103999999999984,"degrees":[101,331,43,24,30]},"num_concepts_raised":12407},{"base_id":985,"kind":"top_words","i1":3,"i2":9,"sol":{"path":["/c/en/perfective","/c/en/perfect","/c/en/state","/c/en/somaliland"],"weight":0.21199999999999958,"degrees":[101,750,3243,115]},"num_concepts_raised":20371},{"base_id":985,"kind":"top_words","i1":4,"i2":5,"sol":{"path":["/c/en/serb","/c/en/serbian","/c/fr/linguistique","/c/mul/rn","/c/en/radon"],"weight":0.21693000000000015,"degrees":[76,236,7455,31,271]},"num_concepts_raised":26924},{"base_id":985,"kind":"top_words","i1":4,"i2":6,"sol":{"path":["/c/en/serb","/c/en/serbia","/c/en/federal_republic_of_yugoslavia","/c/en/federation"],"weight":0.21514999999999992,"degrees":[76,457,5,339]},"num_concepts_raised":28724},{"base_id":985,"kind":"top_words","i1":4,"i2":7,"sol":{"path":["/c/en/serb","/c/en/legal","/c/fr/partie","/c/fr/mansarde","/c/en/garret"],"weight":0.20507999999999987,"degrees":[76,6627,2399,73,71]},"num_concepts_raised":9043},{"base_id":985,"kind":"top_words","i1":4,"i2":8,"sol":{"path":["/c/en/serb","/c/en/serbia","/c/en/balkans","/c/en/bogomil"],"weight":0.21067999999999978,"degrees":[76,457,187,30]},"num_concepts_raised":9091},{"base_id":985,"kind":"top_words","i1":4,"i2":9,"sol":{"path":["/c/en/serb","/c/en/serbia","/c/en/country","/c/en/somaliland"],"weight":0.21177999999999952,"degrees":[76,457,2796,115]},"num_concepts_raised":17120},{"base_id":985,"kind":"top_words","i1":5,"i2":6,"sol":{"path":["/c/en/radon","/c/en/gas","/c/en/state","/c/en/federation"],"weight":0.2213600000000004,"degrees":[271,1636,3243,339]},"num_concepts_raised":40678},{"base_id":985,"kind":"top_words","i1":5,"i2":7,"sol":{"path":["/c/en/radon","/c/fr/radon","/c/fr/français","/c/fr/mansarde","/c/en/garret"],"weight":0.21846000000000032,"degrees":[271,109,99079,73,71]},"num_concepts_raised":20799},{"base_id":985,"kind":"top_words","i1":5,"i2":8,"sol":{"path":["/c/en/radon","/c/en/radium","/c/en/ray","/c/en/given_name","/c/en/bogomil"],"weight":0.21874000000000027,"degrees":[271,271,681,1247,30]},"num_concepts_raised":20875},{"base_id":985,"kind":"top_words","i1":5,"i2":9,"sol":{"path":["/c/en/radon","/c/en/gas","/c/en/state","/c/en/somaliland"],"weight":0.21766,"degrees":[271,1636,3243,115]},"num_concepts_raised":29003},{"base_id":985,"kind":"top_words","i1":6,"i2":7,"sol":{"path":["/c/en/federation","/c/en/society","/c/en/culture","/c/en/attic","/c/en/garret"],"weight":0.2138000000000001,"degrees":[339,1024,1324,487,71]},"num_concepts_raised":22871},{"base_id":985,"kind":"top_words","i1":6,"i2":8,"sol":{"path":["/c/en/federation","/c/en/australia","/c/en/given_name","/c/en/bogomil"],"weight":0.21738000000000002,"degrees":[339,2690,1247,30]},"num_concepts_raised":22917},{"base_id":985,"kind":"top_words","i1":6,"i2":9,"sol":{"path":["/c/en/federation","/c/en/state","/c/en/somaliland"],"weight":0.20600000000000002,"degrees":[339,3243,115]},"num_concepts_raised":341},{"base_id":985,"kind":"top_words","i1":7,"i2":8,"sol":{"path":["/c/en/garret","/c/en/solar","/c/en/sol","/c/en/given_name","/c/en/bogomil"],"weight":0.20844,"degrees":[71,274,201,1247,30]},"num_concepts_raised":2966},{"base_id":985,"kind":"top_words","i1":7,"i2":9,"sol":{"path":["/c/en/garret","/c/en/loft","/c/en/city","/c/en/hargeisa","/c/en/somaliland"],"weight":0.2119499999999997,"degrees":[71,321,3758,73,115]},"num_concepts_raised":11104},{"base_id":985,"kind":"top_words","i1":8,"i2":9,"sol":{"path":["/c/en/bogomil","/c/pt/bogomilo","/c/en/historical","/c/en/africa","/c/en/somaliland"],"weight":0.21588999999999964,"degrees":[30,6,8415,860,115]},"num_concepts_raised":11165}]]