[[{"base_id":626,"kind":"bot_words","i1":0,"i2":1,"sol":{"path":["/c/en/periodontal","/c/en/tooth","/c/ja/せいし","/c/en/deity","/c/en/mikoshi"],"weight":0.20784999999999984,"degrees":[33,1284,142,647,29]},"num_concepts_raised":12357},{"base_id":626,"kind":"bot_words","i1":0,"i2":2,"sol":{"path":["/c/en/periodontal","/c/en/tooth","/c/en/mouth","/c/en/speech","/c/en/monologue"],"weight":0.21203999999999995,"degrees":[33,1284,1902,1403,170]},"num_concepts_raised":17678},{"base_id":626,"kind":"bot_words","i1":0,"i2":3,"sol":{"path":["/c/en/periodontal","/c/en/tooth","/c/en/taste","/c/en/quality","/c/en/foreignness"],"weight":0.2029399999999999,"degrees":[33,1284,1479,1710,39]},"num_concepts_raised":11880},{"base_id":626,"kind":"bot_words","i1":0,"i2":4,"sol":{"path":["/c/en/periodontal","/c/fr/anatomie","/c/en/cuticle","/c/en/epidermis","/c/en/epidermal"],"weight":0.20399999999999985,"degrees":[33,8035,94,283,35]},"num_concepts_raised":9791},{"base_id":626,"kind":"bot_words","i1":0,"i2":5,"sol":{"path":["/c/en/periodontal","/c/fr/parodontal","/c/fr/os","/c/en/slang","/c/en/shorty"],"weight":0.2089499999999998,"degrees":[33,21,539,16318,44]},"num_concepts_raised":29439},{"base_id":626,"kind":"bot_words","i1":0,"i2":6,"sol":{"path":["/c/en/periodontal","/c/fr/anatomie","/c/fr/structure","/c/fr/biochimie","/c/en/ribonuclease"],"weight":0.20851999999999987,"degrees":[33,8035,378,3693,71]},"num_concepts_raised":17332},{"base_id":626,"kind":"bot_words","i1":0,"i2":7,"sol":{"path":["/c/en/periodontal","/c/en/tooth","/c/en/root","/c/en/science","/c/en/geoinformatics"],"weight":0.20812999999999987,"degrees":[33,1284,1503,1674,42]},"num_concepts_raised":14274},{"base_id":626,"kind":"bot_words","i1":0,"i2":8,"sol":{"path":["/c/en/periodontal","/c/fr/anatomie","/c/fr/profond","/c/fr/révérer","/c/en/revere"],"weight":0.20651999999999965,"degrees":[33,8035,458,129,165]},"num_concepts_raised":22204},{"base_id":626,"kind":"bot_words","i1":0,"i2":9,"sol":{"path":["/c/en/periodontal","/c/en/tooth","/c/en/crown","/c/en/large","/c/en/rangy"],"weight":0.2039199999999999,"degrees":[33,1284,1373,1592,33]},"num_concepts_raised":14262},{"base_id":626,"kind":"bot_words","i1":1,"i2":2,"sol":{"path":["/c/en/mikoshi","/c/en/divine","/c/en/reveal","/c/en/soliloquy","/c/en/monologue"],"weight":0.2175399999999999,"degrees":[29,718,651,136,170]},"num_concepts_raised":11478},{"base_id":626,"kind":"bot_words","i1":1,"i2":3,"sol":{"path":["/c/en/mikoshi","/c/en/deity","/c/en/divinity","/c/en/quality","/c/en/foreignness"],"weight":0.20790999999999982,"degrees":[29,647,184,1710,39]},"num_concepts_raised":5664},{"base_id":626,"kind":"bot_words","i1":1,"i2":4,"sol":{"path":["/c/en/mikoshi","/c/en/transport","/c/en/blood","/c/en/sea_louse","/c/en/epidermal"],"weight":0.2077199999999998,"degrees":[29,1411,2253,21,35]},"num_concepts_raised":3602},{"base_id":626,"kind":"bot_words","i1":1,"i2":5,"sol":{"path":["/c/en/mikoshi","/c/en/deity","/c/en/humorous","/c/en/shorty"],"weight":0.21288999999999975,"degrees":[29,647,2269,44]},"num_concepts_raised":23245},{"base_id":626,"kind":"bot_words","i1":1,"i2":6,"sol":{"path":["/c/en/mikoshi","/c/en/transport","/c/en/transhydrogenase","/c/en/enzyme","/c/en/ribonuclease"],"weight":0.21338999999999983,"degrees":[29,1411,9,2499,71]},"num_concepts_raised":11117},{"base_id":626,"kind":"bot_words","i1":1,"i2":7,"sol":{"path":["/c/en/mikoshi","/c/en/deity","/c/en/religion","/c/en/science","/c/en/geoinformatics"],"weight":0.2130499999999998,"degrees":[29,647,3331,1674,42]},"num_concepts_raised":8092},{"base_id":626,"kind":"bot_words","i1":1,"i2":8,"sol":{"path":["/c/en/mikoshi","/c/en/shinto","/c/en/worship","/c/en/revere"],"weight":0.2098199999999996,"degrees":[29,371,833,165]},"num_concepts_raised":15782},{"base_id":626,"kind":"bot_words","i1":1,"i2":9,"sol":{"path":["/c/en/mikoshi","/c/en/transport","/c/en/moving","/c/en/mobile","/c/en/rangy"],"weight":0.20887999999999984,"degrees":[29,1411,521,484,33]},"num_concepts_raised":8082},{"base_id":626,"kind":"bot_words","i1":2,"i2":3,"sol":{"path":["/c/en/monologue","/c/en/loser","/c/en/quality","/c/en/foreignness"],"weight":0.20993999999999993,"degrees":[170,274,1710,39]},"num_concepts_raised":10982},{"base_id":626,"kind":"bot_words","i1":2,"i2":4,"sol":{"path":["/c/en/monologue","/c/en/comedy","/c/en/sting","/c/en/epidermis","/c/en/epidermal"],"weight":0.2110699999999999,"degrees":[170,385,725,283,35]},"num_concepts_raised":8959},{"base_id":626,"kind":"bot_words","i1":2,"i2":5,"sol":{"path":["/c/en/monologue","/c/en/speech","/c/en/slang","/c/en/shorty"],"weight":0.21712999999999985,"degrees":[170,1403,16318,44]},"num_concepts_raised":28329},{"base_id":626,"kind":"bot_words","i1":2,"i2":6,"sol":{"path":["/c/en/monologue","/c/en/speech","/c/en/transcription","/c/en/ribonucleic_acid","/c/en/ribonuclease"],"weight":0.21747999999999995,"degrees":[170,1403,261,106,71]},"num_concepts_raised":16491},{"base_id":626,"kind":"bot_words","i1":2,"i2":7,"sol":{"path":["/c/en/monologue","/c/en/line","/c/en/engineering","/c/en/geoinformatics"],"weight":0.2151399999999999,"degrees":[170,3018,1177,42]},"num_concepts_raised":13384},{"base_id":626,"kind":"bot_words","i1":2,"i2":8,"sol":{"path":["/c/en/monologue","/c/en/testimony","/c/en/religion","/c/en/revere"],"weight":0.21151999999999968,"degrees":[170,317,3331,165]},"num_concepts_raised":21229},{"base_id":626,"kind":"bot_words","i1":2,"i2":9,"sol":{"path":["/c/en/monologue","/c/en/speech","/c/en/long","/c/en/rangy"],"weight":0.21202999999999997,"degrees":[170,1403,1806,33]},"num_concepts_raised":13339},{"base_id":626,"kind":"bot_words","i1":3,"i2":4,"sol":{"path":["/c/en/foreignness","/c/en/foreign","/c/en/outer","/c/en/epidermis","/c/en/epidermal"],"weight":0.20400999999999983,"degrees":[39,917,295,283,35]},"num_concepts_raised":3120},{"base_id":626,"kind":"bot_words","i1":3,"i2":5,"sol":{"path":["/c/en/foreignness","/c/en/foreign","/c/en/person","/c/en/short","/c/en/shorty"],"weight":0.2081699999999998,"degrees":[39,917,12935,1446,44]},"num_concepts_raised":22728},{"base_id":626,"kind":"bot_words","i1":3,"i2":6,"sol":{"path":["/c/en/foreignness","/c/en/foreign","/c/en/heterotherapy","/c/en/protein","/c/en/ribonuclease"],"weight":0.20848999999999987,"degrees":[39,917,6,3124,71]},"num_concepts_raised":10653},{"base_id":626,"kind":"bot_words","i1":3,"i2":7,"sol":{"path":["/c/en/foreignness","/c/en/strangeness","/c/en/physics","/c/en/science","/c/en/geoinformatics"],"weight":0.20821999999999985,"degrees":[39,91,9094,1674,42]},"num_concepts_raised":7604},{"base_id":626,"kind":"bot_words","i1":3,"i2":8,"sol":{"path":["/c/en/foreignness","/c/en/quality","/c/en/respect","/c/en/revere"],"weight":0.20629999999999965,"degrees":[39,1710,1090,165]},"num_concepts_raised":15462},{"base_id":626,"kind":"bot_words","i1":3,"i2":9,"sol":{"path":["/c/en/foreignness","/c/en/foreign","/c/en/person","/c/en/mobile","/c/en/rangy"],"weight":0.2039999999999999,"degrees":[39,917,12935,484,33]},"num_concepts_raised":7594},{"base_id":626,"kind":"bot_words","i1":4,"i2":5,"sol":{"path":["/c/en/epidermal","/c/en/epidermis","/c/en/skin","/c/en/slang","/c/en/shorty"],"weight":0.20910999999999974,"degrees":[35,283,2372,16318,44]},"num_concepts_raised":20757},{"base_id":626,"kind":"bot_words","i1":4,"i2":6,"sol":{"path":["/c/en/epidermal","/c/en/epiplakin","/c/en/protein","/c/en/ribonuclease"],"weight":0.2083999999999998,"degrees":[35,5,3124,71]},"num_concepts_raised":8559},{"base_id":626,"kind":"bot_words","i1":4,"i2":7,"sol":{"path":["/c/en/epidermal","/c/en/epiblema","/c/en/botany","/c/en/science","/c/en/geoinformatics"],"weight":0.2080599999999998,"degrees":[35,23,6881,1674,42]},"num_concepts_raised":5558},{"base_id":626,"kind":"bot_words","i1":4,"i2":8,"sol":{"path":["/c/en/epidermal","/c/en/epidermis","/c/en/apolysis","/c/en/religion","/c/en/revere"],"weight":0.2055899999999996,"degrees":[35,283,14,3331,165]},"num_concepts_raised":13457},{"base_id":626,"kind":"bot_words","i1":4,"i2":9,"sol":{"path":["/c/en/epidermal","/c/en/epiblema","/c/en/cell","/c/en/mobile","/c/en/rangy"],"weight":0.20389999999999986,"degrees":[35,23,2433,484,33]},"num_concepts_raised":5555},{"base_id":626,"kind":"bot_words","i1":5,"i2":6,"sol":{"path":["/c/en/shorty","/c/en/short","/c/en/butanoic_acid","/c/fr/biochimie","/c/en/ribonuclease"],"weight":0.21374999999999977,"degrees":[44,1446,28,3693,71]},"num_concepts_raised":28283},{"base_id":626,"kind":"bot_words","i1":5,"i2":7,"sol":{"path":["/c/en/shorty","/c/en/humorous","/c/en/science","/c/en/geoinformatics"],"weight":0.21315999999999977,"degrees":[44,2269,1674,42]},"num_concepts_raised":25155},{"base_id":626,"kind":"bot_words","i1":5,"i2":8,"sol":{"path":["/c/en/shorty","/c/en/slang","/c/en/holy","/c/en/revere"],"weight":0.20961999999999956,"degrees":[44,16318,638,165]},"num_concepts_raised":32908},{"base_id":626,"kind":"bot_words","i1":5,"i2":9,"sol":{"path":["/c/en/shorty","/c/en/tall","/c/en/gangling","/c/en/rangy"],"weight":0.20909999999999984,"degrees":[44,640,48,33]},"num_concepts_raised":24889},{"base_id":626,"kind":"bot_words","i1":6,"i2":7,"sol":{"path":["/c/en/ribonuclease","/c/fi/ribonukleaasi","/c/en/chemistry","/c/en/science","/c/en/geoinformatics"],"weight":0.21569999999999984,"degrees":[71,10,11754,1674,42]},"num_concepts_raised":13091},{"base_id":626,"kind":"bot_words","i1":6,"i2":8,"sol":{"path":["/c/en/ribonuclease","/c/en/protein","/c/en/expression","/c/en/respect","/c/en/revere"],"weight":0.21183999999999964,"degrees":[71,3124,1025,1090,165]},"num_concepts_raised":20986},{"base_id":626,"kind":"bot_words","i1":6,"i2":9,"sol":{"path":["/c/en/ribonuclease","/c/en/protein","/c/en/fat","/c/en/large","/c/en/rangy"],"weight":0.20944999999999991,"degrees":[71,3124,1429,1592,33]},"num_concepts_raised":13086},{"base_id":626,"kind":"bot_words","i1":7,"i2":8,"sol":{"path":["/c/en/geoinformatics","/c/en/science","/c/en/religion","/c/en/revere"],"weight":0.2097399999999996,"degrees":[42,1674,3331,165]},"num_concepts_raised":17897},{"base_id":626,"kind":"bot_words","i1":7,"i2":9,"sol":{"path":["/c/en/geoinformatics","/c/en/science","/c/en/biology","/c/en/mobile","/c/en/rangy"],"weight":0.20915999999999987,"degrees":[42,1674,6216,484,33]},"num_concepts_raised":10000},{"base_id":626,"kind":"bot_words","i1":8,"i2":9,"sol":{"path":["/c/en/revere","/c/en/respect","/c/en/deep","/c/en/large","/c/en/rangy"],"weight":0.20732999999999968,"degrees":[165,1090,984,1592,33]},"num_concepts_raised":17879}],[{"base_id":626,"kind":"top_words","i1":0,"i2":1,"sol":{"path":["/c/en/blench","/c/en/cheat","/c/en/bite","/c/en/biting","/c/en/bitingly"],"weight":0.2047699999999998,"degrees":[37,971,1109,171,25]},"num_concepts_raised":8049},{"base_id":626,"kind":"top_words","i1":0,"i2":2,"sol":{"path":["/c/en/blench","/c/en/deceit","/c/en/person","/c/en/leo"],"weight":0.21504999999999966,"degrees":[37,263,12935,266]},"num_concepts_raised":35720},{"base_id":626,"kind":"top_words","i1":0,"i2":3,"sol":{"path":["/c/en/blench","/c/en/obstruct","/c/en/hang","/c/en/lave"],"weight":0.2034399999999997,"degrees":[37,623,1144,83]},"num_concepts_raised":29052},{"base_id":626,"kind":"top_words","i1":0,"i2":4,"sol":{"path":["/c/en/blench","/c/en/trick","/c/en/loop","/c/en/cycler"],"weight":0.20274999999999982,"degrees":[37,1286,551,24]},"num_concepts_raised":39722},{"base_id":626,"kind":"top_words","i1":0,"i2":5,"sol":{"path":["/c/en/blench","/c/en/cheat","/c/en/shaft","/c/en/architecture","/c/en/spandrel"],"weight":0.20401999999999976,"degrees":[37,971,621,2564,41]},"num_concepts_raised":18204},{"base_id":626,"kind":"top_words","i1":0,"i2":6,"sol":{"path":["/c/en/blench","/c/en/cheat","/c/en/test","/c/en/chemistry","/c/en/theobromine"],"weight":0.20928999999999978,"degrees":[37,971,1443,11754,60]},"num_concepts_raised":23815},{"base_id":626,"kind":"top_words","i1":0,"i2":7,"sol":{"path":["/c/en/blench","/c/en/cheat","/c/en/beat","/c/en/wind","/c/en/windless"],"weight":0.20508999999999986,"degrees":[37,971,1834,2373,31]},"num_concepts_raised":10813},{"base_id":626,"kind":"top_words","i1":0,"i2":8,"sol":{"path":["/c/en/blench","/c/en/cheat","/c/en/train","/c/en/plant","/c/en/laburnum"],"weight":0.2095899999999998,"degrees":[37,971,1408,7959,78]},"num_concepts_raised":18611},{"base_id":626,"kind":"top_words","i1":0,"i2":9,"sol":{"path":["/c/en/blench","/c/en/blink","/c/en/computing","/c/en/determinism"],"weight":0.20985999999999994,"degrees":[37,370,9084,147]},"num_concepts_raised":24097},{"base_id":626,"kind":"top_words","i1":1,"i2":2,"sol":{"path":["/c/en/bitingly","/c/fr/amer","/c/fr/localités","/c/fr/léon","/c/en/leo"],"weight":0.21753999999999968,"degrees":[25,315,110113,90,266]},"num_concepts_raised":30187},{"base_id":626,"kind":"top_words","i1":1,"i2":3,"sol":{"path":["/c/en/bitingly","/c/en/bitter","/c/en/like","/c/en/wash","/c/en/lave"],"weight":0.20573999999999973,"degrees":[25,776,2357,1410,83]},"num_concepts_raised":23689},{"base_id":626,"kind":"top_words","i1":1,"i2":4,"sol":{"path":["/c/en/bitingly","/c/en/bitter","/c/en/computing","/c/en/cycler"],"weight":0.20264999999999986,"degrees":[25,776,9084,24]},"num_concepts_raised":34142},{"base_id":626,"kind":"top_words","i1":1,"i2":5,"sol":{"path":["/c/en/bitingly","/c/en/bitter","/c/en/architecture","/c/en/spandrel"],"weight":0.2029099999999998,"degrees":[25,776,2564,41]},"num_concepts_raised":12585},{"base_id":626,"kind":"top_words","i1":1,"i2":6,"sol":{"path":["/c/en/bitingly","/c/en/bitter","/c/en/chocolate","/c/en/theobromine"],"weight":0.2081799999999998,"degrees":[25,776,758,60]},"num_concepts_raised":18092},{"base_id":626,"kind":"top_words","i1":1,"i2":7,"sol":{"path":["/c/en/bitingly","/c/en/bitter","/c/en/like","/c/en/wind","/c/en/windless"],"weight":0.20397999999999988,"degrees":[25,776,2357,2373,31]},"num_concepts_raised":5120},{"base_id":626,"kind":"top_words","i1":1,"i2":8,"sol":{"path":["/c/en/bitingly","/c/en/bitter","/c/fr/bitter","/c/fr/plantes","/c/en/laburnum"],"weight":0.20851999999999984,"degrees":[25,776,78,4188,78]},"num_concepts_raised":12911},{"base_id":626,"kind":"top_words","i1":1,"i2":9,"sol":{"path":["/c/en/bitingly","/c/en/bitter","/c/en/computing","/c/en/determinism"],"weight":0.20977999999999997,"degrees":[25,776,9084,147]},"num_concepts_raised":18490},{"base_id":626,"kind":"top_words","i1":2,"i2":3,"sol":{"path":["/c/en/leo","/c/en/person","/c/en/run","/c/en/lave"],"weight":0.2158199999999996,"degrees":[266,12935,2730,83]},"num_concepts_raised":50810},{"base_id":626,"kind":"top_words","i1":2,"i2":4,"sol":{"path":["/c/en/leo","/c/pt/leão","/c/en/astronomy","/c/en/cycler"],"weight":0.2193899999999997,"degrees":[266,59,4553,24]},"num_concepts_raised":60584},{"base_id":626,"kind":"top_words","i1":2,"i2":5,"sol":{"path":["/c/en/leo","/c/en/astrology","/c/en/oriental","/c/en/spandrel"],"weight":0.21535999999999966,"degrees":[266,921,150,41]},"num_concepts_raised":39976},{"base_id":626,"kind":"top_words","i1":2,"i2":6,"sol":{"path":["/c/en/leo","/c/en/company","/c/en/alkaloid","/c/en/theobromine"],"weight":0.22038999999999967,"degrees":[266,2258,674,60]},"num_concepts_raised":45848},{"base_id":626,"kind":"top_words","i1":2,"i2":7,"sol":{"path":["/c/en/leo","/c/en/lee","/c/nl/luwte","/c/en/windless"],"weight":0.21703999999999973,"degrees":[266,171,9,31]},"num_concepts_raised":32871},{"base_id":626,"kind":"top_words","i1":2,"i2":8,"sol":{"path":["/c/en/leo","/c/la/leo","/c/en/plant","/c/en/laburnum"],"weight":0.2251699999999997,"degrees":[266,95,7959,78]},"num_concepts_raised":40635},{"base_id":626,"kind":"top_words","i1":2,"i2":9,"sol":{"path":["/c/en/leo","/c/en/person","/c/en/free_will","/c/en/determinism"],"weight":0.22212999999999983,"degrees":[266,12935,188,147]},"num_concepts_raised":45533},{"base_id":626,"kind":"top_words","i1":3,"i2":4,"sol":{"path":["/c/en/lave","/c/en/wash","/c/en/cycle","/c/en/cycler"],"weight":0.20562999999999976,"degrees":[83,1410,621,24]},"num_concepts_raised":54838},{"base_id":626,"kind":"top_words","i1":3,"i2":5,"sol":{"path":["/c/en/lave","/c/en/wash","/c/en/architecture","/c/en/spandrel"],"weight":0.2058499999999997,"degrees":[83,1410,2564,41]},"num_concepts_raised":33501},{"base_id":626,"kind":"top_words","i1":3,"i2":6,"sol":{"path":["/c/en/lave","/c/en/drink","/c/en/chocolate","/c/en/theobromine"],"weight":0.2088799999999997,"degrees":[83,2548,758,60]},"num_concepts_raised":39331},{"base_id":626,"kind":"top_words","i1":3,"i2":7,"sol":{"path":["/c/en/lave","/c/en/rest","/c/en/wind","/c/en/windless"],"weight":0.20570999999999978,"degrees":[83,2053,2373,31]},"num_concepts_raised":26299},{"base_id":626,"kind":"top_words","i1":3,"i2":8,"sol":{"path":["/c/en/lave","/c/en/lavender","/c/en/plant","/c/en/laburnum"],"weight":0.20914999999999973,"degrees":[83,148,7959,78]},"num_concepts_raised":34178},{"base_id":626,"kind":"top_words","i1":3,"i2":9,"sol":{"path":["/c/en/lave","/c/en/draw","/c/en/determine","/c/en/determinism"],"weight":0.21242999999999984,"degrees":[83,1953,759,147]},"num_concepts_raised":39393},{"base_id":626,"kind":"top_words","i1":4,"i2":5,"sol":{"path":["/c/en/cycler","/c/en/computing","/c/en/architecture","/c/en/spandrel"],"weight":0.2028499999999998,"degrees":[24,9084,2564,41]},"num_concepts_raised":43801},{"base_id":626,"kind":"top_words","i1":4,"i2":6,"sol":{"path":["/c/en/cycler","/c/en/biochemistry","/c/en/chemistry","/c/en/theobromine"],"weight":0.20819999999999983,"degrees":[24,3629,11754,60]},"num_concepts_raised":48934},{"base_id":626,"kind":"top_words","i1":4,"i2":7,"sol":{"path":["/c/en/cycler","/c/en/euphemistic","/c/fr/vent","/c/en/windless"],"weight":0.20269999999999988,"degrees":[24,1186,923,31]},"num_concepts_raised":36867},{"base_id":626,"kind":"top_words","i1":4,"i2":8,"sol":{"path":["/c/en/cycler","/c/en/cyclist","/c/en/being","/c/en/plant","/c/en/laburnum"],"weight":0.20939999999999986,"degrees":[24,233,910,7959,78]},"num_concepts_raised":44555},{"base_id":626,"kind":"top_words","i1":4,"i2":9,"sol":{"path":["/c/en/cycler","/c/en/computing","/c/en/determinism"],"weight":0.20400000000000001,"degrees":[24,9084,147]},"num_concepts_raised":118},{"base_id":626,"kind":"top_words","i1":5,"i2":6,"sol":{"path":["/c/en/spandrel","/c/en/side_effect","/c/en/drug","/c/en/theobromine"],"weight":0.20819999999999977,"degrees":[41,127,4920,60]},"num_concepts_raised":28280},{"base_id":626,"kind":"top_words","i1":5,"i2":7,"sol":{"path":["/c/en/spandrel","/c/en/characteristic","/c/en/wind","/c/en/windless"],"weight":0.20400999999999983,"degrees":[41,882,2373,31]},"num_concepts_raised":15299},{"base_id":626,"kind":"top_words","i1":5,"i2":8,"sol":{"path":["/c/en/spandrel","/c/en/surface","/c/en/plant","/c/en/laburnum"],"weight":0.2085599999999998,"degrees":[41,1764,7959,78]},"num_concepts_raised":23093},{"base_id":626,"kind":"top_words","i1":5,"i2":9,"sol":{"path":["/c/en/spandrel","/c/en/architecture","/c/en/computing","/c/en/determinism"],"weight":0.20997999999999992,"degrees":[41,2564,9084,147]},"num_concepts_raised":28339},{"base_id":626,"kind":"top_words","i1":6,"i2":7,"sol":{"path":["/c/en/theobromine","/c/en/chemistry","/c/en/air","/c/en/wind","/c/en/windless"],"weight":0.20946999999999985,"degrees":[60,11754,1965,2373,31]},"num_concepts_raised":20907},{"base_id":626,"kind":"top_words","i1":6,"i2":8,"sol":{"path":["/c/en/theobromine","/c/en/alkaloid","/c/en/laburnine","/c/en/laburnum"],"weight":0.21392999999999981,"degrees":[60,674,7,78]},"num_concepts_raised":28621},{"base_id":626,"kind":"top_words","i1":6,"i2":9,"sol":{"path":["/c/en/theobromine","/c/en/cocoa","/c/en/computing","/c/en/determinism"],"weight":0.21521999999999994,"degrees":[60,206,9084,147]},"num_concepts_raised":34133},{"base_id":626,"kind":"top_words","i1":7,"i2":8,"sol":{"path":["/c/en/windless","/c/en/wind","/c/en/energy","/c/en/plant","/c/en/laburnum"],"weight":0.20973999999999987,"degrees":[31,2373,1631,7959,78]},"num_concepts_raised":15705},{"base_id":626,"kind":"top_words","i1":7,"i2":9,"sol":{"path":["/c/en/windless","/c/en/wind","/c/en/physical","/c/en/indeterminism","/c/en/determinism"],"weight":0.21315,"degrees":[31,2373,1078,62,147]},"num_concepts_raised":21244},{"base_id":626,"kind":"top_words","i1":8,"i2":9,"sol":{"path":["/c/en/laburnum","/c/en/plant","/c/en/set","/c/en/determine","/c/en/determinism"],"weight":0.21756999999999999,"degrees":[78,7959,2628,759,147]},"num_concepts_raised":29026}]]