[[{"base_id":567,"kind":"bot_words","i1":0,"i2":1,"sol":{"path":["/c/en/amortization","/c/en/payment","/c/en/bill","/c/en/nuts","/c/en/nutty"],"weight":0.20484999999999992,"degrees":[75,1024,1413,240,51]},"num_concepts_raised":7367},{"base_id":567,"kind":"bot_words","i1":0,"i2":2,"sol":{"path":["/c/en/amortization","/c/en/write_off","/c/en/asset","/c/en/aircraft","/c/en/copilot"],"weight":0.20407999999999998,"degrees":[75,149,321,1135,67]},"num_concepts_raised":5135},{"base_id":567,"kind":"bot_words","i1":0,"i2":3,"sol":{"path":["/c/en/amortization","/c/en/payment","/c/en/benefit","/c/en/fruitful","/c/en/unfruitful"],"weight":0.2062499999999999,"degrees":[75,1024,938,283,85]},"num_concepts_raised":3920},{"base_id":567,"kind":"bot_words","i1":0,"i2":4,"sol":{"path":["/c/en/amortization","/c/en/decrease","/c/en/suppress","/c/en/repress"],"weight":0.20702999999999955,"degrees":[75,915,419,205]},"num_concepts_raised":17178},{"base_id":567,"kind":"bot_words","i1":0,"i2":5,"sol":{"path":["/c/en/amortization","/c/fr/amortissement","/c/fr/droit","/c/fr/anatomie","/c/en/gluteus"],"weight":0.20579999999999987,"degrees":[75,93,4052,8035,45]},"num_concepts_raised":28890},{"base_id":567,"kind":"bot_words","i1":0,"i2":6,"sol":{"path":["/c/en/amortization","/c/en/depletion","/c/en/fatigue","/c/en/corvee"],"weight":0.20370999999999995,"degrees":[75,106,511,46]},"num_concepts_raised":6015},{"base_id":567,"kind":"bot_words","i1":0,"i2":7,"sol":{"path":["/c/en/amortization","/c/fr/amortissement","/c/fr/redevance","/c/fr/brassage","/c/en/brewing"],"weight":0.21587999999999968,"degrees":[75,93,139,39,130]},"num_concepts_raised":11776},{"base_id":567,"kind":"bot_words","i1":0,"i2":8,"sol":{"path":["/c/en/amortization","/c/en/payment","/c/en/work","/c/en/mushaira","/c/en/ghazal"],"weight":0.20379999999999995,"degrees":[75,1024,4013,11,56]},"num_concepts_raised":3034},{"base_id":567,"kind":"bot_words","i1":0,"i2":9,"sol":{"path":["/c/en/amortization","/c/ru/амортизация","/c/en/action","/c/en/art","/c/en/graffiti"],"weight":0.21399999999999975,"degrees":[75,40,2156,1987,214]},"num_concepts_raised":16580},{"base_id":567,"kind":"bot_words","i1":1,"i2":2,"sol":{"path":["/c/en/nutty","/c/en/nut","/c/en/ground","/c/en/pilot","/c/en/copilot"],"weight":0.2048699999999999,"degrees":[51,868,1836,658,67]},"num_concepts_raised":6725},{"base_id":567,"kind":"bot_words","i1":1,"i2":3,"sol":{"path":["/c/en/nutty","/c/en/nut","/c/fr/fruit","/c/fr/infructueux","/c/en/unfruitful"],"weight":0.20610999999999985,"degrees":[51,868,1108,43,85]},"num_concepts_raised":5512},{"base_id":567,"kind":"bot_words","i1":1,"i2":4,"sol":{"path":["/c/en/nutty","/c/en/nut","/c/en/us","/c/en/suppress","/c/en/repress"],"weight":0.20673999999999948,"degrees":[51,868,8154,419,205]},"num_concepts_raised":18965},{"base_id":567,"kind":"bot_words","i1":1,"i2":5,"sol":{"path":["/c/en/nutty","/c/en/nuts","/c/en/slang","/c/en/gluteus"],"weight":0.20435999999999982,"degrees":[51,240,16318,45]},"num_concepts_raised":30260},{"base_id":567,"kind":"bot_words","i1":1,"i2":6,"sol":{"path":["/c/en/nutty","/c/en/nuts","/c/en/slang","/c/en/lord","/c/en/corvee"],"weight":0.2044999999999999,"degrees":[51,240,16318,988,46]},"num_concepts_raised":7688},{"base_id":567,"kind":"bot_words","i1":1,"i2":7,"sol":{"path":["/c/en/nutty","/c/en/nut","/c/en/rack","/c/en/brewing"],"weight":0.2093999999999996,"degrees":[51,868,554,130]},"num_concepts_raised":13309},{"base_id":567,"kind":"bot_words","i1":1,"i2":8,"sol":{"path":["/c/en/nutty","/c/fr/aromatique","/c/fr/essentiel","/c/fr/poésie","/c/fa/غزل","/c/en/ghazal"],"weight":0.21276049999999985,"degrees":[51,192,252,666,14,56]},"num_concepts_raised":371425},{"base_id":567,"kind":"bot_words","i1":1,"i2":9,"sol":{"path":["/c/en/nutty","/c/en/squirrel","/c/en/up","/c/en/graffiti"],"weight":0.21042999999999967,"degrees":[51,1113,1184,214]},"num_concepts_raised":18126},{"base_id":567,"kind":"bot_words","i1":2,"i2":3,"sol":{"path":["/c/en/copilot","/c/fr/copilote","/c/fr/personne","/c/fr/fruit","/c/fr/infructueux","/c/en/unfruitful"],"weight":0.21561439999999993,"degrees":[67,29,3714,1108,43,85]},"num_concepts_raised":222009},{"base_id":567,"kind":"bot_words","i1":2,"i2":4,"sol":{"path":["/c/en/copilot","/c/en/aircraft","/c/en/check","/c/en/repress"],"weight":0.20534999999999953,"degrees":[67,1135,1537,205]},"num_concepts_raised":16748},{"base_id":567,"kind":"bot_words","i1":2,"i2":5,"sol":{"path":["/c/en/copilot","/c/en/number_two","/c/en/slang","/c/en/gluteus"],"weight":0.2034299999999999,"degrees":[67,45,16318,45]},"num_concepts_raised":28233},{"base_id":567,"kind":"bot_words","i1":2,"i2":6,"sol":{"path":["/c/en/copilot","/c/en/pilot","/c/en/guide","/c/en/lord","/c/en/corvee"],"weight":0.20469999999999994,"degrees":[67,658,953,988,46]},"num_concepts_raised":5470},{"base_id":567,"kind":"bot_words","i1":2,"i2":7,"sol":{"path":["/c/en/copilot","/c/en/number_two","/c/en/slang","/c/en/brew","/c/en/brewing"],"weight":0.21167999999999965,"degrees":[67,45,16318,250,130]},"num_concepts_raised":11130},{"base_id":567,"kind":"bot_words","i1":2,"i2":8,"sol":{"path":["/c/en/copilot","/c/en/aircraft","/c/en/spin","/c/ur/غزل","/c/en/ghazal"],"weight":0.20375999999999994,"degrees":[67,1135,858,7,56]},"num_concepts_raised":2388},{"base_id":567,"kind":"bot_words","i1":2,"i2":9,"sol":{"path":["/c/en/copilot","/c/en/aircraft","/c/en/bomb","/c/en/graffiti"],"weight":0.21072999999999975,"degrees":[67,1135,798,214]},"num_concepts_raised":15928},{"base_id":567,"kind":"bot_words","i1":3,"i2":4,"sol":{"path":["/c/en/unfruitful","/c/fr/infructueux","/c/fr/fort","/c/en/press","/c/en/repress"],"weight":0.20865999999999948,"degrees":[85,43,1008,1438,205]},"num_concepts_raised":15576},{"base_id":567,"kind":"bot_words","i1":3,"i2":5,"sol":{"path":["/c/en/unfruitful","/c/en/sterile","/c/en/mule","/c/en/slang","/c/en/gluteus"],"weight":0.2058199999999998,"degrees":[85,204,496,16318,45]},"num_concepts_raised":27079},{"base_id":567,"kind":"bot_words","i1":3,"i2":6,"sol":{"path":["/c/en/unfruitful","/c/fr/infructueux","/c/fr/profit","/c/fr/corvée","/c/en/corvee"],"weight":0.2080899999999999,"degrees":[85,43,316,113,46]},"num_concepts_raised":4262},{"base_id":567,"kind":"bot_words","i1":3,"i2":7,"sol":{"path":["/c/en/unfruitful","/c/en/sterile","/c/en/reproduce","/c/en/production","/c/en/brewing"],"weight":0.2118499999999996,"degrees":[85,204,417,852,130]},"num_concepts_raised":9937},{"base_id":567,"kind":"bot_words","i1":3,"i2":8,"sol":{"path":["/c/en/unfruitful","/c/fr/infructueux","/c/fr/fructueux","/c/fr/poésie","/c/fa/غزل","/c/en/ghazal"],"weight":0.21573629999999988,"degrees":[85,43,34,666,14,56]},"num_concepts_raised":74294},{"base_id":567,"kind":"bot_words","i1":3,"i2":9,"sol":{"path":["/c/en/unfruitful","/c/en/sterile","/c/en/overburden","/c/en/archaeology","/c/en/graffiti"],"weight":0.21307999999999966,"degrees":[85,204,83,724,214]},"num_concepts_raised":14783},{"base_id":567,"kind":"bot_words","i1":4,"i2":5,"sol":{"path":["/c/en/repress","/c/th/อด","/c/en/slang","/c/en/gluteus"],"weight":0.20468999999999943,"degrees":[205,32,16318,45]},"num_concepts_raised":40310},{"base_id":567,"kind":"bot_words","i1":4,"i2":6,"sol":{"path":["/c/en/repress","/c/en/reduce","/c/en/military","/c/fr/corvée","/c/en/corvee"],"weight":0.2071499999999995,"degrees":[205,1258,5690,113,46]},"num_concepts_raised":17691},{"base_id":567,"kind":"bot_words","i1":4,"i2":7,"sol":{"path":["/c/en/repress","/c/ms/membuat","/c/en/brew","/c/en/brewing"],"weight":0.21287999999999924,"degrees":[205,83,250,130]},"num_concepts_raised":23191},{"base_id":567,"kind":"bot_words","i1":4,"i2":8,"sol":{"path":["/c/en/repress","/c/en/check","/c/en/work","/c/en/mushaira","/c/en/ghazal"],"weight":0.20508999999999952,"degrees":[205,1537,4013,11,56]},"num_concepts_raised":14697},{"base_id":567,"kind":"bot_words","i1":4,"i2":9,"sol":{"path":["/c/en/repress","/c/en/develop","/c/en/piece","/c/en/graffiti"],"weight":0.2120199999999993,"degrees":[205,924,1565,214]},"num_concepts_raised":27890},{"base_id":567,"kind":"bot_words","i1":5,"i2":6,"sol":{"path":["/c/en/gluteus","/c/en/slang","/c/en/lord","/c/en/corvee"],"weight":0.20313999999999988,"degrees":[45,16318,988,46]},"num_concepts_raised":29221},{"base_id":567,"kind":"bot_words","i1":5,"i2":7,"sol":{"path":["/c/en/gluteus","/c/en/slang","/c/en/brew","/c/en/brewing"],"weight":0.21124999999999955,"degrees":[45,16318,250,130]},"num_concepts_raised":34656},{"base_id":567,"kind":"bot_words","i1":5,"i2":8,"sol":{"path":["/c/en/gluteus","/c/en/slang","/c/en/work","/c/en/mushaira","/c/en/ghazal"],"weight":0.20322999999999986,"degrees":[45,16318,4013,11,56]},"num_concepts_raised":26198},{"base_id":567,"kind":"bot_words","i1":5,"i2":9,"sol":{"path":["/c/en/gluteus","/c/en/slang","/c/en/tag","/c/en/graffiti"],"weight":0.21053999999999962,"degrees":[45,16318,590,214]},"num_concepts_raised":39360},{"base_id":567,"kind":"bot_words","i1":6,"i2":7,"sol":{"path":["/c/en/corvee","/c/fr/corvée","/c/en/military","/c/en/mask","/c/en/brewing"],"weight":0.21142999999999965,"degrees":[46,113,5690,668,130]},"num_concepts_raised":12103},{"base_id":567,"kind":"bot_words","i1":6,"i2":8,"sol":{"path":["/c/en/corvee","/c/fi/taksvärkki","/c/en/work","/c/en/mushaira","/c/en/ghazal"],"weight":0.20437999999999995,"degrees":[46,14,4013,11,56]},"num_concepts_raised":3375},{"base_id":567,"kind":"bot_words","i1":6,"i2":9,"sol":{"path":["/c/en/corvee","/c/fr/corvée","/c/fr/polyptyque","/c/en/art","/c/en/graffiti"],"weight":0.21469999999999972,"degrees":[46,113,50,1987,214]},"num_concepts_raised":16897},{"base_id":567,"kind":"bot_words","i1":7,"i2":8,"sol":{"path":["/c/en/brewing","/c/en/production","/c/en/poetry","/c/fa/غزل","/c/en/ghazal"],"weight":0.21140999999999965,"degrees":[130,852,1176,14,56]},"num_concepts_raised":9065},{"base_id":567,"kind":"bot_words","i1":7,"i2":9,"sol":{"path":["/c/en/brewing","/c/en/production","/c/en/art","/c/en/graffiti"],"weight":0.2184399999999994,"degrees":[130,852,1987,214]},"num_concepts_raised":22327},{"base_id":567,"kind":"bot_words","i1":8,"i2":9,"sol":{"path":["/c/en/ghazal","/c/fa/غزل","/c/en/poetry","/c/en/art","/c/en/graffiti"],"weight":0.2147999999999997,"degrees":[56,14,1176,1987,214]},"num_concepts_raised":13899}],[{"base_id":567,"kind":"top_words","i1":0,"i2":1,"sol":{"path":["/c/en/snide","/c/en/supercilious","/c/en/disdainful","/c/en/condescending"],"weight":0.2053799999999997,"degrees":[71,113,152,106]},"num_concepts_raised":10470},{"base_id":567,"kind":"top_words","i1":0,"i2":2,"sol":{"path":["/c/en/snide","/c/en/sarcastic"],"weight":0.202,"degrees":[71,322]},"num_concepts_raised":333},{"base_id":567,"kind":"top_words","i1":0,"i2":3,"sol":{"path":["/c/en/snide","/c/de/abfällig","/c/en/disparaging"],"weight":0.203,"degrees":[71,73,128]},"num_concepts_raised":174},{"base_id":567,"kind":"top_words","i1":0,"i2":4,"sol":{"path":["/c/en/snide","/c/en/smart_arse","/c/en/flippant"],"weight":0.202,"degrees":[71,18,128]},"num_concepts_raised":180},{"base_id":567,"kind":"top_words","i1":0,"i2":5,"sol":{"path":["/c/en/snide","/c/en/sarcastic","/c/en/caustic","/c/en/vitriolic"],"weight":0.20476999999999962,"degrees":[71,322,165,54]},"num_concepts_raised":19210},{"base_id":567,"kind":"top_words","i1":0,"i2":6,"sol":{"path":["/c/en/snide","/c/en/put_down","/c/en/person","/c/en/sexist"],"weight":0.20447999999999977,"degrees":[71,199,12935,117]},"num_concepts_raised":27828},{"base_id":567,"kind":"top_words","i1":0,"i2":7,"sol":{"path":["/c/en/snide","/c/ru/язвительный","/c/en/caustic"],"weight":0.202,"degrees":[71,23,165]},"num_concepts_raised":202},{"base_id":567,"kind":"top_words","i1":0,"i2":8,"sol":{"path":["/c/en/snide","/c/en/derisive"],"weight":0.202,"degrees":[71,95]},"num_concepts_raised":141},{"base_id":567,"kind":"top_words","i1":0,"i2":9,"sol":{"path":["/c/en/snide","/c/de/abfällig","/c/en/derogatory"],"weight":0.203,"degrees":[71,73,3326]},"num_concepts_raised":3287},{"base_id":567,"kind":"top_words","i1":1,"i2":2,"sol":{"path":["/c/en/condescending","/c/en/contemptuous","/c/en/disrespectful","/c/en/sarcastic"],"weight":0.2084699999999992,"degrees":[106,122,147,322]},"num_concepts_raised":13798},{"base_id":567,"kind":"top_words","i1":1,"i2":3,"sol":{"path":["/c/en/condescending","/c/de/herablassend","/c/de/abwertend","/c/en/disparaging"],"weight":0.20716999999999972,"degrees":[106,53,527,128]},"num_concepts_raised":13750},{"base_id":567,"kind":"top_words","i1":1,"i2":4,"sol":{"path":["/c/en/condescending","/c/en/contemptuous","/c/en/disrespectful","/c/en/flippant"],"weight":0.2052299999999997,"degrees":[106,122,147,128]},"num_concepts_raised":13932},{"base_id":567,"kind":"top_words","i1":1,"i2":5,"sol":{"path":["/c/en/condescending","/c/en/superior","/c/en/crack","/c/en/chemistry","/c/en/vitriolic"],"weight":0.2051499999999998,"degrees":[106,694,1064,11754,54]},"num_concepts_raised":15922},{"base_id":567,"kind":"top_words","i1":1,"i2":6,"sol":{"path":["/c/en/condescending","/c/en/condescension","/c/en/person","/c/en/sexist"],"weight":0.20632999999999996,"degrees":[106,119,12935,117]},"num_concepts_raised":24576},{"base_id":567,"kind":"top_words","i1":1,"i2":7,"sol":{"path":["/c/en/condescending","/c/en/condescension","/c/en/person","/c/en/burn","/c/en/caustic"],"weight":0.20780999999999966,"degrees":[106,119,12935,1773,165]},"num_concepts_raised":30560},{"base_id":567,"kind":"top_words","i1":1,"i2":8,"sol":{"path":["/c/en/condescending","/c/en/contemptuous","/c/en/mocking","/c/en/derisive"],"weight":0.20687999999999981,"degrees":[106,122,100,95]},"num_concepts_raised":6029},{"base_id":567,"kind":"top_words","i1":1,"i2":9,"sol":{"path":["/c/en/condescending","/c/en/matronize","/c/en/derogatory"],"weight":0.202,"degrees":[106,13,3326]},"num_concepts_raised":3300},{"base_id":567,"kind":"top_words","i1":2,"i2":3,"sol":{"path":["/c/en/sarcastic","/c/en/sardonic","/c/tr/küçümseyici","/c/en/disparaging"],"weight":0.21060999999999905,"degrees":[322,80,3,128]},"num_concepts_raised":20393},{"base_id":567,"kind":"top_words","i1":2,"i2":4,"sol":{"path":["/c/en/sarcastic","/c/en/disrespectful","/c/en/flippant"],"weight":0.203,"degrees":[322,147,128]},"num_concepts_raised":390},{"base_id":567,"kind":"top_words","i1":2,"i2":5,"sol":{"path":["/c/en/sarcastic","/c/en/corrosive","/c/en/vitriolic"],"weight":0.203,"degrees":[322,119,54]},"num_concepts_raised":327},{"base_id":567,"kind":"top_words","i1":2,"i2":6,"sol":{"path":["/c/en/sarcastic","/c/en/great","/c/en/sex","/c/en/sexist"],"weight":0.2087199999999993,"degrees":[322,1453,1592,117]},"num_concepts_raised":30923},{"base_id":567,"kind":"top_words","i1":2,"i2":7,"sol":{"path":["/c/en/sarcastic","/c/en/caustic"],"weight":0.202,"degrees":[322,165]},"num_concepts_raised":407},{"base_id":567,"kind":"top_words","i1":2,"i2":8,"sol":{"path":["/c/en/sarcastic","/c/en/disrespectful","/c/en/derisive"],"weight":0.20400000000000001,"degrees":[322,147,95]},"num_concepts_raised":355},{"base_id":567,"kind":"top_words","i1":2,"i2":9,"sol":{"path":["/c/en/sarcastic","/c/en/flip","/c/en/derogatory"],"weight":0.202,"degrees":[322,351,3326]},"num_concepts_raised":3499},{"base_id":567,"kind":"top_words","i1":3,"i2":4,"sol":{"path":["/c/en/disparaging","/c/en/derogatory","/c/en/flip","/c/en/flippant"],"weight":0.20655999999999952,"degrees":[128,3326,351,128]},"num_concepts_raised":20482},{"base_id":567,"kind":"top_words","i1":3,"i2":5,"sol":{"path":["/c/en/disparaging","/c/en/derogatory","/c/en/bitchy","/c/en/caustic","/c/en/vitriolic"],"weight":0.20675999999999964,"degrees":[128,3326,46,165,54]},"num_concepts_raised":22522},{"base_id":567,"kind":"top_words","i1":3,"i2":6,"sol":{"path":["/c/en/disparaging","/c/en/derogatory","/c/en/homophobe","/c/en/sexist"],"weight":0.2066699999999998,"degrees":[128,3326,64,117]},"num_concepts_raised":30863},{"base_id":567,"kind":"top_words","i1":3,"i2":7,"sol":{"path":["/c/en/disparaging","/c/en/derogatory","/c/en/bitchy","/c/en/caustic"],"weight":0.2069799999999995,"degrees":[128,3326,46,165]},"num_concepts_raised":37120},{"base_id":567,"kind":"top_words","i1":3,"i2":8,"sol":{"path":["/c/en/disparaging","/c/de/abfällig","/c/en/snide","/c/en/derisive"],"weight":0.20595999999999964,"degrees":[128,73,71,95]},"num_concepts_raised":12607},{"base_id":567,"kind":"top_words","i1":3,"i2":9,"sol":{"path":["/c/en/disparaging","/c/en/derogatory"],"weight":0.203,"degrees":[128,3326]},"num_concepts_raised":3311},{"base_id":567,"kind":"top_words","i1":4,"i2":5,"sol":{"path":["/c/en/flippant","/c/en/disrespectful","/c/en/sarcastic","/c/en/caustic","/c/en/vitriolic"],"weight":0.20561999999999964,"degrees":[128,147,322,165,54]},"num_concepts_raised":22678},{"base_id":567,"kind":"top_words","i1":4,"i2":6,"sol":{"path":["/c/en/flippant","/c/en/bold","/c/en/person","/c/en/sexist"],"weight":0.20534999999999978,"degrees":[128,640,12935,117]},"num_concepts_raised":31279},{"base_id":567,"kind":"top_words","i1":4,"i2":7,"sol":{"path":["/c/en/flippant","/c/en/disrespectful","/c/en/sarcastic","/c/en/caustic"],"weight":0.2059499999999995,"degrees":[128,147,322,165]},"num_concepts_raised":37205},{"base_id":567,"kind":"top_words","i1":4,"i2":8,"sol":{"path":["/c/en/flippant","/c/en/disrespectful","/c/en/derisive"],"weight":0.203,"degrees":[128,147,95]},"num_concepts_raised":192},{"base_id":567,"kind":"top_words","i1":4,"i2":9,"sol":{"path":["/c/en/flippant","/c/en/flip","/c/en/derogatory"],"weight":0.202,"degrees":[128,351,3326]},"num_concepts_raised":3335},{"base_id":567,"kind":"top_words","i1":5,"i2":6,"sol":{"path":["/c/en/vitriolic","/c/en/destructive","/c/en/aggression","/c/en/sex","/c/en/sexist"],"weight":0.2063999999999999,"degrees":[54,344,320,1592,117]},"num_concepts_raised":33305},{"base_id":567,"kind":"top_words","i1":5,"i2":7,"sol":{"path":["/c/en/vitriolic","/c/en/caustic"],"weight":0.20400000000000001,"degrees":[54,165]},"num_concepts_raised":174},{"base_id":567,"kind":"top_words","i1":5,"i2":8,"sol":{"path":["/c/en/vitriolic","/c/en/caustic","/c/en/sarcastic","/c/ru/насмешливый","/c/en/derisive"],"weight":0.20612999999999973,"degrees":[54,165,322,11,95]},"num_concepts_raised":14710},{"base_id":567,"kind":"top_words","i1":5,"i2":9,"sol":{"path":["/c/en/vitriolic","/c/en/caustic","/c/en/bitchy","/c/en/derogatory"],"weight":0.23733999999999922,"degrees":[54,165,46,3326]},"num_concepts_raised":105551},{"base_id":567,"kind":"top_words","i1":6,"i2":7,"sol":{"path":["/c/en/sexist","/c/en/person","/c/en/burn","/c/en/caustic"],"weight":0.20693999999999976,"degrees":[117,12935,1773,165]},"num_concepts_raised":47792},{"base_id":567,"kind":"top_words","i1":6,"i2":8,"sol":{"path":["/c/en/sexist","/c/fil/bastos","/c/en/disrespectful","/c/en/derisive"],"weight":0.2057799999999999,"degrees":[117,12,147,95]},"num_concepts_raised":23478},{"base_id":567,"kind":"top_words","i1":6,"i2":9,"sol":{"path":["/c/en/sexist","/c/en/bigot","/c/en/derogatory"],"weight":0.202,"degrees":[117,127,3326]},"num_concepts_raised":3297},{"base_id":567,"kind":"top_words","i1":7,"i2":8,"sol":{"path":["/c/en/caustic","/c/en/sarcastic","/c/ru/насмешливый","/c/en/derisive"],"weight":0.2064499999999996,"degrees":[165,322,11,95]},"num_concepts_raised":29340},{"base_id":567,"kind":"top_words","i1":7,"i2":9,"sol":{"path":["/c/en/caustic","/c/en/bitchy","/c/en/derogatory"],"weight":0.202,"degrees":[165,46,3326]},"num_concepts_raised":3358},{"base_id":567,"kind":"top_words","i1":8,"i2":9,"sol":{"path":["/c/en/derisive","/c/en/snide","/c/de/abfällig","/c/en/derogatory"],"weight":0.23788999999999924,"degrees":[95,71,73,3326]},"num_concepts_raised":95840}]]