[[{"base_id":588,"kind":"bot_words","i1":0,"i2":1,"sol":{"path":["/c/en/dracunculiasis","/c/en/disease","/c/en/wind","/c/en/windstorm"],"weight":0.20981999999999984,"degrees":[54,4216,2373,64]},"num_concepts_raised":19090},{"base_id":588,"kind":"bot_words","i1":0,"i2":2,"sol":{"path":["/c/en/dracunculiasis","/c/en/disease","/c/en/milk_alkali_syndrome","/c/en/absorbable"],"weight":0.20822999999999983,"degrees":[54,4216,17,35]},"num_concepts_raised":16907},{"base_id":588,"kind":"bot_words","i1":0,"i2":3,"sol":{"path":["/c/en/dracunculiasis","/c/en/disease","/c/en/general","/c/en/historical","/c/en/ecbatana"],"weight":0.20820999999999984,"degrees":[54,4216,1132,8415,34]},"num_concepts_raised":24822},{"base_id":588,"kind":"bot_words","i1":0,"i2":4,"sol":{"path":["/c/en/dracunculiasis","/c/en/medicine","/c/en/humour","/c/en/humorous","/c/en/droll"],"weight":0.20988999999999974,"degrees":[54,11938,386,2269,76]},"num_concepts_raised":20729},{"base_id":588,"kind":"bot_words","i1":0,"i2":5,"sol":{"path":["/c/en/dracunculiasis","/c/en/medicine","/c/en/grade","/c/en/grading"],"weight":0.2092899999999997,"degrees":[54,11938,731,45]},"num_concepts_raised":21466},{"base_id":588,"kind":"bot_words","i1":0,"i2":6,"sol":{"path":["/c/en/dracunculiasis","/c/en/medicine","/c/en/slang","/c/en/aero"],"weight":0.21791999999999973,"degrees":[54,11938,16318,82]},"num_concepts_raised":37633},{"base_id":588,"kind":"bot_words","i1":0,"i2":7,"sol":{"path":["/c/en/dracunculiasis","/c/en/medicine","/c/en/cast","/c/en/engulf"],"weight":0.20904999999999968,"degrees":[54,11938,1163,113]},"num_concepts_raised":22598},{"base_id":588,"kind":"bot_words","i1":0,"i2":8,"sol":{"path":["/c/en/dracunculiasis","/c/en/medicine","/c/el/φορέασ","/c/en/maths","/c/en/archimedean"],"weight":0.20815999999999982,"degrees":[54,11938,8,1331,34]},"num_concepts_raised":17015},{"base_id":588,"kind":"bot_words","i1":0,"i2":9,"sol":{"path":["/c/en/dracunculiasis","/c/en/medicine","/c/en/dig"],"weight":0.20400000000000001,"degrees":[54,11938,739]},"num_concepts_raised":644},{"base_id":588,"kind":"bot_words","i1":1,"i2":2,"sol":{"path":["/c/en/windstorm","/c/en/storm","/c/en/action","/c/en/swallow","/c/en/absorbable"],"weight":0.20469999999999994,"degrees":[64,1015,2156,1147,35]},"num_concepts_raised":5204},{"base_id":588,"kind":"bot_words","i1":1,"i2":3,"sol":{"path":["/c/en/windstorm","/c/en/storm","/c/en/hurricane","/c/en/historical","/c/en/ecbatana"],"weight":0.20492999999999995,"degrees":[64,1015,402,8415,34]},"num_concepts_raised":13201},{"base_id":588,"kind":"bot_words","i1":1,"i2":4,"sol":{"path":["/c/en/windstorm","/c/en/wind","/c/en/wind_up","/c/en/humorous","/c/en/droll"],"weight":0.20620999999999984,"degrees":[64,2373,153,2269,76]},"num_concepts_raised":9036},{"base_id":588,"kind":"bot_words","i1":1,"i2":5,"sol":{"path":["/c/en/windstorm","/c/en/storm","/c/en/strong","/c/en/rank","/c/en/grading"],"weight":0.20477999999999982,"degrees":[64,1015,1566,1403,45]},"num_concepts_raised":9802},{"base_id":588,"kind":"bot_words","i1":1,"i2":6,"sol":{"path":["/c/en/windstorm","/c/en/wind","/c/en/air","/c/en/aero"],"weight":0.21657999999999983,"degrees":[64,2373,1965,82]},"num_concepts_raised":25906},{"base_id":588,"kind":"bot_words","i1":1,"i2":7,"sol":{"path":["/c/en/windstorm","/c/en/wind","/c/en/en","/c/en/engulf"],"weight":0.2054299999999998,"degrees":[64,2373,365,113]},"num_concepts_raised":10856},{"base_id":588,"kind":"bot_words","i1":1,"i2":8,"sol":{"path":["/c/en/windstorm","/c/en/storm","/c/en/invention","/c/en/archimedes","/c/en/archimedean"],"weight":0.20571999999999993,"degrees":[64,1015,457,175,34]},"num_concepts_raised":5296},{"base_id":588,"kind":"bot_words","i1":1,"i2":9,"sol":{"path":["/c/en/windstorm","/c/en/storm","/c/en/attack","/c/en/dig"],"weight":0.21477999999999917,"degrees":[64,1015,1799,739]},"num_concepts_raised":100509},{"base_id":588,"kind":"bot_words","i1":2,"i2":3,"sol":{"path":["/c/en/absorbable","/c/en/absorb","/c/th/กิน","/c/en/historical","/c/en/ecbatana"],"weight":0.20298999999999995,"degrees":[35,633,61,8415,34]},"num_concepts_raised":11016},{"base_id":588,"kind":"bot_words","i1":2,"i2":4,"sol":{"path":["/c/en/absorbable","/c/en/swallow","/c/en/single","/c/en/odd","/c/en/droll"],"weight":0.20349999999999985,"degrees":[35,1147,1167,520,76]},"num_concepts_raised":6849},{"base_id":588,"kind":"bot_words","i1":2,"i2":5,"sol":{"path":["/c/en/absorbable","/c/en/milk_alkali_syndrome","/c/en/medicine","/c/en/grade","/c/en/grading"],"weight":0.20403999999999983,"degrees":[35,17,11938,731,45]},"num_concepts_raised":7628},{"base_id":588,"kind":"bot_words","i1":2,"i2":6,"sol":{"path":["/c/en/absorbable","/c/en/swallow","/c/en/wing","/c/en/air","/c/en/aero"],"weight":0.21498999999999982,"degrees":[35,1147,1177,1965,82]},"num_concepts_raised":23905},{"base_id":588,"kind":"bot_words","i1":2,"i2":7,"sol":{"path":["/c/en/absorbable","/c/en/swallow","/c/en/swallow_up","/c/en/engulf"],"weight":0.2053399999999998,"degrees":[35,1147,62,113]},"num_concepts_raised":8582},{"base_id":588,"kind":"bot_words","i1":2,"i2":8,"sol":{"path":["/c/en/absorbable","/c/en/absorb","/c/en/physics","/c/en/archimedes","/c/en/archimedean"],"weight":0.20403999999999994,"degrees":[35,633,9094,175,34]},"num_concepts_raised":3102},{"base_id":588,"kind":"bot_words","i1":2,"i2":9,"sol":{"path":["/c/en/absorbable","/c/en/absorb","/c/en/root","/c/en/dig"],"weight":0.21211999999999914,"degrees":[35,633,1503,739]},"num_concepts_raised":98510},{"base_id":588,"kind":"bot_words","i1":3,"i2":4,"sol":{"path":["/c/en/ecbatana","/c/en/historical","/c/en/comedy","/c/en/humorous","/c/en/droll"],"weight":0.20459999999999984,"degrees":[34,8415,385,2269,76]},"num_concepts_raised":14827},{"base_id":588,"kind":"bot_words","i1":3,"i2":5,"sol":{"path":["/c/en/ecbatana","/c/en/historical","/c/en/bulldozer","/c/en/grading"],"weight":0.2029299999999998,"degrees":[34,8415,190,45]},"num_concepts_raised":15530},{"base_id":588,"kind":"bot_words","i1":3,"i2":6,"sol":{"path":["/c/en/ecbatana","/c/en/historical","/c/en/air","/c/en/aero"],"weight":0.21486999999999978,"degrees":[34,8415,1965,82]},"num_concepts_raised":31696},{"base_id":588,"kind":"bot_words","i1":3,"i2":7,"sol":{"path":["/c/en/ecbatana","/c/en/persian","/c/en/gulf","/c/en/engulf"],"weight":0.2037399999999998,"degrees":[34,311,350,113]},"num_concepts_raised":16713},{"base_id":588,"kind":"bot_words","i1":3,"i2":8,"sol":{"path":["/c/en/ecbatana","/c/en/historical","/c/en/socrates","/c/en/archimedes","/c/en/archimedean"],"weight":0.2039899999999999,"degrees":[34,8415,216,175,34]},"num_concepts_raised":11107},{"base_id":588,"kind":"bot_words","i1":3,"i2":9,"sol":{"path":["/c/en/ecbatana","/c/en/historical","/c/en/ball","/c/en/dig"],"weight":0.21207999999999916,"degrees":[34,8415,2118,739]},"num_concepts_raised":105634},{"base_id":588,"kind":"bot_words","i1":4,"i2":5,"sol":{"path":["/c/en/droll","/c/fr/fantaisiste","/c/en/variety","/c/en/grade","/c/en/grading"],"weight":0.20549999999999974,"degrees":[76,49,632,731,45]},"num_concepts_raised":11440},{"base_id":588,"kind":"bot_words","i1":4,"i2":6,"sol":{"path":["/c/en/droll","/c/en/troll","/c/en/slang","/c/en/aero"],"weight":0.21311999999999973,"degrees":[76,362,16318,82]},"num_concepts_raised":27412},{"base_id":588,"kind":"bot_words","i1":4,"i2":7,"sol":{"path":["/c/en/droll","/c/en/humorous","/c/en/tarp","/c/en/cover","/c/en/engulf"],"weight":0.2065799999999997,"degrees":[76,2269,34,2802,113]},"num_concepts_raised":12576},{"base_id":588,"kind":"bot_words","i1":4,"i2":8,"sol":{"path":["/c/en/droll","/c/en/odd","/c/en/mathematics","/c/en/archimedes","/c/en/archimedean"],"weight":0.20458999999999983,"degrees":[76,520,7601,175,34]},"num_concepts_raised":6932},{"base_id":588,"kind":"bot_words","i1":4,"i2":9,"sol":{"path":["/c/en/droll","/c/en/troll","/c/en/slang","/c/en/dig"],"weight":0.21284999999999907,"degrees":[76,362,16318,739]},"num_concepts_raised":101868},{"base_id":588,"kind":"bot_words","i1":5,"i2":6,"sol":{"path":["/c/en/grading","/c/en/construction","/c/en/aeronautics","/c/en/aero"],"weight":0.2126799999999997,"degrees":[45,1292,288,82]},"num_concepts_raised":28340},{"base_id":588,"kind":"bot_words","i1":5,"i2":7,"sol":{"path":["/c/en/grading","/c/en/grade","/c/en/book","/c/en/cover","/c/en/engulf"],"weight":0.2060599999999997,"degrees":[45,731,3239,2802,113]},"num_concepts_raised":13291},{"base_id":588,"kind":"bot_words","i1":5,"i2":8,"sol":{"path":["/c/en/grading","/c/en/math","/c/en/maths","/c/en/archimedean"],"weight":0.2029099999999998,"degrees":[45,914,1331,34]},"num_concepts_raised":7699},{"base_id":588,"kind":"bot_words","i1":5,"i2":9,"sol":{"path":["/c/en/grading","/c/en/grade","/c/en/pass","/c/en/dig"],"weight":0.21416999999999903,"degrees":[45,731,2112,739]},"num_concepts_raised":102320},{"base_id":588,"kind":"bot_words","i1":6,"i2":7,"sol":{"path":["/c/en/aero","/c/en/air","/c/en/surround","/c/en/engulf"],"weight":0.21574999999999966,"degrees":[82,1965,587,113]},"num_concepts_raised":29410},{"base_id":588,"kind":"bot_words","i1":6,"i2":8,"sol":{"path":["/c/en/aero","/c/en/aerodynamic","/c/en/physics","/c/en/archimedes","/c/en/archimedean"],"weight":0.2157799999999998,"degrees":[82,86,9094,175,34]},"num_concepts_raised":24036},{"base_id":588,"kind":"bot_words","i1":6,"i2":9,"sol":{"path":["/c/en/aero","/c/en/slang","/c/en/dig"],"weight":0.20600000000000002,"degrees":[82,16318,739]},"num_concepts_raised":662},{"base_id":588,"kind":"bot_words","i1":7,"i2":8,"sol":{"path":["/c/en/engulf","/c/en/cover","/c/en/solid","/c/en/keplerate","/c/en/archimedean"],"weight":0.2048999999999998,"degrees":[113,2802,1304,12,34]},"num_concepts_raised":8853},{"base_id":588,"kind":"bot_words","i1":7,"i2":9,"sol":{"path":["/c/en/engulf","/c/en/cover","/c/en/bury","/c/en/dig"],"weight":0.214259999999999,"degrees":[113,2802,621,739]},"num_concepts_raised":103408},{"base_id":588,"kind":"bot_words","i1":8,"i2":9,"sol":{"path":["/c/en/archimedean","/c/en/archimedes","/c/en/animal","/c/en/burrow","/c/en/dig"],"weight":0.21448999999999915,"degrees":[34,175,3735,309,739]},"num_concepts_raised":98728}],[{"base_id":588,"kind":"top_words","i1":0,"i2":1,"sol":{"path":["/c/en/bonesetter","/c/en/bone","/c/en/material","/c/en/sail","/c/en/sailboard"],"weight":0.2060899999999999,"degrees":[31,2320,1522,1225,32]},"num_concepts_raised":7553},{"base_id":588,"kind":"top_words","i1":0,"i2":2,"sol":{"path":["/c/en/bonesetter","/c/en/bone","/c/en/idle","/c/en/employment","/c/en/jobseeker"],"weight":0.20398999999999992,"degrees":[31,2320,639,601,31]},"num_concepts_raised":9624},{"base_id":588,"kind":"top_words","i1":0,"i2":3,"sol":{"path":["/c/en/bonesetter","/c/en/bone","/c/en/cow","/c/grc/βουσ","/c/en/bugloss"],"weight":0.20389999999999986,"degrees":[31,2320,1438,44,36]},"num_concepts_raised":3107},{"base_id":588,"kind":"top_words","i1":0,"i2":4,"sol":{"path":["/c/en/bonesetter","/c/en/bone","/c/en/animal","/c/en/bird","/c/en/tragopan"],"weight":0.20933999999999986,"degrees":[31,2320,3735,4970,56]},"num_concepts_raised":9228},{"base_id":588,"kind":"top_words","i1":0,"i2":5,"sol":{"path":["/c/en/bonesetter","/c/en/bone","/c/en/slang","/c/en/herb","/c/en/bedstraw"],"weight":0.20406999999999995,"degrees":[31,2320,16318,1259,37]},"num_concepts_raised":6349},{"base_id":588,"kind":"top_words","i1":0,"i2":6,"sol":{"path":["/c/en/bonesetter","/c/en/bone","/c/en/knacker"],"weight":0.203,"degrees":[31,2320,64]},"num_concepts_raised":79},{"base_id":588,"kind":"top_words","i1":0,"i2":7,"sol":{"path":["/c/en/bonesetter","/c/en/bone","/c/en/anatomical_structure","/c/en/thyroid","/c/en/thyroiditis"],"weight":0.2048199999999999,"degrees":[31,2320,412,187,27]},"num_concepts_raised":9040},{"base_id":588,"kind":"top_words","i1":0,"i2":8,"sol":{"path":["/c/en/bonesetter","/c/en/bone","/c/en/us","/c/en/s"],"weight":0.21394999999999859,"degrees":[31,2320,8154,493]},"num_concepts_raised":77089},{"base_id":588,"kind":"top_words","i1":0,"i2":9,"sol":{"path":["/c/en/bonesetter","/c/en/bone","/c/en/body","/c/en/biology","/c/en/radiobiology"],"weight":0.21139999999999984,"degrees":[31,2320,3170,6216,64]},"num_concepts_raised":15181},{"base_id":588,"kind":"top_words","i1":1,"i2":2,"sol":{"path":["/c/en/sailboard","/c/en/sail","/c/en/activity","/c/en/employment","/c/en/jobseeker"],"weight":0.20509999999999995,"degrees":[32,1225,1154,601,31]},"num_concepts_raised":11820},{"base_id":588,"kind":"top_words","i1":1,"i2":3,"sol":{"path":["/c/en/sailboard","/c/en/board","/c/en/plant","/c/en/borage","/c/en/bugloss"],"weight":0.20298999999999992,"degrees":[32,1625,7959,149,36]},"num_concepts_raised":5351},{"base_id":588,"kind":"top_words","i1":1,"i2":4,"sol":{"path":["/c/en/sailboard","/c/en/sail","/c/en/wing","/c/en/bird","/c/en/tragopan"],"weight":0.2104499999999999,"degrees":[32,1225,1177,4970,56]},"num_concepts_raised":11474},{"base_id":588,"kind":"top_words","i1":1,"i2":5,"sol":{"path":["/c/en/sailboard","/c/en/sail","/c/en/sheet","/c/en/bed","/c/en/bedstraw"],"weight":0.20522999999999997,"degrees":[32,1225,843,2185,37]},"num_concepts_raised":8564},{"base_id":588,"kind":"top_words","i1":1,"i2":6,"sol":{"path":["/c/en/sailboard","/c/en/sail","/c/en/ships","/c/en/knacker"],"weight":0.20532999999999985,"degrees":[32,1225,70,64]},"num_concepts_raised":32603},{"base_id":588,"kind":"top_words","i1":1,"i2":7,"sol":{"path":["/c/en/sailboard","/c/en/sail","/c/en/wind","/c/en/inflammation","/c/en/thyroiditis"],"weight":0.20494999999999994,"degrees":[32,1225,2373,800,27]},"num_concepts_raised":11321},{"base_id":588,"kind":"top_words","i1":1,"i2":8,"sol":{"path":["/c/en/sailboard","/c/fr/sport","/c/fr/physique","/c/en/s"],"weight":0.2128899999999986,"degrees":[32,2171,6029,493]},"num_concepts_raised":79068},{"base_id":588,"kind":"top_words","i1":1,"i2":9,"sol":{"path":["/c/en/sailboard","/c/en/sail","/c/en/sport","/c/en/biology","/c/en/radiobiology"],"weight":0.21254999999999985,"degrees":[32,1225,1809,6216,64]},"num_concepts_raised":17447},{"base_id":588,"kind":"top_words","i1":2,"i2":3,"sol":{"path":["/c/en/jobseeker","/c/en/job","/c/fr/poste","/c/fi/rasti","/c/en/bugloss"],"weight":0.2029099999999999,"degrees":[31,1287,438,35,36]},"num_concepts_raised":7432},{"base_id":588,"kind":"top_words","i1":2,"i2":4,"sol":{"path":["/c/en/jobseeker","/c/en/employment","/c/en/term","/c/en/bird","/c/en/tragopan"],"weight":0.2083299999999999,"degrees":[31,601,1089,4970,56]},"num_concepts_raised":13540},{"base_id":588,"kind":"top_words","i1":2,"i2":5,"sol":{"path":["/c/en/jobseeker","/c/en/employer","/c/en/person","/c/en/bed","/c/en/bedstraw"],"weight":0.20403,"degrees":[31,314,12935,2185,37]},"num_concepts_raised":10649},{"base_id":588,"kind":"top_words","i1":2,"i2":6,"sol":{"path":["/c/en/jobseeker","/c/en/british","/c/en/knacker"],"weight":0.202,"degrees":[31,3452,64]},"num_concepts_raised":78},{"base_id":588,"kind":"top_words","i1":2,"i2":7,"sol":{"path":["/c/en/jobseeker","/c/en/employment","/c/en/fire","/c/en/inflammation","/c/en/thyroiditis"],"weight":0.20284999999999992,"degrees":[31,601,2829,800,27]},"num_concepts_raised":13389},{"base_id":588,"kind":"top_words","i1":2,"i2":8,"sol":{"path":["/c/en/jobseeker","/c/en/british","/c/en/z","/c/en/s"],"weight":0.21492999999999862,"degrees":[31,3452,97,493]},"num_concepts_raised":80329},{"base_id":588,"kind":"top_words","i1":2,"i2":9,"sol":{"path":["/c/en/jobseeker","/c/en/employer","/c/en/person","/c/en/biology","/c/en/radiobiology"],"weight":0.21137999999999985,"degrees":[31,314,12935,6216,64]},"num_concepts_raised":19501},{"base_id":588,"kind":"top_words","i1":3,"i2":4,"sol":{"path":["/c/en/bugloss","/c/en/anchusa","/c/en/genus","/c/en/tragopan"],"weight":0.20813999999999985,"degrees":[36,42,2240,56]},"num_concepts_raised":7019},{"base_id":588,"kind":"top_words","i1":3,"i2":5,"sol":{"path":["/c/en/bugloss","/c/en/borage","/c/en/herb","/c/en/bedstraw"],"weight":0.20304999999999995,"degrees":[36,149,1259,37]},"num_concepts_raised":4135},{"base_id":588,"kind":"top_words","i1":3,"i2":6,"sol":{"path":["/c/en/bugloss","/c/nrf/p'tite_g'linne","/c/en/jersey","/c/nrf/êquathisseux","/c/en/knacker"],"weight":0.2051599999999998,"degrees":[36,4,6919,6,64]},"num_concepts_raised":28445},{"base_id":588,"kind":"top_words","i1":3,"i2":7,"sol":{"path":["/c/en/bugloss","/c/grc/βουσ","/c/en/bulimia","/c/en/pathology","/c/en/thyroiditis"],"weight":0.20275999999999988,"degrees":[36,44,95,5554,27]},"num_concepts_raised":6837},{"base_id":588,"kind":"top_words","i1":3,"i2":8,"sol":{"path":["/c/en/bugloss","/c/fi/rasti","/c/fr/de","/c/en/s"],"weight":0.21501999999999855,"degrees":[36,35,576,493]},"num_concepts_raised":75032},{"base_id":588,"kind":"top_words","i1":3,"i2":9,"sol":{"path":["/c/en/bugloss","/c/en/borage","/c/en/plant","/c/en/biology","/c/en/radiobiology"],"weight":0.21045999999999981,"degrees":[36,149,7959,6216,64]},"num_concepts_raised":13006},{"base_id":588,"kind":"top_words","i1":4,"i2":5,"sol":{"path":["/c/en/tragopan","/c/en/genus","/c/en/galium","/c/en/bedstraw"],"weight":0.2093299999999999,"degrees":[56,2240,67,37]},"num_concepts_raised":10187},{"base_id":588,"kind":"top_words","i1":4,"i2":6,"sol":{"path":["/c/en/tragopan","/c/en/bird","/c/en/slang","/c/en/knacker"],"weight":0.20864999999999978,"degrees":[56,4970,16318,64]},"num_concepts_raised":34359},{"base_id":588,"kind":"top_words","i1":4,"i2":7,"sol":{"path":["/c/en/tragopan","/c/en/bird","/c/grc/γλωσσίσ","/c/en/inflammation","/c/en/thyroiditis"],"weight":0.20816999999999988,"degrees":[56,4970,17,800,27]},"num_concepts_raised":12987},{"base_id":588,"kind":"top_words","i1":4,"i2":8,"sol":{"path":["/c/en/tragopan","/c/en/bird","/c/en/has","/c/en/s"],"weight":0.22023999999999855,"degrees":[56,4970,275,493]},"num_concepts_raised":80940},{"base_id":588,"kind":"top_words","i1":4,"i2":9,"sol":{"path":["/c/en/tragopan","/c/en/genus","/c/en/biology","/c/en/radiobiology"],"weight":0.2155599999999998,"degrees":[56,2240,6216,64]},"num_concepts_raised":19065},{"base_id":588,"kind":"top_words","i1":5,"i2":6,"sol":{"path":["/c/en/bedstraw","/c/en/bed","/c/en/slang","/c/en/knacker"],"weight":0.20336999999999988,"degrees":[37,2185,16318,64]},"num_concepts_raised":31500},{"base_id":588,"kind":"top_words","i1":5,"i2":7,"sol":{"path":["/c/en/bedstraw","/c/en/herb","/c/en/medicine","/c/en/thyroid","/c/en/thyroiditis"],"weight":0.20393999999999995,"degrees":[37,1259,11938,187,27]},"num_concepts_raised":10116},{"base_id":588,"kind":"top_words","i1":5,"i2":8,"sol":{"path":["/c/en/bedstraw","/c/en/bed","/c/en/has","/c/en/s"],"weight":0.21492999999999862,"degrees":[37,2185,275,493]},"num_concepts_raised":78049},{"base_id":588,"kind":"top_words","i1":5,"i2":9,"sol":{"path":["/c/en/bedstraw","/c/fi/matara","/c/en/plant","/c/en/biology","/c/en/radiobiology"],"weight":0.2126499999999999,"degrees":[37,9,7959,6216,64]},"num_concepts_raised":16246},{"base_id":588,"kind":"top_words","i1":6,"i2":7,"sol":{"path":["/c/en/knacker","/c/en/slang","/c/en/medicine","/c/en/thyroid","/c/en/thyroiditis"],"weight":0.20416999999999985,"degrees":[64,16318,11938,187,27]},"num_concepts_raised":34346},{"base_id":588,"kind":"top_words","i1":6,"i2":8,"sol":{"path":["/c/en/knacker","/c/en/slang","/c/en/a","/c/en/s"],"weight":0.2157299999999985,"degrees":[64,16318,1436,493]},"num_concepts_raised":98645},{"base_id":588,"kind":"top_words","i1":6,"i2":9,"sol":{"path":["/c/en/knacker","/c/en/toy","/c/en/radio","/c/en/radiobiology"],"weight":0.20853999999999978,"degrees":[64,1007,1222,64]},"num_concepts_raised":40352},{"base_id":588,"kind":"top_words","i1":7,"i2":8,"sol":{"path":["/c/en/thyroiditis","/c/en/thyroid","/c/en/medicine","/c/en/a","/c/en/s"],"weight":0.2161599999999986,"degrees":[27,187,11938,1436,493]},"num_concepts_raised":80931},{"base_id":588,"kind":"top_words","i1":7,"i2":9,"sol":{"path":["/c/en/thyroiditis","/c/fr/thyroïdite","/c/fr/glande","/c/en/biology","/c/en/radiobiology"],"weight":0.21122999999999986,"degrees":[27,13,197,6216,64]},"num_concepts_raised":18914},{"base_id":588,"kind":"top_words","i1":8,"i2":9,"sol":{"path":["/c/en/s","/c/en/abbreviation","/c/en/biology","/c/en/radiobiology"],"weight":0.22023999999999855,"degrees":[493,659,6216,64]},"num_concepts_raised":86471}]]