[[{"base_id":931,"kind":"bot_words","i1":0,"i2":1,"sol":{"path":["/c/en/gnat","/c/en/fly","/c/en/slang","/c/en/lunchbox"],"weight":0.21318999999999982,"degrees":[190,2276,16318,79]},"num_concepts_raised":44122},{"base_id":931,"kind":"bot_words","i1":0,"i2":2,"sol":{"path":["/c/en/gnat","/c/en/small","/c/en/company","/c/en/bic"],"weight":0.21504999999999982,"degrees":[190,2515,2258,31]},"num_concepts_raised":13870},{"base_id":931,"kind":"bot_words","i1":0,"i2":3,"sol":{"path":["/c/en/gnat","/c/en/fly","/c/en/transport","/c/en/ravish"],"weight":0.21296999999999972,"degrees":[190,2276,1411,80]},"num_concepts_raised":18515},{"base_id":931,"kind":"bot_words","i1":0,"i2":4,"sol":{"path":["/c/en/gnat","/c/en/mosquito","/c/en/callicarpenal","/c/en/organic_compound","/c/en/phentermine"],"weight":0.21818999999999977,"degrees":[190,645,5,7764,32]},"num_concepts_raised":23774},{"base_id":931,"kind":"bot_words","i1":0,"i2":5,"sol":{"path":["/c/en/gnat","/c/en/mosquito","/c/en/blood","/c/en/thalassemia"],"weight":0.2192599999999998,"degrees":[190,645,2253,103]},"num_concepts_raised":28542},{"base_id":931,"kind":"bot_words","i1":0,"i2":6,"sol":{"path":["/c/en/gnat","/c/en/mosquito","/c/en/water","/c/en/bail"],"weight":0.22451999999999933,"degrees":[190,645,4606,380]},"num_concepts_raised":98810},{"base_id":931,"kind":"bot_words","i1":0,"i2":7,"sol":{"path":["/c/en/gnat","/c/en/fly","/c/en/change","/c/en/transpose"],"weight":0.22011999999999965,"degrees":[190,2276,3383,236]},"num_concepts_raised":51882},{"base_id":931,"kind":"bot_words","i1":0,"i2":8,"sol":{"path":["/c/en/gnat","/c/en/small","/c/en/grow","/c/en/proliferate"],"weight":0.21083999999999975,"degrees":[190,2515,1569,98]},"num_concepts_raised":16472},{"base_id":931,"kind":"bot_words","i1":0,"i2":9,"sol":{"path":["/c/en/gnat","/c/en/flea","/c/en/disease","/c/en/leukemia"],"weight":0.21840999999999994,"degrees":[190,880,4216,230]},"num_concepts_raised":16806},{"base_id":931,"kind":"bot_words","i1":1,"i2":2,"sol":{"path":["/c/en/lunchbox","/c/en/box","/c/en/shipping","/c/en/bic"],"weight":0.20955999999999986,"degrees":[79,2026,215,31]},"num_concepts_raised":36230},{"base_id":931,"kind":"bot_words","i1":1,"i2":3,"sol":{"path":["/c/en/lunchbox","/c/en/slang","/c/en/rape","/c/en/ravish"],"weight":0.20523999999999976,"degrees":[79,16318,744,80]},"num_concepts_raised":40708},{"base_id":931,"kind":"bot_words","i1":1,"i2":4,"sol":{"path":["/c/en/lunchbox","/c/en/box","/c/en/stuff","/c/en/drug","/c/en/phentermine"],"weight":0.2096199999999998,"degrees":[79,2026,836,4920,32]},"num_concepts_raised":46108},{"base_id":931,"kind":"bot_words","i1":1,"i2":5,"sol":{"path":["/c/en/lunchbox","/c/en/slang","/c/en/medicine","/c/en/thalassemia"],"weight":0.20958999999999986,"degrees":[79,16318,11938,103]},"num_concepts_raised":50836},{"base_id":931,"kind":"bot_words","i1":1,"i2":6,"sol":{"path":["/c/en/lunchbox","/c/en/handle","/c/en/bail"],"weight":0.20500000000000002,"degrees":[79,1567,380]},"num_concepts_raised":357},{"base_id":931,"kind":"bot_words","i1":1,"i2":7,"sol":{"path":["/c/en/lunchbox","/c/en/computing","/c/en/matrix","/c/en/transpose"],"weight":0.21535999999999972,"degrees":[79,9084,526,236]},"num_concepts_raised":73032},{"base_id":931,"kind":"bot_words","i1":1,"i2":8,"sol":{"path":["/c/en/lunchbox","/c/en/slang","/c/en/spread","/c/en/proliferate"],"weight":0.2044599999999998,"degrees":[79,16318,1574,98]},"num_concepts_raised":38840},{"base_id":931,"kind":"bot_words","i1":1,"i2":9,"sol":{"path":["/c/en/lunchbox","/c/en/lunch","/c/en/us","/c/fi/verisyöpä","/c/en/leukemia"],"weight":0.21669,"degrees":[79,585,8154,11,230]},"num_concepts_raised":39265},{"base_id":931,"kind":"bot_words","i1":2,"i2":3,"sol":{"path":["/c/en/bic","/c/en/shipping","/c/en/transport","/c/en/ravish"],"weight":0.20832999999999974,"degrees":[31,215,1411,80]},"num_concepts_raised":9694},{"base_id":931,"kind":"bot_words","i1":2,"i2":4,"sol":{"path":["/c/en/bic","/c/en/company","/c/en/party","/c/en/drug","/c/en/phentermine"],"weight":0.21285999999999983,"degrees":[31,2258,2057,4920,32]},"num_concepts_raised":14902},{"base_id":931,"kind":"bot_words","i1":2,"i2":5,"sol":{"path":["/c/en/bic","/c/en/company","/c/en/people","/c/en/disease","/c/en/thalassemia"],"weight":0.21392999999999984,"degrees":[31,2258,4475,4216,103]},"num_concepts_raised":19802},{"base_id":931,"kind":"bot_words","i1":2,"i2":6,"sol":{"path":["/c/en/bic","/c/en/company","/c/en/legal","/c/en/bail"],"weight":0.21958999999999934,"degrees":[31,2258,6627,380]},"num_concepts_raised":90777},{"base_id":931,"kind":"bot_words","i1":2,"i2":7,"sol":{"path":["/c/en/bic","/c/en/company","/c/en/term","/c/en/transpose"],"weight":0.2154199999999997,"degrees":[31,2258,1089,236]},"num_concepts_raised":43295},{"base_id":931,"kind":"bot_words","i1":2,"i2":8,"sol":{"path":["/c/en/bic","/c/en/company","/c/en/business","/c/en/spread","/c/en/proliferate"],"weight":0.20881999999999978,"degrees":[31,2258,2538,1574,98]},"num_concepts_raised":7644},{"base_id":931,"kind":"bot_words","i1":2,"i2":9,"sol":{"path":["/c/en/bic","/c/en/company","/c/en/person","/c/en/cancer","/c/en/leukemia"],"weight":0.21810999999999997,"degrees":[31,2258,12935,1134,230]},"num_concepts_raised":7983},{"base_id":931,"kind":"bot_words","i1":3,"i2":4,"sol":{"path":["/c/en/ravish","/c/en/rape","/c/en/date_rape","/c/en/drug","/c/en/phentermine"],"weight":0.20952999999999972,"degrees":[80,744,39,4920,32]},"num_concepts_raised":19579},{"base_id":931,"kind":"bot_words","i1":3,"i2":5,"sol":{"path":["/c/en/ravish","/c/en/rape","/c/en/disease","/c/en/thalassemia"],"weight":0.21055999999999975,"degrees":[80,744,4216,103]},"num_concepts_raised":24429},{"base_id":931,"kind":"bot_words","i1":3,"i2":6,"sol":{"path":["/c/en/ravish","/c/en/carry","/c/en/boat","/c/en/bail"],"weight":0.21679999999999924,"degrees":[80,1539,1763,380]},"num_concepts_raised":94963},{"base_id":931,"kind":"bot_words","i1":3,"i2":7,"sol":{"path":["/c/en/ravish","/c/en/transport","/c/es/transportar","/c/en/transpose"],"weight":0.21299999999999958,"degrees":[80,1411,155,236]},"num_concepts_raised":47805},{"base_id":931,"kind":"bot_words","i1":3,"i2":8,"sol":{"path":["/c/en/ravish","/c/en/carry","/c/en/grow","/c/en/proliferate"],"weight":0.20417999999999967,"degrees":[80,1539,1569,98]},"num_concepts_raised":12280},{"base_id":931,"kind":"bot_words","i1":3,"i2":9,"sol":{"path":["/c/en/ravish","/c/en/rape","/c/en/disease","/c/en/leukemia"],"weight":0.21276999999999985,"degrees":[80,744,4216,230]},"num_concepts_raised":12661},{"base_id":931,"kind":"bot_words","i1":4,"i2":5,"sol":{"path":["/c/en/phentermine","/c/en/drug","/c/en/medicine","/c/en/thalassemia"],"weight":0.2139699999999998,"degrees":[32,4920,11938,103]},"num_concepts_raised":29055},{"base_id":931,"kind":"bot_words","i1":4,"i2":6,"sol":{"path":["/c/en/phentermine","/c/en/drug","/c/en/party","/c/en/boat","/c/en/bail"],"weight":0.2212199999999993,"degrees":[32,4920,2057,1763,380]},"num_concepts_raised":100790},{"base_id":931,"kind":"bot_words","i1":4,"i2":7,"sol":{"path":["/c/en/phentermine","/c/en/appetite","/c/en/rank","/c/en/matrix","/c/en/transpose"],"weight":0.21964999999999962,"degrees":[32,392,1403,526,236]},"num_concepts_raised":53298},{"base_id":931,"kind":"bot_words","i1":4,"i2":8,"sol":{"path":["/c/en/phentermine","/c/en/drug","/c/en/medicine","/c/zh/擴散","/c/en/proliferate"],"weight":0.20966999999999975,"degrees":[32,4920,11938,17,98]},"num_concepts_raised":17504},{"base_id":931,"kind":"bot_words","i1":4,"i2":9,"sol":{"path":["/c/en/phentermine","/c/en/drug","/c/en/ponatinib","/c/en/leukemia"],"weight":0.2160199999999999,"degrees":[32,4920,13,230]},"num_concepts_raised":17700},{"base_id":931,"kind":"bot_words","i1":5,"i2":6,"sol":{"path":["/c/en/thalassemia","/c/en/medicine","/c/en/water","/c/en/bail"],"weight":0.22023999999999933,"degrees":[103,11938,4606,380]},"num_concepts_raised":105086},{"base_id":931,"kind":"bot_words","i1":5,"i2":7,"sol":{"path":["/c/en/thalassemia","/c/en/medicine","/c/en/algebra","/c/en/transpose"],"weight":0.2206099999999997,"degrees":[103,11938,709,236]},"num_concepts_raised":57872},{"base_id":931,"kind":"bot_words","i1":5,"i2":8,"sol":{"path":["/c/en/thalassemia","/c/en/medicine","/c/zh/擴散","/c/en/proliferate"],"weight":0.21066999999999977,"degrees":[103,11938,17,98]},"num_concepts_raised":22366},{"base_id":931,"kind":"bot_words","i1":5,"i2":9,"sol":{"path":["/c/en/thalassemia","/c/en/disease","/c/en/leukemia"],"weight":0.20600000000000002,"degrees":[103,4216,230]},"num_concepts_raised":227},{"base_id":931,"kind":"bot_words","i1":6,"i2":7,"sol":{"path":["/c/en/bail","/c/en/exchange","/c/en/transpose"],"weight":0.20600000000000002,"degrees":[380,1312,236]},"num_concepts_raised":462},{"base_id":931,"kind":"bot_words","i1":6,"i2":8,"sol":{"path":["/c/en/bail","/c/en/slang","/c/en/spread","/c/en/proliferate"],"weight":0.21311999999999928,"degrees":[380,16318,1574,98]},"num_concepts_raised":93431},{"base_id":931,"kind":"bot_words","i1":6,"i2":9,"sol":{"path":["/c/en/bail","/c/en/uk","/c/fi/verisyöpä","/c/en/leukemia"],"weight":0.22429999999999944,"degrees":[380,5562,11,230]},"num_concepts_raised":93901},{"base_id":931,"kind":"bot_words","i1":7,"i2":8,"sol":{"path":["/c/en/transpose","/c/en/change","/c/en/grow","/c/en/proliferate"],"weight":0.21131999999999962,"degrees":[236,3383,1569,98]},"num_concepts_raised":45839},{"base_id":931,"kind":"bot_words","i1":7,"i2":9,"sol":{"path":["/c/en/transpose","/c/en/term","/c/en/disease","/c/en/leukemia"],"weight":0.2186699999999998,"degrees":[236,1089,4216,230]},"num_concepts_raised":46343},{"base_id":931,"kind":"bot_words","i1":8,"i2":9,"sol":{"path":["/c/en/proliferate","/c/en/spread","/c/en/cancer","/c/en/leukemia"],"weight":0.21404999999999988,"degrees":[98,1574,1134,230]},"num_concepts_raised":10579}],[{"base_id":931,"kind":"top_words","i1":0,"i2":1,"sol":{"path":["/c/en/jeeves","/c/en/servant","/c/en/lord","/c/en/islam","/c/en/mahdi"],"weight":0.2133899999999998,"degrees":[24,1283,988,1651,69]},"num_concepts_raised":5463},{"base_id":931,"kind":"top_words","i1":0,"i2":2,"sol":{"path":["/c/en/jeeves","/c/en/servant","/c/en/man","/c/ro/christadelfian","/c/en/christadelphian"],"weight":0.2089399999999998,"degrees":[24,1283,3068,9,46]},"num_concepts_raised":5094},{"base_id":931,"kind":"top_words","i1":0,"i2":3,"sol":{"path":["/c/en/jeeves","/c/en/servant","/c/en/human","/c/en/city","/c/en/imus"],"weight":0.21270999999999984,"degrees":[24,1283,2645,3758,23]},"num_concepts_raised":6022},{"base_id":931,"kind":"top_words","i1":0,"i2":4,"sol":{"path":["/c/en/jeeves","/c/en/helper","/c/en/singapore","/c/en/southeast_asia","/c/en/bandicoot"],"weight":0.2085599999999999,"degrees":[24,256,572,312,88]},"num_concepts_raised":3635},{"base_id":931,"kind":"top_words","i1":0,"i2":5,"sol":{"path":["/c/en/jeeves","/c/en/servant","/c/en/food","/c/en/fungus","/c/en/ascomycete"],"weight":0.20937999999999996,"degrees":[24,1283,4281,1236,55]},"num_concepts_raised":5027},{"base_id":931,"kind":"top_words","i1":0,"i2":6,"sol":{"path":["/c/en/jeeves","/c/en/model","/c/en/disease","/c/en/blotch"],"weight":0.20849999999999966,"degrees":[24,1206,4216,101]},"num_concepts_raised":26193},{"base_id":931,"kind":"top_words","i1":0,"i2":7,"sol":{"path":["/c/en/jeeves","/c/en/servant","/c/en/food","/c/en/seed","/c/en/spore"],"weight":0.22477999999999912,"degrees":[24,1283,4281,1813,471]},"num_concepts_raised":25533},{"base_id":931,"kind":"top_words","i1":0,"i2":8,"sol":{"path":["/c/en/jeeves","/c/en/model","/c/en/leader","/c/en/imam"],"weight":0.21640000000000031,"degrees":[24,1206,1391,240]},"num_concepts_raised":16568},{"base_id":931,"kind":"top_words","i1":0,"i2":9,"sol":{"path":["/c/en/jeeves","/c/en/servant","/c/en/type","/c/en/shade","/c/en/nightshade"],"weight":0.20967999999999976,"degrees":[24,1283,1591,1192,99]},"num_concepts_raised":15102},{"base_id":931,"kind":"top_words","i1":1,"i2":2,"sol":{"path":["/c/en/mahdi","/c/en/messiah","/c/en/christian","/c/en/christadelphian"],"weight":0.20847999999999975,"degrees":[69,305,813,46]},"num_concepts_raised":4659},{"base_id":931,"kind":"top_words","i1":1,"i2":3,"sol":{"path":["/c/en/mahdi","/c/en/islam","/c/en/civilization","/c/en/city","/c/en/imus"],"weight":0.2133299999999998,"degrees":[69,1651,414,3758,23]},"num_concepts_raised":5606},{"base_id":931,"kind":"top_words","i1":1,"i2":4,"sol":{"path":["/c/en/mahdi","/c/en/ahmadiyya","/c/en/indonesia","/c/en/southeast_asia","/c/en/bandicoot"],"weight":0.21120999999999984,"degrees":[69,68,549,312,88]},"num_concepts_raised":3205},{"base_id":931,"kind":"top_words","i1":1,"i2":5,"sol":{"path":["/c/en/mahdi","/c/en/eschatology","/c/en/logy","/c/en/mycology","/c/en/ascomycete"],"weight":0.2088299999999999,"degrees":[69,145,543,687,55]},"num_concepts_raised":4600},{"base_id":931,"kind":"top_words","i1":1,"i2":6,"sol":{"path":["/c/en/mahdi","/c/en/islam","/c/ar/عورة","/c/en/spot","/c/en/blotch"],"weight":0.2107199999999996,"degrees":[69,1651,25,965,101]},"num_concepts_raised":25856},{"base_id":931,"kind":"top_words","i1":1,"i2":7,"sol":{"path":["/c/en/mahdi","/c/en/eschatology","/c/en/end","/c/en/endospore","/c/en/spore"],"weight":0.2248699999999991,"degrees":[69,145,2782,30,471]},"num_concepts_raised":25172},{"base_id":931,"kind":"top_words","i1":1,"i2":8,"sol":{"path":["/c/en/mahdi","/c/en/islam","/c/en/imam"],"weight":0.20600000000000002,"degrees":[69,1651,240]},"num_concepts_raised":198},{"base_id":931,"kind":"top_words","i1":1,"i2":9,"sol":{"path":["/c/en/mahdi","/c/en/islam","/c/en/jerusalem","/c/en/jerusalem_cherry","/c/en/nightshade"],"weight":0.2102999999999997,"degrees":[69,1651,407,18,99]},"num_concepts_raised":14701},{"base_id":931,"kind":"top_words","i1":2,"i2":3,"sol":{"path":["/c/en/christadelphian","/c/en/christian","/c/en/human","/c/en/city","/c/en/imus"],"weight":0.2078799999999998,"degrees":[46,813,2645,3758,23]},"num_concepts_raised":5247},{"base_id":931,"kind":"top_words","i1":2,"i2":4,"sol":{"path":["/c/en/christadelphian","/c/en/member","/c/th/จิงโจ้","/c/en/marsupial","/c/en/bandicoot"],"weight":0.20372999999999986,"degrees":[46,1164,34,282,88]},"num_concepts_raised":2858},{"base_id":931,"kind":"top_words","i1":2,"i2":5,"sol":{"path":["/c/en/christadelphian","/c/en/denomination","/c/en/class","/c/en/ascomycetes","/c/en/ascomycete"],"weight":0.20333999999999985,"degrees":[46,242,1926,11,55]},"num_concepts_raised":4253},{"base_id":931,"kind":"top_words","i1":2,"i2":6,"sol":{"path":["/c/en/christadelphian","/c/en/denomination","/c/en/name","/c/en/spot","/c/en/blotch"],"weight":0.20526999999999956,"degrees":[46,242,2629,965,101]},"num_concepts_raised":25454},{"base_id":931,"kind":"top_words","i1":2,"i2":7,"sol":{"path":["/c/en/christadelphian","/c/en/member","/c/en/part","/c/en/seed","/c/en/spore"],"weight":0.21990999999999905,"degrees":[46,1164,2528,1813,471]},"num_concepts_raised":24785},{"base_id":931,"kind":"top_words","i1":2,"i2":8,"sol":{"path":["/c/en/christadelphian","/c/en/christian","/c/en/muslim","/c/en/imam"],"weight":0.21167000000000025,"degrees":[46,813,683,240]},"num_concepts_raised":15696},{"base_id":931,"kind":"top_words","i1":2,"i2":9,"sol":{"path":["/c/en/christadelphian","/c/ro/christadelfian","/c/en/man","/c/en/spinach","/c/en/nightshade"],"weight":0.20488999999999968,"degrees":[46,9,3068,369,99]},"num_concepts_raised":14339},{"base_id":931,"kind":"top_words","i1":3,"i2":4,"sol":{"path":["/c/en/imus","/c/en/calabarzon","/c/en/philippines","/c/en/southeast_asia","/c/en/bandicoot"],"weight":0.2085399999999999,"degrees":[23,38,630,312,88]},"num_concepts_raised":3773},{"base_id":931,"kind":"top_words","i1":3,"i2":5,"sol":{"path":["/c/en/imus","/c/en/city","/c/en/montreal","/c/en/fungus","/c/en/ascomycete"],"weight":0.20933999999999992,"degrees":[23,3758,204,1236,55]},"num_concepts_raised":5165},{"base_id":931,"kind":"top_words","i1":3,"i2":6,"sol":{"path":["/c/en/imus","/c/en/city","/c/en/area","/c/en/spot","/c/en/blotch"],"weight":0.21006999999999965,"degrees":[23,3758,1840,965,101]},"num_concepts_raised":26359},{"base_id":931,"kind":"top_words","i1":3,"i2":7,"sol":{"path":["/c/en/imus","/c/en/city","/c/en/small","/c/en/seed","/c/en/spore"],"weight":0.2247299999999991,"degrees":[23,3758,2515,1813,471]},"num_concepts_raised":25676},{"base_id":931,"kind":"top_words","i1":3,"i2":8,"sol":{"path":["/c/en/imus","/c/en/city","/c/en/company","/c/en/imam"],"weight":0.2163500000000003,"degrees":[23,3758,2258,240]},"num_concepts_raised":16712},{"base_id":931,"kind":"top_words","i1":3,"i2":9,"sol":{"path":["/c/en/imus","/c/en/city","/c/en/dark","/c/en/shade","/c/en/nightshade"],"weight":0.20967999999999976,"degrees":[23,3758,1488,1192,99]},"num_concepts_raised":15242},{"base_id":931,"kind":"top_words","i1":4,"i2":5,"sol":{"path":["/c/en/bandicoot","/c/te/ఆఖువు","/c/en/rat","/c/en/mole","/c/en/fungus","/c/en/ascomycete"],"weight":0.2120590999999997,"degrees":[88,5,814,1084,1236,55]},"num_concepts_raised":145240},{"base_id":931,"kind":"top_words","i1":4,"i2":6,"sol":{"path":["/c/en/bandicoot","/c/en/marsupial","/c/en/animal","/c/en/plant","/c/en/blotch"],"weight":0.2044599999999997,"degrees":[88,282,3735,7959,101]},"num_concepts_raised":24023},{"base_id":931,"kind":"top_words","i1":4,"i2":7,"sol":{"path":["/c/en/bandicoot","/c/en/marsupial","/c/en/placenta","/c/en/spore"],"weight":0.21808999999999917,"degrees":[88,282,243,471]},"num_concepts_raised":23332},{"base_id":931,"kind":"top_words","i1":4,"i2":8,"sol":{"path":["/c/en/bandicoot","/c/en/southeast_asia","/c/en/telekung","/c/en/muslim","/c/en/imam"],"weight":0.21235000000000034,"degrees":[88,312,9,683,240]},"num_concepts_raised":14371},{"base_id":931,"kind":"top_words","i1":4,"i2":9,"sol":{"path":["/c/en/bandicoot","/c/te/ఆఖువు","/c/en/rat","/c/en/poison","/c/en/nightshade"],"weight":0.2055699999999998,"degrees":[88,5,814,1269,99]},"num_concepts_raised":12869},{"base_id":931,"kind":"top_words","i1":5,"i2":6,"sol":{"path":["/c/en/ascomycete","/c/en/fungus","/c/en/dirt","/c/en/blotch"],"weight":0.20525999999999972,"degrees":[55,1236,688,101]},"num_concepts_raised":25299},{"base_id":931,"kind":"top_words","i1":5,"i2":7,"sol":{"path":["/c/en/ascomycete","/c/en/ascus","/c/en/spore"],"weight":0.20800000000000002,"degrees":[55,45,471]},"num_concepts_raised":403},{"base_id":931,"kind":"top_words","i1":5,"i2":8,"sol":{"path":["/c/en/ascomycete","/c/en/fungus","/c/en/ground","/c/en/leader","/c/en/imam"],"weight":0.2131000000000004,"degrees":[55,1236,1836,1391,240]},"num_concepts_raised":15763},{"base_id":931,"kind":"top_words","i1":5,"i2":9,"sol":{"path":["/c/en/ascomycete","/c/en/fungus","/c/en/shade","/c/en/nightshade"],"weight":0.20629999999999982,"degrees":[55,1236,1192,99]},"num_concepts_raised":14172},{"base_id":931,"kind":"top_words","i1":6,"i2":7,"sol":{"path":["/c/en/blotch","/c/en/plant","/c/en/spore"],"weight":0.20600000000000002,"degrees":[101,7959,471]},"num_concepts_raised":455},{"base_id":931,"kind":"top_words","i1":6,"i2":8,"sol":{"path":["/c/en/blotch","/c/en/color","/c/en/attraction","/c/es/imán","/c/en/imam"],"weight":0.2163400000000001,"degrees":[101,1870,465,37,240]},"num_concepts_raised":36860},{"base_id":931,"kind":"top_words","i1":6,"i2":9,"sol":{"path":["/c/en/blotch","/c/en/spot","/c/en/shade","/c/en/nightshade"],"weight":0.20703999999999956,"degrees":[101,965,1192,99]},"num_concepts_raised":34506},{"base_id":931,"kind":"top_words","i1":7,"i2":8,"sol":{"path":["/c/en/spore","/c/ja/ほうし","/c/en/priest","/c/en/imam"],"weight":0.2260099999999996,"degrees":[471,5,1101,240]},"num_concepts_raised":36191},{"base_id":931,"kind":"top_words","i1":7,"i2":9,"sol":{"path":["/c/en/spore","/c/fi/itiö","/c/en/botany","/c/en/nightshade"],"weight":0.22321999999999903,"degrees":[471,19,6881,99]},"num_concepts_raised":33458},{"base_id":931,"kind":"top_words","i1":8,"i2":9,"sol":{"path":["/c/en/imam","/c/en/leader","/c/en/botany","/c/en/nightshade"],"weight":0.2124500000000002,"degrees":[240,1391,6881,99]},"num_concepts_raised":25801}]]