[[{"base_id":920,"kind":"bot_words","i1":0,"i2":1,"sol":{"path":["/c/en/ferret","/c/en/home","/c/en/country","/c/en/cuba"],"weight":0.22979999999999956,"degrees":[346,2163,2796,446]},"num_concepts_raised":69149},{"base_id":920,"kind":"bot_words","i1":0,"i2":2,"sol":{"path":["/c/en/ferret","/c/en/canada","/c/en/oxbow"],"weight":0.20400000000000001,"degrees":[346,2402,37]},"num_concepts_raised":300},{"base_id":920,"kind":"bot_words","i1":0,"i2":3,"sol":{"path":["/c/en/ferret","/c/en/canada","/c/en/worship","/c/en/worshipful"],"weight":0.21333999999999964,"degrees":[346,2402,833,36]},"num_concepts_raised":50989},{"base_id":920,"kind":"bot_words","i1":0,"i2":4,"sol":{"path":["/c/en/ferret","/c/en/weasel","/c/en/tree","/c/en/walnut"],"weight":0.22801999999999945,"degrees":[346,452,3598,335]},"num_concepts_raised":79399},{"base_id":920,"kind":"bot_words","i1":0,"i2":5,"sol":{"path":["/c/en/ferret","/c/en/nature","/c/en/consider","/c/en/pondering"],"weight":0.2121799999999995,"degrees":[346,1372,1005,40]},"num_concepts_raised":51057},{"base_id":920,"kind":"bot_words","i1":0,"i2":6,"sol":{"path":["/c/en/ferret","/c/en/europe","/c/en/belgium","/c/en/wallonia"],"weight":0.21357999999999955,"degrees":[346,765,860,44]},"num_concepts_raised":51655},{"base_id":920,"kind":"bot_words","i1":0,"i2":7,"sol":{"path":["/c/en/ferret","/c/en/animal","/c/en/slang","/c/en/necro"],"weight":0.22013999999999945,"degrees":[346,3735,16318,75]},"num_concepts_raised":68935},{"base_id":920,"kind":"bot_words","i1":0,"i2":8,"sol":{"path":["/c/en/ferret","/c/en/desert","/c/en/dry","/c/en/scorched"],"weight":0.21369999999999945,"degrees":[346,1105,1434,73]},"num_concepts_raised":53573},{"base_id":920,"kind":"bot_words","i1":0,"i2":9,"sol":{"path":["/c/en/ferret","/c/en/weasel","/c/en/tree","/c/en/rowan"],"weight":0.21804999999999947,"degrees":[346,452,3598,129]},"num_concepts_raised":61906},{"base_id":920,"kind":"bot_words","i1":1,"i2":2,"sol":{"path":["/c/en/cuba","/c/en/country","/c/en/land","/c/en/oxbow"],"weight":0.2204699999999999,"degrees":[446,2796,2465,37]},"num_concepts_raised":32879},{"base_id":920,"kind":"bot_words","i1":1,"i2":3,"sol":{"path":["/c/en/cuba","/c/en/country","/c/en/britain","/c/en/worshipful"],"weight":0.22036,"degrees":[446,2796,239,36]},"num_concepts_raised":23831},{"base_id":920,"kind":"bot_words","i1":1,"i2":4,"sol":{"path":["/c/en/cuba","/c/es/jagüey","/c/en/tree","/c/en/walnut"],"weight":0.22930999999999982,"degrees":[446,14,3598,335]},"num_concepts_raised":53890},{"base_id":920,"kind":"bot_words","i1":1,"i2":5,"sol":{"path":["/c/en/cuba","/c/en/country","/c/en/people","/c/en/thinking","/c/en/pondering"],"weight":0.22042999999999985,"degrees":[446,2796,4475,577,40]},"num_concepts_raised":23881},{"base_id":920,"kind":"bot_words","i1":1,"i2":6,"sol":{"path":["/c/en/cuba","/c/en/country","/c/en/belgium","/c/en/wallonia"],"weight":0.22173999999999988,"degrees":[446,2796,860,44]},"num_concepts_raised":24414},{"base_id":920,"kind":"bot_words","i1":1,"i2":7,"sol":{"path":["/c/en/cuba","/c/en/usa","/c/en/slang","/c/en/necro"],"weight":0.2258899999999998,"degrees":[446,2683,16318,75]},"num_concepts_raised":42430},{"base_id":920,"kind":"bot_words","i1":1,"i2":8,"sol":{"path":["/c/en/cuba","/c/en/baseball","/c/fi/palanut","/c/en/scorched"],"weight":0.21950999999999982,"degrees":[446,1859,13,73]},"num_concepts_raised":26662},{"base_id":920,"kind":"bot_words","i1":1,"i2":9,"sol":{"path":["/c/en/cuba","/c/en/rum","/c/en/shrub","/c/en/rowan"],"weight":0.21936999999999982,"degrees":[446,383,1130,129]},"num_concepts_raised":35490},{"base_id":920,"kind":"bot_words","i1":2,"i2":3,"sol":{"path":["/c/en/oxbow","/c/en/bow","/c/en/reverence","/c/en/worshipful"],"weight":0.20409999999999995,"degrees":[37,1518,316,36]},"num_concepts_raised":13973},{"base_id":920,"kind":"bot_words","i1":2,"i2":4,"sol":{"path":["/c/en/oxbow","/c/en/wood","/c/en/walnut"],"weight":0.20400000000000001,"degrees":[37,2440,335]},"num_concepts_raised":278},{"base_id":920,"kind":"bot_words","i1":2,"i2":5,"sol":{"path":["/c/en/oxbow","/c/en/ox","/c/en/work","/c/en/thinking","/c/en/pondering"],"weight":0.2040699999999998,"degrees":[37,585,4013,577,40]},"num_concepts_raised":14046},{"base_id":920,"kind":"bot_words","i1":2,"i2":6,"sol":{"path":["/c/en/oxbow","/c/en/river","/c/en/meuse","/c/en/wallonia"],"weight":0.20306999999999983,"degrees":[37,2945,146,44]},"num_concepts_raised":14642},{"base_id":920,"kind":"bot_words","i1":2,"i2":7,"sol":{"path":["/c/en/oxbow","/c/en/yoke","/c/en/slang","/c/en/necro"],"weight":0.21055999999999975,"degrees":[37,589,16318,75]},"num_concepts_raised":32766},{"base_id":920,"kind":"bot_words","i1":2,"i2":8,"sol":{"path":["/c/en/oxbow","/c/en/land","/c/en/dry","/c/en/scorched"],"weight":0.20445999999999975,"degrees":[37,2465,1434,73]},"num_concepts_raised":16760},{"base_id":920,"kind":"bot_words","i1":2,"i2":9,"sol":{"path":["/c/en/oxbow","/c/en/wood","/c/en/tree","/c/en/rowan"],"weight":0.20420999999999978,"degrees":[37,2440,3598,129]},"num_concepts_raised":25388},{"base_id":920,"kind":"bot_words","i1":3,"i2":4,"sol":{"path":["/c/en/worshipful","/c/en/awful","/c/en/bad","/c/en/walnut"],"weight":0.21179999999999988,"degrees":[36,278,1728,335]},"num_concepts_raised":34580},{"base_id":920,"kind":"bot_words","i1":3,"i2":5,"sol":{"path":["/c/en/worshipful","/c/fr/honorable","/c/fr/considérer","/c/en/ponder","/c/en/pondering"],"weight":0.2050299999999999,"degrees":[36,101,486,333,40]},"num_concepts_raised":3985},{"base_id":920,"kind":"bot_words","i1":3,"i2":6,"sol":{"path":["/c/en/worshipful","/c/en/worship","/c/en/people","/c/en/walloon","/c/en/wallonia"],"weight":0.20622999999999997,"degrees":[36,833,4475,99,44]},"num_concepts_raised":4624},{"base_id":920,"kind":"bot_words","i1":3,"i2":7,"sol":{"path":["/c/en/worshipful","/c/en/worshippy","/c/en/slang","/c/en/necro"],"weight":0.21155999999999986,"degrees":[36,9,16318,75]},"num_concepts_raised":23105},{"base_id":920,"kind":"bot_words","i1":3,"i2":8,"sol":{"path":["/c/en/worshipful","/c/en/worship","/c/en/form","/c/en/heat","/c/en/scorched"],"weight":0.20452999999999988,"degrees":[36,833,2423,2046,73]},"num_concepts_raised":6823},{"base_id":920,"kind":"bot_words","i1":3,"i2":9,"sol":{"path":["/c/en/worshipful","/c/en/worship","/c/en/british","/c/en/mountain_ash","/c/en/rowan"],"weight":0.20668999999999987,"degrees":[36,833,3452,69,129]},"num_concepts_raised":15783},{"base_id":920,"kind":"bot_words","i1":4,"i2":5,"sol":{"path":["/c/en/walnut","/c/en/tree","/c/en/toy","/c/en/ponder","/c/en/pondering"],"weight":0.2151299999999997,"degrees":[335,3598,1007,333,40]},"num_concepts_raised":34634},{"base_id":920,"kind":"bot_words","i1":4,"i2":6,"sol":{"path":["/c/en/walnut","/c/en/walloon","/c/en/wallonia"],"weight":0.20700000000000002,"degrees":[335,99,44]},"num_concepts_raised":285},{"base_id":920,"kind":"bot_words","i1":4,"i2":7,"sol":{"path":["/c/en/walnut","/c/en/nut","/c/en/slang","/c/en/necro"],"weight":0.2224099999999997,"degrees":[335,868,16318,75]},"num_concepts_raised":52780},{"base_id":920,"kind":"bot_words","i1":4,"i2":8,"sol":{"path":["/c/en/walnut","/c/en/dry","/c/en/scorched"],"weight":0.20500000000000002,"degrees":[335,1434,73]},"num_concepts_raised":313},{"base_id":920,"kind":"bot_words","i1":4,"i2":9,"sol":{"path":["/c/en/walnut","/c/en/tree","/c/en/rowan"],"weight":0.20500000000000002,"degrees":[335,3598,129]},"num_concepts_raised":351},{"base_id":920,"kind":"bot_words","i1":5,"i2":6,"sol":{"path":["/c/en/pondering","/c/en/ponder","/c/nl/peinzen","/c/en/belgium","/c/en/wallonia"],"weight":0.2052899999999998,"degrees":[40,333,31,860,44]},"num_concepts_raised":4662},{"base_id":920,"kind":"bot_words","i1":5,"i2":7,"sol":{"path":["/c/en/pondering","/c/fi/funtsaus","/c/en/slang","/c/en/necro"],"weight":0.21045999999999973,"degrees":[40,8,16318,75]},"num_concepts_raised":23152},{"base_id":920,"kind":"bot_words","i1":5,"i2":8,"sol":{"path":["/c/en/pondering","/c/en/thinking","/c/en/work","/c/en/dry","/c/en/scorched"],"weight":0.2045199999999997,"degrees":[40,577,4013,1434,73]},"num_concepts_raised":6852},{"base_id":920,"kind":"bot_words","i1":5,"i2":9,"sol":{"path":["/c/en/pondering","/c/en/ponder","/c/en/toy","/c/en/tree","/c/en/rowan"],"weight":0.20515999999999973,"degrees":[40,333,1007,3598,129]},"num_concepts_raised":15818},{"base_id":920,"kind":"bot_words","i1":6,"i2":7,"sol":{"path":["/c/en/wallonia","/c/en/walloon","/c/fr/gaule","/c/en/slang","/c/en/necro"],"weight":0.21262999999999976,"degrees":[44,99,213,16318,75]},"num_concepts_raised":23783},{"base_id":920,"kind":"bot_words","i1":6,"i2":8,"sol":{"path":["/c/en/wallonia","/c/en/walloon","/c/en/walnut","/c/en/dry","/c/en/scorched"],"weight":0.20660999999999974,"degrees":[44,99,335,1434,73]},"num_concepts_raised":7502},{"base_id":920,"kind":"bot_words","i1":6,"i2":9,"sol":{"path":["/c/en/wallonia","/c/en/belgium","/c/en/europe","/c/en/rowanberry","/c/en/rowan"],"weight":0.20655999999999974,"degrees":[44,860,765,26,129]},"num_concepts_raised":16454},{"base_id":920,"kind":"bot_words","i1":7,"i2":8,"sol":{"path":["/c/en/necro","/c/en/slang","/c/en/heat","/c/en/scorched"],"weight":0.2109499999999997,"degrees":[75,16318,2046,73]},"num_concepts_raised":25854},{"base_id":920,"kind":"bot_words","i1":7,"i2":9,"sol":{"path":["/c/en/necro","/c/en/slang","/c/en/red","/c/en/rowan"],"weight":0.21165999999999968,"degrees":[75,16318,1983,129]},"num_concepts_raised":34770},{"base_id":920,"kind":"bot_words","i1":8,"i2":9,"sol":{"path":["/c/en/scorched","/c/en/heat","/c/en/red","/c/en/rowan"],"weight":0.2045199999999997,"degrees":[73,2046,1983,129]},"num_concepts_raised":18584}],[{"base_id":920,"kind":"top_words","i1":0,"i2":1,"sol":{"path":["/c/en/scrivener","/c/en/scribe","/c/en/describe","/c/en/holotype"],"weight":0.20490000000000003,"degrees":[57,240,523,43]},"num_concepts_raised":12039},{"base_id":920,"kind":"top_words","i1":0,"i2":2,"sol":{"path":["/c/en/scrivener","/c/en/interest","/c/en/insect","/c/en/aedes"],"weight":0.20852999999999988,"degrees":[57,1297,2112,53]},"num_concepts_raised":11135},{"base_id":920,"kind":"top_words","i1":0,"i2":3,"sol":{"path":["/c/en/scrivener","/c/en/writer","/c/en/person","/c/en/electricity","/c/en/resistivity"],"weight":0.20355999999999996,"degrees":[57,1369,12935,1283,39]},"num_concepts_raised":10272},{"base_id":920,"kind":"top_words","i1":0,"i2":4,"sol":{"path":["/c/en/scrivener","/c/en/writer","/c/en/chalk","/c/en/powdery"],"weight":0.2037299999999999,"degrees":[57,1369,416,58]},"num_concepts_raised":13971},{"base_id":920,"kind":"top_words","i1":0,"i2":5,"sol":{"path":["/c/en/scrivener","/c/en/money","/c/fr/bourse","/c/en/bourse"],"weight":0.2105699999999999,"degrees":[57,2899,328,47]},"num_concepts_raised":12479},{"base_id":920,"kind":"top_words","i1":0,"i2":6,"sol":{"path":["/c/en/scrivener","/c/en/money","/c/en/term","/c/en/mete"],"weight":0.2037899999999998,"degrees":[57,2899,1089,84]},"num_concepts_raised":21192},{"base_id":920,"kind":"top_words","i1":0,"i2":7,"sol":{"path":["/c/en/scrivener","/c/en/scribe","/c/en/score","/c/en/crime","/c/en/penology"],"weight":0.21036999999999997,"degrees":[57,240,922,1155,70]},"num_concepts_raised":12374},{"base_id":920,"kind":"top_words","i1":0,"i2":8,"sol":{"path":["/c/en/scrivener","/c/en/notary","/c/en/law","/c/en/justiciary"],"weight":0.20657999999999987,"degrees":[57,129,3727,112]},"num_concepts_raised":48589},{"base_id":920,"kind":"top_words","i1":0,"i2":9,"sol":{"path":["/c/en/scrivener","/c/en/money","/c/en/floor","/c/en/floors"],"weight":0.2053199999999999,"degrees":[57,2899,1308,27]},"num_concepts_raised":17769},{"base_id":920,"kind":"top_words","i1":1,"i2":2,"sol":{"path":["/c/en/holotype","/c/en/taxonomy","/c/en/genus","/c/en/arthropod_genus","/c/en/aedes"],"weight":0.20853999999999995,"degrees":[43,745,2240,263,53]},"num_concepts_raised":6249},{"base_id":920,"kind":"top_words","i1":1,"i2":3,"sol":{"path":["/c/en/holotype","/c/en/paratype","/c/en/type","/c/en/electricity","/c/en/resistivity"],"weight":0.20438,"degrees":[43,16,1591,1283,39]},"num_concepts_raised":5386},{"base_id":920,"kind":"top_words","i1":1,"i2":4,"sol":{"path":["/c/en/holotype","/c/en/taxonomy","/c/en/trivial","/c/en/light","/c/en/powdery"],"weight":0.20465999999999998,"degrees":[43,745,348,4288,58]},"num_concepts_raised":9101},{"base_id":920,"kind":"top_words","i1":1,"i2":5,"sol":{"path":["/c/en/holotype","/c/en/illustration","/c/en/line","/c/en/stock_exchange","/c/en/bourse"],"weight":0.21064999999999998,"degrees":[43,318,3018,273,47]},"num_concepts_raised":7681},{"base_id":920,"kind":"top_words","i1":1,"i2":6,"sol":{"path":["/c/en/holotype","/c/en/taxonomy","/c/en/rank","/c/en/measure","/c/en/mete"],"weight":0.20506999999999986,"degrees":[43,745,1403,1837,84]},"num_concepts_raised":16440},{"base_id":920,"kind":"top_words","i1":1,"i2":7,"sol":{"path":["/c/en/holotype","/c/it/olotipo","/c/en/biology","/c/en/logy","/c/en/penology"],"weight":0.20984000000000003,"degrees":[43,8,6216,543,70]},"num_concepts_raised":7534},{"base_id":920,"kind":"top_words","i1":1,"i2":8,"sol":{"path":["/c/en/holotype","/c/en/physical","/c/en/law","/c/en/justiciary"],"weight":0.20534999999999995,"degrees":[43,1078,3727,112]},"num_concepts_raised":43968},{"base_id":920,"kind":"top_words","i1":1,"i2":9,"sol":{"path":["/c/en/holotype","/c/en/paratype","/c/en/type","/c/en/floor","/c/en/floors"],"weight":0.20630999999999997,"degrees":[43,16,1591,1308,27]},"num_concepts_raised":13043},{"base_id":920,"kind":"top_words","i1":2,"i2":3,"sol":{"path":["/c/en/aedes","/c/en/insect","/c/en/ground","/c/en/electricity","/c/en/resistivity"],"weight":0.20833999999999986,"degrees":[53,2112,1836,1283,39]},"num_concepts_raised":4444},{"base_id":920,"kind":"top_words","i1":2,"i2":4,"sol":{"path":["/c/en/aedes","/c/en/insect","/c/en/off","/c/en/light","/c/en/powdery"],"weight":0.20958999999999983,"degrees":[53,2112,726,4288,58]},"num_concepts_raised":8182},{"base_id":920,"kind":"top_words","i1":2,"i2":5,"sol":{"path":["/c/en/aedes","/c/en/mosquito","/c/en/military","/c/en/cover","/c/en/bourse"],"weight":0.21340999999999982,"degrees":[53,645,5690,2802,47]},"num_concepts_raised":6727},{"base_id":920,"kind":"top_words","i1":2,"i2":6,"sol":{"path":["/c/en/aedes","/c/en/mosquito","/c/en/bit","/c/en/measure","/c/en/mete"],"weight":0.21004999999999974,"degrees":[53,645,1251,1837,84]},"num_concepts_raised":15558},{"base_id":920,"kind":"top_words","i1":2,"i2":7,"sol":{"path":["/c/en/aedes","/c/en/insect","/c/en/entomology","/c/en/logy","/c/en/penology"],"weight":0.2138699999999999,"degrees":[53,2112,603,543,70]},"num_concepts_raised":6627},{"base_id":920,"kind":"top_words","i1":2,"i2":8,"sol":{"path":["/c/en/aedes","/c/en/mosquito","/c/en/nuisance","/c/en/law","/c/en/justiciary"],"weight":0.21046999999999982,"degrees":[53,645,261,3727,112]},"num_concepts_raised":43343},{"base_id":920,"kind":"top_words","i1":2,"i2":9,"sol":{"path":["/c/en/aedes","/c/en/insect","/c/en/ground","/c/en/floor","/c/en/floors"],"weight":0.21029999999999982,"degrees":[53,2112,1836,1308,27]},"num_concepts_raised":12134},{"base_id":920,"kind":"top_words","i1":3,"i2":4,"sol":{"path":["/c/en/resistivity","/c/es/resistividad","/c/en/physics","/c/en/light","/c/en/powdery"],"weight":0.2054899999999999,"degrees":[39,7,9094,4288,58]},"num_concepts_raised":7297},{"base_id":920,"kind":"top_words","i1":3,"i2":5,"sol":{"path":["/c/en/resistivity","/c/en/electricity","/c/en/station","/c/en/bourse"],"weight":0.2081899999999999,"degrees":[39,1283,888,47]},"num_concepts_raised":5876},{"base_id":920,"kind":"top_words","i1":3,"i2":6,"sol":{"path":["/c/en/resistivity","/c/en/thermal_conductivity","/c/en/measure","/c/en/mete"],"weight":0.20473999999999978,"degrees":[39,35,1837,84]},"num_concepts_raised":14679},{"base_id":920,"kind":"top_words","i1":3,"i2":7,"sol":{"path":["/c/en/resistivity","/c/en/electricity","/c/en/charge","/c/en/crime","/c/en/penology"],"weight":0.20875,"degrees":[39,1283,1848,1155,70]},"num_concepts_raised":5766},{"base_id":920,"kind":"top_words","i1":3,"i2":8,"sol":{"path":["/c/en/resistivity","/c/en/electricity","/c/en/power","/c/en/justiciary"],"weight":0.20400999999999989,"degrees":[39,1283,2205,112]},"num_concepts_raised":42414},{"base_id":920,"kind":"top_words","i1":3,"i2":9,"sol":{"path":["/c/en/resistivity","/c/en/electricity","/c/en/building","/c/en/floor","/c/en/floors"],"weight":0.2051899999999999,"degrees":[39,1283,2061,1308,27]},"num_concepts_raised":11268},{"base_id":920,"kind":"top_words","i1":4,"i2":5,"sol":{"path":["/c/en/powdery","/c/en/pulverulent","/c/en/cover","/c/en/bourse"],"weight":0.20839999999999986,"degrees":[58,26,2802,47]},"num_concepts_raised":9582},{"base_id":920,"kind":"top_words","i1":4,"i2":6,"sol":{"path":["/c/en/powdery","/c/pl/miałki","/c/en/dialectal","/c/en/mete"],"weight":0.20361999999999975,"degrees":[58,13,4127,84]},"num_concepts_raised":18361},{"base_id":920,"kind":"top_words","i1":4,"i2":7,"sol":{"path":["/c/en/powdery","/c/en/light","/c/en/person","/c/en/crime","/c/en/penology"],"weight":0.20998999999999993,"degrees":[58,4288,12935,1155,70]},"num_concepts_raised":9511},{"base_id":920,"kind":"top_words","i1":4,"i2":8,"sol":{"path":["/c/en/powdery","/c/en/ash","/c/en/god","/c/en/justiciary"],"weight":0.20520999999999984,"degrees":[58,810,1774,112]},"num_concepts_raised":46043},{"base_id":920,"kind":"top_words","i1":4,"i2":9,"sol":{"path":["/c/en/powdery","/c/en/light","/c/en/board","/c/en/floors"],"weight":0.20420999999999984,"degrees":[58,4288,1625,27]},"num_concepts_raised":14912},{"base_id":920,"kind":"top_words","i1":5,"i2":6,"sol":{"path":["/c/en/bourse","/c/en/cover","/c/en/term","/c/en/mete"],"weight":0.20857999999999974,"degrees":[47,2802,1089,84]},"num_concepts_raised":16878},{"base_id":920,"kind":"top_words","i1":5,"i2":7,"sol":{"path":["/c/en/bourse","/c/en/philately","/c/en/study","/c/en/penology"],"weight":0.21370999999999993,"degrees":[47,260,1753,70]},"num_concepts_raised":8036},{"base_id":920,"kind":"top_words","i1":5,"i2":8,"sol":{"path":["/c/en/bourse","/c/en/cover","/c/en/judge","/c/en/justiciary"],"weight":0.21031999999999984,"degrees":[47,2802,1643,112]},"num_concepts_raised":44496},{"base_id":920,"kind":"top_words","i1":5,"i2":9,"sol":{"path":["/c/en/bourse","/c/en/cover","/c/en/floor","/c/en/floors"],"weight":0.21017999999999987,"degrees":[47,2802,1308,27]},"num_concepts_raised":13395},{"base_id":920,"kind":"top_words","i1":6,"i2":7,"sol":{"path":["/c/en/mete","/c/en/punishment","/c/en/penology"],"weight":0.20400000000000001,"degrees":[84,1026,70]},"num_concepts_raised":117},{"base_id":920,"kind":"top_words","i1":6,"i2":8,"sol":{"path":["/c/en/mete","/c/en/term","/c/en/justiciary"],"weight":0.202,"degrees":[84,1089,112]},"num_concepts_raised":149},{"base_id":920,"kind":"top_words","i1":6,"i2":9,"sol":{"path":["/c/en/mete","/c/en/part","/c/en/floor","/c/en/floors"],"weight":0.20546999999999974,"degrees":[84,2528,1308,27]},"num_concepts_raised":22063},{"base_id":920,"kind":"top_words","i1":7,"i2":8,"sol":{"path":["/c/en/penology","/c/en/crime","/c/en/justice","/c/en/justiciary"],"weight":0.2118599999999999,"degrees":[70,1155,611,112]},"num_concepts_raised":44319},{"base_id":920,"kind":"top_words","i1":7,"i2":9,"sol":{"path":["/c/en/penology","/c/en/punishment","/c/en/school","/c/en/floors"],"weight":0.20846999999999993,"degrees":[70,1026,2171,27]},"num_concepts_raised":13350},{"base_id":920,"kind":"top_words","i1":8,"i2":9,"sol":{"path":["/c/en/justiciary","/c/en/court","/c/en/floor","/c/en/floors"],"weight":0.20611999999999983,"degrees":[112,1616,1308,27]},"num_concepts_raised":49344}]]