[[{"base_id":157,"kind":"bot_words","i1":0,"i2":1,"sol":{"path":["/c/en/d12","/c/fr/jeux","/c/en/adventure","/c/en/quest"],"weight":0.21182999999999969,"degrees":[77,572,464,209]},"num_concepts_raised":22241},{"base_id":157,"kind":"bot_words","i1":0,"i2":2,"sol":{"path":["/c/en/d12","/c/en/die","/c/en/war","/c/en/iraq"],"weight":0.21916000000000002,"degrees":[77,2528,1823,382]},"num_concepts_raised":22870},{"base_id":157,"kind":"bot_words","i1":0,"i2":3,"sol":{"path":["/c/en/d12","/c/en/proof","/c/en/say","/c/en/proverb"],"weight":0.22035000000000016,"degrees":[77,766,999,488]},"num_concepts_raised":17513},{"base_id":157,"kind":"bot_words","i1":0,"i2":4,"sol":{"path":["/c/en/d12","/c/en/die","/c/en/bad","/c/en/average","/c/en/middling"],"weight":0.21047999999999992,"degrees":[77,2528,1728,711,67]},"num_concepts_raised":14926},{"base_id":157,"kind":"bot_words","i1":0,"i2":5,"sol":{"path":["/c/en/d12","/c/en/band","/c/en/fame","/c/en/famed"],"weight":0.21085999999999994,"degrees":[77,1893,611,40]},"num_concepts_raised":6617},{"base_id":157,"kind":"bot_words","i1":0,"i2":6,"sol":{"path":["/c/en/d12","/c/en/hip_hop_music","/c/en/snow","/c/en/snowbell"],"weight":0.2084399999999999,"degrees":[77,218,1934,26]},"num_concepts_raised":12722},{"base_id":157,"kind":"bot_words","i1":0,"i2":7,"sol":{"path":["/c/en/d12","/c/en/die","/c/en/person","/c/en/china","/c/en/liao"],"weight":0.20882999999999988,"degrees":[77,2528,12935,1318,44]},"num_concepts_raised":15996},{"base_id":157,"kind":"bot_words","i1":0,"i2":8,"sol":{"path":["/c/en/d12","/c/fr/jeux","/c/en/go","/c/en/move","/c/en/whoosh"],"weight":0.2089599999999998,"degrees":[77,572,2637,2810,65]},"num_concepts_raised":8698},{"base_id":157,"kind":"bot_words","i1":0,"i2":9,"sol":{"path":["/c/en/d12","/c/en/proof","/c/en/degree","/c/en/horribly"],"weight":0.20929999999999988,"degrees":[77,766,1513,94]},"num_concepts_raised":10012},{"base_id":157,"kind":"bot_words","i1":1,"i2":2,"sol":{"path":["/c/en/quest","/c/en/mission","/c/mg/iraka","/c/en/iraq"],"weight":0.21632999999999974,"degrees":[209,440,4,382]},"num_concepts_raised":34635},{"base_id":157,"kind":"bot_words","i1":1,"i2":3,"sol":{"path":["/c/en/quest","/c/en/search","/c/en/apply","/c/en/proverb"],"weight":0.21882999999999986,"degrees":[209,1062,710,488]},"num_concepts_raised":29011},{"base_id":157,"kind":"bot_words","i1":1,"i2":4,"sol":{"path":["/c/en/quest","/c/en/alchemist","/c/en/middle","/c/en/middling"],"weight":0.20646999999999965,"degrees":[209,269,1081,67]},"num_concepts_raised":26705},{"base_id":157,"kind":"bot_words","i1":1,"i2":5,"sol":{"path":["/c/en/quest","/c/en/bay","/c/en/fame","/c/en/famed"],"weight":0.20729999999999965,"degrees":[209,841,611,40]},"num_concepts_raised":18545},{"base_id":157,"kind":"bot_words","i1":1,"i2":6,"sol":{"path":["/c/en/quest","/c/en/argonaut","/c/en/genus","/c/en/snowbell"],"weight":0.2047899999999996,"degrees":[209,94,2240,26]},"num_concepts_raised":24606},{"base_id":157,"kind":"bot_words","i1":1,"i2":7,"sol":{"path":["/c/en/quest","/c/en/story","/c/en/history","/c/en/liao"],"weight":0.20504999999999957,"degrees":[209,1207,1864,44]},"num_concepts_raised":27678},{"base_id":157,"kind":"bot_words","i1":1,"i2":8,"sol":{"path":["/c/en/quest","/c/en/seek","/c/en/move","/c/en/whoosh"],"weight":0.20554999999999957,"degrees":[209,709,2810,65]},"num_concepts_raised":20504},{"base_id":157,"kind":"bot_words","i1":1,"i2":9,"sol":{"path":["/c/en/quest","/c/en/for","/c/en/very","/c/en/horribly"],"weight":0.20671999999999957,"degrees":[209,1064,1529,94]},"num_concepts_raised":21842},{"base_id":157,"kind":"bot_words","i1":2,"i2":3,"sol":{"path":["/c/en/iraq","/c/fr/pays","/c/fr/commun","/c/fr/proverbe","/c/en/proverb"],"weight":0.2313200000000002,"degrees":[382,5104,619,179,488]},"num_concepts_raised":29925},{"base_id":157,"kind":"bot_words","i1":2,"i2":4,"sol":{"path":["/c/en/iraq","/c/en/middle_east","/c/en/middle","/c/en/middling"],"weight":0.21495999999999998,"degrees":[382,349,1081,67]},"num_concepts_raised":27315},{"base_id":157,"kind":"bot_words","i1":2,"i2":5,"sol":{"path":["/c/en/iraq","/c/en/baghdad","/c/en/album","/c/en/fame","/c/en/famed"],"weight":0.21972999999999998,"degrees":[382,238,778,611,40]},"num_concepts_raised":19117},{"base_id":157,"kind":"bot_words","i1":2,"i2":6,"sol":{"path":["/c/en/iraq","/c/en/asia","/c/en/mountain","/c/en/snowbell"],"weight":0.21328999999999992,"degrees":[382,805,1965,26]},"num_concepts_raised":25054},{"base_id":157,"kind":"bot_words","i1":2,"i2":7,"sol":{"path":["/c/en/iraq","/c/fr/pays","/c/en/china","/c/en/liao"],"weight":0.2140999999999999,"degrees":[382,5104,1318,44]},"num_concepts_raised":28152},{"base_id":157,"kind":"bot_words","i1":2,"i2":8,"sol":{"path":["/c/en/iraq","/c/en/iraqi","/c/en/person","/c/en/move","/c/en/whoosh"],"weight":0.21556999999999987,"degrees":[382,98,12935,2810,65]},"num_concepts_raised":21215},{"base_id":157,"kind":"bot_words","i1":2,"i2":9,"sol":{"path":["/c/en/iraq","/c/en/war","/c/en/very","/c/en/horribly"],"weight":0.2141699999999999,"degrees":[382,1823,1529,94]},"num_concepts_raised":22478},{"base_id":157,"kind":"bot_words","i1":3,"i2":4,"sol":{"path":["/c/en/proverb","/c/ar/مثل","/c/en/mean","/c/en/middling"],"weight":0.2173000000000001,"degrees":[488,135,1314,67]},"num_concepts_raised":21843},{"base_id":157,"kind":"bot_words","i1":3,"i2":5,"sol":{"path":["/c/en/proverb","/c/en/proverbial","/c/en/famous","/c/en/famed"],"weight":0.21720000000000012,"degrees":[488,66,647,40]},"num_concepts_raised":13706},{"base_id":157,"kind":"bot_words","i1":3,"i2":6,"sol":{"path":["/c/en/proverb","/c/en/common","/c/en/genus","/c/en/snowbell"],"weight":0.21450000000000008,"degrees":[488,1219,2240,26]},"num_concepts_raised":19792},{"base_id":157,"kind":"bot_words","i1":3,"i2":7,"sol":{"path":["/c/en/proverb","/c/de/spruch","/c/en/medieval","/c/en/liao"],"weight":0.21476000000000006,"degrees":[488,90,464,44]},"num_concepts_raised":23011},{"base_id":157,"kind":"bot_words","i1":3,"i2":8,"sol":{"path":["/c/en/proverb","/c/en/apply","/c/en/move","/c/en/whoosh"],"weight":0.21484000000000003,"degrees":[488,710,2810,65]},"num_concepts_raised":15763},{"base_id":157,"kind":"bot_words","i1":3,"i2":9,"sol":{"path":["/c/en/proverb","/c/en/common","/c/en/very","/c/en/horribly"],"weight":0.21543000000000004,"degrees":[488,1219,1529,94]},"num_concepts_raised":17027},{"base_id":157,"kind":"bot_words","i1":4,"i2":5,"sol":{"path":["/c/en/middling","/c/en/success","/c/en/fame","/c/en/famed"],"weight":0.2055399999999999,"degrees":[67,710,611,40]},"num_concepts_raised":11114},{"base_id":157,"kind":"bot_words","i1":4,"i2":6,"sol":{"path":["/c/en/middling","/c/en/average","/c/en/point","/c/en/mountain","/c/en/snowbell"],"weight":0.20452999999999985,"degrees":[67,711,2624,1965,26]},"num_concepts_raised":17195},{"base_id":157,"kind":"bot_words","i1":4,"i2":7,"sol":{"path":["/c/en/middling","/c/en/quality","/c/en/surname","/c/en/liao"],"weight":0.2042899999999998,"degrees":[67,1710,1055,44]},"num_concepts_raised":20445},{"base_id":157,"kind":"bot_words","i1":4,"i2":8,"sol":{"path":["/c/en/middling","/c/en/average","/c/en/operation","/c/en/move","/c/en/whoosh"],"weight":0.2048299999999998,"degrees":[67,711,1135,2810,65]},"num_concepts_raised":13220},{"base_id":157,"kind":"bot_words","i1":4,"i2":9,"sol":{"path":["/c/en/middling","/c/en/badly","/c/en/horribly"],"weight":0.202,"degrees":[67,260,94]},"num_concepts_raised":131},{"base_id":157,"kind":"bot_words","i1":5,"i2":6,"sol":{"path":["/c/en/famed","/c/en/fame","/c/en/beautiful","/c/en/snow","/c/en/snowbell"],"weight":0.2050699999999999,"degrees":[40,611,1480,1934,26]},"num_concepts_raised":8911},{"base_id":157,"kind":"bot_words","i1":5,"i2":7,"sol":{"path":["/c/en/famed","/c/en/fame","/c/en/luoyang","/c/en/china","/c/en/liao"],"weight":0.20531999999999986,"degrees":[40,611,94,1318,44]},"num_concepts_raised":12201},{"base_id":157,"kind":"bot_words","i1":5,"i2":8,"sol":{"path":["/c/en/famed","/c/en/fame","/c/lv/nākt","/c/en/move","/c/en/whoosh"],"weight":0.20541999999999982,"degrees":[40,611,97,2810,65]},"num_concepts_raised":4903},{"base_id":157,"kind":"bot_words","i1":5,"i2":9,"sol":{"path":["/c/en/famed","/c/en/famous","/c/en/very","/c/en/horribly"],"weight":0.20415999999999984,"degrees":[40,647,1529,94]},"num_concepts_raised":6190},{"base_id":157,"kind":"bot_words","i1":6,"i2":7,"sol":{"path":["/c/en/snowbell","/c/en/mountain","/c/en/river","/c/en/liao"],"weight":0.20279999999999979,"degrees":[26,1965,2945,44]},"num_concepts_raised":18150},{"base_id":157,"kind":"bot_words","i1":6,"i2":8,"sol":{"path":["/c/en/snowbell","/c/en/snow","/c/en/liquid","/c/en/swish","/c/en/whoosh"],"weight":0.20304999999999976,"degrees":[26,1934,1778,76,65]},"num_concepts_raised":11020},{"base_id":157,"kind":"bot_words","i1":6,"i2":9,"sol":{"path":["/c/en/snowbell","/c/en/snow","/c/en/very","/c/en/horribly"],"weight":0.20353999999999978,"degrees":[26,1934,1529,94]},"num_concepts_raised":12302},{"base_id":157,"kind":"bot_words","i1":7,"i2":8,"sol":{"path":["/c/en/liao","/c/en/china","/c/en/person","/c/en/move","/c/en/whoosh"],"weight":0.20329999999999976,"degrees":[44,1318,12935,2810,65]},"num_concepts_raised":14300},{"base_id":157,"kind":"bot_words","i1":7,"i2":9,"sol":{"path":["/c/en/liao","/c/en/china","/c/en/great","/c/en/horrible","/c/en/horribly"],"weight":0.20481999999999975,"degrees":[44,1318,1453,229,94]},"num_concepts_raised":15559},{"base_id":157,"kind":"bot_words","i1":8,"i2":9,"sol":{"path":["/c/en/whoosh","/c/en/sarcastic","/c/en/great","/c/en/horrible","/c/en/horribly"],"weight":0.2049199999999997,"degrees":[65,322,1453,229,94]},"num_concepts_raised":8302}],[{"base_id":157,"kind":"top_words","i1":0,"i2":1,"sol":{"path":["/c/en/accusative","/c/en/grammar","/c/en/ergative"],"weight":0.203,"degrees":[196,6397,46]},"num_concepts_raised":205},{"base_id":157,"kind":"top_words","i1":0,"i2":2,"sol":{"path":["/c/en/accusative","/c/en/case","/c/en/nominative"],"weight":0.203,"degrees":[196,1773,161]},"num_concepts_raised":286},{"base_id":157,"kind":"top_words","i1":0,"i2":3,"sol":{"path":["/c/en/accusative","/c/en/grammar","/c/en/dative"],"weight":0.20400000000000001,"degrees":[196,6397,199]},"num_concepts_raised":306},{"base_id":157,"kind":"top_words","i1":0,"i2":4,"sol":{"path":["/c/en/accusative","/c/en/grammar","/c/en/verb"],"weight":0.20800000000000002,"degrees":[196,6397,997]},"num_concepts_raised":935},{"base_id":157,"kind":"top_words","i1":0,"i2":5,"sol":{"path":["/c/en/accusative","/c/en/grammar","/c/en/infinitive"],"weight":0.20600000000000002,"degrees":[196,6397,258]},"num_concepts_raised":361},{"base_id":157,"kind":"top_words","i1":0,"i2":6,"sol":{"path":["/c/en/accusative","/c/en/grammar","/c/la/genetivus","/c/en/generation","/c/en/generational"],"weight":0.20867999999999948,"degrees":[196,6397,22,655,39]},"num_concepts_raised":12134},{"base_id":157,"kind":"top_words","i1":0,"i2":7,"sol":{"path":["/c/en/accusative","/c/en/grammar","/c/en/intransitive"],"weight":0.203,"degrees":[196,6397,127]},"num_concepts_raised":260},{"base_id":157,"kind":"top_words","i1":0,"i2":8,"sol":{"path":["/c/en/accusative","/c/en/grammar","/c/en/island","/c/en/fehmarn"],"weight":0.21155999999999936,"degrees":[196,6397,1660,53]},"num_concepts_raised":14693},{"base_id":157,"kind":"top_words","i1":0,"i2":9,"sol":{"path":["/c/en/accusative","/c/en/grammar","/c/en/pronoun"],"weight":0.20600000000000002,"degrees":[196,6397,550]},"num_concepts_raised":533},{"base_id":157,"kind":"top_words","i1":1,"i2":2,"sol":{"path":["/c/en/ergative","/c/en/grammar","/c/en/nominative"],"weight":0.202,"degrees":[46,6397,161]},"num_concepts_raised":157},{"base_id":157,"kind":"top_words","i1":1,"i2":3,"sol":{"path":["/c/en/ergative","/c/fr/grammaire","/c/en/dative"],"weight":0.20400000000000001,"degrees":[46,2454,199]},"num_concepts_raised":197},{"base_id":157,"kind":"top_words","i1":1,"i2":4,"sol":{"path":["/c/en/ergative","/c/en/grammar","/c/en/verb"],"weight":0.20700000000000002,"degrees":[46,6397,997]},"num_concepts_raised":797},{"base_id":157,"kind":"top_words","i1":1,"i2":5,"sol":{"path":["/c/en/ergative","/c/fr/grammaire","/c/en/infinitive"],"weight":0.20600000000000002,"degrees":[46,2454,258]},"num_concepts_raised":223},{"base_id":157,"kind":"top_words","i1":1,"i2":6,"sol":{"path":["/c/en/ergative","/c/fr/grammaire","/c/de/geschlecht","/c/en/generation","/c/en/generational"],"weight":0.2064699999999999,"degrees":[46,2454,226,655,39]},"num_concepts_raised":12661},{"base_id":157,"kind":"top_words","i1":1,"i2":7,"sol":{"path":["/c/en/ergative","/c/en/intransitive"],"weight":0.20400000000000001,"degrees":[46,127]},"num_concepts_raised":119},{"base_id":157,"kind":"top_words","i1":1,"i2":8,"sol":{"path":["/c/en/ergative","/c/en/grammar","/c/en/island","/c/en/fehmarn"],"weight":0.20858999999999978,"degrees":[46,6397,1660,53]},"num_concepts_raised":15232},{"base_id":157,"kind":"top_words","i1":1,"i2":9,"sol":{"path":["/c/en/ergative","/c/en/grammar","/c/en/pronoun"],"weight":0.20500000000000002,"degrees":[46,6397,550]},"num_concepts_raised":400},{"base_id":157,"kind":"top_words","i1":2,"i2":3,"sol":{"path":["/c/en/nominative","/c/en/case","/c/en/dative"],"weight":0.203,"degrees":[161,1773,199]},"num_concepts_raised":283},{"base_id":157,"kind":"top_words","i1":2,"i2":4,"sol":{"path":["/c/en/nominative","/c/en/grammar","/c/en/verb"],"weight":0.20700000000000002,"degrees":[161,6397,997]},"num_concepts_raised":884},{"base_id":157,"kind":"top_words","i1":2,"i2":5,"sol":{"path":["/c/en/nominative","/c/en/grammar","/c/en/infinitive"],"weight":0.20500000000000002,"degrees":[161,6397,258]},"num_concepts_raised":313},{"base_id":157,"kind":"top_words","i1":2,"i2":6,"sol":{"path":["/c/en/nominative","/c/en/noun","/c/en/gentile","/c/en/generation","/c/en/generational"],"weight":0.20816999999999974,"degrees":[161,992,175,655,39]},"num_concepts_raised":14207},{"base_id":157,"kind":"top_words","i1":2,"i2":7,"sol":{"path":["/c/en/nominative","/c/en/grammar","/c/en/intransitive"],"weight":0.202,"degrees":[161,6397,127]},"num_concepts_raised":214},{"base_id":157,"kind":"top_words","i1":2,"i2":8,"sol":{"path":["/c/en/nominative","/c/en/grammar","/c/en/island","/c/en/fehmarn"],"weight":0.21059999999999962,"degrees":[161,6397,1660,53]},"num_concepts_raised":16743},{"base_id":157,"kind":"top_words","i1":2,"i2":9,"sol":{"path":["/c/en/nominative","/c/en/noun","/c/en/pronoun"],"weight":0.20600000000000002,"degrees":[161,992,550]},"num_concepts_raised":485},{"base_id":157,"kind":"top_words","i1":3,"i2":4,"sol":{"path":["/c/en/dative","/c/en/grammar","/c/en/verb"],"weight":0.20800000000000002,"degrees":[199,6397,997]},"num_concepts_raised":930},{"base_id":157,"kind":"top_words","i1":3,"i2":5,"sol":{"path":["/c/en/dative","/c/en/grammar","/c/en/infinitive"],"weight":0.20600000000000002,"degrees":[199,6397,258]},"num_concepts_raised":352},{"base_id":157,"kind":"top_words","i1":3,"i2":6,"sol":{"path":["/c/en/dative","/c/en/grammar","/c/en/time","/c/en/generation","/c/en/generational"],"weight":0.20898999999999968,"degrees":[199,6397,4124,655,39]},"num_concepts_raised":33348},{"base_id":157,"kind":"top_words","i1":3,"i2":7,"sol":{"path":["/c/en/dative","/c/en/grammar","/c/en/intransitive"],"weight":0.203,"degrees":[199,6397,127]},"num_concepts_raised":254},{"base_id":157,"kind":"top_words","i1":3,"i2":8,"sol":{"path":["/c/en/dative","/c/en/grammar","/c/en/island","/c/en/fehmarn"],"weight":0.21186999999999956,"degrees":[199,6397,1660,53]},"num_concepts_raised":35900},{"base_id":157,"kind":"top_words","i1":3,"i2":9,"sol":{"path":["/c/en/dative","/c/en/grammar","/c/en/pronoun"],"weight":0.20600000000000002,"degrees":[199,6397,550]},"num_concepts_raised":528},{"base_id":157,"kind":"top_words","i1":4,"i2":5,"sol":{"path":["/c/en/verb","/c/en/infinitive"],"weight":0.20900000000000002,"degrees":[997,258]},"num_concepts_raised":942},{"base_id":157,"kind":"top_words","i1":4,"i2":6,"sol":{"path":["/c/en/verb","/c/en/gentile","/c/en/generation","/c/en/generational"],"weight":0.2271199999999991,"degrees":[997,175,655,39]},"num_concepts_raised":42439},{"base_id":157,"kind":"top_words","i1":4,"i2":7,"sol":{"path":["/c/en/verb","/c/en/grammar","/c/en/intransitive"],"weight":0.20700000000000002,"degrees":[997,6397,127]},"num_concepts_raised":849},{"base_id":157,"kind":"top_words","i1":4,"i2":8,"sol":{"path":["/c/en/verb","/c/en/grammar","/c/en/island","/c/en/fehmarn"],"weight":0.23565999999999893,"degrees":[997,6397,1660,53]},"num_concepts_raised":44928},{"base_id":157,"kind":"top_words","i1":4,"i2":9,"sol":{"path":["/c/en/verb","/c/en/part_of_speech","/c/en/pronoun"],"weight":0.21100000000000002,"degrees":[997,338,550]},"num_concepts_raised":1116},{"base_id":157,"kind":"top_words","i1":5,"i2":6,"sol":{"path":["/c/en/infinitive","/c/en/grammar","/c/en/time","/c/en/generation","/c/en/generational"],"weight":0.2159599999999996,"degrees":[258,6397,4124,655,39]},"num_concepts_raised":17681},{"base_id":157,"kind":"top_words","i1":5,"i2":7,"sol":{"path":["/c/en/infinitive","/c/en/grammar","/c/en/intransitive"],"weight":0.20500000000000002,"degrees":[258,6397,127]},"num_concepts_raised":280},{"base_id":157,"kind":"top_words","i1":5,"i2":8,"sol":{"path":["/c/en/infinitive","/c/en/grammar","/c/en/island","/c/en/fehmarn"],"weight":0.21882999999999947,"degrees":[258,6397,1660,53]},"num_concepts_raised":20232},{"base_id":157,"kind":"top_words","i1":5,"i2":9,"sol":{"path":["/c/en/infinitive","/c/en/grammar","/c/en/pronoun"],"weight":0.20800000000000002,"degrees":[258,6397,550]},"num_concepts_raised":555},{"base_id":157,"kind":"top_words","i1":6,"i2":7,"sol":{"path":["/c/en/generational","/c/en/generative","/c/en/neuter","/c/en/intransitive"],"weight":0.20552999999999996,"degrees":[39,95,306,127]},"num_concepts_raised":7926},{"base_id":157,"kind":"top_words","i1":6,"i2":8,"sol":{"path":["/c/en/generational","/c/en/generation","/c/en/tree","/c/en/town","/c/en/fehmarn"],"weight":0.21039999999999978,"degrees":[39,655,3598,2220,53]},"num_concepts_raised":4390},{"base_id":157,"kind":"top_words","i1":6,"i2":9,"sol":{"path":["/c/en/generational","/c/en/generation","/c/ja/代","/c/en/pronoun"],"weight":0.21791000000000021,"degrees":[39,655,116,550]},"num_concepts_raised":35455},{"base_id":157,"kind":"top_words","i1":7,"i2":8,"sol":{"path":["/c/en/intransitive","/c/en/grammar","/c/en/island","/c/en/fehmarn"],"weight":0.21024999999999985,"degrees":[127,6397,1660,53]},"num_concepts_raised":10496},{"base_id":157,"kind":"top_words","i1":7,"i2":9,"sol":{"path":["/c/en/intransitive","/c/en/grammar","/c/en/pronoun"],"weight":0.20500000000000002,"degrees":[127,6397,550]},"num_concepts_raised":455},{"base_id":157,"kind":"top_words","i1":8,"i2":9,"sol":{"path":["/c/en/fehmarn","/c/en/island","/c/en/grammar","/c/en/pronoun"],"weight":0.2243900000000001,"degrees":[53,1660,6397,550]},"num_concepts_raised":37930}]]