[[{"base_id":408,"kind":"bot_words","i1":0,"i2":1,"sol":{"path":["/c/en/calabria","/c/en/italy","/c/en/sucker","/c/en/draw","/c/en/attract"],"weight":0.2164499999999991,"degrees":[135,885,306,1953,498]},"num_concepts_raised":25046},{"base_id":408,"kind":"bot_words","i1":0,"i2":2,"sol":{"path":["/c/en/calabria","/c/en/calabrian","/c/en/language","/c/en/telling_story","/c/en/frightening"],"weight":0.2143899999999993,"degrees":[135,20,4160,105,290]},"num_concepts_raised":10436},{"base_id":408,"kind":"bot_words","i1":0,"i2":3,"sol":{"path":["/c/en/calabria","/c/ca/calàbria","/c/en/loon","/c/en/us","/c/en/sheepskin"],"weight":0.21448999999999963,"degrees":[135,7,184,8154,122]},"num_concepts_raised":22379},{"base_id":408,"kind":"bot_words","i1":0,"i2":4,"sol":{"path":["/c/en/calabria","/c/en/italy","/c/en/line","/c/en/genetics","/c/en/cytogenetics"],"weight":0.21498999999999985,"degrees":[135,885,3018,1987,59]},"num_concepts_raised":12582},{"base_id":408,"kind":"bot_words","i1":0,"i2":5,"sol":{"path":["/c/en/calabria","/c/en/calabrian","/c/en/language","/c/en/body","/c/en/cells"],"weight":0.21287999999999974,"degrees":[135,20,4160,3170,60]},"num_concepts_raised":25986},{"base_id":408,"kind":"bot_words","i1":0,"i2":6,"sol":{"path":["/c/en/calabria","/c/fr/calabre","/c/fr/italie","/c/fr/ton","/c/en/tartness"],"weight":0.21396999999999985,"degrees":[135,467,8539,501,34]},"num_concepts_raised":4088},{"base_id":408,"kind":"bot_words","i1":0,"i2":7,"sol":{"path":["/c/en/calabria","/c/en/italy","/c/en/wine","/c/en/bouquet","/c/en/posy"],"weight":0.21196999999999996,"degrees":[135,885,1776,266,36]},"num_concepts_raised":6410},{"base_id":408,"kind":"bot_words","i1":0,"i2":8,"sol":{"path":["/c/en/calabria","/c/en/calabrian","/c/en/language","/c/en/computing","/c/en/bistable"],"weight":0.2113899999999999,"degrees":[135,20,4160,9084,25]},"num_concepts_raised":15281},{"base_id":408,"kind":"bot_words","i1":0,"i2":9,"sol":{"path":["/c/en/calabria","/c/en/calabrian","/c/en/language","/c/en/script","/c/en/carolingian"],"weight":0.21151999999999982,"degrees":[135,20,4160,510,39]},"num_concepts_raised":5091},{"base_id":408,"kind":"bot_words","i1":1,"i2":2,"sol":{"path":["/c/en/attract","/c/en/draw","/c/en/tooth","/c/en/frightening"],"weight":0.21269999999999856,"degrees":[498,1953,1284,290]},"num_concepts_raised":31188},{"base_id":408,"kind":"bot_words","i1":1,"i2":3,"sol":{"path":["/c/en/attract","/c/en/pull","/c/en/rug","/c/en/sheepskin"],"weight":0.2124999999999989,"degrees":[498,1147,478,122]},"num_concepts_raised":42546},{"base_id":408,"kind":"bot_words","i1":1,"i2":4,"sol":{"path":["/c/en/attract","/c/en/call","/c/en/cell","/c/en/cytogenetics"],"weight":0.21324999999999908,"degrees":[498,2091,2433,59]},"num_concepts_raised":33375},{"base_id":408,"kind":"bot_words","i1":1,"i2":5,"sol":{"path":["/c/en/attract","/c/en/call","/c/en/cell","/c/en/cells"],"weight":0.20940999999999899,"degrees":[498,2091,2433,60]},"num_concepts_raised":46117},{"base_id":408,"kind":"bot_words","i1":1,"i2":6,"sol":{"path":["/c/en/attract","/c/en/pull","/c/en/slang","/c/en/tart","/c/en/tartness"],"weight":0.2117499999999991,"degrees":[498,1147,16318,319,34]},"num_concepts_raised":25070},{"base_id":408,"kind":"bot_words","i1":1,"i2":7,"sol":{"path":["/c/en/attract","/c/en/attraction","/c/en/flower","/c/en/posy"],"weight":0.20933999999999922,"degrees":[498,465,2500,36]},"num_concepts_raised":27194},{"base_id":408,"kind":"bot_words","i1":1,"i2":8,"sol":{"path":["/c/en/attract","/c/en/catch","/c/en/computing","/c/en/bistable"],"weight":0.20898999999999915,"degrees":[498,1527,9084,25]},"num_concepts_raised":35850},{"base_id":408,"kind":"bot_words","i1":1,"i2":9,"sol":{"path":["/c/en/attract","/c/en/pull","/c/en/slang","/c/en/monarch","/c/en/carolingian"],"weight":0.21076999999999907,"degrees":[498,1147,16318,586,39]},"num_concepts_raised":26103},{"base_id":408,"kind":"bot_words","i1":2,"i2":3,"sol":{"path":["/c/en/frightening","/c/en/terrible","/c/en/degree","/c/en/sheepskin"],"weight":0.20865999999999912,"degrees":[290,539,1513,122]},"num_concepts_raised":28616},{"base_id":408,"kind":"bot_words","i1":2,"i2":4,"sol":{"path":["/c/en/frightening","/c/en/terrible","/c/en/very","/c/en/cell","/c/en/cytogenetics"],"weight":0.2131599999999993,"degrees":[290,539,1529,2433,59]},"num_concepts_raised":18950},{"base_id":408,"kind":"bot_words","i1":2,"i2":5,"sol":{"path":["/c/en/frightening","/c/en/fear","/c/en/human","/c/en/cells"],"weight":0.20761999999999922,"degrees":[290,1900,2645,60]},"num_concepts_raised":32144},{"base_id":408,"kind":"bot_words","i1":2,"i2":6,"sol":{"path":["/c/en/frightening","/c/en/fear","/c/en/sensation","/c/en/sour","/c/en/tartness"],"weight":0.20729999999999932,"degrees":[290,1900,474,815,34]},"num_concepts_raised":10483},{"base_id":408,"kind":"bot_words","i1":2,"i2":7,"sol":{"path":["/c/en/frightening","/c/en/alarming","/c/en/alarm","/c/en/ring","/c/en/posy"],"weight":0.20835999999999943,"degrees":[290,133,608,2026,36]},"num_concepts_raised":12789},{"base_id":408,"kind":"bot_words","i1":2,"i2":8,"sol":{"path":["/c/en/frightening","/c/en/dream","/c/en/state","/c/en/bistable"],"weight":0.20576999999999937,"degrees":[290,1374,3243,25]},"num_concepts_raised":21666},{"base_id":408,"kind":"bot_words","i1":2,"i2":9,"sol":{"path":["/c/en/frightening","/c/en/fear","/c/en/sovereign","/c/en/carlovingian","/c/en/carolingian"],"weight":0.2083099999999993,"degrees":[290,1900,419,13,39]},"num_concepts_raised":11538},{"base_id":408,"kind":"bot_words","i1":3,"i2":4,"sol":{"path":["/c/en/sheepskin","/c/en/skin","/c/en/cell","/c/en/cytogenetics"],"weight":0.21042999999999962,"degrees":[122,2372,2433,59]},"num_concepts_raised":30765},{"base_id":408,"kind":"bot_words","i1":3,"i2":5,"sol":{"path":["/c/en/sheepskin","/c/en/skin","/c/en/cell","/c/en/cells"],"weight":0.20661999999999953,"degrees":[122,2372,2433,60]},"num_concepts_raised":43378},{"base_id":408,"kind":"bot_words","i1":3,"i2":6,"sol":{"path":["/c/en/sheepskin","/c/is/gæra","/c/en/tart","/c/en/tartness"],"weight":0.20482999999999968,"degrees":[122,13,319,34]},"num_concepts_raised":22422},{"base_id":408,"kind":"bot_words","i1":3,"i2":7,"sol":{"path":["/c/en/sheepskin","/c/en/name","/c/en/flower","/c/en/posy"],"weight":0.20413999999999977,"degrees":[122,2629,2500,36]},"num_concepts_raised":24621},{"base_id":408,"kind":"bot_words","i1":3,"i2":8,"sol":{"path":["/c/en/sheepskin","/c/en/skin","/c/en/computing","/c/en/bistable"],"weight":0.2049799999999997,"degrees":[122,2372,9084,25]},"num_concepts_raised":33205},{"base_id":408,"kind":"bot_words","i1":3,"i2":9,"sol":{"path":["/c/en/sheepskin","/c/en/us","/c/en/noble","/c/en/carolingian"],"weight":0.2038599999999996,"degrees":[122,8154,871,39]},"num_concepts_raised":23412},{"base_id":408,"kind":"bot_words","i1":4,"i2":5,"sol":{"path":["/c/en/cytogenetics","/c/en/cell","/c/en/cells"],"weight":0.20500000000000002,"degrees":[59,2433,60]},"num_concepts_raised":101},{"base_id":408,"kind":"bot_words","i1":4,"i2":6,"sol":{"path":["/c/en/cytogenetics","/c/en/cell","/c/en/green","/c/en/tart","/c/en/tartness"],"weight":0.20930999999999983,"degrees":[59,2433,1796,319,34]},"num_concepts_raised":12644},{"base_id":408,"kind":"bot_words","i1":4,"i2":7,"sol":{"path":["/c/en/cytogenetics","/c/en/biology","/c/en/bundle","/c/en/bouquet","/c/en/posy"],"weight":0.21069999999999994,"degrees":[59,6216,676,266,36]},"num_concepts_raised":14912},{"base_id":408,"kind":"bot_words","i1":4,"i2":8,"sol":{"path":["/c/en/cytogenetics","/c/en/cell","/c/en/computing","/c/en/bistable"],"weight":0.20816999999999986,"degrees":[59,2433,9084,25]},"num_concepts_raised":23714},{"base_id":408,"kind":"bot_words","i1":4,"i2":9,"sol":{"path":["/c/en/cytogenetics","/c/en/genetics","/c/en/family","/c/en/clan","/c/en/carolingian"],"weight":0.2083599999999998,"degrees":[59,1987,3166,396,39]},"num_concepts_raised":13686},{"base_id":408,"kind":"bot_words","i1":5,"i2":6,"sol":{"path":["/c/en/cells","/c/en/cell","/c/en/green","/c/en/tart","/c/en/tartness"],"weight":0.20546999999999976,"degrees":[60,2433,1796,319,34]},"num_concepts_raised":26025},{"base_id":408,"kind":"bot_words","i1":5,"i2":7,"sol":{"path":["/c/en/cells","/c/en/organism","/c/en/flower","/c/en/posy"],"weight":0.20358999999999983,"degrees":[60,1338,2500,36]},"num_concepts_raised":28066},{"base_id":408,"kind":"bot_words","i1":5,"i2":8,"sol":{"path":["/c/en/cells","/c/en/cell","/c/en/computing","/c/en/bistable"],"weight":0.20431999999999978,"degrees":[60,2433,9084,25]},"num_concepts_raised":36880},{"base_id":408,"kind":"bot_words","i1":5,"i2":9,"sol":{"path":["/c/en/cells","/c/en/blood","/c/en/noble","/c/en/carolingian"],"weight":0.20322999999999972,"degrees":[60,2253,871,39]},"num_concepts_raised":27026},{"base_id":408,"kind":"bot_words","i1":6,"i2":7,"sol":{"path":["/c/en/tartness","/c/en/sour","/c/en/wine","/c/en/bouquet","/c/en/posy"],"weight":0.20537999999999998,"degrees":[34,815,1776,266,36]},"num_concepts_raised":6463},{"base_id":408,"kind":"bot_words","i1":6,"i2":8,"sol":{"path":["/c/en/tartness","/c/fr/aigreur","/c/fr/gravure","/c/en/computing","/c/en/bistable"],"weight":0.20384999999999992,"degrees":[34,94,220,9084,25]},"num_concepts_raised":15405},{"base_id":408,"kind":"bot_words","i1":6,"i2":9,"sol":{"path":["/c/en/tartness","/c/en/tart","/c/en/slang","/c/en/monarch","/c/en/carolingian"],"weight":0.20393999999999984,"degrees":[34,319,16318,586,39]},"num_concepts_raised":5219},{"base_id":408,"kind":"bot_words","i1":7,"i2":8,"sol":{"path":["/c/en/posy","/c/en/bouquet","/c/en/bundle","/c/en/computing","/c/en/bistable"],"weight":0.20523000000000002,"degrees":[36,266,676,9084,25]},"num_concepts_raised":17664},{"base_id":408,"kind":"bot_words","i1":7,"i2":9,"sol":{"path":["/c/en/posy","/c/en/corsage","/c/en/historical","/c/en/germany","/c/en/carolingian"],"weight":0.20427999999999996,"degrees":[36,32,8415,1036,39]},"num_concepts_raised":7519},{"base_id":408,"kind":"bot_words","i1":8,"i2":9,"sol":{"path":["/c/en/bistable","/c/en/state","/c/en/germany","/c/en/carolingian"],"weight":0.20286999999999988,"degrees":[25,3243,1036,39]},"num_concepts_raised":16364}],[{"base_id":408,"kind":"top_words","i1":0,"i2":1,"sol":{"path":["/c/en/orchidaceae","/c/en/plant","/c/en/person","/c/en/whitey"],"weight":0.2137999999999996,"degrees":[93,7959,12935,51]},"num_concepts_raised":48318},{"base_id":408,"kind":"top_words","i1":0,"i2":2,"sol":{"path":["/c/en/orchidaceae","/c/en/orchid","/c/en/light","/c/en/heat","/c/en/etna"],"weight":0.20892999999999962,"degrees":[93,371,4288,2046,53]},"num_concepts_raised":12866},{"base_id":408,"kind":"top_words","i1":0,"i2":3,"sol":{"path":["/c/en/orchidaceae","/c/en/plant","/c/en/tomato","/c/en/tom"],"weight":0.2117999999999995,"degrees":[93,7959,604,202]},"num_concepts_raised":73524},{"base_id":408,"kind":"top_words","i1":0,"i2":4,"sol":{"path":["/c/en/orchidaceae","/c/en/orchid","/c/en/salep","/c/en/starch","/c/en/amyloid"],"weight":0.2100799999999997,"degrees":[93,371,22,514,59]},"num_concepts_raised":16825},{"base_id":408,"kind":"top_words","i1":0,"i2":5,"sol":{"path":["/c/en/orchidaceae","/c/en/plant","/c/en/power","/c/en/powerful","/c/en/puissant"],"weight":0.2099699999999997,"degrees":[93,7959,2205,750,36]},"num_concepts_raised":16886},{"base_id":408,"kind":"top_words","i1":0,"i2":6,"sol":{"path":["/c/en/orchidaceae","/c/en/plant","/c/en/us","/c/en/trenton"],"weight":0.2088999999999997,"degrees":[93,7959,8154,56]},"num_concepts_raised":29058},{"base_id":408,"kind":"top_words","i1":0,"i2":7,"sol":{"path":["/c/en/orchidaceae","/c/en/plant","/c/en/factory","/c/en/russia","/c/en/ukraine","/c/en/luhansk"],"weight":0.21514239999999846,"degrees":[93,7959,910,984,462,35]},"num_concepts_raised":406276},{"base_id":408,"kind":"top_words","i1":0,"i2":8,"sol":{"path":["/c/en/orchidaceae","/c/en/plant","/c/en/green","/c/en/ill","/c/en/paralyzed"],"weight":0.20981999999999962,"degrees":[93,7959,1796,940,56]},"num_concepts_raised":9080},{"base_id":408,"kind":"top_words","i1":0,"i2":9,"sol":{"path":["/c/en/orchidaceae","/c/en/orchid","/c/en/apple_tree","/c/en/south_africa","/c/en/kwazulu"],"weight":0.21371999999999963,"degrees":[93,371,322,1018,32]},"num_concepts_raised":13070},{"base_id":408,"kind":"top_words","i1":1,"i2":2,"sol":{"path":["/c/en/whitey","/c/en/slang","/c/en/cook","/c/en/etna"],"weight":0.20837999999999973,"degrees":[51,16318,1734,53]},"num_concepts_raised":45599},{"base_id":408,"kind":"top_words","i1":1,"i2":3,"sol":{"path":["/c/en/whitey","/c/en/british","/c/en/tom"],"weight":0.20400000000000001,"degrees":[51,3452,202]},"num_concepts_raised":207},{"base_id":408,"kind":"top_words","i1":1,"i2":4,"sol":{"path":["/c/en/whitey","/c/en/cracker","/c/en/bread","/c/en/starch","/c/en/amyloid"],"weight":0.21153999999999978,"degrees":[51,272,1741,514,59]},"num_concepts_raised":49768},{"base_id":408,"kind":"top_words","i1":1,"i2":5,"sol":{"path":["/c/en/whitey","/c/en/person","/c/en/authority","/c/en/puissant"],"weight":0.20813999999999977,"degrees":[51,12935,1198,36]},"num_concepts_raised":49548},{"base_id":408,"kind":"top_words","i1":1,"i2":6,"sol":{"path":["/c/en/whitey","/c/en/state","/c/en/trenton"],"weight":0.20400000000000001,"degrees":[51,3243,56]},"num_concepts_raised":92},{"base_id":408,"kind":"top_words","i1":1,"i2":7,"sol":{"path":["/c/en/whitey","/c/en/european","/c/en/ukrainian","/c/en/ukraine","/c/en/luhansk"],"weight":0.2091799999999998,"degrees":[51,619,197,462,35]},"num_concepts_raised":41308},{"base_id":408,"kind":"top_words","i1":1,"i2":8,"sol":{"path":["/c/en/whitey","/c/en/slang","/c/en/ill","/c/en/paralyzed"],"weight":0.2093999999999997,"degrees":[51,16318,940,56]},"num_concepts_raised":41964},{"base_id":408,"kind":"top_words","i1":1,"i2":9,"sol":{"path":["/c/en/whitey","/c/en/state","/c/en/country","/c/en/kwazulu"],"weight":0.21311999999999973,"degrees":[51,3243,2796,32]},"num_concepts_raised":45349},{"base_id":408,"kind":"top_words","i1":2,"i2":3,"sol":{"path":["/c/en/etna","/c/en/heat","/c/en/cat","/c/en/tom"],"weight":0.20592999999999956,"degrees":[53,2046,1616,202]},"num_concepts_raised":70899},{"base_id":408,"kind":"top_words","i1":2,"i2":4,"sol":{"path":["/c/en/etna","/c/en/cook","/c/en/food","/c/en/starch","/c/en/amyloid"],"weight":0.2045499999999998,"degrees":[53,1734,4281,514,59]},"num_concepts_raised":14206},{"base_id":408,"kind":"top_words","i1":2,"i2":5,"sol":{"path":["/c/en/etna","/c/en/heat","/c/en/power","/c/en/powerful","/c/en/puissant"],"weight":0.2045199999999998,"degrees":[53,2046,2205,750,36]},"num_concepts_raised":14209},{"base_id":408,"kind":"top_words","i1":2,"i2":6,"sol":{"path":["/c/en/etna","/c/en/heat","/c/en/state","/c/en/trenton"],"weight":0.2037399999999998,"degrees":[53,2046,3243,56]},"num_concepts_raised":26334},{"base_id":408,"kind":"top_words","i1":2,"i2":7,"sol":{"path":["/c/en/etna","/c/en/italy","/c/en/country","/c/en/ukraine","/c/en/luhansk"],"weight":0.20418999999999982,"degrees":[53,885,2796,462,35]},"num_concepts_raised":5646},{"base_id":408,"kind":"top_words","i1":2,"i2":8,"sol":{"path":["/c/en/etna","/c/en/cook","/c/en/slang","/c/en/ill","/c/en/paralyzed"],"weight":0.2044099999999997,"degrees":[53,1734,16318,940,56]},"num_concepts_raised":6411},{"base_id":408,"kind":"top_words","i1":2,"i2":9,"sol":{"path":["/c/en/etna","/c/en/italy","/c/en/country","/c/en/kwazulu"],"weight":0.20812999999999973,"degrees":[53,885,2796,32]},"num_concepts_raised":10393},{"base_id":408,"kind":"top_words","i1":3,"i2":4,"sol":{"path":["/c/en/tom","/c/en/cat","/c/en/medicine","/c/pl/amyloid","/c/en/amyloid"],"weight":0.20806999999999964,"degrees":[202,1616,11938,18,59]},"num_concepts_raised":75159},{"base_id":408,"kind":"top_words","i1":3,"i2":5,"sol":{"path":["/c/en/tom","/c/en/name","/c/en/authority","/c/en/puissant"],"weight":0.20499999999999963,"degrees":[202,2629,1198,36]},"num_concepts_raised":74874},{"base_id":408,"kind":"top_words","i1":3,"i2":6,"sol":{"path":["/c/en/tom","/c/en/us","/c/en/trenton"],"weight":0.202,"degrees":[202,8154,56]},"num_concepts_raised":209},{"base_id":408,"kind":"top_words","i1":3,"i2":7,"sol":{"path":["/c/en/tom","/c/en/slang","/c/en/bug","/c/en/ukraine","/c/en/luhansk"],"weight":0.20628999999999964,"degrees":[202,16318,643,462,35]},"num_concepts_raised":66700},{"base_id":408,"kind":"top_words","i1":3,"i2":8,"sol":{"path":["/c/en/tom","/c/en/slang","/c/en/ill","/c/en/paralyzed"],"weight":0.20649999999999957,"degrees":[202,16318,940,56]},"num_concepts_raised":67383},{"base_id":408,"kind":"top_words","i1":3,"i2":9,"sol":{"path":["/c/en/tom","/c/en/turkey","/c/en/country","/c/en/kwazulu"],"weight":0.2101299999999996,"degrees":[202,1157,2796,32]},"num_concepts_raised":70947},{"base_id":408,"kind":"top_words","i1":4,"i2":5,"sol":{"path":["/c/en/amyloid","/c/en/starch","/c/en/stark","/c/en/powerful","/c/en/puissant"],"weight":0.20556999999999986,"degrees":[59,514,155,750,36]},"num_concepts_raised":18219},{"base_id":408,"kind":"top_words","i1":4,"i2":6,"sol":{"path":["/c/en/amyloid","/c/en/amyloidosis","/c/en/disorder","/c/en/state","/c/en/trenton"],"weight":0.2048799999999999,"degrees":[59,73,1087,3243,56]},"num_concepts_raised":30473},{"base_id":408,"kind":"top_words","i1":4,"i2":7,"sol":{"path":["/c/en/amyloid","/c/en/starch","/c/en/corn","/c/en/country","/c/en/ukraine","/c/en/luhansk"],"weight":0.21048309999999976,"degrees":[59,514,1203,2796,462,35]},"num_concepts_raised":219033},{"base_id":408,"kind":"top_words","i1":4,"i2":8,"sol":{"path":["/c/en/amyloid","/c/en/pathology","/c/en/paraplegia","/c/en/paralyzed"],"weight":0.20340999999999979,"degrees":[59,5554,91,56]},"num_concepts_raised":10385},{"base_id":408,"kind":"top_words","i1":4,"i2":9,"sol":{"path":["/c/en/amyloid","/c/en/starch","/c/en/corn","/c/en/country","/c/en/kwazulu"],"weight":0.2092799999999998,"degrees":[59,514,1203,2796,32]},"num_concepts_raised":14438},{"base_id":408,"kind":"top_words","i1":5,"i2":6,"sol":{"path":["/c/en/puissant","/c/en/authority","/c/en/capital","/c/en/trenton"],"weight":0.20324999999999988,"degrees":[36,1198,1518,56]},"num_concepts_raised":30335},{"base_id":408,"kind":"top_words","i1":5,"i2":7,"sol":{"path":["/c/en/puissant","/c/en/authority","/c/en/bug","/c/en/ukraine","/c/en/luhansk"],"weight":0.20393999999999987,"degrees":[36,1198,643,462,35]},"num_concepts_raised":9651},{"base_id":408,"kind":"top_words","i1":5,"i2":8,"sol":{"path":["/c/en/puissant","/c/fr/puissant","/c/en/healthy","/c/en/ill","/c/en/paralyzed"],"weight":0.20634999999999978,"degrees":[36,371,665,940,56]},"num_concepts_raised":10419},{"base_id":408,"kind":"top_words","i1":5,"i2":9,"sol":{"path":["/c/en/puissant","/c/en/authority","/c/en/government","/c/en/kwazulu"],"weight":0.2078899999999998,"degrees":[36,1198,2046,32]},"num_concepts_raised":14318},{"base_id":408,"kind":"top_words","i1":6,"i2":7,"sol":{"path":["/c/en/trenton","/c/fr/trenton","/c/fr/géographie","/c/fr/lougansk","/c/en/luhansk"],"weight":0.2052099999999999,"degrees":[56,8,8043,8,35]},"num_concepts_raised":21878},{"base_id":408,"kind":"top_words","i1":6,"i2":8,"sol":{"path":["/c/en/trenton","/c/en/state","/c/en/ill","/c/en/paralyzed"],"weight":0.20475999999999978,"degrees":[56,3243,940,56]},"num_concepts_raised":22673},{"base_id":408,"kind":"top_words","i1":6,"i2":9,"sol":{"path":["/c/en/trenton","/c/en/state","/c/en/country","/c/en/kwazulu"],"weight":0.20868999999999982,"degrees":[56,3243,2796,32]},"num_concepts_raised":25973},{"base_id":408,"kind":"top_words","i1":7,"i2":8,"sol":{"path":["/c/en/luhansk","/c/en/ukraine","/c/en/bug","/c/en/illness","/c/en/ill","/c/en/paralyzed"],"weight":0.2102479999999996,"degrees":[35,462,643,1102,940,56]},"num_concepts_raised":203613},{"base_id":408,"kind":"top_words","i1":7,"i2":9,"sol":{"path":["/c/en/luhansk","/c/en/ukraine","/c/en/country","/c/en/kwazulu"],"weight":0.20893999999999982,"degrees":[35,462,2796,32]},"num_concepts_raised":5846},{"base_id":408,"kind":"top_words","i1":8,"i2":9,"sol":{"path":["/c/en/paralyzed","/c/en/ill","/c/en/state","/c/en/country","/c/en/kwazulu"],"weight":0.20915999999999974,"degrees":[56,940,3243,2796,32]},"num_concepts_raised":6628}]]