[[{"base_id":150,"kind":"bot_words","i1":0,"i2":1,"sol":{"path":["/c/en/theoretic","/c/en/theory","/c/en/set","/c/fr/plateau","/c/en/tableland"],"weight":0.2048499999999998,"degrees":[34,788,2628,299,83]},"num_concepts_raised":7350},{"base_id":150,"kind":"bot_words","i1":0,"i2":2,"sol":{"path":["/c/en/theoretic","/c/en/theory","/c/sv/lära","/c/en/instruct","/c/en/instructed"],"weight":0.20374999999999982,"degrees":[34,788,116,363,29]},"num_concepts_raised":2491},{"base_id":150,"kind":"bot_words","i1":0,"i2":3,"sol":{"path":["/c/en/theoretic","/c/en/theoretical","/c/en/academic","/c/en/classical","/c/en/waka"],"weight":0.20854999999999976,"degrees":[34,236,513,318,58]},"num_concepts_raised":5101},{"base_id":150,"kind":"bot_words","i1":0,"i2":4,"sol":{"path":["/c/en/theoretic","/c/en/theory","/c/en/class","/c/en/snob","/c/en/snobbish"],"weight":0.20462999999999976,"degrees":[34,788,1926,189,77]},"num_concepts_raised":3705},{"base_id":150,"kind":"bot_words","i1":0,"i2":5,"sol":{"path":["/c/en/theoretic","/c/en/practical","/c/en/british","/c/en/englishman","/c/en/jacobean"],"weight":0.20267999999999983,"degrees":[34,343,3452,129,25]},"num_concepts_raised":2610},{"base_id":150,"kind":"bot_words","i1":0,"i2":6,"sol":{"path":["/c/en/theoretic","/c/en/theory","/c/en/consideration","/c/en/considering"],"weight":0.2043599999999998,"degrees":[34,788,547,75]},"num_concepts_raised":5980},{"base_id":150,"kind":"bot_words","i1":0,"i2":7,"sol":{"path":["/c/en/theoretic","/c/en/theoretical","/c/en/positive","/c/en/medicine","/c/en/intravenous"],"weight":0.20452999999999982,"degrees":[34,236,611,11938,119]},"num_concepts_raised":16365},{"base_id":150,"kind":"bot_words","i1":0,"i2":8,"sol":{"path":["/c/en/theoretic","/c/en/theory","/c/en/concept","/c/en/always","/c/en/evermore"],"weight":0.20401999999999984,"degrees":[34,788,575,895,28]},"num_concepts_raised":7436},{"base_id":150,"kind":"bot_words","i1":0,"i2":9,"sol":{"path":["/c/en/theoretic","/c/en/reality","/c/en/legal","/c/ar/عفج","/c/en/duodenum"],"weight":0.21283999999999986,"degrees":[34,646,6627,43,231]},"num_concepts_raised":4793},{"base_id":150,"kind":"bot_words","i1":1,"i2":2,"sol":{"path":["/c/en/tableland","/c/en/table","/c/en/structure","/c/en/instruct","/c/en/instructed"],"weight":0.2045099999999998,"degrees":[83,1618,1619,363,29]},"num_concepts_raised":6381},{"base_id":150,"kind":"bot_words","i1":1,"i2":3,"sol":{"path":["/c/en/tableland","/c/en/table","/c/en/nz","/c/en/waka"],"weight":0.20896999999999977,"degrees":[83,1618,457,58]},"num_concepts_raised":8968},{"base_id":150,"kind":"bot_words","i1":1,"i2":4,"sol":{"path":["/c/en/tableland","/c/en/plain","/c/en/air","/c/en/snobby","/c/en/snobbish"],"weight":0.20437999999999973,"degrees":[83,1132,1965,48,77]},"num_concepts_raised":7581},{"base_id":150,"kind":"bot_words","i1":1,"i2":5,"sol":{"path":["/c/en/tableland","/c/en/plain","/c/en/fancy","/c/en/ruff","/c/en/jacobean"],"weight":0.20355999999999982,"degrees":[83,1132,515,272,25]},"num_concepts_raised":6489},{"base_id":150,"kind":"bot_words","i1":1,"i2":6,"sol":{"path":["/c/en/tableland","/c/fr/plateau","/c/en/geography","/c/en/consider","/c/en/considering"],"weight":0.2064899999999998,"degrees":[83,299,1915,1005,75]},"num_concepts_raised":9849},{"base_id":150,"kind":"bot_words","i1":1,"i2":7,"sol":{"path":["/c/en/tableland","/c/en/table","/c/en/patient","/c/en/intravenous"],"weight":0.20476999999999984,"degrees":[83,1618,787,119]},"num_concepts_raised":20210},{"base_id":150,"kind":"bot_words","i1":1,"i2":8,"sol":{"path":["/c/en/tableland","/c/en/table","/c/en/time","/c/en/evermore"],"weight":0.20369999999999985,"degrees":[83,1618,4124,28]},"num_concepts_raised":11287},{"base_id":150,"kind":"bot_words","i1":1,"i2":9,"sol":{"path":["/c/en/tableland","/c/en/table","/c/en/food","/c/en/stomach","/c/en/duodenum"],"weight":0.21184999999999987,"degrees":[83,1618,4281,995,231]},"num_concepts_raised":8669},{"base_id":150,"kind":"bot_words","i1":2,"i2":3,"sol":{"path":["/c/en/instructed","/c/en/instruct","/c/en/enlightenment","/c/en/poem","/c/en/waka"],"weight":0.20913999999999977,"degrees":[29,363,392,735,58]},"num_concepts_raised":4141},{"base_id":150,"kind":"bot_words","i1":2,"i2":4,"sol":{"path":["/c/en/instructed","/c/en/instruct","/c/en/charge","/c/en/plastic","/c/en/snobbish"],"weight":0.20422999999999975,"degrees":[29,363,1848,799,77]},"num_concepts_raised":2734},{"base_id":150,"kind":"bot_words","i1":2,"i2":5,"sol":{"path":["/c/en/instructed","/c/en/informed","/c/en/person","/c/en/englishman","/c/en/jacobean"],"weight":0.20261999999999986,"degrees":[29,129,12935,129,25]},"num_concepts_raised":1634},{"base_id":150,"kind":"bot_words","i1":2,"i2":6,"sol":{"path":["/c/en/instructed","/c/en/instruct","/c/en/order","/c/en/given","/c/en/considering"],"weight":0.20531999999999984,"degrees":[29,363,2833,259,75]},"num_concepts_raised":5031},{"base_id":150,"kind":"bot_words","i1":2,"i2":7,"sol":{"path":["/c/en/instructed","/c/en/indocile","/c/en/intractable","/c/en/medicine","/c/en/intravenous"],"weight":0.20416999999999985,"degrees":[29,17,115,11938,119]},"num_concepts_raised":15407},{"base_id":150,"kind":"bot_words","i1":2,"i2":8,"sol":{"path":["/c/en/instructed","/c/en/instruct","/c/en/tell","/c/en/time","/c/en/evermore"],"weight":0.20383999999999985,"degrees":[29,363,953,4124,28]},"num_concepts_raised":6480},{"base_id":150,"kind":"bot_words","i1":2,"i2":9,"sol":{"path":["/c/en/instructed","/c/en/instruct","/c/en/structure","/c/en/anatomical_structure","/c/en/duodenum"],"weight":0.2118099999999999,"degrees":[29,363,1619,412,231]},"num_concepts_raised":3815},{"base_id":150,"kind":"bot_words","i1":3,"i2":4,"sol":{"path":["/c/en/waka","/c/en/poem","/c/en/class","/c/en/snob","/c/en/snobbish"],"weight":0.2100199999999997,"degrees":[58,735,1926,189,77]},"num_concepts_raised":5344},{"base_id":150,"kind":"bot_words","i1":3,"i2":5,"sol":{"path":["/c/en/waka","/c/en/poetry","/c/en/old_testament","/c/en/jacob","/c/en/jacobean"],"weight":0.2081799999999998,"degrees":[58,1176,407,235,25]},"num_concepts_raised":4244},{"base_id":150,"kind":"bot_words","i1":3,"i2":6,"sol":{"path":["/c/en/waka","/c/en/poetry","/c/en/decima","/c/en/given","/c/en/considering"],"weight":0.20986999999999978,"degrees":[58,1176,63,259,75]},"num_concepts_raised":7632},{"base_id":150,"kind":"bot_words","i1":3,"i2":7,"sol":{"path":["/c/en/waka","/c/en/poetry","/c/en/expressive_style","/c/en/vein","/c/en/intravenous"],"weight":0.2105299999999998,"degrees":[58,1176,72,969,119]},"num_concepts_raised":17983},{"base_id":150,"kind":"bot_words","i1":3,"i2":8,"sol":{"path":["/c/en/waka","/c/en/poetry","/c/en/love","/c/en/forever","/c/en/evermore"],"weight":0.2094999999999998,"degrees":[58,1176,2442,365,28]},"num_concepts_raised":9058},{"base_id":150,"kind":"bot_words","i1":3,"i2":9,"sol":{"path":["/c/en/waka","/c/en/canoe","/c/en/small","/c/en/small_intestine","/c/en/duodenum"],"weight":0.21846999999999983,"degrees":[58,384,2515,217,231]},"num_concepts_raised":6431},{"base_id":150,"kind":"bot_words","i1":4,"i2":5,"sol":{"path":["/c/en/snobbish","/c/en/posh","/c/en/fancy","/c/en/ruff","/c/en/jacobean"],"weight":0.20326999999999978,"degrees":[77,107,515,272,25]},"num_concepts_raised":2846},{"base_id":150,"kind":"bot_words","i1":4,"i2":6,"sol":{"path":["/c/en/snobbish","/c/en/snobby","/c/en/air","/c/en/consider","/c/en/considering"],"weight":0.20506999999999975,"degrees":[77,48,1965,1005,75]},"num_concepts_raised":6237},{"base_id":150,"kind":"bot_words","i1":4,"i2":7,"sol":{"path":["/c/en/snobbish","/c/en/plastic","/c/en/medicine","/c/en/intravenous"],"weight":0.20476999999999979,"degrees":[77,799,11938,119]},"num_concepts_raised":16603},{"base_id":150,"kind":"bot_words","i1":4,"i2":8,"sol":{"path":["/c/en/snobbish","/c/en/snob","/c/en/class","/c/en/time","/c/en/evermore"],"weight":0.2047199999999998,"degrees":[77,189,1926,4124,28]},"num_concepts_raised":7692},{"base_id":150,"kind":"bot_words","i1":4,"i2":9,"sol":{"path":["/c/en/snobbish","/c/en/posh","/c/en/lady","/c/en/stomach","/c/en/duodenum"],"weight":0.2116099999999998,"degrees":[77,107,787,995,231]},"num_concepts_raised":5030},{"base_id":150,"kind":"bot_words","i1":5,"i2":6,"sol":{"path":["/c/en/jacobean","/c/en/ruff","/c/en/opportunity","/c/en/given","/c/en/considering"],"weight":0.20428999999999983,"degrees":[25,272,680,259,75]},"num_concepts_raised":5151},{"base_id":150,"kind":"bot_words","i1":5,"i2":7,"sol":{"path":["/c/en/jacobean","/c/en/ruff","/c/en/zoology","/c/en/vein","/c/en/intravenous"],"weight":0.20494999999999985,"degrees":[25,272,8127,969,119]},"num_concepts_raised":15506},{"base_id":150,"kind":"bot_words","i1":5,"i2":8,"sol":{"path":["/c/en/jacobean","/c/en/ruff","/c/en/music","/c/en/always","/c/en/evermore"],"weight":0.20389999999999986,"degrees":[25,272,8822,895,28]},"num_concepts_raised":6591},{"base_id":150,"kind":"bot_words","i1":5,"i2":9,"sol":{"path":["/c/en/jacobean","/c/en/ruff","/c/en/small","/c/en/small_intestine","/c/en/duodenum"],"weight":0.2129299999999999,"degrees":[25,272,2515,217,231]},"num_concepts_raised":3926},{"base_id":150,"kind":"bot_words","i1":6,"i2":7,"sol":{"path":["/c/en/considering","/c/en/consider","/c/en/quality","/c/en/vein","/c/en/intravenous"],"weight":0.20661999999999983,"degrees":[75,1005,1710,969,119]},"num_concepts_raised":18886},{"base_id":150,"kind":"bot_words","i1":6,"i2":8,"sol":{"path":["/c/en/considering","/c/en/think","/c/en/time","/c/en/evermore"],"weight":0.20346999999999985,"degrees":[75,1553,4124,28]},"num_concepts_raised":9916},{"base_id":150,"kind":"bot_words","i1":6,"i2":9,"sol":{"path":["/c/en/considering","/c/en/consider","/c/ms/makan","/c/en/stomach","/c/en/duodenum"],"weight":0.2125899999999999,"degrees":[75,1005,72,995,231]},"num_concepts_raised":7327},{"base_id":150,"kind":"bot_words","i1":7,"i2":8,"sol":{"path":["/c/en/intravenous","/c/en/medicine","/c/en/present","/c/en/always","/c/en/evermore"],"weight":0.20549999999999988,"degrees":[119,11938,2005,895,28]},"num_concepts_raised":20312},{"base_id":150,"kind":"bot_words","i1":7,"i2":9,"sol":{"path":["/c/en/intravenous","/c/en/vein","/c/en/anatomical_structure","/c/en/duodenum"],"weight":0.2131499999999999,"degrees":[119,969,412,231]},"num_concepts_raised":17576},{"base_id":150,"kind":"bot_words","i1":8,"i2":9,"sol":{"path":["/c/en/evermore","/c/en/always","/c/en/small","/c/en/small_intestine","/c/en/duodenum"],"weight":0.2142199999999999,"degrees":[28,895,2515,217,231]},"num_concepts_raised":8775}],[{"base_id":150,"kind":"top_words","i1":0,"i2":1,"sol":{"path":["/c/en/intermission","/c/en/break","/c/en/music","/c/en/lead"],"weight":0.2478200000000054,"degrees":[180,2938,8822,2667]},"num_concepts_raised":332777},{"base_id":150,"kind":"top_words","i1":0,"i2":2,"sol":{"path":["/c/en/intermission","/c/en/show","/c/en/impossible","/c/en/insurmountable"],"weight":0.20792999999999984,"degrees":[180,1871,413,101]},"num_concepts_raised":19230},{"base_id":150,"kind":"top_words","i1":0,"i2":3,"sol":{"path":["/c/en/intermission","/c/en/break","/c/en/sports","/c/en/tiebreak","/c/en/tiebreaker"],"weight":0.21488999999999972,"degrees":[180,2938,3417,12,57]},"num_concepts_raised":18567},{"base_id":150,"kind":"top_words","i1":0,"i2":4,"sol":{"path":["/c/en/intermission","/c/en/break","/c/en/short","/c/en/deficit"],"weight":0.20922999999999947,"degrees":[180,2938,1446,198]},"num_concepts_raised":29381},{"base_id":150,"kind":"top_words","i1":0,"i2":5,"sol":{"path":["/c/en/intermission","/c/en/break","/c/en/slang","/c/en/spurt"],"weight":0.2101899999999992,"degrees":[180,2938,16318,263]},"num_concepts_raised":55623},{"base_id":150,"kind":"top_words","i1":0,"i2":6,"sol":{"path":["/c/en/intermission","/c/en/play","/c/en/animal","/c/en/trailing"],"weight":0.20620999999999967,"degrees":[180,3092,3735,58]},"num_concepts_raised":26167},{"base_id":150,"kind":"top_words","i1":0,"i2":7,"sol":{"path":["/c/en/intermission","/c/en/break","/c/en/class","/c/en/led"],"weight":0.20876999999999957,"degrees":[180,2938,1926,148]},"num_concepts_raised":26307},{"base_id":150,"kind":"top_words","i1":0,"i2":8,"sol":{"path":["/c/en/intermission","/c/en/together","/c/en/attack","/c/en/unassailable"],"weight":0.20539999999999967,"degrees":[180,1298,1799,89]},"num_concepts_raised":22707},{"base_id":150,"kind":"top_words","i1":0,"i2":9,"sol":{"path":["/c/en/intermission","/c/en/together","/c/en/molecule","/c/en/ribose"],"weight":0.21159999999999976,"degrees":[180,1298,1117,150]},"num_concepts_raised":27386},{"base_id":150,"kind":"top_words","i1":1,"i2":2,"sol":{"path":["/c/en/lead","/c/en/head","/c/en/surmount","/c/en/insurmountable"],"weight":0.24350000000000557,"degrees":[2667,3580,129,101]},"num_concepts_raised":320265},{"base_id":150,"kind":"top_words","i1":1,"i2":3,"sol":{"path":["/c/en/lead","/c/en/game","/c/en/rock_paper_scissors","/c/en/tiebreaker"],"weight":0.2437200000000055,"degrees":[2667,2308,136,57]},"num_concepts_raised":319687},{"base_id":150,"kind":"top_words","i1":1,"i2":4,"sol":{"path":["/c/en/lead","/c/en/score","/c/en/deficit"],"weight":0.20500000000000002,"degrees":[2667,922,198]},"num_concepts_raised":2310},{"base_id":150,"kind":"top_words","i1":1,"i2":5,"sol":{"path":["/c/en/lead","/c/en/water","/c/en/spurt"],"weight":0.20500000000000002,"degrees":[2667,4606,263]},"num_concepts_raised":2386},{"base_id":150,"kind":"top_words","i1":1,"i2":6,"sol":{"path":["/c/en/lead","/c/en/leading","/c/en/trailing"],"weight":0.20900000000000002,"degrees":[2667,289,58]},"num_concepts_raised":2209},{"base_id":150,"kind":"top_words","i1":1,"i2":7,"sol":{"path":["/c/en/lead","/c/en/led"],"weight":0.20800000000000002,"degrees":[2667,148]},"num_concepts_raised":2282},{"base_id":150,"kind":"top_words","i1":1,"i2":8,"sol":{"path":["/c/en/lead","/c/en/leash","/c/en/secure","/c/en/unassailable"],"weight":0.24396000000000545,"degrees":[2667,207,611,89]},"num_concepts_raised":322915},{"base_id":150,"kind":"top_words","i1":1,"i2":9,"sol":{"path":["/c/en/lead","/c/en/mineral","/c/en/sugar","/c/en/ribose"],"weight":0.25163000000000535,"degrees":[2667,8530,1902,150]},"num_concepts_raised":327456},{"base_id":150,"kind":"top_words","i1":2,"i2":3,"sol":{"path":["/c/en/insurmountable","/c/en/impossible","/c/en/not","/c/en/tied","/c/en/tiebreaker"],"weight":0.2112499999999999,"degrees":[101,413,1521,115,57]},"num_concepts_raised":1723},{"base_id":150,"kind":"top_words","i1":2,"i2":4,"sol":{"path":["/c/en/insurmountable","/c/en/impossible","/c/en/math","/c/en/defect","/c/en/deficit"],"weight":0.20898999999999968,"degrees":[101,413,914,699,198]},"num_concepts_raised":13103},{"base_id":150,"kind":"top_words","i1":2,"i2":5,"sol":{"path":["/c/en/insurmountable","/c/en/impossible","/c/en/can","/c/en/water","/c/en/spurt"],"weight":0.20972999999999936,"degrees":[101,413,1507,4606,263]},"num_concepts_raised":39970},{"base_id":150,"kind":"top_words","i1":2,"i2":6,"sol":{"path":["/c/en/insurmountable","/c/en/impossible","/c/en/not","/c/en/animal","/c/en/trailing"],"weight":0.20616999999999985,"degrees":[101,413,1521,3735,58]},"num_concepts_raised":9651},{"base_id":150,"kind":"top_words","i1":2,"i2":7,"sol":{"path":["/c/en/insurmountable","/c/en/surmount","/c/en/head","/c/en/lead","/c/en/led"],"weight":0.2083599999999997,"degrees":[101,129,3580,2667,148]},"num_concepts_raised":9970},{"base_id":150,"kind":"top_words","i1":2,"i2":8,"sol":{"path":["/c/en/insurmountable","/c/en/inoppugnable","/c/en/unassailable"],"weight":0.202,"degrees":[101,23,89]},"num_concepts_raised":146},{"base_id":150,"kind":"top_words","i1":2,"i2":9,"sol":{"path":["/c/en/insurmountable","/c/en/impossible","/c/en/very","/c/en/sugar","/c/en/ribose"],"weight":0.21290999999999993,"degrees":[101,413,1529,1902,150]},"num_concepts_raised":10601},{"base_id":150,"kind":"top_words","i1":3,"i2":4,"sol":{"path":["/c/en/tiebreaker","/c/en/tiebreak","/c/en/sports","/c/en/sport","/c/en/deficit"],"weight":0.21203999999999956,"degrees":[57,12,3417,1809,198]},"num_concepts_raised":12437},{"base_id":150,"kind":"top_words","i1":3,"i2":5,"sol":{"path":["/c/en/tiebreaker","/c/en/tiebreak","/c/en/sports","/c/en/pump","/c/en/spurt"],"weight":0.21289999999999928,"degrees":[57,12,3417,650,263]},"num_concepts_raised":39340},{"base_id":150,"kind":"top_words","i1":3,"i2":6,"sol":{"path":["/c/en/tiebreaker","/c/en/tiebreak","/c/en/sports","/c/en/side","/c/en/trailing"],"weight":0.21050999999999975,"degrees":[57,12,3417,1912,58]},"num_concepts_raised":8973},{"base_id":150,"kind":"top_words","i1":3,"i2":7,"sol":{"path":["/c/en/tiebreaker","/c/en/rock_paper_scissors","/c/en/game","/c/en/lead","/c/en/led"],"weight":0.21159999999999962,"degrees":[57,136,2308,2667,148]},"num_concepts_raised":9296},{"base_id":150,"kind":"top_words","i1":3,"i2":8,"sol":{"path":["/c/en/tiebreaker","/c/en/tied","/c/en/tie","/c/en/secure","/c/en/unassailable"],"weight":0.20997999999999975,"degrees":[57,115,1211,611,89]},"num_concepts_raised":5367},{"base_id":150,"kind":"top_words","i1":3,"i2":9,"sol":{"path":["/c/en/tiebreaker","/c/en/rock_paper_scissors","/c/en/hand","/c/en/molecule","/c/en/ribose"],"weight":0.21505999999999983,"degrees":[57,136,2596,1117,150]},"num_concepts_raised":9923},{"base_id":150,"kind":"top_words","i1":4,"i2":5,"sol":{"path":["/c/en/deficit","/c/en/score","/c/en/slang","/c/en/spurt"],"weight":0.207379999999999,"degrees":[198,922,16318,263]},"num_concepts_raised":49696},{"base_id":150,"kind":"top_words","i1":4,"i2":6,"sol":{"path":["/c/en/deficit","/c/en/shortage","/c/en/mountain","/c/en/trail","/c/en/trailing"],"weight":0.2073299999999995,"degrees":[198,213,1965,476,58]},"num_concepts_raised":20167},{"base_id":150,"kind":"top_words","i1":4,"i2":7,"sol":{"path":["/c/en/deficit","/c/en/sport","/c/en/lead","/c/en/led"],"weight":0.20806999999999937,"degrees":[198,1809,2667,148]},"num_concepts_raised":20478},{"base_id":150,"kind":"top_words","i1":4,"i2":8,"sol":{"path":["/c/en/deficit","/c/en/amount","/c/en/attack","/c/en/unassailable"],"weight":0.20532999999999949,"degrees":[198,1036,1799,89]},"num_concepts_raised":16637},{"base_id":150,"kind":"top_words","i1":4,"i2":9,"sol":{"path":["/c/en/deficit","/c/en/amount","/c/en/molecule","/c/en/ribose"],"weight":0.2115099999999996,"degrees":[198,1036,1117,150]},"num_concepts_raised":21273},{"base_id":150,"kind":"top_words","i1":5,"i2":6,"sol":{"path":["/c/en/spurt","/c/en/slang","/c/en/animal","/c/en/trailing"],"weight":0.20587999999999923,"degrees":[263,16318,3735,58]},"num_concepts_raised":46607},{"base_id":150,"kind":"top_words","i1":5,"i2":7,"sol":{"path":["/c/en/spurt","/c/en/water","/c/en/lead","/c/en/led"],"weight":0.2100799999999991,"degrees":[263,4606,2667,148]},"num_concepts_raised":47093},{"base_id":150,"kind":"top_words","i1":5,"i2":8,"sol":{"path":["/c/en/spurt","/c/zh/噴","/c/en/strong","/c/en/unassailable"],"weight":0.2073899999999992,"degrees":[263,22,1566,89]},"num_concepts_raised":43233},{"base_id":150,"kind":"top_words","i1":5,"i2":9,"sol":{"path":["/c/en/spurt","/c/en/water","/c/en/chemical_compound","/c/en/ribose"],"weight":0.21357999999999933,"degrees":[263,4606,2801,150]},"num_concepts_raised":47881},{"base_id":150,"kind":"top_words","i1":6,"i2":7,"sol":{"path":["/c/en/trailing","/c/en/leading","/c/en/lead","/c/en/led"],"weight":0.20768999999999957,"degrees":[58,289,2667,148]},"num_concepts_raised":16997},{"base_id":150,"kind":"top_words","i1":6,"i2":8,"sol":{"path":["/c/en/trailing","/c/en/side","/c/en/attack","/c/en/unassailable"],"weight":0.20375999999999966,"degrees":[58,1912,1799,89]},"num_concepts_raised":13218},{"base_id":150,"kind":"top_words","i1":6,"i2":9,"sol":{"path":["/c/en/trailing","/c/en/animal","/c/en/carbohydrate","/c/en/ribose"],"weight":0.21011999999999978,"degrees":[58,3735,1166,150]},"num_concepts_raised":17761},{"base_id":150,"kind":"top_words","i1":7,"i2":8,"sol":{"path":["/c/en/led","/c/en/lead","/c/en/leash","/c/en/secure","/c/en/unassailable"],"weight":0.20809999999999956,"degrees":[148,2667,207,611,89]},"num_concepts_raised":13565},{"base_id":150,"kind":"top_words","i1":7,"i2":9,"sol":{"path":["/c/en/led","/c/en/oled","/c/en/tangible_thing","/c/en/ribose"],"weight":0.21102999999999966,"degrees":[148,56,1925,150]},"num_concepts_raised":18091},{"base_id":150,"kind":"top_words","i1":8,"i2":9,"sol":{"path":["/c/en/unassailable","/c/lv/dzelzs","/c/en/material","/c/en/ribonucleic_acid","/c/en/ribose"],"weight":0.21242999999999979,"degrees":[89,27,1522,106,150]},"num_concepts_raised":14216}]]