[[{"base_id":85,"kind":"bot_words","i1":0,"i2":1,"sol":{"path":["/c/en/scallion","/c/en/us","/c/en/lector"],"weight":0.20400000000000001,"degrees":[137,8154,76]},"num_concepts_raised":171},{"base_id":85,"kind":"bot_words","i1":0,"i2":2,"sol":{"path":["/c/en/scallion","/c/en/spring_onion","/c/en/asia","/c/en/bangladesh","/c/en/khulna"],"weight":0.2193399999999998,"degrees":[137,85,805,422,50]},"num_concepts_raised":17994},{"base_id":85,"kind":"bot_words","i1":0,"i2":3,"sol":{"path":["/c/en/scallion","/c/fr/oignon_vert","/c/en/slang","/c/en/nerd"],"weight":0.21298000000000003,"degrees":[137,23,16318,232]},"num_concepts_raised":46053},{"base_id":85,"kind":"bot_words","i1":0,"i2":4,"sol":{"path":["/c/en/scallion","/c/en/scotland","/c/en/star","/c/en/sirius"],"weight":0.2193,"degrees":[137,2226,2132,205]},"num_concepts_raised":27795},{"base_id":85,"kind":"bot_words","i1":0,"i2":5,"sol":{"path":["/c/en/scallion","/c/en/chive","/c/en/cut","/c/en/fillet"],"weight":0.21359999999999935,"degrees":[137,145,2951,228]},"num_concepts_raised":66422},{"base_id":85,"kind":"bot_words","i1":0,"i2":6,"sol":{"path":["/c/en/scallion","/c/en/us","/c/en/evet","/c/en/eft"],"weight":0.20940999999999987,"degrees":[137,8154,9,46]},"num_concepts_raised":19868},{"base_id":85,"kind":"bot_words","i1":0,"i2":7,"sol":{"path":["/c/en/scallion","/c/en/genus","/c/en/ginger","/c/en/bulla"],"weight":0.2144599999999998,"degrees":[137,2240,609,52]},"num_concepts_raised":38792},{"base_id":85,"kind":"bot_words","i1":0,"i2":8,"sol":{"path":["/c/en/scallion","/c/en/us","/c/en/united_states","/c/en/texas"],"weight":0.22700999999999785,"degrees":[137,8154,1636,887]},"num_concepts_raised":53924},{"base_id":85,"kind":"bot_words","i1":0,"i2":9,"sol":{"path":["/c/en/scallion","/c/en/us","/c/en/human","/c/en/uzbek"],"weight":0.21003999999999984,"degrees":[137,8154,2645,91]},"num_concepts_raised":17356},{"base_id":85,"kind":"bot_words","i1":1,"i2":2,"sol":{"path":["/c/en/lector","/c/en/church","/c/en/city","/c/en/khulna"],"weight":0.21071999999999969,"degrees":[76,1592,3758,50]},"num_concepts_raised":41721},{"base_id":85,"kind":"bot_words","i1":1,"i2":3,"sol":{"path":["/c/en/lector","/c/en/person","/c/en/nerd"],"weight":0.202,"degrees":[76,12935,232]},"num_concepts_raised":238},{"base_id":85,"kind":"bot_words","i1":1,"i2":4,"sol":{"path":["/c/en/lector","/c/en/historical","/c/en/sothic","/c/en/sirius"],"weight":0.2131199999999999,"degrees":[76,8415,23,205]},"num_concepts_raised":51045},{"base_id":85,"kind":"bot_words","i1":1,"i2":5,"sol":{"path":["/c/en/lector","/c/en/person","/c/en/fish","/c/en/fillet"],"weight":0.20657999999999926,"degrees":[76,12935,4424,228]},"num_concepts_raised":89353},{"base_id":85,"kind":"bot_words","i1":1,"i2":6,"sol":{"path":["/c/en/lector","/c/en/us","/c/en/evet","/c/en/eft"],"weight":0.20343999999999976,"degrees":[76,8154,9,46]},"num_concepts_raised":43689},{"base_id":85,"kind":"bot_words","i1":1,"i2":7,"sol":{"path":["/c/en/lector","/c/en/historical","/c/en/bulla"],"weight":0.20400000000000001,"degrees":[76,8415,52]},"num_concepts_raised":115},{"base_id":85,"kind":"bot_words","i1":1,"i2":8,"sol":{"path":["/c/en/lector","/c/en/us","/c/en/united_states","/c/en/texas"],"weight":0.22103999999999774,"degrees":[76,8154,1636,887]},"num_concepts_raised":76484},{"base_id":85,"kind":"bot_words","i1":1,"i2":9,"sol":{"path":["/c/en/lector","/c/en/lecturer","/c/en/human","/c/en/uzbek"],"weight":0.2053499999999997,"degrees":[76,182,2645,91]},"num_concepts_raised":40851},{"base_id":85,"kind":"bot_words","i1":2,"i2":3,"sol":{"path":["/c/en/khulna","/c/en/city","/c/en/giant","/c/en/intellectual","/c/en/nerd"],"weight":0.21423999999999999,"degrees":[50,3758,585,470,232]},"num_concepts_raised":37333},{"base_id":85,"kind":"bot_words","i1":2,"i2":4,"sol":{"path":["/c/en/khulna","/c/en/city","/c/en/roman","/c/en/sirius"],"weight":0.2177599999999999,"degrees":[50,3758,450,205]},"num_concepts_raised":17734},{"base_id":85,"kind":"bot_words","i1":2,"i2":5,"sol":{"path":["/c/en/khulna","/c/en/city","/c/en/chief","/c/en/fillet"],"weight":0.21212999999999926,"degrees":[50,3758,1183,228]},"num_concepts_raised":56984},{"base_id":85,"kind":"bot_words","i1":2,"i2":6,"sol":{"path":["/c/en/khulna","/c/en/city","/c/en/small","/c/en/newt","/c/en/eft"],"weight":0.2114899999999998,"degrees":[50,3758,2515,173,46]},"num_concepts_raised":9702},{"base_id":85,"kind":"bot_words","i1":2,"i2":7,"sol":{"path":["/c/en/khulna","/c/en/city","/c/en/local","/c/en/medicine","/c/en/bulla"],"weight":0.21550999999999973,"degrees":[50,3758,710,11938,52]},"num_concepts_raised":28968},{"base_id":85,"kind":"bot_words","i1":2,"i2":8,"sol":{"path":["/c/en/khulna","/c/en/city","/c/en/austin","/c/en/texas"],"weight":0.2295899999999978,"degrees":[50,3758,80,887]},"num_concepts_raised":44002},{"base_id":85,"kind":"bot_words","i1":2,"i2":9,"sol":{"path":["/c/en/khulna","/c/en/city","/c/en/human","/c/en/uzbek"],"weight":0.21096999999999974,"degrees":[50,3758,2645,91]},"num_concepts_raised":7166},{"base_id":85,"kind":"bot_words","i1":3,"i2":4,"sol":{"path":["/c/en/nerd","/c/en/slang","/c/en/greek","/c/en/sirius"],"weight":0.21407000000000015,"degrees":[232,16318,647,205]},"num_concepts_raised":46677},{"base_id":85,"kind":"bot_words","i1":3,"i2":5,"sol":{"path":["/c/en/nerd","/c/en/nerdbrain","/c/en/brain","/c/en/fillet"],"weight":0.2099299999999995,"degrees":[232,10,1613,228]},"num_concepts_raised":84953},{"base_id":85,"kind":"bot_words","i1":3,"i2":6,"sol":{"path":["/c/en/nerd","/c/en/slang","/c/en/aft","/c/en/eft"],"weight":0.20664000000000002,"degrees":[232,16318,83,46]},"num_concepts_raised":39121},{"base_id":85,"kind":"bot_words","i1":3,"i2":7,"sol":{"path":["/c/en/nerd","/c/en/slang","/c/en/medicine","/c/en/bulla"],"weight":0.21174999999999994,"degrees":[232,16318,11938,52]},"num_concepts_raised":57829},{"base_id":85,"kind":"bot_words","i1":3,"i2":8,"sol":{"path":["/c/en/nerd","/c/en/person","/c/en/victoria","/c/en/texas"],"weight":0.22275999999999802,"degrees":[232,12935,497,887]},"num_concepts_raised":72854},{"base_id":85,"kind":"bot_words","i1":3,"i2":9,"sol":{"path":["/c/en/nerd","/c/en/person","/c/no/usbekar","/c/en/uzbek"],"weight":0.20768999999999999,"degrees":[232,12935,11,91]},"num_concepts_raised":36280},{"base_id":85,"kind":"bot_words","i1":4,"i2":5,"sol":{"path":["/c/en/sirius","/c/en/star","/c/en/feature","/c/en/fillet"],"weight":0.21488999999999947,"degrees":[205,2132,763,228]},"num_concepts_raised":66267},{"base_id":85,"kind":"bot_words","i1":4,"i2":6,"sol":{"path":["/c/en/sirius","/c/en/summer","/c/en/after","/c/en/eft"],"weight":0.21177999999999997,"degrees":[205,1209,932,46]},"num_concepts_raised":19572},{"base_id":85,"kind":"bot_words","i1":4,"i2":7,"sol":{"path":["/c/en/sirius","/c/en/sothic","/c/en/historical","/c/en/bulla"],"weight":0.2178799999999999,"degrees":[205,23,8415,52]},"num_concepts_raised":38594},{"base_id":85,"kind":"bot_words","i1":4,"i2":8,"sol":{"path":["/c/en/sirius","/c/en/star","/c/en/vega","/c/en/texas"],"weight":0.22749999999999798,"degrees":[205,2132,175,887]},"num_concepts_raised":53855},{"base_id":85,"kind":"bot_words","i1":4,"i2":9,"sol":{"path":["/c/en/sirius","/c/en/greek","/c/en/human","/c/en/uzbek"],"weight":0.21122999999999992,"degrees":[205,647,2645,91]},"num_concepts_raised":17059},{"base_id":85,"kind":"bot_words","i1":5,"i2":6,"sol":{"path":["/c/en/fillet","/c/en/cooking","/c/en/salamander","/c/en/eft"],"weight":0.20511999999999933,"degrees":[228,1401,387,46]},"num_concepts_raised":58642},{"base_id":85,"kind":"bot_words","i1":5,"i2":7,"sol":{"path":["/c/en/fillet","/c/en/round","/c/la/bulla","/c/en/bulla"],"weight":0.21325999999999926,"degrees":[228,1452,105,52]},"num_concepts_raised":76761},{"base_id":85,"kind":"bot_words","i1":5,"i2":8,"sol":{"path":["/c/en/fillet","/c/en/beak","/c/en/united_states","/c/en/texas"],"weight":0.22219999999999734,"degrees":[228,514,1636,887]},"num_concepts_raised":91725},{"base_id":85,"kind":"bot_words","i1":5,"i2":9,"sol":{"path":["/c/en/fillet","/c/en/bone","/c/en/human","/c/en/uzbek"],"weight":0.20681999999999928,"degrees":[228,2320,2645,91]},"num_concepts_raised":56199},{"base_id":85,"kind":"bot_words","i1":6,"i2":7,"sol":{"path":["/c/en/eft","/c/en/again","/c/en/cake","/c/en/bulla"],"weight":0.20828999999999978,"degrees":[46,824,1707,52]},"num_concepts_raised":30921},{"base_id":85,"kind":"bot_words","i1":6,"i2":8,"sol":{"path":["/c/en/eft","/c/en/salamander","/c/en/united_states","/c/en/texas"],"weight":0.22049999999999784,"degrees":[46,387,1636,887]},"num_concepts_raised":46329},{"base_id":85,"kind":"bot_words","i1":6,"i2":9,"sol":{"path":["/c/en/eft","/c/en/ask","/c/en/human","/c/en/uzbek"],"weight":0.2037899999999998,"degrees":[46,1149,2645,91]},"num_concepts_raised":9030},{"base_id":85,"kind":"bot_words","i1":7,"i2":8,"sol":{"path":["/c/en/bulla","/c/en/historical","/c/en/colorado","/c/en/texas"],"weight":0.22512999999999778,"degrees":[52,8415,486,887]},"num_concepts_raised":64773},{"base_id":85,"kind":"bot_words","i1":7,"i2":9,"sol":{"path":["/c/en/bulla","/c/en/boss","/c/en/human","/c/en/uzbek"],"weight":0.20883999999999975,"degrees":[52,723,2645,91]},"num_concepts_raised":28329},{"base_id":85,"kind":"bot_words","i1":8,"i2":9,"sol":{"path":["/c/en/texas","/c/en/state","/c/en/human","/c/en/uzbek"],"weight":0.2205599999999978,"degrees":[887,3243,2645,91]},"num_concepts_raised":43809}],[{"base_id":85,"kind":"top_words","i1":0,"i2":1,"sol":{"path":["/c/en/unshakeable","/c/en/unshakable","/c/en/firm","/c/en/slang","/c/en/sexy","/c/en/autoerotic"],"weight":0.2073432999999999,"degrees":[24,58,867,16318,325,26]},"num_concepts_raised":207629},{"base_id":85,"kind":"top_words","i1":0,"i2":2,"sol":{"path":["/c/en/unshakeable","/c/de/unerschütterlich","/c/ja/根強い","/c/en/ineradicable"],"weight":0.20417999999999994,"degrees":[24,30,19,54]},"num_concepts_raised":5332},{"base_id":85,"kind":"top_words","i1":0,"i2":3,"sol":{"path":["/c/en/unshakeable","/c/zh/鐵","/c/zh/扇子","/c/en/fan","/c/en/admirer"],"weight":0.2050199999999998,"degrees":[24,272,32,1375,164]},"num_concepts_raised":18695},{"base_id":85,"kind":"top_words","i1":0,"i2":4,"sol":{"path":["/c/en/unshakeable","/c/en/unshakable","/c/en/solid","/c/en/politics","/c/en/arabist"],"weight":0.20815999999999982,"degrees":[24,58,1304,3247,54]},"num_concepts_raised":33340},{"base_id":85,"kind":"top_words","i1":0,"i2":5,"sol":{"path":["/c/en/unshakeable","/c/zh/铁","/c/fr/fer","/c/fr/astronomie","/c/en/perigee"],"weight":0.20352999999999988,"degrees":[24,19,898,4725,80]},"num_concepts_raised":10321},{"base_id":85,"kind":"top_words","i1":0,"i2":6,"sol":{"path":["/c/en/unshakeable","/c/en/unshakable","/c/en/solid","/c/en/food","/c/en/ragout"],"weight":0.20888999999999985,"degrees":[24,58,1304,4281,100]},"num_concepts_raised":11245},{"base_id":85,"kind":"top_words","i1":0,"i2":7,"sol":{"path":["/c/en/unshakeable","/c/zh/鐵","/c/en/steel","/c/en/alloy","/c/en/admixture"],"weight":0.20455999999999974,"degrees":[24,272,1352,592,89]},"num_concepts_raised":4655},{"base_id":85,"kind":"top_words","i1":0,"i2":8,"sol":{"path":["/c/en/unshakeable","/c/ru/незыблемый","/c/en/stable","/c/en/illness","/c/en/indisposition"],"weight":0.2030299999999998,"degrees":[24,9,741,1102,60]},"num_concepts_raised":3378},{"base_id":85,"kind":"top_words","i1":0,"i2":9,"sol":{"path":["/c/en/unshakeable","/c/en/unshakable","/c/en/solid","/c/en/liquid","/c/en/atomizer"],"weight":0.20378999999999986,"degrees":[24,58,1304,1778,101]},"num_concepts_raised":3537},{"base_id":85,"kind":"top_words","i1":1,"i2":2,"sol":{"path":["/c/en/autoerotic","/c/en/sexy","/c/en/slang","/c/en/root","/c/en/ineradicable"],"weight":0.20433000000000004,"degrees":[26,325,16318,1503,54]},"num_concepts_raised":6897},{"base_id":85,"kind":"top_words","i1":1,"i2":3,"sol":{"path":["/c/en/autoerotic","/c/en/sexy","/c/en/person","/c/en/admirer"],"weight":0.20575999999999994,"degrees":[26,325,12935,164]},"num_concepts_raised":20096},{"base_id":85,"kind":"top_words","i1":1,"i2":4,"sol":{"path":["/c/en/autoerotic","/c/en/partner","/c/en/taw","/c/en/arabic","/c/en/arabist"],"weight":0.21024999999999994,"degrees":[26,618,79,479,54]},"num_concepts_raised":34839},{"base_id":85,"kind":"top_words","i1":1,"i2":5,"sol":{"path":["/c/en/autoerotic","/c/en/sexy","/c/en/mathematics","/c/en/orbit","/c/en/perigee"],"weight":0.20463999999999996,"degrees":[26,325,7601,639,80]},"num_concepts_raised":11852},{"base_id":85,"kind":"top_words","i1":1,"i2":6,"sol":{"path":["/c/en/autoerotic","/c/en/sexual","/c/fr/viande","/c/fr/ragoût","/c/en/ragout"],"weight":0.21541999999999994,"degrees":[26,1042,816,113,100]},"num_concepts_raised":12742},{"base_id":85,"kind":"top_words","i1":1,"i2":7,"sol":{"path":["/c/en/autoerotic","/c/en/partner","/c/en/ally","/c/en/alloy","/c/en/admixture"],"weight":0.20465999999999984,"degrees":[26,618,306,592,89]},"num_concepts_raised":6192},{"base_id":85,"kind":"top_words","i1":1,"i2":8,"sol":{"path":["/c/en/autoerotic","/c/en/sexy","/c/en/desire","/c/en/disinclination","/c/en/indisposition"],"weight":0.20517999999999986,"degrees":[26,325,1617,33,60]},"num_concepts_raised":4907},{"base_id":85,"kind":"top_words","i1":1,"i2":9,"sol":{"path":["/c/en/autoerotic","/c/en/sexy","/c/en/book","/c/en/perfume","/c/en/atomizer"],"weight":0.20480999999999994,"degrees":[26,325,3239,613,101]},"num_concepts_raised":5075},{"base_id":85,"kind":"top_words","i1":2,"i2":3,"sol":{"path":["/c/en/ineradicable","/c/en/deep","/c/en/respect","/c/en/admire","/c/en/admirer"],"weight":0.20626999999999995,"degrees":[54,984,1090,558,164]},"num_concepts_raised":22846},{"base_id":85,"kind":"top_words","i1":2,"i2":4,"sol":{"path":["/c/en/ineradicable","/c/en/root","/c/en/linguistics","/c/en/arabist"],"weight":0.20866999999999997,"degrees":[54,1503,4250,54]},"num_concepts_raised":37407},{"base_id":85,"kind":"top_words","i1":2,"i2":5,"sol":{"path":["/c/en/ineradicable","/c/en/inveterate","/c/en/usual","/c/en/orbit","/c/en/perigee"],"weight":0.20515,"degrees":[54,130,445,639,80]},"num_concepts_raised":14561},{"base_id":85,"kind":"top_words","i1":2,"i2":6,"sol":{"path":["/c/en/ineradicable","/c/en/permanent","/c/en/condition","/c/en/stew","/c/en/ragout"],"weight":0.21264999999999995,"degrees":[54,534,1648,566,100]},"num_concepts_raised":15423},{"base_id":85,"kind":"top_words","i1":2,"i2":7,"sol":{"path":["/c/en/ineradicable","/c/en/permanent","/c/en/chemical","/c/en/alloy","/c/en/admixture"],"weight":0.20606999999999986,"degrees":[54,534,882,592,89]},"num_concepts_raised":8882},{"base_id":85,"kind":"top_words","i1":2,"i2":8,"sol":{"path":["/c/en/ineradicable","/c/en/permanent","/c/en/treatment","/c/en/illness","/c/en/indisposition"],"weight":0.2046099999999999,"degrees":[54,534,804,1102,60]},"num_concepts_raised":7618},{"base_id":85,"kind":"top_words","i1":2,"i2":9,"sol":{"path":["/c/en/ineradicable","/c/en/permanent","/c/en/hair","/c/en/spray","/c/en/atomizer"],"weight":0.20760999999999996,"degrees":[54,534,2126,512,101]},"num_concepts_raised":7771},{"base_id":85,"kind":"top_words","i1":3,"i2":4,"sol":{"path":["/c/en/admirer","/c/en/person","/c/en/scholar","/c/en/arabist"],"weight":0.21005999999999986,"degrees":[164,12935,455,54]},"num_concepts_raised":50356},{"base_id":85,"kind":"top_words","i1":3,"i2":5,"sol":{"path":["/c/en/admirer","/c/en/fan","/c/en/system","/c/en/periapsis","/c/en/perigee"],"weight":0.20700999999999986,"degrees":[164,1375,1888,82,80]},"num_concepts_raised":27826},{"base_id":85,"kind":"top_words","i1":3,"i2":6,"sol":{"path":["/c/en/admirer","/c/en/admire","/c/en/like","/c/en/stew","/c/en/ragout"],"weight":0.21426999999999985,"degrees":[164,558,2357,566,100]},"num_concepts_raised":28663},{"base_id":85,"kind":"top_words","i1":3,"i2":7,"sol":{"path":["/c/en/admirer","/c/en/admire","/c/la/ad","/c/en/alloy","/c/en/admixture"],"weight":0.20764999999999972,"degrees":[164,558,584,592,89]},"num_concepts_raised":22176},{"base_id":85,"kind":"top_words","i1":3,"i2":8,"sol":{"path":["/c/en/admirer","/c/en/bug","/c/en/illness","/c/en/indisposition"],"weight":0.2049999999999998,"degrees":[164,643,1102,60]},"num_concepts_raised":20879},{"base_id":85,"kind":"top_words","i1":3,"i2":9,"sol":{"path":["/c/en/admirer","/c/en/admiring","/c/en/fountain","/c/en/spray","/c/en/atomizer"],"weight":0.20934999999999987,"degrees":[164,47,494,512,101]},"num_concepts_raised":21080},{"base_id":85,"kind":"top_words","i1":4,"i2":5,"sol":{"path":["/c/en/arabist","/c/en/language","/c/en/body","/c/en/periapsis","/c/en/perigee"],"weight":0.21007999999999988,"degrees":[54,4160,3170,82,80]},"num_concepts_raised":42386},{"base_id":85,"kind":"top_words","i1":4,"i2":6,"sol":{"path":["/c/en/arabist","/c/en/historical","/c/en/stew","/c/en/ragout"],"weight":0.21657999999999983,"degrees":[54,8415,566,100]},"num_concepts_raised":43281},{"base_id":85,"kind":"top_words","i1":4,"i2":7,"sol":{"path":["/c/en/arabist","/c/en/medicine","/c/en/diluent","/c/en/admixture"],"weight":0.20873999999999973,"degrees":[54,11938,32,89]},"num_concepts_raised":36719},{"base_id":85,"kind":"top_words","i1":4,"i2":8,"sol":{"path":["/c/en/arabist","/c/en/medicine","/c/en/illness","/c/en/indisposition"],"weight":0.2085699999999998,"degrees":[54,11938,1102,60]},"num_concepts_raised":35434},{"base_id":85,"kind":"top_words","i1":4,"i2":9,"sol":{"path":["/c/en/arabist","/c/en/medicine","/c/en/spray","/c/en/atomizer"],"weight":0.21155999999999986,"degrees":[54,11938,512,101]},"num_concepts_raised":35662},{"base_id":85,"kind":"top_words","i1":5,"i2":6,"sol":{"path":["/c/en/perigee","/c/en/periapsis","/c/en/body","/c/en/food","/c/en/ragout"],"weight":0.2108199999999999,"degrees":[80,82,3170,4281,100]},"num_concepts_raised":20422},{"base_id":85,"kind":"top_words","i1":5,"i2":7,"sol":{"path":["/c/en/perigee","/c/en/astronomy","/c/en/metal","/c/en/alloy","/c/en/admixture"],"weight":0.20567999999999975,"degrees":[80,4553,2107,592,89]},"num_concepts_raised":13847},{"base_id":85,"kind":"top_words","i1":5,"i2":8,"sol":{"path":["/c/en/perigee","/c/en/astronomy","/c/en/inclination","/c/en/disinclination","/c/en/indisposition"],"weight":0.20513999999999982,"degrees":[80,4553,482,33,60]},"num_concepts_raised":12565},{"base_id":85,"kind":"top_words","i1":5,"i2":9,"sol":{"path":["/c/en/perigee","/c/en/astronomy","/c/fi/sumu","/c/en/spray","/c/en/atomizer"],"weight":0.20719999999999988,"degrees":[80,4553,37,512,101]},"num_concepts_raised":12731},{"base_id":85,"kind":"top_words","i1":6,"i2":7,"sol":{"path":["/c/en/ragout","/c/en/food","/c/en/ingredient","/c/en/admixture"],"weight":0.20955999999999975,"degrees":[100,4281,369,89]},"num_concepts_raised":14611},{"base_id":85,"kind":"top_words","i1":6,"i2":8,"sol":{"path":["/c/en/ragout","/c/fr/ragoût","/c/en/fret","/c/eu/larrialdi","/c/en/indisposition"],"weight":0.21567999999999982,"degrees":[100,113,377,6,60]},"num_concepts_raised":13480},{"base_id":85,"kind":"top_words","i1":6,"i2":9,"sol":{"path":["/c/en/ragout","/c/en/stew","/c/en/liquid","/c/en/atomizer"],"weight":0.21229999999999988,"degrees":[100,566,1778,101]},"num_concepts_raised":13560},{"base_id":85,"kind":"top_words","i1":7,"i2":8,"sol":{"path":["/c/en/admixture","/c/en/alloy","/c/en/chemistry","/c/en/inertness","/c/en/indisposition"],"weight":0.2049699999999997,"degrees":[89,592,11754,47,60]},"num_concepts_raised":6905},{"base_id":85,"kind":"top_words","i1":7,"i2":9,"sol":{"path":["/c/en/admixture","/c/en/mixture","/c/en/perfume","/c/en/atomizer"],"weight":0.20475999999999975,"degrees":[89,671,613,101]},"num_concepts_raised":7002},{"base_id":85,"kind":"top_words","i1":8,"i2":9,"sol":{"path":["/c/en/indisposition","/c/en/illness","/c/en/medicine","/c/en/spray","/c/en/atomizer"],"weight":0.2065899999999998,"degrees":[60,1102,11938,512,101]},"num_concepts_raised":5793}]]