[[{"base_id":757,"kind":"bot_words","i1":0,"i2":1,"sol":{"path":["/c/en/faded","/c/km/សម","/c/en/right","/c/en/entitlement"],"weight":0.2059299999999995,"degrees":[111,49,2319,88]},"num_concepts_raised":23390},{"base_id":757,"kind":"bot_words","i1":0,"i2":2,"sol":{"path":["/c/en/faded","/c/en/attenuated","/c/en/botany","/c/en/lacerate","/c/en/lacerated"],"weight":0.20573999999999965,"degrees":[111,37,6881,83,28]},"num_concepts_raised":7592},{"base_id":757,"kind":"bot_words","i1":0,"i2":3,"sol":{"path":["/c/en/faded","/c/en/colour","/c/en/butter","/c/en/pancake","/c/en/roti"],"weight":0.2038199999999996,"degrees":[111,1259,922,423,42]},"num_concepts_raised":7040},{"base_id":757,"kind":"bot_words","i1":0,"i2":4,"sol":{"path":["/c/en/faded","/c/en/colour","/c/en/eye","/c/en/bud"],"weight":0.2167799999999985,"degrees":[111,1259,2698,675]},"num_concepts_raised":80959},{"base_id":757,"kind":"bot_words","i1":0,"i2":5,"sol":{"path":["/c/en/faded","/c/en/pale","/c/en/historical","/c/en/issue","/c/en/issuance"],"weight":0.20493999999999968,"degrees":[111,711,8415,1087,29]},"num_concepts_raised":7467},{"base_id":757,"kind":"bot_words","i1":0,"i2":6,"sol":{"path":["/c/en/faded","/c/en/attenuated","/c/en/electronics","/c/en/digital"],"weight":0.2074599999999988,"degrees":[111,37,1297,369]},"num_concepts_raised":28442},{"base_id":757,"kind":"bot_words","i1":0,"i2":7,"sol":{"path":["/c/en/faded","/c/km/សម","/c/en/fork","/c/en/bifurcate"],"weight":0.20412999999999962,"degrees":[111,49,669,66]},"num_concepts_raised":9217},{"base_id":757,"kind":"bot_words","i1":0,"i2":8,"sol":{"path":["/c/en/faded","/c/en/colour","/c/en/complexion","/c/en/attitude","/c/en/paternalism"],"weight":0.20923999999999965,"degrees":[111,1259,257,525,70]},"num_concepts_raised":9200},{"base_id":757,"kind":"bot_words","i1":0,"i2":9,"sol":{"path":["/c/en/faded","/c/en/intensity","/c/en/physics","/c/en/miscible"],"weight":0.20385999999999965,"degrees":[111,353,9094,41]},"num_concepts_raised":15417},{"base_id":757,"kind":"bot_words","i1":1,"i2":2,"sol":{"path":["/c/en/entitlement","/c/fr/droit","/c/fr/gros","/c/en/rough","/c/en/lacerated"],"weight":0.20579999999999976,"degrees":[88,4052,738,1077,28]},"num_concepts_raised":19448},{"base_id":757,"kind":"bot_words","i1":1,"i2":3,"sol":{"path":["/c/en/entitlement","/c/fr/droit","/c/ms/lempeng","/c/en/pancake","/c/en/roti"],"weight":0.20490999999999973,"degrees":[88,4052,17,423,42]},"num_concepts_raised":18876},{"base_id":757,"kind":"bot_words","i1":1,"i2":4,"sol":{"path":["/c/en/entitlement","/c/en/right","/c/en/person","/c/en/bud"],"weight":0.21796999999999864,"degrees":[88,2319,12935,675]},"num_concepts_raised":92052},{"base_id":757,"kind":"bot_words","i1":1,"i2":5,"sol":{"path":["/c/en/entitlement","/c/en/right","/c/fi/optio_oikeus","/c/en/issuance"],"weight":0.20507999999999982,"degrees":[88,2319,9,29]},"num_concepts_raised":19224},{"base_id":757,"kind":"bot_words","i1":1,"i2":6,"sol":{"path":["/c/en/entitlement","/c/en/right","/c/en/smart","/c/en/digital"],"weight":0.20880999999999894,"degrees":[88,2319,654,369]},"num_concepts_raised":39993},{"base_id":757,"kind":"bot_words","i1":1,"i2":7,"sol":{"path":["/c/en/entitlement","/c/en/share_and_share_alike","/c/en/divide","/c/en/bifurcate"],"weight":0.20389999999999975,"degrees":[88,13,1102,66]},"num_concepts_raised":21001},{"base_id":757,"kind":"bot_words","i1":1,"i2":8,"sol":{"path":["/c/en/entitlement","/c/fr/autorité","/c/fr/paternalisme","/c/en/paternalism"],"weight":0.21110999999999974,"degrees":[88,544,23,70]},"num_concepts_raised":20698},{"base_id":757,"kind":"bot_words","i1":1,"i2":9,"sol":{"path":["/c/en/entitlement","/c/fr/propriété","/c/fr/miscible","/c/en/miscible"],"weight":0.2046199999999998,"degrees":[88,642,23,41]},"num_concepts_raised":27125},{"base_id":757,"kind":"bot_words","i1":2,"i2":3,"sol":{"path":["/c/en/lacerated","/c/en/raw","/c/en/bread","/c/gu/રોટલી","/c/en/roti"],"weight":0.20420999999999984,"degrees":[28,515,1741,10,42]},"num_concepts_raised":2965},{"base_id":757,"kind":"bot_words","i1":2,"i2":4,"sol":{"path":["/c/en/lacerated","/c/en/raw","/c/en/slang","/c/en/bud"],"weight":0.21586999999999876,"degrees":[28,515,16318,675]},"num_concepts_raised":77412},{"base_id":757,"kind":"bot_words","i1":2,"i2":5,"sol":{"path":["/c/en/lacerated","/c/en/rough","/c/en/feel","/c/en/issue","/c/en/issuance"],"weight":0.20488999999999993,"degrees":[28,1077,1238,1087,29]},"num_concepts_raised":3403},{"base_id":757,"kind":"bot_words","i1":2,"i2":6,"sol":{"path":["/c/en/lacerated","/c/en/mangled","/c/fr/informatique","/c/en/digital"],"weight":0.20651999999999904,"degrees":[28,20,2052,369]},"num_concepts_raised":24533},{"base_id":757,"kind":"bot_words","i1":2,"i2":7,"sol":{"path":["/c/en/lacerated","/c/en/rough","/c/en/road","/c/en/bifurcation","/c/en/bifurcate"],"weight":0.20635999999999988,"degrees":[28,1077,1871,116,66]},"num_concepts_raised":5161},{"base_id":757,"kind":"bot_words","i1":2,"i2":8,"sol":{"path":["/c/en/lacerated","/c/en/injured","/c/en/social_insurance","/c/en/government","/c/en/paternalism"],"weight":0.20932999999999988,"degrees":[28,150,28,2046,70]},"num_concepts_raised":5142},{"base_id":757,"kind":"bot_words","i1":2,"i2":9,"sol":{"path":["/c/en/lacerated","/c/en/rough","/c/en/diffusion","/c/en/physics","/c/en/miscible"],"weight":0.2040599999999999,"degrees":[28,1077,250,9094,41]},"num_concepts_raised":11408},{"base_id":757,"kind":"bot_words","i1":3,"i2":4,"sol":{"path":["/c/en/roti","/c/gu/રોટલી","/c/en/bread","/c/en/flower","/c/en/bud"],"weight":0.2216299999999987,"degrees":[42,10,1741,2500,675]},"num_concepts_raised":76894},{"base_id":757,"kind":"bot_words","i1":3,"i2":5,"sol":{"path":["/c/en/roti","/c/en/curry","/c/en/process","/c/en/issue","/c/en/issuance"],"weight":0.2039899999999999,"degrees":[42,376,1571,1087,29]},"num_concepts_raised":2821},{"base_id":757,"kind":"bot_words","i1":3,"i2":6,"sol":{"path":["/c/en/roti","/c/en/curry","/c/en/computing","/c/en/digitize","/c/en/digital"],"weight":0.20821999999999902,"degrees":[42,376,9084,76,369]},"num_concepts_raised":23987},{"base_id":757,"kind":"bot_words","i1":3,"i2":7,"sol":{"path":["/c/en/roti","/c/en/flatbread","/c/en/food","/c/en/branch","/c/en/bifurcate"],"weight":0.2035199999999998,"degrees":[42,94,4281,1753,66]},"num_concepts_raised":4584},{"base_id":757,"kind":"bot_words","i1":3,"i2":8,"sol":{"path":["/c/en/roti","/c/en/curry","/c/en/process","/c/en/treatment","/c/en/paternalism"],"weight":0.20841999999999983,"degrees":[42,376,1571,804,70]},"num_concepts_raised":4564},{"base_id":757,"kind":"bot_words","i1":3,"i2":9,"sol":{"path":["/c/en/roti","/c/en/curry","/c/en/exotic","/c/en/physics","/c/en/miscible"],"weight":0.2031499999999999,"degrees":[42,376,176,9094,41]},"num_concepts_raised":10826},{"base_id":757,"kind":"bot_words","i1":4,"i2":5,"sol":{"path":["/c/en/bud","/c/en/person","/c/en/issue","/c/en/issuance"],"weight":0.21669999999999878,"degrees":[675,12935,1087,29]},"num_concepts_raised":77259},{"base_id":757,"kind":"bot_words","i1":4,"i2":6,"sol":{"path":["/c/en/bud","/c/fr/bouton","/c/fr/numérique","/c/en/digital"],"weight":0.22384999999999788,"degrees":[675,428,292,369]},"num_concepts_raised":96528},{"base_id":757,"kind":"bot_words","i1":4,"i2":7,"sol":{"path":["/c/en/bud","/c/en/branch","/c/en/bifurcate"],"weight":0.20400000000000001,"degrees":[675,1753,66]},"num_concepts_raised":591},{"base_id":757,"kind":"bot_words","i1":4,"i2":8,"sol":{"path":["/c/en/bud","/c/en/person","/c/en/government","/c/en/paternalism"],"weight":0.2211799999999987,"degrees":[675,12935,2046,70]},"num_concepts_raised":78841},{"base_id":757,"kind":"bot_words","i1":4,"i2":9,"sol":{"path":["/c/en/bud","/c/en/pinch","/c/en/physics","/c/en/miscible"],"weight":0.21575999999999876,"degrees":[675,508,9094,41]},"num_concepts_raised":85173},{"base_id":757,"kind":"bot_words","i1":5,"i2":6,"sol":{"path":["/c/en/issuance","/c/en/issue","/c/en/number","/c/en/digital"],"weight":0.20789999999999909,"degrees":[29,1087,2301,369]},"num_concepts_raised":24265},{"base_id":757,"kind":"bot_words","i1":5,"i2":7,"sol":{"path":["/c/en/issuance","/c/en/issue","/c/en/one","/c/en/bifurcation","/c/en/bifurcate"],"weight":0.2063899999999999,"degrees":[29,1087,2499,116,66]},"num_concepts_raised":5002},{"base_id":757,"kind":"bot_words","i1":5,"i2":8,"sol":{"path":["/c/en/issuance","/c/en/issue","/c/en/state","/c/en/attitude","/c/en/paternalism"],"weight":0.20944999999999991,"degrees":[29,1087,3243,525,70]},"num_concepts_raised":4977},{"base_id":757,"kind":"bot_words","i1":5,"i2":9,"sol":{"path":["/c/en/issuance","/c/en/issue","/c/en/one","/c/en/compatible","/c/en/miscible"],"weight":0.20500999999999994,"degrees":[29,1087,2499,209,41]},"num_concepts_raised":11220},{"base_id":757,"kind":"bot_words","i1":6,"i2":7,"sol":{"path":["/c/en/digital","/c/en/bit","/c/en/branch","/c/en/bifurcate"],"weight":0.207099999999999,"degrees":[369,1251,1753,66]},"num_concepts_raised":25991},{"base_id":757,"kind":"bot_words","i1":6,"i2":8,"sol":{"path":["/c/en/digital","/c/en/digit","/c/en/system","/c/en/government","/c/en/paternalism"],"weight":0.21343999999999902,"degrees":[369,537,1888,2046,70]},"num_concepts_raised":26091},{"base_id":757,"kind":"bot_words","i1":6,"i2":9,"sol":{"path":["/c/en/digital","/c/en/computer","/c/en/compatible","/c/en/miscible"],"weight":0.20780999999999905,"degrees":[369,2068,209,41]},"num_concepts_raised":32176},{"base_id":757,"kind":"bot_words","i1":7,"i2":8,"sol":{"path":["/c/en/bifurcate","/c/en/branch","/c/en/government","/c/en/paternalism"],"weight":0.20888999999999985,"degrees":[66,1753,2046,70]},"num_concepts_raised":6725},{"base_id":757,"kind":"bot_words","i1":7,"i2":9,"sol":{"path":["/c/en/bifurcate","/c/en/bifurcation","/c/en/one","/c/en/compatible","/c/en/miscible"],"weight":0.20645999999999987,"degrees":[66,116,2499,209,41]},"num_concepts_raised":13004},{"base_id":757,"kind":"bot_words","i1":8,"i2":9,"sol":{"path":["/c/en/paternalism","/c/en/government","/c/en/force","/c/en/physics","/c/en/miscible"],"weight":0.2085899999999999,"degrees":[70,2046,1979,9094,41]},"num_concepts_raised":12994}],[{"base_id":757,"kind":"top_words","i1":0,"i2":1,"sol":{"path":["/c/en/dinar","/c/en/gold","/c/en/rock","/c/en/pyroclastic"],"weight":0.20497999999999997,"degrees":[97,1435,2349,39]},"num_concepts_raised":18304},{"base_id":757,"kind":"top_words","i1":0,"i2":2,"sol":{"path":["/c/en/dinar","/c/en/currency","/c/en/krona"],"weight":0.202,"degrees":[97,877,44]},"num_concepts_raised":109},{"base_id":757,"kind":"top_words","i1":0,"i2":3,"sol":{"path":["/c/en/dinar","/c/en/currency","/c/en/escudo"],"weight":0.202,"degrees":[97,877,29]},"num_concepts_raised":101},{"base_id":757,"kind":"top_words","i1":0,"i2":4,"sol":{"path":["/c/en/dinar","/c/en/currency","/c/en/eurocurrency","/c/en/eurodollar"],"weight":0.20489999999999997,"degrees":[97,877,20,30]},"num_concepts_raised":25498},{"base_id":757,"kind":"top_words","i1":0,"i2":5,"sol":{"path":["/c/en/dinar","/c/en/currency","/c/en/stale","/c/en/athlete","/c/en/biathlete"],"weight":0.20487,"degrees":[97,877,462,432,27]},"num_concepts_raised":18196},{"base_id":757,"kind":"top_words","i1":0,"i2":6,"sol":{"path":["/c/en/dinar","/c/en/coin","/c/ba/тәңкә","/c/en/ruble"],"weight":0.21419000000000038,"degrees":[97,1336,16,217]},"num_concepts_raised":16205},{"base_id":757,"kind":"top_words","i1":0,"i2":7,"sol":{"path":["/c/en/dinar","/c/en/historical","/c/en/zymotic","/c/en/contagious","/c/en/transmissible"],"weight":0.20530999999999994,"degrees":[97,8415,26,187,53]},"num_concepts_raised":26722},{"base_id":757,"kind":"top_words","i1":0,"i2":8,"sol":{"path":["/c/en/dinar","/c/ar/دينار","/c/fr/monnaie","/c/fr/maille","/c/en/tricot"],"weight":0.20618000000000003,"degrees":[97,21,764,212,35]},"num_concepts_raised":17134},{"base_id":757,"kind":"top_words","i1":0,"i2":9,"sol":{"path":["/c/en/dinar","/c/en/coin","/c/en/wallet","/c/en/skater"],"weight":0.20503999999999983,"degrees":[97,1336,708,122]},"num_concepts_raised":22949},{"base_id":757,"kind":"top_words","i1":1,"i2":2,"sol":{"path":["/c/en/pyroclastic","/c/en/rock","/c/en/canada","/c/fr/couronne","/c/en/krona"],"weight":0.20434999999999998,"degrees":[39,2349,2402,315,44]},"num_concepts_raised":5815},{"base_id":757,"kind":"top_words","i1":1,"i2":3,"sol":{"path":["/c/en/pyroclastic","/c/en/rock","/c/en/geology","/c/es/escudo","/c/en/escudo"],"weight":0.20509999999999995,"degrees":[39,2349,3862,40,29]},"num_concepts_raised":6419},{"base_id":757,"kind":"top_words","i1":1,"i2":4,"sol":{"path":["/c/en/pyroclastic","/c/en/rock","/c/en/us","/c/en/eurodollar"],"weight":0.20390999999999995,"degrees":[39,2349,8154,30]},"num_concepts_raised":15343},{"base_id":757,"kind":"top_words","i1":1,"i2":5,"sol":{"path":["/c/en/pyroclastic","/c/en/rock","/c/en/person","/c/en/athlete","/c/en/biathlete"],"weight":0.20493999999999996,"degrees":[39,2349,12935,432,27]},"num_concepts_raised":7681},{"base_id":757,"kind":"top_words","i1":1,"i2":6,"sol":{"path":["/c/en/pyroclastic","/c/en/rock","/c/en/fish","/c/ba/тәңкә","/c/en/ruble"],"weight":0.21424000000000035,"degrees":[39,2349,4424,16,217]},"num_concepts_raised":5748},{"base_id":757,"kind":"top_words","i1":1,"i2":7,"sol":{"path":["/c/en/pyroclastic","/c/en/fragment","/c/en/catch","/c/en/catching","/c/en/transmissible"],"weight":0.20527999999999993,"degrees":[39,535,1527,115,53]},"num_concepts_raised":16240},{"base_id":757,"kind":"top_words","i1":1,"i2":8,"sol":{"path":["/c/en/pyroclastic","/c/en/rock","/c/en/fabric","/c/en/tricot"],"weight":0.20415,"degrees":[39,2349,1105,35]},"num_concepts_raised":6604},{"base_id":757,"kind":"top_words","i1":1,"i2":9,"sol":{"path":["/c/en/pyroclastic","/c/en/rock","/c/en/field","/c/en/skater"],"weight":0.2050999999999998,"degrees":[39,2349,2150,122]},"num_concepts_raised":12524},{"base_id":757,"kind":"top_words","i1":2,"i2":3,"sol":{"path":["/c/en/krona","/c/en/currency","/c/en/escudo"],"weight":0.202,"degrees":[44,877,29]},"num_concepts_raised":59},{"base_id":757,"kind":"top_words","i1":2,"i2":4,"sol":{"path":["/c/en/krona","/c/en/currency","/c/en/eurocurrency","/c/en/eurodollar"],"weight":0.20404999999999995,"degrees":[44,877,20,30]},"num_concepts_raised":13328},{"base_id":757,"kind":"top_words","i1":2,"i2":5,"sol":{"path":["/c/en/krona","/c/fr/couronne","/c/en/canada","/c/en/athlete","/c/en/biathlete"],"weight":0.20416999999999996,"degrees":[44,315,2402,432,27]},"num_concepts_raised":5665},{"base_id":757,"kind":"top_words","i1":2,"i2":6,"sol":{"path":["/c/en/krona","/c/en/currency","/c/en/lat","/c/en/ruble"],"weight":0.21131000000000033,"degrees":[44,877,94,217]},"num_concepts_raised":3687},{"base_id":757,"kind":"top_words","i1":2,"i2":7,"sol":{"path":["/c/en/krona","/c/sv/krona","/c/en/crown","/c/en/medicine","/c/en/transmissible"],"weight":0.20571999999999993,"degrees":[44,37,1373,11938,53]},"num_concepts_raised":14254},{"base_id":757,"kind":"top_words","i1":2,"i2":8,"sol":{"path":["/c/en/krona","/c/fr/couronne","/c/fr/jersey","/c/fr/tricot","/c/en/tricot"],"weight":0.20350000000000001,"degrees":[44,315,132,114,35]},"num_concepts_raised":4588},{"base_id":757,"kind":"top_words","i1":2,"i2":9,"sol":{"path":["/c/en/krona","/c/en/currency","/c/en/buy","/c/en/skateboard","/c/en/skater"],"weight":0.2052799999999998,"degrees":[44,877,1156,333,122]},"num_concepts_raised":10533},{"base_id":757,"kind":"top_words","i1":3,"i2":4,"sol":{"path":["/c/en/escudo","/c/en/currency","/c/en/eurocurrency","/c/en/eurodollar"],"weight":0.20380999999999994,"degrees":[29,877,20,30]},"num_concepts_raised":13919},{"base_id":757,"kind":"top_words","i1":3,"i2":5,"sol":{"path":["/c/en/escudo","/c/en/cob","/c/en/sports","/c/en/biathlete"],"weight":0.20273999999999992,"degrees":[29,138,3417,27]},"num_concepts_raised":6260},{"base_id":757,"kind":"top_words","i1":3,"i2":6,"sol":{"path":["/c/en/escudo","/c/en/currency","/c/en/lat","/c/en/ruble"],"weight":0.2110700000000003,"degrees":[29,877,94,217]},"num_concepts_raised":4297},{"base_id":757,"kind":"top_words","i1":3,"i2":7,"sol":{"path":["/c/en/escudo","/c/pt/escudo","/c/en/escutcheon","/c/en/medicine","/c/en/transmissible"],"weight":0.20517999999999992,"degrees":[29,31,113,11938,53]},"num_concepts_raised":14864},{"base_id":757,"kind":"top_words","i1":3,"i2":8,"sol":{"path":["/c/en/escudo","/c/en/cob","/c/en/block","/c/en/knit","/c/en/tricot"],"weight":0.20400000000000001,"degrees":[29,138,1314,503,35]},"num_concepts_raised":5194},{"base_id":757,"kind":"top_words","i1":3,"i2":9,"sol":{"path":["/c/en/escudo","/c/it/scudo","/c/en/field","/c/en/skater"],"weight":0.20391999999999977,"degrees":[29,70,2150,122]},"num_concepts_raised":11125},{"base_id":757,"kind":"top_words","i1":4,"i2":5,"sol":{"path":["/c/en/eurodollar","/c/en/us","/c/en/athlete","/c/en/biathlete"],"weight":0.20372999999999997,"degrees":[30,8154,432,27]},"num_concepts_raised":15146},{"base_id":757,"kind":"top_words","i1":4,"i2":6,"sol":{"path":["/c/en/eurodollar","/c/en/dollar","/c/en/coin","/c/ba/тәңкә","/c/en/ruble"],"weight":0.21318000000000034,"degrees":[30,743,1336,16,217]},"num_concepts_raised":13319},{"base_id":757,"kind":"top_words","i1":4,"i2":7,"sol":{"path":["/c/en/eurodollar","/c/en/bank","/c/en/interest","/c/en/infectious","/c/en/transmissible"],"weight":0.20425999999999994,"degrees":[30,1660,1297,209,53]},"num_concepts_raised":23770},{"base_id":757,"kind":"top_words","i1":4,"i2":8,"sol":{"path":["/c/en/eurodollar","/c/en/us","/c/hu/trikó","/c/en/tricot"],"weight":0.20391000000000004,"degrees":[30,8154,13,35]},"num_concepts_raised":14173},{"base_id":757,"kind":"top_words","i1":4,"i2":9,"sol":{"path":["/c/en/eurodollar","/c/en/dollar","/c/en/wallet","/c/en/skater"],"weight":0.2039999999999998,"degrees":[30,743,708,122]},"num_concepts_raised":19919},{"base_id":757,"kind":"top_words","i1":5,"i2":6,"sol":{"path":["/c/en/biathlete","/c/en/athlete","/c/en/person","/c/en/lat","/c/en/ruble"],"weight":0.21205000000000035,"degrees":[27,432,12935,94,217]},"num_concepts_raised":5604},{"base_id":757,"kind":"top_words","i1":5,"i2":7,"sol":{"path":["/c/en/biathlete","/c/en/sports","/c/en/ball","/c/en/catching","/c/en/transmissible"],"weight":0.20414999999999994,"degrees":[27,3417,2118,115,53]},"num_concepts_raised":16102},{"base_id":757,"kind":"top_words","i1":5,"i2":8,"sol":{"path":["/c/en/biathlete","/c/en/sports","/c/it/maglia","/c/en/tricot"],"weight":0.20395000000000002,"degrees":[27,3417,48,35]},"num_concepts_raised":6462},{"base_id":757,"kind":"top_words","i1":5,"i2":9,"sol":{"path":["/c/en/biathlete","/c/en/athlete","/c/en/skater"],"weight":0.203,"degrees":[27,432,122]},"num_concepts_raised":116},{"base_id":757,"kind":"top_words","i1":6,"i2":7,"sol":{"path":["/c/en/ruble","/c/en/lat","/c/en/slang","/c/en/medicine","/c/en/transmissible"],"weight":0.21142000000000033,"degrees":[217,94,16318,11938,53]},"num_concepts_raised":14198},{"base_id":757,"kind":"top_words","i1":6,"i2":8,"sol":{"path":["/c/en/ruble","/c/fr/rouble","/c/fr/monnaie","/c/fr/maille","/c/en/tricot"],"weight":0.21563000000000043,"degrees":[217,39,764,212,35]},"num_concepts_raised":4531},{"base_id":757,"kind":"top_words","i1":6,"i2":9,"sol":{"path":["/c/en/ruble","/c/ba/тәңкә","/c/en/fish","/c/en/skate","/c/en/skater"],"weight":0.2143300000000002,"degrees":[217,16,4424,470,122]},"num_concepts_raised":10471},{"base_id":757,"kind":"top_words","i1":7,"i2":8,"sol":{"path":["/c/en/transmissible","/c/en/catching","/c/en/net","/c/it/maglia","/c/en/tricot"],"weight":0.20537,"degrees":[53,115,961,48,35]},"num_concepts_raised":15045},{"base_id":757,"kind":"top_words","i1":7,"i2":9,"sol":{"path":["/c/en/transmissible","/c/en/medicine","/c/en/field","/c/en/skater"],"weight":0.2042999999999998,"degrees":[53,11938,2150,122]},"num_concepts_raised":20960},{"base_id":757,"kind":"top_words","i1":8,"i2":9,"sol":{"path":["/c/en/tricot","/c/en/knit","/c/en/winter","/c/en/skate","/c/en/skater"],"weight":0.20524999999999988,"degrees":[35,503,1060,470,122]},"num_concepts_raised":11303}]]