[[{"base_id":10,"kind":"bot_words","i1":0,"i2":1,"sol":{"path":["/c/en/cartography","/c/en/hemisphere","/c/en/elysium"],"weight":0.20400000000000001,"degrees":[313,245,70]},"num_concepts_raised":299},{"base_id":10,"kind":"bot_words","i1":0,"i2":2,"sol":{"path":["/c/en/cartography","/c/en/edmond_halley","/c/en/physics","/c/en/inertia"],"weight":0.21931999999999957,"degrees":[313,92,9094,210]},"num_concepts_raised":44416},{"base_id":10,"kind":"bot_words","i1":0,"i2":3,"sol":{"path":["/c/en/cartography","/c/en/amerigo_vespucci","/c/en/person","/c/en/cameroonian"],"weight":0.2117799999999996,"degrees":[313,82,12935,50]},"num_concepts_raised":23229},{"base_id":10,"kind":"bot_words","i1":0,"i2":4,"sol":{"path":["/c/en/cartography","/c/en/mere","/c/en/united_kingdom","/c/en/thatcherite"],"weight":0.2112999999999996,"degrees":[313,200,1053,23]},"num_concepts_raised":14834},{"base_id":10,"kind":"bot_words","i1":0,"i2":5,"sol":{"path":["/c/en/cartography","/c/en/map","/c/fr/fonction","/c/fr/trampoline","/c/en/trampoline"],"weight":0.22490999999999983,"degrees":[313,944,899,33,144]},"num_concepts_raised":14775},{"base_id":10,"kind":"bot_words","i1":0,"i2":6,"sol":{"path":["/c/en/cartography","/c/en/map","/c/en/street","/c/en/bird","/c/en/chatterer"],"weight":0.21427999999999942,"degrees":[313,944,1387,4970,70]},"num_concepts_raised":16952},{"base_id":10,"kind":"bot_words","i1":0,"i2":7,"sol":{"path":["/c/en/cartography","/c/en/map","/c/en/card","/c/en/has","/c/en/haves"],"weight":0.21379999999999957,"degrees":[313,944,1332,275,25]},"num_concepts_raised":14496},{"base_id":10,"kind":"bot_words","i1":0,"i2":8,"sol":{"path":["/c/en/cartography","/c/en/geography","/c/en/city","/c/en/rovinj"],"weight":0.21699999999999953,"degrees":[313,1915,3758,56]},"num_concepts_raised":14484},{"base_id":10,"kind":"bot_words","i1":0,"i2":9,"sol":{"path":["/c/en/cartography","/c/en/map","/c/en/coast","/c/en/rocky"],"weight":0.22603999999999919,"degrees":[313,944,895,290]},"num_concepts_raised":35030},{"base_id":10,"kind":"bot_words","i1":1,"i2":2,"sol":{"path":["/c/en/elysium","/c/en/death","/c/en/inert","/c/en/inertia"],"weight":0.21306999999999987,"degrees":[70,2449,151,210]},"num_concepts_raised":39890},{"base_id":10,"kind":"bot_words","i1":1,"i2":3,"sol":{"path":["/c/en/elysium","/c/en/heaven","/c/en/state","/c/en/cameroon","/c/en/cameroonian"],"weight":0.20685999999999993,"degrees":[70,933,3243,296,50]},"num_concepts_raised":18434},{"base_id":10,"kind":"bot_words","i1":1,"i2":4,"sol":{"path":["/c/en/elysium","/c/en/heaven","/c/en/house","/c/en/politics","/c/en/thatcherite"],"weight":0.2053599999999999,"degrees":[70,933,3114,3247,23]},"num_concepts_raised":10074},{"base_id":10,"kind":"bot_words","i1":1,"i2":5,"sol":{"path":["/c/en/elysium","/c/en/heaven","/c/en/move","/c/en/jump","/c/en/trampoline"],"weight":0.21344000000000019,"degrees":[70,933,2810,1216,144]},"num_concepts_raised":10030},{"base_id":10,"kind":"bot_words","i1":1,"i2":6,"sol":{"path":["/c/en/elysium","/c/en/heaven","/c/en/sky","/c/en/bird","/c/en/chatterer"],"weight":0.20484999999999973,"degrees":[70,933,1493,4970,70]},"num_concepts_raised":12184},{"base_id":10,"kind":"bot_words","i1":1,"i2":7,"sol":{"path":["/c/en/elysium","/c/en/heaven","/c/en/sky","/c/en/has","/c/en/haves"],"weight":0.20430999999999988,"degrees":[70,933,1493,275,25]},"num_concepts_raised":9730},{"base_id":10,"kind":"bot_words","i1":1,"i2":8,"sol":{"path":["/c/en/elysium","/c/en/heaven","/c/en/place","/c/en/city","/c/en/rovinj"],"weight":0.20980999999999986,"degrees":[70,933,3314,3758,56]},"num_concepts_raised":9760},{"base_id":10,"kind":"bot_words","i1":1,"i2":9,"sol":{"path":["/c/en/elysium","/c/en/death","/c/en/danger","/c/en/rocky"],"weight":0.2154799999999995,"degrees":[70,2449,747,290]},"num_concepts_raised":30597},{"base_id":10,"kind":"bot_words","i1":2,"i2":3,"sol":{"path":["/c/en/inertia","/c/en/body","/c/en/person","/c/en/cameroonian"],"weight":0.2109099999999999,"degrees":[210,3170,12935,50]},"num_concepts_raised":47149},{"base_id":10,"kind":"bot_words","i1":2,"i2":4,"sol":{"path":["/c/en/inertia","/c/en/fly","/c/en/united_kingdom","/c/en/thatcherite"],"weight":0.21035999999999988,"degrees":[210,2276,1053,23]},"num_concepts_raised":39048},{"base_id":10,"kind":"bot_words","i1":2,"i2":5,"sol":{"path":["/c/en/inertia","/c/en/body","/c/en/jump","/c/en/trampoline"],"weight":0.21952000000000016,"degrees":[210,3170,1216,144]},"num_concepts_raised":38788},{"base_id":10,"kind":"bot_words","i1":2,"i2":6,"sol":{"path":["/c/en/inertia","/c/en/fly","/c/en/bird","/c/en/chatterer"],"weight":0.21091999999999972,"degrees":[210,2276,4970,70]},"num_concepts_raised":41147},{"base_id":10,"kind":"bot_words","i1":2,"i2":7,"sol":{"path":["/c/en/inertia","/c/en/physics","/c/en/has","/c/en/haves"],"weight":0.21062999999999987,"degrees":[210,9094,275,25]},"num_concepts_raised":38617},{"base_id":10,"kind":"bot_words","i1":2,"i2":8,"sol":{"path":["/c/en/inertia","/c/en/physics","/c/en/stop","/c/en/city","/c/en/rovinj"],"weight":0.21612999999999982,"degrees":[210,9094,2126,3758,56]},"num_concepts_raised":38770},{"base_id":10,"kind":"bot_words","i1":2,"i2":9,"sol":{"path":["/c/en/inertia","/c/en/physics","/c/en/unstable","/c/en/rocky"],"weight":0.2249299999999995,"degrees":[210,9094,315,290]},"num_concepts_raised":58795},{"base_id":10,"kind":"bot_words","i1":3,"i2":4,"sol":{"path":["/c/en/cameroonian","/c/en/cameroon","/c/en/thatcherite"],"weight":0.20400000000000001,"degrees":[50,296,23]},"num_concepts_raised":55},{"base_id":10,"kind":"bot_words","i1":3,"i2":5,"sol":{"path":["/c/en/cameroonian","/c/en/person","/c/en/leap","/c/en/jump","/c/en/trampoline"],"weight":0.21230000000000018,"degrees":[50,12935,640,1216,144]},"num_concepts_raised":17545},{"base_id":10,"kind":"bot_words","i1":3,"i2":6,"sol":{"path":["/c/en/cameroonian","/c/en/person","/c/en/chatterbox","/c/en/chatterer"],"weight":0.20469999999999972,"degrees":[50,12935,138,70]},"num_concepts_raised":19652},{"base_id":10,"kind":"bot_words","i1":3,"i2":7,"sol":{"path":["/c/en/cameroonian","/c/en/cameroon","/c/en/country","/c/en/has","/c/en/haves"],"weight":0.2051599999999999,"degrees":[50,296,2796,275,25]},"num_concepts_raised":17175},{"base_id":10,"kind":"bot_words","i1":3,"i2":8,"sol":{"path":["/c/en/cameroonian","/c/en/cameroon","/c/en/country","/c/en/city","/c/en/rovinj"],"weight":0.21067999999999987,"degrees":[50,296,2796,3758,56]},"num_concepts_raised":17303},{"base_id":10,"kind":"bot_words","i1":3,"i2":9,"sol":{"path":["/c/en/cameroonian","/c/en/person","/c/en/rock","/c/en/rocky"],"weight":0.21783999999999953,"degrees":[50,12935,2349,290]},"num_concepts_raised":37849},{"base_id":10,"kind":"bot_words","i1":4,"i2":5,"sol":{"path":["/c/en/thatcherite","/c/en/politics","/c/en/upset","/c/en/jump","/c/en/trampoline"],"weight":0.21282000000000018,"degrees":[23,3247,680,1216,144]},"num_concepts_raised":9137},{"base_id":10,"kind":"bot_words","i1":4,"i2":6,"sol":{"path":["/c/en/thatcherite","/c/en/politics","/c/en/speaker","/c/en/chatterer"],"weight":0.20411999999999975,"degrees":[23,3247,691,70]},"num_concepts_raised":11252},{"base_id":10,"kind":"bot_words","i1":4,"i2":7,"sol":{"path":["/c/en/thatcherite","/c/en/politics","/c/en/capital","/c/en/have","/c/en/haves"],"weight":0.20368999999999987,"degrees":[23,3247,1518,1801,25]},"num_concepts_raised":8826},{"base_id":10,"kind":"bot_words","i1":4,"i2":8,"sol":{"path":["/c/en/thatcherite","/c/en/united_kingdom","/c/en/city","/c/en/rovinj"],"weight":0.20807999999999985,"degrees":[23,1053,3758,56]},"num_concepts_raised":8818},{"base_id":10,"kind":"bot_words","i1":4,"i2":9,"sol":{"path":["/c/en/thatcherite","/c/en/united_kingdom","/c/en/rockhampton","/c/en/rocky"],"weight":0.2148699999999995,"degrees":[23,1053,41,290]},"num_concepts_raised":29686},{"base_id":10,"kind":"bot_words","i1":5,"i2":6,"sol":{"path":["/c/en/trampoline","/c/en/jump","/c/en/duck","/c/en/bird","/c/en/chatterer"],"weight":0.21227,"degrees":[144,1216,1215,4970,70]},"num_concepts_raised":11245},{"base_id":10,"kind":"bot_words","i1":5,"i2":7,"sol":{"path":["/c/en/trampoline","/c/en/programming","/c/en/has","/c/en/haves"],"weight":0.21162000000000014,"degrees":[144,1116,275,25]},"num_concepts_raised":8785},{"base_id":10,"kind":"bot_words","i1":5,"i2":8,"sol":{"path":["/c/en/trampoline","/c/en/jump","/c/en/code","/c/en/city","/c/en/rovinj"],"weight":0.2172500000000001,"degrees":[144,1216,681,3758,56]},"num_concepts_raised":8841},{"base_id":10,"kind":"bot_words","i1":5,"i2":9,"sol":{"path":["/c/en/trampoline","/c/en/jump","/c/en/video_game","/c/en/rocky"],"weight":0.22398999999999977,"degrees":[144,1216,754,290]},"num_concepts_raised":29605},{"base_id":10,"kind":"bot_words","i1":6,"i2":7,"sol":{"path":["/c/en/chatterer","/c/en/bird","/c/en/has","/c/en/haves"],"weight":0.2031199999999997,"degrees":[70,4970,275,25]},"num_concepts_raised":10931},{"base_id":10,"kind":"bot_words","i1":6,"i2":8,"sol":{"path":["/c/en/chatterer","/c/en/bird","/c/en/sparrow","/c/en/city","/c/en/rovinj"],"weight":0.20864999999999967,"degrees":[70,4970,272,3758,56]},"num_concepts_raised":10958},{"base_id":10,"kind":"bot_words","i1":6,"i2":9,"sol":{"path":["/c/en/chatterer","/c/en/babbler","/c/en/australia","/c/en/rocky"],"weight":0.21541999999999933,"degrees":[70,77,2690,290]},"num_concepts_raised":31748},{"base_id":10,"kind":"bot_words","i1":7,"i2":8,"sol":{"path":["/c/en/haves","/c/en/has","/c/en/city","/c/en/rovinj"],"weight":0.20807999999999982,"degrees":[25,275,3758,56]},"num_concepts_raised":8515},{"base_id":10,"kind":"bot_words","i1":7,"i2":9,"sol":{"path":["/c/en/haves","/c/en/has","/c/en/mountain","/c/en/rocky"],"weight":0.2150199999999995,"degrees":[25,275,1965,290]},"num_concepts_raised":29340},{"base_id":10,"kind":"bot_words","i1":8,"i2":9,"sol":{"path":["/c/en/rovinj","/c/en/city","/c/en/australia","/c/en/rocky"],"weight":0.22047999999999945,"degrees":[56,3758,2690,290]},"num_concepts_raised":29333}],[{"base_id":10,"kind":"top_words","i1":0,"i2":1,"sol":{"path":["/c/en/santiago","/c/en/santiago_de_compostela","/c/en/spain","/c/en/spanish"],"weight":0.2173599999999991,"degrees":[90,94,972,369]},"num_concepts_raised":42385},{"base_id":10,"kind":"top_words","i1":0,"i2":2,"sol":{"path":["/c/en/santiago","/c/en/spanish_american_war","/c/en/puerto_rico","/c/en/ponce"],"weight":0.20879999999999993,"degrees":[90,79,278,40]},"num_concepts_raised":31453},{"base_id":10,"kind":"top_words","i1":0,"i2":3,"sol":{"path":["/c/en/santiago","/c/en/cuba","/c/en/island","/c/en/flores"],"weight":0.21415999999999977,"degrees":[90,446,1660,65]},"num_concepts_raised":6902},{"base_id":10,"kind":"top_words","i1":0,"i2":4,"sol":{"path":["/c/en/santiago","/c/en/lollapalooza","/c/en/colombia","/c/en/colombian"],"weight":0.21169999999999978,"degrees":[90,64,464,86]},"num_concepts_raised":6132},{"base_id":10,"kind":"top_words","i1":0,"i2":5,"sol":{"path":["/c/en/santiago","/c/en/chile","/c/en/chili","/c/en/mexico","/c/en/hidalgo"],"weight":0.21293999999999993,"degrees":[90,757,265,1283,31]},"num_concepts_raised":7176},{"base_id":10,"kind":"top_words","i1":0,"i2":6,"sol":{"path":["/c/en/santiago","/c/en/chile","/c/es/engrupir","/c/en/trick","/c/en/pedro"],"weight":0.21816999999999975,"degrees":[90,757,84,1286,63]},"num_concepts_raised":7267},{"base_id":10,"kind":"top_words","i1":0,"i2":7,"sol":{"path":["/c/en/santiago","/c/en/city","/c/en/burgos"],"weight":0.20600000000000002,"degrees":[90,3758,71]},"num_concepts_raised":131},{"base_id":10,"kind":"top_words","i1":0,"i2":8,"sol":{"path":["/c/en/santiago","/c/en/chile","/c/en/us","/c/en/al","/c/en/alfonso"],"weight":0.2129099999999999,"degrees":[90,757,8154,153,40]},"num_concepts_raised":4921},{"base_id":10,"kind":"top_words","i1":0,"i2":9,"sol":{"path":["/c/en/santiago","/c/en/chile","/c/en/us","/c/en/mexican"],"weight":0.21996999999999944,"degrees":[90,757,8154,207]},"num_concepts_raised":55209},{"base_id":10,"kind":"top_words","i1":1,"i2":2,"sol":{"path":["/c/en/spanish","/c/en/language","/c/en/slang","/c/en/ponce"],"weight":0.21043999999999907,"degrees":[369,4160,16318,40]},"num_concepts_raised":62022},{"base_id":10,"kind":"top_words","i1":1,"i2":3,"sol":{"path":["/c/en/spanish","/c/en/english","/c/en/island","/c/en/flores"],"weight":0.2124099999999989,"degrees":[369,954,1660,65]},"num_concepts_raised":40375},{"base_id":10,"kind":"top_words","i1":1,"i2":4,"sol":{"path":["/c/en/spanish","/c/en/colombianism","/c/en/colombian"],"weight":0.202,"degrees":[369,8,86]},"num_concepts_raised":390},{"base_id":10,"kind":"top_words","i1":1,"i2":5,"sol":{"path":["/c/en/spanish","/c/en/spain","/c/en/fidalgo","/c/en/hidalgo"],"weight":0.20930999999999905,"degrees":[369,972,10,31]},"num_concepts_raised":40528},{"base_id":10,"kind":"top_words","i1":1,"i2":6,"sol":{"path":["/c/en/spanish","/c/en/us","/c/en/five","/c/en/pedro"],"weight":0.21224999999999888,"degrees":[369,8154,1089,63]},"num_concepts_raised":40609},{"base_id":10,"kind":"top_words","i1":1,"i2":7,"sol":{"path":["/c/en/spanish","/c/en/spain","/c/en/burgos"],"weight":0.20700000000000002,"degrees":[369,972,71]},"num_concepts_raised":387},{"base_id":10,"kind":"top_words","i1":1,"i2":8,"sol":{"path":["/c/en/spanish","/c/en/us","/c/en/al","/c/en/alfonso"],"weight":0.20702999999999905,"degrees":[369,8154,153,40]},"num_concepts_raised":38454},{"base_id":10,"kind":"top_words","i1":1,"i2":9,"sol":{"path":["/c/en/spanish","/c/en/mexican"],"weight":0.20400000000000001,"degrees":[369,207]},"num_concepts_raised":495},{"base_id":10,"kind":"top_words","i1":2,"i2":3,"sol":{"path":["/c/en/ponce","/c/en/puerto_rico","/c/en/island","/c/en/flores"],"weight":0.20827999999999974,"degrees":[40,278,1660,65]},"num_concepts_raised":29327},{"base_id":10,"kind":"top_words","i1":2,"i2":4,"sol":{"path":["/c/en/ponce","/c/en/british","/c/en/person_with_nationality","/c/en/colombian"],"weight":0.20471999999999974,"degrees":[40,3452,285,86]},"num_concepts_raised":28477},{"base_id":10,"kind":"top_words","i1":2,"i2":5,"sol":{"path":["/c/en/ponce","/c/en/san_patricio","/c/en/mexico","/c/en/hidalgo"],"weight":0.2028799999999999,"degrees":[40,15,1283,31]},"num_concepts_raised":29552},{"base_id":10,"kind":"top_words","i1":2,"i2":6,"sol":{"path":["/c/en/ponce","/c/en/slang","/c/en/trick","/c/en/pedro"],"weight":0.20936999999999972,"degrees":[40,16318,1286,63]},"num_concepts_raised":29523},{"base_id":10,"kind":"top_words","i1":2,"i2":7,"sol":{"path":["/c/en/ponce","/c/en/slang","/c/es/sarasa","/c/en/spain","/c/en/burgos"],"weight":0.2114499999999997,"degrees":[40,16318,9,972,71]},"num_concepts_raised":32064},{"base_id":10,"kind":"top_words","i1":2,"i2":8,"sol":{"path":["/c/en/ponce","/c/da/alfons","/c/en/alfonso"],"weight":0.202,"degrees":[40,14,40]},"num_concepts_raised":70},{"base_id":10,"kind":"top_words","i1":2,"i2":9,"sol":{"path":["/c/en/ponce","/c/en/slang","/c/en/mexican"],"weight":0.20500000000000002,"degrees":[40,16318,207]},"num_concepts_raised":213},{"base_id":10,"kind":"top_words","i1":3,"i2":4,"sol":{"path":["/c/en/flores","/c/en/island","/c/fr/géographie","/c/fr/colombien","/c/en/colombian"],"weight":0.21352999999999958,"degrees":[65,1660,8043,107,86]},"num_concepts_raised":3880},{"base_id":10,"kind":"top_words","i1":3,"i2":5,"sol":{"path":["/c/en/flores","/c/en/floresville","/c/en/county_seat","/c/en/mexico","/c/en/hidalgo"],"weight":0.21021999999999974,"degrees":[65,8,2497,1283,31]},"num_concepts_raised":4992},{"base_id":10,"kind":"top_words","i1":3,"i2":6,"sol":{"path":["/c/en/flores","/c/en/island","/c/en/book","/c/en/card_game","/c/en/pedro"],"weight":0.21357999999999955,"degrees":[65,1660,3239,470,63]},"num_concepts_raised":4995},{"base_id":10,"kind":"top_words","i1":3,"i2":7,"sol":{"path":["/c/en/flores","/c/en/indonesia","/c/en/country","/c/en/spain","/c/en/burgos"],"weight":0.21574999999999953,"degrees":[65,549,2796,972,71]},"num_concepts_raised":7473},{"base_id":10,"kind":"top_words","i1":3,"i2":8,"sol":{"path":["/c/en/flores","/c/en/java","/c/fr/argot","/c/fr/alphonse","/c/en/alfonso"],"weight":0.2094699999999997,"degrees":[65,385,3386,41,40]},"num_concepts_raised":2630},{"base_id":10,"kind":"top_words","i1":3,"i2":9,"sol":{"path":["/c/en/flores","/c/en/java","/c/en/us","/c/en/mexican"],"weight":0.21534999999999926,"degrees":[65,385,8154,207]},"num_concepts_raised":53231},{"base_id":10,"kind":"top_words","i1":4,"i2":5,"sol":{"path":["/c/en/colombian","/c/en/colombia","/c/en/country","/c/en/mexico","/c/en/hidalgo"],"weight":0.20580999999999977,"degrees":[86,464,2796,1283,31]},"num_concepts_raised":4193},{"base_id":10,"kind":"top_words","i1":4,"i2":6,"sol":{"path":["/c/en/colombian","/c/en/descent","/c/en/pitch","/c/en/card_game","/c/en/pedro"],"weight":0.2090399999999996,"degrees":[86,629,1134,470,63]},"num_concepts_raised":4219},{"base_id":10,"kind":"top_words","i1":4,"i2":7,"sol":{"path":["/c/en/colombian","/c/en/savanilla","/c/en/city","/c/en/burgos"],"weight":0.20903999999999956,"degrees":[86,15,3758,71]},"num_concepts_raised":6746},{"base_id":10,"kind":"top_words","i1":4,"i2":8,"sol":{"path":["/c/en/colombian","/c/en/columbian","/c/en/united_states_of_america","/c/en/al","/c/en/alfonso"],"weight":0.20369999999999974,"degrees":[86,38,553,153,40]},"num_concepts_raised":1855},{"base_id":10,"kind":"top_words","i1":4,"i2":9,"sol":{"path":["/c/en/colombian","/c/en/person_with_nationality","/c/en/mexican"],"weight":0.20400000000000001,"degrees":[86,285,207]},"num_concepts_raised":248},{"base_id":10,"kind":"top_words","i1":5,"i2":6,"sol":{"path":["/c/en/hidalgo","/c/en/mexico","/c/en/cinch","/c/en/trump","/c/en/pedro"],"weight":0.20820999999999973,"degrees":[31,1283,174,292,63]},"num_concepts_raised":5313},{"base_id":10,"kind":"top_words","i1":5,"i2":7,"sol":{"path":["/c/en/hidalgo","/c/en/fidalgo","/c/en/spain","/c/en/burgos"],"weight":0.2102299999999997,"degrees":[31,10,972,71]},"num_concepts_raised":7792},{"base_id":10,"kind":"top_words","i1":5,"i2":8,"sol":{"path":["/c/en/hidalgo","/c/en/nobility","/c/goh/adal","/c/en/alfonso"],"weight":0.2028799999999999,"degrees":[31,490,32,40]},"num_concepts_raised":2956},{"base_id":10,"kind":"top_words","i1":5,"i2":9,"sol":{"path":["/c/en/hidalgo","/c/en/mexico","/c/en/mexican"],"weight":0.20500000000000002,"degrees":[31,1283,207]},"num_concepts_raised":204},{"base_id":10,"kind":"top_words","i1":6,"i2":7,"sol":{"path":["/c/en/pedro","/c/en/card_game","/c/es/niña_bonita","/c/en/spain","/c/en/burgos"],"weight":0.2156199999999995,"degrees":[63,470,8,972,71]},"num_concepts_raised":7849},{"base_id":10,"kind":"top_words","i1":6,"i2":8,"sol":{"path":["/c/en/pedro","/c/en/trick","/c/en/pimp","/c/da/alfons","/c/en/alfonso"],"weight":0.2082799999999997,"degrees":[63,1286,402,14,40]},"num_concepts_raised":2955},{"base_id":10,"kind":"top_words","i1":6,"i2":9,"sol":{"path":["/c/en/pedro","/c/en/trump","/c/en/slang","/c/en/mexican"],"weight":0.21522999999999926,"degrees":[63,292,16318,207]},"num_concepts_raised":53409},{"base_id":10,"kind":"top_words","i1":7,"i2":8,"sol":{"path":["/c/en/burgos","/c/en/city","/c/en/alice","/c/goh/adal","/c/en/alfonso"],"weight":0.20830999999999966,"degrees":[71,3758,144,32,40]},"num_concepts_raised":5507},{"base_id":10,"kind":"top_words","i1":7,"i2":9,"sol":{"path":["/c/en/burgos","/c/en/spain","/c/en/spanish","/c/en/mexican"],"weight":0.21732999999999925,"degrees":[71,972,369,207]},"num_concepts_raised":55803},{"base_id":10,"kind":"top_words","i1":8,"i2":9,"sol":{"path":["/c/en/alfonso","/c/en/al","/c/en/us","/c/en/mexican"],"weight":0.2099899999999994,"degrees":[40,153,8154,207]},"num_concepts_raised":51291}]]