[[{"base_id":526,"kind":"bot_words","i1":0,"i2":1,"sol":{"path":["/c/en/fortiori","/c/en/corollary","/c/en/mathematics","/c/en/measure","/c/en/electrocardiograph"],"weight":0.20521,"degrees":[45,98,7601,1837,42]},"num_concepts_raised":23977},{"base_id":526,"kind":"bot_words","i1":0,"i2":2,"sol":{"path":["/c/en/fortiori","/c/en/priori","/c/en/experiment","/c/en/felix"],"weight":0.20946999999999993,"degrees":[45,113,623,58]},"num_concepts_raised":15189},{"base_id":526,"kind":"bot_words","i1":0,"i2":3,"sol":{"path":["/c/en/fortiori","/c/en/reason","/c/en/why","/c/en/album","/c/en/homogenic"],"weight":0.20913999999999988,"degrees":[45,1379,743,778,34]},"num_concepts_raised":8138},{"base_id":526,"kind":"bot_words","i1":0,"i2":4,"sol":{"path":["/c/en/fortiori","/c/en/great","/c/en/delight","/c/en/tickle","/c/en/titillate"],"weight":0.2047099999999999,"degrees":[45,1453,583,370,68]},"num_concepts_raised":6963},{"base_id":526,"kind":"bot_words","i1":0,"i2":5,"sol":{"path":["/c/en/fortiori","/c/en/reason","/c/en/right","/c/en/directly"],"weight":0.2080499999999993,"degrees":[45,1379,2319,332]},"num_concepts_raised":22109},{"base_id":526,"kind":"bot_words","i1":0,"i2":6,"sol":{"path":["/c/en/fortiori","/c/en/corollary","/c/en/mathematics","/c/en/embedding"],"weight":0.20519999999999985,"degrees":[45,98,7601,45]},"num_concepts_raised":13816},{"base_id":526,"kind":"bot_words","i1":0,"i2":7,"sol":{"path":["/c/en/fortiori","/c/en/great","/c/en/expression","/c/en/epistasis"],"weight":0.20917999999999987,"degrees":[45,1453,1025,48]},"num_concepts_raised":10340},{"base_id":526,"kind":"bot_words","i1":0,"i2":8,"sol":{"path":["/c/en/fortiori","/c/en/reason","/c/en/human","/c/en/bird","/c/en/minivet"],"weight":0.20419999999999994,"degrees":[45,1379,2645,4970,33]},"num_concepts_raised":12296},{"base_id":526,"kind":"bot_words","i1":0,"i2":9,"sol":{"path":["/c/en/fortiori","/c/en/reason","/c/en/obscene","/c/en/lewd","/c/en/lewdness"],"weight":0.20554999999999973,"degrees":[45,1379,315,245,69]},"num_concepts_raised":5308},{"base_id":526,"kind":"bot_words","i1":1,"i2":2,"sol":{"path":["/c/en/electrocardiograph","/c/en/electric","/c/en/electron","/c/en/felix"],"weight":0.20836999999999994,"degrees":[42,581,650,58]},"num_concepts_raised":30871},{"base_id":526,"kind":"bot_words","i1":1,"i2":3,"sol":{"path":["/c/en/electrocardiograph","/c/en/measure","/c/en/population","/c/en/homogenic"],"weight":0.20796999999999988,"degrees":[42,1837,846,34]},"num_concepts_raised":23808},{"base_id":526,"kind":"bot_words","i1":1,"i2":4,"sol":{"path":["/c/en/electrocardiograph","/c/en/body","/c/en/vellicate","/c/en/titillate"],"weight":0.20339999999999991,"degrees":[42,3170,34,68]},"num_concepts_raised":22683},{"base_id":526,"kind":"bot_words","i1":1,"i2":5,"sol":{"path":["/c/en/electrocardiograph","/c/en/surface","/c/en/flat","/c/en/directly"],"weight":0.20647999999999928,"degrees":[42,1764,1359,332]},"num_concepts_raised":37543},{"base_id":526,"kind":"bot_words","i1":1,"i2":6,"sol":{"path":["/c/en/electrocardiograph","/c/en/surface","/c/en/mathematics","/c/en/embedding"],"weight":0.20313999999999988,"degrees":[42,1764,7601,45]},"num_concepts_raised":29360},{"base_id":526,"kind":"bot_words","i1":1,"i2":7,"sol":{"path":["/c/en/electrocardiograph","/c/en/electrocardiogram","/c/en/record","/c/en/expression","/c/en/epistasis"],"weight":0.20921999999999985,"degrees":[42,95,1856,1025,48]},"num_concepts_raised":25900},{"base_id":526,"kind":"bot_words","i1":1,"i2":8,"sol":{"path":["/c/en/electrocardiograph","/c/en/diagnosis","/c/en/species","/c/en/minivet"],"weight":0.20298999999999995,"degrees":[42,270,1659,33]},"num_concepts_raised":27967},{"base_id":526,"kind":"bot_words","i1":1,"i2":9,"sol":{"path":["/c/en/electrocardiograph","/c/en/body","/c/en/base","/c/en/lewd","/c/en/lewdness"],"weight":0.20437999999999976,"degrees":[42,3170,2117,245,69]},"num_concepts_raised":21049},{"base_id":526,"kind":"bot_words","i1":2,"i2":3,"sol":{"path":["/c/en/felix","/c/en/given_name","/c/en/gene","/c/en/homogenic"],"weight":0.2132899999999998,"degrees":[58,1247,697,34]},"num_concepts_raised":15017},{"base_id":526,"kind":"bot_words","i1":2,"i2":4,"sol":{"path":["/c/en/felix","/c/en/electron","/c/en/excite","/c/en/titillate"],"weight":0.20878999999999986,"degrees":[58,650,415,68]},"num_concepts_raised":13852},{"base_id":526,"kind":"bot_words","i1":2,"i2":5,"sol":{"path":["/c/en/felix","/c/en/electron","/c/en/hypervalent_compound","/c/en/directly"],"weight":0.21167999999999926,"degrees":[58,650,16,332]},"num_concepts_raised":29033},{"base_id":526,"kind":"bot_words","i1":2,"i2":6,"sol":{"path":["/c/en/felix","/c/en/felicia","/c/en/plant","/c/en/embedded","/c/en/embedding"],"weight":0.21034999999999981,"degrees":[58,39,7959,86,45]},"num_concepts_raised":20725},{"base_id":526,"kind":"bot_words","i1":2,"i2":7,"sol":{"path":["/c/en/felix","/c/fr/masculin","/c/fr/biologie","/c/en/epistasis"],"weight":0.2135099999999998,"degrees":[58,3883,2957,48]},"num_concepts_raised":17207},{"base_id":526,"kind":"bot_words","i1":2,"i2":8,"sol":{"path":["/c/en/felix","/c/en/felicia","/c/en/genus","/c/en/minivet"],"weight":0.21030999999999989,"degrees":[58,39,2240,33]},"num_concepts_raised":19160},{"base_id":526,"kind":"bot_words","i1":2,"i2":9,"sol":{"path":["/c/en/felix","/c/la/felix","/c/en/religion","/c/de/unzucht","/c/en/lewdness"],"weight":0.21069999999999972,"degrees":[58,95,3331,32,69]},"num_concepts_raised":12198},{"base_id":526,"kind":"bot_words","i1":3,"i2":4,"sol":{"path":["/c/en/homogenic","/c/en/album","/c/en/twinkle","/c/es/titilar","/c/en/titillate"],"weight":0.20922999999999978,"degrees":[34,778,271,65,68]},"num_concepts_raised":6809},{"base_id":526,"kind":"bot_words","i1":3,"i2":5,"sol":{"path":["/c/en/homogenic","/c/en/alternative_rock","/c/en/plumb","/c/en/directly"],"weight":0.21127999999999916,"degrees":[34,227,177,332]},"num_concepts_raised":22005},{"base_id":526,"kind":"bot_words","i1":3,"i2":6,"sol":{"path":["/c/en/homogenic","/c/en/gene","/c/en/locus","/c/en/mathematics","/c/en/embedding"],"weight":0.20804999999999974,"degrees":[34,697,161,7601,45]},"num_concepts_raised":13639},{"base_id":526,"kind":"bot_words","i1":3,"i2":7,"sol":{"path":["/c/en/homogenic","/c/en/gene","/c/en/epistasis"],"weight":0.20600000000000002,"degrees":[34,697,48]},"num_concepts_raised":72},{"base_id":526,"kind":"bot_words","i1":3,"i2":8,"sol":{"path":["/c/en/homogenic","/c/en/genetics","/c/en/species","/c/en/minivet"],"weight":0.2078999999999998,"degrees":[34,1987,1659,33]},"num_concepts_raised":12060},{"base_id":526,"kind":"bot_words","i1":3,"i2":9,"sol":{"path":["/c/en/homogenic","/c/en/genetics","/c/en/biology","/c/en/base","/c/en/lewd","/c/en/lewdness"],"weight":0.21304199999999934,"degrees":[34,1987,6216,2117,245,69]},"num_concepts_raised":355241},{"base_id":526,"kind":"bot_words","i1":4,"i2":5,"sol":{"path":["/c/en/titillate","/c/en/tickle","/c/en/make","/c/en/direct","/c/en/directly"],"weight":0.2099099999999992,"degrees":[68,370,3395,1032,332]},"num_concepts_raised":20866},{"base_id":526,"kind":"bot_words","i1":4,"i2":6,"sol":{"path":["/c/en/titillate","/c/es/titilar","/c/en/quiver","/c/en/mathematics","/c/en/embedding"],"weight":0.20433999999999977,"degrees":[68,65,462,7601,45]},"num_concepts_raised":12522},{"base_id":526,"kind":"bot_words","i1":4,"i2":7,"sol":{"path":["/c/en/titillate","/c/en/lezploitation","/c/en/expression","/c/en/epistasis"],"weight":0.20835999999999977,"degrees":[68,15,1025,48]},"num_concepts_raised":9003},{"base_id":526,"kind":"bot_words","i1":4,"i2":8,"sol":{"path":["/c/en/titillate","/c/de/erregen","/c/en/thrill","/c/en/bird","/c/en/minivet"],"weight":0.20442999999999983,"degrees":[68,88,225,4970,33]},"num_concepts_raised":10963},{"base_id":526,"kind":"bot_words","i1":4,"i2":9,"sol":{"path":["/c/en/titillate","/c/en/titillating","/c/ja/エッチ","/c/en/lewd","/c/en/lewdness"],"weight":0.20460999999999968,"degrees":[68,51,35,245,69]},"num_concepts_raised":3964},{"base_id":526,"kind":"bot_words","i1":5,"i2":6,"sol":{"path":["/c/en/directly","/c/en/direct","/c/en/mathematics","/c/en/embedding"],"weight":0.20938999999999916,"degrees":[332,1032,7601,45]},"num_concepts_raised":27528},{"base_id":526,"kind":"bot_words","i1":5,"i2":7,"sol":{"path":["/c/en/directly","/c/en/express","/c/en/expression","/c/en/epistasis"],"weight":0.21150999999999914,"degrees":[332,1102,1025,48]},"num_concepts_raised":24130},{"base_id":526,"kind":"bot_words","i1":5,"i2":8,"sol":{"path":["/c/en/directly","/c/en/wildcat","/c/en/species","/c/en/minivet"],"weight":0.20631999999999925,"degrees":[332,317,1659,33]},"num_concepts_raised":26179},{"base_id":526,"kind":"bot_words","i1":5,"i2":9,"sol":{"path":["/c/en/directly","/c/fr/droit","/c/la/crimen","/c/en/lewdness"],"weight":0.20719999999999905,"degrees":[332,4052,77,69]},"num_concepts_raised":19220},{"base_id":526,"kind":"bot_words","i1":6,"i2":7,"sol":{"path":["/c/en/embedding","/c/en/mathematics","/c/en/expression","/c/en/epistasis"],"weight":0.20814999999999972,"degrees":[45,7601,1025,48]},"num_concepts_raised":15763},{"base_id":526,"kind":"bot_words","i1":6,"i2":8,"sol":{"path":["/c/en/embedding","/c/en/mathematics","/c/en/group","/c/en/bird","/c/en/minivet"],"weight":0.2030999999999998,"degrees":[45,7601,2339,4970,33]},"num_concepts_raised":17832},{"base_id":526,"kind":"bot_words","i1":6,"i2":9,"sol":{"path":["/c/en/embedding","/c/en/mathematics","/c/en/prime","/c/en/lewd","/c/en/lewdness"],"weight":0.20437999999999962,"degrees":[45,7601,485,245,69]},"num_concepts_raised":10857},{"base_id":526,"kind":"bot_words","i1":7,"i2":8,"sol":{"path":["/c/en/epistasis","/c/en/genetics","/c/en/species","/c/en/minivet"],"weight":0.20811999999999983,"degrees":[48,1987,1659,33]},"num_concepts_raised":14250},{"base_id":526,"kind":"bot_words","i1":7,"i2":9,"sol":{"path":["/c/en/epistasis","/c/fr/épistasie","/c/fr/caractère","/c/fr/salacité","/c/en/lewdness"],"weight":0.21050999999999964,"degrees":[48,32,1428,22,69]},"num_concepts_raised":7340},{"base_id":526,"kind":"bot_words","i1":8,"i2":9,"sol":{"path":["/c/en/minivet","/c/en/genus","/c/en/common","/c/en/lewd","/c/en/lewdness"],"weight":0.20426999999999973,"degrees":[33,2240,1219,245,69]},"num_concepts_raised":9303}],[{"base_id":526,"kind":"top_words","i1":0,"i2":1,"sol":{"path":["/c/en/rooms","/c/en/room","/c/en/lounge"],"weight":0.20700000000000002,"degrees":[65,1788,220]},"num_concepts_raised":234},{"base_id":526,"kind":"top_words","i1":0,"i2":2,"sol":{"path":["/c/en/rooms","/c/en/room","/c/en/dining"],"weight":0.20600000000000002,"degrees":[65,1788,70]},"num_concepts_raised":116},{"base_id":526,"kind":"top_words","i1":0,"i2":3,"sol":{"path":["/c/en/rooms","/c/en/bed","/c/en/upstairs"],"weight":0.20400000000000001,"degrees":[65,2185,107]},"num_concepts_raised":152},{"base_id":526,"kind":"top_words","i1":0,"i2":4,"sol":{"path":["/c/en/rooms","/c/en/room","/c/en/spacious"],"weight":0.20600000000000002,"degrees":[65,1788,281]},"num_concepts_raised":272},{"base_id":526,"kind":"top_words","i1":0,"i2":5,"sol":{"path":["/c/en/rooms","/c/en/room","/c/en/cramped"],"weight":0.20600000000000002,"degrees":[65,1788,106]},"num_concepts_raised":140},{"base_id":526,"kind":"top_words","i1":0,"i2":6,"sol":{"path":["/c/en/rooms","/c/en/room","/c/en/bar","/c/en/café"],"weight":0.2160299999999998,"degrees":[65,1788,1972,252]},"num_concepts_raised":32622},{"base_id":526,"kind":"top_words","i1":0,"i2":7,"sol":{"path":["/c/en/rooms","/c/en/bedrooms"],"weight":0.20400000000000001,"degrees":[65,24]},"num_concepts_raised":70},{"base_id":526,"kind":"top_words","i1":0,"i2":8,"sol":{"path":["/c/en/rooms","/c/en/room","/c/en/basement"],"weight":0.20900000000000002,"degrees":[65,1788,455]},"num_concepts_raised":388},{"base_id":526,"kind":"top_words","i1":0,"i2":9,"sol":{"path":["/c/en/rooms","/c/en/room","/c/ba/ашхана","/c/en/cafeteria"],"weight":0.22278999999999952,"degrees":[65,1788,15,258]},"num_concepts_raised":36267},{"base_id":526,"kind":"top_words","i1":1,"i2":2,"sol":{"path":["/c/en/lounge","/c/en/room","/c/en/dining"],"weight":0.203,"degrees":[220,1788,70]},"num_concepts_raised":241},{"base_id":526,"kind":"top_words","i1":1,"i2":3,"sol":{"path":["/c/en/lounge","/c/en/room","/c/en/floor","/c/en/upstairs"],"weight":0.20736999999999933,"degrees":[220,1788,1308,107]},"num_concepts_raised":39538},{"base_id":526,"kind":"top_words","i1":1,"i2":4,"sol":{"path":["/c/en/lounge","/c/en/room","/c/en/spacious"],"weight":0.203,"degrees":[220,1788,281]},"num_concepts_raised":396},{"base_id":526,"kind":"top_words","i1":1,"i2":5,"sol":{"path":["/c/en/lounge","/c/en/room","/c/en/cramped"],"weight":0.203,"degrees":[220,1788,106]},"num_concepts_raised":263},{"base_id":526,"kind":"top_words","i1":1,"i2":6,"sol":{"path":["/c/en/lounge","/c/en/bar","/c/en/café"],"weight":0.203,"degrees":[220,1972,252]},"num_concepts_raised":379},{"base_id":526,"kind":"top_words","i1":1,"i2":7,"sol":{"path":["/c/en/lounge","/c/en/room","/c/en/bedroom","/c/en/bedrooms"],"weight":0.20752999999999958,"degrees":[220,1788,616,24]},"num_concepts_raised":19643},{"base_id":526,"kind":"top_words","i1":1,"i2":8,"sol":{"path":["/c/en/lounge","/c/en/room","/c/en/basement"],"weight":0.20600000000000002,"degrees":[220,1788,455]},"num_concepts_raised":516},{"base_id":526,"kind":"top_words","i1":1,"i2":9,"sol":{"path":["/c/en/lounge","/c/en/bar","/c/en/cafeteria"],"weight":0.20500000000000002,"degrees":[220,1972,258]},"num_concepts_raised":379},{"base_id":526,"kind":"top_words","i1":2,"i2":3,"sol":{"path":["/c/en/dining","/c/en/eat","/c/en/person","/c/en/upstairs"],"weight":0.20533999999999958,"degrees":[70,1703,12935,107]},"num_concepts_raised":39656},{"base_id":526,"kind":"top_words","i1":2,"i2":4,"sol":{"path":["/c/en/dining","/c/en/room","/c/en/spacious"],"weight":0.202,"degrees":[70,1788,281]},"num_concepts_raised":280},{"base_id":526,"kind":"top_words","i1":2,"i2":5,"sol":{"path":["/c/en/dining","/c/en/room","/c/en/cramped"],"weight":0.202,"degrees":[70,1788,106]},"num_concepts_raised":147},{"base_id":526,"kind":"top_words","i1":2,"i2":6,"sol":{"path":["/c/en/dining","/c/en/cafeteria","/c/en/café"],"weight":0.203,"degrees":[70,258,252]},"num_concepts_raised":262},{"base_id":526,"kind":"top_words","i1":2,"i2":7,"sol":{"path":["/c/en/dining","/c/en/hall","/c/en/bedrooms"],"weight":0.202,"degrees":[70,726,24]},"num_concepts_raised":84},{"base_id":526,"kind":"top_words","i1":2,"i2":8,"sol":{"path":["/c/en/dining","/c/en/room","/c/en/basement"],"weight":0.20500000000000002,"degrees":[70,1788,455]},"num_concepts_raised":400},{"base_id":526,"kind":"top_words","i1":2,"i2":9,"sol":{"path":["/c/en/dining","/c/en/cafeteria"],"weight":0.20400000000000001,"degrees":[70,258]},"num_concepts_raised":257},{"base_id":526,"kind":"top_words","i1":3,"i2":4,"sol":{"path":["/c/en/upstairs","/c/en/bed","/c/en/large","/c/en/spacious"],"weight":0.20833999999999941,"degrees":[107,2185,1592,281]},"num_concepts_raised":37661},{"base_id":526,"kind":"top_words","i1":3,"i2":5,"sol":{"path":["/c/en/upstairs","/c/en/floor","/c/en/room","/c/en/cramped"],"weight":0.2047999999999995,"degrees":[107,1308,1788,106]},"num_concepts_raised":34228},{"base_id":526,"kind":"top_words","i1":3,"i2":6,"sol":{"path":["/c/en/upstairs","/c/en/person","/c/en/coffee","/c/en/café"],"weight":0.20752999999999971,"degrees":[107,12935,1150,252]},"num_concepts_raised":35142},{"base_id":526,"kind":"top_words","i1":3,"i2":7,"sol":{"path":["/c/en/upstairs","/c/en/bed","/c/en/bedrooms"],"weight":0.202,"degrees":[107,2185,24]},"num_concepts_raised":120},{"base_id":526,"kind":"top_words","i1":3,"i2":8,"sol":{"path":["/c/en/upstairs","/c/en/basement"],"weight":0.20400000000000001,"degrees":[107,455]},"num_concepts_raised":429},{"base_id":526,"kind":"top_words","i1":3,"i2":9,"sol":{"path":["/c/en/upstairs","/c/en/floor","/c/en/restaurant","/c/en/cafeteria"],"weight":0.21212999999999943,"degrees":[107,1308,932,258]},"num_concepts_raised":38887},{"base_id":526,"kind":"top_words","i1":4,"i2":5,"sol":{"path":["/c/en/spacious","/c/en/room","/c/en/cramped"],"weight":0.202,"degrees":[281,1788,106]},"num_concepts_raised":302},{"base_id":526,"kind":"top_words","i1":4,"i2":6,"sol":{"path":["/c/en/spacious","/c/en/space","/c/en/bar","/c/en/café"],"weight":0.21041999999999972,"degrees":[281,1852,1972,252]},"num_concepts_raised":17256},{"base_id":526,"kind":"top_words","i1":4,"i2":7,"sol":{"path":["/c/en/spacious","/c/en/home","/c/en/bedrooms"],"weight":0.202,"degrees":[281,2163,24]},"num_concepts_raised":239},{"base_id":526,"kind":"top_words","i1":4,"i2":8,"sol":{"path":["/c/en/spacious","/c/en/room","/c/en/basement"],"weight":0.20500000000000002,"degrees":[281,1788,455]},"num_concepts_raised":554},{"base_id":526,"kind":"top_words","i1":4,"i2":9,"sol":{"path":["/c/en/spacious","/c/en/room","/c/ba/ашхана","/c/en/cafeteria"],"weight":0.21629999999999944,"degrees":[281,1788,15,258]},"num_concepts_raised":21164},{"base_id":526,"kind":"top_words","i1":5,"i2":6,"sol":{"path":["/c/en/cramped","/c/fr/serré","/c/en/coffee","/c/en/café"],"weight":0.20968999999999982,"degrees":[106,155,1150,252]},"num_concepts_raised":13569},{"base_id":526,"kind":"top_words","i1":5,"i2":7,"sol":{"path":["/c/en/cramped","/c/en/room","/c/en/bedroom","/c/en/bedrooms"],"weight":0.20494999999999974,"degrees":[106,1788,616,24]},"num_concepts_raised":14531},{"base_id":526,"kind":"top_words","i1":5,"i2":8,"sol":{"path":["/c/en/cramped","/c/en/room","/c/en/basement"],"weight":0.20500000000000002,"degrees":[106,1788,455]},"num_concepts_raised":422},{"base_id":526,"kind":"top_words","i1":5,"i2":9,"sol":{"path":["/c/en/cramped","/c/fr/serré","/c/en/coffee","/c/en/cafeteria"],"weight":0.21394999999999953,"degrees":[106,155,1150,258]},"num_concepts_raised":17523},{"base_id":526,"kind":"top_words","i1":6,"i2":7,"sol":{"path":["/c/en/café","/c/en/coffeehouse","/c/en/house","/c/en/bedrooms"],"weight":0.20684999999999992,"degrees":[252,95,3114,24]},"num_concepts_raised":15468},{"base_id":526,"kind":"top_words","i1":6,"i2":8,"sol":{"path":["/c/en/café","/c/en/restaurant","/c/en/floor","/c/en/basement"],"weight":0.22146999999999956,"degrees":[252,932,1308,455]},"num_concepts_raised":62793},{"base_id":526,"kind":"top_words","i1":6,"i2":9,"sol":{"path":["/c/en/café","/c/en/cafeteria"],"weight":0.20600000000000002,"degrees":[252,258]},"num_concepts_raised":382},{"base_id":526,"kind":"top_words","i1":7,"i2":8,"sol":{"path":["/c/en/bedrooms","/c/en/house","/c/en/basement"],"weight":0.20500000000000002,"degrees":[24,3114,455]},"num_concepts_raised":355},{"base_id":526,"kind":"top_words","i1":7,"i2":9,"sol":{"path":["/c/en/bedrooms","/c/en/hall","/c/en/canteen","/c/en/cafeteria"],"weight":0.2140799999999996,"degrees":[24,726,280,258]},"num_concepts_raised":19335},{"base_id":526,"kind":"top_words","i1":8,"i2":9,"sol":{"path":["/c/en/basement","/c/en/floor","/c/en/restaurant","/c/en/cafeteria"],"weight":0.22637999999999925,"degrees":[455,1308,932,258]},"num_concepts_raised":66337}]]