[[{"base_id":198,"kind":"bot_words","i1":0,"i2":1,"sol":{"path":["/c/en/shogunate","/c/en/dictatorship","/c/en/person","/c/en/bad","/c/en/abominable"],"weight":0.21522999999999953,"degrees":[47,358,12935,1728,249]},"num_concepts_raised":9621},{"base_id":198,"kind":"bot_words","i1":0,"i2":2,"sol":{"path":["/c/en/shogunate","/c/en/dictatorship","/c/en/person","/c/en/patient","/c/en/inpatient"],"weight":0.20565999999999984,"degrees":[47,358,12935,787,57]},"num_concepts_raised":6583},{"base_id":198,"kind":"bot_words","i1":0,"i2":3,"sol":{"path":["/c/en/shogunate","/c/en/administration","/c/en/law","/c/en/ausa"],"weight":0.2079799999999999,"degrees":[47,559,3727,25]},"num_concepts_raised":14863},{"base_id":198,"kind":"bot_words","i1":0,"i2":4,"sol":{"path":["/c/en/shogunate","/c/zh/幕府","/c/en/office","/c/en/letter","/c/en/transliteration"],"weight":0.21287000000000023,"degrees":[47,14,1568,2043,262]},"num_concepts_raised":13330},{"base_id":198,"kind":"bot_words","i1":0,"i2":5,"sol":{"path":["/c/en/shogunate","/c/en/administration","/c/en/legal","/c/en/rehab"],"weight":0.20313999999999993,"degrees":[47,559,6627,35]},"num_concepts_raised":7546},{"base_id":198,"kind":"bot_words","i1":0,"i2":6,"sol":{"path":["/c/en/shogunate","/c/en/dictatorship","/c/en/person","/c/en/die","/c/en/d20"],"weight":0.20323999999999995,"degrees":[47,358,12935,2528,36]},"num_concepts_raised":3761},{"base_id":198,"kind":"bot_words","i1":0,"i2":7,"sol":{"path":["/c/en/shogunate","/c/zh/幕府","/c/en/ancient","/c/en/e"],"weight":0.2159699999999993,"degrees":[47,14,1083,270]},"num_concepts_raised":53623},{"base_id":198,"kind":"bot_words","i1":0,"i2":8,"sol":{"path":["/c/en/shogunate","/c/en/dictatorship","/c/en/protest","/c/en/fight","/c/en/combative","/c/en/combativeness"],"weight":0.20766309999999988,"degrees":[47,358,960,1902,75,31]},"num_concepts_raised":115045},{"base_id":198,"kind":"bot_words","i1":0,"i2":9,"sol":{"path":["/c/en/shogunate","/c/en/dictatorship","/c/en/china","/c/en/huge","/c/en/gigantic"],"weight":0.2077699999999998,"degrees":[47,358,1318,434,213]},"num_concepts_raised":9062},{"base_id":198,"kind":"bot_words","i1":1,"i2":2,"sol":{"path":["/c/en/abominable","/c/en/film","/c/en/treatment","/c/en/inpatient"],"weight":0.2107999999999995,"degrees":[249,2504,804,57]},"num_concepts_raised":14191},{"base_id":198,"kind":"bot_words","i1":1,"i2":3,"sol":{"path":["/c/en/abominable","/c/en/awful","/c/en/us","/c/en/ausa"],"weight":0.21571999999999947,"degrees":[249,278,8154,25]},"num_concepts_raised":22386},{"base_id":198,"kind":"bot_words","i1":1,"i2":4,"sol":{"path":["/c/en/abominable","/c/en/bad","/c/en/linguistics","/c/en/transliteration"],"weight":0.22373999999999983,"degrees":[249,1728,4250,262]},"num_concepts_raised":20861},{"base_id":198,"kind":"bot_words","i1":1,"i2":5,"sol":{"path":["/c/en/abominable","/c/en/bad","/c/en/negative","/c/en/legal","/c/en/rehab"],"weight":0.21511999999999953,"degrees":[249,1728,834,6627,35]},"num_concepts_raised":15157},{"base_id":198,"kind":"bot_words","i1":1,"i2":6,"sol":{"path":["/c/en/abominable","/c/en/bad","/c/en/die","/c/en/d20"],"weight":0.21508999999999956,"degrees":[249,1728,2528,36]},"num_concepts_raised":11395},{"base_id":198,"kind":"bot_words","i1":1,"i2":7,"sol":{"path":["/c/en/abominable","/c/en/bad","/c/en/british","/c/en/e"],"weight":0.2268399999999989,"degrees":[249,1728,3452,270]},"num_concepts_raised":60905},{"base_id":198,"kind":"bot_words","i1":1,"i2":8,"sol":{"path":["/c/en/abominable","/c/en/hateful","/c/en/hostile","/c/en/militance","/c/en/combativeness"],"weight":0.21079999999999952,"degrees":[249,180,355,9,31]},"num_concepts_raised":8886},{"base_id":198,"kind":"bot_words","i1":1,"i2":9,"sol":{"path":["/c/en/abominable","/c/en/bad","/c/en/great","/c/en/gigantic"],"weight":0.21756999999999938,"degrees":[249,1728,1453,213]},"num_concepts_raised":16505},{"base_id":198,"kind":"bot_words","i1":2,"i2":3,"sol":{"path":["/c/en/inpatient","/c/en/hospital","/c/en/city","/c/en/ausa"],"weight":0.2081799999999998,"degrees":[57,974,3758,25]},"num_concepts_raised":19384},{"base_id":198,"kind":"bot_words","i1":2,"i2":4,"sol":{"path":["/c/en/inpatient","/c/en/patient","/c/en/linguistics","/c/en/transliteration"],"weight":0.21418000000000015,"degrees":[57,787,4250,262]},"num_concepts_raised":17910},{"base_id":198,"kind":"bot_words","i1":2,"i2":5,"sol":{"path":["/c/en/inpatient","/c/en/treatment","/c/is/meðferð","/c/en/rehab"],"weight":0.20322999999999986,"degrees":[57,804,5,35]},"num_concepts_raised":12150},{"base_id":198,"kind":"bot_words","i1":2,"i2":6,"sol":{"path":["/c/en/inpatient","/c/en/patient","/c/en/person","/c/en/die","/c/en/d20"],"weight":0.20559999999999987,"degrees":[57,787,12935,2528,36]},"num_concepts_raised":8379},{"base_id":198,"kind":"bot_words","i1":2,"i2":7,"sol":{"path":["/c/en/inpatient","/c/en/hospital","/c/en/e"],"weight":0.20600000000000002,"degrees":[57,974,270]},"num_concepts_raised":276},{"base_id":198,"kind":"bot_words","i1":2,"i2":8,"sol":{"path":["/c/en/inpatient","/c/en/patient","/c/en/temper","/c/fr/caractère","/c/it/bellicosità","/c/en/combativeness"],"weight":0.21249139999999977,"degrees":[57,787,530,1428,13,31]},"num_concepts_raised":324396},{"base_id":198,"kind":"bot_words","i1":2,"i2":9,"sol":{"path":["/c/en/inpatient","/c/en/patient","/c/en/wound","/c/en/large","/c/en/gigantic"],"weight":0.2090599999999997,"degrees":[57,787,1252,1592,213]},"num_concepts_raised":13647},{"base_id":198,"kind":"bot_words","i1":3,"i2":4,"sol":{"path":["/c/en/ausa","/c/en/us","/c/en/letter","/c/en/transliteration"],"weight":0.21652000000000016,"degrees":[25,8154,2043,262]},"num_concepts_raised":26054},{"base_id":198,"kind":"bot_words","i1":3,"i2":5,"sol":{"path":["/c/en/ausa","/c/en/law","/c/en/legal","/c/en/rehab"],"weight":0.2078699999999999,"degrees":[25,3727,6627,35]},"num_concepts_raised":19789},{"base_id":198,"kind":"bot_words","i1":3,"i2":6,"sol":{"path":["/c/en/ausa","/c/en/us","/c/en/proof","/c/en/d12","/c/en/d20"],"weight":0.20901999999999987,"degrees":[25,8154,766,77,36]},"num_concepts_raised":16664},{"base_id":198,"kind":"bot_words","i1":3,"i2":7,"sol":{"path":["/c/en/ausa","/c/en/us","/c/en/i","/c/en/e"],"weight":0.22192999999999924,"degrees":[25,8154,594,270]},"num_concepts_raised":64473},{"base_id":198,"kind":"bot_words","i1":3,"i2":8,"sol":{"path":["/c/en/ausa","/c/en/us","/c/en/military","/c/en/militant","/c/en/combative","/c/en/combativeness"],"weight":0.21233979999999852,"degrees":[25,8154,5690,141,75,31]},"num_concepts_raised":831421},{"base_id":198,"kind":"bot_words","i1":3,"i2":9,"sol":{"path":["/c/en/ausa","/c/en/city","/c/en/huge","/c/en/gigantic"],"weight":0.21244999999999972,"degrees":[25,3758,434,213]},"num_concepts_raised":21784},{"base_id":198,"kind":"bot_words","i1":4,"i2":5,"sol":{"path":["/c/en/transliteration","/c/en/script","/c/en/legal","/c/en/rehab"],"weight":0.21161000000000021,"degrees":[262,510,6627,35]},"num_concepts_raised":18833},{"base_id":198,"kind":"bot_words","i1":4,"i2":6,"sol":{"path":["/c/en/transliteration","/c/en/transcription","/c/en/symbol","/c/en/die","/c/en/d20"],"weight":0.21417000000000025,"degrees":[262,261,916,2528,36]},"num_concepts_raised":15106},{"base_id":198,"kind":"bot_words","i1":4,"i2":7,"sol":{"path":["/c/en/transliteration","/c/en/alphabet","/c/en/e"],"weight":0.20800000000000002,"degrees":[262,713,270]},"num_concepts_raised":404},{"base_id":198,"kind":"bot_words","i1":4,"i2":8,"sol":{"path":["/c/en/transliteration","/c/en/character","/c/fr/caractère","/c/it/bellicosità","/c/en/combativeness"],"weight":0.2125600000000002,"degrees":[262,1971,1428,13,31]},"num_concepts_raised":12596},{"base_id":198,"kind":"bot_words","i1":4,"i2":9,"sol":{"path":["/c/en/transliteration","/c/en/word","/c/en/diminutive","/c/en/gigantic"],"weight":0.21404000000000006,"degrees":[262,2436,881,213]},"num_concepts_raised":20345},{"base_id":198,"kind":"bot_words","i1":5,"i2":6,"sol":{"path":["/c/en/rehab","/c/en/legal","/c/en/dead","/c/en/die","/c/en/d20"],"weight":0.20310999999999996,"degrees":[35,6627,1376,2528,36]},"num_concepts_raised":9356},{"base_id":198,"kind":"bot_words","i1":5,"i2":7,"sol":{"path":["/c/en/rehab","/c/en/legal","/c/en/e"],"weight":0.20600000000000002,"degrees":[35,6627,270]},"num_concepts_raised":254},{"base_id":198,"kind":"bot_words","i1":5,"i2":8,"sol":{"path":["/c/en/rehab","/c/en/rehabilitate","/c/en/return","/c/en/drive","/c/en/aggressiveness","/c/en/combativeness"],"weight":0.20985139999999985,"degrees":[35,130,1609,2162,108,31]},"num_concepts_raised":350169},{"base_id":198,"kind":"bot_words","i1":5,"i2":9,"sol":{"path":["/c/en/rehab","/c/en/legal","/c/en/protest","/c/en/huge","/c/en/gigantic"],"weight":0.20759999999999978,"degrees":[35,6627,960,434,213]},"num_concepts_raised":14648},{"base_id":198,"kind":"bot_words","i1":6,"i2":7,"sol":{"path":["/c/en/d20","/c/en/die","/c/fr/électronique","/c/en/e"],"weight":0.2149199999999993,"degrees":[36,2528,839,270]},"num_concepts_raised":55325},{"base_id":198,"kind":"bot_words","i1":6,"i2":8,"sol":{"path":["/c/en/d20","/c/en/die","/c/en/go","/c/en/fight","/c/en/combative","/c/en/combativeness"],"weight":0.20789069999999965,"degrees":[36,2528,2637,1902,75,31]},"num_concepts_raised":201041},{"base_id":198,"kind":"bot_words","i1":6,"i2":9,"sol":{"path":["/c/en/d20","/c/en/die","/c/en/war","/c/en/huge","/c/en/gigantic"],"weight":0.20768999999999976,"degrees":[36,2528,1823,434,213]},"num_concepts_raised":10850},{"base_id":198,"kind":"bot_words","i1":7,"i2":8,"sol":{"path":["/c/en/e","/c/en/letter","/c/fr/caractère","/c/it/bellicosità","/c/en/combativeness"],"weight":0.21576999999999927,"degrees":[270,2043,1428,13,31]},"num_concepts_raised":52989},{"base_id":198,"kind":"bot_words","i1":7,"i2":9,"sol":{"path":["/c/en/e","/c/en/china","/c/en/huge","/c/en/gigantic"],"weight":0.21950999999999915,"degrees":[270,1318,434,213]},"num_concepts_raised":60238},{"base_id":198,"kind":"bot_words","i1":8,"i2":9,"sol":{"path":["/c/en/combativeness","/c/en/combative","/c/en/fight","/c/da/kæmpe","/c/en/gigantic"],"weight":0.20618999999999976,"degrees":[31,75,1902,34,213]},"num_concepts_raised":8330}],[{"base_id":198,"kind":"top_words","i1":0,"i2":1,"sol":{"path":["/c/en/spokesman","/c/en/man","/c/en/boy","/c/ja/ショタ","/c/en/shota"],"weight":0.20444999999999977,"degrees":[141,3068,1314,12,49]},"num_concepts_raised":5152},{"base_id":198,"kind":"top_words","i1":0,"i2":2,"sol":{"path":["/c/en/spokesman","/c/en/spokeswoman"],"weight":0.20400000000000001,"degrees":[141,56]},"num_concepts_raised":121},{"base_id":198,"kind":"top_words","i1":0,"i2":3,"sol":{"path":["/c/en/spokesman","/c/en/spokesperson"],"weight":0.20600000000000002,"degrees":[141,158]},"num_concepts_raised":181},{"base_id":198,"kind":"top_words","i1":0,"i2":4,"sol":{"path":["/c/en/spokesman","/c/en/man","/c/en/fish","/c/en/peled"],"weight":0.20954999999999985,"degrees":[141,3068,4424,40]},"num_concepts_raised":8907},{"base_id":198,"kind":"top_words","i1":0,"i2":5,"sol":{"path":["/c/en/spokesman","/c/en/man","/c/en/minister","/c/en/ministry"],"weight":0.21572999999999945,"degrees":[141,3068,665,340]},"num_concepts_raised":28622},{"base_id":198,"kind":"top_words","i1":0,"i2":6,"sol":{"path":["/c/en/spokesman","/c/en/spokesperson","/c/en/front","/c/en/military","/c/en/briefing"],"weight":0.2077699999999998,"degrees":[141,158,1105,5690,80]},"num_concepts_raised":14203},{"base_id":198,"kind":"top_words","i1":0,"i2":7,"sol":{"path":["/c/en/spokesman","/c/en/speak","/c/en/state","/c/en/qin"],"weight":0.21116999999999975,"degrees":[141,1441,3243,89]},"num_concepts_raised":14299},{"base_id":198,"kind":"top_words","i1":0,"i2":8,"sol":{"path":["/c/en/spokesman","/c/en/spokesperson","/c/en/commentator","/c/en/comment"],"weight":0.21488999999999908,"degrees":[141,158,139,565]},"num_concepts_raised":26319},{"base_id":198,"kind":"top_words","i1":0,"i2":9,"sol":{"path":["/c/en/spokesman","/c/en/man","/c/en/historical","/c/en/ataman"],"weight":0.2046099999999999,"degrees":[141,3068,8415,44]},"num_concepts_raised":13839},{"base_id":198,"kind":"top_words","i1":1,"i2":2,"sol":{"path":["/c/en/shota","/c/ja/ショタ","/c/en/boy","/c/en/person","/c/en/spokesperson","/c/en/spokeswoman"],"weight":0.21087359999999986,"degrees":[49,12,1314,12935,158,56]},"num_concepts_raised":122371},{"base_id":198,"kind":"top_words","i1":1,"i2":3,"sol":{"path":["/c/en/shota","/c/ja/ショタ","/c/en/boy","/c/en/person","/c/en/spokesperson"],"weight":0.20573999999999976,"degrees":[49,12,1314,12935,158]},"num_concepts_raised":20747},{"base_id":198,"kind":"top_words","i1":1,"i2":4,"sol":{"path":["/c/en/shota","/c/ja/ショタ","/c/en/boy","/c/en/animal","/c/en/fish","/c/en/peled"],"weight":0.21098979999999928,"degrees":[49,12,1314,3735,4424,40]},"num_concepts_raised":239615},{"base_id":198,"kind":"top_words","i1":1,"i2":5,"sol":{"path":["/c/en/shota","/c/ja/ショタ","/c/en/boy","/c/en/service","/c/en/minister","/c/en/ministry"],"weight":0.22566769999999925,"degrees":[49,12,1314,1385,665,340]},"num_concepts_raised":1074180},{"base_id":198,"kind":"top_words","i1":1,"i2":6,"sol":{"path":["/c/en/shota","/c/ja/ショタ","/c/en/boy","/c/en/military","/c/en/briefing"],"weight":0.20352999999999977,"degrees":[49,12,1314,5690,80]},"num_concepts_raised":9278},{"base_id":198,"kind":"top_words","i1":1,"i2":7,"sol":{"path":["/c/en/shota","/c/ja/ショタ","/c/en/young","/c/en/ancient","/c/en/qin"],"weight":0.20865999999999968,"degrees":[49,12,1813,1083,89]},"num_concepts_raised":9404},{"base_id":198,"kind":"top_words","i1":1,"i2":8,"sol":{"path":["/c/en/shota","/c/ja/ショタ","/c/en/cute","/c/en/behavior","/c/en/comment"],"weight":0.20957999999999902,"degrees":[49,12,402,728,565]},"num_concepts_raised":21604},{"base_id":198,"kind":"top_words","i1":1,"i2":9,"sol":{"path":["/c/en/shota","/c/ja/ショタ","/c/en/boy","/c/en/historical","/c/en/ataman"],"weight":0.20322999999999986,"degrees":[49,12,1314,8415,44]},"num_concepts_raised":8893},{"base_id":198,"kind":"top_words","i1":2,"i2":3,"sol":{"path":["/c/en/spokeswoman","/c/en/spokesperson"],"weight":0.20600000000000002,"degrees":[56,158]},"num_concepts_raised":138},{"base_id":198,"kind":"top_words","i1":2,"i2":4,"sol":{"path":["/c/en/spokeswoman","/c/en/spokesperson","/c/en/person","/c/en/fish","/c/en/peled"],"weight":0.2108299999999999,"degrees":[56,158,12935,4424,40]},"num_concepts_raised":5409},{"base_id":198,"kind":"top_words","i1":2,"i2":5,"sol":{"path":["/c/en/spokeswoman","/c/en/spokesperson","/c/en/person","/c/en/minister","/c/en/ministry"],"weight":0.21702999999999953,"degrees":[56,158,12935,665,340]},"num_concepts_raised":25267},{"base_id":198,"kind":"top_words","i1":2,"i2":6,"sol":{"path":["/c/en/spokeswoman","/c/en/spokesperson","/c/en/front","/c/en/military","/c/en/briefing"],"weight":0.2061599999999999,"degrees":[56,158,1105,5690,80]},"num_concepts_raised":10767},{"base_id":198,"kind":"top_words","i1":2,"i2":7,"sol":{"path":["/c/en/spokeswoman","/c/en/speak","/c/en/state","/c/en/qin"],"weight":0.2090399999999998,"degrees":[56,1441,3243,89]},"num_concepts_raised":10863},{"base_id":198,"kind":"top_words","i1":2,"i2":8,"sol":{"path":["/c/en/spokeswoman","/c/en/spokesperson","/c/en/commentator","/c/en/comment"],"weight":0.21327999999999914,"degrees":[56,158,139,565]},"num_concepts_raised":22917},{"base_id":198,"kind":"top_words","i1":2,"i2":9,"sol":{"path":["/c/en/spokeswoman","/c/en/spokesperson","/c/en/front","/c/en/historical","/c/en/ataman"],"weight":0.20586,"degrees":[56,158,1105,8415,44]},"num_concepts_raised":10394},{"base_id":198,"kind":"top_words","i1":3,"i2":4,"sol":{"path":["/c/en/spokesperson","/c/en/person","/c/en/fish","/c/en/peled"],"weight":0.2108699999999998,"degrees":[158,12935,4424,40]},"num_concepts_raised":24448},{"base_id":198,"kind":"top_words","i1":3,"i2":5,"sol":{"path":["/c/en/spokesperson","/c/en/person","/c/en/minister","/c/en/ministry"],"weight":0.21708999999999942,"degrees":[158,12935,665,340]},"num_concepts_raised":43717},{"base_id":198,"kind":"top_words","i1":3,"i2":6,"sol":{"path":["/c/en/spokesperson","/c/en/front","/c/en/military","/c/en/briefing"],"weight":0.2051099999999998,"degrees":[158,1105,5690,80]},"num_concepts_raised":29590},{"base_id":198,"kind":"top_words","i1":3,"i2":7,"sol":{"path":["/c/en/spokesperson","/c/en/person","/c/en/china","/c/en/qin"],"weight":0.2135499999999997,"degrees":[158,12935,1318,89]},"num_concepts_raised":29653},{"base_id":198,"kind":"top_words","i1":3,"i2":8,"sol":{"path":["/c/en/spokesperson","/c/en/commentator","/c/en/comment"],"weight":0.203,"degrees":[158,139,565]},"num_concepts_raised":562},{"base_id":198,"kind":"top_words","i1":3,"i2":9,"sol":{"path":["/c/en/spokesperson","/c/en/person","/c/en/robber","/c/en/ataman"],"weight":0.20588999999999988,"degrees":[158,12935,424,44]},"num_concepts_raised":29259},{"base_id":198,"kind":"top_words","i1":4,"i2":5,"sol":{"path":["/c/en/peled","/c/en/fish","/c/en/priest","/c/en/minister","/c/en/ministry"],"weight":0.21959999999999943,"degrees":[40,4424,1101,665,340]},"num_concepts_raised":27534},{"base_id":198,"kind":"top_words","i1":4,"i2":6,"sol":{"path":["/c/en/peled","/c/en/fish","/c/en/spot","/c/en/brief","/c/en/briefing"],"weight":0.20973999999999982,"degrees":[40,4424,965,491,80]},"num_concepts_raised":13033},{"base_id":198,"kind":"top_words","i1":4,"i2":7,"sol":{"path":["/c/en/peled","/c/en/fish","/c/en/river","/c/en/china","/c/en/qin"],"weight":0.21600999999999973,"degrees":[40,4424,2945,1318,89]},"num_concepts_raised":13146},{"base_id":198,"kind":"top_words","i1":4,"i2":8,"sol":{"path":["/c/en/peled","/c/en/fish","/c/en/mark","/c/en/remark","/c/en/comment"],"weight":0.21829999999999905,"degrees":[40,4424,1876,478,565]},"num_concepts_raised":25322},{"base_id":198,"kind":"top_words","i1":4,"i2":9,"sol":{"path":["/c/en/peled","/c/en/fish","/c/en/general","/c/en/hetman","/c/en/ataman"],"weight":0.2093699999999999,"degrees":[40,4424,1132,78,44]},"num_concepts_raised":12650},{"base_id":198,"kind":"top_words","i1":5,"i2":6,"sol":{"path":["/c/en/ministry","/c/en/church","/c/en/brief","/c/en/briefing"],"weight":0.21374999999999944,"degrees":[340,1592,491,80]},"num_concepts_raised":32574},{"base_id":198,"kind":"top_words","i1":5,"i2":7,"sol":{"path":["/c/en/ministry","/c/en/cabinet","/c/en/china","/c/en/qin"],"weight":0.22007999999999936,"degrees":[340,783,1318,89]},"num_concepts_raised":32612},{"base_id":198,"kind":"top_words","i1":5,"i2":8,"sol":{"path":["/c/en/ministry","/c/en/work","/c/en/note","/c/en/comment"],"weight":0.22181999999999868,"degrees":[340,4013,1578,565]},"num_concepts_raised":44675},{"base_id":198,"kind":"top_words","i1":5,"i2":9,"sol":{"path":["/c/en/ministry","/c/en/department","/c/en/historical","/c/en/ataman"],"weight":0.21289999999999953,"degrees":[340,750,8415,44]},"num_concepts_raised":32223},{"base_id":198,"kind":"top_words","i1":6,"i2":7,"sol":{"path":["/c/en/briefing","/c/en/military","/c/en/country","/c/en/qin"],"weight":0.2092399999999997,"degrees":[80,5690,2796,89]},"num_concepts_raised":18383},{"base_id":198,"kind":"top_words","i1":6,"i2":8,"sol":{"path":["/c/en/briefing","/c/en/brief","/c/en/note","/c/en/comment"],"weight":0.21427999999999903,"degrees":[80,491,1578,565]},"num_concepts_raised":30172},{"base_id":198,"kind":"top_words","i1":6,"i2":9,"sol":{"path":["/c/en/briefing","/c/en/brief","/c/en/historical","/c/en/ataman"],"weight":0.20480999999999988,"degrees":[80,491,8415,44]},"num_concepts_raised":17730},{"base_id":198,"kind":"top_words","i1":7,"i2":8,"sol":{"path":["/c/en/qin","/c/en/state","/c/en/note","/c/en/comment"],"weight":0.21842999999999896,"degrees":[89,3243,1578,565]},"num_concepts_raised":30503},{"base_id":198,"kind":"top_words","i1":7,"i2":9,"sol":{"path":["/c/en/qin","/c/en/jin","/c/en/historical","/c/en/ataman"],"weight":0.2089599999999998,"degrees":[89,265,8415,44]},"num_concepts_raised":17641},{"base_id":198,"kind":"top_words","i1":8,"i2":9,"sol":{"path":["/c/en/comment","/c/en/pundit","/c/en/historical","/c/en/ataman"],"weight":0.20977999999999913,"degrees":[565,87,8415,44]},"num_concepts_raised":30180}]]