[[{"base_id":662,"kind":"bot_words","i1":0,"i2":1,"sol":{"path":["/c/en/flavivirus","/c/en/west_nile_virus","/c/en/dangerous","/c/gl/inseguro","/c/en/unsure"],"weight":0.2057599999999996,"degrees":[36,45,715,12,120]},"num_concepts_raised":5141},{"base_id":662,"kind":"bot_words","i1":0,"i2":2,"sol":{"path":["/c/en/flavivirus","/c/en/mosquito","/c/en/water","/c/en/finance","/c/en/stockholder"],"weight":0.20353999999999983,"degrees":[36,645,4606,2051,75]},"num_concepts_raised":4938},{"base_id":662,"kind":"bot_words","i1":0,"i2":3,"sol":{"path":["/c/en/flavivirus","/c/en/tick","/c/en/computing","/c/en/close","/c/en/closeness"],"weight":0.20507999999999957,"degrees":[36,536,9084,2153,134]},"num_concepts_raised":19150},{"base_id":662,"kind":"bot_words","i1":0,"i2":4,"sol":{"path":["/c/en/flavivirus","/c/en/mosquito","/c/en/water","/c/en/waterbed"],"weight":0.20387999999999995,"degrees":[36,645,4606,25]},"num_concepts_raised":7787},{"base_id":662,"kind":"bot_words","i1":0,"i2":5,"sol":{"path":["/c/en/flavivirus","/c/en/west_nile_virus","/c/en/disease","/c/fr/médecine","/c/en/electrocardiograph"],"weight":0.2040499999999999,"degrees":[36,45,4216,9990,42]},"num_concepts_raised":21129},{"base_id":662,"kind":"bot_words","i1":0,"i2":6,"sol":{"path":["/c/en/flavivirus","/c/en/mosquito","/c/en/military","/c/en/illuminate","/c/en/limn"],"weight":0.20385999999999982,"degrees":[36,645,5690,298,37]},"num_concepts_raised":6618},{"base_id":662,"kind":"bot_words","i1":0,"i2":7,"sol":{"path":["/c/en/flavivirus","/c/en/arbovirus","/c/en/virus","/c/en/microorganism","/c/en/serotype"],"weight":0.20281999999999983,"degrees":[36,70,774,379,31]},"num_concepts_raised":2532},{"base_id":662,"kind":"bot_words","i1":0,"i2":8,"sol":{"path":["/c/en/flavivirus","/c/en/yellow_fever","/c/fr/personne","/c/fr/sous_traiter","/c/en/outsource"],"weight":0.20440999999999998,"degrees":[36,130,3714,105,67]},"num_concepts_raised":15207},{"base_id":662,"kind":"bot_words","i1":0,"i2":9,"sol":{"path":["/c/en/flavivirus","/c/en/tick","/c/fr/zoologie","/c/en/jaguar","/c/en/jaguarundi"],"weight":0.21084999999999976,"degrees":[36,536,9122,242,104]},"num_concepts_raised":5224},{"base_id":662,"kind":"bot_words","i1":1,"i2":2,"sol":{"path":["/c/en/unsure","/c/da/sky","/c/en/stock","/c/en/stockholder"],"weight":0.20433999999999963,"degrees":[120,50,1024,75]},"num_concepts_raised":7586},{"base_id":662,"kind":"bot_words","i1":1,"i2":3,"sol":{"path":["/c/en/unsure","/c/en/uncertain","/c/ja/危ない","/c/en/close","/c/en/closeness"],"weight":0.20760999999999938,"degrees":[120,407,74,2153,134]},"num_concepts_raised":21733},{"base_id":662,"kind":"bot_words","i1":1,"i2":4,"sol":{"path":["/c/en/unsure","/c/en/uncertain","/c/en/somewhere","/c/en/bed","/c/en/waterbed"],"weight":0.20633999999999975,"degrees":[120,407,272,2185,25]},"num_concepts_raised":10439},{"base_id":662,"kind":"bot_words","i1":1,"i2":5,"sol":{"path":["/c/en/unsure","/c/en/shrug","/c/en/body","/c/en/electrocardiograph"],"weight":0.2038499999999997,"degrees":[120,133,3170,42]},"num_concepts_raised":23746},{"base_id":662,"kind":"bot_words","i1":1,"i2":6,"sol":{"path":["/c/en/unsure","/c/en/uncertain","/c/en/change","/c/en/draw","/c/en/limn"],"weight":0.2053099999999996,"degrees":[120,407,3383,1953,37]},"num_concepts_raised":9245},{"base_id":662,"kind":"bot_words","i1":1,"i2":7,"sol":{"path":["/c/en/unsure","/c/en/uncertain","/c/en/variable","/c/en/assign","/c/en/serotype"],"weight":0.2051999999999996,"degrees":[120,407,673,522,31]},"num_concepts_raised":5198},{"base_id":662,"kind":"bot_words","i1":1,"i2":8,"sol":{"path":["/c/en/unsure","/c/en/guess","/c/en/us","/c/en/outsource"],"weight":0.20423999999999976,"degrees":[120,761,8154,67]},"num_concepts_raised":17838},{"base_id":662,"kind":"bot_words","i1":1,"i2":9,"sol":{"path":["/c/en/unsure","/c/en/shy","/c/en/mouse","/c/en/cat","/c/en/jaguarundi"],"weight":0.21000999999999953,"degrees":[120,473,1280,1616,104]},"num_concepts_raised":7894},{"base_id":662,"kind":"bot_words","i1":2,"i2":3,"sol":{"path":["/c/en/stockholder","/c/en/shareholder","/c/en/company","/c/en/solitude","/c/en/closeness"],"weight":0.20731999999999962,"degrees":[75,227,2258,247,134]},"num_concepts_raised":21529},{"base_id":662,"kind":"bot_words","i1":2,"i2":4,"sol":{"path":["/c/en/stockholder","/c/en/finance","/c/en/water","/c/en/waterbed"],"weight":0.20461999999999997,"degrees":[75,2051,4606,25]},"num_concepts_raised":10174},{"base_id":662,"kind":"bot_words","i1":2,"i2":5,"sol":{"path":["/c/en/stockholder","/c/en/shareholder","/c/en/company","/c/en/body","/c/en/electrocardiograph"],"weight":0.20635999999999993,"degrees":[75,227,2258,3170,42]},"num_concepts_raised":23499},{"base_id":662,"kind":"bot_words","i1":2,"i2":6,"sol":{"path":["/c/en/stockholder","/c/en/stock","/c/en/art","/c/en/illuminate","/c/en/limn"],"weight":0.20450999999999986,"degrees":[75,1024,1987,298,37]},"num_concepts_raised":9057},{"base_id":662,"kind":"bot_words","i1":2,"i2":7,"sol":{"path":["/c/en/stockholder","/c/en/finance","/c/en/multiple","/c/en/multiserotype","/c/en/serotype"],"weight":0.20345999999999986,"degrees":[75,2051,616,4,31]},"num_concepts_raised":4990},{"base_id":662,"kind":"bot_words","i1":2,"i2":8,"sol":{"path":["/c/en/stockholder","/c/en/finance","/c/en/management","/c/en/outsource"],"weight":0.20408,"degrees":[75,2051,756,67]},"num_concepts_raised":17354},{"base_id":662,"kind":"bot_words","i1":2,"i2":9,"sol":{"path":["/c/en/stockholder","/c/en/stock","/c/en/animal","/c/de/jaguarundi","/c/en/jaguarundi"],"weight":0.2115099999999998,"degrees":[75,1024,3735,14,104]},"num_concepts_raised":7663},{"base_id":662,"kind":"bot_words","i1":3,"i2":4,"sol":{"path":["/c/en/closeness","/c/en/intimacy","/c/en/item","/c/en/bed","/c/en/waterbed"],"weight":0.20737999999999973,"degrees":[134,176,671,2185,25]},"num_concepts_raised":24353},{"base_id":662,"kind":"bot_words","i1":3,"i2":5,"sol":{"path":["/c/en/closeness","/c/en/graph","/c/en/electrocardiogram","/c/en/electrocardiograph"],"weight":0.2050599999999997,"degrees":[134,624,95,42]},"num_concepts_raised":37326},{"base_id":662,"kind":"bot_words","i1":3,"i2":6,"sol":{"path":["/c/en/closeness","/c/en/close","/c/en/draw","/c/en/limn"],"weight":0.20515999999999962,"degrees":[134,2153,1953,37]},"num_concepts_raised":23097},{"base_id":662,"kind":"bot_words","i1":3,"i2":7,"sol":{"path":["/c/en/closeness","/c/en/intimacy","/c/en/detail","/c/en/assign","/c/en/serotype"],"weight":0.20622999999999958,"degrees":[134,176,610,522,31]},"num_concepts_raised":19176},{"base_id":662,"kind":"bot_words","i1":3,"i2":8,"sol":{"path":["/c/en/closeness","/c/en/near","/c/en/us","/c/en/outsource"],"weight":0.20461999999999975,"degrees":[134,973,8154,67]},"num_concepts_raised":31553},{"base_id":662,"kind":"bot_words","i1":3,"i2":9,"sol":{"path":["/c/en/closeness","/c/en/close","/c/en/british","/c/en/jaguar","/c/en/jaguarundi"],"weight":0.21318999999999952,"degrees":[134,2153,3452,242,104]},"num_concepts_raised":21848},{"base_id":662,"kind":"bot_words","i1":4,"i2":5,"sol":{"path":["/c/en/waterbed","/c/en/bed","/c/en/surface","/c/en/electrocardiograph"],"weight":0.20411000000000004,"degrees":[25,2185,1764,42]},"num_concepts_raised":26126},{"base_id":662,"kind":"bot_words","i1":4,"i2":6,"sol":{"path":["/c/en/waterbed","/c/en/water","/c/en/paint","/c/en/limn"],"weight":0.20391999999999993,"degrees":[25,4606,1772,37]},"num_concepts_raised":11823},{"base_id":662,"kind":"bot_words","i1":4,"i2":7,"sol":{"path":["/c/en/waterbed","/c/en/bed","/c/en/plant","/c/en/microorganism","/c/en/serotype"],"weight":0.20390999999999995,"degrees":[25,2185,7959,379,31]},"num_concepts_raised":7849},{"base_id":662,"kind":"bot_words","i1":4,"i2":8,"sol":{"path":["/c/en/waterbed","/c/en/bed","/c/en/house","/c/en/business","/c/en/outsource"],"weight":0.2045300000000001,"degrees":[25,2185,3114,2538,67]},"num_concepts_raised":20311},{"base_id":662,"kind":"bot_words","i1":4,"i2":9,"sol":{"path":["/c/en/waterbed","/c/en/bed","/c/en/cat","/c/en/jaguarundi"],"weight":0.2100099999999999,"degrees":[25,2185,1616,104]},"num_concepts_raised":10470},{"base_id":662,"kind":"bot_words","i1":5,"i2":6,"sol":{"path":["/c/en/electrocardiograph","/c/en/measure","/c/en/paint","/c/en/limn"],"weight":0.20303999999999991,"degrees":[42,1837,1772,37]},"num_concepts_raised":25113},{"base_id":662,"kind":"bot_words","i1":5,"i2":7,"sol":{"path":["/c/en/electrocardiograph","/c/fr/médecine","/c/en/antigen","/c/en/serotype"],"weight":0.2029699999999999,"degrees":[42,9990,225,31]},"num_concepts_raised":21153},{"base_id":662,"kind":"bot_words","i1":5,"i2":8,"sol":{"path":["/c/en/electrocardiograph","/c/fr/médecine","/c/fr/travail","/c/en/outsource"],"weight":0.20352000000000006,"degrees":[42,9990,1587,67]},"num_concepts_raised":33518},{"base_id":662,"kind":"bot_words","i1":5,"i2":9,"sol":{"path":["/c/en/electrocardiograph","/c/en/heart","/c/en/animal","/c/de/jaguarundi","/c/en/jaguarundi"],"weight":0.21113999999999983,"degrees":[42,1857,3735,14,104]},"num_concepts_raised":23823},{"base_id":662,"kind":"bot_words","i1":6,"i2":7,"sol":{"path":["/c/en/limn","/c/en/illuminate","/c/en/design","/c/en/assign","/c/en/serotype"],"weight":0.20380999999999982,"degrees":[37,298,1361,522,31]},"num_concepts_raised":6658},{"base_id":662,"kind":"bot_words","i1":6,"i2":8,"sol":{"path":["/c/en/limn","/c/en/draw","/c/en/project","/c/fi/ulkoistaa","/c/en/outsource"],"weight":0.20538999999999996,"degrees":[37,1953,889,10,67]},"num_concepts_raised":19235},{"base_id":662,"kind":"bot_words","i1":6,"i2":9,"sol":{"path":["/c/en/limn","/c/en/illuminate","/c/en/art","/c/en/cat","/c/en/jaguarundi"],"weight":0.21003999999999978,"degrees":[37,298,1987,1616,104]},"num_concepts_raised":9350},{"base_id":662,"kind":"bot_words","i1":7,"i2":8,"sol":{"path":["/c/en/serotype","/c/en/assign","/c/fr/confier","/c/fr/externaliser","/c/en/outsource"],"weight":0.20539,"degrees":[31,522,264,102,67]},"num_concepts_raised":15255},{"base_id":662,"kind":"bot_words","i1":7,"i2":9,"sol":{"path":["/c/en/serotype","/c/en/microorganism","/c/en/animal","/c/de/jaguarundi","/c/en/jaguarundi"],"weight":0.21087999999999976,"degrees":[31,379,3735,14,104]},"num_concepts_raised":5290},{"base_id":662,"kind":"bot_words","i1":8,"i2":9,"sol":{"path":["/c/en/outsource","/c/en/business","/c/en/wildcat","/c/en/jaguarundi"],"weight":0.20947999999999992,"degrees":[67,2538,317,104]},"num_concepts_raised":17900}],[{"base_id":662,"kind":"top_words","i1":0,"i2":1,"sol":{"path":["/c/en/bipartisan","/c/en/political_party","/c/en/organization","/c/en/deputation","/c/en/delegation"],"weight":0.20464999999999975,"degrees":[31,571,1375,97,87]},"num_concepts_raised":19755},{"base_id":662,"kind":"top_words","i1":0,"i2":2,"sol":{"path":["/c/en/bipartisan","/c/fi/kaksipuolueinen","/c/en/two","/c/en/board","/c/en/panel"],"weight":0.20759999999999937,"degrees":[31,5,1673,1625,311]},"num_concepts_raised":38838},{"base_id":662,"kind":"top_words","i1":0,"i2":3,"sol":{"path":["/c/en/bipartisan","/c/en/two_way","/c/en/action","/c/en/prove","/c/en/approve"],"weight":0.20927999999999913,"degrees":[31,62,2156,638,417]},"num_concepts_raised":24391},{"base_id":662,"kind":"top_words","i1":0,"i2":4,"sol":{"path":["/c/en/bipartisan","/c/fi/kaksipuolueinen","/c/en/party","/c/en/house","/c/en/solarium"],"weight":0.20425999999999994,"degrees":[31,5,2057,3114,56]},"num_concepts_raised":17508},{"base_id":662,"kind":"top_words","i1":0,"i2":5,"sol":{"path":["/c/en/bipartisan","/c/en/political_party","/c/en/split","/c/en/supercontinent","/c/en/rodinia"],"weight":0.20861999999999997,"degrees":[31,571,892,56,72]},"num_concepts_raised":4535},{"base_id":662,"kind":"top_words","i1":0,"i2":6,"sol":{"path":["/c/en/bipartisan","/c/fi/kaksipuolueinen","/c/en/two","/c/en/man","/c/en/masseuse"],"weight":0.20458000000000004,"degrees":[31,5,1673,3068,75]},"num_concepts_raised":8672},{"base_id":662,"kind":"top_words","i1":0,"i2":7,"sol":{"path":["/c/en/bipartisan","/c/fi/kaksipuolueinen","/c/en/party","/c/en/very","/c/en/overwhelmingly"],"weight":0.20382999999999996,"degrees":[31,5,2057,1529,29]},"num_concepts_raised":3240},{"base_id":662,"kind":"top_words","i1":0,"i2":8,"sol":{"path":["/c/en/bipartisan","/c/fi/kaksipuolueinen","/c/en/party","/c/en/alcohol","/c/en/alkoxide"],"weight":0.20393999999999995,"degrees":[31,5,2057,1287,34]},"num_concepts_raised":13961},{"base_id":662,"kind":"top_words","i1":0,"i2":9,"sol":{"path":["/c/en/bipartisan","/c/fi/kaksipuolueinen","/c/en/two","/c/en/board","/c/en/floorboard"],"weight":0.2051099999999999,"degrees":[31,5,1673,1625,50]},"num_concepts_raised":6342},{"base_id":662,"kind":"top_words","i1":1,"i2":2,"sol":{"path":["/c/en/delegation","/c/en/legal","/c/en/panel"],"weight":0.202,"degrees":[87,6627,311]},"num_concepts_raised":338},{"base_id":662,"kind":"top_words","i1":1,"i2":3,"sol":{"path":["/c/en/delegation","/c/en/legal","/c/en/accept","/c/en/approve"],"weight":0.2079799999999989,"degrees":[87,6627,1123,417]},"num_concepts_raised":42115},{"base_id":662,"kind":"top_words","i1":1,"i2":4,"sol":{"path":["/c/en/delegation","/c/en/computing","/c/en/apartment","/c/en/solarium"],"weight":0.20374999999999968,"degrees":[87,9084,699,56]},"num_concepts_raised":35581},{"base_id":662,"kind":"top_words","i1":1,"i2":5,"sol":{"path":["/c/en/delegation","/c/en/legal","/c/en/pan","/c/en/pangaea","/c/en/rodinia"],"weight":0.21115999999999974,"degrees":[87,6627,880,161,72]},"num_concepts_raised":23142},{"base_id":662,"kind":"top_words","i1":1,"i2":6,"sol":{"path":["/c/en/delegation","/c/en/legal","/c/en/instrument","/c/en/masseur","/c/en/masseuse"],"weight":0.2056399999999998,"degrees":[87,6627,1542,103,75]},"num_concepts_raised":27197},{"base_id":662,"kind":"top_words","i1":1,"i2":7,"sol":{"path":["/c/en/delegation","/c/en/deputation","/c/en/organization","/c/en/clean_house","/c/en/overwhelmingly"],"weight":0.2045299999999997,"degrees":[87,97,1375,154,29]},"num_concepts_raised":21817},{"base_id":662,"kind":"top_words","i1":1,"i2":8,"sol":{"path":["/c/en/delegation","/c/en/change","/c/en/metal","/c/en/alkoxide"],"weight":0.2034199999999997,"degrees":[87,3383,2107,34]},"num_concepts_raised":32439},{"base_id":662,"kind":"top_words","i1":1,"i2":9,"sol":{"path":["/c/en/delegation","/c/en/computing","/c/en/car","/c/en/floorboard"],"weight":0.20358999999999966,"degrees":[87,9084,2328,50]},"num_concepts_raised":24762},{"base_id":662,"kind":"top_words","i1":2,"i2":3,"sol":{"path":["/c/en/panel","/c/en/law","/c/en/sanction","/c/en/approve"],"weight":0.2129899999999985,"degrees":[311,3727,305,417]},"num_concepts_raised":60329},{"base_id":662,"kind":"top_words","i1":2,"i2":4,"sol":{"path":["/c/en/panel","/c/en/window","/c/en/solarium"],"weight":0.202,"degrees":[311,1508,56]},"num_concepts_raised":307},{"base_id":662,"kind":"top_words","i1":2,"i2":5,"sol":{"path":["/c/en/panel","/c/en/sheet","/c/en/geology","/c/en/rodinia"],"weight":0.21193999999999935,"degrees":[311,843,3862,72]},"num_concepts_raised":42124},{"base_id":662,"kind":"top_words","i1":2,"i2":6,"sol":{"path":["/c/en/panel","/c/en/board","/c/en/man","/c/en/masseuse"],"weight":0.20722999999999941,"degrees":[311,1625,3068,75]},"num_concepts_raised":46035},{"base_id":662,"kind":"top_words","i1":2,"i2":7,"sol":{"path":["/c/en/panel","/c/fr/panneau","/c/fr/moyen","/c/fr/extrême","/c/en/overwhelmingly"],"weight":0.20833999999999933,"degrees":[311,228,923,376,29]},"num_concepts_raised":40829},{"base_id":662,"kind":"top_words","i1":2,"i2":8,"sol":{"path":["/c/en/panel","/c/en/bar","/c/en/metal","/c/en/alkoxide"],"weight":0.2063499999999993,"degrees":[311,1972,2107,34]},"num_concepts_raised":51270},{"base_id":662,"kind":"top_words","i1":2,"i2":9,"sol":{"path":["/c/en/panel","/c/en/board","/c/en/floorboard"],"weight":0.203,"degrees":[311,1625,50]},"num_concepts_raised":302},{"base_id":662,"kind":"top_words","i1":3,"i2":4,"sol":{"path":["/c/en/approve","/c/en/like","/c/en/house","/c/en/solarium"],"weight":0.20848999999999906,"degrees":[417,2357,3114,56]},"num_concepts_raised":40239},{"base_id":662,"kind":"top_words","i1":3,"i2":5,"sol":{"path":["/c/en/approve","/c/en/like","/c/en/continent","/c/en/pangaea","/c/en/rodinia"],"weight":0.2159299999999991,"degrees":[417,2357,774,161,72]},"num_concepts_raised":27776},{"base_id":662,"kind":"top_words","i1":3,"i2":6,"sol":{"path":["/c/en/approve","/c/en/back","/c/en/massage","/c/en/masseuse"],"weight":0.2077799999999992,"degrees":[417,2238,501,75]},"num_concepts_raised":31725},{"base_id":662,"kind":"top_words","i1":3,"i2":7,"sol":{"path":["/c/en/approve","/c/en/good","/c/en/very","/c/en/overwhelmingly"],"weight":0.20683999999999908,"degrees":[417,2615,1529,29]},"num_concepts_raised":26283},{"base_id":662,"kind":"top_words","i1":3,"i2":8,"sol":{"path":["/c/en/approve","/c/en/like","/c/en/metal","/c/en/alkoxide"],"weight":0.2081299999999991,"degrees":[417,2357,2107,34]},"num_concepts_raised":37040},{"base_id":662,"kind":"top_words","i1":3,"i2":9,"sol":{"path":["/c/en/approve","/c/en/like","/c/en/board","/c/en/floorboard"],"weight":0.20932999999999904,"degrees":[417,2357,1625,50]},"num_concepts_raised":29307},{"base_id":662,"kind":"top_words","i1":4,"i2":5,"sol":{"path":["/c/en/solarium","/c/en/sun","/c/en/earth","/c/en/pangaea","/c/en/rodinia"],"weight":0.21100999999999992,"degrees":[56,1994,2336,161,72]},"num_concepts_raised":20900},{"base_id":662,"kind":"top_words","i1":4,"i2":6,"sol":{"path":["/c/en/solarium","/c/en/house","/c/en/man","/c/en/masseuse"],"weight":0.20392,"degrees":[56,3114,3068,75]},"num_concepts_raised":24871},{"base_id":662,"kind":"top_words","i1":4,"i2":7,"sol":{"path":["/c/en/solarium","/c/en/house","/c/en/very","/c/en/overwhelmingly"],"weight":0.2031599999999999,"degrees":[56,3114,1529,29]},"num_concepts_raised":19573},{"base_id":662,"kind":"top_words","i1":4,"i2":8,"sol":{"path":["/c/en/solarium","/c/en/house","/c/en/metal","/c/en/alkoxide"],"weight":0.2032399999999999,"degrees":[56,3114,2107,34]},"num_concepts_raised":30191},{"base_id":662,"kind":"top_words","i1":4,"i2":9,"sol":{"path":["/c/en/solarium","/c/en/house","/c/en/floor","/c/en/floorboard"],"weight":0.20460999999999985,"degrees":[56,3114,1308,50]},"num_concepts_raised":22349},{"base_id":662,"kind":"top_words","i1":5,"i2":6,"sol":{"path":["/c/en/rodinia","/c/en/pangaea","/c/en/earth","/c/en/woman","/c/en/masseuse"],"weight":0.21134,"degrees":[72,161,2336,3510,75]},"num_concepts_raised":12078},{"base_id":662,"kind":"top_words","i1":5,"i2":7,"sol":{"path":["/c/en/rodinia","/c/en/pangaea","/c/en/continent","/c/en/very","/c/en/overwhelmingly"],"weight":0.2106099999999999,"degrees":[72,161,774,1529,29]},"num_concepts_raised":6655},{"base_id":662,"kind":"top_words","i1":5,"i2":8,"sol":{"path":["/c/en/rodinia","/c/en/pangaea","/c/en/pan","/c/en/metal","/c/en/alkoxide"],"weight":0.21065999999999993,"degrees":[72,161,880,2107,34]},"num_concepts_raised":17337},{"base_id":662,"kind":"top_words","i1":5,"i2":9,"sol":{"path":["/c/en/rodinia","/c/en/pangaea","/c/en/earth","/c/en/floor","/c/en/floorboard"],"weight":0.21199999999999988,"degrees":[72,161,2336,1308,50]},"num_concepts_raised":9732},{"base_id":662,"kind":"top_words","i1":6,"i2":7,"sol":{"path":["/c/en/masseuse","/c/en/massage","/c/en/person","/c/en/clean_house","/c/en/overwhelmingly"],"weight":0.20366,"degrees":[75,501,12935,154,29]},"num_concepts_raised":10767},{"base_id":662,"kind":"top_words","i1":6,"i2":8,"sol":{"path":["/c/en/masseuse","/c/en/massage","/c/en/person","/c/en/alcohol","/c/en/alkoxide"],"weight":0.20375,"degrees":[75,501,12935,1287,34]},"num_concepts_raised":21467},{"base_id":662,"kind":"top_words","i1":6,"i2":9,"sol":{"path":["/c/en/masseuse","/c/en/man","/c/en/board","/c/en/floorboard"],"weight":0.20474999999999996,"degrees":[75,3068,1625,50]},"num_concepts_raised":13821},{"base_id":662,"kind":"top_words","i1":7,"i2":8,"sol":{"path":["/c/en/overwhelmingly","/c/en/very","/c/en/metal","/c/en/alkoxide"],"weight":0.2028099999999999,"degrees":[29,1529,2107,34]},"num_concepts_raised":16043},{"base_id":662,"kind":"top_words","i1":7,"i2":9,"sol":{"path":["/c/en/overwhelmingly","/c/en/very","/c/en/level","/c/en/floor","/c/en/floorboard"],"weight":0.20417999999999986,"degrees":[29,1529,1606,1308,50]},"num_concepts_raised":8422},{"base_id":662,"kind":"top_words","i1":8,"i2":9,"sol":{"path":["/c/en/alkoxide","/c/en/metal","/c/en/car","/c/en/floorboard"],"weight":0.20306999999999986,"degrees":[34,2107,2328,50]},"num_concepts_raised":19073}]]