[[{"base_id":604,"kind":"bot_words","i1":0,"i2":1,"sol":{"path":["/c/en/sexton","/c/en/church","/c/en/minister","/c/en/administrative"],"weight":0.21290999999999904,"degrees":[124,1592,665,348]},"num_concepts_raised":19454},{"base_id":604,"kind":"bot_words","i1":0,"i2":2,"sol":{"path":["/c/en/sexton","/c/en/sacristan","/c/en/person","/c/en/face","/c/en/trapezohedron"],"weight":0.21891999999999986,"degrees":[124,47,12935,2479,59]},"num_concepts_raised":9088},{"base_id":604,"kind":"bot_words","i1":0,"i2":3,"sol":{"path":["/c/en/sexton","/c/en/church","/c/en/cross","/c/en/geometric"],"weight":0.21172999999999953,"degrees":[124,1592,1512,238]},"num_concepts_raised":31546},{"base_id":604,"kind":"bot_words","i1":0,"i2":4,"sol":{"path":["/c/en/sexton","/c/ga/cléireach","/c/en/historical","/c/en/russia","/c/en/nogai"],"weight":0.21108999999999983,"degrees":[124,13,8415,984,28]},"num_concepts_raised":4646},{"base_id":604,"kind":"bot_words","i1":0,"i2":5,"sol":{"path":["/c/en/sexton","/c/en/church","/c/en/god","/c/en/deicide"],"weight":0.20936999999999992,"degrees":[124,1592,1774,39]},"num_concepts_raised":9850},{"base_id":604,"kind":"bot_words","i1":0,"i2":6,"sol":{"path":["/c/en/sexton","/c/la/secretarius","/c/en/official","/c/en/law","/c/en/sumptuary"],"weight":0.21126999999999987,"degrees":[124,41,1131,3727,30]},"num_concepts_raised":7624},{"base_id":604,"kind":"bot_words","i1":0,"i2":7,"sol":{"path":["/c/en/sexton","/c/en/verger","/c/en/bishop","/c/en/spiced"],"weight":0.2092099999999998,"degrees":[124,42,922,38]},"num_concepts_raised":6810},{"base_id":604,"kind":"bot_words","i1":0,"i2":8,"sol":{"path":["/c/en/sexton","/c/en/weapon","/c/en/iron","/c/en/straighten"],"weight":0.21180999999999942,"degrees":[124,1448,2867,290]},"num_concepts_raised":40693},{"base_id":604,"kind":"bot_words","i1":0,"i2":9,"sol":{"path":["/c/en/sexton","/c/en/church","/c/en/audience","/c/en/upstage"],"weight":0.2107899999999998,"degrees":[124,1592,641,80]},"num_concepts_raised":32093},{"base_id":604,"kind":"bot_words","i1":1,"i2":2,"sol":{"path":["/c/en/administrative","/c/el/περιφέρεια","/c/en/geometry","/c/en/trapezohedron"],"weight":0.21196999999999905,"degrees":[348,14,2822,59]},"num_concepts_raised":21428},{"base_id":604,"kind":"bot_words","i1":1,"i2":3,"sol":{"path":["/c/en/administrative","/c/en/circuit","/c/en/circle","/c/en/geometric"],"weight":0.21044999999999872,"degrees":[348,522,1376,238]},"num_concepts_raised":43347},{"base_id":604,"kind":"bot_words","i1":1,"i2":4,"sol":{"path":["/c/en/administrative","/c/en/country","/c/en/russia","/c/en/nogai"],"weight":0.20653999999999906,"degrees":[348,2796,984,28]},"num_concepts_raised":17046},{"base_id":604,"kind":"bot_words","i1":1,"i2":5,"sol":{"path":["/c/en/administrative","/c/en/office","/c/en/god","/c/en/deicide"],"weight":0.20676999999999912,"degrees":[348,1568,1774,39]},"num_concepts_raised":22304},{"base_id":604,"kind":"bot_words","i1":1,"i2":6,"sol":{"path":["/c/en/administrative","/c/en/administration","/c/en/law","/c/en/sumptuary"],"weight":0.20791999999999905,"degrees":[348,559,3727,30]},"num_concepts_raised":19854},{"base_id":604,"kind":"bot_words","i1":1,"i2":7,"sol":{"path":["/c/en/administrative","/c/en/office","/c/en/bishop","/c/en/spiced"],"weight":0.20660999999999902,"degrees":[348,1568,922,38]},"num_concepts_raised":19144},{"base_id":604,"kind":"bot_words","i1":1,"i2":8,"sol":{"path":["/c/en/administrative","/c/en/office","/c/en/slang","/c/en/straighten"],"weight":0.20937999999999862,"degrees":[348,1568,16318,290]},"num_concepts_raised":52670},{"base_id":604,"kind":"bot_words","i1":1,"i2":9,"sol":{"path":["/c/en/administrative","/c/en/circuit","/c/en/stage","/c/en/upstage"],"weight":0.209359999999999,"degrees":[348,522,1366,80]},"num_concepts_raised":43940},{"base_id":604,"kind":"bot_words","i1":2,"i2":3,"sol":{"path":["/c/en/trapezohedron","/c/en/geometry","/c/en/geometric"],"weight":0.20400000000000001,"degrees":[59,2822,238]},"num_concepts_raised":246},{"base_id":604,"kind":"bot_words","i1":2,"i2":4,"sol":{"path":["/c/en/trapezohedron","/c/en/geometry","/c/en/star","/c/en/russia","/c/en/nogai"],"weight":0.20828999999999986,"degrees":[59,2822,2132,984,28]},"num_concepts_raised":6517},{"base_id":604,"kind":"bot_words","i1":2,"i2":5,"sol":{"path":["/c/en/trapezohedron","/c/en/geometry","/c/en/body","/c/en/god","/c/en/deicide"],"weight":0.20854999999999993,"degrees":[59,2822,3170,1774,39]},"num_concepts_raised":11875},{"base_id":604,"kind":"bot_words","i1":2,"i2":6,"sol":{"path":["/c/en/trapezohedron","/c/en/kite","/c/en/prison","/c/en/restrictive","/c/en/sumptuary"],"weight":0.20923999999999987,"degrees":[59,632,1120,114,30]},"num_concepts_raised":9498},{"base_id":604,"kind":"bot_words","i1":2,"i2":7,"sol":{"path":["/c/en/trapezohedron","/c/en/face","/c/en/contains","/c/en/spice","/c/en/spiced"],"weight":0.2092899999999998,"degrees":[59,2479,27,653,38]},"num_concepts_raised":8697},{"base_id":604,"kind":"bot_words","i1":2,"i2":8,"sol":{"path":["/c/en/trapezohedron","/c/en/geometry","/c/fr/géométrie","/c/en/straighten"],"weight":0.21107999999999943,"degrees":[59,2822,1286,290]},"num_concepts_raised":42197},{"base_id":604,"kind":"bot_words","i1":2,"i2":9,"sol":{"path":["/c/en/trapezohedron","/c/en/face","/c/en/upstage"],"weight":0.20400000000000001,"degrees":[59,2479,80]},"num_concepts_raised":104},{"base_id":604,"kind":"bot_words","i1":3,"i2":4,"sol":{"path":["/c/en/geometric","/c/en/shape","/c/en/star","/c/en/russia","/c/en/nogai"],"weight":0.2067999999999995,"degrees":[238,1344,2132,984,28]},"num_concepts_raised":29121},{"base_id":604,"kind":"bot_words","i1":3,"i2":5,"sol":{"path":["/c/en/geometric","/c/en/sphere","/c/en/god","/c/en/deicide"],"weight":0.20567999999999959,"degrees":[238,859,1774,39]},"num_concepts_raised":34318},{"base_id":604,"kind":"bot_words","i1":3,"i2":6,"sol":{"path":["/c/en/geometric","/c/fr/mathématiques","/c/en/law","/c/en/sumptuary"],"weight":0.20546999999999954,"degrees":[238,2720,3727,30]},"num_concepts_raised":31964},{"base_id":604,"kind":"bot_words","i1":3,"i2":7,"sol":{"path":["/c/en/geometric","/c/en/line","/c/en/bishop","/c/en/spiced"],"weight":0.20671999999999946,"degrees":[238,3018,922,38]},"num_concepts_raised":31165},{"base_id":604,"kind":"bot_words","i1":3,"i2":8,"sol":{"path":["/c/en/geometric","/c/en/line","/c/en/straight","/c/en/straighten"],"weight":0.21176999999999907,"degrees":[238,3018,935,290]},"num_concepts_raised":63361},{"base_id":604,"kind":"bot_words","i1":3,"i2":9,"sol":{"path":["/c/en/geometric","/c/en/line","/c/en/part","/c/en/upstage"],"weight":0.20736999999999947,"degrees":[238,3018,2528,80]},"num_concepts_raised":55432},{"base_id":604,"kind":"bot_words","i1":4,"i2":5,"sol":{"path":["/c/en/nogai","/c/en/russia","/c/en/nation","/c/en/god","/c/en/deicide"],"weight":0.20292999999999992,"degrees":[28,984,1106,1774,39]},"num_concepts_raised":7446},{"base_id":604,"kind":"bot_words","i1":4,"i2":6,"sol":{"path":["/c/en/nogai","/c/en/russia","/c/en/historical","/c/en/gyneconome","/c/en/sumptuary"],"weight":0.20271999999999987,"degrees":[28,984,8415,9,30]},"num_concepts_raised":5068},{"base_id":604,"kind":"bot_words","i1":4,"i2":7,"sol":{"path":["/c/en/nogai","/c/en/caucasus","/c/en/kofta","/c/en/spicy","/c/en/spiced"],"weight":0.2027899999999998,"degrees":[28,170,53,301,38]},"num_concepts_raised":4265},{"base_id":604,"kind":"bot_words","i1":4,"i2":8,"sol":{"path":["/c/en/nogai","/c/fr/nogaï","/c/fr/langue","/c/en/conk","/c/en/straighten"],"weight":0.20639999999999942,"degrees":[28,26,2949,60,290]},"num_concepts_raised":38275},{"base_id":604,"kind":"bot_words","i1":4,"i2":9,"sol":{"path":["/c/en/nogai","/c/en/russia","/c/en/étape","/c/en/stage","/c/en/upstage"],"weight":0.2056199999999998,"degrees":[28,984,23,1366,80]},"num_concepts_raised":29636},{"base_id":604,"kind":"bot_words","i1":5,"i2":6,"sol":{"path":["/c/en/deicide","/c/en/christianity","/c/en/law","/c/en/sumptuary"],"weight":0.20295999999999992,"degrees":[39,2627,3727,30]},"num_concepts_raised":10396},{"base_id":604,"kind":"bot_words","i1":5,"i2":7,"sol":{"path":["/c/en/deicide","/c/en/christianity","/c/en/bishop","/c/en/spiced"],"weight":0.20294999999999985,"degrees":[39,2627,922,38]},"num_concepts_raised":9579},{"base_id":604,"kind":"bot_words","i1":5,"i2":8,"sol":{"path":["/c/en/deicide","/c/en/theology","/c/en/slang","/c/en/straighten"],"weight":0.20567999999999947,"degrees":[39,785,16318,290]},"num_concepts_raised":43491},{"base_id":604,"kind":"bot_words","i1":5,"i2":9,"sol":{"path":["/c/en/deicide","/c/en/god","/c/en/above","/c/en/upstage"],"weight":0.2035399999999999,"degrees":[39,1774,620,80]},"num_concepts_raised":34855},{"base_id":604,"kind":"bot_words","i1":6,"i2":7,"sol":{"path":["/c/en/sumptuary","/c/en/law","/c/en/appeal","/c/en/spice","/c/en/spiced"],"weight":0.20389999999999983,"degrees":[30,3727,641,653,38]},"num_concepts_raised":7255},{"base_id":604,"kind":"bot_words","i1":6,"i2":8,"sol":{"path":["/c/en/sumptuary","/c/en/law","/c/nl/rechten","/c/en/straighten"],"weight":0.20651999999999943,"degrees":[30,3727,38,290]},"num_concepts_raised":41093},{"base_id":604,"kind":"bot_words","i1":6,"i2":9,"sol":{"path":["/c/en/sumptuary","/c/en/law","/c/en/move","/c/en/upstage"],"weight":0.20338999999999982,"degrees":[30,3727,2810,80]},"num_concepts_raised":32479},{"base_id":604,"kind":"bot_words","i1":7,"i2":8,"sol":{"path":["/c/en/spiced","/c/en/spice","/c/en/change","/c/en/straighten"],"weight":0.20656999999999937,"degrees":[38,653,3383,290]},"num_concepts_raised":40293},{"base_id":604,"kind":"bot_words","i1":7,"i2":9,"sol":{"path":["/c/en/spiced","/c/en/bishop","/c/en/move","/c/en/upstage"],"weight":0.20336999999999977,"degrees":[38,922,2810,80]},"num_concepts_raised":31709},{"base_id":604,"kind":"bot_words","i1":8,"i2":9,"sol":{"path":["/c/en/straighten","/c/en/rear","/c/en/upstage"],"weight":0.203,"degrees":[290,915,80]},"num_concepts_raised":286}],[{"base_id":604,"kind":"top_words","i1":0,"i2":1,"sol":{"path":["/c/en/swaddling","/c/en/wrapping","/c/en/material","/c/en/mineral","/c/en/montmorillonite"],"weight":0.21007999999999977,"degrees":[25,144,1522,8530,51]},"num_concepts_raised":11676},{"base_id":604,"kind":"top_words","i1":0,"i2":2,"sol":{"path":["/c/en/swaddling","/c/en/movement","/c/en/animal","/c/en/mess","/c/en/messmate"],"weight":0.2036099999999999,"degrees":[25,1567,3735,573,23]},"num_concepts_raised":12573},{"base_id":604,"kind":"top_words","i1":0,"i2":3,"sol":{"path":["/c/en/swaddling","/c/en/clothing","/c/en/person","/c/en/heresy","/c/en/docetism"],"weight":0.20821999999999982,"degrees":[25,1590,12935,309,67]},"num_concepts_raised":7981},{"base_id":604,"kind":"top_words","i1":0,"i2":4,"sol":{"path":["/c/en/swaddling","/c/en/clothing","/c/en/shoe","/c/en/plimsoll"],"weight":0.20304999999999984,"degrees":[25,1590,1347,50]},"num_concepts_raised":14204},{"base_id":604,"kind":"top_words","i1":0,"i2":5,"sol":{"path":["/c/en/swaddling","/c/en/clothing","/c/en/size","/c/en/metric","/c/en/avoirdupois"],"weight":0.2038899999999998,"degrees":[25,1590,1119,271,49]},"num_concepts_raised":20813},{"base_id":604,"kind":"top_words","i1":0,"i2":6,"sol":{"path":["/c/en/swaddling","/c/en/swaddling_clothes","/c/en/garment","/c/en/frog","/c/en/frosh"],"weight":0.20533999999999994,"degrees":[25,54,773,1061,45]},"num_concepts_raised":30186},{"base_id":604,"kind":"top_words","i1":0,"i2":7,"sol":{"path":["/c/en/swaddling","/c/en/movement","/c/en/change","/c/en/dollar","/c/en/eurodollar"],"weight":0.2027499999999999,"degrees":[25,1567,3383,743,30]},"num_concepts_raised":15488},{"base_id":604,"kind":"top_words","i1":0,"i2":8,"sol":{"path":["/c/en/swaddling","/c/en/clothing","/c/en/army","/c/en/musket","/c/en/matchlock"],"weight":0.20371999999999987,"degrees":[25,1590,1302,161,29]},"num_concepts_raised":8800},{"base_id":604,"kind":"top_words","i1":0,"i2":9,"sol":{"path":["/c/en/swaddling","/c/en/movement","/c/en/wind","/c/en/disease","/c/en/psittacosis"],"weight":0.21094999999999992,"degrees":[25,1567,2373,4216,101]},"num_concepts_raised":13589},{"base_id":604,"kind":"top_words","i1":1,"i2":2,"sol":{"path":["/c/en/montmorillonite","/c/en/technical","/c/en/mate","/c/en/messmate"],"weight":0.2078899999999998,"degrees":[51,470,657,23]},"num_concepts_raised":16170},{"base_id":604,"kind":"top_words","i1":1,"i2":3,"sol":{"path":["/c/en/montmorillonite","/c/en/mineral","/c/en/element","/c/en/christianity","/c/en/docetism"],"weight":0.21563999999999972,"degrees":[51,8530,1173,2627,67]},"num_concepts_raised":11528},{"base_id":604,"kind":"top_words","i1":1,"i2":4,"sol":{"path":["/c/en/montmorillonite","/c/en/mineral","/c/en/british","/c/en/plimsoll"],"weight":0.21036999999999972,"degrees":[51,8530,3452,50]},"num_concepts_raised":17842},{"base_id":604,"kind":"top_words","i1":1,"i2":5,"sol":{"path":["/c/en/montmorillonite","/c/en/clay","/c/en/usa","/c/en/avoirdupois"],"weight":0.2081799999999997,"degrees":[51,876,2683,49]},"num_concepts_raised":24382},{"base_id":604,"kind":"top_words","i1":1,"i2":6,"sol":{"path":["/c/en/montmorillonite","/c/en/mineral","/c/en/animal","/c/en/frog","/c/en/frosh"],"weight":0.21274999999999983,"degrees":[51,8530,3735,1061,45]},"num_concepts_raised":33824},{"base_id":604,"kind":"top_words","i1":1,"i2":7,"sol":{"path":["/c/en/montmorillonite","/c/en/mineral","/c/en/ore","/c/en/deposit","/c/en/eurodollar"],"weight":0.2101399999999998,"degrees":[51,8530,649,772,30]},"num_concepts_raised":19050},{"base_id":604,"kind":"top_words","i1":1,"i2":8,"sol":{"path":["/c/en/montmorillonite","/c/en/mineral","/c/en/element","/c/en/fire","/c/en/matchlock"],"weight":0.21016999999999977,"degrees":[51,8530,1173,2829,29]},"num_concepts_raised":12337},{"base_id":604,"kind":"top_words","i1":1,"i2":9,"sol":{"path":["/c/en/montmorillonite","/c/en/mineral","/c/en/health","/c/en/disease","/c/en/psittacosis"],"weight":0.2183899999999998,"degrees":[51,8530,1110,4216,101]},"num_concepts_raised":17139},{"base_id":604,"kind":"top_words","i1":2,"i2":3,"sol":{"path":["/c/en/messmate","/c/en/nautical","/c/en/gauge","/c/en/synecdoche","/c/en/docetism"],"weight":0.21221999999999985,"degrees":[23,5204,415,98,67]},"num_concepts_raised":12500},{"base_id":604,"kind":"top_words","i1":2,"i2":4,"sol":{"path":["/c/en/messmate","/c/en/ship","/c/en/plimsoll"],"weight":0.202,"degrees":[23,2104,50]},"num_concepts_raised":61},{"base_id":604,"kind":"top_words","i1":2,"i2":5,"sol":{"path":["/c/en/messmate","/c/en/mess","/c/en/mass","/c/en/weight","/c/en/avoirdupois"],"weight":0.2041199999999998,"degrees":[23,573,1639,1498,49]},"num_concepts_raised":25145},{"base_id":604,"kind":"top_words","i1":2,"i2":6,"sol":{"path":["/c/en/messmate","/c/en/associate","/c/en/slang","/c/en/frosh"],"weight":0.20295999999999997,"degrees":[23,618,16318,45]},"num_concepts_raised":34308},{"base_id":604,"kind":"top_words","i1":2,"i2":7,"sol":{"path":["/c/en/messmate","/c/en/mess","/c/en/us","/c/en/eurodollar"],"weight":0.20363999999999993,"degrees":[23,573,8154,30]},"num_concepts_raised":19839},{"base_id":604,"kind":"top_words","i1":2,"i2":8,"sol":{"path":["/c/en/messmate","/c/en/mate","/c/en/match","/c/en/musket","/c/en/matchlock"],"weight":0.2037999999999999,"degrees":[23,657,1639,161,29]},"num_concepts_raised":13274},{"base_id":604,"kind":"top_words","i1":2,"i2":9,"sol":{"path":["/c/en/messmate","/c/en/mess","/c/en/disorder","/c/en/disease","/c/en/psittacosis"],"weight":0.21192999999999995,"degrees":[23,573,1087,4216,101]},"num_concepts_raised":18079},{"base_id":604,"kind":"top_words","i1":3,"i2":4,"sol":{"path":["/c/en/docetism","/c/en/heresy","/c/en/person","/c/en/trainer","/c/en/plimsoll"],"weight":0.2097199999999998,"degrees":[67,309,12935,326,50]},"num_concepts_raised":14207},{"base_id":604,"kind":"top_words","i1":3,"i2":5,"sol":{"path":["/c/en/docetism","/c/en/christianity","/c/en/mass","/c/en/weight","/c/en/avoirdupois"],"weight":0.20872999999999975,"degrees":[67,2627,1639,1498,49]},"num_concepts_raised":20745},{"base_id":604,"kind":"top_words","i1":3,"i2":6,"sol":{"path":["/c/en/docetism","/c/en/synecdoche","/c/en/gauge","/c/en/slang","/c/en/frosh"],"weight":0.2125899999999999,"degrees":[67,98,415,16318,45]},"num_concepts_raised":30171},{"base_id":604,"kind":"top_words","i1":3,"i2":7,"sol":{"path":["/c/en/docetism","/c/en/christianity","/c/en/vault","/c/en/bank","/c/en/eurodollar"],"weight":0.20831999999999987,"degrees":[67,2627,534,1660,30]},"num_concepts_raised":15413},{"base_id":604,"kind":"top_words","i1":3,"i2":8,"sol":{"path":["/c/en/docetism","/c/en/synecdoche","/c/en/firebox","/c/en/fire","/c/en/matchlock"],"weight":0.21232999999999982,"degrees":[67,98,45,2829,29]},"num_concepts_raised":8693},{"base_id":604,"kind":"top_words","i1":3,"i2":9,"sol":{"path":["/c/en/docetism","/c/en/christianity","/c/ga/aicíd","/c/en/disease","/c/en/psittacosis"],"weight":0.21654999999999988,"degrees":[67,2627,11,4216,101]},"num_concepts_raised":13455},{"base_id":604,"kind":"top_words","i1":4,"i2":5,"sol":{"path":["/c/en/plimsoll","/c/fr/basket","/c/en/uk","/c/en/avoirdupois"],"weight":0.20528999999999978,"degrees":[50,59,5562,49]},"num_concepts_raised":26518},{"base_id":604,"kind":"top_words","i1":4,"i2":6,"sol":{"path":["/c/en/plimsoll","/c/en/trainer","/c/en/slang","/c/en/frosh"],"weight":0.20448999999999992,"degrees":[50,326,16318,45]},"num_concepts_raised":35605},{"base_id":604,"kind":"top_words","i1":4,"i2":7,"sol":{"path":["/c/en/plimsoll","/c/en/slipper","/c/en/us","/c/en/eurodollar"],"weight":0.2029899999999999,"degrees":[50,279,8154,30]},"num_concepts_raised":21151},{"base_id":604,"kind":"top_words","i1":4,"i2":8,"sol":{"path":["/c/en/plimsoll","/c/en/british","/c/en/fire","/c/en/matchlock"],"weight":0.20306999999999986,"degrees":[50,3452,2829,29]},"num_concepts_raised":14943},{"base_id":604,"kind":"top_words","i1":4,"i2":9,"sol":{"path":["/c/en/plimsoll","/c/en/shoe","/c/en/general","/c/en/disease","/c/en/psittacosis"],"weight":0.2113799999999999,"degrees":[50,1347,1132,4216,101]},"num_concepts_raised":19735},{"base_id":604,"kind":"top_words","i1":5,"i2":6,"sol":{"path":["/c/en/avoirdupois","/c/en/weight","/c/en/slang","/c/en/frosh"],"weight":0.20346999999999987,"degrees":[49,1498,16318,45]},"num_concepts_raised":41561},{"base_id":604,"kind":"top_words","i1":5,"i2":7,"sol":{"path":["/c/en/avoirdupois","/c/en/pound","/c/en/dollar","/c/en/eurodollar"],"weight":0.20313999999999982,"degrees":[49,817,743,30]},"num_concepts_raised":27145},{"base_id":604,"kind":"top_words","i1":5,"i2":8,"sol":{"path":["/c/en/avoirdupois","/c/en/pound","/c/en/powder","/c/en/matchlock"],"weight":0.2030099999999998,"degrees":[49,817,712,29]},"num_concepts_raised":21485},{"base_id":604,"kind":"top_words","i1":5,"i2":9,"sol":{"path":["/c/en/avoirdupois","/c/en/uk","/c/en/bird","/c/en/psittacosis"],"weight":0.20903999999999986,"degrees":[49,5562,4970,101]},"num_concepts_raised":26293},{"base_id":604,"kind":"top_words","i1":6,"i2":7,"sol":{"path":["/c/en/frosh","/c/en/freshman","/c/en/us","/c/en/eurodollar"],"weight":0.20514,"degrees":[45,113,8154,30]},"num_concepts_raised":36346},{"base_id":604,"kind":"top_words","i1":6,"i2":8,"sol":{"path":["/c/en/frosh","/c/en/slang","/c/en/fire","/c/en/matchlock"],"weight":0.20311999999999997,"degrees":[45,16318,2829,29]},"num_concepts_raised":30809},{"base_id":604,"kind":"top_words","i1":6,"i2":9,"sol":{"path":["/c/en/frosh","/c/en/slang","/c/en/bacteria","/c/en/psittacosis"],"weight":0.20922000000000002,"degrees":[45,16318,714,101]},"num_concepts_raised":35598},{"base_id":604,"kind":"top_words","i1":7,"i2":8,"sol":{"path":["/c/en/eurodollar","/c/en/us","/c/en/cord","/c/en/matchlock"],"weight":0.20268999999999993,"degrees":[30,8154,697,29]},"num_concepts_raised":16154},{"base_id":604,"kind":"top_words","i1":7,"i2":9,"sol":{"path":["/c/en/eurodollar","/c/en/us","/c/en/bacteria","/c/en/psittacosis"],"weight":0.20889999999999997,"degrees":[30,8154,714,101]},"num_concepts_raised":20954},{"base_id":604,"kind":"top_words","i1":8,"i2":9,"sol":{"path":["/c/en/matchlock","/c/en/powder","/c/en/medicine","/c/en/ornithosis","/c/en/psittacosis"],"weight":0.21305999999999994,"degrees":[29,712,11938,37,101]},"num_concepts_raised":14259}]]