[[{"base_id":275,"kind":"bot_words","i1":0,"i2":1,"sol":{"path":["/c/en/vayu","/c/en/wind","/c/en/slang","/c/en/pinky"],"weight":0.20327999999999985,"degrees":[32,2373,16318,64]},"num_concepts_raised":41349},{"base_id":275,"kind":"bot_words","i1":0,"i2":2,"sol":{"path":["/c/en/vayu","/c/sa/वायु","/c/en/languid","/c/en/weak","/c/en/inconsiderable"],"weight":0.2037899999999998,"degrees":[32,46,132,1282,30]},"num_concepts_raised":9921},{"base_id":275,"kind":"bot_words","i1":0,"i2":3,"sol":{"path":["/c/en/vayu","/c/sa/वायु","/c/en/muhurta","/c/en/time","/c/en/chronos"],"weight":0.20926999999999973,"degrees":[32,46,10,4124,63]},"num_concepts_raised":11222},{"base_id":275,"kind":"bot_words","i1":0,"i2":4,"sol":{"path":["/c/en/vayu","/c/en/wind","/c/en/calm","/c/en/tense","/c/en/taut"],"weight":0.20683999999999975,"degrees":[32,2373,1184,630,136]},"num_concepts_raised":12414},{"base_id":275,"kind":"bot_words","i1":0,"i2":5,"sol":{"path":["/c/en/vayu","/c/sa/वायु","/c/en/air","/c/en/alveolar","/c/en/alveolus"],"weight":0.20561999999999978,"degrees":[32,46,1965,135,86]},"num_concepts_raised":25585},{"base_id":275,"kind":"bot_words","i1":0,"i2":6,"sol":{"path":["/c/en/vayu","/c/en/wind","/c/en/rain","/c/en/shower","/c/en/showering"],"weight":0.20395999999999986,"degrees":[32,2373,1689,817,24]},"num_concepts_raised":12177},{"base_id":275,"kind":"bot_words","i1":0,"i2":7,"sol":{"path":["/c/en/vayu","/c/en/wind","/c/en/nature","/c/en/country","/c/en/belarus","/c/en/vitebsk"],"weight":0.20577919999999958,"degrees":[32,2373,1372,2796,395,38]},"num_concepts_raised":311994},{"base_id":275,"kind":"bot_words","i1":0,"i2":8,"sol":{"path":["/c/en/vayu","/c/en/wind","/c/en/british","/c/en/diary"],"weight":0.21237000000000011,"degrees":[32,2373,3452,335]},"num_concepts_raised":20206},{"base_id":275,"kind":"bot_words","i1":0,"i2":9,"sol":{"path":["/c/en/vayu","/c/sa/वायु","/c/en/medicine","/c/en/frank","/c/en/frankness"],"weight":0.20574999999999977,"degrees":[32,46,11938,450,100]},"num_concepts_raised":6389},{"base_id":275,"kind":"bot_words","i1":1,"i2":2,"sol":{"path":["/c/en/pinky","/c/en/mouse","/c/en/little","/c/en/inconsiderable"],"weight":0.20325999999999977,"degrees":[64,1280,1887,30]},"num_concepts_raised":41377},{"base_id":275,"kind":"bot_words","i1":1,"i2":3,"sol":{"path":["/c/en/pinky","/c/en/slang","/c/en/time","/c/en/chronos"],"weight":0.20861999999999972,"degrees":[64,16318,4124,63]},"num_concepts_raised":42830},{"base_id":275,"kind":"bot_words","i1":1,"i2":4,"sol":{"path":["/c/en/pinky","/c/en/slang","/c/en/tight","/c/en/taut"],"weight":0.2070199999999997,"degrees":[64,16318,613,136]},"num_concepts_raised":43923},{"base_id":275,"kind":"bot_words","i1":1,"i2":5,"sol":{"path":["/c/en/pinky","/c/en/pinkie","/c/en/anatomy","/c/en/alveolus"],"weight":0.20528999999999972,"degrees":[64,74,12775,86]},"num_concepts_raised":56826},{"base_id":275,"kind":"bot_words","i1":1,"i2":6,"sol":{"path":["/c/en/pinky","/c/en/slang","/c/en/shower","/c/en/showering"],"weight":0.20418999999999984,"degrees":[64,16318,817,24]},"num_concepts_raised":43579},{"base_id":275,"kind":"bot_words","i1":1,"i2":7,"sol":{"path":["/c/en/pinky","/c/en/australia","/c/en/country","/c/en/belarus","/c/en/vitebsk"],"weight":0.2032599999999998,"degrees":[64,2690,2796,395,38]},"num_concepts_raised":36986},{"base_id":275,"kind":"bot_words","i1":1,"i2":8,"sol":{"path":["/c/en/pinky","/c/en/toe","/c/en/journal","/c/en/diary"],"weight":0.21833000000000008,"degrees":[64,738,333,335]},"num_concepts_raised":50483},{"base_id":275,"kind":"bot_words","i1":1,"i2":9,"sol":{"path":["/c/en/pinky","/c/en/finger","/c/en/uk","/c/fr/franchise","/c/en/frankness"],"weight":0.20623999999999976,"degrees":[64,1738,5562,138,100]},"num_concepts_raised":38101},{"base_id":275,"kind":"bot_words","i1":2,"i2":3,"sol":{"path":["/c/en/inconsiderable","/c/en/little","/c/en/wee","/c/en/time","/c/en/chronos"],"weight":0.2083499999999997,"degrees":[30,1887,152,4124,63]},"num_concepts_raised":11397},{"base_id":275,"kind":"bot_words","i1":2,"i2":4,"sol":{"path":["/c/en/inconsiderable","/c/en/little","/c/en/change","/c/en/tense","/c/en/taut"],"weight":0.20680999999999972,"degrees":[30,1887,3383,630,136]},"num_concepts_raised":12450},{"base_id":275,"kind":"bot_words","i1":2,"i2":5,"sol":{"path":["/c/en/inconsiderable","/c/en/little","/c/fr/petit","/c/fr/alvéole","/c/en/alveolus"],"weight":0.20467999999999975,"degrees":[30,1887,1941,105,86]},"num_concepts_raised":25695},{"base_id":275,"kind":"bot_words","i1":2,"i2":6,"sol":{"path":["/c/en/inconsiderable","/c/en/little","/c/en/shower","/c/en/showering"],"weight":0.20384999999999984,"degrees":[30,1887,817,24]},"num_concepts_raised":12319},{"base_id":275,"kind":"bot_words","i1":2,"i2":7,"sol":{"path":["/c/en/inconsiderable","/c/en/little","/c/en/big","/c/en/country","/c/en/belarus","/c/en/vitebsk"],"weight":0.20584579999999958,"degrees":[30,1887,1222,2796,395,38]},"num_concepts_raised":377207},{"base_id":275,"kind":"bot_words","i1":2,"i2":8,"sol":{"path":["/c/en/inconsiderable","/c/en/little","/c/en/note","/c/en/journal","/c/en/diary"],"weight":0.21804000000000007,"degrees":[30,1887,1578,333,335]},"num_concepts_raised":20286},{"base_id":275,"kind":"bot_words","i1":2,"i2":9,"sol":{"path":["/c/en/inconsiderable","/c/en/minor","/c/fr/droit","/c/fr/franchise","/c/en/frankness"],"weight":0.20570999999999973,"degrees":[30,551,4052,138,100]},"num_concepts_raised":6512},{"base_id":275,"kind":"bot_words","i1":3,"i2":4,"sol":{"path":["/c/en/chronos","/c/en/time","/c/en/tense","/c/en/taut"],"weight":0.21217999999999965,"degrees":[63,4124,630,136]},"num_concepts_raised":13826},{"base_id":275,"kind":"bot_words","i1":3,"i2":5,"sol":{"path":["/c/en/chronos","/c/en/time","/c/mul/s","/c/en/alveolar","/c/en/alveolus"],"weight":0.20989999999999964,"degrees":[63,4124,122,135,86]},"num_concepts_raised":27074},{"base_id":275,"kind":"bot_words","i1":3,"i2":6,"sol":{"path":["/c/en/chronos","/c/en/time","/c/en/taking_bath","/c/en/shower","/c/en/showering"],"weight":0.20926999999999976,"degrees":[63,4124,107,817,24]},"num_concepts_raised":13718},{"base_id":275,"kind":"bot_words","i1":3,"i2":7,"sol":{"path":["/c/en/chronos","/c/en/time","/c/en/war","/c/en/country","/c/en/belarus","/c/en/vitebsk"],"weight":0.2116471999999992,"degrees":[63,4124,1823,2796,395,38]},"num_concepts_raised":383462},{"base_id":275,"kind":"bot_words","i1":3,"i2":8,"sol":{"path":["/c/en/chronos","/c/en/time","/c/en/day","/c/en/diary"],"weight":0.21799000000000002,"degrees":[63,4124,2168,335]},"num_concepts_raised":21446},{"base_id":275,"kind":"bot_words","i1":3,"i2":9,"sol":{"path":["/c/en/chronos","/c/en/time","/c/en/uk","/c/fr/franchise","/c/en/frankness"],"weight":0.21117999999999967,"degrees":[63,4124,5562,138,100]},"num_concepts_raised":7913},{"base_id":275,"kind":"bot_words","i1":4,"i2":5,"sol":{"path":["/c/en/taut","/c/ar/وتر","/c/en/anatomy","/c/en/alveolus"],"weight":0.20502999999999966,"degrees":[136,87,12775,86]},"num_concepts_raised":28175},{"base_id":275,"kind":"bot_words","i1":4,"i2":6,"sol":{"path":["/c/en/taut","/c/en/rope","/c/en/soap","/c/en/showering"],"weight":0.20408999999999977,"degrees":[136,1228,1085,24]},"num_concepts_raised":14815},{"base_id":275,"kind":"bot_words","i1":4,"i2":7,"sol":{"path":["/c/en/taut","/c/en/tense","/c/en/twang","/c/en/country","/c/en/belarus","/c/en/vitebsk"],"weight":0.21327959999999963,"degrees":[136,630,116,2796,395,38]},"num_concepts_raised":690928},{"base_id":275,"kind":"bot_words","i1":4,"i2":8,"sol":{"path":["/c/en/taut","/c/en/tense","/c/en/writing","/c/en/diary"],"weight":0.21627000000000002,"degrees":[136,630,1875,335]},"num_concepts_raised":22755},{"base_id":275,"kind":"bot_words","i1":4,"i2":9,"sol":{"path":["/c/en/taut","/c/en/tense","/c/en/being","/c/en/frank","/c/en/frankness"],"weight":0.20865999999999968,"degrees":[136,630,910,450,100]},"num_concepts_raised":9024},{"base_id":275,"kind":"bot_words","i1":5,"i2":6,"sol":{"path":["/c/en/alveolus","/c/en/oxygen","/c/en/water","/c/en/showering"],"weight":0.20347999999999977,"degrees":[86,3487,4606,24]},"num_concepts_raised":27847},{"base_id":275,"kind":"bot_words","i1":5,"i2":7,"sol":{"path":["/c/en/alveolus","/c/en/pit","/c/en/country","/c/en/belarus","/c/en/vitebsk"],"weight":0.20347999999999974,"degrees":[86,875,2796,395,38]},"num_concepts_raised":21040},{"base_id":275,"kind":"bot_words","i1":5,"i2":8,"sol":{"path":["/c/en/alveolus","/c/en/respiratory_tract","/c/en/passage","/c/en/diary"],"weight":0.21287000000000003,"degrees":[86,72,842,335]},"num_concepts_raised":35916},{"base_id":275,"kind":"bot_words","i1":5,"i2":9,"sol":{"path":["/c/en/alveolus","/c/en/blood","/c/en/us","/c/fr/franchise","/c/en/frankness"],"weight":0.2063999999999997,"degrees":[86,2253,8154,138,100]},"num_concepts_raised":22197},{"base_id":275,"kind":"bot_words","i1":6,"i2":7,"sol":{"path":["/c/en/showering","/c/en/shower","/c/en/slang","/c/en/bug","/c/en/belarus","/c/en/vitebsk"],"weight":0.20756759999999969,"degrees":[24,817,16318,643,395,38]},"num_concepts_raised":554026},{"base_id":275,"kind":"bot_words","i1":6,"i2":8,"sol":{"path":["/c/en/showering","/c/en/wash","/c/en/daily","/c/en/diary"],"weight":0.21268000000000015,"degrees":[24,1410,642,335]},"num_concepts_raised":22514},{"base_id":275,"kind":"bot_words","i1":6,"i2":9,"sol":{"path":["/c/en/showering","/c/en/water","/c/en/medicine","/c/en/frank","/c/en/frankness"],"weight":0.2047199999999998,"degrees":[24,4606,11938,450,100]},"num_concepts_raised":8836},{"base_id":275,"kind":"bot_words","i1":7,"i2":8,"sol":{"path":["/c/en/vitebsk","/c/en/belarus","/c/en/country","/c/en/canada","/c/en/diary"],"weight":0.21231000000000005,"degrees":[38,395,2796,2402,335]},"num_concepts_raised":15729},{"base_id":275,"kind":"bot_words","i1":7,"i2":9,"sol":{"path":["/c/en/vitebsk","/c/en/belarus","/c/en/country","/c/en/uk","/c/fr/franchise","/c/en/frankness"],"weight":0.21107009999999976,"degrees":[38,395,2796,5562,138,100]},"num_concepts_raised":256010},{"base_id":275,"kind":"bot_words","i1":8,"i2":9,"sol":{"path":["/c/en/diary","/c/en/british","/c/it/candore","/c/en/frankness"],"weight":0.21306000000000003,"degrees":[335,3452,18,100]},"num_concepts_raised":16853}],[{"base_id":275,"kind":"top_words","i1":0,"i2":1,"sol":{"path":["/c/en/navigational","/c/en/branch","/c/en/shoot","/c/en/marksmanship"],"weight":0.20285999999999982,"degrees":[37,1753,1406,39]},"num_concepts_raised":7044},{"base_id":275,"kind":"top_words","i1":0,"i2":2,"sol":{"path":["/c/en/navigational","/c/en/characteristic","/c/en/quality","/c/en/tee"],"weight":0.2048899999999994,"degrees":[37,882,1710,205]},"num_concepts_raised":39469},{"base_id":275,"kind":"top_words","i1":0,"i2":3,"sol":{"path":["/c/en/navigational","/c/en/characteristic","/c/en/parameter","/c/en/overloading"],"weight":0.20272999999999985,"degrees":[37,882,304,30]},"num_concepts_raised":8098},{"base_id":275,"kind":"top_words","i1":0,"i2":4,"sol":{"path":["/c/en/navigational","/c/en/navigation","/c/en/nautical","/c/en/horse","/c/en/horsemanship"],"weight":0.2054599999999997,"degrees":[37,399,5204,3068,66]},"num_concepts_raised":8210},{"base_id":275,"kind":"top_words","i1":0,"i2":5,"sol":{"path":["/c/en/navigational","/c/en/navigation","/c/en/boat","/c/en/wet","/c/en/sloppy"],"weight":0.2065799999999994,"degrees":[37,399,1763,1063,181]},"num_concepts_raised":10999},{"base_id":275,"kind":"top_words","i1":0,"i2":6,"sol":{"path":["/c/en/navigational","/c/en/characteristic","/c/en/field","/c/en/fielding"],"weight":0.21027999999999966,"degrees":[37,882,2150,74]},"num_concepts_raised":19308},{"base_id":275,"kind":"top_words","i1":0,"i2":7,"sol":{"path":["/c/en/navigational","/c/en/branch","/c/en/large","/c/en/breve"],"weight":0.20885999999999982,"degrees":[37,1753,1592,107]},"num_concepts_raised":34916},{"base_id":275,"kind":"top_words","i1":0,"i2":8,"sol":{"path":["/c/en/navigational","/c/en/branch","/c/en/like","/c/en/chemise","/c/en/undergarment"],"weight":0.21143999999999957,"degrees":[37,1753,2357,86,161]},"num_concepts_raised":11739},{"base_id":275,"kind":"top_words","i1":0,"i2":9,"sol":{"path":["/c/en/navigational","/c/en/navigation","/c/en/course","/c/en/errant"],"weight":0.20430999999999977,"degrees":[37,399,1347,66]},"num_concepts_raised":12458},{"base_id":275,"kind":"top_words","i1":1,"i2":2,"sol":{"path":["/c/en/marksmanship","/c/en/target","/c/en/address","/c/en/tee"],"weight":0.20511999999999947,"degrees":[39,768,1322,205]},"num_concepts_raised":39110},{"base_id":275,"kind":"top_words","i1":1,"i2":3,"sol":{"path":["/c/en/marksmanship","/c/en/target","/c/en/computing","/c/en/overload","/c/en/overloading"],"weight":0.2049999999999999,"degrees":[39,768,9084,163,30]},"num_concepts_raised":7775},{"base_id":275,"kind":"top_words","i1":1,"i2":4,"sol":{"path":["/c/en/marksmanship","/c/en/skill","/c/en/horsemanship"],"weight":0.202,"degrees":[39,1062,66]},"num_concepts_raised":92},{"base_id":275,"kind":"top_words","i1":1,"i2":5,"sol":{"path":["/c/en/marksmanship","/c/en/shoot","/c/en/loose","/c/en/sloppy"],"weight":0.20467999999999947,"degrees":[39,1406,723,181]},"num_concepts_raised":10646},{"base_id":275,"kind":"top_words","i1":1,"i2":6,"sol":{"path":["/c/en/marksmanship","/c/en/shoot","/c/en/slip","/c/en/fielding"],"weight":0.20842999999999973,"degrees":[39,1406,1135,74]},"num_concepts_raised":18976},{"base_id":275,"kind":"top_words","i1":1,"i2":7,"sol":{"path":["/c/en/marksmanship","/c/en/bolo","/c/en/long","/c/en/breve"],"weight":0.2089799999999999,"degrees":[39,80,1806,107]},"num_concepts_raised":34581},{"base_id":275,"kind":"top_words","i1":1,"i2":8,"sol":{"path":["/c/en/marksmanship","/c/en/shoot","/c/en/slip","/c/en/undergarment"],"weight":0.2095799999999996,"degrees":[39,1406,1135,161]},"num_concepts_raised":11373},{"base_id":275,"kind":"top_words","i1":1,"i2":9,"sol":{"path":["/c/en/marksmanship","/c/en/shoot","/c/en/utter","/c/en/errant"],"weight":0.20337999999999984,"degrees":[39,1406,668,66]},"num_concepts_raised":12128},{"base_id":275,"kind":"top_words","i1":2,"i2":3,"sol":{"path":["/c/en/tee","/c/en/go","/c/en/function","/c/en/overloading"],"weight":0.2049399999999995,"degrees":[205,2637,1730,30]},"num_concepts_raised":40128},{"base_id":275,"kind":"top_words","i1":2,"i2":4,"sol":{"path":["/c/en/tee","/c/en/beauty","/c/en/horse","/c/en/horsemanship"],"weight":0.20630999999999936,"degrees":[205,984,3068,66]},"num_concepts_raised":40299},{"base_id":275,"kind":"top_words","i1":2,"i2":5,"sol":{"path":["/c/en/tee","/c/fr/vêtements","/c/fr/négligé","/c/en/sloppy"],"weight":0.20658999999999905,"degrees":[205,1039,98,181]},"num_concepts_raised":43008},{"base_id":275,"kind":"top_words","i1":2,"i2":6,"sol":{"path":["/c/en/tee","/c/en/baseball","/c/en/fielding"],"weight":0.20400000000000001,"degrees":[205,1859,74]},"num_concepts_raised":238},{"base_id":275,"kind":"top_words","i1":2,"i2":7,"sol":{"path":["/c/en/tee","/c/en/little","/c/la/brevis","/c/en/breve"],"weight":0.2131399999999995,"degrees":[205,1887,134,107]},"num_concepts_raised":66041},{"base_id":275,"kind":"top_words","i1":2,"i2":8,"sol":{"path":["/c/en/tee","/c/en/cotton","/c/en/underwear","/c/en/undergarment"],"weight":0.2143899999999992,"degrees":[205,1181,401,161]},"num_concepts_raised":43523},{"base_id":275,"kind":"top_words","i1":2,"i2":9,"sol":{"path":["/c/en/tee","/c/en/golf","/c/en/course","/c/en/errant"],"weight":0.20774999999999944,"degrees":[205,830,1347,66]},"num_concepts_raised":44083},{"base_id":275,"kind":"top_words","i1":3,"i2":4,"sol":{"path":["/c/en/overloading","/c/en/transport","/c/en/horse","/c/en/horsemanship"],"weight":0.20422999999999977,"degrees":[30,1411,3068,66]},"num_concepts_raised":8910},{"base_id":275,"kind":"top_words","i1":3,"i2":5,"sol":{"path":["/c/en/overloading","/c/en/transport","/c/en/particular","/c/en/sloppy"],"weight":0.20439999999999947,"degrees":[30,1411,490,181]},"num_concepts_raised":11715},{"base_id":275,"kind":"top_words","i1":3,"i2":6,"sol":{"path":["/c/en/overloading","/c/en/transport","/c/en/walk","/c/en/fielding"],"weight":0.20820999999999973,"degrees":[30,1411,2020,74]},"num_concepts_raised":19982},{"base_id":275,"kind":"top_words","i1":3,"i2":7,"sol":{"path":["/c/en/overloading","/c/en/operator","/c/en/linguistics","/c/fr/brève","/c/en/breve"],"weight":0.2129999999999999,"degrees":[30,473,4250,83,107]},"num_concepts_raised":35582},{"base_id":275,"kind":"top_words","i1":3,"i2":8,"sol":{"path":["/c/en/overloading","/c/en/function","/c/en/religion","/c/en/undergarment"],"weight":0.20933999999999964,"degrees":[30,1730,3331,161]},"num_concepts_raised":12439},{"base_id":275,"kind":"top_words","i1":3,"i2":9,"sol":{"path":["/c/en/overloading","/c/en/function","/c/en/limit","/c/en/errant"],"weight":0.20324999999999982,"degrees":[30,1730,1188,66]},"num_concepts_raised":13145},{"base_id":275,"kind":"top_words","i1":4,"i2":5,"sol":{"path":["/c/en/horsemanship","/c/en/horse","/c/en/wild","/c/en/untidy","/c/en/sloppy"],"weight":0.20810999999999935,"degrees":[66,3068,1146,200,181]},"num_concepts_raised":11774},{"base_id":275,"kind":"top_words","i1":4,"i2":6,"sol":{"path":["/c/en/horsemanship","/c/en/horse","/c/en/field","/c/en/fielding"],"weight":0.2117699999999996,"degrees":[66,3068,2150,74]},"num_concepts_raised":20117},{"base_id":275,"kind":"top_words","i1":4,"i2":7,"sol":{"path":["/c/en/horsemanship","/c/en/horse","/c/en/large","/c/en/breve"],"weight":0.21034999999999976,"degrees":[66,3068,1592,107]},"num_concepts_raised":35678},{"base_id":275,"kind":"top_words","i1":4,"i2":8,"sol":{"path":["/c/en/horsemanship","/c/en/off_side","/c/en/slip","/c/en/undergarment"],"weight":0.2097999999999995,"degrees":[66,25,1135,161]},"num_concepts_raised":12510},{"base_id":275,"kind":"top_words","i1":4,"i2":9,"sol":{"path":["/c/en/horsemanship","/c/en/horse","/c/en/outside","/c/en/errant"],"weight":0.20469999999999972,"degrees":[66,3068,841,66]},"num_concepts_raised":13264},{"base_id":275,"kind":"top_words","i1":5,"i2":6,"sol":{"path":["/c/en/sloppy","/c/en/slop","/c/en/slip","/c/en/fielding"],"weight":0.2120299999999993,"degrees":[181,138,1135,74]},"num_concepts_raised":22901},{"base_id":275,"kind":"top_words","i1":5,"i2":7,"sol":{"path":["/c/en/sloppy","/c/en/negligent","/c/en/legal","/c/en/breve"],"weight":0.21072999999999947,"degrees":[181,168,6627,107]},"num_concepts_raised":38468},{"base_id":275,"kind":"top_words","i1":5,"i2":8,"sol":{"path":["/c/en/sloppy","/c/en/slop","/c/en/slip","/c/en/undergarment"],"weight":0.2131899999999992,"degrees":[181,138,1135,161]},"num_concepts_raised":15263},{"base_id":275,"kind":"top_words","i1":5,"i2":9,"sol":{"path":["/c/en/sloppy","/c/en/loose","/c/en/uncontrolled","/c/en/errant"],"weight":0.2060299999999994,"degrees":[181,723,103,66]},"num_concepts_raised":15980},{"base_id":275,"kind":"top_words","i1":6,"i2":7,"sol":{"path":["/c/en/fielding","/c/en/long","/c/en/breve"],"weight":0.20600000000000002,"degrees":[74,1806,107]},"num_concepts_raised":149},{"base_id":275,"kind":"top_words","i1":6,"i2":8,"sol":{"path":["/c/en/fielding","/c/en/slip","/c/en/undergarment"],"weight":0.20600000000000002,"degrees":[74,1135,161]},"num_concepts_raised":202},{"base_id":275,"kind":"top_words","i1":6,"i2":9,"sol":{"path":["/c/en/fielding","/c/en/field","/c/en/course","/c/en/errant"],"weight":0.21081999999999965,"degrees":[74,2150,1347,66]},"num_concepts_raised":23992},{"base_id":275,"kind":"top_words","i1":7,"i2":8,"sol":{"path":["/c/en/breve","/c/en/brief","/c/en/underwear","/c/en/undergarment"],"weight":0.2186599999999996,"degrees":[107,491,401,161]},"num_concepts_raised":39097},{"base_id":275,"kind":"top_words","i1":7,"i2":9,"sol":{"path":["/c/en/breve","/c/en/music","/c/en/course","/c/en/errant"],"weight":0.20955999999999986,"degrees":[107,8822,1347,66]},"num_concepts_raised":39722},{"base_id":275,"kind":"top_words","i1":8,"i2":9,"sol":{"path":["/c/en/undergarment","/c/en/slip","/c/en/error","/c/en/errant"],"weight":0.20995999999999956,"degrees":[161,1135,877,66]},"num_concepts_raised":16722}]]