[[{"base_id":756,"kind":"bot_words","i1":0,"i2":1,"sol":{"path":["/c/en/confucian","/c/en/confucius","/c/en/chinese","/c/en/people","/c/en/city","/c/en/rawalpindi"],"weight":0.2175383999999991,"degrees":[29,233,911,4475,3758,80]},"num_concepts_raised":270300},{"base_id":756,"kind":"bot_words","i1":0,"i2":2,"sol":{"path":["/c/en/confucian","/c/en/yangban","/c/en/historical","/c/en/india","/c/en/jaipur"],"weight":0.20883999999999991,"degrees":[29,27,8415,1846,99]},"num_concepts_raised":114659},{"base_id":756,"kind":"bot_words","i1":0,"i2":3,"sol":{"path":["/c/en/confucian","/c/zh/儒","/c/en/scholar","/c/en/worker","/c/en/peon"],"weight":0.21036999999999992,"degrees":[29,4,455,1829,58]},"num_concepts_raised":23429},{"base_id":756,"kind":"bot_words","i1":0,"i2":4,"sol":{"path":["/c/en/confucian","/c/en/confucius","/c/en/philosopher","/c/en/atom","/c/en/disaster","/c/en/disastrously"],"weight":0.20785979999999987,"degrees":[29,233,600,1498,539,29]},"num_concepts_raised":59012},{"base_id":756,"kind":"bot_words","i1":0,"i2":5,"sol":{"path":["/c/en/confucian","/c/en/transformationalism","/c/en/linguistics","/c/en/compound","/c/en/ethylene"],"weight":0.2105399999999998,"degrees":[29,24,4250,1833,218]},"num_concepts_raised":23772},{"base_id":756,"kind":"bot_words","i1":0,"i2":6,"sol":{"path":["/c/en/confucian","/c/en/yangban","/c/en/historical","/c/en/muff"],"weight":0.20384999999999984,"degrees":[29,27,8415,106]},"num_concepts_raised":38738},{"base_id":756,"kind":"bot_words","i1":0,"i2":7,"sol":{"path":["/c/en/confucian","/c/en/confucius","/c/en/philosopher","/c/en/person","/c/en/coffee","/c/en/barista"],"weight":0.2144010999999997,"degrees":[29,233,600,12935,1150,73]},"num_concepts_raised":379652},{"base_id":756,"kind":"bot_words","i1":0,"i2":8,"sol":{"path":["/c/en/confucian","/c/en/yangban","/c/en/historical","/c/fi/redutti","/c/en/redoubt"],"weight":0.2053599999999999,"degrees":[29,27,8415,7,67]},"num_concepts_raised":9344},{"base_id":756,"kind":"bot_words","i1":0,"i2":9,"sol":{"path":["/c/en/confucian","/c/en/confucius","/c/en/philosopher","/c/en/person","/c/en/foolish","/c/en/inadvisable"],"weight":0.21042449999999968,"degrees":[29,233,600,12935,959,48]},"num_concepts_raised":111249},{"base_id":756,"kind":"bot_words","i1":1,"i2":2,"sol":{"path":["/c/en/rawalpindi","/c/en/city","/c/en/jaipur"],"weight":0.20700000000000002,"degrees":[80,3758,99]},"num_concepts_raised":141},{"base_id":756,"kind":"bot_words","i1":1,"i2":3,"sol":{"path":["/c/en/rawalpindi","/c/en/city","/c/en/chief","/c/en/peon"],"weight":0.21599999999999986,"degrees":[80,3758,1183,58]},"num_concepts_raised":26405},{"base_id":756,"kind":"bot_words","i1":1,"i2":4,"sol":{"path":["/c/en/rawalpindi","/c/en/city","/c/en/ruin","/c/en/disaster","/c/en/disastrously"],"weight":0.21061999999999992,"degrees":[80,3758,1013,539,29]},"num_concepts_raised":4206},{"base_id":756,"kind":"bot_words","i1":1,"i2":5,"sol":{"path":["/c/en/rawalpindi","/c/en/city","/c/en/living","/c/en/organic_chemistry","/c/en/ethylene"],"weight":0.21849999999999975,"degrees":[80,3758,839,6499,218]},"num_concepts_raised":26900},{"base_id":756,"kind":"bot_words","i1":1,"i2":6,"sol":{"path":["/c/en/rawalpindi","/c/en/city","/c/en/poultry","/c/fr/manchon","/c/en/muff"],"weight":0.21464999999999979,"degrees":[80,3758,316,104,106]},"num_concepts_raised":41642},{"base_id":756,"kind":"bot_words","i1":1,"i2":7,"sol":{"path":["/c/en/rawalpindi","/c/en/city","/c/en/bar","/c/en/barista"],"weight":0.2162599999999999,"degrees":[80,3758,1972,73]},"num_concepts_raised":7032},{"base_id":756,"kind":"bot_words","i1":1,"i2":8,"sol":{"path":["/c/en/rawalpindi","/c/en/city","/c/ms/kota","/c/en/stronghold","/c/en/redoubt"],"weight":0.21225999999999984,"degrees":[80,3758,30,263,67]},"num_concepts_raised":12437},{"base_id":756,"kind":"bot_words","i1":1,"i2":9,"sol":{"path":["/c/en/rawalpindi","/c/en/city","/c/en/nice","/c/en/foolish","/c/en/inadvisable"],"weight":0.21186999999999984,"degrees":[80,3758,845,959,48]},"num_concepts_raised":5064},{"base_id":756,"kind":"bot_words","i1":2,"i2":3,"sol":{"path":["/c/en/jaipur","/c/en/city","/c/en/chief","/c/en/peon"],"weight":0.21421999999999985,"degrees":[99,3758,1183,58]},"num_concepts_raised":137005},{"base_id":756,"kind":"bot_words","i1":2,"i2":4,"sol":{"path":["/c/en/jaipur","/c/en/city","/c/en/ruin","/c/en/disaster","/c/en/disastrously"],"weight":0.20883999999999991,"degrees":[99,3758,1013,539,29]},"num_concepts_raised":114913},{"base_id":756,"kind":"bot_words","i1":2,"i2":5,"sol":{"path":["/c/en/jaipur","/c/en/india","/c/en/petroline","/c/en/organic_compound","/c/en/ethylene"],"weight":0.21708999999999976,"degrees":[99,1846,6,7764,218]},"num_concepts_raised":137593},{"base_id":756,"kind":"bot_words","i1":2,"i2":6,"sol":{"path":["/c/en/jaipur","/c/en/india","/c/en/historical","/c/en/muff"],"weight":0.2098299999999998,"degrees":[99,1846,8415,106]},"num_concepts_raised":152057},{"base_id":756,"kind":"bot_words","i1":2,"i2":7,"sol":{"path":["/c/en/jaipur","/c/en/city","/c/en/bar","/c/en/barista"],"weight":0.2144799999999999,"degrees":[99,3758,1972,73]},"num_concepts_raised":117718},{"base_id":756,"kind":"bot_words","i1":2,"i2":8,"sol":{"path":["/c/en/jaipur","/c/fr/localités","/c/fr/re","/c/en/redoubt"],"weight":0.20924999999999983,"degrees":[99,110113,93,67]},"num_concepts_raised":123102},{"base_id":756,"kind":"bot_words","i1":2,"i2":9,"sol":{"path":["/c/en/jaipur","/c/en/city","/c/en/nice","/c/en/foolish","/c/en/inadvisable"],"weight":0.21008999999999986,"degrees":[99,3758,845,959,48]},"num_concepts_raised":115772},{"base_id":756,"kind":"bot_words","i1":3,"i2":4,"sol":{"path":["/c/en/peon","/c/en/peasant","/c/en/china","/c/en/disaster","/c/en/disastrously"],"weight":0.21033999999999992,"degrees":[58,647,1318,539,29]},"num_concepts_raised":23674},{"base_id":756,"kind":"bot_words","i1":3,"i2":5,"sol":{"path":["/c/en/peon","/c/en/person","/c/en/radical","/c/en/ethylene"],"weight":0.21595999999999976,"degrees":[58,12935,1161,218]},"num_concepts_raised":46219},{"base_id":756,"kind":"bot_words","i1":3,"i2":6,"sol":{"path":["/c/en/peon","/c/en/work","/c/en/slang","/c/en/muff"],"weight":0.20939999999999978,"degrees":[58,4013,16318,106]},"num_concepts_raised":59965},{"base_id":756,"kind":"bot_words","i1":3,"i2":7,"sol":{"path":["/c/en/peon","/c/en/person","/c/en/coffee","/c/en/barista"],"weight":0.21396999999999988,"degrees":[58,12935,1150,73]},"num_concepts_raised":26363},{"base_id":756,"kind":"bot_words","i1":3,"i2":8,"sol":{"path":["/c/en/peon","/c/en/work","/c/en/fortification","/c/en/redoubt"],"weight":0.20882999999999985,"degrees":[58,4013,326,67]},"num_concepts_raised":31624},{"base_id":756,"kind":"bot_words","i1":3,"i2":9,"sol":{"path":["/c/en/peon","/c/en/person","/c/en/foolish","/c/en/inadvisable"],"weight":0.20955999999999986,"degrees":[58,12935,959,48]},"num_concepts_raised":24497},{"base_id":756,"kind":"bot_words","i1":4,"i2":5,"sol":{"path":["/c/en/disastrously","/c/en/disaster","/c/en/atom","/c/en/organic_compound","/c/en/ethylene"],"weight":0.2111199999999998,"degrees":[29,539,1498,7764,218]},"num_concepts_raised":24027},{"base_id":756,"kind":"bot_words","i1":4,"i2":6,"sol":{"path":["/c/en/disastrously","/c/en/disastrous","/c/en/cat","/c/en/slang","/c/en/muff"],"weight":0.20505999999999983,"degrees":[29,131,1616,16318,106]},"num_concepts_raised":38973},{"base_id":756,"kind":"bot_words","i1":4,"i2":7,"sol":{"path":["/c/en/disastrously","/c/en/disastrous","/c/en/catastrophe","/c/en/mathematics","/c/en/bar","/c/en/barista"],"weight":0.21421739999999956,"degrees":[29,131,380,7601,1972,73]},"num_concepts_raised":380337},{"base_id":756,"kind":"bot_words","i1":4,"i2":8,"sol":{"path":["/c/en/disastrously","/c/en/disaster","/c/en/qualm","/c/en/doubt","/c/en/redoubt"],"weight":0.20540999999999987,"degrees":[29,539,70,879,67]},"num_concepts_raised":9593},{"base_id":756,"kind":"bot_words","i1":4,"i2":9,"sol":{"path":["/c/en/disastrously","/c/en/calamitous","/c/en/unfortunate","/c/da/uheldig","/c/en/inadvisable"],"weight":0.2030499999999999,"degrees":[29,83,379,16,48]},"num_concepts_raised":2174},{"base_id":756,"kind":"bot_words","i1":5,"i2":6,"sol":{"path":["/c/en/ethylene","/c/en/gas","/c/en/slang","/c/en/muff"],"weight":0.21166999999999966,"degrees":[218,1636,16318,106]},"num_concepts_raised":61374},{"base_id":756,"kind":"bot_words","i1":5,"i2":7,"sol":{"path":["/c/en/ethylene","/c/en/pressure","/c/en/bar","/c/en/barista"],"weight":0.2160999999999998,"degrees":[218,993,1972,73]},"num_concepts_raised":26837},{"base_id":756,"kind":"bot_words","i1":5,"i2":8,"sol":{"path":["/c/en/ethylene","/c/en/organic","/c/en/military","/c/en/redoubt"],"weight":0.21103999999999973,"degrees":[218,770,5690,67]},"num_concepts_raised":32197},{"base_id":756,"kind":"bot_words","i1":5,"i2":9,"sol":{"path":["/c/en/ethylene","/c/en/hydrocarbon","/c/en/mare","/c/en/foolish","/c/en/inadvisable"],"weight":0.21196999999999974,"degrees":[218,745,425,959,48]},"num_concepts_raised":24883},{"base_id":756,"kind":"bot_words","i1":6,"i2":7,"sol":{"path":["/c/en/muff","/c/en/sports","/c/en/bar","/c/en/barista"],"weight":0.2095499999999998,"degrees":[106,3417,1972,73]},"num_concepts_raised":41593},{"base_id":756,"kind":"bot_words","i1":6,"i2":8,"sol":{"path":["/c/en/muff","/c/en/historical","/c/fi/redutti","/c/en/redoubt"],"weight":0.20634999999999973,"degrees":[106,8415,7,67]},"num_concepts_raised":46381},{"base_id":756,"kind":"bot_words","i1":6,"i2":9,"sol":{"path":["/c/en/muff","/c/en/fool","/c/en/foolish","/c/en/inadvisable"],"weight":0.20510999999999976,"degrees":[106,1406,959,48]},"num_concepts_raised":39634},{"base_id":756,"kind":"bot_words","i1":7,"i2":8,"sol":{"path":["/c/en/barista","/c/en/bar","/c/en/hangout","/c/pt/reduto","/c/en/redoubt"],"weight":0.21100999999999986,"degrees":[73,1972,32,14,67]},"num_concepts_raised":12416},{"base_id":756,"kind":"bot_words","i1":7,"i2":9,"sol":{"path":["/c/en/barista","/c/en/bar","/c/en/foo","/c/en/foolish","/c/en/inadvisable"],"weight":0.20973999999999987,"degrees":[73,1972,67,959,48]},"num_concepts_raised":5052},{"base_id":756,"kind":"bot_words","i1":8,"i2":9,"sol":{"path":["/c/en/redoubt","/c/en/military","/c/en/airhead","/c/en/foolish","/c/en/inadvisable"],"weight":0.20465999999999984,"degrees":[67,5690,78,959,48]},"num_concepts_raised":10450}],[{"base_id":756,"kind":"top_words","i1":0,"i2":1,"sol":{"path":["/c/en/motorway","/c/en/drive","/c/en/dr","/c/en/sr"],"weight":0.2124299999999999,"degrees":[190,2162,67,43]},"num_concepts_raised":43122},{"base_id":756,"kind":"top_words","i1":0,"i2":2,"sol":{"path":["/c/en/motorway","/c/en/highway"],"weight":0.20600000000000002,"degrees":[190,530]},"num_concepts_raised":518},{"base_id":756,"kind":"top_words","i1":0,"i2":3,"sol":{"path":["/c/en/motorway","/c/en/expressway","/c/en/carriageway"],"weight":0.20400000000000001,"degrees":[190,177,58]},"num_concepts_raised":189},{"base_id":756,"kind":"top_words","i1":0,"i2":4,"sol":{"path":["/c/en/motorway","/c/nl/knooppunt","/c/en/junction"],"weight":0.202,"degrees":[190,25,386]},"num_concepts_raised":462},{"base_id":756,"kind":"top_words","i1":0,"i2":5,"sol":{"path":["/c/en/motorway","/c/en/expressway","/c/en/intersection"],"weight":0.20400000000000001,"degrees":[190,177,494]},"num_concepts_raised":520},{"base_id":756,"kind":"top_words","i1":0,"i2":6,"sol":{"path":["/c/en/motorway","/c/en/freeway"],"weight":0.20700000000000002,"degrees":[190,224]},"num_concepts_raised":278},{"base_id":756,"kind":"top_words","i1":0,"i2":7,"sol":{"path":["/c/en/motorway","/c/en/expressway"],"weight":0.20700000000000002,"degrees":[190,177]},"num_concepts_raised":242},{"base_id":756,"kind":"top_words","i1":0,"i2":8,"sol":{"path":["/c/en/motorway","/c/en/city","/c/en/terminus"],"weight":0.20400000000000001,"degrees":[190,3758,152]},"num_concepts_raised":260},{"base_id":756,"kind":"top_words","i1":0,"i2":9,"sol":{"path":["/c/en/motorway","/c/en/highway","/c/en/interchange"],"weight":0.203,"degrees":[190,530,236]},"num_concepts_raised":339},{"base_id":756,"kind":"top_words","i1":1,"i2":2,"sol":{"path":["/c/en/sr","/c/en/big","/c/en/highway"],"weight":0.20600000000000002,"degrees":[43,1222,530]},"num_concepts_raised":462},{"base_id":756,"kind":"top_words","i1":1,"i2":3,"sol":{"path":["/c/en/sr","/c/en/uk","/c/en/road","/c/en/carriageway"],"weight":0.2086999999999999,"degrees":[43,5562,1871,58]},"num_concepts_raised":24394},{"base_id":756,"kind":"top_words","i1":1,"i2":4,"sol":{"path":["/c/en/sr","/c/en/computing","/c/en/junction"],"weight":0.20400000000000001,"degrees":[43,9084,386]},"num_concepts_raised":353},{"base_id":756,"kind":"top_words","i1":1,"i2":5,"sol":{"path":["/c/en/sr","/c/en/computing","/c/en/junction","/c/en/intersection"],"weight":0.21614999999999934,"degrees":[43,9084,386,494]},"num_concepts_raised":61665},{"base_id":756,"kind":"top_words","i1":1,"i2":6,"sol":{"path":["/c/en/sr","/c/en/big","/c/en/highway","/c/en/freeway"],"weight":0.22063999999999967,"degrees":[43,1222,530,224]},"num_concepts_raised":50498},{"base_id":756,"kind":"top_words","i1":1,"i2":7,"sol":{"path":["/c/en/sr","/c/en/big","/c/en/highway","/c/en/expressway"],"weight":0.2130199999999997,"degrees":[43,1222,530,177]},"num_concepts_raised":45069},{"base_id":756,"kind":"top_words","i1":1,"i2":8,"sol":{"path":["/c/en/sr","/c/en/computing","/c/en/terminal","/c/en/terminus"],"weight":0.2191099999999997,"degrees":[43,9084,530,152]},"num_concepts_raised":42305},{"base_id":756,"kind":"top_words","i1":1,"i2":9,"sol":{"path":["/c/en/sr","/c/en/rail_transport","/c/en/interchange"],"weight":0.20400000000000001,"degrees":[43,301,236]},"num_concepts_raised":231},{"base_id":756,"kind":"top_words","i1":2,"i2":3,"sol":{"path":["/c/en/highway","/c/en/road","/c/en/carriageway"],"weight":0.20600000000000002,"degrees":[530,1871,58]},"num_concepts_raised":466},{"base_id":756,"kind":"top_words","i1":2,"i2":4,"sol":{"path":["/c/en/highway","/c/en/intersection","/c/en/junction"],"weight":0.20700000000000002,"degrees":[530,494,386]},"num_concepts_raised":739},{"base_id":756,"kind":"top_words","i1":2,"i2":5,"sol":{"path":["/c/en/highway","/c/en/intersection"],"weight":0.20400000000000001,"degrees":[530,494]},"num_concepts_raised":793},{"base_id":756,"kind":"top_words","i1":2,"i2":6,"sol":{"path":["/c/en/highway","/c/en/freeway"],"weight":0.21100000000000002,"degrees":[530,224]},"num_concepts_raised":553},{"base_id":756,"kind":"top_words","i1":2,"i2":7,"sol":{"path":["/c/en/highway","/c/en/expressway"],"weight":0.20800000000000002,"degrees":[530,177]},"num_concepts_raised":512},{"base_id":756,"kind":"top_words","i1":2,"i2":8,"sol":{"path":["/c/en/highway","/c/en/city","/c/en/terminus"],"weight":0.20600000000000002,"degrees":[530,3758,152]},"num_concepts_raised":540},{"base_id":756,"kind":"top_words","i1":2,"i2":9,"sol":{"path":["/c/en/highway","/c/en/interchange"],"weight":0.20500000000000002,"degrees":[530,236]},"num_concepts_raised":615},{"base_id":756,"kind":"top_words","i1":3,"i2":4,"sol":{"path":["/c/en/carriageway","/c/en/road","/c/en/junction"],"weight":0.202,"degrees":[58,1871,386]},"num_concepts_raised":363},{"base_id":756,"kind":"top_words","i1":3,"i2":5,"sol":{"path":["/c/en/carriageway","/c/en/road","/c/en/intersection"],"weight":0.20400000000000001,"degrees":[58,1871,494]},"num_concepts_raised":421},{"base_id":756,"kind":"top_words","i1":3,"i2":6,"sol":{"path":["/c/en/carriageway","/c/en/expressway","/c/en/freeway"],"weight":0.20500000000000002,"degrees":[58,177,224]},"num_concepts_raised":223},{"base_id":756,"kind":"top_words","i1":3,"i2":7,"sol":{"path":["/c/en/carriageway","/c/en/expressway"],"weight":0.202,"degrees":[58,177]},"num_concepts_raised":180},{"base_id":756,"kind":"top_words","i1":3,"i2":8,"sol":{"path":["/c/en/carriageway","/c/en/road","/c/en/city","/c/en/terminus"],"weight":0.21009999999999968,"degrees":[58,1871,3758,152]},"num_concepts_raised":28056},{"base_id":756,"kind":"top_words","i1":3,"i2":9,"sol":{"path":["/c/en/carriageway","/c/en/road","/c/en/interchange"],"weight":0.202,"degrees":[58,1871,236]},"num_concepts_raised":240},{"base_id":756,"kind":"top_words","i1":4,"i2":5,"sol":{"path":["/c/en/junction","/c/en/intersection"],"weight":0.20700000000000002,"degrees":[386,494]},"num_concepts_raised":661},{"base_id":756,"kind":"top_words","i1":4,"i2":6,"sol":{"path":["/c/en/junction","/c/en/road","/c/en/freeway"],"weight":0.20500000000000002,"degrees":[386,1871,224]},"num_concepts_raised":495},{"base_id":756,"kind":"top_words","i1":4,"i2":7,"sol":{"path":["/c/en/junction","/c/en/intersection","/c/en/expressway"],"weight":0.20500000000000002,"degrees":[386,494,177]},"num_concepts_raised":455},{"base_id":756,"kind":"top_words","i1":4,"i2":8,"sol":{"path":["/c/en/junction","/c/en/boundary","/c/en/terminus"],"weight":0.20400000000000001,"degrees":[386,774,152]},"num_concepts_raised":432},{"base_id":756,"kind":"top_words","i1":4,"i2":9,"sol":{"path":["/c/en/junction","/c/en/interchange"],"weight":0.203,"degrees":[386,236]},"num_concepts_raised":502},{"base_id":756,"kind":"top_words","i1":5,"i2":6,"sol":{"path":["/c/en/intersection","/c/en/road","/c/en/freeway"],"weight":0.20700000000000002,"degrees":[494,1871,224]},"num_concepts_raised":551},{"base_id":756,"kind":"top_words","i1":5,"i2":7,"sol":{"path":["/c/en/intersection","/c/en/expressway"],"weight":0.202,"degrees":[494,177]},"num_concepts_raised":511},{"base_id":756,"kind":"top_words","i1":5,"i2":8,"sol":{"path":["/c/en/intersection","/c/en/point","/c/en/terminus"],"weight":0.20500000000000002,"degrees":[494,2624,152]},"num_concepts_raised":488},{"base_id":756,"kind":"top_words","i1":5,"i2":9,"sol":{"path":["/c/en/intersection","/c/en/junction","/c/en/interchange"],"weight":0.20400000000000001,"degrees":[494,386,236]},"num_concepts_raised":566},{"base_id":756,"kind":"top_words","i1":6,"i2":7,"sol":{"path":["/c/en/freeway","/c/en/expressway"],"weight":0.20800000000000002,"degrees":[224,177]},"num_concepts_raised":271},{"base_id":756,"kind":"top_words","i1":6,"i2":8,"sol":{"path":["/c/en/freeway","/c/en/city","/c/en/terminus"],"weight":0.20600000000000002,"degrees":[224,3758,152]},"num_concepts_raised":293},{"base_id":756,"kind":"top_words","i1":6,"i2":9,"sol":{"path":["/c/en/freeway","/c/en/highway","/c/en/interchange"],"weight":0.20600000000000002,"degrees":[224,530,236]},"num_concepts_raised":371},{"base_id":756,"kind":"top_words","i1":7,"i2":8,"sol":{"path":["/c/en/expressway","/c/en/city","/c/en/terminus"],"weight":0.20400000000000001,"degrees":[177,3758,152]},"num_concepts_raised":253},{"base_id":756,"kind":"top_words","i1":7,"i2":9,"sol":{"path":["/c/en/expressway","/c/en/highway","/c/en/interchange"],"weight":0.20400000000000001,"degrees":[177,530,236]},"num_concepts_raised":331},{"base_id":756,"kind":"top_words","i1":8,"i2":9,"sol":{"path":["/c/en/terminus","/c/en/terminal","/c/en/receive","/c/en/interchange"],"weight":0.21609999999999924,"degrees":[152,530,1180,236]},"num_concepts_raised":40742}]]