[[{"base_id":823,"kind":"bot_words","i1":0,"i2":1,"sol":{"path":["/c/en/homage","/c/en/respect","/c/th/เรียน","/c/en/speak","/c/en/spake"],"weight":0.20512999999999978,"degrees":[130,1090,40,1441,23]},"num_concepts_raised":18458},{"base_id":823,"kind":"bot_words","i1":0,"i2":2,"sol":{"path":["/c/en/homage","/c/en/court","/c/en/formal","/c/en/starchy"],"weight":0.20450999999999966,"degrees":[130,1616,2270,66]},"num_concepts_raised":22851},{"base_id":823,"kind":"bot_words","i1":0,"i2":3,"sol":{"path":["/c/en/homage","/c/en/historical","/c/en/reb","/c/en/rebecca"],"weight":0.21415999999999974,"degrees":[130,8415,27,93]},"num_concepts_raised":16633},{"base_id":823,"kind":"bot_words","i1":0,"i2":4,"sol":{"path":["/c/en/homage","/c/en/manred","/c/en/uk","/c/en/antipodes"],"weight":0.20504999999999973,"degrees":[130,22,5562,39]},"num_concepts_raised":30065},{"base_id":823,"kind":"bot_words","i1":0,"i2":5,"sol":{"path":["/c/en/homage","/c/en/lady","/c/en/bird","/c/en/aviculture"],"weight":0.20401999999999978,"degrees":[130,787,4970,27]},"num_concepts_raised":21604},{"base_id":823,"kind":"bot_words","i1":0,"i2":6,"sol":{"path":["/c/en/homage","/c/en/vassal","/c/en/feud","/c/en/rupture","/c/en/directivity"],"weight":0.20500999999999975,"degrees":[130,235,237,247,24]},"num_concepts_raised":28410},{"base_id":823,"kind":"bot_words","i1":0,"i2":7,"sol":{"path":["/c/en/homage","/c/en/vassal","/c/en/reduce","/c/en/narcotic","/c/en/methadone"],"weight":0.21345999999999976,"degrees":[130,235,1258,381,115]},"num_concepts_raised":34307},{"base_id":823,"kind":"bot_words","i1":0,"i2":8,"sol":{"path":["/c/en/homage","/c/en/historical","/c/en/umbo"],"weight":0.202,"degrees":[130,8415,57]},"num_concepts_raised":161},{"base_id":823,"kind":"bot_words","i1":0,"i2":9,"sol":{"path":["/c/en/homage","/c/en/court","/c/en/judge","/c/en/abdon"],"weight":0.20920999999999973,"degrees":[130,1616,1643,36]},"num_concepts_raised":138541},{"base_id":823,"kind":"bot_words","i1":1,"i2":2,"sol":{"path":["/c/en/spake","/c/en/speak","/c/en/slang","/c/en/potato","/c/en/starchy"],"weight":0.20420999999999984,"degrees":[23,1441,16318,1041,66]},"num_concepts_raised":11558},{"base_id":823,"kind":"bot_words","i1":1,"i2":3,"sol":{"path":["/c/en/spake","/c/en/prompt","/c/en/person","/c/en/becky","/c/en/rebecca"],"weight":0.2128899999999999,"degrees":[23,392,12935,31,93]},"num_concepts_raised":5253},{"base_id":823,"kind":"bot_words","i1":1,"i2":4,"sol":{"path":["/c/en/spake","/c/en/tame","/c/en/uk","/c/en/antipodes"],"weight":0.20275999999999988,"degrees":[23,432,5562,39]},"num_concepts_raised":19203},{"base_id":823,"kind":"bot_words","i1":1,"i2":5,"sol":{"path":["/c/en/spake","/c/en/speak","/c/en/word","/c/en/bird","/c/en/aviculture"],"weight":0.20377999999999996,"degrees":[23,1441,2436,4970,27]},"num_concepts_raised":10330},{"base_id":823,"kind":"bot_words","i1":1,"i2":6,"sol":{"path":["/c/en/spake","/c/en/speak","/c/en/bar","/c/en/physics","/c/en/directivity"],"weight":0.20364999999999991,"degrees":[23,1441,1972,9094,24]},"num_concepts_raised":17066},{"base_id":823,"kind":"bot_words","i1":1,"i2":7,"sol":{"path":["/c/en/spake","/c/en/prompt","/c/en/induce","/c/en/narcotic","/c/en/methadone"],"weight":0.21103999999999995,"degrees":[23,392,505,381,115]},"num_concepts_raised":22987},{"base_id":823,"kind":"bot_words","i1":1,"i2":8,"sol":{"path":["/c/en/spake","/c/en/speak","/c/en/round","/c/en/umbo"],"weight":0.20395999999999984,"degrees":[23,1441,1452,57]},"num_concepts_raised":36763},{"base_id":823,"kind":"bot_words","i1":1,"i2":9,"sol":{"path":["/c/en/spake","/c/en/prompt","/c/en/person","/c/en/abdon"],"weight":0.20779999999999987,"degrees":[23,392,12935,36]},"num_concepts_raised":127588},{"base_id":823,"kind":"bot_words","i1":2,"i2":3,"sol":{"path":["/c/en/starchy","/c/en/potato","/c/en/chip","/c/en/given_name","/c/en/rebecca"],"weight":0.2134399999999998,"degrees":[66,1041,782,1247,93]},"num_concepts_raised":9748},{"base_id":823,"kind":"bot_words","i1":2,"i2":4,"sol":{"path":["/c/en/starchy","/c/en/corn","/c/en/australia","/c/en/antipodes"],"weight":0.20438999999999977,"degrees":[66,1203,2690,39]},"num_concepts_raised":23563},{"base_id":823,"kind":"bot_words","i1":2,"i2":5,"sol":{"path":["/c/en/starchy","/c/en/corn","/c/en/bird","/c/en/aviculture"],"weight":0.2032399999999998,"degrees":[66,1203,4970,27]},"num_concepts_raised":14783},{"base_id":823,"kind":"bot_words","i1":2,"i2":6,"sol":{"path":["/c/en/starchy","/c/en/starch","/c/en/iron","/c/en/physics","/c/en/directivity"],"weight":0.2043299999999998,"degrees":[66,514,2867,9094,24]},"num_concepts_raised":21543},{"base_id":823,"kind":"bot_words","i1":2,"i2":7,"sol":{"path":["/c/en/starchy","/c/fr/féculeux","/c/fr/chimie","/c/fr/méthadone","/c/en/methadone"],"weight":0.21351999999999982,"degrees":[66,5,9652,18,115]},"num_concepts_raised":27413},{"base_id":823,"kind":"bot_words","i1":2,"i2":8,"sol":{"path":["/c/en/starchy","/c/en/corn","/c/en/ear","/c/en/umbo"],"weight":0.20356999999999972,"degrees":[66,1203,1621,57]},"num_concepts_raised":41098},{"base_id":823,"kind":"bot_words","i1":2,"i2":9,"sol":{"path":["/c/en/starchy","/c/en/starch","/c/en/stiff","/c/en/person","/c/en/abdon"],"weight":0.2096099999999998,"degrees":[66,514,494,12935,36]},"num_concepts_raised":132023},{"base_id":823,"kind":"bot_words","i1":3,"i2":4,"sol":{"path":["/c/en/rebecca","/c/en/given_name","/c/en/australia","/c/en/antipodes"],"weight":0.21413999999999986,"degrees":[93,1247,2690,39]},"num_concepts_raised":17405},{"base_id":823,"kind":"bot_words","i1":3,"i2":5,"sol":{"path":["/c/en/rebecca","/c/en/becky","/c/en/white","/c/en/bird","/c/en/aviculture"],"weight":0.2129999999999999,"degrees":[93,31,2081,4970,27]},"num_concepts_raised":8517},{"base_id":823,"kind":"bot_words","i1":3,"i2":6,"sol":{"path":["/c/en/rebecca","/c/en/given_name","/c/en/susy","/c/en/physics","/c/en/directivity"],"weight":0.21288999999999988,"degrees":[93,1247,21,9094,24]},"num_concepts_raised":15246},{"base_id":823,"kind":"bot_words","i1":3,"i2":7,"sol":{"path":["/c/en/rebecca","/c/es/rebeca","/c/en/wool","/c/en/synthetic","/c/en/methadone"],"weight":0.2212899999999999,"degrees":[93,17,1201,537,115]},"num_concepts_raised":21165},{"base_id":823,"kind":"bot_words","i1":3,"i2":8,"sol":{"path":["/c/en/rebecca","/c/en/given_name","/c/en/shell","/c/en/umbo"],"weight":0.2132299999999998,"degrees":[93,1247,1513,57]},"num_concepts_raised":34990},{"base_id":823,"kind":"bot_words","i1":3,"i2":9,"sol":{"path":["/c/en/rebecca","/c/fr/rébecca","/c/en/biblical_character","/c/en/abdon"],"weight":0.22262999999999986,"degrees":[93,38,1015,36]},"num_concepts_raised":125722},{"base_id":823,"kind":"bot_words","i1":4,"i2":5,"sol":{"path":["/c/en/antipodes","/c/en/uk","/c/en/bird","/c/en/aviculture"],"weight":0.2028799999999999,"degrees":[39,5562,4970,27]},"num_concepts_raised":22329},{"base_id":823,"kind":"bot_words","i1":4,"i2":6,"sol":{"path":["/c/en/antipodes","/c/en/earth","/c/en/geology","/c/en/directivity"],"weight":0.20280999999999988,"degrees":[39,2336,3862,24]},"num_concepts_raised":29021},{"base_id":823,"kind":"bot_words","i1":4,"i2":7,"sol":{"path":["/c/en/antipodes","/c/en/earth","/c/en/stone","/c/en/narcotic","/c/en/methadone"],"weight":0.21126999999999987,"degrees":[39,2336,1934,381,115]},"num_concepts_raised":35016},{"base_id":823,"kind":"bot_words","i1":4,"i2":8,"sol":{"path":["/c/en/antipodes","/c/en/region","/c/en/boss","/c/en/umbo"],"weight":0.20413999999999977,"degrees":[39,1382,723,57]},"num_concepts_raised":48138},{"base_id":823,"kind":"bot_words","i1":4,"i2":9,"sol":{"path":["/c/en/antipodes","/c/en/place","/c/en/person","/c/en/abdon"],"weight":0.20800999999999983,"degrees":[39,3314,12935,36]},"num_concepts_raised":139295},{"base_id":823,"kind":"bot_words","i1":5,"i2":6,"sol":{"path":["/c/en/aviculture","/c/en/bird","/c/en/emu","/c/en/physics","/c/en/directivity"],"weight":0.20274999999999993,"degrees":[27,4970,203,9094,24]},"num_concepts_raised":20315},{"base_id":823,"kind":"bot_words","i1":5,"i2":7,"sol":{"path":["/c/en/aviculture","/c/en/culture","/c/en/behaviour","/c/en/narcotic","/c/en/methadone"],"weight":0.2111099999999999,"degrees":[27,1324,558,381,115]},"num_concepts_raised":26194},{"base_id":823,"kind":"bot_words","i1":5,"i2":8,"sol":{"path":["/c/en/aviculture","/c/en/culture","/c/en/biology","/c/en/umbo"],"weight":0.20297999999999983,"degrees":[27,1324,6216,57]},"num_concepts_raised":39806},{"base_id":823,"kind":"bot_words","i1":5,"i2":9,"sol":{"path":["/c/en/aviculture","/c/en/care","/c/en/person","/c/en/abdon"],"weight":0.20783999999999989,"degrees":[27,1526,12935,36]},"num_concepts_raised":130765},{"base_id":823,"kind":"bot_words","i1":6,"i2":7,"sol":{"path":["/c/en/directivity","/c/en/physics","/c/en/chemistry","/c/en/methadone"],"weight":0.2090199999999999,"degrees":[24,9094,11754,115]},"num_concepts_raised":32026},{"base_id":823,"kind":"bot_words","i1":6,"i2":8,"sol":{"path":["/c/en/directivity","/c/en/geology","/c/en/boss","/c/en/umbo"],"weight":0.20396999999999982,"degrees":[24,3862,723,57]},"num_concepts_raised":46430},{"base_id":823,"kind":"bot_words","i1":6,"i2":9,"sol":{"path":["/c/en/directivity","/c/en/physics","/c/en/science","/c/en/person","/c/en/abdon"],"weight":0.20785999999999988,"degrees":[24,9094,1674,12935,36]},"num_concepts_raised":137556},{"base_id":823,"kind":"bot_words","i1":7,"i2":8,"sol":{"path":["/c/en/methadone","/c/en/management","/c/en/boss","/c/en/umbo"],"weight":0.21029999999999982,"degrees":[115,756,723,57]},"num_concepts_raised":52364},{"base_id":823,"kind":"bot_words","i1":7,"i2":9,"sol":{"path":["/c/en/methadone","/c/en/meth","/c/en/person","/c/en/abdon"],"weight":0.21410999999999986,"degrees":[115,36,12935,36]},"num_concepts_raised":143408},{"base_id":823,"kind":"bot_words","i1":8,"i2":9,"sol":{"path":["/c/en/umbo","/c/en/boss","/c/en/person","/c/en/abdon"],"weight":0.20917999999999978,"degrees":[57,723,12935,36]},"num_concepts_raised":156892}],[{"base_id":823,"kind":"top_words","i1":0,"i2":1,"sol":{"path":["/c/en/disrepute","/c/en/discredit","/c/fr/abaisser","/c/fr/muer","/c/en/mutate"],"weight":0.2047499999999998,"degrees":[54,191,401,135,80]},"num_concepts_raised":7405},{"base_id":823,"kind":"top_words","i1":0,"i2":2,"sol":{"path":["/c/en/disrepute","/c/en/discredit","/c/en/disgrace","/c/io/desfavorizar","/c/en/disfavour"],"weight":0.20429999999999976,"degrees":[54,191,399,7,45]},"num_concepts_raised":4049},{"base_id":823,"kind":"top_words","i1":0,"i2":3,"sol":{"path":["/c/en/disrepute","/c/en/infamy","/c/fr/forfait","/c/fr/abandon","/c/en/desuetude"],"weight":0.20294999999999977,"degrees":[54,149,107,271,30]},"num_concepts_raised":3399},{"base_id":823,"kind":"top_words","i1":0,"i2":4,"sol":{"path":["/c/en/disrepute","/c/en/reputation","/c/en/name","/c/en/introduce","/c/en/induct"],"weight":0.20465999999999962,"degrees":[54,519,2629,559,74]},"num_concepts_raised":18409},{"base_id":823,"kind":"top_words","i1":0,"i2":5,"sol":{"path":["/c/en/disrepute","/c/ms/aib","/c/en/mark","/c/en/ask","/c/en/enquire"],"weight":0.20547999999999966,"degrees":[54,20,1876,1149,101]},"num_concepts_raised":6715},{"base_id":823,"kind":"top_words","i1":0,"i2":6,"sol":{"path":["/c/en/disrepute","/c/en/reputation","/c/en/report","/c/en/progress","/c/en/inroad"],"weight":0.2032299999999997,"degrees":[54,519,1263,854,47]},"num_concepts_raised":5133},{"base_id":823,"kind":"top_words","i1":0,"i2":7,"sol":{"path":["/c/en/disrepute","/c/en/blame","/c/ja/かする","/c/en/transform","/c/en/transmute"],"weight":0.20374999999999982,"degrees":[54,816,10,482,67]},"num_concepts_raised":22649},{"base_id":823,"kind":"top_words","i1":0,"i2":8,"sol":{"path":["/c/en/disrepute","/c/en/discredit","/c/en/false","/c/en/delude"],"weight":0.20493999999999957,"degrees":[54,191,970,118]},"num_concepts_raised":9740},{"base_id":823,"kind":"top_words","i1":0,"i2":9,"sol":{"path":["/c/en/disrepute","/c/en/blame","/c/la/confero","/c/en/metamorphose"],"weight":0.20348999999999967,"degrees":[54,816,209,79]},"num_concepts_raised":8806},{"base_id":823,"kind":"top_words","i1":1,"i2":2,"sol":{"path":["/c/en/mutate","/c/en/change","/c/en/warm","/c/en/favour","/c/en/disfavour"],"weight":0.20487999999999984,"degrees":[80,3383,999,399,45]},"num_concepts_raised":6132},{"base_id":823,"kind":"top_words","i1":1,"i2":3,"sol":{"path":["/c/en/mutate","/c/fr/muter","/c/fr/emploi","/c/fr/désuétude","/c/en/desuetude"],"weight":0.20651999999999984,"degrees":[80,125,541,49,30]},"num_concepts_raised":5454},{"base_id":823,"kind":"top_words","i1":1,"i2":4,"sol":{"path":["/c/en/mutate","/c/en/change","/c/en/experience","/c/en/induct"],"weight":0.2042299999999997,"degrees":[80,3383,1082,74]},"num_concepts_raised":20330},{"base_id":823,"kind":"top_words","i1":1,"i2":5,"sol":{"path":["/c/en/mutate","/c/fr/muter","/c/zh/調","/c/en/investigate","/c/en/enquire"],"weight":0.20637999999999973,"degrees":[80,125,51,531,101]},"num_concepts_raised":8775},{"base_id":823,"kind":"top_words","i1":1,"i2":6,"sol":{"path":["/c/en/mutate","/c/en/change","/c/en/progress","/c/en/inroad"],"weight":0.20394999999999974,"degrees":[80,3383,854,47]},"num_concepts_raised":7156},{"base_id":823,"kind":"top_words","i1":1,"i2":7,"sol":{"path":["/c/en/mutate","/c/en/change","/c/en/transmute"],"weight":0.202,"degrees":[80,3383,67]},"num_concepts_raised":108},{"base_id":823,"kind":"top_words","i1":1,"i2":8,"sol":{"path":["/c/en/mutate","/c/en/change","/c/en/bubble","/c/en/delude"],"weight":0.20467999999999964,"degrees":[80,3383,633,118]},"num_concepts_raised":11785},{"base_id":823,"kind":"top_words","i1":1,"i2":9,"sol":{"path":["/c/en/mutate","/c/fi/muuttua","/c/en/metamorphose"],"weight":0.202,"degrees":[80,40,79]},"num_concepts_raised":131},{"base_id":823,"kind":"top_words","i1":2,"i2":3,"sol":{"path":["/c/en/disfavour","/c/fr/défaveur","/c/fr/cessation","/c/fr/désuétude","/c/en/desuetude"],"weight":0.20388999999999982,"degrees":[45,12,81,49,30]},"num_concepts_raised":2112},{"base_id":823,"kind":"top_words","i1":2,"i2":4,"sol":{"path":["/c/en/disfavour","/c/en/discriminate","/c/en/make","/c/en/induct"],"weight":0.20332999999999968,"degrees":[45,249,3395,74]},"num_concepts_raised":17138},{"base_id":823,"kind":"top_words","i1":2,"i2":5,"sol":{"path":["/c/en/disfavour","/c/en/favour","/c/en/request","/c/en/ask","/c/en/enquire"],"weight":0.2064699999999997,"degrees":[45,399,983,1149,101]},"num_concepts_raised":5452},{"base_id":823,"kind":"top_words","i1":2,"i2":6,"sol":{"path":["/c/en/disfavour","/c/en/favour","/c/fr/favoriser","/c/en/advance","/c/en/inroad"],"weight":0.20406999999999975,"degrees":[45,399,255,1141,47]},"num_concepts_raised":3854},{"base_id":823,"kind":"top_words","i1":2,"i2":7,"sol":{"path":["/c/en/disfavour","/c/en/favour","/c/en/warm","/c/en/change","/c/en/transmute"],"weight":0.2045399999999999,"degrees":[45,399,999,3383,67]},"num_concepts_raised":21379},{"base_id":823,"kind":"top_words","i1":2,"i2":8,"sol":{"path":["/c/en/disfavour","/c/en/favour","/c/en/act","/c/en/deceive","/c/en/delude"],"weight":0.2064099999999996,"degrees":[45,399,2503,901,118]},"num_concepts_raised":8480},{"base_id":823,"kind":"top_words","i1":2,"i2":9,"sol":{"path":["/c/en/disfavour","/c/en/disfavor","/c/en/favor","/c/en/turn","/c/en/metamorphose"],"weight":0.20460999999999968,"degrees":[45,60,531,2413,79]},"num_concepts_raised":7528},{"base_id":823,"kind":"top_words","i1":3,"i2":4,"sol":{"path":["/c/en/desuetude","/c/fr/désuétude","/c/fr/emploi","/c/en/office","/c/en/induct"],"weight":0.20434999999999967,"degrees":[30,49,541,1568,74]},"num_concepts_raised":16472},{"base_id":823,"kind":"top_words","i1":3,"i2":5,"sol":{"path":["/c/en/desuetude","/c/en/inaction","/c/en/action","/c/en/ask","/c/en/enquire"],"weight":0.2051899999999997,"degrees":[30,125,2156,1149,101]},"num_concepts_raised":4778},{"base_id":823,"kind":"top_words","i1":3,"i2":6,"sol":{"path":["/c/en/desuetude","/c/en/disuse","/c/en/use","/c/en/trespass","/c/en/inroad"],"weight":0.2029699999999997,"degrees":[30,54,2100,193,47]},"num_concepts_raised":3177},{"base_id":823,"kind":"top_words","i1":3,"i2":7,"sol":{"path":["/c/en/desuetude","/c/en/inaction","/c/en/state","/c/en/transmute"],"weight":0.2032099999999999,"degrees":[30,125,3243,67]},"num_concepts_raised":20704},{"base_id":823,"kind":"top_words","i1":3,"i2":8,"sol":{"path":["/c/en/desuetude","/c/la/desuetudo","/c/la/de","/c/en/delude"],"weight":0.2036199999999996,"degrees":[30,28,405,118]},"num_concepts_raised":7810},{"base_id":823,"kind":"top_words","i1":3,"i2":9,"sol":{"path":["/c/en/desuetude","/c/fr/désuétude","/c/fr/sortir","/c/la/abeo","/c/en/metamorphose"],"weight":0.20430999999999971,"degrees":[30,49,802,142,79]},"num_concepts_raised":6863},{"base_id":823,"kind":"top_words","i1":4,"i2":5,"sol":{"path":["/c/en/induct","/c/en/knowledge","/c/en/ask","/c/en/enquire"],"weight":0.2056899999999996,"degrees":[74,1394,1149,101]},"num_concepts_raised":19628},{"base_id":823,"kind":"top_words","i1":4,"i2":6,"sol":{"path":["/c/en/induct","/c/en/make","/c/en/progress","/c/en/inroad"],"weight":0.20339999999999958,"degrees":[74,3395,854,47]},"num_concepts_raised":18072},{"base_id":823,"kind":"top_words","i1":4,"i2":7,"sol":{"path":["/c/en/induct","/c/en/induce","/c/en/convert","/c/en/transmute"],"weight":0.20487999999999973,"degrees":[74,505,798,67]},"num_concepts_raised":35115},{"base_id":823,"kind":"top_words","i1":4,"i2":8,"sol":{"path":["/c/en/induct","/c/la/induco","/c/en/delude"],"weight":0.202,"degrees":[74,213,118]},"num_concepts_raised":173},{"base_id":823,"kind":"top_words","i1":4,"i2":9,"sol":{"path":["/c/en/induct","/c/en/make","/c/en/turn","/c/en/metamorphose"],"weight":0.20379999999999956,"degrees":[74,3395,2413,79]},"num_concepts_raised":21662},{"base_id":823,"kind":"top_words","i1":5,"i2":6,"sol":{"path":["/c/en/enquire","/c/en/ask_after","/c/en/progress","/c/en/inroad"],"weight":0.20374999999999965,"degrees":[101,19,854,47]},"num_concepts_raised":6505},{"base_id":823,"kind":"top_words","i1":5,"i2":7,"sol":{"path":["/c/en/enquire","/c/en/question","/c/en/form","/c/en/transmute"],"weight":0.20458999999999977,"degrees":[101,1408,2423,67]},"num_concepts_raised":23982},{"base_id":823,"kind":"top_words","i1":5,"i2":8,"sol":{"path":["/c/en/enquire","/c/en/ask","/c/en/pose","/c/en/deceive","/c/en/delude"],"weight":0.2077999999999995,"degrees":[101,1149,293,901,118]},"num_concepts_raised":11132},{"base_id":823,"kind":"top_words","i1":5,"i2":9,"sol":{"path":["/c/en/enquire","/c/en/inquire","/c/en/us","/c/en/metamorphosize","/c/en/metamorphose"],"weight":0.2065699999999996,"degrees":[101,289,8154,18,79]},"num_concepts_raised":10174},{"base_id":823,"kind":"top_words","i1":6,"i2":7,"sol":{"path":["/c/en/inroad","/c/en/progress","/c/en/change","/c/en/transmute"],"weight":0.2036099999999998,"degrees":[47,854,3383,67]},"num_concepts_raised":22373},{"base_id":823,"kind":"top_words","i1":6,"i2":8,"sol":{"path":["/c/en/inroad","/c/en/advance","/c/fr/faire","/c/fr/tromper","/c/en/delude"],"weight":0.20409999999999956,"degrees":[47,1141,4336,669,118]},"num_concepts_raised":9530},{"base_id":823,"kind":"top_words","i1":6,"i2":9,"sol":{"path":["/c/en/inroad","/c/en/progress","/c/en/change","/c/en/metamorphosis","/c/en/metamorphose"],"weight":0.20483999999999963,"degrees":[47,854,3383,250,79]},"num_concepts_raised":8563},{"base_id":823,"kind":"top_words","i1":7,"i2":8,"sol":{"path":["/c/en/transmute","/c/en/change","/c/en/bubble","/c/en/delude"],"weight":0.2043399999999997,"degrees":[67,3383,633,118]},"num_concepts_raised":26991},{"base_id":823,"kind":"top_words","i1":7,"i2":9,"sol":{"path":["/c/en/transmute","/c/en/transform","/c/en/metamorphose"],"weight":0.202,"degrees":[67,482,79]},"num_concepts_raised":115},{"base_id":823,"kind":"top_words","i1":8,"i2":9,"sol":{"path":["/c/en/delude","/c/fr/tromper","/c/vi/lộn","/c/en/metamorphose"],"weight":0.2044399999999995,"degrees":[118,669,30,79]},"num_concepts_raised":13155}]]