[[{"base_id":213,"kind":"bot_words","i1":0,"i2":1,"sol":{"path":["/c/en/bogatyr","/c/en/russian","/c/en/human","/c/en/vitamin","/c/en/pyridoxine"],"weight":0.20861999999999975,"degrees":[65,489,2645,498,62]},"num_concepts_raised":19629},{"base_id":213,"kind":"bot_words","i1":0,"i2":2,"sol":{"path":["/c/en/bogatyr","/c/en/warrior","/c/en/ancient","/c/en/antic"],"weight":0.20587999999999956,"degrees":[65,516,1083,165]},"num_concepts_raised":28376},{"base_id":213,"kind":"bot_words","i1":0,"i2":3,"sol":{"path":["/c/en/bogatyr","/c/en/historical","/c/en/hand","/c/en/wave","/c/en/waver"],"weight":0.20843999999999935,"degrees":[65,8415,2596,1749,285]},"num_concepts_raised":31580},{"base_id":213,"kind":"bot_words","i1":0,"i2":4,"sol":{"path":["/c/en/bogatyr","/c/en/russian","/c/en/oprichnina","/c/en/confiscation"],"weight":0.20990999999999993,"degrees":[65,489,21,145]},"num_concepts_raised":12083},{"base_id":213,"kind":"bot_words","i1":0,"i2":5,"sol":{"path":["/c/en/bogatyr","/c/ru/богатырский","/c/en/athletic","/c/en/dance","/c/en/gavotte"],"weight":0.20885999999999993,"degrees":[65,8,193,2473,69]},"num_concepts_raised":11556},{"base_id":213,"kind":"bot_words","i1":0,"i2":6,"sol":{"path":["/c/en/bogatyr","/c/en/historical","/c/en/planet","/c/en/daphnis"],"weight":0.21320999999999984,"degrees":[65,8415,1123,100]},"num_concepts_raised":21187},{"base_id":213,"kind":"bot_words","i1":0,"i2":7,"sol":{"path":["/c/en/bogatyr","/c/mn/баатар","/c/en/hero","/c/en/example","/c/en/exemplar"],"weight":0.20843999999999954,"degrees":[65,11,743,723,135]},"num_concepts_raised":17007},{"base_id":213,"kind":"bot_words","i1":0,"i2":8,"sol":{"path":["/c/en/bogatyr","/c/en/historical","/c/en/cell","/c/en/neuron","/c/en/neuronal"],"weight":0.2045999999999999,"degrees":[65,8415,2433,455,44]},"num_concepts_raised":10074},{"base_id":213,"kind":"bot_words","i1":0,"i2":9,"sol":{"path":["/c/en/bogatyr","/c/en/historical","/c/en/plate","/c/en/coat"],"weight":0.22281999999999755,"degrees":[65,8415,1940,1193]},"num_concepts_raised":123597},{"base_id":213,"kind":"bot_words","i1":1,"i2":2,"sol":{"path":["/c/en/pyridoxine","/c/en/fish","/c/en/play","/c/en/caper","/c/en/antic"],"weight":0.2117899999999994,"degrees":[62,4424,3092,276,165]},"num_concepts_raised":29554},{"base_id":213,"kind":"bot_words","i1":1,"i2":3,"sol":{"path":["/c/en/pyridoxine","/c/en/fish","/c/en/sea","/c/en/waver"],"weight":0.21107999999999918,"degrees":[62,4424,1714,285]},"num_concepts_raised":32731},{"base_id":213,"kind":"bot_words","i1":1,"i2":4,"sol":{"path":["/c/en/pyridoxine","/c/en/liver","/c/en/process","/c/en/confiscation"],"weight":0.21481999999999973,"degrees":[62,938,1571,145]},"num_concepts_raised":13100},{"base_id":213,"kind":"bot_words","i1":1,"i2":5,"sol":{"path":["/c/en/pyridoxine","/c/en/fish","/c/en/jig","/c/en/dance","/c/en/gavotte"],"weight":0.21374999999999977,"degrees":[62,4424,146,2473,69]},"num_concepts_raised":12597},{"base_id":213,"kind":"bot_words","i1":1,"i2":6,"sol":{"path":["/c/en/pyridoxine","/c/en/fish","/c/en/astronomy","/c/en/daphnis"],"weight":0.21808999999999967,"degrees":[62,4424,4553,100]},"num_concepts_raised":22225},{"base_id":213,"kind":"bot_words","i1":1,"i2":7,"sol":{"path":["/c/en/pyridoxine","/c/en/derivative","/c/en/archetype","/c/en/exemplar"],"weight":0.20930999999999939,"degrees":[62,901,123,135]},"num_concepts_raised":18070},{"base_id":213,"kind":"bot_words","i1":1,"i2":8,"sol":{"path":["/c/en/pyridoxine","/c/en/fish","/c/en/zoology","/c/en/neuron","/c/en/neuronal"],"weight":0.20946999999999977,"degrees":[62,4424,8127,455,44]},"num_concepts_raised":11081},{"base_id":213,"kind":"bot_words","i1":1,"i2":9,"sol":{"path":["/c/en/pyridoxine","/c/en/fish","/c/en/boat","/c/en/coat"],"weight":0.22933999999999738,"degrees":[62,4424,1763,1193]},"num_concepts_raised":124703},{"base_id":213,"kind":"bot_words","i1":2,"i2":3,"sol":{"path":["/c/en/antic","/c/en/wave","/c/en/waver"],"weight":0.20400000000000001,"degrees":[165,1749,285]},"num_concepts_raised":393},{"base_id":213,"kind":"bot_words","i1":2,"i2":4,"sol":{"path":["/c/en/antic","/c/fr/faire","/c/fr/saisie","/c/en/confiscation"],"weight":0.21522999999999953,"degrees":[165,4336,140,145]},"num_concepts_raised":21993},{"base_id":213,"kind":"bot_words","i1":2,"i2":5,"sol":{"path":["/c/en/antic","/c/en/arts","/c/en/dance","/c/en/gavotte"],"weight":0.21082999999999957,"degrees":[165,674,2473,69]},"num_concepts_raised":21441},{"base_id":213,"kind":"bot_words","i1":2,"i2":6,"sol":{"path":["/c/en/antic","/c/fr/faire","/c/fr/poète","/c/fr/daphnis","/c/en/daphnis"],"weight":0.21843999999999947,"degrees":[165,4336,272,62,100]},"num_concepts_raised":31105},{"base_id":213,"kind":"bot_words","i1":2,"i2":7,"sol":{"path":["/c/en/antic","/c/en/wave","/c/en/pattern","/c/en/exemplar"],"weight":0.2068399999999992,"degrees":[165,1749,911,135]},"num_concepts_raised":26725},{"base_id":213,"kind":"bot_words","i1":2,"i2":8,"sol":{"path":["/c/en/antic","/c/en/architecture","/c/en/cell","/c/en/neuron","/c/en/neuronal"],"weight":0.20666999999999958,"degrees":[165,2564,2433,455,44]},"num_concepts_raised":20056},{"base_id":213,"kind":"bot_words","i1":2,"i2":9,"sol":{"path":["/c/en/antic","/c/en/put_on","/c/en/coat"],"weight":0.20400000000000001,"degrees":[165,490,1193]},"num_concepts_raised":1143},{"base_id":213,"kind":"bot_words","i1":3,"i2":4,"sol":{"path":["/c/en/waver","/c/en/wave","/c/fr/faire","/c/fr/saisie","/c/en/confiscation"],"weight":0.21890999999999936,"degrees":[285,1749,4336,140,145]},"num_concepts_raised":25275},{"base_id":213,"kind":"bot_words","i1":3,"i2":5,"sol":{"path":["/c/en/waver","/c/en/swing","/c/en/dance","/c/en/gavotte"],"weight":0.21184999999999937,"degrees":[285,956,2473,69]},"num_concepts_raised":24710},{"base_id":213,"kind":"bot_words","i1":3,"i2":6,"sol":{"path":["/c/en/waver","/c/fr/frissonner","/c/fr/suite","/c/fr/daphnis","/c/en/daphnis"],"weight":0.22089999999999926,"degrees":[285,145,556,62,100]},"num_concepts_raised":34350},{"base_id":213,"kind":"bot_words","i1":3,"i2":7,"sol":{"path":["/c/en/waver","/c/en/wave","/c/en/pattern","/c/en/exemplar"],"weight":0.21050999999999898,"degrees":[285,1749,911,135]},"num_concepts_raised":30113},{"base_id":213,"kind":"bot_words","i1":3,"i2":8,"sol":{"path":["/c/en/waver","/c/en/wave","/c/en/flow","/c/en/vasomodulation","/c/en/neuronal"],"weight":0.20812999999999937,"degrees":[285,1749,1523,9,44]},"num_concepts_raised":23341},{"base_id":213,"kind":"bot_words","i1":3,"i2":9,"sol":{"path":["/c/en/waver","/c/en/wave","/c/en/dress","/c/en/coat"],"weight":0.23194999999999696,"degrees":[285,1749,1674,1193]},"num_concepts_raised":134948},{"base_id":213,"kind":"bot_words","i1":4,"i2":5,"sol":{"path":["/c/en/confiscation","/c/en/seizure","/c/en/epilepsy","/c/en/dance","/c/en/gavotte"],"weight":0.21544999999999995,"degrees":[145,291,356,2473,69]},"num_concepts_raised":5047},{"base_id":213,"kind":"bot_words","i1":4,"i2":6,"sol":{"path":["/c/en/confiscation","/c/fr/saisie","/c/fr/suite","/c/fr/daphnis","/c/en/daphnis"],"weight":0.22792999999999985,"degrees":[145,140,556,62,100]},"num_concepts_raised":14719},{"base_id":213,"kind":"bot_words","i1":4,"i2":7,"sol":{"path":["/c/en/confiscation","/c/fr/confiscation","/c/en/capture","/c/en/pattern","/c/en/exemplar"],"weight":0.21665999999999955,"degrees":[145,50,769,911,135]},"num_concepts_raised":10501},{"base_id":213,"kind":"bot_words","i1":4,"i2":8,"sol":{"path":["/c/en/confiscation","/c/it/sequestro","/c/en/pathology","/c/en/micropolygyria","/c/en/neuronal"],"weight":0.21163999999999994,"degrees":[145,22,5554,14,44]},"num_concepts_raised":3532},{"base_id":213,"kind":"bot_words","i1":4,"i2":9,"sol":{"path":["/c/en/confiscation","/c/grc/προσγράφω","/c/en/paint","/c/en/coat"],"weight":0.23506999999999753,"degrees":[145,13,1772,1193]},"num_concepts_raised":117649},{"base_id":213,"kind":"bot_words","i1":5,"i2":6,"sol":{"path":["/c/en/gavotte","/c/en/dance_music","/c/fr/musique","/c/fr/daphnis","/c/en/daphnis"],"weight":0.22248999999999985,"degrees":[69,177,4406,62,100]},"num_concepts_raised":14185},{"base_id":213,"kind":"bot_words","i1":5,"i2":7,"sol":{"path":["/c/en/gavotte","/c/en/dance","/c/en/example","/c/en/exemplar"],"weight":0.21224999999999955,"degrees":[69,2473,723,135]},"num_concepts_raised":9998},{"base_id":213,"kind":"bot_words","i1":5,"i2":8,"sol":{"path":["/c/en/gavotte","/c/en/dance","/c/en/activity","/c/en/depressant","/c/en/neuronal"],"weight":0.20852999999999994,"degrees":[69,2473,1154,56,44]},"num_concepts_raised":3013},{"base_id":213,"kind":"bot_words","i1":5,"i2":9,"sol":{"path":["/c/en/gavotte","/c/en/dance","/c/en/down","/c/en/coat"],"weight":0.22945999999999755,"degrees":[69,2473,1533,1193]},"num_concepts_raised":117322},{"base_id":213,"kind":"bot_words","i1":6,"i2":7,"sol":{"path":["/c/en/daphnis","/c/fr/daphnis","/c/fr/naturel","/c/fr/exemplaire","/c/en/exemplar"],"weight":0.21824999999999947,"degrees":[100,62,1074,125,135]},"num_concepts_raised":19649},{"base_id":213,"kind":"bot_words","i1":6,"i2":8,"sol":{"path":["/c/en/daphnis","/c/en/insect","/c/en/neuron","/c/en/neuronal"],"weight":0.21400999999999984,"degrees":[100,2112,455,44]},"num_concepts_raised":12696},{"base_id":213,"kind":"bot_words","i1":6,"i2":9,"sol":{"path":["/c/en/daphnis","/c/en/insect","/c/en/cake","/c/en/coat"],"weight":0.23396999999999746,"degrees":[100,2112,1707,1193]},"num_concepts_raised":126542},{"base_id":213,"kind":"bot_words","i1":7,"i2":8,"sol":{"path":["/c/en/exemplar","/c/en/pattern","/c/en/computing","/c/en/neural","/c/en/neuronal"],"weight":0.20566999999999955,"degrees":[135,911,9084,136,44]},"num_concepts_raised":8527},{"base_id":213,"kind":"bot_words","i1":7,"i2":9,"sol":{"path":["/c/en/exemplar","/c/en/example","/c/en/paint","/c/en/coat"],"weight":0.23231999999999714,"degrees":[135,723,1772,1193]},"num_concepts_raised":121946},{"base_id":213,"kind":"bot_words","i1":8,"i2":9,"sol":{"path":["/c/en/neuronal","/c/en/shaking_rat_kawasaki","/c/en/rat","/c/en/fur","/c/en/coat"],"weight":0.2290599999999975,"degrees":[44,6,814,747,1193]},"num_concepts_raised":116035}],[{"base_id":213,"kind":"top_words","i1":0,"i2":1,"sol":{"path":["/c/en/neoliberal","/c/en/liberal","/c/en/politics","/c/en/protectionism"],"weight":0.21136999999999992,"degrees":[36,401,3247,122]},"num_concepts_raised":10198},{"base_id":213,"kind":"top_words","i1":0,"i2":2,"sol":{"path":["/c/en/neoliberal","/c/en/liberal","/c/en/person","/c/en/world","/c/en/unilateralism"],"weight":0.20504999999999995,"degrees":[36,401,12935,1629,39]},"num_concepts_raised":2565},{"base_id":213,"kind":"top_words","i1":0,"i2":3,"sol":{"path":["/c/en/neoliberal","/c/en/liberal","/c/en/liberalization"],"weight":0.20400000000000001,"degrees":[36,401,59]},"num_concepts_raised":69},{"base_id":213,"kind":"top_words","i1":0,"i2":4,"sol":{"path":["/c/en/neoliberal","/c/en/liberal","/c/en/politics","/c/en/interventionism"],"weight":0.20489999999999994,"degrees":[36,401,3247,25]},"num_concepts_raised":14979},{"base_id":213,"kind":"top_words","i1":0,"i2":5,"sol":{"path":["/c/en/neoliberal","/c/en/liberal","/c/en/economic_liberalism","/c/en/capitalism"],"weight":0.21745000000000037,"degrees":[36,401,15,365]},"num_concepts_raised":14066},{"base_id":213,"kind":"top_words","i1":0,"i2":6,"sol":{"path":["/c/en/neoliberal","/c/en/neoliberalism","/c/en/liberalism","/c/en/economics","/c/en/keynesian"],"weight":0.20628000000000002,"degrees":[36,109,215,1720,31]},"num_concepts_raised":2517},{"base_id":213,"kind":"top_words","i1":0,"i2":7,"sol":{"path":["/c/en/neoliberal","/c/en/liberal","/c/fr/politique","/c/fr/hégémonie","/c/en/hegemony"],"weight":0.20844000000000001,"degrees":[36,401,3449,43,127]},"num_concepts_raised":3374},{"base_id":213,"kind":"top_words","i1":0,"i2":8,"sol":{"path":["/c/en/neoliberal","/c/en/liberal","/c/fr/politique","/c/fr/isolationnisme","/c/en/isolationism"],"weight":0.21535000000000015,"degrees":[36,401,3449,23,97]},"num_concepts_raised":1165},{"base_id":213,"kind":"top_words","i1":0,"i2":9,"sol":{"path":["/c/en/neoliberal","/c/en/liberal","/c/en/politics","/c/en/protectionism","/c/en/protectionist"],"weight":0.20717000000000002,"degrees":[36,401,3247,122,35]},"num_concepts_raised":2860},{"base_id":213,"kind":"top_words","i1":1,"i2":2,"sol":{"path":["/c/en/protectionism","/c/en/protectionist","/c/en/advocate","/c/en/unilateralist","/c/en/unilateralism"],"weight":0.2112799999999999,"degrees":[122,35,583,10,39]},"num_concepts_raised":11847},{"base_id":213,"kind":"top_words","i1":1,"i2":3,"sol":{"path":["/c/en/protectionism","/c/en/politics","/c/en/liberal","/c/en/liberalization"],"weight":0.20951999999999982,"degrees":[122,3247,401,59]},"num_concepts_raised":11459},{"base_id":213,"kind":"top_words","i1":1,"i2":4,"sol":{"path":["/c/en/protectionism","/c/en/politics","/c/en/interventionism"],"weight":0.20400000000000001,"degrees":[122,3247,25]},"num_concepts_raised":106},{"base_id":213,"kind":"top_words","i1":1,"i2":5,"sol":{"path":["/c/en/protectionism","/c/en/economics","/c/en/capitalism"],"weight":0.20600000000000002,"degrees":[122,1720,365]},"num_concepts_raised":310},{"base_id":213,"kind":"top_words","i1":1,"i2":6,"sol":{"path":["/c/en/protectionism","/c/en/economics","/c/en/keynesian"],"weight":0.20500000000000002,"degrees":[122,1720,31]},"num_concepts_raised":107},{"base_id":213,"kind":"top_words","i1":1,"i2":7,"sol":{"path":["/c/en/protectionism","/c/en/policy","/c/en/hegemonism","/c/en/hegemony"],"weight":0.2115499999999999,"degrees":[122,640,8,127]},"num_concepts_raised":12659},{"base_id":213,"kind":"top_words","i1":1,"i2":8,"sol":{"path":["/c/en/protectionism","/c/fr/protectionnisme","/c/fr/isolationnisme","/c/en/isolationism"],"weight":0.22571000000000008,"degrees":[122,40,23,97]},"num_concepts_raised":10463},{"base_id":213,"kind":"top_words","i1":1,"i2":9,"sol":{"path":["/c/en/protectionism","/c/en/protectionist"],"weight":0.20700000000000002,"degrees":[122,35]},"num_concepts_raised":106},{"base_id":213,"kind":"top_words","i1":2,"i2":3,"sol":{"path":["/c/en/unilateralism","/c/en/world","/c/en/peace","/c/en/relaxation","/c/en/liberalization"],"weight":0.20327999999999988,"degrees":[39,1629,1125,434,59]},"num_concepts_raised":3855},{"base_id":213,"kind":"top_words","i1":2,"i2":4,"sol":{"path":["/c/en/unilateralism","/c/en/lateralism","/c/en/medicine","/c/en/interventionism"],"weight":0.2028399999999999,"degrees":[39,28,11938,25]},"num_concepts_raised":16627},{"base_id":213,"kind":"top_words","i1":2,"i2":5,"sol":{"path":["/c/en/unilateralism","/c/en/doctrine","/c/en/individualism","/c/en/capitalism"],"weight":0.21344000000000035,"degrees":[39,662,133,365]},"num_concepts_raised":15667},{"base_id":213,"kind":"top_words","i1":2,"i2":6,"sol":{"path":["/c/en/unilateralism","/c/en/world","/c/en/real","/c/en/economics","/c/en/keynesian"],"weight":0.20414999999999997,"degrees":[39,1629,969,1720,31]},"num_concepts_raised":4150},{"base_id":213,"kind":"top_words","i1":2,"i2":7,"sol":{"path":["/c/en/unilateralism","/c/en/world","/c/en/domination","/c/ja/覇権","/c/en/hegemony"],"weight":0.20644999999999997,"degrees":[39,1629,193,10,127]},"num_concepts_raised":4994},{"base_id":213,"kind":"top_words","i1":2,"i2":8,"sol":{"path":["/c/en/unilateralism","/c/en/doctrine","/c/fr/doctrine","/c/fr/isolationnisme","/c/en/isolationism"],"weight":0.21330000000000016,"degrees":[39,662,711,23,97]},"num_concepts_raised":2798},{"base_id":213,"kind":"top_words","i1":2,"i2":9,"sol":{"path":["/c/en/unilateralism","/c/en/unilateralist","/c/en/advocate","/c/en/protectionist"],"weight":0.20301000000000002,"degrees":[39,10,583,35]},"num_concepts_raised":4496},{"base_id":213,"kind":"top_words","i1":3,"i2":4,"sol":{"path":["/c/en/liberalization","/c/en/liberal","/c/en/politics","/c/en/interventionism"],"weight":0.20304999999999987,"degrees":[59,401,3247,25]},"num_concepts_raised":16244},{"base_id":213,"kind":"top_words","i1":3,"i2":5,"sol":{"path":["/c/en/liberalization","/c/en/liberal","/c/en/economic_liberalism","/c/en/capitalism"],"weight":0.21562000000000028,"degrees":[59,401,15,365]},"num_concepts_raised":15323},{"base_id":213,"kind":"top_words","i1":3,"i2":6,"sol":{"path":["/c/en/liberalization","/c/en/easing","/c/fi/elvytys","/c/en/economics","/c/en/keynesian"],"weight":0.20435999999999993,"degrees":[59,92,8,1720,31]},"num_concepts_raised":3808},{"base_id":213,"kind":"top_words","i1":3,"i2":7,"sol":{"path":["/c/en/liberalization","/c/en/liberal","/c/fr/politique","/c/fr/hégémonie","/c/en/hegemony"],"weight":0.2065999999999999,"degrees":[59,401,3449,43,127]},"num_concepts_raised":4664},{"base_id":213,"kind":"top_words","i1":3,"i2":8,"sol":{"path":["/c/en/liberalization","/c/en/liberal","/c/fr/politique","/c/fr/isolationnisme","/c/en/isolationism"],"weight":0.2135100000000001,"degrees":[59,401,3449,23,97]},"num_concepts_raised":2458},{"base_id":213,"kind":"top_words","i1":3,"i2":9,"sol":{"path":["/c/en/liberalization","/c/en/liberal","/c/en/politics","/c/en/protectionism","/c/en/protectionist"],"weight":0.20531999999999995,"degrees":[59,401,3247,122,35]},"num_concepts_raised":4149},{"base_id":213,"kind":"top_words","i1":4,"i2":5,"sol":{"path":["/c/en/interventionism","/c/en/politics","/c/en/capitalism"],"weight":0.20400000000000001,"degrees":[25,3247,365]},"num_concepts_raised":245},{"base_id":213,"kind":"top_words","i1":4,"i2":6,"sol":{"path":["/c/en/interventionism","/c/en/interventionist","/c/it/vincolismo","/c/en/economics","/c/en/keynesian"],"weight":0.20489999999999997,"degrees":[25,27,8,1720,31]},"num_concepts_raised":16494},{"base_id":213,"kind":"top_words","i1":4,"i2":7,"sol":{"path":["/c/en/interventionism","/c/en/interventionist","/c/fr/politique","/c/fr/hégémonie","/c/en/hegemony"],"weight":0.20725999999999994,"degrees":[25,27,3449,43,127]},"num_concepts_raised":17433},{"base_id":213,"kind":"top_words","i1":4,"i2":8,"sol":{"path":["/c/en/interventionism","/c/en/medicine","/c/en/isolation","/c/en/isolationism"],"weight":0.2090800000000001,"degrees":[25,11938,288,97]},"num_concepts_raised":15241},{"base_id":213,"kind":"top_words","i1":4,"i2":9,"sol":{"path":["/c/en/interventionism","/c/en/politics","/c/en/protectionism","/c/en/protectionist"],"weight":0.20495,"degrees":[25,3247,122,35]},"num_concepts_raised":16899},{"base_id":213,"kind":"top_words","i1":5,"i2":6,"sol":{"path":["/c/en/capitalism","/c/en/economics","/c/en/keynesian"],"weight":0.20500000000000002,"degrees":[365,1720,31]},"num_concepts_raised":247},{"base_id":213,"kind":"top_words","i1":5,"i2":7,"sol":{"path":["/c/en/capitalism","/c/fr/capitalisme","/c/fr/puissance","/c/fr/hégémonie","/c/en/hegemony"],"weight":0.22420000000000034,"degrees":[365,116,597,43,127]},"num_concepts_raised":16478},{"base_id":213,"kind":"top_words","i1":5,"i2":8,"sol":{"path":["/c/en/capitalism","/c/en/communism","/c/fr/politique","/c/fr/isolationnisme","/c/en/isolationism"],"weight":0.22622000000000053,"degrees":[365,474,3449,23,97]},"num_concepts_raised":14341},{"base_id":213,"kind":"top_words","i1":5,"i2":9,"sol":{"path":["/c/en/capitalism","/c/en/economics","/c/en/protectionism","/c/en/protectionist"],"weight":0.2157200000000004,"degrees":[365,1720,122,35]},"num_concepts_raised":15990},{"base_id":213,"kind":"top_words","i1":6,"i2":7,"sol":{"path":["/c/en/keynesian","/c/en/economics","/c/en/nominal","/c/en/formal","/c/en/hegemony"],"weight":0.2054,"degrees":[31,1720,222,2270,127]},"num_concepts_raised":4963},{"base_id":213,"kind":"top_words","i1":6,"i2":8,"sol":{"path":["/c/en/keynesian","/c/en/follower","/c/en/person","/c/en/isolation","/c/en/isolationism"],"weight":0.20924000000000018,"degrees":[31,476,12935,288,97]},"num_concepts_raised":2759},{"base_id":213,"kind":"top_words","i1":6,"i2":9,"sol":{"path":["/c/en/keynesian","/c/en/economics","/c/en/protectionism","/c/en/protectionist"],"weight":0.20623000000000002,"degrees":[31,1720,122,35]},"num_concepts_raised":4435},{"base_id":213,"kind":"top_words","i1":7,"i2":8,"sol":{"path":["/c/en/hegemony","/c/fr/hégémonie","/c/fr/politique","/c/fr/isolationnisme","/c/en/isolationism"],"weight":0.21673000000000017,"degrees":[127,43,3449,23,97]},"num_concepts_raised":3608},{"base_id":213,"kind":"top_words","i1":7,"i2":9,"sol":{"path":["/c/en/hegemony","/c/en/hegemonism","/c/en/policy","/c/en/protectionism","/c/en/protectionist"],"weight":0.20739000000000002,"degrees":[127,8,640,122,35]},"num_concepts_raised":5310},{"base_id":213,"kind":"top_words","i1":8,"i2":9,"sol":{"path":["/c/en/isolationism","/c/en/isolationist","/c/en/advocate","/c/en/protectionist"],"weight":0.21125000000000022,"degrees":[97,45,583,35]},"num_concepts_raised":3094}]]