[[{"base_id":976,"kind":"bot_words","i1":0,"i2":1,"sol":{"path":["/c/en/outsource","/c/fr/sous_traiter","/c/fr/trait","/c/en/geology","/c/en/ypresian"],"weight":0.20541000000000004,"degrees":[67,105,464,3862,26]},"num_concepts_raised":19608},{"base_id":976,"kind":"bot_words","i1":0,"i2":2,"sol":{"path":["/c/en/outsource","/c/en/business","/c/en/shark","/c/en/predator"],"weight":0.2057099999999998,"degrees":[67,2538,858,204]},"num_concepts_raised":33440},{"base_id":976,"kind":"bot_words","i1":0,"i2":3,"sol":{"path":["/c/en/outsource","/c/en/us","/c/en/plant","/c/en/origanum"],"weight":0.2108799999999999,"degrees":[67,8154,7959,68]},"num_concepts_raised":22688},{"base_id":976,"kind":"bot_words","i1":0,"i2":4,"sol":{"path":["/c/en/outsource","/c/en/business","/c/en/art","/c/en/acclamation"],"weight":0.20393000000000006,"degrees":[67,2538,1987,64]},"num_concepts_raised":20673},{"base_id":976,"kind":"bot_words","i1":0,"i2":5,"sol":{"path":["/c/en/outsource","/c/en/source","/c/en/person","/c/en/ungrateful"],"weight":0.20498,"degrees":[67,965,12935,144]},"num_concepts_raised":27363},{"base_id":976,"kind":"bot_words","i1":0,"i2":6,"sol":{"path":["/c/en/outsource","/c/en/business","/c/en/group","/c/en/ethnic_group","/c/en/lemkos"],"weight":0.20836999999999994,"degrees":[67,2538,2339,622,26]},"num_concepts_raised":14601},{"base_id":976,"kind":"bot_words","i1":0,"i2":7,"sol":{"path":["/c/en/outsource","/c/it/esternalizzare","/c/en/external","/c/en/accidental"],"weight":0.20676999999999987,"degrees":[67,47,485,217]},"num_concepts_raised":49309},{"base_id":976,"kind":"bot_words","i1":0,"i2":8,"sol":{"path":["/c/en/outsource","/c/en/us","/c/en/plant","/c/en/flowery"],"weight":0.2043499999999997,"degrees":[67,8154,7959,127]},"num_concepts_raised":27689},{"base_id":976,"kind":"bot_words","i1":0,"i2":9,"sol":{"path":["/c/en/outsource","/c/en/business","/c/en/top","/c/en/bdsm"],"weight":0.21013999999999955,"degrees":[67,2538,1498,187]},"num_concepts_raised":25802},{"base_id":976,"kind":"bot_words","i1":1,"i2":2,"sol":{"path":["/c/en/ypresian","/c/en/paleontology","/c/en/raptor","/c/en/predator"],"weight":0.2049699999999997,"degrees":[26,556,72,204]},"num_concepts_raised":25525},{"base_id":976,"kind":"bot_words","i1":1,"i2":3,"sol":{"path":["/c/en/ypresian","/c/en/geology","/c/en/bed","/c/en/plant","/c/en/origanum"],"weight":0.21140999999999976,"degrees":[26,3862,2185,7959,68]},"num_concepts_raised":14466},{"base_id":976,"kind":"bot_words","i1":1,"i2":4,"sol":{"path":["/c/en/ypresian","/c/en/age","/c/en/person","/c/en/applause","/c/en/acclamation"],"weight":0.20442999999999995,"degrees":[26,1544,12935,276,64]},"num_concepts_raised":12567},{"base_id":976,"kind":"bot_words","i1":1,"i2":5,"sol":{"path":["/c/en/ypresian","/c/en/age","/c/en/person","/c/en/ungrateful"],"weight":0.20436999999999989,"degrees":[26,1544,12935,144]},"num_concepts_raised":19306},{"base_id":976,"kind":"bot_words","i1":1,"i2":6,"sol":{"path":["/c/en/ypresian","/c/en/geology","/c/en/group","/c/en/ethnic_group","/c/en/lemkos"],"weight":0.20872999999999986,"degrees":[26,3862,2339,622,26]},"num_concepts_raised":6317},{"base_id":976,"kind":"bot_words","i1":1,"i2":7,"sol":{"path":["/c/en/ypresian","/c/en/geology","/c/en/accident","/c/en/accidental"],"weight":0.20779999999999976,"degrees":[26,3862,895,217]},"num_concepts_raised":41635},{"base_id":976,"kind":"bot_words","i1":1,"i2":8,"sol":{"path":["/c/en/ypresian","/c/en/geology","/c/en/efflorescence","/c/en/flower","/c/en/flowery"],"weight":0.20599999999999957,"degrees":[26,3862,74,2500,127]},"num_concepts_raised":19527},{"base_id":976,"kind":"bot_words","i1":1,"i2":9,"sol":{"path":["/c/en/ypresian","/c/en/geology","/c/en/bed","/c/en/bottom","/c/en/bdsm"],"weight":0.21056999999999942,"degrees":[26,3862,2185,1018,187]},"num_concepts_raised":17909},{"base_id":976,"kind":"bot_words","i1":2,"i2":3,"sol":{"path":["/c/en/predator","/c/en/animal","/c/en/plant","/c/en/origanum"],"weight":0.21301999999999957,"degrees":[204,3735,7959,68]},"num_concepts_raised":28415},{"base_id":976,"kind":"bot_words","i1":2,"i2":4,"sol":{"path":["/c/en/predator","/c/en/food","/c/en/cheer","/c/en/acclamation"],"weight":0.20665999999999973,"degrees":[204,4281,456,64]},"num_concepts_raised":26633},{"base_id":976,"kind":"bot_words","i1":2,"i2":5,"sol":{"path":["/c/en/predator","/c/en/animal","/c/en/person","/c/en/ungrateful"],"weight":0.20709999999999967,"degrees":[204,3735,12935,144]},"num_concepts_raised":33141},{"base_id":976,"kind":"bot_words","i1":2,"i2":6,"sol":{"path":["/c/en/predator","/c/en/animal","/c/en/man","/c/en/ethnic_group","/c/en/lemkos"],"weight":0.21035999999999966,"degrees":[204,3735,3068,622,26]},"num_concepts_raised":20550},{"base_id":976,"kind":"bot_words","i1":2,"i2":7,"sol":{"path":["/c/en/predator","/c/zh/天敵","/c/en/natural","/c/en/accidental"],"weight":0.20962999999999954,"degrees":[204,27,930,217]},"num_concepts_raised":55025},{"base_id":976,"kind":"bot_words","i1":2,"i2":8,"sol":{"path":["/c/en/predator","/c/en/organism","/c/en/flower","/c/en/flowery"],"weight":0.20724999999999935,"degrees":[204,1338,2500,127]},"num_concepts_raised":33364},{"base_id":976,"kind":"bot_words","i1":2,"i2":9,"sol":{"path":["/c/en/predator","/c/en/hunt","/c/en/activity","/c/en/bdsm"],"weight":0.2117799999999992,"degrees":[204,841,1154,187]},"num_concepts_raised":31711},{"base_id":976,"kind":"bot_words","i1":3,"i2":4,"sol":{"path":["/c/en/origanum","/c/en/oregano","/c/en/food","/c/en/cheer","/c/en/acclamation"],"weight":0.21207999999999977,"degrees":[68,214,4281,456,64]},"num_concepts_raised":15690},{"base_id":976,"kind":"bot_words","i1":3,"i2":5,"sol":{"path":["/c/en/origanum","/c/en/plant","/c/en/person","/c/en/ungrateful"],"weight":0.21195999999999976,"degrees":[68,7959,12935,144]},"num_concepts_raised":22410},{"base_id":976,"kind":"bot_words","i1":3,"i2":6,"sol":{"path":["/c/en/origanum","/c/en/plant","/c/en/factory","/c/en/people","/c/en/ethnic_group","/c/en/lemkos"],"weight":0.21965359999999742,"degrees":[68,7959,910,4475,622,26]},"num_concepts_raised":422359},{"base_id":976,"kind":"bot_words","i1":3,"i2":7,"sol":{"path":["/c/en/origanum","/c/en/plant","/c/en/containment","/c/en/accidental"],"weight":0.2127499999999996,"degrees":[68,7959,125,217]},"num_concepts_raised":44744},{"base_id":976,"kind":"bot_words","i1":3,"i2":8,"sol":{"path":["/c/en/origanum","/c/en/plant","/c/en/flowery"],"weight":0.20500000000000002,"degrees":[68,7959,127]},"num_concepts_raised":179},{"base_id":976,"kind":"bot_words","i1":3,"i2":9,"sol":{"path":["/c/en/origanum","/c/en/plant","/c/en/vanilla","/c/en/bdsm"],"weight":0.2169899999999993,"degrees":[68,7959,298,187]},"num_concepts_raised":21009},{"base_id":976,"kind":"bot_words","i1":4,"i2":5,"sol":{"path":["/c/en/acclamation","/c/en/applause","/c/en/person","/c/en/ungrateful"],"weight":0.2061099999999999,"degrees":[64,276,12935,144]},"num_concepts_raised":20426},{"base_id":976,"kind":"bot_words","i1":4,"i2":6,"sol":{"path":["/c/en/acclamation","/c/en/shout","/c/en/people","/c/en/ethnic_group","/c/en/lemkos"],"weight":0.20827999999999985,"degrees":[64,802,4475,622,26]},"num_concepts_raised":7526},{"base_id":976,"kind":"bot_words","i1":4,"i2":7,"sol":{"path":["/c/en/acclamation","/c/la/ad","/c/en/accident","/c/en/accidental"],"weight":0.20728999999999975,"degrees":[64,584,895,217]},"num_concepts_raised":42490},{"base_id":976,"kind":"bot_words","i1":4,"i2":8,"sol":{"path":["/c/en/acclamation","/c/en/art","/c/en/expression","/c/en/flowery"],"weight":0.2042499999999996,"degrees":[64,1987,1025,127]},"num_concepts_raised":20642},{"base_id":976,"kind":"bot_words","i1":4,"i2":9,"sol":{"path":["/c/en/acclamation","/c/en/art","/c/en/practice","/c/en/bdsm"],"weight":0.21004999999999943,"degrees":[64,1987,1380,187]},"num_concepts_raised":18997},{"base_id":976,"kind":"bot_words","i1":5,"i2":6,"sol":{"path":["/c/en/ungrateful","/c/en/person","/c/en/man","/c/en/ethnic_group","/c/en/lemkos"],"weight":0.20937999999999984,"degrees":[144,12935,3068,622,26]},"num_concepts_raised":14285},{"base_id":976,"kind":"bot_words","i1":5,"i2":7,"sol":{"path":["/c/en/ungrateful","/c/en/person","/c/en/music","/c/en/accidental"],"weight":0.20821999999999974,"degrees":[144,12935,8822,217]},"num_concepts_raised":49284},{"base_id":976,"kind":"bot_words","i1":5,"i2":8,"sol":{"path":["/c/en/ungrateful","/c/en/person","/c/en/plant","/c/en/flowery"],"weight":0.20542999999999956,"degrees":[144,12935,7959,127]},"num_concepts_raised":27379},{"base_id":976,"kind":"bot_words","i1":5,"i2":9,"sol":{"path":["/c/en/ungrateful","/c/en/person","/c/en/leatherman","/c/en/bdsm"],"weight":0.2110899999999994,"degrees":[144,12935,56,187]},"num_concepts_raised":25634},{"base_id":976,"kind":"bot_words","i1":6,"i2":7,"sol":{"path":["/c/en/lemkos","/c/en/ethnic_group","/c/en/group","/c/en/music","/c/en/accidental"],"weight":0.2115399999999997,"degrees":[26,622,2339,8822,217]},"num_concepts_raised":36774},{"base_id":976,"kind":"bot_words","i1":6,"i2":8,"sol":{"path":["/c/en/lemkos","/c/en/ethnic_group","/c/en/group","/c/en/flora","/c/en/flower","/c/en/flowery"],"weight":0.21421329999999894,"degrees":[26,622,2339,206,2500,127]},"num_concepts_raised":753297},{"base_id":976,"kind":"bot_words","i1":6,"i2":9,"sol":{"path":["/c/en/lemkos","/c/en/ethnic_group","/c/en/dom","/c/en/bdsm"],"weight":0.21440999999999938,"degrees":[26,622,158,187]},"num_concepts_raised":12914},{"base_id":976,"kind":"bot_words","i1":7,"i2":8,"sol":{"path":["/c/en/accidental","/c/en/music","/c/en/expression","/c/en/flowery"],"weight":0.2075299999999994,"degrees":[217,8822,1025,127]},"num_concepts_raised":49442},{"base_id":976,"kind":"bot_words","i1":7,"i2":9,"sol":{"path":["/c/en/accidental","/c/en/music","/c/en/dominant","/c/en/bdsm"],"weight":0.21336999999999928,"degrees":[217,8822,288,187]},"num_concepts_raised":47506},{"base_id":976,"kind":"bot_words","i1":8,"i2":9,"sol":{"path":["/c/en/flowery","/c/en/flower","/c/en/top","/c/en/bdsm"],"weight":0.21168999999999907,"degrees":[127,2500,1498,187]},"num_concepts_raised":25941}],[{"base_id":976,"kind":"top_words","i1":0,"i2":1,"sol":{"path":["/c/en/motacillidae","/c/en/bird","/c/en/us","/c/en/colored","/c/en/trichromatic"],"weight":0.20934999999999981,"degrees":[63,4970,8154,277,36]},"num_concepts_raised":6461},{"base_id":976,"kind":"top_words","i1":0,"i2":2,"sol":{"path":["/c/en/motacillidae","/c/en/bird","/c/en/animal","/c/en/sleep","/c/en/oversleep"],"weight":0.21016999999999986,"degrees":[63,4970,3735,2114,82]},"num_concepts_raised":18896},{"base_id":976,"kind":"top_words","i1":0,"i2":3,"sol":{"path":["/c/en/motacillidae","/c/en/motacillid","/c/en/zoology","/c/en/dichromatic"],"weight":0.2082899999999997,"degrees":[63,4,8127,45]},"num_concepts_raised":28458},{"base_id":976,"kind":"top_words","i1":0,"i2":4,"sol":{"path":["/c/en/motacillidae","/c/en/bird","/c/en/garden","/c/en/relax","/c/en/unclench"],"weight":0.20818999999999982,"degrees":[63,4970,1231,731,26]},"num_concepts_raised":5564},{"base_id":976,"kind":"top_words","i1":0,"i2":5,"sol":{"path":["/c/en/motacillidae","/c/en/bird","/c/en/fly","/c/en/do","/c/en/underachieve"],"weight":0.20816999999999983,"degrees":[63,4970,2276,1767,25]},"num_concepts_raised":7711},{"base_id":976,"kind":"top_words","i1":0,"i2":6,"sol":{"path":["/c/en/motacillidae","/c/en/bird","/c/en/pelecaniformes"],"weight":0.20600000000000002,"degrees":[63,4970,69]},"num_concepts_raised":118},{"base_id":976,"kind":"top_words","i1":0,"i2":7,"sol":{"path":["/c/en/motacillidae","/c/en/bird","/c/en/statue","/c/en/bronze","/c/en/bronzy"],"weight":0.21050999999999978,"degrees":[63,4970,765,613,25]},"num_concepts_raised":7130},{"base_id":976,"kind":"top_words","i1":0,"i2":8,"sol":{"path":["/c/en/motacillidae","/c/en/bird","/c/en/fledge"],"weight":0.20400000000000001,"degrees":[63,4970,74]},"num_concepts_raised":115},{"base_id":976,"kind":"top_words","i1":0,"i2":9,"sol":{"path":["/c/en/motacillidae","/c/en/bird","/c/en/bill","/c/en/value","/c/en/overvalue"],"weight":0.2094899999999998,"degrees":[63,4970,1413,1699,52]},"num_concepts_raised":6514},{"base_id":976,"kind":"top_words","i1":1,"i2":2,"sol":{"path":["/c/en/trichromatic","/c/en/colour","/c/en/eye","/c/en/sleep","/c/en/oversleep"],"weight":0.20482,"degrees":[36,1259,2698,2114,82]},"num_concepts_raised":16327},{"base_id":976,"kind":"top_words","i1":1,"i2":3,"sol":{"path":["/c/en/trichromatic","/c/en/dichromatic"],"weight":0.202,"degrees":[36,45]},"num_concepts_raised":68},{"base_id":976,"kind":"top_words","i1":1,"i2":4,"sol":{"path":["/c/en/trichromatic","/c/en/perceive","/c/en/listen","/c/en/relax","/c/en/unclench"],"weight":0.20285999999999998,"degrees":[36,582,917,731,26]},"num_concepts_raised":2972},{"base_id":976,"kind":"top_words","i1":1,"i2":5,"sol":{"path":["/c/en/trichromatic","/c/en/colour","/c/en/attribute","/c/en/punch_below_one's_weight","/c/en/underachieve"],"weight":0.20384,"degrees":[36,1259,459,13,25]},"num_concepts_raised":5121},{"base_id":976,"kind":"top_words","i1":1,"i2":6,"sol":{"path":["/c/en/trichromatic","/c/en/colored","/c/en/us","/c/en/bird","/c/en/pelecaniformes"],"weight":0.20941999999999986,"degrees":[36,277,8154,4970,69]},"num_concepts_raised":6411},{"base_id":976,"kind":"top_words","i1":1,"i2":7,"sol":{"path":["/c/en/trichromatic","/c/en/colour","/c/en/bronze","/c/en/bronzy"],"weight":0.20526999999999995,"degrees":[36,1259,613,25]},"num_concepts_raised":4245},{"base_id":976,"kind":"top_words","i1":1,"i2":8,"sol":{"path":["/c/en/trichromatic","/c/en/tricolour","/c/en/horizontal","/c/en/feather","/c/en/fledge"],"weight":0.2048299999999999,"degrees":[36,51,539,920,74]},"num_concepts_raised":17662},{"base_id":976,"kind":"top_words","i1":1,"i2":9,"sol":{"path":["/c/en/trichromatic","/c/en/tricolor","/c/en/three","/c/en/value","/c/en/overvalue"],"weight":0.20428999999999994,"degrees":[36,64,1483,1699,52]},"num_concepts_raised":3914},{"base_id":976,"kind":"top_words","i1":2,"i2":3,"sol":{"path":["/c/en/oversleep","/c/en/sleep","/c/en/eye","/c/en/dichromatic"],"weight":0.20483999999999986,"degrees":[82,2114,2698,45]},"num_concepts_raised":38288},{"base_id":976,"kind":"top_words","i1":2,"i2":4,"sol":{"path":["/c/en/oversleep","/c/en/sleep","/c/en/relax","/c/en/unclench"],"weight":0.20466999999999996,"degrees":[82,2114,731,26]},"num_concepts_raised":15400},{"base_id":976,"kind":"top_words","i1":2,"i2":5,"sol":{"path":["/c/en/oversleep","/c/en/person","/c/en/achieve","/c/en/underachieve"],"weight":0.20442,"degrees":[82,12935,479,25]},"num_concepts_raised":17490},{"base_id":976,"kind":"top_words","i1":2,"i2":6,"sol":{"path":["/c/en/oversleep","/c/en/sleep","/c/en/animal","/c/en/bird","/c/en/pelecaniformes"],"weight":0.21023999999999987,"degrees":[82,2114,3735,4970,69]},"num_concepts_raised":18847},{"base_id":976,"kind":"top_words","i1":2,"i2":7,"sol":{"path":["/c/en/oversleep","/c/en/person","/c/en/tan","/c/en/bronze","/c/en/bronzy"],"weight":0.20584999999999998,"degrees":[82,12935,439,613,25]},"num_concepts_raised":16995},{"base_id":976,"kind":"top_words","i1":2,"i2":8,"sol":{"path":["/c/en/oversleep","/c/en/person","/c/en/care","/c/en/fledge"],"weight":0.20408999999999994,"degrees":[82,12935,1526,74]},"num_concepts_raised":29940},{"base_id":976,"kind":"top_words","i1":2,"i2":9,"sol":{"path":["/c/en/oversleep","/c/en/person","/c/en/value","/c/en/overvalue"],"weight":0.20474999999999993,"degrees":[82,12935,1699,52]},"num_concepts_raised":16365},{"base_id":976,"kind":"top_words","i1":3,"i2":4,"sol":{"path":["/c/en/dichromatic","/c/en/convey","/c/en/move","/c/en/clench","/c/en/unclench"],"weight":0.20484999999999984,"degrees":[45,485,2810,112,26]},"num_concepts_raised":25122},{"base_id":976,"kind":"top_words","i1":3,"i2":5,"sol":{"path":["/c/en/dichromatic","/c/en/eye","/c/en/under","/c/en/underachieve"],"weight":0.20282999999999984,"degrees":[45,2698,768,25]},"num_concepts_raised":27209},{"base_id":976,"kind":"top_words","i1":3,"i2":6,"sol":{"path":["/c/en/dichromatic","/c/en/zoology","/c/en/pelecaniform","/c/en/pelecaniformes"],"weight":0.20838999999999974,"degrees":[45,8127,4,69]},"num_concepts_raised":28408},{"base_id":976,"kind":"top_words","i1":3,"i2":7,"sol":{"path":["/c/en/dichromatic","/c/en/color","/c/en/bronzy"],"weight":0.202,"degrees":[45,1870,25]},"num_concepts_raised":64},{"base_id":976,"kind":"top_words","i1":3,"i2":8,"sol":{"path":["/c/en/dichromatic","/c/en/color","/c/en/decorate","/c/en/fledge"],"weight":0.2035599999999998,"degrees":[45,1870,593,74]},"num_concepts_raised":39257},{"base_id":976,"kind":"top_words","i1":3,"i2":9,"sol":{"path":["/c/en/dichromatic","/c/en/color","/c/en/quality","/c/en/value","/c/en/overvalue"],"weight":0.20427999999999982,"degrees":[45,1870,1710,1699,52]},"num_concepts_raised":26042},{"base_id":976,"kind":"top_words","i1":4,"i2":5,"sol":{"path":["/c/en/unclench","/c/en/clench","/c/en/move","/c/en/achieve","/c/en/underachieve"],"weight":0.20564999999999994,"degrees":[26,112,2810,479,25]},"num_concepts_raised":4213},{"base_id":976,"kind":"top_words","i1":4,"i2":6,"sol":{"path":["/c/en/unclench","/c/en/relax","/c/en/coop","/c/en/bird","/c/en/pelecaniformes"],"weight":0.20825999999999983,"degrees":[26,731,181,4970,69]},"num_concepts_raised":5514},{"base_id":976,"kind":"top_words","i1":4,"i2":7,"sol":{"path":["/c/en/unclench","/c/en/relax","/c/en/change","/c/en/bronze","/c/en/bronzy"],"weight":0.20501999999999992,"degrees":[26,731,3383,613,25]},"num_concepts_raised":3645},{"base_id":976,"kind":"top_words","i1":4,"i2":8,"sol":{"path":["/c/en/unclench","/c/en/clench","/c/en/engineering","/c/en/feather","/c/en/fledge"],"weight":0.20663999999999988,"degrees":[26,112,1177,920,74]},"num_concepts_raised":16781},{"base_id":976,"kind":"top_words","i1":4,"i2":9,"sol":{"path":["/c/en/unclench","/c/en/relax","/c/en/home","/c/en/value","/c/en/overvalue"],"weight":0.2040099999999999,"degrees":[26,731,2163,1699,52]},"num_concepts_raised":3024},{"base_id":976,"kind":"top_words","i1":5,"i2":6,"sol":{"path":["/c/en/underachieve","/c/en/do","/c/en/slang","/c/en/bird","/c/en/pelecaniformes"],"weight":0.20823999999999987,"degrees":[25,1767,16318,4970,69]},"num_concepts_raised":7660},{"base_id":976,"kind":"top_words","i1":5,"i2":7,"sol":{"path":["/c/en/underachieve","/c/en/achieve","/c/en/place","/c/en/bronze","/c/en/bronzy"],"weight":0.20598999999999995,"degrees":[25,479,3314,613,25]},"num_concepts_raised":5777},{"base_id":976,"kind":"top_words","i1":5,"i2":8,"sol":{"path":["/c/en/underachieve","/c/en/do","/c/en/grow","/c/en/fledge"],"weight":0.2033399999999999,"degrees":[25,1767,1569,74]},"num_concepts_raised":18804},{"base_id":976,"kind":"top_words","i1":5,"i2":9,"sol":{"path":["/c/en/underachieve","/c/en/achieve","/c/en/person","/c/en/value","/c/en/overvalue"],"weight":0.20496999999999993,"degrees":[25,479,12935,1699,52]},"num_concepts_raised":5161},{"base_id":976,"kind":"top_words","i1":6,"i2":7,"sol":{"path":["/c/en/pelecaniformes","/c/en/bird","/c/en/statue","/c/en/bronze","/c/en/bronzy"],"weight":0.21057999999999982,"degrees":[69,4970,765,613,25]},"num_concepts_raised":7080},{"base_id":976,"kind":"top_words","i1":6,"i2":8,"sol":{"path":["/c/en/pelecaniformes","/c/en/bird","/c/en/fledge"],"weight":0.20400000000000001,"degrees":[69,4970,74]},"num_concepts_raised":120},{"base_id":976,"kind":"top_words","i1":6,"i2":9,"sol":{"path":["/c/en/pelecaniformes","/c/en/bird","/c/en/bill","/c/en/value","/c/en/overvalue"],"weight":0.2095599999999998,"degrees":[69,4970,1413,1699,52]},"num_concepts_raised":6464},{"base_id":976,"kind":"top_words","i1":7,"i2":8,"sol":{"path":["/c/en/bronzy","/c/en/color","/c/en/decorate","/c/en/fledge"],"weight":0.20337999999999987,"degrees":[25,1870,593,74]},"num_concepts_raised":18281},{"base_id":976,"kind":"top_words","i1":7,"i2":9,"sol":{"path":["/c/en/bronzy","/c/en/bronze","/c/en/gold","/c/en/value","/c/en/overvalue"],"weight":0.20635999999999988,"degrees":[25,613,1435,1699,52]},"num_concepts_raised":4577},{"base_id":976,"kind":"top_words","i1":8,"i2":9,"sol":{"path":["/c/en/fledge","/c/en/full_fledged","/c/ru/полноценный","/c/en/value","/c/en/overvalue"],"weight":0.20668999999999987,"degrees":[74,44,9,1699,52]},"num_concepts_raised":17711}]]