[[{"base_id":237,"kind":"bot_words","i1":0,"i2":1,"sol":{"path":["/c/en/prog","/c/en/slang","/c/en/waterfall","/c/en/cataract"],"weight":0.21196999999999944,"degrees":[33,16318,534,242]},"num_concepts_raised":71009},{"base_id":237,"kind":"bot_words","i1":0,"i2":2,"sol":{"path":["/c/en/prog","/c/en/slang","/c/en/baltic","/c/en/prussia"],"weight":0.2107899999999999,"degrees":[33,16318,162,159]},"num_concepts_raised":50123},{"base_id":237,"kind":"bot_words","i1":0,"i2":3,"sol":{"path":["/c/en/prog","/c/en/computing","/c/en/coder","/c/en/decoder"],"weight":0.20413999999999982,"degrees":[33,9084,36,61]},"num_concepts_raised":44067},{"base_id":237,"kind":"bot_words","i1":0,"i2":4,"sol":{"path":["/c/en/prog","/c/en/progressive_rock","/c/en/wall","/c/en/myocardium"],"weight":0.2038299999999999,"degrees":[33,137,1673,95]},"num_concepts_raised":60046},{"base_id":237,"kind":"bot_words","i1":0,"i2":5,"sol":{"path":["/c/en/prog","/c/en/slang","/c/en/bone","/c/en/bony"],"weight":0.20779999999999965,"degrees":[33,16318,2320,156]},"num_concepts_raised":44365},{"base_id":237,"kind":"bot_words","i1":0,"i2":6,"sol":{"path":["/c/en/prog","/c/en/slang","/c/en/leg","/c/en/foreleg"],"weight":0.2046599999999998,"degrees":[33,16318,1497,89]},"num_concepts_raised":41097},{"base_id":237,"kind":"bot_words","i1":0,"i2":7,"sol":{"path":["/c/en/prog","/c/en/scotland","/c/en/town","/c/en/rostock"],"weight":0.2128999999999997,"degrees":[33,2226,2220,111]},"num_concepts_raised":41232},{"base_id":237,"kind":"bot_words","i1":0,"i2":8,"sol":{"path":["/c/en/prog","/c/en/slang","/c/en/godless","/c/en/atheistic"],"weight":0.20484999999999992,"degrees":[33,16318,109,86]},"num_concepts_raised":38991},{"base_id":237,"kind":"bot_words","i1":0,"i2":9,"sol":{"path":["/c/en/prog","/c/en/slang","/c/en/tool","/c/en/machete"],"weight":0.2056699999999999,"degrees":[33,16318,1423,153]},"num_concepts_raised":52229},{"base_id":237,"kind":"bot_words","i1":1,"i2":2,"sol":{"path":["/c/en/cataract","/c/fr/géographie","/c/en/country","/c/en/prussia"],"weight":0.21733999999999948,"degrees":[242,8043,2796,159]},"num_concepts_raised":45996},{"base_id":237,"kind":"bot_words","i1":1,"i2":3,"sol":{"path":["/c/en/cataract","/c/en/eye","/c/en/device","/c/en/decoder"],"weight":0.2106999999999994,"degrees":[242,2698,2078,61]},"num_concepts_raised":39885},{"base_id":237,"kind":"bot_words","i1":1,"i2":4,"sol":{"path":["/c/en/cataract","/c/en/pathology","/c/en/cardiomyopathy","/c/en/myocardium"],"weight":0.21250999999999948,"degrees":[242,5554,96,95]},"num_concepts_raised":55156},{"base_id":237,"kind":"bot_words","i1":1,"i2":5,"sol":{"path":["/c/en/cataract","/c/en/illness","/c/en/bone","/c/en/bony"],"weight":0.21411999999999923,"degrees":[242,1102,2320,156]},"num_concepts_raised":39710},{"base_id":237,"kind":"bot_words","i1":1,"i2":6,"sol":{"path":["/c/en/cataract","/c/en/eye","/c/en/hand","/c/en/forelimb","/c/en/foreleg"],"weight":0.21231999999999937,"degrees":[242,2698,2596,44,89]},"num_concepts_raised":36473},{"base_id":237,"kind":"bot_words","i1":1,"i2":7,"sol":{"path":["/c/en/cataract","/c/en/rapid","/c/en/shoot","/c/ru/росток","/c/en/rostock"],"weight":0.2243699999999993,"degrees":[242,455,1406,22,111]},"num_concepts_raised":36636},{"base_id":237,"kind":"bot_words","i1":1,"i2":8,"sol":{"path":["/c/en/cataract","/c/fr/cataracte","/c/fr/religion","/c/en/atheist","/c/en/atheistic"],"weight":0.2180399999999995,"degrees":[242,116,6634,274,86]},"num_concepts_raised":34294},{"base_id":237,"kind":"bot_words","i1":1,"i2":9,"sol":{"path":["/c/en/cataract","/c/en/eye","/c/en/tool","/c/en/machete"],"weight":0.2120999999999995,"degrees":[242,2698,1423,153]},"num_concepts_raised":47942},{"base_id":237,"kind":"bot_words","i1":2,"i2":3,"sol":{"path":["/c/en/prussia","/c/en/country","/c/en/television","/c/en/decoder"],"weight":0.21016999999999986,"degrees":[159,2796,1498,61]},"num_concepts_raised":19200},{"base_id":237,"kind":"bot_words","i1":2,"i2":4,"sol":{"path":["/c/en/prussia","/c/en/country","/c/en/human","/c/en/myocardium"],"weight":0.21080999999999994,"degrees":[159,2796,2645,95]},"num_concepts_raised":35152},{"base_id":237,"kind":"bot_words","i1":2,"i2":5,"sol":{"path":["/c/en/prussia","/c/en/germany","/c/en/people","/c/en/bone","/c/en/bony"],"weight":0.21592999999999968,"degrees":[159,1036,4475,2320,156]},"num_concepts_raised":19264},{"base_id":237,"kind":"bot_words","i1":2,"i2":6,"sol":{"path":["/c/en/prussia","/c/en/germany","/c/en/other","/c/en/leg","/c/en/foreleg"],"weight":0.21275999999999984,"degrees":[159,1036,970,1497,89]},"num_concepts_raised":15843},{"base_id":237,"kind":"bot_words","i1":2,"i2":7,"sol":{"path":["/c/en/prussia","/c/en/germany","/c/en/rostock"],"weight":0.20900000000000002,"degrees":[159,1036,111]},"num_concepts_raised":212},{"base_id":237,"kind":"bot_words","i1":2,"i2":8,"sol":{"path":["/c/en/prussia","/c/en/historical","/c/en/atheism","/c/en/atheistic"],"weight":0.21303999999999998,"degrees":[159,8415,258,86]},"num_concepts_raised":13599},{"base_id":237,"kind":"bot_words","i1":2,"i2":9,"sol":{"path":["/c/en/prussia","/c/en/pruce","/c/en/leather","/c/en/bolo","/c/en/machete"],"weight":0.21467999999999998,"degrees":[159,12,911,80,153]},"num_concepts_raised":27391},{"base_id":237,"kind":"bot_words","i1":3,"i2":4,"sol":{"path":["/c/en/decoder","/c/en/machine","/c/en/human","/c/en/myocardium"],"weight":0.20418999999999987,"degrees":[61,1685,2645,95]},"num_concepts_raised":29013},{"base_id":237,"kind":"bot_words","i1":3,"i2":5,"sol":{"path":["/c/en/decoder","/c/en/machine","/c/en/people","/c/en/bone","/c/en/bony"],"weight":0.2071199999999996,"degrees":[61,1685,4475,2320,156]},"num_concepts_raised":13116},{"base_id":237,"kind":"bot_words","i1":3,"i2":6,"sol":{"path":["/c/en/decoder","/c/en/device","/c/en/leg","/c/en/foreleg"],"weight":0.20394999999999974,"degrees":[61,2078,1497,89]},"num_concepts_raised":9699},{"base_id":237,"kind":"bot_words","i1":3,"i2":7,"sol":{"path":["/c/en/decoder","/c/en/television","/c/en/country","/c/en/germany","/c/en/rostock"],"weight":0.21331999999999968,"degrees":[61,1498,2796,1036,111]},"num_concepts_raised":9825},{"base_id":237,"kind":"bot_words","i1":3,"i2":8,"sol":{"path":["/c/en/decoder","/c/en/machine","/c/en/person","/c/en/unbeliever","/c/en/atheistic"],"weight":0.2040599999999999,"degrees":[61,1685,12935,75,86]},"num_concepts_raised":7450},{"base_id":237,"kind":"bot_words","i1":3,"i2":9,"sol":{"path":["/c/en/decoder","/c/en/device","/c/en/tool","/c/en/machete"],"weight":0.20496999999999987,"degrees":[61,2078,1423,153]},"num_concepts_raised":21087},{"base_id":237,"kind":"bot_words","i1":4,"i2":5,"sol":{"path":["/c/en/myocardium","/c/en/anatomy","/c/en/bone","/c/en/bony"],"weight":0.2081599999999997,"degrees":[95,12775,2320,156]},"num_concepts_raised":28434},{"base_id":237,"kind":"bot_words","i1":4,"i2":6,"sol":{"path":["/c/en/myocardium","/c/en/anatomy","/c/te/ముంగాలు","/c/en/foreleg"],"weight":0.20585999999999985,"degrees":[95,12775,5,89]},"num_concepts_raised":25359},{"base_id":237,"kind":"bot_words","i1":4,"i2":7,"sol":{"path":["/c/en/myocardium","/c/en/wall","/c/en/town","/c/en/rostock"],"weight":0.21392999999999973,"degrees":[95,1673,2220,111]},"num_concepts_raised":25810},{"base_id":237,"kind":"bot_words","i1":4,"i2":8,"sol":{"path":["/c/en/myocardium","/c/en/wall","/c/fr/localités","/c/fr/athée","/c/en/atheistic"],"weight":0.20615,"degrees":[95,1673,110113,166,86]},"num_concepts_raised":23485},{"base_id":237,"kind":"bot_words","i1":4,"i2":9,"sol":{"path":["/c/en/myocardium","/c/en/muscle","/c/en/cut","/c/en/machete"],"weight":0.20570999999999995,"degrees":[95,1708,2951,153]},"num_concepts_raised":37083},{"base_id":237,"kind":"bot_words","i1":5,"i2":6,"sol":{"path":["/c/en/bony","/c/en/bone","/c/en/elbow","/c/en/foreleg"],"weight":0.2074899999999996,"degrees":[156,2320,690,89]},"num_concepts_raised":9594},{"base_id":237,"kind":"bot_words","i1":5,"i2":7,"sol":{"path":["/c/en/bony","/c/en/bone","/c/en/people","/c/en/germany","/c/en/rostock"],"weight":0.2168499999999995,"degrees":[156,2320,4475,1036,111]},"num_concepts_raised":9823},{"base_id":237,"kind":"bot_words","i1":5,"i2":8,"sol":{"path":["/c/en/bony","/c/en/bone","/c/en/slang","/c/en/godless","/c/en/atheistic"],"weight":0.2077999999999997,"degrees":[156,2320,16318,109,86]},"num_concepts_raised":7434},{"base_id":237,"kind":"bot_words","i1":5,"i2":9,"sol":{"path":["/c/en/bony","/c/en/bone","/c/en/chop","/c/en/machete"],"weight":0.2084599999999997,"degrees":[156,2320,655,153]},"num_concepts_raised":21200},{"base_id":237,"kind":"bot_words","i1":6,"i2":7,"sol":{"path":["/c/en/foreleg","/c/en/leg","/c/en/other","/c/en/germany","/c/en/rostock"],"weight":0.21369999999999964,"degrees":[89,1497,970,1036,111]},"num_concepts_raised":6390},{"base_id":237,"kind":"bot_words","i1":6,"i2":8,"sol":{"path":["/c/en/foreleg","/c/en/leg","/c/en/slang","/c/en/godless","/c/en/atheistic"],"weight":0.20463999999999988,"degrees":[89,1497,16318,109,86]},"num_concepts_raised":3997},{"base_id":237,"kind":"bot_words","i1":6,"i2":9,"sol":{"path":["/c/en/foreleg","/c/en/leg","/c/en/cut","/c/en/machete"],"weight":0.20536999999999986,"degrees":[89,1497,2951,153]},"num_concepts_raised":17854},{"base_id":237,"kind":"bot_words","i1":7,"i2":8,"sol":{"path":["/c/en/rostock","/c/fr/rostock","/c/fr/commune","/c/fr/athée","/c/en/atheistic"],"weight":0.21729999999999977,"degrees":[111,12,68932,166,86]},"num_concepts_raised":4091},{"base_id":237,"kind":"bot_words","i1":7,"i2":9,"sol":{"path":["/c/en/rostock","/c/ru/росток","/c/en/shoot","/c/en/weapon","/c/en/machete"],"weight":0.21876999999999974,"degrees":[111,22,1406,1448,153]},"num_concepts_raised":18030},{"base_id":237,"kind":"bot_words","i1":8,"i2":9,"sol":{"path":["/c/en/atheistic","/c/en/godless","/c/en/slang","/c/en/tool","/c/en/machete"],"weight":0.20565999999999998,"degrees":[86,109,16318,1423,153]},"num_concepts_raised":15678}],[{"base_id":237,"kind":"top_words","i1":0,"i2":1,"sol":{"path":["/c/en/governor","/c/en/nautical","/c/en/bollard"],"weight":0.20600000000000002,"degrees":[561,5204,103]},"num_concepts_raised":499},{"base_id":237,"kind":"top_words","i1":0,"i2":2,"sol":{"path":["/c/en/governor","/c/en/government","/c/en/landeshauptmann"],"weight":0.20900000000000002,"degrees":[561,2046,29]},"num_concepts_raised":447},{"base_id":237,"kind":"top_words","i1":0,"i2":3,"sol":{"path":["/c/en/governor","/c/en/nautical","/c/en/beam","/c/en/moonbeam"],"weight":0.22025999999999932,"degrees":[561,5204,1036,41]},"num_concepts_raised":50614},{"base_id":237,"kind":"top_words","i1":0,"i2":4,"sol":{"path":["/c/en/governor","/c/fr/gouverneur","/c/fr/pilate","/c/en/pilate"],"weight":0.2258699999999993,"degrees":[561,181,16,40]},"num_concepts_raised":63116},{"base_id":237,"kind":"top_words","i1":0,"i2":5,"sol":{"path":["/c/en/governor","/c/en/government","/c/en/state","/c/en/katsu"],"weight":0.2218299999999993,"degrees":[561,2046,3243,31]},"num_concepts_raised":62764},{"base_id":237,"kind":"top_words","i1":0,"i2":6,"sol":{"path":["/c/en/governor","/c/en/person","/c/en/ota"],"weight":0.20800000000000002,"degrees":[561,12935,27]},"num_concepts_raised":448},{"base_id":237,"kind":"top_words","i1":0,"i2":7,"sol":{"path":["/c/en/governor","/c/en/machine","/c/en/bot"],"weight":0.20600000000000002,"degrees":[561,1685,108]},"num_concepts_raised":508},{"base_id":237,"kind":"top_words","i1":0,"i2":8,"sol":{"path":["/c/en/governor","/c/en/governor_general","/c/en/canada","/c/en/cereal","/c/en/kasha"],"weight":0.2238199999999993,"degrees":[561,122,2402,487,51]},"num_concepts_raised":50848},{"base_id":237,"kind":"top_words","i1":0,"i2":9,"sol":{"path":["/c/en/governor","/c/en/government","/c/en/town","/c/en/leibnitz"],"weight":0.22673999999999928,"degrees":[561,2046,2220,33]},"num_concepts_raised":50936},{"base_id":237,"kind":"top_words","i1":1,"i2":2,"sol":{"path":["/c/en/bollard","/c/en/nautical","/c/en/captain","/c/en/landeshauptmann"],"weight":0.20924999999999994,"degrees":[103,5204,978,29]},"num_concepts_raised":18611},{"base_id":237,"kind":"top_words","i1":1,"i2":3,"sol":{"path":["/c/en/bollard","/c/en/nautical","/c/en/beam","/c/en/moonbeam"],"weight":0.20538999999999993,"degrees":[103,5204,1036,41]},"num_concepts_raised":13682},{"base_id":237,"kind":"top_words","i1":1,"i2":4,"sol":{"path":["/c/en/bollard","/c/en/nautical","/c/en/bible","/c/en/pilate"],"weight":0.20429999999999993,"degrees":[103,5204,852,40]},"num_concepts_raised":26450},{"base_id":237,"kind":"top_words","i1":1,"i2":5,"sol":{"path":["/c/en/bollard","/c/en/iron","/c/en/energy","/c/en/katsu"],"weight":0.20384999999999992,"degrees":[103,2867,1631,31]},"num_concepts_raised":27422},{"base_id":237,"kind":"top_words","i1":1,"i2":6,"sol":{"path":["/c/en/bollard","/c/en/post","/c/en/travel","/c/en/ota"],"weight":0.2089299999999999,"degrees":[103,1560,1689,27]},"num_concepts_raised":36554},{"base_id":237,"kind":"top_words","i1":1,"i2":7,"sol":{"path":["/c/en/bollard","/c/fr/bitte","/c/en/slang","/c/en/bot"],"weight":0.20688999999999974,"degrees":[103,62,16318,108]},"num_concepts_raised":64769},{"base_id":237,"kind":"top_words","i1":1,"i2":8,"sol":{"path":["/c/en/bollard","/c/en/post","/c/en/cereal","/c/en/kasha"],"weight":0.20427999999999993,"degrees":[103,1560,487,51]},"num_concepts_raised":13941},{"base_id":237,"kind":"top_words","i1":1,"i2":9,"sol":{"path":["/c/en/bollard","/c/fr/borne","/c/fr/localités","/c/fr/leibnitz","/c/en/leibnitz"],"weight":0.21190999999999988,"degrees":[103,253,110113,11,33]},"num_concepts_raised":14153},{"base_id":237,"kind":"top_words","i1":2,"i2":3,"sol":{"path":["/c/en/landeshauptmann","/c/en/government","/c/en/structure","/c/en/beam","/c/en/moonbeam"],"weight":0.20897999999999986,"degrees":[29,2046,1619,1036,41]},"num_concepts_raised":8146},{"base_id":237,"kind":"top_words","i1":2,"i2":4,"sol":{"path":["/c/en/landeshauptmann","/c/en/captain","/c/en/military","/c/la/pilatus","/c/en/pilate"],"weight":0.20896999999999982,"degrees":[29,978,5690,42,40]},"num_concepts_raised":20861},{"base_id":237,"kind":"top_words","i1":2,"i2":5,"sol":{"path":["/c/en/landeshauptmann","/c/en/state","/c/en/katsu"],"weight":0.20400000000000001,"degrees":[29,3243,31]},"num_concepts_raised":53},{"base_id":237,"kind":"top_words","i1":2,"i2":6,"sol":{"path":["/c/en/landeshauptmann","/c/en/government","/c/en/person","/c/en/ota"],"weight":0.21281999999999981,"degrees":[29,2046,12935,27]},"num_concepts_raised":31071},{"base_id":237,"kind":"top_words","i1":2,"i2":7,"sol":{"path":["/c/en/landeshauptmann","/c/en/government","/c/en/system","/c/en/bot"],"weight":0.20860999999999966,"degrees":[29,2046,1888,108]},"num_concepts_raised":59568},{"base_id":237,"kind":"top_words","i1":2,"i2":8,"sol":{"path":["/c/en/landeshauptmann","/c/en/captain","/c/en/cereal","/c/en/kasha"],"weight":0.20814999999999986,"degrees":[29,978,487,51]},"num_concepts_raised":8304},{"base_id":237,"kind":"top_words","i1":2,"i2":9,"sol":{"path":["/c/en/landeshauptmann","/c/en/government","/c/en/town","/c/en/leibnitz"],"weight":0.21287999999999982,"degrees":[29,2046,2220,33]},"num_concepts_raised":8486},{"base_id":237,"kind":"top_words","i1":3,"i2":4,"sol":{"path":["/c/en/moonbeam","/c/en/beam","/c/en/sister","/c/fr/religion","/c/en/pilate"],"weight":0.20405999999999985,"degrees":[41,1036,1066,6634,40]},"num_concepts_raised":15904},{"base_id":237,"kind":"top_words","i1":3,"i2":5,"sol":{"path":["/c/en/moonbeam","/c/en/sunlight","/c/en/energy","/c/en/katsu"],"weight":0.20296999999999987,"degrees":[41,397,1631,31]},"num_concepts_raised":16985},{"base_id":237,"kind":"top_words","i1":3,"i2":6,"sol":{"path":["/c/en/moonbeam","/c/en/sunlight","/c/en/person","/c/en/ota"],"weight":0.20788999999999985,"degrees":[41,397,12935,27]},"num_concepts_raised":26363},{"base_id":237,"kind":"top_words","i1":3,"i2":7,"sol":{"path":["/c/en/moonbeam","/c/en/beam","/c/en/science_fiction","/c/en/bot"],"weight":0.2046799999999997,"degrees":[41,1036,836,108]},"num_concepts_raised":54986},{"base_id":237,"kind":"top_words","i1":3,"i2":8,"sol":{"path":["/c/en/moonbeam","/c/en/beam","/c/en/post","/c/en/cereal","/c/en/kasha"],"weight":0.20425999999999989,"degrees":[41,1036,1560,487,51]},"num_concepts_raised":3308},{"base_id":237,"kind":"top_words","i1":3,"i2":9,"sol":{"path":["/c/en/moonbeam","/c/en/beam","/c/en/building","/c/en/town","/c/en/leibnitz"],"weight":0.20896999999999982,"degrees":[41,1036,2061,2220,33]},"num_concepts_raised":3538},{"base_id":237,"kind":"top_words","i1":4,"i2":5,"sol":{"path":["/c/en/pilate","/c/fr/religion","/c/en/buddhism","/c/en/katsu"],"weight":0.20293999999999984,"degrees":[40,6634,1287,31]},"num_concepts_raised":29660},{"base_id":237,"kind":"top_words","i1":4,"i2":6,"sol":{"path":["/c/en/pilate","/c/en/jesus","/c/en/person","/c/en/ota"],"weight":0.2078499999999998,"degrees":[40,467,12935,27]},"num_concepts_raised":38991},{"base_id":237,"kind":"top_words","i1":4,"i2":7,"sol":{"path":["/c/en/pilate","/c/en/hair","/c/en/skin","/c/en/bot"],"weight":0.20374999999999965,"degrees":[40,2126,2372,108]},"num_concepts_raised":67462},{"base_id":237,"kind":"top_words","i1":4,"i2":8,"sol":{"path":["/c/en/pilate","/c/en/hair","/c/en/grain","/c/ba/бутҡа","/c/en/kasha"],"weight":0.20427999999999985,"degrees":[40,2126,1334,24,51]},"num_concepts_raised":16065},{"base_id":237,"kind":"top_words","i1":4,"i2":9,"sol":{"path":["/c/en/pilate","/c/en/bible","/c/en/gottfried_wilhelm_leibniz","/c/en/gottfried_wilhelm_leibnitz","/c/en/leibnitz"],"weight":0.20793999999999985,"degrees":[40,852,121,21,33]},"num_concepts_raised":16274},{"base_id":237,"kind":"top_words","i1":5,"i2":6,"sol":{"path":["/c/en/katsu","/c/en/energy","/c/en/person","/c/en/ota"],"weight":0.2077899999999998,"degrees":[31,1631,12935,27]},"num_concepts_raised":39599},{"base_id":237,"kind":"top_words","i1":5,"i2":7,"sol":{"path":["/c/en/katsu","/c/en/energy","/c/en/video_games","/c/en/bot"],"weight":0.20458999999999966,"degrees":[31,1631,684,108]},"num_concepts_raised":67815},{"base_id":237,"kind":"top_words","i1":5,"i2":8,"sol":{"path":["/c/en/katsu","/c/en/food","/c/en/porridge","/c/en/kasha"],"weight":0.20335999999999987,"degrees":[31,4281,281,51]},"num_concepts_raised":17099},{"base_id":237,"kind":"top_words","i1":5,"i2":9,"sol":{"path":["/c/en/katsu","/c/en/state","/c/en/town","/c/en/leibnitz"],"weight":0.20781999999999984,"degrees":[31,3243,2220,33]},"num_concepts_raised":17352},{"base_id":237,"kind":"top_words","i1":6,"i2":7,"sol":{"path":["/c/en/ota","/c/en/computing","/c/en/bot"],"weight":0.20400000000000001,"degrees":[27,9084,108]},"num_concepts_raised":109},{"base_id":237,"kind":"top_words","i1":6,"i2":8,"sol":{"path":["/c/en/ota","/c/en/person","/c/en/water","/c/ba/бутҡа","/c/en/kasha"],"weight":0.20905999999999983,"degrees":[27,12935,4606,24,51]},"num_concepts_raised":26545},{"base_id":237,"kind":"top_words","i1":6,"i2":9,"sol":{"path":["/c/en/ota","/c/fr/ota","/c/fr/localités","/c/fr/leibnitz","/c/en/leibnitz"],"weight":0.2147799999999998,"degrees":[27,26,110113,11,33]},"num_concepts_raised":26746},{"base_id":237,"kind":"top_words","i1":7,"i2":8,"sol":{"path":["/c/en/bot","/c/en/skin","/c/en/boil","/c/en/kasha"],"weight":0.20386999999999966,"degrees":[108,2372,948,51]},"num_concepts_raised":55171},{"base_id":237,"kind":"top_words","i1":7,"i2":9,"sol":{"path":["/c/en/bot","/c/fr/bot","/c/fr/localités","/c/fr/leibnitz","/c/en/leibnitz"],"weight":0.21267999999999962,"degrees":[108,94,110113,11,33]},"num_concepts_raised":55361},{"base_id":237,"kind":"top_words","i1":8,"i2":9,"sol":{"path":["/c/en/kasha","/c/en/cereal","/c/en/rye","/c/en/town","/c/en/leibnitz"],"weight":0.20814999999999984,"degrees":[51,487,424,2220,33]},"num_concepts_raised":3699}]]