[[{"base_id":395,"kind":"bot_words","i1":0,"i2":1,"sol":{"path":["/c/en/ageing","/c/en/british","/c/en/fire","/c/en/candlelight"],"weight":0.21369999999999972,"degrees":[127,3452,2829,66]},"num_concepts_raised":30031},{"base_id":395,"kind":"bot_words","i1":0,"i2":2,"sol":{"path":["/c/en/ageing","/c/en/disease","/c/en/pain","/c/en/pang"],"weight":0.21312999999999954,"degrees":[127,4216,2002,141]},"num_concepts_raised":30764},{"base_id":395,"kind":"bot_words","i1":0,"i2":3,"sol":{"path":["/c/en/ageing","/c/en/british","/c/en/madras","/c/en/chennai"],"weight":0.22403999999999974,"degrees":[127,3452,59,146]},"num_concepts_raised":25755},{"base_id":395,"kind":"bot_words","i1":0,"i2":4,"sol":{"path":["/c/en/ageing","/c/en/british","/c/en/sledge","/c/en/dray"],"weight":0.21337999999999963,"degrees":[127,3452,244,59]},"num_concepts_raised":23280},{"base_id":395,"kind":"bot_words","i1":0,"i2":5,"sol":{"path":["/c/en/ageing","/c/en/australia","/c/en/jelly","/c/en/eggmass","/c/en/ootheca"],"weight":0.21318999999999977,"degrees":[127,2690,311,5,29]},"num_concepts_raised":20175},{"base_id":395,"kind":"bot_words","i1":0,"i2":6,"sol":{"path":["/c/en/ageing","/c/en/cell","/c/en/film","/c/en/mallrats"],"weight":0.2139699999999997,"degrees":[127,2433,2504,24]},"num_concepts_raised":21186},{"base_id":395,"kind":"bot_words","i1":0,"i2":7,"sol":{"path":["/c/en/ageing","/c/en/australia","/c/en/flake","/c/en/codfish"],"weight":0.2131799999999997,"degrees":[127,2690,253,36]},"num_concepts_raised":23423},{"base_id":395,"kind":"bot_words","i1":0,"i2":8,"sol":{"path":["/c/en/ageing","/c/en/australia","/c/en/extra","/c/en/surcharge"],"weight":0.2146699999999996,"degrees":[127,2690,434,136]},"num_concepts_raised":39489},{"base_id":395,"kind":"bot_words","i1":0,"i2":9,"sol":{"path":["/c/en/ageing","/c/en/australia","/c/en/plate","/c/en/platé","/c/en/strewn"],"weight":0.21314999999999967,"degrees":[127,2690,1940,5,36]},"num_concepts_raised":19609},{"base_id":395,"kind":"bot_words","i1":1,"i2":2,"sol":{"path":["/c/en/candlelight","/c/en/fire","/c/en/pain","/c/en/pang"],"weight":0.20752999999999971,"degrees":[66,2829,2002,141]},"num_concepts_raised":23231},{"base_id":395,"kind":"bot_words","i1":1,"i2":3,"sol":{"path":["/c/en/candlelight","/c/en/reading","/c/en/school","/c/en/chennai"],"weight":0.2100599999999999,"degrees":[66,1039,2171,146]},"num_concepts_raised":18340},{"base_id":395,"kind":"bot_words","i1":1,"i2":4,"sol":{"path":["/c/en/candlelight","/c/en/stick","/c/en/nest","/c/en/dray"],"weight":0.20352999999999982,"degrees":[66,2046,1196,59]},"num_concepts_raised":15712},{"base_id":395,"kind":"bot_words","i1":1,"i2":5,"sol":{"path":["/c/en/candlelight","/c/en/candle","/c/en/egg","/c/en/eggmass","/c/en/ootheca"],"weight":0.20450999999999994,"degrees":[66,766,1565,5,29]},"num_concepts_raised":12591},{"base_id":395,"kind":"bot_words","i1":1,"i2":6,"sol":{"path":["/c/en/candlelight","/c/en/candle","/c/en/illumination","/c/en/film","/c/en/mallrats"],"weight":0.20953999999999984,"degrees":[66,766,228,2504,24]},"num_concepts_raised":13594},{"base_id":395,"kind":"bot_words","i1":1,"i2":7,"sol":{"path":["/c/en/candlelight","/c/en/dinner","/c/en/fish","/c/en/codfish"],"weight":0.20341999999999985,"degrees":[66,583,4424,36]},"num_concepts_raised":15907},{"base_id":395,"kind":"bot_words","i1":1,"i2":8,"sol":{"path":["/c/en/candlelight","/c/en/candle","/c/en/show","/c/en/surcharge"],"weight":0.20596999999999976,"degrees":[66,766,1871,136]},"num_concepts_raised":32247},{"base_id":395,"kind":"bot_words","i1":1,"i2":9,"sol":{"path":["/c/en/candlelight","/c/en/light","/c/is/ýra","/c/en/strew","/c/en/strewn"],"weight":0.20546999999999982,"degrees":[66,4288,10,240,36]},"num_concepts_raised":12017},{"base_id":395,"kind":"bot_words","i1":2,"i2":3,"sol":{"path":["/c/en/pang","/c/en/pain","/c/en/human","/c/en/city","/c/en/chennai"],"weight":0.21380999999999972,"degrees":[141,2002,2645,3758,146]},"num_concepts_raised":19191},{"base_id":395,"kind":"bot_words","i1":2,"i2":4,"sol":{"path":["/c/en/pang","/c/en/rack","/c/en/draw","/c/en/dray"],"weight":0.20450999999999964,"degrees":[141,554,1953,59]},"num_concepts_raised":16573},{"base_id":395,"kind":"bot_words","i1":2,"i2":5,"sol":{"path":["/c/en/pang","/c/en/pain","/c/en/annoy","/c/en/ruffle","/c/en/ootheca"],"weight":0.20692999999999978,"degrees":[141,2002,722,209,29]},"num_concepts_raised":13389},{"base_id":395,"kind":"bot_words","i1":2,"i2":6,"sol":{"path":["/c/en/pang","/c/en/sting","/c/en/film","/c/en/mallrats"],"weight":0.20908999999999967,"degrees":[141,725,2504,24]},"num_concepts_raised":14425},{"base_id":395,"kind":"bot_words","i1":2,"i2":7,"sol":{"path":["/c/en/pang","/c/en/torment","/c/en/dun","/c/en/codfish"],"weight":0.20543999999999968,"degrees":[141,596,194,36]},"num_concepts_raised":16714},{"base_id":395,"kind":"bot_words","i1":2,"i2":8,"sol":{"path":["/c/en/pang","/c/en/pain","/c/en/animal","/c/en/surcharge"],"weight":0.2084099999999996,"degrees":[141,2002,3735,136]},"num_concepts_raised":32984},{"base_id":395,"kind":"bot_words","i1":2,"i2":9,"sol":{"path":["/c/en/pang","/c/en/pain","/c/en/result","/c/hi/पड़ना","/c/en/strewn"],"weight":0.20689999999999964,"degrees":[141,2002,890,23,36]},"num_concepts_raised":12826},{"base_id":395,"kind":"bot_words","i1":3,"i2":4,"sol":{"path":["/c/en/chennai","/c/en/city","/c/en/squirrel","/c/en/dray"],"weight":0.21094999999999986,"degrees":[146,3758,1113,59]},"num_concepts_raised":11477},{"base_id":395,"kind":"bot_words","i1":3,"i2":5,"sol":{"path":["/c/en/chennai","/c/en/school","/c/en/biology","/c/fi/munapussi","/c/en/ootheca"],"weight":0.21066,"degrees":[146,2171,6216,11,29]},"num_concepts_raised":8264},{"base_id":395,"kind":"bot_words","i1":3,"i2":6,"sol":{"path":["/c/en/chennai","/c/en/kollywood","/c/en/film","/c/en/mallrats"],"weight":0.2144799999999999,"degrees":[146,11,2504,24]},"num_concepts_raised":9295},{"base_id":395,"kind":"bot_words","i1":3,"i2":7,"sol":{"path":["/c/en/chennai","/c/en/school","/c/en/fish","/c/en/codfish"],"weight":0.2097499999999999,"degrees":[146,2171,4424,36]},"num_concepts_raised":11601},{"base_id":395,"kind":"bot_words","i1":3,"i2":8,"sol":{"path":["/c/en/chennai","/c/en/madras","/c/en/british","/c/en/commoner","/c/en/surcharge"],"weight":0.2152499999999998,"degrees":[146,59,3452,196,136]},"num_concepts_raised":28084},{"base_id":395,"kind":"bot_words","i1":3,"i2":9,"sol":{"path":["/c/en/chennai","/c/en/city","/c/en/street","/c/en/strew","/c/en/strewn"],"weight":0.21062999999999987,"degrees":[146,3758,1387,240,36]},"num_concepts_raised":7696},{"base_id":395,"kind":"bot_words","i1":4,"i2":5,"sol":{"path":["/c/en/dray","/c/en/squirrel","/c/fr/zoologie","/c/fr/entomologie","/c/en/ootheca"],"weight":0.20412999999999987,"degrees":[59,1113,9122,647,29]},"num_concepts_raised":5676},{"base_id":395,"kind":"bot_words","i1":4,"i2":6,"sol":{"path":["/c/en/dray","/c/en/squirrel","/c/en/animal","/c/en/film","/c/en/mallrats"],"weight":0.20909999999999979,"degrees":[59,1113,3735,2504,24]},"num_concepts_raised":6711},{"base_id":395,"kind":"bot_words","i1":4,"i2":7,"sol":{"path":["/c/en/dray","/c/en/nest","/c/en/fish","/c/en/codfish"],"weight":0.20323999999999978,"degrees":[59,1196,4424,36]},"num_concepts_raised":8998},{"base_id":395,"kind":"bot_words","i1":4,"i2":8,"sol":{"path":["/c/en/dray","/c/en/squirrel","/c/en/common","/c/en/surcharge"],"weight":0.2066699999999997,"degrees":[59,1113,1219,136]},"num_concepts_raised":25435},{"base_id":395,"kind":"bot_words","i1":4,"i2":9,"sol":{"path":["/c/en/dray","/c/en/squirrel","/c/en/street","/c/en/strew","/c/en/strewn"],"weight":0.20511999999999975,"degrees":[59,1113,1387,240,36]},"num_concepts_raised":5106},{"base_id":395,"kind":"bot_words","i1":5,"i2":6,"sol":{"path":["/c/en/ootheca","/c/en/ruffle","/c/en/roll","/c/en/film","/c/en/mallrats"],"weight":0.20770999999999992,"degrees":[29,209,1585,2504,24]},"num_concepts_raised":3441},{"base_id":395,"kind":"bot_words","i1":5,"i2":7,"sol":{"path":["/c/en/ootheca","/c/en/cockroach","/c/en/slang","/c/en/cod","/c/en/codfish"],"weight":0.20510999999999993,"degrees":[29,479,16318,464,36]},"num_concepts_raised":5760},{"base_id":395,"kind":"bot_words","i1":5,"i2":8,"sol":{"path":["/c/en/ootheca","/c/en/ruffle","/c/en/military","/c/en/charge","/c/en/surcharge"],"weight":0.20654999999999984,"degrees":[29,209,5690,1848,136]},"num_concepts_raised":22422},{"base_id":395,"kind":"bot_words","i1":5,"i2":9,"sol":{"path":["/c/en/ootheca","/c/en/cockroach","/c/en/cupboard","/c/en/abacus","/c/en/strewn"],"weight":0.20279999999999992,"degrees":[29,479,466,267,36]},"num_concepts_raised":1810},{"base_id":395,"kind":"bot_words","i1":6,"i2":7,"sol":{"path":["/c/en/mallrats","/c/en/film","/c/en/animal","/c/en/fish","/c/en/codfish"],"weight":0.20790999999999982,"degrees":[24,2504,3735,4424,36]},"num_concepts_raised":6814},{"base_id":395,"kind":"bot_words","i1":6,"i2":8,"sol":{"path":["/c/en/mallrats","/c/en/film","/c/en/animal","/c/en/surcharge"],"weight":0.20919999999999975,"degrees":[24,2504,3735,136]},"num_concepts_raised":23402},{"base_id":395,"kind":"bot_words","i1":6,"i2":9,"sol":{"path":["/c/en/mallrats","/c/en/film","/c/en/layer","/c/ro/așternut","/c/en/strewn"],"weight":0.2077199999999998,"degrees":[24,2504,898,15,36]},"num_concepts_raised":2875},{"base_id":395,"kind":"bot_words","i1":7,"i2":8,"sol":{"path":["/c/en/codfish","/c/en/fish","/c/en/animal","/c/en/surcharge"],"weight":0.20446999999999976,"degrees":[36,4424,3735,136]},"num_concepts_raised":25645},{"base_id":395,"kind":"bot_words","i1":7,"i2":9,"sol":{"path":["/c/en/codfish","/c/en/cod","/c/en/dialectal","/c/fi/poikitse","/c/en/strewn"],"weight":0.20507999999999982,"degrees":[36,464,4127,23,36]},"num_concepts_raised":5195},{"base_id":395,"kind":"bot_words","i1":8,"i2":9,"sol":{"path":["/c/en/surcharge","/c/en/charge","/c/en/semé","/c/en/strewn"],"weight":0.20656999999999973,"degrees":[136,1848,21,36]},"num_concepts_raised":21841}],[{"base_id":395,"kind":"top_words","i1":0,"i2":1,"sol":{"path":["/c/en/macrotis","/c/en/mammal","/c/en/reptile","/c/en/bitis"],"weight":0.21307999999999977,"degrees":[41,2187,897,42]},"num_concepts_raised":3331},{"base_id":395,"kind":"top_words","i1":0,"i2":2,"sol":{"path":["/c/en/macrotis","/c/en/mammal","/c/en/animal","/c/en/plant","/c/en/ferocactus"],"weight":0.21317999999999981,"degrees":[41,2187,3735,7959,40]},"num_concepts_raised":10030},{"base_id":395,"kind":"top_words","i1":0,"i2":3,"sol":{"path":["/c/en/macrotis","/c/en/mammal","/c/en/animal","/c/en/plant","/c/en/crepis"],"weight":0.2132299999999998,"degrees":[41,2187,3735,7959,47]},"num_concepts_raised":9923},{"base_id":395,"kind":"top_words","i1":0,"i2":4,"sol":{"path":["/c/en/macrotis","/c/en/mammal","/c/en/animal","/c/en/plant","/c/en/selaginella"],"weight":0.21324999999999975,"degrees":[41,2187,3735,7959,52]},"num_concepts_raised":9898},{"base_id":395,"kind":"top_words","i1":0,"i2":5,"sol":{"path":["/c/en/macrotis","/c/en/mammal","/c/en/bird","/c/en/caprimulgus"],"weight":0.21312999999999982,"degrees":[41,2187,4970,39]},"num_concepts_raised":6792},{"base_id":395,"kind":"top_words","i1":0,"i2":6,"sol":{"path":["/c/en/macrotis","/c/en/mammal","/c/en/eye","/c/en/jaundice","/c/en/icterus"],"weight":0.20940999999999982,"degrees":[41,2187,2698,277,39]},"num_concepts_raised":23374},{"base_id":395,"kind":"top_words","i1":0,"i2":7,"sol":{"path":["/c/en/macrotis","/c/en/mammal","/c/en/bird","/c/en/carduelis"],"weight":0.21324999999999977,"degrees":[41,2187,4970,51]},"num_concepts_raised":6895},{"base_id":395,"kind":"top_words","i1":0,"i2":8,"sol":{"path":["/c/en/macrotis","/c/en/mammal","/c/en/reptile","/c/en/bothrops"],"weight":0.2131799999999998,"degrees":[41,2187,897,47]},"num_concepts_raised":3269},{"base_id":395,"kind":"top_words","i1":0,"i2":9,"sol":{"path":["/c/en/macrotis","/c/en/mammal","/c/en/apodemus"],"weight":0.20600000000000002,"degrees":[41,2187,52]},"num_concepts_raised":83},{"base_id":395,"kind":"top_words","i1":1,"i2":2,"sol":{"path":["/c/en/bitis","/c/en/reptile","/c/en/animal","/c/en/plant","/c/en/ferocactus"],"weight":0.21314999999999984,"degrees":[42,897,3735,7959,40]},"num_concepts_raised":8735},{"base_id":395,"kind":"top_words","i1":1,"i2":3,"sol":{"path":["/c/en/bitis","/c/en/reptile","/c/en/animal","/c/en/plant","/c/en/crepis"],"weight":0.21319999999999983,"degrees":[42,897,3735,7959,47]},"num_concepts_raised":8627},{"base_id":395,"kind":"top_words","i1":1,"i2":4,"sol":{"path":["/c/en/bitis","/c/en/reptile","/c/en/animal","/c/en/plant","/c/en/selaginella"],"weight":0.21321999999999974,"degrees":[42,897,3735,7959,52]},"num_concepts_raised":8602},{"base_id":395,"kind":"top_words","i1":1,"i2":5,"sol":{"path":["/c/en/bitis","/c/en/reptile","/c/en/animal","/c/en/bird","/c/en/caprimulgus"],"weight":0.2131199999999998,"degrees":[42,897,3735,4970,39]},"num_concepts_raised":5493},{"base_id":395,"kind":"top_words","i1":1,"i2":6,"sol":{"path":["/c/en/bitis","/c/en/reptile","/c/en/blood","/c/en/icterus"],"weight":0.2080599999999998,"degrees":[42,897,2253,39]},"num_concepts_raised":22093},{"base_id":395,"kind":"top_words","i1":1,"i2":7,"sol":{"path":["/c/en/bitis","/c/en/reptile","/c/en/animal","/c/en/bird","/c/en/carduelis"],"weight":0.21323999999999976,"degrees":[42,897,3735,4970,51]},"num_concepts_raised":5596},{"base_id":395,"kind":"top_words","i1":1,"i2":8,"sol":{"path":["/c/en/bitis","/c/en/reptile","/c/en/bothrops"],"weight":0.20600000000000002,"degrees":[42,897,47]},"num_concepts_raised":78},{"base_id":395,"kind":"top_words","i1":1,"i2":9,"sol":{"path":["/c/en/bitis","/c/en/reptile","/c/en/mammal","/c/en/apodemus"],"weight":0.21323999999999976,"degrees":[42,897,2187,52]},"num_concepts_raised":3464},{"base_id":395,"kind":"top_words","i1":2,"i2":3,"sol":{"path":["/c/en/ferocactus","/c/en/plant","/c/en/crepis"],"weight":0.20600000000000002,"degrees":[40,7959,47]},"num_concepts_raised":73},{"base_id":395,"kind":"top_words","i1":2,"i2":4,"sol":{"path":["/c/en/ferocactus","/c/en/plant","/c/en/selaginella"],"weight":0.20600000000000002,"degrees":[40,7959,52]},"num_concepts_raised":81},{"base_id":395,"kind":"top_words","i1":2,"i2":5,"sol":{"path":["/c/en/ferocactus","/c/en/plant","/c/en/animal","/c/en/bird","/c/en/caprimulgus"],"weight":0.21320999999999987,"degrees":[40,7959,3735,4970,39]},"num_concepts_raised":12165},{"base_id":395,"kind":"top_words","i1":2,"i2":6,"sol":{"path":["/c/en/ferocactus","/c/en/plant","/c/en/icterus"],"weight":0.20400000000000001,"degrees":[40,7959,39]},"num_concepts_raised":68},{"base_id":395,"kind":"top_words","i1":2,"i2":7,"sol":{"path":["/c/en/ferocactus","/c/en/plant","/c/en/animal","/c/en/bird","/c/en/carduelis"],"weight":0.21332999999999983,"degrees":[40,7959,3735,4970,51]},"num_concepts_raised":12268},{"base_id":395,"kind":"top_words","i1":2,"i2":8,"sol":{"path":["/c/en/ferocactus","/c/en/plant","/c/en/animal","/c/en/reptile","/c/en/bothrops"],"weight":0.21324999999999983,"degrees":[40,7959,3735,897,47]},"num_concepts_raised":8672},{"base_id":395,"kind":"top_words","i1":2,"i2":9,"sol":{"path":["/c/en/ferocactus","/c/en/plant","/c/en/animal","/c/en/mammal","/c/en/apodemus"],"weight":0.2133399999999998,"degrees":[40,7959,3735,2187,52]},"num_concepts_raised":10163},{"base_id":395,"kind":"top_words","i1":3,"i2":4,"sol":{"path":["/c/en/crepis","/c/en/plant","/c/en/selaginella"],"weight":0.20600000000000002,"degrees":[47,7959,52]},"num_concepts_raised":87},{"base_id":395,"kind":"top_words","i1":3,"i2":5,"sol":{"path":["/c/en/crepis","/c/en/plant","/c/en/animal","/c/en/bird","/c/en/caprimulgus"],"weight":0.21325999999999987,"degrees":[47,7959,3735,4970,39]},"num_concepts_raised":12059},{"base_id":395,"kind":"top_words","i1":3,"i2":6,"sol":{"path":["/c/en/crepis","/c/en/plant","/c/en/icterus"],"weight":0.20400000000000001,"degrees":[47,7959,39]},"num_concepts_raised":74},{"base_id":395,"kind":"top_words","i1":3,"i2":7,"sol":{"path":["/c/en/crepis","/c/en/plant","/c/en/animal","/c/en/bird","/c/en/carduelis"],"weight":0.21337999999999982,"degrees":[47,7959,3735,4970,51]},"num_concepts_raised":12162},{"base_id":395,"kind":"top_words","i1":3,"i2":8,"sol":{"path":["/c/en/crepis","/c/en/plant","/c/en/animal","/c/en/reptile","/c/en/bothrops"],"weight":0.21329999999999982,"degrees":[47,7959,3735,897,47]},"num_concepts_raised":8564},{"base_id":395,"kind":"top_words","i1":3,"i2":9,"sol":{"path":["/c/en/crepis","/c/en/plant","/c/en/animal","/c/en/mammal","/c/en/apodemus"],"weight":0.2133899999999998,"degrees":[47,7959,3735,2187,52]},"num_concepts_raised":10055},{"base_id":395,"kind":"top_words","i1":4,"i2":5,"sol":{"path":["/c/en/selaginella","/c/en/plant","/c/en/animal","/c/en/bird","/c/en/caprimulgus"],"weight":0.2132799999999998,"degrees":[52,7959,3735,4970,39]},"num_concepts_raised":12034},{"base_id":395,"kind":"top_words","i1":4,"i2":6,"sol":{"path":["/c/en/selaginella","/c/en/plant","/c/en/icterus"],"weight":0.20400000000000001,"degrees":[52,7959,39]},"num_concepts_raised":82},{"base_id":395,"kind":"top_words","i1":4,"i2":7,"sol":{"path":["/c/en/selaginella","/c/en/plant","/c/en/animal","/c/en/bird","/c/en/carduelis"],"weight":0.21339999999999976,"degrees":[52,7959,3735,4970,51]},"num_concepts_raised":12137},{"base_id":395,"kind":"top_words","i1":4,"i2":8,"sol":{"path":["/c/en/selaginella","/c/en/plant","/c/en/animal","/c/en/reptile","/c/en/bothrops"],"weight":0.21331999999999976,"degrees":[52,7959,3735,897,47]},"num_concepts_raised":8539},{"base_id":395,"kind":"top_words","i1":4,"i2":9,"sol":{"path":["/c/en/selaginella","/c/en/plant","/c/en/animal","/c/en/mammal","/c/en/apodemus"],"weight":0.21340999999999974,"degrees":[52,7959,3735,2187,52]},"num_concepts_raised":10030},{"base_id":395,"kind":"top_words","i1":5,"i2":6,"sol":{"path":["/c/en/caprimulgus","/c/en/bird_genus","/c/en/icterus"],"weight":0.20400000000000001,"degrees":[39,409,39]},"num_concepts_raised":68},{"base_id":395,"kind":"top_words","i1":5,"i2":7,"sol":{"path":["/c/en/caprimulgus","/c/en/bird","/c/en/carduelis"],"weight":0.20600000000000002,"degrees":[39,4970,51]},"num_concepts_raised":78},{"base_id":395,"kind":"top_words","i1":5,"i2":8,"sol":{"path":["/c/en/caprimulgus","/c/en/bird","/c/en/animal","/c/en/reptile","/c/en/bothrops"],"weight":0.21321999999999983,"degrees":[39,4970,3735,897,47]},"num_concepts_raised":5431},{"base_id":395,"kind":"top_words","i1":5,"i2":9,"sol":{"path":["/c/en/caprimulgus","/c/en/bird","/c/en/mammal","/c/en/apodemus"],"weight":0.2132899999999998,"degrees":[39,4970,2187,52]},"num_concepts_raised":6925},{"base_id":395,"kind":"top_words","i1":6,"i2":7,"sol":{"path":["/c/en/icterus","/c/en/bird_genus","/c/en/carduelis"],"weight":0.20400000000000001,"degrees":[39,409,51]},"num_concepts_raised":80},{"base_id":395,"kind":"top_words","i1":6,"i2":8,"sol":{"path":["/c/en/icterus","/c/en/blood","/c/en/reptile","/c/en/bothrops"],"weight":0.20815999999999982,"degrees":[39,2253,897,47]},"num_concepts_raised":22027},{"base_id":395,"kind":"top_words","i1":6,"i2":9,"sol":{"path":["/c/en/icterus","/c/en/jaundice","/c/en/eye","/c/en/mammal","/c/en/apodemus"],"weight":0.2095699999999998,"degrees":[39,277,2698,2187,52]},"num_concepts_raised":23506},{"base_id":395,"kind":"top_words","i1":7,"i2":8,"sol":{"path":["/c/en/carduelis","/c/en/bird","/c/en/animal","/c/en/reptile","/c/en/bothrops"],"weight":0.21333999999999978,"degrees":[51,4970,3735,897,47]},"num_concepts_raised":5534},{"base_id":395,"kind":"top_words","i1":7,"i2":9,"sol":{"path":["/c/en/carduelis","/c/en/bird","/c/en/mammal","/c/en/apodemus"],"weight":0.21340999999999977,"degrees":[51,4970,2187,52]},"num_concepts_raised":7028},{"base_id":395,"kind":"top_words","i1":8,"i2":9,"sol":{"path":["/c/en/bothrops","/c/en/reptile","/c/en/mammal","/c/en/apodemus"],"weight":0.21333999999999978,"degrees":[47,897,2187,52]},"num_concepts_raised":3402}]]