[[{"base_id":458,"kind":"bot_words","i1":0,"i2":1,"sol":{"path":["/c/en/officialdom","/c/en/government","/c/en/body","/c/en/drug","/c/en/cimetidine"],"weight":0.20800999999999978,"degrees":[24,2046,3170,4920,50]},"num_concepts_raised":16046},{"base_id":458,"kind":"bot_words","i1":0,"i2":2,"sol":{"path":["/c/en/officialdom","/c/en/government","/c/en/city","/c/en/tikrit"],"weight":0.2080699999999997,"degrees":[24,2046,3758,59]},"num_concepts_raised":9952},{"base_id":458,"kind":"bot_words","i1":0,"i2":3,"sol":{"path":["/c/en/officialdom","/c/en/people","/c/en/van","/c/en/armenian_highland","/c/en/ararat"],"weight":0.21047999999999975,"degrees":[24,4475,440,43,93]},"num_concepts_raised":14195},{"base_id":458,"kind":"bot_words","i1":0,"i2":4,"sol":{"path":["/c/en/officialdom","/c/en/people","/c/en/age","/c/en/era"],"weight":0.21778999999999898,"degrees":[24,4475,1544,545]},"num_concepts_raised":46047},{"base_id":458,"kind":"bot_words","i1":0,"i2":5,"sol":{"path":["/c/en/officialdom","/c/ko/벼슬","/c/en/official","/c/en/herald","/c/en/tabard"],"weight":0.20371999999999985,"degrees":[24,11,1131,277,35]},"num_concepts_raised":12561},{"base_id":458,"kind":"bot_words","i1":0,"i2":6,"sol":{"path":["/c/en/officialdom","/c/en/government","/c/en/city","/c/en/arnhem"],"weight":0.20854999999999974,"degrees":[24,2046,3758,89]},"num_concepts_raised":10334},{"base_id":458,"kind":"bot_words","i1":0,"i2":7,"sol":{"path":["/c/en/officialdom","/c/en/people","/c/en/stage","/c/en/high_water","/c/en/intertidal"],"weight":0.2026899999999999,"degrees":[24,4475,1366,29,26]},"num_concepts_raised":7067},{"base_id":458,"kind":"bot_words","i1":0,"i2":8,"sol":{"path":["/c/en/officialdom","/c/en/government","/c/en/civilization","/c/en/islam","/c/en/wahhabi"],"weight":0.2029299999999999,"degrees":[24,2046,414,1651,30]},"num_concepts_raised":10365},{"base_id":458,"kind":"bot_words","i1":0,"i2":9,"sol":{"path":["/c/en/officialdom","/c/en/government","/c/en/opposition","/c/en/oppositionist"],"weight":0.20271999999999987,"degrees":[24,2046,615,23]},"num_concepts_raised":7693},{"base_id":458,"kind":"bot_words","i1":1,"i2":2,"sol":{"path":["/c/en/cimetidine","/c/en/acid","/c/en/base","/c/en/city","/c/en/tikrit"],"weight":0.21331999999999962,"degrees":[50,1077,2117,3758,59]},"num_concepts_raised":12844},{"base_id":458,"kind":"bot_words","i1":1,"i2":3,"sol":{"path":["/c/en/cimetidine","/c/fr/médicament","/c/pt/remédio","/c/en/beverage","/c/en/ararat"],"weight":0.21382999999999963,"degrees":[50,721,62,746,93]},"num_concepts_raised":17042},{"base_id":458,"kind":"bot_words","i1":1,"i2":4,"sol":{"path":["/c/en/cimetidine","/c/en/male","/c/en/jin","/c/en/era"],"weight":0.2192599999999989,"degrees":[50,2222,265,545]},"num_concepts_raised":49211},{"base_id":458,"kind":"bot_words","i1":1,"i2":5,"sol":{"path":["/c/en/cimetidine","/c/fr/médicament","/c/en/music","/c/en/tunic","/c/en/tabard"],"weight":0.20818999999999974,"degrees":[50,721,8822,245,35]},"num_concepts_raised":15386},{"base_id":458,"kind":"bot_words","i1":1,"i2":6,"sol":{"path":["/c/en/cimetidine","/c/en/drug","/c/en/head","/c/en/netherlands","/c/en/arnhem"],"weight":0.21586999999999965,"degrees":[50,4920,3580,680,89]},"num_concepts_raised":13230},{"base_id":458,"kind":"bot_words","i1":1,"i2":7,"sol":{"path":["/c/en/cimetidine","/c/en/acid","/c/en/salt","/c/en/salt_marsh","/c/en/intertidal"],"weight":0.2079599999999998,"degrees":[50,1077,2754,67,26]},"num_concepts_raised":9857},{"base_id":458,"kind":"bot_words","i1":1,"i2":8,"sol":{"path":["/c/en/cimetidine","/c/fr/médicament","/c/en/music","/c/en/movement","/c/en/wahhabi"],"weight":0.2081999999999998,"degrees":[50,721,8822,1567,30]},"num_concepts_raised":13199},{"base_id":458,"kind":"bot_words","i1":1,"i2":9,"sol":{"path":["/c/en/cimetidine","/c/en/antagonist","/c/en/opponent","/c/en/opposition","/c/en/oppositionist"],"weight":0.2080499999999998,"degrees":[50,397,499,615,23]},"num_concepts_raised":10492},{"base_id":458,"kind":"bot_words","i1":2,"i2":3,"sol":{"path":["/c/en/tikrit","/c/en/city","/c/en/australia","/c/en/ararat"],"weight":0.2138499999999996,"degrees":[59,3758,2690,93]},"num_concepts_raised":10819},{"base_id":458,"kind":"bot_words","i1":2,"i2":4,"sol":{"path":["/c/en/tikrit","/c/en/city","/c/en/auc","/c/en/era"],"weight":0.21934999999999888,"degrees":[59,3758,25,545]},"num_concepts_raised":43097},{"base_id":458,"kind":"bot_words","i1":2,"i2":5,"sol":{"path":["/c/en/tikrit","/c/en/city","/c/en/big","/c/en/garment","/c/en/tabard"],"weight":0.2081199999999997,"degrees":[59,3758,1222,773,35]},"num_concepts_raised":9332},{"base_id":458,"kind":"bot_words","i1":2,"i2":6,"sol":{"path":["/c/en/tikrit","/c/en/city","/c/en/arnhem"],"weight":0.20600000000000002,"degrees":[59,3758,89]},"num_concepts_raised":137},{"base_id":458,"kind":"bot_words","i1":2,"i2":7,"sol":{"path":["/c/en/tikrit","/c/en/city","/c/en/country","/c/en/coast","/c/en/littoral","/c/en/intertidal"],"weight":0.21316509999999933,"degrees":[59,3758,2796,895,99,26]},"num_concepts_raised":373419},{"base_id":458,"kind":"bot_words","i1":2,"i2":8,"sol":{"path":["/c/en/tikrit","/c/en/iraq","/c/en/arabia","/c/en/wahhabi"],"weight":0.20810999999999974,"degrees":[59,382,101,30]},"num_concepts_raised":7131},{"base_id":458,"kind":"bot_words","i1":2,"i2":9,"sol":{"path":["/c/en/tikrit","/c/en/city","/c/en/protest","/c/en/opposition","/c/en/oppositionist"],"weight":0.2080699999999997,"degrees":[59,3758,960,615,23]},"num_concepts_raised":4438},{"base_id":458,"kind":"bot_words","i1":3,"i2":4,"sol":{"path":["/c/en/ararat","/c/en/middle_ages","/c/en/age","/c/en/era"],"weight":0.22354999999999886,"degrees":[93,330,1544,545]},"num_concepts_raised":47034},{"base_id":458,"kind":"bot_words","i1":3,"i2":5,"sol":{"path":["/c/en/ararat","/c/en/middle_ages","/c/en/knight","/c/en/tabard"],"weight":0.20851999999999973,"degrees":[93,330,797,35]},"num_concepts_raised":13511},{"base_id":458,"kind":"bot_words","i1":3,"i2":6,"sol":{"path":["/c/en/ararat","/c/en/australia","/c/en/city","/c/en/arnhem"],"weight":0.21432999999999963,"degrees":[93,2690,3758,89]},"num_concepts_raised":11215},{"base_id":458,"kind":"bot_words","i1":3,"i2":7,"sol":{"path":["/c/en/ararat","/c/en/australia","/c/en/sand_whiting","/c/en/tidal","/c/en/intertidal"],"weight":0.20852999999999977,"degrees":[93,2690,6,85,26]},"num_concepts_raised":8010},{"base_id":458,"kind":"bot_words","i1":3,"i2":8,"sol":{"path":["/c/en/ararat","/c/en/turkey","/c/en/islam","/c/en/wahhabi"],"weight":0.2087299999999998,"degrees":[93,1157,1651,30]},"num_concepts_raised":11359},{"base_id":458,"kind":"bot_words","i1":3,"i2":9,"sol":{"path":["/c/en/ararat","/c/en/australia","/c/en/dorothy_dixer","/c/en/opposition","/c/en/oppositionist"],"weight":0.20853999999999975,"degrees":[93,2690,11,615,23]},"num_concepts_raised":8668},{"base_id":458,"kind":"bot_words","i1":4,"i2":5,"sol":{"path":["/c/en/era","/c/en/band","/c/en/garment","/c/en/tabard"],"weight":0.214089999999999,"degrees":[545,1893,773,35]},"num_concepts_raised":45500},{"base_id":458,"kind":"bot_words","i1":4,"i2":6,"sol":{"path":["/c/en/era","/c/en/auc","/c/en/city","/c/en/arnhem"],"weight":0.2198299999999989,"degrees":[545,25,3758,89]},"num_concepts_raised":43479},{"base_id":458,"kind":"bot_words","i1":4,"i2":7,"sol":{"path":["/c/en/era","/c/en/period","/c/en/tide","/c/en/intertidally","/c/en/intertidal"],"weight":0.221059999999999,"degrees":[545,1523,587,4,26]},"num_concepts_raised":40320},{"base_id":458,"kind":"bot_words","i1":4,"i2":8,"sol":{"path":["/c/en/era","/c/en/baseball","/c/en/movement","/c/en/wahhabi"],"weight":0.21411999999999906,"degrees":[545,1859,1567,30]},"num_concepts_raised":43453},{"base_id":458,"kind":"bot_words","i1":4,"i2":9,"sol":{"path":["/c/en/era","/c/en/band","/c/en/opposition","/c/en/oppositionist"],"weight":0.21400999999999903,"degrees":[545,1893,615,23]},"num_concepts_raised":40943},{"base_id":458,"kind":"bot_words","i1":5,"i2":6,"sol":{"path":["/c/en/tabard","/c/en/knight","/c/en/europe","/c/en/netherlands","/c/en/arnhem"],"weight":0.21063999999999972,"degrees":[35,797,765,680,89]},"num_concepts_raised":9718},{"base_id":458,"kind":"bot_words","i1":5,"i2":7,"sol":{"path":["/c/en/tabard","/c/en/cape","/c/en/coast","/c/en/littoral","/c/en/intertidal"],"weight":0.2038299999999999,"degrees":[35,499,895,99,26]},"num_concepts_raised":6367},{"base_id":458,"kind":"bot_words","i1":5,"i2":8,"sol":{"path":["/c/en/tabard","/c/en/banner","/c/en/movement","/c/en/wahhabi"],"weight":0.2028499999999999,"degrees":[35,446,1567,30]},"num_concepts_raised":9698},{"base_id":458,"kind":"bot_words","i1":5,"i2":9,"sol":{"path":["/c/en/tabard","/c/en/garment","/c/en/band","/c/en/opposition","/c/en/oppositionist"],"weight":0.20281999999999983,"degrees":[35,773,1893,615,23]},"num_concepts_raised":7021},{"base_id":458,"kind":"bot_words","i1":6,"i2":7,"sol":{"path":["/c/en/arnhem","/c/en/netherlands","/c/en/europe","/c/en/rock_barnacle","/c/en/intertidal"],"weight":0.21057999999999977,"degrees":[89,680,765,9,26]},"num_concepts_raised":4170},{"base_id":458,"kind":"bot_words","i1":6,"i2":8,"sol":{"path":["/c/en/arnhem","/c/en/city","/c/en/civilization","/c/en/islam","/c/en/wahhabi"],"weight":0.20872999999999978,"degrees":[89,3758,414,1651,30]},"num_concepts_raised":7528},{"base_id":458,"kind":"bot_words","i1":6,"i2":9,"sol":{"path":["/c/en/arnhem","/c/en/city","/c/en/protest","/c/en/opposition","/c/en/oppositionist"],"weight":0.20854999999999974,"degrees":[89,3758,960,615,23]},"num_concepts_raised":4826},{"base_id":458,"kind":"bot_words","i1":7,"i2":8,"sol":{"path":["/c/en/intertidal","/c/en/intertidally","/c/en/tide","/c/en/movement","/c/en/wahhabi"],"weight":0.20386999999999994,"degrees":[26,4,587,1567,30]},"num_concepts_raised":4150},{"base_id":458,"kind":"bot_words","i1":7,"i2":9,"sol":{"path":["/c/en/intertidal","/c/en/littoral","/c/en/coast","/c/en/united_states","/c/en/opposition","/c/en/oppositionist"],"weight":0.20736399999999983,"degrees":[26,99,895,1636,615,23]},"num_concepts_raised":114188},{"base_id":458,"kind":"bot_words","i1":8,"i2":9,"sol":{"path":["/c/en/wahhabi","/c/en/movement","/c/en/opposition","/c/en/oppositionist"],"weight":0.2028399999999999,"degrees":[30,1567,615,23]},"num_concepts_raised":4802}],[{"base_id":458,"kind":"top_words","i1":0,"i2":1,"sol":{"path":["/c/en/mestizo","/c/en/ethnic_group","/c/en/mulatto"],"weight":0.20600000000000002,"degrees":[108,622,142]},"num_concepts_raised":191},{"base_id":458,"kind":"top_words","i1":0,"i2":2,"sol":{"path":["/c/en/mestizo","/c/en/ladino","/c/en/sephardi"],"weight":0.20400000000000001,"degrees":[108,66,28]},"num_concepts_raised":114},{"base_id":458,"kind":"top_words","i1":0,"i2":3,"sol":{"path":["/c/en/mestizo","/c/en/hispanic","/c/en/historical","/c/en/marrano"],"weight":0.2088999999999998,"degrees":[108,108,8415,31]},"num_concepts_raised":27034},{"base_id":458,"kind":"top_words","i1":0,"i2":4,"sol":{"path":["/c/en/mestizo","/c/en/metis","/c/en/indian","/c/en/amerindian"],"weight":0.21341999999999978,"degrees":[108,185,557,36]},"num_concepts_raised":20734},{"base_id":458,"kind":"top_words","i1":0,"i2":5,"sol":{"path":["/c/en/mestizo","/c/en/metis","/c/en/english","/c/en/anglophone"],"weight":0.21237999999999976,"degrees":[108,185,954,55]},"num_concepts_raised":20240},{"base_id":458,"kind":"top_words","i1":0,"i2":6,"sol":{"path":["/c/en/mestizo","/c/en/hispanic","/c/en/ancestry"],"weight":0.20400000000000001,"degrees":[108,108,227]},"num_concepts_raised":289},{"base_id":458,"kind":"top_words","i1":0,"i2":7,"sol":{"path":["/c/en/mestizo","/c/en/person","/c/en/islander"],"weight":0.20500000000000002,"degrees":[108,12935,143]},"num_concepts_raised":193},{"base_id":458,"kind":"top_words","i1":0,"i2":8,"sol":{"path":["/c/en/mestizo","/c/en/person","/c/en/convert","/c/en/converso"],"weight":0.2087299999999997,"degrees":[108,12935,798,24]},"num_concepts_raised":26483},{"base_id":458,"kind":"top_words","i1":0,"i2":9,"sol":{"path":["/c/en/mestizo","/c/en/human","/c/en/body","/c/en/diaspora"],"weight":0.21542999999999968,"degrees":[108,2645,3170,145]},"num_concepts_raised":28366},{"base_id":458,"kind":"top_words","i1":1,"i2":2,"sol":{"path":["/c/en/mulatto","/c/en/ethnic_group","/c/en/jew","/c/en/sephardi"],"weight":0.2093399999999997,"degrees":[142,622,382,28]},"num_concepts_raised":13082},{"base_id":458,"kind":"top_words","i1":1,"i2":3,"sol":{"path":["/c/en/mulatto","/c/en/pejorative","/c/pt/marrano","/c/en/marrano"],"weight":0.2114999999999998,"degrees":[142,3581,10,31]},"num_concepts_raised":21578},{"base_id":458,"kind":"top_words","i1":1,"i2":4,"sol":{"path":["/c/en/mulatto","/c/en/half_breed","/c/en/american_indian","/c/en/amerindian"],"weight":0.2107799999999998,"degrees":[142,70,52,36]},"num_concepts_raised":15228},{"base_id":458,"kind":"top_words","i1":1,"i2":5,"sol":{"path":["/c/en/mulatto","/c/en/english_language","/c/en/english","/c/en/anglophone"],"weight":0.21076999999999976,"degrees":[142,579,954,55]},"num_concepts_raised":14782},{"base_id":458,"kind":"top_words","i1":1,"i2":6,"sol":{"path":["/c/en/mulatto","/c/en/half_breed","/c/en/ancestry"],"weight":0.20400000000000001,"degrees":[142,70,227]},"num_concepts_raised":312},{"base_id":458,"kind":"top_words","i1":1,"i2":7,"sol":{"path":["/c/en/mulatto","/c/en/iberian_peninsula","/c/en/island","/c/en/islander"],"weight":0.2122899999999998,"degrees":[142,224,1660,143]},"num_concepts_raised":26760},{"base_id":458,"kind":"top_words","i1":1,"i2":8,"sol":{"path":["/c/en/mulatto","/c/en/ethnic_group","/c/en/jew","/c/en/converso"],"weight":0.2092799999999997,"degrees":[142,622,382,24]},"num_concepts_raised":21031},{"base_id":458,"kind":"top_words","i1":1,"i2":9,"sol":{"path":["/c/en/mulatto","/c/en/human","/c/en/language","/c/en/diaspora"],"weight":0.21594999999999964,"degrees":[142,2645,4160,145]},"num_concepts_raised":23061},{"base_id":458,"kind":"top_words","i1":2,"i2":3,"sol":{"path":["/c/en/sephardi","/c/en/marrano"],"weight":0.202,"degrees":[28,31]},"num_concepts_raised":48},{"base_id":458,"kind":"top_words","i1":2,"i2":4,"sol":{"path":["/c/en/sephardi","/c/en/ladino","/c/en/native_american","/c/en/amerindian"],"weight":0.20406999999999992,"degrees":[28,66,348,36]},"num_concepts_raised":3564},{"base_id":458,"kind":"top_words","i1":2,"i2":5,"sol":{"path":["/c/en/sephardi","/c/he/ספרדי","/c/en/spanish","/c/en/english","/c/en/anglophone"],"weight":0.20411999999999986,"degrees":[28,13,369,954,55]},"num_concepts_raised":3012},{"base_id":458,"kind":"top_words","i1":2,"i2":6,"sol":{"path":["/c/en/sephardi","/c/en/iberian","/c/en/hispanic","/c/en/ancestry"],"weight":0.20486999999999936,"degrees":[28,65,108,227]},"num_concepts_raised":10192},{"base_id":458,"kind":"top_words","i1":2,"i2":7,"sol":{"path":["/c/en/sephardi","/c/en/jew","/c/en/person","/c/en/islander"],"weight":0.20539999999999994,"degrees":[28,382,12935,143]},"num_concepts_raised":15544},{"base_id":458,"kind":"top_words","i1":2,"i2":8,"sol":{"path":["/c/en/sephardi","/c/en/jew","/c/en/converso"],"weight":0.202,"degrees":[28,382,24]},"num_concepts_raised":51},{"base_id":458,"kind":"top_words","i1":2,"i2":9,"sol":{"path":["/c/en/sephardi","/c/fr/séfarade","/c/fr/diaspora","/c/en/diaspora"],"weight":0.21340999999999977,"degrees":[28,34,39,145]},"num_concepts_raised":11700},{"base_id":458,"kind":"top_words","i1":3,"i2":4,"sol":{"path":["/c/en/marrano","/c/en/historical","/c/en/indian","/c/en/amerindian"],"weight":0.20534999999999998,"degrees":[31,8415,557,36]},"num_concepts_raised":12247},{"base_id":458,"kind":"top_words","i1":3,"i2":5,"sol":{"path":["/c/en/marrano","/c/en/historical","/c/en/two_solitudes","/c/en/anglophone"],"weight":0.20324999999999996,"degrees":[31,8415,13,55]},"num_concepts_raised":11677},{"base_id":458,"kind":"top_words","i1":3,"i2":6,"sol":{"path":["/c/en/marrano","/c/en/historical","/c/en/anglo_indian","/c/en/ancestry"],"weight":0.20513999999999943,"degrees":[31,8415,57,227]},"num_concepts_raised":18794},{"base_id":458,"kind":"top_words","i1":3,"i2":7,"sol":{"path":["/c/en/marrano","/c/en/historical","/c/fr/habitant","/c/fr/insulaire","/c/en/islander"],"weight":0.20703000000000005,"degrees":[31,8415,3560,87,143]},"num_concepts_raised":24088},{"base_id":458,"kind":"top_words","i1":3,"i2":8,"sol":{"path":["/c/en/marrano","/c/en/converso"],"weight":0.202,"degrees":[31,24]},"num_concepts_raised":42},{"base_id":458,"kind":"top_words","i1":3,"i2":9,"sol":{"path":["/c/en/marrano","/c/en/historical","/c/en/distribution","/c/en/diaspora"],"weight":0.20948999999999984,"degrees":[31,8415,673,145]},"num_concepts_raised":20302},{"base_id":458,"kind":"top_words","i1":4,"i2":5,"sol":{"path":["/c/en/amerindian","/c/en/indian","/c/en/american","/c/en/english","/c/en/anglophone"],"weight":0.20666999999999994,"degrees":[36,557,845,954,55]},"num_concepts_raised":5343},{"base_id":458,"kind":"top_words","i1":4,"i2":6,"sol":{"path":["/c/en/amerindian","/c/en/indian","/c/en/anglo_indian","/c/en/ancestry"],"weight":0.20738999999999944,"degrees":[36,557,57,227]},"num_concepts_raised":12494},{"base_id":458,"kind":"top_words","i1":4,"i2":7,"sol":{"path":["/c/en/amerindian","/c/en/native_american","/c/en/person","/c/en/islander"],"weight":0.20682,"degrees":[36,348,12935,143]},"num_concepts_raised":17837},{"base_id":458,"kind":"top_words","i1":4,"i2":8,"sol":{"path":["/c/en/amerindian","/c/en/indian","/c/en/american","/c/en/history","/c/en/converso"],"weight":0.2052199999999999,"degrees":[36,557,845,1864,24]},"num_concepts_raised":11588},{"base_id":458,"kind":"top_words","i1":4,"i2":9,"sol":{"path":["/c/en/amerindian","/c/en/indian","/c/en/desi","/c/en/diaspora"],"weight":0.21175999999999984,"degrees":[36,557,16,145]},"num_concepts_raised":13965},{"base_id":458,"kind":"top_words","i1":5,"i2":6,"sol":{"path":["/c/en/anglophone","/c/en/english_canadian","/c/en/ancestry"],"weight":0.202,"degrees":[55,28,227]},"num_concepts_raised":245},{"base_id":458,"kind":"top_words","i1":5,"i2":7,"sol":{"path":["/c/en/anglophone","/c/en/english","/c/en/island","/c/en/islander"],"weight":0.20708,"degrees":[55,954,1660,143]},"num_concepts_raised":17263},{"base_id":458,"kind":"top_words","i1":5,"i2":8,"sol":{"path":["/c/en/anglophone","/c/fr/anglophone","/c/fr/anglo_saxon","/c/fr/histoire","/c/en/converso"],"weight":0.2052099999999999,"degrees":[55,93,124,4439,24]},"num_concepts_raised":11019},{"base_id":458,"kind":"top_words","i1":5,"i2":9,"sol":{"path":["/c/en/anglophone","/c/en/english","/c/en/language","/c/en/diaspora"],"weight":0.21080999999999983,"degrees":[55,954,4160,145]},"num_concepts_raised":13352},{"base_id":458,"kind":"top_words","i1":6,"i2":7,"sol":{"path":["/c/en/ancestry","/c/en/extract","/c/en/island","/c/en/islander"],"weight":0.20788999999999946,"degrees":[227,616,1660,143]},"num_concepts_raised":24268},{"base_id":458,"kind":"top_words","i1":6,"i2":8,"sol":{"path":["/c/en/ancestry","/c/ja/素姓","/c/en/history","/c/en/converso"],"weight":0.20499999999999935,"degrees":[227,35,1864,24]},"num_concepts_raised":18150},{"base_id":458,"kind":"top_words","i1":6,"i2":9,"sol":{"path":["/c/en/ancestry","/c/en/origin","/c/en/software","/c/en/diaspora"],"weight":0.21296999999999933,"degrees":[227,981,1812,145]},"num_concepts_raised":20441},{"base_id":458,"kind":"top_words","i1":7,"i2":8,"sol":{"path":["/c/en/islander","/c/en/person","/c/en/convert","/c/en/converso"],"weight":0.20539999999999992,"degrees":[143,12935,798,24]},"num_concepts_raised":23512},{"base_id":458,"kind":"top_words","i1":7,"i2":9,"sol":{"path":["/c/en/islander","/c/en/island","/c/en/entity","/c/en/diaspora"],"weight":0.21224999999999988,"degrees":[143,1660,353,145]},"num_concepts_raised":25655},{"base_id":458,"kind":"top_words","i1":8,"i2":9,"sol":{"path":["/c/en/converso","/c/fr/histoire","/c/fr/diaspora","/c/en/diaspora"],"weight":0.21338999999999977,"degrees":[24,4439,39,145]},"num_concepts_raised":19636}]]