[[{"base_id":825,"kind":"bot_words","i1":0,"i2":1,"sol":{"path":["/c/en/noseband","/c/en/horse","/c/en/study","/c/en/postdoctoral","/c/en/doctoral"],"weight":0.20465999999999987,"degrees":[56,3068,1753,31,65]},"num_concepts_raised":7074},{"base_id":825,"kind":"bot_words","i1":0,"i2":2,"sol":{"path":["/c/en/noseband","/c/en/horse","/c/fr/zoologie","/c/fr/protée_anguillard","/c/en/olm"],"weight":0.21313999999999983,"degrees":[56,3068,9122,23,88]},"num_concepts_raised":8346},{"base_id":825,"kind":"bot_words","i1":0,"i2":3,"sol":{"path":["/c/en/noseband","/c/en/horse","/c/en/country","/c/en/mexico"],"weight":0.2296699999999975,"degrees":[56,3068,2796,1283]},"num_concepts_raised":45213},{"base_id":825,"kind":"bot_words","i1":0,"i2":4,"sol":{"path":["/c/en/noseband","/c/en/horse","/c/en/slang","/c/en/shiner"],"weight":0.2037999999999997,"degrees":[56,3068,16318,86]},"num_concepts_raised":38531},{"base_id":825,"kind":"bot_words","i1":0,"i2":5,"sol":{"path":["/c/en/noseband","/c/en/horse","/c/en/us","/c/en/manifold","/c/en/multiply"],"weight":0.20927999999999936,"degrees":[56,3068,8154,308,372]},"num_concepts_raised":31409},{"base_id":825,"kind":"bot_words","i1":0,"i2":6,"sol":{"path":["/c/en/noseband","/c/en/bridle","/c/en/anger","/c/en/exacerbate","/c/en/aggravate"],"weight":0.20599999999999968,"degrees":[56,433,1296,135,148]},"num_concepts_raised":11234},{"base_id":825,"kind":"bot_words","i1":0,"i2":7,"sol":{"path":["/c/en/noseband","/c/en/horse","/c/en/grey","/c/fr/gris","/c/en/tipsy"],"weight":0.20580999999999977,"degrees":[56,3068,781,552,146]},"num_concepts_raised":8497},{"base_id":825,"kind":"bot_words","i1":0,"i2":8,"sol":{"path":["/c/en/noseband","/c/fr/muserolle","/c/fr/partie","/c/en/game","/c/en/shinty"],"weight":0.20934999999999981,"degrees":[56,17,2399,2308,40]},"num_concepts_raised":13533},{"base_id":825,"kind":"bot_words","i1":0,"i2":9,"sol":{"path":["/c/en/noseband","/c/en/horse","/c/en/mule","/c/en/drug","/c/en/zanamivir"],"weight":0.20814999999999984,"degrees":[56,3068,496,4920,26]},"num_concepts_raised":9844},{"base_id":825,"kind":"bot_words","i1":1,"i2":2,"sol":{"path":["/c/en/doctoral","/c/en/doctor","/c/en/uk","/c/en/salamander","/c/en/olm"],"weight":0.2092799999999998,"degrees":[65,1654,5562,387,88]},"num_concepts_raised":5386},{"base_id":825,"kind":"bot_words","i1":1,"i2":3,"sol":{"path":["/c/en/doctoral","/c/en/doctor","/c/en/human","/c/en/mexico"],"weight":0.22773999999999744,"degrees":[65,1654,2645,1283]},"num_concepts_raised":42482},{"base_id":825,"kind":"bot_words","i1":1,"i2":4,"sol":{"path":["/c/en/doctoral","/c/en/doctor","/c/en/money","/c/en/shiner"],"weight":0.20399999999999968,"degrees":[65,1654,2899,86]},"num_concepts_raised":35819},{"base_id":825,"kind":"bot_words","i1":1,"i2":5,"sol":{"path":["/c/en/doctoral","/c/en/doctorate","/c/en/degree","/c/en/multiply"],"weight":0.20837999999999932,"degrees":[65,165,1513,372]},"num_concepts_raised":28561},{"base_id":825,"kind":"bot_words","i1":1,"i2":6,"sol":{"path":["/c/en/doctoral","/c/en/doctor","/c/en/person","/c/en/aggravation","/c/en/aggravate"],"weight":0.20584999999999964,"degrees":[65,1654,12935,153,148]},"num_concepts_raised":8268},{"base_id":825,"kind":"bot_words","i1":1,"i2":7,"sol":{"path":["/c/en/doctoral","/c/en/doctor","/c/en/person","/c/en/unstable","/c/en/tipsy"],"weight":0.20587999999999973,"degrees":[65,1654,12935,315,146]},"num_concepts_raised":5526},{"base_id":825,"kind":"bot_words","i1":1,"i2":8,"sol":{"path":["/c/en/doctoral","/c/en/doctor","/c/en/game","/c/en/shinty"],"weight":0.2085799999999998,"degrees":[65,1654,2308,40]},"num_concepts_raised":10652},{"base_id":825,"kind":"bot_words","i1":1,"i2":9,"sol":{"path":["/c/en/doctoral","/c/en/doctor","/c/en/medicine","/c/en/drug","/c/en/zanamivir"],"weight":0.2084299999999998,"degrees":[65,1654,11938,4920,26]},"num_concepts_raised":6867},{"base_id":825,"kind":"bot_words","i1":2,"i2":3,"sol":{"path":["/c/en/olm","/c/en/italy","/c/en/country","/c/en/mexico"],"weight":0.23512999999999742,"degrees":[88,885,2796,1283]},"num_concepts_raised":43608},{"base_id":825,"kind":"bot_words","i1":2,"i2":4,"sol":{"path":["/c/en/olm","/c/en/amphibian","/c/en/fish","/c/en/shiner"],"weight":0.20937999999999962,"degrees":[88,546,4424,86]},"num_concepts_raised":37024},{"base_id":825,"kind":"bot_words","i1":2,"i2":5,"sol":{"path":["/c/en/olm","/c/fr/protée_anguillard","/c/fr/zoologie","/c/en/manifold","/c/en/multiply"],"weight":0.2187399999999993,"degrees":[88,23,9122,308,372]},"num_concepts_raised":29853},{"base_id":825,"kind":"bot_words","i1":2,"i2":6,"sol":{"path":["/c/en/olm","/c/en/salamander","/c/en/representation","/c/en/aggravation","/c/en/aggravate"],"weight":0.21103999999999962,"degrees":[88,387,609,153,148]},"num_concepts_raised":9542},{"base_id":825,"kind":"bot_words","i1":2,"i2":7,"sol":{"path":["/c/en/olm","/c/en/cave","/c/en/slang","/c/en/tiddly","/c/en/tipsy"],"weight":0.21110999999999974,"degrees":[88,890,16318,20,146]},"num_concepts_raised":6809},{"base_id":825,"kind":"bot_words","i1":2,"i2":8,"sol":{"path":["/c/en/olm","/c/en/gill","/c/en/scotland","/c/en/shinty"],"weight":0.21367999999999976,"degrees":[88,364,2226,40]},"num_concepts_raised":11909},{"base_id":825,"kind":"bot_words","i1":2,"i2":9,"sol":{"path":["/c/en/olm","/c/en/italy","/c/en/line","/c/en/drug","/c/en/zanamivir"],"weight":0.2135199999999998,"degrees":[88,885,3018,4920,26]},"num_concepts_raised":8158},{"base_id":825,"kind":"bot_words","i1":3,"i2":4,"sol":{"path":["/c/en/mexico","/c/en/north_america","/c/en/redfin","/c/en/shiner"],"weight":0.23072999999999727,"degrees":[1283,1079,9,86]},"num_concepts_raised":72510},{"base_id":825,"kind":"bot_words","i1":3,"i2":5,"sol":{"path":["/c/en/mexico","/c/en/country","/c/en/division","/c/en/multiply"],"weight":0.23326999999999692,"degrees":[1283,2796,1509,372]},"num_concepts_raised":65941},{"base_id":825,"kind":"bot_words","i1":3,"i2":6,"sol":{"path":["/c/en/mexico","/c/en/north_america","/c/en/tick_off","/c/en/aggravate"],"weight":0.23052999999999724,"degrees":[1283,1079,41,148]},"num_concepts_raised":46567},{"base_id":825,"kind":"bot_words","i1":3,"i2":7,"sol":{"path":["/c/en/mexico","/c/es/duro","/c/en/tipsy"],"weight":0.20600000000000002,"degrees":[1283,58,146]},"num_concepts_raised":1217},{"base_id":825,"kind":"bot_words","i1":3,"i2":8,"sol":{"path":["/c/en/mexico","/c/en/country","/c/en/scotland","/c/en/shinty"],"weight":0.2343399999999974,"degrees":[1283,2796,2226,40]},"num_concepts_raised":48618},{"base_id":825,"kind":"bot_words","i1":3,"i2":9,"sol":{"path":["/c/en/mexico","/c/en/peyote","/c/en/drug","/c/en/zanamivir"],"weight":0.23198999999999745,"degrees":[1283,92,4920,26]},"num_concepts_raised":45250},{"base_id":825,"kind":"bot_words","i1":4,"i2":5,"sol":{"path":["/c/en/shiner","/c/en/genus","/c/en/manifold","/c/en/multiply"],"weight":0.20940999999999915,"degrees":[86,2240,308,372]},"num_concepts_raised":59256},{"base_id":825,"kind":"bot_words","i1":4,"i2":6,"sol":{"path":["/c/en/shiner","/c/en/black_eye","/c/en/disease","/c/en/irritate","/c/en/aggravate"],"weight":0.20699999999999946,"degrees":[86,100,4216,361,148]},"num_concepts_raised":39873},{"base_id":825,"kind":"bot_words","i1":4,"i2":7,"sol":{"path":["/c/en/shiner","/c/fr/souris","/c/fr/gris","/c/en/tipsy"],"weight":0.2059099999999996,"degrees":[86,358,552,146]},"num_concepts_raised":37031},{"base_id":825,"kind":"bot_words","i1":4,"i2":8,"sol":{"path":["/c/en/shiner","/c/en/fish","/c/en/game","/c/en/shinty"],"weight":0.20870999999999962,"degrees":[86,4424,2308,40]},"num_concepts_raised":41818},{"base_id":825,"kind":"bot_words","i1":4,"i2":9,"sol":{"path":["/c/en/shiner","/c/en/black_eye","/c/en/blow","/c/en/drug","/c/en/zanamivir"],"weight":0.21039999999999964,"degrees":[86,100,1623,4920,26]},"num_concepts_raised":38515},{"base_id":825,"kind":"bot_words","i1":5,"i2":6,"sol":{"path":["/c/en/multiply","/c/en/increase","/c/pt/agravar","/c/en/aggravate"],"weight":0.21105999999999914,"degrees":[372,1641,71,148]},"num_concepts_raised":32552},{"base_id":825,"kind":"bot_words","i1":5,"i2":7,"sol":{"path":["/c/en/multiply","/c/fr/multiplier","/c/bm/bugun","/c/fr/gris","/c/en/tipsy"],"weight":0.21257999999999921,"degrees":[372,236,16,552,146]},"num_concepts_raised":29988},{"base_id":825,"kind":"bot_words","i1":5,"i2":8,"sol":{"path":["/c/en/multiply","/c/en/double","/c/en/sports","/c/en/shinty"],"weight":0.21298999999999924,"degrees":[372,1095,3417,40]},"num_concepts_raised":34724},{"base_id":825,"kind":"bot_words","i1":5,"i2":9,"sol":{"path":["/c/en/multiply","/c/en/increase","/c/en/process","/c/en/drug","/c/en/zanamivir"],"weight":0.21353999999999929,"degrees":[372,1641,1571,4920,26]},"num_concepts_raised":31399},{"base_id":825,"kind":"bot_words","i1":6,"i2":7,"sol":{"path":["/c/en/aggravate","/c/en/aggravation","/c/en/person","/c/en/unstable","/c/en/tipsy"],"weight":0.20762999999999956,"degrees":[148,153,12935,315,146]},"num_concepts_raised":9677},{"base_id":825,"kind":"bot_words","i1":6,"i2":8,"sol":{"path":["/c/en/aggravate","/c/en/exacerbate","/c/en/play_on","/c/en/sports","/c/en/shinty"],"weight":0.2106399999999996,"degrees":[148,135,19,3417,40]},"num_concepts_raised":14789},{"base_id":825,"kind":"bot_words","i1":6,"i2":9,"sol":{"path":["/c/en/aggravate","/c/en/grave","/c/en/high","/c/en/drug","/c/en/zanamivir"],"weight":0.2090899999999996,"degrees":[148,1050,1658,4920,26]},"num_concepts_raised":11042},{"base_id":825,"kind":"bot_words","i1":7,"i2":8,"sol":{"path":["/c/en/tipsy","/c/en/tiddly","/c/en/slang","/c/en/sport","/c/en/shinty"],"weight":0.2105199999999997,"degrees":[146,20,16318,1809,40]},"num_concepts_raised":12051},{"base_id":825,"kind":"bot_words","i1":7,"i2":9,"sol":{"path":["/c/en/tipsy","/c/en/unstable","/c/en/chemistry","/c/en/inhibitor","/c/en/zanamivir"],"weight":0.21013999999999972,"degrees":[146,315,11754,504,26]},"num_concepts_raised":8296},{"base_id":825,"kind":"bot_words","i1":8,"i2":9,"sol":{"path":["/c/en/shinty","/c/en/sport","/c/en/drop","/c/en/drug","/c/en/zanamivir"],"weight":0.21292999999999976,"degrees":[40,1809,1915,4920,26]},"num_concepts_raised":13434}],[{"base_id":825,"kind":"top_words","i1":0,"i2":1,"sol":{"path":["/c/en/coppice","/c/en/wood","/c/en/post","/c/en/gibbet"],"weight":0.20414999999999972,"degrees":[86,2440,1560,73]},"num_concepts_raised":16116},{"base_id":825,"kind":"top_words","i1":0,"i2":2,"sol":{"path":["/c/en/coppice","/c/en/copse","/c/en/bush","/c/en/australia","/c/en/auslan"],"weight":0.2109899999999998,"degrees":[86,105,778,2690,39]},"num_concepts_raised":13537},{"base_id":825,"kind":"top_words","i1":0,"i2":3,"sol":{"path":["/c/en/coppice","/c/en/wood","/c/en/fire","/c/en/physiology","/c/en/laryngology"],"weight":0.20388999999999993,"degrees":[86,2440,2829,1147,37]},"num_concepts_raised":7230},{"base_id":825,"kind":"top_words","i1":0,"i2":4,"sol":{"path":["/c/en/coppice","/c/en/brush","/c/en/fight","/c/en/diplomatic","/c/en/diplomatics"],"weight":0.20886999999999978,"degrees":[86,1101,1902,173,45]},"num_concepts_raised":6008},{"base_id":825,"kind":"top_words","i1":0,"i2":5,"sol":{"path":["/c/en/coppice","/c/en/copse","/c/en/stand","/c/en/british","/c/en/byre"],"weight":0.20602999999999982,"degrees":[86,105,1476,3452,45]},"num_concepts_raised":10095},{"base_id":825,"kind":"top_words","i1":0,"i2":6,"sol":{"path":["/c/en/coppice","/c/en/brush","/c/en/zoology","/c/en/volvox"],"weight":0.20901999999999976,"degrees":[86,1101,8127,59]},"num_concepts_raised":15343},{"base_id":825,"kind":"top_words","i1":0,"i2":7,"sol":{"path":["/c/en/coppice","/c/fr/taillis","/c/fr/localités","/c/en/rye","/c/en/ergotism"],"weight":0.2110999999999998,"degrees":[86,75,110113,424,64]},"num_concepts_raised":13378},{"base_id":825,"kind":"top_words","i1":0,"i2":8,"sol":{"path":["/c/en/coppice","/c/en/fuel","/c/en/oxygen","/c/en/actinolite"],"weight":0.20919999999999975,"degrees":[86,725,3487,87]},"num_concepts_raised":15667},{"base_id":825,"kind":"top_words","i1":0,"i2":9,"sol":{"path":["/c/en/coppice","/c/en/copse","/c/en/stand","/c/en/dance","/c/en/macumba"],"weight":0.20567999999999978,"degrees":[86,105,1476,2473,24]},"num_concepts_raised":10610},{"base_id":825,"kind":"top_words","i1":1,"i2":2,"sol":{"path":["/c/en/gibbet","/c/en/cross","/c/en/sign","/c/en/auslan"],"weight":0.20854999999999974,"degrees":[73,1512,2004,39]},"num_concepts_raised":18878},{"base_id":825,"kind":"top_words","i1":1,"i2":3,"sol":{"path":["/c/en/gibbet","/c/en/hang","/c/en/neck","/c/en/larynx","/c/en/laryngology"],"weight":0.20361999999999988,"degrees":[73,1144,1476,325,37]},"num_concepts_raised":12683},{"base_id":825,"kind":"top_words","i1":1,"i2":4,"sol":{"path":["/c/en/gibbet","/c/fr/gibet","/c/fr/histoire","/c/sl/diplomatika","/c/en/diplomatics"],"weight":0.2116899999999997,"degrees":[73,71,4439,8,45]},"num_concepts_raised":11453},{"base_id":825,"kind":"top_words","i1":1,"i2":5,"sol":{"path":["/c/en/gibbet","/c/en/post","/c/en/british","/c/en/byre"],"weight":0.2035499999999998,"degrees":[73,1560,3452,45]},"num_concepts_raised":15485},{"base_id":825,"kind":"top_words","i1":1,"i2":6,"sol":{"path":["/c/en/gibbet","/c/gv/crogh","/c/en/fly","/c/en/zoology","/c/en/volvox"],"weight":0.20969999999999972,"degrees":[73,30,2276,8127,59]},"num_concepts_raised":20811},{"base_id":825,"kind":"top_words","i1":1,"i2":7,"sol":{"path":["/c/en/gibbet","/c/en/post","/c/en/cereal","/c/en/ergotism"],"weight":0.2088799999999998,"degrees":[73,1560,487,64]},"num_concepts_raised":18793},{"base_id":825,"kind":"top_words","i1":1,"i2":8,"sol":{"path":["/c/en/gibbet","/c/en/iron","/c/en/actinolite"],"weight":0.20400000000000001,"degrees":[73,2867,87]},"num_concepts_raised":126},{"base_id":825,"kind":"top_words","i1":1,"i2":9,"sol":{"path":["/c/en/gibbet","/c/en/cross","/c/en/religious","/c/en/macumba"],"weight":0.20316999999999974,"degrees":[73,1512,1068,24]},"num_concepts_raised":16007},{"base_id":825,"kind":"top_words","i1":2,"i2":3,"sol":{"path":["/c/en/auslan","/c/en/language","/c/en/voice","/c/en/vocologist","/c/en/laryngology"],"weight":0.20923999999999998,"degrees":[39,4160,1403,13,37]},"num_concepts_raised":9997},{"base_id":825,"kind":"top_words","i1":2,"i2":4,"sol":{"path":["/c/en/auslan","/c/en/sign","/c/en/treaty","/c/en/diplomatic","/c/en/diplomatics"],"weight":0.21319999999999983,"degrees":[39,2004,375,173,45]},"num_concepts_raised":8778},{"base_id":825,"kind":"top_words","i1":2,"i2":5,"sol":{"path":["/c/en/auslan","/c/en/australia","/c/en/country","/c/en/barn","/c/en/byre"],"weight":0.2083699999999999,"degrees":[39,2690,2796,503,45]},"num_concepts_raised":12706},{"base_id":825,"kind":"top_words","i1":2,"i2":6,"sol":{"path":["/c/en/auslan","/c/en/sign","/c/en/stop","/c/en/zoology","/c/en/volvox"],"weight":0.21335999999999983,"degrees":[39,2004,2126,8127,59]},"num_concepts_raised":18118},{"base_id":825,"kind":"top_words","i1":2,"i2":7,"sol":{"path":["/c/en/auslan","/c/en/sign","/c/en/disease","/c/en/ergotism"],"weight":0.21359999999999985,"degrees":[39,2004,4216,64]},"num_concepts_raised":16145},{"base_id":825,"kind":"top_words","i1":2,"i2":8,"sol":{"path":["/c/en/auslan","/c/en/sign","/c/en/metal","/c/en/mineral","/c/en/actinolite"],"weight":0.21590999999999977,"degrees":[39,2004,2107,8530,87]},"num_concepts_raised":18494},{"base_id":825,"kind":"top_words","i1":2,"i2":9,"sol":{"path":["/c/en/auslan","/c/en/sign_language","/c/en/motion","/c/en/dance","/c/en/macumba"],"weight":0.20789999999999983,"degrees":[39,286,1045,2473,24]},"num_concepts_raised":13344},{"base_id":825,"kind":"top_words","i1":3,"i2":4,"sol":{"path":["/c/en/laryngology","/c/fr/laryngologie","/c/fr/science","/c/fr/diplomatique","/c/en/diplomatics"],"weight":0.20932999999999996,"degrees":[37,14,703,78,45]},"num_concepts_raised":2412},{"base_id":825,"kind":"top_words","i1":3,"i2":5,"sol":{"path":["/c/en/laryngology","/c/en/physiology","/c/en/accommodation","/c/en/british","/c/en/byre"],"weight":0.20327000000000006,"degrees":[37,1147,372,3452,45]},"num_concepts_raised":6570},{"base_id":825,"kind":"top_words","i1":3,"i2":6,"sol":{"path":["/c/en/laryngology","/c/en/logy","/c/en/zoology","/c/en/volvox"],"weight":0.20835999999999996,"degrees":[37,543,8127,59]},"num_concepts_raised":11772},{"base_id":825,"kind":"top_words","i1":3,"i2":7,"sol":{"path":["/c/en/laryngology","/c/fr/laryngologie","/c/fr/maladie","/c/en/ergotism"],"weight":0.20972000000000002,"degrees":[37,14,1482,64]},"num_concepts_raised":9784},{"base_id":825,"kind":"top_words","i1":3,"i2":8,"sol":{"path":["/c/en/laryngology","/c/en/physiology","/c/en/nutrition","/c/en/mineral","/c/en/actinolite"],"weight":0.21093999999999993,"degrees":[37,1147,283,8530,87]},"num_concepts_raised":12150},{"base_id":825,"kind":"top_words","i1":3,"i2":9,"sol":{"path":["/c/en/laryngology","/c/en/larynx","/c/en/human_body","/c/en/dance","/c/en/macumba"],"weight":0.20293999999999998,"degrees":[37,325,258,2473,24]},"num_concepts_raised":7049},{"base_id":825,"kind":"top_words","i1":4,"i2":5,"sol":{"path":["/c/en/diplomatics","/c/en/diplomatic","/c/en/pig_war","/c/en/british","/c/en/byre"],"weight":0.20823999999999987,"degrees":[45,173,23,3452,45]},"num_concepts_raised":5345},{"base_id":825,"kind":"top_words","i1":4,"i2":6,"sol":{"path":["/c/en/diplomatics","/c/en/diplomatic","/c/en/science","/c/en/zoology","/c/en/volvox"],"weight":0.2134099999999998,"degrees":[45,173,1674,8127,59]},"num_concepts_raised":10567},{"base_id":825,"kind":"top_words","i1":4,"i2":7,"sol":{"path":["/c/en/diplomatics","/c/en/authenticate","/c/zh/辨證","/c/en/disease","/c/en/ergotism"],"weight":0.21357999999999983,"degrees":[45,117,8,4216,64]},"num_concepts_raised":8595},{"base_id":825,"kind":"top_words","i1":4,"i2":8,"sol":{"path":["/c/en/diplomatics","/c/fr/diplomatique","/c/fr/naturel","/c/fr/argyrite","/c/en/mineral","/c/en/actinolite"],"weight":0.22218909999999864,"degrees":[45,78,1074,20,8530,87]},"num_concepts_raised":384424},{"base_id":825,"kind":"top_words","i1":4,"i2":9,"sol":{"path":["/c/en/diplomatics","/c/en/diplomatic","/c/en/action","/c/en/dance","/c/en/macumba"],"weight":0.20788999999999982,"degrees":[45,173,2156,2473,24]},"num_concepts_raised":5821},{"base_id":825,"kind":"top_words","i1":5,"i2":6,"sol":{"path":["/c/en/byre","/c/en/barn","/c/en/animal","/c/en/zoology","/c/en/volvox"],"weight":0.20854999999999987,"degrees":[45,503,3735,8127,59]},"num_concepts_raised":14696},{"base_id":825,"kind":"top_words","i1":5,"i2":7,"sol":{"path":["/c/en/byre","/c/fr/étable","/c/ms/kandangkan","/c/fr/maladie","/c/en/ergotism"],"weight":0.20881999999999992,"degrees":[45,159,20,1482,64]},"num_concepts_raised":12705},{"base_id":825,"kind":"top_words","i1":5,"i2":8,"sol":{"path":["/c/en/byre","/c/en/british","/c/en/mineral","/c/en/actinolite"],"weight":0.21089999999999984,"degrees":[45,3452,8530,87]},"num_concepts_raised":15059},{"base_id":825,"kind":"top_words","i1":5,"i2":9,"sol":{"path":["/c/en/byre","/c/pt/vacaria","/c/en/jesuit","/c/en/religious","/c/en/macumba"],"weight":0.2038599999999999,"degrees":[45,6,80,1068,24]},"num_concepts_raised":9943},{"base_id":825,"kind":"top_words","i1":6,"i2":7,"sol":{"path":["/c/en/volvox","/c/en/zoology","/c/fr/morveux","/c/fr/maladie","/c/en/ergotism"],"weight":0.21388999999999986,"degrees":[59,8127,63,1482,64]},"num_concepts_raised":17907},{"base_id":825,"kind":"top_words","i1":6,"i2":8,"sol":{"path":["/c/en/volvox","/c/en/zoology","/c/eo/aktinoto","/c/en/actinolite"],"weight":0.2158799999999998,"degrees":[59,8127,8,87]},"num_concepts_raised":20309},{"base_id":825,"kind":"top_words","i1":6,"i2":9,"sol":{"path":["/c/en/volvox","/c/en/zoology","/c/en/social","/c/en/dance","/c/en/macumba"],"weight":0.20804999999999982,"degrees":[59,8127,934,2473,24]},"num_concepts_raised":15187},{"base_id":825,"kind":"top_words","i1":7,"i2":8,"sol":{"path":["/c/en/ergotism","/c/fr/ergotisme","/c/fr/médecine","/c/en/oxygen","/c/en/actinolite"],"weight":0.22046999999999983,"degrees":[64,50,9990,3487,87]},"num_concepts_raised":18304},{"base_id":825,"kind":"top_words","i1":7,"i2":9,"sol":{"path":["/c/en/ergotism","/c/en/disease","/c/en/people","/c/en/dance","/c/en/macumba"],"weight":0.20829999999999987,"degrees":[64,4216,4475,2473,24]},"num_concepts_raised":13218},{"base_id":825,"kind":"top_words","i1":8,"i2":9,"sol":{"path":["/c/en/actinolite","/c/en/mineral","/c/en/rock","/c/en/popular_music","/c/en/macumba"],"weight":0.2105499999999998,"degrees":[87,8530,2349,141,24]},"num_concepts_raised":15560}]]