[[{"base_id":770,"kind":"bot_words","i1":0,"i2":1,"sol":{"path":["/c/en/integral","/c/sv/hel","/c/en/broken","/c/en/dashed"],"weight":0.2128199999999994,"degrees":[344,35,684,27]},"num_concepts_raised":27702},{"base_id":770,"kind":"bot_words","i1":0,"i2":2,"sol":{"path":["/c/en/integral","/c/en/integrity","/c/en/person","/c/en/loving","/c/en/amorously"],"weight":0.21608999999999945,"degrees":[344,336,12935,329,36]},"num_concepts_raised":23234},{"base_id":770,"kind":"bot_words","i1":0,"i2":3,"sol":{"path":["/c/en/integral","/c/en/part","/c/en/eye","/c/en/walleye"],"weight":0.2121499999999993,"degrees":[344,2528,2698,53]},"num_concepts_raised":31642},{"base_id":770,"kind":"bot_words","i1":0,"i2":4,"sol":{"path":["/c/en/integral","/c/en/integer","/c/en/power","/c/en/biblical","/c/en/golgotha"],"weight":0.2161399999999994,"degrees":[344,445,2205,835,27]},"num_concepts_raised":24212},{"base_id":770,"kind":"bot_words","i1":0,"i2":5,"sol":{"path":["/c/en/integral","/c/en/mathematics","/c/en/surface","/c/en/miter"],"weight":0.21492999999999934,"degrees":[344,7601,1764,55]},"num_concepts_raised":31962},{"base_id":770,"kind":"bot_words","i1":0,"i2":6,"sol":{"path":["/c/en/integral","/c/en/integration","/c/en/biology","/c/en/ite","/c/en/erudite"],"weight":0.21985999999999928,"degrees":[344,228,6216,143,158]},"num_concepts_raised":23967},{"base_id":770,"kind":"bot_words","i1":0,"i2":7,"sol":{"path":["/c/en/integral","/c/fr/entier","/c/en/uk","/c/en/geez"],"weight":0.2143699999999993,"degrees":[344,390,5562,46]},"num_concepts_raised":44245},{"base_id":770,"kind":"bot_words","i1":0,"i2":8,"sol":{"path":["/c/en/integral","/c/en/part","/c/en/contribution"],"weight":0.20400000000000001,"degrees":[344,2528,453]},"num_concepts_raised":600},{"base_id":770,"kind":"bot_words","i1":0,"i2":9,"sol":{"path":["/c/en/integral","/c/en/integration","/c/en/biology","/c/en/genus","/c/en/brontosaurus"],"weight":0.21817999999999943,"degrees":[344,228,6216,2240,26]},"num_concepts_raised":25551},{"base_id":770,"kind":"bot_words","i1":1,"i2":2,"sol":{"path":["/c/en/dashed","/c/en/british","/c/en/love","/c/en/lovingly","/c/en/amorously"],"weight":0.20421999999999996,"degrees":[27,3452,2442,57,36]},"num_concepts_raised":7074},{"base_id":770,"kind":"bot_words","i1":1,"i2":3,"sol":{"path":["/c/en/dashed","/c/en/british","/c/en/wally","/c/en/walleye"],"weight":0.2029799999999998,"degrees":[27,3452,45,53]},"num_concepts_raised":15584},{"base_id":770,"kind":"bot_words","i1":1,"i2":4,"sol":{"path":["/c/en/dashed","/c/en/dotted","/c/en/series","/c/en/calvary","/c/en/golgotha"],"weight":0.20578999999999986,"degrees":[27,36,883,89,27]},"num_concepts_raised":8088},{"base_id":770,"kind":"bot_words","i1":1,"i2":5,"sol":{"path":["/c/en/dashed","/c/en/stitch","/c/en/join","/c/en/miter"],"weight":0.20422999999999986,"degrees":[27,807,1308,55]},"num_concepts_raised":16021},{"base_id":770,"kind":"bot_words","i1":1,"i2":6,"sol":{"path":["/c/en/dashed","/c/en/stitch","/c/en/skill","/c/en/learned","/c/en/erudite"],"weight":0.2074999999999998,"degrees":[27,807,1062,334,158]},"num_concepts_raised":7824},{"base_id":770,"kind":"bot_words","i1":1,"i2":7,"sol":{"path":["/c/en/dashed","/c/en/broken","/c/en/slang","/c/en/geez"],"weight":0.20398999999999978,"degrees":[27,684,16318,46]},"num_concepts_raised":27648},{"base_id":770,"kind":"bot_words","i1":1,"i2":8,"sol":{"path":["/c/en/dashed","/c/en/broken","/c/en/pledge","/c/en/contribution"],"weight":0.2082199999999993,"degrees":[27,684,594,453]},"num_concepts_raised":28629},{"base_id":770,"kind":"bot_words","i1":1,"i2":9,"sol":{"path":["/c/en/dashed","/c/en/broken","/c/en/solen","/c/en/genus","/c/en/brontosaurus"],"weight":0.20373999999999992,"degrees":[27,684,17,2240,26]},"num_concepts_raised":9421},{"base_id":770,"kind":"bot_words","i1":2,"i2":3,"sol":{"path":["/c/en/amorously","/c/en/pet","/c/en/fish","/c/en/walleye"],"weight":0.20430999999999985,"degrees":[36,639,4424,53]},"num_concepts_raised":10972},{"base_id":770,"kind":"bot_words","i1":2,"i2":4,"sol":{"path":["/c/en/amorously","/c/en/pet","/c/en/biblical","/c/en/golgotha"],"weight":0.20284999999999992,"degrees":[36,639,835,27]},"num_concepts_raised":3442},{"base_id":770,"kind":"bot_words","i1":2,"i2":5,"sol":{"path":["/c/en/amorously","/c/fr/amoureusement","/c/fr/grâce","/c/fr/religion","/c/en/miter"],"weight":0.2054699999999999,"degrees":[36,46,343,6634,55]},"num_concepts_raised":11475},{"base_id":770,"kind":"bot_words","i1":2,"i2":6,"sol":{"path":["/c/en/amorously","/c/fr/amoureusement","/c/fr/art","/c/fr/savant","/c/en/erudite"],"weight":0.2080699999999998,"degrees":[36,46,615,218,158]},"num_concepts_raised":3165},{"base_id":770,"kind":"bot_words","i1":2,"i2":7,"sol":{"path":["/c/en/amorously","/c/fr/amoureusement","/c/fr/amour","/c/fr/dieu","/c/en/geez"],"weight":0.20516999999999985,"degrees":[36,46,705,881,46]},"num_concepts_raised":23833},{"base_id":770,"kind":"bot_words","i1":2,"i2":8,"sol":{"path":["/c/en/amorously","/c/en/loving","/c/en/person","/c/en/gift","/c/en/contribution"],"weight":0.20991999999999933,"degrees":[36,329,12935,1234,453]},"num_concepts_raised":24172},{"base_id":770,"kind":"bot_words","i1":2,"i2":9,"sol":{"path":["/c/en/amorously","/c/en/pet","/c/en/animal","/c/en/dinosaur","/c/en/brontosaurus"],"weight":0.20292999999999994,"degrees":[36,639,3735,505,26]},"num_concepts_raised":4755},{"base_id":770,"kind":"bot_words","i1":3,"i2":4,"sol":{"path":["/c/en/walleye","/c/en/fish","/c/en/person","/c/en/jesus","/c/en/golgotha"],"weight":0.20411999999999977,"degrees":[53,4424,12935,467,27]},"num_concepts_raised":12044},{"base_id":770,"kind":"bot_words","i1":3,"i2":5,"sol":{"path":["/c/en/walleye","/c/en/fish","/c/en/pollard","/c/en/mitre","/c/en/miter"],"weight":0.20776999999999973,"degrees":[53,4424,97,134,55]},"num_concepts_raised":20020},{"base_id":770,"kind":"bot_words","i1":3,"i2":6,"sol":{"path":["/c/en/walleye","/c/en/eye","/c/en/learning","/c/en/learned","/c/en/erudite"],"weight":0.20784999999999965,"degrees":[53,2698,723,334,158]},"num_concepts_raised":11795},{"base_id":770,"kind":"bot_words","i1":3,"i2":7,"sol":{"path":["/c/en/walleye","/c/en/fish","/c/en/slang","/c/en/geez"],"weight":0.2043599999999997,"degrees":[53,4424,16318,46]},"num_concepts_raised":32106},{"base_id":770,"kind":"bot_words","i1":3,"i2":8,"sol":{"path":["/c/en/walleye","/c/en/fish","/c/en/attempt","/c/en/contribution"],"weight":0.20853999999999917,"degrees":[53,4424,665,453]},"num_concepts_raised":32572},{"base_id":770,"kind":"bot_words","i1":3,"i2":9,"sol":{"path":["/c/en/walleye","/c/en/animal","/c/en/dinosaur","/c/en/brontosaurus"],"weight":0.20308999999999983,"degrees":[53,3735,505,26]},"num_concepts_raised":13263},{"base_id":770,"kind":"bot_words","i1":4,"i2":5,"sol":{"path":["/c/en/golgotha","/c/en/jesus","/c/fr/religion","/c/en/miter"],"weight":0.20314999999999983,"degrees":[27,467,6634,55]},"num_concepts_raised":12446},{"base_id":770,"kind":"bot_words","i1":4,"i2":6,"sol":{"path":["/c/en/golgotha","/c/en/hill","/c/en/us","/c/en/learned","/c/en/erudite"],"weight":0.20740999999999976,"degrees":[27,1161,8154,334,158]},"num_concepts_raised":4191},{"base_id":770,"kind":"bot_words","i1":4,"i2":7,"sol":{"path":["/c/en/golgotha","/c/en/jesus","/c/en/geez"],"weight":0.202,"degrees":[27,467,46]},"num_concepts_raised":71},{"base_id":770,"kind":"bot_words","i1":4,"i2":8,"sol":{"path":["/c/en/golgotha","/c/en/calvary","/c/en/charge","/c/en/gift","/c/en/contribution"],"weight":0.21078999999999926,"degrees":[27,89,1848,1234,453]},"num_concepts_raised":25172},{"base_id":770,"kind":"bot_words","i1":4,"i2":9,"sol":{"path":["/c/en/golgotha","/c/en/biblical","/c/en/james","/c/de/englisch","/c/en/brontosaurus"],"weight":0.20264999999999989,"degrees":[27,835,167,428,26]},"num_concepts_raised":5789},{"base_id":770,"kind":"bot_words","i1":5,"i2":6,"sol":{"path":["/c/en/miter","/c/fr/religion","/c/ca/culte","/c/en/erudite"],"weight":0.20482999999999973,"degrees":[55,6634,14,158]},"num_concepts_raised":12204},{"base_id":770,"kind":"bot_words","i1":5,"i2":7,"sol":{"path":["/c/en/miter","/c/pt/mitra","/c/en/slang","/c/en/geez"],"weight":0.20346999999999976,"degrees":[55,17,16318,46]},"num_concepts_raised":32440},{"base_id":770,"kind":"bot_words","i1":5,"i2":8,"sol":{"path":["/c/en/miter","/c/en/join","/c/en/part","/c/en/contribution"],"weight":0.20896999999999924,"degrees":[55,1308,2528,453]},"num_concepts_raised":32718},{"base_id":770,"kind":"bot_words","i1":5,"i2":9,"sol":{"path":["/c/en/miter","/c/en/bishop","/c/en/genus","/c/en/brontosaurus"],"weight":0.20319999999999988,"degrees":[55,922,2240,26]},"num_concepts_raised":13806},{"base_id":770,"kind":"bot_words","i1":6,"i2":7,"sol":{"path":["/c/en/erudite","/c/en/brainiac","/c/en/slang","/c/en/geez"],"weight":0.20463999999999968,"degrees":[158,52,16318,46]},"num_concepts_raised":24586},{"base_id":770,"kind":"bot_words","i1":6,"i2":8,"sol":{"path":["/c/en/erudite","/c/en/scholarly","/c/en/peer_review","/c/en/contribution"],"weight":0.21025999999999917,"degrees":[158,140,99,453]},"num_concepts_raised":24900},{"base_id":770,"kind":"bot_words","i1":6,"i2":9,"sol":{"path":["/c/en/erudite","/c/en/scholarly","/c/de/wissenschaftlich","/c/en/brontosaurus"],"weight":0.2057999999999998,"degrees":[158,140,251,26]},"num_concepts_raised":5502},{"base_id":770,"kind":"bot_words","i1":7,"i2":8,"sol":{"path":["/c/en/geez","/c/fr/ciel","/c/fr/partie","/c/en/contribution"],"weight":0.20737999999999918,"degrees":[46,532,2399,453]},"num_concepts_raised":45032},{"base_id":770,"kind":"bot_words","i1":7,"i2":9,"sol":{"path":["/c/en/geez","/c/en/slang","/c/th/ไดโนเสาร์","/c/en/dinosaur","/c/en/brontosaurus"],"weight":0.20298999999999978,"degrees":[46,16318,24,505,26]},"num_concepts_raised":26141},{"base_id":770,"kind":"bot_words","i1":8,"i2":9,"sol":{"path":["/c/en/contribution","/c/en/charity","/c/de/englisch","/c/en/brontosaurus"],"weight":0.2072299999999993,"degrees":[453,473,428,26]},"num_concepts_raised":26510}],[{"base_id":770,"kind":"top_words","i1":0,"i2":1,"sol":{"path":["/c/en/republish","/c/en/print","/c/en/like","/c/en/hour","/c/en/hourly"],"weight":0.2058899999999998,"degrees":[42,1090,2357,1020,89]},"num_concepts_raised":10394},{"base_id":770,"kind":"top_words","i1":0,"i2":2,"sol":{"path":["/c/en/republish","/c/en/law","/c/en/slang","/c/en/baste","/c/en/basting"],"weight":0.20386999999999983,"degrees":[42,3727,16318,126,32]},"num_concepts_raised":9476},{"base_id":770,"kind":"top_words","i1":0,"i2":3,"sol":{"path":["/c/en/republish","/c/en/law","/c/en/mathematics","/c/en/martingale"],"weight":0.2085099999999997,"degrees":[42,3727,7601,86]},"num_concepts_raised":26461},{"base_id":770,"kind":"top_words","i1":0,"i2":4,"sol":{"path":["/c/en/republish","/c/en/law","/c/en/mathematics","/c/en/addition","/c/en/cycloaddition"],"weight":0.20787999999999973,"degrees":[42,3727,7601,701,39]},"num_concepts_raised":12959},{"base_id":770,"kind":"top_words","i1":0,"i2":5,"sol":{"path":["/c/en/republish","/c/en/publish","/c/fr/passer","/c/fr/perforant","/c/en/perforating"],"weight":0.2037199999999998,"degrees":[42,548,1209,37,26]},"num_concepts_raised":6788},{"base_id":770,"kind":"top_words","i1":0,"i2":6,"sol":{"path":["/c/en/republish","/c/en/publish","/c/en/medium","/c/en/biology","/c/en/flagellate"],"weight":0.21262999999999968,"degrees":[42,548,767,6216,175]},"num_concepts_raised":14685},{"base_id":770,"kind":"top_words","i1":0,"i2":7,"sol":{"path":["/c/en/republish","/c/en/publish","/c/en/sale","/c/en/red","/c/en/gules"],"weight":0.20458999999999986,"degrees":[42,548,766,1983,48]},"num_concepts_raised":10369},{"base_id":770,"kind":"top_words","i1":0,"i2":8,"sol":{"path":["/c/en/republish","/c/en/law","/c/en/business","/c/en/services"],"weight":0.20359999999999961,"degrees":[42,3727,2538,88]},"num_concepts_raised":29034},{"base_id":770,"kind":"top_words","i1":0,"i2":9,"sol":{"path":["/c/en/republish","/c/en/shovelware","/c/en/quality","/c/en/qualia"],"weight":0.20789999999999975,"degrees":[42,17,1710,43]},"num_concepts_raised":7382},{"base_id":770,"kind":"top_words","i1":1,"i2":2,"sol":{"path":["/c/en/hourly","/c/en/hour","/c/en/frame","/c/fr/bâti","/c/en/basting"],"weight":0.20677999999999983,"degrees":[89,1020,948,88,32]},"num_concepts_raised":8690},{"base_id":770,"kind":"top_words","i1":1,"i2":3,"sol":{"path":["/c/en/hourly","/c/en/periodic","/c/en/mathematics","/c/en/martingale"],"weight":0.21021999999999974,"degrees":[89,232,7601,86]},"num_concepts_raised":25663},{"base_id":770,"kind":"top_words","i1":1,"i2":4,"sol":{"path":["/c/en/hourly","/c/en/periodic","/c/en/cyclic","/c/en/cycloaddition"],"weight":0.20963999999999974,"degrees":[89,232,341,39]},"num_concepts_raised":12158},{"base_id":770,"kind":"top_words","i1":1,"i2":5,"sol":{"path":["/c/en/hourly","/c/en/hour","/c/en/per","/c/en/perforate","/c/en/perforating"],"weight":0.2057099999999998,"degrees":[89,1020,205,122,26]},"num_concepts_raised":6006},{"base_id":770,"kind":"top_words","i1":1,"i2":6,"sol":{"path":["/c/en/hourly","/c/en/hour","/c/en/grain","/c/en/whip","/c/en/flagellate"],"weight":0.21474999999999966,"degrees":[89,1020,1334,853,175]},"num_concepts_raised":13917},{"base_id":770,"kind":"top_words","i1":1,"i2":7,"sol":{"path":["/c/en/hourly","/c/en/every","/c/en/color","/c/en/gules"],"weight":0.20385999999999987,"degrees":[89,639,1870,48]},"num_concepts_raised":9577},{"base_id":770,"kind":"top_words","i1":1,"i2":8,"sol":{"path":["/c/en/hourly","/c/en/every","/c/en/capital","/c/en/services"],"weight":0.2052499999999996,"degrees":[89,639,1518,88]},"num_concepts_raised":28234},{"base_id":770,"kind":"top_words","i1":1,"i2":9,"sol":{"path":["/c/en/hourly","/c/en/hour","/c/en/like","/c/en/quality","/c/en/qualia"],"weight":0.21094999999999978,"degrees":[89,1020,2357,1710,43]},"num_concepts_raised":6595},{"base_id":770,"kind":"top_words","i1":2,"i2":3,"sol":{"path":["/c/en/basting","/c/en/baste","/c/en/tack","/c/en/martingale"],"weight":0.20949999999999974,"degrees":[32,126,428,86]},"num_concepts_raised":24871},{"base_id":770,"kind":"top_words","i1":2,"i2":4,"sol":{"path":["/c/en/basting","/c/fr/cuisine","/c/et/alkohol","/c/en/organic_chemistry","/c/en/cycloaddition"],"weight":0.20785999999999977,"degrees":[32,3268,9,6499,39]},"num_concepts_raised":11225},{"base_id":770,"kind":"top_words","i1":2,"i2":5,"sol":{"path":["/c/en/basting","/c/en/baste","/c/en/beat","/c/en/punching","/c/en/perforating"],"weight":0.20368999999999984,"degrees":[32,126,1834,130,26]},"num_concepts_raised":5044},{"base_id":770,"kind":"top_words","i1":2,"i2":6,"sol":{"path":["/c/en/basting","/c/fr/cuisine","/c/fr/fouetter","/c/en/flagellate"],"weight":0.20955999999999972,"degrees":[32,3268,230,175]},"num_concepts_raised":12961},{"base_id":770,"kind":"top_words","i1":2,"i2":7,"sol":{"path":["/c/en/basting","/c/fr/couture","/c/fr/héraldique","/c/en/gules"],"weight":0.2031199999999999,"degrees":[32,404,445,48]},"num_concepts_raised":8639},{"base_id":770,"kind":"top_words","i1":2,"i2":8,"sol":{"path":["/c/en/basting","/c/fr/cuisine","/c/it/servizio","/c/en/service","/c/en/services"],"weight":0.20552999999999966,"degrees":[32,3268,49,1385,88]},"num_concepts_raised":27643},{"base_id":770,"kind":"top_words","i1":2,"i2":9,"sol":{"path":["/c/en/basting","/c/en/baste","/c/en/slang","/c/en/zombie","/c/en/qualia"],"weight":0.2089599999999998,"degrees":[32,126,16318,294,43]},"num_concepts_raised":5670},{"base_id":770,"kind":"top_words","i1":3,"i2":4,"sol":{"path":["/c/en/martingale","/c/en/mathematics","/c/en/addition","/c/en/cycloaddition"],"weight":0.21350999999999967,"degrees":[86,7601,701,39]},"num_concepts_raised":28334},{"base_id":770,"kind":"top_words","i1":3,"i2":5,"sol":{"path":["/c/en/martingale","/c/en/mathematics","/c/en/perforation","/c/en/perforating"],"weight":0.20834999999999973,"degrees":[86,7601,132,26]},"num_concepts_raised":22204},{"base_id":770,"kind":"top_words","i1":3,"i2":6,"sol":{"path":["/c/en/martingale","/c/en/nautical","/c/en/whip","/c/en/flagellate"],"weight":0.2175299999999996,"degrees":[86,5204,853,175]},"num_concepts_raised":29905},{"base_id":770,"kind":"top_words","i1":3,"i2":7,"sol":{"path":["/c/en/martingale","/c/en/loss","/c/en/red","/c/en/gules"],"weight":0.2091799999999998,"degrees":[86,777,1983,48]},"num_concepts_raised":25655},{"base_id":770,"kind":"top_words","i1":3,"i2":8,"sol":{"path":["/c/en/martingale","/c/en/nautical","/c/en/service","/c/en/services"],"weight":0.21124999999999955,"degrees":[86,5204,1385,88]},"num_concepts_raised":43850},{"base_id":770,"kind":"top_words","i1":3,"i2":9,"sol":{"path":["/c/en/martingale","/c/en/process","/c/en/zombie","/c/en/qualia"],"weight":0.21357999999999971,"degrees":[86,1571,294,43]},"num_concepts_raised":22773},{"base_id":770,"kind":"top_words","i1":4,"i2":5,"sol":{"path":["/c/en/cycloaddition","/c/en/addition","/c/en/mathematics","/c/en/perforation","/c/en/perforating"],"weight":0.20771999999999974,"degrees":[39,701,7601,132,26]},"num_concepts_raised":8537},{"base_id":770,"kind":"top_words","i1":4,"i2":6,"sol":{"path":["/c/en/cycloaddition","/c/en/organic_chemistry","/c/en/organism","/c/en/flagellate"],"weight":0.21453999999999965,"degrees":[39,6499,1338,175]},"num_concepts_raised":16440},{"base_id":770,"kind":"top_words","i1":4,"i2":7,"sol":{"path":["/c/en/cycloaddition","/c/en/addition","/c/en/heraldry","/c/es/gules","/c/en/gules"],"weight":0.2103399999999998,"degrees":[39,701,1093,9,48]},"num_concepts_raised":12136},{"base_id":770,"kind":"top_words","i1":4,"i2":8,"sol":{"path":["/c/en/cycloaddition","/c/en/addition","/c/en/product","/c/en/service","/c/en/services"],"weight":0.21059999999999957,"degrees":[39,701,1426,1385,88]},"num_concepts_raised":31147},{"base_id":770,"kind":"top_words","i1":4,"i2":9,"sol":{"path":["/c/en/cycloaddition","/c/en/organic_chemistry","/c/en/living","/c/en/zombie","/c/en/qualia"],"weight":0.21301999999999974,"degrees":[39,6499,839,294,43]},"num_concepts_raised":9152},{"base_id":770,"kind":"top_words","i1":5,"i2":6,"sol":{"path":["/c/en/perforating","/c/en/perforate","/c/en/biology","/c/en/flagellate"],"weight":0.2114299999999997,"degrees":[26,122,6216,175]},"num_concepts_raised":10284},{"base_id":770,"kind":"top_words","i1":5,"i2":7,"sol":{"path":["/c/en/perforating","/c/en/perforation","/c/en/medicine","/c/en/tincture","/c/en/gules"],"weight":0.2040599999999999,"degrees":[26,132,11938,239,48]},"num_concepts_raised":5969},{"base_id":770,"kind":"top_words","i1":5,"i2":8,"sol":{"path":["/c/en/perforating","/c/en/action_on_object","/c/en/action","/c/en/services"],"weight":0.20334999999999964,"degrees":[26,119,2156,88]},"num_concepts_raised":24971},{"base_id":770,"kind":"top_words","i1":5,"i2":9,"sol":{"path":["/c/en/perforating","/c/en/becoming","/c/en/philosophy","/c/en/zombie","/c/en/qualia"],"weight":0.2078099999999998,"degrees":[26,253,2516,294,43]},"num_concepts_raised":2981},{"base_id":770,"kind":"top_words","i1":6,"i2":7,"sol":{"path":["/c/en/flagellate","/c/en/whip","/c/fr/politique","/c/de/rot","/c/en/gules"],"weight":0.21303999999999973,"degrees":[175,853,3449,490,48]},"num_concepts_raised":13870},{"base_id":770,"kind":"top_words","i1":6,"i2":8,"sol":{"path":["/c/en/flagellate","/c/en/whip","/c/en/nautical","/c/en/service","/c/en/services"],"weight":0.2144699999999995,"degrees":[175,853,5204,1385,88]},"num_concepts_raised":32775},{"base_id":770,"kind":"top_words","i1":6,"i2":9,"sol":{"path":["/c/en/flagellate","/c/en/biology","/c/en/on","/c/en/quanta","/c/en/qualia"],"weight":0.21869999999999967,"degrees":[175,6216,1076,10,43]},"num_concepts_raised":10891},{"base_id":770,"kind":"top_words","i1":7,"i2":8,"sol":{"path":["/c/en/gules","/c/en/tincture","/c/en/solution","/c/en/service","/c/en/services"],"weight":0.2068699999999997,"degrees":[48,239,885,1385,88]},"num_concepts_raised":28427},{"base_id":770,"kind":"top_words","i1":7,"i2":9,"sol":{"path":["/c/en/gules","/c/en/color","/c/en/quality","/c/en/qualia"],"weight":0.20821999999999985,"degrees":[48,1870,1710,43]},"num_concepts_raised":6554},{"base_id":770,"kind":"top_words","i1":8,"i2":9,"sol":{"path":["/c/en/services","/c/en/money","/c/en/quality","/c/en/qualia"],"weight":0.20872999999999958,"degrees":[88,2899,1710,43]},"num_concepts_raised":25455}]]