[[{"base_id":629,"kind":"bot_words","i1":0,"i2":1,"sol":{"path":["/c/en/normally","/c/en/usually","/c/en/house","/c/en/icebox"],"weight":0.20721999999999963,"degrees":[176,459,3114,85]},"num_concepts_raised":57448},{"base_id":629,"kind":"bot_words","i1":0,"i2":2,"sol":{"path":["/c/en/normally","/c/en/office","/c/en/surgery","/c/en/clitoridectomy"],"weight":0.20465999999999976,"degrees":[176,1568,1808,30]},"num_concepts_raised":26781},{"base_id":629,"kind":"bot_words","i1":0,"i2":3,"sol":{"path":["/c/en/normally","/c/en/standard","/c/en/law","/c/en/bequest"],"weight":0.20567999999999947,"degrees":[176,1054,3727,114]},"num_concepts_raised":34293},{"base_id":629,"kind":"bot_words","i1":0,"i2":4,"sol":{"path":["/c/en/normally","/c/fr/ordinairement","/c/fr/vigne","/c/en/vinifera"],"weight":0.2059299999999996,"degrees":[176,362,418,33]},"num_concepts_raised":26102},{"base_id":629,"kind":"bot_words","i1":0,"i2":5,"sol":{"path":["/c/en/normally","/c/en/standard","/c/en/tree","/c/en/arboretum"],"weight":0.2056499999999997,"degrees":[176,1054,3598,86]},"num_concepts_raised":30717},{"base_id":629,"kind":"bot_words","i1":0,"i2":6,"sol":{"path":["/c/en/normally","/c/en/quarter","/c/en/united_states","/c/en/georgetown"],"weight":0.20633999999999952,"degrees":[176,871,1636,132]},"num_concepts_raised":152455},{"base_id":629,"kind":"bot_words","i1":0,"i2":7,"sol":{"path":["/c/en/normally","/c/en/crown","/c/en/london","/c/en/greenwich"],"weight":0.20493999999999968,"degrees":[176,1373,612,52]},"num_concepts_raised":139884},{"base_id":629,"kind":"bot_words","i1":0,"i2":8,"sol":{"path":["/c/en/normally","/c/en/crown","/c/en/wing","/c/en/kfc"],"weight":0.20984999999999954,"degrees":[176,1373,1177,57]},"num_concepts_raised":26490},{"base_id":629,"kind":"bot_words","i1":0,"i2":9,"sol":{"path":["/c/en/normally","/c/en/circumstance","/c/en/seize","/c/en/grab"],"weight":0.21367999999999843,"degrees":[176,385,869,445]},"num_concepts_raised":59845},{"base_id":629,"kind":"bot_words","i1":1,"i2":2,"sol":{"path":["/c/en/icebox","/c/en/slang","/c/en/surgery","/c/en/clitoridectomy"],"weight":0.2035799999999999,"degrees":[85,16318,1808,30]},"num_concepts_raised":36546},{"base_id":629,"kind":"bot_words","i1":1,"i2":3,"sol":{"path":["/c/en/icebox","/c/en/slang","/c/en/law","/c/en/bequest"],"weight":0.20448999999999962,"degrees":[85,16318,3727,114]},"num_concepts_raised":43964},{"base_id":629,"kind":"bot_words","i1":1,"i2":4,"sol":{"path":["/c/en/icebox","/c/en/fridge","/c/en/grape","/c/en/vinifera"],"weight":0.20489999999999975,"degrees":[85,185,1090,33]},"num_concepts_raised":35862},{"base_id":629,"kind":"bot_words","i1":1,"i2":5,"sol":{"path":["/c/en/icebox","/c/en/house","/c/en/tree","/c/en/arboretum"],"weight":0.20446999999999985,"degrees":[85,3114,3598,86]},"num_concepts_raised":40447},{"base_id":629,"kind":"bot_words","i1":1,"i2":6,"sol":{"path":["/c/en/icebox","/c/en/us","/c/en/united_states","/c/en/georgetown"],"weight":0.20521999999999968,"degrees":[85,8154,1636,132]},"num_concepts_raised":161309},{"base_id":629,"kind":"bot_words","i1":1,"i2":7,"sol":{"path":["/c/en/icebox","/c/en/house","/c/en/town","/c/en/greenwich"],"weight":0.2038199999999998,"degrees":[85,3114,2220,52]},"num_concepts_raised":149420},{"base_id":629,"kind":"bot_words","i1":1,"i2":8,"sol":{"path":["/c/en/icebox","/c/en/house","/c/en/restaurant","/c/en/kfc"],"weight":0.2087899999999997,"degrees":[85,3114,932,57]},"num_concepts_raised":36156},{"base_id":629,"kind":"bot_words","i1":1,"i2":9,"sol":{"path":["/c/en/icebox","/c/en/uk","/c/en/seize","/c/en/grab"],"weight":0.21256999999999857,"degrees":[85,5562,869,445]},"num_concepts_raised":69211},{"base_id":629,"kind":"bot_words","i1":2,"i2":3,"sol":{"path":["/c/en/clitoridectomy","/c/en/surgery","/c/en/tail","/c/en/inheritance","/c/en/bequest"],"weight":0.20524999999999974,"degrees":[30,1808,1214,489,114]},"num_concepts_raised":12841},{"base_id":629,"kind":"bot_words","i1":2,"i2":4,"sol":{"path":["/c/en/clitoridectomy","/c/en/surgery","/c/en/slang","/c/en/grape","/c/en/vinifera"],"weight":0.2031499999999999,"degrees":[30,1808,16318,1090,33]},"num_concepts_raised":4174},{"base_id":629,"kind":"bot_words","i1":2,"i2":5,"sol":{"path":["/c/en/clitoridectomy","/c/en/female_circumcision","/c/en/medicine","/c/en/reserve","/c/en/arboretum"],"weight":0.20473999999999998,"degrees":[30,59,11938,702,86]},"num_concepts_raised":9048},{"base_id":629,"kind":"bot_words","i1":2,"i2":6,"sol":{"path":["/c/en/clitoridectomy","/c/en/clitoris","/c/en/bean","/c/fr/localités","/c/en/georgetown"],"weight":0.2052999999999998,"degrees":[30,454,588,110113,132]},"num_concepts_raised":131088},{"base_id":629,"kind":"bot_words","i1":2,"i2":7,"sol":{"path":["/c/en/clitoridectomy","/c/en/clitoris","/c/en/organ","/c/en/bank","/c/en/greenwich"],"weight":0.20423999999999992,"degrees":[30,454,1225,1660,52]},"num_concepts_raised":118220},{"base_id":629,"kind":"bot_words","i1":2,"i2":8,"sol":{"path":["/c/en/clitoridectomy","/c/en/clitoris","/c/en/organ","/c/en/wing","/c/en/kfc"],"weight":0.2092299999999998,"degrees":[30,454,1225,1177,57]},"num_concepts_raised":4621},{"base_id":629,"kind":"bot_words","i1":2,"i2":9,"sol":{"path":["/c/en/clitoridectomy","/c/en/clitoris","/c/en/vulva","/c/en/snatch","/c/en/grab"],"weight":0.21022999999999875,"degrees":[30,454,503,394,445]},"num_concepts_raised":39182},{"base_id":629,"kind":"bot_words","i1":3,"i2":4,"sol":{"path":["/c/en/bequest","/c/en/gift","/c/en/shop","/c/en/grape","/c/en/vinifera"],"weight":0.2041699999999996,"degrees":[114,1234,1544,1090,33]},"num_concepts_raised":12155},{"base_id":629,"kind":"bot_words","i1":3,"i2":5,"sol":{"path":["/c/en/bequest","/c/en/bequeath","/c/en/leave","/c/en/tree","/c/en/arboretum"],"weight":0.20789999999999967,"degrees":[114,206,1955,3598,86]},"num_concepts_raised":16927},{"base_id":629,"kind":"bot_words","i1":3,"i2":6,"sol":{"path":["/c/en/bequest","/c/en/smithsonian","/c/en/united_states","/c/en/georgetown"],"weight":0.2054799999999995,"degrees":[114,11,1636,132]},"num_concepts_raised":138831},{"base_id":629,"kind":"bot_words","i1":3,"i2":7,"sol":{"path":["/c/en/bequest","/c/en/law","/c/fr/localités","/c/en/greenwich"],"weight":0.20407999999999965,"degrees":[114,3727,110113,52]},"num_concepts_raised":126044},{"base_id":629,"kind":"bot_words","i1":3,"i2":8,"sol":{"path":["/c/en/bequest","/c/en/giving","/c/en/bill","/c/en/restaurant","/c/en/kfc"],"weight":0.21007999999999954,"degrees":[114,271,1413,932,57]},"num_concepts_raised":12585},{"base_id":629,"kind":"bot_words","i1":3,"i2":9,"sol":{"path":["/c/en/bequest","/c/en/law","/c/fr/saisir","/c/en/grab"],"weight":0.2110199999999985,"degrees":[114,3727,677,445]},"num_concepts_raised":46376},{"base_id":629,"kind":"bot_words","i1":4,"i2":5,"sol":{"path":["/c/en/vinifera","/c/en/grape","/c/en/arbor","/c/en/arboretum"],"weight":0.20390999999999984,"degrees":[33,1090,139,86]},"num_concepts_raised":8290},{"base_id":629,"kind":"bot_words","i1":4,"i2":6,"sol":{"path":["/c/en/vinifera","/c/en/grape","/c/en/ohio","/c/en/georgetown"],"weight":0.20449999999999968,"degrees":[33,1090,655,132]},"num_concepts_raised":130348},{"base_id":629,"kind":"bot_words","i1":4,"i2":7,"sol":{"path":["/c/en/vinifera","/c/en/grape","/c/en/us","/c/en/london","/c/en/greenwich"],"weight":0.20342999999999983,"degrees":[33,1090,8154,612,52]},"num_concepts_raised":117507},{"base_id":629,"kind":"bot_words","i1":4,"i2":8,"sol":{"path":["/c/en/vinifera","/c/en/grape","/c/en/restaurant","/c/en/kfc"],"weight":0.2083499999999997,"degrees":[33,1090,932,57]},"num_concepts_raised":3932},{"base_id":629,"kind":"bot_words","i1":4,"i2":9,"sol":{"path":["/c/en/vinifera","/c/en/grape","/c/en/grapple","/c/en/grab"],"weight":0.20783999999999864,"degrees":[33,1090,177,445]},"num_concepts_raised":38498},{"base_id":629,"kind":"bot_words","i1":5,"i2":6,"sol":{"path":["/c/en/arboretum","/c/en/tree","/c/en/town","/c/en/georgetown"],"weight":0.20515999999999973,"degrees":[86,3598,2220,132]},"num_concepts_raised":135017},{"base_id":629,"kind":"bot_words","i1":5,"i2":7,"sol":{"path":["/c/en/arboretum","/c/en/tree","/c/en/town","/c/en/greenwich"],"weight":0.20408999999999988,"degrees":[86,3598,2220,52]},"num_concepts_raised":122309},{"base_id":629,"kind":"bot_words","i1":5,"i2":8,"sol":{"path":["/c/en/arboretum","/c/en/reserve","/c/en/restaurant","/c/en/kfc"],"weight":0.20886999999999975,"degrees":[86,702,932,57]},"num_concepts_raised":8787},{"base_id":629,"kind":"bot_words","i1":5,"i2":9,"sol":{"path":["/c/en/arboretum","/c/en/reserve","/c/en/hold","/c/en/grab"],"weight":0.20880999999999872,"degrees":[86,702,2017,445]},"num_concepts_raised":43022},{"base_id":629,"kind":"bot_words","i1":6,"i2":7,"sol":{"path":["/c/en/georgetown","/c/en/town","/c/en/greenwich"],"weight":0.202,"degrees":[132,2220,52]},"num_concepts_raised":156},{"base_id":629,"kind":"bot_words","i1":6,"i2":8,"sol":{"path":["/c/en/georgetown","/c/en/kentucky","/c/en/kfc"],"weight":0.20400000000000001,"degrees":[132,508,57]},"num_concepts_raised":167},{"base_id":629,"kind":"bot_words","i1":6,"i2":9,"sol":{"path":["/c/en/georgetown","/c/en/canada","/c/en/clutch","/c/en/grab"],"weight":0.21000999999999853,"degrees":[132,2402,388,445]},"num_concepts_raised":164847},{"base_id":629,"kind":"bot_words","i1":7,"i2":8,"sol":{"path":["/c/en/greenwich","/c/en/london","/c/en/kentucky","/c/en/kfc"],"weight":0.20844999999999972,"degrees":[52,612,508,57]},"num_concepts_raised":117879},{"base_id":629,"kind":"bot_words","i1":7,"i2":9,"sol":{"path":["/c/en/greenwich","/c/fr/localités","/c/en/reach","/c/en/grab"],"weight":0.2076199999999987,"degrees":[52,110113,1162,445]},"num_concepts_raised":152223},{"base_id":629,"kind":"bot_words","i1":8,"i2":9,"sol":{"path":["/c/en/kfc","/c/en/wing","/c/en/hold","/c/en/grab"],"weight":0.21324999999999855,"degrees":[57,1177,2017,445]},"num_concepts_raised":38878}],[{"base_id":629,"kind":"top_words","i1":0,"i2":1,"sol":{"path":["/c/en/loss","/c/en/lose","/c/en/fit","/c/en/blowout"],"weight":0.21905999999999798,"degrees":[777,1227,1268,87]},"num_concepts_raised":100263},{"base_id":629,"kind":"top_words","i1":0,"i2":2,"sol":{"path":["/c/en/loss","/c/en/defeat","/c/en/outscore"],"weight":0.20400000000000001,"degrees":[777,957,24]},"num_concepts_raised":652},{"base_id":629,"kind":"top_words","i1":0,"i2":3,"sol":{"path":["/c/en/loss","/c/en/person","/c/en/energy","/c/en/transduce"],"weight":0.21091999999999816,"degrees":[777,12935,1631,34]},"num_concepts_raised":72727},{"base_id":629,"kind":"top_words","i1":0,"i2":4,"sol":{"path":["/c/en/loss","/c/en/lose","/c/en/game","/c/en/australia","/c/en/brumbies"],"weight":0.21851999999999816,"degrees":[777,1227,2308,2690,25]},"num_concepts_raised":62780},{"base_id":629,"kind":"top_words","i1":0,"i2":5,"sol":{"path":["/c/en/loss","/c/en/person","/c/en/lesbian","/c/en/sapphic"],"weight":0.2134299999999982,"degrees":[777,12935,380,56]},"num_concepts_raised":63100},{"base_id":629,"kind":"top_words","i1":0,"i2":6,"sol":{"path":["/c/en/loss","/c/en/fail","/c/en/us","/c/en/superbug"],"weight":0.21085999999999816,"degrees":[777,1103,8154,27]},"num_concepts_raised":72302},{"base_id":629,"kind":"top_words","i1":0,"i2":7,"sol":{"path":["/c/en/loss","/c/en/person","/c/en/smart","/c/en/smarting"],"weight":0.21273999999999818,"degrees":[777,12935,654,26]},"num_concepts_raised":62818},{"base_id":629,"kind":"top_words","i1":0,"i2":8,"sol":{"path":["/c/en/loss","/c/en/profit","/c/en/stop","/c/en/plosive"],"weight":0.21440999999999816,"degrees":[777,1179,2126,123]},"num_concepts_raised":68482},{"base_id":629,"kind":"top_words","i1":0,"i2":9,"sol":{"path":["/c/en/loss","/c/en/defeat","/c/en/thumping"],"weight":0.20400000000000001,"degrees":[777,957,42]},"num_concepts_raised":671},{"base_id":629,"kind":"top_words","i1":1,"i2":2,"sol":{"path":["/c/en/blowout","/c/en/slang","/c/en/score","/c/en/outscore"],"weight":0.20942999999999973,"degrees":[87,16318,922,24]},"num_concepts_raised":46288},{"base_id":629,"kind":"top_words","i1":1,"i2":3,"sol":{"path":["/c/en/blowout","/c/en/gas","/c/en/energy","/c/en/transduce"],"weight":0.20863999999999966,"degrees":[87,1636,1631,34]},"num_concepts_raised":56274},{"base_id":629,"kind":"top_words","i1":1,"i2":4,"sol":{"path":["/c/en/blowout","/c/en/au","/c/en/australia","/c/en/brumbies"],"weight":0.21336999999999967,"degrees":[87,450,2690,25]},"num_concepts_raised":45595},{"base_id":629,"kind":"top_words","i1":1,"i2":5,"sol":{"path":["/c/en/blowout","/c/en/slang","/c/en/gay","/c/en/lesbian","/c/en/sapphic"],"weight":0.2112899999999997,"degrees":[87,16318,664,380,56]},"num_concepts_raised":46106},{"base_id":629,"kind":"top_words","i1":1,"i2":6,"sol":{"path":["/c/en/blowout","/c/en/gas","/c/en/us","/c/en/superbug"],"weight":0.20842999999999967,"degrees":[87,1636,8154,27]},"num_concepts_raised":54660},{"base_id":629,"kind":"top_words","i1":1,"i2":7,"sol":{"path":["/c/en/blowout","/c/en/slang","/c/en/smart","/c/en/smarting"],"weight":0.2105099999999997,"degrees":[87,16318,654,26]},"num_concepts_raised":46284},{"base_id":629,"kind":"top_words","i1":1,"i2":8,"sol":{"path":["/c/en/blowout","/c/en/release","/c/en/phonetics","/c/en/plosive"],"weight":0.21094999999999967,"degrees":[87,935,1121,123]},"num_concepts_raised":51645},{"base_id":629,"kind":"top_words","i1":1,"i2":9,"sol":{"path":["/c/en/blowout","/c/en/sports","/c/en/thumping"],"weight":0.20400000000000001,"degrees":[87,3417,42]},"num_concepts_raised":117},{"base_id":629,"kind":"top_words","i1":2,"i2":3,"sol":{"path":["/c/en/outscore","/c/fr/surmonter","/c/en/convert","/c/en/transduce"],"weight":0.20397999999999988,"degrees":[24,352,798,34]},"num_concepts_raised":16687},{"base_id":629,"kind":"top_words","i1":2,"i2":4,"sol":{"path":["/c/en/outscore","/c/en/score","/c/en/game","/c/en/australia","/c/en/brumbies"],"weight":0.2087699999999999,"degrees":[24,922,2308,2690,25]},"num_concepts_raised":5757},{"base_id":629,"kind":"top_words","i1":2,"i2":5,"sol":{"path":["/c/en/outscore","/c/en/excel","/c/en/person","/c/en/lesbian","/c/en/sapphic"],"weight":0.20554999999999995,"degrees":[24,304,12935,380,56]},"num_concepts_raised":6059},{"base_id":629,"kind":"top_words","i1":2,"i2":6,"sol":{"path":["/c/en/outscore","/c/en/score","/c/en/us","/c/en/superbug"],"weight":0.20362999999999987,"degrees":[24,922,8154,27]},"num_concepts_raised":16028},{"base_id":629,"kind":"top_words","i1":2,"i2":7,"sol":{"path":["/c/en/outscore","/c/fr/surmonter","/c/en/beat","/c/en/smart","/c/en/smarting"],"weight":0.2059999999999999,"degrees":[24,352,1834,654,26]},"num_concepts_raised":6149},{"base_id":629,"kind":"top_words","i1":2,"i2":8,"sol":{"path":["/c/en/outscore","/c/en/score","/c/en/music","/c/en/stop","/c/en/plosive"],"weight":0.2062999999999999,"degrees":[24,922,8822,2126,123]},"num_concepts_raised":12023},{"base_id":629,"kind":"top_words","i1":2,"i2":9,"sol":{"path":["/c/en/outscore","/c/en/defeat","/c/en/thumping"],"weight":0.202,"degrees":[24,957,42]},"num_concepts_raised":56},{"base_id":629,"kind":"top_words","i1":3,"i2":4,"sol":{"path":["/c/en/transduce","/c/en/cell","/c/en/unit","/c/en/australia","/c/en/brumbies"],"weight":0.20785999999999982,"degrees":[34,2433,1582,2690,25]},"num_concepts_raised":16224},{"base_id":629,"kind":"top_words","i1":3,"i2":5,"sol":{"path":["/c/en/transduce","/c/en/cell","/c/en/person","/c/en/lesbian","/c/en/sapphic"],"weight":0.2056599999999999,"degrees":[34,2433,12935,380,56]},"num_concepts_raised":16480},{"base_id":629,"kind":"top_words","i1":3,"i2":6,"sol":{"path":["/c/en/transduce","/c/en/cell","/c/en/bacteria","/c/en/superbug"],"weight":0.20287999999999984,"degrees":[34,2433,714,27]},"num_concepts_raised":26171},{"base_id":629,"kind":"top_words","i1":3,"i2":7,"sol":{"path":["/c/en/transduce","/c/en/cell","/c/en/person","/c/en/smart","/c/en/smarting"],"weight":0.20495999999999986,"degrees":[34,2433,12935,654,26]},"num_concepts_raised":16602},{"base_id":629,"kind":"top_words","i1":3,"i2":8,"sol":{"path":["/c/en/transduce","/c/en/energy","/c/en/sound","/c/en/plosive"],"weight":0.20416999999999985,"degrees":[34,1631,3218,123]},"num_concepts_raised":22373},{"base_id":629,"kind":"top_words","i1":3,"i2":9,"sol":{"path":["/c/en/transduce","/c/en/energy","/c/en/sound","/c/en/thumping"],"weight":0.2030099999999998,"degrees":[34,1631,3218,42]},"num_concepts_raised":21738},{"base_id":629,"kind":"top_words","i1":4,"i2":5,"sol":{"path":["/c/en/brumbies","/c/en/australia","/c/en/fluff","/c/en/lesbian","/c/en/sapphic"],"weight":0.21046999999999988,"degrees":[25,2690,238,380,56]},"num_concepts_raised":5544},{"base_id":629,"kind":"top_words","i1":4,"i2":6,"sol":{"path":["/c/en/brumbies","/c/en/australia","/c/en/spider","/c/en/insect","/c/en/superbug"],"weight":0.20769999999999983,"degrees":[25,2690,775,2112,27]},"num_concepts_raised":15333},{"base_id":629,"kind":"top_words","i1":4,"i2":7,"sol":{"path":["/c/en/brumbies","/c/en/australia","/c/en/right","/c/en/smart","/c/en/smarting"],"weight":0.20978999999999984,"degrees":[25,2690,2319,654,26]},"num_concepts_raised":5651},{"base_id":629,"kind":"top_words","i1":4,"i2":8,"sol":{"path":["/c/en/brumbies","/c/en/australia","/c/en/pitch","/c/en/phonetics","/c/en/plosive"],"weight":0.21032999999999982,"degrees":[25,2690,1134,1121,123]},"num_concepts_raised":11565},{"base_id":629,"kind":"top_words","i1":4,"i2":9,"sol":{"path":["/c/en/brumbies","/c/en/australia","/c/en/pitch","/c/en/sound","/c/en/thumping"],"weight":0.20792999999999978,"degrees":[25,2690,1134,3218,42]},"num_concepts_raised":10882},{"base_id":629,"kind":"top_words","i1":5,"i2":6,"sol":{"path":["/c/en/sapphic","/c/en/verse","/c/en/virus","/c/en/superbug"],"weight":0.20317999999999986,"degrees":[56,712,774,27]},"num_concepts_raised":15813},{"base_id":629,"kind":"top_words","i1":5,"i2":7,"sol":{"path":["/c/en/sapphic","/c/en/lesbian","/c/en/person","/c/en/smart","/c/en/smarting"],"weight":0.2075599999999999,"degrees":[56,380,12935,654,26]},"num_concepts_raised":5953},{"base_id":629,"kind":"top_words","i1":5,"i2":8,"sol":{"path":["/c/en/sapphic","/c/en/lesbian","/c/en/linguistics","/c/en/phonetics","/c/en/plosive"],"weight":0.20817999999999987,"degrees":[56,380,4250,1121,123]},"num_concepts_raised":11837},{"base_id":629,"kind":"top_words","i1":5,"i2":9,"sol":{"path":["/c/en/sapphic","/c/en/lesbian","/c/en/tom","/c/en/drum","/c/en/thumping"],"weight":0.20562999999999987,"degrees":[56,380,202,885,42]},"num_concepts_raised":11190},{"base_id":629,"kind":"top_words","i1":6,"i2":7,"sol":{"path":["/c/en/superbug","/c/en/us","/c/en/smart","/c/en/smarting"],"weight":0.20469999999999983,"degrees":[27,8154,654,26]},"num_concepts_raised":15911},{"base_id":629,"kind":"top_words","i1":6,"i2":8,"sol":{"path":["/c/en/superbug","/c/en/insect","/c/en/tongue","/c/en/plosive"],"weight":0.2038799999999998,"degrees":[27,2112,1213,123]},"num_concepts_raised":21718},{"base_id":629,"kind":"top_words","i1":6,"i2":9,"sol":{"path":["/c/en/superbug","/c/en/us","/c/en/thud","/c/en/thump","/c/en/thumping"],"weight":0.20381999999999978,"degrees":[27,8154,139,179,42]},"num_concepts_raised":20991},{"base_id":629,"kind":"top_words","i1":7,"i2":8,"sol":{"path":["/c/en/smarting","/c/en/smart","/c/en/sharp","/c/en/phonetics","/c/en/plosive"],"weight":0.20738999999999985,"degrees":[26,654,1275,1121,123]},"num_concepts_raised":11903},{"base_id":629,"kind":"top_words","i1":7,"i2":9,"sol":{"path":["/c/en/smarting","/c/en/smart","/c/en/beat","/c/en/thump","/c/en/thumping"],"weight":0.2059899999999998,"degrees":[26,654,1834,179,42]},"num_concepts_raised":11278},{"base_id":629,"kind":"top_words","i1":8,"i2":9,"sol":{"path":["/c/en/plosive","/c/en/sound","/c/en/thumping"],"weight":0.202,"degrees":[123,3218,42]},"num_concepts_raised":136}]]