[[{"base_id":160,"kind":"bot_words","i1":0,"i2":1,"sol":{"path":["/c/en/artwork","/c/zh/蜀錦","/c/en/traditional","/c/en/dalit"],"weight":0.2104399999999993,"degrees":[225,12,784,78]},"num_concepts_raised":36950},{"base_id":160,"kind":"bot_words","i1":0,"i2":2,"sol":{"path":["/c/en/artwork","/c/en/work","/c/en/money","/c/en/needful"],"weight":0.2051899999999992,"degrees":[225,4013,2899,48]},"num_concepts_raised":41618},{"base_id":160,"kind":"bot_words","i1":0,"i2":3,"sol":{"path":["/c/en/artwork","/c/en/art","/c/en/craft","/c/en/subtlety"],"weight":0.20748999999999906,"degrees":[225,1987,598,110]},"num_concepts_raised":39017},{"base_id":160,"kind":"bot_words","i1":0,"i2":4,"sol":{"path":["/c/en/artwork","/c/en/art","/c/en/element","/c/en/zeroth"],"weight":0.2071399999999994,"degrees":[225,1987,1173,67]},"num_concepts_raised":44634},{"base_id":160,"kind":"bot_words","i1":0,"i2":5,"sol":{"path":["/c/en/artwork","/c/en/draw","/c/fi/ennustaa","/c/en/bode"],"weight":0.2137299999999988,"degrees":[225,1953,49,180]},"num_concepts_raised":45269},{"base_id":160,"kind":"bot_words","i1":0,"i2":6,"sol":{"path":["/c/en/artwork","/c/en/dance","/c/en/joy","/c/en/exhilaration"],"weight":0.20524999999999916,"degrees":[225,2473,943,57]},"num_concepts_raised":39874},{"base_id":160,"kind":"bot_words","i1":0,"i2":7,"sol":{"path":["/c/en/artwork","/c/en/picture","/c/en/conjure","/c/en/conjuring"],"weight":0.20619999999999922,"degrees":[225,1231,101,44]},"num_concepts_raised":37299},{"base_id":160,"kind":"bot_words","i1":0,"i2":8,"sol":{"path":["/c/en/artwork","/c/en/paint","/c/en/computing","/c/en/recursion"],"weight":0.21576999999999916,"degrees":[225,1772,9084,146]},"num_concepts_raised":53701},{"base_id":160,"kind":"bot_words","i1":0,"i2":9,"sol":{"path":["/c/en/artwork","/c/en/work","/c/en/bank","/c/en/secured"],"weight":0.20495999999999914,"degrees":[225,4013,1660,41]},"num_concepts_raised":38316},{"base_id":160,"kind":"bot_words","i1":1,"i2":2,"sol":{"path":["/c/en/dalit","/c/en/south_asia","/c/en/india","/c/en/needful"],"weight":0.20876999999999987,"degrees":[78,227,1846,48]},"num_concepts_raised":8356},{"base_id":160,"kind":"bot_words","i1":1,"i2":3,"sol":{"path":["/c/en/dalit","/c/en/outcaste","/c/en/person","/c/en/argument","/c/en/subtlety"],"weight":0.21149999999999974,"degrees":[78,28,12935,881,110]},"num_concepts_raised":5750},{"base_id":160,"kind":"bot_words","i1":1,"i2":4,"sol":{"path":["/c/en/dalit","/c/en/traditional","/c/en/heavenly_stem","/c/en/ordinal","/c/en/zeroth"],"weight":0.21028000000000008,"degrees":[78,784,51,376,67]},"num_concepts_raised":11455},{"base_id":160,"kind":"bot_words","i1":1,"i2":5,"sol":{"path":["/c/en/dalit","/c/en/south_asia","/c/en/nepal","/c/en/bode"],"weight":0.21509999999999949,"degrees":[78,227,346,180]},"num_concepts_raised":12146},{"base_id":160,"kind":"bot_words","i1":1,"i2":6,"sol":{"path":["/c/en/dalit","/c/fr/paria","/c/fr/personne","/c/fr/enivrement","/c/en/exhilaration"],"weight":0.2087799999999998,"degrees":[78,42,3714,15,57]},"num_concepts_raised":6631},{"base_id":160,"kind":"bot_words","i1":1,"i2":7,"sol":{"path":["/c/en/dalit","/c/en/outcaste","/c/en/person","/c/en/magic","/c/en/conjuring"],"weight":0.2118199999999999,"degrees":[78,28,12935,913,44]},"num_concepts_raised":3937},{"base_id":160,"kind":"bot_words","i1":1,"i2":8,"sol":{"path":["/c/en/dalit","/c/en/untouchable","/c/en/touch","/c/en/computing","/c/en/recursion"],"weight":0.21940999999999983,"degrees":[78,116,1765,9084,146]},"num_concepts_raised":20986},{"base_id":160,"kind":"bot_words","i1":1,"i2":9,"sol":{"path":["/c/en/dalit","/c/fr/intouchable","/c/en/unassailable","/c/en/secure","/c/en/secured"],"weight":0.21070999999999984,"degrees":[78,56,89,611,41]},"num_concepts_raised":4956},{"base_id":160,"kind":"bot_words","i1":2,"i2":3,"sol":{"path":["/c/en/needful","/c/it/necesse","/c/en/scholastic","/c/en/subtlety"],"weight":0.20389999999999964,"degrees":[48,18,99,110]},"num_concepts_raised":10633},{"base_id":160,"kind":"bot_words","i1":2,"i2":4,"sol":{"path":["/c/en/needful","/c/en/necessary","/c/en/importance","/c/en/zero","/c/en/zeroth"],"weight":0.20609999999999995,"degrees":[48,617,520,795,67]},"num_concepts_raised":16320},{"base_id":160,"kind":"bot_words","i1":2,"i2":5,"sol":{"path":["/c/en/needful","/c/en/india","/c/en/nepal","/c/en/bode"],"weight":0.2096299999999994,"degrees":[48,1846,346,180]},"num_concepts_raised":16953},{"base_id":160,"kind":"bot_words","i1":2,"i2":6,"sol":{"path":["/c/en/needful","/c/en/money","/c/en/playing_football","/c/en/exhilaration"],"weight":0.2032499999999997,"degrees":[48,2899,126,57]},"num_concepts_raised":11500},{"base_id":160,"kind":"bot_words","i1":2,"i2":7,"sol":{"path":["/c/en/needful","/c/en/requisite","/c/sa/साधन","/c/en/conjuring"],"weight":0.2052399999999998,"degrees":[48,142,67,44]},"num_concepts_raised":8843},{"base_id":160,"kind":"bot_words","i1":2,"i2":8,"sol":{"path":["/c/en/needful","/c/en/mandatory","/c/en/rule","/c/en/recursion"],"weight":0.21364999999999973,"degrees":[48,145,2063,146]},"num_concepts_raised":25795},{"base_id":160,"kind":"bot_words","i1":2,"i2":9,"sol":{"path":["/c/en/needful","/c/en/money","/c/en/bank","/c/en/secured"],"weight":0.20309999999999973,"degrees":[48,2899,1660,41]},"num_concepts_raised":9780},{"base_id":160,"kind":"bot_words","i1":3,"i2":4,"sol":{"path":["/c/en/subtlety","/c/en/argument","/c/en/mathematics","/c/en/zeroth"],"weight":0.20441999999999985,"degrees":[110,881,7601,67]},"num_concepts_raised":13661},{"base_id":160,"kind":"bot_words","i1":3,"i2":5,"sol":{"path":["/c/en/subtlety","/c/fr/subtilité","/c/fr/raisonnement","/c/fr/prédire","/c/en/bode"],"weight":0.21264999999999928,"degrees":[110,62,140,211,180]},"num_concepts_raised":14399},{"base_id":160,"kind":"bot_words","i1":3,"i2":6,"sol":{"path":["/c/en/subtlety","/c/en/subtle","/c/en/nice","/c/en/joy","/c/en/exhilaration"],"weight":0.20519999999999958,"degrees":[110,230,845,943,57]},"num_concepts_raised":8895},{"base_id":160,"kind":"bot_words","i1":3,"i2":7,"sol":{"path":["/c/en/subtlety","/c/en/subtility","/c/en/trick","/c/en/conjuring"],"weight":0.20391999999999968,"degrees":[110,17,1286,44]},"num_concepts_raised":6165},{"base_id":160,"kind":"bot_words","i1":3,"i2":8,"sol":{"path":["/c/en/subtlety","/c/en/argument","/c/en/mathematics","/c/en/recursion"],"weight":0.21442999999999962,"degrees":[110,881,7601,146]},"num_concepts_raised":23136},{"base_id":160,"kind":"bot_words","i1":3,"i2":9,"sol":{"path":["/c/en/subtlety","/c/fr/nuance","/c/en/music","/c/en/bank","/c/en/secured"],"weight":0.20378999999999964,"degrees":[110,191,8822,1660,41]},"num_concepts_raised":7232},{"base_id":160,"kind":"bot_words","i1":4,"i2":5,"sol":{"path":["/c/en/zeroth","/c/en/mathematics","/c/fi/osoittaa","/c/en/bode"],"weight":0.2100899999999996,"degrees":[67,7601,87,180]},"num_concepts_raised":20059},{"base_id":160,"kind":"bot_words","i1":4,"i2":6,"sol":{"path":["/c/en/zeroth","/c/en/mathematics","/c/en/bang","/c/en/exhilaration"],"weight":0.20379999999999993,"degrees":[67,7601,569,57]},"num_concepts_raised":14586},{"base_id":160,"kind":"bot_words","i1":4,"i2":7,"sol":{"path":["/c/en/zeroth","/c/en/ordinal","/c/en/number","/c/en/magic","/c/en/conjuring"],"weight":0.20593,"degrees":[67,376,2301,913,44]},"num_concepts_raised":11896},{"base_id":160,"kind":"bot_words","i1":4,"i2":8,"sol":{"path":["/c/en/zeroth","/c/en/mathematics","/c/en/recursion"],"weight":0.20600000000000002,"degrees":[67,7601,146]},"num_concepts_raised":152},{"base_id":160,"kind":"bot_words","i1":4,"i2":9,"sol":{"path":["/c/en/zeroth","/c/fr/zérotième","/c/fr/rang","/c/en/bank","/c/en/secured"],"weight":0.20568999999999993,"degrees":[67,21,470,1660,41]},"num_concepts_raised":12901},{"base_id":160,"kind":"bot_words","i1":5,"i2":6,"sol":{"path":["/c/en/bode","/c/en/dialect","/c/en/rush","/c/en/exhilaration"],"weight":0.20962999999999932,"degrees":[180,2378,1156,57]},"num_concepts_raised":15256},{"base_id":160,"kind":"bot_words","i1":5,"i2":7,"sol":{"path":["/c/en/bode","/c/en/bid","/c/en/conjure","/c/en/conjuring"],"weight":0.21257999999999944,"degrees":[180,587,101,44]},"num_concepts_raised":12582},{"base_id":160,"kind":"bot_words","i1":5,"i2":8,"sol":{"path":["/c/en/bode","/c/en/dialect","/c/en/computing","/c/en/recursion"],"weight":0.22010999999999936,"degrees":[180,2378,9084,146]},"num_concepts_raised":29465},{"base_id":160,"kind":"bot_words","i1":5,"i2":9,"sol":{"path":["/c/en/bode","/c/en/river","/c/en/bank","/c/en/secured"],"weight":0.20945999999999937,"degrees":[180,2945,1660,41]},"num_concepts_raised":13555},{"base_id":160,"kind":"bot_words","i1":6,"i2":7,"sol":{"path":["/c/en/exhilaration","/c/en/joy","/c/en/love","/c/en/magic","/c/en/conjuring"],"weight":0.20439999999999975,"degrees":[57,943,2442,913,44]},"num_concepts_raised":7083},{"base_id":160,"kind":"bot_words","i1":6,"i2":8,"sol":{"path":["/c/en/exhilaration","/c/en/bang","/c/en/mathematics","/c/en/recursion"],"weight":0.21380999999999967,"degrees":[57,569,7601,146]},"num_concepts_raised":24059},{"base_id":160,"kind":"bot_words","i1":6,"i2":9,"sol":{"path":["/c/en/exhilaration","/c/en/rush","/c/en/boom","/c/en/secured"],"weight":0.20307999999999968,"degrees":[57,1156,681,41]},"num_concepts_raised":8045},{"base_id":160,"kind":"bot_words","i1":7,"i2":8,"sol":{"path":["/c/en/conjuring","/c/en/magic","/c/en/number","/c/en/mathematics","/c/en/recursion"],"weight":0.21478999999999976,"degrees":[44,913,2301,7601,146]},"num_concepts_raised":21389},{"base_id":160,"kind":"bot_words","i1":7,"i2":9,"sol":{"path":["/c/en/conjuring","/c/en/magic","/c/en/stable","/c/en/secure","/c/en/secured"],"weight":0.20409999999999978,"degrees":[44,913,741,611,41]},"num_concepts_raised":5422},{"base_id":160,"kind":"bot_words","i1":8,"i2":9,"sol":{"path":["/c/en/recursion","/c/en/computing","/c/en/sign_in","/c/en/secured"],"weight":0.21354999999999968,"degrees":[146,9084,38,41]},"num_concepts_raised":22378}],[{"base_id":160,"kind":"top_words","i1":0,"i2":1,"sol":{"path":["/c/en/reformation","/c/en/church","/c/en/lady","/c/en/noblewoman"],"weight":0.20627999999999946,"degrees":[119,1592,787,115]},"num_concepts_raised":24759},{"base_id":160,"kind":"top_words","i1":0,"i2":2,"sol":{"path":["/c/en/reformation","/c/fr/histoire","/c/fr/empire","/c/fr/interrègne","/c/en/interregnum"],"weight":0.20611999999999964,"degrees":[119,4439,302,23,58]},"num_concepts_raised":17380},{"base_id":160,"kind":"top_words","i1":0,"i2":3,"sol":{"path":["/c/en/reformation","/c/en/church","/c/en/psalm","/c/en/psalter"],"weight":0.2119799999999996,"degrees":[119,1592,225,106]},"num_concepts_raised":22513},{"base_id":160,"kind":"top_words","i1":0,"i2":4,"sol":{"path":["/c/en/reformation","/c/fr/histoire","/c/fr/noble","/c/en/courtier"],"weight":0.2049999999999996,"degrees":[119,4439,330,127]},"num_concepts_raised":19869},{"base_id":160,"kind":"top_words","i1":0,"i2":5,"sol":{"path":["/c/en/reformation","/c/en/reformed","/c/en/military","/c/en/armada"],"weight":0.20526999999999962,"degrees":[119,56,5690,65]},"num_concepts_raised":24347},{"base_id":160,"kind":"top_words","i1":0,"i2":6,"sol":{"path":["/c/en/reformation","/c/fr/histoire","/c/fr/légat","/c/en/legate"],"weight":0.20615999999999957,"degrees":[119,4439,40,65]},"num_concepts_raised":19936},{"base_id":160,"kind":"top_words","i1":0,"i2":7,"sol":{"path":["/c/en/reformation","/c/fr/histoire","/c/fr/conquistador","/c/en/conquistador"],"weight":0.20480999999999955,"degrees":[119,4439,19,44]},"num_concepts_raised":20173},{"base_id":160,"kind":"top_words","i1":0,"i2":8,"sol":{"path":["/c/en/reformation","/c/en/roman_catholic","/c/en/interdict"],"weight":0.202,"degrees":[119,286,109]},"num_concepts_raised":198},{"base_id":160,"kind":"top_words","i1":0,"i2":9,"sol":{"path":["/c/en/reformation","/c/fr/histoire","/c/fr/édit","/c/en/edict"],"weight":0.20745999999999937,"degrees":[119,4439,88,156]},"num_concepts_raised":26181},{"base_id":160,"kind":"top_words","i1":1,"i2":2,"sol":{"path":["/c/en/noblewoman","/c/en/united_kingdom","/c/en/sovereign","/c/en/interregnum"],"weight":0.20423999999999976,"degrees":[115,1053,419,58]},"num_concepts_raised":10960},{"base_id":160,"kind":"top_words","i1":1,"i2":3,"sol":{"path":["/c/en/noblewoman","/c/en/woman","/c/en/psaltress","/c/en/psaltery","/c/en/psalter"],"weight":0.21352999999999978,"degrees":[115,3510,3,64,106]},"num_concepts_raised":16498},{"base_id":160,"kind":"top_words","i1":1,"i2":4,"sol":{"path":["/c/en/noblewoman","/c/fr/noble","/c/en/courtier"],"weight":0.202,"degrees":[115,330,127]},"num_concepts_raised":196},{"base_id":160,"kind":"top_words","i1":1,"i2":5,"sol":{"path":["/c/en/noblewoman","/c/en/rank","/c/en/military","/c/en/armada"],"weight":0.20442999999999972,"degrees":[115,1403,5690,65]},"num_concepts_raised":17969},{"base_id":160,"kind":"top_words","i1":1,"i2":6,"sol":{"path":["/c/en/noblewoman","/c/en/noble","/c/en/historical","/c/en/deputy","/c/en/legate"],"weight":0.2076799999999997,"degrees":[115,871,8415,446,65]},"num_concepts_raised":13661},{"base_id":160,"kind":"top_words","i1":1,"i2":7,"sol":{"path":["/c/en/noblewoman","/c/en/woman","/c/en/aztec","/c/en/conquistador"],"weight":0.20516999999999969,"degrees":[115,3510,187,44]},"num_concepts_raised":13767},{"base_id":160,"kind":"top_words","i1":1,"i2":8,"sol":{"path":["/c/en/noblewoman","/c/en/noble","/c/en/king","/c/en/interdict"],"weight":0.20689999999999956,"degrees":[115,871,1642,109]},"num_concepts_raised":38039},{"base_id":160,"kind":"top_words","i1":1,"i2":9,"sol":{"path":["/c/en/noblewoman","/c/en/rank","/c/en/command","/c/en/edict"],"weight":0.2056899999999995,"degrees":[115,1403,1215,156]},"num_concepts_raised":20047},{"base_id":160,"kind":"top_words","i1":2,"i2":3,"sol":{"path":["/c/en/interregnum","/c/en/executive","/c/en/rainmaker","/c/fr/religion","/c/en/psalter"],"weight":0.20933999999999994,"degrees":[58,356,32,6634,106]},"num_concepts_raised":8938},{"base_id":160,"kind":"top_words","i1":2,"i2":4,"sol":{"path":["/c/en/interregnum","/c/en/sovereign","/c/en/court","/c/en/courtier"],"weight":0.2045599999999999,"degrees":[58,419,1616,127]},"num_concepts_raised":6040},{"base_id":160,"kind":"top_words","i1":2,"i2":5,"sol":{"path":["/c/en/interregnum","/c/en/accession","/c/en/group","/c/en/fleet","/c/en/armada"],"weight":0.2048099999999999,"degrees":[58,201,2339,320,65]},"num_concepts_raised":10544},{"base_id":160,"kind":"top_words","i1":2,"i2":6,"sol":{"path":["/c/en/interregnum","/c/en/camerlengo","/c/en/pope","/c/en/legate"],"weight":0.20364999999999983,"degrees":[58,23,607,65]},"num_concepts_raised":6108},{"base_id":160,"kind":"top_words","i1":2,"i2":7,"sol":{"path":["/c/en/interregnum","/c/en/wu","/c/en/country","/c/en/mexico","/c/en/conquistador"],"weight":0.20337999999999984,"degrees":[58,285,2796,1283,44]},"num_concepts_raised":6213},{"base_id":160,"kind":"top_words","i1":2,"i2":8,"sol":{"path":["/c/en/interregnum","/c/en/accession","/c/en/legal","/c/en/interdict"],"weight":0.20403999999999972,"degrees":[58,201,6627,109]},"num_concepts_raised":30902},{"base_id":160,"kind":"top_words","i1":2,"i2":9,"sol":{"path":["/c/en/interregnum","/c/fr/interrègne","/c/fr/empereur","/c/fr/édit","/c/en/edict"],"weight":0.20895999999999965,"degrees":[58,23,256,88,156]},"num_concepts_raised":12641},{"base_id":160,"kind":"top_words","i1":3,"i2":4,"sol":{"path":["/c/en/psalter","/c/fr/religion","/c/fr/seigneur","/c/en/courtier"],"weight":0.2102099999999999,"degrees":[106,6634,366,127]},"num_concepts_raised":11578},{"base_id":160,"kind":"top_words","i1":3,"i2":5,"sol":{"path":["/c/en/psalter","/c/en/psalm","/c/en/chapter","/c/en/military","/c/en/armada"],"weight":0.21145999999999993,"degrees":[106,225,419,5690,65]},"num_concepts_raised":16069},{"base_id":160,"kind":"top_words","i1":3,"i2":6,"sol":{"path":["/c/en/psalter","/c/fr/religion","/c/fr/légat","/c/en/legate"],"weight":0.21137999999999985,"degrees":[106,6634,40,65]},"num_concepts_raised":11577},{"base_id":160,"kind":"top_words","i1":3,"i2":7,"sol":{"path":["/c/en/psalter","/c/en/psalm","/c/en/religion","/c/en/mexico","/c/en/conquistador"],"weight":0.21113999999999988,"degrees":[106,225,3331,1283,44]},"num_concepts_raised":11738},{"base_id":160,"kind":"top_words","i1":3,"i2":8,"sol":{"path":["/c/en/psalter","/c/fr/religion","/c/fr/interdit","/c/en/interdict"],"weight":0.21072999999999972,"degrees":[106,6634,189,109]},"num_concepts_raised":36417},{"base_id":160,"kind":"top_words","i1":3,"i2":9,"sol":{"path":["/c/en/psalter","/c/fr/religion","/c/en/order","/c/en/edict"],"weight":0.21063999999999966,"degrees":[106,6634,2833,156]},"num_concepts_raised":18143},{"base_id":160,"kind":"top_words","i1":4,"i2":5,"sol":{"path":["/c/en/courtier","/c/en/royal","/c/en/military","/c/en/armada"],"weight":0.20461999999999986,"degrees":[127,720,5690,65]},"num_concepts_raised":13162},{"base_id":160,"kind":"top_words","i1":4,"i2":6,"sol":{"path":["/c/en/courtier","/c/fr/noble","/c/fr/histoire","/c/fr/légat","/c/en/legate"],"weight":0.2065399999999998,"degrees":[127,330,4439,40,65]},"num_concepts_raised":8748},{"base_id":160,"kind":"top_words","i1":4,"i2":7,"sol":{"path":["/c/en/courtier","/c/fr/noble","/c/fr/histoire","/c/fr/conquistador","/c/en/conquistador"],"weight":0.20518999999999982,"degrees":[127,330,4439,19,44]},"num_concepts_raised":8863},{"base_id":160,"kind":"top_words","i1":4,"i2":8,"sol":{"path":["/c/en/courtier","/c/en/court","/c/en/law","/c/en/interdict"],"weight":0.2051399999999997,"degrees":[127,1616,3727,109]},"num_concepts_raised":33194},{"base_id":160,"kind":"top_words","i1":4,"i2":9,"sol":{"path":["/c/en/courtier","/c/en/court","/c/en/law","/c/en/edict"],"weight":0.20699999999999963,"degrees":[127,1616,3727,156]},"num_concepts_raised":15110},{"base_id":160,"kind":"top_words","i1":5,"i2":6,"sol":{"path":["/c/en/armada","/c/fr/armada","/c/fr/armée","/c/fr/légat","/c/en/legate"],"weight":0.2068499999999998,"degrees":[65,30,554,40,65]},"num_concepts_raised":13211},{"base_id":160,"kind":"top_words","i1":5,"i2":7,"sol":{"path":["/c/en/armada","/c/en/spanish_armada","/c/en/spanish","/c/en/conquistador"],"weight":0.20442999999999983,"degrees":[65,61,369,44]},"num_concepts_raised":13082},{"base_id":160,"kind":"top_words","i1":5,"i2":8,"sol":{"path":["/c/en/armada","/c/en/military","/c/en/interdict"],"weight":0.202,"degrees":[65,5690,109]},"num_concepts_raised":144},{"base_id":160,"kind":"top_words","i1":5,"i2":9,"sol":{"path":["/c/en/armada","/c/en/military","/c/en/command","/c/en/edict"],"weight":0.20512999999999965,"degrees":[65,5690,1215,156]},"num_concepts_raised":19587},{"base_id":160,"kind":"top_words","i1":6,"i2":7,"sol":{"path":["/c/en/legate","/c/fr/légat","/c/fr/histoire","/c/fr/conquistador","/c/en/conquistador"],"weight":0.20634999999999978,"degrees":[65,40,4439,19,44]},"num_concepts_raised":8921},{"base_id":160,"kind":"top_words","i1":6,"i2":8,"sol":{"path":["/c/en/legate","/c/en/deputy","/c/en/law","/c/en/interdict"],"weight":0.20519999999999966,"degrees":[65,446,3727,109]},"num_concepts_raised":33451},{"base_id":160,"kind":"top_words","i1":6,"i2":9,"sol":{"path":["/c/en/legate","/c/en/deputy","/c/en/law","/c/en/edict"],"weight":0.2070399999999996,"degrees":[65,446,3727,156]},"num_concepts_raised":15246},{"base_id":160,"kind":"top_words","i1":7,"i2":8,"sol":{"path":["/c/en/conquistador","/c/en/soldier","/c/en/military","/c/en/interdict"],"weight":0.20368999999999965,"degrees":[44,1446,5690,109]},"num_concepts_raised":33558},{"base_id":160,"kind":"top_words","i1":7,"i2":9,"sol":{"path":["/c/en/conquistador","/c/en/soldier","/c/ja/せんし","/c/en/edict"],"weight":0.2042999999999996,"degrees":[44,1446,85,156]},"num_concepts_raised":15460},{"base_id":160,"kind":"top_words","i1":8,"i2":9,"sol":{"path":["/c/en/interdict","/c/en/law","/c/en/edict"],"weight":0.203,"degrees":[109,3727,156]},"num_concepts_raised":222}]]