[[{"base_id":37,"kind":"bot_words","i1":0,"i2":1,"sol":{"path":["/c/en/scarf","/c/en/us","/c/en/condition","/c/en/recoverable"],"weight":0.20842999999999984,"degrees":[424,8154,1648,56]},"num_concepts_raised":39470},{"base_id":37,"kind":"bot_words","i1":0,"i2":2,"sol":{"path":["/c/en/scarf","/c/en/us","/c/en/one","/c/en/phenylbutazone"],"weight":0.21313999999999977,"degrees":[424,8154,2499,33]},"num_concepts_raised":44569},{"base_id":37,"kind":"bot_words","i1":0,"i2":3,"sol":{"path":["/c/en/scarf","/c/en/us","/c/en/setback","/c/en/whammy"],"weight":0.21317999999999976,"degrees":[424,8154,109,35]},"num_concepts_raised":41571},{"base_id":37,"kind":"bot_words","i1":0,"i2":4,"sol":{"path":["/c/en/scarf","/c/en/us","/c/en/court","/c/en/courtier"],"weight":0.20947999999999983,"degrees":[424,8154,1616,127]},"num_concepts_raised":41207},{"base_id":37,"kind":"bot_words","i1":0,"i2":5,"sol":{"path":["/c/en/scarf","/c/en/quick","/c/en/race"],"weight":0.20600000000000002,"degrees":[424,894,1372]},"num_concepts_raised":1441},{"base_id":37,"kind":"bot_words","i1":0,"i2":6,"sol":{"path":["/c/en/scarf","/c/en/neck","/c/en/kill","/c/en/stun"],"weight":0.21071999999999952,"degrees":[424,1476,1884,245]},"num_concepts_raised":46335},{"base_id":37,"kind":"bot_words","i1":0,"i2":7,"sol":{"path":["/c/en/scarf","/c/fr/cache_nez","/c/fr/besoin","/c/en/motivation","/c/en/motivational"],"weight":0.2105399999999999,"degrees":[424,26,307,359,31]},"num_concepts_raised":38327},{"base_id":37,"kind":"bot_words","i1":0,"i2":8,"sol":{"path":["/c/en/scarf","/c/en/us","/c/en/smash","/c/en/overwhelming","/c/en/staggering"],"weight":0.2095599999999997,"degrees":[424,8154,595,169,72]},"num_concepts_raised":38789},{"base_id":37,"kind":"bot_words","i1":0,"i2":9,"sol":{"path":["/c/en/scarf","/c/en/us","/c/en/snap","/c/en/briskness"],"weight":0.20810999999999985,"degrees":[424,8154,634,29]},"num_concepts_raised":38583},{"base_id":37,"kind":"bot_words","i1":1,"i2":2,"sol":{"path":["/c/en/recoverable","/c/en/recover","/c/en/kick_habit","/c/en/drug","/c/en/phenylbutazone"],"weight":0.21122999999999986,"degrees":[56,556,14,4920,33]},"num_concepts_raised":10235},{"base_id":37,"kind":"bot_words","i1":1,"i2":3,"sol":{"path":["/c/en/recoverable","/c/en/condition","/c/en/serious","/c/en/whammy"],"weight":0.20809999999999984,"degrees":[56,1648,626,35]},"num_concepts_raised":7194},{"base_id":37,"kind":"bot_words","i1":1,"i2":4,"sol":{"path":["/c/en/recoverable","/c/en/recover","/c/en/legal","/c/en/court","/c/en/courtier"],"weight":0.2055999999999999,"degrees":[56,556,6627,1616,127]},"num_concepts_raised":6864},{"base_id":37,"kind":"bot_words","i1":1,"i2":5,"sol":{"path":["/c/en/recoverable","/c/en/recover","/c/en/reach","/c/en/race"],"weight":0.2299699999999972,"degrees":[56,556,1162,1372]},"num_concepts_raised":135482},{"base_id":37,"kind":"bot_words","i1":1,"i2":6,"sol":{"path":["/c/en/recoverable","/c/en/condition","/c/en/shock","/c/en/stun"],"weight":0.2069799999999996,"degrees":[56,1648,1065,245]},"num_concepts_raised":12279},{"base_id":37,"kind":"bot_words","i1":1,"i2":7,"sol":{"path":["/c/en/recoverable","/c/en/condition","/c/en/motivation","/c/en/motivational"],"weight":0.20436999999999994,"degrees":[56,1648,359,31]},"num_concepts_raised":3777},{"base_id":37,"kind":"bot_words","i1":1,"i2":8,"sol":{"path":["/c/en/recoverable","/c/en/recover","/c/fr/médecine","/c/fr/stupéfiant","/c/en/staggering"],"weight":0.20459999999999973,"degrees":[56,556,9990,110,72]},"num_concepts_raised":4293},{"base_id":37,"kind":"bot_words","i1":1,"i2":9,"sol":{"path":["/c/en/recoverable","/c/en/condition","/c/pt/vida","/c/en/alacrity","/c/en/briskness"],"weight":0.20410999999999993,"degrees":[56,1648,72,109,29]},"num_concepts_raised":4141},{"base_id":37,"kind":"bot_words","i1":2,"i2":3,"sol":{"path":["/c/en/phenylbutazone","/c/en/one","/c/en/album","/c/en/whammy"],"weight":0.21283999999999978,"degrees":[33,2499,778,35]},"num_concepts_raised":12449},{"base_id":37,"kind":"bot_words","i1":2,"i2":4,"sol":{"path":["/c/en/phenylbutazone","/c/en/drug","/c/en/action","/c/en/court","/c/en/courtier"],"weight":0.21118999999999982,"degrees":[33,4920,2156,1616,127]},"num_concepts_raised":12118},{"base_id":37,"kind":"bot_words","i1":2,"i2":5,"sol":{"path":["/c/en/phenylbutazone","/c/en/one","/c/en/run","/c/en/race"],"weight":0.2416799999999971,"degrees":[33,2499,2730,1372]},"num_concepts_raised":140548},{"base_id":37,"kind":"bot_words","i1":2,"i2":6,"sol":{"path":["/c/en/phenylbutazone","/c/en/drug","/c/fi/huumata","/c/en/stun"],"weight":0.2123199999999995,"degrees":[33,4920,31,245]},"num_concepts_raised":17534},{"base_id":37,"kind":"bot_words","i1":2,"i2":7,"sol":{"path":["/c/en/phenylbutazone","/c/en/drug","/c/en/emotion","/c/en/motive","/c/en/motivational"],"weight":0.21001999999999987,"degrees":[33,4920,905,331,31]},"num_concepts_raised":9042},{"base_id":37,"kind":"bot_words","i1":2,"i2":8,"sol":{"path":["/c/en/phenylbutazone","/c/en/drug","/c/fr/stupéfiant","/c/en/staggering"],"weight":0.21025999999999967,"degrees":[33,4920,110,72]},"num_concepts_raised":9542},{"base_id":37,"kind":"bot_words","i1":2,"i2":9,"sol":{"path":["/c/en/phenylbutazone","/c/en/drug","/c/en/crack","/c/en/snap","/c/en/briskness"],"weight":0.20981999999999987,"degrees":[33,4920,1064,634,29]},"num_concepts_raised":9404},{"base_id":37,"kind":"bot_words","i1":3,"i2":4,"sol":{"path":["/c/en/whammy","/c/en/hex","/c/en/game","/c/en/court","/c/en/courtier"],"weight":0.20927999999999983,"degrees":[35,203,2308,1616,127]},"num_concepts_raised":9090},{"base_id":37,"kind":"bot_words","i1":3,"i2":5,"sol":{"path":["/c/en/whammy","/c/en/reverse","/c/en/run","/c/en/race"],"weight":0.24157999999999707,"degrees":[35,677,2730,1372]},"num_concepts_raised":137568},{"base_id":37,"kind":"bot_words","i1":3,"i2":6,"sol":{"path":["/c/en/whammy","/c/en/evil","/c/en/kill","/c/en/stun"],"weight":0.21032999999999952,"degrees":[35,1456,1884,245]},"num_concepts_raised":14454},{"base_id":37,"kind":"bot_words","i1":3,"i2":7,"sol":{"path":["/c/en/whammy","/c/en/reverse","/c/en/drive","/c/en/motivation","/c/en/motivational"],"weight":0.20911999999999986,"degrees":[35,677,2162,359,31]},"num_concepts_raised":6005},{"base_id":37,"kind":"bot_words","i1":3,"i2":8,"sol":{"path":["/c/en/whammy","/c/en/devastating","/c/de/niederschmetternd","/c/en/staggering"],"weight":0.2081699999999997,"degrees":[35,78,34,72]},"num_concepts_raised":6506},{"base_id":37,"kind":"bot_words","i1":3,"i2":9,"sol":{"path":["/c/en/whammy","/c/en/album","/c/en/alive","/c/en/brisk","/c/en/briskness"],"weight":0.20879999999999985,"degrees":[35,778,600,208,29]},"num_concepts_raised":6349},{"base_id":37,"kind":"bot_words","i1":4,"i2":5,"sol":{"path":["/c/en/courtier","/c/en/royal","/c/en/people","/c/en/race"],"weight":0.23470999999999714,"degrees":[127,720,4475,1372]},"num_concepts_raised":137186},{"base_id":37,"kind":"bot_words","i1":4,"i2":6,"sol":{"path":["/c/en/courtier","/c/en/court","/c/en/kill","/c/en/stun"],"weight":0.20665999999999957,"degrees":[127,1616,1884,245]},"num_concepts_raised":14161},{"base_id":37,"kind":"bot_words","i1":4,"i2":7,"sol":{"path":["/c/en/courtier","/c/en/court","/c/en/act","/c/en/motivation","/c/en/motivational"],"weight":0.20542999999999995,"degrees":[127,1616,2503,359,31]},"num_concepts_raised":5674},{"base_id":37,"kind":"bot_words","i1":4,"i2":8,"sol":{"path":["/c/en/courtier","/c/fr/courtisan","/c/fr/quelqu’_un","/c/fr/étonnant","/c/en/staggering"],"weight":0.20559999999999973,"degrees":[127,61,1126,75,72]},"num_concepts_raised":6188},{"base_id":37,"kind":"bot_words","i1":4,"i2":9,"sol":{"path":["/c/en/courtier","/c/en/court","/c/en/move","/c/en/slow","/c/en/briskness"],"weight":0.20414999999999991,"degrees":[127,1616,2810,936,29]},"num_concepts_raised":6037},{"base_id":37,"kind":"bot_words","i1":5,"i2":6,"sol":{"path":["/c/en/race","/c/en/pool","/c/en/stun"],"weight":0.20600000000000002,"degrees":[1372,892,245]},"num_concepts_raised":1321},{"base_id":37,"kind":"bot_words","i1":5,"i2":7,"sol":{"path":["/c/en/race","/c/en/run","/c/en/motivation","/c/en/motivational"],"weight":0.2378299999999972,"degrees":[1372,2730,359,31]},"num_concepts_raised":134539},{"base_id":37,"kind":"bot_words","i1":5,"i2":8,"sol":{"path":["/c/en/race","/c/en/movement","/c/en/stagger","/c/en/staggering"],"weight":0.23126999999999703,"degrees":[1372,1567,348,72]},"num_concepts_raised":135069},{"base_id":37,"kind":"bot_words","i1":5,"i2":9,"sol":{"path":["/c/en/race","/c/en/run","/c/en/slow","/c/en/briskness"],"weight":0.2367599999999972,"degrees":[1372,2730,936,29]},"num_concepts_raised":134778},{"base_id":37,"kind":"bot_words","i1":6,"i2":7,"sol":{"path":["/c/en/stun","/c/en/shock","/c/en/condition","/c/en/motivation","/c/en/motivational"],"weight":0.20792999999999962,"degrees":[245,1065,1648,359,31]},"num_concepts_raised":11101},{"base_id":37,"kind":"bot_words","i1":6,"i2":8,"sol":{"path":["/c/en/stun","/c/fr/stupéfier","/c/en/stagger","/c/en/staggering"],"weight":0.20795999999999942,"degrees":[245,185,348,72]},"num_concepts_raised":11454},{"base_id":37,"kind":"bot_words","i1":6,"i2":9,"sol":{"path":["/c/en/stun","/c/fr/étourdir","/c/fr/physique","/c/bg/пъргавина","/c/en/briskness"],"weight":0.2075699999999996,"degrees":[245,146,6029,23,29]},"num_concepts_raised":11444},{"base_id":37,"kind":"bot_words","i1":7,"i2":8,"sol":{"path":["/c/en/motivational","/c/en/motivation","/c/en/purpose","/c/en/stagger","/c/en/staggering"],"weight":0.2044999999999998,"degrees":[31,359,939,348,72]},"num_concepts_raised":3080},{"base_id":37,"kind":"bot_words","i1":7,"i2":9,"sol":{"path":["/c/en/motivational","/c/en/motivation","/c/en/apathy","/c/en/alacrity","/c/en/briskness"],"weight":0.20505999999999996,"degrees":[31,359,291,109,29]},"num_concepts_raised":2929},{"base_id":37,"kind":"bot_words","i1":8,"i2":9,"sol":{"path":["/c/en/staggering","/c/en/amazing","/c/en/music","/c/en/slow","/c/en/briskness"],"weight":0.20326999999999976,"degrees":[72,253,8822,936,29]},"num_concepts_raised":3446}],[{"base_id":37,"kind":"top_words","i1":0,"i2":1,"sol":{"path":["/c/en/movement","/c/en/effeminist","/c/en/homosexual","/c/en/homophile"],"weight":0.22648999999999544,"degrees":[1567,11,788,35]},"num_concepts_raised":177217},{"base_id":37,"kind":"top_words","i1":0,"i2":2,"sol":{"path":["/c/en/movement","/c/en/action","/c/en/slang","/c/en/birther"],"weight":0.2284599999999954,"degrees":[1567,2156,16318,24]},"num_concepts_raised":195919},{"base_id":37,"kind":"top_words","i1":0,"i2":3,"sol":{"path":["/c/en/movement","/c/pt/movimento","/c/en/people","/c/en/hard_working","/c/en/stakhanovite"],"weight":0.22868999999999545,"degrees":[1567,63,4475,98,24]},"num_concepts_raised":169006},{"base_id":37,"kind":"top_words","i1":0,"i2":4,"sol":{"path":["/c/en/movement","/c/en/chartist"],"weight":0.20400000000000001,"degrees":[1567,24]},"num_concepts_raised":1427},{"base_id":37,"kind":"top_words","i1":0,"i2":5,"sol":{"path":["/c/en/movement","/c/en/wave","/c/en/hair","/c/en/millerite"],"weight":0.23194999999999535,"degrees":[1567,1749,2126,48]},"num_concepts_raised":181494},{"base_id":37,"kind":"top_words","i1":0,"i2":6,"sol":{"path":["/c/en/movement","/c/en/movements"],"weight":0.20400000000000001,"degrees":[1567,39]},"num_concepts_raised":1440},{"base_id":37,"kind":"top_words","i1":0,"i2":7,"sol":{"path":["/c/en/movement","/c/en/action","/c/en/slang","/c/en/refusenik"],"weight":0.23352999999999535,"degrees":[1567,2156,16318,34]},"num_concepts_raised":193339},{"base_id":37,"kind":"top_words","i1":0,"i2":8,"sol":{"path":["/c/en/movement","/c/en/césairean","/c/en/negritude"],"weight":0.20400000000000001,"degrees":[1567,9,29]},"num_concepts_raised":1427},{"base_id":37,"kind":"top_words","i1":0,"i2":9,"sol":{"path":["/c/en/movement","/c/en/chartism"],"weight":0.20600000000000002,"degrees":[1567,65]},"num_concepts_raised":1457},{"base_id":37,"kind":"top_words","i1":1,"i2":2,"sol":{"path":["/c/en/homophile","/c/en/gay","/c/en/slang","/c/en/birther"],"weight":0.20414999999999994,"degrees":[35,664,16318,24]},"num_concepts_raised":40586},{"base_id":37,"kind":"top_words","i1":1,"i2":3,"sol":{"path":["/c/en/homophile","/c/en/historical","/c/en/udarnik","/c/en/stakhanovite"],"weight":0.20275999999999994,"degrees":[35,8415,18,24]},"num_concepts_raised":10204},{"base_id":37,"kind":"top_words","i1":1,"i2":4,"sol":{"path":["/c/en/homophile","/c/en/historical","/c/en/chartism","/c/en/chartist"],"weight":0.2038399999999999,"degrees":[35,8415,65,24]},"num_concepts_raised":14085},{"base_id":37,"kind":"top_words","i1":1,"i2":5,"sol":{"path":["/c/en/homophile","/c/en/historical","/c/en/tuft","/c/en/millerite"],"weight":0.20802999999999985,"degrees":[35,8415,351,48]},"num_concepts_raised":23679},{"base_id":37,"kind":"top_words","i1":1,"i2":6,"sol":{"path":["/c/en/homophile","/c/en/historical","/c/en/walk","/c/en/movements"],"weight":0.20291999999999982,"degrees":[35,8415,2020,39]},"num_concepts_raised":16209},{"base_id":37,"kind":"top_words","i1":1,"i2":7,"sol":{"path":["/c/en/homophile","/c/en/historical","/c/en/refusenik"],"weight":0.20400000000000001,"degrees":[35,8415,34]},"num_concepts_raised":50},{"base_id":37,"kind":"top_words","i1":1,"i2":8,"sol":{"path":["/c/en/homophile","/c/en/gay","/c/en/attitude","/c/en/itude","/c/en/negritude"],"weight":0.20414999999999994,"degrees":[35,664,525,72,29]},"num_concepts_raised":10388},{"base_id":37,"kind":"top_words","i1":1,"i2":9,"sol":{"path":["/c/en/homophile","/c/en/historical","/c/en/chartism"],"weight":0.20400000000000001,"degrees":[35,8415,65]},"num_concepts_raised":75},{"base_id":37,"kind":"top_words","i1":2,"i2":3,"sol":{"path":["/c/en/birther","/c/fr/politique","/c/fr/travail","/c/fr/stakhanoviste","/c/en/stakhanovite"],"weight":0.20368999999999993,"degrees":[24,3449,1587,33,24]},"num_concepts_raised":31941},{"base_id":37,"kind":"top_words","i1":2,"i2":4,"sol":{"path":["/c/en/birther","/c/en/pejorative","/c/en/fundamentalist","/c/en/chartist"],"weight":0.2026199999999999,"degrees":[24,3581,138,24]},"num_concepts_raised":35690},{"base_id":37,"kind":"top_words","i1":2,"i2":5,"sol":{"path":["/c/en/birther","/c/en/woman","/c/en/hair","/c/en/millerite"],"weight":0.20794999999999986,"degrees":[24,3510,2126,48]},"num_concepts_raised":45285},{"base_id":37,"kind":"top_words","i1":2,"i2":6,"sol":{"path":["/c/en/birther","/c/en/slang","/c/en/walk","/c/en/movements"],"weight":0.20277999999999982,"degrees":[24,16318,2020,39]},"num_concepts_raised":37739},{"base_id":37,"kind":"top_words","i1":2,"i2":7,"sol":{"path":["/c/en/birther","/c/en/slang","/c/en/refusenik"],"weight":0.20400000000000001,"degrees":[24,16318,34]},"num_concepts_raised":48},{"base_id":37,"kind":"top_words","i1":2,"i2":8,"sol":{"path":["/c/en/birther","/c/fr/politique","/c/fr/identité","/c/fr/négritude","/c/en/negritude"],"weight":0.20579999999999993,"degrees":[24,3449,186,24,29]},"num_concepts_raised":32090},{"base_id":37,"kind":"top_words","i1":2,"i2":9,"sol":{"path":["/c/en/birther","/c/fr/politique","/c/en/political","/c/en/chartism"],"weight":0.2083299999999999,"degrees":[24,3449,1034,65]},"num_concepts_raised":45159},{"base_id":37,"kind":"top_words","i1":3,"i2":4,"sol":{"path":["/c/en/stakhanovite","/c/en/udarnik","/c/en/historical","/c/en/chartism","/c/en/chartist"],"weight":0.20365999999999992,"degrees":[24,18,8415,65,24]},"num_concepts_raised":4684},{"base_id":37,"kind":"top_words","i1":3,"i2":5,"sol":{"path":["/c/en/stakhanovite","/c/en/udarnik","/c/en/historical","/c/en/tuft","/c/en/millerite"],"weight":0.20784999999999987,"degrees":[24,18,8415,351,48]},"num_concepts_raised":14304},{"base_id":37,"kind":"top_words","i1":3,"i2":6,"sol":{"path":["/c/en/stakhanovite","/c/en/workaholic","/c/en/compel","/c/en/walk","/c/en/movements"],"weight":0.20278999999999983,"degrees":[24,95,314,2020,39]},"num_concepts_raised":6820},{"base_id":37,"kind":"top_words","i1":3,"i2":7,"sol":{"path":["/c/en/stakhanovite","/c/en/ussr","/c/en/soviet_union","/c/en/refusenik"],"weight":0.2097899999999999,"degrees":[24,124,354,34]},"num_concepts_raised":28814},{"base_id":37,"kind":"top_words","i1":3,"i2":8,"sol":{"path":["/c/en/stakhanovite","/c/fr/stakhanoviste","/c/fr/modèle","/c/fr/écrivain","/c/fr/négritude","/c/en/negritude"],"weight":0.2133971999999999,"degrees":[24,33,388,328,24,29]},"num_concepts_raised":186535},{"base_id":37,"kind":"top_words","i1":3,"i2":9,"sol":{"path":["/c/en/stakhanovite","/c/en/udarnik","/c/en/historical","/c/en/chartism"],"weight":0.2082599999999999,"degrees":[24,18,8415,65]},"num_concepts_raised":14861},{"base_id":37,"kind":"top_words","i1":4,"i2":5,"sol":{"path":["/c/en/chartist","/c/en/finance","/c/en/flotation","/c/en/mineral","/c/en/millerite"],"weight":0.21003999999999984,"degrees":[24,2051,67,8530,48]},"num_concepts_raised":18206},{"base_id":37,"kind":"top_words","i1":4,"i2":6,"sol":{"path":["/c/en/chartist","/c/en/movement","/c/en/movements"],"weight":0.202,"degrees":[24,1567,39]},"num_concepts_raised":60},{"base_id":37,"kind":"top_words","i1":4,"i2":7,"sol":{"path":["/c/en/chartist","/c/en/chartism","/c/en/historical","/c/en/refusenik"],"weight":0.2088199999999999,"degrees":[24,65,8415,34]},"num_concepts_raised":32605},{"base_id":37,"kind":"top_words","i1":4,"i2":8,"sol":{"path":["/c/en/chartist","/c/en/movement","/c/en/césairean","/c/en/negritude"],"weight":0.2027299999999999,"degrees":[24,1567,9,29]},"num_concepts_raised":4848},{"base_id":37,"kind":"top_words","i1":4,"i2":9,"sol":{"path":["/c/en/chartist","/c/en/chartism"],"weight":0.20600000000000002,"degrees":[24,65]},"num_concepts_raised":69},{"base_id":37,"kind":"top_words","i1":5,"i2":6,"sol":{"path":["/c/en/millerite","/c/en/hair","/c/en/wave","/c/en/movements"],"weight":0.20803999999999973,"degrees":[48,2126,1749,39]},"num_concepts_raised":20315},{"base_id":37,"kind":"top_words","i1":5,"i2":7,"sol":{"path":["/c/en/millerite","/c/en/tuft","/c/en/historical","/c/en/refusenik"],"weight":0.2130099999999998,"degrees":[48,351,8415,34]},"num_concepts_raised":42166},{"base_id":37,"kind":"top_words","i1":5,"i2":8,"sol":{"path":["/c/en/millerite","/c/en/hair","/c/fr/noir","/c/fr/négritude","/c/en/negritude"],"weight":0.21109999999999984,"degrees":[48,2126,1043,24,29]},"num_concepts_raised":14473},{"base_id":37,"kind":"top_words","i1":5,"i2":9,"sol":{"path":["/c/en/millerite","/c/en/tuft","/c/en/historical","/c/en/chartism"],"weight":0.21352999999999983,"degrees":[48,351,8415,65]},"num_concepts_raised":28271},{"base_id":37,"kind":"top_words","i1":6,"i2":7,"sol":{"path":["/c/en/movements","/c/en/walk","/c/en/historical","/c/en/refusenik"],"weight":0.20790999999999982,"degrees":[39,2020,8415,34]},"num_concepts_raised":34671},{"base_id":37,"kind":"top_words","i1":6,"i2":8,"sol":{"path":["/c/en/movements","/c/en/movement","/c/en/césairean","/c/en/negritude"],"weight":0.20288999999999985,"degrees":[39,1567,9,29]},"num_concepts_raised":6980},{"base_id":37,"kind":"top_words","i1":6,"i2":9,"sol":{"path":["/c/en/movements","/c/en/movement","/c/en/chartism"],"weight":0.20400000000000001,"degrees":[39,1567,65]},"num_concepts_raised":90},{"base_id":37,"kind":"top_words","i1":7,"i2":8,"sol":{"path":["/c/en/refusenik","/c/fr/histoire","/c/fr/nègre","/c/en/negritude"],"weight":0.2078599999999999,"degrees":[34,4439,117,29]},"num_concepts_raised":29014},{"base_id":37,"kind":"top_words","i1":7,"i2":9,"sol":{"path":["/c/en/refusenik","/c/en/historical","/c/en/chartism"],"weight":0.20600000000000002,"degrees":[34,8415,65]},"num_concepts_raised":78},{"base_id":37,"kind":"top_words","i1":8,"i2":9,"sol":{"path":["/c/en/negritude","/c/en/césairean","/c/en/movement","/c/en/chartism"],"weight":0.2084099999999999,"degrees":[29,9,1567,65]},"num_concepts_raised":15031}]]