[[{"base_id":30,"kind":"bot_words","i1":0,"i2":1,"sol":{"path":["/c/en/aggravate","/c/en/grave","/c/en/bone","/c/en/costa"],"weight":0.2054099999999997,"degrees":[148,1050,2320,40]},"num_concepts_raised":28415},{"base_id":30,"kind":"bot_words","i1":0,"i2":2,"sol":{"path":["/c/en/aggravate","/c/en/poke_bear","/c/en/us","/c/en/spicebush"],"weight":0.20409999999999964,"degrees":[148,3,8154,32]},"num_concepts_raised":17089},{"base_id":30,"kind":"bot_words","i1":0,"i2":3,"sol":{"path":["/c/en/aggravate","/c/pt/agravar","/c/en/increase","/c/en/astronomy","/c/en/tethys"],"weight":0.21117999999999948,"degrees":[148,71,1641,4553,101]},"num_concepts_raised":24480},{"base_id":30,"kind":"bot_words","i1":0,"i2":4,"sol":{"path":["/c/en/aggravate","/c/en/worsen","/c/en/change","/c/en/occult","/c/en/occultism"],"weight":0.20632999999999962,"degrees":[148,279,3383,241,68]},"num_concepts_raised":11569},{"base_id":30,"kind":"bot_words","i1":0,"i2":5,"sol":{"path":["/c/en/aggravate","/c/la/onero","/c/en/cover","/c/en/thatch","/c/en/thatching"],"weight":0.20519999999999966,"degrees":[148,150,2802,236,26]},"num_concepts_raised":9808},{"base_id":30,"kind":"bot_words","i1":0,"i2":6,"sol":{"path":["/c/en/aggravate","/c/en/aggravation","/c/en/person","/c/en/hamburger","/c/en/hamburg"],"weight":0.2143299999999996,"degrees":[148,153,12935,386,167]},"num_concepts_raised":18105},{"base_id":30,"kind":"bot_words","i1":0,"i2":7,"sol":{"path":["/c/en/aggravate","/c/fr/énerver","/c/fr/religion","/c/tr/hoca","/c/en/hodja"],"weight":0.20651999999999968,"degrees":[148,244,6634,23,54]},"num_concepts_raised":6981},{"base_id":30,"kind":"bot_words","i1":0,"i2":8,"sol":{"path":["/c/en/aggravate","/c/en/aggravation","/c/en/person","/c/en/hiv","/c/en/emtricitabine"],"weight":0.21011999999999964,"degrees":[148,153,12935,221,25]},"num_concepts_raised":11990},{"base_id":30,"kind":"bot_words","i1":0,"i2":9,"sol":{"path":["/c/en/aggravate","/c/en/aggravation","/c/en/mall","/c/en/city","/c/en/geelong"],"weight":0.21247999999999956,"degrees":[148,153,288,3758,49]},"num_concepts_raised":12136},{"base_id":30,"kind":"bot_words","i1":1,"i2":2,"sol":{"path":["/c/en/costa","/c/en/bone","/c/en/us","/c/en/spicebush"],"weight":0.20404999999999987,"degrees":[40,2320,8154,32]},"num_concepts_raised":32963},{"base_id":30,"kind":"bot_words","i1":1,"i2":3,"sol":{"path":["/c/en/costa","/c/en/bone","/c/en/atlas","/c/en/astronomy","/c/en/tethys"],"weight":0.21001999999999968,"degrees":[40,2320,621,4553,101]},"num_concepts_raised":40235},{"base_id":30,"kind":"bot_words","i1":1,"i2":4,"sol":{"path":["/c/en/costa","/c/en/biology","/c/en/latent","/c/en/occult","/c/en/occultism"],"weight":0.20474999999999988,"degrees":[40,6216,153,241,68]},"num_concepts_raised":27513},{"base_id":30,"kind":"bot_words","i1":1,"i2":5,"sol":{"path":["/c/en/costa","/c/en/biology","/c/en/bundle","/c/en/thatching"],"weight":0.20279999999999987,"degrees":[40,6216,676,26]},"num_concepts_raised":25748},{"base_id":30,"kind":"bot_words","i1":1,"i2":6,"sol":{"path":["/c/en/costa","/c/en/c","/c/en/city","/c/en/hamburg"],"weight":0.21101999999999982,"degrees":[40,511,3758,167]},"num_concepts_raised":34040},{"base_id":30,"kind":"bot_words","i1":1,"i2":7,"sol":{"path":["/c/en/costa","/c/en/biology","/c/ru/хозяин","/c/tr/hoca","/c/en/hodja"],"weight":0.2053599999999999,"degrees":[40,6216,84,23,54]},"num_concepts_raised":23008},{"base_id":30,"kind":"bot_words","i1":1,"i2":8,"sol":{"path":["/c/en/costa","/c/en/biology","/c/en/inhibitor","/c/en/emtricitabine"],"weight":0.20784999999999987,"degrees":[40,6216,504,25]},"num_concepts_raised":27975},{"base_id":30,"kind":"bot_words","i1":1,"i2":9,"sol":{"path":["/c/en/costa","/c/en/c","/c/en/city","/c/en/geelong"],"weight":0.21129999999999977,"degrees":[40,511,3758,49]},"num_concepts_raised":28110},{"base_id":30,"kind":"bot_words","i1":2,"i2":3,"sol":{"path":["/c/en/spicebush","/c/en/us","/c/en/moon","/c/en/tethys"],"weight":0.20865999999999962,"degrees":[32,8154,1604,101]},"num_concepts_raised":29098},{"base_id":30,"kind":"bot_words","i1":2,"i2":4,"sol":{"path":["/c/en/spicebush","/c/en/us","/c/en/hide","/c/en/occult","/c/en/occultism"],"weight":0.20457999999999982,"degrees":[32,8154,1620,241,68]},"num_concepts_raised":16216},{"base_id":30,"kind":"bot_words","i1":2,"i2":5,"sol":{"path":["/c/en/spicebush","/c/en/shrub","/c/en/wattle","/c/en/thatch","/c/en/thatching"],"weight":0.20382999999999984,"degrees":[32,1130,157,236,26]},"num_concepts_raised":14440},{"base_id":30,"kind":"bot_words","i1":2,"i2":6,"sol":{"path":["/c/en/spicebush","/c/en/us","/c/en/grape","/c/en/hamburg"],"weight":0.20979999999999976,"degrees":[32,8154,1090,167]},"num_concepts_raised":22538},{"base_id":30,"kind":"bot_words","i1":2,"i2":7,"sol":{"path":["/c/en/spicebush","/c/en/us","/c/en/professor","/c/tr/hoca","/c/en/hodja"],"weight":0.20520999999999986,"degrees":[32,8154,469,23,54]},"num_concepts_raised":11667},{"base_id":30,"kind":"bot_words","i1":2,"i2":8,"sol":{"path":["/c/en/spicebush","/c/en/shrub","/c/en/sugar","/c/en/nucleoside","/c/en/emtricitabine"],"weight":0.20774999999999982,"degrees":[32,1130,1902,182,25]},"num_concepts_raised":16653},{"base_id":30,"kind":"bot_words","i1":2,"i2":9,"sol":{"path":["/c/en/spicebush","/c/en/shrub","/c/en/tea","/c/en/city","/c/en/geelong"],"weight":0.21011999999999975,"degrees":[32,1130,922,3758,49]},"num_concepts_raised":16509},{"base_id":30,"kind":"bot_words","i1":3,"i2":4,"sol":{"path":["/c/en/tethys","/c/en/astronomy","/c/en/occult","/c/en/occultism"],"weight":0.21049999999999963,"degrees":[101,4553,241,68]},"num_concepts_raised":23598},{"base_id":30,"kind":"bot_words","i1":3,"i2":5,"sol":{"path":["/c/en/tethys","/c/en/astronomy","/c/en/roof","/c/en/thatching"],"weight":0.20867999999999964,"degrees":[101,4553,1131,26]},"num_concepts_raised":21852},{"base_id":30,"kind":"bot_words","i1":3,"i2":6,"sol":{"path":["/c/en/tethys","/c/en/moon","/c/en/cheese","/c/en/hamburger","/c/en/hamburg"],"weight":0.2178099999999996,"degrees":[101,1604,1320,386,167]},"num_concepts_raised":30119},{"base_id":30,"kind":"bot_words","i1":3,"i2":7,"sol":{"path":["/c/en/tethys","/c/en/greek_mythology","/c/en/mentor","/c/tr/hoca","/c/en/hodja"],"weight":0.21101999999999965,"degrees":[101,1305,181,23,54]},"num_concepts_raised":19049},{"base_id":30,"kind":"bot_words","i1":3,"i2":8,"sol":{"path":["/c/en/tethys","/c/en/astronomy","/c/en/proteus","/c/en/infection","/c/en/emtricitabine"],"weight":0.21366999999999964,"degrees":[101,4553,185,850,25]},"num_concepts_raised":24065},{"base_id":30,"kind":"bot_words","i1":3,"i2":9,"sol":{"path":["/c/en/tethys","/c/en/astronomy","/c/en/victoria","/c/en/geelong"],"weight":0.21393999999999955,"degrees":[101,4553,497,49]},"num_concepts_raised":24132},{"base_id":30,"kind":"bot_words","i1":4,"i2":5,"sol":{"path":["/c/en/occultism","/c/en/occult","/c/en/cover","/c/en/thatch","/c/en/thatching"],"weight":0.20565999999999984,"degrees":[68,241,2802,236,26]},"num_concepts_raised":8946},{"base_id":30,"kind":"bot_words","i1":4,"i2":6,"sol":{"path":["/c/en/occultism","/c/en/hope","/c/en/city","/c/en/hamburg"],"weight":0.21029999999999976,"degrees":[68,1268,3758,167]},"num_concepts_raised":17211},{"base_id":30,"kind":"bot_words","i1":4,"i2":7,"sol":{"path":["/c/en/occultism","/c/en/supernatural","/c/en/religion","/c/tr/hoca","/c/en/hodja"],"weight":0.20578999999999986,"degrees":[68,451,3331,23,54]},"num_concepts_raised":6130},{"base_id":30,"kind":"bot_words","i1":4,"i2":8,"sol":{"path":["/c/en/occultism","/c/en/occult","/c/en/medicine","/c/en/infection","/c/en/emtricitabine"],"weight":0.2095599999999998,"degrees":[68,241,11938,850,25]},"num_concepts_raised":11139},{"base_id":30,"kind":"bot_words","i1":4,"i2":9,"sol":{"path":["/c/en/occultism","/c/en/hope","/c/en/city","/c/en/geelong"],"weight":0.21056999999999976,"degrees":[68,1268,3758,49]},"num_concepts_raised":11264},{"base_id":30,"kind":"bot_words","i1":5,"i2":6,"sol":{"path":["/c/en/thatching","/c/en/bundle","/c/en/education","/c/en/hamburg"],"weight":0.2096099999999998,"degrees":[26,676,1899,167]},"num_concepts_raised":15461},{"base_id":30,"kind":"bot_words","i1":5,"i2":7,"sol":{"path":["/c/en/thatching","/c/en/intelligent_agent_activity","/c/en/teaching","/c/fi/opettaja","/c/en/hodja"],"weight":0.20294999999999988,"degrees":[26,953,517,79,54]},"num_concepts_raised":4358},{"base_id":30,"kind":"bot_words","i1":5,"i2":8,"sol":{"path":["/c/en/thatching","/c/en/roof","/c/en/dry","/c/en/drug","/c/en/emtricitabine"],"weight":0.20770999999999984,"degrees":[26,1131,1434,4920,25]},"num_concepts_raised":9373},{"base_id":30,"kind":"bot_words","i1":5,"i2":9,"sol":{"path":["/c/en/thatching","/c/en/roof","/c/en/town","/c/en/city","/c/en/geelong"],"weight":0.21011999999999975,"degrees":[26,1131,2220,3758,49]},"num_concepts_raised":9496},{"base_id":30,"kind":"bot_words","i1":6,"i2":7,"sol":{"path":["/c/en/hamburg","/c/en/germany","/c/en/historical","/c/fa/خواجه","/c/en/hodja"],"weight":0.21129999999999982,"degrees":[167,1036,8415,34,54]},"num_concepts_raised":12685},{"base_id":30,"kind":"bot_words","i1":6,"i2":8,"sol":{"path":["/c/en/hamburg","/c/en/hamburger","/c/en/person","/c/en/hiv","/c/en/emtricitabine"],"weight":0.21684999999999977,"degrees":[167,386,12935,221,25]},"num_concepts_raised":17699},{"base_id":30,"kind":"bot_words","i1":6,"i2":9,"sol":{"path":["/c/en/hamburg","/c/en/city","/c/en/geelong"],"weight":0.20700000000000002,"degrees":[167,3758,49]},"num_concepts_raised":176},{"base_id":30,"kind":"bot_words","i1":7,"i2":8,"sol":{"path":["/c/en/hodja","/c/ba/хужа","/c/en/host","/c/en/infection","/c/en/emtricitabine"],"weight":0.20802999999999988,"degrees":[54,10,917,850,25]},"num_concepts_raised":6536},{"base_id":30,"kind":"bot_words","i1":7,"i2":9,"sol":{"path":["/c/en/hodja","/c/en/muslim","/c/en/baghdad","/c/en/city","/c/en/geelong"],"weight":0.2103899999999998,"degrees":[54,683,238,3758,49]},"num_concepts_raised":6695},{"base_id":30,"kind":"bot_words","i1":8,"i2":9,"sol":{"path":["/c/en/emtricitabine","/c/en/infection","/c/en/areas","/c/en/city","/c/en/geelong"],"weight":0.21499999999999975,"degrees":[25,850,37,3758,49]},"num_concepts_raised":11708}],[{"base_id":30,"kind":"top_words","i1":0,"i2":1,"sol":{"path":["/c/en/van","/c/en/british","/c/en/winkle_out","/c/en/winkle"],"weight":0.20915999999999957,"degrees":[440,3452,10,33]},"num_concepts_raised":161910},{"base_id":30,"kind":"top_words","i1":0,"i2":2,"sol":{"path":["/c/en/van","/c/en/car","/c/en/bar","/c/en/there","/c/en/der"],"weight":0.21573999999999952,"degrees":[440,2328,1972,818,30]},"num_concepts_raised":159398},{"base_id":30,"kind":"top_words","i1":0,"i2":3,"sol":{"path":["/c/en/van","/c/en/truck","/c/en/slang","/c/en/het"],"weight":0.21194999999999953,"degrees":[440,648,16318,45]},"num_concepts_raised":178635},{"base_id":30,"kind":"top_words","i1":0,"i2":4,"sol":{"path":["/c/en/van","/c/en/people","/c/en/art","/c/en/wert"],"weight":0.21075999999999975,"degrees":[440,4475,1987,24]},"num_concepts_raised":163787},{"base_id":30,"kind":"top_words","i1":0,"i2":5,"sol":{"path":["/c/en/van","/c/en/given_name","/c/en/den"],"weight":0.20400000000000001,"degrees":[440,1247,449]},"num_concepts_raised":718},{"base_id":30,"kind":"top_words","i1":0,"i2":6,"sol":{"path":["/c/en/van","/c/en/people","/c/en/skin","/c/en/pelt"],"weight":0.21522999999999898,"degrees":[440,4475,2372,268]},"num_concepts_raised":190231},{"base_id":30,"kind":"top_words","i1":0,"i2":7,"sol":{"path":["/c/en/van","/c/en/truck","/c/en/slang","/c/en/dutch"],"weight":0.21459999999999896,"degrees":[440,648,16318,317]},"num_concepts_raised":220077},{"base_id":30,"kind":"top_words","i1":0,"i2":8,"sol":{"path":["/c/en/van","/c/en/car","/c/en/city","/c/en/haarlem"],"weight":0.21643999999999947,"degrees":[440,2328,3758,85]},"num_concepts_raised":160921},{"base_id":30,"kind":"top_words","i1":0,"i2":9,"sol":{"path":["/c/en/van","/c/en/truck","/c/pt/borla","/c/en/tassel"],"weight":0.21381999999999934,"degrees":[440,648,19,212]},"num_concepts_raised":184841},{"base_id":30,"kind":"top_words","i1":1,"i2":2,"sol":{"path":["/c/en/winkle","/c/en/flash","/c/en/appear","/c/en/there","/c/en/der"],"weight":0.20786999999999983,"degrees":[33,923,1055,818,30]},"num_concepts_raised":5355},{"base_id":30,"kind":"top_words","i1":1,"i2":3,"sol":{"path":["/c/en/winkle","/c/en/flash","/c/en/slang","/c/en/het"],"weight":0.20399999999999985,"degrees":[33,923,16318,45]},"num_concepts_raised":27614},{"base_id":30,"kind":"top_words","i1":1,"i2":4,"sol":{"path":["/c/en/winkle","/c/en/penis","/c/en/person","/c/en/be","/c/en/wert"],"weight":0.20441000000000006,"degrees":[33,1323,12935,3156,24]},"num_concepts_raised":10282},{"base_id":30,"kind":"top_words","i1":1,"i2":5,"sol":{"path":["/c/en/winkle","/c/en/flash","/c/en/uk","/c/en/den"],"weight":0.2130199999999992,"degrees":[33,923,5562,449]},"num_concepts_raised":53876},{"base_id":30,"kind":"top_words","i1":1,"i2":6,"sol":{"path":["/c/en/winkle","/c/en/wrinkle","/c/en/skin","/c/en/pelt"],"weight":0.2087299999999993,"degrees":[33,478,2372,268]},"num_concepts_raised":38569},{"base_id":30,"kind":"top_words","i1":1,"i2":7,"sol":{"path":["/c/en/winkle","/c/en/flash","/c/en/language","/c/en/dutch"],"weight":0.20784999999999926,"degrees":[33,923,4160,317]},"num_concepts_raised":70151},{"base_id":30,"kind":"top_words","i1":1,"i2":8,"sol":{"path":["/c/en/winkle","/c/en/flash","/c/en/market","/c/en/city","/c/en/haarlem"],"weight":0.20853999999999978,"degrees":[33,923,1406,3758,85]},"num_concepts_raised":7298},{"base_id":30,"kind":"top_words","i1":1,"i2":9,"sol":{"path":["/c/en/winkle","/c/en/penis","/c/en/male","/c/en/tassel"],"weight":0.20507999999999965,"degrees":[33,1323,2222,212]},"num_concepts_raised":33036},{"base_id":30,"kind":"top_words","i1":2,"i2":3,"sol":{"path":["/c/en/der","/c/en/there","/c/en/at","/c/en/heat","/c/en/het"],"weight":0.2090599999999998,"degrees":[30,818,756,2046,45]},"num_concepts_raised":25263},{"base_id":30,"kind":"top_words","i1":2,"i2":4,"sol":{"path":["/c/en/der","/c/en/der's","/c/en/is","/c/en/wert"],"weight":0.2092,"degrees":[30,5,503,24]},"num_concepts_raised":7473},{"base_id":30,"kind":"top_words","i1":2,"i2":5,"sol":{"path":["/c/en/der","/c/ar/دير","/c/syc/ܕܝܪܐ","/c/en/den"],"weight":0.21789999999999915,"degrees":[30,16,15,449]},"num_concepts_raised":51300},{"base_id":30,"kind":"top_words","i1":2,"i2":6,"sol":{"path":["/c/en/der","/c/en/there","/c/en/place","/c/en/skin","/c/en/pelt"],"weight":0.21380999999999922,"degrees":[30,818,3314,2372,268]},"num_concepts_raised":36047},{"base_id":30,"kind":"top_words","i1":2,"i2":7,"sol":{"path":["/c/en/der","/c/en/there","/c/en/point","/c/en/german","/c/en/dutch"],"weight":0.2139199999999992,"degrees":[30,818,2624,564,317]},"num_concepts_raised":67829},{"base_id":30,"kind":"top_words","i1":2,"i2":8,"sol":{"path":["/c/en/der","/c/en/there","/c/en/place","/c/en/city","/c/en/haarlem"],"weight":0.21355999999999972,"degrees":[30,818,3314,3758,85]},"num_concepts_raised":4492},{"base_id":30,"kind":"top_words","i1":2,"i2":9,"sol":{"path":["/c/en/der","/c/de/er","/c/en/male","/c/en/tassel"],"weight":0.20999999999999958,"degrees":[30,269,2222,212]},"num_concepts_raised":30446},{"base_id":30,"kind":"top_words","i1":3,"i2":4,"sol":{"path":["/c/en/het","/c/en/heat","/c/en/being","/c/en/wert"],"weight":0.20542000000000005,"degrees":[45,2046,910,24]},"num_concepts_raised":30000},{"base_id":30,"kind":"top_words","i1":3,"i2":5,"sol":{"path":["/c/en/het","/c/nl/den","/c/en/den"],"weight":0.20400000000000001,"degrees":[45,46,449]},"num_concepts_raised":420},{"base_id":30,"kind":"top_words","i1":3,"i2":6,"sol":{"path":["/c/en/het","/c/en/slang","/c/en/skin","/c/en/pelt"],"weight":0.21010999999999924,"degrees":[45,16318,2372,268]},"num_concepts_raised":57225},{"base_id":30,"kind":"top_words","i1":3,"i2":7,"sol":{"path":["/c/en/het","/c/en/slang","/c/en/dutch"],"weight":0.203,"degrees":[45,16318,317]},"num_concepts_raised":300},{"base_id":30,"kind":"top_words","i1":3,"i2":8,"sol":{"path":["/c/en/het","/c/en/sex","/c/en/city","/c/en/haarlem"],"weight":0.20870999999999973,"degrees":[45,1592,3758,85]},"num_concepts_raised":27163},{"base_id":30,"kind":"top_words","i1":3,"i2":9,"sol":{"path":["/c/en/het","/c/en/slang","/c/fr/gland","/c/en/tassel"],"weight":0.20731999999999962,"degrees":[45,16318,215,212]},"num_concepts_raised":52144},{"base_id":30,"kind":"top_words","i1":4,"i2":5,"sol":{"path":["/c/en/wert","/c/en/be","/c/en/form","/c/en/den"],"weight":0.2145899999999994,"degrees":[24,3156,2423,449]},"num_concepts_raised":55774},{"base_id":30,"kind":"top_words","i1":4,"i2":6,"sol":{"path":["/c/en/wert","/c/en/being","/c/en/hide","/c/en/pelt"],"weight":0.2099699999999995,"degrees":[24,910,1620,268]},"num_concepts_raised":40583},{"base_id":30,"kind":"top_words","i1":4,"i2":7,"sol":{"path":["/c/en/wert","/c/en/be","/c/en/person","/c/en/dutch"],"weight":0.2081699999999994,"degrees":[24,3156,12935,317]},"num_concepts_raised":72307},{"base_id":30,"kind":"top_words","i1":4,"i2":8,"sol":{"path":["/c/en/wert","/c/en/be","/c/en/place","/c/en/city","/c/en/haarlem"],"weight":0.21006999999999998,"degrees":[24,3156,3314,3758,85]},"num_concepts_raised":9445},{"base_id":30,"kind":"top_words","i1":4,"i2":9,"sol":{"path":["/c/en/wert","/c/en/art","/c/en/wall","/c/en/tassel"],"weight":0.20657999999999982,"degrees":[24,1987,1673,212]},"num_concepts_raised":35061},{"base_id":30,"kind":"top_words","i1":5,"i2":6,"sol":{"path":["/c/en/den","/c/en/hide","/c/en/pelt"],"weight":0.20600000000000002,"degrees":[449,1620,268]},"num_concepts_raised":614},{"base_id":30,"kind":"top_words","i1":5,"i2":7,"sol":{"path":["/c/en/den","/c/en/room","/c/en/paint","/c/en/dutch"],"weight":0.22103999999999857,"degrees":[449,1788,1772,317]},"num_concepts_raised":113156},{"base_id":30,"kind":"top_words","i1":5,"i2":8,"sol":{"path":["/c/en/den","/c/en/house","/c/en/city","/c/en/haarlem"],"weight":0.2191299999999991,"degrees":[449,3114,3758,85]},"num_concepts_raised":52970},{"base_id":30,"kind":"top_words","i1":5,"i2":9,"sol":{"path":["/c/en/den","/c/en/room","/c/ja/房","/c/en/tassel"],"weight":0.22061999999999898,"degrees":[449,1788,52,212]},"num_concepts_raised":77064},{"base_id":30,"kind":"top_words","i1":6,"i2":7,"sol":{"path":["/c/en/pelt","/c/en/skin","/c/en/slang","/c/en/dutch"],"weight":0.21275999999999867,"degrees":[268,2372,16318,317]},"num_concepts_raised":98806},{"base_id":30,"kind":"top_words","i1":6,"i2":8,"sol":{"path":["/c/en/pelt","/c/en/skin","/c/en/human","/c/en/city","/c/en/haarlem"],"weight":0.21458999999999917,"degrees":[268,2372,2645,3758,85]},"num_concepts_raised":37905},{"base_id":30,"kind":"top_words","i1":6,"i2":9,"sol":{"path":["/c/en/pelt","/c/en/skin","/c/en/silk","/c/en/tassel"],"weight":0.21104999999999907,"degrees":[268,2372,1050,212]},"num_concepts_raised":62014},{"base_id":30,"kind":"top_words","i1":7,"i2":8,"sol":{"path":["/c/en/dutch","/c/en/netherlands","/c/en/north_holland","/c/en/haarlem"],"weight":0.21533999999999914,"degrees":[317,680,33,85]},"num_concepts_raised":69552},{"base_id":30,"kind":"top_words","i1":7,"i2":9,"sol":{"path":["/c/en/dutch","/c/en/slang","/c/fr/gland","/c/en/tassel"],"weight":0.20997999999999903,"degrees":[317,16318,215,212]},"num_concepts_raised":94119},{"base_id":30,"kind":"top_words","i1":8,"i2":9,"sol":{"path":["/c/en/haarlem","/c/en/city","/c/en/book","/c/en/tassel"],"weight":0.21072999999999953,"degrees":[85,3758,3239,212]},"num_concepts_raised":32250}]]