[[{"base_id":630,"kind":"bot_words","i1":0,"i2":1,"sol":{"path":["/c/en/meteoric","/c/en/meteorology","/c/en/logy","/c/en/rheumatology","/c/en/rheumatologist"],"weight":0.20454999999999995,"degrees":[50,1118,543,29,35]},"num_concepts_raised":9639},{"base_id":630,"kind":"bot_words","i1":0,"i2":2,"sol":{"path":["/c/en/meteoric","/c/en/speed","/c/en/mathematics","/c/en/comparability"],"weight":0.2029899999999999,"degrees":[50,938,7601,24]},"num_concepts_raised":15709},{"base_id":630,"kind":"bot_words","i1":0,"i2":3,"sol":{"path":["/c/en/meteoric","/c/en/meteorology","/c/en/bar","/c/en/cafeteria"],"weight":0.21246999999999966,"degrees":[50,1118,1972,258]},"num_concepts_raised":18874},{"base_id":630,"kind":"bot_words","i1":0,"i2":4,"sol":{"path":["/c/en/meteoric","/c/en/meteor","/c/en/light","/c/en/suffuse"],"weight":0.20492999999999983,"degrees":[50,379,4288,71]},"num_concepts_raised":20382},{"base_id":630,"kind":"bot_words","i1":0,"i2":5,"sol":{"path":["/c/en/meteoric","/c/en/fast","/c/en/horse","/c/en/cowboy"],"weight":0.21587,"degrees":[50,1390,3068,343]},"num_concepts_raised":42521},{"base_id":630,"kind":"bot_words","i1":0,"i2":6,"sol":{"path":["/c/en/meteoric","/c/en/atmosphere","/c/en/particular","/c/en/especial"],"weight":0.20483999999999986,"degrees":[50,882,490,63]},"num_concepts_raised":12856},{"base_id":630,"kind":"bot_words","i1":0,"i2":7,"sol":{"path":["/c/en/meteoric","/c/en/meteorology","/c/en/cell","/c/en/english_language","/c/en/finns"],"weight":0.20975999999999972,"degrees":[50,1118,2433,579,68]},"num_concepts_raised":9773},{"base_id":630,"kind":"bot_words","i1":0,"i2":8,"sol":{"path":["/c/en/meteoric","/c/en/fast","/c/en/food","/c/en/caramel","/c/en/caramelize"],"weight":0.20564999999999986,"degrees":[50,1390,4281,255,63]},"num_concepts_raised":14222},{"base_id":630,"kind":"bot_words","i1":0,"i2":9,"sol":{"path":["/c/en/meteoric","/c/en/fast","/c/en/move","/c/en/kick"],"weight":0.21452999999999853,"degrees":[50,1390,2810,802]},"num_concepts_raised":85784},{"base_id":630,"kind":"bot_words","i1":1,"i2":2,"sol":{"path":["/c/en/rheumatologist","/c/en/rheumatism","/c/en/type","/c/en/mathematics","/c/en/comparability"],"weight":0.20388999999999996,"degrees":[35,215,1591,7601,24]},"num_concepts_raised":10003},{"base_id":630,"kind":"bot_words","i1":1,"i2":3,"sol":{"path":["/c/en/rheumatologist","/c/en/doctor","/c/en/hospital","/c/en/cafeteria"],"weight":0.21093999999999974,"degrees":[35,1654,974,258]},"num_concepts_raised":13147},{"base_id":630,"kind":"bot_words","i1":1,"i2":4,"sol":{"path":["/c/en/rheumatologist","/c/en/rheumatism","/c/en/bone","/c/en/colour","/c/en/suffuse"],"weight":0.20445999999999992,"degrees":[35,215,2320,1259,71]},"num_concepts_raised":14790},{"base_id":630,"kind":"bot_words","i1":1,"i2":5,"sol":{"path":["/c/en/rheumatologist","/c/en/specialist","/c/en/rank","/c/en/cowboy"],"weight":0.21256000000000008,"degrees":[35,378,1403,343]},"num_concepts_raised":36934},{"base_id":630,"kind":"bot_words","i1":1,"i2":6,"sol":{"path":["/c/en/rheumatologist","/c/en/specialist","/c/en/particular","/c/en/especial"],"weight":0.20468999999999993,"degrees":[35,378,490,63]},"num_concepts_raised":7091},{"base_id":630,"kind":"bot_words","i1":1,"i2":7,"sol":{"path":["/c/en/rheumatologist","/c/en/doctor","/c/en/human","/c/en/finn","/c/en/finns"],"weight":0.2104899999999998,"degrees":[35,1654,2645,158,68]},"num_concepts_raised":4000},{"base_id":630,"kind":"bot_words","i1":1,"i2":8,"sol":{"path":["/c/en/rheumatologist","/c/en/rheumatism","/c/en/pain","/c/en/heat","/c/en/caramelize"],"weight":0.20446999999999993,"degrees":[35,215,2002,2046,63]},"num_concepts_raised":8501},{"base_id":630,"kind":"bot_words","i1":1,"i2":9,"sol":{"path":["/c/en/rheumatologist","/c/en/rheumatism","/c/en/type","/c/en/foot","/c/en/kick"],"weight":0.2168399999999986,"degrees":[35,215,1591,1983,802]},"num_concepts_raised":80454},{"base_id":630,"kind":"bot_words","i1":2,"i2":3,"sol":{"path":["/c/en/comparability","/c/en/mathematics","/c/en/bar","/c/en/cafeteria"],"weight":0.21078999999999964,"degrees":[24,7601,1972,258]},"num_concepts_raised":19242},{"base_id":630,"kind":"bot_words","i1":2,"i2":4,"sol":{"path":["/c/en/comparability","/c/en/mathematics","/c/en/change","/c/en/suffuse"],"weight":0.20316999999999985,"degrees":[24,7601,3383,71]},"num_concepts_raised":20783},{"base_id":630,"kind":"bot_words","i1":2,"i2":5,"sol":{"path":["/c/en/comparability","/c/en/mathematics","/c/en/rank","/c/en/cowboy"],"weight":0.21230000000000002,"degrees":[24,7601,1403,343]},"num_concepts_raised":42903},{"base_id":630,"kind":"bot_words","i1":2,"i2":6,"sol":{"path":["/c/en/comparability","/c/en/mathematics","/c/en/average","/c/en/special","/c/en/especial"],"weight":0.20584999999999987,"degrees":[24,7601,711,706,63]},"num_concepts_raised":13188},{"base_id":630,"kind":"bot_words","i1":2,"i2":7,"sol":{"path":["/c/en/comparability","/c/en/mathematics","/c/en/group","/c/en/ethnic_group","/c/en/finns"],"weight":0.2081299999999997,"degrees":[24,7601,2339,622,68]},"num_concepts_raised":10144},{"base_id":630,"kind":"bot_words","i1":2,"i2":8,"sol":{"path":["/c/en/comparability","/c/en/mathematics","/c/en/color","/c/en/caramel","/c/en/caramelize"],"weight":0.20426999999999984,"degrees":[24,7601,1870,255,63]},"num_concepts_raised":14598},{"base_id":630,"kind":"bot_words","i1":2,"i2":9,"sol":{"path":["/c/en/comparability","/c/en/related","/c/en/dance","/c/en/kick"],"weight":0.21199999999999852,"degrees":[24,503,2473,802]},"num_concepts_raised":86248},{"base_id":630,"kind":"bot_words","i1":3,"i2":4,"sol":{"path":["/c/en/cafeteria","/c/fr/café","/c/en/light","/c/en/suffuse"],"weight":0.2114799999999996,"degrees":[258,421,4288,71]},"num_concepts_raised":23875},{"base_id":630,"kind":"bot_words","i1":3,"i2":5,"sol":{"path":["/c/en/cafeteria","/c/en/bar","/c/en/horse","/c/en/cowboy"],"weight":0.22268999999999978,"degrees":[258,1972,3068,343]},"num_concepts_raised":45637},{"base_id":630,"kind":"bot_words","i1":3,"i2":6,"sol":{"path":["/c/en/cafeteria","/c/en/species","/c/en/especial"],"weight":0.20400000000000001,"degrees":[258,1659,63]},"num_concepts_raised":255},{"base_id":630,"kind":"bot_words","i1":3,"i2":7,"sol":{"path":["/c/en/cafeteria","/c/en/bar","/c/en/human","/c/en/finn","/c/en/finns"],"weight":0.21839999999999948,"degrees":[258,1972,2645,158,68]},"num_concepts_raised":13340},{"base_id":630,"kind":"bot_words","i1":3,"i2":8,"sol":{"path":["/c/en/cafeteria","/c/en/coffee","/c/en/sugar","/c/en/caramelize"],"weight":0.21140999999999963,"degrees":[258,1150,1902,63]},"num_concepts_raised":17681},{"base_id":630,"kind":"bot_words","i1":3,"i2":9,"sol":{"path":["/c/en/cafeteria","/c/en/counter","/c/en/foot","/c/en/kick"],"weight":0.2236499999999983,"degrees":[258,727,1983,802]},"num_concepts_raised":88705},{"base_id":630,"kind":"bot_words","i1":4,"i2":5,"sol":{"path":["/c/en/suffuse","/c/en/spread","/c/en/ranch","/c/en/cowboy"],"weight":0.21509999999999996,"degrees":[71,1574,247,343]},"num_concepts_raised":47372},{"base_id":630,"kind":"bot_words","i1":4,"i2":6,"sol":{"path":["/c/en/suffuse","/c/en/flush","/c/en/card","/c/en/special","/c/en/especial"],"weight":0.2073699999999998,"degrees":[71,458,1332,706,63]},"num_concepts_raised":17962},{"base_id":630,"kind":"bot_words","i1":4,"i2":7,"sol":{"path":["/c/en/suffuse","/c/en/light","/c/en/fall","/c/en/english_language","/c/en/finns"],"weight":0.20871999999999966,"degrees":[71,4288,2357,579,68]},"num_concepts_raised":14930},{"base_id":630,"kind":"bot_words","i1":4,"i2":8,"sol":{"path":["/c/en/suffuse","/c/en/light","/c/en/heat","/c/en/caramelize"],"weight":0.20381999999999983,"degrees":[71,4288,2046,63]},"num_concepts_raised":19052},{"base_id":630,"kind":"bot_words","i1":4,"i2":9,"sol":{"path":["/c/en/suffuse","/c/de/überziehen","/c/en/hit","/c/en/kick"],"weight":0.2149099999999985,"degrees":[71,109,1849,802]},"num_concepts_raised":90085},{"base_id":630,"kind":"bot_words","i1":5,"i2":6,"sol":{"path":["/c/en/cowboy","/c/en/dude","/c/en/special","/c/en/especial"],"weight":0.21547,"degrees":[343,303,706,63]},"num_concepts_raised":39990},{"base_id":630,"kind":"bot_words","i1":5,"i2":7,"sol":{"path":["/c/en/cowboy","/c/en/country","/c/en/finland","/c/en/finns"],"weight":0.21783999999999984,"degrees":[343,2796,583,68]},"num_concepts_raised":36982},{"base_id":630,"kind":"bot_words","i1":5,"i2":8,"sol":{"path":["/c/en/cowboy","/c/en/horse","/c/en/brown","/c/en/caramelize"],"weight":0.21504999999999996,"degrees":[343,3068,1055,63]},"num_concepts_raised":41306},{"base_id":630,"kind":"bot_words","i1":5,"i2":9,"sol":{"path":["/c/en/cowboy","/c/en/slang","/c/en/kick"],"weight":0.20400000000000001,"degrees":[343,16318,802]},"num_concepts_raised":830},{"base_id":630,"kind":"bot_words","i1":6,"i2":7,"sol":{"path":["/c/en/especial","/c/fr/particulier","/c/fr/masculin","/c/en/finn","/c/en/finns"],"weight":0.21202999999999966,"degrees":[63,566,3883,158,68]},"num_concepts_raised":7248},{"base_id":630,"kind":"bot_words","i1":6,"i2":8,"sol":{"path":["/c/en/especial","/c/en/particular","/c/en/convert","/c/en/caramelize"],"weight":0.20492999999999983,"degrees":[63,490,798,63]},"num_concepts_raised":11725},{"base_id":630,"kind":"bot_words","i1":6,"i2":9,"sol":{"path":["/c/en/especial","/c/en/particular","/c/en/issue","/c/en/kick"],"weight":0.2134799999999985,"degrees":[63,490,1087,802]},"num_concepts_raised":83377},{"base_id":630,"kind":"bot_words","i1":7,"i2":8,"sol":{"path":["/c/en/finns","/c/en/ethnic_group","/c/en/mulatto","/c/en/brown","/c/en/caramelize"],"weight":0.20869999999999966,"degrees":[68,622,142,1055,63]},"num_concepts_raised":8642},{"base_id":630,"kind":"bot_words","i1":7,"i2":9,"sol":{"path":["/c/en/finns","/c/en/finn","/c/en/human","/c/en/foot","/c/en/kick"],"weight":0.22323999999999833,"degrees":[68,158,2645,1983,802]},"num_concepts_raised":80626},{"base_id":630,"kind":"bot_words","i1":8,"i2":9,"sol":{"path":["/c/en/caramelize","/c/en/convert","/c/en/soccer","/c/en/kick"],"weight":0.21384999999999849,"degrees":[63,798,1103,802]},"num_concepts_raised":84619}],[{"base_id":630,"kind":"top_words","i1":0,"i2":1,"sol":{"path":["/c/en/director","/c/en/military","/c/la/manus","/c/en/mandil"],"weight":0.21250999999999848,"degrees":[497,5690,239,24]},"num_concepts_raised":61108},{"base_id":630,"kind":"top_words","i1":0,"i2":2,"sol":{"path":["/c/en/director","/c/fr/directeur","/c/en/managing"],"weight":0.20600000000000002,"degrees":[497,199,49]},"num_concepts_raised":488},{"base_id":630,"kind":"top_words","i1":0,"i2":3,"sol":{"path":["/c/en/director","/c/en/person","/c/en/bail","/c/en/bailer"],"weight":0.21584999999999846,"degrees":[497,12935,380,32]},"num_concepts_raised":59879},{"base_id":630,"kind":"top_words","i1":0,"i2":4,"sol":{"path":["/c/en/director","/c/en/person","/c/en/plant","/c/en/hosta"],"weight":0.22009999999999835,"degrees":[497,12935,7959,62]},"num_concepts_raised":59741},{"base_id":630,"kind":"top_words","i1":0,"i2":5,"sol":{"path":["/c/en/director","/c/en/conductor","/c/en/transmit","/c/en/communicable"],"weight":0.21545999999999843,"degrees":[497,560,406,54]},"num_concepts_raised":57280},{"base_id":630,"kind":"top_words","i1":0,"i2":6,"sol":{"path":["/c/en/director","/c/en/person","/c/en/plant","/c/en/catalpa"],"weight":0.2203299999999984,"degrees":[497,12935,7959,68]},"num_concepts_raised":61955},{"base_id":630,"kind":"top_words","i1":0,"i2":7,"sol":{"path":["/c/en/director","/c/en/direct","/c/en/order","/c/en/snook"],"weight":0.2149699999999984,"degrees":[497,1032,2833,37]},"num_concepts_raised":69329},{"base_id":630,"kind":"top_words","i1":0,"i2":8,"sol":{"path":["/c/en/director","/c/en/person","/c/en/walk","/c/en/shamble"],"weight":0.21499999999999844,"degrees":[497,12935,2020,43]},"num_concepts_raised":55944},{"base_id":630,"kind":"top_words","i1":0,"i2":9,"sol":{"path":["/c/en/director","/c/en/person","/c/en/fish","/c/en/saury"],"weight":0.21479999999999844,"degrees":[497,12935,4424,32]},"num_concepts_raised":56977},{"base_id":630,"kind":"top_words","i1":1,"i2":2,"sol":{"path":["/c/en/mandil","/c/la/manus","/c/en/manage","/c/en/managing"],"weight":0.20490999999999981,"degrees":[24,239,722,49]},"num_concepts_raised":13293},{"base_id":630,"kind":"top_words","i1":1,"i2":3,"sol":{"path":["/c/en/mandil","/c/la/manus","/c/en/legal","/c/en/bailer"],"weight":0.2027299999999999,"degrees":[24,239,6627,32]},"num_concepts_raised":18017},{"base_id":630,"kind":"top_words","i1":1,"i2":4,"sol":{"path":["/c/en/mandil","/c/en/cloth","/c/en/table","/c/en/plant","/c/en/hosta"],"weight":0.2080699999999998,"degrees":[24,1213,1618,7959,62]},"num_concepts_raised":17663},{"base_id":630,"kind":"top_words","i1":1,"i2":5,"sol":{"path":["/c/en/mandil","/c/en/historical","/c/en/lazar_house","/c/en/communicable"],"weight":0.2029799999999999,"degrees":[24,8415,17,54]},"num_concepts_raised":15253},{"base_id":630,"kind":"top_words","i1":1,"i2":6,"sol":{"path":["/c/en/mandil","/c/la/manus","/c/en/branch","/c/en/plant","/c/en/catalpa"],"weight":0.20830999999999988,"degrees":[24,239,1753,7959,68]},"num_concepts_raised":19975},{"base_id":630,"kind":"top_words","i1":1,"i2":7,"sol":{"path":["/c/en/mandil","/c/en/cloth","/c/en/perch","/c/en/fish","/c/en/snook"],"weight":0.2028499999999999,"degrees":[24,1213,456,4424,37]},"num_concepts_raised":27936},{"base_id":630,"kind":"top_words","i1":1,"i2":8,"sol":{"path":["/c/en/mandil","/c/en/historical","/c/en/walk","/c/en/shamble"],"weight":0.2029499999999999,"degrees":[24,8415,2020,43]},"num_concepts_raised":13909},{"base_id":630,"kind":"top_words","i1":1,"i2":9,"sol":{"path":["/c/en/mandil","/c/la/manus","/c/en/nautical","/c/en/fish","/c/en/saury"],"weight":0.20278999999999991,"degrees":[24,239,5204,4424,32]},"num_concepts_raised":14936},{"base_id":630,"kind":"top_words","i1":2,"i2":3,"sol":{"path":["/c/en/managing","/c/en/handle","/c/en/bail","/c/en/bailer"],"weight":0.20418999999999982,"degrees":[49,1567,380,32]},"num_concepts_raised":11910},{"base_id":630,"kind":"top_words","i1":2,"i2":4,"sol":{"path":["/c/en/managing","/c/en/manage","/c/en/root","/c/en/plant","/c/en/hosta"],"weight":0.2103799999999997,"degrees":[49,722,1503,7959,62]},"num_concepts_raised":11432},{"base_id":630,"kind":"top_words","i1":2,"i2":5,"sol":{"path":["/c/en/managing","/c/en/manage","/c/en/convey","/c/en/communicate","/c/en/communicable"],"weight":0.2054499999999998,"degrees":[49,722,485,632,54]},"num_concepts_raised":9031},{"base_id":630,"kind":"top_words","i1":2,"i2":6,"sol":{"path":["/c/en/managing","/c/en/manage","/c/en/root","/c/en/plant","/c/en/catalpa"],"weight":0.21061999999999975,"degrees":[49,722,1503,7959,68]},"num_concepts_raised":13753},{"base_id":630,"kind":"top_words","i1":2,"i2":7,"sol":{"path":["/c/en/managing","/c/en/manage","/c/en/husband","/c/en/family","/c/en/snook"],"weight":0.20514999999999978,"degrees":[49,722,1237,3166,37]},"num_concepts_raised":21982},{"base_id":630,"kind":"top_words","i1":2,"i2":8,"sol":{"path":["/c/en/managing","/c/la/tractans","/c/en/dragging","/c/en/shamble"],"weight":0.20309999999999978,"degrees":[49,17,48,43]},"num_concepts_raised":7748},{"base_id":630,"kind":"top_words","i1":2,"i2":9,"sol":{"path":["/c/en/managing","/c/en/manage","/c/en/man","/c/en/fish","/c/en/saury"],"weight":0.20505999999999977,"degrees":[49,722,3068,4424,32]},"num_concepts_raised":8701},{"base_id":630,"kind":"top_words","i1":3,"i2":4,"sol":{"path":["/c/en/bailer","/c/en/bail","/c/en/water","/c/en/plant","/c/en/hosta"],"weight":0.20930999999999983,"degrees":[32,380,4606,7959,62]},"num_concepts_raised":16321},{"base_id":630,"kind":"top_words","i1":3,"i2":5,"sol":{"path":["/c/en/bailer","/c/en/bail","/c/en/person","/c/en/communicate","/c/en/communicable"],"weight":0.2043399999999999,"degrees":[32,380,12935,632,54]},"num_concepts_raised":13924},{"base_id":630,"kind":"top_words","i1":3,"i2":6,"sol":{"path":["/c/en/bailer","/c/en/bail","/c/en/water","/c/en/plant","/c/en/catalpa"],"weight":0.20954999999999988,"degrees":[32,380,4606,7959,68]},"num_concepts_raised":18636},{"base_id":630,"kind":"top_words","i1":3,"i2":7,"sol":{"path":["/c/en/bailer","/c/en/bail","/c/en/uk","/c/en/snook"],"weight":0.2040199999999999,"degrees":[32,380,5562,37]},"num_concepts_raised":26605},{"base_id":630,"kind":"top_words","i1":3,"i2":8,"sol":{"path":["/c/en/bailer","/c/en/legal","/c/en/walk","/c/en/shamble"],"weight":0.20307999999999993,"degrees":[32,6627,2020,43]},"num_concepts_raised":12624},{"base_id":630,"kind":"top_words","i1":3,"i2":9,"sol":{"path":["/c/en/bailer","/c/en/bail","/c/en/nautical","/c/en/fish","/c/en/saury"],"weight":0.20408999999999988,"degrees":[32,380,5204,4424,32]},"num_concepts_raised":13600},{"base_id":630,"kind":"top_words","i1":4,"i2":5,"sol":{"path":["/c/en/hosta","/c/en/plant","/c/en/communicate","/c/en/communicable"],"weight":0.20857999999999982,"degrees":[62,7959,632,54]},"num_concepts_raised":13333},{"base_id":630,"kind":"top_words","i1":4,"i2":6,"sol":{"path":["/c/en/hosta","/c/en/plant","/c/en/catalpa"],"weight":0.20600000000000002,"degrees":[62,7959,68]},"num_concepts_raised":107},{"base_id":630,"kind":"top_words","i1":4,"i2":7,"sol":{"path":["/c/en/hosta","/c/fr/hosta","/c/fr/localités","/c/en/freshwater","/c/en/snook"],"weight":0.2101699999999998,"degrees":[62,12,110113,271,37]},"num_concepts_raised":26141},{"base_id":630,"kind":"top_words","i1":4,"i2":8,"sol":{"path":["/c/en/hosta","/c/en/plant","/c/en/foot","/c/en/shuffle","/c/en/shamble"],"weight":0.21057999999999982,"degrees":[62,7959,1983,277,43]},"num_concepts_raised":12104},{"base_id":630,"kind":"top_words","i1":4,"i2":9,"sol":{"path":["/c/en/hosta","/c/en/plant","/c/en/animal","/c/en/fish","/c/en/saury"],"weight":0.2082299999999998,"degrees":[62,7959,3735,4424,32]},"num_concepts_raised":13021},{"base_id":630,"kind":"top_words","i1":5,"i2":6,"sol":{"path":["/c/en/communicable","/c/en/communicate","/c/en/plant","/c/en/catalpa"],"weight":0.20880999999999986,"degrees":[54,632,7959,68]},"num_concepts_raised":15660},{"base_id":630,"kind":"top_words","i1":5,"i2":7,"sol":{"path":["/c/en/communicable","/c/en/communicative","/c/en/gestural","/c/en/gesture","/c/en/snook"],"weight":0.20425999999999989,"degrees":[54,134,40,538,37]},"num_concepts_raised":23934},{"base_id":630,"kind":"top_words","i1":5,"i2":8,"sol":{"path":["/c/en/communicable","/c/en/transmit","/c/en/transfer","/c/en/shuffle","/c/en/shamble"],"weight":0.2055199999999999,"degrees":[54,406,1217,277,43]},"num_concepts_raised":9708},{"base_id":630,"kind":"top_words","i1":5,"i2":9,"sol":{"path":["/c/en/communicable","/c/en/communicate","/c/en/person","/c/en/fish","/c/en/saury"],"weight":0.2032799999999999,"degrees":[54,632,12935,4424,32]},"num_concepts_raised":10636},{"base_id":630,"kind":"top_words","i1":6,"i2":7,"sol":{"path":["/c/en/catalpa","/c/en/tree","/c/en/family","/c/en/snook"],"weight":0.20844999999999983,"degrees":[68,3598,3166,37]},"num_concepts_raised":28404},{"base_id":630,"kind":"top_words","i1":6,"i2":8,"sol":{"path":["/c/en/catalpa","/c/en/tree","/c/en/platform","/c/en/shamble"],"weight":0.20852999999999985,"degrees":[68,3598,650,43]},"num_concepts_raised":14415},{"base_id":630,"kind":"top_words","i1":6,"i2":9,"sol":{"path":["/c/en/catalpa","/c/en/plant","/c/en/water","/c/en/fish","/c/en/saury"],"weight":0.20846999999999985,"degrees":[68,7959,4606,4424,32]},"num_concepts_raised":15340},{"base_id":630,"kind":"top_words","i1":7,"i2":8,"sol":{"path":["/c/en/snook","/c/en/uk","/c/en/walk","/c/en/shamble"],"weight":0.20311999999999986,"degrees":[37,5562,2020,43]},"num_concepts_raised":22575},{"base_id":630,"kind":"top_words","i1":7,"i2":9,"sol":{"path":["/c/en/snook","/c/en/fish","/c/en/saury"],"weight":0.202,"degrees":[37,4424,32]},"num_concepts_raised":62},{"base_id":630,"kind":"top_words","i1":8,"i2":9,"sol":{"path":["/c/en/shamble","/c/en/shuffle","/c/en/ruffle","/c/en/marine","/c/en/saury"],"weight":0.20513999999999988,"degrees":[43,277,209,632,32]},"num_concepts_raised":9373}]]