[[{"base_id":805,"kind":"bot_words","i1":0,"i2":1,"sol":{"path":["/c/en/emule","/c/en/software","/c/en/crack","/c/en/slit"],"weight":0.212579999999999,"degrees":[47,1812,1064,380]},"num_concepts_raised":40320},{"base_id":805,"kind":"bot_words","i1":0,"i2":2,"sol":{"path":["/c/en/emule","/c/en/emulate","/c/en/person","/c/en/keen"],"weight":0.2138099999999988,"degrees":[47,158,12935,380]},"num_concepts_raised":43475},{"base_id":805,"kind":"bot_words","i1":0,"i2":3,"sol":{"path":["/c/en/emule","/c/en/emulate","/c/en/equal","/c/th/ทะนาน","/c/en/standardise"],"weight":0.21028999999999987,"degrees":[47,158,1243,28,54]},"num_concepts_raised":3385},{"base_id":805,"kind":"bot_words","i1":0,"i2":4,"sol":{"path":["/c/en/emule","/c/en/software","/c/en/wallet","/c/en/penny","/c/en/cent"],"weight":0.2227099999999992,"degrees":[47,1812,708,383,397]},"num_concepts_raised":68733},{"base_id":805,"kind":"bot_words","i1":0,"i2":5,"sol":{"path":["/c/en/emule","/c/en/software","/c/en/tin","/c/en/mineral","/c/en/epidote"],"weight":0.21564999999999973,"degrees":[47,1812,1155,8530,69]},"num_concepts_raised":12009},{"base_id":805,"kind":"bot_words","i1":0,"i2":6,"sol":{"path":["/c/en/emule","/c/en/software","/c/en/echo","/c/en/greek_mythology","/c/en/nereus"],"weight":0.2132399999999997,"degrees":[47,1812,738,1305,55]},"num_concepts_raised":3141},{"base_id":805,"kind":"bot_words","i1":0,"i2":7,"sol":{"path":["/c/en/emule","/c/en/emulate","/c/en/equal","/c/en/legal","/c/en/malfeasance"],"weight":0.2102599999999998,"degrees":[47,158,1243,6627,46]},"num_concepts_raised":9909},{"base_id":805,"kind":"bot_words","i1":0,"i2":8,"sol":{"path":["/c/en/emule","/c/en/software","/c/en/file","/c/en/corrupt"],"weight":0.21448999999999863,"degrees":[47,1812,1207,584]},"num_concepts_raised":35246},{"base_id":805,"kind":"bot_words","i1":0,"i2":9,"sol":{"path":["/c/en/emule","/c/en/software","/c/en/sugar","/c/en/praline"],"weight":0.21372999999999975,"degrees":[47,1812,1902,78]},"num_concepts_raised":8748},{"base_id":805,"kind":"bot_words","i1":1,"i2":2,"sol":{"path":["/c/en/slit","/c/en/sharp","/c/en/keen"],"weight":0.20500000000000002,"degrees":[380,1275,380]},"num_concepts_raised":651},{"base_id":805,"kind":"bot_words","i1":1,"i2":3,"sol":{"path":["/c/en/slit","/c/en/cut","/c/en/brilliant","/c/en/standardize","/c/en/standardise"],"weight":0.21183999999999914,"degrees":[380,2951,540,186,54]},"num_concepts_raised":40196},{"base_id":805,"kind":"bot_words","i1":1,"i2":4,"sol":{"path":["/c/en/slit","/c/en/cut","/c/en/bit","/c/en/cent"],"weight":0.22225999999999846,"degrees":[380,2951,1251,397]},"num_concepts_raised":101629},{"base_id":805,"kind":"bot_words","i1":1,"i2":5,"sol":{"path":["/c/en/slit","/c/en/crack","/c/en/rock","/c/en/epidote"],"weight":0.21301999999999904,"degrees":[380,1064,2349,69]},"num_concepts_raised":48595},{"base_id":805,"kind":"bot_words","i1":1,"i2":6,"sol":{"path":["/c/en/slit","/c/en/slang","/c/en/doris","/c/en/nereus"],"weight":0.21222999999999903,"degrees":[380,16318,33,55]},"num_concepts_raised":40008},{"base_id":805,"kind":"bot_words","i1":1,"i2":7,"sol":{"path":["/c/en/slit","/c/en/cut","/c/en/damage","/c/en/malfeasance"],"weight":0.2105199999999991,"degrees":[380,2951,1197,46]},"num_concepts_raised":46492},{"base_id":805,"kind":"bot_words","i1":1,"i2":8,"sol":{"path":["/c/en/slit","/c/en/cut","/c/en/adulterate","/c/en/corrupt"],"weight":0.2180299999999979,"degrees":[380,2951,160,584]},"num_concepts_raised":70530},{"base_id":805,"kind":"bot_words","i1":1,"i2":9,"sol":{"path":["/c/en/slit","/c/en/cut","/c/en/food","/c/en/praline"],"weight":0.21607999999999905,"degrees":[380,2951,4281,78]},"num_concepts_raised":45158},{"base_id":805,"kind":"bot_words","i1":2,"i2":3,"sol":{"path":["/c/en/keen","/c/en/sharp","/c/en/brilliant","/c/en/standardize","/c/en/standardise"],"weight":0.21269999999999892,"degrees":[380,1275,540,186,54]},"num_concepts_raised":43306},{"base_id":805,"kind":"bot_words","i1":2,"i2":4,"sol":{"path":["/c/en/keen","/c/en/us","/c/en/cent"],"weight":0.20400000000000001,"degrees":[380,8154,397]},"num_concepts_raised":645},{"base_id":805,"kind":"bot_words","i1":2,"i2":5,"sol":{"path":["/c/en/keen","/c/en/ireland","/c/en/mineral","/c/en/epidote"],"weight":0.21429999999999882,"degrees":[380,1227,8530,69]},"num_concepts_raised":51741},{"base_id":805,"kind":"bot_words","i1":2,"i2":6,"sol":{"path":["/c/en/keen","/c/en/sharp","/c/en/slang","/c/en/doris","/c/en/nereus"],"weight":0.21647999999999878,"degrees":[380,1275,16318,33,55]},"num_concepts_raised":43134},{"base_id":805,"kind":"bot_words","i1":2,"i2":7,"sol":{"path":["/c/en/keen","/c/en/person","/c/en/legal","/c/en/malfeasance"],"weight":0.2069499999999989,"degrees":[380,12935,6627,46]},"num_concepts_raised":49352},{"base_id":805,"kind":"bot_words","i1":2,"i2":8,"sol":{"path":["/c/en/keen","/c/en/lament","/c/it/corrotto","/c/en/corrupt"],"weight":0.2151699999999977,"degrees":[380,464,15,584]},"num_concepts_raised":73513},{"base_id":805,"kind":"bot_words","i1":2,"i2":9,"sol":{"path":["/c/en/keen","/c/en/us","/c/en/sugar","/c/en/praline"],"weight":0.21244999999999886,"degrees":[380,8154,1902,78]},"num_concepts_raised":48354},{"base_id":805,"kind":"bot_words","i1":3,"i2":4,"sol":{"path":["/c/en/standardise","/c/en/standard","/c/en/unit","/c/en/cent"],"weight":0.21323999999999937,"degrees":[54,1054,1582,397]},"num_concepts_raised":68474},{"base_id":805,"kind":"bot_words","i1":3,"i2":5,"sol":{"path":["/c/en/standardise","/c/en/standardize","/c/en/diamond","/c/en/mineral","/c/en/epidote"],"weight":0.21206999999999987,"degrees":[54,186,772,8530,69]},"num_concepts_raised":11821},{"base_id":805,"kind":"bot_words","i1":3,"i2":6,"sol":{"path":["/c/en/standardise","/c/en/standard","/c/en/midas","/c/en/greek_mythology","/c/en/nereus"],"weight":0.2084999999999999,"degrees":[54,1054,37,1305,55]},"num_concepts_raised":2949},{"base_id":805,"kind":"bot_words","i1":3,"i2":7,"sol":{"path":["/c/en/standardise","/c/en/standardize","/c/en/chi","/c/en/legal","/c/en/malfeasance"],"weight":0.20461999999999997,"degrees":[54,186,179,6627,46]},"num_concepts_raised":9716},{"base_id":805,"kind":"bot_words","i1":3,"i2":8,"sol":{"path":["/c/en/standardise","/c/en/standard","/c/en/graft","/c/en/corrupt"],"weight":0.20976999999999876,"degrees":[54,1054,367,584]},"num_concepts_raised":35046},{"base_id":805,"kind":"bot_words","i1":3,"i2":9,"sol":{"path":["/c/en/standardise","/c/en/standardize","/c/en/fodder","/c/en/food","/c/en/praline"],"weight":0.2101099999999999,"degrees":[54,186,391,4281,78]},"num_concepts_raised":8557},{"base_id":805,"kind":"bot_words","i1":4,"i2":5,"sol":{"path":["/c/en/cent","/c/en/metal","/c/en/mineral","/c/en/epidote"],"weight":0.2204199999999992,"degrees":[397,2107,8530,69]},"num_concepts_raised":76158},{"base_id":805,"kind":"bot_words","i1":4,"i2":6,"sol":{"path":["/c/en/cent","/c/en/penny","/c/en/slang","/c/en/doris","/c/en/nereus"],"weight":0.2228799999999992,"degrees":[397,383,16318,33,55]},"num_concepts_raised":68472},{"base_id":805,"kind":"bot_words","i1":4,"i2":7,"sol":{"path":["/c/en/cent","/c/en/legal","/c/en/malfeasance"],"weight":0.20400000000000001,"degrees":[397,6627,46]},"num_concepts_raised":347},{"base_id":805,"kind":"bot_words","i1":4,"i2":8,"sol":{"path":["/c/en/cent","/c/en/money","/c/en/corrupt"],"weight":0.20600000000000002,"degrees":[397,2899,584]},"num_concepts_raised":796},{"base_id":805,"kind":"bot_words","i1":4,"i2":9,"sol":{"path":["/c/en/cent","/c/en/money","/c/en/nut","/c/en/praline"],"weight":0.22299999999999923,"degrees":[397,2899,868,78]},"num_concepts_raised":73478},{"base_id":805,"kind":"bot_words","i1":5,"i2":6,"sol":{"path":["/c/en/epidote","/c/en/mineral","/c/en/british","/c/en/doris","/c/en/nereus"],"weight":0.21578999999999976,"degrees":[69,8530,3452,33,55]},"num_concepts_raised":11582},{"base_id":805,"kind":"bot_words","i1":5,"i2":7,"sol":{"path":["/c/en/epidote","/c/en/mineral","/c/en/coal","/c/en/legal","/c/en/malfeasance"],"weight":0.21077999999999983,"degrees":[69,8530,1121,6627,46]},"num_concepts_raised":18340},{"base_id":805,"kind":"bot_words","i1":5,"i2":8,"sol":{"path":["/c/en/epidote","/c/en/mineral","/c/en/canker","/c/en/corrupt"],"weight":0.21699999999999864,"degrees":[69,8530,115,584]},"num_concepts_raised":43590},{"base_id":805,"kind":"bot_words","i1":5,"i2":9,"sol":{"path":["/c/en/epidote","/c/en/mineral","/c/en/sugar","/c/en/praline"],"weight":0.21628999999999976,"degrees":[69,8530,1902,78]},"num_concepts_raised":17123},{"base_id":805,"kind":"bot_words","i1":6,"i2":7,"sol":{"path":["/c/en/nereus","/c/en/doris","/c/en/slang","/c/en/damage","/c/en/malfeasance"],"weight":0.20830999999999983,"degrees":[55,33,16318,1197,46]},"num_concepts_raised":9498},{"base_id":805,"kind":"bot_words","i1":6,"i2":8,"sol":{"path":["/c/en/nereus","/c/en/greek_mythology","/c/en/satyr","/c/en/pervert","/c/en/corrupt"],"weight":0.21701999999999863,"degrees":[55,1305,194,233,584]},"num_concepts_raised":34896},{"base_id":805,"kind":"bot_words","i1":6,"i2":9,"sol":{"path":["/c/en/nereus","/c/en/doris","/c/en/slang","/c/en/sugar","/c/en/praline"],"weight":0.21390999999999977,"degrees":[55,33,16318,1902,78]},"num_concepts_raised":8326},{"base_id":805,"kind":"bot_words","i1":7,"i2":8,"sol":{"path":["/c/en/malfeasance","/c/gd/olc","/c/en/corrupt"],"weight":0.202,"degrees":[46,35,584]},"num_concepts_raised":525},{"base_id":805,"kind":"bot_words","i1":7,"i2":9,"sol":{"path":["/c/en/malfeasance","/c/fr/malfaisance","/c/en/literary","/c/en/confection","/c/en/praline"],"weight":0.21085999999999988,"degrees":[46,27,6728,214,78]},"num_concepts_raised":15094},{"base_id":805,"kind":"bot_words","i1":8,"i2":9,"sol":{"path":["/c/en/corrupt","/c/en/poison","/c/en/food","/c/en/praline"],"weight":0.21619999999999867,"degrees":[584,1269,4281,78]},"num_concepts_raised":40232}],[{"base_id":805,"kind":"top_words","i1":0,"i2":1,"sol":{"path":["/c/en/romania","/c/en/romanian"],"weight":0.20700000000000002,"degrees":[380,151]},"num_concepts_raised":346},{"base_id":805,"kind":"top_words","i1":0,"i2":2,"sol":{"path":["/c/en/romania","/c/en/country","/c/en/state","/c/en/ion"],"weight":0.23146999999999968,"degrees":[380,2796,3243,512]},"num_concepts_raised":53442},{"base_id":805,"kind":"top_words","i1":0,"i2":3,"sol":{"path":["/c/en/romania","/c/en/country","/c/en/italy","/c/en/florin"],"weight":0.21585000000000024,"degrees":[380,2796,885,35]},"num_concepts_raised":29333},{"base_id":805,"kind":"top_words","i1":0,"i2":4,"sol":{"path":["/c/en/romania","/c/en/securitate"],"weight":0.20600000000000002,"degrees":[380,41]},"num_concepts_raised":287},{"base_id":805,"kind":"top_words","i1":0,"i2":5,"sol":{"path":["/c/en/romania","/c/en/bucharest"],"weight":0.21000000000000002,"degrees":[380,215]},"num_concepts_raised":386},{"base_id":805,"kind":"top_words","i1":0,"i2":6,"sol":{"path":["/c/en/romania","/c/en/constantina"],"weight":0.20600000000000002,"degrees":[380,28]},"num_concepts_raised":275},{"base_id":805,"kind":"top_words","i1":0,"i2":7,"sol":{"path":["/c/en/romania","/c/en/country","/c/en/united_states","/c/en/adrian"],"weight":0.22170000000000023,"degrees":[380,2796,1636,81]},"num_concepts_raised":29107},{"base_id":805,"kind":"top_words","i1":0,"i2":8,"sol":{"path":["/c/en/romania","/c/en/wallachia","/c/en/wallachian"],"weight":0.20600000000000002,"degrees":[380,113,25]},"num_concepts_raised":266},{"base_id":805,"kind":"top_words","i1":0,"i2":9,"sol":{"path":["/c/en/romania","/c/en/wallachia"],"weight":0.20600000000000002,"degrees":[380,113]},"num_concepts_raised":316},{"base_id":805,"kind":"top_words","i1":1,"i2":2,"sol":{"path":["/c/en/romanian","/c/en/megleno_romanian","/c/en/greece","/c/en/ion"],"weight":0.2212099999999991,"degrees":[151,28,731,512]},"num_concepts_raised":67017},{"base_id":805,"kind":"top_words","i1":1,"i2":3,"sol":{"path":["/c/en/romanian","/c/en/person","/c/en/british","/c/en/florin"],"weight":0.20476999999999967,"degrees":[151,12935,3452,35]},"num_concepts_raised":43014},{"base_id":805,"kind":"top_words","i1":1,"i2":4,"sol":{"path":["/c/en/romanian","/c/en/romania","/c/en/securitate"],"weight":0.20600000000000002,"degrees":[151,380,41]},"num_concepts_raised":152},{"base_id":805,"kind":"top_words","i1":1,"i2":5,"sol":{"path":["/c/en/romanian","/c/en/romania","/c/en/bucharest"],"weight":0.20800000000000002,"degrees":[151,380,215]},"num_concepts_raised":251},{"base_id":805,"kind":"top_words","i1":1,"i2":6,"sol":{"path":["/c/en/romanian","/c/en/romania","/c/en/constantina"],"weight":0.20600000000000002,"degrees":[151,380,28]},"num_concepts_raised":138},{"base_id":805,"kind":"top_words","i1":1,"i2":7,"sol":{"path":["/c/en/romanian","/c/en/human","/c/en/michigan","/c/en/adrian"],"weight":0.21040999999999968,"degrees":[151,2645,555,81]},"num_concepts_raised":42646},{"base_id":805,"kind":"top_words","i1":1,"i2":8,"sol":{"path":["/c/en/romanian","/c/en/wallachian"],"weight":0.202,"degrees":[151,25]},"num_concepts_raised":127},{"base_id":805,"kind":"top_words","i1":1,"i2":9,"sol":{"path":["/c/en/romanian","/c/en/romania","/c/en/wallachia"],"weight":0.20600000000000002,"degrees":[151,380,113]},"num_concepts_raised":185},{"base_id":805,"kind":"top_words","i1":2,"i2":3,"sol":{"path":["/c/en/ion","/c/en/process","/c/en/british","/c/en/florin"],"weight":0.2184199999999992,"degrees":[512,1571,3452,35]},"num_concepts_raised":41403},{"base_id":805,"kind":"top_words","i1":2,"i2":4,"sol":{"path":["/c/en/ion","/c/en/atom","/c/en/historical","/c/en/securitate"],"weight":0.22577999999999915,"degrees":[512,1498,8415,41]},"num_concepts_raised":43029},{"base_id":805,"kind":"top_words","i1":2,"i2":5,"sol":{"path":["/c/en/ion","/c/en/state","/c/en/city","/c/en/bucharest"],"weight":0.22667999999999966,"degrees":[512,3243,3758,215]},"num_concepts_raised":37063},{"base_id":805,"kind":"top_words","i1":2,"i2":6,"sol":{"path":["/c/en/ion","/c/en/play","/c/en/person","/c/en/constantina"],"weight":0.2233099999999992,"degrees":[512,3092,12935,28]},"num_concepts_raised":45258},{"base_id":805,"kind":"top_words","i1":2,"i2":7,"sol":{"path":["/c/en/ion","/c/en/state","/c/en/united_states","/c/en/adrian"],"weight":0.2243899999999992,"degrees":[512,3243,1636,81]},"num_concepts_raised":41023},{"base_id":805,"kind":"top_words","i1":2,"i2":8,"sol":{"path":["/c/en/ion","/c/en/condition","/c/en/descent","/c/en/wallachian"],"weight":0.2182099999999993,"degrees":[512,1648,629,25]},"num_concepts_raised":37549},{"base_id":805,"kind":"top_words","i1":2,"i2":9,"sol":{"path":["/c/en/ion","/c/en/state","/c/en/country","/c/en/wallachia"],"weight":0.22494999999999954,"degrees":[512,3243,2796,113]},"num_concepts_raised":36804},{"base_id":805,"kind":"top_words","i1":3,"i2":4,"sol":{"path":["/c/en/florin","/c/en/florence","/c/en/historical","/c/en/securitate"],"weight":0.20795999999999973,"degrees":[35,103,8415,41]},"num_concepts_raised":18514},{"base_id":805,"kind":"top_words","i1":3,"i2":5,"sol":{"path":["/c/en/florin","/c/en/florence","/c/fr/localités","/c/fr/bucarest","/c/en/bucharest"],"weight":0.2174400000000002,"degrees":[35,103,110113,129,215]},"num_concepts_raised":12564},{"base_id":805,"kind":"top_words","i1":3,"i2":6,"sol":{"path":["/c/en/florin","/c/en/gold","/c/en/person","/c/en/constantina"],"weight":0.2078299999999998,"degrees":[35,1435,12935,28]},"num_concepts_raised":21029},{"base_id":805,"kind":"top_words","i1":3,"i2":7,"sol":{"path":["/c/en/florin","/c/en/shilling","/c/en/united_states","/c/en/adrian"],"weight":0.2087299999999998,"degrees":[35,159,1636,81]},"num_concepts_raised":16602},{"base_id":805,"kind":"top_words","i1":3,"i2":8,"sol":{"path":["/c/en/florin","/c/en/netherlands","/c/en/country","/c/en/wallachia","/c/en/wallachian"],"weight":0.20488999999999988,"degrees":[35,680,2796,113,25]},"num_concepts_raised":12984},{"base_id":805,"kind":"top_words","i1":3,"i2":9,"sol":{"path":["/c/en/florin","/c/en/italy","/c/en/country","/c/en/wallachia"],"weight":0.20940000000000014,"degrees":[35,885,2796,113]},"num_concepts_raised":12439},{"base_id":805,"kind":"top_words","i1":4,"i2":5,"sol":{"path":["/c/en/securitate","/c/en/romania","/c/en/bucharest"],"weight":0.20800000000000002,"degrees":[41,380,215]},"num_concepts_raised":178},{"base_id":805,"kind":"top_words","i1":4,"i2":6,"sol":{"path":["/c/en/securitate","/c/en/romania","/c/en/constantina"],"weight":0.20600000000000002,"degrees":[41,380,28]},"num_concepts_raised":66},{"base_id":805,"kind":"top_words","i1":4,"i2":7,"sol":{"path":["/c/en/securitate","/c/en/historical","/c/en/hadrian","/c/en/adrian"],"weight":0.21377999999999975,"degrees":[41,8415,92,81]},"num_concepts_raised":18305},{"base_id":805,"kind":"top_words","i1":4,"i2":8,"sol":{"path":["/c/en/securitate","/c/en/romania","/c/en/wallachia","/c/en/wallachian"],"weight":0.20992999999999984,"degrees":[41,380,113,25]},"num_concepts_raised":14649},{"base_id":805,"kind":"top_words","i1":4,"i2":9,"sol":{"path":["/c/en/securitate","/c/en/romania","/c/en/wallachia"],"weight":0.20600000000000002,"degrees":[41,380,113]},"num_concepts_raised":114},{"base_id":805,"kind":"top_words","i1":5,"i2":6,"sol":{"path":["/c/en/bucharest","/c/en/romania","/c/en/constantina"],"weight":0.20800000000000002,"degrees":[215,380,28]},"num_concepts_raised":165},{"base_id":805,"kind":"top_words","i1":5,"i2":7,"sol":{"path":["/c/en/bucharest","/c/en/city","/c/en/united_states","/c/en/adrian"],"weight":0.21701000000000023,"degrees":[215,3758,1636,81]},"num_concepts_raised":11912},{"base_id":805,"kind":"top_words","i1":5,"i2":8,"sol":{"path":["/c/en/bucharest","/c/en/wallachia","/c/en/wallachian"],"weight":0.20600000000000002,"degrees":[215,113,25]},"num_concepts_raised":156},{"base_id":805,"kind":"top_words","i1":5,"i2":9,"sol":{"path":["/c/en/bucharest","/c/en/wallachia"],"weight":0.20600000000000002,"degrees":[215,113]},"num_concepts_raised":211},{"base_id":805,"kind":"top_words","i1":6,"i2":7,"sol":{"path":["/c/en/constantina","/c/en/person","/c/en/adam","/c/en/adie","/c/en/adrian"],"weight":0.21550999999999979,"degrees":[28,12935,376,8,81]},"num_concepts_raised":20651},{"base_id":805,"kind":"top_words","i1":6,"i2":8,"sol":{"path":["/c/en/constantina","/c/en/romania","/c/en/wallachia","/c/en/wallachian"],"weight":0.20978999999999987,"degrees":[28,380,113,25]},"num_concepts_raised":16909},{"base_id":805,"kind":"top_words","i1":6,"i2":9,"sol":{"path":["/c/en/constantina","/c/en/romania","/c/en/wallachia"],"weight":0.20600000000000002,"degrees":[28,380,113]},"num_concepts_raised":101},{"base_id":805,"kind":"top_words","i1":7,"i2":8,"sol":{"path":["/c/en/adrian","/c/en/united_states","/c/en/country","/c/en/wallachia","/c/en/wallachian"],"weight":0.2107299999999999,"degrees":[81,1636,2796,113,25]},"num_concepts_raised":12560},{"base_id":805,"kind":"top_words","i1":7,"i2":9,"sol":{"path":["/c/en/adrian","/c/en/united_states","/c/en/country","/c/en/wallachia"],"weight":0.21522000000000013,"degrees":[81,1636,2796,113]},"num_concepts_raised":12010},{"base_id":805,"kind":"top_words","i1":8,"i2":9,"sol":{"path":["/c/en/wallachian","/c/en/wallachia"],"weight":0.20600000000000002,"degrees":[25,113]},"num_concepts_raised":90}]]