[[{"base_id":192,"kind":"bot_words","i1":0,"i2":1,"sol":{"path":["/c/en/sugared","/c/en/sugar","/c/en/candy","/c/en/child","/c/en/preschooler"],"weight":0.2052299999999999,"degrees":[30,1902,599,2784,37]},"num_concepts_raised":8555},{"base_id":192,"kind":"bot_words","i1":0,"i2":2,"sol":{"path":["/c/en/sugared","/c/en/sugar","/c/en/bishop","/c/en/christianity","/c/en/papist"],"weight":0.20665999999999984,"degrees":[30,1902,922,2627,75]},"num_concepts_raised":8891},{"base_id":192,"kind":"bot_words","i1":0,"i2":3,"sol":{"path":["/c/en/sugared","/c/en/sugar","/c/en/taste","/c/en/enjoyment"],"weight":0.20891999999999894,"degrees":[30,1902,1479,405]},"num_concepts_raised":59293},{"base_id":192,"kind":"bot_words","i1":0,"i2":4,"sol":{"path":["/c/en/sugared","/c/en/sugar","/c/hi/शक्कर","/c/en/speech","/c/en/enunciation"],"weight":0.20555999999999983,"degrees":[30,1902,15,1403,75]},"num_concepts_raised":8583},{"base_id":192,"kind":"bot_words","i1":0,"i2":5,"sol":{"path":["/c/en/sugared","/c/de/übertragen","/c/fr/abasourdi","/c/en/awed"],"weight":0.2027699999999999,"degrees":[30,1568,82,28]},"num_concepts_raised":4954},{"base_id":192,"kind":"bot_words","i1":0,"i2":6,"sol":{"path":["/c/en/sugared","/c/en/sugar","/c/en/empty","/c/en/hollow"],"weight":0.22312999999999805,"degrees":[30,1902,1046,863]},"num_concepts_raised":52997},{"base_id":192,"kind":"bot_words","i1":0,"i2":7,"sol":{"path":["/c/en/sugared","/c/en/sugar","/c/en/tea","/c/en/city","/c/en/suwon"],"weight":0.21027999999999977,"degrees":[30,1902,922,3758,55]},"num_concepts_raised":10620},{"base_id":192,"kind":"bot_words","i1":0,"i2":8,"sol":{"path":["/c/en/sugared","/c/en/sweet","/c/en/heaven","/c/en/dying","/c/en/moribund"],"weight":0.20772999999999986,"degrees":[30,1309,933,346,115]},"num_concepts_raised":11101},{"base_id":192,"kind":"bot_words","i1":0,"i2":9,"sol":{"path":["/c/en/sugared","/c/de/übertragen","/c/en/medicine","/c/en/prescribe"],"weight":0.20485999999999976,"degrees":[30,1568,11938,184]},"num_concepts_raised":39699},{"base_id":192,"kind":"bot_words","i1":1,"i2":2,"sol":{"path":["/c/en/preschooler","/c/en/child","/c/en/father","/c/en/christianity","/c/en/papist"],"weight":0.2046199999999998,"degrees":[37,2784,1655,2627,75]},"num_concepts_raised":8747},{"base_id":192,"kind":"bot_words","i1":1,"i2":3,"sol":{"path":["/c/en/preschooler","/c/en/child","/c/en/fun","/c/en/enjoyment"],"weight":0.20811999999999892,"degrees":[37,2784,1070,405]},"num_concepts_raised":58966},{"base_id":192,"kind":"bot_words","i1":1,"i2":4,"sol":{"path":["/c/en/preschooler","/c/en/child","/c/en/data","/c/en/articulation","/c/en/enunciation"],"weight":0.20452999999999982,"degrees":[37,2784,853,295,75]},"num_concepts_raised":8462},{"base_id":192,"kind":"bot_words","i1":1,"i2":5,"sol":{"path":["/c/en/preschooler","/c/en/child","/c/en/surprised","/c/en/thunderstruck","/c/en/awed"],"weight":0.2039999999999999,"degrees":[37,2784,205,45,28]},"num_concepts_raised":4833},{"base_id":192,"kind":"bot_words","i1":1,"i2":6,"sol":{"path":["/c/en/preschooler","/c/en/school","/c/en/us","/c/en/hollow"],"weight":0.21771999999999805,"degrees":[37,2171,8154,863]},"num_concepts_raised":52779},{"base_id":192,"kind":"bot_words","i1":1,"i2":7,"sol":{"path":["/c/en/preschooler","/c/en/school","/c/en/city","/c/en/suwon"],"weight":0.20822999999999975,"degrees":[37,2171,3758,55]},"num_concepts_raised":10449},{"base_id":192,"kind":"bot_words","i1":1,"i2":8,"sol":{"path":["/c/en/preschooler","/c/en/school","/c/en/life","/c/en/dying","/c/en/moribund"],"weight":0.20782999999999985,"degrees":[37,2171,2241,346,115]},"num_concepts_raised":10952},{"base_id":192,"kind":"bot_words","i1":1,"i2":9,"sol":{"path":["/c/en/preschooler","/c/en/child","/c/en/legal","/c/en/prescribe"],"weight":0.20487999999999973,"degrees":[37,2784,6627,184]},"num_concepts_raised":39484},{"base_id":192,"kind":"bot_words","i1":2,"i2":3,"sol":{"path":["/c/en/papist","/c/en/pope","/c/en/like","/c/en/enjoyment"],"weight":0.20737999999999884,"degrees":[75,607,2357,405]},"num_concepts_raised":59502},{"base_id":192,"kind":"bot_words","i1":2,"i2":4,"sol":{"path":["/c/en/papist","/c/en/christianity","/c/syc/ܪܘܫܡܐ","/c/en/pronunciation","/c/en/enunciation"],"weight":0.20511999999999975,"degrees":[75,2627,35,420,75]},"num_concepts_raised":8792},{"base_id":192,"kind":"bot_words","i1":2,"i2":5,"sol":{"path":["/c/en/papist","/c/en/christianity","/c/en/epiphany","/c/en/awe","/c/en/awed"],"weight":0.20642999999999984,"degrees":[75,2627,284,249,28]},"num_concepts_raised":5159},{"base_id":192,"kind":"bot_words","i1":2,"i2":6,"sol":{"path":["/c/en/papist","/c/en/christianity","/c/en/hope","/c/en/hollow"],"weight":0.219029999999998,"degrees":[75,2627,1268,863]},"num_concepts_raised":53206},{"base_id":192,"kind":"bot_words","i1":2,"i2":7,"sol":{"path":["/c/en/papist","/c/en/christianity","/c/en/religion","/c/en/suwon"],"weight":0.2096999999999997,"degrees":[75,2627,3331,55]},"num_concepts_raised":10653},{"base_id":192,"kind":"bot_words","i1":2,"i2":8,"sol":{"path":["/c/en/papist","/c/en/christianity","/c/en/heaven","/c/en/dying","/c/en/moribund"],"weight":0.2092199999999998,"degrees":[75,2627,933,346,115]},"num_concepts_raised":11292},{"base_id":192,"kind":"bot_words","i1":2,"i2":9,"sol":{"path":["/c/en/papist","/c/en/roman","/c/en/legal","/c/en/prescribe"],"weight":0.20535999999999968,"degrees":[75,450,6627,184]},"num_concepts_raised":39831},{"base_id":192,"kind":"bot_words","i1":3,"i2":4,"sol":{"path":["/c/en/enjoyment","/c/en/music","/c/en/articulation","/c/en/enunciation"],"weight":0.20831999999999884,"degrees":[405,8822,295,75]},"num_concepts_raised":59083},{"base_id":192,"kind":"bot_words","i1":3,"i2":5,"sol":{"path":["/c/en/enjoyment","/c/en/going_to_performance","/c/en/awe","/c/en/awed"],"weight":0.20854999999999893,"degrees":[405,88,249,28]},"num_concepts_raised":55759},{"base_id":192,"kind":"bot_words","i1":3,"i2":6,"sol":{"path":["/c/en/enjoyment","/c/en/thrill","/c/en/hole","/c/en/hollow"],"weight":0.22639999999999705,"degrees":[405,225,1499,863]},"num_concepts_raised":100813},{"base_id":192,"kind":"bot_words","i1":3,"i2":7,"sol":{"path":["/c/en/enjoyment","/c/en/like","/c/en/city","/c/en/suwon"],"weight":0.21196999999999877,"degrees":[405,2357,3758,55]},"num_concepts_raised":61078},{"base_id":192,"kind":"bot_words","i1":3,"i2":8,"sol":{"path":["/c/en/enjoyment","/c/en/pain","/c/en/dying","/c/en/moribund"],"weight":0.2114599999999989,"degrees":[405,2002,346,115]},"num_concepts_raised":61454},{"base_id":192,"kind":"bot_words","i1":3,"i2":9,"sol":{"path":["/c/en/enjoyment","/c/en/legal","/c/en/prescribe"],"weight":0.202,"degrees":[405,6627,184]},"num_concepts_raised":488},{"base_id":192,"kind":"bot_words","i1":4,"i2":5,"sol":{"path":["/c/en/enunciation","/c/en/speech","/c/en/speak","/c/en/thunderstruck","/c/en/awed"],"weight":0.20438999999999985,"degrees":[75,1403,1441,45,28]},"num_concepts_raised":4864},{"base_id":192,"kind":"bot_words","i1":4,"i2":6,"sol":{"path":["/c/en/enunciation","/c/en/clear","/c/en/empty","/c/en/hollow"],"weight":0.22151999999999794,"degrees":[75,2044,1046,863]},"num_concepts_raised":52829},{"base_id":192,"kind":"bot_words","i1":4,"i2":7,"sol":{"path":["/c/en/enunciation","/c/en/articulation","/c/en/tongue","/c/en/religion","/c/en/suwon"],"weight":0.20960999999999969,"degrees":[75,295,1213,3331,55]},"num_concepts_raised":10511},{"base_id":192,"kind":"bot_words","i1":4,"i2":8,"sol":{"path":["/c/en/enunciation","/c/fr/énonciation","/c/fr/terme","/c/en/end","/c/en/moribund"],"weight":0.2066299999999998,"degrees":[75,45,447,2782,115]},"num_concepts_raised":11000},{"base_id":192,"kind":"bot_words","i1":4,"i2":9,"sol":{"path":["/c/en/enunciation","/c/en/clear","/c/ar/شرع","/c/en/prescribe"],"weight":0.20517999999999967,"degrees":[75,2044,91,184]},"num_concepts_raised":39486},{"base_id":192,"kind":"bot_words","i1":5,"i2":6,"sol":{"path":["/c/en/awed","/c/en/awful","/c/en/us","/c/en/hollow"],"weight":0.21753999999999807,"degrees":[28,278,8154,863]},"num_concepts_raised":49454},{"base_id":192,"kind":"bot_words","i1":5,"i2":7,"sol":{"path":["/c/en/awed","/c/en/awe","/c/la/religio","/c/en/religion","/c/en/suwon"],"weight":0.21008999999999978,"degrees":[28,249,82,3331,55]},"num_concepts_raised":6887},{"base_id":192,"kind":"bot_words","i1":5,"i2":8,"sol":{"path":["/c/en/awed","/c/en/awe","/c/en/fear","/c/en/dying","/c/en/moribund"],"weight":0.2097099999999999,"degrees":[28,249,1900,346,115]},"num_concepts_raised":7383},{"base_id":192,"kind":"bot_words","i1":5,"i2":9,"sol":{"path":["/c/en/awed","/c/en/awe","/c/en/control","/c/fi/määrätä","/c/en/prescribe"],"weight":0.20780999999999977,"degrees":[28,249,1901,67,184]},"num_concepts_raised":36047},{"base_id":192,"kind":"bot_words","i1":6,"i2":7,"sol":{"path":["/c/en/hollow","/c/en/excavation","/c/en/city","/c/en/suwon"],"weight":0.22298999999999794,"degrees":[863,290,3758,55]},"num_concepts_raised":54813},{"base_id":192,"kind":"bot_words","i1":6,"i2":8,"sol":{"path":["/c/en/hollow","/c/en/bell","/c/en/death","/c/en/moribund"],"weight":0.21903999999999807,"degrees":[863,1216,2449,115]},"num_concepts_raised":55245},{"base_id":192,"kind":"bot_words","i1":6,"i2":9,"sol":{"path":["/c/en/hollow","/c/en/dig","/c/en/medicine","/c/en/prescribe"],"weight":0.2240399999999979,"degrees":[863,739,11938,184]},"num_concepts_raised":82330},{"base_id":192,"kind":"bot_words","i1":7,"i2":8,"sol":{"path":["/c/en/suwon","/c/en/religion","/c/en/die","/c/en/moribund"],"weight":0.20937999999999973,"degrees":[55,3331,2528,115]},"num_concepts_raised":13013},{"base_id":192,"kind":"bot_words","i1":7,"i2":9,"sol":{"path":["/c/en/suwon","/c/en/religion","/c/fr/ordonner","/c/en/prescribe"],"weight":0.21003999999999962,"degrees":[55,3331,319,184]},"num_concepts_raised":41498},{"base_id":192,"kind":"bot_words","i1":8,"i2":9,"sol":{"path":["/c/en/moribund","/c/en/die","/c/en/specify","/c/en/prescribe"],"weight":0.20604999999999973,"degrees":[115,2528,350,184]},"num_concepts_raised":41918}],[{"base_id":192,"kind":"top_words","i1":0,"i2":1,"sol":{"path":["/c/en/wicket","/c/en/cricket","/c/en/stand"],"weight":0.20800000000000002,"degrees":[210,1394,1476]},"num_concepts_raised":1415},{"base_id":192,"kind":"top_words","i1":0,"i2":2,"sol":{"path":["/c/en/wicket","/c/en/partnership"],"weight":0.20400000000000001,"degrees":[210,251]},"num_concepts_raised":387},{"base_id":192,"kind":"top_words","i1":0,"i2":3,"sol":{"path":["/c/en/wicket","/c/en/circle","/c/en/unbroken"],"weight":0.202,"degrees":[210,1376,161]},"num_concepts_raised":328},{"base_id":192,"kind":"top_words","i1":0,"i2":4,"sol":{"path":["/c/en/wicket","/c/en/point","/c/en/taper","/c/en/spatulate"],"weight":0.20482999999999943,"degrees":[210,2624,180,24]},"num_concepts_raised":50922},{"base_id":192,"kind":"top_words","i1":0,"i2":5,"sol":{"path":["/c/en/wicket","/c/en/cricket","/c/en/backward","/c/en/backflip"],"weight":0.2073299999999994,"degrees":[210,1394,287,55]},"num_concepts_raised":50121},{"base_id":192,"kind":"top_words","i1":0,"i2":6,"sol":{"path":["/c/en/wicket","/c/en/stump","/c/en/slang","/c/en/hotdog"],"weight":0.20736999999999933,"degrees":[210,485,16318,51]},"num_concepts_raised":61532},{"base_id":192,"kind":"top_words","i1":0,"i2":7,"sol":{"path":["/c/en/wicket","/c/en/cricket","/c/en/scout","/c/en/tiding"],"weight":0.20708999999999933,"degrees":[210,1394,335,45]},"num_concepts_raised":45573},{"base_id":192,"kind":"top_words","i1":0,"i2":8,"sol":{"path":["/c/en/wicket","/c/en/us","/c/en/lemonade"],"weight":0.20400000000000001,"degrees":[210,8154,251]},"num_concepts_raised":354},{"base_id":192,"kind":"top_words","i1":0,"i2":9,"sol":{"path":["/c/en/wicket","/c/en/cricket","/c/en/cover","/c/en/strew"],"weight":0.20971999999999924,"degrees":[210,1394,2802,240]},"num_concepts_raised":53644},{"base_id":192,"kind":"top_words","i1":1,"i2":2,"sol":{"path":["/c/en/stand","/c/en/partnership"],"weight":0.20800000000000002,"degrees":[1476,251]},"num_concepts_raised":1437},{"base_id":192,"kind":"top_words","i1":1,"i2":3,"sol":{"path":["/c/en/stand","/c/en/fix","/c/en/unbroken"],"weight":0.20600000000000002,"degrees":[1476,981,161]},"num_concepts_raised":1380},{"base_id":192,"kind":"top_words","i1":1,"i2":4,"sol":{"path":["/c/en/stand","/c/en/foot","/c/en/botany","/c/en/spatulate"],"weight":0.23112999999999684,"degrees":[1476,1983,6881,24]},"num_concepts_raised":262974},{"base_id":192,"kind":"top_words","i1":1,"i2":5,"sol":{"path":["/c/en/stand","/c/en/opinion","/c/en/backflip"],"weight":0.20600000000000002,"degrees":[1476,1184,55]},"num_concepts_raised":1280},{"base_id":192,"kind":"top_words","i1":1,"i2":6,"sol":{"path":["/c/en/stand","/c/no/stå","/c/en/slang","/c/en/hotdog"],"weight":0.23327999999999677,"degrees":[1476,71,16318,51]},"num_concepts_raised":272458},{"base_id":192,"kind":"top_words","i1":1,"i2":7,"sol":{"path":["/c/en/stand","/c/en/news","/c/en/tiding"],"weight":0.20600000000000002,"degrees":[1476,1317,45]},"num_concepts_raised":1277},{"base_id":192,"kind":"top_words","i1":1,"i2":8,"sol":{"path":["/c/en/stand","/c/en/us","/c/en/lemonade"],"weight":0.20800000000000002,"degrees":[1476,8154,251]},"num_concepts_raised":1406},{"base_id":192,"kind":"top_words","i1":1,"i2":9,"sol":{"path":["/c/en/stand","/c/en/position","/c/en/cover","/c/en/strew"],"weight":0.23433999999999666,"degrees":[1476,2038,2802,240]},"num_concepts_raised":264989},{"base_id":192,"kind":"top_words","i1":2,"i2":3,"sol":{"path":["/c/en/partnership","/c/en/contract","/c/en/unbroken"],"weight":0.20400000000000001,"degrees":[251,1244,161]},"num_concepts_raised":348},{"base_id":192,"kind":"top_words","i1":2,"i2":4,"sol":{"path":["/c/en/partnership","/c/en/contract","/c/en/narrow","/c/en/spatulate"],"weight":0.21026999999999946,"degrees":[251,1244,951,24]},"num_concepts_raised":38146},{"base_id":192,"kind":"top_words","i1":2,"i2":5,"sol":{"path":["/c/en/partnership","/c/en/cricket","/c/en/backward","/c/en/backflip"],"weight":0.21069999999999944,"degrees":[251,1394,287,55]},"num_concepts_raised":37608},{"base_id":192,"kind":"top_words","i1":2,"i2":6,"sol":{"path":["/c/en/partnership","/c/en/partner","/c/en/stick","/c/en/hotdog"],"weight":0.21262999999999938,"degrees":[251,618,2046,51]},"num_concepts_raised":50752},{"base_id":192,"kind":"top_words","i1":2,"i2":7,"sol":{"path":["/c/en/partnership","/c/en/stand","/c/en/news","/c/en/tiding"],"weight":0.21072999999999942,"degrees":[251,1476,1317,45]},"num_concepts_raised":32671},{"base_id":192,"kind":"top_words","i1":2,"i2":8,"sol":{"path":["/c/en/partnership","/c/en/partner","/c/en/person","/c/en/lemonade"],"weight":0.22078999999999946,"degrees":[251,618,12935,251]},"num_concepts_raised":67622},{"base_id":192,"kind":"top_words","i1":2,"i2":9,"sol":{"path":["/c/en/partnership","/c/en/business","/c/en/spread","/c/en/strew"],"weight":0.21378999999999931,"degrees":[251,2538,1574,240]},"num_concepts_raised":41012},{"base_id":192,"kind":"top_words","i1":3,"i2":4,"sol":{"path":["/c/en/unbroken","/c/en/continuous","/c/en/botany","/c/en/spatulate"],"weight":0.20565999999999962,"degrees":[161,579,6881,24]},"num_concepts_raised":24164},{"base_id":192,"kind":"top_words","i1":3,"i2":5,"sol":{"path":["/c/en/unbroken","/c/fr/entier","/c/en/full","/c/en/backflip"],"weight":0.2058199999999996,"degrees":[161,390,1421,55]},"num_concepts_raised":23596},{"base_id":192,"kind":"top_words","i1":3,"i2":6,"sol":{"path":["/c/en/unbroken","/c/en/sound","/c/en/slang","/c/en/hotdog"],"weight":0.2058199999999995,"degrees":[161,3218,16318,51]},"num_concepts_raised":36778},{"base_id":192,"kind":"top_words","i1":3,"i2":7,"sol":{"path":["/c/en/unbroken","/c/en/panorama","/c/en/newspaper","/c/de/zeitung","/c/en/tiding"],"weight":0.20657999999999954,"degrees":[161,166,1133,170,45]},"num_concepts_raised":18759},{"base_id":192,"kind":"top_words","i1":3,"i2":8,"sol":{"path":["/c/en/unbroken","/c/en/solid","/c/en/drink","/c/en/lemonade"],"weight":0.2159199999999996,"degrees":[161,1304,2548,251]},"num_concepts_raised":53952},{"base_id":192,"kind":"top_words","i1":3,"i2":9,"sol":{"path":["/c/en/unbroken","/c/en/solid","/c/en/strain","/c/en/strew"],"weight":0.20896999999999943,"degrees":[161,1304,739,240]},"num_concepts_raised":27200},{"base_id":192,"kind":"top_words","i1":4,"i2":5,"sol":{"path":["/c/en/spatulate","/c/en/botany","/c/en/reverse","/c/en/backflip"],"weight":0.20308999999999988,"degrees":[24,6881,677,55]},"num_concepts_raised":15984},{"base_id":192,"kind":"top_words","i1":4,"i2":6,"sol":{"path":["/c/en/spatulate","/c/en/spatula","/c/en/stick","/c/en/hotdog"],"weight":0.20492999999999983,"degrees":[24,226,2046,51]},"num_concepts_raised":29321},{"base_id":192,"kind":"top_words","i1":4,"i2":7,"sol":{"path":["/c/en/spatulate","/c/en/botany","/c/de/blatt","/c/de/zeitung","/c/en/tiding"],"weight":0.20492999999999983,"degrees":[24,6881,379,170,45]},"num_concepts_raised":10794},{"base_id":192,"kind":"top_words","i1":4,"i2":8,"sol":{"path":["/c/en/spatulate","/c/en/botany","/c/en/fruit","/c/en/lemonade"],"weight":0.21106999999999992,"degrees":[24,6881,2192,251]},"num_concepts_raised":46585},{"base_id":192,"kind":"top_words","i1":4,"i2":9,"sol":{"path":["/c/en/spatulate","/c/en/broad","/c/en/street","/c/en/strew"],"weight":0.20531999999999978,"degrees":[24,496,1387,240]},"num_concepts_raised":19468},{"base_id":192,"kind":"top_words","i1":5,"i2":6,"sol":{"path":["/c/en/backflip","/c/en/flip","/c/en/slang","/c/en/hotdog"],"weight":0.20435999999999982,"degrees":[55,351,16318,51]},"num_concepts_raised":28943},{"base_id":192,"kind":"top_words","i1":5,"i2":7,"sol":{"path":["/c/en/backflip","/c/en/opinion","/c/en/newspaper","/c/de/zeitung","/c/en/tiding"],"weight":0.2053499999999998,"degrees":[55,1184,1133,170,45]},"num_concepts_raised":10501},{"base_id":192,"kind":"top_words","i1":5,"i2":8,"sol":{"path":["/c/en/backflip","/c/en/flip","/c/en/uk","/c/en/lemonade"],"weight":0.21245999999999993,"degrees":[55,351,5562,251]},"num_concepts_raised":46150},{"base_id":192,"kind":"top_words","i1":5,"i2":9,"sol":{"path":["/c/en/backflip","/c/en/back","/c/en/cover","/c/en/strew"],"weight":0.20581999999999973,"degrees":[55,2238,2802,240]},"num_concepts_raised":19113},{"base_id":192,"kind":"top_words","i1":6,"i2":7,"sol":{"path":["/c/en/hotdog","/c/en/frank","/c/en/hot","/c/en/news","/c/en/tiding"],"weight":0.20459999999999975,"degrees":[51,450,1227,1317,45]},"num_concepts_raised":23916},{"base_id":192,"kind":"top_words","i1":6,"i2":8,"sol":{"path":["/c/en/hotdog","/c/en/slang","/c/en/beverage","/c/en/lemonade"],"weight":0.21350999999999984,"degrees":[51,16318,746,251]},"num_concepts_raised":57203},{"base_id":192,"kind":"top_words","i1":6,"i2":9,"sol":{"path":["/c/en/hotdog","/c/en/slang","/c/en/spread","/c/en/strew"],"weight":0.20630999999999966,"degrees":[51,16318,1574,240]},"num_concepts_raised":32344},{"base_id":192,"kind":"top_words","i1":7,"i2":8,"sol":{"path":["/c/en/tiding","/c/en/scout","/c/en/person","/c/en/lemonade"],"weight":0.21118999999999988,"degrees":[45,335,12935,251]},"num_concepts_raised":41293},{"base_id":192,"kind":"top_words","i1":7,"i2":9,"sol":{"path":["/c/en/tiding","/c/en/news","/c/en/spread","/c/en/strew"],"weight":0.2065099999999997,"degrees":[45,1317,1574,240]},"num_concepts_raised":14007},{"base_id":192,"kind":"top_words","i1":8,"i2":9,"sol":{"path":["/c/en/lemonade","/c/en/drink","/c/en/straw","/c/en/strew"],"weight":0.21610999999999975,"degrees":[251,2548,651,240]},"num_concepts_raised":49581}]]