[[{"base_id":99,"kind":"bot_words","i1":0,"i2":1,"sol":{"path":["/c/en/standard","/c/en/wine","/c/en/libation"],"weight":0.20500000000000002,"degrees":[1054,1776,137]},"num_concepts_raised":1005},{"base_id":99,"kind":"bot_words","i1":0,"i2":2,"sol":{"path":["/c/en/standard","/c/en/authority","/c/en/sedition"],"weight":0.20600000000000002,"degrees":[1054,1198,78]},"num_concepts_raised":960},{"base_id":99,"kind":"bot_words","i1":0,"i2":3,"sol":{"path":["/c/en/standard","/c/en/measure","/c/en/deep","/c/en/deepness"],"weight":0.2250199999999973,"degrees":[1054,1837,984,40]},"num_concepts_raised":94461},{"base_id":99,"kind":"bot_words","i1":0,"i2":4,"sol":{"path":["/c/en/standard","/c/en/quality","/c/en/vein","/c/en/intravenous"],"weight":0.22382999999999736,"degrees":[1054,1710,969,119]},"num_concepts_raised":106796},{"base_id":99,"kind":"bot_words","i1":0,"i2":5,"sol":{"path":["/c/en/standard","/c/en/regular","/c/en/secular"],"weight":0.20700000000000002,"degrees":[1054,736,300]},"num_concepts_raised":1136},{"base_id":99,"kind":"bot_words","i1":0,"i2":6,"sol":{"path":["/c/en/standard","/c/en/criterion","/c/en/people","/c/en/scientists"],"weight":0.22449999999999729,"degrees":[1054,243,4475,38]},"num_concepts_raised":98682},{"base_id":99,"kind":"bot_words","i1":0,"i2":7,"sol":{"path":["/c/en/standard","/c/en/normal","/c/en/physics","/c/en/spintronics"],"weight":0.2294399999999973,"degrees":[1054,604,9094,51]},"num_concepts_raised":105079},{"base_id":99,"kind":"bot_words","i1":0,"i2":8,"sol":{"path":["/c/en/standard","/c/en/criterion","/c/en/people","/c/en/flawed"],"weight":0.22481999999999733,"degrees":[1054,243,4475,60]},"num_concepts_raised":100083},{"base_id":99,"kind":"bot_words","i1":0,"i2":9,"sol":{"path":["/c/en/standard","/c/en/unit","/c/en/television_show","/c/en/roseanne"],"weight":0.22439999999999732,"degrees":[1054,1582,287,31]},"num_concepts_raised":93616},{"base_id":99,"kind":"bot_words","i1":1,"i2":2,"sol":{"path":["/c/en/libation","/c/en/drink","/c/en/state","/c/en/sedition"],"weight":0.21103999999999973,"degrees":[137,2548,3243,78]},"num_concepts_raised":24682},{"base_id":99,"kind":"bot_words","i1":1,"i2":3,"sol":{"path":["/c/en/libation","/c/en/drink","/c/en/draft","/c/en/depth","/c/en/deepness"],"weight":0.2068399999999998,"degrees":[137,2548,774,432,40]},"num_concepts_raised":15722},{"base_id":99,"kind":"bot_words","i1":1,"i2":4,"sol":{"path":["/c/en/libation","/c/en/drink","/c/en/medicine","/c/en/intravenous"],"weight":0.20693999999999985,"degrees":[137,2548,11938,119]},"num_concepts_raised":28710},{"base_id":99,"kind":"bot_words","i1":1,"i2":5,"sol":{"path":["/c/en/libation","/c/en/wine","/c/en/church","/c/en/secular"],"weight":0.20890999999999957,"degrees":[137,1776,1592,300]},"num_concepts_raised":43401},{"base_id":99,"kind":"bot_words","i1":1,"i2":6,"sol":{"path":["/c/en/libation","/c/en/drink","/c/en/people","/c/en/scientists"],"weight":0.2055099999999998,"degrees":[137,2548,4475,38]},"num_concepts_raised":20433},{"base_id":99,"kind":"bot_words","i1":1,"i2":7,"sol":{"path":["/c/en/libation","/c/en/pour","/c/en/transfer","/c/en/spintronics"],"weight":0.20951999999999982,"degrees":[137,811,1217,51]},"num_concepts_raised":27229},{"base_id":99,"kind":"bot_words","i1":1,"i2":8,"sol":{"path":["/c/en/libation","/c/en/drink","/c/en/people","/c/en/flawed"],"weight":0.20582999999999985,"degrees":[137,2548,4475,60]},"num_concepts_raised":22141},{"base_id":99,"kind":"bot_words","i1":1,"i2":9,"sol":{"path":["/c/en/libation","/c/en/drink","/c/en/what","/c/en/television_show","/c/en/roseanne"],"weight":0.21042999999999978,"degrees":[137,2548,1146,287,31]},"num_concepts_raised":14747},{"base_id":99,"kind":"bot_words","i1":2,"i2":3,"sol":{"path":["/c/en/sedition","/c/en/law","/c/en/degree","/c/en/depth","/c/en/deepness"],"weight":0.20974999999999971,"degrees":[78,3727,1513,432,40]},"num_concepts_raised":12114},{"base_id":99,"kind":"bot_words","i1":2,"i2":4,"sol":{"path":["/c/en/sedition","/c/en/disorder","/c/en/medicine","/c/en/intravenous"],"weight":0.20981999999999976,"degrees":[78,1087,11938,119]},"num_concepts_raised":25122},{"base_id":99,"kind":"bot_words","i1":2,"i2":5,"sol":{"path":["/c/en/sedition","/c/en/law","/c/ru/мирской","/c/en/secular"],"weight":0.21289999999999948,"degrees":[78,3727,18,300]},"num_concepts_raised":39487},{"base_id":99,"kind":"bot_words","i1":2,"i2":6,"sol":{"path":["/c/en/sedition","/c/syc/ܐܟܠܘܣ","/c/en/people","/c/en/scientists"],"weight":0.2083699999999997,"degrees":[78,10,4475,38]},"num_concepts_raised":16786},{"base_id":99,"kind":"bot_words","i1":2,"i2":7,"sol":{"path":["/c/en/sedition","/c/en/law","/c/en/charge","/c/en/spintronics"],"weight":0.21363999999999972,"degrees":[78,3727,1848,51]},"num_concepts_raised":23564},{"base_id":99,"kind":"bot_words","i1":2,"i2":8,"sol":{"path":["/c/en/sedition","/c/en/state","/c/en/perfect","/c/en/flawed"],"weight":0.20982999999999974,"degrees":[78,3243,750,60]},"num_concepts_raised":18523},{"base_id":99,"kind":"bot_words","i1":2,"i2":9,"sol":{"path":["/c/en/sedition","/c/en/law","/c/en/bill","/c/en/television_show","/c/en/roseanne"],"weight":0.2133499999999997,"degrees":[78,3727,1413,287,31]},"num_concepts_raised":11133},{"base_id":99,"kind":"bot_words","i1":3,"i2":4,"sol":{"path":["/c/en/deepness","/c/gv/loghtalid","/c/en/medicine","/c/en/intravenous"],"weight":0.20428999999999983,"degrees":[40,9,11938,119]},"num_concepts_raised":16050},{"base_id":99,"kind":"bot_words","i1":3,"i2":5,"sol":{"path":["/c/en/deepness","/c/en/depth","/c/en/literary","/c/en/secular"],"weight":0.20751999999999954,"degrees":[40,432,6728,300]},"num_concepts_raised":31107},{"base_id":99,"kind":"bot_words","i1":3,"i2":6,"sol":{"path":["/c/en/deepness","/c/en/depth","/c/en/color","/c/en/people","/c/en/scientists"],"weight":0.20419999999999977,"degrees":[40,432,1870,4475,38]},"num_concepts_raised":7682},{"base_id":99,"kind":"bot_words","i1":3,"i2":7,"sol":{"path":["/c/en/deepness","/c/en/depth","/c/en/aeronautics","/c/en/physics","/c/en/spintronics"],"weight":0.2095499999999998,"degrees":[40,432,288,9094,51]},"num_concepts_raised":14597},{"base_id":99,"kind":"bot_words","i1":3,"i2":8,"sol":{"path":["/c/en/deepness","/c/en/deep","/c/en/adjective","/c/en/perfect","/c/en/flawed"],"weight":0.20542999999999983,"degrees":[40,984,783,750,60]},"num_concepts_raised":9451},{"base_id":99,"kind":"bot_words","i1":3,"i2":9,"sol":{"path":["/c/en/deepness","/c/en/deep","/c/en/company","/c/en/sitcom","/c/en/roseanne"],"weight":0.20894999999999977,"degrees":[40,984,2258,146,31]},"num_concepts_raised":1851},{"base_id":99,"kind":"bot_words","i1":4,"i2":5,"sol":{"path":["/c/en/intravenous","/c/en/injection","/c/en/function","/c/en/secular"],"weight":0.20749999999999957,"degrees":[119,343,1730,300]},"num_concepts_raised":44063},{"base_id":99,"kind":"bot_words","i1":4,"i2":6,"sol":{"path":["/c/en/intravenous","/c/en/medicine","/c/en/geneticist","/c/en/scientist","/c/en/scientists"],"weight":0.2053999999999998,"degrees":[119,11938,102,921,38]},"num_concepts_raised":20845},{"base_id":99,"kind":"bot_words","i1":4,"i2":7,"sol":{"path":["/c/en/intravenous","/c/en/medicine","/c/en/transfer","/c/en/spintronics"],"weight":0.20950999999999986,"degrees":[119,11938,1217,51]},"num_concepts_raised":27670},{"base_id":99,"kind":"bot_words","i1":4,"i2":8,"sol":{"path":["/c/en/intravenous","/c/en/vein","/c/en/botany","/c/en/imperfect","/c/en/flawed"],"weight":0.20657999999999987,"degrees":[119,969,6881,316,60]},"num_concepts_raised":22591},{"base_id":99,"kind":"bot_words","i1":4,"i2":9,"sol":{"path":["/c/en/intravenous","/c/en/vein","/c/en/bonanza","/c/en/television_show","/c/en/roseanne"],"weight":0.21003999999999978,"degrees":[119,969,62,287,31]},"num_concepts_raised":15071},{"base_id":99,"kind":"bot_words","i1":5,"i2":6,"sol":{"path":["/c/en/secular","/c/en/order","/c/en/people","/c/en/scientists"],"weight":0.20629999999999954,"degrees":[300,2833,4475,38]},"num_concepts_raised":35642},{"base_id":99,"kind":"bot_words","i1":5,"i2":7,"sol":{"path":["/c/en/secular","/c/en/lay","/c/en/charge","/c/en/spintronics"],"weight":0.21185999999999955,"degrees":[300,951,1848,51]},"num_concepts_raised":42500},{"base_id":99,"kind":"bot_words","i1":5,"i2":8,"sol":{"path":["/c/en/secular","/c/en/order","/c/en/people","/c/en/flawed"],"weight":0.20661999999999958,"degrees":[300,2833,4475,60]},"num_concepts_raised":37337},{"base_id":99,"kind":"bot_words","i1":5,"i2":9,"sol":{"path":["/c/en/secular","/c/en/regular","/c/en/series","/c/en/sitcom","/c/en/roseanne"],"weight":0.21223999999999954,"degrees":[300,736,883,146,31]},"num_concepts_raised":30167},{"base_id":99,"kind":"bot_words","i1":6,"i2":7,"sol":{"path":["/c/en/scientists","/c/en/people","/c/en/information","/c/en/spintronics"],"weight":0.2081199999999998,"degrees":[38,4475,1544,51]},"num_concepts_raised":19283},{"base_id":99,"kind":"bot_words","i1":6,"i2":8,"sol":{"path":["/c/en/scientists","/c/en/people","/c/en/flawed"],"weight":0.202,"degrees":[38,4475,60]},"num_concepts_raised":86},{"base_id":99,"kind":"bot_words","i1":6,"i2":9,"sol":{"path":["/c/en/scientists","/c/en/people","/c/en/friends","/c/en/sitcom","/c/en/roseanne"],"weight":0.20783999999999975,"degrees":[38,4475,290,146,31]},"num_concepts_raised":6688},{"base_id":99,"kind":"bot_words","i1":7,"i2":8,"sol":{"path":["/c/en/spintronics","/c/en/information","/c/en/people","/c/en/flawed"],"weight":0.20842999999999984,"degrees":[51,1544,4475,60]},"num_concepts_raised":21133},{"base_id":99,"kind":"bot_words","i1":7,"i2":9,"sol":{"path":["/c/en/spintronics","/c/en/physics","/c/en/quantum_leap","/c/en/television_show","/c/en/roseanne"],"weight":0.2131599999999998,"degrees":[51,9094,67,287,31]},"num_concepts_raised":13614},{"base_id":99,"kind":"bot_words","i1":8,"i2":9,"sol":{"path":["/c/en/flawed","/c/en/flaw","/c/en/situation","/c/en/sitcom","/c/en/roseanne"],"weight":0.2091699999999998,"degrees":[60,315,1146,146,31]},"num_concepts_raised":8468}],[{"base_id":99,"kind":"top_words","i1":0,"i2":1,"sol":{"path":["/c/en/harassed","/c/en/harass","/c/en/trouble","/c/xcl/չար","/c/en/ruthlessly","/c/en/mercilessly"],"weight":0.21016189999999976,"degrees":[39,407,1456,29,83,45]},"num_concepts_raised":94179},{"base_id":99,"kind":"top_words","i1":0,"i2":2,"sol":{"path":["/c/en/harassed","/c/en/troubled","/c/en/anxious","/c/en/wild","/c/en/savagely"],"weight":0.20396999999999985,"degrees":[39,199,370,1146,35]},"num_concepts_raised":2803},{"base_id":99,"kind":"top_words","i1":0,"i2":3,"sol":{"path":["/c/en/harassed","/c/en/harass","/c/en/rack","/c/en/cut","/c/en/emasculated"],"weight":0.20383999999999985,"degrees":[39,407,554,2951,29]},"num_concepts_raised":4660},{"base_id":99,"kind":"top_words","i1":0,"i2":4,"sol":{"path":["/c/en/harassed","/c/en/troubled","/c/en/trouble","/c/en/wrong","/c/en/unjustly"],"weight":0.20451999999999992,"degrees":[39,199,1456,1039,66]},"num_concepts_raised":4033},{"base_id":99,"kind":"top_words","i1":0,"i2":5,"sol":{"path":["/c/en/harassed","/c/en/troubled","/c/en/careful","/c/en/thorough","/c/en/soundly"],"weight":0.2042999999999997,"degrees":[39,199,643,293,66]},"num_concepts_raised":8625},{"base_id":99,"kind":"top_words","i1":0,"i2":6,"sol":{"path":["/c/en/harassed","/c/en/harass","/c/en/monster","/c/en/cruel","/c/en/cruelly"],"weight":0.20586999999999983,"degrees":[39,407,693,567,93]},"num_concepts_raised":3189},{"base_id":99,"kind":"top_words","i1":0,"i2":7,"sol":{"path":["/c/en/harassed","/c/en/harass","/c/en/attack","/c/en/pearl_harbor","/c/en/rudely"],"weight":0.20508000000000007,"degrees":[39,407,1799,120,104]},"num_concepts_raised":2785},{"base_id":99,"kind":"top_words","i1":0,"i2":8,"sol":{"path":["/c/en/harassed","/c/en/harass","/c/en/haze","/c/en/film","/c/en/hoodwinked"],"weight":0.20885999999999982,"degrees":[39,407,266,2504,30]},"num_concepts_raised":3464},{"base_id":99,"kind":"top_words","i1":0,"i2":9,"sol":{"path":["/c/en/harassed","/c/en/harass","/c/en/squeeze","/c/en/squash","/c/en/squashed"],"weight":0.20496999999999985,"degrees":[39,407,661,599,34]},"num_concepts_raised":5984},{"base_id":99,"kind":"top_words","i1":1,"i2":2,"sol":{"path":["/c/en/mercilessly","/c/en/ruthlessly","/c/ceb/sinalbahis","/c/en/savagely"],"weight":0.2041499999999999,"degrees":[45,83,14,35]},"num_concepts_raised":2320},{"base_id":99,"kind":"top_words","i1":1,"i2":3,"sol":{"path":["/c/en/mercilessly","/c/en/merciless","/c/en/bloody","/c/en/cut","/c/en/emasculated"],"weight":0.20397999999999988,"degrees":[45,200,392,2951,29]},"num_concepts_raised":4197},{"base_id":99,"kind":"top_words","i1":1,"i2":4,"sol":{"path":["/c/en/mercilessly","/c/en/ruthlessly","/c/hy/անիրավ","/c/en/unjustly"],"weight":0.20463999999999993,"degrees":[45,83,12,66]},"num_concepts_raised":3552},{"base_id":99,"kind":"top_words","i1":1,"i2":5,"sol":{"path":["/c/en/mercilessly","/c/en/merciless","/c/en/hard","/c/en/tight","/c/en/soundly"],"weight":0.2043499999999997,"degrees":[45,200,1500,613,66]},"num_concepts_raised":8165},{"base_id":99,"kind":"top_words","i1":1,"i2":6,"sol":{"path":["/c/en/mercilessly","/c/en/ruthlessly","/c/en/cruelly"],"weight":0.203,"degrees":[45,83,93]},"num_concepts_raised":111},{"base_id":99,"kind":"top_words","i1":1,"i2":7,"sol":{"path":["/c/en/mercilessly","/c/en/ruthlessly","/c/en/cruelly","/c/la/barbare","/c/en/rudely"],"weight":0.20637000000000008,"degrees":[45,83,93,13,104]},"num_concepts_raised":2313},{"base_id":99,"kind":"top_words","i1":1,"i2":8,"sol":{"path":["/c/en/mercilessly","/c/en/ruthlessly","/c/en/pity","/c/en/take","/c/en/film","/c/en/hoodwinked"],"weight":0.2126235999999994,"degrees":[45,83,499,2552,2504,30]},"num_concepts_raised":187502},{"base_id":99,"kind":"top_words","i1":1,"i2":9,"sol":{"path":["/c/en/mercilessly","/c/en/ruthlessly","/c/en/steamroller","/c/en/squash","/c/en/squashed"],"weight":0.20516999999999985,"degrees":[45,83,107,599,34]},"num_concepts_raised":5521},{"base_id":99,"kind":"top_words","i1":2,"i2":3,"sol":{"path":["/c/en/savagely","/c/en/wild","/c/en/slang","/c/en/cut","/c/en/emasculated"],"weight":0.20287999999999987,"degrees":[35,1146,16318,2951,29]},"num_concepts_raised":5224},{"base_id":99,"kind":"top_words","i1":2,"i2":4,"sol":{"path":["/c/en/savagely","/c/fr/sauvagement","/c/fr/manière","/c/fr/injustement","/c/en/unjustly"],"weight":0.20557999999999993,"degrees":[35,26,1757,44,66]},"num_concepts_raised":4589},{"base_id":99,"kind":"top_words","i1":2,"i2":5,"sol":{"path":["/c/en/savagely","/c/en/wild","/c/en/slang","/c/en/sound","/c/en/soundly"],"weight":0.2032799999999997,"degrees":[35,1146,16318,3218,66]},"num_concepts_raised":9184},{"base_id":99,"kind":"top_words","i1":2,"i2":6,"sol":{"path":["/c/en/savagely","/c/it/selvaggiamente","/c/en/cruelly"],"weight":0.203,"degrees":[35,12,93]},"num_concepts_raised":102},{"base_id":99,"kind":"top_words","i1":2,"i2":7,"sol":{"path":["/c/en/savagely","/c/en/gently","/c/en/roughly","/c/en/rudely"],"weight":0.20423000000000008,"degrees":[35,254,259,104]},"num_concepts_raised":3312},{"base_id":99,"kind":"top_words","i1":2,"i2":8,"sol":{"path":["/c/en/savagely","/c/en/wild","/c/en/film","/c/en/hoodwinked"],"weight":0.2078399999999998,"degrees":[35,1146,2504,30]},"num_concepts_raised":4021},{"base_id":99,"kind":"top_words","i1":2,"i2":9,"sol":{"path":["/c/en/savagely","/c/en/wild","/c/en/slang","/c/en/squash","/c/en/squashed"],"weight":0.20395999999999986,"degrees":[35,1146,16318,599,34]},"num_concepts_raised":6537},{"base_id":99,"kind":"top_words","i1":3,"i2":4,"sol":{"path":["/c/en/emasculated","/c/en/emasculate","/c/en/deprive","/c/en/wrong","/c/en/unjustly"],"weight":0.20437999999999995,"degrees":[29,147,418,1039,66]},"num_concepts_raised":6447},{"base_id":99,"kind":"top_words","i1":3,"i2":5,"sol":{"path":["/c/en/emasculated","/c/en/emasculate","/c/la/ex","/c/en/thoroughly","/c/en/soundly"],"weight":0.2041799999999997,"degrees":[29,147,468,324,66]},"num_concepts_raised":10969},{"base_id":99,"kind":"top_words","i1":3,"i2":6,"sol":{"path":["/c/en/emasculated","/c/en/cut","/c/en/slang","/c/en/cruel","/c/en/cruelly"],"weight":0.20480999999999983,"degrees":[29,2951,16318,567,93]},"num_concepts_raised":5596},{"base_id":99,"kind":"top_words","i1":3,"i2":7,"sol":{"path":["/c/en/emasculated","/c/en/cut","/c/en/bruise","/c/en/roughly","/c/en/rudely"],"weight":0.20422000000000007,"degrees":[29,2951,461,259,104]},"num_concepts_raised":5201},{"base_id":99,"kind":"top_words","i1":3,"i2":8,"sol":{"path":["/c/en/emasculated","/c/en/cut","/c/en/film","/c/en/hoodwinked"],"weight":0.20775999999999983,"degrees":[29,2951,2504,30]},"num_concepts_raised":5865},{"base_id":99,"kind":"top_words","i1":3,"i2":9,"sol":{"path":["/c/en/emasculated","/c/en/cut","/c/en/squash","/c/en/squashed"],"weight":0.20384999999999986,"degrees":[29,2951,599,34]},"num_concepts_raised":8331},{"base_id":99,"kind":"top_words","i1":4,"i2":5,"sol":{"path":["/c/en/unjustly","/c/en/justly","/c/en/properly","/c/fi/kunnolla","/c/en/soundly"],"weight":0.20567999999999978,"degrees":[66,95,212,18,66]},"num_concepts_raised":10370},{"base_id":99,"kind":"top_words","i1":4,"i2":6,"sol":{"path":["/c/en/unjustly","/c/en/tyrant","/c/en/cruelly"],"weight":0.202,"degrees":[66,376,93]},"num_concepts_raised":123},{"base_id":99,"kind":"top_words","i1":4,"i2":7,"sol":{"path":["/c/en/unjustly","/c/en/unfairly","/c/it/scorrettamente","/c/en/rudely"],"weight":0.20683000000000015,"degrees":[66,65,11,104]},"num_concepts_raised":4550},{"base_id":99,"kind":"top_words","i1":4,"i2":8,"sol":{"path":["/c/en/unjustly","/c/en/unjust","/c/en/film","/c/en/hoodwinked"],"weight":0.20841999999999988,"degrees":[66,226,2504,30]},"num_concepts_raised":5250},{"base_id":99,"kind":"top_words","i1":4,"i2":9,"sol":{"path":["/c/en/unjustly","/c/en/just","/c/en/court","/c/en/squash","/c/en/squashed"],"weight":0.20440999999999993,"degrees":[66,999,1616,599,34]},"num_concepts_raised":7764},{"base_id":99,"kind":"top_words","i1":5,"i2":6,"sol":{"path":["/c/en/soundly","/c/en/sound","/c/en/slang","/c/en/cruel","/c/en/cruelly"],"weight":0.20520999999999967,"degrees":[66,3218,16318,567,93]},"num_concepts_raised":9544},{"base_id":99,"kind":"top_words","i1":5,"i2":7,"sol":{"path":["/c/en/soundly","/c/en/completely","/c/ja/がらり","/c/en/rudely"],"weight":0.2043099999999999,"degrees":[66,778,13,104]},"num_concepts_raised":9154},{"base_id":99,"kind":"top_words","i1":5,"i2":8,"sol":{"path":["/c/en/soundly","/c/en/sound","/c/en/voice","/c/en/film","/c/en/hoodwinked"],"weight":0.20820999999999967,"degrees":[66,3218,1403,2504,30]},"num_concepts_raised":9824},{"base_id":99,"kind":"top_words","i1":5,"i2":9,"sol":{"path":["/c/en/soundly","/c/en/destroy","/c/en/smash","/c/en/squashed"],"weight":0.2031199999999997,"degrees":[66,1339,595,34]},"num_concepts_raised":12242},{"base_id":99,"kind":"top_words","i1":6,"i2":7,"sol":{"path":["/c/en/cruelly","/c/la/barbare","/c/en/rudely"],"weight":0.203,"degrees":[93,13,104]},"num_concepts_raised":151},{"base_id":99,"kind":"top_words","i1":6,"i2":8,"sol":{"path":["/c/en/cruelly","/c/en/murder","/c/en/crime","/c/en/film","/c/en/hoodwinked"],"weight":0.2086199999999998,"degrees":[93,937,1155,2504,30]},"num_concepts_raised":4414},{"base_id":99,"kind":"top_words","i1":6,"i2":9,"sol":{"path":["/c/en/cruelly","/c/en/cruel","/c/en/slang","/c/en/squash","/c/en/squashed"],"weight":0.20588999999999982,"degrees":[93,567,16318,599,34]},"num_concepts_raised":6924},{"base_id":99,"kind":"top_words","i1":7,"i2":8,"sol":{"path":["/c/en/rudely","/c/fr/abruptement","/c/en/short","/c/en/film","/c/en/hoodwinked"],"weight":0.20900000000000002,"degrees":[104,48,1446,2504,30]},"num_concepts_raised":4009},{"base_id":99,"kind":"top_words","i1":7,"i2":9,"sol":{"path":["/c/en/rudely","/c/en/pearl_harbor","/c/en/slang","/c/en/squash","/c/en/squashed"],"weight":0.20512000000000008,"degrees":[104,120,16318,599,34]},"num_concepts_raised":6527},{"base_id":99,"kind":"top_words","i1":8,"i2":9,"sol":{"path":["/c/en/hoodwinked","/c/en/film","/c/en/cut","/c/en/squash","/c/en/squashed"],"weight":0.2088499999999998,"degrees":[30,2504,2951,599,34]},"num_concepts_raised":7187}]]