[[{"base_id":16,"kind":"bot_words","i1":0,"i2":1,"sol":{"path":["/c/en/formalization","/c/en/formal","/c/en/slang","/c/en/spa"],"weight":0.2044599999999997,"degrees":[31,2270,16318,160]},"num_concepts_raised":47739},{"base_id":16,"kind":"bot_words","i1":0,"i2":2,"sol":{"path":["/c/en/formalization","/c/en/formal","/c/la/stipulor","/c/en/stipulate"],"weight":0.20553999999999967,"degrees":[31,2270,71,172]},"num_concepts_raised":19585},{"base_id":16,"kind":"bot_words","i1":0,"i2":3,"sol":{"path":["/c/en/formalization","/c/en/formal","/c/en/structure","/c/en/tree","/c/en/baobab"],"weight":0.20387999999999995,"degrees":[31,2270,1619,3598,97]},"num_concepts_raised":10780},{"base_id":16,"kind":"bot_words","i1":0,"i2":4,"sol":{"path":["/c/en/formalization","/c/en/formal","/c/en/mathematics","/c/en/arbitrary","/c/en/arbitrariness"],"weight":0.21030999999999994,"degrees":[31,2270,7601,226,53]},"num_concepts_raised":4067},{"base_id":16,"kind":"bot_words","i1":0,"i2":5,"sol":{"path":["/c/en/formalization","/c/en/flow","/c/en/miracle","/c/la/mirus","/c/en/marvelous"],"weight":0.20529999999999973,"degrees":[31,1523,530,62,142]},"num_concepts_raised":15661},{"base_id":16,"kind":"bot_words","i1":0,"i2":6,"sol":{"path":["/c/en/formalization","/c/en/formal","/c/en/saucer","/c/en/teaspoon","/c/en/tablespoon"],"weight":0.20760999999999974,"degrees":[31,2270,248,201,231]},"num_concepts_raised":35955},{"base_id":16,"kind":"bot_words","i1":0,"i2":7,"sol":{"path":["/c/en/formalization","/c/en/formal","/c/en/slang","/c/en/fluted"],"weight":0.20290999999999987,"degrees":[31,2270,16318,37]},"num_concepts_raised":20629},{"base_id":16,"kind":"bot_words","i1":0,"i2":8,"sol":{"path":["/c/en/formalization","/c/en/flow","/c/fi/laskea","/c/en/reduce"],"weight":0.21645999999999727,"degrees":[31,1523,126,1258]},"num_concepts_raised":130225},{"base_id":16,"kind":"bot_words","i1":0,"i2":9,"sol":{"path":["/c/en/formalization","/c/en/formal","/c/en/thereby","/c/de/damit","/c/en/therewith"],"weight":0.2049999999999999,"degrees":[31,2270,70,56,38]},"num_concepts_raised":5457},{"base_id":16,"kind":"bot_words","i1":1,"i2":2,"sol":{"path":["/c/en/spa","/c/en/facility","/c/en/provide","/c/en/stipulate"],"weight":0.20715999999999946,"degrees":[160,413,724,172]},"num_concepts_raised":59833},{"base_id":16,"kind":"bot_words","i1":1,"i2":3,"sol":{"path":["/c/en/spa","/c/en/water","/c/en/tree","/c/en/baobab"],"weight":0.20556999999999973,"degrees":[160,4606,3598,97]},"num_concepts_raised":51124},{"base_id":16,"kind":"bot_words","i1":1,"i2":4,"sol":{"path":["/c/en/spa","/c/en/person","/c/fr/personne","/c/fr/arbitraire","/c/en/arbitrariness"],"weight":0.21202999999999977,"degrees":[160,12935,3714,144,53]},"num_concepts_raised":44856},{"base_id":16,"kind":"bot_words","i1":1,"i2":5,"sol":{"path":["/c/en/spa","/c/en/slang","/c/en/bully","/c/en/marvelous"],"weight":0.20591999999999955,"degrees":[160,16318,562,142]},"num_concepts_raised":54690},{"base_id":16,"kind":"bot_words","i1":1,"i2":6,"sol":{"path":["/c/en/spa","/c/en/slang","/c/en/spoon","/c/en/tablespoon"],"weight":0.2091399999999995,"degrees":[160,16318,847,231]},"num_concepts_raised":73492},{"base_id":16,"kind":"bot_words","i1":1,"i2":7,"sol":{"path":["/c/en/spa","/c/en/ireland","/c/en/fluted"],"weight":0.202,"degrees":[160,1227,37]},"num_concepts_raised":166},{"base_id":16,"kind":"bot_words","i1":1,"i2":8,"sol":{"path":["/c/en/spa","/c/en/slang","/c/en/cut","/c/en/reduce"],"weight":0.22086999999999707,"degrees":[160,16318,2951,1258]},"num_concepts_raised":166846},{"base_id":16,"kind":"bot_words","i1":1,"i2":9,"sol":{"path":["/c/en/spa","/c/en/person","/c/en/with","/c/en/therewith"],"weight":0.2045799999999997,"degrees":[160,12935,1088,38]},"num_concepts_raised":46183},{"base_id":16,"kind":"bot_words","i1":2,"i2":3,"sol":{"path":["/c/en/stipulate","/c/en/botany","/c/en/tree","/c/en/baobab"],"weight":0.20565999999999968,"degrees":[172,6881,3598,97]},"num_concepts_raised":22957},{"base_id":16,"kind":"bot_words","i1":2,"i2":4,"sol":{"path":["/c/en/stipulate","/c/en/condition","/c/da/vilkår","/c/fr/arbitraire","/c/en/arbitrariness"],"weight":0.2141799999999997,"degrees":[172,1648,2,144,53]},"num_concepts_raised":16537},{"base_id":16,"kind":"bot_words","i1":2,"i2":5,"sol":{"path":["/c/en/stipulate","/c/en/condition","/c/en/us","/c/en/marvelous"],"weight":0.2080299999999995,"degrees":[172,1648,8154,142]},"num_concepts_raised":28010},{"base_id":16,"kind":"bot_words","i1":2,"i2":6,"sol":{"path":["/c/en/stipulate","/c/en/condition","/c/en/us","/c/en/tablespoon"],"weight":0.20914999999999948,"degrees":[172,1648,8154,231]},"num_concepts_raised":48001},{"base_id":16,"kind":"bot_words","i1":2,"i2":7,"sol":{"path":["/c/en/stipulate","/c/en/contract","/c/en/instrument","/c/en/flute","/c/en/fluted"],"weight":0.20787999999999962,"degrees":[172,1244,1542,589,37]},"num_concepts_raised":32927},{"base_id":16,"kind":"bot_words","i1":2,"i2":8,"sol":{"path":["/c/en/stipulate","/c/en/contract","/c/en/decrease","/c/en/reduce"],"weight":0.22210999999999698,"degrees":[172,1244,915,1258]},"num_concepts_raised":141031},{"base_id":16,"kind":"bot_words","i1":2,"i2":9,"sol":{"path":["/c/en/stipulate","/c/en/condition","/c/fr/manière","/c/de/damit","/c/en/therewith"],"weight":0.2087899999999997,"degrees":[172,1648,1757,56,38]},"num_concepts_raised":17907},{"base_id":16,"kind":"bot_words","i1":3,"i2":4,"sol":{"path":["/c/en/baobab","/c/fr/baobab","/c/fr/arbre","/c/fr/produire","/c/fr/arbitraire","/c/en/arbitrariness"],"weight":0.2206379999999999,"degrees":[97,68,1577,926,144,53]},"num_concepts_raised":492349},{"base_id":16,"kind":"bot_words","i1":3,"i2":5,"sol":{"path":["/c/en/baobab","/c/en/monkey_bread","/c/en/us","/c/en/marvelous"],"weight":0.20525999999999978,"degrees":[97,28,8154,142]},"num_concepts_raised":19147},{"base_id":16,"kind":"bot_words","i1":3,"i2":6,"sol":{"path":["/c/en/baobab","/c/en/fruit","/c/en/cooking","/c/en/tablespoon"],"weight":0.20748999999999973,"degrees":[97,2192,1401,231]},"num_concepts_raised":39114},{"base_id":16,"kind":"bot_words","i1":3,"i2":7,"sol":{"path":["/c/en/baobab","/c/en/gourd","/c/en/slang","/c/en/fluted"],"weight":0.2038899999999999,"degrees":[97,229,16318,37]},"num_concepts_raised":24066},{"base_id":16,"kind":"bot_words","i1":3,"i2":8,"sol":{"path":["/c/en/baobab","/c/en/tree","/c/en/slash","/c/en/reduce"],"weight":0.21902999999999728,"degrees":[97,3598,573,1258]},"num_concepts_raised":133595},{"base_id":16,"kind":"bot_words","i1":3,"i2":9,"sol":{"path":["/c/en/baobab","/c/en/tree","/c/en/squirrel","/c/en/with","/c/en/therewith"],"weight":0.20402999999999993,"degrees":[97,3598,1113,1088,38]},"num_concepts_raised":9059},{"base_id":16,"kind":"bot_words","i1":4,"i2":5,"sol":{"path":["/c/en/arbitrariness","/c/fr/arbitraire","/c/fr/personne","/c/fr/merveilleux","/c/en/marvelous"],"weight":0.21336999999999978,"degrees":[53,144,3714,185,142]},"num_concepts_raised":12587},{"base_id":16,"kind":"bot_words","i1":4,"i2":6,"sol":{"path":["/c/en/arbitrariness","/c/fr/arbitraire","/c/fr/module","/c/en/measure","/c/en/tablespoon"],"weight":0.21398999999999976,"degrees":[53,144,96,1837,231]},"num_concepts_raised":32950},{"base_id":16,"kind":"bot_words","i1":4,"i2":7,"sol":{"path":["/c/en/arbitrariness","/c/en/arbitrary","/c/en/ace","/c/en/slang","/c/en/fluted"],"weight":0.21040999999999993,"degrees":[53,226,479,16318,37]},"num_concepts_raised":17559},{"base_id":16,"kind":"bot_words","i1":4,"i2":8,"sol":{"path":["/c/en/arbitrariness","/c/en/arbitrary","/c/en/mathematics","/c/en/reduce"],"weight":0.22327999999999731,"degrees":[53,226,7601,1258]},"num_concepts_raised":127564},{"base_id":16,"kind":"bot_words","i1":4,"i2":9,"sol":{"path":["/c/en/arbitrariness","/c/en/arbitrary","/c/en/mathematics","/c/en/addition","/c/en/therewith"],"weight":0.21041999999999997,"degrees":[53,226,7601,701,38]},"num_concepts_raised":2349},{"base_id":16,"kind":"bot_words","i1":5,"i2":6,"sol":{"path":["/c/en/marvelous","/c/en/us","/c/en/tablespoon"],"weight":0.202,"degrees":[142,8154,231]},"num_concepts_raised":296},{"base_id":16,"kind":"bot_words","i1":5,"i2":7,"sol":{"path":["/c/en/marvelous","/c/en/bully","/c/en/slang","/c/en/fluted"],"weight":0.2043599999999997,"degrees":[142,562,16318,37]},"num_concepts_raised":27802},{"base_id":16,"kind":"bot_words","i1":5,"i2":8,"sol":{"path":["/c/en/marvelous","/c/en/brilliant","/c/en/cut","/c/en/reduce"],"weight":0.22025999999999707,"degrees":[142,540,2951,1258]},"num_concepts_raised":137502},{"base_id":16,"kind":"bot_words","i1":5,"i2":9,"sol":{"path":["/c/en/marvelous","/c/fr/merveilleux","/c/fr/manière","/c/de/damit","/c/en/therewith"],"weight":0.20796999999999977,"degrees":[142,185,1757,56,38]},"num_concepts_raised":13951},{"base_id":16,"kind":"bot_words","i1":6,"i2":7,"sol":{"path":["/c/en/tablespoon","/c/en/bowl","/c/en/flute","/c/en/fluted"],"weight":0.20858999999999966,"degrees":[231,956,589,37]},"num_concepts_raised":47371},{"base_id":16,"kind":"bot_words","i1":6,"i2":8,"sol":{"path":["/c/en/tablespoon","/c/en/cooking","/c/en/reduce"],"weight":0.20400000000000001,"degrees":[231,1401,1258]},"num_concepts_raised":1171},{"base_id":16,"kind":"bot_words","i1":6,"i2":9,"sol":{"path":["/c/en/tablespoon","/c/en/spoon","/c/en/plate","/c/en/with","/c/en/therewith"],"weight":0.20784999999999973,"degrees":[231,847,1940,1088,38]},"num_concepts_raised":34264},{"base_id":16,"kind":"bot_words","i1":7,"i2":8,"sol":{"path":["/c/en/fluted","/c/en/slang","/c/en/cut","/c/en/reduce"],"weight":0.2193199999999972,"degrees":[37,16318,2951,1258]},"num_concepts_raised":142408},{"base_id":16,"kind":"bot_words","i1":7,"i2":9,"sol":{"path":["/c/en/fluted","/c/en/flute","/c/en/music","/c/en/addition","/c/en/therewith"],"weight":0.2060999999999999,"degrees":[37,589,8822,701,38]},"num_concepts_raised":18927},{"base_id":16,"kind":"bot_words","i1":8,"i2":9,"sol":{"path":["/c/en/reduce","/c/en/reduction","/c/en/addition","/c/en/therewith"],"weight":0.2173199999999973,"degrees":[1258,498,701,38]},"num_concepts_raised":128640}],[{"base_id":16,"kind":"top_words","i1":0,"i2":1,"sol":{"path":["/c/en/zeus","/c/en/greek_mythology","/c/en/theseus"],"weight":0.20600000000000002,"degrees":[233,1305,30]},"num_concepts_raised":199},{"base_id":16,"kind":"top_words","i1":0,"i2":2,"sol":{"path":["/c/en/zeus","/c/fr/zeus","/c/fr/mythologie","/c/en/odin"],"weight":0.23119999999999985,"degrees":[233,83,1607,180]},"num_concepts_raised":14620},{"base_id":16,"kind":"top_words","i1":0,"i2":3,"sol":{"path":["/c/en/zeus","/c/en/greek","/c/en/agamemnon"],"weight":0.20800000000000002,"degrees":[233,647,113]},"num_concepts_raised":266},{"base_id":16,"kind":"top_words","i1":0,"i2":4,"sol":{"path":["/c/en/zeus","/c/en/hera","/c/en/hephaestus"],"weight":0.20900000000000002,"degrees":[233,132,116]},"num_concepts_raised":266},{"base_id":16,"kind":"top_words","i1":0,"i2":5,"sol":{"path":["/c/en/zeus","/c/en/minos","/c/en/king","/c/en/ravana"],"weight":0.22021999999999972,"degrees":[233,90,1642,56]},"num_concepts_raised":11275},{"base_id":16,"kind":"top_words","i1":0,"i2":6,"sol":{"path":["/c/en/zeus","/c/fr/zeus","/c/fr/mythologie","/c/en/loki"],"weight":0.22571999999999978,"degrees":[233,83,1607,93]},"num_concepts_raised":13901},{"base_id":16,"kind":"top_words","i1":0,"i2":7,"sol":{"path":["/c/en/zeus","/c/en/jupiter","/c/en/god","/c/en/freyr"],"weight":0.22043999999999972,"degrees":[233,537,1774,62]},"num_concepts_raised":9864},{"base_id":16,"kind":"top_words","i1":0,"i2":8,"sol":{"path":["/c/en/zeus","/c/en/greek_mythology","/c/en/odysseus"],"weight":0.20800000000000002,"degrees":[233,1305,144]},"num_concepts_raised":276},{"base_id":16,"kind":"top_words","i1":0,"i2":9,"sol":{"path":["/c/en/zeus","/c/en/hera"],"weight":0.21000000000000002,"degrees":[233,132]},"num_concepts_raised":261},{"base_id":16,"kind":"top_words","i1":1,"i2":2,"sol":{"path":["/c/en/theseus","/c/fr/thésée","/c/fr/égée","/c/fr/mythologie","/c/en/odin"],"weight":0.21652999999999994,"degrees":[30,31,28,1607,180]},"num_concepts_raised":9606},{"base_id":16,"kind":"top_words","i1":1,"i2":3,"sol":{"path":["/c/en/theseus","/c/en/greek_mythology","/c/en/agamemnon"],"weight":0.20400000000000001,"degrees":[30,1305,113]},"num_concepts_raised":118},{"base_id":16,"kind":"top_words","i1":1,"i2":4,"sol":{"path":["/c/en/theseus","/c/en/greek_mythology","/c/en/hephaistos","/c/en/hephaestus"],"weight":0.21115999999999988,"degrees":[30,1305,15,116]},"num_concepts_raised":8922},{"base_id":16,"kind":"top_words","i1":1,"i2":5,"sol":{"path":["/c/en/theseus","/c/en/minotaur","/c/en/monster","/c/en/devil","/c/en/ravana"],"weight":0.20918999999999982,"degrees":[30,134,693,971,56]},"num_concepts_raised":6077},{"base_id":16,"kind":"top_words","i1":1,"i2":6,"sol":{"path":["/c/en/theseus","/c/fr/thésée","/c/fr/égée","/c/fr/mythologie","/c/en/loki"],"weight":0.2110499999999999,"degrees":[30,31,28,1607,93]},"num_concepts_raised":8926},{"base_id":16,"kind":"top_words","i1":1,"i2":7,"sol":{"path":["/c/en/theseus","/c/en/greek_mythology","/c/en/aeolic","/c/en/god","/c/en/freyr"],"weight":0.20826999999999982,"degrees":[30,1305,42,1774,62]},"num_concepts_raised":4718},{"base_id":16,"kind":"top_words","i1":1,"i2":8,"sol":{"path":["/c/en/theseus","/c/en/greek_mythology","/c/en/odysseus"],"weight":0.20400000000000001,"degrees":[30,1305,144]},"num_concepts_raised":128},{"base_id":16,"kind":"top_words","i1":1,"i2":9,"sol":{"path":["/c/en/theseus","/c/en/greek_mythology","/c/en/zeus","/c/en/hera"],"weight":0.21173000000000003,"degrees":[30,1305,233,132]},"num_concepts_raised":8528},{"base_id":16,"kind":"top_words","i1":2,"i2":3,"sol":{"path":["/c/en/odin","/c/fr/mythologie","/c/en/agamemnon"],"weight":0.20800000000000002,"degrees":[180,1607,113]},"num_concepts_raised":225},{"base_id":16,"kind":"top_words","i1":2,"i2":4,"sol":{"path":["/c/en/odin","/c/fr/mythologie","/c/fr/héphaïstos","/c/en/hephaestus"],"weight":0.22284999999999988,"degrees":[180,1607,24,116]},"num_concepts_raised":13583},{"base_id":16,"kind":"top_words","i1":2,"i2":5,"sol":{"path":["/c/en/odin","/c/en/woden","/c/en/god","/c/en/king","/c/en/ravana"],"weight":0.22180999999999984,"degrees":[180,25,1774,1642,56]},"num_concepts_raised":10793},{"base_id":16,"kind":"top_words","i1":2,"i2":6,"sol":{"path":["/c/en/odin","/c/en/balder","/c/en/loki"],"weight":0.20900000000000002,"degrees":[180,23,93]},"num_concepts_raised":198},{"base_id":16,"kind":"top_words","i1":2,"i2":7,"sol":{"path":["/c/en/odin","/c/en/norse_mythology","/c/en/freyr"],"weight":0.20800000000000002,"degrees":[180,388,62]},"num_concepts_raised":186},{"base_id":16,"kind":"top_words","i1":2,"i2":8,"sol":{"path":["/c/en/odin","/c/fr/mythologie","/c/en/odysseus"],"weight":0.20800000000000002,"degrees":[180,1607,144]},"num_concepts_raised":234},{"base_id":16,"kind":"top_words","i1":2,"i2":9,"sol":{"path":["/c/en/odin","/c/fr/mythologie","/c/en/hera"],"weight":0.20800000000000002,"degrees":[180,1607,132]},"num_concepts_raised":229},{"base_id":16,"kind":"top_words","i1":3,"i2":4,"sol":{"path":["/c/en/agamemnon","/c/en/greek_mythology","/c/en/hephaistos","/c/en/hephaestus"],"weight":0.21743999999999974,"degrees":[113,1305,15,116]},"num_concepts_raised":11774},{"base_id":16,"kind":"top_words","i1":3,"i2":5,"sol":{"path":["/c/en/agamemnon","/c/en/mythology","/c/th/ทศกัณฐ์","/c/en/ravana"],"weight":0.2142899999999997,"degrees":[113,1132,5,56]},"num_concepts_raised":9065},{"base_id":16,"kind":"top_words","i1":3,"i2":6,"sol":{"path":["/c/en/agamemnon","/c/fr/mythologie","/c/en/loki"],"weight":0.20600000000000002,"degrees":[113,1607,93]},"num_concepts_raised":165},{"base_id":16,"kind":"top_words","i1":3,"i2":7,"sol":{"path":["/c/en/agamemnon","/c/en/mythology","/c/en/norse_mythology","/c/en/freyr"],"weight":0.2144399999999997,"degrees":[113,1132,388,62]},"num_concepts_raised":7628},{"base_id":16,"kind":"top_words","i1":3,"i2":8,"sol":{"path":["/c/en/agamemnon","/c/en/greek_mythology","/c/en/odysseus"],"weight":0.20600000000000002,"degrees":[113,1305,144]},"num_concepts_raised":194},{"base_id":16,"kind":"top_words","i1":3,"i2":9,"sol":{"path":["/c/en/agamemnon","/c/fr/mythologie","/c/en/hera"],"weight":0.20600000000000002,"degrees":[113,1607,132]},"num_concepts_raised":191},{"base_id":16,"kind":"top_words","i1":4,"i2":5,"sol":{"path":["/c/en/hephaestus","/c/en/god","/c/en/king","/c/en/ravana"],"weight":0.21436999999999978,"degrees":[116,1774,1642,56]},"num_concepts_raised":10079},{"base_id":16,"kind":"top_words","i1":4,"i2":6,"sol":{"path":["/c/en/hephaestus","/c/en/fire","/c/en/loki"],"weight":0.20600000000000002,"degrees":[116,2829,93]},"num_concepts_raised":166},{"base_id":16,"kind":"top_words","i1":4,"i2":7,"sol":{"path":["/c/en/hephaestus","/c/en/god","/c/en/freyr"],"weight":0.20600000000000002,"degrees":[116,1774,62]},"num_concepts_raised":150},{"base_id":16,"kind":"top_words","i1":4,"i2":8,"sol":{"path":["/c/en/hephaestus","/c/en/hephaistos","/c/en/greek_mythology","/c/en/odysseus"],"weight":0.21820999999999996,"degrees":[116,15,1305,144]},"num_concepts_raised":10615},{"base_id":16,"kind":"top_words","i1":4,"i2":9,"sol":{"path":["/c/en/hephaestus","/c/en/hera"],"weight":0.20600000000000002,"degrees":[116,132]},"num_concepts_raised":189},{"base_id":16,"kind":"top_words","i1":5,"i2":6,"sol":{"path":["/c/en/ravana","/c/en/king","/c/en/god","/c/en/loki"],"weight":0.2141099999999998,"degrees":[56,1642,1774,93]},"num_concepts_raised":10055},{"base_id":16,"kind":"top_words","i1":5,"i2":7,"sol":{"path":["/c/en/ravana","/c/en/king","/c/en/god","/c/en/freyr"],"weight":0.21355999999999972,"degrees":[56,1642,1774,62]},"num_concepts_raised":5794},{"base_id":16,"kind":"top_words","i1":5,"i2":8,"sol":{"path":["/c/en/ravana","/c/en/king","/c/en/ctimene","/c/en/odysseus"],"weight":0.21495999999999993,"degrees":[56,1642,8,144]},"num_concepts_raised":7825},{"base_id":16,"kind":"top_words","i1":5,"i2":9,"sol":{"path":["/c/en/ravana","/c/en/king","/c/en/marriage","/c/en/hera"],"weight":0.2147099999999999,"degrees":[56,1642,1333,132]},"num_concepts_raised":9801},{"base_id":16,"kind":"top_words","i1":6,"i2":7,"sol":{"path":["/c/en/loki","/c/en/god","/c/en/freyr"],"weight":0.20600000000000002,"degrees":[93,1774,62]},"num_concepts_raised":124},{"base_id":16,"kind":"top_words","i1":6,"i2":8,"sol":{"path":["/c/en/loki","/c/fr/mythologie","/c/en/odysseus"],"weight":0.20600000000000002,"degrees":[93,1607,144]},"num_concepts_raised":174},{"base_id":16,"kind":"top_words","i1":6,"i2":9,"sol":{"path":["/c/en/loki","/c/fr/mythologie","/c/en/hera"],"weight":0.20600000000000002,"degrees":[93,1607,132]},"num_concepts_raised":169},{"base_id":16,"kind":"top_words","i1":7,"i2":8,"sol":{"path":["/c/en/freyr","/c/en/norse_mythology","/c/en/mythology","/c/es/odiseo","/c/en/odysseus"],"weight":0.21710999999999991,"degrees":[62,388,1132,7,144]},"num_concepts_raised":6428},{"base_id":16,"kind":"top_words","i1":7,"i2":9,"sol":{"path":["/c/en/freyr","/c/en/god","/c/hu/héra","/c/en/hera"],"weight":0.21684999999999993,"degrees":[62,1774,12,132]},"num_concepts_raised":8375},{"base_id":16,"kind":"top_words","i1":8,"i2":9,"sol":{"path":["/c/en/odysseus","/c/fr/mythologie","/c/en/hera"],"weight":0.20600000000000002,"degrees":[144,1607,132]},"num_concepts_raised":200}]]