[[{"base_id":176,"kind":"bot_words","i1":0,"i2":1,"sol":{"path":["/c/en/reflectance","/c/en/physics","/c/en/physic","/c/en/drug","/c/en/duloxetine"],"weight":0.20991999999999983,"degrees":[27,9094,35,4920,34]},"num_concepts_raised":29599},{"base_id":176,"kind":"bot_words","i1":0,"i2":2,"sol":{"path":["/c/en/reflectance","/c/en/surface","/c/en/fortification","/c/en/breastwork"],"weight":0.20285999999999993,"degrees":[27,1764,326,36]},"num_concepts_raised":34101},{"base_id":176,"kind":"bot_words","i1":0,"i2":3,"sol":{"path":["/c/en/reflectance","/c/en/physics","/c/en/daughter","/c/en/woman"],"weight":0.25044000000002153,"degrees":[27,9094,1066,3510]},"num_concepts_raised":148238},{"base_id":176,"kind":"bot_words","i1":0,"i2":4,"sol":{"path":["/c/en/reflectance","/c/en/physics","/c/hy/անկյուն","/c/en/nook"],"weight":0.20560999999999957,"degrees":[27,9094,13,189]},"num_concepts_raised":39879},{"base_id":176,"kind":"bot_words","i1":0,"i2":5,"sol":{"path":["/c/en/reflectance","/c/en/physics","/c/en/snap","/c/en/crack","/c/en/wisecrack"],"weight":0.20571999999999968,"degrees":[27,9094,634,1064,110]},"num_concepts_raised":16810},{"base_id":176,"kind":"bot_words","i1":0,"i2":6,"sol":{"path":["/c/en/reflectance","/c/en/physics","/c/en/burnup","/c/en/consumption"],"weight":0.21551999999999905,"degrees":[27,9094,17,476]},"num_concepts_raised":48337},{"base_id":176,"kind":"bot_words","i1":0,"i2":7,"sol":{"path":["/c/en/reflectance","/c/en/physics","/c/en/color","/c/en/ink","/c/en/inkstone"],"weight":0.21018999999999993,"degrees":[27,9094,1870,723,42]},"num_concepts_raised":14366},{"base_id":176,"kind":"bot_words","i1":0,"i2":8,"sol":{"path":["/c/en/reflectance","/c/en/surface","/c/en/information","/c/en/commercialism"],"weight":0.2077499999999998,"degrees":[27,1764,1544,34]},"num_concepts_raised":32591},{"base_id":176,"kind":"bot_words","i1":0,"i2":9,"sol":{"path":["/c/en/reflectance","/c/en/physics","/c/en/bound"],"weight":0.20400000000000001,"degrees":[27,9094,671]},"num_concepts_raised":599},{"base_id":176,"kind":"bot_words","i1":1,"i2":2,"sol":{"path":["/c/en/duloxetine","/c/en/drug","/c/en/high","/c/en/breastwork"],"weight":0.2100399999999999,"degrees":[34,4920,1658,36]},"num_concepts_raised":40834},{"base_id":176,"kind":"bot_words","i1":1,"i2":3,"sol":{"path":["/c/en/duloxetine","/c/en/pain","/c/en/human","/c/en/woman"],"weight":0.25977000000002154,"degrees":[34,2002,2645,3510]},"num_concepts_raised":154843},{"base_id":176,"kind":"bot_words","i1":1,"i2":4,"sol":{"path":["/c/en/duloxetine","/c/en/pain","/c/en/neck","/c/en/nook"],"weight":0.20974999999999958,"degrees":[34,2002,1476,189]},"num_concepts_raised":46809},{"base_id":176,"kind":"bot_words","i1":1,"i2":5,"sol":{"path":["/c/en/duloxetine","/c/en/drug","/c/en/crack","/c/en/wisecrack"],"weight":0.21280999999999967,"degrees":[34,4920,1064,110]},"num_concepts_raised":23683},{"base_id":176,"kind":"bot_words","i1":1,"i2":6,"sol":{"path":["/c/en/duloxetine","/c/en/drug","/c/en/use","/c/en/consumption"],"weight":0.22516999999999904,"degrees":[34,4920,2100,476]},"num_concepts_raised":54293},{"base_id":176,"kind":"bot_words","i1":1,"i2":7,"sol":{"path":["/c/en/duloxetine","/c/en/medicine","/c/en/stone","/c/en/inkstone"],"weight":0.21525999999999995,"degrees":[34,11938,1934,42]},"num_concepts_raised":21258},{"base_id":176,"kind":"bot_words","i1":1,"i2":8,"sol":{"path":["/c/en/duloxetine","/c/en/medicine","/c/en/practice","/c/en/commercialism"],"weight":0.2129899999999998,"degrees":[34,11938,1380,34]},"num_concepts_raised":39367},{"base_id":176,"kind":"bot_words","i1":1,"i2":9,"sol":{"path":["/c/en/duloxetine","/c/en/medicine","/c/en/essential","/c/en/bound"],"weight":0.22062999999999838,"degrees":[34,11938,493,671]},"num_concepts_raised":94320},{"base_id":176,"kind":"bot_words","i1":2,"i2":3,"sol":{"path":["/c/en/breastwork","/c/en/slang","/c/en/girl","/c/en/woman"],"weight":0.2618200000000215,"degrees":[36,16318,1749,3510]},"num_concepts_raised":156739},{"base_id":176,"kind":"bot_words","i1":2,"i2":4,"sol":{"path":["/c/en/breastwork","/c/en/slang","/c/en/area","/c/en/nook"],"weight":0.20495999999999964,"degrees":[36,16318,1840,189]},"num_concepts_raised":50716},{"base_id":176,"kind":"bot_words","i1":2,"i2":5,"sol":{"path":["/c/en/breastwork","/c/en/slang","/c/en/crack","/c/en/wisecrack"],"weight":0.20581999999999973,"degrees":[36,16318,1064,110]},"num_concepts_raised":28105},{"base_id":176,"kind":"bot_words","i1":2,"i2":6,"sol":{"path":["/c/en/breastwork","/c/en/slang","/c/en/waste","/c/en/consumption"],"weight":0.21388999999999914,"degrees":[36,16318,1543,476]},"num_concepts_raised":58913},{"base_id":176,"kind":"bot_words","i1":2,"i2":7,"sol":{"path":["/c/en/breastwork","/c/en/slang","/c/en/ink","/c/en/inkstone"],"weight":0.21031,"degrees":[36,16318,723,42]},"num_concepts_raised":25737},{"base_id":176,"kind":"bot_words","i1":2,"i2":8,"sol":{"path":["/c/en/breastwork","/c/en/slang","/c/en/business","/c/en/commercialism"],"weight":0.20799999999999985,"degrees":[36,16318,2538,34]},"num_concepts_raised":43481},{"base_id":176,"kind":"bot_words","i1":2,"i2":9,"sol":{"path":["/c/en/breastwork","/c/en/slang","/c/en/bounce","/c/en/bound"],"weight":0.22030999999999845,"degrees":[36,16318,471,671]},"num_concepts_raised":98370},{"base_id":176,"kind":"bot_words","i1":3,"i2":4,"sol":{"path":["/c/en/woman","/c/en/girl","/c/en/small","/c/en/nook"],"weight":0.26148000000002114,"degrees":[3510,1749,2515,189]},"num_concepts_raised":163033},{"base_id":176,"kind":"bot_words","i1":3,"i2":5,"sol":{"path":["/c/en/woman","/c/en/man","/c/en/wise","/c/en/wisecrack"],"weight":0.2567000000000213,"degrees":[3510,3068,691,110]},"num_concepts_raised":142487},{"base_id":176,"kind":"bot_words","i1":3,"i2":6,"sol":{"path":["/c/en/woman","/c/en/stale","/c/en/consumption"],"weight":0.20600000000000002,"degrees":[3510,462,476]},"num_concepts_raised":3359},{"base_id":176,"kind":"bot_words","i1":3,"i2":7,"sol":{"path":["/c/en/woman","/c/en/girl","/c/en/chinese","/c/en/inkstone"],"weight":0.26476000000002153,"degrees":[3510,1749,911,42]},"num_concepts_raised":140272},{"base_id":176,"kind":"bot_words","i1":3,"i2":8,"sol":{"path":["/c/en/woman","/c/en/person","/c/en/commercialism"],"weight":0.20700000000000002,"degrees":[3510,12935,34]},"num_concepts_raised":3012},{"base_id":176,"kind":"bot_words","i1":3,"i2":9,"sol":{"path":["/c/en/woman","/c/en/bondwoman","/c/en/bound"],"weight":0.20700000000000002,"degrees":[3510,34,671]},"num_concepts_raised":3554},{"base_id":176,"kind":"bot_words","i1":4,"i2":5,"sol":{"path":["/c/en/nook","/c/te/సందు","/c/en/crack","/c/en/wisecrack"],"weight":0.20746999999999938,"degrees":[189,15,1064,110]},"num_concepts_raised":34151},{"base_id":176,"kind":"bot_words","i1":4,"i2":6,"sol":{"path":["/c/en/nook","/c/it/cantuccio","/c/en/bread","/c/en/consumption"],"weight":0.21636999999999879,"degrees":[189,18,1741,476]},"num_concepts_raised":64917},{"base_id":176,"kind":"bot_words","i1":4,"i2":7,"sol":{"path":["/c/en/nook","/c/en/wall","/c/en/stone","/c/en/inkstone"],"weight":0.21197999999999967,"degrees":[189,1673,1934,42]},"num_concepts_raised":31657},{"base_id":176,"kind":"bot_words","i1":4,"i2":8,"sol":{"path":["/c/en/nook","/c/en/corner","/c/en/business","/c/en/commercialism"],"weight":0.21165999999999952,"degrees":[189,963,2538,34]},"num_concepts_raised":49478},{"base_id":176,"kind":"bot_words","i1":4,"i2":9,"sol":{"path":["/c/en/nook","/c/en/area","/c/en/boundary","/c/en/bound"],"weight":0.2245199999999981,"degrees":[189,1840,774,671]},"num_concepts_raised":103336},{"base_id":176,"kind":"bot_words","i1":5,"i2":6,"sol":{"path":["/c/en/wisecrack","/c/no/vits","/c/en/use","/c/en/consumption"],"weight":0.21876999999999885,"degrees":[110,19,2100,476]},"num_concepts_raised":42423},{"base_id":176,"kind":"bot_words","i1":5,"i2":7,"sol":{"path":["/c/en/wisecrack","/c/en/crack","/c/en/slang","/c/en/ink","/c/en/inkstone"],"weight":0.21307999999999974,"degrees":[110,1064,16318,723,42]},"num_concepts_raised":8404},{"base_id":176,"kind":"bot_words","i1":5,"i2":8,"sol":{"path":["/c/en/wisecrack","/c/en/remark","/c/en/aim","/c/en/commercialism"],"weight":0.2087099999999996,"degrees":[110,478,774,34]},"num_concepts_raised":26525},{"base_id":176,"kind":"bot_words","i1":5,"i2":9,"sol":{"path":["/c/en/wisecrack","/c/en/crack","/c/en/chemistry","/c/en/bound"],"weight":0.21842999999999818,"degrees":[110,1064,11754,671]},"num_concepts_raised":82000},{"base_id":176,"kind":"bot_words","i1":6,"i2":7,"sol":{"path":["/c/en/consumption","/c/en/use","/c/en/ink","/c/en/inkstone"],"weight":0.22532999999999914,"degrees":[476,2100,723,42]},"num_concepts_raised":40031},{"base_id":176,"kind":"bot_words","i1":6,"i2":8,"sol":{"path":["/c/en/consumption","/c/en/use","/c/en/profit","/c/en/commercialism"],"weight":0.223129999999999,"degrees":[476,2100,1179,34]},"num_concepts_raised":57328},{"base_id":176,"kind":"bot_words","i1":6,"i2":9,"sol":{"path":["/c/en/consumption","/c/en/use","/c/en/measure","/c/en/bound"],"weight":0.23080999999999757,"degrees":[476,2100,1837,671]},"num_concepts_raised":112072},{"base_id":176,"kind":"bot_words","i1":7,"i2":8,"sol":{"path":["/c/en/inkstone","/c/en/chinese","/c/en/person","/c/en/commercialism"],"weight":0.2130899999999999,"degrees":[42,911,12935,34]},"num_concepts_raised":24248},{"base_id":176,"kind":"bot_words","i1":7,"i2":9,"sol":{"path":["/c/en/inkstone","/c/en/stone","/c/en/set","/c/en/bound"],"weight":0.22294999999999848,"degrees":[42,1934,2628,671]},"num_concepts_raised":79691},{"base_id":176,"kind":"bot_words","i1":8,"i2":9,"sol":{"path":["/c/en/commercialism","/c/en/person","/c/en/leap","/c/en/bound"],"weight":0.2256599999999983,"degrees":[34,12935,640,671]},"num_concepts_raised":96921}],[{"base_id":176,"kind":"top_words","i1":0,"i2":1,"sol":{"path":["/c/en/union","/c/en/state","/c/en/cry","/c/en/caw"],"weight":0.22433999999999832,"degrees":[1104,3243,1722,112]},"num_concepts_raised":97419},{"base_id":176,"kind":"top_words","i1":0,"i2":2,"sol":{"path":["/c/en/union","/c/en/trade_union","/c/en/guild"],"weight":0.20800000000000002,"degrees":[1104,287,229]},"num_concepts_raised":968},{"base_id":176,"kind":"top_words","i1":0,"i2":3,"sol":{"path":["/c/en/union","/c/en/intersection","/c/en/disjoint"],"weight":0.20500000000000002,"degrees":[1104,494,87]},"num_concepts_raised":875},{"base_id":176,"kind":"top_words","i1":0,"i2":4,"sol":{"path":["/c/en/union","/c/en/work","/c/en/workers"],"weight":0.20400000000000001,"degrees":[1104,4013,60]},"num_concepts_raised":865},{"base_id":176,"kind":"top_words","i1":0,"i2":5,"sol":{"path":["/c/en/union","/c/en/wildcat_strike","/c/en/strike"],"weight":0.20500000000000002,"degrees":[1104,28,1725]},"num_concepts_raised":2277},{"base_id":176,"kind":"top_words","i1":0,"i2":6,"sol":{"path":["/c/en/union","/c/en/us","/c/en/teamster"],"weight":0.20500000000000002,"degrees":[1104,8154,44]},"num_concepts_raised":850},{"base_id":176,"kind":"top_words","i1":0,"i2":7,"sol":{"path":["/c/en/union","/c/en/work","/c/en/walkout"],"weight":0.20400000000000001,"degrees":[1104,4013,31]},"num_concepts_raised":835},{"base_id":176,"kind":"top_words","i1":0,"i2":8,"sol":{"path":["/c/en/union","/c/fr/accouplement","/c/en/mechanics"],"weight":0.20400000000000001,"degrees":[1104,126,424]},"num_concepts_raised":1164},{"base_id":176,"kind":"top_words","i1":0,"i2":9,"sol":{"path":["/c/en/union","/c/en/confederation"],"weight":0.20900000000000002,"degrees":[1104,291]},"num_concepts_raised":980},{"base_id":176,"kind":"top_words","i1":1,"i2":2,"sol":{"path":["/c/en/caw","/c/en/cry","/c/en/act","/c/en/guild"],"weight":0.21247999999999972,"degrees":[112,1722,2503,229]},"num_concepts_raised":17320},{"base_id":176,"kind":"top_words","i1":1,"i2":3,"sol":{"path":["/c/en/caw","/c/en/cry","/c/en/tear","/c/en/separate","/c/en/disjoint"],"weight":0.20777999999999963,"degrees":[112,1722,1291,1556,87]},"num_concepts_raised":18009},{"base_id":176,"kind":"top_words","i1":1,"i2":4,"sol":{"path":["/c/en/caw","/c/en/crow","/c/en/crew","/c/en/workers"],"weight":0.20617999999999964,"degrees":[112,786,373,60]},"num_concepts_raised":19317},{"base_id":176,"kind":"top_words","i1":1,"i2":5,"sol":{"path":["/c/en/caw","/c/en/cry","/c/en/make","/c/en/strike"],"weight":0.22247999999999524,"degrees":[112,1722,3395,1725]},"num_concepts_raised":140088},{"base_id":176,"kind":"top_words","i1":1,"i2":6,"sol":{"path":["/c/en/caw","/c/en/crow","/c/en/bird","/c/en/us","/c/en/teamster"],"weight":0.2061299999999997,"degrees":[112,786,4970,8154,44]},"num_concepts_raised":15021},{"base_id":176,"kind":"top_words","i1":1,"i2":7,"sol":{"path":["/c/en/caw","/c/en/utter","/c/en/out","/c/en/walkout"],"weight":0.20376999999999978,"degrees":[112,668,1307,31]},"num_concepts_raised":11599},{"base_id":176,"kind":"top_words","i1":1,"i2":8,"sol":{"path":["/c/en/caw","/c/en/cry","/c/en/reaction","/c/en/mechanics"],"weight":0.20938999999999902,"degrees":[112,1722,873,424]},"num_concepts_raised":38870},{"base_id":176,"kind":"top_words","i1":1,"i2":9,"sol":{"path":["/c/en/caw","/c/en/cry","/c/en/state","/c/en/confederation"],"weight":0.2137099999999998,"degrees":[112,1722,3243,291]},"num_concepts_raised":15326},{"base_id":176,"kind":"top_words","i1":2,"i2":3,"sol":{"path":["/c/en/guild","/c/en/group","/c/en/separate","/c/en/disjoint"],"weight":0.21343999999999969,"degrees":[229,2339,1556,87]},"num_concepts_raised":28377},{"base_id":176,"kind":"top_words","i1":2,"i2":4,"sol":{"path":["/c/en/guild","/c/de/gilde","/c/en/corporation","/c/en/workers"],"weight":0.21298999999999968,"degrees":[229,65,466,60]},"num_concepts_raised":29383},{"base_id":176,"kind":"top_words","i1":2,"i2":5,"sol":{"path":["/c/en/guild","/c/en/club","/c/en/hit","/c/en/strike"],"weight":0.2355499999999951,"degrees":[229,1128,1849,1725]},"num_concepts_raised":148936},{"base_id":176,"kind":"top_words","i1":2,"i2":6,"sol":{"path":["/c/en/guild","/c/en/club","/c/en/driver","/c/en/teamster"],"weight":0.21075999999999973,"degrees":[229,1128,654,44]},"num_concepts_raised":25425},{"base_id":176,"kind":"top_words","i1":2,"i2":7,"sol":{"path":["/c/en/guild","/c/en/club","/c/en/out","/c/en/walkout"],"weight":0.2105599999999998,"degrees":[229,1128,1307,31]},"num_concepts_raised":22086},{"base_id":176,"kind":"top_words","i1":2,"i2":8,"sol":{"path":["/c/en/guild","/c/en/artisan","/c/en/mechanic","/c/en/mechanics"],"weight":0.21627999999999906,"degrees":[229,185,273,424]},"num_concepts_raised":48912},{"base_id":176,"kind":"top_words","i1":2,"i2":9,"sol":{"path":["/c/en/guild","/c/es/gremio","/c/en/union","/c/en/confederation"],"weight":0.2239399999999998,"degrees":[229,17,1104,291]},"num_concepts_raised":25715},{"base_id":176,"kind":"top_words","i1":3,"i2":4,"sol":{"path":["/c/en/disjoint","/c/en/set","/c/en/work","/c/en/workers"],"weight":0.20402999999999963,"degrees":[87,2628,4013,60]},"num_concepts_raised":30585},{"base_id":176,"kind":"top_words","i1":3,"i2":5,"sol":{"path":["/c/en/disjoint","/c/en/set","/c/en/attack","/c/en/strike"],"weight":0.22418999999999523,"degrees":[87,2628,1799,1725]},"num_concepts_raised":150169},{"base_id":176,"kind":"top_words","i1":3,"i2":6,"sol":{"path":["/c/en/disjoint","/c/en/joint","/c/en/us","/c/en/teamster"],"weight":0.20370999999999967,"degrees":[87,1413,8154,44]},"num_concepts_raised":26368},{"base_id":176,"kind":"top_words","i1":3,"i2":7,"sol":{"path":["/c/en/disjoint","/c/en/set","/c/en/work","/c/en/walkout"],"weight":0.20363999999999977,"degrees":[87,2628,4013,31]},"num_concepts_raised":23009},{"base_id":176,"kind":"top_words","i1":3,"i2":8,"sol":{"path":["/c/en/disjoint","/c/en/joint","/c/fr/mécanique","/c/en/mechanics"],"weight":0.21127999999999902,"degrees":[87,1413,1286,424]},"num_concepts_raised":49316},{"base_id":176,"kind":"top_words","i1":3,"i2":9,"sol":{"path":["/c/en/disjoint","/c/en/set","/c/en/union","/c/en/confederation"],"weight":0.21515999999999974,"degrees":[87,2628,1104,291]},"num_concepts_raised":26534},{"base_id":176,"kind":"top_words","i1":4,"i2":5,"sol":{"path":["/c/en/workers","/c/en/protest","/c/en/strike"],"weight":0.203,"degrees":[60,960,1725]},"num_concepts_raised":1526},{"base_id":176,"kind":"top_words","i1":4,"i2":6,"sol":{"path":["/c/en/workers","/c/en/worker","/c/en/driver","/c/en/teamster"],"weight":0.20420999999999967,"degrees":[60,1829,654,44]},"num_concepts_raised":27392},{"base_id":176,"kind":"top_words","i1":4,"i2":7,"sol":{"path":["/c/en/workers","/c/en/work","/c/en/walkout"],"weight":0.202,"degrees":[60,4013,31]},"num_concepts_raised":82},{"base_id":176,"kind":"top_words","i1":4,"i2":8,"sol":{"path":["/c/en/workers","/c/en/construction","/c/en/mechanics"],"weight":0.202,"degrees":[60,1292,424]},"num_concepts_raised":412},{"base_id":176,"kind":"top_words","i1":4,"i2":9,"sol":{"path":["/c/en/workers","/c/en/work","/c/en/union","/c/en/confederation"],"weight":0.21453999999999973,"degrees":[60,4013,1104,291]},"num_concepts_raised":27885},{"base_id":176,"kind":"top_words","i1":5,"i2":6,"sol":{"path":["/c/en/strike","/c/en/hit","/c/en/us","/c/en/teamster"],"weight":0.2282399999999951,"degrees":[1725,1849,8154,44]},"num_concepts_raised":145478},{"base_id":176,"kind":"top_words","i1":5,"i2":7,"sol":{"path":["/c/en/strike","/c/en/walkout"],"weight":0.203,"degrees":[1725,31]},"num_concepts_raised":1486},{"base_id":176,"kind":"top_words","i1":5,"i2":8,"sol":{"path":["/c/en/strike","/c/en/tap","/c/en/mechanics"],"weight":0.202,"degrees":[1725,803,424]},"num_concepts_raised":1826},{"base_id":176,"kind":"top_words","i1":5,"i2":9,"sol":{"path":["/c/en/strike","/c/en/wildcat_strike","/c/en/union","/c/en/confederation"],"weight":0.23232999999999532,"degrees":[1725,28,1104,291]},"num_concepts_raised":147742},{"base_id":176,"kind":"top_words","i1":6,"i2":7,"sol":{"path":["/c/en/teamster","/c/en/drive","/c/en/work","/c/en/walkout"],"weight":0.2029499999999998,"degrees":[44,2162,4013,31]},"num_concepts_raised":19899},{"base_id":176,"kind":"top_words","i1":6,"i2":8,"sol":{"path":["/c/en/teamster","/c/en/drive","/c/en/mechanism","/c/en/mechanics"],"weight":0.20896999999999907,"degrees":[44,2162,546,424]},"num_concepts_raised":46783},{"base_id":176,"kind":"top_words","i1":6,"i2":9,"sol":{"path":["/c/en/teamster","/c/en/us","/c/en/union","/c/en/confederation"],"weight":0.2143299999999998,"degrees":[44,8154,1104,291]},"num_concepts_raised":23287},{"base_id":176,"kind":"top_words","i1":7,"i2":8,"sol":{"path":["/c/en/walkout","/c/en/work","/c/en/mechanism","/c/en/mechanics"],"weight":0.20889999999999914,"degrees":[31,4013,546,424]},"num_concepts_raised":43452},{"base_id":176,"kind":"top_words","i1":7,"i2":9,"sol":{"path":["/c/en/walkout","/c/en/work","/c/en/union","/c/en/confederation"],"weight":0.21415999999999985,"degrees":[31,4013,1104,291]},"num_concepts_raised":20389},{"base_id":176,"kind":"top_words","i1":8,"i2":9,"sol":{"path":["/c/en/mechanics","/c/fr/accouplement","/c/en/union","/c/en/confederation"],"weight":0.2187199999999991,"degrees":[424,126,1104,291]},"num_concepts_raised":47223}]]