[[{"base_id":76,"kind":"bot_words","i1":0,"i2":1,"sol":{"path":["/c/en/undergraduate","/c/fr/étudiant","/c/zh/生","/c/en/eco"],"weight":0.21221999999999958,"degrees":[132,260,61,111]},"num_concepts_raised":36706},{"base_id":76,"kind":"bot_words","i1":0,"i2":2,"sol":{"path":["/c/en/undergraduate","/c/en/student","/c/en/north_america","/c/en/screw_off","/c/en/urging"],"weight":0.20566999999999963,"degrees":[132,1417,1079,17,50]},"num_concepts_raised":25361},{"base_id":76,"kind":"bot_words","i1":0,"i2":3,"sol":{"path":["/c/en/undergraduate","/c/en/person","/c/en/china","/c/en/acupuncture"],"weight":0.2062599999999998,"degrees":[132,12935,1318,177]},"num_concepts_raised":28458},{"base_id":76,"kind":"bot_words","i1":0,"i2":4,"sol":{"path":["/c/en/undergraduate","/c/en/person","/c/en/drink","/c/en/cupbearer"],"weight":0.20464999999999972,"degrees":[132,12935,2548,66]},"num_concepts_raised":28546},{"base_id":76,"kind":"bot_words","i1":0,"i2":5,"sol":{"path":["/c/en/undergraduate","/c/en/person","/c/en/mammal","/c/en/meriones"],"weight":0.2091099999999996,"degrees":[132,12935,2187,37]},"num_concepts_raised":26501},{"base_id":76,"kind":"bot_words","i1":0,"i2":6,"sol":{"path":["/c/en/undergraduate","/c/en/person","/c/en/symptom","/c/en/fainting"],"weight":0.2046299999999996,"degrees":[132,12935,656,83]},"num_concepts_raised":26174},{"base_id":76,"kind":"bot_words","i1":0,"i2":7,"sol":{"path":["/c/en/undergraduate","/c/en/student","/c/en/test","/c/en/formal","/c/en/argumentum"],"weight":0.20555999999999958,"degrees":[132,1417,1443,2270,39]},"num_concepts_raised":26399},{"base_id":76,"kind":"bot_words","i1":0,"i2":8,"sol":{"path":["/c/en/undergraduate","/c/en/person","/c/en/plant","/c/en/asparagine"],"weight":0.21034999999999976,"degrees":[132,12935,7959,114]},"num_concepts_raised":41670},{"base_id":76,"kind":"bot_words","i1":0,"i2":9,"sol":{"path":["/c/en/undergraduate","/c/en/degree","/c/en/quality","/c/en/supernaturalism"],"weight":0.20435999999999965,"degrees":[132,1513,1710,37]},"num_concepts_raised":34130},{"base_id":76,"kind":"bot_words","i1":1,"i2":2,"sol":{"path":["/c/en/eco","/c/en/economy","/c/en/business","/c/en/advocacy","/c/en/urging"],"weight":0.21097999999999972,"degrees":[111,601,2538,108,50]},"num_concepts_raised":14263},{"base_id":76,"kind":"bot_words","i1":1,"i2":3,"sol":{"path":["/c/en/eco","/c/en/ecology","/c/en/indicator","/c/en/needle","/c/en/acupuncture"],"weight":0.21427999999999986,"degrees":[111,879,334,861,177]},"num_concepts_raised":17415},{"base_id":76,"kind":"bot_words","i1":1,"i2":4,"sol":{"path":["/c/en/eco","/c/en/us","/c/en/cup","/c/en/cupbearer"],"weight":0.2093399999999998,"degrees":[111,8154,1155,66]},"num_concepts_raised":17518},{"base_id":76,"kind":"bot_words","i1":1,"i2":5,"sol":{"path":["/c/en/eco","/c/en/ecology","/c/en/animal","/c/en/mammal","/c/en/meriones"],"weight":0.2160099999999997,"degrees":[111,879,3735,2187,37]},"num_concepts_raised":15406},{"base_id":76,"kind":"bot_words","i1":1,"i2":6,"sol":{"path":["/c/en/eco","/c/en/software","/c/en/quiet","/c/en/faint","/c/en/fainting"],"weight":0.21175999999999967,"degrees":[111,1812,1147,654,83]},"num_concepts_raised":15120},{"base_id":76,"kind":"bot_words","i1":1,"i2":7,"sol":{"path":["/c/en/eco","/c/en/ecology","/c/en/relict","/c/en/formal","/c/en/argumentum"],"weight":0.21093999999999968,"degrees":[111,879,69,2270,39]},"num_concepts_raised":15351},{"base_id":76,"kind":"bot_words","i1":1,"i2":8,"sol":{"path":["/c/en/eco","/c/en/ecology","/c/en/plant","/c/en/asparagine"],"weight":0.21724999999999983,"degrees":[111,879,7959,114]},"num_concepts_raised":30568},{"base_id":76,"kind":"bot_words","i1":1,"i2":9,"sol":{"path":["/c/en/eco","/c/en/economy","/c/en/divine","/c/en/supernaturalism"],"weight":0.21085999999999971,"degrees":[111,601,718,37]},"num_concepts_raised":23342},{"base_id":76,"kind":"bot_words","i1":2,"i2":3,"sol":{"path":["/c/en/urging","/c/en/goad","/c/en/needle","/c/en/acupuncture"],"weight":0.20632999999999996,"degrees":[50,225,861,177]},"num_concepts_raised":5552},{"base_id":76,"kind":"bot_words","i1":2,"i2":4,"sol":{"path":["/c/en/urging","/c/en/urge","/c/zh/舉酒","/c/en/drink","/c/en/cupbearer"],"weight":0.20460999999999988,"degrees":[50,601,9,2548,66]},"num_concepts_raised":5707},{"base_id":76,"kind":"bot_words","i1":2,"i2":5,"sol":{"path":["/c/en/urging","/c/en/goad","/c/en/goat","/c/en/mammal","/c/en/meriones"],"weight":0.20800999999999975,"degrees":[50,225,1071,2187,37]},"num_concepts_raised":3514},{"base_id":76,"kind":"bot_words","i1":2,"i2":6,"sol":{"path":["/c/en/urging","/c/en/urge","/c/en/drive","/c/en/check_vital_signs","/c/en/fainting"],"weight":0.20458999999999977,"degrees":[50,601,2162,69,83]},"num_concepts_raised":3213},{"base_id":76,"kind":"bot_words","i1":2,"i2":7,"sol":{"path":["/c/en/urging","/c/en/urge","/c/en/argument","/c/en/argumentum_ad_populum","/c/en/argumentum"],"weight":0.20406999999999975,"degrees":[50,601,881,17,39]},"num_concepts_raised":3449},{"base_id":76,"kind":"bot_words","i1":2,"i2":8,"sol":{"path":["/c/en/urging","/c/en/goad","/c/en/prick","/c/en/plant","/c/en/asparagine"],"weight":0.2092699999999999,"degrees":[50,225,471,7959,114]},"num_concepts_raised":18800},{"base_id":76,"kind":"bot_words","i1":2,"i2":9,"sol":{"path":["/c/en/urging","/c/en/urge","/c/en/persuasion","/c/en/belief","/c/en/supernaturalism"],"weight":0.2040499999999998,"degrees":[50,601,195,773,37]},"num_concepts_raised":11651},{"base_id":76,"kind":"bot_words","i1":3,"i2":4,"sol":{"path":["/c/en/acupuncture","/c/en/needle","/c/en/shot","/c/en/drink","/c/en/cupbearer"],"weight":0.20678000000000002,"degrees":[177,861,812,2548,66]},"num_concepts_raised":8889},{"base_id":76,"kind":"bot_words","i1":3,"i2":5,"sol":{"path":["/c/en/acupuncture","/c/en/needle","/c/en/eye","/c/en/mammal","/c/en/meriones"],"weight":0.21128999999999992,"degrees":[177,861,2698,2187,37]},"num_concepts_raised":6729},{"base_id":76,"kind":"bot_words","i1":3,"i2":6,"sol":{"path":["/c/en/acupuncture","/c/pl/akupunktura","/c/fr/médecine","/c/fr/syncope","/c/en/fainting"],"weight":0.2088699999999999,"degrees":[177,26,9990,93,83]},"num_concepts_raised":6429},{"base_id":76,"kind":"bot_words","i1":3,"i2":7,"sol":{"path":["/c/en/acupuncture","/c/en/treatment","/c/en/formal","/c/en/argumentum"],"weight":0.20501999999999992,"degrees":[177,804,2270,39]},"num_concepts_raised":6671},{"base_id":76,"kind":"bot_words","i1":3,"i2":8,"sol":{"path":["/c/en/acupuncture","/c/en/needle","/c/en/maltol","/c/en/chemical_compound","/c/en/asparagine"],"weight":0.21453000000000005,"degrees":[177,861,29,2801,114]},"num_concepts_raised":21958},{"base_id":76,"kind":"bot_words","i1":3,"i2":9,"sol":{"path":["/c/en/acupuncture","/c/en/treatment","/c/en/condition","/c/en/supernaturalism"],"weight":0.20499999999999996,"degrees":[177,804,1648,37]},"num_concepts_raised":14790},{"base_id":76,"kind":"bot_words","i1":4,"i2":5,"sol":{"path":["/c/en/cupbearer","/c/en/drink","/c/en/milk","/c/en/mammal","/c/en/meriones"],"weight":0.20849999999999985,"degrees":[66,2548,1939,2187,37]},"num_concepts_raised":6868},{"base_id":76,"kind":"bot_words","i1":4,"i2":6,"sol":{"path":["/c/en/cupbearer","/c/en/drink","/c/en/down","/c/en/faint","/c/en/fainting"],"weight":0.20634999999999984,"degrees":[66,2548,1533,654,83]},"num_concepts_raised":6573},{"base_id":76,"kind":"bot_words","i1":4,"i2":7,"sol":{"path":["/c/en/cupbearer","/c/en/drink","/c/de/geniessen","/c/en/formal","/c/en/argumentum"],"weight":0.20342999999999983,"degrees":[66,2548,118,2270,39]},"num_concepts_raised":6809},{"base_id":76,"kind":"bot_words","i1":4,"i2":8,"sol":{"path":["/c/en/cupbearer","/c/en/drink","/c/en/water","/c/en/chemical_compound","/c/en/asparagine"],"weight":0.2118,"degrees":[66,2548,4606,2801,114]},"num_concepts_raised":22119},{"base_id":76,"kind":"bot_words","i1":4,"i2":9,"sol":{"path":["/c/en/cupbearer","/c/en/drink","/c/en/quality","/c/en/supernaturalism"],"weight":0.2034399999999999,"degrees":[66,2548,1710,37]},"num_concepts_raised":14951},{"base_id":76,"kind":"bot_words","i1":5,"i2":6,"sol":{"path":["/c/en/meriones","/c/en/mammal","/c/en/fever","/c/en/symptom","/c/en/fainting"],"weight":0.20847999999999972,"degrees":[37,2187,622,656,83]},"num_concepts_raised":4383},{"base_id":76,"kind":"bot_words","i1":5,"i2":7,"sol":{"path":["/c/en/meriones","/c/en/mammal","/c/en/rabbit","/c/en/formal","/c/en/argumentum"],"weight":0.2078999999999997,"degrees":[37,2187,1102,2270,39]},"num_concepts_raised":4622},{"base_id":76,"kind":"bot_words","i1":5,"i2":8,"sol":{"path":["/c/en/meriones","/c/en/mammal","/c/en/rotenone","/c/en/chemical_compound","/c/en/asparagine"],"weight":0.21624999999999986,"degrees":[37,2187,47,2801,114]},"num_concepts_raised":19951},{"base_id":76,"kind":"bot_words","i1":5,"i2":9,"sol":{"path":["/c/en/meriones","/c/en/mammal","/c/en/inspiration","/c/en/supernatural","/c/en/supernaturalism"],"weight":0.20905999999999975,"degrees":[37,2187,385,451,37]},"num_concepts_raised":12825},{"base_id":76,"kind":"bot_words","i1":6,"i2":7,"sol":{"path":["/c/en/fainting","/c/en/faint","/c/fr/évanouir","/c/en/formal","/c/en/argumentum"],"weight":0.2058399999999997,"degrees":[83,654,109,2270,39]},"num_concepts_raised":4321},{"base_id":76,"kind":"bot_words","i1":6,"i2":8,"sol":{"path":["/c/en/fainting","/c/en/faint","/c/en/down","/c/en/plant","/c/en/asparagine"],"weight":0.21205999999999986,"degrees":[83,654,1533,7959,114]},"num_concepts_raised":19661},{"base_id":76,"kind":"bot_words","i1":6,"i2":9,"sol":{"path":["/c/en/fainting","/c/en/faint","/c/en/lose","/c/en/event","/c/en/supernaturalism"],"weight":0.20576999999999976,"degrees":[83,654,1227,1724,37]},"num_concepts_raised":12480},{"base_id":76,"kind":"bot_words","i1":7,"i2":8,"sol":{"path":["/c/en/argumentum","/c/en/formal","/c/en/starch","/c/en/chemical_compound","/c/en/asparagine"],"weight":0.21118999999999988,"degrees":[39,2270,514,2801,114]},"num_concepts_raised":19904},{"base_id":76,"kind":"bot_words","i1":7,"i2":9,"sol":{"path":["/c/en/argumentum","/c/en/argumentum_ad_hominem","/c/en/belief","/c/en/supernaturalism"],"weight":0.20282999999999976,"degrees":[39,19,773,37]},"num_concepts_raised":12735},{"base_id":76,"kind":"bot_words","i1":8,"i2":9,"sol":{"path":["/c/en/asparagine","/c/en/amino_acid","/c/en/occur","/c/en/event","/c/en/supernaturalism"],"weight":0.2114699999999999,"degrees":[114,815,588,1724,37]},"num_concepts_raised":28066}],[{"base_id":76,"kind":"top_words","i1":0,"i2":1,"sol":{"path":["/c/en/county","/c/en/state","/c/en/usa","/c/en/gasconade"],"weight":0.2243899999999983,"degrees":[714,3243,2683,35]},"num_concepts_raised":59968},{"base_id":76,"kind":"top_words","i1":0,"i2":2,"sol":{"path":["/c/en/county","/c/en/town","/c/en/tree","/c/en/yangmei"],"weight":0.2200899999999984,"degrees":[714,2220,3598,35]},"num_concepts_raised":60297},{"base_id":76,"kind":"top_words","i1":0,"i2":3,"sol":{"path":["/c/en/county","/c/en/county_seat","/c/en/chariton"],"weight":0.20800000000000002,"degrees":[714,2497,30]},"num_concepts_raised":629},{"base_id":76,"kind":"top_words","i1":0,"i2":4,"sol":{"path":["/c/en/county","/c/en/state","/c/en/us","/c/en/unincorporated"],"weight":0.22449999999999828,"degrees":[714,3243,8154,36]},"num_concepts_raised":64563},{"base_id":76,"kind":"top_words","i1":0,"i2":5,"sol":{"path":["/c/en/county","/c/en/city","/c/en/courthouse"],"weight":0.20600000000000002,"degrees":[714,3758,113]},"num_concepts_raised":688},{"base_id":76,"kind":"top_words","i1":0,"i2":6,"sol":{"path":["/c/en/county","/c/en/sheriff"],"weight":0.20800000000000002,"degrees":[714,209]},"num_concepts_raised":737},{"base_id":76,"kind":"top_words","i1":0,"i2":7,"sol":{"path":["/c/en/county","/c/en/town","/c/en/viljandi"],"weight":0.20800000000000002,"degrees":[714,2220,53]},"num_concepts_raised":651},{"base_id":76,"kind":"top_words","i1":0,"i2":8,"sol":{"path":["/c/en/county","/c/en/chiayi"],"weight":0.20800000000000002,"degrees":[714,42]},"num_concepts_raised":638},{"base_id":76,"kind":"top_words","i1":0,"i2":9,"sol":{"path":["/c/en/county","/c/en/state","/c/en/present","/c/fa/می","/c/en/kazerun"],"weight":0.22434999999999822,"degrees":[714,3243,2005,37,48]},"num_concepts_raised":55530},{"base_id":76,"kind":"top_words","i1":1,"i2":2,"sol":{"path":["/c/en/gasconade","/c/en/derogatory","/c/en/fruit","/c/en/yangmei"],"weight":0.2028899999999999,"degrees":[35,3326,2192,35]},"num_concepts_raised":12718},{"base_id":76,"kind":"top_words","i1":1,"i2":3,"sol":{"path":["/c/en/gasconade","/c/en/missouri","/c/en/chariton"],"weight":0.20400000000000001,"degrees":[35,699,30]},"num_concepts_raised":55},{"base_id":76,"kind":"top_words","i1":1,"i2":4,"sol":{"path":["/c/en/gasconade","/c/en/missouri","/c/en/lodge","/c/en/unincorporated"],"weight":0.2028299999999998,"degrees":[35,699,475,36]},"num_concepts_raised":18319},{"base_id":76,"kind":"top_words","i1":1,"i2":5,"sol":{"path":["/c/en/gasconade","/c/en/usa","/c/en/us","/c/en/courthouse"],"weight":0.20377999999999977,"degrees":[35,2683,8154,113]},"num_concepts_raised":27069},{"base_id":76,"kind":"top_words","i1":1,"i2":6,"sol":{"path":["/c/en/gasconade","/c/en/usa","/c/en/us","/c/en/sheriff"],"weight":0.21059999999999993,"degrees":[35,2683,8154,209]},"num_concepts_raised":26027},{"base_id":76,"kind":"top_words","i1":1,"i2":7,"sol":{"path":["/c/en/gasconade","/c/en/usa","/c/en/country","/c/en/estonia","/c/en/viljandi"],"weight":0.21003999999999973,"degrees":[35,2683,2796,424,53]},"num_concepts_raised":9592},{"base_id":76,"kind":"top_words","i1":1,"i2":8,"sol":{"path":["/c/en/gasconade","/c/en/gasconade_county","/c/en/county_seat","/c/en/city","/c/en/chiayi"],"weight":0.2089399999999998,"degrees":[35,9,2497,3758,42]},"num_concepts_raised":11825},{"base_id":76,"kind":"top_words","i1":1,"i2":9,"sol":{"path":["/c/en/gasconade","/c/en/derogatory","/c/en/buck","/c/fa/کل","/c/en/kazerun"],"weight":0.20282999999999973,"degrees":[35,3326,385,33,48]},"num_concepts_raised":7695},{"base_id":76,"kind":"top_words","i1":2,"i2":3,"sol":{"path":["/c/en/yangmei","/c/en/chinese_strawberry_tree","/c/en/chinese","/c/en/person","/c/en/chariton"],"weight":0.2088899999999999,"degrees":[35,5,911,12935,30]},"num_concepts_raised":21046},{"base_id":76,"kind":"top_words","i1":2,"i2":4,"sol":{"path":["/c/en/yangmei","/c/en/fruit","/c/en/plant","/c/en/us","/c/en/unincorporated"],"weight":0.20302999999999988,"degrees":[35,2192,7959,8154,36]},"num_concepts_raised":16661},{"base_id":76,"kind":"top_words","i1":2,"i2":5,"sol":{"path":["/c/en/yangmei","/c/en/tree","/c/en/town","/c/en/courthouse"],"weight":0.20400999999999986,"degrees":[35,3598,2220,113]},"num_concepts_raised":25400},{"base_id":76,"kind":"top_words","i1":2,"i2":6,"sol":{"path":["/c/en/yangmei","/c/en/fruit","/c/ga/meas","/c/en/judge","/c/en/sheriff"],"weight":0.21289000000000002,"degrees":[35,2192,49,1643,209]},"num_concepts_raised":24246},{"base_id":76,"kind":"top_words","i1":2,"i2":7,"sol":{"path":["/c/en/yangmei","/c/en/tree","/c/en/town","/c/en/viljandi"],"weight":0.2081399999999998,"degrees":[35,3598,2220,53]},"num_concepts_raised":7616},{"base_id":76,"kind":"top_words","i1":2,"i2":8,"sol":{"path":["/c/en/yangmei","/c/en/fruit","/c/en/apple","/c/en/city","/c/en/chiayi"],"weight":0.2081499999999999,"degrees":[35,2192,1553,3758,42]},"num_concepts_raised":9891},{"base_id":76,"kind":"top_words","i1":2,"i2":9,"sol":{"path":["/c/en/yangmei","/c/en/fruit","/c/en/wine","/c/fa/مل","/c/en/kazerun"],"weight":0.2030699999999998,"degrees":[35,2192,1776,12,48]},"num_concepts_raised":5663},{"base_id":76,"kind":"top_words","i1":3,"i2":4,"sol":{"path":["/c/en/chariton","/c/en/county_seat","/c/en/cherokee","/c/en/unincorporated"],"weight":0.20792999999999978,"degrees":[30,2497,175,36]},"num_concepts_raised":26560},{"base_id":76,"kind":"top_words","i1":3,"i2":5,"sol":{"path":["/c/en/chariton","/c/en/county_seat","/c/en/city","/c/en/courthouse"],"weight":0.20891999999999977,"degrees":[30,2497,3758,113]},"num_concepts_raised":35103},{"base_id":76,"kind":"top_words","i1":3,"i2":6,"sol":{"path":["/c/en/chariton","/c/en/person","/c/en/judge","/c/en/sheriff"],"weight":0.21778999999999993,"degrees":[30,12935,1643,209]},"num_concepts_raised":34188},{"base_id":76,"kind":"top_words","i1":3,"i2":7,"sol":{"path":["/c/en/chariton","/c/en/usa","/c/en/country","/c/en/estonia","/c/en/viljandi"],"weight":0.21508999999999973,"degrees":[30,2683,2796,424,53]},"num_concepts_raised":17929},{"base_id":76,"kind":"top_words","i1":3,"i2":8,"sol":{"path":["/c/en/chariton","/c/en/county_seat","/c/en/county","/c/en/chiayi"],"weight":0.21300999999999978,"degrees":[30,2497,714,42]},"num_concepts_raised":20060},{"base_id":76,"kind":"top_words","i1":3,"i2":9,"sol":{"path":["/c/en/chariton","/c/en/person","/c/en/alcoholic","/c/fa/می","/c/en/kazerun"],"weight":0.2079099999999997,"degrees":[30,12935,722,37,48]},"num_concepts_raised":16060},{"base_id":76,"kind":"top_words","i1":4,"i2":5,"sol":{"path":["/c/en/unincorporated","/c/en/us","/c/en/courthouse"],"weight":0.202,"degrees":[36,8154,113]},"num_concepts_raised":123},{"base_id":76,"kind":"top_words","i1":4,"i2":6,"sol":{"path":["/c/en/unincorporated","/c/en/us","/c/en/sheriff"],"weight":0.20400000000000001,"degrees":[36,8154,209]},"num_concepts_raised":176},{"base_id":76,"kind":"top_words","i1":4,"i2":7,"sol":{"path":["/c/en/unincorporated","/c/en/colorado","/c/en/town","/c/en/viljandi"],"weight":0.2080799999999997,"degrees":[36,486,2220,53]},"num_concepts_raised":13505},{"base_id":76,"kind":"top_words","i1":4,"i2":8,"sol":{"path":["/c/en/unincorporated","/c/en/cherokee","/c/en/city","/c/en/chiayi"],"weight":0.20806999999999976,"degrees":[36,175,3758,42]},"num_concepts_raised":15736},{"base_id":76,"kind":"top_words","i1":4,"i2":9,"sol":{"path":["/c/en/unincorporated","/c/en/us","/c/en/mead","/c/fa/مل","/c/en/kazerun"],"weight":0.2029499999999997,"degrees":[36,8154,256,12,48]},"num_concepts_raised":11719},{"base_id":76,"kind":"top_words","i1":5,"i2":6,"sol":{"path":["/c/en/courthouse","/c/en/us","/c/en/sheriff"],"weight":0.20400000000000001,"degrees":[113,8154,209]},"num_concepts_raised":228},{"base_id":76,"kind":"top_words","i1":5,"i2":7,"sol":{"path":["/c/en/courthouse","/c/en/town","/c/en/viljandi"],"weight":0.20400000000000001,"degrees":[113,2220,53]},"num_concepts_raised":137},{"base_id":76,"kind":"top_words","i1":5,"i2":8,"sol":{"path":["/c/en/courthouse","/c/en/city","/c/en/chiayi"],"weight":0.20400000000000001,"degrees":[113,3758,42]},"num_concepts_raised":126},{"base_id":76,"kind":"top_words","i1":5,"i2":9,"sol":{"path":["/c/en/courthouse","/c/en/court","/c/en/hole","/c/fa/چال","/c/en/kazerun"],"weight":0.2054199999999997,"degrees":[113,1616,1499,19,48]},"num_concepts_raised":20491},{"base_id":76,"kind":"top_words","i1":6,"i2":7,"sol":{"path":["/c/en/sheriff","/c/en/county","/c/en/town","/c/en/viljandi"],"weight":0.21592999999999984,"degrees":[209,714,2220,53]},"num_concepts_raised":21178},{"base_id":76,"kind":"top_words","i1":6,"i2":8,"sol":{"path":["/c/en/sheriff","/c/en/county","/c/en/chiayi"],"weight":0.20600000000000002,"degrees":[209,714,42]},"num_concepts_raised":179},{"base_id":76,"kind":"top_words","i1":6,"i2":9,"sol":{"path":["/c/en/sheriff","/c/en/scotland","/c/en/buck","/c/fa/کل","/c/en/kazerun"],"weight":0.21072999999999983,"degrees":[209,2226,385,33,48]},"num_concepts_raised":19328},{"base_id":76,"kind":"top_words","i1":7,"i2":8,"sol":{"path":["/c/en/viljandi","/c/en/town","/c/en/city","/c/en/chiayi"],"weight":0.21320999999999968,"degrees":[53,2220,3758,42]},"num_concepts_raised":6330},{"base_id":76,"kind":"top_words","i1":7,"i2":9,"sol":{"path":["/c/en/viljandi","/c/en/town","/c/en/cat","/c/fa/گولو","/c/en/kazerun"],"weight":0.20808999999999964,"degrees":[53,2220,1616,4,48]},"num_concepts_raised":2565},{"base_id":76,"kind":"top_words","i1":8,"i2":9,"sol":{"path":["/c/en/chiayi","/c/en/city","/c/en/bushehr","/c/fa/بوا","/c/en/kazerun"],"weight":0.2080999999999997,"degrees":[42,3758,73,10,48]},"num_concepts_raised":4860}]]