[[{"base_id":218,"kind":"bot_words","i1":0,"i2":1,"sol":{"path":["/c/en/trike","/c/fr/trichloréthylène","/c/en/tricky","/c/de/schlüpfrig","/c/en/risqué"],"weight":0.2040499999999998,"degrees":[29,33,190,70,55]},"num_concepts_raised":3524},{"base_id":218,"kind":"bot_words","i1":0,"i2":2,"sol":{"path":["/c/en/trike","/c/en/tricycle","/c/en/transport","/c/en/lift","/c/en/alleviate"],"weight":0.20847999999999955,"degrees":[29,156,1411,1167,234]},"num_concepts_raised":12301},{"base_id":218,"kind":"bot_words","i1":0,"i2":3,"sol":{"path":["/c/en/trike","/c/sh/hvatati","/c/en/catch","/c/en/listen","/c/en/hark"],"weight":0.2047199999999999,"degrees":[29,13,1527,917,68]},"num_concepts_raised":3844},{"base_id":218,"kind":"bot_words","i1":0,"i2":4,"sol":{"path":["/c/en/trike","/c/en/bike","/c/en/slang","/c/en/plum","/c/en/desirable"],"weight":0.20714999999999945,"degrees":[29,246,16318,622,298]},"num_concepts_raised":12525},{"base_id":218,"kind":"bot_words","i1":0,"i2":5,"sol":{"path":["/c/en/trike","/c/en/bike","/c/en/slang","/c/en/cave","/c/en/speleology"],"weight":0.21050000000000008,"degrees":[29,246,16318,890,131]},"num_concepts_raised":6297},{"base_id":218,"kind":"bot_words","i1":0,"i2":6,"sol":{"path":["/c/en/trike","/c/en/user_guided_device","/c/en/paddle","/c/en/dinghy"],"weight":0.20424999999999977,"degrees":[29,60,394,141]},"num_concepts_raised":18228},{"base_id":218,"kind":"bot_words","i1":0,"i2":7,"sol":{"path":["/c/en/trike","/c/en/tricycle","/c/en/steel","/c/en/needle","/c/en/harass","/c/en/harassed"],"weight":0.21376869999999973,"degrees":[29,156,1352,861,407,39]},"num_concepts_raised":172457},{"base_id":218,"kind":"bot_words","i1":0,"i2":8,"sol":{"path":["/c/en/trike","/c/en/bike","/c/en/handle","/c/en/awkward","/c/en/maladroit"],"weight":0.21421999999999985,"degrees":[29,246,1567,465,97]},"num_concepts_raised":7606},{"base_id":218,"kind":"bot_words","i1":0,"i2":9,"sol":{"path":["/c/en/trike","/c/en/tricycle","/c/en/transport","/c/en/city","/c/en/chiayi"],"weight":0.21108999999999983,"degrees":[29,156,1411,3758,42]},"num_concepts_raised":5306},{"base_id":218,"kind":"bot_words","i1":1,"i2":2,"sol":{"path":["/c/en/risqué","/c/en/sexual","/c/en/cruise","/c/en/ease","/c/en/alleviate"],"weight":0.20720999999999945,"degrees":[55,1042,267,487,234]},"num_concepts_raised":14285},{"base_id":218,"kind":"bot_words","i1":1,"i2":3,"sol":{"path":["/c/en/risqué","/c/en/double_entendre","/c/fr/entendre","/c/en/listen","/c/en/hark"],"weight":0.2050699999999998,"degrees":[55,73,561,917,68]},"num_concepts_raised":5856},{"base_id":218,"kind":"bot_words","i1":1,"i2":4,"sol":{"path":["/c/en/risqué","/c/en/sexual","/c/en/desire","/c/en/desirable"],"weight":0.20636999999999936,"degrees":[55,1042,1617,298]},"num_concepts_raised":14417},{"base_id":218,"kind":"bot_words","i1":1,"i2":5,"sol":{"path":["/c/en/risqué","/c/en/risky","/c/en/stock","/c/en/geology","/c/en/speleology"],"weight":0.20972,"degrees":[55,191,1024,3862,131]},"num_concepts_raised":8311},{"base_id":218,"kind":"bot_words","i1":1,"i2":6,"sol":{"path":["/c/en/risqué","/c/fr/risqué","/c/fr/certain","/c/fr/youyou","/c/en/dinghy"],"weight":0.20853999999999967,"degrees":[55,67,983,47,141]},"num_concepts_raised":20227},{"base_id":218,"kind":"bot_words","i1":1,"i2":7,"sol":{"path":["/c/en/risqué","/c/en/sexual","/c/en/molest","/c/en/harass","/c/en/harassed"],"weight":0.20411999999999977,"degrees":[55,1042,150,407,39]},"num_concepts_raised":3888},{"base_id":218,"kind":"bot_words","i1":1,"i2":8,"sol":{"path":["/c/en/risqué","/c/fr/coquin","/c/fr/habile","/c/fr/maladroit","/c/en/maladroit"],"weight":0.2135999999999998,"degrees":[55,152,306,194,97]},"num_concepts_raised":9574},{"base_id":218,"kind":"bot_words","i1":1,"i2":9,"sol":{"path":["/c/en/risqué","/c/en/risky","/c/en/nice","/c/en/city","/c/en/chiayi"],"weight":0.20831999999999973,"degrees":[55,191,845,3758,42]},"num_concepts_raised":7326},{"base_id":218,"kind":"bot_words","i1":2,"i2":3,"sol":{"path":["/c/en/alleviate","/c/en/lithe","/c/en/listen","/c/en/hark"],"weight":0.20720999999999956,"degrees":[234,123,917,68]},"num_concepts_raised":14572},{"base_id":218,"kind":"bot_words","i1":2,"i2":4,"sol":{"path":["/c/en/alleviate","/c/en/qualify","/c/en/eligible","/c/en/desirable"],"weight":0.20965999999999912,"degrees":[234,298,148,298]},"num_concepts_raised":23047},{"base_id":218,"kind":"bot_words","i1":2,"i2":5,"sol":{"path":["/c/en/alleviate","/c/fr/soulager","/c/fr/naturel","/c/fr/spéléologie","/c/en/speleology"],"weight":0.21626999999999974,"degrees":[234,207,1074,50,131]},"num_concepts_raised":17057},{"base_id":218,"kind":"bot_words","i1":2,"i2":6,"sol":{"path":["/c/en/alleviate","/c/en/pain","/c/en/tender","/c/en/dinghy"],"weight":0.20792999999999945,"degrees":[234,2002,698,141]},"num_concepts_raised":28750},{"base_id":218,"kind":"bot_words","i1":2,"i2":7,"sol":{"path":["/c/en/alleviate","/c/en/severe","/c/la/exercitus","/c/en/harassed"],"weight":0.20535999999999952,"degrees":[234,604,80,39]},"num_concepts_raised":12645},{"base_id":218,"kind":"bot_words","i1":2,"i2":8,"sol":{"path":["/c/en/alleviate","/c/la/ad","/c/en/adroit","/c/en/maladroit"],"weight":0.21542999999999957,"degrees":[234,584,136,97]},"num_concepts_raised":18237},{"base_id":218,"kind":"bot_words","i1":2,"i2":9,"sol":{"path":["/c/en/alleviate","/c/en/address","/c/en/city","/c/en/chiayi"],"weight":0.2105299999999995,"degrees":[234,1322,3758,42]},"num_concepts_raised":16070},{"base_id":218,"kind":"bot_words","i1":3,"i2":4,"sol":{"path":["/c/en/hark","/c/en/listen","/c/en/list","/c/en/desirable"],"weight":0.20795999999999948,"degrees":[68,917,1079,298]},"num_concepts_raised":14817},{"base_id":218,"kind":"bot_words","i1":3,"i2":5,"sol":{"path":["/c/en/hark","/c/en/listen","/c/en/learning","/c/en/logy","/c/en/speleology"],"weight":0.21121000000000006,"degrees":[68,917,723,543,131]},"num_concepts_raised":8638},{"base_id":218,"kind":"bot_words","i1":3,"i2":6,"sol":{"path":["/c/en/hark","/c/en/imperative","/c/it/deriva","/c/en/dinghy"],"weight":0.2046099999999998,"degrees":[68,708,21,141]},"num_concepts_raised":20561},{"base_id":218,"kind":"bot_words","i1":3,"i2":7,"sol":{"path":["/c/en/hark","/c/en/listen","/c/en/person","/c/en/pestered","/c/en/harassed"],"weight":0.20467999999999986,"degrees":[68,917,12935,10,39]},"num_concepts_raised":4215},{"base_id":218,"kind":"bot_words","i1":3,"i2":8,"sol":{"path":["/c/en/hark","/c/de/gehoben","/c/de/ungeschickt","/c/en/maladroit"],"weight":0.2093799999999999,"degrees":[68,371,68,97]},"num_concepts_raised":9928},{"base_id":218,"kind":"bot_words","i1":3,"i2":9,"sol":{"path":["/c/en/hark","/c/en/listen","/c/en/sound","/c/en/city","/c/en/chiayi"],"weight":0.20985999999999982,"degrees":[68,917,3218,3758,42]},"num_concepts_raised":7643},{"base_id":218,"kind":"bot_words","i1":4,"i2":5,"sol":{"path":["/c/en/desirable","/c/en/base","/c/en/sport","/c/en/caving","/c/en/speleology"],"weight":0.21468999999999963,"degrees":[298,2117,1809,49,131]},"num_concepts_raised":17264},{"base_id":218,"kind":"bot_words","i1":4,"i2":6,"sol":{"path":["/c/en/desirable","/c/en/net","/c/en/boat","/c/en/dinghy"],"weight":0.20909999999999934,"degrees":[298,961,1763,141]},"num_concepts_raised":28939},{"base_id":218,"kind":"bot_words","i1":4,"i2":7,"sol":{"path":["/c/en/desirable","/c/en/wanted","/c/en/waste","/c/en/harass","/c/en/harassed"],"weight":0.20833999999999941,"degrees":[298,180,1543,407,39]},"num_concepts_raised":12902},{"base_id":218,"kind":"bot_words","i1":4,"i2":8,"sol":{"path":["/c/en/desirable","/c/en/worthy","/c/fr/personne","/c/en/maladroit"],"weight":0.21299999999999944,"degrees":[298,465,3714,97]},"num_concepts_raised":18511},{"base_id":218,"kind":"bot_words","i1":4,"i2":9,"sol":{"path":["/c/en/desirable","/c/en/base","/c/en/city","/c/en/chiayi"],"weight":0.2111499999999994,"degrees":[298,2117,3758,42]},"num_concepts_raised":16306},{"base_id":218,"kind":"bot_words","i1":5,"i2":6,"sol":{"path":["/c/en/speleology","/c/fr/spéléologie","/c/fr/technique","/c/fr/rame","/c/en/dinghy"],"weight":0.21492999999999995,"degrees":[131,50,1490,196,141]},"num_concepts_raised":22988},{"base_id":218,"kind":"bot_words","i1":5,"i2":7,"sol":{"path":["/c/en/speleology","/c/en/caving","/c/en/rack","/c/en/harass","/c/en/harassed"],"weight":0.21256000000000003,"degrees":[131,49,554,407,39]},"num_concepts_raised":6669},{"base_id":218,"kind":"bot_words","i1":5,"i2":8,"sol":{"path":["/c/en/speleology","/c/en/geology","/c/ga/tuaisceartach","/c/en/awkward","/c/en/maladroit"],"weight":0.21979000000000004,"degrees":[131,3862,14,465,97]},"num_concepts_raised":12386},{"base_id":218,"kind":"bot_words","i1":5,"i2":9,"sol":{"path":["/c/en/speleology","/c/en/caving","/c/en/passage","/c/en/city","/c/en/chiayi"],"weight":0.21666000000000002,"degrees":[131,49,842,3758,42]},"num_concepts_raised":10097},{"base_id":218,"kind":"bot_words","i1":6,"i2":7,"sol":{"path":["/c/en/dinghy","/c/pt/bote","/c/en/attack","/c/en/harass","/c/en/harassed"],"weight":0.20629999999999976,"degrees":[141,32,1799,407,39]},"num_concepts_raised":18640},{"base_id":218,"kind":"bot_words","i1":6,"i2":8,"sol":{"path":["/c/en/dinghy","/c/en/boat","/c/en/wooden","/c/en/awkward","/c/en/maladroit"],"weight":0.21633999999999975,"degrees":[141,1763,571,465,97]},"num_concepts_raised":24241},{"base_id":218,"kind":"bot_words","i1":6,"i2":9,"sol":{"path":["/c/en/dinghy","/c/en/boat","/c/en/port","/c/en/city","/c/en/chiayi"],"weight":0.21111999999999972,"degrees":[141,1763,979,3758,42]},"num_concepts_raised":22024},{"base_id":218,"kind":"bot_words","i1":7,"i2":8,"sol":{"path":["/c/en/harassed","/c/en/troubled","/c/en/uneasy","/c/en/awkward","/c/en/maladroit"],"weight":0.21427999999999986,"degrees":[39,199,233,465,97]},"num_concepts_raised":7973},{"base_id":218,"kind":"bot_words","i1":7,"i2":9,"sol":{"path":["/c/en/harassed","/c/en/harried","/c/en/busy","/c/en/city","/c/en/chiayi"],"weight":0.2089899999999998,"degrees":[39,20,552,3758,42]},"num_concepts_raised":5683},{"base_id":218,"kind":"bot_words","i1":8,"i2":9,"sol":{"path":["/c/en/maladroit","/c/en/album","/c/en/collection","/c/en/city","/c/en/chiayi"],"weight":0.21396999999999983,"degrees":[97,778,967,3758,42]},"num_concepts_raised":11407}],[{"base_id":218,"kind":"top_words","i1":0,"i2":1,"sol":{"path":["/c/en/josiah","/c/en/biblical_character","/c/fr/élisée","/c/en/elisha"],"weight":0.21629999999999988,"degrees":[50,1015,43,78]},"num_concepts_raised":4128},{"base_id":218,"kind":"top_words","i1":0,"i2":2,"sol":{"path":["/c/en/josiah","/c/en/king","/c/en/country","/c/en/england","/c/en/moulton"],"weight":0.20829999999999985,"degrees":[50,1642,2796,2303,31]},"num_concepts_raised":118415},{"base_id":218,"kind":"top_words","i1":0,"i2":3,"sol":{"path":["/c/en/josiah","/c/en/king","/c/en/station","/c/en/addison"],"weight":0.21301999999999988,"degrees":[50,1642,888,24]},"num_concepts_raised":7729},{"base_id":218,"kind":"top_words","i1":0,"i2":4,"sol":{"path":["/c/en/josiah","/c/en/king","/c/en/people","/c/en/village","/c/en/thorp"],"weight":0.21002999999999988,"degrees":[50,1642,4475,1480,54]},"num_concepts_raised":24886},{"base_id":218,"kind":"top_words","i1":0,"i2":5,"sol":{"path":["/c/en/josiah","/c/en/king","/c/en/man","/c/en/waterman"],"weight":0.20803999999999984,"degrees":[50,1642,3068,27]},"num_concepts_raised":11145},{"base_id":218,"kind":"top_words","i1":0,"i2":6,"sol":{"path":["/c/en/josiah","/c/en/king","/c/en/state","/c/en/alaska","/c/en/mckinley"],"weight":0.2081799999999998,"degrees":[50,1642,3243,426,36]},"num_concepts_raised":6227},{"base_id":218,"kind":"top_words","i1":0,"i2":7,"sol":{"path":["/c/en/josiah","/c/en/king","/c/en/state","/c/en/new_york","/c/en/montague"],"weight":0.20823999999999993,"degrees":[50,1642,3243,897,25]},"num_concepts_raised":7772},{"base_id":218,"kind":"top_words","i1":0,"i2":8,"sol":{"path":["/c/en/josiah","/c/en/monarch","/c/en/prince","/c/en/musical_artist","/c/en/waldo"],"weight":0.21304999999999985,"degrees":[50,586,701,462,26]},"num_concepts_raised":5698},{"base_id":218,"kind":"top_words","i1":0,"i2":9,"sol":{"path":["/c/en/josiah","/c/en/biblical_character","/c/en/zechariah","/c/en/zachary"],"weight":0.2094899999999999,"degrees":[50,1015,112,38]},"num_concepts_raised":2921},{"base_id":218,"kind":"top_words","i1":1,"i2":2,"sol":{"path":["/c/en/elisha","/c/en/elizabeth","/c/en/county_seat","/c/en/moulton"],"weight":0.20851999999999984,"degrees":[78,204,2497,31]},"num_concepts_raised":117134},{"base_id":218,"kind":"top_words","i1":1,"i2":3,"sol":{"path":["/c/en/elisha","/c/en/elizabeth","/c/en/usa","/c/en/addison"],"weight":0.21339999999999987,"degrees":[78,204,2683,24]},"num_concepts_raised":6439},{"base_id":218,"kind":"top_words","i1":1,"i2":4,"sol":{"path":["/c/en/elisha","/c/en/saint","/c/en/people","/c/en/village","/c/en/thorp"],"weight":0.21040999999999987,"degrees":[78,772,4475,1480,54]},"num_concepts_raised":23593},{"base_id":218,"kind":"top_words","i1":1,"i2":5,"sol":{"path":["/c/en/elisha","/c/en/saint","/c/en/man","/c/en/waterman"],"weight":0.20840999999999987,"degrees":[78,772,3068,27]},"num_concepts_raised":9857},{"base_id":218,"kind":"top_words","i1":1,"i2":6,"sol":{"path":["/c/en/elisha","/c/en/elizabeth","/c/en/usa","/c/en/mckinley"],"weight":0.20848999999999981,"degrees":[78,204,2683,36]},"num_concepts_raised":4912},{"base_id":218,"kind":"top_words","i1":1,"i2":7,"sol":{"path":["/c/en/elisha","/c/en/elizabeth","/c/en/county_seat","/c/en/montague"],"weight":0.20854999999999996,"degrees":[78,204,2497,25]},"num_concepts_raised":6463},{"base_id":218,"kind":"top_words","i1":1,"i2":8,"sol":{"path":["/c/en/elisha","/c/fi/elisa","/c/en/elisa","/c/en/musical_artist","/c/en/waldo"],"weight":0.21546999999999983,"degrees":[78,15,61,462,26]},"num_concepts_raised":4374},{"base_id":218,"kind":"top_words","i1":1,"i2":9,"sol":{"path":["/c/en/elisha","/c/en/saint","/c/en/zechariah","/c/en/zachary"],"weight":0.2098299999999999,"degrees":[78,772,112,38]},"num_concepts_raised":1613},{"base_id":218,"kind":"top_words","i1":2,"i2":3,"sol":{"path":["/c/en/moulton","/c/en/usa","/c/en/addison"],"weight":0.20400000000000001,"degrees":[31,2683,24]},"num_concepts_raised":51},{"base_id":218,"kind":"top_words","i1":2,"i2":4,"sol":{"path":["/c/en/moulton","/c/fr/hameau","/c/en/thorp"],"weight":0.202,"degrees":[31,3192,54]},"num_concepts_raised":76},{"base_id":218,"kind":"top_words","i1":2,"i2":5,"sol":{"path":["/c/en/moulton","/c/en/lawrence_county","/c/en/kentucky","/c/en/horse","/c/en/waterman"],"weight":0.20364999999999983,"degrees":[31,48,508,3068,27]},"num_concepts_raised":124081},{"base_id":218,"kind":"top_words","i1":2,"i2":6,"sol":{"path":["/c/en/moulton","/c/en/usa","/c/en/mckinley"],"weight":0.202,"degrees":[31,2683,36]},"num_concepts_raised":67},{"base_id":218,"kind":"top_words","i1":2,"i2":7,"sol":{"path":["/c/en/moulton","/c/en/county_seat","/c/en/montague"],"weight":0.202,"degrees":[31,2497,25]},"num_concepts_raised":49},{"base_id":218,"kind":"top_words","i1":2,"i2":8,"sol":{"path":["/c/en/moulton","/c/en/england","/c/en/essex","/c/en/wally","/c/en/waldo"],"weight":0.2078499999999998,"degrees":[31,2303,172,45,26]},"num_concepts_raised":118617},{"base_id":218,"kind":"top_words","i1":2,"i2":9,"sol":{"path":["/c/en/moulton","/c/en/usa","/c/en/prison","/c/en/zack","/c/en/zachary"],"weight":0.2029299999999999,"degrees":[31,2683,1120,15,38]},"num_concepts_raised":115917},{"base_id":218,"kind":"top_words","i1":3,"i2":4,"sol":{"path":["/c/en/addison","/c/en/usa","/c/en/washington","/c/en/thorp"],"weight":0.2079799999999999,"degrees":[24,2683,601,54]},"num_concepts_raised":26749},{"base_id":218,"kind":"top_words","i1":3,"i2":5,"sol":{"path":["/c/en/addison","/c/en/adam","/c/en/man","/c/en/waterman"],"weight":0.20764999999999983,"degrees":[24,376,3068,27]},"num_concepts_raised":13372},{"base_id":218,"kind":"top_words","i1":3,"i2":6,"sol":{"path":["/c/en/addison","/c/en/usa","/c/en/mckinley"],"weight":0.20400000000000001,"degrees":[24,2683,36]},"num_concepts_raised":57},{"base_id":218,"kind":"top_words","i1":3,"i2":7,"sol":{"path":["/c/en/addison","/c/en/addison_county","/c/en/county_seat","/c/en/montague"],"weight":0.20978999999999992,"degrees":[24,10,2497,25]},"num_concepts_raised":7726},{"base_id":218,"kind":"top_words","i1":3,"i2":8,"sol":{"path":["/c/en/addison","/c/en/adam","/c/en/given_name","/c/en/wally","/c/en/waldo"],"weight":0.21263999999999983,"degrees":[24,376,1247,45,26]},"num_concepts_raised":7970},{"base_id":218,"kind":"top_words","i1":3,"i2":9,"sol":{"path":["/c/en/addison","/c/en/adam","/c/en/old_testament","/c/en/zechariah","/c/en/zachary"],"weight":0.2090499999999999,"degrees":[24,376,407,112,38]},"num_concepts_raised":5222},{"base_id":218,"kind":"top_words","i1":4,"i2":5,"sol":{"path":["/c/en/thorp","/c/en/troop","/c/en/horse","/c/en/waterman"],"weight":0.20398999999999984,"degrees":[54,434,3068,27]},"num_concepts_raised":30449},{"base_id":218,"kind":"top_words","i1":4,"i2":6,"sol":{"path":["/c/en/thorp","/c/en/washington","/c/en/finley","/c/en/mckinley"],"weight":0.2031099999999998,"degrees":[54,601,15,36]},"num_concepts_raised":25231},{"base_id":218,"kind":"top_words","i1":4,"i2":7,"sol":{"path":["/c/en/thorp","/c/en/village","/c/en/michigan","/c/en/montague"],"weight":0.20465999999999995,"degrees":[54,1480,555,25]},"num_concepts_raised":26658},{"base_id":218,"kind":"top_words","i1":4,"i2":8,"sol":{"path":["/c/en/thorp","/c/en/village","/c/en/luka","/c/en/musical_artist","/c/en/waldo"],"weight":0.20954999999999985,"degrees":[54,1480,56,462,26]},"num_concepts_raised":25105},{"base_id":218,"kind":"top_words","i1":4,"i2":9,"sol":{"path":["/c/en/thorp","/c/en/village","/c/en/australia","/c/en/zack","/c/en/zachary"],"weight":0.2047799999999999,"degrees":[54,1480,2690,15,38]},"num_concepts_raised":22377},{"base_id":218,"kind":"top_words","i1":5,"i2":6,"sol":{"path":["/c/en/waterman","/c/en/surfing","/c/en/united_states","/c/en/denali","/c/en/mckinley"],"weight":0.20281999999999978,"degrees":[27,390,1636,89,36]},"num_concepts_raised":11917},{"base_id":218,"kind":"top_words","i1":5,"i2":7,"sol":{"path":["/c/en/waterman","/c/en/horse","/c/en/michigan","/c/en/montague"],"weight":0.20268999999999993,"degrees":[27,3068,555,25]},"num_concepts_raised":13436},{"base_id":218,"kind":"top_words","i1":5,"i2":8,"sol":{"path":["/c/en/waterman","/c/en/man","/c/en/fish","/c/en/musical_artist","/c/en/waldo"],"weight":0.20762999999999981,"degrees":[27,3068,4424,462,26]},"num_concepts_raised":11388},{"base_id":218,"kind":"top_words","i1":5,"i2":9,"sol":{"path":["/c/en/waterman","/c/en/man","/c/en/israel","/c/en/zechariah","/c/en/zachary"],"weight":0.20401999999999987,"degrees":[27,3068,512,112,38]},"num_concepts_raised":8641},{"base_id":218,"kind":"top_words","i1":6,"i2":7,"sol":{"path":["/c/en/mckinley","/c/en/usa","/c/en/montague_county","/c/en/montague"],"weight":0.20483999999999988,"degrees":[36,2683,8,25]},"num_concepts_raised":6134},{"base_id":218,"kind":"top_words","i1":6,"i2":8,"sol":{"path":["/c/en/mckinley","/c/en/alaska","/c/en/snow","/c/en/musical_artist","/c/en/waldo"],"weight":0.20770999999999978,"degrees":[36,426,1934,462,26]},"num_concepts_raised":6445},{"base_id":218,"kind":"top_words","i1":6,"i2":9,"sol":{"path":["/c/en/mckinley","/c/en/finley","/c/en/australia","/c/en/zack","/c/en/zachary"],"weight":0.20293999999999984,"degrees":[36,15,2690,15,38]},"num_concepts_raised":3685},{"base_id":218,"kind":"top_words","i1":7,"i2":8,"sol":{"path":["/c/en/montague","/c/en/romeo","/c/fr/homme","/c/fr/appareil","/c/en/waldo"],"weight":0.20878999999999992,"degrees":[25,81,1895,1006,26]},"num_concepts_raised":7992},{"base_id":218,"kind":"top_words","i1":7,"i2":9,"sol":{"path":["/c/en/montague","/c/en/monty","/c/en/given_name","/c/en/zac","/c/en/zachary"],"weight":0.20396999999999998,"degrees":[25,7,1247,9,38]},"num_concepts_raised":5242},{"base_id":218,"kind":"top_words","i1":8,"i2":9,"sol":{"path":["/c/en/waldo","/c/en/wally","/c/en/given_name","/c/en/zac","/c/en/zachary"],"weight":0.20885999999999988,"degrees":[26,45,1247,9,38]},"num_concepts_raised":3151}]]