[[{"base_id":828,"kind":"bot_words","i1":0,"i2":1,"sol":{"path":["/c/en/flaming","/c/en/british","/c/en/tinker","/c/en/tinkerer"],"weight":0.2057199999999998,"degrees":[96,3452,157,28]},"num_concepts_raised":15596},{"base_id":828,"kind":"bot_words","i1":0,"i2":2,"sol":{"path":["/c/en/flaming","/c/en/hot","/c/en/popular","/c/en/popularise"],"weight":0.20514999999999967,"degrees":[96,1227,820,58]},"num_concepts_raised":24112},{"base_id":828,"kind":"bot_words","i1":0,"i2":3,"sol":{"path":["/c/en/flaming","/c/en/hot","/c/en/lively","/c/en/krakowiak"],"weight":0.20975999999999967,"degrees":[96,1227,642,37]},"num_concepts_raised":18565},{"base_id":828,"kind":"bot_words","i1":0,"i2":4,"sol":{"path":["/c/en/flaming","/c/en/fire","/c/en/food","/c/en/protein","/c/en/osteocalcin"],"weight":0.2120799999999997,"degrees":[96,2829,4281,3124,33]},"num_concepts_raised":26588},{"base_id":828,"kind":"bot_words","i1":0,"i2":5,"sol":{"path":["/c/en/flaming","/c/en/flame","/c/en/phlegm","/c/en/aqueous"],"weight":0.20824999999999955,"degrees":[96,677,168,134]},"num_concepts_raised":34088},{"base_id":828,"kind":"bot_words","i1":0,"i2":6,"sol":{"path":["/c/en/flaming","/c/en/fire","/c/en/disaster","/c/en/dr"],"weight":0.2053999999999997,"degrees":[96,2829,539,67]},"num_concepts_raised":30806},{"base_id":828,"kind":"bot_words","i1":0,"i2":7,"sol":{"path":["/c/en/flaming","/c/en/sun","/c/en/hat","/c/en/beret"],"weight":0.20617999999999975,"degrees":[96,1994,931,132]},"num_concepts_raised":21921},{"base_id":828,"kind":"bot_words","i1":0,"i2":8,"sol":{"path":["/c/en/flaming","/c/en/british","/c/en/slyboots","/c/en/sly"],"weight":0.20833999999999928,"degrees":[96,3452,25,341]},"num_concepts_raised":24354},{"base_id":828,"kind":"bot_words","i1":0,"i2":9,"sol":{"path":["/c/en/flaming","/c/en/red","/c/en/vibrant","/c/en/resonant"],"weight":0.20423999999999956,"degrees":[96,1983,113,84]},"num_concepts_raised":19156},{"base_id":828,"kind":"bot_words","i1":1,"i2":2,"sol":{"path":["/c/en/tinkerer","/c/en/tinker","/c/en/work","/c/en/people","/c/en/popularise"],"weight":0.2053099999999999,"degrees":[28,157,4013,4475,58]},"num_concepts_raised":9877},{"base_id":828,"kind":"bot_words","i1":1,"i2":3,"sol":{"path":["/c/en/tinkerer","/c/en/tinker","/c/en/fiddle","/c/en/dance","/c/en/krakowiak"],"weight":0.2100799999999999,"degrees":[28,157,423,2473,37]},"num_concepts_raised":4182},{"base_id":828,"kind":"bot_words","i1":1,"i2":4,"sol":{"path":["/c/en/tinkerer","/c/en/tinker","/c/en/fix","/c/en/biology","/c/en/osteocalcin"],"weight":0.21005999999999997,"degrees":[28,157,981,6216,33]},"num_concepts_raised":12184},{"base_id":828,"kind":"bot_words","i1":1,"i2":5,"sol":{"path":["/c/en/tinkerer","/c/en/tinker","/c/en/mortar","/c/en/water","/c/en/aqueous"],"weight":0.2066099999999998,"degrees":[28,157,543,4606,134]},"num_concepts_raised":19931},{"base_id":828,"kind":"bot_words","i1":1,"i2":6,"sol":{"path":["/c/en/tinkerer","/c/en/tinker","/c/en/fix","/c/en/doctor","/c/en/dr"],"weight":0.20776999999999995,"degrees":[28,157,981,1654,67]},"num_concepts_raised":16594},{"base_id":828,"kind":"bot_words","i1":1,"i2":7,"sol":{"path":["/c/en/tinkerer","/c/en/tinker","/c/en/military","/c/en/head","/c/en/beret"],"weight":0.20645999999999998,"degrees":[28,157,5690,3580,132]},"num_concepts_raised":7616},{"base_id":828,"kind":"bot_words","i1":1,"i2":8,"sol":{"path":["/c/en/tinkerer","/c/en/tinker","/c/en/mischievous","/c/en/sly"],"weight":0.2087699999999995,"degrees":[28,157,329,341]},"num_concepts_raised":10134},{"base_id":828,"kind":"bot_words","i1":1,"i2":9,"sol":{"path":["/c/en/tinkerer","/c/en/tinker","/c/en/bell","/c/ba/саң","/c/en/resonant"],"weight":0.2054999999999998,"degrees":[28,157,1216,24,84]},"num_concepts_raised":4789},{"base_id":828,"kind":"bot_words","i1":2,"i2":3,"sol":{"path":["/c/en/popularise","/c/en/people","/c/en/dance","/c/en/krakowiak"],"weight":0.2082699999999998,"degrees":[58,4475,2473,37]},"num_concepts_raised":12877},{"base_id":828,"kind":"bot_words","i1":2,"i2":4,"sol":{"path":["/c/en/popularise","/c/en/people","/c/en/bone","/c/en/osteocalcin"],"weight":0.20825999999999983,"degrees":[58,4475,2320,33]},"num_concepts_raised":20836},{"base_id":828,"kind":"bot_words","i1":2,"i2":5,"sol":{"path":["/c/en/popularise","/c/en/form","/c/en/water","/c/en/aqueous"],"weight":0.2047099999999997,"degrees":[58,2423,4606,134]},"num_concepts_raised":28549},{"base_id":828,"kind":"bot_words","i1":2,"i2":6,"sol":{"path":["/c/en/popularise","/c/en/people","/c/en/doctor","/c/en/dr"],"weight":0.20589999999999983,"degrees":[58,4475,1654,67]},"num_concepts_raised":25189},{"base_id":828,"kind":"bot_words","i1":2,"i2":7,"sol":{"path":["/c/en/popularise","/c/en/popularize","/c/en/muffin_cap","/c/en/beret"],"weight":0.20574999999999988,"degrees":[58,97,11,132]},"num_concepts_raised":16255},{"base_id":828,"kind":"bot_words","i1":2,"i2":8,"sol":{"path":["/c/en/popularise","/c/en/people","/c/en/us","/c/en/cunning","/c/en/sly"],"weight":0.2099399999999994,"degrees":[58,4475,8154,597,341]},"num_concepts_raised":18775},{"base_id":828,"kind":"bot_words","i1":2,"i2":9,"sol":{"path":["/c/en/popularise","/c/en/form","/c/en/electrical","/c/en/resonant"],"weight":0.20358999999999966,"degrees":[58,2423,631,84]},"num_concepts_raised":13495},{"base_id":828,"kind":"bot_words","i1":3,"i2":4,"sol":{"path":["/c/en/krakowiak","/c/en/dance","/c/en/expression","/c/en/protein","/c/en/osteocalcin"],"weight":0.21503999999999981,"degrees":[37,2473,1025,3124,33]},"num_concepts_raised":15258},{"base_id":828,"kind":"bot_words","i1":3,"i2":5,"sol":{"path":["/c/en/krakowiak","/c/en/lively","/c/en/sassy","/c/tr/sulu","/c/en/aqueous"],"weight":0.21015999999999968,"degrees":[37,642,77,10,134]},"num_concepts_raised":22975},{"base_id":828,"kind":"bot_words","i1":3,"i2":6,"sol":{"path":["/c/en/krakowiak","/c/en/dance","/c/en/jr","/c/en/dr"],"weight":0.20946999999999982,"degrees":[37,2473,42,67]},"num_concepts_raised":19616},{"base_id":828,"kind":"bot_words","i1":3,"i2":7,"sol":{"path":["/c/en/krakowiak","/c/en/lively","/c/en/head","/c/en/beret"],"weight":0.20933999999999986,"degrees":[37,642,3580,132]},"num_concepts_raised":10667},{"base_id":828,"kind":"bot_words","i1":3,"i2":8,"sol":{"path":["/c/en/krakowiak","/c/en/dance","/c/en/fox","/c/en/sly"],"weight":0.2119799999999994,"degrees":[37,2473,1066,341]},"num_concepts_raised":13167},{"base_id":828,"kind":"bot_words","i1":3,"i2":9,"sol":{"path":["/c/en/krakowiak","/c/en/lively","/c/en/vibrant","/c/en/resonant"],"weight":0.20841999999999966,"degrees":[37,642,113,84]},"num_concepts_raised":7812},{"base_id":828,"kind":"bot_words","i1":4,"i2":5,"sol":{"path":["/c/en/osteocalcin","/c/en/protein","/c/en/aurintricarboxylic_acid","/c/en/aqueous"],"weight":0.21126999999999974,"degrees":[33,3124,14,134]},"num_concepts_raised":30563},{"base_id":828,"kind":"bot_words","i1":4,"i2":6,"sol":{"path":["/c/en/osteocalcin","/c/en/mineralization","/c/fr/états_unis","/c/en/dr"],"weight":0.20833999999999986,"degrees":[33,36,767,67]},"num_concepts_raised":27564},{"base_id":828,"kind":"bot_words","i1":4,"i2":7,"sol":{"path":["/c/en/osteocalcin","/c/en/protein","/c/en/capz","/c/en/cap","/c/en/beret"],"weight":0.2115699999999999,"degrees":[33,3124,9,807,132]},"num_concepts_raised":18634},{"base_id":828,"kind":"bot_words","i1":4,"i2":8,"sol":{"path":["/c/en/osteocalcin","/c/en/bone","/c/en/us","/c/en/cunning","/c/en/sly"],"weight":0.21470999999999943,"degrees":[33,2320,8154,597,341]},"num_concepts_raised":21197},{"base_id":828,"kind":"bot_words","i1":4,"i2":9,"sol":{"path":["/c/en/osteocalcin","/c/en/ion","/c/en/electrical","/c/en/resonant"],"weight":0.20842999999999973,"degrees":[33,512,631,84]},"num_concepts_raised":15843},{"base_id":828,"kind":"bot_words","i1":5,"i2":6,"sol":{"path":["/c/en/aqueous","/c/en/water","/c/en/medicine","/c/en/doctor","/c/en/dr"],"weight":0.20732999999999974,"degrees":[134,4606,11938,1654,67]},"num_concepts_raised":35205},{"base_id":828,"kind":"bot_words","i1":5,"i2":7,"sol":{"path":["/c/en/aqueous","/c/en/aqua_vitae","/c/en/french","/c/en/beret"],"weight":0.20552999999999977,"degrees":[134,26,800,132]},"num_concepts_raised":26333},{"base_id":828,"kind":"bot_words","i1":5,"i2":8,"sol":{"path":["/c/en/aqueous","/c/en/water","/c/en/can","/c/en/cunning","/c/en/sly"],"weight":0.21123999999999932,"degrees":[134,4606,1507,597,341]},"num_concepts_raised":28885},{"base_id":828,"kind":"bot_words","i1":5,"i2":9,"sol":{"path":["/c/en/aqueous","/c/en/water","/c/en/current","/c/en/resonant"],"weight":0.20500999999999958,"degrees":[134,4606,1290,84]},"num_concepts_raised":23480},{"base_id":828,"kind":"bot_words","i1":6,"i2":7,"sol":{"path":["/c/en/dr","/c/en/nautical","/c/en/cap","/c/en/beret"],"weight":0.2049399999999999,"degrees":[67,5204,807,132]},"num_concepts_raised":22908},{"base_id":828,"kind":"bot_words","i1":6,"i2":8,"sol":{"path":["/c/en/dr","/c/en/doctor","/c/en/practitioner","/c/en/sly"],"weight":0.20928999999999942,"degrees":[67,1654,187,341]},"num_concepts_raised":25475},{"base_id":828,"kind":"bot_words","i1":6,"i2":9,"sol":{"path":["/c/en/dr","/c/en/nautical","/c/en/boom","/c/en/resonant"],"weight":0.20386999999999972,"degrees":[67,5204,681,84]},"num_concepts_raised":20179},{"base_id":828,"kind":"bot_words","i1":7,"i2":8,"sol":{"path":["/c/en/beret","/c/en/hat","/c/en/fox","/c/en/sly"],"weight":0.20940999999999949,"degrees":[132,931,1066,341]},"num_concepts_raised":16569},{"base_id":828,"kind":"bot_words","i1":7,"i2":9,"sol":{"path":["/c/en/beret","/c/en/hat","/c/en/shade","/c/en/reminiscent","/c/en/resonant"],"weight":0.20689999999999975,"degrees":[132,931,1192,92,84]},"num_concepts_raised":11272},{"base_id":828,"kind":"bot_words","i1":8,"i2":9,"sol":{"path":["/c/en/sly","/c/en/cunning","/c/en/us","/c/en/triangle","/c/en/resonant"],"weight":0.21017999999999928,"degrees":[341,597,8154,711,84]},"num_concepts_raised":13775}],[{"base_id":828,"kind":"top_words","i1":0,"i2":1,"sol":{"path":["/c/en/hun","/c/en/german","/c/en/human","/c/en/khmer"],"weight":0.2046499999999996,"degrees":[82,564,2645,124]},"num_concepts_raised":32613},{"base_id":828,"kind":"top_words","i1":0,"i2":2,"sol":{"path":["/c/en/hun","/c/en/uk","/c/en/unit","/c/en/sen"],"weight":0.2034499999999998,"degrees":[82,5562,1582,30]},"num_concepts_raised":39021},{"base_id":828,"kind":"top_words","i1":0,"i2":3,"sol":{"path":["/c/en/hun","/c/en/slang","/c/en/red","/c/en/rouge"],"weight":0.21880999999999945,"degrees":[82,16318,1983,168]},"num_concepts_raised":52700},{"base_id":828,"kind":"top_words","i1":0,"i2":4,"sol":{"path":["/c/en/hun","/c/en/hunnic","/c/en/language","/c/en/cambodian"],"weight":0.2052399999999997,"degrees":[82,16,4160,75]},"num_concepts_raised":33757},{"base_id":828,"kind":"top_words","i1":0,"i2":5,"sol":{"path":["/c/en/hun","/c/en/derogatory","/c/th/เขมร","/c/en/cambodia"],"weight":0.21520000000000017,"degrees":[82,3326,8,310]},"num_concepts_raised":34231},{"base_id":828,"kind":"top_words","i1":0,"i2":6,"sol":{"path":["/c/en/hun","/c/en/europe","/c/en/country","/c/en/cambodia","/c/en/kampuchea"],"weight":0.20472999999999983,"degrees":[82,765,2796,310,31]},"num_concepts_raised":29714},{"base_id":828,"kind":"top_words","i1":0,"i2":7,"sol":{"path":["/c/en/hun","/c/en/ireland","/c/en/republican","/c/en/royalist"],"weight":0.20395999999999975,"degrees":[82,1227,194,69]},"num_concepts_raised":30266},{"base_id":828,"kind":"top_words","i1":0,"i2":8,"sol":{"path":["/c/en/hun","/c/en/uk","/c/en/pot"],"weight":0.203,"degrees":[82,5562,1260]},"num_concepts_raised":1118},{"base_id":828,"kind":"top_words","i1":0,"i2":9,"sol":{"path":["/c/en/hun","/c/en/british","/c/en/ta"],"weight":0.202,"degrees":[82,3452,36]},"num_concepts_raised":105},{"base_id":828,"kind":"top_words","i1":1,"i2":2,"sol":{"path":["/c/en/khmer","/c/en/cambodia","/c/en/riel","/c/en/sen"],"weight":0.20497999999999972,"degrees":[124,310,36,30]},"num_concepts_raised":13499},{"base_id":828,"kind":"top_words","i1":1,"i2":3,"sol":{"path":["/c/en/khmer","/c/en/khmer_rouge","/c/en/rouge"],"weight":0.20600000000000002,"degrees":[124,113,168]},"num_concepts_raised":247},{"base_id":828,"kind":"top_words","i1":1,"i2":4,"sol":{"path":["/c/en/khmer","/c/en/cambodian"],"weight":0.20500000000000002,"degrees":[124,75]},"num_concepts_raised":139},{"base_id":828,"kind":"top_words","i1":1,"i2":5,"sol":{"path":["/c/en/khmer","/c/en/cambodia"],"weight":0.20400000000000001,"degrees":[124,310]},"num_concepts_raised":306},{"base_id":828,"kind":"top_words","i1":1,"i2":6,"sol":{"path":["/c/en/khmer","/c/en/cambodia","/c/en/kampuchea"],"weight":0.203,"degrees":[124,310,31]},"num_concepts_raised":126},{"base_id":828,"kind":"top_words","i1":1,"i2":7,"sol":{"path":["/c/en/khmer","/c/en/human","/c/en/work","/c/en/cavalier","/c/en/royalist"],"weight":0.20642999999999967,"degrees":[124,2645,4013,119,69]},"num_concepts_raised":4236},{"base_id":828,"kind":"top_words","i1":1,"i2":8,"sol":{"path":["/c/en/khmer","/c/en/asian","/c/en/uk","/c/en/pot"],"weight":0.22000999999999774,"degrees":[124,360,5562,1260]},"num_concepts_raised":180251},{"base_id":828,"kind":"top_words","i1":1,"i2":9,"sol":{"path":["/c/en/khmer","/c/en/cambodian","/c/en/person_with_nationality","/c/en/british","/c/en/ta"],"weight":0.2053399999999997,"degrees":[124,75,285,3452,36]},"num_concepts_raised":8265},{"base_id":828,"kind":"top_words","i1":2,"i2":3,"sol":{"path":["/c/en/sen","/c/en/japanese","/c/en/ruby","/c/en/rouge"],"weight":0.21555999999999956,"degrees":[30,660,474,168]},"num_concepts_raised":33825},{"base_id":828,"kind":"top_words","i1":2,"i2":4,"sol":{"path":["/c/en/sen","/c/en/riel","/c/en/cambodia","/c/en/cambodian"],"weight":0.20665999999999984,"degrees":[30,36,310,75]},"num_concepts_raised":14706},{"base_id":828,"kind":"top_words","i1":2,"i2":5,"sol":{"path":["/c/en/sen","/c/en/riel","/c/en/cambodia"],"weight":0.20500000000000002,"degrees":[30,36,310]},"num_concepts_raised":234},{"base_id":828,"kind":"top_words","i1":2,"i2":6,"sol":{"path":["/c/en/sen","/c/en/riel","/c/en/cambodia","/c/en/kampuchea"],"weight":0.20493999999999993,"degrees":[30,36,310,31]},"num_concepts_raised":10480},{"base_id":828,"kind":"top_words","i1":2,"i2":7,"sol":{"path":["/c/en/sen","/c/en/unit","/c/en/historical","/c/en/cavalier","/c/en/royalist"],"weight":0.20530999999999988,"degrees":[30,1582,8415,119,69]},"num_concepts_raised":11047},{"base_id":828,"kind":"top_words","i1":2,"i2":8,"sol":{"path":["/c/en/sen","/c/en/yorkshire","/c/en/pot"],"weight":0.202,"degrees":[30,231,1260]},"num_concepts_raised":1074},{"base_id":828,"kind":"top_words","i1":2,"i2":9,"sol":{"path":["/c/en/sen","/c/en/legal","/c/en/tas","/c/en/ta"],"weight":0.20273999999999986,"degrees":[30,6627,29,36]},"num_concepts_raised":14994},{"base_id":828,"kind":"top_words","i1":3,"i2":4,"sol":{"path":["/c/en/rouge","/c/en/khmer_rouge","/c/en/cambodian"],"weight":0.20600000000000002,"degrees":[168,113,75]},"num_concepts_raised":198},{"base_id":828,"kind":"top_words","i1":3,"i2":5,"sol":{"path":["/c/en/rouge","/c/en/khmer_rouge","/c/en/cambodia"],"weight":0.20800000000000002,"degrees":[168,113,310]},"num_concepts_raised":352},{"base_id":828,"kind":"top_words","i1":3,"i2":6,"sol":{"path":["/c/en/rouge","/c/en/khmer_rouge","/c/en/cambodia","/c/en/kampuchea"],"weight":0.2146299999999996,"degrees":[168,113,310,31]},"num_concepts_raised":24162},{"base_id":828,"kind":"top_words","i1":3,"i2":7,"sol":{"path":["/c/en/rouge","/c/en/red","/c/en/republican","/c/en/royalist"],"weight":0.21848999999999952,"degrees":[168,1983,194,69]},"num_concepts_raised":24728},{"base_id":828,"kind":"top_words","i1":3,"i2":8,"sol":{"path":["/c/en/rouge","/c/en/apply","/c/en/pot"],"weight":0.20600000000000002,"degrees":[168,710,1260]},"num_concepts_raised":1193},{"base_id":828,"kind":"top_words","i1":3,"i2":9,"sol":{"path":["/c/en/rouge","/c/en/red","/c/en/british","/c/en/ta"],"weight":0.2180699999999995,"degrees":[168,1983,3452,36]},"num_concepts_raised":28664},{"base_id":828,"kind":"top_words","i1":4,"i2":5,"sol":{"path":["/c/en/cambodian","/c/en/cambodia"],"weight":0.20600000000000002,"degrees":[75,310]},"num_concepts_raised":255},{"base_id":828,"kind":"top_words","i1":4,"i2":6,"sol":{"path":["/c/en/cambodian","/c/en/cambodia","/c/en/kampuchea"],"weight":0.20500000000000002,"degrees":[75,310,31]},"num_concepts_raised":77},{"base_id":828,"kind":"top_words","i1":4,"i2":7,"sol":{"path":["/c/en/cambodian","/c/en/cambodia","/c/en/country","/c/en/monarchy","/c/en/royalist"],"weight":0.2062299999999998,"degrees":[75,310,2796,410,69]},"num_concepts_raised":5410},{"base_id":828,"kind":"top_words","i1":4,"i2":8,"sol":{"path":["/c/en/cambodian","/c/en/language","/c/en/slang","/c/en/pot"],"weight":0.21957999999999783,"degrees":[75,4160,16318,1260]},"num_concepts_raised":181580},{"base_id":828,"kind":"top_words","i1":4,"i2":9,"sol":{"path":["/c/en/cambodian","/c/en/person_with_nationality","/c/en/british","/c/en/ta"],"weight":0.20350999999999977,"degrees":[75,285,3452,36]},"num_concepts_raised":9422},{"base_id":828,"kind":"top_words","i1":5,"i2":6,"sol":{"path":["/c/en/cambodia","/c/en/kampuchea"],"weight":0.20800000000000002,"degrees":[310,31]},"num_concepts_raised":222},{"base_id":828,"kind":"top_words","i1":5,"i2":7,"sol":{"path":["/c/en/cambodia","/c/en/country","/c/en/monarchy","/c/en/royalist"],"weight":0.21312000000000025,"degrees":[310,2796,410,69]},"num_concepts_raised":5951},{"base_id":828,"kind":"top_words","i1":5,"i2":8,"sol":{"path":["/c/en/cambodia","/c/en/country","/c/en/grass","/c/en/pot"],"weight":0.22910999999999832,"degrees":[310,2796,1578,1260]},"num_concepts_raised":181918},{"base_id":828,"kind":"top_words","i1":5,"i2":9,"sol":{"path":["/c/en/cambodia","/c/en/bodge","/c/en/british","/c/en/ta"],"weight":0.21262000000000025,"degrees":[310,53,3452,36]},"num_concepts_raised":9960},{"base_id":828,"kind":"top_words","i1":6,"i2":7,"sol":{"path":["/c/en/kampuchea","/c/en/cambodia","/c/en/country","/c/en/monarchy","/c/en/royalist"],"weight":0.2044999999999999,"degrees":[31,310,2796,410,69]},"num_concepts_raised":1126},{"base_id":828,"kind":"top_words","i1":6,"i2":8,"sol":{"path":["/c/en/kampuchea","/c/en/cambodia","/c/en/country","/c/en/grass","/c/en/pot"],"weight":0.22048999999999797,"degrees":[31,310,2796,1578,1260]},"num_concepts_raised":177958},{"base_id":828,"kind":"top_words","i1":6,"i2":9,"sol":{"path":["/c/en/kampuchea","/c/en/cambodia","/c/en/bodge","/c/en/british","/c/en/ta"],"weight":0.20402999999999988,"degrees":[31,310,53,3452,36]},"num_concepts_raised":5190},{"base_id":828,"kind":"top_words","i1":7,"i2":8,"sol":{"path":["/c/en/royalist","/c/en/cavalier","/c/en/historical","/c/en/pot"],"weight":0.2201899999999979,"degrees":[69,119,8415,1260]},"num_concepts_raised":178449},{"base_id":828,"kind":"top_words","i1":7,"i2":9,"sol":{"path":["/c/en/royalist","/c/en/republican","/c/en/british","/c/en/ta"],"weight":0.20330999999999982,"degrees":[69,194,3452,36]},"num_concepts_raised":5772},{"base_id":828,"kind":"top_words","i1":8,"i2":9,"sol":{"path":["/c/en/pot","/c/en/british","/c/en/ta"],"weight":0.202,"degrees":[1260,3452,36]},"num_concepts_raised":1084}]]