[[{"base_id":690,"kind":"bot_words","i1":0,"i2":1,"sol":{"path":["/c/en/enteropathy","/c/en/disease","/c/de/rot","/c/de/veraltet","/c/en/outdated"],"weight":0.2055399999999997,"degrees":[24,4216,490,1476,166]},"num_concepts_raised":17020},{"base_id":690,"kind":"bot_words","i1":0,"i2":2,"sol":{"path":["/c/en/enteropathy","/c/en/disease","/c/en/like","/c/en/crush","/c/en/crushed"],"weight":0.2048199999999996,"degrees":[24,4216,2357,789,118]},"num_concepts_raised":18604},{"base_id":690,"kind":"bot_words","i1":0,"i2":3,"sol":{"path":["/c/en/enteropathy","/c/en/disease","/c/en/like","/c/en/press","/c/en/squeeze"],"weight":0.213909999999999,"degrees":[24,4216,2357,1438,661]},"num_concepts_raised":68926},{"base_id":690,"kind":"bot_words","i1":0,"i2":4,"sol":{"path":["/c/en/enteropathy","/c/en/pathology","/c/en/aeroneurosis","/c/en/aero"],"weight":0.21247999999999984,"degrees":[24,5554,14,82]},"num_concepts_raised":31957},{"base_id":690,"kind":"bot_words","i1":0,"i2":5,"sol":{"path":["/c/en/enteropathy","/c/en/pathology","/c/en/otc","/c/en/over_counter","/c/en/unlisted"],"weight":0.20374999999999993,"degrees":[24,5554,17,57,31]},"num_concepts_raised":16214},{"base_id":690,"kind":"bot_words","i1":0,"i2":6,"sol":{"path":["/c/en/enteropathy","/c/en/disease","/c/en/stroke","/c/en/jot","/c/en/iota"],"weight":0.20534999999999975,"degrees":[24,4216,1197,111,134]},"num_concepts_raised":22351},{"base_id":690,"kind":"bot_words","i1":0,"i2":7,"sol":{"path":["/c/en/enteropathy","/c/fr/entéropathie","/c/fr/médecine","/c/en/spermicide"],"weight":0.20488999999999996,"degrees":[24,12,9990,41]},"num_concepts_raised":29624},{"base_id":690,"kind":"bot_words","i1":0,"i2":8,"sol":{"path":["/c/en/enteropathy","/c/en/pathology","/c/en/benign","/c/fi/hyvää_tekevä","/c/en/beneficent"],"weight":0.20454999999999982,"degrees":[24,5554,243,6,88]},"num_concepts_raised":13364},{"base_id":690,"kind":"bot_words","i1":0,"i2":9,"sol":{"path":["/c/en/enteropathy","/c/en/pathology","/c/en/growth","/c/en/plant","/c/en/selaginella"],"weight":0.20801999999999982,"degrees":[24,5554,984,7959,52]},"num_concepts_raised":17115},{"base_id":690,"kind":"bot_words","i1":1,"i2":2,"sol":{"path":["/c/en/outdated","/c/zh/玩完","/c/en/broken","/c/en/crushed"],"weight":0.2053899999999994,"degrees":[166,9,684,118]},"num_concepts_raised":16334},{"base_id":690,"kind":"bot_words","i1":1,"i2":3,"sol":{"path":["/c/en/outdated","/c/en/current","/c/en/movement","/c/en/squeeze"],"weight":0.2133199999999988,"degrees":[166,1290,1567,661]},"num_concepts_raised":66483},{"base_id":690,"kind":"bot_words","i1":1,"i2":4,"sol":{"path":["/c/en/outdated","/c/en/current","/c/en/air","/c/en/aero"],"weight":0.21751999999999957,"degrees":[166,1290,1965,82]},"num_concepts_raised":29591},{"base_id":690,"kind":"bot_words","i1":1,"i2":5,"sol":{"path":["/c/en/outdated","/c/en/old_fashioned","/c/en/ex","/c/en/ex_directory","/c/en/unlisted"],"weight":0.20792999999999967,"degrees":[166,351,271,17,31]},"num_concepts_raised":13963},{"base_id":690,"kind":"bot_words","i1":1,"i2":6,"sol":{"path":["/c/en/outdated","/c/en/record","/c/en/account","/c/en/iota"],"weight":0.20579999999999954,"degrees":[166,1856,1083,134]},"num_concepts_raised":19978},{"base_id":690,"kind":"bot_words","i1":1,"i2":7,"sol":{"path":["/c/en/outdated","/c/de/veraltet","/c/fr/abaissement","/c/fr/médecine","/c/en/spermicide"],"weight":0.20681999999999973,"degrees":[166,1476,216,9990,41]},"num_concepts_raised":28532},{"base_id":690,"kind":"bot_words","i1":1,"i2":8,"sol":{"path":["/c/en/outdated","/c/de/veraltet","/c/de/auskocherei","/c/de/wohltätig","/c/en/beneficent"],"weight":0.20731999999999956,"degrees":[166,1476,11,25,88]},"num_concepts_raised":11166},{"base_id":690,"kind":"bot_words","i1":1,"i2":9,"sol":{"path":["/c/en/outdated","/c/en/fossil","/c/en/plant","/c/en/selaginella"],"weight":0.2096999999999996,"degrees":[166,447,7959,52]},"num_concepts_raised":14955},{"base_id":690,"kind":"bot_words","i1":2,"i2":3,"sol":{"path":["/c/en/crushed","/c/en/crush","/c/en/squeeze"],"weight":0.203,"degrees":[118,789,661]},"num_concepts_raised":659},{"base_id":690,"kind":"bot_words","i1":2,"i2":4,"sol":{"path":["/c/en/crushed","/c/en/broken","/c/en/slang","/c/en/aero"],"weight":0.2135999999999995,"degrees":[118,684,16318,82]},"num_concepts_raised":31079},{"base_id":690,"kind":"bot_words","i1":2,"i2":5,"sol":{"path":["/c/en/crushed","/c/en/tame","/c/en/uk","/c/en/unlisted"],"weight":0.20369999999999963,"degrees":[118,432,5562,31]},"num_concepts_raised":15523},{"base_id":690,"kind":"bot_words","i1":2,"i2":6,"sol":{"path":["/c/en/crushed","/c/en/melomakarona","/c/en/greek","/c/en/iota"],"weight":0.20605999999999947,"degrees":[118,12,647,134]},"num_concepts_raised":21519},{"base_id":690,"kind":"bot_words","i1":2,"i2":7,"sol":{"path":["/c/en/crushed","/c/en/stone","/c/en/medicine","/c/en/spermicide"],"weight":0.20402999999999966,"degrees":[118,1934,11938,41]},"num_concepts_raised":30078},{"base_id":690,"kind":"bot_words","i1":2,"i2":8,"sol":{"path":["/c/en/crushed","/c/en/crush","/c/en/action","/c/en/magnificent","/c/en/beneficent"],"weight":0.20663999999999952,"degrees":[118,789,2156,372,88]},"num_concepts_raised":12752},{"base_id":690,"kind":"bot_words","i1":2,"i2":9,"sol":{"path":["/c/en/crushed","/c/fil/yasak","/c/en/plant","/c/en/selaginella"],"weight":0.20896999999999955,"degrees":[118,17,7959,52]},"num_concepts_raised":16517},{"base_id":690,"kind":"bot_words","i1":3,"i2":4,"sol":{"path":["/c/en/squeeze","/c/en/slang","/c/en/aero"],"weight":0.20600000000000002,"degrees":[661,16318,82]},"num_concepts_raised":618},{"base_id":690,"kind":"bot_words","i1":3,"i2":5,"sol":{"path":["/c/en/squeeze","/c/en/jam","/c/en/uk","/c/en/unlisted"],"weight":0.21089999999999903,"degrees":[661,785,5562,31]},"num_concepts_raised":64956},{"base_id":690,"kind":"bot_words","i1":3,"i2":6,"sol":{"path":["/c/en/squeeze","/c/en/pinch","/c/fi/kynnenmustuainen","/c/en/iota"],"weight":0.21446999999999888,"degrees":[661,508,11,134]},"num_concepts_raised":71255},{"base_id":690,"kind":"bot_words","i1":3,"i2":7,"sol":{"path":["/c/en/squeeze","/c/de/quetschen","/c/fr/médecine","/c/en/spermicide"],"weight":0.21391999999999906,"degrees":[661,62,9990,41]},"num_concepts_raised":80160},{"base_id":690,"kind":"bot_words","i1":3,"i2":8,"sol":{"path":["/c/en/squeeze","/c/en/press","/c/en/action","/c/en/magnificent","/c/en/beneficent"],"weight":0.2157899999999989,"degrees":[661,1438,2156,372,88]},"num_concepts_raised":63156},{"base_id":690,"kind":"bot_words","i1":3,"i2":9,"sol":{"path":["/c/en/squeeze","/c/en/slang","/c/en/plant","/c/en/selaginella"],"weight":0.21607999999999894,"degrees":[661,16318,7959,52]},"num_concepts_raised":66854},{"base_id":690,"kind":"bot_words","i1":4,"i2":5,"sol":{"path":["/c/en/aero","/c/hu/repülő","/c/en/uk","/c/en/unlisted"],"weight":0.2126099999999998,"degrees":[82,28,5562,31]},"num_concepts_raised":28152},{"base_id":690,"kind":"bot_words","i1":4,"i2":6,"sol":{"path":["/c/en/aero","/c/en/air","/c/en/greek","/c/en/iota"],"weight":0.21718999999999966,"degrees":[82,1965,647,134]},"num_concepts_raised":34780},{"base_id":690,"kind":"bot_words","i1":4,"i2":7,"sol":{"path":["/c/en/aero","/c/en/slang","/c/en/sperm","/c/en/spermicide"],"weight":0.21380999999999983,"degrees":[82,16318,485,41]},"num_concepts_raised":43364},{"base_id":690,"kind":"bot_words","i1":4,"i2":8,"sol":{"path":["/c/en/aero","/c/en/air","/c/en/appearance","/c/en/magnificent","/c/en/beneficent"],"weight":0.21657999999999972,"degrees":[82,1965,1440,372,88]},"num_concepts_raised":26135},{"base_id":690,"kind":"bot_words","i1":4,"i2":9,"sol":{"path":["/c/en/aero","/c/en/slang","/c/en/plant","/c/en/selaginella"],"weight":0.2178399999999997,"degrees":[82,16318,7959,52]},"num_concepts_raised":29896},{"base_id":690,"kind":"bot_words","i1":5,"i2":6,"sol":{"path":["/c/en/unlisted","/c/en/uk","/c/en/principal","/c/en/iota"],"weight":0.20411999999999975,"degrees":[31,5562,575,134]},"num_concepts_raised":19190},{"base_id":690,"kind":"bot_words","i1":5,"i2":7,"sol":{"path":["/c/en/unlisted","/c/en/over_counter","/c/en/prescription","/c/fr/médecine","/c/en/spermicide"],"weight":0.20504999999999995,"degrees":[31,57,334,9990,41]},"num_concepts_raised":27724},{"base_id":690,"kind":"bot_words","i1":5,"i2":8,"sol":{"path":["/c/en/unlisted","/c/en/uk","/c/en/patron","/c/en/benefactor","/c/en/beneficent"],"weight":0.20453999999999983,"degrees":[31,5562,361,209,88]},"num_concepts_raised":10380},{"base_id":690,"kind":"bot_words","i1":5,"i2":9,"sol":{"path":["/c/en/unlisted","/c/en/list","/c/en/plant","/c/en/selaginella"],"weight":0.20812999999999982,"degrees":[31,1079,7959,52]},"num_concepts_raised":14167},{"base_id":690,"kind":"bot_words","i1":6,"i2":7,"sol":{"path":["/c/en/iota","/c/en/tiny","/c/en/sperm","/c/en/spermicide"],"weight":0.20537999999999978,"degrees":[134,456,485,41]},"num_concepts_raised":33842},{"base_id":690,"kind":"bot_words","i1":6,"i2":8,"sol":{"path":["/c/en/iota","/c/en/charity","/c/en/benefactor","/c/en/beneficent"],"weight":0.20584999999999964,"degrees":[134,473,209,88]},"num_concepts_raised":16416},{"base_id":690,"kind":"bot_words","i1":6,"i2":9,"sol":{"path":["/c/en/iota","/c/en/jot","/c/en/small","/c/en/plant","/c/en/selaginella"],"weight":0.21083999999999964,"degrees":[134,111,2515,7959,52]},"num_concepts_raised":20290},{"base_id":690,"kind":"bot_words","i1":7,"i2":8,"sol":{"path":["/c/en/spermicide","/c/en/sperm","/c/zh/種","/c/en/kind","/c/en/beneficent"],"weight":0.20487999999999984,"degrees":[41,485,93,1436,88]},"num_concepts_raised":24894},{"base_id":690,"kind":"bot_words","i1":7,"i2":9,"sol":{"path":["/c/en/spermicide","/c/en/sperm","/c/en/cell","/c/en/plant","/c/en/selaginella"],"weight":0.20932999999999985,"degrees":[41,485,2433,7959,52]},"num_concepts_raised":28661},{"base_id":690,"kind":"bot_words","i1":8,"i2":9,"sol":{"path":["/c/en/beneficent","/c/en/magnificent","/c/en/action","/c/en/plant","/c/en/selaginella"],"weight":0.2098399999999997,"degrees":[88,372,2156,7959,52]},"num_concepts_raised":11320}],[{"base_id":690,"kind":"top_words","i1":0,"i2":1,"sol":{"path":["/c/en/xx","/c/en/band","/c/en/slang","/c/en/super"],"weight":0.2167199999999993,"degrees":[46,1893,16318,308]},"num_concepts_raised":81208},{"base_id":690,"kind":"top_words","i1":0,"i2":2,"sol":{"path":["/c/en/xx","/c/en/genetics","/c/en/characteristic","/c/en/lupine","/c/en/bluebonnet"],"weight":0.20789999999999978,"degrees":[46,1987,882,73,24]},"num_concepts_raised":14998},{"base_id":690,"kind":"top_words","i1":0,"i2":3,"sol":{"path":["/c/en/xx","/c/en/sex_chromosome","/c/en/plant","/c/en/poinsettia"],"weight":0.2161399999999997,"degrees":[46,51,7959,113]},"num_concepts_raised":16670},{"base_id":690,"kind":"top_words","i1":0,"i2":4,"sol":{"path":["/c/en/xx","/c/en/20","/c/en/cardinal","/c/en/conclave"],"weight":0.21336999999999967,"degrees":[46,52,5720,61]},"num_concepts_raised":25421},{"base_id":690,"kind":"top_words","i1":0,"i2":5,"sol":{"path":["/c/en/xx","/c/en/female","/c/ja/器","/c/en/bowl"],"weight":0.22032999999999842,"degrees":[46,3110,85,956]},"num_concepts_raised":76473},{"base_id":690,"kind":"top_words","i1":0,"i2":6,"sol":{"path":["/c/en/xx","/c/en/band","/c/en/people","/c/en/hawaii","/c/en/aloha"],"weight":0.2089999999999998,"degrees":[46,1893,4475,465,26]},"num_concepts_raised":11200},{"base_id":690,"kind":"top_words","i1":0,"i2":7,"sol":{"path":["/c/en/xx","/c/en/twenty","/c/en/slang","/c/en/heat","/c/en/swelter"],"weight":0.2084499999999997,"degrees":[46,591,16318,2046,61]},"num_concepts_raised":14347},{"base_id":690,"kind":"top_words","i1":0,"i2":8,"sol":{"path":["/c/en/xx","/c/en/band","/c/en/camp","/c/en/boondock"],"weight":0.20805999999999975,"degrees":[46,1893,1077,43]},"num_concepts_raised":10307},{"base_id":690,"kind":"top_words","i1":0,"i2":9,"sol":{"path":["/c/en/xx","/c/en/twenty","/c/en/slang","/c/en/prog"],"weight":0.20898999999999973,"degrees":[46,591,16318,33]},"num_concepts_raised":44764},{"base_id":690,"kind":"top_words","i1":1,"i2":2,"sol":{"path":["/c/en/super","/c/en/us","/c/en/blue_bonnet","/c/en/bluebonnet"],"weight":0.21130999999999944,"degrees":[308,8154,21,24]},"num_concepts_raised":82707},{"base_id":690,"kind":"top_words","i1":1,"i2":3,"sol":{"path":["/c/en/super","/c/en/slang","/c/en/plant","/c/en/poinsettia"],"weight":0.21977999999999934,"degrees":[308,16318,7959,113]},"num_concepts_raised":84079},{"base_id":690,"kind":"top_words","i1":1,"i2":4,"sol":{"path":["/c/en/super","/c/en/large","/c/en/pope","/c/en/conclave"],"weight":0.21890999999999933,"degrees":[308,1592,607,61]},"num_concepts_raised":92486},{"base_id":690,"kind":"top_words","i1":1,"i2":5,"sol":{"path":["/c/en/super","/c/en/bowl"],"weight":0.20400000000000001,"degrees":[308,956]},"num_concepts_raised":1028},{"base_id":690,"kind":"top_words","i1":1,"i2":6,"sol":{"path":["/c/en/super","/c/en/great","/c/en/love","/c/en/aloha"],"weight":0.21196999999999944,"degrees":[308,1453,2442,26]},"num_concepts_raised":78767},{"base_id":690,"kind":"top_words","i1":1,"i2":7,"sol":{"path":["/c/en/super","/c/en/over","/c/en/burn","/c/en/swelter"],"weight":0.21239999999999937,"degrees":[308,1167,1773,61]},"num_concepts_raised":81389},{"base_id":690,"kind":"top_words","i1":1,"i2":8,"sol":{"path":["/c/en/super","/c/en/large","/c/fil/bundok","/c/en/boondock"],"weight":0.21459999999999935,"degrees":[308,1592,33,43]},"num_concepts_raised":77761},{"base_id":690,"kind":"top_words","i1":1,"i2":9,"sol":{"path":["/c/en/super","/c/en/slang","/c/en/prog"],"weight":0.20500000000000002,"degrees":[308,16318,33]},"num_concepts_raised":276},{"base_id":690,"kind":"top_words","i1":2,"i2":3,"sol":{"path":["/c/en/bluebonnet","/c/fr/botanique","/c/en/flower","/c/en/poinsettia"],"weight":0.20876999999999982,"degrees":[24,7950,2500,113]},"num_concepts_raised":17519},{"base_id":690,"kind":"top_words","i1":2,"i2":4,"sol":{"path":["/c/en/bluebonnet","/c/en/blue_bonnet","/c/en/us","/c/en/pope","/c/en/conclave"],"weight":0.20809999999999984,"degrees":[24,21,8154,607,61]},"num_concepts_raised":26637},{"base_id":690,"kind":"top_words","i1":2,"i2":5,"sol":{"path":["/c/en/bluebonnet","/c/fr/botanique","/c/nl/bol","/c/en/bowl"],"weight":0.21515999999999852,"degrees":[24,7950,98,956]},"num_concepts_raised":77704},{"base_id":690,"kind":"top_words","i1":2,"i2":6,"sol":{"path":["/c/en/bluebonnet","/c/en/balmoral","/c/en/british","/c/en/love","/c/en/aloha"],"weight":0.20367999999999992,"degrees":[24,35,3452,2442,26]},"num_concepts_raised":12252},{"base_id":690,"kind":"top_words","i1":2,"i2":7,"sol":{"path":["/c/en/bluebonnet","/c/en/balmoral","/c/en/scotland","/c/en/burn","/c/en/swelter"],"weight":0.20401999999999984,"degrees":[24,35,2226,1773,61]},"num_concepts_raised":15372},{"base_id":690,"kind":"top_words","i1":2,"i2":8,"sol":{"path":["/c/en/bluebonnet","/c/en/balmoral","/c/en/residence","/c/en/camp","/c/en/boondock"],"weight":0.20378999999999986,"degrees":[24,35,682,1077,43]},"num_concepts_raised":11362},{"base_id":690,"kind":"top_words","i1":2,"i2":9,"sol":{"path":["/c/en/bluebonnet","/c/en/balmoral","/c/en/scotland","/c/en/prog"],"weight":0.20367999999999986,"degrees":[24,35,2226,33]},"num_concepts_raised":46068},{"base_id":690,"kind":"top_words","i1":3,"i2":4,"sol":{"path":["/c/en/poinsettia","/c/en/plant","/c/en/person","/c/en/pope","/c/en/conclave"],"weight":0.21644999999999973,"degrees":[113,7959,12935,607,61]},"num_concepts_raised":28302},{"base_id":690,"kind":"top_words","i1":3,"i2":5,"sol":{"path":["/c/en/poinsettia","/c/en/plant","/c/en/food","/c/en/bowl"],"weight":0.22499999999999842,"degrees":[113,7959,4281,956]},"num_concepts_raised":79109},{"base_id":690,"kind":"top_words","i1":3,"i2":6,"sol":{"path":["/c/en/poinsettia","/c/en/plant","/c/en/love","/c/en/aloha"],"weight":0.21100999999999984,"degrees":[113,7959,2442,26]},"num_concepts_raised":13955},{"base_id":690,"kind":"top_words","i1":3,"i2":7,"sol":{"path":["/c/en/poinsettia","/c/en/plant","/c/en/scorch","/c/fr/intense","/c/en/swelter"],"weight":0.21233999999999975,"degrees":[113,7959,275,158,61]},"num_concepts_raised":17059},{"base_id":690,"kind":"top_words","i1":3,"i2":8,"sol":{"path":["/c/en/poinsettia","/c/en/plant","/c/en/slang","/c/en/boonies","/c/en/boondock"],"weight":0.21217999999999976,"degrees":[113,7959,16318,17,43]},"num_concepts_raised":13058},{"base_id":690,"kind":"top_words","i1":3,"i2":9,"sol":{"path":["/c/en/poinsettia","/c/en/plant","/c/en/slang","/c/en/prog"],"weight":0.21203999999999978,"degrees":[113,7959,16318,33]},"num_concepts_raised":47605},{"base_id":690,"kind":"top_words","i1":4,"i2":5,"sol":{"path":["/c/en/conclave","/c/en/apartment","/c/en/bowl"],"weight":0.20400000000000001,"degrees":[61,699,956]},"num_concepts_raised":836},{"base_id":690,"kind":"top_words","i1":4,"i2":6,"sol":{"path":["/c/en/conclave","/c/en/human","/c/en/love","/c/en/aloha"],"weight":0.20815999999999985,"degrees":[61,2645,2442,26]},"num_concepts_raised":22799},{"base_id":690,"kind":"top_words","i1":4,"i2":7,"sol":{"path":["/c/en/conclave","/c/en/assembly","/c/fr/accumulation","/c/fr/chaleur","/c/en/swelter"],"weight":0.20944999999999975,"degrees":[61,680,149,458,61]},"num_concepts_raised":25931},{"base_id":690,"kind":"top_words","i1":4,"i2":8,"sol":{"path":["/c/en/conclave","/c/en/meeting","/c/en/rural","/c/en/boondock"],"weight":0.20824999999999977,"degrees":[61,1097,494,43]},"num_concepts_raised":21918},{"base_id":690,"kind":"top_words","i1":4,"i2":9,"sol":{"path":["/c/en/conclave","/c/en/pope","/c/en/uk","/c/en/prog"],"weight":0.20817999999999978,"degrees":[61,607,5562,33]},"num_concepts_raised":56277},{"base_id":690,"kind":"top_words","i1":5,"i2":6,"sol":{"path":["/c/en/bowl","/c/en/cereal_bowl","/c/en/love","/c/en/aloha"],"weight":0.21419999999999856,"degrees":[956,37,2442,26]},"num_concepts_raised":73937},{"base_id":690,"kind":"top_words","i1":5,"i2":7,"sol":{"path":["/c/en/bowl","/c/en/food","/c/en/heat","/c/en/swelter"],"weight":0.21716999999999848,"degrees":[956,4281,2046,61]},"num_concepts_raised":76545},{"base_id":690,"kind":"top_words","i1":5,"i2":8,"sol":{"path":["/c/en/bowl","/c/en/pot","/c/en/tiddlywinks","/c/en/boondock"],"weight":0.2148099999999985,"degrees":[956,1260,62,43]},"num_concepts_raised":72893},{"base_id":690,"kind":"top_words","i1":5,"i2":9,"sol":{"path":["/c/en/bowl","/c/en/food","/c/en/prog"],"weight":0.20400000000000001,"degrees":[956,4281,33]},"num_concepts_raised":814},{"base_id":690,"kind":"top_words","i1":6,"i2":7,"sol":{"path":["/c/en/aloha","/c/en/hawaii","/c/en/wave","/c/en/heat","/c/en/swelter"],"weight":0.20429999999999984,"degrees":[26,465,1749,2046,61]},"num_concepts_raised":11580},{"base_id":690,"kind":"top_words","i1":6,"i2":8,"sol":{"path":["/c/en/aloha","/c/en/hawaii","/c/fr/géographie","/c/en/backwoods","/c/en/boondock"],"weight":0.20402999999999988,"degrees":[26,465,8043,78,43]},"num_concepts_raised":7568},{"base_id":690,"kind":"top_words","i1":6,"i2":9,"sol":{"path":["/c/en/aloha","/c/en/broha","/c/en/slang","/c/en/prog"],"weight":0.20372999999999988,"degrees":[26,14,16318,33]},"num_concepts_raised":42233},{"base_id":690,"kind":"top_words","i1":7,"i2":8,"sol":{"path":["/c/en/swelter","/c/en/heat","/c/en/slang","/c/en/boonies","/c/en/boondock"],"weight":0.2044499999999998,"degrees":[61,2046,16318,17,43]},"num_concepts_raised":10693},{"base_id":690,"kind":"top_words","i1":7,"i2":9,"sol":{"path":["/c/en/swelter","/c/en/heat","/c/en/slang","/c/en/prog"],"weight":0.2043099999999998,"degrees":[61,2046,16318,33]},"num_concepts_raised":45208},{"base_id":690,"kind":"top_words","i1":8,"i2":9,"sol":{"path":["/c/en/boondock","/c/en/boonies","/c/en/slang","/c/en/prog"],"weight":0.20498999999999984,"degrees":[43,17,16318,33]},"num_concepts_raised":41235}]]