[[{"base_id":331,"kind":"bot_words","i1":0,"i2":1,"sol":{"path":["/c/en/rutabaga","/c/en/swede","/c/en/british","/c/en/brainstorm","/c/en/brainstorming"],"weight":0.23045000000000018,"degrees":[165,220,3452,67,171]},"num_concepts_raised":11181},{"base_id":331,"kind":"bot_words","i1":0,"i2":2,"sol":{"path":["/c/en/rutabaga","/c/en/swede","/c/en/ireland","/c/en/island","/c/en/negros"],"weight":0.22412999999999988,"degrees":[165,220,1227,1660,52]},"num_concepts_raised":11919},{"base_id":331,"kind":"bot_words","i1":0,"i2":3,"sol":{"path":["/c/en/rutabaga","/c/en/swede","/c/en/british","/c/en/smallclothes","/c/en/breeches"],"weight":0.2215599999999998,"degrees":[165,220,3452,10,165]},"num_concepts_raised":12207},{"base_id":331,"kind":"bot_words","i1":0,"i2":4,"sol":{"path":["/c/en/rutabaga","/c/en/plant","/c/en/animal","/c/en/reptile","/c/en/anolis"],"weight":0.21903999999999998,"degrees":[165,7959,3735,897,38]},"num_concepts_raised":10630},{"base_id":331,"kind":"bot_words","i1":0,"i2":5,"sol":{"path":["/c/en/rutabaga","/c/en/swede","/c/en/british","/c/en/worship","/c/en/doxology"],"weight":0.22505000000000014,"degrees":[165,220,3452,833,90]},"num_concepts_raised":16316},{"base_id":331,"kind":"bot_words","i1":0,"i2":6,"sol":{"path":["/c/en/rutabaga","/c/en/swede","/c/en/human","/c/en/ustekinumab","/c/en/interleukin"],"weight":0.22446999999999995,"degrees":[165,220,2645,22,73]},"num_concepts_raised":17268},{"base_id":331,"kind":"bot_words","i1":0,"i2":7,"sol":{"path":["/c/en/rutabaga","/c/en/swede","/c/en/british","/c/en/gel","/c/en/electrophoresis"],"weight":0.22556999999999983,"degrees":[165,220,3452,333,152]},"num_concepts_raised":24386},{"base_id":331,"kind":"bot_words","i1":0,"i2":8,"sol":{"path":["/c/en/rutabaga","/c/en/plant","/c/en/us","/c/en/dasher"],"weight":0.21375,"degrees":[165,7959,8154,29]},"num_concepts_raised":19042},{"base_id":331,"kind":"bot_words","i1":0,"i2":9,"sol":{"path":["/c/en/rutabaga","/c/en/swede","/c/en/rape","/c/en/disease","/c/en/melioidosis"],"weight":0.22389999999999993,"degrees":[165,220,744,4216,29]},"num_concepts_raised":16333},{"base_id":331,"kind":"bot_words","i1":1,"i2":2,"sol":{"path":["/c/en/brainstorming","/c/en/idea","/c/en/key","/c/en/island","/c/en/negros"],"weight":0.21547999999999995,"degrees":[171,1008,1529,1660,52]},"num_concepts_raised":3780},{"base_id":331,"kind":"bot_words","i1":1,"i2":3,"sol":{"path":["/c/en/brainstorming","/c/en/brainstorm","/c/en/british","/c/en/smallclothes","/c/en/breeches"],"weight":0.21704999999999988,"degrees":[171,67,3452,10,165]},"num_concepts_raised":4059},{"base_id":331,"kind":"bot_words","i1":1,"i2":4,"sol":{"path":["/c/en/brainstorming","/c/en/brainstorm","/c/en/mental","/c/en/reptile","/c/en/anolis"],"weight":0.21952000000000005,"degrees":[171,67,669,897,38]},"num_concepts_raised":2476},{"base_id":331,"kind":"bot_words","i1":1,"i2":5,"sol":{"path":["/c/en/brainstorming","/c/en/writing_story","/c/en/expression","/c/en/doxology"],"weight":0.2163400000000002,"degrees":[171,126,1025,90]},"num_concepts_raised":8162},{"base_id":331,"kind":"bot_words","i1":1,"i2":6,"sol":{"path":["/c/en/brainstorming","/c/en/idea","/c/en/function","/c/en/interleukin"],"weight":0.2158,"degrees":[171,1008,1730,73]},"num_concepts_raised":9172},{"base_id":331,"kind":"bot_words","i1":1,"i2":7,"sol":{"path":["/c/en/brainstorming","/c/en/group_action","/c/en/separation","/c/en/electrophoresis"],"weight":0.2168399999999999,"degrees":[171,71,681,152]},"num_concepts_raised":16325},{"base_id":331,"kind":"bot_words","i1":1,"i2":8,"sol":{"path":["/c/en/brainstorming","/c/en/brainstorm","/c/en/us","/c/en/dasher"],"weight":0.21425000000000005,"degrees":[171,67,8154,29]},"num_concepts_raised":10989},{"base_id":331,"kind":"bot_words","i1":1,"i2":9,"sol":{"path":["/c/en/brainstorming","/c/en/brainstorm","/c/en/problem","/c/en/disease","/c/en/melioidosis"],"weight":0.21933000000000002,"degrees":[171,67,950,4216,29]},"num_concepts_raised":8301},{"base_id":331,"kind":"bot_words","i1":2,"i2":3,"sol":{"path":["/c/en/negros","/c/en/island","/c/fr/géographie","/c/nl/broek","/c/en/breeches"],"weight":0.2098199999999996,"degrees":[52,1660,8043,65,165]},"num_concepts_raised":4805},{"base_id":331,"kind":"bot_words","i1":2,"i2":4,"sol":{"path":["/c/en/negros","/c/en/island","/c/en/fish","/c/en/reptile","/c/en/anolis"],"weight":0.21316999999999975,"degrees":[52,1660,4424,897,38]},"num_concepts_raised":3224},{"base_id":331,"kind":"bot_words","i1":2,"i2":5,"sol":{"path":["/c/en/negros","/c/en/island","/c/en/set","/c/en/god","/c/en/doxology"],"weight":0.2142299999999999,"degrees":[52,1660,2628,1774,90]},"num_concepts_raised":8942},{"base_id":331,"kind":"bot_words","i1":2,"i2":6,"sol":{"path":["/c/en/negros","/c/en/island","/c/en/fish","/c/en/protein","/c/en/interleukin"],"weight":0.2156999999999997,"degrees":[52,1660,4424,3124,73]},"num_concepts_raised":9942},{"base_id":331,"kind":"bot_words","i1":2,"i2":7,"sol":{"path":["/c/en/negros","/c/en/island","/c/en/type","/c/en/electricity","/c/en/electrophoresis"],"weight":0.2147499999999996,"degrees":[52,1660,1591,1283,152]},"num_concepts_raised":17111},{"base_id":331,"kind":"bot_words","i1":2,"i2":8,"sol":{"path":["/c/en/negros","/c/en/philippines","/c/en/country","/c/en/us","/c/en/dasher"],"weight":0.20794999999999975,"degrees":[52,630,2796,8154,29]},"num_concepts_raised":11733},{"base_id":331,"kind":"bot_words","i1":2,"i2":9,"sol":{"path":["/c/en/negros","/c/en/southeast_asia","/c/en/melioidosis"],"weight":0.20600000000000002,"degrees":[52,312,29]},"num_concepts_raised":76},{"base_id":331,"kind":"bot_words","i1":3,"i2":4,"sol":{"path":["/c/en/breeches","/c/en/codpiece","/c/en/plate","/c/en/reptile","/c/en/anolis"],"weight":0.2106299999999997,"degrees":[165,47,1940,897,38]},"num_concepts_raised":3508},{"base_id":331,"kind":"bot_words","i1":3,"i2":5,"sol":{"path":["/c/en/breeches","/c/en/hips","/c/en/biology","/c/en/logy","/c/en/doxology"],"weight":0.21263999999999983,"degrees":[165,52,6216,543,90]},"num_concepts_raised":9214},{"base_id":331,"kind":"bot_words","i1":3,"i2":6,"sol":{"path":["/c/en/breeches","/c/en/breech","/c/en/trail","/c/en/protein","/c/en/interleukin"],"weight":0.21327999999999964,"degrees":[165,98,476,3124,73]},"num_concepts_raised":10220},{"base_id":331,"kind":"bot_words","i1":3,"i2":7,"sol":{"path":["/c/en/breeches","/c/en/garment","/c/en/medium","/c/en/electrophoresis"],"weight":0.21117999999999953,"degrees":[165,773,767,152]},"num_concepts_raised":17365},{"base_id":331,"kind":"bot_words","i1":3,"i2":8,"sol":{"path":["/c/en/breeches","/c/en/knickers","/c/en/us","/c/en/dasher"],"weight":0.20448999999999967,"degrees":[165,82,8154,29]},"num_concepts_raised":11968},{"base_id":331,"kind":"bot_words","i1":3,"i2":9,"sol":{"path":["/c/en/breeches","/c/en/breech_birth","/c/en/disease","/c/en/melioidosis"],"weight":0.20948999999999965,"degrees":[165,50,4216,29]},"num_concepts_raised":9314},{"base_id":331,"kind":"bot_words","i1":4,"i2":5,"sol":{"path":["/c/en/anolis","/c/en/reptile","/c/en/herpetology","/c/en/logy","/c/en/doxology"],"weight":0.21611,"degrees":[38,897,141,543,90]},"num_concepts_raised":7647},{"base_id":331,"kind":"bot_words","i1":4,"i2":6,"sol":{"path":["/c/en/anolis","/c/en/reptile","/c/en/avidin","/c/en/protein","/c/en/interleukin"],"weight":0.2156299999999998,"degrees":[38,897,42,3124,73]},"num_concepts_raised":8639},{"base_id":331,"kind":"bot_words","i1":4,"i2":7,"sol":{"path":["/c/en/anolis","/c/en/reptile","/c/en/avidin","/c/en/protein","/c/en/electrophoresis"],"weight":0.2146499999999997,"degrees":[38,897,42,3124,152]},"num_concepts_raised":15834},{"base_id":331,"kind":"bot_words","i1":4,"i2":8,"sol":{"path":["/c/en/anolis","/c/en/reptile","/c/en/snake","/c/en/us","/c/en/dasher"],"weight":0.20782999999999985,"degrees":[38,897,1419,8154,29]},"num_concepts_raised":10453},{"base_id":331,"kind":"bot_words","i1":4,"i2":9,"sol":{"path":["/c/en/anolis","/c/en/reptile","/c/en/snake","/c/en/australia","/c/en/melioidosis"],"weight":0.21292999999999984,"degrees":[38,897,1419,2690,29]},"num_concepts_raised":7749},{"base_id":331,"kind":"bot_words","i1":5,"i2":6,"sol":{"path":["/c/en/doxology","/c/en/expression","/c/en/protein","/c/en/interleukin"],"weight":0.21659999999999993,"degrees":[90,1025,3124,73]},"num_concepts_raised":14251},{"base_id":331,"kind":"bot_words","i1":5,"i2":7,"sol":{"path":["/c/en/doxology","/c/en/expression","/c/en/protein","/c/en/electrophoresis"],"weight":0.21562999999999982,"degrees":[90,1025,3124,152]},"num_concepts_raised":21364},{"base_id":331,"kind":"bot_words","i1":5,"i2":8,"sol":{"path":["/c/en/doxology","/c/en/sockdolager","/c/en/us","/c/en/dasher"],"weight":0.20881,"degrees":[90,20,8154,29]},"num_concepts_raised":16079},{"base_id":331,"kind":"bot_words","i1":5,"i2":9,"sol":{"path":["/c/en/doxology","/c/en/logy","/c/en/pathology","/c/en/disease","/c/en/melioidosis"],"weight":0.21593999999999997,"degrees":[90,543,5554,4216,29]},"num_concepts_raised":13435},{"base_id":331,"kind":"bot_words","i1":6,"i2":7,"sol":{"path":["/c/en/interleukin","/c/en/protein","/c/en/electrophoresis"],"weight":0.20700000000000002,"degrees":[73,3124,152]},"num_concepts_raised":178},{"base_id":331,"kind":"bot_words","i1":6,"i2":8,"sol":{"path":["/c/en/interleukin","/c/en/protein","/c/en/gram","/c/en/us","/c/en/dasher"],"weight":0.2103499999999998,"degrees":[73,3124,353,8154,29]},"num_concepts_raised":17131},{"base_id":331,"kind":"bot_words","i1":6,"i2":9,"sol":{"path":["/c/en/interleukin","/c/en/ixekizumab","/c/en/disease","/c/en/melioidosis"],"weight":0.21329999999999977,"degrees":[73,6,4216,29]},"num_concepts_raised":14385},{"base_id":331,"kind":"bot_words","i1":7,"i2":8,"sol":{"path":["/c/en/electrophoresis","/c/en/band","/c/en/parade","/c/en/dasher"],"weight":0.20934999999999968,"degrees":[152,1893,438,29]},"num_concepts_raised":24126},{"base_id":331,"kind":"bot_words","i1":7,"i2":9,"sol":{"path":["/c/en/electrophoresis","/c/en/pulsotype","/c/en/bacterium","/c/en/melioidosis"],"weight":0.21437999999999965,"degrees":[152,8,595,29]},"num_concepts_raised":21544},{"base_id":331,"kind":"bot_words","i1":8,"i2":9,"sol":{"path":["/c/en/dasher","/c/en/dash","/c/en/run","/c/en/australia","/c/en/melioidosis"],"weight":0.20874999999999982,"degrees":[29,562,2730,2690,29]},"num_concepts_raised":16020}],[{"base_id":331,"kind":"top_words","i1":0,"i2":1,"sol":{"path":["/c/en/teaspoon","/c/en/kitchen","/c/en/butter"],"weight":0.20400000000000001,"degrees":[201,895,922]},"num_concepts_raised":782},{"base_id":331,"kind":"top_words","i1":0,"i2":2,"sol":{"path":["/c/en/teaspoon","/c/en/saucer","/c/en/sauce"],"weight":0.20500000000000002,"degrees":[201,248,861]},"num_concepts_raised":804},{"base_id":331,"kind":"top_words","i1":0,"i2":3,"sol":{"path":["/c/en/teaspoon","/c/en/tablespoon"],"weight":0.20600000000000002,"degrees":[201,231]},"num_concepts_raised":299},{"base_id":331,"kind":"top_words","i1":0,"i2":4,"sol":{"path":["/c/en/teaspoon","/c/en/kitchen","/c/en/flour"],"weight":0.202,"degrees":[201,895,793]},"num_concepts_raised":766},{"base_id":331,"kind":"top_words","i1":0,"i2":5,"sol":{"path":["/c/en/teaspoon","/c/en/tablespoon","/c/en/stirring","/c/en/stir"],"weight":0.21286999999999834,"degrees":[201,231,73,573]},"num_concepts_raised":65407},{"base_id":331,"kind":"top_words","i1":0,"i2":6,"sol":{"path":["/c/en/teaspoon","/c/en/dash","/c/en/mix","/c/en/mixture"],"weight":0.22244999999999798,"degrees":[201,562,1116,671]},"num_concepts_raised":65202},{"base_id":331,"kind":"top_words","i1":0,"i2":7,"sol":{"path":["/c/en/teaspoon","/c/en/sugar","/c/en/salt","/c/en/unsalted"],"weight":0.2052399999999998,"degrees":[201,1902,2754,34]},"num_concepts_raised":12465},{"base_id":331,"kind":"top_words","i1":0,"i2":8,"sol":{"path":["/c/en/teaspoon","/c/en/glass","/c/en/paste"],"weight":0.202,"degrees":[201,1851,669]},"num_concepts_raised":738},{"base_id":331,"kind":"top_words","i1":0,"i2":9,"sol":{"path":["/c/en/teaspoon","/c/en/sugar","/c/en/sour","/c/en/vinegar"],"weight":0.22126000000000023,"degrees":[201,1902,815,611]},"num_concepts_raised":31515},{"base_id":331,"kind":"top_words","i1":1,"i2":2,"sol":{"path":["/c/en/butter","/c/en/food","/c/en/sauce"],"weight":0.20700000000000002,"degrees":[922,4281,861]},"num_concepts_raised":1272},{"base_id":331,"kind":"top_words","i1":1,"i2":3,"sol":{"path":["/c/en/butter","/c/en/cooking","/c/en/tablespoon"],"weight":0.20500000000000002,"degrees":[922,1401,231]},"num_concepts_raised":809},{"base_id":331,"kind":"top_words","i1":1,"i2":4,"sol":{"path":["/c/en/butter","/c/en/bread","/c/en/flour"],"weight":0.20600000000000002,"degrees":[922,1741,793]},"num_concepts_raised":1237},{"base_id":331,"kind":"top_words","i1":1,"i2":5,"sol":{"path":["/c/en/butter","/c/en/churn","/c/en/stir"],"weight":0.20500000000000002,"degrees":[922,272,573]},"num_concepts_raised":1139},{"base_id":331,"kind":"top_words","i1":1,"i2":6,"sol":{"path":["/c/en/butter","/c/en/mixture"],"weight":0.20600000000000002,"degrees":[922,671]},"num_concepts_raised":1216},{"base_id":331,"kind":"top_words","i1":1,"i2":7,"sol":{"path":["/c/en/butter","/c/en/brown_butter","/c/en/unsalted"],"weight":0.20500000000000002,"degrees":[922,17,34]},"num_concepts_raised":664},{"base_id":331,"kind":"top_words","i1":1,"i2":8,"sol":{"path":["/c/en/butter","/c/en/soft","/c/en/paste"],"weight":0.20600000000000002,"degrees":[922,1227,669]},"num_concepts_raised":1211},{"base_id":331,"kind":"top_words","i1":1,"i2":9,"sol":{"path":["/c/en/butter","/c/en/condiment","/c/en/vinegar"],"weight":0.20700000000000002,"degrees":[922,267,611]},"num_concepts_raised":1041},{"base_id":331,"kind":"top_words","i1":2,"i2":3,"sol":{"path":["/c/en/sauce","/c/en/cooking","/c/en/tablespoon"],"weight":0.20500000000000002,"degrees":[861,1401,231]},"num_concepts_raised":831},{"base_id":331,"kind":"top_words","i1":2,"i2":4,"sol":{"path":["/c/en/sauce","/c/en/red","/c/en/flour"],"weight":0.20400000000000001,"degrees":[861,1983,793]},"num_concepts_raised":1269},{"base_id":331,"kind":"top_words","i1":2,"i2":5,"sol":{"path":["/c/en/sauce","/c/en/slang","/c/en/stir"],"weight":0.20500000000000002,"degrees":[861,16318,573]},"num_concepts_raised":1161},{"base_id":331,"kind":"top_words","i1":2,"i2":6,"sol":{"path":["/c/en/sauce","/c/en/tartare_sauce","/c/en/mixture"],"weight":0.20700000000000002,"degrees":[861,47,671]},"num_concepts_raised":1244},{"base_id":331,"kind":"top_words","i1":2,"i2":7,"sol":{"path":["/c/en/sauce","/c/en/brown_butter","/c/en/unsalted"],"weight":0.20400000000000001,"degrees":[861,17,34]},"num_concepts_raised":688},{"base_id":331,"kind":"top_words","i1":2,"i2":8,"sol":{"path":["/c/en/sauce","/c/en/tomato","/c/en/paste"],"weight":0.20600000000000002,"degrees":[861,604,669]},"num_concepts_raised":1237},{"base_id":331,"kind":"top_words","i1":2,"i2":9,"sol":{"path":["/c/en/sauce","/c/en/condiment","/c/en/vinegar"],"weight":0.20800000000000002,"degrees":[861,267,611]},"num_concepts_raised":1048},{"base_id":331,"kind":"top_words","i1":3,"i2":4,"sol":{"path":["/c/en/tablespoon","/c/en/cooking","/c/en/flour"],"weight":0.203,"degrees":[231,1401,793]},"num_concepts_raised":793},{"base_id":331,"kind":"top_words","i1":3,"i2":5,"sol":{"path":["/c/en/tablespoon","/c/en/stirring","/c/en/stir"],"weight":0.202,"degrees":[231,73,573]},"num_concepts_raised":681},{"base_id":331,"kind":"top_words","i1":3,"i2":6,"sol":{"path":["/c/en/tablespoon","/c/fr/volume","/c/fr/mélange","/c/en/mixture"],"weight":0.2219499999999979,"degrees":[231,413,451,671]},"num_concepts_raised":86234},{"base_id":331,"kind":"top_words","i1":3,"i2":7,"sol":{"path":["/c/en/tablespoon","/c/en/cooking","/c/en/salt","/c/en/unsalted"],"weight":0.20659999999999973,"degrees":[231,1401,2754,34]},"num_concepts_raised":35310},{"base_id":331,"kind":"top_words","i1":3,"i2":8,"sol":{"path":["/c/en/tablespoon","/c/en/utensil","/c/en/stick","/c/en/paste"],"weight":0.21489999999999787,"degrees":[231,285,2046,669]},"num_concepts_raised":148222},{"base_id":331,"kind":"top_words","i1":3,"i2":9,"sol":{"path":["/c/en/tablespoon","/c/en/cooking","/c/en/rice_vinegar","/c/en/vinegar"],"weight":0.22204000000000013,"degrees":[231,1401,38,611]},"num_concepts_raised":53668},{"base_id":331,"kind":"top_words","i1":4,"i2":5,"sol":{"path":["/c/en/flour","/c/en/minute_pudding","/c/en/stir"],"weight":0.202,"degrees":[793,7,573]},"num_concepts_raised":1125},{"base_id":331,"kind":"top_words","i1":4,"i2":6,"sol":{"path":["/c/en/flour","/c/en/bread","/c/en/mixture"],"weight":0.20500000000000002,"degrees":[793,1741,671]},"num_concepts_raised":1205},{"base_id":331,"kind":"top_words","i1":4,"i2":7,"sol":{"path":["/c/en/flour","/c/en/grain","/c/en/salt","/c/en/unsalted"],"weight":0.21466999999999947,"degrees":[793,1334,2754,34]},"num_concepts_raised":35515},{"base_id":331,"kind":"top_words","i1":4,"i2":8,"sol":{"path":["/c/en/flour","/c/en/paste"],"weight":0.203,"degrees":[793,669]},"num_concepts_raised":1195},{"base_id":331,"kind":"top_words","i1":4,"i2":9,"sol":{"path":["/c/en/flour","/c/en/food_ingredient","/c/en/vinegar"],"weight":0.20400000000000001,"degrees":[793,47,611]},"num_concepts_raised":1027},{"base_id":331,"kind":"top_words","i1":5,"i2":6,"sol":{"path":["/c/en/stir","/c/en/act","/c/en/mixture"],"weight":0.20400000000000001,"degrees":[573,2503,671]},"num_concepts_raised":1097},{"base_id":331,"kind":"top_words","i1":5,"i2":7,"sol":{"path":["/c/en/stir","/c/en/shake","/c/en/salt","/c/en/unsalted"],"weight":0.20904999999999846,"degrees":[573,1325,2754,34]},"num_concepts_raised":59615},{"base_id":331,"kind":"top_words","i1":5,"i2":8,"sol":{"path":["/c/en/stir","/c/en/slang","/c/en/paste"],"weight":0.202,"degrees":[573,16318,669]},"num_concepts_raised":1096},{"base_id":331,"kind":"top_words","i1":5,"i2":9,"sol":{"path":["/c/en/stir","/c/en/shamoji","/c/en/vinegar"],"weight":0.20400000000000001,"degrees":[573,17,611]},"num_concepts_raised":913},{"base_id":331,"kind":"top_words","i1":6,"i2":7,"sol":{"path":["/c/en/mixture","/c/en/stuff","/c/en/salt","/c/en/unsalted"],"weight":0.2171999999999981,"degrees":[671,836,2754,34]},"num_concepts_raised":59082},{"base_id":331,"kind":"top_words","i1":6,"i2":8,"sol":{"path":["/c/en/mixture","/c/en/paste"],"weight":0.20600000000000002,"degrees":[671,669]},"num_concepts_raised":1170},{"base_id":331,"kind":"top_words","i1":6,"i2":9,"sol":{"path":["/c/en/mixture","/c/en/court_bouillon","/c/en/vinegar"],"weight":0.20600000000000002,"degrees":[671,16,611]},"num_concepts_raised":994},{"base_id":331,"kind":"top_words","i1":7,"i2":8,"sol":{"path":["/c/en/unsalted","/c/en/salt","/c/en/substance","/c/en/paste"],"weight":0.2110799999999981,"degrees":[34,2754,1169,669]},"num_concepts_raised":125218},{"base_id":331,"kind":"top_words","i1":7,"i2":9,"sol":{"path":["/c/en/unsalted","/c/en/salt","/c/en/vinegar"],"weight":0.20400000000000001,"degrees":[34,2754,611]},"num_concepts_raised":438},{"base_id":331,"kind":"top_words","i1":8,"i2":9,"sol":{"path":["/c/en/paste","/c/en/liquid","/c/en/vinegar"],"weight":0.20500000000000002,"degrees":[669,1778,611]},"num_concepts_raised":997}]]