[[{"base_id":716,"kind":"bot_words","i1":0,"i2":1,"sol":{"path":["/c/en/knowledge","/c/en/understanding","/c/en/rule","/c/en/freewheeling"],"weight":0.22898999999999736,"degrees":[1394,715,2063,24]},"num_concepts_raised":101150},{"base_id":716,"kind":"bot_words","i1":0,"i2":2,"sol":{"path":["/c/en/knowledge","/c/en/learn","/c/en/retention","/c/en/withholding"],"weight":0.22618999999999745,"degrees":[1394,1185,158,43]},"num_concepts_raised":103969},{"base_id":716,"kind":"bot_words","i1":0,"i2":3,"sol":{"path":["/c/en/knowledge","/c/en/information","/c/en/understand","/c/en/inter"],"weight":0.23511999999999722,"degrees":[1394,1544,1085,260]},"num_concepts_raised":110969},{"base_id":716,"kind":"bot_words","i1":0,"i2":4,"sol":{"path":["/c/en/knowledge","/c/en/library","/c/en/growl","/c/en/mutter"],"weight":0.22790999999999678,"degrees":[1394,1023,209,252]},"num_concepts_raised":108995},{"base_id":716,"kind":"bot_words","i1":0,"i2":5,"sol":{"path":["/c/en/knowledge","/c/en/information","/c/en/leaflet","/c/en/handout"],"weight":0.2338099999999972,"degrees":[1394,1544,264,106]},"num_concepts_raised":108919},{"base_id":716,"kind":"bot_words","i1":0,"i2":6,"sol":{"path":["/c/en/knowledge","/c/en/study","/c/en/byway","/c/en/sideway"],"weight":0.22710999999999734,"degrees":[1394,1753,49,31]},"num_concepts_raised":104573},{"base_id":716,"kind":"bot_words","i1":0,"i2":7,"sol":{"path":["/c/en/knowledge","/c/en/book","/c/en/slang","/c/en/gangsta"],"weight":0.22782999999999734,"degrees":[1394,3239,16318,32]},"num_concepts_raised":117090},{"base_id":716,"kind":"bot_words","i1":0,"i2":8,"sol":{"path":["/c/en/knowledge","/c/en/information","/c/en/criminal","/c/en/subornation"],"weight":0.23174999999999735,"degrees":[1394,1544,971,33]},"num_concepts_raised":103296},{"base_id":716,"kind":"bot_words","i1":0,"i2":9,"sol":{"path":["/c/en/knowledge","/c/en/notice","/c/en/advertisement"],"weight":0.20500000000000002,"degrees":[1394,971,456]},"num_concepts_raised":1532},{"base_id":716,"kind":"bot_words","i1":1,"i2":2,"sol":{"path":["/c/en/freewheeling","/c/en/rule","/c/en/government","/c/en/withholding"],"weight":0.20289999999999997,"degrees":[24,2063,2046,43]},"num_concepts_raised":8144},{"base_id":716,"kind":"bot_words","i1":1,"i2":3,"sol":{"path":["/c/en/freewheeling","/c/en/convention","/c/en/interaction","/c/en/inter"],"weight":0.20569999999999983,"degrees":[24,507,408,260]},"num_concepts_raised":16202},{"base_id":716,"kind":"bot_words","i1":1,"i2":4,"sol":{"path":["/c/en/freewheeling","/c/en/rule","/c/en/condition","/c/en/murmur","/c/en/mutter"],"weight":0.20895999999999929,"degrees":[24,2063,1648,377,252]},"num_concepts_raised":13438},{"base_id":716,"kind":"bot_words","i1":1,"i2":5,"sol":{"path":["/c/en/freewheeling","/c/en/convention","/c/en/swag","/c/en/handout"],"weight":0.2035699999999998,"degrees":[24,507,125,106]},"num_concepts_raised":14054},{"base_id":716,"kind":"bot_words","i1":1,"i2":6,"sol":{"path":["/c/en/freewheeling","/c/en/happy_go_lucky","/c/en/film","/c/en/sideways","/c/en/sideway"],"weight":0.20490999999999993,"degrees":[24,96,2504,180,31]},"num_concepts_raised":9001},{"base_id":716,"kind":"bot_words","i1":1,"i2":7,"sol":{"path":["/c/en/freewheeling","/c/en/rule","/c/en/slang","/c/en/gangsta"],"weight":0.20378999999999992,"degrees":[24,2063,16318,32]},"num_concepts_raised":22715},{"base_id":716,"kind":"bot_words","i1":1,"i2":8,"sol":{"path":["/c/en/freewheeling","/c/en/rule","/c/en/law","/c/en/subornation"],"weight":0.20279999999999992,"degrees":[24,2063,3727,33]},"num_concepts_raised":7274},{"base_id":716,"kind":"bot_words","i1":1,"i2":9,"sol":{"path":["/c/en/freewheeling","/c/en/convention","/c/en/subvert","/c/en/advertisement"],"weight":0.20827999999999958,"degrees":[24,507,120,456]},"num_concepts_raised":41600},{"base_id":716,"kind":"bot_words","i1":2,"i2":3,"sol":{"path":["/c/en/withholding","/c/en/tax","/c/en/extra","/c/en/inter"],"weight":0.20808999999999986,"degrees":[43,1545,434,260]},"num_concepts_raised":19314},{"base_id":716,"kind":"bot_words","i1":2,"i2":4,"sol":{"path":["/c/en/withholding","/c/en/retention","/c/en/medicine","/c/en/murmur","/c/en/mutter"],"weight":0.2103399999999993,"degrees":[43,158,11938,377,252]},"num_concepts_raised":16607},{"base_id":716,"kind":"bot_words","i1":2,"i2":5,"sol":{"path":["/c/en/withholding","/c/en/tax","/c/en/handout"],"weight":0.203,"degrees":[43,1545,106]},"num_concepts_raised":122},{"base_id":716,"kind":"bot_words","i1":2,"i2":6,"sol":{"path":["/c/en/withholding","/c/en/tax","/c/en/us","/c/en/sideways","/c/en/sideway"],"weight":0.20625999999999994,"degrees":[43,1545,8154,180,31]},"num_concepts_raised":12206},{"base_id":716,"kind":"bot_words","i1":2,"i2":7,"sol":{"path":["/c/en/withholding","/c/en/tax","/c/en/law","/c/en/slang","/c/en/gangsta"],"weight":0.20516999999999994,"degrees":[43,1545,3727,16318,32]},"num_concepts_raised":25847},{"base_id":716,"kind":"bot_words","i1":2,"i2":8,"sol":{"path":["/c/en/withholding","/c/en/tax","/c/en/law","/c/en/subornation"],"weight":0.20413999999999996,"degrees":[43,1545,3727,33]},"num_concepts_raised":10535},{"base_id":716,"kind":"bot_words","i1":2,"i2":9,"sol":{"path":["/c/en/withholding","/c/en/tax","/c/en/mail","/c/en/advertisement"],"weight":0.20972999999999958,"degrees":[43,1545,872,456]},"num_concepts_raised":44479},{"base_id":716,"kind":"bot_words","i1":3,"i2":4,"sol":{"path":["/c/en/inter","/c/fr/entre","/c/fr/marmotter","/c/en/mutter"],"weight":0.21058999999999922,"degrees":[260,480,102,252]},"num_concepts_raised":24479},{"base_id":716,"kind":"bot_words","i1":3,"i2":5,"sol":{"path":["/c/en/inter","/c/en/extra","/c/en/tax","/c/en/handout"],"weight":0.20776999999999968,"degrees":[260,434,1545,106]},"num_concepts_raised":24978},{"base_id":716,"kind":"bot_words","i1":3,"i2":6,"sol":{"path":["/c/en/inter","/c/en/between","/c/en/side","/c/en/sideway"],"weight":0.2066399999999998,"degrees":[260,565,1912,31]},"num_concepts_raised":20048},{"base_id":716,"kind":"bot_words","i1":3,"i2":7,"sol":{"path":["/c/en/inter","/c/en/bury","/c/en/slang","/c/en/gangsta"],"weight":0.2092199999999998,"degrees":[260,621,16318,32]},"num_concepts_raised":33444},{"base_id":716,"kind":"bot_words","i1":3,"i2":8,"sol":{"path":["/c/en/inter","/c/en/enter","/c/en/law","/c/en/subornation"],"weight":0.2058999999999998,"degrees":[260,1017,3727,33]},"num_concepts_raised":18559},{"base_id":716,"kind":"bot_words","i1":3,"i2":9,"sol":{"path":["/c/en/inter","/c/en/internet","/c/en/poster","/c/en/advertisement"],"weight":0.21189999999999945,"degrees":[260,2994,380,456]},"num_concepts_raised":52021},{"base_id":716,"kind":"bot_words","i1":4,"i2":5,"sol":{"path":["/c/en/mutter","/c/en/utter","/c/en/out","/c/en/handout"],"weight":0.20610999999999918,"degrees":[252,668,1307,106]},"num_concepts_raised":22314},{"base_id":716,"kind":"bot_words","i1":4,"i2":6,"sol":{"path":["/c/en/mutter","/c/en/murmur","/c/en/condition","/c/en/way","/c/en/sideway"],"weight":0.20916999999999925,"degrees":[252,377,1648,1993,31]},"num_concepts_raised":17343},{"base_id":716,"kind":"bot_words","i1":4,"i2":7,"sol":{"path":["/c/en/mutter","/c/en/rumble","/c/en/slang","/c/en/gangsta"],"weight":0.2065499999999993,"degrees":[252,309,16318,32]},"num_concepts_raised":30863},{"base_id":716,"kind":"bot_words","i1":4,"i2":8,"sol":{"path":["/c/en/mutter","/c/en/murmur","/c/en/complaint","/c/en/criminal","/c/en/subornation"],"weight":0.20916999999999927,"degrees":[252,377,473,971,33]},"num_concepts_raised":15837},{"base_id":716,"kind":"bot_words","i1":4,"i2":9,"sol":{"path":["/c/en/mutter","/c/en/sound","/c/en/product","/c/en/advertisement"],"weight":0.21087999999999896,"degrees":[252,3218,1426,456]},"num_concepts_raised":49683},{"base_id":716,"kind":"bot_words","i1":5,"i2":6,"sol":{"path":["/c/en/handout","/c/en/hand","/c/en/side","/c/en/sideway"],"weight":0.20391999999999977,"degrees":[106,2596,1912,31]},"num_concepts_raised":17902},{"base_id":716,"kind":"bot_words","i1":5,"i2":7,"sol":{"path":["/c/en/handout","/c/en/swag","/c/en/slang","/c/en/gangsta"],"weight":0.20479999999999976,"degrees":[106,125,16318,32]},"num_concepts_raised":31396},{"base_id":716,"kind":"bot_words","i1":5,"i2":8,"sol":{"path":["/c/en/handout","/c/en/tax","/c/en/law","/c/en/subornation"],"weight":0.2037799999999998,"degrees":[106,1545,3727,33]},"num_concepts_raised":16427},{"base_id":716,"kind":"bot_words","i1":5,"i2":9,"sol":{"path":["/c/en/handout","/c/en/leaflet","/c/en/advertisement"],"weight":0.203,"degrees":[106,264,456]},"num_concepts_raised":458},{"base_id":716,"kind":"bot_words","i1":6,"i2":7,"sol":{"path":["/c/en/sideway","/c/en/way","/c/en/slang","/c/en/gangsta"],"weight":0.20400999999999989,"degrees":[31,1993,16318,32]},"num_concepts_raised":26440},{"base_id":716,"kind":"bot_words","i1":6,"i2":8,"sol":{"path":["/c/en/sideway","/c/en/sideways","/c/en/move","/c/en/law","/c/en/subornation"],"weight":0.2050599999999999,"degrees":[31,180,2810,3727,33]},"num_concepts_raised":11407},{"base_id":716,"kind":"bot_words","i1":6,"i2":9,"sol":{"path":["/c/en/sideway","/c/en/side","/c/en/sign","/c/en/advertisement"],"weight":0.20882999999999954,"degrees":[31,1912,2004,456]},"num_concepts_raised":45341},{"base_id":716,"kind":"bot_words","i1":7,"i2":8,"sol":{"path":["/c/en/gangsta","/c/en/slang","/c/en/law","/c/en/subornation"],"weight":0.2039899999999999,"degrees":[32,16318,3727,33]},"num_concepts_raised":25027},{"base_id":716,"kind":"bot_words","i1":7,"i2":9,"sol":{"path":["/c/en/gangsta","/c/en/slang","/c/en/ad","/c/en/advertisement"],"weight":0.21247999999999953,"degrees":[32,16318,295,456]},"num_concepts_raised":58345},{"base_id":716,"kind":"bot_words","i1":8,"i2":9,"sol":{"path":["/c/en/subornation","/c/en/criminal","/c/en/person","/c/en/advertisement"],"weight":0.20846999999999954,"degrees":[33,971,12935,456]},"num_concepts_raised":43817}],[{"base_id":716,"kind":"top_words","i1":0,"i2":1,"sol":{"path":["/c/en/century","/c/en/centuries"],"weight":0.20400000000000001,"degrees":[628,32]},"num_concepts_raised":511},{"base_id":716,"kind":"top_words","i1":0,"i2":2,"sol":{"path":["/c/en/century","/c/en/like","/c/en/affect","/c/en/schizoid"],"weight":0.21104999999999957,"degrees":[628,2357,724,42]},"num_concepts_raised":65362},{"base_id":716,"kind":"top_words","i1":0,"i2":3,"sol":{"path":["/c/en/century","/c/en/number","/c/en/er","/c/en/ster"],"weight":0.21223999999999954,"degrees":[628,2301,599,28]},"num_concepts_raised":69679},{"base_id":716,"kind":"top_words","i1":0,"i2":4,"sol":{"path":["/c/en/century","/c/en/twentieth"],"weight":0.202,"degrees":[628,179]},"num_concepts_raised":607},{"base_id":716,"kind":"top_words","i1":0,"i2":5,"sol":{"path":["/c/en/century","/c/fr/siècle","/c/fr/religion","/c/en/cleric","/c/en/ulfilas"],"weight":0.22033999999999943,"degrees":[628,358,6634,147,43]},"num_concepts_raised":63992},{"base_id":716,"kind":"top_words","i1":0,"i2":6,"sol":{"path":["/c/en/century","/c/en/year","/c/vo/dekul","/c/en/12th"],"weight":0.21371999999999958,"degrees":[628,1951,33,39]},"num_concepts_raised":64200},{"base_id":716,"kind":"top_words","i1":0,"i2":7,"sol":{"path":["/c/en/century","/c/en/score","/c/en/scribe","/c/en/scrivener"],"weight":0.21277999999999958,"degrees":[628,922,240,57]},"num_concepts_raised":71356},{"base_id":716,"kind":"top_words","i1":0,"i2":8,"sol":{"path":["/c/en/century","/c/en/number","/c/en/ordinal","/c/en/13th"],"weight":0.21210999999999958,"degrees":[628,2301,376,28]},"num_concepts_raised":64137},{"base_id":716,"kind":"top_words","i1":0,"i2":9,"sol":{"path":["/c/en/century","/c/en/one","/c/en/grape","/c/en/phylloxera"],"weight":0.21665999999999946,"degrees":[628,2499,1090,71]},"num_concepts_raised":67433},{"base_id":716,"kind":"top_words","i1":1,"i2":2,"sol":{"path":["/c/en/centuries","/c/en/time","/c/en/obsessive_compulsive","/c/en/neurotic","/c/en/schizoid"],"weight":0.20395999999999986,"degrees":[32,4124,26,151,42]},"num_concepts_raised":6825},{"base_id":716,"kind":"top_words","i1":1,"i2":3,"sol":{"path":["/c/en/centuries","/c/en/century","/c/en/sports","/c/en/er","/c/en/ster"],"weight":0.20489999999999983,"degrees":[32,628,3417,599,28]},"num_concepts_raised":11519},{"base_id":716,"kind":"top_words","i1":1,"i2":4,"sol":{"path":["/c/en/centuries","/c/en/century","/c/en/twentieth"],"weight":0.203,"degrees":[32,628,179]},"num_concepts_raised":164},{"base_id":716,"kind":"top_words","i1":1,"i2":5,"sol":{"path":["/c/en/centuries","/c/en/pietism","/c/en/church","/c/en/cleric","/c/en/ulfilas"],"weight":0.20783999999999975,"degrees":[32,79,1592,147,43]},"num_concepts_raised":5350},{"base_id":716,"kind":"top_words","i1":1,"i2":6,"sol":{"path":["/c/en/centuries","/c/en/century","/c/en/number","/c/en/twelfth","/c/en/12th"],"weight":0.20509999999999984,"degrees":[32,628,2301,222,39]},"num_concepts_raised":5680},{"base_id":716,"kind":"top_words","i1":1,"i2":7,"sol":{"path":["/c/en/centuries","/c/en/time","/c/en/money","/c/en/scrivener"],"weight":0.20321999999999987,"degrees":[32,4124,2899,57]},"num_concepts_raised":13474},{"base_id":716,"kind":"top_words","i1":1,"i2":8,"sol":{"path":["/c/en/centuries","/c/en/century","/c/it/duecentista","/c/en/thirteenth","/c/en/13th"],"weight":0.20484999999999987,"degrees":[32,628,13,143,28]},"num_concepts_raised":5606},{"base_id":716,"kind":"top_words","i1":1,"i2":9,"sol":{"path":["/c/en/centuries","/c/en/century","/c/en/one","/c/en/grape","/c/en/phylloxera"],"weight":0.2093599999999997,"degrees":[32,628,2499,1090,71]},"num_concepts_raised":8972},{"base_id":716,"kind":"top_words","i1":2,"i2":3,"sol":{"path":["/c/en/schizoid","/c/en/schizy","/c/en/offensive","/c/en/ster"],"weight":0.20285999999999987,"degrees":[42,8,1669,28]},"num_concepts_raised":8134},{"base_id":716,"kind":"top_words","i1":2,"i2":4,"sol":{"path":["/c/en/schizoid","/c/en/schizo","/c/en/slang","/c/en/twenty","/c/en/twentieth"],"weight":0.20630999999999994,"degrees":[42,32,16318,591,179]},"num_concepts_raised":4505},{"base_id":716,"kind":"top_words","i1":2,"i2":5,"sol":{"path":["/c/en/schizoid","/c/en/neurotic","/c/en/people","/c/en/minister","/c/en/cleric","/c/en/ulfilas"],"weight":0.21212729999999969,"degrees":[42,151,4475,665,147,43]},"num_concepts_raised":197128},{"base_id":716,"kind":"top_words","i1":2,"i2":6,"sol":{"path":["/c/en/schizoid","/c/en/schizophrenic","/c/fr/médecine","/c/en/music","/c/en/twelfth","/c/en/12th"],"weight":0.2103904999999998,"degrees":[42,100,9990,8822,222,39]},"num_concepts_raised":229813},{"base_id":716,"kind":"top_words","i1":2,"i2":7,"sol":{"path":["/c/en/schizoid","/c/en/affect","/c/en/interest","/c/en/scrivener"],"weight":0.20329999999999993,"degrees":[42,724,1297,57]},"num_concepts_raised":10175},{"base_id":716,"kind":"top_words","i1":2,"i2":8,"sol":{"path":["/c/en/schizoid","/c/en/schizophrenic","/c/fr/médecine","/c/en/music","/c/en/thirteenth","/c/en/13th"],"weight":0.21006519999999984,"degrees":[42,100,9990,8822,143,28]},"num_concepts_raised":235732},{"base_id":716,"kind":"top_words","i1":2,"i2":9,"sol":{"path":["/c/en/schizoid","/c/en/schizophrenic","/c/en/bug","/c/en/insect","/c/en/phylloxera"],"weight":0.2096699999999998,"degrees":[42,100,643,2112,71]},"num_concepts_raised":5572},{"base_id":716,"kind":"top_words","i1":3,"i2":4,"sol":{"path":["/c/en/ster","/c/en/offensive","/c/en/rank","/c/en/twentieth"],"weight":0.20493999999999993,"degrees":[28,1669,1403,179]},"num_concepts_raised":9205},{"base_id":716,"kind":"top_words","i1":3,"i2":5,"sol":{"path":["/c/en/ster","/c/en/or","/c/en/gold","/c/en/church","/c/en/cleric","/c/en/ulfilas"],"weight":0.2124737999999996,"degrees":[28,892,1435,1592,147,43]},"num_concepts_raised":328271},{"base_id":716,"kind":"top_words","i1":3,"i2":6,"sol":{"path":["/c/en/ster","/c/en/er","/c/en/number","/c/en/twelfth","/c/en/12th"],"weight":0.20521999999999987,"degrees":[28,599,2301,222,39]},"num_concepts_raised":7007},{"base_id":716,"kind":"top_words","i1":3,"i2":7,"sol":{"path":["/c/en/ster","/c/en/or","/c/en/author","/c/en/writer","/c/en/scrivener"],"weight":0.2044899999999999,"degrees":[28,892,924,1369,57]},"num_concepts_raised":14864},{"base_id":716,"kind":"top_words","i1":3,"i2":8,"sol":{"path":["/c/en/ster","/c/en/er","/c/en/number","/c/en/ordinal","/c/en/13th"],"weight":0.20484999999999987,"degrees":[28,599,2301,376,28]},"num_concepts_raised":6932},{"base_id":716,"kind":"top_words","i1":3,"i2":9,"sol":{"path":["/c/en/ster","/c/en/er","/c/en/viner","/c/en/vine","/c/en/phylloxera"],"weight":0.20947999999999975,"degrees":[28,599,11,823,71]},"num_concepts_raised":10280},{"base_id":716,"kind":"top_words","i1":4,"i2":5,"sol":{"path":["/c/en/twentieth","/c/en/rank","/c/en/minister","/c/en/cleric","/c/en/ulfilas"],"weight":0.21005999999999983,"degrees":[179,1403,665,147,43]},"num_concepts_raised":3014},{"base_id":716,"kind":"top_words","i1":4,"i2":6,"sol":{"path":["/c/en/twentieth","/c/en/20th","/c/en/ordinal","/c/en/12th"],"weight":0.20634999999999995,"degrees":[179,33,376,39]},"num_concepts_raised":3321},{"base_id":716,"kind":"top_words","i1":4,"i2":7,"sol":{"path":["/c/en/twentieth","/c/it/novecentista","/c/en/writer","/c/en/scrivener"],"weight":0.20557999999999998,"degrees":[179,11,1369,57]},"num_concepts_raised":11225},{"base_id":716,"kind":"top_words","i1":4,"i2":8,"sol":{"path":["/c/en/twentieth","/c/en/20th","/c/en/ordinal","/c/en/13th"],"weight":0.20617999999999995,"degrees":[179,33,376,28]},"num_concepts_raised":3249},{"base_id":716,"kind":"top_words","i1":4,"i2":9,"sol":{"path":["/c/en/twentieth","/c/en/twenty","/c/en/slang","/c/en/grape","/c/en/phylloxera"],"weight":0.21166999999999986,"degrees":[179,591,16318,1090,71]},"num_concepts_raised":6640},{"base_id":716,"kind":"top_words","i1":5,"i2":6,"sol":{"path":["/c/en/ulfilas","/c/en/cleric","/c/en/minister","/c/en/ordinal","/c/en/12th"],"weight":0.20895999999999976,"degrees":[43,147,665,376,39]},"num_concepts_raised":790},{"base_id":716,"kind":"top_words","i1":5,"i2":7,"sol":{"path":["/c/en/ulfilas","/c/en/cleric","/c/gv/cleragh","/c/en/scrivener"],"weight":0.2092599999999998,"degrees":[43,147,12,57]},"num_concepts_raised":8711},{"base_id":716,"kind":"top_words","i1":5,"i2":8,"sol":{"path":["/c/en/ulfilas","/c/en/cleric","/c/en/minister","/c/en/ordinal","/c/en/13th"],"weight":0.20878999999999978,"degrees":[43,147,665,376,28]},"num_concepts_raised":718},{"base_id":716,"kind":"top_words","i1":5,"i2":9,"sol":{"path":["/c/en/ulfilas","/c/en/cleric","/c/en/church","/c/en/wine","/c/en/grape","/c/en/phylloxera"],"weight":0.21643669999999937,"degrees":[43,147,1592,1776,1090,71]},"num_concepts_raised":223744},{"base_id":716,"kind":"top_words","i1":6,"i2":7,"sol":{"path":["/c/en/12th","/c/en/twelfth","/c/en/rank","/c/en/writer","/c/en/scrivener"],"weight":0.20462999999999992,"degrees":[39,222,1403,1369,57]},"num_concepts_raised":9059},{"base_id":716,"kind":"top_words","i1":6,"i2":8,"sol":{"path":["/c/en/12th","/c/en/ordinal","/c/en/13th"],"weight":0.20400000000000001,"degrees":[39,376,28]},"num_concepts_raised":58},{"base_id":716,"kind":"top_words","i1":6,"i2":9,"sol":{"path":["/c/en/12th","/c/en/twelfth","/c/en/queen","/c/en/insect","/c/en/phylloxera"],"weight":0.20958999999999978,"degrees":[39,222,1021,2112,71]},"num_concepts_raised":4425},{"base_id":716,"kind":"top_words","i1":7,"i2":8,"sol":{"path":["/c/en/scrivener","/c/en/writer","/c/en/rank","/c/en/thirteenth","/c/en/13th"],"weight":0.2044499999999999,"degrees":[57,1369,1403,143,28]},"num_concepts_raised":8986},{"base_id":716,"kind":"top_words","i1":7,"i2":9,"sol":{"path":["/c/en/scrivener","/c/en/interest","/c/en/insect","/c/en/phylloxera"],"weight":0.2087199999999998,"degrees":[57,1297,2112,71]},"num_concepts_raised":12339},{"base_id":716,"kind":"top_words","i1":8,"i2":9,"sol":{"path":["/c/en/13th","/c/en/ordinal","/c/en/cardinal","/c/en/grape","/c/en/phylloxera"],"weight":0.2092799999999998,"degrees":[28,376,5720,1090,71]},"num_concepts_raised":4354}]]