[[{"base_id":8,"kind":"bot_words","i1":0,"i2":1,"sol":{"path":["/c/en/toolmaker","/c/en/tool","/c/en/pen","/c/en/organic_chemistry","/c/en/acetal"],"weight":0.2087999999999999,"degrees":[24,1423,944,6499,80]},"num_concepts_raised":16839},{"base_id":8,"kind":"bot_words","i1":0,"i2":2,"sol":{"path":["/c/en/toolmaker","/c/en/tool","/c/fr/façonner","/c/en/spiritual","/c/en/bildungsroman"],"weight":0.20288999999999988,"degrees":[24,1423,228,524,45]},"num_concepts_raised":5575},{"base_id":8,"kind":"bot_words","i1":0,"i2":3,"sol":{"path":["/c/en/toolmaker","/c/en/toolmaking","/c/en/making","/c/en/talk","/c/en/whisper"],"weight":0.2102799999999992,"degrees":[24,8,529,1956,473]},"num_concepts_raised":26162},{"base_id":8,"kind":"bot_words","i1":0,"i2":4,"sol":{"path":["/c/en/toolmaker","/c/en/toolmaking","/c/en/stone_age","/c/en/primitive","/c/en/primeval"],"weight":0.20991999999999983,"degrees":[24,8,178,337,111]},"num_concepts_raised":6789},{"base_id":8,"kind":"bot_words","i1":0,"i2":5,"sol":{"path":["/c/en/toolmaker","/c/en/tool","/c/en/bender","/c/en/frolic","/c/en/cavort"],"weight":0.20385999999999987,"degrees":[24,1423,106,237,37]},"num_concepts_raised":8910},{"base_id":8,"kind":"bot_words","i1":0,"i2":6,"sol":{"path":["/c/en/toolmaker","/c/en/tool","/c/en/watch","/c/en/cautious","/c/en/cagey"],"weight":0.20390999999999987,"degrees":[24,1423,1703,340,34]},"num_concepts_raised":4316},{"base_id":8,"kind":"bot_words","i1":0,"i2":7,"sol":{"path":["/c/en/toolmaker","/c/en/tool","/c/en/uk","/c/en/superannuation"],"weight":0.20267999999999986,"degrees":[24,1423,5562,33]},"num_concepts_raised":11534},{"base_id":8,"kind":"bot_words","i1":0,"i2":8,"sol":{"path":["/c/en/toolmaker","/c/en/tool","/c/en/opener","/c/en/islam","/c/en/fatima"],"weight":0.20802999999999985,"degrees":[24,1423,136,1651,42]},"num_concepts_raised":6628},{"base_id":8,"kind":"bot_words","i1":0,"i2":9,"sol":{"path":["/c/en/toolmaker","/c/en/toolmaking","/c/en/making","/c/en/egg","/c/en/broody"],"weight":0.20403999999999983,"degrees":[24,8,529,1565,47]},"num_concepts_raised":10587},{"base_id":8,"kind":"bot_words","i1":1,"i2":2,"sol":{"path":["/c/en/acetal","/c/en/alcohol","/c/en/spirit","/c/en/spiritual","/c/en/bildungsroman"],"weight":0.20874999999999985,"degrees":[80,1287,1615,524,45]},"num_concepts_raised":18334},{"base_id":8,"kind":"bot_words","i1":1,"i2":3,"sol":{"path":["/c/en/acetal","/c/en/alcohol","/c/en/person","/c/en/quiet","/c/en/whisper"],"weight":0.21610999999999916,"degrees":[80,1287,12935,1147,473]},"num_concepts_raised":38970},{"base_id":8,"kind":"bot_words","i1":1,"i2":4,"sol":{"path":["/c/en/acetal","/c/en/ketal","/c/en/chemistry","/c/en/prime","/c/en/primeval"],"weight":0.2167799999999998,"degrees":[80,24,11754,485,111]},"num_concepts_raised":19554},{"base_id":8,"kind":"bot_words","i1":1,"i2":5,"sol":{"path":["/c/en/acetal","/c/en/organic_chemistry","/c/en/iso","/c/en/play","/c/en/cavort"],"weight":0.20907999999999988,"degrees":[80,6499,107,3092,37]},"num_concepts_raised":21692},{"base_id":8,"kind":"bot_words","i1":1,"i2":6,"sol":{"path":["/c/en/acetal","/c/en/organic_chemistry","/c/en/cyclophane","/c/en/cage","/c/en/cagey"],"weight":0.20887999999999987,"degrees":[80,6499,39,469,34]},"num_concepts_raised":17083},{"base_id":8,"kind":"bot_words","i1":1,"i2":7,"sol":{"path":["/c/en/acetal","/c/en/organic_chemistry","/c/en/para","/c/en/australia","/c/en/superannuation"],"weight":0.20889999999999986,"degrees":[80,6499,154,2690,33]},"num_concepts_raised":24315},{"base_id":8,"kind":"bot_words","i1":1,"i2":8,"sol":{"path":["/c/en/acetal","/c/en/spiroacetal","/c/en/ether","/c/en/prophet","/c/en/fatima"],"weight":0.21584999999999982,"degrees":[80,7,437,526,42]},"num_concepts_raised":19370},{"base_id":8,"kind":"bot_words","i1":1,"i2":9,"sol":{"path":["/c/en/acetal","/c/en/organic_chemistry","/c/en/living","/c/en/bird","/c/en/broody"],"weight":0.20913999999999983,"degrees":[80,6499,839,4970,47]},"num_concepts_raised":23355},{"base_id":8,"kind":"bot_words","i1":2,"i2":3,"sol":{"path":["/c/en/bildungsroman","/c/en/moral","/c/en/person","/c/en/quiet","/c/en/whisper"],"weight":0.21043999999999913,"degrees":[45,587,12935,1147,473]},"num_concepts_raised":27652},{"base_id":8,"kind":"bot_words","i1":2,"i2":4,"sol":{"path":["/c/en/bildungsroman","/c/en/novel","/c/en/original","/c/en/primeval"],"weight":0.20909999999999979,"degrees":[45,676,630,111]},"num_concepts_raised":8229},{"base_id":8,"kind":"bot_words","i1":2,"i2":5,"sol":{"path":["/c/en/bildungsroman","/c/en/childhood","/c/en/play","/c/en/cavort"],"weight":0.20315999999999984,"degrees":[45,387,3092,37]},"num_concepts_raised":10403},{"base_id":8,"kind":"bot_words","i1":2,"i2":6,"sol":{"path":["/c/en/bildungsroman","/c/en/spiritual","/c/zh/精神","/c/en/cautious","/c/en/cagey"],"weight":0.20415999999999984,"degrees":[45,524,158,340,34]},"num_concepts_raised":5825},{"base_id":8,"kind":"bot_words","i1":2,"i2":7,"sol":{"path":["/c/en/bildungsroman","/c/en/novel","/c/en/historical","/c/en/pension","/c/en/superannuation"],"weight":0.20407999999999982,"degrees":[45,676,8415,324,33]},"num_concepts_raised":13036},{"base_id":8,"kind":"bot_words","i1":2,"i2":8,"sol":{"path":["/c/en/bildungsroman","/c/en/spiritual","/c/en/religion","/c/en/islam","/c/en/fatima"],"weight":0.2082899999999998,"degrees":[45,524,3331,1651,42]},"num_concepts_raised":8107},{"base_id":8,"kind":"bot_words","i1":2,"i2":9,"sol":{"path":["/c/en/bildungsroman","/c/en/childhood","/c/en/young","/c/en/broody"],"weight":0.2031299999999998,"degrees":[45,387,1813,47]},"num_concepts_raised":12072},{"base_id":8,"kind":"bot_words","i1":3,"i2":4,"sol":{"path":["/c/en/whisper","/c/en/soft","/c/en/resolve","/c/en/primeval"],"weight":0.2142499999999991,"degrees":[473,1227,420,111]},"num_concepts_raised":28802},{"base_id":8,"kind":"bot_words","i1":3,"i2":5,"sol":{"path":["/c/en/whisper","/c/en/loud","/c/en/boisterous","/c/en/cavort"],"weight":0.20820999999999915,"degrees":[473,686,179,37]},"num_concepts_raised":30707},{"base_id":8,"kind":"bot_words","i1":3,"i2":6,"sol":{"path":["/c/en/whisper","/c/en/caution","/c/en/cautious","/c/en/cagey"],"weight":0.20927999999999916,"degrees":[473,412,340,34]},"num_concepts_raised":26373},{"base_id":8,"kind":"bot_words","i1":3,"i2":7,"sol":{"path":["/c/en/whisper","/c/en/shout","/c/en/australia","/c/en/superannuation"],"weight":0.20929999999999913,"degrees":[473,802,2690,33]},"num_concepts_raised":33389},{"base_id":8,"kind":"bot_words","i1":3,"i2":8,"sol":{"path":["/c/en/whisper","/c/en/speak","/c/en/prophet","/c/en/fatima"],"weight":0.2134199999999991,"degrees":[473,1441,526,42]},"num_concepts_raised":28728},{"base_id":8,"kind":"bot_words","i1":3,"i2":9,"sol":{"path":["/c/en/whisper","/c/en/soft","/c/en/egg","/c/en/broody"],"weight":0.2085099999999991,"degrees":[473,1227,1565,47]},"num_concepts_raised":32558},{"base_id":8,"kind":"bot_words","i1":4,"i2":5,"sol":{"path":["/c/en/primeval","/c/fi/alku","/c/en/start","/c/en/play","/c/en/cavort"],"weight":0.21117999999999978,"degrees":[111,91,1822,3092,37]},"num_concepts_raised":11605},{"base_id":8,"kind":"bot_words","i1":4,"i2":6,"sol":{"path":["/c/en/primeval","/c/no/ur","/c/en/watch","/c/en/cautious","/c/en/cagey"],"weight":0.21007999999999977,"degrees":[111,32,1703,340,34]},"num_concepts_raised":7048},{"base_id":8,"kind":"bot_words","i1":4,"i2":7,"sol":{"path":["/c/en/primeval","/c/en/aboriginal","/c/en/australia","/c/en/superannuation"],"weight":0.20894999999999975,"degrees":[111,295,2690,33]},"num_concepts_raised":14175},{"base_id":8,"kind":"bot_words","i1":4,"i2":8,"sol":{"path":["/c/en/primeval","/c/en/primitive","/c/en/person","/c/en/fatimah","/c/en/fatima"],"weight":0.21430999999999978,"degrees":[111,337,12935,76,42]},"num_concepts_raised":9330},{"base_id":8,"kind":"bot_words","i1":4,"i2":9,"sol":{"path":["/c/en/primeval","/c/en/age","/c/en/young","/c/en/broody"],"weight":0.20906999999999976,"degrees":[111,1544,1813,47]},"num_concepts_raised":13252},{"base_id":8,"kind":"bot_words","i1":5,"i2":6,"sol":{"path":["/c/en/cavort","/c/en/careless","/c/en/cautious","/c/en/cagey"],"weight":0.20399999999999985,"degrees":[37,411,340,34]},"num_concepts_raised":9169},{"base_id":8,"kind":"bot_words","i1":5,"i2":7,"sol":{"path":["/c/en/cavort","/c/en/play","/c/en/rent","/c/en/pension","/c/en/superannuation"],"weight":0.20410999999999982,"degrees":[37,3092,851,324,33]},"num_concepts_raised":16262},{"base_id":8,"kind":"bot_words","i1":5,"i2":8,"sol":{"path":["/c/en/cavort","/c/en/play","/c/en/bid","/c/en/islam","/c/en/fatima"],"weight":0.20832999999999982,"degrees":[37,3092,587,1651,42]},"num_concepts_raised":11470},{"base_id":8,"kind":"bot_words","i1":5,"i2":9,"sol":{"path":["/c/en/cavort","/c/en/frolic","/c/en/lark","/c/en/bird","/c/en/broody"],"weight":0.2042299999999998,"degrees":[37,237,317,4970,47]},"num_concepts_raised":15372},{"base_id":8,"kind":"bot_words","i1":6,"i2":7,"sol":{"path":["/c/en/cagey","/c/en/clever","/c/en/uk","/c/en/superannuation"],"weight":0.20278999999999983,"degrees":[34,566,5562,33]},"num_concepts_raised":11806},{"base_id":8,"kind":"bot_words","i1":6,"i2":8,"sol":{"path":["/c/en/cagey","/c/en/clever","/c/en/person","/c/en/fatimah","/c/en/fatima"],"weight":0.20808999999999983,"degrees":[34,566,12935,76,42]},"num_concepts_raised":6872},{"base_id":8,"kind":"bot_words","i1":6,"i2":9,"sol":{"path":["/c/en/cagey","/c/en/cage","/c/en/bird","/c/en/broody"],"weight":0.2030699999999998,"degrees":[34,469,4970,47]},"num_concepts_raised":10826},{"base_id":8,"kind":"bot_words","i1":7,"i2":8,"sol":{"path":["/c/en/superannuation","/c/en/australia","/c/en/given_name","/c/en/fatima"],"weight":0.2079599999999998,"degrees":[33,2690,1247,42]},"num_concepts_raised":14068},{"base_id":8,"kind":"bot_words","i1":7,"i2":9,"sol":{"path":["/c/en/superannuation","/c/en/uk","/c/en/hen","/c/en/broody"],"weight":0.20303999999999978,"degrees":[33,5562,564,47]},"num_concepts_raised":17942},{"base_id":8,"kind":"bot_words","i1":8,"i2":9,"sol":{"path":["/c/en/fatima","/c/en/daughter","/c/en/young","/c/en/broody"],"weight":0.20812999999999976,"degrees":[42,1066,1813,47]},"num_concepts_raised":13104}],[{"base_id":8,"kind":"top_words","i1":0,"i2":1,"sol":{"path":["/c/en/bergamot","/c/en/mint","/c/en/department","/c/en/station"],"weight":0.21349999999999814,"degrees":[62,641,750,888]},"num_concepts_raised":96217},{"base_id":8,"kind":"top_words","i1":0,"i2":2,"sol":{"path":["/c/en/bergamot","/c/en/orange","/c/en/salmon","/c/en/fish","/c/en/alewife"],"weight":0.21493999999999971,"degrees":[62,1037,482,4424,74]},"num_concepts_raised":7639},{"base_id":8,"kind":"top_words","i1":0,"i2":3,"sol":{"path":["/c/en/bergamot","/c/en/mint","/c/en/uk","/c/en/nait"],"weight":0.20457999999999968,"degrees":[62,641,5562,71]},"num_concepts_raised":39583},{"base_id":8,"kind":"top_words","i1":0,"i2":4,"sol":{"path":["/c/en/bergamot","/c/en/mint","/c/en/eagle","/c/en/eaglehawk"],"weight":0.2052699999999999,"degrees":[62,641,752,24]},"num_concepts_raised":3049},{"base_id":8,"kind":"top_words","i1":0,"i2":5,"sol":{"path":["/c/en/bergamot","/c/en/orange","/c/en/indiana","/c/en/athens","/c/en/kifissia"],"weight":0.20816999999999974,"degrees":[62,1037,626,349,28]},"num_concepts_raised":3282},{"base_id":8,"kind":"top_words","i1":0,"i2":6,"sol":{"path":["/c/en/bergamot","/c/en/orange","/c/en/town","/c/en/stranger","/c/en/estrange"],"weight":0.20692999999999967,"degrees":[62,1037,2220,532,156]},"num_concepts_raised":12464},{"base_id":8,"kind":"top_words","i1":0,"i2":7,"sol":{"path":["/c/en/bergamot","/c/fr/bergamote","/c/fr/variété","/c/fr/jadéite","/c/en/jadeite"],"weight":0.2162199999999998,"degrees":[62,52,557,15,89]},"num_concepts_raised":14166},{"base_id":8,"kind":"top_words","i1":0,"i2":8,"sol":{"path":["/c/en/bergamot","/c/en/orange","/c/en/ball","/c/en/dance","/c/en/macumba"],"weight":0.20301999999999978,"degrees":[62,1037,2118,2473,24]},"num_concepts_raised":7274},{"base_id":8,"kind":"top_words","i1":0,"i2":9,"sol":{"path":["/c/en/bergamot","/c/it/bergamo","/c/fr/localités","/c/fr/chalcis","/c/en/chalcis"],"weight":0.20396999999999982,"degrees":[62,11,110113,11,24]},"num_concepts_raised":5960},{"base_id":8,"kind":"top_words","i1":1,"i2":2,"sol":{"path":["/c/en/station","/c/en/place","/c/en/fish","/c/en/alewife"],"weight":0.22875999999999808,"degrees":[888,3314,4424,74]},"num_concepts_raised":99395},{"base_id":8,"kind":"top_words","i1":1,"i2":3,"sol":{"path":["/c/en/station","/c/en/place","/c/en/order","/c/en/nait"],"weight":0.21757999999999805,"degrees":[888,3314,2833,71]},"num_concepts_raised":126742},{"base_id":8,"kind":"top_words","i1":1,"i2":4,"sol":{"path":["/c/en/station","/c/en/us","/c/en/eagle","/c/en/eaglehawk"],"weight":0.2154999999999983,"degrees":[888,8154,752,24]},"num_concepts_raised":95222},{"base_id":8,"kind":"top_words","i1":1,"i2":5,"sol":{"path":["/c/en/station","/c/en/athens","/c/en/kifissia"],"weight":0.20400000000000001,"degrees":[888,349,28]},"num_concepts_raised":779},{"base_id":8,"kind":"top_words","i1":1,"i2":6,"sol":{"path":["/c/en/station","/c/en/train_station","/c/en/stranger","/c/en/estrange"],"weight":0.21820999999999807,"degrees":[888,236,532,156]},"num_concepts_raised":103462},{"base_id":8,"kind":"top_words","i1":1,"i2":7,"sol":{"path":["/c/en/station","/c/en/place","/c/en/rock","/c/en/jadeite"],"weight":0.22283999999999815,"degrees":[888,3314,2349,89]},"num_concepts_raised":105785},{"base_id":8,"kind":"top_words","i1":1,"i2":8,"sol":{"path":["/c/en/station","/c/en/stop","/c/en/dance","/c/en/macumba"],"weight":0.21465999999999819,"degrees":[888,2126,2473,24]},"num_concepts_raised":99024},{"base_id":8,"kind":"top_words","i1":1,"i2":9,"sol":{"path":["/c/en/station","/c/en/place","/c/en/city","/c/en/chalcis"],"weight":0.21731999999999818,"degrees":[888,3314,3758,24]},"num_concepts_raised":97565},{"base_id":8,"kind":"top_words","i1":2,"i2":3,"sol":{"path":["/c/en/alewife","/c/en/wife","/c/en/mother","/c/en/nait"],"weight":0.21280999999999967,"degrees":[74,1666,1743,71]},"num_concepts_raised":42929},{"base_id":8,"kind":"top_words","i1":2,"i2":4,"sol":{"path":["/c/en/alewife","/c/en/fish","/c/en/bird","/c/en/eagle","/c/en/eaglehawk"],"weight":0.2168199999999999,"degrees":[74,4424,4970,752,24]},"num_concepts_raised":6598},{"base_id":8,"kind":"top_words","i1":2,"i2":5,"sol":{"path":["/c/en/alewife","/c/en/fish","/c/en/hamlet","/c/en/athens","/c/en/kifissia"],"weight":0.21957999999999975,"degrees":[74,4424,519,349,28]},"num_concepts_raised":6845},{"base_id":8,"kind":"top_words","i1":2,"i2":6,"sol":{"path":["/c/en/alewife","/c/en/alehouse","/c/en/change","/c/en/estrange"],"weight":0.21390999999999966,"degrees":[74,34,3383,156]},"num_concepts_raised":15972},{"base_id":8,"kind":"top_words","i1":2,"i2":7,"sol":{"path":["/c/en/alewife","/c/en/fish","/c/en/rock","/c/en/jadeite"],"weight":0.22039999999999982,"degrees":[74,4424,2349,89]},"num_concepts_raised":17681},{"base_id":8,"kind":"top_words","i1":2,"i2":8,"sol":{"path":["/c/en/alewife","/c/en/fish","/c/en/jig","/c/en/dance","/c/en/macumba"],"weight":0.21444999999999975,"degrees":[74,4424,146,2473,24]},"num_concepts_raised":10811},{"base_id":8,"kind":"top_words","i1":2,"i2":9,"sol":{"path":["/c/en/alewife","/c/en/fish","/c/en/island","/c/en/euboea","/c/en/chalcis"],"weight":0.2155099999999998,"degrees":[74,4424,1660,97,24]},"num_concepts_raised":9500},{"base_id":8,"kind":"top_words","i1":3,"i2":4,"sol":{"path":["/c/en/nait","/c/en/uk","/c/en/bird","/c/en/eagle","/c/en/eaglehawk"],"weight":0.20644999999999986,"degrees":[71,5562,4970,752,24]},"num_concepts_raised":38582},{"base_id":8,"kind":"top_words","i1":3,"i2":5,"sol":{"path":["/c/en/nait","/c/en/uk","/c/en/country","/c/en/greece","/c/en/kifissia"],"weight":0.2092299999999997,"degrees":[71,5562,2796,731,28]},"num_concepts_raised":38858},{"base_id":8,"kind":"top_words","i1":3,"i2":6,"sol":{"path":["/c/en/nait","/c/en/mother","/c/en/wean","/c/en/estrange"],"weight":0.2057599999999996,"degrees":[71,1743,149,156]},"num_concepts_raised":47309},{"base_id":8,"kind":"top_words","i1":3,"i2":7,"sol":{"path":["/c/en/nait","/c/en/use","/c/en/iron","/c/en/jadeite"],"weight":0.21014999999999975,"degrees":[71,2100,2867,89]},"num_concepts_raised":49434},{"base_id":8,"kind":"top_words","i1":3,"i2":8,"sol":{"path":["/c/en/nait","/c/en/order","/c/en/religious","/c/en/macumba"],"weight":0.2030299999999997,"degrees":[71,2833,1068,24]},"num_concepts_raised":42590},{"base_id":8,"kind":"top_words","i1":3,"i2":9,"sol":{"path":["/c/en/nait","/c/en/uk","/c/en/city","/c/en/chalcis"],"weight":0.20411999999999977,"degrees":[71,5562,3758,24]},"num_concepts_raised":41404},{"base_id":8,"kind":"top_words","i1":4,"i2":5,"sol":{"path":["/c/en/eaglehawk","/c/en/eagle","/c/en/michigan","/c/en/athens","/c/en/kifissia"],"weight":0.20995999999999992,"degrees":[24,752,555,349,28]},"num_concepts_raised":2241},{"base_id":8,"kind":"top_words","i1":4,"i2":6,"sol":{"path":["/c/en/eaglehawk","/c/en/eagle","/c/en/city","/c/en/stranger","/c/en/estrange"],"weight":0.20872999999999986,"degrees":[24,752,3758,532,156]},"num_concepts_raised":11422},{"base_id":8,"kind":"top_words","i1":4,"i2":7,"sol":{"path":["/c/en/eaglehawk","/c/en/eagle","/c/en/animal","/c/en/mineral","/c/en/jadeite"],"weight":0.21298999999999996,"degrees":[24,752,3735,8530,89]},"num_concepts_raised":13124},{"base_id":8,"kind":"top_words","i1":4,"i2":8,"sol":{"path":["/c/en/eaglehawk","/c/en/eagle","/c/en/coat_of_arms","/c/en/dance","/c/en/macumba"],"weight":0.20479999999999995,"degrees":[24,752,440,2473,24]},"num_concepts_raised":6231},{"base_id":8,"kind":"top_words","i1":4,"i2":9,"sol":{"path":["/c/en/eaglehawk","/c/en/eagle","/c/en/city","/c/en/chalcis"],"weight":0.20484,"degrees":[24,752,3758,24]},"num_concepts_raised":4917},{"base_id":8,"kind":"top_words","i1":5,"i2":6,"sol":{"path":["/c/en/kifissia","/c/en/athens","/c/en/polemarch","/c/en/stranger","/c/en/estrange"],"weight":0.2116199999999997,"degrees":[28,349,21,532,156]},"num_concepts_raised":11673},{"base_id":8,"kind":"top_words","i1":5,"i2":7,"sol":{"path":["/c/en/kifissia","/c/en/athens","/c/en/michigan","/c/en/mineral","/c/en/jadeite"],"weight":0.21580999999999984,"degrees":[28,349,555,8530,89]},"num_concepts_raised":13370},{"base_id":8,"kind":"top_words","i1":5,"i2":8,"sol":{"path":["/c/en/kifissia","/c/en/administrative_region","/c/en/brazil","/c/en/macumba"],"weight":0.20758999999999983,"degrees":[28,476,1377,24]},"num_concepts_raised":6463},{"base_id":8,"kind":"top_words","i1":5,"i2":9,"sol":{"path":["/c/en/kifissia","/c/en/greece","/c/en/chalcis"],"weight":0.20400000000000001,"degrees":[28,731,24]},"num_concepts_raised":48},{"base_id":8,"kind":"top_words","i1":6,"i2":7,"sol":{"path":["/c/en/estrange","/c/en/change","/c/en/metamorphic","/c/en/jadeite"],"weight":0.21007999999999977,"degrees":[156,3383,102,89]},"num_concepts_raised":22460},{"base_id":8,"kind":"top_words","i1":6,"i2":8,"sol":{"path":["/c/en/estrange","/c/en/stranger","/c/en/person","/c/en/dance","/c/en/macumba"],"weight":0.20653999999999972,"degrees":[156,532,12935,2473,24]},"num_concepts_raised":15588},{"base_id":8,"kind":"top_words","i1":6,"i2":9,"sol":{"path":["/c/en/estrange","/c/en/stranger","/c/en/city","/c/en/chalcis"],"weight":0.20650999999999978,"degrees":[156,532,3758,24]},"num_concepts_raised":14310},{"base_id":8,"kind":"top_words","i1":7,"i2":8,"sol":{"path":["/c/en/jadeite","/c/en/rock","/c/en/popular_music","/c/en/macumba"],"weight":0.20847999999999986,"degrees":[89,2349,141,24]},"num_concepts_raised":17319},{"base_id":8,"kind":"top_words","i1":7,"i2":9,"sol":{"path":["/c/en/jadeite","/c/en/mineral","/c/en/water","/c/en/city","/c/en/chalcis"],"weight":0.2107299999999999,"degrees":[89,8530,4606,3758,24]},"num_concepts_raised":16014},{"base_id":8,"kind":"top_words","i1":8,"i2":9,"sol":{"path":["/c/en/macumba","/c/en/dance","/c/en/people","/c/en/city","/c/en/chalcis"],"weight":0.20260999999999987,"degrees":[24,2473,4475,3758,24]},"num_concepts_raised":9121}]]