[[{"base_id":717,"kind":"bot_words","i1":0,"i2":1,"sol":{"path":["/c/en/condor","/c/en/california","/c/en/new_zealand","/c/en/rumpus"],"weight":0.20415999999999979,"degrees":[109,921,1182,57]},"num_concepts_raised":16734},{"base_id":717,"kind":"bot_words","i1":0,"i2":2,"sol":{"path":["/c/en/condor","/c/en/range","/c/en/computing","/c/en/localhost"],"weight":0.20909999999999979,"degrees":[109,1025,9084,43]},"num_concepts_raised":23868},{"base_id":717,"kind":"bot_words","i1":0,"i2":3,"sol":{"path":["/c/en/condor","/c/en/short","/c/en/sleep","/c/en/somnambulist","/c/en/sleepwalker"],"weight":0.20681999999999978,"degrees":[109,1446,2114,66,66]},"num_concepts_raised":12574},{"base_id":717,"kind":"bot_words","i1":0,"i2":4,"sol":{"path":["/c/en/condor","/c/en/mountain","/c/en/part","/c/en/togo","/c/en/lomé"],"weight":0.21194999999999975,"degrees":[109,1965,2528,239,103]},"num_concepts_raised":15124},{"base_id":717,"kind":"bot_words","i1":0,"i2":5,"sol":{"path":["/c/en/condor","/c/en/mountain","/c/en/rock","/c/en/intrusive","/c/en/intrusiveness"],"weight":0.20491999999999985,"degrees":[109,1965,2349,122,33]},"num_concepts_raised":12149},{"base_id":717,"kind":"bot_words","i1":0,"i2":6,"sol":{"path":["/c/en/condor","/c/en/bird","/c/en/hen","/c/en/kept"],"weight":0.20938999999999963,"degrees":[109,4970,564,73]},"num_concepts_raised":20318},{"base_id":717,"kind":"bot_words","i1":0,"i2":7,"sol":{"path":["/c/en/condor","/c/en/golf","/c/en/cut","/c/en/bruise"],"weight":0.21409999999999893,"degrees":[109,830,2951,461]},"num_concepts_raised":71986},{"base_id":717,"kind":"bot_words","i1":0,"i2":8,"sol":{"path":["/c/en/condor","/c/en/bird","/c/en/group","/c/en/slogan"],"weight":0.20654999999999987,"degrees":[109,4970,2339,219]},"num_concepts_raised":38693},{"base_id":717,"kind":"bot_words","i1":0,"i2":9,"sol":{"path":["/c/en/condor","/c/en/bird","/c/en/slang","/c/en/gunner"],"weight":0.20470999999999973,"degrees":[109,4970,16318,92]},"num_concepts_raised":46697},{"base_id":717,"kind":"bot_words","i1":1,"i2":2,"sol":{"path":["/c/en/rumpus","/c/en/romp","/c/en/run","/c/en/host","/c/en/localhost"],"weight":0.21125999999999973,"degrees":[57,102,2730,917,43]},"num_concepts_raised":17188},{"base_id":717,"kind":"bot_words","i1":1,"i2":3,"sol":{"path":["/c/en/rumpus","/c/en/romp","/c/en/slang","/c/en/sleeper","/c/en/sleepwalker"],"weight":0.20445999999999975,"degrees":[57,102,16318,216,66]},"num_concepts_raised":5758},{"base_id":717,"kind":"bot_words","i1":1,"i2":4,"sol":{"path":["/c/en/rumpus","/c/en/new_zealand","/c/en/country","/c/en/togo","/c/en/lomé"],"weight":0.21113999999999972,"degrees":[57,1182,2796,239,103]},"num_concepts_raised":8391},{"base_id":717,"kind":"bot_words","i1":1,"i2":5,"sol":{"path":["/c/en/rumpus","/c/en/disturbance","/c/en/disturbing","/c/en/intrusive","/c/en/intrusiveness"],"weight":0.2041299999999998,"degrees":[57,493,84,122,33]},"num_concepts_raised":5331},{"base_id":717,"kind":"bot_words","i1":1,"i2":6,"sol":{"path":["/c/en/rumpus","/c/en/commotion","/c/zh/躁動","/c/en/keep","/c/en/kept"],"weight":0.21283999999999959,"degrees":[57,282,17,1382,73]},"num_concepts_raised":13687},{"base_id":717,"kind":"bot_words","i1":1,"i2":7,"sol":{"path":["/c/en/rumpus","/c/en/ruckus","/c/en/fight","/c/en/bruise"],"weight":0.2141999999999989,"degrees":[57,78,1902,461]},"num_concepts_raised":65445},{"base_id":717,"kind":"bot_words","i1":1,"i2":8,"sol":{"path":["/c/en/rumpus","/c/en/confusion","/c/en/peace","/c/en/slogan"],"weight":0.20565999999999984,"degrees":[57,692,1125,219]},"num_concepts_raised":32138},{"base_id":717,"kind":"bot_words","i1":1,"i2":9,"sol":{"path":["/c/en/rumpus","/c/en/romp","/c/en/slang","/c/en/gunner"],"weight":0.2047899999999997,"degrees":[57,102,16318,92]},"num_concepts_raised":40108},{"base_id":717,"kind":"bot_words","i1":2,"i2":3,"sol":{"path":["/c/en/localhost","/c/en/host","/c/fr/agir","/c/fr/somnambule","/c/en/sleepwalker"],"weight":0.21155999999999978,"degrees":[43,917,688,55,66]},"num_concepts_raised":12969},{"base_id":717,"kind":"bot_words","i1":2,"i2":4,"sol":{"path":["/c/en/localhost","/c/en/local","/c/en/city","/c/en/lomé"],"weight":0.21391999999999972,"degrees":[43,710,3758,103]},"num_concepts_raised":15579},{"base_id":717,"kind":"bot_words","i1":2,"i2":5,"sol":{"path":["/c/en/localhost","/c/en/host","/c/en/medicine","/c/en/interventionism","/c/en/intrusiveness"],"weight":0.21001999999999982,"degrees":[43,917,11938,25,33]},"num_concepts_raised":12547},{"base_id":717,"kind":"bot_words","i1":2,"i2":6,"sol":{"path":["/c/en/localhost","/c/en/computing","/c/en/store","/c/en/kept"],"weight":0.2135799999999996,"degrees":[43,9084,1279,73]},"num_concepts_raised":20715},{"base_id":717,"kind":"bot_words","i1":2,"i2":7,"sol":{"path":["/c/en/localhost","/c/en/computing","/c/en/skin","/c/en/bruise"],"weight":0.22011999999999887,"degrees":[43,9084,2372,461]},"num_concepts_raised":72430},{"base_id":717,"kind":"bot_words","i1":2,"i2":8,"sol":{"path":["/c/en/localhost","/c/en/computing","/c/en/tagline","/c/en/slogan"],"weight":0.21158999999999983,"degrees":[43,9084,27,219]},"num_concepts_raised":39085},{"base_id":717,"kind":"bot_words","i1":2,"i2":9,"sol":{"path":["/c/en/localhost","/c/en/computing","/c/en/dialect","/c/en/gunner"],"weight":0.2086999999999997,"degrees":[43,9084,2378,92]},"num_concepts_raised":46967},{"base_id":717,"kind":"bot_words","i1":3,"i2":4,"sol":{"path":["/c/en/sleepwalker","/c/en/sleeper","/c/en/community","/c/en/city","/c/en/lomé"],"weight":0.20916999999999977,"degrees":[66,216,873,3758,103]},"num_concepts_raised":4159},{"base_id":717,"kind":"bot_words","i1":3,"i2":5,"sol":{"path":["/c/en/sleepwalker","/c/en/sleepwalk","/c/en/walk","/c/en/get_off","/c/en/intrusive","/c/en/intrusiveness"],"weight":0.21213789999999988,"degrees":[66,50,2020,228,122,33]},"num_concepts_raised":119478},{"base_id":717,"kind":"bot_words","i1":3,"i2":6,"sol":{"path":["/c/en/sleepwalker","/c/en/sleepwalk","/c/en/walk","/c/en/bank","/c/en/kept"],"weight":0.21079999999999963,"degrees":[66,50,2020,1660,73]},"num_concepts_raised":9480},{"base_id":717,"kind":"bot_words","i1":3,"i2":7,"sol":{"path":["/c/en/sleepwalker","/c/en/sleeper","/c/en/cut","/c/en/bruise"],"weight":0.2133599999999989,"degrees":[66,216,2951,461]},"num_concepts_raised":61618},{"base_id":717,"kind":"bot_words","i1":3,"i2":8,"sol":{"path":["/c/en/sleepwalker","/c/en/sleepwalk","/c/en/walk","/c/en/person","/c/en/slogan"],"weight":0.20789999999999986,"degrees":[66,50,2020,12935,219]},"num_concepts_raised":28071},{"base_id":717,"kind":"bot_words","i1":3,"i2":9,"sol":{"path":["/c/en/sleepwalker","/c/en/sleeper","/c/en/slang","/c/en/gunner"],"weight":0.2039099999999997,"degrees":[66,216,16318,92]},"num_concepts_raised":36250},{"base_id":717,"kind":"bot_words","i1":4,"i2":5,"sol":{"path":["/c/en/lomé","/c/en/city","/c/en/dyke","/c/en/intrusive","/c/en/intrusiveness"],"weight":0.20976999999999982,"degrees":[103,3758,211,122,33]},"num_concepts_raised":3729},{"base_id":717,"kind":"bot_words","i1":4,"i2":6,"sol":{"path":["/c/en/lomé","/c/en/city","/c/en/bank","/c/en/kept"],"weight":0.21431999999999962,"degrees":[103,3758,1660,73]},"num_concepts_raised":12052},{"base_id":717,"kind":"bot_words","i1":4,"i2":7,"sol":{"path":["/c/en/lomé","/c/en/city","/c/en/mall","/c/en/bruise"],"weight":0.21861999999999887,"degrees":[103,3758,288,461]},"num_concepts_raised":64147},{"base_id":717,"kind":"bot_words","i1":4,"i2":8,"sol":{"path":["/c/en/lomé","/c/en/city","/c/en/people","/c/en/slogan"],"weight":0.21144999999999983,"degrees":[103,3758,4475,219]},"num_concepts_raised":30613},{"base_id":717,"kind":"bot_words","i1":4,"i2":9,"sol":{"path":["/c/en/lomé","/c/en/city","/c/en/soccer","/c/en/gunner"],"weight":0.20943999999999968,"degrees":[103,3758,1103,92]},"num_concepts_raised":38801},{"base_id":717,"kind":"bot_words","i1":5,"i2":6,"sol":{"path":["/c/en/intrusiveness","/c/en/intrusive","/c/en/dyke","/c/en/bank","/c/en/kept"],"weight":0.20932999999999968,"degrees":[33,122,211,1660,73]},"num_concepts_raised":9057},{"base_id":717,"kind":"bot_words","i1":5,"i2":7,"sol":{"path":["/c/en/intrusiveness","/c/en/interventionism","/c/en/medicine","/c/en/bruise"],"weight":0.21284999999999898,"degrees":[33,25,11938,461]},"num_concepts_raised":61217},{"base_id":717,"kind":"bot_words","i1":5,"i2":8,"sol":{"path":["/c/en/intrusiveness","/c/en/war_hawk","/c/en/military","/c/de/losung","/c/en/slogan"],"weight":0.20651999999999993,"degrees":[33,8,5690,54,219]},"num_concepts_raised":27663},{"base_id":717,"kind":"bot_words","i1":5,"i2":9,"sol":{"path":["/c/en/intrusiveness","/c/en/war_hawk","/c/en/military","/c/en/gunner"],"weight":0.20350999999999975,"degrees":[33,8,5690,92]},"num_concepts_raised":35842},{"base_id":717,"kind":"bot_words","i1":6,"i2":7,"sol":{"path":["/c/en/kept","/c/en/preserve","/c/en/injure","/c/en/bruise"],"weight":0.21845999999999877,"degrees":[73,668,453,461]},"num_concepts_raised":68819},{"base_id":717,"kind":"bot_words","i1":6,"i2":8,"sol":{"path":["/c/en/kept","/c/en/hold","/c/en/person","/c/en/slogan"],"weight":0.21104999999999968,"degrees":[73,2017,12935,219]},"num_concepts_raised":35504},{"base_id":717,"kind":"bot_words","i1":6,"i2":9,"sol":{"path":["/c/en/kept","/c/th/เก็บ","/c/en/slang","/c/en/gunner"],"weight":0.20907999999999957,"degrees":[73,30,16318,92]},"num_concepts_raised":43641},{"base_id":717,"kind":"bot_words","i1":7,"i2":8,"sol":{"path":["/c/en/bruise","/c/en/person","/c/en/slogan"],"weight":0.20400000000000001,"degrees":[461,12935,219]},"num_concepts_raised":539},{"base_id":717,"kind":"bot_words","i1":7,"i2":9,"sol":{"path":["/c/en/bruise","/c/en/bruising","/c/en/slang","/c/en/gunner"],"weight":0.21776999999999885,"degrees":[461,36,16318,92]},"num_concepts_raised":94071},{"base_id":717,"kind":"bot_words","i1":8,"i2":9,"sol":{"path":["/c/en/slogan","/c/de/losung","/c/en/military","/c/en/gunner"],"weight":0.2072699999999998,"degrees":[219,54,5690,92]},"num_concepts_raised":61418}],[{"base_id":717,"kind":"top_words","i1":0,"i2":1,"sol":{"path":["/c/en/adherence","/c/en/object","/c/en/grammar","/c/en/inalienable"],"weight":0.20465999999999968,"degrees":[110,1642,6397,89]},"num_concepts_raised":35107},{"base_id":717,"kind":"top_words","i1":0,"i2":2,"sol":{"path":["/c/en/adherence","/c/en/support","/c/en/reaffirm"],"weight":0.202,"degrees":[110,2237,33]},"num_concepts_raised":125},{"base_id":717,"kind":"top_words","i1":0,"i2":3,"sol":{"path":["/c/en/adherence","/c/en/adhere","/c/en/stick_by","/c/en/unswerving"],"weight":0.2059199999999996,"degrees":[110,440,10,45]},"num_concepts_raised":27064},{"base_id":717,"kind":"top_words","i1":0,"i2":4,"sol":{"path":["/c/en/adherence","/c/en/support","/c/en/uphold"],"weight":0.203,"degrees":[110,2237,144]},"num_concepts_raised":223},{"base_id":717,"kind":"top_words","i1":0,"i2":5,"sol":{"path":["/c/en/adherence","/c/en/cause","/c/en/principle"],"weight":0.20400000000000001,"degrees":[110,1753,753]},"num_concepts_raised":733},{"base_id":717,"kind":"top_words","i1":0,"i2":6,"sol":{"path":["/c/en/adherence","/c/en/medicine","/c/lv/akmens","/c/en/unshakable"],"weight":0.20405999999999958,"degrees":[110,11938,55,58]},"num_concepts_raised":28899},{"base_id":717,"kind":"top_words","i1":0,"i2":7,"sol":{"path":["/c/en/adherence","/c/ru/принципиальность","/c/en/principles"],"weight":0.202,"degrees":[110,10,48]},"num_concepts_raised":145},{"base_id":717,"kind":"top_words","i1":0,"i2":8,"sol":{"path":["/c/en/adherence","/c/en/close","/c/zh/鐵","/c/en/unshakeable"],"weight":0.20356999999999964,"degrees":[110,2153,272,24]},"num_concepts_raised":26214},{"base_id":717,"kind":"top_words","i1":0,"i2":9,"sol":{"path":["/c/en/adherence","/c/en/continue","/c/en/repeat","/c/en/reiterate"],"weight":0.20602999999999966,"degrees":[110,752,739,87]},"num_concepts_raised":35041},{"base_id":717,"kind":"top_words","i1":1,"i2":2,"sol":{"path":["/c/en/inalienable","/c/en/grammar","/c/en/affirmative","/c/en/affirm","/c/en/reaffirm"],"weight":0.20472999999999988,"degrees":[89,6397,177,265,33]},"num_concepts_raised":12320},{"base_id":717,"kind":"top_words","i1":1,"i2":3,"sol":{"path":["/c/en/inalienable","/c/zh/不移","/c/en/steadfast","/c/en/unswerving"],"weight":0.20380999999999982,"degrees":[89,8,211,45]},"num_concepts_raised":11317},{"base_id":717,"kind":"top_words","i1":1,"i2":4,"sol":{"path":["/c/en/inalienable","/c/en/alienable","/c/en/law","/c/en/uphold"],"weight":0.20596999999999954,"degrees":[89,40,3727,144]},"num_concepts_raised":23271},{"base_id":717,"kind":"top_words","i1":1,"i2":5,"sol":{"path":["/c/en/inalienable","/c/en/grammar","/c/en/principle"],"weight":0.20400000000000001,"degrees":[89,6397,753]},"num_concepts_raised":703},{"base_id":717,"kind":"top_words","i1":1,"i2":6,"sol":{"path":["/c/en/inalienable","/c/zh/不移","/c/en/resolute","/c/en/unshakable"],"weight":0.2039899999999998,"degrees":[89,8,288,58]},"num_concepts_raised":13237},{"base_id":717,"kind":"top_words","i1":1,"i2":7,"sol":{"path":["/c/en/inalienable","/c/en/grammar","/c/en/principle","/c/en/principles"],"weight":0.2049699999999998,"degrees":[89,6397,753,48]},"num_concepts_raised":12873},{"base_id":717,"kind":"top_words","i1":1,"i2":8,"sol":{"path":["/c/en/inalienable","/c/en/infrangible","/c/en/indestructible","/c/it/incrollabile","/c/en/unshakeable"],"weight":0.20450999999999986,"degrees":[89,35,92,10,24]},"num_concepts_raised":10413},{"base_id":717,"kind":"top_words","i1":1,"i2":9,"sol":{"path":["/c/en/inalienable","/c/en/transfer","/c/en/second","/c/en/reiterate"],"weight":0.20444999999999988,"degrees":[89,1217,1367,87]},"num_concepts_raised":19446},{"base_id":717,"kind":"top_words","i1":2,"i2":3,"sol":{"path":["/c/en/reaffirm","/c/en/affirm","/c/en/hold","/c/en/direct","/c/en/unswerving"],"weight":0.20492999999999983,"degrees":[33,265,2017,1032,45]},"num_concepts_raised":4004},{"base_id":717,"kind":"top_words","i1":2,"i2":4,"sol":{"path":["/c/en/reaffirm","/c/en/support","/c/en/uphold"],"weight":0.203,"degrees":[33,2237,144]},"num_concepts_raised":152},{"base_id":717,"kind":"top_words","i1":2,"i2":5,"sol":{"path":["/c/en/reaffirm","/c/en/support","/c/en/moral","/c/en/principle"],"weight":0.21625999999999818,"degrees":[33,2237,587,753]},"num_concepts_raised":59026},{"base_id":717,"kind":"top_words","i1":2,"i2":6,"sol":{"path":["/c/en/reaffirm","/c/en/affirm","/c/en/confirm","/c/en/firm","/c/en/unshakable"],"weight":0.2042399999999998,"degrees":[33,265,463,867,58]},"num_concepts_raised":5936},{"base_id":717,"kind":"top_words","i1":2,"i2":7,"sol":{"path":["/c/en/reaffirm","/c/en/support","/c/en/moral","/c/en/principle","/c/en/principles"],"weight":0.2040499999999998,"degrees":[33,2237,587,753,48]},"num_concepts_raised":5590},{"base_id":717,"kind":"top_words","i1":2,"i2":8,"sol":{"path":["/c/en/reaffirm","/c/en/support","/c/en/steel","/c/zh/鐵","/c/en/unshakeable"],"weight":0.20264999999999986,"degrees":[33,2237,1352,272,24]},"num_concepts_raised":3074},{"base_id":717,"kind":"top_words","i1":2,"i2":9,"sol":{"path":["/c/en/reaffirm","/c/zh/重申","/c/en/reiterate"],"weight":0.202,"degrees":[33,9,87]},"num_concepts_raised":93},{"base_id":717,"kind":"top_words","i1":3,"i2":4,"sol":{"path":["/c/en/unswerving","/c/en/direct","/c/zh/主持","/c/en/uphold"],"weight":0.20511999999999947,"degrees":[45,1032,37,144]},"num_concepts_raised":15061},{"base_id":717,"kind":"top_words","i1":3,"i2":5,"sol":{"path":["/c/en/unswerving","/c/en/direct","/c/en/regulate","/c/en/principle"],"weight":0.21720999999999813,"degrees":[45,1032,379,753]},"num_concepts_raised":58095},{"base_id":717,"kind":"top_words","i1":3,"i2":6,"sol":{"path":["/c/en/unswerving","/c/fr/inébranlable","/c/en/unshakable"],"weight":0.20400000000000001,"degrees":[45,55,58]},"num_concepts_raised":87},{"base_id":717,"kind":"top_words","i1":3,"i2":7,"sol":{"path":["/c/en/unswerving","/c/en/direct","/c/en/regulate","/c/en/principle","/c/en/principles"],"weight":0.20516999999999974,"degrees":[45,1032,379,753,48]},"num_concepts_raised":4571},{"base_id":717,"kind":"top_words","i1":3,"i2":8,"sol":{"path":["/c/en/unswerving","/c/fr/inébranlable","/c/en/unshakeable"],"weight":0.202,"degrees":[45,55,24]},"num_concepts_raised":66},{"base_id":717,"kind":"top_words","i1":3,"i2":9,"sol":{"path":["/c/en/unswerving","/c/en/direct","/c/en/say","/c/en/repeat","/c/en/reiterate"],"weight":0.20632999999999985,"degrees":[45,1032,999,739,87]},"num_concepts_raised":11158},{"base_id":717,"kind":"top_words","i1":4,"i2":5,"sol":{"path":["/c/en/uphold","/c/en/law","/c/en/principle"],"weight":0.20400000000000001,"degrees":[144,3727,753]},"num_concepts_raised":760},{"base_id":717,"kind":"top_words","i1":4,"i2":6,"sol":{"path":["/c/en/uphold","/c/en/confirm","/c/en/firm","/c/en/unshakable"],"weight":0.20454999999999945,"degrees":[144,463,867,58]},"num_concepts_raised":16952},{"base_id":717,"kind":"top_words","i1":4,"i2":7,"sol":{"path":["/c/en/uphold","/c/en/law","/c/en/principle","/c/en/principles"],"weight":0.20528999999999945,"degrees":[144,3727,753,48]},"num_concepts_raised":16577},{"base_id":717,"kind":"top_words","i1":4,"i2":8,"sol":{"path":["/c/en/uphold","/c/fr/maintenir","/c/fr/ferme","/c/fr/inébranlable","/c/en/unshakeable"],"weight":0.20627999999999952,"degrees":[144,510,524,55,24]},"num_concepts_raised":14185},{"base_id":717,"kind":"top_words","i1":4,"i2":9,"sol":{"path":["/c/en/uphold","/c/fr/maintenir","/c/en/second","/c/en/reiterate"],"weight":0.20726999999999954,"degrees":[144,510,1367,87]},"num_concepts_raised":23143},{"base_id":717,"kind":"top_words","i1":5,"i2":6,"sol":{"path":["/c/en/principle","/c/en/law","/c/en/firm","/c/en/unshakable"],"weight":0.2171699999999981,"degrees":[753,3727,867,58]},"num_concepts_raised":59861},{"base_id":717,"kind":"top_words","i1":5,"i2":7,"sol":{"path":["/c/en/principle","/c/en/principles"],"weight":0.20600000000000002,"degrees":[753,48]},"num_concepts_raised":675},{"base_id":717,"kind":"top_words","i1":5,"i2":8,"sol":{"path":["/c/en/principle","/c/en/rule","/c/fr/établir","/c/fr/inébranlable","/c/en/unshakeable"],"weight":0.2209299999999981,"degrees":[753,2063,452,55,24]},"num_concepts_raised":57336},{"base_id":717,"kind":"top_words","i1":5,"i2":9,"sol":{"path":["/c/en/principle","/c/en/standard","/c/en/botany","/c/en/reiterate"],"weight":0.21694999999999817,"degrees":[753,1054,6881,87]},"num_concepts_raised":66103},{"base_id":717,"kind":"top_words","i1":6,"i2":7,"sol":{"path":["/c/en/unshakable","/c/en/firm","/c/ang/modstaþolnes","/c/en/principles"],"weight":0.2032999999999997,"degrees":[58,867,7,48]},"num_concepts_raised":6504},{"base_id":717,"kind":"top_words","i1":6,"i2":8,"sol":{"path":["/c/en/unshakable","/c/en/unshakeable"],"weight":0.202,"degrees":[58,24]},"num_concepts_raised":68},{"base_id":717,"kind":"top_words","i1":6,"i2":9,"sol":{"path":["/c/en/unshakable","/c/fr/inébranlable","/c/fr/faire","/c/en/repeat","/c/en/reiterate"],"weight":0.2074999999999998,"degrees":[58,55,4336,739,87]},"num_concepts_raised":13096},{"base_id":717,"kind":"top_words","i1":7,"i2":8,"sol":{"path":["/c/en/principles","/c/ang/modstaþolnes","/c/en/firm","/c/en/unshakable","/c/en/unshakeable"],"weight":0.20290999999999976,"degrees":[48,7,867,58,24]},"num_concepts_raised":3645},{"base_id":717,"kind":"top_words","i1":7,"i2":9,"sol":{"path":["/c/en/principles","/c/en/seduce","/c/fr/faire","/c/en/repeat","/c/en/reiterate"],"weight":0.2052899999999998,"degrees":[48,293,4336,739,87]},"num_concepts_raised":12735},{"base_id":717,"kind":"top_words","i1":8,"i2":9,"sol":{"path":["/c/en/unshakeable","/c/fr/inébranlable","/c/fr/faire","/c/en/repeat","/c/en/reiterate"],"weight":0.20504999999999987,"degrees":[24,55,4336,739,87]},"num_concepts_raised":10236}]]