[[{"base_id":429,"kind":"bot_words","i1":0,"i2":1,"sol":{"path":["/c/en/humanized","/c/en/erlizumab","/c/en/shock","/c/en/deep","/c/en/artful","/c/en/artfully"],"weight":0.20693139999999974,"degrees":[52,8,1065,984,134,24]},"num_concepts_raised":83856},{"base_id":429,"kind":"bot_words","i1":0,"i2":2,"sol":{"path":["/c/en/humanized","/c/en/humanize","/c/en/change","/c/en/inseminate"],"weight":0.20341999999999963,"degrees":[52,52,3383,83]},"num_concepts_raised":6360},{"base_id":429,"kind":"bot_words","i1":0,"i2":3,"sol":{"path":["/c/en/humanized","/c/en/humanize","/c/en/human","/c/en/money","/c/en/lucre"],"weight":0.20299999999999976,"degrees":[52,52,2645,2899,28]},"num_concepts_raised":5218},{"base_id":429,"kind":"bot_words","i1":0,"i2":4,"sol":{"path":["/c/en/humanized","/c/en/epratuzumab","/c/en/lupus","/c/en/missouri","/c/en/gasconade"],"weight":0.20289999999999972,"degrees":[52,8,180,699,35]},"num_concepts_raised":7651},{"base_id":429,"kind":"bot_words","i1":0,"i2":5,"sol":{"path":["/c/en/humanized","/c/en/dacetuzumab","/c/en/drug","/c/en/steroid","/c/en/androgenic"],"weight":0.2033199999999998,"degrees":[52,11,4920,1276,40]},"num_concepts_raised":1715},{"base_id":429,"kind":"bot_words","i1":0,"i2":6,"sol":{"path":["/c/en/humanized","/c/en/zu","/c/en/go","/c/en/effort","/c/en/effortful","/c/en/labored"],"weight":0.20719829999999978,"degrees":[52,29,2637,788,28,24]},"num_concepts_raised":479123},{"base_id":429,"kind":"bot_words","i1":0,"i2":7,"sol":{"path":["/c/en/humanized","/c/en/epratuzumab","/c/en/disorder","/c/en/structure","/c/en/platonic_hydrocarbon","/c/en/cubane"],"weight":0.21232749999999972,"degrees":[52,8,1087,1619,20,37]},"num_concepts_raised":347706},{"base_id":429,"kind":"bot_words","i1":0,"i2":8,"sol":{"path":["/c/en/humanized","/c/en/humanize","/c/en/human","/c/en/good","/c/en/husayn"],"weight":0.2029699999999997,"degrees":[52,52,2645,2615,36]},"num_concepts_raised":5256},{"base_id":429,"kind":"bot_words","i1":0,"i2":9,"sol":{"path":["/c/en/humanized","/c/en/zu","/c/en/go","/c/en/fall","/c/en/spill"],"weight":0.21041999999999877,"degrees":[52,29,2637,2357,557]},"num_concepts_raised":52408},{"base_id":429,"kind":"bot_words","i1":1,"i2":2,"sol":{"path":["/c/en/artfully","/c/en/quaint","/c/en/prim","/c/en/change","/c/en/inseminate"],"weight":0.20315999999999976,"degrees":[24,100,96,3383,83]},"num_concepts_raised":6496},{"base_id":429,"kind":"bot_words","i1":1,"i2":3,"sol":{"path":["/c/en/artfully","/c/en/quaint","/c/fr/intéressant","/c/en/lucrative","/c/en/lucre"],"weight":0.20363999999999988,"degrees":[24,100,223,123,28]},"num_concepts_raised":5351},{"base_id":429,"kind":"bot_words","i1":1,"i2":4,"sol":{"path":["/c/en/artfully","/c/en/disingenuously","/c/en/frank","/c/en/derogatory","/c/en/gasconade"],"weight":0.20259999999999984,"degrees":[24,36,450,3326,35]},"num_concepts_raised":7786},{"base_id":429,"kind":"bot_words","i1":1,"i2":5,"sol":{"path":["/c/en/artfully","/c/en/artful","/c/en/artificial","/c/en/synthetic","/c/en/steroid","/c/en/androgenic"],"weight":0.2076314999999997,"degrees":[24,134,600,537,1276,40]},"num_concepts_raised":123121},{"base_id":429,"kind":"bot_words","i1":1,"i2":6,"sol":{"path":["/c/en/artfully","/c/en/artful","/c/en/perform","/c/en/labored"],"weight":0.2035699999999999,"degrees":[24,134,1011,24]},"num_concepts_raised":4215},{"base_id":429,"kind":"bot_words","i1":1,"i2":7,"sol":{"path":["/c/en/artfully","/c/en/quaint","/c/en/made","/c/en/atom","/c/en/cubane"],"weight":0.20783999999999986,"degrees":[24,100,415,1498,37]},"num_concepts_raised":12288},{"base_id":429,"kind":"bot_words","i1":1,"i2":8,"sol":{"path":["/c/en/artfully","/c/en/artful","/c/en/art","/c/en/good","/c/en/husayn"],"weight":0.20370999999999984,"degrees":[24,134,1987,2615,36]},"num_concepts_raised":5380},{"base_id":429,"kind":"bot_words","i1":1,"i2":9,"sol":{"path":["/c/en/artfully","/c/en/artful","/c/en/dispose","/c/en/drop","/c/en/spill"],"weight":0.21091999999999891,"degrees":[24,134,219,1915,557]},"num_concepts_raised":52529},{"base_id":429,"kind":"bot_words","i1":2,"i2":3,"sol":{"path":["/c/en/inseminate","/c/en/change","/c/en/money","/c/en/lucre"],"weight":0.20339999999999978,"degrees":[83,3383,2899,28]},"num_concepts_raised":10880},{"base_id":429,"kind":"bot_words","i1":2,"i2":4,"sol":{"path":["/c/en/inseminate","/c/en/sow","/c/en/derogatory","/c/en/gasconade"],"weight":0.20439999999999975,"degrees":[83,699,3326,35]},"num_concepts_raised":13451},{"base_id":429,"kind":"bot_words","i1":2,"i2":5,"sol":{"path":["/c/en/inseminate","/c/en/change","/c/en/development","/c/en/androgen","/c/en/androgenic"],"weight":0.20457999999999982,"degrees":[83,3383,956,149,40]},"num_concepts_raised":7556},{"base_id":429,"kind":"bot_words","i1":2,"i2":6,"sol":{"path":["/c/en/inseminate","/c/en/sow","/c/en/pig","/c/en/difficult","/c/en/labored"],"weight":0.20448999999999978,"degrees":[83,699,1398,1189,24]},"num_concepts_raised":9851},{"base_id":429,"kind":"bot_words","i1":2,"i2":7,"sol":{"path":["/c/en/inseminate","/c/en/impregnate","/c/en/gas","/c/en/carbon","/c/en/cubane"],"weight":0.20965999999999974,"degrees":[83,287,1636,1510,37]},"num_concepts_raised":17970},{"base_id":429,"kind":"bot_words","i1":2,"i2":8,"sol":{"path":["/c/en/inseminate","/c/en/fertilise","/c/en/good","/c/en/husayn"],"weight":0.20331999999999972,"degrees":[83,23,2615,36]},"num_concepts_raised":11030},{"base_id":429,"kind":"bot_words","i1":2,"i2":9,"sol":{"path":["/c/en/inseminate","/c/fi/levittää","/c/en/spill"],"weight":0.202,"degrees":[83,64,557]},"num_concepts_raised":517},{"base_id":429,"kind":"bot_words","i1":3,"i2":4,"sol":{"path":["/c/en/lucre","/c/en/money","/c/en/usa","/c/en/gasconade"],"weight":0.20282999999999987,"degrees":[28,2899,2683,35]},"num_concepts_raised":12313},{"base_id":429,"kind":"bot_words","i1":3,"i2":5,"sol":{"path":["/c/en/lucre","/c/en/money","/c/en/us","/c/en/steroid","/c/en/androgenic"],"weight":0.20312999999999995,"degrees":[28,2899,8154,1276,40]},"num_concepts_raised":6413},{"base_id":429,"kind":"bot_words","i1":3,"i2":6,"sol":{"path":["/c/en/lucre","/c/en/profit","/c/en/good","/c/en/heavy","/c/en/labored"],"weight":0.20295999999999992,"degrees":[28,1179,2615,1173,24]},"num_concepts_raised":8729},{"base_id":429,"kind":"bot_words","i1":3,"i2":7,"sol":{"path":["/c/en/lucre","/c/en/profit","/c/en/term","/c/en/atom","/c/en/cubane"],"weight":0.20818999999999988,"degrees":[28,1179,1089,1498,37]},"num_concepts_raised":16830},{"base_id":429,"kind":"bot_words","i1":3,"i2":8,"sol":{"path":["/c/en/lucre","/c/en/profit","/c/en/good","/c/en/husayn"],"weight":0.20305999999999985,"degrees":[28,1179,2615,36]},"num_concepts_raised":9823},{"base_id":429,"kind":"bot_words","i1":3,"i2":9,"sol":{"path":["/c/en/lucre","/c/en/profit","/c/en/flow","/c/en/spill"],"weight":0.20918999999999893,"degrees":[28,1179,1523,557]},"num_concepts_raised":56707},{"base_id":429,"kind":"bot_words","i1":4,"i2":5,"sol":{"path":["/c/en/gasconade","/c/en/usa","/c/en/us","/c/en/steroid","/c/en/androgenic"],"weight":0.20301999999999992,"degrees":[35,2683,8154,1276,40]},"num_concepts_raised":8846},{"base_id":429,"kind":"bot_words","i1":4,"i2":6,"sol":{"path":["/c/en/gasconade","/c/en/derogatory","/c/en/plod","/c/en/labored"],"weight":0.20261999999999986,"degrees":[35,3326,73,24]},"num_concepts_raised":11194},{"base_id":429,"kind":"bot_words","i1":4,"i2":7,"sol":{"path":["/c/en/gasconade","/c/en/missouri","/c/en/union","/c/en/atom","/c/en/cubane"],"weight":0.20796999999999982,"degrees":[35,699,1104,1498,37]},"num_concepts_raised":19278},{"base_id":429,"kind":"bot_words","i1":4,"i2":8,"sol":{"path":["/c/en/gasconade","/c/en/missouri","/c/en/white","/c/en/good","/c/en/husayn"],"weight":0.2028399999999998,"degrees":[35,699,2081,2615,36]},"num_concepts_raised":12344},{"base_id":429,"kind":"bot_words","i1":4,"i2":9,"sol":{"path":["/c/en/gasconade","/c/en/derogatory","/c/en/shed","/c/en/spill"],"weight":0.20906999999999887,"degrees":[35,3326,800,557]},"num_concepts_raised":59162},{"base_id":429,"kind":"bot_words","i1":5,"i2":6,"sol":{"path":["/c/en/androgenic","/c/en/steroid","/c/en/us","/c/en/heavy","/c/en/labored"],"weight":0.20299999999999996,"degrees":[40,1276,8154,1173,24]},"num_concepts_raised":5277},{"base_id":429,"kind":"bot_words","i1":5,"i2":7,"sol":{"path":["/c/en/androgenic","/c/en/steroid","/c/en/organic_compound","/c/en/cubane"],"weight":0.2082599999999999,"degrees":[40,1276,7764,37]},"num_concepts_raised":13273},{"base_id":429,"kind":"bot_words","i1":5,"i2":8,"sol":{"path":["/c/en/androgenic","/c/en/steroid","/c/en/sex","/c/en/good","/c/en/husayn"],"weight":0.20308999999999988,"degrees":[40,1276,1592,2615,36]},"num_concepts_raised":6450},{"base_id":429,"kind":"bot_words","i1":5,"i2":9,"sol":{"path":["/c/en/androgenic","/c/en/steroid","/c/en/us","/c/en/fall","/c/en/spill"],"weight":0.21053999999999895,"degrees":[40,1276,8154,2357,557]},"num_concepts_raised":53591},{"base_id":429,"kind":"bot_words","i1":6,"i2":7,"sol":{"path":["/c/en/labored","/c/en/difficult","/c/en/very","/c/en/atom","/c/en/cubane"],"weight":0.20796999999999988,"degrees":[24,1189,1529,1498,37]},"num_concepts_raised":15691},{"base_id":429,"kind":"bot_words","i1":6,"i2":8,"sol":{"path":["/c/en/labored","/c/en/heavy","/c/en/good","/c/en/husayn"],"weight":0.20277999999999985,"degrees":[24,1173,2615,36]},"num_concepts_raised":8783},{"base_id":429,"kind":"bot_words","i1":6,"i2":9,"sol":{"path":["/c/en/labored","/c/en/heavy","/c/en/light","/c/en/spill"],"weight":0.20865999999999893,"degrees":[24,1173,4288,557]},"num_concepts_raised":55612},{"base_id":429,"kind":"bot_words","i1":7,"i2":8,"sol":{"path":["/c/en/cubane","/c/en/atom","/c/en/ball","/c/en/good","/c/en/husayn"],"weight":0.2080299999999998,"degrees":[37,1498,2118,2615,36]},"num_concepts_raised":16877},{"base_id":429,"kind":"bot_words","i1":7,"i2":9,"sol":{"path":["/c/en/cubane","/c/en/carbon","/c/en/fire","/c/en/spill"],"weight":0.2138699999999989,"degrees":[37,1510,2829,557]},"num_concepts_raised":63720},{"base_id":429,"kind":"bot_words","i1":8,"i2":9,"sol":{"path":["/c/en/husayn","/c/en/good","/c/en/talk","/c/en/spill"],"weight":0.20878999999999887,"degrees":[36,2615,1956,557]},"num_concepts_raised":56940}],[{"base_id":429,"kind":"top_words","i1":0,"i2":1,"sol":{"path":["/c/en/cn","/c/en/anatomy","/c/en/hammer","/c/en/tup"],"weight":0.20285999999999982,"degrees":[39,12775,1113,37]},"num_concepts_raised":49157},{"base_id":429,"kind":"top_words","i1":0,"i2":2,"sol":{"path":["/c/en/cn","/c/en/anatomy","/c/en/orbit","/c/en/astronaut","/c/en/naut"],"weight":0.2030499999999998,"degrees":[39,12775,639,378,43]},"num_concepts_raised":35645},{"base_id":429,"kind":"top_words","i1":0,"i2":3,"sol":{"path":["/c/en/cn","/c/en/anatomy","/c/en/sole","/c/en/seg"],"weight":0.20287999999999978,"degrees":[39,12775,778,35]},"num_concepts_raised":56422},{"base_id":429,"kind":"top_words","i1":0,"i2":4,"sol":{"path":["/c/en/cn","/c/en/railway","/c/en/uk","/c/en/mot"],"weight":0.20326999999999973,"degrees":[39,566,5562,68]},"num_concepts_raised":76206},{"base_id":429,"kind":"top_words","i1":0,"i2":5,"sol":{"path":["/c/en/cn","/c/fr/canadien","/c/fr/huard","/c/en/ern"],"weight":0.20307999999999973,"degrees":[39,374,38,57]},"num_concepts_raised":49469},{"base_id":429,"kind":"top_words","i1":0,"i2":6,"sol":{"path":["/c/en/cn","/c/fr/météorologie","/c/fr/astronomie","/c/it/proteo","/c/en/olm"],"weight":0.21269999999999978,"degrees":[39,1017,4725,22,88]},"num_concepts_raised":33292},{"base_id":429,"kind":"top_words","i1":0,"i2":7,"sol":{"path":["/c/en/cn","/c/en/anatomy","/c/en/band","/c/en/sug"],"weight":0.20782999999999976,"degrees":[39,12775,1893,31]},"num_concepts_raised":33762},{"base_id":429,"kind":"top_words","i1":0,"i2":8,"sol":{"path":["/c/en/cn","/c/en/canada","/c/en/legal","/c/en/ret"],"weight":0.2028499999999998,"degrees":[39,2402,6627,36]},"num_concepts_raised":37696},{"base_id":429,"kind":"top_words","i1":0,"i2":9,"sol":{"path":["/c/en/cn","/c/en/copernicium"],"weight":0.20600000000000002,"degrees":[39,160]},"num_concepts_raised":140},{"base_id":429,"kind":"top_words","i1":1,"i2":2,"sol":{"path":["/c/en/tup","/c/en/mate","/c/en/nautical","/c/en/naut"],"weight":0.2028399999999998,"degrees":[37,657,5204,43]},"num_concepts_raised":24871},{"base_id":429,"kind":"top_words","i1":1,"i2":3,"sol":{"path":["/c/en/tup","/c/en/ram","/c/en/uk","/c/en/seg"],"weight":0.20411999999999986,"degrees":[37,654,5562,35]},"num_concepts_raised":44254},{"base_id":429,"kind":"top_words","i1":1,"i2":4,"sol":{"path":["/c/en/tup","/c/en/slang","/c/en/mot"],"weight":0.202,"degrees":[37,16318,68]},"num_concepts_raised":91},{"base_id":429,"kind":"top_words","i1":1,"i2":5,"sol":{"path":["/c/en/tup","/c/en/ram","/c/en/uk","/c/en/ern"],"weight":0.20431999999999978,"degrees":[37,654,5562,57]},"num_concepts_raised":37965},{"base_id":429,"kind":"top_words","i1":1,"i2":6,"sol":{"path":["/c/en/tup","/c/en/slang","/c/en/cave","/c/en/olm"],"weight":0.20864999999999984,"degrees":[37,16318,890,88]},"num_concepts_raised":22753},{"base_id":429,"kind":"top_words","i1":1,"i2":7,"sol":{"path":["/c/en/tup","/c/en/slang","/c/en/sugar","/c/en/sug"],"weight":0.2078499999999998,"degrees":[37,16318,1902,31]},"num_concepts_raised":23140},{"base_id":429,"kind":"top_words","i1":1,"i2":8,"sol":{"path":["/c/en/tup","/c/en/slang","/c/en/soak","/c/en/ret"],"weight":0.20295999999999983,"degrees":[37,16318,445,36]},"num_concepts_raised":27068},{"base_id":429,"kind":"top_words","i1":1,"i2":9,"sol":{"path":["/c/en/tup","/c/en/hammer","/c/en/anatomy","/c/en/cn","/c/en/copernicium"],"weight":0.2119500000000002,"degrees":[37,1113,12775,39,160]},"num_concepts_raised":21869},{"base_id":429,"kind":"top_words","i1":2,"i2":3,"sol":{"path":["/c/en/naut","/c/en/nautical","/c/en/sole","/c/en/seg"],"weight":0.20287999999999978,"degrees":[43,5204,778,35]},"num_concepts_raised":32726},{"base_id":429,"kind":"top_words","i1":2,"i2":4,"sol":{"path":["/c/en/naut","/c/en/juggernaut","/c/en/british","/c/en/mot"],"weight":0.20328999999999975,"degrees":[43,72,3452,68]},"num_concepts_raised":52213},{"base_id":429,"kind":"top_words","i1":2,"i2":5,"sol":{"path":["/c/en/naut","/c/en/nautical","/c/en/run","/c/en/ern"],"weight":0.20418999999999976,"degrees":[43,5204,2730,57]},"num_concepts_raised":25299},{"base_id":429,"kind":"top_words","i1":2,"i2":6,"sol":{"path":["/c/en/naut","/c/en/juggernaut","/c/en/comics_character","/c/en/proteus","/c/en/olm"],"weight":0.20883999999999978,"degrees":[43,72,170,185,88]},"num_concepts_raised":9034},{"base_id":429,"kind":"top_words","i1":2,"i2":7,"sol":{"path":["/c/en/naut","/c/en/astronaut","/c/en/person","/c/en/sugar","/c/en/sug"],"weight":0.2080199999999998,"degrees":[43,378,12935,1902,31]},"num_concepts_raised":9501},{"base_id":429,"kind":"top_words","i1":2,"i2":8,"sol":{"path":["/c/en/naut","/c/en/nautical","/c/en/douse","/c/fi/liottaa","/c/en/ret"],"weight":0.2049399999999998,"degrees":[43,5204,131,17,36]},"num_concepts_raised":13420},{"base_id":429,"kind":"top_words","i1":2,"i2":9,"sol":{"path":["/c/en/naut","/c/en/nautical","/c/en/lead","/c/fr/élément_chimique","/c/en/copernicium"],"weight":0.21011000000000016,"degrees":[43,5204,2667,1121,160]},"num_concepts_raised":8126},{"base_id":429,"kind":"top_words","i1":3,"i2":4,"sol":{"path":["/c/en/seg","/c/en/uk","/c/en/mot"],"weight":0.202,"degrees":[35,5562,68]},"num_concepts_raised":92},{"base_id":429,"kind":"top_words","i1":3,"i2":5,"sol":{"path":["/c/en/seg","/c/en/dialectal","/c/en/ern"],"weight":0.202,"degrees":[35,4127,57]},"num_concepts_raised":79},{"base_id":429,"kind":"top_words","i1":3,"i2":6,"sol":{"path":["/c/en/seg","/c/en/man","/c/en/cave","/c/en/olm"],"weight":0.2086699999999998,"degrees":[35,3068,890,88]},"num_concepts_raised":30542},{"base_id":429,"kind":"top_words","i1":3,"i2":7,"sol":{"path":["/c/en/seg","/c/en/sole","/c/en/band","/c/en/sug"],"weight":0.20781999999999978,"degrees":[35,778,1893,31]},"num_concepts_raised":30934},{"base_id":429,"kind":"top_words","i1":3,"i2":8,"sol":{"path":["/c/en/seg","/c/en/sole","/c/en/legal","/c/en/ret"],"weight":0.20287999999999984,"degrees":[35,778,6627,36]},"num_concepts_raised":34425},{"base_id":429,"kind":"top_words","i1":3,"i2":9,"sol":{"path":["/c/en/seg","/c/en/us","/c/en/mercury","/c/en/eka_mercury","/c/en/copernicium"],"weight":0.21205000000000018,"degrees":[35,8154,1162,16,160]},"num_concepts_raised":29739},{"base_id":429,"kind":"top_words","i1":4,"i2":5,"sol":{"path":["/c/en/mot","/c/en/uk","/c/en/ern"],"weight":0.202,"degrees":[68,5562,57]},"num_concepts_raised":110},{"base_id":429,"kind":"top_words","i1":4,"i2":6,"sol":{"path":["/c/en/mot","/c/en/uk","/c/en/salamander","/c/en/olm"],"weight":0.20909999999999973,"degrees":[68,5562,387,88]},"num_concepts_raised":50219},{"base_id":429,"kind":"top_words","i1":4,"i2":7,"sol":{"path":["/c/en/mot","/c/en/slang","/c/en/sugar","/c/en/sug"],"weight":0.2082499999999997,"degrees":[68,16318,1902,31]},"num_concepts_raised":50552},{"base_id":429,"kind":"top_words","i1":4,"i2":8,"sol":{"path":["/c/en/mot","/c/en/slang","/c/en/soak","/c/en/ret"],"weight":0.20336999999999977,"degrees":[68,16318,445,36]},"num_concepts_raised":54069},{"base_id":429,"kind":"top_words","i1":4,"i2":9,"sol":{"path":["/c/en/mot","/c/fr/mot","/c/fr/symbole","/c/fr/copernicium","/c/en/copernicium"],"weight":0.2132900000000001,"degrees":[68,848,2165,105,160]},"num_concepts_raised":49419},{"base_id":429,"kind":"top_words","i1":5,"i2":6,"sol":{"path":["/c/en/ern","/c/en/uk","/c/en/salamander","/c/en/olm"],"weight":0.20884999999999976,"degrees":[57,5562,387,88]},"num_concepts_raised":23059},{"base_id":429,"kind":"top_words","i1":5,"i2":7,"sol":{"path":["/c/en/ern","/c/en/pain","/c/en/band","/c/en/sug"],"weight":0.20808999999999975,"degrees":[57,2002,1893,31]},"num_concepts_raised":23492},{"base_id":429,"kind":"top_words","i1":5,"i2":8,"sol":{"path":["/c/en/ern","/c/en/dialectal","/c/en/boon","/c/en/ret"],"weight":0.20306999999999978,"degrees":[57,4127,121,36]},"num_concepts_raised":27089},{"base_id":429,"kind":"top_words","i1":5,"i2":9,"sol":{"path":["/c/en/ern","/c/fr/huard","/c/fr/canadien","/c/en/cn","/c/en/copernicium"],"weight":0.2121900000000001,"degrees":[57,38,374,39,160]},"num_concepts_raised":22195},{"base_id":429,"kind":"top_words","i1":6,"i2":7,"sol":{"path":["/c/en/olm","/c/en/cave","/c/en/slang","/c/en/sugar","/c/en/sug"],"weight":0.21363999999999977,"degrees":[88,890,16318,1902,31]},"num_concepts_raised":7130},{"base_id":429,"kind":"top_words","i1":6,"i2":8,"sol":{"path":["/c/en/olm","/c/en/cave","/c/en/fungus","/c/en/rot","/c/en/ret"],"weight":0.2097199999999998,"degrees":[88,890,1236,371,36]},"num_concepts_raised":11065},{"base_id":429,"kind":"top_words","i1":6,"i2":9,"sol":{"path":["/c/en/olm","/c/en/proteus","/c/en/antimony","/c/fr/élément_chimique","/c/en/copernicium"],"weight":0.21604000000000018,"degrees":[88,185,581,1121,160]},"num_concepts_raised":5733},{"base_id":429,"kind":"top_words","i1":7,"i2":8,"sol":{"path":["/c/en/sug","/c/en/sugar","/c/en/preserve","/c/en/rot","/c/en/ret"],"weight":0.2088999999999998,"degrees":[31,1902,668,371,36]},"num_concepts_raised":11527},{"base_id":429,"kind":"top_words","i1":7,"i2":9,"sol":{"path":["/c/en/sug","/c/en/sugar","/c/en/chemistry","/c/it/copernicio","/c/en/copernicium"],"weight":0.21705000000000016,"degrees":[31,1902,11754,17,160]},"num_concepts_raised":6197},{"base_id":429,"kind":"top_words","i1":8,"i2":9,"sol":{"path":["/c/en/ret","/c/en/legal","/c/en/canada","/c/en/cn","/c/en/copernicium"],"weight":0.2119600000000002,"degrees":[36,6627,2402,39,160]},"num_concepts_raised":10147}]]