[[{"base_id":547,"kind":"bot_words","i1":0,"i2":1,"sol":{"path":["/c/en/creel","/c/fr/nasse","/c/en/trap","/c/en/historical","/c/en/beeline"],"weight":0.20405999999999985,"degrees":[47,96,878,8415,37]},"num_concepts_raised":15793},{"base_id":547,"kind":"bot_words","i1":0,"i2":2,"sol":{"path":["/c/en/creel","/c/en/angler","/c/en/video_game","/c/en/crouch","/c/en/cringe"],"weight":0.2058599999999997,"degrees":[47,137,754,267,95]},"num_concepts_raised":11045},{"base_id":547,"kind":"bot_words","i1":0,"i2":3,"sol":{"path":["/c/en/creel","/c/fr/nasse","/c/fr/littoral","/c/en/coastal"],"weight":0.2073699999999994,"degrees":[47,96,122,230]},"num_concepts_raised":11270},{"base_id":547,"kind":"bot_words","i1":0,"i2":4,"sol":{"path":["/c/en/creel","/c/en/basket","/c/en/slang","/c/en/hippodrome"],"weight":0.20482999999999985,"degrees":[47,1010,16318,86]},"num_concepts_raised":29761},{"base_id":547,"kind":"bot_words","i1":0,"i2":5,"sol":{"path":["/c/en/creel","/c/en/basket","/c/en/lotion","/c/en/cosmetic","/c/en/cosmetics"],"weight":0.21297999999999934,"degrees":[47,1010,197,205,250]},"num_concepts_raised":21167},{"base_id":547,"kind":"bot_words","i1":0,"i2":6,"sol":{"path":["/c/en/creel","/c/it/nassa","/c/en/fish","/c/en/kind","/c/en/bighearted"],"weight":0.20405999999999985,"degrees":[47,12,4424,1436,29]},"num_concepts_raised":6696},{"base_id":547,"kind":"bot_words","i1":0,"i2":7,"sol":{"path":["/c/en/creel","/c/en/basket","/c/en/uk","/c/en/roadster"],"weight":0.20322999999999983,"degrees":[47,1010,5562,44]},"num_concepts_raised":33714},{"base_id":547,"kind":"bot_words","i1":0,"i2":8,"sol":{"path":["/c/en/creel","/c/en/basket","/c/en/breadbasket","/c/en/humorous","/c/en/jocular"],"weight":0.20874999999999846,"degrees":[47,1010,71,2269,449]},"num_concepts_raised":15150},{"base_id":547,"kind":"bot_words","i1":0,"i2":9,"sol":{"path":["/c/en/creel","/c/en/angler","/c/en/stick","/c/en/obtrusive","/c/en/unobtrusively"],"weight":0.20313999999999982,"degrees":[47,137,2046,47,44]},"num_concepts_raised":3073},{"base_id":547,"kind":"bot_words","i1":1,"i2":2,"sol":{"path":["/c/en/beeline","/c/en/bee","/c/en/bow","/c/en/cringe"],"weight":0.2036599999999997,"degrees":[37,1150,1518,95]},"num_concepts_raised":22004},{"base_id":547,"kind":"bot_words","i1":1,"i2":3,"sol":{"path":["/c/en/beeline","/c/en/historical","/c/en/port","/c/en/coastal"],"weight":0.20514999999999936,"degrees":[37,8415,979,230]},"num_concepts_raised":22112},{"base_id":547,"kind":"bot_words","i1":1,"i2":4,"sol":{"path":["/c/en/beeline","/c/en/trip","/c/en/slang","/c/en/hippodrome"],"weight":0.2045599999999998,"degrees":[37,889,16318,86]},"num_concepts_raised":40171},{"base_id":547,"kind":"bot_words","i1":1,"i2":5,"sol":{"path":["/c/en/beeline","/c/en/bee","/c/en/beauty","/c/en/cosmetics"],"weight":0.2103999999999993,"degrees":[37,1150,984,250]},"num_concepts_raised":31975},{"base_id":547,"kind":"bot_words","i1":1,"i2":6,"sol":{"path":["/c/en/beeline","/c/en/historical","/c/en/noble","/c/en/bighearted"],"weight":0.20278999999999983,"degrees":[37,8415,871,29]},"num_concepts_raised":17673},{"base_id":547,"kind":"bot_words","i1":1,"i2":7,"sol":{"path":["/c/en/beeline","/c/en/as_crow_flies","/c/en/road","/c/en/roadster"],"weight":0.20508999999999983,"degrees":[37,41,1871,44]},"num_concepts_raised":43822},{"base_id":547,"kind":"bot_words","i1":1,"i2":8,"sol":{"path":["/c/en/beeline","/c/en/quick","/c/en/witty","/c/en/jocular"],"weight":0.20731999999999845,"degrees":[37,894,226,449]},"num_concepts_raised":26040},{"base_id":547,"kind":"bot_words","i1":1,"i2":9,"sol":{"path":["/c/en/beeline","/c/en/path","/c/en/way","/c/en/obtrusive","/c/en/unobtrusively"],"weight":0.2029799999999998,"degrees":[37,1174,1993,47,44]},"num_concepts_raised":14176},{"base_id":547,"kind":"bot_words","i1":2,"i2":3,"sol":{"path":["/c/en/cringe","/c/en/dialect","/c/en/coast","/c/en/coastal"],"weight":0.20636999999999922,"degrees":[95,2378,895,230]},"num_concepts_raised":17519},{"base_id":547,"kind":"bot_words","i1":2,"i2":4,"sol":{"path":["/c/en/cringe","/c/en/shrink","/c/en/slang","/c/en/hippodrome"],"weight":0.2065599999999997,"degrees":[95,465,16318,86]},"num_concepts_raised":35662},{"base_id":547,"kind":"bot_words","i1":2,"i2":5,"sol":{"path":["/c/en/cringe","/c/en/tense","/c/en/change","/c/en/cosmetics"],"weight":0.2110699999999992,"degrees":[95,630,3383,250]},"num_concepts_raised":27318},{"base_id":547,"kind":"bot_words","i1":2,"i2":6,"sol":{"path":["/c/en/cringe","/c/en/gesture","/c/en/kind","/c/en/bighearted"],"weight":0.20358999999999972,"degrees":[95,538,1436,29]},"num_concepts_raised":12950},{"base_id":547,"kind":"bot_words","i1":2,"i2":7,"sol":{"path":["/c/en/cringe","/c/en/shrink","/c/en/slang","/c/en/roadster"],"weight":0.20492999999999967,"degrees":[95,465,16318,44]},"num_concepts_raised":38974},{"base_id":547,"kind":"bot_words","i1":2,"i2":8,"sol":{"path":["/c/en/cringe","/c/en/dialect","/c/en/bhoy","/c/en/jocular"],"weight":0.2079499999999983,"degrees":[95,2378,19,449]},"num_concepts_raised":21326},{"base_id":547,"kind":"bot_words","i1":2,"i2":9,"sol":{"path":["/c/en/cringe","/c/en/shrink","/c/en/slang","/c/en/sleeper","/c/en/unobtrusively"],"weight":0.20486999999999966,"degrees":[95,465,16318,216,44]},"num_concepts_raised":9381},{"base_id":547,"kind":"bot_words","i1":3,"i2":4,"sol":{"path":["/c/en/coastal","/c/en/coast","/c/en/us","/c/en/hippodrome"],"weight":0.20734999999999937,"degrees":[230,895,8154,86]},"num_concepts_raised":35931},{"base_id":547,"kind":"bot_words","i1":3,"i2":5,"sol":{"path":["/c/en/coastal","/c/en/coast","/c/en/waterline","/c/en/cosmetics"],"weight":0.21304999999999885,"degrees":[230,895,74,250]},"num_concepts_raised":27571},{"base_id":547,"kind":"bot_words","i1":3,"i2":6,"sol":{"path":["/c/en/coastal","/c/en/coast","/c/en/big","/c/en/bighearted"],"weight":0.20552999999999938,"degrees":[230,895,1222,29]},"num_concepts_raised":13178},{"base_id":547,"kind":"bot_words","i1":3,"i2":7,"sol":{"path":["/c/en/coastal","/c/en/maritime","/c/en/nautical","/c/en/roadster"],"weight":0.20637999999999934,"degrees":[230,147,5204,44]},"num_concepts_raised":39713},{"base_id":547,"kind":"bot_words","i1":3,"i2":8,"sol":{"path":["/c/en/coastal","/c/zh/海隅","/c/en/formal","/c/en/jocular"],"weight":0.20954999999999796,"degrees":[230,11,2270,449]},"num_concepts_raised":21588},{"base_id":547,"kind":"bot_words","i1":3,"i2":9,"sol":{"path":["/c/en/coastal","/c/en/maritime","/c/en/nautical","/c/en/sleeper","/c/en/unobtrusively"],"weight":0.20631999999999934,"degrees":[230,147,5204,216,44]},"num_concepts_raised":9642},{"base_id":547,"kind":"bot_words","i1":4,"i2":5,"sol":{"path":["/c/en/hippodrome","/c/en/slang","/c/en/skin","/c/en/cosmetics"],"weight":0.2122199999999993,"degrees":[86,16318,2372,250]},"num_concepts_raised":45559},{"base_id":547,"kind":"bot_words","i1":4,"i2":6,"sol":{"path":["/c/en/hippodrome","/c/en/us","/c/en/noble","/c/en/bighearted"],"weight":0.20453999999999983,"degrees":[86,8154,871,29]},"num_concepts_raised":31576},{"base_id":547,"kind":"bot_words","i1":4,"i2":7,"sol":{"path":["/c/en/hippodrome","/c/en/slang","/c/en/roadster"],"weight":0.203,"degrees":[86,16318,44]},"num_concepts_raised":106},{"base_id":547,"kind":"bot_words","i1":4,"i2":8,"sol":{"path":["/c/en/hippodrome","/c/en/slang","/c/en/formal","/c/en/jocular"],"weight":0.20940999999999843,"degrees":[86,16318,2270,449]},"num_concepts_raised":39472},{"base_id":547,"kind":"bot_words","i1":4,"i2":9,"sol":{"path":["/c/en/hippodrome","/c/en/slang","/c/en/sleeper","/c/en/unobtrusively"],"weight":0.2046499999999998,"degrees":[86,16318,216,44]},"num_concepts_raised":28189},{"base_id":547,"kind":"bot_words","i1":5,"i2":6,"sol":{"path":["/c/en/cosmetics","/c/en/base","/c/en/noble","/c/en/bighearted"],"weight":0.2103199999999993,"degrees":[250,2117,871,29]},"num_concepts_raised":22970},{"base_id":547,"kind":"bot_words","i1":5,"i2":7,"sol":{"path":["/c/en/cosmetics","/c/en/beauty","/c/en/horse","/c/en/roadster"],"weight":0.2105999999999993,"degrees":[250,984,3068,44]},"num_concepts_raised":49486},{"base_id":547,"kind":"bot_words","i1":5,"i2":8,"sol":{"path":["/c/en/cosmetics","/c/en/powder","/c/th/เจิม","/c/en/jocular"],"weight":0.21474999999999791,"degrees":[250,712,41,449]},"num_concepts_raised":31287},{"base_id":547,"kind":"bot_words","i1":5,"i2":9,"sol":{"path":["/c/en/cosmetics","/c/en/make_up","/c/en/bed","/c/en/sleeper","/c/en/unobtrusively"],"weight":0.21058999999999928,"degrees":[250,493,2185,216,44]},"num_concepts_raised":19550},{"base_id":547,"kind":"bot_words","i1":6,"i2":7,"sol":{"path":["/c/en/bighearted","/c/en/kind","/c/en/road","/c/en/roadster"],"weight":0.2040099999999998,"degrees":[29,1436,1871,44]},"num_concepts_raised":35539},{"base_id":547,"kind":"bot_words","i1":6,"i2":8,"sol":{"path":["/c/en/bighearted","/c/zh/曠達","/c/en/formal","/c/en/jocular"],"weight":0.20720999999999845,"degrees":[29,8,2270,449]},"num_concepts_raised":16965},{"base_id":547,"kind":"bot_words","i1":6,"i2":9,"sol":{"path":["/c/en/bighearted","/c/en/giving","/c/en/notice","/c/en/noticeable","/c/en/unobtrusively"],"weight":0.2028999999999998,"degrees":[29,271,971,120,44]},"num_concepts_raised":5037},{"base_id":547,"kind":"bot_words","i1":7,"i2":8,"sol":{"path":["/c/en/roadster","/c/en/road","/c/en/formal","/c/en/jocular"],"weight":0.2084999999999984,"degrees":[44,1871,2270,449]},"num_concepts_raised":43392},{"base_id":547,"kind":"bot_words","i1":7,"i2":9,"sol":{"path":["/c/en/roadster","/c/en/nautical","/c/en/sleeper","/c/en/unobtrusively"],"weight":0.2030299999999998,"degrees":[44,5204,216,44]},"num_concepts_raised":32180},{"base_id":547,"kind":"bot_words","i1":8,"i2":9,"sol":{"path":["/c/en/jocular","/c/en/humorous","/c/en/signalize","/c/en/noticeable","/c/en/unobtrusively"],"weight":0.20858999999999844,"degrees":[449,2269,77,120,44]},"num_concepts_raised":13510}],[{"base_id":547,"kind":"top_words","i1":0,"i2":1,"sol":{"path":["/c/en/president","/c/en/head","/c/en/question","/c/en/topi"],"weight":0.2247299999999995,"degrees":[863,3580,1408,29]},"num_concepts_raised":86521},{"base_id":547,"kind":"top_words","i1":0,"i2":2,"sol":{"path":["/c/en/president","/c/en/country","/c/en/botswana","/c/en/botswanan"],"weight":0.22249999999999956,"degrees":[863,2796,248,34]},"num_concepts_raised":83766},{"base_id":547,"kind":"top_words","i1":0,"i2":3,"sol":{"path":["/c/en/president","/c/en/person","/c/en/biology","/c/en/mesic"],"weight":0.2195199999999996,"degrees":[863,12935,6216,25]},"num_concepts_raised":98686},{"base_id":547,"kind":"top_words","i1":0,"i2":4,"sol":{"path":["/c/en/president","/c/en/republic","/c/en/kalmykia"],"weight":0.20800000000000002,"degrees":[863,709,95]},"num_concepts_raised":709},{"base_id":547,"kind":"top_words","i1":0,"i2":5,"sol":{"path":["/c/en/president","/c/en/person","/c/en/malawian"],"weight":0.20400000000000001,"degrees":[863,12935,41]},"num_concepts_raised":666},{"base_id":547,"kind":"top_words","i1":0,"i2":6,"sol":{"path":["/c/en/president","/c/en/vice"],"weight":0.21000000000000002,"degrees":[863,447]},"num_concepts_raised":992},{"base_id":547,"kind":"top_words","i1":0,"i2":7,"sol":{"path":["/c/en/president","/c/en/country","/c/en/maldives","/c/en/maldivian"],"weight":0.2215099999999996,"degrees":[863,2796,246,30]},"num_concepts_raised":83746},{"base_id":547,"kind":"top_words","i1":0,"i2":8,"sol":{"path":["/c/en/president","/c/en/impeached","/c/en/impeach"],"weight":0.20400000000000001,"degrees":[863,5,82]},"num_concepts_raised":706},{"base_id":547,"kind":"top_words","i1":0,"i2":9,"sol":{"path":["/c/en/president","/c/en/person","/c/en/djiboutian"],"weight":0.20400000000000001,"degrees":[863,12935,46]},"num_concepts_raised":667},{"base_id":547,"kind":"top_words","i1":1,"i2":2,"sol":{"path":["/c/en/topi","/c/en/sassaby","/c/en/african","/c/en/sub_saharan","/c/en/botswanan"],"weight":0.20777999999999985,"degrees":[29,19,561,88,34]},"num_concepts_raised":3601},{"base_id":547,"kind":"top_words","i1":1,"i2":3,"sol":{"path":["/c/en/topi","/c/en/antelope","/c/en/range","/c/en/biology","/c/en/mesic"],"weight":0.20770999999999987,"degrees":[29,343,1025,6216,25]},"num_concepts_raised":19056},{"base_id":547,"kind":"top_words","i1":1,"i2":4,"sol":{"path":["/c/en/topi","/c/en/mammal","/c/en/asian_badger","/c/en/russia","/c/en/kalmykia"],"weight":0.21369999999999978,"degrees":[29,2187,30,984,95]},"num_concepts_raised":5213},{"base_id":547,"kind":"top_words","i1":1,"i2":5,"sol":{"path":["/c/en/topi","/c/en/mammal","/c/en/person","/c/en/malawian"],"weight":0.20784999999999978,"degrees":[29,2187,12935,41]},"num_concepts_raised":16219},{"base_id":547,"kind":"top_words","i1":1,"i2":6,"sol":{"path":["/c/en/topi","/c/en/question","/c/fr/tête","/c/fr/vice","/c/en/vice"],"weight":0.22866999999999918,"degrees":[29,1408,1367,224,447]},"num_concepts_raised":52437},{"base_id":547,"kind":"top_words","i1":1,"i2":7,"sol":{"path":["/c/en/topi","/c/en/mammal","/c/en/human","/c/en/indo_aryan","/c/en/dhivehi","/c/en/maldivian"],"weight":0.2119861999999996,"degrees":[29,2187,2645,56,50,30]},"num_concepts_raised":257648},{"base_id":547,"kind":"top_words","i1":1,"i2":8,"sol":{"path":["/c/en/topi","/c/en/question","/c/en/challenge","/c/en/impeach"],"weight":0.20828999999999964,"degrees":[29,1408,615,82]},"num_concepts_raised":21188},{"base_id":547,"kind":"top_words","i1":1,"i2":9,"sol":{"path":["/c/en/topi","/c/en/mammal","/c/en/person","/c/en/djiboutian"],"weight":0.20801999999999982,"degrees":[29,2187,12935,46]},"num_concepts_raised":16239},{"base_id":547,"kind":"top_words","i1":2,"i2":3,"sol":{"path":["/c/en/botswanan","/c/fr/botswanais","/c/fr/originaire","/c/en/native","/c/en/biology","/c/en/mesic"],"weight":0.21009509999999904,"degrees":[34,30,346,995,6216,25]},"num_concepts_raised":438996},{"base_id":547,"kind":"top_words","i1":2,"i2":4,"sol":{"path":["/c/en/botswanan","/c/en/botswana","/c/en/country","/c/en/russia","/c/en/kalmykia"],"weight":0.20985999999999982,"degrees":[34,248,2796,984,95]},"num_concepts_raised":2268},{"base_id":547,"kind":"top_words","i1":2,"i2":5,"sol":{"path":["/c/en/botswanan","/c/en/sub_saharan","/c/en/malawian"],"weight":0.202,"degrees":[34,88,41]},"num_concepts_raised":64},{"base_id":547,"kind":"top_words","i1":2,"i2":6,"sol":{"path":["/c/en/botswanan","/c/en/botswana","/c/en/english_language","/c/en/vice"],"weight":0.22018999999999928,"degrees":[34,248,579,447]},"num_concepts_raised":49609},{"base_id":547,"kind":"top_words","i1":2,"i2":7,"sol":{"path":["/c/en/botswanan","/c/fr/botswanais","/c/fr/gentilés","/c/fr/maldivien","/c/en/maldivian"],"weight":0.20592999999999992,"degrees":[34,30,1186,30,30]},"num_concepts_raised":605},{"base_id":547,"kind":"top_words","i1":2,"i2":8,"sol":{"path":["/c/en/botswanan","/c/en/botswana","/c/en/state","/c/la/defero","/c/en/impeach"],"weight":0.2043499999999997,"degrees":[34,248,3243,191,82]},"num_concepts_raised":18330},{"base_id":547,"kind":"top_words","i1":2,"i2":9,"sol":{"path":["/c/en/botswanan","/c/en/sub_saharan","/c/en/djiboutian"],"weight":0.202,"degrees":[34,88,46]},"num_concepts_raised":65},{"base_id":547,"kind":"top_words","i1":3,"i2":4,"sol":{"path":["/c/en/mesic","/c/en/physics","/c/en/ket","/c/en/russia","/c/en/kalmykia"],"weight":0.20865999999999985,"degrees":[25,9094,60,984,95]},"num_concepts_raised":17750},{"base_id":547,"kind":"top_words","i1":3,"i2":5,"sol":{"path":["/c/en/mesic","/c/en/biology","/c/en/person","/c/en/malawian"],"weight":0.20279999999999987,"degrees":[25,6216,12935,41]},"num_concepts_raised":28740},{"base_id":547,"kind":"top_words","i1":3,"i2":6,"sol":{"path":["/c/en/mesic","/c/en/physics","/c/fr/physique","/c/en/vice"],"weight":0.21702999999999928,"degrees":[25,9094,6029,447]},"num_concepts_raised":64088},{"base_id":547,"kind":"top_words","i1":3,"i2":7,"sol":{"path":["/c/en/mesic","/c/en/biology","/c/en/male","/c/en/maldives","/c/en/maldivian"],"weight":0.20277999999999996,"degrees":[25,6216,2222,246,30]},"num_concepts_raised":16095},{"base_id":547,"kind":"top_words","i1":3,"i2":8,"sol":{"path":["/c/en/mesic","/c/en/physics","/c/en/deposition","/c/en/impeach"],"weight":0.2032299999999997,"degrees":[25,9094,247,82]},"num_concepts_raised":33612},{"base_id":547,"kind":"top_words","i1":3,"i2":9,"sol":{"path":["/c/en/mesic","/c/en/biology","/c/en/person","/c/en/djiboutian"],"weight":0.20296999999999987,"degrees":[25,6216,12935,46]},"num_concepts_raised":28760},{"base_id":547,"kind":"top_words","i1":4,"i2":5,"sol":{"path":["/c/en/kalmykia","/c/en/russia","/c/en/country","/c/en/malawi","/c/en/malawian"],"weight":0.20885999999999977,"degrees":[95,984,2796,239,41]},"num_concepts_raised":14934},{"base_id":547,"kind":"top_words","i1":4,"i2":6,"sol":{"path":["/c/en/kalmykia","/c/en/republic","/c/en/president","/c/en/vice"],"weight":0.2251099999999992,"degrees":[95,709,863,447]},"num_concepts_raised":51147},{"base_id":547,"kind":"top_words","i1":4,"i2":7,"sol":{"path":["/c/en/kalmykia","/c/en/russia","/c/en/country","/c/en/maldives","/c/en/maldivian"],"weight":0.20884999999999987,"degrees":[95,984,2796,246,30]},"num_concepts_raised":2225},{"base_id":547,"kind":"top_words","i1":4,"i2":8,"sol":{"path":["/c/en/kalmykia","/c/en/republic","/c/en/band","/c/en/hinder","/c/en/impeach"],"weight":0.20933999999999964,"degrees":[95,709,1893,582,82]},"num_concepts_raised":19908},{"base_id":547,"kind":"top_words","i1":4,"i2":9,"sol":{"path":["/c/en/kalmykia","/c/en/elista","/c/en/capital_city","/c/en/djibouti","/c/en/djiboutian"],"weight":0.21201999999999982,"degrees":[95,27,458,257,46]},"num_concepts_raised":14955},{"base_id":547,"kind":"top_words","i1":5,"i2":6,"sol":{"path":["/c/en/malawian","/c/en/person","/c/en/president","/c/en/vice"],"weight":0.21931999999999918,"degrees":[41,12935,863,447]},"num_concepts_raised":61578},{"base_id":547,"kind":"top_words","i1":5,"i2":7,"sol":{"path":["/c/en/malawian","/c/fr/malawite","/c/fr/gentilés","/c/fr/maldivien","/c/en/maldivian"],"weight":0.2038799999999999,"degrees":[41,23,1186,30,30]},"num_concepts_raised":13295},{"base_id":547,"kind":"top_words","i1":5,"i2":8,"sol":{"path":["/c/en/malawian","/c/en/person","/c/en/legal","/c/en/impeach"],"weight":0.20341999999999966,"degrees":[41,12935,6627,82]},"num_concepts_raised":30746},{"base_id":547,"kind":"top_words","i1":5,"i2":9,"sol":{"path":["/c/en/malawian","/c/en/african","/c/en/djiboutian"],"weight":0.202,"degrees":[41,561,46]},"num_concepts_raised":71},{"base_id":547,"kind":"top_words","i1":6,"i2":7,"sol":{"path":["/c/en/vice","/c/en/president","/c/en/country","/c/en/maldives","/c/en/maldivian"],"weight":0.21922999999999931,"degrees":[447,863,2796,246,30]},"num_concepts_raised":49567},{"base_id":547,"kind":"top_words","i1":6,"i2":8,"sol":{"path":["/c/en/vice","/c/en/legal","/c/en/impeach"],"weight":0.20600000000000002,"degrees":[447,6627,82]},"num_concepts_raised":443},{"base_id":547,"kind":"top_words","i1":6,"i2":9,"sol":{"path":["/c/en/vice","/c/en/president","/c/en/person","/c/en/djiboutian"],"weight":0.2194899999999992,"degrees":[447,863,12935,46]},"num_concepts_raised":61598},{"base_id":547,"kind":"top_words","i1":7,"i2":8,"sol":{"path":["/c/en/maldivian","/c/en/maldives","/c/en/state","/c/la/defero","/c/en/impeach"],"weight":0.20332999999999973,"degrees":[30,246,3243,191,82]},"num_concepts_raised":18286},{"base_id":547,"kind":"top_words","i1":7,"i2":9,"sol":{"path":["/c/en/maldivian","/c/fr/maldivien","/c/fr/gentilés","/c/fr/djiboutien","/c/en/djiboutian"],"weight":0.20608999999999988,"degrees":[30,30,1186,33,46]},"num_concepts_raised":13317},{"base_id":547,"kind":"top_words","i1":8,"i2":9,"sol":{"path":["/c/en/impeach","/c/en/legal","/c/en/person","/c/en/djiboutian"],"weight":0.20358999999999966,"degrees":[82,6627,12935,46]},"num_concepts_raised":30767}]]