[[{"base_id":567,"kind":"bot_words","i1":0,"i2":1,"sol":{"path":["/c/en/uncontrollable","/c/en/contain","/c/en/keep","/c/en/keepsake"],"weight":0.2050499999999998,"degrees":[111,446,1382,126]},"num_concepts_raised":21544},{"base_id":567,"kind":"bot_words","i1":0,"i2":2,"sol":{"path":["/c/en/uncontrollable","/c/en/pyromania","/c/en/fire","/c/en/terminate"],"weight":0.20795999999999934,"degrees":[111,93,2829,275]},"num_concepts_raised":40882},{"base_id":567,"kind":"bot_words","i1":0,"i2":3,"sol":{"path":["/c/en/uncontrollable","/c/en/unmanageable","/c/en/direct","/c/en/occupation","/c/en/laundering"],"weight":0.20504999999999973,"degrees":[111,98,1032,636,43]},"num_concepts_raised":8369},{"base_id":567,"kind":"bot_words","i1":0,"i2":4,"sol":{"path":["/c/en/uncontrollable","/c/en/control","/c/en/government","/c/en/county_seat","/c/en/coleman"],"weight":0.20906999999999978,"degrees":[111,1901,2046,2497,36]},"num_concepts_raised":11107},{"base_id":567,"kind":"bot_words","i1":0,"i2":5,"sol":{"path":["/c/en/uncontrollable","/c/en/intractable","/c/de/verfahren","/c/en/legal","/c/en/poa"],"weight":0.2102799999999997,"degrees":[111,115,325,6627,66]},"num_concepts_raised":22218},{"base_id":567,"kind":"bot_words","i1":0,"i2":6,"sol":{"path":["/c/en/uncontrollable","/c/en/cramp","/c/en/stitch","/c/en/suture"],"weight":0.21398999999999943,"degrees":[111,256,807,240]},"num_concepts_raised":44890},{"base_id":567,"kind":"bot_words","i1":0,"i2":7,"sol":{"path":["/c/en/uncontrollable","/c/en/unmanageable","/c/grc/ἀμαθήσ","/c/en/stupid","/c/en/boeotian"],"weight":0.20508999999999983,"degrees":[111,98,12,1502,30]},"num_concepts_raised":14866},{"base_id":567,"kind":"bot_words","i1":0,"i2":8,"sol":{"path":["/c/en/uncontrollable","/c/en/incorrigible","/c/en/punishment","/c/en/dog","/c/en/hound"],"weight":0.21969999999999926,"degrees":[111,97,1026,2320,362]},"num_concepts_raised":136464},{"base_id":567,"kind":"bot_words","i1":0,"i2":9,"sol":{"path":["/c/en/uncontrollable","/c/en/control","/c/en/hand","/c/en/turkey","/c/en/galatia"],"weight":0.2040099999999998,"degrees":[111,1901,2596,1157,39]},"num_concepts_raised":8912},{"base_id":567,"kind":"bot_words","i1":1,"i2":2,"sol":{"path":["/c/en/keepsake","/c/en/object","/c/en/end","/c/en/terminate"],"weight":0.20902999999999938,"degrees":[126,1642,2782,275]},"num_concepts_raised":51626},{"base_id":567,"kind":"bot_words","i1":1,"i2":3,"sol":{"path":["/c/en/keepsake","/c/en/token","/c/en/mining","/c/en/launder","/c/en/laundering"],"weight":0.20624999999999977,"degrees":[126,434,883,119,43]},"num_concepts_raised":19595},{"base_id":567,"kind":"bot_words","i1":1,"i2":4,"sol":{"path":["/c/en/keepsake","/c/en/historical","/c/en/canada","/c/en/coleman"],"weight":0.2091199999999998,"degrees":[126,8415,2402,36]},"num_concepts_raised":22233},{"base_id":567,"kind":"bot_words","i1":1,"i2":5,"sol":{"path":["/c/en/keepsake","/c/en/object","/c/en/plant","/c/en/poa"],"weight":0.20948999999999973,"degrees":[126,1642,7959,66]},"num_concepts_raised":33154},{"base_id":567,"kind":"bot_words","i1":1,"i2":6,"sol":{"path":["/c/en/keepsake","/c/en/token","/c/en/seam","/c/en/suture"],"weight":0.21732999999999947,"degrees":[126,434,365,240]},"num_concepts_raised":55820},{"base_id":567,"kind":"bot_words","i1":1,"i2":7,"sol":{"path":["/c/en/keepsake","/c/en/historical","/c/fr/habitant","/c/fr/béotien","/c/en/boeotian"],"weight":0.20708999999999989,"degrees":[126,8415,3560,66,30]},"num_concepts_raised":26085},{"base_id":567,"kind":"bot_words","i1":1,"i2":8,"sol":{"path":["/c/en/keepsake","/c/en/token","/c/en/trace","/c/en/hound"],"weight":0.21422999999999934,"degrees":[126,434,724,362]},"num_concepts_raised":147238},{"base_id":567,"kind":"bot_words","i1":1,"i2":9,"sol":{"path":["/c/en/keepsake","/c/en/token","/c/it/puglia","/c/fr/régions","/c/en/galatia"],"weight":0.2051799999999998,"degrees":[126,434,19,735,39]},"num_concepts_raised":20034},{"base_id":567,"kind":"bot_words","i1":2,"i2":3,"sol":{"path":["/c/en/terminate","/c/en/do","/c/en/wash","/c/en/laundering"],"weight":0.20590999999999934,"degrees":[275,1767,1410,43]},"num_concepts_raised":39041},{"base_id":567,"kind":"bot_words","i1":2,"i2":4,"sol":{"path":["/c/en/terminate","/c/en/end","/c/en/state","/c/en/texas","/c/en/coleman"],"weight":0.21298999999999937,"degrees":[275,2782,3243,887,36]},"num_concepts_raised":41783},{"base_id":567,"kind":"bot_words","i1":2,"i2":5,"sol":{"path":["/c/en/terminate","/c/en/kill","/c/en/legal","/c/en/poa"],"weight":0.2123599999999993,"degrees":[275,1884,6627,66]},"num_concepts_raised":52414},{"base_id":567,"kind":"bot_words","i1":2,"i2":6,"sol":{"path":["/c/en/terminate","/c/en/term","/c/en/stitch","/c/en/suture"],"weight":0.216979999999999,"degrees":[275,1089,807,240]},"num_concepts_raised":74835},{"base_id":567,"kind":"bot_words","i1":2,"i2":7,"sol":{"path":["/c/en/terminate","/c/en/end","/c/fr/terme","/c/fr/linguistique","/c/en/boeotian"],"weight":0.20793999999999943,"degrees":[275,2782,447,7455,30]},"num_concepts_raised":45550},{"base_id":567,"kind":"bot_words","i1":2,"i2":8,"sol":{"path":["/c/en/terminate","/c/en/kill","/c/en/hunt","/c/en/hound"],"weight":0.21844999999999887,"degrees":[275,1884,841,362]},"num_concepts_raised":166333},{"base_id":567,"kind":"bot_words","i1":2,"i2":9,"sol":{"path":["/c/en/terminate","/c/en/failure","/c/en/turkey","/c/en/galatia"],"weight":0.2057599999999994,"degrees":[275,744,1157,39]},"num_concepts_raised":39650},{"base_id":567,"kind":"bot_words","i1":3,"i2":4,"sol":{"path":["/c/en/laundering","/c/en/launder","/c/en/trough","/c/en/canada","/c/en/coleman"],"weight":0.20901999999999976,"degrees":[43,119,300,2402,36]},"num_concepts_raised":9013},{"base_id":567,"kind":"bot_words","i1":3,"i2":5,"sol":{"path":["/c/en/laundering","/c/en/steamer","/c/en/genus","/c/en/poa"],"weight":0.2082399999999997,"degrees":[43,253,2240,66]},"num_concepts_raised":20158},{"base_id":567,"kind":"bot_words","i1":3,"i2":6,"sol":{"path":["/c/en/laundering","/c/en/occupation","/c/fr/travail","/c/fr/suture","/c/en/suture"],"weight":0.21679999999999944,"degrees":[43,636,1587,104,240]},"num_concepts_raised":42872},{"base_id":567,"kind":"bot_words","i1":3,"i2":7,"sol":{"path":["/c/en/laundering","/c/en/steamer","/c/en/stupid","/c/en/boeotian"],"weight":0.20291999999999982,"degrees":[43,253,1502,30]},"num_concepts_raised":12787},{"base_id":567,"kind":"bot_words","i1":3,"i2":8,"sol":{"path":["/c/en/laundering","/c/en/wash","/c/en/dog","/c/en/hound"],"weight":0.21775999999999926,"degrees":[43,1410,2320,362]},"num_concepts_raised":134438},{"base_id":567,"kind":"bot_words","i1":3,"i2":9,"sol":{"path":["/c/en/laundering","/c/en/washing","/c/en/bath","/c/en/illinois","/c/en/galatia"],"weight":0.20314999999999978,"degrees":[43,310,636,643,39]},"num_concepts_raised":6826},{"base_id":567,"kind":"bot_words","i1":4,"i2":5,"sol":{"path":["/c/en/coleman","/c/en/canada","/c/en/legal","/c/en/poa"],"weight":0.2132999999999997,"degrees":[36,2402,6627,66]},"num_concepts_raised":22845},{"base_id":567,"kind":"bot_words","i1":4,"i2":6,"sol":{"path":["/c/en/coleman","/c/en/michigan","/c/en/mineral","/c/en/seam","/c/en/suture"],"weight":0.22015999999999947,"degrees":[36,555,8530,365,240]},"num_concepts_raised":45558},{"base_id":567,"kind":"bot_words","i1":4,"i2":7,"sol":{"path":["/c/en/coleman","/c/en/canada","/c/fr/habitant","/c/fr/béotien","/c/en/boeotian"],"weight":0.21097999999999983,"degrees":[36,2402,3560,66,30]},"num_concepts_raised":15468},{"base_id":567,"kind":"bot_words","i1":4,"i2":8,"sol":{"path":["/c/en/coleman","/c/en/wisconsin","/c/en/chase","/c/en/hound"],"weight":0.21728999999999932,"degrees":[36,629,697,362]},"num_concepts_raised":136816},{"base_id":567,"kind":"bot_words","i1":4,"i2":9,"sol":{"path":["/c/en/coleman","/c/en/prince_edward_island","/c/en/province","/c/en/galatia"],"weight":0.20799999999999982,"degrees":[36,180,1040,39]},"num_concepts_raised":8938},{"base_id":567,"kind":"bot_words","i1":5,"i2":6,"sol":{"path":["/c/en/poa","/c/en/plant","/c/en/suture"],"weight":0.20600000000000002,"degrees":[66,7959,240]},"num_concepts_raised":253},{"base_id":567,"kind":"bot_words","i1":5,"i2":7,"sol":{"path":["/c/en/poa","/c/en/grass","/c/en/slang","/c/en/stupid","/c/en/boeotian"],"weight":0.2083999999999998,"degrees":[66,1578,16318,1502,30]},"num_concepts_raised":26661},{"base_id":567,"kind":"bot_words","i1":5,"i2":8,"sol":{"path":["/c/en/poa","/c/en/grass","/c/en/trace","/c/en/hound"],"weight":0.21739999999999926,"degrees":[66,1578,724,362]},"num_concepts_raised":148036},{"base_id":567,"kind":"bot_words","i1":5,"i2":9,"sol":{"path":["/c/en/poa","/c/en/grass","/c/en/adarce","/c/en/galatia"],"weight":0.20833999999999975,"degrees":[66,1578,12,39]},"num_concepts_raised":20699},{"base_id":567,"kind":"bot_words","i1":6,"i2":7,"sol":{"path":["/c/en/suture","/c/fr/suture","/c/fr/esprit","/c/fr/béotien","/c/en/boeotian"],"weight":0.2198699999999995,"degrees":[240,104,1035,66,30]},"num_concepts_raised":49311},{"base_id":567,"kind":"bot_words","i1":6,"i2":8,"sol":{"path":["/c/en/suture","/c/en/stitch","/c/syc/ܟܠܒܬܐ","/c/en/hound"],"weight":0.22207999999999897,"degrees":[240,807,22,362]},"num_concepts_raised":170407},{"base_id":567,"kind":"bot_words","i1":6,"i2":9,"sol":{"path":["/c/en/suture","/c/en/stitch","/c/en/hand","/c/en/turkey","/c/en/galatia"],"weight":0.21313999999999947,"degrees":[240,807,2596,1157,39]},"num_concepts_raised":43411},{"base_id":567,"kind":"bot_words","i1":7,"i2":8,"sol":{"path":["/c/en/boeotian","/c/en/stupid","/c/en/dog","/c/en/hound"],"weight":0.21767999999999932,"degrees":[30,1502,2320,362]},"num_concepts_raised":140943},{"base_id":567,"kind":"bot_words","i1":7,"i2":9,"sol":{"path":["/c/en/boeotian","/c/en/foolish","/c/en/turkey","/c/en/galatia"],"weight":0.20296999999999987,"degrees":[30,959,1157,39]},"num_concepts_raised":13268},{"base_id":567,"kind":"bot_words","i1":8,"i2":9,"sol":{"path":["/c/en/hound","/c/en/chase","/c/en/kansas","/c/en/galatia"],"weight":0.21225999999999934,"degrees":[362,697,548,39]},"num_concepts_raised":134889}],[{"base_id":567,"kind":"top_words","i1":0,"i2":1,"sol":{"path":["/c/en/eindhoven","/c/en/netherlands","/c/en/head","/c/en/jack","/c/en/ajax"],"weight":0.2196499999999994,"degrees":[89,680,3580,754,209]},"num_concepts_raised":32814},{"base_id":567,"kind":"top_words","i1":0,"i2":2,"sol":{"path":["/c/en/eindhoven","/c/en/netherlands","/c/en/germany","/c/en/cottbus"],"weight":0.21636999999999973,"degrees":[89,680,1036,75]},"num_concepts_raised":6299},{"base_id":567,"kind":"top_words","i1":0,"i2":3,"sol":{"path":["/c/en/eindhoven","/c/en/city","/c/en/dortmund"],"weight":0.20600000000000002,"degrees":[89,3758,99]},"num_concepts_raised":157},{"base_id":567,"kind":"top_words","i1":0,"i2":4,"sol":{"path":["/c/en/eindhoven","/c/en/netherlands","/c/en/groningen"],"weight":0.20800000000000002,"degrees":[89,680,99]},"num_concepts_raised":152},{"base_id":567,"kind":"top_words","i1":0,"i2":5,"sol":{"path":["/c/en/eindhoven","/c/en/netherlands","/c/en/country","/c/en/sparta"],"weight":0.22341000000000028,"degrees":[89,680,2796,216]},"num_concepts_raised":25556},{"base_id":567,"kind":"top_words","i1":0,"i2":6,"sol":{"path":["/c/en/eindhoven","/c/en/netherlands","/c/en/nijmegen"],"weight":0.20800000000000002,"degrees":[89,680,93]},"num_concepts_raised":151},{"base_id":567,"kind":"top_words","i1":0,"i2":7,"sol":{"path":["/c/en/eindhoven","/c/en/netherlands","/c/en/head","/c/en/person","/c/en/dynamo"],"weight":0.22193999999999983,"degrees":[89,680,3580,12935,157]},"num_concepts_raised":19855},{"base_id":567,"kind":"top_words","i1":0,"i2":8,"sol":{"path":["/c/en/eindhoven","/c/en/netherlands","/c/en/english_language","/c/en/arizona","/c/en/az"],"weight":0.21991999999999975,"degrees":[89,680,579,353,38]},"num_concepts_raised":5575},{"base_id":567,"kind":"top_words","i1":0,"i2":9,"sol":{"path":["/c/en/eindhoven","/c/en/netherlands","/c/en/country","/c/en/india","/c/en/sc"],"weight":0.21084999999999982,"degrees":[89,680,2796,1846,36]},"num_concepts_raised":25319},{"base_id":567,"kind":"top_words","i1":1,"i2":2,"sol":{"path":["/c/en/ajax","/c/en/historical","/c/en/brandenburg","/c/en/cottbus"],"weight":0.21523999999999938,"degrees":[209,8415,167,75]},"num_concepts_raised":31905},{"base_id":567,"kind":"top_words","i1":1,"i2":3,"sol":{"path":["/c/en/ajax","/c/en/historical","/c/en/germany","/c/en/dortmund"],"weight":0.2175999999999994,"degrees":[209,8415,1036,99]},"num_concepts_raised":33362},{"base_id":567,"kind":"top_words","i1":1,"i2":4,"sol":{"path":["/c/en/ajax","/c/en/ace","/c/en/uk","/c/en/city","/c/en/groningen"],"weight":0.21976999999999952,"degrees":[209,479,5562,3758,99]},"num_concepts_raised":32725},{"base_id":567,"kind":"top_words","i1":1,"i2":5,"sol":{"path":["/c/en/ajax","/c/en/trojan_war","/c/en/sparta"],"weight":0.20900000000000002,"degrees":[209,113,216]},"num_concepts_raised":292},{"base_id":567,"kind":"top_words","i1":1,"i2":6,"sol":{"path":["/c/en/ajax","/c/en/jack","/c/en/head","/c/en/netherlands","/c/en/nijmegen"],"weight":0.2196999999999994,"degrees":[209,754,3580,680,93]},"num_concepts_raised":32679},{"base_id":567,"kind":"top_words","i1":1,"i2":7,"sol":{"path":["/c/en/ajax","/c/en/play","/c/en/person","/c/en/dynamo"],"weight":0.22087999999999947,"degrees":[209,3092,12935,157]},"num_concepts_raised":44619},{"base_id":567,"kind":"top_words","i1":1,"i2":8,"sol":{"path":["/c/en/ajax","/c/en/a","/c/en/hip_hop_music","/c/en/az"],"weight":0.2147099999999994,"degrees":[209,1436,218,38]},"num_concepts_raised":30790},{"base_id":567,"kind":"top_words","i1":1,"i2":9,"sol":{"path":["/c/en/ajax","/c/en/computing","/c/en/cl","/c/en/sc"],"weight":0.21076999999999946,"degrees":[209,9084,68,36]},"num_concepts_raised":49932},{"base_id":567,"kind":"top_words","i1":2,"i2":3,"sol":{"path":["/c/en/cottbus","/c/en/germany","/c/en/dortmund"],"weight":0.20700000000000002,"degrees":[75,1036,99]},"num_concepts_raised":148},{"base_id":567,"kind":"top_words","i1":2,"i2":4,"sol":{"path":["/c/en/cottbus","/c/en/germany","/c/en/city","/c/en/groningen"],"weight":0.21648999999999985,"degrees":[75,1036,3758,99]},"num_concepts_raised":6197},{"base_id":567,"kind":"top_words","i1":2,"i2":5,"sol":{"path":["/c/en/cottbus","/c/en/germany","/c/en/country","/c/en/sparta"],"weight":0.22107000000000027,"degrees":[75,1036,2796,216]},"num_concepts_raised":24701},{"base_id":567,"kind":"top_words","i1":2,"i2":6,"sol":{"path":["/c/en/cottbus","/c/en/germany","/c/en/netherlands","/c/en/nijmegen"],"weight":0.21641999999999972,"degrees":[75,1036,680,93]},"num_concepts_raised":6150},{"base_id":567,"kind":"top_words","i1":2,"i2":7,"sol":{"path":["/c/en/cottbus","/c/en/germany","/c/en/form","/c/en/generator","/c/en/dynamo"],"weight":0.21968999999999983,"degrees":[75,1036,2423,248,157]},"num_concepts_raised":18840},{"base_id":567,"kind":"top_words","i1":2,"i2":8,"sol":{"path":["/c/en/cottbus","/c/en/brandenburg","/c/en/state","/c/en/arizona","/c/en/az"],"weight":0.21764999999999973,"degrees":[75,167,3243,353,38]},"num_concepts_raised":4588},{"base_id":567,"kind":"top_words","i1":2,"i2":9,"sol":{"path":["/c/en/cottbus","/c/en/brandenburg","/c/en/state","/c/en/south_carolina","/c/en/sc"],"weight":0.20953999999999978,"degrees":[75,167,3243,345,36]},"num_concepts_raised":24366},{"base_id":567,"kind":"top_words","i1":3,"i2":4,"sol":{"path":["/c/en/dortmund","/c/en/city","/c/en/groningen"],"weight":0.20700000000000002,"degrees":[99,3758,99]},"num_concepts_raised":161},{"base_id":567,"kind":"top_words","i1":3,"i2":5,"sol":{"path":["/c/en/dortmund","/c/en/germany","/c/en/country","/c/en/sparta"],"weight":0.22347000000000028,"degrees":[99,1036,2796,216]},"num_concepts_raised":26121},{"base_id":567,"kind":"top_words","i1":3,"i2":6,"sol":{"path":["/c/en/dortmund","/c/en/city","/c/en/nijmegen"],"weight":0.20600000000000002,"degrees":[99,3758,93]},"num_concepts_raised":160},{"base_id":567,"kind":"top_words","i1":3,"i2":7,"sol":{"path":["/c/en/dortmund","/c/en/germany","/c/en/form","/c/en/generator","/c/en/dynamo"],"weight":0.22208999999999982,"degrees":[99,1036,2423,248,157]},"num_concepts_raised":20424},{"base_id":567,"kind":"top_words","i1":3,"i2":8,"sol":{"path":["/c/en/dortmund","/c/en/germany","/c/en/state","/c/en/arizona","/c/en/az"],"weight":0.22002999999999973,"degrees":[99,1036,3243,353,38]},"num_concepts_raised":6160},{"base_id":567,"kind":"top_words","i1":3,"i2":9,"sol":{"path":["/c/en/dortmund","/c/en/germany","/c/en/state","/c/en/south_carolina","/c/en/sc"],"weight":0.21191999999999978,"degrees":[99,1036,3243,345,36]},"num_concepts_raised":25901},{"base_id":567,"kind":"top_words","i1":4,"i2":5,"sol":{"path":["/c/en/groningen","/c/fr/groningue","/c/fr/géographie","/c/en/sparta"],"weight":0.2254800000000004,"degrees":[99,62,8043,216]},"num_concepts_raised":25463},{"base_id":567,"kind":"top_words","i1":4,"i2":6,"sol":{"path":["/c/en/groningen","/c/en/netherlands","/c/en/nijmegen"],"weight":0.20800000000000002,"degrees":[99,680,93]},"num_concepts_raised":155},{"base_id":567,"kind":"top_words","i1":4,"i2":7,"sol":{"path":["/c/en/groningen","/c/fr/groningue","/c/fr/localités","/c/en/lead","/c/en/dynamo"],"weight":0.22400999999999993,"degrees":[99,62,110113,2667,157]},"num_concepts_raised":19746},{"base_id":567,"kind":"top_words","i1":4,"i2":8,"sol":{"path":["/c/en/groningen","/c/en/city","/c/en/phoenix","/c/en/arizona","/c/en/az"],"weight":0.22008999999999984,"degrees":[99,3758,467,353,38]},"num_concepts_raised":5465},{"base_id":567,"kind":"top_words","i1":4,"i2":9,"sol":{"path":["/c/en/groningen","/c/en/city","/c/en/base","/c/en/cl","/c/en/sc"],"weight":0.2119899999999999,"degrees":[99,3758,2117,68,36]},"num_concepts_raised":25211},{"base_id":567,"kind":"top_words","i1":5,"i2":6,"sol":{"path":["/c/en/sparta","/c/en/country","/c/en/netherlands","/c/en/nijmegen"],"weight":0.2234600000000003,"degrees":[216,2796,680,93]},"num_concepts_raised":25418},{"base_id":567,"kind":"top_words","i1":5,"i2":7,"sol":{"path":["/c/en/sparta","/c/en/military","/c/fr/gégène","/c/en/dynamo"],"weight":0.22660000000000036,"degrees":[216,5690,22,157]},"num_concepts_raised":37714},{"base_id":567,"kind":"top_words","i1":5,"i2":8,"sol":{"path":["/c/en/sparta","/c/en/country","/c/en/united_states_of_america","/c/en/az"],"weight":0.2205500000000003,"degrees":[216,2796,553,38]},"num_concepts_raised":23492},{"base_id":567,"kind":"top_words","i1":5,"i2":9,"sol":{"path":["/c/en/sparta","/c/en/north_carolina","/c/en/south_carolina","/c/en/sc"],"weight":0.21649000000000035,"degrees":[216,516,345,36]},"num_concepts_raised":43179},{"base_id":567,"kind":"top_words","i1":6,"i2":7,"sol":{"path":["/c/en/nijmegen","/c/fr/nimègue","/c/fr/localités","/c/en/lead","/c/en/dynamo"],"weight":0.22391999999999984,"degrees":[93,10,110113,2667,157]},"num_concepts_raised":19701},{"base_id":567,"kind":"top_words","i1":6,"i2":8,"sol":{"path":["/c/en/nijmegen","/c/en/netherlands","/c/en/english_language","/c/en/arizona","/c/en/az"],"weight":0.21996999999999975,"degrees":[93,680,579,353,38]},"num_concepts_raised":5419},{"base_id":567,"kind":"top_words","i1":6,"i2":9,"sol":{"path":["/c/en/nijmegen","/c/en/netherlands","/c/en/country","/c/en/india","/c/en/sc"],"weight":0.2108999999999998,"degrees":[93,680,2796,1846,36]},"num_concepts_raised":25165},{"base_id":567,"kind":"top_words","i1":7,"i2":8,"sol":{"path":["/c/en/dynamo","/c/en/person","/c/en/tv","/c/en/arizona","/c/en/az"],"weight":0.22313999999999984,"degrees":[157,12935,276,353,38]},"num_concepts_raised":17608},{"base_id":567,"kind":"top_words","i1":7,"i2":9,"sol":{"path":["/c/en/dynamo","/c/en/magic","/c/en/physics","/c/en/sc"],"weight":0.2140599999999999,"degrees":[157,913,9094,36]},"num_concepts_raised":37257},{"base_id":567,"kind":"top_words","i1":8,"i2":9,"sol":{"path":["/c/en/az","/c/en/hip_hop_music","/c/en/cl","/c/en/sc"],"weight":0.20898999999999984,"degrees":[38,218,68,36]},"num_concepts_raised":23152}]]