[[{"base_id":868,"kind":"bot_words","i1":0,"i2":1,"sol":{"path":["/c/en/kura","/c/la/cyrus","/c/en/rivers","/c/en/flow","/c/en/overflow"],"weight":0.211009999999999,"degrees":[38,19,59,1523,370]},"num_concepts_raised":28607},{"base_id":868,"kind":"bot_words","i1":0,"i2":2,"sol":{"path":["/c/en/kura","/c/en/turkey","/c/en/heart","/c/en/cordial","/c/en/cordiality"],"weight":0.2049699999999998,"degrees":[38,1157,1857,201,36]},"num_concepts_raised":5134},{"base_id":868,"kind":"bot_words","i1":0,"i2":3,"sol":{"path":["/c/en/kura","/c/en/tartar","/c/en/person","/c/en/confidence","/c/en/trusting"],"weight":0.20283999999999983,"degrees":[38,158,12935,432,32]},"num_concepts_raised":4400},{"base_id":868,"kind":"bot_words","i1":0,"i2":4,"sol":{"path":["/c/en/kura","/c/en/asia","/c/en/collection","/c/en/fleet"],"weight":0.2065299999999995,"degrees":[38,805,967,320]},"num_concepts_raised":144542},{"base_id":868,"kind":"bot_words","i1":0,"i2":5,"sol":{"path":["/c/en/kura","/c/en/tartar","/c/en/hard","/c/bg/тежък","/c/en/cumbersome"],"weight":0.20509999999999967,"degrees":[38,158,1500,33,120]},"num_concepts_raised":12887},{"base_id":868,"kind":"bot_words","i1":0,"i2":6,"sol":{"path":["/c/en/kura","/c/en/tartar","/c/en/person","/c/en/prisoner","/c/en/jailbird"],"weight":0.20410999999999993,"degrees":[38,158,12935,558,29]},"num_concepts_raised":4076},{"base_id":868,"kind":"bot_words","i1":0,"i2":7,"sol":{"path":["/c/en/kura","/c/en/turkey","/c/en/slang","/c/fr/rosser","/c/en/thrash"],"weight":0.2077999999999994,"degrees":[38,1157,16318,187,261]},"num_concepts_raised":43127},{"base_id":868,"kind":"bot_words","i1":0,"i2":8,"sol":{"path":["/c/en/kura","/c/en/turkey","/c/en/foolish","/c/en/addled"],"weight":0.20320999999999978,"degrees":[38,1157,959,55]},"num_concepts_raised":10849},{"base_id":868,"kind":"bot_words","i1":0,"i2":9,"sol":{"path":["/c/en/kura","/c/en/turkey","/c/en/us","/c/en/parish","/c/en/parochial"],"weight":0.20525999999999972,"degrees":[38,1157,8154,394,116]},"num_concepts_raised":6426},{"base_id":868,"kind":"bot_words","i1":1,"i2":2,"sol":{"path":["/c/en/overflow","/c/en/computing","/c/en/chill","/c/en/cordiality"],"weight":0.206709999999999,"degrees":[370,9084,357,36]},"num_concepts_raised":27763},{"base_id":868,"kind":"bot_words","i1":1,"i2":3,"sol":{"path":["/c/en/overflow","/c/en/computing","/c/en/trust","/c/en/trusting"],"weight":0.20783999999999903,"degrees":[370,9084,917,32]},"num_concepts_raised":27083},{"base_id":868,"kind":"bot_words","i1":1,"i2":4,"sol":{"path":["/c/en/overflow","/c/en/flow","/c/en/group","/c/en/fleet"],"weight":0.2136799999999987,"degrees":[370,1523,2339,320]},"num_concepts_raised":165961},{"base_id":868,"kind":"bot_words","i1":1,"i2":5,"sol":{"path":["/c/en/overflow","/c/en/flood","/c/en/light","/c/en/cumbersome"],"weight":0.2094699999999989,"degrees":[370,994,4288,120]},"num_concepts_raised":35095},{"base_id":868,"kind":"bot_words","i1":1,"i2":6,"sol":{"path":["/c/en/overflow","/c/en/flow","/c/en/hustle","/c/en/prisoner","/c/en/jailbird"],"weight":0.21118999999999916,"degrees":[370,1523,134,558,29]},"num_concepts_raised":26765},{"base_id":868,"kind":"bot_words","i1":1,"i2":7,"sol":{"path":["/c/en/overflow","/c/en/computing","/c/en/thrash"],"weight":0.202,"degrees":[370,9084,261]},"num_concepts_raised":519},{"base_id":868,"kind":"bot_words","i1":1,"i2":8,"sol":{"path":["/c/en/overflow","/c/en/thick","/c/fr/stupide","/c/en/addled"],"weight":0.207789999999999,"degrees":[370,1055,387,55]},"num_concepts_raised":33302},{"base_id":868,"kind":"bot_words","i1":1,"i2":9,"sol":{"path":["/c/en/overflow","/c/en/bathroom","/c/en/school","/c/en/parochial"],"weight":0.20746999999999893,"degrees":[370,593,2171,116]},"num_concepts_raised":29018},{"base_id":868,"kind":"bot_words","i1":2,"i2":3,"sol":{"path":["/c/en/cordiality","/c/en/cordial","/c/en/sincere","/c/en/ingenuous","/c/en/trusting"],"weight":0.20482999999999982,"degrees":[36,201,426,121,32]},"num_concepts_raised":3593},{"base_id":868,"kind":"bot_words","i1":2,"i2":4,"sol":{"path":["/c/en/cordiality","/c/en/amity","/c/en/literary","/c/en/fleet"],"weight":0.20640999999999948,"degrees":[36,116,6728,320]},"num_concepts_raised":143762},{"base_id":868,"kind":"bot_words","i1":2,"i2":5,"sol":{"path":["/c/en/cordiality","/c/en/cordial","/c/ja/厚い","/c/en/heavy","/c/en/cumbersome"],"weight":0.20619999999999966,"degrees":[36,201,49,1173,120]},"num_concepts_raised":12075},{"base_id":868,"kind":"bot_words","i1":2,"i2":6,"sol":{"path":["/c/en/cordiality","/c/en/utterance","/c/en/person","/c/en/prisoner","/c/en/jailbird"],"weight":0.20406999999999992,"degrees":[36,307,12935,558,29]},"num_concepts_raised":3280},{"base_id":868,"kind":"bot_words","i1":2,"i2":7,"sol":{"path":["/c/en/cordiality","/c/en/chill","/c/en/computing","/c/en/thrash"],"weight":0.2053499999999994,"degrees":[36,357,9084,261]},"num_concepts_raised":42300},{"base_id":868,"kind":"bot_words","i1":2,"i2":8,"sol":{"path":["/c/en/cordiality","/c/en/cordial","/c/en/sincere","/c/en/bad","/c/en/addled"],"weight":0.20516999999999977,"degrees":[36,201,426,1728,55]},"num_concepts_raised":10036},{"base_id":868,"kind":"bot_words","i1":2,"i2":9,"sol":{"path":["/c/en/cordiality","/c/en/cordial","/c/en/uk","/c/en/school","/c/en/parochial"],"weight":0.2058499999999997,"degrees":[36,201,5562,2171,116]},"num_concepts_raised":5628},{"base_id":868,"kind":"bot_words","i1":3,"i2":4,"sol":{"path":["/c/en/trusting","/c/en/trust","/c/en/float","/c/en/fleet"],"weight":0.20769999999999952,"degrees":[32,917,827,320]},"num_concepts_raised":143078},{"base_id":868,"kind":"bot_words","i1":3,"i2":5,"sol":{"path":["/c/en/trusting","/c/en/trust","/c/cy/pwyso","/c/en/heavy","/c/en/cumbersome"],"weight":0.2053499999999997,"degrees":[32,917,43,1173,120]},"num_concepts_raised":11360},{"base_id":868,"kind":"bot_words","i1":3,"i2":6,"sol":{"path":["/c/en/trusting","/c/en/trust","/c/en/cartel","/c/en/prisoner","/c/en/jailbird"],"weight":0.20519999999999997,"degrees":[32,917,147,558,29]},"num_concepts_raised":2540},{"base_id":868,"kind":"bot_words","i1":3,"i2":7,"sol":{"path":["/c/en/trusting","/c/en/trust","/c/en/computing","/c/en/thrash"],"weight":0.20647999999999941,"degrees":[32,917,9084,261]},"num_concepts_raised":41617},{"base_id":868,"kind":"bot_words","i1":3,"i2":8,"sol":{"path":["/c/en/trusting","/c/en/trust","/c/en/legal","/c/en/stale","/c/en/addled"],"weight":0.2052799999999998,"degrees":[32,917,6627,462,55]},"num_concepts_raised":9308},{"base_id":868,"kind":"bot_words","i1":3,"i2":9,"sol":{"path":["/c/en/trusting","/c/en/trust","/c/en/agent_non_geographical","/c/en/school","/c/en/parochial"],"weight":0.20497999999999972,"degrees":[32,917,215,2171,116]},"num_concepts_raised":4893},{"base_id":868,"kind":"bot_words","i1":4,"i2":5,"sol":{"path":["/c/en/fleet","/c/en/fast","/c/en/light","/c/en/cumbersome"],"weight":0.20974999999999938,"degrees":[320,1390,4288,120]},"num_concepts_raised":150971},{"base_id":868,"kind":"bot_words","i1":4,"i2":6,"sol":{"path":["/c/en/fleet","/c/en/fast","/c/en/escape","/c/en/prisoner","/c/en/jailbird"],"weight":0.20981999999999965,"degrees":[320,1390,1177,558,29]},"num_concepts_raised":142753},{"base_id":868,"kind":"bot_words","i1":4,"i2":7,"sol":{"path":["/c/en/fleet","/c/en/literary","/c/en/thresh","/c/en/thrash"],"weight":0.21227999999999908,"degrees":[320,6728,170,261]},"num_concepts_raised":180406},{"base_id":868,"kind":"bot_words","i1":4,"i2":8,"sol":{"path":["/c/en/fleet","/c/en/dialectal","/c/en/stale","/c/en/addled"],"weight":0.20766999999999947,"degrees":[320,4127,462,55]},"num_concepts_raised":149271},{"base_id":868,"kind":"bot_words","i1":4,"i2":9,"sol":{"path":["/c/en/fleet","/c/en/group","/c/en/school","/c/en/parochial"],"weight":0.2075199999999994,"degrees":[320,2339,2171,116]},"num_concepts_raised":144930},{"base_id":868,"kind":"bot_words","i1":5,"i2":6,"sol":{"path":["/c/en/cumbersome","/c/fi/hankala","/c/en/bad","/c/en/prisoner","/c/en/jailbird"],"weight":0.20624999999999982,"degrees":[120,50,1728,558,29]},"num_concepts_raised":11042},{"base_id":868,"kind":"bot_words","i1":5,"i2":7,"sol":{"path":["/c/en/cumbersome","/c/en/heavy","/c/en/music","/c/en/thrash"],"weight":0.20672999999999928,"degrees":[120,1173,8822,261]},"num_concepts_raised":49647},{"base_id":868,"kind":"bot_words","i1":5,"i2":8,"sol":{"path":["/c/en/cumbersome","/c/fi/hankala","/c/en/bad","/c/en/addled"],"weight":0.20531999999999967,"degrees":[120,50,1728,55]},"num_concepts_raised":17642},{"base_id":868,"kind":"bot_words","i1":5,"i2":9,"sol":{"path":["/c/en/cumbersome","/c/ro/plumbos","/c/en/cloddish","/c/en/parochial"],"weight":0.20492999999999958,"degrees":[120,15,26,116]},"num_concepts_raised":13362},{"base_id":868,"kind":"bot_words","i1":6,"i2":7,"sol":{"path":["/c/en/jailbird","/c/en/prisoner","/c/zh/拷打","/c/en/beat","/c/en/thrash"],"weight":0.20847999999999955,"degrees":[29,558,9,1834,261]},"num_concepts_raised":41290},{"base_id":868,"kind":"bot_words","i1":6,"i2":8,"sol":{"path":["/c/en/jailbird","/c/en/prisoner","/c/en/bad","/c/en/addled"],"weight":0.20434999999999992,"degrees":[29,558,1728,55]},"num_concepts_raised":8989},{"base_id":868,"kind":"bot_words","i1":6,"i2":9,"sol":{"path":["/c/en/jailbird","/c/en/jail","/c/en/school","/c/en/parochial"],"weight":0.20392999999999983,"degrees":[29,522,2171,116]},"num_concepts_raised":4567},{"base_id":868,"kind":"bot_words","i1":7,"i2":8,"sol":{"path":["/c/en/thrash","/c/en/music","/c/en/bad","/c/en/addled"],"weight":0.2056599999999994,"degrees":[261,8822,1728,55]},"num_concepts_raised":47777},{"base_id":868,"kind":"bot_words","i1":7,"i2":9,"sol":{"path":["/c/en/thrash","/c/en/defeat","/c/en/school","/c/en/parochial"],"weight":0.2065299999999993,"degrees":[261,957,2171,116]},"num_concepts_raised":43489},{"base_id":868,"kind":"bot_words","i1":8,"i2":9,"sol":{"path":["/c/en/addled","/c/en/addle","/c/en/provincial","/c/en/parochial"],"weight":0.20725999999999967,"degrees":[55,106,232,116]},"num_concepts_raised":11318}],[{"base_id":868,"kind":"top_words","i1":0,"i2":1,"sol":{"path":["/c/en/liberalism","/c/en/economic_liberalism","/c/en/capitalism"],"weight":0.20800000000000002,"degrees":[215,15,365]},"num_concepts_raised":373},{"base_id":868,"kind":"top_words","i1":0,"i2":2,"sol":{"path":["/c/en/liberalism","/c/en/economic","/c/en/imperialism"],"weight":0.20800000000000002,"degrees":[215,478,245]},"num_concepts_raised":302},{"base_id":868,"kind":"top_words","i1":0,"i2":3,"sol":{"path":["/c/en/liberalism","/c/en/communism","/c/en/socialism"],"weight":0.20900000000000002,"degrees":[215,474,379]},"num_concepts_raised":379},{"base_id":868,"kind":"top_words","i1":0,"i2":4,"sol":{"path":["/c/en/liberalism","/c/fr/politique","/c/fr/isolationnisme","/c/en/isolationism"],"weight":0.22085999999999995,"degrees":[215,3449,23,97]},"num_concepts_raised":34967},{"base_id":868,"kind":"top_words","i1":0,"i2":5,"sol":{"path":["/c/en/liberalism","/c/en/government","/c/en/totalitarian"],"weight":0.20400000000000001,"degrees":[215,2046,89]},"num_concepts_raised":217},{"base_id":868,"kind":"top_words","i1":0,"i2":6,"sol":{"path":["/c/en/liberalism","/c/en/liberal","/c/en/neoliberal"],"weight":0.20700000000000002,"degrees":[215,401,36]},"num_concepts_raised":176},{"base_id":868,"kind":"top_words","i1":0,"i2":7,"sol":{"path":["/c/en/liberalism","/c/en/government","/c/en/totalitarianism"],"weight":0.20600000000000002,"degrees":[215,2046,138]},"num_concepts_raised":242},{"base_id":868,"kind":"top_words","i1":0,"i2":8,"sol":{"path":["/c/en/liberalism","/c/fr/politique","/c/fr/colonialisme","/c/en/colonialism"],"weight":0.22295999999999988,"degrees":[215,3449,77,197]},"num_concepts_raised":45686},{"base_id":868,"kind":"top_words","i1":0,"i2":9,"sol":{"path":["/c/en/liberalism","/c/en/communism"],"weight":0.20600000000000002,"degrees":[215,474]},"num_concepts_raised":431},{"base_id":868,"kind":"top_words","i1":1,"i2":2,"sol":{"path":["/c/en/capitalism","/c/en/ultraimperialism","/c/en/imperialism"],"weight":0.20800000000000002,"degrees":[365,8,245]},"num_concepts_raised":377},{"base_id":868,"kind":"top_words","i1":1,"i2":3,"sol":{"path":["/c/en/capitalism","/c/en/socialism"],"weight":0.20900000000000002,"degrees":[365,379]},"num_concepts_raised":435},{"base_id":868,"kind":"top_words","i1":1,"i2":4,"sol":{"path":["/c/en/capitalism","/c/en/communism","/c/fr/politique","/c/fr/isolationnisme","/c/en/isolationism"],"weight":0.22622000000000053,"degrees":[365,474,3449,23,97]},"num_concepts_raised":14341},{"base_id":868,"kind":"top_words","i1":1,"i2":5,"sol":{"path":["/c/en/capitalism","/c/en/communism","/c/en/totalitarian"],"weight":0.20500000000000002,"degrees":[365,474,89]},"num_concepts_raised":288},{"base_id":868,"kind":"top_words","i1":1,"i2":6,"sol":{"path":["/c/en/capitalism","/c/en/economic_liberalism","/c/en/liberal","/c/en/neoliberal"],"weight":0.21745000000000037,"degrees":[365,15,401,36]},"num_concepts_raised":14066},{"base_id":868,"kind":"top_words","i1":1,"i2":7,"sol":{"path":["/c/en/capitalism","/c/en/totalitarianism"],"weight":0.20600000000000002,"degrees":[365,138]},"num_concepts_raised":312},{"base_id":868,"kind":"top_words","i1":1,"i2":8,"sol":{"path":["/c/en/capitalism","/c/en/free_enterprise","/c/en/system","/c/en/colonialism"],"weight":0.22309000000000048,"degrees":[365,20,1888,197]},"num_concepts_raised":25474},{"base_id":868,"kind":"top_words","i1":1,"i2":9,"sol":{"path":["/c/en/capitalism","/c/en/communism"],"weight":0.20800000000000002,"degrees":[365,474]},"num_concepts_raised":494},{"base_id":868,"kind":"top_words","i1":2,"i2":3,"sol":{"path":["/c/en/imperialism","/c/en/political_orientation","/c/en/socialism"],"weight":0.20800000000000002,"degrees":[245,69,379]},"num_concepts_raised":382},{"base_id":868,"kind":"top_words","i1":2,"i2":4,"sol":{"path":["/c/en/imperialism","/c/en/foreign_policy","/c/en/isolationism"],"weight":0.20800000000000002,"degrees":[245,133,97]},"num_concepts_raised":208},{"base_id":868,"kind":"top_words","i1":2,"i2":5,"sol":{"path":["/c/en/imperialism","/c/en/political","/c/en/government","/c/en/totalitarian"],"weight":0.21605999999999997,"degrees":[245,1034,2046,89]},"num_concepts_raised":16119},{"base_id":868,"kind":"top_words","i1":2,"i2":6,"sol":{"path":["/c/en/imperialism","/c/en/political","/c/en/neoliberalism","/c/en/neoliberal"],"weight":0.21726,"degrees":[245,1034,109,36]},"num_concepts_raised":10679},{"base_id":868,"kind":"top_words","i1":2,"i2":7,"sol":{"path":["/c/en/imperialism","/c/en/political","/c/en/government","/c/en/totalitarianism"],"weight":0.22195000000000012,"degrees":[245,1034,2046,138]},"num_concepts_raised":16967},{"base_id":868,"kind":"top_words","i1":2,"i2":8,"sol":{"path":["/c/en/imperialism","/c/ar/استعمارية","/c/en/colonialism"],"weight":0.20900000000000002,"degrees":[245,4,197]},"num_concepts_raised":274},{"base_id":868,"kind":"top_words","i1":2,"i2":9,"sol":{"path":["/c/en/imperialism","/c/en/political_orientation","/c/en/communism"],"weight":0.20800000000000002,"degrees":[245,69,474]},"num_concepts_raised":436},{"base_id":868,"kind":"top_words","i1":3,"i2":4,"sol":{"path":["/c/en/socialism","/c/fr/politique","/c/fr/isolationnisme","/c/en/isolationism"],"weight":0.22405000000000042,"degrees":[379,3449,23,97]},"num_concepts_raised":9605},{"base_id":868,"kind":"top_words","i1":3,"i2":5,"sol":{"path":["/c/en/socialism","/c/en/communism","/c/en/totalitarian"],"weight":0.20700000000000002,"degrees":[379,474,89]},"num_concepts_raised":294},{"base_id":868,"kind":"top_words","i1":3,"i2":6,"sol":{"path":["/c/en/socialism","/c/fr/politique","/c/en/liberal","/c/en/neoliberal"],"weight":0.21577000000000024,"degrees":[379,3449,401,36]},"num_concepts_raised":9350},{"base_id":868,"kind":"top_words","i1":3,"i2":7,"sol":{"path":["/c/en/socialism","/c/en/totalitarianism"],"weight":0.20600000000000002,"degrees":[379,138]},"num_concepts_raised":317},{"base_id":868,"kind":"top_words","i1":3,"i2":8,"sol":{"path":["/c/en/socialism","/c/fr/politique","/c/fr/colonialisme","/c/en/colonialism"],"weight":0.22615000000000035,"degrees":[379,3449,77,197]},"num_concepts_raised":20964},{"base_id":868,"kind":"top_words","i1":3,"i2":9,"sol":{"path":["/c/en/socialism","/c/en/communism"],"weight":0.21100000000000002,"degrees":[379,474]},"num_concepts_raised":498},{"base_id":868,"kind":"top_words","i1":4,"i2":5,"sol":{"path":["/c/en/isolationism","/c/en/foreign_policy","/c/en/government","/c/en/totalitarian"],"weight":0.20995000000000014,"degrees":[97,133,2046,89]},"num_concepts_raised":7201},{"base_id":868,"kind":"top_words","i1":4,"i2":6,"sol":{"path":["/c/en/isolationism","/c/fr/isolationnisme","/c/fr/politique","/c/en/liberal","/c/en/neoliberal"],"weight":0.21535000000000015,"degrees":[97,23,3449,401,36]},"num_concepts_raised":1165},{"base_id":868,"kind":"top_words","i1":4,"i2":7,"sol":{"path":["/c/en/isolationism","/c/en/foreign_policy","/c/en/government","/c/en/totalitarianism"],"weight":0.21585000000000026,"degrees":[97,133,2046,138]},"num_concepts_raised":8075},{"base_id":868,"kind":"top_words","i1":4,"i2":8,"sol":{"path":["/c/en/isolationism","/c/en/isolation","/c/en/disease","/c/en/colonialism"],"weight":0.21687000000000028,"degrees":[97,288,4216,197]},"num_concepts_raised":12956},{"base_id":868,"kind":"top_words","i1":4,"i2":9,"sol":{"path":["/c/en/isolationism","/c/fr/isolationnisme","/c/fr/politique","/c/en/communism"],"weight":0.22552000000000066,"degrees":[97,23,3449,474]},"num_concepts_raised":22714},{"base_id":868,"kind":"top_words","i1":5,"i2":6,"sol":{"path":["/c/en/totalitarian","/c/pt/totalitário","/c/en/politics","/c/en/liberal","/c/en/neoliberal"],"weight":0.20781999999999995,"degrees":[89,16,3247,401,36]},"num_concepts_raised":6962},{"base_id":868,"kind":"top_words","i1":5,"i2":7,"sol":{"path":["/c/en/totalitarian","/c/en/totalitarianism"],"weight":0.20500000000000002,"degrees":[89,138]},"num_concepts_raised":148},{"base_id":868,"kind":"top_words","i1":5,"i2":8,"sol":{"path":["/c/en/totalitarian","/c/en/government","/c/en/system","/c/en/colonialism"],"weight":0.21145000000000008,"degrees":[89,2046,1888,197]},"num_concepts_raised":18519},{"base_id":868,"kind":"top_words","i1":5,"i2":9,"sol":{"path":["/c/en/totalitarian","/c/en/communism"],"weight":0.20400000000000001,"degrees":[89,474]},"num_concepts_raised":347},{"base_id":868,"kind":"top_words","i1":6,"i2":7,"sol":{"path":["/c/en/neoliberal","/c/en/liberal","/c/fr/politique","/c/fr/totalitarisme","/c/en/totalitarianism"],"weight":0.2141200000000001,"degrees":[36,401,3449,65,138]},"num_concepts_raised":7835},{"base_id":868,"kind":"top_words","i1":6,"i2":8,"sol":{"path":["/c/en/neoliberal","/c/en/liberal","/c/fr/politique","/c/fr/colonialisme","/c/en/colonialism"],"weight":0.2174500000000001,"degrees":[36,401,3449,77,197]},"num_concepts_raised":12742},{"base_id":868,"kind":"top_words","i1":6,"i2":9,"sol":{"path":["/c/en/neoliberal","/c/en/liberal","/c/fr/politique","/c/en/communism"],"weight":0.2172600000000005,"degrees":[36,401,3449,474]},"num_concepts_raised":22441},{"base_id":868,"kind":"top_words","i1":7,"i2":8,"sol":{"path":["/c/en/totalitarianism","/c/en/totalism","/c/en/system","/c/en/colonialism"],"weight":0.2193100000000002,"degrees":[138,22,1888,197]},"num_concepts_raised":19386},{"base_id":868,"kind":"top_words","i1":7,"i2":9,"sol":{"path":["/c/en/totalitarianism","/c/en/communism"],"weight":0.20600000000000002,"degrees":[138,474]},"num_concepts_raised":369},{"base_id":868,"kind":"top_words","i1":8,"i2":9,"sol":{"path":["/c/en/colonialism","/c/fr/colonialisme","/c/fr/politique","/c/en/communism"],"weight":0.2276200000000006,"degrees":[197,77,3449,474]},"num_concepts_raised":33840}]]