[[{"base_id":299,"kind":"bot_words","i1":0,"i2":1,"sol":{"path":["/c/en/laburnum","/c/fr/cytise","/c/fr/famille","/c/en/mother","/c/en/doula"],"weight":0.21062999999999987,"degrees":[78,33,2667,1743,32]},"num_concepts_raised":14555},{"base_id":299,"kind":"bot_words","i1":0,"i2":2,"sol":{"path":["/c/en/laburnum","/c/en/plant","/c/en/wood","/c/en/tessera"],"weight":0.20856999999999984,"degrees":[78,7959,2440,36]},"num_concepts_raised":19257},{"base_id":299,"kind":"bot_words","i1":0,"i2":3,"sol":{"path":["/c/en/laburnum","/c/en/plant","/c/en/proscribed","/c/en/manga","/c/en/naruto"],"weight":0.21410999999999966,"degrees":[78,7959,507,479,82]},"num_concepts_raised":13410},{"base_id":299,"kind":"bot_words","i1":0,"i2":4,"sol":{"path":["/c/en/laburnum","/c/en/plant","/c/en/person","/c/en/hopeless","/c/en/forlorn"],"weight":0.2104999999999997,"degrees":[78,7959,12935,254,110]},"num_concepts_raised":15472},{"base_id":299,"kind":"bot_words","i1":0,"i2":5,"sol":{"path":["/c/en/laburnum","/c/en/plant","/c/en/us","/c/en/near","/c/en/nearby"],"weight":0.21533999999999925,"degrees":[78,7959,8154,973,307]},"num_concepts_raised":27393},{"base_id":299,"kind":"bot_words","i1":0,"i2":6,"sol":{"path":["/c/en/laburnum","/c/en/plant","/c/en/root","/c/en/radical","/c/en/reactionary"],"weight":0.22006999999999957,"degrees":[78,7959,1503,1161,208]},"num_concepts_raised":26522},{"base_id":299,"kind":"bot_words","i1":0,"i2":7,"sol":{"path":["/c/en/laburnum","/c/en/plant","/c/en/distillery","/c/en/distillation","/c/en/distillate"],"weight":0.20990999999999982,"degrees":[78,7959,92,243,53]},"num_concepts_raised":15808},{"base_id":299,"kind":"bot_words","i1":0,"i2":8,"sol":{"path":["/c/en/laburnum","/c/en/plant","/c/en/animal","/c/en/beastly"],"weight":0.2154699999999996,"degrees":[78,7959,3735,143]},"num_concepts_raised":32918},{"base_id":299,"kind":"bot_words","i1":0,"i2":9,"sol":{"path":["/c/en/laburnum","/c/en/plant","/c/en/wood","/c/en/miro"],"weight":0.21357999999999983,"degrees":[78,7959,2440,33]},"num_concepts_raised":26935},{"base_id":299,"kind":"bot_words","i1":1,"i2":2,"sol":{"path":["/c/en/doula","/c/fr/doula","/c/fr/physique","/c/en/triton","/c/en/tessera"],"weight":0.2038899999999999,"degrees":[32,23,6029,246,36]},"num_concepts_raised":10418},{"base_id":299,"kind":"bot_words","i1":1,"i2":3,"sol":{"path":["/c/en/doula","/c/en/mother","/c/en/person","/c/en/manga","/c/en/naruto"],"weight":0.2084599999999997,"degrees":[32,1743,12935,479,82]},"num_concepts_raised":4458},{"base_id":299,"kind":"bot_words","i1":1,"i2":4,"sol":{"path":["/c/en/doula","/c/en/mother","/c/en/person","/c/en/hopeless","/c/en/forlorn"],"weight":0.20484999999999975,"degrees":[32,1743,12935,254,110]},"num_concepts_raised":6515},{"base_id":299,"kind":"bot_words","i1":1,"i2":5,"sol":{"path":["/c/en/doula","/c/en/mother","/c/en/come","/c/en/near","/c/en/nearby"],"weight":0.20965999999999935,"degrees":[32,1743,1658,973,307]},"num_concepts_raised":18480},{"base_id":299,"kind":"bot_words","i1":1,"i2":6,"sol":{"path":["/c/en/doula","/c/en/mother","/c/en/person","/c/en/radical","/c/en/reactionary"],"weight":0.21440999999999963,"degrees":[32,1743,12935,1161,208]},"num_concepts_raised":17600},{"base_id":299,"kind":"bot_words","i1":1,"i2":7,"sol":{"path":["/c/en/doula","/c/en/mother","/c/en/like","/c/en/liquid","/c/en/distillate"],"weight":0.20313999999999988,"degrees":[32,1743,2357,1778,53]},"num_concepts_raised":6892},{"base_id":299,"kind":"bot_words","i1":1,"i2":8,"sol":{"path":["/c/en/doula","/c/en/mother","/c/en/animal","/c/en/beastly"],"weight":0.20975999999999967,"degrees":[32,1743,3735,143]},"num_concepts_raised":24126},{"base_id":299,"kind":"bot_words","i1":1,"i2":9,"sol":{"path":["/c/en/doula","/c/en/mother","/c/en/person","/c/en/miro"],"weight":0.2078899999999999,"degrees":[32,1743,12935,33]},"num_concepts_raised":18070},{"base_id":299,"kind":"bot_words","i1":2,"i2":3,"sol":{"path":["/c/en/tessera","/c/en/glass","/c/en/go","/c/en/japan","/c/en/naruto"],"weight":0.20845999999999965,"degrees":[36,1851,2637,915,82]},"num_concepts_raised":9286},{"base_id":299,"kind":"bot_words","i1":2,"i2":4,"sol":{"path":["/c/en/tessera","/c/en/square","/c/en/military","/c/en/forlorn_hope","/c/en/forlorn"],"weight":0.20570999999999967,"degrees":[36,1534,5690,32,110]},"num_concepts_raised":11328},{"base_id":299,"kind":"bot_words","i1":2,"i2":5,"sol":{"path":["/c/en/tessera","/c/en/square","/c/en/around","/c/en/nearby"],"weight":0.20631999999999928,"degrees":[36,1534,920,307]},"num_concepts_raised":23057},{"base_id":299,"kind":"bot_words","i1":2,"i2":6,"sol":{"path":["/c/en/tessera","/c/en/square","/c/en/conservative","/c/en/reactionary"],"weight":0.2104299999999996,"degrees":[36,1534,422,208]},"num_concepts_raised":22326},{"base_id":299,"kind":"bot_words","i1":2,"i2":7,"sol":{"path":["/c/en/tessera","/c/en/glass","/c/en/liquid","/c/en/distillate"],"weight":0.20316999999999982,"degrees":[36,1851,1778,53]},"num_concepts_raised":11607},{"base_id":299,"kind":"bot_words","i1":2,"i2":8,"sol":{"path":["/c/en/tessera","/c/en/ivory","/c/en/animal","/c/en/beastly"],"weight":0.2096899999999996,"degrees":[36,386,3735,143]},"num_concepts_raised":28680},{"base_id":299,"kind":"bot_words","i1":2,"i2":9,"sol":{"path":["/c/en/tessera","/c/en/wood","/c/en/miro"],"weight":0.20400000000000001,"degrees":[36,2440,33]},"num_concepts_raised":62},{"base_id":299,"kind":"bot_words","i1":3,"i2":4,"sol":{"path":["/c/en/naruto","/c/en/manga","/c/en/person","/c/en/hopeless","/c/en/forlorn"],"weight":0.2103699999999995,"degrees":[82,479,12935,254,110]},"num_concepts_raised":5372},{"base_id":299,"kind":"bot_words","i1":3,"i2":5,"sol":{"path":["/c/en/naruto","/c/en/japan","/c/en/sakurajima","/c/en/nearby"],"weight":0.2115299999999991,"degrees":[82,915,65,307]},"num_concepts_raised":17356},{"base_id":299,"kind":"bot_words","i1":3,"i2":6,"sol":{"path":["/c/en/naruto","/c/en/manga","/c/en/person","/c/en/radical","/c/en/reactionary"],"weight":0.2199299999999994,"degrees":[82,479,12935,1161,208]},"num_concepts_raised":16460},{"base_id":299,"kind":"bot_words","i1":3,"i2":7,"sol":{"path":["/c/en/naruto","/c/en/japan","/c/en/awamori","/c/en/distillation","/c/en/distillate"],"weight":0.20972999999999964,"degrees":[82,915,16,243,53]},"num_concepts_raised":5746},{"base_id":299,"kind":"bot_words","i1":3,"i2":8,"sol":{"path":["/c/en/naruto","/c/en/manga","/c/en/monster","/c/en/beast","/c/en/beastly"],"weight":0.21918999999999944,"degrees":[82,479,693,586,143]},"num_concepts_raised":23042},{"base_id":299,"kind":"bot_words","i1":3,"i2":9,"sol":{"path":["/c/en/naruto","/c/en/manga","/c/en/person","/c/en/miro"],"weight":0.21340999999999966,"degrees":[82,479,12935,33]},"num_concepts_raised":16971},{"base_id":299,"kind":"bot_words","i1":4,"i2":5,"sol":{"path":["/c/en/forlorn","/c/de/verlieren","/c/en/away","/c/en/nearby"],"weight":0.20695999999999914,"degrees":[110,174,1176,307]},"num_concepts_raised":19356},{"base_id":299,"kind":"bot_words","i1":4,"i2":6,"sol":{"path":["/c/en/forlorn","/c/en/hopeless","/c/en/person","/c/en/radical","/c/en/reactionary"],"weight":0.21631999999999946,"degrees":[110,254,12935,1161,208]},"num_concepts_raised":18503},{"base_id":299,"kind":"bot_words","i1":4,"i2":7,"sol":{"path":["/c/en/forlorn","/c/en/loose","/c/en/drop","/c/en/distillation","/c/en/distillate"],"weight":0.2050099999999997,"degrees":[110,723,1915,243,53]},"num_concepts_raised":7808},{"base_id":299,"kind":"bot_words","i1":4,"i2":8,"sol":{"path":["/c/en/forlorn","/c/en/miserable","/c/ja/惨い","/c/en/beastly"],"weight":0.21006999999999948,"degrees":[110,432,49,143]},"num_concepts_raised":25059},{"base_id":299,"kind":"bot_words","i1":4,"i2":9,"sol":{"path":["/c/en/forlorn","/c/en/hopeless","/c/en/person","/c/en/miro"],"weight":0.20979999999999968,"degrees":[110,254,12935,33]},"num_concepts_raised":18958},{"base_id":299,"kind":"bot_words","i1":5,"i2":6,"sol":{"path":["/c/en/nearby","/c/it/vicinale","/c/en/chemistry","/c/en/reactionary"],"weight":0.21343999999999905,"degrees":[307,10,11754,208]},"num_concepts_raised":30386},{"base_id":299,"kind":"bot_words","i1":5,"i2":7,"sol":{"path":["/c/en/nearby","/c/en/near","/c/ja/端","/c/en/fraction","/c/en/distillate"],"weight":0.20988999999999927,"degrees":[307,973,125,449,53]},"num_concepts_raised":19711},{"base_id":299,"kind":"bot_words","i1":5,"i2":8,"sol":{"path":["/c/en/nearby","/c/en/around","/c/en/nature","/c/en/beastly"],"weight":0.21266999999999908,"degrees":[307,920,1372,143]},"num_concepts_raised":36511},{"base_id":299,"kind":"bot_words","i1":5,"i2":9,"sol":{"path":["/c/en/nearby","/c/en/neighbour","/c/en/person","/c/en/miro"],"weight":0.21117999999999926,"degrees":[307,470,12935,33]},"num_concepts_raised":30691},{"base_id":299,"kind":"bot_words","i1":6,"i2":7,"sol":{"path":["/c/en/reactionary","/c/en/chemistry","/c/en/distillation","/c/en/distillate"],"weight":0.21170999999999957,"degrees":[208,11754,243,53]},"num_concepts_raised":18686},{"base_id":299,"kind":"bot_words","i1":6,"i2":8,"sol":{"path":["/c/en/reactionary","/c/en/troglodyte","/c/en/brutish","/c/en/beastly"],"weight":0.21671999999999936,"degrees":[208,71,86,143]},"num_concepts_raised":36031},{"base_id":299,"kind":"bot_words","i1":6,"i2":9,"sol":{"path":["/c/en/reactionary","/c/en/radical","/c/en/person","/c/en/miro"],"weight":0.21935999999999958,"degrees":[208,1161,12935,33]},"num_concepts_raised":29995},{"base_id":299,"kind":"bot_words","i1":7,"i2":8,"sol":{"path":["/c/en/distillate","/c/en/essence","/c/en/nature","/c/en/beastly"],"weight":0.2094299999999996,"degrees":[53,503,1372,143]},"num_concepts_raised":25263},{"base_id":299,"kind":"bot_words","i1":7,"i2":9,"sol":{"path":["/c/en/distillate","/c/en/fuel","/c/en/wood","/c/en/miro"],"weight":0.2081099999999998,"degrees":[53,725,2440,33]},"num_concepts_raised":19318},{"base_id":299,"kind":"bot_words","i1":8,"i2":9,"sol":{"path":["/c/en/beastly","/c/en/animal","/c/en/person","/c/en/miro"],"weight":0.2147899999999996,"degrees":[143,3735,12935,33]},"num_concepts_raised":35797}],[{"base_id":299,"kind":"top_words","i1":0,"i2":1,"sol":{"path":["/c/en/consolatory","/c/en/console","/c/fr/console","/c/en/music","/c/en/postlude"],"weight":0.2041099999999999,"degrees":[40,312,102,8822,27]},"num_concepts_raised":12637},{"base_id":299,"kind":"top_words","i1":0,"i2":2,"sol":{"path":["/c/en/consolatory","/c/en/comfortable","/c/en/nest","/c/en/circular","/c/en/handbill"],"weight":0.2053899999999999,"degrees":[40,427,1196,548,41]},"num_concepts_raised":8435},{"base_id":299,"kind":"top_words","i1":0,"i2":3,"sol":{"path":["/c/en/consolatory","/c/en/console","/c/en/power","/c/en/dead","/c/en/spiritualist","/c/en/spiritualistic"],"weight":0.20986409999999983,"degrees":[40,312,2205,1376,46,27]},"num_concepts_raised":97979},{"base_id":299,"kind":"top_words","i1":0,"i2":4,"sol":{"path":["/c/en/consolatory","/c/en/consolation","/c/en/sports","/c/en/slackline"],"weight":0.20407999999999998,"degrees":[40,202,3417,30]},"num_concepts_raised":5459},{"base_id":299,"kind":"top_words","i1":0,"i2":5,"sol":{"path":["/c/en/consolatory","/c/en/console","/c/en/software","/c/en/rollup"],"weight":0.20396999999999985,"degrees":[40,312,1812,29]},"num_concepts_raised":19291},{"base_id":299,"kind":"top_words","i1":0,"i2":6,"sol":{"path":["/c/en/consolatory","/c/en/console","/c/en/automobile","/c/en/car","/c/en/handcar"],"weight":0.20509999999999995,"degrees":[40,312,794,2328,28]},"num_concepts_raised":5454},{"base_id":299,"kind":"top_words","i1":0,"i2":7,"sol":{"path":["/c/en/consolatory","/c/en/console","/c/en/game","/c/en/seduce","/c/en/debauch"],"weight":0.2046699999999998,"degrees":[40,312,2308,293,91]},"num_concepts_raised":4748},{"base_id":299,"kind":"top_words","i1":0,"i2":8,"sol":{"path":["/c/en/consolatory","/c/en/console","/c/en/control","/c/en/bailment"],"weight":0.2039899999999999,"degrees":[40,312,1901,31]},"num_concepts_raised":15345},{"base_id":299,"kind":"top_words","i1":0,"i2":9,"sol":{"path":["/c/en/consolatory","/c/en/comfortable","/c/en/bed","/c/en/sack","/c/en/sackful"],"weight":0.20411,"degrees":[40,427,2185,774,28]},"num_concepts_raised":2082},{"base_id":299,"kind":"top_words","i1":1,"i2":2,"sol":{"path":["/c/en/postlude","/c/en/organ","/c/en/hand","/c/en/handbill"],"weight":0.20402999999999996,"degrees":[27,1225,2596,41]},"num_concepts_raised":18821},{"base_id":299,"kind":"top_words","i1":1,"i2":3,"sol":{"path":["/c/en/postlude","/c/en/church","/c/en/ecclesiastic","/c/en/spiritualist","/c/en/spiritualistic"],"weight":0.20378999999999997,"degrees":[27,1592,68,46,27]},"num_concepts_raised":11894},{"base_id":299,"kind":"top_words","i1":1,"i2":4,"sol":{"path":["/c/en/postlude","/c/en/service","/c/en/sports","/c/en/slackline"],"weight":0.20393000000000003,"degrees":[27,1385,3417,30]},"num_concepts_raised":15924},{"base_id":299,"kind":"top_words","i1":1,"i2":5,"sol":{"path":["/c/en/postlude","/c/en/service","/c/en/company","/c/en/rollup"],"weight":0.2027999999999999,"degrees":[27,1385,2258,29]},"num_concepts_raised":29445},{"base_id":299,"kind":"top_words","i1":1,"i2":6,"sol":{"path":["/c/en/postlude","/c/en/organ","/c/en/hand","/c/en/handcar"],"weight":0.20277,"degrees":[27,1225,2596,28]},"num_concepts_raised":15922},{"base_id":299,"kind":"top_words","i1":1,"i2":7,"sol":{"path":["/c/en/postlude","/c/en/music","/c/en/seduce","/c/en/debauch"],"weight":0.2035399999999999,"degrees":[27,8822,293,91]},"num_concepts_raised":15288},{"base_id":299,"kind":"top_words","i1":1,"i2":8,"sol":{"path":["/c/en/postlude","/c/en/service","/c/en/legal","/c/en/bailment"],"weight":0.20291999999999993,"degrees":[27,1385,6627,31]},"num_concepts_raised":25599},{"base_id":299,"kind":"top_words","i1":1,"i2":9,"sol":{"path":["/c/en/postlude","/c/en/music","/c/en/take","/c/en/sack","/c/en/sackful"],"weight":0.20403000000000004,"degrees":[27,8822,2552,774,28]},"num_concepts_raised":12660},{"base_id":299,"kind":"top_words","i1":2,"i2":3,"sol":{"path":["/c/en/handbill","/c/en/circular","/c/en/planchette","/c/en/spiritualism","/c/en/spiritualistic"],"weight":0.20527999999999993,"degrees":[41,548,29,118,27]},"num_concepts_raised":7700},{"base_id":299,"kind":"top_words","i1":2,"i2":4,"sol":{"path":["/c/en/handbill","/c/en/loose","/c/en/sports","/c/en/slackline"],"weight":0.20411,"degrees":[41,723,3417,30]},"num_concepts_raised":11722},{"base_id":299,"kind":"top_words","i1":2,"i2":5,"sol":{"path":["/c/en/handbill","/c/en/hand","/c/en/cigarette","/c/en/rollup"],"weight":0.2040699999999999,"degrees":[41,2596,785,29]},"num_concepts_raised":25347},{"base_id":299,"kind":"top_words","i1":2,"i2":6,"sol":{"path":["/c/en/handbill","/c/en/hand","/c/en/handcar"],"weight":0.203,"degrees":[41,2596,28]},"num_concepts_raised":52},{"base_id":299,"kind":"top_words","i1":2,"i2":7,"sol":{"path":["/c/en/handbill","/c/en/loose","/c/en/abandonment","/c/en/debauch"],"weight":0.20363999999999985,"degrees":[41,723,247,91]},"num_concepts_raised":11083},{"base_id":299,"kind":"top_words","i1":2,"i2":8,"sol":{"path":["/c/en/handbill","/c/en/hand","/c/en/control","/c/en/bailment"],"weight":0.20403999999999992,"degrees":[41,2596,1901,31]},"num_concepts_raised":21479},{"base_id":299,"kind":"top_words","i1":2,"i2":9,"sol":{"path":["/c/en/handbill","/c/en/circular","/c/en/ball","/c/en/sack","/c/en/sackful"],"weight":0.20643000000000006,"degrees":[41,548,2118,774,28]},"num_concepts_raised":8445},{"base_id":299,"kind":"top_words","i1":3,"i2":4,"sol":{"path":["/c/en/spiritualistic","/c/en/spiritualist","/c/en/dead","/c/en/sports","/c/en/slackline"],"weight":0.20496000000000003,"degrees":[27,46,1376,3417,30]},"num_concepts_raised":4718},{"base_id":299,"kind":"top_words","i1":3,"i2":5,"sol":{"path":["/c/en/spiritualistic","/c/en/spiritistic","/c/en/concern","/c/en/company","/c/en/rollup"],"weight":0.2038299999999999,"degrees":[27,13,881,2258,29]},"num_concepts_raised":18557},{"base_id":299,"kind":"top_words","i1":3,"i2":6,"sol":{"path":["/c/en/spiritualistic","/c/en/spiritistic","/c/en/deal","/c/en/car","/c/en/handcar"],"weight":0.20487,"degrees":[27,13,875,2328,28]},"num_concepts_raised":4714},{"base_id":299,"kind":"top_words","i1":3,"i2":7,"sol":{"path":["/c/en/spiritualistic","/c/en/spiritualism","/c/en/living","/c/en/seraglio","/c/en/debauchery","/c/en/debauch"],"weight":0.21114639999999985,"degrees":[27,118,839,49,140,91]},"num_concepts_raised":396627},{"base_id":299,"kind":"top_words","i1":3,"i2":8,"sol":{"path":["/c/en/spiritualistic","/c/en/spiritistic","/c/en/deal","/c/en/contract","/c/en/bailment"],"weight":0.20490999999999993,"degrees":[27,13,875,1244,31]},"num_concepts_raised":14617},{"base_id":299,"kind":"top_words","i1":3,"i2":9,"sol":{"path":["/c/en/spiritualistic","/c/en/spiritualist","/c/en/philosophy","/c/en/fire","/c/en/sack","/c/en/sackful"],"weight":0.21002189999999987,"degrees":[27,46,2516,2829,774,28]},"num_concepts_raised":148551},{"base_id":299,"kind":"top_words","i1":4,"i2":5,"sol":{"path":["/c/en/slackline","/c/en/tightrope","/c/en/cable","/c/en/wrap","/c/en/rollup"],"weight":0.20493999999999996,"degrees":[30,61,735,534,29]},"num_concepts_raised":22500},{"base_id":299,"kind":"top_words","i1":4,"i2":6,"sol":{"path":["/c/en/slackline","/c/en/sports","/c/en/car","/c/en/handcar"],"weight":0.20499000000000006,"degrees":[30,3417,2328,28]},"num_concepts_raised":8770},{"base_id":299,"kind":"top_words","i1":4,"i2":7,"sol":{"path":["/c/en/slackline","/c/en/sports","/c/en/balk","/c/en/debauch"],"weight":0.2046099999999999,"degrees":[30,3417,108,91]},"num_concepts_raised":8129},{"base_id":299,"kind":"top_words","i1":4,"i2":8,"sol":{"path":["/c/en/slackline","/c/en/sports","/c/en/possession","/c/en/bailment"],"weight":0.20395999999999997,"degrees":[30,3417,673,31]},"num_concepts_raised":18560},{"base_id":299,"kind":"top_words","i1":4,"i2":9,"sol":{"path":["/c/en/slackline","/c/en/sports","/c/en/fire","/c/en/sack","/c/en/sackful"],"weight":0.2051400000000001,"degrees":[30,3417,2829,774,28]},"num_concepts_raised":5471},{"base_id":299,"kind":"top_words","i1":5,"i2":6,"sol":{"path":["/c/en/rollup","/c/en/computing","/c/en/car","/c/en/handcar"],"weight":0.2038399999999999,"degrees":[29,9084,2328,28]},"num_concepts_raised":22431},{"base_id":299,"kind":"top_words","i1":5,"i2":7,"sol":{"path":["/c/en/rollup","/c/en/company","/c/en/having_friends_over","/c/en/debauchery","/c/en/debauch"],"weight":0.2057199999999998,"degrees":[29,2258,82,140,91]},"num_concepts_raised":21916},{"base_id":299,"kind":"top_words","i1":5,"i2":8,"sol":{"path":["/c/en/rollup","/c/en/business","/c/en/contract","/c/en/bailment"],"weight":0.20389999999999986,"degrees":[29,2538,1244,31]},"num_concepts_raised":31952},{"base_id":299,"kind":"top_words","i1":5,"i2":9,"sol":{"path":["/c/en/rollup","/c/en/roll_up","/c/en/store","/c/en/sack","/c/en/sackful"],"weight":0.20606999999999998,"degrees":[29,347,1279,774,28]},"num_concepts_raised":19294},{"base_id":299,"kind":"top_words","i1":6,"i2":7,"sol":{"path":["/c/en/handcar","/c/en/car","/c/fr/wagon","/c/fr/débauche","/c/en/debauch"],"weight":0.20469999999999988,"degrees":[28,2328,170,100,91]},"num_concepts_raised":8132},{"base_id":299,"kind":"top_words","i1":6,"i2":8,"sol":{"path":["/c/en/handcar","/c/en/car","/c/en/control","/c/en/bailment"],"weight":0.20385999999999996,"degrees":[28,2328,1901,31]},"num_concepts_raised":18600},{"base_id":299,"kind":"top_words","i1":6,"i2":9,"sol":{"path":["/c/en/handcar","/c/en/car","/c/en/us","/c/en/sack","/c/en/sackful"],"weight":0.20504000000000008,"degrees":[28,2328,8154,774,28]},"num_concepts_raised":5471},{"base_id":299,"kind":"top_words","i1":7,"i2":8,"sol":{"path":["/c/en/debauch","/c/en/abandonment","/c/en/legal","/c/en/bailment"],"weight":0.20358999999999983,"degrees":[91,247,6627,31]},"num_concepts_raised":17955},{"base_id":299,"kind":"top_words","i1":7,"i2":9,"sol":{"path":["/c/en/debauch","/c/fr/débaucher","/c/en/lay_off","/c/en/sack","/c/en/sackful"],"weight":0.20569999999999997,"degrees":[91,124,110,774,28]},"num_concepts_raised":4761},{"base_id":299,"kind":"top_words","i1":8,"i2":9,"sol":{"path":["/c/en/bailment","/c/en/bail","/c/en/slang","/c/en/sack","/c/en/sackful"],"weight":0.20613000000000004,"degrees":[31,380,16318,774,28]},"num_concepts_raised":15365}]]