[[{"base_id":478,"kind":"bot_words","i1":0,"i2":1,"sol":{"path":["/c/en/taxon","/c/en/key","/c/fr/ergot","/c/en/ergot"],"weight":0.20659999999999953,"degrees":[141,1529,78,78]},"num_concepts_raised":19404},{"base_id":478,"kind":"bot_words","i1":0,"i2":2,"sol":{"path":["/c/en/taxon","/c/en/class","/c/en/slang","/c/en/busted"],"weight":0.20444999999999958,"degrees":[141,1926,16318,40]},"num_concepts_raised":35586},{"base_id":478,"kind":"bot_words","i1":0,"i2":3,"sol":{"path":["/c/en/taxon","/c/en/taxonomy","/c/fr/espèce","/c/en/redeem","/c/en/redeemable"],"weight":0.20708999999999958,"degrees":[141,745,1923,319,54]},"num_concepts_raised":21365},{"base_id":478,"kind":"bot_words","i1":0,"i2":4,"sol":{"path":["/c/en/taxon","/c/en/class","/c/en/craft","/c/en/hovercraft"],"weight":0.21353999999999973,"degrees":[141,1926,598,167]},"num_concepts_raised":27402},{"base_id":478,"kind":"bot_words","i1":0,"i2":5,"sol":{"path":["/c/en/taxon","/c/en/order","/c/en/bug","/c/en/insect"],"weight":0.24087999999999948,"degrees":[141,2833,643,2112]},"num_concepts_raised":101826},{"base_id":478,"kind":"bot_words","i1":0,"i2":6,"sol":{"path":["/c/en/taxon","/c/en/class","/c/en/chemistry","/c/fi/tetrahydrokannabinoli","/c/en/tetrahydrocannabinol"],"weight":0.2151199999999998,"degrees":[141,1926,11754,7,122]},"num_concepts_raised":39468},{"base_id":478,"kind":"bot_words","i1":0,"i2":7,"sol":{"path":["/c/en/taxon","/c/en/type","/c/en/farm","/c/en/cultivated"],"weight":0.20533999999999916,"degrees":[141,1591,1479,143]},"num_concepts_raised":26336},{"base_id":478,"kind":"bot_words","i1":0,"i2":8,"sol":{"path":["/c/en/taxon","/c/en/family","/c/en/house","/c/en/slipper"],"weight":0.20825999999999914,"degrees":[141,3166,3114,279]},"num_concepts_raised":49315},{"base_id":478,"kind":"bot_words","i1":0,"i2":9,"sol":{"path":["/c/en/taxon","/c/en/type","/c/en/medicine","/c/en/sedentary"],"weight":0.20481999999999956,"degrees":[141,1591,11938,85]},"num_concepts_raised":36742},{"base_id":478,"kind":"bot_words","i1":1,"i2":2,"sol":{"path":["/c/en/ergot","/c/en/grass","/c/en/slang","/c/en/busted"],"weight":0.20354999999999984,"degrees":[78,1578,16318,40]},"num_concepts_raised":22504},{"base_id":478,"kind":"bot_words","i1":1,"i2":3,"sol":{"path":["/c/en/ergot","/c/en/lysergic_acid","/c/en/compound","/c/en/redeem","/c/en/redeemable"],"weight":0.20473999999999987,"degrees":[78,55,1833,319,54]},"num_concepts_raised":8042},{"base_id":478,"kind":"bot_words","i1":1,"i2":4,"sol":{"path":["/c/en/ergot","/c/fr/ergot","/c/fr/arbre","/c/fr/marine","/c/en/hovercraft"],"weight":0.2127,"degrees":[78,78,1577,4216,167]},"num_concepts_raised":14196},{"base_id":478,"kind":"bot_words","i1":1,"i2":5,"sol":{"path":["/c/en/ergot","/c/en/grass","/c/en/animal","/c/en/insect"],"weight":0.23560999999999976,"degrees":[78,1578,3735,2112]},"num_concepts_raised":90125},{"base_id":478,"kind":"bot_words","i1":1,"i2":6,"sol":{"path":["/c/en/ergot","/c/en/ergotamine","/c/en/drug","/c/en/tetrahydrocannabinol"],"weight":0.21123000000000008,"degrees":[78,57,4920,122]},"num_concepts_raised":26145},{"base_id":478,"kind":"bot_words","i1":1,"i2":7,"sol":{"path":["/c/en/ergot","/c/en/grass","/c/en/crop","/c/en/cultivated"],"weight":0.20468999999999943,"degrees":[78,1578,1131,143]},"num_concepts_raised":13125},{"base_id":478,"kind":"bot_words","i1":1,"i2":8,"sol":{"path":["/c/en/ergot","/c/en/grass","/c/en/feet","/c/en/slipper"],"weight":0.20632999999999943,"degrees":[78,1578,573,279]},"num_concepts_raised":36794},{"base_id":478,"kind":"bot_words","i1":1,"i2":9,"sol":{"path":["/c/en/ergot","/c/en/ergotin","/c/en/medicine","/c/en/sedentary"],"weight":0.20403999999999983,"degrees":[78,5,11938,85]},"num_concepts_raised":23698},{"base_id":478,"kind":"bot_words","i1":2,"i2":3,"sol":{"path":["/c/en/busted","/c/en/broken","/c/de/break","/c/en/redeem","/c/en/redeemable"],"weight":0.2054899999999999,"degrees":[40,684,22,319,54]},"num_concepts_raised":24414},{"base_id":478,"kind":"bot_words","i1":2,"i2":4,"sol":{"path":["/c/en/busted","/c/en/act","/c/en/craft","/c/en/hovercraft"],"weight":0.21220000000000006,"degrees":[40,2503,598,167]},"num_concepts_raised":30382},{"base_id":478,"kind":"bot_words","i1":2,"i2":5,"sol":{"path":["/c/en/busted","/c/en/slang","/c/en/bug","/c/en/insect"],"weight":0.24000999999999978,"degrees":[40,16318,643,2112]},"num_concepts_raised":104387},{"base_id":478,"kind":"bot_words","i1":2,"i2":6,"sol":{"path":["/c/en/busted","/c/en/slang","/c/en/kush","/c/en/thc","/c/en/tetrahydrocannabinol"],"weight":0.2118600000000001,"degrees":[40,16318,20,14,122]},"num_concepts_raised":42483},{"base_id":478,"kind":"bot_words","i1":2,"i2":7,"sol":{"path":["/c/en/busted","/c/en/broken","/c/en/garden","/c/en/cultivated"],"weight":0.20529999999999948,"degrees":[40,684,1231,143]},"num_concepts_raised":29445},{"base_id":478,"kind":"bot_words","i1":2,"i2":8,"sol":{"path":["/c/en/busted","/c/en/bust","/c/en/us","/c/en/slipper"],"weight":0.20780999999999944,"degrees":[40,292,8154,279]},"num_concepts_raised":50637},{"base_id":478,"kind":"bot_words","i1":2,"i2":9,"sol":{"path":["/c/en/busted","/c/en/act","/c/en/move","/c/en/sedentary"],"weight":0.20468999999999987,"degrees":[40,2503,2810,85]},"num_concepts_raised":39781},{"base_id":478,"kind":"bot_words","i1":3,"i2":4,"sol":{"path":["/c/en/redeemable","/c/en/pay_off","/c/en/nautical","/c/ru/ховеркрафт","/c/en/hovercraft"],"weight":0.21247000000000005,"degrees":[54,137,5204,16,167]},"num_concepts_raised":16110},{"base_id":478,"kind":"bot_words","i1":3,"i2":5,"sol":{"path":["/c/en/redeemable","/c/en/discharge","/c/en/bat","/c/en/insect"],"weight":0.23221999999999982,"degrees":[54,934,1544,2112]},"num_concepts_raised":92058},{"base_id":478,"kind":"bot_words","i1":3,"i2":6,"sol":{"path":["/c/en/redeemable","/c/en/reform","/c/en/chemistry","/c/fi/tetrahydrokannabinoli","/c/en/tetrahydrocannabinol"],"weight":0.21401000000000014,"degrees":[54,504,11754,7,122]},"num_concepts_raised":28175},{"base_id":478,"kind":"bot_words","i1":3,"i2":7,"sol":{"path":["/c/en/redeemable","/c/en/finance","/c/en/refined","/c/en/cultivated"],"weight":0.20443999999999946,"degrees":[54,2051,369,143]},"num_concepts_raised":15117},{"base_id":478,"kind":"bot_words","i1":3,"i2":8,"sol":{"path":["/c/en/redeemable","/c/en/lottery_ticket","/c/en/slip","/c/en/slipper"],"weight":0.20603999999999945,"degrees":[54,52,1135,279]},"num_concepts_raised":38613},{"base_id":478,"kind":"bot_words","i1":3,"i2":9,"sol":{"path":["/c/en/redeemable","/c/en/discharge","/c/en/medicine","/c/en/sedentary"],"weight":0.20379999999999987,"degrees":[54,934,11938,85]},"num_concepts_raised":25563},{"base_id":478,"kind":"bot_words","i1":4,"i2":5,"sol":{"path":["/c/en/hovercraft","/c/en/air","/c/en/fly","/c/en/insect"],"weight":0.24477999999999997,"degrees":[167,1965,2276,2112]},"num_concepts_raised":97693},{"base_id":478,"kind":"bot_words","i1":4,"i2":6,"sol":{"path":["/c/en/hovercraft","/c/en/vehicle","/c/en/substance","/c/en/tetrahydrocannabinol"],"weight":0.21697000000000033,"degrees":[167,1419,1169,122]},"num_concepts_raised":34294},{"base_id":478,"kind":"bot_words","i1":4,"i2":7,"sol":{"path":["/c/en/hovercraft","/c/en/craft","/c/en/work","/c/en/cultivate","/c/en/cultivated"],"weight":0.21533999999999967,"degrees":[167,598,4013,423,143]},"num_concepts_raised":21223},{"base_id":478,"kind":"bot_words","i1":4,"i2":8,"sol":{"path":["/c/en/hovercraft","/c/en/air","/c/en/house","/c/en/slipper"],"weight":0.21417999999999965,"degrees":[167,1965,3114,279]},"num_concepts_raised":44345},{"base_id":478,"kind":"bot_words","i1":4,"i2":9,"sol":{"path":["/c/en/hovercraft","/c/en/transport","/c/en/move","/c/en/sedentary"],"weight":0.21189000000000002,"degrees":[167,1411,2810,85]},"num_concepts_raised":31563},{"base_id":478,"kind":"bot_words","i1":5,"i2":6,"sol":{"path":["/c/en/insect","/c/en/animal","/c/en/organic_matter","/c/en/tetrahydrocannabinol"],"weight":0.24168000000000003,"degrees":[2112,3735,163,122]},"num_concepts_raised":109996},{"base_id":478,"kind":"bot_words","i1":5,"i2":7,"sol":{"path":["/c/en/insect","/c/en/bug","/c/en/garden","/c/en/cultivated"],"weight":0.2406599999999994,"degrees":[2112,643,1231,143]},"num_concepts_raised":96551},{"base_id":478,"kind":"bot_words","i1":5,"i2":8,"sol":{"path":["/c/en/insect","/c/en/bug","/c/en/us","/c/en/slipper"],"weight":0.2425099999999994,"degrees":[2112,643,8154,279]},"num_concepts_raised":117938},{"base_id":478,"kind":"bot_words","i1":5,"i2":9,"sol":{"path":["/c/en/insect","/c/en/fly","/c/en/move","/c/en/sedentary"],"weight":0.23917999999999978,"degrees":[2112,2276,2810,85]},"num_concepts_raised":106895},{"base_id":478,"kind":"bot_words","i1":6,"i2":7,"sol":{"path":["/c/en/tetrahydrocannabinol","/c/en/edible","/c/en/crop","/c/en/cultivated"],"weight":0.2109099999999997,"degrees":[122,573,1131,143]},"num_concepts_raised":33272},{"base_id":478,"kind":"bot_words","i1":6,"i2":8,"sol":{"path":["/c/en/tetrahydrocannabinol","/c/en/drug","/c/en/mule","/c/en/slipper"],"weight":0.2126599999999997,"degrees":[122,4920,496,279]},"num_concepts_raised":56823},{"base_id":478,"kind":"bot_words","i1":6,"i2":9,"sol":{"path":["/c/en/tetrahydrocannabinol","/c/en/drug","/c/en/medicine","/c/en/sedentary"],"weight":0.2104200000000001,"degrees":[122,4920,11938,85]},"num_concepts_raised":43223},{"base_id":478,"kind":"bot_words","i1":7,"i2":8,"sol":{"path":["/c/en/cultivated","/c/en/farm","/c/en/house","/c/en/slipper"],"weight":0.20811999999999903,"degrees":[143,1479,3114,279]},"num_concepts_raised":43424},{"base_id":478,"kind":"bot_words","i1":7,"i2":9,"sol":{"path":["/c/en/cultivated","/c/en/tame","/c/en/sluggish","/c/en/sedentary"],"weight":0.20569999999999944,"degrees":[143,432,256,85]},"num_concepts_raised":30693},{"base_id":478,"kind":"bot_words","i1":8,"i2":9,"sol":{"path":["/c/en/slipper","/c/en/house","/c/en/move","/c/en/sedentary"],"weight":0.20862999999999943,"degrees":[279,3114,2810,85]},"num_concepts_raised":53762}],[{"base_id":478,"kind":"top_words","i1":0,"i2":1,"sol":{"path":["/c/en/laws","/c/en/regulation","/c/en/regulations"],"weight":0.20400000000000001,"degrees":[82,558,53]},"num_concepts_raised":125},{"base_id":478,"kind":"top_words","i1":0,"i2":2,"sol":{"path":["/c/en/laws","/c/en/law","/c/en/ban","/c/en/prohibit"],"weight":0.21625999999999945,"degrees":[82,3727,471,278]},"num_concepts_raised":42920},{"base_id":478,"kind":"top_words","i1":0,"i2":3,"sol":{"path":["/c/en/laws","/c/en/rules"],"weight":0.20400000000000001,"degrees":[82,125]},"num_concepts_raised":182},{"base_id":478,"kind":"top_words","i1":0,"i2":4,"sol":{"path":["/c/en/laws","/c/en/law"],"weight":0.21000000000000002,"degrees":[82,3727]},"num_concepts_raised":3289},{"base_id":478,"kind":"top_words","i1":0,"i2":5,"sol":{"path":["/c/en/laws","/c/en/amendment"],"weight":0.20400000000000001,"degrees":[82,194]},"num_concepts_raised":218},{"base_id":478,"kind":"top_words","i1":0,"i2":6,"sol":{"path":["/c/en/laws","/c/en/rule","/c/en/strict"],"weight":0.20500000000000002,"degrees":[82,2063,385]},"num_concepts_raised":401},{"base_id":478,"kind":"top_words","i1":0,"i2":7,"sol":{"path":["/c/en/laws","/c/en/government","/c/en/commissariat","/c/en/provisions"],"weight":0.21027999999999936,"degrees":[82,2046,81,107]},"num_concepts_raised":38371},{"base_id":478,"kind":"top_words","i1":0,"i2":8,"sol":{"path":["/c/en/laws","/c/en/law","/c/en/restrictive","/c/en/stringent"],"weight":0.21117999999999953,"degrees":[82,3727,114,72]},"num_concepts_raised":36989},{"base_id":478,"kind":"top_words","i1":0,"i2":9,"sol":{"path":["/c/en/laws","/c/en/law","/c/en/enforce"],"weight":0.20500000000000002,"degrees":[82,3727,172]},"num_concepts_raised":233},{"base_id":478,"kind":"top_words","i1":1,"i2":2,"sol":{"path":["/c/en/regulations","/c/en/rule","/c/en/illegal","/c/en/prohibit"],"weight":0.20629999999999954,"degrees":[53,2063,535,278]},"num_concepts_raised":15660},{"base_id":478,"kind":"top_words","i1":1,"i2":3,"sol":{"path":["/c/en/regulations","/c/en/rule","/c/en/rules"],"weight":0.20400000000000001,"degrees":[53,2063,125]},"num_concepts_raised":153},{"base_id":478,"kind":"top_words","i1":1,"i2":4,"sol":{"path":["/c/en/regulations","/c/en/rule","/c/en/law"],"weight":0.20800000000000002,"degrees":[53,2063,3727]},"num_concepts_raised":3278},{"base_id":478,"kind":"top_words","i1":1,"i2":5,"sol":{"path":["/c/en/regulations","/c/en/rule","/c/en/law","/c/en/amendment"],"weight":0.20646999999999952,"degrees":[53,2063,3727,194]},"num_concepts_raised":22842},{"base_id":478,"kind":"top_words","i1":1,"i2":6,"sol":{"path":["/c/en/regulations","/c/en/rule","/c/en/strict"],"weight":0.203,"degrees":[53,2063,385]},"num_concepts_raised":376},{"base_id":478,"kind":"top_words","i1":1,"i2":7,"sol":{"path":["/c/en/regulations","/c/ja/定め","/c/en/provision","/c/en/provisions"],"weight":0.20472999999999944,"degrees":[53,41,416,107]},"num_concepts_raised":10886},{"base_id":478,"kind":"top_words","i1":1,"i2":8,"sol":{"path":["/c/en/regulations","/c/en/rule","/c/en/strict","/c/en/stringent"],"weight":0.2050299999999996,"degrees":[53,2063,385,72]},"num_concepts_raised":9561},{"base_id":478,"kind":"top_words","i1":1,"i2":9,"sol":{"path":["/c/en/regulations","/c/en/rule","/c/en/law","/c/en/enforce"],"weight":0.20492999999999928,"degrees":[53,2063,3727,172]},"num_concepts_raised":26911},{"base_id":478,"kind":"top_words","i1":2,"i2":3,"sol":{"path":["/c/en/prohibit","/c/en/ban","/c/en/law","/c/en/rules"],"weight":0.2095899999999993,"degrees":[278,471,3727,125]},"num_concepts_raised":47538},{"base_id":478,"kind":"top_words","i1":2,"i2":4,"sol":{"path":["/c/en/prohibit","/c/en/prohibition","/c/en/law"],"weight":0.20800000000000002,"degrees":[278,347,3727]},"num_concepts_raised":3447},{"base_id":478,"kind":"top_words","i1":2,"i2":5,"sol":{"path":["/c/en/prohibit","/c/en/ban","/c/en/law","/c/en/amendment"],"weight":0.21140999999999946,"degrees":[278,471,3727,194]},"num_concepts_raised":29787},{"base_id":478,"kind":"top_words","i1":2,"i2":6,"sol":{"path":["/c/en/prohibit","/c/en/allow","/c/en/nice","/c/en/strict"],"weight":0.21186999999999884,"degrees":[278,879,845,385]},"num_concepts_raised":37771},{"base_id":478,"kind":"top_words","i1":2,"i2":7,"sol":{"path":["/c/en/prohibit","/c/en/allow","/c/ar/أمد","/c/en/provisions"],"weight":0.20772999999999936,"degrees":[278,879,25,107]},"num_concepts_raised":17831},{"base_id":478,"kind":"top_words","i1":2,"i2":8,"sol":{"path":["/c/en/prohibit","/c/en/bar","/c/en/rigid","/c/en/stringent"],"weight":0.20658999999999955,"degrees":[278,1972,406,72]},"num_concepts_raised":16535},{"base_id":478,"kind":"top_words","i1":2,"i2":9,"sol":{"path":["/c/en/prohibit","/c/en/ban","/c/en/law","/c/en/enforce"],"weight":0.20988999999999922,"degrees":[278,471,3727,172]},"num_concepts_raised":33696},{"base_id":478,"kind":"top_words","i1":3,"i2":4,"sol":{"path":["/c/en/rules","/c/en/law"],"weight":0.20600000000000002,"degrees":[125,3727]},"num_concepts_raised":3332},{"base_id":478,"kind":"top_words","i1":3,"i2":5,"sol":{"path":["/c/en/rules","/c/en/law","/c/en/amendment"],"weight":0.203,"degrees":[125,3727,194]},"num_concepts_raised":260},{"base_id":478,"kind":"top_words","i1":3,"i2":6,"sol":{"path":["/c/en/rules","/c/en/rule","/c/en/strict"],"weight":0.20500000000000002,"degrees":[125,2063,385]},"num_concepts_raised":441},{"base_id":478,"kind":"top_words","i1":3,"i2":7,"sol":{"path":["/c/en/rules","/c/en/rule","/c/ja/規定","/c/en/provisions"],"weight":0.20686999999999917,"degrees":[125,2063,30,107]},"num_concepts_raised":43205},{"base_id":478,"kind":"top_words","i1":3,"i2":8,"sol":{"path":["/c/en/rules","/c/en/rule","/c/en/strict","/c/en/stringent"],"weight":0.20801999999999937,"degrees":[125,2063,385,72]},"num_concepts_raised":41953},{"base_id":478,"kind":"top_words","i1":3,"i2":9,"sol":{"path":["/c/en/rules","/c/en/law","/c/en/enforce"],"weight":0.202,"degrees":[125,3727,172]},"num_concepts_raised":276},{"base_id":478,"kind":"top_words","i1":4,"i2":5,"sol":{"path":["/c/en/law","/c/en/amendment"],"weight":0.20800000000000002,"degrees":[3727,194]},"num_concepts_raised":3364},{"base_id":478,"kind":"top_words","i1":4,"i2":6,"sol":{"path":["/c/en/law","/c/en/rule","/c/en/strict"],"weight":0.20900000000000002,"degrees":[3727,2063,385]},"num_concepts_raised":3552},{"base_id":478,"kind":"top_words","i1":4,"i2":7,"sol":{"path":["/c/en/law","/c/en/legal","/c/en/provision","/c/en/provisions"],"weight":0.2608000000000186,"degrees":[3727,6627,416,107]},"num_concepts_raised":318714},{"base_id":478,"kind":"top_words","i1":4,"i2":8,"sol":{"path":["/c/en/law","/c/en/restrictive","/c/en/stringent"],"weight":0.20600000000000002,"degrees":[3727,114,72]},"num_concepts_raised":3299},{"base_id":478,"kind":"top_words","i1":4,"i2":9,"sol":{"path":["/c/en/law","/c/en/enforce"],"weight":0.20600000000000002,"degrees":[3727,172]},"num_concepts_raised":3382},{"base_id":478,"kind":"top_words","i1":5,"i2":6,"sol":{"path":["/c/en/amendment","/c/fi/muutos","/c/en/strain","/c/en/strict"],"weight":0.21158999999999878,"degrees":[194,60,739,385]},"num_concepts_raised":44889},{"base_id":478,"kind":"top_words","i1":5,"i2":7,"sol":{"path":["/c/en/amendment","/c/en/legal","/c/en/provision","/c/en/provisions"],"weight":0.20656999999999934,"degrees":[194,6627,416,107]},"num_concepts_raised":25333},{"base_id":478,"kind":"top_words","i1":5,"i2":8,"sol":{"path":["/c/en/amendment","/c/en/law","/c/en/restrictive","/c/en/stringent"],"weight":0.20633999999999952,"degrees":[194,3727,114,72]},"num_concepts_raised":24018},{"base_id":478,"kind":"top_words","i1":5,"i2":9,"sol":{"path":["/c/en/amendment","/c/en/law","/c/en/enforce"],"weight":0.203,"degrees":[194,3727,172]},"num_concepts_raised":302},{"base_id":478,"kind":"top_words","i1":6,"i2":7,"sol":{"path":["/c/en/strict","/c/en/rule","/c/ja/規定","/c/en/provisions"],"weight":0.2083299999999987,"degrees":[385,2063,30,107]},"num_concepts_raised":33147},{"base_id":478,"kind":"top_words","i1":6,"i2":8,"sol":{"path":["/c/en/strict","/c/en/stringent"],"weight":0.20500000000000002,"degrees":[385,72]},"num_concepts_raised":360},{"base_id":478,"kind":"top_words","i1":6,"i2":9,"sol":{"path":["/c/en/strict","/c/en/exact","/c/en/enforce"],"weight":0.203,"degrees":[385,434,172]},"num_concepts_raised":479},{"base_id":478,"kind":"top_words","i1":7,"i2":8,"sol":{"path":["/c/en/provisions","/c/ja/規定","/c/en/rule","/c/en/strict","/c/en/stringent"],"weight":0.20533999999999947,"degrees":[107,30,2063,385,72]},"num_concepts_raised":11746},{"base_id":478,"kind":"top_words","i1":7,"i2":9,"sol":{"path":["/c/en/provisions","/c/en/commissariat","/c/en/government","/c/en/enforce"],"weight":0.20614999999999908,"degrees":[107,81,2046,172]},"num_concepts_raised":29418},{"base_id":478,"kind":"top_words","i1":8,"i2":9,"sol":{"path":["/c/en/stringent","/c/en/crack_down","/c/en/enforce"],"weight":0.202,"degrees":[72,20,172]},"num_concepts_raised":223}]]