[[{"base_id":383,"kind":"bot_words","i1":0,"i2":1,"sol":{"path":["/c/en/ember","/c/en/wood","/c/en/stick","/c/en/implement"],"weight":0.2138599999999992,"degrees":[233,2440,2046,570]},"num_concepts_raised":62422},{"base_id":383,"kind":"bot_words","i1":0,"i2":2,"sol":{"path":["/c/en/ember","/c/en/wood","/c/en/small","/c/en/lemmings"],"weight":0.21052999999999977,"degrees":[233,2440,2515,29]},"num_concepts_raised":16444},{"base_id":383,"kind":"bot_words","i1":0,"i2":3,"sol":{"path":["/c/en/ember","/c/en/prayer","/c/en/talking","/c/en/talking_book","/c/en/audiobook"],"weight":0.2144600000000002,"degrees":[233,899,329,41,128]},"num_concepts_raised":15168},{"base_id":383,"kind":"bot_words","i1":0,"i2":4,"sol":{"path":["/c/en/ember","/c/en/glow","/c/en/feel","/c/en/sympathise"],"weight":0.2054499999999998,"degrees":[233,442,1238,28]},"num_concepts_raised":15376},{"base_id":383,"kind":"bot_words","i1":0,"i2":5,"sol":{"path":["/c/en/ember","/c/en/wood","/c/en/plant","/c/en/echinacea"],"weight":0.21091999999999972,"degrees":[233,2440,7959,50]},"num_concepts_raised":41966},{"base_id":383,"kind":"bot_words","i1":0,"i2":6,"sol":{"path":["/c/en/ember","/c/en/day","/c/en/sun","/c/en/sunscreen"],"weight":0.20778999999999967,"degrees":[233,2168,1994,117]},"num_concepts_raised":29173},{"base_id":383,"kind":"bot_words","i1":0,"i2":7,"sol":{"path":["/c/en/ember","/c/fr/braise","/c/en/slang","/c/en/go_ballistic","/c/en/guided"],"weight":0.20829999999999974,"degrees":[233,133,16318,28,61]},"num_concepts_raised":15429},{"base_id":383,"kind":"bot_words","i1":0,"i2":8,"sol":{"path":["/c/en/ember","/c/fr/braise","/c/en/slang","/c/en/skeg"],"weight":0.20808999999999972,"degrees":[233,133,16318,44]},"num_concepts_raised":47636},{"base_id":383,"kind":"bot_words","i1":0,"i2":9,"sol":{"path":["/c/en/ember","/c/hu/zsarátnok","/c/en/literary","/c/en/tis"],"weight":0.20654999999999987,"degrees":[233,10,6728,30]},"num_concepts_raised":21789},{"base_id":383,"kind":"bot_words","i1":1,"i2":2,"sol":{"path":["/c/en/implement","/c/en/stick","/c/en/small","/c/en/lemmings"],"weight":0.2159099999999992,"degrees":[570,2046,2515,29]},"num_concepts_raised":52671},{"base_id":383,"kind":"bot_words","i1":1,"i2":3,"sol":{"path":["/c/en/implement","/c/en/use","/c/en/reading","/c/en/audiobook"],"weight":0.21652999999999967,"degrees":[570,2100,1039,128]},"num_concepts_raised":51509},{"base_id":383,"kind":"bot_words","i1":1,"i2":4,"sol":{"path":["/c/en/implement","/c/en/handle","/c/en/feel","/c/en/sympathise"],"weight":0.20984999999999926,"degrees":[570,1567,1238,28]},"num_concepts_raised":51778},{"base_id":383,"kind":"bot_words","i1":1,"i2":5,"sol":{"path":["/c/en/implement","/c/en/stick","/c/en/plant","/c/en/echinacea"],"weight":0.2162199999999992,"degrees":[570,2046,7959,50]},"num_concepts_raised":77527},{"base_id":383,"kind":"bot_words","i1":1,"i2":6,"sol":{"path":["/c/en/implement","/c/en/iron","/c/en/sun","/c/en/sunscreen"],"weight":0.21296999999999916,"degrees":[570,2867,1994,117]},"num_concepts_raised":65269},{"base_id":383,"kind":"bot_words","i1":1,"i2":7,"sol":{"path":["/c/en/implement","/c/en/device","/c/en/guide","/c/en/guided"],"weight":0.21076999999999918,"degrees":[570,2078,953,61]},"num_concepts_raised":51753},{"base_id":383,"kind":"bot_words","i1":1,"i2":8,"sol":{"path":["/c/en/implement","/c/en/tool","/c/en/slang","/c/en/skeg"],"weight":0.21486999999999912,"degrees":[570,1423,16318,44]},"num_concepts_raised":82172},{"base_id":383,"kind":"bot_words","i1":1,"i2":9,"sol":{"path":["/c/en/implement","/c/en/software_engineer","/c/en/it","/c/en/tis"],"weight":0.21083999999999933,"degrees":[570,39,1060,30]},"num_concepts_raised":58145},{"base_id":383,"kind":"bot_words","i1":2,"i2":3,"sol":{"path":["/c/en/lemmings","/c/en/video_game","/c/en/video","/c/en/audio","/c/en/audiobook"],"weight":0.2145600000000002,"degrees":[29,754,602,335,128]},"num_concepts_raised":4751},{"base_id":383,"kind":"bot_words","i1":2,"i2":4,"sol":{"path":["/c/en/lemmings","/c/en/video_game","/c/en/path","/c/en/sympathy","/c/en/sympathise"],"weight":0.20774999999999982,"degrees":[29,754,1174,455,28]},"num_concepts_raised":4943},{"base_id":383,"kind":"bot_words","i1":2,"i2":5,"sol":{"path":["/c/en/lemmings","/c/en/small","/c/en/plant","/c/en/echinacea"],"weight":0.21307999999999974,"degrees":[29,2515,7959,50]},"num_concepts_raised":31782},{"base_id":383,"kind":"bot_words","i1":2,"i2":6,"sol":{"path":["/c/en/lemmings","/c/en/small","/c/en/shade","/c/en/sunscreen"],"weight":0.2088499999999997,"degrees":[29,2515,1192,117]},"num_concepts_raised":18997},{"base_id":383,"kind":"bot_words","i1":2,"i2":7,"sol":{"path":["/c/en/lemmings","/c/en/video_game","/c/en/path","/c/ar/رشد","/c/en/guided"],"weight":0.20809999999999973,"degrees":[29,754,1174,114,61]},"num_concepts_raised":4994},{"base_id":383,"kind":"bot_words","i1":2,"i2":8,"sol":{"path":["/c/en/lemmings","/c/en/small","/c/en/boat","/c/en/skeg"],"weight":0.20791999999999972,"degrees":[29,2515,1763,44]},"num_concepts_raised":37555},{"base_id":383,"kind":"bot_words","i1":2,"i2":9,"sol":{"path":["/c/en/lemmings","/c/en/video_game","/c/en/person","/c/en/it","/c/en/tis"],"weight":0.20906999999999987,"degrees":[29,754,12935,1060,30]},"num_concepts_raised":11447},{"base_id":383,"kind":"bot_words","i1":3,"i2":4,"sol":{"path":["/c/en/audiobook","/c/en/audio","/c/en/hear","/c/en/sympathize","/c/en/sympathise"],"weight":0.20958000000000027,"degrees":[128,335,724,162,28]},"num_concepts_raised":3593},{"base_id":383,"kind":"bot_words","i1":3,"i2":5,"sol":{"path":["/c/en/audiobook","/c/en/talking_book","/c/en/rock_music","/c/en/pink","/c/en/echinacea"],"weight":0.2170000000000002,"degrees":[128,41,386,628,50]},"num_concepts_raised":30588},{"base_id":383,"kind":"bot_words","i1":3,"i2":6,"sol":{"path":["/c/en/audiobook","/c/en/reading","/c/en/light","/c/en/sun","/c/en/sunscreen"],"weight":0.2118700000000001,"degrees":[128,1039,4288,1994,117]},"num_concepts_raised":17679},{"base_id":383,"kind":"bot_words","i1":3,"i2":7,"sol":{"path":["/c/en/audiobook","/c/en/recording","/c/en/radio","/c/en/radio_controlled","/c/en/guided"],"weight":0.21083000000000018,"degrees":[128,377,1222,40,61]},"num_concepts_raised":3651},{"base_id":383,"kind":"bot_words","i1":3,"i2":8,"sol":{"path":["/c/en/audiobook","/c/en/talking_book","/c/en/jazz","/c/en/slang","/c/en/skeg"],"weight":0.21189000000000016,"degrees":[128,41,549,16318,44]},"num_concepts_raised":36468},{"base_id":383,"kind":"bot_words","i1":3,"i2":9,"sol":{"path":["/c/en/audiobook","/c/en/talking_book","/c/en/album","/c/en/literary","/c/en/tis"],"weight":0.2118300000000003,"degrees":[128,41,778,6728,30]},"num_concepts_raised":10117},{"base_id":383,"kind":"bot_words","i1":4,"i2":5,"sol":{"path":["/c/en/sympathise","/c/en/sympathy","/c/en/person","/c/en/plant","/c/en/echinacea"],"weight":0.2081199999999998,"degrees":[28,455,12935,7959,50]},"num_concepts_raised":30789},{"base_id":383,"kind":"bot_words","i1":4,"i2":6,"sol":{"path":["/c/en/sympathise","/c/en/feel","/c/en/rub","/c/en/sunscreen"],"weight":0.20374999999999976,"degrees":[28,1238,884,117]},"num_concepts_raised":17874},{"base_id":383,"kind":"bot_words","i1":4,"i2":7,"sol":{"path":["/c/en/sympathise","/c/en/sympathy","/c/en/path","/c/ar/رشد","/c/en/guided"],"weight":0.20312999999999978,"degrees":[28,455,1174,114,61]},"num_concepts_raised":3844},{"base_id":383,"kind":"bot_words","i1":4,"i2":8,"sol":{"path":["/c/en/sympathise","/c/en/feel","/c/en/slang","/c/en/skeg"],"weight":0.20284999999999978,"degrees":[28,1238,16318,44]},"num_concepts_raised":36645},{"base_id":383,"kind":"bot_words","i1":4,"i2":9,"sol":{"path":["/c/en/sympathise","/c/en/sympathy","/c/en/person","/c/en/it","/c/en/tis"],"weight":0.20408999999999994,"degrees":[28,455,12935,1060,30]},"num_concepts_raised":10313},{"base_id":383,"kind":"bot_words","i1":5,"i2":6,"sol":{"path":["/c/en/echinacea","/c/en/flower","/c/en/sun","/c/en/sunscreen"],"weight":0.21026999999999968,"degrees":[50,2500,1994,117]},"num_concepts_raised":44384},{"base_id":383,"kind":"bot_words","i1":5,"i2":7,"sol":{"path":["/c/en/echinacea","/c/en/plant","/c/en/slang","/c/en/go_ballistic","/c/en/guided"],"weight":0.20849999999999974,"degrees":[50,7959,16318,28,61]},"num_concepts_raised":30846},{"base_id":383,"kind":"bot_words","i1":5,"i2":8,"sol":{"path":["/c/en/echinacea","/c/en/plant","/c/en/slang","/c/en/skeg"],"weight":0.2082999999999997,"degrees":[50,7959,16318,44]},"num_concepts_raised":62780},{"base_id":383,"kind":"bot_words","i1":5,"i2":9,"sol":{"path":["/c/en/echinacea","/c/en/plant","/c/en/has","/c/en/it’s","/c/en/tis"],"weight":0.21030999999999983,"degrees":[50,7959,275,10,30]},"num_concepts_raised":37259},{"base_id":383,"kind":"bot_words","i1":6,"i2":7,"sol":{"path":["/c/en/sunscreen","/c/en/rub","/c/en/guide","/c/en/guided"],"weight":0.20414999999999967,"degrees":[117,884,953,61]},"num_concepts_raised":17938},{"base_id":383,"kind":"bot_words","i1":6,"i2":8,"sol":{"path":["/c/en/sunscreen","/c/en/cream","/c/en/slang","/c/en/skeg"],"weight":0.20402999999999966,"degrees":[117,851,16318,44]},"num_concepts_raised":50336},{"base_id":383,"kind":"bot_words","i1":6,"i2":9,"sol":{"path":["/c/en/sunscreen","/c/en/sun","/c/en/literary","/c/en/tis"],"weight":0.2050599999999998,"degrees":[117,1994,6728,30]},"num_concepts_raised":24391},{"base_id":383,"kind":"bot_words","i1":7,"i2":8,"sol":{"path":["/c/en/guided","/c/en/go_ballistic","/c/en/slang","/c/en/skeg"],"weight":0.2032299999999997,"degrees":[61,28,16318,44]},"num_concepts_raised":36633},{"base_id":383,"kind":"bot_words","i1":7,"i2":9,"sol":{"path":["/c/en/guided","/c/en/guide","/c/en/book","/c/en/it","/c/en/tis"],"weight":0.20443999999999984,"degrees":[61,953,3239,1060,30]},"num_concepts_raised":10370},{"base_id":383,"kind":"bot_words","i1":8,"i2":9,"sol":{"path":["/c/en/skeg","/c/en/slang","/c/en/t","/c/en/tis"],"weight":0.20411999999999986,"degrees":[44,16318,371,30]},"num_concepts_raised":43093}],[{"base_id":383,"kind":"top_words","i1":0,"i2":1,"sol":{"path":["/c/en/kibosh","/c/en/stop","/c/ja/留める","/c/en/fixate"],"weight":0.2031799999999998,"degrees":[25,2126,101,68]},"num_concepts_raised":30055},{"base_id":383,"kind":"top_words","i1":0,"i2":2,"sol":{"path":["/c/en/kibosh","/c/en/slang","/c/en/save","/c/en/economise"],"weight":0.20275999999999986,"degrees":[25,16318,877,31]},"num_concepts_raised":24371},{"base_id":383,"kind":"top_words","i1":0,"i2":3,"sol":{"path":["/c/en/kibosh","/c/en/stop","/c/en/stint","/c/en/stinting"],"weight":0.2027999999999998,"degrees":[25,2126,92,42]},"num_concepts_raised":22907},{"base_id":383,"kind":"top_words","i1":0,"i2":4,"sol":{"path":["/c/en/kibosh","/c/en/nonsense","/c/en/drivel","/c/en/dote"],"weight":0.20301999999999976,"degrees":[25,920,179,65]},"num_concepts_raised":27367},{"base_id":383,"kind":"top_words","i1":0,"i2":5,"sol":{"path":["/c/en/kibosh","/c/en/bosh","/c/en/british","/c/en/overmuch"],"weight":0.2047899999999999,"degrees":[25,29,3452,34]},"num_concepts_raised":25651},{"base_id":383,"kind":"top_words","i1":0,"i2":6,"sol":{"path":["/c/en/kibosh","/c/en/bosh","/c/en/british","/c/en/dependant"],"weight":0.20430999999999974,"degrees":[25,29,3452,67]},"num_concepts_raised":33688},{"base_id":383,"kind":"top_words","i1":0,"i2":7,"sol":{"path":["/c/en/kibosh","/c/en/style","/c/en/writing","/c/en/treatise","/c/en/disquisition"],"weight":0.20401999999999992,"degrees":[25,1172,1875,196,42]},"num_concepts_raised":23491},{"base_id":383,"kind":"top_words","i1":0,"i2":8,"sol":{"path":["/c/en/kibosh","/c/en/stop","/c/en/physics","/c/en/hydrostatics"],"weight":0.20882999999999985,"degrees":[25,2126,9094,96]},"num_concepts_raised":35340},{"base_id":383,"kind":"top_words","i1":0,"i2":9,"sol":{"path":["/c/en/kibosh","/c/en/slang","/c/en/foist"],"weight":0.202,"degrees":[25,16318,91]},"num_concepts_raised":95},{"base_id":383,"kind":"top_words","i1":1,"i2":2,"sol":{"path":["/c/en/fixate","/c/en/fix","/c/en/fasten","/c/ja/締める","/c/en/economise"],"weight":0.20466999999999977,"degrees":[68,981,738,38,31]},"num_concepts_raised":11454},{"base_id":383,"kind":"top_words","i1":1,"i2":3,"sol":{"path":["/c/en/fixate","/c/en/fix","/c/en/time","/c/en/stint","/c/en/stinting"],"weight":0.20454999999999973,"degrees":[68,981,4124,92,42]},"num_concepts_raised":9985},{"base_id":383,"kind":"top_words","i1":1,"i2":4,"sol":{"path":["/c/en/fixate","/c/en/sweet","/c/en/darling","/c/en/dote"],"weight":0.20350999999999964,"degrees":[68,1309,537,65]},"num_concepts_raised":14665},{"base_id":383,"kind":"top_words","i1":1,"i2":5,"sol":{"path":["/c/en/fixate","/c/en/sweet","/c/en/british","/c/en/overmuch"],"weight":0.2042199999999998,"degrees":[68,1309,3452,34]},"num_concepts_raised":13274},{"base_id":383,"kind":"top_words","i1":1,"i2":6,"sol":{"path":["/c/en/fixate","/c/en/fix","/c/en/us","/c/en/dependant"],"weight":0.20513999999999966,"degrees":[68,981,8154,67]},"num_concepts_raised":22361},{"base_id":383,"kind":"top_words","i1":1,"i2":7,"sol":{"path":["/c/en/fixate","/c/en/fix","/c/en/grammar","/c/en/discourse","/c/en/disquisition"],"weight":0.20474999999999988,"degrees":[68,981,6397,436,42]},"num_concepts_raised":10575},{"base_id":383,"kind":"top_words","i1":1,"i2":8,"sol":{"path":["/c/en/fixate","/c/en/freeze","/c/en/physics","/c/en/hydrostatics"],"weight":0.20920999999999979,"degrees":[68,912,9094,96]},"num_concepts_raised":22556},{"base_id":383,"kind":"top_words","i1":1,"i2":9,"sol":{"path":["/c/en/fixate","/c/fi/kiinnittää","/c/en/insert","/c/en/foist"],"weight":0.20471999999999962,"degrees":[68,85,650,91]},"num_concepts_raised":42778},{"base_id":383,"kind":"top_words","i1":2,"i2":3,"sol":{"path":["/c/en/economise","/c/fr/économiser","/c/fr/économe","/c/en/stinting"],"weight":0.20401999999999978,"degrees":[31,229,110,42]},"num_concepts_raised":3845},{"base_id":383,"kind":"top_words","i1":2,"i2":4,"sol":{"path":["/c/en/economise","/c/fr/ménager","/c/fr/soin","/c/fr/dorloter","/c/en/dote"],"weight":0.20510999999999974,"degrees":[31,237,437,218,65]},"num_concepts_raised":8708},{"base_id":383,"kind":"top_words","i1":2,"i2":5,"sol":{"path":["/c/en/economise","/c/en/save","/c/en/waste","/c/en/much","/c/en/overmuch"],"weight":0.20397999999999988,"degrees":[31,877,1543,960,34]},"num_concepts_raised":7283},{"base_id":383,"kind":"top_words","i1":2,"i2":6,"sol":{"path":["/c/en/economise","/c/el/οικονομώ","/c/en/us","/c/en/dependant"],"weight":0.20332999999999973,"degrees":[31,9,8154,67]},"num_concepts_raised":16493},{"base_id":383,"kind":"top_words","i1":2,"i2":7,"sol":{"path":["/c/en/economise","/c/fr/ménager","/c/en/treat","/c/en/treatise","/c/en/disquisition"],"weight":0.20404999999999993,"degrees":[31,237,833,196,42]},"num_concepts_raised":4554},{"base_id":383,"kind":"top_words","i1":2,"i2":8,"sol":{"path":["/c/en/economise","/c/en/conserve","/c/en/physics","/c/en/hydrostatics"],"weight":0.20886999999999983,"degrees":[31,279,9094,96]},"num_concepts_raised":16683},{"base_id":383,"kind":"top_words","i1":2,"i2":9,"sol":{"path":["/c/en/economise","/c/en/save","/c/en/slang","/c/en/foist"],"weight":0.2033599999999997,"degrees":[31,877,16318,91]},"num_concepts_raised":37067},{"base_id":383,"kind":"top_words","i1":3,"i2":4,"sol":{"path":["/c/en/stinting","/c/fr/économe","/c/fr/occuper","/c/fr/dorloter","/c/en/dote"],"weight":0.20533999999999966,"degrees":[42,110,574,218,65]},"num_concepts_raised":7200},{"base_id":383,"kind":"top_words","i1":3,"i2":5,"sol":{"path":["/c/en/stinting","/c/en/thrifty","/c/en/canny","/c/en/much","/c/en/overmuch"],"weight":0.20509999999999984,"degrees":[42,171,66,960,34]},"num_concepts_raised":5776},{"base_id":383,"kind":"top_words","i1":3,"i2":6,"sol":{"path":["/c/en/stinting","/c/en/scotch","/c/en/gaelic","/c/en/dependent","/c/en/dependant"],"weight":0.20776999999999968,"degrees":[42,190,118,336,67]},"num_concepts_raised":15014},{"base_id":383,"kind":"top_words","i1":3,"i2":7,"sol":{"path":["/c/en/stinting","/c/ja/質素","/c/en/plain","/c/en/explain","/c/en/disquisition"],"weight":0.20302999999999988,"degrees":[42,22,1132,766,42]},"num_concepts_raised":3041},{"base_id":383,"kind":"top_words","i1":3,"i2":8,"sol":{"path":["/c/en/stinting","/c/en/sparing","/c/en/light_handed","/c/en/pressure","/c/en/hydrostatics"],"weight":0.21092999999999978,"degrees":[42,75,42,993,96]},"num_concepts_raised":15187},{"base_id":383,"kind":"top_words","i1":3,"i2":9,"sol":{"path":["/c/en/stinting","/c/en/frugal","/c/en/cheap","/c/en/slang","/c/en/foist"],"weight":0.20354999999999968,"degrees":[42,184,631,16318,91]},"num_concepts_raised":35642},{"base_id":383,"kind":"top_words","i1":4,"i2":5,"sol":{"path":["/c/en/dote","/c/en/love","/c/en/much","/c/en/overmuch"],"weight":0.20433999999999974,"degrees":[65,2442,960,34]},"num_concepts_raised":10406},{"base_id":383,"kind":"top_words","i1":4,"i2":6,"sol":{"path":["/c/en/dote","/c/en/love","/c/en/british","/c/en/dependant"],"weight":0.2037999999999996,"degrees":[65,2442,3452,67]},"num_concepts_raised":19532},{"base_id":383,"kind":"top_words","i1":4,"i2":7,"sol":{"path":["/c/en/dote","/c/en/love","/c/en/kama_sutra","/c/en/treatise","/c/en/disquisition"],"weight":0.20447999999999983,"degrees":[65,2442,103,196,42]},"num_concepts_raised":7806},{"base_id":383,"kind":"top_words","i1":4,"i2":8,"sol":{"path":["/c/en/dote","/c/en/love","/c/en/crush","/c/en/pressure","/c/en/hydrostatics"],"weight":0.21123999999999973,"degrees":[65,2442,789,993,96]},"num_concepts_raised":19916},{"base_id":383,"kind":"top_words","i1":4,"i2":9,"sol":{"path":["/c/en/dote","/c/en/crater","/c/en/historical","/c/en/foist"],"weight":0.2035899999999996,"degrees":[65,371,8415,91]},"num_concepts_raised":40031},{"base_id":383,"kind":"top_words","i1":5,"i2":6,"sol":{"path":["/c/en/overmuch","/c/en/british","/c/en/dependant"],"weight":0.203,"degrees":[34,3452,67]},"num_concepts_raised":85},{"base_id":383,"kind":"top_words","i1":5,"i2":7,"sol":{"path":["/c/en/overmuch","/c/en/british","/c/en/literature","/c/en/treatise","/c/en/disquisition"],"weight":0.20514999999999994,"degrees":[34,3452,1309,196,42]},"num_concepts_raised":6381},{"base_id":383,"kind":"top_words","i1":5,"i2":8,"sol":{"path":["/c/en/overmuch","/c/ja/余り","/c/en/rest","/c/en/hydrostatics"],"weight":0.2087699999999999,"degrees":[34,70,2053,96]},"num_concepts_raised":18477},{"base_id":383,"kind":"top_words","i1":5,"i2":9,"sol":{"path":["/c/en/overmuch","/c/en/british","/c/en/wine","/c/en/foist"],"weight":0.20437999999999976,"degrees":[34,3452,1776,91]},"num_concepts_raised":38287},{"base_id":383,"kind":"top_words","i1":6,"i2":7,"sol":{"path":["/c/en/dependant","/c/en/dependent","/c/en/subject","/c/en/treatise","/c/en/disquisition"],"weight":0.2090299999999998,"degrees":[67,336,1490,196,42]},"num_concepts_raised":15608},{"base_id":383,"kind":"top_words","i1":6,"i2":8,"sol":{"path":["/c/en/dependant","/c/en/depend","/c/en/rest","/c/en/hydrostatics"],"weight":0.21036999999999972,"degrees":[67,259,2053,96]},"num_concepts_raised":27534},{"base_id":383,"kind":"top_words","i1":6,"i2":9,"sol":{"path":["/c/en/dependant","/c/en/charge","/c/en/force","/c/en/foist"],"weight":0.2039099999999996,"degrees":[67,1848,1979,91]},"num_concepts_raised":46085},{"base_id":383,"kind":"top_words","i1":7,"i2":8,"sol":{"path":["/c/en/disquisition","/c/fi/tutkielma","/c/en/study","/c/en/hydrostatics"],"weight":0.20898999999999995,"degrees":[42,17,1753,96]},"num_concepts_raised":15741},{"base_id":383,"kind":"top_words","i1":7,"i2":9,"sol":{"path":["/c/en/disquisition","/c/en/treatise","/c/en/writing","/c/en/introduce","/c/en/foist"],"weight":0.2046199999999998,"degrees":[42,196,1875,559,91]},"num_concepts_raised":36225},{"base_id":383,"kind":"top_words","i1":8,"i2":9,"sol":{"path":["/c/en/hydrostatics","/c/en/pressure","/c/en/force","/c/en/foist"],"weight":0.2114399999999997,"degrees":[96,993,1979,91]},"num_concepts_raised":47976}]]