[[{"base_id":864,"kind":"bot_words","i1":0,"i2":1,"sol":{"path":["/c/en/igoumenitsa","/c/en/greece","/c/en/fingergate","/c/en/doctor","/c/en/clinic"],"weight":0.21333999999999967,"degrees":[39,731,13,1654,272]},"num_concepts_raised":23330},{"base_id":864,"kind":"bot_words","i1":0,"i2":2,"sol":{"path":["/c/en/igoumenitsa","/c/en/greece","/c/en/athens","/c/en/station","/c/en/substation"],"weight":0.2113299999999998,"degrees":[39,731,349,888,58]},"num_concepts_raised":5954},{"base_id":864,"kind":"bot_words","i1":0,"i2":3,"sol":{"path":["/c/en/igoumenitsa","/c/en/greece","/c/en/haberlea","/c/en/plant","/c/en/convolvulaceae"],"weight":0.2154099999999997,"degrees":[39,731,17,7959,67]},"num_concepts_raised":8683},{"base_id":864,"kind":"bot_words","i1":0,"i2":4,"sol":{"path":["/c/en/igoumenitsa","/c/en/greece","/c/en/taenia","/c/en/anatomy","/c/en/ampulla"],"weight":0.21022999999999975,"degrees":[39,731,51,12775,54]},"num_concepts_raised":19052},{"base_id":864,"kind":"bot_words","i1":0,"i2":5,"sol":{"path":["/c/en/igoumenitsa","/c/en/greece","/c/en/country","/c/en/river","/c/en/tagus"],"weight":0.2180999999999997,"degrees":[39,731,2796,2945,104]},"num_concepts_raised":5137},{"base_id":864,"kind":"bot_words","i1":0,"i2":6,"sol":{"path":["/c/en/igoumenitsa","/c/en/greece","/c/en/greek_orthodox_church","/c/en/christianity","/c/en/charismatic"],"weight":0.21038999999999985,"degrees":[39,731,82,2627,61]},"num_concepts_raised":11248},{"base_id":864,"kind":"bot_words","i1":0,"i2":7,"sol":{"path":["/c/en/igoumenitsa","/c/en/greece","/c/en/ion","/c/en/mole","/c/en/freckle"],"weight":0.2191399999999999,"degrees":[39,731,512,1084,290]},"num_concepts_raised":12096},{"base_id":864,"kind":"bot_words","i1":0,"i2":8,"sol":{"path":["/c/en/igoumenitsa","/c/en/greece","/c/en/trojan_horse","/c/en/device","/c/en/spinneret"],"weight":0.20991999999999983,"degrees":[39,731,248,2078,32]},"num_concepts_raised":7706},{"base_id":864,"kind":"bot_words","i1":0,"i2":9,"sol":{"path":["/c/en/igoumenitsa","/c/en/greece","/c/fr/grèce","/c/fr/région","/c/fr/trekking","/c/en/trekking"],"weight":0.21427889999999966,"degrees":[39,731,429,893,30,26]},"num_concepts_raised":251894},{"base_id":864,"kind":"bot_words","i1":1,"i2":2,"sol":{"path":["/c/en/clinic","/c/en/hospital","/c/en/station","/c/en/substation"],"weight":0.20798999999999973,"degrees":[272,974,888,58]},"num_concepts_raised":27117},{"base_id":864,"kind":"bot_words","i1":1,"i2":3,"sol":{"path":["/c/en/clinic","/c/en/ficus","/c/en/plant","/c/en/convolvulaceae"],"weight":0.21156999999999965,"degrees":[272,212,7959,67]},"num_concepts_raised":29813},{"base_id":864,"kind":"bot_words","i1":1,"i2":4,"sol":{"path":["/c/en/clinic","/c/en/clinical","/c/en/pathology","/c/en/ampullary","/c/en/ampulla"],"weight":0.20953999999999973,"degrees":[272,128,5554,8,54]},"num_concepts_raised":39928},{"base_id":864,"kind":"bot_words","i1":1,"i2":5,"sol":{"path":["/c/en/clinic","/c/en/clinical","/c/en/cool","/c/en/river","/c/en/tagus"],"weight":0.21635999999999966,"degrees":[272,128,1186,2945,104]},"num_concepts_raised":26393},{"base_id":864,"kind":"bot_words","i1":1,"i2":6,"sol":{"path":["/c/en/clinic","/c/en/medicine","/c/en/affinity","/c/en/attractive","/c/en/charismatic"],"weight":0.20774999999999977,"degrees":[272,11938,346,670,61]},"num_concepts_raised":32427},{"base_id":864,"kind":"bot_words","i1":1,"i2":7,"sol":{"path":["/c/en/clinic","/c/en/medicine","/c/en/lentigo","/c/en/freckle"],"weight":0.21951999999999983,"degrees":[272,11938,17,290]},"num_concepts_raised":32565},{"base_id":864,"kind":"bot_words","i1":1,"i2":8,"sol":{"path":["/c/en/clinic","/c/en/medicine","/c/en/plastic","/c/en/spinneret"],"weight":0.20638999999999977,"degrees":[272,11938,799,32]},"num_concepts_raised":28692},{"base_id":864,"kind":"bot_words","i1":1,"i2":9,"sol":{"path":["/c/en/clinic","/c/en/medicine","/c/gv/troailt","/c/en/trekking"],"weight":0.20622999999999977,"degrees":[272,11938,16,26]},"num_concepts_raised":23863},{"base_id":864,"kind":"bot_words","i1":2,"i2":3,"sol":{"path":["/c/en/substation","/c/en/station","/c/en/building","/c/en/plant","/c/en/convolvulaceae"],"weight":0.2096999999999998,"degrees":[58,888,2061,7959,67]},"num_concepts_raised":12575},{"base_id":864,"kind":"bot_words","i1":2,"i2":4,"sol":{"path":["/c/en/substation","/c/en/station","/c/en/base","/c/en/anatomy","/c/en/ampulla"],"weight":0.20451999999999984,"degrees":[58,888,2117,12775,54]},"num_concepts_raised":22884},{"base_id":864,"kind":"bot_words","i1":2,"i2":5,"sol":{"path":["/c/en/substation","/c/en/station","/c/en/channel","/c/en/river","/c/en/tagus"],"weight":0.21230999999999978,"degrees":[58,888,932,2945,104]},"num_concepts_raised":9051},{"base_id":864,"kind":"bot_words","i1":2,"i2":6,"sol":{"path":["/c/en/substation","/c/en/station","/c/en/pull","/c/en/attractive","/c/en/charismatic"],"weight":0.20556999999999992,"degrees":[58,888,1147,670,61]},"num_concepts_raised":15142},{"base_id":864,"kind":"bot_words","i1":2,"i2":7,"sol":{"path":["/c/en/substation","/c/en/electricity","/c/en/person","/c/en/freckleface","/c/en/freckle"],"weight":0.21631,"degrees":[58,1283,12935,16,290]},"num_concepts_raised":15943},{"base_id":864,"kind":"bot_words","i1":2,"i2":8,"sol":{"path":["/c/en/substation","/c/en/regulate","/c/en/web","/c/en/spinneret"],"weight":0.2041599999999999,"degrees":[58,379,453,32]},"num_concepts_raised":11487},{"base_id":864,"kind":"bot_words","i1":2,"i2":9,"sol":{"path":["/c/en/substation","/c/en/station","/c/en/track","/c/en/hiking","/c/en/trekking"],"weight":0.2041299999999999,"degrees":[58,888,998,189,26]},"num_concepts_raised":6580},{"base_id":864,"kind":"bot_words","i1":3,"i2":4,"sol":{"path":["/c/en/convolvulaceae","/c/en/plant","/c/fr/plante","/c/fr/ampoule","/c/en/ampulla"],"weight":0.20863999999999977,"degrees":[67,7959,1825,193,54]},"num_concepts_raised":25567},{"base_id":864,"kind":"bot_words","i1":3,"i2":5,"sol":{"path":["/c/en/convolvulaceae","/c/en/plant","/c/en/flower","/c/en/river","/c/en/tagus"],"weight":0.21643999999999972,"degrees":[67,7959,2500,2945,104]},"num_concepts_raised":11784},{"base_id":864,"kind":"bot_words","i1":3,"i2":6,"sol":{"path":["/c/en/convolvulaceae","/c/en/plant","/c/en/like","/c/en/attractive","/c/en/charismatic"],"weight":0.20969999999999983,"degrees":[67,7959,2357,670,61]},"num_concepts_raised":17885},{"base_id":864,"kind":"bot_words","i1":3,"i2":7,"sol":{"path":["/c/en/convolvulaceae","/c/en/plant","/c/en/dirt","/c/en/freckle"],"weight":0.2193799999999999,"degrees":[67,7959,688,290]},"num_concepts_raised":18606},{"base_id":864,"kind":"bot_words","i1":3,"i2":8,"sol":{"path":["/c/en/convolvulaceae","/c/en/plant","/c/en/slang","/c/en/spinner","/c/en/spinneret"],"weight":0.2093999999999998,"degrees":[67,7959,16318,142,32]},"num_concepts_raised":14260},{"base_id":864,"kind":"bot_words","i1":3,"i2":9,"sol":{"path":["/c/en/convolvulaceae","/c/en/morning_glory","/c/en/climb","/c/en/trekking"],"weight":0.20815999999999985,"degrees":[67,112,956,26]},"num_concepts_raised":9274},{"base_id":864,"kind":"bot_words","i1":4,"i2":5,"sol":{"path":["/c/en/ampulla","/c/en/anatomy","/c/en/mouth","/c/en/river","/c/en/tagus"],"weight":0.21125999999999975,"degrees":[54,12775,1902,2945,104]},"num_concepts_raised":22110},{"base_id":864,"kind":"bot_words","i1":4,"i2":6,"sol":{"path":["/c/en/ampulla","/c/en/wine","/c/en/christianity","/c/en/charismatic"],"weight":0.20352999999999988,"degrees":[54,1776,2627,61]},"num_concepts_raised":28211},{"base_id":864,"kind":"bot_words","i1":4,"i2":7,"sol":{"path":["/c/en/ampulla","/c/en/oil","/c/en/dirt","/c/en/freckle"],"weight":0.21409999999999996,"degrees":[54,1904,688,290]},"num_concepts_raised":28558},{"base_id":864,"kind":"bot_words","i1":4,"i2":8,"sol":{"path":["/c/en/ampulla","/c/en/body_part","/c/en/organ","/c/en/spinneret"],"weight":0.20309999999999986,"degrees":[54,536,1225,32]},"num_concepts_raised":24393},{"base_id":864,"kind":"bot_words","i1":4,"i2":9,"sol":{"path":["/c/en/ampulla","/c/en/anatomy","/c/fr/pied","/c/fr/trekking","/c/en/trekking"],"weight":0.20400999999999986,"degrees":[54,12775,1240,30,26]},"num_concepts_raised":19655},{"base_id":864,"kind":"bot_words","i1":5,"i2":6,"sol":{"path":["/c/en/tagus","/c/en/river","/c/en/like","/c/en/attractive","/c/en/charismatic"],"weight":0.21231999999999981,"degrees":[104,2945,2357,670,61]},"num_concepts_raised":14373},{"base_id":864,"kind":"bot_words","i1":5,"i2":7,"sol":{"path":["/c/en/tagus","/c/en/river","/c/en/touch","/c/en/spot","/c/en/freckle"],"weight":0.2222799999999999,"degrees":[104,2945,1765,965,290]},"num_concepts_raised":15168},{"base_id":864,"kind":"bot_words","i1":5,"i2":8,"sol":{"path":["/c/en/tagus","/c/en/river","/c/en/fishing","/c/en/spinner","/c/en/spinneret"],"weight":0.21196999999999983,"degrees":[104,2945,1066,142,32]},"num_concepts_raised":10794},{"base_id":864,"kind":"bot_words","i1":5,"i2":9,"sol":{"path":["/c/en/tagus","/c/en/river","/c/en/mountain","/c/en/hiking","/c/en/trekking"],"weight":0.2108899999999998,"degrees":[104,2945,1965,189,26]},"num_concepts_raised":5773},{"base_id":864,"kind":"bot_words","i1":6,"i2":7,"sol":{"path":["/c/en/charismatic","/c/en/christianity","/c/gv/ynnyd","/c/en/spot","/c/en/freckle"],"weight":0.2146,"degrees":[61,2627,10,965,290]},"num_concepts_raised":21266},{"base_id":864,"kind":"bot_words","i1":6,"i2":8,"sol":{"path":["/c/en/charismatic","/c/en/rdf","/c/en/web","/c/en/spinneret"],"weight":0.20420999999999995,"degrees":[61,11,453,32]},"num_concepts_raised":16875},{"base_id":864,"kind":"bot_words","i1":6,"i2":9,"sol":{"path":["/c/en/charismatic","/c/en/attractive","/c/en/like","/c/en/walking","/c/en/trekking"],"weight":0.2041199999999999,"degrees":[61,670,2357,494,26]},"num_concepts_raised":11867},{"base_id":864,"kind":"bot_words","i1":7,"i2":8,"sol":{"path":["/c/en/freckle","/c/en/skin","/c/en/organ","/c/en/spinneret"],"weight":0.21199,"degrees":[290,2372,1225,32]},"num_concepts_raised":17544},{"base_id":864,"kind":"bot_words","i1":7,"i2":9,"sol":{"path":["/c/en/freckle","/c/en/lentigo","/c/en/medicine","/c/gv/troailt","/c/en/trekking"],"weight":0.21585,"degrees":[290,17,11938,16,26]},"num_concepts_raised":12681},{"base_id":864,"kind":"bot_words","i1":8,"i2":9,"sol":{"path":["/c/en/spinneret","/c/en/web","/c/en/foot","/c/en/walking","/c/en/trekking"],"weight":0.20377999999999993,"degrees":[32,453,1983,494,26]},"num_concepts_raised":8289}],[{"base_id":864,"kind":"top_words","i1":0,"i2":1,"sol":{"path":["/c/en/substantiate","/c/en/disprove","/c/en/refute"],"weight":0.203,"degrees":[108,122,284]},"num_concepts_raised":319},{"base_id":864,"kind":"top_words","i1":0,"i2":2,"sol":{"path":["/c/en/substantiate","/c/en/validate","/c/en/circumstantiate","/c/en/circumstantial"],"weight":0.20601999999999965,"degrees":[108,169,24,54]},"num_concepts_raised":19467},{"base_id":864,"kind":"top_words","i1":0,"i2":3,"sol":{"path":["/c/en/substantiate","/c/en/disprove"],"weight":0.202,"degrees":[108,122]},"num_concepts_raised":187},{"base_id":864,"kind":"top_words","i1":0,"i2":4,"sol":{"path":["/c/en/substantiate","/c/en/authenticate","/c/en/real","/c/en/factual"],"weight":0.20800999999999953,"degrees":[108,117,969,162]},"num_concepts_raised":15367},{"base_id":864,"kind":"top_words","i1":0,"i2":5,"sol":{"path":["/c/en/substantiate","/c/en/corroborate"],"weight":0.202,"degrees":[108,177]},"num_concepts_raised":216},{"base_id":864,"kind":"top_words","i1":0,"i2":6,"sol":{"path":["/c/en/substantiate","/c/en/disprove","/c/en/irrefutable"],"weight":0.202,"degrees":[108,122,94]},"num_concepts_raised":174},{"base_id":864,"kind":"top_words","i1":0,"i2":7,"sol":{"path":["/c/en/substantiate","/c/en/corroborate","/c/en/corroboration"],"weight":0.203,"degrees":[108,177,51]},"num_concepts_raised":135},{"base_id":864,"kind":"top_words","i1":0,"i2":8,"sol":{"path":["/c/en/substantiate","/c/en/evidence","/c/en/hearsay"],"weight":0.202,"degrees":[108,753,160]},"num_concepts_raised":224},{"base_id":864,"kind":"top_words","i1":0,"i2":9,"sol":{"path":["/c/en/substantiate","/c/en/confirm","/c/en/question","/c/en/incontrovertible"],"weight":0.2047099999999996,"degrees":[108,463,1408,93]},"num_concepts_raised":14815},{"base_id":864,"kind":"top_words","i1":1,"i2":2,"sol":{"path":["/c/en/refute","/c/en/prove","/c/en/circumstantiate","/c/en/circumstantial"],"weight":0.2070099999999995,"degrees":[284,638,24,54]},"num_concepts_raised":19051},{"base_id":864,"kind":"top_words","i1":1,"i2":3,"sol":{"path":["/c/en/refute","/c/en/disprove"],"weight":0.20400000000000001,"degrees":[284,122]},"num_concepts_raised":282},{"base_id":864,"kind":"top_words","i1":1,"i2":4,"sol":{"path":["/c/en/refute","/c/en/false","/c/en/factual"],"weight":0.202,"degrees":[284,970,162]},"num_concepts_raised":359},{"base_id":864,"kind":"top_words","i1":1,"i2":5,"sol":{"path":["/c/en/refute","/c/de/widerlegen","/c/de/bestätigen","/c/en/corroborate"],"weight":0.20980999999999939,"degrees":[284,49,127,177]},"num_concepts_raised":18212},{"base_id":864,"kind":"top_words","i1":1,"i2":6,"sol":{"path":["/c/en/refute","/c/en/irrefutable"],"weight":0.202,"degrees":[284,94]},"num_concepts_raised":299},{"base_id":864,"kind":"top_words","i1":1,"i2":7,"sol":{"path":["/c/en/refute","/c/en/refutation","/c/en/corroboration"],"weight":0.202,"degrees":[284,136,51]},"num_concepts_raised":266},{"base_id":864,"kind":"top_words","i1":1,"i2":8,"sol":{"path":["/c/en/refute","/c/en/prove","/c/en/law","/c/en/hearsay"],"weight":0.20846999999999938,"degrees":[284,638,3727,160]},"num_concepts_raised":32918},{"base_id":864,"kind":"top_words","i1":1,"i2":9,"sol":{"path":["/c/en/refute","/c/en/controvert","/c/en/incontrovertible"],"weight":0.203,"degrees":[284,45,93]},"num_concepts_raised":306},{"base_id":864,"kind":"top_words","i1":2,"i2":3,"sol":{"path":["/c/en/circumstantial","/c/en/circumstantiate","/c/en/prove","/c/en/disprove"],"weight":0.20623999999999973,"degrees":[54,24,638,122]},"num_concepts_raised":15194},{"base_id":864,"kind":"top_words","i1":2,"i2":4,"sol":{"path":["/c/en/circumstantial","/c/en/legal","/c/en/real","/c/en/factual"],"weight":0.2073999999999997,"degrees":[54,6627,969,162]},"num_concepts_raised":14105},{"base_id":864,"kind":"top_words","i1":2,"i2":5,"sol":{"path":["/c/en/circumstantial","/c/en/legal","/c/fi/vahvistaa","/c/en/corroborate"],"weight":0.2070699999999997,"degrees":[54,6627,88,177]},"num_concepts_raised":17535},{"base_id":864,"kind":"top_words","i1":2,"i2":6,"sol":{"path":["/c/en/circumstantial","/c/en/legal","/c/it/irrecusabile","/c/en/irrefutable"],"weight":0.20374999999999976,"degrees":[54,6627,10,94]},"num_concepts_raised":10857},{"base_id":864,"kind":"top_words","i1":2,"i2":7,"sol":{"path":["/c/en/circumstantial","/c/en/circumstantiate","/c/en/evidence","/c/en/corroborate","/c/en/corroboration"],"weight":0.20547999999999983,"degrees":[54,24,753,177,51]},"num_concepts_raised":10716},{"base_id":864,"kind":"top_words","i1":2,"i2":8,"sol":{"path":["/c/en/circumstantial","/c/en/legal","/c/en/law","/c/en/hearsay"],"weight":0.2058399999999997,"degrees":[54,6627,3727,160]},"num_concepts_raised":31591},{"base_id":864,"kind":"top_words","i1":2,"i2":9,"sol":{"path":["/c/en/circumstantial","/c/en/al","/c/en/controversial","/c/en/incontrovertible"],"weight":0.20384999999999975,"degrees":[54,153,229,93]},"num_concepts_raised":13584},{"base_id":864,"kind":"top_words","i1":3,"i2":4,"sol":{"path":["/c/en/disprove","/c/en/false","/c/en/factual"],"weight":0.202,"degrees":[122,970,162]},"num_concepts_raised":229},{"base_id":864,"kind":"top_words","i1":3,"i2":5,"sol":{"path":["/c/en/disprove","/c/en/substantiate","/c/en/corroborate"],"weight":0.202,"degrees":[122,108,177]},"num_concepts_raised":234},{"base_id":864,"kind":"top_words","i1":3,"i2":6,"sol":{"path":["/c/en/disprove","/c/en/irrefutable"],"weight":0.202,"degrees":[122,94]},"num_concepts_raised":171},{"base_id":864,"kind":"top_words","i1":3,"i2":7,"sol":{"path":["/c/en/disprove","/c/en/disproof","/c/en/corroboration"],"weight":0.202,"degrees":[122,56,51]},"num_concepts_raised":134},{"base_id":864,"kind":"top_words","i1":3,"i2":8,"sol":{"path":["/c/en/disprove","/c/en/prove","/c/en/law","/c/en/hearsay"],"weight":0.20768999999999962,"degrees":[122,638,3727,160]},"num_concepts_raised":29090},{"base_id":864,"kind":"top_words","i1":3,"i2":9,"sol":{"path":["/c/en/disprove","/c/en/irrefutable","/c/en/incontrovertible"],"weight":0.202,"degrees":[122,94,93]},"num_concepts_raised":177},{"base_id":864,"kind":"top_words","i1":4,"i2":5,"sol":{"path":["/c/en/factual","/c/en/fact","/c/en/evidence","/c/en/corroborate"],"weight":0.20759999999999962,"degrees":[162,649,753,177]},"num_concepts_raised":13486},{"base_id":864,"kind":"top_words","i1":4,"i2":6,"sol":{"path":["/c/en/factual","/c/en/fact","/c/en/indisputable","/c/en/irrefutable"],"weight":0.2067599999999997,"degrees":[162,649,102,94]},"num_concepts_raised":6616},{"base_id":864,"kind":"top_words","i1":4,"i2":7,"sol":{"path":["/c/en/factual","/c/en/real","/c/en/really","/c/en/confirmation","/c/en/corroboration"],"weight":0.20758999999999977,"degrees":[162,969,762,288,51]},"num_concepts_raised":6468},{"base_id":864,"kind":"top_words","i1":4,"i2":8,"sol":{"path":["/c/en/factual","/c/en/fact","/c/en/information","/c/en/hearsay"],"weight":0.2073999999999996,"degrees":[162,649,1544,160]},"num_concepts_raised":28013},{"base_id":864,"kind":"top_words","i1":4,"i2":9,"sol":{"path":["/c/en/factual","/c/en/real","/c/en/positive","/c/en/incontrovertible"],"weight":0.20793999999999965,"degrees":[162,969,611,93]},"num_concepts_raised":9374},{"base_id":864,"kind":"top_words","i1":5,"i2":6,"sol":{"path":["/c/en/corroborate","/c/en/substantiate","/c/en/disprove","/c/en/irrefutable"],"weight":0.20560999999999968,"degrees":[177,108,122,94]},"num_concepts_raised":10139},{"base_id":864,"kind":"top_words","i1":5,"i2":7,"sol":{"path":["/c/en/corroborate","/c/en/corroboration"],"weight":0.20400000000000001,"degrees":[177,51]},"num_concepts_raised":177},{"base_id":864,"kind":"top_words","i1":5,"i2":8,"sol":{"path":["/c/en/corroborate","/c/en/evidence","/c/en/hearsay"],"weight":0.202,"degrees":[177,753,160]},"num_concepts_raised":269},{"base_id":864,"kind":"top_words","i1":5,"i2":9,"sol":{"path":["/c/en/corroborate","/c/en/confirm","/c/en/question","/c/en/incontrovertible"],"weight":0.20726999999999968,"degrees":[177,463,1408,93]},"num_concepts_raised":12897},{"base_id":864,"kind":"top_words","i1":6,"i2":7,"sol":{"path":["/c/en/irrefutable","/c/en/refute","/c/en/refutation","/c/en/corroboration"],"weight":0.20388999999999985,"degrees":[94,284,136,51]},"num_concepts_raised":3041},{"base_id":864,"kind":"top_words","i1":6,"i2":8,"sol":{"path":["/c/en/irrefutable","/c/zh/鐵證","/c/en/evidence","/c/en/hearsay"],"weight":0.20512999999999967,"degrees":[94,7,753,160]},"num_concepts_raised":24873},{"base_id":864,"kind":"top_words","i1":6,"i2":9,"sol":{"path":["/c/en/irrefutable","/c/en/incontrovertible"],"weight":0.202,"degrees":[94,93]},"num_concepts_raised":145},{"base_id":864,"kind":"top_words","i1":7,"i2":8,"sol":{"path":["/c/en/corroboration","/c/en/corroborate","/c/en/evidence","/c/en/hearsay"],"weight":0.20581999999999978,"degrees":[51,177,753,160]},"num_concepts_raised":24677},{"base_id":864,"kind":"top_words","i1":7,"i2":9,"sol":{"path":["/c/en/corroboration","/c/en/confirm","/c/en/question","/c/en/incontrovertible"],"weight":0.2039399999999998,"degrees":[51,463,1408,93]},"num_concepts_raised":5859},{"base_id":864,"kind":"top_words","i1":8,"i2":9,"sol":{"path":["/c/en/hearsay","/c/en/information","/c/en/question","/c/en/incontrovertible"],"weight":0.20522999999999963,"degrees":[160,1544,1408,93]},"num_concepts_raised":27550}]]