[[{"base_id":337,"kind":"bot_words","i1":0,"i2":1,"sol":{"path":["/c/en/dextrin","/c/en/chemical_compound","/c/en/maitotoxin","/c/en/toxin","/c/en/endotoxin"],"weight":0.2165399999999998,"degrees":[104,2801,31,385,75]},"num_concepts_raised":8346},{"base_id":337,"kind":"bot_words","i1":0,"i2":2,"sol":{"path":["/c/en/dextrin","/c/en/starch","/c/en/precise","/c/en/acuteness","/c/en/shrillness"],"weight":0.20867999999999975,"degrees":[104,514,383,87,24]},"num_concepts_raised":6920},{"base_id":337,"kind":"bot_words","i1":0,"i2":3,"sol":{"path":["/c/en/dextrin","/c/it/destrina","/c/fr/chimie","/c/en/salt","/c/en/hallstatt","/c/en/salzkammergut"],"weight":0.2193771999999996,"degrees":[104,11,9652,2754,10,38]},"num_concepts_raised":198524},{"base_id":337,"kind":"bot_words","i1":0,"i2":4,"sol":{"path":["/c/en/dextrin","/c/en/carbohydrate","/c/en/animal","/c/en/mammal","/c/en/weasel"],"weight":0.2221999999999994,"degrees":[104,1166,3735,2187,452]},"num_concepts_raised":51821},{"base_id":337,"kind":"bot_words","i1":0,"i2":5,"sol":{"path":["/c/en/dextrin","/c/en/chemical_compound","/c/en/chemistry","/c/en/disproportionate","/c/en/disproportionately"],"weight":0.20985999999999985,"degrees":[104,2801,11754,90,30]},"num_concepts_raised":5601},{"base_id":337,"kind":"bot_words","i1":0,"i2":6,"sol":{"path":["/c/en/dextrin","/c/en/chemical_compound","/c/en/water","/c/en/proof","/c/en/validation"],"weight":0.2120899999999996,"degrees":[104,2801,4606,766,115]},"num_concepts_raised":22178},{"base_id":337,"kind":"bot_words","i1":0,"i2":7,"sol":{"path":["/c/en/dextrin","/c/en/carbohydrate","/c/en/sugar","/c/en/person","/c/en/proprietary","/c/en/patented"],"weight":0.21569069999999965,"degrees":[104,1166,1902,12935,112,24]},"num_concepts_raised":247102},{"base_id":337,"kind":"bot_words","i1":0,"i2":8,"sol":{"path":["/c/en/dextrin","/c/en/carbohydrate","/c/en/plant","/c/en/train","/c/en/caboose"],"weight":0.2113499999999997,"degrees":[104,1166,7959,1408,56]},"num_concepts_raised":45007},{"base_id":337,"kind":"bot_words","i1":0,"i2":9,"sol":{"path":["/c/en/dextrin","/c/en/chemical_compound","/c/en/caesium_chloride","/c/en/caesium"],"weight":0.21733000000000016,"degrees":[104,2801,42,253]},"num_concepts_raised":9207},{"base_id":337,"kind":"bot_words","i1":1,"i2":2,"sol":{"path":["/c/en/endotoxin","/c/en/end","/c/en/dividend","/c/en/interest","/c/en/shrillness"],"weight":0.2083799999999999,"degrees":[75,2782,228,1297,24]},"num_concepts_raised":4382},{"base_id":337,"kind":"bot_words","i1":1,"i2":3,"sol":{"path":["/c/en/endotoxin","/c/en/end","/c/en/boundary","/c/en/limes","/c/en/world_heritage_site","/c/en/salzkammergut"],"weight":0.21685639999999934,"degrees":[75,2782,774,62,149,38]},"num_concepts_raised":199508},{"base_id":337,"kind":"bot_words","i1":1,"i2":4,"sol":{"path":["/c/en/endotoxin","/c/en/end","/c/en/person","/c/en/weasel"],"weight":0.21900999999999954,"degrees":[75,2782,12935,452]},"num_concepts_raised":49240},{"base_id":337,"kind":"bot_words","i1":1,"i2":5,"sol":{"path":["/c/en/endotoxin","/c/fr/endotoxine","/c/fr/lyse","/c/en/chemistry","/c/en/disproportionate","/c/en/disproportionately"],"weight":0.21808159999999982,"degrees":[75,26,59,11754,90,30]},"num_concepts_raised":206751},{"base_id":337,"kind":"bot_words","i1":1,"i2":6,"sol":{"path":["/c/en/endotoxin","/c/en/end","/c/en/person","/c/en/validation"],"weight":0.20952999999999974,"degrees":[75,2782,12935,115]},"num_concepts_raised":19618},{"base_id":337,"kind":"bot_words","i1":1,"i2":7,"sol":{"path":["/c/en/endotoxin","/c/en/end","/c/en/person","/c/en/proprietary","/c/en/patented"],"weight":0.20947999999999994,"degrees":[75,2782,12935,112,24]},"num_concepts_raised":3395},{"base_id":337,"kind":"bot_words","i1":1,"i2":8,"sol":{"path":["/c/en/endotoxin","/c/en/end","/c/en/last","/c/en/caboose"],"weight":0.2087799999999998,"degrees":[75,2782,1053,56]},"num_concepts_raised":42322},{"base_id":337,"kind":"bot_words","i1":1,"i2":9,"sol":{"path":["/c/en/endotoxin","/c/en/end","/c/en/latter","/c/en/second","/c/en/caesium"],"weight":0.2170000000000003,"degrees":[75,2782,158,1367,253]},"num_concepts_raised":6693},{"base_id":337,"kind":"bot_words","i1":2,"i2":3,"sol":{"path":["/c/en/shrillness","/c/en/interest","/c/en/color","/c/en/bronze","/c/en/hallstatt","/c/en/salzkammergut"],"weight":0.20994919999999956,"degrees":[24,1297,1870,613,10,38]},"num_concepts_raised":143633},{"base_id":337,"kind":"bot_words","i1":2,"i2":4,"sol":{"path":["/c/en/shrillness","/c/en/interest","/c/en/hair","/c/en/mammal","/c/en/weasel"],"weight":0.21571999999999947,"degrees":[24,1297,2126,2187,452]},"num_concepts_raised":47823},{"base_id":337,"kind":"bot_words","i1":2,"i2":5,"sol":{"path":["/c/en/shrillness","/c/en/interest","/c/fr/intérêt","/c/fr/manière","/c/fr/disproportionnément","/c/en/disproportionately"],"weight":0.2073639999999998,"degrees":[24,1297,545,1757,10,30]},"num_concepts_raised":151309},{"base_id":337,"kind":"bot_words","i1":2,"i2":6,"sol":{"path":["/c/en/shrillness","/c/en/interest","/c/ja/こうしょう","/c/en/proof","/c/en/validation"],"weight":0.2060099999999997,"degrees":[24,1297,75,766,115]},"num_concepts_raised":18173},{"base_id":337,"kind":"bot_words","i1":2,"i2":7,"sol":{"path":["/c/en/shrillness","/c/en/interest","/c/en/right","/c/en/proprietary","/c/en/patented"],"weight":0.20367999999999992,"degrees":[24,1297,2319,112,24]},"num_concepts_raised":1947},{"base_id":337,"kind":"bot_words","i1":2,"i2":8,"sol":{"path":["/c/en/shrillness","/c/en/interest","/c/en/learn","/c/en/train","/c/en/caboose"],"weight":0.20506999999999975,"degrees":[24,1297,1185,1408,56]},"num_concepts_raised":41003},{"base_id":337,"kind":"bot_words","i1":2,"i2":9,"sol":{"path":["/c/en/shrillness","/c/en/interest","/c/en/color","/c/en/caesious","/c/en/caesium"],"weight":0.21322000000000024,"degrees":[24,1297,1870,11,253]},"num_concepts_raised":5246},{"base_id":337,"kind":"bot_words","i1":3,"i2":4,"sol":{"path":["/c/en/salzkammergut","/c/en/world_heritage_site","/c/en/lascaux","/c/en/france","/c/en/weasel"],"weight":0.21832999999999947,"degrees":[38,149,67,1405,452]},"num_concepts_raised":46679},{"base_id":337,"kind":"bot_words","i1":3,"i2":5,"sol":{"path":["/c/en/salzkammergut","/c/en/hallstatt","/c/en/salt","/c/en/chemistry","/c/en/disproportionate","/c/en/disproportionately"],"weight":0.21208759999999985,"degrees":[38,10,2754,11754,90,30]},"num_concepts_raised":24391},{"base_id":337,"kind":"bot_words","i1":3,"i2":6,"sol":{"path":["/c/en/salzkammergut","/c/en/hallstatt","/c/en/bronze","/c/en/change","/c/en/proof","/c/en/validation"],"weight":0.2169202999999995,"degrees":[38,10,613,3383,766,115]},"num_concepts_raised":907655},{"base_id":337,"kind":"bot_words","i1":3,"i2":7,"sol":{"path":["/c/en/salzkammergut","/c/en/world_heritage_site","/c/en/atlantic_forest","/c/en/region","/c/en/patent","/c/en/patented"],"weight":0.21000089999999977,"degrees":[38,149,39,1382,389,24]},"num_concepts_raised":69481},{"base_id":337,"kind":"bot_words","i1":3,"i2":8,"sol":{"path":["/c/en/salzkammergut","/c/en/hallstatt","/c/en/salt","/c/en/slang","/c/en/caboose"],"weight":0.20823999999999976,"degrees":[38,10,2754,16318,56]},"num_concepts_raised":39846},{"base_id":337,"kind":"bot_words","i1":3,"i2":9,"sol":{"path":["/c/en/salzkammergut","/c/en/hallstatt","/c/en/salt","/c/en/caesium_chloride","/c/en/caesium"],"weight":0.2164100000000002,"degrees":[38,10,2754,42,253]},"num_concepts_raised":4006},{"base_id":337,"kind":"bot_words","i1":4,"i2":5,"sol":{"path":["/c/en/weasel","/c/en/tree","/c/en/chemistry","/c/en/disproportionate","/c/en/disproportionately"],"weight":0.21442999999999957,"degrees":[452,3598,11754,90,30]},"num_concepts_raised":46604},{"base_id":337,"kind":"bot_words","i1":4,"i2":6,"sol":{"path":["/c/en/weasel","/c/en/person","/c/en/validation"],"weight":0.20400000000000001,"degrees":[452,12935,115]},"num_concepts_raised":451},{"base_id":337,"kind":"bot_words","i1":4,"i2":7,"sol":{"path":["/c/en/weasel","/c/en/person","/c/en/proprietary","/c/en/patented"],"weight":0.21430999999999956,"degrees":[452,12935,112,24]},"num_concepts_raised":46907},{"base_id":337,"kind":"bot_words","i1":4,"i2":8,"sol":{"path":["/c/en/weasel","/c/en/mink","/c/en/slang","/c/en/caboose"],"weight":0.21594999999999942,"degrees":[452,233,16318,56]},"num_concepts_raised":83218},{"base_id":337,"kind":"bot_words","i1":4,"i2":9,"sol":{"path":["/c/en/weasel","/c/en/polecat","/c/en/us","/c/en/cesium","/c/en/caesium"],"weight":0.2286499999999999,"degrees":[452,100,8154,83,253]},"num_concepts_raised":50140},{"base_id":337,"kind":"bot_words","i1":5,"i2":6,"sol":{"path":["/c/en/disproportionately","/c/en/disproportionate","/c/en/dwarf","/c/en/person","/c/en/validation"],"weight":0.2048999999999998,"degrees":[30,90,466,12935,115]},"num_concepts_raised":16908},{"base_id":337,"kind":"bot_words","i1":5,"i2":7,"sol":{"path":["/c/en/disproportionately","/c/en/disproportionate","/c/en/dwarf","/c/en/person","/c/en/proprietary","/c/en/patented"],"weight":0.2093756,"degrees":[30,90,466,12935,112,24]},"num_concepts_raised":77715},{"base_id":337,"kind":"bot_words","i1":5,"i2":8,"sol":{"path":["/c/en/disproportionately","/c/en/disproportionate","/c/en/unfair","/c/en/people","/c/en/train","/c/en/caboose"],"weight":0.21291549999999987,"degrees":[30,90,247,4475,1408,56]},"num_concepts_raised":1438505},{"base_id":337,"kind":"bot_words","i1":5,"i2":9,"sol":{"path":["/c/en/disproportionately","/c/en/disproportionate","/c/en/chemistry","/c/it/cesio","/c/en/caesium"],"weight":0.21454000000000034,"degrees":[30,90,11754,14,253]},"num_concepts_raised":3931},{"base_id":337,"kind":"bot_words","i1":6,"i2":7,"sol":{"path":["/c/en/validation","/c/en/person","/c/en/proprietary","/c/en/patented"],"weight":0.20481999999999978,"degrees":[115,12935,112,24]},"num_concepts_raised":17212},{"base_id":337,"kind":"bot_words","i1":6,"i2":8,"sol":{"path":["/c/en/validation","/c/en/proof","/c/en/cooking","/c/en/caboose"],"weight":0.20638999999999963,"degrees":[115,766,1401,56]},"num_concepts_raised":55412},{"base_id":337,"kind":"bot_words","i1":6,"i2":9,"sol":{"path":["/c/en/validation","/c/it/controprova","/c/en/second","/c/en/caesium"],"weight":0.2122900000000001,"degrees":[115,11,1367,253]},"num_concepts_raised":20484},{"base_id":337,"kind":"bot_words","i1":7,"i2":8,"sol":{"path":["/c/en/patented","/c/en/proprietary","/c/en/monk","/c/en/train","/c/en/caboose"],"weight":0.20618999999999985,"degrees":[24,112,723,1408,56]},"num_concepts_raised":40074},{"base_id":337,"kind":"bot_words","i1":7,"i2":9,"sol":{"path":["/c/en/patented","/c/en/proprietary","/c/en/patent_medicine","/c/en/us","/c/en/cesium","/c/en/caesium"],"weight":0.22822839999999997,"degrees":[24,112,32,8154,83,253]},"num_concepts_raised":263161},{"base_id":337,"kind":"bot_words","i1":8,"i2":9,"sol":{"path":["/c/en/caboose","/c/en/us","/c/en/cesium","/c/en/caesium"],"weight":0.2161700000000002,"degrees":[56,8154,83,253]},"num_concepts_raised":43315}],[{"base_id":337,"kind":"top_words","i1":0,"i2":1,"sol":{"path":["/c/en/kissel","/c/en/dessert","/c/en/apple","/c/en/tennis","/c/en/dink"],"weight":0.21097999999999978,"degrees":[28,634,1553,699,41]},"num_concepts_raised":30055},{"base_id":337,"kind":"top_words","i1":0,"i2":2,"sol":{"path":["/c/en/kissel","/c/en/dessert","/c/en/meal","/c/en/dialectal","/c/en/vang"],"weight":0.20973999999999982,"degrees":[28,634,1117,4127,25]},"num_concepts_raised":16812},{"base_id":337,"kind":"top_words","i1":0,"i2":3,"sol":{"path":["/c/en/kissel","/c/en/food","/c/en/frig","/c/en/masturbate","/c/en/masturbated"],"weight":0.20868999999999982,"degrees":[28,4281,49,423,26]},"num_concepts_raised":4586},{"base_id":337,"kind":"top_words","i1":0,"i2":4,"sol":{"path":["/c/en/kissel","/c/en/dessert","/c/en/fool","/c/es/baboso","/c/en/blenny"],"weight":0.20987999999999984,"degrees":[28,634,1406,25,35]},"num_concepts_raised":4370},{"base_id":337,"kind":"top_words","i1":0,"i2":5,"sol":{"path":["/c/en/kissel","/c/en/dessert","/c/en/pie","/c/en/try","/c/en/retry"],"weight":0.21000999999999986,"degrees":[28,634,483,980,39]},"num_concepts_raised":7965},{"base_id":337,"kind":"top_words","i1":0,"i2":6,"sol":{"path":["/c/en/kissel","/c/en/food","/c/ja/せいし","/c/en/deity","/c/en/sobek"],"weight":0.2130099999999997,"degrees":[28,4281,142,647,55]},"num_concepts_raised":5335},{"base_id":337,"kind":"top_words","i1":0,"i2":7,"sol":{"path":["/c/en/kissel","/c/en/food","/c/en/home","/c/en/roommate"],"weight":0.21456999999999987,"degrees":[28,4281,2163,153]},"num_concepts_raised":34801},{"base_id":337,"kind":"top_words","i1":0,"i2":8,"sol":{"path":["/c/en/kissel","/c/en/food","/c/en/home","/c/en/condominium"],"weight":0.22061999999999965,"degrees":[28,4281,2163,152]},"num_concepts_raised":38207},{"base_id":337,"kind":"top_words","i1":0,"i2":9,"sol":{"path":["/c/en/kissel","/c/en/dessert","/c/en/piece","/c/nl/deel","/c/en/thill"],"weight":0.20990999999999976,"degrees":[28,634,1565,90,39]},"num_concepts_raised":8070},{"base_id":337,"kind":"top_words","i1":1,"i2":2,"sol":{"path":["/c/en/dink","/c/en/us","/c/en/yard","/c/en/vang"],"weight":0.2037199999999998,"degrees":[41,8154,825,25]},"num_concepts_raised":38068},{"base_id":337,"kind":"top_words","i1":1,"i2":3,"sol":{"path":["/c/en/dink","/c/en/us","/c/en/jerk_off","/c/en/masturbate","/c/en/masturbated"],"weight":0.20480999999999983,"degrees":[41,8154,109,423,26]},"num_concepts_raised":26426},{"base_id":337,"kind":"top_words","i1":1,"i2":4,"sol":{"path":["/c/en/dink","/c/en/us","/c/en/fin","/c/en/combtooth_blenny","/c/en/blenny"],"weight":0.20392999999999983,"degrees":[41,8154,425,46,35]},"num_concepts_raised":26221},{"base_id":337,"kind":"top_words","i1":1,"i2":5,"sol":{"path":["/c/en/dink","/c/en/us","/c/en/legal","/c/en/try","/c/en/retry"],"weight":0.20406999999999986,"degrees":[41,8154,6627,980,39]},"num_concepts_raised":29681},{"base_id":337,"kind":"top_words","i1":1,"i2":6,"sol":{"path":["/c/en/dink","/c/en/tennis","/c/en/deuce","/c/en/deity","/c/en/sobek"],"weight":0.2091199999999997,"degrees":[41,699,142,647,55]},"num_concepts_raised":27170},{"base_id":337,"kind":"top_words","i1":1,"i2":7,"sol":{"path":["/c/en/dink","/c/en/us","/c/en/roommate"],"weight":0.20500000000000002,"degrees":[41,8154,153]},"num_concepts_raised":146},{"base_id":337,"kind":"top_words","i1":1,"i2":8,"sol":{"path":["/c/en/dink","/c/en/us","/c/en/condominium"],"weight":0.20700000000000002,"degrees":[41,8154,152]},"num_concepts_raised":155},{"base_id":337,"kind":"top_words","i1":1,"i2":9,"sol":{"path":["/c/en/dink","/c/en/us","/c/en/jumper","/c/en/thill"],"weight":0.20387999999999976,"degrees":[41,8154,243,39]},"num_concepts_raised":29712},{"base_id":337,"kind":"top_words","i1":2,"i2":3,"sol":{"path":["/c/en/vang","/c/en/nautical","/c/en/touch","/c/en/masturbate","/c/en/masturbated"],"weight":0.20357999999999984,"degrees":[25,5204,1765,423,26]},"num_concepts_raised":13049},{"base_id":337,"kind":"top_words","i1":2,"i2":4,"sol":{"path":["/c/en/vang","/c/en/nautical","/c/en/fish","/c/en/combtooth_blenny","/c/en/blenny"],"weight":0.20278999999999986,"degrees":[25,5204,4424,46,35]},"num_concepts_raised":12836},{"base_id":337,"kind":"top_words","i1":2,"i2":5,"sol":{"path":["/c/en/vang","/c/en/nautical","/c/en/try","/c/en/retry"],"weight":0.20282999999999987,"degrees":[25,5204,980,39]},"num_concepts_raised":16346},{"base_id":337,"kind":"top_words","i1":2,"i2":6,"sol":{"path":["/c/en/vang","/c/en/fang","/c/en/african","/c/en/egyptian","/c/en/sobek"],"weight":0.2080099999999997,"degrees":[25,294,561,258,55]},"num_concepts_raised":13793},{"base_id":337,"kind":"top_words","i1":2,"i2":7,"sol":{"path":["/c/en/vang","/c/en/nautical","/c/en/room","/c/en/roommate"],"weight":0.21160999999999985,"degrees":[25,5204,1788,153]},"num_concepts_raised":42879},{"base_id":337,"kind":"top_words","i1":2,"i2":8,"sol":{"path":["/c/en/vang","/c/en/yard","/c/en/home","/c/en/condominium"],"weight":0.21556999999999965,"degrees":[25,825,2163,152]},"num_concepts_raised":46195},{"base_id":337,"kind":"top_words","i1":2,"i2":9,"sol":{"path":["/c/en/vang","/c/en/yard","/c/en/shaft","/c/en/thill"],"weight":0.2027599999999998,"degrees":[25,825,621,39]},"num_concepts_raised":16382},{"base_id":337,"kind":"top_words","i1":3,"i2":4,"sol":{"path":["/c/en/masturbated","/c/en/masturbate","/c/en/derogatory","/c/en/fish","/c/en/combtooth_blenny","/c/en/blenny"],"weight":0.20714599999999977,"degrees":[26,423,3326,4424,46,35]},"num_concepts_raised":36286},{"base_id":337,"kind":"top_words","i1":3,"i2":5,"sol":{"path":["/c/en/masturbated","/c/en/masturbate","/c/en/student","/c/en/test","/c/en/try","/c/en/retry"],"weight":0.20784509999999973,"degrees":[26,423,1417,1443,980,39]},"num_concepts_raised":316034},{"base_id":337,"kind":"top_words","i1":3,"i2":6,"sol":{"path":["/c/en/masturbated","/c/en/masturbate","/c/en/masturbation","/c/en/religion","/c/en/deity","/c/en/sobek"],"weight":0.2123867999999995,"degrees":[26,423,484,3331,647,55]},"num_concepts_raised":72843},{"base_id":337,"kind":"top_words","i1":3,"i2":7,"sol":{"path":["/c/en/masturbated","/c/en/masturbate","/c/en/masturbatorium","/c/en/room","/c/en/roommate"],"weight":0.21257999999999988,"degrees":[26,423,13,1788,153]},"num_concepts_raised":31208},{"base_id":337,"kind":"top_words","i1":3,"i2":8,"sol":{"path":["/c/en/masturbated","/c/en/masturbate","/c/en/jerk_off","/c/en/us","/c/en/condominium"],"weight":0.21440999999999966,"degrees":[26,423,109,8154,152]},"num_concepts_raised":34617},{"base_id":337,"kind":"top_words","i1":3,"i2":9,"sol":{"path":["/c/en/masturbated","/c/en/masturbate","/c/en/touch","/c/en/deal","/c/en/thill"],"weight":0.20374999999999982,"degrees":[26,423,1765,875,39]},"num_concepts_raised":4269},{"base_id":337,"kind":"top_words","i1":4,"i2":5,"sol":{"path":["/c/en/blenny","/c/en/combtooth_blenny","/c/en/fish","/c/en/attempt","/c/en/retry"],"weight":0.20294999999999988,"degrees":[35,46,4424,665,39]},"num_concepts_raised":3932},{"base_id":337,"kind":"top_words","i1":4,"i2":6,"sol":{"path":["/c/en/blenny","/c/fr/blennie","/c/fr/zoologie","/c/en/alligator","/c/en/crocodile","/c/en/sobek"],"weight":0.2123433999999996,"degrees":[35,12,9122,345,364,55]},"num_concepts_raised":80626},{"base_id":337,"kind":"top_words","i1":4,"i2":7,"sol":{"path":["/c/en/blenny","/c/fr/blennie","/c/fr/zoologie","/c/en/mate","/c/en/roommate"],"weight":0.2126599999999999,"degrees":[35,12,9122,657,153]},"num_concepts_raised":30995},{"base_id":337,"kind":"top_words","i1":4,"i2":8,"sol":{"path":["/c/en/blenny","/c/en/combtooth_blenny","/c/en/family","/c/en/home","/c/en/condominium"],"weight":0.21577999999999967,"degrees":[35,46,3166,2163,152]},"num_concepts_raised":34408},{"base_id":337,"kind":"top_words","i1":4,"i2":9,"sol":{"path":["/c/en/blenny","/c/fr/blennie","/c/fr/poisson","/c/fr/boutique","/c/de/diele","/c/en/thill"],"weight":0.2093342999999998,"degrees":[35,12,1813,265,98,39]},"num_concepts_raised":591875},{"base_id":337,"kind":"top_words","i1":5,"i2":6,"sol":{"path":["/c/en/retry","/c/en/try","/c/en/tear","/c/ms/sobek","/c/en/sobek"],"weight":0.20814999999999975,"degrees":[39,980,1291,5,55]},"num_concepts_raised":4894},{"base_id":337,"kind":"top_words","i1":5,"i2":7,"sol":{"path":["/c/en/retry","/c/en/again","/c/en/home","/c/en/roommate"],"weight":0.20967999999999992,"degrees":[39,824,2163,153]},"num_concepts_raised":34431},{"base_id":337,"kind":"top_words","i1":5,"i2":8,"sol":{"path":["/c/en/retry","/c/en/again","/c/en/home","/c/en/condominium"],"weight":0.2157299999999997,"degrees":[39,824,2163,152]},"num_concepts_raised":37719},{"base_id":337,"kind":"top_words","i1":5,"i2":9,"sol":{"path":["/c/en/retry","/c/en/try","/c/en/slang","/c/en/shaft","/c/en/thill"],"weight":0.20304999999999984,"degrees":[39,980,16318,621,39]},"num_concepts_raised":7614},{"base_id":337,"kind":"top_words","i1":6,"i2":7,"sol":{"path":["/c/en/sobek","/c/en/egyptian","/c/en/human","/c/en/room","/c/en/roommate"],"weight":0.21696999999999975,"degrees":[55,258,2645,1788,153]},"num_concepts_raised":31930},{"base_id":337,"kind":"top_words","i1":6,"i2":8,"sol":{"path":["/c/en/sobek","/c/en/egyptian","/c/en/human","/c/en/building","/c/en/condominium"],"weight":0.22103999999999951,"degrees":[55,258,2645,2061,152]},"num_concepts_raised":35349},{"base_id":337,"kind":"top_words","i1":6,"i2":9,"sol":{"path":["/c/en/sobek","/c/en/crocodile","/c/en/animal","/c/en/shaft","/c/en/thill"],"weight":0.20809999999999967,"degrees":[55,364,3735,621,39]},"num_concepts_raised":5017},{"base_id":337,"kind":"top_words","i1":7,"i2":8,"sol":{"path":["/c/en/roommate","/c/en/home","/c/en/condominium"],"weight":0.20900000000000002,"degrees":[153,2163,152]},"num_concepts_raised":231},{"base_id":337,"kind":"top_words","i1":7,"i2":9,"sol":{"path":["/c/en/roommate","/c/en/person","/c/en/coal","/c/en/thill"],"weight":0.20964999999999984,"degrees":[153,12935,1121,39]},"num_concepts_raised":34458},{"base_id":337,"kind":"top_words","i1":8,"i2":9,"sol":{"path":["/c/en/condominium","/c/en/building","/c/en/shaft","/c/en/thill"],"weight":0.2157999999999996,"degrees":[152,2061,621,39]},"num_concepts_raised":37746}]]