[[{"base_id":701,"kind":"bot_words","i1":0,"i2":1,"sol":{"path":["/c/en/mersin","/c/en/turkey","/c/en/us","/c/en/dig"],"weight":0.22053999999999901,"degrees":[60,1157,8154,739]},"num_concepts_raised":100843},{"base_id":701,"kind":"bot_words","i1":0,"i2":2,"sol":{"path":["/c/en/mersin","/c/en/city","/c/en/nice"],"weight":0.20600000000000002,"degrees":[60,3758,845]},"num_concepts_raised":774},{"base_id":701,"kind":"bot_words","i1":0,"i2":3,"sol":{"path":["/c/en/mersin","/c/en/turkey","/c/en/slang","/c/en/buggery"],"weight":0.21042999999999973,"degrees":[60,1157,16318,40]},"num_concepts_raised":27108},{"base_id":701,"kind":"bot_words","i1":0,"i2":4,"sol":{"path":["/c/en/mersin","/c/en/turkey","/c/en/country","/c/en/music","/c/en/castanets"],"weight":0.21054999999999963,"degrees":[60,1157,2796,8822,53]},"num_concepts_raised":15373},{"base_id":701,"kind":"bot_words","i1":0,"i2":5,"sol":{"path":["/c/en/mersin","/c/en/turkey","/c/en/derogatory","/c/en/bigot","/c/en/bigoted"],"weight":0.21186999999999973,"degrees":[60,1157,3326,127,75]},"num_concepts_raised":5801},{"base_id":701,"kind":"bot_words","i1":0,"i2":6,"sol":{"path":["/c/en/mersin","/c/en/city","/c/en/school","/c/en/scholar"],"weight":0.21414999999999856,"degrees":[60,3758,2171,455]},"num_concepts_raised":38719},{"base_id":701,"kind":"bot_words","i1":0,"i2":7,"sol":{"path":["/c/en/mersin","/c/en/turkey","/c/en/slang","/c/en/ripper","/c/en/mutilation"],"weight":0.21092999999999978,"degrees":[60,1157,16318,75,85]},"num_concepts_raised":5654},{"base_id":701,"kind":"bot_words","i1":0,"i2":8,"sol":{"path":["/c/en/mersin","/c/en/turkey","/c/en/hand","/c/en/print","/c/en/printmaker"],"weight":0.21112999999999976,"degrees":[60,1157,2596,1090,26]},"num_concepts_raised":6201},{"base_id":701,"kind":"bot_words","i1":0,"i2":9,"sol":{"path":["/c/en/mersin","/c/en/turkey","/c/en/cold_turkey","/c/en/drug","/c/en/ephedrine"],"weight":0.21855999999999987,"degrees":[60,1157,55,4920,98]},"num_concepts_raised":9640},{"base_id":701,"kind":"bot_words","i1":1,"i2":2,"sol":{"path":["/c/en/dig","/c/en/uk","/c/en/nice"],"weight":0.20400000000000001,"degrees":[739,5562,845]},"num_concepts_raised":1313},{"base_id":701,"kind":"bot_words","i1":1,"i2":3,"sol":{"path":["/c/en/dig","/c/en/slang","/c/en/buggery"],"weight":0.202,"degrees":[739,16318,40]},"num_concepts_raised":633},{"base_id":701,"kind":"bot_words","i1":1,"i2":4,"sol":{"path":["/c/en/dig","/c/da/grave","/c/en/music","/c/en/castanets"],"weight":0.214199999999999,"degrees":[739,26,8822,53]},"num_concepts_raised":107460},{"base_id":701,"kind":"bot_words","i1":1,"i2":5,"sol":{"path":["/c/en/dig","/c/en/us","/c/en/peckerwood","/c/en/bigoted"],"weight":0.2136299999999991,"degrees":[739,8154,30,75]},"num_concepts_raised":98800},{"base_id":701,"kind":"bot_words","i1":1,"i2":6,"sol":{"path":["/c/en/dig","/c/en/student","/c/en/scholar"],"weight":0.20400000000000001,"degrees":[739,1417,455]},"num_concepts_raised":996},{"base_id":701,"kind":"bot_words","i1":1,"i2":7,"sol":{"path":["/c/en/dig","/c/en/us","/c/en/ripper","/c/en/mutilation"],"weight":0.21382999999999913,"degrees":[739,8154,75,85]},"num_concepts_raised":98554},{"base_id":701,"kind":"bot_words","i1":1,"i2":8,"sol":{"path":["/c/en/dig","/c/en/drill","/c/en/maker","/c/en/printmaker"],"weight":0.21278999999999915,"degrees":[739,745,486,26]},"num_concepts_raised":99136},{"base_id":701,"kind":"bot_words","i1":1,"i2":9,"sol":{"path":["/c/en/dig","/c/en/medicine","/c/en/drug","/c/en/ephedrine"],"weight":0.22035999999999922,"degrees":[739,11938,4920,98]},"num_concepts_raised":101997},{"base_id":701,"kind":"bot_words","i1":2,"i2":3,"sol":{"path":["/c/en/nice","/c/fr/beau","/c/fr/homme","/c/en/buggery"],"weight":0.22001999999999805,"degrees":[845,604,1895,40]},"num_concepts_raised":171699},{"base_id":701,"kind":"bot_words","i1":2,"i2":4,"sol":{"path":["/c/en/nice","/c/en/band","/c/en/castanets"],"weight":0.20400000000000001,"degrees":[845,1893,53]},"num_concepts_raised":770},{"base_id":701,"kind":"bot_words","i1":2,"i2":5,"sol":{"path":["/c/en/nice","/c/en/strict","/c/en/intolerant","/c/en/bigoted"],"weight":0.22082999999999808,"degrees":[845,385,84,75]},"num_concepts_raised":154415},{"base_id":701,"kind":"bot_words","i1":2,"i2":6,"sol":{"path":["/c/en/nice","/c/en/kind","/c/en/person","/c/en/scholar"],"weight":0.2280299999999969,"degrees":[845,1436,12935,455]},"num_concepts_raised":182491},{"base_id":701,"kind":"bot_words","i1":2,"i2":7,"sol":{"path":["/c/en/nice","/c/en/evil","/c/en/injury","/c/en/mutilation"],"weight":0.21806999999999813,"degrees":[845,1456,924,85]},"num_concepts_raised":154211},{"base_id":701,"kind":"bot_words","i1":2,"i2":8,"sol":{"path":["/c/en/nice","/c/en/print","/c/en/printmaker"],"weight":0.20500000000000002,"degrees":[845,1090,26]},"num_concepts_raised":743},{"base_id":701,"kind":"bot_words","i1":2,"i2":9,"sol":{"path":["/c/en/nice","/c/en/party","/c/en/drug","/c/en/ephedrine"],"weight":0.2256699999999982,"degrees":[845,2057,4920,98]},"num_concepts_raised":158277},{"base_id":701,"kind":"bot_words","i1":3,"i2":4,"sol":{"path":["/c/en/buggery","/c/en/slang","/c/en/band","/c/en/castanets"],"weight":0.20321999999999968,"degrees":[40,16318,1893,53]},"num_concepts_raised":34262},{"base_id":701,"kind":"bot_words","i1":3,"i2":5,"sol":{"path":["/c/en/buggery","/c/en/british","/c/en/little_englander","/c/en/bigoted"],"weight":0.20352999999999977,"degrees":[40,3452,10,75]},"num_concepts_raised":24945},{"base_id":701,"kind":"bot_words","i1":3,"i2":6,"sol":{"path":["/c/en/buggery","/c/en/british","/c/en/school","/c/en/scholar"],"weight":0.20903999999999862,"degrees":[40,3452,2171,455]},"num_concepts_raised":56789},{"base_id":701,"kind":"bot_words","i1":3,"i2":7,"sol":{"path":["/c/en/buggery","/c/en/british","/c/en/ripper","/c/en/mutilation"],"weight":0.2037099999999998,"degrees":[40,3452,75,85]},"num_concepts_raised":24793},{"base_id":701,"kind":"bot_words","i1":3,"i2":8,"sol":{"path":["/c/en/buggery","/c/en/bugger","/c/en/legal","/c/en/maker","/c/en/printmaker"],"weight":0.2048499999999998,"degrees":[40,137,6627,486,26]},"num_concepts_raised":25342},{"base_id":701,"kind":"bot_words","i1":3,"i2":9,"sol":{"path":["/c/en/buggery","/c/en/slang","/c/en/medicine","/c/en/drug","/c/en/ephedrine"],"weight":0.2114699999999999,"degrees":[40,16318,11938,4920,98]},"num_concepts_raised":28716},{"base_id":701,"kind":"bot_words","i1":4,"i2":5,"sol":{"path":["/c/en/castanets","/c/en/music","/c/en/group","/c/en/bigot","/c/en/bigoted"],"weight":0.20469999999999972,"degrees":[53,8822,2339,127,75]},"num_concepts_raised":13201},{"base_id":701,"kind":"bot_words","i1":4,"i2":6,"sol":{"path":["/c/en/castanets","/c/en/music","/c/en/school","/c/en/scholar"],"weight":0.20906999999999853,"degrees":[53,8822,2171,455]},"num_concepts_raised":45890},{"base_id":701,"kind":"bot_words","i1":4,"i2":7,"sol":{"path":["/c/en/castanets","/c/en/dancing","/c/en/injury","/c/en/mutilation"],"weight":0.20370999999999972,"degrees":[53,426,924,85]},"num_concepts_raised":13036},{"base_id":701,"kind":"bot_words","i1":4,"i2":8,"sol":{"path":["/c/en/castanets","/c/en/band","/c/en/artist","/c/en/printmaker"],"weight":0.20293999999999973,"degrees":[53,1893,752,26]},"num_concepts_raised":13566},{"base_id":701,"kind":"bot_words","i1":4,"i2":9,"sol":{"path":["/c/en/castanets","/c/en/music","/c/fr/médecine","/c/fr/éphédrine","/c/en/ephedrine"],"weight":0.21379999999999982,"degrees":[53,8822,9990,40,98]},"num_concepts_raised":17043},{"base_id":701,"kind":"bot_words","i1":5,"i2":6,"sol":{"path":["/c/en/bigoted","/c/en/narrow","/c/en/specialist","/c/en/scholar"],"weight":0.20803999999999861,"degrees":[75,951,378,455]},"num_concepts_raised":36613},{"base_id":701,"kind":"bot_words","i1":5,"i2":7,"sol":{"path":["/c/en/bigoted","/c/en/bigot","/c/en/prejudice","/c/en/injury","/c/en/mutilation"],"weight":0.20524999999999982,"degrees":[75,127,397,924,85]},"num_concepts_raised":3438},{"base_id":701,"kind":"bot_words","i1":5,"i2":8,"sol":{"path":["/c/en/bigoted","/c/en/bigot","/c/en/political","/c/en/hogarthian","/c/en/printmaker"],"weight":0.20431999999999984,"degrees":[75,127,1034,7,26]},"num_concepts_raised":3998},{"base_id":701,"kind":"bot_words","i1":5,"i2":9,"sol":{"path":["/c/en/bigoted","/c/zh/偏執","/c/en/medicine","/c/en/drug","/c/en/ephedrine"],"weight":0.21283999999999992,"degrees":[75,14,11938,4920,98]},"num_concepts_raised":7430},{"base_id":701,"kind":"bot_words","i1":6,"i2":7,"sol":{"path":["/c/en/scholar","/c/en/student","/c/en/cut","/c/en/injury","/c/en/mutilation"],"weight":0.21103999999999867,"degrees":[455,1417,2951,924,85]},"num_concepts_raised":36451},{"base_id":701,"kind":"bot_words","i1":6,"i2":8,"sol":{"path":["/c/en/scholar","/c/en/master","/c/en/artist","/c/en/printmaker"],"weight":0.20855999999999866,"degrees":[455,1522,752,26]},"num_concepts_raised":36952},{"base_id":701,"kind":"bot_words","i1":6,"i2":9,"sol":{"path":["/c/en/scholar","/c/en/doctor","/c/en/medication","/c/en/ephedrine"],"weight":0.21387999999999874,"degrees":[455,1654,317,98]},"num_concepts_raised":40456},{"base_id":701,"kind":"bot_words","i1":7,"i2":8,"sol":{"path":["/c/en/mutilation","/c/en/injury","/c/en/burn","/c/en/print","/c/en/printmaker"],"weight":0.20443999999999987,"degrees":[85,924,1773,1090,26]},"num_concepts_raised":3845},{"base_id":701,"kind":"bot_words","i1":7,"i2":9,"sol":{"path":["/c/en/mutilation","/c/en/female_circumcision","/c/en/medicine","/c/en/drug","/c/en/ephedrine"],"weight":0.21198999999999996,"degrees":[85,59,11938,4920,98]},"num_concepts_raised":7278},{"base_id":701,"kind":"bot_words","i1":8,"i2":9,"sol":{"path":["/c/en/printmaker","/c/en/print","/c/en/use","/c/en/drug","/c/en/ephedrine"],"weight":0.21204999999999996,"degrees":[26,1090,2100,4920,98]},"num_concepts_raised":7830}],[{"base_id":701,"kind":"top_words","i1":0,"i2":1,"sol":{"path":["/c/en/biplane","/c/en/airplane","/c/en/messerschmitt"],"weight":0.20600000000000002,"degrees":[116,870,42]},"num_concepts_raised":115},{"base_id":701,"kind":"top_words","i1":0,"i2":2,"sol":{"path":["/c/en/biplane","/c/en/monoplane"],"weight":0.20600000000000002,"degrees":[116,73]},"num_concepts_raised":120},{"base_id":701,"kind":"top_words","i1":0,"i2":3,"sol":{"path":["/c/en/biplane","/c/en/aviation","/c/en/seat","/c/en/company","/c/en/junkers"],"weight":0.2161999999999999,"degrees":[116,1071,1314,2258,33]},"num_concepts_raised":7499},{"base_id":701,"kind":"top_words","i1":0,"i2":4,"sol":{"path":["/c/en/biplane","/c/en/aviation","/c/en/seat","/c/en/spitfire"],"weight":0.21112999999999987,"degrees":[116,1071,1314,29]},"num_concepts_raised":8819},{"base_id":701,"kind":"top_words","i1":0,"i2":5,"sol":{"path":["/c/en/biplane","/c/en/wing","/c/en/station","/c/en/spad"],"weight":0.20899999999999994,"degrees":[116,1177,888,27]},"num_concepts_raised":17431},{"base_id":701,"kind":"top_words","i1":0,"i2":6,"sol":{"path":["/c/en/biplane","/c/en/triplane"],"weight":0.20800000000000002,"degrees":[116,52]},"num_concepts_raised":103},{"base_id":701,"kind":"top_words","i1":0,"i2":7,"sol":{"path":["/c/en/biplane","/c/en/plane","/c/fr/marine","/c/fr/corsaire","/c/en/corsair"],"weight":0.21194999999999986,"degrees":[116,1237,4216,90,84]},"num_concepts_raised":10246},{"base_id":701,"kind":"top_words","i1":0,"i2":8,"sol":{"path":["/c/en/biplane","/c/en/monoplane","/c/en/ultralight"],"weight":0.20700000000000002,"degrees":[116,73,41]},"num_concepts_raised":108},{"base_id":701,"kind":"top_words","i1":0,"i2":9,"sol":{"path":["/c/en/biplane","/c/en/plane","/c/en/aeroplane"],"weight":0.20600000000000002,"degrees":[116,1237,191]},"num_concepts_raised":243},{"base_id":701,"kind":"top_words","i1":1,"i2":2,"sol":{"path":["/c/en/messerschmitt","/c/en/airplane","/c/en/monoplane"],"weight":0.20400000000000001,"degrees":[42,870,73]},"num_concepts_raised":91},{"base_id":701,"kind":"top_words","i1":1,"i2":3,"sol":{"path":["/c/en/messerschmitt","/c/en/company","/c/en/junkers"],"weight":0.20600000000000002,"degrees":[42,2258,33]},"num_concepts_raised":71},{"base_id":701,"kind":"top_words","i1":1,"i2":4,"sol":{"path":["/c/en/messerschmitt","/c/en/airplane","/c/en/seat","/c/en/spitfire"],"weight":0.20787999999999973,"degrees":[42,870,1314,29]},"num_concepts_raised":15105},{"base_id":701,"kind":"top_words","i1":1,"i2":5,"sol":{"path":["/c/en/messerschmitt","/c/en/historical","/c/en/united_kingdom","/c/en/spad"],"weight":0.2077799999999998,"degrees":[42,8415,1053,27]},"num_concepts_raised":23382},{"base_id":701,"kind":"top_words","i1":1,"i2":6,"sol":{"path":["/c/en/messerschmitt","/c/en/airplane","/c/en/triplane"],"weight":0.20600000000000002,"degrees":[42,870,52]},"num_concepts_raised":76},{"base_id":701,"kind":"top_words","i1":1,"i2":7,"sol":{"path":["/c/en/messerschmitt","/c/en/historical","/c/en/privateer","/c/en/corsair"],"weight":0.20889999999999972,"degrees":[42,8415,132,84]},"num_concepts_raised":16577},{"base_id":701,"kind":"top_words","i1":1,"i2":8,"sol":{"path":["/c/en/messerschmitt","/c/en/airplane","/c/en/aircraft","/c/en/ultralight"],"weight":0.21311999999999973,"degrees":[42,870,1135,41]},"num_concepts_raised":15817},{"base_id":701,"kind":"top_words","i1":1,"i2":9,"sol":{"path":["/c/en/messerschmitt","/c/en/airplane","/c/en/aeroplane"],"weight":0.20600000000000002,"degrees":[42,870,191]},"num_concepts_raised":210},{"base_id":701,"kind":"top_words","i1":2,"i2":3,"sol":{"path":["/c/en/monoplane","/c/en/airplane","/c/en/seat","/c/en/company","/c/en/junkers"],"weight":0.20848999999999984,"degrees":[73,870,1314,2258,33]},"num_concepts_raised":5713},{"base_id":701,"kind":"top_words","i1":2,"i2":4,"sol":{"path":["/c/en/monoplane","/c/en/airplane","/c/en/seat","/c/en/spitfire"],"weight":0.20342999999999983,"degrees":[73,870,1314,29]},"num_concepts_raised":7044},{"base_id":701,"kind":"top_words","i1":2,"i2":5,"sol":{"path":["/c/en/monoplane","/c/en/wing","/c/en/station","/c/en/spad"],"weight":0.2032799999999999,"degrees":[73,1177,888,27]},"num_concepts_raised":15686},{"base_id":701,"kind":"top_words","i1":2,"i2":6,"sol":{"path":["/c/en/monoplane","/c/en/triplane"],"weight":0.20600000000000002,"degrees":[73,52]},"num_concepts_raised":82},{"base_id":701,"kind":"top_words","i1":2,"i2":7,"sol":{"path":["/c/en/monoplane","/c/en/airplane","/c/en/film","/c/en/pirate","/c/en/corsair"],"weight":0.20465999999999984,"degrees":[73,870,2504,441,84]},"num_concepts_raised":8473},{"base_id":701,"kind":"top_words","i1":2,"i2":8,"sol":{"path":["/c/en/monoplane","/c/en/ultralight"],"weight":0.20400000000000001,"degrees":[73,41]},"num_concepts_raised":84},{"base_id":701,"kind":"top_words","i1":2,"i2":9,"sol":{"path":["/c/en/monoplane","/c/en/aeroplane"],"weight":0.202,"degrees":[73,191]},"num_concepts_raised":220},{"base_id":701,"kind":"top_words","i1":3,"i2":4,"sol":{"path":["/c/en/junkers","/c/en/company","/c/en/seat","/c/en/spitfire"],"weight":0.20775999999999978,"degrees":[33,2258,1314,29]},"num_concepts_raised":6911},{"base_id":701,"kind":"top_words","i1":3,"i2":5,"sol":{"path":["/c/en/junkers","/c/en/company","/c/en/country","/c/en/uk","/c/en/spad"],"weight":0.20873999999999981,"degrees":[33,2258,2796,5562,27]},"num_concepts_raised":15485},{"base_id":701,"kind":"top_words","i1":3,"i2":6,"sol":{"path":["/c/en/junkers","/c/en/company","/c/en/seat","/c/en/airplane","/c/en/triplane"],"weight":0.21325999999999984,"degrees":[33,2258,1314,870,52]},"num_concepts_raised":6561},{"base_id":701,"kind":"top_words","i1":3,"i2":7,"sol":{"path":["/c/en/junkers","/c/en/company","/c/en/nautical","/c/en/pirate","/c/en/corsair"],"weight":0.20906999999999976,"degrees":[33,2258,5204,441,84]},"num_concepts_raised":8301},{"base_id":701,"kind":"top_words","i1":3,"i2":8,"sol":{"path":["/c/en/junkers","/c/en/company","/c/en/press","/c/en/weigh","/c/en/ultralight"],"weight":0.21496999999999977,"degrees":[33,2258,1438,482,41]},"num_concepts_raised":7698},{"base_id":701,"kind":"top_words","i1":3,"i2":9,"sol":{"path":["/c/en/junkers","/c/en/company","/c/en/fokker","/c/en/aeroplane"],"weight":0.2095599999999993,"degrees":[33,2258,40,191]},"num_concepts_raised":24937},{"base_id":701,"kind":"top_words","i1":4,"i2":5,"sol":{"path":["/c/en/spitfire","/c/en/single","/c/en/uk","/c/en/spad"],"weight":0.20358999999999983,"degrees":[29,1167,5562,27]},"num_concepts_raised":16851},{"base_id":701,"kind":"top_words","i1":4,"i2":6,"sol":{"path":["/c/en/spitfire","/c/en/seat","/c/en/airplane","/c/en/triplane"],"weight":0.20819999999999983,"degrees":[29,1314,870,52]},"num_concepts_raised":7889},{"base_id":701,"kind":"top_words","i1":4,"i2":7,"sol":{"path":["/c/en/spitfire","/c/en/cannon","/c/en/pirate","/c/en/corsair"],"weight":0.20391999999999977,"degrees":[29,610,441,84]},"num_concepts_raised":9680},{"base_id":701,"kind":"top_words","i1":4,"i2":8,"sol":{"path":["/c/en/spitfire","/c/en/fighter","/c/en/aircraft","/c/en/ultralight"],"weight":0.20784999999999978,"degrees":[29,362,1135,41]},"num_concepts_raised":9021},{"base_id":701,"kind":"top_words","i1":4,"i2":9,"sol":{"path":["/c/en/spitfire","/c/en/seat","/c/en/airplane","/c/en/aeroplane"],"weight":0.2086799999999993,"degrees":[29,1314,870,191]},"num_concepts_raised":26168},{"base_id":701,"kind":"top_words","i1":5,"i2":6,"sol":{"path":["/c/en/spad","/c/en/station","/c/en/wing","/c/en/triplane"],"weight":0.20807999999999988,"degrees":[27,888,1177,52]},"num_concepts_raised":16516},{"base_id":701,"kind":"top_words","i1":5,"i2":7,"sol":{"path":["/c/en/spad","/c/en/uk","/c/fr/pantalon","/c/fr/corsaire","/c/en/corsair"],"weight":0.20657999999999982,"degrees":[27,5562,382,90,84]},"num_concepts_raised":18257},{"base_id":701,"kind":"top_words","i1":5,"i2":8,"sol":{"path":["/c/en/spad","/c/en/rail_transport","/c/en/light","/c/en/ultralight"],"weight":0.20880999999999983,"degrees":[27,301,4288,41]},"num_concepts_raised":17649},{"base_id":701,"kind":"top_words","i1":5,"i2":9,"sol":{"path":["/c/en/spad","/c/en/uk","/c/hu/repülőgép","/c/en/aeroplane"],"weight":0.2056499999999994,"degrees":[27,5562,30,191]},"num_concepts_raised":33912},{"base_id":701,"kind":"top_words","i1":6,"i2":7,"sol":{"path":["/c/en/triplane","/c/en/plane","/c/fr/marine","/c/fr/corsaire","/c/en/corsair"],"weight":0.21104999999999982,"degrees":[52,1237,4216,90,84]},"num_concepts_raised":9315},{"base_id":701,"kind":"top_words","i1":6,"i2":8,"sol":{"path":["/c/en/triplane","/c/en/monoplane","/c/en/ultralight"],"weight":0.20700000000000002,"degrees":[52,73,41]},"num_concepts_raised":70},{"base_id":701,"kind":"top_words","i1":6,"i2":9,"sol":{"path":["/c/en/triplane","/c/en/plane","/c/en/aeroplane"],"weight":0.20600000000000002,"degrees":[52,1237,191]},"num_concepts_raised":205},{"base_id":701,"kind":"top_words","i1":7,"i2":8,"sol":{"path":["/c/en/corsair","/c/en/pirate","/c/en/nautical","/c/en/weigh","/c/en/ultralight"],"weight":0.21116999999999975,"degrees":[84,441,5204,482,41]},"num_concepts_raised":10453},{"base_id":701,"kind":"top_words","i1":7,"i2":9,"sol":{"path":["/c/en/corsair","/c/en/californian","/c/en/roll","/c/en/aeroplane"],"weight":0.2051299999999993,"degrees":[84,60,1585,191]},"num_concepts_raised":27616},{"base_id":701,"kind":"top_words","i1":8,"i2":9,"sol":{"path":["/c/en/ultralight","/c/en/aircraft","/c/en/aeroplane"],"weight":0.20600000000000002,"degrees":[41,1135,191]},"num_concepts_raised":204}]]