[[{"base_id":756,"kind":"bot_words","i1":0,"i2":1,"sol":{"path":["/c/en/magma","/c/en/pipe","/c/en/smoke","/c/en/vaporous"],"weight":0.21578999999999995,"degrees":[269,1039,1757,34]},"num_concepts_raised":25964},{"base_id":756,"kind":"bot_words","i1":0,"i2":2,"sol":{"path":["/c/en/magma","/c/en/set","/c/en/west","/c/en/westward"],"weight":0.21853999999999996,"degrees":[269,2628,689,52]},"num_concepts_raised":134035},{"base_id":756,"kind":"bot_words","i1":0,"i2":3,"sol":{"path":["/c/en/magma","/c/en/rock","/c/en/us","/c/en/razorback"],"weight":0.21577999999999997,"degrees":[269,2349,8154,26]},"num_concepts_raised":34789},{"base_id":756,"kind":"bot_words","i1":0,"i2":4,"sol":{"path":["/c/en/magma","/c/en/lava","/c/ms/lawa","/c/en/gangplank"],"weight":0.21858999999999995,"degrees":[269,306,6,75]},"num_concepts_raised":32159},{"base_id":756,"kind":"bot_words","i1":0,"i2":5,"sol":{"path":["/c/en/magma","/c/en/mathematics","/c/en/bar","/c/en/guinness"],"weight":0.2213399999999999,"degrees":[269,7601,1972,71]},"num_concepts_raised":26649},{"base_id":756,"kind":"bot_words","i1":0,"i2":6,"sol":{"path":["/c/en/magma","/c/en/rock","/c/en/canada","/c/en/gerald"],"weight":0.21589000000000003,"degrees":[269,2349,2402,31]},"num_concepts_raised":37796},{"base_id":756,"kind":"bot_words","i1":0,"i2":7,"sol":{"path":["/c/en/magma","/c/en/geology","/c/en/logy","/c/en/oncology","/c/en/oncological"],"weight":0.21729000000000004,"degrees":[269,3862,543,413,25]},"num_concepts_raised":23959},{"base_id":756,"kind":"bot_words","i1":0,"i2":8,"sol":{"path":["/c/en/magma","/c/en/rock","/c/en/british","/c/en/fusilier"],"weight":0.21587999999999996,"degrees":[269,2349,3452,33]},"num_concepts_raised":28511},{"base_id":756,"kind":"bot_words","i1":0,"i2":9,"sol":{"path":["/c/en/magma","/c/en/geology","/c/en/mineralogy","/c/en/paracelsian","/c/en/paracelsus"],"weight":0.2239899999999999,"degrees":[269,3862,3281,17,84]},"num_concepts_raised":24757},{"base_id":756,"kind":"bot_words","i1":1,"i2":2,"sol":{"path":["/c/en/vaporous","/c/en/obscure","/c/ar/غرب","/c/en/westward"],"weight":0.20312999999999978,"degrees":[34,695,112,52]},"num_concepts_raised":113466},{"base_id":756,"kind":"bot_words","i1":1,"i2":3,"sol":{"path":["/c/en/vaporous","/c/en/smoke","/c/en/us","/c/en/razorback"],"weight":0.20270999999999983,"degrees":[34,1757,8154,26]},"num_concepts_raised":14439},{"base_id":756,"kind":"bot_words","i1":1,"i2":4,"sol":{"path":["/c/en/vaporous","/c/en/smoke","/c/en/clear","/c/en/gangway","/c/en/gangplank"],"weight":0.2056899999999998,"degrees":[34,1757,2044,109,75]},"num_concepts_raised":11867},{"base_id":756,"kind":"bot_words","i1":1,"i2":5,"sol":{"path":["/c/en/vaporous","/c/en/smoke","/c/en/bar","/c/en/guinness"],"weight":0.20828999999999975,"degrees":[34,1757,1972,71]},"num_concepts_raised":6176},{"base_id":756,"kind":"bot_words","i1":1,"i2":6,"sol":{"path":["/c/en/vaporous","/c/en/smoke","/c/en/canada","/c/en/gerald"],"weight":0.20281999999999983,"degrees":[34,1757,2402,31]},"num_concepts_raised":17280},{"base_id":756,"kind":"bot_words","i1":1,"i2":7,"sol":{"path":["/c/en/vaporous","/c/en/smoke","/c/en/cancer","/c/en/oncology","/c/en/oncological"],"weight":0.20385999999999987,"degrees":[34,1757,1134,413,25]},"num_concepts_raised":3303},{"base_id":756,"kind":"bot_words","i1":1,"i2":8,"sol":{"path":["/c/en/vaporous","/c/en/smoke","/c/en/british","/c/en/fusilier"],"weight":0.20280999999999982,"degrees":[34,1757,3452,33]},"num_concepts_raised":8004},{"base_id":756,"kind":"bot_words","i1":1,"i2":9,"sol":{"path":["/c/en/vaporous","/c/en/smoke","/c/en/fire","/c/en/alchemy","/c/en/paracelsus"],"weight":0.20852999999999974,"degrees":[34,1757,2829,349,84]},"num_concepts_raised":4130},{"base_id":756,"kind":"bot_words","i1":2,"i2":3,"sol":{"path":["/c/en/westward","/c/en/west","/c/en/us","/c/en/razorback"],"weight":0.2054299999999998,"degrees":[52,689,8154,26]},"num_concepts_raised":122467},{"base_id":756,"kind":"bot_words","i1":2,"i2":4,"sol":{"path":["/c/en/westward","/c/en/westing","/c/en/nautical","/c/en/gangplank"],"weight":0.20375999999999977,"degrees":[52,9,5204,75]},"num_concepts_raised":119881},{"base_id":756,"kind":"bot_words","i1":2,"i2":5,"sol":{"path":["/c/en/westward","/c/fr/localités","/c/en/beer","/c/en/guinness"],"weight":0.21065999999999974,"degrees":[52,110113,1020,71]},"num_concepts_raised":114225},{"base_id":756,"kind":"bot_words","i1":2,"i2":6,"sol":{"path":["/c/en/westward","/c/en/west","/c/en/state","/c/en/ireland","/c/en/gerald"],"weight":0.20561999999999986,"degrees":[52,689,3243,1227,31]},"num_concepts_raised":124946},{"base_id":756,"kind":"bot_words","i1":2,"i2":7,"sol":{"path":["/c/en/westward","/c/en/east","/c/en/other","/c/en/medical_diagnosis","/c/en/oncological"],"weight":0.20306999999999986,"degrees":[52,713,970,232,25]},"num_concepts_raised":111362},{"base_id":756,"kind":"bot_words","i1":2,"i2":8,"sol":{"path":["/c/en/westward","/c/en/west","/c/en/historical","/c/en/fusil","/c/en/fusilier"],"weight":0.2055599999999998,"degrees":[52,689,8415,40,33]},"num_concepts_raised":116035},{"base_id":756,"kind":"bot_words","i1":2,"i2":9,"sol":{"path":["/c/en/westward","/c/en/east","/c/en/europe","/c/en/paracelsianism","/c/en/paracelsus"],"weight":0.20885999999999974,"degrees":[52,713,765,9,84]},"num_concepts_raised":112197},{"base_id":756,"kind":"bot_words","i1":3,"i2":4,"sol":{"path":["/c/en/razorback","/c/en/back","/c/en/nautical","/c/en/gangplank"],"weight":0.20341999999999982,"degrees":[26,2238,5204,75]},"num_concepts_raised":20657},{"base_id":756,"kind":"bot_words","i1":3,"i2":5,"sol":{"path":["/c/en/razorback","/c/en/us","/c/en/bar","/c/en/guinness"],"weight":0.20817999999999978,"degrees":[26,8154,1972,71]},"num_concepts_raised":15122},{"base_id":756,"kind":"bot_words","i1":3,"i2":6,"sol":{"path":["/c/en/razorback","/c/en/us","/c/en/usa","/c/en/gerald"],"weight":0.2027399999999999,"degrees":[26,8154,2683,31]},"num_concepts_raised":25811},{"base_id":756,"kind":"bot_words","i1":3,"i2":7,"sol":{"path":["/c/en/razorback","/c/en/us","/c/en/lymphoblast","/c/en/oncology","/c/en/oncological"],"weight":0.2037499999999999,"degrees":[26,8154,36,413,25]},"num_concepts_raised":12380},{"base_id":756,"kind":"bot_words","i1":3,"i2":8,"sol":{"path":["/c/en/razorback","/c/en/pig","/c/fr/zoologie","/c/fr/fusilier","/c/en/fusilier"],"weight":0.20484999999999987,"degrees":[26,1398,9122,39,33]},"num_concepts_raised":16631},{"base_id":756,"kind":"bot_words","i1":3,"i2":9,"sol":{"path":["/c/en/razorback","/c/en/pig","/c/en/slang","/c/en/alchemy","/c/en/paracelsus"],"weight":0.20847999999999978,"degrees":[26,1398,16318,349,84]},"num_concepts_raised":13205},{"base_id":756,"kind":"bot_words","i1":4,"i2":5,"sol":{"path":["/c/en/gangplank","/c/en/nautical","/c/en/bar","/c/en/guinness"],"weight":0.20896999999999974,"degrees":[75,5204,1972,71]},"num_concepts_raised":12555},{"base_id":756,"kind":"bot_words","i1":4,"i2":6,"sol":{"path":["/c/en/gangplank","/c/en/nautical","/c/en/norman","/c/en/gerald"],"weight":0.20348999999999984,"degrees":[75,5204,125,31]},"num_concepts_raised":23666},{"base_id":756,"kind":"bot_words","i1":4,"i2":7,"sol":{"path":["/c/en/gangplank","/c/en/gangway","/c/en/bridge","/c/en/medicine","/c/en/oncology","/c/en/oncological"],"weight":0.21368789999999976,"degrees":[75,109,1690,11938,413,25]},"num_concepts_raised":612214},{"base_id":756,"kind":"bot_words","i1":4,"i2":8,"sol":{"path":["/c/en/gangplank","/c/en/gangway","/c/en/british","/c/en/fusilier"],"weight":0.2056199999999998,"degrees":[75,109,3452,33]},"num_concepts_raised":14361},{"base_id":756,"kind":"bot_words","i1":4,"i2":9,"sol":{"path":["/c/en/gangplank","/c/en/gangway","/c/fr/passage","/c/en/occult","/c/en/paracelsus"],"weight":0.21129999999999974,"degrees":[75,109,554,241,84]},"num_concepts_raised":10625},{"base_id":756,"kind":"bot_words","i1":5,"i2":6,"sol":{"path":["/c/en/guinness","/c/en/arthur","/c/en/ireland","/c/en/gerald"],"weight":0.20831999999999984,"degrees":[71,96,1227,31]},"num_concepts_raised":18010},{"base_id":756,"kind":"bot_words","i1":5,"i2":7,"sol":{"path":["/c/en/guinness","/c/en/bar","/c/en/prevention","/c/en/oncology","/c/en/oncological"],"weight":0.20932999999999982,"degrees":[71,1972,190,413,25]},"num_concepts_raised":4092},{"base_id":756,"kind":"bot_words","i1":5,"i2":8,"sol":{"path":["/c/en/guinness","/c/en/beer","/c/en/wine","/c/en/british","/c/en/fusilier"],"weight":0.21044999999999978,"degrees":[71,1020,1776,3452,33]},"num_concepts_raised":8749},{"base_id":756,"kind":"bot_words","i1":5,"i2":9,"sol":{"path":["/c/en/guinness","/c/en/beer","/c/en/water","/c/en/alchemy","/c/en/paracelsus"],"weight":0.2161399999999997,"degrees":[71,1020,4606,349,84]},"num_concepts_raised":4924},{"base_id":756,"kind":"bot_words","i1":6,"i2":7,"sol":{"path":["/c/en/gerald","/c/en/jerald","/c/en/nonstandard","/c/en/diagnosis","/c/en/oncology","/c/en/oncological"],"weight":0.20959769999999983,"degrees":[31,4,2085,270,413,25]},"num_concepts_raised":486078},{"base_id":756,"kind":"bot_words","i1":6,"i2":8,"sol":{"path":["/c/en/gerald","/c/en/ireland","/c/en/mcalpine's_fusiliers","/c/en/fusilier"],"weight":0.2028199999999999,"degrees":[31,1227,4,33]},"num_concepts_raised":19635},{"base_id":756,"kind":"bot_words","i1":6,"i2":9,"sol":{"path":["/c/en/gerald","/c/en/ireland","/c/en/europe","/c/en/paracelsianism","/c/en/paracelsus"],"weight":0.2085699999999998,"degrees":[31,1227,765,9,84]},"num_concepts_raised":16018},{"base_id":756,"kind":"bot_words","i1":7,"i2":8,"sol":{"path":["/c/en/oncological","/c/en/oncology","/c/en/medicine","/c/en/regiment","/c/en/fusilier"],"weight":0.2038499999999999,"degrees":[25,413,11938,295,33]},"num_concepts_raised":5917},{"base_id":756,"kind":"bot_words","i1":7,"i2":9,"sol":{"path":["/c/en/oncological","/c/en/oncology","/c/en/logy","/c/en/toxicology","/c/en/paracelsus"],"weight":0.20952999999999983,"degrees":[25,413,543,207,84]},"num_concepts_raised":2024},{"base_id":756,"kind":"bot_words","i1":8,"i2":9,"sol":{"path":["/c/en/fusilier","/c/en/soldier","/c/en/person","/c/en/swiss","/c/en/paracelsus"],"weight":0.20852999999999977,"degrees":[33,1446,12935,175,84]},"num_concepts_raised":6745}],[{"base_id":756,"kind":"top_words","i1":0,"i2":1,"sol":{"path":["/c/en/asphalt","/c/en/paved","/c/en/runway"],"weight":0.20400000000000001,"degrees":[325,61,230]},"num_concepts_raised":427},{"base_id":756,"kind":"top_words","i1":0,"i2":2,"sol":{"path":["/c/en/asphalt","/c/en/tarmac","/c/en/aviation","/c/en/helipad"],"weight":0.2160399999999996,"degrees":[325,88,1071,24]},"num_concepts_raised":23967},{"base_id":756,"kind":"top_words","i1":0,"i2":3,"sol":{"path":["/c/en/asphalt","/c/fr/bitume","/c/fr/cour","/c/en/ward","/c/en/designated"],"weight":0.21679999999999938,"degrees":[325,140,295,390,68]},"num_concepts_raised":23969},{"base_id":756,"kind":"top_words","i1":0,"i2":4,"sol":{"path":["/c/en/asphalt","/c/en/road","/c/en/mile","/c/en/measuring"],"weight":0.21551999999999907,"degrees":[325,1871,530,159]},"num_concepts_raised":57071},{"base_id":756,"kind":"top_words","i1":0,"i2":5,"sol":{"path":["/c/en/asphalt","/c/en/street","/c/en/coin","/c/en/loti"],"weight":0.21398999999999957,"degrees":[325,1387,1336,31]},"num_concepts_raised":24869},{"base_id":756,"kind":"top_words","i1":0,"i2":6,"sol":{"path":["/c/en/asphalt","/c/en/black","/c/en/funeral","/c/en/mourner"],"weight":0.21236999999999956,"degrees":[325,1965,624,79]},"num_concepts_raised":25864},{"base_id":756,"kind":"top_words","i1":0,"i2":7,"sol":{"path":["/c/en/asphalt","/c/en/paved"],"weight":0.20400000000000001,"degrees":[325,61]},"num_concepts_raised":291},{"base_id":756,"kind":"top_words","i1":0,"i2":8,"sol":{"path":["/c/en/asphalt","/c/en/concrete","/c/en/mass","/c/en/periapsis","/c/en/perigee"],"weight":0.2158599999999996,"degrees":[325,676,1639,82,80]},"num_concepts_raised":31926},{"base_id":756,"kind":"top_words","i1":0,"i2":9,"sol":{"path":["/c/en/asphalt","/c/en/tarmac","/c/en/area","/c/en/carucate"],"weight":0.21666999999999967,"degrees":[325,88,1840,53]},"num_concepts_raised":41110},{"base_id":756,"kind":"top_words","i1":1,"i2":2,"sol":{"path":["/c/en/runway","/c/en/object_surface","/c/en/helipad"],"weight":0.202,"degrees":[230,20,24]},"num_concepts_raised":205},{"base_id":756,"kind":"top_words","i1":1,"i2":3,"sol":{"path":["/c/en/runway","/c/en/track","/c/en/sector","/c/en/designated"],"weight":0.20611999999999947,"degrees":[230,998,287,68]},"num_concepts_raised":23829},{"base_id":756,"kind":"top_words","i1":1,"i2":4,"sol":{"path":["/c/en/runway","/c/en/way","/c/en/distance","/c/en/measuring"],"weight":0.20907999999999916,"degrees":[230,1993,1296,159]},"num_concepts_raised":56756},{"base_id":756,"kind":"top_words","i1":1,"i2":5,"sol":{"path":["/c/en/runway","/c/it/pista","/c/en/course","/c/en/currency","/c/en/loti"],"weight":0.20793999999999968,"degrees":[230,53,1347,877,31]},"num_concepts_raised":24787},{"base_id":756,"kind":"top_words","i1":1,"i2":6,"sol":{"path":["/c/en/runway","/c/it/pista","/c/en/slang","/c/en/barb","/c/en/mourner"],"weight":0.2082599999999996,"degrees":[230,53,16318,259,79]},"num_concepts_raised":25778},{"base_id":756,"kind":"top_words","i1":1,"i2":7,"sol":{"path":["/c/en/runway","/c/en/paved"],"weight":0.202,"degrees":[230,61]},"num_concepts_raised":235},{"base_id":756,"kind":"top_words","i1":1,"i2":8,"sol":{"path":["/c/en/runway","/c/en/path","/c/en/orbit","/c/en/perigee"],"weight":0.2066299999999997,"degrees":[230,1174,639,80]},"num_concepts_raised":31735},{"base_id":756,"kind":"top_words","i1":1,"i2":9,"sol":{"path":["/c/en/runway","/c/en/land","/c/en/carucate"],"weight":0.202,"degrees":[230,2465,53]},"num_concepts_raised":217},{"base_id":756,"kind":"top_words","i1":2,"i2":3,"sol":{"path":["/c/en/helipad","/c/fr/hélisurface","/c/fr/titre","/c/en/designation","/c/en/designated"],"weight":0.2039599999999997,"degrees":[24,20,722,169,68]},"num_concepts_raised":3544},{"base_id":756,"kind":"top_words","i1":2,"i2":4,"sol":{"path":["/c/en/helipad","/c/en/pad","/c/en/foot","/c/en/measuring"],"weight":0.20401999999999937,"degrees":[24,519,1983,159]},"num_concepts_raised":37820},{"base_id":756,"kind":"top_words","i1":2,"i2":5,"sol":{"path":["/c/en/helipad","/c/en/pad","/c/en/paper","/c/en/currency","/c/en/loti"],"weight":0.20268999999999987,"degrees":[24,519,2080,877,31]},"num_concepts_raised":4472},{"base_id":756,"kind":"top_words","i1":2,"i2":6,"sol":{"path":["/c/en/helipad","/c/en/aviation","/c/en/bird","/c/en/mute","/c/en/mourner"],"weight":0.20324999999999982,"degrees":[24,1071,4970,444,79]},"num_concepts_raised":5485},{"base_id":756,"kind":"top_words","i1":2,"i2":7,"sol":{"path":["/c/en/helipad","/c/en/pad","/c/en/road","/c/en/paved"],"weight":0.20317999999999978,"degrees":[24,519,1871,61]},"num_concepts_raised":6107},{"base_id":756,"kind":"top_words","i1":2,"i2":8,"sol":{"path":["/c/en/helipad","/c/en/pad","/c/en/mass","/c/en/periapsis","/c/en/perigee"],"weight":0.2045199999999999,"degrees":[24,519,1639,82,80]},"num_concepts_raised":11534},{"base_id":756,"kind":"top_words","i1":2,"i2":9,"sol":{"path":["/c/en/helipad","/c/en/landing","/c/en/land","/c/en/carucate"],"weight":0.20334999999999995,"degrees":[24,313,2465,53]},"num_concepts_raised":21270},{"base_id":756,"kind":"top_words","i1":3,"i2":4,"sol":{"path":["/c/en/designated","/c/en/designation","/c/en/measure","/c/en/measuring"],"weight":0.20610999999999918,"degrees":[68,169,1837,159]},"num_concepts_raised":37703},{"base_id":756,"kind":"top_words","i1":3,"i2":5,"sol":{"path":["/c/en/designated","/c/en/designate","/c/en/note","/c/en/currency","/c/en/loti"],"weight":0.20320999999999967,"degrees":[68,267,1578,877,31]},"num_concepts_raised":4441},{"base_id":756,"kind":"top_words","i1":3,"i2":6,"sol":{"path":["/c/en/designated","/c/en/ward","/c/en/historical","/c/en/wailer","/c/en/mourner"],"weight":0.20466999999999963,"degrees":[68,390,8415,29,79]},"num_concepts_raised":5458},{"base_id":756,"kind":"top_words","i1":3,"i2":7,"sol":{"path":["/c/en/designated","/c/zh/特定","/c/en/certain","/c/en/sealed","/c/en/paved"],"weight":0.20438999999999957,"degrees":[68,12,715,151,61]},"num_concepts_raised":6109},{"base_id":756,"kind":"top_words","i1":3,"i2":8,"sol":{"path":["/c/en/designated","/c/zh/定點","/c/en/point","/c/en/periapsis","/c/en/perigee"],"weight":0.2049699999999997,"degrees":[68,20,2624,82,80]},"num_concepts_raised":11511},{"base_id":756,"kind":"top_words","i1":3,"i2":9,"sol":{"path":["/c/en/designated","/c/en/ward","/c/en/area","/c/en/carucate"],"weight":0.20360999999999976,"degrees":[68,390,1840,53]},"num_concepts_raised":21256},{"base_id":756,"kind":"top_words","i1":4,"i2":5,"sol":{"path":["/c/en/measuring","/c/en/unit","/c/en/coin","/c/en/loti"],"weight":0.20430999999999935,"degrees":[159,1582,1336,31]},"num_concepts_raised":38636},{"base_id":756,"kind":"top_words","i1":4,"i2":6,"sol":{"path":["/c/en/measuring","/c/en/stone","/c/en/wailer","/c/en/mourner"],"weight":0.2055699999999993,"degrees":[159,1934,29,79]},"num_concepts_raised":39673},{"base_id":756,"kind":"top_words","i1":4,"i2":7,"sol":{"path":["/c/en/measuring","/c/en/mile","/c/en/road","/c/en/paved"],"weight":0.2046099999999993,"degrees":[159,530,1871,61]},"num_concepts_raised":40170},{"base_id":756,"kind":"top_words","i1":4,"i2":8,"sol":{"path":["/c/en/measuring","/c/en/distance","/c/en/periapsis","/c/en/perigee"],"weight":0.20602999999999938,"degrees":[159,1296,82,80]},"num_concepts_raised":45527},{"base_id":756,"kind":"top_words","i1":4,"i2":9,"sol":{"path":["/c/en/measuring","/c/en/year","/c/en/carucate"],"weight":0.202,"degrees":[159,1951,53]},"num_concepts_raised":187},{"base_id":756,"kind":"top_words","i1":5,"i2":6,"sol":{"path":["/c/en/loti","/c/en/banknote","/c/en/historical","/c/en/wailer","/c/en/mourner"],"weight":0.2043399999999998,"degrees":[31,322,8415,29,79]},"num_concepts_raised":6374},{"base_id":756,"kind":"top_words","i1":5,"i2":7,"sol":{"path":["/c/en/loti","/c/en/coin","/c/en/street","/c/en/paved"],"weight":0.20321999999999973,"degrees":[31,1336,1387,61]},"num_concepts_raised":7027},{"base_id":756,"kind":"top_words","i1":5,"i2":8,"sol":{"path":["/c/en/loti","/c/en/coin","/c/en/point","/c/en/periapsis","/c/en/perigee"],"weight":0.20462999999999987,"degrees":[31,1336,2624,82,80]},"num_concepts_raised":12437},{"base_id":756,"kind":"top_words","i1":5,"i2":9,"sol":{"path":["/c/en/loti","/c/en/banknote","/c/en/historical","/c/en/carucate"],"weight":0.20324999999999993,"degrees":[31,322,8415,53]},"num_concepts_raised":22060},{"base_id":756,"kind":"top_words","i1":6,"i2":7,"sol":{"path":["/c/en/mourner","/c/en/wailer","/c/en/stone","/c/en/pave","/c/en/paved"],"weight":0.20465999999999973,"degrees":[79,29,1934,178,61]},"num_concepts_raised":8045},{"base_id":756,"kind":"top_words","i1":6,"i2":8,"sol":{"path":["/c/en/mourner","/c/en/mourn","/c/en/observe","/c/en/astronomy","/c/en/perigee"],"weight":0.20531999999999984,"degrees":[79,270,768,4553,80]},"num_concepts_raised":13441},{"base_id":756,"kind":"top_words","i1":6,"i2":9,"sol":{"path":["/c/en/mourner","/c/en/wailer","/c/en/historical","/c/en/carucate"],"weight":0.20488999999999988,"degrees":[79,29,8415,53]},"num_concepts_raised":23185},{"base_id":756,"kind":"top_words","i1":7,"i2":8,"sol":{"path":["/c/en/paved","/c/en/concrete","/c/en/mass","/c/en/periapsis","/c/en/perigee"],"weight":0.20501999999999979,"degrees":[61,676,1639,82,80]},"num_concepts_raised":14117},{"base_id":756,"kind":"top_words","i1":7,"i2":9,"sol":{"path":["/c/en/paved","/c/en/road","/c/en/land","/c/en/carucate"],"weight":0.20397999999999983,"degrees":[61,1871,2465,53]},"num_concepts_raised":23735},{"base_id":756,"kind":"top_words","i1":8,"i2":9,"sol":{"path":["/c/en/perigee","/c/en/orbit","/c/en/year","/c/en/carucate"],"weight":0.20398999999999995,"degrees":[80,639,1951,53]},"num_concepts_raised":29145}]]