[[{"base_id":491,"kind":"bot_words","i1":0,"i2":1,"sol":{"path":["/c/en/noteworthy","/c/en/important","/c/en/apple","/c/en/neck","/c/en/lorelei"],"weight":0.21321999999999963,"degrees":[102,912,1553,1476,59]},"num_concepts_raised":7808},{"base_id":491,"kind":"bot_words","i1":0,"i2":2,"sol":{"path":["/c/en/noteworthy","/c/en/historic","/c/en/historical","/c/en/kuomintang"],"weight":0.2090999999999995,"degrees":[102,326,8415,76]},"num_concepts_raised":17558},{"base_id":491,"kind":"bot_words","i1":0,"i2":3,"sol":{"path":["/c/en/noteworthy","/c/en/significant","/c/en/covert","/c/en/flock","/c/en/sedge"],"weight":0.2063699999999996,"degrees":[102,435,173,581,163]},"num_concepts_raised":8473},{"base_id":491,"kind":"bot_words","i1":0,"i2":4,"sol":{"path":["/c/en/noteworthy","/c/en/historic","/c/en/constitution","/c/en/weakly"],"weight":0.20444999999999947,"degrees":[102,326,561,113]},"num_concepts_raised":11530},{"base_id":491,"kind":"bot_words","i1":0,"i2":5,"sol":{"path":["/c/en/noteworthy","/c/en/notable","/c/en/state","/c/en/peace","/c/en/tranquillity"],"weight":0.20977999999999955,"degrees":[102,194,3243,1125,210]},"num_concepts_raised":13677},{"base_id":491,"kind":"bot_words","i1":0,"i2":6,"sol":{"path":["/c/en/noteworthy","/c/en/remarkable","/c/en/some","/c/en/much","/c/en/remotely"],"weight":0.20621999999999965,"degrees":[102,264,876,960,48]},"num_concepts_raised":8383},{"base_id":491,"kind":"bot_words","i1":0,"i2":7,"sol":{"path":["/c/en/noteworthy","/c/en/important","/c/en/earnest"],"weight":0.202,"degrees":[102,912,308]},"num_concepts_raised":356},{"base_id":491,"kind":"bot_words","i1":0,"i2":8,"sol":{"path":["/c/en/noteworthy","/c/en/remarkable","/c/zh/神通","/c/en/power","/c/en/moloch"],"weight":0.21145999999999956,"degrees":[102,264,12,2205,75]},"num_concepts_raised":9925},{"base_id":491,"kind":"bot_words","i1":0,"i2":9,"sol":{"path":["/c/en/noteworthy","/c/en/historic","/c/en/city","/c/en/samaria"],"weight":0.20377999999999974,"degrees":[102,326,3758,43]},"num_concepts_raised":8601},{"base_id":491,"kind":"bot_words","i1":1,"i2":2,"sol":{"path":["/c/en/lorelei","/c/en/neck","/c/en/music","/c/en/china","/c/en/kuomintang"],"weight":0.21784999999999966,"degrees":[59,1476,8822,1318,76]},"num_concepts_raised":15122},{"base_id":491,"kind":"bot_words","i1":1,"i2":3,"sol":{"path":["/c/en/lorelei","/c/en/neck","/c/en/botany","/c/fo/størur","/c/en/sedge"],"weight":0.21507999999999974,"degrees":[59,1476,6881,9,163]},"num_concepts_raised":5935},{"base_id":491,"kind":"bot_words","i1":1,"i2":4,"sol":{"path":["/c/en/lorelei","/c/en/given_name","/c/en/young","/c/en/weak","/c/en/weakly"],"weight":0.21533999999999962,"degrees":[59,1247,1813,1282,113]},"num_concepts_raised":9059},{"base_id":491,"kind":"bot_words","i1":1,"i2":5,"sol":{"path":["/c/en/lorelei","/c/en/siren","/c/en/order","/c/en/tranquillity"],"weight":0.2140799999999997,"degrees":[59,269,2833,210]},"num_concepts_raised":11214},{"base_id":491,"kind":"bot_words","i1":1,"i2":6,"sol":{"path":["/c/en/lorelei","/c/en/neck","/c/fil/sigik","/c/en/hardly","/c/en/remotely"],"weight":0.2125199999999998,"degrees":[59,1476,8,225,48]},"num_concepts_raised":5901},{"base_id":491,"kind":"bot_words","i1":1,"i2":7,"sol":{"path":["/c/en/lorelei","/c/en/given_name","/c/en/ernest","/c/en/earnest"],"weight":0.21553999999999912,"degrees":[59,1247,44,308]},"num_concepts_raised":20168},{"base_id":491,"kind":"bot_words","i1":1,"i2":8,"sol":{"path":["/c/en/lorelei","/c/en/neck","/c/en/wattle","/c/en/lizard","/c/en/moloch"],"weight":0.2177799999999997,"degrees":[59,1476,157,939,75]},"num_concepts_raised":7416},{"base_id":491,"kind":"bot_words","i1":1,"i2":9,"sol":{"path":["/c/en/lorelei","/c/en/neck","/c/en/jordan","/c/en/west_bank","/c/en/samaria"],"weight":0.21347999999999986,"degrees":[59,1476,375,105,43]},"num_concepts_raised":6097},{"base_id":491,"kind":"bot_words","i1":2,"i2":3,"sol":{"path":["/c/en/kuomintang","/c/en/china","/c/en/botany","/c/fo/størur","/c/en/sedge"],"weight":0.21116999999999964,"degrees":[76,1318,6881,9,163]},"num_concepts_raised":15799},{"base_id":491,"kind":"bot_words","i1":2,"i2":4,"sol":{"path":["/c/en/kuomintang","/c/en/political_party","/c/en/power","/c/en/weak","/c/en/weakly"],"weight":0.21146999999999952,"degrees":[76,571,2205,1282,113]},"num_concepts_raised":18882},{"base_id":491,"kind":"bot_words","i1":2,"i2":5,"sol":{"path":["/c/en/kuomintang","/c/en/party","/c/en/happy","/c/en/tranquillity"],"weight":0.2101399999999996,"degrees":[76,2057,1272,210]},"num_concepts_raised":20975},{"base_id":491,"kind":"bot_words","i1":2,"i2":6,"sol":{"path":["/c/en/kuomintang","/c/en/party","/c/en/much","/c/en/remotely"],"weight":0.20854999999999968,"degrees":[76,2057,960,48]},"num_concepts_raised":15748},{"base_id":491,"kind":"bot_words","i1":2,"i2":7,"sol":{"path":["/c/en/kuomintang","/c/en/party","/c/sa/अंश","/c/en/earnest"],"weight":0.21157999999999905,"degrees":[76,2057,27,308]},"num_concepts_raised":29788},{"base_id":491,"kind":"bot_words","i1":2,"i2":8,"sol":{"path":["/c/en/kuomintang","/c/en/china","/c/en/lizard","/c/en/moloch"],"weight":0.2138599999999996,"degrees":[76,1318,939,75]},"num_concepts_raised":17206},{"base_id":491,"kind":"bot_words","i1":2,"i2":9,"sol":{"path":["/c/en/kuomintang","/c/en/historical","/c/en/palestine","/c/en/samaria"],"weight":0.20850999999999978,"degrees":[76,8415,217,43]},"num_concepts_raised":15686},{"base_id":491,"kind":"bot_words","i1":3,"i2":4,"sol":{"path":["/c/en/sedge","/c/en/reed","/c/en/thin","/c/en/weak","/c/en/weakly"],"weight":0.2076799999999996,"degrees":[163,520,1295,1282,113]},"num_concepts_raised":9716},{"base_id":491,"kind":"bot_words","i1":3,"i2":5,"sol":{"path":["/c/en/sedge","/c/en/rachilla","/c/en/order","/c/en/tranquillity"],"weight":0.20628999999999967,"degrees":[163,15,2833,210]},"num_concepts_raised":11872},{"base_id":491,"kind":"bot_words","i1":3,"i2":6,"sol":{"path":["/c/en/sedge","/c/en/reed","/c/en/water","/c/it/autolettura","/c/en/remotely"],"weight":0.20476999999999979,"degrees":[163,520,4606,11,48]},"num_concepts_raised":6567},{"base_id":491,"kind":"bot_words","i1":3,"i2":7,"sol":{"path":["/c/en/sedge","/c/fr/caret","/c/fr/faire","/c/fr/sérieux","/c/en/earnest"],"weight":0.21125999999999912,"degrees":[163,73,4336,237,308]},"num_concepts_raised":20849},{"base_id":491,"kind":"bot_words","i1":3,"i2":8,"sol":{"path":["/c/en/sedge","/c/en/carex","/c/en/plant","/c/en/lizard","/c/en/moloch"],"weight":0.2113499999999997,"degrees":[163,69,7959,939,75]},"num_concepts_raised":8083},{"base_id":491,"kind":"bot_words","i1":3,"i2":9,"sol":{"path":["/c/en/sedge","/c/en/bulrush","/c/en/uk","/c/en/samaritan","/c/en/samaria"],"weight":0.20683999999999986,"degrees":[163,100,5562,65,43]},"num_concepts_raised":6761},{"base_id":491,"kind":"bot_words","i1":4,"i2":5,"sol":{"path":["/c/en/weakly","/c/en/faint","/c/en/quiet","/c/en/tranquillity"],"weight":0.20614999999999956,"degrees":[113,654,1147,210]},"num_concepts_raised":14875},{"base_id":491,"kind":"bot_words","i1":4,"i2":6,"sol":{"path":["/c/en/weakly","/c/fr/à_peine","/c/en/hardly","/c/en/remotely"],"weight":0.20396999999999965,"degrees":[113,124,225,48]},"num_concepts_raised":9594},{"base_id":491,"kind":"bot_words","i1":4,"i2":7,"sol":{"path":["/c/en/weakly","/c/en/force","/c/en/gravity","/c/en/earnest"],"weight":0.207109999999999,"degrees":[113,1979,563,308]},"num_concepts_raised":23759},{"base_id":491,"kind":"bot_words","i1":4,"i2":8,"sol":{"path":["/c/en/weakly","/c/en/weak","/c/en/power","/c/en/moloch"],"weight":0.21141999999999955,"degrees":[113,1282,2205,75]},"num_concepts_raised":10854},{"base_id":491,"kind":"bot_words","i1":4,"i2":9,"sol":{"path":["/c/en/weakly","/c/en/tapper","/c/en/uk","/c/en/samaritan","/c/en/samaria"],"weight":0.20492999999999972,"degrees":[113,43,5562,65,43]},"num_concepts_raised":9874},{"base_id":491,"kind":"bot_words","i1":5,"i2":6,"sol":{"path":["/c/en/tranquillity","/c/en/tranquility","/c/en/disquiet","/c/en/not","/c/en/remotely"],"weight":0.20762999999999973,"degrees":[210,166,129,1521,48]},"num_concepts_raised":11781},{"base_id":491,"kind":"bot_words","i1":5,"i2":7,"sol":{"path":["/c/en/tranquillity","/c/en/agitation","/c/en/earnest"],"weight":0.202,"degrees":[210,467,308]},"num_concepts_raised":414},{"base_id":491,"kind":"bot_words","i1":5,"i2":8,"sol":{"path":["/c/en/tranquillity","/c/en/order","/c/en/power","/c/en/moloch"],"weight":0.21011999999999964,"degrees":[210,2833,2205,75]},"num_concepts_raised":13323},{"base_id":491,"kind":"bot_words","i1":5,"i2":9,"sol":{"path":["/c/en/tranquillity","/c/en/peace","/c/en/war","/c/en/city","/c/en/samaria"],"weight":0.20696999999999982,"degrees":[210,1125,1823,3758,43]},"num_concepts_raised":12026},{"base_id":491,"kind":"bot_words","i1":6,"i2":7,"sol":{"path":["/c/en/remotely","/c/en/much","/c/fr/grave","/c/en/serious","/c/en/earnest"],"weight":0.21140999999999913,"degrees":[48,960,380,626,308]},"num_concepts_raised":20697},{"base_id":491,"kind":"bot_words","i1":6,"i2":8,"sol":{"path":["/c/en/remotely","/c/fr/à_distance","/c/fr/physique","/c/en/power","/c/en/moloch"],"weight":0.20947999999999975,"degrees":[48,24,6029,2205,75]},"num_concepts_raised":8025},{"base_id":491,"kind":"bot_words","i1":6,"i2":9,"sol":{"path":["/c/en/remotely","/c/en/hardly","/c/en/most","/c/en/city","/c/en/samaria"],"weight":0.2032599999999999,"degrees":[48,225,1487,3758,43]},"num_concepts_raised":6721},{"base_id":491,"kind":"bot_words","i1":7,"i2":8,"sol":{"path":["/c/en/earnest","/c/en/money","/c/en/power","/c/en/moloch"],"weight":0.21160999999999908,"degrees":[308,2899,2205,75]},"num_concepts_raised":22229},{"base_id":491,"kind":"bot_words","i1":7,"i2":9,"sol":{"path":["/c/en/earnest","/c/en/serious","/c/en/good","/c/en/good_samaritan","/c/en/samaria"],"weight":0.21127999999999922,"degrees":[308,626,2615,43,43]},"num_concepts_raised":20979},{"base_id":491,"kind":"bot_words","i1":8,"i2":9,"sol":{"path":["/c/en/moloch","/c/en/levant","/c/en/palestine","/c/en/samaria"],"weight":0.20849999999999985,"degrees":[75,206,217,43]},"num_concepts_raised":8224}],[{"base_id":491,"kind":"top_words","i1":0,"i2":1,"sol":{"path":["/c/en/robert","/c/en/dobbin","/c/en/nag","/c/en/natter"],"weight":0.21251000000000014,"degrees":[205,36,309,27]},"num_concepts_raised":23132},{"base_id":491,"kind":"top_words","i1":0,"i2":2,"sol":{"path":["/c/en/robert","/c/fr/robert","/c/en/slang","/c/en/bork"],"weight":0.21491000000000016,"degrees":[205,57,16318,35]},"num_concepts_raised":54653},{"base_id":491,"kind":"top_words","i1":0,"i2":3,"sol":{"path":["/c/en/robert","/c/fr/robert","/c/fr/bretagne","/c/fr/localités","/c/en/aske"],"weight":0.21972000000000008,"degrees":[205,57,298,110113,31]},"num_concepts_raised":128938},{"base_id":491,"kind":"top_words","i1":0,"i2":4,"sol":{"path":["/c/en/robert","/c/en/male","/c/en/pipe","/c/en/reamer"],"weight":0.2111400000000001,"degrees":[205,2222,1039,84]},"num_concepts_raised":29360},{"base_id":491,"kind":"top_words","i1":0,"i2":5,"sol":{"path":["/c/en/robert","/c/en/person","/c/en/live","/c/en/wone"],"weight":0.21091000000000013,"degrees":[205,12935,1553,47]},"num_concepts_raised":33150},{"base_id":491,"kind":"top_words","i1":0,"i2":6,"sol":{"path":["/c/en/robert","/c/fr/robert","/c/en/vulgar","/c/en/plough","/c/en/plowman"],"weight":0.2158300000000002,"degrees":[205,57,5299,687,95]},"num_concepts_raised":20200},{"base_id":491,"kind":"top_words","i1":0,"i2":7,"sol":{"path":["/c/en/robert","/c/en/hob","/c/en/british","/c/en/cess"],"weight":0.2137400000000002,"degrees":[205,83,3452,39]},"num_concepts_raised":25844},{"base_id":491,"kind":"top_words","i1":0,"i2":8,"sol":{"path":["/c/en/robert","/c/fr/robert","/c/fr/bretagne","/c/fr/localités","/c/en/haswell"],"weight":0.2197500000000001,"degrees":[205,57,298,110113,32]},"num_concepts_raised":128264},{"base_id":491,"kind":"top_words","i1":0,"i2":9,"sol":{"path":["/c/en/robert","/c/en/hob","/c/en/wheel","/c/en/rotifer"],"weight":0.21846999999999994,"degrees":[205,83,1236,111]},"num_concepts_raised":21751},{"base_id":491,"kind":"top_words","i1":1,"i2":2,"sol":{"path":["/c/en/natter","/c/en/talk","/c/en/slang","/c/en/bork"],"weight":0.20284999999999986,"degrees":[27,1956,16318,35]},"num_concepts_raised":41538},{"base_id":491,"kind":"top_words","i1":1,"i2":3,"sol":{"path":["/c/en/natter","/c/fr/babiller","/c/fr/rien","/c/fr/localités","/c/en/aske"],"weight":0.2077899999999998,"degrees":[27,222,474,110113,31]},"num_concepts_raised":114795},{"base_id":491,"kind":"top_words","i1":1,"i2":4,"sol":{"path":["/c/en/natter","/c/en/talk","/c/en/slang","/c/en/juicer","/c/en/reamer"],"weight":0.20448999999999984,"degrees":[27,1956,16318,62,84]},"num_concepts_raised":15406},{"base_id":491,"kind":"top_words","i1":1,"i2":5,"sol":{"path":["/c/en/natter","/c/en/scotland","/c/en/wean","/c/en/wone"],"weight":0.20389999999999983,"degrees":[27,2226,149,47]},"num_concepts_raised":19298},{"base_id":491,"kind":"top_words","i1":1,"i2":6,"sol":{"path":["/c/en/natter","/c/en/talk","/c/en/us","/c/en/plow","/c/en/plowman"],"weight":0.20489999999999992,"degrees":[27,1956,8154,600,95]},"num_concepts_raised":6125},{"base_id":491,"kind":"top_words","i1":1,"i2":7,"sol":{"path":["/c/en/natter","/c/fr/papoter","/c/en/chat","/c/en/british","/c/en/cess"],"weight":0.20498999999999992,"degrees":[27,130,567,3452,39]},"num_concepts_raised":11850},{"base_id":491,"kind":"top_words","i1":1,"i2":8,"sol":{"path":["/c/en/natter","/c/fr/babiller","/c/fr/rien","/c/fr/localités","/c/en/haswell"],"weight":0.20781999999999984,"degrees":[27,222,474,110113,32]},"num_concepts_raised":114065},{"base_id":491,"kind":"top_words","i1":1,"i2":9,"sol":{"path":["/c/en/natter","/c/en/talk","/c/en/being","/c/en/organism","/c/en/rotifer"],"weight":0.20863999999999966,"degrees":[27,1956,910,1338,111]},"num_concepts_raised":7724},{"base_id":491,"kind":"top_words","i1":2,"i2":3,"sol":{"path":["/c/en/bork","/c/en/broken","/c/en/album","/c/en/aske"],"weight":0.20789999999999986,"degrees":[35,684,778,31]},"num_concepts_raised":147448},{"base_id":491,"kind":"top_words","i1":2,"i2":4,"sol":{"path":["/c/en/bork","/c/en/slang","/c/en/juicer","/c/en/reamer"],"weight":0.20464999999999983,"degrees":[35,16318,62,84]},"num_concepts_raised":47509},{"base_id":491,"kind":"top_words","i1":2,"i2":5,"sol":{"path":["/c/en/bork","/c/en/break","/c/en/habit","/c/en/wone"],"weight":0.20323999999999987,"degrees":[35,2938,920,47]},"num_concepts_raised":51257},{"base_id":491,"kind":"top_words","i1":2,"i2":6,"sol":{"path":["/c/en/bork","/c/en/us","/c/en/plow","/c/en/plowman"],"weight":0.20497999999999994,"degrees":[35,8154,600,95]},"num_concepts_raised":38766},{"base_id":491,"kind":"top_words","i1":2,"i2":7,"sol":{"path":["/c/en/bork","/c/en/break","/c/en/british","/c/en/cess"],"weight":0.20403999999999994,"degrees":[35,2938,3452,39]},"num_concepts_raised":43383},{"base_id":491,"kind":"top_words","i1":2,"i2":8,"sol":{"path":["/c/en/bork","/c/en/broken","/c/en/law","/c/fr/localités","/c/en/haswell"],"weight":0.20796999999999985,"degrees":[35,684,3727,110113,32]},"num_concepts_raised":146786},{"base_id":491,"kind":"top_words","i1":2,"i2":9,"sol":{"path":["/c/en/bork","/c/en/slang","/c/en/wheel","/c/en/rotifer"],"weight":0.20878999999999964,"degrees":[35,16318,1236,111]},"num_concepts_raised":40220},{"base_id":491,"kind":"top_words","i1":3,"i2":4,"sol":{"path":["/c/en/aske","/c/fr/localités","/c/en/stone","/c/en/reamer"],"weight":0.2083899999999998,"degrees":[31,110113,1934,84]},"num_concepts_raised":121137},{"base_id":491,"kind":"top_words","i1":3,"i2":5,"sol":{"path":["/c/en/aske","/c/en/album","/c/en/live","/c/en/wone"],"weight":0.2081499999999998,"degrees":[31,778,1553,47]},"num_concepts_raised":125222},{"base_id":491,"kind":"top_words","i1":3,"i2":6,"sol":{"path":["/c/en/aske","/c/en/album","/c/en/machine","/c/en/plow","/c/en/plowman"],"weight":0.20991999999999988,"degrees":[31,778,1685,600,95]},"num_concepts_raised":111882},{"base_id":491,"kind":"top_words","i1":3,"i2":7,"sol":{"path":["/c/en/aske","/c/fr/localités","/c/fr/irlande","/c/en/ireland","/c/en/cess"],"weight":0.2089899999999999,"degrees":[31,110113,235,1227,39]},"num_concepts_raised":117719},{"base_id":491,"kind":"top_words","i1":3,"i2":8,"sol":{"path":["/c/en/aske","/c/fr/localités","/c/en/haswell"],"weight":0.20600000000000002,"degrees":[31,110113,32]},"num_concepts_raised":56},{"base_id":491,"kind":"top_words","i1":3,"i2":9,"sol":{"path":["/c/en/aske","/c/en/album","/c/en/live","/c/en/organism","/c/en/rotifer"],"weight":0.21370999999999962,"degrees":[31,778,1553,1338,111]},"num_concepts_raised":113484},{"base_id":491,"kind":"top_words","i1":4,"i2":5,"sol":{"path":["/c/en/reamer","/c/en/drill","/c/en/practice","/c/en/wone"],"weight":0.2036999999999998,"degrees":[84,745,1380,47]},"num_concepts_raised":25533},{"base_id":491,"kind":"top_words","i1":4,"i2":6,"sol":{"path":["/c/en/reamer","/c/en/tool","/c/en/plow","/c/en/plowman"],"weight":0.20551999999999987,"degrees":[84,1423,600,95]},"num_concepts_raised":12410},{"base_id":491,"kind":"top_words","i1":4,"i2":7,"sol":{"path":["/c/en/reamer","/c/en/stone","/c/en/british","/c/en/cess"],"weight":0.2045599999999999,"degrees":[84,1934,3452,39]},"num_concepts_raised":18162},{"base_id":491,"kind":"top_words","i1":4,"i2":8,"sol":{"path":["/c/en/reamer","/c/en/stone","/c/fr/localités","/c/en/haswell"],"weight":0.20841999999999977,"degrees":[84,1934,110113,32]},"num_concepts_raised":120415},{"base_id":491,"kind":"top_words","i1":4,"i2":9,"sol":{"path":["/c/en/reamer","/c/en/juicer","/c/en/slang","/c/en/wheel","/c/en/rotifer"],"weight":0.2104499999999996,"degrees":[84,62,16318,1236,111]},"num_concepts_raised":13960},{"base_id":491,"kind":"top_words","i1":5,"i2":6,"sol":{"path":["/c/en/wone","/c/en/house","/c/en/us","/c/en/plow","/c/en/plowman"],"weight":0.2052699999999999,"degrees":[47,3114,8154,600,95]},"num_concepts_raised":16483},{"base_id":491,"kind":"top_words","i1":5,"i2":7,"sol":{"path":["/c/en/wone","/c/en/wont","/c/ga/béas","/c/en/cess"],"weight":0.2051699999999999,"degrees":[47,86,14,39]},"num_concepts_raised":22093},{"base_id":491,"kind":"top_words","i1":5,"i2":8,"sol":{"path":["/c/en/wone","/c/en/habit","/c/en/over","/c/fr/localités","/c/en/haswell"],"weight":0.2082099999999998,"degrees":[47,920,1167,110113,32]},"num_concepts_raised":124522},{"base_id":491,"kind":"top_words","i1":5,"i2":9,"sol":{"path":["/c/en/wone","/c/en/live","/c/en/organism","/c/en/rotifer"],"weight":0.20904999999999963,"degrees":[47,1553,1338,111]},"num_concepts_raised":18017},{"base_id":491,"kind":"top_words","i1":6,"i2":7,"sol":{"path":["/c/en/plowman","/c/en/ploughman","/c/en/british","/c/en/cess"],"weight":0.20607999999999999,"degrees":[95,35,3452,39]},"num_concepts_raised":8961},{"base_id":491,"kind":"top_words","i1":6,"i2":8,"sol":{"path":["/c/en/plowman","/c/en/plow","/c/en/ridge","/c/fr/localités","/c/en/haswell"],"weight":0.20993999999999988,"degrees":[95,600,598,110113,32]},"num_concepts_raised":111151},{"base_id":491,"kind":"top_words","i1":6,"i2":9,"sol":{"path":["/c/en/plowman","/c/en/plow","/c/en/turn","/c/en/wheel","/c/en/rotifer"],"weight":0.2108399999999997,"degrees":[95,600,2413,1236,111]},"num_concepts_raised":4679},{"base_id":491,"kind":"top_words","i1":7,"i2":8,"sol":{"path":["/c/en/cess","/c/en/ireland","/c/fr/irlande","/c/fr/localités","/c/en/haswell"],"weight":0.2090199999999999,"degrees":[39,1227,235,110113,32]},"num_concepts_raised":116994},{"base_id":491,"kind":"top_words","i1":7,"i2":9,"sol":{"path":["/c/en/cess","/c/en/ireland","/c/en/animal","/c/en/bdelloidea","/c/en/rotifer"],"weight":0.20997999999999972,"degrees":[39,1227,3735,24,111]},"num_concepts_raised":10538},{"base_id":491,"kind":"top_words","i1":8,"i2":9,"sol":{"path":["/c/en/haswell","/c/fr/localités","/c/en/eye","/c/en/organism","/c/en/rotifer"],"weight":0.21372999999999961,"degrees":[32,110113,2698,1338,111]},"num_concepts_raised":112757}]]