[[{"base_id":414,"kind":"bot_words","i1":0,"i2":1,"sol":{"path":["/c/en/turmoil","/c/en/disorder","/c/en/core","/c/en/mantle","/c/en/mantling"],"weight":0.2078799999999995,"degrees":[184,1087,637,401,31]},"num_concepts_raised":28042},{"base_id":414,"kind":"bot_words","i1":0,"i2":2,"sol":{"path":["/c/en/turmoil","/c/en/person","/c/en/turtle","/c/en/terrapin"],"weight":0.2121499999999995,"degrees":[184,12935,890,47]},"num_concepts_raised":35055},{"base_id":414,"kind":"bot_words","i1":0,"i2":3,"sol":{"path":["/c/en/turmoil","/c/en/disorder","/c/en/law","/c/en/covert","/c/en/undisclosed"],"weight":0.20682999999999951,"degrees":[184,1087,3727,173,34]},"num_concepts_raised":27402},{"base_id":414,"kind":"bot_words","i1":0,"i2":4,"sol":{"path":["/c/en/turmoil","/c/fi/myllerrys","/c/en/combustion","/c/en/nox"],"weight":0.20544999999999952,"degrees":[184,8,314,25]},"num_concepts_raised":51068},{"base_id":414,"kind":"bot_words","i1":0,"i2":5,"sol":{"path":["/c/en/turmoil","/c/de/agitation","/c/en/politics","/c/pt/revanchismo","/c/en/revanchism"],"weight":0.2059299999999996,"degrees":[184,42,3247,6,55]},"num_concepts_raised":25893},{"base_id":414,"kind":"bot_words","i1":0,"i2":6,"sol":{"path":["/c/en/turmoil","/c/zh/人事","/c/en/dialectal","/c/en/outen"],"weight":0.20636999999999955,"degrees":[184,31,4127,24]},"num_concepts_raised":31367},{"base_id":414,"kind":"bot_words","i1":0,"i2":7,"sol":{"path":["/c/en/turmoil","/c/en/human","/c/en/hotel","/c/en/caravanserai","/c/en/caravansary"],"weight":0.20684999999999948,"degrees":[184,2645,799,98,41]},"num_concepts_raised":26982},{"base_id":414,"kind":"bot_words","i1":0,"i2":8,"sol":{"path":["/c/en/turmoil","/c/fr/argot","/c/en/huge","/c/en/hugely"],"weight":0.20583999999999955,"degrees":[184,3386,434,53]},"num_concepts_raised":26661},{"base_id":414,"kind":"bot_words","i1":0,"i2":9,"sol":{"path":["/c/en/turmoil","/c/en/chaos","/c/en/set","/c/en/scenography"],"weight":0.20484999999999956,"degrees":[184,412,2628,30]},"num_concepts_raised":36120},{"base_id":414,"kind":"bot_words","i1":1,"i2":2,"sol":{"path":["/c/en/mantling","/c/en/mantle","/c/en/shell","/c/en/turtle","/c/en/terrapin"],"weight":0.21253999999999984,"degrees":[31,401,1513,890,47]},"num_concepts_raised":12131},{"base_id":414,"kind":"bot_words","i1":1,"i2":3,"sol":{"path":["/c/en/mantling","/c/en/mantle","/c/en/cover","/c/en/covert","/c/en/undisclosed"],"weight":0.20602999999999985,"degrees":[31,401,2802,173,34]},"num_concepts_raised":4230},{"base_id":414,"kind":"bot_words","i1":1,"i2":4,"sol":{"path":["/c/en/mantling","/c/en/mantle","/c/en/gas","/c/en/chemistry","/c/en/nox"],"weight":0.2049299999999999,"degrees":[31,401,1636,11754,25]},"num_concepts_raised":28030},{"base_id":414,"kind":"bot_words","i1":1,"i2":5,"sol":{"path":["/c/en/mantling","/c/en/representation","/c/en/politics","/c/pt/revanchismo","/c/en/revanchism"],"weight":0.20417999999999997,"degrees":[31,609,3247,6,55]},"num_concepts_raised":2665},{"base_id":414,"kind":"bot_words","i1":1,"i2":6,"sol":{"path":["/c/en/mantling","/c/en/mantle","/c/en/over","/c/en/dialectal","/c/en/outen"],"weight":0.2067999999999999,"degrees":[31,401,1167,4127,24]},"num_concepts_raised":8313},{"base_id":414,"kind":"bot_words","i1":1,"i2":7,"sol":{"path":["/c/en/mantling","/c/en/mantle","/c/nl/aardmantel","/c/en/s","/c/en/caravansary"],"weight":0.20501999999999984,"degrees":[31,401,10,493,41]},"num_concepts_raised":3778},{"base_id":414,"kind":"bot_words","i1":1,"i2":8,"sol":{"path":["/c/en/mantling","/c/en/mantle","/c/en/earth","/c/en/huge","/c/en/hugely"],"weight":0.2062599999999999,"degrees":[31,401,2336,434,53]},"num_concepts_raised":3478},{"base_id":414,"kind":"bot_words","i1":1,"i2":9,"sol":{"path":["/c/en/mantling","/c/en/representation","/c/en/scenography"],"weight":0.202,"degrees":[31,609,30]},"num_concepts_raised":51},{"base_id":414,"kind":"bot_words","i1":2,"i2":3,"sol":{"path":["/c/en/terrapin","/c/en/turtle","/c/en/ninja","/c/en/secret","/c/en/undisclosed"],"weight":0.21046999999999982,"degrees":[47,890,217,1081,34]},"num_concepts_raised":11507},{"base_id":414,"kind":"bot_words","i1":2,"i2":4,"sol":{"path":["/c/en/terrapin","/c/en/water","/c/en/oxygen","/c/en/nox"],"weight":0.20803999999999986,"degrees":[47,4606,3487,25]},"num_concepts_raised":35065},{"base_id":414,"kind":"bot_words","i1":2,"i2":5,"sol":{"path":["/c/en/terrapin","/c/en/turtle","/c/en/historical","/c/de/reichsbürger","/c/en/revanchist","/c/en/revanchism"],"weight":0.2162399999999997,"degrees":[47,890,8415,21,57,55]},"num_concepts_raised":617156},{"base_id":414,"kind":"bot_words","i1":2,"i2":6,"sol":{"path":["/c/en/terrapin","/c/en/turtle","/c/tr/tosbağa","/c/en/dialectal","/c/en/outen"],"weight":0.21221999999999985,"degrees":[47,890,13,4127,24]},"num_concepts_raised":15529},{"base_id":414,"kind":"bot_words","i1":2,"i2":7,"sol":{"path":["/c/en/terrapin","/c/en/turtle","/c/en/australia","/c/en/caravan","/c/en/caravansary"],"weight":0.2104899999999998,"degrees":[47,890,2690,315,41]},"num_concepts_raised":11054},{"base_id":414,"kind":"bot_words","i1":2,"i2":8,"sol":{"path":["/c/en/terrapin","/c/en/turtle","/c/en/hard","/c/ru/сильно","/c/en/hugely"],"weight":0.21062999999999987,"degrees":[47,890,1500,21,53]},"num_concepts_raised":10748},{"base_id":414,"kind":"bot_words","i1":2,"i2":9,"sol":{"path":["/c/en/terrapin","/c/en/water","/c/en/body","/c/en/scenography"],"weight":0.20810999999999988,"degrees":[47,4606,3170,30]},"num_concepts_raised":20564},{"base_id":414,"kind":"bot_words","i1":3,"i2":4,"sol":{"path":["/c/en/undisclosed","/c/en/covert","/c/en/black","/c/en/night","/c/en/nox"],"weight":0.20388999999999985,"degrees":[34,173,1965,1486,25]},"num_concepts_raised":27395},{"base_id":414,"kind":"bot_words","i1":3,"i2":5,"sol":{"path":["/c/en/undisclosed","/c/fr/secret","/c/fr/jouer","/c/fr/revanche","/c/en/revanchism"],"weight":0.20338999999999993,"degrees":[34,491,885,119,55]},"num_concepts_raised":2005},{"base_id":414,"kind":"bot_words","i1":3,"i2":6,"sol":{"path":["/c/en/undisclosed","/c/en/covert","/c/en/hidden","/c/en/out","/c/en/outen"],"weight":0.20485999999999988,"degrees":[34,173,424,1307,24]},"num_concepts_raised":7651},{"base_id":414,"kind":"bot_words","i1":3,"i2":7,"sol":{"path":["/c/en/undisclosed","/c/en/covert","/c/en/place","/c/en/hostel","/c/en/caravansary"],"weight":0.20391999999999982,"degrees":[34,173,3314,277,41]},"num_concepts_raised":3117},{"base_id":414,"kind":"bot_words","i1":3,"i2":8,"sol":{"path":["/c/en/undisclosed","/c/en/covert","/c/en/significant","/c/lv/milzīgs","/c/en/hugely"],"weight":0.20416999999999985,"degrees":[34,173,435,38,53]},"num_concepts_raised":2818},{"base_id":414,"kind":"bot_words","i1":3,"i2":9,"sol":{"path":["/c/en/undisclosed","/c/en/covert","/c/en/cover","/c/en/body","/c/en/scenography"],"weight":0.20389999999999986,"degrees":[34,173,2802,3170,30]},"num_concepts_raised":12859},{"base_id":414,"kind":"bot_words","i1":4,"i2":5,"sol":{"path":["/c/en/nox","/c/en/night","/c/en/sports","/c/fr/revanche","/c/en/revanchism"],"weight":0.20331999999999997,"degrees":[25,1486,3417,119,55]},"num_concepts_raised":25829},{"base_id":414,"kind":"bot_words","i1":4,"i2":6,"sol":{"path":["/c/en/nox","/c/en/combustion","/c/en/extinguish","/c/en/outen"],"weight":0.20257999999999993,"degrees":[25,314,314,24]},"num_concepts_raised":31449},{"base_id":414,"kind":"bot_words","i1":4,"i2":7,"sol":{"path":["/c/en/nox","/c/fr/chimie","/c/en/inn","/c/en/caravanserai","/c/en/caravansary"],"weight":0.20511999999999986,"degrees":[25,9652,477,98,41]},"num_concepts_raised":26917},{"base_id":414,"kind":"bot_words","i1":4,"i2":8,"sol":{"path":["/c/en/nox","/c/en/night","/c/en/sigh","/c/en/huge","/c/en/hugely"],"weight":0.2041499999999999,"degrees":[25,1486,452,434,53]},"num_concepts_raised":26634},{"base_id":414,"kind":"bot_words","i1":4,"i2":9,"sol":{"path":["/c/en/nox","/c/la/dies","/c/en/set","/c/en/scenography"],"weight":0.20276999999999992,"degrees":[25,215,2628,30]},"num_concepts_raised":36540},{"base_id":414,"kind":"bot_words","i1":5,"i2":6,"sol":{"path":["/c/en/revanchism","/c/pt/revanchismo","/c/en/revenge","/c/en/wrack","/c/en/dialectal","/c/en/outen"],"weight":0.2128500999999998,"degrees":[55,6,501,110,4127,24]},"num_concepts_raised":334402},{"base_id":414,"kind":"bot_words","i1":5,"i2":7,"sol":{"path":["/c/en/revanchism","/c/fr/revanchisme","/c/fr/esprit","/c/fr/vaste","/c/fr/caravansérail","/c/en/caravansary"],"weight":0.21242679999999992,"degrees":[55,20,1035,159,35,41]},"num_concepts_raised":154851},{"base_id":414,"kind":"bot_words","i1":5,"i2":8,"sol":{"path":["/c/en/revanchism","/c/fr/revanchisme","/c/fr/opinion","/c/fr/énormité","/c/fr/énormément","/c/en/hugely"],"weight":0.2107502,"degrees":[55,20,627,45,91,53]},"num_concepts_raised":121453},{"base_id":414,"kind":"bot_words","i1":5,"i2":9,"sol":{"path":["/c/en/revanchism","/c/pt/revanchismo","/c/en/politics","/c/en/representation","/c/en/scenography"],"weight":0.20423999999999998,"degrees":[55,6,3247,609,30]},"num_concepts_raised":11317},{"base_id":414,"kind":"bot_words","i1":6,"i2":7,"sol":{"path":["/c/en/outen","/c/en/out","/c/en/inn","/c/en/caravanserai","/c/en/caravansary"],"weight":0.20610999999999985,"degrees":[24,1307,477,98,41]},"num_concepts_raised":7196},{"base_id":414,"kind":"bot_words","i1":6,"i2":8,"sol":{"path":["/c/en/outen","/c/en/dialectal","/c/en/greatsome","/c/en/huge","/c/en/hugely"],"weight":0.20600999999999992,"degrees":[24,4127,8,434,53]},"num_concepts_raised":6895},{"base_id":414,"kind":"bot_words","i1":6,"i2":9,"sol":{"path":["/c/en/outen","/c/en/out","/c/en/eye","/c/en/scenography"],"weight":0.20376999999999992,"degrees":[24,1307,2698,30]},"num_concepts_raised":16844},{"base_id":414,"kind":"bot_words","i1":7,"i2":8,"sol":{"path":["/c/en/caravansary","/c/xcl/երախան","/c/en/feast","/c/en/huge","/c/en/hugely"],"weight":0.20418999999999984,"degrees":[41,12,652,434,53]},"num_concepts_raised":2357},{"base_id":414,"kind":"bot_words","i1":7,"i2":9,"sol":{"path":["/c/en/caravansary","/c/en/caravan","/c/en/uk","/c/en/set","/c/en/scenography"],"weight":0.20300999999999986,"degrees":[41,315,5562,2628,30]},"num_concepts_raised":12407},{"base_id":414,"kind":"bot_words","i1":8,"i2":9,"sol":{"path":["/c/en/hugely","/c/en/massively","/c/en/slang","/c/en/set","/c/en/scenography"],"weight":0.20420999999999992,"degrees":[53,32,16318,2628,30]},"num_concepts_raised":12112}],[{"base_id":414,"kind":"top_words","i1":0,"i2":1,"sol":{"path":["/c/en/nakuru","/c/en/city","/c/en/rajshahi"],"weight":0.20700000000000002,"degrees":[44,3758,42]},"num_concepts_raised":77},{"base_id":414,"kind":"top_words","i1":0,"i2":2,"sol":{"path":["/c/en/nakuru","/c/en/city","/c/en/sahiwal"],"weight":0.20600000000000002,"degrees":[44,3758,32]},"num_concepts_raised":70},{"base_id":414,"kind":"top_words","i1":0,"i2":3,"sol":{"path":["/c/en/nakuru","/c/en/city","/c/en/khulna"],"weight":0.20700000000000002,"degrees":[44,3758,50]},"num_concepts_raised":85},{"base_id":414,"kind":"top_words","i1":0,"i2":4,"sol":{"path":["/c/en/nakuru","/c/en/city","/c/en/gujranwala"],"weight":0.20700000000000002,"degrees":[44,3758,53]},"num_concepts_raised":85},{"base_id":414,"kind":"top_words","i1":0,"i2":5,"sol":{"path":["/c/en/nakuru","/c/en/city","/c/en/kisumu"],"weight":0.20600000000000002,"degrees":[44,3758,47]},"num_concepts_raised":80},{"base_id":414,"kind":"top_words","i1":0,"i2":6,"sol":{"path":["/c/en/nakuru","/c/en/city","/c/en/pokhara"],"weight":0.20600000000000002,"degrees":[44,3758,46]},"num_concepts_raised":80},{"base_id":414,"kind":"top_words","i1":0,"i2":7,"sol":{"path":["/c/en/nakuru","/c/en/city","/c/en/kandy"],"weight":0.20600000000000002,"degrees":[44,3758,60]},"num_concepts_raised":94},{"base_id":414,"kind":"top_words","i1":0,"i2":8,"sol":{"path":["/c/en/nakuru","/c/en/city","/c/en/mwanza"],"weight":0.20600000000000002,"degrees":[44,3758,47]},"num_concepts_raised":82},{"base_id":414,"kind":"top_words","i1":0,"i2":9,"sol":{"path":["/c/en/nakuru","/c/en/city","/c/en/metropolis","/c/en/faisalabad"],"weight":0.20791999999999983,"degrees":[44,3758,256,25]},"num_concepts_raised":3991},{"base_id":414,"kind":"top_words","i1":1,"i2":2,"sol":{"path":["/c/en/rajshahi","/c/en/city","/c/en/sahiwal"],"weight":0.20700000000000002,"degrees":[42,3758,32]},"num_concepts_raised":68},{"base_id":414,"kind":"top_words","i1":1,"i2":3,"sol":{"path":["/c/en/rajshahi","/c/en/city","/c/en/khulna"],"weight":0.20800000000000002,"degrees":[42,3758,50]},"num_concepts_raised":81},{"base_id":414,"kind":"top_words","i1":1,"i2":4,"sol":{"path":["/c/en/rajshahi","/c/en/city","/c/en/gujranwala"],"weight":0.20800000000000002,"degrees":[42,3758,53]},"num_concepts_raised":83},{"base_id":414,"kind":"top_words","i1":1,"i2":5,"sol":{"path":["/c/en/rajshahi","/c/en/city","/c/en/kisumu"],"weight":0.20700000000000002,"degrees":[42,3758,47]},"num_concepts_raised":79},{"base_id":414,"kind":"top_words","i1":1,"i2":6,"sol":{"path":["/c/en/rajshahi","/c/en/city","/c/en/pokhara"],"weight":0.20700000000000002,"degrees":[42,3758,46]},"num_concepts_raised":78},{"base_id":414,"kind":"top_words","i1":1,"i2":7,"sol":{"path":["/c/en/rajshahi","/c/en/city","/c/en/kandy"],"weight":0.20700000000000002,"degrees":[42,3758,60]},"num_concepts_raised":92},{"base_id":414,"kind":"top_words","i1":1,"i2":8,"sol":{"path":["/c/en/rajshahi","/c/en/city","/c/en/mwanza"],"weight":0.20700000000000002,"degrees":[42,3758,47]},"num_concepts_raised":80},{"base_id":414,"kind":"top_words","i1":1,"i2":9,"sol":{"path":["/c/en/rajshahi","/c/en/metropolis","/c/en/faisalabad"],"weight":0.20400000000000001,"degrees":[42,256,25]},"num_concepts_raised":60},{"base_id":414,"kind":"top_words","i1":2,"i2":3,"sol":{"path":["/c/en/sahiwal","/c/en/city","/c/en/khulna"],"weight":0.20700000000000002,"degrees":[32,3758,50]},"num_concepts_raised":76},{"base_id":414,"kind":"top_words","i1":2,"i2":4,"sol":{"path":["/c/en/sahiwal","/c/en/city","/c/en/gujranwala"],"weight":0.20700000000000002,"degrees":[32,3758,53]},"num_concepts_raised":75},{"base_id":414,"kind":"top_words","i1":2,"i2":5,"sol":{"path":["/c/en/sahiwal","/c/en/city","/c/en/kisumu"],"weight":0.20600000000000002,"degrees":[32,3758,47]},"num_concepts_raised":72},{"base_id":414,"kind":"top_words","i1":2,"i2":6,"sol":{"path":["/c/en/sahiwal","/c/en/city","/c/en/pokhara"],"weight":0.20600000000000002,"degrees":[32,3758,46]},"num_concepts_raised":71},{"base_id":414,"kind":"top_words","i1":2,"i2":7,"sol":{"path":["/c/en/sahiwal","/c/en/city","/c/en/kandy"],"weight":0.20600000000000002,"degrees":[32,3758,60]},"num_concepts_raised":85},{"base_id":414,"kind":"top_words","i1":2,"i2":8,"sol":{"path":["/c/en/sahiwal","/c/en/city","/c/en/mwanza"],"weight":0.20600000000000002,"degrees":[32,3758,47]},"num_concepts_raised":73},{"base_id":414,"kind":"top_words","i1":2,"i2":9,"sol":{"path":["/c/en/sahiwal","/c/en/pakistan","/c/en/faisalabad"],"weight":0.20500000000000002,"degrees":[32,559,25]},"num_concepts_raised":53},{"base_id":414,"kind":"top_words","i1":3,"i2":4,"sol":{"path":["/c/en/khulna","/c/en/city","/c/en/gujranwala"],"weight":0.20800000000000002,"degrees":[50,3758,53]},"num_concepts_raised":91},{"base_id":414,"kind":"top_words","i1":3,"i2":5,"sol":{"path":["/c/en/khulna","/c/en/city","/c/en/kisumu"],"weight":0.20700000000000002,"degrees":[50,3758,47]},"num_concepts_raised":87},{"base_id":414,"kind":"top_words","i1":3,"i2":6,"sol":{"path":["/c/en/khulna","/c/en/city","/c/en/pokhara"],"weight":0.20700000000000002,"degrees":[50,3758,46]},"num_concepts_raised":86},{"base_id":414,"kind":"top_words","i1":3,"i2":7,"sol":{"path":["/c/en/khulna","/c/en/city","/c/en/kandy"],"weight":0.20700000000000002,"degrees":[50,3758,60]},"num_concepts_raised":100},{"base_id":414,"kind":"top_words","i1":3,"i2":8,"sol":{"path":["/c/en/khulna","/c/en/city","/c/en/mwanza"],"weight":0.20700000000000002,"degrees":[50,3758,47]},"num_concepts_raised":88},{"base_id":414,"kind":"top_words","i1":3,"i2":9,"sol":{"path":["/c/en/khulna","/c/en/metropolis","/c/en/faisalabad"],"weight":0.20400000000000001,"degrees":[50,256,25]},"num_concepts_raised":68},{"base_id":414,"kind":"top_words","i1":4,"i2":5,"sol":{"path":["/c/en/gujranwala","/c/en/city","/c/en/kisumu"],"weight":0.20700000000000002,"degrees":[53,3758,47]},"num_concepts_raised":87},{"base_id":414,"kind":"top_words","i1":4,"i2":6,"sol":{"path":["/c/en/gujranwala","/c/en/city","/c/en/pokhara"],"weight":0.20700000000000002,"degrees":[53,3758,46]},"num_concepts_raised":86},{"base_id":414,"kind":"top_words","i1":4,"i2":7,"sol":{"path":["/c/en/gujranwala","/c/en/city","/c/en/kandy"],"weight":0.20700000000000002,"degrees":[53,3758,60]},"num_concepts_raised":100},{"base_id":414,"kind":"top_words","i1":4,"i2":8,"sol":{"path":["/c/en/gujranwala","/c/en/city","/c/en/mwanza"],"weight":0.20700000000000002,"degrees":[53,3758,47]},"num_concepts_raised":88},{"base_id":414,"kind":"top_words","i1":4,"i2":9,"sol":{"path":["/c/en/gujranwala","/c/en/pakistan","/c/en/faisalabad"],"weight":0.20500000000000002,"degrees":[53,559,25]},"num_concepts_raised":68},{"base_id":414,"kind":"top_words","i1":5,"i2":6,"sol":{"path":["/c/en/kisumu","/c/en/city","/c/en/pokhara"],"weight":0.20600000000000002,"degrees":[47,3758,46]},"num_concepts_raised":82},{"base_id":414,"kind":"top_words","i1":5,"i2":7,"sol":{"path":["/c/en/kisumu","/c/en/city","/c/en/kandy"],"weight":0.20600000000000002,"degrees":[47,3758,60]},"num_concepts_raised":96},{"base_id":414,"kind":"top_words","i1":5,"i2":8,"sol":{"path":["/c/en/kisumu","/c/en/city","/c/en/mwanza"],"weight":0.20600000000000002,"degrees":[47,3758,47]},"num_concepts_raised":84},{"base_id":414,"kind":"top_words","i1":5,"i2":9,"sol":{"path":["/c/en/kisumu","/c/en/city","/c/en/metropolis","/c/en/faisalabad"],"weight":0.20796999999999982,"degrees":[47,3758,256,25]},"num_concepts_raised":3996},{"base_id":414,"kind":"top_words","i1":6,"i2":7,"sol":{"path":["/c/en/pokhara","/c/en/city","/c/en/kandy"],"weight":0.20600000000000002,"degrees":[46,3758,60]},"num_concepts_raised":95},{"base_id":414,"kind":"top_words","i1":6,"i2":8,"sol":{"path":["/c/en/pokhara","/c/en/city","/c/en/mwanza"],"weight":0.20600000000000002,"degrees":[46,3758,47]},"num_concepts_raised":83},{"base_id":414,"kind":"top_words","i1":6,"i2":9,"sol":{"path":["/c/en/pokhara","/c/en/city","/c/en/metropolis","/c/en/faisalabad"],"weight":0.2079299999999998,"degrees":[46,3758,256,25]},"num_concepts_raised":6507},{"base_id":414,"kind":"top_words","i1":7,"i2":8,"sol":{"path":["/c/en/kandy","/c/en/city","/c/en/mwanza"],"weight":0.20600000000000002,"degrees":[60,3758,47]},"num_concepts_raised":97},{"base_id":414,"kind":"top_words","i1":7,"i2":9,"sol":{"path":["/c/en/kandy","/c/en/city","/c/en/metropolis","/c/en/faisalabad"],"weight":0.20809999999999979,"degrees":[60,3758,256,25]},"num_concepts_raised":4454},{"base_id":414,"kind":"top_words","i1":8,"i2":9,"sol":{"path":["/c/en/mwanza","/c/en/city","/c/en/metropolis","/c/en/faisalabad"],"weight":0.20792999999999978,"degrees":[47,3758,256,25]},"num_concepts_raised":4064}]]