[[{"base_id":576,"kind":"bot_words","i1":0,"i2":1,"sol":{"path":["/c/en/kiddo","/c/en/child","/c/en/silly","/c/en/goon"],"weight":0.2036399999999998,"degrees":[36,2784,573,77]},"num_concepts_raised":25340},{"base_id":576,"kind":"bot_words","i1":0,"i2":2,"sol":{"path":["/c/en/kiddo","/c/en/kid","/c/en/person","/c/en/mythology","/c/en/adad"],"weight":0.20823999999999976,"degrees":[36,711,12935,1132,46]},"num_concepts_raised":11146},{"base_id":576,"kind":"bot_words","i1":0,"i2":3,"sol":{"path":["/c/en/kiddo","/c/en/kid","/c/en/slang","/c/en/tired","/c/en/drooping"],"weight":0.20412999999999973,"degrees":[36,711,16318,652,53]},"num_concepts_raised":9718},{"base_id":576,"kind":"bot_words","i1":0,"i2":4,"sol":{"path":["/c/en/kiddo","/c/fr/petit","/c/fr/micro","/c/en/wiretap"],"weight":0.2046999999999997,"degrees":[36,1941,145,108]},"num_concepts_raised":16720},{"base_id":576,"kind":"bot_words","i1":0,"i2":5,"sol":{"path":["/c/en/kiddo","/c/en/child","/c/en/family","/c/en/mollusk_family","/c/en/buccinidae"],"weight":0.20789999999999975,"degrees":[36,2784,3166,43,34]},"num_concepts_raised":8195},{"base_id":576,"kind":"bot_words","i1":0,"i2":6,"sol":{"path":["/c/en/kiddo","/c/en/child","/c/en/legal","/c/en/extort","/c/en/extortionist"],"weight":0.20389999999999986,"degrees":[36,2784,6627,251,29]},"num_concepts_raised":8268},{"base_id":576,"kind":"bot_words","i1":0,"i2":7,"sol":{"path":["/c/en/kiddo","/c/pt/moleque","/c/en/pejorative","/c/en/sissy"],"weight":0.20531999999999967,"degrees":[36,23,3581,150]},"num_concepts_raised":21874},{"base_id":576,"kind":"bot_words","i1":0,"i2":8,"sol":{"path":["/c/en/kiddo","/c/en/address","/c/en/letter","/c/en/chronogram"],"weight":0.2027899999999998,"degrees":[36,1322,2043,31]},"num_concepts_raised":14113},{"base_id":576,"kind":"bot_words","i1":0,"i2":9,"sol":{"path":["/c/en/kiddo","/c/en/friend","/c/en/bird","/c/en/pervious"],"weight":0.2028899999999998,"degrees":[36,1704,4970,35]},"num_concepts_raised":25047},{"base_id":576,"kind":"bot_words","i1":1,"i2":2,"sol":{"path":["/c/en/goon","/c/en/silly","/c/en/person","/c/en/mythology","/c/en/adad"],"weight":0.2088499999999998,"degrees":[77,573,12935,1132,46]},"num_concepts_raised":21078},{"base_id":576,"kind":"bot_words","i1":1,"i2":3,"sol":{"path":["/c/en/goon","/c/en/awkward","/c/en/limp","/c/en/drooping"],"weight":0.2037499999999998,"degrees":[77,465,466,53]},"num_concepts_raised":19664},{"base_id":576,"kind":"bot_words","i1":1,"i2":4,"sol":{"path":["/c/en/goon","/c/en/fool","/c/en/bug","/c/en/wiretap"],"weight":0.20461999999999975,"degrees":[77,1406,643,108]},"num_concepts_raised":26574},{"base_id":576,"kind":"bot_words","i1":1,"i2":5,"sol":{"path":["/c/en/goon","/c/en/hood","/c/en/zoology","/c/en/buccinid","/c/en/buccinidae"],"weight":0.2084499999999998,"degrees":[77,714,8127,4,34]},"num_concepts_raised":18179},{"base_id":576,"kind":"bot_words","i1":1,"i2":6,"sol":{"path":["/c/en/goon","/c/en/australia","/c/en/gazump","/c/en/extort","/c/en/extortionist"],"weight":0.20445999999999992,"degrees":[77,2690,47,251,29]},"num_concepts_raised":18249},{"base_id":576,"kind":"bot_words","i1":1,"i2":7,"sol":{"path":["/c/en/goon","/c/en/pejorative","/c/en/sissy"],"weight":0.203,"degrees":[77,3581,150]},"num_concepts_raised":181},{"base_id":576,"kind":"bot_words","i1":1,"i2":8,"sol":{"path":["/c/en/goon","/c/en/hood","/c/fr/état","/c/fr/chronogramme","/c/en/chronogram"],"weight":0.20445999999999986,"degrees":[77,714,2015,60,31]},"num_concepts_raised":24097},{"base_id":576,"kind":"bot_words","i1":1,"i2":9,"sol":{"path":["/c/en/goon","/c/en/hood","/c/en/zoology","/c/en/pervious"],"weight":0.20350999999999986,"degrees":[77,714,8127,35]},"num_concepts_raised":34853},{"base_id":576,"kind":"bot_words","i1":2,"i2":3,"sol":{"path":["/c/en/adad","/c/en/god","/c/en/enthusiasm","/c/en/droop","/c/en/drooping"],"weight":0.20927999999999974,"degrees":[46,1774,451,180,53]},"num_concepts_raised":5268},{"base_id":576,"kind":"bot_words","i1":2,"i2":4,"sol":{"path":["/c/en/adad","/c/en/storm","/c/en/action","/c/en/tap","/c/en/wiretap"],"weight":0.21014999999999973,"degrees":[46,1015,2156,803,108]},"num_concepts_raised":12355},{"base_id":576,"kind":"bot_words","i1":2,"i2":5,"sol":{"path":["/c/en/adad","/c/en/storm","/c/en/military","/c/en/snail","/c/en/mollusca","/c/en/buccinidae"],"weight":0.21522099999999952,"degrees":[46,1015,5690,586,216,34]},"num_concepts_raised":222611},{"base_id":576,"kind":"bot_words","i1":2,"i2":6,"sol":{"path":["/c/en/adad","/c/en/storm","/c/la/expugno","/c/en/extort","/c/en/extortionist"],"weight":0.20907999999999988,"degrees":[46,1015,164,251,29]},"num_concepts_raised":3803},{"base_id":576,"kind":"bot_words","i1":2,"i2":7,"sol":{"path":["/c/en/adad","/c/en/god","/c/en/man","/c/en/sissy"],"weight":0.2095599999999997,"degrees":[46,1774,3068,150]},"num_concepts_raised":17871},{"base_id":576,"kind":"bot_words","i1":2,"i2":8,"sol":{"path":["/c/en/adad","/c/en/mythology","/c/en/people","/c/en/capital","/c/en/chronogram"],"weight":0.20800999999999983,"degrees":[46,1132,4475,1518,31]},"num_concepts_raised":9737},{"base_id":576,"kind":"bot_words","i1":2,"i2":9,"sol":{"path":["/c/en/adad","/c/en/storm","/c/en/penetrate","/c/en/pervious"],"weight":0.20809999999999984,"degrees":[46,1015,509,35]},"num_concepts_raised":20621},{"base_id":576,"kind":"bot_words","i1":3,"i2":4,"sol":{"path":["/c/en/drooping","/c/en/tired","/c/en/slang","/c/en/tap","/c/en/wiretap"],"weight":0.2060899999999997,"degrees":[53,652,16318,803,108]},"num_concepts_raised":10935},{"base_id":576,"kind":"bot_words","i1":3,"i2":5,"sol":{"path":["/c/en/drooping","/c/en/semipendent","/c/en/zoology","/c/en/buccinid","/c/en/buccinidae"],"weight":0.20799999999999974,"degrees":[53,3,8127,4,34]},"num_concepts_raised":2293},{"base_id":576,"kind":"bot_words","i1":3,"i2":6,"sol":{"path":["/c/en/drooping","/c/zh/下垂","/c/en/medicine","/c/en/extort","/c/en/extortionist"],"weight":0.20407999999999984,"degrees":[53,17,11938,251,29]},"num_concepts_raised":2368},{"base_id":576,"kind":"bot_words","i1":3,"i2":7,"sol":{"path":["/c/en/drooping","/c/en/feeble","/c/en/pansy","/c/en/sissy"],"weight":0.2044599999999997,"degrees":[53,394,170,150]},"num_concepts_raised":16438},{"base_id":576,"kind":"bot_words","i1":3,"i2":8,"sol":{"path":["/c/en/drooping","/c/en/limp","/c/en/small","/c/en/capital","/c/en/chronogram"],"weight":0.2030599999999998,"degrees":[53,466,2515,1518,31]},"num_concepts_raised":8314},{"base_id":576,"kind":"bot_words","i1":3,"i2":9,"sol":{"path":["/c/en/drooping","/c/en/feeble","/c/en/physical","/c/en/pervious"],"weight":0.2030599999999998,"degrees":[53,394,1078,35]},"num_concepts_raised":19210},{"base_id":576,"kind":"bot_words","i1":4,"i2":5,"sol":{"path":["/c/en/wiretap","/c/en/tap","/c/en/water","/c/en/snail","/c/en/mollusca","/c/en/buccinidae"],"weight":0.2141656999999995,"degrees":[108,803,4606,586,216,34]},"num_concepts_raised":834028},{"base_id":576,"kind":"bot_words","i1":4,"i2":6,"sol":{"path":["/c/en/wiretap","/c/en/tap","/c/it/spillare","/c/en/extort","/c/en/extortionist"],"weight":0.2059399999999998,"degrees":[108,803,52,251,29]},"num_concepts_raised":9487},{"base_id":576,"kind":"bot_words","i1":4,"i2":7,"sol":{"path":["/c/en/wiretap","/c/en/tap","/c/en/slang","/c/pt/boiola","/c/en/sissy"],"weight":0.20835999999999966,"degrees":[108,803,16318,11,150]},"num_concepts_raised":23481},{"base_id":576,"kind":"bot_words","i1":4,"i2":8,"sol":{"path":["/c/en/wiretap","/c/fr/écoute","/c/fr/architecture","/c/en/chronogram"],"weight":0.20468999999999976,"degrees":[108,107,2237,31]},"num_concepts_raised":15312},{"base_id":576,"kind":"bot_words","i1":4,"i2":9,"sol":{"path":["/c/en/wiretap","/c/en/tap","/c/en/computing","/c/en/open","/c/en/pervious"],"weight":0.20507999999999976,"degrees":[108,803,9084,2185,35]},"num_concepts_raised":26165},{"base_id":576,"kind":"bot_words","i1":5,"i2":6,"sol":{"path":["/c/en/buccinidae","/c/en/mollusca","/c/en/purpura","/c/en/medicine","/c/en/extort","/c/en/extortionist"],"weight":0.21201819999999977,"degrees":[34,216,71,11938,251,29]},"num_concepts_raised":68927},{"base_id":576,"kind":"bot_words","i1":5,"i2":7,"sol":{"path":["/c/en/buccinidae","/c/en/mollusk_family","/c/en/family","/c/en/sister","/c/en/sissy"],"weight":0.2103199999999997,"degrees":[34,43,3166,1066,150]},"num_concepts_raised":14964},{"base_id":576,"kind":"bot_words","i1":5,"i2":8,"sol":{"path":["/c/en/buccinidae","/c/en/mollusca","/c/en/snail","/c/en/letter","/c/en/chronogram"],"weight":0.20780999999999983,"degrees":[34,216,586,2043,31]},"num_concepts_raised":6778},{"base_id":576,"kind":"bot_words","i1":5,"i2":9,"sol":{"path":["/c/en/buccinidae","/c/en/buccinid","/c/en/zoology","/c/en/pervious"],"weight":0.2078999999999998,"degrees":[34,4,8127,35]},"num_concepts_raised":17694},{"base_id":576,"kind":"bot_words","i1":6,"i2":7,"sol":{"path":["/c/en/extortionist","/c/en/extortion","/c/en/kotong_cop","/c/en/pejorative","/c/en/sissy"],"weight":0.20537999999999978,"degrees":[29,163,8,3581,150]},"num_concepts_raised":15040},{"base_id":576,"kind":"bot_words","i1":6,"i2":8,"sol":{"path":["/c/en/extortionist","/c/en/extortion","/c/en/money","/c/en/capital","/c/en/chronogram"],"weight":0.2028299999999999,"degrees":[29,163,2899,1518,31]},"num_concepts_raised":6852},{"base_id":576,"kind":"bot_words","i1":6,"i2":9,"sol":{"path":["/c/en/extortionist","/c/es/matraquero","/c/en/bird","/c/en/pervious"],"weight":0.2028699999999999,"degrees":[29,13,4970,35]},"num_concepts_raised":17777},{"base_id":576,"kind":"bot_words","i1":7,"i2":8,"sol":{"path":["/c/en/sissy","/c/fr/pensée","/c/fr/construction","/c/en/chronogram"],"weight":0.20411999999999975,"degrees":[150,467,947,31]},"num_concepts_raised":20913},{"base_id":576,"kind":"bot_words","i1":7,"i2":9,"sol":{"path":["/c/en/sissy","/c/en/man","/c/en/bird","/c/en/pervious"],"weight":0.20442999999999975,"degrees":[150,3068,4970,35]},"num_concepts_raised":31705},{"base_id":576,"kind":"bot_words","i1":8,"i2":9,"sol":{"path":["/c/en/chronogram","/c/fr/chronogramme","/c/fr/physique","/c/en/physical","/c/en/pervious"],"weight":0.20390999999999987,"degrees":[31,60,6029,1078,35]},"num_concepts_raised":23661}],[{"base_id":576,"kind":"top_words","i1":0,"i2":1,"sol":{"path":["/c/en/xichang","/c/en/city","/c/en/turpan"],"weight":0.20700000000000002,"degrees":[34,3758,29]},"num_concepts_raised":56},{"base_id":576,"kind":"top_words","i1":0,"i2":2,"sol":{"path":["/c/en/xichang","/c/en/city","/c/en/kunshan"],"weight":0.20700000000000002,"degrees":[34,3758,24]},"num_concepts_raised":50},{"base_id":576,"kind":"top_words","i1":0,"i2":3,"sol":{"path":["/c/en/xichang","/c/en/city","/c/en/penglai"],"weight":0.20500000000000002,"degrees":[34,3758,25]},"num_concepts_raised":50},{"base_id":576,"kind":"top_words","i1":0,"i2":4,"sol":{"path":["/c/en/xichang","/c/en/china","/c/en/nanshan"],"weight":0.20400000000000001,"degrees":[34,1318,27]},"num_concepts_raised":56},{"base_id":576,"kind":"top_words","i1":0,"i2":5,"sol":{"path":["/c/en/xichang","/c/en/city","/c/en/daqing"],"weight":0.20800000000000002,"degrees":[34,3758,45]},"num_concepts_raised":67},{"base_id":576,"kind":"top_words","i1":0,"i2":6,"sol":{"path":["/c/en/xichang","/c/en/city","/c/en/wuhu"],"weight":0.20800000000000002,"degrees":[34,3758,41]},"num_concepts_raised":65},{"base_id":576,"kind":"top_words","i1":0,"i2":7,"sol":{"path":["/c/en/xichang","/c/en/city","/c/en/rizhao"],"weight":0.20700000000000002,"degrees":[34,3758,34]},"num_concepts_raised":60},{"base_id":576,"kind":"top_words","i1":0,"i2":8,"sol":{"path":["/c/en/xichang","/c/en/city","/c/en/huizhou"],"weight":0.20800000000000002,"degrees":[34,3758,63]},"num_concepts_raised":84},{"base_id":576,"kind":"top_words","i1":0,"i2":9,"sol":{"path":["/c/en/xichang","/c/en/city","/c/en/kashgar"],"weight":0.20700000000000002,"degrees":[34,3758,94]},"num_concepts_raised":105},{"base_id":576,"kind":"top_words","i1":1,"i2":2,"sol":{"path":["/c/en/turpan","/c/en/city","/c/en/kunshan"],"weight":0.20600000000000002,"degrees":[29,3758,24]},"num_concepts_raised":50},{"base_id":576,"kind":"top_words","i1":1,"i2":3,"sol":{"path":["/c/en/turpan","/c/en/city","/c/en/penglai"],"weight":0.20400000000000001,"degrees":[29,3758,25]},"num_concepts_raised":50},{"base_id":576,"kind":"top_words","i1":1,"i2":4,"sol":{"path":["/c/en/turpan","/c/en/city","/c/en/town","/c/en/nanshan"],"weight":0.20775999999999978,"degrees":[29,3758,2220,27]},"num_concepts_raised":14196},{"base_id":576,"kind":"top_words","i1":1,"i2":5,"sol":{"path":["/c/en/turpan","/c/en/city","/c/en/daqing"],"weight":0.20700000000000002,"degrees":[29,3758,45]},"num_concepts_raised":67},{"base_id":576,"kind":"top_words","i1":1,"i2":6,"sol":{"path":["/c/en/turpan","/c/en/city","/c/en/wuhu"],"weight":0.20700000000000002,"degrees":[29,3758,41]},"num_concepts_raised":65},{"base_id":576,"kind":"top_words","i1":1,"i2":7,"sol":{"path":["/c/en/turpan","/c/en/city","/c/en/rizhao"],"weight":0.20600000000000002,"degrees":[29,3758,34]},"num_concepts_raised":59},{"base_id":576,"kind":"top_words","i1":1,"i2":8,"sol":{"path":["/c/en/turpan","/c/en/city","/c/en/huizhou"],"weight":0.20700000000000002,"degrees":[29,3758,63]},"num_concepts_raised":84},{"base_id":576,"kind":"top_words","i1":1,"i2":9,"sol":{"path":["/c/en/turpan","/c/en/xinjiang","/c/en/kashgar"],"weight":0.20700000000000002,"degrees":[29,125,94]},"num_concepts_raised":104},{"base_id":576,"kind":"top_words","i1":2,"i2":3,"sol":{"path":["/c/en/kunshan","/c/en/city","/c/en/penglai"],"weight":0.20400000000000001,"degrees":[24,3758,25]},"num_concepts_raised":44},{"base_id":576,"kind":"top_words","i1":2,"i2":4,"sol":{"path":["/c/en/kunshan","/c/en/china","/c/en/nanshan"],"weight":0.20400000000000001,"degrees":[24,1318,27]},"num_concepts_raised":50},{"base_id":576,"kind":"top_words","i1":2,"i2":5,"sol":{"path":["/c/en/kunshan","/c/en/city","/c/en/daqing"],"weight":0.20700000000000002,"degrees":[24,3758,45]},"num_concepts_raised":61},{"base_id":576,"kind":"top_words","i1":2,"i2":6,"sol":{"path":["/c/en/kunshan","/c/en/city","/c/en/wuhu"],"weight":0.20700000000000002,"degrees":[24,3758,41]},"num_concepts_raised":59},{"base_id":576,"kind":"top_words","i1":2,"i2":7,"sol":{"path":["/c/en/kunshan","/c/en/city","/c/en/rizhao"],"weight":0.20600000000000002,"degrees":[24,3758,34]},"num_concepts_raised":54},{"base_id":576,"kind":"top_words","i1":2,"i2":8,"sol":{"path":["/c/en/kunshan","/c/en/city","/c/en/huizhou"],"weight":0.20700000000000002,"degrees":[24,3758,63]},"num_concepts_raised":78},{"base_id":576,"kind":"top_words","i1":2,"i2":9,"sol":{"path":["/c/en/kunshan","/c/en/city","/c/en/kashgar"],"weight":0.20600000000000002,"degrees":[24,3758,94]},"num_concepts_raised":99},{"base_id":576,"kind":"top_words","i1":3,"i2":4,"sol":{"path":["/c/en/penglai","/c/en/china","/c/en/nanshan"],"weight":0.202,"degrees":[25,1318,27]},"num_concepts_raised":49},{"base_id":576,"kind":"top_words","i1":3,"i2":5,"sol":{"path":["/c/en/penglai","/c/en/city","/c/en/daqing"],"weight":0.20500000000000002,"degrees":[25,3758,45]},"num_concepts_raised":61},{"base_id":576,"kind":"top_words","i1":3,"i2":6,"sol":{"path":["/c/en/penglai","/c/en/city","/c/en/wuhu"],"weight":0.20500000000000002,"degrees":[25,3758,41]},"num_concepts_raised":59},{"base_id":576,"kind":"top_words","i1":3,"i2":7,"sol":{"path":["/c/en/penglai","/c/en/shandong","/c/en/rizhao"],"weight":0.20500000000000002,"degrees":[25,113,34]},"num_concepts_raised":53},{"base_id":576,"kind":"top_words","i1":3,"i2":8,"sol":{"path":["/c/en/penglai","/c/en/china","/c/en/huizhou"],"weight":0.20500000000000002,"degrees":[25,1318,63]},"num_concepts_raised":77},{"base_id":576,"kind":"top_words","i1":3,"i2":9,"sol":{"path":["/c/en/penglai","/c/en/china","/c/en/kashgar"],"weight":0.20400000000000001,"degrees":[25,1318,94]},"num_concepts_raised":99},{"base_id":576,"kind":"top_words","i1":4,"i2":5,"sol":{"path":["/c/en/nanshan","/c/en/china","/c/en/daqing"],"weight":0.20400000000000001,"degrees":[27,1318,45]},"num_concepts_raised":67},{"base_id":576,"kind":"top_words","i1":4,"i2":6,"sol":{"path":["/c/en/nanshan","/c/en/china","/c/en/wuhu"],"weight":0.20400000000000001,"degrees":[27,1318,41]},"num_concepts_raised":65},{"base_id":576,"kind":"top_words","i1":4,"i2":7,"sol":{"path":["/c/en/nanshan","/c/en/china","/c/en/shandong","/c/en/rizhao"],"weight":0.2098499999999998,"degrees":[27,1318,113,34]},"num_concepts_raised":14204},{"base_id":576,"kind":"top_words","i1":4,"i2":8,"sol":{"path":["/c/en/nanshan","/c/en/china","/c/en/huizhou"],"weight":0.20500000000000002,"degrees":[27,1318,63]},"num_concepts_raised":84},{"base_id":576,"kind":"top_words","i1":4,"i2":9,"sol":{"path":["/c/en/nanshan","/c/en/china","/c/en/kashgar"],"weight":0.20400000000000001,"degrees":[27,1318,94]},"num_concepts_raised":105},{"base_id":576,"kind":"top_words","i1":5,"i2":6,"sol":{"path":["/c/en/daqing","/c/en/city","/c/en/wuhu"],"weight":0.20800000000000002,"degrees":[45,3758,41]},"num_concepts_raised":75},{"base_id":576,"kind":"top_words","i1":5,"i2":7,"sol":{"path":["/c/en/daqing","/c/en/city","/c/en/rizhao"],"weight":0.20700000000000002,"degrees":[45,3758,34]},"num_concepts_raised":71},{"base_id":576,"kind":"top_words","i1":5,"i2":8,"sol":{"path":["/c/en/daqing","/c/en/city","/c/en/huizhou"],"weight":0.20800000000000002,"degrees":[45,3758,63]},"num_concepts_raised":95},{"base_id":576,"kind":"top_words","i1":5,"i2":9,"sol":{"path":["/c/en/daqing","/c/en/city","/c/en/kashgar"],"weight":0.20700000000000002,"degrees":[45,3758,94]},"num_concepts_raised":116},{"base_id":576,"kind":"top_words","i1":6,"i2":7,"sol":{"path":["/c/en/wuhu","/c/en/city","/c/en/rizhao"],"weight":0.20700000000000002,"degrees":[41,3758,34]},"num_concepts_raised":69},{"base_id":576,"kind":"top_words","i1":6,"i2":8,"sol":{"path":["/c/en/wuhu","/c/en/city","/c/en/huizhou"],"weight":0.20800000000000002,"degrees":[41,3758,63]},"num_concepts_raised":91},{"base_id":576,"kind":"top_words","i1":6,"i2":9,"sol":{"path":["/c/en/wuhu","/c/en/city","/c/en/kashgar"],"weight":0.20700000000000002,"degrees":[41,3758,94]},"num_concepts_raised":114},{"base_id":576,"kind":"top_words","i1":7,"i2":8,"sol":{"path":["/c/en/rizhao","/c/en/city","/c/en/huizhou"],"weight":0.20700000000000002,"degrees":[34,3758,63]},"num_concepts_raised":88},{"base_id":576,"kind":"top_words","i1":7,"i2":9,"sol":{"path":["/c/en/rizhao","/c/en/city","/c/en/kashgar"],"weight":0.20600000000000002,"degrees":[34,3758,94]},"num_concepts_raised":109},{"base_id":576,"kind":"top_words","i1":8,"i2":9,"sol":{"path":["/c/en/huizhou","/c/en/china","/c/en/kashgar"],"weight":0.20700000000000002,"degrees":[63,1318,94]},"num_concepts_raised":133}]]