[[{"base_id":262,"kind":"bot_words","i1":0,"i2":1,"sol":{"path":["/c/en/nubia","/c/en/south_sudan","/c/en/health","/c/en/disease","/c/en/achondroplasia"],"weight":0.2147299999999998,"degrees":[94,216,1110,4216,86]},"num_concepts_raised":17378},{"base_id":262,"kind":"bot_words","i1":0,"i2":2,"sol":{"path":["/c/en/nubia","/c/fr/géographie","/c/en/coast","/c/en/breezy"],"weight":0.21461999999999964,"degrees":[94,8043,895,99]},"num_concepts_raised":20909},{"base_id":262,"kind":"bot_words","i1":0,"i2":3,"sol":{"path":["/c/en/nubia","/c/en/ancient","/c/en/antic","/c/en/animation","/c/en/reanimation"],"weight":0.21612999999999966,"degrees":[94,1083,165,381,63]},"num_concepts_raised":13778},{"base_id":262,"kind":"bot_words","i1":0,"i2":4,"sol":{"path":["/c/en/nubia","/c/en/sudan","/c/en/english_language","/c/en/physician","/c/en/gynecologist"],"weight":0.21128999999999973,"degrees":[94,320,579,550,63]},"num_concepts_raised":24347},{"base_id":262,"kind":"bot_words","i1":0,"i2":5,"sol":{"path":["/c/en/nubia","/c/en/cush","/c/en/good","/c/en/repair","/c/en/repairman"],"weight":0.20980999999999977,"degrees":[94,41,2615,823,36]},"num_concepts_raised":13165},{"base_id":262,"kind":"bot_words","i1":0,"i2":6,"sol":{"path":["/c/en/nubia","/c/en/sudan","/c/en/english_language","/c/en/tnt"],"weight":0.21709999999999968,"degrees":[94,320,579,127]},"num_concepts_raised":18260},{"base_id":262,"kind":"bot_words","i1":0,"i2":7,"sol":{"path":["/c/en/nubia","/c/en/kingdom","/c/fr/biologie","/c/en/fetus","/c/en/fetal"],"weight":0.2105999999999998,"degrees":[94,789,2957,349,75]},"num_concepts_raised":13460},{"base_id":262,"kind":"bot_words","i1":0,"i2":8,"sol":{"path":["/c/en/nubia","/c/en/sudan","/c/en/fur","/c/en/debris","/c/en/scattered"],"weight":0.21303999999999937,"degrees":[94,320,747,261,224]},"num_concepts_raised":17691},{"base_id":262,"kind":"bot_words","i1":0,"i2":9,"sol":{"path":["/c/en/nubia","/c/en/africa","/c/en/cat","/c/en/nautical","/c/en/inboard"],"weight":0.2087499999999998,"degrees":[94,860,1616,5204,24]},"num_concepts_raised":19856},{"base_id":262,"kind":"bot_words","i1":1,"i2":2,"sol":{"path":["/c/en/achondroplasia","/c/en/disease","/c/en/wind","/c/en/breezy"],"weight":0.21678999999999973,"degrees":[86,4216,2373,99]},"num_concepts_raised":14009},{"base_id":262,"kind":"bot_words","i1":1,"i2":3,"sol":{"path":["/c/en/achondroplasia","/c/fr/achondroplasie","/c/fr/médecine","/c/fr/réanimation","/c/en/reanimation"],"weight":0.21822999999999976,"degrees":[86,29,9990,38,63]},"num_concepts_raised":6803},{"base_id":262,"kind":"bot_words","i1":1,"i2":4,"sol":{"path":["/c/en/achondroplasia","/c/fr/achondroplasie","/c/fr/médecine","/c/en/gynecologist"],"weight":0.21323999999999982,"degrees":[86,29,9990,63]},"num_concepts_raised":17205},{"base_id":262,"kind":"bot_words","i1":1,"i2":5,"sol":{"path":["/c/en/achondroplasia","/c/en/disease","/c/en/condition","/c/en/repair","/c/en/repairman"],"weight":0.20974999999999988,"degrees":[86,4216,1648,823,36]},"num_concepts_raised":6196},{"base_id":262,"kind":"bot_words","i1":1,"i2":6,"sol":{"path":["/c/en/achondroplasia","/c/en/disease","/c/en/red_water","/c/en/tnt"],"weight":0.21489999999999976,"degrees":[86,4216,24,127]},"num_concepts_raised":11344},{"base_id":262,"kind":"bot_words","i1":1,"i2":7,"sol":{"path":["/c/en/achondroplasia","/c/en/teratology","/c/en/embryology","/c/en/fetal"],"weight":0.2093699999999999,"degrees":[86,121,255,75]},"num_concepts_raised":6461},{"base_id":262,"kind":"bot_words","i1":1,"i2":8,"sol":{"path":["/c/en/achondroplasia","/c/en/disorder","/c/ja/散らかる","/c/en/scattered"],"weight":0.21079999999999943,"degrees":[86,1087,16,224]},"num_concepts_raised":10722},{"base_id":262,"kind":"bot_words","i1":1,"i2":9,"sol":{"path":["/c/en/achondroplasia","/c/en/disease","/c/en/well","/c/en/nautical","/c/en/inboard"],"weight":0.20865999999999987,"degrees":[86,4216,1776,5204,24]},"num_concepts_raised":12941},{"base_id":262,"kind":"bot_words","i1":2,"i2":3,"sol":{"path":["/c/en/breezy","/c/en/lively","/c/en/liveliness","/c/en/animation","/c/en/reanimation"],"weight":0.21819999999999962,"degrees":[99,642,212,381,63]},"num_concepts_raised":10363},{"base_id":262,"kind":"bot_words","i1":2,"i2":4,"sol":{"path":["/c/en/breezy","/c/en/film","/c/en/specialist","/c/en/gynecologist"],"weight":0.20902999999999966,"degrees":[99,2504,378,63]},"num_concepts_raised":20986},{"base_id":262,"kind":"bot_words","i1":2,"i2":5,"sol":{"path":["/c/en/breezy","/c/en/wind","/c/en/travel","/c/en/repair","/c/en/repairman"],"weight":0.21194999999999972,"degrees":[99,2373,1689,823,36]},"num_concepts_raised":9800},{"base_id":262,"kind":"bot_words","i1":2,"i2":6,"sol":{"path":["/c/en/breezy","/c/en/film","/c/en/english_language","/c/en/tnt"],"weight":0.21486999999999962,"degrees":[99,2504,579,127]},"num_concepts_raised":14827},{"base_id":262,"kind":"bot_words","i1":2,"i2":7,"sol":{"path":["/c/en/breezy","/c/en/wind","/c/en/british","/c/en/foetal","/c/en/fetal"],"weight":0.21264999999999973,"degrees":[99,2373,3452,27,75]},"num_concepts_raised":10082},{"base_id":262,"kind":"bot_words","i1":2,"i2":8,"sol":{"path":["/c/en/breezy","/c/en/wind","/c/jv/abosah_basih","/c/en/scattered"],"weight":0.2130299999999993,"degrees":[99,2373,9,224]},"num_concepts_raised":14200},{"base_id":262,"kind":"bot_words","i1":2,"i2":9,"sol":{"path":["/c/en/breezy","/c/en/lively","/c/en/nautical","/c/en/inboard"],"weight":0.21066999999999975,"degrees":[99,642,5204,24]},"num_concepts_raised":16370},{"base_id":262,"kind":"bot_words","i1":3,"i2":4,"sol":{"path":["/c/en/reanimation","/c/fr/réanimation","/c/fr/médecine","/c/en/gynecologist"],"weight":0.20842999999999967,"degrees":[63,38,9990,63]},"num_concepts_raised":13798},{"base_id":262,"kind":"bot_words","i1":3,"i2":5,"sol":{"path":["/c/en/reanimation","/c/en/animation","/c/en/animate","/c/en/repair","/c/en/repairman"],"weight":0.21126999999999974,"degrees":[63,381,449,823,36]},"num_concepts_raised":2586},{"base_id":262,"kind":"bot_words","i1":3,"i2":6,"sol":{"path":["/c/en/reanimation","/c/en/album","/c/en/music","/c/en/tritone","/c/en/tnt"],"weight":0.21464999999999962,"degrees":[63,778,8822,38,127]},"num_concepts_raised":7729},{"base_id":262,"kind":"bot_words","i1":3,"i2":7,"sol":{"path":["/c/en/reanimation","/c/de/reanimation","/c/en/medicine","/c/en/abortion","/c/en/fetal"],"weight":0.21086999999999975,"degrees":[63,16,11938,443,75]},"num_concepts_raised":2881},{"base_id":262,"kind":"bot_words","i1":3,"i2":8,"sol":{"path":["/c/en/reanimation","/c/de/reanimation","/c/en/medicine","/c/ga/scaoilteach","/c/en/scattered"],"weight":0.2133099999999993,"degrees":[63,16,11938,16,224]},"num_concepts_raised":7129},{"base_id":262,"kind":"bot_words","i1":3,"i2":9,"sol":{"path":["/c/en/reanimation","/c/en/animation","/c/en/skin","/c/en/nautical","/c/en/inboard"],"weight":0.21014999999999973,"degrees":[63,381,2372,5204,24]},"num_concepts_raised":9324},{"base_id":262,"kind":"bot_words","i1":4,"i2":5,"sol":{"path":["/c/en/gynecologist","/c/en/doctor","/c/en/repair","/c/en/repairman"],"weight":0.20524999999999977,"degrees":[63,1654,823,36]},"num_concepts_raised":13179},{"base_id":262,"kind":"bot_words","i1":4,"i2":6,"sol":{"path":["/c/en/gynecologist","/c/en/physician","/c/en/english_language","/c/en/tnt"],"weight":0.20940999999999965,"degrees":[63,550,579,127]},"num_concepts_raised":18330},{"base_id":262,"kind":"bot_words","i1":4,"i2":7,"sol":{"path":["/c/en/gynecologist","/c/fr/médecine","/c/en/meconium","/c/en/fetal"],"weight":0.2037199999999998,"degrees":[63,9990,43,75]},"num_concepts_raised":13455},{"base_id":262,"kind":"bot_words","i1":4,"i2":8,"sol":{"path":["/c/en/gynecologist","/c/grc/λογια","/c/en/meteorology","/c/en/scattered"],"weight":0.20524999999999938,"degrees":[63,123,1118,224]},"num_concepts_raised":17722},{"base_id":262,"kind":"bot_words","i1":4,"i2":9,"sol":{"path":["/c/en/gynecologist","/c/en/doctor","/c/en/dr","/c/en/nautical","/c/en/inboard"],"weight":0.20420999999999978,"degrees":[63,1654,67,5204,24]},"num_concepts_raised":19916},{"base_id":262,"kind":"bot_words","i1":5,"i2":6,"sol":{"path":["/c/en/repairman","/c/en/repair","/c/en/point","/c/en/triton","/c/en/tnt"],"weight":0.2102999999999997,"degrees":[36,823,2624,246,127]},"num_concepts_raised":7133},{"base_id":262,"kind":"bot_words","i1":5,"i2":7,"sol":{"path":["/c/en/repairman","/c/fr/dépanneur","/c/en/canada","/c/en/fetus","/c/en/fetal"],"weight":0.20465999999999987,"degrees":[36,35,2402,349,75]},"num_concepts_raised":2268},{"base_id":262,"kind":"bot_words","i1":5,"i2":8,"sol":{"path":["/c/en/repairman","/c/en/repair_shop","/c/en/broken","/c/en/distributed","/c/en/scattered"],"weight":0.20607999999999943,"degrees":[36,84,684,123,224]},"num_concepts_raised":6520},{"base_id":262,"kind":"bot_words","i1":5,"i2":9,"sol":{"path":["/c/en/repairman","/c/en/repair","/c/en/overhaul","/c/en/nautical","/c/en/inboard"],"weight":0.20379999999999984,"degrees":[36,823,160,5204,24]},"num_concepts_raised":8702},{"base_id":262,"kind":"bot_words","i1":6,"i2":7,"sol":{"path":["/c/en/tnt","/c/en/yellow","/c/en/us","/c/en/fetus","/c/en/fetal"],"weight":0.21087999999999973,"degrees":[127,1405,8154,349,75]},"num_concepts_raised":7422},{"base_id":262,"kind":"bot_words","i1":6,"i2":8,"sol":{"path":["/c/en/tnt","/c/en/crystal","/c/en/bragg's_law","/c/en/scattered"],"weight":0.2111399999999993,"degrees":[127,940,15,224]},"num_concepts_raised":11625},{"base_id":262,"kind":"bot_words","i1":6,"i2":9,"sol":{"path":["/c/en/tnt","/c/en/channel","/c/en/nautical","/c/en/inboard"],"weight":0.20898999999999973,"degrees":[127,932,5204,24]},"num_concepts_raised":13798},{"base_id":262,"kind":"bot_words","i1":7,"i2":8,"sol":{"path":["/c/en/fetal","/c/en/fetus","/c/en/lie","/c/nmn/tshûu","/c/en/scattered"],"weight":0.20678999999999945,"degrees":[75,349,1854,10,224]},"num_concepts_raised":6814},{"base_id":262,"kind":"bot_words","i1":7,"i2":9,"sol":{"path":["/c/en/fetal","/c/en/fetus","/c/en/bellyband","/c/en/nautical","/c/en/inboard"],"weight":0.2045999999999999,"degrees":[75,349,60,5204,24]},"num_concepts_raised":9015},{"base_id":262,"kind":"bot_words","i1":8,"i2":9,"sol":{"path":["/c/en/scattered","/c/fr/épars","/c/fr/marine","/c/en/hull","/c/en/inboard"],"weight":0.20689999999999942,"degrees":[224,72,4216,382,24]},"num_concepts_raised":13213}],[{"base_id":262,"kind":"top_words","i1":0,"i2":1,"sol":{"path":["/c/en/maim","/c/it/storpiare","/c/la/turpis","/c/en/turpitude"],"weight":0.20530999999999988,"degrees":[139,56,75,38]},"num_concepts_raised":9578},{"base_id":262,"kind":"top_words","i1":0,"i2":2,"sol":{"path":["/c/en/maim","/c/en/wound","/c/en/term","/c/en/city","/c/en/laghouat"],"weight":0.20925999999999978,"degrees":[139,1252,1089,3758,28]},"num_concepts_raised":11614},{"base_id":262,"kind":"top_words","i1":0,"i2":3,"sol":{"path":["/c/en/maim","/c/fi/runnella","/c/en/disfigure"],"weight":0.20400000000000001,"degrees":[139,15,113]},"num_concepts_raised":186},{"base_id":262,"kind":"top_words","i1":0,"i2":4,"sol":{"path":["/c/en/maim","/c/en/kill","/c/en/live","/c/en/birthrate"],"weight":0.20482999999999985,"degrees":[139,1884,1553,77]},"num_concepts_raised":17993},{"base_id":262,"kind":"top_words","i1":0,"i2":5,"sol":{"path":["/c/en/maim","/c/en/cripple","/c/en/wood","/c/en/pulpwood"],"weight":0.20650999999999986,"degrees":[139,275,2440,24]},"num_concepts_raised":12431},{"base_id":262,"kind":"top_words","i1":0,"i2":6,"sol":{"path":["/c/en/maim","/c/en/cut","/c/en/australia","/c/en/sharpie"],"weight":0.20925999999999972,"degrees":[139,2951,2690,35]},"num_concepts_raised":25517},{"base_id":262,"kind":"top_words","i1":0,"i2":7,"sol":{"path":["/c/en/maim","/c/en/cut","/c/en/sideways","/c/en/sideway"],"weight":0.2063999999999998,"degrees":[139,2951,180,31]},"num_concepts_raised":14975},{"base_id":262,"kind":"top_words","i1":0,"i2":8,"sol":{"path":["/c/en/maim","/c/en/cripple","/c/en/offensive","/c/en/disrespectful","/c/en/disrespectfully"],"weight":0.20637999999999984,"degrees":[139,275,1669,147,24]},"num_concepts_raised":9693},{"base_id":262,"kind":"top_words","i1":0,"i2":9,"sol":{"path":["/c/en/maim","/c/en/cripple","/c/en/person","/c/en/candy","/c/en/crete","/c/en/phaistos"],"weight":0.21026489999999975,"degrees":[139,275,12935,599,237,29]},"num_concepts_raised":616766},{"base_id":262,"kind":"top_words","i1":1,"i2":2,"sol":{"path":["/c/en/turpitude","/c/en/turpid","/c/en/base","/c/en/city","/c/en/laghouat"],"weight":0.2089799999999999,"degrees":[38,17,2117,3758,28]},"num_concepts_raised":4071},{"base_id":262,"kind":"top_words","i1":1,"i2":3,"sol":{"path":["/c/en/turpitude","/c/la/turpitudo","/c/la/turpo","/c/en/disfigure"],"weight":0.20505999999999996,"degrees":[38,41,147,113]},"num_concepts_raised":4386},{"base_id":262,"kind":"top_words","i1":1,"i2":4,"sol":{"path":["/c/en/turpitude","/c/en/turpid","/c/en/base","/c/en/birth","/c/en/birthrate"],"weight":0.20464,"degrees":[38,17,2117,895,77]},"num_concepts_raised":10567},{"base_id":262,"kind":"top_words","i1":1,"i2":5,"sol":{"path":["/c/en/turpitude","/c/en/itude","/c/en/hood","/c/en/wood","/c/en/pulpwood"],"weight":0.20396999999999998,"degrees":[38,72,714,2440,24]},"num_concepts_raised":4999},{"base_id":262,"kind":"top_words","i1":1,"i2":6,"sol":{"path":["/c/en/turpitude","/c/en/turpid","/c/en/base","/c/en/us","/c/en/sharpie"],"weight":0.20898999999999984,"degrees":[38,17,2117,8154,35]},"num_concepts_raised":18212},{"base_id":262,"kind":"top_words","i1":1,"i2":7,"sol":{"path":["/c/en/turpitude","/c/en/wickedness","/c/ja/横様","/c/en/sideways","/c/en/sideway"],"weight":0.20506999999999992,"degrees":[38,176,8,180,31]},"num_concepts_raised":7527},{"base_id":262,"kind":"top_words","i1":1,"i2":8,"sol":{"path":["/c/en/turpitude","/c/la/turpitudo","/c/en/dishonor","/c/en/respect","/c/en/disrespectfully"],"weight":0.20394999999999996,"degrees":[38,41,239,1090,24]},"num_concepts_raised":2146},{"base_id":262,"kind":"top_words","i1":1,"i2":9,"sol":{"path":["/c/en/turpitude","/c/la/turpitudo","/c/en/foulness","/c/en/island","/c/en/crete","/c/en/phaistos"],"weight":0.20757109999999993,"degrees":[38,41,51,1660,237,29]},"num_concepts_raised":65834},{"base_id":262,"kind":"top_words","i1":2,"i2":3,"sol":{"path":["/c/en/laghouat","/c/en/city","/c/en/cars","/c/en/deform","/c/en/disfigure"],"weight":0.20905999999999988,"degrees":[28,3758,288,177,113]},"num_concepts_raised":6430},{"base_id":262,"kind":"top_words","i1":2,"i2":4,"sol":{"path":["/c/en/laghouat","/c/en/city","/c/en/population","/c/en/birthrate"],"weight":0.2084799999999999,"degrees":[28,3758,846,77]},"num_concepts_raised":12510},{"base_id":262,"kind":"top_words","i1":2,"i2":5,"sol":{"path":["/c/en/laghouat","/c/en/city","/c/en/forest","/c/en/wood","/c/en/pulpwood"],"weight":0.20889999999999986,"degrees":[28,3758,1500,2440,24]},"num_concepts_raised":7008},{"base_id":262,"kind":"top_words","i1":2,"i2":6,"sol":{"path":["/c/en/laghouat","/c/en/city","/c/en/australia","/c/en/sharpie"],"weight":0.21280999999999978,"degrees":[28,3758,2690,35]},"num_concepts_raised":20089},{"base_id":262,"kind":"top_words","i1":2,"i2":7,"sol":{"path":["/c/en/laghouat","/c/en/city","/c/en/side","/c/en/sideway"],"weight":0.2079599999999998,"degrees":[28,3758,1912,31]},"num_concepts_raised":9497},{"base_id":262,"kind":"top_words","i1":2,"i2":8,"sol":{"path":["/c/en/laghouat","/c/en/city","/c/en/high","/c/en/respect","/c/en/disrespectfully"],"weight":0.2077299999999999,"degrees":[28,3758,1658,1090,24]},"num_concepts_raised":4191},{"base_id":262,"kind":"top_words","i1":2,"i2":9,"sol":{"path":["/c/en/laghouat","/c/en/city","/c/en/government","/c/en/island","/c/en/crete","/c/en/phaistos"],"weight":0.21005549999999945,"degrees":[28,3758,2046,1660,237,29]},"num_concepts_raised":245411},{"base_id":262,"kind":"top_words","i1":3,"i2":4,"sol":{"path":["/c/en/disfigure","/c/en/deface","/c/en/damage","/c/en/total","/c/en/birthrate"],"weight":0.20570999999999998,"degrees":[113,101,1197,683,77]},"num_concepts_raised":12893},{"base_id":262,"kind":"top_words","i1":3,"i2":5,"sol":{"path":["/c/en/disfigure","/c/en/cripple","/c/en/wood","/c/en/pulpwood"],"weight":0.20497999999999997,"degrees":[113,275,2440,24]},"num_concepts_raised":7352},{"base_id":262,"kind":"top_words","i1":3,"i2":6,"sol":{"path":["/c/en/disfigure","/c/en/spot","/c/en/us","/c/en/sharpie"],"weight":0.20883999999999986,"degrees":[113,965,8154,35]},"num_concepts_raised":20517},{"base_id":262,"kind":"top_words","i1":3,"i2":7,"sol":{"path":["/c/en/disfigure","/c/en/spot","/c/en/us","/c/en/sideways","/c/en/sideway"],"weight":0.20607999999999993,"degrees":[113,965,8154,180,31]},"num_concepts_raised":9873},{"base_id":262,"kind":"top_words","i1":3,"i2":8,"sol":{"path":["/c/en/disfigure","/c/en/deface","/c/en/dis","/c/en/respect","/c/en/disrespectfully"],"weight":0.20497999999999997,"degrees":[113,101,135,1090,24]},"num_concepts_raised":4513},{"base_id":262,"kind":"top_words","i1":3,"i2":9,"sol":{"path":["/c/en/disfigure","/c/fr/défigurer","/c/fr/forme","/c/fr/région","/c/en/crete","/c/en/phaistos"],"weight":0.20931359999999993,"degrees":[113,113,1359,893,237,29]},"num_concepts_raised":276942},{"base_id":262,"kind":"top_words","i1":4,"i2":5,"sol":{"path":["/c/en/birthrate","/c/en/year","/c/en/wood","/c/en/pulpwood"],"weight":0.20453999999999997,"degrees":[77,1951,2440,24]},"num_concepts_raised":13468},{"base_id":262,"kind":"top_words","i1":4,"i2":6,"sol":{"path":["/c/en/birthrate","/c/en/nation","/c/en/australia","/c/en/sharpie"],"weight":0.20844999999999986,"degrees":[77,1106,2690,35]},"num_concepts_raised":26462},{"base_id":262,"kind":"top_words","i1":4,"i2":7,"sol":{"path":["/c/en/birthrate","/c/en/live","/c/en/way","/c/en/sideway"],"weight":0.20353999999999994,"degrees":[77,1553,1993,31]},"num_concepts_raised":15948},{"base_id":262,"kind":"top_words","i1":4,"i2":8,"sol":{"path":["/c/en/birthrate","/c/en/rate","/c/en/value","/c/en/respect","/c/en/disrespectfully"],"weight":0.20342999999999994,"degrees":[77,913,1699,1090,24]},"num_concepts_raised":10663},{"base_id":262,"kind":"top_words","i1":4,"i2":9,"sol":{"path":["/c/en/birthrate","/c/fr/natalité","/c/fr/population","/c/fr/région","/c/en/crete","/c/en/phaistos"],"weight":0.20897889999999994,"degrees":[77,44,289,893,237,29]},"num_concepts_raised":660073},{"base_id":262,"kind":"top_words","i1":5,"i2":6,"sol":{"path":["/c/en/pulpwood","/c/en/wood","/c/en/us","/c/en/sharpie"],"weight":0.20886999999999986,"degrees":[24,2440,8154,35]},"num_concepts_raised":21000},{"base_id":262,"kind":"top_words","i1":5,"i2":7,"sol":{"path":["/c/en/pulpwood","/c/en/wood","/c/en/tree","/c/en/sideways","/c/en/sideway"],"weight":0.20613999999999993,"degrees":[24,2440,3598,180,31]},"num_concepts_raised":10436},{"base_id":262,"kind":"top_words","i1":5,"i2":8,"sol":{"path":["/c/en/pulpwood","/c/en/wood","/c/en/offensive","/c/en/disrespectful","/c/en/disrespectfully"],"weight":0.20485999999999996,"degrees":[24,2440,1669,147,24]},"num_concepts_raised":5120},{"base_id":262,"kind":"top_words","i1":5,"i2":9,"sol":{"path":["/c/en/pulpwood","/c/en/wood","/c/en/material","/c/en/concrete","/c/en/crete","/c/en/phaistos"],"weight":0.2080520999999994,"degrees":[24,2440,1522,676,237,29]},"num_concepts_raised":361356},{"base_id":262,"kind":"top_words","i1":6,"i2":7,"sol":{"path":["/c/en/sharpie","/c/en/us","/c/en/sideways","/c/en/sideway"],"weight":0.2099999999999998,"degrees":[35,8154,180,31]},"num_concepts_raised":23524},{"base_id":262,"kind":"top_words","i1":6,"i2":8,"sol":{"path":["/c/en/sharpie","/c/en/australia","/c/en/larrikinism","/c/en/disrespectful","/c/en/disrespectfully"],"weight":0.20877999999999985,"degrees":[35,2690,10,147,24]},"num_concepts_raised":18313},{"base_id":262,"kind":"top_words","i1":6,"i2":9,"sol":{"path":["/c/en/sharpie","/c/en/australia","/c/en/island","/c/en/crete","/c/en/phaistos"],"weight":0.20781999999999984,"degrees":[35,2690,1660,237,29]},"num_concepts_raised":17433},{"base_id":262,"kind":"top_words","i1":7,"i2":8,"sol":{"path":["/c/en/sideway","/c/en/side","/c/en/flip","/c/en/disrespectful","/c/en/disrespectfully"],"weight":0.20391999999999993,"degrees":[31,1912,351,147,24]},"num_concepts_raised":7645},{"base_id":262,"kind":"top_words","i1":7,"i2":9,"sol":{"path":["/c/en/sideway","/c/en/side","/c/en/mediterranean","/c/en/crete","/c/en/phaistos"],"weight":0.2029499999999999,"degrees":[31,1912,226,237,29]},"num_concepts_raised":6742},{"base_id":262,"kind":"top_words","i1":8,"i2":9,"sol":{"path":["/c/en/disrespectfully","/c/en/respect","/c/en/jamaica","/c/en/island","/c/en/crete","/c/en/phaistos"],"weight":0.2052531999999998,"degrees":[24,1090,358,1660,237,29]},"num_concepts_raised":99219}]]