[[{"base_id":679,"kind":"bot_words","i1":0,"i2":1,"sol":{"path":["/c/en/moruroa","/c/en/island","/c/en/book","/c/en/thick","/c/en/dense"],"weight":0.21691999999999867,"degrees":[38,1660,3239,1055,449]},"num_concepts_raised":34174},{"base_id":679,"kind":"bot_words","i1":0,"i2":2,"sol":{"path":["/c/en/moruroa","/c/en/island","/c/en/state","/c/en/capitalism"],"weight":0.21848000000000023,"degrees":[38,1660,3243,365]},"num_concepts_raised":15431},{"base_id":679,"kind":"bot_words","i1":0,"i2":3,"sol":{"path":["/c/en/moruroa","/c/en/island","/c/en/palm","/c/en/tree","/c/en/strangler"],"weight":0.20817999999999987,"degrees":[38,1660,797,3598,46]},"num_concepts_raised":5977},{"base_id":679,"kind":"bot_words","i1":0,"i2":4,"sol":{"path":["/c/en/moruroa","/c/en/island","/c/en/state","/c/en/situation","/c/en/predicament"],"weight":0.2104099999999995,"degrees":[38,1660,3243,1146,148]},"num_concepts_raised":20318},{"base_id":679,"kind":"bot_words","i1":0,"i2":5,"sol":{"path":["/c/en/moruroa","/c/en/island","/c/en/government","/c/en/criminal","/c/en/violator"],"weight":0.20838999999999963,"degrees":[38,1660,2046,971,79]},"num_concepts_raised":10156},{"base_id":679,"kind":"bot_words","i1":0,"i2":6,"sol":{"path":["/c/en/moruroa","/c/en/island","/c/en/around","/c/en/existing"],"weight":0.20957999999999957,"degrees":[38,1660,920,177]},"num_concepts_raised":14212},{"base_id":679,"kind":"bot_words","i1":0,"i2":7,"sol":{"path":["/c/en/moruroa","/c/en/pacific_ocean","/c/en/fishing","/c/en/bozo"],"weight":0.20776999999999976,"degrees":[38,424,1066,29]},"num_concepts_raised":27510},{"base_id":679,"kind":"bot_words","i1":0,"i2":8,"sol":{"path":["/c/en/moruroa","/c/en/island","/c/en/water","/c/en/liquid","/c/en/instillation"],"weight":0.20784999999999976,"degrees":[38,1660,4606,1778,26]},"num_concepts_raised":3662},{"base_id":679,"kind":"bot_words","i1":0,"i2":9,"sol":{"path":["/c/en/moruroa","/c/en/island","/c/en/set","/c/en/sept"],"weight":0.20781999999999978,"degrees":[38,1660,2628,25]},"num_concepts_raised":10924},{"base_id":679,"kind":"bot_words","i1":1,"i2":2,"sol":{"path":["/c/en/dense","/c/en/mathematics","/c/en/state","/c/en/capitalism"],"weight":0.21825999999999923,"degrees":[449,7601,3243,365]},"num_concepts_raised":45537},{"base_id":679,"kind":"bot_words","i1":1,"i2":3,"sol":{"path":["/c/en/dense","/c/en/hard","/c/en/tree","/c/en/strangler"],"weight":0.2079799999999989,"degrees":[449,1500,3598,46]},"num_concepts_raised":36358},{"base_id":679,"kind":"bot_words","i1":1,"i2":4,"sol":{"path":["/c/en/dense","/c/en/heavy","/c/ms/sedih","/c/en/predicament"],"weight":0.2111799999999985,"degrees":[449,1173,42,148]},"num_concepts_raised":49567},{"base_id":679,"kind":"bot_words","i1":1,"i2":5,"sol":{"path":["/c/en/dense","/c/en/crowd","/c/en/body","/c/en/violator"],"weight":0.20812999999999865,"degrees":[449,1238,3170,79]},"num_concepts_raised":40170},{"base_id":679,"kind":"bot_words","i1":1,"i2":6,"sol":{"path":["/c/en/dense","/c/en/heavy","/c/en/being","/c/en/existing"],"weight":0.21202999999999858,"degrees":[449,1173,910,177]},"num_concepts_raised":44154},{"base_id":679,"kind":"bot_words","i1":1,"i2":7,"sol":{"path":["/c/en/dense","/c/en/thick","/c/en/slang","/c/en/bozo"],"weight":0.2120099999999987,"degrees":[449,1055,16318,29]},"num_concepts_raised":56970},{"base_id":679,"kind":"bot_words","i1":1,"i2":8,"sol":{"path":["/c/en/dense","/c/lv/biezums","/c/en/liquid","/c/en/instillation"],"weight":0.2075599999999988,"degrees":[449,20,1778,26]},"num_concepts_raised":34076},{"base_id":679,"kind":"bot_words","i1":1,"i2":9,"sol":{"path":["/c/en/dense","/c/en/heavy","/c/en/weep","/c/en/sept"],"weight":0.20991999999999883,"degrees":[449,1173,450,25]},"num_concepts_raised":40949},{"base_id":679,"kind":"bot_words","i1":2,"i2":3,"sol":{"path":["/c/en/capitalism","/c/en/free_enterprise","/c/en/supply","/c/en/strangle","/c/en/strangler"],"weight":0.2166200000000004,"degrees":[365,20,969,266,46]},"num_concepts_raised":17768},{"base_id":679,"kind":"bot_words","i1":2,"i2":4,"sol":{"path":["/c/en/capitalism","/c/en/state","/c/en/situation","/c/en/predicament"],"weight":0.21589,"degrees":[365,3243,1146,148]},"num_concepts_raised":31451},{"base_id":679,"kind":"bot_words","i1":2,"i2":5,"sol":{"path":["/c/en/capitalism","/c/en/production","/c/en/publishing","/c/en/violator"],"weight":0.21374000000000015,"degrees":[365,852,173,79]},"num_concepts_raised":21695},{"base_id":679,"kind":"bot_words","i1":2,"i2":6,"sol":{"path":["/c/en/capitalism","/c/en/state","/c/en/present","/c/en/existing"],"weight":0.2165100000000001,"degrees":[365,3243,2005,177]},"num_concepts_raised":25720},{"base_id":679,"kind":"bot_words","i1":2,"i2":7,"sol":{"path":["/c/en/capitalism","/c/en/politics","/c/en/bozo_eruption","/c/en/bozo"],"weight":0.21337000000000028,"degrees":[365,3247,17,29]},"num_concepts_raised":39054},{"base_id":679,"kind":"bot_words","i1":2,"i2":8,"sol":{"path":["/c/en/capitalism","/c/en/state","/c/en/liquid","/c/en/instillation"],"weight":0.21330000000000032,"degrees":[365,3243,1778,26]},"num_concepts_raised":15451},{"base_id":679,"kind":"bot_words","i1":2,"i2":9,"sol":{"path":["/c/en/capitalism","/c/fr/capitalisme","/c/fr/social","/c/fr/clan","/c/en/sept"],"weight":0.2205700000000003,"degrees":[365,116,358,101,25]},"num_concepts_raised":22616},{"base_id":679,"kind":"bot_words","i1":3,"i2":4,"sol":{"path":["/c/en/strangler","/c/en/tree","/c/en/box","/c/en/predicament"],"weight":0.20427999999999968,"degrees":[46,3598,2026,148]},"num_concepts_raised":22558},{"base_id":679,"kind":"bot_words","i1":3,"i2":5,"sol":{"path":["/c/en/strangler","/c/en/strangle","/c/en/kill","/c/en/body","/c/en/violator"],"weight":0.2045599999999998,"degrees":[46,266,1884,3170,79]},"num_concepts_raised":12445},{"base_id":679,"kind":"bot_words","i1":3,"i2":6,"sol":{"path":["/c/en/strangler","/c/en/tree","/c/en/present","/c/en/existing"],"weight":0.20610999999999974,"degrees":[46,3598,2005,177]},"num_concepts_raised":16533},{"base_id":679,"kind":"bot_words","i1":3,"i2":7,"sol":{"path":["/c/en/strangler","/c/fr/étrangleuse","/c/fr/argot","/c/en/bozo"],"weight":0.20398999999999995,"degrees":[46,11,3386,29]},"num_concepts_raised":29749},{"base_id":679,"kind":"bot_words","i1":3,"i2":8,"sol":{"path":["/c/en/strangler","/c/en/tree","/c/en/water","/c/en/liquid","/c/en/instillation"],"weight":0.20299999999999996,"degrees":[46,3598,4606,1778,26]},"num_concepts_raised":6006},{"base_id":679,"kind":"bot_words","i1":3,"i2":9,"sol":{"path":["/c/en/strangler","/c/en/tree","/c/en/family","/c/en/sept"],"weight":0.20298999999999998,"degrees":[46,3598,3166,25]},"num_concepts_raised":13217},{"base_id":679,"kind":"bot_words","i1":4,"i2":5,"sol":{"path":["/c/en/predicament","/c/en/situation","/c/en/violation","/c/en/violator"],"weight":0.20568999999999943,"degrees":[148,1146,265,79]},"num_concepts_raised":26313},{"base_id":679,"kind":"bot_words","i1":4,"i2":6,"sol":{"path":["/c/en/predicament","/c/en/box","/c/en/present","/c/en/existing"],"weight":0.20707999999999932,"degrees":[148,2026,2005,177]},"num_concepts_raised":30327},{"base_id":679,"kind":"bot_words","i1":4,"i2":7,"sol":{"path":["/c/en/predicament","/c/en/box","/c/en/slang","/c/en/bozo"],"weight":0.2040499999999995,"degrees":[148,2026,16318,29]},"num_concepts_raised":43445},{"base_id":679,"kind":"bot_words","i1":4,"i2":8,"sol":{"path":["/c/en/predicament","/c/en/situation","/c/en/state","/c/en/liquid","/c/en/instillation"],"weight":0.20522999999999958,"degrees":[148,1146,3243,1778,26]},"num_concepts_raised":20302},{"base_id":679,"kind":"bot_words","i1":4,"i2":9,"sol":{"path":["/c/en/predicament","/c/en/human","/c/en/family","/c/en/sept"],"weight":0.20393999999999957,"degrees":[148,2645,3166,25]},"num_concepts_raised":27274},{"base_id":679,"kind":"bot_words","i1":5,"i2":6,"sol":{"path":["/c/en/violator","/c/en/body","/c/en/being","/c/en/existing"],"weight":0.20523999999999948,"degrees":[79,3170,910,177]},"num_concepts_raised":20495},{"base_id":679,"kind":"bot_words","i1":5,"i2":7,"sol":{"path":["/c/en/violator","/c/en/rule","/c/en/slang","/c/en/bozo"],"weight":0.20324999999999968,"degrees":[79,2063,16318,29]},"num_concepts_raised":33749},{"base_id":679,"kind":"bot_words","i1":5,"i2":8,"sol":{"path":["/c/en/violator","/c/it/violatore","/c/en/breaker","/c/en/liquid","/c/en/instillation"],"weight":0.20419999999999972,"degrees":[79,8,154,1778,26]},"num_concepts_raised":10162},{"base_id":679,"kind":"bot_words","i1":5,"i2":9,"sol":{"path":["/c/en/violator","/c/en/boundary","/c/en/set","/c/en/sept"],"weight":0.20314999999999972,"degrees":[79,774,2628,25]},"num_concepts_raised":17279},{"base_id":679,"kind":"bot_words","i1":6,"i2":7,"sol":{"path":["/c/en/existing","/c/en/gone","/c/en/fishing","/c/en/bozo"],"weight":0.2043899999999996,"degrees":[177,155,1066,29]},"num_concepts_raised":37828},{"base_id":679,"kind":"bot_words","i1":6,"i2":8,"sol":{"path":["/c/en/existing","/c/en/present","/c/en/medicine","/c/it/instillazione","/c/en/instillation"],"weight":0.20676999999999962,"degrees":[177,2005,11938,10,26]},"num_concepts_raised":14266},{"base_id":679,"kind":"bot_words","i1":6,"i2":9,"sol":{"path":["/c/en/existing","/c/en/existent","/c/en/entity","/c/en/set","/c/en/sept"],"weight":0.20602999999999966,"degrees":[177,114,353,2628,25]},"num_concepts_raised":21339},{"base_id":679,"kind":"bot_words","i1":7,"i2":8,"sol":{"path":["/c/en/bozo","/c/en/slang","/c/en/medicine","/c/it/instillazione","/c/en/instillation"],"weight":0.20370999999999984,"degrees":[29,16318,11938,10,26]},"num_concepts_raised":27491},{"base_id":679,"kind":"bot_words","i1":7,"i2":9,"sol":{"path":["/c/en/bozo","/c/en/slang","/c/en/family","/c/en/sept"],"weight":0.20273999999999986,"degrees":[29,16318,3166,25]},"num_concepts_raised":34550},{"base_id":679,"kind":"bot_words","i1":8,"i2":9,"sol":{"path":["/c/en/instillation","/c/it/instillazione","/c/en/medicine","/c/en/weep","/c/en/sept"],"weight":0.20360999999999987,"degrees":[26,10,11938,450,25]},"num_concepts_raised":10950}],[{"base_id":679,"kind":"top_words","i1":0,"i2":1,"sol":{"path":["/c/en/freestyle","/c/en/swimming","/c/en/breaststroke"],"weight":0.20400000000000001,"degrees":[86,587,114]},"num_concepts_raised":149},{"base_id":679,"kind":"top_words","i1":0,"i2":2,"sol":{"path":["/c/en/freestyle","/c/en/backstroke"],"weight":0.202,"degrees":[86,114]},"num_concepts_raised":143},{"base_id":679,"kind":"top_words","i1":0,"i2":3,"sol":{"path":["/c/en/freestyle","/c/en/backstroke","/c/en/medley"],"weight":0.202,"degrees":[86,114,139]},"num_concepts_raised":185},{"base_id":679,"kind":"top_words","i1":0,"i2":4,"sol":{"path":["/c/en/freestyle","/c/en/race","/c/en/relay"],"weight":0.20400000000000001,"degrees":[86,1372,306]},"num_concepts_raised":316},{"base_id":679,"kind":"top_words","i1":0,"i2":5,"sol":{"path":["/c/en/freestyle","/c/en/modern_pentathlon","/c/en/épée"],"weight":0.20400000000000001,"degrees":[86,64,48]},"num_concepts_raised":108},{"base_id":679,"kind":"top_words","i1":0,"i2":6,"sol":{"path":["/c/en/freestyle","/c/en/dance","/c/en/measure","/c/en/metre"],"weight":0.21345999999999937,"degrees":[86,2473,1837,378]},"num_concepts_raised":36895},{"base_id":679,"kind":"top_words","i1":0,"i2":7,"sol":{"path":["/c/en/freestyle","/c/en/event","/c/en/heptathlon"],"weight":0.20400000000000001,"degrees":[86,1724,74]},"num_concepts_raised":122},{"base_id":679,"kind":"top_words","i1":0,"i2":8,"sol":{"path":["/c/en/freestyle","/c/en/swimming","/c/en/triathlon","/c/en/decathlon"],"weight":0.21081999999999984,"degrees":[86,587,121,102]},"num_concepts_raised":12001},{"base_id":679,"kind":"top_words","i1":0,"i2":9,"sol":{"path":["/c/en/freestyle","/c/en/swimming","/c/en/sport","/c/en/keirin"],"weight":0.2098799999999998,"degrees":[86,587,1809,38]},"num_concepts_raised":13516},{"base_id":679,"kind":"top_words","i1":1,"i2":2,"sol":{"path":["/c/en/breaststroke","/c/en/backstroke"],"weight":0.202,"degrees":[114,114]},"num_concepts_raised":153},{"base_id":679,"kind":"top_words","i1":1,"i2":3,"sol":{"path":["/c/en/breaststroke","/c/en/backstroke","/c/en/medley"],"weight":0.202,"degrees":[114,114,139]},"num_concepts_raised":200},{"base_id":679,"kind":"top_words","i1":1,"i2":4,"sol":{"path":["/c/en/breaststroke","/c/en/frog","/c/en/horse","/c/en/relay"],"weight":0.21417999999999926,"degrees":[114,1061,3068,306]},"num_concepts_raised":44047},{"base_id":679,"kind":"top_words","i1":1,"i2":5,"sol":{"path":["/c/en/breaststroke","/c/en/swimming","/c/en/modern_pentathlon","/c/en/épée"],"weight":0.21046999999999982,"degrees":[114,587,64,48]},"num_concepts_raised":14374},{"base_id":679,"kind":"top_words","i1":1,"i2":6,"sol":{"path":["/c/en/breaststroke","/c/fr/brasse","/c/fr/longueur","/c/en/metre"],"weight":0.2155899999999995,"degrees":[114,84,481,378]},"num_concepts_raised":40089},{"base_id":679,"kind":"top_words","i1":1,"i2":7,"sol":{"path":["/c/en/breaststroke","/c/en/swimming","/c/en/triathlon","/c/en/heptathlon"],"weight":0.2109899999999999,"degrees":[114,587,121,74]},"num_concepts_raised":17467},{"base_id":679,"kind":"top_words","i1":1,"i2":8,"sol":{"path":["/c/en/breaststroke","/c/en/swimming","/c/en/triathlon","/c/en/decathlon"],"weight":0.21145999999999995,"degrees":[114,587,121,102]},"num_concepts_raised":15113},{"base_id":679,"kind":"top_words","i1":1,"i2":9,"sol":{"path":["/c/en/breaststroke","/c/en/swimming","/c/en/sport","/c/en/keirin"],"weight":0.21052999999999988,"degrees":[114,587,1809,38]},"num_concepts_raised":16620},{"base_id":679,"kind":"top_words","i1":2,"i2":3,"sol":{"path":["/c/en/backstroke","/c/en/medley"],"weight":0.202,"degrees":[114,139]},"num_concepts_raised":194},{"base_id":679,"kind":"top_words","i1":2,"i2":4,"sol":{"path":["/c/en/backstroke","/c/en/back","/c/fr/retourner","/c/en/relay"],"weight":0.21636999999999934,"degrees":[114,2238,590,306]},"num_concepts_raised":41974},{"base_id":679,"kind":"top_words","i1":2,"i2":5,"sol":{"path":["/c/en/backstroke","/c/en/swimming","/c/en/modern_pentathlon","/c/en/épée"],"weight":0.2106699999999999,"degrees":[114,587,64,48]},"num_concepts_raised":12280},{"base_id":679,"kind":"top_words","i1":2,"i2":6,"sol":{"path":["/c/en/backstroke","/c/en/bell","/c/en/british","/c/en/metre"],"weight":0.21559999999999957,"degrees":[114,1216,3452,378]},"num_concepts_raised":37990},{"base_id":679,"kind":"top_words","i1":2,"i2":7,"sol":{"path":["/c/en/backstroke","/c/en/swim","/c/en/athletic","/c/en/heptathlon"],"weight":0.21189999999999998,"degrees":[114,988,193,74]},"num_concepts_raised":15393},{"base_id":679,"kind":"top_words","i1":2,"i2":8,"sol":{"path":["/c/en/backstroke","/c/en/swim","/c/en/athletic","/c/en/decathlon"],"weight":0.21238000000000004,"degrees":[114,988,193,102]},"num_concepts_raised":13025},{"base_id":679,"kind":"top_words","i1":2,"i2":9,"sol":{"path":["/c/en/backstroke","/c/en/swim","/c/en/sport","/c/en/keirin"],"weight":0.21147999999999997,"degrees":[114,988,1809,38]},"num_concepts_raised":14544},{"base_id":679,"kind":"top_words","i1":3,"i2":4,"sol":{"path":["/c/en/medley","/c/fr/salade","/c/fr/retourner","/c/en/relay"],"weight":0.21703999999999912,"degrees":[139,225,590,306]},"num_concepts_raised":45776},{"base_id":679,"kind":"top_words","i1":3,"i2":5,"sol":{"path":["/c/en/medley","/c/fr/mélange","/c/fr/donner","/c/fr/épée","/c/en/épée"],"weight":0.21256999999999968,"degrees":[139,451,2153,405,48]},"num_concepts_raised":16072},{"base_id":679,"kind":"top_words","i1":3,"i2":6,"sol":{"path":["/c/en/medley","/c/en/music","/c/en/metre"],"weight":0.20400000000000001,"degrees":[139,8822,378]},"num_concepts_raised":422},{"base_id":679,"kind":"top_words","i1":3,"i2":7,"sol":{"path":["/c/en/medley","/c/en/battle","/c/en/contest","/c/en/heptathlon"],"weight":0.20974999999999977,"degrees":[139,1211,649,74]},"num_concepts_raised":19138},{"base_id":679,"kind":"top_words","i1":3,"i2":8,"sol":{"path":["/c/en/medley","/c/en/battle","/c/en/contest","/c/en/decathlon"],"weight":0.21024999999999983,"degrees":[139,1211,649,102]},"num_concepts_raised":16785},{"base_id":679,"kind":"top_words","i1":3,"i2":9,"sol":{"path":["/c/en/medley","/c/fr/musique","/c/en/country","/c/en/japan","/c/en/keirin"],"weight":0.21229999999999977,"degrees":[139,4406,2796,915,38]},"num_concepts_raised":18369},{"base_id":679,"kind":"top_words","i1":4,"i2":5,"sol":{"path":["/c/en/relay","/c/en/athletics","/c/en/modern_pentathlon","/c/en/épée"],"weight":0.2159699999999992,"degrees":[306,352,64,48]},"num_concepts_raised":31714},{"base_id":679,"kind":"top_words","i1":4,"i2":6,"sol":{"path":["/c/en/relay","/c/en/baton","/c/en/music","/c/en/metre"],"weight":0.22266999999999884,"degrees":[306,280,8822,378]},"num_concepts_raised":56462},{"base_id":679,"kind":"top_words","i1":4,"i2":7,"sol":{"path":["/c/en/relay","/c/en/athletics","/c/en/heptathlon"],"weight":0.20600000000000002,"degrees":[306,352,74]},"num_concepts_raised":300},{"base_id":679,"kind":"top_words","i1":4,"i2":8,"sol":{"path":["/c/en/relay","/c/en/track_and_field","/c/en/decathlon"],"weight":0.20600000000000002,"degrees":[306,88,102]},"num_concepts_raised":315},{"base_id":679,"kind":"top_words","i1":4,"i2":9,"sol":{"path":["/c/en/relay","/c/en/race","/c/en/sport","/c/en/keirin"],"weight":0.21607999999999927,"degrees":[306,1372,1809,38]},"num_concepts_raised":33829},{"base_id":679,"kind":"top_words","i1":5,"i2":6,"sol":{"path":["/c/en/épée","/c/fr/épée","/c/fr/verge","/c/fr/mètre","/c/en/metre"],"weight":0.22604999999999936,"degrees":[48,405,244,397,378]},"num_concepts_raised":27575},{"base_id":679,"kind":"top_words","i1":5,"i2":7,"sol":{"path":["/c/en/épée","/c/en/modern_pentathlon","/c/en/athletics","/c/en/heptathlon"],"weight":0.2136699999999998,"degrees":[48,64,352,74]},"num_concepts_raised":4504},{"base_id":679,"kind":"top_words","i1":5,"i2":8,"sol":{"path":["/c/en/épée","/c/en/modern_pentathlon","/c/en/athletics","/c/fi/kymmenottelu","/c/en/decathlon"],"weight":0.21828999999999987,"degrees":[48,64,352,8,102]},"num_concepts_raised":2085},{"base_id":679,"kind":"top_words","i1":5,"i2":9,"sol":{"path":["/c/en/épée","/c/en/epee","/c/en/fencing","/c/en/sport","/c/en/keirin"],"weight":0.2155099999999998,"degrees":[48,62,596,1809,38]},"num_concepts_raised":3663},{"base_id":679,"kind":"top_words","i1":6,"i2":7,"sol":{"path":["/c/en/metre","/c/en/1000_metres","/c/en/athletics","/c/en/heptathlon"],"weight":0.21792999999999946,"degrees":[378,4,352,74]},"num_concepts_raised":30591},{"base_id":679,"kind":"top_words","i1":6,"i2":8,"sol":{"path":["/c/en/metre","/c/fr/longueur","/c/fr/athlétisme","/c/en/decathlon"],"weight":0.21854999999999952,"degrees":[378,481,254,102]},"num_concepts_raised":28318},{"base_id":679,"kind":"top_words","i1":6,"i2":9,"sol":{"path":["/c/en/metre","/c/en/meter","/c/en/japanese_foot","/c/en/japan","/c/en/keirin"],"weight":0.2274199999999994,"degrees":[378,688,16,915,38]},"num_concepts_raised":29813},{"base_id":679,"kind":"top_words","i1":7,"i2":8,"sol":{"path":["/c/en/heptathlon","/c/en/athletic","/c/en/decathlon"],"weight":0.20600000000000002,"degrees":[74,193,102]},"num_concepts_raised":118},{"base_id":679,"kind":"top_words","i1":7,"i2":9,"sol":{"path":["/c/en/heptathlon","/c/en/athletics","/c/en/sport","/c/en/keirin"],"weight":0.21371999999999985,"degrees":[74,352,1809,38]},"num_concepts_raised":6771},{"base_id":679,"kind":"top_words","i1":8,"i2":9,"sol":{"path":["/c/en/decathlon","/c/en/track_and_field","/c/en/sport","/c/en/keirin"],"weight":0.21415999999999993,"degrees":[102,88,1809,38]},"num_concepts_raised":4389}]]