[[{"base_id":203,"kind":"bot_words","i1":0,"i2":1,"sol":{"path":["/c/en/floorball","/c/en/sport","/c/en/person","/c/en/romanian","/c/en/aromanian"],"weight":0.20973000000000006,"degrees":[73,1809,12935,151,34]},"num_concepts_raised":9675},{"base_id":203,"kind":"bot_words","i1":0,"i2":2,"sol":{"path":["/c/en/floorball","/c/en/sport","/c/en/kill","/c/en/sword","/c/en/pata"],"weight":0.21367999999999995,"degrees":[73,1809,1884,1208,40]},"num_concepts_raised":4950},{"base_id":203,"kind":"bot_words","i1":0,"i2":3,"sol":{"path":["/c/en/floorball","/c/en/sport","/c/en/person","/c/en/apicius"],"weight":0.21774,"degrees":[73,1809,12935,35]},"num_concepts_raised":14225},{"base_id":203,"kind":"bot_words","i1":0,"i2":4,"sol":{"path":["/c/en/floorball","/c/en/hockey","/c/en/flyer","/c/en/kangaroo"],"weight":0.21316000000000035,"degrees":[73,337,202,330]},"num_concepts_raised":12799},{"base_id":203,"kind":"bot_words","i1":0,"i2":5,"sol":{"path":["/c/en/floorball","/c/en/sport","/c/en/glass","/c/en/vaseline"],"weight":0.20899000000000012,"degrees":[73,1809,1851,53]},"num_concepts_raised":5399},{"base_id":203,"kind":"bot_words","i1":0,"i2":6,"sol":{"path":["/c/en/floorball","/c/en/sport","/c/en/turf","/c/en/territory"],"weight":0.22191999999999878,"degrees":[73,1809,277,704]},"num_concepts_raised":46199},{"base_id":203,"kind":"bot_words","i1":0,"i2":7,"sol":{"path":["/c/en/floorball","/c/en/sport","/c/en/field","/c/en/plain","/c/en/lament","/c/en/lamented"],"weight":0.21450929999999951,"degrees":[73,1809,2150,1132,464,31]},"num_concepts_raised":236310},{"base_id":203,"kind":"bot_words","i1":0,"i2":8,"sol":{"path":["/c/en/floorball","/c/en/sport","/c/en/st_louis","/c/en/france","/c/en/loire"],"weight":0.21492,"degrees":[73,1809,122,1405,120]},"num_concepts_raised":7066},{"base_id":203,"kind":"bot_words","i1":0,"i2":9,"sol":{"path":["/c/en/floorball","/c/en/sport","/c/en/person","/c/en/jezebel"],"weight":0.2146900000000001,"degrees":[73,1809,12935,88]},"num_concepts_raised":22252},{"base_id":203,"kind":"bot_words","i1":1,"i2":2,"sol":{"path":["/c/en/aromanian","/c/en/romanian","/c/en/language","/c/en/tool","/c/en/weapon","/c/en/pata"],"weight":0.2125662999999996,"degrees":[34,151,4160,1423,1448,40]},"num_concepts_raised":444845},{"base_id":203,"kind":"bot_words","i1":1,"i2":3,"sol":{"path":["/c/en/aromanian","/c/en/romanian","/c/en/person","/c/en/apicius"],"weight":0.21306999999999984,"degrees":[34,151,12935,35]},"num_concepts_raised":20075},{"base_id":203,"kind":"bot_words","i1":1,"i2":4,"sol":{"path":["/c/en/aromanian","/c/fr/linguistique","/c/fr/marsupial","/c/fr/kangourou","/c/en/kangaroo"],"weight":0.21088000000000023,"degrees":[34,7455,294,121,330]},"num_concepts_raised":18725},{"base_id":203,"kind":"bot_words","i1":1,"i2":5,"sol":{"path":["/c/en/aromanian","/c/fr/linguistique","/c/de/gehoben","/c/de/wasser","/c/en/vaseline"],"weight":0.20317999999999997,"degrees":[34,7455,371,836,53]},"num_concepts_raised":11246},{"base_id":203,"kind":"bot_words","i1":1,"i2":6,"sol":{"path":["/c/en/aromanian","/c/en/republic_of_macedonia","/c/en/country","/c/en/territory"],"weight":0.2195199999999986,"degrees":[34,167,2796,704]},"num_concepts_raised":52166},{"base_id":203,"kind":"bot_words","i1":1,"i2":7,"sol":{"path":["/c/en/aromanian","/c/en/romanian","/c/en/person","/c/en/sorrow","/c/en/lament","/c/en/lamented"],"weight":0.2097464999999997,"degrees":[34,151,12935,807,464,31]},"num_concepts_raised":262266},{"base_id":203,"kind":"bot_words","i1":1,"i2":8,"sol":{"path":["/c/en/aromanian","/c/fr/linguistique","/c/fr/français","/c/fr/loire","/c/en/loire"],"weight":0.2161199999999998,"degrees":[34,7455,99079,1277,120]},"num_concepts_raised":12901},{"base_id":203,"kind":"bot_words","i1":1,"i2":9,"sol":{"path":["/c/en/aromanian","/c/en/romanian","/c/en/person","/c/en/jezebel"],"weight":0.21001999999999998,"degrees":[34,151,12935,88]},"num_concepts_raised":28106},{"base_id":203,"kind":"bot_words","i1":2,"i2":3,"sol":{"path":["/c/en/pata","/c/en/sword","/c/en/edge","/c/en/person","/c/en/apicius"],"weight":0.21701999999999977,"degrees":[40,1208,1636,12935,35]},"num_concepts_raised":15310},{"base_id":203,"kind":"bot_words","i1":2,"i2":4,"sol":{"path":["/c/en/pata","/c/en/heavy_metal_music","/c/en/animal","/c/en/marsupial","/c/en/kangaroo"],"weight":0.21464000000000014,"degrees":[40,130,3735,282,330]},"num_concepts_raised":13964},{"base_id":203,"kind":"bot_words","i1":2,"i2":5,"sol":{"path":["/c/en/pata","/c/en/sword","/c/en/metal","/c/en/glass","/c/en/vaseline"],"weight":0.2082599999999999,"degrees":[40,1208,2107,1851,53]},"num_concepts_raised":6519},{"base_id":203,"kind":"bot_words","i1":2,"i2":6,"sol":{"path":["/c/en/pata","/c/en/kiput","/c/en/province","/c/en/territory"],"weight":0.22331999999999852,"degrees":[40,9,1040,704]},"num_concepts_raised":47403},{"base_id":203,"kind":"bot_words","i1":2,"i2":7,"sol":{"path":["/c/en/pata","/c/en/rock_music","/c/en/song","/c/en/lament","/c/en/lamented"],"weight":0.20880999999999977,"degrees":[40,386,1644,464,31]},"num_concepts_raised":3928},{"base_id":203,"kind":"bot_words","i1":2,"i2":8,"sol":{"path":["/c/en/pata","/c/en/sword","/c/en/lay","/c/en/france","/c/en/loire"],"weight":0.21418999999999977,"degrees":[40,1208,951,1405,120]},"num_concepts_raised":8186},{"base_id":203,"kind":"bot_words","i1":2,"i2":9,"sol":{"path":["/c/en/pata","/c/en/musical_artist","/c/en/princess","/c/en/jezebel"],"weight":0.2138799999999999,"degrees":[40,462,454,88]},"num_concepts_raised":23333},{"base_id":203,"kind":"bot_words","i1":3,"i2":4,"sol":{"path":["/c/en/apicius","/c/en/person","/c/en/jacket","/c/en/kangaroo"],"weight":0.21654000000000018,"degrees":[35,12935,686,330]},"num_concepts_raised":23095},{"base_id":203,"kind":"bot_words","i1":3,"i2":5,"sol":{"path":["/c/en/apicius","/c/en/person","/c/en/water","/c/en/glass","/c/en/vaseline"],"weight":0.2123699999999999,"degrees":[35,12935,4606,1851,53]},"num_concepts_raised":15784},{"base_id":203,"kind":"bot_words","i1":3,"i2":6,"sol":{"path":["/c/en/apicius","/c/en/person","/c/en/land","/c/en/territory"],"weight":0.22869999999999852,"degrees":[35,12935,2465,704]},"num_concepts_raised":56247},{"base_id":203,"kind":"bot_words","i1":3,"i2":7,"sol":{"path":["/c/en/apicius","/c/en/person","/c/en/sorrow","/c/en/lament","/c/en/lamented"],"weight":0.2129399999999998,"degrees":[35,12935,807,464,31]},"num_concepts_raised":13223},{"base_id":203,"kind":"bot_words","i1":3,"i2":8,"sol":{"path":["/c/en/apicius","/c/la/apis","/c/fr/localités","/c/fr/loire","/c/en/loire"],"weight":0.22518999999999975,"degrees":[35,81,110113,1277,120]},"num_concepts_raised":17460},{"base_id":203,"kind":"bot_words","i1":3,"i2":9,"sol":{"path":["/c/en/apicius","/c/en/person","/c/en/jezebel"],"weight":0.20800000000000002,"degrees":[35,12935,88]},"num_concepts_raised":92},{"base_id":203,"kind":"bot_words","i1":4,"i2":5,"sol":{"path":["/c/en/kangaroo","/c/fr/kangourou","/c/de/übertragen","/c/de/wasser","/c/en/vaseline"],"weight":0.2109400000000003,"degrees":[330,121,1568,836,53]},"num_concepts_raised":14370},{"base_id":203,"kind":"bot_words","i1":4,"i2":6,"sol":{"path":["/c/en/kangaroo","/c/en/canada","/c/en/territory"],"weight":0.20400000000000001,"degrees":[330,2402,704]},"num_concepts_raised":811},{"base_id":203,"kind":"bot_words","i1":4,"i2":7,"sol":{"path":["/c/en/kangaroo","/c/th/จิงโจ้","/c/en/cry","/c/en/lament","/c/en/lamented"],"weight":0.2103900000000002,"degrees":[330,34,1722,464,31]},"num_concepts_raised":11871},{"base_id":203,"kind":"bot_words","i1":4,"i2":8,"sol":{"path":["/c/en/kangaroo","/c/en/pocket","/c/en/river","/c/en/loire"],"weight":0.21368000000000015,"degrees":[330,807,2945,120]},"num_concepts_raised":15966},{"base_id":203,"kind":"bot_words","i1":4,"i2":9,"sol":{"path":["/c/en/kangaroo","/c/en/jacket","/c/en/person","/c/en/jezebel"],"weight":0.2134900000000003,"degrees":[330,686,12935,88]},"num_concepts_raised":31022},{"base_id":203,"kind":"bot_words","i1":5,"i2":6,"sol":{"path":["/c/en/vaseline","/c/en/glass","/c/en/part","/c/en/territory"],"weight":0.21657999999999872,"degrees":[53,1851,2528,704]},"num_concepts_raised":47786},{"base_id":203,"kind":"bot_words","i1":5,"i2":7,"sol":{"path":["/c/en/vaseline","/c/en/glass","/c/en/water","/c/en/cry","/c/en/lament","/c/en/lamented"],"weight":0.20831829999999962,"degrees":[53,1851,4606,1722,464,31]},"num_concepts_raised":325855},{"base_id":203,"kind":"bot_words","i1":5,"i2":8,"sol":{"path":["/c/en/vaseline","/c/en/glass","/c/en/water","/c/en/river","/c/en/loire"],"weight":0.2095399999999999,"degrees":[53,1851,4606,2945,120]},"num_concepts_raised":8625},{"base_id":203,"kind":"bot_words","i1":5,"i2":9,"sol":{"path":["/c/en/vaseline","/c/pl/wazelina","/c/en/pejorative","/c/en/jezebel"],"weight":0.20917000000000002,"degrees":[53,6,3581,88]},"num_concepts_raised":23804},{"base_id":203,"kind":"bot_words","i1":6,"i2":7,"sol":{"path":["/c/en/territory","/c/en/song","/c/en/lament","/c/en/lamented"],"weight":0.2169299999999986,"degrees":[704,1644,464,31]},"num_concepts_raised":45422},{"base_id":203,"kind":"bot_words","i1":6,"i2":8,"sol":{"path":["/c/en/territory","/c/en/country","/c/en/river","/c/en/loire"],"weight":0.22595999999999855,"degrees":[704,2796,2945,120]},"num_concepts_raised":49165},{"base_id":203,"kind":"bot_words","i1":6,"i2":9,"sol":{"path":["/c/en/territory","/c/en/land","/c/en/person","/c/en/jezebel"],"weight":0.22564999999999866,"degrees":[704,2465,12935,88]},"num_concepts_raised":64081},{"base_id":203,"kind":"bot_words","i1":7,"i2":8,"sol":{"path":["/c/en/lamented","/c/en/lament","/c/en/song","/c/en/river","/c/en/loire"],"weight":0.2100699999999998,"degrees":[31,464,1644,2945,120]},"num_concepts_raised":6049},{"base_id":203,"kind":"bot_words","i1":7,"i2":9,"sol":{"path":["/c/en/lamented","/c/en/lament","/c/en/sorrow","/c/en/person","/c/en/jezebel"],"weight":0.20988999999999994,"degrees":[31,464,807,12935,88]},"num_concepts_raised":21261},{"base_id":203,"kind":"bot_words","i1":8,"i2":9,"sol":{"path":["/c/en/loire","/c/fr/loire","/c/fr/lorette","/c/en/woman","/c/en/jezebel"],"weight":0.22213999999999987,"degrees":[120,1277,28,3510,88]},"num_concepts_raised":25480}],[{"base_id":203,"kind":"top_words","i1":0,"i2":1,"sol":{"path":["/c/en/sorption","/c/en/movement","/c/en/advection"],"weight":0.202,"degrees":[49,1567,56]},"num_concepts_raised":78},{"base_id":203,"kind":"top_words","i1":0,"i2":2,"sol":{"path":["/c/en/sorption","/c/en/adsorption","/c/fr/chimie","/c/en/deflagration"],"weight":0.20556999999999997,"degrees":[49,134,9652,46]},"num_concepts_raised":15225},{"base_id":203,"kind":"top_words","i1":0,"i2":3,"sol":{"path":["/c/en/sorption","/c/en/absorption","/c/en/physics","/c/en/fugacity"],"weight":0.2042799999999999,"degrees":[49,362,9094,34]},"num_concepts_raised":20960},{"base_id":203,"kind":"top_words","i1":0,"i2":4,"sol":{"path":["/c/en/sorption","/c/en/absorption","/c/en/physics","/c/en/supersaturation"],"weight":0.20430999999999996,"degrees":[49,362,9094,27]},"num_concepts_raised":13289},{"base_id":203,"kind":"top_words","i1":0,"i2":5,"sol":{"path":["/c/en/sorption","/c/en/natural_process","/c/en/transpiration"],"weight":0.20400000000000001,"degrees":[49,110,136]},"num_concepts_raised":151},{"base_id":203,"kind":"top_words","i1":0,"i2":6,"sol":{"path":["/c/en/sorption","/c/en/natural_process","/c/en/diffusion","/c/en/diffusive"],"weight":0.20302999999999988,"degrees":[49,110,250,24]},"num_concepts_raised":3288},{"base_id":203,"kind":"top_words","i1":0,"i2":7,"sol":{"path":["/c/en/sorption","/c/en/natural_process","/c/en/decay","/c/en/masker"],"weight":0.20308999999999994,"degrees":[49,110,783,32]},"num_concepts_raised":9338},{"base_id":203,"kind":"top_words","i1":0,"i2":8,"sol":{"path":["/c/en/sorption","/c/en/sciences","/c/en/realism","/c/en/external","/c/en/externality"],"weight":0.21047999999999983,"degrees":[49,254,195,485,63]},"num_concepts_raised":5886},{"base_id":203,"kind":"top_words","i1":0,"i2":9,"sol":{"path":["/c/en/sorption","/c/en/adsorption","/c/en/gas","/c/en/state","/c/en/heterozygosity"],"weight":0.20522999999999997,"degrees":[49,134,1636,3243,24]},"num_concepts_raised":5479},{"base_id":203,"kind":"top_words","i1":1,"i2":2,"sol":{"path":["/c/en/advection","/c/en/chemistry","/c/en/combustion","/c/en/deflagration"],"weight":0.20468999999999998,"degrees":[56,11754,314,46]},"num_concepts_raised":30918},{"base_id":203,"kind":"top_words","i1":1,"i2":3,"sol":{"path":["/c/en/advection","/c/en/fluid","/c/en/fugacity"],"weight":0.202,"degrees":[56,835,34]},"num_concepts_raised":69},{"base_id":203,"kind":"top_words","i1":1,"i2":4,"sol":{"path":["/c/en/advection","/c/en/chemistry","/c/en/supersaturated","/c/en/supersaturation"],"weight":0.20436999999999994,"degrees":[56,11754,26,27]},"num_concepts_raised":28466},{"base_id":203,"kind":"top_words","i1":1,"i2":5,"sol":{"path":["/c/en/advection","/c/en/fluid","/c/en/perspiration","/c/en/transpiration"],"weight":0.20968999999999968,"degrees":[56,835,239,136]},"num_concepts_raised":44056},{"base_id":203,"kind":"top_words","i1":1,"i2":6,"sol":{"path":["/c/en/advection","/c/en/movement","/c/en/diffusion","/c/en/diffusive"],"weight":0.20319999999999988,"degrees":[56,1567,250,24]},"num_concepts_raised":19739},{"base_id":203,"kind":"top_words","i1":1,"i2":7,"sol":{"path":["/c/en/advection","/c/en/chemistry","/c/en/decay","/c/en/masker"],"weight":0.20326999999999992,"degrees":[56,11754,783,32]},"num_concepts_raised":25745},{"base_id":203,"kind":"top_words","i1":1,"i2":8,"sol":{"path":["/c/en/advection","/c/en/chemistry","/c/en/exothermic","/c/en/external","/c/en/externality"],"weight":0.21065999999999982,"degrees":[56,11754,68,485,63]},"num_concepts_raised":22328},{"base_id":203,"kind":"top_words","i1":1,"i2":9,"sol":{"path":["/c/en/advection","/c/en/motion","/c/en/state","/c/en/heterozygosity"],"weight":0.20318999999999995,"degrees":[56,1045,3243,24]},"num_concepts_raised":21881},{"base_id":203,"kind":"top_words","i1":2,"i2":3,"sol":{"path":["/c/en/deflagration","/c/en/deflagrate","/c/en/physics","/c/en/fugacity"],"weight":0.20409999999999995,"degrees":[46,52,9094,34]},"num_concepts_raised":31113},{"base_id":203,"kind":"top_words","i1":2,"i2":4,"sol":{"path":["/c/en/deflagration","/c/en/deflagrate","/c/en/physics","/c/en/supersaturation"],"weight":0.20411999999999997,"degrees":[46,52,9094,27]},"num_concepts_raised":23402},{"base_id":203,"kind":"top_words","i1":2,"i2":5,"sol":{"path":["/c/en/deflagration","/c/en/combustion","/c/en/gas","/c/en/transpiration"],"weight":0.21044999999999972,"degrees":[46,314,1636,136]},"num_concepts_raised":38333},{"base_id":203,"kind":"top_words","i1":2,"i2":6,"sol":{"path":["/c/en/deflagration","/c/en/combustion","/c/en/heat","/c/en/diffusivity","/c/en/diffusive"],"weight":0.20409999999999992,"degrees":[46,314,2046,16,24]},"num_concepts_raised":13431},{"base_id":203,"kind":"top_words","i1":2,"i2":7,"sol":{"path":["/c/en/deflagration","/c/en/fire","/c/en/cover","/c/en/mask","/c/en/masker"],"weight":0.20432999999999996,"degrees":[46,2829,2802,668,32]},"num_concepts_raised":19447},{"base_id":203,"kind":"top_words","i1":2,"i2":8,"sol":{"path":["/c/en/deflagration","/c/en/combustion","/c/en/internal","/c/en/external","/c/en/externality"],"weight":0.21153999999999987,"degrees":[46,314,430,485,63]},"num_concepts_raised":16007},{"base_id":203,"kind":"top_words","i1":2,"i2":9,"sol":{"path":["/c/en/deflagration","/c/en/combustion","/c/en/heat","/c/en/state","/c/en/heterozygosity"],"weight":0.20416,"degrees":[46,314,2046,3243,24]},"num_concepts_raised":15630},{"base_id":203,"kind":"top_words","i1":3,"i2":4,"sol":{"path":["/c/en/fugacity","/c/en/physics","/c/en/supersaturation"],"weight":0.202,"degrees":[34,9094,27]},"num_concepts_raised":51},{"base_id":203,"kind":"top_words","i1":3,"i2":5,"sol":{"path":["/c/en/fugacity","/c/en/plant","/c/en/transpiration"],"weight":0.20400000000000001,"degrees":[34,7959,136]},"num_concepts_raised":142},{"base_id":203,"kind":"top_words","i1":3,"i2":6,"sol":{"path":["/c/en/fugacity","/c/en/physics","/c/en/diffusion","/c/en/diffusive"],"weight":0.20274999999999982,"degrees":[34,9094,250,24]},"num_concepts_raised":19262},{"base_id":203,"kind":"top_words","i1":3,"i2":7,"sol":{"path":["/c/en/fugacity","/c/en/physics","/c/en/decay","/c/en/masker"],"weight":0.20277999999999988,"degrees":[34,9094,783,32]},"num_concepts_raised":25280},{"base_id":203,"kind":"top_words","i1":3,"i2":8,"sol":{"path":["/c/en/fugacity","/c/en/physics","/c/en/perturbation","/c/en/external","/c/en/externality"],"weight":0.21016999999999977,"degrees":[34,9094,127,485,63]},"num_concepts_raised":21870},{"base_id":203,"kind":"top_words","i1":3,"i2":9,"sol":{"path":["/c/en/fugacity","/c/en/phase","/c/en/genetics","/c/en/heterozygous","/c/en/heterozygosity"],"weight":0.2037299999999999,"degrees":[34,660,1987,48,24]},"num_concepts_raised":21443},{"base_id":203,"kind":"top_words","i1":4,"i2":5,"sol":{"path":["/c/en/supersaturation","/c/en/physiology","/c/en/transpiration"],"weight":0.20400000000000001,"degrees":[27,1147,136]},"num_concepts_raised":137},{"base_id":203,"kind":"top_words","i1":4,"i2":6,"sol":{"path":["/c/en/supersaturation","/c/en/physics","/c/en/diffusion","/c/en/diffusive"],"weight":0.20275999999999988,"degrees":[27,9094,250,24]},"num_concepts_raised":11573},{"base_id":203,"kind":"top_words","i1":4,"i2":7,"sol":{"path":["/c/en/supersaturation","/c/en/physics","/c/en/decay","/c/en/masker"],"weight":0.20279999999999992,"degrees":[27,9094,783,32]},"num_concepts_raised":17615},{"base_id":203,"kind":"top_words","i1":4,"i2":8,"sol":{"path":["/c/en/supersaturation","/c/en/physics","/c/en/perturbation","/c/en/external","/c/en/externality"],"weight":0.21018999999999982,"degrees":[27,9094,127,485,63]},"num_concepts_raised":14161},{"base_id":203,"kind":"top_words","i1":4,"i2":9,"sol":{"path":["/c/en/supersaturation","/c/en/physics","/c/en/energy","/c/en/state","/c/en/heterozygosity"],"weight":0.20276999999999995,"degrees":[27,9094,1631,3243,24]},"num_concepts_raised":13750},{"base_id":203,"kind":"top_words","i1":5,"i2":6,"sol":{"path":["/c/en/transpiration","/c/en/water","/c/en/diffuse","/c/en/diffusive"],"weight":0.20899999999999963,"degrees":[136,4606,308,24]},"num_concepts_raised":26619},{"base_id":203,"kind":"top_words","i1":5,"i2":7,"sol":{"path":["/c/en/transpiration","/c/en/natural_process","/c/en/decay","/c/en/masker"],"weight":0.20898999999999968,"degrees":[136,110,783,32]},"num_concepts_raised":32521},{"base_id":203,"kind":"top_words","i1":5,"i2":8,"sol":{"path":["/c/en/transpiration","/c/en/botany","/c/en/shell","/c/en/external","/c/en/externality"],"weight":0.21660999999999958,"degrees":[136,6881,1513,485,63]},"num_concepts_raised":29169},{"base_id":203,"kind":"top_words","i1":5,"i2":9,"sol":{"path":["/c/en/transpiration","/c/en/water","/c/en/state","/c/en/heterozygosity"],"weight":0.2090499999999997,"degrees":[136,4606,3243,24]},"num_concepts_raised":28765},{"base_id":203,"kind":"top_words","i1":6,"i2":7,"sol":{"path":["/c/en/diffusive","/c/en/diffusion","/c/en/linguistic","/c/en/dialectal","/c/en/masker"],"weight":0.20272999999999988,"degrees":[24,250,247,4127,32]},"num_concepts_raised":7534},{"base_id":203,"kind":"top_words","i1":6,"i2":8,"sol":{"path":["/c/en/diffusive","/c/en/diffusion","/c/en/spread","/c/en/economics","/c/en/externality"],"weight":0.20815999999999976,"degrees":[24,250,1574,1720,63]},"num_concepts_raised":4068},{"base_id":203,"kind":"top_words","i1":6,"i2":9,"sol":{"path":["/c/en/diffusive","/c/en/diffusion","/c/en/medium","/c/en/state","/c/en/heterozygosity"],"weight":0.2026399999999999,"degrees":[24,250,767,3243,24]},"num_concepts_raised":3684},{"base_id":203,"kind":"top_words","i1":7,"i2":8,"sol":{"path":["/c/en/masker","/c/en/choke","/c/en/die","/c/en/external","/c/en/externality"],"weight":0.2101699999999998,"degrees":[32,435,2528,485,63]},"num_concepts_raised":10131},{"base_id":203,"kind":"top_words","i1":7,"i2":9,"sol":{"path":["/c/en/masker","/c/en/decay","/c/en/state","/c/en/heterozygosity"],"weight":0.20270999999999995,"degrees":[32,783,3243,24]},"num_concepts_raised":9720},{"base_id":203,"kind":"top_words","i1":8,"i2":9,"sol":{"path":["/c/en/externality","/c/en/external","/c/ar/وضع","/c/en/state","/c/en/heterozygosity"],"weight":0.21008999999999983,"degrees":[63,485,108,3243,24]},"num_concepts_raised":6268}]]