[[{"base_id":906,"kind":"bot_words","i1":0,"i2":1,"sol":{"path":["/c/en/bowfin","/c/en/dogfish","/c/en/sea","/c/en/erosion","/c/en/pantoprazole"],"weight":0.21571999999999977,"degrees":[89,89,1714,369,35]},"num_concepts_raised":21993},{"base_id":906,"kind":"bot_words","i1":0,"i2":2,"sol":{"path":["/c/en/bowfin","/c/en/fish","/c/en/spot","/c/en/freckle"],"weight":0.22000999999999996,"degrees":[89,4424,965,290]},"num_concepts_raised":17353},{"base_id":906,"kind":"bot_words","i1":0,"i2":3,"sol":{"path":["/c/en/bowfin","/c/en/fish","/c/en/slang","/c/en/cupcake"],"weight":0.21711999999999992,"degrees":[89,4424,16318,123]},"num_concepts_raised":31614},{"base_id":906,"kind":"bot_words","i1":0,"i2":4,"sol":{"path":["/c/en/bowfin","/c/en/ganoid","/c/en/zoology","/c/en/corporal"],"weight":0.21307999999999977,"degrees":[89,26,8127,215]},"num_concepts_raised":45331},{"base_id":906,"kind":"bot_words","i1":0,"i2":5,"sol":{"path":["/c/en/bowfin","/c/en/order","/c/en/mathematics","/c/en/sexagesimal"],"weight":0.20851999999999984,"degrees":[89,2833,7601,24]},"num_concepts_raised":14519},{"base_id":906,"kind":"bot_words","i1":0,"i2":6,"sol":{"path":["/c/en/bowfin","/c/en/fish","/c/en/person","/c/en/face","/c/en/facelift"],"weight":0.20924999999999988,"degrees":[89,4424,12935,2479,70]},"num_concepts_raised":10138},{"base_id":906,"kind":"bot_words","i1":0,"i2":7,"sol":{"path":["/c/en/bowfin","/c/en/dogfish","/c/en/barbados","/c/en/historical","/c/en/corinna"],"weight":0.21569999999999984,"degrees":[89,89,245,8415,33]},"num_concepts_raised":15227},{"base_id":906,"kind":"bot_words","i1":0,"i2":8,"sol":{"path":["/c/en/bowfin","/c/en/dogfish","/c/en/us","/c/en/communism","/c/en/trotskyism"],"weight":0.2196200000000002,"degrees":[89,89,8154,474,114]},"num_concepts_raised":7719},{"base_id":906,"kind":"bot_words","i1":0,"i2":9,"sol":{"path":["/c/en/bowfin","/c/en/fish","/c/en/kind","/c/en/sweet","/c/en/sweetly"],"weight":0.21305,"degrees":[89,4424,1436,1309,92]},"num_concepts_raised":9583},{"base_id":906,"kind":"bot_words","i1":1,"i2":2,"sol":{"path":["/c/en/pantoprazole","/c/fr/médecine","/c/fr/éphélide","/c/en/freckle"],"weight":0.2213099999999999,"degrees":[35,9990,25,290]},"num_concepts_raised":26382},{"base_id":906,"kind":"bot_words","i1":1,"i2":3,"sol":{"path":["/c/en/pantoprazole","/c/en/proton_pump","/c/en/tangible_thing","/c/en/cupcake"],"weight":0.2140899999999999,"degrees":[35,34,1925,123]},"num_concepts_raised":40894},{"base_id":906,"kind":"bot_words","i1":1,"i2":4,"sol":{"path":["/c/en/pantoprazole","/c/en/drug","/c/en/body","/c/en/corporal"],"weight":0.2115799999999997,"degrees":[35,4920,3170,215]},"num_concepts_raised":54956},{"base_id":906,"kind":"bot_words","i1":1,"i2":5,"sol":{"path":["/c/en/pantoprazole","/c/en/erosion","/c/en/mathematics","/c/en/sexagesimal"],"weight":0.2077299999999998,"degrees":[35,369,7601,24]},"num_concepts_raised":23829},{"base_id":906,"kind":"bot_words","i1":1,"i2":6,"sol":{"path":["/c/en/pantoprazole","/c/en/erosion","/c/en/face","/c/en/facelift"],"weight":0.20836999999999983,"degrees":[35,369,2479,70]},"num_concepts_raised":19377},{"base_id":906,"kind":"bot_words","i1":1,"i2":7,"sol":{"path":["/c/en/pantoprazole","/c/fr/médecine","/c/en/medicine","/c/en/core","/c/en/corinna"],"weight":0.2130999999999998,"degrees":[35,9990,11938,637,33]},"num_concepts_raised":24515},{"base_id":906,"kind":"bot_words","i1":1,"i2":8,"sol":{"path":["/c/en/pantoprazole","/c/en/esophagus","/c/en/us","/c/en/communism","/c/en/trotskyism"],"weight":0.21677000000000013,"degrees":[35,237,8154,474,114]},"num_concepts_raised":16971},{"base_id":906,"kind":"bot_words","i1":1,"i2":9,"sol":{"path":["/c/en/pantoprazole","/c/fr/médecine","/c/fr/dragée","/c/en/sweet","/c/en/sweetly"],"weight":0.21223999999999993,"degrees":[35,9990,111,1309,92]},"num_concepts_raised":18828},{"base_id":906,"kind":"bot_words","i1":2,"i2":3,"sol":{"path":["/c/en/freckle","/c/en/solid_object","/c/en/cupcake"],"weight":0.20600000000000002,"degrees":[290,297,123]},"num_concepts_raised":284},{"base_id":906,"kind":"bot_words","i1":2,"i2":4,"sol":{"path":["/c/en/freckle","/c/en/dirt","/c/en/material","/c/en/corporal"],"weight":0.21645999999999987,"degrees":[290,688,1522,215]},"num_concepts_raised":49928},{"base_id":906,"kind":"bot_words","i1":2,"i2":5,"sol":{"path":["/c/en/freckle","/c/en/spot","/c/en/point","/c/en/mathematics","/c/en/sexagesimal"],"weight":0.21411999999999998,"degrees":[290,965,2624,7601,24]},"num_concepts_raised":19227},{"base_id":906,"kind":"bot_words","i1":2,"i2":6,"sol":{"path":["/c/en/freckle","/c/en/freckleface","/c/en/face","/c/en/facelift"],"weight":0.21647,"degrees":[290,16,2479,70]},"num_concepts_raised":14749},{"base_id":906,"kind":"bot_words","i1":2,"i2":7,"sol":{"path":["/c/en/freckle","/c/en/finger","/c/en/historical","/c/en/corinna"],"weight":0.21688999999999997,"degrees":[290,1738,8415,33]},"num_concepts_raised":19892},{"base_id":906,"kind":"bot_words","i1":2,"i2":8,"sol":{"path":["/c/en/freckle","/c/en/spot","/c/en/us","/c/en/communism","/c/en/trotskyism"],"weight":0.2231100000000003,"degrees":[290,965,8154,474,114]},"num_concepts_raised":12418},{"base_id":906,"kind":"bot_words","i1":2,"i2":9,"sol":{"path":["/c/en/freckle","/c/en/freckleface","/c/en/person","/c/en/sweet","/c/en/sweetly"],"weight":0.2202400000000001,"degrees":[290,16,12935,1309,92]},"num_concepts_raised":14264},{"base_id":906,"kind":"bot_words","i1":3,"i2":4,"sol":{"path":["/c/en/cupcake","/c/en/slang","/c/en/head","/c/en/corporal"],"weight":0.21385999999999986,"degrees":[123,16318,3580,215]},"num_concepts_raised":63489},{"base_id":906,"kind":"bot_words","i1":3,"i2":5,"sol":{"path":["/c/en/cupcake","/c/en/cup","/c/en/mathematics","/c/en/sexagesimal"],"weight":0.20901999999999996,"degrees":[123,1155,7601,24]},"num_concepts_raised":33566},{"base_id":906,"kind":"bot_words","i1":3,"i2":6,"sol":{"path":["/c/en/cupcake","/c/en/slang","/c/en/face","/c/en/facelift"],"weight":0.21177999999999997,"degrees":[123,16318,2479,70]},"num_concepts_raised":29102},{"base_id":906,"kind":"bot_words","i1":3,"i2":7,"sol":{"path":["/c/en/cupcake","/c/en/cup","/c/en/historical","/c/en/corinna"],"weight":0.21413999999999994,"degrees":[123,1155,8415,33]},"num_concepts_raised":34127},{"base_id":906,"kind":"bot_words","i1":3,"i2":8,"sol":{"path":["/c/en/cupcake","/c/en/slang","/c/en/commie","/c/en/communism","/c/en/trotskyism"],"weight":0.22019000000000027,"degrees":[123,16318,46,474,114]},"num_concepts_raised":26797},{"base_id":906,"kind":"bot_words","i1":3,"i2":9,"sol":{"path":["/c/en/cupcake","/c/en/cake","/c/en/sweet","/c/en/sweetly"],"weight":0.21579000000000007,"degrees":[123,1707,1309,92]},"num_concepts_raised":28517},{"base_id":906,"kind":"bot_words","i1":4,"i2":5,"sol":{"path":["/c/en/corporal","/c/en/corporeal","/c/fr/corps","/c/en/mathematics","/c/en/sexagesimal"],"weight":0.20767999999999978,"degrees":[215,129,2007,7601,24]},"num_concepts_raised":47451},{"base_id":906,"kind":"bot_words","i1":4,"i2":6,"sol":{"path":["/c/en/corporal","/c/en/body","/c/en/face","/c/en/facelift"],"weight":0.20713999999999982,"degrees":[215,3170,2479,70]},"num_concepts_raised":43027},{"base_id":906,"kind":"bot_words","i1":4,"i2":7,"sol":{"path":["/c/en/corporal","/c/en/historical","/c/en/corinna"],"weight":0.20400000000000001,"degrees":[215,8415,33]},"num_concepts_raised":186},{"base_id":906,"kind":"bot_words","i1":4,"i2":8,"sol":{"path":["/c/en/corporal","/c/en/private","/c/en/capitalism","/c/en/trotskyism"],"weight":0.21216000000000013,"degrees":[215,777,365,114]},"num_concepts_raised":40768},{"base_id":906,"kind":"bot_words","i1":4,"i2":9,"sol":{"path":["/c/en/corporal","/c/en/body","/c/en/person","/c/en/sweet","/c/en/sweetly"],"weight":0.2109999999999999,"degrees":[215,3170,12935,1309,92]},"num_concepts_raised":42641},{"base_id":906,"kind":"bot_words","i1":5,"i2":6,"sol":{"path":["/c/en/sexagesimal","/c/en/mathematics","/c/en/operation","/c/en/plastic_surgery","/c/en/facelift"],"weight":0.2033299999999999,"degrees":[24,7601,1135,196,70]},"num_concepts_raised":11954},{"base_id":906,"kind":"bot_words","i1":5,"i2":7,"sol":{"path":["/c/en/sexagesimal","/c/en/mathematics","/c/en/science","/c/en/core","/c/en/corinna"],"weight":0.20780999999999983,"degrees":[24,7601,1674,637,33]},"num_concepts_raised":17062},{"base_id":906,"kind":"bot_words","i1":5,"i2":8,"sol":{"path":["/c/en/sexagesimal","/c/en/mathematics","/c/en/arbitrary","/c/en/communism","/c/en/trotskyism"],"weight":0.21164000000000022,"degrees":[24,7601,226,474,114]},"num_concepts_raised":9554},{"base_id":906,"kind":"bot_words","i1":5,"i2":9,"sol":{"path":["/c/en/sexagesimal","/c/en/mathematics","/c/en/sound","/c/en/sweet","/c/en/sweetly"],"weight":0.20701999999999998,"degrees":[24,7601,3218,1309,92]},"num_concepts_raised":11420},{"base_id":906,"kind":"bot_words","i1":6,"i2":7,"sol":{"path":["/c/en/facelift","/c/en/face_lift","/c/en/lift","/c/en/historical","/c/en/corinna"],"weight":0.2094899999999999,"degrees":[70,50,1167,8415,33]},"num_concepts_raised":12656},{"base_id":906,"kind":"bot_words","i1":6,"i2":8,"sol":{"path":["/c/en/facelift","/c/en/face","/c/en/social","/c/en/socialism","/c/en/trotskyism"],"weight":0.21018000000000026,"degrees":[70,2479,934,379,114]},"num_concepts_raised":5109},{"base_id":906,"kind":"bot_words","i1":6,"i2":9,"sol":{"path":["/c/en/facelift","/c/en/face","/c/en/person","/c/en/sweet","/c/en/sweetly"],"weight":0.20768000000000003,"degrees":[70,2479,12935,1309,92]},"num_concepts_raised":6975},{"base_id":906,"kind":"bot_words","i1":7,"i2":8,"sol":{"path":["/c/en/corinna","/c/en/core","/c/en/cadre","/c/en/communism","/c/en/trotskyism"],"weight":0.2168400000000002,"degrees":[33,637,79,474,114]},"num_concepts_raised":10210},{"base_id":906,"kind":"bot_words","i1":7,"i2":9,"sol":{"path":["/c/en/corinna","/c/en/historical","/c/en/candy","/c/en/sweet","/c/en/sweetly"],"weight":0.21227,"degrees":[33,8415,599,1309,92]},"num_concepts_raised":12096},{"base_id":906,"kind":"bot_words","i1":8,"i2":9,"sol":{"path":["/c/en/trotskyism","/c/en/communist","/c/en/person","/c/en/sweet","/c/en/sweetly"],"weight":0.21390000000000037,"degrees":[114,346,12935,1309,92]},"num_concepts_raised":4545}],[{"base_id":906,"kind":"top_words","i1":0,"i2":1,"sol":{"path":["/c/en/myanmar","/c/en/southeast_asia","/c/en/thailand"],"weight":0.20800000000000002,"degrees":[359,312,427]},"num_concepts_raised":572},{"base_id":906,"kind":"top_words","i1":0,"i2":2,"sol":{"path":["/c/en/myanmar","/c/en/burmese","/c/en/thailand","/c/en/thai"],"weight":0.21857999999999983,"degrees":[359,134,427,172]},"num_concepts_raised":26863},{"base_id":906,"kind":"top_words","i1":0,"i2":3,"sol":{"path":["/c/en/myanmar","/c/en/southeast_asia","/c/en/singapore"],"weight":0.21000000000000002,"degrees":[359,312,572]},"num_concepts_raised":723},{"base_id":906,"kind":"top_words","i1":0,"i2":4,"sol":{"path":["/c/en/myanmar","/c/en/southeast_asia","/c/en/laos"],"weight":0.20800000000000002,"degrees":[359,312,296]},"num_concepts_raised":447},{"base_id":906,"kind":"top_words","i1":0,"i2":5,"sol":{"path":["/c/en/myanmar","/c/en/southeast_asia","/c/en/malaysia"],"weight":0.21000000000000002,"degrees":[359,312,495]},"num_concepts_raised":625},{"base_id":906,"kind":"top_words","i1":0,"i2":6,"sol":{"path":["/c/en/myanmar","/c/en/southeast_asia","/c/en/brunei"],"weight":0.20800000000000002,"degrees":[359,312,268]},"num_concepts_raised":431},{"base_id":906,"kind":"top_words","i1":0,"i2":7,"sol":{"path":["/c/en/myanmar","/c/en/southeast_asia","/c/en/indonesia","/c/en/indonesian"],"weight":0.21873999999999988,"degrees":[359,312,549,151]},"num_concepts_raised":13145},{"base_id":906,"kind":"top_words","i1":0,"i2":8,"sol":{"path":["/c/en/myanmar","/c/en/southeast_asia","/c/en/indonesia"],"weight":0.20800000000000002,"degrees":[359,312,549]},"num_concepts_raised":673},{"base_id":906,"kind":"top_words","i1":0,"i2":9,"sol":{"path":["/c/en/myanmar","/c/en/southeast_asia","/c/en/malaysia","/c/en/malaysian"],"weight":0.21822999999999998,"degrees":[359,312,495,88]},"num_concepts_raised":9831},{"base_id":906,"kind":"top_words","i1":1,"i2":2,"sol":{"path":["/c/en/thailand","/c/en/thai"],"weight":0.20700000000000002,"degrees":[427,172]},"num_concepts_raised":440},{"base_id":906,"kind":"top_words","i1":1,"i2":3,"sol":{"path":["/c/en/thailand","/c/en/siam","/c/en/singapore"],"weight":0.21000000000000002,"degrees":[427,55,572]},"num_concepts_raised":783},{"base_id":906,"kind":"top_words","i1":1,"i2":4,"sol":{"path":["/c/en/thailand","/c/en/southeast_asia","/c/en/laos"],"weight":0.20800000000000002,"degrees":[427,312,296]},"num_concepts_raised":505},{"base_id":906,"kind":"top_words","i1":1,"i2":5,"sol":{"path":["/c/en/thailand","/c/en/southeast_asia","/c/en/malaysia"],"weight":0.21000000000000002,"degrees":[427,312,495]},"num_concepts_raised":684},{"base_id":906,"kind":"top_words","i1":1,"i2":6,"sol":{"path":["/c/en/thailand","/c/en/southeast_asia","/c/en/brunei"],"weight":0.20800000000000002,"degrees":[427,312,268]},"num_concepts_raised":494},{"base_id":906,"kind":"top_words","i1":1,"i2":7,"sol":{"path":["/c/en/thailand","/c/en/malay","/c/en/indonesian"],"weight":0.20400000000000001,"degrees":[427,179,151]},"num_concepts_raised":442},{"base_id":906,"kind":"top_words","i1":1,"i2":8,"sol":{"path":["/c/en/thailand","/c/en/southeast_asia","/c/en/indonesia"],"weight":0.20800000000000002,"degrees":[427,312,549]},"num_concepts_raised":733},{"base_id":906,"kind":"top_words","i1":1,"i2":9,"sol":{"path":["/c/en/thailand","/c/en/malay","/c/en/malaysian"],"weight":0.20600000000000002,"degrees":[427,179,88]},"num_concepts_raised":392},{"base_id":906,"kind":"top_words","i1":2,"i2":3,"sol":{"path":["/c/en/thai","/c/en/thai_disco","/c/en/singapore"],"weight":0.20600000000000002,"degrees":[172,10,572]},"num_concepts_raised":599},{"base_id":906,"kind":"top_words","i1":2,"i2":4,"sol":{"path":["/c/en/thai","/c/en/lao","/c/en/laos"],"weight":0.20600000000000002,"degrees":[172,94,296]},"num_concepts_raised":323},{"base_id":906,"kind":"top_words","i1":2,"i2":5,"sol":{"path":["/c/en/thai","/c/en/thailand","/c/en/malay","/c/en/malaysia"],"weight":0.22425999999999957,"degrees":[172,427,179,495]},"num_concepts_raised":27602},{"base_id":906,"kind":"top_words","i1":2,"i2":6,"sol":{"path":["/c/en/thai","/c/en/thailand","/c/en/country","/c/en/brunei"],"weight":0.2174900000000001,"degrees":[172,427,2796,268]},"num_concepts_raised":29697},{"base_id":906,"kind":"top_words","i1":2,"i2":7,"sol":{"path":["/c/en/thai","/c/en/asian","/c/en/indonesian"],"weight":0.202,"degrees":[172,360,151]},"num_concepts_raised":251},{"base_id":906,"kind":"top_words","i1":2,"i2":8,"sol":{"path":["/c/en/thai","/c/en/thailand","/c/en/southeast_asia","/c/en/indonesia"],"weight":0.22080999999999945,"degrees":[172,427,312,549]},"num_concepts_raised":30246},{"base_id":906,"kind":"top_words","i1":2,"i2":9,"sol":{"path":["/c/en/thai","/c/en/thailand","/c/en/malay","/c/en/malaysian"],"weight":0.20942999999999956,"degrees":[172,427,179,88]},"num_concepts_raised":19540},{"base_id":906,"kind":"top_words","i1":3,"i2":4,"sol":{"path":["/c/en/singapore","/c/en/southeast_asia","/c/en/laos"],"weight":0.21000000000000002,"degrees":[572,312,296]},"num_concepts_raised":653},{"base_id":906,"kind":"top_words","i1":3,"i2":5,"sol":{"path":["/c/en/singapore","/c/en/malay","/c/en/malaysia"],"weight":0.21200000000000002,"degrees":[572,179,495]},"num_concepts_raised":751},{"base_id":906,"kind":"top_words","i1":3,"i2":6,"sol":{"path":["/c/en/singapore","/c/en/southeast_asia","/c/en/brunei"],"weight":0.21000000000000002,"degrees":[572,312,268]},"num_concepts_raised":630},{"base_id":906,"kind":"top_words","i1":3,"i2":7,"sol":{"path":["/c/en/singapore","/c/en/malay","/c/en/indonesian"],"weight":0.20700000000000002,"degrees":[572,179,151]},"num_concepts_raised":581},{"base_id":906,"kind":"top_words","i1":3,"i2":8,"sol":{"path":["/c/en/singapore","/c/en/southeast_asia","/c/en/indonesia"],"weight":0.21000000000000002,"degrees":[572,312,549]},"num_concepts_raised":866},{"base_id":906,"kind":"top_words","i1":3,"i2":9,"sol":{"path":["/c/en/singapore","/c/en/malay","/c/en/malaysian"],"weight":0.20900000000000002,"degrees":[572,179,88]},"num_concepts_raised":532},{"base_id":906,"kind":"top_words","i1":4,"i2":5,"sol":{"path":["/c/en/laos","/c/en/southeast_asia","/c/en/malaysia"],"weight":0.21000000000000002,"degrees":[296,312,495]},"num_concepts_raised":556},{"base_id":906,"kind":"top_words","i1":4,"i2":6,"sol":{"path":["/c/en/laos","/c/en/southeast_asia","/c/en/brunei"],"weight":0.20800000000000002,"degrees":[296,312,268]},"num_concepts_raised":360},{"base_id":906,"kind":"top_words","i1":4,"i2":7,"sol":{"path":["/c/en/laos","/c/en/southeast_asia","/c/en/indonesia","/c/en/indonesian"],"weight":0.21827000000000016,"degrees":[296,312,549,151]},"num_concepts_raised":13858},{"base_id":906,"kind":"top_words","i1":4,"i2":8,"sol":{"path":["/c/en/laos","/c/en/southeast_asia","/c/en/indonesia"],"weight":0.20800000000000002,"degrees":[296,312,549]},"num_concepts_raised":603},{"base_id":906,"kind":"top_words","i1":4,"i2":9,"sol":{"path":["/c/en/laos","/c/en/southeast_asia","/c/en/malaysia","/c/en/malaysian"],"weight":0.21775000000000025,"degrees":[296,312,495,88]},"num_concepts_raised":10418},{"base_id":906,"kind":"top_words","i1":5,"i2":6,"sol":{"path":["/c/en/malaysia","/c/en/country","/c/en/brunei"],"weight":0.21000000000000002,"degrees":[495,2796,268]},"num_concepts_raised":530},{"base_id":906,"kind":"top_words","i1":5,"i2":7,"sol":{"path":["/c/en/malaysia","/c/en/malay","/c/en/indonesian"],"weight":0.20700000000000002,"degrees":[495,179,151]},"num_concepts_raised":486},{"base_id":906,"kind":"top_words","i1":5,"i2":8,"sol":{"path":["/c/en/malaysia","/c/en/country","/c/en/indonesia"],"weight":0.21000000000000002,"degrees":[495,2796,549]},"num_concepts_raised":762},{"base_id":906,"kind":"top_words","i1":5,"i2":9,"sol":{"path":["/c/en/malaysia","/c/en/malaysian"],"weight":0.20900000000000002,"degrees":[495,88]},"num_concepts_raised":429},{"base_id":906,"kind":"top_words","i1":6,"i2":7,"sol":{"path":["/c/en/brunei","/c/en/malay","/c/en/indonesian"],"weight":0.20400000000000001,"degrees":[268,179,151]},"num_concepts_raised":290},{"base_id":906,"kind":"top_words","i1":6,"i2":8,"sol":{"path":["/c/en/brunei","/c/en/country","/c/en/indonesia"],"weight":0.20800000000000002,"degrees":[268,2796,549]},"num_concepts_raised":581},{"base_id":906,"kind":"top_words","i1":6,"i2":9,"sol":{"path":["/c/en/brunei","/c/en/malay","/c/en/malaysian"],"weight":0.20600000000000002,"degrees":[268,179,88]},"num_concepts_raised":240},{"base_id":906,"kind":"top_words","i1":7,"i2":8,"sol":{"path":["/c/en/indonesian","/c/en/indonesia"],"weight":0.20700000000000002,"degrees":[151,549]},"num_concepts_raised":519},{"base_id":906,"kind":"top_words","i1":7,"i2":9,"sol":{"path":["/c/en/indonesian","/c/en/malay","/c/en/malaysian"],"weight":0.20400000000000001,"degrees":[151,179,88]},"num_concepts_raised":180},{"base_id":906,"kind":"top_words","i1":8,"i2":9,"sol":{"path":["/c/en/indonesia","/c/en/malay","/c/en/malaysian"],"weight":0.20600000000000002,"degrees":[549,179,88]},"num_concepts_raised":481}]]