[[{"base_id":602,"kind":"bot_words","i1":0,"i2":1,"sol":{"path":["/c/en/boxers","/c/en/drawers","/c/en/slang","/c/en/bus"],"weight":0.22730999999999935,"degrees":[38,95,16318,1052]},"num_concepts_raised":86849},{"base_id":602,"kind":"bot_words","i1":0,"i2":2,"sol":{"path":["/c/en/boxers","/c/en/fight","/c/en/play","/c/en/modulate","/c/en/modulator"],"weight":0.20400999999999986,"degrees":[38,1902,3092,135,46]},"num_concepts_raised":6215},{"base_id":602,"kind":"bot_words","i1":0,"i2":3,"sol":{"path":["/c/en/boxers","/c/en/pants","/c/en/body","/c/en/disease","/c/en/infertility"],"weight":0.20904999999999957,"degrees":[38,547,3170,4216,131]},"num_concepts_raised":10235},{"base_id":602,"kind":"bot_words","i1":0,"i2":4,"sol":{"path":["/c/en/boxers","/c/en/drawers","/c/en/desk","/c/en/reception","/c/en/demodulation"],"weight":0.20379999999999981,"degrees":[38,95,847,489,26]},"num_concepts_raised":7000},{"base_id":602,"kind":"bot_words","i1":0,"i2":5,"sol":{"path":["/c/en/boxers","/c/en/fight","/c/en/act","/c/en/remand"],"weight":0.20308999999999977,"degrees":[38,1902,2503,56]},"num_concepts_raised":13012},{"base_id":602,"kind":"bot_words","i1":0,"i2":6,"sol":{"path":["/c/en/boxers","/c/en/fight","/c/en/play","/c/en/notice","/c/en/announcement"],"weight":0.20927999999999902,"degrees":[38,1902,3092,971,376]},"num_concepts_raised":17857},{"base_id":602,"kind":"bot_words","i1":0,"i2":7,"sol":{"path":["/c/en/boxers","/c/en/drawers","/c/en/slang","/c/en/monk","/c/en/hieromonk"],"weight":0.20401999999999987,"degrees":[38,95,16318,723,30]},"num_concepts_raised":5403},{"base_id":602,"kind":"bot_words","i1":0,"i2":8,"sol":{"path":["/c/en/boxers","/c/en/drawers","/c/en/slang","/c/en/affair","/c/en/tryst"],"weight":0.20471999999999968,"degrees":[38,95,16318,685,99]},"num_concepts_raised":9479},{"base_id":602,"kind":"bot_words","i1":0,"i2":9,"sol":{"path":["/c/en/boxers","/c/en/briefs","/c/en/band","/c/en/aaron","/c/en/moses"],"weight":0.21381000000000006,"degrees":[38,186,1893,179,252]},"num_concepts_raised":22069},{"base_id":602,"kind":"bot_words","i1":1,"i2":2,"sol":{"path":["/c/en/bus","/c/fr/informatique","/c/en/modulator"],"weight":0.20600000000000002,"degrees":[1052,2052,46]},"num_concepts_raised":776},{"base_id":602,"kind":"bot_words","i1":1,"i2":3,"sol":{"path":["/c/en/bus","/c/en/car","/c/en/children","/c/en/infertility"],"weight":0.23733999999999908,"degrees":[1052,2328,992,131]},"num_concepts_raised":89122},{"base_id":602,"kind":"bot_words","i1":1,"i2":4,"sol":{"path":["/c/en/bus","/c/cs/sběrnice","/c/en/electronics","/c/en/demodulation"],"weight":0.2280399999999994,"degrees":[1052,5,1297,26]},"num_concepts_raised":85828},{"base_id":602,"kind":"bot_words","i1":1,"i2":5,"sol":{"path":["/c/en/bus","/c/en/transport","/c/en/return","/c/en/remand"],"weight":0.2311899999999993,"degrees":[1052,1411,1609,56]},"num_concepts_raised":91025},{"base_id":602,"kind":"bot_words","i1":1,"i2":6,"sol":{"path":["/c/en/bus","/c/en/car","/c/en/new","/c/en/announcement"],"weight":0.23484999999999856,"degrees":[1052,2328,1234,376]},"num_concepts_raised":95579},{"base_id":602,"kind":"bot_words","i1":1,"i2":7,"sol":{"path":["/c/en/bus","/c/en/people","/c/en/monk","/c/en/hieromonk"],"weight":0.22635999999999945,"degrees":[1052,4475,723,30]},"num_concepts_raised":84675},{"base_id":602,"kind":"bot_words","i1":1,"i2":8,"sol":{"path":["/c/en/bus","/c/en/people","/c/en/date","/c/en/tryst"],"weight":0.22744999999999924,"degrees":[1052,4475,1320,99]},"num_concepts_raised":88223},{"base_id":602,"kind":"bot_words","i1":1,"i2":9,"sol":{"path":["/c/en/bus","/c/en/us","/c/en/moses"],"weight":0.20800000000000002,"degrees":[1052,8154,252]},"num_concepts_raised":917},{"base_id":602,"kind":"bot_words","i1":2,"i2":3,"sol":{"path":["/c/en/modulator","/c/en/modulate","/c/en/play","/c/en/children","/c/en/infertility"],"weight":0.21009999999999965,"degrees":[46,135,3092,992,131]},"num_concepts_raised":8553},{"base_id":602,"kind":"bot_words","i1":2,"i2":4,"sol":{"path":["/c/en/modulator","/c/en/modulate","/c/en/modulation","/c/en/demodulation"],"weight":0.20499999999999993,"degrees":[46,135,160,26]},"num_concepts_raised":5269},{"base_id":602,"kind":"bot_words","i1":2,"i2":5,"sol":{"path":["/c/en/modulator","/c/en/modulate","/c/ar/عدل","/c/fr/justice","/c/en/remand"],"weight":0.20526999999999987,"degrees":[46,135,147,701,56]},"num_concepts_raised":11349},{"base_id":602,"kind":"bot_words","i1":2,"i2":6,"sol":{"path":["/c/en/modulator","/c/fr/informatique","/c/en/statement","/c/en/announcement"],"weight":0.2069999999999991,"degrees":[46,2052,847,376]},"num_concepts_raised":16189},{"base_id":602,"kind":"bot_words","i1":2,"i2":7,"sol":{"path":["/c/en/modulator","/c/en/biomodulator","/c/en/response","/c/en/priest","/c/en/hieromonk"],"weight":0.20305999999999996,"degrees":[46,7,531,1101,30]},"num_concepts_raised":3712},{"base_id":602,"kind":"bot_words","i1":2,"i2":8,"sol":{"path":["/c/en/modulator","/c/en/modulate","/c/en/play","/c/en/date","/c/en/tryst"],"weight":0.2051899999999998,"degrees":[46,135,3092,1320,99]},"num_concepts_raised":7822},{"base_id":602,"kind":"bot_words","i1":2,"i2":9,"sol":{"path":["/c/en/modulator","/c/fr/informatique","/c/fr/corbeille","/c/fr/moïse","/c/en/moses"],"weight":0.21655000000000013,"degrees":[46,2052,213,95,252]},"num_concepts_raised":20458},{"base_id":602,"kind":"bot_words","i1":3,"i2":4,"sol":{"path":["/c/en/infertility","/c/en/fertility","/c/en/number","/c/en/inverse","/c/en/demodulation"],"weight":0.21083999999999964,"degrees":[131,267,2301,297,26]},"num_concepts_raised":9326},{"base_id":602,"kind":"bot_words","i1":3,"i2":5,"sol":{"path":["/c/en/infertility","/c/en/adopt","/c/en/custody","/c/en/remand"],"weight":0.21014999999999956,"degrees":[131,572,204,56]},"num_concepts_raised":15329},{"base_id":602,"kind":"bot_words","i1":3,"i2":6,"sol":{"path":["/c/en/infertility","/c/en/fertility","/c/en/birth","/c/en/announcement"],"weight":0.2145699999999988,"degrees":[131,267,895,376]},"num_concepts_raised":20151},{"base_id":602,"kind":"bot_words","i1":3,"i2":7,"sol":{"path":["/c/en/infertility","/c/en/infertile","/c/en/person","/c/en/monk","/c/en/hieromonk"],"weight":0.21120999999999965,"degrees":[131,135,12935,723,30]},"num_concepts_raised":7744},{"base_id":602,"kind":"bot_words","i1":3,"i2":8,"sol":{"path":["/c/en/infertility","/c/en/infertile","/c/en/person","/c/en/date","/c/en/tryst"],"weight":0.2122999999999995,"degrees":[131,135,12935,1320,99]},"num_concepts_raised":11821},{"base_id":602,"kind":"bot_words","i1":3,"i2":9,"sol":{"path":["/c/en/infertility","/c/en/disease","/c/en/mosaic","/c/en/moses"],"weight":0.21754999999999985,"degrees":[131,4216,331,252]},"num_concepts_raised":24384},{"base_id":602,"kind":"bot_words","i1":4,"i2":5,"sol":{"path":["/c/en/demodulation","/c/en/electronics","/c/en/default","/c/fr/justice","/c/en/remand"],"weight":0.20399999999999985,"degrees":[26,1297,218,701,56]},"num_concepts_raised":12082},{"base_id":602,"kind":"bot_words","i1":4,"i2":6,"sol":{"path":["/c/en/demodulation","/c/en/signal","/c/en/message","/c/en/announcement"],"weight":0.2066999999999991,"degrees":[26,912,918,376]},"num_concepts_raised":16886},{"base_id":602,"kind":"bot_words","i1":4,"i2":7,"sol":{"path":["/c/en/demodulation","/c/en/electronics","/c/en/order","/c/en/monk","/c/en/hieromonk"],"weight":0.20285999999999993,"degrees":[26,1297,2833,723,30]},"num_concepts_raised":4499},{"base_id":602,"kind":"bot_words","i1":4,"i2":8,"sol":{"path":["/c/en/demodulation","/c/en/reception","/c/en/meeting","/c/en/tryst"],"weight":0.20366999999999977,"degrees":[26,489,1097,99]},"num_concepts_raised":8563},{"base_id":602,"kind":"bot_words","i1":4,"i2":9,"sol":{"path":["/c/en/demodulation","/c/en/carrier","/c/en/horse","/c/en/moses"],"weight":0.21130000000000015,"degrees":[26,437,3068,252]},"num_concepts_raised":21172},{"base_id":602,"kind":"bot_words","i1":5,"i2":6,"sol":{"path":["/c/en/remand","/c/en/review","/c/en/notice","/c/en/announcement"],"weight":0.20949999999999902,"degrees":[56,714,971,376]},"num_concepts_raised":22643},{"base_id":602,"kind":"bot_words","i1":5,"i2":7,"sol":{"path":["/c/en/remand","/c/fr/justice","/c/fr/religion","/c/fr/hiéromoine","/c/en/hieromonk"],"weight":0.2051299999999999,"degrees":[56,701,6634,13,30]},"num_concepts_raised":10543},{"base_id":602,"kind":"bot_words","i1":5,"i2":8,"sol":{"path":["/c/en/remand","/c/fr/justice","/c/en/assignation","/c/en/tryst"],"weight":0.20488999999999968,"degrees":[56,701,43,99]},"num_concepts_raised":14482},{"base_id":602,"kind":"bot_words","i1":5,"i2":9,"sol":{"path":["/c/en/remand","/c/en/court","/c/en/us","/c/en/moses"],"weight":0.21165000000000006,"degrees":[56,1616,8154,252]},"num_concepts_raised":27054},{"base_id":602,"kind":"bot_words","i1":6,"i2":7,"sol":{"path":["/c/en/announcement","/c/en/proclamation","/c/ja/ほうしょう","/c/en/priest","/c/en/hieromonk"],"weight":0.20906999999999915,"degrees":[376,168,95,1101,30]},"num_concepts_raised":15428},{"base_id":602,"kind":"bot_words","i1":6,"i2":8,"sol":{"path":["/c/en/announcement","/c/en/news","/c/en/date","/c/en/tryst"],"weight":0.20785999999999893,"degrees":[376,1317,1320,99]},"num_concepts_raised":19279},{"base_id":602,"kind":"bot_words","i1":6,"i2":9,"sol":{"path":["/c/en/announcement","/c/en/news","/c/en/jew","/c/en/moses"],"weight":0.21523999999999932,"degrees":[376,1317,382,252]},"num_concepts_raised":31792},{"base_id":602,"kind":"bot_words","i1":7,"i2":8,"sol":{"path":["/c/en/hieromonk","/c/fr/hiéromoine","/c/fr/ordonner","/c/en/arrange","/c/en/tryst"],"weight":0.2045899999999998,"degrees":[30,13,319,1016,99]},"num_concepts_raised":7004},{"base_id":602,"kind":"bot_words","i1":7,"i2":9,"sol":{"path":["/c/en/hieromonk","/c/en/priest","/c/en/patriarch","/c/en/moses"],"weight":0.21148000000000017,"degrees":[30,1101,258,252]},"num_concepts_raised":19611},{"base_id":602,"kind":"bot_words","i1":8,"i2":9,"sol":{"path":["/c/en/tryst","/c/en/meeting","/c/en/us","/c/en/moses"],"weight":0.21234999999999998,"degrees":[99,1097,8154,252]},"num_concepts_raised":23644}],[{"base_id":602,"kind":"top_words","i1":0,"i2":1,"sol":{"path":["/c/en/photovoltaic","/c/en/photovoltaics","/c/en/electricity","/c/en/hydroelectric"],"weight":0.20466999999999985,"degrees":[48,55,1283,66]},"num_concepts_raised":19114},{"base_id":602,"kind":"top_words","i1":0,"i2":2,"sol":{"path":["/c/en/photovoltaic","/c/en/photovoltaics","/c/en/electricity","/c/en/cogeneration"],"weight":0.20952999999999983,"degrees":[48,55,1283,60]},"num_concepts_raised":17033},{"base_id":602,"kind":"top_words","i1":0,"i2":3,"sol":{"path":["/c/en/photovoltaic","/c/fr/physique","/c/en/megawatt"],"weight":0.202,"degrees":[48,6029,44]},"num_concepts_raised":74},{"base_id":602,"kind":"top_words","i1":0,"i2":4,"sol":{"path":["/c/en/photovoltaic","/c/en/light","/c/en/energy","/c/en/hydropower"],"weight":0.20894999999999983,"degrees":[48,4288,1631,83]},"num_concepts_raised":15873},{"base_id":602,"kind":"top_words","i1":0,"i2":5,"sol":{"path":["/c/en/photovoltaic","/c/en/photoelectric","/c/en/electric","/c/en/thermoelectric"],"weight":0.20339999999999997,"degrees":[48,54,581,48]},"num_concepts_raised":11315},{"base_id":602,"kind":"top_words","i1":0,"i2":6,"sol":{"path":["/c/en/photovoltaic","/c/en/photovoltaics","/c/en/electricity","/c/en/hydroelectricity"],"weight":0.21179999999999985,"degrees":[48,55,1283,76]},"num_concepts_raised":18269},{"base_id":602,"kind":"top_words","i1":0,"i2":7,"sol":{"path":["/c/en/photovoltaic","/c/fr/physique","/c/fr/action","/c/fr/dessalement","/c/en/desalination"],"weight":0.2135899999999999,"degrees":[48,6029,4713,22,132]},"num_concepts_raised":14807},{"base_id":602,"kind":"top_words","i1":0,"i2":8,"sol":{"path":["/c/en/photovoltaic","/c/en/light","/c/en/energy","/c/en/geothermal"],"weight":0.20364999999999994,"degrees":[48,4288,1631,58]},"num_concepts_raised":16930},{"base_id":602,"kind":"top_words","i1":0,"i2":9,"sol":{"path":["/c/en/photovoltaic","/c/fr/physique","/c/en/kilowatt"],"weight":0.202,"degrees":[48,6029,73]},"num_concepts_raised":90},{"base_id":602,"kind":"top_words","i1":1,"i2":2,"sol":{"path":["/c/en/hydroelectric","/c/en/electricity","/c/en/cogeneration"],"weight":0.20400000000000001,"degrees":[66,1283,60]},"num_concepts_raised":103},{"base_id":602,"kind":"top_words","i1":1,"i2":3,"sol":{"path":["/c/en/hydroelectric","/c/fr/hydroélectrique","/c/fr/électricité","/c/en/megawatt"],"weight":0.20550999999999983,"degrees":[66,24,1994,44]},"num_concepts_raised":17571},{"base_id":602,"kind":"top_words","i1":1,"i2":4,"sol":{"path":["/c/en/hydroelectric","/c/en/hydropower"],"weight":0.20600000000000002,"degrees":[66,83]},"num_concepts_raised":117},{"base_id":602,"kind":"top_words","i1":1,"i2":5,"sol":{"path":["/c/en/hydroelectric","/c/en/electricity","/c/en/thermoelectricity","/c/en/thermoelectric"],"weight":0.20466999999999988,"degrees":[66,1283,39,48]},"num_concepts_raised":9248},{"base_id":602,"kind":"top_words","i1":1,"i2":6,"sol":{"path":["/c/en/hydroelectric","/c/en/hydroelectricity"],"weight":0.20400000000000001,"degrees":[66,76]},"num_concepts_raised":111},{"base_id":602,"kind":"top_words","i1":1,"i2":7,"sol":{"path":["/c/en/hydroelectric","/c/en/water","/c/en/salt","/c/en/desalination"],"weight":0.2097899999999998,"degrees":[66,4606,2754,132]},"num_concepts_raised":12668},{"base_id":602,"kind":"top_words","i1":1,"i2":8,"sol":{"path":["/c/en/hydroelectric","/c/en/energy","/c/en/geothermal"],"weight":0.202,"degrees":[66,1631,58]},"num_concepts_raised":101},{"base_id":602,"kind":"top_words","i1":1,"i2":9,"sol":{"path":["/c/en/hydroelectric","/c/en/power","/c/en/watt","/c/en/kilowatt"],"weight":0.20621999999999982,"degrees":[66,2205,227,73]},"num_concepts_raised":17645},{"base_id":602,"kind":"top_words","i1":2,"i2":3,"sol":{"path":["/c/en/cogeneration","/c/en/energy","/c/en/watt","/c/en/megawatt"],"weight":0.20952999999999977,"degrees":[60,1631,227,44]},"num_concepts_raised":15507},{"base_id":602,"kind":"top_words","i1":2,"i2":4,"sol":{"path":["/c/en/cogeneration","/c/en/energy","/c/en/hydropower"],"weight":0.20600000000000002,"degrees":[60,1631,83]},"num_concepts_raised":120},{"base_id":602,"kind":"top_words","i1":2,"i2":5,"sol":{"path":["/c/en/cogeneration","/c/en/electricity","/c/en/thermoelectricity","/c/en/thermoelectric"],"weight":0.20953999999999984,"degrees":[60,1283,39,48]},"num_concepts_raised":7183},{"base_id":602,"kind":"top_words","i1":2,"i2":6,"sol":{"path":["/c/en/cogeneration","/c/en/electricity","/c/en/hydroelectricity"],"weight":0.20700000000000002,"degrees":[60,1283,76]},"num_concepts_raised":113},{"base_id":602,"kind":"top_words","i1":2,"i2":7,"sol":{"path":["/c/en/cogeneration","/c/en/heat","/c/en/salt","/c/en/desalination"],"weight":0.21465999999999977,"degrees":[60,2046,2754,132]},"num_concepts_raised":10657},{"base_id":602,"kind":"top_words","i1":2,"i2":8,"sol":{"path":["/c/en/cogeneration","/c/en/energy","/c/en/geothermal"],"weight":0.20400000000000001,"degrees":[60,1631,58]},"num_concepts_raised":94},{"base_id":602,"kind":"top_words","i1":2,"i2":9,"sol":{"path":["/c/en/cogeneration","/c/en/energy","/c/en/watt","/c/en/kilowatt"],"weight":0.21105999999999975,"degrees":[60,1631,227,73]},"num_concepts_raised":15581},{"base_id":602,"kind":"top_words","i1":3,"i2":4,"sol":{"path":["/c/en/megawatt","/c/en/watt","/c/en/energy","/c/en/hydropower"],"weight":0.2098799999999998,"degrees":[44,227,1631,83]},"num_concepts_raised":14335},{"base_id":602,"kind":"top_words","i1":3,"i2":5,"sol":{"path":["/c/en/megawatt","/c/en/watt","/c/en/electric","/c/en/thermoelectric"],"weight":0.20428999999999992,"degrees":[44,227,581,48]},"num_concepts_raised":9743},{"base_id":602,"kind":"top_words","i1":3,"i2":6,"sol":{"path":["/c/en/megawatt","/c/en/watt","/c/en/electricity","/c/en/hydroelectricity"],"weight":0.2117199999999998,"degrees":[44,227,1283,76]},"num_concepts_raised":16721},{"base_id":602,"kind":"top_words","i1":3,"i2":7,"sol":{"path":["/c/en/megawatt","/c/fr/physique","/c/fr/action","/c/fr/dessalement","/c/en/desalination"],"weight":0.21353999999999984,"degrees":[44,6029,4713,22,132]},"num_concepts_raised":13226},{"base_id":602,"kind":"top_words","i1":3,"i2":8,"sol":{"path":["/c/en/megawatt","/c/en/watt","/c/en/energy","/c/en/geothermal"],"weight":0.2045599999999999,"degrees":[44,227,1631,58]},"num_concepts_raised":15448},{"base_id":602,"kind":"top_words","i1":3,"i2":9,"sol":{"path":["/c/en/megawatt","/c/en/kilowatt"],"weight":0.202,"degrees":[44,73]},"num_concepts_raised":85},{"base_id":602,"kind":"top_words","i1":4,"i2":5,"sol":{"path":["/c/en/hydropower","/c/en/power","/c/en/electric","/c/en/thermoelectric"],"weight":0.20886999999999986,"degrees":[83,2205,581,48]},"num_concepts_raised":5941},{"base_id":602,"kind":"top_words","i1":4,"i2":6,"sol":{"path":["/c/en/hydropower","/c/en/hydroelectricity"],"weight":0.20600000000000002,"degrees":[83,76]},"num_concepts_raised":128},{"base_id":602,"kind":"top_words","i1":4,"i2":7,"sol":{"path":["/c/en/hydropower","/c/en/tangible_thing","/c/en/salt","/c/en/desalination"],"weight":0.2149299999999998,"degrees":[83,1925,2754,132]},"num_concepts_raised":9395},{"base_id":602,"kind":"top_words","i1":4,"i2":8,"sol":{"path":["/c/en/hydropower","/c/en/energy","/c/en/geothermal"],"weight":0.20400000000000001,"degrees":[83,1631,58]},"num_concepts_raised":117},{"base_id":602,"kind":"top_words","i1":4,"i2":9,"sol":{"path":["/c/en/hydropower","/c/en/energy","/c/en/watt","/c/en/kilowatt"],"weight":0.2114099999999998,"degrees":[83,1631,227,73]},"num_concepts_raised":14412},{"base_id":602,"kind":"top_words","i1":5,"i2":6,"sol":{"path":["/c/en/thermoelectric","/c/en/thermoelectricity","/c/en/electricity","/c/en/hydroelectricity"],"weight":0.21180999999999983,"degrees":[48,39,1283,76]},"num_concepts_raised":8396},{"base_id":602,"kind":"top_words","i1":5,"i2":7,"sol":{"path":["/c/en/thermoelectric","/c/en/thermoelectricity","/c/en/heat","/c/en/salt","/c/en/desalination"],"weight":0.2105699999999999,"degrees":[48,39,2046,2754,132]},"num_concepts_raised":4796},{"base_id":602,"kind":"top_words","i1":5,"i2":8,"sol":{"path":["/c/en/thermoelectric","/c/en/thermoelectricity","/c/en/heat","/c/en/geothermal"],"weight":0.20456999999999997,"degrees":[48,39,2046,58]},"num_concepts_raised":7071},{"base_id":602,"kind":"top_words","i1":5,"i2":9,"sol":{"path":["/c/en/thermoelectric","/c/en/electric","/c/en/watt","/c/en/kilowatt"],"weight":0.2058099999999999,"degrees":[48,581,227,73]},"num_concepts_raised":9822},{"base_id":602,"kind":"top_words","i1":6,"i2":7,"sol":{"path":["/c/en/hydroelectricity","/c/en/water","/c/en/salt","/c/en/desalination"],"weight":0.2148799999999998,"degrees":[76,4606,2754,132]},"num_concepts_raised":11810},{"base_id":602,"kind":"top_words","i1":6,"i2":8,"sol":{"path":["/c/en/hydroelectricity","/c/en/energy","/c/en/geothermal"],"weight":0.20400000000000001,"degrees":[76,1631,58]},"num_concepts_raised":110},{"base_id":602,"kind":"top_words","i1":6,"i2":9,"sol":{"path":["/c/en/hydroelectricity","/c/en/electricity","/c/en/watt","/c/en/kilowatt"],"weight":0.2132299999999998,"degrees":[76,1283,227,73]},"num_concepts_raised":16795},{"base_id":602,"kind":"top_words","i1":7,"i2":8,"sol":{"path":["/c/en/desalination","/c/en/salt","/c/en/heat","/c/en/geothermal"],"weight":0.20974999999999988,"degrees":[132,2754,2046,58]},"num_concepts_raised":10467},{"base_id":602,"kind":"top_words","i1":7,"i2":9,"sol":{"path":["/c/en/desalination","/c/fr/dessalement","/c/fr/action","/c/fr/physique","/c/en/kilowatt"],"weight":0.21406999999999984,"degrees":[132,22,4713,6029,73]},"num_concepts_raised":13305},{"base_id":602,"kind":"top_words","i1":8,"i2":9,"sol":{"path":["/c/en/geothermal","/c/en/energy","/c/en/watt","/c/en/kilowatt"],"weight":0.2060899999999999,"degrees":[58,1631,227,73]},"num_concepts_raised":15526}]]