[[{"base_id":722,"kind":"bot_words","i1":0,"i2":1,"sol":{"path":["/c/en/rajasthani","/c/en/romani","/c/en/human","/c/en/skin","/c/en/tegument"],"weight":0.20382999999999993,"degrees":[23,107,2645,2372,28]},"num_concepts_raised":16258},{"base_id":722,"kind":"bot_words","i1":0,"i2":2,"sol":{"path":["/c/en/rajasthani","/c/en/rajasthan","/c/en/india","/c/en/mixture","/c/en/chemistry","/c/en/oxidizer"],"weight":0.21072179999999824,"degrees":[23,75,1846,671,11754,25]},"num_concepts_raised":419128},{"base_id":722,"kind":"bot_words","i1":0,"i2":3,"sol":{"path":["/c/en/rajasthani","/c/en/pakistan","/c/en/chick","/c/en/bird","/c/en/petrel"],"weight":0.20542999999999967,"degrees":[23,559,671,4970,136]},"num_concepts_raised":6334},{"base_id":722,"kind":"bot_words","i1":0,"i2":4,"sol":{"path":["/c/en/rajasthani","/c/en/pakistan","/c/en/state","/c/en/estate"],"weight":0.20966999999999836,"degrees":[23,559,3243,568]},"num_concepts_raised":44888},{"base_id":722,"kind":"bot_words","i1":0,"i2":5,"sol":{"path":["/c/en/rajasthani","/c/en/rajasthan","/c/en/stan","/c/en/slang","/c/en/chow"],"weight":0.20799999999999977,"degrees":[23,75,72,16318,118]},"num_concepts_raised":37247},{"base_id":722,"kind":"bot_words","i1":0,"i2":6,"sol":{"path":["/c/en/rajasthani","/c/en/romani","/c/en/human","/c/en/african","/c/en/ugandan"],"weight":0.2044899999999999,"degrees":[23,107,2645,561,76]},"num_concepts_raised":20894},{"base_id":722,"kind":"bot_words","i1":0,"i2":7,"sol":{"path":["/c/en/rajasthani","/c/en/romani","/c/en/rom","/c/en/software","/c/en/arachne"],"weight":0.21246999999999983,"degrees":[23,107,221,1812,83]},"num_concepts_raised":5397},{"base_id":722,"kind":"bot_words","i1":0,"i2":8,"sol":{"path":["/c/en/rajasthani","/c/en/indo_aryan","/c/en/dom","/c/en/ness"],"weight":0.20628999999999997,"degrees":[23,56,158,284]},"num_concepts_raised":23385},{"base_id":722,"kind":"bot_words","i1":0,"i2":9,"sol":{"path":["/c/en/rajasthani","/c/en/rajasthan","/c/en/india","/c/en/rani","/c/en/maharani"],"weight":0.20576999999999993,"degrees":[23,75,1846,52,25]},"num_concepts_raised":1147},{"base_id":722,"kind":"bot_words","i1":1,"i2":2,"sol":{"path":["/c/en/tegument","/c/en/skin","/c/en/coat","/c/en/oxidize","/c/en/oxidizer"],"weight":0.20484999999999992,"degrees":[28,2372,1193,142,25]},"num_concepts_raised":31440},{"base_id":722,"kind":"bot_words","i1":1,"i2":3,"sol":{"path":["/c/en/tegument","/c/en/skin","/c/en/animal","/c/en/bird","/c/en/petrel"],"weight":0.20662999999999968,"degrees":[28,2372,3735,4970,136]},"num_concepts_raised":21204},{"base_id":722,"kind":"bot_words","i1":1,"i2":4,"sol":{"path":["/c/en/tegument","/c/en/skin","/c/en/place","/c/en/estate"],"weight":0.20976999999999837,"degrees":[28,2372,3314,568]},"num_concepts_raised":59513},{"base_id":722,"kind":"bot_words","i1":1,"i2":5,"sol":{"path":["/c/en/tegument","/c/en/skin","/c/en/slang","/c/en/chow"],"weight":0.20711999999999978,"degrees":[28,2372,16318,118]},"num_concepts_raised":51937},{"base_id":722,"kind":"bot_words","i1":1,"i2":6,"sol":{"path":["/c/en/tegument","/c/en/skin","/c/en/uk","/c/en/ugandan"],"weight":0.2045499999999999,"degrees":[28,2372,5562,76]},"num_concepts_raised":35664},{"base_id":722,"kind":"bot_words","i1":1,"i2":7,"sol":{"path":["/c/en/tegument","/c/en/skin","/c/en/slang","/c/en/spider","/c/en/arachne"],"weight":0.21368999999999982,"degrees":[28,2372,16318,775,83]},"num_concepts_raised":20297},{"base_id":722,"kind":"bot_words","i1":1,"i2":8,"sol":{"path":["/c/en/tegument","/c/en/covering","/c/en/hood","/c/en/ness"],"weight":0.20837999999999995,"degrees":[28,704,714,284]},"num_concepts_raised":37805},{"base_id":722,"kind":"bot_words","i1":1,"i2":9,"sol":{"path":["/c/en/tegument","/c/en/skin","/c/en/musical_artist","/c/en/princess","/c/en/maharani"],"weight":0.20379999999999993,"degrees":[28,2372,462,454,25]},"num_concepts_raised":16095},{"base_id":722,"kind":"bot_words","i1":2,"i2":3,"sol":{"path":["/c/en/oxidizer","/c/en/oxidize","/c/en/electron","/c/en/bird","/c/en/petrel"],"weight":0.20642999999999967,"degrees":[25,142,650,4970,136]},"num_concepts_raised":21555},{"base_id":722,"kind":"bot_words","i1":2,"i2":4,"sol":{"path":["/c/en/oxidizer","/c/en/chemistry","/c/en/class","/c/en/estate"],"weight":0.20863999999999835,"degrees":[25,11754,1926,568]},"num_concepts_raised":59752},{"base_id":722,"kind":"bot_words","i1":2,"i2":5,"sol":{"path":["/c/en/oxidizer","/c/en/rocket","/c/en/slang","/c/en/chow"],"weight":0.20592999999999975,"degrees":[25,651,16318,118]},"num_concepts_raised":52329},{"base_id":722,"kind":"bot_words","i1":2,"i2":6,"sol":{"path":["/c/en/oxidizer","/c/en/fuel","/c/en/energy","/c/en/uganda","/c/en/ugandan"],"weight":0.2045499999999999,"degrees":[25,725,1631,299,76]},"num_concepts_raised":36010},{"base_id":722,"kind":"bot_words","i1":2,"i2":7,"sol":{"path":["/c/en/oxidizer","/c/en/rocket","/c/en/athena","/c/en/arachne"],"weight":0.2124699999999998,"degrees":[25,651,217,83]},"num_concepts_raised":20609},{"base_id":722,"kind":"bot_words","i1":2,"i2":8,"sol":{"path":["/c/en/oxidizer","/c/en/rocket","/c/en/ship","/c/en/ness"],"weight":0.20789999999999997,"degrees":[25,651,2104,284]},"num_concepts_raised":38465},{"base_id":722,"kind":"bot_words","i1":2,"i2":9,"sol":{"path":["/c/en/oxidizer","/c/en/chemistry","/c/en/crown","/c/en/princess","/c/en/maharani"],"weight":0.20265999999999992,"degrees":[25,11754,1373,454,25]},"num_concepts_raised":16397},{"base_id":722,"kind":"bot_words","i1":3,"i2":4,"sol":{"path":["/c/en/petrel","/c/en/bird","/c/en/class","/c/en/estate"],"weight":0.21136999999999811,"degrees":[136,4970,1926,568]},"num_concepts_raised":49783},{"base_id":722,"kind":"bot_words","i1":3,"i2":5,"sol":{"path":["/c/en/petrel","/c/en/bird","/c/en/slang","/c/en/chow"],"weight":0.20872999999999953,"degrees":[136,4970,16318,118]},"num_concepts_raised":42071},{"base_id":722,"kind":"bot_words","i1":3,"i2":6,"sol":{"path":["/c/en/petrel","/c/en/bird","/c/en/uk","/c/en/ugandan"],"weight":0.20615999999999962,"degrees":[136,4970,5562,76]},"num_concepts_raised":25821},{"base_id":722,"kind":"bot_words","i1":3,"i2":7,"sol":{"path":["/c/en/petrel","/c/en/bird","/c/en/animal","/c/en/spider","/c/en/arachne"],"weight":0.21533999999999956,"degrees":[136,4970,3735,775,83]},"num_concepts_raised":10399},{"base_id":722,"kind":"bot_words","i1":3,"i2":8,"sol":{"path":["/c/en/petrel","/c/en/bird","/c/en/slang","/c/en/hood","/c/en/ness"],"weight":0.21108999999999972,"degrees":[136,4970,16318,714,284]},"num_concepts_raised":28333},{"base_id":722,"kind":"bot_words","i1":3,"i2":9,"sol":{"path":["/c/en/petrel","/c/en/bird","/c/en/high","/c/en/princess","/c/en/maharani"],"weight":0.20540999999999968,"degrees":[136,4970,1658,454,25]},"num_concepts_raised":6171},{"base_id":722,"kind":"bot_words","i1":4,"i2":5,"sol":{"path":["/c/en/estate","/c/en/manor","/c/en/slang","/c/en/chow"],"weight":0.21298999999999824,"degrees":[568,224,16318,118]},"num_concepts_raised":78529},{"base_id":722,"kind":"bot_words","i1":4,"i2":6,"sol":{"path":["/c/en/estate","/c/en/land","/c/en/person","/c/en/ugandan"],"weight":0.21122999999999836,"degrees":[568,2465,12935,76]},"num_concepts_raised":62981},{"base_id":722,"kind":"bot_words","i1":4,"i2":7,"sol":{"path":["/c/en/estate","/c/en/office","/c/en/software","/c/en/arachne"],"weight":0.21823999999999827,"degrees":[568,1568,1812,83]},"num_concepts_raised":48789},{"base_id":722,"kind":"bot_words","i1":4,"i2":8,"sol":{"path":["/c/en/estate","/c/fr/état","/c/en/hood","/c/en/ness"],"weight":0.2172599999999984,"degrees":[568,2015,714,284]},"num_concepts_raised":65553},{"base_id":722,"kind":"bot_words","i1":4,"i2":9,"sol":{"path":["/c/en/estate","/c/fr/état","/c/fr/reine","/c/en/rani","/c/en/maharani"],"weight":0.2125899999999984,"degrees":[568,2015,257,52,25]},"num_concepts_raised":44707},{"base_id":722,"kind":"bot_words","i1":5,"i2":6,"sol":{"path":["/c/en/chow","/c/en/slang","/c/en/uk","/c/en/ugandan"],"weight":0.20671999999999974,"degrees":[118,16318,5562,76]},"num_concepts_raised":54851},{"base_id":722,"kind":"bot_words","i1":5,"i2":7,"sol":{"path":["/c/en/chow","/c/en/slang","/c/en/spider","/c/en/arachne"],"weight":0.21580999999999967,"degrees":[118,16318,775,83]},"num_concepts_raised":41174},{"base_id":722,"kind":"bot_words","i1":5,"i2":8,"sol":{"path":["/c/en/chow","/c/en/slang","/c/en/hood","/c/en/ness"],"weight":0.2116099999999998,"degrees":[118,16318,714,284]},"num_concepts_raised":58475},{"base_id":722,"kind":"bot_words","i1":5,"i2":9,"sol":{"path":["/c/en/chow","/c/en/slang","/c/en/queen","/c/en/princess","/c/en/maharani"],"weight":0.20598999999999978,"degrees":[118,16318,1021,454,25]},"num_concepts_raised":37125},{"base_id":722,"kind":"bot_words","i1":6,"i2":7,"sol":{"path":["/c/en/ugandan","/c/en/uk","/c/en/spider","/c/en/arachne"],"weight":0.21325999999999978,"degrees":[76,5562,775,83]},"num_concepts_raised":24869},{"base_id":722,"kind":"bot_words","i1":6,"i2":8,"sol":{"path":["/c/en/ugandan","/c/fr/ougandais","/c/fr/géographie","/c/en/ness"],"weight":0.21024999999999994,"degrees":[76,55,8043,284]},"num_concepts_raised":42462},{"base_id":722,"kind":"bot_words","i1":6,"i2":9,"sol":{"path":["/c/en/ugandan","/c/en/person","/c/en/princess","/c/en/maharani"],"weight":0.2034699999999999,"degrees":[76,12935,454,25]},"num_concepts_raised":20727},{"base_id":722,"kind":"bot_words","i1":7,"i2":8,"sol":{"path":["/c/en/arachne","/c/en/athena","/c/en/ship","/c/en/ness"],"weight":0.21773999999999988,"degrees":[83,217,2104,284]},"num_concepts_raised":27373},{"base_id":722,"kind":"bot_words","i1":7,"i2":9,"sol":{"path":["/c/en/arachne","/c/en/greek_mythology","/c/en/psyche","/c/en/princess","/c/en/maharani"],"weight":0.2125099999999998,"degrees":[83,1305,178,454,25]},"num_concepts_raised":5227},{"base_id":722,"kind":"bot_words","i1":8,"i2":9,"sol":{"path":["/c/en/ness","/c/en/hood","/c/en/us","/c/en/princess","/c/en/maharani"],"weight":0.20826,"degrees":[284,714,8154,454,25]},"num_concepts_raised":23220}],[{"base_id":722,"kind":"top_words","i1":0,"i2":1,"sol":{"path":["/c/en/ethambutol","/c/en/drug","/c/en/hyoscyamine"],"weight":0.20600000000000002,"degrees":[32,4920,48]},"num_concepts_raised":69},{"base_id":722,"kind":"top_words","i1":0,"i2":2,"sol":{"path":["/c/en/ethambutol","/c/en/chemical_compound","/c/en/union","/c/en/state","/c/en/statist"],"weight":0.20782999999999985,"degrees":[32,2801,1104,3243,34]},"num_concepts_raised":12055},{"base_id":722,"kind":"top_words","i1":0,"i2":3,"sol":{"path":["/c/en/ethambutol","/c/en/chemical_compound","/c/en/methiocarb","/c/en/bird","/c/en/whimbrel"],"weight":0.21379999999999985,"degrees":[32,2801,17,4970,98]},"num_concepts_raised":12522},{"base_id":722,"kind":"top_words","i1":0,"i2":4,"sol":{"path":["/c/en/ethambutol","/c/en/drug","/c/en/body","/c/en/shank","/c/en/greenshank"],"weight":0.2088899999999999,"degrees":[32,4920,3170,323,32]},"num_concepts_raised":9998},{"base_id":722,"kind":"top_words","i1":0,"i2":5,"sol":{"path":["/c/en/ethambutol","/c/en/chemical_compound","/c/en/endrin"],"weight":0.20600000000000002,"degrees":[32,2801,31]},"num_concepts_raised":57},{"base_id":722,"kind":"top_words","i1":0,"i2":6,"sol":{"path":["/c/en/ethambutol","/c/en/chemical_compound","/c/en/luteolin"],"weight":0.20600000000000002,"degrees":[32,2801,33]},"num_concepts_raised":60},{"base_id":722,"kind":"top_words","i1":0,"i2":7,"sol":{"path":["/c/en/ethambutol","/c/en/chemical_compound","/c/en/rutin"],"weight":0.20600000000000002,"degrees":[32,2801,39]},"num_concepts_raised":62},{"base_id":722,"kind":"top_words","i1":0,"i2":8,"sol":{"path":["/c/en/ethambutol","/c/en/drug","/c/en/drop","/c/en/dash","/c/en/nigeria","/c/en/voro"],"weight":0.21460259999999923,"degrees":[32,4920,1915,562,386,25]},"num_concepts_raised":235249},{"base_id":722,"kind":"top_words","i1":0,"i2":9,"sol":{"path":["/c/en/ethambutol","/c/en/chemical_compound","/c/en/toxaphene"],"weight":0.20600000000000002,"degrees":[32,2801,25]},"num_concepts_raised":50},{"base_id":722,"kind":"top_words","i1":1,"i2":2,"sol":{"path":["/c/en/hyoscyamine","/c/en/chemistry","/c/en/science","/c/en/statistics","/c/en/statist"],"weight":0.20811999999999986,"degrees":[48,11754,1674,1142,34]},"num_concepts_raised":22817},{"base_id":722,"kind":"top_words","i1":1,"i2":3,"sol":{"path":["/c/en/hyoscyamine","/c/en/atropine","/c/en/white","/c/en/bird","/c/en/whimbrel"],"weight":0.21410999999999986,"degrees":[48,136,2081,4970,98]},"num_concepts_raised":23329},{"base_id":722,"kind":"top_words","i1":1,"i2":4,"sol":{"path":["/c/en/hyoscyamine","/c/en/poison","/c/en/leaf","/c/en/shank","/c/en/greenshank"],"weight":0.2091599999999999,"degrees":[48,1269,2158,323,32]},"num_concepts_raised":20797},{"base_id":722,"kind":"top_words","i1":1,"i2":5,"sol":{"path":["/c/en/hyoscyamine","/c/en/alkaloid","/c/en/organic_compound","/c/en/endrin"],"weight":0.2130699999999998,"degrees":[48,674,7764,31]},"num_concepts_raised":28011},{"base_id":722,"kind":"top_words","i1":1,"i2":6,"sol":{"path":["/c/en/hyoscyamine","/c/en/alkaloid","/c/en/organic_compound","/c/en/luteolin"],"weight":0.21312999999999976,"degrees":[48,674,7764,33]},"num_concepts_raised":28423},{"base_id":722,"kind":"top_words","i1":1,"i2":7,"sol":{"path":["/c/en/hyoscyamine","/c/en/chemistry","/c/en/flavonoid","/c/en/rutin"],"weight":0.21523999999999982,"degrees":[48,11754,167,39]},"num_concepts_raised":25539},{"base_id":722,"kind":"top_words","i1":1,"i2":8,"sol":{"path":["/c/en/hyoscyamine","/c/en/chemistry","/c/en/physics","/c/en/singlet","/c/en/nigeria","/c/en/voro"],"weight":0.21607779999999807,"degrees":[48,11754,9094,134,386,25]},"num_concepts_raised":532453},{"base_id":722,"kind":"top_words","i1":1,"i2":9,"sol":{"path":["/c/en/hyoscyamine","/c/en/chemistry","/c/en/chemical_compound","/c/en/toxaphene"],"weight":0.21296999999999983,"degrees":[48,11754,2801,25]},"num_concepts_raised":21375},{"base_id":722,"kind":"top_words","i1":2,"i2":3,"sol":{"path":["/c/en/statist","/c/en/state","/c/en/bill","/c/en/curlew","/c/en/whimbrel"],"weight":0.2088899999999999,"degrees":[34,3243,1413,134,98]},"num_concepts_raised":8838},{"base_id":722,"kind":"top_words","i1":2,"i2":4,"sol":{"path":["/c/en/statist","/c/fr/étatiste","/c/en/politics","/c/en/green","/c/en/greenshank"],"weight":0.20492999999999995,"degrees":[34,28,3247,1796,32]},"num_concepts_raised":6317},{"base_id":722,"kind":"top_words","i1":2,"i2":5,"sol":{"path":["/c/en/statist","/c/en/state","/c/en/union","/c/en/chemical_compound","/c/en/endrin"],"weight":0.20780999999999983,"degrees":[34,3243,1104,2801,31]},"num_concepts_raised":14392},{"base_id":722,"kind":"top_words","i1":2,"i2":6,"sol":{"path":["/c/en/statist","/c/en/state","/c/en/opine","/c/en/organic_compound","/c/en/luteolin"],"weight":0.20785999999999982,"degrees":[34,3243,114,7764,33]},"num_concepts_raised":14741},{"base_id":722,"kind":"top_words","i1":2,"i2":7,"sol":{"path":["/c/en/statist","/c/en/statistics","/c/en/srs","/c/en/biochemistry","/c/en/rutin"],"weight":0.20800999999999986,"degrees":[34,1142,20,3629,39]},"num_concepts_raised":11612},{"base_id":722,"kind":"top_words","i1":2,"i2":8,"sol":{"path":["/c/en/statist","/c/en/state","/c/en/nigeria","/c/en/voro"],"weight":0.20772999999999986,"degrees":[34,3243,386,25]},"num_concepts_raised":4574},{"base_id":722,"kind":"top_words","i1":2,"i2":9,"sol":{"path":["/c/en/statist","/c/en/state","/c/en/union","/c/en/chemical_compound","/c/en/toxaphene"],"weight":0.20773999999999987,"degrees":[34,3243,1104,2801,25]},"num_concepts_raised":7321},{"base_id":722,"kind":"top_words","i1":3,"i2":4,"sol":{"path":["/c/en/whimbrel","/c/en/wading_bird","/c/en/greenshank"],"weight":0.20400000000000001,"degrees":[98,94,32]},"num_concepts_raised":98},{"base_id":722,"kind":"top_words","i1":3,"i2":5,"sol":{"path":["/c/en/whimbrel","/c/en/bird","/c/en/pet","/c/en/organic_compound","/c/en/endrin"],"weight":0.21377999999999983,"degrees":[98,4970,639,7764,31]},"num_concepts_raised":14854},{"base_id":722,"kind":"top_words","i1":3,"i2":6,"sol":{"path":["/c/en/whimbrel","/c/en/bird","/c/en/pet","/c/en/organic_compound","/c/en/luteolin"],"weight":0.2138399999999998,"degrees":[98,4970,639,7764,33]},"num_concepts_raised":15196},{"base_id":722,"kind":"top_words","i1":3,"i2":7,"sol":{"path":["/c/en/whimbrel","/c/en/bird","/c/en/living","/c/en/biochemistry","/c/en/rutin"],"weight":0.21393999999999985,"degrees":[98,4970,839,3629,39]},"num_concepts_raised":12074},{"base_id":722,"kind":"top_words","i1":3,"i2":8,"sol":{"path":["/c/en/whimbrel","/c/en/whaap","/c/en/dialect","/c/en/võro","/c/en/voro"],"weight":0.21364999999999984,"degrees":[98,15,2378,40,25]},"num_concepts_raised":5043},{"base_id":722,"kind":"top_words","i1":3,"i2":9,"sol":{"path":["/c/en/whimbrel","/c/en/bird","/c/en/methiocarb","/c/en/chemical_compound","/c/en/toxaphene"],"weight":0.21371999999999985,"degrees":[98,4970,17,2801,25]},"num_concepts_raised":7782},{"base_id":722,"kind":"top_words","i1":4,"i2":5,"sol":{"path":["/c/en/greenshank","/c/en/shank","/c/en/body","/c/en/toxic","/c/en/endrin"],"weight":0.20885999999999988,"degrees":[32,323,3170,498,31]},"num_concepts_raised":12332},{"base_id":722,"kind":"top_words","i1":4,"i2":6,"sol":{"path":["/c/en/greenshank","/c/en/redshank","/c/en/derogatory","/c/en/vegetable","/c/en/luteolin"],"weight":0.2089399999999999,"degrees":[32,59,3326,1060,33]},"num_concepts_raised":12619},{"base_id":722,"kind":"top_words","i1":4,"i2":7,"sol":{"path":["/c/en/greenshank","/c/en/green","/c/en/plant","/c/en/flavonoid","/c/en/rutin"],"weight":0.2100399999999999,"degrees":[32,1796,7959,167,39]},"num_concepts_raised":9552},{"base_id":722,"kind":"top_words","i1":4,"i2":8,"sol":{"path":["/c/en/greenshank","/c/en/shank","/c/en/slang","/c/en/monkey","/c/en/nigeria","/c/en/voro"],"weight":0.21184379999999978,"degrees":[32,323,16318,884,386,25]},"num_concepts_raised":258742},{"base_id":722,"kind":"top_words","i1":4,"i2":9,"sol":{"path":["/c/en/greenshank","/c/en/green","/c/en/chlorophyll","/c/en/chemical_compound","/c/en/toxaphene"],"weight":0.2077999999999999,"degrees":[32,1796,302,2801,25]},"num_concepts_raised":5261},{"base_id":722,"kind":"top_words","i1":5,"i2":6,"sol":{"path":["/c/en/endrin","/c/en/chemical_compound","/c/en/luteolin"],"weight":0.20600000000000002,"degrees":[31,2801,33]},"num_concepts_raised":57},{"base_id":722,"kind":"top_words","i1":5,"i2":7,"sol":{"path":["/c/en/endrin","/c/en/chemical_compound","/c/en/rutin"],"weight":0.20600000000000002,"degrees":[31,2801,39]},"num_concepts_raised":60},{"base_id":722,"kind":"top_words","i1":5,"i2":8,"sol":{"path":["/c/en/endrin","/c/en/organic_compound","/c/en/gingerol","/c/en/ginger","/c/en/nigeria","/c/en/voro"],"weight":0.21487059999999875,"degrees":[31,7764,28,609,386,25]},"num_concepts_raised":193337},{"base_id":722,"kind":"top_words","i1":5,"i2":9,"sol":{"path":["/c/en/endrin","/c/en/chemical_compound","/c/en/toxaphene"],"weight":0.20600000000000002,"degrees":[31,2801,25]},"num_concepts_raised":47},{"base_id":722,"kind":"top_words","i1":6,"i2":7,"sol":{"path":["/c/en/luteolin","/c/en/flavonoid","/c/en/rutin"],"weight":0.20700000000000002,"degrees":[33,167,39]},"num_concepts_raised":62},{"base_id":722,"kind":"top_words","i1":6,"i2":8,"sol":{"path":["/c/en/luteolin","/c/en/vegetable","/c/en/ginger","/c/en/nigeria","/c/en/voro"],"weight":0.2127199999999998,"degrees":[33,1060,609,386,25]},"num_concepts_raised":10935},{"base_id":722,"kind":"top_words","i1":6,"i2":9,"sol":{"path":["/c/en/luteolin","/c/en/chemical_compound","/c/en/toxaphene"],"weight":0.20600000000000002,"degrees":[33,2801,25]},"num_concepts_raised":51},{"base_id":722,"kind":"top_words","i1":7,"i2":8,"sol":{"path":["/c/en/rutin","/c/en/flavonoid","/c/en/plant","/c/en/ginger","/c/en/nigeria","/c/en/voro"],"weight":0.21652529999999964,"degrees":[39,167,7959,609,386,25]},"num_concepts_raised":191661},{"base_id":722,"kind":"top_words","i1":7,"i2":9,"sol":{"path":["/c/en/rutin","/c/en/chemical_compound","/c/en/toxaphene"],"weight":0.20600000000000002,"degrees":[39,2801,25]},"num_concepts_raised":53},{"base_id":722,"kind":"top_words","i1":8,"i2":9,"sol":{"path":["/c/en/voro","/c/en/nigeria","/c/en/state","/c/en/water","/c/en/chemical_compound","/c/en/toxaphene"],"weight":0.21405029999999936,"degrees":[25,386,3243,4606,2801,25]},"num_concepts_raised":136352}]]