[[{"base_id":435,"kind":"bot_words","i1":0,"i2":1,"sol":{"path":["/c/en/sildenafil","/c/en/drug","/c/en/medicine","/c/cs/alimentární","/c/en/alimentary"],"weight":0.21176999999999982,"degrees":[59,4920,11938,6,67]},"num_concepts_raised":12168},{"base_id":435,"kind":"bot_words","i1":0,"i2":2,"sol":{"path":["/c/en/sildenafil","/c/en/drug","/c/en/line","/c/en/adjustment","/c/en/adjuster"],"weight":0.21018999999999977,"degrees":[59,4920,3018,280,36]},"num_concepts_raised":7046},{"base_id":435,"kind":"bot_words","i1":0,"i2":3,"sol":{"path":["/c/en/sildenafil","/c/en/drug","/c/en/illness","/c/en/ill","/c/en/recovering"],"weight":0.21120999999999976,"degrees":[59,4920,1102,940,28]},"num_concepts_raised":9361},{"base_id":435,"kind":"bot_words","i1":0,"i2":4,"sol":{"path":["/c/en/sildenafil","/c/en/drug","/c/en/action","/c/en/explain"],"weight":0.21914999999999857,"degrees":[59,4920,2156,766]},"num_concepts_raised":68277},{"base_id":435,"kind":"bot_words","i1":0,"i2":5,"sol":{"path":["/c/en/sildenafil","/c/en/drug","/c/en/spaced_out","/c/en/stupefied"],"weight":0.2108799999999995,"degrees":[59,4920,37,93]},"num_concepts_raised":11954},{"base_id":435,"kind":"bot_words","i1":0,"i2":6,"sol":{"path":["/c/en/sildenafil","/c/en/drug","/c/en/action","/c/en/accept","/c/en/acquiescent"],"weight":0.21048999999999973,"degrees":[59,4920,2156,1123,53]},"num_concepts_raised":10813},{"base_id":435,"kind":"bot_words","i1":0,"i2":7,"sol":{"path":["/c/en/sildenafil","/c/en/drug","/c/en/pot","/c/en/seat","/c/en/angkor"],"weight":0.21549999999999958,"degrees":[59,4920,1260,1314,65]},"num_concepts_raised":8098},{"base_id":435,"kind":"bot_words","i1":0,"i2":8,"sol":{"path":["/c/en/sildenafil","/c/en/drug","/c/en/body","/c/en/commission"],"weight":0.21442999999999873,"degrees":[59,4920,3170,447]},"num_concepts_raised":33476},{"base_id":435,"kind":"bot_words","i1":0,"i2":9,"sol":{"path":["/c/en/sildenafil","/c/en/drug","/c/en/medicine","/c/en/sad","/c/en/pensive"],"weight":0.2123399999999997,"degrees":[59,4920,11938,747,109]},"num_concepts_raised":10062},{"base_id":435,"kind":"bot_words","i1":1,"i2":2,"sol":{"path":["/c/en/alimentary","/c/en/nutrient","/c/en/assimilate","/c/en/adjust","/c/en/adjuster"],"weight":0.20452999999999993,"degrees":[67,213,198,569,36]},"num_concepts_raised":7772},{"base_id":435,"kind":"bot_words","i1":1,"i2":3,"sol":{"path":["/c/en/alimentary","/c/en/nutritious","/c/en/healthy","/c/en/ill","/c/en/recovering"],"weight":0.20553999999999994,"degrees":[67,102,665,940,28]},"num_concepts_raised":10085},{"base_id":435,"kind":"bot_words","i1":1,"i2":4,"sol":{"path":["/c/en/alimentary","/c/en/food","/c/en/helping","/c/en/explain"],"weight":0.21249999999999875,"degrees":[67,4281,247,766]},"num_concepts_raised":68770},{"base_id":435,"kind":"bot_words","i1":1,"i2":5,"sol":{"path":["/c/en/alimentary","/c/en/food","/c/en/substance","/c/en/stupefied"],"weight":0.2043299999999997,"degrees":[67,4281,1169,93]},"num_concepts_raised":12679},{"base_id":435,"kind":"bot_words","i1":1,"i2":6,"sol":{"path":["/c/en/alimentary","/c/en/food","/c/en/servant","/c/en/acquiescent"],"weight":0.2038899999999999,"degrees":[67,4281,1283,53]},"num_concepts_raised":11522},{"base_id":435,"kind":"bot_words","i1":1,"i2":7,"sol":{"path":["/c/en/alimentary","/c/en/aliment","/c/en/support","/c/en/seat","/c/en/angkor"],"weight":0.20984999999999976,"degrees":[67,47,2237,1314,65]},"num_concepts_raised":8809},{"base_id":435,"kind":"bot_words","i1":1,"i2":8,"sol":{"path":["/c/en/alimentary","/c/en/food","/c/en/order","/c/en/commission"],"weight":0.20939999999999895,"degrees":[67,4281,2833,447]},"num_concepts_raised":34032},{"base_id":435,"kind":"bot_words","i1":1,"i2":9,"sol":{"path":["/c/en/alimentary","/c/cs/alimentární","/c/en/medicine","/c/en/sad","/c/en/pensive"],"weight":0.20646999999999988,"degrees":[67,6,11938,747,109]},"num_concepts_raised":10786},{"base_id":435,"kind":"bot_words","i1":2,"i2":3,"sol":{"path":["/c/en/adjuster","/c/en/adjust","/c/en/balance","/c/en/recover","/c/en/recovering"],"weight":0.2048799999999999,"degrees":[36,569,982,556,28]},"num_concepts_raised":4951},{"base_id":435,"kind":"bot_words","i1":2,"i2":4,"sol":{"path":["/c/en/adjuster","/c/en/adjust","/c/la/explico","/c/en/explain"],"weight":0.2140699999999987,"degrees":[36,569,203,766]},"num_concepts_raised":63883},{"base_id":435,"kind":"bot_words","i1":2,"i2":5,"sol":{"path":["/c/en/adjuster","/c/en/adjust","/c/ja/加減","/c/en/influence","/c/en/stupefied"],"weight":0.20449999999999963,"degrees":[36,569,55,1115,93]},"num_concepts_raised":7596},{"base_id":435,"kind":"bot_words","i1":2,"i2":6,"sol":{"path":["/c/en/adjuster","/c/en/adjust","/c/ms/akur","/c/en/acquiescent"],"weight":0.20410999999999985,"degrees":[36,569,13,53]},"num_concepts_raised":6385},{"base_id":435,"kind":"bot_words","i1":2,"i2":7,"sol":{"path":["/c/en/adjuster","/c/en/adjust","/c/en/settle","/c/en/seat","/c/en/angkor"],"weight":0.2092399999999997,"degrees":[36,569,1016,1314,65]},"num_concepts_raised":3673},{"base_id":435,"kind":"bot_words","i1":2,"i2":8,"sol":{"path":["/c/en/adjuster","/c/sh/stroj","/c/en/military","/c/en/commission"],"weight":0.20730999999999888,"degrees":[36,14,5690,447]},"num_concepts_raised":29033},{"base_id":435,"kind":"bot_words","i1":2,"i2":9,"sol":{"path":["/c/en/adjuster","/c/en/adjust","/c/en/change","/c/en/think","/c/en/pensive"],"weight":0.20499999999999985,"degrees":[36,569,3383,1553,109]},"num_concepts_raised":5643},{"base_id":435,"kind":"bot_words","i1":3,"i2":4,"sol":{"path":["/c/en/recovering","/c/en/ill","/c/en/state","/c/en/explain"],"weight":0.2129599999999987,"degrees":[28,940,3243,766]},"num_concepts_raised":65976},{"base_id":435,"kind":"bot_words","i1":3,"i2":5,"sol":{"path":["/c/en/recovering","/c/en/ill","/c/en/upset","/c/fr/stupéfait","/c/en/stupefied"],"weight":0.20653999999999964,"degrees":[28,940,680,95,93]},"num_concepts_raised":9885},{"base_id":435,"kind":"bot_words","i1":3,"i2":6,"sol":{"path":["/c/en/recovering","/c/en/ill","/c/en/well","/c/en/obedient","/c/en/acquiescent"],"weight":0.20512999999999984,"degrees":[28,940,1776,302,53]},"num_concepts_raised":8674},{"base_id":435,"kind":"bot_words","i1":3,"i2":7,"sol":{"path":["/c/en/recovering","/c/en/rest","/c/en/seat","/c/en/angkor"],"weight":0.2081299999999997,"degrees":[28,2053,1314,65]},"num_concepts_raised":5965},{"base_id":435,"kind":"bot_words","i1":3,"i2":8,"sol":{"path":["/c/en/recovering","/c/en/recover","/c/en/return","/c/fr/commission","/c/en/commission"],"weight":0.21177999999999886,"degrees":[28,556,1609,227,447]},"num_concepts_raised":31289},{"base_id":435,"kind":"bot_words","i1":3,"i2":9,"sol":{"path":["/c/en/recovering","/c/en/ill","/c/en/bad","/c/en/sad","/c/en/pensive"],"weight":0.2059599999999998,"degrees":[28,940,1728,747,109]},"num_concepts_raised":7927},{"base_id":435,"kind":"bot_words","i1":4,"i2":5,"sol":{"path":["/c/en/explain","/c/en/inform","/c/en/influence","/c/en/stupefied"],"weight":0.21340999999999843,"degrees":[766,533,1115,93]},"num_concepts_raised":68407},{"base_id":435,"kind":"bot_words","i1":4,"i2":6,"sol":{"path":["/c/en/explain","/c/en/reason","/c/en/objection","/c/en/acquiescent"],"weight":0.21331999999999862,"degrees":[766,1379,260,53]},"num_concepts_raised":67183},{"base_id":435,"kind":"bot_words","i1":4,"i2":7,"sol":{"path":["/c/en/explain","/c/en/show","/c/en/seat","/c/en/angkor"],"weight":0.2174299999999985,"degrees":[766,1871,1314,65]},"num_concepts_raised":64821},{"base_id":435,"kind":"bot_words","i1":4,"i2":8,"sol":{"path":["/c/en/explain","/c/ms/menyatakan","/c/en/order","/c/en/commission"],"weight":0.2186699999999977,"degrees":[766,56,2833,447]},"num_concepts_raised":87484},{"base_id":435,"kind":"bot_words","i1":4,"i2":9,"sol":{"path":["/c/en/explain","/c/en/reason","/c/en/think","/c/en/pensive"],"weight":0.21433999999999864,"degrees":[766,1379,1553,109]},"num_concepts_raised":66576},{"base_id":435,"kind":"bot_words","i1":5,"i2":6,"sol":{"path":["/c/en/stupefied","/c/en/stupefy","/c/en/think","/c/en/agree","/c/en/acquiescent"],"weight":0.2047999999999996,"degrees":[93,153,1553,903,53]},"num_concepts_raised":11333},{"base_id":435,"kind":"bot_words","i1":5,"i2":7,"sol":{"path":["/c/en/stupefied","/c/en/influence","/c/en/flourish","/c/en/angkor"],"weight":0.20870999999999945,"degrees":[93,1115,363,65]},"num_concepts_raised":8636},{"base_id":435,"kind":"bot_words","i1":5,"i2":8,"sol":{"path":["/c/en/stupefied","/c/en/substance","/c/en/body","/c/en/commission"],"weight":0.20774999999999863,"degrees":[93,1169,3170,447]},"num_concepts_raised":33836},{"base_id":435,"kind":"bot_words","i1":5,"i2":9,"sol":{"path":["/c/en/stupefied","/c/en/stupefy","/c/en/think","/c/en/pensive"],"weight":0.2055999999999996,"degrees":[93,153,1553,109]},"num_concepts_raised":10572},{"base_id":435,"kind":"bot_words","i1":6,"i2":7,"sol":{"path":["/c/en/acquiescent","/c/en/obedient","/c/en/rules","/c/en/empire","/c/en/angkor"],"weight":0.20944999999999964,"degrees":[53,302,125,521,65]},"num_concepts_raised":7421},{"base_id":435,"kind":"bot_words","i1":6,"i2":8,"sol":{"path":["/c/en/acquiescent","/c/en/obedient","/c/en/order","/c/en/commission"],"weight":0.20987999999999885,"degrees":[53,302,2833,447]},"num_concepts_raised":32586},{"base_id":435,"kind":"bot_words","i1":6,"i2":9,"sol":{"path":["/c/en/acquiescent","/c/en/agree","/c/en/think","/c/en/pensive"],"weight":0.20419999999999977,"degrees":[53,903,1553,109]},"num_concepts_raised":9380},{"base_id":435,"kind":"bot_words","i1":7,"i2":8,"sol":{"path":["/c/en/angkor","/c/en/seat","/c/ar/مجلس","/c/en/commission"],"weight":0.2123899999999987,"degrees":[65,1314,41,447]},"num_concepts_raised":30059},{"base_id":435,"kind":"bot_words","i1":7,"i2":9,"sol":{"path":["/c/en/angkor","/c/en/seat","/c/en/us","/c/en/sad","/c/en/pensive"],"weight":0.21025999999999964,"degrees":[65,1314,8154,747,109]},"num_concepts_raised":6690},{"base_id":435,"kind":"bot_words","i1":8,"i2":9,"sol":{"path":["/c/en/commission","/c/en/order","/c/en/people","/c/en/thoughtful","/c/en/pensive"],"weight":0.21115999999999882,"degrees":[447,2833,4475,224,109]},"num_concepts_raised":32012}],[{"base_id":435,"kind":"top_words","i1":0,"i2":1,"sol":{"path":["/c/en/kim","/c/en/kimberley","/c/en/australia","/c/en/sook"],"weight":0.21061999999999986,"degrees":[69,56,2690,59]},"num_concepts_raised":47902},{"base_id":435,"kind":"top_words","i1":0,"i2":2,"sol":{"path":["/c/en/kim","/c/en/cold","/c/en/carol","/c/en/sung"],"weight":0.2084999999999998,"degrees":[69,1889,163,58]},"num_concepts_raised":25036},{"base_id":435,"kind":"top_words","i1":0,"i2":3,"sol":{"path":["/c/en/kim","/c/fr/coréen","/c/en/korean"],"weight":0.20800000000000002,"degrees":[69,247,220]},"num_concepts_raised":236},{"base_id":435,"kind":"top_words","i1":0,"i2":4,"sol":{"path":["/c/en/kim","/c/en/korea","/c/en/jeon"],"weight":0.20600000000000002,"degrees":[69,339,35]},"num_concepts_raised":75},{"base_id":435,"kind":"top_words","i1":0,"i2":5,"sol":{"path":["/c/en/kim","/c/en/korea"],"weight":0.20600000000000002,"degrees":[69,339]},"num_concepts_raised":289},{"base_id":435,"kind":"top_words","i1":0,"i2":6,"sol":{"path":["/c/en/kim","/c/en/kimberley","/c/en/administrative_region","/c/en/illinois","/c/en/il"],"weight":0.2114999999999998,"degrees":[69,56,476,643,47]},"num_concepts_raised":27810},{"base_id":435,"kind":"top_words","i1":0,"i2":7,"sol":{"path":["/c/en/kim","/c/en/kimberley","/c/en/city","/c/en/xi","/c/en/ki"],"weight":0.21053999999999984,"degrees":[69,56,3758,269,48]},"num_concepts_raised":30284},{"base_id":435,"kind":"top_words","i1":0,"i2":8,"sol":{"path":["/c/en/kim","/c/en/book","/c/en/romance","/c/en/woo"],"weight":0.21133999999999964,"degrees":[69,3239,488,194]},"num_concepts_raised":42763},{"base_id":435,"kind":"top_words","i1":0,"i2":9,"sol":{"path":["/c/en/kim","/c/en/book","/c/en/device","/c/en/bong"],"weight":0.20919999999999989,"degrees":[69,3239,2078,92]},"num_concepts_raised":26269},{"base_id":435,"kind":"top_words","i1":1,"i2":2,"sol":{"path":["/c/en/sook","/c/en/slang","/c/en/sing","/c/en/sung"],"weight":0.20448999999999973,"degrees":[59,16318,997,58]},"num_concepts_raised":44758},{"base_id":435,"kind":"top_words","i1":1,"i2":3,"sol":{"path":["/c/en/sook","/c/en/us","/c/en/asian","/c/en/korean"],"weight":0.20615999999999934,"degrees":[59,8154,360,220]},"num_concepts_raised":46375},{"base_id":435,"kind":"top_words","i1":1,"i2":4,"sol":{"path":["/c/en/sook","/c/en/slang","/c/en/fried","/c/en/jeon"],"weight":0.20818999999999982,"degrees":[59,16318,202,35]},"num_concepts_raised":38671},{"base_id":435,"kind":"top_words","i1":1,"i2":5,"sol":{"path":["/c/en/sook","/c/en/scotland","/c/en/country","/c/en/korea"],"weight":0.21419000000000007,"degrees":[59,2226,2796,339]},"num_concepts_raised":46101},{"base_id":435,"kind":"top_words","i1":1,"i2":6,"sol":{"path":["/c/en/sook","/c/en/us","/c/en/ill","/c/en/il"],"weight":0.20411999999999975,"degrees":[59,8154,940,47]},"num_concepts_raised":47203},{"base_id":435,"kind":"top_words","i1":1,"i2":7,"sol":{"path":["/c/en/sook","/c/en/us","/c/en/earth","/c/en/ki"],"weight":0.20418999999999976,"degrees":[59,8154,2336,48]},"num_concepts_raised":50076},{"base_id":435,"kind":"top_words","i1":1,"i2":8,"sol":{"path":["/c/en/sook","/c/en/slang","/c/en/woo"],"weight":0.202,"degrees":[59,16318,194]},"num_concepts_raised":199},{"base_id":435,"kind":"top_words","i1":1,"i2":9,"sol":{"path":["/c/en/sook","/c/en/slang","/c/en/bong_hit","/c/en/bong"],"weight":0.2051299999999998,"degrees":[59,16318,8,92]},"num_concepts_raised":45465},{"base_id":435,"kind":"top_words","i1":2,"i2":3,"sol":{"path":["/c/en/sung","/c/en/music","/c/en/language","/c/en/korean"],"weight":0.20549999999999927,"degrees":[58,8822,4160,220]},"num_concepts_raised":23444},{"base_id":435,"kind":"top_words","i1":2,"i2":4,"sol":{"path":["/c/en/sung","/c/en/music","/c/en/time","/c/ko/전","/c/en/jeon"],"weight":0.21446999999999974,"degrees":[58,8822,4124,31,35]},"num_concepts_raised":15677},{"base_id":435,"kind":"top_words","i1":2,"i2":5,"sol":{"path":["/c/en/sung","/c/en/music","/c/en/country","/c/en/korea"],"weight":0.21334999999999998,"degrees":[58,8822,2796,339]},"num_concepts_raised":23079},{"base_id":435,"kind":"top_words","i1":2,"i2":6,"sol":{"path":["/c/en/sung","/c/en/splash","/c/en/computing","/c/en/il"],"weight":0.20321999999999968,"degrees":[58,464,9084,47]},"num_concepts_raised":24502},{"base_id":435,"kind":"top_words","i1":2,"i2":7,"sol":{"path":["/c/en/sung","/c/en/song","/c/en/papua_new_guinea","/c/en/ki"],"weight":0.2045899999999997,"degrees":[58,1644,361,48]},"num_concepts_raised":27015},{"base_id":435,"kind":"top_words","i1":2,"i2":8,"sol":{"path":["/c/en/sung","/c/en/song","/c/en/romance","/c/en/woo"],"weight":0.20747999999999953,"degrees":[58,1644,488,194]},"num_concepts_raised":39703},{"base_id":435,"kind":"top_words","i1":2,"i2":9,"sol":{"path":["/c/en/sung","/c/en/song","/c/en/sound","/c/en/bong"],"weight":0.20547999999999975,"degrees":[58,1644,3218,92]},"num_concepts_raised":22767},{"base_id":435,"kind":"top_words","i1":3,"i2":4,"sol":{"path":["/c/en/korean","/c/en/pajeon","/c/en/jeon"],"weight":0.20500000000000002,"degrees":[220,27,35]},"num_concepts_raised":216},{"base_id":435,"kind":"top_words","i1":3,"i2":5,"sol":{"path":["/c/en/korean","/c/en/korea"],"weight":0.20400000000000001,"degrees":[220,339]},"num_concepts_raised":416},{"base_id":435,"kind":"top_words","i1":3,"i2":6,"sol":{"path":["/c/en/korean","/c/en/language","/c/en/computing","/c/en/il"],"weight":0.20516999999999927,"degrees":[220,4160,9084,47]},"num_concepts_raised":26241},{"base_id":435,"kind":"top_words","i1":3,"i2":7,"sol":{"path":["/c/en/korean","/c/en/language","/c/en/ki"],"weight":0.202,"degrees":[220,4160,48]},"num_concepts_raised":237},{"base_id":435,"kind":"top_words","i1":3,"i2":8,"sol":{"path":["/c/en/korean","/c/en/aak","/c/en/court","/c/en/woo"],"weight":0.20962999999999912,"degrees":[220,18,1616,194]},"num_concepts_raised":41333},{"base_id":435,"kind":"top_words","i1":3,"i2":9,"sol":{"path":["/c/en/korean","/c/en/language","/c/en/pipe","/c/en/bong"],"weight":0.20609999999999934,"degrees":[220,4160,1039,92]},"num_concepts_raised":24673},{"base_id":435,"kind":"top_words","i1":4,"i2":5,"sol":{"path":["/c/en/jeon","/c/en/korea"],"weight":0.20600000000000002,"degrees":[35,339]},"num_concepts_raised":269},{"base_id":435,"kind":"top_words","i1":4,"i2":6,"sol":{"path":["/c/en/jeon","/c/en/food","/c/en/sandwich","/c/en/illinois","/c/en/il"],"weight":0.20912999999999976,"degrees":[35,4281,624,643,47]},"num_concepts_raised":18497},{"base_id":435,"kind":"top_words","i1":4,"i2":7,"sol":{"path":["/c/en/jeon","/c/ko/전","/c/en/land","/c/en/earth","/c/en/ki"],"weight":0.21422999999999975,"degrees":[35,31,2465,2336,48]},"num_concepts_raised":20982},{"base_id":435,"kind":"top_words","i1":4,"i2":8,"sol":{"path":["/c/en/jeon","/c/en/food","/c/en/chinese","/c/en/woo"],"weight":0.2099199999999996,"degrees":[35,4281,911,194]},"num_concepts_raised":33709},{"base_id":435,"kind":"top_words","i1":4,"i2":9,"sol":{"path":["/c/en/jeon","/c/en/food","/c/en/bowl","/c/en/bong"],"weight":0.20899999999999982,"degrees":[35,4281,956,92]},"num_concepts_raised":16854},{"base_id":435,"kind":"top_words","i1":5,"i2":6,"sol":{"path":["/c/en/korea","/c/fi/korea","/c/en/disease","/c/en/ill","/c/en/il"],"weight":0.21896,"degrees":[339,62,4216,940,47]},"num_concepts_raised":25913},{"base_id":435,"kind":"top_words","i1":5,"i2":7,"sol":{"path":["/c/en/korea","/c/en/country","/c/en/qi","/c/en/ki"],"weight":0.21425000000000002,"degrees":[339,2796,179,48]},"num_concepts_raised":28221},{"base_id":435,"kind":"top_words","i1":5,"i2":8,"sol":{"path":["/c/en/korea","/c/zh/朝","/c/en/court","/c/en/woo"],"weight":0.21739999999999987,"degrees":[339,25,1616,194]},"num_concepts_raised":41096},{"base_id":435,"kind":"top_words","i1":5,"i2":9,"sol":{"path":["/c/en/korea","/c/fr/pays","/c/fr/narguilé","/c/en/bong"],"weight":0.21596000000000007,"degrees":[339,5104,92,92]},"num_concepts_raised":24344},{"base_id":435,"kind":"top_words","i1":6,"i2":7,"sol":{"path":["/c/en/il","/c/en/chicago","/c/en/chi","/c/en/ki"],"weight":0.20327999999999968,"degrees":[47,324,179,48]},"num_concepts_raised":29808},{"base_id":435,"kind":"top_words","i1":6,"i2":8,"sol":{"path":["/c/en/il","/c/en/illinois","/c/en/chase","/c/en/woo"],"weight":0.20597999999999952,"degrees":[47,643,697,194]},"num_concepts_raised":42157},{"base_id":435,"kind":"top_words","i1":6,"i2":9,"sol":{"path":["/c/en/il","/c/en/computing","/c/en/pipe","/c/en/bong"],"weight":0.20398999999999975,"degrees":[47,9084,1039,92]},"num_concepts_raised":25624},{"base_id":435,"kind":"top_words","i1":7,"i2":8,"sol":{"path":["/c/en/ki","/c/en/qi","/c/en/chinese","/c/en/woo"],"weight":0.20615999999999957,"degrees":[48,179,911,194]},"num_concepts_raised":45026},{"base_id":435,"kind":"top_words","i1":7,"i2":9,"sol":{"path":["/c/en/ki","/c/en/earth","/c/en/pipe","/c/en/bong"],"weight":0.20405999999999977,"degrees":[48,2336,1039,92]},"num_concepts_raised":28321},{"base_id":435,"kind":"top_words","i1":8,"i2":9,"sol":{"path":["/c/en/woo","/c/en/slang","/c/en/bong_hit","/c/en/bong"],"weight":0.20681999999999962,"degrees":[194,16318,8,92]},"num_concepts_raised":40568}]]