[[{"base_id":306,"kind":"bot_words","i1":0,"i2":1,"sol":{"path":["/c/en/ossified","/c/en/process","/c/fi/pahennus","/c/en/moral","/c/en/chastity"],"weight":0.21112999999999987,"degrees":[24,1571,16,587,268]},"num_concepts_raised":12242},{"base_id":306,"kind":"bot_words","i1":0,"i2":2,"sol":{"path":["/c/en/ossified","/c/en/broncholith","/c/en/pathology","/c/en/hyperthyroidism"],"weight":0.2088399999999998,"degrees":[24,8,5554,106]},"num_concepts_raised":23560},{"base_id":306,"kind":"bot_words","i1":0,"i2":3,"sol":{"path":["/c/en/ossified","/c/en/process","/c/en/printing","/c/en/slur"],"weight":0.20384999999999964,"degrees":[24,1571,896,137]},"num_concepts_raised":26703},{"base_id":306,"kind":"bot_words","i1":0,"i2":4,"sol":{"path":["/c/en/ossified","/c/en/process","/c/en/chemical","/c/en/bate"],"weight":0.20323999999999967,"degrees":[24,1571,882,90]},"num_concepts_raised":49894},{"base_id":306,"kind":"bot_words","i1":0,"i2":5,"sol":{"path":["/c/en/ossified","/c/en/process","/c/en/food","/c/en/consumed"],"weight":0.20317999999999964,"degrees":[24,1571,4281,81]},"num_concepts_raised":12630},{"base_id":306,"kind":"bot_words","i1":0,"i2":6,"sol":{"path":["/c/en/ossified","/c/en/process","/c/en/state","/c/en/country","/c/en/goguryeo"],"weight":0.20814999999999984,"degrees":[24,1571,3243,2796,63]},"num_concepts_raised":16956},{"base_id":306,"kind":"bot_words","i1":0,"i2":7,"sol":{"path":["/c/en/ossified","/c/en/process","/c/en/child","/c/en/person","/c/en/zeuxis"],"weight":0.2142199999999999,"degrees":[24,1571,2784,12935,51]},"num_concepts_raised":14537},{"base_id":306,"kind":"bot_words","i1":0,"i2":8,"sol":{"path":["/c/en/ossified","/c/en/inflexible","/c/en/flexibility","/c/en/ibility","/c/en/compressibility"],"weight":0.20269999999999988,"degrees":[24,231,212,170,38]},"num_concepts_raised":3495},{"base_id":306,"kind":"bot_words","i1":0,"i2":9,"sol":{"path":["/c/en/ossified","/c/en/process","/c/en/horn","/c/en/car","/c/en/maserati"],"weight":0.2100799999999997,"degrees":[24,1571,1054,2328,61]},"num_concepts_raised":6134},{"base_id":306,"kind":"bot_words","i1":1,"i2":2,"sol":{"path":["/c/en/chastity","/c/en/virtue","/c/en/cynical","/c/en/medicine","/c/en/hyperthyroidism"],"weight":0.2200399999999998,"degrees":[268,539,103,11938,106]},"num_concepts_raised":31213},{"base_id":306,"kind":"bot_words","i1":1,"i2":3,"sol":{"path":["/c/en/chastity","/c/en/moral","/c/en/blur","/c/en/slur"],"weight":0.21243999999999963,"degrees":[268,587,233,137]},"num_concepts_raised":34187},{"base_id":306,"kind":"bot_words","i1":1,"i2":4,"sol":{"path":["/c/en/chastity","/c/en/contain","/c/en/control","/c/en/bate"],"weight":0.21173999999999965,"degrees":[268,446,1901,90]},"num_concepts_raised":57265},{"base_id":306,"kind":"bot_words","i1":1,"i2":5,"sol":{"path":["/c/en/chastity","/c/fr/chasteté","/c/fr/entier","/c/en/full","/c/en/consumed"],"weight":0.21599999999999964,"degrees":[268,69,390,1421,81]},"num_concepts_raised":20264},{"base_id":306,"kind":"bot_words","i1":1,"i2":6,"sol":{"path":["/c/en/chastity","/c/en/syneisaktism","/c/en/historical","/c/en/goguryeo"],"weight":0.21653999999999984,"degrees":[268,11,8415,63]},"num_concepts_raised":24527},{"base_id":306,"kind":"bot_words","i1":1,"i2":7,"sol":{"path":["/c/en/chastity","/c/en/moral","/c/en/person","/c/en/zeuxis"],"weight":0.2227499999999999,"degrees":[268,587,12935,51]},"num_concepts_raised":22046},{"base_id":306,"kind":"bot_words","i1":1,"i2":8,"sol":{"path":["/c/en/chastity","/c/en/virtue","/c/en/quality","/c/en/thermodynamics","/c/en/compressibility"],"weight":0.21386999999999984,"degrees":[268,539,1710,307,38]},"num_concepts_raised":11193},{"base_id":306,"kind":"bot_words","i1":1,"i2":9,"sol":{"path":["/c/en/chastity","/c/fa/سامان","/c/en/company","/c/en/maserati"],"weight":0.21643999999999972,"degrees":[268,55,2258,61]},"num_concepts_raised":13814},{"base_id":306,"kind":"bot_words","i1":2,"i2":3,"sol":{"path":["/c/en/hyperthyroidism","/c/en/medicine","/c/en/music","/c/en/slur"],"weight":0.21154999999999957,"degrees":[106,11938,8822,137]},"num_concepts_raised":45577},{"base_id":306,"kind":"bot_words","i1":2,"i2":4,"sol":{"path":["/c/en/hyperthyroidism","/c/en/medicine","/c/en/reduce","/c/en/bate"],"weight":0.20967999999999962,"degrees":[106,11938,1258,90]},"num_concepts_raised":68563},{"base_id":306,"kind":"bot_words","i1":2,"i2":5,"sol":{"path":["/c/en/hyperthyroidism","/c/en/medicine","/c/en/drink","/c/en/consumed"],"weight":0.20949999999999958,"degrees":[106,11938,2548,81]},"num_concepts_raised":31613},{"base_id":306,"kind":"bot_words","i1":2,"i2":6,"sol":{"path":["/c/en/hyperthyroidism","/c/en/medicine","/c/en/history","/c/ko/고구려","/c/en/goguryeo"],"weight":0.21645999999999976,"degrees":[106,11938,1864,5,63]},"num_concepts_raised":35904},{"base_id":306,"kind":"bot_words","i1":2,"i2":7,"sol":{"path":["/c/en/hyperthyroidism","/c/en/symptom","/c/en/person","/c/en/zeuxis"],"weight":0.22030999999999987,"degrees":[106,656,12935,51]},"num_concepts_raised":33483},{"base_id":306,"kind":"bot_words","i1":2,"i2":8,"sol":{"path":["/c/en/hyperthyroidism","/c/fr/hyperthyroïdie","/c/fr/médecine","/c/en/compress","/c/en/compressibility"],"weight":0.2109499999999998,"degrees":[106,18,9990,417,38]},"num_concepts_raised":22550},{"base_id":306,"kind":"bot_words","i1":2,"i2":9,"sol":{"path":["/c/en/hyperthyroidism","/c/en/medicine","/c/en/sign","/c/en/car","/c/en/maserati"],"weight":0.21640999999999966,"degrees":[106,11938,2004,2328,61]},"num_concepts_raised":25197},{"base_id":306,"kind":"bot_words","i1":3,"i2":4,"sol":{"path":["/c/en/slur","/c/en/music","/c/en/beat","/c/en/bate"],"weight":0.20605999999999947,"degrees":[137,8822,1834,90]},"num_concepts_raised":70705},{"base_id":306,"kind":"bot_words","i1":3,"i2":5,"sol":{"path":["/c/en/slur","/c/en/music","/c/en/steel","/c/en/consumed"],"weight":0.2057499999999994,"degrees":[137,8822,1352,81]},"num_concepts_raised":34585},{"base_id":306,"kind":"bot_words","i1":3,"i2":6,"sol":{"path":["/c/en/slur","/c/en/music","/c/en/language","/c/en/goguryeo"],"weight":0.2107999999999996,"degrees":[137,8822,4160,63]},"num_concepts_raised":38705},{"base_id":306,"kind":"bot_words","i1":3,"i2":7,"sol":{"path":["/c/en/slur","/c/en/music","/c/en/person","/c/en/zeuxis"],"weight":0.21687999999999968,"degrees":[137,8822,12935,51]},"num_concepts_raised":36433},{"base_id":306,"kind":"bot_words","i1":3,"i2":8,"sol":{"path":["/c/en/slur","/c/en/tie","/c/sv/binda","/c/en/compress","/c/en/compressibility"],"weight":0.20605999999999963,"degrees":[137,1211,47,417,38]},"num_concepts_raised":25746},{"base_id":306,"kind":"bot_words","i1":3,"i2":9,"sol":{"path":["/c/en/slur","/c/en/tie","/c/en/us","/c/en/car","/c/en/maserati"],"weight":0.2134299999999995,"degrees":[137,1211,8154,2328,61]},"num_concepts_raised":28216},{"base_id":306,"kind":"bot_words","i1":4,"i2":5,"sol":{"path":["/c/en/bate","/c/en/eaten","/c/en/consumed"],"weight":0.202,"degrees":[90,141,81]},"num_concepts_raised":159},{"base_id":306,"kind":"bot_words","i1":4,"i2":6,"sol":{"path":["/c/en/bate","/c/en/slang","/c/en/language","/c/en/goguryeo"],"weight":0.20888999999999963,"degrees":[90,16318,4160,63]},"num_concepts_raised":61989},{"base_id":306,"kind":"bot_words","i1":4,"i2":7,"sol":{"path":["/c/en/bate","/c/en/eat","/c/en/person","/c/en/zeuxis"],"weight":0.21491999999999972,"degrees":[90,1703,12935,51]},"num_concepts_raised":59414},{"base_id":306,"kind":"bot_words","i1":4,"i2":8,"sol":{"path":["/c/en/bate","/c/en/chemistry","/c/mul/κ","/c/en/compressibility"],"weight":0.20340999999999965,"degrees":[90,11754,24,38]},"num_concepts_raised":48958},{"base_id":306,"kind":"bot_words","i1":4,"i2":9,"sol":{"path":["/c/en/bate","/c/en/control","/c/en/car","/c/en/maserati"],"weight":0.2107399999999995,"degrees":[90,1901,2328,61]},"num_concepts_raised":51373},{"base_id":306,"kind":"bot_words","i1":5,"i2":6,"sol":{"path":["/c/en/consumed","/c/en/food","/c/en/have","/c/en/language","/c/en/goguryeo"],"weight":0.2087799999999996,"degrees":[81,4281,1801,4160,63]},"num_concepts_raised":25013},{"base_id":306,"kind":"bot_words","i1":5,"i2":7,"sol":{"path":["/c/en/consumed","/c/en/eaten","/c/en/person","/c/en/zeuxis"],"weight":0.21479999999999969,"degrees":[81,141,12935,51]},"num_concepts_raised":22546},{"base_id":306,"kind":"bot_words","i1":5,"i2":8,"sol":{"path":["/c/en/consumed","/c/en/food","/c/en/energy","/c/en/thermodynamics","/c/en/compressibility"],"weight":0.20337999999999962,"degrees":[81,4281,1631,307,38]},"num_concepts_raised":11642},{"base_id":306,"kind":"bot_words","i1":5,"i2":9,"sol":{"path":["/c/en/consumed","/c/en/steel","/c/en/car","/c/en/maserati"],"weight":0.2105799999999995,"degrees":[81,1352,2328,61]},"num_concepts_raised":14215},{"base_id":306,"kind":"bot_words","i1":6,"i2":7,"sol":{"path":["/c/en/goguryeo","/c/ja/高句麗","/c/en/unfortunate","/c/en/person","/c/en/zeuxis"],"weight":0.22173999999999988,"degrees":[63,15,379,12935,51]},"num_concepts_raised":26716},{"base_id":306,"kind":"bot_words","i1":6,"i2":8,"sol":{"path":["/c/en/goguryeo","/c/en/country","/c/en/boundary","/c/en/compressible","/c/en/compressibility"],"weight":0.2082899999999998,"degrees":[63,2796,774,47,38]},"num_concepts_raised":15936},{"base_id":306,"kind":"bot_words","i1":6,"i2":9,"sol":{"path":["/c/en/goguryeo","/c/en/country","/c/en/company","/c/en/maserati"],"weight":0.2135599999999997,"degrees":[63,2796,2258,61]},"num_concepts_raised":18478},{"base_id":306,"kind":"bot_words","i1":7,"i2":8,"sol":{"path":["/c/en/zeuxis","/c/en/person","/c/en/energy","/c/en/thermodynamics","/c/en/compressibility"],"weight":0.2143499999999999,"degrees":[51,12935,1631,307,38]},"num_concepts_raised":13505},{"base_id":306,"kind":"bot_words","i1":7,"i2":9,"sol":{"path":["/c/en/zeuxis","/c/en/person","/c/en/company","/c/en/maserati"],"weight":0.21961999999999976,"degrees":[51,12935,2258,61]},"num_concepts_raised":16045},{"base_id":306,"kind":"bot_words","i1":8,"i2":9,"sol":{"path":["/c/en/compressibility","/c/en/compress","/c/en/compact","/c/en/car","/c/en/maserati"],"weight":0.21021999999999968,"degrees":[38,417,450,2328,61]},"num_concepts_raised":5095}],[{"base_id":306,"kind":"top_words","i1":0,"i2":1,"sol":{"path":["/c/en/spokeswoman","/c/en/speak","/c/en/talk","/c/en/palter"],"weight":0.20319999999999994,"degrees":[56,1441,1956,26]},"num_concepts_raised":4413},{"base_id":306,"kind":"top_words","i1":0,"i2":2,"sol":{"path":["/c/en/spokeswoman","/c/en/spokesperson"],"weight":0.20600000000000002,"degrees":[56,158]},"num_concepts_raised":138},{"base_id":306,"kind":"top_words","i1":0,"i2":3,"sol":{"path":["/c/en/spokeswoman","/c/en/spokesperson","/c/en/person","/c/en/british","/c/en/holidaymaker"],"weight":0.20564,"degrees":[56,158,12935,3452,28]},"num_concepts_raised":6387},{"base_id":306,"kind":"top_words","i1":0,"i2":4,"sol":{"path":["/c/en/spokeswoman","/c/en/spokesperson","/c/en/front","/c/en/cover","/c/en/lour"],"weight":0.2055299999999999,"degrees":[56,158,1105,2802,35]},"num_concepts_raised":7343},{"base_id":306,"kind":"top_words","i1":0,"i2":5,"sol":{"path":["/c/en/spokeswoman","/c/en/spokesperson","/c/en/person","/c/en/slip","/c/en/slive"],"weight":0.20553999999999994,"degrees":[56,158,12935,1135,29]},"num_concepts_raised":14350},{"base_id":306,"kind":"top_words","i1":0,"i2":6,"sol":{"path":["/c/en/spokeswoman","/c/en/spokesperson","/c/en/person","/c/en/bail","/c/en/bailer"],"weight":0.20668999999999996,"degrees":[56,158,12935,380,32]},"num_concepts_raised":10026},{"base_id":306,"kind":"top_words","i1":0,"i2":7,"sol":{"path":["/c/en/spokeswoman","/c/en/spokesman","/c/en/man","/c/en/bird","/c/en/crex"],"weight":0.20975999999999995,"degrees":[56,141,3068,4970,32]},"num_concepts_raised":6031},{"base_id":306,"kind":"top_words","i1":0,"i2":8,"sol":{"path":["/c/en/spokeswoman","/c/en/speak","/c/en/gob_up","/c/en/clog","/c/en/cloy"],"weight":0.20346999999999982,"degrees":[56,1441,20,373,58]},"num_concepts_raised":6195},{"base_id":306,"kind":"top_words","i1":0,"i2":9,"sol":{"path":["/c/en/spokeswoman","/c/fi/tiedottaja","/c/en/communicator","/c/en/respondent","/c/en/hedger"],"weight":0.20322999999999994,"degrees":[56,12,94,71,29]},"num_concepts_raised":2485},{"base_id":306,"kind":"top_words","i1":1,"i2":2,"sol":{"path":["/c/en/palter","/c/en/talk","/c/en/person","/c/en/spokesperson"],"weight":0.20557999999999982,"degrees":[26,1956,12935,158]},"num_concepts_raised":23434},{"base_id":306,"kind":"top_words","i1":1,"i2":3,"sol":{"path":["/c/en/palter","/c/en/talk","/c/en/us","/c/en/vacationer","/c/en/holidaymaker"],"weight":0.20390999999999992,"degrees":[26,1956,8154,53,28]},"num_concepts_raised":7993},{"base_id":306,"kind":"top_words","i1":1,"i2":4,"sol":{"path":["/c/en/palter","/c/en/paltry","/c/fr/inférieur","/c/en/lower","/c/en/lour"],"weight":0.20373999999999987,"degrees":[26,131,434,881,35]},"num_concepts_raised":8937},{"base_id":306,"kind":"top_words","i1":1,"i2":5,"sol":{"path":["/c/en/palter","/c/en/chatter","/c/en/cut","/c/en/slive"],"weight":0.2027799999999999,"degrees":[26,539,2951,29]},"num_concepts_raised":15926},{"base_id":306,"kind":"top_words","i1":1,"i2":6,"sol":{"path":["/c/en/palter","/c/en/prevaricate","/c/en/legal","/c/en/bailer"],"weight":0.20273999999999992,"degrees":[26,72,6627,32]},"num_concepts_raised":11623},{"base_id":306,"kind":"top_words","i1":1,"i2":7,"sol":{"path":["/c/en/palter","/c/en/talk","/c/en/swallow","/c/en/bird","/c/en/crex"],"weight":0.2078299999999999,"degrees":[26,1956,1147,4970,32]},"num_concepts_raised":7646},{"base_id":306,"kind":"top_words","i1":1,"i2":8,"sol":{"path":["/c/en/palter","/c/en/talk","/c/en/good","/c/en/satisfy","/c/en/cloy"],"weight":0.20297999999999977,"degrees":[26,1956,2615,436,58]},"num_concepts_raised":7810},{"base_id":306,"kind":"top_words","i1":1,"i2":9,"sol":{"path":["/c/en/palter","/c/en/equivocate","/c/en/equivocator","/c/en/hedger"],"weight":0.20262999999999987,"degrees":[26,52,9,29]},"num_concepts_raised":4099},{"base_id":306,"kind":"top_words","i1":2,"i2":3,"sol":{"path":["/c/en/spokesperson","/c/en/person","/c/en/british","/c/en/holidaymaker"],"weight":0.20567999999999986,"degrees":[158,12935,3452,28]},"num_concepts_raised":25304},{"base_id":306,"kind":"top_words","i1":2,"i2":4,"sol":{"path":["/c/en/spokesperson","/c/en/front","/c/en/cover","/c/en/lour"],"weight":0.2044899999999998,"degrees":[158,1105,2802,35]},"num_concepts_raised":26292},{"base_id":306,"kind":"top_words","i1":2,"i2":5,"sol":{"path":["/c/en/spokesperson","/c/en/person","/c/en/slip","/c/en/slive"],"weight":0.20557999999999985,"degrees":[158,12935,1135,29]},"num_concepts_raised":33170},{"base_id":306,"kind":"top_words","i1":2,"i2":6,"sol":{"path":["/c/en/spokesperson","/c/en/person","/c/en/bail","/c/en/bailer"],"weight":0.20672999999999986,"degrees":[158,12935,380,32]},"num_concepts_raised":28820},{"base_id":306,"kind":"top_words","i1":2,"i2":7,"sol":{"path":["/c/en/spokesperson","/c/en/spokesman","/c/en/man","/c/en/bird","/c/en/crex"],"weight":0.21251999999999988,"degrees":[158,141,3068,4970,32]},"num_concepts_raised":25060},{"base_id":306,"kind":"top_words","i1":2,"i2":8,"sol":{"path":["/c/en/spokesperson","/c/en/person","/c/en/sated","/c/en/satiate","/c/en/cloy"],"weight":0.20591999999999971,"degrees":[158,12935,64,159,58]},"num_concepts_raised":25193},{"base_id":306,"kind":"top_words","i1":2,"i2":9,"sol":{"path":["/c/en/spokesperson","/c/en/person","/c/en/like","/c/en/hedge","/c/en/hedger"],"weight":0.20660999999999982,"degrees":[158,12935,2357,546,29]},"num_concepts_raised":21569},{"base_id":306,"kind":"top_words","i1":3,"i2":4,"sol":{"path":["/c/en/holidaymaker","/c/en/holiday","/c/en/case","/c/en/lower","/c/en/lour"],"weight":0.2049299999999999,"degrees":[28,833,1773,881,35]},"num_concepts_raised":10534},{"base_id":306,"kind":"top_words","i1":3,"i2":5,"sol":{"path":["/c/en/holidaymaker","/c/en/british","/c/en/slice","/c/en/slive"],"weight":0.20381999999999995,"degrees":[28,3452,652,29]},"num_concepts_raised":17429},{"base_id":306,"kind":"top_words","i1":3,"i2":6,"sol":{"path":["/c/en/holidaymaker","/c/en/maker","/c/en/legal","/c/en/bailer"],"weight":0.20278999999999994,"degrees":[28,486,6627,32]},"num_concepts_raised":13166},{"base_id":306,"kind":"top_words","i1":3,"i2":7,"sol":{"path":["/c/en/holidaymaker","/c/en/vacationer","/c/en/us","/c/en/bird","/c/en/crex"],"weight":0.20910999999999996,"degrees":[28,53,8154,4970,32]},"num_concepts_raised":9257},{"base_id":306,"kind":"top_words","i1":3,"i2":8,"sol":{"path":["/c/en/holidaymaker","/c/en/british","/c/en/green","/c/en/cloy"],"weight":0.2030499999999998,"degrees":[28,3452,1796,58]},"num_concepts_raised":9388},{"base_id":306,"kind":"top_words","i1":3,"i2":9,"sol":{"path":["/c/en/holidaymaker","/c/en/holiday","/c/en/employee","/c/en/gardener","/c/en/hedger"],"weight":0.20386999999999994,"degrees":[28,833,734,319,29]},"num_concepts_raised":5730},{"base_id":306,"kind":"top_words","i1":4,"i2":5,"sol":{"path":["/c/en/lour","/c/en/lower","/c/en/cut","/c/en/slive"],"weight":0.20389999999999986,"degrees":[35,881,2951,29]},"num_concepts_raised":18382},{"base_id":306,"kind":"top_words","i1":4,"i2":6,"sol":{"path":["/c/en/lour","/c/en/lower","/c/en/bailiff","/c/en/bailer"],"weight":0.20384999999999986,"degrees":[35,881,269,32]},"num_concepts_raised":14157},{"base_id":306,"kind":"top_words","i1":4,"i2":7,"sol":{"path":["/c/en/lour","/c/en/lower","/c/en/duck","/c/en/bird","/c/en/crex"],"weight":0.20894999999999989,"degrees":[35,881,1215,4970,32]},"num_concepts_raised":10224},{"base_id":306,"kind":"top_words","i1":4,"i2":8,"sol":{"path":["/c/en/lour","/c/en/cover","/c/en/satisfy","/c/en/cloy"],"weight":0.20306999999999975,"degrees":[35,2802,436,58]},"num_concepts_raised":10283},{"base_id":306,"kind":"top_words","i1":4,"i2":9,"sol":{"path":["/c/en/lour","/c/en/lower","/c/en/duck","/c/en/hedge","/c/en/hedger"],"weight":0.20482999999999985,"degrees":[35,881,1215,546,29]},"num_concepts_raised":6687},{"base_id":306,"kind":"top_words","i1":5,"i2":6,"sol":{"path":["/c/en/slive","/c/en/slice","/c/en/australia","/c/en/bail","/c/en/bailer"],"weight":0.20491999999999994,"degrees":[29,652,2690,380,32]},"num_concepts_raised":20993},{"base_id":306,"kind":"top_words","i1":5,"i2":7,"sol":{"path":["/c/en/slive","/c/en/slice","/c/en/hawk","/c/en/bird","/c/en/crex"],"weight":0.20889999999999992,"degrees":[29,652,626,4970,32]},"num_concepts_raised":17225},{"base_id":306,"kind":"top_words","i1":5,"i2":8,"sol":{"path":["/c/en/slive","/c/en/slice","/c/en/golf","/c/en/green","/c/en/cloy"],"weight":0.2040599999999998,"degrees":[29,652,830,1796,58]},"num_concepts_raised":17295},{"base_id":306,"kind":"top_words","i1":5,"i2":9,"sol":{"path":["/c/en/slive","/c/en/slice","/c/en/quick","/c/en/hedge","/c/en/hedger"],"weight":0.2047699999999999,"degrees":[29,652,894,546,29]},"num_concepts_raised":13695},{"base_id":306,"kind":"top_words","i1":6,"i2":7,"sol":{"path":["/c/en/bailer","/c/en/bail","/c/en/uk","/c/en/bird","/c/en/crex"],"weight":0.2090499999999999,"degrees":[32,380,5562,4970,32]},"num_concepts_raised":12917},{"base_id":306,"kind":"top_words","i1":6,"i2":8,"sol":{"path":["/c/en/bailer","/c/en/legal","/c/en/green","/c/en/cloy"],"weight":0.20303999999999978,"degrees":[32,6627,1796,58]},"num_concepts_raised":13030},{"base_id":306,"kind":"top_words","i1":6,"i2":9,"sol":{"path":["/c/en/bailer","/c/en/legal","/c/en/respondent","/c/en/hedger"],"weight":0.20275999999999988,"degrees":[32,6627,71,29]},"num_concepts_raised":9371},{"base_id":306,"kind":"top_words","i1":7,"i2":8,"sol":{"path":["/c/en/crex","/c/en/bird","/c/en/foul","/c/en/clog","/c/en/cloy"],"weight":0.20814999999999978,"degrees":[32,4970,496,373,58]},"num_concepts_raised":9063},{"base_id":306,"kind":"top_words","i1":7,"i2":9,"sol":{"path":["/c/en/crex","/c/en/bird","/c/en/duck","/c/en/hedge","/c/en/hedger"],"weight":0.2088999999999999,"degrees":[32,4970,1215,546,29]},"num_concepts_raised":5375},{"base_id":306,"kind":"top_words","i1":8,"i2":9,"sol":{"path":["/c/en/cloy","/c/en/green","/c/en/hedge","/c/en/hedger"],"weight":0.20399999999999974,"degrees":[58,1796,546,29]},"num_concepts_raised":5526}]]