[[{"base_id":527,"kind":"bot_words","i1":0,"i2":1,"sol":{"path":["/c/en/endocrinologist","/c/en/doctor","/c/en/registrar","/c/en/internet","/c/en/icq"],"weight":0.21058999999999983,"degrees":[47,1654,122,2994,67]},"num_concepts_raised":6046},{"base_id":527,"kind":"bot_words","i1":0,"i2":2,"sol":{"path":["/c/en/endocrinologist","/c/en/endocrinology","/c/en/hormone","/c/en/plant","/c/en/phalaris"],"weight":0.21349999999999983,"degrees":[47,82,647,7959,61]},"num_concepts_raised":10417},{"base_id":527,"kind":"bot_words","i1":0,"i2":3,"sol":{"path":["/c/en/endocrinologist","/c/en/doctor","/c/en/work","/c/en/break","/c/en/breakage"],"weight":0.21380999999999967,"degrees":[47,1654,4013,2938,125]},"num_concepts_raised":8156},{"base_id":527,"kind":"bot_words","i1":0,"i2":4,"sol":{"path":["/c/en/endocrinologist","/c/en/doctor","/c/en/house","/c/en/metaphorical"],"weight":0.20450999999999975,"degrees":[47,1654,3114,139]},"num_concepts_raised":9465},{"base_id":527,"kind":"bot_words","i1":0,"i2":5,"sol":{"path":["/c/en/endocrinologist","/c/en/endocrinology","/c/en/medicine","/c/en/coining"],"weight":0.20402999999999993,"degrees":[47,82,11938,25]},"num_concepts_raised":19424},{"base_id":527,"kind":"bot_words","i1":0,"i2":6,"sol":{"path":["/c/en/endocrinologist","/c/en/doctor","/c/en/people","/c/en/ethnic_group","/c/en/yugur"],"weight":0.2081499999999999,"degrees":[47,1654,4475,622,32]},"num_concepts_raised":2441},{"base_id":527,"kind":"bot_words","i1":0,"i2":7,"sol":{"path":["/c/en/endocrinologist","/c/en/endocrinology","/c/en/study","/c/en/astronomy","/c/en/europa"],"weight":0.21100999999999975,"degrees":[47,82,1753,4553,217]},"num_concepts_raised":16317},{"base_id":527,"kind":"bot_words","i1":0,"i2":8,"sol":{"path":["/c/en/endocrinologist","/c/en/doctor","/c/mul/😷","/c/fr/masque","/c/fr/randonnée_subaquatique","/c/en/snorkeling"],"weight":0.2098108999999998,"degrees":[47,1654,504,201,12,32]},"num_concepts_raised":238145},{"base_id":527,"kind":"bot_words","i1":0,"i2":9,"sol":{"path":["/c/en/endocrinologist","/c/en/endocrinology","/c/en/hormone","/c/en/plant","/c/en/bromelia"],"weight":0.20913999999999994,"degrees":[47,82,647,7959,34]},"num_concepts_raised":9238},{"base_id":527,"kind":"bot_words","i1":1,"i2":2,"sol":{"path":["/c/en/icq","/c/en/internet","/c/en/seed","/c/en/plant","/c/en/phalaris"],"weight":0.2196899999999996,"degrees":[67,2994,1813,7959,61]},"num_concepts_raised":13057},{"base_id":527,"kind":"bot_words","i1":1,"i2":3,"sol":{"path":["/c/en/icq","/c/en/internet","/c/en/computing","/c/en/break","/c/en/breakage"],"weight":0.22088999999999948,"degrees":[67,2994,9084,2938,125]},"num_concepts_raised":10774},{"base_id":527,"kind":"bot_words","i1":1,"i2":4,"sol":{"path":["/c/en/icq","/c/en/internet","/c/en/computer","/c/en/metaphor","/c/en/metaphorical"],"weight":0.21286999999999953,"degrees":[67,2994,2068,389,139]},"num_concepts_raised":12078},{"base_id":527,"kind":"bot_words","i1":1,"i2":5,"sol":{"path":["/c/en/icq","/c/en/internet","/c/en/unit","/c/en/coin","/c/en/coining"],"weight":0.2101599999999997,"degrees":[67,2994,1582,1336,25]},"num_concepts_raised":22149},{"base_id":527,"kind":"bot_words","i1":1,"i2":6,"sol":{"path":["/c/en/icq","/c/en/software","/c/en/cherokee","/c/en/ethnic_group","/c/en/yugur"],"weight":0.2131699999999997,"degrees":[67,1812,175,622,32]},"num_concepts_raised":5091},{"base_id":527,"kind":"bot_words","i1":1,"i2":7,"sol":{"path":["/c/en/icq","/c/en/internet","/c/en/poodle","/c/en/europe","/c/en/europa"],"weight":0.21788999999999953,"degrees":[67,2994,214,765,217]},"num_concepts_raised":18943},{"base_id":527,"kind":"bot_words","i1":1,"i2":8,"sol":{"path":["/c/en/icq","/c/en/internet","/c/en/periscope","/c/en/snorkel","/c/en/snorkeling"],"weight":0.21126999999999974,"degrees":[67,2994,80,126,32]},"num_concepts_raised":5087},{"base_id":527,"kind":"bot_words","i1":1,"i2":9,"sol":{"path":["/c/en/icq","/c/en/internet","/c/en/cola","/c/en/plant","/c/en/bromelia"],"weight":0.21531999999999973,"degrees":[67,2994,151,7959,34]},"num_concepts_raised":11877},{"base_id":527,"kind":"bot_words","i1":2,"i2":3,"sol":{"path":["/c/en/phalaris","/c/en/grass","/c/en/breakup","/c/en/break","/c/en/breakage"],"weight":0.22288999999999948,"degrees":[61,1578,78,2938,125]},"num_concepts_raised":15154},{"base_id":527,"kind":"bot_words","i1":2,"i2":4,"sol":{"path":["/c/en/phalaris","/c/en/plant","/c/en/house","/c/en/metaphorical"],"weight":0.21359999999999954,"degrees":[61,7959,3114,139]},"num_concepts_raised":16356},{"base_id":527,"kind":"bot_words","i1":2,"i2":5,"sol":{"path":["/c/en/phalaris","/c/en/plant","/c/en/slang","/c/en/coin","/c/en/coining"],"weight":0.21215999999999974,"degrees":[61,7959,16318,1336,25]},"num_concepts_raised":26456},{"base_id":527,"kind":"bot_words","i1":2,"i2":6,"sol":{"path":["/c/en/phalaris","/c/en/plant","/c/en/factory","/c/en/people","/c/en/ethnic_group","/c/en/yugur"],"weight":0.22032699999999875,"degrees":[61,7959,910,4475,622,32]},"num_concepts_raised":447030},{"base_id":527,"kind":"bot_words","i1":2,"i2":7,"sol":{"path":["/c/en/phalaris","/c/en/plant","/c/en/earth","/c/en/europe","/c/en/europa"],"weight":0.21993999999999955,"degrees":[61,7959,2336,765,217]},"num_concepts_raised":23285},{"base_id":527,"kind":"bot_words","i1":2,"i2":8,"sol":{"path":["/c/en/phalaris","/c/en/plant","/c/en/sport","/c/en/snorkel","/c/en/snorkeling"],"weight":0.21324999999999972,"degrees":[61,7959,1809,126,32]},"num_concepts_raised":9472},{"base_id":527,"kind":"bot_words","i1":2,"i2":9,"sol":{"path":["/c/en/phalaris","/c/en/monocot_genus","/c/en/bromelia"],"weight":0.20800000000000002,"degrees":[61,242,34]},"num_concepts_raised":83},{"base_id":527,"kind":"bot_words","i1":3,"i2":4,"sol":{"path":["/c/en/breakage","/c/en/burst","/c/en/bubble","/c/en/metaphorical"],"weight":0.2102899999999994,"degrees":[125,699,633,139]},"num_concepts_raised":14105},{"base_id":527,"kind":"bot_words","i1":3,"i2":5,"sol":{"path":["/c/en/breakage","/c/ar/كسر","/c/en/linguistics","/c/en/coining"],"weight":0.21085999999999958,"degrees":[125,81,4250,25]},"num_concepts_raised":24183},{"base_id":527,"kind":"bot_words","i1":3,"i2":6,"sol":{"path":["/c/en/breakage","/c/en/break","/c/en/man","/c/en/ethnic_group","/c/en/yugur"],"weight":0.21840999999999955,"degrees":[125,2938,3068,622,32]},"num_concepts_raised":7215},{"base_id":527,"kind":"bot_words","i1":3,"i2":7,"sol":{"path":["/c/en/breakage","/c/en/musical_artist","/c/en/princess","/c/en/europa"],"weight":0.2154699999999994,"degrees":[125,462,454,217]},"num_concepts_raised":21043},{"base_id":527,"kind":"bot_words","i1":3,"i2":8,"sol":{"path":["/c/en/breakage","/c/ms/istirahat","/c/en/snorkel","/c/en/snorkeling"],"weight":0.20981999999999956,"degrees":[125,17,126,32]},"num_concepts_raised":7205},{"base_id":527,"kind":"bot_words","i1":3,"i2":9,"sol":{"path":["/c/en/breakage","/c/en/break","/c/en/escape","/c/en/plant","/c/en/bromelia"],"weight":0.21852999999999956,"degrees":[125,2938,1177,7959,34]},"num_concepts_raised":13986},{"base_id":527,"kind":"bot_words","i1":4,"i2":5,"sol":{"path":["/c/en/metaphorical","/c/en/halo","/c/en/medicine","/c/en/coining"],"weight":0.20405999999999966,"degrees":[139,337,11938,25]},"num_concepts_raised":25496},{"base_id":527,"kind":"bot_words","i1":4,"i2":6,"sol":{"path":["/c/en/metaphorical","/c/en/house","/c/en/people","/c/en/ethnic_group","/c/en/yugur"],"weight":0.2091999999999996,"degrees":[139,3114,4475,622,32]},"num_concepts_raised":8534},{"base_id":527,"kind":"bot_words","i1":4,"i2":7,"sol":{"path":["/c/en/metaphorical","/c/en/halo","/c/en/astronomy","/c/en/europa"],"weight":0.2110899999999995,"degrees":[139,337,4553,217]},"num_concepts_raised":22266},{"base_id":527,"kind":"bot_words","i1":4,"i2":8,"sol":{"path":["/c/en/metaphorical","/c/en/house","/c/en/move","/c/en/swimming","/c/en/snorkeling"],"weight":0.20417999999999964,"degrees":[139,3114,2810,587,32]},"num_concepts_raised":8528},{"base_id":527,"kind":"bot_words","i1":4,"i2":9,"sol":{"path":["/c/en/metaphorical","/c/en/tropical","/c/en/bromeliad","/c/en/bromelia"],"weight":0.20926999999999968,"degrees":[139,413,113,34]},"num_concepts_raised":15218},{"base_id":527,"kind":"bot_words","i1":5,"i2":6,"sol":{"path":["/c/en/coining","/c/en/linguistics","/c/vi/mường","/c/en/ethnic_group","/c/en/yugur"],"weight":0.2076999999999998,"degrees":[25,4250,17,622,32]},"num_concepts_raised":18605},{"base_id":527,"kind":"bot_words","i1":5,"i2":7,"sol":{"path":["/c/en/coining","/c/en/asia","/c/en/europe","/c/en/europa"],"weight":0.21035999999999966,"degrees":[25,805,765,217]},"num_concepts_raised":32323},{"base_id":527,"kind":"bot_words","i1":5,"i2":8,"sol":{"path":["/c/en/coining","/c/en/medicine","/c/en/ventilation","/c/en/snorkel","/c/en/snorkeling"],"weight":0.20370999999999984,"degrees":[25,11938,220,126,32]},"num_concepts_raised":18604},{"base_id":527,"kind":"bot_words","i1":5,"i2":9,"sol":{"path":["/c/en/coining","/c/en/coin","/c/en/die","/c/en/plant","/c/en/bromelia"],"weight":0.2077899999999998,"degrees":[25,1336,2528,7959,34]},"num_concepts_raised":25299},{"base_id":527,"kind":"bot_words","i1":6,"i2":7,"sol":{"path":["/c/en/yugur","/c/en/ethnic_group","/c/en/mulatto","/c/en/europe","/c/en/europa"],"weight":0.21543999999999963,"degrees":[32,622,142,765,217]},"num_concepts_raised":15369},{"base_id":527,"kind":"bot_words","i1":6,"i2":8,"sol":{"path":["/c/en/yugur","/c/en/ethnic_group","/c/en/comanche","/c/en/engine","/c/en/snorkel","/c/en/snorkeling"],"weight":0.21191559999999965,"degrees":[32,622,83,730,126,32]},"num_concepts_raised":100954},{"base_id":527,"kind":"bot_words","i1":6,"i2":9,"sol":{"path":["/c/en/yugur","/c/en/ethnic_group","/c/en/people","/c/en/factory","/c/en/plant","/c/en/bromelia"],"weight":0.2154892999999986,"degrees":[32,622,4475,910,7959,34]},"num_concepts_raised":385555},{"base_id":527,"kind":"bot_words","i1":7,"i2":8,"sol":{"path":["/c/en/europa","/c/ru/европа","/c/fr/marine","/c/fr/plongée","/c/en/snorkeling"],"weight":0.21154999999999965,"degrees":[217,60,4216,116,32]},"num_concepts_raised":15366},{"base_id":527,"kind":"bot_words","i1":7,"i2":9,"sol":{"path":["/c/en/europa","/c/en/europe","/c/en/earth","/c/en/plant","/c/en/bromelia"],"weight":0.21557999999999966,"degrees":[217,765,2336,7959,34]},"num_concepts_raised":22111},{"base_id":527,"kind":"bot_words","i1":8,"i2":9,"sol":{"path":["/c/en/snorkeling","/c/en/snorkel","/c/en/sport","/c/en/plant","/c/en/bromelia"],"weight":0.20888999999999985,"degrees":[32,126,1809,7959,34]},"num_concepts_raised":8292}],[{"base_id":527,"kind":"top_words","i1":0,"i2":1,"sol":{"path":["/c/en/fossilize","/c/en/fossil","/c/en/remains","/c/en/remain","/c/en/remaining"],"weight":0.20811999999999942,"degrees":[56,447,226,636,189]},"num_concepts_raised":10426},{"base_id":527,"kind":"top_words","i1":0,"i2":2,"sol":{"path":["/c/en/fossilize","/c/en/convert","/c/en/person","/c/en/sensualist","/c/en/sensuality"],"weight":0.20374999999999976,"degrees":[56,798,12935,41,88]},"num_concepts_raised":4198},{"base_id":527,"kind":"top_words","i1":0,"i2":3,"sol":{"path":["/c/en/fossilize","/c/en/senesce","/c/en/turn","/c/en/left"],"weight":0.2221999999999989,"degrees":[56,51,2413,926]},"num_concepts_raised":49894},{"base_id":527,"kind":"top_words","i1":0,"i2":4,"sol":{"path":["/c/en/fossilize","/c/en/fossil","/c/en/animal","/c/en/race","/c/en/repechage"],"weight":0.2044599999999998,"degrees":[56,447,3735,1372,56]},"num_concepts_raised":13833},{"base_id":527,"kind":"top_words","i1":0,"i2":5,"sol":{"path":["/c/en/fossilize","/c/en/convert","/c/en/flour","/c/en/seconds"],"weight":0.2032499999999997,"degrees":[56,798,793,61]},"num_concepts_raised":21141},{"base_id":527,"kind":"top_words","i1":0,"i2":6,"sol":{"path":["/c/en/fossilize","/c/en/fossil","/c/en/gas","/c/en/heat","/c/en/estrus"],"weight":0.20450999999999975,"degrees":[56,447,1636,2046,55]},"num_concepts_raised":4573},{"base_id":527,"kind":"top_words","i1":0,"i2":7,"sol":{"path":["/c/en/fossilize","/c/en/convert","/c/en/person","/c/en/punished","/c/en/unpunished"],"weight":0.2040699999999998,"degrees":[56,798,12935,45,41]},"num_concepts_raised":2137},{"base_id":527,"kind":"top_words","i1":0,"i2":8,"sol":{"path":["/c/en/fossilize","/c/en/convert","/c/en/change","/c/en/break","/c/en/intermission"],"weight":0.20765999999999973,"degrees":[56,798,3383,2938,180]},"num_concepts_raised":19860},{"base_id":527,"kind":"top_words","i1":0,"i2":9,"sol":{"path":["/c/en/fossilize","/c/en/fossil","/c/en/mineral","/c/en/glass","/c/en/backhander"],"weight":0.20421999999999976,"degrees":[56,447,8530,1851,39]},"num_concepts_raised":16571},{"base_id":527,"kind":"top_words","i1":1,"i2":2,"sol":{"path":["/c/en/remaining","/c/en/remain","/c/en/action","/c/en/pleasure","/c/en/sensuality"],"weight":0.20741999999999944,"degrees":[189,636,2156,1118,88]},"num_concepts_raised":10920},{"base_id":527,"kind":"top_words","i1":1,"i2":3,"sol":{"path":["/c/en/remaining","/c/en/left"],"weight":0.20600000000000002,"degrees":[189,926]},"num_concepts_raised":844},{"base_id":527,"kind":"top_words","i1":1,"i2":4,"sol":{"path":["/c/en/remaining","/c/en/rest","/c/en/final","/c/en/repechage"],"weight":0.20621999999999946,"degrees":[189,2053,597,56]},"num_concepts_raised":20304},{"base_id":527,"kind":"top_words","i1":1,"i2":5,"sol":{"path":["/c/en/remaining","/c/en/after","/c/en/second","/c/en/seconds"],"weight":0.20712999999999937,"degrees":[189,932,1367,61]},"num_concepts_raised":27327},{"base_id":527,"kind":"top_words","i1":1,"i2":6,"sol":{"path":["/c/en/remaining","/c/en/remain","/c/en/fly","/c/en/oestrus","/c/en/estrus"],"weight":0.20795999999999937,"degrees":[189,636,2276,71,55]},"num_concepts_raised":11293},{"base_id":527,"kind":"top_words","i1":1,"i2":7,"sol":{"path":["/c/en/remaining","/c/en/left","/c/en/escape","/c/zh/漏網","/c/en/unpunished"],"weight":0.20606999999999948,"degrees":[189,926,1177,6,41]},"num_concepts_raised":8894},{"base_id":527,"kind":"top_words","i1":1,"i2":8,"sol":{"path":["/c/en/remaining","/c/en/rest","/c/en/break","/c/en/intermission"],"weight":0.21094999999999936,"degrees":[189,2053,2938,180]},"num_concepts_raised":26085},{"base_id":527,"kind":"top_words","i1":1,"i2":9,"sol":{"path":["/c/en/remaining","/c/en/left","/c/en/hand","/c/en/backhander"],"weight":0.20615999999999943,"degrees":[189,926,2596,39]},"num_concepts_raised":22996},{"base_id":527,"kind":"top_words","i1":2,"i2":3,"sol":{"path":["/c/en/sensuality","/c/ja/色","/c/ja/ピンク","/c/en/left"],"weight":0.22030999999999895,"degrees":[88,332,42,926]},"num_concepts_raised":50460},{"base_id":527,"kind":"top_words","i1":2,"i2":4,"sol":{"path":["/c/en/sensuality","/c/en/sensual","/c/en/hot","/c/en/heat","/c/en/repechage"],"weight":0.20400999999999983,"degrees":[88,146,1227,2046,56]},"num_concepts_raised":14319},{"base_id":527,"kind":"top_words","i1":2,"i2":5,"sol":{"path":["/c/en/sensuality","/c/en/pleasure","/c/en/food","/c/en/seconds"],"weight":0.20381999999999972,"degrees":[88,1118,4281,61]},"num_concepts_raised":21619},{"base_id":527,"kind":"top_words","i1":2,"i2":6,"sol":{"path":["/c/en/sensuality","/c/la/libido","/c/en/passion","/c/en/oestrus","/c/en/estrus"],"weight":0.20483999999999974,"degrees":[88,61,580,71,55]},"num_concepts_raised":5066},{"base_id":527,"kind":"top_words","i1":2,"i2":7,"sol":{"path":["/c/en/sensuality","/c/en/sensualist","/c/en/person","/c/en/punished","/c/en/unpunished"],"weight":0.20459999999999984,"degrees":[88,41,12935,45,41]},"num_concepts_raised":2643},{"base_id":527,"kind":"top_words","i1":2,"i2":8,"sol":{"path":["/c/en/sensuality","/c/en/pleasure","/c/en/play","/c/en/intermission"],"weight":0.20665999999999973,"degrees":[88,1118,3092,180]},"num_concepts_raised":20325},{"base_id":527,"kind":"top_words","i1":2,"i2":9,"sol":{"path":["/c/en/sensuality","/c/ja/色","/c/en/face","/c/en/backhander"],"weight":0.20358999999999977,"degrees":[88,332,2479,39]},"num_concepts_raised":17054},{"base_id":527,"kind":"top_words","i1":3,"i2":4,"sol":{"path":["/c/en/left","/c/en/left_wing","/c/en/sports","/c/en/repechage"],"weight":0.22515999999999894,"degrees":[926,183,3417,56]},"num_concepts_raised":58682},{"base_id":527,"kind":"top_words","i1":3,"i2":5,"sol":{"path":["/c/en/left","/c/en/right","/c/en/moment","/c/en/seconds"],"weight":0.22934999999999883,"degrees":[926,2319,912,61]},"num_concepts_raised":66263},{"base_id":527,"kind":"top_words","i1":3,"i2":6,"sol":{"path":["/c/en/left","/c/en/turn","/c/en/heat","/c/en/estrus"],"weight":0.22244999999999887,"degrees":[926,2413,2046,55]},"num_concepts_raised":50828},{"base_id":527,"kind":"top_words","i1":3,"i2":7,"sol":{"path":["/c/en/left","/c/en/escape","/c/zh/漏網","/c/en/unpunished"],"weight":0.21970999999999896,"degrees":[926,1177,6,41]},"num_concepts_raised":48532},{"base_id":527,"kind":"top_words","i1":3,"i2":8,"sol":{"path":["/c/en/left","/c/en/between","/c/en/intermission"],"weight":0.20400000000000001,"degrees":[926,565,180]},"num_concepts_raised":843},{"base_id":527,"kind":"top_words","i1":3,"i2":9,"sol":{"path":["/c/en/left","/c/en/hand","/c/en/backhander"],"weight":0.20600000000000002,"degrees":[926,2596,39]},"num_concepts_raised":736},{"base_id":527,"kind":"top_words","i1":4,"i2":5,"sol":{"path":["/c/en/repechage","/c/nl/herkansing","/c/en/second","/c/en/seconds"],"weight":0.20556999999999975,"degrees":[56,10,1367,61]},"num_concepts_raised":30809},{"base_id":527,"kind":"top_words","i1":4,"i2":6,"sol":{"path":["/c/en/repechage","/c/en/heat","/c/en/estrus"],"weight":0.202,"degrees":[56,2046,55]},"num_concepts_raised":98},{"base_id":527,"kind":"top_words","i1":4,"i2":7,"sol":{"path":["/c/en/repechage","/c/en/sports","/c/en/loose_handed","/c/en/undisciplined","/c/en/unpunished"],"weight":0.20428999999999986,"degrees":[56,3417,26,81,41]},"num_concepts_raised":12308},{"base_id":527,"kind":"top_words","i1":4,"i2":8,"sol":{"path":["/c/en/repechage","/c/en/sports","/c/en/break","/c/en/intermission"],"weight":0.20787999999999976,"degrees":[56,3417,2938,180]},"num_concepts_raised":29444},{"base_id":527,"kind":"top_words","i1":4,"i2":9,"sol":{"path":["/c/en/repechage","/c/en/fencing","/c/it/manrovescio","/c/en/backhander"],"weight":0.2041399999999998,"degrees":[56,596,12,39]},"num_concepts_raised":26213},{"base_id":527,"kind":"top_words","i1":5,"i2":6,"sol":{"path":["/c/en/seconds","/c/en/time","/c/en/heat","/c/en/estrus"],"weight":0.2037499999999997,"degrees":[61,4124,2046,55]},"num_concepts_raised":21946},{"base_id":527,"kind":"top_words","i1":5,"i2":7,"sol":{"path":["/c/en/seconds","/c/en/second","/c/en/case","/c/en/walk_free","/c/en/unpunished"],"weight":0.20533999999999977,"degrees":[61,1367,1773,10,41]},"num_concepts_raised":19617},{"base_id":527,"kind":"top_words","i1":5,"i2":8,"sol":{"path":["/c/en/seconds","/c/en/time","/c/en/break","/c/en/intermission"],"weight":0.20795999999999967,"degrees":[61,4124,2938,180]},"num_concepts_raised":36595},{"base_id":527,"kind":"top_words","i1":5,"i2":9,"sol":{"path":["/c/en/seconds","/c/en/second","/c/en/back","/c/en/backhander"],"weight":0.20541999999999971,"degrees":[61,1367,2238,39]},"num_concepts_raised":33569},{"base_id":527,"kind":"top_words","i1":6,"i2":7,"sol":{"path":["/c/en/estrus","/c/en/oestrus","/c/en/passion","/c/grc/ἀπαθήσ","/c/en/unpunished"],"weight":0.20413999999999977,"degrees":[55,71,580,10,41]},"num_concepts_raised":3035},{"base_id":527,"kind":"top_words","i1":6,"i2":8,"sol":{"path":["/c/en/estrus","/c/ja/発情期","/c/en/period","/c/en/break","/c/en/intermission"],"weight":0.2085599999999997,"degrees":[55,16,1523,2938,180]},"num_concepts_raised":20723},{"base_id":527,"kind":"top_words","i1":6,"i2":9,"sol":{"path":["/c/en/estrus","/c/en/heat","/c/en/stroke","/c/en/backhander"],"weight":0.2032999999999997,"degrees":[55,2046,1197,39]},"num_concepts_raised":17430},{"base_id":527,"kind":"top_words","i1":7,"i2":8,"sol":{"path":["/c/en/unpunished","/c/en/undisciplined","/c/zh/放縱","/c/en/break","/c/en/intermission"],"weight":0.20840999999999976,"degrees":[41,81,32,2938,180]},"num_concepts_raised":18355},{"base_id":527,"kind":"top_words","i1":7,"i2":9,"sol":{"path":["/c/en/unpunished","/c/en/punished","/c/en/person","/c/en/stroke","/c/en/backhander"],"weight":0.2039899999999998,"degrees":[41,45,12935,1197,39]},"num_concepts_raised":15051},{"base_id":527,"kind":"top_words","i1":8,"i2":9,"sol":{"path":["/c/en/intermission","/c/en/break","/c/en/glass","/c/en/backhander"],"weight":0.20748999999999973,"degrees":[180,2938,1851,39]},"num_concepts_raised":32193}]]