[[{"base_id":838,"kind":"bot_words","i1":0,"i2":1,"sol":{"path":["/c/en/jean","/c/en/nevada","/c/en/administrative_region","/c/en/hol"],"weight":0.21331999999999968,"degrees":[87,291,476,29]},"num_concepts_raised":3602},{"base_id":838,"kind":"bot_words","i1":0,"i2":2,"sol":{"path":["/c/en/jean","/c/en/john","/c/en/now","/c/en/ago"],"weight":0.2123799999999995,"degrees":[87,497,1170,309]},"num_concepts_raised":34149},{"base_id":838,"kind":"bot_words","i1":0,"i2":3,"sol":{"path":["/c/en/jean","/c/en/john","/c/en/client","/c/en/downstream"],"weight":0.2092999999999996,"degrees":[87,497,377,96]},"num_concepts_raised":22403},{"base_id":838,"kind":"bot_words","i1":0,"i2":4,"sol":{"path":["/c/en/jean","/c/en/jane","/c/en/silver","/c/fr/élément_chimique","/c/en/polonium"],"weight":0.21950000000000008,"degrees":[87,135,1861,1121,258]},"num_concepts_raised":5873},{"base_id":838,"kind":"bot_words","i1":0,"i2":5,"sol":{"path":["/c/en/jean","/c/en/jeans","/c/en/shopping_mall","/c/en/wald"],"weight":0.21086999999999967,"degrees":[87,234,167,41]},"num_concepts_raised":19442},{"base_id":838,"kind":"bot_words","i1":0,"i2":6,"sol":{"path":["/c/en/jean","/c/en/denim","/c/en/distinct","/c/en/ambiguous","/c/en/ambi"],"weight":0.21064999999999967,"degrees":[87,217,397,339,26]},"num_concepts_raised":4265},{"base_id":838,"kind":"bot_words","i1":0,"i2":7,"sol":{"path":["/c/en/jean","/c/en/canadian_tuxedo","/c/en/derogatory","/c/en/hunchback"],"weight":0.20881999999999962,"degrees":[87,15,3326,75]},"num_concepts_raised":12811},{"base_id":838,"kind":"bot_words","i1":0,"i2":8,"sol":{"path":["/c/en/jean","/c/en/cotton","/c/en/medicine","/c/en/prophylactic"],"weight":0.2097199999999997,"degrees":[87,1181,11938,109]},"num_concepts_raised":33284},{"base_id":838,"kind":"bot_words","i1":0,"i2":9,"sol":{"path":["/c/en/jean","/c/en/nevada","/c/en/ohio","/c/en/windham"],"weight":0.21346999999999966,"degrees":[87,291,655,32]},"num_concepts_raised":9130},{"base_id":838,"kind":"bot_words","i1":1,"i2":2,"sol":{"path":["/c/en/hol","/c/nl/hol","/c/ja/後","/c/en/past","/c/en/ago"],"weight":0.2130299999999996,"degrees":[29,127,235,945,309]},"num_concepts_raised":32001},{"base_id":838,"kind":"bot_words","i1":1,"i2":3,"sol":{"path":["/c/en/hol","/c/en/administrative_region","/c/en/country","/c/en/river","/c/en/downstream"],"weight":0.2096299999999997,"degrees":[29,476,2796,2945,96]},"num_concepts_raised":20207},{"base_id":838,"kind":"bot_words","i1":1,"i2":4,"sol":{"path":["/c/en/hol","/c/en/administrative_region","/c/en/lombardy","/c/en/po","/c/en/polonium"],"weight":0.2166000000000002,"degrees":[29,476,158,166,258]},"num_concepts_raised":3616},{"base_id":838,"kind":"bot_words","i1":1,"i2":5,"sol":{"path":["/c/en/hol","/c/en/administrative_region","/c/en/country","/c/en/uk","/c/en/wald"],"weight":0.20883999999999978,"degrees":[29,476,2796,5562,41]},"num_concepts_raised":17277},{"base_id":838,"kind":"bot_words","i1":1,"i2":6,"sol":{"path":["/c/en/hol","/c/nl/hol","/c/en/run","/c/en/ambulation","/c/en/ambi"],"weight":0.2076499999999998,"degrees":[29,127,2730,32,26]},"num_concepts_raised":2012},{"base_id":838,"kind":"bot_words","i1":1,"i2":7,"sol":{"path":["/c/en/hol","/c/nl/hol","/c/fr/creux","/c/fr/bosse","/c/en/hunchback"],"weight":0.20933999999999972,"degrees":[29,127,372,417,75]},"num_concepts_raised":10590},{"base_id":838,"kind":"bot_words","i1":1,"i2":8,"sol":{"path":["/c/en/hol","/c/en/administrative_region","/c/en/stade","/c/en/disease","/c/en/prophylactic"],"weight":0.20994999999999983,"degrees":[29,476,140,4216,109]},"num_concepts_raised":31163},{"base_id":838,"kind":"bot_words","i1":1,"i2":9,"sol":{"path":["/c/en/hol","/c/en/administrative_region","/c/en/maine","/c/en/windham"],"weight":0.21289999999999978,"degrees":[29,476,419,32]},"num_concepts_raised":6888},{"base_id":838,"kind":"bot_words","i1":2,"i2":3,"sol":{"path":["/c/en/ago","/c/en/long","/c/en/river","/c/en/downstream"],"weight":0.20846999999999954,"degrees":[309,1806,2945,96]},"num_concepts_raised":50166},{"base_id":838,"kind":"bot_words","i1":2,"i2":4,"sol":{"path":["/c/en/ago","/c/en/after","/c/pl/po","/c/en/polonium"],"weight":0.21533000000000005,"degrees":[309,932,21,258]},"num_concepts_raised":34240},{"base_id":838,"kind":"bot_words","i1":2,"i2":5,"sol":{"path":["/c/en/ago","/c/en/dialectal","/c/en/wald"],"weight":0.203,"degrees":[309,4127,41]},"num_concepts_raised":290},{"base_id":838,"kind":"bot_words","i1":2,"i2":6,"sol":{"path":["/c/en/ago","/c/en/after","/c/en/umbe","/c/en/ambi"],"weight":0.20644999999999966,"degrees":[309,932,40,26]},"num_concepts_raised":32607},{"base_id":838,"kind":"bot_words","i1":2,"i2":7,"sol":{"path":["/c/en/ago","/c/en/back","/c/en/humpback","/c/en/hunchback"],"weight":0.2093999999999996,"degrees":[309,2238,100,75]},"num_concepts_raised":40915},{"base_id":838,"kind":"bot_words","i1":2,"i2":8,"sol":{"path":["/c/en/ago","/c/en/before","/c/en/prevent","/c/en/prophylactic"],"weight":0.20985999999999969,"degrees":[309,973,659,109]},"num_concepts_raised":60757},{"base_id":838,"kind":"bot_words","i1":2,"i2":9,"sol":{"path":["/c/en/ago","/c/en/before","/c/en/news","/c/en/usa","/c/en/windham"],"weight":0.21378999999999965,"degrees":[309,973,1317,2683,32]},"num_concepts_raised":37506},{"base_id":838,"kind":"bot_words","i1":3,"i2":4,"sol":{"path":["/c/en/downstream","/c/en/river","/c/en/po","/c/en/polonium"],"weight":0.2135300000000001,"degrees":[96,2945,166,258]},"num_concepts_raised":22478},{"base_id":838,"kind":"bot_words","i1":3,"i2":5,"sol":{"path":["/c/en/downstream","/c/en/stream","/c/en/uk","/c/en/wald"],"weight":0.2046899999999997,"degrees":[96,1118,5562,41]},"num_concepts_raised":35649},{"base_id":838,"kind":"bot_words","i1":3,"i2":6,"sol":{"path":["/c/en/downstream","/c/en/river","/c/en/drive","/c/en/ambition","/c/en/ambi"],"weight":0.20460999999999974,"degrees":[96,2945,2162,353,26]},"num_concepts_raised":20873},{"base_id":838,"kind":"bot_words","i1":3,"i2":7,"sol":{"path":["/c/en/downstream","/c/en/below","/c/en/stoop","/c/en/hunchback"],"weight":0.20403999999999967,"degrees":[96,502,290,75]},"num_concepts_raised":29291},{"base_id":838,"kind":"bot_words","i1":3,"i2":8,"sol":{"path":["/c/en/downstream","/c/en/river","/c/en/cure","/c/en/prophylactic"],"weight":0.20589999999999975,"degrees":[96,2945,647,109]},"num_concepts_raised":49196},{"base_id":838,"kind":"bot_words","i1":3,"i2":9,"sol":{"path":["/c/en/downstream","/c/en/river","/c/en/maine","/c/en/windham"],"weight":0.2097999999999997,"degrees":[96,2945,419,32]},"num_concepts_raised":25730},{"base_id":838,"kind":"bot_words","i1":4,"i2":5,"sol":{"path":["/c/en/polonium","/c/en/po","/c/en/uk","/c/en/wald"],"weight":0.2127100000000002,"degrees":[258,166,5562,41]},"num_concepts_raised":19532},{"base_id":838,"kind":"bot_words","i1":4,"i2":6,"sol":{"path":["/c/en/polonium","/c/pl/po","/c/en/around","/c/en/umbe","/c/en/ambi"],"weight":0.21148000000000022,"degrees":[258,21,920,40,26]},"num_concepts_raised":4277},{"base_id":838,"kind":"bot_words","i1":4,"i2":7,"sol":{"path":["/c/en/polonium","/c/fr/polonium","/c/fr/naturel","/c/fr/bosse","/c/en/hunchback"],"weight":0.21794000000000013,"degrees":[258,82,1074,417,75]},"num_concepts_raised":12851},{"base_id":838,"kind":"bot_words","i1":4,"i2":8,"sol":{"path":["/c/en/polonium","/c/en/chemical_element","/c/en/reaction","/c/en/disease","/c/en/prophylactic"],"weight":0.21385000000000026,"degrees":[258,465,873,4216,109]},"num_concepts_raised":33408},{"base_id":838,"kind":"bot_words","i1":4,"i2":9,"sol":{"path":["/c/en/polonium","/c/fr/éléments","/c/en/cobalt","/c/en/connecticut","/c/en/windham"],"weight":0.2168400000000002,"degrees":[258,1397,396,302,32]},"num_concepts_raised":9234},{"base_id":838,"kind":"bot_words","i1":5,"i2":6,"sol":{"path":["/c/en/wald","/c/en/dialectal","/c/en/umbe","/c/en/ambi"],"weight":0.2037399999999998,"degrees":[41,4127,40,26]},"num_concepts_raised":17919},{"base_id":838,"kind":"bot_words","i1":5,"i2":7,"sol":{"path":["/c/en/wald","/c/en/dialectal","/c/tr/guzik","/c/en/hunchback"],"weight":0.20427999999999974,"degrees":[41,4127,4,75]},"num_concepts_raised":26245},{"base_id":838,"kind":"bot_words","i1":5,"i2":8,"sol":{"path":["/c/en/wald","/c/en/control","/c/en/prophylactic"],"weight":0.202,"degrees":[41,1901,109]},"num_concepts_raised":112},{"base_id":838,"kind":"bot_words","i1":5,"i2":9,"sol":{"path":["/c/en/wald","/c/en/uk","/c/en/town","/c/en/windham"],"weight":0.2089099999999998,"degrees":[41,5562,2220,32]},"num_concepts_raised":22758},{"base_id":838,"kind":"bot_words","i1":6,"i2":7,"sol":{"path":["/c/en/ambi","/c/en/ambiance","/c/en/mood","/c/en/hump","/c/en/hunchback"],"weight":0.20330999999999977,"degrees":[26,93,680,236,75]},"num_concepts_raised":11247},{"base_id":838,"kind":"bot_words","i1":6,"i2":8,"sol":{"path":["/c/en/ambi","/c/en/ambit","/c/en/control","/c/en/prophylactic"],"weight":0.20378999999999986,"degrees":[26,37,1901,109]},"num_concepts_raised":31798},{"base_id":838,"kind":"bot_words","i1":6,"i2":9,"sol":{"path":["/c/en/ambi","/c/en/ambition","/c/en/state","/c/en/usa","/c/en/windham"],"weight":0.20790999999999982,"degrees":[26,353,3243,2683,32]},"num_concepts_raised":7636},{"base_id":838,"kind":"bot_words","i1":7,"i2":8,"sol":{"path":["/c/en/hunchback","/c/en/kyphosis","/c/en/disease","/c/en/prophylactic"],"weight":0.2065599999999998,"degrees":[75,112,4216,109]},"num_concepts_raised":40041},{"base_id":838,"kind":"bot_words","i1":7,"i2":9,"sol":{"path":["/c/en/hunchback","/c/en/lord","/c/en/town","/c/en/windham"],"weight":0.20829999999999976,"degrees":[75,988,2220,32]},"num_concepts_raised":16181},{"base_id":838,"kind":"bot_words","i1":8,"i2":9,"sol":{"path":["/c/en/prophylactic","/c/en/us","/c/en/usa","/c/en/windham"],"weight":0.20900999999999983,"degrees":[109,8154,2683,32]},"num_concepts_raised":36578}],[{"base_id":838,"kind":"top_words","i1":0,"i2":1,"sol":{"path":["/c/en/nepal","/c/en/anchal","/c/en/zone"],"weight":0.20400000000000001,"degrees":[346,14,582]},"num_concepts_raised":706},{"base_id":838,"kind":"top_words","i1":0,"i2":2,"sol":{"path":["/c/en/nepal","/c/en/pokhara"],"weight":0.20700000000000002,"degrees":[346,46]},"num_concepts_raised":269},{"base_id":838,"kind":"top_words","i1":0,"i2":3,"sol":{"path":["/c/en/nepal","/c/en/india","/c/en/chit","/c/en/euphemistic","/c/en/dang"],"weight":0.21756000000000025,"degrees":[346,1846,94,1186,38]},"num_concepts_raised":13917},{"base_id":838,"kind":"top_words","i1":0,"i2":4,"sol":{"path":["/c/en/nepal","/c/en/india","/c/en/auto","/c/en/motor","/c/en/psychomotor"],"weight":0.21646000000000032,"degrees":[346,1846,185,631,26]},"num_concepts_raised":14366},{"base_id":838,"kind":"top_words","i1":0,"i2":5,"sol":{"path":["/c/en/nepal","/c/en/kathmandu","/c/en/city","/c/en/urmia"],"weight":0.22239000000000014,"degrees":[346,168,3758,63]},"num_concepts_raised":14417},{"base_id":838,"kind":"top_words","i1":0,"i2":6,"sol":{"path":["/c/en/nepal","/c/en/dhaulagiri"],"weight":0.20800000000000002,"degrees":[346,68]},"num_concepts_raised":287},{"base_id":838,"kind":"top_words","i1":0,"i2":7,"sol":{"path":["/c/en/nepal","/c/en/himalayas","/c/en/bhutan","/c/en/dzongkha"],"weight":0.22502000000000016,"degrees":[346,224,267,84]},"num_concepts_raised":15314},{"base_id":838,"kind":"top_words","i1":0,"i2":8,"sol":{"path":["/c/en/nepal","/c/en/india","/c/en/chit","/c/en/pharmacology","/c/en/neuroleptic"],"weight":0.21686000000000033,"degrees":[346,1846,94,974,51]},"num_concepts_raised":12156},{"base_id":838,"kind":"top_words","i1":0,"i2":9,"sol":{"path":["/c/en/nepal","/c/en/temple","/c/fr/états_unis","/c/en/mineralization"],"weight":0.21293000000000029,"degrees":[346,1126,767,36]},"num_concepts_raised":32288},{"base_id":838,"kind":"top_words","i1":1,"i2":2,"sol":{"path":["/c/en/zone","/c/en/area","/c/en/pokhara"],"weight":0.20600000000000002,"degrees":[582,1840,46]},"num_concepts_raised":517},{"base_id":838,"kind":"top_words","i1":1,"i2":3,"sol":{"path":["/c/en/zone","/c/en/area","/c/en/danger","/c/en/dang"],"weight":0.21321999999999894,"degrees":[582,1840,747,38]},"num_concepts_raised":71961},{"base_id":838,"kind":"top_words","i1":1,"i2":4,"sol":{"path":["/c/en/zone","/c/en/belt","/c/en/motor","/c/en/psychomotor"],"weight":0.21126999999999907,"degrees":[582,816,631,26]},"num_concepts_raised":72114},{"base_id":838,"kind":"top_words","i1":1,"i2":5,"sol":{"path":["/c/en/zone","/c/en/area","/c/en/city","/c/en/urmia"],"weight":0.2186999999999988,"degrees":[582,1840,3758,63]},"num_concepts_raised":72563},{"base_id":838,"kind":"top_words","i1":1,"i2":6,"sol":{"path":["/c/en/zone","/c/en/anchal","/c/en/nepal","/c/en/dhaulagiri"],"weight":0.21694999999999892,"degrees":[582,14,346,68]},"num_concepts_raised":70933},{"base_id":838,"kind":"top_words","i1":1,"i2":7,"sol":{"path":["/c/en/zone","/c/en/sprachraum","/c/en/language","/c/en/dzongkha"],"weight":0.21715999999999885,"degrees":[582,14,4160,84]},"num_concepts_raised":73472},{"base_id":838,"kind":"top_words","i1":1,"i2":8,"sol":{"path":["/c/en/zone","/c/en/area","/c/en/a","/c/en/pharmacology","/c/en/neuroleptic"],"weight":0.21462999999999904,"degrees":[582,1840,1436,974,51]},"num_concepts_raised":70419},{"base_id":838,"kind":"top_words","i1":1,"i2":9,"sol":{"path":["/c/en/zone","/c/en/cipolin","/c/en/mineral","/c/en/mineralization"],"weight":0.21056999999999898,"degrees":[582,14,8530,36]},"num_concepts_raised":89766},{"base_id":838,"kind":"top_words","i1":2,"i2":3,"sol":{"path":["/c/en/pokhara","/c/en/area","/c/en/danger","/c/en/dang"],"weight":0.2079599999999998,"degrees":[46,1840,747,38]},"num_concepts_raised":8852},{"base_id":838,"kind":"top_words","i1":2,"i2":4,"sol":{"path":["/c/en/pokhara","/c/en/city","/c/en/like","/c/en/motor","/c/en/psychomotor"],"weight":0.20904999999999985,"degrees":[46,3758,2357,631,26]},"num_concepts_raised":9312},{"base_id":838,"kind":"top_words","i1":2,"i2":5,"sol":{"path":["/c/en/pokhara","/c/en/city","/c/en/urmia"],"weight":0.20600000000000002,"degrees":[46,3758,63]},"num_concepts_raised":100},{"base_id":838,"kind":"top_words","i1":2,"i2":6,"sol":{"path":["/c/en/pokhara","/c/en/nepal","/c/en/dhaulagiri"],"weight":0.20800000000000002,"degrees":[46,346,68]},"num_concepts_raised":100},{"base_id":838,"kind":"top_words","i1":2,"i2":7,"sol":{"path":["/c/en/pokhara","/c/en/capital","/c/en/national","/c/en/dzongkha"],"weight":0.2136199999999997,"degrees":[46,1518,697,84]},"num_concepts_raised":10368},{"base_id":838,"kind":"top_words","i1":2,"i2":8,"sol":{"path":["/c/en/pokhara","/c/en/city","/c/en/xi","/c/en/pharmacology","/c/en/neuroleptic"],"weight":0.20943999999999985,"degrees":[46,3758,269,974,51]},"num_concepts_raised":7101},{"base_id":838,"kind":"top_words","i1":2,"i2":9,"sol":{"path":["/c/en/pokhara","/c/en/nepal","/c/en/temple","/c/fr/états_unis","/c/en/mineralization"],"weight":0.2100499999999998,"degrees":[46,346,1126,767,36]},"num_concepts_raised":27291},{"base_id":838,"kind":"top_words","i1":3,"i2":4,"sol":{"path":["/c/en/dang","/c/en/euphemistic","/c/en/machine","/c/en/motor","/c/en/psychomotor"],"weight":0.20598999999999995,"degrees":[38,1186,1685,631,26]},"num_concepts_raised":6495},{"base_id":838,"kind":"top_words","i1":3,"i2":5,"sol":{"path":["/c/en/dang","/c/en/damn","/c/en/ruin","/c/en/city","/c/en/urmia"],"weight":0.21036999999999972,"degrees":[38,397,1013,3758,63]},"num_concepts_raised":6907},{"base_id":838,"kind":"top_words","i1":3,"i2":6,"sol":{"path":["/c/en/dang","/c/en/damn","/c/en/extremely","/c/en/mountain","/c/en/dhaulagiri"],"weight":0.2105099999999998,"degrees":[38,397,784,1965,68]},"num_concepts_raised":5063},{"base_id":838,"kind":"top_words","i1":3,"i2":7,"sol":{"path":["/c/en/dang","/c/en/damn","/c/en/curse","/c/en/language","/c/en/dzongkha"],"weight":0.21273999999999976,"degrees":[38,397,838,4160,84]},"num_concepts_raised":7619},{"base_id":838,"kind":"top_words","i1":3,"i2":8,"sol":{"path":["/c/en/dang","/c/en/euphemistic","/c/en/ba","/c/en/pharmacology","/c/en/neuroleptic"],"weight":0.2063399999999999,"degrees":[38,1186,61,974,51]},"num_concepts_raised":4288},{"base_id":838,"kind":"top_words","i1":3,"i2":9,"sol":{"path":["/c/en/dang","/c/en/euphemistic","/c/en/soil","/c/en/mineralization"],"weight":0.20499999999999985,"degrees":[38,1186,1353,36]},"num_concepts_raised":24532},{"base_id":838,"kind":"top_words","i1":4,"i2":5,"sol":{"path":["/c/en/psychomotor","/c/en/motor","/c/en/car","/c/en/city","/c/en/urmia"],"weight":0.2092299999999998,"degrees":[26,631,2328,3758,63]},"num_concepts_raised":7350},{"base_id":838,"kind":"top_words","i1":4,"i2":6,"sol":{"path":["/c/en/psychomotor","/c/en/motor","/c/en/part","/c/en/mountain","/c/en/dhaulagiri"],"weight":0.20937999999999987,"degrees":[26,631,2528,1965,68]},"num_concepts_raised":5507},{"base_id":838,"kind":"top_words","i1":4,"i2":7,"sol":{"path":["/c/en/psychomotor","/c/en/motor","/c/en/ability","/c/en/language","/c/en/dzongkha"],"weight":0.21157999999999982,"degrees":[26,631,1141,4160,84]},"num_concepts_raised":8069},{"base_id":838,"kind":"top_words","i1":4,"i2":8,"sol":{"path":["/c/en/psychomotor","/c/en/muscle","/c/en/neuroleptic_malignant_syndrome","/c/en/neuroleptic"],"weight":0.20314,"degrees":[26,1708,13,51]},"num_concepts_raised":4723},{"base_id":838,"kind":"top_words","i1":4,"i2":9,"sol":{"path":["/c/en/psychomotor","/c/en/motor","/c/en/oil","/c/en/mineral","/c/en/mineralization"],"weight":0.2049999999999999,"degrees":[26,631,1904,8530,36]},"num_concepts_raised":24885},{"base_id":838,"kind":"top_words","i1":5,"i2":6,"sol":{"path":["/c/en/urmia","/c/en/city","/c/en/kathmandu","/c/en/nepal","/c/en/dhaulagiri"],"weight":0.21576999999999968,"degrees":[63,3758,168,346,68]},"num_concepts_raised":5877},{"base_id":838,"kind":"top_words","i1":5,"i2":7,"sol":{"path":["/c/en/urmia","/c/en/city","/c/en/country","/c/en/bhutan","/c/en/dzongkha"],"weight":0.21803999999999962,"degrees":[63,3758,2796,267,84]},"num_concepts_raised":8420},{"base_id":838,"kind":"top_words","i1":5,"i2":8,"sol":{"path":["/c/en/urmia","/c/en/city","/c/en/xi","/c/en/pharmacology","/c/en/neuroleptic"],"weight":0.2096099999999998,"degrees":[63,3758,269,974,51]},"num_concepts_raised":5128},{"base_id":838,"kind":"top_words","i1":5,"i2":9,"sol":{"path":["/c/en/urmia","/c/en/salt_lake","/c/en/mineral","/c/en/mineralization"],"weight":0.20930999999999972,"degrees":[63,78,8530,36]},"num_concepts_raised":25373},{"base_id":838,"kind":"top_words","i1":6,"i2":7,"sol":{"path":["/c/en/dhaulagiri","/c/en/himalayas","/c/en/bhutan","/c/en/dzongkha"],"weight":0.21813999999999972,"degrees":[68,224,267,84]},"num_concepts_raised":6601},{"base_id":838,"kind":"top_words","i1":6,"i2":8,"sol":{"path":["/c/en/dhaulagiri","/c/en/himalayas","/c/en/central","/c/en/clorotepine","/c/en/neuroleptic"],"weight":0.20862999999999987,"degrees":[68,224,548,9,51]},"num_concepts_raised":3282},{"base_id":838,"kind":"top_words","i1":6,"i2":9,"sol":{"path":["/c/en/dhaulagiri","/c/en/nepal","/c/en/temple","/c/fr/états_unis","/c/en/mineralization"],"weight":0.2103899999999998,"degrees":[68,346,1126,767,36]},"num_concepts_raised":23535},{"base_id":838,"kind":"top_words","i1":7,"i2":8,"sol":{"path":["/c/en/dzongkha","/c/en/language","/c/en/ki","/c/en/pharmacology","/c/en/neuroleptic"],"weight":0.21194999999999983,"degrees":[84,4160,48,974,51]},"num_concepts_raised":5850},{"base_id":838,"kind":"top_words","i1":7,"i2":9,"sol":{"path":["/c/en/dzongkha","/c/en/bhutan","/c/en/adap","/c/en/medicine","/c/en/mineralization"],"weight":0.21272999999999975,"degrees":[84,267,6,11938,36]},"num_concepts_raised":26103},{"base_id":838,"kind":"top_words","i1":8,"i2":9,"sol":{"path":["/c/en/neuroleptic","/c/en/pharmacology","/c/en/medicine","/c/en/mineralization"],"weight":0.20439999999999992,"degrees":[51,974,11938,36]},"num_concepts_raised":22684}]]