[[{"base_id":243,"kind":"bot_words","i1":0,"i2":1,"sol":{"path":["/c/en/financier","/c/en/finance","/c/en/valuation","/c/en/interpretation","/c/en/misinterpretation"],"weight":0.2148899999999997,"degrees":[132,2051,111,415,70]},"num_concepts_raised":18771},{"base_id":243,"kind":"bot_words","i1":0,"i2":2,"sol":{"path":["/c/en/financier","/c/en/financial","/c/en/deal","/c/en/television_show","/c/en/gia"],"weight":0.2203999999999997,"degrees":[132,465,875,287,29]},"num_concepts_raised":18157},{"base_id":243,"kind":"bot_words","i1":0,"i2":3,"sol":{"path":["/c/en/financier","/c/en/financial","/c/en/audit","/c/en/verify","/c/en/verifiable"],"weight":0.21693999999999977,"degrees":[132,465,197,307,58]},"num_concepts_raised":20676},{"base_id":243,"kind":"bot_words","i1":0,"i2":4,"sol":{"path":["/c/en/financier","/c/en/banker","/c/en/incline","/c/en/ramp"],"weight":0.22791999999999918,"degrees":[132,253,313,306]},"num_concepts_raised":59889},{"base_id":243,"kind":"bot_words","i1":0,"i2":5,"sol":{"path":["/c/en/financier","/c/en/financial","/c/en/reconcile","/c/en/vie"],"weight":0.21603999999999965,"degrees":[132,465,274,87]},"num_concepts_raised":22776},{"base_id":243,"kind":"bot_words","i1":0,"i2":6,"sol":{"path":["/c/en/financier","/c/en/banker","/c/en/owner","/c/en/purchaser"],"weight":0.2139199999999997,"degrees":[132,253,775,84]},"num_concepts_raised":20347},{"base_id":243,"kind":"bot_words","i1":0,"i2":7,"sol":{"path":["/c/en/financier","/c/en/public","/c/en/artiste"],"weight":0.20600000000000002,"degrees":[132,1202,25]},"num_concepts_raised":126},{"base_id":243,"kind":"bot_words","i1":0,"i2":8,"sol":{"path":["/c/en/financier","/c/en/finance","/c/en/note","/c/en/ray","/c/en/manta"],"weight":0.21848999999999974,"degrees":[132,2051,1578,681,38]},"num_concepts_raised":19144},{"base_id":243,"kind":"bot_words","i1":0,"i2":9,"sol":{"path":["/c/en/financier","/c/en/principal","/c/en/important","/c/en/noteworthy"],"weight":0.21416999999999956,"degrees":[132,575,912,102]},"num_concepts_raised":22815},{"base_id":243,"kind":"bot_words","i1":1,"i2":2,"sol":{"path":["/c/en/misinterpretation","/c/en/interpretation","/c/en/matrix","/c/en/television_show","/c/en/gia"],"weight":0.20921999999999977,"degrees":[70,415,526,287,29]},"num_concepts_raised":1293},{"base_id":243,"kind":"bot_words","i1":1,"i2":3,"sol":{"path":["/c/en/misinterpretation","/c/en/interpretation","/c/en/bright_line_rule","/c/en/objective","/c/en/verifiable"],"weight":0.20566999999999983,"degrees":[70,415,12,419,58]},"num_concepts_raised":3883},{"base_id":243,"kind":"bot_words","i1":1,"i2":4,"sol":{"path":["/c/en/misinterpretation","/c/en/interpretation","/c/en/construction","/c/en/ramp"],"weight":0.21273999999999924,"degrees":[70,415,1292,306]},"num_concepts_raised":44198},{"base_id":243,"kind":"bot_words","i1":1,"i2":5,"sol":{"path":["/c/en/misinterpretation","/c/fr/contresens","/c/fr/accorder","/c/en/concede","/c/en/vie"],"weight":0.20588999999999968,"degrees":[70,39,411,335,87]},"num_concepts_raised":6033},{"base_id":243,"kind":"bot_words","i1":1,"i2":6,"sol":{"path":["/c/en/misinterpretation","/c/en/interpretation","/c/en/plus","/c/en/purchase","/c/en/purchaser"],"weight":0.20588999999999974,"degrees":[70,415,235,629,84]},"num_concepts_raised":3629},{"base_id":243,"kind":"bot_words","i1":1,"i2":7,"sol":{"path":["/c/en/misinterpretation","/c/en/interpretation","/c/en/dance","/c/en/artiste"],"weight":0.20420999999999978,"degrees":[70,415,2473,25]},"num_concepts_raised":7320},{"base_id":243,"kind":"bot_words","i1":1,"i2":8,"sol":{"path":["/c/en/misinterpretation","/c/fr/contresens","/c/fr/linge","/c/en/blanket","/c/en/manta"],"weight":0.21038999999999977,"degrees":[70,39,306,693,38]},"num_concepts_raised":2312},{"base_id":243,"kind":"bot_words","i1":1,"i2":9,"sol":{"path":["/c/en/misinterpretation","/c/fr/contresens","/c/fr/devoir","/c/en/worthy","/c/en/noteworthy"],"weight":0.2070599999999996,"degrees":[70,39,786,465,102]},"num_concepts_raised":6119},{"base_id":243,"kind":"bot_words","i1":2,"i2":3,"sol":{"path":["/c/en/gia","/c/en/television_show","/c/en/real_world","/c/en/verifiable"],"weight":0.20809999999999984,"degrees":[29,287,91,58]},"num_concepts_raised":3285},{"base_id":243,"kind":"bot_words","i1":2,"i2":4,"sol":{"path":["/c/en/gia","/c/en/television_show","/c/en/what","/c/en/slope","/c/en/ramp"],"weight":0.2186299999999992,"degrees":[29,287,1146,987,306]},"num_concepts_raised":43612},{"base_id":243,"kind":"bot_words","i1":2,"i2":5,"sol":{"path":["/c/en/gia","/c/en/television_show","/c/en/love","/c/en/love_triangle","/c/en/vie"],"weight":0.2083299999999997,"degrees":[29,287,2442,60,87]},"num_concepts_raised":5422},{"base_id":243,"kind":"bot_words","i1":2,"i2":6,"sol":{"path":["/c/en/gia","/c/en/television_show","/c/en/shark","/c/en/feeding_frenzy","/c/en/purchaser"],"weight":0.20834999999999976,"degrees":[29,287,858,28,84]},"num_concepts_raised":3015},{"base_id":243,"kind":"bot_words","i1":2,"i2":7,"sol":{"path":["/c/en/gia","/c/en/television_show","/c/en/audience","/c/en/performer","/c/en/artiste"],"weight":0.20769999999999977,"degrees":[29,287,641,337,25]},"num_concepts_raised":6703},{"base_id":243,"kind":"bot_words","i1":2,"i2":8,"sol":{"path":["/c/en/gia","/c/en/television_show","/c/en/deal","/c/fr/localités","/c/fr/manta","/c/en/manta"],"weight":0.21624079999999968,"degrees":[29,287,875,110113,25,38]},"num_concepts_raised":286172},{"base_id":243,"kind":"bot_words","i1":2,"i2":9,"sol":{"path":["/c/en/gia","/c/en/television_show","/c/en/day_of_days","/c/en/noteworthy"],"weight":0.20849999999999963,"degrees":[29,287,21,102]},"num_concepts_raised":5506},{"base_id":243,"kind":"bot_words","i1":3,"i2":4,"sol":{"path":["/c/en/verifiable","/c/en/fact","/c/en/surface","/c/en/ramp"],"weight":0.21164999999999928,"degrees":[58,649,1764,306]},"num_concepts_raised":46026},{"base_id":243,"kind":"bot_words","i1":3,"i2":5,"sol":{"path":["/c/en/verifiable","/c/en/objective","/c/en/race","/c/it/gareggiare","/c/en/vie"],"weight":0.20589999999999975,"degrees":[58,419,1372,54,87]},"num_concepts_raised":7997},{"base_id":243,"kind":"bot_words","i1":3,"i2":6,"sol":{"path":["/c/en/verifiable","/c/en/verify","/c/en/legal","/c/en/purchase","/c/en/purchaser"],"weight":0.20592999999999984,"degrees":[58,307,6627,629,84]},"num_concepts_raised":5602},{"base_id":243,"kind":"bot_words","i1":3,"i2":7,"sol":{"path":["/c/en/verifiable","/c/en/expression","/c/en/dance","/c/en/artiste"],"weight":0.20307999999999987,"degrees":[58,1025,2473,25]},"num_concepts_raised":9272},{"base_id":243,"kind":"bot_words","i1":3,"i2":8,"sol":{"path":["/c/en/verifiable","/c/en/verification","/c/en/mathematics","/c/en/ray","/c/en/manta"],"weight":0.20932999999999985,"degrees":[58,151,7601,681,38]},"num_concepts_raised":4298},{"base_id":243,"kind":"bot_words","i1":3,"i2":9,"sol":{"path":["/c/en/verifiable","/c/it/riscontrabile","/c/en/noticeable","/c/en/remarkable","/c/en/noteworthy"],"weight":0.20653999999999967,"degrees":[58,10,120,264,102]},"num_concepts_raised":8052},{"base_id":243,"kind":"bot_words","i1":4,"i2":5,"sol":{"path":["/c/en/ramp","/c/en/small","/c/en/battle","/c/en/vie"],"weight":0.21181999999999918,"degrees":[306,2515,1211,87]},"num_concepts_raised":48036},{"base_id":243,"kind":"bot_words","i1":4,"i2":6,"sol":{"path":["/c/en/ramp","/c/en/device","/c/en/purchase","/c/en/purchaser"],"weight":0.21281999999999923,"degrees":[306,2078,629,84]},"num_concepts_raised":45751},{"base_id":243,"kind":"bot_words","i1":4,"i2":7,"sol":{"path":["/c/en/ramp","/c/en/step","/c/en/dance","/c/en/artiste"],"weight":0.21132999999999927,"degrees":[306,1368,2473,25]},"num_concepts_raised":49184},{"base_id":243,"kind":"bot_words","i1":4,"i2":8,"sol":{"path":["/c/en/ramp","/c/en/incline","/c/ru/скат","/c/en/ray","/c/en/manta"],"weight":0.22256999999999924,"degrees":[306,313,32,681,38]},"num_concepts_raised":44555},{"base_id":243,"kind":"bot_words","i1":4,"i2":9,"sol":{"path":["/c/en/ramp","/c/en/stand","/c/en/standout","/c/en/noteworthy"],"weight":0.21192999999999906,"degrees":[306,1476,10,102]},"num_concepts_raised":48142},{"base_id":243,"kind":"bot_words","i1":5,"i2":6,"sol":{"path":["/c/en/vie","/c/en/strive","/c/en/purchase","/c/en/purchaser"],"weight":0.2050799999999997,"degrees":[87,424,629,84]},"num_concepts_raised":7715},{"base_id":243,"kind":"bot_words","i1":5,"i2":7,"sol":{"path":["/c/en/vie","/c/en/compete","/c/en/people","/c/en/dance","/c/en/artiste"],"weight":0.20389999999999972,"degrees":[87,493,4475,2473,25]},"num_concepts_raised":11390},{"base_id":243,"kind":"bot_words","i1":5,"i2":8,"sol":{"path":["/c/en/vie","/c/en/battle","/c/fr/localités","/c/fr/manta","/c/en/manta"],"weight":0.21049999999999972,"degrees":[87,1211,110113,25,38]},"num_concepts_raised":6429},{"base_id":243,"kind":"bot_words","i1":5,"i2":9,"sol":{"path":["/c/en/vie","/c/en/counterattraction","/c/en/attention","/c/en/noteworthy"],"weight":0.20417999999999956,"degrees":[87,18,900,102]},"num_concepts_raised":10203},{"base_id":243,"kind":"bot_words","i1":6,"i2":7,"sol":{"path":["/c/en/purchaser","/c/fr/acheteur","/c/fr/profession","/c/fr/artiste","/c/en/artiste"],"weight":0.2046299999999998,"degrees":[84,166,360,294,25]},"num_concepts_raised":9009},{"base_id":243,"kind":"bot_words","i1":6,"i2":8,"sol":{"path":["/c/en/purchaser","/c/en/purchase","/c/en/cover","/c/en/blanket","/c/en/manta"],"weight":0.20953999999999978,"degrees":[84,629,2802,693,38]},"num_concepts_raised":4030},{"base_id":243,"kind":"bot_words","i1":6,"i2":9,"sol":{"path":["/c/en/purchaser","/c/en/purchase","/c/en/latte_factor","/c/en/significant","/c/en/noteworthy"],"weight":0.20632999999999962,"degrees":[84,629,6,435,102]},"num_concepts_raised":7824},{"base_id":243,"kind":"bot_words","i1":7,"i2":8,"sol":{"path":["/c/en/artiste","/c/en/dance","/c/en/music","/c/en/ray","/c/en/manta"],"weight":0.2078799999999998,"degrees":[25,2473,8822,681,38]},"num_concepts_raised":7717},{"base_id":243,"kind":"bot_words","i1":7,"i2":9,"sol":{"path":["/c/en/artiste","/c/en/public","/c/en/notice","/c/en/noteworthy"],"weight":0.20342999999999964,"degrees":[25,1202,971,102]},"num_concepts_raised":11475},{"base_id":243,"kind":"bot_words","i1":8,"i2":9,"sol":{"path":["/c/en/manta","/c/fr/manta","/c/fr/commune","/c/fr/saillant","/c/en/noteworthy"],"weight":0.2116399999999996,"degrees":[38,25,68932,195,102]},"num_concepts_raised":6518}],[{"base_id":243,"kind":"top_words","i1":0,"i2":1,"sol":{"path":["/c/en/subtotal","/c/en/intelligent_agent_activity","/c/en/calligraphy","/c/en/nastaliq"],"weight":0.2029599999999998,"degrees":[44,953,351,35]},"num_concepts_raised":3590},{"base_id":243,"kind":"top_words","i1":0,"i2":2,"sol":{"path":["/c/en/subtotal","/c/en/total","/c/en/be","/c/en/linguistics","/c/ja/新字体","/c/en/shinjitai"],"weight":0.21420279999999997,"degrees":[44,683,3156,4250,17,29]},"num_concepts_raised":222322},{"base_id":243,"kind":"top_words","i1":0,"i2":3,"sol":{"path":["/c/en/subtotal","/c/en/total","/c/en/complete","/c/en/write","/c/en/hangeul"],"weight":0.20603999999999975,"degrees":[44,683,1471,1447,105]},"num_concepts_raised":8279},{"base_id":243,"kind":"top_words","i1":0,"i2":4,"sol":{"path":["/c/en/subtotal","/c/en/sum","/c/ja/学問","/c/ja/ローマ_字","/c/en/romaji"],"weight":0.2057399999999998,"degrees":[44,691,93,69,72]},"num_concepts_raised":3252},{"base_id":243,"kind":"top_words","i1":0,"i2":5,"sol":{"path":["/c/en/subtotal","/c/en/total","/c/en/english_language","/c/en/cameroon","/c/en/pinyin"],"weight":0.21192,"degrees":[44,683,579,296,153]},"num_concepts_raised":4815},{"base_id":243,"kind":"top_words","i1":0,"i2":6,"sol":{"path":["/c/en/subtotal","/c/en/total","/c/en/slang","/c/en/dob"],"weight":0.20500999999999991,"degrees":[44,683,16318,25]},"num_concepts_raised":24212},{"base_id":243,"kind":"top_words","i1":0,"i2":7,"sol":{"path":["/c/en/subtotal","/c/en/total","/c/en/small","/c/en/otter","/c/en/mustelidae"],"weight":0.2130599999999997,"degrees":[44,683,2515,422,104]},"num_concepts_raised":7125},{"base_id":243,"kind":"top_words","i1":0,"i2":8,"sol":{"path":["/c/en/subtotal","/c/en/total","/c/en/liver_function_test","/c/en/protein","/c/en/ferredoxin"],"weight":0.21225999999999987,"degrees":[44,683,15,3124,39]},"num_concepts_raised":10227},{"base_id":243,"kind":"top_words","i1":0,"i2":9,"sol":{"path":["/c/en/subtotal","/c/en/total","/c/en/full","/c/en/saturated","/c/en/dolichol"],"weight":0.21004999999999985,"degrees":[44,683,1421,292,26]},"num_concepts_raised":18070},{"base_id":243,"kind":"top_words","i1":1,"i2":2,"sol":{"path":["/c/en/nastaliq","/c/en/calligraphy","/c/en/stroke_order","/c/en/kanji","/c/en/shinjitai"],"weight":0.20396999999999993,"degrees":[35,351,28,249,29]},"num_concepts_raised":1519},{"base_id":243,"kind":"top_words","i1":1,"i2":3,"sol":{"path":["/c/en/nastaliq","/c/en/arabic","/c/en/language","/c/en/hangeul"],"weight":0.20376999999999967,"degrees":[35,479,4160,105]},"num_concepts_raised":7051},{"base_id":243,"kind":"top_words","i1":1,"i2":4,"sol":{"path":["/c/en/nastaliq","/c/en/calligraphy","/c/en/stroke_order","/c/en/kanji","/c/en/romaji"],"weight":0.2043899999999998,"degrees":[35,351,28,249,72]},"num_concepts_raised":2065},{"base_id":243,"kind":"top_words","i1":1,"i2":5,"sol":{"path":["/c/en/nastaliq","/c/en/arabic","/c/en/tashkil","/c/en/pinyin"],"weight":0.20965999999999996,"degrees":[35,479,30,153]},"num_concepts_raised":3611},{"base_id":243,"kind":"top_words","i1":1,"i2":6,"sol":{"path":["/c/en/nastaliq","/c/en/arabic","/c/en/australia","/c/en/dob"],"weight":0.20282999999999987,"degrees":[35,479,2690,25]},"num_concepts_raised":23083},{"base_id":243,"kind":"top_words","i1":1,"i2":7,"sol":{"path":["/c/en/nastaliq","/c/en/arabic","/c/en/michigan","/c/en/weasel","/c/en/mustelidae"],"weight":0.21086999999999964,"degrees":[35,479,555,452,104]},"num_concepts_raised":5945},{"base_id":243,"kind":"top_words","i1":1,"i2":8,"sol":{"path":["/c/en/nastaliq","/c/en/persian","/c/en/silk","/c/en/protein","/c/en/ferredoxin"],"weight":0.2099799999999998,"degrees":[35,311,1050,3124,39]},"num_concepts_raised":9063},{"base_id":243,"kind":"top_words","i1":1,"i2":9,"sol":{"path":["/c/en/nastaliq","/c/en/calligraphy","/c/en/initial","/c/en/terminal","/c/en/dolichol"],"weight":0.2077599999999998,"degrees":[35,351,363,530,26]},"num_concepts_raised":16912},{"base_id":243,"kind":"top_words","i1":2,"i2":3,"sol":{"path":["/c/en/shinjitai","/c/en/kanji","/c/en/hanja","/c/en/hangeul"],"weight":0.20596999999999982,"degrees":[29,249,95,105]},"num_concepts_raised":6213},{"base_id":243,"kind":"top_words","i1":2,"i2":4,"sol":{"path":["/c/en/shinjitai","/c/en/kanji","/c/en/romaji"],"weight":0.20400000000000001,"degrees":[29,249,72]},"num_concepts_raised":82},{"base_id":243,"kind":"top_words","i1":2,"i2":5,"sol":{"path":["/c/en/shinjitai","/c/en/kanji","/c/en/romaji","/c/en/pinyin"],"weight":0.21084000000000008,"degrees":[29,249,72,153]},"num_concepts_raised":2724},{"base_id":243,"kind":"top_words","i1":2,"i2":6,"sol":{"path":["/c/en/shinjitai","/c/en/kanji","/c/en/on","/c/en/report","/c/en/dob"],"weight":0.20390000000000003,"degrees":[29,249,1076,1263,25]},"num_concepts_raised":22210},{"base_id":243,"kind":"top_words","i1":2,"i2":7,"sol":{"path":["/c/en/shinjitai","/c/ja/新字体","/c/en/linguistics","/c/en/family","/c/fi/näätäeläimet","/c/en/mustelidae"],"weight":0.21863789999999966,"degrees":[29,17,4250,3166,8,104]},"num_concepts_raised":407205},{"base_id":243,"kind":"top_words","i1":2,"i2":8,"sol":{"path":["/c/en/shinjitai","/c/en/kanji","/c/en/on","/c/en/electron","/c/en/ferredoxin"],"weight":0.20907999999999996,"degrees":[29,249,1076,650,39]},"num_concepts_raised":8170},{"base_id":243,"kind":"top_words","i1":2,"i2":9,"sol":{"path":["/c/en/shinjitai","/c/en/kanji","/c/en/on","/c/en/chemistry","/c/en/dolichol"],"weight":0.20892999999999995,"degrees":[29,249,1076,11754,26]},"num_concepts_raised":16018},{"base_id":243,"kind":"top_words","i1":3,"i2":4,"sol":{"path":["/c/en/hangeul","/c/en/romaja","/c/en/romaji"],"weight":0.203,"degrees":[105,22,72]},"num_concepts_raised":156},{"base_id":243,"kind":"top_words","i1":3,"i2":5,"sol":{"path":["/c/en/hangeul","/c/en/alphabet","/c/en/zhuyin_fuhao","/c/en/pinyin"],"weight":0.21275999999999984,"degrees":[105,713,47,153]},"num_concepts_raised":8198},{"base_id":243,"kind":"top_words","i1":3,"i2":6,"sol":{"path":["/c/en/hangeul","/c/en/language","/c/en/slang","/c/en/dob"],"weight":0.2036799999999998,"degrees":[105,4160,16318,25]},"num_concepts_raised":27603},{"base_id":243,"kind":"top_words","i1":3,"i2":7,"sol":{"path":["/c/en/hangeul","/c/en/language","/c/en/way","/c/en/weasel","/c/en/mustelidae"],"weight":0.21172999999999956,"degrees":[105,4160,1993,452,104]},"num_concepts_raised":10654},{"base_id":243,"kind":"top_words","i1":3,"i2":8,"sol":{"path":["/c/en/hangeul","/c/en/write","/c/en/transport","/c/en/ferredoxin"],"weight":0.20877999999999972,"degrees":[105,1447,1411,39]},"num_concepts_raised":13749},{"base_id":243,"kind":"top_words","i1":3,"i2":9,"sol":{"path":["/c/en/hangeul","/c/ko/ᄏ","/c/ru/кек","/c/en/chemistry","/c/en/dolichol"],"weight":0.2087399999999997,"degrees":[105,26,10,11754,26]},"num_concepts_raised":21600},{"base_id":243,"kind":"top_words","i1":4,"i2":5,"sol":{"path":["/c/en/romaji","/c/en/pinyin"],"weight":0.20400000000000001,"degrees":[72,153]},"num_concepts_raised":173},{"base_id":243,"kind":"top_words","i1":4,"i2":6,"sol":{"path":["/c/en/romaji","/c/en/kanji","/c/en/on","/c/en/report","/c/en/dob"],"weight":0.2043199999999999,"degrees":[72,249,1076,1263,25]},"num_concepts_raised":22754},{"base_id":243,"kind":"top_words","i1":4,"i2":7,"sol":{"path":["/c/en/romaji","/c/en/yale","/c/en/antelope","/c/en/mammal","/c/en/mustelidae"],"weight":0.20939999999999967,"degrees":[72,46,343,2187,104]},"num_concepts_raised":5608},{"base_id":243,"kind":"top_words","i1":4,"i2":8,"sol":{"path":["/c/en/romaji","/c/en/kanji","/c/en/on","/c/en/electron","/c/en/ferredoxin"],"weight":0.2094999999999998,"degrees":[72,249,1076,650,39]},"num_concepts_raised":8723},{"base_id":243,"kind":"top_words","i1":4,"i2":9,"sol":{"path":["/c/en/romaji","/c/en/kanji","/c/en/on","/c/en/chemistry","/c/en/dolichol"],"weight":0.20934999999999981,"degrees":[72,249,1076,11754,26]},"num_concepts_raised":16572},{"base_id":243,"kind":"top_words","i1":5,"i2":6,"sol":{"path":["/c/en/pinyin","/c/zh/拼音","/c/en/sound","/c/en/slang","/c/en/dob"],"weight":0.21379000000000004,"degrees":[153,25,3218,16318,25]},"num_concepts_raised":24270},{"base_id":243,"kind":"top_words","i1":5,"i2":7,"sol":{"path":["/c/en/pinyin","/c/en/yale","/c/en/antelope","/c/en/mammal","/c/en/mustelidae"],"weight":0.21789999999999982,"degrees":[153,46,343,2187,104]},"num_concepts_raised":7170},{"base_id":243,"kind":"top_words","i1":5,"i2":8,"sol":{"path":["/c/en/pinyin","/c/zh/拼音","/c/en/system","/c/en/transport","/c/en/ferredoxin"],"weight":0.21896,"degrees":[153,25,1888,1411,39]},"num_concepts_raised":10281},{"base_id":243,"kind":"top_words","i1":5,"i2":9,"sol":{"path":["/c/en/pinyin","/c/en/macron","/c/en/solidus","/c/en/chemistry","/c/en/dolichol"],"weight":0.21466999999999997,"degrees":[153,131,124,11754,26]},"num_concepts_raised":18129},{"base_id":243,"kind":"top_words","i1":6,"i2":7,"sol":{"path":["/c/en/dob","/c/en/slang","/c/en/mink","/c/en/mustelidae"],"weight":0.20869999999999975,"degrees":[25,16318,233,104]},"num_concepts_raised":26514},{"base_id":243,"kind":"top_words","i1":6,"i2":8,"sol":{"path":["/c/en/dob","/c/en/slang","/c/en/iron","/c/en/ferredoxin"],"weight":0.2099099999999999,"degrees":[25,16318,2867,39]},"num_concepts_raised":29622},{"base_id":243,"kind":"top_words","i1":6,"i2":9,"sol":{"path":["/c/en/dob","/c/en/dobber","/c/en/electronic","/c/en/chemistry","/c/en/dolichol"],"weight":0.2087399999999999,"degrees":[25,30,650,11754,26]},"num_concepts_raised":37493},{"base_id":243,"kind":"top_words","i1":7,"i2":8,"sol":{"path":["/c/en/mustelidae","/c/en/weasel","/c/en/bar","/c/en/iron","/c/en/ferredoxin"],"weight":0.21798999999999968,"degrees":[104,452,1972,2867,39]},"num_concepts_raised":12569},{"base_id":243,"kind":"top_words","i1":7,"i2":9,"sol":{"path":["/c/en/mustelidae","/c/en/weasel","/c/en/mole","/c/en/chemistry","/c/en/dolichol"],"weight":0.21581999999999968,"degrees":[104,452,1084,11754,26]},"num_concepts_raised":20426},{"base_id":243,"kind":"top_words","i1":8,"i2":9,"sol":{"path":["/c/en/ferredoxin","/c/en/iron","/c/en/chemistry","/c/en/dolichol"],"weight":0.21493999999999983,"degrees":[39,2867,11754,26]},"num_concepts_raised":23070}]]