[[{"base_id":452,"kind":"bot_words","i1":0,"i2":1,"sol":{"path":["/c/en/potpourri","/c/en/pot","/c/en/british","/c/en/recce"],"weight":0.21045999999999976,"degrees":[84,1260,3452,38]},"num_concepts_raised":30092},{"base_id":452,"kind":"bot_words","i1":0,"i2":2,"sol":{"path":["/c/en/potpourri","/c/en/music","/c/en/diminution","/c/en/diminishment"],"weight":0.2097199999999998,"degrees":[84,8822,91,37]},"num_concepts_raised":27749},{"base_id":452,"kind":"bot_words","i1":0,"i2":3,"sol":{"path":["/c/en/potpourri","/c/en/music","/c/el/ύφεση","/c/en/downturn"],"weight":0.2088199999999997,"degrees":[84,8822,23,64]},"num_concepts_raised":27080},{"base_id":452,"kind":"bot_words","i1":0,"i2":4,"sol":{"path":["/c/en/potpourri","/c/en/room","/c/en/people","/c/en/timid"],"weight":0.21417999999999934,"degrees":[84,1788,4475,394]},"num_concepts_raised":48285},{"base_id":452,"kind":"bot_words","i1":0,"i2":5,"sol":{"path":["/c/en/potpourri","/c/en/music","/c/en/brass","/c/en/brazier"],"weight":0.21019999999999975,"degrees":[84,8822,601,84]},"num_concepts_raised":27425},{"base_id":452,"kind":"bot_words","i1":0,"i2":6,"sol":{"path":["/c/en/potpourri","/c/en/music","/c/sa/जय","/c/en/arhat"],"weight":0.21417999999999973,"degrees":[84,8822,44,85]},"num_concepts_raised":28016},{"base_id":452,"kind":"bot_words","i1":0,"i2":7,"sol":{"path":["/c/en/potpourri","/c/en/music","/c/en/do","/c/en/feasible","/c/en/infeasible"],"weight":0.20970999999999984,"degrees":[84,8822,1767,221,40]},"num_concepts_raised":25045},{"base_id":452,"kind":"bot_words","i1":0,"i2":8,"sol":{"path":["/c/en/potpourri","/c/en/material","/c/en/bremermann's_limit","/c/en/cryptographic"],"weight":0.20833999999999975,"degrees":[84,1522,18,31]},"num_concepts_raised":25303},{"base_id":452,"kind":"bot_words","i1":0,"i2":9,"sol":{"path":["/c/en/potpourri","/c/en/pot","/c/en/resistance","/c/en/resisting"],"weight":0.20824999999999974,"degrees":[84,1260,584,24]},"num_concepts_raised":25850},{"base_id":452,"kind":"bot_words","i1":1,"i2":2,"sol":{"path":["/c/en/recce","/c/en/british","/c/en/drop","/c/en/diminish","/c/en/diminishment"],"weight":0.20611999999999991,"degrees":[38,3452,1915,407,37]},"num_concepts_raised":8925},{"base_id":452,"kind":"bot_words","i1":1,"i2":3,"sol":{"path":["/c/en/recce","/c/en/british","/c/en/business","/c/en/upturn","/c/en/downturn"],"weight":0.2062399999999998,"degrees":[38,3452,2538,65,64]},"num_concepts_raised":8225},{"base_id":452,"kind":"bot_words","i1":1,"i2":4,"sol":{"path":["/c/en/recce","/c/en/british","/c/en/person","/c/en/timid"],"weight":0.2096899999999995,"degrees":[38,3452,12935,394]},"num_concepts_raised":29700},{"base_id":452,"kind":"bot_words","i1":1,"i2":5,"sol":{"path":["/c/en/recce","/c/en/british","/c/en/fire","/c/fr/brasier","/c/en/brazier"],"weight":0.20669999999999988,"degrees":[38,3452,2829,31,84]},"num_concepts_raised":8641},{"base_id":452,"kind":"bot_words","i1":1,"i2":6,"sol":{"path":["/c/en/recce","/c/en/canada","/c/en/kiack","/c/en/buddhism","/c/en/arhat"],"weight":0.21065999999999985,"degrees":[38,2402,9,1287,85]},"num_concepts_raised":9167},{"base_id":452,"kind":"bot_words","i1":1,"i2":7,"sol":{"path":["/c/en/recce","/c/en/canada","/c/fr/allable","/c/en/feasible","/c/en/infeasible"],"weight":0.20604999999999996,"degrees":[38,2402,13,221,40]},"num_concepts_raised":6122},{"base_id":452,"kind":"bot_words","i1":1,"i2":8,"sol":{"path":["/c/en/recce","/c/en/british","/c/en/bit","/c/en/cryptography","/c/en/cryptographic"],"weight":0.2050199999999999,"degrees":[38,3452,1251,341,31]},"num_concepts_raised":6422},{"base_id":452,"kind":"bot_words","i1":1,"i2":9,"sol":{"path":["/c/en/recce","/c/en/british","/c/en/slog","/c/en/resistance","/c/en/resisting"],"weight":0.20477999999999988,"degrees":[38,3452,92,584,24]},"num_concepts_raised":6936},{"base_id":452,"kind":"bot_words","i1":2,"i2":3,"sol":{"path":["/c/en/diminishment","/c/en/decline","/c/en/downturn"],"weight":0.202,"degrees":[37,943,64]},"num_concepts_raised":85},{"base_id":452,"kind":"bot_words","i1":2,"i2":4,"sol":{"path":["/c/en/diminishment","/c/en/decrease","/c/en/limit","/c/en/timid"],"weight":0.2078899999999995,"degrees":[37,915,1188,394]},"num_concepts_raised":27372},{"base_id":452,"kind":"bot_words","i1":2,"i2":5,"sol":{"path":["/c/en/diminishment","/c/fr/réduction","/c/fr/métal","/c/fr/brasier","/c/en/brazier"],"weight":0.20585999999999988,"degrees":[37,316,956,31,84]},"num_concepts_raised":6175},{"base_id":452,"kind":"bot_words","i1":2,"i2":6,"sol":{"path":["/c/en/diminishment","/c/en/elevation","/c/en/rank","/c/sa/अर्हत्","/c/en/arhat"],"weight":0.21061999999999986,"degrees":[37,380,1403,24,85]},"num_concepts_raised":6681},{"base_id":452,"kind":"bot_words","i1":2,"i2":7,"sol":{"path":["/c/en/diminishment","/c/en/decrease","/c/en/max_min_fairness","/c/en/feasible","/c/en/infeasible"],"weight":0.20444,"degrees":[37,915,8,221,40]},"num_concepts_raised":3643},{"base_id":452,"kind":"bot_words","i1":2,"i2":8,"sol":{"path":["/c/en/diminishment","/c/fr/réduction","/c/en/digest","/c/en/cryptography","/c/en/cryptographic"],"weight":0.2041999999999999,"degrees":[37,316,458,341,31]},"num_concepts_raised":3947},{"base_id":452,"kind":"bot_words","i1":2,"i2":9,"sol":{"path":["/c/en/diminishment","/c/fr/réduction","/c/fr/chimie","/c/fr/réfractaire","/c/en/resisting"],"weight":0.2039399999999999,"degrees":[37,316,9652,68,24]},"num_concepts_raised":4451},{"base_id":452,"kind":"bot_words","i1":3,"i2":4,"sol":{"path":["/c/en/downturn","/c/en/trend","/c/en/people","/c/en/timid"],"weight":0.20891999999999938,"degrees":[64,388,4475,394]},"num_concepts_raised":26679},{"base_id":452,"kind":"bot_words","i1":3,"i2":5,"sol":{"path":["/c/en/downturn","/c/en/decline","/c/en/album","/c/en/brass","/c/en/brazier"],"weight":0.20514999999999978,"degrees":[64,943,778,601,84]},"num_concepts_raised":5493},{"base_id":452,"kind":"bot_words","i1":3,"i2":6,"sol":{"path":["/c/en/downturn","/c/fr/déclin","/c/en/descent","/c/en/evolution","/c/en/arhat"],"weight":0.2099999999999998,"degrees":[64,93,629,565,85]},"num_concepts_raised":5994},{"base_id":452,"kind":"bot_words","i1":3,"i2":7,"sol":{"path":["/c/en/downturn","/c/en/bloom_is_off_rose","/c/en/acceptability","/c/en/feasibility","/c/en/infeasible"],"weight":0.2033399999999999,"degrees":[64,18,75,108,40]},"num_concepts_raised":2951},{"base_id":452,"kind":"bot_words","i1":3,"i2":8,"sol":{"path":["/c/en/downturn","/c/en/downward","/c/en/value","/c/en/split_key","/c/en/cryptographic"],"weight":0.20313999999999982,"degrees":[64,196,1699,13,31]},"num_concepts_raised":3257},{"base_id":452,"kind":"bot_words","i1":3,"i2":9,"sol":{"path":["/c/en/downturn","/c/en/decline","/c/en/protest","/c/en/resistance","/c/en/resisting"],"weight":0.20331999999999978,"degrees":[64,943,960,584,24]},"num_concepts_raised":3764},{"base_id":452,"kind":"bot_words","i1":4,"i2":5,"sol":{"path":["/c/en/timid","/c/en/people","/c/en/heat","/c/en/brazier"],"weight":0.20926999999999946,"degrees":[394,4475,2046,84]},"num_concepts_raised":27108},{"base_id":452,"kind":"bot_words","i1":4,"i2":6,"sol":{"path":["/c/en/timid","/c/en/person","/c/en/celebrated","/c/sa/अर्हत्","/c/en/arhat"],"weight":0.21534999999999943,"degrees":[394,12935,129,24,85]},"num_concepts_raised":27595},{"base_id":452,"kind":"bot_words","i1":4,"i2":7,"sol":{"path":["/c/en/timid","/c/en/people","/c/en/manner","/c/en/infeasibly","/c/en/infeasible"],"weight":0.20873999999999954,"degrees":[394,4475,1248,6,40]},"num_concepts_raised":24642},{"base_id":452,"kind":"bot_words","i1":4,"i2":8,"sol":{"path":["/c/en/timid","/c/en/people","/c/en/coding","/c/en/cryptography","/c/en/cryptographic"],"weight":0.20866999999999947,"degrees":[394,4475,65,341,31]},"num_concepts_raised":24918},{"base_id":452,"kind":"bot_words","i1":4,"i2":9,"sol":{"path":["/c/en/timid","/c/en/submissive","/c/en/defiant","/c/en/resisting"],"weight":0.20738999999999944,"degrees":[394,251,118,24]},"num_concepts_raised":25413},{"base_id":452,"kind":"bot_words","i1":5,"i2":6,"sol":{"path":["/c/en/brazier","/c/en/brass","/c/en/military","/c/en/evolution","/c/en/arhat"],"weight":0.21025999999999984,"degrees":[84,601,5690,565,85]},"num_concepts_raised":6427},{"base_id":452,"kind":"bot_words","i1":5,"i2":7,"sol":{"path":["/c/en/brazier","/c/en/brass","/c/en/slang","/c/en/gadgetbahn","/c/en/infeasible"],"weight":0.20471999999999996,"degrees":[84,601,16318,10,40]},"num_concepts_raised":3383},{"base_id":452,"kind":"bot_words","i1":5,"i2":8,"sol":{"path":["/c/en/brazier","/c/en/brass","/c/en/family","/c/en/blowfish","/c/en/cryptographic"],"weight":0.20450999999999986,"degrees":[84,601,3166,184,31]},"num_concepts_raised":3680},{"base_id":452,"kind":"bot_words","i1":5,"i2":9,"sol":{"path":["/c/en/brazier","/c/en/heat","/c/en/bakelite","/c/en/resisting"],"weight":0.20335999999999985,"degrees":[84,2046,81,24]},"num_concepts_raised":4193},{"base_id":452,"kind":"bot_words","i1":6,"i2":7,"sol":{"path":["/c/en/arhat","/c/sa/अर्हत्","/c/en/buddha","/c/en/do","/c/en/feasible","/c/en/infeasible"],"weight":0.2167135999999998,"degrees":[85,24,307,1767,221,40]},"num_concepts_raised":213990},{"base_id":452,"kind":"bot_words","i1":6,"i2":8,"sol":{"path":["/c/en/arhat","/c/en/buddhist","/c/en/follower","/c/en/crypto","/c/en/cryptographic"],"weight":0.20852999999999985,"degrees":[85,1051,476,32,31]},"num_concepts_raised":4179},{"base_id":452,"kind":"bot_words","i1":6,"i2":9,"sol":{"path":["/c/en/arhat","/c/en/evolution","/c/en/military","/c/en/resistance","/c/en/resisting"],"weight":0.20840999999999982,"degrees":[85,565,5690,584,24]},"num_concepts_raised":4700},{"base_id":452,"kind":"bot_words","i1":7,"i2":8,"sol":{"path":["/c/en/infeasible","/c/en/feasible","/c/en/tractable","/c/en/malleable","/c/en/cryptography","/c/en/cryptographic"],"weight":0.2081542999999999,"degrees":[40,221,129,163,341,31]},"num_concepts_raised":113135},{"base_id":452,"kind":"bot_words","i1":7,"i2":9,"sol":{"path":["/c/en/infeasible","/c/en/impracticable","/c/en/unmanageable","/c/en/defiant","/c/en/resisting"],"weight":0.20290999999999992,"degrees":[40,63,98,118,24]},"num_concepts_raised":1646},{"base_id":452,"kind":"bot_words","i1":8,"i2":9,"sol":{"path":["/c/en/cryptographic","/c/en/malleability","/c/en/rigidity","/c/en/resistance","/c/en/resisting"],"weight":0.20266999999999985,"degrees":[31,88,131,584,24]},"num_concepts_raised":1952}],[{"base_id":452,"kind":"top_words","i1":0,"i2":1,"sol":{"path":["/c/en/astray","/c/en/wide","/c/en/computing","/c/en/copier","/c/en/duplicator"],"weight":0.20617999999999947,"degrees":[140,834,9084,58,48]},"num_concepts_raised":9924},{"base_id":452,"kind":"top_words","i1":0,"i2":2,"sol":{"path":["/c/en/astray","/c/en/estray","/c/en/animal","/c/en/gnu"],"weight":0.2143399999999996,"degrees":[140,17,3735,178]},"num_concepts_raised":18603},{"base_id":452,"kind":"top_words","i1":0,"i2":3,"sol":{"path":["/c/en/astray","/c/en/stray","/c/en/pound","/c/en/weight","/c/en/tael"],"weight":0.20524999999999954,"degrees":[140,296,817,1498,33]},"num_concepts_raised":12225},{"base_id":452,"kind":"top_words","i1":0,"i2":4,"sol":{"path":["/c/en/astray","/c/en/estray","/c/en/escape","/c/fi/karata","/c/en/elope"],"weight":0.20780999999999938,"degrees":[140,17,1177,37,77]},"num_concepts_raised":11333},{"base_id":452,"kind":"top_words","i1":0,"i2":5,"sol":{"path":["/c/en/astray","/c/en/stray","/c/fr/personne","/c/en/swathe"],"weight":0.20555999999999944,"degrees":[140,296,3714,70]},"num_concepts_raised":20042},{"base_id":452,"kind":"top_words","i1":0,"i2":6,"sol":{"path":["/c/en/astray","/c/en/bad","/c/en/joy","/c/en/whoopee"],"weight":0.20404999999999948,"degrees":[140,1728,943,37]},"num_concepts_raised":9825},{"base_id":452,"kind":"top_words","i1":0,"i2":7,"sol":{"path":["/c/en/astray","/c/en/direction","/c/en/lead"],"weight":0.20500000000000002,"degrees":[140,1258,2667]},"num_concepts_raised":2274},{"base_id":452,"kind":"top_words","i1":0,"i2":8,"sol":{"path":["/c/en/astray","/c/en/bad","/c/en/british","/c/en/neighbourly"],"weight":0.20389999999999958,"degrees":[140,1728,3452,26]},"num_concepts_raised":14954},{"base_id":452,"kind":"top_words","i1":0,"i2":9,"sol":{"path":["/c/en/astray","/c/en/primrose_path","/c/en/easy","/c/en/cushy"],"weight":0.20498999999999953,"degrees":[140,17,1030,26]},"num_concepts_raised":18452},{"base_id":452,"kind":"top_words","i1":1,"i2":2,"sol":{"path":["/c/en/duplicator","/c/en/reproduce","/c/en/animal","/c/en/gnu"],"weight":0.21226999999999985,"degrees":[48,417,3735,178]},"num_concepts_raised":12037},{"base_id":452,"kind":"top_words","i1":1,"i2":3,"sol":{"path":["/c/en/duplicator","/c/en/copier","/c/en/machine","/c/en/weight","/c/en/tael"],"weight":0.20514999999999983,"degrees":[48,58,1685,1498,33]},"num_concepts_raised":5627},{"base_id":452,"kind":"top_words","i1":1,"i2":4,"sol":{"path":["/c/en/duplicator","/c/en/photocopier","/c/en/photocopy","/c/en/run_off","/c/en/elope"],"weight":0.2036199999999997,"degrees":[48,126,180,83,77]},"num_concepts_raised":4742},{"base_id":452,"kind":"top_words","i1":1,"i2":5,"sol":{"path":["/c/en/duplicator","/c/en/copier","/c/en/material","/c/en/bandage","/c/en/swathe"],"weight":0.2079699999999997,"degrees":[48,58,1522,450,70]},"num_concepts_raised":13552},{"base_id":452,"kind":"top_words","i1":1,"i2":6,"sol":{"path":["/c/en/duplicator","/c/en/xerox","/c/en/slang","/c/en/make_whoopee","/c/en/whoopee"],"weight":0.20399999999999976,"degrees":[48,169,16318,9,37]},"num_concepts_raised":3200},{"base_id":452,"kind":"top_words","i1":1,"i2":7,"sol":{"path":["/c/en/duplicator","/c/en/copier","/c/en/material","/c/en/lead"],"weight":0.24023000000000547,"degrees":[48,58,1522,2667]},"num_concepts_raised":320535},{"base_id":452,"kind":"top_words","i1":1,"i2":8,"sol":{"path":["/c/en/duplicator","/c/en/reproduce","/c/en/love","/c/en/neighbour","/c/en/neighbourly"],"weight":0.20392999999999983,"degrees":[48,417,2442,470,26]},"num_concepts_raised":8399},{"base_id":452,"kind":"top_words","i1":1,"i2":9,"sol":{"path":["/c/en/duplicator","/c/en/copier","/c/en/machine","/c/en/us","/c/en/cushy"],"weight":0.2049599999999998,"degrees":[48,58,1685,8154,26]},"num_concepts_raised":11933},{"base_id":452,"kind":"top_words","i1":2,"i2":3,"sol":{"path":["/c/en/gnu","/c/en/animal","/c/en/tail","/c/ja/テール","/c/en/tael"],"weight":0.21319999999999995,"degrees":[178,3735,1214,10,33]},"num_concepts_raised":14362},{"base_id":452,"kind":"top_words","i1":2,"i2":4,"sol":{"path":["/c/en/gnu","/c/en/animal","/c/en/fly","/c/fi/karata","/c/en/elope"],"weight":0.21468999999999977,"degrees":[178,3735,2276,37,77]},"num_concepts_raised":13499},{"base_id":452,"kind":"top_words","i1":2,"i2":5,"sol":{"path":["/c/en/gnu","/c/en/software","/c/en/bind","/c/en/swathe"],"weight":0.21062999999999985,"degrees":[178,1812,948,70]},"num_concepts_raised":22154},{"base_id":452,"kind":"top_words","i1":2,"i2":6,"sol":{"path":["/c/en/gnu","/c/en/wildebeest","/c/en/wild","/c/zh/狂歡","/c/en/whoopee"],"weight":0.21494999999999986,"degrees":[178,90,1146,62,37]},"num_concepts_raised":11968},{"base_id":452,"kind":"top_words","i1":2,"i2":7,"sol":{"path":["/c/en/gnu","/c/en/animal","/c/en/mineral","/c/en/lead"],"weight":0.2541900000000054,"degrees":[178,3735,8530,2667]},"num_concepts_raised":327703},{"base_id":452,"kind":"top_words","i1":2,"i2":8,"sol":{"path":["/c/en/gnu","/c/en/wildebeest","/c/en/beast","/c/en/british","/c/en/neighbourly"],"weight":0.21488999999999994,"degrees":[178,90,586,3452,26]},"num_concepts_raised":17061},{"base_id":452,"kind":"top_words","i1":2,"i2":9,"sol":{"path":["/c/en/gnu","/c/en/software","/c/en/soft","/c/en/cushy"],"weight":0.21006999999999992,"degrees":[178,1812,1227,26]},"num_concepts_raised":20544},{"base_id":452,"kind":"top_words","i1":3,"i2":4,"sol":{"path":["/c/en/tael","/c/en/weight","/c/en/waste","/c/en/run_off","/c/en/elope"],"weight":0.20339999999999975,"degrees":[33,1498,1543,83,77]},"num_concepts_raised":7089},{"base_id":452,"kind":"top_words","i1":3,"i2":5,"sol":{"path":["/c/en/tael","/c/en/hong_kong","/c/en/british","/c/en/swathe"],"weight":0.2032699999999998,"degrees":[33,599,3452,70]},"num_concepts_raised":15851},{"base_id":452,"kind":"top_words","i1":3,"i2":6,"sol":{"path":["/c/en/tael","/c/en/weight","/c/en/slang","/c/en/make_whoopee","/c/en/whoopee"],"weight":0.20395999999999986,"degrees":[33,1498,16318,9,37]},"num_concepts_raised":5543},{"base_id":452,"kind":"top_words","i1":3,"i2":7,"sol":{"path":["/c/en/tael","/c/en/weight","/c/en/lead"],"weight":0.20400000000000001,"degrees":[33,1498,2667]},"num_concepts_raised":2185},{"base_id":452,"kind":"top_words","i1":3,"i2":8,"sol":{"path":["/c/en/tael","/c/en/hong_kong","/c/en/british","/c/en/neighbourly"],"weight":0.20280999999999993,"degrees":[33,599,3452,26]},"num_concepts_raised":10708},{"base_id":452,"kind":"top_words","i1":3,"i2":9,"sol":{"path":["/c/en/tael","/c/en/catty","/c/en/us","/c/en/cushy"],"weight":0.20277999999999988,"degrees":[33,86,8154,26]},"num_concepts_raised":14223},{"base_id":452,"kind":"top_words","i1":4,"i2":5,"sol":{"path":["/c/en/elope","/c/fr/amant","/c/fr/personne","/c/en/swathe"],"weight":0.20365999999999965,"degrees":[77,165,3714,70]},"num_concepts_raised":14973},{"base_id":452,"kind":"top_words","i1":4,"i2":6,"sol":{"path":["/c/en/elope","/c/ms/melejit","/c/en/jump","/c/en/joy","/c/en/whoopee"],"weight":0.2033699999999997,"degrees":[77,30,1216,943,37]},"num_concepts_raised":4657},{"base_id":452,"kind":"top_words","i1":4,"i2":7,"sol":{"path":["/c/en/elope","/c/fi/karata","/c/en/run","/c/en/lead"],"weight":0.24368000000000536,"degrees":[77,37,2730,2667]},"num_concepts_raised":321712},{"base_id":452,"kind":"top_words","i1":4,"i2":8,"sol":{"path":["/c/en/elope","/c/fi/karata","/c/en/military","/c/en/friendly","/c/en/neighbourly"],"weight":0.2063299999999998,"degrees":[77,37,5690,750,26]},"num_concepts_raised":9836},{"base_id":452,"kind":"top_words","i1":4,"i2":9,"sol":{"path":["/c/en/elope","/c/fi/karata","/c/en/military","/c/en/us","/c/en/cushy"],"weight":0.20521999999999974,"degrees":[77,37,5690,8154,26]},"num_concepts_raised":13385},{"base_id":452,"kind":"top_words","i1":5,"i2":6,"sol":{"path":["/c/en/swathe","/c/fr/bander","/c/en/slang","/c/en/make_whoopee","/c/en/whoopee"],"weight":0.20444999999999974,"degrees":[70,268,16318,9,37]},"num_concepts_raised":13473},{"base_id":452,"kind":"top_words","i1":5,"i2":7,"sol":{"path":["/c/en/swathe","/c/en/band","/c/en/lead"],"weight":0.20400000000000001,"degrees":[70,1893,2667]},"num_concepts_raised":2213},{"base_id":452,"kind":"top_words","i1":5,"i2":8,"sol":{"path":["/c/en/swathe","/c/en/british","/c/en/neighbourly"],"weight":0.202,"degrees":[70,3452,26]},"num_concepts_raised":79},{"base_id":452,"kind":"top_words","i1":5,"i2":9,"sol":{"path":["/c/en/swathe","/c/en/british","/c/en/cushty","/c/en/cushy"],"weight":0.2031199999999998,"degrees":[70,3452,12,26]},"num_concepts_raised":21723},{"base_id":452,"kind":"top_words","i1":6,"i2":7,"sol":{"path":["/c/en/whoopee","/c/en/make_whoopee","/c/en/slang","/c/en/lead"],"weight":0.23972000000000548,"degrees":[37,9,16318,2667]},"num_concepts_raised":320558},{"base_id":452,"kind":"top_words","i1":6,"i2":8,"sol":{"path":["/c/en/whoopee","/c/en/joy","/c/en/nice","/c/en/friendly","/c/en/neighbourly"],"weight":0.20394999999999988,"degrees":[37,943,845,750,26]},"num_concepts_raised":8309},{"base_id":452,"kind":"top_words","i1":6,"i2":9,"sol":{"path":["/c/en/whoopee","/c/en/joy","/c/fa/خوشی","/c/en/cushy"],"weight":0.20283999999999983,"degrees":[37,943,20,26]},"num_concepts_raised":11835},{"base_id":452,"kind":"top_words","i1":7,"i2":8,"sol":{"path":["/c/en/lead","/c/en/mineral","/c/en/british","/c/en/neighbourly"],"weight":0.24470000000000539,"degrees":[2667,8530,3452,26]},"num_concepts_raised":324036},{"base_id":452,"kind":"top_words","i1":7,"i2":9,"sol":{"path":["/c/en/lead","/c/en/soft","/c/en/cushy"],"weight":0.20400000000000001,"degrees":[2667,1227,26]},"num_concepts_raised":2181},{"base_id":452,"kind":"top_words","i1":8,"i2":9,"sol":{"path":["/c/en/neighbourly","/c/en/friendly","/c/en/easy","/c/en/cushy"],"weight":0.2048799999999999,"degrees":[26,750,1030,26]},"num_concepts_raised":16243}]]