[[{"base_id":946,"kind":"bot_words","i1":0,"i2":1,"sol":{"path":["/c/en/felid","/c/en/tiger","/c/en/pan","/c/en/disparage","/c/en/discredit"],"weight":0.20567999999999959,"degrees":[32,717,880,175,191]},"num_concepts_raised":11757},{"base_id":946,"kind":"bot_words","i1":0,"i2":2,"sol":{"path":["/c/en/felid","/c/en/wildcat","/c/en/person","/c/en/autonomous"],"weight":0.20527999999999985,"degrees":[32,317,12935,195]},"num_concepts_raised":27066},{"base_id":946,"kind":"bot_words","i1":0,"i2":3,"sol":{"path":["/c/en/felid","/c/en/cat","/c/en/noun","/c/en/atory","/c/en/rotatory"],"weight":0.2028899999999999,"degrees":[32,1616,992,104,27]},"num_concepts_raised":6823},{"base_id":946,"kind":"bot_words","i1":0,"i2":4,"sol":{"path":["/c/en/felid","/c/en/leopard","/c/en/coat","/c/en/foliate"],"weight":0.2033299999999998,"degrees":[32,479,1193,78]},"num_concepts_raised":26154},{"base_id":946,"kind":"bot_words","i1":0,"i2":5,"sol":{"path":["/c/en/felid","/c/en/cat","/c/en/slang","/c/en/kick","/c/en/dropkick"],"weight":0.20514999999999997,"degrees":[32,1616,16318,802,25]},"num_concepts_raised":8463},{"base_id":946,"kind":"bot_words","i1":0,"i2":6,"sol":{"path":["/c/en/felid","/c/en/cat","/c/en/book","/c/en/copybook"],"weight":0.20415999999999987,"degrees":[32,1616,3239,36]},"num_concepts_raised":21259},{"base_id":946,"kind":"bot_words","i1":0,"i2":7,"sol":{"path":["/c/en/felid","/c/en/tiger","/c/en/pan","/c/en/panoply"],"weight":0.2030399999999999,"degrees":[32,717,880,44]},"num_concepts_raised":20691},{"base_id":946,"kind":"bot_words","i1":0,"i2":8,"sol":{"path":["/c/en/felid","/c/en/cat","/c/en/car","/c/en/alternator"],"weight":0.20459999999999998,"degrees":[32,1616,2328,67]},"num_concepts_raised":9809},{"base_id":946,"kind":"bot_words","i1":0,"i2":9,"sol":{"path":["/c/en/felid","/c/en/wildcat","/c/en/practice","/c/en/consultancy"],"weight":0.20285999999999993,"degrees":[32,317,1380,26]},"num_concepts_raised":7819},{"base_id":946,"kind":"bot_words","i1":1,"i2":2,"sol":{"path":["/c/en/discredit","/c/en/disgrace","/c/en/person","/c/en/autonomous"],"weight":0.2069799999999995,"degrees":[191,399,12935,195]},"num_concepts_raised":27937},{"base_id":946,"kind":"bot_words","i1":1,"i2":3,"sol":{"path":["/c/en/discredit","/c/en/scandal","/c/en/organization","/c/en/revolutionary","/c/en/rotatory"],"weight":0.20452999999999952,"degrees":[191,420,1375,232,27]},"num_concepts_raised":7598},{"base_id":946,"kind":"bot_words","i1":1,"i2":4,"sol":{"path":["/c/en/discredit","/c/en/disparage","/c/en/pan","/c/en/leaf","/c/en/foliate"],"weight":0.20620999999999942,"degrees":[191,175,880,2158,78]},"num_concepts_raised":27088},{"base_id":946,"kind":"bot_words","i1":1,"i2":5,"sol":{"path":["/c/en/discredit","/c/fr/abaisser","/c/en/drop","/c/en/dropkick"],"weight":0.20459999999999962,"degrees":[191,401,1915,25]},"num_concepts_raised":9216},{"base_id":946,"kind":"bot_words","i1":1,"i2":6,"sol":{"path":["/c/en/discredit","/c/en/scotch","/c/en/english","/c/en/copybook"],"weight":0.2045099999999995,"degrees":[191,190,954,36]},"num_concepts_raised":22036},{"base_id":946,"kind":"bot_words","i1":1,"i2":7,"sol":{"path":["/c/en/discredit","/c/en/disparage","/c/en/pan","/c/en/panoply"],"weight":0.20567999999999953,"degrees":[191,175,880,44]},"num_concepts_raised":21503},{"base_id":946,"kind":"bot_words","i1":1,"i2":8,"sol":{"path":["/c/en/discredit","/c/fr/abaisser","/c/en/brownout","/c/en/alternating_current","/c/en/alternator"],"weight":0.2061799999999996,"degrees":[191,401,87,228,67]},"num_concepts_raised":10606},{"base_id":946,"kind":"bot_words","i1":1,"i2":9,"sol":{"path":["/c/en/discredit","/c/en/false","/c/en/firm","/c/en/consultancy"],"weight":0.20443999999999957,"degrees":[191,970,867,26]},"num_concepts_raised":8590},{"base_id":946,"kind":"bot_words","i1":2,"i2":3,"sol":{"path":["/c/en/autonomous","/c/en/independent","/c/en/revolutionary","/c/en/rotatory"],"weight":0.2074099999999998,"degrees":[195,619,232,27]},"num_concepts_raised":23130},{"base_id":946,"kind":"bot_words","i1":2,"i2":4,"sol":{"path":["/c/en/autonomous","/c/en/person","/c/en/number","/c/en/foliate"],"weight":0.2055899999999997,"degrees":[195,12935,2301,78]},"num_concepts_raised":42312},{"base_id":946,"kind":"bot_words","i1":2,"i2":5,"sol":{"path":["/c/en/autonomous","/c/en/object","/c/en/drop","/c/en/dropkick"],"weight":0.20497999999999986,"degrees":[195,1642,1915,25]},"num_concepts_raised":24685},{"base_id":946,"kind":"bot_words","i1":2,"i2":6,"sol":{"path":["/c/en/autonomous","/c/en/subject","/c/en/book","/c/en/copybook"],"weight":0.20617999999999975,"degrees":[195,1490,3239,36]},"num_concepts_raised":37148},{"base_id":946,"kind":"bot_words","i1":2,"i2":7,"sol":{"path":["/c/en/autonomous","/c/en/nation","/c/en/historical","/c/en/panoply"],"weight":0.20519999999999977,"degrees":[195,1106,8415,44]},"num_concepts_raised":36660},{"base_id":946,"kind":"bot_words","i1":2,"i2":8,"sol":{"path":["/c/en/autonomous","/c/en/object","/c/en/car","/c/en/alternator"],"weight":0.20659999999999987,"degrees":[195,1642,2328,67]},"num_concepts_raised":26028},{"base_id":946,"kind":"bot_words","i1":2,"i2":9,"sol":{"path":["/c/en/autonomous","/c/en/independent","/c/en/self","/c/en/practice","/c/en/consultancy"],"weight":0.2075099999999998,"degrees":[195,619,857,1380,26]},"num_concepts_raised":24104},{"base_id":946,"kind":"bot_words","i1":3,"i2":4,"sol":{"path":["/c/en/rotatory","/c/en/alternate","/c/en/botany","/c/en/foliate"],"weight":0.2031799999999997,"degrees":[27,358,6881,78]},"num_concepts_raised":22180},{"base_id":946,"kind":"bot_words","i1":3,"i2":5,"sol":{"path":["/c/en/rotatory","/c/en/rotation","/c/en/motion","/c/en/kick","/c/en/dropkick"],"weight":0.20480999999999988,"degrees":[27,532,1045,802,25]},"num_concepts_raised":4311},{"base_id":946,"kind":"bot_words","i1":3,"i2":6,"sol":{"path":["/c/en/rotatory","/c/en/rotation","/c/en/turn","/c/en/book","/c/en/copybook"],"weight":0.20387999999999978,"degrees":[27,532,2413,3239,36]},"num_concepts_raised":17155},{"base_id":946,"kind":"bot_words","i1":3,"i2":7,"sol":{"path":["/c/en/rotatory","/c/en/rotation","/c/en/turn","/c/en/pan","/c/en/panoply"],"weight":0.2028799999999998,"degrees":[27,532,2413,880,44]},"num_concepts_raised":16612},{"base_id":946,"kind":"bot_words","i1":3,"i2":8,"sol":{"path":["/c/en/rotatory","/c/en/alternate","/c/en/alternator"],"weight":0.202,"degrees":[27,358,67]},"num_concepts_raised":75},{"base_id":946,"kind":"bot_words","i1":3,"i2":9,"sol":{"path":["/c/en/rotatory","/c/en/revolutionary","/c/en/organization","/c/en/firm","/c/en/consultancy"],"weight":0.20263999999999985,"degrees":[27,232,1375,867,26]},"num_concepts_raised":3657},{"base_id":946,"kind":"bot_words","i1":4,"i2":5,"sol":{"path":["/c/en/foliate","/c/en/architecture","/c/en/drop","/c/en/dropkick"],"weight":0.20326999999999978,"degrees":[78,2564,1915,25]},"num_concepts_raised":23773},{"base_id":946,"kind":"bot_words","i1":4,"i2":6,"sol":{"path":["/c/en/foliate","/c/en/paginate","/c/en/book","/c/en/copybook"],"weight":0.20543999999999968,"degrees":[78,36,3239,36]},"num_concepts_raised":36214},{"base_id":946,"kind":"bot_words","i1":4,"i2":7,"sol":{"path":["/c/en/foliate","/c/en/leaf","/c/en/pan","/c/en/panoply"],"weight":0.2035699999999997,"degrees":[78,2158,880,44]},"num_concepts_raised":35631},{"base_id":946,"kind":"bot_words","i1":4,"i2":8,"sol":{"path":["/c/en/foliate","/c/en/botany","/c/en/alternate","/c/en/alternator"],"weight":0.2037899999999998,"degrees":[78,6881,358,67]},"num_concepts_raised":25124},{"base_id":946,"kind":"bot_words","i1":4,"i2":9,"sol":{"path":["/c/en/foliate","/c/en/leaf","/c/en/company","/c/en/firm","/c/en/consultancy"],"weight":0.20338999999999974,"degrees":[78,2158,2258,867,26]},"num_concepts_raised":23186},{"base_id":946,"kind":"bot_words","i1":5,"i2":6,"sol":{"path":["/c/en/dropkick","/c/en/kick","/c/en/slang","/c/en/book","/c/en/copybook"],"weight":0.20602999999999988,"degrees":[25,802,16318,3239,36]},"num_concepts_raised":18749},{"base_id":946,"kind":"bot_words","i1":5,"i2":7,"sol":{"path":["/c/en/dropkick","/c/en/kick","/c/en/boot","/c/en/cover","/c/en/panoply"],"weight":0.2050599999999999,"degrees":[25,802,921,2802,44]},"num_concepts_raised":18227},{"base_id":946,"kind":"bot_words","i1":5,"i2":8,"sol":{"path":["/c/en/dropkick","/c/en/kick","/c/en/boot","/c/en/car","/c/en/alternator"],"weight":0.20650999999999997,"degrees":[25,802,921,2328,67]},"num_concepts_raised":7309},{"base_id":946,"kind":"bot_words","i1":5,"i2":9,"sol":{"path":["/c/en/dropkick","/c/en/kick","/c/en/slang","/c/en/firm","/c/en/consultancy"],"weight":0.20482999999999993,"degrees":[25,802,16318,867,26]},"num_concepts_raised":5321},{"base_id":946,"kind":"bot_words","i1":6,"i2":7,"sol":{"path":["/c/en/copybook","/c/en/book","/c/en/cover","/c/en/panoply"],"weight":0.20408999999999977,"degrees":[36,3239,2802,44]},"num_concepts_raised":30680},{"base_id":946,"kind":"bot_words","i1":6,"i2":8,"sol":{"path":["/c/en/copybook","/c/en/computing","/c/en/car","/c/en/alternator"],"weight":0.2044299999999999,"degrees":[36,9084,2328,67]},"num_concepts_raised":20061},{"base_id":946,"kind":"bot_words","i1":6,"i2":9,"sol":{"path":["/c/en/copybook","/c/en/book","/c/en/information","/c/en/practice","/c/en/consultancy"],"weight":0.20387999999999984,"degrees":[36,3239,1544,1380,26]},"num_concepts_raised":18123},{"base_id":946,"kind":"bot_words","i1":7,"i2":8,"sol":{"path":["/c/en/panoply","/c/en/cover","/c/en/car","/c/en/alternator"],"weight":0.2044999999999999,"degrees":[44,2802,2328,67]},"num_concepts_raised":19528},{"base_id":946,"kind":"bot_words","i1":7,"i2":9,"sol":{"path":["/c/en/panoply","/c/fr/panoplie","/c/en/range","/c/en/practice","/c/en/consultancy"],"weight":0.20394999999999985,"degrees":[44,53,1025,1380,26]},"num_concepts_raised":17612},{"base_id":946,"kind":"bot_words","i1":8,"i2":9,"sol":{"path":["/c/en/alternator","/c/en/car","/c/en/train","/c/en/practice","/c/en/consultancy"],"weight":0.20432999999999996,"degrees":[67,2328,1408,1380,26]},"num_concepts_raised":6676}],[{"base_id":946,"kind":"top_words","i1":0,"i2":1,"sol":{"path":["/c/en/west","/c/en/east"],"weight":0.21100000000000002,"degrees":[689,713]},"num_concepts_raised":987},{"base_id":946,"kind":"top_words","i1":0,"i2":2,"sol":{"path":["/c/en/west","/c/en/united_states","/c/en/city","/c/en/bekasi"],"weight":0.22634999999999894,"degrees":[689,1636,3758,57]},"num_concepts_raised":55638},{"base_id":946,"kind":"top_words","i1":0,"i2":3,"sol":{"path":["/c/en/west","/c/en/wind","/c/en/transparent","/c/en/cuvette"],"weight":0.221019999999999,"degrees":[689,2373,492,26]},"num_concepts_raised":55484},{"base_id":946,"kind":"top_words","i1":0,"i2":4,"sol":{"path":["/c/en/west","/c/en/united_states","/c/en/city","/c/en/tasikmalaya"],"weight":0.22600999999999893,"degrees":[689,1636,3758,34]},"num_concepts_raised":55667},{"base_id":946,"kind":"top_words","i1":0,"i2":5,"sol":{"path":["/c/en/west","/c/en/united_states","/c/en/city","/c/en/depok"],"weight":0.22626999999999897,"degrees":[689,1636,3758,49]},"num_concepts_raised":55614},{"base_id":946,"kind":"top_words","i1":0,"i2":6,"sol":{"path":["/c/en/west","/c/en/us","/c/en/yay"],"weight":0.20700000000000002,"degrees":[689,8154,94]},"num_concepts_raised":591},{"base_id":946,"kind":"top_words","i1":0,"i2":7,"sol":{"path":["/c/en/west","/c/en/east","/c/ms/timur","/c/en/timor"],"weight":0.2317999999999989,"degrees":[689,713,30,100]},"num_concepts_raised":54650},{"base_id":946,"kind":"top_words","i1":0,"i2":8,"sol":{"path":["/c/en/west","/c/en/direction","/c/en/flow","/c/en/lavant"],"weight":0.23019999999999893,"degrees":[689,1258,1523,31]},"num_concepts_raised":177826},{"base_id":946,"kind":"top_words","i1":0,"i2":9,"sol":{"path":["/c/en/west","/c/zh/西番","/c/en/language","/c/en/zeelandic"],"weight":0.22799999999999893,"degrees":[689,18,4160,42]},"num_concepts_raised":59865},{"base_id":946,"kind":"top_words","i1":1,"i2":2,"sol":{"path":["/c/en/east","/c/en/state","/c/en/city","/c/en/bekasi"],"weight":0.21702999999999878,"degrees":[713,3243,3758,57]},"num_concepts_raised":59453},{"base_id":946,"kind":"top_words","i1":1,"i2":3,"sol":{"path":["/c/en/east","/c/en/wind","/c/en/transparent","/c/en/cuvette"],"weight":0.21247999999999878,"degrees":[713,2373,492,26]},"num_concepts_raised":59444},{"base_id":946,"kind":"top_words","i1":1,"i2":4,"sol":{"path":["/c/en/east","/c/en/state","/c/en/city","/c/en/tasikmalaya"],"weight":0.21668999999999872,"degrees":[713,3243,3758,34]},"num_concepts_raised":59483},{"base_id":946,"kind":"top_words","i1":1,"i2":5,"sol":{"path":["/c/en/east","/c/en/state","/c/en/city","/c/en/depok"],"weight":0.2169499999999988,"degrees":[713,3243,3758,49]},"num_concepts_raised":59430},{"base_id":946,"kind":"top_words","i1":1,"i2":6,"sol":{"path":["/c/en/east","/c/en/west","/c/en/us","/c/en/yay"],"weight":0.21698999999999866,"degrees":[713,689,8154,94]},"num_concepts_raised":79817},{"base_id":946,"kind":"top_words","i1":1,"i2":7,"sol":{"path":["/c/en/east","/c/ms/timur","/c/en/timor"],"weight":0.20700000000000002,"degrees":[713,30,100]},"num_concepts_raised":608},{"base_id":946,"kind":"top_words","i1":1,"i2":8,"sol":{"path":["/c/en/east","/c/fr/est","/c/fr/localités","/c/en/lavant"],"weight":0.2239699999999987,"degrees":[713,568,110113,31]},"num_concepts_raised":182363},{"base_id":946,"kind":"top_words","i1":1,"i2":9,"sol":{"path":["/c/en/east","/c/en/state","/c/en/province","/c/en/zeelandic"],"weight":0.21666999999999875,"degrees":[713,3243,1040,42]},"num_concepts_raised":63743},{"base_id":946,"kind":"top_words","i1":2,"i2":3,"sol":{"path":["/c/en/bekasi","/c/en/city","/c/en/water","/c/en/basin","/c/en/cuvette"],"weight":0.20811999999999983,"degrees":[57,3758,4606,488,26]},"num_concepts_raised":6595},{"base_id":946,"kind":"top_words","i1":2,"i2":4,"sol":{"path":["/c/en/bekasi","/c/en/city","/c/en/tasikmalaya"],"weight":0.20600000000000002,"degrees":[57,3758,34]},"num_concepts_raised":80},{"base_id":946,"kind":"top_words","i1":2,"i2":5,"sol":{"path":["/c/en/bekasi","/c/en/jakarta_raya","/c/en/depok"],"weight":0.20700000000000002,"degrees":[57,8,49]},"num_concepts_raised":88},{"base_id":946,"kind":"top_words","i1":2,"i2":6,"sol":{"path":["/c/en/bekasi","/c/en/city","/c/en/tai","/c/en/yay"],"weight":0.2088799999999997,"degrees":[57,3758,91,94]},"num_concepts_raised":28294},{"base_id":946,"kind":"top_words","i1":2,"i2":7,"sol":{"path":["/c/en/bekasi","/c/en/indonesia","/c/en/timor"],"weight":0.20700000000000002,"degrees":[57,549,100]},"num_concepts_raised":127},{"base_id":946,"kind":"top_words","i1":2,"i2":8,"sol":{"path":["/c/en/bekasi","/c/en/city","/c/en/water","/c/en/lavant"],"weight":0.2132699999999998,"degrees":[57,3758,4606,31]},"num_concepts_raised":130995},{"base_id":946,"kind":"top_words","i1":2,"i2":9,"sol":{"path":["/c/en/bekasi","/c/en/city","/c/en/province","/c/en/zeelandic"],"weight":0.21328999999999976,"degrees":[57,3758,1040,42]},"num_concepts_raised":11168},{"base_id":946,"kind":"top_words","i1":3,"i2":4,"sol":{"path":["/c/en/cuvette","/c/en/basin","/c/en/water","/c/en/city","/c/en/tasikmalaya"],"weight":0.2077799999999998,"degrees":[26,488,4606,3758,34]},"num_concepts_raised":6624},{"base_id":946,"kind":"top_words","i1":3,"i2":5,"sol":{"path":["/c/en/cuvette","/c/en/basin","/c/en/water","/c/en/city","/c/en/depok"],"weight":0.20803999999999986,"degrees":[26,488,4606,3758,49]},"num_concepts_raised":6571},{"base_id":946,"kind":"top_words","i1":3,"i2":6,"sol":{"path":["/c/en/cuvette","/c/en/bucket","/c/en/slang","/c/en/yay"],"weight":0.20343999999999973,"degrees":[26,655,16318,94]},"num_concepts_raised":27841},{"base_id":946,"kind":"top_words","i1":3,"i2":7,"sol":{"path":["/c/en/cuvette","/c/fr/cuvette","/c/fr/géographie","/c/en/island","/c/en/timor"],"weight":0.2108399999999998,"degrees":[26,115,8043,1660,100]},"num_concepts_raised":5314},{"base_id":946,"kind":"top_words","i1":3,"i2":8,"sol":{"path":["/c/en/cuvette","/c/en/basin","/c/en/water","/c/en/lavant"],"weight":0.20782999999999982,"degrees":[26,488,4606,31]},"num_concepts_raised":130643},{"base_id":946,"kind":"top_words","i1":3,"i2":9,"sol":{"path":["/c/en/cuvette","/c/en/bucket","/c/en/computing","/c/en/language","/c/en/zeelandic"],"weight":0.20989999999999978,"degrees":[26,655,9084,4160,42]},"num_concepts_raised":10932},{"base_id":946,"kind":"top_words","i1":4,"i2":5,"sol":{"path":["/c/en/tasikmalaya","/c/en/city","/c/en/depok"],"weight":0.20600000000000002,"degrees":[34,3758,49]},"num_concepts_raised":72},{"base_id":946,"kind":"top_words","i1":4,"i2":6,"sol":{"path":["/c/en/tasikmalaya","/c/en/city","/c/en/tai","/c/en/yay"],"weight":0.20853999999999967,"degrees":[34,3758,91,94]},"num_concepts_raised":28318},{"base_id":946,"kind":"top_words","i1":4,"i2":7,"sol":{"path":["/c/en/tasikmalaya","/c/en/indonesia","/c/en/timor"],"weight":0.20700000000000002,"degrees":[34,549,100]},"num_concepts_raised":110},{"base_id":946,"kind":"top_words","i1":4,"i2":8,"sol":{"path":["/c/en/tasikmalaya","/c/en/city","/c/en/water","/c/en/lavant"],"weight":0.21292999999999976,"degrees":[34,3758,4606,31]},"num_concepts_raised":131024},{"base_id":946,"kind":"top_words","i1":4,"i2":9,"sol":{"path":["/c/en/tasikmalaya","/c/en/city","/c/en/province","/c/en/zeelandic"],"weight":0.21294999999999972,"degrees":[34,3758,1040,42]},"num_concepts_raised":11197},{"base_id":946,"kind":"top_words","i1":5,"i2":6,"sol":{"path":["/c/en/depok","/c/en/city","/c/en/tai","/c/en/yay"],"weight":0.20879999999999974,"degrees":[49,3758,91,94]},"num_concepts_raised":28270},{"base_id":946,"kind":"top_words","i1":5,"i2":7,"sol":{"path":["/c/en/depok","/c/en/indonesia","/c/en/timor"],"weight":0.20700000000000002,"degrees":[49,549,100]},"num_concepts_raised":119},{"base_id":946,"kind":"top_words","i1":5,"i2":8,"sol":{"path":["/c/en/depok","/c/en/city","/c/en/water","/c/en/lavant"],"weight":0.21318999999999982,"degrees":[49,3758,4606,31]},"num_concepts_raised":130971},{"base_id":946,"kind":"top_words","i1":5,"i2":9,"sol":{"path":["/c/en/depok","/c/en/city","/c/en/province","/c/en/zeelandic"],"weight":0.2132099999999998,"degrees":[49,3758,1040,42]},"num_concepts_raised":11144},{"base_id":946,"kind":"top_words","i1":6,"i2":7,"sol":{"path":["/c/en/yay","/c/en/us","/c/en/country","/c/en/east_timor","/c/en/timor"],"weight":0.21464999999999967,"degrees":[94,8154,2796,223,100]},"num_concepts_raised":27107},{"base_id":946,"kind":"top_words","i1":6,"i2":8,"sol":{"path":["/c/en/yay","/c/en/slang","/c/en/spring","/c/en/lavant"],"weight":0.2085599999999997,"degrees":[94,16318,1751,31]},"num_concepts_raised":150563},{"base_id":946,"kind":"top_words","i1":6,"i2":9,"sol":{"path":["/c/en/yay","/c/en/slang","/c/en/language","/c/en/zeelandic"],"weight":0.21073999999999965,"degrees":[94,16318,4160,42]},"num_concepts_raised":32461},{"base_id":946,"kind":"top_words","i1":7,"i2":8,"sol":{"path":["/c/en/timor","/c/en/island","/c/en/water","/c/en/lavant"],"weight":0.21597999999999978,"degrees":[100,1660,4606,31]},"num_concepts_raised":129914},{"base_id":946,"kind":"top_words","i1":7,"i2":9,"sol":{"path":["/c/en/timor","/c/en/east_timor","/c/en/country","/c/en/language","/c/en/zeelandic"],"weight":0.22018999999999975,"degrees":[100,223,2796,4160,42]},"num_concepts_raised":9989},{"base_id":946,"kind":"top_words","i1":8,"i2":9,"sol":{"path":["/c/en/lavant","/c/en/water","/c/en/body","/c/en/language","/c/en/zeelandic"],"weight":0.21508999999999975,"degrees":[31,4606,3170,4160,42]},"num_concepts_raised":135423}]]