[[{"base_id":423,"kind":"bot_words","i1":0,"i2":1,"sol":{"path":["/c/en/tzaddik","/c/en/righteous","/c/en/slang","/c/en/dig_out","/c/en/exhume"],"weight":0.20407000000000003,"degrees":[27,223,16318,90,112]},"num_concepts_raised":5234},{"base_id":423,"kind":"bot_words","i1":0,"i2":2,"sol":{"path":["/c/en/tzaddik","/c/en/judaism","/c/en/professor","/c/en/lecture","/c/en/berating"],"weight":0.20275999999999994,"degrees":[27,1033,469,609,25]},"num_concepts_raised":2638},{"base_id":423,"kind":"bot_words","i1":0,"i2":3,"sol":{"path":["/c/en/tzaddik","/c/he/צדיק","/c/en/person","/c/en/illiterate"],"weight":0.20714999999999997,"degrees":[27,24,12935,236]},"num_concepts_raised":33115},{"base_id":423,"kind":"bot_words","i1":0,"i2":4,"sol":{"path":["/c/en/tzaddik","/c/en/judaism","/c/en/abraham","/c/en/given_name","/c/en/nora"],"weight":0.20779999999999993,"degrees":[27,1033,276,1247,26]},"num_concepts_raised":2504},{"base_id":423,"kind":"bot_words","i1":0,"i2":5,"sol":{"path":["/c/en/tzaddik","/c/en/judaism","/c/en/religion","/c/fr/renier","/c/en/disown"],"weight":0.20483999999999986,"degrees":[27,1033,3331,156,102]},"num_concepts_raised":17929},{"base_id":423,"kind":"bot_words","i1":0,"i2":6,"sol":{"path":["/c/en/tzaddik","/c/en/judaism","/c/en/bima","/c/en/city","/c/en/samobor"],"weight":0.2078499999999999,"degrees":[27,1033,31,3758,32]},"num_concepts_raised":5381},{"base_id":423,"kind":"bot_words","i1":0,"i2":7,"sol":{"path":["/c/en/tzaddik","/c/en/judaism","/c/fr/religion","/c/en/archon"],"weight":0.20851999999999982,"degrees":[27,1033,6634,84]},"num_concepts_raised":15666},{"base_id":423,"kind":"bot_words","i1":0,"i2":8,"sol":{"path":["/c/en/tzaddik","/c/he/צדיק","/c/en/person","/c/en/organism","/c/en/fungus","/c/en/leccinum"],"weight":0.21225789999999972,"degrees":[27,24,12935,1338,1236,31]},"num_concepts_raised":138682},{"base_id":423,"kind":"bot_words","i1":0,"i2":9,"sol":{"path":["/c/en/tzaddik","/c/he/צדיק","/c/en/letter","/c/en/small","/c/en/mini"],"weight":0.21022999999999978,"degrees":[27,24,2043,2515,128]},"num_concepts_raised":23150},{"base_id":423,"kind":"bot_words","i1":1,"i2":2,"sol":{"path":["/c/en/exhume","/c/en/burial","/c/en/body","/c/ja/上下","/c/en/berating"],"weight":0.20392999999999994,"degrees":[112,413,3170,293,25]},"num_concepts_raised":5504},{"base_id":423,"kind":"bot_words","i1":1,"i2":3,"sol":{"path":["/c/en/exhume","/c/la/ex","/c/la/in","/c/en/illiterate"],"weight":0.20707,"degrees":[112,468,637,236]},"num_concepts_raised":35845},{"base_id":423,"kind":"bot_words","i1":1,"i2":4,"sol":{"path":["/c/en/exhume","/c/fr/déterrer","/c/fr/terrier","/c/cs/nora","/c/en/nora"],"weight":0.21202,"degrees":[112,133,192,25,26]},"num_concepts_raised":5381},{"base_id":423,"kind":"bot_words","i1":1,"i2":5,"sol":{"path":["/c/en/exhume","/c/en/take_out","/c/en/estrange","/c/en/disown"],"weight":0.20472999999999986,"degrees":[112,289,156,102]},"num_concepts_raised":20684},{"base_id":423,"kind":"bot_words","i1":1,"i2":6,"sol":{"path":["/c/en/exhume","/c/km/លើក","/c/en/transport","/c/en/croatia","/c/en/samobor"],"weight":0.21095999999999993,"degrees":[112,37,1411,1344,32]},"num_concepts_raised":8232},{"base_id":423,"kind":"bot_words","i1":1,"i2":7,"sol":{"path":["/c/en/exhume","/c/en/ground","/c/en/leader","/c/en/archon"],"weight":0.20962999999999987,"degrees":[112,1836,1391,84]},"num_concepts_raised":18535},{"base_id":423,"kind":"bot_words","i1":1,"i2":8,"sol":{"path":["/c/en/exhume","/c/en/ground","/c/en/fungus","/c/en/leccinum"],"weight":0.20893999999999993,"degrees":[112,1836,1236,31]},"num_concepts_raised":5274},{"base_id":423,"kind":"bot_words","i1":1,"i2":9,"sol":{"path":["/c/en/exhume","/c/en/ground","/c/en/small","/c/en/mini"],"weight":0.21032999999999982,"degrees":[112,1836,2515,128]},"num_concepts_raised":25785},{"base_id":423,"kind":"bot_words","i1":2,"i2":3,"sol":{"path":["/c/en/berating","/c/en/lecture","/c/en/read","/c/en/illiterate"],"weight":0.20718999999999993,"degrees":[25,609,1419,236]},"num_concepts_raised":33301},{"base_id":423,"kind":"bot_words","i1":2,"i2":4,"sol":{"path":["/c/en/berating","/c/ja/上下","/c/en/young","/c/en/given_name","/c/en/nora"],"weight":0.20765999999999987,"degrees":[25,293,1813,1247,26]},"num_concepts_raised":2791},{"base_id":423,"kind":"bot_words","i1":2,"i2":5,"sol":{"path":["/c/en/berating","/c/en/rebuke","/c/en/disapprove","/c/en/disavow","/c/en/disown"],"weight":0.2048299999999998,"degrees":[25,451,169,112,102]},"num_concepts_raised":18185},{"base_id":423,"kind":"bot_words","i1":2,"i2":6,"sol":{"path":["/c/en/berating","/c/ja/上下","/c/en/city","/c/en/samobor"],"weight":0.20770999999999984,"degrees":[25,293,3758,32]},"num_concepts_raised":5656},{"base_id":423,"kind":"bot_words","i1":2,"i2":7,"sol":{"path":["/c/en/berating","/c/en/lecture","/c/en/group","/c/en/leader","/c/en/archon"],"weight":0.20841999999999977,"degrees":[25,609,2339,1391,84]},"num_concepts_raised":15980},{"base_id":423,"kind":"bot_words","i1":2,"i2":8,"sol":{"path":["/c/en/berating","/c/ja/上下","/c/en/old","/c/en/fungus","/c/en/leccinum"],"weight":0.20770999999999984,"degrees":[25,293,2028,1236,31]},"num_concepts_raised":2688},{"base_id":423,"kind":"bot_words","i1":2,"i2":9,"sol":{"path":["/c/en/berating","/c/en/lecture","/c/en/gig","/c/en/mini"],"weight":0.20887999999999973,"degrees":[25,609,250,128]},"num_concepts_raised":23407},{"base_id":423,"kind":"bot_words","i1":3,"i2":4,"sol":{"path":["/c/en/illiterate","/c/en/reading","/c/en/den","/c/cs/nora","/c/en/nora"],"weight":0.21311999999999992,"degrees":[236,1039,449,25,26]},"num_concepts_raised":33260},{"base_id":423,"kind":"bot_words","i1":3,"i2":5,"sol":{"path":["/c/en/illiterate","/c/en/read","/c/en/computing","/c/en/disown"],"weight":0.20817999999999984,"degrees":[236,1419,9084,102]},"num_concepts_raised":47961},{"base_id":423,"kind":"bot_words","i1":3,"i2":6,"sol":{"path":["/c/en/illiterate","/c/en/read","/c/en/transport","/c/en/croatia","/c/en/samobor"],"weight":0.2143099999999999,"degrees":[236,1419,1411,1344,32]},"num_concepts_raised":36059},{"base_id":423,"kind":"bot_words","i1":3,"i2":7,"sol":{"path":["/c/en/illiterate","/c/en/person","/c/en/leader","/c/en/archon"],"weight":0.21181999999999984,"degrees":[236,12935,1391,84]},"num_concepts_raised":46158},{"base_id":423,"kind":"bot_words","i1":3,"i2":8,"sol":{"path":["/c/en/illiterate","/c/en/person","/c/en/wound","/c/en/fungus","/c/en/leccinum"],"weight":0.2110899999999999,"degrees":[236,12935,1252,1236,31]},"num_concepts_raised":33195},{"base_id":423,"kind":"bot_words","i1":3,"i2":9,"sol":{"path":["/c/en/illiterate","/c/en/little","/c/en/miniature","/c/en/mini"],"weight":0.2144299999999998,"degrees":[236,1887,260,128]},"num_concepts_raised":52758},{"base_id":423,"kind":"bot_words","i1":4,"i2":5,"sol":{"path":["/c/en/nora","/c/cs/nora","/c/en/burrow","/c/en/refuse","/c/en/disown"],"weight":0.21078999999999978,"degrees":[26,25,309,881,102]},"num_concepts_raised":18066},{"base_id":423,"kind":"bot_words","i1":4,"i2":6,"sol":{"path":["/c/en/nora","/c/en/flaming_nora","/c/en/uk","/c/en/city","/c/en/samobor"],"weight":0.21277999999999986,"degrees":[26,14,5562,3758,32]},"num_concepts_raised":5530},{"base_id":423,"kind":"bot_words","i1":4,"i2":7,"sol":{"path":["/c/en/nora","/c/en/flaming_nora","/c/en/uk","/c/en/leader","/c/en/archon"],"weight":0.2134599999999998,"degrees":[26,14,5562,1391,84]},"num_concepts_raised":15853},{"base_id":423,"kind":"bot_words","i1":4,"i2":8,"sol":{"path":["/c/en/nora","/c/ru/нора","/c/en/dark","/c/en/fungus","/c/en/leccinum"],"weight":0.21273999999999982,"degrees":[26,37,1488,1236,31]},"num_concepts_raised":2553},{"base_id":423,"kind":"bot_words","i1":4,"i2":9,"sol":{"path":["/c/en/nora","/c/ru/нора","/c/en/small","/c/en/mini"],"weight":0.21406999999999973,"degrees":[26,37,2515,128]},"num_concepts_raised":23277},{"base_id":423,"kind":"bot_words","i1":5,"i2":6,"sol":{"path":["/c/en/disown","/c/en/computing","/c/sh/booleova_logika","/c/en/croatia","/c/en/samobor"],"weight":0.21073999999999976,"degrees":[102,9084,6,1344,32]},"num_concepts_raised":20905},{"base_id":423,"kind":"bot_words","i1":5,"i2":7,"sol":{"path":["/c/en/disown","/c/en/job","/c/fr/religion","/c/en/archon"],"weight":0.2093199999999997,"degrees":[102,1287,6634,84]},"num_concepts_raised":31110},{"base_id":423,"kind":"bot_words","i1":5,"i2":8,"sol":{"path":["/c/en/disown","/c/en/refuse","/c/en/garbage","/c/en/fungus","/c/en/leccinum"],"weight":0.20880999999999975,"degrees":[102,881,531,1236,31]},"num_concepts_raised":17983},{"base_id":423,"kind":"bot_words","i1":5,"i2":9,"sol":{"path":["/c/en/disown","/c/en/refuse","/c/en/stick","/c/en/mini"],"weight":0.20999999999999963,"degrees":[102,881,2046,128]},"num_concepts_raised":38227},{"base_id":423,"kind":"bot_words","i1":6,"i2":7,"sol":{"path":["/c/en/samobor","/c/en/croatia","/c/en/country","/c/en/leader","/c/en/archon"],"weight":0.21554999999999974,"degrees":[32,1344,2796,1391,84]},"num_concepts_raised":18712},{"base_id":423,"kind":"bot_words","i1":6,"i2":8,"sol":{"path":["/c/en/samobor","/c/en/city","/c/en/montreal","/c/en/fungus","/c/en/leccinum"],"weight":0.2128299999999998,"degrees":[32,3758,204,1236,31]},"num_concepts_raised":5428},{"base_id":423,"kind":"bot_words","i1":6,"i2":9,"sol":{"path":["/c/en/samobor","/c/en/city","/c/en/small","/c/en/mini"],"weight":0.21415999999999968,"degrees":[32,3758,2515,128]},"num_concepts_raised":26066},{"base_id":423,"kind":"bot_words","i1":7,"i2":8,"sol":{"path":["/c/en/archon","/c/en/leader","/c/en/ground","/c/en/fungus","/c/en/leccinum"],"weight":0.21350999999999976,"degrees":[84,1391,1836,1236,31]},"num_concepts_raised":15754},{"base_id":423,"kind":"bot_words","i1":7,"i2":9,"sol":{"path":["/c/en/archon","/c/en/insect","/c/en/tiny","/c/en/mini"],"weight":0.21468999999999966,"degrees":[84,2112,456,128]},"num_concepts_raised":36266},{"base_id":423,"kind":"bot_words","i1":8,"i2":9,"sol":{"path":["/c/en/leccinum","/c/en/fungus","/c/en/ground","/c/en/small","/c/en/mini"],"weight":0.21420999999999968,"degrees":[31,1236,1836,2515,128]},"num_concepts_raised":23144}],[{"base_id":423,"kind":"top_words","i1":0,"i2":1,"sol":{"path":["/c/en/420","/c/en/slang","/c/en/brody","/c/en/360"],"weight":0.21283999999999972,"degrees":[29,16318,48,42]},"num_concepts_raised":21809},{"base_id":423,"kind":"top_words","i1":0,"i2":2,"sol":{"path":["/c/en/420","/c/en/holiday","/c/en/film","/c/en/takers"],"weight":0.2126799999999998,"degrees":[29,833,2504,24]},"num_concepts_raised":20036},{"base_id":423,"kind":"top_words","i1":0,"i2":3,"sol":{"path":["/c/en/420","/c/en/slang","/c/ja/せき","/c/en/census"],"weight":0.21678999999999987,"degrees":[29,16318,24,310]},"num_concepts_raised":26385},{"base_id":423,"kind":"top_words","i1":0,"i2":4,"sol":{"path":["/c/en/420","/c/en/slang","/c/en/shower","/c/en/exhibitor"],"weight":0.20789999999999978,"degrees":[29,16318,817,45]},"num_concepts_raised":19755},{"base_id":423,"kind":"top_words","i1":0,"i2":5,"sol":{"path":["/c/en/420","/c/en/slang","/c/en/line","/c/en/polytope"],"weight":0.21412999999999974,"degrees":[29,16318,3018,121]},"num_concepts_raised":36327},{"base_id":423,"kind":"top_words","i1":0,"i2":6,"sol":{"path":["/c/en/420","/c/en/slang","/c/en/minute","/c/en/minuscule"],"weight":0.21070999999999968,"degrees":[29,16318,975,140]},"num_concepts_raised":27531},{"base_id":423,"kind":"top_words","i1":0,"i2":7,"sol":{"path":["/c/en/420","/c/en/slang","/c/en/heat","/c/en/preheat"],"weight":0.20811999999999997,"degrees":[29,16318,2046,44]},"num_concepts_raised":19853},{"base_id":423,"kind":"top_words","i1":0,"i2":8,"sol":{"path":["/c/en/420","/c/en/north_america","/c/en/bum","/c/en/panhandler"],"weight":0.20781999999999984,"degrees":[29,1079,355,26]},"num_concepts_raised":33651},{"base_id":423,"kind":"top_words","i1":0,"i2":9,"sol":{"path":["/c/en/420","/c/en/slang","/c/en/medicine","/c/en/parenteral"],"weight":0.20780999999999983,"degrees":[29,16318,11938,32]},"num_concepts_raised":30367},{"base_id":423,"kind":"top_words","i1":1,"i2":2,"sol":{"path":["/c/en/360","/c/en/spin","/c/en/record","/c/en/film","/c/en/takers"],"weight":0.21283999999999975,"degrees":[42,858,1856,2504,24]},"num_concepts_raised":6441},{"base_id":423,"kind":"top_words","i1":1,"i2":3,"sol":{"path":["/c/en/360","/c/en/spin","/c/fr/effet","/c/fr/recensement","/c/en/census"],"weight":0.22322999999999982,"degrees":[42,858,607,74,310]},"num_concepts_raised":12883},{"base_id":423,"kind":"top_words","i1":1,"i2":4,"sol":{"path":["/c/en/360","/c/en/o","/c/en/object","/c/en/exhibit","/c/en/exhibitor"],"weight":0.21003999999999975,"degrees":[42,406,1642,392,45]},"num_concepts_raised":6151},{"base_id":423,"kind":"top_words","i1":1,"i2":5,"sol":{"path":["/c/en/360","/c/en/spin","/c/en/face","/c/en/polytope"],"weight":0.21418999999999971,"degrees":[42,858,2479,121]},"num_concepts_raised":22932},{"base_id":423,"kind":"top_words","i1":1,"i2":6,"sol":{"path":["/c/en/360","/c/en/orientation","/c/en/typography","/c/fr/minuscule","/c/en/minuscule"],"weight":0.21411999999999964,"degrees":[42,325,838,372,140]},"num_concepts_raised":14132},{"base_id":423,"kind":"top_words","i1":1,"i2":7,"sol":{"path":["/c/en/360","/c/fr/sport","/c/en/warm_up","/c/en/reheat","/c/en/preheat"],"weight":0.2092999999999999,"degrees":[42,2171,257,76,44]},"num_concepts_raised":6259},{"base_id":423,"kind":"top_words","i1":1,"i2":8,"sol":{"path":["/c/en/360","/c/en/video_games","/c/en/randy","/c/en/beggar","/c/en/panhandler"],"weight":0.2089399999999998,"degrees":[42,684,81,515,26]},"num_concepts_raised":20474},{"base_id":423,"kind":"top_words","i1":1,"i2":9,"sol":{"path":["/c/en/360","/c/en/o","/c/en/a","/c/en/medicine","/c/en/parenteral"],"weight":0.2079699999999998,"degrees":[42,406,1436,11938,32]},"num_concepts_raised":16800},{"base_id":423,"kind":"top_words","i1":2,"i2":3,"sol":{"path":["/c/en/takers","/c/en/taker","/c/fr/recenseur","/c/en/census"],"weight":0.21677999999999986,"degrees":[24,63,10,310]},"num_concepts_raised":11029},{"base_id":423,"kind":"top_words","i1":2,"i2":4,"sol":{"path":["/c/en/takers","/c/en/film","/c/en/object","/c/en/exhibit","/c/en/exhibitor"],"weight":0.20985999999999982,"degrees":[24,2504,1642,392,45]},"num_concepts_raised":4293},{"base_id":423,"kind":"top_words","i1":2,"i2":5,"sol":{"path":["/c/en/takers","/c/en/film","/c/en/cell","/c/en/polytope"],"weight":0.21397999999999978,"degrees":[24,2504,2433,121]},"num_concepts_raised":21155},{"base_id":423,"kind":"top_words","i1":2,"i2":6,"sol":{"path":["/c/en/takers","/c/en/film","/c/en/short","/c/en/small","/c/en/minuscule"],"weight":0.21186999999999973,"degrees":[24,2504,1446,2515,140]},"num_concepts_raised":12304},{"base_id":423,"kind":"top_words","i1":2,"i2":7,"sol":{"path":["/c/en/takers","/c/en/film","/c/en/make","/c/en/heat","/c/en/preheat"],"weight":0.20806,"degrees":[24,2504,3395,2046,44]},"num_concepts_raised":4400},{"base_id":423,"kind":"top_words","i1":2,"i2":8,"sol":{"path":["/c/en/takers","/c/en/film","/c/en/develop","/c/en/person","/c/en/panhandler"],"weight":0.20773999999999987,"degrees":[24,2504,924,12935,26]},"num_concepts_raised":18635},{"base_id":423,"kind":"top_words","i1":2,"i2":9,"sol":{"path":["/c/en/takers","/c/en/film","/c/fr/médecine","/c/fr/parentéral","/c/en/parenteral"],"weight":0.20872999999999986,"degrees":[24,2504,9990,17,32]},"num_concepts_raised":14955},{"base_id":423,"kind":"top_words","i1":3,"i2":4,"sol":{"path":["/c/en/census","/c/en/count","/c/en/legal","/c/en/exhibit","/c/en/exhibitor"],"weight":0.21623999999999988,"degrees":[310,1218,6627,392,45]},"num_concepts_raised":10716},{"base_id":423,"kind":"top_words","i1":3,"i2":5,"sol":{"path":["/c/en/census","/c/en/count","/c/en/sequence","/c/en/polytope"],"weight":0.22022999999999981,"degrees":[310,1218,807,121]},"num_concepts_raised":27364},{"base_id":423,"kind":"top_words","i1":3,"i2":6,"sol":{"path":["/c/en/census","/c/syc/ܚܘܫܒܢܐ","/c/en/small","/c/en/minuscule"],"weight":0.21588999999999975,"degrees":[310,19,2515,140]},"num_concepts_raised":18589},{"base_id":423,"kind":"top_words","i1":3,"i2":7,"sol":{"path":["/c/en/census","/c/en/censor","/c/en/measure","/c/en/heat","/c/en/preheat"],"weight":0.21642000000000006,"degrees":[310,218,1837,2046,44]},"num_concepts_raised":10836},{"base_id":423,"kind":"top_words","i1":3,"i2":8,"sol":{"path":["/c/en/census","/c/en/censor","/c/en/person","/c/en/panhandler"],"weight":0.2160799999999999,"degrees":[310,218,12935,26]},"num_concepts_raised":24810},{"base_id":423,"kind":"top_words","i1":3,"i2":9,"sol":{"path":["/c/en/census","/c/en/censor","/c/en/history","/c/en/medicine","/c/en/parenteral"],"weight":0.2160799999999999,"degrees":[310,218,1864,11938,32]},"num_concepts_raised":21379},{"base_id":423,"kind":"top_words","i1":4,"i2":5,"sol":{"path":["/c/en/exhibitor","/c/en/organize","/c/en/line","/c/en/polytope"],"weight":0.20920999999999973,"degrees":[45,544,3018,121]},"num_concepts_raised":20845},{"base_id":423,"kind":"top_words","i1":4,"i2":6,"sol":{"path":["/c/en/exhibitor","/c/en/shower","/c/en/little","/c/en/minuscule"],"weight":0.2048699999999997,"degrees":[45,817,1887,140]},"num_concepts_raised":11990},{"base_id":423,"kind":"top_words","i1":4,"i2":7,"sol":{"path":["/c/en/exhibitor","/c/en/exhibitioner","/c/en/british","/c/en/reheat","/c/en/preheat"],"weight":0.20417999999999997,"degrees":[45,8,3452,76,44]},"num_concepts_raised":4083},{"base_id":423,"kind":"top_words","i1":4,"i2":8,"sol":{"path":["/c/en/exhibitor","/c/en/showman","/c/en/person","/c/en/panhandler"],"weight":0.20289999999999986,"degrees":[45,79,12935,26]},"num_concepts_raised":18324},{"base_id":423,"kind":"top_words","i1":4,"i2":9,"sol":{"path":["/c/en/exhibitor","/c/en/exhibit","/c/en/medicine","/c/en/parenteral"],"weight":0.20496999999999985,"degrees":[45,392,11938,32]},"num_concepts_raised":14649},{"base_id":423,"kind":"top_words","i1":5,"i2":6,"sol":{"path":["/c/en/polytope","/c/en/cell","/c/en/small","/c/en/minuscule"],"weight":0.21314999999999967,"degrees":[121,2433,2515,140]},"num_concepts_raised":28597},{"base_id":423,"kind":"top_words","i1":5,"i2":7,"sol":{"path":["/c/en/polytope","/c/en/face","/c/en/cheer","/c/en/reheat","/c/en/preheat"],"weight":0.2103899999999999,"degrees":[121,2479,456,76,44]},"num_concepts_raised":20976},{"base_id":423,"kind":"top_words","i1":5,"i2":8,"sol":{"path":["/c/en/polytope","/c/en/edge","/c/en/person","/c/en/panhandler"],"weight":0.20924999999999983,"degrees":[121,1636,12935,26]},"num_concepts_raised":34898},{"base_id":423,"kind":"top_words","i1":5,"i2":9,"sol":{"path":["/c/en/polytope","/c/en/point","/c/en/medicine","/c/en/parenteral"],"weight":0.20909999999999979,"degrees":[121,2624,11938,32]},"num_concepts_raised":31358},{"base_id":423,"kind":"top_words","i1":6,"i2":7,"sol":{"path":["/c/en/minuscule","/c/en/small","/c/en/degree","/c/en/heat","/c/en/preheat"],"weight":0.20724999999999988,"degrees":[140,2515,1513,2046,44]},"num_concepts_raised":12089},{"base_id":423,"kind":"top_words","i1":6,"i2":8,"sol":{"path":["/c/en/minuscule","/c/en/small","/c/en/change","/c/en/panhandler"],"weight":0.20682999999999974,"degrees":[140,2515,3383,26]},"num_concepts_raised":26173},{"base_id":423,"kind":"top_words","i1":6,"i2":9,"sol":{"path":["/c/en/minuscule","/c/en/juxtaglomerular_apparatus","/c/en/physiology","/c/en/parenteral"],"weight":0.20427999999999974,"degrees":[140,6,1147,32]},"num_concepts_raised":22645},{"base_id":423,"kind":"top_words","i1":7,"i2":8,"sol":{"path":["/c/en/preheat","/c/en/heat","/c/en/change","/c/en/panhandler"],"weight":0.2031,"degrees":[44,2046,3383,26]},"num_concepts_raised":18435},{"base_id":423,"kind":"top_words","i1":7,"i2":9,"sol":{"path":["/c/en/preheat","/c/en/heat","/c/en/cold","/c/en/medicine","/c/en/parenteral"],"weight":0.20322,"degrees":[44,2046,1889,11938,32]},"num_concepts_raised":14739},{"base_id":423,"kind":"top_words","i1":8,"i2":9,"sol":{"path":["/c/en/panhandler","/c/en/beggar","/c/en/money","/c/en/injection","/c/en/parenteral"],"weight":0.20392999999999992,"degrees":[26,515,2899,343,32]},"num_concepts_raised":28944}]]