[[{"base_id":291,"kind":"bot_words","i1":0,"i2":1,"sol":{"path":["/c/en/regen","/c/de/regen","/c/en/move","/c/en/front","/c/en/façade"],"weight":0.21765999999999996,"degrees":[99,222,2810,1105,119]},"num_concepts_raised":15852},{"base_id":291,"kind":"bot_words","i1":0,"i2":2,"sol":{"path":["/c/en/regen","/c/de/regen","/c/en/move","/c/en/travel","/c/en/wayfaring"],"weight":0.21483999999999986,"degrees":[99,222,2810,1689,28]},"num_concepts_raised":9898},{"base_id":291,"kind":"bot_words","i1":0,"i2":3,"sol":{"path":["/c/en/regen","/c/en/town","/c/en/hell","/c/en/evil","/c/en/satanic"],"weight":0.2146399999999999,"degrees":[99,2220,842,1456,88]},"num_concepts_raised":9057},{"base_id":291,"kind":"bot_words","i1":0,"i2":4,"sol":{"path":["/c/en/regen","/c/en/town","/c/en/country","/c/en/new_zealand","/c/en/māori"],"weight":0.21279999999999977,"degrees":[99,2220,2796,1182,41]},"num_concepts_raised":8004},{"base_id":291,"kind":"bot_words","i1":0,"i2":5,"sol":{"path":["/c/en/regen","/c/en/regenerate","/c/en/biology","/c/en/centriole"],"weight":0.21908999999999995,"degrees":[99,253,6216,107]},"num_concepts_raised":16642},{"base_id":291,"kind":"bot_words","i1":0,"i2":6,"sol":{"path":["/c/en/regen","/c/en/regenerate","/c/en/change","/c/en/end","/c/en/endotoxin"],"weight":0.21839999999999993,"degrees":[99,253,3383,2782,75]},"num_concepts_raised":9593},{"base_id":291,"kind":"bot_words","i1":0,"i2":7,"sol":{"path":["/c/en/regen","/c/en/regeneration","/c/en/fantasy","/c/en/fancy","/c/en/damascene"],"weight":0.21444999999999986,"degrees":[99,131,684,515,77]},"num_concepts_raised":12634},{"base_id":291,"kind":"bot_words","i1":0,"i2":8,"sol":{"path":["/c/en/regen","/c/en/river","/c/en/stone","/c/en/curling"],"weight":0.2228499999999997,"degrees":[99,2945,1934,241]},"num_concepts_raised":43313},{"base_id":291,"kind":"bot_words","i1":0,"i2":9,"sol":{"path":["/c/en/regen","/c/en/regenerate","/c/en/biology","/c/en/plant","/c/en/stonecrop"],"weight":0.2128199999999999,"degrees":[99,253,6216,7959,32]},"num_concepts_raised":16236},{"base_id":291,"kind":"bot_words","i1":1,"i2":2,"sol":{"path":["/c/en/façade","/c/en/face","/c/en/foot","/c/en/wayfaring"],"weight":0.20657999999999999,"degrees":[119,2479,1983,28]},"num_concepts_raised":12426},{"base_id":291,"kind":"bot_words","i1":1,"i2":3,"sol":{"path":["/c/en/façade","/c/en/face","/c/en/person","/c/en/evil","/c/en/satanic"],"weight":0.20858,"degrees":[119,2479,12935,1456,88]},"num_concepts_raised":11626},{"base_id":291,"kind":"bot_words","i1":1,"i2":4,"sol":{"path":["/c/en/façade","/c/en/face","/c/en/clock","/c/en/new_zealand","/c/en/māori"],"weight":0.20669999999999988,"degrees":[119,2479,1070,1182,41]},"num_concepts_raised":10595},{"base_id":291,"kind":"bot_words","i1":1,"i2":5,"sol":{"path":["/c/en/façade","/c/en/architecture","/c/en/cell","/c/en/centriole"],"weight":0.2106800000000001,"degrees":[119,2564,2433,107]},"num_concepts_raised":19196},{"base_id":291,"kind":"bot_words","i1":1,"i2":6,"sol":{"path":["/c/en/façade","/c/en/front","/c/en/end","/c/en/endotoxin"],"weight":0.21144000000000002,"degrees":[119,1105,2782,75]},"num_concepts_raised":12124},{"base_id":291,"kind":"bot_words","i1":1,"i2":7,"sol":{"path":["/c/en/façade","/c/en/prospect","/c/en/gold","/c/en/damascene"],"weight":0.20583999999999997,"degrees":[119,218,1435,77]},"num_concepts_raised":15091},{"base_id":291,"kind":"bot_words","i1":1,"i2":8,"sol":{"path":["/c/en/façade","/c/en/front","/c/en/lead","/c/en/curling"],"weight":0.21363999999999983,"degrees":[119,1105,2667,241]},"num_concepts_raised":45579},{"base_id":291,"kind":"bot_words","i1":1,"i2":9,"sol":{"path":["/c/en/façade","/c/en/face","/c/en/person","/c/en/plant","/c/en/stonecrop"],"weight":0.2067,"degrees":[119,2479,12935,7959,32]},"num_concepts_raised":18782},{"base_id":291,"kind":"bot_words","i1":2,"i2":3,"sol":{"path":["/c/en/wayfaring","/c/en/foot","/c/en/human","/c/en/evil","/c/en/satanic"],"weight":0.2047899999999999,"degrees":[28,1983,2645,1456,88]},"num_concepts_raised":5640},{"base_id":291,"kind":"bot_words","i1":2,"i2":4,"sol":{"path":["/c/en/wayfaring","/c/en/peripatetic","/c/en/philosophy","/c/en/kaupapa","/c/en/māori"],"weight":0.2048299999999998,"degrees":[28,64,2516,5,41]},"num_concepts_raised":4599},{"base_id":291,"kind":"bot_words","i1":2,"i2":5,"sol":{"path":["/c/en/wayfaring","/c/en/travel","/c/en/locomotion","/c/en/biology","/c/en/centriole"],"weight":0.20929999999999999,"degrees":[28,1689,176,6216,107]},"num_concepts_raised":13237},{"base_id":291,"kind":"bot_words","i1":2,"i2":6,"sol":{"path":["/c/en/wayfaring","/c/en/travel","/c/en/go","/c/en/end","/c/en/endotoxin"],"weight":0.20862999999999993,"degrees":[28,1689,2637,2782,75]},"num_concepts_raised":6152},{"base_id":291,"kind":"bot_words","i1":2,"i2":7,"sol":{"path":["/c/en/wayfaring","/c/en/travel","/c/en/weave","/c/en/damask","/c/en/damascene"],"weight":0.20566999999999985,"degrees":[28,1689,672,127,77]},"num_concepts_raised":9212},{"base_id":291,"kind":"bot_words","i1":2,"i2":8,"sol":{"path":["/c/en/wayfaring","/c/en/travel","/c/en/draw","/c/en/curling"],"weight":0.21080999999999972,"degrees":[28,1689,1953,241]},"num_concepts_raised":39984},{"base_id":291,"kind":"bot_words","i1":2,"i2":9,"sol":{"path":["/c/en/wayfaring","/c/en/foot","/c/en/plant","/c/en/stonecrop"],"weight":0.2029299999999999,"degrees":[28,1983,7959,32]},"num_concepts_raised":12821},{"base_id":291,"kind":"bot_words","i1":3,"i2":4,"sol":{"path":["/c/en/satanic","/c/en/diabolical","/c/en/cruel","/c/en/new_zealand","/c/en/māori"],"weight":0.20486999999999977,"degrees":[88,115,567,1182,41]},"num_concepts_raised":3718},{"base_id":291,"kind":"bot_words","i1":3,"i2":5,"sol":{"path":["/c/en/satanic","/c/en/evil","/c/en/person","/c/en/biology","/c/en/centriole"],"weight":0.21114999999999995,"degrees":[88,1456,12935,6216,107]},"num_concepts_raised":12405},{"base_id":291,"kind":"bot_words","i1":3,"i2":6,"sol":{"path":["/c/en/satanic","/c/en/evil","/c/en/person","/c/en/end","/c/en/endotoxin"],"weight":0.21045999999999992,"degrees":[88,1456,12935,2782,75]},"num_concepts_raised":5290},{"base_id":291,"kind":"bot_words","i1":3,"i2":7,"sol":{"path":["/c/en/satanic","/c/en/evil","/c/en/slang","/c/en/fancy","/c/en/damascene"],"weight":0.20646999999999988,"degrees":[88,1456,16318,515,77]},"num_concepts_raised":8355},{"base_id":291,"kind":"bot_words","i1":3,"i2":8,"sol":{"path":["/c/en/satanic","/c/en/evil","/c/en/slang","/c/en/stone","/c/en/curling"],"weight":0.21515999999999968,"degrees":[88,1456,16318,1934,241]},"num_concepts_raised":39331},{"base_id":291,"kind":"bot_words","i1":3,"i2":9,"sol":{"path":["/c/en/satanic","/c/en/evil","/c/en/slang","/c/en/plant","/c/en/stonecrop"],"weight":0.20485999999999988,"degrees":[88,1456,16318,7959,32]},"num_concepts_raised":11959},{"base_id":291,"kind":"bot_words","i1":4,"i2":5,"sol":{"path":["/c/en/māori","/c/en/new_zealand","/c/en/native","/c/en/biology","/c/en/centriole"],"weight":0.20929999999999988,"degrees":[41,1182,995,6216,107]},"num_concepts_raised":11366},{"base_id":291,"kind":"bot_words","i1":4,"i2":6,"sol":{"path":["/c/en/māori","/c/en/new_zealand","/c/en/tip","/c/en/end","/c/en/endotoxin"],"weight":0.2085999999999998,"degrees":[41,1182,1000,2782,75]},"num_concepts_raised":4263},{"base_id":291,"kind":"bot_words","i1":4,"i2":7,"sol":{"path":["/c/en/māori","/c/en/new_zealand","/c/en/ordinary","/c/en/fancy","/c/en/damascene"],"weight":0.20458999999999977,"degrees":[41,1182,828,515,77]},"num_concepts_raised":7325},{"base_id":291,"kind":"bot_words","i1":4,"i2":8,"sol":{"path":["/c/en/māori","/c/en/new_zealand","/c/en/chip","/c/en/curling"],"weight":0.21072999999999964,"degrees":[41,1182,782,241]},"num_concepts_raised":38273},{"base_id":291,"kind":"bot_words","i1":4,"i2":9,"sol":{"path":["/c/en/māori","/c/en/new_zealand","/c/en/raoulia","/c/en/plant","/c/en/stonecrop"],"weight":0.2030099999999998,"degrees":[41,1182,32,7959,32]},"num_concepts_raised":10908},{"base_id":291,"kind":"bot_words","i1":5,"i2":6,"sol":{"path":["/c/en/centriole","/c/en/biology","/c/en/parasporal_body","/c/en/endotoxin"],"weight":0.21481999999999998,"degrees":[107,6216,8,75]},"num_concepts_raised":12854},{"base_id":291,"kind":"bot_words","i1":5,"i2":7,"sol":{"path":["/c/en/centriole","/c/en/biology","/c/en/complicated","/c/en/fancy","/c/en/damascene"],"weight":0.21085999999999994,"degrees":[107,6216,329,515,77]},"num_concepts_raised":15988},{"base_id":291,"kind":"bot_words","i1":5,"i2":8,"sol":{"path":["/c/en/centriole","/c/en/cell","/c/en/house","/c/en/curling"],"weight":0.2191499999999998,"degrees":[107,2433,3114,241]},"num_concepts_raised":46728},{"base_id":291,"kind":"bot_words","i1":5,"i2":9,"sol":{"path":["/c/en/centriole","/c/en/biology","/c/en/plant","/c/en/stonecrop"],"weight":0.20928999999999998,"degrees":[107,6216,7959,32]},"num_concepts_raised":19336},{"base_id":291,"kind":"bot_words","i1":6,"i2":7,"sol":{"path":["/c/en/endotoxin","/c/en/end","/c/en/castle","/c/en/fancy","/c/en/damascene"],"weight":0.2101799999999999,"degrees":[75,2782,1045,515,77]},"num_concepts_raised":8896},{"base_id":291,"kind":"bot_words","i1":6,"i2":8,"sol":{"path":["/c/en/endotoxin","/c/en/end","/c/en/curling"],"weight":0.20600000000000002,"degrees":[75,2782,241]},"num_concepts_raised":231},{"base_id":291,"kind":"bot_words","i1":6,"i2":9,"sol":{"path":["/c/en/endotoxin","/c/en/microorganism","/c/en/plant","/c/en/stonecrop"],"weight":0.2085799999999999,"degrees":[75,379,7959,32]},"num_concepts_raised":12456},{"base_id":291,"kind":"bot_words","i1":7,"i2":8,"sol":{"path":["/c/en/damascene","/c/en/silver","/c/en/house","/c/en/curling"],"weight":0.2134999999999997,"degrees":[77,1861,3114,241]},"num_concepts_raised":42569},{"base_id":291,"kind":"bot_words","i1":7,"i2":9,"sol":{"path":["/c/en/damascene","/c/it/damaschino","/c/en/damson","/c/en/plant","/c/en/stonecrop"],"weight":0.20565999999999987,"degrees":[77,22,86,7959,32]},"num_concepts_raised":15534},{"base_id":291,"kind":"bot_words","i1":8,"i2":9,"sol":{"path":["/c/en/curling","/c/en/house","/c/en/plant","/c/en/stonecrop"],"weight":0.2129499999999997,"degrees":[241,3114,7959,32]},"num_concepts_raised":46340}],[{"base_id":291,"kind":"top_words","i1":0,"i2":1,"sol":{"path":["/c/en/intersectionality","/c/en/intersection","/c/en/origin","/c/en/macroevolution"],"weight":0.20923999999999987,"degrees":[36,494,981,55]},"num_concepts_raised":8426},{"base_id":291,"kind":"top_words","i1":0,"i2":2,"sol":{"path":["/c/en/intersectionality","/c/en/oppression","/c/en/government","/c/en/biopolitics"],"weight":0.20288999999999988,"degrees":[36,283,2046,26]},"num_concepts_raised":13137},{"base_id":291,"kind":"top_words","i1":0,"i2":3,"sol":{"path":["/c/en/intersectionality","/c/en/oppression","/c/en/mentalism"],"weight":0.202,"degrees":[36,283,30]},"num_concepts_raised":55},{"base_id":291,"kind":"top_words","i1":0,"i2":4,"sol":{"path":["/c/en/intersectionality","/c/en/identity","/c/en/difference","/c/en/otherness","/c/en/alterity"],"weight":0.20413000000000003,"degrees":[36,584,693,45,27]},"num_concepts_raised":5488},{"base_id":291,"kind":"top_words","i1":0,"i2":5,"sol":{"path":["/c/en/intersectionality","/c/en/intersection","/c/en/ludonarrative","/c/en/narrative","/c/en/narratology"],"weight":0.20976999999999957,"degrees":[36,494,8,343,106]},"num_concepts_raised":4891},{"base_id":291,"kind":"top_words","i1":0,"i2":6,"sol":{"path":["/c/en/intersectionality","/c/en/methodology","/c/en/practice","/c/en/meme","/c/en/memetics"],"weight":0.21253,"degrees":[36,175,1380,195,55]},"num_concepts_raised":7024},{"base_id":291,"kind":"top_words","i1":0,"i2":7,"sol":{"path":["/c/en/intersectionality","/c/en/intersectionalism","/c/en/interaction","/c/en/living","/c/en/abiogenesis"],"weight":0.21137999999999987,"degrees":[36,9,408,839,186]},"num_concepts_raised":6389},{"base_id":291,"kind":"top_words","i1":0,"i2":8,"sol":{"path":["/c/en/intersectionality","/c/en/social","/c/en/animal_liberation","/c/en/speciesism"],"weight":0.20417999999999992,"degrees":[36,934,33,50]},"num_concepts_raised":9001},{"base_id":291,"kind":"top_words","i1":0,"i2":9,"sol":{"path":["/c/en/intersectionality","/c/en/methodology","/c/en/logy","/c/en/deontology","/c/en/consequentialism"],"weight":0.21011999999999983,"degrees":[36,175,543,41,48]},"num_concepts_raised":6736},{"base_id":291,"kind":"top_words","i1":1,"i2":2,"sol":{"path":["/c/en/macroevolution","/c/en/life","/c/en/biopolitics"],"weight":0.20400000000000001,"degrees":[55,2241,26]},"num_concepts_raised":70},{"base_id":291,"kind":"top_words","i1":1,"i2":3,"sol":{"path":["/c/en/macroevolution","/c/en/life","/c/en/philosophy","/c/en/mentalism"],"weight":0.20820999999999984,"degrees":[55,2241,2516,30]},"num_concepts_raised":12768},{"base_id":291,"kind":"top_words","i1":1,"i2":4,"sol":{"path":["/c/en/macroevolution","/c/en/life","/c/en/philosophy","/c/en/alterity"],"weight":0.20833000000000002,"degrees":[55,2241,2516,27]},"num_concepts_raised":8481},{"base_id":291,"kind":"top_words","i1":1,"i2":5,"sol":{"path":["/c/en/macroevolution","/c/en/evolution","/c/en/descent","/c/en/anticlimax","/c/en/narratology"],"weight":0.21614999999999954,"degrees":[55,565,629,82,106]},"num_concepts_raised":7859},{"base_id":291,"kind":"top_words","i1":1,"i2":6,"sol":{"path":["/c/en/macroevolution","/c/en/life","/c/en/philosophy","/c/en/memetics"],"weight":0.21370999999999996,"degrees":[55,2241,2516,55]},"num_concepts_raised":9935},{"base_id":291,"kind":"top_words","i1":1,"i2":7,"sol":{"path":["/c/en/macroevolution","/c/en/organism","/c/en/abiogenesis"],"weight":0.20600000000000002,"degrees":[55,1338,186]},"num_concepts_raised":176},{"base_id":291,"kind":"top_words","i1":1,"i2":8,"sol":{"path":["/c/en/macroevolution","/c/en/life","/c/en/philosophy","/c/en/speciesism"],"weight":0.20850999999999986,"degrees":[55,2241,2516,50]},"num_concepts_raised":11994},{"base_id":291,"kind":"top_words","i1":1,"i2":9,"sol":{"path":["/c/en/macroevolution","/c/en/evolution","/c/en/change","/c/en/right","/c/en/consequentialism"],"weight":0.21562999999999977,"degrees":[55,565,3383,2319,48]},"num_concepts_raised":9742},{"base_id":291,"kind":"top_words","i1":2,"i2":3,"sol":{"path":["/c/en/biopolitics","/c/en/body","/c/en/mind","/c/en/mentalism"],"weight":0.20278999999999986,"degrees":[26,3170,1738,30]},"num_concepts_raised":17369},{"base_id":291,"kind":"top_words","i1":2,"i2":4,"sol":{"path":["/c/en/biopolitics","/c/en/life","/c/en/philosophy","/c/en/alterity"],"weight":0.20285,"degrees":[26,2241,2516,27]},"num_concepts_raised":13243},{"base_id":291,"kind":"top_words","i1":2,"i2":5,"sol":{"path":["/c/en/biopolitics","/c/en/consequence","/c/en/result","/c/en/sequel","/c/en/narratology"],"weight":0.20865999999999954,"degrees":[26,591,890,242,106]},"num_concepts_raised":12648},{"base_id":291,"kind":"top_words","i1":2,"i2":6,"sol":{"path":["/c/en/biopolitics","/c/en/life","/c/en/philosophy","/c/en/memetics"],"weight":0.20822999999999997,"degrees":[26,2241,2516,55]},"num_concepts_raised":14757},{"base_id":291,"kind":"top_words","i1":2,"i2":7,"sol":{"path":["/c/en/biopolitics","/c/en/life","/c/en/biopoesis","/c/en/abiogenesis"],"weight":0.21221999999999983,"degrees":[26,2241,9,186]},"num_concepts_raised":13974},{"base_id":291,"kind":"top_words","i1":2,"i2":8,"sol":{"path":["/c/en/biopolitics","/c/en/bioethics","/c/en/ethics","/c/en/speciesism"],"weight":0.2030399999999999,"degrees":[26,84,459,50]},"num_concepts_raised":16683},{"base_id":291,"kind":"top_words","i1":2,"i2":9,"sol":{"path":["/c/en/biopolitics","/c/en/consequence","/c/en/consequentialism"],"weight":0.20400000000000001,"degrees":[26,591,48]},"num_concepts_raised":67},{"base_id":291,"kind":"top_words","i1":3,"i2":4,"sol":{"path":["/c/en/mentalism","/c/en/philosophy","/c/en/alterity"],"weight":0.202,"degrees":[30,2516,27]},"num_concepts_raised":42},{"base_id":291,"kind":"top_words","i1":3,"i2":5,"sol":{"path":["/c/en/mentalism","/c/en/mind","/c/en/part","/c/en/sequel","/c/en/narratology"],"weight":0.20875999999999956,"degrees":[30,1738,2528,242,106]},"num_concepts_raised":9288},{"base_id":291,"kind":"top_words","i1":3,"i2":6,"sol":{"path":["/c/en/mentalism","/c/en/philosophy","/c/en/memetics"],"weight":0.20400000000000001,"degrees":[30,2516,55]},"num_concepts_raised":62},{"base_id":291,"kind":"top_words","i1":3,"i2":7,"sol":{"path":["/c/en/mentalism","/c/en/philosophy","/c/en/allopoiesis","/c/en/abiogenesis"],"weight":0.21016999999999986,"degrees":[30,2516,10,186]},"num_concepts_raised":10762},{"base_id":291,"kind":"top_words","i1":3,"i2":8,"sol":{"path":["/c/en/mentalism","/c/en/philosophy","/c/en/speciesism"],"weight":0.202,"degrees":[30,2516,50]},"num_concepts_raised":67},{"base_id":291,"kind":"top_words","i1":3,"i2":9,"sol":{"path":["/c/en/mentalism","/c/en/philosophy","/c/en/ethics","/c/en/consequentialism"],"weight":0.2081199999999998,"degrees":[30,2516,459,48]},"num_concepts_raised":11025},{"base_id":291,"kind":"top_words","i1":4,"i2":5,"sol":{"path":["/c/en/alterity","/c/en/philosophy","/c/en/idea","/c/en/anticlimax","/c/en/narratology"],"weight":0.20870999999999973,"degrees":[27,2516,1008,82,106]},"num_concepts_raised":4946},{"base_id":291,"kind":"top_words","i1":4,"i2":6,"sol":{"path":["/c/en/alterity","/c/en/philosophy","/c/en/memetics"],"weight":0.20400000000000001,"degrees":[27,2516,55]},"num_concepts_raised":53},{"base_id":291,"kind":"top_words","i1":4,"i2":7,"sol":{"path":["/c/en/alterity","/c/en/philosophy","/c/en/allopoiesis","/c/en/abiogenesis"],"weight":0.21028999999999998,"degrees":[27,2516,10,186]},"num_concepts_raised":6430},{"base_id":291,"kind":"top_words","i1":4,"i2":8,"sol":{"path":["/c/en/alterity","/c/en/philosophy","/c/en/speciesism"],"weight":0.202,"degrees":[27,2516,50]},"num_concepts_raised":58},{"base_id":291,"kind":"top_words","i1":4,"i2":9,"sol":{"path":["/c/en/alterity","/c/en/philosophy","/c/en/ethics","/c/en/consequentialism"],"weight":0.20823999999999995,"degrees":[27,2516,459,48]},"num_concepts_raised":6724},{"base_id":291,"kind":"top_words","i1":5,"i2":6,"sol":{"path":["/c/en/narratology","/c/en/anticlimax","/c/en/idea","/c/en/meme","/c/en/memetics"],"weight":0.21822999999999965,"degrees":[106,82,1008,195,55]},"num_concepts_raised":6480},{"base_id":291,"kind":"top_words","i1":5,"i2":7,"sol":{"path":["/c/en/narratology","/c/vi/tiền_biên","/c/en/historical","/c/en/spontaneous_generation","/c/en/abiogenesis"],"weight":0.22011999999999954,"degrees":[106,8,8415,18,186]},"num_concepts_raised":5827},{"base_id":291,"kind":"top_words","i1":5,"i2":8,"sol":{"path":["/c/en/narratology","/c/pt/bem","/c/en/right","/c/en/speciesism"],"weight":0.20880999999999958,"degrees":[106,93,2319,50]},"num_concepts_raised":8459},{"base_id":291,"kind":"top_words","i1":5,"i2":9,"sol":{"path":["/c/en/narratology","/c/pt/bem","/c/en/right","/c/en/consequentialism"],"weight":0.2137799999999995,"degrees":[106,93,2319,48]},"num_concepts_raised":6172},{"base_id":291,"kind":"top_words","i1":6,"i2":7,"sol":{"path":["/c/en/memetics","/c/en/genetics","/c/grc/γενεσισ","/c/en/abiogenesis"],"weight":0.21570999999999996,"degrees":[55,1987,48,186]},"num_concepts_raised":7890},{"base_id":291,"kind":"top_words","i1":6,"i2":8,"sol":{"path":["/c/en/memetics","/c/en/philosophy","/c/en/speciesism"],"weight":0.20400000000000001,"degrees":[55,2516,50]},"num_concepts_raised":78},{"base_id":291,"kind":"top_words","i1":6,"i2":9,"sol":{"path":["/c/en/memetics","/c/en/philosophy","/c/en/ethics","/c/en/consequentialism"],"weight":0.21361999999999992,"degrees":[55,2516,459,48]},"num_concepts_raised":8259},{"base_id":291,"kind":"top_words","i1":7,"i2":8,"sol":{"path":["/c/en/abiogenesis","/c/en/allopoiesis","/c/en/philosophy","/c/en/speciesism"],"weight":0.21046999999999985,"degrees":[186,10,2516,50]},"num_concepts_raised":9945},{"base_id":291,"kind":"top_words","i1":7,"i2":9,"sol":{"path":["/c/en/abiogenesis","/c/en/biogenesis","/c/en/principle","/c/en/ethical","/c/en/consequentialism"],"weight":0.21952999999999978,"degrees":[186,61,753,190,48]},"num_concepts_raised":7701},{"base_id":291,"kind":"top_words","i1":8,"i2":9,"sol":{"path":["/c/en/speciesism","/c/en/ethics","/c/en/consequentialism"],"weight":0.20400000000000001,"degrees":[50,459,48]},"num_concepts_raised":82}]]