[[{"base_id":721,"kind":"bot_words","i1":0,"i2":1,"sol":{"path":["/c/en/archaeopteryx","/c/en/bird","/c/en/swallow","/c/en/mouth","/c/en/mouthed"],"weight":0.21067999999999976,"degrees":[88,4970,1147,1902,26]},"num_concepts_raised":7616},{"base_id":721,"kind":"bot_words","i1":0,"i2":2,"sol":{"path":["/c/en/archaeopteryx","/c/en/bird","/c/en/human","/c/en/glanders"],"weight":0.2142899999999997,"degrees":[88,4970,2645,84]},"num_concepts_raised":14358},{"base_id":721,"kind":"bot_words","i1":0,"i2":3,"sol":{"path":["/c/en/archaeopteryx","/c/en/bird","/c/en/egg","/c/en/berry","/c/en/bearberry"],"weight":0.20876999999999968,"degrees":[88,4970,1565,772,45]},"num_concepts_raised":6565},{"base_id":721,"kind":"bot_words","i1":0,"i2":4,"sol":{"path":["/c/en/archaeopteryx","/c/en/bird","/c/en/wing","/c/en/fabric","/c/en/georgette"],"weight":0.20858999999999978,"degrees":[88,4970,1177,1105,30]},"num_concepts_raised":7264},{"base_id":721,"kind":"bot_words","i1":0,"i2":5,"sol":{"path":["/c/en/archaeopteryx","/c/en/bird","/c/en/robin","/c/en/robert"],"weight":0.21854,"degrees":[88,4970,262,205]},"num_concepts_raised":22952},{"base_id":721,"kind":"bot_words","i1":0,"i2":6,"sol":{"path":["/c/en/archaeopteryx","/c/en/bird","/c/en/fish","/c/en/cichlid"],"weight":0.21483999999999961,"degrees":[88,4970,4424,111]},"num_concepts_raised":8770},{"base_id":721,"kind":"bot_words","i1":0,"i2":7,"sol":{"path":["/c/en/archaeopteryx","/c/en/bird","/c/en/heron","/c/en/egret"],"weight":0.21288999999999966,"degrees":[88,4970,414,137]},"num_concepts_raised":24992},{"base_id":721,"kind":"bot_words","i1":0,"i2":8,"sol":{"path":["/c/en/archaeopteryx","/c/en/bird","/c/en/girl","/c/fr/revue","/c/en/revue"],"weight":0.2208299999999998,"degrees":[88,4970,1749,188,82]},"num_concepts_raised":8910},{"base_id":721,"kind":"bot_words","i1":0,"i2":9,"sol":{"path":["/c/en/archaeopteryx","/c/en/bird","/c/en/flight_feather","/c/en/axial","/c/en/adaxial"],"weight":0.20951999999999976,"degrees":[88,4970,50,85,28]},"num_concepts_raised":18240},{"base_id":721,"kind":"bot_words","i1":1,"i2":2,"sol":{"path":["/c/en/mouthed","/c/en/mouth","/c/en/human","/c/en/glanders"],"weight":0.21068999999999988,"degrees":[26,1902,2645,84]},"num_concepts_raised":13236},{"base_id":721,"kind":"bot_words","i1":1,"i2":3,"sol":{"path":["/c/en/mouthed","/c/en/mouth","/c/en/food","/c/en/berry","/c/en/bearberry"],"weight":0.20520999999999984,"degrees":[26,1902,4281,772,45]},"num_concepts_raised":5467},{"base_id":721,"kind":"bot_words","i1":1,"i2":4,"sol":{"path":["/c/en/mouthed","/c/en/mouth","/c/en/pie","/c/en/silk","/c/en/georgette"],"weight":0.20495999999999995,"degrees":[26,1902,483,1050,30]},"num_concepts_raised":6164},{"base_id":721,"kind":"bot_words","i1":1,"i2":5,"sol":{"path":["/c/en/mouthed","/c/en/mouth","/c/en/person","/c/en/robert"],"weight":0.21268000000000015,"degrees":[26,1902,12935,205]},"num_concepts_raised":21830},{"base_id":721,"kind":"bot_words","i1":1,"i2":6,"sol":{"path":["/c/en/mouthed","/c/en/mouth","/c/en/food","/c/en/fish","/c/en/cichlid"],"weight":0.21127999999999977,"degrees":[26,1902,4281,4424,111]},"num_concepts_raised":7689},{"base_id":721,"kind":"bot_words","i1":1,"i2":7,"sol":{"path":["/c/en/mouthed","/c/en/mouth","/c/en/head","/c/en/aigrette","/c/en/egret"],"weight":0.20738999999999982,"degrees":[26,1902,3580,33,137]},"num_concepts_raised":24069},{"base_id":721,"kind":"bot_words","i1":1,"i2":8,"sol":{"path":["/c/en/mouthed","/c/en/mouth","/c/en/issue","/c/en/periodical","/c/en/revue"],"weight":0.21083999999999997,"degrees":[26,1902,1087,232,82]},"num_concepts_raised":7804},{"base_id":721,"kind":"bot_words","i1":1,"i2":9,"sol":{"path":["/c/en/mouthed","/c/en/mouth","/c/en/face","/c/en/abaxial","/c/en/adaxial"],"weight":0.20597999999999994,"degrees":[26,1902,2479,43,28]},"num_concepts_raised":17159},{"base_id":721,"kind":"bot_words","i1":2,"i2":3,"sol":{"path":["/c/en/glanders","/c/en/horse","/c/en/holly","/c/en/bearberry"],"weight":0.2088299999999998,"degrees":[84,3068,397,45]},"num_concepts_raised":12237},{"base_id":721,"kind":"bot_words","i1":2,"i2":4,"sol":{"path":["/c/en/glanders","/c/fr/morve","/c/en/worm","/c/en/silk","/c/en/georgette"],"weight":0.2128699999999999,"degrees":[84,95,1032,1050,30]},"num_concepts_raised":12892},{"base_id":721,"kind":"bot_words","i1":2,"i2":5,"sol":{"path":["/c/en/glanders","/c/en/horse","/c/en/dobbin","/c/en/robert"],"weight":0.2184900000000001,"degrees":[84,3068,36,205]},"num_concepts_raised":28087},{"base_id":721,"kind":"bot_words","i1":2,"i2":6,"sol":{"path":["/c/en/glanders","/c/en/donkey","/c/en/fish","/c/en/cichlid"],"weight":0.21496999999999972,"degrees":[84,538,4424,111]},"num_concepts_raised":14422},{"base_id":721,"kind":"bot_words","i1":2,"i2":7,"sol":{"path":["/c/en/glanders","/c/fr/morve","/c/fr/mucosité","/c/fr/botanique","/c/en/egret"],"weight":0.2142099999999998,"degrees":[84,95,58,7950,137]},"num_concepts_raised":30753},{"base_id":721,"kind":"bot_words","i1":2,"i2":8,"sol":{"path":["/c/en/glanders","/c/en/horse","/c/en/troop","/c/fr/revue","/c/en/revue"],"weight":0.2209699999999999,"degrees":[84,3068,434,188,82]},"num_concepts_raised":14551},{"base_id":721,"kind":"bot_words","i1":2,"i2":9,"sol":{"path":["/c/en/glanders","/c/en/disease","/c/en/etiolation","/c/en/botany","/c/en/adaxial"],"weight":0.21075999999999986,"degrees":[84,4216,34,6881,28]},"num_concepts_raised":23795},{"base_id":721,"kind":"bot_words","i1":3,"i2":4,"sol":{"path":["/c/en/bearberry","/c/en/shrub","/c/en/cotton","/c/en/georgette"],"weight":0.20304999999999987,"degrees":[45,1130,1181,30]},"num_concepts_raised":5106},{"base_id":721,"kind":"bot_words","i1":3,"i2":5,"sol":{"path":["/c/en/bearberry","/c/en/berry","/c/en/musical_artist","/c/en/robert"],"weight":0.21076000000000011,"degrees":[45,772,462,205]},"num_concepts_raised":20881},{"base_id":721,"kind":"bot_words","i1":3,"i2":6,"sol":{"path":["/c/en/bearberry","/c/en/berry","/c/en/fish","/c/en/cichlid"],"weight":0.2093499999999997,"degrees":[45,772,4424,111]},"num_concepts_raised":6654},{"base_id":721,"kind":"bot_words","i1":3,"i2":7,"sol":{"path":["/c/en/bearberry","/c/fi/sianpuolukka","/c/en/botany","/c/en/egret"],"weight":0.20639999999999975,"degrees":[45,24,6881,137]},"num_concepts_raised":22882},{"base_id":721,"kind":"bot_words","i1":3,"i2":8,"sol":{"path":["/c/en/bearberry","/c/en/berry","/c/en/develop","/c/en/film","/c/en/revue"],"weight":0.2088899999999999,"degrees":[45,772,924,2504,82]},"num_concepts_raised":6758},{"base_id":721,"kind":"bot_words","i1":3,"i2":9,"sol":{"path":["/c/en/bearberry","/c/fi/sianpuolukka","/c/en/botany","/c/en/adaxial"],"weight":0.20505999999999985,"degrees":[45,24,6881,28]},"num_concepts_raised":16055},{"base_id":721,"kind":"bot_words","i1":4,"i2":5,"sol":{"path":["/c/en/georgette","/c/en/silk","/c/en/type","/c/en/robin","/c/en/robert"],"weight":0.2128400000000002,"degrees":[30,1050,1591,262,205]},"num_concepts_raised":21513},{"base_id":721,"kind":"bot_words","i1":4,"i2":6,"sol":{"path":["/c/en/georgette","/c/en/silk","/c/en/valencia","/c/en/fish","/c/en/cichlid"],"weight":0.2091899999999998,"degrees":[30,1050,221,4424,111]},"num_concepts_raised":7348},{"base_id":721,"kind":"bot_words","i1":4,"i2":7,"sol":{"path":["/c/en/georgette","/c/en/cotton","/c/en/seed","/c/en/egret"],"weight":0.20426999999999984,"degrees":[30,1181,1813,137]},"num_concepts_raised":23679},{"base_id":721,"kind":"bot_words","i1":4,"i2":8,"sol":{"path":["/c/en/georgette","/c/en/silk","/c/en/look","/c/en/review","/c/en/revue"],"weight":0.21094000000000002,"degrees":[30,1050,1962,714,82]},"num_concepts_raised":7441},{"base_id":721,"kind":"bot_words","i1":4,"i2":9,"sol":{"path":["/c/en/georgette","/c/en/cotton","/c/en/plant","/c/en/botany","/c/en/adaxial"],"weight":0.20297999999999994,"degrees":[30,1181,7959,6881,28]},"num_concepts_raised":16777},{"base_id":721,"kind":"bot_words","i1":5,"i2":6,"sol":{"path":["/c/en/robert","/c/en/person","/c/en/fish","/c/en/cichlid"],"weight":0.21688000000000002,"degrees":[205,12935,4424,111]},"num_concepts_raised":23030},{"base_id":721,"kind":"bot_words","i1":5,"i2":7,"sol":{"path":["/c/en/robert","/c/en/robin","/c/fr/oiseaux","/c/en/egret"],"weight":0.21417000000000008,"degrees":[205,262,2270,137]},"num_concepts_raised":39316},{"base_id":721,"kind":"bot_words","i1":5,"i2":8,"sol":{"path":["/c/en/robert","/c/en/musical_artist","/c/en/irving_berlin","/c/en/revue"],"weight":0.21633000000000022,"degrees":[205,462,68,82]},"num_concepts_raised":23135},{"base_id":721,"kind":"bot_words","i1":5,"i2":9,"sol":{"path":["/c/en/robert","/c/en/male","/c/en/biology","/c/en/adaxial"],"weight":0.21060000000000018,"degrees":[205,2222,6216,28]},"num_concepts_raised":32394},{"base_id":721,"kind":"bot_words","i1":6,"i2":7,"sol":{"path":["/c/en/cichlid","/c/en/fish","/c/en/bird","/c/en/heron","/c/en/egret"],"weight":0.21348999999999968,"degrees":[111,4424,4970,414,137]},"num_concepts_raised":25254},{"base_id":721,"kind":"bot_words","i1":6,"i2":8,"sol":{"path":["/c/en/cichlid","/c/en/fish","/c/en/search","/c/pt/revista","/c/en/revue"],"weight":0.21502999999999983,"degrees":[111,4424,1062,77,82]},"num_concepts_raised":8988},{"base_id":721,"kind":"bot_words","i1":6,"i2":9,"sol":{"path":["/c/en/cichlid","/c/en/jewel_cichlid","/c/en/genus","/c/en/biology","/c/en/adaxial"],"weight":0.21088999999999977,"degrees":[111,29,2240,6216,28]},"num_concepts_raised":18328},{"base_id":721,"kind":"bot_words","i1":7,"i2":8,"sol":{"path":["/c/en/egret","/c/fr/oiseaux","/c/fr/cabaret","/c/en/revue"],"weight":0.2099899999999999,"degrees":[137,2270,135,82]},"num_concepts_raised":25346},{"base_id":721,"kind":"bot_words","i1":7,"i2":9,"sol":{"path":["/c/en/egret","/c/en/botany","/c/en/adaxial"],"weight":0.202,"degrees":[137,6881,28]},"num_concepts_raised":133},{"base_id":721,"kind":"bot_words","i1":8,"i2":9,"sol":{"path":["/c/en/revue","/c/fr/revue","/c/fr/avec","/c/en/towards","/c/en/adaxial"],"weight":0.21506999999999996,"degrees":[82,188,940,335,28]},"num_concepts_raised":18435}],[{"base_id":721,"kind":"top_words","i1":0,"i2":1,"sol":{"path":["/c/en/stadium","/c/en/stadion"],"weight":0.20600000000000002,"degrees":[441,26]},"num_concepts_raised":316},{"base_id":721,"kind":"top_words","i1":0,"i2":2,"sol":{"path":["/c/en/stadium","/c/en/arena","/c/en/tip","/c/en/bung"],"weight":0.22176999999999975,"degrees":[441,249,1000,131]},"num_concepts_raised":86457},{"base_id":721,"kind":"top_words","i1":0,"i2":3,"sol":{"path":["/c/en/stadium","/c/en/arena","/c/en/velodrome"],"weight":0.20700000000000002,"degrees":[441,249,60]},"num_concepts_raised":341},{"base_id":721,"kind":"top_words","i1":0,"i2":4,"sol":{"path":["/c/en/stadium","/c/en/arena"],"weight":0.21100000000000002,"degrees":[441,249]},"num_concepts_raised":465},{"base_id":721,"kind":"top_words","i1":0,"i2":5,"sol":{"path":["/c/en/stadium","/c/en/stand","/c/en/dance","/c/en/samba","/c/en/sambadrome"],"weight":0.21626000000000004,"degrees":[441,1476,2473,161,24]},"num_concepts_raised":53615},{"base_id":721,"kind":"top_words","i1":0,"i2":6,"sol":{"path":["/c/en/stadium","/c/en/stade","/c/en/station","/c/en/bercy"],"weight":0.21907999999999994,"degrees":[441,140,888,26]},"num_concepts_raised":54741},{"base_id":721,"kind":"top_words","i1":0,"i2":7,"sol":{"path":["/c/en/stadium","/c/en/city","/c/en/bunkyō"],"weight":0.20600000000000002,"degrees":[441,3758,58]},"num_concepts_raised":349},{"base_id":721,"kind":"top_words","i1":0,"i2":8,"sol":{"path":["/c/en/stadium","/c/en/ballpark"],"weight":0.20700000000000002,"degrees":[441,81]},"num_concepts_raised":355},{"base_id":721,"kind":"top_words","i1":0,"i2":9,"sol":{"path":["/c/en/stadium","/c/en/stand","/c/en/nautical","/c/en/ahoy"],"weight":0.21642,"degrees":[441,1476,5204,36]},"num_concepts_raised":72825},{"base_id":721,"kind":"top_words","i1":1,"i2":2,"sol":{"path":["/c/en/stadion","/c/en/country","/c/en/uk","/c/en/bung"],"weight":0.20987999999999962,"degrees":[26,2796,5562,131]},"num_concepts_raised":38372},{"base_id":721,"kind":"top_words","i1":1,"i2":3,"sol":{"path":["/c/en/stadion","/c/en/stadium","/c/en/arena","/c/en/velodrome"],"weight":0.2083299999999999,"degrees":[26,441,249,60]},"num_concepts_raised":5754},{"base_id":721,"kind":"top_words","i1":1,"i2":4,"sol":{"path":["/c/en/stadion","/c/en/stadium","/c/en/arena"],"weight":0.20800000000000002,"degrees":[26,441,249]},"num_concepts_raised":219},{"base_id":721,"kind":"top_words","i1":1,"i2":5,"sol":{"path":["/c/en/stadion","/c/en/country","/c/en/brazil","/c/pt/sambódromo","/c/en/sambadrome"],"weight":0.20979999999999993,"degrees":[26,2796,1377,13,24]},"num_concepts_raised":2913},{"base_id":721,"kind":"top_words","i1":1,"i2":6,"sol":{"path":["/c/en/stadion","/c/en/stadium","/c/en/stade","/c/en/station","/c/en/bercy"],"weight":0.21271999999999983,"degrees":[26,441,140,888,26]},"num_concepts_raised":4188},{"base_id":721,"kind":"top_words","i1":1,"i2":7,"sol":{"path":["/c/en/stadion","/c/en/stadium","/c/en/city","/c/en/bunkyō"],"weight":0.21327999999999986,"degrees":[26,441,3758,58]},"num_concepts_raised":6001},{"base_id":721,"kind":"top_words","i1":1,"i2":8,"sol":{"path":["/c/en/stadion","/c/en/stadium","/c/en/ballpark"],"weight":0.20500000000000002,"degrees":[26,441,81]},"num_concepts_raised":87},{"base_id":721,"kind":"top_words","i1":1,"i2":9,"sol":{"path":["/c/en/stadion","/c/en/stadium","/c/en/baseball","/c/en/hail","/c/en/ahoy"],"weight":0.2089299999999999,"degrees":[26,441,1859,683,36]},"num_concepts_raised":23792},{"base_id":721,"kind":"top_words","i1":2,"i2":3,"sol":{"path":["/c/en/bung","/c/en/slang","/c/en/bike","/c/en/velodrome"],"weight":0.2056199999999997,"degrees":[131,16318,246,60]},"num_concepts_raised":38613},{"base_id":721,"kind":"top_words","i1":2,"i2":4,"sol":{"path":["/c/en/bung","/c/en/tip","/c/en/arena"],"weight":0.20400000000000001,"degrees":[131,1000,249]},"num_concepts_raised":315},{"base_id":721,"kind":"top_words","i1":2,"i2":5,"sol":{"path":["/c/en/bung","/c/en/slang","/c/hu/szambázik","/c/en/samba","/c/en/sambadrome"],"weight":0.20511999999999972,"degrees":[131,16318,6,161,24]},"num_concepts_raised":35904},{"base_id":721,"kind":"top_words","i1":2,"i2":6,"sol":{"path":["/c/en/bung","/c/en/stopper","/c/en/station","/c/en/bercy"],"weight":0.2101999999999996,"degrees":[131,171,888,26]},"num_concepts_raised":37065},{"base_id":721,"kind":"top_words","i1":2,"i2":7,"sol":{"path":["/c/en/bung","/c/en/uk","/c/en/city","/c/en/bunkyō"],"weight":0.21041999999999964,"degrees":[131,5562,3758,58]},"num_concepts_raised":38940},{"base_id":721,"kind":"top_words","i1":2,"i2":8,"sol":{"path":["/c/en/bung","/c/en/close","/c/en/ballpark"],"weight":0.203,"degrees":[131,2153,81]},"num_concepts_raised":181},{"base_id":721,"kind":"top_words","i1":2,"i2":9,"sol":{"path":["/c/en/bung","/c/en/uk","/c/en/cooee","/c/en/ahoy"],"weight":0.20504999999999968,"degrees":[131,5562,20,36]},"num_concepts_raised":55331},{"base_id":721,"kind":"top_words","i1":3,"i2":4,"sol":{"path":["/c/en/velodrome","/c/en/arena"],"weight":0.20400000000000001,"degrees":[60,249]},"num_concepts_raised":243},{"base_id":721,"kind":"top_words","i1":3,"i2":5,"sol":{"path":["/c/en/velodrome","/c/fr/édifices","/c/fr/sambodrome","/c/en/sambadrome"],"weight":0.20427999999999996,"degrees":[60,118,20,24]},"num_concepts_raised":3200},{"base_id":721,"kind":"top_words","i1":3,"i2":6,"sol":{"path":["/c/en/velodrome","/c/en/track","/c/en/station","/c/en/bercy"],"weight":0.20816999999999986,"degrees":[60,998,888,26]},"num_concepts_raised":4482},{"base_id":721,"kind":"top_words","i1":3,"i2":7,"sol":{"path":["/c/en/velodrome","/c/en/arena","/c/en/city","/c/en/bunkyō"],"weight":0.20867999999999987,"degrees":[60,249,3758,58]},"num_concepts_raised":6393},{"base_id":721,"kind":"top_words","i1":3,"i2":8,"sol":{"path":["/c/en/velodrome","/c/en/bicycle","/c/en/park","/c/en/ballpark"],"weight":0.2061599999999998,"degrees":[60,1026,898,81]},"num_concepts_raised":26831},{"base_id":721,"kind":"top_words","i1":3,"i2":9,"sol":{"path":["/c/en/velodrome","/c/en/track","/c/en/snow","/c/en/hail","/c/en/ahoy"],"weight":0.20440999999999993,"degrees":[60,998,1934,683,36]},"num_concepts_raised":24073},{"base_id":721,"kind":"top_words","i1":4,"i2":5,"sol":{"path":["/c/en/arena","/c/en/velodrome","/c/fr/édifices","/c/fr/sambodrome","/c/en/sambadrome"],"weight":0.21151999999999954,"degrees":[249,60,118,20,24]},"num_concepts_raised":35463},{"base_id":721,"kind":"top_words","i1":4,"i2":6,"sol":{"path":["/c/en/arena","/c/en/track","/c/en/station","/c/en/bercy"],"weight":0.21551999999999943,"degrees":[249,998,888,26]},"num_concepts_raised":36624},{"base_id":721,"kind":"top_words","i1":4,"i2":7,"sol":{"path":["/c/en/arena","/c/en/city","/c/en/bunkyō"],"weight":0.20600000000000002,"degrees":[249,3758,58]},"num_concepts_raised":251},{"base_id":721,"kind":"top_words","i1":4,"i2":8,"sol":{"path":["/c/en/arena","/c/en/stadium","/c/en/ballpark"],"weight":0.20700000000000002,"degrees":[249,441,81]},"num_concepts_raised":268},{"base_id":721,"kind":"top_words","i1":4,"i2":9,"sol":{"path":["/c/en/arena","/c/en/sports","/c/en/ship","/c/en/ahoy"],"weight":0.2108199999999995,"degrees":[249,3417,2104,36]},"num_concepts_raised":55255},{"base_id":721,"kind":"top_words","i1":5,"i2":6,"sol":{"path":["/c/en/sambadrome","/c/fr/sambodrome","/c/fr/édifices","/c/it/stazione","/c/en/station","/c/en/bercy"],"weight":0.21189689999999983,"degrees":[24,20,118,49,888,26]},"num_concepts_raised":266366},{"base_id":721,"kind":"top_words","i1":5,"i2":7,"sol":{"path":["/c/en/sambadrome","/c/fr/sambodrome","/c/fr/samba","/c/fr/géographie","/c/en/tokyo","/c/en/bunkyō"],"weight":0.2162370999999998,"degrees":[24,20,47,8043,355,58]},"num_concepts_raised":254667},{"base_id":721,"kind":"top_words","i1":5,"i2":8,"sol":{"path":["/c/en/sambadrome","/c/en/samba","/c/en/dance","/c/en/ball","/c/en/ballpark"],"weight":0.20454999999999984,"degrees":[24,161,2473,2118,81]},"num_concepts_raised":24192},{"base_id":721,"kind":"top_words","i1":5,"i2":9,"sol":{"path":["/c/en/sambadrome","/c/en/samba","/c/en/dance","/c/en/person","/c/en/ahoy"],"weight":0.20288999999999996,"degrees":[24,161,2473,12935,36]},"num_concepts_raised":21280},{"base_id":721,"kind":"top_words","i1":6,"i2":7,"sol":{"path":["/c/en/bercy","/c/en/station","/c/en/place","/c/en/city","/c/en/bunkyō"],"weight":0.21318999999999982,"degrees":[26,888,3314,3758,58]},"num_concepts_raised":4769},{"base_id":721,"kind":"top_words","i1":6,"i2":8,"sol":{"path":["/c/en/bercy","/c/en/station","/c/fr/stationner","/c/en/ballpark"],"weight":0.20839999999999975,"degrees":[26,888,154,81]},"num_concepts_raised":25362},{"base_id":721,"kind":"top_words","i1":6,"i2":9,"sol":{"path":["/c/en/bercy","/c/en/station","/c/en/chief","/c/en/hail","/c/en/ahoy"],"weight":0.20884999999999987,"degrees":[26,888,1183,683,36]},"num_concepts_raised":22511},{"base_id":721,"kind":"top_words","i1":7,"i2":8,"sol":{"path":["/c/en/bunkyō","/c/en/city","/c/en/stadium","/c/en/ballpark"],"weight":0.21007999999999977,"degrees":[58,3758,441,81]},"num_concepts_raised":27209},{"base_id":721,"kind":"top_words","i1":7,"i2":9,"sol":{"path":["/c/en/bunkyō","/c/en/tokyo","/c/en/square","/c/en/nautical","/c/en/ahoy"],"weight":0.2106099999999999,"degrees":[58,355,1534,5204,36]},"num_concepts_raised":24412},{"base_id":721,"kind":"top_words","i1":8,"i2":9,"sol":{"path":["/c/en/ballpark","/c/en/ball","/c/en/hail","/c/en/ahoy"],"weight":0.20564999999999983,"degrees":[81,2118,683,36]},"num_concepts_raised":44265}]]