[[{"base_id":747,"kind":"bot_words","i1":0,"i2":1,"sol":{"path":["/c/en/emulsifier","/c/en/whipped_cream","/c/en/cool","/c/en/language","/c/en/semite","/c/en/aramean","/c/en/arameans"],"weight":0.21043509999999968,"degrees":[56,186,1186,4160,63,11,45]},"num_concepts_raised":87805},{"base_id":747,"kind":"bot_words","i1":0,"i2":2,"sol":{"path":["/c/en/emulsifier","/c/en/whipped_cream","/c/en/cool","/c/en/language","/c/en/yakut"],"weight":0.2033099999999999,"degrees":[56,186,1186,4160,47]},"num_concepts_raised":4834},{"base_id":747,"kind":"bot_words","i1":0,"i2":3,"sol":{"path":["/c/en/emulsifier","/c/en/polyethylene_glycol","/c/en/water","/c/en/island","/c/en/bonaire"],"weight":0.20322999999999994,"degrees":[56,58,4606,1660,34]},"num_concepts_raised":3059},{"base_id":747,"kind":"bot_words","i1":0,"i2":4,"sol":{"path":["/c/en/emulsifier","/c/en/emulsion","/c/en/hydrolipid","/c/en/anatomy","/c/en/septum"],"weight":0.2058399999999996,"degrees":[56,208,7,12775,153]},"num_concepts_raised":35148},{"base_id":747,"kind":"bot_words","i1":0,"i2":5,"sol":{"path":["/c/en/emulsifier","/c/en/emulsion","/c/en/chemistry","/c/es/lisis","/c/en/lysis"],"weight":0.21461999999999976,"degrees":[56,208,11754,8,135]},"num_concepts_raised":28321},{"base_id":747,"kind":"bot_words","i1":0,"i2":6,"sol":{"path":["/c/en/emulsifier","/c/en/lecithin","/c/en/cell","/c/en/historical","/c/en/romania","/c/en/timișoara"],"weight":0.20987379999999986,"degrees":[56,105,2433,8415,380,36]},"num_concepts_raised":107849},{"base_id":747,"kind":"bot_words","i1":0,"i2":7,"sol":{"path":["/c/en/emulsifier","/c/en/wetting_agent","/c/en/surface","/c/en/photoemission"],"weight":0.20304999999999992,"degrees":[56,46,1764,27]},"num_concepts_raised":12420},{"base_id":747,"kind":"bot_words","i1":0,"i2":8,"sol":{"path":["/c/en/emulsifier","/c/en/emulsion","/c/en/paint","/c/en/bad","/c/en/reprehensible"],"weight":0.20526999999999979,"degrees":[56,208,1772,1728,110]},"num_concepts_raised":8257},{"base_id":747,"kind":"bot_words","i1":0,"i2":9,"sol":{"path":["/c/en/emulsifier","/c/en/margarine","/c/en/food","/c/en/superfood"],"weight":0.20416999999999996,"degrees":[56,246,4281,27]},"num_concepts_raised":4607},{"base_id":747,"kind":"bot_words","i1":1,"i2":2,"sol":{"path":["/c/en/arameans","/c/en/aramean","/c/en/semite","/c/en/language","/c/en/yakut"],"weight":0.20809999999999979,"degrees":[45,11,63,4160,47]},"num_concepts_raised":4105},{"base_id":747,"kind":"bot_words","i1":1,"i2":3,"sol":{"path":["/c/en/arameans","/c/en/aramean","/c/fr/araméen","/c/fr/linguistique","/c/en/papiamento","/c/en/bonaire"],"weight":0.21021379999999967,"degrees":[45,11,54,7455,70,34]},"num_concepts_raised":241221},{"base_id":747,"kind":"bot_words","i1":1,"i2":4,"sol":{"path":["/c/en/arameans","/c/en/aramean","/c/fr/araméen","/c/fr/langue","/c/en/anatomy","/c/en/septum"],"weight":0.21449579999999868,"degrees":[45,11,54,2949,12775,153]},"num_concepts_raised":755015},{"base_id":747,"kind":"bot_words","i1":1,"i2":5,"sol":{"path":["/c/en/arameans","/c/en/aramean","/c/en/semite","/c/en/hebrew","/c/en/genesis","/c/en/lysis"],"weight":0.22031259999999936,"degrees":[45,11,63,269,327,135]},"num_concepts_raised":895546},{"base_id":747,"kind":"bot_words","i1":1,"i2":6,"sol":{"path":["/c/en/arameans","/c/en/aramean","/c/en/aramaean","/c/en/west_semitic","/c/en/linguistics","/c/en/romania","/c/en/timișoara"],"weight":0.21230499999999963,"degrees":[45,11,65,9,4250,380,36]},"num_concepts_raised":21671},{"base_id":747,"kind":"bot_words","i1":1,"i2":7,"sol":{"path":["/c/en/arameans","/c/en/aramean","/c/fr/araméen","/c/he/תרגום","/c/en/act","/c/en/emission","/c/en/photoemission"],"weight":0.21202609999999966,"degrees":[45,11,54,26,2503,262,27]},"num_concepts_raised":393632},{"base_id":747,"kind":"bot_words","i1":1,"i2":8,"sol":{"path":["/c/en/arameans","/c/en/aramean","/c/en/aramaean","/c/en/iron_age","/c/en/iron","/c/en/wrong","/c/en/reprehensible"],"weight":0.21437189999999937,"degrees":[45,11,65,183,2867,1039,110]},"num_concepts_raised":532915},{"base_id":747,"kind":"bot_words","i1":1,"i2":9,"sol":{"path":["/c/en/arameans","/c/en/aramean","/c/en/aramaean","/c/en/levant","/c/en/turkey","/c/en/food","/c/en/superfood"],"weight":0.2131781999999987,"degrees":[45,11,65,206,1157,4281,27]},"num_concepts_raised":248542},{"base_id":747,"kind":"bot_words","i1":2,"i2":3,"sol":{"path":["/c/en/yakut","/c/en/language","/c/en/papiamento","/c/en/bonaire"],"weight":0.2031199999999999,"degrees":[47,4160,70,34]},"num_concepts_raised":6193},{"base_id":747,"kind":"bot_words","i1":2,"i2":4,"sol":{"path":["/c/en/yakut","/c/fr/yakoute","/c/fr/langue","/c/en/anatomy","/c/en/septum"],"weight":0.2056899999999996,"degrees":[47,39,2949,12775,153]},"num_concepts_raised":38254},{"base_id":747,"kind":"bot_words","i1":2,"i2":5,"sol":{"path":["/c/en/yakut","/c/en/language","/c/en/music","/c/en/genesis","/c/en/lysis"],"weight":0.21127999999999975,"degrees":[47,4160,8822,327,135]},"num_concepts_raised":31454},{"base_id":747,"kind":"bot_words","i1":2,"i2":6,"sol":{"path":["/c/en/yakut","/c/en/language","/c/en/country","/c/en/romania","/c/en/timișoara"],"weight":0.20405999999999985,"degrees":[47,4160,2796,380,36]},"num_concepts_raised":4297},{"base_id":747,"kind":"bot_words","i1":2,"i2":7,"sol":{"path":["/c/en/yakut","/c/en/language","/c/en/field","/c/en/physics","/c/en/photoemission"],"weight":0.2030099999999999,"degrees":[47,4160,2150,9094,27]},"num_concepts_raised":15591},{"base_id":747,"kind":"bot_words","i1":2,"i2":8,"sol":{"path":["/c/en/yakut","/c/en/language","/c/en/slang","/c/en/bad","/c/en/reprehensible"],"weight":0.2041399999999998,"degrees":[47,4160,16318,1728,110]},"num_concepts_raised":11412},{"base_id":747,"kind":"bot_words","i1":2,"i2":9,"sol":{"path":["/c/en/yakut","/c/en/language","/c/en/tongue","/c/en/food","/c/en/superfood"],"weight":0.20405999999999994,"degrees":[47,4160,1213,4281,27]},"num_concepts_raised":7788},{"base_id":747,"kind":"bot_words","i1":3,"i2":4,"sol":{"path":["/c/en/bonaire","/c/en/netherlands","/c/en/head","/c/en/anatomy","/c/en/septum"],"weight":0.20567999999999964,"degrees":[34,680,3580,12775,153]},"num_concepts_raised":36525},{"base_id":747,"kind":"bot_words","i1":3,"i2":5,"sol":{"path":["/c/en/bonaire","/c/fr/bonaire","/c/fr/localités","/c/en/loose","/c/en/lysis"],"weight":0.21312999999999976,"degrees":[34,16,110113,723,135]},"num_concepts_raised":29712},{"base_id":747,"kind":"bot_words","i1":3,"i2":6,"sol":{"path":["/c/en/bonaire","/c/en/netherlands","/c/en/country","/c/en/romania","/c/en/timișoara"],"weight":0.20508999999999988,"degrees":[34,680,2796,380,36]},"num_concepts_raised":2522},{"base_id":747,"kind":"bot_words","i1":3,"i2":7,"sol":{"path":["/c/en/bonaire","/c/en/netherlands","/c/en/flushing","/c/en/surface","/c/en/photoemission"],"weight":0.20396999999999996,"degrees":[34,680,36,1764,27]},"num_concepts_raised":13822},{"base_id":747,"kind":"bot_words","i1":3,"i2":8,"sol":{"path":["/c/en/bonaire","/c/en/netherlands","/c/en/eurojust","/c/en/criminal","/c/en/reprehensible"],"weight":0.2050099999999998,"degrees":[34,680,34,971,110]},"num_concepts_raised":9642},{"base_id":747,"kind":"bot_words","i1":3,"i2":9,"sol":{"path":["/c/en/bonaire","/c/en/netherlands","/c/en/toko","/c/en/food","/c/en/superfood"],"weight":0.20504999999999995,"degrees":[34,680,8,4281,27]},"num_concepts_raised":6016},{"base_id":747,"kind":"bot_words","i1":4,"i2":5,"sol":{"path":["/c/en/septum","/c/fi/väliseinä","/c/en/architecture","/c/en/lysis"],"weight":0.21242999999999945,"degrees":[153,16,2564,135]},"num_concepts_raised":60951},{"base_id":747,"kind":"bot_words","i1":4,"i2":6,"sol":{"path":["/c/en/septum","/c/en/partition","/c/en/country","/c/en/romania","/c/en/timișoara"],"weight":0.2053499999999996,"degrees":[153,482,2796,380,36]},"num_concepts_raised":34633},{"base_id":747,"kind":"bot_words","i1":4,"i2":7,"sol":{"path":["/c/en/septum","/c/en/plate","/c/en/surface","/c/en/photoemission"],"weight":0.20402999999999963,"degrees":[153,1940,1764,27]},"num_concepts_raised":45712},{"base_id":747,"kind":"bot_words","i1":4,"i2":8,"sol":{"path":["/c/en/septum","/c/en/anatomy","/c/en/base","/c/en/reprehensible"],"weight":0.2054899999999995,"degrees":[153,12775,2117,110]},"num_concepts_raised":41563},{"base_id":747,"kind":"bot_words","i1":4,"i2":9,"sol":{"path":["/c/en/septum","/c/en/fungus","/c/en/food","/c/en/superfood"],"weight":0.20518999999999965,"degrees":[153,1236,4281,27]},"num_concepts_raised":37971},{"base_id":747,"kind":"bot_words","i1":5,"i2":6,"sol":{"path":["/c/en/lysis","/c/en/loose","/c/en/free","/c/en/republic","/c/en/romania","/c/en/timișoara"],"weight":0.2179766999999994,"degrees":[135,723,1709,709,380,36]},"num_concepts_raised":909377},{"base_id":747,"kind":"bot_words","i1":5,"i2":7,"sol":{"path":["/c/en/lysis","/c/en/crisis","/c/en/incident","/c/en/photoemission"],"weight":0.20894999999999977,"degrees":[135,330,327,27]},"num_concepts_raised":38835},{"base_id":747,"kind":"bot_words","i1":5,"i2":8,"sol":{"path":["/c/en/lysis","/c/en/biochemistry","/c/en/base","/c/en/reprehensible"],"weight":0.21009999999999962,"degrees":[135,3629,2117,110]},"num_concepts_raised":34688},{"base_id":747,"kind":"bot_words","i1":5,"i2":9,"sol":{"path":["/c/en/lysis","/c/en/loose","/c/en/fast","/c/en/food","/c/en/superfood"],"weight":0.2121299999999998,"degrees":[135,723,1390,4281,27]},"num_concepts_raised":31229},{"base_id":747,"kind":"bot_words","i1":6,"i2":7,"sol":{"path":["/c/en/timișoara","/c/en/romania","/c/en/historical","/c/en/issue","/c/en/emission","/c/en/photoemission"],"weight":0.20934239999999987,"degrees":[36,380,8415,1087,262,27]},"num_concepts_raised":410514},{"base_id":747,"kind":"bot_words","i1":6,"i2":8,"sol":{"path":["/c/en/timișoara","/c/en/romania","/c/en/linguistics","/c/en/bad","/c/en/reprehensible"],"weight":0.2049399999999998,"degrees":[36,380,4250,1728,110]},"num_concepts_raised":7730},{"base_id":747,"kind":"bot_words","i1":6,"i2":9,"sol":{"path":["/c/en/timișoara","/c/en/romania","/c/en/country","/c/en/chicken","/c/en/food","/c/en/superfood"],"weight":0.21050279999999888,"degrees":[36,380,2796,1689,4281,27]},"num_concepts_raised":267059},{"base_id":747,"kind":"bot_words","i1":7,"i2":8,"sol":{"path":["/c/en/photoemission","/c/en/emission","/c/en/act","/c/en/guilty","/c/en/reprehensible"],"weight":0.20487999999999984,"degrees":[27,262,2503,345,110]},"num_concepts_raised":18958},{"base_id":747,"kind":"bot_words","i1":7,"i2":9,"sol":{"path":["/c/en/photoemission","/c/en/physics","/c/en/energy","/c/en/food","/c/en/superfood"],"weight":0.20386999999999997,"degrees":[27,9094,1631,4281,27]},"num_concepts_raised":15373},{"base_id":747,"kind":"bot_words","i1":8,"i2":9,"sol":{"path":["/c/en/reprehensible","/c/en/wrong","/c/en/treat","/c/en/food","/c/en/superfood"],"weight":0.20586999999999983,"degrees":[110,1039,833,4281,27]},"num_concepts_raised":11193}],[{"base_id":747,"kind":"top_words","i1":0,"i2":1,"sol":{"path":["/c/en/quieten","/c/en/quiet","/c/en/weight","/c/en/pound"],"weight":0.22311999999999826,"degrees":[99,1147,1498,817]},"num_concepts_raised":97290},{"base_id":747,"kind":"top_words","i1":0,"i2":2,"sol":{"path":["/c/en/quieten","/c/en/quiet","/c/en/quantity","/c/en/amount","/c/en/forkful"],"weight":0.2070599999999997,"degrees":[99,1147,807,1036,33]},"num_concepts_raised":6400},{"base_id":747,"kind":"top_words","i1":0,"i2":3,"sol":{"path":["/c/en/quieten","/c/fr/silencieux","/c/fr/dispositif","/c/en/feeder"],"weight":0.20465999999999934,"degrees":[99,206,427,123]},"num_concepts_raised":38835},{"base_id":747,"kind":"top_words","i1":0,"i2":4,"sol":{"path":["/c/en/quieten","/c/en/quiet","/c/en/noise","/c/en/slurp"],"weight":0.2081899999999995,"degrees":[99,1147,1201,116]},"num_concepts_raised":12734},{"base_id":747,"kind":"top_words","i1":0,"i2":5,"sol":{"path":["/c/en/quieten","/c/fi/hiljentyä","/c/en/settle"],"weight":0.202,"degrees":[99,8,1016]},"num_concepts_raised":940},{"base_id":747,"kind":"top_words","i1":0,"i2":6,"sol":{"path":["/c/en/quieten","/c/en/quiet","/c/en/music","/c/en/cent"],"weight":0.216789999999999,"degrees":[99,1147,8822,397]},"num_concepts_raised":71656},{"base_id":747,"kind":"top_words","i1":0,"i2":7,"sol":{"path":["/c/en/quieten","/c/gv/kiunee","/c/en/nautical","/c/en/boarder"],"weight":0.20426999999999954,"degrees":[99,18,5204,84]},"num_concepts_raised":26988},{"base_id":747,"kind":"top_words","i1":0,"i2":8,"sol":{"path":["/c/en/quieten","/c/en/cradle","/c/en/launch","/c/en/blastoff"],"weight":0.2034299999999996,"degrees":[99,459,422,25]},"num_concepts_raised":9281},{"base_id":747,"kind":"top_words","i1":0,"i2":9,"sol":{"path":["/c/en/quieten","/c/gv/kiunee","/c/en/medicine","/c/en/intubate"],"weight":0.20357999999999965,"degrees":[99,18,11938,27]},"num_concepts_raised":26085},{"base_id":747,"kind":"top_words","i1":1,"i2":2,"sol":{"path":["/c/en/pound","/c/en/weight","/c/en/amount","/c/en/forkful"],"weight":0.2191599999999986,"degrees":[817,1498,1036,33]},"num_concepts_raised":94140},{"base_id":747,"kind":"top_words","i1":1,"i2":3,"sol":{"path":["/c/en/pound","/c/en/animal","/c/en/feeder"],"weight":0.20400000000000001,"degrees":[817,3735,123]},"num_concepts_raised":755},{"base_id":747,"kind":"top_words","i1":1,"i2":4,"sol":{"path":["/c/en/pound","/c/en/noise","/c/en/slurp"],"weight":0.20400000000000001,"degrees":[817,1201,116]},"num_concepts_raised":738},{"base_id":747,"kind":"top_words","i1":1,"i2":5,"sol":{"path":["/c/en/pound","/c/en/england","/c/en/settle"],"weight":0.20400000000000001,"degrees":[817,2303,1016]},"num_concepts_raised":1500},{"base_id":747,"kind":"top_words","i1":1,"i2":6,"sol":{"path":["/c/en/pound","/c/en/dollar","/c/en/cent"],"weight":0.20800000000000002,"degrees":[817,743,397]},"num_concepts_raised":945},{"base_id":747,"kind":"top_words","i1":1,"i2":7,"sol":{"path":["/c/en/pound","/c/en/beat","/c/en/nautical","/c/en/boarder"],"weight":0.21997999999999843,"degrees":[817,1834,5204,84]},"num_concepts_raised":112246},{"base_id":747,"kind":"top_words","i1":1,"i2":8,"sol":{"path":["/c/en/pound","/c/de/pfund","/c/en/shot","/c/en/blastoff"],"weight":0.22056999999999855,"degrees":[817,68,812,25]},"num_concepts_raised":96747},{"base_id":747,"kind":"top_words","i1":1,"i2":9,"sol":{"path":["/c/en/pound","/c/en/stone","/c/en/medicine","/c/en/intubate"],"weight":0.21852999999999856,"degrees":[817,1934,11938,27]},"num_concepts_raised":113438},{"base_id":747,"kind":"top_words","i1":2,"i2":3,"sol":{"path":["/c/en/forkful","/c/en/fork","/c/en/tributary","/c/en/feeder"],"weight":0.20515999999999968,"degrees":[33,669,176,123]},"num_concepts_raised":35585},{"base_id":747,"kind":"top_words","i1":2,"i2":4,"sol":{"path":["/c/en/forkful","/c/en/fork","/c/en/eat","/c/en/slurp"],"weight":0.20409999999999986,"degrees":[33,669,1703,116]},"num_concepts_raised":9555},{"base_id":747,"kind":"top_words","i1":2,"i2":5,"sol":{"path":["/c/en/forkful","/c/en/amount","/c/en/set","/c/en/settle"],"weight":0.21449999999999736,"degrees":[33,1036,2628,1016]},"num_concepts_raised":203133},{"base_id":747,"kind":"top_words","i1":2,"i2":6,"sol":{"path":["/c/en/forkful","/c/en/amount","/c/en/cent"],"weight":0.20400000000000001,"degrees":[33,1036,397]},"num_concepts_raised":336},{"base_id":747,"kind":"top_words","i1":2,"i2":7,"sol":{"path":["/c/en/forkful","/c/en/amount","/c/en/board","/c/en/boarder"],"weight":0.20365999999999987,"degrees":[33,1036,1625,84]},"num_concepts_raised":23772},{"base_id":747,"kind":"top_words","i1":2,"i2":8,"sol":{"path":["/c/en/forkful","/c/en/amount","/c/en/shot","/c/en/blastoff"],"weight":0.20277999999999996,"degrees":[33,1036,812,25]},"num_concepts_raised":6058},{"base_id":747,"kind":"top_words","i1":2,"i2":9,"sol":{"path":["/c/en/forkful","/c/en/spoonful","/c/en/level","/c/en/tube","/c/en/intubate"],"weight":0.20479999999999998,"degrees":[33,90,1606,849,27]},"num_concepts_raised":22873},{"base_id":747,"kind":"top_words","i1":3,"i2":4,"sol":{"path":["/c/en/feeder","/c/en/feed","/c/en/eat","/c/en/slurp"],"weight":0.2060899999999995,"degrees":[123,1014,1703,116]},"num_concepts_raised":41518},{"base_id":747,"kind":"top_words","i1":3,"i2":5,"sol":{"path":["/c/en/feeder","/c/en/animal","/c/en/settle"],"weight":0.202,"degrees":[123,3735,1016]},"num_concepts_raised":973},{"base_id":747,"kind":"top_words","i1":3,"i2":6,"sol":{"path":["/c/en/feeder","/c/en/slang","/c/en/penny","/c/en/cent"],"weight":0.218629999999999,"degrees":[123,16318,383,397]},"num_concepts_raised":97190},{"base_id":747,"kind":"top_words","i1":3,"i2":7,"sol":{"path":["/c/en/feeder","/c/en/feed","/c/en/board","/c/en/boarder"],"weight":0.2055799999999995,"degrees":[123,1014,1625,84]},"num_concepts_raised":55002},{"base_id":747,"kind":"top_words","i1":3,"i2":8,"sol":{"path":["/c/en/feeder","/c/en/slang","/c/en/rocket","/c/en/blastoff"],"weight":0.2038299999999996,"degrees":[123,16318,651,25]},"num_concepts_raised":38341},{"base_id":747,"kind":"top_words","i1":3,"i2":9,"sol":{"path":["/c/en/feeder","/c/en/slang","/c/en/tube","/c/en/intubate"],"weight":0.20474999999999963,"degrees":[123,16318,849,27]},"num_concepts_raised":55097},{"base_id":747,"kind":"top_words","i1":4,"i2":5,"sol":{"path":["/c/en/slurp","/c/en/liquid","/c/en/liquidate","/c/en/settle"],"weight":0.2159399999999972,"degrees":[116,1778,147,1016]},"num_concepts_raised":208862},{"base_id":747,"kind":"top_words","i1":4,"i2":6,"sol":{"path":["/c/en/slurp","/c/en/mouthful","/c/en/bit","/c/en/cent"],"weight":0.21572999999999914,"degrees":[116,143,1251,397]},"num_concepts_raised":74412},{"base_id":747,"kind":"top_words","i1":4,"i2":7,"sol":{"path":["/c/en/slurp","/c/en/drink","/c/en/term","/c/en/boarder"],"weight":0.20570999999999967,"degrees":[116,2548,1089,84]},"num_concepts_raised":29979},{"base_id":747,"kind":"top_words","i1":4,"i2":8,"sol":{"path":["/c/en/slurp","/c/en/drink","/c/en/shot","/c/en/blastoff"],"weight":0.20495999999999975,"degrees":[116,2548,812,25]},"num_concepts_raised":12425},{"base_id":747,"kind":"top_words","i1":4,"i2":9,"sol":{"path":["/c/en/slurp","/c/en/drink","/c/en/medicine","/c/en/intubate"],"weight":0.2050399999999998,"degrees":[116,2548,11938,27]},"num_concepts_raised":29195},{"base_id":747,"kind":"top_words","i1":5,"i2":6,"sol":{"path":["/c/en/settle","/c/en/change","/c/en/cent"],"weight":0.20400000000000001,"degrees":[1016,3383,397]},"num_concepts_raised":1169},{"base_id":747,"kind":"top_words","i1":5,"i2":7,"sol":{"path":["/c/en/settle","/c/en/determine","/c/en/time","/c/en/boarder"],"weight":0.2161799999999972,"degrees":[1016,759,4124,84]},"num_concepts_raised":221411},{"base_id":747,"kind":"top_words","i1":5,"i2":8,"sol":{"path":["/c/en/settle","/c/en/pay","/c/en/shot","/c/en/blastoff"],"weight":0.2136499999999973,"degrees":[1016,1489,812,25]},"num_concepts_raised":205627},{"base_id":747,"kind":"top_words","i1":5,"i2":9,"sol":{"path":["/c/en/settle","/c/fr/résoudre","/c/fr/médecine","/c/en/intubate"],"weight":0.21262999999999732,"degrees":[1016,293,9990,27]},"num_concepts_raised":222273},{"base_id":747,"kind":"top_words","i1":6,"i2":7,"sol":{"path":["/c/en/cent","/c/en/money","/c/en/board","/c/en/boarder"],"weight":0.21807999999999916,"degrees":[397,2899,1625,84]},"num_concepts_raised":86932},{"base_id":747,"kind":"top_words","i1":6,"i2":8,"sol":{"path":["/c/en/cent","/c/en/small","/c/en/shot","/c/en/blastoff"],"weight":0.21265999999999927,"degrees":[397,2515,812,25]},"num_concepts_raised":71195},{"base_id":747,"kind":"top_words","i1":6,"i2":9,"sol":{"path":["/c/en/cent","/c/en/music","/c/en/medicine","/c/en/intubate"],"weight":0.2126699999999993,"degrees":[397,8822,11938,27]},"num_concepts_raised":87822},{"base_id":747,"kind":"top_words","i1":7,"i2":8,"sol":{"path":["/c/en/boarder","/c/en/nautical","/c/en/launch","/c/en/blastoff"],"weight":0.2034399999999998,"degrees":[84,5204,422,25]},"num_concepts_raised":26499},{"base_id":747,"kind":"top_words","i1":7,"i2":9,"sol":{"path":["/c/en/boarder","/c/en/surfing","/c/en/tube","/c/en/intubate"],"weight":0.20429999999999982,"degrees":[84,390,849,27]},"num_concepts_raised":43403},{"base_id":747,"kind":"top_words","i1":8,"i2":9,"sol":{"path":["/c/en/blastoff","/c/en/shot","/c/fr/médecine","/c/en/intubate"],"weight":0.20261999999999988,"degrees":[25,812,9990,27]},"num_concepts_raised":25748}]]