[[{"base_id":644,"kind":"bot_words","i1":0,"i2":1,"sol":{"path":["/c/en/monopsony","/c/en/monopoly","/c/en/place","/c/en/person","/c/en/satanist"],"weight":0.2039499999999999,"degrees":[32,395,3314,12935,30]},"num_concepts_raised":17458},{"base_id":644,"kind":"bot_words","i1":0,"i2":2,"sol":{"path":["/c/en/monopsony","/c/en/monopoly","/c/en/play","/c/en/running"],"weight":0.21499999999999808,"degrees":[32,395,3092,589]},"num_concepts_raised":94135},{"base_id":644,"kind":"bot_words","i1":0,"i2":3,"sol":{"path":["/c/en/monopsony","/c/en/monopoly","/c/en/property","/c/en/land","/c/en/hinterland"],"weight":0.20571999999999974,"degrees":[32,395,1664,2465,89]},"num_concepts_raised":11633},{"base_id":644,"kind":"bot_words","i1":0,"i2":4,"sol":{"path":["/c/en/monopsony","/c/en/monopoly","/c/en/property","/c/en/legal","/c/en/qadi"],"weight":0.20415999999999984,"degrees":[32,395,1664,6627,52]},"num_concepts_raised":13183},{"base_id":644,"kind":"bot_words","i1":0,"i2":5,"sol":{"path":["/c/en/monopsony","/c/en/product","/c/en/vitaminize","/c/en/vitamin"],"weight":0.22088999999999986,"degrees":[32,1426,24,498]},"num_concepts_raised":36988},{"base_id":644,"kind":"bot_words","i1":0,"i2":6,"sol":{"path":["/c/en/monopsony","/c/en/monopoly","/c/en/cartel","/c/en/enemy","/c/en/parley"],"weight":0.20531999999999978,"degrees":[32,395,147,1023,70]},"num_concepts_raised":9205},{"base_id":644,"kind":"bot_words","i1":0,"i2":7,"sol":{"path":["/c/en/monopsony","/c/en/market","/c/en/town","/c/en/jastrebarsko"],"weight":0.20780999999999983,"degrees":[32,1406,2220,28]},"num_concepts_raised":7322},{"base_id":644,"kind":"bot_words","i1":0,"i2":8,"sol":{"path":["/c/en/monopsony","/c/en/product","/c/en/gas","/c/en/nozzle"],"weight":0.2104699999999997,"degrees":[32,1426,1636,224]},"num_concepts_raised":22488},{"base_id":644,"kind":"bot_words","i1":0,"i2":9,"sol":{"path":["/c/en/monopsony","/c/en/monopoly","/c/en/go","/c/en/china","/c/en/rapini"],"weight":0.20882999999999985,"degrees":[32,395,2637,1318,26]},"num_concepts_raised":6216},{"base_id":644,"kind":"bot_words","i1":1,"i2":2,"sol":{"path":["/c/en/satanist","/c/en/person","/c/en/run","/c/en/running"],"weight":0.21960999999999808,"degrees":[30,12935,2730,589]},"num_concepts_raised":102432},{"base_id":644,"kind":"bot_words","i1":1,"i2":3,"sol":{"path":["/c/en/satanist","/c/en/person","/c/en/land","/c/en/hinterland"],"weight":0.2046099999999998,"degrees":[30,12935,2465,89]},"num_concepts_raised":20549},{"base_id":644,"kind":"bot_words","i1":1,"i2":4,"sol":{"path":["/c/en/satanist","/c/en/person","/c/en/judge","/c/en/qadi"],"weight":0.2032199999999999,"degrees":[30,12935,1643,52]},"num_concepts_raised":21990},{"base_id":644,"kind":"bot_words","i1":1,"i2":5,"sol":{"path":["/c/en/satanist","/c/en/person","/c/en/human","/c/en/vitamin"],"weight":0.2189699999999999,"degrees":[30,12935,2645,498]},"num_concepts_raised":45557},{"base_id":644,"kind":"bot_words","i1":1,"i2":6,"sol":{"path":["/c/en/satanist","/c/en/person","/c/en/enemy","/c/en/parley"],"weight":0.20425999999999983,"degrees":[30,12935,1023,70]},"num_concepts_raised":18125},{"base_id":644,"kind":"bot_words","i1":1,"i2":7,"sol":{"path":["/c/en/satanist","/c/en/satan","/c/en/war","/c/en/town","/c/en/jastrebarsko"],"weight":0.20783999999999986,"degrees":[30,315,1823,2220,28]},"num_concepts_raised":16295},{"base_id":644,"kind":"bot_words","i1":1,"i2":8,"sol":{"path":["/c/en/satanist","/c/en/person","/c/en/nose","/c/en/nozzle"],"weight":0.21266999999999975,"degrees":[30,12935,1561,224]},"num_concepts_raised":31300},{"base_id":644,"kind":"bot_words","i1":1,"i2":9,"sol":{"path":["/c/en/satanist","/c/en/person","/c/en/china","/c/en/rapini"],"weight":0.20777999999999985,"degrees":[30,12935,1318,26]},"num_concepts_raised":15179},{"base_id":644,"kind":"bot_words","i1":2,"i2":3,"sol":{"path":["/c/en/running","/c/en/action","/c/en/land","/c/en/hinterland"],"weight":0.21591999999999797,"degrees":[589,2156,2465,89]},"num_concepts_raised":96726},{"base_id":644,"kind":"bot_words","i1":2,"i2":4,"sol":{"path":["/c/en/running","/c/en/walk","/c/en/legal","/c/en/qadi"],"weight":0.21659999999999807,"degrees":[589,2020,6627,52]},"num_concepts_raised":98479},{"base_id":644,"kind":"bot_words","i1":2,"i2":5,"sol":{"path":["/c/en/running","/c/en/medicine","/c/en/vitamin"],"weight":0.20800000000000002,"degrees":[589,11938,498]},"num_concepts_raised":887},{"base_id":644,"kind":"bot_words","i1":2,"i2":6,"sol":{"path":["/c/en/running","/c/en/injury","/c/en/enemy","/c/en/parley"],"weight":0.215239999999998,"degrees":[589,924,1023,70]},"num_concepts_raised":94715},{"base_id":644,"kind":"bot_words","i1":2,"i2":7,"sol":{"path":["/c/en/running","/c/en/pace","/c/en/town","/c/en/jastrebarsko"],"weight":0.21879999999999805,"degrees":[589,534,2220,28]},"num_concepts_raised":93179},{"base_id":644,"kind":"bot_words","i1":2,"i2":8,"sol":{"path":["/c/en/running","/c/en/nose","/c/en/nozzle"],"weight":0.20700000000000002,"degrees":[589,1561,224]},"num_concepts_raised":712},{"base_id":644,"kind":"bot_words","i1":2,"i2":9,"sol":{"path":["/c/en/running","/c/en/river","/c/en/china","/c/en/rapini"],"weight":0.21873999999999807,"degrees":[589,2945,1318,26]},"num_concepts_raised":92059},{"base_id":644,"kind":"bot_words","i1":3,"i2":4,"sol":{"path":["/c/en/hinterland","/c/en/port","/c/en/legal","/c/en/qadi"],"weight":0.20372999999999974,"degrees":[89,979,6627,52]},"num_concepts_raised":16275},{"base_id":644,"kind":"bot_words","i1":3,"i2":5,"sol":{"path":["/c/en/hinterland","/c/en/land","/c/en/bay","/c/en/pill","/c/en/vitamin"],"weight":0.22272999999999976,"degrees":[89,2465,841,549,498]},"num_concepts_raised":40105},{"base_id":644,"kind":"bot_words","i1":3,"i2":6,"sol":{"path":["/c/en/hinterland","/c/en/land","/c/en/nation","/c/en/enemy","/c/en/parley"],"weight":0.20601999999999965,"degrees":[89,2465,1106,1023,70]},"num_concepts_raised":12335},{"base_id":644,"kind":"bot_words","i1":3,"i2":7,"sol":{"path":["/c/en/hinterland","/c/en/rural","/c/en/town","/c/en/jastrebarsko"],"weight":0.20847999999999972,"degrees":[89,494,2220,28]},"num_concepts_raised":10334},{"base_id":644,"kind":"bot_words","i1":3,"i2":8,"sol":{"path":["/c/en/hinterland","/c/en/sticks","/c/en/nose","/c/en/nozzle"],"weight":0.2142899999999996,"degrees":[89,79,1561,224]},"num_concepts_raised":25468},{"base_id":644,"kind":"bot_words","i1":3,"i2":9,"sol":{"path":["/c/en/hinterland","/c/en/guigang","/c/en/china","/c/en/rapini"],"weight":0.2083799999999997,"degrees":[89,44,1318,26]},"num_concepts_raised":9311},{"base_id":644,"kind":"bot_words","i1":4,"i2":5,"sol":{"path":["/c/en/qadi","/c/en/judge","/c/en/form","/c/en/pill","/c/en/vitamin"],"weight":0.22128999999999988,"degrees":[52,1643,2423,549,498]},"num_concepts_raised":41647},{"base_id":644,"kind":"bot_words","i1":4,"i2":6,"sol":{"path":["/c/en/qadi","/c/en/legal","/c/en/imparl","/c/en/parley"],"weight":0.20345999999999978,"degrees":[52,6627,14,70]},"num_concepts_raised":13836},{"base_id":644,"kind":"bot_words","i1":4,"i2":7,"sol":{"path":["/c/en/qadi","/c/en/legal","/c/en/town","/c/en/jastrebarsko"],"weight":0.20799999999999982,"degrees":[52,6627,2220,28]},"num_concepts_raised":12023},{"base_id":644,"kind":"bot_words","i1":4,"i2":8,"sol":{"path":["/c/en/qadi","/c/en/judge","/c/en/form","/c/en/nozzle"],"weight":0.21065999999999974,"degrees":[52,1643,2423,224]},"num_concepts_raised":27154},{"base_id":644,"kind":"bot_words","i1":4,"i2":9,"sol":{"path":["/c/en/qadi","/c/en/judge","/c/en/person","/c/en/china","/c/en/rapini"],"weight":0.20812999999999982,"degrees":[52,1643,12935,1318,26]},"num_concepts_raised":10910},{"base_id":644,"kind":"bot_words","i1":5,"i2":6,"sol":{"path":["/c/en/vitamin","/c/en/a","/c/en/treat","/c/en/parley"],"weight":0.21940999999999977,"degrees":[498,1436,833,70]},"num_concepts_raised":37658},{"base_id":644,"kind":"bot_words","i1":5,"i2":7,"sol":{"path":["/c/en/vitamin","/c/en/pill","/c/en/peel","/c/en/town","/c/en/jastrebarsko"],"weight":0.22590999999999983,"degrees":[498,549,563,2220,28]},"num_concepts_raised":35856},{"base_id":644,"kind":"bot_words","i1":5,"i2":8,"sol":{"path":["/c/en/vitamin","/c/en/human","/c/en/nose","/c/en/nozzle"],"weight":0.22869999999999974,"degrees":[498,2645,1561,224]},"num_concepts_raised":50640},{"base_id":644,"kind":"bot_words","i1":5,"i2":9,"sol":{"path":["/c/en/vitamin","/c/en/human","/c/en/china","/c/en/rapini"],"weight":0.22382999999999983,"degrees":[498,2645,1318,26]},"num_concepts_raised":34711},{"base_id":644,"kind":"bot_words","i1":6,"i2":7,"sol":{"path":["/c/en/parley","/c/en/enemy","/c/en/people","/c/en/town","/c/en/jastrebarsko"],"weight":0.20920999999999973,"degrees":[70,1023,4475,2220,28]},"num_concepts_raised":8026},{"base_id":644,"kind":"bot_words","i1":6,"i2":8,"sol":{"path":["/c/en/parley","/c/en/enemy","/c/en/pipe","/c/en/nozzle"],"weight":0.21200999999999964,"degrees":[70,1023,1039,224]},"num_concepts_raised":23192},{"base_id":644,"kind":"bot_words","i1":6,"i2":9,"sol":{"path":["/c/en/parley","/c/en/enemy","/c/en/people","/c/en/china","/c/en/rapini"],"weight":0.20920999999999976,"degrees":[70,1023,4475,1318,26]},"num_concepts_raised":6910},{"base_id":644,"kind":"bot_words","i1":7,"i2":8,"sol":{"path":["/c/en/jastrebarsko","/c/en/town","/c/en/garage","/c/en/hose","/c/en/nozzle"],"weight":0.2194099999999997,"degrees":[28,2220,563,400,224]},"num_concepts_raised":21353},{"base_id":644,"kind":"bot_words","i1":7,"i2":9,"sol":{"path":["/c/en/jastrebarsko","/c/en/town","/c/en/china","/c/en/rapini"],"weight":0.21269999999999978,"degrees":[28,2220,1318,26]},"num_concepts_raised":5006},{"base_id":644,"kind":"bot_words","i1":8,"i2":9,"sol":{"path":["/c/en/nozzle","/c/en/hollow","/c/la/cyma","/c/en/rapini"],"weight":0.21526999999999968,"degrees":[224,863,51,26]},"num_concepts_raised":20255}],[{"base_id":644,"kind":"top_words","i1":0,"i2":1,"sol":{"path":["/c/en/enzymology","/c/en/biology","/c/en/division","/c/en/district"],"weight":0.22234999999999744,"degrees":[40,6216,1509,1065]},"num_concepts_raised":73429},{"base_id":644,"kind":"top_words","i1":0,"i2":2,"sol":{"path":["/c/en/enzymology","/c/en/biology","/c/en/person","/c/en/illiterate","/c/en/unversed"],"weight":0.2032199999999999,"degrees":[40,6216,12935,236,40]},"num_concepts_raised":13785},{"base_id":644,"kind":"top_words","i1":0,"i2":3,"sol":{"path":["/c/en/enzymology","/c/en/biology","/c/en/motor","/c/en/motorcycle","/c/en/minibike"],"weight":0.20321999999999996,"degrees":[40,6216,631,622,32]},"num_concepts_raised":12287},{"base_id":644,"kind":"top_words","i1":0,"i2":4,"sol":{"path":["/c/en/enzymology","/c/en/enzyme","/c/en/primer","/c/en/tree","/c/en/bottlebrush"],"weight":0.2040099999999999,"degrees":[40,2499,289,3598,33]},"num_concepts_raised":25924},{"base_id":644,"kind":"top_words","i1":0,"i2":5,"sol":{"path":["/c/en/enzymology","/c/en/logy","/c/en/pathology","/c/en/meningoencephalitis"],"weight":0.20289999999999997,"degrees":[40,543,5554,27]},"num_concepts_raised":18747},{"base_id":644,"kind":"top_words","i1":0,"i2":6,"sol":{"path":["/c/en/enzymology","/c/en/biology","/c/en/key","/c/en/jack","/c/en/applejack"],"weight":0.20281999999999994,"degrees":[40,6216,1529,754,23]},"num_concepts_raised":14605},{"base_id":644,"kind":"top_words","i1":0,"i2":7,"sol":{"path":["/c/en/enzymology","/c/en/enzyme","/c/en/substrate","/c/en/language","/c/en/inuinnaqtun"],"weight":0.21106999999999998,"degrees":[40,2499,174,4160,24]},"num_concepts_raised":17298},{"base_id":644,"kind":"top_words","i1":0,"i2":8,"sol":{"path":["/c/en/enzymology","/c/en/enzyme","/c/en/activator","/c/en/mineral","/c/en/jarosite"],"weight":0.21119999999999992,"degrees":[40,2499,72,8530,39]},"num_concepts_raised":21304},{"base_id":644,"kind":"top_words","i1":0,"i2":9,"sol":{"path":["/c/en/enzymology","/c/en/enzyme","/c/en/streptokinase","/c/en/medicine","/c/en/polydipsia"],"weight":0.20931999999999995,"degrees":[40,2499,43,11938,52]},"num_concepts_raised":28522},{"base_id":644,"kind":"top_words","i1":1,"i2":2,"sol":{"path":["/c/en/district","/c/en/part","/c/en/verse","/c/en/unversed"],"weight":0.2202899999999973,"degrees":[1065,2528,712,40]},"num_concepts_raised":64661},{"base_id":644,"kind":"top_words","i1":1,"i2":3,"sol":{"path":["/c/en/district","/c/en/region","/c/en/transport","/c/en/bike","/c/en/minibike"],"weight":0.22595999999999727,"degrees":[1065,1382,1411,246,32]},"num_concepts_raised":63320},{"base_id":644,"kind":"top_words","i1":1,"i2":4,"sol":{"path":["/c/en/district","/c/en/state","/c/en/clean","/c/en/bottlebrush"],"weight":0.22261999999999732,"degrees":[1065,3243,1667,33]},"num_concepts_raised":75639},{"base_id":644,"kind":"top_words","i1":1,"i2":5,"sol":{"path":["/c/en/district","/c/en/region","/c/en/body","/c/en/brain","/c/en/meningoencephalitis"],"weight":0.22604999999999728,"degrees":[1065,1382,3170,1613,27]},"num_concepts_raised":69803},{"base_id":644,"kind":"top_words","i1":1,"i2":6,"sol":{"path":["/c/en/district","/c/en/quarter","/c/en/jack","/c/en/applejack"],"weight":0.22016999999999734,"degrees":[1065,871,754,23]},"num_concepts_raised":65551},{"base_id":644,"kind":"top_words","i1":1,"i2":7,"sol":{"path":["/c/en/district","/c/en/country","/c/en/language","/c/en/inuinnaqtun"],"weight":0.22798999999999736,"degrees":[1065,2796,4160,24]},"num_concepts_raised":67356},{"base_id":644,"kind":"top_words","i1":1,"i2":8,"sol":{"path":["/c/en/district","/c/en/board","/c/en/iron","/c/en/jarosite"],"weight":0.2249399999999973,"degrees":[1065,1625,2867,39]},"num_concepts_raised":72265},{"base_id":644,"kind":"top_words","i1":1,"i2":9,"sol":{"path":["/c/en/district","/c/en/tangible_thing","/c/en/medicine","/c/en/polydipsia"],"weight":0.22548999999999736,"degrees":[1065,1925,11938,52]},"num_concepts_raised":79332},{"base_id":644,"kind":"top_words","i1":2,"i2":3,"sol":{"path":["/c/en/unversed","/c/en/ignorant","/c/en/slang","/c/en/bike","/c/en/minibike"],"weight":0.20301999999999978,"degrees":[40,418,16318,246,32]},"num_concepts_raised":3338},{"base_id":644,"kind":"top_words","i1":2,"i2":4,"sol":{"path":["/c/en/unversed","/c/en/uneducated","/c/en/people","/c/en/thin","/c/en/bottlebrush"],"weight":0.20386999999999977,"degrees":[40,147,4475,1295,33]},"num_concepts_raised":17067},{"base_id":644,"kind":"top_words","i1":2,"i2":5,"sol":{"path":["/c/en/unversed","/c/en/illiterate","/c/en/person","/c/en/brain","/c/en/meningoencephalitis"],"weight":0.2030399999999998,"degrees":[40,236,12935,1613,27]},"num_concepts_raised":9882},{"base_id":644,"kind":"top_words","i1":2,"i2":6,"sol":{"path":["/c/en/unversed","/c/en/ignorant","/c/en/slang","/c/en/jack","/c/en/applejack"],"weight":0.2029499999999998,"degrees":[40,418,16318,754,23]},"num_concepts_raised":5651},{"base_id":644,"kind":"top_words","i1":2,"i2":7,"sol":{"path":["/c/en/unversed","/c/en/illiterate","/c/en/language","/c/en/inuinnaqtun"],"weight":0.21010999999999982,"degrees":[40,236,4160,24]},"num_concepts_raised":8370},{"base_id":644,"kind":"top_words","i1":2,"i2":8,"sol":{"path":["/c/en/unversed","/c/en/uneducated","/c/en/kitchen","/c/en/iron","/c/en/jarosite"],"weight":0.20902999999999977,"degrees":[40,147,895,2867,39]},"num_concepts_raised":12462},{"base_id":644,"kind":"top_words","i1":2,"i2":9,"sol":{"path":["/c/en/unversed","/c/en/ignorant","/c/en/empiricism","/c/en/medicine","/c/en/polydipsia"],"weight":0.2083799999999998,"degrees":[40,418,155,11938,52]},"num_concepts_raised":19875},{"base_id":644,"kind":"top_words","i1":3,"i2":4,"sol":{"path":["/c/en/minibike","/c/en/motorcycle","/c/en/saddle","/c/en/tree","/c/en/bottlebrush"],"weight":0.2029999999999998,"degrees":[32,622,659,3598,33]},"num_concepts_raised":15578},{"base_id":644,"kind":"top_words","i1":3,"i2":5,"sol":{"path":["/c/en/minibike","/c/en/bike","/c/en/slang","/c/en/brain","/c/en/meningoencephalitis"],"weight":0.20273999999999986,"degrees":[32,246,16318,1613,27]},"num_concepts_raised":8378},{"base_id":644,"kind":"top_words","i1":3,"i2":6,"sol":{"path":["/c/en/minibike","/c/en/motorcycle","/c/en/sidecar","/c/en/brandy","/c/en/applejack"],"weight":0.20286999999999983,"degrees":[32,622,78,366,23]},"num_concepts_raised":4139},{"base_id":644,"kind":"top_words","i1":3,"i2":7,"sol":{"path":["/c/en/minibike","/c/en/bike","/c/en/slang","/c/en/language","/c/en/inuinnaqtun"],"weight":0.20982999999999985,"degrees":[32,246,16318,4160,24]},"num_concepts_raised":6883},{"base_id":644,"kind":"top_words","i1":3,"i2":8,"sol":{"path":["/c/en/minibike","/c/en/motorcycle","/c/en/two","/c/en/oxygen","/c/en/jarosite"],"weight":0.2080799999999998,"degrees":[32,622,1673,3487,39]},"num_concepts_raised":10961},{"base_id":644,"kind":"top_words","i1":3,"i2":9,"sol":{"path":["/c/en/minibike","/c/en/motorcycle","/c/en/two","/c/en/bird","/c/en/polydipsia"],"weight":0.20825999999999986,"degrees":[32,622,1673,4970,52]},"num_concepts_raised":18384},{"base_id":644,"kind":"top_words","i1":4,"i2":5,"sol":{"path":["/c/en/bottlebrush","/c/en/flower","/c/en/head","/c/en/brain","/c/en/meningoencephalitis"],"weight":0.20280999999999982,"degrees":[33,2500,3580,1613,27]},"num_concepts_raised":22099},{"base_id":644,"kind":"top_words","i1":4,"i2":6,"sol":{"path":["/c/en/bottlebrush","/c/en/shrub","/c/en/brandy","/c/en/applejack"],"weight":0.20268999999999981,"degrees":[33,1130,366,23]},"num_concepts_raised":17845},{"base_id":644,"kind":"top_words","i1":4,"i2":7,"sol":{"path":["/c/en/bottlebrush","/c/en/brush","/c/en/slang","/c/en/language","/c/en/inuinnaqtun"],"weight":0.20988999999999985,"degrees":[33,1101,16318,4160,24]},"num_concepts_raised":20498},{"base_id":644,"kind":"top_words","i1":4,"i2":8,"sol":{"path":["/c/en/bottlebrush","/c/en/stalactite","/c/en/mineral","/c/en/jarosite"],"weight":0.20995999999999976,"degrees":[33,157,8530,39]},"num_concepts_raised":24589},{"base_id":644,"kind":"top_words","i1":4,"i2":9,"sol":{"path":["/c/en/bottlebrush","/c/en/tree","/c/en/bird","/c/en/polydipsia"],"weight":0.20809999999999984,"degrees":[33,3598,4970,52]},"num_concepts_raised":31880},{"base_id":644,"kind":"top_words","i1":5,"i2":6,"sol":{"path":["/c/en/meningoencephalitis","/c/en/brain","/c/en/slang","/c/en/jack","/c/en/applejack"],"weight":0.20266999999999985,"degrees":[27,1613,16318,754,23]},"num_concepts_raised":10693},{"base_id":644,"kind":"top_words","i1":5,"i2":7,"sol":{"path":["/c/en/meningoencephalitis","/c/en/brain","/c/en/slang","/c/en/language","/c/en/inuinnaqtun"],"weight":0.20984999999999987,"degrees":[27,1613,16318,4160,24]},"num_concepts_raised":13425},{"base_id":644,"kind":"top_words","i1":5,"i2":8,"sol":{"path":["/c/en/meningoencephalitis","/c/en/brain","/c/en/animal","/c/en/mineral","/c/en/jarosite"],"weight":0.2099999999999998,"degrees":[27,1613,3735,8530,39]},"num_concepts_raised":17486},{"base_id":644,"kind":"top_words","i1":5,"i2":9,"sol":{"path":["/c/en/meningoencephalitis","/c/en/pathology","/c/en/medicine","/c/en/polydipsia"],"weight":0.20806999999999987,"degrees":[27,5554,11938,52]},"num_concepts_raised":24602},{"base_id":644,"kind":"top_words","i1":6,"i2":7,"sol":{"path":["/c/en/applejack","/c/en/jack","/c/en/dialect","/c/en/inuinnaqtun"],"weight":0.20766999999999985,"degrees":[23,754,2378,24]},"num_concepts_raised":9194},{"base_id":644,"kind":"top_words","i1":6,"i2":8,"sol":{"path":["/c/en/applejack","/c/en/calvados","/c/en/glass","/c/en/mineral","/c/en/jarosite"],"weight":0.2098899999999998,"degrees":[23,94,1851,8530,39]},"num_concepts_raised":13271},{"base_id":644,"kind":"top_words","i1":6,"i2":9,"sol":{"path":["/c/en/applejack","/c/en/brandy","/c/en/drink","/c/en/medicine","/c/en/polydipsia"],"weight":0.20803999999999984,"degrees":[23,366,2548,11938,52]},"num_concepts_raised":20693},{"base_id":644,"kind":"top_words","i1":7,"i2":8,"sol":{"path":["/c/en/inuinnaqtun","/c/en/language","/c/en/kassite","/c/en/mineral","/c/en/jarosite"],"weight":0.21708999999999984,"degrees":[24,4160,27,8530,39]},"num_concepts_raised":16003},{"base_id":644,"kind":"top_words","i1":7,"i2":9,"sol":{"path":["/c/en/inuinnaqtun","/c/en/language","/c/en/word","/c/en/bird","/c/en/polydipsia"],"weight":0.21518999999999988,"degrees":[24,4160,2436,4970,52]},"num_concepts_raised":23393},{"base_id":644,"kind":"top_words","i1":8,"i2":9,"sol":{"path":["/c/en/jarosite","/c/en/oxygen","/c/en/medicine","/c/en/polydipsia"],"weight":0.2132199999999998,"degrees":[39,3487,11938,52]},"num_concepts_raised":27399}]]