[[{"base_id":258,"kind":"bot_words","i1":0,"i2":1,"sol":{"path":["/c/en/criminal","/c/en/bomber","/c/en/buff"],"weight":0.202,"degrees":[971,305,272]},"num_concepts_raised":1072},{"base_id":258,"kind":"bot_words","i1":0,"i2":2,"sol":{"path":["/c/en/criminal","/c/en/law","/c/en/consensual","/c/en/consenting"],"weight":0.21508999999999745,"degrees":[971,3727,60,37]},"num_concepts_raised":57762},{"base_id":258,"kind":"bot_words","i1":0,"i2":3,"sol":{"path":["/c/en/criminal","/c/en/government","/c/en/linguistics","/c/en/sociolinguistics"],"weight":0.22238999999999742,"degrees":[971,2046,4250,152]},"num_concepts_raised":66488},{"base_id":258,"kind":"bot_words","i1":0,"i2":4,"sol":{"path":["/c/en/criminal","/c/en/crime","/c/en/film","/c/en/tuxedo"],"weight":0.22389999999999743,"degrees":[971,1155,2504,132]},"num_concepts_raised":66851},{"base_id":258,"kind":"bot_words","i1":0,"i2":5,"sol":{"path":["/c/en/criminal","/c/en/person","/c/en/important","/c/en/importance"],"weight":0.2234099999999965,"degrees":[971,12935,912,520]},"num_concepts_raised":88218},{"base_id":258,"kind":"bot_words","i1":0,"i2":6,"sol":{"path":["/c/en/criminal","/c/en/law","/c/en/c","/c/en/ecmascript"],"weight":0.2191999999999974,"degrees":[971,3727,511,42]},"num_concepts_raised":59165},{"base_id":258,"kind":"bot_words","i1":0,"i2":7,"sol":{"path":["/c/en/criminal","/c/en/policeman","/c/en/chemistry","/c/en/telluric"],"weight":0.21359999999999751,"degrees":[971,501,11754,45]},"num_concepts_raised":69087},{"base_id":258,"kind":"bot_words","i1":0,"i2":8,"sol":{"path":["/c/en/criminal","/c/en/outlaw","/c/en/slang","/c/en/fried"],"weight":0.21737999999999708,"degrees":[971,241,16318,202]},"num_concepts_raised":83261},{"base_id":258,"kind":"bot_words","i1":0,"i2":9,"sol":{"path":["/c/en/criminal","/c/en/government","/c/en/town","/c/en/zwettl"],"weight":0.2183799999999974,"degrees":[971,2046,2220,31]},"num_concepts_raised":59336},{"base_id":258,"kind":"bot_words","i1":1,"i2":2,"sol":{"path":["/c/en/buff","/c/fr/enthousiaste","/c/en/willing","/c/en/consenting"],"weight":0.20652999999999927,"degrees":[272,95,268,37]},"num_concepts_raised":63792},{"base_id":258,"kind":"bot_words","i1":1,"i2":3,"sol":{"path":["/c/en/buff","/c/en/slang","/c/en/sociolect","/c/en/sociolinguistics"],"weight":0.21559999999999924,"degrees":[272,16318,88,152]},"num_concepts_raised":72623},{"base_id":258,"kind":"bot_words","i1":1,"i2":4,"sol":{"path":["/c/en/buff","/c/en/us","/c/en/dinner_jacket","/c/en/tuxedo"],"weight":0.21434999999999926,"degrees":[272,8154,66,132]},"num_concepts_raised":72689},{"base_id":258,"kind":"bot_words","i1":1,"i2":5,"sol":{"path":["/c/en/buff","/c/fr/personnage","/c/fr/importance","/c/en/importance"],"weight":0.2149999999999983,"degrees":[272,500,336,520]},"num_concepts_raised":94836},{"base_id":258,"kind":"bot_words","i1":1,"i2":6,"sol":{"path":["/c/en/buff","/c/en/slang","/c/en/c","/c/en/ecmascript"],"weight":0.21196999999999921,"degrees":[272,16318,511,42]},"num_concepts_raised":65184},{"base_id":258,"kind":"bot_words","i1":1,"i2":7,"sol":{"path":["/c/en/buff","/c/en/buffer","/c/en/chemistry","/c/en/telluric"],"weight":0.20690999999999932,"degrees":[272,271,11754,45]},"num_concepts_raised":74934},{"base_id":258,"kind":"bot_words","i1":1,"i2":8,"sol":{"path":["/c/en/buff","/c/en/slang","/c/en/fried"],"weight":0.203,"degrees":[272,16318,202]},"num_concepts_raised":412},{"base_id":258,"kind":"bot_words","i1":1,"i2":9,"sol":{"path":["/c/en/buff","/c/en/buffet","/c/en/a","/c/en/austria","/c/en/zwettl"],"weight":0.21252999999999922,"degrees":[272,303,1436,603,31]},"num_concepts_raised":65349},{"base_id":258,"kind":"bot_words","i1":2,"i2":3,"sol":{"path":["/c/en/consenting","/c/en/consent","/c/en/agreement","/c/en/linguistics","/c/en/sociolinguistics"],"weight":0.21402999999999986,"degrees":[37,448,1282,4250,152]},"num_concepts_raised":10649},{"base_id":258,"kind":"bot_words","i1":2,"i2":4,"sol":{"path":["/c/en/consenting","/c/en/consent","/c/en/permission","/c/en/formal","/c/en/tuxedo"],"weight":0.21144999999999992,"degrees":[37,448,463,2270,132]},"num_concepts_raised":11267},{"base_id":258,"kind":"bot_words","i1":2,"i2":5,"sol":{"path":["/c/en/consenting","/c/en/consent","/c/en/accept","/c/en/value","/c/en/importance"],"weight":0.2121599999999989,"degrees":[37,448,1123,1699,520]},"num_concepts_raised":34951},{"base_id":258,"kind":"bot_words","i1":2,"i2":6,"sol":{"path":["/c/en/consenting","/c/en/willing","/c/en/able","/c/en/programming_language","/c/en/ecmascript"],"weight":0.20918999999999982,"degrees":[37,268,691,560,42]},"num_concepts_raised":2954},{"base_id":258,"kind":"bot_words","i1":2,"i2":7,"sol":{"path":["/c/en/consenting","/c/en/consent","/c/en/medicine","/c/en/tellurism","/c/en/telluric"],"weight":0.20527999999999996,"degrees":[37,448,11938,13,45]},"num_concepts_raised":12940},{"base_id":258,"kind":"bot_words","i1":2,"i2":8,"sol":{"path":["/c/en/consenting","/c/hy/հավան","/c/en/dialectal","/c/en/fry","/c/en/fried"],"weight":0.2070399999999995,"degrees":[37,7,4127,772,202]},"num_concepts_raised":28760},{"base_id":258,"kind":"bot_words","i1":2,"i2":9,"sol":{"path":["/c/en/consenting","/c/en/consensual","/c/en/legal","/c/en/town","/c/en/zwettl"],"weight":0.20886999999999983,"degrees":[37,60,6627,2220,31]},"num_concepts_raised":3112},{"base_id":258,"kind":"bot_words","i1":3,"i2":4,"sol":{"path":["/c/en/sociolinguistics","/c/en/t_v_distinction","/c/en/formal","/c/en/tuxedo"],"weight":0.21597999999999987,"degrees":[152,9,2270,132]},"num_concepts_raised":20371},{"base_id":258,"kind":"bot_words","i1":3,"i2":5,"sol":{"path":["/c/en/sociolinguistics","/c/en/linguistics","/c/en/salience","/c/en/importance"],"weight":0.21751999999999888,"degrees":[152,4250,58,520]},"num_concepts_raised":43602},{"base_id":258,"kind":"bot_words","i1":3,"i2":6,"sol":{"path":["/c/en/sociolinguistics","/c/en/language","/c/en/programming_language","/c/en/ecmascript"],"weight":0.2150499999999998,"degrees":[152,4160,560,42]},"num_concepts_raised":12106},{"base_id":258,"kind":"bot_words","i1":3,"i2":7,"sol":{"path":["/c/en/sociolinguistics","/c/en/linguistics","/c/en/valency","/c/en/telluric"],"weight":0.2121499999999999,"degrees":[152,4250,70,45]},"num_concepts_raised":22078},{"base_id":258,"kind":"bot_words","i1":3,"i2":8,"sol":{"path":["/c/en/sociolinguistics","/c/en/sociolect","/c/en/slang","/c/en/fried"],"weight":0.21366999999999947,"degrees":[152,88,16318,202]},"num_concepts_raised":37774},{"base_id":258,"kind":"bot_words","i1":3,"i2":9,"sol":{"path":["/c/en/sociolinguistics","/c/en/linguistics","/c/en/dialect","/c/en/town","/c/en/zwettl"],"weight":0.21697999999999978,"degrees":[152,4250,2378,2220,31]},"num_concepts_raised":12289},{"base_id":258,"kind":"bot_words","i1":4,"i2":5,"sol":{"path":["/c/en/tuxedo","/c/en/jacket","/c/en/lesser","/c/en/importance"],"weight":0.21488999999999892,"degrees":[132,686,124,520]},"num_concepts_raised":44299},{"base_id":258,"kind":"bot_words","i1":4,"i2":6,"sol":{"path":["/c/en/tuxedo","/c/en/clothing","/c/en/c","/c/en/ecmascript"],"weight":0.2144499999999998,"degrees":[132,1590,511,42]},"num_concepts_raised":12759},{"base_id":258,"kind":"bot_words","i1":4,"i2":7,"sol":{"path":["/c/en/tuxedo","/c/en/jacket","/c/en/weather","/c/en/earthly","/c/en/telluric"],"weight":0.21064999999999995,"degrees":[132,686,1740,159,45]},"num_concepts_raised":22734},{"base_id":258,"kind":"bot_words","i1":4,"i2":8,"sol":{"path":["/c/en/tuxedo","/c/en/jacket","/c/en/slang","/c/en/fried"],"weight":0.21128999999999953,"degrees":[132,686,16318,202]},"num_concepts_raised":38206},{"base_id":258,"kind":"bot_words","i1":4,"i2":9,"sol":{"path":["/c/en/tuxedo","/c/en/clothing","/c/en/gown","/c/en/town","/c/en/zwettl"],"weight":0.21423999999999982,"degrees":[132,1590,263,2220,31]},"num_concepts_raised":12918},{"base_id":258,"kind":"bot_words","i1":5,"i2":6,"sol":{"path":["/c/en/importance","/c/en/feature","/c/en/javascript","/c/en/ecmascript"],"weight":0.21570999999999882,"degrees":[520,763,135,42]},"num_concepts_raised":36364},{"base_id":258,"kind":"bot_words","i1":5,"i2":7,"sol":{"path":["/c/en/importance","/c/fr/importance","/c/vi/bạc","/c/en/chemistry","/c/en/telluric"],"weight":0.21172999999999897,"degrees":[520,336,41,11754,45]},"num_concepts_raised":46263},{"base_id":258,"kind":"bot_words","i1":5,"i2":8,"sol":{"path":["/c/en/importance","/c/en/small_fry","/c/en/fry","/c/en/fried"],"weight":0.21258999999999853,"degrees":[520,39,772,202]},"num_concepts_raised":61242},{"base_id":258,"kind":"bot_words","i1":5,"i2":9,"sol":{"path":["/c/en/importance","/c/en/main","/c/en/town","/c/en/zwettl"],"weight":0.21352999999999886,"degrees":[520,838,2220,31]},"num_concepts_raised":36531},{"base_id":258,"kind":"bot_words","i1":6,"i2":7,"sol":{"path":["/c/en/ecmascript","/c/en/javascript","/c/en/react","/c/en/chemistry","/c/en/telluric"],"weight":0.21046999999999982,"degrees":[42,135,305,11754,45]},"num_concepts_raised":14449},{"base_id":258,"kind":"bot_words","i1":6,"i2":8,"sol":{"path":["/c/en/ecmascript","/c/en/programming_language","/c/en/chicken","/c/en/fried"],"weight":0.2102699999999994,"degrees":[42,560,1689,202]},"num_concepts_raised":30217},{"base_id":258,"kind":"bot_words","i1":6,"i2":9,"sol":{"path":["/c/en/ecmascript","/c/en/programming_language","/c/en/dialect","/c/en/town","/c/en/zwettl"],"weight":0.21307999999999974,"degrees":[42,560,2378,2220,31]},"num_concepts_raised":4624},{"base_id":258,"kind":"bot_words","i1":7,"i2":8,"sol":{"path":["/c/en/telluric","/c/en/earthly","/c/en/uk","/c/en/fry","/c/en/fried"],"weight":0.20837999999999957,"degrees":[45,159,5562,772,202]},"num_concepts_raised":40143},{"base_id":258,"kind":"bot_words","i1":7,"i2":9,"sol":{"path":["/c/en/telluric","/c/en/earthly","/c/en/uk","/c/en/town","/c/en/zwettl"],"weight":0.20916999999999988,"degrees":[45,159,5562,2220,31]},"num_concepts_raised":14610},{"base_id":258,"kind":"bot_words","i1":8,"i2":9,"sol":{"path":["/c/en/fried","/c/en/fry","/c/en/uk","/c/en/town","/c/en/zwettl"],"weight":0.21196999999999944,"degrees":[202,772,5562,2220,31]},"num_concepts_raised":30374}],[{"base_id":258,"kind":"top_words","i1":0,"i2":1,"sol":{"path":["/c/en/actinomorphic","/c/en/botany","/c/en/test","/c/en/testate"],"weight":0.20295999999999997,"degrees":[28,6881,1443,27]},"num_concepts_raised":38628},{"base_id":258,"kind":"top_words","i1":0,"i2":2,"sol":{"path":["/c/en/actinomorphic","/c/en/biology","/c/en/polyploid"],"weight":0.20400000000000001,"degrees":[28,6216,93]},"num_concepts_raised":99},{"base_id":258,"kind":"top_words","i1":0,"i2":3,"sol":{"path":["/c/en/actinomorphic","/c/en/actinoid","/c/en/group","/c/en/computing","/c/en/bistable"],"weight":0.20372999999999997,"degrees":[28,43,2339,9084,25]},"num_concepts_raised":33249},{"base_id":258,"kind":"top_words","i1":0,"i2":4,"sol":{"path":["/c/en/actinomorphic","/c/en/botany","/c/en/conjugate","/c/en/grammar","/c/en/indeclinable"],"weight":0.20494999999999997,"degrees":[28,6881,224,6397,78]},"num_concepts_raised":30321},{"base_id":258,"kind":"top_words","i1":0,"i2":5,"sol":{"path":["/c/en/actinomorphic","/c/en/actinoid","/c/en/group","/c/en/race","/c/en/nephilim"],"weight":0.20894999999999989,"degrees":[28,43,2339,1372,40]},"num_concepts_raised":23863},{"base_id":258,"kind":"top_words","i1":0,"i2":6,"sol":{"path":["/c/en/actinomorphic","/c/en/botany","/c/en/plant","/c/en/rice","/c/en/onigiri"],"weight":0.20292000000000002,"degrees":[28,6881,7959,1388,24]},"num_concepts_raised":21269},{"base_id":258,"kind":"top_words","i1":0,"i2":7,"sol":{"path":["/c/en/actinomorphic","/c/en/biology","/c/en/form","/c/en/indexical"],"weight":0.20282999999999998,"degrees":[28,6216,2423,29]},"num_concepts_raised":28916},{"base_id":258,"kind":"top_words","i1":0,"i2":8,"sol":{"path":["/c/en/actinomorphic","/c/en/botany","/c/en/double","/c/en/tripe","/c/en/chitterlings"],"weight":0.20422999999999997,"degrees":[28,6881,1095,134,45]},"num_concepts_raised":24369},{"base_id":258,"kind":"top_words","i1":0,"i2":9,"sol":{"path":["/c/en/actinomorphic","/c/en/actinoid","/c/en/group","/c/en/ethnic_group","/c/en/tuvans"],"weight":0.20891999999999983,"degrees":[28,43,2339,622,46]},"num_concepts_raised":20912},{"base_id":258,"kind":"top_words","i1":1,"i2":2,"sol":{"path":["/c/en/testate","/c/en/zoology","/c/en/biology","/c/en/polyploid"],"weight":0.20852999999999974,"degrees":[27,8127,6216,93]},"num_concepts_raised":30266},{"base_id":258,"kind":"top_words","i1":1,"i2":3,"sol":{"path":["/c/en/testate","/c/en/law","/c/en/state","/c/en/bistable"],"weight":0.20280999999999996,"degrees":[27,3727,3243,25]},"num_concepts_raised":32005},{"base_id":258,"kind":"top_words","i1":1,"i2":4,"sol":{"path":["/c/en/testate","/c/en/legal","/c/en/in","/c/en/indeclinable"],"weight":0.20454999999999995,"degrees":[27,6627,1742,78]},"num_concepts_raised":29200},{"base_id":258,"kind":"top_words","i1":1,"i2":5,"sol":{"path":["/c/en/testate","/c/en/testament","/c/en/old_testament","/c/en/nephilim"],"weight":0.20904999999999987,"degrees":[27,167,407,40]},"num_concepts_raised":22760},{"base_id":258,"kind":"top_words","i1":1,"i2":6,"sol":{"path":["/c/en/testate","/c/en/legal","/c/en/close","/c/ja/お握り","/c/en/onigiri"],"weight":0.20484999999999998,"degrees":[27,6627,2153,18,24]},"num_concepts_raised":20210},{"base_id":258,"kind":"top_words","i1":1,"i2":7,"sol":{"path":["/c/en/testate","/c/en/legal","/c/la/indico","/c/en/index","/c/en/indexical"],"weight":0.20604999999999996,"degrees":[27,6627,343,619,29]},"num_concepts_raised":27814},{"base_id":258,"kind":"top_words","i1":1,"i2":8,"sol":{"path":["/c/en/testate","/c/en/test","/c/en/small","/c/en/chitterlings"],"weight":0.20301999999999992,"degrees":[27,1443,2515,45]},"num_concepts_raised":23267},{"base_id":258,"kind":"top_words","i1":1,"i2":9,"sol":{"path":["/c/en/testate","/c/en/legal","/c/en/basis","/c/en/ethnic_group","/c/en/tuvans"],"weight":0.2090499999999998,"degrees":[27,6627,436,622,46]},"num_concepts_raised":19842},{"base_id":258,"kind":"top_words","i1":2,"i2":3,"sol":{"path":["/c/en/polyploid","/c/en/cell","/c/en/computing","/c/en/bistable"],"weight":0.20855999999999975,"degrees":[93,2433,9084,25]},"num_concepts_raised":24638},{"base_id":258,"kind":"top_words","i1":2,"i2":4,"sol":{"path":["/c/en/polyploid","/c/en/genetics","/c/en/inversion","/c/en/grammar","/c/en/indeclinable"],"weight":0.21280999999999972,"degrees":[93,1987,228,6397,78]},"num_concepts_raised":21787},{"base_id":258,"kind":"top_words","i1":2,"i2":5,"sol":{"path":["/c/en/polyploid","/c/en/cell","/c/en/human","/c/en/nephilim"],"weight":0.21373999999999965,"degrees":[93,2433,2645,40]},"num_concepts_raised":15266},{"base_id":258,"kind":"top_words","i1":2,"i2":6,"sol":{"path":["/c/en/polyploid","/c/en/genetics","/c/en/complement","/c/en/rice","/c/en/onigiri"],"weight":0.21072999999999975,"degrees":[93,1987,379,1388,24]},"num_concepts_raised":12723},{"base_id":258,"kind":"top_words","i1":2,"i2":7,"sol":{"path":["/c/en/polyploid","/c/en/cell","/c/en/form","/c/en/indexical"],"weight":0.20864999999999975,"degrees":[93,2433,2423,29]},"num_concepts_raised":20345},{"base_id":258,"kind":"top_words","i1":2,"i2":8,"sol":{"path":["/c/en/polyploid","/c/en/cell","/c/en/small","/c/en/chitterlings"],"weight":0.20880999999999972,"degrees":[93,2433,2515,45]},"num_concepts_raised":15810},{"base_id":258,"kind":"top_words","i1":2,"i2":9,"sol":{"path":["/c/en/polyploid","/c/en/cell","/c/en/basis","/c/en/ethnic_group","/c/en/tuvans"],"weight":0.2137499999999996,"degrees":[93,2433,436,622,46]},"num_concepts_raised":12356},{"base_id":258,"kind":"top_words","i1":3,"i2":4,"sol":{"path":["/c/en/bistable","/c/en/state","/c/en/case","/c/en/grammar","/c/en/indeclinable"],"weight":0.20477999999999993,"degrees":[25,3243,1773,6397,78]},"num_concepts_raised":23567},{"base_id":258,"kind":"top_words","i1":3,"i2":5,"sol":{"path":["/c/en/bistable","/c/en/computing","/c/en/race","/c/en/nephilim"],"weight":0.20790999999999987,"degrees":[25,9084,1372,40]},"num_concepts_raised":17105},{"base_id":258,"kind":"top_words","i1":3,"i2":6,"sol":{"path":["/c/en/bistable","/c/en/computing","/c/en/rice","/c/en/onigiri"],"weight":0.20267999999999997,"degrees":[25,9084,1388,24]},"num_concepts_raised":14527},{"base_id":258,"kind":"top_words","i1":3,"i2":7,"sol":{"path":["/c/en/bistable","/c/en/computing","/c/en/index","/c/en/indexical"],"weight":0.20487999999999995,"degrees":[25,9084,619,29]},"num_concepts_raised":22034},{"base_id":258,"kind":"top_words","i1":3,"i2":8,"sol":{"path":["/c/en/bistable","/c/en/computing","/c/en/double","/c/en/tripe","/c/en/chitterlings"],"weight":0.20402999999999993,"degrees":[25,9084,1095,134,45]},"num_concepts_raised":17592},{"base_id":258,"kind":"top_words","i1":3,"i2":9,"sol":{"path":["/c/en/bistable","/c/en/state","/c/en/china","/c/en/tuvan_language","/c/en/tuvans"],"weight":0.2079199999999998,"degrees":[25,3243,1318,57,46]},"num_concepts_raised":14174},{"base_id":258,"kind":"top_words","i1":4,"i2":5,"sol":{"path":["/c/en/indeclinable","/c/en/grammar","/c/ar/جنس","/c/en/race","/c/en/nephilim"],"weight":0.20995999999999984,"degrees":[78,6397,74,1372,40]},"num_concepts_raised":14201},{"base_id":258,"kind":"top_words","i1":4,"i2":6,"sol":{"path":["/c/en/indeclinable","/c/en/grammar","/c/ja/連用形","/c/ja/お握り","/c/en/onigiri"],"weight":0.20571999999999996,"degrees":[78,6397,166,18,24]},"num_concepts_raised":11571},{"base_id":258,"kind":"top_words","i1":4,"i2":7,"sol":{"path":["/c/en/indeclinable","/c/en/grammar","/c/en/linguistics","/c/en/indexical"],"weight":0.20600999999999997,"degrees":[78,6397,4250,29]},"num_concepts_raised":19014},{"base_id":258,"kind":"top_words","i1":4,"i2":8,"sol":{"path":["/c/en/indeclinable","/c/en/grammar","/c/en/take","/c/zh/下水","/c/en/chitterlings"],"weight":0.20501999999999992,"degrees":[78,6397,2552,48,45]},"num_concepts_raised":14678},{"base_id":258,"kind":"top_words","i1":4,"i2":9,"sol":{"path":["/c/en/indeclinable","/c/en/grammar","/c/en/language","/c/en/tuvan_language","/c/en/tuvans"],"weight":0.20997999999999978,"degrees":[78,6397,4160,57,46]},"num_concepts_raised":11205},{"base_id":258,"kind":"top_words","i1":5,"i2":6,"sol":{"path":["/c/en/nephilim","/c/en/human","/c/en/japanese","/c/en/rice_ball","/c/en/onigiri"],"weight":0.20890999999999987,"degrees":[40,2645,660,29,24]},"num_concepts_raised":5068},{"base_id":258,"kind":"top_words","i1":5,"i2":7,"sol":{"path":["/c/en/nephilim","/c/en/race","/c/en/show","/c/en/index","/c/en/indexical"],"weight":0.21010999999999985,"degrees":[40,1372,1871,619,29]},"num_concepts_raised":12807},{"base_id":258,"kind":"top_words","i1":5,"i2":8,"sol":{"path":["/c/en/nephilim","/c/en/race","/c/en/animal","/c/zh/下水","/c/en/chitterlings"],"weight":0.20824999999999982,"degrees":[40,1372,3735,48,45]},"num_concepts_raised":8155},{"base_id":258,"kind":"top_words","i1":5,"i2":9,"sol":{"path":["/c/en/nephilim","/c/en/race","/c/en/people","/c/en/ethnic_group","/c/en/tuvans"],"weight":0.21313999999999972,"degrees":[40,1372,4475,622,46]},"num_concepts_raised":4667},{"base_id":258,"kind":"top_words","i1":6,"i2":7,"sol":{"path":["/c/en/onigiri","/c/ja/お握り","/c/en/close","/c/en/linguistics","/c/en/indexical"],"weight":0.20487999999999998,"degrees":[24,18,2153,4250,29]},"num_concepts_raised":10236},{"base_id":258,"kind":"top_words","i1":6,"i2":8,"sol":{"path":["/c/en/onigiri","/c/en/rice","/c/en/small","/c/en/chitterlings"],"weight":0.20293999999999995,"degrees":[24,1388,2515,45]},"num_concepts_raised":5520},{"base_id":258,"kind":"top_words","i1":6,"i2":9,"sol":{"path":["/c/en/onigiri","/c/en/rice","/c/en/china","/c/en/tuvan_language","/c/en/tuvans"],"weight":0.20788999999999982,"degrees":[24,1388,1318,57,46]},"num_concepts_raised":2049},{"base_id":258,"kind":"top_words","i1":7,"i2":8,"sol":{"path":["/c/en/indexical","/c/en/index","/c/en/point","/c/en/small","/c/en/chitterlings"],"weight":0.20516999999999994,"degrees":[29,619,2624,2515,45]},"num_concepts_raised":13332},{"base_id":258,"kind":"top_words","i1":7,"i2":9,"sol":{"path":["/c/en/indexical","/c/en/linguistics","/c/en/language","/c/en/tuvan_language","/c/en/tuvans"],"weight":0.20912999999999982,"degrees":[29,4250,4160,57,46]},"num_concepts_raised":9873},{"base_id":258,"kind":"top_words","i1":8,"i2":9,"sol":{"path":["/c/en/chitterlings","/c/fa/چین","/c/en/china","/c/en/tuvan_language","/c/en/tuvans"],"weight":0.20814999999999978,"degrees":[45,33,1318,57,46]},"num_concepts_raised":5191}]]