[[{"base_id":589,"kind":"bot_words","i1":0,"i2":1,"sol":{"path":["/c/en/background","/c/en/noise","/c/en/yell","/c/en/yelling"],"weight":0.20951999999999907,"degrees":[429,1201,494,58]},"num_concepts_raised":152787},{"base_id":589,"kind":"bot_words","i1":0,"i2":2,"sol":{"path":["/c/en/background","/c/en/setting","/c/de/einstellung","/c/en/hiring"],"weight":0.2073499999999991,"degrees":[429,379,163,43]},"num_concepts_raised":36701},{"base_id":589,"kind":"bot_words","i1":0,"i2":3,"sol":{"path":["/c/en/background","/c/en/beat","/c/en/berry","/c/en/crowberry"],"weight":0.2072199999999992,"degrees":[429,1834,772,40]},"num_concepts_raised":39264},{"base_id":589,"kind":"bot_words","i1":0,"i2":4,"sol":{"path":["/c/en/background","/c/en/noise","/c/en/white","/c/en/toyon"],"weight":0.20811999999999922,"degrees":[429,1201,2081,27]},"num_concepts_raised":41613},{"base_id":589,"kind":"bot_words","i1":0,"i2":5,"sol":{"path":["/c/en/background","/c/en/ground","/c/en/child","/c/en/hamas"],"weight":0.21458999999999917,"degrees":[429,1836,2784,126]},"num_concepts_raised":43224},{"base_id":589,"kind":"bot_words","i1":0,"i2":6,"sol":{"path":["/c/en/background","/c/fi/tausta","/c/en/mount","/c/en/mounting"],"weight":0.21317999999999893,"degrees":[429,36,516,104]},"num_concepts_raised":39235},{"base_id":589,"kind":"bot_words","i1":0,"i2":7,"sol":{"path":["/c/en/background","/c/en/noise","/c/en/city","/c/en/pyay"],"weight":0.21303999999999917,"degrees":[429,1201,3758,24]},"num_concepts_raised":37375},{"base_id":589,"kind":"bot_words","i1":0,"i2":8,"sol":{"path":["/c/en/background","/c/fr/fond","/c/en/fund","/c/en/savings"],"weight":0.2103899999999989,"degrees":[429,544,380,130]},"num_concepts_raised":51558},{"base_id":589,"kind":"bot_words","i1":0,"i2":9,"sol":{"path":["/c/en/background","/c/en/history","/c/en/accounting","/c/en/accountancy"],"weight":0.21162999999999915,"degrees":[429,1864,541,80]},"num_concepts_raised":39154},{"base_id":589,"kind":"bot_words","i1":1,"i2":2,"sol":{"path":["/c/en/yelling","/c/en/yell","/c/en/talk","/c/en/interview","/c/en/hiring"],"weight":0.20426999999999967,"degrees":[58,494,1956,645,43]},"num_concepts_raised":121659},{"base_id":589,"kind":"bot_words","i1":1,"i2":3,"sol":{"path":["/c/en/yelling","/c/en/yell","/c/en/gale","/c/en/shrub","/c/en/crowberry"],"weight":0.20430999999999977,"degrees":[58,494,253,1130,40]},"num_concepts_raised":124201},{"base_id":589,"kind":"bot_words","i1":1,"i2":4,"sol":{"path":["/c/en/yelling","/c/en/cry","/c/en/red","/c/en/toyon"],"weight":0.2032499999999998,"degrees":[58,1722,1983,27]},"num_concepts_raised":126617},{"base_id":589,"kind":"bot_words","i1":1,"i2":5,"sol":{"path":["/c/en/yelling","/c/en/cry","/c/en/state","/c/en/hamas"],"weight":0.20960999999999974,"degrees":[58,1722,3243,126]},"num_concepts_raised":128314},{"base_id":589,"kind":"bot_words","i1":1,"i2":6,"sol":{"path":["/c/en/yelling","/c/en/call","/c/en/hang","/c/en/mounting"],"weight":0.20378999999999947,"degrees":[58,2091,1144,104]},"num_concepts_raised":124584},{"base_id":589,"kind":"bot_words","i1":1,"i2":7,"sol":{"path":["/c/en/yelling","/c/en/sound","/c/en/city","/c/en/pyay"],"weight":0.20801999999999976,"degrees":[58,3218,3758,24]},"num_concepts_raised":122150},{"base_id":589,"kind":"bot_words","i1":1,"i2":8,"sol":{"path":["/c/en/yelling","/c/en/cry","/c/en/person","/c/en/savings"],"weight":0.20414999999999947,"degrees":[58,1722,12935,130]},"num_concepts_raised":137035},{"base_id":589,"kind":"bot_words","i1":1,"i2":9,"sol":{"path":["/c/en/yelling","/c/en/sound","/c/en/british","/c/en/accountancy"],"weight":0.2037799999999997,"degrees":[58,3218,3452,80]},"num_concepts_raised":124263},{"base_id":589,"kind":"bot_words","i1":2,"i2":3,"sol":{"path":["/c/en/hiring","/c/en/hire","/c/en/rat","/c/en/genus","/c/en/crowberry"],"weight":0.2030699999999998,"degrees":[43,457,814,2240,40]},"num_concepts_raised":7366},{"base_id":589,"kind":"bot_words","i1":2,"i2":4,"sol":{"path":["/c/en/hiring","/c/en/apply","/c/en/red","/c/en/toyon"],"weight":0.20284999999999984,"degrees":[43,710,1983,27]},"num_concepts_raised":9865},{"base_id":589,"kind":"bot_words","i1":2,"i2":5,"sol":{"path":["/c/en/hiring","/c/en/hire","/c/en/employment","/c/en/state","/c/en/hamas"],"weight":0.20941999999999977,"degrees":[43,457,601,3243,126]},"num_concepts_raised":11588},{"base_id":589,"kind":"bot_words","i1":2,"i2":6,"sol":{"path":["/c/en/hiring","/c/en/apply","/c/en/hang","/c/en/mounting"],"weight":0.20349999999999951,"degrees":[43,710,1144,104]},"num_concepts_raised":7810},{"base_id":589,"kind":"bot_words","i1":2,"i2":7,"sol":{"path":["/c/en/hiring","/c/en/hire","/c/en/sign","/c/en/city","/c/en/pyay"],"weight":0.20786999999999978,"degrees":[43,457,2004,3758,24]},"num_concepts_raised":5472},{"base_id":589,"kind":"bot_words","i1":2,"i2":8,"sol":{"path":["/c/en/hiring","/c/en/charter","/c/en/person","/c/en/savings"],"weight":0.2037399999999995,"degrees":[43,237,12935,130]},"num_concepts_raised":20375},{"base_id":589,"kind":"bot_words","i1":2,"i2":9,"sol":{"path":["/c/en/hiring","/c/en/apply","/c/en/use","/c/en/accounting","/c/en/accountancy"],"weight":0.20620999999999975,"degrees":[43,710,2100,541,80]},"num_concepts_raised":7484},{"base_id":589,"kind":"bot_words","i1":3,"i2":4,"sol":{"path":["/c/en/crowberry","/c/en/shrub","/c/en/toyon"],"weight":0.202,"degrees":[40,1130,27]},"num_concepts_raised":53},{"base_id":589,"kind":"bot_words","i1":3,"i2":5,"sol":{"path":["/c/en/crowberry","/c/en/shrub","/c/en/green","/c/en/islam","/c/en/hamas"],"weight":0.20936999999999986,"degrees":[40,1130,1796,1651,126]},"num_concepts_raised":14102},{"base_id":589,"kind":"bot_words","i1":3,"i2":6,"sol":{"path":["/c/en/crowberry","/c/en/berry","/c/en/mound","/c/en/mount","/c/en/mounting"],"weight":0.20692999999999961,"degrees":[40,772,430,516,104]},"num_concepts_raised":10348},{"base_id":589,"kind":"bot_words","i1":3,"i2":7,"sol":{"path":["/c/en/crowberry","/c/en/berry","/c/en/small","/c/en/city","/c/en/pyay"],"weight":0.2079299999999999,"degrees":[40,772,2515,3758,24]},"num_concepts_raised":7973},{"base_id":589,"kind":"bot_words","i1":3,"i2":8,"sol":{"path":["/c/en/crowberry","/c/en/genus","/c/en/thrift","/c/fr/épargne","/c/en/savings"],"weight":0.2050399999999996,"degrees":[40,2240,143,97,130]},"num_concepts_raised":22943},{"base_id":589,"kind":"bot_words","i1":3,"i2":9,"sol":{"path":["/c/en/crowberry","/c/en/berry","/c/en/barrow","/c/en/british","/c/en/accountancy"],"weight":0.20367999999999986,"degrees":[40,772,245,3452,80]},"num_concepts_raised":9995},{"base_id":589,"kind":"bot_words","i1":4,"i2":5,"sol":{"path":["/c/en/toyon","/c/en/family","/c/en/child","/c/en/hamas"],"weight":0.20917999999999987,"degrees":[27,3166,2784,126]},"num_concepts_raised":16515},{"base_id":589,"kind":"bot_words","i1":4,"i2":6,"sol":{"path":["/c/en/toyon","/c/en/family","/c/en/support","/c/en/mount","/c/en/mounting"],"weight":0.20691999999999963,"degrees":[27,3166,2237,516,104]},"num_concepts_raised":12814},{"base_id":589,"kind":"bot_words","i1":4,"i2":7,"sol":{"path":["/c/en/toyon","/c/es/tollón","/c/en/road","/c/en/city","/c/en/pyay"],"weight":0.2097499999999999,"degrees":[27,8,1871,3758,24]},"num_concepts_raised":10453},{"base_id":589,"kind":"bot_words","i1":4,"i2":8,"sol":{"path":["/c/en/toyon","/c/en/evergreen","/c/en/interest","/c/en/savings"],"weight":0.20383999999999963,"degrees":[27,414,1297,130]},"num_concepts_raised":25298},{"base_id":589,"kind":"bot_words","i1":4,"i2":9,"sol":{"path":["/c/en/toyon","/c/en/red","/c/en/british","/c/en/accountancy"],"weight":0.20352999999999988,"degrees":[27,1983,3452,80]},"num_concepts_raised":12455},{"base_id":589,"kind":"bot_words","i1":5,"i2":6,"sol":{"path":["/c/en/hamas","/c/en/independent","/c/en/support","/c/en/mount","/c/en/mounting"],"weight":0.21329999999999955,"degrees":[126,619,2237,516,104]},"num_concepts_raised":14544},{"base_id":589,"kind":"bot_words","i1":5,"i2":7,"sol":{"path":["/c/en/hamas","/c/en/state","/c/en/city","/c/en/pyay"],"weight":0.21412999999999982,"degrees":[126,3243,3758,24]},"num_concepts_raised":12112},{"base_id":589,"kind":"bot_words","i1":5,"i2":8,"sol":{"path":["/c/en/hamas","/c/en/independent","/c/en/bank","/c/en/savings"],"weight":0.21023999999999954,"degrees":[126,619,1660,130]},"num_concepts_raised":26885},{"base_id":589,"kind":"bot_words","i1":5,"i2":9,"sol":{"path":["/c/en/hamas","/c/en/political_party","/c/en/organization","/c/en/accounting","/c/en/accountancy"],"weight":0.2125499999999998,"degrees":[126,571,1375,541,80]},"num_concepts_raised":14187},{"base_id":589,"kind":"bot_words","i1":6,"i2":7,"sol":{"path":["/c/en/mounting","/c/en/mount","/c/en/building","/c/en/city","/c/en/pyay"],"weight":0.21171999999999958,"degrees":[104,516,2061,3758,24]},"num_concepts_raised":8464},{"base_id":589,"kind":"bot_words","i1":6,"i2":8,"sol":{"path":["/c/en/mounting","/c/en/mount","/c/en/bank","/c/en/savings"],"weight":0.20779999999999932,"degrees":[104,516,1660,130]},"num_concepts_raised":23305},{"base_id":589,"kind":"bot_words","i1":6,"i2":9,"sol":{"path":["/c/en/mounting","/c/en/mount","/c/fr/assembler","/c/zh/会","/c/en/accountancy"],"weight":0.20747999999999955,"degrees":[104,516,340,30,80]},"num_concepts_raised":10465},{"base_id":589,"kind":"bot_words","i1":7,"i2":8,"sol":{"path":["/c/en/pyay","/c/en/city","/c/en/bank","/c/en/savings"],"weight":0.2087899999999996,"degrees":[24,3758,1660,130]},"num_concepts_raised":21046},{"base_id":589,"kind":"bot_words","i1":7,"i2":9,"sol":{"path":["/c/en/pyay","/c/en/city","/c/en/business","/c/en/accounting","/c/en/accountancy"],"weight":0.21109999999999984,"degrees":[24,3758,2538,541,80]},"num_concepts_raised":8091},{"base_id":589,"kind":"bot_words","i1":8,"i2":9,"sol":{"path":["/c/en/savings","/c/en/account","/c/en/accounting","/c/en/accountancy"],"weight":0.20731999999999956,"degrees":[130,1083,541,80]},"num_concepts_raised":22866}],[{"base_id":589,"kind":"top_words","i1":0,"i2":1,"sol":{"path":["/c/en/fossorial","/c/en/animal","/c/en/fish","/c/en/perciform"],"weight":0.20371999999999982,"degrees":[39,3735,4424,52]},"num_concepts_raised":9274},{"base_id":589,"kind":"top_words","i1":0,"i2":2,"sol":{"path":["/c/en/fossorial","/c/en/animal","/c/en/ectotherm","/c/en/ectothermic"],"weight":0.20533999999999986,"degrees":[39,3735,29,52]},"num_concepts_raised":12292},{"base_id":589,"kind":"top_words","i1":0,"i2":3,"sol":{"path":["/c/en/fossorial","/c/en/animal","/c/en/organism","/c/en/slime_mold","/c/en/amoebozoa"],"weight":0.20810999999999985,"degrees":[39,3735,1338,78,39]},"num_concepts_raised":4767},{"base_id":589,"kind":"top_words","i1":0,"i2":4,"sol":{"path":["/c/en/fossorial","/c/en/animal","/c/en/cnidaria"],"weight":0.20400000000000001,"degrees":[39,3735,102]},"num_concepts_raised":124},{"base_id":589,"kind":"top_words","i1":0,"i2":5,"sol":{"path":["/c/en/fossorial","/c/en/animal","/c/en/bacteria","/c/en/firmicutes"],"weight":0.20817999999999984,"degrees":[39,3735,714,45]},"num_concepts_raised":5562},{"base_id":589,"kind":"top_words","i1":0,"i2":6,"sol":{"path":["/c/en/fossorial","/c/en/animal","/c/en/plant","/c/en/xerophyte","/c/en/xerophytic"],"weight":0.20609999999999995,"degrees":[39,3735,7959,45,24]},"num_concepts_raised":11054},{"base_id":589,"kind":"top_words","i1":0,"i2":7,"sol":{"path":["/c/en/fossorial","/c/en/mole","/c/fr/zoologie","/c/en/bilateria"],"weight":0.2081799999999998,"degrees":[39,1084,9122,48]},"num_concepts_raised":13301},{"base_id":589,"kind":"top_words","i1":0,"i2":8,"sol":{"path":["/c/en/fossorial","/c/en/animal","/c/en/kleptoparasitize","/c/en/parasitize"],"weight":0.20296999999999993,"degrees":[39,3735,12,33]},"num_concepts_raised":5024},{"base_id":589,"kind":"top_words","i1":0,"i2":9,"sol":{"path":["/c/en/fossorial","/c/en/ambulatorial","/c/en/zoology","/c/en/agnathan","/c/en/jawless"],"weight":0.20430999999999988,"degrees":[39,20,8127,33,25]},"num_concepts_raised":5603},{"base_id":589,"kind":"top_words","i1":1,"i2":2,"sol":{"path":["/c/en/perciform","/c/en/fish","/c/en/cold_blooded","/c/en/ectothermic"],"weight":0.2049599999999997,"degrees":[52,4424,84,52]},"num_concepts_raised":12945},{"base_id":589,"kind":"top_words","i1":1,"i2":3,"sol":{"path":["/c/en/perciform","/c/en/snakehead","/c/en/plant","/c/en/eukaryote","/c/en/amoebozoa"],"weight":0.20803999999999967,"degrees":[52,85,7959,311,39]},"num_concepts_raised":5441},{"base_id":589,"kind":"top_words","i1":1,"i2":4,"sol":{"path":["/c/en/perciform","/c/en/fish","/c/en/animal","/c/en/cnidaria"],"weight":0.20941999999999958,"degrees":[52,4424,3735,102]},"num_concepts_raised":9149},{"base_id":589,"kind":"top_words","i1":1,"i2":5,"sol":{"path":["/c/en/perciform","/c/en/fish","/c/en/slang","/c/en/bacteria","/c/en/firmicutes"],"weight":0.20868999999999965,"degrees":[52,4424,16318,714,45]},"num_concepts_raised":6242},{"base_id":589,"kind":"top_words","i1":1,"i2":6,"sol":{"path":["/c/en/perciform","/c/en/fish","/c/en/water","/c/en/xerophyte","/c/en/xerophytic"],"weight":0.20653999999999978,"degrees":[52,4424,4606,45,24]},"num_concepts_raised":11734},{"base_id":589,"kind":"top_words","i1":1,"i2":7,"sol":{"path":["/c/en/perciform","/c/fi/ahvenkala","/c/en/bass","/c/fr/zoologie","/c/en/bilateria"],"weight":0.20915999999999962,"degrees":[52,10,524,9122,48]},"num_concepts_raised":14019},{"base_id":589,"kind":"top_words","i1":1,"i2":8,"sol":{"path":["/c/en/perciform","/c/en/fish","/c/en/whirling_disease","/c/en/parasite","/c/en/parasitize"],"weight":0.2035099999999998,"degrees":[52,4424,9,457,33]},"num_concepts_raised":5703},{"base_id":589,"kind":"top_words","i1":1,"i2":9,"sol":{"path":["/c/en/perciform","/c/en/fish","/c/mul/agnatha","/c/en/jawless"],"weight":0.20342999999999972,"degrees":[52,4424,16,25]},"num_concepts_raised":6260},{"base_id":589,"kind":"top_words","i1":2,"i2":3,"sol":{"path":["/c/en/ectothermic","/c/en/ectotherm","/c/en/biology","/c/en/amoebozoan","/c/en/amoebozoa"],"weight":0.2101899999999997,"degrees":[52,29,6216,6,39]},"num_concepts_raised":8509},{"base_id":589,"kind":"top_words","i1":2,"i2":4,"sol":{"path":["/c/en/ectothermic","/c/en/ectotherm","/c/en/animal","/c/en/cnidaria"],"weight":0.21103999999999962,"degrees":[52,29,3735,102]},"num_concepts_raised":12152},{"base_id":589,"kind":"top_words","i1":2,"i2":5,"sol":{"path":["/c/en/ectothermic","/c/en/ectotherm","/c/en/animal","/c/en/bacteria","/c/en/firmicutes"],"weight":0.21031999999999973,"degrees":[52,29,3735,714,45]},"num_concepts_raised":9318},{"base_id":589,"kind":"top_words","i1":2,"i2":6,"sol":{"path":["/c/en/ectothermic","/c/en/ectotherm","/c/en/biology","/c/en/botany","/c/en/xerophytic"],"weight":0.20516999999999982,"degrees":[52,29,6216,6881,24]},"num_concepts_raised":14521},{"base_id":589,"kind":"top_words","i1":2,"i2":7,"sol":{"path":["/c/en/ectothermic","/c/en/cold_blooded","/c/fr/zoologie","/c/en/bilateria"],"weight":0.20948999999999968,"degrees":[52,84,9122,48]},"num_concepts_raised":16986},{"base_id":589,"kind":"top_words","i1":2,"i2":8,"sol":{"path":["/c/en/ectothermic","/c/en/ectotherm","/c/en/biology","/c/en/parasite","/c/en/parasitize"],"weight":0.20518999999999982,"degrees":[52,29,6216,457,33]},"num_concepts_raised":8770},{"base_id":589,"kind":"top_words","i1":2,"i2":9,"sol":{"path":["/c/en/ectothermic","/c/en/zoology","/c/en/agnathan","/c/en/jawless"],"weight":0.20311999999999975,"degrees":[52,8127,33,25]},"num_concepts_raised":9337},{"base_id":589,"kind":"top_words","i1":3,"i2":4,"sol":{"path":["/c/en/amoebozoa","/c/en/eukaryote","/c/en/hydractinian","/c/en/cnidarian","/c/en/cnidaria"],"weight":0.2158399999999996,"degrees":[39,311,10,74,102]},"num_concepts_raised":4651},{"base_id":589,"kind":"top_words","i1":3,"i2":5,"sol":{"path":["/c/en/amoebozoa","/c/en/slime_mold","/c/en/organism","/c/en/bacteria","/c/en/firmicutes"],"weight":0.2130799999999997,"degrees":[39,78,1338,714,45]},"num_concepts_raised":1631},{"base_id":589,"kind":"top_words","i1":3,"i2":6,"sol":{"path":["/c/en/amoebozoa","/c/en/eukaryote","/c/en/plant","/c/en/xerophyte","/c/en/xerophytic"],"weight":0.2109399999999998,"degrees":[39,311,7959,45,24]},"num_concepts_raised":7139},{"base_id":589,"kind":"top_words","i1":3,"i2":7,"sol":{"path":["/c/en/amoebozoa","/c/en/eukaryote","/c/en/excavate","/c/en/zoology","/c/fr/zoologie","/c/en/bilateria"],"weight":0.2159337999999981,"degrees":[39,311,298,8127,9122,48]},"num_concepts_raised":207106},{"base_id":589,"kind":"top_words","i1":3,"i2":8,"sol":{"path":["/c/en/amoebozoa","/c/en/slime_mold","/c/en/organism","/c/en/parasite","/c/en/parasitize"],"weight":0.20792999999999978,"degrees":[39,78,1338,457,33]},"num_concepts_raised":1091},{"base_id":589,"kind":"top_words","i1":3,"i2":9,"sol":{"path":["/c/en/amoebozoa","/c/en/slime_mold","/c/en/primitive","/c/en/cyclostome","/c/en/jawless"],"weight":0.20773999999999976,"degrees":[39,78,337,35,25]},"num_concepts_raised":1689},{"base_id":589,"kind":"top_words","i1":4,"i2":5,"sol":{"path":["/c/en/cnidaria","/c/en/animal","/c/en/bacteria","/c/en/firmicutes"],"weight":0.21387999999999957,"degrees":[102,3735,714,45]},"num_concepts_raised":5451},{"base_id":589,"kind":"top_words","i1":4,"i2":6,"sol":{"path":["/c/en/cnidaria","/c/en/animal","/c/en/plant","/c/en/xerophyte","/c/en/xerophytic"],"weight":0.21180999999999972,"degrees":[102,3735,7959,45,24]},"num_concepts_raised":10938},{"base_id":589,"kind":"top_words","i1":4,"i2":7,"sol":{"path":["/c/en/cnidaria","/c/en/animal","/c/en/bilaterian","/c/en/bilateria"],"weight":0.21382999999999958,"degrees":[102,3735,20,48]},"num_concepts_raised":13191},{"base_id":589,"kind":"top_words","i1":4,"i2":8,"sol":{"path":["/c/en/cnidaria","/c/en/animal","/c/en/kleptoparasitize","/c/en/parasitize"],"weight":0.2086699999999997,"degrees":[102,3735,12,33]},"num_concepts_raised":4905},{"base_id":589,"kind":"top_words","i1":4,"i2":9,"sol":{"path":["/c/en/cnidaria","/c/en/animal","/c/en/zoology","/c/en/agnathan","/c/en/jawless"],"weight":0.20870999999999967,"degrees":[102,3735,8127,33,25]},"num_concepts_raised":5498},{"base_id":589,"kind":"top_words","i1":5,"i2":6,"sol":{"path":["/c/en/firmicutes","/c/en/bacteria","/c/en/water","/c/en/xerophyte","/c/en/xerophytic"],"weight":0.21101999999999982,"degrees":[45,714,4606,45,24]},"num_concepts_raised":7948},{"base_id":589,"kind":"top_words","i1":5,"i2":7,"sol":{"path":["/c/en/firmicutes","/c/en/bacteria","/c/en/animal","/c/en/bilaterian","/c/en/bilateria"],"weight":0.21310999999999966,"degrees":[45,714,3735,20,48]},"num_concepts_raised":10293},{"base_id":589,"kind":"top_words","i1":5,"i2":8,"sol":{"path":["/c/en/firmicutes","/c/en/bacteria","/c/en/organism","/c/en/parasite","/c/en/parasitize"],"weight":0.2080299999999998,"degrees":[45,714,1338,457,33]},"num_concepts_raised":1896},{"base_id":589,"kind":"top_words","i1":5,"i2":9,"sol":{"path":["/c/en/firmicutes","/c/en/bacteria","/c/en/small","/c/en/less","/c/en/jawless"],"weight":0.20786999999999978,"degrees":[45,714,2515,705,25]},"num_concepts_raised":2494},{"base_id":589,"kind":"top_words","i1":6,"i2":7,"sol":{"path":["/c/en/xerophytic","/c/en/botany","/c/en/anadromous","/c/fr/zoologie","/c/en/bilateria"],"weight":0.2079499999999998,"degrees":[24,6881,66,9122,48]},"num_concepts_raised":15784},{"base_id":589,"kind":"top_words","i1":6,"i2":8,"sol":{"path":["/c/en/xerophytic","/c/en/xerophyte","/c/en/plant","/c/en/parasite","/c/en/parasitize"],"weight":0.2059199999999999,"degrees":[24,45,7959,457,33]},"num_concepts_raised":7409},{"base_id":589,"kind":"top_words","i1":6,"i2":9,"sol":{"path":["/c/en/xerophytic","/c/en/botany","/c/en/inferior","/c/en/less","/c/en/jawless"],"weight":0.20268999999999987,"degrees":[24,6881,578,705,25]},"num_concepts_raised":7997},{"base_id":589,"kind":"top_words","i1":7,"i2":8,"sol":{"path":["/c/en/bilateria","/c/fr/zoologie","/c/fr/bourdon_sylvestre","/c/fr/parasiter","/c/en/parasitize"],"weight":0.20895999999999976,"degrees":[48,9122,13,132,33]},"num_concepts_raised":9747},{"base_id":589,"kind":"top_words","i1":7,"i2":9,"sol":{"path":["/c/en/bilateria","/c/fr/zoologie","/c/en/zoology","/c/en/agnathan","/c/en/jawless"],"weight":0.20798999999999973,"degrees":[48,9122,8127,33,25]},"num_concepts_raised":10338},{"base_id":589,"kind":"top_words","i1":8,"i2":9,"sol":{"path":["/c/en/parasitize","/c/fr/parasiter","/c/fr/vivre","/c/fr/argot","/c/en/jaw","/c/en/jawless"],"weight":0.20714599999999977,"degrees":[33,132,785,3386,710,25]},"num_concepts_raised":185664}]]