[[{"base_id":819,"kind":"bot_words","i1":0,"i2":1,"sol":{"path":["/c/en/pichi","/c/en/armadillo","/c/en/animal","/c/en/wrangler","/c/en/wrangle"],"weight":0.21135999999999955,"degrees":[40,311,3735,48,142]},"num_concepts_raised":120135},{"base_id":819,"kind":"bot_words","i1":0,"i2":2,"sol":{"path":["/c/en/pichi","/c/en/mammal","/c/en/person","/c/en/honor"],"weight":0.2155199999999981,"degrees":[40,2187,12935,713]},"num_concepts_raised":55128},{"base_id":819,"kind":"bot_words","i1":0,"i2":3,"sol":{"path":["/c/en/pichi","/c/en/armadillo","/c/en/small","/c/en/moon","/c/en/ananke"],"weight":0.2134999999999997,"degrees":[40,311,2515,1604,72]},"num_concepts_raised":11897},{"base_id":819,"kind":"bot_words","i1":0,"i2":4,"sol":{"path":["/c/en/pichi","/c/en/mammal","/c/en/milk","/c/en/tits"],"weight":0.20795999999999987,"degrees":[40,2187,1939,31]},"num_concepts_raised":42806},{"base_id":819,"kind":"bot_words","i1":0,"i2":5,"sol":{"path":["/c/en/pichi","/c/en/mammal","/c/en/rabbit","/c/en/formal","/c/en/hereby","/c/en/herewith"],"weight":0.21292769999999944,"degrees":[40,2187,1102,2270,60,36]},"num_concepts_raised":242042},{"base_id":819,"kind":"bot_words","i1":0,"i2":6,"sol":{"path":["/c/en/pichi","/c/en/armadillo","/c/en/texas","/c/en/knox_county","/c/en/rockland"],"weight":0.2089899999999998,"degrees":[40,311,887,38,32]},"num_concepts_raised":11176},{"base_id":819,"kind":"bot_words","i1":0,"i2":7,"sol":{"path":["/c/en/pichi","/c/en/shrub","/c/en/plant","/c/en/sassafras"],"weight":0.2176699999999998,"degrees":[40,1130,7959,83]},"num_concepts_raised":15673},{"base_id":819,"kind":"bot_words","i1":0,"i2":8,"sol":{"path":["/c/en/pichi","/c/en/mammal","/c/en/person","/c/en/crime","/c/en/penology"],"weight":0.2136999999999999,"degrees":[40,2187,12935,1155,70]},"num_concepts_raised":7065},{"base_id":819,"kind":"bot_words","i1":0,"i2":9,"sol":{"path":["/c/en/pichi","/c/en/mammal","/c/en/nest","/c/en/hideout"],"weight":0.2096699999999998,"degrees":[40,2187,1196,138]},"num_concepts_raised":8410},{"base_id":819,"kind":"bot_words","i1":1,"i2":2,"sol":{"path":["/c/en/wrangle","/c/en/wrangler","/c/en/honour","/c/en/honor"],"weight":0.2184399999999978,"degrees":[142,48,488,713]},"num_concepts_raised":168597},{"base_id":819,"kind":"bot_words","i1":1,"i2":3,"sol":{"path":["/c/en/wrangle","/c/en/camp","/c/en/live","/c/en/tao","/c/en/ananke"],"weight":0.21159999999999943,"degrees":[142,1077,1553,98,72]},"num_concepts_raised":125833},{"base_id":819,"kind":"bot_words","i1":1,"i2":4,"sol":{"path":["/c/en/wrangle","/c/ru/срач","/c/en/slang","/c/en/tits"],"weight":0.2052299999999996,"degrees":[142,26,16318,31]},"num_concepts_raised":156315},{"base_id":819,"kind":"bot_words","i1":1,"i2":5,"sol":{"path":["/c/en/wrangle","/c/zh/口角","/c/en/literary","/c/ru/сей","/c/en/herewith"],"weight":0.20420999999999956,"degrees":[142,27,6728,16,36]},"num_concepts_raised":117278},{"base_id":819,"kind":"bot_words","i1":1,"i2":6,"sol":{"path":["/c/en/wrangle","/c/fr/localités","/c/en/ontario","/c/en/rockland"],"weight":0.20420999999999956,"degrees":[142,110113,376,32]},"num_concepts_raised":124715},{"base_id":819,"kind":"bot_words","i1":1,"i2":7,"sol":{"path":["/c/en/wrangle","/c/fr/localités","/c/en/beer","/c/en/sassafras"],"weight":0.21383999999999953,"degrees":[142,110113,1020,83]},"num_concepts_raised":129825},{"base_id":819,"kind":"bot_words","i1":1,"i2":8,"sol":{"path":["/c/en/wrangle","/c/el/κομπίνα","/c/en/crime","/c/en/penology"],"weight":0.20982999999999963,"degrees":[142,13,1155,70]},"num_concepts_raised":120998},{"base_id":819,"kind":"bot_words","i1":1,"i2":9,"sol":{"path":["/c/en/wrangle","/c/en/camp","/c/en/base","/c/en/hideout"],"weight":0.20569999999999955,"degrees":[142,1077,2117,138]},"num_concepts_raised":122272},{"base_id":819,"kind":"bot_words","i1":2,"i2":3,"sol":{"path":["/c/en/honor","/c/en/person","/c/en/personification","/c/en/ananke"],"weight":0.21582999999999797,"degrees":[713,12935,270,72]},"num_concepts_raised":60550},{"base_id":819,"kind":"bot_words","i1":2,"i2":4,"sol":{"path":["/c/en/honor","/c/en/honour","/c/en/british","/c/en/tits"],"weight":0.2151099999999981,"degrees":[713,488,3452,31]},"num_concepts_raised":89454},{"base_id":819,"kind":"bot_words","i1":2,"i2":5,"sol":{"path":["/c/en/honor","/c/en/accept","/c/zh/查收","/c/en/herewith"],"weight":0.2102199999999981,"degrees":[713,1123,6,36]},"num_concepts_raised":52335},{"base_id":819,"kind":"bot_words","i1":2,"i2":6,"sol":{"path":["/c/en/honor","/c/en/person","/c/en/victoria","/c/en/rockland"],"weight":0.21042999999999812,"degrees":[713,12935,497,32]},"num_concepts_raised":59874},{"base_id":819,"kind":"bot_words","i1":2,"i2":7,"sol":{"path":["/c/en/honor","/c/en/laurel","/c/en/sassafras"],"weight":0.20600000000000002,"degrees":[713,234,83]},"num_concepts_raised":657},{"base_id":819,"kind":"bot_words","i1":2,"i2":8,"sol":{"path":["/c/en/honor","/c/en/reward","/c/en/punishment","/c/en/penology"],"weight":0.2171499999999982,"degrees":[713,946,1026,70]},"num_concepts_raised":55764},{"base_id":819,"kind":"bot_words","i1":2,"i2":9,"sol":{"path":["/c/en/honor","/c/en/person","/c/en/hide","/c/en/hideout"],"weight":0.21305999999999808,"degrees":[713,12935,1620,138]},"num_concepts_raised":57022},{"base_id":819,"kind":"bot_words","i1":3,"i2":4,"sol":{"path":["/c/en/ananke","/c/en/moon","/c/en/us","/c/en/tits"],"weight":0.20927999999999974,"degrees":[72,1604,8154,31]},"num_concepts_raised":48445},{"base_id":819,"kind":"bot_words","i1":3,"i2":5,"sol":{"path":["/c/en/ananke","/c/en/moon","/c/en/literary","/c/ru/сей","/c/en/herewith"],"weight":0.20837999999999968,"degrees":[72,1604,6728,16,36]},"num_concepts_raised":9029},{"base_id":819,"kind":"bot_words","i1":3,"i2":6,"sol":{"path":["/c/en/ananke","/c/en/jupiter","/c/en/victoria","/c/en/rockland"],"weight":0.20837999999999968,"degrees":[72,537,497,32]},"num_concepts_raised":16882},{"base_id":819,"kind":"bot_words","i1":3,"i2":7,"sol":{"path":["/c/en/ananke","/c/en/astronomy","/c/en/asia","/c/en/sassafras"],"weight":0.21797999999999967,"degrees":[72,4553,805,83]},"num_concepts_raised":21602},{"base_id":819,"kind":"bot_words","i1":3,"i2":8,"sol":{"path":["/c/en/ananke","/c/en/astronomy","/c/en/study","/c/en/penology"],"weight":0.21394999999999978,"degrees":[72,4553,1753,70]},"num_concepts_raised":12764},{"base_id":819,"kind":"bot_words","i1":3,"i2":9,"sol":{"path":["/c/en/ananke","/c/fr/ananké","/c/fr/naturel","/c/fr/antre","/c/en/hideout"],"weight":0.21397999999999967,"degrees":[72,26,1074,79,138]},"num_concepts_raised":14109},{"base_id":819,"kind":"bot_words","i1":4,"i2":5,"sol":{"path":["/c/en/tits","/c/en/slang","/c/en/formal","/c/en/hereby","/c/en/herewith"],"weight":0.20510999999999985,"degrees":[31,16318,2270,60,36]},"num_concepts_raised":40034},{"base_id":819,"kind":"bot_words","i1":4,"i2":6,"sol":{"path":["/c/en/tits","/c/en/slang","/c/en/usa","/c/en/rockland"],"weight":0.20402999999999985,"degrees":[31,16318,2683,32]},"num_concepts_raised":47113},{"base_id":819,"kind":"bot_words","i1":4,"i2":7,"sol":{"path":["/c/en/tits","/c/en/slang","/c/en/plant","/c/en/sassafras"],"weight":0.21360999999999986,"degrees":[31,16318,7959,83]},"num_concepts_raised":52095},{"base_id":819,"kind":"bot_words","i1":4,"i2":8,"sol":{"path":["/c/en/tits","/c/en/test","/c/en/study","/c/en/penology"],"weight":0.20842999999999995,"degrees":[31,1443,1753,70]},"num_concepts_raised":43534},{"base_id":819,"kind":"bot_words","i1":4,"i2":9,"sol":{"path":["/c/en/tits","/c/en/us","/c/en/hide","/c/en/hideout"],"weight":0.20643999999999985,"degrees":[31,8154,1620,138]},"num_concepts_raised":44824},{"base_id":819,"kind":"bot_words","i1":5,"i2":6,"sol":{"path":["/c/en/herewith","/c/en/hereby","/c/en/formal","/c/en/davenport","/c/en/county_seat","/c/en/rockland"],"weight":0.2089010999999999,"degrees":[36,60,2270,44,2497,32]},"num_concepts_raised":516947},{"base_id":819,"kind":"bot_words","i1":5,"i2":7,"sol":{"path":["/c/en/herewith","/c/ru/этот","/c/fr/celui","/c/en/beer","/c/en/sassafras"],"weight":0.2125699999999998,"degrees":[36,51,408,1020,83]},"num_concepts_raised":13104},{"base_id":819,"kind":"bot_words","i1":5,"i2":8,"sol":{"path":["/c/en/herewith","/c/en/herewithal","/c/en/nonstandard","/c/en/crime","/c/en/penology"],"weight":0.2085599999999999,"degrees":[36,7,2085,1155,70]},"num_concepts_raised":4187},{"base_id":819,"kind":"bot_words","i1":5,"i2":9,"sol":{"path":["/c/en/herewith","/c/ru/настоящий","/c/fr/nom_de_famille","/c/fr/planque","/c/en/hideout"],"weight":0.2064499999999998,"degrees":[36,23,6119,39,138]},"num_concepts_raised":5550},{"base_id":819,"kind":"bot_words","i1":6,"i2":7,"sol":{"path":["/c/en/rockland","/c/en/usa","/c/en/united_states","/c/en/sassafras"],"weight":0.2128199999999998,"degrees":[32,2683,1636,83]},"num_concepts_raised":20546},{"base_id":819,"kind":"bot_words","i1":6,"i2":8,"sol":{"path":["/c/en/rockland","/c/en/county_seat","/c/en/los_angeles","/c/en/crime","/c/en/penology"],"weight":0.2087099999999999,"degrees":[32,2497,262,1155,70]},"num_concepts_raised":12077},{"base_id":819,"kind":"bot_words","i1":6,"i2":9,"sol":{"path":["/c/en/rockland","/c/en/kentucky","/c/en/cave","/c/es/guarida","/c/en/hideout"],"weight":0.2065299999999998,"degrees":[32,508,890,19,138]},"num_concepts_raised":13408},{"base_id":819,"kind":"bot_words","i1":7,"i2":8,"sol":{"path":["/c/en/sassafras","/c/en/plant","/c/en/person","/c/en/crime","/c/en/penology"],"weight":0.21828999999999987,"degrees":[83,7959,12935,1155,70]},"num_concepts_raised":16837},{"base_id":819,"kind":"bot_words","i1":7,"i2":9,"sol":{"path":["/c/en/sassafras","/c/en/shaped","/c/en/nest","/c/en/hideout"],"weight":0.21419999999999978,"degrees":[83,353,1196,138]},"num_concepts_raised":18110},{"base_id":819,"kind":"bot_words","i1":8,"i2":9,"sol":{"path":["/c/en/penology","/c/en/crime","/c/en/person","/c/en/hide","/c/en/hideout"],"weight":0.2112299999999999,"degrees":[70,1155,12935,1620,138]},"num_concepts_raised":9282}],[{"base_id":819,"kind":"top_words","i1":0,"i2":1,"sol":{"path":["/c/en/sa","/c/en/vanuatu","/c/en/country","/c/en/river","/c/en/amper"],"weight":0.20781999999999978,"degrees":[29,227,2796,2945,39]},"num_concepts_raised":9281},{"base_id":819,"kind":"top_words","i1":0,"i2":2,"sol":{"path":["/c/en/sa","/c/en/vanuatu","/c/en/country","/c/en/greece","/c/en/argos"],"weight":0.21479999999999977,"degrees":[29,227,2796,731,100]},"num_concepts_raised":13098},{"base_id":819,"kind":"top_words","i1":0,"i2":3,"sol":{"path":["/c/en/sa","/c/en/sports","/c/en/clear","/c/en/glass","/c/en/glassmaker"],"weight":0.20517999999999992,"degrees":[29,3417,2044,1851,43]},"num_concepts_raised":7849},{"base_id":819,"kind":"top_words","i1":0,"i2":4,"sol":{"path":["/c/en/sa","/c/en/sack","/c/en/grocery","/c/en/foodstuff"],"weight":0.20587999999999962,"degrees":[29,774,145,195]},"num_concepts_raised":27032},{"base_id":819,"kind":"top_words","i1":0,"i2":5,"sol":{"path":["/c/en/sa","/c/en/sack","/c/en/slang","/c/en/bottler"],"weight":0.20261999999999983,"degrees":[29,774,16318,30]},"num_concepts_raised":29244},{"base_id":819,"kind":"top_words","i1":0,"i2":6,"sol":{"path":["/c/en/sa","/c/en/sack","/c/en/stone","/c/en/cement"],"weight":0.2163999999999992,"degrees":[29,774,1934,508]},"num_concepts_raised":68524},{"base_id":819,"kind":"top_words","i1":0,"i2":7,"sol":{"path":["/c/en/sa","/c/en/sports","/c/en/time","/c/en/timelike"],"weight":0.20279999999999987,"degrees":[29,3417,4124,30]},"num_concepts_raised":29726},{"base_id":819,"kind":"top_words","i1":0,"i2":8,"sol":{"path":["/c/en/sa","/c/en/sports","/c/en/cut","/c/en/share","/c/en/shares"],"weight":0.20476999999999984,"degrees":[29,3417,2951,1177,28]},"num_concepts_raised":8260},{"base_id":819,"kind":"top_words","i1":0,"i2":9,"sol":{"path":["/c/en/sa","/c/fr/sa","/c/en/joint_stock_company","/c/en/company","/c/en/bic"],"weight":0.20876999999999984,"degrees":[29,103,129,2258,31]},"num_concepts_raised":7810},{"base_id":819,"kind":"top_words","i1":1,"i2":2,"sol":{"path":["/c/en/amper","/c/en/river","/c/en/town","/c/en/argos"],"weight":0.2178299999999997,"degrees":[39,2945,2220,100]},"num_concepts_raised":11692},{"base_id":819,"kind":"top_words","i1":1,"i2":3,"sol":{"path":["/c/en/amper","/c/en/ampery","/c/en/uk","/c/en/glass","/c/en/glassmaker"],"weight":0.21232999999999985,"degrees":[39,8,5562,1851,43]},"num_concepts_raised":6514},{"base_id":819,"kind":"top_words","i1":1,"i2":4,"sol":{"path":["/c/en/amper","/c/en/atter","/c/en/cake","/c/en/foodstuff"],"weight":0.20998999999999957,"degrees":[39,60,1707,195]},"num_concepts_raised":25701},{"base_id":819,"kind":"top_words","i1":1,"i2":5,"sol":{"path":["/c/en/amper","/c/en/aber","/c/en/slang","/c/en/bottler"],"weight":0.2077799999999998,"degrees":[39,9,16318,30]},"num_concepts_raised":28063},{"base_id":819,"kind":"top_words","i1":1,"i2":6,"sol":{"path":["/c/en/amper","/c/en/river","/c/en/stone","/c/en/cement"],"weight":0.22160999999999914,"degrees":[39,2945,1934,508]},"num_concepts_raised":67294},{"base_id":819,"kind":"top_words","i1":1,"i2":7,"sol":{"path":["/c/en/amper","/c/en/ampery","/c/en/uk","/c/en/time","/c/en/timelike"],"weight":0.2100099999999998,"degrees":[39,8,5562,4124,30]},"num_concepts_raised":28461},{"base_id":819,"kind":"top_words","i1":1,"i2":8,"sol":{"path":["/c/en/amper","/c/en/river","/c/en/deal","/c/en/share","/c/en/shares"],"weight":0.2099499999999998,"degrees":[39,2945,875,1177,28]},"num_concepts_raised":6922},{"base_id":819,"kind":"top_words","i1":1,"i2":9,"sol":{"path":["/c/en/amper","/c/en/river","/c/en/bank","/c/en/company","/c/en/bic"],"weight":0.21295999999999982,"degrees":[39,2945,1660,2258,31]},"num_concepts_raised":6491},{"base_id":819,"kind":"top_words","i1":2,"i2":3,"sol":{"path":["/c/en/argos","/c/en/city","/c/en/water","/c/en/glass","/c/en/glassmaker"],"weight":0.2152199999999998,"degrees":[100,3758,4606,1851,43]},"num_concepts_raised":10354},{"base_id":819,"kind":"top_words","i1":2,"i2":4,"sol":{"path":["/c/en/argos","/c/en/greece","/c/en/turkey","/c/en/food","/c/en/foodstuff"],"weight":0.2200699999999995,"degrees":[100,731,1157,4281,195]},"num_concepts_raised":29538},{"base_id":819,"kind":"top_words","i1":2,"i2":5,"sol":{"path":["/c/en/argos","/c/en/argot","/c/en/slang","/c/en/bottler"],"weight":0.21466999999999975,"degrees":[100,110,16318,30]},"num_concepts_raised":31701},{"base_id":819,"kind":"top_words","i1":2,"i2":6,"sol":{"path":["/c/en/argos","/c/en/indiana","/c/en/stone","/c/en/cement"],"weight":0.2263799999999991,"degrees":[100,626,1934,508]},"num_concepts_raised":71037},{"base_id":819,"kind":"top_words","i1":2,"i2":7,"sol":{"path":["/c/en/argos","/c/en/greece","/c/en/greek","/c/en/mathematics","/c/en/timelike"],"weight":0.21497999999999978,"degrees":[100,731,647,7601,30]},"num_concepts_raised":32303},{"base_id":819,"kind":"top_words","i1":2,"i2":8,"sol":{"path":["/c/en/argos","/c/en/town","/c/en/deal","/c/en/share","/c/en/shares"],"weight":0.21481999999999973,"degrees":[100,2220,875,1177,28]},"num_concepts_raised":10743},{"base_id":819,"kind":"top_words","i1":2,"i2":9,"sol":{"path":["/c/en/argos","/c/en/city","/c/en/company","/c/en/bic"],"weight":0.21780999999999975,"degrees":[100,3758,2258,31]},"num_concepts_raised":10292},{"base_id":819,"kind":"top_words","i1":3,"i2":4,"sol":{"path":["/c/en/glassmaker","/c/en/glass","/c/en/milk","/c/en/foodstuff"],"weight":0.20728999999999967,"degrees":[43,1851,1939,195]},"num_concepts_raised":24245},{"base_id":819,"kind":"top_words","i1":3,"i2":5,"sol":{"path":["/c/en/glassmaker","/c/en/maker","/c/en/manufacturer","/c/en/bottler"],"weight":0.2039699999999999,"degrees":[43,486,360,30]},"num_concepts_raised":26600},{"base_id":819,"kind":"top_words","i1":3,"i2":6,"sol":{"path":["/c/en/glassmaker","/c/en/glass","/c/en/stone","/c/en/cement"],"weight":0.21906999999999927,"degrees":[43,1851,1934,508]},"num_concepts_raised":65982},{"base_id":819,"kind":"top_words","i1":3,"i2":7,"sol":{"path":["/c/en/glassmaker","/c/en/glass","/c/en/smooth","/c/en/mathematics","/c/en/timelike"],"weight":0.20537999999999995,"degrees":[43,1851,1162,7601,30]},"num_concepts_raised":27041},{"base_id":819,"kind":"top_words","i1":3,"i2":8,"sol":{"path":["/c/en/glassmaker","/c/en/glass","/c/en/part","/c/en/share","/c/en/shares"],"weight":0.2072999999999999,"degrees":[43,1851,2528,1177,28]},"num_concepts_raised":5489},{"base_id":819,"kind":"top_words","i1":3,"i2":9,"sol":{"path":["/c/en/glassmaker","/c/en/glass","/c/en/making","/c/en/company","/c/en/bic"],"weight":0.2102999999999999,"degrees":[43,1851,529,2258,31]},"num_concepts_raised":5056},{"base_id":819,"kind":"top_words","i1":4,"i2":5,"sol":{"path":["/c/en/foodstuff","/c/en/bread","/c/en/slang","/c/en/bottler"],"weight":0.2050199999999996,"degrees":[195,1741,16318,30]},"num_concepts_raised":45006},{"base_id":819,"kind":"top_words","i1":4,"i2":6,"sol":{"path":["/c/en/foodstuff","/c/en/material","/c/en/cement"],"weight":0.20400000000000001,"degrees":[195,1522,508]},"num_concepts_raised":536},{"base_id":819,"kind":"top_words","i1":4,"i2":7,"sol":{"path":["/c/en/foodstuff","/c/en/meal","/c/en/time","/c/en/timelike"],"weight":0.20508999999999963,"degrees":[195,1117,4124,30]},"num_concepts_raised":45932},{"base_id":819,"kind":"top_words","i1":4,"i2":8,"sol":{"path":["/c/en/foodstuff","/c/en/food","/c/ko/주식","/c/en/shares"],"weight":0.2079899999999996,"degrees":[195,4281,8,28]},"num_concepts_raised":24682},{"base_id":819,"kind":"top_words","i1":4,"i2":9,"sol":{"path":["/c/en/foodstuff","/c/en/food","/c/en/branch","/c/en/iban","/c/en/bic"],"weight":0.21510999999999958,"degrees":[195,4281,1753,13,31]},"num_concepts_raised":24301},{"base_id":819,"kind":"top_words","i1":5,"i2":6,"sol":{"path":["/c/en/bottler","/c/en/slang","/c/en/stone","/c/en/cement"],"weight":0.2166399999999992,"degrees":[30,16318,1934,508]},"num_concepts_raised":86212},{"base_id":819,"kind":"top_words","i1":5,"i2":7,"sol":{"path":["/c/en/bottler","/c/en/slang","/c/en/time","/c/en/timelike"],"weight":0.20284999999999986,"degrees":[30,16318,4124,30]},"num_concepts_raised":48285},{"base_id":819,"kind":"top_words","i1":5,"i2":8,"sol":{"path":["/c/en/bottler","/c/en/british","/c/en/flotation","/c/en/shares"],"weight":0.20261999999999983,"degrees":[30,3452,67,28]},"num_concepts_raised":27038},{"base_id":819,"kind":"top_words","i1":5,"i2":9,"sol":{"path":["/c/en/bottler","/c/en/money","/c/en/company","/c/en/bic"],"weight":0.20777999999999983,"degrees":[30,2899,2258,31]},"num_concepts_raised":26546},{"base_id":819,"kind":"top_words","i1":6,"i2":7,"sol":{"path":["/c/en/cement","/c/en/concrete","/c/en/positive","/c/en/timelike"],"weight":0.21863999999999922,"degrees":[508,676,611,30]},"num_concepts_raised":86441},{"base_id":819,"kind":"top_words","i1":6,"i2":8,"sol":{"path":["/c/en/cement","/c/en/water","/c/en/flotation","/c/en/shares"],"weight":0.21419999999999922,"degrees":[508,4606,67,28]},"num_concepts_raised":66431},{"base_id":819,"kind":"top_words","i1":6,"i2":9,"sol":{"path":["/c/en/cement","/c/en/building","/c/en/company","/c/en/bic"],"weight":0.21935999999999922,"degrees":[508,2061,2258,31]},"num_concepts_raised":66036},{"base_id":819,"kind":"top_words","i1":7,"i2":8,"sol":{"path":["/c/en/timelike","/c/en/point","/c/en/share","/c/en/shares"],"weight":0.20483999999999986,"degrees":[30,2624,1177,28]},"num_concepts_raised":27446},{"base_id":819,"kind":"top_words","i1":7,"i2":9,"sol":{"path":["/c/en/timelike","/c/en/mathematics","/c/en/language","/c/en/iban","/c/en/bic"],"weight":0.20993999999999988,"degrees":[30,7601,4160,13,31]},"num_concepts_raised":27007},{"base_id":819,"kind":"top_words","i1":8,"i2":9,"sol":{"path":["/c/en/shares","/c/en/share","/c/en/company","/c/en/bic"],"weight":0.20987999999999984,"degrees":[28,1177,2258,31]},"num_concepts_raised":5414}]]