[[{"base_id":36,"kind":"bot_words","i1":0,"i2":1,"sol":{"path":["/c/en/symbiosis","/c/en/species","/c/en/blackberry","/c/en/raspberry"],"weight":0.21485999999999966,"degrees":[185,1659,306,358]},"num_concepts_raised":40896},{"base_id":36,"kind":"bot_words","i1":0,"i2":2,"sol":{"path":["/c/en/symbiosis","/c/fr/biologie","/c/fr/servir","/c/fr/asservir","/c/en/enslave"],"weight":0.21359999999999976,"degrees":[185,2957,1585,130,128]},"num_concepts_raised":22151},{"base_id":36,"kind":"bot_words","i1":0,"i2":3,"sol":{"path":["/c/en/symbiosis","/c/en/biology","/c/en/zoology","/c/en/murine"],"weight":0.2103899999999997,"degrees":[185,6216,8127,48]},"num_concepts_raised":28031},{"base_id":36,"kind":"bot_words","i1":0,"i2":4,"sol":{"path":["/c/en/symbiosis","/c/en/close","/c/en/equal","/c/en/adequate"],"weight":0.21622999999999937,"degrees":[185,2153,1243,340]},"num_concepts_raised":29483},{"base_id":36,"kind":"bot_words","i1":0,"i2":5,"sol":{"path":["/c/en/symbiosis","/c/en/symbiote","/c/en/host","/c/en/book","/c/en/paperback"],"weight":0.2185499999999997,"degrees":[185,17,917,3239,117]},"num_concepts_raised":25736},{"base_id":36,"kind":"bot_words","i1":0,"i2":6,"sol":{"path":["/c/en/symbiosis","/c/en/association","/c/en/communication","/c/en/exhortation","/c/en/exhort"],"weight":0.21232999999999955,"degrees":[185,787,873,101,136]},"num_concepts_raised":22647},{"base_id":36,"kind":"bot_words","i1":0,"i2":7,"sol":{"path":["/c/en/symbiosis","/c/en/different","/c/en/run","/c/en/smuggle"],"weight":0.21160999999999966,"degrees":[185,823,2730,149]},"num_concepts_raised":40258},{"base_id":36,"kind":"bot_words","i1":0,"i2":8,"sol":{"path":["/c/en/symbiosis","/c/en/close","/c/en/computing","/c/en/posting"],"weight":0.2157999999999995,"degrees":[185,2153,9084,100]},"num_concepts_raised":50229},{"base_id":36,"kind":"bot_words","i1":0,"i2":9,"sol":{"path":["/c/en/symbiosis","/c/en/member","/c/en/law","/c/en/writings"],"weight":0.20992999999999973,"degrees":[185,1164,3727,29]},"num_concepts_raised":28472},{"base_id":36,"kind":"bot_words","i1":1,"i2":2,"sol":{"path":["/c/en/raspberry","/c/en/black","/c/en/slave","/c/en/enslave"],"weight":0.20968999999999982,"degrees":[358,1965,899,128]},"num_concepts_raised":27292},{"base_id":36,"kind":"bot_words","i1":1,"i2":3,"sol":{"path":["/c/en/raspberry","/c/en/little","/c/en/mouse","/c/en/murine"],"weight":0.2076399999999997,"degrees":[358,1887,1280,48]},"num_concepts_raised":33305},{"base_id":36,"kind":"bot_words","i1":1,"i2":4,"sol":{"path":["/c/en/raspberry","/c/en/like","/c/en/equal","/c/en/adequate"],"weight":0.21353999999999945,"degrees":[358,2357,1243,340]},"num_concepts_raised":34345},{"base_id":36,"kind":"bot_words","i1":1,"i2":5,"sol":{"path":["/c/en/raspberry","/c/en/like","/c/en/paper","/c/en/paperback"],"weight":0.21342999999999976,"degrees":[358,2357,2080,117]},"num_concepts_raised":30709},{"base_id":36,"kind":"bot_words","i1":1,"i2":6,"sol":{"path":["/c/en/raspberry","/c/en/boo","/c/en/cheer","/c/en/exhort"],"weight":0.20853999999999961,"degrees":[358,209,456,136]},"num_concepts_raised":27792},{"base_id":36,"kind":"bot_words","i1":1,"i2":7,"sol":{"path":["/c/en/raspberry","/c/en/red","/c/en/slang","/c/en/smuggle"],"weight":0.21002999999999972,"degrees":[358,1983,16318,149]},"num_concepts_raised":44283},{"base_id":36,"kind":"bot_words","i1":1,"i2":8,"sol":{"path":["/c/en/raspberry","/c/en/like","/c/en/post","/c/en/posting"],"weight":0.21515999999999957,"degrees":[358,2357,1560,100]},"num_concepts_raised":54862},{"base_id":36,"kind":"bot_words","i1":1,"i2":9,"sol":{"path":["/c/en/raspberry","/c/en/black","/c/en/writing","/c/en/writings"],"weight":0.2083599999999998,"degrees":[358,1965,1875,29]},"num_concepts_raised":33477},{"base_id":36,"kind":"bot_words","i1":2,"i2":3,"sol":{"path":["/c/en/enslave","/c/en/slave","/c/en/person","/c/en/mouse","/c/en/murine"],"weight":0.20564999999999983,"degrees":[128,899,12935,1280,48]},"num_concepts_raised":14316},{"base_id":36,"kind":"bot_words","i1":2,"i2":4,"sol":{"path":["/c/en/enslave","/c/en/own","/c/en/proper","/c/en/adequate"],"weight":0.20916999999999952,"degrees":[128,733,782,340]},"num_concepts_raised":15687},{"base_id":36,"kind":"bot_words","i1":2,"i2":5,"sol":{"path":["/c/en/enslave","/c/en/yoke","/c/en/us","/c/en/pocketbook","/c/en/paperback"],"weight":0.21231999999999984,"degrees":[128,589,8154,56,117]},"num_concepts_raised":11881},{"base_id":36,"kind":"bot_words","i1":2,"i2":6,"sol":{"path":["/c/en/enslave","/c/ar/أسر","/c/en/cheer","/c/en/exhort"],"weight":0.20527999999999968,"degrees":[128,20,456,136]},"num_concepts_raised":8719},{"base_id":36,"kind":"bot_words","i1":2,"i2":7,"sol":{"path":["/c/en/enslave","/c/en/rescue","/c/ar/هرب","/c/en/smuggle"],"weight":0.2065899999999998,"degrees":[128,584,75,149]},"num_concepts_raised":26498},{"base_id":36,"kind":"bot_words","i1":2,"i2":8,"sol":{"path":["/c/en/enslave","/c/en/own","/c/en/computing","/c/en/posting"],"weight":0.20984999999999965,"degrees":[128,733,9084,100]},"num_concepts_raised":36718},{"base_id":36,"kind":"bot_words","i1":2,"i2":9,"sol":{"path":["/c/en/enslave","/c/en/subjugate","/c/en/subject","/c/en/writing","/c/en/writings"],"weight":0.20639999999999986,"degrees":[128,197,1490,1875,29]},"num_concepts_raised":14676},{"base_id":36,"kind":"bot_words","i1":3,"i2":4,"sol":{"path":["/c/en/murine","/c/en/mouse","/c/en/match","/c/en/equal","/c/en/adequate"],"weight":0.20949999999999946,"degrees":[48,1280,1639,1243,340]},"num_concepts_raised":21795},{"base_id":36,"kind":"bot_words","i1":3,"i2":5,"sol":{"path":["/c/en/murine","/c/la/murinus","/c/en/rat","/c/en/book","/c/en/paperback"],"weight":0.21064999999999975,"degrees":[48,37,814,3239,117]},"num_concepts_raised":17913},{"base_id":36,"kind":"bot_words","i1":3,"i2":6,"sol":{"path":["/c/en/murine","/c/en/mouse","/c/en/move","/c/en/urge","/c/en/exhort"],"weight":0.20470999999999961,"degrees":[48,1280,2810,601,136]},"num_concepts_raised":14782},{"base_id":36,"kind":"bot_words","i1":3,"i2":7,"sol":{"path":["/c/en/murine","/c/en/gerbil","/c/en/slang","/c/en/smuggle"],"weight":0.2045699999999997,"degrees":[48,258,16318,149]},"num_concepts_raised":32554},{"base_id":36,"kind":"bot_words","i1":3,"i2":8,"sol":{"path":["/c/en/murine","/c/en/mouse","/c/en/computing","/c/en/posting"],"weight":0.20902999999999955,"degrees":[48,1280,9084,100]},"num_concepts_raised":42738},{"base_id":36,"kind":"bot_words","i1":3,"i2":9,"sol":{"path":["/c/en/murine","/c/en/mouse","/c/en/desk","/c/en/writing","/c/en/writings"],"weight":0.2042899999999998,"degrees":[48,1280,847,1875,29]},"num_concepts_raised":20741},{"base_id":36,"kind":"bot_words","i1":4,"i2":5,"sol":{"path":["/c/en/adequate","/c/ar/واجب","/c/en/binding","/c/en/paperback"],"weight":0.21308999999999945,"degrees":[340,42,391,117]},"num_concepts_raised":19311},{"base_id":36,"kind":"bot_words","i1":4,"i2":6,"sol":{"path":["/c/en/adequate","/c/la/ad","/c/en/admonish","/c/en/exhort"],"weight":0.20829999999999932,"degrees":[340,584,240,136]},"num_concepts_raised":16168},{"base_id":36,"kind":"bot_words","i1":4,"i2":7,"sol":{"path":["/c/en/adequate","/c/en/proper","/c/en/slang","/c/en/smuggle"],"weight":0.20953999999999942,"degrees":[340,782,16318,149]},"num_concepts_raised":33708},{"base_id":36,"kind":"bot_words","i1":4,"i2":8,"sol":{"path":["/c/en/adequate","/c/en/equal","/c/en/sign","/c/en/posting"],"weight":0.2148199999999993,"degrees":[340,1243,2004,100]},"num_concepts_raised":43829},{"base_id":36,"kind":"bot_words","i1":4,"i2":9,"sol":{"path":["/c/en/adequate","/c/en/just","/c/en/law","/c/en/writings"],"weight":0.2069699999999995,"degrees":[340,999,3727,29]},"num_concepts_raised":22029},{"base_id":36,"kind":"bot_words","i1":5,"i2":6,"sol":{"path":["/c/en/paperback","/c/en/book","/c/en/caution","/c/en/exhortation","/c/en/exhort"],"weight":0.2115899999999996,"degrees":[117,3239,412,101,136]},"num_concepts_raised":12363},{"base_id":36,"kind":"bot_words","i1":5,"i2":7,"sol":{"path":["/c/en/paperback","/c/en/book","/c/en/slang","/c/en/smuggle"],"weight":0.21086999999999972,"degrees":[117,3239,16318,149]},"num_concepts_raised":29948},{"base_id":36,"kind":"bot_words","i1":5,"i2":8,"sol":{"path":["/c/en/paperback","/c/en/paper","/c/en/post","/c/en/posting"],"weight":0.21697999999999956,"degrees":[117,2080,1560,100]},"num_concepts_raised":39775},{"base_id":36,"kind":"bot_words","i1":5,"i2":9,"sol":{"path":["/c/en/paperback","/c/en/book","/c/en/writings"],"weight":0.20400000000000001,"degrees":[117,3239,29]},"num_concepts_raised":113},{"base_id":36,"kind":"bot_words","i1":6,"i2":7,"sol":{"path":["/c/en/exhort","/c/enm/fusen","/c/en/charge","/c/en/smuggle"],"weight":0.2055199999999996,"degrees":[136,18,1848,149]},"num_concepts_raised":26976},{"base_id":36,"kind":"bot_words","i1":6,"i2":8,"sol":{"path":["/c/en/exhort","/c/ru/наставить","/c/en/place","/c/en/posting"],"weight":0.20969999999999944,"degrees":[136,36,3314,100]},"num_concepts_raised":37219},{"base_id":36,"kind":"bot_words","i1":6,"i2":9,"sol":{"path":["/c/en/exhort","/c/en/exhortation","/c/en/communication","/c/en/writing","/c/en/writings"],"weight":0.20618999999999965,"degrees":[136,101,873,1875,29]},"num_concepts_raised":15161},{"base_id":36,"kind":"bot_words","i1":7,"i2":8,"sol":{"path":["/c/en/smuggle","/c/en/slang","/c/en/blog","/c/en/posting"],"weight":0.21226999999999954,"degrees":[149,16318,448,100]},"num_concepts_raised":53390},{"base_id":36,"kind":"bot_words","i1":7,"i2":9,"sol":{"path":["/c/en/smuggle","/c/en/slang","/c/en/book","/c/en/writings"],"weight":0.20448999999999976,"degrees":[149,16318,3239,29]},"num_concepts_raised":32695},{"base_id":36,"kind":"bot_words","i1":8,"i2":9,"sol":{"path":["/c/en/posting","/c/en/post","/c/en/paper","/c/en/writings"],"weight":0.2108099999999996,"degrees":[100,1560,2080,29]},"num_concepts_raised":42402}],[{"base_id":36,"kind":"top_words","i1":0,"i2":1,"sol":{"path":["/c/en/discalced","/c/en/religion","/c/en/generic","/c/en/insect","/c/en/neuroptera"],"weight":0.2081599999999998,"degrees":[26,3331,341,2112,65]},"num_concepts_raised":6335},{"base_id":36,"kind":"top_words","i1":0,"i2":2,"sol":{"path":["/c/en/discalced","/c/en/religion","/c/fr/ordonner","/c/en/order"],"weight":0.24293000000000364,"degrees":[26,3331,319,2833]},"num_concepts_raised":208253},{"base_id":36,"kind":"top_words","i1":0,"i2":3,"sol":{"path":["/c/en/discalced","/c/fr/déchaux","/c/fr/religion","/c/en/carthusian"],"weight":0.20396999999999993,"degrees":[26,32,6634,37]},"num_concepts_raised":14155},{"base_id":36,"kind":"top_words","i1":0,"i2":4,"sol":{"path":["/c/en/discalced","/c/en/religion","/c/en/earth","/c/en/fungus","/c/en/agaricales"],"weight":0.2080599999999998,"degrees":[26,3331,2336,1236,56]},"num_concepts_raised":5455},{"base_id":36,"kind":"top_words","i1":0,"i2":5,"sol":{"path":["/c/en/discalced","/c/en/barefoot","/c/en/feet","/c/en/past","/c/en/chivalric"],"weight":0.20379999999999987,"degrees":[26,297,573,945,26]},"num_concepts_raised":6399},{"base_id":36,"kind":"top_words","i1":0,"i2":6,"sol":{"path":["/c/en/discalced","/c/en/religion","/c/en/earth","/c/en/fungus","/c/en/helotiales"],"weight":0.20770999999999987,"degrees":[26,3331,2336,1236,27]},"num_concepts_raised":5272},{"base_id":36,"kind":"top_words","i1":0,"i2":7,"sol":{"path":["/c/en/discalced","/c/en/religion","/c/en/tongue","/c/en/insect","/c/en/insectivorous","/c/en/insectivora"],"weight":0.21188439999999925,"degrees":[26,3331,1213,2112,97,71]},"num_concepts_raised":245058},{"base_id":36,"kind":"top_words","i1":0,"i2":8,"sol":{"path":["/c/en/discalced","/c/la/discalceo","/c/en/remove","/c/en/cricket","/c/en/orthoptera"],"weight":0.21062999999999973,"degrees":[26,154,1492,1394,89]},"num_concepts_raised":7821},{"base_id":36,"kind":"top_words","i1":0,"i2":9,"sol":{"path":["/c/en/discalced","/c/en/religion","/c/en/paradigmatic","/c/en/lexicography","/c/en/lexicographic"],"weight":0.20324,"degrees":[26,3331,34,299,49]},"num_concepts_raised":5435},{"base_id":36,"kind":"top_words","i1":1,"i2":2,"sol":{"path":["/c/en/neuroptera","/c/en/animal_order","/c/en/order"],"weight":0.20600000000000002,"degrees":[65,263,2833]},"num_concepts_raised":2435},{"base_id":36,"kind":"top_words","i1":1,"i2":3,"sol":{"path":["/c/en/neuroptera","/c/en/animal_order","/c/en/order","/c/en/carthusian"],"weight":0.20832999999999982,"degrees":[65,263,2833,37]},"num_concepts_raised":12630},{"base_id":36,"kind":"top_words","i1":1,"i2":4,"sol":{"path":["/c/en/neuroptera","/c/en/insect","/c/en/ground","/c/en/fungus","/c/en/agaricales"],"weight":0.21355999999999975,"degrees":[65,2112,1836,1236,56]},"num_concepts_raised":3529},{"base_id":36,"kind":"top_words","i1":1,"i2":5,"sol":{"path":["/c/en/neuroptera","/c/en/insect","/c/en/caste","/c/en/medieval","/c/en/chivalric"],"weight":0.2082199999999998,"degrees":[65,2112,378,464,26]},"num_concepts_raised":4490},{"base_id":36,"kind":"top_words","i1":1,"i2":6,"sol":{"path":["/c/en/neuroptera","/c/en/insect","/c/en/ground","/c/en/fungus","/c/en/helotiales"],"weight":0.2132099999999998,"degrees":[65,2112,1836,1236,27]},"num_concepts_raised":3346},{"base_id":36,"kind":"top_words","i1":1,"i2":7,"sol":{"path":["/c/en/neuroptera","/c/en/animal_order","/c/en/insectivora"],"weight":0.20600000000000002,"degrees":[65,263,71]},"num_concepts_raised":122},{"base_id":36,"kind":"top_words","i1":1,"i2":8,"sol":{"path":["/c/en/neuroptera","/c/en/insect","/c/en/orthoptera"],"weight":0.20600000000000002,"degrees":[65,2112,89]},"num_concepts_raised":133},{"base_id":36,"kind":"top_words","i1":1,"i2":9,"sol":{"path":["/c/en/neuroptera","/c/en/insect","/c/en/worker","/c/en/lexicographer","/c/en/lexicographic"],"weight":0.20868999999999993,"degrees":[65,2112,1829,127,49]},"num_concepts_raised":3518},{"base_id":36,"kind":"top_words","i1":2,"i2":3,"sol":{"path":["/c/en/order","/c/en/carthusian"],"weight":0.20400000000000001,"degrees":[2833,37]},"num_concepts_raised":2403},{"base_id":36,"kind":"top_words","i1":2,"i2":4,"sol":{"path":["/c/en/order","/c/en/agaric","/c/en/agaricales"],"weight":0.20600000000000002,"degrees":[2833,155,56]},"num_concepts_raised":2426},{"base_id":36,"kind":"top_words","i1":2,"i2":5,"sol":{"path":["/c/en/order","/c/nl/ridderorde","/c/en/chivalric"],"weight":0.20500000000000002,"degrees":[2833,30,26]},"num_concepts_raised":2401},{"base_id":36,"kind":"top_words","i1":2,"i2":6,"sol":{"path":["/c/en/order","/c/en/fungus_order","/c/en/helotiales"],"weight":0.20600000000000002,"degrees":[2833,38,27]},"num_concepts_raised":2402},{"base_id":36,"kind":"top_words","i1":2,"i2":7,"sol":{"path":["/c/en/order","/c/en/animal_order","/c/en/insectivora"],"weight":0.20600000000000002,"degrees":[2833,263,71]},"num_concepts_raised":2442},{"base_id":36,"kind":"top_words","i1":2,"i2":8,"sol":{"path":["/c/en/order","/c/en/cricket","/c/en/orthoptera"],"weight":0.20700000000000002,"degrees":[2833,1394,89]},"num_concepts_raised":2452},{"base_id":36,"kind":"top_words","i1":2,"i2":9,"sol":{"path":["/c/en/order","/c/en/dictionary","/c/en/lexicographic"],"weight":0.20400000000000001,"degrees":[2833,1003,49]},"num_concepts_raised":2407},{"base_id":36,"kind":"top_words","i1":3,"i2":4,"sol":{"path":["/c/en/carthusian","/c/en/monk","/c/en/agaric","/c/en/agaricales"],"weight":0.20829999999999982,"degrees":[37,723,155,56]},"num_concepts_raised":11758},{"base_id":36,"kind":"top_words","i1":3,"i2":5,"sol":{"path":["/c/en/carthusian","/c/en/order","/c/en/golden_fleece","/c/en/chivalric"],"weight":0.20285999999999987,"degrees":[37,2833,80,26]},"num_concepts_raised":12681},{"base_id":36,"kind":"top_words","i1":3,"i2":6,"sol":{"path":["/c/en/carthusian","/c/en/order","/c/en/fungus_order","/c/en/helotiales"],"weight":0.2078799999999999,"degrees":[37,2833,38,27]},"num_concepts_raised":11577},{"base_id":36,"kind":"top_words","i1":3,"i2":7,"sol":{"path":["/c/en/carthusian","/c/en/order","/c/en/animal_order","/c/en/insectivora"],"weight":0.2083999999999998,"degrees":[37,2833,263,71]},"num_concepts_raised":10997},{"base_id":36,"kind":"top_words","i1":3,"i2":8,"sol":{"path":["/c/en/carthusian","/c/en/order","/c/en/cricket","/c/en/orthoptera"],"weight":0.21079999999999977,"degrees":[37,2833,1394,89]},"num_concepts_raised":14111},{"base_id":36,"kind":"top_words","i1":3,"i2":9,"sol":{"path":["/c/en/carthusian","/c/en/order","/c/en/dictionary","/c/en/lexicographic"],"weight":0.20342000000000002,"degrees":[37,2833,1003,49]},"num_concepts_raised":11737},{"base_id":36,"kind":"top_words","i1":4,"i2":5,"sol":{"path":["/c/en/agaricales","/c/en/fungus","/c/en/old","/c/en/past","/c/en/chivalric"],"weight":0.2090899999999998,"degrees":[56,1236,2028,945,26]},"num_concepts_raised":3607},{"base_id":36,"kind":"top_words","i1":4,"i2":6,"sol":{"path":["/c/en/agaricales","/c/en/fungus","/c/en/helotiales"],"weight":0.20600000000000002,"degrees":[56,1236,27]},"num_concepts_raised":74},{"base_id":36,"kind":"top_words","i1":4,"i2":7,"sol":{"path":["/c/en/agaricales","/c/en/fungus","/c/en/mole","/c/en/insectivore","/c/en/insectivora"],"weight":0.21365999999999968,"degrees":[56,1236,1084,85,71]},"num_concepts_raised":1882},{"base_id":36,"kind":"top_words","i1":4,"i2":8,"sol":{"path":["/c/en/agaricales","/c/en/fungus","/c/en/field","/c/en/grasshopper","/c/en/orthoptera"],"weight":0.21800999999999965,"degrees":[56,1236,2150,446,89]},"num_concepts_raised":5018},{"base_id":36,"kind":"top_words","i1":4,"i2":9,"sol":{"path":["/c/en/agaricales","/c/en/agaric","/c/en/order","/c/en/dictionary","/c/en/lexicographic"],"weight":0.2085999999999999,"degrees":[56,155,2833,1003,49]},"num_concepts_raised":2635},{"base_id":36,"kind":"top_words","i1":5,"i2":6,"sol":{"path":["/c/en/chivalric","/c/en/past","/c/en/old","/c/en/fungus","/c/en/helotiales"],"weight":0.20873999999999987,"degrees":[26,945,2028,1236,27]},"num_concepts_raised":3424},{"base_id":36,"kind":"top_words","i1":5,"i2":7,"sol":{"path":["/c/en/chivalric","/c/en/golden_fleece","/c/en/order","/c/en/animal_order","/c/en/insectivora"],"weight":0.20817999999999975,"degrees":[26,80,2833,263,71]},"num_concepts_raised":2839},{"base_id":36,"kind":"top_words","i1":5,"i2":8,"sol":{"path":["/c/en/chivalric","/c/en/past","/c/en/over","/c/en/cricket","/c/en/orthoptera"],"weight":0.2115799999999997,"degrees":[26,945,1167,1394,89]},"num_concepts_raised":5974},{"base_id":36,"kind":"top_words","i1":5,"i2":9,"sol":{"path":["/c/en/chivalric","/c/en/past","/c/en/book","/c/en/dictionary","/c/en/lexicographic"],"weight":0.2042,"degrees":[26,945,3239,1003,49]},"num_concepts_raised":3585},{"base_id":36,"kind":"top_words","i1":6,"i2":7,"sol":{"path":["/c/en/helotiales","/c/en/fungus","/c/en/mole","/c/en/insectivore","/c/en/insectivora"],"weight":0.21330999999999975,"degrees":[27,1236,1084,85,71]},"num_concepts_raised":1699},{"base_id":36,"kind":"top_words","i1":6,"i2":8,"sol":{"path":["/c/en/helotiales","/c/en/fungus","/c/en/field","/c/en/grasshopper","/c/en/orthoptera"],"weight":0.21765999999999971,"degrees":[27,1236,2150,446,89]},"num_concepts_raised":4835},{"base_id":36,"kind":"top_words","i1":6,"i2":9,"sol":{"path":["/c/en/helotiales","/c/en/fungus_order","/c/en/order","/c/en/dictionary","/c/en/lexicographic"],"weight":0.20821999999999996,"degrees":[27,38,2833,1003,49]},"num_concepts_raised":2452},{"base_id":36,"kind":"top_words","i1":7,"i2":8,"sol":{"path":["/c/en/insectivora","/c/en/animal_order","/c/en/orthoptera"],"weight":0.20600000000000002,"degrees":[71,263,89]},"num_concepts_raised":141},{"base_id":36,"kind":"top_words","i1":7,"i2":9,"sol":{"path":["/c/en/insectivora","/c/en/insectology","/c/en/study","/c/en/dictionary","/c/en/lexicographic"],"weight":0.20874999999999988,"degrees":[71,45,1753,1003,49]},"num_concepts_raised":1864},{"base_id":36,"kind":"top_words","i1":8,"i2":9,"sol":{"path":["/c/en/orthoptera","/c/en/grasshopper","/c/en/big","/c/en/dictionary","/c/en/lexicographic"],"weight":0.21312999999999982,"degrees":[89,446,1222,1003,49]},"num_concepts_raised":5005}]]