[[{"base_id":182,"kind":"bot_words","i1":0,"i2":1,"sol":{"path":["/c/en/sufficiently","/c/pt/bastante","/c/en/legal","/c/en/dissolve","/c/en/disband"],"weight":0.2081199999999998,"degrees":[144,55,6627,545,107]},"num_concepts_raised":10127},{"base_id":182,"kind":"bot_words","i1":0,"i2":2,"sol":{"path":["/c/en/sufficiently","/c/en/enough","/c/en/person","/c/en/genie"],"weight":0.2134199999999998,"degrees":[144,585,12935,151]},"num_concepts_raised":25456},{"base_id":182,"kind":"bot_words","i1":0,"i2":3,"sol":{"path":["/c/en/sufficiently","/c/en/ok","/c/en/oklahoma","/c/en/choctaw","/c/en/muscogee"],"weight":0.21198999999999985,"degrees":[144,377,445,90,57]},"num_concepts_raised":7026},{"base_id":182,"kind":"bot_words","i1":0,"i2":4,"sol":{"path":["/c/en/sufficiently","/c/en/enough","/c/en/positive","/c/en/dogmatic","/c/en/dogmatically"],"weight":0.20772999999999991,"degrees":[144,585,611,115,26]},"num_concepts_raised":5183},{"base_id":182,"kind":"bot_words","i1":0,"i2":5,"sol":{"path":["/c/en/sufficiently","/c/en/enough","/c/en/amount","/c/en/double","/c/en/forked"],"weight":0.2074399999999998,"degrees":[144,585,1036,1095,83]},"num_concepts_raised":8124},{"base_id":182,"kind":"bot_words","i1":0,"i2":6,"sol":{"path":["/c/en/sufficiently","/c/en/enough","/c/en/payment","/c/en/rent","/c/en/renting"],"weight":0.21493999999999963,"degrees":[144,585,1024,851,92]},"num_concepts_raised":8099},{"base_id":182,"kind":"bot_words","i1":0,"i2":7,"sol":{"path":["/c/en/sufficiently","/c/en/degree","/c/en/document","/c/en/endnote"],"weight":0.20442999999999997,"degrees":[144,1513,1186,31]},"num_concepts_raised":9954},{"base_id":182,"kind":"bot_words","i1":0,"i2":8,"sol":{"path":["/c/en/sufficiently","/c/fr/suffisamment","/c/fr/nombre","/c/fr/trente","/c/en/trento"],"weight":0.2091999999999999,"degrees":[144,171,1346,511,30]},"num_concepts_raised":115225},{"base_id":182,"kind":"bot_words","i1":0,"i2":9,"sol":{"path":["/c/en/sufficiently","/c/fro/trop","/c/en/excessively","/c/en/schmaltz"],"weight":0.20429999999999993,"degrees":[144,12,301,29]},"num_concepts_raised":17075},{"base_id":182,"kind":"bot_words","i1":1,"i2":2,"sol":{"path":["/c/en/disband","/c/fi/hajota","/c/en/spirit","/c/en/genie"],"weight":0.2117599999999997,"degrees":[107,77,1615,151]},"num_concepts_raised":26104},{"base_id":182,"kind":"bot_words","i1":1,"i2":3,"sol":{"path":["/c/en/disband","/c/fi/hajota","/c/en/recess","/c/en/creek","/c/en/muscogee"],"weight":0.21222999999999975,"degrees":[107,77,309,235,57]},"num_concepts_raised":7649},{"base_id":182,"kind":"bot_words","i1":1,"i2":4,"sol":{"path":["/c/en/disband","/c/ga/scaoil","/c/en/medicine","/c/en/dogmatic","/c/en/dogmatically"],"weight":0.20567999999999986,"degrees":[107,44,11938,115,26]},"num_concepts_raised":5819},{"base_id":182,"kind":"bot_words","i1":1,"i2":5,"sol":{"path":["/c/en/disband","/c/fi/hajota","/c/en/separate","/c/en/fork","/c/en/forked"],"weight":0.2064899999999997,"degrees":[107,77,1556,669,83]},"num_concepts_raised":8751},{"base_id":182,"kind":"bot_words","i1":1,"i2":6,"sol":{"path":["/c/en/disband","/c/en/dissolve","/c/en/drive","/c/en/rent","/c/en/renting"],"weight":0.21338999999999958,"degrees":[107,545,2162,851,92]},"num_concepts_raised":8718},{"base_id":182,"kind":"bot_words","i1":1,"i2":7,"sol":{"path":["/c/en/disband","/c/en/dissolve","/c/en/end","/c/en/endnote"],"weight":0.20538999999999988,"degrees":[107,545,2782,31]},"num_concepts_raised":10574},{"base_id":182,"kind":"bot_words","i1":1,"i2":8,"sol":{"path":["/c/en/disband","/c/fi/hajottaa","/c/en/send","/c/fr/localités","/c/en/trento"],"weight":0.20488999999999982,"degrees":[107,64,990,110113,30]},"num_concepts_raised":115855},{"base_id":182,"kind":"bot_words","i1":1,"i2":9,"sol":{"path":["/c/en/disband","/c/en/band","/c/en/music","/c/en/schmaltz"],"weight":0.2037399999999998,"degrees":[107,1893,8822,29]},"num_concepts_raised":17640},{"base_id":182,"kind":"bot_words","i1":2,"i2":3,"sol":{"path":["/c/en/genie","/c/fr/génie","/c/en/genesis","/c/en/florida","/c/en/muscogee"],"weight":0.22117999999999974,"degrees":[151,255,327,492,57]},"num_concepts_raised":23042},{"base_id":182,"kind":"bot_words","i1":2,"i2":4,"sol":{"path":["/c/en/genie","/c/en/person","/c/en/belief","/c/en/dogmatic","/c/en/dogmatically"],"weight":0.21040999999999982,"degrees":[151,12935,773,115,26]},"num_concepts_raised":21265},{"base_id":182,"kind":"bot_words","i1":2,"i2":5,"sol":{"path":["/c/en/genie","/c/en/person","/c/en/double","/c/en/forked"],"weight":0.21005999999999964,"degrees":[151,12935,1095,83]},"num_concepts_raised":24124},{"base_id":182,"kind":"bot_words","i1":2,"i2":6,"sol":{"path":["/c/en/genie","/c/fr/génie","/c/fr/lieu","/c/fr/location","/c/en/renting"],"weight":0.22160999999999953,"degrees":[151,255,1743,168,92]},"num_concepts_raised":24139},{"base_id":182,"kind":"bot_words","i1":2,"i2":7,"sol":{"path":["/c/en/genie","/c/en/person","/c/en/end","/c/en/endnote"],"weight":0.20950999999999986,"degrees":[151,12935,2782,31]},"num_concepts_raised":25996},{"base_id":182,"kind":"bot_words","i1":2,"i2":8,"sol":{"path":["/c/en/genie","/c/fr/génie","/c/fr/ville","/c/fr/trente","/c/en/trento"],"weight":0.2179299999999998,"degrees":[151,255,8696,511,30]},"num_concepts_raised":131246},{"base_id":182,"kind":"bot_words","i1":2,"i2":9,"sol":{"path":["/c/en/genie","/c/en/person","/c/en/music","/c/en/schmaltz"],"weight":0.2094699999999998,"degrees":[151,12935,8822,29]},"num_concepts_raised":32957},{"base_id":182,"kind":"bot_words","i1":3,"i2":4,"sol":{"path":["/c/en/muscogee","/c/en/english_language","/c/en/physician","/c/en/dogmatic","/c/en/dogmatically"],"weight":0.20919999999999989,"degrees":[57,579,550,115,26]},"num_concepts_raised":2684},{"base_id":182,"kind":"bot_words","i1":3,"i2":5,"sol":{"path":["/c/en/muscogee","/c/en/creek","/c/en/lizard","/c/en/forked"],"weight":0.21080999999999972,"degrees":[57,235,939,83]},"num_concepts_raised":5652},{"base_id":182,"kind":"bot_words","i1":3,"i2":6,"sol":{"path":["/c/en/muscogee","/c/en/choctaw","/c/en/city","/c/en/apartment","/c/en/renting"],"weight":0.21608999999999962,"degrees":[57,90,3758,699,92]},"num_concepts_raised":5626},{"base_id":182,"kind":"bot_words","i1":3,"i2":7,"sol":{"path":["/c/en/muscogee","/c/en/english_language","/c/en/end","/c/en/endnote"],"weight":0.20831999999999992,"degrees":[57,579,2782,31]},"num_concepts_raised":7546},{"base_id":182,"kind":"bot_words","i1":3,"i2":8,"sol":{"path":["/c/en/muscogee","/c/en/creek","/c/en/river","/c/en/trent","/c/en/trento"],"weight":0.21125999999999984,"degrees":[57,235,2945,45,30]},"num_concepts_raised":112687},{"base_id":182,"kind":"bot_words","i1":3,"i2":9,"sol":{"path":["/c/en/muscogee","/c/en/choctaw","/c/en/language","/c/en/music","/c/en/schmaltz"],"weight":0.21038999999999985,"degrees":[57,90,4160,8822,29]},"num_concepts_raised":14696},{"base_id":182,"kind":"bot_words","i1":4,"i2":5,"sol":{"path":["/c/en/dogmatically","/c/en/pontificate","/c/fr/religion","/c/fr/double","/c/en/forked"],"weight":0.2032899999999998,"degrees":[26,87,6634,455,83]},"num_concepts_raised":3827},{"base_id":182,"kind":"bot_words","i1":4,"i2":6,"sol":{"path":["/c/en/dogmatically","/c/en/dogma","/c/en/authoritative","/c/en/authorization","/c/en/renting"],"weight":0.20840999999999968,"degrees":[26,277,175,255,92]},"num_concepts_raised":3796},{"base_id":182,"kind":"bot_words","i1":4,"i2":7,"sol":{"path":["/c/en/dogmatically","/c/en/dogmatic","/c/en/symbol","/c/en/note","/c/en/endnote"],"weight":0.20387,"degrees":[26,115,916,1578,31]},"num_concepts_raised":5703},{"base_id":182,"kind":"bot_words","i1":4,"i2":8,"sol":{"path":["/c/en/dogmatically","/c/en/lay_down_law","/c/en/law","/c/fr/localités","/c/en/trento"],"weight":0.20274999999999993,"degrees":[26,13,3727,110113,30]},"num_concepts_raised":110895},{"base_id":182,"kind":"bot_words","i1":4,"i2":9,"sol":{"path":["/c/en/dogmatically","/c/en/dogmatic","/c/en/medicine","/c/en/music","/c/en/schmaltz"],"weight":0.20376999999999995,"degrees":[26,115,11938,8822,29]},"num_concepts_raised":12873},{"base_id":182,"kind":"bot_words","i1":5,"i2":6,"sol":{"path":["/c/en/forked","/c/en/fork","/c/en/split","/c/en/rent","/c/en/renting"],"weight":0.21254999999999952,"degrees":[83,669,892,851,92]},"num_concepts_raised":6756},{"base_id":182,"kind":"bot_words","i1":5,"i2":7,"sol":{"path":["/c/en/forked","/c/en/double","/c/en/note","/c/en/endnote"],"weight":0.20352999999999982,"degrees":[83,1095,1578,31]},"num_concepts_raised":8634},{"base_id":182,"kind":"bot_words","i1":5,"i2":8,"sol":{"path":["/c/en/forked","/c/en/lizard","/c/en/italy","/c/en/trento"],"weight":0.20442999999999978,"degrees":[83,939,885,30]},"num_concepts_raised":113849},{"base_id":182,"kind":"bot_words","i1":5,"i2":9,"sol":{"path":["/c/en/forked","/c/en/double","/c/en/music","/c/en/schmaltz"],"weight":0.20345999999999978,"degrees":[83,1095,8822,29]},"num_concepts_raised":15748},{"base_id":182,"kind":"bot_words","i1":6,"i2":7,"sol":{"path":["/c/en/renting","/c/en/authorization","/c/en/document","/c/en/endnote"],"weight":0.20844999999999972,"degrees":[92,255,1186,31]},"num_concepts_raised":8592},{"base_id":182,"kind":"bot_words","i1":6,"i2":8,"sol":{"path":["/c/en/renting","/c/en/rent","/c/fr/louer","/c/fr/localités","/c/en/trento"],"weight":0.21109999999999965,"degrees":[92,851,418,110113,30]},"num_concepts_raised":113839},{"base_id":182,"kind":"bot_words","i1":6,"i2":9,"sol":{"path":["/c/en/renting","/c/en/rent","/c/en/like","/c/en/music","/c/en/schmaltz"],"weight":0.21093999999999966,"degrees":[92,851,2357,8822,29]},"num_concepts_raised":15784},{"base_id":182,"kind":"bot_words","i1":7,"i2":8,"sol":{"path":["/c/en/endnote","/c/en/note","/c/fr/ton","/c/fr/trente","/c/en/trento"],"weight":0.20507999999999996,"degrees":[31,1578,501,511,30]},"num_concepts_raised":115743},{"base_id":182,"kind":"bot_words","i1":7,"i2":9,"sol":{"path":["/c/en/endnote","/c/en/note","/c/en/music","/c/en/schmaltz"],"weight":0.20296999999999998,"degrees":[31,1578,8822,29]},"num_concepts_raised":17381},{"base_id":182,"kind":"bot_words","i1":8,"i2":9,"sol":{"path":["/c/en/trento","/c/fr/trente","/c/fr/ton","/c/en/music","/c/en/schmaltz"],"weight":0.2049899999999999,"degrees":[30,511,501,8822,29]},"num_concepts_raised":122885}],[{"base_id":182,"kind":"top_words","i1":0,"i2":1,"sol":{"path":["/c/en/compulsorily","/c/en/compulsory","/c/en/must","/c/en/grape","/c/en/sémillon"],"weight":0.21206999999999981,"degrees":[38,172,641,1090,26]},"num_concepts_raised":2726},{"base_id":182,"kind":"top_words","i1":0,"i2":2,"sol":{"path":["/c/en/compulsorily","/c/fr/forcément","/c/fr/mode","/c/en/farm","/c/en/cultivable"],"weight":0.20299999999999996,"degrees":[38,56,516,1479,26]},"num_concepts_raised":2199},{"base_id":182,"kind":"top_words","i1":0,"i2":3,"sol":{"path":["/c/en/compulsorily","/c/en/compulsory","/c/en/level","/c/en/metal","/c/en/smithing"],"weight":0.20387999999999984,"degrees":[38,172,1606,2107,30]},"num_concepts_raised":3252},{"base_id":182,"kind":"top_words","i1":0,"i2":4,"sol":{"path":["/c/en/compulsorily","/c/nrf/oblyigatouaithement","/c/en/jersey","/c/en/england","/c/en/freehold"],"weight":0.2041899999999998,"degrees":[38,5,6919,2303,59]},"num_concepts_raised":10381},{"base_id":182,"kind":"top_words","i1":0,"i2":5,"sol":{"path":["/c/en/compulsorily","/c/nrf/oblyigatouaithement","/c/en/jersey","/c/en/team","/c/en/carucate"],"weight":0.20419999999999994,"degrees":[38,5,6919,902,53]},"num_concepts_raised":20140},{"base_id":182,"kind":"top_words","i1":0,"i2":6,"sol":{"path":["/c/en/compulsorily","/c/fi/määräys","/c/en/order","/c/en/serialism"],"weight":0.20843999999999985,"degrees":[38,35,2833,74]},"num_concepts_raised":13812},{"base_id":182,"kind":"top_words","i1":0,"i2":7,"sol":{"path":["/c/en/compulsorily","/c/fi/määräys","/c/en/rule","/c/en/diarchy"],"weight":0.20294999999999985,"degrees":[38,35,2063,43]},"num_concepts_raised":7764},{"base_id":182,"kind":"top_words","i1":0,"i2":8,"sol":{"path":["/c/en/compulsorily","/c/fr/forcément","/c/fr/force","/c/fr/nature","/c/fr/monophysisme","/c/en/monophysitism"],"weight":0.21651739999999967,"degrees":[38,56,1098,801,28,79]},"num_concepts_raised":171916},{"base_id":182,"kind":"top_words","i1":0,"i2":9,"sol":{"path":["/c/en/compulsorily","/c/nrf/oblyigatouaithement","/c/en/jersey","/c/nrf/confistchi","/c/en/confiscate"],"weight":0.20688999999999974,"degrees":[38,5,6919,5,193]},"num_concepts_raised":9576},{"base_id":182,"kind":"top_words","i1":1,"i2":2,"sol":{"path":["/c/en/sémillon","/c/en/grape","/c/en/farm","/c/en/cultivable"],"weight":0.21202999999999997,"degrees":[26,1090,1479,26]},"num_concepts_raised":3825},{"base_id":182,"kind":"top_words","i1":1,"i2":3,"sol":{"path":["/c/en/sémillon","/c/en/grape","/c/en/water","/c/en/metal","/c/en/smithing"],"weight":0.21299999999999983,"degrees":[26,1090,4606,2107,30]},"num_concepts_raised":4872},{"base_id":182,"kind":"top_words","i1":1,"i2":4,"sol":{"path":["/c/en/sémillon","/c/en/grape","/c/en/delaware","/c/en/new_york","/c/en/freehold"],"weight":0.21235999999999977,"degrees":[26,1090,173,897,59]},"num_concepts_raised":11993},{"base_id":182,"kind":"top_words","i1":1,"i2":5,"sol":{"path":["/c/en/sémillon","/c/en/grape","/c/en/field","/c/en/acre","/c/en/carucate"],"weight":0.21469999999999992,"degrees":[26,1090,2150,324,53]},"num_concepts_raised":21718},{"base_id":182,"kind":"top_words","i1":1,"i2":6,"sol":{"path":["/c/en/sémillon","/c/en/grape","/c/en/melody","/c/en/music","/c/en/serialism"],"weight":0.21784999999999982,"degrees":[26,1090,500,8822,74]},"num_concepts_raised":15435},{"base_id":182,"kind":"top_words","i1":1,"i2":7,"sol":{"path":["/c/en/sémillon","/c/en/grape","/c/en/skin","/c/en/people","/c/en/diarchy"],"weight":0.21214999999999984,"degrees":[26,1090,2372,4475,43]},"num_concepts_raised":9384},{"base_id":182,"kind":"top_words","i1":1,"i2":8,"sol":{"path":["/c/en/sémillon","/c/en/wine","/c/en/christianity","/c/en/monophysitism"],"weight":0.21371999999999983,"degrees":[26,1776,2627,79]},"num_concepts_raised":5316},{"base_id":182,"kind":"top_words","i1":1,"i2":9,"sol":{"path":["/c/en/sémillon","/c/en/grape","/c/en/grapple","/c/fr/saisir","/c/en/confiscate"],"weight":0.21422999999999975,"degrees":[26,1090,177,677,193]},"num_concepts_raised":11219},{"base_id":182,"kind":"top_words","i1":2,"i2":3,"sol":{"path":["/c/en/cultivable","/c/en/farm","/c/en/pig","/c/en/metal","/c/en/smithing"],"weight":0.20385999999999999,"degrees":[26,1479,1398,2107,30]},"num_concepts_raised":4341},{"base_id":182,"kind":"top_words","i1":2,"i2":4,"sol":{"path":["/c/en/cultivable","/c/en/farm","/c/en/property","/c/en/freehold"],"weight":0.2031899999999999,"degrees":[26,1479,1664,59]},"num_concepts_raised":11381},{"base_id":182,"kind":"top_words","i1":2,"i2":5,"sol":{"path":["/c/en/cultivable","/c/zh/可耕地","/c/en/land","/c/en/carucate"],"weight":0.20453000000000005,"degrees":[26,7,2465,53]},"num_concepts_raised":21088},{"base_id":182,"kind":"top_words","i1":2,"i2":6,"sol":{"path":["/c/en/cultivable","/c/en/farm","/c/en/country","/c/en/music","/c/en/serialism"],"weight":0.20867999999999998,"degrees":[26,1479,2796,8822,74]},"num_concepts_raised":14909},{"base_id":182,"kind":"top_words","i1":2,"i2":7,"sol":{"path":["/c/en/cultivable","/c/en/farm","/c/en/human","/c/en/people","/c/en/diarchy"],"weight":0.20304,"degrees":[26,1479,2645,4475,43]},"num_concepts_raised":8846},{"base_id":182,"kind":"top_words","i1":2,"i2":8,"sol":{"path":["/c/en/cultivable","/c/en/farm","/c/en/collect","/c/en/christianity","/c/en/monophysitism"],"weight":0.20866999999999997,"degrees":[26,1479,939,2627,79]},"num_concepts_raised":4805},{"base_id":182,"kind":"top_words","i1":2,"i2":9,"sol":{"path":["/c/en/cultivable","/c/zh/可耕地","/c/en/land","/c/en/take","/c/en/confiscate"],"weight":0.20608999999999988,"degrees":[26,7,2465,2552,193]},"num_concepts_raised":10679},{"base_id":182,"kind":"top_words","i1":3,"i2":4,"sol":{"path":["/c/en/smithing","/c/en/metal","/c/en/car","/c/en/property","/c/en/freehold"],"weight":0.20415999999999979,"degrees":[30,2107,2328,1664,59]},"num_concepts_raised":12489},{"base_id":182,"kind":"top_words","i1":3,"i2":5,"sol":{"path":["/c/en/smithing","/c/en/metal","/c/en/rod","/c/en/acre","/c/en/carucate"],"weight":0.20646999999999993,"degrees":[30,2107,750,324,53]},"num_concepts_raised":22201},{"base_id":182,"kind":"top_words","i1":3,"i2":6,"sol":{"path":["/c/en/smithing","/c/en/metal","/c/en/music","/c/en/serialism"],"weight":0.20965999999999985,"degrees":[30,2107,8822,74]},"num_concepts_raised":15873},{"base_id":182,"kind":"top_words","i1":3,"i2":7,"sol":{"path":["/c/en/smithing","/c/en/metal","/c/en/group","/c/en/people","/c/en/diarchy"],"weight":0.20399999999999985,"degrees":[30,2107,2339,4475,43]},"num_concepts_raised":9886},{"base_id":182,"kind":"top_words","i1":3,"i2":8,"sol":{"path":["/c/en/smithing","/c/en/metal","/c/en/element","/c/en/christianity","/c/en/monophysitism"],"weight":0.20963999999999983,"degrees":[30,2107,1173,2627,79]},"num_concepts_raised":5858},{"base_id":182,"kind":"top_words","i1":3,"i2":9,"sol":{"path":["/c/en/smithing","/c/en/metal","/c/en/steal","/c/en/confiscate"],"weight":0.20588999999999974,"degrees":[30,2107,1033,193]},"num_concepts_raised":11725},{"base_id":182,"kind":"top_words","i1":4,"i2":5,"sol":{"path":["/c/en/freehold","/c/en/property","/c/en/acre","/c/en/carucate"],"weight":0.20580999999999988,"degrees":[59,1664,324,53]},"num_concepts_raised":28932},{"base_id":182,"kind":"top_words","i1":4,"i2":6,"sol":{"path":["/c/en/freehold","/c/fr/libre","/c/fr/mouvement","/c/fr/sérialisme","/c/en/serialism"],"weight":0.21282999999999977,"degrees":[59,557,1223,24,74]},"num_concepts_raised":22995},{"base_id":182,"kind":"top_words","i1":4,"i2":7,"sol":{"path":["/c/en/freehold","/c/en/life","/c/en/people","/c/en/diarchy"],"weight":0.2032499999999998,"degrees":[59,2241,4475,43]},"num_concepts_raised":16914},{"base_id":182,"kind":"top_words","i1":4,"i2":8,"sol":{"path":["/c/en/freehold","/c/en/england","/c/en/jacobite","/c/en/monophysitism"],"weight":0.20886999999999978,"degrees":[59,2303,47,79]},"num_concepts_raised":12962},{"base_id":182,"kind":"top_words","i1":4,"i2":9,"sol":{"path":["/c/en/freehold","/c/en/property","/c/en/possession","/c/en/confiscate"],"weight":0.2053399999999997,"degrees":[59,1664,673,193]},"num_concepts_raised":18567},{"base_id":182,"kind":"top_words","i1":5,"i2":6,"sol":{"path":["/c/en/carucate","/c/en/team","/c/en/note","/c/en/serialism"],"weight":0.20878999999999992,"degrees":[53,902,1578,74]},"num_concepts_raised":32501},{"base_id":182,"kind":"top_words","i1":5,"i2":7,"sol":{"path":["/c/en/carucate","/c/en/team","/c/en/people","/c/en/diarchy"],"weight":0.20332999999999996,"degrees":[53,902,4475,43]},"num_concepts_raised":26416},{"base_id":182,"kind":"top_words","i1":5,"i2":8,"sol":{"path":["/c/en/carucate","/c/en/hundred","/c/fr/histoire","/c/fr/monophysisme","/c/en/monophysitism"],"weight":0.2141999999999999,"degrees":[53,814,4439,28,79]},"num_concepts_raised":22650},{"base_id":182,"kind":"top_words","i1":5,"i2":9,"sol":{"path":["/c/en/carucate","/c/en/hide","/c/en/take","/c/en/confiscate"],"weight":0.20660999999999985,"degrees":[53,1620,2552,193]},"num_concepts_raised":28307},{"base_id":182,"kind":"top_words","i1":6,"i2":7,"sol":{"path":["/c/en/serialism","/c/en/order","/c/en/people","/c/en/diarchy"],"weight":0.20858999999999986,"degrees":[74,2833,4475,43]},"num_concepts_raised":20207},{"base_id":182,"kind":"top_words","i1":6,"i2":8,"sol":{"path":["/c/en/serialism","/c/en/order","/c/en/sect","/c/en/monophysite","/c/en/monophysitism"],"weight":0.21623999999999982,"degrees":[74,2833,415,61,79]},"num_concepts_raised":16395},{"base_id":182,"kind":"top_words","i1":6,"i2":9,"sol":{"path":["/c/en/serialism","/c/en/music","/c/en/take","/c/en/confiscate"],"weight":0.21080999999999975,"degrees":[74,8822,2552,193]},"num_concepts_raised":22143},{"base_id":182,"kind":"top_words","i1":7,"i2":8,"sol":{"path":["/c/en/diarchy","/c/en/people","/c/en/person","/c/en/heresy","/c/en/monophysitism"],"weight":0.20880999999999983,"degrees":[43,4475,12935,309,79]},"num_concepts_raised":10367},{"base_id":182,"kind":"top_words","i1":7,"i2":9,"sol":{"path":["/c/en/diarchy","/c/en/rule","/c/en/authority","/c/en/confiscate"],"weight":0.2049999999999998,"degrees":[43,2063,1198,193]},"num_concepts_raised":16096},{"base_id":182,"kind":"top_words","i1":8,"i2":9,"sol":{"path":["/c/en/monophysitism","/c/en/monophysite","/c/en/father","/c/en/authority","/c/en/confiscate"],"weight":0.21272999999999972,"degrees":[79,61,1655,1198,193]},"num_concepts_raised":12178}]]