[[{"base_id":166,"kind":"bot_words","i1":0,"i2":1,"sol":{"path":["/c/en/gazelle","/c/en/animal","/c/en/fish","/c/en/protein","/c/en/catenin"],"weight":0.2233799999999997,"degrees":[323,3735,4424,3124,28]},"num_concepts_raised":31843},{"base_id":166,"kind":"bot_words","i1":0,"i2":2,"sol":{"path":["/c/en/gazelle","/c/en/animal","/c/en/fish","/c/en/beam","/c/en/beaming"],"weight":0.21961999999999954,"degrees":[323,3735,4424,1036,59]},"num_concepts_raised":33420},{"base_id":166,"kind":"bot_words","i1":0,"i2":3,"sol":{"path":["/c/en/gazelle","/c/en/water","/c/en/rock","/c/en/syenite"],"weight":0.21600999999999965,"degrees":[323,4606,2349,24]},"num_concepts_raised":34776},{"base_id":166,"kind":"bot_words","i1":0,"i2":4,"sol":{"path":["/c/en/gazelle","/c/en/animal","/c/en/field","/c/en/geology","/c/en/tuya"],"weight":0.22327999999999965,"degrees":[323,3735,2150,3862,26]},"num_concepts_raised":33963},{"base_id":166,"kind":"bot_words","i1":0,"i2":5,"sol":{"path":["/c/en/gazelle","/c/en/animal","/c/en/wing","/c/en/aerodynamics"],"weight":0.22528999999999985,"degrees":[323,3735,1177,162]},"num_concepts_raised":38178},{"base_id":166,"kind":"bot_words","i1":0,"i2":6,"sol":{"path":["/c/en/gazelle","/c/en/animal","/c/en/bear","/c/en/engineering","/c/en/rated"],"weight":0.2182299999999996,"degrees":[323,3735,2152,1177,27]},"num_concepts_raised":31558},{"base_id":166,"kind":"bot_words","i1":0,"i2":7,"sol":{"path":["/c/en/gazelle","/c/en/animal","/c/en/human","/c/en/carib"],"weight":0.21853999999999962,"degrees":[323,3735,2645,41]},"num_concepts_raised":48703},{"base_id":166,"kind":"bot_words","i1":0,"i2":8,"sol":{"path":["/c/en/gazelle","/c/en/rain","/c/en/sun","/c/en/helio"],"weight":0.21785999999999953,"degrees":[323,1689,1994,81]},"num_concepts_raised":32248},{"base_id":166,"kind":"bot_words","i1":0,"i2":9,"sol":{"path":["/c/en/gazelle","/c/en/grass","/c/en/grasshopper","/c/en/acrididae"],"weight":0.21589999999999962,"degrees":[323,1578,446,24]},"num_concepts_raised":30067},{"base_id":166,"kind":"bot_words","i1":1,"i2":2,"sol":{"path":["/c/en/catenin","/c/en/protein","/c/en/express","/c/en/beam","/c/en/beaming"],"weight":0.20915999999999985,"degrees":[28,3124,1102,1036,59]},"num_concepts_raised":6730},{"base_id":166,"kind":"bot_words","i1":1,"i2":3,"sol":{"path":["/c/en/catenin","/c/en/protein","/c/en/fish","/c/en/rock","/c/en/syenite"],"weight":0.20786999999999994,"degrees":[28,3124,4424,2349,24]},"num_concepts_raised":8151},{"base_id":166,"kind":"bot_words","i1":1,"i2":4,"sol":{"path":["/c/en/catenin","/c/en/protein","/c/en/gluten","/c/en/geology","/c/en/tuya"],"weight":0.21285999999999994,"degrees":[28,3124,138,3862,26]},"num_concepts_raised":7247},{"base_id":166,"kind":"bot_words","i1":1,"i2":5,"sol":{"path":["/c/en/catenin","/c/en/protein","/c/en/anillin","/c/en/dynamics","/c/en/aerodynamics"],"weight":0.21697000000000013,"degrees":[28,3124,8,226,162]},"num_concepts_raised":11868},{"base_id":166,"kind":"bot_words","i1":1,"i2":6,"sol":{"path":["/c/en/catenin","/c/en/protein","/c/en/rank","/c/en/rate","/c/en/rated"],"weight":0.20774999999999988,"degrees":[28,3124,1403,913,27]},"num_concepts_raised":4813},{"base_id":166,"kind":"bot_words","i1":1,"i2":7,"sol":{"path":["/c/en/catenin","/c/fr/caténine","/c/fr/biologie","/c/en/science","/c/en/carib"],"weight":0.2099499999999999,"degrees":[28,8,2957,1674,41]},"num_concepts_raised":22947},{"base_id":166,"kind":"bot_words","i1":1,"i2":8,"sol":{"path":["/c/en/catenin","/c/en/protein","/c/en/energy","/c/en/sun","/c/en/helio"],"weight":0.20975999999999978,"degrees":[28,3124,1631,1994,81]},"num_concepts_raised":5531},{"base_id":166,"kind":"bot_words","i1":1,"i2":9,"sol":{"path":["/c/en/catenin","/c/it/catenina","/c/en/chain","/c/en/cricket","/c/en/grasshopper","/c/en/acrididae"],"weight":0.21175799999999984,"degrees":[28,10,1065,1394,446,24]},"num_concepts_raised":121410},{"base_id":166,"kind":"bot_words","i1":2,"i2":3,"sol":{"path":["/c/en/beaming","/c/en/bright","/c/en/polished","/c/en/granite","/c/en/syenite"],"weight":0.20426999999999979,"degrees":[59,1381,166,280,24]},"num_concepts_raised":9807},{"base_id":166,"kind":"bot_words","i1":2,"i2":4,"sol":{"path":["/c/en/beaming","/c/en/beam","/c/en/science","/c/en/geology","/c/en/tuya"],"weight":0.20909999999999979,"degrees":[59,1036,1674,3862,26]},"num_concepts_raised":8914},{"base_id":166,"kind":"bot_words","i1":2,"i2":5,"sol":{"path":["/c/en/beaming","/c/en/beam","/c/en/science","/c/en/aerodynamics"],"weight":0.2112,"degrees":[59,1036,1674,162]},"num_concepts_raised":13449},{"base_id":166,"kind":"bot_words","i1":2,"i2":6,"sol":{"path":["/c/en/beaming","/c/en/beam","/c/en/science","/c/en/engineering","/c/en/rated"],"weight":0.20399999999999974,"degrees":[59,1036,1674,1177,27]},"num_concepts_raised":6474},{"base_id":166,"kind":"bot_words","i1":2,"i2":7,"sol":{"path":["/c/en/beaming","/c/en/beam","/c/en/science","/c/en/carib"],"weight":0.20419999999999974,"degrees":[59,1036,1674,41]},"num_concepts_raised":24568},{"base_id":166,"kind":"bot_words","i1":2,"i2":8,"sol":{"path":["/c/en/beaming","/c/en/beam","/c/en/sun","/c/en/helio"],"weight":0.20599999999999963,"degrees":[59,1036,1994,81]},"num_concepts_raised":7149},{"base_id":166,"kind":"bot_words","i1":2,"i2":9,"sol":{"path":["/c/en/beaming","/c/en/beam","/c/en/wood","/c/en/locust","/c/en/acrididae"],"weight":0.20402999999999977,"degrees":[59,1036,2440,327,24]},"num_concepts_raised":4911},{"base_id":166,"kind":"bot_words","i1":3,"i2":4,"sol":{"path":["/c/en/syenite","/c/en/geology","/c/en/tuya"],"weight":0.20400000000000001,"degrees":[24,3862,26]},"num_concepts_raised":44},{"base_id":166,"kind":"bot_words","i1":3,"i2":5,"sol":{"path":["/c/en/syenite","/c/en/rock","/c/en/clean","/c/en/aerodynamics"],"weight":0.2099000000000001,"degrees":[24,2349,1667,162]},"num_concepts_raised":14876},{"base_id":166,"kind":"bot_words","i1":3,"i2":6,"sol":{"path":["/c/en/syenite","/c/en/rock","/c/en/bedrock","/c/en/engineering","/c/en/rated"],"weight":0.20272999999999985,"degrees":[24,2349,88,1177,27]},"num_concepts_raised":7883},{"base_id":166,"kind":"bot_words","i1":3,"i2":7,"sol":{"path":["/c/en/syenite","/c/en/geology","/c/en/science","/c/en/carib"],"weight":0.20286999999999986,"degrees":[24,3862,1674,41]},"num_concepts_raised":25977},{"base_id":166,"kind":"bot_words","i1":3,"i2":8,"sol":{"path":["/c/en/syenite","/c/en/feldspar","/c/en/heliolite","/c/en/helio"],"weight":0.2033299999999998,"degrees":[24,229,12,81]},"num_concepts_raised":8607},{"base_id":166,"kind":"bot_words","i1":3,"i2":9,"sol":{"path":["/c/en/syenite","/c/en/rock","/c/en/band","/c/en/locust","/c/en/acrididae"],"weight":0.20271999999999987,"degrees":[24,2349,1893,327,24]},"num_concepts_raised":6328},{"base_id":166,"kind":"bot_words","i1":4,"i2":5,"sol":{"path":["/c/en/tuya","/c/en/geology","/c/en/science","/c/en/aerodynamics"],"weight":0.2149100000000001,"degrees":[26,3862,1674,162]},"num_concepts_raised":14002},{"base_id":166,"kind":"bot_words","i1":4,"i2":6,"sol":{"path":["/c/en/tuya","/c/en/geology","/c/en/science","/c/en/engineering","/c/en/rated"],"weight":0.20769999999999986,"degrees":[26,3862,1674,1177,27]},"num_concepts_raised":6987},{"base_id":166,"kind":"bot_words","i1":4,"i2":7,"sol":{"path":["/c/en/tuya","/c/en/geology","/c/en/science","/c/en/carib"],"weight":0.20790999999999984,"degrees":[26,3862,1674,41]},"num_concepts_raised":25106},{"base_id":166,"kind":"bot_words","i1":4,"i2":8,"sol":{"path":["/c/en/tuya","/c/es/tuya","/c/en/botany","/c/en/heliotrope","/c/en/helio"],"weight":0.21043999999999974,"degrees":[26,17,6881,101,81]},"num_concepts_raised":7709},{"base_id":166,"kind":"bot_words","i1":4,"i2":9,"sol":{"path":["/c/en/tuya","/c/en/geology","/c/en/field","/c/en/grasshopper","/c/en/acrididae"],"weight":0.20768999999999987,"degrees":[26,3862,2150,446,24]},"num_concepts_raised":5428},{"base_id":166,"kind":"bot_words","i1":5,"i2":6,"sol":{"path":["/c/en/aerodynamics","/c/en/science","/c/en/engineering","/c/en/rated"],"weight":0.20984000000000005,"degrees":[162,1674,1177,27]},"num_concepts_raised":11533},{"base_id":166,"kind":"bot_words","i1":5,"i2":7,"sol":{"path":["/c/en/aerodynamics","/c/en/science","/c/en/carib"],"weight":0.20400000000000001,"degrees":[162,1674,41]},"num_concepts_raised":147},{"base_id":166,"kind":"bot_words","i1":5,"i2":8,"sol":{"path":["/c/en/aerodynamics","/c/en/gas","/c/en/sun","/c/en/helio"],"weight":0.21186999999999995,"degrees":[162,1636,1994,81]},"num_concepts_raised":12253},{"base_id":166,"kind":"bot_words","i1":5,"i2":9,"sol":{"path":["/c/en/aerodynamics","/c/en/gas","/c/en/big","/c/en/grasshopper","/c/en/acrididae"],"weight":0.20982000000000006,"degrees":[162,1636,1222,446,24]},"num_concepts_raised":10063},{"base_id":166,"kind":"bot_words","i1":6,"i2":7,"sol":{"path":["/c/en/rated","/c/en/engineering","/c/en/science","/c/en/carib"],"weight":0.20280999999999982,"degrees":[27,1177,1674,41]},"num_concepts_raised":22642},{"base_id":166,"kind":"bot_words","i1":6,"i2":8,"sol":{"path":["/c/en/rated","/c/zh/星級","/c/en/star","/c/en/sun","/c/en/helio"],"weight":0.2046299999999997,"degrees":[27,10,2132,1994,81]},"num_concepts_raised":5278},{"base_id":166,"kind":"bot_words","i1":6,"i2":9,"sol":{"path":["/c/en/rated","/c/en/engineering","/c/el/γρύλοσ","/c/en/grasshopper","/c/en/acrididae"],"weight":0.20258999999999983,"degrees":[27,1177,11,446,24]},"num_concepts_raised":2995},{"base_id":166,"kind":"bot_words","i1":7,"i2":8,"sol":{"path":["/c/en/carib","/c/en/human","/c/en/earth","/c/en/sun","/c/en/helio"],"weight":0.20487999999999973,"degrees":[41,2645,2336,1994,81]},"num_concepts_raised":23383},{"base_id":166,"kind":"bot_words","i1":7,"i2":9,"sol":{"path":["/c/en/carib","/c/en/human","/c/en/band","/c/en/locust","/c/en/acrididae"],"weight":0.2028499999999998,"degrees":[41,2645,1893,327,24]},"num_concepts_raised":21162},{"base_id":166,"kind":"bot_words","i1":8,"i2":9,"sol":{"path":["/c/en/helio","/c/en/sun","/c/en/big","/c/en/grasshopper","/c/en/acrididae"],"weight":0.2045799999999997,"degrees":[81,1994,1222,446,24]},"num_concepts_raised":3712}],[{"base_id":166,"kind":"top_words","i1":0,"i2":1,"sol":{"path":["/c/en/rural","/c/en/road","/c/en/concrete","/c/en/plasticizer"],"weight":0.2144299999999989,"degrees":[494,1871,676,92]},"num_concepts_raised":41319},{"base_id":166,"kind":"top_words","i1":0,"i2":2,"sol":{"path":["/c/en/rural","/c/en/area","/c/en/lantern","/c/en/lanternfish"],"weight":0.20978999999999903,"degrees":[494,1840,466,29]},"num_concepts_raised":43058},{"base_id":166,"kind":"top_words","i1":0,"i2":3,"sol":{"path":["/c/en/rural","/c/en/city","/c/en/ettelbruck"],"weight":0.20500000000000002,"degrees":[494,3758,42]},"num_concepts_raised":449},{"base_id":166,"kind":"top_words","i1":0,"i2":4,"sol":{"path":["/c/en/rural","/c/en/city","/c/en/township","/c/en/mazu"],"weight":0.21531999999999885,"degrees":[494,3758,151,60]},"num_concepts_raised":48625},{"base_id":166,"kind":"top_words","i1":0,"i2":5,"sol":{"path":["/c/en/rural","/c/en/field","/c/en/medicine","/c/en/cataplexy"],"weight":0.21394999999999892,"degrees":[494,2150,11938,39]},"num_concepts_raised":53017},{"base_id":166,"kind":"top_words","i1":0,"i2":6,"sol":{"path":["/c/en/rural","/c/en/country","/c/en/nature","/c/en/chemical","/c/en/fumigant"],"weight":0.21045999999999893,"degrees":[494,2796,1372,882,30]},"num_concepts_raised":40029},{"base_id":166,"kind":"top_words","i1":0,"i2":7,"sol":{"path":["/c/en/rural","/c/en/fly","/c/en/household","/c/en/dichlorvos"],"weight":0.21356999999999893,"degrees":[494,2276,580,31]},"num_concepts_raised":53155},{"base_id":166,"kind":"top_words","i1":0,"i2":8,"sol":{"path":["/c/en/rural","/c/en/country","/c/en/cattle","/c/en/artiodactyl"],"weight":0.21092999999999898,"degrees":[494,2796,953,53]},"num_concepts_raised":54146},{"base_id":166,"kind":"top_words","i1":0,"i2":9,"sol":{"path":["/c/en/rural","/c/en/country","/c/en/mining","/c/en/headsman"],"weight":0.21567999999999887,"degrees":[494,2796,883,40]},"num_concepts_raised":50975},{"base_id":166,"kind":"top_words","i1":1,"i2":2,"sol":{"path":["/c/en/plasticizer","/c/en/plastic","/c/en/slang","/c/en/fish","/c/en/lanternfish"],"weight":0.2118399999999999,"degrees":[92,799,16318,4424,29]},"num_concepts_raised":7227},{"base_id":166,"kind":"top_words","i1":1,"i2":3,"sol":{"path":["/c/en/plasticizer","/c/en/plastic","/c/en/cars","/c/en/city","/c/en/ettelbruck"],"weight":0.21591999999999978,"degrees":[92,799,288,3758,42]},"num_concepts_raised":7021},{"base_id":166,"kind":"top_words","i1":1,"i2":4,"sol":{"path":["/c/en/plasticizer","/c/en/pliable","/c/en/form","/c/en/mazu"],"weight":0.2138899999999997,"degrees":[92,174,2423,60]},"num_concepts_raised":13406},{"base_id":166,"kind":"top_words","i1":1,"i2":5,"sol":{"path":["/c/en/plasticizer","/c/en/plastic","/c/en/medicine","/c/en/cataplexy"],"weight":0.21585999999999977,"degrees":[92,799,11938,39]},"num_concepts_raised":17240},{"base_id":166,"kind":"top_words","i1":1,"i2":6,"sol":{"path":["/c/en/plasticizer","/c/en/plastic","/c/en/hydrogen_cyanide","/c/en/fumigant"],"weight":0.2106599999999998,"degrees":[92,799,144,30]},"num_concepts_raised":4058},{"base_id":166,"kind":"top_words","i1":1,"i2":7,"sol":{"path":["/c/en/plasticizer","/c/en/dibutyl_phthalate","/c/en/organic_compound","/c/en/dichlorvos"],"weight":0.21575999999999979,"degrees":[92,32,7764,31]},"num_concepts_raised":17258},{"base_id":166,"kind":"top_words","i1":1,"i2":8,"sol":{"path":["/c/en/plasticizer","/c/en/plastic","/c/en/pen","/c/en/zoology","/c/en/artiodactyl"],"weight":0.21210999999999985,"degrees":[92,799,944,8127,53]},"num_concepts_raised":18660},{"base_id":166,"kind":"top_words","i1":1,"i2":9,"sol":{"path":["/c/en/plasticizer","/c/en/plastic","/c/en/oil","/c/en/mining","/c/en/headsman"],"weight":0.21586999999999976,"degrees":[92,799,1904,883,40]},"num_concepts_raised":16231},{"base_id":166,"kind":"top_words","i1":2,"i2":3,"sol":{"path":["/c/en/lanternfish","/c/en/fish","/c/en/salmon","/c/en/city","/c/en/ettelbruck"],"weight":0.20913999999999988,"degrees":[29,4424,482,3758,42]},"num_concepts_raised":8837},{"base_id":166,"kind":"top_words","i1":2,"i2":4,"sol":{"path":["/c/en/lanternfish","/c/en/fish","/c/en/sea","/c/en/mazu"],"weight":0.2092599999999998,"degrees":[29,4424,1714,60]},"num_concepts_raised":15160},{"base_id":166,"kind":"top_words","i1":2,"i2":5,"sol":{"path":["/c/en/lanternfish","/c/en/fish","/c/en/water","/c/en/medicine","/c/en/cataplexy"],"weight":0.20907999999999988,"degrees":[29,4424,4606,11938,39]},"num_concepts_raised":19074},{"base_id":166,"kind":"top_words","i1":2,"i2":6,"sol":{"path":["/c/en/lanternfish","/c/en/fish","/c/en/water","/c/en/hydrogen_cyanide","/c/en/fumigant"],"weight":0.20390999999999992,"degrees":[29,4424,4606,144,30]},"num_concepts_raised":5906},{"base_id":166,"kind":"top_words","i1":2,"i2":7,"sol":{"path":["/c/en/lanternfish","/c/en/fish","/c/en/shark","/c/en/insect","/c/en/dichlorvos"],"weight":0.2089899999999999,"degrees":[29,4424,858,2112,31]},"num_concepts_raised":19236},{"base_id":166,"kind":"top_words","i1":2,"i2":8,"sol":{"path":["/c/en/lanternfish","/c/en/fish","/c/en/zoology","/c/en/artiodactyl"],"weight":0.20528999999999997,"degrees":[29,4424,8127,53]},"num_concepts_raised":20269},{"base_id":166,"kind":"top_words","i1":2,"i2":9,"sol":{"path":["/c/en/lanternfish","/c/en/fish","/c/en/animal","/c/en/film","/c/en/headsman"],"weight":0.20905999999999986,"degrees":[29,4424,3735,2504,40]},"num_concepts_raised":18032},{"base_id":166,"kind":"top_words","i1":3,"i2":4,"sol":{"path":["/c/en/ettelbruck","/c/en/city","/c/en/township","/c/en/mazu"],"weight":0.2132899999999997,"degrees":[42,3758,151,60]},"num_concepts_raised":14926},{"base_id":166,"kind":"top_words","i1":3,"i2":5,"sol":{"path":["/c/en/ettelbruck","/c/en/city","/c/en/sign","/c/en/disease","/c/en/cataplexy"],"weight":0.21316999999999975,"degrees":[42,3758,2004,4216,39]},"num_concepts_raised":18868},{"base_id":166,"kind":"top_words","i1":3,"i2":6,"sol":{"path":["/c/en/ettelbruck","/c/en/city","/c/en/water","/c/en/hydrogen_cyanide","/c/en/fumigant"],"weight":0.20796999999999977,"degrees":[42,3758,4606,144,30]},"num_concepts_raised":5698},{"base_id":166,"kind":"top_words","i1":3,"i2":7,"sol":{"path":["/c/en/ettelbruck","/c/en/city","/c/en/house","/c/en/household","/c/en/dichlorvos"],"weight":0.21303999999999979,"degrees":[42,3758,3114,580,31]},"num_concepts_raised":19043},{"base_id":166,"kind":"top_words","i1":3,"i2":8,"sol":{"path":["/c/en/ettelbruck","/c/en/city","/c/en/sex","/c/en/zoology","/c/en/artiodactyl"],"weight":0.20935999999999982,"degrees":[42,3758,1592,8127,53]},"num_concepts_raised":20246},{"base_id":166,"kind":"top_words","i1":3,"i2":9,"sol":{"path":["/c/en/ettelbruck","/c/en/city","/c/en/english_language","/c/en/headsman"],"weight":0.21309999999999973,"degrees":[42,3758,579,40]},"num_concepts_raised":17657},{"base_id":166,"kind":"top_words","i1":4,"i2":5,"sol":{"path":["/c/en/mazu","/c/en/primary","/c/en/medicine","/c/en/cataplexy"],"weight":0.2132299999999997,"degrees":[60,442,11938,39]},"num_concepts_raised":25205},{"base_id":166,"kind":"top_words","i1":4,"i2":6,"sol":{"path":["/c/en/mazu","/c/en/sea","/c/en/water","/c/en/hydrogen_cyanide","/c/en/fumigant"],"weight":0.2081099999999997,"degrees":[60,1714,4606,144,30]},"num_concepts_raised":12089},{"base_id":166,"kind":"top_words","i1":4,"i2":7,"sol":{"path":["/c/en/mazu","/c/en/chinese","/c/en/person","/c/en/household","/c/en/dichlorvos"],"weight":0.2131899999999997,"degrees":[60,911,12935,580,31]},"num_concepts_raised":25405},{"base_id":166,"kind":"top_words","i1":4,"i2":8,"sol":{"path":["/c/en/mazu","/c/en/girl","/c/en/pig","/c/en/artiodactyl"],"weight":0.20844999999999977,"degrees":[60,1749,1398,53]},"num_concepts_raised":26517},{"base_id":166,"kind":"top_words","i1":4,"i2":9,"sol":{"path":["/c/en/mazu","/c/zh/天后","/c/en/historical","/c/en/headsman"],"weight":0.21324999999999966,"degrees":[60,17,8415,40]},"num_concepts_raised":23904},{"base_id":166,"kind":"top_words","i1":5,"i2":6,"sol":{"path":["/c/en/cataplexy","/c/en/medicine","/c/en/drug","/c/en/dichlorvos","/c/en/fumigant"],"weight":0.2079099999999998,"degrees":[39,11938,4920,31,30]},"num_concepts_raised":15907},{"base_id":166,"kind":"top_words","i1":5,"i2":7,"sol":{"path":["/c/en/cataplexy","/c/en/medicine","/c/en/drug","/c/en/dichlorvos"],"weight":0.21297999999999978,"degrees":[39,11938,4920,31]},"num_concepts_raised":28675},{"base_id":166,"kind":"top_words","i1":5,"i2":8,"sol":{"path":["/c/en/cataplexy","/c/en/medicine","/c/en/science","/c/en/zoology","/c/en/artiodactyl"],"weight":0.20933999999999986,"degrees":[39,11938,1674,8127,53]},"num_concepts_raised":30377},{"base_id":166,"kind":"top_words","i1":5,"i2":9,"sol":{"path":["/c/en/cataplexy","/c/en/disease","/c/en/decapitation","/c/en/headsman"],"weight":0.21302999999999975,"degrees":[39,4216,156,40]},"num_concepts_raised":27970},{"base_id":166,"kind":"top_words","i1":6,"i2":7,"sol":{"path":["/c/en/fumigant","/c/en/dichlorvos"],"weight":0.20400000000000001,"degrees":[30,31]},"num_concepts_raised":55},{"base_id":166,"kind":"top_words","i1":6,"i2":8,"sol":{"path":["/c/en/fumigant","/c/en/chemical","/c/en/alarm_substance","/c/en/zoology","/c/en/artiodactyl"],"weight":0.20405999999999985,"degrees":[30,882,8,8127,53]},"num_concepts_raised":17338},{"base_id":166,"kind":"top_words","i1":6,"i2":9,"sol":{"path":["/c/en/fumigant","/c/en/hydrogen_cyanide","/c/en/production","/c/en/mining","/c/en/headsman"],"weight":0.20785999999999977,"degrees":[30,144,852,883,40]},"num_concepts_raised":14926},{"base_id":166,"kind":"top_words","i1":7,"i2":8,"sol":{"path":["/c/en/dichlorvos","/c/en/insect","/c/en/animal","/c/en/zoology","/c/en/artiodactyl"],"weight":0.20934999999999987,"degrees":[31,2112,3735,8127,53]},"num_concepts_raised":30496},{"base_id":166,"kind":"top_words","i1":7,"i2":9,"sol":{"path":["/c/en/dichlorvos","/c/en/insect","/c/en/worker","/c/en/executioner","/c/en/headsman"],"weight":0.21310999999999977,"degrees":[31,2112,1829,229,40]},"num_concepts_raised":28213},{"base_id":166,"kind":"top_words","i1":8,"i2":9,"sol":{"path":["/c/en/artiodactyl","/c/en/deer","/c/en/foal","/c/en/headsman"],"weight":0.21029999999999982,"degrees":[53,862,355,40]},"num_concepts_raised":29368}]]