[[{"base_id":936,"kind":"bot_words","i1":0,"i2":1,"sol":{"path":["/c/en/pit","/c/en/slang","/c/pt/pira","/c/en/pyre"],"weight":0.21635999999999841,"degrees":[875,16318,18,108]},"num_concepts_raised":94406},{"base_id":936,"kind":"bot_words","i1":0,"i2":2,"sol":{"path":["/c/en/pit","/c/en/area","/c/en/diverse","/c/en/diversity"],"weight":0.2250799999999983,"degrees":[875,1840,308,228]},"num_concepts_raised":106823},{"base_id":936,"kind":"bot_words","i1":0,"i2":3,"sol":{"path":["/c/en/pit","/c/en/pip","/c/en/fireman","/c/en/firefighter"],"weight":0.2272699999999987,"degrees":[875,236,177,244]},"num_concepts_raised":94149},{"base_id":936,"kind":"bot_words","i1":0,"i2":4,"sol":{"path":["/c/en/pit","/c/en/slang","/c/en/curse","/c/en/blaspheme"],"weight":0.2158199999999984,"degrees":[875,16318,838,117]},"num_concepts_raised":94246},{"base_id":936,"kind":"bot_words","i1":0,"i2":5,"sol":{"path":["/c/en/pit","/c/en/slang","/c/en/class","/c/en/trilobite"],"weight":0.2197299999999982,"degrees":[875,16318,1926,143]},"num_concepts_raised":92696},{"base_id":936,"kind":"bot_words","i1":0,"i2":6,"sol":{"path":["/c/en/pit","/c/en/hole","/c/en/player","/c/en/nomad","/c/en/nomadism"],"weight":0.21695999999999854,"degrees":[875,1499,1005,253,28]},"num_concepts_raised":89184},{"base_id":936,"kind":"bot_words","i1":0,"i2":7,"sol":{"path":["/c/en/pit","/c/en/country","/c/en/ecuador","/c/en/cotopaxi"],"weight":0.2203999999999984,"degrees":[875,2796,367,58]},"num_concepts_raised":89675},{"base_id":936,"kind":"bot_words","i1":0,"i2":8,"sol":{"path":["/c/en/pit","/c/en/personal","/c/en/advertisement"],"weight":0.202,"degrees":[875,866,456]},"num_concepts_raised":1091},{"base_id":936,"kind":"bot_words","i1":0,"i2":9,"sol":{"path":["/c/en/pit","/c/en/grave","/c/en/danger","/c/en/wary"],"weight":0.21641999999999834,"degrees":[875,1050,747,189]},"num_concepts_raised":95444},{"base_id":936,"kind":"bot_words","i1":1,"i2":2,"sol":{"path":["/c/en/pyre","/c/en/doublet","/c/en/different","/c/en/diversity"],"weight":0.21176999999999974,"degrees":[108,109,823,228]},"num_concepts_raised":26211},{"base_id":936,"kind":"bot_words","i1":1,"i2":3,"sol":{"path":["/c/en/pyre","/c/en/fire","/c/en/fireman","/c/en/firefighter"],"weight":0.21843000000000012,"degrees":[108,2829,177,244]},"num_concepts_raised":12236},{"base_id":936,"kind":"bot_words","i1":1,"i2":4,"sol":{"path":["/c/en/pyre","/c/fr/bûcher","/c/fr/religion","/c/la/blasphemo","/c/en/blaspheme"],"weight":0.2093999999999998,"degrees":[108,185,6634,173,117]},"num_concepts_raised":12093},{"base_id":936,"kind":"bot_words","i1":1,"i2":5,"sol":{"path":["/c/en/pyre","/c/en/fire","/c/en/ice","/c/en/lobe","/c/en/trilobite"],"weight":0.21367999999999965,"degrees":[108,2829,1256,253,143]},"num_concepts_raised":10730},{"base_id":936,"kind":"bot_words","i1":1,"i2":6,"sol":{"path":["/c/en/pyre","/c/en/fire","/c/en/sports","/c/en/nomad","/c/en/nomadism"],"weight":0.20631999999999998,"degrees":[108,2829,3417,253,28]},"num_concepts_raised":6683},{"base_id":936,"kind":"bot_words","i1":1,"i2":7,"sol":{"path":["/c/en/pyre","/c/en/fire","/c/en/volcano","/c/en/cotopaxi"],"weight":0.21062999999999985,"degrees":[108,2829,645,58]},"num_concepts_raised":7185},{"base_id":936,"kind":"bot_words","i1":1,"i2":8,"sol":{"path":["/c/en/pyre","/c/en/pile","/c/en/column","/c/en/advertisement"],"weight":0.2105999999999995,"degrees":[108,814,1203,456]},"num_concepts_raised":45215},{"base_id":936,"kind":"bot_words","i1":1,"i2":9,"sol":{"path":["/c/en/pyre","/c/en/fire","/c/en/danger","/c/en/wary"],"weight":0.20728999999999978,"degrees":[108,2829,747,189]},"num_concepts_raised":13385},{"base_id":936,"kind":"bot_words","i1":2,"i2":3,"sol":{"path":["/c/en/diversity","/c/en/person","/c/en/fireperson","/c/en/firefighter"],"weight":0.22083000000000003,"degrees":[228,12935,11,244]},"num_concepts_raised":25724},{"base_id":936,"kind":"bot_words","i1":2,"i2":4,"sol":{"path":["/c/en/diversity","/c/en/person","/c/en/cuss","/c/en/blaspheme"],"weight":0.2127299999999997,"degrees":[228,12935,63,117]},"num_concepts_raised":25642},{"base_id":936,"kind":"bot_words","i1":2,"i2":5,"sol":{"path":["/c/en/diversity","/c/en/variety","/c/en/class","/c/en/trilobite"],"weight":0.21954999999999952,"degrees":[228,632,1926,143]},"num_concepts_raised":24215},{"base_id":936,"kind":"bot_words","i1":2,"i2":6,"sol":{"path":["/c/en/diversity","/c/en/person","/c/en/nomad","/c/en/nomadism"],"weight":0.21164999999999987,"degrees":[228,12935,253,28]},"num_concepts_raised":20332},{"base_id":936,"kind":"bot_words","i1":2,"i2":7,"sol":{"path":["/c/en/diversity","/c/en/person","/c/qu/supay","/c/en/ecuador","/c/en/cotopaxi"],"weight":0.21794999999999976,"degrees":[228,12935,23,367,58]},"num_concepts_raised":20870},{"base_id":936,"kind":"bot_words","i1":2,"i2":8,"sol":{"path":["/c/en/diversity","/c/en/person","/c/en/advertisement"],"weight":0.20400000000000001,"degrees":[228,12935,456]},"num_concepts_raised":539},{"base_id":936,"kind":"bot_words","i1":2,"i2":9,"sol":{"path":["/c/en/diversity","/c/en/person","/c/en/aware","/c/en/wary"],"weight":0.2127199999999997,"degrees":[228,12935,305,189]},"num_concepts_raised":26888},{"base_id":936,"kind":"bot_words","i1":3,"i2":4,"sol":{"path":["/c/en/firefighter","/c/en/fireman","/c/en/safety","/c/en/against","/c/en/blaspheme"],"weight":0.2169500000000001,"degrees":[244,177,546,622,117]},"num_concepts_raised":11727},{"base_id":936,"kind":"bot_words","i1":3,"i2":5,"sol":{"path":["/c/en/firefighter","/c/fr/pompier","/c/en/slang","/c/en/class","/c/en/trilobite"],"weight":0.2203799999999999,"degrees":[244,146,16318,1926,143]},"num_concepts_raised":10351},{"base_id":936,"kind":"bot_words","i1":3,"i2":6,"sol":{"path":["/c/en/firefighter","/c/en/fireperson","/c/en/person","/c/en/nomad","/c/en/nomadism"],"weight":0.21426000000000028,"degrees":[244,11,12935,253,28]},"num_concepts_raised":6319},{"base_id":936,"kind":"bot_words","i1":3,"i2":7,"sol":{"path":["/c/en/firefighter","/c/en/fireman","/c/en/fire","/c/en/volcano","/c/en/cotopaxi"],"weight":0.22145000000000015,"degrees":[244,177,2829,645,58]},"num_concepts_raised":6843},{"base_id":936,"kind":"bot_words","i1":3,"i2":8,"sol":{"path":["/c/en/firefighter","/c/en/company","/c/en/commercial","/c/en/advertisement"],"weight":0.2197099999999998,"degrees":[244,2258,505,456]},"num_concepts_raised":44658},{"base_id":936,"kind":"bot_words","i1":3,"i2":9,"sol":{"path":["/c/en/firefighter","/c/en/fireman","/c/en/fire","/c/en/danger","/c/en/wary"],"weight":0.21809000000000006,"degrees":[244,177,2829,747,189]},"num_concepts_raised":13011},{"base_id":936,"kind":"bot_words","i1":4,"i2":5,"sol":{"path":["/c/en/blaspheme","/c/en/talk","/c/en/cheek","/c/en/trilobite"],"weight":0.2103599999999996,"degrees":[117,1956,741,143]},"num_concepts_raised":10138},{"base_id":936,"kind":"bot_words","i1":4,"i2":6,"sol":{"path":["/c/en/blaspheme","/c/en/cuss","/c/en/person","/c/en/nomad","/c/en/nomadism"],"weight":0.20615999999999995,"degrees":[117,63,12935,253,28]},"num_concepts_raised":6058},{"base_id":936,"kind":"bot_words","i1":4,"i2":7,"sol":{"path":["/c/en/blaspheme","/c/en/talk","/c/en/gas","/c/en/volcano","/c/en/cotopaxi"],"weight":0.2093199999999998,"degrees":[117,1956,1636,645,58]},"num_concepts_raised":6581},{"base_id":936,"kind":"bot_words","i1":4,"i2":8,"sol":{"path":["/c/en/blaspheme","/c/en/cuss","/c/en/person","/c/en/advertisement"],"weight":0.2106499999999995,"degrees":[117,63,12935,456]},"num_concepts_raised":44731},{"base_id":936,"kind":"bot_words","i1":4,"i2":9,"sol":{"path":["/c/en/blaspheme","/c/en/blasphemous","/c/en/blue","/c/en/shy","/c/en/wary"],"weight":0.20897999999999975,"degrees":[117,89,1611,473,189]},"num_concepts_raised":12763},{"base_id":936,"kind":"bot_words","i1":5,"i2":6,"sol":{"path":["/c/en/trilobite","/c/en/class","/c/en/nomad","/c/en/nomadism"],"weight":0.21037999999999976,"degrees":[143,1926,253,28]},"num_concepts_raised":4714},{"base_id":936,"kind":"bot_words","i1":5,"i2":7,"sol":{"path":["/c/en/trilobite","/c/en/extinct","/c/en/volcano","/c/en/cotopaxi"],"weight":0.21466999999999964,"degrees":[143,563,645,58]},"num_concepts_raised":5226},{"base_id":936,"kind":"bot_words","i1":5,"i2":8,"sol":{"path":["/c/en/trilobite","/c/pt/trilobita","/c/en/biology","/c/en/person","/c/en/advertisement"],"weight":0.2189799999999993,"degrees":[143,9,6216,12935,456]},"num_concepts_raised":43338},{"base_id":936,"kind":"bot_words","i1":5,"i2":9,"sol":{"path":["/c/en/trilobite","/c/en/extinct","/c/en/horse","/c/en/shy","/c/en/wary"],"weight":0.21328999999999956,"degrees":[143,563,3068,473,189]},"num_concepts_raised":11427},{"base_id":936,"kind":"bot_words","i1":6,"i2":7,"sol":{"path":["/c/en/nomadism","/c/en/nomad","/c/en/numidia","/c/en/country","/c/en/ecuador","/c/en/cotopaxi"],"weight":0.21555109999999972,"degrees":[28,253,91,2796,367,58]},"num_concepts_raised":85107},{"base_id":936,"kind":"bot_words","i1":6,"i2":8,"sol":{"path":["/c/en/nomadism","/c/en/nomad","/c/en/person","/c/en/advertisement"],"weight":0.20956999999999965,"degrees":[28,253,12935,456]},"num_concepts_raised":39516},{"base_id":936,"kind":"bot_words","i1":6,"i2":9,"sol":{"path":["/c/en/nomadism","/c/en/nomad","/c/en/person","/c/en/aware","/c/en/wary"],"weight":0.20614999999999992,"degrees":[28,253,12935,305,189]},"num_concepts_raised":7374},{"base_id":936,"kind":"bot_words","i1":7,"i2":8,"sol":{"path":["/c/en/cotopaxi","/c/en/ecuador","/c/es/pautaje","/c/en/advertisement"],"weight":0.21577999999999953,"degrees":[58,367,10,456]},"num_concepts_raised":40048},{"base_id":936,"kind":"bot_words","i1":7,"i2":9,"sol":{"path":["/c/en/cotopaxi","/c/en/volcano","/c/en/fire","/c/en/danger","/c/en/wary"],"weight":0.21029999999999976,"degrees":[58,645,2829,747,189]},"num_concepts_raised":7896},{"base_id":936,"kind":"bot_words","i1":8,"i2":9,"sol":{"path":["/c/en/advertisement","/c/en/notice","/c/en/alert","/c/en/wary"],"weight":0.21211999999999948,"degrees":[456,971,465,189]},"num_concepts_raised":45781}],[{"base_id":936,"kind":"top_words","i1":0,"i2":1,"sol":{"path":["/c/en/metronidazole","/c/en/drug","/c/en/amitriptyline"],"weight":0.20700000000000002,"degrees":[43,4920,43]},"num_concepts_raised":71},{"base_id":936,"kind":"top_words","i1":0,"i2":2,"sol":{"path":["/c/en/metronidazole","/c/en/drug","/c/en/cyclophosphamide"],"weight":0.20700000000000002,"degrees":[43,4920,43]},"num_concepts_raised":77},{"base_id":936,"kind":"top_words","i1":0,"i2":3,"sol":{"path":["/c/en/metronidazole","/c/en/drug","/c/en/azathioprine"],"weight":0.20600000000000002,"degrees":[43,4920,32]},"num_concepts_raised":66},{"base_id":936,"kind":"top_words","i1":0,"i2":4,"sol":{"path":["/c/en/metronidazole","/c/en/drug","/c/en/verapamil"],"weight":0.20600000000000002,"degrees":[43,4920,37]},"num_concepts_raised":72},{"base_id":936,"kind":"top_words","i1":0,"i2":5,"sol":{"path":["/c/en/metronidazole","/c/en/drug","/c/en/albendazole"],"weight":0.20600000000000002,"degrees":[43,4920,33]},"num_concepts_raised":66},{"base_id":936,"kind":"top_words","i1":0,"i2":6,"sol":{"path":["/c/en/metronidazole","/c/en/drug","/c/en/metoclopramide"],"weight":0.20700000000000002,"degrees":[43,4920,33]},"num_concepts_raised":68},{"base_id":936,"kind":"top_words","i1":0,"i2":7,"sol":{"path":["/c/en/metronidazole","/c/en/drug","/c/en/doxorubicin"],"weight":0.20700000000000002,"degrees":[43,4920,51]},"num_concepts_raised":76},{"base_id":936,"kind":"top_words","i1":0,"i2":8,"sol":{"path":["/c/en/metronidazole","/c/en/drug","/c/en/clindamycin"],"weight":0.20700000000000002,"degrees":[43,4920,39]},"num_concepts_raised":71},{"base_id":936,"kind":"top_words","i1":0,"i2":9,"sol":{"path":["/c/en/metronidazole","/c/en/drug","/c/en/imipramine"],"weight":0.20600000000000002,"degrees":[43,4920,35]},"num_concepts_raised":68},{"base_id":936,"kind":"top_words","i1":1,"i2":2,"sol":{"path":["/c/en/amitriptyline","/c/en/drug","/c/en/cyclophosphamide"],"weight":0.20800000000000002,"degrees":[43,4920,43]},"num_concepts_raised":74},{"base_id":936,"kind":"top_words","i1":1,"i2":3,"sol":{"path":["/c/en/amitriptyline","/c/en/drug","/c/en/azathioprine"],"weight":0.20700000000000002,"degrees":[43,4920,32]},"num_concepts_raised":62},{"base_id":936,"kind":"top_words","i1":1,"i2":4,"sol":{"path":["/c/en/amitriptyline","/c/en/drug","/c/en/verapamil"],"weight":0.20700000000000002,"degrees":[43,4920,37]},"num_concepts_raised":69},{"base_id":936,"kind":"top_words","i1":1,"i2":5,"sol":{"path":["/c/en/amitriptyline","/c/en/drug","/c/en/albendazole"],"weight":0.20700000000000002,"degrees":[43,4920,33]},"num_concepts_raised":63},{"base_id":936,"kind":"top_words","i1":1,"i2":6,"sol":{"path":["/c/en/amitriptyline","/c/en/drug","/c/en/metoclopramide"],"weight":0.20800000000000002,"degrees":[43,4920,33]},"num_concepts_raised":64},{"base_id":936,"kind":"top_words","i1":1,"i2":7,"sol":{"path":["/c/en/amitriptyline","/c/en/drug","/c/en/doxorubicin"],"weight":0.20800000000000002,"degrees":[43,4920,51]},"num_concepts_raised":74},{"base_id":936,"kind":"top_words","i1":1,"i2":8,"sol":{"path":["/c/en/amitriptyline","/c/en/drug","/c/en/clindamycin"],"weight":0.20800000000000002,"degrees":[43,4920,39]},"num_concepts_raised":70},{"base_id":936,"kind":"top_words","i1":1,"i2":9,"sol":{"path":["/c/en/amitriptyline","/c/en/drug","/c/en/imipramine"],"weight":0.20700000000000002,"degrees":[43,4920,35]},"num_concepts_raised":65},{"base_id":936,"kind":"top_words","i1":2,"i2":3,"sol":{"path":["/c/en/cyclophosphamide","/c/en/drug","/c/en/azathioprine"],"weight":0.20700000000000002,"degrees":[43,4920,32]},"num_concepts_raised":68},{"base_id":936,"kind":"top_words","i1":2,"i2":4,"sol":{"path":["/c/en/cyclophosphamide","/c/en/drug","/c/en/verapamil"],"weight":0.20700000000000002,"degrees":[43,4920,37]},"num_concepts_raised":75},{"base_id":936,"kind":"top_words","i1":2,"i2":5,"sol":{"path":["/c/en/cyclophosphamide","/c/en/drug","/c/en/albendazole"],"weight":0.20700000000000002,"degrees":[43,4920,33]},"num_concepts_raised":68},{"base_id":936,"kind":"top_words","i1":2,"i2":6,"sol":{"path":["/c/en/cyclophosphamide","/c/en/drug","/c/en/metoclopramide"],"weight":0.20800000000000002,"degrees":[43,4920,33]},"num_concepts_raised":70},{"base_id":936,"kind":"top_words","i1":2,"i2":7,"sol":{"path":["/c/en/cyclophosphamide","/c/en/drug","/c/en/doxorubicin"],"weight":0.20800000000000002,"degrees":[43,4920,51]},"num_concepts_raised":79},{"base_id":936,"kind":"top_words","i1":2,"i2":8,"sol":{"path":["/c/en/cyclophosphamide","/c/en/drug","/c/en/clindamycin"],"weight":0.20800000000000002,"degrees":[43,4920,39]},"num_concepts_raised":75},{"base_id":936,"kind":"top_words","i1":2,"i2":9,"sol":{"path":["/c/en/cyclophosphamide","/c/en/drug","/c/en/imipramine"],"weight":0.20700000000000002,"degrees":[43,4920,35]},"num_concepts_raised":71},{"base_id":936,"kind":"top_words","i1":3,"i2":4,"sol":{"path":["/c/en/azathioprine","/c/en/drug","/c/en/verapamil"],"weight":0.20600000000000002,"degrees":[32,4920,37]},"num_concepts_raised":64},{"base_id":936,"kind":"top_words","i1":3,"i2":5,"sol":{"path":["/c/en/azathioprine","/c/en/drug","/c/en/albendazole"],"weight":0.20600000000000002,"degrees":[32,4920,33]},"num_concepts_raised":57},{"base_id":936,"kind":"top_words","i1":3,"i2":6,"sol":{"path":["/c/en/azathioprine","/c/en/drug","/c/en/metoclopramide"],"weight":0.20700000000000002,"degrees":[32,4920,33]},"num_concepts_raised":58},{"base_id":936,"kind":"top_words","i1":3,"i2":7,"sol":{"path":["/c/en/azathioprine","/c/en/drug","/c/en/doxorubicin"],"weight":0.20700000000000002,"degrees":[32,4920,51]},"num_concepts_raised":68},{"base_id":936,"kind":"top_words","i1":3,"i2":8,"sol":{"path":["/c/en/azathioprine","/c/en/drug","/c/en/clindamycin"],"weight":0.20700000000000002,"degrees":[32,4920,39]},"num_concepts_raised":64},{"base_id":936,"kind":"top_words","i1":3,"i2":9,"sol":{"path":["/c/en/azathioprine","/c/en/drug","/c/en/imipramine"],"weight":0.20600000000000002,"degrees":[32,4920,35]},"num_concepts_raised":60},{"base_id":936,"kind":"top_words","i1":4,"i2":5,"sol":{"path":["/c/en/verapamil","/c/en/drug","/c/en/albendazole"],"weight":0.20600000000000002,"degrees":[37,4920,33]},"num_concepts_raised":64},{"base_id":936,"kind":"top_words","i1":4,"i2":6,"sol":{"path":["/c/en/verapamil","/c/en/drug","/c/en/metoclopramide"],"weight":0.20700000000000002,"degrees":[37,4920,33]},"num_concepts_raised":66},{"base_id":936,"kind":"top_words","i1":4,"i2":7,"sol":{"path":["/c/en/verapamil","/c/en/drug","/c/en/doxorubicin"],"weight":0.20700000000000002,"degrees":[37,4920,51]},"num_concepts_raised":75},{"base_id":936,"kind":"top_words","i1":4,"i2":8,"sol":{"path":["/c/en/verapamil","/c/en/drug","/c/en/clindamycin"],"weight":0.20700000000000002,"degrees":[37,4920,39]},"num_concepts_raised":71},{"base_id":936,"kind":"top_words","i1":4,"i2":9,"sol":{"path":["/c/en/verapamil","/c/en/drug","/c/en/imipramine"],"weight":0.20600000000000002,"degrees":[37,4920,35]},"num_concepts_raised":66},{"base_id":936,"kind":"top_words","i1":5,"i2":6,"sol":{"path":["/c/en/albendazole","/c/en/drug","/c/en/metoclopramide"],"weight":0.20700000000000002,"degrees":[33,4920,33]},"num_concepts_raised":59},{"base_id":936,"kind":"top_words","i1":5,"i2":7,"sol":{"path":["/c/en/albendazole","/c/en/drug","/c/en/doxorubicin"],"weight":0.20700000000000002,"degrees":[33,4920,51]},"num_concepts_raised":68},{"base_id":936,"kind":"top_words","i1":5,"i2":8,"sol":{"path":["/c/en/albendazole","/c/en/drug","/c/en/clindamycin"],"weight":0.20700000000000002,"degrees":[33,4920,39]},"num_concepts_raised":64},{"base_id":936,"kind":"top_words","i1":5,"i2":9,"sol":{"path":["/c/en/albendazole","/c/en/drug","/c/en/imipramine"],"weight":0.20600000000000002,"degrees":[33,4920,35]},"num_concepts_raised":60},{"base_id":936,"kind":"top_words","i1":6,"i2":7,"sol":{"path":["/c/en/metoclopramide","/c/en/drug","/c/en/doxorubicin"],"weight":0.20800000000000002,"degrees":[33,4920,51]},"num_concepts_raised":70},{"base_id":936,"kind":"top_words","i1":6,"i2":8,"sol":{"path":["/c/en/metoclopramide","/c/en/drug","/c/en/clindamycin"],"weight":0.20800000000000002,"degrees":[33,4920,39]},"num_concepts_raised":66},{"base_id":936,"kind":"top_words","i1":6,"i2":9,"sol":{"path":["/c/en/metoclopramide","/c/en/drug","/c/en/imipramine"],"weight":0.20700000000000002,"degrees":[33,4920,35]},"num_concepts_raised":62},{"base_id":936,"kind":"top_words","i1":7,"i2":8,"sol":{"path":["/c/en/doxorubicin","/c/en/drug","/c/en/clindamycin"],"weight":0.20800000000000002,"degrees":[51,4920,39]},"num_concepts_raised":74},{"base_id":936,"kind":"top_words","i1":7,"i2":9,"sol":{"path":["/c/en/doxorubicin","/c/en/drug","/c/en/imipramine"],"weight":0.20700000000000002,"degrees":[51,4920,35]},"num_concepts_raised":71},{"base_id":936,"kind":"top_words","i1":8,"i2":9,"sol":{"path":["/c/en/clindamycin","/c/en/drug","/c/en/imipramine"],"weight":0.20700000000000002,"degrees":[39,4920,35]},"num_concepts_raised":67}]]