[[{"base_id":57,"kind":"bot_words","i1":0,"i2":1,"sol":{"path":["/c/en/dracunculus","/c/en/plant","/c/en/hormone","/c/en/pharmacology"],"weight":0.2235599999999972,"degrees":[46,7959,647,974]},"num_concepts_raised":57460},{"base_id":57,"kind":"bot_words","i1":0,"i2":2,"sol":{"path":["/c/en/dracunculus","/c/en/plant","/c/en/factory","/c/en/russia","/c/en/abakan"],"weight":0.20785999999999977,"degrees":[46,7959,910,984,26]},"num_concepts_raised":13100},{"base_id":57,"kind":"bot_words","i1":0,"i2":3,"sol":{"path":["/c/en/dracunculus","/c/en/plant","/c/syc/ܛܪܦܐ","/c/en/ear_lobe","/c/en/earlobe"],"weight":0.2093599999999997,"degrees":[46,7959,25,65,62]},"num_concepts_raised":14629},{"base_id":57,"kind":"bot_words","i1":0,"i2":4,"sol":{"path":["/c/en/dracunculus","/c/en/fish","/c/en/sea","/c/en/lost","/c/en/indelible"],"weight":0.20869999999999989,"degrees":[46,4424,1714,625,83]},"num_concepts_raised":15094},{"base_id":57,"kind":"bot_words","i1":0,"i2":5,"sol":{"path":["/c/en/dracunculus","/c/en/plant","/c/en/action","/c/la/abdicatio","/c/en/renunciation"],"weight":0.21007999999999977,"degrees":[46,7959,2156,37,130]},"num_concepts_raised":15192},{"base_id":57,"kind":"bot_words","i1":0,"i2":6,"sol":{"path":["/c/en/dracunculus","/c/en/fish","/c/en/pope","/c/en/religious","/c/en/ananda"],"weight":0.2129599999999997,"degrees":[46,4424,607,1068,41]},"num_concepts_raised":12971},{"base_id":57,"kind":"bot_words","i1":0,"i2":7,"sol":{"path":["/c/en/dracunculus","/c/en/fish","/c/en/attempt","/c/en/stab"],"weight":0.21366999999999875,"degrees":[46,4424,665,449]},"num_concepts_raised":46193},{"base_id":57,"kind":"bot_words","i1":0,"i2":8,"sol":{"path":["/c/en/dracunculus","/c/en/plant","/c/en/action","/c/en/lunge"],"weight":0.20918999999999954,"degrees":[46,7959,2156,129]},"num_concepts_raised":30526},{"base_id":57,"kind":"bot_words","i1":0,"i2":9,"sol":{"path":["/c/en/dracunculus","/c/en/fish","/c/en/game","/c/en/puzzle","/c/en/cryptogram"],"weight":0.2152399999999998,"degrees":[46,4424,2308,487,49]},"num_concepts_raised":16675},{"base_id":57,"kind":"bot_words","i1":1,"i2":2,"sol":{"path":["/c/en/pharmacology","/c/en/drug","/c/en/bromantane","/c/en/russia","/c/en/abakan"],"weight":0.2193799999999973,"degrees":[974,4920,23,984,26]},"num_concepts_raised":46985},{"base_id":57,"kind":"bot_words","i1":1,"i2":3,"sol":{"path":["/c/en/pharmacology","/c/en/medicine","/c/en/pulse_oximetry","/c/en/earlobe"],"weight":0.21958999999999723,"degrees":[974,11938,10,62]},"num_concepts_raised":48458},{"base_id":57,"kind":"bot_words","i1":1,"i2":4,"sol":{"path":["/c/en/pharmacology","/c/en/medicine","/c/en/efface","/c/en/indelible"],"weight":0.2200699999999974,"degrees":[974,11938,89,83]},"num_concepts_raised":48876},{"base_id":57,"kind":"bot_words","i1":1,"i2":5,"sol":{"path":["/c/en/pharmacology","/c/en/medicine","/c/en/rejection","/c/en/renunciation"],"weight":0.22074999999999728,"degrees":[974,11938,327,130]},"num_concepts_raised":48971},{"base_id":57,"kind":"bot_words","i1":1,"i2":6,"sol":{"path":["/c/en/pharmacology","/c/en/pharmacy","/c/en/mass","/c/en/religious","/c/en/ananda"],"weight":0.22579999999999723,"degrees":[974,506,1639,1068,41]},"num_concepts_raised":46845},{"base_id":57,"kind":"bot_words","i1":1,"i2":7,"sol":{"path":["/c/en/pharmacology","/c/fr/médecine","/c/en/jab","/c/en/stab"],"weight":0.2249999999999963,"degrees":[974,9990,228,449]},"num_concepts_raised":79396},{"base_id":57,"kind":"bot_words","i1":1,"i2":8,"sol":{"path":["/c/en/pharmacology","/c/en/go","/c/en/move","/c/en/lunge"],"weight":0.2209499999999971,"degrees":[974,2637,2810,129]},"num_concepts_raised":63734},{"base_id":57,"kind":"bot_words","i1":1,"i2":9,"sol":{"path":["/c/en/pharmacology","/c/en/medicine","/c/en/code","/c/en/cryptograph","/c/en/cryptogram"],"weight":0.22666999999999732,"degrees":[974,11938,681,21,49]},"num_concepts_raised":50437},{"base_id":57,"kind":"bot_words","i1":2,"i2":3,"sol":{"path":["/c/en/abakan","/c/he/אבקן","/c/en/botany","/c/en/auricle","/c/en/earlobe"],"weight":0.2040799999999998,"degrees":[26,4,6881,153,62]},"num_concepts_raised":3959},{"base_id":57,"kind":"bot_words","i1":2,"i2":4,"sol":{"path":["/c/en/abakan","/c/en/russia","/c/en/perm","/c/en/permanent","/c/en/indelible"],"weight":0.20352999999999993,"degrees":[26,984,160,534,83]},"num_concepts_raised":4402},{"base_id":57,"kind":"bot_words","i1":2,"i2":5,"sol":{"path":["/c/en/abakan","/c/en/russia","/c/en/archierey","/c/en/ecclesiastical","/c/en/renunciation"],"weight":0.20385999999999985,"degrees":[26,984,9,402,130]},"num_concepts_raised":4469},{"base_id":57,"kind":"bot_words","i1":2,"i2":6,"sol":{"path":["/c/en/abakan","/c/en/russia","/c/en/sabbatarian","/c/en/religious","/c/en/ananda"],"weight":0.20778999999999975,"degrees":[26,984,64,1068,41]},"num_concepts_raised":2236},{"base_id":57,"kind":"bot_words","i1":2,"i2":7,"sol":{"path":["/c/en/abakan","/c/en/russia","/c/en/kindjal","/c/en/dagger","/c/en/stab"],"weight":0.20877999999999883,"degrees":[26,984,8,505,449]},"num_concepts_raised":35858},{"base_id":57,"kind":"bot_words","i1":2,"i2":8,"sol":{"path":["/c/en/abakan","/c/en/russia","/c/en/cosmism","/c/en/movement","/c/en/lunge"],"weight":0.20499999999999963,"degrees":[26,984,19,1567,129]},"num_concepts_raised":20034},{"base_id":57,"kind":"bot_words","i1":2,"i2":9,"sol":{"path":["/c/en/abakan","/c/en/russia","/c/en/cosmism","/c/en/writing","/c/en/cryptogram"],"weight":0.20794999999999986,"degrees":[26,984,19,1875,49]},"num_concepts_raised":5992},{"base_id":57,"kind":"bot_words","i1":3,"i2":4,"sol":{"path":["/c/en/earlobe","/c/en/ear","/c/en/head","/c/en/remove","/c/en/indelible"],"weight":0.2040999999999999,"degrees":[62,1621,3580,1492,83]},"num_concepts_raised":5967},{"base_id":57,"kind":"bot_words","i1":3,"i2":5,"sol":{"path":["/c/en/earlobe","/c/fr/lobe","/c/fr/anatomie","/c/ms/pelepasan","/c/en/renunciation"],"weight":0.20530999999999977,"degrees":[62,112,8035,16,130]},"num_concepts_raised":6051},{"base_id":57,"kind":"bot_words","i1":3,"i2":6,"sol":{"path":["/c/en/earlobe","/c/en/ear","/c/en/canon","/c/en/religious","/c/en/ananda"],"weight":0.2083299999999997,"degrees":[62,1621,326,1068,41]},"num_concepts_raised":3828},{"base_id":57,"kind":"bot_words","i1":3,"i2":7,"sol":{"path":["/c/en/earlobe","/c/ceb/tuli","/c/en/pierce","/c/en/stab"],"weight":0.20849999999999877,"degrees":[62,11,529,449]},"num_concepts_raised":37218},{"base_id":57,"kind":"bot_words","i1":3,"i2":8,"sol":{"path":["/c/en/earlobe","/c/en/body_part","/c/en/leg","/c/en/lunge"],"weight":0.20422999999999958,"degrees":[62,536,1497,129]},"num_concepts_raised":21466},{"base_id":57,"kind":"bot_words","i1":3,"i2":9,"sol":{"path":["/c/en/earlobe","/c/en/ear","/c/en/device","/c/en/cryptograph","/c/en/cryptogram"],"weight":0.21052999999999983,"degrees":[62,1621,2078,21,49]},"num_concepts_raised":7563},{"base_id":57,"kind":"bot_words","i1":4,"i2":5,"sol":{"path":["/c/en/indelible","/c/en/remove","/c/en/invalid","/c/en/renunciation"],"weight":0.20468999999999993,"degrees":[83,1492,272,130]},"num_concepts_raised":6450},{"base_id":57,"kind":"bot_words","i1":4,"i2":6,"sol":{"path":["/c/en/indelible","/c/en/permanent","/c/en/fast","/c/en/religious","/c/en/ananda"],"weight":0.20862999999999987,"degrees":[83,534,1390,1068,41]},"num_concepts_raised":4271},{"base_id":57,"kind":"bot_words","i1":4,"i2":7,"sol":{"path":["/c/en/indelible","/c/en/remove","/c/en/cut","/c/en/stab"],"weight":0.20867999999999892,"degrees":[83,1492,2951,449]},"num_concepts_raised":37687},{"base_id":57,"kind":"bot_words","i1":4,"i2":8,"sol":{"path":["/c/en/indelible","/c/en/remove","/c/en/move","/c/en/lunge"],"weight":0.2059599999999997,"degrees":[83,1492,2810,129]},"num_concepts_raised":21816},{"base_id":57,"kind":"bot_words","i1":4,"i2":9,"sol":{"path":["/c/en/indelible","/c/en/lost","/c/en/maze","/c/en/puzzle","/c/en/cryptogram"],"weight":0.21086999999999995,"degrees":[83,625,245,487,49]},"num_concepts_raised":7985},{"base_id":57,"kind":"bot_words","i1":5,"i2":6,"sol":{"path":["/c/en/renunciation","/c/en/apostasy","/c/en/religion","/c/en/religious","/c/en/ananda"],"weight":0.21024999999999977,"degrees":[130,173,3331,1068,41]},"num_concepts_raised":4312},{"base_id":57,"kind":"bot_words","i1":5,"i2":7,"sol":{"path":["/c/en/renunciation","/c/en/reject","/c/en/cut","/c/en/stab"],"weight":0.20907999999999882,"degrees":[130,606,2951,449]},"num_concepts_raised":37817},{"base_id":57,"kind":"bot_words","i1":5,"i2":8,"sol":{"path":["/c/en/renunciation","/c/la/abdicatio","/c/en/action","/c/en/lunge"],"weight":0.2062499999999996,"degrees":[130,37,2156,129]},"num_concepts_raised":21990},{"base_id":57,"kind":"bot_words","i1":5,"i2":9,"sol":{"path":["/c/en/renunciation","/c/en/relinquishment","/c/en/termination","/c/en/word","/c/en/cryptogram"],"weight":0.21133999999999986,"degrees":[130,63,324,2436,49]},"num_concepts_raised":8063},{"base_id":57,"kind":"bot_words","i1":6,"i2":7,"sol":{"path":["/c/en/ananda","/c/en/religious","/c/en/prod","/c/en/stab"],"weight":0.21283999999999875,"degrees":[41,1068,224,449]},"num_concepts_raised":35689},{"base_id":57,"kind":"bot_words","i1":6,"i2":8,"sol":{"path":["/c/en/ananda","/c/en/religious","/c/en/fast","/c/en/move","/c/en/lunge"],"weight":0.21023999999999954,"degrees":[41,1068,1390,2810,129]},"num_concepts_raised":19849},{"base_id":57,"kind":"bot_words","i1":6,"i2":9,"sol":{"path":["/c/en/ananda","/c/bn/আনন্দ","/c/en/fun","/c/en/puzzle","/c/en/cryptogram"],"weight":0.21514999999999979,"degrees":[41,5,1070,487,49]},"num_concepts_raised":5849},{"base_id":57,"kind":"bot_words","i1":7,"i2":8,"sol":{"path":["/c/en/stab","/c/en/lunge"],"weight":0.202,"degrees":[449,129]},"num_concepts_raised":495},{"base_id":57,"kind":"bot_words","i1":7,"i2":9,"sol":{"path":["/c/en/stab","/c/en/stick","/c/en/puzzle","/c/en/cryptogram"],"weight":0.21520999999999885,"degrees":[449,2046,487,49]},"num_concepts_raised":39107},{"base_id":57,"kind":"bot_words","i1":8,"i2":9,"sol":{"path":["/c/en/lunge","/c/en/move","/c/en/writing","/c/en/cryptogram"],"weight":0.21037999999999965,"degrees":[129,2810,1875,49]},"num_concepts_raised":23434}],[{"base_id":57,"kind":"top_words","i1":0,"i2":1,"sol":{"path":["/c/en/kumite","/c/en/karate","/c/fr/sport","/c/en/sailboard"],"weight":0.20789999999999986,"degrees":[33,231,2171,32]},"num_concepts_raised":7047},{"base_id":57,"kind":"top_words","i1":0,"i2":2,"sol":{"path":["/c/en/kumite","/c/en/train","/c/en/rail","/c/en/rattle","/c/en/kg"],"weight":0.2077299999999998,"degrees":[33,1408,639,408,26]},"num_concepts_raised":3391},{"base_id":57,"kind":"top_words","i1":0,"i2":3,"sol":{"path":["/c/en/kumite","/c/en/train","/c/en/exercise","/c/en/weightlifting"],"weight":0.2099299999999995,"degrees":[33,1408,1558,179]},"num_concepts_raised":26967},{"base_id":57,"kind":"top_words","i1":0,"i2":4,"sol":{"path":["/c/en/kumite","/c/en/train","/c/en/computing","/c/en/kilo","/c/en/kilogram"],"weight":0.2262100000000002,"degrees":[33,1408,9084,166,411]},"num_concepts_raised":16712},{"base_id":57,"kind":"top_words","i1":0,"i2":5,"sol":{"path":["/c/en/kumite","/c/en/train","/c/en/slang","/c/en/snatch"],"weight":0.21168999999999888,"degrees":[33,1408,16318,394]},"num_concepts_raised":42613},{"base_id":57,"kind":"top_words","i1":0,"i2":6,"sol":{"path":["/c/en/kumite","/c/en/karate","/c/fr/sport","/c/en/windsurfer"],"weight":0.2079899999999998,"degrees":[33,231,2171,39]},"num_concepts_raised":8413},{"base_id":57,"kind":"top_words","i1":0,"i2":7,"sol":{"path":["/c/en/kumite","/c/en/karate","/c/en/chop","/c/en/wind","/c/en/mistral"],"weight":0.21318999999999982,"degrees":[33,231,655,2373,57]},"num_concepts_raised":5432},{"base_id":57,"kind":"top_words","i1":0,"i2":8,"sol":{"path":["/c/en/kumite","/c/en/train","/c/en/slang","/c/en/weight","/c/en/flyweight"],"weight":0.20786999999999978,"degrees":[33,1408,16318,1498,35]},"num_concepts_raised":13505},{"base_id":57,"kind":"top_words","i1":0,"i2":9,"sol":{"path":["/c/en/kumite","/c/en/adversary","/c/en/competitor","/c/en/bantamweight"],"weight":0.20775999999999983,"degrees":[33,309,233,30]},"num_concepts_raised":4284},{"base_id":57,"kind":"top_words","i1":1,"i2":2,"sol":{"path":["/c/en/sailboard","/c/en/sail","/c/en/large","/c/ota/چكی","/c/en/kg"],"weight":0.20489999999999992,"degrees":[32,1225,1592,28,26]},"num_concepts_raised":6111},{"base_id":57,"kind":"top_words","i1":1,"i2":3,"sol":{"path":["/c/en/sailboard","/c/en/sail","/c/en/sport","/c/en/weightlifting"],"weight":0.20683999999999964,"degrees":[32,1225,1809,179]},"num_concepts_raised":29126},{"base_id":57,"kind":"top_words","i1":1,"i2":4,"sol":{"path":["/c/en/sailboard","/c/fr/sport","/c/fr/physique","/c/fr/kilogramme","/c/en/kilogram"],"weight":0.2217900000000003,"degrees":[32,2171,6029,195,411]},"num_concepts_raised":19345},{"base_id":57,"kind":"top_words","i1":1,"i2":5,"sol":{"path":["/c/en/sailboard","/c/en/sail","/c/en/catch","/c/en/snatch"],"weight":0.210369999999999,"degrees":[32,1225,1527,394]},"num_concepts_raised":45086},{"base_id":57,"kind":"top_words","i1":1,"i2":6,"sol":{"path":["/c/en/sailboard","/c/en/windsurfer"],"weight":0.202,"degrees":[32,39]},"num_concepts_raised":50},{"base_id":57,"kind":"top_words","i1":1,"i2":7,"sol":{"path":["/c/en/sailboard","/c/en/sail","/c/en/wind","/c/en/mistral"],"weight":0.2103899999999999,"degrees":[32,1225,2373,57]},"num_concepts_raised":8111},{"base_id":57,"kind":"top_words","i1":1,"i2":8,"sol":{"path":["/c/en/sailboard","/c/fr/sport","/c/fr/boxe","/c/en/flyweight"],"weight":0.2029299999999999,"degrees":[32,2171,148,35]},"num_concepts_raised":16089},{"base_id":57,"kind":"top_words","i1":1,"i2":9,"sol":{"path":["/c/en/sailboard","/c/fr/sport","/c/en/wrestler","/c/en/bantamweight"],"weight":0.20291999999999993,"degrees":[32,2171,227,30]},"num_concepts_raised":7008},{"base_id":57,"kind":"top_words","i1":2,"i2":3,"sol":{"path":["/c/en/kg","/c/en/kilogram","/c/en/weight","/c/en/weightlifting"],"weight":0.20694999999999958,"degrees":[26,411,1498,179]},"num_concepts_raised":26119},{"base_id":57,"kind":"top_words","i1":2,"i2":4,"sol":{"path":["/c/en/kg","/c/en/kilogram"],"weight":0.20600000000000002,"degrees":[26,411]},"num_concepts_raised":281},{"base_id":57,"kind":"top_words","i1":2,"i2":5,"sol":{"path":["/c/en/kg","/c/ru/пуд","/c/en/slang","/c/en/snatch"],"weight":0.20660999999999893,"degrees":[26,26,16318,394]},"num_concepts_raised":41674},{"base_id":57,"kind":"top_words","i1":2,"i2":6,"sol":{"path":["/c/en/kg","/c/ru/пуд","/c/en/kettlebell","/c/fr/sport","/c/en/windsurfer"],"weight":0.20290999999999987,"degrees":[26,26,62,2171,39]},"num_concepts_raised":7489},{"base_id":57,"kind":"top_words","i1":2,"i2":7,"sol":{"path":["/c/en/kg","/c/en/batman","/c/fr/officier","/c/fr/mistral","/c/en/mistral"],"weight":0.21009999999999984,"degrees":[26,186,475,42,57]},"num_concepts_raised":4474},{"base_id":57,"kind":"top_words","i1":2,"i2":8,"sol":{"path":["/c/en/kg","/c/en/kilogram","/c/en/flyweight"],"weight":0.203,"degrees":[26,411,35]},"num_concepts_raised":58},{"base_id":57,"kind":"top_words","i1":2,"i2":9,"sol":{"path":["/c/en/kg","/c/en/kilogram","/c/en/weight","/c/en/bantamweight"],"weight":0.2039699999999999,"degrees":[26,411,1498,30]},"num_concepts_raised":3296},{"base_id":57,"kind":"top_words","i1":3,"i2":4,"sol":{"path":["/c/en/weightlifting","/c/en/weight","/c/en/kilogram"],"weight":0.20600000000000002,"degrees":[179,1498,411]},"num_concepts_raised":402},{"base_id":57,"kind":"top_words","i1":3,"i2":5,"sol":{"path":["/c/en/weightlifting","/c/en/snatch"],"weight":0.20500000000000002,"degrees":[179,394]},"num_concepts_raised":479},{"base_id":57,"kind":"top_words","i1":3,"i2":6,"sol":{"path":["/c/en/weightlifting","/c/en/sport","/c/en/windsurfing","/c/en/windsurfer"],"weight":0.20694999999999958,"degrees":[179,1809,104,39]},"num_concepts_raised":30549},{"base_id":57,"kind":"top_words","i1":3,"i2":7,"sol":{"path":["/c/en/weightlifting","/c/en/clean","/c/en/weapon","/c/en/mistral"],"weight":0.20984999999999956,"degrees":[179,1667,1448,57]},"num_concepts_raised":28080},{"base_id":57,"kind":"top_words","i1":3,"i2":8,"sol":{"path":["/c/en/weightlifting","/c/en/weight","/c/en/flyweight"],"weight":0.203,"degrees":[179,1498,35]},"num_concepts_raised":175},{"base_id":57,"kind":"top_words","i1":3,"i2":9,"sol":{"path":["/c/en/weightlifting","/c/en/weight","/c/en/bantamweight"],"weight":0.203,"degrees":[179,1498,30]},"num_concepts_raised":166},{"base_id":57,"kind":"top_words","i1":4,"i2":5,"sol":{"path":["/c/en/kilogram","/c/en/kilo","/c/en/kip","/c/en/snatch"],"weight":0.22496999999999934,"degrees":[411,166,151,394]},"num_concepts_raised":54531},{"base_id":57,"kind":"top_words","i1":4,"i2":6,"sol":{"path":["/c/en/kilogram","/c/fr/kilogramme","/c/fr/physique","/c/fr/sport","/c/en/windsurfer"],"weight":0.22188000000000024,"degrees":[411,195,6029,2171,39]},"num_concepts_raised":20751},{"base_id":57,"kind":"top_words","i1":4,"i2":7,"sol":{"path":["/c/en/kilogram","/c/en/stone","/c/en/weapon","/c/en/mistral"],"weight":0.21935000000000027,"degrees":[411,1934,1448,57]},"num_concepts_raised":17765},{"base_id":57,"kind":"top_words","i1":4,"i2":8,"sol":{"path":["/c/en/kilogram","/c/en/flyweight"],"weight":0.20400000000000001,"degrees":[411,35]},"num_concepts_raised":291},{"base_id":57,"kind":"top_words","i1":4,"i2":9,"sol":{"path":["/c/en/kilogram","/c/en/weight","/c/en/bantamweight"],"weight":0.20500000000000002,"degrees":[411,1498,30]},"num_concepts_raised":282},{"base_id":57,"kind":"top_words","i1":5,"i2":6,"sol":{"path":["/c/en/snatch","/c/en/catch","/c/fr/sport","/c/en/windsurfer"],"weight":0.20834999999999895,"degrees":[394,1527,2171,39]},"num_concepts_raised":46484},{"base_id":57,"kind":"top_words","i1":5,"i2":7,"sol":{"path":["/c/en/snatch","/c/en/slang","/c/en/wind","/c/en/mistral"],"weight":0.21206999999999893,"degrees":[394,16318,2373,57]},"num_concepts_raised":43606},{"base_id":57,"kind":"top_words","i1":5,"i2":8,"sol":{"path":["/c/en/snatch","/c/en/weightlifting","/c/en/weight","/c/en/flyweight"],"weight":0.20772999999999892,"degrees":[394,179,1498,35]},"num_concepts_raised":51226},{"base_id":57,"kind":"top_words","i1":5,"i2":9,"sol":{"path":["/c/en/snatch","/c/en/weightlifting","/c/en/weight","/c/en/bantamweight"],"weight":0.207709999999999,"degrees":[394,179,1498,30]},"num_concepts_raised":42510},{"base_id":57,"kind":"top_words","i1":6,"i2":7,"sol":{"path":["/c/en/windsurfer","/c/en/wind","/c/en/mistral"],"weight":0.20400000000000001,"degrees":[39,2373,57]},"num_concepts_raised":78},{"base_id":57,"kind":"top_words","i1":6,"i2":8,"sol":{"path":["/c/en/windsurfer","/c/fr/sport","/c/fr/boxe","/c/en/flyweight"],"weight":0.20301999999999984,"degrees":[39,2171,148,35]},"num_concepts_raised":17474},{"base_id":57,"kind":"top_words","i1":6,"i2":9,"sol":{"path":["/c/en/windsurfer","/c/fr/sport","/c/en/wrestler","/c/en/bantamweight"],"weight":0.2030299999999999,"degrees":[39,2171,227,30]},"num_concepts_raised":8366},{"base_id":57,"kind":"top_words","i1":7,"i2":8,"sol":{"path":["/c/en/mistral","/c/en/wind","/c/en/light","/c/en/flyweight"],"weight":0.2082299999999998,"degrees":[57,2373,4288,35]},"num_concepts_raised":14543},{"base_id":57,"kind":"top_words","i1":7,"i2":9,"sol":{"path":["/c/en/mistral","/c/en/weapon","/c/en/boxer","/c/en/bantamweight"],"weight":0.2081799999999999,"degrees":[57,1448,397,30]},"num_concepts_raised":5379},{"base_id":57,"kind":"top_words","i1":8,"i2":9,"sol":{"path":["/c/en/flyweight","/c/en/bantamweight"],"weight":0.202,"degrees":[35,30]},"num_concepts_raised":53}]]