[[{"base_id":879,"kind":"bot_words","i1":0,"i2":1,"sol":{"path":["/c/en/globally","/c/en/global","/c/en/computing","/c/en/luck","/c/en/unluckily"],"weight":0.2038299999999999,"degrees":[31,194,9084,704,25]},"num_concepts_raised":2839},{"base_id":879,"kind":"bot_words","i1":0,"i2":2,"sol":{"path":["/c/en/globally","/c/en/global","/c/en/continent","/c/en/valley","/c/en/vale"],"weight":0.21427999999999967,"degrees":[31,194,774,812,90]},"num_concepts_raised":13527},{"base_id":879,"kind":"bot_words","i1":0,"i2":3,"sol":{"path":["/c/en/globally","/c/en/global","/c/en/computing","/c/en/chord","/c/en/eleventh"],"weight":0.20601999999999981,"degrees":[31,194,9084,558,169]},"num_concepts_raised":14585},{"base_id":879,"kind":"bot_words","i1":0,"i2":4,"sol":{"path":["/c/en/globally","/c/en/global","/c/en/variable","/c/en/undeclare","/c/en/unsay"],"weight":0.20374999999999988,"degrees":[31,194,673,13,28]},"num_concepts_raised":3501},{"base_id":879,"kind":"bot_words","i1":0,"i2":5,"sol":{"path":["/c/en/globally","/c/en/global","/c/en/war","/c/en/battlefield"],"weight":0.20665999999999984,"degrees":[31,194,1823,230]},"num_concepts_raised":16019},{"base_id":879,"kind":"bot_words","i1":0,"i2":6,"sol":{"path":["/c/en/globally","/c/en/global","/c/en/local","/c/en/town","/c/en/eppstein"],"weight":0.20883999999999983,"degrees":[31,194,710,2220,28]},"num_concepts_raised":3449},{"base_id":879,"kind":"bot_words","i1":0,"i2":7,"sol":{"path":["/c/en/globally","/c/en/global","/c/en/internet","/c/en/useful","/c/en/uselessly"],"weight":0.20406999999999986,"degrees":[31,194,2994,508,50]},"num_concepts_raised":4802},{"base_id":879,"kind":"bot_words","i1":0,"i2":8,"sol":{"path":["/c/en/globally","/c/en/planet","/c/en/living","/c/en/reproducing"],"weight":0.2034599999999996,"degrees":[31,1123,839,100]},"num_concepts_raised":22547},{"base_id":879,"kind":"bot_words","i1":0,"i2":9,"sol":{"path":["/c/en/globally","/c/en/worldwide","/c/fr/terre","/c/fr/champagne","/c/en/champagne"],"weight":0.2221499999999999,"degrees":[31,170,1775,268,344]},"num_concepts_raised":16445},{"base_id":879,"kind":"bot_words","i1":1,"i2":2,"sol":{"path":["/c/en/unluckily","/c/en/luckily","/c/hy/հաջող","/c/en/farewell","/c/en/vale"],"weight":0.2094599999999997,"degrees":[25,132,13,428,90]},"num_concepts_raised":13392},{"base_id":879,"kind":"bot_words","i1":1,"i2":3,"sol":{"path":["/c/en/unluckily","/c/en/fortunate","/c/en/good","/c/en/music","/c/en/eleventh"],"weight":0.20499999999999985,"degrees":[25,265,2615,8822,169]},"num_concepts_raised":14431},{"base_id":879,"kind":"bot_words","i1":1,"i2":4,"sol":{"path":["/c/en/unluckily","/c/en/fortunate","/c/en/single","/c/en/withdraw","/c/en/unsay"],"weight":0.2027799999999999,"degrees":[25,265,1167,629,28]},"num_concepts_raised":3335},{"base_id":879,"kind":"bot_words","i1":1,"i2":5,"sol":{"path":["/c/en/unluckily","/c/en/luck","/c/en/computing","/c/en/field","/c/en/battlefield"],"weight":0.20691999999999983,"degrees":[25,704,9084,2150,230]},"num_concepts_raised":15888},{"base_id":879,"kind":"bot_words","i1":1,"i2":6,"sol":{"path":["/c/en/unluckily","/c/en/luckily","/c/en/fortune","/c/en/bank","/c/en/town","/c/en/eppstein"],"weight":0.21219739999999954,"degrees":[25,132,813,1660,2220,28]},"num_concepts_raised":303538},{"base_id":879,"kind":"bot_words","i1":1,"i2":7,"sol":{"path":["/c/en/unluckily","/c/en/unlucky","/c/ady/бетэман","/c/en/useless","/c/en/uselessly"],"weight":0.20404999999999984,"degrees":[25,265,8,525,50]},"num_concepts_raised":4629},{"base_id":879,"kind":"bot_words","i1":1,"i2":8,"sol":{"path":["/c/en/unluckily","/c/en/fortunate","/c/en/good","/c/en/sex","/c/en/reproducing"],"weight":0.20471999999999962,"degrees":[25,265,2615,1592,100]},"num_concepts_raised":22392},{"base_id":879,"kind":"bot_words","i1":1,"i2":9,"sol":{"path":["/c/en/unluckily","/c/en/fortunate","/c/en/miracle","/c/en/wine","/c/en/champagne"],"weight":0.21485999999999994,"degrees":[25,265,530,1776,344]},"num_concepts_raised":16311},{"base_id":879,"kind":"bot_words","i1":2,"i2":3,"sol":{"path":["/c/en/vale","/c/en/value","/c/en/music","/c/en/eleventh"],"weight":0.21067999999999962,"degrees":[90,1699,8822,169]},"num_concepts_raised":24858},{"base_id":879,"kind":"bot_words","i1":2,"i2":4,"sol":{"path":["/c/en/vale","/c/en/valley","/c/fr/localités","/c/en/withcall","/c/en/unsay"],"weight":0.21330999999999967,"degrees":[90,812,110113,26,28]},"num_concepts_raised":14036},{"base_id":879,"kind":"bot_words","i1":2,"i2":5,"sol":{"path":["/c/en/vale","/c/en/plain","/c/en/battlefield"],"weight":0.20400000000000001,"degrees":[90,1132,230]},"num_concepts_raised":255},{"base_id":879,"kind":"bot_words","i1":2,"i2":6,"sol":{"path":["/c/en/vale","/c/en/valley","/c/en/town","/c/en/eppstein"],"weight":0.2181899999999996,"degrees":[90,812,2220,28]},"num_concepts_raised":13949},{"base_id":879,"kind":"bot_words","i1":2,"i2":7,"sol":{"path":["/c/en/vale","/c/en/company","/c/en/purpose","/c/en/uselessly"],"weight":0.20868999999999965,"degrees":[90,2258,939,50]},"num_concepts_raised":15252},{"base_id":879,"kind":"bot_words","i1":2,"i2":8,"sol":{"path":["/c/en/vale","/c/en/company","/c/en/sexual_intercourse","/c/en/reproducing"],"weight":0.2092099999999994,"degrees":[90,2258,774,100]},"num_concepts_raised":32688},{"base_id":879,"kind":"bot_words","i1":2,"i2":9,"sol":{"path":["/c/en/vale","/c/en/company","/c/en/goliath","/c/en/champagne"],"weight":0.21822999999999973,"degrees":[90,2258,133,344]},"num_concepts_raised":26723},{"base_id":879,"kind":"bot_words","i1":3,"i2":4,"sol":{"path":["/c/en/eleventh","/c/en/music","/c/fi/vetää","/c/en/retract","/c/en/unsay"],"weight":0.20605999999999983,"degrees":[169,8822,76,136,28]},"num_concepts_raised":15076},{"base_id":879,"kind":"bot_words","i1":3,"i2":5,"sol":{"path":["/c/en/eleventh","/c/en/rank","/c/en/army","/c/en/battlefield"],"weight":0.20765999999999976,"degrees":[169,1403,1302,230]},"num_concepts_raised":27259},{"base_id":879,"kind":"bot_words","i1":3,"i2":6,"sol":{"path":["/c/en/eleventh","/c/en/music","/c/en/country","/c/en/town","/c/en/eppstein"],"weight":0.20994999999999978,"degrees":[169,8822,2796,2220,28]},"num_concepts_raised":15018},{"base_id":879,"kind":"bot_words","i1":3,"i2":7,"sol":{"path":["/c/en/eleventh","/c/en/note","/c/en/useful","/c/en/uselessly"],"weight":0.2051199999999998,"degrees":[169,1578,508,50]},"num_concepts_raised":16335},{"base_id":879,"kind":"bot_words","i1":3,"i2":8,"sol":{"path":["/c/en/eleventh","/c/en/music","/c/en/family","/c/en/reproducing"],"weight":0.20569999999999955,"degrees":[169,8822,3166,100]},"num_concepts_raised":33705},{"base_id":879,"kind":"bot_words","i1":3,"i2":9,"sol":{"path":["/c/en/eleventh","/c/en/music","/c/en/flute","/c/en/champagne"],"weight":0.21478999999999987,"degrees":[169,8822,589,344]},"num_concepts_raised":27788},{"base_id":879,"kind":"bot_words","i1":4,"i2":5,"sol":{"path":["/c/en/unsay","/c/en/swallow","/c/ms/menahan","/c/en/field","/c/en/battlefield"],"weight":0.20686999999999983,"degrees":[28,1147,92,2150,230]},"num_concepts_raised":16515},{"base_id":879,"kind":"bot_words","i1":4,"i2":6,"sol":{"path":["/c/en/unsay","/c/en/withcall","/c/fr/localités","/c/fr/eppstein","/c/en/eppstein"],"weight":0.2077399999999998,"degrees":[28,26,110113,8,28]},"num_concepts_raised":3943},{"base_id":879,"kind":"bot_words","i1":4,"i2":7,"sol":{"path":["/c/en/unsay","/c/en/abjure","/c/en/historical","/c/en/waste","/c/en/uselessly"],"weight":0.20298999999999986,"degrees":[28,113,8415,1543,50]},"num_concepts_raised":5286},{"base_id":879,"kind":"bot_words","i1":4,"i2":8,"sol":{"path":["/c/en/unsay","/c/en/swallow","/c/en/family","/c/en/reproducing"],"weight":0.20343999999999962,"degrees":[28,1147,3166,100]},"num_concepts_raised":23029},{"base_id":879,"kind":"bot_words","i1":4,"i2":9,"sol":{"path":["/c/en/unsay","/c/en/swallow","/c/en/drink","/c/en/champagne"],"weight":0.21259999999999996,"degrees":[28,1147,2548,344]},"num_concepts_raised":16913},{"base_id":879,"kind":"bot_words","i1":5,"i2":6,"sol":{"path":["/c/en/battlefield","/c/en/battle","/c/en/town","/c/en/eppstein"],"weight":0.21174999999999977,"degrees":[230,1211,2220,28]},"num_concepts_raised":16383},{"base_id":879,"kind":"bot_words","i1":5,"i2":7,"sol":{"path":["/c/en/battlefield","/c/en/war","/c/en/waste","/c/en/uselessly"],"weight":0.2058599999999998,"degrees":[230,1823,1543,50]},"num_concepts_raised":17718},{"base_id":879,"kind":"bot_words","i1":5,"i2":8,"sol":{"path":["/c/en/battlefield","/c/en/battle","/c/en/fertile","/c/en/reproducing"],"weight":0.20742999999999956,"degrees":[230,1211,323,100]},"num_concepts_raised":34993},{"base_id":879,"kind":"bot_words","i1":5,"i2":9,"sol":{"path":["/c/en/battlefield","/c/en/field","/c/en/region","/c/en/champagne"],"weight":0.21671999999999986,"degrees":[230,2150,1382,344]},"num_concepts_raised":29005},{"base_id":879,"kind":"bot_words","i1":6,"i2":7,"sol":{"path":["/c/en/eppstein","/c/en/town","/c/en/chapel","/c/en/useless","/c/en/uselessly"],"weight":0.20901999999999982,"degrees":[28,2220,329,525,50]},"num_concepts_raised":5239},{"base_id":879,"kind":"bot_words","i1":6,"i2":8,"sol":{"path":["/c/en/eppstein","/c/en/town","/c/en/living","/c/en/reproducing"],"weight":0.20840999999999954,"degrees":[28,2220,839,100]},"num_concepts_raised":22983},{"base_id":879,"kind":"bot_words","i1":6,"i2":9,"sol":{"path":["/c/en/eppstein","/c/en/town","/c/fr/commune","/c/fr/champagne","/c/en/champagne"],"weight":0.22704999999999986,"degrees":[28,2220,68932,268,344]},"num_concepts_raised":16841},{"base_id":879,"kind":"bot_words","i1":7,"i2":8,"sol":{"path":["/c/en/uselessly","/c/en/purpose","/c/en/quality","/c/en/reproducing"],"weight":0.20360999999999957,"degrees":[50,939,1710,100]},"num_concepts_raised":24246},{"base_id":879,"kind":"bot_words","i1":7,"i2":9,"sol":{"path":["/c/en/uselessly","/c/en/waste","/c/en/region","/c/en/champagne"],"weight":0.2127499999999999,"degrees":[50,1543,1382,344]},"num_concepts_raised":18208},{"base_id":879,"kind":"bot_words","i1":8,"i2":9,"sol":{"path":["/c/en/reproducing","/c/en/fun","/c/en/drink","/c/en/champagne"],"weight":0.21331999999999968,"degrees":[100,1070,2548,344]},"num_concepts_raised":35607}],[{"base_id":879,"kind":"top_words","i1":0,"i2":1,"sol":{"path":["/c/en/mathematician","/c/en/scientist","/c/en/physiologist"],"weight":0.20400000000000001,"degrees":[314,921,88]},"num_concepts_raised":280},{"base_id":879,"kind":"top_words","i1":0,"i2":2,"sol":{"path":["/c/en/mathematician","/c/en/scientist","/c/en/botanist"],"weight":0.20400000000000001,"degrees":[314,921,344]},"num_concepts_raised":519},{"base_id":879,"kind":"top_words","i1":0,"i2":3,"sol":{"path":["/c/en/mathematician","/c/en/scientist","/c/en/biochemist"],"weight":0.20400000000000001,"degrees":[314,921,73]},"num_concepts_raised":266},{"base_id":879,"kind":"top_words","i1":0,"i2":4,"sol":{"path":["/c/en/mathematician","/c/en/scientist","/c/en/physicist"],"weight":0.20600000000000002,"degrees":[314,921,281]},"num_concepts_raised":389},{"base_id":879,"kind":"top_words","i1":0,"i2":5,"sol":{"path":["/c/en/mathematician","/c/en/worker","/c/en/ornithologist"],"weight":0.20400000000000001,"degrees":[314,1829,96]},"num_concepts_raised":276},{"base_id":879,"kind":"top_words","i1":0,"i2":6,"sol":{"path":["/c/en/mathematician","/c/en/mathematics","/c/en/co","/c/en/pharmacology","/c/en/pharmacologist"],"weight":0.21604999999999996,"degrees":[314,7601,194,974,74]},"num_concepts_raised":13942},{"base_id":879,"kind":"top_words","i1":0,"i2":7,"sol":{"path":["/c/en/mathematician","/c/en/scientist","/c/en/geneticist"],"weight":0.20400000000000001,"degrees":[314,921,102]},"num_concepts_raised":289},{"base_id":879,"kind":"top_words","i1":0,"i2":8,"sol":{"path":["/c/en/mathematician","/c/en/scientist","/c/en/anthropologist"],"weight":0.20400000000000001,"degrees":[314,921,128]},"num_concepts_raised":297},{"base_id":879,"kind":"top_words","i1":0,"i2":9,"sol":{"path":["/c/en/mathematician","/c/en/scientist","/c/en/zoologist"],"weight":0.20500000000000002,"degrees":[314,921,157]},"num_concepts_raised":324},{"base_id":879,"kind":"top_words","i1":1,"i2":2,"sol":{"path":["/c/en/physiologist","/c/en/biologist","/c/en/botanist"],"weight":0.202,"degrees":[88,220,344]},"num_concepts_raised":364},{"base_id":879,"kind":"top_words","i1":1,"i2":3,"sol":{"path":["/c/en/physiologist","/c/en/scientist","/c/en/biochemist"],"weight":0.202,"degrees":[88,921,73]},"num_concepts_raised":112},{"base_id":879,"kind":"top_words","i1":1,"i2":4,"sol":{"path":["/c/en/physiologist","/c/en/scientist","/c/en/physicist"],"weight":0.20400000000000001,"degrees":[88,921,281]},"num_concepts_raised":242},{"base_id":879,"kind":"top_words","i1":1,"i2":5,"sol":{"path":["/c/en/physiologist","/c/en/worker","/c/en/ornithologist"],"weight":0.202,"degrees":[88,1829,96]},"num_concepts_raised":122},{"base_id":879,"kind":"top_words","i1":1,"i2":6,"sol":{"path":["/c/en/physiologist","/c/en/physiology","/c/en/logy","/c/en/pharmacology","/c/en/pharmacologist"],"weight":0.20647000000000004,"degrees":[88,1147,543,974,74]},"num_concepts_raised":5023},{"base_id":879,"kind":"top_words","i1":1,"i2":7,"sol":{"path":["/c/en/physiologist","/c/en/biologist","/c/en/geneticist"],"weight":0.202,"degrees":[88,220,102]},"num_concepts_raised":134},{"base_id":879,"kind":"top_words","i1":1,"i2":8,"sol":{"path":["/c/en/physiologist","/c/en/scientist","/c/en/anthropologist"],"weight":0.202,"degrees":[88,921,128]},"num_concepts_raised":143},{"base_id":879,"kind":"top_words","i1":1,"i2":9,"sol":{"path":["/c/en/physiologist","/c/en/scientist","/c/en/zoologist"],"weight":0.203,"degrees":[88,921,157]},"num_concepts_raised":169},{"base_id":879,"kind":"top_words","i1":2,"i2":3,"sol":{"path":["/c/en/botanist","/c/en/scientist","/c/en/biochemist"],"weight":0.202,"degrees":[344,921,73]},"num_concepts_raised":351},{"base_id":879,"kind":"top_words","i1":2,"i2":4,"sol":{"path":["/c/en/botanist","/c/en/scientist","/c/en/physicist"],"weight":0.20400000000000001,"degrees":[344,921,281]},"num_concepts_raised":481},{"base_id":879,"kind":"top_words","i1":2,"i2":5,"sol":{"path":["/c/en/botanist","/c/en/worker","/c/en/ornithologist"],"weight":0.202,"degrees":[344,1829,96]},"num_concepts_raised":360},{"base_id":879,"kind":"top_words","i1":2,"i2":6,"sol":{"path":["/c/en/botanist","/c/fr/botaniste","/c/fr/dioscoride","/c/fr/pharmacologue","/c/en/pharmacologist"],"weight":0.21063999999999933,"degrees":[344,76,9,13,74]},"num_concepts_raised":17935},{"base_id":879,"kind":"top_words","i1":2,"i2":7,"sol":{"path":["/c/en/botanist","/c/en/biologist","/c/en/geneticist"],"weight":0.202,"degrees":[344,220,102]},"num_concepts_raised":372},{"base_id":879,"kind":"top_words","i1":2,"i2":8,"sol":{"path":["/c/en/botanist","/c/en/scientist","/c/en/anthropologist"],"weight":0.202,"degrees":[344,921,128]},"num_concepts_raised":382},{"base_id":879,"kind":"top_words","i1":2,"i2":9,"sol":{"path":["/c/en/botanist","/c/en/zoologist"],"weight":0.202,"degrees":[344,157]},"num_concepts_raised":404},{"base_id":879,"kind":"top_words","i1":3,"i2":4,"sol":{"path":["/c/en/biochemist","/c/en/scientist","/c/en/physicist"],"weight":0.20400000000000001,"degrees":[73,921,281]},"num_concepts_raised":228},{"base_id":879,"kind":"top_words","i1":3,"i2":5,"sol":{"path":["/c/en/biochemist","/c/en/worker","/c/en/ornithologist"],"weight":0.202,"degrees":[73,1829,96]},"num_concepts_raised":108},{"base_id":879,"kind":"top_words","i1":3,"i2":6,"sol":{"path":["/c/en/biochemist","/c/en/chemist","/c/en/pharmacist","/c/en/pharmacologist"],"weight":0.20435000000000006,"degrees":[73,329,289,74]},"num_concepts_raised":7327},{"base_id":879,"kind":"top_words","i1":3,"i2":7,"sol":{"path":["/c/en/biochemist","/c/en/scientist","/c/en/geneticist"],"weight":0.202,"degrees":[73,921,102]},"num_concepts_raised":121},{"base_id":879,"kind":"top_words","i1":3,"i2":8,"sol":{"path":["/c/en/biochemist","/c/en/scientist","/c/en/anthropologist"],"weight":0.202,"degrees":[73,921,128]},"num_concepts_raised":129},{"base_id":879,"kind":"top_words","i1":3,"i2":9,"sol":{"path":["/c/en/biochemist","/c/en/scientist","/c/en/zoologist"],"weight":0.203,"degrees":[73,921,157]},"num_concepts_raised":156},{"base_id":879,"kind":"top_words","i1":4,"i2":5,"sol":{"path":["/c/en/physicist","/c/en/worker","/c/en/ornithologist"],"weight":0.20400000000000001,"degrees":[281,1829,96]},"num_concepts_raised":238},{"base_id":879,"kind":"top_words","i1":4,"i2":6,"sol":{"path":["/c/en/physicist","/c/fr/physicien","/c/fr/préparateur","/c/fr/pharmacien","/c/en/pharmacologist"],"weight":0.21719000000000022,"degrees":[281,79,24,112,74]},"num_concepts_raised":20288},{"base_id":879,"kind":"top_words","i1":4,"i2":7,"sol":{"path":["/c/en/physicist","/c/en/scientist","/c/en/geneticist"],"weight":0.20400000000000001,"degrees":[281,921,102]},"num_concepts_raised":250},{"base_id":879,"kind":"top_words","i1":4,"i2":8,"sol":{"path":["/c/en/physicist","/c/en/scientist","/c/en/anthropologist"],"weight":0.20400000000000001,"degrees":[281,921,128]},"num_concepts_raised":259},{"base_id":879,"kind":"top_words","i1":4,"i2":9,"sol":{"path":["/c/en/physicist","/c/en/scientist","/c/en/zoologist"],"weight":0.20500000000000002,"degrees":[281,921,157]},"num_concepts_raised":286},{"base_id":879,"kind":"top_words","i1":5,"i2":6,"sol":{"path":["/c/en/ornithologist","/c/en/ornithology","/c/en/logy","/c/en/pharmacology","/c/en/pharmacologist"],"weight":0.2066700000000002,"degrees":[96,433,543,974,74]},"num_concepts_raised":3496},{"base_id":879,"kind":"top_words","i1":5,"i2":7,"sol":{"path":["/c/en/ornithologist","/c/en/worker","/c/en/geneticist"],"weight":0.202,"degrees":[96,1829,102]},"num_concepts_raised":131},{"base_id":879,"kind":"top_words","i1":5,"i2":8,"sol":{"path":["/c/en/ornithologist","/c/en/worker","/c/en/anthropologist"],"weight":0.202,"degrees":[96,1829,128]},"num_concepts_raised":139},{"base_id":879,"kind":"top_words","i1":5,"i2":9,"sol":{"path":["/c/en/ornithologist","/c/en/zoologist"],"weight":0.202,"degrees":[96,157]},"num_concepts_raised":164},{"base_id":879,"kind":"top_words","i1":6,"i2":7,"sol":{"path":["/c/en/pharmacologist","/c/en/pharmacology","/c/en/medicine","/c/en/geneticist"],"weight":0.2056,"degrees":[74,974,11938,102]},"num_concepts_raised":19316},{"base_id":879,"kind":"top_words","i1":6,"i2":8,"sol":{"path":["/c/en/pharmacologist","/c/en/pharmacology","/c/en/logy","/c/en/anthropology","/c/en/anthropologist"],"weight":0.20707000000000017,"degrees":[74,974,543,569,128]},"num_concepts_raised":4448},{"base_id":879,"kind":"top_words","i1":6,"i2":9,"sol":{"path":["/c/en/pharmacologist","/c/en/pharmacoenvironmentology","/c/en/animals","/c/en/zoologist"],"weight":0.20539000000000016,"degrees":[74,16,387,157]},"num_concepts_raised":19134},{"base_id":879,"kind":"top_words","i1":7,"i2":8,"sol":{"path":["/c/en/geneticist","/c/en/scientist","/c/en/anthropologist"],"weight":0.202,"degrees":[102,921,128]},"num_concepts_raised":152},{"base_id":879,"kind":"top_words","i1":7,"i2":9,"sol":{"path":["/c/en/geneticist","/c/en/scientist","/c/en/zoologist"],"weight":0.203,"degrees":[102,921,157]},"num_concepts_raised":177},{"base_id":879,"kind":"top_words","i1":8,"i2":9,"sol":{"path":["/c/en/anthropologist","/c/en/scientist","/c/en/zoologist"],"weight":0.203,"degrees":[128,921,157]},"num_concepts_raised":187}]]