[[{"base_id":839,"kind":"bot_words","i1":0,"i2":1,"sol":{"path":["/c/en/keratitis","/c/en/disease","/c/en/wind","/c/en/windle"],"weight":0.21172999999999997,"degrees":[73,4216,2373,32]},"num_concepts_raised":127705},{"base_id":839,"kind":"bot_words","i1":0,"i2":2,"sol":{"path":["/c/en/keratitis","/c/en/disease","/c/en/ephemeral","/c/en/games","/c/en/larp"],"weight":0.21167000000000002,"degrees":[73,4216,203,430,31]},"num_concepts_raised":9141},{"base_id":839,"kind":"bot_words","i1":0,"i2":3,"sol":{"path":["/c/en/keratitis","/c/en/disease","/c/en/people","/c/en/theater","/c/en/theatre"],"weight":0.22808999999999763,"degrees":[73,4216,4475,802,638]},"num_concepts_raised":78334},{"base_id":839,"kind":"bot_words","i1":0,"i2":4,"sol":{"path":["/c/en/keratitis","/c/en/disease","/c/en/body","/c/en/belt","/c/en/girt"],"weight":0.21064999999999998,"degrees":[73,4216,3170,816,31]},"num_concepts_raised":19776},{"base_id":839,"kind":"bot_words","i1":0,"i2":5,"sol":{"path":["/c/en/keratitis","/c/en/disease","/c/en/taura_syndrome","/c/en/shrimp","/c/en/prawn"],"weight":0.21697999999999978,"degrees":[73,4216,5,425,231]},"num_concepts_raised":28421},{"base_id":839,"kind":"bot_words","i1":0,"i2":6,"sol":{"path":["/c/en/keratitis","/c/en/disease","/c/en/being","/c/en/determination","/c/en/doggedness"],"weight":0.21124999999999985,"degrees":[73,4216,910,344,83]},"num_concepts_raised":6284},{"base_id":839,"kind":"bot_words","i1":0,"i2":7,"sol":{"path":["/c/en/keratitis","/c/en/disease","/c/en/strain","/c/en/struggle","/c/en/struggling"],"weight":0.21164999999999998,"degrees":[73,4216,739,667,30]},"num_concepts_raised":5800},{"base_id":839,"kind":"bot_words","i1":0,"i2":8,"sol":{"path":["/c/en/keratitis","/c/en/disease","/c/syc/ܩܪܝܬܐ","/c/en/recitation","/c/en/declamation"],"weight":0.2109,"degrees":[73,4216,71,161,48]},"num_concepts_raised":5859},{"base_id":839,"kind":"bot_words","i1":0,"i2":9,"sol":{"path":["/c/en/keratitis","/c/en/disease","/c/en/black","/c/en/pepper","/c/en/habanero"],"weight":0.21590999999999994,"degrees":[73,4216,1965,534,47]},"num_concepts_raised":5942},{"base_id":839,"kind":"bot_words","i1":1,"i2":2,"sol":{"path":["/c/en/windle","/c/en/measure","/c/en/action","/c/en/larp"],"weight":0.20279999999999992,"degrees":[32,1837,2156,31]},"num_concepts_raised":127028},{"base_id":839,"kind":"bot_words","i1":1,"i2":3,"sol":{"path":["/c/en/windle","/c/en/uk","/c/en/theatre"],"weight":0.20400000000000001,"degrees":[32,5562,638]},"num_concepts_raised":618},{"base_id":839,"kind":"bot_words","i1":1,"i2":4,"sol":{"path":["/c/en/windle","/c/en/uk","/c/en/girt"],"weight":0.202,"degrees":[32,5562,31]},"num_concepts_raised":51},{"base_id":839,"kind":"bot_words","i1":1,"i2":5,"sol":{"path":["/c/en/windle","/c/en/wind","/c/en/slang","/c/en/prawn"],"weight":0.20643999999999968,"degrees":[32,2373,16318,231]},"num_concepts_raised":145304},{"base_id":839,"kind":"bot_words","i1":1,"i2":6,"sol":{"path":["/c/en/windle","/c/en/measure","/c/en/determination","/c/en/doggedness"],"weight":0.20333999999999974,"degrees":[32,1837,344,83]},"num_concepts_raised":124359},{"base_id":839,"kind":"bot_words","i1":1,"i2":7,"sol":{"path":["/c/en/windle","/c/en/wind","/c/en/warple","/c/en/struggle","/c/en/struggling"],"weight":0.20484999999999987,"degrees":[32,2373,17,667,30]},"num_concepts_raised":123890},{"base_id":839,"kind":"bot_words","i1":1,"i2":8,"sol":{"path":["/c/en/windle","/c/fr/localités","/c/fr/orero","/c/fr/déclamation","/c/en/declamation"],"weight":0.20600999999999986,"degrees":[32,110113,21,43,48]},"num_concepts_raised":123943},{"base_id":839,"kind":"bot_words","i1":1,"i2":9,"sol":{"path":["/c/en/windle","/c/en/uk","/c/en/pepper","/c/en/habanero"],"weight":0.2080099999999998,"degrees":[32,5562,534,47]},"num_concepts_raised":124019},{"base_id":839,"kind":"bot_words","i1":2,"i2":3,"sol":{"path":["/c/en/larp","/c/en/role_playing","/c/en/play","/c/en/theatre"],"weight":0.21687999999999766,"degrees":[31,37,3092,638]},"num_concepts_raised":77079},{"base_id":839,"kind":"bot_words","i1":2,"i2":4,"sol":{"path":["/c/en/larp","/c/en/action","/c/en/gird","/c/en/girt"],"weight":0.2048399999999999,"degrees":[31,2156,151,31]},"num_concepts_raised":19141},{"base_id":839,"kind":"bot_words","i1":2,"i2":5,"sol":{"path":["/c/en/larp","/c/en/live","/c/en/fish","/c/en/prawn"],"weight":0.20545999999999975,"degrees":[31,1553,4424,231]},"num_concepts_raised":27757},{"base_id":839,"kind":"bot_words","i1":2,"i2":6,"sol":{"path":["/c/en/larp","/c/en/action","/c/en/perseverance","/c/en/doggedness"],"weight":0.2046499999999998,"degrees":[31,2156,194,83]},"num_concepts_raised":5762},{"base_id":839,"kind":"bot_words","i1":2,"i2":7,"sol":{"path":["/c/en/larp","/c/en/games","/c/en/attempt","/c/en/struggle","/c/en/struggling"],"weight":0.20480999999999994,"degrees":[31,430,665,667,30]},"num_concepts_raised":5280},{"base_id":839,"kind":"bot_words","i1":2,"i2":8,"sol":{"path":["/c/en/larp","/c/en/action","/c/fr/action","/c/fr/déclamation","/c/en/declamation"],"weight":0.20611999999999994,"degrees":[31,2156,4713,43,48]},"num_concepts_raised":5343},{"base_id":839,"kind":"bot_words","i1":2,"i2":9,"sol":{"path":["/c/en/larp","/c/en/action","/c/en/cooking","/c/en/chili","/c/en/habanero"],"weight":0.21009999999999984,"degrees":[31,2156,1401,265,47]},"num_concepts_raised":5440},{"base_id":839,"kind":"bot_words","i1":3,"i2":4,"sol":{"path":["/c/en/theatre","/c/en/uk","/c/en/girt"],"weight":0.20400000000000001,"degrees":[638,5562,31]},"num_concepts_raised":613},{"base_id":839,"kind":"bot_words","i1":3,"i2":5,"sol":{"path":["/c/en/theatre","/c/en/play","/c/en/fish","/c/en/prawn"],"weight":0.21740999999999744,"degrees":[638,3092,4424,231]},"num_concepts_raised":93876},{"base_id":839,"kind":"bot_words","i1":3,"i2":6,"sol":{"path":["/c/en/theatre","/c/fr/théâtre","/c/fr/action","/c/fr/persévérance","/c/en/doggedness"],"weight":0.21971999999999742,"degrees":[638,825,4713,64,83]},"num_concepts_raised":75105},{"base_id":839,"kind":"bot_words","i1":3,"i2":7,"sol":{"path":["/c/en/theatre","/c/en/ground","/c/ja/あがき","/c/en/struggling"],"weight":0.2139599999999976,"degrees":[638,1836,7,30]},"num_concepts_raised":74614},{"base_id":839,"kind":"bot_words","i1":3,"i2":8,"sol":{"path":["/c/en/theatre","/c/en/theatrical","/c/en/declaim","/c/en/declamation"],"weight":0.21534999999999763,"degrees":[638,232,104,48]},"num_concepts_raised":74643},{"base_id":839,"kind":"bot_words","i1":3,"i2":9,"sol":{"path":["/c/en/theatre","/c/en/us","/c/en/pepper","/c/en/habanero"],"weight":0.21935999999999756,"degrees":[638,8154,534,47]},"num_concepts_raised":74764},{"base_id":839,"kind":"bot_words","i1":4,"i2":5,"sol":{"path":["/c/en/girt","/c/en/nautical","/c/en/fish","/c/en/prawn"],"weight":0.20537999999999967,"degrees":[31,5204,4424,231]},"num_concepts_raised":37400},{"base_id":839,"kind":"bot_words","i1":4,"i2":6,"sol":{"path":["/c/en/girt","/c/en/gird","/c/en/action","/c/en/perseverance","/c/en/doggedness"],"weight":0.20664999999999972,"degrees":[31,151,2156,194,83]},"num_concepts_raised":16428},{"base_id":839,"kind":"bot_words","i1":4,"i2":7,"sol":{"path":["/c/en/girt","/c/en/belt","/c/ba/көрәш","/c/en/struggle","/c/en/struggling"],"weight":0.20377999999999985,"degrees":[31,816,21,667,30]},"num_concepts_raised":15948},{"base_id":839,"kind":"bot_words","i1":4,"i2":8,"sol":{"path":["/c/en/girt","/c/en/architecture","/c/en/rail","/c/en/declaim","/c/en/declamation"],"weight":0.2040399999999999,"degrees":[31,2564,639,104,48]},"num_concepts_raised":16009},{"base_id":839,"kind":"bot_words","i1":4,"i2":9,"sol":{"path":["/c/en/girt","/c/en/uk","/c/en/pepper","/c/en/habanero"],"weight":0.20798999999999981,"degrees":[31,5562,534,47]},"num_concepts_raised":16090},{"base_id":839,"kind":"bot_words","i1":5,"i2":6,"sol":{"path":["/c/en/prawn","/c/en/fish","/c/ja/こん","/c/en/perseverance","/c/en/doggedness"],"weight":0.20726999999999957,"degrees":[231,4424,25,194,83]},"num_concepts_raised":25076},{"base_id":839,"kind":"bot_words","i1":5,"i2":7,"sol":{"path":["/c/en/prawn","/c/en/fish","/c/en/person","/c/en/struggle","/c/en/struggling"],"weight":0.2064599999999997,"degrees":[231,4424,12935,667,30]},"num_concepts_raised":24612},{"base_id":839,"kind":"bot_words","i1":5,"i2":8,"sol":{"path":["/c/en/prawn","/c/en/slang","/c/fr/sujet","/c/fr/déclamation","/c/en/declamation"],"weight":0.2086299999999997,"degrees":[231,16318,745,43,48]},"num_concepts_raised":24663},{"base_id":839,"kind":"bot_words","i1":5,"i2":9,"sol":{"path":["/c/en/prawn","/c/th/ทอดมัน","/c/en/chili","/c/en/habanero"],"weight":0.21255999999999964,"degrees":[231,12,265,47]},"num_concepts_raised":24721},{"base_id":839,"kind":"bot_words","i1":6,"i2":7,"sol":{"path":["/c/en/doggedness","/c/pt/empenho","/c/en/effort","/c/en/struggle","/c/en/struggling"],"weight":0.20435999999999974,"degrees":[83,8,788,667,30]},"num_concepts_raised":2423},{"base_id":839,"kind":"bot_words","i1":6,"i2":8,"sol":{"path":["/c/en/doggedness","/c/fr/persévérance","/c/fr/action","/c/fr/déclamation","/c/en/declamation"],"weight":0.20672999999999978,"degrees":[83,64,4713,43,48]},"num_concepts_raised":2482},{"base_id":839,"kind":"bot_words","i1":6,"i2":9,"sol":{"path":["/c/en/doggedness","/c/en/determination","/c/en/discovery","/c/en/cultivated_variety","/c/en/habanero"],"weight":0.2085599999999997,"degrees":[83,344,371,39,47]},"num_concepts_raised":2564},{"base_id":839,"kind":"bot_words","i1":7,"i2":8,"sol":{"path":["/c/en/struggling","/c/en/struggle","/c/gl/rifa","/c/en/tirade","/c/en/declamation"],"weight":0.2040199999999999,"degrees":[30,667,3,80,48]},"num_concepts_raised":1999},{"base_id":839,"kind":"bot_words","i1":7,"i2":9,"sol":{"path":["/c/en/struggling","/c/ja/あがき","/c/en/ground","/c/en/pepper","/c/en/habanero"],"weight":0.20801999999999982,"degrees":[30,7,1836,534,47]},"num_concepts_raised":2082},{"base_id":839,"kind":"bot_words","i1":8,"i2":9,"sol":{"path":["/c/en/declamation","/c/fr/déclamation","/c/fr/genre","/c/en/genus","/c/en/chili_pepper","/c/en/habanero"],"weight":0.21930639999999973,"degrees":[48,43,1495,2240,235,47]},"num_concepts_raised":166153}],[{"base_id":839,"kind":"top_words","i1":0,"i2":1,"sol":{"path":["/c/en/charadriiformes","/c/en/animal_order","/c/en/gruiformes"],"weight":0.20600000000000002,"degrees":[75,263,70]},"num_concepts_raised":131},{"base_id":839,"kind":"top_words","i1":0,"i2":2,"sol":{"path":["/c/en/charadriiformes","/c/en/animal_order","/c/en/pelecaniformes"],"weight":0.20600000000000002,"degrees":[75,263,69]},"num_concepts_raised":128},{"base_id":839,"kind":"top_words","i1":0,"i2":3,"sol":{"path":["/c/en/charadriiformes","/c/en/animal_order","/c/en/caprimulgiformes"],"weight":0.20600000000000002,"degrees":[75,263,63]},"num_concepts_raised":122},{"base_id":839,"kind":"top_words","i1":0,"i2":4,"sol":{"path":["/c/en/charadriiformes","/c/en/animal_order","/c/en/apodiformes"],"weight":0.20600000000000002,"degrees":[75,263,67]},"num_concepts_raised":127},{"base_id":839,"kind":"top_words","i1":0,"i2":5,"sol":{"path":["/c/en/charadriiformes","/c/en/animal_order","/c/en/procellariiformes"],"weight":0.20600000000000002,"degrees":[75,263,68]},"num_concepts_raised":127},{"base_id":839,"kind":"top_words","i1":0,"i2":6,"sol":{"path":["/c/en/charadriiformes","/c/en/charadriiform","/c/en/bird","/c/en/pheasant","/c/en/phasianidae"],"weight":0.21411999999999964,"degrees":[75,8,4970,300,83]},"num_concepts_raised":1536},{"base_id":839,"kind":"top_words","i1":0,"i2":7,"sol":{"path":["/c/en/charadriiformes","/c/en/animal_order","/c/en/galliformes"],"weight":0.20600000000000002,"degrees":[75,263,92]},"num_concepts_raised":150},{"base_id":839,"kind":"top_words","i1":0,"i2":8,"sol":{"path":["/c/en/charadriiformes","/c/en/charadriiform","/c/en/bird","/c/en/sulidae"],"weight":0.21365999999999963,"degrees":[75,8,4970,59]},"num_concepts_raised":4910},{"base_id":839,"kind":"top_words","i1":0,"i2":9,"sol":{"path":["/c/en/charadriiformes","/c/en/charadriiform","/c/en/bird","/c/en/threskiornithidae"],"weight":0.21376999999999963,"degrees":[75,8,4970,67]},"num_concepts_raised":4942},{"base_id":839,"kind":"top_words","i1":1,"i2":2,"sol":{"path":["/c/en/gruiformes","/c/en/animal_order","/c/en/pelecaniformes"],"weight":0.20600000000000002,"degrees":[70,263,69]},"num_concepts_raised":126},{"base_id":839,"kind":"top_words","i1":1,"i2":3,"sol":{"path":["/c/en/gruiformes","/c/en/animal_order","/c/en/caprimulgiformes"],"weight":0.20600000000000002,"degrees":[70,263,63]},"num_concepts_raised":120},{"base_id":839,"kind":"top_words","i1":1,"i2":4,"sol":{"path":["/c/en/gruiformes","/c/en/animal_order","/c/en/apodiformes"],"weight":0.20600000000000002,"degrees":[70,263,67]},"num_concepts_raised":125},{"base_id":839,"kind":"top_words","i1":1,"i2":5,"sol":{"path":["/c/en/gruiformes","/c/en/animal_order","/c/en/procellariiformes"],"weight":0.20600000000000002,"degrees":[70,263,68]},"num_concepts_raised":125},{"base_id":839,"kind":"top_words","i1":1,"i2":6,"sol":{"path":["/c/en/gruiformes","/c/en/gruiform","/c/en/bird","/c/en/pheasant","/c/en/phasianidae"],"weight":0.2140299999999996,"degrees":[70,9,4970,300,83]},"num_concepts_raised":1534},{"base_id":839,"kind":"top_words","i1":1,"i2":7,"sol":{"path":["/c/en/gruiformes","/c/en/animal_order","/c/en/galliformes"],"weight":0.20600000000000002,"degrees":[70,263,92]},"num_concepts_raised":148},{"base_id":839,"kind":"top_words","i1":1,"i2":8,"sol":{"path":["/c/en/gruiformes","/c/en/gruiform","/c/en/bird","/c/en/sulidae"],"weight":0.21356999999999962,"degrees":[70,9,4970,59]},"num_concepts_raised":4906},{"base_id":839,"kind":"top_words","i1":1,"i2":9,"sol":{"path":["/c/en/gruiformes","/c/en/gruiform","/c/en/bird","/c/en/threskiornithidae"],"weight":0.2136799999999996,"degrees":[70,9,4970,67]},"num_concepts_raised":4938},{"base_id":839,"kind":"top_words","i1":2,"i2":3,"sol":{"path":["/c/en/pelecaniformes","/c/en/bird","/c/en/caprimulgiformes"],"weight":0.20600000000000002,"degrees":[69,4970,63]},"num_concepts_raised":116},{"base_id":839,"kind":"top_words","i1":2,"i2":4,"sol":{"path":["/c/en/pelecaniformes","/c/en/bird","/c/en/apodiformes"],"weight":0.20600000000000002,"degrees":[69,4970,67]},"num_concepts_raised":121},{"base_id":839,"kind":"top_words","i1":2,"i2":5,"sol":{"path":["/c/en/pelecaniformes","/c/en/animal_order","/c/en/procellariiformes"],"weight":0.20600000000000002,"degrees":[69,263,68]},"num_concepts_raised":122},{"base_id":839,"kind":"top_words","i1":2,"i2":6,"sol":{"path":["/c/en/pelecaniformes","/c/en/bird","/c/en/pheasant","/c/en/phasianidae"],"weight":0.21412999999999968,"degrees":[69,4970,300,83]},"num_concepts_raised":5534},{"base_id":839,"kind":"top_words","i1":2,"i2":7,"sol":{"path":["/c/en/pelecaniformes","/c/en/animal_order","/c/en/galliformes"],"weight":0.20600000000000002,"degrees":[69,263,92]},"num_concepts_raised":145},{"base_id":839,"kind":"top_words","i1":2,"i2":8,"sol":{"path":["/c/en/pelecaniformes","/c/en/bird","/c/en/sulidae"],"weight":0.20600000000000002,"degrees":[69,4970,59]},"num_concepts_raised":116},{"base_id":839,"kind":"top_words","i1":2,"i2":9,"sol":{"path":["/c/en/pelecaniformes","/c/en/bird","/c/en/threskiornithidae"],"weight":0.20600000000000002,"degrees":[69,4970,67]},"num_concepts_raised":124},{"base_id":839,"kind":"top_words","i1":3,"i2":4,"sol":{"path":["/c/en/caprimulgiformes","/c/en/bird","/c/en/apodiformes"],"weight":0.20600000000000002,"degrees":[63,4970,67]},"num_concepts_raised":115},{"base_id":839,"kind":"top_words","i1":3,"i2":5,"sol":{"path":["/c/en/caprimulgiformes","/c/en/animal_order","/c/en/procellariiformes"],"weight":0.20600000000000002,"degrees":[63,263,68]},"num_concepts_raised":116},{"base_id":839,"kind":"top_words","i1":3,"i2":6,"sol":{"path":["/c/en/caprimulgiformes","/c/en/bird","/c/en/pheasant","/c/en/phasianidae"],"weight":0.2140699999999997,"degrees":[63,4970,300,83]},"num_concepts_raised":5504},{"base_id":839,"kind":"top_words","i1":3,"i2":7,"sol":{"path":["/c/en/caprimulgiformes","/c/en/animal_order","/c/en/galliformes"],"weight":0.20600000000000002,"degrees":[63,263,92]},"num_concepts_raised":139},{"base_id":839,"kind":"top_words","i1":3,"i2":8,"sol":{"path":["/c/en/caprimulgiformes","/c/en/bird","/c/en/sulidae"],"weight":0.20600000000000002,"degrees":[63,4970,59]},"num_concepts_raised":110},{"base_id":839,"kind":"top_words","i1":3,"i2":9,"sol":{"path":["/c/en/caprimulgiformes","/c/en/bird","/c/en/threskiornithidae"],"weight":0.20600000000000002,"degrees":[63,4970,67]},"num_concepts_raised":118},{"base_id":839,"kind":"top_words","i1":4,"i2":5,"sol":{"path":["/c/en/apodiformes","/c/en/animal_order","/c/en/procellariiformes"],"weight":0.20600000000000002,"degrees":[67,263,68]},"num_concepts_raised":121},{"base_id":839,"kind":"top_words","i1":4,"i2":6,"sol":{"path":["/c/en/apodiformes","/c/en/bird","/c/en/pheasant","/c/en/phasianidae"],"weight":0.21408999999999967,"degrees":[67,4970,300,83]},"num_concepts_raised":5527},{"base_id":839,"kind":"top_words","i1":4,"i2":7,"sol":{"path":["/c/en/apodiformes","/c/en/animal_order","/c/en/galliformes"],"weight":0.20600000000000002,"degrees":[67,263,92]},"num_concepts_raised":144},{"base_id":839,"kind":"top_words","i1":4,"i2":8,"sol":{"path":["/c/en/apodiformes","/c/en/bird","/c/en/sulidae"],"weight":0.20600000000000002,"degrees":[67,4970,59]},"num_concepts_raised":115},{"base_id":839,"kind":"top_words","i1":4,"i2":9,"sol":{"path":["/c/en/apodiformes","/c/en/bird","/c/en/threskiornithidae"],"weight":0.20600000000000002,"degrees":[67,4970,67]},"num_concepts_raised":123},{"base_id":839,"kind":"top_words","i1":5,"i2":6,"sol":{"path":["/c/en/procellariiformes","/c/en/diving_petrel","/c/en/bird","/c/en/pheasant","/c/en/phasianidae"],"weight":0.21411999999999967,"degrees":[68,53,4970,300,83]},"num_concepts_raised":1668},{"base_id":839,"kind":"top_words","i1":5,"i2":7,"sol":{"path":["/c/en/procellariiformes","/c/en/animal_order","/c/en/galliformes"],"weight":0.20600000000000002,"degrees":[68,263,92]},"num_concepts_raised":144},{"base_id":839,"kind":"top_words","i1":5,"i2":8,"sol":{"path":["/c/en/procellariiformes","/c/en/diving_petrel","/c/en/bird","/c/en/sulidae"],"weight":0.21365999999999968,"degrees":[68,53,4970,59]},"num_concepts_raised":5001},{"base_id":839,"kind":"top_words","i1":5,"i2":9,"sol":{"path":["/c/en/procellariiformes","/c/en/diving_petrel","/c/en/bird","/c/en/threskiornithidae"],"weight":0.21376999999999968,"degrees":[68,53,4970,67]},"num_concepts_raised":5033},{"base_id":839,"kind":"top_words","i1":6,"i2":7,"sol":{"path":["/c/en/phasianidae","/c/en/pheasant","/c/en/fowl","/c/en/galliformes"],"weight":0.2142399999999996,"degrees":[83,300,210,92]},"num_concepts_raised":1768},{"base_id":839,"kind":"top_words","i1":6,"i2":8,"sol":{"path":["/c/en/phasianidae","/c/en/bird_family","/c/en/sulidae"],"weight":0.20600000000000002,"degrees":[83,151,59]},"num_concepts_raised":128},{"base_id":839,"kind":"top_words","i1":6,"i2":9,"sol":{"path":["/c/en/phasianidae","/c/en/bird_family","/c/en/threskiornithidae"],"weight":0.20600000000000002,"degrees":[83,151,67]},"num_concepts_raised":136},{"base_id":839,"kind":"top_words","i1":7,"i2":8,"sol":{"path":["/c/en/galliformes","/c/en/fowl","/c/en/bird","/c/en/sulidae"],"weight":0.2138999999999996,"degrees":[92,210,4970,59]},"num_concepts_raised":5091},{"base_id":839,"kind":"top_words","i1":7,"i2":9,"sol":{"path":["/c/en/galliformes","/c/en/fowl","/c/en/bird","/c/en/threskiornithidae"],"weight":0.2140099999999996,"degrees":[92,210,4970,67]},"num_concepts_raised":5123},{"base_id":839,"kind":"top_words","i1":8,"i2":9,"sol":{"path":["/c/en/sulidae","/c/en/bird","/c/en/threskiornithidae"],"weight":0.20600000000000002,"degrees":[59,4970,67]},"num_concepts_raised":116}]]