[[{"base_id":907,"kind":"bot_words","i1":0,"i2":1,"sol":{"path":["/c/en/vardø","/c/en/norway","/c/en/wisconsin","/c/en/price","/c/en/haggle","/c/en/haggling"],"weight":0.21216629999999967,"degrees":[43,465,629,1382,199,28]},"num_concepts_raised":176739},{"base_id":907,"kind":"bot_words","i1":0,"i2":2,"sol":{"path":["/c/en/vardø","/c/en/norway","/c/en/human","/c/en/flesh"],"weight":0.22270999999999838,"degrees":[43,465,2645,654]},"num_concepts_raised":62095},{"base_id":907,"kind":"bot_words","i1":0,"i2":3,"sol":{"path":["/c/en/vardø","/c/en/administrative_region","/c/en/kos","/c/en/fantasy","/c/en/reality"],"weight":0.22238999999999895,"degrees":[43,476,89,684,646]},"num_concepts_raised":30233},{"base_id":907,"kind":"bot_words","i1":0,"i2":4,"sol":{"path":["/c/en/vardø","/c/en/administrative_region","/c/en/leer","/c/en/sly"],"weight":0.21164999999999937,"degrees":[43,476,215,341]},"num_concepts_raised":10509},{"base_id":907,"kind":"bot_words","i1":0,"i2":5,"sol":{"path":["/c/en/vardø","/c/en/norway","/c/en/western_norway","/c/en/education","/c/en/knowledge","/c/en/foreknowledge"],"weight":0.21353909999999954,"degrees":[43,465,15,1899,1394,50]},"num_concepts_raised":222047},{"base_id":907,"kind":"bot_words","i1":0,"i2":6,"sol":{"path":["/c/en/vardø","/c/en/administrative_region","/c/en/queensland","/c/en/port","/c/en/inducement"],"weight":0.20843999999999963,"degrees":[43,476,234,979,81]},"num_concepts_raised":18528},{"base_id":907,"kind":"bot_words","i1":0,"i2":7,"sol":{"path":["/c/en/vardø","/c/en/administrative_region","/c/en/stade","/c/en/ship","/c/en/liner"],"weight":0.20964999999999964,"degrees":[43,476,140,2104,152]},"num_concepts_raised":37433},{"base_id":907,"kind":"bot_words","i1":0,"i2":8,"sol":{"path":["/c/en/vardø","/c/en/norway","/c/en/flora","/c/en/plant","/c/en/lophophora"],"weight":0.2130999999999998,"degrees":[43,465,206,7959,40]},"num_concepts_raised":8406},{"base_id":907,"kind":"bot_words","i1":0,"i2":9,"sol":{"path":["/c/en/vardø","/c/en/norway","/c/en/canada","/c/en/alert","/c/en/notification"],"weight":0.2103099999999994,"degrees":[43,465,2402,465,232]},"num_concepts_raised":12769},{"base_id":907,"kind":"bot_words","i1":1,"i2":2,"sol":{"path":["/c/en/haggling","/c/el/παζάρι","/c/en/market","/c/en/meat","/c/en/flesh"],"weight":0.22277999999999837,"degrees":[28,11,1406,1737,654]},"num_concepts_raised":62347},{"base_id":907,"kind":"bot_words","i1":1,"i2":3,"sol":{"path":["/c/en/haggling","/c/en/offer","/c/en/legal","/c/en/reality"],"weight":0.21501999999999905,"degrees":[28,1096,6627,646]},"num_concepts_raised":30434},{"base_id":907,"kind":"bot_words","i1":1,"i2":4,"sol":{"path":["/c/en/haggling","/c/en/haggle","/c/en/finagle","/c/en/crafty","/c/en/sly"],"weight":0.20852999999999944,"degrees":[28,199,38,246,341]},"num_concepts_raised":10806},{"base_id":907,"kind":"bot_words","i1":1,"i2":5,"sol":{"path":["/c/en/haggling","/c/en/offer","/c/en/place","/c/en/knowledge","/c/en/foreknowledge"],"weight":0.20417999999999997,"degrees":[28,1096,3314,1394,50]},"num_concepts_raised":3833},{"base_id":907,"kind":"bot_words","i1":1,"i2":6,"sol":{"path":["/c/en/haggling","/c/en/offer","/c/en/legal","/c/en/inducement"],"weight":0.2031899999999997,"degrees":[28,1096,6627,81]},"num_concepts_raised":18736},{"base_id":907,"kind":"bot_words","i1":1,"i2":7,"sol":{"path":["/c/en/haggling","/c/en/haggle","/c/en/deal","/c/en/baseball","/c/en/liner"],"weight":0.20541999999999971,"degrees":[28,199,875,1859,152]},"num_concepts_raised":37660},{"base_id":907,"kind":"bot_words","i1":1,"i2":8,"sol":{"path":["/c/en/haggling","/c/ja/軍配","/c/en/contrivance","/c/en/plant","/c/en/lophophora"],"weight":0.20787999999999984,"degrees":[28,65,169,7959,40]},"num_concepts_raised":8697},{"base_id":907,"kind":"bot_words","i1":1,"i2":9,"sol":{"path":["/c/en/haggling","/c/en/offer","/c/en/advice","/c/en/notification"],"weight":0.20505999999999946,"degrees":[28,1096,558,232]},"num_concepts_raised":12969},{"base_id":907,"kind":"bot_words","i1":2,"i2":3,"sol":{"path":["/c/en/flesh","/c/en/body","/c/ja/体","/c/en/reality"],"weight":0.2326199999999976,"degrees":[654,3170,332,646]},"num_concepts_raised":88708},{"base_id":907,"kind":"bot_words","i1":2,"i2":4,"sol":{"path":["/c/en/flesh","/c/en/leer","/c/en/sly"],"weight":0.20400000000000001,"degrees":[654,215,341]},"num_concepts_raised":835},{"base_id":907,"kind":"bot_words","i1":2,"i2":5,"sol":{"path":["/c/en/flesh","/c/en/body","/c/en/knowledge","/c/en/foreknowledge"],"weight":0.22168999999999853,"degrees":[654,3170,1394,50]},"num_concepts_raised":63709},{"base_id":907,"kind":"bot_words","i1":2,"i2":6,"sol":{"path":["/c/en/flesh","/c/en/body","/c/en/vessel","/c/en/inducement"],"weight":0.22080999999999829,"degrees":[654,3170,1376,81]},"num_concepts_raised":77647},{"base_id":907,"kind":"bot_words","i1":2,"i2":7,"sol":{"path":["/c/en/flesh","/c/en/body","/c/en/cover","/c/en/liner"],"weight":0.2219299999999983,"degrees":[654,3170,2802,152]},"num_concepts_raised":94293},{"base_id":907,"kind":"bot_words","i1":2,"i2":8,"sol":{"path":["/c/en/flesh","/c/en/meat","/c/en/plant","/c/en/lophophora"],"weight":0.22813999999999837,"degrees":[654,1737,7959,40]},"num_concepts_raised":67970},{"base_id":907,"kind":"bot_words","i1":2,"i2":9,"sol":{"path":["/c/en/flesh","/c/en/body","/c/en/information","/c/en/notification"],"weight":0.22291999999999806,"degrees":[654,3170,1544,232]},"num_concepts_raised":72299},{"base_id":907,"kind":"bot_words","i1":3,"i2":4,"sol":{"path":["/c/en/reality","/c/en/act","/c/en/hugger_mugger","/c/en/sly"],"weight":0.21904999999999863,"degrees":[646,2503,35,341]},"num_concepts_raised":38530},{"base_id":907,"kind":"bot_words","i1":3,"i2":5,"sol":{"path":["/c/en/reality","/c/en/fact","/c/en/knowledge","/c/en/foreknowledge"],"weight":0.22148999999999913,"degrees":[646,649,1394,50]},"num_concepts_raised":31700},{"base_id":907,"kind":"bot_words","i1":3,"i2":6,"sol":{"path":["/c/en/reality","/c/en/fact","/c/en/inducement"],"weight":0.20600000000000002,"degrees":[646,649,81]},"num_concepts_raised":562},{"base_id":907,"kind":"bot_words","i1":3,"i2":7,"sol":{"path":["/c/en/reality","/c/en/fantasy","/c/en/slang","/c/en/liner"],"weight":0.2189799999999989,"degrees":[646,684,16318,152]},"num_concepts_raised":64754},{"base_id":907,"kind":"bot_words","i1":3,"i2":8,"sol":{"path":["/c/en/reality","/c/en/fact","/c/en/action","/c/en/plant","/c/en/lophophora"],"weight":0.225359999999999,"degrees":[646,649,2156,7959,40]},"num_concepts_raised":36686},{"base_id":907,"kind":"bot_words","i1":3,"i2":9,"sol":{"path":["/c/en/reality","/c/en/fact","/c/en/information","/c/en/notification"],"weight":0.22276999999999864,"degrees":[646,649,1544,232]},"num_concepts_raised":40284},{"base_id":907,"kind":"bot_words","i1":4,"i2":5,"sol":{"path":["/c/en/sly","/c/en/cunning","/c/en/knowledge","/c/en/foreknowledge"],"weight":0.21108999999999953,"degrees":[341,597,1394,50]},"num_concepts_raised":12140},{"base_id":907,"kind":"bot_words","i1":4,"i2":6,"sol":{"path":["/c/en/sly","/c/en/politician","/c/en/bribe","/c/en/inducement"],"weight":0.20803999999999928,"degrees":[341,665,562,81]},"num_concepts_raised":26961},{"base_id":907,"kind":"bot_words","i1":4,"i2":7,"sol":{"path":["/c/en/sly","/c/fi/ovela","/c/en/fly","/c/en/liner"],"weight":0.2093399999999993,"degrees":[341,20,2276,152]},"num_concepts_raised":45610},{"base_id":907,"kind":"bot_words","i1":4,"i2":8,"sol":{"path":["/c/en/sly","/c/en/cunning","/c/sa/धूर्त","/c/en/plant","/c/en/lophophora"],"weight":0.21476999999999943,"degrees":[341,597,15,7959,40]},"num_concepts_raised":17047},{"base_id":907,"kind":"bot_words","i1":4,"i2":9,"sol":{"path":["/c/en/sly","/c/en/sharp","/c/en/note","/c/en/notification"],"weight":0.20900999999999903,"degrees":[341,1275,1578,232]},"num_concepts_raised":21207},{"base_id":907,"kind":"bot_words","i1":5,"i2":6,"sol":{"path":["/c/en/foreknowledge","/c/en/knowledge","/c/en/information","/c/en/inducement"],"weight":0.20493999999999982,"degrees":[50,1394,1544,81]},"num_concepts_raised":20031},{"base_id":907,"kind":"bot_words","i1":5,"i2":7,"sol":{"path":["/c/en/foreknowledge","/c/en/knowledge","/c/en/route","/c/en/liner"],"weight":0.20582999999999982,"degrees":[50,1394,587,152]},"num_concepts_raised":39068},{"base_id":907,"kind":"bot_words","i1":5,"i2":8,"sol":{"path":["/c/en/foreknowledge","/c/en/knowledge","/c/en/book","/c/en/plant","/c/en/lophophora"],"weight":0.20945999999999995,"degrees":[50,1394,3239,7959,40]},"num_concepts_raised":10099},{"base_id":907,"kind":"bot_words","i1":5,"i2":9,"sol":{"path":["/c/en/foreknowledge","/c/en/knowledge","/c/en/notice","/c/en/notification"],"weight":0.20955999999999958,"degrees":[50,1394,971,232]},"num_concepts_raised":14248},{"base_id":907,"kind":"bot_words","i1":6,"i2":7,"sol":{"path":["/c/en/inducement","/c/en/port","/c/en/ship","/c/en/liner"],"weight":0.20523999999999956,"degrees":[81,979,2104,152]},"num_concepts_raised":52757},{"base_id":907,"kind":"bot_words","i1":6,"i2":8,"sol":{"path":["/c/en/inducement","/c/en/bribe","/c/en/action","/c/en/plant","/c/en/lophophora"],"weight":0.2095099999999997,"degrees":[81,562,2156,7959,40]},"num_concepts_raised":24999},{"base_id":907,"kind":"bot_words","i1":6,"i2":9,"sol":{"path":["/c/en/inducement","/c/en/information","/c/en/notification"],"weight":0.202,"degrees":[81,1544,232]},"num_concepts_raised":265},{"base_id":907,"kind":"bot_words","i1":7,"i2":8,"sol":{"path":["/c/en/liner","/c/en/slang","/c/en/plant","/c/en/lophophora"],"weight":0.20958999999999972,"degrees":[152,16318,7959,40]},"num_concepts_raised":43811},{"base_id":907,"kind":"bot_words","i1":7,"i2":9,"sol":{"path":["/c/en/liner","/c/en/line","/c/en/note","/c/en/notification"],"weight":0.20700999999999933,"degrees":[152,3018,1578,232]},"num_concepts_raised":47721},{"base_id":907,"kind":"bot_words","i1":8,"i2":9,"sol":{"path":["/c/en/lophophora","/c/en/plant","/c/en/public","/c/en/notice","/c/en/notification"],"weight":0.21313999999999944,"degrees":[40,7959,1202,971,232]},"num_concepts_raised":19288}],[{"base_id":907,"kind":"top_words","i1":0,"i2":1,"sol":{"path":["/c/en/clippers","/c/en/cut","/c/en/band","/c/en/sonics"],"weight":0.20798999999999973,"degrees":[52,2951,1893,27]},"num_concepts_raised":12507},{"base_id":907,"kind":"top_words","i1":0,"i2":2,"sol":{"path":["/c/en/clippers","/c/en/cut","/c/en/tomahawk","/c/en/dunk"],"weight":0.20435999999999946,"degrees":[52,2951,149,165]},"num_concepts_raised":13713},{"base_id":907,"kind":"top_words","i1":0,"i2":3,"sol":{"path":["/c/en/clippers","/c/en/trim","/c/en/slang","/c/en/bosh"],"weight":0.20303999999999975,"degrees":[52,524,16318,29]},"num_concepts_raised":27819},{"base_id":907,"kind":"top_words","i1":0,"i2":4,"sol":{"path":["/c/en/clippers","/c/en/salon","/c/en/city","/c/en/kobe"],"weight":0.21105999999999964,"degrees":[52,237,3758,104]},"num_concepts_raised":12189},{"base_id":907,"kind":"top_words","i1":0,"i2":5,"sol":{"path":["/c/en/clippers","/c/en/cut","/c/en/sport","/c/en/laker"],"weight":0.2030599999999998,"degrees":[52,2951,1809,30]},"num_concepts_raised":27048},{"base_id":907,"kind":"top_words","i1":0,"i2":6,"sol":{"path":["/c/en/clippers","/c/en/drawer","/c/en/sweater","/c/en/jumper"],"weight":0.20717999999999948,"degrees":[52,555,223,243]},"num_concepts_raised":62728},{"base_id":907,"kind":"top_words","i1":0,"i2":7,"sol":{"path":["/c/en/clippers","/c/en/race","/c/en/strain","/c/en/rondo"],"weight":0.2127899999999998,"degrees":[52,1372,739,79]},"num_concepts_raised":16288},{"base_id":907,"kind":"top_words","i1":0,"i2":8,"sol":{"path":["/c/en/clippers","/c/en/tool","/c/en/bell","/c/en/buzzer"],"weight":0.20373999999999975,"degrees":[52,1423,1216,75]},"num_concepts_raised":37817},{"base_id":907,"kind":"top_words","i1":0,"i2":9,"sol":{"path":["/c/en/clippers","/c/en/cut","/c/en/sports","/c/en/timeout"],"weight":0.2033999999999997,"degrees":[52,2951,3417,61]},"num_concepts_raised":25999},{"base_id":907,"kind":"top_words","i1":1,"i2":2,"sol":{"path":["/c/en/sonics","/c/en/band","/c/en/jam","/c/en/dunk"],"weight":0.21012999999999954,"degrees":[27,1893,785,165]},"num_concepts_raised":12666},{"base_id":907,"kind":"top_words","i1":1,"i2":3,"sol":{"path":["/c/en/sonics","/c/en/sound","/c/en/british","/c/en/bosh"],"weight":0.2087599999999998,"degrees":[27,3218,3452,29]},"num_concepts_raised":26798},{"base_id":907,"kind":"top_words","i1":1,"i2":4,"sol":{"path":["/c/en/sonics","/c/en/sound","/c/en/city","/c/en/kobe"],"weight":0.21586999999999973,"degrees":[27,3218,3758,104]},"num_concepts_raised":11099},{"base_id":907,"kind":"top_words","i1":1,"i2":5,"sol":{"path":["/c/en/sonics","/c/en/band","/c/en/player","/c/en/laker"],"weight":0.20872999999999986,"degrees":[27,1893,1005,30]},"num_concepts_raised":26098},{"base_id":907,"kind":"top_words","i1":1,"i2":6,"sol":{"path":["/c/en/sonics","/c/en/sound","/c/en/spring","/c/en/jumper"],"weight":0.21044999999999958,"degrees":[27,3218,1751,243]},"num_concepts_raised":61948},{"base_id":907,"kind":"top_words","i1":1,"i2":7,"sol":{"path":["/c/en/sonics","/c/en/sound","/c/en/music","/c/en/rondo"],"weight":0.21775999999999987,"degrees":[27,3218,8822,79]},"num_concepts_raised":14936},{"base_id":907,"kind":"top_words","i1":1,"i2":8,"sol":{"path":["/c/en/sonics","/c/en/sound","/c/en/bell","/c/en/buzzer"],"weight":0.20853999999999984,"degrees":[27,3218,1216,75]},"num_concepts_raised":36954},{"base_id":907,"kind":"top_words","i1":1,"i2":9,"sol":{"path":["/c/en/sonics","/c/en/sound","/c/en/communication","/c/en/timeout"],"weight":0.20822999999999975,"degrees":[27,3218,873,61]},"num_concepts_raised":24983},{"base_id":907,"kind":"top_words","i1":2,"i2":3,"sol":{"path":["/c/en/dunk","/c/en/jam","/c/en/slang","/c/en/bosh"],"weight":0.20525999999999955,"degrees":[165,785,16318,29]},"num_concepts_raised":27975},{"base_id":907,"kind":"top_words","i1":2,"i2":4,"sol":{"path":["/c/en/dunk","/c/en/jam","/c/en/block","/c/en/city","/c/en/kobe"],"weight":0.21328999999999948,"degrees":[165,785,1314,3758,104]},"num_concepts_raised":12361},{"base_id":907,"kind":"top_words","i1":2,"i2":5,"sol":{"path":["/c/en/dunk","/c/en/basketball","/c/en/laker"],"weight":0.202,"degrees":[165,883,30]},"num_concepts_raised":154},{"base_id":907,"kind":"top_words","i1":2,"i2":6,"sol":{"path":["/c/en/dunk","/c/en/basketball_shot","/c/en/jumper"],"weight":0.202,"degrees":[165,16,243]},"num_concepts_raised":325},{"base_id":907,"kind":"top_words","i1":2,"i2":7,"sol":{"path":["/c/en/dunk","/c/en/jam","/c/en/music","/c/en/rondo"],"weight":0.21509999999999962,"degrees":[165,785,8822,79]},"num_concepts_raised":16477},{"base_id":907,"kind":"top_words","i1":2,"i2":8,"sol":{"path":["/c/en/dunk","/c/en/jam","/c/en/slang","/c/en/buzzer"],"weight":0.20590999999999957,"degrees":[165,785,16318,75]},"num_concepts_raised":38152},{"base_id":907,"kind":"top_words","i1":2,"i2":9,"sol":{"path":["/c/en/dunk","/c/en/basketball","/c/en/sports","/c/en/timeout"],"weight":0.2048299999999995,"degrees":[165,883,3417,61]},"num_concepts_raised":26136},{"base_id":907,"kind":"top_words","i1":3,"i2":4,"sol":{"path":["/c/en/bosh","/c/en/british","/c/en/village","/c/en/city","/c/en/kobe"],"weight":0.21188999999999975,"degrees":[29,3452,1480,3758,104]},"num_concepts_raised":26533},{"base_id":907,"kind":"top_words","i1":3,"i2":5,"sol":{"path":["/c/en/bosh","/c/en/british","/c/en/uk","/c/en/laker"],"weight":0.20373999999999987,"degrees":[29,3452,5562,30]},"num_concepts_raised":40162},{"base_id":907,"kind":"top_words","i1":3,"i2":6,"sol":{"path":["/c/en/bosh","/c/en/british","/c/en/jumper"],"weight":0.203,"degrees":[29,3452,243]},"num_concepts_raised":223},{"base_id":907,"kind":"top_words","i1":3,"i2":7,"sol":{"path":["/c/en/bosh","/c/en/figure","/c/en/music","/c/en/rondo"],"weight":0.2125899999999999,"degrees":[29,1106,8822,79]},"num_concepts_raised":30600},{"base_id":907,"kind":"top_words","i1":3,"i2":8,"sol":{"path":["/c/en/bosh","/c/en/slang","/c/en/buzzer"],"weight":0.202,"degrees":[29,16318,75]},"num_concepts_raised":87},{"base_id":907,"kind":"top_words","i1":3,"i2":9,"sol":{"path":["/c/en/bosh","/c/en/slang","/c/fr/fournir","/c/en/timeout"],"weight":0.20305999999999977,"degrees":[29,16318,408,61]},"num_concepts_raised":40209},{"base_id":907,"kind":"top_words","i1":4,"i2":5,"sol":{"path":["/c/en/kobe","/c/en/city","/c/en/uk","/c/en/laker"],"weight":0.21083999999999978,"degrees":[104,3758,5562,30]},"num_concepts_raised":25731},{"base_id":907,"kind":"top_words","i1":4,"i2":6,"sol":{"path":["/c/en/kobe","/c/en/transport","/c/en/historical","/c/en/jumper"],"weight":0.21137999999999948,"degrees":[104,1411,8415,243]},"num_concepts_raised":61542},{"base_id":907,"kind":"top_words","i1":4,"i2":7,"sol":{"path":["/c/en/kobe","/c/en/city","/c/en/country","/c/en/music","/c/en/rondo"],"weight":0.22085999999999978,"degrees":[104,3758,2796,8822,79]},"num_concepts_raised":14926},{"base_id":907,"kind":"top_words","i1":4,"i2":8,"sol":{"path":["/c/en/kobe","/c/en/transport","/c/en/run","/c/en/buzzer"],"weight":0.20940999999999976,"degrees":[104,1411,2730,75]},"num_concepts_raised":36754},{"base_id":907,"kind":"top_words","i1":4,"i2":9,"sol":{"path":["/c/en/kobe","/c/en/city","/c/en/traffic","/c/en/communication","/c/en/timeout"],"weight":0.2113399999999997,"degrees":[104,3758,641,873,61]},"num_concepts_raised":24727},{"base_id":907,"kind":"top_words","i1":5,"i2":6,"sol":{"path":["/c/en/laker","/c/en/basketball","/c/en/jumper"],"weight":0.202,"degrees":[30,883,243]},"num_concepts_raised":223},{"base_id":907,"kind":"top_words","i1":5,"i2":7,"sol":{"path":["/c/en/laker","/c/en/player","/c/en/music","/c/en/rondo"],"weight":0.21367999999999993,"degrees":[30,1005,8822,79]},"num_concepts_raised":29873},{"base_id":907,"kind":"top_words","i1":5,"i2":8,"sol":{"path":["/c/en/laker","/c/en/nautical","/c/en/bell","/c/en/buzzer"],"weight":0.2035399999999999,"degrees":[30,5204,1216,75]},"num_concepts_raised":49484},{"base_id":907,"kind":"top_words","i1":5,"i2":9,"sol":{"path":["/c/en/laker","/c/en/sport","/c/en/time_out","/c/en/timeout"],"weight":0.20426999999999984,"degrees":[30,1809,97,61]},"num_concepts_raised":39222},{"base_id":907,"kind":"top_words","i1":6,"i2":7,"sol":{"path":["/c/en/jumper","/c/en/person","/c/en/music","/c/en/rondo"],"weight":0.21533999999999964,"degrees":[243,12935,8822,79]},"num_concepts_raised":65643},{"base_id":907,"kind":"top_words","i1":6,"i2":8,"sol":{"path":["/c/en/jumper","/c/en/us","/c/en/buzzer"],"weight":0.202,"degrees":[243,8154,75]},"num_concepts_raised":259},{"base_id":907,"kind":"top_words","i1":6,"i2":9,"sol":{"path":["/c/en/jumper","/c/en/jump","/c/en/sports","/c/en/timeout"],"weight":0.20807999999999952,"degrees":[243,1216,3417,61]},"num_concepts_raised":74790},{"base_id":907,"kind":"top_words","i1":7,"i2":8,"sol":{"path":["/c/en/rondo","/c/en/music","/c/en/bell","/c/en/buzzer"],"weight":0.2134399999999999,"degrees":[79,8822,1216,75]},"num_concepts_raised":40734},{"base_id":907,"kind":"top_words","i1":7,"i2":9,"sol":{"path":["/c/en/rondo","/c/fr/rondeau","/c/fr/partie","/c/en/timeout"],"weight":0.21503999999999984,"degrees":[79,57,2399,61]},"num_concepts_raised":28623},{"base_id":907,"kind":"top_words","i1":8,"i2":9,"sol":{"path":["/c/en/buzzer","/c/en/cricket","/c/en/communication","/c/en/timeout"],"weight":0.20390999999999979,"degrees":[75,1394,873,61]},"num_concepts_raised":50112}]]