[[{"base_id":235,"kind":"bot_words","i1":0,"i2":1,"sol":{"path":["/c/en/habitually","/c/en/habit","/c/en/uniform","/c/en/proportional"],"weight":0.20586999999999947,"degrees":[133,920,572,164]},"num_concepts_raised":18207},{"base_id":235,"kind":"bot_words","i1":0,"i2":2,"sol":{"path":["/c/en/habitually","/c/en/wear","/c/en/value","/c/en/honesty","/c/en/sincerity"],"weight":0.2088399999999997,"degrees":[133,1149,1699,376,270]},"num_concepts_raised":12318},{"base_id":235,"kind":"bot_words","i1":0,"i2":3,"sol":{"path":["/c/en/habitually","/c/en/habit","/c/en/mineralogy","/c/en/paracelsian","/c/en/paracelsus"],"weight":0.21191999999999966,"degrees":[133,920,3281,17,84]},"num_concepts_raised":9798},{"base_id":235,"kind":"bot_words","i1":0,"i2":4,"sol":{"path":["/c/en/habitually","/c/fr/habituellement","/c/fr/mettre","/c/en/plant","/c/en/asclepias"],"weight":0.21169999999999967,"degrees":[133,156,2152,7959,55]},"num_concepts_raised":16020},{"base_id":235,"kind":"bot_words","i1":0,"i2":5,"sol":{"path":["/c/en/habitually","/c/en/usually","/c/en/pot","/c/en/potter"],"weight":0.20922999999999953,"degrees":[133,459,1260,296]},"num_concepts_raised":23740},{"base_id":235,"kind":"bot_words","i1":0,"i2":6,"sol":{"path":["/c/en/habitually","/c/en/usually","/c/en/plate","/c/en/rostral"],"weight":0.20470999999999973,"degrees":[133,459,1940,38]},"num_concepts_raised":24982},{"base_id":235,"kind":"bot_words","i1":0,"i2":7,"sol":{"path":["/c/en/habitually","/c/en/live","/c/en/place","/c/en/placed"],"weight":0.2058199999999995,"degrees":[133,1553,3314,86]},"num_concepts_raised":16502},{"base_id":235,"kind":"bot_words","i1":0,"i2":8,"sol":{"path":["/c/en/habitually","/c/en/live","/c/en/dead","/c/en/inelastic"],"weight":0.20558999999999983,"degrees":[133,1553,1376,56]},"num_concepts_raised":13837},{"base_id":235,"kind":"bot_words","i1":0,"i2":9,"sol":{"path":["/c/en/habitually","/c/en/tipple","/c/en/slang","/c/en/heist"],"weight":0.20465999999999968,"degrees":[133,75,16318,72]},"num_concepts_raised":32083},{"base_id":235,"kind":"bot_words","i1":1,"i2":2,"sol":{"path":["/c/en/proportional","/c/en/proportion","/c/en/scalar_quantity","/c/en/sincerity"],"weight":0.20849999999999957,"degrees":[164,439,58,270]},"num_concepts_raised":13948},{"base_id":235,"kind":"bot_words","i1":1,"i2":3,"sol":{"path":["/c/en/proportional","/c/grc/ἀναλογητικόσ","/c/en/philosopher","/c/en/paracelsus"],"weight":0.2100899999999995,"degrees":[164,6,600,84]},"num_concepts_raised":11459},{"base_id":235,"kind":"bot_words","i1":1,"i2":4,"sol":{"path":["/c/en/proportional","/c/fr/proportionnel","/c/fr/genre","/c/fr/asclépiade","/c/en/asclepias"],"weight":0.21319999999999956,"degrees":[164,68,1495,43,55]},"num_concepts_raised":17701},{"base_id":235,"kind":"bot_words","i1":1,"i2":5,"sol":{"path":["/c/en/proportional","/c/en/non","/c/en/pot","/c/en/potter"],"weight":0.20904999999999938,"degrees":[164,283,1260,296]},"num_concepts_raised":25473},{"base_id":235,"kind":"bot_words","i1":1,"i2":6,"sol":{"path":["/c/en/proportional","/c/en/proportion","/c/en/scale","/c/en/rostral"],"weight":0.2058499999999996,"degrees":[164,439,1530,38]},"num_concepts_raised":26576},{"base_id":235,"kind":"bot_words","i1":1,"i2":7,"sol":{"path":["/c/en/proportional","/c/en/proportion","/c/en/placement","/c/en/placed"],"weight":0.20624999999999938,"degrees":[164,439,217,86]},"num_concepts_raised":18248},{"base_id":235,"kind":"bot_words","i1":1,"i2":8,"sol":{"path":["/c/en/proportional","/c/en/natural","/c/es/gutapercha","/c/en/inelastic"],"weight":0.2049099999999997,"degrees":[164,930,14,56]},"num_concepts_raised":15538},{"base_id":235,"kind":"bot_words","i1":1,"i2":9,"sol":{"path":["/c/en/proportional","/c/en/angle","/c/en/slang","/c/en/heist"],"weight":0.20502999999999955,"degrees":[164,959,16318,72]},"num_concepts_raised":33839},{"base_id":235,"kind":"bot_words","i1":2,"i2":3,"sol":{"path":["/c/en/sincerity","/c/en/cynical","/c/en/philosopher","/c/en/paracelsus"],"weight":0.21132999999999974,"degrees":[270,103,600,84]},"num_concepts_raised":5447},{"base_id":235,"kind":"bot_words","i1":2,"i2":4,"sol":{"path":["/c/en/sincerity","/c/en/honesty","/c/en/herb","/c/en/plant","/c/en/asclepias"],"weight":0.21291999999999978,"degrees":[270,376,1259,7959,55]},"num_concepts_raised":11713},{"base_id":235,"kind":"bot_words","i1":2,"i2":5,"sol":{"path":["/c/en/sincerity","/c/fr/sincérité","/c/la/fides","/c/en/harp","/c/en/potter"],"weight":0.2117499999999996,"degrees":[270,93,120,488,296]},"num_concepts_raised":19632},{"base_id":235,"kind":"bot_words","i1":2,"i2":6,"sol":{"path":["/c/en/sincerity","/c/en/honesty","/c/en/good","/c/en/plate","/c/en/rostral"],"weight":0.20765999999999984,"degrees":[270,376,2615,1940,38]},"num_concepts_raised":20708},{"base_id":235,"kind":"bot_words","i1":2,"i2":7,"sol":{"path":["/c/en/sincerity","/c/en/honesty","/c/en/being","/c/en/place","/c/en/placed"],"weight":0.20920999999999962,"degrees":[270,376,910,3314,86]},"num_concepts_raised":12408},{"base_id":235,"kind":"bot_words","i1":2,"i2":8,"sol":{"path":["/c/en/sincerity","/c/ja/心","/c/en/lead","/c/en/inelastic"],"weight":0.20611999999999991,"degrees":[270,229,2667,56]},"num_concepts_raised":9615},{"base_id":235,"kind":"bot_words","i1":2,"i2":9,"sol":{"path":["/c/en/sincerity","/c/en/commitment","/c/en/institution","/c/en/heist"],"weight":0.20623999999999976,"degrees":[270,325,609,72]},"num_concepts_raised":27995},{"base_id":235,"kind":"bot_words","i1":3,"i2":4,"sol":{"path":["/c/en/paracelsus","/c/en/alchemy","/c/en/earth","/c/en/plant","/c/en/asclepias"],"weight":0.2138999999999997,"degrees":[84,349,2336,7959,55]},"num_concepts_raised":9146},{"base_id":235,"kind":"bot_words","i1":3,"i2":5,"sol":{"path":["/c/en/paracelsus","/c/en/swiss","/c/en/meat","/c/en/potter"],"weight":0.21202999999999955,"degrees":[84,175,1737,296]},"num_concepts_raised":17074},{"base_id":235,"kind":"bot_words","i1":3,"i2":6,"sol":{"path":["/c/en/paracelsus","/c/en/alchemy","/c/en/lunar","/c/en/anatomy","/c/en/rostral"],"weight":0.20872999999999978,"degrees":[84,349,275,12775,38]},"num_concepts_raised":18151},{"base_id":235,"kind":"bot_words","i1":3,"i2":7,"sol":{"path":["/c/en/paracelsus","/c/en/alchemy","/c/en/slang","/c/en/place","/c/en/placed"],"weight":0.21023999999999957,"degrees":[84,349,16318,3314,86]},"num_concepts_raised":9878},{"base_id":235,"kind":"bot_words","i1":3,"i2":8,"sol":{"path":["/c/en/paracelsus","/c/en/alchemy","/c/en/slang","/c/en/dead","/c/en/inelastic"],"weight":0.20998999999999987,"degrees":[84,349,16318,1376,56]},"num_concepts_raised":7045},{"base_id":235,"kind":"bot_words","i1":3,"i2":9,"sol":{"path":["/c/en/paracelsus","/c/en/alchemy","/c/en/slang","/c/en/heist"],"weight":0.20906999999999973,"degrees":[84,349,16318,72]},"num_concepts_raised":25505},{"base_id":235,"kind":"bot_words","i1":4,"i2":5,"sol":{"path":["/c/en/asclepias","/c/en/plant","/c/en/pot","/c/en/potter"],"weight":0.21283999999999959,"degrees":[55,7959,1260,296]},"num_concepts_raised":23272},{"base_id":235,"kind":"bot_words","i1":4,"i2":6,"sol":{"path":["/c/en/asclepias","/c/en/milkweed_bug","/c/en/insect","/c/en/rostrum","/c/en/rostral"],"weight":0.21023999999999976,"degrees":[55,9,2112,106,38]},"num_concepts_raised":24352},{"base_id":235,"kind":"bot_words","i1":4,"i2":7,"sol":{"path":["/c/en/asclepias","/c/en/plant","/c/en/put","/c/en/placed"],"weight":0.20888999999999958,"degrees":[55,7959,1568,86]},"num_concepts_raised":16070},{"base_id":235,"kind":"bot_words","i1":4,"i2":8,"sol":{"path":["/c/en/asclepias","/c/en/plant","/c/en/alive","/c/en/dead","/c/en/inelastic"],"weight":0.20966999999999988,"degrees":[55,7959,600,1376,56]},"num_concepts_raised":13292},{"base_id":235,"kind":"bot_words","i1":4,"i2":9,"sol":{"path":["/c/en/asclepias","/c/en/plant","/c/en/slang","/c/en/heist"],"weight":0.20874999999999977,"degrees":[55,7959,16318,72]},"num_concepts_raised":31676},{"base_id":235,"kind":"bot_words","i1":5,"i2":6,"sol":{"path":["/c/en/potter","/c/en/pottery","/c/en/plate","/c/en/rostral"],"weight":0.20886999999999964,"degrees":[296,394,1940,38]},"num_concepts_raised":32140},{"base_id":235,"kind":"bot_words","i1":5,"i2":7,"sol":{"path":["/c/en/potter","/c/en/putter","/c/en/put","/c/en/placed"],"weight":0.20918999999999943,"degrees":[296,107,1568,86]},"num_concepts_raised":23740},{"base_id":235,"kind":"bot_words","i1":5,"i2":8,"sol":{"path":["/c/en/potter","/c/en/meat","/c/en/dead","/c/en/inelastic"],"weight":0.20779999999999973,"degrees":[296,1737,1376,56]},"num_concepts_raised":21098},{"base_id":235,"kind":"bot_words","i1":5,"i2":9,"sol":{"path":["/c/en/potter","/c/en/pot","/c/en/slang","/c/en/heist"],"weight":0.2080299999999996,"degrees":[296,1260,16318,72]},"num_concepts_raised":38491},{"base_id":235,"kind":"bot_words","i1":6,"i2":7,"sol":{"path":["/c/en/rostral","/c/en/plate","/c/en/place","/c/en/placed"],"weight":0.20463999999999966,"degrees":[38,1940,3314,86]},"num_concepts_raised":25020},{"base_id":235,"kind":"bot_words","i1":6,"i2":8,"sol":{"path":["/c/en/rostral","/c/en/anatomy","/c/en/tendon","/c/en/inelastic"],"weight":0.20343999999999995,"degrees":[38,12775,397,56]},"num_concepts_raised":22197},{"base_id":235,"kind":"bot_words","i1":6,"i2":9,"sol":{"path":["/c/en/rostral","/c/en/snout","/c/en/slang","/c/en/heist"],"weight":0.2035099999999998,"degrees":[38,328,16318,72]},"num_concepts_raised":40514},{"base_id":235,"kind":"bot_words","i1":7,"i2":8,"sol":{"path":["/c/en/placed","/c/la/iaceo","/c/en/dead","/c/en/inelastic"],"weight":0.20476999999999973,"degrees":[86,145,1376,56]},"num_concepts_raised":13888},{"base_id":235,"kind":"bot_words","i1":7,"i2":9,"sol":{"path":["/c/en/placed","/c/en/place","/c/en/slang","/c/en/heist"],"weight":0.2051099999999996,"degrees":[86,3314,16318,72]},"num_concepts_raised":32099},{"base_id":235,"kind":"bot_words","i1":8,"i2":9,"sol":{"path":["/c/en/inelastic","/c/en/dead","/c/en/slang","/c/en/heist"],"weight":0.2048399999999999,"degrees":[56,1376,16318,72]},"num_concepts_raised":29442}],[{"base_id":235,"kind":"top_words","i1":0,"i2":1,"sol":{"path":["/c/en/hattrick","/c/en/video_game","/c/en/wet","/c/en/feeble","/c/en/nerveless"],"weight":0.2079599999999998,"degrees":[41,754,1063,394,32]},"num_concepts_raised":11549},{"base_id":235,"kind":"top_words","i1":0,"i2":2,"sol":{"path":["/c/en/hattrick","/c/en/goal","/c/en/race","/c/en/horse","/c/en/horsewhip"],"weight":0.21035999999999977,"degrees":[41,977,1372,3068,57]},"num_concepts_raised":5178},{"base_id":235,"kind":"top_words","i1":0,"i2":3,"sol":{"path":["/c/en/hattrick","/c/en/goal","/c/en/home","/c/en/housefly"],"weight":0.21479999999999985,"degrees":[41,977,2163,153]},"num_concepts_raised":11121},{"base_id":235,"kind":"top_words","i1":0,"i2":4,"sol":{"path":["/c/en/hattrick","/c/en/video_game","/c/en/frame","/c/en/bed","/c/en/bedstead"],"weight":0.20959999999999976,"degrees":[41,754,948,2185,58]},"num_concepts_raised":4917},{"base_id":235,"kind":"top_words","i1":0,"i2":5,"sol":{"path":["/c/en/hattrick","/c/en/goal","/c/en/basket","/c/en/basketful"],"weight":0.20929999999999999,"degrees":[41,977,1010,33]},"num_concepts_raised":2455},{"base_id":235,"kind":"top_words","i1":0,"i2":6,"sol":{"path":["/c/en/hattrick","/c/en/goal","/c/en/pipe","/c/en/blowpipe","/c/en/blowgun"],"weight":0.21092999999999978,"degrees":[41,977,1039,81,75]},"num_concepts_raised":6908},{"base_id":235,"kind":"top_words","i1":0,"i2":7,"sol":{"path":["/c/en/hattrick","/c/en/video_game","/c/en/sonic_hedgehog","/c/en/biochemistry","/c/en/biomolecule"],"weight":0.20856999999999984,"degrees":[41,754,104,3629,58]},"num_concepts_raised":12763},{"base_id":235,"kind":"top_words","i1":0,"i2":8,"sol":{"path":["/c/en/hattrick","/c/en/video_game","/c/en/second","/c/fr/métrologie","/c/en/picosecond"],"weight":0.2079399999999998,"degrees":[41,754,1367,4411,31]},"num_concepts_raised":6157},{"base_id":235,"kind":"top_words","i1":0,"i2":9,"sol":{"path":["/c/en/hattrick","/c/en/goal","/c/en/bag","/c/en/sack","/c/en/sackful"],"weight":0.2091699999999999,"degrees":[41,977,1275,774,28]},"num_concepts_raised":2648},{"base_id":235,"kind":"top_words","i1":1,"i2":2,"sol":{"path":["/c/en/nerveless","/c/en/nerve","/c/en/animal","/c/en/horse","/c/en/horsewhip"],"weight":0.20638999999999988,"degrees":[32,845,3735,3068,57]},"num_concepts_raised":13493},{"base_id":235,"kind":"top_words","i1":1,"i2":3,"sol":{"path":["/c/en/nerveless","/c/en/powerless","/c/en/insect","/c/en/housefly"],"weight":0.21084999999999995,"degrees":[32,181,2112,153]},"num_concepts_raised":19368},{"base_id":235,"kind":"top_words","i1":1,"i2":4,"sol":{"path":["/c/en/nerveless","/c/en/nerve","/c/en/support","/c/en/bed","/c/en/bedstead"],"weight":0.20554999999999984,"degrees":[32,845,2237,2185,58]},"num_concepts_raised":13239},{"base_id":235,"kind":"top_words","i1":1,"i2":5,"sol":{"path":["/c/en/nerveless","/c/en/nerve","/c/en/basket_case","/c/en/basket","/c/en/basketful"],"weight":0.20531000000000008,"degrees":[32,845,30,1010,33]},"num_concepts_raised":10818},{"base_id":235,"kind":"top_words","i1":1,"i2":6,"sol":{"path":["/c/en/nerveless","/c/en/nerve","/c/fr/force","/c/fr/sarbacane","/c/en/blowgun"],"weight":0.2067899999999999,"degrees":[32,845,1098,47,75]},"num_concepts_raised":15234},{"base_id":235,"kind":"top_words","i1":1,"i2":7,"sol":{"path":["/c/en/nerveless","/c/en/nerve","/c/en/organism","/c/en/biomolecule"],"weight":0.20429999999999993,"degrees":[32,845,1338,58]},"num_concepts_raised":20617},{"base_id":235,"kind":"top_words","i1":1,"i2":8,"sol":{"path":["/c/en/nerveless","/c/en/less","/c/en/measurement","/c/fr/métrologie","/c/en/picosecond"],"weight":0.20284999999999992,"degrees":[32,705,807,4411,31]},"num_concepts_raised":14513},{"base_id":235,"kind":"top_words","i1":1,"i2":9,"sol":{"path":["/c/en/nerveless","/c/en/nerve","/c/en/botany","/c/it/sacco","/c/en/sackful"],"weight":0.20500000000000002,"degrees":[32,845,6881,60,28]},"num_concepts_raised":11006},{"base_id":235,"kind":"top_words","i1":2,"i2":3,"sol":{"path":["/c/en/horsewhip","/c/en/horse","/c/en/face_fly","/c/en/housefly"],"weight":0.21213999999999994,"degrees":[57,3068,7,153]},"num_concepts_raised":13048},{"base_id":235,"kind":"top_words","i1":2,"i2":4,"sol":{"path":["/c/en/horsewhip","/c/en/horse","/c/en/frame","/c/en/bed","/c/en/bedstead"],"weight":0.20697999999999986,"degrees":[57,3068,948,2185,58]},"num_concepts_raised":6865},{"base_id":235,"kind":"top_words","i1":2,"i2":5,"sol":{"path":["/c/en/horsewhip","/c/en/horse","/c/en/basketball","/c/en/basket","/c/en/basketful"],"weight":0.20671000000000006,"degrees":[57,3068,883,1010,33]},"num_concepts_raised":4448},{"base_id":235,"kind":"top_words","i1":2,"i2":6,"sol":{"path":["/c/en/horsewhip","/c/en/whip","/c/en/blow","/c/en/blowgun"],"weight":0.2050099999999999,"degrees":[57,853,1623,75]},"num_concepts_raised":8829},{"base_id":235,"kind":"top_words","i1":2,"i2":7,"sol":{"path":["/c/en/horsewhip","/c/en/horse","/c/en/base","/c/en/biochemistry","/c/en/biomolecule"],"weight":0.20596999999999993,"degrees":[57,3068,2117,3629,58]},"num_concepts_raised":14721},{"base_id":235,"kind":"top_words","i1":2,"i2":8,"sol":{"path":["/c/en/horsewhip","/c/en/horse","/c/en/barn","/c/fr/métrologie","/c/en/picosecond"],"weight":0.2052899999999999,"degrees":[57,3068,503,4411,31]},"num_concepts_raised":8143},{"base_id":235,"kind":"top_words","i1":2,"i2":9,"sol":{"path":["/c/en/horsewhip","/c/en/horse","/c/en/hay","/c/en/sack","/c/en/sackful"],"weight":0.20644,"degrees":[57,3068,634,774,28]},"num_concepts_raised":4634},{"base_id":235,"kind":"top_words","i1":3,"i2":4,"sol":{"path":["/c/en/housefly","/c/en/home","/c/en/furniture","/c/en/bedstead"],"weight":0.21002999999999994,"degrees":[153,2163,817,58]},"num_concepts_raised":12737},{"base_id":235,"kind":"top_words","i1":3,"i2":5,"sol":{"path":["/c/en/housefly","/c/en/home","/c/en/basket","/c/en/basketful"],"weight":0.21113000000000015,"degrees":[153,2163,1010,33]},"num_concepts_raised":10404},{"base_id":235,"kind":"top_words","i1":3,"i2":6,"sol":{"path":["/c/en/housefly","/c/en/fly","/c/en/air","/c/en/blowpipe","/c/en/blowgun"],"weight":0.21504999999999996,"degrees":[153,2276,1965,81,75]},"num_concepts_raised":14770},{"base_id":235,"kind":"top_words","i1":3,"i2":7,"sol":{"path":["/c/en/housefly","/c/en/home","/c/en/living","/c/en/biomolecule"],"weight":0.21011,"degrees":[153,2163,839,58]},"num_concepts_raised":20557},{"base_id":235,"kind":"top_words","i1":3,"i2":8,"sol":{"path":["/c/en/housefly","/c/en/home","/c/en/barn","/c/fr/métrologie","/c/en/picosecond"],"weight":0.20974999999999996,"degrees":[153,2163,503,4411,31]},"num_concepts_raised":14110},{"base_id":235,"kind":"top_words","i1":3,"i2":9,"sol":{"path":["/c/en/housefly","/c/en/fly","/c/en/baseball","/c/en/sack","/c/en/sackful"],"weight":0.21325000000000008,"degrees":[153,2276,1859,774,28]},"num_concepts_raised":10596},{"base_id":235,"kind":"top_words","i1":4,"i2":5,"sol":{"path":["/c/en/bedstead","/c/en/bed","/c/en/crib","/c/en/basket","/c/en/basketful"],"weight":0.20587000000000005,"degrees":[58,2185,305,1010,33]},"num_concepts_raised":4173},{"base_id":235,"kind":"top_words","i1":4,"i2":6,"sol":{"path":["/c/en/bedstead","/c/fr/châlit","/c/fr/fer","/c/fr/sarbacane","/c/en/blowgun"],"weight":0.20798999999999987,"degrees":[58,29,898,47,75]},"num_concepts_raised":8592},{"base_id":235,"kind":"top_words","i1":4,"i2":7,"sol":{"path":["/c/en/bedstead","/c/en/bed","/c/en/cell","/c/en/dna","/c/en/biomolecule"],"weight":0.2049299999999999,"degrees":[58,2185,2433,476,58]},"num_concepts_raised":14442},{"base_id":235,"kind":"top_words","i1":4,"i2":8,"sol":{"path":["/c/en/bedstead","/c/en/bed","/c/en/stone","/c/fr/métrologie","/c/en/picosecond"],"weight":0.20444999999999985,"degrees":[58,2185,1934,4411,31]},"num_concepts_raised":7878},{"base_id":235,"kind":"top_words","i1":4,"i2":9,"sol":{"path":["/c/en/bedstead","/c/en/bed","/c/en/sack","/c/en/sackful"],"weight":0.20559,"degrees":[58,2185,774,28]},"num_concepts_raised":4359},{"base_id":235,"kind":"top_words","i1":5,"i2":6,"sol":{"path":["/c/en/basketful","/c/en/basket","/c/en/rush","/c/en/dart","/c/en/blowgun"],"weight":0.20494000000000007,"degrees":[33,1010,1156,425,75]},"num_concepts_raised":6190},{"base_id":235,"kind":"top_words","i1":5,"i2":7,"sol":{"path":["/c/en/basketful","/c/en/basket","/c/en/food","/c/en/protein","/c/en/biomolecule"],"weight":0.20472000000000012,"degrees":[33,1010,4281,3124,58]},"num_concepts_raised":12031},{"base_id":235,"kind":"top_words","i1":5,"i2":8,"sol":{"path":["/c/en/basketful","/c/en/basket","/c/en/bell","/c/en/time_unit","/c/en/picosecond"],"weight":0.2042000000000001,"degrees":[33,1010,1216,44,31]},"num_concepts_raised":5422},{"base_id":235,"kind":"top_words","i1":5,"i2":9,"sol":{"path":["/c/en/basketful","/c/en/basket","/c/en/container","/c/en/sack","/c/en/sackful"],"weight":0.2054000000000002,"degrees":[33,1010,872,774,28]},"num_concepts_raised":1908},{"base_id":235,"kind":"top_words","i1":6,"i2":7,"sol":{"path":["/c/en/blowgun","/c/en/blowpipe","/c/en/chemistry","/c/fi/biomolekyyli","/c/en/biomolecule"],"weight":0.20720999999999995,"degrees":[75,81,11754,4,58]},"num_concepts_raised":16452},{"base_id":235,"kind":"top_words","i1":6,"i2":8,"sol":{"path":["/c/en/blowgun","/c/en/tube","/c/fr/métro","/c/fr/métrologie","/c/en/picosecond"],"weight":0.2034899999999999,"degrees":[75,849,203,4411,31]},"num_concepts_raised":9886},{"base_id":235,"kind":"top_words","i1":6,"i2":9,"sol":{"path":["/c/en/blowgun","/c/ms/sumpit","/c/en/bag","/c/en/sack","/c/en/sackful"],"weight":0.20571000000000003,"degrees":[75,17,1275,774,28]},"num_concepts_raised":6363},{"base_id":235,"kind":"top_words","i1":7,"i2":8,"sol":{"path":["/c/en/biomolecule","/c/en/biochemistry","/c/mul/g","/c/fr/métrologie","/c/en/picosecond"],"weight":0.20353999999999994,"degrees":[58,3629,145,4411,31]},"num_concepts_raised":15705},{"base_id":235,"kind":"top_words","i1":7,"i2":9,"sol":{"path":["/c/en/biomolecule","/c/en/sugar","/c/en/bag","/c/en/sack","/c/en/sackful"],"weight":0.20453000000000005,"degrees":[58,1902,1275,774,28]},"num_concepts_raised":12216},{"base_id":235,"kind":"top_words","i1":8,"i2":9,"sol":{"path":["/c/en/picosecond","/c/fr/métrologie","/c/en/stone","/c/en/sack","/c/en/sackful"],"weight":0.20400000000000001,"degrees":[31,4411,1934,774,28]},"num_concepts_raised":5608}]]