[[{"base_id":862,"kind":"bot_words","i1":0,"i2":1,"sol":{"path":["/c/en/portraiture","/c/en/description","/c/en/any","/c/ja/任意","/c/en/arbitrariness"],"weight":0.20808999999999994,"degrees":[24,533,573,37,53]},"num_concepts_raised":2392},{"base_id":862,"kind":"bot_words","i1":0,"i2":2,"sol":{"path":["/c/en/portraiture","/c/en/portrait","/c/en/landscape","/c/en/river","/c/en/neretva"],"weight":0.2101299999999998,"degrees":[24,359,559,2945,49]},"num_concepts_raised":5855},{"base_id":862,"kind":"bot_words","i1":0,"i2":3,"sol":{"path":["/c/en/portraiture","/c/en/description","/c/en/close","/c/en/tight","/c/en/impassable"],"weight":0.20356999999999986,"degrees":[24,533,2153,613,93]},"num_concepts_raised":4039},{"base_id":862,"kind":"bot_words","i1":0,"i2":4,"sol":{"path":["/c/en/portraiture","/c/en/portrait","/c/en/family","/c/en/genetics","/c/en/cytidine"],"weight":0.20807999999999977,"degrees":[24,359,3166,1987,54]},"num_concepts_raised":10260},{"base_id":862,"kind":"bot_words","i1":0,"i2":5,"sol":{"path":["/c/en/portraiture","/c/zh/肖像權","/c/en/law","/c/en/judgment"],"weight":0.22069999999999862,"degrees":[24,5,3727,632]},"num_concepts_raised":48552},{"base_id":862,"kind":"bot_words","i1":0,"i2":6,"sol":{"path":["/c/en/portraiture","/c/en/painting","/c/en/art","/c/en/antiform","/c/en/anticline"],"weight":0.20548999999999984,"degrees":[24,1155,1987,17,86]},"num_concepts_raised":8814},{"base_id":862,"kind":"bot_words","i1":0,"i2":7,"sol":{"path":["/c/en/portraiture","/c/en/portrait","/c/en/draw","/c/en/high","/c/en/squeaking"],"weight":0.20376999999999984,"degrees":[24,359,1953,1658,27]},"num_concepts_raised":3684},{"base_id":862,"kind":"bot_words","i1":0,"i2":8,"sol":{"path":["/c/en/portraiture","/c/en/portrait","/c/en/you","/c/en/thunder","/c/en/thunderbird"],"weight":0.2102499999999998,"degrees":[24,359,1800,1099,64]},"num_concepts_raised":19485},{"base_id":862,"kind":"bot_words","i1":0,"i2":9,"sol":{"path":["/c/en/portraiture","/c/en/description","/c/en/plant","/c/en/tuberose"],"weight":0.20256999999999986,"degrees":[24,533,7959,26]},"num_concepts_raised":11151},{"base_id":862,"kind":"bot_words","i1":1,"i2":2,"sol":{"path":["/c/en/arbitrariness","/c/fr/arbitraire","/c/fr/naturel","/c/fr/rivière","/c/en/river","/c/en/neretva"],"weight":0.22158709999999915,"degrees":[53,144,1074,815,2945,49]},"num_concepts_raised":352036},{"base_id":862,"kind":"bot_words","i1":1,"i2":3,"sol":{"path":["/c/en/arbitrariness","/c/fr/arbitraire","/c/fr/maître","/c/en/overcome","/c/en/impassable"],"weight":0.21123999999999993,"degrees":[53,144,425,470,93]},"num_concepts_raised":2599},{"base_id":862,"kind":"bot_words","i1":1,"i2":4,"sol":{"path":["/c/en/arbitrariness","/c/fr/arbitraire","/c/en/random","/c/en/aptamer","/c/en/biochemistry","/c/en/cytidine"],"weight":0.21950349999999927,"degrees":[53,144,368,32,3629,54]},"num_concepts_raised":266358},{"base_id":862,"kind":"bot_words","i1":1,"i2":5,"sol":{"path":["/c/en/arbitrariness","/c/fr/arbitraire","/c/fr/décision","/c/en/judgment"],"weight":0.22598999999999875,"degrees":[53,144,274,632]},"num_concepts_raised":47193},{"base_id":862,"kind":"bot_words","i1":1,"i2":6,"sol":{"path":["/c/en/arbitrariness","/c/fr/arbitraire","/c/fr/chaque","/c/en/each","/c/en/anticline"],"weight":0.2111099999999999,"degrees":[53,144,379,551,86]},"num_concepts_raised":7404},{"base_id":862,"kind":"bot_words","i1":1,"i2":7,"sol":{"path":["/c/en/arbitrariness","/c/fr/arbitraire","/c/fr/genre","/c/fr/haut","/c/en/high","/c/en/squeaking"],"weight":0.21595709999999949,"degrees":[53,144,1495,740,1658,27]},"num_concepts_raised":242502},{"base_id":862,"kind":"bot_words","i1":1,"i2":8,"sol":{"path":["/c/en/arbitrariness","/c/fr/arbitraire","/c/fr/homme","/c/en/male","/c/en/thunderbird"],"weight":0.21573999999999988,"degrees":[53,144,1895,2222,64]},"num_concepts_raised":18099},{"base_id":862,"kind":"bot_words","i1":1,"i2":9,"sol":{"path":["/c/en/arbitrariness","/c/en/arbitrary","/c/en/absolute","/c/en/flower","/c/en/tuberose"],"weight":0.21021999999999993,"degrees":[53,226,470,2500,26]},"num_concepts_raised":9736},{"base_id":862,"kind":"bot_words","i1":2,"i2":3,"sol":{"path":["/c/en/neretva","/c/en/river","/c/en/navigable","/c/en/unnavigable","/c/en/impassable"],"weight":0.2120099999999998,"degrees":[49,2945,82,27,93]},"num_concepts_raised":6064},{"base_id":862,"kind":"bot_words","i1":2,"i2":4,"sol":{"path":["/c/en/neretva","/c/en/river","/c/en/water","/c/en/chemical_compound","/c/en/cytidine"],"weight":0.2153899999999997,"degrees":[49,2945,4606,2801,54]},"num_concepts_raised":12292},{"base_id":862,"kind":"bot_words","i1":2,"i2":5,"sol":{"path":["/c/en/neretva","/c/en/river","/c/en/sense","/c/en/judgment"],"weight":0.2256299999999986,"degrees":[49,2945,1285,632]},"num_concepts_raised":50606},{"base_id":862,"kind":"bot_words","i1":2,"i2":6,"sol":{"path":["/c/en/neretva","/c/en/river","/c/en/bed","/c/en/geology","/c/en/anticline"],"weight":0.21114999999999978,"degrees":[49,2945,2185,3862,86]},"num_concepts_raised":10822},{"base_id":862,"kind":"bot_words","i1":2,"i2":7,"sol":{"path":["/c/en/neretva","/c/en/river","/c/en/small","/c/en/squeak","/c/en/squeaking"],"weight":0.21108999999999983,"degrees":[49,2945,2515,296,27]},"num_concepts_raised":5718},{"base_id":862,"kind":"bot_words","i1":2,"i2":8,"sol":{"path":["/c/en/neretva","/c/en/river","/c/en/natural","/c/en/thunder","/c/en/thunderbird"],"weight":0.21751999999999977,"degrees":[49,2945,930,1099,64]},"num_concepts_raised":21487},{"base_id":862,"kind":"bot_words","i1":2,"i2":9,"sol":{"path":["/c/en/neretva","/c/en/river","/c/en/flower","/c/en/tuberose"],"weight":0.20996999999999982,"degrees":[49,2945,2500,26]},"num_concepts_raised":13182},{"base_id":862,"kind":"bot_words","i1":3,"i2":4,"sol":{"path":["/c/en/impassable","/c/en/tight","/c/en/tag","/c/en/biochemistry","/c/en/cytidine"],"weight":0.2089899999999998,"degrees":[93,613,590,3629,54]},"num_concepts_raised":10473},{"base_id":862,"kind":"bot_words","i1":3,"i2":5,"sol":{"path":["/c/en/impassable","/c/en/unpassable","/c/en/pass","/c/en/judgment"],"weight":0.22117999999999866,"degrees":[93,12,2112,632]},"num_concepts_raised":48774},{"base_id":862,"kind":"bot_words","i1":3,"i2":6,"sol":{"path":["/c/en/impassable","/c/en/closed","/c/en/lamination","/c/en/geology","/c/en/anticline"],"weight":0.20471999999999985,"degrees":[93,431,72,3862,86]},"num_concepts_raised":9041},{"base_id":862,"kind":"bot_words","i1":3,"i2":7,"sol":{"path":["/c/en/impassable","/c/en/unnavigable","/c/en/nautical","/c/en/high","/c/en/squeaking"],"weight":0.20563999999999988,"degrees":[93,27,5204,1658,27]},"num_concepts_raised":3892},{"base_id":862,"kind":"bot_words","i1":3,"i2":8,"sol":{"path":["/c/en/impassable","/c/en/tight","/c/en/nasty","/c/en/thunder","/c/en/thunderbird"],"weight":0.2111099999999998,"degrees":[93,613,317,1099,64]},"num_concepts_raised":19708},{"base_id":862,"kind":"bot_words","i1":3,"i2":9,"sol":{"path":["/c/en/impassable","/c/en/tight","/c/en/close","/c/en/flower","/c/en/tuberose"],"weight":0.20360999999999987,"degrees":[93,613,2153,2500,26]},"num_concepts_raised":11380},{"base_id":862,"kind":"bot_words","i1":4,"i2":5,"sol":{"path":["/c/en/cytidine","/c/en/biochemistry","/c/en/sense","/c/en/judgment"],"weight":0.2236699999999986,"degrees":[54,3629,1285,632]},"num_concepts_raised":55039},{"base_id":862,"kind":"bot_words","i1":4,"i2":6,"sol":{"path":["/c/en/cytidine","/c/en/biochemistry","/c/en/hamlet","/c/pl/siodło","/c/en/anticline"],"weight":0.20990999999999976,"degrees":[54,3629,519,22,86]},"num_concepts_raised":15245},{"base_id":862,"kind":"bot_words","i1":4,"i2":7,"sol":{"path":["/c/en/cytidine","/c/en/genetics","/c/en/noise","/c/en/squeak","/c/en/squeaking"],"weight":0.20909999999999979,"degrees":[54,1987,1201,296,27]},"num_concepts_raised":10131},{"base_id":862,"kind":"bot_words","i1":4,"i2":8,"sol":{"path":["/c/en/cytidine","/c/en/genetics","/c/en/noise","/c/en/thunder","/c/en/thunderbird"],"weight":0.21552999999999972,"degrees":[54,1987,1201,1099,64]},"num_concepts_raised":25950},{"base_id":862,"kind":"bot_words","i1":4,"i2":9,"sol":{"path":["/c/en/cytidine","/c/en/biochemistry","/c/en/chlorophyll","/c/en/plant","/c/en/tuberose"],"weight":0.20805999999999975,"degrees":[54,3629,302,7959,26]},"num_concepts_raised":17491},{"base_id":862,"kind":"bot_words","i1":5,"i2":6,"sol":{"path":["/c/en/judgment","/c/en/opinion","/c/en/side","/c/en/anticline"],"weight":0.2223499999999986,"degrees":[632,1184,1912,86]},"num_concepts_raised":53384},{"base_id":862,"kind":"bot_words","i1":5,"i2":7,"sol":{"path":["/c/en/judgment","/c/en/determination","/c/en/high","/c/en/squeaking"],"weight":0.2192199999999987,"degrees":[632,344,1658,27]},"num_concepts_raised":48420},{"base_id":862,"kind":"bot_words","i1":5,"i2":8,"sol":{"path":["/c/en/judgment","/c/en/sentence","/c/en/bird","/c/en/thunderbird"],"weight":0.2260699999999986,"degrees":[632,752,4970,64]},"num_concepts_raised":63245},{"base_id":862,"kind":"bot_words","i1":5,"i2":9,"sol":{"path":["/c/en/judgment","/c/en/power","/c/en/plant","/c/en/tuberose"],"weight":0.21815999999999866,"degrees":[632,2205,7959,26]},"num_concepts_raised":55817},{"base_id":862,"kind":"bot_words","i1":6,"i2":7,"sol":{"path":["/c/en/anticline","/c/en/geology","/c/en/pitch","/c/en/squeak","/c/en/squeaking"],"weight":0.20492999999999986,"degrees":[86,3862,1134,296,27]},"num_concepts_raised":8686},{"base_id":862,"kind":"bot_words","i1":6,"i2":8,"sol":{"path":["/c/en/anticline","/c/en/side","/c/en/uk","/c/en/thunderbird"],"weight":0.2089499999999998,"degrees":[86,1912,5562,64]},"num_concepts_raised":24409},{"base_id":862,"kind":"bot_words","i1":6,"i2":9,"sol":{"path":["/c/en/anticline","/c/en/antiform","/c/en/form","/c/en/plant","/c/en/tuberose"],"weight":0.20546999999999985,"degrees":[86,17,2423,7959,26]},"num_concepts_raised":16139},{"base_id":862,"kind":"bot_words","i1":7,"i2":8,"sol":{"path":["/c/en/squeaking","/c/en/high","/c/en/bird","/c/en/thunderbird"],"weight":0.20915999999999985,"degrees":[27,1658,4970,64]},"num_concepts_raised":19330},{"base_id":862,"kind":"bot_words","i1":7,"i2":9,"sol":{"path":["/c/en/squeaking","/c/en/high","/c/fr/haut","/c/fr/tubéreuse","/c/en/tuberose"],"weight":0.20468999999999987,"degrees":[27,1658,740,26,26]},"num_concepts_raised":11031},{"base_id":862,"kind":"bot_words","i1":8,"i2":9,"sol":{"path":["/c/en/thunderbird","/c/en/insectivorous","/c/en/plant","/c/en/tuberose"],"weight":0.20805999999999983,"degrees":[64,97,7959,26]},"num_concepts_raised":26707}],[{"base_id":862,"kind":"top_words","i1":0,"i2":1,"sol":{"path":["/c/en/lotion","/c/en/soap","/c/en/detergent"],"weight":0.20600000000000002,"degrees":[197,1085,269]},"num_concepts_raised":366},{"base_id":862,"kind":"top_words","i1":0,"i2":2,"sol":{"path":["/c/en/lotion","/c/en/wash","/c/en/shampoo"],"weight":0.20500000000000002,"degrees":[197,1410,362]},"num_concepts_raised":400},{"base_id":862,"kind":"top_words","i1":0,"i2":3,"sol":{"path":["/c/en/lotion","/c/ru/лосьон","/c/en/remover"],"weight":0.203,"degrees":[197,21,49]},"num_concepts_raised":211},{"base_id":862,"kind":"top_words","i1":0,"i2":4,"sol":{"path":["/c/en/lotion","/c/en/toiletry","/c/en/deodorant"],"weight":0.202,"degrees":[197,73,150]},"num_concepts_raised":296},{"base_id":862,"kind":"top_words","i1":0,"i2":5,"sol":{"path":["/c/en/lotion","/c/en/white","/c/en/whitening"],"weight":0.202,"degrees":[197,2081,62]},"num_concepts_raised":221},{"base_id":862,"kind":"top_words","i1":0,"i2":6,"sol":{"path":["/c/en/lotion","/c/en/wash","/c/en/dishwashing"],"weight":0.203,"degrees":[197,1410,34]},"num_concepts_raised":198},{"base_id":862,"kind":"top_words","i1":0,"i2":7,"sol":{"path":["/c/en/lotion","/c/en/sunscreen"],"weight":0.202,"degrees":[197,117]},"num_concepts_raised":262},{"base_id":862,"kind":"top_words","i1":0,"i2":8,"sol":{"path":["/c/en/lotion","/c/en/liquid","/c/en/bleach","/c/en/disinfectant"],"weight":0.21385999999999916,"degrees":[197,1778,511,176]},"num_concepts_raised":38233},{"base_id":862,"kind":"top_words","i1":0,"i2":9,"sol":{"path":["/c/en/lotion","/c/en/white","/c/en/bleach"],"weight":0.20800000000000002,"degrees":[197,2081,511]},"num_concepts_raised":566},{"base_id":862,"kind":"top_words","i1":1,"i2":2,"sol":{"path":["/c/en/detergent","/c/en/shampoo"],"weight":0.20400000000000001,"degrees":[269,362]},"num_concepts_raised":429},{"base_id":862,"kind":"top_words","i1":1,"i2":3,"sol":{"path":["/c/en/detergent","/c/en/clean","/c/en/remove","/c/en/remover"],"weight":0.21222999999999959,"degrees":[269,1667,1492,49]},"num_concepts_raised":15605},{"base_id":862,"kind":"top_words","i1":1,"i2":4,"sol":{"path":["/c/en/detergent","/c/la/de","/c/en/deodorant"],"weight":0.20400000000000001,"degrees":[269,405,150]},"num_concepts_raised":328},{"base_id":862,"kind":"top_words","i1":1,"i2":5,"sol":{"path":["/c/en/detergent","/c/en/bleach","/c/en/whitening"],"weight":0.20600000000000002,"degrees":[269,511,62]},"num_concepts_raised":252},{"base_id":862,"kind":"top_words","i1":1,"i2":6,"sol":{"path":["/c/en/detergent","/c/it/detersivo","/c/en/dishwashing"],"weight":0.20500000000000002,"degrees":[269,23,34]},"num_concepts_raised":225},{"base_id":862,"kind":"top_words","i1":1,"i2":7,"sol":{"path":["/c/en/detergent","/c/en/soap","/c/en/lotion","/c/en/sunscreen"],"weight":0.21637999999999952,"degrees":[269,1085,197,117]},"num_concepts_raised":28345},{"base_id":862,"kind":"top_words","i1":1,"i2":8,"sol":{"path":["/c/en/detergent","/c/en/cleaning","/c/en/disinfectant"],"weight":0.20700000000000002,"degrees":[269,383,176]},"num_concepts_raised":344},{"base_id":862,"kind":"top_words","i1":1,"i2":9,"sol":{"path":["/c/en/detergent","/c/en/bleach"],"weight":0.20800000000000002,"degrees":[269,511]},"num_concepts_raised":592},{"base_id":862,"kind":"top_words","i1":2,"i2":3,"sol":{"path":["/c/en/shampoo","/c/en/wash","/c/en/remove","/c/en/remover"],"weight":0.21107,"degrees":[362,1410,1492,49]},"num_concepts_raised":43986},{"base_id":862,"kind":"top_words","i1":2,"i2":4,"sol":{"path":["/c/en/shampoo","/c/en/toiletry","/c/en/deodorant"],"weight":0.202,"degrees":[362,73,150]},"num_concepts_raised":366},{"base_id":862,"kind":"top_words","i1":2,"i2":5,"sol":{"path":["/c/en/shampoo","/c/en/liquid","/c/en/bleach","/c/en/whitening"],"weight":0.21043999999999996,"degrees":[362,1778,511,62]},"num_concepts_raised":46943},{"base_id":862,"kind":"top_words","i1":2,"i2":6,"sol":{"path":["/c/en/shampoo","/c/en/wash","/c/en/dishwashing"],"weight":0.20400000000000001,"degrees":[362,1410,34]},"num_concepts_raised":267},{"base_id":862,"kind":"top_words","i1":2,"i2":7,"sol":{"path":["/c/en/shampoo","/c/en/wash","/c/en/lotion","/c/en/sunscreen"],"weight":0.21105999999999991,"degrees":[362,1410,197,117]},"num_concepts_raised":56556},{"base_id":862,"kind":"top_words","i1":2,"i2":8,"sol":{"path":["/c/en/shampoo","/c/en/bottle","/c/en/disinfectant"],"weight":0.20400000000000001,"degrees":[362,989,176]},"num_concepts_raised":386},{"base_id":862,"kind":"top_words","i1":2,"i2":9,"sol":{"path":["/c/en/shampoo","/c/en/detergent","/c/en/bleach"],"weight":0.20600000000000002,"degrees":[362,269,511]},"num_concepts_raised":636},{"base_id":862,"kind":"top_words","i1":3,"i2":4,"sol":{"path":["/c/en/remover","/c/fi/hajunpoistaja","/c/en/deodorant"],"weight":0.202,"degrees":[49,4,150]},"num_concepts_raised":173},{"base_id":862,"kind":"top_words","i1":3,"i2":5,"sol":{"path":["/c/en/remover","/c/en/remove","/c/en/decolorize","/c/en/bleach","/c/en/whitening"],"weight":0.20647999999999972,"degrees":[49,1492,16,511,62]},"num_concepts_raised":9195},{"base_id":862,"kind":"top_words","i1":3,"i2":6,"sol":{"path":["/c/en/remover","/c/en/remove","/c/en/wash","/c/en/dishwashing"],"weight":0.2040699999999998,"degrees":[49,1492,1410,34]},"num_concepts_raised":5557},{"base_id":862,"kind":"top_words","i1":3,"i2":7,"sol":{"path":["/c/en/remover","/c/en/remove","/c/en/screen","/c/en/sunscreen"],"weight":0.2049599999999997,"degrees":[49,1492,957,117]},"num_concepts_raised":18952},{"base_id":862,"kind":"top_words","i1":3,"i2":8,"sol":{"path":["/c/en/remover","/c/en/agent_noun","/c/en/agent","/c/en/disinfectant"],"weight":0.20953999999999942,"degrees":[49,204,1019,176]},"num_concepts_raised":14229},{"base_id":862,"kind":"top_words","i1":3,"i2":9,"sol":{"path":["/c/en/remover","/c/en/remove","/c/en/decolorize","/c/en/bleach"],"weight":0.2186099999999989,"degrees":[49,1492,16,511]},"num_concepts_raised":37588},{"base_id":862,"kind":"top_words","i1":4,"i2":5,"sol":{"path":["/c/en/deodorant","/c/en/substance","/c/en/whitening"],"weight":0.203,"degrees":[150,1169,62]},"num_concepts_raised":183},{"base_id":862,"kind":"top_words","i1":4,"i2":6,"sol":{"path":["/c/en/deodorant","/c/en/substance","/c/en/rice","/c/en/dishes","/c/en/dishwashing"],"weight":0.2062599999999996,"degrees":[150,1169,1388,84,34]},"num_concepts_raised":11004},{"base_id":862,"kind":"top_words","i1":4,"i2":7,"sol":{"path":["/c/en/deodorant","/c/en/degree","/c/en/shade","/c/en/sunscreen"],"weight":0.20518999999999946,"degrees":[150,1513,1192,117]},"num_concepts_raised":24321},{"base_id":862,"kind":"top_words","i1":4,"i2":8,"sol":{"path":["/c/en/deodorant","/c/en/substance","/c/en/disinfectant"],"weight":0.20500000000000002,"degrees":[150,1169,176]},"num_concepts_raised":278},{"base_id":862,"kind":"top_words","i1":4,"i2":9,"sol":{"path":["/c/en/deodorant","/c/en/substance","/c/en/whitening","/c/en/bleach"],"weight":0.22405999999999865,"degrees":[150,1169,62,511]},"num_concepts_raised":42656},{"base_id":862,"kind":"top_words","i1":5,"i2":6,"sol":{"path":["/c/en/whitening","/c/en/bleach","/c/en/washing","/c/en/dishwashing"],"weight":0.20547999999999977,"degrees":[62,511,310,34]},"num_concepts_raised":8673},{"base_id":862,"kind":"top_words","i1":5,"i2":7,"sol":{"path":["/c/en/whitening","/c/ja/ばくはく","/c/en/sun","/c/en/sunscreen"],"weight":0.20532999999999962,"degrees":[62,7,1994,117]},"num_concepts_raised":22000},{"base_id":862,"kind":"top_words","i1":5,"i2":8,"sol":{"path":["/c/en/whitening","/c/en/bleach","/c/en/disinfectant"],"weight":0.20700000000000002,"degrees":[62,511,176]},"num_concepts_raised":202},{"base_id":862,"kind":"top_words","i1":5,"i2":9,"sol":{"path":["/c/en/whitening","/c/en/bleach"],"weight":0.21000000000000002,"degrees":[62,511]},"num_concepts_raised":445},{"base_id":862,"kind":"top_words","i1":6,"i2":7,"sol":{"path":["/c/en/dishwashing","/c/en/wash","/c/en/lotion","/c/en/sunscreen"],"weight":0.20400999999999975,"degrees":[34,1410,197,117]},"num_concepts_raised":18480},{"base_id":862,"kind":"top_words","i1":6,"i2":8,"sol":{"path":["/c/en/dishwashing","/c/en/washing","/c/en/bleach","/c/en/disinfectant"],"weight":0.21172999999999947,"degrees":[34,310,511,176]},"num_concepts_raised":13684},{"base_id":862,"kind":"top_words","i1":6,"i2":9,"sol":{"path":["/c/en/dishwashing","/c/en/washing","/c/en/bleach"],"weight":0.20600000000000002,"degrees":[34,310,511]},"num_concepts_raised":431},{"base_id":862,"kind":"top_words","i1":7,"i2":8,"sol":{"path":["/c/en/sunscreen","/c/en/organic_compound","/c/en/phenol","/c/en/disinfectant"],"weight":0.21060999999999935,"degrees":[117,7764,460,176]},"num_concepts_raised":26859},{"base_id":862,"kind":"top_words","i1":7,"i2":9,"sol":{"path":["/c/en/sunscreen","/c/en/cream","/c/en/white","/c/en/bleach"],"weight":0.2232599999999988,"degrees":[117,851,2081,511]},"num_concepts_raised":49897},{"base_id":862,"kind":"top_words","i1":8,"i2":9,"sol":{"path":["/c/en/disinfectant","/c/en/bleach"],"weight":0.21000000000000002,"degrees":[176,511]},"num_concepts_raised":536}]]