[[{"base_id":58,"kind":"bot_words","i1":0,"i2":1,"sol":{"path":["/c/en/workmate","/c/en/mate","/c/en/british","/c/en/twopence"],"weight":0.20308999999999994,"degrees":[38,657,3452,39]},"num_concepts_raised":12103},{"base_id":58,"kind":"bot_words","i1":0,"i2":2,"sol":{"path":["/c/en/workmate","/c/en/roommate","/c/en/us","/c/en/erf"],"weight":0.20808999999999978,"degrees":[38,153,8154,55]},"num_concepts_raised":25975},{"base_id":58,"kind":"bot_words","i1":0,"i2":3,"sol":{"path":["/c/en/workmate","/c/en/colleague","/c/en/college","/c/en/physics","/c/fr/actinique","/c/en/actinic"],"weight":0.21241939999999987,"degrees":[38,386,710,9094,38,36]},"num_concepts_raised":303986},{"base_id":58,"kind":"bot_words","i1":0,"i2":4,"sol":{"path":["/c/en/workmate","/c/en/mate","/c/en/animal","/c/en/mole","/c/en/mol"],"weight":0.21019999999999983,"degrees":[38,657,3735,1084,34]},"num_concepts_raised":40032},{"base_id":58,"kind":"bot_words","i1":0,"i2":5,"sol":{"path":["/c/en/workmate","/c/en/mate","/c/en/term","/c/en/sound","/c/en/soundness"],"weight":0.20544999999999972,"degrees":[38,657,1089,3218,65]},"num_concepts_raised":11236},{"base_id":58,"kind":"bot_words","i1":0,"i2":6,"sol":{"path":["/c/en/workmate","/c/en/worker","/c/en/actor","/c/en/drama"],"weight":0.2086699999999988,"degrees":[38,1829,853,528]},"num_concepts_raised":49604},{"base_id":58,"kind":"bot_words","i1":0,"i2":7,"sol":{"path":["/c/en/workmate","/c/en/mate","/c/en/space","/c/en/front","/c/en/frontal"],"weight":0.20643999999999965,"degrees":[38,657,1852,1105,133]},"num_concepts_raised":26135},{"base_id":58,"kind":"bot_words","i1":0,"i2":8,"sol":{"path":["/c/en/workmate","/c/en/mate","/c/en/soul","/c/en/limbo"],"weight":0.21377999999999978,"degrees":[38,657,1006,164]},"num_concepts_raised":27579},{"base_id":58,"kind":"bot_words","i1":0,"i2":9,"sol":{"path":["/c/en/workmate","/c/en/colleague","/c/en/college","/c/en/uk","/c/en/flay"],"weight":0.20666999999999983,"degrees":[38,386,710,5562,155]},"num_concepts_raised":21582},{"base_id":58,"kind":"bot_words","i1":1,"i2":2,"sol":{"path":["/c/en/twopence","/c/en/two","/c/en/company","/c/en/erf"],"weight":0.20920999999999984,"degrees":[39,1673,2258,55]},"num_concepts_raised":31312},{"base_id":58,"kind":"bot_words","i1":1,"i2":3,"sol":{"path":["/c/en/twopence","/c/en/value","/c/en/property","/c/en/actinism","/c/en/actinic"],"weight":0.20307999999999993,"degrees":[39,1699,1664,27,36]},"num_concepts_raised":9472},{"base_id":58,"kind":"bot_words","i1":1,"i2":4,"sol":{"path":["/c/en/twopence","/c/en/british","/c/en/village","/c/en/mol"],"weight":0.2080499999999999,"degrees":[39,3452,1480,34]},"num_concepts_raised":45962},{"base_id":58,"kind":"bot_words","i1":1,"i2":5,"sol":{"path":["/c/en/twopence","/c/en/british","/c/en/sound","/c/en/soundness"],"weight":0.20551999999999976,"degrees":[39,3452,3218,65]},"num_concepts_raised":17171},{"base_id":58,"kind":"bot_words","i1":1,"i2":6,"sol":{"path":["/c/en/twopence","/c/en/two","/c/en/play","/c/en/drama"],"weight":0.2141699999999988,"degrees":[39,1673,3092,528]},"num_concepts_raised":54745},{"base_id":58,"kind":"bot_words","i1":1,"i2":7,"sol":{"path":["/c/en/twopence","/c/en/two","/c/en/face","/c/en/front","/c/en/frontal"],"weight":0.2077499999999997,"degrees":[39,1673,2479,1105,133]},"num_concepts_raised":32025},{"base_id":58,"kind":"bot_words","i1":1,"i2":8,"sol":{"path":["/c/en/twopence","/c/en/two","/c/en/dance","/c/en/limbo"],"weight":0.21480999999999983,"degrees":[39,1673,2473,164]},"num_concepts_raised":33351},{"base_id":58,"kind":"bot_words","i1":1,"i2":9,"sol":{"path":["/c/en/twopence","/c/en/british","/c/en/uk","/c/en/flay"],"weight":0.2055399999999999,"degrees":[39,3452,5562,155]},"num_concepts_raised":27304},{"base_id":58,"kind":"bot_words","i1":2,"i2":3,"sol":{"path":["/c/en/erf","/c/en/math","/c/en/physics","/c/fr/actinique","/c/en/actinic"],"weight":0.21018999999999982,"degrees":[55,914,9094,38,36]},"num_concepts_raised":23397},{"base_id":58,"kind":"bot_words","i1":2,"i2":4,"sol":{"path":["/c/en/erf","/c/en/england","/c/en/mole","/c/en/mol"],"weight":0.21533999999999975,"degrees":[55,2303,1084,34]},"num_concepts_raised":59680},{"base_id":58,"kind":"bot_words","i1":2,"i2":5,"sol":{"path":["/c/en/erf","/c/en/us","/c/en/condition","/c/en/soundness"],"weight":0.20838999999999963,"degrees":[55,8154,1648,65]},"num_concepts_raised":31010},{"base_id":58,"kind":"bot_words","i1":2,"i2":6,"sol":{"path":["/c/en/erf","/c/en/us","/c/en/theater","/c/en/drama"],"weight":0.21418999999999871,"degrees":[55,8154,802,528]},"num_concepts_raised":67467},{"base_id":58,"kind":"bot_words","i1":2,"i2":7,"sol":{"path":["/c/en/erf","/c/en/us","/c/en/bone","/c/en/frontal"],"weight":0.20943999999999957,"degrees":[55,8154,2320,133]},"num_concepts_raised":45787},{"base_id":58,"kind":"bot_words","i1":2,"i2":8,"sol":{"path":["/c/en/erf","/c/en/company","/c/en/c","/c/en/limbo"],"weight":0.2189399999999997,"degrees":[55,2258,511,164]},"num_concepts_raised":46884},{"base_id":58,"kind":"bot_words","i1":2,"i2":9,"sol":{"path":["/c/en/erf","/c/en/northern_england","/c/en/flay"],"weight":0.20400000000000001,"degrees":[55,430,155]},"num_concepts_raised":169},{"base_id":58,"kind":"bot_words","i1":3,"i2":4,"sol":{"path":["/c/en/actinic","/c/fr/actinique","/c/en/chemistry","/c/en/mol"],"weight":0.21011999999999986,"degrees":[36,38,11754,34]},"num_concepts_raised":37325},{"base_id":58,"kind":"bot_words","i1":3,"i2":5,"sol":{"path":["/c/en/actinic","/c/en/actinophone","/c/en/sound","/c/en/soundness"],"weight":0.20535999999999974,"degrees":[36,8,3218,65]},"num_concepts_raised":8553},{"base_id":58,"kind":"bot_words","i1":3,"i2":6,"sol":{"path":["/c/en/actinic","/c/en/actin","/c/en/act","/c/en/drama"],"weight":0.2111199999999988,"degrees":[36,141,2503,528]},"num_concepts_raised":47109},{"base_id":58,"kind":"bot_words","i1":3,"i2":7,"sol":{"path":["/c/en/actinic","/c/en/actin","/c/en/act","/c/en/front","/c/en/frontal"],"weight":0.2074599999999997,"degrees":[36,141,2503,1105,133]},"num_concepts_raised":23449},{"base_id":58,"kind":"bot_words","i1":3,"i2":8,"sol":{"path":["/c/en/actinic","/c/en/photovisual","/c/en/star","/c/en/heaven","/c/en/limbo"],"weight":0.2158899999999998,"degrees":[36,15,2132,933,164]},"num_concepts_raised":24946},{"base_id":58,"kind":"bot_words","i1":3,"i2":9,"sol":{"path":["/c/en/actinic","/c/fr/actinique","/c/fr/pellicule","/c/en/skin","/c/en/flay"],"weight":0.20822999999999983,"degrees":[36,38,175,2372,155]},"num_concepts_raised":18960},{"base_id":58,"kind":"bot_words","i1":4,"i2":5,"sol":{"path":["/c/en/mol","/c/en/physics","/c/en/theory","/c/en/soundness"],"weight":0.2082599999999997,"degrees":[34,9094,788,65]},"num_concepts_raised":45000},{"base_id":58,"kind":"bot_words","i1":4,"i2":6,"sol":{"path":["/c/en/mol","/c/en/chemistry","/c/en/class","/c/en/drama"],"weight":0.21362999999999877,"degrees":[34,11754,1926,528]},"num_concepts_raised":83093},{"base_id":58,"kind":"bot_words","i1":4,"i2":7,"sol":{"path":["/c/en/mol","/c/en/mole","/c/en/face","/c/en/front","/c/en/frontal"],"weight":0.21387999999999963,"degrees":[34,1084,2479,1105,133]},"num_concepts_raised":59834},{"base_id":58,"kind":"bot_words","i1":4,"i2":8,"sol":{"path":["/c/en/mol","/c/en/physics","/c/en/bar","/c/en/limbo"],"weight":0.21877999999999975,"degrees":[34,9094,1972,164]},"num_concepts_raised":61316},{"base_id":58,"kind":"bot_words","i1":4,"i2":9,"sol":{"path":["/c/en/mol","/c/en/mole","/c/en/skin","/c/en/flay"],"weight":0.2133899999999998,"degrees":[34,1084,2372,155]},"num_concepts_raised":55457},{"base_id":58,"kind":"bot_words","i1":5,"i2":6,"sol":{"path":["/c/en/soundness","/c/en/sound","/c/en/play","/c/en/drama"],"weight":0.2155699999999986,"degrees":[65,3218,3092,528]},"num_concepts_raised":54178},{"base_id":58,"kind":"bot_words","i1":5,"i2":7,"sol":{"path":["/c/en/soundness","/c/en/condition","/c/en/weather","/c/en/frontal"],"weight":0.20450999999999953,"degrees":[65,1648,1740,133]},"num_concepts_raised":31142},{"base_id":58,"kind":"bot_words","i1":5,"i2":8,"sol":{"path":["/c/en/soundness","/c/en/sound","/c/en/go","/c/en/limbo"],"weight":0.21622999999999962,"degrees":[65,3218,2637,164]},"num_concepts_raised":32451},{"base_id":58,"kind":"bot_words","i1":5,"i2":9,"sol":{"path":["/c/en/soundness","/c/en/sound","/c/en/fear","/c/en/flay"],"weight":0.20696999999999965,"degrees":[65,3218,1900,155]},"num_concepts_raised":26639},{"base_id":58,"kind":"bot_words","i1":6,"i2":7,"sol":{"path":["/c/en/drama","/c/en/act","/c/en/front","/c/en/frontal"],"weight":0.2135699999999986,"degrees":[528,2503,1105,133]},"num_concepts_raised":69162},{"base_id":58,"kind":"bot_words","i1":6,"i2":8,"sol":{"path":["/c/en/drama","/c/en/play","/c/en/child","/c/en/limbo"],"weight":0.22383999999999868,"degrees":[528,3092,2784,164]},"num_concepts_raised":69779},{"base_id":58,"kind":"bot_words","i1":6,"i2":9,"sol":{"path":["/c/en/drama","/c/en/slang","/c/en/skin","/c/en/flay"],"weight":0.21186999999999875,"degrees":[528,16318,2372,155]},"num_concepts_raised":63762},{"base_id":58,"kind":"bot_words","i1":7,"i2":8,"sol":{"path":["/c/en/frontal","/c/en/front","/c/en/stick","/c/en/limbo"],"weight":0.21718999999999955,"degrees":[133,1105,2046,164]},"num_concepts_raised":47236},{"base_id":58,"kind":"bot_words","i1":7,"i2":9,"sol":{"path":["/c/en/frontal","/c/en/front","/c/en/uk","/c/en/flay"],"weight":0.2088999999999996,"degrees":[133,1105,5562,155]},"num_concepts_raised":41238},{"base_id":58,"kind":"bot_words","i1":8,"i2":9,"sol":{"path":["/c/en/limbo","/c/en/saint","/c/en/uk","/c/en/flay"],"weight":0.21625999999999973,"degrees":[164,772,5562,155]},"num_concepts_raised":42614}],[{"base_id":58,"kind":"top_words","i1":0,"i2":1,"sol":{"path":["/c/en/householder","/c/en/house","/c/en/us","/c/en/cdp"],"weight":0.20571999999999918,"degrees":[56,3114,8154,176]},"num_concepts_raised":22087},{"base_id":58,"kind":"top_words","i1":0,"i2":2,"sol":{"path":["/c/en/householder","/c/en/head","/c/en/grammar","/c/en/subjunctive"],"weight":0.20615999999999948,"degrees":[56,3580,6397,160]},"num_concepts_raised":22071},{"base_id":58,"kind":"top_words","i1":0,"i2":3,"sol":{"path":["/c/en/householder","/c/en/house","/c/en/pretend","/c/en/pretense"],"weight":0.20728999999999947,"degrees":[56,3114,485,193]},"num_concepts_raised":26517},{"base_id":58,"kind":"top_words","i1":0,"i2":4,"sol":{"path":["/c/en/householder","/c/en/house","/c/en/here","/c/en/present"],"weight":0.2384299999999984,"degrees":[56,3114,898,2005]},"num_concepts_raised":141477},{"base_id":58,"kind":"top_words","i1":0,"i2":5,"sol":{"path":["/c/en/householder","/c/en/house","/c/en/pretend","/c/en/pretence"],"weight":0.20499999999999974,"degrees":[56,3114,485,82]},"num_concepts_raised":14321},{"base_id":58,"kind":"top_words","i1":0,"i2":6,"sol":{"path":["/c/en/householder","/c/en/head","/c/en/knowledge","/c/en/foreknowledge"],"weight":0.20456999999999992,"degrees":[56,3580,1394,50]},"num_concepts_raised":12421},{"base_id":58,"kind":"top_words","i1":0,"i2":7,"sol":{"path":["/c/en/householder","/c/en/house","/c/en/writer","/c/en/byline"],"weight":0.20423999999999984,"degrees":[56,3114,1369,29]},"num_concepts_raised":17921},{"base_id":58,"kind":"top_words","i1":0,"i2":8,"sol":{"path":["/c/en/householder","/c/en/household","/c/en/groaning_cheese","/c/en/groaning"],"weight":0.2043599999999997,"degrees":[56,580,9,55]},"num_concepts_raised":10669},{"base_id":58,"kind":"top_words","i1":0,"i2":9,"sol":{"path":["/c/en/householder","/c/ta/தவம்","/c/en/forest","/c/en/forested"],"weight":0.20565999999999984,"degrees":[56,11,1500,69]},"num_concepts_raised":11396},{"base_id":58,"kind":"top_words","i1":1,"i2":2,"sol":{"path":["/c/en/cdp","/c/en/us","/c/en/dependent","/c/en/subjunctive"],"weight":0.20579999999999893,"degrees":[176,8154,336,160]},"num_concepts_raised":24730},{"base_id":58,"kind":"top_words","i1":1,"i2":3,"sol":{"path":["/c/en/cdp","/c/en/us","/c/en/pretense"],"weight":0.202,"degrees":[176,8154,193]},"num_concepts_raised":333},{"base_id":58,"kind":"top_words","i1":1,"i2":4,"sol":{"path":["/c/en/cdp","/c/en/us","/c/en/now","/c/en/present"],"weight":0.2399299999999978,"degrees":[176,8154,1170,2005]},"num_concepts_raised":143663},{"base_id":58,"kind":"top_words","i1":1,"i2":5,"sol":{"path":["/c/en/cdp","/c/en/us","/c/en/pretense","/c/en/pretence"],"weight":0.20734999999999917,"degrees":[176,8154,193,82]},"num_concepts_raised":16981},{"base_id":58,"kind":"top_words","i1":1,"i2":6,"sol":{"path":["/c/en/cdp","/c/en/bowling_green","/c/en/england","/c/en/knowledge","/c/en/foreknowledge"],"weight":0.20578999999999936,"degrees":[176,84,2303,1394,50]},"num_concepts_raised":15088},{"base_id":58,"kind":"top_words","i1":1,"i2":7,"sol":{"path":["/c/en/cdp","/c/en/mora","/c/en/line","/c/en/byline"],"weight":0.20520999999999928,"degrees":[176,136,3018,29]},"num_concepts_raised":20498},{"base_id":58,"kind":"top_words","i1":1,"i2":8,"sol":{"path":["/c/en/cdp","/c/en/mora","/c/en/utterance","/c/en/groan","/c/en/groaning"],"weight":0.20543999999999912,"degrees":[176,136,307,292,55]},"num_concepts_raised":13316},{"base_id":58,"kind":"top_words","i1":1,"i2":9,"sol":{"path":["/c/en/cdp","/c/en/us","/c/en/usa","/c/en/forest","/c/en/forested"],"weight":0.2082199999999993,"degrees":[176,8154,2683,1500,69]},"num_concepts_raised":14034},{"base_id":58,"kind":"top_words","i1":2,"i2":3,"sol":{"path":["/c/en/subjunctive","/c/en/grammar","/c/en/act","/c/en/pretense"],"weight":0.20773999999999926,"degrees":[160,6397,2503,193]},"num_concepts_raised":29091},{"base_id":58,"kind":"top_words","i1":2,"i2":4,"sol":{"path":["/c/en/subjunctive","/c/es/atrinchere","/c/en/present"],"weight":0.20400000000000001,"degrees":[160,7,2005]},"num_concepts_raised":1734},{"base_id":58,"kind":"top_words","i1":2,"i2":5,"sol":{"path":["/c/en/subjunctive","/c/fr/subjonctif","/c/fr/volonté","/c/fr/prétention","/c/en/pretence"],"weight":0.20942999999999945,"degrees":[160,137,362,110,82]},"num_concepts_raised":16856},{"base_id":58,"kind":"top_words","i1":2,"i2":6,"sol":{"path":["/c/en/subjunctive","/c/en/grammar","/c/en/knowledge","/c/en/foreknowledge"],"weight":0.20734999999999965,"degrees":[160,6397,1394,50]},"num_concepts_raised":14937},{"base_id":58,"kind":"top_words","i1":2,"i2":7,"sol":{"path":["/c/en/subjunctive","/c/en/grammar","/c/en/article","/c/en/byline"],"weight":0.20590999999999957,"degrees":[160,6397,927,29]},"num_concepts_raised":20430},{"base_id":58,"kind":"top_words","i1":2,"i2":8,"sol":{"path":["/c/en/subjunctive","/c/en/grammar","/c/en/uk","/c/en/toil","/c/en/groaning"],"weight":0.20604999999999943,"degrees":[160,6397,5562,310,55]},"num_concepts_raised":13182},{"base_id":58,"kind":"top_words","i1":2,"i2":9,"sol":{"path":["/c/en/subjunctive","/c/en/if","/c/en/computing","/c/en/forest","/c/en/forested"],"weight":0.20701999999999957,"degrees":[160,761,9084,1500,69]},"num_concepts_raised":13943},{"base_id":58,"kind":"top_words","i1":3,"i2":4,"sol":{"path":["/c/en/pretense","/c/la/prae","/c/en/present"],"weight":0.20400000000000001,"degrees":[193,221,2005]},"num_concepts_raised":1762},{"base_id":58,"kind":"top_words","i1":3,"i2":5,"sol":{"path":["/c/en/pretense","/c/en/pretence"],"weight":0.20500000000000002,"degrees":[193,82]},"num_concepts_raised":196},{"base_id":58,"kind":"top_words","i1":3,"i2":6,"sol":{"path":["/c/en/pretense","/c/en/pretend","/c/ar/تعالم","/c/en/knowledge","/c/en/foreknowledge"],"weight":0.20731999999999967,"degrees":[193,485,8,1394,50]},"num_concepts_raised":19569},{"base_id":58,"kind":"top_words","i1":3,"i2":7,"sol":{"path":["/c/en/pretense","/c/syc/ܥܠܬܐ","/c/en/article","/c/en/byline"],"weight":0.2044799999999996,"degrees":[193,46,927,29]},"num_concepts_raised":24907},{"base_id":58,"kind":"top_words","i1":3,"i2":8,"sol":{"path":["/c/en/pretense","/c/en/act","/c/en/reaction","/c/en/groan","/c/en/groaning"],"weight":0.20586999999999944,"degrees":[193,2503,873,292,55]},"num_concepts_raised":17842},{"base_id":58,"kind":"top_words","i1":3,"i2":9,"sol":{"path":["/c/en/pretense","/c/fr/prétexte","/c/fr/blanc","/c/fr/forestier","/c/en/forested"],"weight":0.20819999999999958,"degrees":[193,163,1364,111,69]},"num_concepts_raised":18581},{"base_id":58,"kind":"top_words","i1":4,"i2":5,"sol":{"path":["/c/en/present","/c/la/prae","/c/en/pretence"],"weight":0.20400000000000001,"degrees":[2005,221,82]},"num_concepts_raised":1676},{"base_id":58,"kind":"top_words","i1":4,"i2":6,"sol":{"path":["/c/en/present","/c/en/now","/c/en/know","/c/en/foreknowledge"],"weight":0.2397299999999985,"degrees":[2005,1170,1226,50]},"num_concepts_raised":135342},{"base_id":58,"kind":"top_words","i1":4,"i2":7,"sol":{"path":["/c/en/present","/c/en/time","/c/en/sports","/c/en/byline"],"weight":0.2357499999999985,"degrees":[2005,4124,3417,29]},"num_concepts_raised":139943},{"base_id":58,"kind":"top_words","i1":4,"i2":8,"sol":{"path":["/c/en/present","/c/en/soldier","/c/en/toil","/c/en/groaning"],"weight":0.23047999999999835,"degrees":[2005,1446,310,55]},"num_concepts_raised":133897},{"base_id":58,"kind":"top_words","i1":4,"i2":9,"sol":{"path":["/c/en/present","/c/en/tree","/c/en/forest","/c/en/forested"],"weight":0.23336999999999847,"degrees":[2005,3598,1500,69]},"num_concepts_raised":134486},{"base_id":58,"kind":"top_words","i1":5,"i2":6,"sol":{"path":["/c/en/pretence","/c/en/pretentious","/c/en/smart_aleck","/c/en/knowledge","/c/en/foreknowledge"],"weight":0.20605999999999988,"degrees":[82,233,82,1394,50]},"num_concepts_raised":7177},{"base_id":58,"kind":"top_words","i1":5,"i2":7,"sol":{"path":["/c/en/pretence","/c/it/finta","/c/en/sports","/c/en/byline"],"weight":0.20332999999999982,"degrees":[82,20,3417,29]},"num_concepts_raised":12773},{"base_id":58,"kind":"top_words","i1":5,"i2":8,"sol":{"path":["/c/en/pretence","/c/fr/prétexte","/c/en/ground","/c/en/toil","/c/en/groaning"],"weight":0.20367999999999967,"degrees":[82,163,1836,310,55]},"num_concepts_raised":5420},{"base_id":58,"kind":"top_words","i1":5,"i2":9,"sol":{"path":["/c/en/pretence","/c/en/air","/c/en/land","/c/en/forest","/c/en/forested"],"weight":0.2061299999999998,"degrees":[82,1965,2465,1500,69]},"num_concepts_raised":6168},{"base_id":58,"kind":"top_words","i1":6,"i2":7,"sol":{"path":["/c/en/foreknowledge","/c/en/knowledge","/c/en/news","/c/en/journalism","/c/en/byline"],"weight":0.20543,"degrees":[50,1394,1317,458,29]},"num_concepts_raised":10870},{"base_id":58,"kind":"top_words","i1":6,"i2":8,"sol":{"path":["/c/en/foreknowledge","/c/en/knowledge","/c/en/uk","/c/en/toil","/c/en/groaning"],"weight":0.20444999999999985,"degrees":[50,1394,5562,310,55]},"num_concepts_raised":3450},{"base_id":58,"kind":"top_words","i1":6,"i2":9,"sol":{"path":["/c/en/foreknowledge","/c/en/knowledge","/c/en/place","/c/en/forest","/c/en/forested"],"weight":0.20694,"degrees":[50,1394,3314,1500,69]},"num_concepts_raised":4211},{"base_id":58,"kind":"top_words","i1":7,"i2":8,"sol":{"path":["/c/en/byline","/c/en/line","/c/en/start","/c/mk/заофка","/c/en/groaning"],"weight":0.2040099999999998,"degrees":[29,3018,1822,3,55]},"num_concepts_raised":9107},{"base_id":58,"kind":"top_words","i1":7,"i2":9,"sol":{"path":["/c/en/byline","/c/en/line","/c/en/place","/c/en/forest","/c/en/forested"],"weight":0.20650999999999992,"degrees":[29,3018,3314,1500,69]},"num_concepts_raised":9862},{"base_id":58,"kind":"top_words","i1":8,"i2":9,"sol":{"path":["/c/en/groaning","/c/en/groaning_cheese","/c/en/historical","/c/en/forest","/c/en/forested"],"weight":0.2056099999999998,"degrees":[55,9,8415,1500,69]},"num_concepts_raised":2424}]]