[[{"base_id":993,"kind":"bot_words","i1":0,"i2":1,"sol":{"path":["/c/en/shinjitai","/c/ja/新字体","/c/en/linguistics","/c/en/reflex","/c/en/instantaneous","/c/en/instantaneously"],"weight":0.2134779999999999,"degrees":[29,17,4250,260,116,107]},"num_concepts_raised":149932},{"base_id":993,"kind":"bot_words","i1":0,"i2":2,"sol":{"path":["/c/en/shinjitai","/c/en/kanji","/c/en/japanese","/c/en/sun","/c/en/parasol"],"weight":0.20584,"degrees":[29,249,660,1994,153]},"num_concepts_raised":12564},{"base_id":993,"kind":"bot_words","i1":0,"i2":3,"sol":{"path":["/c/en/shinjitai","/c/en/kanji","/c/en/on","/c/en/down","/c/en/semisolid"],"weight":0.20447999999999972,"degrees":[29,249,1076,1533,88]},"num_concepts_raised":11366},{"base_id":993,"kind":"bot_words","i1":0,"i2":4,"sol":{"path":["/c/en/shinjitai","/c/en/kanji","/c/en/on","/c/en/dog","/c/en/mammal","/c/en/rupicapra"],"weight":0.2129676999999996,"degrees":[29,249,1076,2320,2187,44]},"num_concepts_raised":171936},{"base_id":993,"kind":"bot_words","i1":0,"i2":5,"sol":{"path":["/c/en/shinjitai","/c/en/kanji","/c/en/han","/c/en/astronomy","/c/en/perturb","/c/en/perturbed"],"weight":0.20959759999999988,"degrees":[29,249,124,4553,148,32]},"num_concepts_raised":73805},{"base_id":993,"kind":"bot_words","i1":0,"i2":6,"sol":{"path":["/c/en/shinjitai","/c/en/kanji","/c/en/on","/c/en/heliopolis","/c/en/suburb","/c/en/suburban"],"weight":0.21244879999999983,"degrees":[29,249,1076,43,396,120]},"num_concepts_raised":676584},{"base_id":993,"kind":"bot_words","i1":0,"i2":7,"sol":{"path":["/c/en/shinjitai","/c/ja/新字体","/c/en/linguistics","/c/en/blend","/c/en/melt"],"weight":0.21032999999999874,"degrees":[29,17,4250,680,520]},"num_concepts_raised":60438},{"base_id":993,"kind":"bot_words","i1":0,"i2":8,"sol":{"path":["/c/en/shinjitai","/c/en/kanji","/c/ja/音","/c/en/music","/c/en/remaster"],"weight":0.20393,"degrees":[29,249,173,8822,29]},"num_concepts_raised":13846},{"base_id":993,"kind":"bot_words","i1":0,"i2":9,"sol":{"path":["/c/en/shinjitai","/c/en/kanji","/c/ja/かんじ","/c/en/illness","/c/en/regurgitation"],"weight":0.20405999999999996,"degrees":[29,249,46,1102,43]},"num_concepts_raised":5553},{"base_id":993,"kind":"bot_words","i1":1,"i2":2,"sol":{"path":["/c/en/instantaneously","/c/fr/immédiatement","/c/fr/même","/c/fr/parasol","/c/en/parasol"],"weight":0.21040999999999982,"degrees":[107,340,901,87,153]},"num_concepts_raised":14898},{"base_id":993,"kind":"bot_words","i1":1,"i2":3,"sol":{"path":["/c/en/instantaneously","/c/fr/immédiatement","/c/nl/zo","/c/en/as","/c/en/semisolid"],"weight":0.20670999999999956,"degrees":[107,340,81,798,88]},"num_concepts_raised":13702},{"base_id":993,"kind":"bot_words","i1":1,"i2":4,"sol":{"path":["/c/en/instantaneously","/c/en/delay","/c/en/squirrel","/c/en/mammal","/c/en/rupicapra"],"weight":0.20896999999999974,"degrees":[107,979,1113,2187,44]},"num_concepts_raised":5108},{"base_id":993,"kind":"bot_words","i1":1,"i2":5,"sol":{"path":["/c/en/instantaneously","/c/fr/fissa","/c/en/slang","/c/en/hot_and_bothered","/c/en/perturbed"],"weight":0.20368999999999976,"degrees":[107,21,16318,19,32]},"num_concepts_raised":3070},{"base_id":993,"kind":"bot_words","i1":1,"i2":6,"sol":{"path":["/c/en/instantaneously","/c/en/immediately","/c/en/peri_urban","/c/en/suburb","/c/en/suburban"],"weight":0.2068499999999997,"degrees":[107,614,17,396,120]},"num_concepts_raised":10315},{"base_id":993,"kind":"bot_words","i1":1,"i2":7,"sol":{"path":["/c/en/instantaneously","/c/fr/d’_abord","/c/fr/dégeler","/c/en/melt"],"weight":0.21009999999999857,"degrees":[107,111,157,520]},"num_concepts_raised":62636},{"base_id":993,"kind":"bot_words","i1":1,"i2":8,"sol":{"path":["/c/en/instantaneously","/c/en/immediately","/c/ar/ولي","/c/en/master","/c/en/remaster"],"weight":0.2053499999999998,"degrees":[107,614,97,1522,29]},"num_concepts_raised":16162},{"base_id":993,"kind":"bot_words","i1":1,"i2":9,"sol":{"path":["/c/en/instantaneously","/c/en/instantaneous","/c/en/reflex","/c/en/vomit","/c/en/regurgitation"],"weight":0.20498999999999978,"degrees":[107,116,260,886,43]},"num_concepts_raised":7893},{"base_id":993,"kind":"bot_words","i1":2,"i2":3,"sol":{"path":["/c/en/parasol","/c/en/shade","/c/en/down","/c/en/semisolid"],"weight":0.20627999999999966,"degrees":[153,1192,1533,88]},"num_concepts_raised":22981},{"base_id":993,"kind":"bot_words","i1":2,"i2":4,"sol":{"path":["/c/en/parasol","/c/fr/parasol","/c/en/parachute","/c/en/mammal","/c/en/rupicapra"],"weight":0.21226999999999985,"degrees":[153,87,374,2187,44]},"num_concepts_raised":14653},{"base_id":993,"kind":"bot_words","i1":2,"i2":5,"sol":{"path":["/c/en/parasol","/c/en/sun","/c/en/astronomy","/c/en/perturb","/c/en/perturbed"],"weight":0.20563999999999988,"degrees":[153,1994,4553,148,32]},"num_concepts_raised":12645},{"base_id":993,"kind":"bot_words","i1":2,"i2":6,"sol":{"path":["/c/en/parasol","/c/en/protection","/c/en/house","/c/en/suburban"],"weight":0.20580999999999983,"degrees":[153,829,3114,120]},"num_concepts_raised":19618},{"base_id":993,"kind":"bot_words","i1":2,"i2":7,"sol":{"path":["/c/en/parasol","/c/en/shade","/c/en/heat","/c/en/melt"],"weight":0.21114999999999867,"degrees":[153,1192,2046,520]},"num_concepts_raised":71207},{"base_id":993,"kind":"bot_words","i1":2,"i2":8,"sol":{"path":["/c/en/parasol","/c/en/shade","/c/en/degree","/c/en/master","/c/en/remaster"],"weight":0.20681999999999995,"degrees":[153,1192,1513,1522,29]},"num_concepts_raised":25429},{"base_id":993,"kind":"bot_words","i1":2,"i2":9,"sol":{"path":["/c/en/parasol","/c/en/shade","/c/en/casting","/c/en/regurgitation"],"weight":0.2058799999999999,"degrees":[153,1192,250,43]},"num_concepts_raised":17361},{"base_id":993,"kind":"bot_words","i1":3,"i2":4,"sol":{"path":["/c/en/semisolid","/c/en/solid","/c/en/leather","/c/en/chamois","/c/en/rupicapra"],"weight":0.20966999999999958,"degrees":[88,1304,911,245,44]},"num_concepts_raised":13452},{"base_id":993,"kind":"bot_words","i1":3,"i2":5,"sol":{"path":["/c/en/semisolid","/c/en/solid","/c/en/mathematics","/c/en/perturb","/c/en/perturbed"],"weight":0.2053899999999996,"degrees":[88,1304,7601,148,32]},"num_concepts_raised":11440},{"base_id":993,"kind":"bot_words","i1":3,"i2":6,"sol":{"path":["/c/en/semisolid","/c/en/down","/c/en/town","/c/en/suburban"],"weight":0.20454999999999957,"degrees":[88,1533,2220,120]},"num_concepts_raised":18503},{"base_id":993,"kind":"bot_words","i1":3,"i2":7,"sol":{"path":["/c/en/semisolid","/c/en/liquid","/c/en/melt"],"weight":0.203,"degrees":[88,1778,520]},"num_concepts_raised":524},{"base_id":993,"kind":"bot_words","i1":3,"i2":8,"sol":{"path":["/c/en/semisolid","/c/en/filler","/c/en/music","/c/en/remaster"],"weight":0.20330999999999966,"degrees":[88,149,8822,29]},"num_concepts_raised":24287},{"base_id":993,"kind":"bot_words","i1":3,"i2":9,"sol":{"path":["/c/en/semisolid","/c/en/mi","/c/en/controlled_vocabulary_types","/c/en/regurgitation"],"weight":0.20340999999999962,"degrees":[88,578,284,43]},"num_concepts_raised":16168},{"base_id":993,"kind":"bot_words","i1":4,"i2":5,"sol":{"path":["/c/en/rupicapra","/c/en/mammal","/c/en/person","/c/en/disorder","/c/en/perturb","/c/en/perturbed"],"weight":0.21248999999999946,"degrees":[44,2187,12935,1087,148,32]},"num_concepts_raised":207611},{"base_id":993,"kind":"bot_words","i1":4,"i2":6,"sol":{"path":["/c/en/rupicapra","/c/en/chamois","/c/en/garage","/c/en/town","/c/en/suburban"],"weight":0.20927999999999974,"degrees":[44,245,563,2220,120]},"num_concepts_raised":10066},{"base_id":993,"kind":"bot_words","i1":4,"i2":7,"sol":{"path":["/c/en/rupicapra","/c/en/mammal","/c/en/warm","/c/en/melt"],"weight":0.2130999999999986,"degrees":[44,2187,999,520]},"num_concepts_raised":62461},{"base_id":993,"kind":"bot_words","i1":4,"i2":8,"sol":{"path":["/c/en/rupicapra","/c/en/mammal","/c/en/animal","/c/en/master","/c/en/remaster"],"weight":0.20901999999999987,"degrees":[44,2187,3735,1522,29]},"num_concepts_raised":15949},{"base_id":993,"kind":"bot_words","i1":4,"i2":9,"sol":{"path":["/c/en/rupicapra","/c/en/mammal","/c/en/cat","/c/en/vomit","/c/en/regurgitation"],"weight":0.20818999999999982,"degrees":[44,2187,1616,886,43]},"num_concepts_raised":7666},{"base_id":993,"kind":"bot_words","i1":5,"i2":6,"sol":{"path":["/c/en/perturbed","/c/en/hot_and_bothered","/c/en/slang","/c/en/truck","/c/en/suburban"],"weight":0.20391999999999977,"degrees":[32,19,16318,648,120]},"num_concepts_raised":8047},{"base_id":993,"kind":"bot_words","i1":5,"i2":7,"sol":{"path":["/c/en/perturbed","/c/en/hot_and_bothered","/c/en/slang","/c/en/melt"],"weight":0.2081299999999986,"degrees":[32,19,16318,520]},"num_concepts_raised":60497},{"base_id":993,"kind":"bot_words","i1":5,"i2":8,"sol":{"path":["/c/en/perturbed","/c/en/perturb","/c/en/mathematics","/c/en/content","/c/en/remaster"],"weight":0.20367999999999986,"degrees":[32,148,7601,705,29]},"num_concepts_raised":13929},{"base_id":993,"kind":"bot_words","i1":5,"i2":9,"sol":{"path":["/c/en/perturbed","/c/en/perturb","/c/en/disorder","/c/en/rumination","/c/en/regurgitation"],"weight":0.2039099999999998,"degrees":[32,148,1087,73,43]},"num_concepts_raised":5629},{"base_id":993,"kind":"bot_words","i1":6,"i2":7,"sol":{"path":["/c/en/suburban","/c/en/house","/c/en/ice","/c/en/melt"],"weight":0.21043999999999857,"degrees":[120,3114,1256,520]},"num_concepts_raised":67109},{"base_id":993,"kind":"bot_words","i1":6,"i2":8,"sol":{"path":["/c/en/suburban","/c/en/suburb","/c/en/school","/c/en/master","/c/en/remaster"],"weight":0.20633999999999983,"degrees":[120,396,2171,1522,29]},"num_concepts_raised":20979},{"base_id":993,"kind":"bot_words","i1":6,"i2":9,"sol":{"path":["/c/en/suburban","/c/en/house","/c/en/wax","/c/en/regurgitate","/c/en/regurgitation"],"weight":0.20520999999999978,"degrees":[120,3114,1206,106,43]},"num_concepts_raised":12832},{"base_id":993,"kind":"bot_words","i1":7,"i2":8,"sol":{"path":["/c/en/melt","/c/en/run","/c/en/music","/c/en/remaster"],"weight":0.20930999999999866,"degrees":[520,2730,8822,29]},"num_concepts_raised":72499},{"base_id":993,"kind":"bot_words","i1":7,"i2":9,"sol":{"path":["/c/en/melt","/c/en/wax","/c/en/regurgitate","/c/en/regurgitation"],"weight":0.21040999999999863,"degrees":[520,1206,106,43]},"num_concepts_raised":64548},{"base_id":993,"kind":"bot_words","i1":8,"i2":9,"sol":{"path":["/c/en/remaster","/c/en/master","/c/en/king","/c/en/vomit","/c/en/regurgitation"],"weight":0.2039999999999999,"degrees":[29,1522,1642,886,43]},"num_concepts_raised":18621}],[{"base_id":993,"kind":"top_words","i1":0,"i2":1,"sol":{"path":["/c/en/charges","/c/en/charge","/c/en/guilty"],"weight":0.20500000000000002,"degrees":[25,1848,345]},"num_concepts_raised":294},{"base_id":993,"kind":"top_words","i1":0,"i2":2,"sol":{"path":["/c/en/charges","/c/en/charge","/c/en/law","/c/en/convict","/c/en/convicted"],"weight":0.20386999999999977,"degrees":[25,1848,3727,283,38]},"num_concepts_raised":4832},{"base_id":993,"kind":"top_words","i1":0,"i2":3,"sol":{"path":["/c/en/charges","/c/en/charge","/c/en/crime","/c/en/felony"],"weight":0.20687999999999973,"degrees":[25,1848,1155,123]},"num_concepts_raised":29090},{"base_id":993,"kind":"top_words","i1":0,"i2":4,"sol":{"path":["/c/en/charges","/c/en/tax","/c/en/racket","/c/en/racketeering"],"weight":0.20289999999999986,"degrees":[25,1545,400,34]},"num_concepts_raised":4628},{"base_id":993,"kind":"top_words","i1":0,"i2":5,"sol":{"path":["/c/en/charges","/c/en/charge","/c/en/law","/c/en/sentence"],"weight":0.21173999999999776,"degrees":[25,1848,3727,752]},"num_concepts_raised":82174},{"base_id":993,"kind":"top_words","i1":0,"i2":6,"sol":{"path":["/c/en/charges","/c/en/charge","/c/fr/droit","/c/en/conspiracy"],"weight":0.21249999999999972,"degrees":[25,1848,4052,342]},"num_concepts_raised":39859},{"base_id":993,"kind":"top_words","i1":0,"i2":7,"sol":{"path":["/c/en/charges","/c/en/charge","/c/en/money","/c/en/band","/c/en/sentenced"],"weight":0.20889999999999975,"degrees":[25,1848,2899,1893,41]},"num_concepts_raised":6781},{"base_id":993,"kind":"top_words","i1":0,"i2":8,"sol":{"path":["/c/en/charges","/c/en/charge","/c/en/crime","/c/en/misdemeanor"],"weight":0.20551999999999973,"degrees":[25,1848,1155,147]},"num_concepts_raised":17984},{"base_id":993,"kind":"top_words","i1":0,"i2":9,"sol":{"path":["/c/en/charges","/c/en/charge","/c/en/crime","/c/en/criminal"],"weight":0.21862999999999744,"degrees":[25,1848,1155,971]},"num_concepts_raised":60548},{"base_id":993,"kind":"top_words","i1":1,"i2":2,"sol":{"path":["/c/en/guilty","/c/en/convict","/c/en/convicted"],"weight":0.20400000000000001,"degrees":[345,283,38]},"num_concepts_raised":302},{"base_id":993,"kind":"top_words","i1":1,"i2":3,"sol":{"path":["/c/en/guilty","/c/en/criminal","/c/en/felony"],"weight":0.20600000000000002,"degrees":[345,971,123]},"num_concepts_raised":372},{"base_id":993,"kind":"top_words","i1":1,"i2":4,"sol":{"path":["/c/en/guilty","/c/en/criminal","/c/en/felony","/c/en/racketeering"],"weight":0.21648999999999957,"degrees":[345,971,123,34]},"num_concepts_raised":24282},{"base_id":993,"kind":"top_words","i1":1,"i2":5,"sol":{"path":["/c/en/guilty","/c/en/punishment","/c/en/sentence"],"weight":0.20600000000000002,"degrees":[345,1026,752]},"num_concepts_raised":923},{"base_id":993,"kind":"top_words","i1":1,"i2":6,"sol":{"path":["/c/en/guilty","/c/en/legal","/c/en/conspiracy"],"weight":0.20700000000000002,"degrees":[345,6627,342]},"num_concepts_raised":519},{"base_id":993,"kind":"top_words","i1":1,"i2":7,"sol":{"path":["/c/en/guilty","/c/en/legal","/c/la/multatus","/c/en/sentenced"],"weight":0.21943999999999947,"degrees":[345,6627,18,41]},"num_concepts_raised":26266},{"base_id":993,"kind":"top_words","i1":1,"i2":8,"sol":{"path":["/c/en/guilty","/c/en/legal","/c/en/misdemeanor"],"weight":0.20500000000000002,"degrees":[345,6627,147]},"num_concepts_raised":391},{"base_id":993,"kind":"top_words","i1":1,"i2":9,"sol":{"path":["/c/en/guilty","/c/en/criminal"],"weight":0.20700000000000002,"degrees":[345,971]},"num_concepts_raised":1083},{"base_id":993,"kind":"top_words","i1":2,"i2":3,"sol":{"path":["/c/en/convicted","/c/en/penitentiary","/c/en/felon","/c/en/felony"],"weight":0.20602999999999966,"degrees":[38,121,98,123]},"num_concepts_raised":26014},{"base_id":993,"kind":"top_words","i1":2,"i2":4,"sol":{"path":["/c/en/convicted","/c/en/convict","/c/en/con","/c/en/racket","/c/en/racketeering"],"weight":0.20303999999999978,"degrees":[38,283,339,400,34]},"num_concepts_raised":1322},{"base_id":993,"kind":"top_words","i1":2,"i2":5,"sol":{"path":["/c/en/convicted","/c/en/convict","/c/en/sentence"],"weight":0.203,"degrees":[38,283,752]},"num_concepts_raised":692},{"base_id":993,"kind":"top_words","i1":2,"i2":6,"sol":{"path":["/c/en/convicted","/c/en/convict","/c/en/legal","/c/en/conspiracy"],"weight":0.21167999999999965,"degrees":[38,283,6627,342]},"num_concepts_raised":36796},{"base_id":993,"kind":"top_words","i1":2,"i2":7,"sol":{"path":["/c/en/convicted","/c/la/condemnatus","/c/en/sentenced"],"weight":0.20400000000000001,"degrees":[38,20,41]},"num_concepts_raised":72},{"base_id":993,"kind":"top_words","i1":2,"i2":8,"sol":{"path":["/c/en/convicted","/c/en/convict","/c/en/crime","/c/en/misdemeanor"],"weight":0.20464999999999967,"degrees":[38,283,1155,147]},"num_concepts_raised":14840},{"base_id":993,"kind":"top_words","i1":2,"i2":9,"sol":{"path":["/c/en/convicted","/c/en/penitentiary","/c/en/criminal"],"weight":0.202,"degrees":[38,121,971]},"num_concepts_raised":865},{"base_id":993,"kind":"top_words","i1":3,"i2":4,"sol":{"path":["/c/en/felony","/c/en/racketeering"],"weight":0.202,"degrees":[123,34]},"num_concepts_raised":131},{"base_id":993,"kind":"top_words","i1":3,"i2":5,"sol":{"path":["/c/en/felony","/c/en/punishment","/c/en/sentence"],"weight":0.20400000000000001,"degrees":[123,1026,752]},"num_concepts_raised":763},{"base_id":993,"kind":"top_words","i1":3,"i2":6,"sol":{"path":["/c/en/felony","/c/en/legal","/c/en/conspiracy"],"weight":0.20400000000000001,"degrees":[123,6627,342]},"num_concepts_raised":352},{"base_id":993,"kind":"top_words","i1":3,"i2":7,"sol":{"path":["/c/en/felony","/c/en/crime","/c/en/sentence","/c/en/sentenced"],"weight":0.21098999999999962,"degrees":[123,1155,752,41]},"num_concepts_raised":27902},{"base_id":993,"kind":"top_words","i1":3,"i2":8,"sol":{"path":["/c/en/felony","/c/en/misdemeanor"],"weight":0.20400000000000001,"degrees":[123,147]},"num_concepts_raised":217},{"base_id":993,"kind":"top_words","i1":3,"i2":9,"sol":{"path":["/c/en/felony","/c/en/criminal"],"weight":0.202,"degrees":[123,971]},"num_concepts_raised":934},{"base_id":993,"kind":"top_words","i1":4,"i2":5,"sol":{"path":["/c/en/racketeering","/c/en/felony","/c/en/punishment","/c/en/sentence"],"weight":0.21257999999999777,"degrees":[34,123,1026,752]},"num_concepts_raised":79203},{"base_id":993,"kind":"top_words","i1":4,"i2":6,"sol":{"path":["/c/en/racketeering","/c/en/racket","/c/en/scheme","/c/en/conspiracy"],"weight":0.21209999999999973,"degrees":[34,400,672,342]},"num_concepts_raised":36626},{"base_id":993,"kind":"top_words","i1":4,"i2":7,"sol":{"path":["/c/en/racketeering","/c/en/racket","/c/en/music","/c/en/band","/c/en/sentenced"],"weight":0.20806999999999978,"degrees":[34,400,8822,1893,41]},"num_concepts_raised":3285},{"base_id":993,"kind":"top_words","i1":4,"i2":8,"sol":{"path":["/c/en/racketeering","/c/en/felony","/c/en/misdemeanor"],"weight":0.203,"degrees":[34,123,147]},"num_concepts_raised":149},{"base_id":993,"kind":"top_words","i1":4,"i2":9,"sol":{"path":["/c/en/racketeering","/c/en/felony","/c/en/criminal"],"weight":0.202,"degrees":[34,123,971]},"num_concepts_raised":863},{"base_id":993,"kind":"top_words","i1":5,"i2":6,"sol":{"path":["/c/en/sentence","/c/en/person","/c/en/conspiracy"],"weight":0.20400000000000001,"degrees":[752,12935,342]},"num_concepts_raised":907},{"base_id":993,"kind":"top_words","i1":5,"i2":7,"sol":{"path":["/c/en/sentence","/c/en/sentenced"],"weight":0.20400000000000001,"degrees":[752,41]},"num_concepts_raised":696},{"base_id":993,"kind":"top_words","i1":5,"i2":8,"sol":{"path":["/c/en/sentence","/c/en/conviction","/c/en/misdemeanor"],"weight":0.202,"degrees":[752,268,147]},"num_concepts_raised":780},{"base_id":993,"kind":"top_words","i1":5,"i2":9,"sol":{"path":["/c/en/sentence","/c/en/crime","/c/en/criminal"],"weight":0.20500000000000002,"degrees":[752,1155,971]},"num_concepts_raised":1482},{"base_id":993,"kind":"top_words","i1":6,"i2":7,"sol":{"path":["/c/en/conspiracy","/c/la/coniuro","/c/en/band","/c/en/sentenced"],"weight":0.21672999999999965,"degrees":[342,150,1893,41]},"num_concepts_raised":38572},{"base_id":993,"kind":"top_words","i1":6,"i2":8,"sol":{"path":["/c/en/conspiracy","/c/en/legal","/c/en/misdemeanor"],"weight":0.20400000000000001,"degrees":[342,6627,147]},"num_concepts_raised":369},{"base_id":993,"kind":"top_words","i1":6,"i2":9,"sol":{"path":["/c/en/conspiracy","/c/en/conspirator","/c/en/criminal"],"weight":0.20500000000000002,"degrees":[342,141,971]},"num_concepts_raised":1082},{"base_id":993,"kind":"top_words","i1":7,"i2":8,"sol":{"path":["/c/en/sentenced","/c/en/sentence","/c/en/crime","/c/en/misdemeanor"],"weight":0.20960999999999966,"degrees":[41,752,1155,147]},"num_concepts_raised":16763},{"base_id":993,"kind":"top_words","i1":7,"i2":9,"sol":{"path":["/c/en/sentenced","/c/en/sentence","/c/en/crime","/c/en/criminal"],"weight":0.22265999999999736,"degrees":[41,752,1155,971]},"num_concepts_raised":59401},{"base_id":993,"kind":"top_words","i1":8,"i2":9,"sol":{"path":["/c/en/misdemeanor","/c/en/crime","/c/en/criminal"],"weight":0.20500000000000002,"degrees":[147,1155,971]},"num_concepts_raised":957}]]