[[{"base_id":412,"kind":"bot_words","i1":0,"i2":1,"sol":{"path":["/c/en/criteria","/c/en/a","/c/en/roof","/c/en/eaves"],"weight":0.20559999999999978,"degrees":[39,1436,1131,138]},"num_concepts_raised":12168},{"base_id":412,"kind":"bot_words","i1":0,"i2":2,"sol":{"path":["/c/en/criteria","/c/en/judgment_call","/c/en/christianity","/c/en/transubstantiation"],"weight":0.20342999999999978,"degrees":[39,27,2627,73]},"num_concepts_raised":15051},{"base_id":412,"kind":"bot_words","i1":0,"i2":3,"sol":{"path":["/c/en/criteria","/c/en/a","/c/en/medicine","/c/en/exhibit","/c/en/exhibitor"],"weight":0.2049599999999998,"degrees":[39,1436,11938,392,45]},"num_concepts_raised":4611},{"base_id":412,"kind":"bot_words","i1":0,"i2":4,"sol":{"path":["/c/en/criteria","/c/en/criterion","/c/en/judge","/c/en/appreciate","/c/en/depreciate"],"weight":0.2045599999999997,"degrees":[39,243,1643,379,92]},"num_concepts_raised":6095},{"base_id":412,"kind":"bot_words","i1":0,"i2":5,"sol":{"path":["/c/en/criteria","/c/en/a","/c/en/medicine","/c/en/thebaine"],"weight":0.20820999999999978,"degrees":[39,1436,11938,56]},"num_concepts_raised":28141},{"base_id":412,"kind":"bot_words","i1":0,"i2":6,"sol":{"path":["/c/en/criteria","/c/en/criterion","/c/en/critical","/c/en/film","/c/en/virtuosity"],"weight":0.20942999999999978,"degrees":[39,243,476,2504,65]},"num_concepts_raised":7722},{"base_id":412,"kind":"bot_words","i1":0,"i2":7,"sol":{"path":["/c/en/criteria","/c/en/category","/c/en/classification","/c/en/caucasian","/c/en/quadroon"],"weight":0.20388999999999988,"degrees":[39,466,416,155,33]},"num_concepts_raised":6216},{"base_id":412,"kind":"bot_words","i1":0,"i2":8,"sol":{"path":["/c/en/criteria","/c/en/a","/c/en/adenine","/c/en/biochemistry","/c/en/uridine"],"weight":0.2082799999999997,"degrees":[39,1436,163,3629,61]},"num_concepts_raised":15779},{"base_id":412,"kind":"bot_words","i1":0,"i2":9,"sol":{"path":["/c/en/criteria","/c/en/criterion","/c/en/acrita","/c/en/zoology","/c/en/nekton"],"weight":0.20943999999999985,"degrees":[39,243,6,8127,55]},"num_concepts_raised":11766},{"base_id":412,"kind":"bot_words","i1":1,"i2":2,"sol":{"path":["/c/en/eaves","/c/en/building","/c/en/body","/c/en/transubstantiation"],"weight":0.2048899999999998,"degrees":[138,2061,3170,73]},"num_concepts_raised":21893},{"base_id":412,"kind":"bot_words","i1":1,"i2":3,"sol":{"path":["/c/en/eaves","/c/it/grondaia","/c/it/doccia","/c/en/shower","/c/en/exhibitor"],"weight":0.2065399999999998,"degrees":[138,21,46,817,45]},"num_concepts_raised":11540},{"base_id":412,"kind":"bot_words","i1":1,"i2":4,"sol":{"path":["/c/en/eaves","/c/th/ชาย","/c/en/decline","/c/en/depreciate"],"weight":0.20492999999999967,"degrees":[138,26,943,92]},"num_concepts_raised":13037},{"base_id":412,"kind":"bot_words","i1":1,"i2":5,"sol":{"path":["/c/en/eaves","/c/en/building","/c/en/company","/c/en/alkaloid","/c/en/thebaine"],"weight":0.21186999999999978,"degrees":[138,2061,2258,674,56]},"num_concepts_raised":35074},{"base_id":412,"kind":"bot_words","i1":1,"i2":6,"sol":{"path":["/c/en/eaves","/c/en/chalet","/c/en/style","/c/en/virtuosity"],"weight":0.2097199999999998,"degrees":[138,64,1172,65]},"num_concepts_raised":14639},{"base_id":412,"kind":"bot_words","i1":1,"i2":7,"sol":{"path":["/c/en/eaves","/c/en/trough","/c/en/australia","/c/en/quadroon"],"weight":0.2044099999999999,"degrees":[138,300,2690,33]},"num_concepts_raised":13146},{"base_id":412,"kind":"bot_words","i1":1,"i2":8,"sol":{"path":["/c/en/eaves","/c/en/roof","/c/en/water","/c/en/chemical_compound","/c/en/uridine"],"weight":0.21097999999999972,"degrees":[138,1131,4606,2801,61]},"num_concepts_raised":22756},{"base_id":412,"kind":"bot_words","i1":1,"i2":9,"sol":{"path":["/c/en/eaves","/c/en/wall","/c/en/zoology","/c/en/nekton"],"weight":0.20979999999999988,"degrees":[138,1673,8127,55]},"num_concepts_raised":18709},{"base_id":412,"kind":"bot_words","i1":2,"i2":3,"sol":{"path":["/c/en/transubstantiation","/c/en/body","/c/en/shower","/c/en/exhibitor"],"weight":0.20346999999999976,"degrees":[73,3170,817,45]},"num_concepts_raised":14448},{"base_id":412,"kind":"bot_words","i1":2,"i2":4,"sol":{"path":["/c/en/transubstantiation","/c/en/transmutation","/c/en/change","/c/en/devalue","/c/en/depreciate"],"weight":0.20616999999999963,"degrees":[73,67,3383,72,92]},"num_concepts_raised":15940},{"base_id":412,"kind":"bot_words","i1":2,"i2":5,"sol":{"path":["/c/en/transubstantiation","/c/en/substance","/c/en/opiate","/c/en/thebaine"],"weight":0.21069999999999978,"degrees":[73,1169,114,56]},"num_concepts_raised":37548},{"base_id":412,"kind":"bot_words","i1":2,"i2":6,"sol":{"path":["/c/en/transubstantiation","/c/en/substance","/c/en/style","/c/en/virtuosity"],"weight":0.20872999999999975,"degrees":[73,1169,1172,65]},"num_concepts_raised":17550},{"base_id":412,"kind":"bot_words","i1":2,"i2":7,"sol":{"path":["/c/en/transubstantiation","/c/en/blood","/c/en/white","/c/en/caucasian","/c/en/quadroon"],"weight":0.20446999999999987,"degrees":[73,2253,2081,155,33]},"num_concepts_raised":16047},{"base_id":412,"kind":"bot_words","i1":2,"i2":8,"sol":{"path":["/c/en/transubstantiation","/c/en/substance","/c/en/chemical_compound","/c/en/uridine"],"weight":0.20865999999999968,"degrees":[73,1169,2801,61]},"num_concepts_raised":25549},{"base_id":412,"kind":"bot_words","i1":2,"i2":9,"sol":{"path":["/c/en/transubstantiation","/c/en/body","/c/en/organism","/c/en/nekton"],"weight":0.20876999999999982,"degrees":[73,3170,1338,55]},"num_concepts_raised":21546},{"base_id":412,"kind":"bot_words","i1":3,"i2":4,"sol":{"path":["/c/en/exhibitor","/c/en/exhibit","/c/hy/գնալ","/c/en/decrease","/c/en/depreciate"],"weight":0.20554999999999968,"degrees":[45,392,54,915,92]},"num_concepts_raised":5467},{"base_id":412,"kind":"bot_words","i1":3,"i2":5,"sol":{"path":["/c/en/exhibitor","/c/en/exhibit","/c/en/medicine","/c/en/thebaine"],"weight":0.2102899999999998,"degrees":[45,392,11938,56]},"num_concepts_raised":27549},{"base_id":412,"kind":"bot_words","i1":3,"i2":6,"sol":{"path":["/c/en/exhibitor","/c/en/organize","/c/en/skill","/c/en/virtuosity"],"weight":0.20829999999999976,"degrees":[45,544,1062,65]},"num_concepts_raised":7107},{"base_id":412,"kind":"bot_words","i1":3,"i2":7,"sol":{"path":["/c/en/exhibitor","/c/en/exhibit","/c/en/muster","/c/en/australia","/c/en/quadroon"],"weight":0.2050399999999999,"degrees":[45,392,197,2690,33]},"num_concepts_raised":5586},{"base_id":412,"kind":"bot_words","i1":3,"i2":8,"sol":{"path":["/c/en/exhibitor","/c/en/shower","/c/en/water","/c/en/chemical_compound","/c/en/uridine"],"weight":0.20832999999999968,"degrees":[45,817,4606,2801,61]},"num_concepts_raised":15160},{"base_id":412,"kind":"bot_words","i1":3,"i2":9,"sol":{"path":["/c/en/exhibitor","/c/en/shower","/c/en/water","/c/en/plankton","/c/en/nekton"],"weight":0.21045999999999987,"degrees":[45,817,4606,191,55]},"num_concepts_raised":11147},{"base_id":412,"kind":"bot_words","i1":4,"i2":5,"sol":{"path":["/c/en/depreciate","/c/en/devalue","/c/en/change","/c/en/poison","/c/en/thebaine"],"weight":0.21098999999999968,"degrees":[92,72,3383,1269,56]},"num_concepts_raised":29039},{"base_id":412,"kind":"bot_words","i1":4,"i2":6,"sol":{"path":["/c/en/depreciate","/c/en/decrease","/c/en/cut","/c/en/film","/c/en/virtuosity"],"weight":0.20889999999999964,"degrees":[92,915,2951,2504,65]},"num_concepts_raised":8603},{"base_id":412,"kind":"bot_words","i1":4,"i2":7,"sol":{"path":["/c/en/depreciate","/c/en/belittle","/c/en/pejorative","/c/en/quarter_caste","/c/en/quadroon"],"weight":0.20457999999999976,"degrees":[92,169,3581,13,33]},"num_concepts_raised":7071},{"base_id":412,"kind":"bot_words","i1":4,"i2":8,"sol":{"path":["/c/en/depreciate","/c/en/disparage","/c/en/pan","/c/en/organic_compound","/c/en/uridine"],"weight":0.20983999999999958,"degrees":[92,175,880,7764,61]},"num_concepts_raised":16641},{"base_id":412,"kind":"bot_words","i1":4,"i2":9,"sol":{"path":["/c/en/depreciate","/c/fr/déprécier","/c/en/dwarf","/c/en/organism","/c/en/nekton"],"weight":0.20986999999999972,"degrees":[92,135,466,1338,55]},"num_concepts_raised":12640},{"base_id":412,"kind":"bot_words","i1":5,"i2":6,"sol":{"path":["/c/en/thebaine","/c/en/opiate","/c/en/substance","/c/en/style","/c/en/virtuosity"],"weight":0.21565999999999974,"degrees":[56,114,1169,1172,65]},"num_concepts_raised":30658},{"base_id":412,"kind":"bot_words","i1":5,"i2":7,"sol":{"path":["/c/en/thebaine","/c/en/opium","/c/en/yellow","/c/en/caucasian","/c/en/quadroon"],"weight":0.20930999999999989,"degrees":[56,381,1405,155,33]},"num_concepts_raised":29155},{"base_id":412,"kind":"bot_words","i1":5,"i2":8,"sol":{"path":["/c/en/thebaine","/c/en/chemical_compound","/c/en/uridine"],"weight":0.20600000000000002,"degrees":[56,2801,61]},"num_concepts_raised":97},{"base_id":412,"kind":"bot_words","i1":5,"i2":9,"sol":{"path":["/c/en/thebaine","/c/en/morphine","/c/en/water","/c/en/plankton","/c/en/nekton"],"weight":0.21586999999999984,"degrees":[56,268,4606,191,55]},"num_concepts_raised":34666},{"base_id":412,"kind":"bot_words","i1":6,"i2":7,"sol":{"path":["/c/en/virtuosity","/c/en/film","/c/en/blue_eyed","/c/en/caucasian","/c/en/quadroon"],"weight":0.20930999999999986,"degrees":[65,2504,71,155,33]},"num_concepts_raised":8709},{"base_id":412,"kind":"bot_words","i1":6,"i2":8,"sol":{"path":["/c/en/virtuosity","/c/en/film","/c/en/english_language","/c/en/biochemistry","/c/en/uridine"],"weight":0.21363999999999966,"degrees":[65,2504,579,3629,61]},"num_concepts_raised":18295},{"base_id":412,"kind":"bot_words","i1":6,"i2":9,"sol":{"path":["/c/en/virtuosity","/c/en/film","/c/en/animal","/c/en/organism","/c/en/nekton"],"weight":0.21372999999999984,"degrees":[65,2504,3735,1338,55]},"num_concepts_raised":14285},{"base_id":412,"kind":"bot_words","i1":7,"i2":8,"sol":{"path":["/c/en/quadroon","/c/en/caucasian","/c/en/diosmetin","/c/en/biochemistry","/c/en/uridine"],"weight":0.2092699999999998,"degrees":[33,155,6,3629,61]},"num_concepts_raised":16752},{"base_id":412,"kind":"bot_words","i1":7,"i2":9,"sol":{"path":["/c/en/quadroon","/c/en/caucasian","/c/en/native","/c/en/organism","/c/en/nekton"],"weight":0.20935999999999994,"degrees":[33,155,995,1338,55]},"num_concepts_raised":12736},{"base_id":412,"kind":"bot_words","i1":8,"i2":9,"sol":{"path":["/c/en/uridine","/c/en/biochemistry","/c/en/organism","/c/en/nekton"],"weight":0.21364999999999973,"degrees":[61,3629,1338,55]},"num_concepts_raised":22262}],[{"base_id":412,"kind":"top_words","i1":0,"i2":1,"sol":{"path":["/c/en/lacrimation","/c/en/tear","/c/en/water","/c/en/chemical_compound","/c/en/hexachlorobenzene"],"weight":0.2078999999999998,"degrees":[38,1291,4606,2801,33]},"num_concepts_raised":11864},{"base_id":412,"kind":"top_words","i1":0,"i2":2,"sol":{"path":["/c/en/lacrimation","/c/it/lacrimazione","/c/en/medicine","/c/en/otorhinolaryngology"],"weight":0.20886999999999978,"degrees":[38,16,11938,93]},"num_concepts_raised":13648},{"base_id":412,"kind":"top_words","i1":0,"i2":3,"sol":{"path":["/c/en/lacrimation","/c/en/tear","/c/en/water","/c/en/chemical_compound","/c/en/toxaphene"],"weight":0.20781999999999984,"degrees":[38,1291,4606,2801,25]},"num_concepts_raised":4799},{"base_id":412,"kind":"top_words","i1":0,"i2":4,"sol":{"path":["/c/en/lacrimation","/c/en/tear","/c/en/liquid","/c/sa/हिङ्गु","/c/en/asafoetida"],"weight":0.21120999999999995,"degrees":[38,1291,1778,14,109]},"num_concepts_raised":15096},{"base_id":412,"kind":"top_words","i1":0,"i2":5,"sol":{"path":["/c/en/lacrimation","/c/en/crying","/c/en/eye","/c/en/mammal","/c/en/sitatunga"],"weight":0.20820999999999973,"degrees":[38,298,2698,2187,46]},"num_concepts_raised":3728},{"base_id":412,"kind":"top_words","i1":0,"i2":6,"sol":{"path":["/c/en/lacrimation","/c/en/crying","/c/qu/waqay","/c/en/bird","/c/en/garganey"],"weight":0.20951999999999987,"degrees":[38,298,14,4970,126]},"num_concepts_raised":7839},{"base_id":412,"kind":"top_words","i1":0,"i2":7,"sol":{"path":["/c/en/lacrimation","/c/it/lacrimazione","/c/en/medicine","/c/en/polyuria"],"weight":0.20305999999999982,"degrees":[38,16,11938,39]},"num_concepts_raised":14772},{"base_id":412,"kind":"top_words","i1":0,"i2":8,"sol":{"path":["/c/en/lacrimation","/c/en/crying","/c/en/eye","/c/en/counter","/c/en/contrariwise"],"weight":0.2030199999999998,"degrees":[38,298,2698,727,25]},"num_concepts_raised":3234},{"base_id":412,"kind":"top_words","i1":0,"i2":9,"sol":{"path":["/c/en/lacrimation","/c/en/crying","/c/en/eye","/c/en/mammal","/c/en/steenbok"],"weight":0.20837999999999984,"degrees":[38,298,2698,2187,52]},"num_concepts_raised":4501},{"base_id":412,"kind":"top_words","i1":1,"i2":2,"sol":{"path":["/c/en/hexachlorobenzene","/c/en/bunt","/c/en/ear","/c/en/otolaryngology","/c/en/otorhinolaryngology"],"weight":0.21588999999999972,"degrees":[33,92,1621,56,93]},"num_concepts_raised":22077},{"base_id":412,"kind":"top_words","i1":1,"i2":3,"sol":{"path":["/c/en/hexachlorobenzene","/c/en/chemical_compound","/c/en/toxaphene"],"weight":0.20600000000000002,"degrees":[33,2801,25]},"num_concepts_raised":49},{"base_id":412,"kind":"top_words","i1":1,"i2":4,"sol":{"path":["/c/en/hexachlorobenzene","/c/en/organic_compound","/c/en/resin","/c/en/asafoetida"],"weight":0.21405999999999992,"degrees":[33,7764,450,109]},"num_concepts_raised":23418},{"base_id":412,"kind":"top_words","i1":1,"i2":5,"sol":{"path":["/c/en/hexachlorobenzene","/c/en/organic_compound","/c/en/taurine","/c/en/mammal","/c/en/sitatunga"],"weight":0.21299999999999972,"degrees":[33,7764,130,2187,46]},"num_concepts_raised":12247},{"base_id":412,"kind":"top_words","i1":1,"i2":6,"sol":{"path":["/c/en/hexachlorobenzene","/c/en/organic_compound","/c/en/san","/c/en/africa","/c/en/garganey"],"weight":0.21433999999999984,"degrees":[33,7764,87,860,126]},"num_concepts_raised":16359},{"base_id":412,"kind":"top_words","i1":1,"i2":7,"sol":{"path":["/c/en/hexachlorobenzene","/c/en/polychlorinated","/c/en/poly","/c/en/polyuria"],"weight":0.2077999999999998,"degrees":[33,15,1012,39]},"num_concepts_raised":23167},{"base_id":412,"kind":"top_words","i1":1,"i2":8,"sol":{"path":["/c/en/hexachlorobenzene","/c/en/organic_compound","/c/en/but","/c/en/contrary","/c/en/contrariwise"],"weight":0.2079399999999998,"degrees":[33,7764,837,344,25]},"num_concepts_raised":11756},{"base_id":412,"kind":"top_words","i1":1,"i2":9,"sol":{"path":["/c/en/hexachlorobenzene","/c/en/organic_compound","/c/en/san","/c/en/africa","/c/en/steenbok"],"weight":0.21316999999999983,"degrees":[33,7764,87,860,52]},"num_concepts_raised":13019},{"base_id":412,"kind":"top_words","i1":2,"i2":3,"sol":{"path":["/c/en/otorhinolaryngology","/c/en/medicine","/c/ja/薬","/c/en/insecticide","/c/en/toxaphene"],"weight":0.2136599999999998,"degrees":[93,11938,155,327,25]},"num_concepts_raised":15085},{"base_id":412,"kind":"top_words","i1":2,"i2":4,"sol":{"path":["/c/en/otorhinolaryngology","/c/en/ent","/c/en/medical","/c/en/asafoetida"],"weight":0.21683999999999992,"degrees":[93,45,1027,109]},"num_concepts_raised":25182},{"base_id":412,"kind":"top_words","i1":2,"i2":5,"sol":{"path":["/c/en/otorhinolaryngology","/c/en/otolaryngology","/c/en/ear","/c/en/mammal","/c/en/sitatunga"],"weight":0.2160699999999997,"degrees":[93,56,1621,2187,46]},"num_concepts_raised":14051},{"base_id":412,"kind":"top_words","i1":2,"i2":6,"sol":{"path":["/c/en/otorhinolaryngology","/c/en/medicine","/c/de/ente","/c/de/knäkente","/c/en/garganey"],"weight":0.21720999999999985,"degrees":[93,11938,159,7,126]},"num_concepts_raised":18147},{"base_id":412,"kind":"top_words","i1":2,"i2":7,"sol":{"path":["/c/en/otorhinolaryngology","/c/en/medicine","/c/en/polyuria"],"weight":0.20400000000000001,"degrees":[93,11938,39]},"num_concepts_raised":104},{"base_id":412,"kind":"top_words","i1":2,"i2":8,"sol":{"path":["/c/en/otorhinolaryngology","/c/en/medicine","/c/en/incompatible","/c/en/contrary","/c/en/contrariwise"],"weight":0.2088099999999998,"degrees":[93,11938,191,344,25]},"num_concepts_raised":13552},{"base_id":412,"kind":"top_words","i1":2,"i2":9,"sol":{"path":["/c/en/otorhinolaryngology","/c/en/otolaryngology","/c/en/ear","/c/en/mammal","/c/en/steenbok"],"weight":0.2162399999999998,"degrees":[93,56,1621,2187,52]},"num_concepts_raised":14822},{"base_id":412,"kind":"top_words","i1":3,"i2":4,"sol":{"path":["/c/en/toxaphene","/c/en/chemical_compound","/c/en/rotenone","/c/en/plant","/c/en/asafoetida"],"weight":0.21405999999999992,"degrees":[25,2801,47,7959,109]},"num_concepts_raised":16493},{"base_id":412,"kind":"top_words","i1":3,"i2":5,"sol":{"path":["/c/en/toxaphene","/c/en/chemical_compound","/c/en/rotenone","/c/en/mammal","/c/en/sitatunga"],"weight":0.21289999999999976,"degrees":[25,2801,47,2187,46]},"num_concepts_raised":5184},{"base_id":412,"kind":"top_words","i1":3,"i2":6,"sol":{"path":["/c/en/toxaphene","/c/en/chemical_compound","/c/en/methiocarb","/c/en/bird","/c/en/garganey"],"weight":0.21421999999999985,"degrees":[25,2801,17,4970,126]},"num_concepts_raised":9299},{"base_id":412,"kind":"top_words","i1":3,"i2":7,"sol":{"path":["/c/en/toxaphene","/c/en/chemical_compound","/c/en/water","/c/en/medicine","/c/en/polyuria"],"weight":0.2078699999999998,"degrees":[25,2801,4606,11938,39]},"num_concepts_raised":16192},{"base_id":412,"kind":"top_words","i1":3,"i2":8,"sol":{"path":["/c/en/toxaphene","/c/en/chemical_compound","/c/en/chemistry","/c/en/reverse","/c/en/contrary","/c/en/contrariwise"],"weight":0.21018969999999937,"degrees":[25,2801,11754,677,344,25]},"num_concepts_raised":255186},{"base_id":412,"kind":"top_words","i1":3,"i2":9,"sol":{"path":["/c/en/toxaphene","/c/en/chemical_compound","/c/en/rotenone","/c/en/mammal","/c/en/steenbok"],"weight":0.21306999999999984,"degrees":[25,2801,47,2187,52]},"num_concepts_raised":5958},{"base_id":412,"kind":"top_words","i1":4,"i2":5,"sol":{"path":["/c/en/asafoetida","/c/en/plant","/c/en/animal","/c/en/mammal","/c/en/sitatunga"],"weight":0.21429999999999988,"degrees":[109,7959,3735,2187,46]},"num_concepts_raised":15460},{"base_id":412,"kind":"top_words","i1":4,"i2":6,"sol":{"path":["/c/en/asafoetida","/c/en/genus","/c/en/shoveler","/c/en/anas","/c/en/garganey"],"weight":0.21753999999999998,"degrees":[109,2240,60,103,126]},"num_concepts_raised":19356},{"base_id":412,"kind":"top_words","i1":4,"i2":7,"sol":{"path":["/c/en/asafoetida","/c/en/medical","/c/en/medicine","/c/en/polyuria"],"weight":0.20913999999999994,"degrees":[109,1027,11938,39]},"num_concepts_raised":26294},{"base_id":412,"kind":"top_words","i1":4,"i2":8,"sol":{"path":["/c/en/asafoetida","/c/en/plant","/c/en/table","/c/en/counter","/c/en/contrariwise"],"weight":0.20909999999999995,"degrees":[109,7959,1618,727,25]},"num_concepts_raised":15000},{"base_id":412,"kind":"top_words","i1":4,"i2":9,"sol":{"path":["/c/en/asafoetida","/c/en/plant","/c/en/delosperma","/c/en/africa","/c/en/steenbok"],"weight":0.21447,"degrees":[109,7959,26,860,52]},"num_concepts_raised":16203},{"base_id":412,"kind":"top_words","i1":5,"i2":6,"sol":{"path":["/c/en/sitatunga","/c/en/marsh_buck","/c/en/africa","/c/en/garganey"],"weight":0.2165099999999998,"degrees":[46,20,860,126]},"num_concepts_raised":8148},{"base_id":412,"kind":"top_words","i1":5,"i2":7,"sol":{"path":["/c/en/sitatunga","/c/en/mammal","/c/en/cat","/c/en/medicine","/c/en/polyuria"],"weight":0.20808999999999975,"degrees":[46,2187,1616,11938,39]},"num_concepts_raised":15180},{"base_id":412,"kind":"top_words","i1":5,"i2":8,"sol":{"path":["/c/en/sitatunga","/c/en/mammal","/c/en/horse","/c/en/counter","/c/en/contrariwise"],"weight":0.20793999999999976,"degrees":[46,2187,3068,727,25]},"num_concepts_raised":3620},{"base_id":412,"kind":"top_words","i1":5,"i2":9,"sol":{"path":["/c/en/sitatunga","/c/en/mammal","/c/en/steenbok"],"weight":0.20600000000000002,"degrees":[46,2187,52]},"num_concepts_raised":84},{"base_id":412,"kind":"top_words","i1":6,"i2":7,"sol":{"path":["/c/en/garganey","/c/de/knäkente","/c/de/ente","/c/en/medicine","/c/en/polyuria"],"weight":0.21139999999999987,"degrees":[126,7,159,11938,39]},"num_concepts_raised":19274},{"base_id":412,"kind":"top_words","i1":6,"i2":8,"sol":{"path":["/c/en/garganey","/c/en/africa","/c/en/historical","/c/en/counter","/c/en/contrariwise"],"weight":0.20928999999999987,"degrees":[126,860,8415,727,25]},"num_concepts_raised":7735},{"base_id":412,"kind":"top_words","i1":6,"i2":9,"sol":{"path":["/c/en/garganey","/c/en/africa","/c/en/steenbok"],"weight":0.20600000000000002,"degrees":[126,860,52]},"num_concepts_raised":137},{"base_id":412,"kind":"top_words","i1":7,"i2":8,"sol":{"path":["/c/en/polyuria","/c/en/medicine","/c/en/incompatible","/c/en/contrary","/c/en/contrariwise"],"weight":0.20299999999999985,"degrees":[39,11938,191,344,25]},"num_concepts_raised":14677},{"base_id":412,"kind":"top_words","i1":7,"i2":9,"sol":{"path":["/c/en/polyuria","/c/en/medicine","/c/en/cat","/c/en/africa","/c/en/steenbok"],"weight":0.20827999999999985,"degrees":[39,11938,1616,860,52]},"num_concepts_raised":15952},{"base_id":412,"kind":"top_words","i1":8,"i2":9,"sol":{"path":["/c/en/contrariwise","/c/en/counter","/c/en/historical","/c/en/africa","/c/en/steenbok"],"weight":0.20810999999999988,"degrees":[25,727,8415,860,52]},"num_concepts_raised":4393}]]