[[{"base_id":930,"kind":"bot_words","i1":0,"i2":1,"sol":{"path":["/c/en/vice","/c/es/vicio","/c/en/botany","/c/en/beard","/c/en/bearded"],"weight":0.2255799999999994,"degrees":[447,25,6881,788,165]},"num_concepts_raised":51603},{"base_id":930,"kind":"bot_words","i1":0,"i2":2,"sol":{"path":["/c/en/vice","/c/en/habit","/c/en/trait","/c/en/tractate"],"weight":0.21945999999999927,"degrees":[447,920,353,25]},"num_concepts_raised":50706},{"base_id":930,"kind":"bot_words","i1":0,"i2":3,"sol":{"path":["/c/en/vice","/c/en/grip","/c/en/computing","/c/en/asynchronous"],"weight":0.21788999999999925,"degrees":[447,561,9084,79]},"num_concepts_raised":58415},{"base_id":930,"kind":"bot_words","i1":0,"i2":4,"sol":{"path":["/c/en/vice","/c/en/english_language","/c/en/city","/c/en/sopron"],"weight":0.22454999999999914,"degrees":[447,579,3758,64]},"num_concepts_raised":52489},{"base_id":930,"kind":"bot_words","i1":0,"i2":5,"sol":{"path":["/c/en/vice","/c/en/show","/c/en/improvement"],"weight":0.20600000000000002,"degrees":[447,1871,446]},"num_concepts_raised":691},{"base_id":930,"kind":"bot_words","i1":0,"i2":6,"sol":{"path":["/c/en/vice","/c/en/deputy","/c/en/france","/c/en/spain","/c/en/minorca"],"weight":0.22634999999999955,"degrees":[447,446,1405,972,126]},"num_concepts_raised":51924},{"base_id":930,"kind":"bot_words","i1":0,"i2":7,"sol":{"path":["/c/en/vice","/c/en/second","/c/mul/s","/c/en/siemens"],"weight":0.23057999999999912,"degrees":[447,1367,122,174]},"num_concepts_raised":58738},{"base_id":930,"kind":"bot_words","i1":0,"i2":8,"sol":{"path":["/c/en/vice","/c/en/habit","/c/en/monk","/c/en/hieromonk"],"weight":0.2195399999999993,"degrees":[447,920,723,30]},"num_concepts_raised":50673},{"base_id":930,"kind":"bot_words","i1":0,"i2":9,"sol":{"path":["/c/en/vice","/c/en/english_language","/c/en/biochemistry","/c/en/porphyrin"],"weight":0.22571999999999914,"degrees":[447,579,3629,139]},"num_concepts_raised":70761},{"base_id":930,"kind":"bot_words","i1":1,"i2":2,"sol":{"path":["/c/en/bearded","/c/en/beard","/c/en/neck","/c/en/tract","/c/en/tractate"],"weight":0.20807000000000003,"degrees":[165,788,1476,280,25]},"num_concepts_raised":4010},{"base_id":930,"kind":"bot_words","i1":1,"i2":3,"sol":{"path":["/c/en/bearded","/c/en/beard","/c/en/face","/c/en/computing","/c/en/asynchronous"],"weight":0.20785000000000003,"degrees":[165,788,2479,9084,79]},"num_concepts_raised":12546},{"base_id":930,"kind":"bot_words","i1":1,"i2":4,"sol":{"path":["/c/en/bearded","/c/en/fringe","/c/en/city","/c/en/sopron"],"weight":0.2102199999999999,"degrees":[165,309,3758,64]},"num_concepts_raised":5784},{"base_id":930,"kind":"bot_words","i1":1,"i2":5,"sol":{"path":["/c/en/bearded","/c/fr/barbu","/c/fr/personne","/c/en/better","/c/en/improvement"],"weight":0.21382999999999963,"degrees":[165,140,3714,809,446]},"num_concepts_raised":27969},{"base_id":930,"kind":"bot_words","i1":1,"i2":6,"sol":{"path":["/c/en/bearded","/c/en/beard","/c/en/barb","/c/en/spain","/c/en/minorca"],"weight":0.21385000000000035,"degrees":[165,788,259,972,126]},"num_concepts_raised":5159},{"base_id":930,"kind":"bot_words","i1":1,"i2":7,"sol":{"path":["/c/en/bearded","/c/en/fringe","/c/en/physics","/c/de/siemens","/c/en/siemens"],"weight":0.2201599999999999,"degrees":[165,309,9094,19,174]},"num_concepts_raised":14747},{"base_id":930,"kind":"bot_words","i1":1,"i2":8,"sol":{"path":["/c/en/bearded","/c/en/beard","/c/en/man","/c/en/monk","/c/en/hieromonk"],"weight":0.20722000000000007,"degrees":[165,788,3068,723,30]},"num_concepts_raised":3870},{"base_id":930,"kind":"bot_words","i1":1,"i2":9,"sol":{"path":["/c/en/bearded","/c/fr/barbu","/c/fr/personne","/c/en/square","/c/en/porphyrin"],"weight":0.21402999999999994,"degrees":[165,140,3714,1534,139]},"num_concepts_raised":24951},{"base_id":930,"kind":"bot_words","i1":2,"i2":3,"sol":{"path":["/c/en/tractate","/c/en/trait","/c/en/time","/c/en/synchronous","/c/en/asynchronous"],"weight":0.20557999999999993,"degrees":[25,353,4124,132,79]},"num_concepts_raised":11681},{"base_id":930,"kind":"bot_words","i1":2,"i2":4,"sol":{"path":["/c/en/tractate","/c/en/treaty","/c/en/government","/c/en/city","/c/en/sopron"],"weight":0.20924999999999983,"degrees":[25,375,2046,3758,64]},"num_concepts_raised":4941},{"base_id":930,"kind":"bot_words","i1":2,"i2":5,"sol":{"path":["/c/en/tractate","/c/en/tract","/c/en/patch","/c/en/improvement"],"weight":0.20860999999999952,"degrees":[25,280,642,446]},"num_concepts_raised":27074},{"base_id":930,"kind":"bot_words","i1":2,"i2":6,"sol":{"path":["/c/en/tractate","/c/en/treaty","/c/en/government","/c/en/island","/c/en/minorca"],"weight":0.21056000000000025,"degrees":[25,375,2046,1660,126]},"num_concepts_raised":4321},{"base_id":930,"kind":"bot_words","i1":2,"i2":7,"sol":{"path":["/c/en/tractate","/c/la/traho","/c/en/train","/c/en/siemens"],"weight":0.2138299999999998,"degrees":[25,228,1408,174]},"num_concepts_raised":13893},{"base_id":930,"kind":"bot_words","i1":2,"i2":8,"sol":{"path":["/c/en/tractate","/c/en/treaty","/c/en/fecial","/c/en/priest","/c/en/hieromonk"],"weight":0.20390999999999998,"degrees":[25,375,19,1101,30]},"num_concepts_raised":3034},{"base_id":930,"kind":"bot_words","i1":2,"i2":9,"sol":{"path":["/c/en/tractate","/c/en/trait","/c/en/class","/c/en/porphyrin"],"weight":0.20921999999999982,"degrees":[25,353,1926,139]},"num_concepts_raised":24117},{"base_id":930,"kind":"bot_words","i1":3,"i2":4,"sol":{"path":["/c/en/asynchronous","/c/en/computing","/c/en/hungarian","/c/en/hungary","/c/en/sopron"],"weight":0.2109999999999998,"degrees":[79,9084,218,366,64]},"num_concepts_raised":13461},{"base_id":930,"kind":"bot_words","i1":3,"i2":5,"sol":{"path":["/c/en/asynchronous","/c/en/communication","/c/ja/上達","/c/en/improvement"],"weight":0.20938999999999952,"degrees":[79,873,41,446]},"num_concepts_raised":35268},{"base_id":930,"kind":"bot_words","i1":3,"i2":6,"sol":{"path":["/c/en/asynchronous","/c/en/metachronous","/c/en/geology","/c/en/mediterranean_sea","/c/en/minorca"],"weight":0.21116000000000024,"degrees":[79,6,3862,306,126]},"num_concepts_raised":12866},{"base_id":930,"kind":"bot_words","i1":3,"i2":7,"sol":{"path":["/c/en/asynchronous","/c/en/computing","/c/en/train","/c/en/siemens"],"weight":0.2146299999999998,"degrees":[79,9084,1408,174]},"num_concepts_raised":22310},{"base_id":930,"kind":"bot_words","i1":3,"i2":8,"sol":{"path":["/c/en/asynchronous","/c/en/computing","/c/en/mine","/c/en/monk","/c/en/hieromonk"],"weight":0.20365999999999995,"degrees":[79,9084,1117,723,30]},"num_concepts_raised":11575},{"base_id":930,"kind":"bot_words","i1":3,"i2":9,"sol":{"path":["/c/en/asynchronous","/c/en/computing","/c/en/atom","/c/en/porphyrin"],"weight":0.21004999999999982,"degrees":[79,9084,1498,139]},"num_concepts_raised":32469},{"base_id":930,"kind":"bot_words","i1":4,"i2":5,"sol":{"path":["/c/en/sopron","/c/en/city","/c/en/home","/c/en/improvement"],"weight":0.21298999999999937,"degrees":[64,3758,2163,446]},"num_concepts_raised":28834},{"base_id":930,"kind":"bot_words","i1":4,"i2":6,"sol":{"path":["/c/en/sopron","/c/en/city","/c/en/poultry","/c/en/minorca"],"weight":0.2148900000000001,"degrees":[64,3758,316,126]},"num_concepts_raised":6057},{"base_id":930,"kind":"bot_words","i1":4,"i2":7,"sol":{"path":["/c/en/sopron","/c/en/city","/c/en/company","/c/en/siemens"],"weight":0.21931999999999968,"degrees":[64,3758,2258,174]},"num_concepts_raised":15636},{"base_id":930,"kind":"bot_words","i1":4,"i2":8,"sol":{"path":["/c/en/sopron","/c/en/city","/c/en/people","/c/en/monk","/c/en/hieromonk"],"weight":0.20831999999999984,"degrees":[64,3758,4475,723,30]},"num_concepts_raised":4811},{"base_id":930,"kind":"bot_words","i1":4,"i2":9,"sol":{"path":["/c/en/sopron","/c/en/hungary","/c/en/country","/c/en/metal","/c/en/porphyrin"],"weight":0.2167799999999997,"degrees":[64,366,2796,2107,139]},"num_concepts_raised":25873},{"base_id":930,"kind":"bot_words","i1":5,"i2":6,"sol":{"path":["/c/en/improvement","/c/en/better","/c/en/entity","/c/en/island","/c/en/minorca"],"weight":0.21574999999999983,"degrees":[446,809,353,1660,126]},"num_concepts_raised":28287},{"base_id":930,"kind":"bot_words","i1":5,"i2":7,"sol":{"path":["/c/en/improvement","/c/en/improve","/c/en/train","/c/en/siemens"],"weight":0.22017999999999938,"degrees":[446,539,1408,174]},"num_concepts_raised":37377},{"base_id":930,"kind":"bot_words","i1":5,"i2":8,"sol":{"path":["/c/en/improvement","/c/en/better","/c/fr/supérieur","/c/fr/hiéromoine","/c/en/hieromonk"],"weight":0.21006999999999953,"degrees":[446,809,634,13,30]},"num_concepts_raised":27011},{"base_id":930,"kind":"bot_words","i1":5,"i2":9,"sol":{"path":["/c/en/improvement","/c/en/gain","/c/en/square","/c/en/porphyrin"],"weight":0.2151699999999994,"degrees":[446,1125,1534,139]},"num_concepts_raised":47587},{"base_id":930,"kind":"bot_words","i1":6,"i2":7,"sol":{"path":["/c/en/minorca","/c/en/island","/c/en/circle","/c/mul/s","/c/en/siemens"],"weight":0.2229500000000001,"degrees":[126,1660,1376,122,174]},"num_concepts_raised":15057},{"base_id":930,"kind":"bot_words","i1":6,"i2":8,"sol":{"path":["/c/en/minorca","/c/en/island","/c/en/fish","/c/en/priest","/c/en/hieromonk"],"weight":0.20959000000000028,"degrees":[126,1660,4424,1101,30]},"num_concepts_raised":4192},{"base_id":930,"kind":"bot_words","i1":6,"i2":9,"sol":{"path":["/c/en/minorca","/c/en/island","/c/en/tangible_thing","/c/en/hemoglobin","/c/en/porphyrin"],"weight":0.2180800000000001,"degrees":[126,1660,1925,261,139]},"num_concepts_raised":25290},{"base_id":930,"kind":"bot_words","i1":7,"i2":8,"sol":{"path":["/c/en/siemens","/c/en/train","/c/en/monk","/c/en/hieromonk"],"weight":0.21398999999999982,"degrees":[174,1408,723,30]},"num_concepts_raised":13778},{"base_id":930,"kind":"bot_words","i1":7,"i2":9,"sol":{"path":["/c/en/siemens","/c/en/conductance","/c/en/metal","/c/en/porphyrin"],"weight":0.22042999999999968,"degrees":[174,64,2107,139]},"num_concepts_raised":34672},{"base_id":930,"kind":"bot_words","i1":8,"i2":9,"sol":{"path":["/c/en/hieromonk","/c/en/monk","/c/en/codon","/c/en/biochemistry","/c/en/porphyrin"],"weight":0.20950999999999986,"degrees":[30,723,96,3629,139]},"num_concepts_raised":24016}],[{"base_id":930,"kind":"top_words","i1":0,"i2":1,"sol":{"path":["/c/en/mochi","/c/en/rice","/c/en/common","/c/en/cladogram"],"weight":0.20839999999999975,"degrees":[79,1388,1219,33]},"num_concepts_raised":13871},{"base_id":930,"kind":"top_words","i1":0,"i2":2,"sol":{"path":["/c/en/mochi","/c/en/rice_cake","/c/en/food","/c/en/coconut","/c/en/coir"],"weight":0.20847999999999967,"degrees":[79,48,4281,581,36]},"num_concepts_raised":8436},{"base_id":930,"kind":"top_words","i1":0,"i2":3,"sol":{"path":["/c/en/mochi","/c/en/language","/c/en/mathematics","/c/en/undecidable"],"weight":0.2083899999999998,"degrees":[79,4160,7601,28]},"num_concepts_raised":17389},{"base_id":930,"kind":"top_words","i1":0,"i2":4,"sol":{"path":["/c/en/mochi","/c/en/tanzania","/c/en/arachnid","/c/en/arachnoid","/c/en/meninges"],"weight":0.21628999999999965,"degrees":[79,425,361,79,93]},"num_concepts_raised":27697},{"base_id":930,"kind":"top_words","i1":0,"i2":5,"sol":{"path":["/c/en/mochi","/c/en/language","/c/en/case","/c/en/decision"],"weight":0.22087999999999858,"degrees":[79,4160,1773,697]},"num_concepts_raised":46691},{"base_id":930,"kind":"top_words","i1":0,"i2":6,"sol":{"path":["/c/en/mochi","/c/en/language","/c/en/mathematics","/c/en/maximization"],"weight":0.20858999999999978,"degrees":[79,4160,7601,41]},"num_concepts_raised":17400},{"base_id":930,"kind":"top_words","i1":0,"i2":7,"sol":{"path":["/c/en/mochi","/c/en/language","/c/en/cluster","/c/en/statistics","/c/en/bayesian"],"weight":0.20842999999999978,"degrees":[79,4160,523,1142,29]},"num_concepts_raised":7411},{"base_id":930,"kind":"top_words","i1":0,"i2":8,"sol":{"path":["/c/en/mochi","/c/en/rice","/c/en/plant","/c/en/jackfruit"],"weight":0.2193599999999996,"degrees":[79,1388,7959,177]},"num_concepts_raised":14737},{"base_id":930,"kind":"top_words","i1":0,"i2":9,"sol":{"path":["/c/en/mochi","/c/en/rice","/c/en/rest","/c/en/awake","/c/en/awaking"],"weight":0.2109099999999996,"degrees":[79,1388,2053,549,72]},"num_concepts_raised":13601},{"base_id":930,"kind":"top_words","i1":1,"i2":2,"sol":{"path":["/c/en/cladogram","/c/en/tree","/c/en/plant","/c/en/coconut","/c/en/coir"],"weight":0.2040399999999998,"degrees":[33,3598,7959,581,36]},"num_concepts_raised":10353},{"base_id":930,"kind":"top_words","i1":1,"i2":3,"sol":{"path":["/c/en/cladogram","/c/en/tree","/c/en/computing_theory","/c/en/undecidable"],"weight":0.20383999999999988,"degrees":[33,3598,109,28]},"num_concepts_raised":19184},{"base_id":930,"kind":"top_words","i1":1,"i2":4,"sol":{"path":["/c/en/cladogram","/c/en/taxonomy","/c/en/biology","/c/en/arachnoid","/c/en/meninges"],"weight":0.21074999999999977,"degrees":[33,745,6216,79,93]},"num_concepts_raised":29661},{"base_id":930,"kind":"top_words","i1":1,"i2":5,"sol":{"path":["/c/en/cladogram","/c/en/tree","/c/en/fork_in_road","/c/en/decision"],"weight":0.2164399999999987,"degrees":[33,3598,65,697]},"num_concepts_raised":48381},{"base_id":930,"kind":"top_words","i1":1,"i2":6,"sol":{"path":["/c/en/cladogram","/c/en/relationship","/c/en/function","/c/en/maximization"],"weight":0.20297999999999988,"degrees":[33,991,1730,41]},"num_concepts_raised":19188},{"base_id":930,"kind":"top_words","i1":1,"i2":7,"sol":{"path":["/c/en/cladogram","/c/en/tree","/c/en/graph","/c/en/statistics","/c/en/bayesian"],"weight":0.20396999999999987,"degrees":[33,3598,624,1142,29]},"num_concepts_raised":9328},{"base_id":930,"kind":"top_words","i1":1,"i2":8,"sol":{"path":["/c/en/cladogram","/c/en/tree","/c/en/jack","/c/en/jackfruit"],"weight":0.22123999999999971,"degrees":[33,3598,754,177]},"num_concepts_raised":16308},{"base_id":930,"kind":"top_words","i1":1,"i2":9,"sol":{"path":["/c/en/cladogram","/c/en/tree","/c/en/coffee","/c/en/awaking"],"weight":0.2042499999999997,"degrees":[33,3598,1150,72]},"num_concepts_raised":15487},{"base_id":930,"kind":"top_words","i1":2,"i2":3,"sol":{"path":["/c/en/coir","/c/en/fiber","/c/en/mathematics","/c/en/undecidable"],"weight":0.20282999999999984,"degrees":[36,389,7601,28]},"num_concepts_raised":13725},{"base_id":930,"kind":"top_words","i1":2,"i2":4,"sol":{"path":["/c/en/coir","/c/en/husk","/c/de/hülle","/c/de/hirnhaut","/c/en/meninges"],"weight":0.2106699999999997,"degrees":[36,334,105,26,93]},"num_concepts_raised":24147},{"base_id":930,"kind":"top_words","i1":2,"i2":5,"sol":{"path":["/c/en/coir","/c/en/fiber","/c/en/resolve","/c/en/decision"],"weight":0.21560999999999864,"degrees":[36,389,420,697]},"num_concepts_raised":43171},{"base_id":930,"kind":"top_words","i1":2,"i2":6,"sol":{"path":["/c/en/coir","/c/en/fiber","/c/en/mathematics","/c/en/maximization"],"weight":0.20301999999999984,"degrees":[36,389,7601,41]},"num_concepts_raised":13842},{"base_id":930,"kind":"top_words","i1":2,"i2":7,"sol":{"path":["/c/en/coir","/c/en/fibre","/c/en/cell","/c/en/statistics","/c/en/bayesian"],"weight":0.20283999999999983,"degrees":[36,317,2433,1142,29]},"num_concepts_raised":3838},{"base_id":930,"kind":"top_words","i1":2,"i2":8,"sol":{"path":["/c/en/coir","/c/en/coconut","/c/en/plant","/c/en/jackfruit"],"weight":0.21382999999999963,"degrees":[36,581,7959,177]},"num_concepts_raised":11160},{"base_id":930,"kind":"top_words","i1":2,"i2":9,"sol":{"path":["/c/en/coir","/c/en/fiber","/c/en/yarn","/c/en/awake","/c/en/awaking"],"weight":0.20531999999999961,"degrees":[36,389,445,549,72]},"num_concepts_raised":10029},{"base_id":930,"kind":"top_words","i1":3,"i2":4,"sol":{"path":["/c/en/undecidable","/c/en/memory","/c/en/brain","/c/en/meninges"],"weight":0.20868999999999976,"degrees":[28,1133,1613,93]},"num_concepts_raised":33074},{"base_id":930,"kind":"top_words","i1":3,"i2":5,"sol":{"path":["/c/en/undecidable","/c/en/decidable","/c/en/decide","/c/en/decision"],"weight":0.2202899999999987,"degrees":[28,32,673,697]},"num_concepts_raised":51536},{"base_id":930,"kind":"top_words","i1":3,"i2":6,"sol":{"path":["/c/en/undecidable","/c/en/mathematics","/c/en/maximization"],"weight":0.202,"degrees":[28,7601,41]},"num_concepts_raised":53},{"base_id":930,"kind":"top_words","i1":3,"i2":7,"sol":{"path":["/c/en/undecidable","/c/en/mathematics","/c/en/probability","/c/en/bayesian"],"weight":0.20281999999999992,"degrees":[28,7601,397,29]},"num_concepts_raised":12711},{"base_id":930,"kind":"top_words","i1":3,"i2":8,"sol":{"path":["/c/en/undecidable","/c/en/string","/c/en/plant","/c/en/jackfruit"],"weight":0.21373999999999974,"degrees":[28,1270,7959,177]},"num_concepts_raised":20157},{"base_id":930,"kind":"top_words","i1":3,"i2":9,"sol":{"path":["/c/en/undecidable","/c/en/mathematics","/c/en/shock","/c/en/awaking"],"weight":0.20315999999999973,"degrees":[28,7601,1065,72]},"num_concepts_raised":18944},{"base_id":930,"kind":"top_words","i1":4,"i2":5,"sol":{"path":["/c/en/meninges","/c/en/brain","/c/en/mind","/c/en/decision"],"weight":0.2212999999999986,"degrees":[93,1613,1738,697]},"num_concepts_raised":62177},{"base_id":930,"kind":"top_words","i1":4,"i2":6,"sol":{"path":["/c/en/meninges","/c/en/membrane","/c/en/function","/c/en/maximization"],"weight":0.2087699999999998,"degrees":[93,689,1730,41]},"num_concepts_raised":33095},{"base_id":930,"kind":"top_words","i1":4,"i2":7,"sol":{"path":["/c/en/meninges","/c/en/anatomy","/c/en/science","/c/en/statistics","/c/en/bayesian"],"weight":0.20886999999999978,"degrees":[93,12775,1674,1142,29]},"num_concepts_raised":23166},{"base_id":930,"kind":"top_words","i1":4,"i2":8,"sol":{"path":["/c/en/meninges","/c/en/anatomy","/c/en/head","/c/en/jack","/c/en/jackfruit"],"weight":0.2261399999999996,"degrees":[93,12775,3580,754,177]},"num_concepts_raised":30464},{"base_id":930,"kind":"top_words","i1":4,"i2":9,"sol":{"path":["/c/en/meninges","/c/en/meningitis","/c/en/headache","/c/en/awaking"],"weight":0.2110199999999996,"degrees":[93,175,407,72]},"num_concepts_raised":29287},{"base_id":930,"kind":"top_words","i1":5,"i2":6,"sol":{"path":["/c/en/decision","/c/en/choice","/c/en/satisfice","/c/en/maximization"],"weight":0.21975999999999873,"degrees":[697,600,34,41]},"num_concepts_raised":51469},{"base_id":930,"kind":"top_words","i1":5,"i2":7,"sol":{"path":["/c/en/decision","/c/en/pignistic","/c/en/probability","/c/en/bayesian"],"weight":0.21524999999999872,"degrees":[697,12,397,29]},"num_concepts_raised":42187},{"base_id":930,"kind":"top_words","i1":5,"i2":8,"sol":{"path":["/c/en/decision","/c/en/baseball","/c/en/jack","/c/en/jackfruit"],"weight":0.23264999999999855,"degrees":[697,1859,754,177]},"num_concepts_raised":49368},{"base_id":930,"kind":"top_words","i1":5,"i2":9,"sol":{"path":["/c/en/decision","/c/en/move","/c/en/stretch","/c/en/awaking"],"weight":0.21586999999999854,"degrees":[697,2810,1228,72]},"num_concepts_raised":47909},{"base_id":930,"kind":"top_words","i1":6,"i2":7,"sol":{"path":["/c/en/maximization","/c/en/mathematics","/c/en/probability","/c/en/bayesian"],"weight":0.20301999999999992,"degrees":[41,7601,397,29]},"num_concepts_raised":12688},{"base_id":930,"kind":"top_words","i1":6,"i2":8,"sol":{"path":["/c/en/maximization","/c/en/raise","/c/en/jack","/c/en/jackfruit"],"weight":0.22030999999999973,"degrees":[41,1804,754,177]},"num_concepts_raised":20129},{"base_id":930,"kind":"top_words","i1":6,"i2":9,"sol":{"path":["/c/en/maximization","/c/en/raise","/c/en/get_up","/c/en/awaking"],"weight":0.20335999999999974,"degrees":[41,1804,284,72]},"num_concepts_raised":18877},{"base_id":930,"kind":"top_words","i1":7,"i2":8,"sol":{"path":["/c/en/bayesian","/c/en/ian","/c/en/john","/c/en/jack","/c/en/jackfruit"],"weight":0.22011999999999973,"degrees":[29,95,497,754,177]},"num_concepts_raised":10158},{"base_id":930,"kind":"top_words","i1":7,"i2":9,"sol":{"path":["/c/en/bayesian","/c/en/statistics","/c/en/expectation","/c/en/awake","/c/en/awaking"],"weight":0.2053299999999997,"degrees":[29,1142,362,549,72]},"num_concepts_raised":9006},{"base_id":930,"kind":"top_words","i1":8,"i2":9,"sol":{"path":["/c/en/jackfruit","/c/en/plant","/c/en/coffee","/c/en/awaking"],"weight":0.21411999999999953,"degrees":[177,7959,1150,72]},"num_concepts_raised":16308}]]