[[{"base_id":61,"kind":"bot_words","i1":0,"i2":1,"sol":{"path":["/c/en/commandeer","/c/en/force","/c/en/strength","/c/en/invulnerability"],"weight":0.20346999999999968,"degrees":[85,1979,1048,46]},"num_concepts_raised":16554},{"base_id":61,"kind":"bot_words","i1":0,"i2":2,"sol":{"path":["/c/en/commandeer","/c/en/skyjack","/c/en/steal","/c/en/end","/c/en/endorphin","/c/en/endorphins"],"weight":0.21366659999999954,"degrees":[85,28,1033,2782,82,46]},"num_concepts_raised":779519},{"base_id":61,"kind":"bot_words","i1":0,"i2":3,"sol":{"path":["/c/en/commandeer","/c/en/military","/c/en/horse","/c/en/quadruped","/c/en/tetrapod"],"weight":0.21377999999999941,"degrees":[85,5690,3068,187,128]},"num_concepts_raised":33723},{"base_id":61,"kind":"bot_words","i1":0,"i2":4,"sol":{"path":["/c/en/commandeer","/c/en/call_up","/c/en/order","/c/en/rearrange"],"weight":0.20547999999999958,"degrees":[85,113,2833,119]},"num_concepts_raised":24902},{"base_id":61,"kind":"bot_words","i1":0,"i2":5,"sol":{"path":["/c/en/commandeer","/c/en/service","/c/en/plastic","/c/en/formative"],"weight":0.2047399999999996,"degrees":[85,1385,799,75]},"num_concepts_raised":39891},{"base_id":61,"kind":"bot_words","i1":0,"i2":6,"sol":{"path":["/c/en/commandeer","/c/en/command","/c/en/voice","/c/en/voiceless"],"weight":0.20498999999999934,"degrees":[85,1215,1403,172]},"num_concepts_raised":28521},{"base_id":61,"kind":"bot_words","i1":0,"i2":7,"sol":{"path":["/c/en/commandeer","/c/en/service","/c/en/mileage"],"weight":0.202,"degrees":[85,1385,95]},"num_concepts_raised":157},{"base_id":61,"kind":"bot_words","i1":0,"i2":8,"sol":{"path":["/c/en/commandeer","/c/en/military","/c/en/us","/c/en/corncob"],"weight":0.2043799999999997,"degrees":[85,5690,8154,97]},"num_concepts_raised":31066},{"base_id":61,"kind":"bot_words","i1":0,"i2":9,"sol":{"path":["/c/en/commandeer","/c/en/hijack","/c/en/computing","/c/en/alias","/c/en/aka"],"weight":0.20417999999999958,"degrees":[85,161,9084,227,64]},"num_concepts_raised":18262},{"base_id":61,"kind":"bot_words","i1":1,"i2":2,"sol":{"path":["/c/en/invulnerability","/c/en/immunity","/c/en/body","/c/en/brain","/c/en/endorphin","/c/en/endorphins"],"weight":0.21086129999999972,"degrees":[46,247,3170,1613,82,46]},"num_concepts_raised":175258},{"base_id":61,"kind":"bot_words","i1":1,"i2":3,"sol":{"path":["/c/en/invulnerability","/c/en/strength","/c/de/tier","/c/fr/zoologie","/c/en/tetrapod"],"weight":0.21108999999999956,"degrees":[46,1048,975,9122,128]},"num_concepts_raised":20938},{"base_id":61,"kind":"bot_words","i1":1,"i2":4,"sol":{"path":["/c/en/invulnerability","/c/en/invulnerable","/c/en/secure","/c/en/order","/c/en/rearrange"],"weight":0.20508999999999974,"degrees":[46,103,611,2833,119]},"num_concepts_raised":12730},{"base_id":61,"kind":"bot_words","i1":1,"i2":5,"sol":{"path":["/c/en/invulnerability","/c/en/strength","/c/en/growth","/c/en/formative"],"weight":0.20328999999999975,"degrees":[46,1048,984,75]},"num_concepts_raised":27528},{"base_id":61,"kind":"bot_words","i1":1,"i2":6,"sol":{"path":["/c/en/invulnerability","/c/en/strength","/c/en/soft","/c/en/voiceless"],"weight":0.2045399999999995,"degrees":[46,1048,1227,172]},"num_concepts_raised":15681},{"base_id":61,"kind":"bot_words","i1":1,"i2":7,"sol":{"path":["/c/en/invulnerability","/c/en/strength","/c/en/how","/c/en/mileage"],"weight":0.2036099999999997,"degrees":[46,1048,742,95]},"num_concepts_raised":15037},{"base_id":61,"kind":"bot_words","i1":1,"i2":8,"sol":{"path":["/c/en/invulnerability","/c/en/strength","/c/en/defeat","/c/en/corncob"],"weight":0.20379999999999987,"degrees":[46,1048,957,97]},"num_concepts_raised":18826},{"base_id":61,"kind":"bot_words","i1":1,"i2":9,"sol":{"path":["/c/en/invulnerability","/c/fr/invulnérabilité","/c/fr/qualité","/c/fr/nom","/c/en/aka"],"weight":0.20430999999999971,"degrees":[46,13,1236,1322,64]},"num_concepts_raised":5354},{"base_id":61,"kind":"bot_words","i1":2,"i2":3,"sol":{"path":["/c/en/endorphins","/c/fr/endorphine","/c/fr/moelle_épinière","/c/fr/zoologie","/c/en/tetrapod"],"weight":0.2160799999999995,"degrees":[46,21,109,9122,128]},"num_concepts_raised":19198},{"base_id":61,"kind":"bot_words","i1":2,"i2":4,"sol":{"path":["/c/en/endorphins","/c/en/endorphin","/c/en/end","/c/en/change","/c/en/rearrange"],"weight":0.20919999999999966,"degrees":[46,82,2782,3383,119]},"num_concepts_raised":10998},{"base_id":61,"kind":"bot_words","i1":2,"i2":5,"sol":{"path":["/c/en/endorphins","/c/en/endorphin","/c/en/hormone","/c/en/tissue","/c/en/formative"],"weight":0.20846999999999966,"degrees":[46,82,647,1024,75]},"num_concepts_raised":25822},{"base_id":61,"kind":"bot_words","i1":2,"i2":6,"sol":{"path":["/c/en/endorphins","/c/en/endorphin","/c/en/end","/c/en/cut_out","/c/en/inaudible","/c/en/voiceless"],"weight":0.21761329999999937,"degrees":[46,82,2782,176,106,172]},"num_concepts_raised":664750},{"base_id":61,"kind":"bot_words","i1":2,"i2":7,"sol":{"path":["/c/en/endorphins","/c/en/endorphin","/c/en/end","/c/en/terminal","/c/en/mileage"],"weight":0.20882999999999963,"degrees":[46,82,2782,530,95]},"num_concepts_raised":13330},{"base_id":61,"kind":"bot_words","i1":2,"i2":8,"sol":{"path":["/c/en/endorphins","/c/en/endorphin","/c/en/biochemistry","/c/en/core","/c/en/corncob"],"weight":0.20901999999999976,"degrees":[46,82,3629,637,97]},"num_concepts_raised":17111},{"base_id":61,"kind":"bot_words","i1":2,"i2":9,"sol":{"path":["/c/en/endorphins","/c/en/endorphin","/c/en/end","/c/en/name","/c/en/alias","/c/en/aka"],"weight":0.21187709999999962,"degrees":[46,82,2782,2629,227,64]},"num_concepts_raised":391021},{"base_id":61,"kind":"bot_words","i1":3,"i2":4,"sol":{"path":["/c/en/tetrapod","/c/en/animal","/c/en/move","/c/en/rearrange"],"weight":0.21015999999999946,"degrees":[128,3735,2810,119]},"num_concepts_raised":29716},{"base_id":61,"kind":"bot_words","i1":3,"i2":5,"sol":{"path":["/c/en/tetrapod","/c/en/bird","/c/en/word","/c/en/formative"],"weight":0.20940999999999949,"degrees":[128,4970,2436,75]},"num_concepts_raised":44242},{"base_id":61,"kind":"bot_words","i1":3,"i2":6,"sol":{"path":["/c/en/tetrapod","/c/en/quadruped","/c/en/paw","/c/en/soft","/c/en/voiceless"],"weight":0.2147799999999992,"degrees":[128,187,347,1227,172]},"num_concepts_raised":32723},{"base_id":61,"kind":"bot_words","i1":3,"i2":7,"sol":{"path":["/c/en/tetrapod","/c/en/feet","/c/en/mile","/c/en/mileage"],"weight":0.21186999999999945,"degrees":[128,573,530,95]},"num_concepts_raised":31973},{"base_id":61,"kind":"bot_words","i1":3,"i2":8,"sol":{"path":["/c/en/tetrapod","/c/en/bird","/c/en/corn","/c/en/corncob"],"weight":0.2110899999999996,"degrees":[128,4970,1203,97]},"num_concepts_raised":35596},{"base_id":61,"kind":"bot_words","i1":3,"i2":9,"sol":{"path":["/c/en/tetrapod","/c/en/snake","/c/en/lake","/c/en/aka"],"weight":0.20923999999999948,"degrees":[128,1419,1347,64]},"num_concepts_raised":22372},{"base_id":61,"kind":"bot_words","i1":4,"i2":5,"sol":{"path":["/c/en/rearrange","/c/en/order","/c/en/word","/c/en/formative"],"weight":0.20437999999999965,"degrees":[119,2833,2436,75]},"num_concepts_raised":35972},{"base_id":61,"kind":"bot_words","i1":4,"i2":6,"sol":{"path":["/c/en/rearrange","/c/en/anagram","/c/fr/linguistique","/c/en/voiceless"],"weight":0.2055399999999994,"degrees":[119,222,7455,172]},"num_concepts_raised":24468},{"base_id":61,"kind":"bot_words","i1":4,"i2":7,"sol":{"path":["/c/en/rearrange","/c/en/move","/c/en/travel","/c/en/mileage"],"weight":0.20470999999999961,"degrees":[119,2810,1689,95]},"num_concepts_raised":23530},{"base_id":61,"kind":"bot_words","i1":4,"i2":8,"sol":{"path":["/c/en/rearrange","/c/en/change","/c/en/yellow","/c/en/corncob"],"weight":0.20485999999999976,"degrees":[119,3383,1405,97]},"num_concepts_raised":27447},{"base_id":61,"kind":"bot_words","i1":4,"i2":9,"sol":{"path":["/c/en/rearrange","/c/en/change","/c/en/also","/c/en/a.k.a","/c/en/aka"],"weight":0.20534999999999964,"degrees":[119,3383,828,15,64]},"num_concepts_raised":14233},{"base_id":61,"kind":"bot_words","i1":5,"i2":6,"sol":{"path":["/c/en/formative","/c/en/grammar","/c/en/voice","/c/en/voiceless"],"weight":0.20602999999999938,"degrees":[75,6397,1403,172]},"num_concepts_raised":38734},{"base_id":61,"kind":"bot_words","i1":5,"i2":7,"sol":{"path":["/c/en/formative","/c/en/unit","/c/en/mile","/c/en/mileage"],"weight":0.20615999999999962,"degrees":[75,1582,530,95]},"num_concepts_raised":38230},{"base_id":61,"kind":"bot_words","i1":5,"i2":8,"sol":{"path":["/c/en/formative","/c/en/unit","/c/en/us","/c/en/corncob"],"weight":0.20418999999999976,"degrees":[75,1582,8154,97]},"num_concepts_raised":42072},{"base_id":61,"kind":"bot_words","i1":5,"i2":9,"sol":{"path":["/c/en/formative","/c/en/plastic","/c/en/fake","/c/en/alias","/c/en/aka"],"weight":0.20484999999999962,"degrees":[75,799,569,227,64]},"num_concepts_raised":28955},{"base_id":61,"kind":"bot_words","i1":6,"i2":7,"sol":{"path":["/c/en/voiceless","/c/en/less","/c/en/measurement","/c/en/mileage"],"weight":0.20519999999999936,"degrees":[172,705,807,95]},"num_concepts_raised":26795},{"base_id":61,"kind":"bot_words","i1":6,"i2":8,"sol":{"path":["/c/en/voiceless","/c/en/inaudible","/c/en/hear","/c/en/ear","/c/en/corncob"],"weight":0.20760999999999952,"degrees":[172,106,724,1621,97]},"num_concepts_raised":30565},{"base_id":61,"kind":"bot_words","i1":6,"i2":9,"sol":{"path":["/c/en/voiceless","/c/fr/linguistique","/c/fr/nom","/c/en/aka"],"weight":0.20483999999999936,"degrees":[172,7455,1322,64]},"num_concepts_raised":17157},{"base_id":61,"kind":"bot_words","i1":7,"i2":8,"sol":{"path":["/c/en/mileage","/c/en/fuel","/c/en/corn","/c/en/corncob"],"weight":0.20571999999999974,"degrees":[95,725,1203,97]},"num_concepts_raised":29582},{"base_id":61,"kind":"bot_words","i1":7,"i2":9,"sol":{"path":["/c/en/mileage","/c/en/mile","/c/en/other","/c/en/alias","/c/en/aka"],"weight":0.20627999999999957,"degrees":[95,530,970,227,64]},"num_concepts_raised":16524},{"base_id":61,"kind":"bot_words","i1":8,"i2":9,"sol":{"path":["/c/en/corncob","/c/en/corn","/c/fr/cor","/c/fr/nom","/c/en/aka"],"weight":0.20527999999999974,"degrees":[97,1203,120,1322,64]},"num_concepts_raised":20322}],[{"base_id":61,"kind":"top_words","i1":0,"i2":1,"sol":{"path":["/c/en/edm","/c/en/music","/c/en/large","/c/en/prodigious"],"weight":0.20458999999999983,"degrees":[26,8822,1592,89]},"num_concepts_raised":31453},{"base_id":61,"kind":"top_words","i1":0,"i2":2,"sol":{"path":["/c/en/edm","/c/en/dance","/c/en/trip","/c/en/tripping"],"weight":0.2040199999999998,"degrees":[26,2473,889,46]},"num_concepts_raised":52909},{"base_id":61,"kind":"top_words","i1":0,"i2":3,"sol":{"path":["/c/en/edm","/c/en/motion","/c/en/drive","/c/fr/incitation","/c/en/instigation"],"weight":0.20433999999999988,"degrees":[26,1045,2162,123,62]},"num_concepts_raised":28999},{"base_id":61,"kind":"top_words","i1":0,"i2":4,"sol":{"path":["/c/en/edm","/c/en/engineering","/c/en/substance","/c/en/metabolize"],"weight":0.2029599999999998,"degrees":[26,1177,1169,60]},"num_concepts_raised":33199},{"base_id":61,"kind":"top_words","i1":0,"i2":5,"sol":{"path":["/c/en/edm","/c/en/dance","/c/th/ดิ้น","/c/en/unfixed"],"weight":0.2027899999999999,"degrees":[26,2473,37,33]},"num_concepts_raised":29316},{"base_id":61,"kind":"top_words","i1":0,"i2":6,"sol":{"path":["/c/en/edm","/c/en/day","/c/en/earth","/c/en/pangaea"],"weight":0.20988999999999997,"degrees":[26,2168,2336,161]},"num_concepts_raised":35765},{"base_id":61,"kind":"top_words","i1":0,"i2":7,"sol":{"path":["/c/en/edm","/c/en/motion","/c/en/physics","/c/en/plasmon"],"weight":0.20302999999999993,"degrees":[26,1045,9094,34]},"num_concepts_raised":46700},{"base_id":61,"kind":"top_words","i1":0,"i2":8,"sol":{"path":["/c/en/edm","/c/en/music","/c/en/c"],"weight":0.20700000000000002,"degrees":[26,8822,511]},"num_concepts_raised":391},{"base_id":61,"kind":"top_words","i1":0,"i2":9,"sol":{"path":["/c/en/edm","/c/en/music","/c/en/instrument","/c/en/resp"],"weight":0.20273999999999986,"degrees":[26,8822,1542,30]},"num_concepts_raised":40842},{"base_id":61,"kind":"top_words","i1":1,"i2":2,"sol":{"path":["/c/en/prodigious","/c/en/large","/c/en/slang","/c/en/tripping"],"weight":0.20478999999999978,"degrees":[89,1592,16318,46]},"num_concepts_raised":30626},{"base_id":61,"kind":"top_words","i1":1,"i2":3,"sol":{"path":["/c/en/prodigious","/c/fr/prodigieux","/c/fr/quelque_chose","/c/fr/instigation","/c/en/instigation"],"weight":0.20613999999999988,"degrees":[89,80,1105,39,62]},"num_concepts_raised":5755},{"base_id":61,"kind":"top_words","i1":1,"i2":4,"sol":{"path":["/c/en/prodigious","/c/en/prodigal","/c/en/yield","/c/en/produce","/c/en/metabolize"],"weight":0.20492999999999978,"degrees":[89,142,960,1319,60]},"num_concepts_raised":10086},{"base_id":61,"kind":"top_words","i1":1,"i2":5,"sol":{"path":["/c/en/prodigious","/c/en/large","/c/th/ดารา","/c/en/fixed","/c/en/unfixed"],"weight":0.2056799999999999,"degrees":[89,1592,41,517,33]},"num_concepts_raised":6091},{"base_id":61,"kind":"top_words","i1":1,"i2":6,"sol":{"path":["/c/en/prodigious","/c/en/large","/c/en/continent","/c/en/pangaea"],"weight":0.21190999999999993,"degrees":[89,1592,774,161]},"num_concepts_raised":12605},{"base_id":61,"kind":"top_words","i1":1,"i2":7,"sol":{"path":["/c/en/prodigious","/c/en/quantity","/c/en/quantum","/c/en/plasmon"],"weight":0.20368999999999993,"degrees":[89,807,368,34]},"num_concepts_raised":24102},{"base_id":61,"kind":"top_words","i1":1,"i2":8,"sol":{"path":["/c/en/prodigious","/c/en/large","/c/en/music","/c/en/c"],"weight":0.22290999999999975,"degrees":[89,1592,8822,511]},"num_concepts_raised":80696},{"base_id":61,"kind":"top_words","i1":1,"i2":9,"sol":{"path":["/c/en/prodigious","/c/fr/énorme","/c/en/monolithic","/c/en/program","/c/en/resp"],"weight":0.20584999999999987,"degrees":[89,241,73,1115,30]},"num_concepts_raised":18470},{"base_id":61,"kind":"top_words","i1":2,"i2":3,"sol":{"path":["/c/en/tripping","/c/en/trip","/c/en/drive","/c/fr/incitation","/c/en/instigation"],"weight":0.20559999999999984,"degrees":[46,889,2162,123,62]},"num_concepts_raised":28231},{"base_id":61,"kind":"top_words","i1":2,"i2":4,"sol":{"path":["/c/en/tripping","/c/en/slip","/c/en/cause","/c/en/metabolize"],"weight":0.20325999999999972,"degrees":[46,1135,1753,60]},"num_concepts_raised":32407},{"base_id":61,"kind":"top_words","i1":2,"i2":5,"sol":{"path":["/c/en/tripping","/c/en/right","/c/en/fix","/c/en/unfixed"],"weight":0.20303999999999983,"degrees":[46,2319,981,33]},"num_concepts_raised":28532},{"base_id":61,"kind":"top_words","i1":2,"i2":6,"sol":{"path":["/c/en/tripping","/c/en/slang","/c/en/pan","/c/en/pangaea"],"weight":0.2100399999999999,"degrees":[46,16318,880,161]},"num_concepts_raised":35033},{"base_id":61,"kind":"top_words","i1":2,"i2":7,"sol":{"path":["/c/en/tripping","/c/en/fall","/c/en/wave","/c/en/plasmon"],"weight":0.2031499999999999,"degrees":[46,2357,1749,34]},"num_concepts_raised":46366},{"base_id":61,"kind":"top_words","i1":2,"i2":8,"sol":{"path":["/c/en/tripping","/c/en/slang","/c/en/c"],"weight":0.20600000000000002,"degrees":[46,16318,511]},"num_concepts_raised":410},{"base_id":61,"kind":"top_words","i1":2,"i2":9,"sol":{"path":["/c/en/tripping","/c/en/playing_basketball","/c/en/education","/c/en/resp"],"weight":0.2028899999999998,"degrees":[46,308,1899,30]},"num_concepts_raised":40483},{"base_id":61,"kind":"top_words","i1":3,"i2":4,"sol":{"path":["/c/en/instigation","/c/en/fomentation","/c/en/substance","/c/en/metabolize"],"weight":0.2045699999999998,"degrees":[62,85,1169,60]},"num_concepts_raised":7545},{"base_id":61,"kind":"top_words","i1":3,"i2":5,"sol":{"path":["/c/en/instigation","/c/en/instigate","/c/en/move","/c/en/fix","/c/en/unfixed"],"weight":0.20440999999999993,"degrees":[62,182,2810,981,33]},"num_concepts_raised":3545},{"base_id":61,"kind":"top_words","i1":3,"i2":6,"sol":{"path":["/c/en/instigation","/c/en/fomentation","/c/en/substance","/c/en/earth","/c/en/pangaea"],"weight":0.21145999999999998,"degrees":[62,85,1169,2336,161]},"num_concepts_raised":10127},{"base_id":61,"kind":"top_words","i1":3,"i2":7,"sol":{"path":["/c/en/instigation","/c/en/impulse","/c/en/physics","/c/en/plasmon"],"weight":0.20347999999999997,"degrees":[62,323,9094,34]},"num_concepts_raised":21679},{"base_id":61,"kind":"top_words","i1":3,"i2":8,"sol":{"path":["/c/en/instigation","/c/en/abetment","/c/en/law","/c/en/c"],"weight":0.2189599999999998,"degrees":[62,46,3727,511]},"num_concepts_raised":78455},{"base_id":61,"kind":"top_words","i1":3,"i2":9,"sol":{"path":["/c/en/instigation","/c/en/challenge","/c/en/canada","/c/en/resp"],"weight":0.20313999999999988,"degrees":[62,615,2402,30]},"num_concepts_raised":15986},{"base_id":61,"kind":"top_words","i1":4,"i2":5,"sol":{"path":["/c/en/metabolize","/c/en/catabolize","/c/en/chemistry","/c/en/fix","/c/en/unfixed"],"weight":0.20421999999999985,"degrees":[60,26,11754,981,33]},"num_concepts_raised":7887},{"base_id":61,"kind":"top_words","i1":4,"i2":6,"sol":{"path":["/c/en/metabolize","/c/en/substance","/c/en/earth","/c/en/pangaea"],"weight":0.2101999999999999,"degrees":[60,1169,2336,161]},"num_concepts_raised":14465},{"base_id":61,"kind":"top_words","i1":4,"i2":7,"sol":{"path":["/c/en/metabolize","/c/en/metabolism","/c/en/organism","/c/en/plasmon"],"weight":0.20325999999999989,"degrees":[60,427,1338,34]},"num_concepts_raised":25797},{"base_id":61,"kind":"top_words","i1":4,"i2":8,"sol":{"path":["/c/en/metabolize","/c/en/docosahexaenoic_acid","/c/en/carbon","/c/en/c"],"weight":0.2208899999999997,"degrees":[60,66,1510,511]},"num_concepts_raised":82421},{"base_id":61,"kind":"top_words","i1":4,"i2":9,"sol":{"path":["/c/en/metabolize","/c/en/liver","/c/en/person","/c/en/government","/c/en/resp"],"weight":0.2031599999999998,"degrees":[60,938,12935,2046,30]},"num_concepts_raised":20236},{"base_id":61,"kind":"top_words","i1":5,"i2":6,"sol":{"path":["/c/en/unfixed","/c/en/fixed","/c/en/star_trail","/c/en/earth","/c/en/pangaea"],"weight":0.21102,"degrees":[33,517,18,2336,161]},"num_concepts_raised":10467},{"base_id":61,"kind":"top_words","i1":5,"i2":7,"sol":{"path":["/c/en/unfixed","/c/en/floating","/c/en/linguistics","/c/en/phonon","/c/en/plasmon"],"weight":0.20500999999999997,"degrees":[33,182,4250,118,34]},"num_concepts_raised":22034},{"base_id":61,"kind":"top_words","i1":5,"i2":8,"sol":{"path":["/c/en/unfixed","/c/en/fixed","/c/en/legal","/c/en/c"],"weight":0.2195999999999998,"degrees":[33,517,6627,511]},"num_concepts_raised":78738},{"base_id":61,"kind":"top_words","i1":5,"i2":9,"sol":{"path":["/c/en/unfixed","/c/en/fixed","/c/en/establishment","/c/en/government","/c/en/resp"],"weight":0.20389999999999991,"degrees":[33,517,457,2046,30]},"num_concepts_raised":16314},{"base_id":61,"kind":"top_words","i1":6,"i2":7,"sol":{"path":["/c/en/pangaea","/c/en/earth","/c/en/material","/c/en/plasmon"],"weight":0.21001000000000003,"degrees":[161,2336,1522,34]},"num_concepts_raised":28289},{"base_id":61,"kind":"top_words","i1":6,"i2":8,"sol":{"path":["/c/en/pangaea","/c/en/ur","/c/en/text_messaging","/c/en/c"],"weight":0.22767999999999988,"degrees":[161,61,204,511]},"num_concepts_raised":85048},{"base_id":61,"kind":"top_words","i1":6,"i2":9,"sol":{"path":["/c/en/pangaea","/c/en/pan","/c/en/instrument","/c/en/resp"],"weight":0.20981,"degrees":[161,880,1542,30]},"num_concepts_raised":22836},{"base_id":61,"kind":"top_words","i1":7,"i2":8,"sol":{"path":["/c/en/plasmon","/c/en/physics","/c/en/b","/c/en/c"],"weight":0.22306999999999982,"degrees":[34,9094,225,511]},"num_concepts_raised":95845},{"base_id":61,"kind":"top_words","i1":7,"i2":9,"sol":{"path":["/c/en/plasmon","/c/en/physics","/c/en/potential","/c/en/resp"],"weight":0.20296999999999996,"degrees":[34,9094,439,30]},"num_concepts_raised":34195},{"base_id":61,"kind":"top_words","i1":8,"i2":9,"sol":{"path":["/c/en/c","/c/en/music","/c/en/instrument","/c/en/resp"],"weight":0.22105999999999976,"degrees":[511,8822,1542,30]},"num_concepts_raised":89417}]]