[[{"base_id":264,"kind":"bot_words","i1":0,"i2":1,"sol":{"path":["/c/en/grosbeak","/c/en/bill","/c/en/short","/c/en/shirt","/c/en/undershirt"],"weight":0.2055699999999997,"degrees":[31,1413,1446,716,85]},"num_concepts_raised":10733},{"base_id":264,"kind":"bot_words","i1":0,"i2":2,"sol":{"path":["/c/en/grosbeak","/c/en/bill","/c/en/animal","/c/en/soul"],"weight":0.2211799999999995,"degrees":[31,1413,3735,1006]},"num_concepts_raised":65716},{"base_id":264,"kind":"bot_words","i1":0,"i2":3,"sol":{"path":["/c/en/grosbeak","/c/fr/bec","/c/en/anatomy","/c/en/foramen"],"weight":0.20308999999999983,"degrees":[31,397,12775,51]},"num_concepts_raised":22539},{"base_id":264,"kind":"bot_words","i1":0,"i2":4,"sol":{"path":["/c/en/grosbeak","/c/en/cardinal","/c/en/million","/c/en/city","/c/en/bellary"],"weight":0.2078699999999998,"degrees":[31,5720,375,3758,35]},"num_concepts_raised":11217},{"base_id":264,"kind":"bot_words","i1":0,"i2":5,"sol":{"path":["/c/en/grosbeak","/c/en/bill","/c/en/debt","/c/en/creditor"],"weight":0.20535999999999988,"degrees":[31,1413,785,201]},"num_concepts_raised":27288},{"base_id":264,"kind":"bot_words","i1":0,"i2":6,"sol":{"path":["/c/en/grosbeak","/c/en/cardinal","/c/en/one","/c/en/english_language","/c/en/atakapa"],"weight":0.20787999999999984,"degrees":[31,5720,2499,579,31]},"num_concepts_raised":17056},{"base_id":264,"kind":"bot_words","i1":0,"i2":7,"sol":{"path":["/c/en/grosbeak","/c/fr/bec","/c/fr/brûler","/c/en/burn","/c/en/burning"],"weight":0.2125299999999986,"degrees":[31,397,479,1773,427]},"num_concepts_raised":36816},{"base_id":264,"kind":"bot_words","i1":0,"i2":8,"sol":{"path":["/c/en/grosbeak","/c/fr/gros","/c/es/azo","/c/en/greatness"],"weight":0.20414999999999958,"degrees":[31,738,42,157]},"num_concepts_raised":16428},{"base_id":264,"kind":"bot_words","i1":0,"i2":9,"sol":{"path":["/c/en/grosbeak","/c/en/bill","/c/fr/placard","/c/fr/ordinairement","/c/en/broadly"],"weight":0.20428999999999975,"degrees":[31,1413,134,362,70]},"num_concepts_raised":12499},{"base_id":264,"kind":"bot_words","i1":1,"i2":2,"sol":{"path":["/c/en/undershirt","/c/en/shirt","/c/en/body","/c/en/soul"],"weight":0.22627999999999932,"degrees":[85,716,3170,1006]},"num_concepts_raised":60375},{"base_id":264,"kind":"bot_words","i1":1,"i2":3,"sol":{"path":["/c/en/undershirt","/c/en/shirt","/c/en/body","/c/en/meatus","/c/en/foramen"],"weight":0.2068099999999996,"degrees":[85,716,3170,53,51]},"num_concepts_raised":17169},{"base_id":264,"kind":"bot_words","i1":1,"i2":4,"sol":{"path":["/c/en/undershirt","/c/en/singlet","/c/en/uk","/c/en/city","/c/en/bellary"],"weight":0.20967999999999964,"degrees":[85,134,5562,3758,35]},"num_concepts_raised":5841},{"base_id":264,"kind":"bot_words","i1":1,"i2":5,"sol":{"path":["/c/en/undershirt","/c/en/shirt","/c/en/jersey","/c/nrf/créditeu","/c/en/creditor"],"weight":0.2090699999999997,"degrees":[85,716,6919,6,201]},"num_concepts_raised":21977},{"base_id":264,"kind":"bot_words","i1":1,"i2":6,"sol":{"path":["/c/en/undershirt","/c/en/shirt","/c/en/jersey","/c/en/english_language","/c/en/atakapa"],"weight":0.21068999999999966,"degrees":[85,716,6919,579,31]},"num_concepts_raised":11667},{"base_id":264,"kind":"bot_words","i1":1,"i2":7,"sol":{"path":["/c/en/undershirt","/c/en/singlet","/c/en/uk","/c/en/burn","/c/en/burning"],"weight":0.21417999999999843,"degrees":[85,134,5562,1773,427]},"num_concepts_raised":31445},{"base_id":264,"kind":"bot_words","i1":1,"i2":8,"sol":{"path":["/c/en/undershirt","/c/en/shirt","/c/en/size","/c/fi/suuruus","/c/en/greatness"],"weight":0.2095399999999994,"degrees":[85,716,1119,21,157]},"num_concepts_raised":11103},{"base_id":264,"kind":"bot_words","i1":1,"i2":9,"sol":{"path":["/c/en/undershirt","/c/en/shirt","/c/en/dress","/c/en/generally","/c/en/broadly"],"weight":0.20614999999999956,"degrees":[85,716,1674,316,70]},"num_concepts_raised":7150},{"base_id":264,"kind":"bot_words","i1":2,"i2":3,"sol":{"path":["/c/en/soul","/c/en/body","/c/en/meatus","/c/en/foramen"],"weight":0.2247099999999994,"degrees":[1006,3170,53,51]},"num_concepts_raised":71621},{"base_id":264,"kind":"bot_words","i1":2,"i2":4,"sol":{"path":["/c/en/soul","/c/en/human","/c/en/city","/c/en/bellary"],"weight":0.22626999999999942,"degrees":[1006,2645,3758,35]},"num_concepts_raised":60866},{"base_id":264,"kind":"bot_words","i1":2,"i2":5,"sol":{"path":["/c/en/soul","/c/en/person","/c/en/creditor"],"weight":0.20500000000000002,"degrees":[1006,12935,201]},"num_concepts_raised":871},{"base_id":264,"kind":"bot_words","i1":2,"i2":6,"sol":{"path":["/c/en/soul","/c/en/life","/c/en/people","/c/en/atakapa"],"weight":0.22912999999999945,"degrees":[1006,2241,4475,31]},"num_concepts_raised":65819},{"base_id":264,"kind":"bot_words","i1":2,"i2":7,"sol":{"path":["/c/en/soul","/c/en/person","/c/en/burn","/c/en/burning"],"weight":0.23333999999999822,"degrees":[1006,12935,1773,427]},"num_concepts_raised":84770},{"base_id":264,"kind":"bot_words","i1":2,"i2":8,"sol":{"path":["/c/en/soul","/c/en/magnanimity","/c/en/greatness"],"weight":0.20400000000000001,"degrees":[1006,95,157]},"num_concepts_raised":867},{"base_id":264,"kind":"bot_words","i1":2,"i2":9,"sol":{"path":["/c/en/soul","/c/en/music","/c/en/beam","/c/en/broadly"],"weight":0.22150999999999937,"degrees":[1006,8822,1036,70]},"num_concepts_raised":62088},{"base_id":264,"kind":"bot_words","i1":3,"i2":4,"sol":{"path":["/c/en/foramen","/c/en/passage","/c/en/city","/c/en/bellary"],"weight":0.20802999999999972,"degrees":[51,842,3758,35]},"num_concepts_raised":17651},{"base_id":264,"kind":"bot_words","i1":3,"i2":5,"sol":{"path":["/c/en/foramen","/c/en/meatus","/c/en/body","/c/en/person","/c/en/creditor"],"weight":0.2064799999999998,"degrees":[51,53,3170,12935,201]},"num_concepts_raised":33749},{"base_id":264,"kind":"bot_words","i1":3,"i2":6,"sol":{"path":["/c/en/foramen","/c/en/passage","/c/en/language","/c/en/atakapa"],"weight":0.20801999999999976,"degrees":[51,842,4160,31]},"num_concepts_raised":23438},{"base_id":264,"kind":"bot_words","i1":3,"i2":7,"sol":{"path":["/c/en/foramen","/c/en/opening","/c/en/event","/c/en/burning"],"weight":0.2074299999999986,"degrees":[51,983,1724,427]},"num_concepts_raised":43188},{"base_id":264,"kind":"bot_words","i1":3,"i2":8,"sol":{"path":["/c/en/foramen","/c/en/opening","/c/fr/ouverture","/c/fr/grandeur","/c/en/greatness"],"weight":0.2057099999999995,"degrees":[51,983,481,311,157]},"num_concepts_raised":22911},{"base_id":264,"kind":"bot_words","i1":3,"i2":9,"sol":{"path":["/c/en/foramen","/c/en/anatomy","/c/fr/bassin","/c/fr/ordinairement","/c/en/broadly"],"weight":0.20465999999999968,"degrees":[51,12775,354,362,70]},"num_concepts_raised":18959},{"base_id":264,"kind":"bot_words","i1":4,"i2":5,"sol":{"path":["/c/en/bellary","/c/en/city","/c/en/english_language","/c/ca/anglès","/c/en/creditor"],"weight":0.21124999999999983,"degrees":[35,3758,579,31,201]},"num_concepts_raised":22457},{"base_id":264,"kind":"bot_words","i1":4,"i2":6,"sol":{"path":["/c/en/bellary","/c/en/city","/c/en/people","/c/en/atakapa"],"weight":0.21289999999999976,"degrees":[35,3758,4475,31]},"num_concepts_raised":12098},{"base_id":264,"kind":"bot_words","i1":4,"i2":7,"sol":{"path":["/c/en/bellary","/c/en/city","/c/en/water","/c/en/burn","/c/en/burning"],"weight":0.21751999999999855,"degrees":[35,3758,4606,1773,427]},"num_concepts_raised":31947},{"base_id":264,"kind":"bot_words","i1":4,"i2":8,"sol":{"path":["/c/en/bellary","/c/en/city","/c/en/high","/c/fr/grandeur","/c/en/greatness"],"weight":0.21047999999999953,"degrees":[35,3758,1658,311,157]},"num_concepts_raised":11580},{"base_id":264,"kind":"bot_words","i1":4,"i2":9,"sol":{"path":["/c/en/bellary","/c/en/city","/c/en/side","/c/en/widely","/c/en/broadly"],"weight":0.2085299999999997,"degrees":[35,3758,1912,153,70]},"num_concepts_raised":7632},{"base_id":264,"kind":"bot_words","i1":5,"i2":6,"sol":{"path":["/c/en/creditor","/c/ca/anglès","/c/en/english_language","/c/en/atakapa"],"weight":0.21123999999999982,"degrees":[201,31,579,31]},"num_concepts_raised":27800},{"base_id":264,"kind":"bot_words","i1":5,"i2":7,"sol":{"path":["/c/en/creditor","/c/en/person","/c/en/burn","/c/en/burning"],"weight":0.2148299999999986,"degrees":[201,12935,1773,427]},"num_concepts_raised":47583},{"base_id":264,"kind":"bot_words","i1":5,"i2":8,"sol":{"path":["/c/en/creditor","/c/en/finance","/c/syc/ܐܝܩܪܐ","/c/en/greatness"],"weight":0.20688999999999957,"degrees":[201,2051,31,157]},"num_concepts_raised":27470},{"base_id":264,"kind":"bot_words","i1":5,"i2":9,"sol":{"path":["/c/en/creditor","/c/en/noteholder","/c/en/note","/c/en/beam","/c/en/broadly"],"weight":0.20664999999999972,"degrees":[201,12,1578,1036,70]},"num_concepts_raised":23754},{"base_id":264,"kind":"bot_words","i1":6,"i2":7,"sol":{"path":["/c/en/atakapa","/c/en/english_language","/c/en/fire","/c/en/burning"],"weight":0.2152999999999986,"degrees":[31,579,2829,427]},"num_concepts_raised":37552},{"base_id":264,"kind":"bot_words","i1":6,"i2":8,"sol":{"path":["/c/en/atakapa","/c/en/english_language","/c/en/fall","/c/en/greatness"],"weight":0.20929999999999954,"degrees":[31,579,2357,157]},"num_concepts_raised":17341},{"base_id":264,"kind":"bot_words","i1":6,"i2":9,"sol":{"path":["/c/en/atakapa","/c/en/people","/c/en/popular","/c/en/widely","/c/en/broadly"],"weight":0.2085199999999997,"degrees":[31,4475,820,153,70]},"num_concepts_raised":13469},{"base_id":264,"kind":"bot_words","i1":7,"i2":8,"sol":{"path":["/c/en/burning","/c/en/important","/c/en/great","/c/en/greatness"],"weight":0.20971999999999835,"degrees":[427,912,1453,157]},"num_concepts_raised":36794},{"base_id":264,"kind":"bot_words","i1":7,"i2":9,"sol":{"path":["/c/en/burning","/c/fr/ardent","/c/fr/ordinairement","/c/en/broadly"],"weight":0.2097499999999985,"degrees":[427,192,362,70]},"num_concepts_raised":33210},{"base_id":264,"kind":"bot_words","i1":8,"i2":9,"sol":{"path":["/c/en/greatness","/c/fr/grandeur","/c/fr/grand","/c/fr/largement","/c/en/broadly"],"weight":0.20696999999999946,"degrees":[157,311,1219,97,70]},"num_concepts_raised":12839}],[{"base_id":264,"kind":"top_words","i1":0,"i2":1,"sol":{"path":["/c/en/gdp","/c/fr/économie","/c/fr/brut","/c/en/gross"],"weight":0.20869999999999903,"degrees":[25,1429,208,372]},"num_concepts_raised":60572},{"base_id":264,"kind":"top_words","i1":0,"i2":2,"sol":{"path":["/c/en/gdp","/c/en/depression","/c/en/us","/c/en/trillion"],"weight":0.20474999999999993,"degrees":[25,839,8154,162]},"num_concepts_raised":45630},{"base_id":264,"kind":"top_words","i1":0,"i2":3,"sol":{"path":["/c/en/gdp","/c/en/economics","/c/pt/taxa","/c/en/percentage","/c/en/percent"],"weight":0.2090599999999999,"degrees":[25,1720,29,245,281]},"num_concepts_raised":21047},{"base_id":264,"kind":"top_words","i1":0,"i2":4,"sol":{"path":["/c/en/gdp","/c/fr/économie","/c/en/share","/c/en/percentage"],"weight":0.2057299999999995,"degrees":[25,1429,1177,245]},"num_concepts_raised":20057},{"base_id":264,"kind":"top_words","i1":0,"i2":5,"sol":{"path":["/c/en/gdp","/c/fr/économie","/c/fr/maison","/c/en/householder"],"weight":0.20311999999999983,"degrees":[25,1429,1053,56]},"num_concepts_raised":17220},{"base_id":264,"kind":"top_words","i1":0,"i2":6,"sol":{"path":["/c/en/gdp","/c/en/gnp"],"weight":0.20400000000000001,"degrees":[25,24]},"num_concepts_raised":35},{"base_id":264,"kind":"top_words","i1":0,"i2":7,"sol":{"path":["/c/en/gdp","/c/en/depression","/c/en/bulldog_gravy","/c/en/foodstuff"],"weight":0.20460999999999963,"degrees":[25,839,5,195]},"num_concepts_raised":29212},{"base_id":264,"kind":"top_words","i1":0,"i2":8,"sol":{"path":["/c/en/gdp","/c/en/gross_domestic_product","/c/en/production","/c/en/minus"],"weight":0.21223999999999973,"degrees":[25,175,852,196]},"num_concepts_raised":54777},{"base_id":264,"kind":"top_words","i1":0,"i2":9,"sol":{"path":["/c/en/gdp","/c/en/economics","/c/en/business","/c/en/contract","/c/en/revised"],"weight":0.2028799999999999,"degrees":[25,1720,2538,1244,31]},"num_concepts_raised":8796},{"base_id":264,"kind":"top_words","i1":1,"i2":2,"sol":{"path":["/c/en/gross","/c/en/slang","/c/en/trillion"],"weight":0.202,"degrees":[372,16318,162]},"num_concepts_raised":446},{"base_id":264,"kind":"top_words","i1":1,"i2":3,"sol":{"path":["/c/en/gross","/c/en/amount","/c/en/percentage","/c/en/percent"],"weight":0.212819999999999,"degrees":[372,1036,245,281]},"num_concepts_raised":65619},{"base_id":264,"kind":"top_words","i1":1,"i2":4,"sol":{"path":["/c/en/gross","/c/en/amount","/c/en/percentage"],"weight":0.202,"degrees":[372,1036,245]},"num_concepts_raised":527},{"base_id":264,"kind":"top_words","i1":1,"i2":5,"sol":{"path":["/c/en/gross","/c/en/large","/c/en/house","/c/en/householder"],"weight":0.20818999999999893,"degrees":[372,1592,3114,56]},"num_concepts_raised":62430},{"base_id":264,"kind":"top_words","i1":1,"i2":6,"sol":{"path":["/c/en/gross","/c/fr/brut","/c/fr/économie","/c/en/gnp"],"weight":0.20867999999999903,"degrees":[372,208,1429,24]},"num_concepts_raised":56121},{"base_id":264,"kind":"top_words","i1":1,"i2":7,"sol":{"path":["/c/en/gross","/c/en/grocery","/c/en/foodstuff"],"weight":0.203,"degrees":[372,145,195]},"num_concepts_raised":484},{"base_id":264,"kind":"top_words","i1":1,"i2":8,"sol":{"path":["/c/en/gross","/c/en/profit","/c/en/minus"],"weight":0.20400000000000001,"degrees":[372,1179,196]},"num_concepts_raised":475},{"base_id":264,"kind":"top_words","i1":1,"i2":9,"sol":{"path":["/c/en/gross","/c/ms/memperoleh","/c/en/contract","/c/en/revised"],"weight":0.206489999999999,"degrees":[372,55,1244,31]},"num_concepts_raised":54713},{"base_id":264,"kind":"top_words","i1":2,"i2":3,"sol":{"path":["/c/en/trillion","/c/en/cardinal","/c/en/number","/c/en/percent"],"weight":0.20984999999999987,"degrees":[162,5720,2301,281]},"num_concepts_raised":51092},{"base_id":264,"kind":"top_words","i1":2,"i2":4,"sol":{"path":["/c/en/trillion","/c/en/cardinal","/c/en/number","/c/en/percentage"],"weight":0.2090799999999995,"degrees":[162,5720,2301,245]},"num_concepts_raised":50329},{"base_id":264,"kind":"top_words","i1":2,"i2":5,"sol":{"path":["/c/en/trillion","/c/en/us","/c/en/house","/c/en/householder"],"weight":0.2062899999999998,"degrees":[162,8154,3114,56]},"num_concepts_raised":47597},{"base_id":264,"kind":"top_words","i1":2,"i2":6,"sol":{"path":["/c/en/trillion","/c/en/united_states","/c/en/nation","/c/en/gross_national_product","/c/en/gnp"],"weight":0.20692999999999995,"degrees":[162,1636,1106,138,24]},"num_concepts_raised":41109},{"base_id":264,"kind":"top_words","i1":2,"i2":7,"sol":{"path":["/c/en/trillion","/c/en/us","/c/en/flour","/c/en/foodstuff"],"weight":0.20783999999999964,"degrees":[162,8154,793,195]},"num_concepts_raised":58941},{"base_id":264,"kind":"top_words","i1":2,"i2":8,"sol":{"path":["/c/en/trillion","/c/fr/mathématiques","/c/en/minus"],"weight":0.20400000000000001,"degrees":[162,2720,196]},"num_concepts_raised":266},{"base_id":264,"kind":"top_words","i1":2,"i2":9,"sol":{"path":["/c/en/trillion","/c/ja/兆","/c/en/sign","/c/en/contract","/c/en/revised"],"weight":0.2069599999999999,"degrees":[162,42,2004,1244,31]},"num_concepts_raised":39648},{"base_id":264,"kind":"top_words","i1":3,"i2":4,"sol":{"path":["/c/en/percent","/c/en/percentage"],"weight":0.20700000000000002,"degrees":[281,245]},"num_concepts_raised":378},{"base_id":264,"kind":"top_words","i1":3,"i2":5,"sol":{"path":["/c/en/percent","/c/en/hundred","/c/en/household","/c/en/householder"],"weight":0.2077399999999998,"degrees":[281,814,580,56]},"num_concepts_raised":23241},{"base_id":264,"kind":"top_words","i1":3,"i2":6,"sol":{"path":["/c/en/percent","/c/en/percentage","/c/en/share","/c/fr/économie","/c/en/gnp"],"weight":0.20901999999999993,"degrees":[281,245,1177,1429,24]},"num_concepts_raised":16503},{"base_id":264,"kind":"top_words","i1":3,"i2":7,"sol":{"path":["/c/en/percent","/c/en/milk","/c/en/foodstuff"],"weight":0.202,"degrees":[281,1939,195]},"num_concepts_raised":376},{"base_id":264,"kind":"top_words","i1":3,"i2":8,"sol":{"path":["/c/en/percent","/c/eo/procento","/c/en/mathematics","/c/en/minus"],"weight":0.21948999999999969,"degrees":[281,18,7601,196]},"num_concepts_raised":59785},{"base_id":264,"kind":"top_words","i1":3,"i2":9,"sol":{"path":["/c/en/percent","/c/en/together","/c/en/contract","/c/en/revised"],"weight":0.20628999999999986,"degrees":[281,1298,1244,31]},"num_concepts_raised":15047},{"base_id":264,"kind":"top_words","i1":4,"i2":5,"sol":{"path":["/c/en/percentage","/c/en/percent","/c/en/hundred","/c/en/household","/c/en/householder"],"weight":0.2105999999999994,"degrees":[245,281,814,580,56]},"num_concepts_raised":22394},{"base_id":264,"kind":"top_words","i1":4,"i2":6,"sol":{"path":["/c/en/percentage","/c/en/share","/c/fr/économie","/c/en/gnp"],"weight":0.20570999999999953,"degrees":[245,1177,1429,24]},"num_concepts_raised":15515},{"base_id":264,"kind":"top_words","i1":4,"i2":7,"sol":{"path":["/c/en/percentage","/c/en/percent","/c/en/milk","/c/en/foodstuff"],"weight":0.2112099999999992,"degrees":[245,281,1939,195]},"num_concepts_raised":34249},{"base_id":264,"kind":"top_words","i1":4,"i2":8,"sol":{"path":["/c/en/percentage","/c/en/advantage","/c/en/minus"],"weight":0.20400000000000001,"degrees":[245,736,196]},"num_concepts_raised":346},{"base_id":264,"kind":"top_words","i1":4,"i2":9,"sol":{"path":["/c/en/percentage","/c/en/percent","/c/en/together","/c/en/contract","/c/en/revised"],"weight":0.20915999999999946,"degrees":[245,281,1298,1244,31]},"num_concepts_raised":14112},{"base_id":264,"kind":"top_words","i1":5,"i2":6,"sol":{"path":["/c/en/householder","/c/fr/maison","/c/fr/économie","/c/en/gnp"],"weight":0.20309999999999986,"degrees":[56,1053,1429,24]},"num_concepts_raised":12657},{"base_id":264,"kind":"top_words","i1":5,"i2":7,"sol":{"path":["/c/en/householder","/c/en/house","/c/en/food","/c/en/foodstuff"],"weight":0.20953999999999953,"degrees":[56,3114,4281,195]},"num_concepts_raised":31310},{"base_id":264,"kind":"top_words","i1":5,"i2":8,"sol":{"path":["/c/en/householder","/c/en/house","/c/en/man","/c/en/minus"],"weight":0.21168999999999966,"degrees":[56,3114,3068,196]},"num_concepts_raised":56523},{"base_id":264,"kind":"top_words","i1":5,"i2":9,"sol":{"path":["/c/en/householder","/c/en/house","/c/en/study","/c/en/revise","/c/en/revised"],"weight":0.20524999999999982,"degrees":[56,3114,1753,257,31]},"num_concepts_raised":11183},{"base_id":264,"kind":"top_words","i1":6,"i2":7,"sol":{"path":["/c/en/gnp","/c/en/gross_national_product","/c/en/market","/c/en/food","/c/en/foodstuff"],"weight":0.20916999999999966,"degrees":[24,138,1406,4281,195]},"num_concepts_raised":24683},{"base_id":264,"kind":"top_words","i1":6,"i2":8,"sol":{"path":["/c/en/gnp","/c/en/economics","/c/en/profit","/c/en/minus"],"weight":0.21016999999999975,"degrees":[24,1720,1179,196]},"num_concepts_raised":50295},{"base_id":264,"kind":"top_words","i1":6,"i2":9,"sol":{"path":["/c/en/gnp","/c/fr/économie","/c/en/shrink","/c/en/contract","/c/en/revised"],"weight":0.20281999999999994,"degrees":[24,1429,465,1244,31]},"num_concepts_raised":4206},{"base_id":264,"kind":"top_words","i1":7,"i2":8,"sol":{"path":["/c/en/foodstuff","/c/en/food","/c/en/board","/c/en/minus"],"weight":0.21552999999999944,"degrees":[195,4281,1625,196]},"num_concepts_raised":68263},{"base_id":264,"kind":"top_words","i1":7,"i2":9,"sol":{"path":["/c/en/foodstuff","/c/en/food","/c/sga/imbed","/c/en/contract","/c/en/revised"],"weight":0.20806999999999962,"degrees":[195,4281,14,1244,31]},"num_concepts_raised":23189},{"base_id":264,"kind":"top_words","i1":8,"i2":9,"sol":{"path":["/c/en/minus","/c/en/plus","/c/en/increase","/c/en/contract","/c/en/revised"],"weight":0.2166199999999997,"degrees":[196,235,1641,1244,31]},"num_concepts_raised":48884}]]