[[{"base_id":757,"kind":"bot_words","i1":0,"i2":1,"sol":{"path":["/c/en/robust","/c/en/strong","/c/en/good","/c/en/praise","/c/en/laud"],"weight":0.2157699999999988,"degrees":[327,1566,2615,1148,241]},"num_concepts_raised":19048},{"base_id":757,"kind":"bot_words","i1":0,"i2":2,"sol":{"path":["/c/en/robust","/c/en/able","/c/en/transmutable","/c/en/transformable"],"weight":0.20658999999999944,"degrees":[327,691,12,38]},"num_concepts_raised":12555},{"base_id":757,"kind":"bot_words","i1":0,"i2":3,"sol":{"path":["/c/en/robust","/c/en/uncertainty","/c/en/diffidence"],"weight":0.202,"degrees":[327,287,65]},"num_concepts_raised":330},{"base_id":757,"kind":"bot_words","i1":0,"i2":4,"sol":{"path":["/c/en/robust","/c/en/able","/c/en/legal","/c/en/conveyancing"],"weight":0.2065799999999995,"degrees":[327,691,6627,26]},"num_concepts_raised":19783},{"base_id":757,"kind":"bot_words","i1":0,"i2":5,"sol":{"path":["/c/en/robust","/c/en/hardy","/c/en/plant","/c/en/tendril"],"weight":0.2154399999999993,"degrees":[327,196,7959,146]},"num_concepts_raised":46433},{"base_id":757,"kind":"bot_words","i1":0,"i2":6,"sol":{"path":["/c/en/robust","/c/en/health","/c/en/human","/c/en/thai"],"weight":0.20861999999999925,"degrees":[327,1110,2645,172]},"num_concepts_raised":30162},{"base_id":757,"kind":"bot_words","i1":0,"i2":7,"sol":{"path":["/c/en/robust","/c/en/strong","/c/en/sense","/c/en/interpretation","/c/en/reinterpretation"],"weight":0.20980999999999944,"degrees":[327,1566,1285,415,28]},"num_concepts_raised":12341},{"base_id":757,"kind":"bot_words","i1":0,"i2":8,"sol":{"path":["/c/en/robust","/c/fr/robuste","/c/en/solid","/c/en/statue"],"weight":0.22397999999999846,"degrees":[327,201,1304,765]},"num_concepts_raised":118807},{"base_id":757,"kind":"bot_words","i1":0,"i2":9,"sol":{"path":["/c/en/robust","/c/en/health","/c/en/state","/c/en/lu"],"weight":0.21626999999999924,"degrees":[327,1110,3243,78]},"num_concepts_raised":32100},{"base_id":757,"kind":"bot_words","i1":1,"i2":2,"sol":{"path":["/c/en/laud","/c/en/praise","/c/en/person","/c/en/convertible","/c/en/transformable"],"weight":0.20964999999999917,"degrees":[241,1148,12935,195,38]},"num_concepts_raised":8091},{"base_id":757,"kind":"bot_words","i1":1,"i2":3,"sol":{"path":["/c/en/laud","/c/en/praise","/c/en/person","/c/en/timid","/c/en/diffidence"],"weight":0.20984999999999904,"degrees":[241,1148,12935,394,65]},"num_concepts_raised":10153},{"base_id":757,"kind":"bot_words","i1":1,"i2":4,"sol":{"path":["/c/en/laud","/c/en/glory","/c/en/deeds","/c/en/conveyancing"],"weight":0.20524999999999927,"degrees":[241,599,24,26]},"num_concepts_raised":15341},{"base_id":757,"kind":"bot_words","i1":1,"i2":5,"sol":{"path":["/c/en/laud","/c/fo/rósa","/c/fr/botanique","/c/en/tendril"],"weight":0.21160999999999908,"degrees":[241,38,7950,146]},"num_concepts_raised":42174},{"base_id":757,"kind":"bot_words","i1":1,"i2":6,"sol":{"path":["/c/en/laud","/c/en/laudator","/c/en/legal","/c/en/thai"],"weight":0.20708999999999902,"degrees":[241,19,6627,172]},"num_concepts_raised":25767},{"base_id":757,"kind":"bot_words","i1":1,"i2":7,"sol":{"path":["/c/en/laud","/c/en/hymn","/c/syc/ܬܘܪܓܡܐ","/c/en/interpretation","/c/en/reinterpretation"],"weight":0.20703999999999925,"degrees":[241,469,18,415,28]},"num_concepts_raised":7877},{"base_id":757,"kind":"bot_words","i1":1,"i2":8,"sol":{"path":["/c/en/laud","/c/en/honor","/c/en/statue"],"weight":0.20400000000000001,"degrees":[241,713,765]},"num_concepts_raised":837},{"base_id":757,"kind":"bot_words","i1":1,"i2":9,"sol":{"path":["/c/en/laud","/c/ca/proclamar","/c/en/state","/c/en/lu"],"weight":0.21475999999999904,"degrees":[241,12,3243,78]},"num_concepts_raised":27693},{"base_id":757,"kind":"bot_words","i1":2,"i2":3,"sol":{"path":["/c/en/transformable","/c/en/transform","/c/en/mathematics","/c/en/uncertainty","/c/en/diffidence"],"weight":0.20427999999999968,"degrees":[38,482,7601,287,65]},"num_concepts_raised":3558},{"base_id":757,"kind":"bot_words","i1":2,"i2":4,"sol":{"path":["/c/en/transformable","/c/en/transform","/c/en/convert","/c/en/legal","/c/en/conveyancing"],"weight":0.2039899999999999,"degrees":[38,482,798,6627,26]},"num_concepts_raised":8848},{"base_id":757,"kind":"bot_words","i1":2,"i2":5,"sol":{"path":["/c/en/transformable","/c/en/transform","/c/en/biology","/c/en/botany","/c/en/tendril"],"weight":0.21065999999999968,"degrees":[38,482,6216,6881,146]},"num_concepts_raised":35651},{"base_id":757,"kind":"bot_words","i1":2,"i2":6,"sol":{"path":["/c/en/transformable","/c/fr/traduisible","/c/fr/langue","/c/fr/thaï","/c/en/thai"],"weight":0.20966999999999963,"degrees":[38,24,2949,189,172]},"num_concepts_raised":19289},{"base_id":757,"kind":"bot_words","i1":2,"i2":7,"sol":{"path":["/c/en/transformable","/c/en/transform","/c/en/physics","/c/en/interpretation","/c/en/reinterpretation"],"weight":0.20479999999999984,"degrees":[38,482,9094,415,28]},"num_concepts_raised":1265},{"base_id":757,"kind":"bot_words","i1":2,"i2":8,"sol":{"path":["/c/en/transformable","/c/en/transform","/c/en/form","/c/en/statue"],"weight":0.21863999999999886,"degrees":[38,482,2423,765]},"num_concepts_raised":109302},{"base_id":757,"kind":"bot_words","i1":2,"i2":9,"sol":{"path":["/c/en/transformable","/c/en/transform","/c/en/nature","/c/en/country","/c/en/lu"],"weight":0.21361999999999964,"degrees":[38,482,1372,2796,78]},"num_concepts_raised":21295},{"base_id":757,"kind":"bot_words","i1":3,"i2":4,"sol":{"path":["/c/en/diffidence","/c/en/confidence","/c/en/trust","/c/en/legal","/c/en/conveyancing"],"weight":0.20320999999999972,"degrees":[65,432,917,6627,26]},"num_concepts_raised":10912},{"base_id":757,"kind":"bot_words","i1":3,"i2":5,"sol":{"path":["/c/en/diffidence","/c/en/confidence","/c/en/self","/c/en/botany","/c/en/tendril"],"weight":0.20984999999999954,"degrees":[65,432,857,6881,146]},"num_concepts_raised":37715},{"base_id":757,"kind":"bot_words","i1":3,"i2":6,"sol":{"path":["/c/en/diffidence","/c/en/timid","/c/en/person","/c/en/siamese","/c/en/thai"],"weight":0.20878999999999948,"degrees":[65,394,12935,98,172]},"num_concepts_raised":21350},{"base_id":757,"kind":"bot_words","i1":3,"i2":7,"sol":{"path":["/c/en/diffidence","/c/en/uncertainty","/c/en/ambiguous","/c/en/interpretation","/c/en/reinterpretation"],"weight":0.2040299999999997,"degrees":[65,287,339,415,28]},"num_concepts_raised":3349},{"base_id":757,"kind":"bot_words","i1":3,"i2":8,"sol":{"path":["/c/en/diffidence","/c/en/timid","/c/en/person","/c/en/statue"],"weight":0.2182099999999987,"degrees":[65,394,12935,765]},"num_concepts_raised":111262},{"base_id":757,"kind":"bot_words","i1":3,"i2":9,"sol":{"path":["/c/en/diffidence","/c/en/timid","/c/en/people","/c/en/country","/c/en/lu"],"weight":0.21287999999999951,"degrees":[65,394,4475,2796,78]},"num_concepts_raised":23367},{"base_id":757,"kind":"bot_words","i1":4,"i2":5,"sol":{"path":["/c/en/conveyancing","/c/zh/轉讓","/c/en/technology","/c/fr/vrille","/c/en/tendril"],"weight":0.21349999999999972,"degrees":[26,8,997,124,146]},"num_concepts_raised":42892},{"base_id":757,"kind":"bot_words","i1":4,"i2":6,"sol":{"path":["/c/en/conveyancing","/c/en/legal","/c/en/thai"],"weight":0.202,"degrees":[26,6627,172]},"num_concepts_raised":158},{"base_id":757,"kind":"bot_words","i1":4,"i2":7,"sol":{"path":["/c/en/conveyancing","/c/en/legal","/c/en/rendition","/c/en/reinterpretation"],"weight":0.2027599999999999,"degrees":[26,6627,126,28]},"num_concepts_raised":8624},{"base_id":757,"kind":"bot_words","i1":4,"i2":8,"sol":{"path":["/c/en/conveyancing","/c/en/legal","/c/en/art","/c/en/statue"],"weight":0.2218799999999989,"degrees":[26,6627,1987,765]},"num_concepts_raised":115302},{"base_id":757,"kind":"bot_words","i1":4,"i2":9,"sol":{"path":["/c/en/conveyancing","/c/en/legal","/c/en/circuit","/c/en/lu"],"weight":0.21252999999999966,"degrees":[26,6627,522,78]},"num_concepts_raised":28216},{"base_id":757,"kind":"bot_words","i1":5,"i2":6,"sol":{"path":["/c/en/tendril","/c/en/plant","/c/en/fenugreek","/c/en/thai"],"weight":0.21139999999999948,"degrees":[146,7959,140,172]},"num_concepts_raised":53113},{"base_id":757,"kind":"bot_words","i1":5,"i2":7,"sol":{"path":["/c/en/tendril","/c/fr/vrille","/c/en/spin","/c/en/interpretation","/c/en/reinterpretation"],"weight":0.2144299999999997,"degrees":[146,124,858,415,28]},"num_concepts_raised":35445},{"base_id":757,"kind":"bot_words","i1":5,"i2":8,"sol":{"path":["/c/en/tendril","/c/en/zoology","/c/en/sculpture","/c/en/statue"],"weight":0.2263899999999987,"degrees":[146,8127,498,765]},"num_concepts_raised":141397},{"base_id":757,"kind":"bot_words","i1":5,"i2":9,"sol":{"path":["/c/en/tendril","/c/en/botany","/c/en/china","/c/en/lu"],"weight":0.2191799999999995,"degrees":[146,6881,1318,78]},"num_concepts_raised":55101},{"base_id":757,"kind":"bot_words","i1":6,"i2":7,"sol":{"path":["/c/en/thai","/c/en/legal","/c/en/rendition","/c/en/reinterpretation"],"weight":0.20468999999999965,"degrees":[172,6627,126,28]},"num_concepts_raised":19065},{"base_id":757,"kind":"bot_words","i1":6,"i2":8,"sol":{"path":["/c/en/thai","/c/en/human","/c/en/statue"],"weight":0.20400000000000001,"degrees":[172,2645,765]},"num_concepts_raised":754},{"base_id":757,"kind":"bot_words","i1":6,"i2":9,"sol":{"path":["/c/en/thai","/c/en/tai","/c/en/city","/c/en/lu"],"weight":0.21660999999999941,"degrees":[172,91,3758,78]},"num_concepts_raised":38453},{"base_id":757,"kind":"bot_words","i1":7,"i2":8,"sol":{"path":["/c/en/reinterpretation","/c/en/interpretation","/c/en/representation","/c/en/statue"],"weight":0.21826999999999888,"degrees":[28,415,609,765]},"num_concepts_raised":109099},{"base_id":757,"kind":"bot_words","i1":7,"i2":9,"sol":{"path":["/c/en/reinterpretation","/c/en/interpretation","/c/en/render","/c/en/country","/c/en/lu"],"weight":0.21339999999999965,"degrees":[28,415,543,2796,78]},"num_concepts_raised":21083},{"base_id":757,"kind":"bot_words","i1":8,"i2":9,"sol":{"path":["/c/en/statue","/c/en/city","/c/en/lu"],"weight":0.20800000000000002,"degrees":[765,3758,78]},"num_concepts_raised":694}],[{"base_id":757,"kind":"top_words","i1":0,"i2":1,"sol":{"path":["/c/en/wis","/c/en/dialectal","/c/nl/straks","/c/en/suriname","/c/en/guiana","/c/en/guianas"],"weight":0.21277969999999846,"degrees":[33,4127,28,303,24,35]},"num_concepts_raised":417656},{"base_id":757,"kind":"top_words","i1":0,"i2":2,"sol":{"path":["/c/en/wis","/c/en/dialectal","/c/en/gloppen","/c/en/astonish"],"weight":0.20611999999999972,"degrees":[33,4127,49,220]},"num_concepts_raised":17990},{"base_id":757,"kind":"top_words","i1":0,"i2":3,"sol":{"path":["/c/en/wis","/c/en/truly","/c/en/band","/c/en/onyx","/c/en/sardonyx"],"weight":0.20388999999999988,"degrees":[33,335,1893,178,32]},"num_concepts_raised":10419},{"base_id":757,"kind":"top_words","i1":0,"i2":4,"sol":{"path":["/c/en/wis","/c/en/think","/c/en/study","/c/en/byway"],"weight":0.2029799999999998,"degrees":[33,1553,1753,49]},"num_concepts_raised":15837},{"base_id":757,"kind":"top_words","i1":0,"i2":5,"sol":{"path":["/c/en/wis","/c/en/dialectal","/c/en/lit","/c/en/dye","/c/en/eosin"],"weight":0.20397999999999988,"degrees":[33,4127,259,795,41]},"num_concepts_raised":20119},{"base_id":757,"kind":"top_words","i1":0,"i2":6,"sol":{"path":["/c/en/wis","/c/en/indeed","/c/en/course","/c/en/route"],"weight":0.21120999999999862,"degrees":[33,464,1347,587]},"num_concepts_raised":69985},{"base_id":757,"kind":"top_words","i1":0,"i2":7,"sol":{"path":["/c/en/wis","/c/en/know","/c/fi/erottaa","/c/en/uncouple"],"weight":0.2029899999999998,"degrees":[33,1226,81,51]},"num_concepts_raised":12442},{"base_id":757,"kind":"top_words","i1":0,"i2":8,"sol":{"path":["/c/en/wis","/c/en/dialectal","/c/en/meal","/c/en/meze"],"weight":0.20913999999999983,"degrees":[33,4127,1117,57]},"num_concepts_raised":15572},{"base_id":757,"kind":"top_words","i1":0,"i2":9,"sol":{"path":["/c/en/wis","/c/en/dialectal","/c/hy/ակ","/c/en/bud","/c/en/burgeon"],"weight":0.2054599999999997,"degrees":[33,4127,27,675,74]},"num_concepts_raised":18150},{"base_id":757,"kind":"top_words","i1":1,"i2":2,"sol":{"path":["/c/en/guianas","/c/sv/guyana","/c/fr/pays","/c/en/floor","/c/en/amaze","/c/en/astonish"],"weight":0.21868339999999964,"degrees":[35,14,5104,1308,244,220]},"num_concepts_raised":573719},{"base_id":757,"kind":"top_words","i1":1,"i2":3,"sol":{"path":["/c/en/guianas","/c/en/guiana","/c/en/guyana","/c/en/guyanaite","/c/en/mineral","/c/en/onyx","/c/en/sardonyx"],"weight":0.2122980999999997,"degrees":[35,24,291,7,8530,178,32]},"num_concepts_raised":34687},{"base_id":757,"kind":"top_words","i1":1,"i2":4,"sol":{"path":["/c/en/guianas","/c/en/guiana","/c/en/guyana","/c/en/country","/c/en/road","/c/en/byway"],"weight":0.21293119999999938,"degrees":[35,24,291,2796,1871,49]},"num_concepts_raised":498522},{"base_id":757,"kind":"top_words","i1":1,"i2":5,"sol":{"path":["/c/en/guianas","/c/en/guiana","/c/en/suriname","/c/en/jamaicine","/c/en/organic_compound","/c/en/eosin"],"weight":0.2108221999999986,"degrees":[35,24,303,9,7764,41]},"num_concepts_raised":300675},{"base_id":757,"kind":"top_words","i1":1,"i2":6,"sol":{"path":["/c/en/guianas","/c/sv/guyana","/c/fr/pays","/c/fr/itinéraire","/c/en/route"],"weight":0.2155099999999986,"degrees":[35,14,5104,86,587]},"num_concepts_raised":60997},{"base_id":757,"kind":"top_words","i1":1,"i2":7,"sol":{"path":["/c/en/guianas","/c/sv/guyana","/c/fr/pays","/c/fr/militaire","/c/fr/détacher","/c/en/uncouple"],"weight":0.21454799999999968,"degrees":[35,14,5104,3113,419,51]},"num_concepts_raised":356205},{"base_id":757,"kind":"top_words","i1":1,"i2":8,"sol":{"path":["/c/en/guianas","/c/en/guiana","/c/en/guinea","/c/en/bean","/c/en/food","/c/en/meze"],"weight":0.21620689999999915,"degrees":[35,24,316,588,4281,57]},"num_concepts_raised":375213},{"base_id":757,"kind":"top_words","i1":1,"i2":9,"sol":{"path":["/c/en/guianas","/c/en/guiana","/c/en/guinea","/c/en/slang","/c/en/bud","/c/en/burgeon"],"weight":0.21352339999999947,"degrees":[35,24,316,16318,675,74]},"num_concepts_raised":646294},{"base_id":757,"kind":"top_words","i1":2,"i2":3,"sol":{"path":["/c/en/astonish","/c/en/stonish","/c/en/stone","/c/en/gemstone","/c/en/sardonyx"],"weight":0.20506999999999975,"degrees":[220,9,1934,256,32]},"num_concepts_raised":9031},{"base_id":757,"kind":"top_words","i1":2,"i2":4,"sol":{"path":["/c/en/astonish","/c/en/amazed","/c/en/by","/c/en/byway"],"weight":0.2053399999999997,"degrees":[220,133,816,49]},"num_concepts_raised":14508},{"base_id":757,"kind":"top_words","i1":2,"i2":5,"sol":{"path":["/c/en/astonish","/c/en/surprise","/c/en/appearance","/c/en/stain","/c/en/eosin"],"weight":0.20583999999999977,"degrees":[220,1059,1440,726,41]},"num_concepts_raised":18738},{"base_id":757,"kind":"top_words","i1":2,"i2":6,"sol":{"path":["/c/en/astonish","/c/en/maze","/c/en/path","/c/en/route"],"weight":0.21559999999999846,"degrees":[220,245,1174,587]},"num_concepts_raised":68712},{"base_id":757,"kind":"top_words","i1":2,"i2":7,"sol":{"path":["/c/en/astonish","/c/en/flabbergast","/c/fr/personne","/c/fr/détacher","/c/en/uncouple"],"weight":0.2088599999999997,"degrees":[220,157,3714,419,51]},"num_concepts_raised":11024},{"base_id":757,"kind":"top_words","i1":2,"i2":8,"sol":{"path":["/c/en/astonish","/c/en/surprise","/c/en/cake","/c/en/food","/c/en/meze"],"weight":0.2111699999999997,"degrees":[220,1059,1707,4281,57]},"num_concepts_raised":14225},{"base_id":757,"kind":"top_words","i1":2,"i2":9,"sol":{"path":["/c/en/astonish","/c/la/ex","/c/en/expand","/c/en/burgeon"],"weight":0.20554999999999957,"degrees":[220,468,542,74]},"num_concepts_raised":16732},{"base_id":757,"kind":"top_words","i1":3,"i2":4,"sol":{"path":["/c/en/sardonyx","/c/en/gemstone","/c/th/ตาแมว","/c/en/road","/c/en/byway"],"weight":0.20399999999999985,"degrees":[32,256,12,1871,49]},"num_concepts_raised":6915},{"base_id":757,"kind":"top_words","i1":3,"i2":5,"sol":{"path":["/c/en/sardonyx","/c/en/chalcedony","/c/en/bloodstone","/c/en/red","/c/en/eosin"],"weight":0.2029699999999999,"degrees":[32,161,63,1983,41]},"num_concepts_raised":11069},{"base_id":757,"kind":"top_words","i1":3,"i2":6,"sol":{"path":["/c/en/sardonyx","/c/en/gemstone","/c/th/ตาแมว","/c/en/road","/c/en/route"],"weight":0.21299999999999863,"degrees":[32,256,12,1871,587]},"num_concepts_raised":61558},{"base_id":757,"kind":"top_words","i1":3,"i2":7,"sol":{"path":["/c/en/sardonyx","/c/fr/sardoine","/c/fr/couleur","/c/fr/détacher","/c/en/uncouple"],"weight":0.20507999999999987,"degrees":[32,19,1332,419,51]},"num_concepts_raised":3392},{"base_id":757,"kind":"top_words","i1":3,"i2":8,"sol":{"path":["/c/en/sardonyx","/c/en/gemstone","/c/en/spread","/c/en/hummus","/c/en/meze"],"weight":0.21023999999999984,"degrees":[32,256,1574,136,57]},"num_concepts_raised":6577},{"base_id":757,"kind":"top_words","i1":3,"i2":9,"sol":{"path":["/c/en/sardonyx","/c/en/precious_stone","/c/la/gemmo","/c/fr/bourgeonner","/c/en/burgeon"],"weight":0.20519999999999974,"degrees":[32,236,142,112,74]},"num_concepts_raised":9197},{"base_id":757,"kind":"top_words","i1":4,"i2":5,"sol":{"path":["/c/en/byway","/c/en/road","/c/en/black","/c/en/dye","/c/en/eosin"],"weight":0.20421999999999985,"degrees":[49,1871,1965,795,41]},"num_concepts_raised":16606},{"base_id":757,"kind":"top_words","i1":4,"i2":6,"sol":{"path":["/c/en/byway","/c/en/road","/c/en/route"],"weight":0.20500000000000002,"degrees":[49,1871,587]},"num_concepts_raised":554},{"base_id":757,"kind":"top_words","i1":4,"i2":7,"sol":{"path":["/c/en/byway","/c/en/road","/c/en/two","/c/en/couple","/c/en/uncouple"],"weight":0.2053299999999998,"degrees":[49,1871,1673,723,51]},"num_concepts_raised":8937},{"base_id":757,"kind":"top_words","i1":4,"i2":8,"sol":{"path":["/c/en/byway","/c/en/road","/c/en/dip","/c/en/hummus","/c/en/meze"],"weight":0.21147999999999978,"degrees":[49,1871,565,136,57]},"num_concepts_raised":12082},{"base_id":757,"kind":"top_words","i1":4,"i2":9,"sol":{"path":["/c/en/byway","/c/en/field","/c/en/grow","/c/en/burgeon"],"weight":0.20348999999999967,"degrees":[49,2150,1569,74]},"num_concepts_raised":14672},{"base_id":757,"kind":"top_words","i1":5,"i2":6,"sol":{"path":["/c/en/eosin","/c/en/dye","/c/en/run","/c/en/route"],"weight":0.20968999999999866,"degrees":[41,795,2730,587]},"num_concepts_raised":71090},{"base_id":757,"kind":"top_words","i1":5,"i2":7,"sol":{"path":["/c/en/eosin","/c/en/stain","/c/fr/détacher","/c/en/uncouple"],"weight":0.20524999999999988,"degrees":[41,726,419,51]},"num_concepts_raised":13112},{"base_id":757,"kind":"top_words","i1":5,"i2":8,"sol":{"path":["/c/en/eosin","/c/en/stain","/c/en/dip","/c/en/hummus","/c/en/meze"],"weight":0.21040999999999985,"degrees":[41,726,565,136,57]},"num_concepts_raised":16255},{"base_id":757,"kind":"top_words","i1":5,"i2":9,"sol":{"path":["/c/en/eosin","/c/en/red","/c/la/burra","/c/en/burgeon"],"weight":0.20328999999999975,"degrees":[41,1983,41,74]},"num_concepts_raised":18874},{"base_id":757,"kind":"top_words","i1":6,"i2":7,"sol":{"path":["/c/en/route","/c/fr/faire","/c/fr/détacher","/c/en/uncouple"],"weight":0.2114999999999986,"degrees":[587,4336,419,51]},"num_concepts_raised":63329},{"base_id":757,"kind":"top_words","i1":6,"i2":8,"sol":{"path":["/c/en/route","/c/en/course","/c/en/meal","/c/en/meze"],"weight":0.21659999999999857,"degrees":[587,1347,1117,57]},"num_concepts_raised":66378},{"base_id":757,"kind":"top_words","i1":6,"i2":9,"sol":{"path":["/c/en/route","/c/en/stretch","/c/en/grow","/c/en/burgeon"],"weight":0.20983999999999847,"degrees":[587,1228,1569,74]},"num_concepts_raised":68754},{"base_id":757,"kind":"top_words","i1":7,"i2":8,"sol":{"path":["/c/en/uncouple","/c/fr/détacher","/c/en/remove","/c/en/meal","/c/en/meze"],"weight":0.2104799999999998,"degrees":[51,419,1492,1117,57]},"num_concepts_raised":8601},{"base_id":757,"kind":"top_words","i1":7,"i2":9,"sol":{"path":["/c/en/uncouple","/c/en/loose","/c/en/shoot","/c/en/burgeon"],"weight":0.2034299999999997,"degrees":[51,723,1406,74]},"num_concepts_raised":11200},{"base_id":757,"kind":"top_words","i1":8,"i2":9,"sol":{"path":["/c/en/meze","/c/fa/مزه","/c/en/taste","/c/en/bud","/c/en/burgeon"],"weight":0.2118999999999997,"degrees":[57,35,1479,675,74]},"num_concepts_raised":14352}]]