[[{"base_id":761,"kind":"bot_words","i1":0,"i2":1,"sol":{"path":["/c/en/promoting","/c/ar/وفق","/c/en/logarithm","/c/en/log","/c/en/logging"],"weight":0.2043199999999996,"degrees":[53,101,259,599,67]},"num_concepts_raised":8757},{"base_id":761,"kind":"bot_words","i1":0,"i2":2,"sol":{"path":["/c/en/promoting","/c/en/support","/c/en/prop","/c/en/organic_compound","/c/en/pyrrolidine"],"weight":0.2083499999999996,"degrees":[53,2237,420,7764,60]},"num_concepts_raised":13946},{"base_id":761,"kind":"bot_words","i1":0,"i2":3,"sol":{"path":["/c/en/promoting","/c/en/apc","/c/en/music","/c/en/retrograde"],"weight":0.20415999999999956,"degrees":[53,56,8822,130]},"num_concepts_raised":29725},{"base_id":761,"kind":"bot_words","i1":0,"i2":4,"sol":{"path":["/c/en/promoting","/c/en/feeding","/c/en/jejunostomy","/c/en/jejunum","/c/en/duodenum"],"weight":0.21312999999999976,"degrees":[53,187,15,143,231]},"num_concepts_raised":6955},{"base_id":761,"kind":"bot_words","i1":0,"i2":5,"sol":{"path":["/c/en/promoting","/c/en/support","/c/en/pap","/c/en/ester"],"weight":0.21708999999999712,"degrees":[53,2237,112,879]},"num_concepts_raised":42142},{"base_id":761,"kind":"bot_words","i1":0,"i2":6,"sol":{"path":["/c/en/promoting","/c/en/support","/c/en/prop","/c/en/property"],"weight":0.22455999999999604,"degrees":[53,2237,420,1664]},"num_concepts_raised":140917},{"base_id":761,"kind":"bot_words","i1":0,"i2":7,"sol":{"path":["/c/en/promoting","/c/en/support","/c/en/person","/c/en/worried","/c/en/worriedly"],"weight":0.20388999999999974,"degrees":[53,2237,12935,292,24]},"num_concepts_raised":4258},{"base_id":761,"kind":"bot_words","i1":0,"i2":8,"sol":{"path":["/c/en/promoting","/c/en/feeding","/c/en/milk","/c/en/lactation"],"weight":0.20920999999999962,"degrees":[53,187,1939,117]},"num_concepts_raised":12532},{"base_id":761,"kind":"bot_words","i1":0,"i2":9,"sol":{"path":["/c/en/promoting","/c/en/support","/c/en/india","/c/en/burma"],"weight":0.20360999999999957,"degrees":[53,2237,1846,83]},"num_concepts_raised":7838},{"base_id":761,"kind":"bot_words","i1":1,"i2":2,"sol":{"path":["/c/en/logging","/c/en/work","/c/en/union","/c/en/chemical_compound","/c/en/pyrrolidine"],"weight":0.2084099999999996,"degrees":[67,4013,1104,2801,60]},"num_concepts_raised":14931},{"base_id":761,"kind":"bot_words","i1":1,"i2":3,"sol":{"path":["/c/en/logging","/c/en/log","/c/en/travel","/c/en/retrograde"],"weight":0.20536999999999958,"degrees":[67,599,1689,130]},"num_concepts_raised":30577},{"base_id":761,"kind":"bot_words","i1":1,"i2":4,"sol":{"path":["/c/en/logging","/c/en/log","/c/en/rope","/c/en/small_intestine","/c/en/duodenum"],"weight":0.2143899999999998,"degrees":[67,599,1228,217,231]},"num_concepts_raised":7947},{"base_id":761,"kind":"bot_words","i1":1,"i2":5,"sol":{"path":["/c/en/logging","/c/en/work","/c/en/be","/c/fr/ester","/c/en/ester"],"weight":0.2215199999999971,"degrees":[67,4013,3156,115,879]},"num_concepts_raised":43084},{"base_id":761,"kind":"bot_words","i1":1,"i2":6,"sol":{"path":["/c/en/logging","/c/en/slash","/c/en/land","/c/en/property"],"weight":0.22449999999999604,"degrees":[67,573,2465,1664]},"num_concepts_raised":141613},{"base_id":761,"kind":"bot_words","i1":1,"i2":7,"sol":{"path":["/c/en/logging","/c/en/work","/c/en/think","/c/en/worried","/c/en/worriedly"],"weight":0.20407999999999976,"degrees":[67,4013,1553,292,24]},"num_concepts_raised":5242},{"base_id":761,"kind":"bot_words","i1":1,"i2":8,"sol":{"path":["/c/en/logging","/c/en/slash","/c/en/female","/c/en/lactation"],"weight":0.20920999999999962,"degrees":[67,573,3110,117]},"num_concepts_raised":13490},{"base_id":761,"kind":"bot_words","i1":1,"i2":9,"sol":{"path":["/c/en/logging","/c/en/work","/c/en/parabaik","/c/en/burma"],"weight":0.20366999999999957,"degrees":[67,4013,15,83]},"num_concepts_raised":8813},{"base_id":761,"kind":"bot_words","i1":2,"i2":3,"sol":{"path":["/c/en/pyrrolidine","/c/en/organic_compound","/c/en/pan","/c/en/astronomy","/c/en/retrograde"],"weight":0.21043999999999952,"degrees":[60,7764,880,4553,130]},"num_concepts_raised":35960},{"base_id":761,"kind":"bot_words","i1":2,"i2":4,"sol":{"path":["/c/en/pyrrolidine","/c/en/organic_compound","/c/en/rennet","/c/en/stomach","/c/en/duodenum"],"weight":0.21639999999999976,"degrees":[60,7764,140,995,231]},"num_concepts_raised":13055},{"base_id":761,"kind":"bot_words","i1":2,"i2":5,"sol":{"path":["/c/en/pyrrolidine","/c/en/organic_compound","/c/en/ester"],"weight":0.20600000000000002,"degrees":[60,7764,879]},"num_concepts_raised":864},{"base_id":761,"kind":"bot_words","i1":2,"i2":6,"sol":{"path":["/c/en/pyrrolidine","/c/en/organic_compound","/c/en/prop","/c/en/property"],"weight":0.229519999999996,"degrees":[60,7764,420,1664]},"num_concepts_raised":147766},{"base_id":761,"kind":"bot_words","i1":2,"i2":7,"sol":{"path":["/c/en/pyrrolidine","/c/en/saturated","/c/en/more","/c/lv/raizīgāk","/c/en/worriedly"],"weight":0.20791999999999972,"degrees":[60,292,2301,4,24]},"num_concepts_raised":10346},{"base_id":761,"kind":"bot_words","i1":2,"i2":8,"sol":{"path":["/c/en/pyrrolidine","/c/en/chemical_compound","/c/en/lactose","/c/en/lactation"],"weight":0.21413999999999955,"degrees":[60,2801,246,117]},"num_concepts_raised":18649},{"base_id":761,"kind":"bot_words","i1":2,"i2":9,"sol":{"path":["/c/en/pyrrolidine","/c/en/organic_compound","/c/en/petroline","/c/en/india","/c/en/burma"],"weight":0.20882999999999952,"degrees":[60,7764,6,1846,83]},"num_concepts_raised":13951},{"base_id":761,"kind":"bot_words","i1":3,"i2":4,"sol":{"path":["/c/en/retrograde","/c/en/desire","/c/en/stomach","/c/en/duodenum"],"weight":0.21216999999999975,"degrees":[130,1617,995,231]},"num_concepts_raised":28945},{"base_id":761,"kind":"bot_words","i1":3,"i2":5,"sol":{"path":["/c/en/retrograde","/c/en/music","/c/en/acid","/c/en/ester"],"weight":0.21840999999999705,"degrees":[130,8822,1077,879]},"num_concepts_raised":63813},{"base_id":761,"kind":"bot_words","i1":3,"i2":6,"sol":{"path":["/c/en/retrograde","/c/en/degenerate","/c/en/quality","/c/en/property"],"weight":0.22564999999999596,"degrees":[130,277,1710,1664]},"num_concepts_raised":160441},{"base_id":761,"kind":"bot_words","i1":3,"i2":7,"sol":{"path":["/c/en/retrograde","/c/en/music","/c/en/person","/c/en/worried","/c/en/worriedly"],"weight":0.2049599999999997,"degrees":[130,8822,12935,292,24]},"num_concepts_raised":26289},{"base_id":761,"kind":"bot_words","i1":3,"i2":8,"sol":{"path":["/c/en/retrograde","/c/en/geology","/c/en/period","/c/en/lactation"],"weight":0.21005999999999958,"degrees":[130,3862,1523,117]},"num_concepts_raised":34329},{"base_id":761,"kind":"bot_words","i1":3,"i2":9,"sol":{"path":["/c/en/retrograde","/c/en/music","/c/en/language","/c/en/myanmar","/c/en/burma"],"weight":0.2070999999999995,"degrees":[130,8822,4160,359,83]},"num_concepts_raised":29815},{"base_id":761,"kind":"bot_words","i1":4,"i2":5,"sol":{"path":["/c/en/duodenum","/c/en/stomach","/c/en/acid","/c/en/ester"],"weight":0.22540999999999728,"degrees":[231,995,1077,879]},"num_concepts_raised":41252},{"base_id":761,"kind":"bot_words","i1":4,"i2":6,"sol":{"path":["/c/en/duodenum","/c/ar/عفج","/c/en/legal","/c/en/property"],"weight":0.2327799999999962,"degrees":[231,43,6627,1664]},"num_concepts_raised":140721},{"base_id":761,"kind":"bot_words","i1":4,"i2":7,"sol":{"path":["/c/en/duodenum","/c/en/stomach","/c/zh/傷胃","/c/en/worried","/c/en/worriedly"],"weight":0.2119599999999999,"degrees":[231,995,6,292,24]},"num_concepts_raised":3385},{"base_id":761,"kind":"bot_words","i1":4,"i2":8,"sol":{"path":["/c/en/duodenum","/c/en/anatomical_structure","/c/en/mammary_gland","/c/en/lactation"],"weight":0.21697999999999978,"degrees":[231,412,181,117]},"num_concepts_raised":11661},{"base_id":761,"kind":"bot_words","i1":4,"i2":9,"sol":{"path":["/c/en/duodenum","/c/en/anatomical_structure","/c/en/chin","/c/en/burma"],"weight":0.21144999999999972,"degrees":[231,412,722,83]},"num_concepts_raised":6967},{"base_id":761,"kind":"bot_words","i1":5,"i2":6,"sol":{"path":["/c/en/ester","/c/fr/ester","/c/en/legal","/c/en/property"],"weight":0.24110999999999355,"degrees":[879,115,6627,1664]},"num_concepts_raised":174216},{"base_id":761,"kind":"bot_words","i1":5,"i2":7,"sol":{"path":["/c/en/ester","/c/en/alcohol","/c/en/person","/c/en/worried","/c/en/worriedly"],"weight":0.21810999999999722,"degrees":[879,1287,12935,292,24]},"num_concepts_raised":38646},{"base_id":761,"kind":"bot_words","i1":5,"i2":8,"sol":{"path":["/c/en/ester","/c/en/lactate","/c/en/lactation"],"weight":0.20800000000000002,"degrees":[879,52,117]},"num_concepts_raised":906},{"base_id":761,"kind":"bot_words","i1":5,"i2":9,"sol":{"path":["/c/en/ester","/c/en/water","/c/en/gulf_of_thailand","/c/en/myanmar","/c/en/burma"],"weight":0.22006999999999705,"degrees":[879,4606,100,359,83]},"num_concepts_raised":42196},{"base_id":761,"kind":"bot_words","i1":6,"i2":7,"sol":{"path":["/c/en/property","/c/en/quality","/c/en/person","/c/en/worried","/c/en/worriedly"],"weight":0.22629999999999617,"degrees":[1664,1710,12935,292,24]},"num_concepts_raised":138215},{"base_id":761,"kind":"bot_words","i1":6,"i2":8,"sol":{"path":["/c/en/property","/c/en/lease","/c/en/period","/c/en/lactation"],"weight":0.22848999999999603,"degrees":[1664,489,1523,117]},"num_concepts_raised":145407},{"base_id":761,"kind":"bot_words","i1":6,"i2":9,"sol":{"path":["/c/en/property","/c/en/feature","/c/en/chin","/c/en/burma"],"weight":0.222149999999996,"degrees":[1664,763,722,83]},"num_concepts_raised":141523},{"base_id":761,"kind":"bot_words","i1":7,"i2":8,"sol":{"path":["/c/en/worriedly","/c/en/worried","/c/en/think","/c/en/milk","/c/en/lactation"],"weight":0.20998999999999973,"degrees":[24,292,1553,1939,117]},"num_concepts_raised":8986},{"base_id":761,"kind":"bot_words","i1":7,"i2":9,"sol":{"path":["/c/en/worriedly","/c/en/worried","/c/en/person","/c/en/kuki","/c/en/burma"],"weight":0.20429999999999968,"degrees":[24,292,12935,26,83]},"num_concepts_raised":4260},{"base_id":761,"kind":"bot_words","i1":8,"i2":9,"sol":{"path":["/c/en/lactation","/c/en/mammal","/c/en/kitti's_hog_nosed_bat","/c/en/burma"],"weight":0.20942999999999956,"degrees":[117,2187,48,83]},"num_concepts_raised":12545}],[{"base_id":761,"kind":"top_words","i1":0,"i2":1,"sol":{"path":["/c/en/size","/c/en/unit","/c/en/household"],"weight":0.20700000000000002,"degrees":[1119,1582,580]},"num_concepts_raised":1451},{"base_id":761,"kind":"top_words","i1":0,"i2":2,"sol":{"path":["/c/en/size","/c/en/amount","/c/en/average"],"weight":0.20600000000000002,"degrees":[1119,1036,711]},"num_concepts_raised":1476},{"base_id":761,"kind":"top_words","i1":0,"i2":3,"sol":{"path":["/c/en/size","/c/en/relative","/c/en/chromatography"],"weight":0.20400000000000001,"degrees":[1119,931,168]},"num_concepts_raised":1079},{"base_id":761,"kind":"top_words","i1":0,"i2":4,"sol":{"path":["/c/en/size","/c/en/small","/c/en/bird","/c/en/corvidae"],"weight":0.22428999999999744,"degrees":[1119,2515,4970,91]},"num_concepts_raised":121871},{"base_id":761,"kind":"top_words","i1":0,"i2":5,"sol":{"path":["/c/en/size","/c/en/waist","/c/en/insect","/c/en/scarabaeidae"],"weight":0.2214199999999975,"degrees":[1119,493,2112,68]},"num_concepts_raised":119782},{"base_id":761,"kind":"top_words","i1":0,"i2":6,"sol":{"path":["/c/en/size","/c/en/regular","/c/en/zoology","/c/en/pygidium"],"weight":0.21686999999999768,"degrees":[1119,736,8127,32]},"num_concepts_raised":126866},{"base_id":761,"kind":"top_words","i1":0,"i2":7,"sol":{"path":["/c/en/size","/c/en/large","/c/en/elephant","/c/en/matriarch"],"weight":0.21941999999999762,"degrees":[1119,1592,918,81]},"num_concepts_raised":122992},{"base_id":761,"kind":"top_words","i1":0,"i2":8,"sol":{"path":["/c/en/size","/c/en/regulation","/c/en/disciplinarian"],"weight":0.202,"degrees":[1119,558,29]},"num_concepts_raised":975},{"base_id":761,"kind":"top_words","i1":0,"i2":9,"sol":{"path":["/c/en/size","/c/en/magnitude","/c/en/itude","/c/en/solicitude"],"weight":0.21869999999999756,"degrees":[1119,281,72,92]},"num_concepts_raised":120227},{"base_id":761,"kind":"top_words","i1":1,"i2":2,"sol":{"path":["/c/en/household","/c/en/statistics","/c/en/average"],"weight":0.21000000000000002,"degrees":[580,1142,711]},"num_concepts_raised":1036},{"base_id":761,"kind":"top_words","i1":1,"i2":3,"sol":{"path":["/c/en/household","/c/en/house","/c/en/band","/c/en/chromatography"],"weight":0.23039999999999838,"degrees":[580,3114,1893,168]},"num_concepts_raised":61272},{"base_id":761,"kind":"top_words","i1":1,"i2":4,"sol":{"path":["/c/en/household","/c/en/family","/c/en/clark's_nutcracker","/c/en/corvidae"],"weight":0.22820999999999836,"degrees":[580,3166,21,91]},"num_concepts_raised":53754},{"base_id":761,"kind":"top_words","i1":1,"i2":5,"sol":{"path":["/c/en/household","/c/en/family","/c/en/scarab","/c/en/scarabaeidae"],"weight":0.22810999999999843,"degrees":[580,3166,67,68]},"num_concepts_raised":51622},{"base_id":761,"kind":"top_words","i1":1,"i2":6,"sol":{"path":["/c/en/household","/c/en/fly","/c/en/insect","/c/en/pygidium"],"weight":0.21848999999999869,"degrees":[580,2276,2112,32]},"num_concepts_raised":58628},{"base_id":761,"kind":"top_words","i1":1,"i2":7,"sol":{"path":["/c/en/household","/c/en/materfamilias","/c/en/matriarch"],"weight":0.20800000000000002,"degrees":[580,11,81]},"num_concepts_raised":559},{"base_id":761,"kind":"top_words","i1":1,"i2":8,"sol":{"path":["/c/en/household","/c/fr/ménage","/c/fr/personne","/c/en/disciplinarian"],"weight":0.2208399999999986,"degrees":[580,184,3714,29]},"num_concepts_raised":56062},{"base_id":761,"kind":"top_words","i1":1,"i2":9,"sol":{"path":["/c/en/household","/c/en/unit","/c/en/care","/c/en/solicitude"],"weight":0.22155999999999854,"degrees":[580,1582,1526,92]},"num_concepts_raised":52180},{"base_id":761,"kind":"top_words","i1":2,"i2":3,"sol":{"path":["/c/en/average","/c/en/medium","/c/en/solid","/c/en/chromatography"],"weight":0.22648999999999866,"degrees":[711,767,1304,168]},"num_concepts_raised":96881},{"base_id":761,"kind":"top_words","i1":2,"i2":4,"sol":{"path":["/c/en/average","/c/en/small","/c/en/bird","/c/en/corvidae"],"weight":0.2224499999999987,"degrees":[711,2515,4970,91]},"num_concepts_raised":90164},{"base_id":761,"kind":"top_words","i1":2,"i2":5,"sol":{"path":["/c/en/average","/c/en/ground","/c/en/insect","/c/en/scarabaeidae"],"weight":0.22193999999999875,"degrees":[711,1836,2112,68]},"num_concepts_raised":88097},{"base_id":761,"kind":"top_words","i1":2,"i2":6,"sol":{"path":["/c/en/average","/c/en/regular","/c/en/zoology","/c/en/pygidium"],"weight":0.21886999999999895,"degrees":[711,736,8127,32]},"num_concepts_raised":95166},{"base_id":761,"kind":"top_words","i1":2,"i2":7,"sol":{"path":["/c/en/average","/c/en/like","/c/en/mother","/c/en/matriarch"],"weight":0.21759999999999885,"degrees":[711,2357,1743,81]},"num_concepts_raised":91250},{"base_id":761,"kind":"top_words","i1":2,"i2":8,"sol":{"path":["/c/en/average","/c/en/regulation","/c/en/disciplinarian"],"weight":0.20400000000000001,"degrees":[711,558,29]},"num_concepts_raised":563},{"base_id":761,"kind":"top_words","i1":2,"i2":9,"sol":{"path":["/c/en/average","/c/en/mean","/c/en/care","/c/en/solicitude"],"weight":0.22762999999999878,"degrees":[711,1314,1526,92]},"num_concepts_raised":88464},{"base_id":761,"kind":"top_words","i1":3,"i2":4,"sol":{"path":["/c/en/chromatography","/c/en/gas","/c/en/air","/c/en/bird","/c/en/corvidae"],"weight":0.21560999999999952,"degrees":[168,1636,1965,4970,91]},"num_concepts_raised":18071},{"base_id":761,"kind":"top_words","i1":3,"i2":5,"sol":{"path":["/c/en/chromatography","/c/en/gas","/c/en/seal","/c/en/scarab","/c/en/scarabaeidae"],"weight":0.2153499999999996,"degrees":[168,1636,1252,67,68]},"num_concepts_raised":15896},{"base_id":761,"kind":"top_words","i1":3,"i2":6,"sol":{"path":["/c/en/chromatography","/c/en/phase","/c/en/zoology","/c/en/pygidium"],"weight":0.20980999999999977,"degrees":[168,660,8127,32]},"num_concepts_raised":23208},{"base_id":761,"kind":"top_words","i1":3,"i2":7,"sol":{"path":["/c/en/chromatography","/c/en/relative","/c/en/mother","/c/en/matriarch"],"weight":0.2105299999999997,"degrees":[168,931,1743,81]},"num_concepts_raised":19382},{"base_id":761,"kind":"top_words","i1":3,"i2":8,"sol":{"path":["/c/en/chromatography","/c/en/effect","/c/en/control","/c/en/disciplinarian"],"weight":0.20975999999999972,"degrees":[168,1107,1901,29]},"num_concepts_raised":20547},{"base_id":761,"kind":"top_words","i1":3,"i2":9,"sol":{"path":["/c/en/chromatography","/c/en/gas","/c/en/matter","/c/en/concern","/c/en/solicitude"],"weight":0.21193999999999963,"degrees":[168,1636,1318,881,92]},"num_concepts_raised":16485},{"base_id":761,"kind":"top_words","i1":4,"i2":5,"sol":{"path":["/c/en/corvidae","/c/en/bird","/c/en/roller","/c/en/beetle","/c/en/scarabaeidae"],"weight":0.2141899999999996,"degrees":[91,4970,389,807,68]},"num_concepts_raised":7647},{"base_id":761,"kind":"top_words","i1":4,"i2":6,"sol":{"path":["/c/en/corvidae","/c/nl/kraaien","/c/fr/zoologie","/c/fr/pygidium","/c/en/pygidium"],"weight":0.2096399999999998,"degrees":[91,28,9122,12,32]},"num_concepts_raised":14901},{"base_id":761,"kind":"top_words","i1":4,"i2":7,"sol":{"path":["/c/en/corvidae","/c/en/bird","/c/fr/femme","/c/fr/matriarche","/c/en/matriarch"],"weight":0.21135999999999971,"degrees":[91,4970,2025,31,81]},"num_concepts_raised":11198},{"base_id":761,"kind":"top_words","i1":4,"i2":8,"sol":{"path":["/c/en/corvidae","/c/en/bird","/c/en/train","/c/en/discipline","/c/en/disciplinarian"],"weight":0.21087999999999973,"degrees":[91,4970,1408,733,29]},"num_concepts_raised":12395},{"base_id":761,"kind":"top_words","i1":4,"i2":9,"sol":{"path":["/c/en/corvidae","/c/en/bird","/c/en/crop","/c/en/concern","/c/en/solicitude"],"weight":0.21062999999999965,"degrees":[91,4970,1131,881,92]},"num_concepts_raised":8318},{"base_id":761,"kind":"top_words","i1":5,"i2":6,"sol":{"path":["/c/en/scarabaeidae","/c/en/insect","/c/en/pygidium"],"weight":0.20400000000000001,"degrees":[68,2112,32]},"num_concepts_raised":86},{"base_id":761,"kind":"top_words","i1":5,"i2":7,"sol":{"path":["/c/en/scarabaeidae","/c/en/beetle","/c/en/bishop","/c/en/patriarch","/c/en/matriarch"],"weight":0.21023999999999976,"degrees":[68,807,922,258,81]},"num_concepts_raised":9029},{"base_id":761,"kind":"top_words","i1":5,"i2":8,"sol":{"path":["/c/en/scarabaeidae","/c/en/insect","/c/en/martin","/c/en/martinet","/c/en/disciplinarian"],"weight":0.20930999999999977,"degrees":[68,2112,167,29,29]},"num_concepts_raised":10203},{"base_id":761,"kind":"top_words","i1":5,"i2":9,"sol":{"path":["/c/en/scarabaeidae","/c/en/insect","/c/en/interest","/c/en/concern","/c/en/solicitude"],"weight":0.2103999999999997,"degrees":[68,2112,1297,881,92]},"num_concepts_raised":6119},{"base_id":761,"kind":"top_words","i1":6,"i2":7,"sol":{"path":["/c/en/pygidium","/c/en/zoology","/c/en/primate","/c/en/patriarch","/c/en/matriarch"],"weight":0.20473999999999998,"degrees":[32,8127,402,258,81]},"num_concepts_raised":16378},{"base_id":761,"kind":"top_words","i1":6,"i2":8,"sol":{"path":["/c/en/pygidium","/c/en/zoology","/c/en/science","/c/en/discipline","/c/en/disciplinarian"],"weight":0.20515,"degrees":[32,8127,1674,733,29]},"num_concepts_raised":17559},{"base_id":761,"kind":"top_words","i1":6,"i2":9,"sol":{"path":["/c/en/pygidium","/c/en/insect","/c/en/interest","/c/en/concern","/c/en/solicitude"],"weight":0.2050199999999999,"degrees":[32,2112,1297,881,92]},"num_concepts_raised":13489},{"base_id":761,"kind":"top_words","i1":7,"i2":8,"sol":{"path":["/c/en/matriarch","/c/en/mother","/c/en/children","/c/en/discipline","/c/en/disciplinarian"],"weight":0.2058699999999999,"degrees":[81,1743,992,733,29]},"num_concepts_raised":13727},{"base_id":761,"kind":"top_words","i1":7,"i2":9,"sol":{"path":["/c/en/matriarch","/c/en/enterprise","/c/en/concern","/c/en/solicitude"],"weight":0.20557999999999982,"degrees":[81,395,881,92]},"num_concepts_raised":9639},{"base_id":761,"kind":"top_words","i1":8,"i2":9,"sol":{"path":["/c/en/disciplinarian","/c/en/discipline","/c/en/law","/c/en/concern","/c/en/solicitude"],"weight":0.20709999999999984,"degrees":[29,733,3727,881,92]},"num_concepts_raised":10793}]]