[[{"base_id":911,"kind":"bot_words","i1":0,"i2":1,"sol":{"path":["/c/en/cro","/c/en/singing","/c/en/phew","/c/en/disgust","/c/en/pshaw"],"weight":0.20775999999999978,"degrees":[29,694,78,548,33]},"num_concepts_raised":6470},{"base_id":911,"kind":"bot_words","i1":0,"i2":2,"sol":{"path":["/c/en/cro","/c/en/sports","/c/en/talent","/c/en/hapless"],"weight":0.20816999999999977,"degrees":[29,3417,454,69]},"num_concepts_raised":7537},{"base_id":911,"kind":"bot_words","i1":0,"i2":3,"sol":{"path":["/c/en/cro","/c/en/sports","/c/en/international","/c/en/abstention","/c/en/abstinence"],"weight":0.21773999999999966,"degrees":[29,3417,407,88,251]},"num_concepts_raised":11488},{"base_id":911,"kind":"bot_words","i1":0,"i2":4,"sol":{"path":["/c/en/cro","/c/en/sports","/c/en/bat","/c/en/mammals"],"weight":0.20838999999999958,"degrees":[29,3417,1544,90]},"num_concepts_raised":21430},{"base_id":911,"kind":"bot_words","i1":0,"i2":5,"sol":{"path":["/c/en/cro","/c/en/sports","/c/en/play","/c/en/playground"],"weight":0.21127999999999986,"degrees":[29,3417,3092,176]},"num_concepts_raised":23140},{"base_id":911,"kind":"bot_words","i1":0,"i2":6,"sol":{"path":["/c/en/cro","/c/en/sports","/c/en/flight","/c/en/aeronautical"],"weight":0.20807999999999985,"degrees":[29,3417,731,52]},"num_concepts_raised":6583},{"base_id":911,"kind":"bot_words","i1":0,"i2":7,"sol":{"path":["/c/en/cro","/c/en/sports","/c/en/street","/c/en/residential"],"weight":0.2092699999999995,"degrees":[29,3417,1387,162]},"num_concepts_raised":17627},{"base_id":911,"kind":"bot_words","i1":0,"i2":8,"sol":{"path":["/c/en/cro","/c/en/pop_music","/c/en/commercial","/c/en/potassium_permanganate","/c/en/permanganate"],"weight":0.21543999999999985,"degrees":[29,440,505,90,66]},"num_concepts_raised":14266},{"base_id":911,"kind":"bot_words","i1":0,"i2":9,"sol":{"path":["/c/en/cro","/c/en/pop_music","/c/en/cherished","/c/en/loved","/c/en/admired"],"weight":0.20875999999999983,"degrees":[29,440,86,124,30]},"num_concepts_raised":6822},{"base_id":911,"kind":"bot_words","i1":1,"i2":2,"sol":{"path":["/c/en/pshaw","/c/ja/ふ_ー_ん","/c/de/unglück","/c/de/unglückselig","/c/en/hapless"],"weight":0.20417999999999975,"degrees":[33,12,180,16,69]},"num_concepts_raised":4117},{"base_id":911,"kind":"bot_words","i1":1,"i2":3,"sol":{"path":["/c/en/pshaw","/c/en/disapproval","/c/it/aventiniano","/c/en/abstention","/c/en/abstinence"],"weight":0.21275999999999964,"degrees":[33,216,13,88,251]},"num_concepts_raised":8125},{"base_id":911,"kind":"bot_words","i1":1,"i2":4,"sol":{"path":["/c/en/pshaw","/c/en/disapproval","/c/en/person","/c/en/mammal","/c/en/mammals"],"weight":0.2046599999999996,"degrees":[33,216,12935,2187,90]},"num_concepts_raised":18131},{"base_id":911,"kind":"bot_words","i1":1,"i2":5,"sol":{"path":["/c/en/pshaw","/c/ja/げ","/c/en/low","/c/en/slide","/c/en/playground"],"weight":0.2068499999999998,"degrees":[33,12,1298,692,176]},"num_concepts_raised":20083},{"base_id":911,"kind":"bot_words","i1":1,"i2":6,"sol":{"path":["/c/en/pshaw","/c/en/disgust","/c/en/shock","/c/en/distress","/c/fr/aéronautique","/c/en/aeronautical"],"weight":0.21037639999999977,"degrees":[33,548,1065,756,315,52]},"num_concepts_raised":257999},{"base_id":911,"kind":"bot_words","i1":1,"i2":7,"sol":{"path":["/c/en/pshaw","/c/en/disapproval","/c/en/person","/c/en/resident","/c/en/residential"],"weight":0.2054699999999995,"degrees":[33,216,12935,481,162]},"num_concepts_raised":14324},{"base_id":911,"kind":"bot_words","i1":1,"i2":8,"sol":{"path":["/c/en/pshaw","/c/en/contempt","/c/en/base","/c/en/salt","/c/en/permanganate"],"weight":0.20844999999999983,"degrees":[33,447,2117,2754,66]},"num_concepts_raised":10852},{"base_id":911,"kind":"bot_words","i1":1,"i2":9,"sol":{"path":["/c/en/pshaw","/c/en/contempt","/c/en/respect","/c/en/admire","/c/en/admired"],"weight":0.20379999999999981,"degrees":[33,447,1090,558,30]},"num_concepts_raised":3395},{"base_id":911,"kind":"bot_words","i1":2,"i2":3,"sol":{"path":["/c/en/hapless","/c/en/sely","/c/en/holy","/c/ja/忌み","/c/en/abstinence"],"weight":0.21296999999999966,"degrees":[69,47,638,14,251]},"num_concepts_raised":9183},{"base_id":911,"kind":"bot_words","i1":2,"i2":4,"sol":{"path":["/c/en/hapless","/c/en/skill","/c/en/rodent","/c/en/mammal","/c/en/mammals"],"weight":0.2051599999999996,"degrees":[69,1062,568,2187,90]},"num_concepts_raised":19176},{"base_id":911,"kind":"bot_words","i1":2,"i2":5,"sol":{"path":["/c/en/hapless","/c/en/skill","/c/en/drive","/c/en/swing","/c/en/playground"],"weight":0.20735999999999982,"degrees":[69,1062,2162,956,176]},"num_concepts_raised":21100},{"base_id":911,"kind":"bot_words","i1":2,"i2":6,"sol":{"path":["/c/en/hapless","/c/en/skill","/c/en/practice","/c/en/aeronautics","/c/en/aeronautical"],"weight":0.20485999999999985,"degrees":[69,1062,1380,288,52]},"num_concepts_raised":4257},{"base_id":911,"kind":"bot_words","i1":2,"i2":7,"sol":{"path":["/c/en/hapless","/c/en/skill","/c/en/address","/c/en/residence","/c/en/residential"],"weight":0.20617999999999947,"degrees":[69,1062,1322,682,162]},"num_concepts_raised":15361},{"base_id":911,"kind":"bot_words","i1":2,"i2":8,"sol":{"path":["/c/en/hapless","/c/en/skill","/c/en/slang","/c/en/salt","/c/en/permanganate"],"weight":0.20891999999999983,"degrees":[69,1062,16318,2754,66]},"num_concepts_raised":11931},{"base_id":911,"kind":"bot_words","i1":2,"i2":9,"sol":{"path":["/c/en/hapless","/c/en/skill","/c/en/list","/c/en/admired"],"weight":0.2032099999999998,"degrees":[69,1062,1079,30]},"num_concepts_raised":4469},{"base_id":911,"kind":"bot_words","i1":3,"i2":4,"sol":{"path":["/c/en/abstinence","/c/en/fast","/c/en/squirrel","/c/en/mammals"],"weight":0.21134999999999948,"degrees":[251,1390,1113,90]},"num_concepts_raised":23084},{"base_id":911,"kind":"bot_words","i1":3,"i2":5,"sol":{"path":["/c/en/abstinence","/c/en/fast","/c/en/run","/c/en/playground"],"weight":0.21269999999999972,"degrees":[251,1390,2730,176]},"num_concepts_raised":24878},{"base_id":911,"kind":"bot_words","i1":3,"i2":6,"sol":{"path":["/c/en/abstinence","/c/en/fast","/c/en/flight","/c/en/aeronautical"],"weight":0.21094999999999972,"degrees":[251,1390,731,52]},"num_concepts_raised":8247},{"base_id":911,"kind":"bot_words","i1":3,"i2":7,"sol":{"path":["/c/en/abstinence","/c/en/business","/c/en/house","/c/en/residential"],"weight":0.21244999999999936,"degrees":[251,2538,3114,162]},"num_concepts_raised":19214},{"base_id":911,"kind":"bot_words","i1":3,"i2":8,"sol":{"path":["/c/en/abstinence","/c/en/inhibition","/c/en/chemistry","/c/en/permanganic_acid","/c/en/permanganate"],"weight":0.22026999999999972,"degrees":[251,160,11754,16,66]},"num_concepts_raised":15900},{"base_id":911,"kind":"bot_words","i1":3,"i2":9,"sol":{"path":["/c/en/abstinence","/c/en/fast","/c/en/like","/c/en/admire","/c/en/admired"],"weight":0.2115899999999997,"degrees":[251,1390,2357,558,30]},"num_concepts_raised":8474},{"base_id":911,"kind":"bot_words","i1":4,"i2":5,"sol":{"path":["/c/en/mammals","/c/en/school","/c/en/playground"],"weight":0.203,"degrees":[90,2171,176]},"num_concepts_raised":220},{"base_id":911,"kind":"bot_words","i1":4,"i2":6,"sol":{"path":["/c/en/mammals","/c/en/school","/c/fr/décrochage","/c/fr/aéronautique","/c/en/aeronautical"],"weight":0.20587999999999967,"degrees":[90,2171,56,315,52]},"num_concepts_raised":18242},{"base_id":911,"kind":"bot_words","i1":4,"i2":7,"sol":{"path":["/c/en/mammals","/c/en/animal","/c/en/resident","/c/en/residential"],"weight":0.2062899999999993,"degrees":[90,3735,481,162]},"num_concepts_raised":28953},{"base_id":911,"kind":"bot_words","i1":4,"i2":8,"sol":{"path":["/c/en/mammals","/c/en/school","/c/en/chemistry","/c/en/permanganic_acid","/c/en/permanganate"],"weight":0.21313999999999966,"degrees":[90,2171,11754,16,66]},"num_concepts_raised":25804},{"base_id":911,"kind":"bot_words","i1":4,"i2":9,"sol":{"path":["/c/en/mammals","/c/en/mammal","/c/en/dog","/c/en/loved","/c/en/admired"],"weight":0.20574999999999966,"degrees":[90,2187,2320,124,30]},"num_concepts_raised":18463},{"base_id":911,"kind":"bot_words","i1":5,"i2":6,"sol":{"path":["/c/en/playground","/c/en/play","/c/fi/lento","/c/en/aeronautical"],"weight":0.2065599999999999,"degrees":[176,3092,97,52]},"num_concepts_raised":20134},{"base_id":911,"kind":"bot_words","i1":5,"i2":7,"sol":{"path":["/c/en/playground","/c/en/play","/c/en/house","/c/en/residential"],"weight":0.20815999999999957,"degrees":[176,3092,3114,162]},"num_concepts_raised":30619},{"base_id":911,"kind":"bot_words","i1":5,"i2":8,"sol":{"path":["/c/en/playground","/c/en/sand","/c/en/salt","/c/en/permanganate"],"weight":0.2105399999999999,"degrees":[176,1346,2754,66]},"num_concepts_raised":27759},{"base_id":911,"kind":"bot_words","i1":5,"i2":9,"sol":{"path":["/c/en/playground","/c/en/play","/c/en/child","/c/en/loved","/c/en/admired"],"weight":0.20727999999999988,"degrees":[176,3092,2784,124,30]},"num_concepts_raised":20407},{"base_id":911,"kind":"bot_words","i1":6,"i2":7,"sol":{"path":["/c/en/aeronautical","/c/en/flight","/c/en/trip","/c/en/residential"],"weight":0.20460999999999957,"degrees":[52,731,889,162]},"num_concepts_raised":14419},{"base_id":911,"kind":"bot_words","i1":6,"i2":8,"sol":{"path":["/c/en/aeronautical","/c/en/aerospace","/c/en/industry","/c/en/potassium_permanganate","/c/en/permanganate"],"weight":0.2108799999999999,"degrees":[52,84,834,90,66]},"num_concepts_raised":10989},{"base_id":911,"kind":"bot_words","i1":6,"i2":9,"sol":{"path":["/c/en/aeronautical","/c/en/nasa","/c/en/plant","/c/en/list","/c/en/admired"],"weight":0.2031499999999999,"degrees":[52,196,7959,1079,30]},"num_concepts_raised":3535},{"base_id":911,"kind":"bot_words","i1":7,"i2":8,"sol":{"path":["/c/en/residential","/c/en/street","/c/en/salt","/c/en/permanganate"],"weight":0.21000999999999956,"degrees":[162,1387,2754,66]},"num_concepts_raised":22058},{"base_id":911,"kind":"bot_words","i1":7,"i2":9,"sol":{"path":["/c/en/residential","/c/en/house","/c/en/family","/c/en/loved","/c/en/admired"],"weight":0.20571999999999951,"degrees":[162,3114,3166,124,30]},"num_concepts_raised":14651},{"base_id":911,"kind":"bot_words","i1":8,"i2":9,"sol":{"path":["/c/en/permanganate","/c/en/salt","/c/en/like","/c/en/admire","/c/en/admired"],"weight":0.20945999999999987,"degrees":[66,2754,2357,558,30]},"num_concepts_raised":11208}],[{"base_id":911,"kind":"top_words","i1":0,"i2":1,"sol":{"path":["/c/en/seedbed","/c/en/bed","/c/en/book","/c/en/catechism","/c/en/catechesis"],"weight":0.21055999999999991,"degrees":[67,2185,3239,161,35]},"num_concepts_raised":5678},{"base_id":911,"kind":"top_words","i1":0,"i2":2,"sol":{"path":["/c/en/seedbed","/c/en/seed","/c/en/offspring","/c/en/gestate"],"weight":0.21066999999999977,"degrees":[67,1813,648,59]},"num_concepts_raised":9452},{"base_id":911,"kind":"top_words","i1":0,"i2":3,"sol":{"path":["/c/en/seedbed","/c/en/seed","/c/en/plant","/c/en/biology","/c/en/cryobiology"],"weight":0.21591999999999992,"degrees":[67,1813,7959,6216,51]},"num_concepts_raised":10982},{"base_id":911,"kind":"top_words","i1":0,"i2":4,"sol":{"path":["/c/en/seedbed","/c/en/bed","/c/en/sleep","/c/en/long","/c/en/hanker"],"weight":0.21104999999999974,"degrees":[67,2185,2114,1806,77]},"num_concepts_raised":9075},{"base_id":911,"kind":"top_words","i1":0,"i2":5,"sol":{"path":["/c/en/seedbed","/c/en/bed","/c/en/person","/c/en/disability","/c/en/unfitness"],"weight":0.21062999999999987,"degrees":[67,2185,12935,328,45]},"num_concepts_raised":4799},{"base_id":911,"kind":"top_words","i1":0,"i2":6,"sol":{"path":["/c/en/seedbed","/c/en/seed","/c/en/process","/c/en/drug","/c/en/cathine"],"weight":0.2174199999999999,"degrees":[67,1813,1571,4920,25]},"num_concepts_raised":8213},{"base_id":911,"kind":"top_words","i1":0,"i2":7,"sol":{"path":["/c/en/seedbed","/c/en/bed","/c/en/rest","/c/en/relief","/c/en/palliation"],"weight":0.21054999999999996,"degrees":[67,2185,2053,716,30]},"num_concepts_raised":4947},{"base_id":911,"kind":"top_words","i1":0,"i2":8,"sol":{"path":["/c/en/seedbed","/c/en/seed","/c/en/beginning","/c/en/acronym","/c/en/backronym"],"weight":0.21139999999999995,"degrees":[67,1813,1343,230,27]},"num_concepts_raised":3726},{"base_id":911,"kind":"top_words","i1":0,"i2":9,"sol":{"path":["/c/en/seedbed","/c/en/bed","/c/en/comfort","/c/en/pleasure","/c/en/delectation"],"weight":0.21062999999999996,"degrees":[67,2185,789,1118,25]},"num_concepts_raised":4940},{"base_id":911,"kind":"top_words","i1":1,"i2":2,"sol":{"path":["/c/en/catechesis","/c/fr/catéchèse","/c/fr/religion","/c/fr/convertir","/c/en/gestate"],"weight":0.20509999999999973,"degrees":[35,15,6634,234,59]},"num_concepts_raised":8396},{"base_id":911,"kind":"top_words","i1":1,"i2":3,"sol":{"path":["/c/en/catechesis","/c/en/instruction","/c/en/order","/c/en/biology","/c/en/cryobiology"],"weight":0.20819999999999989,"degrees":[35,536,2833,6216,51]},"num_concepts_raised":9913},{"base_id":911,"kind":"top_words","i1":1,"i2":4,"sol":{"path":["/c/en/catechesis","/c/en/religious","/c/en/hope","/c/fr/désirer","/c/en/hanker"],"weight":0.20449999999999968,"degrees":[35,1068,1268,314,77]},"num_concepts_raised":7968},{"base_id":911,"kind":"top_words","i1":1,"i2":5,"sol":{"path":["/c/en/catechesis","/c/en/teaching","/c/en/special_education","/c/en/disability","/c/en/unfitness"],"weight":0.2030199999999998,"degrees":[35,517,105,328,45]},"num_concepts_raised":3677},{"base_id":911,"kind":"top_words","i1":1,"i2":6,"sol":{"path":["/c/en/catechesis","/c/en/orally","/c/en/drug","/c/en/cathine"],"weight":0.20980999999999989,"degrees":[35,66,4920,25]},"num_concepts_raised":7085},{"base_id":911,"kind":"top_words","i1":1,"i2":7,"sol":{"path":["/c/en/catechesis","/c/en/teaching","/c/en/expressing_information","/c/en/relief","/c/en/palliation"],"weight":0.20292999999999994,"degrees":[35,517,99,716,30]},"num_concepts_raised":3822},{"base_id":911,"kind":"top_words","i1":1,"i2":8,"sol":{"path":["/c/en/catechesis","/c/grc/κατα","/c/en/back","/c/en/back_formation","/c/en/backronym"],"weight":0.20276999999999992,"degrees":[35,138,2238,61,27]},"num_concepts_raised":2594},{"base_id":911,"kind":"top_words","i1":1,"i2":9,"sol":{"path":["/c/en/catechesis","/c/en/catechetical","/c/en/theology","/c/fi/delektaatio","/c/en/delectation"],"weight":0.20379999999999993,"degrees":[35,11,785,5,25]},"num_concepts_raised":3816},{"base_id":911,"kind":"top_words","i1":2,"i2":3,"sol":{"path":["/c/en/gestate","/c/en/conceive","/c/de/empfangen","/c/en/biology","/c/en/cryobiology"],"weight":0.20855999999999975,"degrees":[59,288,152,6216,51]},"num_concepts_raised":13699},{"base_id":911,"kind":"top_words","i1":2,"i2":4,"sol":{"path":["/c/en/gestate","/c/en/design","/c/la/de","/c/fr/désirer","/c/en/hanker"],"weight":0.20465999999999954,"degrees":[59,1361,405,314,77]},"num_concepts_raised":11785},{"base_id":911,"kind":"top_words","i1":2,"i2":5,"sol":{"path":["/c/en/gestate","/c/en/offspring","/c/en/fitness","/c/en/unfitness"],"weight":0.20316999999999968,"degrees":[59,648,242,45]},"num_concepts_raised":7538},{"base_id":911,"kind":"top_words","i1":2,"i2":6,"sol":{"path":["/c/en/gestate","/c/en/delivery","/c/en/drug","/c/en/cathine"],"weight":0.20997999999999972,"degrees":[59,518,4920,25]},"num_concepts_raised":10943},{"base_id":911,"kind":"top_words","i1":2,"i2":7,"sol":{"path":["/c/en/gestate","/c/en/conception","/c/en/extenuate","/c/en/palliate","/c/en/palliation"],"weight":0.2041999999999998,"degrees":[59,324,83,79,30]},"num_concepts_raised":7671},{"base_id":911,"kind":"top_words","i1":2,"i2":8,"sol":{"path":["/c/en/gestate","/c/en/design","/c/en/form","/c/en/acronym","/c/en/backronym"],"weight":0.20407999999999976,"degrees":[59,1361,2423,230,27]},"num_concepts_raised":6470},{"base_id":911,"kind":"top_words","i1":2,"i2":9,"sol":{"path":["/c/en/gestate","/c/en/conceive","/c/en/copulate","/c/en/pleasure","/c/en/delectation"],"weight":0.20337999999999978,"degrees":[59,288,310,1118,25]},"num_concepts_raised":7680},{"base_id":911,"kind":"top_words","i1":3,"i2":4,"sol":{"path":["/c/en/cryobiology","/c/en/organism","/c/en/need","/c/en/crave","/c/en/hanker"],"weight":0.20880999999999966,"degrees":[51,1338,1130,223,77]},"num_concepts_raised":13332},{"base_id":911,"kind":"top_words","i1":3,"i2":5,"sol":{"path":["/c/en/cryobiology","/c/en/organism","/c/en/fitness","/c/en/unfitness"],"weight":0.20824999999999982,"degrees":[51,1338,242,45]},"num_concepts_raised":9031},{"base_id":911,"kind":"top_words","i1":3,"i2":6,"sol":{"path":["/c/en/cryobiology","/c/en/biology","/c/ru/катин","/c/en/cathine"],"weight":0.21303999999999987,"degrees":[51,6216,20,25]},"num_concepts_raised":12434},{"base_id":911,"kind":"top_words","i1":3,"i2":7,"sol":{"path":["/c/en/cryobiology","/c/en/cryonics","/c/en/medicine","/c/en/palliative","/c/en/palliation"],"weight":0.20919999999999994,"degrees":[51,38,11938,79,30]},"num_concepts_raised":9179},{"base_id":911,"kind":"top_words","i1":3,"i2":8,"sol":{"path":["/c/en/cryobiology","/c/en/biology","/c/en/abbreviation","/c/en/acronym","/c/en/backronym"],"weight":0.2091699999999999,"degrees":[51,6216,659,230,27]},"num_concepts_raised":7962},{"base_id":911,"kind":"top_words","i1":3,"i2":9,"sol":{"path":["/c/en/cryobiology","/c/en/biology","/c/en/person","/c/en/pleasure","/c/en/delectation"],"weight":0.20830999999999994,"degrees":[51,6216,12935,1118,25]},"num_concepts_raised":9187},{"base_id":911,"kind":"top_words","i1":4,"i2":5,"sol":{"path":["/c/en/hanker","/c/en/long","/c/en/unsound","/c/en/unfit","/c/en/unfitness"],"weight":0.20556999999999964,"degrees":[77,1806,99,178,45]},"num_concepts_raised":7098},{"base_id":911,"kind":"top_words","i1":4,"i2":6,"sol":{"path":["/c/en/hanker","/c/en/crave","/c/en/demand","/c/en/drug","/c/en/cathine"],"weight":0.21041999999999966,"degrees":[77,223,879,4920,25]},"num_concepts_raised":10507},{"base_id":911,"kind":"top_words","i1":4,"i2":7,"sol":{"path":["/c/en/hanker","/c/en/ache","/c/en/pain","/c/en/alleviation","/c/en/palliation"],"weight":0.20354999999999973,"degrees":[77,485,2002,74,30]},"num_concepts_raised":7242},{"base_id":911,"kind":"top_words","i1":4,"i2":8,"sol":{"path":["/c/en/hanker","/c/en/er","/c/en/a","/c/en/acronym","/c/en/backronym"],"weight":0.2041699999999997,"degrees":[77,599,1436,230,27]},"num_concepts_raised":6023},{"base_id":911,"kind":"top_words","i1":4,"i2":9,"sol":{"path":["/c/en/hanker","/c/en/desire","/c/en/pleasure","/c/en/delectation"],"weight":0.20358999999999972,"degrees":[77,1617,1118,25]},"num_concepts_raised":7197},{"base_id":911,"kind":"top_words","i1":5,"i2":6,"sol":{"path":["/c/en/unfitness","/c/en/unfit","/c/en/weed","/c/en/drug","/c/en/cathine"],"weight":0.2119399999999998,"degrees":[45,178,699,4920,25]},"num_concepts_raised":6214},{"base_id":911,"kind":"top_words","i1":5,"i2":7,"sol":{"path":["/c/en/unfitness","/c/en/ill_health","/c/en/disease","/c/en/palliative","/c/en/palliation"],"weight":0.20399999999999988,"degrees":[45,41,4216,79,30]},"num_concepts_raised":2947},{"base_id":911,"kind":"top_words","i1":5,"i2":8,"sol":{"path":["/c/en/unfitness","/c/en/fitness","/c/en/form","/c/en/acronym","/c/en/backronym"],"weight":0.20391999999999988,"degrees":[45,242,2423,230,27]},"num_concepts_raised":1726},{"base_id":911,"kind":"top_words","i1":5,"i2":9,"sol":{"path":["/c/en/unfitness","/c/en/disability","/c/en/person","/c/en/pleasure","/c/en/delectation"],"weight":0.20315999999999987,"degrees":[45,328,12935,1118,25]},"num_concepts_raised":2944},{"base_id":911,"kind":"top_words","i1":6,"i2":7,"sol":{"path":["/c/en/cathine","/c/en/drug","/c/en/medicine","/c/en/palliative","/c/en/palliation"],"weight":0.21097999999999995,"degrees":[25,4920,11938,79,30]},"num_concepts_raised":6333},{"base_id":911,"kind":"top_words","i1":6,"i2":8,"sol":{"path":["/c/en/cathine","/c/en/drug","/c/en/medicine","/c/en/a","/c/en/acronym","/c/en/backronym"],"weight":0.21523469999999884,"degrees":[25,4920,11938,1436,230,27]},"num_concepts_raised":198944},{"base_id":911,"kind":"top_words","i1":6,"i2":9,"sol":{"path":["/c/en/cathine","/c/en/drug","/c/en/marijuana","/c/en/pleasure","/c/en/delectation"],"weight":0.2099699999999999,"degrees":[25,4920,466,1118,25]},"num_concepts_raised":6353},{"base_id":911,"kind":"top_words","i1":7,"i2":8,"sol":{"path":["/c/en/palliation","/c/en/palliative","/c/en/medicine","/c/en/a","/c/en/acronym","/c/en/backronym"],"weight":0.20969009999999988,"degrees":[30,79,11938,1436,230,27]},"num_concepts_raised":208678},{"base_id":911,"kind":"top_words","i1":7,"i2":9,"sol":{"path":["/c/en/palliation","/c/en/alleviation","/c/en/pain","/c/en/pleasure","/c/en/delectation"],"weight":0.20315,"degrees":[30,74,2002,1118,25]},"num_concepts_raised":3083},{"base_id":911,"kind":"top_words","i1":8,"i2":9,"sol":{"path":["/c/en/backronym","/c/en/acronym","/c/en/form","/c/en/treat","/c/ru/наслаждение","/c/en/delectation"],"weight":0.20949989999999993,"degrees":[27,230,2423,833,24,25]},"num_concepts_raised":189080}]]