[[{"base_id":639,"kind":"bot_words","i1":0,"i2":1,"sol":{"path":["/c/en/yugur","/c/en/ethnic_group","/c/en/flemish","/c/en/rope","/c/en/towline"],"weight":0.20791999999999983,"degrees":[32,622,157,1228,33]},"num_concepts_raised":5556},{"base_id":639,"kind":"bot_words","i1":0,"i2":2,"sol":{"path":["/c/en/yugur","/c/en/ethnic_group","/c/en/identify","/c/en/describe","/c/en/delineate","/c/en/delineated"],"weight":0.2118939999999997,"degrees":[32,622,431,523,126,25]},"num_concepts_raised":49620},{"base_id":639,"kind":"bot_words","i1":0,"i2":3,"sol":{"path":["/c/en/yugur","/c/en/ethnic_group","/c/en/people","/c/en/city","/c/en/busan"],"weight":0.21411999999999987,"degrees":[32,622,4475,3758,115]},"num_concepts_raised":5480},{"base_id":639,"kind":"bot_words","i1":0,"i2":4,"sol":{"path":["/c/en/yugur","/c/en/uyghur","/c/en/china","/c/en/world_war_ii","/c/en/wwii"],"weight":0.20784999999999978,"degrees":[32,53,1318,351,32]},"num_concepts_raised":5918},{"base_id":639,"kind":"bot_words","i1":0,"i2":5,"sol":{"path":["/c/en/yugur","/c/en/ethnic_group","/c/en/cherokee","/c/en/gold","/c/en/florin"],"weight":0.20786999999999978,"degrees":[32,622,175,1435,35]},"num_concepts_raised":9363},{"base_id":639,"kind":"bot_words","i1":0,"i2":6,"sol":{"path":["/c/en/yugur","/c/en/uyghur","/c/en/china","/c/en/medicinal","/c/en/pastille"],"weight":0.20796999999999985,"degrees":[32,53,1318,225,43]},"num_concepts_raised":6536},{"base_id":639,"kind":"bot_words","i1":0,"i2":7,"sol":{"path":["/c/en/yugur","/c/en/ethnic_group","/c/en/group","/c/en/functional_group","/c/en/ketone"],"weight":0.21732999999999908,"degrees":[32,622,2339,294,387]},"num_concepts_raised":18747},{"base_id":639,"kind":"bot_words","i1":0,"i2":8,"sol":{"path":["/c/en/yugur","/c/en/ethnic_group","/c/en/group","/c/en/insect","/c/en/termite"],"weight":0.21871999999999978,"degrees":[32,622,2339,2112,280]},"num_concepts_raised":24804},{"base_id":639,"kind":"bot_words","i1":0,"i2":9,"sol":{"path":["/c/en/yugur","/c/en/uyghur","/c/en/china","/c/en/communist","/c/en/commie"],"weight":0.21112999999999985,"degrees":[32,53,1318,346,46]},"num_concepts_raised":32039},{"base_id":639,"kind":"bot_words","i1":1,"i2":2,"sol":{"path":["/c/en/towline","/c/en/line","/c/en/delineate","/c/en/delineated"],"weight":0.20385999999999993,"degrees":[33,3018,126,25]},"num_concepts_raised":5157},{"base_id":639,"kind":"bot_words","i1":1,"i2":3,"sol":{"path":["/c/en/towline","/c/en/rope","/c/en/boat","/c/en/port","/c/en/busan"],"weight":0.20923999999999993,"degrees":[33,1228,1763,979,115]},"num_concepts_raised":9492},{"base_id":639,"kind":"bot_words","i1":1,"i2":4,"sol":{"path":["/c/en/towline","/c/en/rope","/c/en/copenhagen","/c/en/world_war_ii","/c/en/wwii"],"weight":0.20297999999999983,"degrees":[33,1228,134,351,32]},"num_concepts_raised":9976},{"base_id":639,"kind":"bot_words","i1":1,"i2":5,"sol":{"path":["/c/en/towline","/c/en/line","/c/en/italy","/c/en/florin"],"weight":0.20288999999999985,"degrees":[33,3018,885,35]},"num_concepts_raised":13315},{"base_id":639,"kind":"bot_words","i1":1,"i2":6,"sol":{"path":["/c/en/towline","/c/en/line","/c/en/oil","/c/en/pastille"],"weight":0.20307999999999993,"degrees":[33,3018,1904,43]},"num_concepts_raised":10525},{"base_id":639,"kind":"bot_words","i1":1,"i2":7,"sol":{"path":["/c/en/towline","/c/en/line","/c/en/two","/c/en/one","/c/en/ketone"],"weight":0.2164699999999991,"degrees":[33,3018,1673,2499,387]},"num_concepts_raised":22763},{"base_id":639,"kind":"bot_words","i1":1,"i2":8,"sol":{"path":["/c/en/towline","/c/en/line","/c/en/order","/c/en/termite"],"weight":0.21161999999999986,"degrees":[33,3018,2833,280]},"num_concepts_raised":28647},{"base_id":639,"kind":"bot_words","i1":1,"i2":9,"sol":{"path":["/c/en/towline","/c/en/rope","/c/en/slang","/c/en/commie"],"weight":0.20424999999999993,"degrees":[33,1228,16318,46]},"num_concepts_raised":35783},{"base_id":639,"kind":"bot_words","i1":2,"i2":3,"sol":{"path":["/c/en/delineated","/c/en/portrayed","/c/en/portray","/c/en/port","/c/en/busan"],"weight":0.21005999999999997,"degrees":[25,21,261,979,115]},"num_concepts_raised":5102},{"base_id":639,"kind":"bot_words","i1":2,"i2":4,"sol":{"path":["/c/en/delineated","/c/en/delineate","/c/en/outline","/c/en/story","/c/fr/histoire","/c/en/wwii"],"weight":0.20785979999999915,"degrees":[25,126,666,1207,4439,32]},"num_concepts_raised":346456},{"base_id":639,"kind":"bot_words","i1":2,"i2":5,"sol":{"path":["/c/en/delineated","/c/en/delineate","/c/en/table","/c/en/british","/c/en/florin"],"weight":0.2038299999999999,"degrees":[25,126,1618,3452,35]},"num_concepts_raised":8977},{"base_id":639,"kind":"bot_words","i1":2,"i2":6,"sol":{"path":["/c/en/delineated","/c/en/delineate","/c/en/coal","/c/en/oil","/c/en/pastille"],"weight":0.20398999999999995,"degrees":[25,126,1121,1904,43]},"num_concepts_raised":6148},{"base_id":639,"kind":"bot_words","i1":2,"i2":7,"sol":{"path":["/c/en/delineated","/c/en/delineate","/c/en/coal","/c/en/carbon","/c/en/ketone"],"weight":0.21322999999999917,"degrees":[25,126,1121,1510,387]},"num_concepts_raised":18363},{"base_id":639,"kind":"bot_words","i1":2,"i2":8,"sol":{"path":["/c/en/delineated","/c/en/delineate","/c/en/stake","/c/en/wood","/c/en/termite"],"weight":0.2125999999999999,"degrees":[25,126,611,2440,280]},"num_concepts_raised":24416},{"base_id":639,"kind":"bot_words","i1":2,"i2":9,"sol":{"path":["/c/en/delineated","/c/en/delineate","/c/en/line","/c/en/slang","/c/en/commie"],"weight":0.20511999999999997,"degrees":[25,126,3018,16318,46]},"num_concepts_raised":31661},{"base_id":639,"kind":"bot_words","i1":3,"i2":4,"sol":{"path":["/c/en/busan","/c/en/city","/c/en/germany","/c/en/world_war_ii","/c/en/wwii"],"weight":0.20916999999999988,"degrees":[115,3758,1036,351,32]},"num_concepts_raised":9904},{"base_id":639,"kind":"bot_words","i1":3,"i2":5,"sol":{"path":["/c/en/busan","/c/en/port","/c/en/change","/c/en/currency","/c/en/florin"],"weight":0.20922999999999986,"degrees":[115,979,3383,877,35]},"num_concepts_raised":13246},{"base_id":639,"kind":"bot_words","i1":3,"i2":6,"sol":{"path":["/c/en/busan","/c/en/port","/c/en/land","/c/fr/pastille","/c/en/pastille"],"weight":0.21136999999999995,"degrees":[115,979,2465,78,43]},"num_concepts_raised":10496},{"base_id":639,"kind":"bot_words","i1":3,"i2":7,"sol":{"path":["/c/en/busan","/c/en/port","/c/en/place","/c/en/one","/c/en/ketone"],"weight":0.22267999999999916,"degrees":[115,979,3314,2499,387]},"num_concepts_raised":22716},{"base_id":639,"kind":"bot_words","i1":3,"i2":8,"sol":{"path":["/c/en/busan","/c/en/city","/c/en/cathedral","/c/en/termite"],"weight":0.2178199999999999,"degrees":[115,3758,380,280]},"num_concepts_raised":28684},{"base_id":639,"kind":"bot_words","i1":3,"i2":9,"sol":{"path":["/c/en/busan","/c/en/port","/c/en/computing","/c/en/commie"],"weight":0.20937999999999996,"degrees":[115,979,9084,46]},"num_concepts_raised":35823},{"base_id":639,"kind":"bot_words","i1":4,"i2":5,"sol":{"path":["/c/en/wwii","/c/en/world_war_ii","/c/en/italy","/c/en/florin"],"weight":0.20287999999999978,"degrees":[32,351,885,35]},"num_concepts_raised":13745},{"base_id":639,"kind":"bot_words","i1":4,"i2":6,"sol":{"path":["/c/en/wwii","/c/fr/histoire","/c/fr/chambre","/c/fr/pastille","/c/en/pastille"],"weight":0.20503999999999986,"degrees":[32,4439,462,78,43]},"num_concepts_raised":10963},{"base_id":639,"kind":"bot_words","i1":4,"i2":7,"sol":{"path":["/c/en/wwii","/c/en/wwi","/c/en/issue","/c/en/one","/c/en/ketone"],"weight":0.21732999999999908,"degrees":[32,20,1087,2499,387]},"num_concepts_raised":23175},{"base_id":639,"kind":"bot_words","i1":4,"i2":8,"sol":{"path":["/c/en/wwii","/c/en/johnny_canuck","/c/en/soldier","/c/en/termite"],"weight":0.2114899999999998,"degrees":[32,15,1446,280]},"num_concepts_raised":29177},{"base_id":639,"kind":"bot_words","i1":4,"i2":9,"sol":{"path":["/c/en/wwii","/c/en/goon","/c/en/pejorative","/c/en/commie"],"weight":0.20408999999999988,"degrees":[32,77,3581,46]},"num_concepts_raised":36384},{"base_id":639,"kind":"bot_words","i1":5,"i2":6,"sol":{"path":["/c/en/florin","/c/en/gold","/c/en/oil","/c/en/pastille"],"weight":0.20305999999999985,"degrees":[35,1435,1904,43]},"num_concepts_raised":14309},{"base_id":639,"kind":"bot_words","i1":5,"i2":7,"sol":{"path":["/c/en/florin","/c/en/coin","/c/en/one","/c/en/ketone"],"weight":0.2163999999999991,"degrees":[35,1336,2499,387]},"num_concepts_raised":26530},{"base_id":639,"kind":"bot_words","i1":5,"i2":8,"sol":{"path":["/c/en/florin","/c/en/british","/c/en/stick","/c/en/termite"],"weight":0.2116099999999998,"degrees":[35,3452,2046,280]},"num_concepts_raised":32402},{"base_id":639,"kind":"bot_words","i1":5,"i2":9,"sol":{"path":["/c/en/florin","/c/en/coin","/c/en/slang","/c/en/commie"],"weight":0.20420999999999984,"degrees":[35,1336,16318,46]},"num_concepts_raised":38869},{"base_id":639,"kind":"bot_words","i1":6,"i2":7,"sol":{"path":["/c/en/pastille","/c/en/oil","/c/en/carbon","/c/en/ketone"],"weight":0.21243999999999916,"degrees":[43,1904,1510,387]},"num_concepts_raised":23631},{"base_id":639,"kind":"bot_words","i1":6,"i2":8,"sol":{"path":["/c/en/pastille","/c/en/pill","/c/en/swallow","/c/en/insect","/c/en/termite"],"weight":0.21399999999999986,"degrees":[43,549,1147,2112,280]},"num_concepts_raised":29662},{"base_id":639,"kind":"bot_words","i1":6,"i2":9,"sol":{"path":["/c/en/pastille","/c/en/pill","/c/en/slang","/c/en/commie"],"weight":0.20442999999999995,"degrees":[43,549,16318,46]},"num_concepts_raised":36800},{"base_id":639,"kind":"bot_words","i1":7,"i2":8,"sol":{"path":["/c/en/ketone","/c/en/one","/c/en/stick","/c/en/termite"],"weight":0.22509999999999908,"degrees":[387,2499,2046,280]},"num_concepts_raised":41890},{"base_id":639,"kind":"bot_words","i1":7,"i2":9,"sol":{"path":["/c/en/ketone","/c/en/atom","/c/en/computing","/c/en/commie"],"weight":0.21244999999999914,"degrees":[387,1498,9084,46]},"num_concepts_raised":49108},{"base_id":639,"kind":"bot_words","i1":8,"i2":9,"sol":{"path":["/c/en/termite","/c/en/white_ant","/c/en/australia","/c/en/commie"],"weight":0.21408999999999986,"degrees":[280,34,2690,46]},"num_concepts_raised":54502}],[{"base_id":639,"kind":"top_words","i1":0,"i2":1,"sol":{"path":["/c/en/discriminant","/c/en/variable","/c/en/parameter"],"weight":0.203,"degrees":[46,673,304]},"num_concepts_raised":275},{"base_id":639,"kind":"top_words","i1":0,"i2":2,"sol":{"path":["/c/en/discriminant","/c/en/root","/c/en/number","/c/en/ordinal"],"weight":0.2116500000000006,"degrees":[46,1503,2301,376]},"num_concepts_raised":31353},{"base_id":639,"kind":"top_words","i1":0,"i2":3,"sol":{"path":["/c/en/discriminant","/c/en/algebra","/c/en/zero","/c/en/0"],"weight":0.21463999999999944,"degrees":[46,709,795,158]},"num_concepts_raised":19757},{"base_id":639,"kind":"top_words","i1":0,"i2":4,"sol":{"path":["/c/en/discriminant","/c/fr/discriminant","/c/en/mathematics","/c/en/theta"],"weight":0.21085999999999988,"degrees":[46,35,7601,138]},"num_concepts_raised":18089},{"base_id":639,"kind":"top_words","i1":0,"i2":5,"sol":{"path":["/c/en/discriminant","/c/en/complex","/c/en/inferior","/c/en/subscript"],"weight":0.20572999999999989,"degrees":[46,884,578,85]},"num_concepts_raised":23343},{"base_id":639,"kind":"top_words","i1":0,"i2":6,"sol":{"path":["/c/en/discriminant","/c/en/algebra","/c/ko/대수","/c/en/logarithm"],"weight":0.2138200000000001,"degrees":[46,709,6,259]},"num_concepts_raised":26066},{"base_id":639,"kind":"top_words","i1":0,"i2":7,"sol":{"path":["/c/en/discriminant","/c/en/algebra","/c/en/multiplicative"],"weight":0.202,"degrees":[46,709,42]},"num_concepts_raised":71},{"base_id":639,"kind":"top_words","i1":0,"i2":8,"sol":{"path":["/c/en/discriminant","/c/en/root","/c/en/slang","/c/en/z"],"weight":0.2088399999999997,"degrees":[46,1503,16318,97]},"num_concepts_raised":46280},{"base_id":639,"kind":"top_words","i1":0,"i2":9,"sol":{"path":["/c/en/discriminant","/c/en/algebra","/c/en/homomorphism"],"weight":0.20400000000000001,"degrees":[46,709,115]},"num_concepts_raised":116},{"base_id":639,"kind":"top_words","i1":1,"i2":2,"sol":{"path":["/c/en/parameter","/c/en/ordinate","/c/en/ordinal"],"weight":0.202,"degrees":[304,82,376]},"num_concepts_raised":498},{"base_id":639,"kind":"top_words","i1":1,"i2":3,"sol":{"path":["/c/en/parameter","/c/en/binary","/c/en/0"],"weight":0.20400000000000001,"degrees":[304,302,158]},"num_concepts_raised":380},{"base_id":639,"kind":"top_words","i1":1,"i2":4,"sol":{"path":["/c/en/parameter","/c/en/argument","/c/en/mathematics","/c/en/theta"],"weight":0.2152099999999993,"degrees":[304,881,7601,138]},"num_concepts_raised":35622},{"base_id":639,"kind":"top_words","i1":1,"i2":5,"sol":{"path":["/c/en/parameter","/c/en/argument","/c/en/kronecker_delta","/c/en/subscript"],"weight":0.20902999999999933,"degrees":[304,881,64,85]},"num_concepts_raised":40302},{"base_id":639,"kind":"top_words","i1":1,"i2":6,"sol":{"path":["/c/en/parameter","/c/en/characteristic","/c/en/logarithm"],"weight":0.20400000000000001,"degrees":[304,882,259]},"num_concepts_raised":398},{"base_id":639,"kind":"top_words","i1":1,"i2":7,"sol":{"path":["/c/en/parameter","/c/en/argument","/c/en/mathematics","/c/en/multiplicative"],"weight":0.20888999999999935,"degrees":[304,881,7601,42]},"num_concepts_raised":41264},{"base_id":639,"kind":"top_words","i1":1,"i2":8,"sol":{"path":["/c/en/parameter","/c/en/computer_science","/c/en/a","/c/en/z"],"weight":0.21388999999999914,"degrees":[304,739,1436,97]},"num_concepts_raised":63381},{"base_id":639,"kind":"top_words","i1":1,"i2":9,"sol":{"path":["/c/en/parameter","/c/en/argument","/c/en/representation","/c/en/homomorphism"],"weight":0.21464999999999945,"degrees":[304,881,609,115]},"num_concepts_raised":40834},{"base_id":639,"kind":"top_words","i1":2,"i2":3,"sol":{"path":["/c/en/ordinal","/c/en/zero","/c/en/0"],"weight":0.20700000000000002,"degrees":[376,795,158]},"num_concepts_raised":401},{"base_id":639,"kind":"top_words","i1":2,"i2":4,"sol":{"path":["/c/en/ordinal","/c/en/number","/c/en/mathematics","/c/en/theta"],"weight":0.21821000000000057,"degrees":[376,2301,7601,138]},"num_concepts_raised":31857},{"base_id":639,"kind":"top_words","i1":2,"i2":5,"sol":{"path":["/c/en/ordinal","/c/en/number","/c/en/character","/c/en/subscript"],"weight":0.2122300000000006,"degrees":[376,2301,1971,85]},"num_concepts_raised":36669},{"base_id":639,"kind":"top_words","i1":2,"i2":6,"sol":{"path":["/c/en/ordinal","/c/en/number","/c/en/exponent","/c/en/logarithm"],"weight":0.2222000000000008,"degrees":[376,2301,156,259]},"num_concepts_raised":39812},{"base_id":639,"kind":"top_words","i1":2,"i2":7,"sol":{"path":["/c/en/ordinal","/c/en/number","/c/en/mathematics","/c/en/multiplicative"],"weight":0.2118700000000006,"degrees":[376,2301,7601,42]},"num_concepts_raised":37561},{"base_id":639,"kind":"top_words","i1":2,"i2":8,"sol":{"path":["/c/en/ordinal","/c/en/omega","/c/en/z"],"weight":0.20400000000000001,"degrees":[376,152,97]},"num_concepts_raised":345},{"base_id":639,"kind":"top_words","i1":2,"i2":9,"sol":{"path":["/c/en/ordinal","/c/en/number","/c/en/group","/c/en/homomorphism"],"weight":0.2178400000000007,"degrees":[376,2301,2339,115]},"num_concepts_raised":36916},{"base_id":639,"kind":"top_words","i1":3,"i2":4,"sol":{"path":["/c/en/0","/c/en/zero","/c/en/mathematics","/c/en/theta"],"weight":0.22101999999999944,"degrees":[158,795,7601,138]},"num_concepts_raised":20388},{"base_id":639,"kind":"top_words","i1":3,"i2":5,"sol":{"path":["/c/en/0","/c/en/zero","/c/en/computing","/c/en/subscript"],"weight":0.21631999999999948,"degrees":[158,795,9084,85]},"num_concepts_raised":25103},{"base_id":639,"kind":"top_words","i1":3,"i2":6,"sol":{"path":["/c/en/0","/c/en/zero","/c/en/mathematics","/c/en/logarithm"],"weight":0.22366999999999967,"degrees":[158,795,7601,259]},"num_concepts_raised":28500},{"base_id":639,"kind":"top_words","i1":3,"i2":7,"sol":{"path":["/c/en/0","/c/en/zero","/c/en/mathematics","/c/en/multiplicative"],"weight":0.21468999999999946,"degrees":[158,795,7601,42]},"num_concepts_raised":26240},{"base_id":639,"kind":"top_words","i1":3,"i2":8,"sol":{"path":["/c/en/0","/c/en/alphanumeric","/c/en/z"],"weight":0.20600000000000002,"degrees":[158,109,97]},"num_concepts_raised":226},{"base_id":639,"kind":"top_words","i1":3,"i2":9,"sol":{"path":["/c/en/0","/c/en/zero","/c/en/algebra","/c/en/homomorphism"],"weight":0.22086999999999957,"degrees":[158,795,709,115]},"num_concepts_raised":25573},{"base_id":639,"kind":"top_words","i1":4,"i2":5,"sol":{"path":["/c/en/theta","/c/en/letter","/c/en/superscript","/c/en/subscript"],"weight":0.21229999999999988,"degrees":[138,2043,87,85]},"num_concepts_raised":23806},{"base_id":639,"kind":"top_words","i1":4,"i2":6,"sol":{"path":["/c/en/theta","/c/en/mathematics","/c/en/logarithm"],"weight":0.20600000000000002,"degrees":[138,7601,259]},"num_concepts_raised":258},{"base_id":639,"kind":"top_words","i1":4,"i2":7,"sol":{"path":["/c/en/theta","/c/en/mathematics","/c/en/multiplicative"],"weight":0.20400000000000001,"degrees":[138,7601,42]},"num_concepts_raised":131},{"base_id":639,"kind":"top_words","i1":4,"i2":8,"sol":{"path":["/c/en/theta","/c/en/letter","/c/en/z"],"weight":0.20600000000000002,"degrees":[138,2043,97]},"num_concepts_raised":182},{"base_id":639,"kind":"top_words","i1":4,"i2":9,"sol":{"path":["/c/en/theta","/c/en/mathematics","/c/en/morphism","/c/en/homomorphism"],"weight":0.21810999999999997,"degrees":[138,7601,107,115]},"num_concepts_raised":24167},{"base_id":639,"kind":"top_words","i1":5,"i2":6,"sol":{"path":["/c/en/subscript","/c/en/index","/c/en/exponent","/c/en/logarithm"],"weight":0.2144700000000001,"degrees":[85,619,156,259]},"num_concepts_raised":31881},{"base_id":639,"kind":"top_words","i1":5,"i2":7,"sol":{"path":["/c/en/subscript","/c/en/printing","/c/en/case","/c/en/multiplicative"],"weight":0.2049099999999999,"degrees":[85,896,1773,42]},"num_concepts_raised":29618},{"base_id":639,"kind":"top_words","i1":5,"i2":8,"sol":{"path":["/c/en/subscript","/c/en/inferior","/c/en/a","/c/en/z"],"weight":0.2134399999999997,"degrees":[85,578,1436,97]},"num_concepts_raised":51214},{"base_id":639,"kind":"top_words","i1":5,"i2":9,"sol":{"path":["/c/en/subscript","/c/en/computing","/c/en/group","/c/en/homomorphism"],"weight":0.21111000000000002,"degrees":[85,9084,2339,115]},"num_concepts_raised":29004},{"base_id":639,"kind":"top_words","i1":6,"i2":7,"sol":{"path":["/c/en/logarithm","/c/en/mathematics","/c/en/multiplicative"],"weight":0.20400000000000001,"degrees":[259,7601,42]},"num_concepts_raised":194},{"base_id":639,"kind":"top_words","i1":6,"i2":8,"sol":{"path":["/c/en/logarithm","/c/en/log","/c/en/slang","/c/en/z"],"weight":0.2214299999999999,"degrees":[259,599,16318,97]},"num_concepts_raised":54769},{"base_id":639,"kind":"top_words","i1":6,"i2":9,"sol":{"path":["/c/en/logarithm","/c/fr/mathématiques","/c/fr/homomorphisme","/c/en/homomorphism"],"weight":0.2224900000000002,"degrees":[259,2720,22,115]},"num_concepts_raised":32065},{"base_id":639,"kind":"top_words","i1":7,"i2":8,"sol":{"path":["/c/en/multiplicative","/c/en/case","/c/en/letter","/c/en/z"],"weight":0.20880999999999972,"degrees":[42,1773,2043,97]},"num_concepts_raised":52718},{"base_id":639,"kind":"top_words","i1":7,"i2":9,"sol":{"path":["/c/en/multiplicative","/c/en/algebra","/c/en/homomorphism"],"weight":0.20400000000000001,"degrees":[42,709,115]},"num_concepts_raised":112},{"base_id":639,"kind":"top_words","i1":8,"i2":9,"sol":{"path":["/c/en/z","/c/en/map","/c/en/homomorphism"],"weight":0.20600000000000002,"degrees":[97,944,115]},"num_concepts_raised":163}]]