[[{"base_id":985,"kind":"bot_words","i1":0,"i2":1,"sol":{"path":["/c/en/centrosome","/c/it/centrosoma","/c/it/centro","/c/en/city","/c/en/utsunomiya"],"weight":0.21086,"degrees":[55,10,61,3758,71]},"num_concepts_raised":6617},{"base_id":985,"kind":"bot_words","i1":0,"i2":2,"sol":{"path":["/c/en/centrosome","/c/it/centrosoma","/c/en/biology","/c/en/metaplasia"],"weight":0.21035999999999977,"degrees":[55,10,6216,45]},"num_concepts_raised":13760},{"base_id":985,"kind":"bot_words","i1":0,"i2":3,"sol":{"path":["/c/en/centrosome","/c/en/cytology","/c/en/blast","/c/en/baseball","/c/en/submariner"],"weight":0.20327999999999985,"degrees":[55,1010,407,1859,37]},"num_concepts_raised":12656},{"base_id":985,"kind":"bot_words","i1":0,"i2":4,"sol":{"path":["/c/en/centrosome","/c/en/nucleus","/c/en/nuclear_physics","/c/en/banana","/c/en/nimby"],"weight":0.2042399999999999,"degrees":[55,559,203,683,33]},"num_concepts_raised":22587},{"base_id":985,"kind":"bot_words","i1":0,"i2":5,"sol":{"path":["/c/en/centrosome","/c/en/cytology","/c/vi/nhân","/c/en/mortal"],"weight":0.20679999999999957,"degrees":[55,1010,17,304]},"num_concepts_raised":54570},{"base_id":985,"kind":"bot_words","i1":0,"i2":6,"sol":{"path":["/c/en/centrosome","/c/en/cytology","/c/en/cell","/c/en/punishment","/c/en/custodial"],"weight":0.20328999999999986,"degrees":[55,1010,2433,1026,38]},"num_concepts_raised":6251},{"base_id":985,"kind":"bot_words","i1":0,"i2":7,"sol":{"path":["/c/en/centrosome","/c/en/nucleus","/c/en/chemistry","/c/en/mixture"],"weight":0.21558999999999806,"degrees":[55,559,11754,671]},"num_concepts_raised":59195},{"base_id":985,"kind":"bot_words","i1":0,"i2":8,"sol":{"path":["/c/en/centrosome","/c/it/centrosoma","/c/it/centro","/c/en/city","/c/en/mtskheta"],"weight":0.21063999999999983,"degrees":[55,10,61,3758,64]},"num_concepts_raised":6370},{"base_id":985,"kind":"bot_words","i1":0,"i2":9,"sol":{"path":["/c/en/centrosome","/c/en/some","/c/en/body","/c/en/mouth"],"weight":0.2357800000000052,"degrees":[55,876,3170,1902]},"num_concepts_raised":165021},{"base_id":985,"kind":"bot_words","i1":1,"i2":2,"sol":{"path":["/c/en/utsunomiya","/c/en/prefecture","/c/en/division","/c/en/biology","/c/en/metaplasia"],"weight":0.21369999999999986,"degrees":[71,402,1509,6216,45]},"num_concepts_raised":15394},{"base_id":985,"kind":"bot_words","i1":1,"i2":3,"sol":{"path":["/c/en/utsunomiya","/c/en/city","/c/en/human","/c/en/submarine","/c/en/submariner"],"weight":0.21069999999999997,"degrees":[71,3758,2645,487,37]},"num_concepts_raised":14041},{"base_id":985,"kind":"bot_words","i1":1,"i2":4,"sol":{"path":["/c/en/utsunomiya","/c/en/city","/c/en/uk","/c/en/nimby"],"weight":0.20853,"degrees":[71,3758,5562,33]},"num_concepts_raised":23955},{"base_id":985,"kind":"bot_words","i1":1,"i2":5,"sol":{"path":["/c/en/utsunomiya","/c/en/city","/c/en/human","/c/en/mortal"],"weight":0.21463999999999966,"degrees":[71,3758,2645,304]},"num_concepts_raised":55886},{"base_id":985,"kind":"bot_words","i1":1,"i2":6,"sol":{"path":["/c/en/utsunomiya","/c/en/city","/c/en/protection","/c/en/custodial"],"weight":0.20858999999999994,"degrees":[71,3758,829,38]},"num_concepts_raised":7702},{"base_id":985,"kind":"bot_words","i1":1,"i2":7,"sol":{"path":["/c/en/utsunomiya","/c/en/japan","/c/en/asphalt","/c/en/mixture"],"weight":0.2205099999999982,"degrees":[71,915,325,671]},"num_concepts_raised":60524},{"base_id":985,"kind":"bot_words","i1":1,"i2":8,"sol":{"path":["/c/en/utsunomiya","/c/en/city","/c/en/mtskheta"],"weight":0.20600000000000002,"degrees":[71,3758,64]},"num_concepts_raised":107},{"base_id":985,"kind":"bot_words","i1":1,"i2":9,"sol":{"path":["/c/en/utsunomiya","/c/en/city","/c/en/water","/c/en/mouth"],"weight":0.2412100000000053,"degrees":[71,3758,4606,1902]},"num_concepts_raised":166188},{"base_id":985,"kind":"bot_words","i1":2,"i2":3,"sol":{"path":["/c/en/metaplasia","/c/en/barrett's_esophagus","/c/en/us","/c/en/submariner"],"weight":0.20795999999999976,"degrees":[45,32,8154,37]},"num_concepts_raised":21379},{"base_id":985,"kind":"bot_words","i1":2,"i2":4,"sol":{"path":["/c/en/metaplasia","/c/en/barrett's_esophagus","/c/en/us","/c/en/nimby"],"weight":0.2079399999999998,"degrees":[45,32,8154,33]},"num_concepts_raised":31290},{"base_id":985,"kind":"bot_words","i1":2,"i2":5,"sol":{"path":["/c/en/metaplasia","/c/en/disease","/c/en/death","/c/en/mortal"],"weight":0.2142999999999995,"degrees":[45,4216,2449,304]},"num_concepts_raised":62843},{"base_id":985,"kind":"bot_words","i1":2,"i2":6,"sol":{"path":["/c/en/metaplasia","/c/en/disease","/c/en/prophylactic","/c/en/protective","/c/en/custodial"],"weight":0.20903999999999973,"degrees":[45,4216,109,262,38]},"num_concepts_raised":14999},{"base_id":985,"kind":"bot_words","i1":2,"i2":7,"sol":{"path":["/c/en/metaplasia","/c/en/biology","/c/en/chemistry","/c/en/mixture"],"weight":0.22049999999999798,"degrees":[45,6216,11754,671]},"num_concepts_raised":67437},{"base_id":985,"kind":"bot_words","i1":2,"i2":8,"sol":{"path":["/c/en/metaplasia","/c/en/biology","/c/en/population","/c/en/city","/c/en/mtskheta"],"weight":0.21345999999999973,"degrees":[45,6216,846,3758,64]},"num_concepts_raised":15151},{"base_id":985,"kind":"bot_words","i1":2,"i2":9,"sol":{"path":["/c/en/metaplasia","/c/en/tissue","/c/en/lip","/c/en/mouth"],"weight":0.2429900000000051,"degrees":[45,1024,837,1902]},"num_concepts_raised":172543},{"base_id":985,"kind":"bot_words","i1":3,"i2":4,"sol":{"path":["/c/en/submariner","/c/en/us","/c/en/nimby"],"weight":0.202,"degrees":[37,8154,33]},"num_concepts_raised":59},{"base_id":985,"kind":"bot_words","i1":3,"i2":5,"sol":{"path":["/c/en/submariner","/c/en/submarine","/c/en/human","/c/en/mortal"],"weight":0.21106999999999956,"degrees":[37,487,2645,304]},"num_concepts_raised":59691},{"base_id":985,"kind":"bot_words","i1":3,"i2":6,"sol":{"path":["/c/en/submariner","/c/en/us","/c/en/custodian","/c/en/custodial"],"weight":0.20393999999999984,"degrees":[37,8154,158,38]},"num_concepts_raised":13699},{"base_id":985,"kind":"bot_words","i1":3,"i2":7,"sol":{"path":["/c/en/submariner","/c/en/submarine","/c/en/steel","/c/en/mixture"],"weight":0.21705999999999806,"degrees":[37,487,1352,671]},"num_concepts_raised":65983},{"base_id":985,"kind":"bot_words","i1":3,"i2":8,"sol":{"path":["/c/en/submariner","/c/en/submarine","/c/en/human","/c/en/city","/c/en/mtskheta"],"weight":0.21047999999999983,"degrees":[37,487,2645,3758,64]},"num_concepts_raised":13782},{"base_id":985,"kind":"bot_words","i1":3,"i2":9,"sol":{"path":["/c/en/submariner","/c/en/submarine","/c/en/head","/c/en/mouth"],"weight":0.23981000000000516,"degrees":[37,487,3580,1902]},"num_concepts_raised":170190},{"base_id":985,"kind":"bot_words","i1":4,"i2":5,"sol":{"path":["/c/en/nimby","/c/en/uk","/c/en/mortal"],"weight":0.202,"degrees":[33,5562,304]},"num_concepts_raised":263},{"base_id":985,"kind":"bot_words","i1":4,"i2":6,"sol":{"path":["/c/en/nimby","/c/en/us","/c/en/custodian","/c/en/custodial"],"weight":0.20391999999999988,"degrees":[33,8154,158,38]},"num_concepts_raised":23591},{"base_id":985,"kind":"bot_words","i1":4,"i2":7,"sol":{"path":["/c/en/nimby","/c/en/us","/c/en/mixer","/c/en/mixture"],"weight":0.2170099999999981,"degrees":[33,8154,225,671]},"num_concepts_raised":75487},{"base_id":985,"kind":"bot_words","i1":4,"i2":8,"sol":{"path":["/c/en/nimby","/c/en/uk","/c/en/city","/c/en/mtskheta"],"weight":0.20830999999999988,"degrees":[33,5562,3758,64]},"num_concepts_raised":23704},{"base_id":985,"kind":"bot_words","i1":4,"i2":9,"sol":{"path":["/c/en/nimby","/c/en/not","/c/en/mouth"],"weight":0.20600000000000002,"degrees":[33,1521,1902]},"num_concepts_raised":1497},{"base_id":985,"kind":"bot_words","i1":5,"i2":6,"sol":{"path":["/c/en/mortal","/c/en/human","/c/en/care","/c/en/custodial"],"weight":0.20903999999999956,"degrees":[304,2645,1526,38]},"num_concepts_raised":55394},{"base_id":985,"kind":"bot_words","i1":5,"i2":7,"sol":{"path":["/c/en/mortal","/c/en/human","/c/en/milk","/c/en/mixture"],"weight":0.2211099999999978,"degrees":[304,2645,1939,671]},"num_concepts_raised":105857},{"base_id":985,"kind":"bot_words","i1":5,"i2":8,"sol":{"path":["/c/en/mortal","/c/en/human","/c/en/city","/c/en/mtskheta"],"weight":0.21441999999999956,"degrees":[304,2645,3758,64]},"num_concepts_raised":55657},{"base_id":985,"kind":"bot_words","i1":5,"i2":9,"sol":{"path":["/c/en/mortal","/c/en/human","/c/en/mouth"],"weight":0.20800000000000002,"degrees":[304,2645,1902]},"num_concepts_raised":1701},{"base_id":985,"kind":"bot_words","i1":6,"i2":7,"sol":{"path":["/c/en/custodial","/c/en/care","/c/en/stuff","/c/en/mixture"],"weight":0.21708999999999806,"degrees":[38,1526,836,671]},"num_concepts_raised":60173},{"base_id":985,"kind":"bot_words","i1":6,"i2":8,"sol":{"path":["/c/en/custodial","/c/en/protection","/c/en/city","/c/en/mtskheta"],"weight":0.20836999999999983,"degrees":[38,829,3758,64]},"num_concepts_raised":7453},{"base_id":985,"kind":"bot_words","i1":6,"i2":9,"sol":{"path":["/c/en/custodial","/c/en/protection","/c/en/mouthpiece","/c/en/mouth"],"weight":0.2394300000000052,"degrees":[38,829,203,1902]},"num_concepts_raised":165813},{"base_id":985,"kind":"bot_words","i1":7,"i2":8,"sol":{"path":["/c/en/mixture","/c/en/collection","/c/en/city","/c/en/mtskheta"],"weight":0.22027999999999803,"degrees":[671,967,3758,64]},"num_concepts_raised":60307},{"base_id":985,"kind":"bot_words","i1":7,"i2":9,"sol":{"path":["/c/en/mixture","/c/en/paste","/c/en/mouth"],"weight":0.20900000000000002,"degrees":[671,669,1902]},"num_concepts_raised":2059},{"base_id":985,"kind":"bot_words","i1":8,"i2":9,"sol":{"path":["/c/en/mtskheta","/c/en/georgia","/c/en/rosebud","/c/en/mouth"],"weight":0.24233000000000515,"degrees":[64,933,94,1902]},"num_concepts_raised":165979}],[{"base_id":985,"kind":"top_words","i1":0,"i2":1,"sol":{"path":["/c/en/monomial","/c/en/mathematics","/c/en/topology","/c/en/homotopic"],"weight":0.20302999999999993,"degrees":[39,7601,525,23]},"num_concepts_raised":11577},{"base_id":985,"kind":"top_words","i1":0,"i2":2,"sol":{"path":["/c/en/monomial","/c/en/mathematics","/c/en/set","/c/en/multiset"],"weight":0.21284999999999998,"degrees":[39,7601,2628,60]},"num_concepts_raised":16762},{"base_id":985,"kind":"top_words","i1":0,"i2":3,"sol":{"path":["/c/en/monomial","/c/en/polynomial","/c/en/semisimple","/c/en/summand"],"weight":0.20492999999999992,"degrees":[39,289,27,27]},"num_concepts_raised":15134},{"base_id":985,"kind":"top_words","i1":0,"i2":4,"sol":{"path":["/c/en/monomial","/c/en/mathematics","/c/en/normal","/c/en/subnormal"],"weight":0.20440999999999993,"degrees":[39,7601,604,50]},"num_concepts_raised":18817},{"base_id":985,"kind":"top_words","i1":0,"i2":5,"sol":{"path":["/c/en/monomial","/c/en/mathematics","/c/en/monomorphism"],"weight":0.202,"degrees":[39,7601,30]},"num_concepts_raised":55},{"base_id":985,"kind":"top_words","i1":0,"i2":6,"sol":{"path":["/c/en/monomial","/c/en/mathematics","/c/en/supremum"],"weight":0.202,"degrees":[39,7601,41]},"num_concepts_raised":70},{"base_id":985,"kind":"top_words","i1":0,"i2":7,"sol":{"path":["/c/en/monomial","/c/en/mathematics","/c/en/morphism","/c/en/epimorphism"],"weight":0.20425000000000001,"degrees":[39,7601,107,30]},"num_concepts_raised":13406},{"base_id":985,"kind":"top_words","i1":0,"i2":8,"sol":{"path":["/c/en/monomial","/c/en/term","/c/en/geometry","/c/en/parallelepiped"],"weight":0.20497999999999994,"degrees":[39,1089,2822,83]},"num_concepts_raised":14331},{"base_id":985,"kind":"top_words","i1":0,"i2":9,"sol":{"path":["/c/en/monomial","/c/en/polynomial","/c/en/poly","/c/en/polyomino"],"weight":0.20538,"degrees":[39,289,1012,44]},"num_concepts_raised":15710},{"base_id":985,"kind":"top_words","i1":1,"i2":2,"sol":{"path":["/c/en/homotopic","/c/en/interval","/c/en/set","/c/en/multiset"],"weight":0.21246000000000004,"degrees":[23,631,2628,60]},"num_concepts_raised":7436},{"base_id":985,"kind":"top_words","i1":1,"i2":3,"sol":{"path":["/c/en/homotopic","/c/en/topology","/c/en/mathematics","/c/en/addend","/c/en/summand"],"weight":0.20395999999999997,"degrees":[23,525,7601,62,27]},"num_concepts_raised":5678},{"base_id":985,"kind":"top_words","i1":1,"i2":4,"sol":{"path":["/c/en/homotopic","/c/en/topology","/c/en/normal","/c/en/subnormal"],"weight":0.20414,"degrees":[23,525,604,50]},"num_concepts_raised":9561},{"base_id":985,"kind":"top_words","i1":1,"i2":5,"sol":{"path":["/c/en/homotopic","/c/en/topology","/c/en/mathematics","/c/en/monomorphism"],"weight":0.20290999999999998,"degrees":[23,525,7601,30]},"num_concepts_raised":15557},{"base_id":985,"kind":"top_words","i1":1,"i2":6,"sol":{"path":["/c/en/homotopic","/c/en/topology","/c/en/mathematics","/c/en/supremum"],"weight":0.20306999999999986,"degrees":[23,525,7601,41]},"num_concepts_raised":10828},{"base_id":985,"kind":"top_words","i1":1,"i2":7,"sol":{"path":["/c/en/homotopic","/c/en/interval","/c/fr/mathématiques","/c/en/epimorphism"],"weight":0.20287000000000005,"degrees":[23,631,2720,30]},"num_concepts_raised":4250},{"base_id":985,"kind":"top_words","i1":1,"i2":8,"sol":{"path":["/c/en/homotopic","/c/en/topology","/c/en/mathematics","/c/en/geometry","/c/en/parallelepiped"],"weight":0.20392,"degrees":[23,525,7601,2822,83]},"num_concepts_raised":4838},{"base_id":985,"kind":"top_words","i1":1,"i2":9,"sol":{"path":["/c/en/homotopic","/c/en/topology","/c/en/arrangement","/c/en/polyomino"],"weight":0.20314000000000007,"degrees":[23,525,723,44]},"num_concepts_raised":6368},{"base_id":985,"kind":"top_words","i1":2,"i2":3,"sol":{"path":["/c/en/multiset","/c/en/combination","/c/en/division","/c/en/summand"],"weight":0.20847,"degrees":[60,588,1509,27]},"num_concepts_raised":11116},{"base_id":985,"kind":"top_words","i1":2,"i2":4,"sol":{"path":["/c/en/multiset","/c/en/set_theory","/c/en/normal","/c/en/subnormal"],"weight":0.20983000000000002,"degrees":[60,426,604,50]},"num_concepts_raised":14928},{"base_id":985,"kind":"top_words","i1":2,"i2":5,"sol":{"path":["/c/en/multiset","/c/en/set","/c/en/mathematics","/c/en/monomorphism"],"weight":0.21272000000000002,"degrees":[60,2628,7601,30]},"num_concepts_raised":20784},{"base_id":985,"kind":"top_words","i1":2,"i2":6,"sol":{"path":["/c/en/multiset","/c/en/element","/c/en/supremum"],"weight":0.20400000000000001,"degrees":[60,1173,41]},"num_concepts_raised":79},{"base_id":985,"kind":"top_words","i1":2,"i2":7,"sol":{"path":["/c/en/multiset","/c/en/set","/c/fr/mathématiques","/c/en/epimorphism"],"weight":0.2127400000000001,"degrees":[60,2628,2720,30]},"num_concepts_raised":9686},{"base_id":985,"kind":"top_words","i1":2,"i2":8,"sol":{"path":["/c/en/multiset","/c/en/star","/c/en/geometry","/c/en/parallelepiped"],"weight":0.20942000000000005,"degrees":[60,2132,2822,83]},"num_concepts_raised":10304},{"base_id":985,"kind":"top_words","i1":2,"i2":9,"sol":{"path":["/c/en/multiset","/c/en/star","/c/en/geometry","/c/en/polyomino"],"weight":0.2090200000000001,"degrees":[60,2132,2822,44]},"num_concepts_raised":11771},{"base_id":985,"kind":"top_words","i1":3,"i2":4,"sol":{"path":["/c/en/summand","/c/en/division","/c/en/line","/c/en/subnormal"],"weight":0.20317999999999997,"degrees":[27,1509,3018,50]},"num_concepts_raised":13235},{"base_id":985,"kind":"top_words","i1":3,"i2":5,"sol":{"path":["/c/en/summand","/c/en/addend","/c/en/mathematics","/c/en/monomorphism"],"weight":0.20403999999999997,"degrees":[27,62,7601,30]},"num_concepts_raised":19113},{"base_id":985,"kind":"top_words","i1":3,"i2":6,"sol":{"path":["/c/en/summand","/c/en/addend","/c/en/mathematics","/c/en/supremum"],"weight":0.20419999999999985,"degrees":[27,62,7601,41]},"num_concepts_raised":14399},{"base_id":985,"kind":"top_words","i1":3,"i2":7,"sol":{"path":["/c/en/summand","/c/en/tilting","/c/en/morphism","/c/en/epimorphism"],"weight":0.20390000000000003,"degrees":[27,38,107,30]},"num_concepts_raised":7890},{"base_id":985,"kind":"top_words","i1":3,"i2":8,"sol":{"path":["/c/en/summand","/c/en/addend","/c/en/mathematics","/c/en/geometry","/c/en/parallelepiped"],"weight":0.20505999999999996,"degrees":[27,62,7601,2822,83]},"num_concepts_raised":8550},{"base_id":985,"kind":"top_words","i1":3,"i2":9,"sol":{"path":["/c/en/summand","/c/en/division","/c/en/country","/c/en/domino","/c/en/polyomino"],"weight":0.20530000000000004,"degrees":[27,1509,2796,153,44]},"num_concepts_raised":10049},{"base_id":985,"kind":"top_words","i1":4,"i2":5,"sol":{"path":["/c/en/subnormal","/c/en/normal","/c/en/morphism","/c/en/monomorphism"],"weight":0.20526999999999998,"degrees":[50,604,107,30]},"num_concepts_raised":22805},{"base_id":985,"kind":"top_words","i1":4,"i2":6,"sol":{"path":["/c/en/subnormal","/c/en/normal","/c/en/mathematics","/c/en/supremum"],"weight":0.20444999999999988,"degrees":[50,604,7601,41]},"num_concepts_raised":18083},{"base_id":985,"kind":"top_words","i1":4,"i2":7,"sol":{"path":["/c/en/subnormal","/c/en/normal","/c/en/morphism","/c/en/epimorphism"],"weight":0.20532000000000006,"degrees":[50,604,107,30]},"num_concepts_raised":11760},{"base_id":985,"kind":"top_words","i1":4,"i2":8,"sol":{"path":["/c/en/subnormal","/c/en/geometry","/c/en/parallelepiped"],"weight":0.202,"degrees":[50,2822,83]},"num_concepts_raised":94},{"base_id":985,"kind":"top_words","i1":4,"i2":9,"sol":{"path":["/c/en/subnormal","/c/en/geometry","/c/en/polyomino"],"weight":0.202,"degrees":[50,2822,44]},"num_concepts_raised":68},{"base_id":985,"kind":"top_words","i1":5,"i2":6,"sol":{"path":["/c/en/monomorphism","/c/en/mathematics","/c/en/supremum"],"weight":0.202,"degrees":[30,7601,41]},"num_concepts_raised":62},{"base_id":985,"kind":"top_words","i1":5,"i2":7,"sol":{"path":["/c/en/monomorphism","/c/en/epimorphism"],"weight":0.20400000000000001,"degrees":[30,30]},"num_concepts_raised":40},{"base_id":985,"kind":"top_words","i1":5,"i2":8,"sol":{"path":["/c/en/monomorphism","/c/en/mathematics","/c/en/geometry","/c/en/parallelepiped"],"weight":0.20402,"degrees":[30,7601,2822,83]},"num_concepts_raised":18277},{"base_id":985,"kind":"top_words","i1":5,"i2":9,"sol":{"path":["/c/en/monomorphism","/c/en/mathematics","/c/en/geometry","/c/en/polyomino"],"weight":0.20364000000000007,"degrees":[30,7601,2822,44]},"num_concepts_raised":19718},{"base_id":985,"kind":"top_words","i1":6,"i2":7,"sol":{"path":["/c/en/supremum","/c/en/mathematics","/c/en/morphism","/c/en/epimorphism"],"weight":0.20428999999999994,"degrees":[41,7601,107,30]},"num_concepts_raised":12645},{"base_id":985,"kind":"top_words","i1":6,"i2":8,"sol":{"path":["/c/en/supremum","/c/en/mathematics","/c/en/geometry","/c/en/parallelepiped"],"weight":0.20417999999999992,"degrees":[41,7601,2822,83]},"num_concepts_raised":13549},{"base_id":985,"kind":"top_words","i1":6,"i2":9,"sol":{"path":["/c/en/supremum","/c/en/mathematics","/c/en/geometry","/c/en/polyomino"],"weight":0.20379999999999998,"degrees":[41,7601,2822,44]},"num_concepts_raised":15024},{"base_id":985,"kind":"top_words","i1":7,"i2":8,"sol":{"path":["/c/en/epimorphism","/c/fr/mathématiques","/c/en/geometry","/c/en/parallelepiped"],"weight":0.20401000000000005,"degrees":[30,2720,2822,83]},"num_concepts_raised":7057},{"base_id":985,"kind":"top_words","i1":7,"i2":9,"sol":{"path":["/c/en/epimorphism","/c/fr/mathématiques","/c/en/geometry","/c/en/polyomino"],"weight":0.20364000000000013,"degrees":[30,2720,2822,44]},"num_concepts_raised":8577},{"base_id":985,"kind":"top_words","i1":8,"i2":9,"sol":{"path":["/c/en/parallelepiped","/c/en/geometry","/c/en/polyomino"],"weight":0.202,"degrees":[83,2822,44]},"num_concepts_raised":81}]]