[[{"base_id":50,"kind":"bot_words","i1":0,"i2":1,"sol":{"path":["/c/en/territorial","/c/en/terrain","/c/en/rock","/c/en/totter","/c/en/faltering"],"weight":0.20591999999999971,"degrees":[151,294,2349,170,55]},"num_concepts_raised":27474},{"base_id":50,"kind":"bot_words","i1":0,"i2":2,"sol":{"path":["/c/en/territorial","/c/en/terrace","/c/en/united_kingdom","/c/en/valuer"],"weight":0.2055699999999998,"degrees":[151,359,1053,29]},"num_concepts_raised":29034},{"base_id":50,"kind":"bot_words","i1":0,"i2":3,"sol":{"path":["/c/en/territorial","/c/en/terrace","/c/en/football","/c/en/pk","/c/en/psychokinesis"],"weight":0.21407,"degrees":[151,359,1072,34,118]},"num_concepts_raised":28164},{"base_id":50,"kind":"bot_words","i1":0,"i2":4,"sol":{"path":["/c/en/territorial","/c/en/biology","/c/en/persistent","/c/en/obdurate"],"weight":0.20506999999999975,"degrees":[151,6216,308,89]},"num_concepts_raised":30964},{"base_id":50,"kind":"bot_words","i1":0,"i2":5,"sol":{"path":["/c/en/territorial","/c/en/home","/c/en/internet","/c/en/extranet"],"weight":0.2056199999999999,"degrees":[151,2163,2994,31]},"num_concepts_raised":39414},{"base_id":50,"kind":"bot_words","i1":0,"i2":6,"sol":{"path":["/c/en/territorial","/c/en/area","/c/en/trawl","/c/en/trawling"],"weight":0.2065499999999998,"degrees":[151,1840,133,29]},"num_concepts_raised":31831},{"base_id":50,"kind":"bot_words","i1":0,"i2":7,"sol":{"path":["/c/en/territorial","/c/en/territory","/c/en/hinterland","/c/en/remote","/c/en/remoteness"],"weight":0.20746999999999996,"degrees":[151,704,89,496,64]},"num_concepts_raised":27190},{"base_id":50,"kind":"bot_words","i1":0,"i2":8,"sol":{"path":["/c/en/territorial","/c/en/terrestrial","/c/en/plant","/c/en/flavonoid","/c/en/flavanone"],"weight":0.20560999999999982,"degrees":[151,258,7959,167,26]},"num_concepts_raised":34183},{"base_id":50,"kind":"bot_words","i1":0,"i2":9,"sol":{"path":["/c/en/territorial","/c/en/terrain","/c/en/rock","/c/en/diamond","/c/en/rhinestone"],"weight":0.2069399999999998,"degrees":[151,294,2349,772,38]},"num_concepts_raised":29074},{"base_id":50,"kind":"bot_words","i1":1,"i2":2,"sol":{"path":["/c/en/faltering","/c/en/eloquent","/c/en/meaning","/c/en/value","/c/en/valuer"],"weight":0.20403999999999978,"degrees":[55,242,990,1699,29]},"num_concepts_raised":4154},{"base_id":50,"kind":"bot_words","i1":1,"i2":3,"sol":{"path":["/c/en/faltering","/c/en/totter","/c/en/movement","/c/en/psychokinesis"],"weight":0.20940999999999999,"degrees":[55,170,1567,118]},"num_concepts_raised":3216},{"base_id":50,"kind":"bot_words","i1":1,"i2":4,"sol":{"path":["/c/en/faltering","/c/en/unsteady","/c/en/weak","/c/en/durable","/c/en/obdurate"],"weight":0.20581999999999973,"degrees":[55,195,1282,216,89]},"num_concepts_raised":6041},{"base_id":50,"kind":"bot_words","i1":1,"i2":5,"sol":{"path":["/c/en/faltering","/c/en/hesitation","/c/en/pause","/c/en/computer","/c/en/extranet"],"weight":0.20433999999999986,"degrees":[55,265,585,2068,31]},"num_concepts_raised":14965},{"base_id":50,"kind":"bot_words","i1":1,"i2":6,"sol":{"path":["/c/en/faltering","/c/en/hesitation","/c/en/catch","/c/en/net","/c/en/trawling"],"weight":0.20418999999999976,"degrees":[55,265,1527,961,29]},"num_concepts_raised":7017},{"base_id":50,"kind":"bot_words","i1":1,"i2":7,"sol":{"path":["/c/en/faltering","/c/en/hesitation","/c/en/pause","/c/en/remote","/c/en/remoteness"],"weight":0.20584999999999992,"degrees":[55,265,585,496,64]},"num_concepts_raised":2161},{"base_id":50,"kind":"bot_words","i1":1,"i2":8,"sol":{"path":["/c/en/faltering","/c/en/hesitation","/c/en/but","/c/en/organic_chemistry","/c/en/flavanone"],"weight":0.2040699999999998,"degrees":[55,265,837,6499,26]},"num_concepts_raised":9135},{"base_id":50,"kind":"bot_words","i1":1,"i2":9,"sol":{"path":["/c/en/faltering","/c/en/unsteady","/c/en/glimmer","/c/en/diamond","/c/en/rhinestone"],"weight":0.20530999999999977,"degrees":[55,195,152,772,38]},"num_concepts_raised":4153},{"base_id":50,"kind":"bot_words","i1":2,"i2":3,"sol":{"path":["/c/en/valuer","/c/en/value","/c/en/lightness","/c/en/movement","/c/en/psychokinesis"],"weight":0.21017000000000005,"degrees":[29,1699,136,1567,118]},"num_concepts_raised":4954},{"base_id":50,"kind":"bot_words","i1":2,"i2":4,"sol":{"path":["/c/en/valuer","/c/en/value","/c/en/duration","/c/en/endure","/c/en/obdurate"],"weight":0.2055699999999998,"degrees":[29,1699,447,552,89]},"num_concepts_raised":7776},{"base_id":50,"kind":"bot_words","i1":2,"i2":5,"sol":{"path":["/c/en/valuer","/c/en/value","/c/en/like","/c/en/internet","/c/en/extranet"],"weight":0.2049799999999999,"degrees":[29,1699,2357,2994,31]},"num_concepts_raised":16601},{"base_id":50,"kind":"bot_words","i1":2,"i2":6,"sol":{"path":["/c/en/valuer","/c/en/value","/c/en/defined","/c/en/trawl","/c/en/trawling"],"weight":0.20582999999999982,"degrees":[29,1699,99,133,29]},"num_concepts_raised":8736},{"base_id":50,"kind":"bot_words","i1":2,"i2":7,"sol":{"path":["/c/en/valuer","/c/en/value","/c/en/high","/c/en/remote","/c/en/remoteness"],"weight":0.20543999999999998,"degrees":[29,1699,1658,496,64]},"num_concepts_raised":3899},{"base_id":50,"kind":"bot_words","i1":2,"i2":8,"sol":{"path":["/c/en/valuer","/c/en/united_kingdom","/c/en/bitter","/c/en/naringin","/c/en/flavanone"],"weight":0.20268999999999987,"degrees":[29,1053,776,29,26]},"num_concepts_raised":10876},{"base_id":50,"kind":"bot_words","i1":2,"i2":9,"sol":{"path":["/c/en/valuer","/c/en/united_kingdom","/c/en/stone","/c/en/rhinestone"],"weight":0.20283999999999985,"degrees":[29,1053,1934,38]},"num_concepts_raised":5878},{"base_id":50,"kind":"bot_words","i1":3,"i2":4,"sol":{"path":["/c/en/psychokinesis","/c/en/pk","/c/en/computing","/c/en/harden","/c/en/obdurate"],"weight":0.21302000000000004,"degrees":[118,34,9084,357,89]},"num_concepts_raised":6860},{"base_id":50,"kind":"bot_words","i1":3,"i2":5,"sol":{"path":["/c/en/psychokinesis","/c/en/pk","/c/en/computing","/c/en/extranet"],"weight":0.21138000000000018,"degrees":[118,34,9084,31]},"num_concepts_raised":15714},{"base_id":50,"kind":"bot_words","i1":3,"i2":6,"sol":{"path":["/c/en/psychokinesis","/c/en/movement","/c/en/boat","/c/en/trawling"],"weight":0.20917000000000008,"degrees":[118,1567,1763,29]},"num_concepts_raised":7788},{"base_id":50,"kind":"bot_words","i1":3,"i2":7,"sol":{"path":["/c/en/psychokinesis","/c/en/pk","/c/en/computing","/c/en/remote","/c/en/remoteness"],"weight":0.21286000000000022,"degrees":[118,34,9084,496,64]},"num_concepts_raised":2968},{"base_id":50,"kind":"bot_words","i1":3,"i2":8,"sol":{"path":["/c/en/psychokinesis","/c/en/parapsychology","/c/en/para","/c/en/organic_chemistry","/c/en/flavanone"],"weight":0.2091600000000001,"degrees":[118,202,154,6499,26]},"num_concepts_raised":9948},{"base_id":50,"kind":"bot_words","i1":3,"i2":9,"sol":{"path":["/c/en/psychokinesis","/c/en/movement","/c/en/point","/c/en/diamond","/c/en/rhinestone"],"weight":0.21039000000000008,"degrees":[118,1567,2624,772,38]},"num_concepts_raised":4957},{"base_id":50,"kind":"bot_words","i1":4,"i2":5,"sol":{"path":["/c/en/obdurate","/c/en/harden","/c/en/computing","/c/en/extranet"],"weight":0.2047999999999999,"degrees":[89,357,9084,31]},"num_concepts_raised":18559},{"base_id":50,"kind":"bot_words","i1":4,"i2":6,"sol":{"path":["/c/en/obdurate","/c/en/stubborn","/c/en/move","/c/en/drag","/c/en/trawling"],"weight":0.2047199999999998,"degrees":[89,652,2810,706,29]},"num_concepts_raised":10628},{"base_id":50,"kind":"bot_words","i1":4,"i2":7,"sol":{"path":["/c/en/obdurate","/c/la/duro","/c/sa/दूर","/c/en/remoteness"],"weight":0.20409999999999998,"degrees":[89,165,20,64]},"num_concepts_raised":5799},{"base_id":50,"kind":"bot_words","i1":4,"i2":8,"sol":{"path":["/c/en/obdurate","/c/en/steel","/c/en/compound","/c/en/flavonoid","/c/en/flavanone"],"weight":0.20349999999999985,"degrees":[89,1352,1833,167,26]},"num_concepts_raised":12779},{"base_id":50,"kind":"bot_words","i1":4,"i2":9,"sol":{"path":["/c/en/obdurate","/c/en/steel","/c/en/artificial","/c/en/rhinestone"],"weight":0.20358999999999983,"degrees":[89,1352,600,38]},"num_concepts_raised":7704},{"base_id":50,"kind":"bot_words","i1":5,"i2":6,"sol":{"path":["/c/en/extranet","/c/en/internet","/c/en/net","/c/en/trawling"],"weight":0.20410999999999993,"degrees":[31,2994,961,29]},"num_concepts_raised":19284},{"base_id":50,"kind":"bot_words","i1":5,"i2":7,"sol":{"path":["/c/en/extranet","/c/en/computing","/c/en/remote","/c/en/remoteness"],"weight":0.2046400000000001,"degrees":[31,9084,496,64]},"num_concepts_raised":14678},{"base_id":50,"kind":"bot_words","i1":5,"i2":8,"sol":{"path":["/c/en/extranet","/c/en/internet","/c/en/organic","/c/en/organic_chemistry","/c/en/flavanone"],"weight":0.20394999999999996,"degrees":[31,2994,770,6499,26]},"num_concepts_raised":21678},{"base_id":50,"kind":"bot_words","i1":5,"i2":9,"sol":{"path":["/c/en/extranet","/c/en/internet","/c/en/point","/c/en/diamond","/c/en/rhinestone"],"weight":0.20521999999999996,"degrees":[31,2994,2624,772,38]},"num_concepts_raised":16653},{"base_id":50,"kind":"bot_words","i1":6,"i2":7,"sol":{"path":["/c/en/trawling","/c/en/net","/c/en/computing","/c/en/remote","/c/en/remoteness"],"weight":0.20449,"degrees":[29,961,9084,496,64]},"num_concepts_raised":6771},{"base_id":50,"kind":"bot_words","i1":6,"i2":8,"sol":{"path":["/c/en/trawling","/c/en/boat","/c/en/chemistry","/c/en/flavonoid","/c/en/flavanone"],"weight":0.20278999999999986,"degrees":[29,1763,11754,167,26]},"num_concepts_raised":13746},{"base_id":50,"kind":"bot_words","i1":6,"i2":9,"sol":{"path":["/c/en/trawling","/c/en/trawl","/c/en/fishnet","/c/en/diamond","/c/en/rhinestone"],"weight":0.20607999999999985,"degrees":[29,133,61,772,38]},"num_concepts_raised":8720},{"base_id":50,"kind":"bot_words","i1":7,"i2":8,"sol":{"path":["/c/en/remoteness","/c/en/remote","/c/la/longinquus","/c/en/living","/c/en/organic_chemistry","/c/en/flavanone"],"weight":0.20890849999999894,"degrees":[64,496,105,839,6499,26]},"num_concepts_raised":188051},{"base_id":50,"kind":"bot_words","i1":7,"i2":9,"sol":{"path":["/c/en/remoteness","/c/en/remote","/c/en/glimmer","/c/en/diamond","/c/en/rhinestone"],"weight":0.20567000000000002,"degrees":[64,496,152,772,38]},"num_concepts_raised":3903},{"base_id":50,"kind":"bot_words","i1":8,"i2":9,"sol":{"path":["/c/en/flavanone","/c/en/organic_chemistry","/c/en/carbon","/c/en/diamond","/c/en/rhinestone"],"weight":0.2039899999999999,"degrees":[26,6499,1510,772,38]},"num_concepts_raised":10873}],[{"base_id":50,"kind":"top_words","i1":0,"i2":1,"sol":{"path":["/c/en/derivable","/c/en/able","/c/en/can","/c/en/fly","/c/en/muscidae"],"weight":0.2102699999999999,"degrees":[25,691,1507,2276,54]},"num_concepts_raised":5590},{"base_id":50,"kind":"top_words","i1":0,"i2":2,"sol":{"path":["/c/en/derivable","/c/en/derive","/c/en/take","/c/en/outtake"],"weight":0.20279999999999995,"degrees":[25,339,2552,33]},"num_concepts_raised":10953},{"base_id":50,"kind":"top_words","i1":0,"i2":3,"sol":{"path":["/c/en/derivable","/c/en/theory","/c/en/physics","/c/en/decouple"],"weight":0.20306999999999986,"degrees":[25,788,9094,64]},"num_concepts_raised":14002},{"base_id":50,"kind":"top_words","i1":0,"i2":4,"sol":{"path":["/c/en/derivable","/c/fr/dérivable","/c/fr/linguistique","/c/en/loanword"],"weight":0.2120800000000001,"degrees":[25,32,7455,249]},"num_concepts_raised":17071},{"base_id":50,"kind":"top_words","i1":0,"i2":5,"sol":{"path":["/c/en/derivable","/c/en/able","/c/en/dialectal","/c/fa/مل","/c/en/kazerun"],"weight":0.20330999999999982,"degrees":[25,691,4127,12,48]},"num_concepts_raised":2077},{"base_id":50,"kind":"top_words","i1":0,"i2":6,"sol":{"path":["/c/en/derivable","/c/en/discernible","/c/en/sound","/c/en/uninjured","/c/en/unscathed"],"weight":0.20584999999999998,"degrees":[25,100,3218,71,86]},"num_concepts_raised":3412},{"base_id":50,"kind":"top_words","i1":0,"i2":7,"sol":{"path":["/c/en/derivable","/c/en/derived","/c/en/acetylide","/c/en/hydrogen","/c/en/outerspace"],"weight":0.20391999999999982,"degrees":[25,100,39,2639,50]},"num_concepts_raised":14227},{"base_id":50,"kind":"top_words","i1":0,"i2":8,"sol":{"path":["/c/en/derivable","/c/fr/dérivable","/c/en/smooth","/c/en/press","/c/en/winepress"],"weight":0.2048299999999999,"degrees":[25,32,1162,1438,39]},"num_concepts_raised":5828},{"base_id":50,"kind":"top_words","i1":0,"i2":9,"sol":{"path":["/c/en/derivable","/c/en/theory","/c/en/idea","/c/en/ideality"],"weight":0.20371,"degrees":[25,788,1008,25]},"num_concepts_raised":5771},{"base_id":50,"kind":"top_words","i1":1,"i2":2,"sol":{"path":["/c/en/muscidae","/c/en/fly","/c/en/fly_ball","/c/en/blooper","/c/en/outtake"],"weight":0.21137999999999982,"degrees":[54,2276,49,61,33]},"num_concepts_raised":12986},{"base_id":50,"kind":"top_words","i1":1,"i2":3,"sol":{"path":["/c/en/muscidae","/c/en/fly","/c/fr/courir","/c/fr/découpler","/c/en/decouple"],"weight":0.21265999999999974,"degrees":[54,2276,593,110,64]},"num_concepts_raised":16091},{"base_id":50,"kind":"top_words","i1":1,"i2":4,"sol":{"path":["/c/en/muscidae","/c/en/fly","/c/en/action","/c/en/gallicism","/c/en/loanword"],"weight":0.22055999999999998,"degrees":[54,2276,2156,45,249]},"num_concepts_raised":19163},{"base_id":50,"kind":"top_words","i1":1,"i2":5,"sol":{"path":["/c/en/muscidae","/c/en/fly","/c/fa/پخچه","/c/en/kazerun"],"weight":0.2104099999999997,"degrees":[54,2276,5,48]},"num_concepts_raised":4123},{"base_id":50,"kind":"top_words","i1":1,"i2":6,"sol":{"path":["/c/en/muscidae","/c/en/fly","/c/en/ground","/c/en/whole","/c/en/unscathed"],"weight":0.21122999999999986,"degrees":[54,2276,1836,1003,86]},"num_concepts_raised":5469},{"base_id":50,"kind":"top_words","i1":1,"i2":7,"sol":{"path":["/c/en/muscidae","/c/en/fly","/c/en/space_shuttle","/c/en/outerspace"],"weight":0.2105199999999997,"degrees":[54,2276,262,50]},"num_concepts_raised":16232},{"base_id":50,"kind":"top_words","i1":1,"i2":8,"sol":{"path":["/c/en/muscidae","/c/en/fly","/c/en/press","/c/en/winepress"],"weight":0.2114099999999998,"degrees":[54,2276,1438,39]},"num_concepts_raised":7857},{"base_id":50,"kind":"top_words","i1":1,"i2":9,"sol":{"path":["/c/en/muscidae","/c/en/fly","/c/en/dream","/c/en/idea","/c/en/ideality"],"weight":0.2113099999999999,"degrees":[54,2276,1374,1008,25]},"num_concepts_raised":7859},{"base_id":50,"kind":"top_words","i1":2,"i2":3,"sol":{"path":["/c/en/outtake","/c/en/remove","/c/fi/erottaa","/c/en/decouple"],"weight":0.20314999999999978,"degrees":[33,1492,81,64]},"num_concepts_raised":21291},{"base_id":50,"kind":"top_words","i1":2,"i2":4,"sol":{"path":["/c/en/outtake","/c/en/except","/c/ja/外","/c/ja/外来語","/c/en/loanword"],"weight":0.21512000000000003,"degrees":[33,308,153,27,249]},"num_concepts_raised":24492},{"base_id":50,"kind":"top_words","i1":2,"i2":5,"sol":{"path":["/c/en/outtake","/c/en/except","/c/fa/می","/c/en/kazerun"],"weight":0.20490999999999976,"degrees":[33,308,37,48]},"num_concepts_raised":9521},{"base_id":50,"kind":"top_words","i1":2,"i2":6,"sol":{"path":["/c/en/outtake","/c/en/except","/c/en/without","/c/no/helskinnet","/c/en/unscathed"],"weight":0.20658999999999988,"degrees":[33,308,748,12,86]},"num_concepts_raised":10847},{"base_id":50,"kind":"top_words","i1":2,"i2":7,"sol":{"path":["/c/en/outtake","/c/en/film","/c/en/star","/c/en/outerspace"],"weight":0.20316999999999974,"degrees":[33,2504,2132,50]},"num_concepts_raised":21542},{"base_id":50,"kind":"top_words","i1":2,"i2":8,"sol":{"path":["/c/en/outtake","/c/en/except","/c/en/bar","/c/en/wine","/c/en/winepress"],"weight":0.20603999999999983,"degrees":[33,308,1972,1776,39]},"num_concepts_raised":13218},{"base_id":50,"kind":"top_words","i1":2,"i2":9,"sol":{"path":["/c/en/outtake","/c/en/film","/c/en/faculty","/c/en/ideality"],"weight":0.20279999999999992,"degrees":[33,2504,315,25]},"num_concepts_raised":13195},{"base_id":50,"kind":"top_words","i1":3,"i2":4,"sol":{"path":["/c/en/decouple","/c/fr/découpler","/c/fr/action","/c/fr/emprunt","/c/en/loanword"],"weight":0.21568999999999997,"degrees":[64,110,4713,143,249]},"num_concepts_raised":27575},{"base_id":50,"kind":"top_words","i1":3,"i2":5,"sol":{"path":["/c/en/decouple","/c/en/dissociate","/c/en/part","/c/fa/کل","/c/en/kazerun"],"weight":0.20326999999999967,"degrees":[64,113,2528,33,48]},"num_concepts_raised":12596},{"base_id":50,"kind":"top_words","i1":3,"i2":6,"sol":{"path":["/c/en/decouple","/c/en/physics","/c/en/free","/c/it/immune","/c/en/unscathed"],"weight":0.20490999999999981,"degrees":[64,9094,1709,16,86]},"num_concepts_raised":13929},{"base_id":50,"kind":"top_words","i1":3,"i2":7,"sol":{"path":["/c/en/decouple","/c/en/physics","/c/en/space","/c/en/outerspace"],"weight":0.20366999999999966,"degrees":[64,9094,1852,50]},"num_concepts_raised":24522},{"base_id":50,"kind":"top_words","i1":3,"i2":8,"sol":{"path":["/c/en/decouple","/c/en/couple","/c/en/communicate","/c/en/wine","/c/en/winepress"],"weight":0.20432999999999976,"degrees":[64,723,632,1776,39]},"num_concepts_raised":16322},{"base_id":50,"kind":"top_words","i1":3,"i2":9,"sol":{"path":["/c/en/decouple","/c/en/unlink","/c/en/link","/c/en/idea","/c/en/ideality"],"weight":0.20506999999999984,"degrees":[64,30,915,1008,25]},"num_concepts_raised":16281},{"base_id":50,"kind":"top_words","i1":4,"i2":5,"sol":{"path":["/c/en/loanword","/c/en/word","/c/en/literary","/c/fa/مل","/c/en/kazerun"],"weight":0.21125999999999992,"degrees":[249,2436,6728,12,48]},"num_concepts_raised":15667},{"base_id":50,"kind":"top_words","i1":4,"i2":6,"sol":{"path":["/c/en/loanword","/c/en/word","/c/en/sound","/c/en/uninjured","/c/en/unscathed"],"weight":0.21428000000000008,"degrees":[249,2436,3218,71,86]},"num_concepts_raised":16996},{"base_id":50,"kind":"top_words","i1":4,"i2":7,"sol":{"path":["/c/en/loanword","/c/en/word","/c/en/space","/c/en/outerspace"],"weight":0.2116699999999999,"degrees":[249,2436,1852,50]},"num_concepts_raised":27746},{"base_id":50,"kind":"top_words","i1":4,"i2":8,"sol":{"path":["/c/en/loanword","/c/en/foreign","/c/en/grape","/c/en/winepress"],"weight":0.21125,"degrees":[249,917,1090,39]},"num_concepts_raised":19382},{"base_id":50,"kind":"top_words","i1":4,"i2":9,"sol":{"path":["/c/en/loanword","/c/en/language","/c/en/faculty","/c/en/ideality"],"weight":0.21106000000000008,"degrees":[249,4160,315,25]},"num_concepts_raised":19347},{"base_id":50,"kind":"top_words","i1":5,"i2":6,"sol":{"path":["/c/en/kazerun","/c/fa/خنج","/c/en/scratch","/c/no/helskinnet","/c/en/unscathed"],"weight":0.20467999999999978,"degrees":[48,5,936,12,86]},"num_concepts_raised":1947},{"base_id":50,"kind":"top_words","i1":5,"i2":7,"sol":{"path":["/c/en/kazerun","/c/fa/می","/c/en/music","/c/en/space","/c/en/outerspace"],"weight":0.20341999999999963,"degrees":[48,37,8822,1852,50]},"num_concepts_raised":12779},{"base_id":50,"kind":"top_words","i1":5,"i2":8,"sol":{"path":["/c/en/kazerun","/c/fa/می","/c/en/wine","/c/en/winepress"],"weight":0.2041299999999997,"degrees":[48,37,1776,39]},"num_concepts_raised":4351},{"base_id":50,"kind":"top_words","i1":5,"i2":9,"sol":{"path":["/c/en/kazerun","/c/fa/می","/c/en/music","/c/en/idea","/c/en/ideality"],"weight":0.20387999999999978,"degrees":[48,37,8822,1008,25]},"num_concepts_raised":4362},{"base_id":50,"kind":"top_words","i1":6,"i2":7,"sol":{"path":["/c/en/unscathed","/c/en/whole","/c/en/earth","/c/en/space","/c/en/outerspace"],"weight":0.20428999999999978,"degrees":[86,1003,2336,1852,50]},"num_concepts_raised":14106},{"base_id":50,"kind":"top_words","i1":6,"i2":8,"sol":{"path":["/c/en/unscathed","/c/en/whole","/c/en/bread","/c/en/wine","/c/en/winepress"],"weight":0.2048199999999999,"degrees":[86,1003,1741,1776,39]},"num_concepts_raised":5705},{"base_id":50,"kind":"top_words","i1":6,"i2":9,"sol":{"path":["/c/en/unscathed","/c/en/unhurt","/c/de/heil","/c/en/ideal","/c/en/ideality"],"weight":0.20605999999999997,"degrees":[86,55,114,500,25]},"num_concepts_raised":5699},{"base_id":50,"kind":"top_words","i1":7,"i2":8,"sol":{"path":["/c/en/outerspace","/c/en/space","/c/en/juice","/c/en/winepress"],"weight":0.2033999999999997,"degrees":[50,1852,806,39]},"num_concepts_raised":16464},{"base_id":50,"kind":"top_words","i1":7,"i2":9,"sol":{"path":["/c/en/outerspace","/c/en/space","/c/en/point","/c/en/idea","/c/en/ideality"],"weight":0.2043099999999998,"degrees":[50,1852,2624,1008,25]},"num_concepts_raised":16452},{"base_id":50,"kind":"top_words","i1":8,"i2":9,"sol":{"path":["/c/en/winepress","/c/en/press","/c/en/impression","/c/en/idea","/c/en/ideality"],"weight":0.2048799999999999,"degrees":[39,1438,487,1008,25]},"num_concepts_raised":8084}]]