[[{"base_id":213,"kind":"bot_words","i1":0,"i2":1,"sol":{"path":["/c/en/sequel","/c/en/bad","/c/en/joke","/c/en/jocular"],"weight":0.21605999999999836,"degrees":[242,1728,942,449]},"num_concepts_raised":29562},{"base_id":213,"kind":"bot_words","i1":0,"i2":2,"sol":{"path":["/c/en/sequel","/c/fr/suite","/c/en/run","/c/en/sprint"],"weight":0.22717999999999938,"degrees":[242,556,2730,231]},"num_concepts_raised":50219},{"base_id":213,"kind":"bot_words","i1":0,"i2":3,"sol":{"path":["/c/en/sequel","/c/en/segue","/c/en/talk","/c/en/palter"],"weight":0.21261999999999975,"degrees":[242,68,1956,26]},"num_concepts_raised":20302},{"base_id":213,"kind":"bot_words","i1":0,"i2":4,"sol":{"path":["/c/en/sequel","/c/en/suit","/c/en/side","/c/en/pendulous"],"weight":0.2109399999999997,"degrees":[242,993,1912,53]},"num_concepts_raised":29700},{"base_id":213,"kind":"bot_words","i1":0,"i2":5,"sol":{"path":["/c/en/sequel","/c/en/bad","/c/en/horrible"],"weight":0.20400000000000001,"degrees":[242,1728,229]},"num_concepts_raised":386},{"base_id":213,"kind":"bot_words","i1":0,"i2":6,"sol":{"path":["/c/en/sequel","/c/en/result","/c/en/degree","/c/en/ph.d"],"weight":0.21107999999999977,"degrees":[242,890,1513,52]},"num_concepts_raised":22422},{"base_id":213,"kind":"bot_words","i1":0,"i2":7,"sol":{"path":["/c/en/sequel","/c/en/film","/c/en/skin","/c/en/prepuce"],"weight":0.21166999999999955,"degrees":[242,2504,2372,122]},"num_concepts_raised":33569},{"base_id":213,"kind":"bot_words","i1":0,"i2":8,"sol":{"path":["/c/en/sequel","/c/en/part","/c/en/defect","/c/en/defection"],"weight":0.2185699999999997,"degrees":[242,2528,699,90]},"num_concepts_raised":19163},{"base_id":213,"kind":"bot_words","i1":0,"i2":9,"sol":{"path":["/c/en/sequel","/c/fr/suite","/c/fr/conséquent","/c/en/relationship","/c/en/nepotism"],"weight":0.22216999999999995,"degrees":[242,556,85,991,161]},"num_concepts_raised":20021},{"base_id":213,"kind":"bot_words","i1":1,"i2":2,"sol":{"path":["/c/en/jocular","/c/en/humorous","/c/en/sprant","/c/en/sprint"],"weight":0.2159699999999981,"degrees":[449,2269,4,231]},"num_concepts_raised":46529},{"base_id":213,"kind":"bot_words","i1":1,"i2":3,"sol":{"path":["/c/en/jocular","/c/en/humorous","/c/en/internet","/c/en/chatter","/c/en/palter"],"weight":0.20842999999999848,"degrees":[449,2269,2994,539,26]},"num_concepts_raised":15928},{"base_id":213,"kind":"bot_words","i1":1,"i2":4,"sol":{"path":["/c/en/jocular","/c/zh/克隆","/c/en/biology","/c/en/pendulous"],"weight":0.20739999999999842,"degrees":[449,16,6216,53]},"num_concepts_raised":25629},{"base_id":213,"kind":"bot_words","i1":1,"i2":5,"sol":{"path":["/c/en/jocular","/c/en/joke","/c/en/bad","/c/en/horrible"],"weight":0.21057999999999782,"degrees":[449,942,1728,229]},"num_concepts_raised":23172},{"base_id":213,"kind":"bot_words","i1":1,"i2":6,"sol":{"path":["/c/en/jocular","/c/en/humorous","/c/en/doctor","/c/en/ph.d"],"weight":0.21019999999999847,"degrees":[449,2269,1654,52]},"num_concepts_raised":18132},{"base_id":213,"kind":"bot_words","i1":1,"i2":7,"sol":{"path":["/c/en/jocular","/c/en/proboscis","/c/en/anatomy","/c/en/prepuce"],"weight":0.20869999999999825,"degrees":[449,165,12775,122]},"num_concepts_raised":29269},{"base_id":213,"kind":"bot_words","i1":1,"i2":8,"sol":{"path":["/c/en/jocular","/c/en/humorous","/c/en/plug_and_pray","/c/en/defective","/c/en/defection"],"weight":0.2163799999999984,"degrees":[449,2269,13,262,90]},"num_concepts_raised":14839},{"base_id":213,"kind":"bot_words","i1":1,"i2":9,"sol":{"path":["/c/en/jocular","/c/en/humorous","/c/en/taffia","/c/en/nepotism"],"weight":0.21564999999999868,"degrees":[449,2269,12,161]},"num_concepts_raised":15684},{"base_id":213,"kind":"bot_words","i1":2,"i2":3,"sol":{"path":["/c/en/sprint","/c/en/walk","/c/en/talk","/c/en/palter"],"weight":0.21039999999999953,"degrees":[231,2020,1956,26]},"num_concepts_raised":37471},{"base_id":213,"kind":"bot_words","i1":2,"i2":4,"sol":{"path":["/c/en/sprint","/c/en/walk","/c/en/side","/c/en/pendulous"],"weight":0.21074999999999944,"degrees":[231,2020,1912,53]},"num_concepts_raised":46785},{"base_id":213,"kind":"bot_words","i1":2,"i2":5,"sol":{"path":["/c/en/sprint","/c/en/run","/c/en/nice","/c/en/horrible"],"weight":0.21708999999999884,"degrees":[231,2730,845,229]},"num_concepts_raised":44479},{"base_id":213,"kind":"bot_words","i1":2,"i2":6,"sol":{"path":["/c/en/sprint","/c/en/person","/c/en/doctor","/c/en/ph.d"],"weight":0.2122099999999995,"degrees":[231,12935,1654,52]},"num_concepts_raised":39527},{"base_id":213,"kind":"bot_words","i1":2,"i2":7,"sol":{"path":["/c/en/sprint","/c/en/person","/c/en/penis","/c/en/prepuce"],"weight":0.21153999999999928,"degrees":[231,12935,1323,122]},"num_concepts_raised":50753},{"base_id":213,"kind":"bot_words","i1":2,"i2":8,"sol":{"path":["/c/en/sprint","/c/en/short","/c/en/defect","/c/en/defection"],"weight":0.22045999999999943,"degrees":[231,1446,699,90]},"num_concepts_raised":36368},{"base_id":213,"kind":"bot_words","i1":2,"i2":9,"sol":{"path":["/c/en/sprint","/c/en/person","/c/en/relative","/c/en/nepotism"],"weight":0.21765999999999971,"degrees":[231,12935,931,161]},"num_concepts_raised":37185},{"base_id":213,"kind":"bot_words","i1":3,"i2":4,"sol":{"path":["/c/en/palter","/c/en/talk","/c/en/cry","/c/en/weeping","/c/en/pendulous"],"weight":0.2039099999999998,"degrees":[26,1956,1722,117,53]},"num_concepts_raised":16162},{"base_id":213,"kind":"bot_words","i1":3,"i2":5,"sol":{"path":["/c/en/palter","/c/en/talk","/c/en/genre","/c/en/horror","/c/en/horrible"],"weight":0.20700999999999922,"degrees":[26,1956,508,371,229]},"num_concepts_raised":13856},{"base_id":213,"kind":"bot_words","i1":3,"i2":6,"sol":{"path":["/c/en/palter","/c/en/talk","/c/en/person","/c/en/doctor","/c/en/ph.d"],"weight":0.20444999999999985,"degrees":[26,1956,12935,1654,52]},"num_concepts_raised":8658},{"base_id":213,"kind":"bot_words","i1":3,"i2":7,"sol":{"path":["/c/en/palter","/c/en/prevaricate","/c/la/prae","/c/en/prepuce"],"weight":0.20357999999999965,"degrees":[26,72,221,122]},"num_concepts_raised":19809},{"base_id":213,"kind":"bot_words","i1":3,"i2":8,"sol":{"path":["/c/en/palter","/c/en/trifle","/c/en/amount","/c/en/defect","/c/en/defection"],"weight":0.21074999999999977,"degrees":[26,354,1036,699,90]},"num_concepts_raised":5244},{"base_id":213,"kind":"bot_words","i1":3,"i2":9,"sol":{"path":["/c/en/palter","/c/en/chatter","/c/de/klüngeln","/c/en/nepotism"],"weight":0.20987000000000006,"degrees":[26,539,48,161]},"num_concepts_raised":6121},{"base_id":213,"kind":"bot_words","i1":4,"i2":5,"sol":{"path":["/c/en/pendulous","/c/en/weeping","/c/en/wail","/c/en/terrible","/c/en/horrible"],"weight":0.20734999999999917,"degrees":[53,117,274,539,229]},"num_concepts_raised":23577},{"base_id":213,"kind":"bot_words","i1":4,"i2":6,"sol":{"path":["/c/en/pendulous","/c/en/biology","/c/en/terminal","/c/en/ph.d"],"weight":0.2032899999999998,"degrees":[53,6216,530,52]},"num_concepts_raised":18349},{"base_id":213,"kind":"bot_words","i1":4,"i2":7,"sol":{"path":["/c/en/pendulous","/c/en/dewlap","/c/en/skin","/c/en/prepuce"],"weight":0.2040199999999996,"degrees":[53,75,2372,122]},"num_concepts_raised":29314},{"base_id":213,"kind":"bot_words","i1":4,"i2":8,"sol":{"path":["/c/en/pendulous","/c/en/side","/c/zh/變節","/c/en/defection"],"weight":0.20875999999999972,"degrees":[53,1912,11,90]},"num_concepts_raised":15013},{"base_id":213,"kind":"bot_words","i1":4,"i2":9,"sol":{"path":["/c/en/pendulous","/c/en/side","/c/zh/偏袒","/c/en/nepotism"],"weight":0.21022000000000002,"degrees":[53,1912,12,161]},"num_concepts_raised":15844},{"base_id":213,"kind":"bot_words","i1":5,"i2":6,"sol":{"path":["/c/en/horrible","/c/en/terrible","/c/en/degree","/c/en/ph.d"],"weight":0.20654999999999923,"degrees":[229,539,1513,52]},"num_concepts_raised":16040},{"base_id":213,"kind":"bot_words","i1":5,"i2":7,"sol":{"path":["/c/en/horrible","/c/en/horror","/c/gd/sgrath","/c/en/anatomy","/c/en/prepuce"],"weight":0.208599999999999,"degrees":[229,371,31,12775,122]},"num_concepts_raised":27239},{"base_id":213,"kind":"bot_words","i1":5,"i2":8,"sol":{"path":["/c/en/horrible","/c/en/bad","/c/en/defective","/c/en/defection"],"weight":0.21300999999999914,"degrees":[229,1728,262,90]},"num_concepts_raised":12716},{"base_id":213,"kind":"bot_words","i1":5,"i2":9,"sol":{"path":["/c/en/horrible","/c/la/foedus","/c/fr/politique","/c/nl/vriendjespolitiek","/c/en/nepotism"],"weight":0.21408999999999942,"degrees":[229,104,3449,18,161]},"num_concepts_raised":13611},{"base_id":213,"kind":"bot_words","i1":6,"i2":7,"sol":{"path":["/c/en/ph.d","/c/en/doctor","/c/en/body","/c/en/anatomy","/c/en/prepuce"],"weight":0.20606999999999964,"degrees":[52,1654,3170,12775,122]},"num_concepts_raised":22068},{"base_id":213,"kind":"bot_words","i1":6,"i2":8,"sol":{"path":["/c/en/ph.d","/c/en/degree","/c/en/deficiency","/c/en/defection"],"weight":0.2090199999999998,"degrees":[52,1513,332,90]},"num_concepts_raised":7518},{"base_id":213,"kind":"bot_words","i1":6,"i2":9,"sol":{"path":["/c/en/ph.d","/c/en/degree","/c/en/relationship","/c/en/nepotism"],"weight":0.2104000000000001,"degrees":[52,1513,991,161]},"num_concepts_raised":8385},{"base_id":213,"kind":"bot_words","i1":7,"i2":8,"sol":{"path":["/c/en/prepuce","/c/en/anatomy","/c/ga/breall","/c/en/defect","/c/en/defection"],"weight":0.21232999999999957,"degrees":[122,12775,19,699,90]},"num_concepts_raised":18671},{"base_id":213,"kind":"bot_words","i1":7,"i2":9,"sol":{"path":["/c/en/prepuce","/c/en/anatomy","/c/syc/ܒܣܪܐ","/c/en/relative","/c/en/nepotism"],"weight":0.21152999999999986,"degrees":[122,12775,22,931,161]},"num_concepts_raised":19554},{"base_id":213,"kind":"bot_words","i1":8,"i2":9,"sol":{"path":["/c/en/defection","/c/en/defect","/c/en/enemy","/c/en/relationship","/c/en/nepotism"],"weight":0.21803,"degrees":[90,699,1023,991,161]},"num_concepts_raised":4976}],[{"base_id":213,"kind":"top_words","i1":0,"i2":1,"sol":{"path":["/c/en/yield","/c/en/give","/c/en/deposit","/c/en/eurodollar"],"weight":0.21638999999999808,"degrees":[960,2421,772,30]},"num_concepts_raised":86790},{"base_id":213,"kind":"top_words","i1":0,"i2":2,"sol":{"path":["/c/en/yield","/c/en/give","/c/fi/haukkua_pataluhaksi","/c/en/belabor"],"weight":0.2163599999999981,"degrees":[960,2421,12,32]},"num_concepts_raised":77570},{"base_id":213,"kind":"top_words","i1":0,"i2":3,"sol":{"path":["/c/en/yield","/c/en/give","/c/en/state","/c/en/bund"],"weight":0.22161999999999793,"degrees":[960,2421,3243,48]},"num_concepts_raised":82686},{"base_id":213,"kind":"top_words","i1":0,"i2":4,"sol":{"path":["/c/en/yield","/c/en/bond"],"weight":0.20400000000000001,"degrees":[960,829]},"num_concepts_raised":1488},{"base_id":213,"kind":"top_words","i1":0,"i2":5,"sol":{"path":["/c/en/yield","/c/en/sign","/c/en/note"],"weight":0.203,"degrees":[960,2004,1578]},"num_concepts_raised":2143},{"base_id":213,"kind":"top_words","i1":0,"i2":6,"sol":{"path":["/c/en/yield","/c/en/pay","/c/en/currency","/c/en/centavo"],"weight":0.21510999999999805,"degrees":[960,1489,877,56]},"num_concepts_raised":80831},{"base_id":213,"kind":"top_words","i1":0,"i2":7,"sol":{"path":["/c/en/yield","/c/en/go","/c/en/red","/c/en/gules"],"weight":0.2140499999999981,"degrees":[960,2637,1983,48]},"num_concepts_raised":80714},{"base_id":213,"kind":"top_words","i1":0,"i2":8,"sol":{"path":["/c/en/yield","/c/ms/membawa","/c/en/note","/c/en/jotting"],"weight":0.2141899999999981,"degrees":[960,125,1578,30]},"num_concepts_raised":79414},{"base_id":213,"kind":"top_words","i1":0,"i2":9,"sol":{"path":["/c/en/yield","/c/en/geld","/c/en/gilt"],"weight":0.203,"degrees":[960,116,88]},"num_concepts_raised":853},{"base_id":213,"kind":"top_words","i1":1,"i2":2,"sol":{"path":["/c/en/eurodollar","/c/en/us","/c/en/labor","/c/en/belabor"],"weight":0.20273999999999998,"degrees":[30,8154,528,32]},"num_concepts_raised":12831},{"base_id":213,"kind":"top_words","i1":1,"i2":3,"sol":{"path":["/c/en/eurodollar","/c/en/bank","/c/en/berm","/c/en/bund"],"weight":0.2099399999999998,"degrees":[30,1660,60,48]},"num_concepts_raised":18265},{"base_id":213,"kind":"top_words","i1":1,"i2":4,"sol":{"path":["/c/en/eurodollar","/c/en/eurobond","/c/en/bond"],"weight":0.20400000000000001,"degrees":[30,19,829]},"num_concepts_raised":739},{"base_id":213,"kind":"top_words","i1":1,"i2":5,"sol":{"path":["/c/en/eurodollar","/c/en/bank","/c/en/note"],"weight":0.202,"degrees":[30,1660,1578]},"num_concepts_raised":1391},{"base_id":213,"kind":"top_words","i1":1,"i2":6,"sol":{"path":["/c/en/eurodollar","/c/en/eurocurrency","/c/en/currency","/c/en/centavo"],"weight":0.2043399999999999,"degrees":[30,20,877,56]},"num_concepts_raised":16216},{"base_id":213,"kind":"top_words","i1":1,"i2":7,"sol":{"path":["/c/en/eurodollar","/c/en/us","/c/en/red","/c/en/gules"],"weight":0.20350999999999997,"degrees":[30,8154,1983,48]},"num_concepts_raised":16188},{"base_id":213,"kind":"top_words","i1":1,"i2":8,"sol":{"path":["/c/en/eurodollar","/c/en/dollar","/c/en/note","/c/en/jotting"],"weight":0.20392999999999994,"degrees":[30,743,1578,30]},"num_concepts_raised":14976},{"base_id":213,"kind":"top_words","i1":1,"i2":9,"sol":{"path":["/c/en/eurodollar","/c/en/eurocurrency","/c/en/finance","/c/en/gilt"],"weight":0.2044999999999998,"degrees":[30,20,2051,88]},"num_concepts_raised":34636},{"base_id":213,"kind":"top_words","i1":2,"i2":3,"sol":{"path":["/c/en/belabor","/c/en/belabour","/c/en/attack","/c/en/tank","/c/en/bund"],"weight":0.2089599999999998,"degrees":[32,42,1799,732,48]},"num_concepts_raised":8397},{"base_id":213,"kind":"top_words","i1":2,"i2":4,"sol":{"path":["/c/en/belabor","/c/en/labor","/c/en/construction","/c/en/bond"],"weight":0.21875999999999807,"degrees":[32,528,1292,829]},"num_concepts_raised":98285},{"base_id":213,"kind":"top_words","i1":2,"i2":5,"sol":{"path":["/c/en/belabor","/c/en/knock","/c/en/comment","/c/en/note"],"weight":0.22231999999999597,"degrees":[32,708,565,1578]},"num_concepts_raised":159974},{"base_id":213,"kind":"top_words","i1":2,"i2":6,"sol":{"path":["/c/en/belabor","/c/en/belabour","/c/en/labour","/c/en/mexico","/c/en/centavo"],"weight":0.20420999999999992,"degrees":[32,42,535,1283,56]},"num_concepts_raised":6313},{"base_id":213,"kind":"top_words","i1":2,"i2":7,"sol":{"path":["/c/en/belabor","/c/en/belabour","/c/en/labour","/c/en/red","/c/en/gules"],"weight":0.20460999999999996,"degrees":[32,42,535,1983,48]},"num_concepts_raised":6131},{"base_id":213,"kind":"top_words","i1":2,"i2":8,"sol":{"path":["/c/en/belabor","/c/en/labor","/c/en/work","/c/en/note","/c/en/jotting"],"weight":0.20396999999999993,"degrees":[32,528,4013,1578,30]},"num_concepts_raised":4902},{"base_id":213,"kind":"top_words","i1":2,"i2":9,"sol":{"path":["/c/en/belabor","/c/en/knock","/c/en/slang","/c/en/gilt"],"weight":0.2034499999999998,"degrees":[32,708,16318,88]},"num_concepts_raised":26005},{"base_id":213,"kind":"top_words","i1":3,"i2":4,"sol":{"path":["/c/en/bund","/c/ja/バンド","/c/de/band","/c/en/bond"],"weight":0.22593999999999792,"degrees":[48,62,402,829]},"num_concepts_raised":103191},{"base_id":213,"kind":"top_words","i1":3,"i2":5,"sol":{"path":["/c/en/bund","/c/en/state","/c/en/note"],"weight":0.20400000000000001,"degrees":[48,3243,1578]},"num_concepts_raised":1410},{"base_id":213,"kind":"top_words","i1":3,"i2":6,"sol":{"path":["/c/en/bund","/c/en/state","/c/en/unit","/c/en/centavo"],"weight":0.20829999999999976,"degrees":[48,3243,1582,56]},"num_concepts_raised":11933},{"base_id":213,"kind":"top_words","i1":3,"i2":7,"sol":{"path":["/c/en/bund","/c/en/berm","/c/en/pennsylvania","/c/en/red","/c/en/gules"],"weight":0.21068999999999982,"degrees":[48,60,557,1983,48]},"num_concepts_raised":11782},{"base_id":213,"kind":"top_words","i1":3,"i2":8,"sol":{"path":["/c/en/bund","/c/en/state","/c/en/note","/c/en/jotting"],"weight":0.2090599999999998,"degrees":[48,3243,1578,30]},"num_concepts_raised":10573},{"base_id":213,"kind":"top_words","i1":3,"i2":9,"sol":{"path":["/c/en/bund","/c/en/tank","/c/en/slang","/c/en/gilt"],"weight":0.20861999999999967,"degrees":[48,732,16318,88]},"num_concepts_raised":31511},{"base_id":213,"kind":"top_words","i1":4,"i2":5,"sol":{"path":["/c/en/bond","/c/en/money","/c/en/note"],"weight":0.20500000000000002,"degrees":[829,2899,1578]},"num_concepts_raised":2073},{"base_id":213,"kind":"top_words","i1":4,"i2":6,"sol":{"path":["/c/en/bond","/c/en/link","/c/en/unit","/c/en/centavo"],"weight":0.21977999999999798,"degrees":[829,915,1582,56]},"num_concepts_raised":101403},{"base_id":213,"kind":"top_words","i1":4,"i2":7,"sol":{"path":["/c/en/bond","/c/en/debt","/c/en/red","/c/en/gules"],"weight":0.21762999999999807,"degrees":[829,785,1983,48]},"num_concepts_raised":101383},{"base_id":213,"kind":"top_words","i1":4,"i2":8,"sol":{"path":["/c/en/bond","/c/en/tie","/c/en/note","/c/en/jotting"],"weight":0.22092999999999802,"degrees":[829,1211,1578,30]},"num_concepts_raised":100037},{"base_id":213,"kind":"top_words","i1":4,"i2":9,"sol":{"path":["/c/en/bond","/c/en/gilt"],"weight":0.20400000000000001,"degrees":[829,88]},"num_concepts_raised":787},{"base_id":213,"kind":"top_words","i1":5,"i2":6,"sol":{"path":["/c/en/note","/c/en/currency","/c/en/centavo"],"weight":0.202,"degrees":[1578,877,56]},"num_concepts_raised":1414},{"base_id":213,"kind":"top_words","i1":5,"i2":7,"sol":{"path":["/c/en/note","/c/en/mark","/c/en/red","/c/en/gules"],"weight":0.22347999999999596,"degrees":[1578,1876,1983,48]},"num_concepts_raised":162789},{"base_id":213,"kind":"top_words","i1":5,"i2":8,"sol":{"path":["/c/en/note","/c/en/jotting"],"weight":0.20500000000000002,"degrees":[1578,30]},"num_concepts_raised":1381},{"base_id":213,"kind":"top_words","i1":5,"i2":9,"sol":{"path":["/c/en/note","/c/en/money","/c/en/gilt"],"weight":0.203,"degrees":[1578,2899,88]},"num_concepts_raised":1443},{"base_id":213,"kind":"top_words","i1":6,"i2":7,"sol":{"path":["/c/en/centavo","/c/en/real","/c/en/historical","/c/de/rot","/c/en/gules"],"weight":0.20547999999999988,"degrees":[56,969,8415,490,48]},"num_concepts_raised":9715},{"base_id":213,"kind":"top_words","i1":6,"i2":8,"sol":{"path":["/c/en/centavo","/c/en/currency","/c/en/note","/c/en/jotting"],"weight":0.20446999999999987,"degrees":[56,877,1578,30]},"num_concepts_raised":8466},{"base_id":213,"kind":"top_words","i1":6,"i2":9,"sol":{"path":["/c/en/centavo","/c/en/real","/c/en/slang","/c/en/gilt"],"weight":0.20481999999999975,"degrees":[56,969,16318,88]},"num_concepts_raised":29290},{"base_id":213,"kind":"top_words","i1":7,"i2":8,"sol":{"path":["/c/en/gules","/c/en/red","/c/en/mark","/c/en/note","/c/en/jotting"],"weight":0.20469999999999994,"degrees":[48,1983,1876,1578,30]},"num_concepts_raised":8303},{"base_id":213,"kind":"top_words","i1":7,"i2":9,"sol":{"path":["/c/en/gules","/c/en/red","/c/en/slang","/c/en/gilt"],"weight":0.2042299999999998,"degrees":[48,1983,16318,88]},"num_concepts_raised":29273},{"base_id":213,"kind":"top_words","i1":8,"i2":9,"sol":{"path":["/c/en/jotting","/c/en/note","/c/en/money","/c/en/gilt"],"weight":0.2046599999999998,"degrees":[30,1578,2899,88]},"num_concepts_raised":28109}]]