[[{"base_id":865,"kind":"bot_words","i1":0,"i2":1,"sol":{"path":["/c/en/arrows","/c/en/arrow","/c/en/mark","/c/en/ferocious","/c/en/ferociously"],"weight":0.20531999999999984,"degrees":[27,940,1876,225,55]},"num_concepts_raised":7961},{"base_id":865,"kind":"bot_words","i1":0,"i2":2,"sol":{"path":["/c/en/arrows","/c/en/quiver","/c/en/mathematics","/c/en/congruent"],"weight":0.20376999999999973,"degrees":[27,462,7601,99]},"num_concepts_raised":21029},{"base_id":865,"kind":"bot_words","i1":0,"i2":3,"sol":{"path":["/c/en/arrows","/c/en/category","/c/en/art","/c/en/renaissance"],"weight":0.21348999999999976,"degrees":[27,466,1987,275]},"num_concepts_raised":25130},{"base_id":865,"kind":"bot_words","i1":0,"i2":4,"sol":{"path":["/c/en/arrows","/c/en/bow","/c/it/gala","/c/en/gala"],"weight":0.21288999999999964,"degrees":[27,1518,23,124]},"num_concepts_raised":15244},{"base_id":865,"kind":"bot_words","i1":0,"i2":5,"sol":{"path":["/c/en/arrows","/c/en/bow","/c/en/music","/c/ga/cuach","/c/en/whinny"],"weight":0.2042199999999999,"degrees":[27,1518,8822,62,56]},"num_concepts_raised":6985},{"base_id":865,"kind":"bot_words","i1":0,"i2":6,"sol":{"path":["/c/en/arrows","/c/en/arrow","/c/en/direction","/c/en/voice","/c/en/vocoder"],"weight":0.2090599999999998,"degrees":[27,940,1258,1403,41]},"num_concepts_raised":9436},{"base_id":865,"kind":"bot_words","i1":0,"i2":7,"sol":{"path":["/c/en/arrows","/c/en/arrow","/c/en/mark","/c/en/pilot","/c/en/pilots"],"weight":0.20497999999999988,"degrees":[27,940,1876,658,26]},"num_concepts_raised":10127},{"base_id":865,"kind":"bot_words","i1":0,"i2":8,"sol":{"path":["/c/en/arrows","/c/en/arrow","/c/en/play","/c/en/room","/c/en/bedsit"],"weight":0.2039899999999999,"degrees":[27,940,3092,1788,26]},"num_concepts_raised":13551},{"base_id":865,"kind":"bot_words","i1":0,"i2":9,"sol":{"path":["/c/en/arrows","/c/en/arrow","/c/en/head","/c/en/company","/c/en/heinz"],"weight":0.20898999999999981,"degrees":[27,940,3580,2258,35]},"num_concepts_raised":8803},{"base_id":865,"kind":"bot_words","i1":1,"i2":2,"sol":{"path":["/c/en/ferociously","/c/en/fiercely","/c/zh/梟雄","/c/en/character","/c/en/congruent"],"weight":0.20611999999999966,"degrees":[55,103,7,1971,99]},"num_concepts_raised":18652},{"base_id":865,"kind":"bot_words","i1":1,"i2":3,"sol":{"path":["/c/en/ferociously","/c/en/extremely","/c/en/ancient","/c/en/art","/c/en/renaissance"],"weight":0.21388999999999975,"degrees":[55,784,1083,1987,275]},"num_concepts_raised":22706},{"base_id":865,"kind":"bot_words","i1":1,"i2":4,"sol":{"path":["/c/en/ferociously","/c/en/fiercely","/c/en/fight","/c/en/event","/c/en/gala"],"weight":0.2113099999999996,"degrees":[55,103,1902,1724,124]},"num_concepts_raised":12736},{"base_id":865,"kind":"bot_words","i1":1,"i2":5,"sol":{"path":["/c/en/ferociously","/c/en/extremely","/c/en/nation","/c/en/neigh","/c/en/whinny"],"weight":0.20589999999999986,"degrees":[55,784,1106,200,56]},"num_concepts_raised":4379},{"base_id":865,"kind":"bot_words","i1":1,"i2":6,"sol":{"path":["/c/en/ferociously","/c/en/fiercely","/c/fi/roikua","/c/en/voice","/c/en/vocoder"],"weight":0.21040999999999976,"degrees":[55,103,7,1403,41]},"num_concepts_raised":6883},{"base_id":865,"kind":"bot_words","i1":1,"i2":7,"sol":{"path":["/c/en/ferociously","/c/zh/臭","/c/en/bad","/c/en/pilots"],"weight":0.20293999999999984,"degrees":[55,101,1728,26]},"num_concepts_raised":7545},{"base_id":865,"kind":"bot_words","i1":1,"i2":8,"sol":{"path":["/c/en/ferociously","/c/en/fiercely","/c/en/wind","/c/en/room","/c/en/bedsit"],"weight":0.20537999999999984,"degrees":[55,103,2373,1788,26]},"num_concepts_raised":11013},{"base_id":865,"kind":"bot_words","i1":1,"i2":9,"sol":{"path":["/c/en/ferociously","/c/en/fiercely","/c/en/wind","/c/en/company","/c/en/heinz"],"weight":0.2103799999999998,"degrees":[55,103,2373,2258,35]},"num_concepts_raised":6243},{"base_id":865,"kind":"bot_words","i1":2,"i2":3,"sol":{"path":["/c/en/congruent","/c/en/mathematics","/c/en/similar","/c/en/renaissance"],"weight":0.2123599999999996,"degrees":[99,7601,751,275]},"num_concepts_raised":35514},{"base_id":865,"kind":"bot_words","i1":2,"i2":4,"sol":{"path":["/c/en/congruent","/c/fr/convenir","/c/fr/cérémonie","/c/fr/gala","/c/en/gala"],"weight":0.21373999999999946,"degrees":[99,330,369,52,124]},"num_concepts_raised":25869},{"base_id":865,"kind":"bot_words","i1":2,"i2":5,"sol":{"path":["/c/en/congruent","/c/fr/convenir","/c/fr/faire","/c/fr/hennir","/c/en/whinny"],"weight":0.20515999999999973,"degrees":[99,330,4336,162,56]},"num_concepts_raised":17674},{"base_id":865,"kind":"bot_words","i1":2,"i2":6,"sol":{"path":["/c/en/congruent","/c/en/mathematics","/c/en/analysis","/c/en/vocoder"],"weight":0.20890999999999965,"degrees":[99,7601,811,41]},"num_concepts_raised":20004},{"base_id":865,"kind":"bot_words","i1":2,"i2":7,"sol":{"path":["/c/en/congruent","/c/en/flat","/c/en/land","/c/en/pilots"],"weight":0.2034299999999997,"degrees":[99,1359,2465,26]},"num_concepts_raised":20792},{"base_id":865,"kind":"bot_words","i1":2,"i2":8,"sol":{"path":["/c/en/congruent","/c/en/flat","/c/en/british","/c/en/bedsit"],"weight":0.20348999999999973,"degrees":[99,1359,3452,26]},"num_concepts_raised":24153},{"base_id":865,"kind":"bot_words","i1":2,"i2":9,"sol":{"path":["/c/en/congruent","/c/en/flat","/c/en/poker_slang","/c/en/heinz"],"weight":0.20854999999999962,"degrees":[99,1359,99,35]},"num_concepts_raised":19476},{"base_id":865,"kind":"bot_words","i1":3,"i2":4,"sol":{"path":["/c/en/renaissance","/c/en/art","/c/en/singing","/c/en/gala"],"weight":0.21951999999999952,"degrees":[275,1987,694,124]},"num_concepts_raised":29737},{"base_id":865,"kind":"bot_words","i1":3,"i2":5,"sol":{"path":["/c/en/renaissance","/c/en/art","/c/en/horse","/c/en/neigh","/c/en/whinny"],"weight":0.21650999999999979,"degrees":[275,1987,3068,200,56]},"num_concepts_raised":21747},{"base_id":865,"kind":"bot_words","i1":3,"i2":6,"sol":{"path":["/c/en/renaissance","/c/en/art","/c/en/music","/c/en/analysis","/c/en/vocoder"],"weight":0.2188499999999997,"degrees":[275,1987,8822,811,41]},"num_concepts_raised":24105},{"base_id":865,"kind":"bot_words","i1":3,"i2":7,"sol":{"path":["/c/en/renaissance","/c/en/art","/c/en/ground","/c/en/pilot","/c/en/pilots"],"weight":0.21462999999999977,"degrees":[275,1987,1836,658,26]},"num_concepts_raised":24796},{"base_id":865,"kind":"bot_words","i1":3,"i2":8,"sol":{"path":["/c/en/renaissance","/c/en/europe","/c/en/ireland","/c/en/bedsit"],"weight":0.21345999999999976,"degrees":[275,765,1227,26]},"num_concepts_raised":28109},{"base_id":865,"kind":"bot_words","i1":3,"i2":9,"sol":{"path":["/c/en/renaissance","/c/en/similar","/c/en/company","/c/en/heinz"],"weight":0.2163699999999997,"degrees":[275,751,2258,35]},"num_concepts_raised":23476},{"base_id":865,"kind":"bot_words","i1":4,"i2":5,"sol":{"path":["/c/en/gala","/c/en/show","/c/en/horse","/c/en/neigh","/c/en/whinny"],"weight":0.21167999999999967,"degrees":[124,1871,3068,200,56]},"num_concepts_raised":11776},{"base_id":865,"kind":"bot_words","i1":4,"i2":6,"sol":{"path":["/c/en/gala","/c/en/singing","/c/en/voice","/c/en/vocoder"],"weight":0.21384999999999957,"degrees":[124,694,1403,41]},"num_concepts_raised":14138},{"base_id":865,"kind":"bot_words","i1":4,"i2":7,"sol":{"path":["/c/en/gala","/c/en/party","/c/en/bad","/c/en/pilots"],"weight":0.20876999999999962,"degrees":[124,2057,1728,26]},"num_concepts_raised":14871},{"base_id":865,"kind":"bot_words","i1":4,"i2":8,"sol":{"path":["/c/en/gala","/c/en/party","/c/en/room","/c/en/bedsit"],"weight":0.20893999999999965,"degrees":[124,2057,1788,26]},"num_concepts_raised":18212},{"base_id":865,"kind":"bot_words","i1":4,"i2":9,"sol":{"path":["/c/en/gala","/c/en/party","/c/en/company","/c/en/heinz"],"weight":0.21397999999999956,"degrees":[124,2057,2258,35]},"num_concepts_raised":13500},{"base_id":865,"kind":"bot_words","i1":5,"i2":6,"sol":{"path":["/c/en/whinny","/c/en/neigh","/c/en/utter","/c/en/speech","/c/en/vocoder"],"weight":0.21076999999999985,"degrees":[56,200,668,1403,41]},"num_concepts_raised":5887},{"base_id":865,"kind":"bot_words","i1":5,"i2":7,"sol":{"path":["/c/en/whinny","/c/en/neigh","/c/en/nation","/c/en/land","/c/en/pilots"],"weight":0.2055399999999999,"degrees":[56,200,1106,2465,26]},"num_concepts_raised":6607},{"base_id":865,"kind":"bot_words","i1":5,"i2":8,"sol":{"path":["/c/en/whinny","/c/en/nicker","/c/en/british","/c/en/bedsit"],"weight":0.20324999999999993,"degrees":[56,47,3452,26]},"num_concepts_raised":10042},{"base_id":865,"kind":"bot_words","i1":5,"i2":9,"sol":{"path":["/c/en/whinny","/c/ga/cuach","/c/en/dome","/c/en/company","/c/en/heinz"],"weight":0.20921999999999985,"degrees":[56,62,427,2258,35]},"num_concepts_raised":5264},{"base_id":865,"kind":"bot_words","i1":6,"i2":7,"sol":{"path":["/c/en/vocoder","/c/en/analysis","/c/en/series","/c/en/pilot","/c/en/pilots"],"weight":0.2089199999999998,"degrees":[41,811,883,658,26]},"num_concepts_raised":9082},{"base_id":865,"kind":"bot_words","i1":6,"i2":8,"sol":{"path":["/c/en/vocoder","/c/en/analysis","/c/en/study","/c/en/room","/c/en/bedsit"],"weight":0.2079599999999998,"degrees":[41,811,1753,1788,26]},"num_concepts_raised":12497},{"base_id":865,"kind":"bot_words","i1":6,"i2":9,"sol":{"path":["/c/en/vocoder","/c/en/analysis","/c/en/systems_analysis","/c/en/company","/c/en/heinz"],"weight":0.21295999999999976,"degrees":[41,811,31,2258,35]},"num_concepts_raised":7738},{"base_id":865,"kind":"bot_words","i1":7,"i2":8,"sol":{"path":["/c/en/pilots","/c/en/cockpit","/c/en/room","/c/en/bedsit"],"weight":0.20272999999999985,"degrees":[26,167,1788,26]},"num_concepts_raised":13097},{"base_id":865,"kind":"bot_words","i1":7,"i2":9,"sol":{"path":["/c/en/pilots","/c/en/pilot","/c/en/ship","/c/en/company","/c/en/heinz"],"weight":0.2088799999999998,"degrees":[26,658,2104,2258,35]},"num_concepts_raised":8419},{"base_id":865,"kind":"bot_words","i1":8,"i2":9,"sol":{"path":["/c/en/bedsit","/c/en/flatette","/c/en/au","/c/en/company","/c/en/heinz"],"weight":0.20874999999999982,"degrees":[26,5,450,2258,35]},"num_concepts_raised":11836}],[{"base_id":865,"kind":"top_words","i1":0,"i2":1,"sol":{"path":["/c/en/beyblade","/c/en/manga","/c/en/naruto"],"weight":0.20600000000000002,"degrees":[47,479,82]},"num_concepts_raised":119},{"base_id":865,"kind":"top_words","i1":0,"i2":2,"sol":{"path":["/c/en/beyblade","/c/en/top","/c/en/music","/c/en/cantabile"],"weight":0.21752999999999975,"degrees":[47,1498,8822,49]},"num_concepts_raised":11455},{"base_id":865,"kind":"top_words","i1":0,"i2":3,"sol":{"path":["/c/en/beyblade","/c/en/manga","/c/en/yuri","/c/en/eurobeat"],"weight":0.21303999999999976,"degrees":[47,479,60,34]},"num_concepts_raised":3844},{"base_id":865,"kind":"top_words","i1":0,"i2":4,"sol":{"path":["/c/en/beyblade","/c/en/top","/c/en/escape","/c/en/science_fiction","/c/en/voltron"],"weight":0.21289999999999976,"degrees":[47,1498,1177,836,24]},"num_concepts_raised":3642},{"base_id":865,"kind":"top_words","i1":0,"i2":5,"sol":{"path":["/c/en/beyblade","/c/en/blade","/c/en/tangent","/c/en/arctangent"],"weight":0.20910999999999985,"degrees":[47,974,304,35]},"num_concepts_raised":3737},{"base_id":865,"kind":"top_words","i1":0,"i2":6,"sol":{"path":["/c/en/beyblade","/c/en/spinning","/c/en/flight","/c/en/fly","/c/en/blackfly"],"weight":0.20939999999999975,"degrees":[47,213,731,2276,51]},"num_concepts_raised":6653},{"base_id":865,"kind":"top_words","i1":0,"i2":7,"sol":{"path":["/c/en/beyblade","/c/en/top","/c/en/king","/c/fa/پادشاه","/c/en/padishah"],"weight":0.20942999999999973,"degrees":[47,1498,1642,21,47]},"num_concepts_raised":10085},{"base_id":865,"kind":"top_words","i1":0,"i2":8,"sol":{"path":["/c/en/beyblade","/c/en/manga","/c/en/shojo"],"weight":0.20500000000000002,"degrees":[47,479,29]},"num_concepts_raised":61},{"base_id":865,"kind":"top_words","i1":0,"i2":9,"sol":{"path":["/c/en/beyblade","/c/en/top","/c/en/position","/c/en/actinide","/c/en/actinium"],"weight":0.21918000000000015,"degrees":[47,1498,2038,176,273]},"num_concepts_raised":8458},{"base_id":865,"kind":"top_words","i1":1,"i2":2,"sol":{"path":["/c/en/naruto","/c/en/manga","/c/en/major","/c/en/music","/c/en/cantabile"],"weight":0.21796999999999966,"degrees":[82,479,662,8822,49]},"num_concepts_raised":10537},{"base_id":865,"kind":"top_words","i1":1,"i2":3,"sol":{"path":["/c/en/naruto","/c/en/manga","/c/en/yuri","/c/en/eurobeat"],"weight":0.21344999999999964,"degrees":[82,479,60,34]},"num_concepts_raised":2885},{"base_id":865,"kind":"top_words","i1":1,"i2":4,"sol":{"path":["/c/en/naruto","/c/en/shikoku","/c/en/breed","/c/en/science_fiction","/c/en/voltron"],"weight":0.21328999999999965,"degrees":[82,115,842,836,24]},"num_concepts_raised":2677},{"base_id":865,"kind":"top_words","i1":1,"i2":5,"sol":{"path":["/c/en/naruto","/c/en/manga","/c/en/real","/c/en/tangent","/c/en/arctangent"],"weight":0.20953999999999973,"degrees":[82,479,969,304,35]},"num_concepts_raised":2784},{"base_id":865,"kind":"top_words","i1":1,"i2":6,"sol":{"path":["/c/en/naruto","/c/en/manga","/c/en/air","/c/en/fly","/c/en/blackfly"],"weight":0.20978999999999967,"degrees":[82,479,1965,2276,51]},"num_concepts_raised":5723},{"base_id":865,"kind":"top_words","i1":1,"i2":7,"sol":{"path":["/c/en/naruto","/c/en/japan","/c/en/country","/c/en/padishah"],"weight":0.20856999999999962,"degrees":[82,915,2796,47]},"num_concepts_raised":9138},{"base_id":865,"kind":"top_words","i1":1,"i2":8,"sol":{"path":["/c/en/naruto","/c/en/manga","/c/en/shojo"],"weight":0.20500000000000002,"degrees":[82,479,29]},"num_concepts_raised":93},{"base_id":865,"kind":"top_words","i1":1,"i2":9,"sol":{"path":["/c/en/naruto","/c/en/manga","/c/en/air","/c/en/element","/c/en/actinium"],"weight":0.21744000000000008,"degrees":[82,479,1965,1173,273]},"num_concepts_raised":7522},{"base_id":865,"kind":"top_words","i1":2,"i2":3,"sol":{"path":["/c/en/cantabile","/c/en/music","/c/en/music_genre","/c/en/eurobeat"],"weight":0.21741999999999984,"degrees":[49,8822,507,34]},"num_concepts_raised":9921},{"base_id":865,"kind":"top_words","i1":2,"i2":4,"sol":{"path":["/c/en/cantabile","/c/en/music","/c/en/cyberpunk","/c/en/science_fiction","/c/en/voltron"],"weight":0.21725999999999981,"degrees":[49,8822,104,836,24]},"num_concepts_raised":9912},{"base_id":865,"kind":"top_words","i1":2,"i2":5,"sol":{"path":["/c/en/cantabile","/c/en/music","/c/en/phase","/c/en/arctangent"],"weight":0.2124299999999999,"degrees":[49,8822,660,35]},"num_concepts_raised":10009},{"base_id":865,"kind":"top_words","i1":2,"i2":6,"sol":{"path":["/c/en/cantabile","/c/en/music","/c/en/activity","/c/en/fly","/c/en/blackfly"],"weight":0.21374999999999983,"degrees":[49,8822,1154,2276,51]},"num_concepts_raised":12930},{"base_id":865,"kind":"top_words","i1":2,"i2":7,"sol":{"path":["/c/en/cantabile","/c/en/music","/c/en/country","/c/en/padishah"],"weight":0.2125499999999998,"degrees":[49,8822,2796,47]},"num_concepts_raised":16308},{"base_id":865,"kind":"top_words","i1":2,"i2":8,"sol":{"path":["/c/en/cantabile","/c/en/music","/c/en/hobby","/c/ja/少女","/c/en/shojo"],"weight":0.2143399999999999,"degrees":[49,8822,527,88,29]},"num_concepts_raised":9530},{"base_id":865,"kind":"top_words","i1":2,"i2":9,"sol":{"path":["/c/en/cantabile","/c/en/music","/c/fr/ensemble","/c/fr/actinium","/c/en/actinium"],"weight":0.22694000000000022,"degrees":[49,8822,1737,141,273]},"num_concepts_raised":14707},{"base_id":865,"kind":"top_words","i1":3,"i2":4,"sol":{"path":["/c/en/eurobeat","/c/en/italo_disco","/c/en/genre","/c/en/science_fiction","/c/en/voltron"],"weight":0.21279999999999982,"degrees":[34,44,508,836,24]},"num_concepts_raised":2263},{"base_id":865,"kind":"top_words","i1":3,"i2":5,"sol":{"path":["/c/en/eurobeat","/c/en/european","/c/en/angle","/c/en/tangent","/c/en/arctangent"],"weight":0.2089999999999999,"degrees":[34,619,959,304,35]},"num_concepts_raised":2370},{"base_id":865,"kind":"top_words","i1":3,"i2":6,"sol":{"path":["/c/en/eurobeat","/c/en/music_genre","/c/en/house","/c/en/fly","/c/en/blackfly"],"weight":0.20923999999999984,"degrees":[34,507,3114,2276,51]},"num_concepts_raised":5306},{"base_id":865,"kind":"top_words","i1":3,"i2":7,"sol":{"path":["/c/en/eurobeat","/c/en/music_genre","/c/en/country","/c/en/padishah"],"weight":0.2080399999999998,"degrees":[34,507,2796,47]},"num_concepts_raised":8703},{"base_id":865,"kind":"top_words","i1":3,"i2":8,"sol":{"path":["/c/en/eurobeat","/c/en/yuri","/c/en/manga","/c/en/shojo"],"weight":0.2090399999999999,"degrees":[34,60,479,29]},"num_concepts_raised":1876},{"base_id":865,"kind":"top_words","i1":3,"i2":9,"sol":{"path":["/c/en/eurobeat","/c/en/yuri","/c/en/slang","/c/en/ac","/c/en/actinium"],"weight":0.21891000000000024,"degrees":[34,60,16318,111,273]},"num_concepts_raised":7107},{"base_id":865,"kind":"top_words","i1":4,"i2":5,"sol":{"path":["/c/en/voltron","/c/en/science_fiction","/c/en/gateway","/c/en/phase","/c/en/arctangent"],"weight":0.20779999999999993,"degrees":[24,836,172,660,35]},"num_concepts_raised":2154},{"base_id":865,"kind":"top_words","i1":4,"i2":6,"sol":{"path":["/c/en/voltron","/c/en/science_fiction","/c/en/escape","/c/en/fly","/c/en/blackfly"],"weight":0.20907999999999982,"degrees":[24,836,1177,2276,51]},"num_concepts_raised":5100},{"base_id":865,"kind":"top_words","i1":4,"i2":7,"sol":{"path":["/c/en/voltron","/c/en/science_fiction","/c/en/science","/c/en/history","/c/en/padishah"],"weight":0.2078899999999998,"degrees":[24,836,1674,1864,47]},"num_concepts_raised":8502},{"base_id":865,"kind":"top_words","i1":4,"i2":8,"sol":{"path":["/c/en/voltron","/c/en/science_fiction","/c/en/fen","/c/en/anime","/c/en/shojo"],"weight":0.2088299999999999,"degrees":[24,836,153,385,29]},"num_concepts_raised":1668},{"base_id":865,"kind":"top_words","i1":4,"i2":9,"sol":{"path":["/c/en/voltron","/c/en/science_fiction","/c/en/uranian","/c/en/uranium","/c/en/actinium"],"weight":0.21684000000000023,"degrees":[24,836,34,603,273]},"num_concepts_raised":6893},{"base_id":865,"kind":"top_words","i1":5,"i2":6,"sol":{"path":["/c/en/arctangent","/c/en/tangent","/c/en/line","/c/en/fly","/c/en/blackfly"],"weight":0.20531999999999995,"degrees":[35,304,3018,2276,51]},"num_concepts_raised":5201},{"base_id":865,"kind":"top_words","i1":5,"i2":7,"sol":{"path":["/c/en/arctangent","/c/en/tangent","/c/en/line","/c/en/state","/c/en/padishah"],"weight":0.2041099999999999,"degrees":[35,304,3018,3243,47]},"num_concepts_raised":8611},{"base_id":865,"kind":"top_words","i1":5,"i2":8,"sol":{"path":["/c/en/arctangent","/c/en/tangent","/c/en/real","/c/en/manga","/c/en/shojo"],"weight":0.20511999999999997,"degrees":[35,304,969,479,29]},"num_concepts_raised":1777},{"base_id":865,"kind":"top_words","i1":5,"i2":9,"sol":{"path":["/c/en/arctangent","/c/en/phase","/c/en/chemistry","/c/it/attinio","/c/en/actinium"],"weight":0.21620000000000034,"degrees":[35,660,11754,16,273]},"num_concepts_raised":6984},{"base_id":865,"kind":"top_words","i1":6,"i2":7,"sol":{"path":["/c/en/blackfly","/c/en/fly","/c/en/historical","/c/pt/padixá","/c/en/padishah"],"weight":0.2053299999999998,"degrees":[51,2276,8415,4,47]},"num_concepts_raised":11536},{"base_id":865,"kind":"top_words","i1":6,"i2":8,"sol":{"path":["/c/en/blackfly","/c/en/fly","/c/en/air","/c/en/manga","/c/en/shojo"],"weight":0.20536999999999989,"degrees":[51,2276,1965,479,29]},"num_concepts_raised":4718},{"base_id":865,"kind":"top_words","i1":6,"i2":9,"sol":{"path":["/c/en/blackfly","/c/en/fly","/c/en/slang","/c/en/ac","/c/en/actinium"],"weight":0.21522000000000024,"degrees":[51,2276,16318,111,273]},"num_concepts_raised":9914},{"base_id":865,"kind":"top_words","i1":7,"i2":8,"sol":{"path":["/c/en/padishah","/c/en/country","/c/en/anime","/c/en/shojo"],"weight":0.20408999999999985,"degrees":[47,2796,385,29]},"num_concepts_raised":8141},{"base_id":865,"kind":"top_words","i1":7,"i2":9,"sol":{"path":["/c/en/padishah","/c/en/history","/c/en/chemistry","/c/it/attinio","/c/en/actinium"],"weight":0.21627000000000018,"degrees":[47,1864,11754,16,273]},"num_concepts_raised":13323},{"base_id":865,"kind":"top_words","i1":8,"i2":9,"sol":{"path":["/c/en/shojo","/c/en/anime","/c/en/c","/c/en/ac","/c/en/actinium"],"weight":0.2149800000000003,"degrees":[29,385,511,111,273]},"num_concepts_raised":6514}]]