[[{"base_id":47,"kind":"bot_words","i1":0,"i2":1,"sol":{"path":["/c/en/mogwai","/c/en/band","/c/en/money","/c/en/expense","/c/en/disbursement"],"weight":0.2079399999999998,"degrees":[40,1893,2899,351,31]},"num_concepts_raised":6245},{"base_id":47,"kind":"bot_words","i1":0,"i2":2,"sol":{"path":["/c/en/mogwai","/c/en/human","/c/en/us","/c/en/obamacare"],"weight":0.20797999999999994,"degrees":[40,2645,8154,25]},"num_concepts_raised":15740},{"base_id":47,"kind":"bot_words","i1":0,"i2":3,"sol":{"path":["/c/en/mogwai","/c/zh/魔怪","/c/en/monster","/c/en/scylla"],"weight":0.21013999999999983,"degrees":[40,11,693,37]},"num_concepts_raised":9950},{"base_id":47,"kind":"bot_words","i1":0,"i2":4,"sol":{"path":["/c/en/mogwai","/c/en/human","/c/en/monocrotaline","/c/en/pyrrolizidine"],"weight":0.2077699999999998,"degrees":[40,2645,10,25]},"num_concepts_raised":12616},{"base_id":47,"kind":"bot_words","i1":0,"i2":5,"sol":{"path":["/c/en/mogwai","/c/en/band","/c/en/maker","/c/en/manufacturer"],"weight":0.21416999999999903,"degrees":[40,1893,486,360]},"num_concepts_raised":18904},{"base_id":47,"kind":"bot_words","i1":0,"i2":6,"sol":{"path":["/c/en/mogwai","/c/en/human","/c/en/factory","/c/en/plant","/c/en/hoodia"],"weight":0.2150199999999998,"degrees":[40,2645,910,7959,27]},"num_concepts_raised":19645},{"base_id":47,"kind":"bot_words","i1":0,"i2":7,"sol":{"path":["/c/en/mogwai","/c/en/human","/c/en/person","/c/en/madhouse","/c/en/bedlam"],"weight":0.2101199999999997,"degrees":[40,2645,12935,81,108]},"num_concepts_raised":7243},{"base_id":47,"kind":"bot_words","i1":0,"i2":8,"sol":{"path":["/c/en/mogwai","/c/en/band","/c/en/music","/c/en/schmaltz"],"weight":0.20793999999999982,"degrees":[40,1893,8822,29]},"num_concepts_raised":16882},{"base_id":47,"kind":"bot_words","i1":0,"i2":9,"sol":{"path":["/c/en/mogwai","/c/en/demon","/c/en/physics","/c/en/interstitial"],"weight":0.20847999999999972,"degrees":[40,738,9094,74]},"num_concepts_raised":24903},{"base_id":47,"kind":"bot_words","i1":1,"i2":2,"sol":{"path":["/c/en/disbursement","/c/en/discretionary_spending","/c/en/us","/c/en/obamacare"],"weight":0.20281,"degrees":[31,22,8154,25]},"num_concepts_raised":12691},{"base_id":47,"kind":"bot_words","i1":1,"i2":3,"sol":{"path":["/c/en/disbursement","/c/en/deal","/c/fr/localités","/c/fr/scylla","/c/en/scylla"],"weight":0.20484999999999987,"degrees":[31,875,110113,14,37]},"num_concepts_raised":6971},{"base_id":47,"kind":"bot_words","i1":1,"i2":4,"sol":{"path":["/c/en/disbursement","/c/en/disburse","/c/en/pay","/c/en/resin","/c/en/organic_compound","/c/en/pyrrolizidine"],"weight":0.20839289999999872,"degrees":[31,76,1489,450,7764,25]},"num_concepts_raised":380727},{"base_id":47,"kind":"bot_words","i1":1,"i2":5,"sol":{"path":["/c/en/disbursement","/c/en/deal","/c/en/make","/c/en/manufacturer"],"weight":0.20644999999999905,"degrees":[31,875,3395,360]},"num_concepts_raised":15857},{"base_id":47,"kind":"bot_words","i1":1,"i2":6,"sol":{"path":["/c/en/disbursement","/c/en/expense","/c/en/parasite","/c/en/plant","/c/en/hoodia"],"weight":0.20987999999999982,"degrees":[31,351,457,7959,27]},"num_concepts_raised":16621},{"base_id":47,"kind":"bot_words","i1":1,"i2":7,"sol":{"path":["/c/en/disbursement","/c/en/disburse","/c/la/erogo","/c/en/prevail","/c/en/bedlam"],"weight":0.20463999999999974,"degrees":[31,76,190,288,108]},"num_concepts_raised":4144},{"base_id":47,"kind":"bot_words","i1":1,"i2":8,"sol":{"path":["/c/en/disbursement","/c/en/expense","/c/en/business","/c/en/art","/c/en/schmaltz"],"weight":0.20283999999999985,"degrees":[31,351,2538,1987,29]},"num_concepts_raised":13981},{"base_id":47,"kind":"bot_words","i1":1,"i2":9,"sol":{"path":["/c/en/disbursement","/c/en/spent","/c/en/time","/c/en/interstice","/c/en/interstitial"],"weight":0.20434999999999975,"degrees":[31,96,4124,107,74]},"num_concepts_raised":21867},{"base_id":47,"kind":"bot_words","i1":2,"i2":3,"sol":{"path":["/c/en/obamacare","/c/en/us","/c/en/rock","/c/en/scylla"],"weight":0.20299,"degrees":[25,8154,2349,37]},"num_concepts_raised":16481},{"base_id":47,"kind":"bot_words","i1":2,"i2":4,"sol":{"path":["/c/en/obamacare","/c/en/us","/c/en/base","/c/en/alkaloid","/c/en/pyrrolizidine"],"weight":0.20296999999999998,"degrees":[25,8154,2117,674,25]},"num_concepts_raised":19094},{"base_id":47,"kind":"bot_words","i1":2,"i2":5,"sol":{"path":["/c/en/obamacare","/c/en/us","/c/en/make","/c/en/manufacturer"],"weight":0.20663999999999919,"degrees":[25,8154,3395,360]},"num_concepts_raised":25271},{"base_id":47,"kind":"bot_words","i1":2,"i2":6,"sol":{"path":["/c/en/obamacare","/c/en/us","/c/en/plant","/c/en/hoodia"],"weight":0.20993999999999996,"degrees":[25,8154,7959,27]},"num_concepts_raised":26093},{"base_id":47,"kind":"bot_words","i1":2,"i2":7,"sol":{"path":["/c/en/obamacare","/c/en/pejorative","/c/fi/hullujenhuone","/c/en/bedlam"],"weight":0.20375999999999989,"degrees":[25,3581,10,108]},"num_concepts_raised":13703},{"base_id":47,"kind":"bot_words","i1":2,"i2":8,"sol":{"path":["/c/en/obamacare","/c/en/us","/c/en/hokey","/c/en/schmaltzy","/c/en/schmaltz"],"weight":0.20387,"degrees":[25,8154,36,83,29]},"num_concepts_raised":23366},{"base_id":47,"kind":"bot_words","i1":2,"i2":9,"sol":{"path":["/c/en/obamacare","/c/en/us","/c/en/cord","/c/en/interstice","/c/en/interstitial"],"weight":0.20446999999999987,"degrees":[25,8154,697,107,74]},"num_concepts_raised":31351},{"base_id":47,"kind":"bot_words","i1":3,"i2":4,"sol":{"path":["/c/en/scylla","/c/en/personification","/c/en/ether","/c/en/organic_compound","/c/en/pyrrolizidine"],"weight":0.20296999999999987,"degrees":[37,270,437,7764,25]},"num_concepts_raised":13344},{"base_id":47,"kind":"bot_words","i1":3,"i2":5,"sol":{"path":["/c/en/scylla","/c/en/italian","/c/en/lamborghini","/c/en/manufacturer"],"weight":0.20639999999999908,"degrees":[37,449,91,360]},"num_concepts_raised":19755},{"base_id":47,"kind":"bot_words","i1":3,"i2":6,"sol":{"path":["/c/en/scylla","/c/en/rock","/c/en/plant","/c/en/hoodia"],"weight":0.20996999999999988,"degrees":[37,2349,7959,27]},"num_concepts_raised":20393},{"base_id":47,"kind":"bot_words","i1":3,"i2":7,"sol":{"path":["/c/en/scylla","/c/en/greek_mythology","/c/en/chaos","/c/en/bedlam"],"weight":0.20403999999999978,"degrees":[37,1305,412,108]},"num_concepts_raised":7965},{"base_id":47,"kind":"bot_words","i1":3,"i2":8,"sol":{"path":["/c/en/scylla","/c/en/rock","/c/en/music","/c/en/schmaltz"],"weight":0.2029499999999999,"degrees":[37,2349,8822,29]},"num_concepts_raised":17755},{"base_id":47,"kind":"bot_words","i1":3,"i2":9,"sol":{"path":["/c/en/scylla","/c/en/rock","/c/en/crystal","/c/en/interstitial"],"weight":0.20347999999999977,"degrees":[37,2349,940,74]},"num_concepts_raised":25645},{"base_id":47,"kind":"bot_words","i1":4,"i2":5,"sol":{"path":["/c/en/pyrrolizidine","/c/en/alkaloid","/c/en/company","/c/en/manufacturer"],"weight":0.20662999999999904,"degrees":[25,674,2258,360]},"num_concepts_raised":22362},{"base_id":47,"kind":"bot_words","i1":4,"i2":6,"sol":{"path":["/c/en/pyrrolizidine","/c/en/alkaloid","/c/en/cinchona","/c/en/plant","/c/en/hoodia"],"weight":0.20997999999999983,"degrees":[25,674,148,7959,27]},"num_concepts_raised":22869},{"base_id":47,"kind":"bot_words","i1":4,"i2":7,"sol":{"path":["/c/en/pyrrolizidine","/c/en/alkaloid","/c/en/company","/c/en/madhouse","/c/en/bedlam"],"weight":0.20506999999999975,"degrees":[25,674,2258,81,108]},"num_concepts_raised":10513},{"base_id":47,"kind":"bot_words","i1":4,"i2":8,"sol":{"path":["/c/en/pyrrolizidine","/c/en/alkaloid","/c/en/base","/c/en/music","/c/en/schmaltz"],"weight":0.20290999999999987,"degrees":[25,674,2117,8822,29]},"num_concepts_raised":20379},{"base_id":47,"kind":"bot_words","i1":4,"i2":9,"sol":{"path":["/c/en/pyrrolizidine","/c/en/organic_compound","/c/en/atom","/c/en/interstice","/c/en/interstitial"],"weight":0.20447999999999977,"degrees":[25,7764,1498,107,74]},"num_concepts_raised":28240},{"base_id":47,"kind":"bot_words","i1":5,"i2":6,"sol":{"path":["/c/en/manufacturer","/c/en/manufacture","/c/en/plant","/c/en/hoodia"],"weight":0.21557999999999905,"degrees":[360,706,7959,27]},"num_concepts_raised":29254},{"base_id":47,"kind":"bot_words","i1":5,"i2":7,"sol":{"path":["/c/en/manufacturer","/c/en/company","/c/en/madhouse","/c/en/bedlam"],"weight":0.20871999999999896,"degrees":[360,2258,81,108]},"num_concepts_raised":16969},{"base_id":47,"kind":"bot_words","i1":5,"i2":8,"sol":{"path":["/c/en/manufacturer","/c/en/maker","/c/en/chicken","/c/en/schmaltz"],"weight":0.2090699999999991,"degrees":[360,486,1689,29]},"num_concepts_raised":26554},{"base_id":47,"kind":"bot_words","i1":5,"i2":9,"sol":{"path":["/c/en/manufacturer","/c/en/make","/c/en/physics","/c/en/interstitial"],"weight":0.20704999999999896,"degrees":[360,3395,9094,74]},"num_concepts_raised":34517},{"base_id":47,"kind":"bot_words","i1":6,"i2":7,"sol":{"path":["/c/en/hoodia","/c/en/plant","/c/en/person","/c/en/madhouse","/c/en/bedlam"],"weight":0.21204999999999974,"degrees":[27,7959,12935,81,108]},"num_concepts_raised":17630},{"base_id":47,"kind":"bot_words","i1":6,"i2":8,"sol":{"path":["/c/en/hoodia","/c/en/plant","/c/en/small","/c/de/schmalz","/c/en/schmaltz"],"weight":0.21183999999999986,"degrees":[27,7959,2515,60,29]},"num_concepts_raised":27376},{"base_id":47,"kind":"bot_words","i1":6,"i2":9,"sol":{"path":["/c/en/hoodia","/c/en/plant","/c/en/object","/c/en/interstice","/c/en/interstitial"],"weight":0.21144999999999975,"degrees":[27,7959,1642,107,74]},"num_concepts_raised":35301},{"base_id":47,"kind":"bot_words","i1":7,"i2":8,"sol":{"path":["/c/en/bedlam","/c/en/madhouse","/c/en/person","/c/en/music","/c/en/schmaltz"],"weight":0.20501999999999976,"degrees":[108,81,12935,8822,29]},"num_concepts_raised":15002},{"base_id":47,"kind":"bot_words","i1":7,"i2":9,"sol":{"path":["/c/en/bedlam","/c/en/chaos","/c/en/physics","/c/en/interstitial"],"weight":0.20442999999999967,"degrees":[108,412,9094,74]},"num_concepts_raised":22869},{"base_id":47,"kind":"bot_words","i1":8,"i2":9,"sol":{"path":["/c/en/schmaltz","/c/de/schmalz","/c/fr/émotion","/c/fr/physique","/c/en/interstitial"],"weight":0.2052799999999998,"degrees":[29,60,314,6029,74]},"num_concepts_raised":32587}],[{"base_id":47,"kind":"top_words","i1":0,"i2":1,"sol":{"path":["/c/en/stalin","/c/en/revolutionary","/c/en/lenin"],"weight":0.20400000000000001,"degrees":[64,232,87]},"num_concepts_raised":129},{"base_id":47,"kind":"top_words","i1":0,"i2":2,"sol":{"path":["/c/en/stalin","/c/en/soviet_union","/c/en/soviet"],"weight":0.20500000000000002,"degrees":[64,354,272]},"num_concepts_raised":269},{"base_id":47,"kind":"top_words","i1":0,"i2":3,"sol":{"path":["/c/en/stalin","/c/de/stahl","/c/de/familienname","/c/de/chruschtschow","/c/en/khrushchev"],"weight":0.20346999999999962,"degrees":[64,193,882,5,72]},"num_concepts_raised":1312},{"base_id":47,"kind":"top_words","i1":0,"i2":4,"sol":{"path":["/c/en/stalin","/c/en/bolshevik"],"weight":0.202,"degrees":[64,96]},"num_concepts_raised":138},{"base_id":47,"kind":"top_words","i1":0,"i2":5,"sol":{"path":["/c/en/stalin","/c/en/stalinism","/c/en/communist","/c/en/comintern"],"weight":0.2043299999999998,"degrees":[64,113,346,42]},"num_concepts_raised":10457},{"base_id":47,"kind":"top_words","i1":0,"i2":6,"sol":{"path":["/c/en/stalin","/c/en/soviet_union","/c/en/ussr"],"weight":0.202,"degrees":[64,354,124]},"num_concepts_raised":175},{"base_id":47,"kind":"top_words","i1":0,"i2":7,"sol":{"path":["/c/en/stalin","/c/en/soviet_union","/c/en/soviet","/c/en/kgb","/c/en/nkvd"],"weight":0.21058999999999967,"degrees":[64,354,272,111,64]},"num_concepts_raised":1377},{"base_id":47,"kind":"top_words","i1":0,"i2":8,"sol":{"path":["/c/en/stalin","/c/en/revolutionary","/c/en/organization","/c/en/band","/c/en/nikita"],"weight":0.21216999999999975,"degrees":[64,232,1375,1893,29]},"num_concepts_raised":3160},{"base_id":47,"kind":"top_words","i1":0,"i2":9,"sol":{"path":["/c/en/stalin","/c/en/revolutionary","/c/en/organization","/c/en/collectivization"],"weight":0.2036599999999998,"degrees":[64,232,1375,72]},"num_concepts_raised":5201},{"base_id":47,"kind":"top_words","i1":1,"i2":2,"sol":{"path":["/c/en/lenin","/c/en/leningrad","/c/en/historical","/c/en/soviet"],"weight":0.21900999999999948,"degrees":[87,71,8415,272]},"num_concepts_raised":37433},{"base_id":47,"kind":"top_words","i1":1,"i2":3,"sol":{"path":["/c/en/lenin","/c/en/leninist","/c/fr/léniniste","/c/fr/soviétique","/c/fr/khrouchtchev","/c/en/khrushchev"],"weight":0.21492469999999966,"degrees":[87,39,38,92,18,72]},"num_concepts_raised":278055},{"base_id":47,"kind":"top_words","i1":1,"i2":4,"sol":{"path":["/c/en/lenin","/c/fr/lénine","/c/fr/bolchévique","/c/en/bolshevik"],"weight":0.21500999999999978,"degrees":[87,54,61,96]},"num_concepts_raised":12234},{"base_id":47,"kind":"top_words","i1":1,"i2":5,"sol":{"path":["/c/en/lenin","/c/en/leningrad","/c/en/historical","/c/en/comintern"],"weight":0.21070999999999984,"degrees":[87,71,8415,42]},"num_concepts_raised":12133},{"base_id":47,"kind":"top_words","i1":1,"i2":6,"sol":{"path":["/c/en/lenin","/c/en/leningrad","/c/en/russia","/c/en/ussr"],"weight":0.21172999999999959,"degrees":[87,71,984,124]},"num_concepts_raised":10049},{"base_id":47,"kind":"top_words","i1":1,"i2":7,"sol":{"path":["/c/en/lenin","/c/en/politician","/c/en/silovik","/c/en/kgb","/c/en/nkvd"],"weight":0.2160699999999997,"degrees":[87,665,26,111,64]},"num_concepts_raised":3091},{"base_id":47,"kind":"top_words","i1":1,"i2":8,"sol":{"path":["/c/en/lenin","/c/en/politician","/c/en/anyone","/c/en/dance_pop","/c/en/nikita"],"weight":0.21765999999999983,"degrees":[87,665,417,93,29]},"num_concepts_raised":4859},{"base_id":47,"kind":"top_words","i1":1,"i2":9,"sol":{"path":["/c/en/lenin","/c/en/revolutionary","/c/en/organization","/c/en/collectivization"],"weight":0.20913999999999988,"degrees":[87,232,1375,72]},"num_concepts_raised":6886},{"base_id":47,"kind":"top_words","i1":2,"i2":3,"sol":{"path":["/c/en/soviet","/c/fr/soviétique","/c/fr/khrouchtchev","/c/en/khrushchev"],"weight":0.22094999999999937,"degrees":[272,92,18,72]},"num_concepts_raised":35257},{"base_id":47,"kind":"top_words","i1":2,"i2":4,"sol":{"path":["/c/en/soviet","/c/en/bolshevik"],"weight":0.20400000000000001,"degrees":[272,96]},"num_concepts_raised":286},{"base_id":47,"kind":"top_words","i1":2,"i2":5,"sol":{"path":["/c/en/soviet","/c/en/historical","/c/en/comintern"],"weight":0.20400000000000001,"degrees":[272,8415,42]},"num_concepts_raised":248},{"base_id":47,"kind":"top_words","i1":2,"i2":6,"sol":{"path":["/c/en/soviet","/c/en/ussr"],"weight":0.20400000000000001,"degrees":[272,124]},"num_concepts_raised":317},{"base_id":47,"kind":"top_words","i1":2,"i2":7,"sol":{"path":["/c/en/soviet","/c/en/kgb","/c/en/nkvd"],"weight":0.20700000000000002,"degrees":[272,111,64]},"num_concepts_raised":269},{"base_id":47,"kind":"top_words","i1":2,"i2":8,"sol":{"path":["/c/en/soviet","/c/en/republic","/c/en/band","/c/en/nikita"],"weight":0.22017999999999951,"degrees":[272,709,1893,29]},"num_concepts_raised":36972},{"base_id":47,"kind":"top_words","i1":2,"i2":9,"sol":{"path":["/c/en/soviet","/c/en/west_germany","/c/en/collective","/c/en/collectivization"],"weight":0.21259999999999957,"degrees":[272,166,634,72]},"num_concepts_raised":38677},{"base_id":47,"kind":"top_words","i1":3,"i2":4,"sol":{"path":["/c/en/khrushchev","/c/fr/khrouchtchev","/c/fr/soviétique","/c/en/soviet","/c/en/bolshevik"],"weight":0.2051799999999997,"degrees":[72,18,92,272,96]},"num_concepts_raised":9902},{"base_id":47,"kind":"top_words","i1":3,"i2":5,"sol":{"path":["/c/en/khrushchev","/c/fr/khrouchtchev","/c/fr/soviétique","/c/en/soviet","/c/en/historical","/c/en/comintern"],"weight":0.2089322999999984,"degrees":[72,18,92,272,8415,42]},"num_concepts_raised":389783},{"base_id":47,"kind":"top_words","i1":3,"i2":6,"sol":{"path":["/c/en/khrushchev","/c/fr/khrouchtchev","/c/fr/soviétique","/c/fr/urss","/c/en/ussr"],"weight":0.20674999999999946,"degrees":[72,18,92,105,124]},"num_concepts_raised":7698},{"base_id":47,"kind":"top_words","i1":3,"i2":7,"sol":{"path":["/c/en/khrushchev","/c/fr/khrouchtchev","/c/fr/soviétique","/c/en/soviet","/c/en/kgb","/c/en/nkvd"],"weight":0.21580089999999946,"degrees":[72,18,92,272,111,64]},"num_concepts_raised":47893},{"base_id":47,"kind":"top_words","i1":3,"i2":8,"sol":{"path":["/c/en/khrushchev","/c/en/transliteration","/c/en/script","/c/en/band","/c/en/nikita"],"weight":0.2122699999999997,"degrees":[72,262,510,1893,29]},"num_concepts_raised":2451},{"base_id":47,"kind":"top_words","i1":3,"i2":9,"sol":{"path":["/c/en/khrushchev","/c/fr/khrouchtchev","/c/fr/soviétique","/c/fr/collectiviste","/c/fr/collectivisation","/c/en/collectivization"],"weight":0.21280749999999976,"degrees":[72,18,92,31,24,72]},"num_concepts_raised":304032},{"base_id":47,"kind":"top_words","i1":4,"i2":5,"sol":{"path":["/c/en/bolshevik","/c/en/communist","/c/en/comintern"],"weight":0.202,"degrees":[96,346,42]},"num_concepts_raised":117},{"base_id":47,"kind":"top_words","i1":4,"i2":6,"sol":{"path":["/c/en/bolshevik","/c/en/union_of_soviet_socialist_republics","/c/en/ussr"],"weight":0.203,"degrees":[96,78,124]},"num_concepts_raised":194},{"base_id":47,"kind":"top_words","i1":4,"i2":7,"sol":{"path":["/c/en/bolshevik","/c/en/russian_soviet_federative_socialist_republic","/c/en/kgb","/c/en/nkvd"],"weight":0.21116999999999972,"degrees":[96,89,111,64]},"num_concepts_raised":9965},{"base_id":47,"kind":"top_words","i1":4,"i2":8,"sol":{"path":["/c/en/bolshevik","/c/fr/politique","/c/en/blue","/c/en/dance_pop","/c/en/nikita"],"weight":0.21282999999999982,"degrees":[96,3449,1611,93,29]},"num_concepts_raised":11734},{"base_id":47,"kind":"top_words","i1":4,"i2":9,"sol":{"path":["/c/en/bolshevik","/c/en/red","/c/en/organization","/c/en/collectivization"],"weight":0.2042699999999999,"degrees":[96,1983,1375,72]},"num_concepts_raised":13748},{"base_id":47,"kind":"top_words","i1":5,"i2":6,"sol":{"path":["/c/en/comintern","/c/en/historical","/c/en/union_of_soviet_socialist_republics","/c/en/ussr"],"weight":0.20523999999999962,"degrees":[42,8415,78,124]},"num_concepts_raised":16453},{"base_id":47,"kind":"top_words","i1":5,"i2":7,"sol":{"path":["/c/en/comintern","/c/en/historical","/c/yi/ענקאוועדע","/c/en/nkvd"],"weight":0.20829999999999976,"degrees":[42,8415,6,64]},"num_concepts_raised":9882},{"base_id":47,"kind":"top_words","i1":5,"i2":8,"sol":{"path":["/c/en/comintern","/c/en/historical","/c/en/ring","/c/en/band","/c/en/nikita"],"weight":0.21205999999999986,"degrees":[42,8415,2026,1893,29]},"num_concepts_raised":11614},{"base_id":47,"kind":"top_words","i1":5,"i2":9,"sol":{"path":["/c/en/comintern","/c/en/association","/c/en/organization","/c/en/collectivization"],"weight":0.2035599999999999,"degrees":[42,787,1375,72]},"num_concepts_raised":13552},{"base_id":47,"kind":"top_words","i1":6,"i2":7,"sol":{"path":["/c/en/ussr","/c/yi/ענקאוועדע","/c/en/nkvd"],"weight":0.20400000000000001,"degrees":[124,6,64]},"num_concepts_raised":174},{"base_id":47,"kind":"top_words","i1":6,"i2":8,"sol":{"path":["/c/en/ussr","/c/en/republic","/c/en/band","/c/en/nikita"],"weight":0.2140199999999996,"degrees":[124,709,1893,29]},"num_concepts_raised":9504},{"base_id":47,"kind":"top_words","i1":6,"i2":9,"sol":{"path":["/c/en/ussr","/c/en/socialist","/c/en/collective","/c/en/collectivization"],"weight":0.20651999999999965,"degrees":[124,299,634,72]},"num_concepts_raised":11453},{"base_id":47,"kind":"top_words","i1":7,"i2":8,"sol":{"path":["/c/en/nkvd","/c/en/secret_police","/c/en/police","/c/en/band","/c/en/nikita"],"weight":0.21723999999999977,"degrees":[64,65,1037,1893,29]},"num_concepts_raised":2522},{"base_id":47,"kind":"top_words","i1":7,"i2":9,"sol":{"path":["/c/en/nkvd","/c/en/fsb","/c/en/computing","/c/en/worker","/c/en/collectivization"],"weight":0.21079999999999982,"degrees":[64,22,9084,1829,72]},"num_concepts_raised":4569},{"base_id":47,"kind":"top_words","i1":8,"i2":9,"sol":{"path":["/c/en/nikita","/c/en/band","/c/en/organization","/c/en/collectivization"],"weight":0.2124999999999999,"degrees":[29,1893,1375,72]},"num_concepts_raised":6311}]]