[[{"base_id":634,"kind":"bot_words","i1":0,"i2":1,"sol":{"path":["/c/en/culmination","/c/ja/極","/c/en/extremely","/c/en/terribly"],"weight":0.2045599999999995,"degrees":[75,83,784,127]},"num_concepts_raised":25673},{"base_id":634,"kind":"bot_words","i1":0,"i2":2,"sol":{"path":["/c/en/culmination","/c/en/power","/c/en/passive","/c/en/aggressive"],"weight":0.20941999999999927,"degrees":[75,2205,303,432]},"num_concepts_raised":37380},{"base_id":634,"kind":"bot_words","i1":0,"i2":3,"sol":{"path":["/c/en/culmination","/c/en/astronomy","/c/en/set","/c/en/bulb"],"weight":0.20631999999999917,"degrees":[75,4553,2628,288]},"num_concepts_raised":44324},{"base_id":634,"kind":"bot_words","i1":0,"i2":4,"sol":{"path":["/c/en/culmination","/c/en/power","/c/en/energy","/c/en/carbohydrate","/c/en/maltodextrin"],"weight":0.20870999999999976,"degrees":[75,2205,1631,1166,54]},"num_concepts_raised":23367},{"base_id":634,"kind":"bot_words","i1":0,"i2":5,"sol":{"path":["/c/en/culmination","/c/en/astronomy","/c/en/blue","/c/en/risque"],"weight":0.20372999999999966,"degrees":[75,4553,1611,57]},"num_concepts_raised":27264},{"base_id":634,"kind":"bot_words","i1":0,"i2":6,"sol":{"path":["/c/en/culmination","/c/en/astronomy","/c/en/apollo","/c/en/insect","/c/en/antheraea"],"weight":0.20836999999999972,"degrees":[75,4553,290,2112,28]},"num_concepts_raised":17780},{"base_id":634,"kind":"bot_words","i1":0,"i2":7,"sol":{"path":["/c/en/culmination","/c/en/glory","/c/en/company","/c/en/subsidiary"],"weight":0.21141999999999905,"degrees":[75,599,2258,263]},"num_concepts_raised":38279},{"base_id":634,"kind":"bot_words","i1":0,"i2":8,"sol":{"path":["/c/en/culmination","/c/en/end","/c/en/object","/c/en/json"],"weight":0.2084799999999996,"degrees":[75,2782,1642,49]},"num_concepts_raised":17327},{"base_id":634,"kind":"bot_words","i1":0,"i2":9,"sol":{"path":["/c/en/culmination","/c/en/culminate","/c/en/form","/c/en/mannequin"],"weight":0.20520999999999973,"degrees":[75,85,2423,182]},"num_concepts_raised":33937},{"base_id":634,"kind":"bot_words","i1":1,"i2":2,"sol":{"path":["/c/en/terribly","/c/en/very","/c/en/war","/c/en/aggressive"],"weight":0.20934999999999915,"degrees":[127,1529,1823,432]},"num_concepts_raised":31829},{"base_id":634,"kind":"bot_words","i1":1,"i2":3,"sol":{"path":["/c/en/terribly","/c/en/very","/c/en/flash","/c/en/bulb"],"weight":0.20716999999999902,"degrees":[127,1529,923,288]},"num_concepts_raised":39144},{"base_id":634,"kind":"bot_words","i1":1,"i2":4,"sol":{"path":["/c/en/terribly","/c/en/very","/c/en/sugar","/c/en/carbohydrate","/c/en/maltodextrin"],"weight":0.20945999999999965,"degrees":[127,1529,1902,1166,54]},"num_concepts_raised":17796},{"base_id":634,"kind":"bot_words","i1":1,"i2":5,"sol":{"path":["/c/en/terribly","/c/en/literary","/c/en/blue","/c/en/risque"],"weight":0.20417999999999953,"degrees":[127,6728,1611,57]},"num_concepts_raised":21736},{"base_id":634,"kind":"bot_words","i1":1,"i2":6,"sol":{"path":["/c/en/terribly","/c/en/very","/c/en/animal","/c/en/insect","/c/en/antheraea"],"weight":0.2089999999999996,"degrees":[127,1529,3735,2112,28]},"num_concepts_raised":12210},{"base_id":634,"kind":"bot_words","i1":1,"i2":7,"sol":{"path":["/c/en/terribly","/c/en/very","/c/en/real","/c/en/subsidiary"],"weight":0.21158999999999895,"degrees":[127,1529,969,263]},"num_concepts_raised":32943},{"base_id":634,"kind":"bot_words","i1":1,"i2":8,"sol":{"path":["/c/en/terribly","/c/en/extremely","/c/zh/金剛","/c/en/object","/c/en/json"],"weight":0.20921999999999952,"degrees":[127,784,25,1642,49]},"num_concepts_raised":11823},{"base_id":634,"kind":"bot_words","i1":1,"i2":9,"sol":{"path":["/c/en/terribly","/c/en/very","/c/en/art","/c/en/model","/c/en/mannequin"],"weight":0.20759999999999962,"degrees":[127,1529,1987,1206,182]},"num_concepts_raised":28533},{"base_id":634,"kind":"bot_words","i1":2,"i2":3,"sol":{"path":["/c/en/aggressive","/c/en/junkyard_dog","/c/en/onion","/c/en/bulb"],"weight":0.2124799999999988,"degrees":[432,30,805,288]},"num_concepts_raised":50384},{"base_id":634,"kind":"bot_words","i1":2,"i2":4,"sol":{"path":["/c/en/aggressive","/c/en/heavy","/c/en/chemistry","/c/fi/maltodekstriini","/c/en/maltodextrin"],"weight":0.2153199999999994,"degrees":[432,1173,11754,6,54]},"num_concepts_raised":29661},{"base_id":634,"kind":"bot_words","i1":2,"i2":5,"sol":{"path":["/c/en/aggressive","/c/en/aggro","/c/en/us","/c/en/risque"],"weight":0.2082899999999993,"degrees":[432,69,8154,57]},"num_concepts_raised":33196},{"base_id":634,"kind":"bot_words","i1":2,"i2":6,"sol":{"path":["/c/en/aggressive","/c/en/bite","/c/en/insect","/c/en/antheraea"],"weight":0.21290999999999938,"degrees":[432,1109,2112,28]},"num_concepts_raised":24049},{"base_id":634,"kind":"bot_words","i1":2,"i2":7,"sol":{"path":["/c/en/aggressive","/c/en/lag","/c/en/company","/c/en/subsidiary"],"weight":0.21610999999999872,"degrees":[432,194,2258,263]},"num_concepts_raised":44291},{"base_id":634,"kind":"bot_words","i1":2,"i2":8,"sol":{"path":["/c/en/aggressive","/c/en/box","/c/en/object","/c/en/json"],"weight":0.21312999999999926,"degrees":[432,2026,1642,49]},"num_concepts_raised":23531},{"base_id":634,"kind":"bot_words","i1":2,"i2":9,"sol":{"path":["/c/en/aggressive","/c/en/programming","/c/en/dummy","/c/en/mannequin"],"weight":0.21109999999999937,"degrees":[432,1116,290,182]},"num_concepts_raised":39907},{"base_id":634,"kind":"bot_words","i1":3,"i2":4,"sol":{"path":["/c/en/bulb","/c/en/starch","/c/en/carbohydrate","/c/en/maltodextrin"],"weight":0.2111799999999993,"degrees":[288,514,1166,54]},"num_concepts_raised":36867},{"base_id":634,"kind":"bot_words","i1":3,"i2":5,"sol":{"path":["/c/en/bulb","/c/en/smell","/c/en/gamey","/c/en/risque"],"weight":0.2069699999999992,"degrees":[288,1332,33,57]},"num_concepts_raised":40432},{"base_id":634,"kind":"bot_words","i1":3,"i2":6,"sol":{"path":["/c/en/bulb","/c/en/stalk","/c/en/insect","/c/en/antheraea"],"weight":0.21067999999999926,"degrees":[288,581,2112,28]},"num_concepts_raised":31340},{"base_id":634,"kind":"bot_words","i1":3,"i2":7,"sol":{"path":["/c/en/bulb","/c/en/nautical","/c/en/auxiliary","/c/en/subsidiary"],"weight":0.21558999999999862,"degrees":[288,5204,220,263]},"num_concepts_raised":51122},{"base_id":634,"kind":"bot_words","i1":3,"i2":8,"sol":{"path":["/c/en/bulb","/c/en/seed","/c/en/object","/c/en/json"],"weight":0.21104999999999918,"degrees":[288,1813,1642,49]},"num_concepts_raised":30817},{"base_id":634,"kind":"bot_words","i1":3,"i2":9,"sol":{"path":["/c/en/bulb","/c/en/flash","/c/en/body","/c/en/mannequin"],"weight":0.20786999999999928,"degrees":[288,923,3170,182]},"num_concepts_raised":46810},{"base_id":634,"kind":"bot_words","i1":4,"i2":5,"sol":{"path":["/c/en/maltodextrin","/c/en/carbohydrate","/c/en/food","/c/en/spicy","/c/en/risque"],"weight":0.2085699999999998,"degrees":[54,1166,4281,301,57]},"num_concepts_raised":19385},{"base_id":634,"kind":"bot_words","i1":4,"i2":6,"sol":{"path":["/c/en/maltodextrin","/c/en/carbohydrate","/c/en/chitin","/c/en/insect","/c/en/antheraea"],"weight":0.21319999999999986,"degrees":[54,1166,153,2112,28]},"num_concepts_raised":9726},{"base_id":634,"kind":"bot_words","i1":4,"i2":7,"sol":{"path":["/c/en/maltodextrin","/c/fi/maltodekstriini","/c/en/chemistry","/c/en/soap","/c/en/subsidiary"],"weight":0.21775999999999923,"degrees":[54,6,11754,1085,263]},"num_concepts_raised":30684},{"base_id":634,"kind":"bot_words","i1":4,"i2":8,"sol":{"path":["/c/en/maltodextrin","/c/en/carbohydrate","/c/en/hydrate","/c/en/object","/c/en/json"],"weight":0.21335999999999977,"degrees":[54,1166,240,1642,49]},"num_concepts_raised":9374},{"base_id":634,"kind":"bot_words","i1":4,"i2":9,"sol":{"path":["/c/en/maltodextrin","/c/en/carbohydrate","/c/en/animal","/c/en/model","/c/en/mannequin"],"weight":0.21176999999999988,"degrees":[54,1166,3735,1206,182]},"num_concepts_raised":26263},{"base_id":634,"kind":"bot_words","i1":5,"i2":6,"sol":{"path":["/c/en/risque","/c/en/spicy","/c/en/nutmeg","/c/en/insect","/c/en/antheraea"],"weight":0.20811999999999978,"degrees":[57,301,235,2112,28]},"num_concepts_raised":13801},{"base_id":634,"kind":"bot_words","i1":5,"i2":7,"sol":{"path":["/c/en/risque","/c/en/blue","/c/en/organization","/c/en/subsidiary"],"weight":0.2107299999999991,"degrees":[57,1611,1375,263]},"num_concepts_raised":34309},{"base_id":634,"kind":"bot_words","i1":5,"i2":8,"sol":{"path":["/c/en/risque","/c/en/sexy","/c/en/hot","/c/en/object","/c/en/json"],"weight":0.20935999999999966,"degrees":[57,325,1227,1642,49]},"num_concepts_raised":13404},{"base_id":634,"kind":"bot_words","i1":5,"i2":9,"sol":{"path":["/c/en/risque","/c/en/us","/c/en/doll","/c/en/mannequin"],"weight":0.20511999999999977,"degrees":[57,8154,842,182]},"num_concepts_raised":29990},{"base_id":634,"kind":"bot_words","i1":6,"i2":7,"sol":{"path":["/c/en/antheraea","/c/en/arthropod_genus","/c/en/vespa","/c/en/subsidiary"],"weight":0.2152999999999992,"degrees":[28,263,61,263]},"num_concepts_raised":25117},{"base_id":634,"kind":"bot_words","i1":6,"i2":8,"sol":{"path":["/c/en/antheraea","/c/en/insect","/c/en/generic","/c/en/object","/c/en/json"],"weight":0.21291999999999972,"degrees":[28,2112,341,1642,49]},"num_concepts_raised":3795},{"base_id":634,"kind":"bot_words","i1":6,"i2":9,"sol":{"path":["/c/en/antheraea","/c/en/insect","/c/en/animal","/c/en/model","/c/en/mannequin"],"weight":0.21133999999999983,"degrees":[28,2112,3735,1206,182]},"num_concepts_raised":20667},{"base_id":634,"kind":"bot_words","i1":7,"i2":8,"sol":{"path":["/c/en/subsidiary","/c/en/soap","/c/en/object","/c/en/json"],"weight":0.21551999999999907,"degrees":[263,1085,1642,49]},"num_concepts_raised":24627},{"base_id":634,"kind":"bot_words","i1":7,"i2":9,"sol":{"path":["/c/en/subsidiary","/c/en/auxiliary","/c/en/assistant","/c/en/mannequin"],"weight":0.21456999999999918,"degrees":[263,220,590,182]},"num_concepts_raised":40760},{"base_id":634,"kind":"bot_words","i1":8,"i2":9,"sol":{"path":["/c/en/json","/c/en/object","/c/en/statue","/c/en/mannequin"],"weight":0.20987999999999973,"degrees":[49,1642,765,182]},"num_concepts_raised":20191}],[{"base_id":634,"kind":"top_words","i1":0,"i2":1,"sol":{"path":["/c/en/cyrillic","/c/en/alphabet","/c/en/transliteration"],"weight":0.20400000000000001,"degrees":[81,713,262]},"num_concepts_raised":243},{"base_id":634,"kind":"top_words","i1":0,"i2":2,"sol":{"path":["/c/en/cyrillic","/c/en/alphabet","/c/en/syllabary","/c/en/katakana"],"weight":0.2126099999999999,"degrees":[81,713,75,151]},"num_concepts_raised":7143},{"base_id":634,"kind":"top_words","i1":0,"i2":3,"sol":{"path":["/c/en/cyrillic","/c/en/alphabet","/c/en/syllabary","/c/en/hiragana"],"weight":0.21255999999999992,"degrees":[81,713,75,146]},"num_concepts_raised":9547},{"base_id":634,"kind":"top_words","i1":0,"i2":4,"sol":{"path":["/c/en/cyrillic","/c/en/language","/c/en/orthography"],"weight":0.20400000000000001,"degrees":[81,4160,494]},"num_concepts_raised":457},{"base_id":634,"kind":"top_words","i1":0,"i2":5,"sol":{"path":["/c/en/cyrillic","/c/en/language","/c/fr/linguistique","/c/en/kanji"],"weight":0.21150999999999961,"degrees":[81,4160,7455,249]},"num_concepts_raised":16109},{"base_id":634,"kind":"top_words","i1":0,"i2":6,"sol":{"path":["/c/en/cyrillic","/c/en/cyril","/c/en/given_name","/c/en/patronymic"],"weight":0.21085999999999958,"degrees":[81,68,1247,185]},"num_concepts_raised":14504},{"base_id":634,"kind":"top_words","i1":0,"i2":7,"sol":{"path":["/c/en/cyrillic","/c/en/alphabet"],"weight":0.20400000000000001,"degrees":[81,713]},"num_concepts_raised":540},{"base_id":634,"kind":"top_words","i1":0,"i2":8,"sol":{"path":["/c/en/cyrillic","/c/en/language","/c/ja/口語","/c/en/colloquial"],"weight":0.20653999999999978,"degrees":[81,4160,27,156]},"num_concepts_raised":37680},{"base_id":634,"kind":"top_words","i1":0,"i2":9,"sol":{"path":["/c/en/cyrillic","/c/en/language","/c/en/linguistics","/c/en/portmanteau"],"weight":0.20456999999999975,"degrees":[81,4160,4250,97]},"num_concepts_raised":25011},{"base_id":634,"kind":"top_words","i1":1,"i2":2,"sol":{"path":["/c/en/transliteration","/c/en/letter","/c/en/hiragana","/c/en/katakana"],"weight":0.22082000000000035,"degrees":[262,2043,146,151]},"num_concepts_raised":13630},{"base_id":634,"kind":"top_words","i1":1,"i2":3,"sol":{"path":["/c/en/transliteration","/c/en/letter","/c/en/hiragana"],"weight":0.20600000000000002,"degrees":[262,2043,146]},"num_concepts_raised":283},{"base_id":634,"kind":"top_words","i1":1,"i2":4,"sol":{"path":["/c/en/transliteration","/c/en/letter","/c/en/orthography"],"weight":0.20600000000000002,"degrees":[262,2043,494]},"num_concepts_raised":566},{"base_id":634,"kind":"top_words","i1":1,"i2":5,"sol":{"path":["/c/en/transliteration","/c/ja/ほんじ","/c/en/kanji"],"weight":0.20600000000000002,"degrees":[262,9,249]},"num_concepts_raised":369},{"base_id":634,"kind":"top_words","i1":1,"i2":6,"sol":{"path":["/c/en/transliteration","/c/en/linguistics","/c/de/patronym","/c/en/patronymic"],"weight":0.22086999999999996,"degrees":[262,4250,39,185]},"num_concepts_raised":20893},{"base_id":634,"kind":"top_words","i1":1,"i2":7,"sol":{"path":["/c/en/transliteration","/c/en/alphabet"],"weight":0.20600000000000002,"degrees":[262,713]},"num_concepts_raised":651},{"base_id":634,"kind":"top_words","i1":1,"i2":8,"sol":{"path":["/c/en/transliteration","/c/en/linguistics","/c/en/colloquial"],"weight":0.20400000000000001,"degrees":[262,4250,156]},"num_concepts_raised":300},{"base_id":634,"kind":"top_words","i1":1,"i2":9,"sol":{"path":["/c/en/transliteration","/c/en/linguistics","/c/en/portmanteau"],"weight":0.20400000000000001,"degrees":[262,4250,97]},"num_concepts_raised":250},{"base_id":634,"kind":"top_words","i1":2,"i2":3,"sol":{"path":["/c/en/katakana","/c/en/hiragana"],"weight":0.20800000000000002,"degrees":[151,146]},"num_concepts_raised":194},{"base_id":634,"kind":"top_words","i1":2,"i2":4,"sol":{"path":["/c/en/katakana","/c/en/syllabary","/c/en/orthography"],"weight":0.20700000000000002,"degrees":[151,75,494]},"num_concepts_raised":501},{"base_id":634,"kind":"top_words","i1":2,"i2":5,"sol":{"path":["/c/en/katakana","/c/en/kanji"],"weight":0.20600000000000002,"degrees":[151,249]},"num_concepts_raised":296},{"base_id":634,"kind":"top_words","i1":2,"i2":6,"sol":{"path":["/c/en/katakana","/c/ja/グレー","/c/en/surname","/c/en/patronymic"],"weight":0.21723999999999982,"degrees":[151,30,1055,185]},"num_concepts_raised":10135},{"base_id":634,"kind":"top_words","i1":2,"i2":7,"sol":{"path":["/c/en/katakana","/c/en/syllabary","/c/en/alphabet"],"weight":0.20700000000000002,"degrees":[151,75,713]},"num_concepts_raised":591},{"base_id":634,"kind":"top_words","i1":2,"i2":8,"sol":{"path":["/c/en/katakana","/c/en/kana","/c/fr/linguistique","/c/en/colloquial"],"weight":0.21359000000000003,"degrees":[151,128,7455,156]},"num_concepts_raised":33865},{"base_id":634,"kind":"top_words","i1":2,"i2":9,"sol":{"path":["/c/en/katakana","/c/en/kana","/c/fr/linguistique","/c/en/portmanteau"],"weight":0.21264,"degrees":[151,128,7455,97]},"num_concepts_raised":21137},{"base_id":634,"kind":"top_words","i1":3,"i2":4,"sol":{"path":["/c/en/hiragana","/c/en/syllabary","/c/en/orthography"],"weight":0.20700000000000002,"degrees":[146,75,494]},"num_concepts_raised":497},{"base_id":634,"kind":"top_words","i1":3,"i2":5,"sol":{"path":["/c/en/hiragana","/c/en/kanji"],"weight":0.20800000000000002,"degrees":[146,249]},"num_concepts_raised":293},{"base_id":634,"kind":"top_words","i1":3,"i2":6,"sol":{"path":["/c/en/hiragana","/c/en/letter","/c/en/o","/c/en/patronymic"],"weight":0.2167099999999998,"degrees":[146,2043,406,185]},"num_concepts_raised":12632},{"base_id":634,"kind":"top_words","i1":3,"i2":7,"sol":{"path":["/c/en/hiragana","/c/en/letter","/c/en/alphabet"],"weight":0.20800000000000002,"degrees":[146,2043,713]},"num_concepts_raised":586},{"base_id":634,"kind":"top_words","i1":3,"i2":8,"sol":{"path":["/c/en/hiragana","/c/en/kanji","/c/fr/linguistique","/c/en/colloquial"],"weight":0.21352000000000004,"degrees":[146,249,7455,156]},"num_concepts_raised":36282},{"base_id":634,"kind":"top_words","i1":3,"i2":9,"sol":{"path":["/c/en/hiragana","/c/en/kanji","/c/fr/linguistique","/c/en/portmanteau"],"weight":0.21255999999999997,"degrees":[146,249,7455,97]},"num_concepts_raised":23577},{"base_id":634,"kind":"top_words","i1":4,"i2":5,"sol":{"path":["/c/en/orthography","/c/ja/衣偏","/c/en/kanji"],"weight":0.20600000000000002,"degrees":[494,5,249]},"num_concepts_raised":584},{"base_id":634,"kind":"top_words","i1":4,"i2":6,"sol":{"path":["/c/en/orthography","/c/en/letter","/c/en/o","/c/en/patronymic"],"weight":0.2212299999999991,"degrees":[494,2043,406,185]},"num_concepts_raised":35340},{"base_id":634,"kind":"top_words","i1":4,"i2":7,"sol":{"path":["/c/en/orthography","/c/en/letter","/c/en/alphabet"],"weight":0.20800000000000002,"degrees":[494,2043,713]},"num_concepts_raised":863},{"base_id":634,"kind":"top_words","i1":4,"i2":8,"sol":{"path":["/c/en/orthography","/c/en/spelling","/c/en/ab_language","/c/en/colloquial"],"weight":0.2210499999999993,"degrees":[494,276,13,156]},"num_concepts_raised":57694},{"base_id":634,"kind":"top_words","i1":4,"i2":9,"sol":{"path":["/c/en/orthography","/c/sw/tahajia","/c/en/linguistics","/c/en/portmanteau"],"weight":0.21704999999999927,"degrees":[494,7,4250,97]},"num_concepts_raised":45303},{"base_id":634,"kind":"top_words","i1":5,"i2":6,"sol":{"path":["/c/en/kanji","/c/ja/名乗り","/c/en/name","/c/en/patronymic"],"weight":0.21783999999999948,"degrees":[249,22,2629,185]},"num_concepts_raised":19309},{"base_id":634,"kind":"top_words","i1":5,"i2":7,"sol":{"path":["/c/en/kanji","/c/fr/linguistique","/c/en/alphabet"],"weight":0.20600000000000002,"degrees":[249,7455,713]},"num_concepts_raised":674},{"base_id":634,"kind":"top_words","i1":5,"i2":8,"sol":{"path":["/c/en/kanji","/c/fr/linguistique","/c/en/colloquial"],"weight":0.20400000000000001,"degrees":[249,7455,156]},"num_concepts_raised":315},{"base_id":634,"kind":"top_words","i1":5,"i2":9,"sol":{"path":["/c/en/kanji","/c/fr/linguistique","/c/en/portmanteau"],"weight":0.20400000000000001,"degrees":[249,7455,97]},"num_concepts_raised":266},{"base_id":634,"kind":"top_words","i1":6,"i2":7,"sol":{"path":["/c/en/patronymic","/c/en/o","/c/en/alphabet"],"weight":0.20600000000000002,"degrees":[185,406,713]},"num_concepts_raised":630},{"base_id":634,"kind":"top_words","i1":6,"i2":8,"sol":{"path":["/c/en/patronymic","/c/de/patronym","/c/en/linguistics","/c/en/colloquial"],"weight":0.21387999999999968,"degrees":[185,39,4250,156]},"num_concepts_raised":40856},{"base_id":634,"kind":"top_words","i1":6,"i2":9,"sol":{"path":["/c/en/patronymic","/c/de/patronym","/c/en/linguistics","/c/en/portmanteau"],"weight":0.21294999999999964,"degrees":[185,39,4250,97]},"num_concepts_raised":28326},{"base_id":634,"kind":"top_words","i1":7,"i2":8,"sol":{"path":["/c/en/alphabet","/c/fr/linguistique","/c/en/colloquial"],"weight":0.20400000000000001,"degrees":[713,7455,156]},"num_concepts_raised":605},{"base_id":634,"kind":"top_words","i1":7,"i2":9,"sol":{"path":["/c/en/alphabet","/c/fr/linguistique","/c/en/portmanteau"],"weight":0.20400000000000001,"degrees":[713,7455,97]},"num_concepts_raised":555},{"base_id":634,"kind":"top_words","i1":8,"i2":9,"sol":{"path":["/c/en/colloquial","/c/en/linguistics","/c/en/portmanteau"],"weight":0.202,"degrees":[156,4250,97]},"num_concepts_raised":196}]]