[[{"base_id":687,"kind":"bot_words","i1":0,"i2":1,"sol":{"path":["/c/en/martin","/c/fr/martinet","/c/en/tail","/c/en/chase","/c/en/rabbet"],"weight":0.2161099999999996,"degrees":[167,92,1214,697,70]},"num_concepts_raised":129628},{"base_id":687,"kind":"bot_words","i1":0,"i2":2,"sol":{"path":["/c/en/martin","/c/en/swallow","/c/en/block","/c/en/operate","/c/en/operated"],"weight":0.21319999999999967,"degrees":[167,1147,1314,473,39]},"num_concepts_raised":127985},{"base_id":687,"kind":"bot_words","i1":0,"i2":3,"sol":{"path":["/c/en/martin","/c/en/bird","/c/en/natural","/c/en/seismology","/c/en/seismological"],"weight":0.21293999999999985,"degrees":[167,4970,930,214,27]},"num_concepts_raised":126129},{"base_id":687,"kind":"bot_words","i1":0,"i2":4,"sol":{"path":["/c/en/martin","/c/en/swallow","/c/en/out","/c/en/expose","/c/en/exposé"],"weight":0.2120799999999997,"degrees":[167,1147,1307,585,24]},"num_concepts_raised":126773},{"base_id":687,"kind":"bot_words","i1":0,"i2":5,"sol":{"path":["/c/en/martin","/c/en/bird","/c/en/ring","/c/en/encircle"],"weight":0.2152099999999994,"degrees":[167,4970,2026,275]},"num_concepts_raised":141199},{"base_id":687,"kind":"bot_words","i1":0,"i2":6,"sol":{"path":["/c/en/martin","/c/en/king","/c/en/knight","/c/en/paladin"],"weight":0.2097899999999998,"degrees":[167,1642,797,37]},"num_concepts_raised":128441},{"base_id":687,"kind":"bot_words","i1":0,"i2":7,"sol":{"path":["/c/en/martin","/c/en/swallow","/c/ms/menerima","/c/en/enroll"],"weight":0.21428999999999954,"degrees":[167,1147,55,208]},"num_concepts_raised":137584},{"base_id":687,"kind":"bot_words","i1":0,"i2":8,"sol":{"path":["/c/en/martin","/c/fr/martinet","/c/fr/long","/c/fr/siècle","/c/en/noughties"],"weight":0.2157199999999998,"degrees":[167,92,895,358,28]},"num_concepts_raised":126900},{"base_id":687,"kind":"bot_words","i1":0,"i2":9,"sol":{"path":["/c/en/martin","/c/en/king","/c/en/queen"],"weight":0.20800000000000002,"degrees":[167,1642,1021]},"num_concepts_raised":866},{"base_id":687,"kind":"bot_words","i1":1,"i2":2,"sol":{"path":["/c/en/rabbet","/c/en/channel","/c/en/site","/c/en/operated"],"weight":0.20317999999999967,"degrees":[70,932,653,39]},"num_concepts_raised":5855},{"base_id":687,"kind":"bot_words","i1":1,"i2":3,"sol":{"path":["/c/en/rabbet","/c/en/rebate","/c/en/wood","/c/en/natural","/c/en/seismology","/c/en/seismological"],"weight":0.21044219999999975,"degrees":[70,151,2440,930,214,27]},"num_concepts_raised":382264},{"base_id":687,"kind":"bot_words","i1":1,"i2":4,"sol":{"path":["/c/en/rabbet","/c/en/rebate","/c/en/photography","/c/en/expose","/c/en/exposé"],"weight":0.2041899999999997,"degrees":[70,151,1111,585,24]},"num_concepts_raised":4628},{"base_id":687,"kind":"bot_words","i1":1,"i2":5,"sol":{"path":["/c/en/rabbet","/c/fi/liittää","/c/en/enclose","/c/en/encircle"],"weight":0.2067099999999994,"degrees":[70,47,470,275]},"num_concepts_raised":19196},{"base_id":687,"kind":"bot_words","i1":1,"i2":6,"sol":{"path":["/c/en/rabbet","/c/en/knighthead","/c/en/knight","/c/en/paladin"],"weight":0.20327999999999977,"degrees":[70,14,797,37]},"num_concepts_raised":6377},{"base_id":687,"kind":"bot_words","i1":1,"i2":7,"sol":{"path":["/c/en/rabbet","/c/en/join","/c/en/enroll"],"weight":0.202,"degrees":[70,1308,208]},"num_concepts_raised":224},{"base_id":687,"kind":"bot_words","i1":1,"i2":8,"sol":{"path":["/c/en/rabbet","/c/en/chase","/c/en/united_states","/c/en/1900s","/c/en/noughties"],"weight":0.20421999999999976,"degrees":[70,697,1636,97,28]},"num_concepts_raised":4769},{"base_id":687,"kind":"bot_words","i1":1,"i2":9,"sol":{"path":["/c/en/rabbet","/c/en/cut_out","/c/en/piece","/c/en/queen"],"weight":0.22041999999999895,"degrees":[70,176,1565,1021]},"num_concepts_raised":101581},{"base_id":687,"kind":"bot_words","i1":2,"i2":3,"sol":{"path":["/c/en/operated","/c/en/operate","/c/en/physical","/c/en/geophysics","/c/en/seismology","/c/en/seismological"],"weight":0.20976579999999978,"degrees":[39,473,1078,174,214,27]},"num_concepts_raised":242648},{"base_id":687,"kind":"bot_words","i1":2,"i2":4,"sol":{"path":["/c/en/operated","/c/en/byte","/c/en/computing","/c/en/expose","/c/en/exposé"],"weight":0.2027399999999998,"degrees":[39,328,9084,585,24]},"num_concepts_raised":2941},{"base_id":687,"kind":"bot_words","i1":2,"i2":5,"sol":{"path":["/c/en/operated","/c/en/treadle","/c/en/circular","/c/en/encircle"],"weight":0.20704999999999948,"degrees":[39,54,548,275]},"num_concepts_raised":17635},{"base_id":687,"kind":"bot_words","i1":2,"i2":6,"sol":{"path":["/c/en/operated","/c/en/operate","/c/en/man","/c/en/noble","/c/en/paladin"],"weight":0.20398999999999987,"degrees":[39,473,3068,871,37]},"num_concepts_raised":4692},{"base_id":687,"kind":"bot_words","i1":2,"i2":7,"sol":{"path":["/c/en/operated","/c/en/trigger","/c/ar/أدخل","/c/en/enroll"],"weight":0.2059699999999996,"degrees":[39,343,25,208]},"num_concepts_raised":13957},{"base_id":687,"kind":"bot_words","i1":2,"i2":8,"sol":{"path":["/c/en/operated","/c/en/site","/c/en/msn_generation","/c/en/noughties"],"weight":0.20277999999999985,"degrees":[39,653,16,28]},"num_concepts_raised":3078},{"base_id":687,"kind":"bot_words","i1":2,"i2":9,"sol":{"path":["/c/en/operated","/c/en/manned","/c/en/person","/c/en/queen"],"weight":0.22032999999999903,"degrees":[39,41,12935,1021]},"num_concepts_raised":100059},{"base_id":687,"kind":"bot_words","i1":3,"i2":4,"sol":{"path":["/c/en/seismological","/c/en/seismology","/c/en/helioseismology","/c/en/sun","/c/en/expose","/c/en/exposé"],"weight":0.20756939999999985,"degrees":[27,214,29,1994,585,24]},"num_concepts_raised":86506},{"base_id":687,"kind":"bot_words","i1":3,"i2":5,"sol":{"path":["/c/en/seismological","/c/en/seismology","/c/en/earth","/c/en/round","/c/en/encircle"],"weight":0.20723999999999965,"degrees":[27,214,2336,1452,275]},"num_concepts_raised":15833},{"base_id":687,"kind":"bot_words","i1":3,"i2":6,"sol":{"path":["/c/en/seismological","/c/en/seismology","/c/en/seismologist","/c/en/person","/c/en/champion","/c/en/paladin"],"weight":0.20845889999999995,"degrees":[27,214,66,12935,480,37]},"num_concepts_raised":196715},{"base_id":687,"kind":"bot_words","i1":3,"i2":7,"sol":{"path":["/c/en/seismological","/c/en/seismology","/c/en/focus","/c/en/computing","/c/en/register","/c/en/enroll"],"weight":0.2182740999999997,"degrees":[27,214,744,9084,810,208]},"num_concepts_raised":860895},{"base_id":687,"kind":"bot_words","i1":3,"i2":8,"sol":{"path":["/c/en/seismological","/c/en/seismology","/c/en/magnitude","/c/en/zero","/c/en/aughts","/c/en/noughties"],"weight":0.2099547,"degrees":[27,214,281,795,9,28]},"num_concepts_raised":105029},{"base_id":687,"kind":"bot_words","i1":3,"i2":9,"sol":{"path":["/c/en/seismological","/c/en/seismology","/c/en/triangulation","/c/en/king","/c/en/queen"],"weight":0.22702999999999918,"degrees":[27,214,82,1642,1021]},"num_concepts_raised":98416},{"base_id":687,"kind":"bot_words","i1":4,"i2":5,"sol":{"path":["/c/en/exposé","/c/en/expose","/c/en/sun","/c/en/circle","/c/en/encircle"],"weight":0.20849999999999952,"degrees":[24,585,1994,1376,275]},"num_concepts_raised":16460},{"base_id":687,"kind":"bot_words","i1":4,"i2":6,"sol":{"path":["/c/en/exposé","/c/fr/exposé","/c/fr/être","/c/en/advocate","/c/en/paladin"],"weight":0.2028299999999999,"degrees":[24,122,3434,583,37]},"num_concepts_raised":3430},{"base_id":687,"kind":"bot_words","i1":4,"i2":7,"sol":{"path":["/c/en/exposé","/c/ar/بيان","/c/en/list","/c/en/enroll"],"weight":0.20496999999999965,"degrees":[24,28,1079,208]},"num_concepts_raised":12733},{"base_id":687,"kind":"bot_words","i1":4,"i2":8,"sol":{"path":["/c/en/exposé","/c/en/expose","/c/en/film","/c/en/1900s","/c/en/noughties"],"weight":0.2037899999999999,"degrees":[24,585,2504,97,28]},"num_concepts_raised":1815},{"base_id":687,"kind":"bot_words","i1":4,"i2":9,"sol":{"path":["/c/en/exposé","/c/en/expose","/c/en/attraction","/c/en/king","/c/en/queen"],"weight":0.22583999999999904,"degrees":[24,585,465,1642,1021]},"num_concepts_raised":99011},{"base_id":687,"kind":"bot_words","i1":5,"i2":6,"sol":{"path":["/c/en/encircle","/c/en/circle","/c/en/geometry","/c/en/noble","/c/en/paladin"],"weight":0.2087699999999996,"degrees":[275,1376,2822,871,37]},"num_concepts_raised":18177},{"base_id":687,"kind":"bot_words","i1":5,"i2":7,"sol":{"path":["/c/en/encircle","/c/en/circle","/c/en/inscribe","/c/en/enroll"],"weight":0.21085999999999933,"degrees":[275,1376,145,208]},"num_concepts_raised":26928},{"base_id":687,"kind":"bot_words","i1":5,"i2":8,"sol":{"path":["/c/en/encircle","/c/en/circle","/c/en/zero","/c/en/aughts","/c/en/noughties"],"weight":0.20966999999999958,"degrees":[275,1376,795,9,28]},"num_concepts_raised":16599},{"base_id":687,"kind":"bot_words","i1":5,"i2":9,"sol":{"path":["/c/en/encircle","/c/en/circle","/c/en/crown","/c/en/queen"],"weight":0.22811999999999877,"degrees":[275,1376,1373,1021]},"num_concepts_raised":112335},{"base_id":687,"kind":"bot_words","i1":6,"i2":7,"sol":{"path":["/c/en/paladin","/c/en/noble","/c/en/us","/c/en/register","/c/en/enroll"],"weight":0.2079499999999997,"degrees":[37,871,8154,810,208]},"num_concepts_raised":14475},{"base_id":687,"kind":"bot_words","i1":6,"i2":8,"sol":{"path":["/c/en/paladin","/c/pt/paladino","/c/en/historical","/c/en/decade","/c/en/noughties"],"weight":0.20407999999999996,"degrees":[37,12,8415,440,28]},"num_concepts_raised":3567},{"base_id":687,"kind":"bot_words","i1":6,"i2":9,"sol":{"path":["/c/en/paladin","/c/en/noble","/c/en/queen"],"weight":0.20400000000000001,"degrees":[37,871,1021]},"num_concepts_raised":770},{"base_id":687,"kind":"bot_words","i1":7,"i2":8,"sol":{"path":["/c/en/enroll","/c/en/register","/c/en/music","/c/en/2000s","/c/en/noughties"],"weight":0.2078599999999997,"degrees":[208,810,8822,104,28]},"num_concepts_raised":12885},{"base_id":687,"kind":"bot_words","i1":7,"i2":9,"sol":{"path":["/c/en/enroll","/c/fr/des","/c/fr/dame","/c/en/queen"],"weight":0.22888999999999887,"degrees":[208,295,333,1021]},"num_concepts_raised":108935},{"base_id":687,"kind":"bot_words","i1":8,"i2":9,"sol":{"path":["/c/en/noughties","/c/fr/siècle","/c/fr/ouvrage","/c/fr/dame","/c/en/queen"],"weight":0.22669999999999912,"degrees":[28,358,893,333,1021]},"num_concepts_raised":99148}],[{"base_id":687,"kind":"top_words","i1":0,"i2":1,"sol":{"path":["/c/en/square","/c/en/measurement","/c/en/mile"],"weight":0.20900000000000002,"degrees":[1534,807,530]},"num_concepts_raised":1486},{"base_id":687,"kind":"top_words","i1":0,"i2":2,"sol":{"path":["/c/en/square","/c/en/level","/c/en/advance","/c/en/outrider"],"weight":0.2332700000000007,"degrees":[1534,1606,1141,26]},"num_concepts_raised":181810},{"base_id":687,"kind":"top_words","i1":0,"i2":3,"sol":{"path":["/c/en/square","/c/en/market","/c/en/sold","/c/en/sellable"],"weight":0.23132000000000075,"degrees":[1534,1406,143,27]},"num_concepts_raised":179679},{"base_id":687,"kind":"top_words","i1":0,"i2":4,"sol":{"path":["/c/en/square","/c/en/polygon","/c/en/poly","/c/en/polytheistic"],"weight":0.23373000000000088,"degrees":[1534,361,1012,54]},"num_concepts_raised":181342},{"base_id":687,"kind":"top_words","i1":0,"i2":5,"sol":{"path":["/c/en/square","/c/en/ball","/c/en/eyeball"],"weight":0.20600000000000002,"degrees":[1534,2118,215]},"num_concepts_raised":1302},{"base_id":687,"kind":"top_words","i1":0,"i2":6,"sol":{"path":["/c/en/square","/c/en/us","/c/en/eraser"],"weight":0.20600000000000002,"degrees":[1534,8154,295]},"num_concepts_raised":1351},{"base_id":687,"kind":"top_words","i1":0,"i2":7,"sol":{"path":["/c/en/square","/c/en/regular","/c/en/grammar","/c/en/inchoative"],"weight":0.23432000000000075,"degrees":[1534,736,6397,30]},"num_concepts_raised":187152},{"base_id":687,"kind":"top_words","i1":0,"i2":8,"sol":{"path":["/c/en/square","/c/en/mathematics","/c/en/irrational","/c/en/obsession","/c/en/obsessional"],"weight":0.23683000000000076,"degrees":[1534,7601,292,241,27]},"num_concepts_raised":179862},{"base_id":687,"kind":"top_words","i1":0,"i2":9,"sol":{"path":["/c/en/square","/c/en/slang","/c/en/time","/c/en/realtime"],"weight":0.2353900000000007,"degrees":[1534,16318,4124,58]},"num_concepts_raised":192169},{"base_id":687,"kind":"top_words","i1":1,"i2":2,"sol":{"path":["/c/en/mile","/c/en/milestone","/c/en/advance","/c/en/outrider"],"weight":0.21684999999999993,"degrees":[530,207,1141,26]},"num_concepts_raised":62461},{"base_id":687,"kind":"top_words","i1":1,"i2":3,"sol":{"path":["/c/en/mile","/c/en/yard","/c/en/sold","/c/en/sellable"],"weight":0.21721999999999994,"degrees":[530,825,143,27]},"num_concepts_raised":60014},{"base_id":687,"kind":"top_words","i1":1,"i2":4,"sol":{"path":["/c/en/mile","/c/en/other","/c/en/temple","/c/en/polytheistic"],"weight":0.2152900000000001,"degrees":[530,970,1126,54]},"num_concepts_raised":61819},{"base_id":687,"kind":"top_words","i1":1,"i2":5,"sol":{"path":["/c/en/mile","/c/en/measure","/c/en/eyeball"],"weight":0.20500000000000002,"degrees":[530,1837,215]},"num_concepts_raised":521},{"base_id":687,"kind":"top_words","i1":1,"i2":6,"sol":{"path":["/c/en/mile","/c/en/distance","/c/en/point","/c/en/eraser"],"weight":0.22347000000000006,"degrees":[530,1296,2624,295]},"num_concepts_raised":85876},{"base_id":687,"kind":"top_words","i1":1,"i2":7,"sol":{"path":["/c/en/mile","/c/en/english","/c/en/grammar","/c/en/inchoative"],"weight":0.21588999999999997,"degrees":[530,954,6397,30]},"num_concepts_raised":68358},{"base_id":687,"kind":"top_words","i1":1,"i2":8,"sol":{"path":["/c/en/mile","/c/en/bug","/c/en/obsession","/c/en/obsessional"],"weight":0.21692,"degrees":[530,643,241,27]},"num_concepts_raised":60179},{"base_id":687,"kind":"top_words","i1":1,"i2":9,"sol":{"path":["/c/en/mile","/c/en/measure","/c/en/time","/c/en/realtime"],"weight":0.21929999999999988,"degrees":[530,1837,4124,58]},"num_concepts_raised":73733},{"base_id":687,"kind":"top_words","i1":2,"i2":3,"sol":{"path":["/c/en/outrider","/c/en/guide","/c/en/military","/c/en/sold","/c/en/sellable"],"weight":0.20262999999999987,"degrees":[26,953,5690,143,27]},"num_concepts_raised":3506},{"base_id":687,"kind":"top_words","i1":2,"i2":4,"sol":{"path":["/c/en/outrider","/c/en/guide","/c/en/place","/c/en/temple","/c/en/polytheistic"],"weight":0.20314,"degrees":[26,953,3314,1126,54]},"num_concepts_raised":5392},{"base_id":687,"kind":"top_words","i1":2,"i2":5,"sol":{"path":["/c/en/outrider","/c/en/advance","/c/en/estimate","/c/en/eyeball"],"weight":0.20516999999999974,"degrees":[26,1141,700,215]},"num_concepts_raised":24642},{"base_id":687,"kind":"top_words","i1":2,"i2":6,"sol":{"path":["/c/en/outrider","/c/en/guide","/c/en/draw","/c/en/eraser"],"weight":0.20659999999999998,"degrees":[26,953,1953,295]},"num_concepts_raised":33176},{"base_id":687,"kind":"top_words","i1":2,"i2":7,"sol":{"path":["/c/en/outrider","/c/en/advance","/c/la/ad","/c/fr/inchoatif","/c/en/inchoative"],"weight":0.20472999999999986,"degrees":[26,1141,584,55,30]},"num_concepts_raised":12231},{"base_id":687,"kind":"top_words","i1":2,"i2":8,"sol":{"path":["/c/en/outrider","/c/en/ride","/c/en/over","/c/en/neurotic","/c/en/obsessional"],"weight":0.20367999999999986,"degrees":[26,974,1167,151,27]},"num_concepts_raised":3681},{"base_id":687,"kind":"top_words","i1":2,"i2":9,"sol":{"path":["/c/en/outrider","/c/en/guide","/c/en/director","/c/en/real_time","/c/en/realtime"],"weight":0.20524999999999982,"degrees":[26,953,497,81,58]},"num_concepts_raised":19376},{"base_id":687,"kind":"top_words","i1":3,"i2":4,"sol":{"path":["/c/en/sellable","/c/en/sellability","/c/en/sell","/c/en/house","/c/en/temple","/c/en/polytheistic"],"weight":0.20805769999999996,"degrees":[27,7,983,3114,1126,54]},"num_concepts_raised":249939},{"base_id":687,"kind":"top_words","i1":3,"i2":5,"sol":{"path":["/c/en/sellable","/c/en/sold","/c/en/cry","/c/en/eye","/c/en/eyeball"],"weight":0.20794999999999977,"degrees":[27,143,1722,2698,215]},"num_concepts_raised":21883},{"base_id":687,"kind":"top_words","i1":3,"i2":6,"sol":{"path":["/c/en/sellable","/c/en/sold","/c/en/product","/c/en/rubber","/c/en/eraser"],"weight":0.20793,"degrees":[27,143,1426,605,295]},"num_concepts_raised":30543},{"base_id":687,"kind":"top_words","i1":3,"i2":7,"sol":{"path":["/c/en/sellable","/c/en/sold","/c/en/appurtenance","/c/en/grammar","/c/en/inchoative"],"weight":0.20384999999999992,"degrees":[27,143,55,6397,30]},"num_concepts_raised":9392},{"base_id":687,"kind":"top_words","i1":3,"i2":8,"sol":{"path":["/c/en/sellable","/c/en/sold","/c/en/pay","/c/en/interest","/c/en/obsession","/c/en/obsessional"],"weight":0.20966179999999984,"degrees":[27,143,1489,1297,241,27]},"num_concepts_raised":73528},{"base_id":687,"kind":"top_words","i1":3,"i2":9,"sol":{"path":["/c/en/sellable","/c/en/saleable","/c/en/sale","/c/en/time","/c/en/realtime"],"weight":0.20438999999999985,"degrees":[27,69,766,4124,58]},"num_concepts_raised":16619},{"base_id":687,"kind":"top_words","i1":4,"i2":5,"sol":{"path":["/c/en/polytheistic","/c/en/temple","/c/en/eye","/c/en/eyeball"],"weight":0.2084399999999999,"degrees":[54,1126,2698,215]},"num_concepts_raised":23715},{"base_id":687,"kind":"top_words","i1":4,"i2":6,"sol":{"path":["/c/en/polytheistic","/c/en/temple","/c/en/house","/c/en/rubber","/c/en/eraser"],"weight":0.20846000000000015,"degrees":[54,1126,3114,605,295]},"num_concepts_raised":32391},{"base_id":687,"kind":"top_words","i1":4,"i2":7,"sol":{"path":["/c/en/polytheistic","/c/en/temple","/c/la/tempus","/c/en/grammar","/c/en/inchoative"],"weight":0.20438000000000003,"degrees":[54,1126,150,6397,30]},"num_concepts_raised":11270},{"base_id":687,"kind":"top_words","i1":4,"i2":8,"sol":{"path":["/c/en/polytheistic","/c/en/hesychast_controversy","/c/en/historical","/c/en/skoptic","/c/en/obsessional"],"weight":0.20320000000000005,"degrees":[54,9,8415,13,27]},"num_concepts_raised":2704},{"base_id":687,"kind":"top_words","i1":4,"i2":9,"sol":{"path":["/c/en/polytheistic","/c/en/polytheism","/c/en/god","/c/en/real","/c/en/realtime"],"weight":0.20476999999999998,"degrees":[54,255,1774,969,58]},"num_concepts_raised":18480},{"base_id":687,"kind":"top_words","i1":5,"i2":6,"sol":{"path":["/c/en/eyeball","/c/en/ball","/c/en/rubber","/c/en/eraser"],"weight":0.2105699999999999,"degrees":[215,2118,605,295]},"num_concepts_raised":50949},{"base_id":687,"kind":"top_words","i1":5,"i2":7,"sol":{"path":["/c/en/eyeball","/c/en/eye","/c/en/head","/c/en/grammar","/c/en/inchoative"],"weight":0.2091299999999998,"degrees":[215,2698,3580,6397,30]},"num_concepts_raised":30497},{"base_id":687,"kind":"top_words","i1":5,"i2":8,"sol":{"path":["/c/en/eyeball","/c/en/gauge","/c/en/adult_actor","/c/en/obsession","/c/en/obsessional"],"weight":0.20751999999999982,"degrees":[215,415,20,241,27]},"num_concepts_raised":22047},{"base_id":687,"kind":"top_words","i1":5,"i2":9,"sol":{"path":["/c/en/eyeball","/c/en/measure","/c/en/time","/c/en/realtime"],"weight":0.2068599999999997,"degrees":[215,1837,4124,58]},"num_concepts_raised":37400},{"base_id":687,"kind":"top_words","i1":6,"i2":7,"sol":{"path":["/c/en/eraser","/c/en/school","/c/en/grammar","/c/en/inchoative"],"weight":0.20784000000000002,"degrees":[295,2171,6397,30]},"num_concepts_raised":39075},{"base_id":687,"kind":"top_words","i1":6,"i2":8,"sol":{"path":["/c/en/eraser","/c/it/gomma","/c/en/medicine","/c/en/neurotic","/c/en/obsessional"],"weight":0.20982000000000003,"degrees":[295,72,11938,151,27]},"num_concepts_raised":30714},{"base_id":687,"kind":"top_words","i1":6,"i2":9,"sol":{"path":["/c/en/eraser","/c/en/computing","/c/en/realtime"],"weight":0.202,"degrees":[295,9084,58]},"num_concepts_raised":270},{"base_id":687,"kind":"top_words","i1":7,"i2":8,"sol":{"path":["/c/en/inchoative","/c/en/grammar","/c/en/ending","/c/en/obsession","/c/en/obsessional"],"weight":0.20604999999999996,"degrees":[30,6397,414,241,27]},"num_concepts_raised":9559},{"base_id":687,"kind":"top_words","i1":7,"i2":9,"sol":{"path":["/c/en/inchoative","/c/en/grammar","/c/en/time","/c/en/realtime"],"weight":0.20538999999999985,"degrees":[30,6397,4124,58]},"num_concepts_raised":25141},{"base_id":687,"kind":"top_words","i1":8,"i2":9,"sol":{"path":["/c/en/obsessional","/c/en/obsession","/c/en/obsessive_compulsive","/c/en/time","/c/en/realtime"],"weight":0.20646999999999988,"degrees":[27,241,26,4124,58]},"num_concepts_raised":16790}]]