[[{"base_id":789,"kind":"bot_words","i1":0,"i2":1,"sol":{"path":["/c/en/responsibilities","/c/en/person","/c/en/legal","/c/en/millimetre"],"weight":0.20428999999999994,"degrees":[32,12935,6627,131]},"num_concepts_raised":24461},{"base_id":789,"kind":"bot_words","i1":0,"i2":2,"sol":{"path":["/c/en/responsibilities","/c/en/person","/c/en/clothes","/c/en/threadbare"],"weight":0.2032499999999997,"degrees":[32,12935,948,75]},"num_concepts_raised":20201},{"base_id":789,"kind":"bot_words","i1":0,"i2":3,"sol":{"path":["/c/en/responsibilities","/c/en/person","/c/en/home","/c/en/domestic"],"weight":0.21220999999999846,"degrees":[32,12935,2163,643]},"num_concepts_raised":62048},{"base_id":789,"kind":"bot_words","i1":0,"i2":4,"sol":{"path":["/c/en/responsibilities","/c/en/person","/c/en/greek","/c/he/יוני","/c/en/june"],"weight":0.22257000000000024,"degrees":[32,12935,647,7,449]},"num_concepts_raised":20973},{"base_id":789,"kind":"bot_words","i1":0,"i2":5,"sol":{"path":["/c/en/responsibilities","/c/en/person","/c/en/abnormal","/c/en/subnormal"],"weight":0.20406999999999986,"degrees":[32,12935,486,50]},"num_concepts_raised":22575},{"base_id":789,"kind":"bot_words","i1":0,"i2":6,"sol":{"path":["/c/en/responsibilities","/c/en/person","/c/en/body","/c/en/disease","/c/en/xeroderma"],"weight":0.20292999999999986,"degrees":[32,12935,3170,4216,37]},"num_concepts_raised":24523},{"base_id":789,"kind":"bot_words","i1":0,"i2":7,"sol":{"path":["/c/en/responsibilities","/c/en/person","/c/en/form","/c/en/polymorphic"],"weight":0.20337999999999984,"degrees":[32,12935,2423,67]},"num_concepts_raised":26355},{"base_id":789,"kind":"bot_words","i1":0,"i2":8,"sol":{"path":["/c/en/responsibilities","/c/en/person","/c/en/statue","/c/en/statuary"],"weight":0.20392999999999975,"degrees":[32,12935,765,40]},"num_concepts_raised":17200},{"base_id":789,"kind":"bot_words","i1":0,"i2":9,"sol":{"path":["/c/en/responsibilities","/c/en/person","/c/en/company","/c/en/fokker"],"weight":0.20783999999999975,"degrees":[32,12935,2258,40]},"num_concepts_raised":17802},{"base_id":789,"kind":"bot_words","i1":1,"i2":2,"sol":{"path":["/c/en/millimetre","/c/en/legal","/c/en/trite","/c/en/threadbare"],"weight":0.2049299999999999,"degrees":[131,6627,143,75]},"num_concepts_raised":16793},{"base_id":789,"kind":"bot_words","i1":1,"i2":3,"sol":{"path":["/c/en/millimetre","/c/en/letter","/c/en/home","/c/en/domestic"],"weight":0.21355999999999864,"degrees":[131,2043,2163,643]},"num_concepts_raised":59173},{"base_id":789,"kind":"bot_words","i1":1,"i2":4,"sol":{"path":["/c/en/millimetre","/c/en/sun","/c/en/summer","/c/en/june"],"weight":0.22023000000000043,"degrees":[131,1994,1209,449]},"num_concepts_raised":17538},{"base_id":789,"kind":"bot_words","i1":1,"i2":5,"sol":{"path":["/c/en/millimetre","/c/en/letter","/c/en/line","/c/en/subnormal"],"weight":0.20467000000000007,"degrees":[131,2043,3018,50]},"num_concepts_raised":19126},{"base_id":789,"kind":"bot_words","i1":1,"i2":6,"sol":{"path":["/c/en/millimetre","/c/en/microcoria","/c/en/disease","/c/en/xeroderma"],"weight":0.20446000000000003,"degrees":[131,6,4216,37]},"num_concepts_raised":21181},{"base_id":789,"kind":"bot_words","i1":1,"i2":7,"sol":{"path":["/c/en/millimetre","/c/en/millimeter","/c/en/glob","/c/en/biology","/c/en/polymorphic"],"weight":0.20845000000000002,"degrees":[131,91,34,6216,67]},"num_concepts_raised":22962},{"base_id":789,"kind":"bot_words","i1":1,"i2":8,"sol":{"path":["/c/en/millimetre","/c/fr/millimètre","/c/fr/point","/c/fr/sculpture","/c/en/statuary"],"weight":0.20722999999999991,"degrees":[131,115,1065,279,40]},"num_concepts_raised":13829},{"base_id":789,"kind":"bot_words","i1":1,"i2":9,"sol":{"path":["/c/en/millimetre","/c/en/legal","/c/en/company","/c/en/fokker"],"weight":0.2094199999999999,"degrees":[131,6627,2258,40]},"num_concepts_raised":14411},{"base_id":789,"kind":"bot_words","i1":2,"i2":3,"sol":{"path":["/c/en/threadbare","/c/en/clothes","/c/en/house","/c/en/domestic"],"weight":0.2123699999999984,"degrees":[75,948,3114,643]},"num_concepts_raised":54939},{"base_id":789,"kind":"bot_words","i1":2,"i2":4,"sol":{"path":["/c/en/threadbare","/c/ga/lom","/c/en/opening","/c/en/month","/c/en/june"],"weight":0.22236000000000017,"degrees":[75,62,983,1313,449]},"num_concepts_raised":13190},{"base_id":789,"kind":"bot_words","i1":2,"i2":5,"sol":{"path":["/c/en/threadbare","/c/en/thread","/c/en/line","/c/en/subnormal"],"weight":0.20463999999999982,"degrees":[75,1015,3018,50]},"num_concepts_raised":14709},{"base_id":789,"kind":"bot_words","i1":2,"i2":6,"sol":{"path":["/c/en/threadbare","/c/en/bare","/c/en/skin","/c/en/xeroderma"],"weight":0.2035099999999998,"degrees":[75,447,2372,37]},"num_concepts_raised":16704},{"base_id":789,"kind":"bot_words","i1":2,"i2":7,"sol":{"path":["/c/en/threadbare","/c/en/warp","/c/en/shape","/c/en/polymorphic"],"weight":0.2039399999999998,"degrees":[75,485,1344,67]},"num_concepts_raised":18596},{"base_id":789,"kind":"bot_words","i1":2,"i2":8,"sol":{"path":["/c/en/threadbare","/c/en/worn","/c/en/old","/c/en/museum","/c/en/statuary"],"weight":0.2046299999999997,"degrees":[75,275,2028,576,40]},"num_concepts_raised":9421},{"base_id":789,"kind":"bot_words","i1":2,"i2":9,"sol":{"path":["/c/en/threadbare","/c/en/thread","/c/en/term","/c/en/company","/c/en/fokker"],"weight":0.2093999999999997,"degrees":[75,1015,1089,2258,40]},"num_concepts_raised":10043},{"base_id":789,"kind":"bot_words","i1":3,"i2":4,"sol":{"path":["/c/en/domestic","/c/en/animal","/c/en/winter","/c/en/june"],"weight":0.22669999999999893,"degrees":[643,3735,1060,449]},"num_concepts_raised":55755},{"base_id":789,"kind":"bot_words","i1":3,"i2":5,"sol":{"path":["/c/en/domestic","/c/en/home","/c/en/line","/c/en/subnormal"],"weight":0.21231999999999857,"degrees":[643,2163,3018,50]},"num_concepts_raised":57276},{"base_id":789,"kind":"bot_words","i1":3,"i2":6,"sol":{"path":["/c/en/domestic","/c/en/animal","/c/en/skin","/c/en/xeroderma"],"weight":0.21101999999999854,"degrees":[643,3735,2372,37]},"num_concepts_raised":59252},{"base_id":789,"kind":"bot_words","i1":3,"i2":7,"sol":{"path":["/c/en/domestic","/c/en/home","/c/en/form","/c/en/polymorphic"],"weight":0.21263999999999855,"degrees":[643,2163,2423,67]},"num_concepts_raised":60855},{"base_id":789,"kind":"bot_words","i1":3,"i2":8,"sol":{"path":["/c/en/domestic","/c/en/house","/c/en/shelf","/c/en/statuary"],"weight":0.21187999999999846,"degrees":[643,3114,526,40]},"num_concepts_raised":52015},{"base_id":789,"kind":"bot_words","i1":3,"i2":9,"sol":{"path":["/c/en/domestic","/c/en/pet","/c/en/company","/c/en/fokker"],"weight":0.21662999999999843,"degrees":[643,639,2258,40]},"num_concepts_raised":52558},{"base_id":789,"kind":"bot_words","i1":4,"i2":5,"sol":{"path":["/c/en/june","/c/en/may","/c/en/defective","/c/en/abnormal","/c/en/subnormal"],"weight":0.22216000000000033,"degrees":[449,844,262,486,50]},"num_concepts_raised":15572},{"base_id":789,"kind":"bot_words","i1":4,"i2":6,"sol":{"path":["/c/en/june","/c/en/month","/c/en/fall","/c/en/disease","/c/en/xeroderma"],"weight":0.22103000000000034,"degrees":[449,1313,2357,4216,37]},"num_concepts_raised":17550},{"base_id":789,"kind":"bot_words","i1":4,"i2":7,"sol":{"path":["/c/en/june","/c/en/magazine","/c/en/shape","/c/en/polymorphic"],"weight":0.2191500000000003,"degrees":[449,978,1344,67]},"num_concepts_raised":19399},{"base_id":789,"kind":"bot_words","i1":4,"i2":8,"sol":{"path":["/c/en/june","/c/he/יוני","/c/en/greek","/c/en/statue","/c/en/statuary"],"weight":0.22380000000000022,"degrees":[449,7,647,765,40]},"num_concepts_raised":10198},{"base_id":789,"kind":"bot_words","i1":4,"i2":9,"sol":{"path":["/c/en/june","/c/en/month","/c/en/like","/c/en/company","/c/en/fokker"],"weight":0.2259700000000002,"degrees":[449,1313,2357,2258,40]},"num_concepts_raised":10803},{"base_id":789,"kind":"bot_words","i1":5,"i2":6,"sol":{"path":["/c/en/subnormal","/c/en/abnormal","/c/en/pathology","/c/en/xeroderma"],"weight":0.20424999999999996,"degrees":[50,486,5554,37]},"num_concepts_raised":19100},{"base_id":789,"kind":"bot_words","i1":5,"i2":7,"sol":{"path":["/c/en/subnormal","/c/en/geometry","/c/en/form","/c/en/polymorphic"],"weight":0.20378999999999994,"degrees":[50,2822,2423,67]},"num_concepts_raised":20800},{"base_id":789,"kind":"bot_words","i1":5,"i2":8,"sol":{"path":["/c/en/subnormal","/c/en/line","/c/en/craft","/c/en/statuary"],"weight":0.20313999999999985,"degrees":[50,3018,598,40]},"num_concepts_raised":11810},{"base_id":789,"kind":"bot_words","i1":5,"i2":9,"sol":{"path":["/c/en/subnormal","/c/en/axis","/c/en/germany","/c/en/fokker"],"weight":0.20821999999999985,"degrees":[50,735,1036,40]},"num_concepts_raised":12402},{"base_id":789,"kind":"bot_words","i1":6,"i2":7,"sol":{"path":["/c/en/xeroderma","/c/en/xerodermia","/c/en/medicine","/c/en/torsades_de_pointes","/c/en/polymorphic"],"weight":0.20539999999999992,"degrees":[37,6,11938,16,67]},"num_concepts_raised":22918},{"base_id":789,"kind":"bot_words","i1":6,"i2":8,"sol":{"path":["/c/en/xeroderma","/c/en/disease","/c/en/body","/c/en/statue","/c/en/statuary"],"weight":0.20414999999999983,"degrees":[37,4216,3170,765,40]},"num_concepts_raised":13784},{"base_id":789,"kind":"bot_words","i1":6,"i2":9,"sol":{"path":["/c/en/xeroderma","/c/en/disease","/c/en/dutch","/c/en/netherlands","/c/en/fokker"],"weight":0.2080999999999998,"degrees":[37,4216,317,680,40]},"num_concepts_raised":14385},{"base_id":789,"kind":"bot_words","i1":7,"i2":8,"sol":{"path":["/c/en/polymorphic","/c/en/form","/c/en/statue","/c/en/statuary"],"weight":0.20458999999999983,"degrees":[67,2423,765,40]},"num_concepts_raised":15613},{"base_id":789,"kind":"bot_words","i1":7,"i2":9,"sol":{"path":["/c/en/polymorphic","/c/en/form","/c/en/germany","/c/en/fokker"],"weight":0.2084999999999998,"degrees":[67,2423,1036,40]},"num_concepts_raised":16251},{"base_id":789,"kind":"bot_words","i1":8,"i2":9,"sol":{"path":["/c/en/statuary","/c/en/statue","/c/en/city","/c/en/amsterdam","/c/en/fokker"],"weight":0.20914999999999973,"degrees":[40,765,3758,275,40]},"num_concepts_raised":7042}],[{"base_id":789,"kind":"top_words","i1":0,"i2":1,"sol":{"path":["/c/en/architect","/c/en/design","/c/en/designed"],"weight":0.20700000000000002,"degrees":[404,1361,79]},"num_concepts_raised":342},{"base_id":789,"kind":"top_words","i1":0,"i2":2,"sol":{"path":["/c/en/architect","/c/en/building","/c/en/company","/c/en/pininfarina"],"weight":0.22078000000000003,"degrees":[404,2061,2258,39]},"num_concepts_raised":28686},{"base_id":789,"kind":"top_words","i1":0,"i2":3,"sol":{"path":["/c/en/architect","/c/en/wrightian","/c/en/usonian"],"weight":0.20400000000000001,"degrees":[404,6,44]},"num_concepts_raised":309},{"base_id":789,"kind":"top_words","i1":0,"i2":4,"sol":{"path":["/c/en/architect","/c/en/building","/c/en/office","/c/en/buro"],"weight":0.21595000000000006,"degrees":[404,2061,1568,40]},"num_concepts_raised":35372},{"base_id":789,"kind":"top_words","i1":0,"i2":5,"sol":{"path":["/c/en/architect","/c/en/builder","/c/en/coachbuilder"],"weight":0.20400000000000001,"degrees":[404,317,35]},"num_concepts_raised":303},{"base_id":789,"kind":"top_words","i1":0,"i2":6,"sol":{"path":["/c/en/architect","/c/en/column","/c/en/culture","/c/en/permaculture"],"weight":0.21922000000000008,"degrees":[404,1203,1324,78]},"num_concepts_raised":31101},{"base_id":789,"kind":"top_words","i1":0,"i2":7,"sol":{"path":["/c/en/architect","/c/en/architecture","/c/en/science","/c/en/acoustics","/c/en/acoustician"],"weight":0.21575000000000016,"degrees":[404,2564,1674,224,25]},"num_concepts_raised":25652},{"base_id":789,"kind":"top_words","i1":0,"i2":8,"sol":{"path":["/c/en/architect","/c/en/person","/c/en/henry","/c/en/hansom"],"weight":0.21354000000000017,"degrees":[404,12935,283,24]},"num_concepts_raised":34299},{"base_id":789,"kind":"top_words","i1":0,"i2":9,"sol":{"path":["/c/en/architect","/c/en/design"],"weight":0.20800000000000002,"degrees":[404,1361]},"num_concepts_raised":1389},{"base_id":789,"kind":"top_words","i1":1,"i2":2,"sol":{"path":["/c/en/designed","/c/en/purpose","/c/en/company","/c/en/pininfarina"],"weight":0.20837999999999962,"degrees":[79,939,2258,39]},"num_concepts_raised":7472},{"base_id":789,"kind":"top_words","i1":1,"i2":3,"sol":{"path":["/c/en/designed","/c/en/buildings","/c/en/construction","/c/en/usonian"],"weight":0.20335999999999965,"degrees":[79,95,1292,44]},"num_concepts_raised":6682},{"base_id":789,"kind":"top_words","i1":1,"i2":4,"sol":{"path":["/c/en/designed","/c/en/desktop","/c/fr/bureau","/c/en/buro"],"weight":0.2046999999999996,"degrees":[79,161,422,40]},"num_concepts_raised":14431},{"base_id":789,"kind":"top_words","i1":1,"i2":5,"sol":{"path":["/c/en/designed","/c/en/buildings","/c/en/builder","/c/en/coachbuilder"],"weight":0.2032899999999997,"degrees":[79,95,317,35]},"num_concepts_raised":17381},{"base_id":789,"kind":"top_words","i1":1,"i2":6,"sol":{"path":["/c/en/designed","/c/en/by_accident","/c/en/natural","/c/en/permaculture"],"weight":0.20890999999999965,"degrees":[79,52,930,78]},"num_concepts_raised":9851},{"base_id":789,"kind":"top_words","i1":1,"i2":7,"sol":{"path":["/c/en/designed","/c/en/design","/c/en/high","/c/en/acoustics","/c/en/acoustician"],"weight":0.20535999999999974,"degrees":[79,1361,1658,224,25]},"num_concepts_raised":4284},{"base_id":789,"kind":"top_words","i1":1,"i2":8,"sol":{"path":["/c/en/designed","/c/en/design","/c/en/trap","/c/en/carriage","/c/en/hansom"],"weight":0.20639999999999975,"degrees":[79,1361,878,731,24]},"num_concepts_raised":13189},{"base_id":789,"kind":"top_words","i1":1,"i2":9,"sol":{"path":["/c/en/designed","/c/en/design"],"weight":0.20700000000000002,"degrees":[79,1361]},"num_concepts_raised":1187},{"base_id":789,"kind":"top_words","i1":2,"i2":3,"sol":{"path":["/c/en/pininfarina","/c/en/car","/c/en/american","/c/en/usonian"],"weight":0.20911999999999975,"degrees":[39,2328,845,44]},"num_concepts_raised":6703},{"base_id":789,"kind":"top_words","i1":2,"i2":4,"sol":{"path":["/c/en/pininfarina","/c/en/company","/c/en/office","/c/en/buro"],"weight":0.2081099999999997,"degrees":[39,2258,1568,40]},"num_concepts_raised":14390},{"base_id":789,"kind":"top_words","i1":2,"i2":5,"sol":{"path":["/c/en/pininfarina","/c/en/car","/c/en/coachbuilder"],"weight":0.20400000000000001,"degrees":[39,2328,35]},"num_concepts_raised":69},{"base_id":789,"kind":"top_words","i1":2,"i2":6,"sol":{"path":["/c/en/pininfarina","/c/en/company","/c/en/share","/c/en/agriculture","/c/en/permaculture"],"weight":0.21561999999999976,"degrees":[39,2258,1177,1319,78]},"num_concepts_raised":9875},{"base_id":789,"kind":"top_words","i1":2,"i2":7,"sol":{"path":["/c/en/pininfarina","/c/en/company","/c/en/shell","/c/en/acoustic","/c/en/acoustician"],"weight":0.20777999999999983,"degrees":[39,2258,1513,185,25]},"num_concepts_raised":4295},{"base_id":789,"kind":"top_words","i1":2,"i2":8,"sol":{"path":["/c/en/pininfarina","/c/en/car","/c/en/carriage","/c/en/hansom"],"weight":0.20882999999999985,"degrees":[39,2328,731,24]},"num_concepts_raised":13106},{"base_id":789,"kind":"top_words","i1":2,"i2":9,"sol":{"path":["/c/en/pininfarina","/c/en/company","/c/en/work","/c/en/design"],"weight":0.23107999999999676,"degrees":[39,2258,4013,1361]},"num_concepts_raised":98197},{"base_id":789,"kind":"top_words","i1":3,"i2":4,"sol":{"path":["/c/en/usonian","/c/en/united_states_of_america","/c/en/us","/c/en/buro"],"weight":0.2041099999999998,"degrees":[44,553,8154,40]},"num_concepts_raised":13645},{"base_id":789,"kind":"top_words","i1":3,"i2":5,"sol":{"path":["/c/en/usonian","/c/en/american","/c/en/car","/c/en/coachbuilder"],"weight":0.2042099999999998,"degrees":[44,845,2328,35]},"num_concepts_raised":16589},{"base_id":789,"kind":"top_words","i1":3,"i2":6,"sol":{"path":["/c/en/usonian","/c/en/american","/c/en/farmer","/c/en/agriculture","/c/en/permaculture"],"weight":0.2117799999999998,"degrees":[44,845,1059,1319,78]},"num_concepts_raised":9078},{"base_id":789,"kind":"top_words","i1":3,"i2":7,"sol":{"path":["/c/en/usonian","/c/en/construction","/c/en/diaphragm","/c/en/acoustics","/c/en/acoustician"],"weight":0.20283999999999985,"degrees":[44,1292,310,224,25]},"num_concepts_raised":3493},{"base_id":789,"kind":"top_words","i1":3,"i2":8,"sol":{"path":["/c/en/usonian","/c/en/united_states_of_america","/c/en/us","/c/en/carriage","/c/en/hansom"],"weight":0.20506999999999986,"degrees":[44,553,8154,731,24]},"num_concepts_raised":12389},{"base_id":789,"kind":"top_words","i1":3,"i2":9,"sol":{"path":["/c/en/usonian","/c/en/american","/c/en/engineer","/c/en/design"],"weight":0.22663999999999684,"degrees":[44,845,624,1361]},"num_concepts_raised":97467},{"base_id":789,"kind":"top_words","i1":4,"i2":5,"sol":{"path":["/c/en/buro","/c/en/office","/c/en/historical","/c/en/coachbuilder"],"weight":0.20302999999999977,"degrees":[40,1568,8415,35]},"num_concepts_raised":24057},{"base_id":789,"kind":"top_words","i1":4,"i2":6,"sol":{"path":["/c/en/buro","/c/fr/bureau","/c/fr/chaouch","/c/en/agriculture","/c/en/permaculture"],"weight":0.21193999999999974,"degrees":[40,422,27,1319,78]},"num_concepts_raised":16879},{"base_id":789,"kind":"top_words","i1":4,"i2":7,"sol":{"path":["/c/en/buro","/c/en/office","/c/en/high","/c/en/acoustics","/c/en/acoustician"],"weight":0.20292999999999983,"degrees":[40,1568,1658,224,25]},"num_concepts_raised":11355},{"base_id":789,"kind":"top_words","i1":4,"i2":8,"sol":{"path":["/c/en/buro","/c/en/us","/c/en/carriage","/c/en/hansom"],"weight":0.20377999999999985,"degrees":[40,8154,731,24]},"num_concepts_raised":19959},{"base_id":789,"kind":"top_words","i1":4,"i2":9,"sol":{"path":["/c/en/buro","/c/en/us","/c/en/plan","/c/en/design"],"weight":0.23633999999999672,"degrees":[40,8154,1278,1361]},"num_concepts_raised":104278},{"base_id":789,"kind":"top_words","i1":5,"i2":6,"sol":{"path":["/c/en/coachbuilder","/c/en/coach","/c/fr/sélectionneur","/c/fr/agriculture","/c/en/permaculture"],"weight":0.21068999999999982,"degrees":[35,799,24,1581,78]},"num_concepts_raised":19761},{"base_id":789,"kind":"top_words","i1":5,"i2":7,"sol":{"path":["/c/en/coachbuilder","/c/en/coach","/c/en/worker","/c/en/physicist","/c/en/acoustician"],"weight":0.2049399999999999,"degrees":[35,799,1829,281,25]},"num_concepts_raised":14248},{"base_id":789,"kind":"top_words","i1":5,"i2":8,"sol":{"path":["/c/en/coachbuilder","/c/en/carriage","/c/en/hansom"],"weight":0.203,"degrees":[35,731,24]},"num_concepts_raised":49},{"base_id":789,"kind":"top_words","i1":5,"i2":9,"sol":{"path":["/c/en/coachbuilder","/c/en/historical","/c/es/diseño","/c/en/design"],"weight":0.22734999999999683,"degrees":[35,8415,19,1361]},"num_concepts_raised":107226},{"base_id":789,"kind":"top_words","i1":6,"i2":7,"sol":{"path":["/c/en/permaculture","/c/en/natural","/c/en/music","/c/en/acoustics","/c/en/acoustician"],"weight":0.20840999999999985,"degrees":[78,930,8822,224,25]},"num_concepts_raised":6654},{"base_id":789,"kind":"top_words","i1":6,"i2":8,"sol":{"path":["/c/en/permaculture","/c/en/agriculture","/c/en/victoria","/c/en/carriage","/c/en/hansom"],"weight":0.21151999999999987,"degrees":[78,1319,497,731,24]},"num_concepts_raised":15541},{"base_id":789,"kind":"top_words","i1":6,"i2":9,"sol":{"path":["/c/en/permaculture","/c/en/culture","/c/en/art","/c/en/design"],"weight":0.2316099999999968,"degrees":[78,1324,1987,1361]},"num_concepts_raised":100487},{"base_id":789,"kind":"top_words","i1":7,"i2":8,"sol":{"path":["/c/en/acoustician","/c/en/acoustic","/c/en/amphitheater","/c/en/historical","/c/en/hansom"],"weight":0.20262999999999995,"degrees":[25,185,78,8415,24]},"num_concepts_raised":9990},{"base_id":789,"kind":"top_words","i1":7,"i2":9,"sol":{"path":["/c/en/acoustician","/c/en/acoustics","/c/en/high","/c/en/design"],"weight":0.2230999999999969,"degrees":[25,224,1658,1361]},"num_concepts_raised":95502},{"base_id":789,"kind":"top_words","i1":8,"i2":9,"sol":{"path":["/c/en/hansom","/c/en/historical","/c/es/diseño","/c/en/design"],"weight":0.2272499999999969,"degrees":[24,8415,19,1361]},"num_concepts_raised":103571}]]