[[{"base_id":956,"kind":"bot_words","i1":0,"i2":1,"sol":{"path":["/c/en/hazily","/c/en/hazy","/c/pt/embaçar","/c/en/deceive","/c/en/deceitfully"],"weight":0.20377999999999985},"num_concepts_raised":1896},{"base_id":956,"kind":"bot_words","i1":0,"i2":2,"sol":{"path":["/c/en/hazily","/c/en/hazy","/c/en/clear","/c/en/computing","/c/en/mem"],"weight":0.20373999999999984},"num_concepts_raised":12832},{"base_id":956,"kind":"bot_words","i1":0,"i2":3,"sol":{"path":["/c/en/hazily","/c/fi/etäisesti","/c/en/remotely","/c/en/send","/c/en/mail"],"weight":0.22722999999999863},"num_concepts_raised":90198},{"base_id":956,"kind":"bot_words","i1":0,"i2":4,"sol":{"path":["/c/en/hazily","/c/en/hazy","/c/en/dim","/c/en/person","/c/en/messenger"],"weight":0.21968999999999927},"num_concepts_raised":38507},{"base_id":956,"kind":"bot_words","i1":0,"i2":5,"sol":{"path":["/c/en/hazily","/c/en/hazy","/c/en/dim","/c/en/grammar","/c/en/accusative"],"weight":0.20721999999999946},"num_concepts_raised":11530},{"base_id":956,"kind":"bot_words","i1":0,"i2":6,"sol":{"path":["/c/en/hazily","/c/en/hazy","/c/en/clear","/c/en/elucidate"],"weight":0.2051799999999998},"num_concepts_raised":4882},{"base_id":956,"kind":"bot_words","i1":0,"i2":7,"sol":{"path":["/c/en/hazily","/c/ja/ぼうっと","/c/en/sound","/c/en/mathematics","/c/en/alternately"],"weight":0.20374999999999985},"num_concepts_raised":11076},{"base_id":956,"kind":"bot_words","i1":0,"i2":8,"sol":{"path":["/c/en/hazily","/c/en/hazy","/c/en/fog","/c/en/head","/c/en/headlock"],"weight":0.2036499999999999},"num_concepts_raised":5901},{"base_id":956,"kind":"bot_words","i1":0,"i2":9,"sol":{"path":["/c/en/hazily","/c/en/hazy","/c/fr/voilé","/c/fr/technique","/c/fr/porte_à_faux","/c/en/cantilever"],"weight":0.2188041999999997},"num_concepts_raised":492437},{"base_id":956,"kind":"bot_words","i1":1,"i2":2,"sol":{"path":["/c/en/deceitfully","/c/en/deceitful","/c/en/people","/c/en/memory","/c/en/mem"],"weight":0.20395999999999984},"num_concepts_raised":14151},{"base_id":956,"kind":"bot_words","i1":1,"i2":3,"sol":{"path":["/c/en/deceitfully","/c/en/stitch_up","/c/en/slang","/c/fr/poste","/c/en/mail"],"weight":0.23442999999999858},"num_concepts_raised":91432},{"base_id":956,"kind":"bot_words","i1":1,"i2":4,"sol":{"path":["/c/en/deceitfully","/c/en/deceitful","/c/en/people","/c/en/messengers","/c/en/messenger"],"weight":0.22394999999999926},"num_concepts_raised":39756},{"base_id":956,"kind":"bot_words","i1":1,"i2":5,"sol":{"path":["/c/en/deceitfully","/c/en/deceitful","/c/ar/كذب","/c/en/accuse","/c/en/accusative"],"weight":0.20695999999999945},"num_concepts_raised":12831},{"base_id":956,"kind":"bot_words","i1":1,"i2":6,"sol":{"path":["/c/en/deceitfully","/c/en/deceive","/c/en/see_through","/c/en/lucid","/c/en/elucidate"],"weight":0.20507999999999976},"num_concepts_raised":6230},{"base_id":956,"kind":"bot_words","i1":1,"i2":7,"sol":{"path":["/c/en/deceitfully","/c/en/deceive","/c/fr/rouler","/c/fr/alternativement","/c/en/alternately"],"weight":0.20594999999999983},"num_concepts_raised":12401},{"base_id":956,"kind":"bot_words","i1":1,"i2":8,"sol":{"path":["/c/en/deceitfully","/c/en/disingenuously","/c/en/open","/c/en/lock","/c/en/headlock"],"weight":0.20391999999999988},"num_concepts_raised":7227},{"base_id":956,"kind":"bot_words","i1":1,"i2":9,"sol":{"path":["/c/en/deceitfully","/c/en/deceitful","/c/en/false","/c/en/cant","/c/en/cantilever"],"weight":0.2119999999999998},"num_concepts_raised":8798},{"base_id":956,"kind":"bot_words","i1":2,"i2":3,"sol":{"path":["/c/en/mem","/c/en/letter","/c/en/mail"],"weight":0.20800000000000002},"num_concepts_raised":679},{"base_id":956,"kind":"bot_words","i1":2,"i2":4,"sol":{"path":["/c/en/mem","/c/en/letter","/c/en/message","/c/en/messenger"],"weight":0.22326999999999925},"num_concepts_raised":49916},{"base_id":956,"kind":"bot_words","i1":2,"i2":5,"sol":{"path":["/c/en/mem","/c/en/computing","/c/en/case","/c/en/accusative"],"weight":0.20486999999999944},"num_concepts_raised":23541},{"base_id":956,"kind":"bot_words","i1":2,"i2":6,"sol":{"path":["/c/en/mem","/c/en/computing","/c/en/clear","/c/en/elucidate"],"weight":0.20422999999999977},"num_concepts_raised":17095},{"base_id":956,"kind":"bot_words","i1":2,"i2":7,"sol":{"path":["/c/en/mem","/c/en/computing","/c/en/variant","/c/en/alternate","/c/en/alternately"],"weight":0.20511999999999983},"num_concepts_raised":22965},{"base_id":956,"kind":"bot_words","i1":2,"i2":8,"sol":{"path":["/c/en/mem","/c/en/computing","/c/en/lock","/c/en/headlock"],"weight":0.2038299999999999},"num_concepts_raised":18043},{"base_id":956,"kind":"bot_words","i1":2,"i2":9,"sol":{"path":["/c/en/mem","/c/en/computing","/c/en/architecture","/c/en/cantilever"],"weight":0.21101999999999982},"num_concepts_raised":19557},{"base_id":956,"kind":"bot_words","i1":3,"i2":4,"sol":{"path":["/c/en/mail","/c/fr/courrier","/c/en/messenger"],"weight":0.21500000000000002},"num_concepts_raised":1093},{"base_id":956,"kind":"bot_words","i1":3,"i2":5,"sol":{"path":["/c/en/mail","/c/en/letter","/c/en/case","/c/en/accusative"],"weight":0.22947999999999824},"num_concepts_raised":100037},{"base_id":956,"kind":"bot_words","i1":3,"i2":6,"sol":{"path":["/c/en/mail","/c/it/impostare","/c/en/explicate","/c/en/elucidate"],"weight":0.2245099999999986},"num_concepts_raised":94191},{"base_id":956,"kind":"bot_words","i1":3,"i2":7,"sol":{"path":["/c/en/mail","/c/en/message","/c/ru/перестук","/c/en/alternately"],"weight":0.22763999999999862},"num_concepts_raised":99824},{"base_id":956,"kind":"bot_words","i1":3,"i2":8,"sol":{"path":["/c/en/mail","/c/en/post","/c/en/lock","/c/en/headlock"],"weight":0.23385999999999862},"num_concepts_raised":94711},{"base_id":956,"kind":"bot_words","i1":3,"i2":9,"sol":{"path":["/c/en/mail","/c/fr/poste","/c/fr/architecture","/c/en/cantilever"],"weight":0.2423299999999986},"num_concepts_raised":96177},{"base_id":956,"kind":"bot_words","i1":4,"i2":5,"sol":{"path":["/c/en/messenger","/c/en/person","/c/en/grammar","/c/en/accusative"],"weight":0.2222999999999989},"num_concepts_raised":48791},{"base_id":956,"kind":"bot_words","i1":4,"i2":6,"sol":{"path":["/c/en/messenger","/c/fr/messager","/c/grc/ερμηνευσ","/c/en/hermeneutic","/c/en/elucidate"],"weight":0.22639999999999919},"num_concepts_raised":42643},{"base_id":956,"kind":"bot_words","i1":4,"i2":7,"sol":{"path":["/c/en/messenger","/c/en/message","/c/ru/перестук","/c/en/alternately"],"weight":0.22424999999999923},"num_concepts_raised":48545},{"base_id":956,"kind":"bot_words","i1":4,"i2":8,"sol":{"path":["/c/en/messenger","/c/en/person","/c/en/head","/c/en/headlock"],"weight":0.2187399999999993},"num_concepts_raised":43392},{"base_id":956,"kind":"bot_words","i1":4,"i2":9,"sol":{"path":["/c/en/messenger","/c/en/nautical","/c/en/cant","/c/en/cantilever"],"weight":0.22670999999999922},"num_concepts_raised":45000},{"base_id":956,"kind":"bot_words","i1":5,"i2":6,"sol":{"path":["/c/en/accusative","/c/en/grammar","/c/en/writing","/c/en/clarify","/c/en/elucidate"],"weight":0.20783999999999941},"num_concepts_raised":15790},{"base_id":956,"kind":"bot_words","i1":5,"i2":7,"sol":{"path":["/c/en/accusative","/c/en/grammar","/c/en/antecedent","/c/en/alternately"],"weight":0.20731999999999945},"num_concepts_raised":21757},{"base_id":956,"kind":"bot_words","i1":5,"i2":8,"sol":{"path":["/c/en/accusative","/c/en/grammar","/c/en/head","/c/en/headlock"],"weight":0.2062299999999995},"num_concepts_raised":16770},{"base_id":956,"kind":"bot_words","i1":5,"i2":9,"sol":{"path":["/c/en/accusative","/c/en/grammar","/c/en/structure","/c/en/architecture","/c/en/cantilever"],"weight":0.21454999999999944},"num_concepts_raised":18327},{"base_id":956,"kind":"bot_words","i1":6,"i2":7,"sol":{"path":["/c/en/elucidate","/c/ga/réitigh","/c/en/mathematics","/c/en/alternately"],"weight":0.20498999999999978},"num_concepts_raised":15347},{"base_id":956,"kind":"bot_words","i1":6,"i2":8,"sol":{"path":["/c/en/elucidate","/c/en/clear","/c/en/open","/c/en/lock","/c/en/headlock"],"weight":0.20527999999999982},"num_concepts_raised":10217},{"base_id":956,"kind":"bot_words","i1":6,"i2":9,"sol":{"path":["/c/en/elucidate","/c/nl/uitleggen","/c/fr/technique","/c/fr/porte_à_faux","/c/en/cantilever"],"weight":0.21408999999999978},"num_concepts_raised":11759},{"base_id":956,"kind":"bot_words","i1":7,"i2":8,"sol":{"path":["/c/en/alternately","/c/en/alternate","/c/en/turn","/c/en/lock","/c/en/headlock"],"weight":0.2061499999999999},"num_concepts_raised":16326},{"base_id":956,"kind":"bot_words","i1":7,"i2":9,"sol":{"path":["/c/en/alternately","/c/en/proportion","/c/en/nanocantilever","/c/en/cantilever"],"weight":0.2097799999999998},"num_concepts_raised":17820},{"base_id":956,"kind":"bot_words","i1":8,"i2":9,"sol":{"path":["/c/en/headlock","/c/en/lock","/c/en/construct","/c/en/cantilever"],"weight":0.20982999999999985},"num_concepts_raised":12706}],[{"base_id":956,"kind":"top_words","i1":0,"i2":1,"sol":{"path":["/c/en/convexity","/c/en/shape","/c/en/scotland","/c/en/slink"],"weight":0.2046699999999998},"num_concepts_raised":26847},{"base_id":956,"kind":"top_words","i1":0,"i2":2,"sol":{"path":["/c/en/convexity","/c/en/camber","/c/en/architecture","/c/en/cpu"],"weight":0.20384999999999975},"num_concepts_raised":33669},{"base_id":956,"kind":"top_words","i1":0,"i2":3,"sol":{"path":["/c/en/convexity","/c/en/bond","/c/en/chemistry","/c/en/cohesion"],"weight":0.20486999999999977},"num_concepts_raised":69611},{"base_id":956,"kind":"top_words","i1":0,"i2":4,"sol":{"path":["/c/en/convexity","/c/en/measure","/c/en/current","/c/en/coulomb"],"weight":0.20445999999999995},"num_concepts_raised":17841},{"base_id":956,"kind":"top_words","i1":0,"i2":5,"sol":{"path":["/c/en/convexity","/c/en/measure","/c/en/weight","/c/en/heft"],"weight":0.2063499999999997},"num_concepts_raised":37316},{"base_id":956,"kind":"top_words","i1":0,"i2":6,"sol":{"path":["/c/en/convexity","/c/en/convex","/c/en/cable","/c/en/tightrope"],"weight":0.20473999999999987},"num_concepts_raised":15281},{"base_id":956,"kind":"top_words","i1":0,"i2":7,"sol":{"path":["/c/en/convexity","/c/en/surface","/c/en/stage","/c/en/centaur"],"weight":0.21095000000000005},"num_concepts_raised":31035},{"base_id":956,"kind":"top_words","i1":0,"i2":8,"sol":{"path":["/c/en/convexity","/c/en/boultel","/c/en/capital","/c/en/asmara"],"weight":0.20348999999999998},"num_concepts_raised":11981},{"base_id":956,"kind":"top_words","i1":0,"i2":9,"sol":{"path":["/c/en/convexity","/c/en/line","/c/en/software","/c/en/freenet"],"weight":0.20830999999999986},"num_concepts_raised":12347},{"base_id":956,"kind":"top_words","i1":1,"i2":2,"sol":{"path":["/c/en/slink","/c/en/uk","/c/en/slang","/c/en/cpu"],"weight":0.20361999999999958},"num_concepts_raised":39734},{"base_id":956,"kind":"top_words","i1":1,"i2":3,"sol":{"path":["/c/en/slink","/c/en/thin","/c/en/plant","/c/en/cohesion"],"weight":0.20471999999999962},"num_concepts_raised":76641},{"base_id":956,"kind":"top_words","i1":1,"i2":4,"sol":{"path":["/c/en/slink","/c/en/uk","/c/en/second","/c/en/coulomb"],"weight":0.2042399999999998},"num_concepts_raised":24856},{"base_id":956,"kind":"top_words","i1":1,"i2":5,"sol":{"path":["/c/en/slink","/c/en/animal","/c/en/heft"],"weight":0.202},"num_concepts_raised":129},{"base_id":956,"kind":"top_words","i1":1,"i2":6,"sol":{"path":["/c/en/slink","/c/en/walk","/c/ja/綱渡り","/c/en/tightrope"],"weight":0.2034999999999997},"num_concepts_raised":22342},{"base_id":956,"kind":"top_words","i1":1,"i2":7,"sol":{"path":["/c/en/slink","/c/en/animal","/c/en/horse","/c/en/centaur"],"weight":0.21301999999999993},"num_concepts_raised":37520},{"base_id":956,"kind":"top_words","i1":1,"i2":8,"sol":{"path":["/c/en/slink","/c/en/scotland","/c/en/country","/c/en/eritrea","/c/en/asmara"],"weight":0.20543999999999984},"num_concepts_raised":18946},{"base_id":956,"kind":"top_words","i1":1,"i2":9,"sol":{"path":["/c/en/slink","/c/en/dialect","/c/en/computing","/c/en/peer_to_peer","/c/en/freenet"],"weight":0.2101799999999997},"num_concepts_raised":19295},{"base_id":956,"kind":"top_words","i1":2,"i2":3,"sol":{"path":["/c/en/cpu","/c/en/computer","/c/en/computing","/c/en/cohesion"],"weight":0.2061899999999996},"num_concepts_raised":82753},{"base_id":956,"kind":"top_words","i1":2,"i2":4,"sol":{"path":["/c/en/cpu","/c/en/slang","/c/en/c","/c/en/coulomb"],"weight":0.20546999999999976},"num_concepts_raised":31755},{"base_id":956,"kind":"top_words","i1":2,"i2":5,"sol":{"path":["/c/en/cpu","/c/en/slang","/c/en/weight","/c/en/heft"],"weight":0.20628999999999953},"num_concepts_raised":50014},{"base_id":956,"kind":"top_words","i1":2,"i2":6,"sol":{"path":["/c/en/cpu","/c/en/computer","/c/en/cable","/c/en/tightrope"],"weight":0.20482999999999968},"num_concepts_raised":29197},{"base_id":956,"kind":"top_words","i1":2,"i2":7,"sol":{"path":["/c/en/cpu","/c/en/computer","/c/en/centaur"],"weight":0.20500000000000002},"num_concepts_raised":213},{"base_id":956,"kind":"top_words","i1":2,"i2":8,"sol":{"path":["/c/en/cpu","/c/en/architecture","/c/en/capital","/c/en/asmara"],"weight":0.2034999999999998},"num_concepts_raised":25789},{"base_id":956,"kind":"top_words","i1":2,"i2":9,"sol":{"path":["/c/en/cpu","/c/en/computer","/c/en/peer_to_peer","/c/en/freenet"],"weight":0.21148999999999968},"num_concepts_raised":26004},{"base_id":956,"kind":"top_words","i1":3,"i2":4,"sol":{"path":["/c/en/cohesion","/c/en/physics","/c/mul/c","/c/en/coulomb"],"weight":0.20668999999999976},"num_concepts_raised":67944},{"base_id":956,"kind":"top_words","i1":3,"i2":5,"sol":{"path":["/c/en/cohesion","/c/en/physics","/c/en/weight","/c/en/heft"],"weight":0.20735999999999954},"num_concepts_raised":86923},{"base_id":956,"kind":"top_words","i1":3,"i2":6,"sol":{"path":["/c/en/cohesion","/c/en/coherence","/c/en/connection","/c/en/cable","/c/en/tightrope"],"weight":0.2059899999999997},"num_concepts_raised":65755},{"base_id":956,"kind":"top_words","i1":3,"i2":7,"sol":{"path":["/c/en/cohesion","/c/en/physics","/c/en/astronomy","/c/en/centaur"],"weight":0.2120999999999999},"num_concepts_raised":80539},{"base_id":956,"kind":"top_words","i1":3,"i2":8,"sol":{"path":["/c/en/cohesion","/c/en/liquid","/c/en/state","/c/en/eritrea","/c/en/asmara"],"weight":0.20558999999999983},"num_concepts_raised":62461},{"base_id":956,"kind":"top_words","i1":3,"i2":9,"sol":{"path":["/c/en/cohesion","/c/en/computing","/c/en/peer_to_peer","/c/en/freenet"],"weight":0.21130999999999972},"num_concepts_raised":62302},{"base_id":956,"kind":"top_words","i1":4,"i2":5,"sol":{"path":["/c/en/coulomb","/c/fr/métrologie","/c/fr/poids","/c/en/heft"],"weight":0.2057399999999997},"num_concepts_raised":35468},{"base_id":956,"kind":"top_words","i1":4,"i2":6,"sol":{"path":["/c/en/coulomb","/c/en/c","/c/en/slang","/c/en/rope","/c/en/tightrope"],"weight":0.20548999999999987},"num_concepts_raised":13210},{"base_id":956,"kind":"top_words","i1":4,"i2":7,"sol":{"path":["/c/en/coulomb","/c/fr/coulomb","/c/mul/pc","/c/en/astronomy","/c/en/centaur"],"weight":0.21543000000000007},"num_concepts_raised":29022},{"base_id":956,"kind":"top_words","i1":4,"i2":8,"sol":{"path":["/c/en/coulomb","/c/mul/c","/c/fr/pays","/c/en/eritrea","/c/en/asmara"],"weight":0.20628999999999997},"num_concepts_raised":9699},{"base_id":956,"kind":"top_words","i1":4,"i2":9,"sol":{"path":["/c/en/coulomb","/c/mul/c","/c/en/computing","/c/en/peer_to_peer","/c/en/freenet"],"weight":0.21212999999999987},"num_concepts_raised":10059},{"base_id":956,"kind":"top_words","i1":5,"i2":6,"sol":{"path":["/c/en/heft","/c/en/weight","/c/en/balance","/c/en/tightrope"],"weight":0.20617999999999964},"num_concepts_raised":32862},{"base_id":956,"kind":"top_words","i1":5,"i2":7,"sol":{"path":["/c/en/heft","/c/en/weight","/c/en/horse","/c/en/centaur"],"weight":0.21559999999999985},"num_concepts_raised":47994},{"base_id":956,"kind":"top_words","i1":5,"i2":8,"sol":{"path":["/c/en/heft","/c/en/us","/c/en/capital","/c/en/asmara"],"weight":0.20351999999999976},"num_concepts_raised":29607},{"base_id":956,"kind":"top_words","i1":5,"i2":9,"sol":{"path":["/c/en/heft","/c/en/serial","/c/en/software","/c/en/freenet"],"weight":0.2082599999999996},"num_concepts_raised":29936},{"base_id":956,"kind":"top_words","i1":6,"i2":7,"sol":{"path":["/c/en/tightrope","/c/en/rope","/c/en/horse","/c/en/centaur"],"weight":0.21302},"num_concepts_raised":26500},{"base_id":956,"kind":"top_words","i1":6,"i2":8,"sol":{"path":["/c/en/tightrope","/c/en/tightrope_walking","/c/en/sport","/c/en/eritrea","/c/en/asmara"],"weight":0.2044299999999999},"num_concepts_raised":7270},{"base_id":956,"kind":"top_words","i1":6,"i2":9,"sol":{"path":["/c/en/tightrope","/c/en/cable","/c/en/computer","/c/en/peer_to_peer","/c/en/freenet"],"weight":0.21028999999999978},"num_concepts_raised":7620},{"base_id":956,"kind":"top_words","i1":7,"i2":8,"sol":{"path":["/c/en/centaur","/c/en/horse","/c/en/country","/c/en/eritrea","/c/en/asmara"],"weight":0.2138900000000001},"num_concepts_raised":23113},{"base_id":956,"kind":"top_words","i1":7,"i2":9,"sol":{"path":["/c/en/centaur","/c/en/computer","/c/en/peer_to_peer","/c/en/freenet"],"weight":0.21749999999999997},"num_concepts_raised":23391},{"base_id":956,"kind":"top_words","i1":8,"i2":9,"sol":{"path":["/c/en/asmara","/c/en/capital","/c/en/darwin","/c/en/software","/c/en/freenet"],"weight":0.2080299999999999},"num_concepts_raised":4104}]]