[[{"base_id":681,"kind":"bot_words","i1":0,"i2":1,"sol":{"path":["/c/en/cytoplasm","/c/en/protoplasm","/c/en/plant","/c/en/nothofagus"],"weight":0.2125499999999998},"num_concepts_raised":15418},{"base_id":681,"kind":"bot_words","i1":0,"i2":2,"sol":{"path":["/c/en/cytoplasm","/c/en/endoplasm","/c/en/end","/c/en/extremity"],"weight":0.21083999999999925},"num_concepts_raised":36810},{"base_id":681,"kind":"bot_words","i1":0,"i2":3,"sol":{"path":["/c/en/cytoplasm","/c/en/cell","/c/en/structure","/c/en/memorial","/c/en/commemoration"],"weight":0.20902999999999983},"num_concepts_raised":11140},{"base_id":681,"kind":"bot_words","i1":0,"i2":4,"sol":{"path":["/c/en/cytoplasm","/c/en/protoplasm","/c/en/animal","/c/en/field","/c/en/firebreak"],"weight":0.2071499999999998},"num_concepts_raised":10166},{"base_id":681,"kind":"bot_words","i1":0,"i2":5,"sol":{"path":["/c/en/cytoplasm","/c/en/cell","/c/en/small","/c/en/humble"],"weight":0.21283999999999836},"num_concepts_raised":30186},{"base_id":681,"kind":"bot_words","i1":0,"i2":6,"sol":{"path":["/c/en/cytoplasm","/c/en/nucleus","/c/en/physics","/c/en/polaron"],"weight":0.20552999999999982},"num_concepts_raised":19464},{"base_id":681,"kind":"bot_words","i1":0,"i2":7,"sol":{"path":["/c/en/cytoplasm","/c/en/cell","/c/en/plasma","/c/en/ointment"],"weight":0.21103999999999956},"num_concepts_raised":30907},{"base_id":681,"kind":"bot_words","i1":0,"i2":8,"sol":{"path":["/c/en/cytoplasm","/c/en/cell","/c/en/glycolipid","/c/en/phosphatidylinositol","/c/en/inositol"],"weight":0.21649999999999975},"num_concepts_raised":13663},{"base_id":681,"kind":"bot_words","i1":0,"i2":9,"sol":{"path":["/c/en/cytoplasm","/c/en/protoplasm","/c/en/animal","/c/en/male","/c/en/koschei"],"weight":0.20725999999999978},"num_concepts_raised":12712},{"base_id":681,"kind":"bot_words","i1":1,"i2":2,"sol":{"path":["/c/en/nothofagus","/c/en/plant","/c/en/foot","/c/en/extremity"],"weight":0.21196999999999927},"num_concepts_raised":36217},{"base_id":681,"kind":"bot_words","i1":1,"i2":3,"sol":{"path":["/c/en/nothofagus","/c/en/plant","/c/en/person","/c/en/memorial","/c/en/commemoration"],"weight":0.21037999999999984},"num_concepts_raised":10463},{"base_id":681,"kind":"bot_words","i1":1,"i2":4,"sol":{"path":["/c/en/nothofagus","/c/en/plant","/c/en/crop","/c/en/field","/c/en/firebreak"],"weight":0.20797999999999983},"num_concepts_raised":9459},{"base_id":681,"kind":"bot_words","i1":1,"i2":5,"sol":{"path":["/c/en/nothofagus","/c/en/plant","/c/en/small","/c/en/humble"],"weight":0.2141999999999984},"num_concepts_raised":29512},{"base_id":681,"kind":"bot_words","i1":1,"i2":6,"sol":{"path":["/c/en/nothofagus","/c/en/plant","/c/en/energy","/c/en/physics","/c/en/polaron"],"weight":0.20817999999999987},"num_concepts_raised":18922},{"base_id":681,"kind":"bot_words","i1":1,"i2":7,"sol":{"path":["/c/en/nothofagus","/c/en/plant","/c/en/arnica","/c/en/ointment"],"weight":0.2123999999999996},"num_concepts_raised":30279},{"base_id":681,"kind":"bot_words","i1":1,"i2":8,"sol":{"path":["/c/en/nothofagus","/c/en/plant","/c/en/carbohydrate","/c/en/inositol"],"weight":0.21379999999999977},"num_concepts_raised":12946},{"base_id":681,"kind":"bot_words","i1":1,"i2":9,"sol":{"path":["/c/en/nothofagus","/c/en/plant","/c/en/person","/c/en/mythology","/c/en/koschei"],"weight":0.20810999999999982},"num_concepts_raised":12040},{"base_id":681,"kind":"bot_words","i1":2,"i2":3,"sol":{"path":["/c/en/extremity","/c/en/hand","/c/mul/🙌","/c/pt/comemoração","/c/en/commemoration"],"weight":0.2105999999999993},"num_concepts_raised":31837},{"base_id":681,"kind":"bot_words","i1":2,"i2":4,"sol":{"path":["/c/en/extremity","/c/en/region","/c/en/field","/c/en/firebreak"],"weight":0.20620999999999928},"num_concepts_raised":30842},{"base_id":681,"kind":"bot_words","i1":2,"i2":5,"sol":{"path":["/c/en/extremity","/c/en/extreme","/c/en/mean","/c/en/humble"],"weight":0.21383999999999784},"num_concepts_raised":49982},{"base_id":681,"kind":"bot_words","i1":2,"i2":6,"sol":{"path":["/c/en/extremity","/c/en/toe","/c/en/physics","/c/en/polaron"],"weight":0.2076799999999993},"num_concepts_raised":40069},{"base_id":681,"kind":"bot_words","i1":2,"i2":7,"sol":{"path":["/c/en/extremity","/c/en/point","/c/en/ointment"],"weight":0.202},"num_concepts_raised":563},{"base_id":681,"kind":"bot_words","i1":2,"i2":8,"sol":{"path":["/c/en/extremity","/c/en/finger","/c/en/alcohol","/c/en/inositol"],"weight":0.2132899999999992},"num_concepts_raised":34527},{"base_id":681,"kind":"bot_words","i1":2,"i2":9,"sol":{"path":["/c/en/extremity","/c/en/edge","/c/en/skeleton","/c/en/koschei"],"weight":0.20673999999999926},"num_concepts_raised":33453},{"base_id":681,"kind":"bot_words","i1":3,"i2":4,"sol":{"path":["/c/en/commemoration","/c/en/memorial","/c/en/court","/c/en/field","/c/en/firebreak"],"weight":0.20499999999999985},"num_concepts_raised":5126},{"base_id":681,"kind":"bot_words","i1":3,"i2":5,"sol":{"path":["/c/en/commemoration","/c/en/celebrating","/c/en/boasting","/c/en/modest","/c/en/humble"],"weight":0.2126099999999984},"num_concepts_raised":25125},{"base_id":681,"kind":"bot_words","i1":3,"i2":6,"sol":{"path":["/c/en/commemoration","/c/en/memorial","/c/en/event","/c/en/physics","/c/en/polaron"],"weight":0.2052699999999999},"num_concepts_raised":14572},{"base_id":681,"kind":"bot_words","i1":3,"i2":7,"sol":{"path":["/c/en/commemoration","/c/en/memorial","/c/en/person","/c/en/cream","/c/en/ointment"],"weight":0.2122099999999996},"num_concepts_raised":26013},{"base_id":681,"kind":"bot_words","i1":3,"i2":8,"sol":{"path":["/c/en/commemoration","/c/en/birthday","/c/en/cyclic","/c/en/inositol"],"weight":0.20941999999999977},"num_concepts_raised":8661},{"base_id":681,"kind":"bot_words","i1":3,"i2":9,"sol":{"path":["/c/en/commemoration","/c/he/ז_כ_ר","/c/en/male","/c/en/koschei"],"weight":0.20370999999999984},"num_concepts_raised":7690},{"base_id":681,"kind":"bot_words","i1":4,"i2":5,"sol":{"path":["/c/en/firebreak","/c/en/smoke_jumper","/c/en/us","/c/en/meek","/c/en/humble"],"weight":0.2110199999999984},"num_concepts_raised":24187},{"base_id":681,"kind":"bot_words","i1":4,"i2":6,"sol":{"path":["/c/en/firebreak","/c/en/field","/c/en/physics","/c/en/polaron"],"weight":0.20277999999999988},"num_concepts_raised":13496},{"base_id":681,"kind":"bot_words","i1":4,"i2":7,"sol":{"path":["/c/en/firebreak","/c/en/field","/c/en/medicine","/c/en/ointment"],"weight":0.2074599999999996},"num_concepts_raised":25058},{"base_id":681,"kind":"bot_words","i1":4,"i2":8,"sol":{"path":["/c/en/firebreak","/c/en/field","/c/en/rice","/c/en/carbohydrate","/c/en/inositol"],"weight":0.20842999999999975},"num_concepts_raised":7681},{"base_id":681,"kind":"bot_words","i1":4,"i2":9,"sol":{"path":["/c/en/firebreak","/c/en/field","/c/en/sport","/c/en/skeleton","/c/en/koschei"],"weight":0.20270999999999983},"num_concepts_raised":6723},{"base_id":681,"kind":"bot_words","i1":5,"i2":6,"sol":{"path":["/c/en/humble","/c/en/scotland","/c/en/hole","/c/en/polaron"],"weight":0.2087199999999984},"num_concepts_raised":33506},{"base_id":681,"kind":"bot_words","i1":5,"i2":7,"sol":{"path":["/c/en/humble","/c/en/inferior","/c/hu/kulimász","/c/en/ointment"],"weight":0.21405999999999814},"num_concepts_raised":44620},{"base_id":681,"kind":"bot_words","i1":5,"i2":8,"sol":{"path":["/c/en/humble","/c/en/reduce","/c/en/chemistry","/c/en/phosphatidylinositol","/c/en/inositol"],"weight":0.21863999999999834},"num_concepts_raised":27765},{"base_id":681,"kind":"bot_words","i1":5,"i2":9,"sol":{"path":["/c/en/humble","/c/en/servant","/c/en/male","/c/en/koschei"],"weight":0.20873999999999837},"num_concepts_raised":26743},{"base_id":681,"kind":"bot_words","i1":6,"i2":7,"sol":{"path":["/c/en/polaron","/c/en/physics","/c/en/viscous","/c/en/ointment"],"weight":0.2072599999999996},"num_concepts_raised":34265},{"base_id":681,"kind":"bot_words","i1":6,"i2":8,"sol":{"path":["/c/en/polaron","/c/en/physics","/c/en/isomeric","/c/en/inositol"],"weight":0.2085599999999998},"num_concepts_raised":17059},{"base_id":681,"kind":"bot_words","i1":6,"i2":9,"sol":{"path":["/c/en/polaron","/c/en/physics","/c/en/body","/c/en/mythology","/c/en/koschei"],"weight":0.20293999999999987},"num_concepts_raised":16177},{"base_id":681,"kind":"bot_words","i1":7,"i2":8,"sol":{"path":["/c/en/ointment","/c/en/fat","/c/en/carbohydrate","/c/en/inositol"],"weight":0.21306999999999954},"num_concepts_raised":28514},{"base_id":681,"kind":"bot_words","i1":7,"i2":9,"sol":{"path":["/c/en/ointment","/c/en/cream","/c/en/person","/c/en/mythology","/c/en/koschei"],"weight":0.20993999999999957},"num_concepts_raised":27650},{"base_id":681,"kind":"bot_words","i1":8,"i2":9,"sol":{"path":["/c/en/inositol","/c/en/alcohol","/c/en/person","/c/en/mythology","/c/en/koschei"],"weight":0.20853999999999975},"num_concepts_raised":10255}],[{"base_id":681,"kind":"top_words","i1":0,"i2":1,"sol":{"path":["/c/en/mvc","/c/en/model","/c/en/type","/c/en/fair","/c/en/auspiciously"],"weight":0.20285999999999993},"num_concepts_raised":6274},{"base_id":681,"kind":"top_words","i1":0,"i2":2,"sol":{"path":["/c/en/mvc","/c/en/model","/c/en/human","/c/en/norway","/c/en/norwegian"],"weight":0.2071699999999997},"num_concepts_raised":42163},{"base_id":681,"kind":"top_words","i1":0,"i2":3,"sol":{"path":["/c/en/mvc","/c/en/motor","/c/en/slang","/c/en/gro"],"weight":0.20272999999999997},"num_concepts_raised":29511},{"base_id":681,"kind":"top_words","i1":0,"i2":4,"sol":{"path":["/c/en/mvc","/c/en/mvp","/c/en/design","/c/en/master","/c/en/magister"],"weight":0.20499999999999993},"num_concepts_raised":7086},{"base_id":681,"kind":"top_words","i1":0,"i2":5,"sol":{"path":["/c/en/mvc","/c/en/model","/c/en/type","/c/en/galliard"],"weight":0.2028299999999999},"num_concepts_raised":19779},{"base_id":681,"kind":"top_words","i1":0,"i2":6,"sol":{"path":["/c/en/mvc","/c/en/collision","/c/en/hit","/c/en/spang"],"weight":0.20285999999999987},"num_concepts_raised":21175},{"base_id":681,"kind":"top_words","i1":0,"i2":7,"sol":{"path":["/c/en/mvc","/c/en/model","/c/en/medicine","/c/en/gallstone"],"weight":0.20925999999999978},"num_concepts_raised":26317},{"base_id":681,"kind":"top_words","i1":0,"i2":8,"sol":{"path":["/c/en/mvc","/c/en/model","/c/en/diner","/c/en/town","/c/en/tamm"],"weight":0.21194999999999986},"num_concepts_raised":7602},{"base_id":681,"kind":"top_words","i1":0,"i2":9,"sol":{"path":["/c/en/mvc","/c/en/model","/c/en/mouse","/c/en/india","/c/en/didi"],"weight":0.20791999999999983},"num_concepts_raised":6635},{"base_id":681,"kind":"top_words","i1":1,"i2":2,"sol":{"path":["/c/en/auspiciously","/c/en/fair","/c/en/person","/c/en/norwegian"],"weight":0.20477999999999968},"num_concepts_raised":38689},{"base_id":681,"kind":"top_words","i1":1,"i2":3,"sol":{"path":["/c/en/auspiciously","/c/en/fairly","/c/en/gain","/c/en/gross","/c/en/gro"],"weight":0.20482999999999993},"num_concepts_raised":26071},{"base_id":681,"kind":"top_words","i1":1,"i2":4,"sol":{"path":["/c/en/auspiciously","/c/en/fairly","/c/en/degree","/c/en/master's_degree","/c/en/magister"],"weight":0.20393999999999993},"num_concepts_raised":3514},{"base_id":681,"kind":"top_words","i1":1,"i2":5,"sol":{"path":["/c/en/auspiciously","/c/en/fair","/c/en/type","/c/en/galliard"],"weight":0.20286999999999988},"num_concepts_raised":16308},{"base_id":681,"kind":"top_words","i1":1,"i2":6,"sol":{"path":["/c/en/auspiciously","/c/en/fair","/c/en/nautical","/c/en/spring","/c/en/spang"],"weight":0.20505999999999985},"num_concepts_raised":17698},{"base_id":681,"kind":"top_words","i1":1,"i2":7,"sol":{"path":["/c/en/auspiciously","/c/en/fair","/c/en/like","/c/en/stone","/c/en/gallstone"],"weight":0.21136999999999975},"num_concepts_raised":22785},{"base_id":681,"kind":"top_words","i1":1,"i2":8,"sol":{"path":["/c/en/auspiciously","/c/en/fair","/c/en/market","/c/en/town","/c/en/tamm"],"weight":0.21201999999999985},"num_concepts_raised":4026},{"base_id":681,"kind":"top_words","i1":1,"i2":9,"sol":{"path":["/c/en/auspiciously","/c/en/fair","/c/en/country","/c/en/india","/c/en/didi"],"weight":0.20798999999999981},"num_concepts_raised":3048},{"base_id":681,"kind":"top_words","i1":2,"i2":3,"sol":{"path":["/c/en/norwegian","/c/en/norse","/c/en/us","/c/en/gro"],"weight":0.20575999999999972},"num_concepts_raised":61383},{"base_id":681,"kind":"top_words","i1":2,"i2":4,"sol":{"path":["/c/en/norwegian","/c/en/person","/c/en/master","/c/en/magister"],"weight":0.2048799999999997},"num_concepts_raised":39461},{"base_id":681,"kind":"top_words","i1":2,"i2":5,"sol":{"path":["/c/en/norwegian","/c/en/norse","/c/en/printing","/c/en/galliard"],"weight":0.20587999999999962},"num_concepts_raised":51848},{"base_id":681,"kind":"top_words","i1":2,"i2":6,"sol":{"path":["/c/en/norwegian","/c/en/person","/c/en/leap","/c/en/spang"],"weight":0.20584999999999964},"num_concepts_raised":53210},{"base_id":681,"kind":"top_words","i1":2,"i2":7,"sol":{"path":["/c/en/norwegian","/c/en/norway","/c/en/indiana","/c/en/stone","/c/en/gallstone"],"weight":0.21557999999999952},"num_concepts_raised":58547},{"base_id":681,"kind":"top_words","i1":2,"i2":8,"sol":{"path":["/c/en/norwegian","/c/en/norway","/c/en/country","/c/en/town","/c/en/tamm"],"weight":0.21626999999999963},"num_concepts_raised":39982},{"base_id":681,"kind":"top_words","i1":2,"i2":9,"sol":{"path":["/c/en/norwegian","/c/en/norway","/c/en/country","/c/en/india","/c/en/didi"],"weight":0.2122499999999996},"num_concepts_raised":38990},{"base_id":681,"kind":"top_words","i1":3,"i2":4,"sol":{"path":["/c/en/gro","/c/en/gross","/c/en/rank","/c/en/master","/c/en/magister"],"weight":0.20496999999999996},"num_concepts_raised":26894},{"base_id":681,"kind":"top_words","i1":3,"i2":5,"sol":{"path":["/c/en/gro","/c/en/slang","/c/en/gay","/c/en/galliard"],"weight":0.2027199999999999},"num_concepts_raised":39067},{"base_id":681,"kind":"top_words","i1":3,"i2":6,"sol":{"path":["/c/en/gro","/c/en/slang","/c/en/spring","/c/en/spang"],"weight":0.20502999999999988},"num_concepts_raised":38944},{"base_id":681,"kind":"top_words","i1":3,"i2":7,"sol":{"path":["/c/en/gro","/c/en/slang","/c/en/stone","/c/en/gallstone"],"weight":0.2113299999999998},"num_concepts_raised":45848},{"base_id":681,"kind":"top_words","i1":3,"i2":8,"sol":{"path":["/c/en/gro","/c/en/us","/c/en/station","/c/en/tamm"],"weight":0.21185999999999988},"num_concepts_raised":27335},{"base_id":681,"kind":"top_words","i1":3,"i2":9,"sol":{"path":["/c/en/gro","/c/en/mexico","/c/en/country","/c/en/india","/c/en/didi"],"weight":0.20793999999999985},"num_concepts_raised":26426},{"base_id":681,"kind":"top_words","i1":4,"i2":5,"sol":{"path":["/c/en/magister","/c/en/mister","/c/en/type","/c/en/galliard"],"weight":0.2027699999999999},"num_concepts_raised":17135},{"base_id":681,"kind":"top_words","i1":4,"i2":6,"sol":{"path":["/c/en/magister","/c/en/master","/c/en/nautical","/c/en/spring","/c/en/spang"],"weight":0.20513999999999988},"num_concepts_raised":18530},{"base_id":681,"kind":"top_words","i1":4,"i2":7,"sol":{"path":["/c/en/magister","/c/en/master","/c/haw/haku","/c/en/stone","/c/en/gallstone"],"weight":0.21144999999999978},"num_concepts_raised":23615},{"base_id":681,"kind":"top_words","i1":4,"i2":8,"sol":{"path":["/c/en/magister","/c/en/master's_degree","/c/en/degree","/c/en/station","/c/en/tamm"],"weight":0.21304999999999988},"num_concepts_raised":4854},{"base_id":681,"kind":"top_words","i1":4,"i2":9,"sol":{"path":["/c/en/magister","/c/en/master","/c/en/boss","/c/en/india","/c/en/didi"],"weight":0.20805999999999986},"num_concepts_raised":3881},{"base_id":681,"kind":"top_words","i1":5,"i2":6,"sol":{"path":["/c/en/galliard","/c/en/music","/c/en/leap","/c/en/spang"],"weight":0.20393999999999982},"num_concepts_raised":30879},{"base_id":681,"kind":"top_words","i1":5,"i2":7,"sol":{"path":["/c/en/galliard","/c/en/printing","/c/en/stone","/c/en/gallstone"],"weight":0.21133999999999972},"num_concepts_raised":36156},{"base_id":681,"kind":"top_words","i1":5,"i2":8,"sol":{"path":["/c/en/galliard","/c/en/europe","/c/en/station","/c/en/tamm"],"weight":0.2118899999999998},"num_concepts_raised":17619},{"base_id":681,"kind":"top_words","i1":5,"i2":9,"sol":{"path":["/c/en/galliard","/c/en/bourgeois","/c/en/historical","/c/en/india","/c/en/didi"],"weight":0.20895999999999978},"num_concepts_raised":16687},{"base_id":681,"kind":"top_words","i1":6,"i2":7,"sol":{"path":["/c/en/spang","/c/en/spring","/c/en/slang","/c/en/stone","/c/en/gallstone"],"weight":0.21360999999999972},"num_concepts_raised":37547},{"base_id":681,"kind":"top_words","i1":6,"i2":8,"sol":{"path":["/c/en/spang","/c/en/scotland","/c/en/town","/c/en/tamm"],"weight":0.2130399999999998},"num_concepts_raised":19006},{"base_id":681,"kind":"top_words","i1":6,"i2":9,"sol":{"path":["/c/en/spang","/c/en/spring","/c/en/wind","/c/en/india","/c/en/didi"],"weight":0.21007999999999977},"num_concepts_raised":18076},{"base_id":681,"kind":"top_words","i1":7,"i2":8,"sol":{"path":["/c/en/gallstone","/c/en/stone","/c/en/building","/c/en/town","/c/en/tamm"],"weight":0.22046999999999972},"num_concepts_raised":24103},{"base_id":681,"kind":"top_words","i1":7,"i2":9,"sol":{"path":["/c/en/gallstone","/c/en/stone","/c/en/earth","/c/en/india","/c/en/didi"],"weight":0.21642999999999968},"num_concepts_raised":23147},{"base_id":681,"kind":"top_words","i1":8,"i2":9,"sol":{"path":["/c/en/tamm","/c/en/town","/c/en/country","/c/en/india","/c/en/didi"],"weight":0.21709999999999977},"num_concepts_raised":4379}]]