[[{"base_id":384,"kind":"bot_words","i1":0,"i2":1,"sol":{"path":["/c/en/toffee","/c/en/candy","/c/en/ket","/c/en/russia","/c/en/astrakhan"],"weight":0.21319999999999967},"num_concepts_raised":23664},{"base_id":384,"kind":"bot_words","i1":0,"i2":2,"sol":{"path":["/c/en/toffee","/c/en/candy","/c/en/person","/c/en/number","/c/en/numerically"],"weight":0.2116299999999997},"num_concepts_raised":21755},{"base_id":384,"kind":"bot_words","i1":0,"i2":3,"sol":{"path":["/c/en/toffee","/c/en/banoffee","/c/en/british","/c/en/comprehensive","/c/en/comprehensiveness"],"weight":0.2111799999999997},"num_concepts_raised":20038},{"base_id":384,"kind":"bot_words","i1":0,"i2":4,"sol":{"path":["/c/en/toffee","/c/en/jar","/c/en/shock","/c/en/stunned"],"weight":0.21041999999999944},"num_concepts_raised":25057},{"base_id":384,"kind":"bot_words","i1":0,"i2":5,"sol":{"path":["/c/en/toffee","/c/en/sugar","/c/en/crystal","/c/en/piezoelectricity"],"weight":0.20961999999999975},"num_concepts_raised":35489},{"base_id":384,"kind":"bot_words","i1":0,"i2":6,"sol":{"path":["/c/en/toffee","/c/en/uk","/c/en/broad","/c/en/broaden"],"weight":0.2175199999999996},"num_concepts_raised":27953},{"base_id":384,"kind":"bot_words","i1":0,"i2":7,"sol":{"path":["/c/en/toffee","/c/en/fudge","/c/en/waffle","/c/en/evasive"],"weight":0.21029999999999963},"num_concepts_raised":22766},{"base_id":384,"kind":"bot_words","i1":0,"i2":8,"sol":{"path":["/c/en/toffee","/c/en/fan","/c/en/ram"],"weight":0.20600000000000002},"num_concepts_raised":621},{"base_id":384,"kind":"bot_words","i1":0,"i2":9,"sol":{"path":["/c/en/toffee","/c/sv/kola","/c/en/slang","/c/en/shelled"],"weight":0.21136999999999972},"num_concepts_raised":39445},{"base_id":384,"kind":"bot_words","i1":1,"i2":2,"sol":{"path":["/c/en/astrakhan","/c/en/wool","/c/en/clothing","/c/en/number","/c/en/numerically"],"weight":0.20380999999999977},"num_concepts_raised":7594},{"base_id":384,"kind":"bot_words","i1":1,"i2":3,"sol":{"path":["/c/en/astrakhan","/c/en/wool","/c/en/fabric","/c/en/breadth","/c/en/comprehensiveness"],"weight":0.20365999999999973},"num_concepts_raised":5828},{"base_id":384,"kind":"bot_words","i1":1,"i2":4,"sol":{"path":["/c/en/astrakhan","/c/en/russia","/c/en/star","/c/en/act","/c/en/stunned"],"weight":0.2057799999999995},"num_concepts_raised":10994},{"base_id":384,"kind":"bot_words","i1":1,"i2":5,"sol":{"path":["/c/en/astrakhan","/c/en/russia","/c/en/ket","/c/en/physics","/c/en/piezoelectricity"],"weight":0.20505999999999977},"num_concepts_raised":21387},{"base_id":384,"kind":"bot_words","i1":1,"i2":6,"sol":{"path":["/c/en/astrakhan","/c/en/wool","/c/en/make","/c/en/broaden"],"weight":0.20997999999999967},"num_concepts_raised":13942},{"base_id":384,"kind":"bot_words","i1":1,"i2":7,"sol":{"path":["/c/en/astrakhan","/c/en/wool","/c/nl/wollig","/c/en/evasive"],"weight":0.20450999999999966},"num_concepts_raised":8647},{"base_id":384,"kind":"bot_words","i1":1,"i2":8,"sol":{"path":["/c/en/astrakhan","/c/ru/кочкарь","/c/en/ram"],"weight":0.20400000000000001},"num_concepts_raised":587},{"base_id":384,"kind":"bot_words","i1":1,"i2":9,"sol":{"path":["/c/en/astrakhan","/c/en/fur","/c/en/slang","/c/en/shelled"],"weight":0.20372999999999977},"num_concepts_raised":26740},{"base_id":384,"kind":"bot_words","i1":2,"i2":3,"sol":{"path":["/c/en/numerically","/c/en/number","/c/en/complement","/c/en/completeness","/c/en/comprehensiveness"],"weight":0.2029499999999998},"num_concepts_raised":3823},{"base_id":384,"kind":"bot_words","i1":2,"i2":4,"sol":{"path":["/c/en/numerically","/c/en/number","/c/en/act","/c/en/stunned"],"weight":0.20415999999999956},"num_concepts_raised":8962},{"base_id":384,"kind":"bot_words","i1":2,"i2":5,"sol":{"path":["/c/en/numerically","/c/en/numerical","/c/en/madelung_constant","/c/en/physics","/c/en/piezoelectricity"],"weight":0.20440999999999987},"num_concepts_raised":19381},{"base_id":384,"kind":"bot_words","i1":2,"i2":6,"sol":{"path":["/c/en/numerically","/c/en/number","/c/en/expand","/c/en/broaden"],"weight":0.20972999999999975},"num_concepts_raised":11898},{"base_id":384,"kind":"bot_words","i1":2,"i2":7,"sol":{"path":["/c/en/numerically","/c/en/number","/c/en/generic","/c/en/evasive"],"weight":0.20381999999999975},"num_concepts_raised":6648},{"base_id":384,"kind":"bot_words","i1":2,"i2":8,"sol":{"path":["/c/en/numerically","/c/en/sort","/c/en/computing","/c/en/ram"],"weight":0.21642999999999935},"num_concepts_raised":103490},{"base_id":384,"kind":"bot_words","i1":2,"i2":9,"sol":{"path":["/c/en/numerically","/c/en/number","/c/en/slang","/c/en/shelled"],"weight":0.20308999999999988},"num_concepts_raised":24822},{"base_id":384,"kind":"bot_words","i1":3,"i2":4,"sol":{"path":["/c/en/comprehensiveness","/c/en/fullness","/c/en/condition","/c/en/shock","/c/en/stunned"],"weight":0.20402999999999952},"num_concepts_raised":7230},{"base_id":384,"kind":"bot_words","i1":3,"i2":5,"sol":{"path":["/c/en/comprehensiveness","/c/it/capillarità","/c/en/physics","/c/en/piezoelectricity"],"weight":0.20318999999999982},"num_concepts_raised":17630},{"base_id":384,"kind":"bot_words","i1":3,"i2":6,"sol":{"path":["/c/en/comprehensiveness","/c/en/breadth","/c/en/broad","/c/en/broaden"],"weight":0.2111699999999997},"num_concepts_raised":10133},{"base_id":384,"kind":"bot_words","i1":3,"i2":7,"sol":{"path":["/c/en/comprehensiveness","/c/en/comprehensive","/c/en/generic","/c/en/evasive"],"weight":0.2036599999999997},"num_concepts_raised":4889},{"base_id":384,"kind":"bot_words","i1":3,"i2":8,"sol":{"path":["/c/en/comprehensiveness","/c/en/comprehensive","/c/en/large","/c/en/ram"],"weight":0.21602999999999933},"num_concepts_raised":102044},{"base_id":384,"kind":"bot_words","i1":3,"i2":9,"sol":{"path":["/c/en/comprehensiveness","/c/en/comprehensive","/c/en/cover","/c/en/shell","/c/en/shelled"],"weight":0.2030199999999998},"num_concepts_raised":23131},{"base_id":384,"kind":"bot_words","i1":4,"i2":5,"sol":{"path":["/c/en/stunned","/c/en/shock","/c/en/electricity","/c/en/piezoelectricity"],"weight":0.20438999999999957},"num_concepts_raised":22739},{"base_id":384,"kind":"bot_words","i1":4,"i2":6,"sol":{"path":["/c/en/stunned","/c/en/act","/c/en/make","/c/en/broaden"],"weight":0.21035999999999944},"num_concepts_raised":15232},{"base_id":384,"kind":"bot_words","i1":4,"i2":7,"sol":{"path":["/c/en/stunned","/c/en/act","/c/en/evade","/c/en/evasive"],"weight":0.20493999999999946},"num_concepts_raised":10022},{"base_id":384,"kind":"bot_words","i1":4,"i2":8,"sol":{"path":["/c/en/stunned","/c/en/silly","/c/en/person","/c/en/ram"],"weight":0.21736999999999906},"num_concepts_raised":106617},{"base_id":384,"kind":"bot_words","i1":4,"i2":9,"sol":{"path":["/c/en/stunned","/c/en/shock","/c/en/shell","/c/en/shelled"],"weight":0.20425999999999955},"num_concepts_raised":28104},{"base_id":384,"kind":"bot_words","i1":5,"i2":6,"sol":{"path":["/c/en/piezoelectricity","/c/en/physics","/c/en/make","/c/en/broaden"],"weight":0.20961999999999975},"num_concepts_raised":25714},{"base_id":384,"kind":"bot_words","i1":5,"i2":7,"sol":{"path":["/c/en/piezoelectricity","/c/en/physics","/c/en/truth","/c/en/elusive","/c/en/evasive"],"weight":0.20542999999999972},"num_concepts_raised":20444},{"base_id":384,"kind":"bot_words","i1":5,"i2":8,"sol":{"path":["/c/en/piezoelectricity","/c/en/piezoelectric","/c/en/material","/c/en/ram"],"weight":0.21725999999999934},"num_concepts_raised":116772},{"base_id":384,"kind":"bot_words","i1":5,"i2":9,"sol":{"path":["/c/en/piezoelectricity","/c/en/physics","/c/en/energy","/c/en/shelled"],"weight":0.20349999999999985},"num_concepts_raised":38304},{"base_id":384,"kind":"bot_words","i1":6,"i2":7,"sol":{"path":["/c/en/broaden","/c/en/make","/c/ru/вильнуть","/c/en/evasive"],"weight":0.21004999999999963},"num_concepts_raised":12970},{"base_id":384,"kind":"bot_words","i1":6,"i2":8,"sol":{"path":["/c/en/broaden","/c/en/broad","/c/en/slang","/c/en/ram"],"weight":0.22460999999999925},"num_concepts_raised":109301},{"base_id":384,"kind":"bot_words","i1":6,"i2":9,"sol":{"path":["/c/en/broaden","/c/en/broad","/c/en/slang","/c/en/shelled"],"weight":0.21131999999999973},"num_concepts_raised":31035},{"base_id":384,"kind":"bot_words","i1":7,"i2":8,"sol":{"path":["/c/en/evasive","/c/en/generic","/c/en/male","/c/en/ram"],"weight":0.21910999999999925},"num_concepts_raised":104539},{"base_id":384,"kind":"bot_words","i1":7,"i2":9,"sol":{"path":["/c/en/evasive","/c/en/tricky","/c/en/slang","/c/en/shelled"],"weight":0.20389999999999975},"num_concepts_raised":25813},{"base_id":384,"kind":"bot_words","i1":8,"i2":9,"sol":{"path":["/c/en/ram","/c/en/slang","/c/en/shelled"],"weight":0.20400000000000001},"num_concepts_raised":546}],[{"base_id":384,"kind":"top_words","i1":0,"i2":1,"sol":{"path":["/c/en/la","/c/en/do","/c/en/hang","/c/en/oroya"],"weight":0.23477999999999177},"num_concepts_raised":80819},{"base_id":384,"kind":"top_words","i1":0,"i2":2,"sol":{"path":["/c/en/la","/c/en/music","/c/en/f_sharp","/c/en/scala"],"weight":0.2363199999999917},"num_concepts_raised":85889},{"base_id":384,"kind":"top_words","i1":0,"i2":3,"sol":{"path":["/c/en/la","/c/en/difference","/c/en/viva"],"weight":0.20400000000000001},"num_concepts_raised":2593},{"base_id":384,"kind":"top_words","i1":0,"i2":4,"sol":{"path":["/c/en/la","/c/en/slang","/c/en/plant","/c/en/ceiba"],"weight":0.23392999999999184},"num_concepts_raised":78018},{"base_id":384,"kind":"top_words","i1":0,"i2":5,"sol":{"path":["/c/en/la","/c/en/woman","/c/en/granny","/c/en/gran"],"weight":0.22863999999999185},"num_concepts_raised":70417},{"base_id":384,"kind":"top_words","i1":0,"i2":6,"sol":{"path":["/c/en/la","/c/en/slang","/c/en/mother","/c/en/mama"],"weight":0.23052999999999177},"num_concepts_raised":75938},{"base_id":384,"kind":"top_words","i1":0,"i2":7,"sol":{"path":["/c/en/la","/c/en/music","/c/en/prospect","/c/en/vista"],"weight":0.22971999999999176},"num_concepts_raised":75583},{"base_id":384,"kind":"top_words","i1":0,"i2":8,"sol":{"path":["/c/en/la","/c/fr/la","/c/fr/l","/c/en/il"],"weight":0.23220999999999176},"num_concepts_raised":82130},{"base_id":384,"kind":"top_words","i1":0,"i2":9,"sol":{"path":["/c/en/la","/c/en/do","/c/en/cover","/c/en/cloche"],"weight":0.2299099999999918},"num_concepts_raised":84006},{"base_id":384,"kind":"top_words","i1":1,"i2":2,"sol":{"path":["/c/en/oroya","/c/en/plant","/c/en/ada","/c/en/programming_language","/c/en/scala"],"weight":0.2152899999999997},"num_concepts_raised":28640},{"base_id":384,"kind":"top_words","i1":1,"i2":3,"sol":{"path":["/c/en/oroya","/c/en/plant","/c/en/person","/c/en/viva"],"weight":0.21304999999999968},"num_concepts_raised":26555},{"base_id":384,"kind":"top_words","i1":1,"i2":4,"sol":{"path":["/c/en/oroya","/c/en/plant","/c/en/ceiba"],"weight":0.20600000000000002},"num_concepts_raised":70},{"base_id":384,"kind":"top_words","i1":1,"i2":5,"sol":{"path":["/c/en/oroya","/c/en/plant","/c/en/apple","/c/en/granny","/c/en/gran"],"weight":0.20784999999999984},"num_concepts_raised":12818},{"base_id":384,"kind":"top_words","i1":1,"i2":6,"sol":{"path":["/c/en/oroya","/c/en/cable","/c/en/telephone","/c/en/ma","/c/en/mama"],"weight":0.21045999999999976},"num_concepts_raised":18985},{"base_id":384,"kind":"top_words","i1":1,"i2":7,"sol":{"path":["/c/en/oroya","/c/en/cross","/c/en/passage","/c/en/vista"],"weight":0.20828999999999973},"num_concepts_raised":18304},{"base_id":384,"kind":"top_words","i1":1,"i2":8,"sol":{"path":["/c/en/oroya","/c/en/hang","/c/en/computing","/c/en/il"],"weight":0.20787999999999973},"num_concepts_raised":25395},{"base_id":384,"kind":"top_words","i1":1,"i2":9,"sol":{"path":["/c/en/oroya","/c/en/basket","/c/en/bell","/c/en/cloche"],"weight":0.2079399999999998},"num_concepts_raised":27379},{"base_id":384,"kind":"top_words","i1":2,"i2":3,"sol":{"path":["/c/en/scala","/c/en/anatomy","/c/en/oral","/c/en/viva"],"weight":0.2154199999999996},"num_concepts_raised":31686},{"base_id":384,"kind":"top_words","i1":2,"i2":4,"sol":{"path":["/c/en/scala","/c/en/programming_language","/c/en/ada","/c/en/plant","/c/en/ceiba"],"weight":0.2156599999999997},"num_concepts_raised":25631},{"base_id":384,"kind":"top_words","i1":2,"i2":5,"sol":{"path":["/c/en/scala","/c/en/anatomy","/c/ru/бабка","/c/en/grandmother","/c/en/gran"],"weight":0.21013999999999974},"num_concepts_raised":17952},{"base_id":384,"kind":"top_words","i1":2,"i2":6,"sol":{"path":["/c/en/scala","/c/en/anatomy","/c/la/mamma","/c/en/mama"],"weight":0.21159999999999968},"num_concepts_raised":24101},{"base_id":384,"kind":"top_words","i1":2,"i2":7,"sol":{"path":["/c/en/scala","/c/en/programming_language","/c/en/forth","/c/en/view","/c/en/vista"],"weight":0.21228999999999962},"num_concepts_raised":23364},{"base_id":384,"kind":"top_words","i1":2,"i2":8,"sol":{"path":["/c/en/scala","/c/en/programming_language","/c/en/computing","/c/en/il"],"weight":0.21040999999999965},"num_concepts_raised":30396},{"base_id":384,"kind":"top_words","i1":2,"i2":9,"sol":{"path":["/c/en/scala","/c/en/machine","/c/en/bell","/c/en/cloche"],"weight":0.2103399999999997},"num_concepts_raised":32517},{"base_id":384,"kind":"top_words","i1":3,"i2":4,"sol":{"path":["/c/en/viva","/c/en/person","/c/en/plant","/c/en/ceiba"],"weight":0.21339999999999976},"num_concepts_raised":23540},{"base_id":384,"kind":"top_words","i1":3,"i2":5,"sol":{"path":["/c/en/viva","/c/en/person","/c/en/grandmother","/c/en/gran"],"weight":0.20805999999999975},"num_concepts_raised":15855},{"base_id":384,"kind":"top_words","i1":3,"i2":6,"sol":{"path":["/c/en/viva","/c/en/person","/c/en/mother","/c/en/mama"],"weight":0.2099999999999997},"num_concepts_raised":21944},{"base_id":384,"kind":"top_words","i1":3,"i2":7,"sol":{"path":["/c/en/viva","/c/en/person","/c/en/mumps","/c/en/vista"],"weight":0.20859999999999967},"num_concepts_raised":21329},{"base_id":384,"kind":"top_words","i1":3,"i2":8,"sol":{"path":["/c/en/viva","/c/en/person","/c/en/individual","/c/en/il"],"weight":0.20822999999999964},"num_concepts_raised":28291},{"base_id":384,"kind":"top_words","i1":3,"i2":9,"sol":{"path":["/c/en/viva","/c/en/person","/c/en/music","/c/en/bell","/c/en/cloche"],"weight":0.20831999999999973},"num_concepts_raised":30400},{"base_id":384,"kind":"top_words","i1":4,"i2":5,"sol":{"path":["/c/en/ceiba","/c/fr/kapokier","/c/fr/famille","/c/en/grandmother","/c/en/gran"],"weight":0.2082599999999999},"num_concepts_raised":9729},{"base_id":384,"kind":"top_words","i1":4,"i2":6,"sol":{"path":["/c/en/ceiba","/c/fr/kapokier","/c/fr/famille","/c/en/mother","/c/en/mama"],"weight":0.21013999999999977},"num_concepts_raised":15919},{"base_id":384,"kind":"top_words","i1":4,"i2":7,"sol":{"path":["/c/en/ceiba","/c/en/plant","/c/en/action","/c/en/view","/c/en/vista"],"weight":0.21012999999999976},"num_concepts_raised":15299},{"base_id":384,"kind":"top_words","i1":4,"i2":8,"sol":{"path":["/c/en/ceiba","/c/fr/fromager","/c/en/cheese","/c/en/video_games","/c/en/il"],"weight":0.21241999999999978},"num_concepts_raised":22448},{"base_id":384,"kind":"top_words","i1":4,"i2":9,"sol":{"path":["/c/en/ceiba","/c/en/plant","/c/en/greenhouse","/c/en/cloche"],"weight":0.20819999999999983},"num_concepts_raised":24465},{"base_id":384,"kind":"top_words","i1":5,"i2":6,"sol":{"path":["/c/en/gran","/c/en/grandmother","/c/en/mother","/c/en/mama"],"weight":0.20475999999999983},"num_concepts_raised":8113},{"base_id":384,"kind":"top_words","i1":5,"i2":7,"sol":{"path":["/c/en/gran","/c/en/grandmother","/c/en/person","/c/en/mumps","/c/en/vista"],"weight":0.20331999999999978},"num_concepts_raised":7575},{"base_id":384,"kind":"top_words","i1":5,"i2":8,"sol":{"path":["/c/en/gran","/c/en/grandma","/c/en/nan","/c/en/computing","/c/en/il"],"weight":0.20402999999999977},"num_concepts_raised":14775},{"base_id":384,"kind":"top_words","i1":5,"i2":9,"sol":{"path":["/c/en/gran","/c/en/grandma","/c/en/family","/c/en/cover","/c/en/cloche"],"weight":0.20395999999999986},"num_concepts_raised":16813},{"base_id":384,"kind":"top_words","i1":6,"i2":7,"sol":{"path":["/c/en/mama","/c/en/ma","/c/en/city","/c/en/avenue","/c/en/vista"],"weight":0.2060399999999997},"num_concepts_raised":13778},{"base_id":384,"kind":"top_words","i1":6,"i2":8,"sol":{"path":["/c/en/mama","/c/en/parent","/c/en/computing","/c/en/il"],"weight":0.2033499999999997},"num_concepts_raised":20937},{"base_id":384,"kind":"top_words","i1":6,"i2":9,"sol":{"path":["/c/en/mama","/c/en/ma","/c/en/telephone","/c/en/bell","/c/en/cloche"],"weight":0.20567999999999978},"num_concepts_raised":22933},{"base_id":384,"kind":"top_words","i1":7,"i2":8,"sol":{"path":["/c/en/vista","/c/en/video","/c/en/level","/c/en/il"],"weight":0.20342999999999967},"num_concepts_raised":20172},{"base_id":384,"kind":"top_words","i1":7,"i2":9,"sol":{"path":["/c/en/vista","/c/en/view","/c/en/cover","/c/en/cloche"],"weight":0.20487999999999973},"num_concepts_raised":22242},{"base_id":384,"kind":"top_words","i1":8,"i2":9,"sol":{"path":["/c/en/il","/c/en/computing","/c/en/bell","/c/en/cloche"],"weight":0.20308999999999974},"num_concepts_raised":29286}]]