[[{"base_id":751,"kind":"bot_words","i1":0,"i2":1,"sol":{"path":["/c/en/pact","/c/en/book","/c/en/end","/c/en/endocrine","/c/en/exocrine"],"weight":0.21131999999999979},"num_concepts_raised":23935},{"base_id":751,"kind":"bot_words","i1":0,"i2":2,"sol":{"path":["/c/en/pact","/c/en/deal","/c/en/town","/c/en/clervaux"],"weight":0.2153599999999997},"num_concepts_raised":26538},{"base_id":751,"kind":"bot_words","i1":0,"i2":3,"sol":{"path":["/c/en/pact","/c/en/agreement","/c/en/person","/c/en/consumer"],"weight":0.22532999999999948},"num_concepts_raised":55898},{"base_id":751,"kind":"bot_words","i1":0,"i2":4,"sol":{"path":["/c/en/pact","/c/en/book","/c/en/natural_history","/c/en/naturalist"],"weight":0.21195999999999965},"num_concepts_raised":51797},{"base_id":751,"kind":"bot_words","i1":0,"i2":5,"sol":{"path":["/c/en/pact","/c/en/agreement","/c/en/bond","/c/fr/chimie","/c/en/atp"],"weight":0.21585999999999958},"num_concepts_raised":38619},{"base_id":751,"kind":"bot_words","i1":0,"i2":6,"sol":{"path":["/c/en/pact","/c/en/like","/c/en/atom","/c/en/sputter"],"weight":0.21128999999999948},"num_concepts_raised":43167},{"base_id":751,"kind":"bot_words","i1":0,"i2":7,"sol":{"path":["/c/en/pact","/c/en/covenant","/c/en/religion","/c/en/rationale"],"weight":0.2135199999999996},"num_concepts_raised":41355},{"base_id":751,"kind":"bot_words","i1":0,"i2":8,"sol":{"path":["/c/en/pact","/c/en/book","/c/en/secret","/c/en/undisclosed"],"weight":0.21033999999999972},"num_concepts_raised":25251},{"base_id":751,"kind":"bot_words","i1":0,"i2":9,"sol":{"path":["/c/en/pact","/c/en/two","/c/en/ear","/c/en/earlobe"],"weight":0.2106099999999997},"num_concepts_raised":26179},{"base_id":751,"kind":"bot_words","i1":1,"i2":2,"sol":{"path":["/c/en/exocrine","/c/en/exocrine_gland","/c/en/skin","/c/en/place","/c/en/town","/c/en/clervaux"],"weight":0.2146451999999996},"num_concepts_raised":363086},{"base_id":751,"kind":"bot_words","i1":1,"i2":3,"sol":{"path":["/c/en/exocrine","/c/en/pancreatin","/c/en/drug","/c/en/user","/c/en/consumer"],"weight":0.21525999999999967},"num_concepts_raised":34111},{"base_id":751,"kind":"bot_words","i1":1,"i2":4,"sol":{"path":["/c/en/exocrine","/c/en/exocrine_gland","/c/en/gland","/c/en/botany","/c/en/naturalist"],"weight":0.20570999999999984},"num_concepts_raised":29359},{"base_id":751,"kind":"bot_words","i1":1,"i2":5,"sol":{"path":["/c/en/exocrine","/c/en/endocrine","/c/en/oncocyte","/c/en/mitochondrion","/c/en/atp"],"weight":0.2042499999999998},"num_concepts_raised":15539},{"base_id":751,"kind":"bot_words","i1":1,"i2":6,"sol":{"path":["/c/en/exocrine","/c/en/exocrine_gland","/c/en/skin","/c/en/surface","/c/en/sputter"],"weight":0.20604999999999965},"num_concepts_raised":20707},{"base_id":751,"kind":"bot_words","i1":1,"i2":7,"sol":{"path":["/c/en/exocrine","/c/en/pancreatin","/c/en/cell","/c/en/basis","/c/en/rationale"],"weight":0.20375999999999983},"num_concepts_raised":19034},{"base_id":751,"kind":"bot_words","i1":1,"i2":8,"sol":{"path":["/c/en/exocrine","/c/en/exocrinology","/c/en/secretion","/c/en/secret","/c/en/undisclosed"],"weight":0.2040399999999999},"num_concepts_raised":2191},{"base_id":751,"kind":"bot_words","i1":1,"i2":9,"sol":{"path":["/c/en/exocrine","/c/en/exocrine_gland","/c/en/anatomy","/c/en/auricle","/c/en/earlobe"],"weight":0.20642999999999984},"num_concepts_raised":3168},{"base_id":751,"kind":"bot_words","i1":2,"i2":3,"sol":{"path":["/c/en/clervaux","/c/en/town","/c/fr/campagne","/c/fr/consommateur","/c/en/consumer"],"weight":0.22206999999999955},"num_concepts_raised":36768},{"base_id":751,"kind":"bot_words","i1":2,"i2":4,"sol":{"path":["/c/en/clervaux","/c/en/town","/c/en/historical","/c/en/naturalist"],"weight":0.20850999999999975},"num_concepts_raised":31970},{"base_id":751,"kind":"bot_words","i1":2,"i2":5,"sol":{"path":["/c/en/clervaux","/c/en/municipality","/c/en/tangible_thing","/c/en/adenosine_triphosphate","/c/en/atp"],"weight":0.2083099999999997},"num_concepts_raised":18287},{"base_id":751,"kind":"bot_words","i1":2,"i2":6,"sol":{"path":["/c/en/clervaux","/c/en/town","/c/en/small","/c/en/atom","/c/en/sputter"],"weight":0.20897999999999956},"num_concepts_raised":23421},{"base_id":751,"kind":"bot_words","i1":2,"i2":7,"sol":{"path":["/c/en/clervaux","/c/fr/clervaux","/c/fr/localités","/c/en/law","/c/en/rationale"],"weight":0.2127399999999997},"num_concepts_raised":21735},{"base_id":751,"kind":"bot_words","i1":2,"i2":8,"sol":{"path":["/c/en/clervaux","/c/en/town","/c/en/place","/c/en/covert","/c/en/undisclosed"],"weight":0.20891999999999977},"num_concepts_raised":4935},{"base_id":751,"kind":"bot_words","i1":2,"i2":9,"sol":{"path":["/c/en/clervaux","/c/en/town","/c/en/leer","/c/en/ear","/c/en/earlobe"],"weight":0.20834999999999976},"num_concepts_raised":5914},{"base_id":751,"kind":"bot_words","i1":3,"i2":4,"sol":{"path":["/c/en/consumer","/c/en/person","/c/en/scientist","/c/en/naturalist"],"weight":0.21339999999999953},"num_concepts_raised":61848},{"base_id":751,"kind":"bot_words","i1":3,"i2":5,"sol":{"path":["/c/en/consumer","/c/en/energy","/c/en/adenosine_triphosphate","/c/en/atp"],"weight":0.21299999999999947},"num_concepts_raised":48738},{"base_id":751,"kind":"bot_words","i1":3,"i2":6,"sol":{"path":["/c/en/consumer","/c/en/person","/c/en/change","/c/en/sputter"],"weight":0.21363999999999936},"num_concepts_raised":53021},{"base_id":751,"kind":"bot_words","i1":3,"i2":7,"sol":{"path":["/c/en/consumer","/c/en/price","/c/en/basis","/c/en/rationale"],"weight":0.2134099999999995},"num_concepts_raised":51728},{"base_id":751,"kind":"bot_words","i1":3,"i2":8,"sol":{"path":["/c/en/consumer","/c/fr/consommateur","/c/fr/usage","/c/fr/secret","/c/en/undisclosed"],"weight":0.2171299999999996},"num_concepts_raised":35448},{"base_id":751,"kind":"bot_words","i1":3,"i2":9,"sol":{"path":["/c/en/consumer","/c/en/organism","/c/en/body_part","/c/en/earlobe"],"weight":0.21277999999999953},"num_concepts_raised":36356},{"base_id":751,"kind":"bot_words","i1":4,"i2":5,"sol":{"path":["/c/en/naturalist","/c/no/naturforsker","/c/en/biology","/c/en/glycolysis","/c/en/atp"],"weight":0.20490999999999965},"num_concepts_raised":44061},{"base_id":751,"kind":"bot_words","i1":4,"i2":6,"sol":{"path":["/c/en/naturalist","/c/en/philosopher","/c/en/atom","/c/en/sputter"],"weight":0.20458999999999955},"num_concepts_raised":48823},{"base_id":751,"kind":"bot_words","i1":4,"i2":7,"sol":{"path":["/c/en/naturalist","/c/en/philosophy","/c/en/principle","/c/en/rationale"],"weight":0.20457999999999968},"num_concepts_raised":46894},{"base_id":751,"kind":"bot_words","i1":4,"i2":8,"sol":{"path":["/c/en/naturalist","/c/en/natural_history","/c/en/book","/c/en/secret","/c/en/undisclosed"],"weight":0.20467999999999975},"num_concepts_raised":30721},{"base_id":751,"kind":"bot_words","i1":4,"i2":9,"sol":{"path":["/c/en/naturalist","/c/en/botany","/c/en/auricle","/c/en/earlobe"],"weight":0.2048899999999997},"num_concepts_raised":31570},{"base_id":751,"kind":"bot_words","i1":5,"i2":6,"sol":{"path":["/c/en/atp","/c/en/phosphorus","/c/en/solid","/c/en/sputter"],"weight":0.20421999999999949},"num_concepts_raised":35221},{"base_id":751,"kind":"bot_words","i1":5,"i2":7,"sol":{"path":["/c/en/atp","/c/fr/chimie","/c/fr/principe","/c/en/rationale"],"weight":0.20400999999999964},"num_concepts_raised":33664},{"base_id":751,"kind":"bot_words","i1":5,"i2":8,"sol":{"path":["/c/en/atp","/c/en/oxysome","/c/en/round","/c/en/secret","/c/en/undisclosed"],"weight":0.20325999999999972},"num_concepts_raised":16933},{"base_id":751,"kind":"bot_words","i1":5,"i2":9,"sol":{"path":["/c/en/atp","/c/en/amp","/c/fr/musique","/c/en/eargasm","/c/en/earlobe"],"weight":0.2044499999999997},"num_concepts_raised":17909},{"base_id":751,"kind":"bot_words","i1":6,"i2":7,"sol":{"path":["/c/en/sputter","/c/en/physics","/c/en/principle","/c/en/rationale"],"weight":0.2048799999999995},"num_concepts_raised":38564},{"base_id":751,"kind":"bot_words","i1":6,"i2":8,"sol":{"path":["/c/en/sputter","/c/en/solid","/c/en/cover","/c/en/covert","/c/en/undisclosed"],"weight":0.2049299999999996},"num_concepts_raised":22068},{"base_id":751,"kind":"bot_words","i1":6,"i2":9,"sol":{"path":["/c/en/sputter","/c/en/solid","/c/en/solid_object","/c/en/earlobe"],"weight":0.20409999999999956},"num_concepts_raised":22975},{"base_id":751,"kind":"bot_words","i1":7,"i2":8,"sol":{"path":["/c/en/rationale","/c/en/law","/c/en/covert","/c/en/undisclosed"],"weight":0.20466999999999974},"num_concepts_raised":20370},{"base_id":751,"kind":"bot_words","i1":7,"i2":9,"sol":{"path":["/c/en/rationale","/c/en/reason","/c/en/ground","/c/en/ear","/c/en/earlobe"],"weight":0.2054699999999997},"num_concepts_raised":21344},{"base_id":751,"kind":"bot_words","i1":8,"i2":9,"sol":{"path":["/c/en/undisclosed","/c/fr/secret","/c/fr/certain","/c/fr/lobe","/c/en/earlobe"],"weight":0.20423999999999976},"num_concepts_raised":4558}],[{"base_id":751,"kind":"top_words","i1":0,"i2":1,"sol":{"path":["/c/en/comprehensively","/c/en/completely","/c/en/clean","/c/en/cleaned"],"weight":0.20491999999999988},"num_concepts_raised":3355},{"base_id":751,"kind":"top_words","i1":0,"i2":2,"sol":{"path":["/c/en/comprehensively","/c/en/comprehensive","/c/en/british","/c/en/surgery","/c/en/surgically"],"weight":0.20397999999999994},"num_concepts_raised":13845},{"base_id":751,"kind":"top_words","i1":0,"i2":3,"sol":{"path":["/c/en/comprehensively","/c/en/totally","/c/en/destroy","/c/en/fix","/c/en/repaired"],"weight":0.20291999999999982},"num_concepts_raised":4131},{"base_id":751,"kind":"top_words","i1":0,"i2":4,"sol":{"path":["/c/en/comprehensively","/c/en/comprehensive","/c/en/generic","/c/en/t_carrier","/c/en/digitally"],"weight":0.2037199999999999},"num_concepts_raised":2320},{"base_id":751,"kind":"top_words","i1":0,"i2":5,"sol":{"path":["/c/en/comprehensively","/c/fr/universellement","/c/fr/manière","/c/fr/injustement","/c/en/unjustly"],"weight":0.20647999999999994},"num_concepts_raised":4720},{"base_id":751,"kind":"top_words","i1":0,"i2":6,"sol":{"path":["/c/en/comprehensively","/c/en/thoroughly"],"weight":0.202},"num_concepts_raised":319},{"base_id":751,"kind":"top_words","i1":0,"i2":7,"sol":{"path":["/c/en/comprehensively","/c/en/completely","/c/ja/がらり","/c/en/rudely"],"weight":0.2039800000000001},"num_concepts_raised":3465},{"base_id":751,"kind":"top_words","i1":0,"i2":8,"sol":{"path":["/c/en/comprehensively","/c/fr/universellement","/c/fr/manière","/c/fr/impitoyablement","/c/en/mercilessly"],"weight":0.2050099999999999},"num_concepts_raised":2467},{"base_id":751,"kind":"top_words","i1":0,"i2":9,"sol":{"path":["/c/en/comprehensively","/c/en/comprehensive","/c/en/z","/c/en/chemistry","/c/en/chemically"],"weight":0.20439999999999986},"num_concepts_raised":18522},{"base_id":751,"kind":"top_words","i1":1,"i2":2,"sol":{"path":["/c/en/cleaned","/c/en/clean","/c/en/hospital","/c/en/surgical","/c/en/surgically"],"weight":0.20612999999999987},"num_concepts_raised":13601},{"base_id":751,"kind":"top_words","i1":1,"i2":3,"sol":{"path":["/c/en/cleaned","/c/en/clean","/c/km/ធ្វើ","/c/en/fix","/c/en/repaired"],"weight":0.20501999999999976},"num_concepts_raised":3874},{"base_id":751,"kind":"top_words","i1":1,"i2":4,"sol":{"path":["/c/en/cleaned","/c/en/clean","/c/en/equipment","/c/en/digital","/c/en/digitally"],"weight":0.20583999999999986},"num_concepts_raised":2076},{"base_id":751,"kind":"top_words","i1":1,"i2":5,"sol":{"path":["/c/en/cleaned","/c/en/clean","/c/en/fairly","/c/en/unfairly","/c/en/unjustly"],"weight":0.2067199999999999},"num_concepts_raised":4473},{"base_id":751,"kind":"top_words","i1":1,"i2":6,"sol":{"path":["/c/en/cleaned","/c/en/clean","/c/fr/complètement","/c/en/thoroughly"],"weight":0.20963999999999902},"num_concepts_raised":20724},{"base_id":751,"kind":"top_words","i1":1,"i2":7,"sol":{"path":["/c/en/cleaned","/c/en/clean","/c/en/fresh","/c/en/rude","/c/en/rudely"],"weight":0.20628000000000007},"num_concepts_raised":3233},{"base_id":751,"kind":"top_words","i1":1,"i2":8,"sol":{"path":["/c/en/cleaned","/c/en/clean","/c/en/action","/c/en/mercy","/c/en/mercilessly"],"weight":0.20514999999999983},"num_concepts_raised":2224},{"base_id":751,"kind":"top_words","i1":1,"i2":9,"sol":{"path":["/c/en/cleaned","/c/en/clean","/c/en/drug","/c/en/chemical","/c/en/chemically"],"weight":0.20743999999999985},"num_concepts_raised":18259},{"base_id":751,"kind":"top_words","i1":2,"i2":3,"sol":{"path":["/c/en/surgically","/c/en/surgical","/c/en/stitch","/c/en/fix","/c/en/repaired"],"weight":0.20408999999999983},"num_concepts_raised":14316},{"base_id":751,"kind":"top_words","i1":2,"i2":4,"sol":{"path":["/c/en/surgically","/c/en/surgery","/c/en/finance","/c/en/digital","/c/en/digitally"],"weight":0.20386999999999994},"num_concepts_raised":12539},{"base_id":751,"kind":"top_words","i1":2,"i2":5,"sol":{"path":["/c/en/surgically","/c/en/surgical","/c/en/accurate","/c/en/just","/c/en/unjustly"],"weight":0.20457999999999998},"num_concepts_raised":14948},{"base_id":751,"kind":"top_words","i1":2,"i2":6,"sol":{"path":["/c/en/surgically","/c/en/surgery","/c/en/scrub_in","/c/en/thoroughly"],"weight":0.20610999999999907},"num_concepts_raised":31267},{"base_id":751,"kind":"top_words","i1":2,"i2":7,"sol":{"path":["/c/en/surgically","/c/fr/médecine","/c/fr/raideur","/c/en/rudeness","/c/en/rudely"],"weight":0.2042100000000001},"num_concepts_raised":13699},{"base_id":751,"kind":"top_words","i1":2,"i2":8,"sol":{"path":["/c/en/surgically","/c/fr/médecine","/c/et/arm","/c/en/mercy","/c/en/mercilessly"],"weight":0.2031599999999999},"num_concepts_raised":12688},{"base_id":751,"kind":"top_words","i1":2,"i2":9,"sol":{"path":["/c/en/surgically","/c/en/surgical","/c/en/operation","/c/en/chemically"],"weight":0.20436999999999989},"num_concepts_raised":28516},{"base_id":751,"kind":"top_words","i1":3,"i2":4,"sol":{"path":["/c/en/repaired","/c/en/repair","/c/en/order","/c/en/sequencer","/c/en/digitally"],"weight":0.20272999999999983},"num_concepts_raised":2819},{"base_id":751,"kind":"top_words","i1":3,"i2":5,"sol":{"path":["/c/en/repaired","/c/rup/ndreptu","/c/en/just","/c/en/unjustly"],"weight":0.20334999999999986},"num_concepts_raised":5213},{"base_id":751,"kind":"top_words","i1":3,"i2":6,"sol":{"path":["/c/en/repaired","/c/en/repair","/c/en/good","/c/en/thoroughly"],"weight":0.20622999999999897},"num_concepts_raised":21502},{"base_id":751,"kind":"top_words","i1":3,"i2":7,"sol":{"path":["/c/en/repaired","/c/rup/ndreptu","/c/en/just","/c/sh/prosto","/c/en/rudely"],"weight":0.20500000000000002},"num_concepts_raised":3980},{"base_id":751,"kind":"top_words","i1":3,"i2":8,"sol":{"path":["/c/en/repaired","/c/en/fix","/c/en/action","/c/en/mercy","/c/en/mercilessly"],"weight":0.2030999999999998},"num_concepts_raised":2967},{"base_id":751,"kind":"top_words","i1":3,"i2":9,"sol":{"path":["/c/en/repaired","/c/en/fix","/c/en/chemistry","/c/en/chemically"],"weight":0.2034499999999998},"num_concepts_raised":18983},{"base_id":751,"kind":"top_words","i1":4,"i2":5,"sol":{"path":["/c/en/digitally","/c/en/sequencer","/c/en/system","/c/en/just","/c/en/unjustly"],"weight":0.20325999999999997},"num_concepts_raised":3417},{"base_id":751,"kind":"top_words","i1":4,"i2":6,"sol":{"path":["/c/en/digitally","/c/en/digital","/c/en/dog","/c/en/good","/c/en/thoroughly"],"weight":0.20709999999999906},"num_concepts_raised":19822},{"base_id":751,"kind":"top_words","i1":4,"i2":7,"sol":{"path":["/c/en/digitally","/c/en/digital","/c/en/smart","/c/en/rude","/c/en/rudely"],"weight":0.20500000000000013},"num_concepts_raised":2168},{"base_id":751,"kind":"top_words","i1":4,"i2":8,"sol":{"path":["/c/en/digitally","/c/en/digital","/c/en/bit","/c/fr/manière","/c/fr/impitoyablement","/c/en/mercilessly"],"weight":0.2094770999999998},"num_concepts_raised":96417},{"base_id":751,"kind":"top_words","i1":4,"i2":9,"sol":{"path":["/c/en/digitally","/c/en/sequencer","/c/en/base","/c/en/chemical","/c/en/chemically"],"weight":0.2051799999999999},"num_concepts_raised":17203},{"base_id":751,"kind":"top_words","i1":5,"i2":6,"sol":{"path":["/c/en/unjustly","/c/en/just","/c/en/good","/c/en/thoroughly"],"weight":0.20676999999999912},"num_concepts_raised":22085},{"base_id":751,"kind":"top_words","i1":5,"i2":7,"sol":{"path":["/c/en/unjustly","/c/en/unfairly","/c/it/scorrettamente","/c/en/rudely"],"weight":0.20683000000000015},"num_concepts_raised":4550},{"base_id":751,"kind":"top_words","i1":5,"i2":8,"sol":{"path":["/c/en/unjustly","/c/hy/անիրավ","/c/en/ruthlessly","/c/en/mercilessly"],"weight":0.20463999999999993},"num_concepts_raised":3552},{"base_id":751,"kind":"top_words","i1":5,"i2":9,"sol":{"path":["/c/en/unjustly","/c/en/unjust","/c/en/liberate","/c/en/chemical","/c/en/chemically"],"weight":0.20591999999999994},"num_concepts_raised":19600},{"base_id":751,"kind":"top_words","i1":6,"i2":7,"sol":{"path":["/c/en/thoroughly","/c/de/vollkommen","/c/ja/がらり","/c/en/rudely"],"weight":0.20726999999999926},"num_concepts_raised":20924},{"base_id":751,"kind":"top_words","i1":6,"i2":8,"sol":{"path":["/c/en/thoroughly","/c/fr/complètement","/c/fr/manière","/c/fr/impitoyablement","/c/en/mercilessly"],"weight":0.20860999999999905},"num_concepts_raised":19967},{"base_id":751,"kind":"top_words","i1":6,"i2":9,"sol":{"path":["/c/en/thoroughly","/c/en/per","/c/en/chemistry","/c/en/chemically"],"weight":0.20651999999999904},"num_concepts_raised":35736},{"base_id":751,"kind":"top_words","i1":7,"i2":8,"sol":{"path":["/c/en/rudely","/c/la/barbare","/c/en/cruelly","/c/en/ruthlessly","/c/en/mercilessly"],"weight":0.20637000000000008},"num_concepts_raised":2313},{"base_id":751,"kind":"top_words","i1":7,"i2":9,"sol":{"path":["/c/en/rudely","/c/en/pearl_harbor","/c/en/slang","/c/en/chemical","/c/en/chemically"],"weight":0.20651000000000005},"num_concepts_raised":18369},{"base_id":751,"kind":"top_words","i1":8,"i2":9,"sol":{"path":["/c/en/mercilessly","/c/en/merciless","/c/en/hard","/c/en/dissolve","/c/en/chemically"],"weight":0.20433999999999986},"num_concepts_raised":17365}]]