[[{"base_id":182,"kind":"bot_words","i1":0,"i2":1,"sol":{"path":["/c/en/action","/c/en/act","/c/en/band","/c/en/xx"],"weight":0.2495000000000024},"num_concepts_raised":374249},{"base_id":182,"kind":"bot_words","i1":0,"i2":2,"sol":{"path":["/c/en/action","/c/en/drug","/c/en/estradiol"],"weight":0.20800000000000002},"num_concepts_raised":1951},{"base_id":182,"kind":"bot_words","i1":0,"i2":3,"sol":{"path":["/c/en/action","/c/en/sexual_intercourse","/c/en/ishtar"],"weight":0.20800000000000002},"num_concepts_raised":1948},{"base_id":182,"kind":"bot_words","i1":0,"i2":4,"sol":{"path":["/c/en/action","/c/en/claim","/c/en/dibs"],"weight":0.20600000000000002},"num_concepts_raised":1927},{"base_id":182,"kind":"bot_words","i1":0,"i2":5,"sol":{"path":["/c/en/action","/c/en/blow","/c/en/bellows"],"weight":0.20800000000000002},"num_concepts_raised":2066},{"base_id":182,"kind":"bot_words","i1":0,"i2":6,"sol":{"path":["/c/en/action","/c/en/play","/c/en/person","/c/en/cuban"],"weight":0.2410000000000025},"num_concepts_raised":379272},{"base_id":182,"kind":"bot_words","i1":0,"i2":7,"sol":{"path":["/c/en/action","/c/en/battle","/c/en/town","/c/en/raahe"],"weight":0.2429900000000026},"num_concepts_raised":370891},{"base_id":182,"kind":"bot_words","i1":0,"i2":8,"sol":{"path":["/c/en/action","/c/en/drive","/c/en/vertical"],"weight":0.20700000000000002},"num_concepts_raised":2385},{"base_id":182,"kind":"bot_words","i1":0,"i2":9,"sol":{"path":["/c/en/action","/c/en/force","/c/en/fire","/c/en/loki"],"weight":0.24448000000000258},"num_concepts_raised":373570},{"base_id":182,"kind":"bot_words","i1":1,"i2":2,"sol":{"path":["/c/en/xx","/c/en/female","/c/en/estrogen","/c/en/estradiol"],"weight":0.21342999999999962},"num_concepts_raised":17613},{"base_id":182,"kind":"bot_words","i1":1,"i2":3,"sol":{"path":["/c/en/xx","/c/en/female","/c/en/goddess","/c/en/ishtar"],"weight":0.2133099999999996},"num_concepts_raised":11843},{"base_id":182,"kind":"bot_words","i1":1,"i2":4,"sol":{"path":["/c/en/xx","/c/en/female","/c/en/sheep","/c/en/dib","/c/en/dibs"],"weight":0.21013999999999977},"num_concepts_raised":12320},{"base_id":182,"kind":"bot_words","i1":1,"i2":5,"sol":{"path":["/c/en/xx","/c/en/band","/c/en/air","/c/en/bellows"],"weight":0.21613999999999983},"num_concepts_raised":18190},{"base_id":182,"kind":"bot_words","i1":1,"i2":6,"sol":{"path":["/c/en/xx","/c/en/female","/c/en/person","/c/en/cuban"],"weight":0.20910999999999966},"num_concepts_raised":20581},{"base_id":182,"kind":"bot_words","i1":1,"i2":7,"sol":{"path":["/c/en/xx","/c/en/twenty","/c/en/farm","/c/en/town","/c/en/raahe"],"weight":0.21307999999999971},"num_concepts_raised":9633},{"base_id":182,"kind":"bot_words","i1":1,"i2":8,"sol":{"path":["/c/en/xx","/c/en/female","/c/en/pipe","/c/en/vertical"],"weight":0.2149799999999986},"num_concepts_raised":44780},{"base_id":182,"kind":"bot_words","i1":1,"i2":9,"sol":{"path":["/c/en/xx","/c/en/band","/c/en/leviathan","/c/fr/mythologie","/c/en/loki"],"weight":0.21413999999999977},"num_concepts_raised":13511},{"base_id":182,"kind":"bot_words","i1":2,"i2":3,"sol":{"path":["/c/en/estradiol","/c/en/estrogen","/c/en/sex","/c/en/love","/c/en/ishtar"],"weight":0.2137299999999996},"num_concepts_raised":15673},{"base_id":182,"kind":"bot_words","i1":2,"i2":4,"sol":{"path":["/c/en/estradiol","/c/en/vertebrate","/c/en/bone","/c/en/dib","/c/en/dibs"],"weight":0.21038999999999972},"num_concepts_raised":16116},{"base_id":182,"kind":"bot_words","i1":2,"i2":5,"sol":{"path":["/c/en/estradiol","/c/en/vertebrate","/c/en/belly","/c/en/bellows"],"weight":0.2206499999999998},"num_concepts_raised":22005},{"base_id":182,"kind":"bot_words","i1":2,"i2":6,"sol":{"path":["/c/en/estradiol","/c/en/phenol","/c/fr/chimie","/c/it/cubano","/c/en/cuban"],"weight":0.21045999999999962},"num_concepts_raised":24450},{"base_id":182,"kind":"bot_words","i1":2,"i2":7,"sol":{"path":["/c/en/estradiol","/c/en/biochemistry","/c/en/living","/c/en/town","/c/en/raahe"],"weight":0.2133499999999997},"num_concepts_raised":13430},{"base_id":182,"kind":"bot_words","i1":2,"i2":8,"sol":{"path":["/c/en/estradiol","/c/en/drug","/c/en/drop","/c/en/vertical"],"weight":0.21522999999999853},"num_concepts_raised":48707},{"base_id":182,"kind":"bot_words","i1":2,"i2":9,"sol":{"path":["/c/en/estradiol","/c/en/hormone","/c/en/substance","/c/en/fire","/c/en/loki"],"weight":0.2142299999999997},"num_concepts_raised":17314},{"base_id":182,"kind":"bot_words","i1":3,"i2":4,"sol":{"path":["/c/en/ishtar","/c/en/war","/c/en/computing","/c/en/dib","/c/en/dibs"],"weight":0.21038999999999974},"num_concepts_raised":10228},{"base_id":182,"kind":"bot_words","i1":3,"i2":5,"sol":{"path":["/c/en/ishtar","/c/en/love","/c/en/like","/c/en/belly","/c/en/bellows"],"weight":0.2207299999999998},"num_concepts_raised":16154},{"base_id":182,"kind":"bot_words","i1":3,"i2":6,"sol":{"path":["/c/en/ishtar","/c/en/war","/c/en/person","/c/en/cuban"],"weight":0.2093699999999996},"num_concepts_raised":18485},{"base_id":182,"kind":"bot_words","i1":3,"i2":7,"sol":{"path":["/c/en/ishtar","/c/en/war","/c/en/town","/c/en/raahe"],"weight":0.21330999999999972},"num_concepts_raised":7547},{"base_id":182,"kind":"bot_words","i1":3,"i2":8,"sol":{"path":["/c/en/ishtar","/c/en/love","/c/en/deep","/c/en/vertical"],"weight":0.21526999999999857},"num_concepts_raised":42816},{"base_id":182,"kind":"bot_words","i1":3,"i2":9,"sol":{"path":["/c/en/ishtar","/c/en/love","/c/en/god","/c/en/loki"],"weight":0.21417999999999973},"num_concepts_raised":11290},{"base_id":182,"kind":"bot_words","i1":4,"i2":5,"sol":{"path":["/c/en/dibs","/c/en/reserve","/c/en/back","/c/en/bellows"],"weight":0.2111599999999999},"num_concepts_raised":16549},{"base_id":182,"kind":"bot_words","i1":4,"i2":6,"sol":{"path":["/c/en/dibs","/c/en/right","/c/en/person","/c/en/cuban"],"weight":0.20417999999999975},"num_concepts_raised":18970},{"base_id":182,"kind":"bot_words","i1":4,"i2":7,"sol":{"path":["/c/en/dibs","/c/en/right","/c/en/borough","/c/en/town","/c/en/raahe"],"weight":0.20814999999999984},"num_concepts_raised":7984},{"base_id":182,"kind":"bot_words","i1":4,"i2":8,"sol":{"path":["/c/en/dibs","/c/en/right","/c/en/perpendicular","/c/en/vertical"],"weight":0.21315999999999868},"num_concepts_raised":42827},{"base_id":182,"kind":"bot_words","i1":4,"i2":9,"sol":{"path":["/c/en/dibs","/c/en/dib","/c/en/astronomy","/c/en/fenrir","/c/en/loki"],"weight":0.21097999999999986},"num_concepts_raised":11870},{"base_id":182,"kind":"bot_words","i1":5,"i2":6,"sol":{"path":["/c/en/bellows","/c/en/air","/c/en/person","/c/en/cuban"],"weight":0.21214999999999984},"num_concepts_raised":24838},{"base_id":182,"kind":"bot_words","i1":5,"i2":7,"sol":{"path":["/c/en/bellows","/c/en/enclosure","/c/en/town","/c/en/raahe"],"weight":0.2159899999999999},"num_concepts_raised":13944},{"base_id":182,"kind":"bot_words","i1":5,"i2":8,"sol":{"path":["/c/en/bellows","/c/en/air","/c/en/shaft","/c/en/vertical"],"weight":0.21815999999999874},"num_concepts_raised":48397},{"base_id":182,"kind":"bot_words","i1":5,"i2":9,"sol":{"path":["/c/en/bellows","/c/en/air","/c/en/fire","/c/en/loki"],"weight":0.21698999999999993},"num_concepts_raised":17756},{"base_id":182,"kind":"bot_words","i1":6,"i2":7,"sol":{"path":["/c/en/cuban","/c/en/cuba","/c/en/country","/c/en/town","/c/en/raahe"],"weight":0.2101899999999997},"num_concepts_raised":16339},{"base_id":182,"kind":"bot_words","i1":6,"i2":8,"sol":{"path":["/c/en/cuban","/c/en/person","/c/en/straight","/c/en/vertical"],"weight":0.2123499999999986},"num_concepts_raised":51162},{"base_id":182,"kind":"bot_words","i1":6,"i2":9,"sol":{"path":["/c/en/cuban","/c/en/person","/c/en/god","/c/en/loki"],"weight":0.20991999999999977},"num_concepts_raised":20126},{"base_id":182,"kind":"bot_words","i1":7,"i2":8,"sol":{"path":["/c/en/raahe","/c/en/town","/c/en/wall","/c/en/vertical"],"weight":0.21506999999999865},"num_concepts_raised":40649},{"base_id":182,"kind":"bot_words","i1":7,"i2":9,"sol":{"path":["/c/en/raahe","/c/en/town","/c/en/house","/c/en/fire","/c/en/loki"],"weight":0.21387999999999985},"num_concepts_raised":9192},{"base_id":182,"kind":"bot_words","i1":8,"i2":9,"sol":{"path":["/c/en/vertical","/c/en/low","/c/en/fire","/c/en/loki"],"weight":0.2158599999999987},"num_concepts_raised":44353}],[{"base_id":182,"kind":"top_words","i1":0,"i2":1,"sol":{"path":["/c/en/cathode","/c/en/cell","/c/en/biology","/c/en/segregation","/c/en/desegregation"],"weight":0.21433999999999975},"num_concepts_raised":33128},{"base_id":182,"kind":"top_words","i1":0,"i2":2,"sol":{"path":["/c/en/cathode","/c/en/diode"],"weight":0.20400000000000001},"num_concepts_raised":324},{"base_id":182,"kind":"top_words","i1":0,"i2":3,"sol":{"path":["/c/en/cathode","/c/en/electronics","/c/en/transistor"],"weight":0.20400000000000001},"num_concepts_raised":317},{"base_id":182,"kind":"top_words","i1":0,"i2":4,"sol":{"path":["/c/en/cathode","/c/en/semiconductor","/c/en/germanium"],"weight":0.20500000000000002},"num_concepts_raised":355},{"base_id":182,"kind":"top_words","i1":0,"i2":5,"sol":{"path":["/c/en/cathode","/c/en/metal","/c/en/intrauterine_device","/c/en/intrauterine"],"weight":0.20507999999999982},"num_concepts_raised":32977},{"base_id":182,"kind":"top_words","i1":0,"i2":6,"sol":{"path":["/c/en/cathode","/c/en/electronics","/c/en/time_constant","/c/en/asymptotic"],"weight":0.20553999999999983},"num_concepts_raised":42823},{"base_id":182,"kind":"top_words","i1":0,"i2":7,"sol":{"path":["/c/en/cathode","/c/en/metal","/c/en/sabic"],"weight":0.20400000000000001},"num_concepts_raised":171},{"base_id":182,"kind":"top_words","i1":0,"i2":8,"sol":{"path":["/c/en/cathode","/c/en/electricity","/c/en/live","/c/en/woodman"],"weight":0.2052899999999998},"num_concepts_raised":38657},{"base_id":182,"kind":"top_words","i1":0,"i2":9,"sol":{"path":["/c/en/cathode","/c/en/cell","/c/en/computing","/c/en/jit"],"weight":0.20626999999999976},"num_concepts_raised":63325},{"base_id":182,"kind":"top_words","i1":1,"i2":2,"sol":{"path":["/c/en/desegregation","/c/en/segregation","/c/en/segregator","/c/en/device","/c/en/diode"],"weight":0.22006999999999982},"num_concepts_raised":13750},{"base_id":182,"kind":"top_words","i1":1,"i2":3,"sol":{"path":["/c/en/desegregation","/c/en/integration","/c/en/function","/c/en/transistor"],"weight":0.21585999999999983},"num_concepts_raised":14164},{"base_id":182,"kind":"top_words","i1":1,"i2":4,"sol":{"path":["/c/en/desegregation","/c/en/segregation","/c/en/mineralogy","/c/en/renierite","/c/en/germanium"],"weight":0.22171000000000018},"num_concepts_raised":5172},{"base_id":182,"kind":"top_words","i1":1,"i2":5,"sol":{"path":["/c/en/desegregation","/c/en/freedom_ride","/c/en/historical","/c/en/deuel's_halo_sign","/c/en/intrauterine"],"weight":0.2078499999999999},"num_concepts_raised":1186},{"base_id":182,"kind":"top_words","i1":1,"i2":6,"sol":{"path":["/c/en/desegregation","/c/en/segregation","/c/en/mass","/c/en/value","/c/en/asymptotic"],"weight":0.21228999999999992},"num_concepts_raised":11411},{"base_id":182,"kind":"top_words","i1":1,"i2":7,"sol":{"path":["/c/en/desegregation","/c/en/segregation","/c/en/mass","/c/en/metal","/c/en/sabic"],"weight":0.21682999999999983},"num_concepts_raised":5477},{"base_id":182,"kind":"top_words","i1":1,"i2":8,"sol":{"path":["/c/en/desegregation","/c/en/segregation","/c/en/situation","/c/en/environment","/c/en/woodman"],"weight":0.21179999999999988},"num_concepts_raised":7125},{"base_id":182,"kind":"top_words","i1":1,"i2":9,"sol":{"path":["/c/en/desegregation","/c/en/freedom_ride","/c/en/us","/c/en/jit"],"weight":0.20786999999999983},"num_concepts_raised":32325},{"base_id":182,"kind":"top_words","i1":2,"i2":3,"sol":{"path":["/c/en/diode","/c/en/transistor"],"weight":0.20600000000000002},"num_concepts_raised":346},{"base_id":182,"kind":"top_words","i1":2,"i2":4,"sol":{"path":["/c/en/diode","/c/en/semiconductor","/c/en/germanium"],"weight":0.20700000000000002},"num_concepts_raised":390},{"base_id":182,"kind":"top_words","i1":2,"i2":5,"sol":{"path":["/c/en/diode","/c/en/flow","/c/en/uterus","/c/en/intrauterine"],"weight":0.21092999999999984},"num_concepts_raised":13602},{"base_id":182,"kind":"top_words","i1":2,"i2":6,"sol":{"path":["/c/en/diode","/c/en/conductor","/c/en/mathematics","/c/en/asymptotic"],"weight":0.21132999999999988},"num_concepts_raised":23560},{"base_id":182,"kind":"top_words","i1":2,"i2":7,"sol":{"path":["/c/en/diode","/c/en/anode","/c/en/metal","/c/en/sabic"],"weight":0.2158999999999998},"num_concepts_raised":17681},{"base_id":182,"kind":"top_words","i1":2,"i2":8,"sol":{"path":["/c/en/diode","/c/en/current","/c/en/live","/c/en/woodman"],"weight":0.21090999999999982},"num_concepts_raised":19364},{"base_id":182,"kind":"top_words","i1":2,"i2":9,"sol":{"path":["/c/en/diode","/c/en/ode","/c/en/computing","/c/en/jit"],"weight":0.21208999999999978},"num_concepts_raised":44030},{"base_id":182,"kind":"top_words","i1":3,"i2":4,"sol":{"path":["/c/en/transistor","/c/en/semiconductor","/c/en/germanium"],"weight":0.20700000000000002},"num_concepts_raised":379},{"base_id":182,"kind":"top_words","i1":3,"i2":5,"sol":{"path":["/c/en/transistor","/c/en/base","/c/xcl/ծին","/c/en/uterus","/c/en/intrauterine"],"weight":0.21290999999999985},"num_concepts_raised":14030},{"base_id":182,"kind":"top_words","i1":3,"i2":6,"sol":{"path":["/c/en/transistor","/c/en/base","/c/en/mathematics","/c/en/asymptotic"],"weight":0.21329999999999988},"num_concepts_raised":23690},{"base_id":182,"kind":"top_words","i1":3,"i2":7,"sol":{"path":["/c/en/transistor","/c/en/gate","/c/en/metal","/c/en/sabic"],"weight":0.21575999999999979},"num_concepts_raised":18090},{"base_id":182,"kind":"top_words","i1":3,"i2":8,"sol":{"path":["/c/en/transistor","/c/en/source","/c/en/wood","/c/en/woodman"],"weight":0.21085999999999983},"num_concepts_raised":19751},{"base_id":182,"kind":"top_words","i1":3,"i2":9,"sol":{"path":["/c/en/transistor","/c/en/fet","/c/en/slang","/c/en/jit"],"weight":0.21295999999999982},"num_concepts_raised":44170},{"base_id":182,"kind":"top_words","i1":4,"i2":5,"sol":{"path":["/c/en/germanium","/c/en/metalloid","/c/en/metal","/c/en/intrauterine_device","/c/en/intrauterine"],"weight":0.21457000000000023},"num_concepts_raised":5030},{"base_id":182,"kind":"top_words","i1":4,"i2":6,"sol":{"path":["/c/en/germanium","/c/en/atom","/c/en/mathematics","/c/en/asymptotic"],"weight":0.21294000000000027},"num_concepts_raised":15209},{"base_id":182,"kind":"top_words","i1":4,"i2":7,"sol":{"path":["/c/en/germanium","/c/en/metalloid","/c/en/metal","/c/en/sabic"],"weight":0.21952000000000016},"num_concepts_raised":9173},{"base_id":182,"kind":"top_words","i1":4,"i2":8,"sol":{"path":["/c/en/germanium","/c/en/metalloid","/c/en/element","/c/en/wood","/c/en/woodman"],"weight":0.2146700000000002},"num_concepts_raised":10937},{"base_id":182,"kind":"top_words","i1":4,"i2":9,"sol":{"path":["/c/en/germanium","/c/en/atom","/c/en/computing","/c/en/jit"],"weight":0.21360000000000018},"num_concepts_raised":36113},{"base_id":182,"kind":"top_words","i1":5,"i2":6,"sol":{"path":["/c/en/intrauterine","/c/en/uterus","/c/en/matrix","/c/en/mathematics","/c/en/asymptotic"],"weight":0.2032},"num_concepts_raised":11287},{"base_id":182,"kind":"top_words","i1":5,"i2":7,"sol":{"path":["/c/en/intrauterine","/c/en/intrauterine_device","/c/en/metal","/c/en/sabic"],"weight":0.20766999999999988},"num_concepts_raised":5335},{"base_id":182,"kind":"top_words","i1":5,"i2":8,"sol":{"path":["/c/en/intrauterine","/c/en/intrauterine_device","/c/en/metal","/c/en/wood","/c/en/woodman"],"weight":0.20274999999999993},"num_concepts_raised":6983},{"base_id":182,"kind":"top_words","i1":5,"i2":9,"sol":{"path":["/c/en/intrauterine","/c/en/uterus","/c/es/matriz","/c/en/computing","/c/en/jit"],"weight":0.20385999999999987},"num_concepts_raised":32202},{"base_id":182,"kind":"top_words","i1":6,"i2":7,"sol":{"path":["/c/en/asymptotic","/c/en/property","/c/en/company","/c/en/sabic"],"weight":0.20806999999999992},"num_concepts_raised":15455},{"base_id":182,"kind":"top_words","i1":6,"i2":8,"sol":{"path":["/c/en/asymptotic","/c/en/value","/c/en/environment","/c/en/woodman"],"weight":0.20303999999999994},"num_concepts_raised":17130},{"base_id":182,"kind":"top_words","i1":6,"i2":9,"sol":{"path":["/c/en/asymptotic","/c/en/property","/c/en/computing","/c/en/jit"],"weight":0.20418999999999993},"num_concepts_raised":41879},{"base_id":182,"kind":"top_words","i1":7,"i2":8,"sol":{"path":["/c/en/sabic","/c/en/metal","/c/en/wood","/c/en/woodman"],"weight":0.20770999999999984},"num_concepts_raised":11131},{"base_id":182,"kind":"top_words","i1":7,"i2":9,"sol":{"path":["/c/en/sabic","/c/en/company","/c/en/office","/c/en/computing","/c/en/jit"],"weight":0.20879999999999982},"num_concepts_raised":36192},{"base_id":182,"kind":"top_words","i1":8,"i2":9,"sol":{"path":["/c/en/woodman","/c/en/environment","/c/en/computing","/c/en/jit"],"weight":0.20372999999999986},"num_concepts_raised":37803}]]