[[{"base_id":30,"kind":"bot_words","i1":0,"i2":1,"sol":{"path":["/c/en/netta","/c/en/bird","/c/en/phoenix","/c/en/japan"],"weight":0.224569999999999},"num_concepts_raised":47543},{"base_id":30,"kind":"bot_words","i1":0,"i2":2,"sol":{"path":["/c/en/netta","/c/en/bird","/c/en/seed","/c/en/pericarp"],"weight":0.20899999999999985},"num_concepts_raised":27830},{"base_id":30,"kind":"bot_words","i1":0,"i2":3,"sol":{"path":["/c/en/netta","/c/en/bird","/c/en/mammal","/c/en/ringtail"],"weight":0.20796999999999985},"num_concepts_raised":13958},{"base_id":30,"kind":"bot_words","i1":0,"i2":4,"sol":{"path":["/c/en/netta","/c/en/bird","/c/en/branch","/c/en/different","/c/en/diametrical"],"weight":0.20915999999999985},"num_concepts_raised":7429},{"base_id":30,"kind":"bot_words","i1":0,"i2":5,"sol":{"path":["/c/en/netta","/c/en/duck","/c/en/quack","/c/en/mountebank","/c/en/phrenologist"],"weight":0.20801999999999987},"num_concepts_raised":5668},{"base_id":30,"kind":"bot_words","i1":0,"i2":6,"sol":{"path":["/c/en/netta","/c/en/bird","/c/en/bald_eagle","/c/en/maine","/c/en/randolph"],"weight":0.21324999999999983},"num_concepts_raised":12048},{"base_id":30,"kind":"bot_words","i1":0,"i2":7,"sol":{"path":["/c/en/netta","/c/en/bird","/c/en/kinnara","/c/en/buddhism","/c/en/paramita"],"weight":0.2079799999999999},"num_concepts_raised":6319},{"base_id":30,"kind":"bot_words","i1":0,"i2":8,"sol":{"path":["/c/en/netta","/c/en/bird","/c/en/slang","/c/en/unwind","/c/en/unroll"],"weight":0.20865999999999968},"num_concepts_raised":19475},{"base_id":30,"kind":"bot_words","i1":0,"i2":9,"sol":{"path":["/c/en/netta","/c/en/bird","/c/en/man","/c/en/workman","/c/en/workmanlike"],"weight":0.20788999999999985},"num_concepts_raised":7216},{"base_id":30,"kind":"bot_words","i1":1,"i2":2,"sol":{"path":["/c/en/japan","/c/en/china","/c/en/botany","/c/en/pericarp"],"weight":0.22124999999999906},"num_concepts_raised":64719},{"base_id":30,"kind":"bot_words","i1":1,"i2":3,"sol":{"path":["/c/en/japan","/c/en/country","/c/en/united_states","/c/en/ringtail"],"weight":0.221759999999999},"num_concepts_raised":51093},{"base_id":30,"kind":"bot_words","i1":1,"i2":4,"sol":{"path":["/c/en/japan","/c/en/island","/c/en/different","/c/en/diametrical"],"weight":0.22079999999999905},"num_concepts_raised":44865},{"base_id":30,"kind":"bot_words","i1":1,"i2":5,"sol":{"path":["/c/en/japan","/c/en/rice","/c/en/medicine","/c/en/phrenology","/c/en/phrenologist"],"weight":0.22176999999999905},"num_concepts_raised":43181},{"base_id":30,"kind":"bot_words","i1":1,"i2":6,"sol":{"path":["/c/en/japan","/c/en/china","/c/en/maine","/c/en/randolph"],"weight":0.22514999999999905},"num_concepts_raised":49311},{"base_id":30,"kind":"bot_words","i1":1,"i2":7,"sol":{"path":["/c/en/japan","/c/en/shingon","/c/en/buddhism","/c/en/paramita"],"weight":0.22145999999999905},"num_concepts_raised":43791},{"base_id":30,"kind":"bot_words","i1":1,"i2":8,"sol":{"path":["/c/en/japan","/c/en/wind","/c/en/unwind","/c/en/unroll"],"weight":0.22017999999999885},"num_concepts_raised":56365},{"base_id":30,"kind":"bot_words","i1":1,"i2":9,"sol":{"path":["/c/en/japan","/c/ja/日本","/c/ja/技術","/c/en/skill","/c/en/workmanlike"],"weight":0.22581999999999902},"num_concepts_raised":44678},{"base_id":30,"kind":"bot_words","i1":2,"i2":3,"sol":{"path":["/c/en/pericarp","/c/en/botany","/c/en/carnivorous","/c/en/ringtail"],"weight":0.20402999999999988},"num_concepts_raised":31583},{"base_id":30,"kind":"bot_words","i1":2,"i2":4,"sol":{"path":["/c/en/pericarp","/c/en/botany","/c/en/opposite","/c/en/diametrical"],"weight":0.2044999999999999},"num_concepts_raised":25128},{"base_id":30,"kind":"bot_words","i1":2,"i2":5,"sol":{"path":["/c/en/pericarp","/c/en/botany","/c/en/adherent","/c/en/phrenologist"],"weight":0.2042299999999999},"num_concepts_raised":23407},{"base_id":30,"kind":"bot_words","i1":2,"i2":6,"sol":{"path":["/c/en/pericarp","/c/en/stone","/c/en/wisconsin","/c/en/randolph"],"weight":0.20900999999999986},"num_concepts_raised":29730},{"base_id":30,"kind":"bot_words","i1":2,"i2":7,"sol":{"path":["/c/en/pericarp","/c/en/fruit","/c/en/breadfruit","/c/zh/波羅蜜","/c/en/paramita"],"weight":0.2048299999999999},"num_concepts_raised":24062},{"base_id":30,"kind":"bot_words","i1":2,"i2":8,"sol":{"path":["/c/en/pericarp","/c/en/string","/c/en/loop","/c/en/unroll"],"weight":0.2042099999999997},"num_concepts_raised":36911},{"base_id":30,"kind":"bot_words","i1":2,"i2":9,"sol":{"path":["/c/en/pericarp","/c/en/botany","/c/en/style","/c/en/flair","/c/en/workmanlike"],"weight":0.20402999999999988},"num_concepts_raised":24949},{"base_id":30,"kind":"bot_words","i1":3,"i2":4,"sol":{"path":["/c/en/ringtail","/c/en/united_states","/c/en/opposition","/c/en/antipodal","/c/en/diametrical"],"weight":0.2040299999999999},"num_concepts_raised":11259},{"base_id":30,"kind":"bot_words","i1":3,"i2":5,"sol":{"path":["/c/en/ringtail","/c/en/mammal","/c/en/person","/c/en/adherent","/c/en/phrenologist"],"weight":0.2028999999999999},"num_concepts_raised":9519},{"base_id":30,"kind":"bot_words","i1":3,"i2":6,"sol":{"path":["/c/en/ringtail","/c/en/united_states","/c/en/maine","/c/en/randolph"],"weight":0.20823999999999987},"num_concepts_raised":15653},{"base_id":30,"kind":"bot_words","i1":3,"i2":7,"sol":{"path":["/c/en/ringtail","/c/en/mammal","/c/en/lama","/c/en/buddhism","/c/en/paramita"],"weight":0.20279999999999992},"num_concepts_raised":10177},{"base_id":30,"kind":"bot_words","i1":3,"i2":8,"sol":{"path":["/c/en/ringtail","/c/en/nautical","/c/en/roll","/c/en/unroll"],"weight":0.20330999999999969},"num_concepts_raised":23223},{"base_id":30,"kind":"bot_words","i1":3,"i2":9,"sol":{"path":["/c/en/ringtail","/c/en/united_states","/c/en/competence","/c/en/competent","/c/en/workmanlike"],"weight":0.20366999999999988},"num_concepts_raised":11062},{"base_id":30,"kind":"bot_words","i1":4,"i2":5,"sol":{"path":["/c/en/diametrical","/c/en/antipodal","/c/en/biology","/c/en/phrenology","/c/en/phrenologist"],"weight":0.20623999999999992},"num_concepts_raised":2909},{"base_id":30,"kind":"bot_words","i1":4,"i2":6,"sol":{"path":["/c/en/diametrical","/c/en/diagonal","/c/en/iowa","/c/en/randolph"],"weight":0.2082199999999999},"num_concepts_raised":9300},{"base_id":30,"kind":"bot_words","i1":4,"i2":7,"sol":{"path":["/c/en/diametrical","/c/en/opposite","/c/zh/彼岸","/c/en/paramita"],"weight":0.20314999999999991},"num_concepts_raised":3564},{"base_id":30,"kind":"bot_words","i1":4,"i2":8,"sol":{"path":["/c/en/diametrical","/c/en/different","/c/fr/différent","/c/fr/dérouler","/c/en/unroll"],"weight":0.2056399999999997},"num_concepts_raised":16726},{"base_id":30,"kind":"bot_words","i1":4,"i2":9,"sol":{"path":["/c/en/diametrical","/c/en/different","/c/en/difference","/c/en/skill","/c/en/workmanlike"],"weight":0.20391999999999988},"num_concepts_raised":4461},{"base_id":30,"kind":"bot_words","i1":5,"i2":6,"sol":{"path":["/c/en/phrenologist","/c/en/practitioner","/c/en/proctor","/c/en/minnesota","/c/en/randolph"],"weight":0.2081599999999999},"num_concepts_raised":7542},{"base_id":30,"kind":"bot_words","i1":5,"i2":7,"sol":{"path":["/c/en/phrenologist","/c/en/practitioner","/c/en/buddhist","/c/en/buddhism","/c/en/paramita"],"weight":0.2029499999999999},"num_concepts_raised":1796},{"base_id":30,"kind":"bot_words","i1":5,"i2":8,"sol":{"path":["/c/en/phrenologist","/c/fr/phrénologiste","/c/fr/occuper","/c/fr/faire","/c/en/unroll"],"weight":0.2055199999999997},"num_concepts_raised":15002},{"base_id":30,"kind":"bot_words","i1":5,"i2":9,"sol":{"path":["/c/en/phrenologist","/c/en/phrenology","/c/en/science","/c/en/skill","/c/en/workmanlike"],"weight":0.2049299999999999},"num_concepts_raised":2692},{"base_id":30,"kind":"bot_words","i1":6,"i2":7,"sol":{"path":["/c/en/randolph","/c/en/given_name","/c/en/nat","/c/en/buddhism","/c/en/paramita"],"weight":0.2080399999999999},"num_concepts_raised":8198},{"base_id":30,"kind":"bot_words","i1":6,"i2":8,"sol":{"path":["/c/en/randolph","/c/en/maine","/c/en/place","/c/fr/dérouler","/c/en/unroll"],"weight":0.20965999999999968},"num_concepts_raised":21371},{"base_id":30,"kind":"bot_words","i1":6,"i2":9,"sol":{"path":["/c/en/randolph","/c/en/randy","/c/en/scotland","/c/en/skill","/c/en/workmanlike"],"weight":0.20992999999999984},"num_concepts_raised":9093},{"base_id":30,"kind":"bot_words","i1":7,"i2":8,"sol":{"path":["/c/en/paramita","/c/en/buddhism","/c/en/sit","/c/en/roll","/c/en/unroll"],"weight":0.20337999999999973},"num_concepts_raised":15656},{"base_id":30,"kind":"bot_words","i1":7,"i2":9,"sol":{"path":["/c/en/paramita","/c/sa/पारमिता","/c/ja/旦那","/c/en/artisan","/c/en/workmanlike"],"weight":0.20368999999999987},"num_concepts_raised":3354},{"base_id":30,"kind":"bot_words","i1":8,"i2":9,"sol":{"path":["/c/en/unroll","/c/fr/faire","/c/fr/professionnel","/c/en/workmanlike"],"weight":0.20315999999999967},"num_concepts_raised":16512}],[{"base_id":30,"kind":"top_words","i1":0,"i2":1,"sol":{"path":["/c/en/organs","/c/en/body","/c/en/flesh"],"weight":0.20600000000000002},"num_concepts_raised":595},{"base_id":30,"kind":"top_words","i1":0,"i2":2,"sol":{"path":["/c/en/organs","/c/en/body","/c/en/needle","/c/en/needles"],"weight":0.2051699999999998},"num_concepts_raised":35568},{"base_id":30,"kind":"top_words","i1":0,"i2":3,"sol":{"path":["/c/en/organs","/c/en/body","/c/en/biopsy"],"weight":0.202},"num_concepts_raised":120},{"base_id":30,"kind":"top_words","i1":0,"i2":4,"sol":{"path":["/c/en/organs","/c/en/organ","/c/en/bone","/c/en/marrow"],"weight":0.21495999999999962},"num_concepts_raised":47689},{"base_id":30,"kind":"top_words","i1":0,"i2":5,"sol":{"path":["/c/en/organs","/c/en/eye","/c/en/iron","/c/en/ferruginous"],"weight":0.2030399999999998},"num_concepts_raised":30929},{"base_id":30,"kind":"top_words","i1":0,"i2":6,"sol":{"path":["/c/en/organs","/c/en/digestive_system","/c/en/salivary_gland","/c/en/saliva"],"weight":0.21715000000000007},"num_concepts_raised":45887},{"base_id":30,"kind":"top_words","i1":0,"i2":7,"sol":{"path":["/c/en/organs","/c/en/organ","/c/en/tissue"],"weight":0.20400000000000001},"num_concepts_raised":987},{"base_id":30,"kind":"top_words","i1":0,"i2":8,"sol":{"path":["/c/en/organs","/c/en/donor"],"weight":0.202},"num_concepts_raised":222},{"base_id":30,"kind":"top_words","i1":0,"i2":9,"sol":{"path":["/c/en/organs","/c/en/body","/c/en/carrion"],"weight":0.202},"num_concepts_raised":175},{"base_id":30,"kind":"top_words","i1":1,"i2":2,"sol":{"path":["/c/en/flesh","/c/en/stitch","/c/en/needles"],"weight":0.20400000000000001},"num_concepts_raised":585},{"base_id":30,"kind":"top_words","i1":1,"i2":3,"sol":{"path":["/c/en/flesh","/c/en/body","/c/en/biopsy"],"weight":0.20600000000000002},"num_concepts_raised":637},{"base_id":30,"kind":"top_words","i1":1,"i2":4,"sol":{"path":["/c/en/flesh","/c/en/bone","/c/en/marrow"],"weight":0.20800000000000002},"num_concepts_raised":767},{"base_id":30,"kind":"top_words","i1":1,"i2":5,"sol":{"path":["/c/en/flesh","/c/en/red","/c/en/rust","/c/en/ferruginous"],"weight":0.2162999999999985},"num_concepts_raised":64116},{"base_id":30,"kind":"top_words","i1":1,"i2":6,"sol":{"path":["/c/en/flesh","/c/en/meat","/c/en/protein","/c/en/saliva"],"weight":0.23510999999999863},"num_concepts_raised":78379},{"base_id":30,"kind":"top_words","i1":1,"i2":7,"sol":{"path":["/c/en/flesh","/c/en/tissue"],"weight":0.20400000000000001},"num_concepts_raised":1499},{"base_id":30,"kind":"top_words","i1":1,"i2":8,"sol":{"path":["/c/en/flesh","/c/en/body","/c/en/person","/c/en/donor"],"weight":0.22334999999999816},"num_concepts_raised":102195},{"base_id":30,"kind":"top_words","i1":1,"i2":9,"sol":{"path":["/c/en/flesh","/c/en/carrion"],"weight":0.20600000000000002},"num_concepts_raised":684},{"base_id":30,"kind":"top_words","i1":2,"i2":3,"sol":{"path":["/c/en/needles","/c/en/needle","/c/en/body","/c/en/biopsy"],"weight":0.2060099999999998},"num_concepts_raised":16534},{"base_id":30,"kind":"top_words","i1":2,"i2":4,"sol":{"path":["/c/en/needles","/c/en/needle","/c/en/friend","/c/en/marrow"],"weight":0.21345999999999965},"num_concepts_raised":28959},{"base_id":30,"kind":"top_words","i1":2,"i2":5,"sol":{"path":["/c/en/needles","/c/en/needle","/c/en/steel","/c/en/rust","/c/en/ferruginous"],"weight":0.20607999999999982},"num_concepts_raised":11267},{"base_id":30,"kind":"top_words","i1":2,"i2":6,"sol":{"path":["/c/en/needles","/c/en/nest","/c/en/spit","/c/en/saliva"],"weight":0.22019000000000005},"num_concepts_raised":26736},{"base_id":30,"kind":"top_words","i1":2,"i2":7,"sol":{"path":["/c/en/needles","/c/en/sewing","/c/en/fabric","/c/en/tissue"],"weight":0.21381999999999662},"num_concepts_raised":61308},{"base_id":30,"kind":"top_words","i1":2,"i2":8,"sol":{"path":["/c/en/needles","/c/en/doctor","/c/en/giver","/c/en/donor"],"weight":0.20905999999999952},"num_concepts_raised":51762},{"base_id":30,"kind":"top_words","i1":2,"i2":9,"sol":{"path":["/c/en/needles","/c/en/needle","/c/en/body","/c/en/carrion"],"weight":0.20720999999999987},"num_concepts_raised":18974},{"base_id":30,"kind":"top_words","i1":3,"i2":4,"sol":{"path":["/c/en/biopsy","/c/en/cell","/c/en/bone_marrow","/c/en/marrow"],"weight":0.21827999999999964},"num_concepts_raised":29047},{"base_id":30,"kind":"top_words","i1":3,"i2":5,"sol":{"path":["/c/en/biopsy","/c/en/cell","/c/en/red","/c/en/rust","/c/en/ferruginous"],"weight":0.20511999999999986},"num_concepts_raised":11686},{"base_id":30,"kind":"top_words","i1":3,"i2":6,"sol":{"path":["/c/en/biopsy","/c/en/bodily_fluid","/c/en/saliva"],"weight":0.20400000000000001},"num_concepts_raised":425},{"base_id":30,"kind":"top_words","i1":3,"i2":7,"sol":{"path":["/c/en/biopsy","/c/en/tissue"],"weight":0.202},"num_concepts_raised":1031},{"base_id":30,"kind":"top_words","i1":3,"i2":8,"sol":{"path":["/c/en/biopsy","/c/pt/biopsia","/c/en/medicine","/c/en/donor"],"weight":0.2086799999999996},"num_concepts_raised":51712},{"base_id":30,"kind":"top_words","i1":3,"i2":9,"sol":{"path":["/c/en/biopsy","/c/en/body","/c/en/carrion"],"weight":0.202},"num_concepts_raised":218},{"base_id":30,"kind":"top_words","i1":4,"i2":5,"sol":{"path":["/c/en/marrow","/c/en/blood","/c/en/iron","/c/en/ferruginous"],"weight":0.21154999999999968},"num_concepts_raised":24074},{"base_id":30,"kind":"top_words","i1":4,"i2":6,"sol":{"path":["/c/en/marrow","/c/en/bone","/c/en/mouth","/c/en/saliva"],"weight":0.22624999999999992},"num_concepts_raised":39232},{"base_id":30,"kind":"top_words","i1":4,"i2":7,"sol":{"path":["/c/en/marrow","/c/en/bone_marrow","/c/en/tissue"],"weight":0.20600000000000002},"num_concepts_raised":1161},{"base_id":30,"kind":"top_words","i1":4,"i2":8,"sol":{"path":["/c/en/marrow","/c/en/blood","/c/en/donor"],"weight":0.20400000000000001},"num_concepts_raised":399},{"base_id":30,"kind":"top_words","i1":4,"i2":9,"sol":{"path":["/c/en/marrow","/c/en/bone","/c/en/flesh","/c/en/carrion"],"weight":0.2169499999999997},"num_concepts_raised":31533},{"base_id":30,"kind":"top_words","i1":5,"i2":6,"sol":{"path":["/c/en/ferruginous","/c/la/ferrugineus","/c/en/taste","/c/en/saliva"],"weight":0.2160800000000001},"num_concepts_raised":21850},{"base_id":30,"kind":"top_words","i1":5,"i2":7,"sol":{"path":["/c/en/ferruginous","/c/en/iron","/c/en/blood","/c/en/tissue"],"weight":0.21361999999999665},"num_concepts_raised":56833},{"base_id":30,"kind":"top_words","i1":5,"i2":8,"sol":{"path":["/c/en/ferruginous","/c/en/iron","/c/en/blood","/c/en/donor"],"weight":0.20550999999999958},"num_concepts_raised":47168},{"base_id":30,"kind":"top_words","i1":5,"i2":9,"sol":{"path":["/c/en/ferruginous","/c/en/iron","/c/en/slang","/c/fr/charogne","/c/en/carrion"],"weight":0.2085399999999999},"num_concepts_raised":14121},{"base_id":30,"kind":"top_words","i1":6,"i2":7,"sol":{"path":["/c/en/saliva","/c/en/spit","/c/en/sneeze","/c/en/tissue"],"weight":0.23063999999999688},"num_concepts_raised":70794},{"base_id":30,"kind":"top_words","i1":6,"i2":8,"sol":{"path":["/c/en/saliva","/c/en/mouth","/c/en/person","/c/en/donor"],"weight":0.21801999999999983},"num_concepts_raised":61927},{"base_id":30,"kind":"top_words","i1":6,"i2":9,"sol":{"path":["/c/en/saliva","/c/en/mouth","/c/en/body","/c/en/carrion"],"weight":0.21776000000000012},"num_concepts_raised":29447},{"base_id":30,"kind":"top_words","i1":7,"i2":8,"sol":{"path":["/c/en/tissue","/c/en/organ","/c/en/donor"],"weight":0.203},"num_concepts_raised":1137},{"base_id":30,"kind":"top_words","i1":7,"i2":9,"sol":{"path":["/c/en/tissue","/c/en/flesh","/c/en/carrion"],"weight":0.203},"num_concepts_raised":1088},{"base_id":30,"kind":"top_words","i1":8,"i2":9,"sol":{"path":["/c/en/donor","/c/en/person","/c/en/body","/c/en/carrion"],"weight":0.20781999999999962},"num_concepts_raised":54370}]]