[[{"base_id":960,"kind":"bot_words","i1":0,"i2":1,"sol":{"path":["/c/en/hematocrit","/c/en/medicine","/c/it/dosare","/c/en/resources"],"weight":0.2038199999999996},"num_concepts_raised":18028},{"base_id":960,"kind":"bot_words","i1":0,"i2":2,"sol":{"path":["/c/en/hematocrit","/c/en/blood","/c/en/bone","/c/en/periosteum"],"weight":0.20977000000000012},"num_concepts_raised":19086},{"base_id":960,"kind":"bot_words","i1":0,"i2":3,"sol":{"path":["/c/en/hematocrit","/c/en/plasma","/c/en/glycerin","/c/en/glycerol"],"weight":0.2121999999999996},"num_concepts_raised":40191},{"base_id":960,"kind":"bot_words","i1":0,"i2":4,"sol":{"path":["/c/en/hematocrit","/c/en/medicine","/c/en/take","/c/en/enjoy"],"weight":0.2113899999999989},"num_concepts_raised":78879},{"base_id":960,"kind":"bot_words","i1":0,"i2":5,"sol":{"path":["/c/en/hematocrit","/c/en/packed","/c/en/stuffed","/c/en/baozi"],"weight":0.20333999999999997},"num_concepts_raised":16568},{"base_id":960,"kind":"bot_words","i1":0,"i2":6,"sol":{"path":["/c/en/hematocrit","/c/en/haematocrit","/c/en/physiology","/c/en/smell","/c/en/reek"],"weight":0.20840999999999976},"num_concepts_raised":27387},{"base_id":960,"kind":"bot_words","i1":0,"i2":7,"sol":{"path":["/c/en/hematocrit","/c/en/analyze","/c/en/analytic","/c/en/deductive"],"weight":0.20457999999999996},"num_concepts_raised":17794},{"base_id":960,"kind":"bot_words","i1":0,"i2":8,"sol":{"path":["/c/en/hematocrit","/c/en/medicine","/c/en/intention","/c/en/stalker"],"weight":0.2035199999999998},"num_concepts_raised":22677},{"base_id":960,"kind":"bot_words","i1":0,"i2":9,"sol":{"path":["/c/en/hematocrit","/c/en/packed","/c/fil/saginsin","/c/en/closely"],"weight":0.20543999999999957},"num_concepts_raised":29327},{"base_id":960,"kind":"bot_words","i1":1,"i2":2,"sol":{"path":["/c/en/resources","/c/vi/cùng","/c/en/end","/c/en/endosteum","/c/en/periosteum"],"weight":0.21196999999999977},"num_concepts_raised":7270},{"base_id":960,"kind":"bot_words","i1":1,"i2":3,"sol":{"path":["/c/en/resources","/c/en/resource","/c/en/oil","/c/en/glycerol"],"weight":0.21165999999999924},"num_concepts_raised":28551},{"base_id":960,"kind":"bot_words","i1":1,"i2":4,"sol":{"path":["/c/en/resources","/c/en/resource","/c/en/use","/c/en/enjoy"],"weight":0.21305999999999853},"num_concepts_raised":67009},{"base_id":960,"kind":"bot_words","i1":1,"i2":5,"sol":{"path":["/c/en/resources","/c/zh/資料","/c/zh/个","/c/zh/包子","/c/en/baozi"],"weight":0.20596999999999963},"num_concepts_raised":4578},{"base_id":960,"kind":"bot_words","i1":1,"i2":6,"sol":{"path":["/c/en/resources","/c/ja/力","/c/en/strong","/c/en/reek"],"weight":0.20607999999999943},"num_concepts_raised":15454},{"base_id":960,"kind":"bot_words","i1":1,"i2":7,"sol":{"path":["/c/en/resources","/c/en/resource","/c/en/source","/c/en/principle","/c/en/deductive"],"weight":0.20521999999999962},"num_concepts_raised":5817},{"base_id":960,"kind":"bot_words","i1":1,"i2":8,"sol":{"path":["/c/en/resources","/c/vi/cùng","/c/en/follow","/c/en/stalker"],"weight":0.20388999999999946},"num_concepts_raised":10674},{"base_id":960,"kind":"bot_words","i1":1,"i2":9,"sol":{"path":["/c/en/resources","/c/en/on_shoestring","/c/en/tight","/c/en/closely"],"weight":0.2061599999999992},"num_concepts_raised":17360},{"base_id":960,"kind":"bot_words","i1":2,"i2":3,"sol":{"path":["/c/en/periosteum","/c/en/bone","/c/en/animal","/c/en/glycerol"],"weight":0.21639999999999976},"num_concepts_raised":29654},{"base_id":960,"kind":"bot_words","i1":2,"i2":4,"sol":{"path":["/c/en/periosteum","/c/en/bone","/c/en/like","/c/en/enjoy"],"weight":0.22020999999999902},"num_concepts_raised":68329},{"base_id":960,"kind":"bot_words","i1":2,"i2":5,"sol":{"path":["/c/en/periosteum","/c/en/bone","/c/en/slang","/c/en/bun","/c/en/baozi"],"weight":0.20984000000000014},"num_concepts_raised":5763},{"base_id":960,"kind":"bot_words","i1":2,"i2":6,"sol":{"path":["/c/en/periosteum","/c/en/bone","/c/en/strong","/c/en/reek"],"weight":0.21198999999999993},"num_concepts_raised":16640},{"base_id":960,"kind":"bot_words","i1":2,"i2":7,"sol":{"path":["/c/en/periosteum","/c/en/mucoperiosteum","/c/en/structure","/c/en/logic","/c/en/deductive"],"weight":0.2129100000000001},"num_concepts_raised":7033},{"base_id":960,"kind":"bot_words","i1":2,"i2":8,"sol":{"path":["/c/en/periosteum","/c/en/endosteum","/c/en/end","/c/en/net","/c/en/stalker"],"weight":0.21170999999999995},"num_concepts_raised":11885},{"base_id":960,"kind":"bot_words","i1":2,"i2":9,"sol":{"path":["/c/en/periosteum","/c/en/bone","/c/en/home","/c/en/closely"],"weight":0.2117999999999997},"num_concepts_raised":18601},{"base_id":960,"kind":"bot_words","i1":3,"i2":4,"sol":{"path":["/c/en/glycerol","/c/en/liquid","/c/en/like","/c/en/enjoy"],"weight":0.22063999999999853},"num_concepts_raised":88507},{"base_id":960,"kind":"bot_words","i1":3,"i2":5,"sol":{"path":["/c/en/glycerol","/c/en/food","/c/en/xiaolongbao","/c/en/baozi"],"weight":0.21005999999999964},"num_concepts_raised":27068},{"base_id":960,"kind":"bot_words","i1":3,"i2":6,"sol":{"path":["/c/en/glycerol","/c/en/soap","/c/en/smell","/c/en/reek"],"weight":0.21408999999999942},"num_concepts_raised":37678},{"base_id":960,"kind":"bot_words","i1":3,"i2":7,"sol":{"path":["/c/en/glycerol","/c/en/glyceride","/c/en/butyric_acid","/c/en/principle","/c/en/deductive"],"weight":0.2124399999999996},"num_concepts_raised":28371},{"base_id":960,"kind":"bot_words","i1":3,"i2":8,"sol":{"path":["/c/en/glycerol","/c/en/animal","/c/en/hunter","/c/en/stalker"],"weight":0.21024999999999944},"num_concepts_raised":33117},{"base_id":960,"kind":"bot_words","i1":3,"i2":9,"sol":{"path":["/c/en/glycerol","/c/en/food","/c/en/crop","/c/en/closely"],"weight":0.2122099999999992},"num_concepts_raised":39738},{"base_id":960,"kind":"bot_words","i1":4,"i2":5,"sol":{"path":["/c/en/enjoy","/c/en/person","/c/en/chinese","/c/en/baozi"],"weight":0.21123999999999893},"num_concepts_raised":65811},{"base_id":960,"kind":"bot_words","i1":4,"i2":6,"sol":{"path":["/c/en/enjoy","/c/en/like","/c/en/smoke","/c/en/reek"],"weight":0.2177099999999987},"num_concepts_raised":75855},{"base_id":960,"kind":"bot_words","i1":4,"i2":7,"sol":{"path":["/c/en/enjoy","/c/en/derive","/c/en/logic","/c/en/deductive"],"weight":0.21234999999999887},"num_concepts_raised":66935},{"base_id":960,"kind":"bot_words","i1":4,"i2":8,"sol":{"path":["/c/en/enjoy","/c/en/like","/c/en/game","/c/en/stalker"],"weight":0.21424999999999872},"num_concepts_raised":71121},{"base_id":960,"kind":"bot_words","i1":4,"i2":9,"sol":{"path":["/c/en/enjoy","/c/en/like","/c/en/close","/c/en/closely"],"weight":0.2186899999999985},"num_concepts_raised":77352},{"base_id":960,"kind":"bot_words","i1":5,"i2":6,"sol":{"path":["/c/en/baozi","/c/en/steamed","/c/en/steam","/c/en/reek"],"weight":0.20596999999999982},"num_concepts_raised":13976},{"base_id":960,"kind":"bot_words","i1":5,"i2":7,"sol":{"path":["/c/en/baozi","/c/zh/包","/c/en/make","/c/en/logic","/c/en/deductive"],"weight":0.20471999999999999},"num_concepts_raised":4327},{"base_id":960,"kind":"bot_words","i1":5,"i2":8,"sol":{"path":["/c/en/baozi","/c/en/bun","/c/en/internet","/c/en/stalk","/c/en/stalker"],"weight":0.20468999999999982},"num_concepts_raised":9207},{"base_id":960,"kind":"bot_words","i1":5,"i2":9,"sol":{"path":["/c/en/baozi","/c/en/stuffed","/c/en/chockablock","/c/en/closely"],"weight":0.20543999999999957},"num_concepts_raised":15972},{"base_id":960,"kind":"bot_words","i1":6,"i2":7,"sol":{"path":["/c/en/reek","/c/en/strong","/c/en/logic","/c/en/deductive"],"weight":0.20703999999999978},"num_concepts_raised":15255},{"base_id":960,"kind":"bot_words","i1":6,"i2":8,"sol":{"path":["/c/en/reek","/c/en/smack","/c/en/fishing","/c/en/stalker"],"weight":0.20585999999999963},"num_concepts_raised":20030},{"base_id":960,"kind":"bot_words","i1":6,"i2":9,"sol":{"path":["/c/en/reek","/c/de/rauch","/c/de/dicht","/c/en/closely"],"weight":0.2100399999999994},"num_concepts_raised":26638},{"base_id":960,"kind":"bot_words","i1":7,"i2":8,"sol":{"path":["/c/en/deductive","/c/en/deduction","/c/en/net","/c/en/stalker"],"weight":0.2047899999999998},"num_concepts_raised":10451},{"base_id":960,"kind":"bot_words","i1":7,"i2":9,"sol":{"path":["/c/en/deductive","/c/en/logic","/c/en/conclusion","/c/en/close","/c/en/closely"],"weight":0.20952999999999955},"num_concepts_raised":17195},{"base_id":960,"kind":"bot_words","i1":8,"i2":9,"sol":{"path":["/c/en/stalker","/c/en/stalk","/c/en/crop","/c/en/closely"],"weight":0.20661999999999942},"num_concepts_raised":21808}],[{"base_id":960,"kind":"top_words","i1":0,"i2":1,"sol":{"path":["/c/en/wooden","/c/en/pier","/c/en/pedestal"],"weight":0.202},"num_concepts_raised":738},{"base_id":960,"kind":"top_words","i1":0,"i2":2,"sol":{"path":["/c/en/wooden","/c/en/board","/c/en/cover","/c/en/canopy"],"weight":0.21298999999999774},"num_concepts_raised":58258},{"base_id":960,"kind":"top_words","i1":0,"i2":3,"sol":{"path":["/c/en/wooden","/c/en/beam","/c/en/ceiling"],"weight":0.20400000000000001},"num_concepts_raised":883},{"base_id":960,"kind":"top_words","i1":0,"i2":4,"sol":{"path":["/c/en/wooden","/c/en/pier","/c/en/arch","/c/en/arched"],"weight":0.21039999999999817},"num_concepts_raised":48858},{"base_id":960,"kind":"top_words","i1":0,"i2":5,"sol":{"path":["/c/en/wooden","/c/en/gate","/c/en/architecture","/c/en/cornice"],"weight":0.21841999999999817},"num_concepts_raised":50221},{"base_id":960,"kind":"top_words","i1":0,"i2":6,"sol":{"path":["/c/en/wooden","/c/en/wood","/c/en/carved"],"weight":0.203},"num_concepts_raised":624},{"base_id":960,"kind":"top_words","i1":0,"i2":7,"sol":{"path":["/c/en/wooden","/c/en/wood","/c/en/stair","/c/en/staircase"],"weight":0.21570999999999824},"num_concepts_raised":62994},{"base_id":960,"kind":"top_words","i1":0,"i2":8,"sol":{"path":["/c/en/wooden","/c/en/bed","/c/en/rectangular"],"weight":0.202},"num_concepts_raised":711},{"base_id":960,"kind":"top_words","i1":0,"i2":9,"sol":{"path":["/c/en/wooden","/c/fr/bois","/c/fr/rampe","/c/en/balustrade"],"weight":0.21054999999999832},"num_concepts_raised":49595},{"base_id":960,"kind":"top_words","i1":1,"i2":2,"sol":{"path":["/c/en/pedestal","/c/fr/piédestal","/c/fr/architecture","/c/en/canopy"],"weight":0.21032999999999896},"num_concepts_raised":33954},{"base_id":960,"kind":"top_words","i1":1,"i2":3,"sol":{"path":["/c/en/pedestal","/c/en/base","/c/en/floor","/c/en/ceiling"],"weight":0.22360999999999948},"num_concepts_raised":57877},{"base_id":960,"kind":"top_words","i1":1,"i2":4,"sol":{"path":["/c/en/pedestal","/c/fr/piédestal","/c/fr/architecture","/c/en/arched"],"weight":0.20817999999999942},"num_concepts_raised":23769},{"base_id":960,"kind":"top_words","i1":1,"i2":5,"sol":{"path":["/c/en/pedestal","/c/en/architecture","/c/en/cornice"],"weight":0.20500000000000002},"num_concepts_raised":330},{"base_id":960,"kind":"top_words","i1":1,"i2":6,"sol":{"path":["/c/en/pedestal","/c/en/statue","/c/en/carved"],"weight":0.202},"num_concepts_raised":303},{"base_id":960,"kind":"top_words","i1":1,"i2":7,"sol":{"path":["/c/en/pedestal","/c/en/architecture","/c/en/step","/c/en/staircase"],"weight":0.21033999999999947},"num_concepts_raised":38991},{"base_id":960,"kind":"top_words","i1":1,"i2":8,"sol":{"path":["/c/en/pedestal","/c/en/frame","/c/en/rectangular"],"weight":0.202},"num_concepts_raised":395},{"base_id":960,"kind":"top_words","i1":1,"i2":9,"sol":{"path":["/c/en/pedestal","/c/en/architecture","/c/en/balustrade"],"weight":0.202},"num_concepts_raised":296},{"base_id":960,"kind":"top_words","i1":2,"i2":3,"sol":{"path":["/c/en/canopy","/c/ms/langit_langit","/c/en/ceiling"],"weight":0.20600000000000002},"num_concepts_raised":565},{"base_id":960,"kind":"top_words","i1":2,"i2":4,"sol":{"path":["/c/en/canopy","/c/fr/architecture","/c/en/arched"],"weight":0.202},"num_concepts_raised":291},{"base_id":960,"kind":"top_words","i1":2,"i2":5,"sol":{"path":["/c/en/canopy","/c/ca/dosser","/c/en/cornice"],"weight":0.20500000000000002},"num_concepts_raised":346},{"base_id":960,"kind":"top_words","i1":2,"i2":6,"sol":{"path":["/c/en/canopy","/c/en/cover","/c/en/wax","/c/en/carved"],"weight":0.20742999999999912},"num_concepts_raised":26125},{"base_id":960,"kind":"top_words","i1":2,"i2":7,"sol":{"path":["/c/en/canopy","/c/en/cover","/c/en/case","/c/en/staircase"],"weight":0.21051999999999926},"num_concepts_raised":33546},{"base_id":960,"kind":"top_words","i1":2,"i2":8,"sol":{"path":["/c/en/canopy","/c/en/cover","/c/en/square","/c/en/rectangular"],"weight":0.2094299999999989},"num_concepts_raised":45693},{"base_id":960,"kind":"top_words","i1":2,"i2":9,"sol":{"path":["/c/en/canopy","/c/fr/architecture","/c/en/architecture","/c/en/balustrade"],"weight":0.20715999999999937},"num_concepts_raised":18993},{"base_id":960,"kind":"top_words","i1":3,"i2":4,"sol":{"path":["/c/en/ceiling","/c/en/vaulted","/c/en/arched"],"weight":0.20500000000000002},"num_concepts_raised":419},{"base_id":960,"kind":"top_words","i1":3,"i2":5,"sol":{"path":["/c/en/ceiling","/c/fr/plafond","/c/fr/corniche","/c/en/cornice"],"weight":0.23614999999999975},"num_concepts_raised":44315},{"base_id":960,"kind":"top_words","i1":3,"i2":6,"sol":{"path":["/c/en/ceiling","/c/en/floor","/c/en/wood","/c/en/carved"],"weight":0.22007999999999966},"num_concepts_raised":50709},{"base_id":960,"kind":"top_words","i1":3,"i2":7,"sol":{"path":["/c/en/ceiling","/c/en/building","/c/en/staircase"],"weight":0.20400000000000001},"num_concepts_raised":555},{"base_id":960,"kind":"top_words","i1":3,"i2":8,"sol":{"path":["/c/en/ceiling","/c/en/room","/c/en/rectangular"],"weight":0.20600000000000002},"num_concepts_raised":543},{"base_id":960,"kind":"top_words","i1":3,"i2":9,"sol":{"path":["/c/en/ceiling","/c/en/roof","/c/en/eaves","/c/en/balustrade"],"weight":0.2212599999999999},"num_concepts_raised":43722},{"base_id":960,"kind":"top_words","i1":4,"i2":5,"sol":{"path":["/c/en/arched","/c/fr/architecture","/c/fr/corniche","/c/en/cornice"],"weight":0.2189699999999997},"num_concepts_raised":9041},{"base_id":960,"kind":"top_words","i1":4,"i2":6,"sol":{"path":["/c/en/arched","/c/fr/architecture","/c/en/glyph","/c/en/carved"],"weight":0.20405999999999958},"num_concepts_raised":15792},{"base_id":960,"kind":"top_words","i1":4,"i2":7,"sol":{"path":["/c/en/arched","/c/fr/architecture","/c/fr/escalier","/c/en/staircase"],"weight":0.2082399999999997},"num_concepts_raised":23423},{"base_id":960,"kind":"top_words","i1":4,"i2":8,"sol":{"path":["/c/en/arched","/c/en/arch","/c/en/flyer","/c/en/rectangular"],"weight":0.20656999999999934},"num_concepts_raised":36035},{"base_id":960,"kind":"top_words","i1":4,"i2":9,"sol":{"path":["/c/en/arched","/c/en/arch","/c/en/architecture","/c/en/balustrade"],"weight":0.2061299999999998},"num_concepts_raised":8393},{"base_id":960,"kind":"top_words","i1":5,"i2":6,"sol":{"path":["/c/en/cornice","/c/en/architecture","/c/en/modillion","/c/en/carved"],"weight":0.2131999999999996},"num_concepts_raised":17316},{"base_id":960,"kind":"top_words","i1":5,"i2":7,"sol":{"path":["/c/en/cornice","/c/en/soffit","/c/en/staircase"],"weight":0.20400000000000001},"num_concepts_raised":326},{"base_id":960,"kind":"top_words","i1":5,"i2":8,"sol":{"path":["/c/en/cornice","/c/it/cornice","/c/en/frame","/c/en/rectangular"],"weight":0.21640999999999938},"num_concepts_raised":37386},{"base_id":960,"kind":"top_words","i1":5,"i2":9,"sol":{"path":["/c/en/cornice","/c/en/architecture","/c/en/balustrade"],"weight":0.20500000000000002},"num_concepts_raised":213},{"base_id":960,"kind":"top_words","i1":6,"i2":7,"sol":{"path":["/c/en/carved","/c/en/wood","/c/en/stair","/c/en/staircase"],"weight":0.2082599999999996},"num_concepts_raised":31093},{"base_id":960,"kind":"top_words","i1":6,"i2":8,"sol":{"path":["/c/en/carved","/c/en/soap","/c/en/rectangle","/c/en/rectangular"],"weight":0.20725999999999925},"num_concepts_raised":43227},{"base_id":960,"kind":"top_words","i1":6,"i2":9,"sol":{"path":["/c/en/carved","/c/en/glyph","/c/en/architecture","/c/en/balustrade"],"weight":0.20519999999999974},"num_concepts_raised":16722},{"base_id":960,"kind":"top_words","i1":7,"i2":8,"sol":{"path":["/c/en/staircase","/c/en/flyer","/c/en/rectangular"],"weight":0.202},"num_concepts_raised":392},{"base_id":960,"kind":"top_words","i1":7,"i2":9,"sol":{"path":["/c/en/staircase","/c/en/balustrade"],"weight":0.202},"num_concepts_raised":289},{"base_id":960,"kind":"top_words","i1":8,"i2":9,"sol":{"path":["/c/en/rectangular","/c/en/perpendicular","/c/en/architecture","/c/en/balustrade"],"weight":0.2076199999999995},"num_concepts_raised":36868}]]