[[{"base_id":598,"kind":"bot_words","i1":0,"i2":1,"sol":{"path":["/c/en/superbug","/c/en/bacteria","/c/en/animal","/c/en/fish","/c/en/astyanax"],"weight":0.21230999999999978},"num_concepts_raised":17580},{"base_id":598,"kind":"bot_words","i1":0,"i2":2,"sol":{"path":["/c/en/superbug","/c/en/bacteria","/c/en/tuberculosis","/c/en/cavitation"],"weight":0.20818999999999965},"num_concepts_raised":23782},{"base_id":598,"kind":"bot_words","i1":0,"i2":3,"sol":{"path":["/c/en/superbug","/c/en/vector","/c/en/line","/c/en/sny"],"weight":0.2027799999999998},"num_concepts_raised":29400},{"base_id":598,"kind":"bot_words","i1":0,"i2":4,"sol":{"path":["/c/en/superbug","/c/en/us","/c/en/given_name","/c/en/amanda"],"weight":0.2080499999999999},"num_concepts_raised":22250},{"base_id":598,"kind":"bot_words","i1":0,"i2":5,"sol":{"path":["/c/en/superbug","/c/en/us","/c/en/square","/c/fr/personne","/c/fr/caïman","/c/en/cayman"],"weight":0.21004479999999864},"num_concepts_raised":712012},{"base_id":598,"kind":"bot_words","i1":0,"i2":6,"sol":{"path":["/c/en/superbug","/c/en/strain","/c/en/quality","/c/en/goodness"],"weight":0.20636999999999966},"num_concepts_raised":31873},{"base_id":598,"kind":"bot_words","i1":0,"i2":7,"sol":{"path":["/c/en/superbug","/c/en/vector","/c/en/difference","/c/en/differing"],"weight":0.20265999999999978},"num_concepts_raised":14746},{"base_id":598,"kind":"bot_words","i1":0,"i2":8,"sol":{"path":["/c/en/superbug","/c/en/bacteria","/c/en/single","/c/en/nominal","/c/en/nominator"],"weight":0.20276999999999987},"num_concepts_raised":13604},{"base_id":598,"kind":"bot_words","i1":0,"i2":9,"sol":{"path":["/c/en/superbug","/c/en/us","/c/en/licorice_root","/c/en/licorice"],"weight":0.20557999999999976},"num_concepts_raised":28650},{"base_id":598,"kind":"bot_words","i1":1,"i2":2,"sol":{"path":["/c/en/astyanax","/c/en/fish","/c/en/marine","/c/en/cavitation"],"weight":0.21769999999999962},"num_concepts_raised":15714},{"base_id":598,"kind":"bot_words","i1":1,"i2":3,"sol":{"path":["/c/en/astyanax","/c/en/fish","/c/en/boat","/c/en/sny"],"weight":0.21239999999999976},"num_concepts_raised":21467},{"base_id":598,"kind":"bot_words","i1":1,"i2":4,"sol":{"path":["/c/en/astyanax","/c/en/fish","/c/en/ray","/c/en/given_name","/c/en/amanda"],"weight":0.21766999999999986},"num_concepts_raised":14052},{"base_id":598,"kind":"bot_words","i1":1,"i2":5,"sol":{"path":["/c/en/astyanax","/c/en/mythology","/c/nci/cipactli","/c/en/caiman","/c/en/cayman"],"weight":0.21336999999999984},"num_concepts_raised":4882},{"base_id":598,"kind":"bot_words","i1":1,"i2":6,"sol":{"path":["/c/en/astyanax","/c/en/fish","/c/en/steak","/c/en/goodness"],"weight":0.2147299999999996},"num_concepts_raised":23856},{"base_id":598,"kind":"bot_words","i1":1,"i2":7,"sol":{"path":["/c/en/astyanax","/c/en/fish","/c/en/diverse","/c/en/differing"],"weight":0.21219999999999978},"num_concepts_raised":6528},{"base_id":598,"kind":"bot_words","i1":1,"i2":8,"sol":{"path":["/c/en/astyanax","/c/en/fish","/c/en/zoology","/c/en/nominate","/c/en/nominator"],"weight":0.21234999999999982},"num_concepts_raised":5381},{"base_id":598,"kind":"bot_words","i1":1,"i2":9,"sol":{"path":["/c/en/astyanax","/c/en/fish","/c/en/food","/c/en/liquorice","/c/en/licorice"],"weight":0.21615999999999974},"num_concepts_raised":20752},{"base_id":598,"kind":"bot_words","i1":2,"i2":3,"sol":{"path":["/c/en/cavitation","/c/en/propeller","/c/en/boat","/c/en/sny"],"weight":0.20836999999999967},"num_concepts_raised":27763},{"base_id":598,"kind":"bot_words","i1":2,"i2":4,"sol":{"path":["/c/en/cavitation","/c/en/void","/c/en/cass","/c/en/given_name","/c/en/amanda"],"weight":0.21361999999999978},"num_concepts_raised":20472},{"base_id":598,"kind":"bot_words","i1":2,"i2":5,"sol":{"path":["/c/en/cavitation","/c/en/biology","/c/en/genus","/c/en/caiman","/c/en/cayman"],"weight":0.20931999999999973},"num_concepts_raised":11300},{"base_id":598,"kind":"bot_words","i1":2,"i2":6,"sol":{"path":["/c/en/cavitation","/c/en/vapor","/c/en/quality","/c/en/goodness"],"weight":0.21190999999999952},"num_concepts_raised":30273},{"base_id":598,"kind":"bot_words","i1":2,"i2":7,"sol":{"path":["/c/en/cavitation","/c/en/biology","/c/en/heteronomous","/c/en/differing"],"weight":0.20813999999999966},"num_concepts_raised":12916},{"base_id":598,"kind":"bot_words","i1":2,"i2":8,"sol":{"path":["/c/en/cavitation","/c/en/biology","/c/en/zoology","/c/en/nominate","/c/en/nominator"],"weight":0.20830999999999972},"num_concepts_raised":11793},{"base_id":598,"kind":"bot_words","i1":2,"i2":9,"sol":{"path":["/c/en/cavitation","/c/en/biology","/c/en/plant","/c/en/licorice"],"weight":0.21012999999999962},"num_concepts_raised":26908},{"base_id":598,"kind":"bot_words","i1":3,"i2":4,"sol":{"path":["/c/en/sny","/c/en/ship","/c/en/john","/c/fr/prénom","/c/en/amanda"],"weight":0.2083299999999999},"num_concepts_raised":26191},{"base_id":598,"kind":"bot_words","i1":3,"i2":5,"sol":{"path":["/c/en/sny","/c/en/swarm","/c/fr/zoologie","/c/ms/buaya","/c/en/cayman"],"weight":0.20275999999999986},"num_concepts_raised":17044},{"base_id":598,"kind":"bot_words","i1":3,"i2":6,"sol":{"path":["/c/en/sny","/c/en/something","/c/en/quality","/c/en/goodness"],"weight":0.20647999999999964},"num_concepts_raised":35710},{"base_id":598,"kind":"bot_words","i1":3,"i2":7,"sol":{"path":["/c/en/sny","/c/en/ship","/c/en/departure","/c/en/difference","/c/en/differing"],"weight":0.20292999999999978},"num_concepts_raised":18643},{"base_id":598,"kind":"bot_words","i1":3,"i2":8,"sol":{"path":["/c/en/sny","/c/en/line","/c/en/position","/c/en/nominate","/c/en/nominator"],"weight":0.20299999999999985},"num_concepts_raised":17516},{"base_id":598,"kind":"bot_words","i1":3,"i2":9,"sol":{"path":["/c/en/sny","/c/en/curve","/c/en/twist","/c/en/licorice"],"weight":0.20467999999999975},"num_concepts_raised":32620},{"base_id":598,"kind":"bot_words","i1":4,"i2":5,"sol":{"path":["/c/en/amanda","/c/fr/amanda","/c/fr/amant","/c/fr/personne","/c/fr/caïman","/c/en/cayman"],"weight":0.21704019999999996},"num_concepts_raised":310514},{"base_id":598,"kind":"bot_words","i1":4,"i2":6,"sol":{"path":["/c/en/amanda","/c/fr/féminin","/c/bg/добрина","/c/en/goodness"],"weight":0.21057999999999977},"num_concepts_raised":28582},{"base_id":598,"kind":"bot_words","i1":4,"i2":7,"sol":{"path":["/c/en/amanda","/c/fr/féminin","/c/en/linguistics","/c/en/heteronomous","/c/en/differing"],"weight":0.2080599999999999},"num_concepts_raised":11159},{"base_id":598,"kind":"bot_words","i1":4,"i2":8,"sol":{"path":["/c/en/amanda","/c/en/given_name","/c/en/name","/c/en/nominate","/c/en/nominator"],"weight":0.20825999999999995},"num_concepts_raised":10006},{"base_id":598,"kind":"bot_words","i1":4,"i2":9,"sol":{"path":["/c/en/amanda","/c/en/given_name","/c/en/candy","/c/en/licorice"],"weight":0.21001999999999987},"num_concepts_raised":25437},{"base_id":598,"kind":"bot_words","i1":5,"i2":6,"sol":{"path":["/c/en/cayman","/c/fr/caïman","/c/fr/personne","/c/en/better","/c/en/good","/c/en/goodness"],"weight":0.21937309999999932},"num_concepts_raised":920272},{"base_id":598,"kind":"bot_words","i1":5,"i2":7,"sol":{"path":["/c/en/cayman","/c/en/caiman","/c/en/genus","/c/en/difference","/c/en/differing"],"weight":0.20385999999999987},"num_concepts_raised":1975},{"base_id":598,"kind":"bot_words","i1":5,"i2":8,"sol":{"path":["/c/en/cayman","/c/fr/caïman","/c/fr/personne","/c/fr/dénominateur","/c/fr/nominateur","/c/en/nominator"],"weight":0.2135208999999999},"num_concepts_raised":87505},{"base_id":598,"kind":"bot_words","i1":5,"i2":9,"sol":{"path":["/c/en/cayman","/c/en/caiman","/c/en/dracaena","/c/en/plant","/c/en/licorice"],"weight":0.20576999999999984},"num_concepts_raised":16295},{"base_id":598,"kind":"bot_words","i1":6,"i2":7,"sol":{"path":["/c/en/goodness","/c/en/quality","/c/en/difference","/c/en/differing"],"weight":0.20645999999999964},"num_concepts_raised":21055},{"base_id":598,"kind":"bot_words","i1":6,"i2":8,"sol":{"path":["/c/en/goodness","/c/en/good","/c/en/possession","/c/en/nominal","/c/en/nominator"],"weight":0.2074099999999997},"num_concepts_raised":19932},{"base_id":598,"kind":"bot_words","i1":6,"i2":9,"sol":{"path":["/c/en/goodness","/c/en/quality","/c/en/sweet","/c/en/licorice"],"weight":0.20833999999999958},"num_concepts_raised":34953},{"base_id":598,"kind":"bot_words","i1":7,"i2":8,"sol":{"path":["/c/en/differing","/c/en/variance","/c/en/statistics","/c/en/nominal","/c/en/nominator"],"weight":0.20276999999999984},"num_concepts_raised":2471},{"base_id":598,"kind":"bot_words","i1":7,"i2":9,"sol":{"path":["/c/en/differing","/c/en/difference","/c/en/division","/c/en/plant","/c/en/licorice"],"weight":0.20467999999999975},"num_concepts_raised":17923},{"base_id":598,"kind":"bot_words","i1":8,"i2":9,"sol":{"path":["/c/en/nominator","/c/en/nominate","/c/en/name","/c/en/herb","/c/en/licorice"],"weight":0.2046999999999998},"num_concepts_raised":16782}],[{"base_id":598,"kind":"top_words","i1":0,"i2":1,"sol":{"path":["/c/en/foolproof","/c/en/proof","/c/en/person","/c/en/judge","/c/en/judicially"],"weight":0.20462000000000002},"num_concepts_raised":7745},{"base_id":598,"kind":"top_words","i1":0,"i2":2,"sol":{"path":["/c/en/foolproof","/c/en/fool","/c/en/fox","/c/en/english_language","/c/en/gaels"],"weight":0.20829999999999999},"num_concepts_raised":4876},{"base_id":598,"kind":"top_words","i1":0,"i2":3,"sol":{"path":["/c/en/foolproof","/c/en/proof","/c/en/measure","/c/en/standard","/c/en/secam"],"weight":0.2095599999999999},"num_concepts_raised":4901},{"base_id":598,"kind":"top_words","i1":0,"i2":4,"sol":{"path":["/c/en/foolproof","/c/en/proof","/c/en/person","/c/en/music","/c/en/afrobeat"],"weight":0.20958},"num_concepts_raised":12495},{"base_id":598,"kind":"top_words","i1":0,"i2":5,"sol":{"path":["/c/en/foolproof","/c/en/proof","/c/en/water","/c/en/flush","/c/en/flushing"],"weight":0.20656999999999998},"num_concepts_raised":15892},{"base_id":598,"kind":"top_words","i1":0,"i2":6,"sol":{"path":["/c/en/foolproof","/c/en/error","/c/en/make","/c/en/furrow"],"weight":0.20867999999999945},"num_concepts_raised":24865},{"base_id":598,"kind":"top_words","i1":0,"i2":7,"sol":{"path":["/c/en/foolproof","/c/en/misuse","/c/en/misappropriate","/c/en/embezzle"],"weight":0.2076499999999999},"num_concepts_raised":17564},{"base_id":598,"kind":"top_words","i1":0,"i2":8,"sol":{"path":["/c/en/foolproof","/c/en/proof","/c/en/measure","/c/en/meter","/c/en/longwave"],"weight":0.20461000000000007},"num_concepts_raised":8873},{"base_id":598,"kind":"top_words","i1":0,"i2":9,"sol":{"path":["/c/en/foolproof","/c/en/fool","/c/en/president","/c/en/quail","/c/en/phasianidae"],"weight":0.20900999999999992},"num_concepts_raised":4838},{"base_id":598,"kind":"top_words","i1":1,"i2":2,"sol":{"path":["/c/en/judicially","/c/en/legally","/c/en/guardian","/c/en/english_language","/c/en/gaels"],"weight":0.20890999999999982},"num_concepts_raised":5235},{"base_id":598,"kind":"top_words","i1":1,"i2":3,"sol":{"path":["/c/en/judicially","/c/en/rule","/c/en/standard","/c/en/secam"],"weight":0.20796999999999977},"num_concepts_raised":5219},{"base_id":598,"kind":"top_words","i1":1,"i2":4,"sol":{"path":["/c/en/judicially","/c/en/judge","/c/en/head","/c/en/jazz","/c/en/afrobeat"],"weight":0.20807999999999988},"num_concepts_raised":12836},{"base_id":598,"kind":"top_words","i1":1,"i2":5,"sol":{"path":["/c/en/judicially","/c/en/rule","/c/en/do","/c/en/flush","/c/en/flushing"],"weight":0.20495999999999986},"num_concepts_raised":16226},{"base_id":598,"kind":"top_words","i1":1,"i2":6,"sol":{"path":["/c/en/judicially","/c/th/ชําระ","/c/en/make","/c/en/furrow"],"weight":0.20813999999999933},"num_concepts_raised":25244},{"base_id":598,"kind":"top_words","i1":1,"i2":7,"sol":{"path":["/c/en/judicially","/c/en/legally","/c/en/legal","/c/en/embezzle"],"weight":0.20598999999999978},"num_concepts_raised":17682},{"base_id":598,"kind":"top_words","i1":1,"i2":8,"sol":{"path":["/c/en/judicially","/c/en/judge","/c/en/measure","/c/en/meter","/c/en/longwave"],"weight":0.20312999999999995},"num_concepts_raised":9219},{"base_id":598,"kind":"top_words","i1":1,"i2":9,"sol":{"path":["/c/en/judicially","/c/en/judge","/c/en/head","/c/en/quail","/c/en/phasianidae"],"weight":0.20862999999999976},"num_concepts_raised":5196},{"base_id":598,"kind":"top_words","i1":2,"i2":3,"sol":{"path":["/c/en/gaels","/c/en/english_language","/c/en/pic","/c/en/pal","/c/en/secam"],"weight":0.21288999999999972},"num_concepts_raised":2377},{"base_id":598,"kind":"top_words","i1":2,"i2":4,"sol":{"path":["/c/en/gaels","/c/en/ethnic_group","/c/en/african_american","/c/en/jazz","/c/en/afrobeat"],"weight":0.21290999999999982},"num_concepts_raised":9971},{"base_id":598,"kind":"top_words","i1":2,"i2":5,"sol":{"path":["/c/en/gaels","/c/en/english_language","/c/en/england","/c/en/flushing"],"weight":0.20781999999999978},"num_concepts_raised":13400},{"base_id":598,"kind":"top_words","i1":2,"i2":6,"sol":{"path":["/c/en/gaels","/c/en/english_language","/c/en/line","/c/en/wrinkle","/c/en/furrow"],"weight":0.21717999999999926},"num_concepts_raised":22474},{"base_id":598,"kind":"top_words","i1":2,"i2":7,"sol":{"path":["/c/en/gaels","/c/en/english_language","/c/en/crime","/c/en/embezzlement","/c/en/embezzle"],"weight":0.2108499999999997},"num_concepts_raised":15137},{"base_id":598,"kind":"top_words","i1":2,"i2":8,"sol":{"path":["/c/en/gaels","/c/en/english_language","/c/en/coherent","/c/en/wave","/c/en/longwave"],"weight":0.2079399999999999},"num_concepts_raised":6365},{"base_id":598,"kind":"top_words","i1":2,"i2":9,"sol":{"path":["/c/en/gaels","/c/en/english_language","/c/en/vice","/c/en/quail","/c/en/phasianidae"],"weight":0.2134499999999997},"num_concepts_raised":2298},{"base_id":598,"kind":"top_words","i1":3,"i2":4,"sol":{"path":["/c/en/secam","/c/en/standard","/c/en/classical","/c/en/music","/c/en/afrobeat"],"weight":0.21304999999999974},"num_concepts_raised":10005},{"base_id":598,"kind":"top_words","i1":3,"i2":5,"sol":{"path":["/c/en/secam","/c/en/standard","/c/en/level","/c/en/flush","/c/en/flushing"],"weight":0.21000999999999975},"num_concepts_raised":13431},{"base_id":598,"kind":"top_words","i1":3,"i2":6,"sol":{"path":["/c/en/secam","/c/en/standard","/c/en/plough","/c/en/furrow"],"weight":0.21347999999999923},"num_concepts_raised":22485},{"base_id":598,"kind":"top_words","i1":3,"i2":7,"sol":{"path":["/c/en/secam","/c/en/standard","/c/en/formal","/c/pl/sprzeniewierzyć","/c/en/embezzle"],"weight":0.21085999999999966},"num_concepts_raised":15161},{"base_id":598,"kind":"top_words","i1":3,"i2":8,"sol":{"path":["/c/en/secam","/c/en/pal","/c/en/hand","/c/en/wave","/c/en/longwave"],"weight":0.20808999999999983},"num_concepts_raised":6387},{"base_id":598,"kind":"top_words","i1":3,"i2":9,"sol":{"path":["/c/en/secam","/c/en/standard","/c/en/quality","/c/en/quail","/c/en/phasianidae"],"weight":0.21358999999999967},"num_concepts_raised":2339},{"base_id":598,"kind":"top_words","i1":4,"i2":5,"sol":{"path":["/c/en/afrobeat","/c/en/music","/c/en/do","/c/en/flush","/c/en/flushing"],"weight":0.21001999999999982},"num_concepts_raised":20902},{"base_id":598,"kind":"top_words","i1":4,"i2":6,"sol":{"path":["/c/en/afrobeat","/c/en/music","/c/en/make","/c/en/furrow"],"weight":0.21319999999999933},"num_concepts_raised":29869},{"base_id":598,"kind":"top_words","i1":4,"i2":7,"sol":{"path":["/c/en/afrobeat","/c/en/music","/c/en/fiddle","/c/en/embezzle"],"weight":0.20987999999999973},"num_concepts_raised":22627},{"base_id":598,"kind":"top_words","i1":4,"i2":8,"sol":{"path":["/c/en/afrobeat","/c/en/music","/c/en/meter","/c/en/longwave"],"weight":0.20804999999999993},"num_concepts_raised":13859},{"base_id":598,"kind":"top_words","i1":4,"i2":9,"sol":{"path":["/c/en/afrobeat","/c/en/jazz","/c/en/head","/c/en/quail","/c/en/phasianidae"],"weight":0.21360999999999974},"num_concepts_raised":9936},{"base_id":598,"kind":"top_words","i1":5,"i2":6,"sol":{"path":["/c/en/flushing","/c/en/surface","/c/en/wrinkle","/c/en/furrow"],"weight":0.21186999999999928},"num_concepts_raised":32939},{"base_id":598,"kind":"top_words","i1":5,"i2":7,"sol":{"path":["/c/en/flushing","/c/en/uk","/c/en/crib","/c/en/embezzle"],"weight":0.20468999999999973},"num_concepts_raised":25780},{"base_id":598,"kind":"top_words","i1":5,"i2":8,"sol":{"path":["/c/en/flushing","/c/en/cry","/c/en/signal","/c/en/longwave"],"weight":0.2029299999999999},"num_concepts_raised":17296},{"base_id":598,"kind":"top_words","i1":5,"i2":9,"sol":{"path":["/c/en/flushing","/c/en/flush","/c/en/bird","/c/en/pheasant","/c/en/phasianidae"],"weight":0.21070999999999973},"num_concepts_raised":13377},{"base_id":598,"kind":"top_words","i1":6,"i2":7,"sol":{"path":["/c/en/furrow","/c/en/fold","/c/en/business","/c/en/embezzle"],"weight":0.2101899999999992},"num_concepts_raised":34785},{"base_id":598,"kind":"top_words","i1":6,"i2":8,"sol":{"path":["/c/en/furrow","/c/en/groove","/c/en/long","/c/en/longwave"],"weight":0.20996999999999938},"num_concepts_raised":26231},{"base_id":598,"kind":"top_words","i1":6,"i2":9,"sol":{"path":["/c/en/furrow","/c/en/cut","/c/en/food","/c/en/quail","/c/en/phasianidae"],"weight":0.2148599999999992},"num_concepts_raised":22440},{"base_id":598,"kind":"top_words","i1":7,"i2":8,"sol":{"path":["/c/en/embezzle","/c/en/misappropriate","/c/en/appropriate","/c/en/long","/c/en/longwave"],"weight":0.2072399999999998},"num_concepts_raised":19070},{"base_id":598,"kind":"top_words","i1":7,"i2":9,"sol":{"path":["/c/en/embezzle","/c/en/business","/c/en/quality","/c/en/quail","/c/en/phasianidae"],"weight":0.21043999999999963},"num_concepts_raised":15117},{"base_id":598,"kind":"top_words","i1":8,"i2":9,"sol":{"path":["/c/en/longwave","/c/en/wave","/c/en/milk","/c/en/quail","/c/en/phasianidae"],"weight":0.20863999999999983},"num_concepts_raised":6330}]]