[[{"base_id":537,"kind":"bot_words","i1":0,"i2":1,"sol":{"path":["/c/en/chondrichthyes","/c/en/fish","/c/en/person","/c/en/neighbor"],"weight":0.2129299999999991},"num_concepts_raised":31382},{"base_id":537,"kind":"bot_words","i1":0,"i2":2,"sol":{"path":["/c/en/chondrichthyes","/c/en/fish","/c/en/ray","/c/en/radiation"],"weight":0.2219599999999986},"num_concepts_raised":37925},{"base_id":537,"kind":"bot_words","i1":0,"i2":3,"sol":{"path":["/c/en/chondrichthyes","/c/en/fish","/c/en/fishbone","/c/sa/कण्टक","/c/en/seditious"],"weight":0.21074999999999972},"num_concepts_raised":5989},{"base_id":537,"kind":"bot_words","i1":0,"i2":4,"sol":{"path":["/c/en/chondrichthyes","/c/en/fish","/c/en/algae","/c/en/diatom"],"weight":0.21758999999999948},"num_concepts_raised":7305},{"base_id":537,"kind":"bot_words","i1":0,"i2":5,"sol":{"path":["/c/en/chondrichthyes","/c/en/class","/c/en/military","/c/en/reveille"],"weight":0.21445999999999976},"num_concepts_raised":15195},{"base_id":537,"kind":"bot_words","i1":0,"i2":6,"sol":{"path":["/c/en/chondrichthyes","/c/en/fish","/c/en/life","/c/en/complex","/c/en/knotty"],"weight":0.21264999999999956},"num_concepts_raised":9541},{"base_id":537,"kind":"bot_words","i1":0,"i2":7,"sol":{"path":["/c/en/chondrichthyes","/c/en/class","/c/en/form","/c/en/morphic"],"weight":0.2097299999999998},"num_concepts_raised":15020},{"base_id":537,"kind":"bot_words","i1":0,"i2":8,"sol":{"path":["/c/en/chondrichthyes","/c/en/fish","/c/en/play","/c/en/script"],"weight":0.2210799999999984},"num_concepts_raised":65364},{"base_id":537,"kind":"bot_words","i1":0,"i2":9,"sol":{"path":["/c/en/chondrichthyes","/c/en/fish","/c/en/animal","/c/en/muscle","/c/en/hypotonic"],"weight":0.21072999999999972},"num_concepts_raised":18437},{"base_id":537,"kind":"bot_words","i1":1,"i2":2,"sol":{"path":["/c/en/neighbor","/c/en/person","/c/en/energy","/c/en/radiation"],"weight":0.21840999999999813},"num_concepts_raised":57933},{"base_id":537,"kind":"bot_words","i1":1,"i2":3,"sol":{"path":["/c/en/neighbor","/c/en/neighbour","/c/en/foe","/c/sa/कण्टक","/c/en/seditious"],"weight":0.20826999999999923},"num_concepts_raised":26758},{"base_id":537,"kind":"bot_words","i1":1,"i2":4,"sol":{"path":["/c/en/neighbor","/c/en/drunk","/c/en/out_of_sight","/c/fi/piilevä","/c/en/diatom"],"weight":0.21593999999999902},"num_concepts_raised":28067},{"base_id":537,"kind":"bot_words","i1":1,"i2":5,"sol":{"path":["/c/en/neighbor","/c/en/home","/c/en/drum","/c/en/reveille"],"weight":0.21092999999999928},"num_concepts_raised":35763},{"base_id":537,"kind":"bot_words","i1":1,"i2":6,"sol":{"path":["/c/en/neighbor","/c/en/person","/c/en/difficult","/c/en/knotty"],"weight":0.2060699999999991},"num_concepts_raised":30193},{"base_id":537,"kind":"bot_words","i1":1,"i2":7,"sol":{"path":["/c/en/neighbor","/c/en/home","/c/en/form","/c/en/morphic"],"weight":0.20632999999999932},"num_concepts_raised":35510},{"base_id":537,"kind":"bot_words","i1":1,"i2":8,"sol":{"path":["/c/en/neighbor","/c/en/hand","/c/en/writing","/c/en/script"],"weight":0.2205999999999979},"num_concepts_raised":84525},{"base_id":537,"kind":"bot_words","i1":1,"i2":9,"sol":{"path":["/c/en/neighbor","/c/en/object","/c/en/medicine","/c/en/hypotonic"],"weight":0.20504999999999926},"num_concepts_raised":39045},{"base_id":537,"kind":"bot_words","i1":2,"i2":3,"sol":{"path":["/c/en/radiation","/c/en/energy","/c/en/state","/c/en/sedition","/c/en/seditious"],"weight":0.21720999999999877},"num_concepts_raised":33286},{"base_id":537,"kind":"bot_words","i1":2,"i2":4,"sol":{"path":["/c/en/radiation","/c/fr/radiation","/c/fr/biologie","/c/en/eukaryote","/c/en/diatom"],"weight":0.22520999999999852},"num_concepts_raised":34571},{"base_id":537,"kind":"bot_words","i1":2,"i2":5,"sol":{"path":["/c/en/radiation","/c/en/heat","/c/en/military","/c/en/reveille"],"weight":0.22006999999999882},"num_concepts_raised":42175},{"base_id":537,"kind":"bot_words","i1":2,"i2":6,"sol":{"path":["/c/en/radiation","/c/en/space","/c/en/knot","/c/en/knotty"],"weight":0.21580999999999861},"num_concepts_raised":36714},{"base_id":537,"kind":"bot_words","i1":2,"i2":7,"sol":{"path":["/c/en/radiation","/c/en/heat","/c/en/form","/c/en/morphic"],"weight":0.21534999999999882},"num_concepts_raised":42024},{"base_id":537,"kind":"bot_words","i1":2,"i2":8,"sol":{"path":["/c/en/radiation","/c/en/lead","/c/en/writing","/c/en/script"],"weight":0.2293699999999974},"num_concepts_raised":91096},{"base_id":537,"kind":"bot_words","i1":2,"i2":9,"sol":{"path":["/c/en/radiation","/c/en/radiotherapy","/c/en/medicine","/c/en/hypotonic"],"weight":0.21402999999999878},"num_concepts_raised":45319},{"base_id":537,"kind":"bot_words","i1":3,"i2":4,"sol":{"path":["/c/en/seditious","/c/fr/placard","/c/fr/pièce","/c/fr/valve","/c/fr/diatomée","/c/en/diatom"],"weight":0.22022959999999947},"num_concepts_raised":224418},{"base_id":537,"kind":"bot_words","i1":3,"i2":5,"sol":{"path":["/c/en/seditious","/c/en/traitorous","/c/en/legal","/c/en/military","/c/en/reveille"],"weight":0.20882999999999993},"num_concepts_raised":10389},{"base_id":537,"kind":"bot_words","i1":3,"i2":6,"sol":{"path":["/c/en/seditious","/c/fr/séditieux","/c/en/fractious","/c/en/difficult","/c/en/knotty"],"weight":0.20498999999999973},"num_concepts_raised":4693},{"base_id":537,"kind":"bot_words","i1":3,"i2":7,"sol":{"path":["/c/en/seditious","/c/en/subversive","/c/en/social","/c/en/form","/c/en/morphic"],"weight":0.20408999999999994},"num_concepts_raised":10234},{"base_id":537,"kind":"bot_words","i1":3,"i2":8,"sol":{"path":["/c/en/seditious","/c/fr/placard","/c/fr/écrit","/c/en/script"],"weight":0.21323999999999857},"num_concepts_raised":60901},{"base_id":537,"kind":"bot_words","i1":3,"i2":9,"sol":{"path":["/c/en/seditious","/c/en/sedition","/c/en/authority","/c/en/muscle","/c/en/hypotonic"],"weight":0.20396999999999987},"num_concepts_raised":13609},{"base_id":537,"kind":"bot_words","i1":4,"i2":5,"sol":{"path":["/c/en/diatom","/c/en/valve","/c/en/bugle","/c/en/reveille"],"weight":0.21558999999999967},"num_concepts_raised":11725},{"base_id":537,"kind":"bot_words","i1":4,"i2":6,"sol":{"path":["/c/en/diatom","/c/zh/硅藻","/c/en/botany","/c/en/convoluted","/c/en/knotty"],"weight":0.2127199999999995},"num_concepts_raised":6039},{"base_id":537,"kind":"bot_words","i1":4,"i2":7,"sol":{"path":["/c/en/diatom","/c/zh/硅藻","/c/en/botany","/c/en/morphic"],"weight":0.2117599999999997},"num_concepts_raised":11508},{"base_id":537,"kind":"bot_words","i1":4,"i2":8,"sol":{"path":["/c/en/diatom","/c/grc/δια","/c/en/dialogue","/c/en/script"],"weight":0.22394999999999832},"num_concepts_raised":62181},{"base_id":537,"kind":"bot_words","i1":4,"i2":9,"sol":{"path":["/c/en/diatom","/c/en/theca","/c/en/medicine","/c/en/hypotonic"],"weight":0.20975999999999964},"num_concepts_raised":14922},{"base_id":537,"kind":"bot_words","i1":5,"i2":6,"sol":{"path":["/c/en/reveille","/c/en/military","/c/en/complex","/c/en/knotty"],"weight":0.21072999999999978},"num_concepts_raised":13938},{"base_id":537,"kind":"bot_words","i1":5,"i2":7,"sol":{"path":["/c/en/reveille","/c/ru/подъём","/c/en/rise","/c/en/form","/c/en/morphic"],"weight":0.21178999999999998},"num_concepts_raised":19397},{"base_id":537,"kind":"bot_words","i1":5,"i2":8,"sol":{"path":["/c/en/reveille","/c/en/drum","/c/en/play","/c/en/script"],"weight":0.2190599999999986},"num_concepts_raised":69432},{"base_id":537,"kind":"bot_words","i1":5,"i2":9,"sol":{"path":["/c/en/reveille","/c/ru/подъём","/c/en/lifting","/c/en/medicine","/c/en/hypotonic"],"weight":0.21061999999999992},"num_concepts_raised":22778},{"base_id":537,"kind":"bot_words","i1":6,"i2":7,"sol":{"path":["/c/en/knotty","/c/en/knot","/c/en/form","/c/en/morphic"],"weight":0.20592999999999978},"num_concepts_raised":13740},{"base_id":537,"kind":"bot_words","i1":6,"i2":8,"sol":{"path":["/c/en/knotty","/c/en/knot","/c/en/branch","/c/en/script"],"weight":0.2148599999999984},"num_concepts_raised":64238},{"base_id":537,"kind":"bot_words","i1":6,"i2":9,"sol":{"path":["/c/en/knotty","/c/it/nodoso","/c/en/medicine","/c/en/hypotonic"],"weight":0.20470999999999973},"num_concepts_raised":17142},{"base_id":537,"kind":"bot_words","i1":7,"i2":8,"sol":{"path":["/c/en/morphic","/c/en/form","/c/en/writing","/c/en/script"],"weight":0.2195899999999986},"num_concepts_raised":69112},{"base_id":537,"kind":"bot_words","i1":7,"i2":9,"sol":{"path":["/c/en/morphic","/c/en/botany","/c/en/auxotonic","/c/en/hypotonic"],"weight":0.20278999999999994},"num_concepts_raised":22568},{"base_id":537,"kind":"bot_words","i1":8,"i2":9,"sol":{"path":["/c/en/script","/c/en/drama","/c/en/tension","/c/en/hypotonic"],"weight":0.21313999999999855},"num_concepts_raised":72850}],[{"base_id":537,"kind":"top_words","i1":0,"i2":1,"sol":{"path":["/c/en/claudius","/c/en/portus","/c/en/historical","/c/en/praetor"],"weight":0.21523999999999957},"num_concepts_raised":17521},{"base_id":537,"kind":"top_words","i1":0,"i2":2,"sol":{"path":["/c/en/claudius","/c/en/royalty","/c/en/slang","/c/en/bacteria","/c/en/legionella"],"weight":0.21564999999999956},"num_concepts_raised":2119},{"base_id":537,"kind":"top_words","i1":0,"i2":3,"sol":{"path":["/c/en/claudius","/c/en/royalty","/c/en/payment","/c/en/salary","/c/en/salaried"],"weight":0.20969999999999966},"num_concepts_raised":5696},{"base_id":537,"kind":"top_words","i1":0,"i2":4,"sol":{"path":["/c/en/claudius","/c/en/claudian","/c/en/person","/c/en/domain","/c/en/holomorphic"],"weight":0.21056999999999965},"num_concepts_raised":2330},{"base_id":537,"kind":"top_words","i1":0,"i2":5,"sol":{"path":["/c/en/claudius","/c/en/royalty","/c/en/writer","/c/en/petronius"],"weight":0.21360999999999958},"num_concepts_raised":2466},{"base_id":537,"kind":"top_words","i1":0,"i2":6,"sol":{"path":["/c/en/claudius","/c/en/portus","/c/en/historical","/c/en/mercury"],"weight":0.22909999999999914},"num_concepts_raised":77471},{"base_id":537,"kind":"top_words","i1":0,"i2":7,"sol":{"path":["/c/en/claudius","/c/en/portus","/c/en/historical","/c/en/aeolis"],"weight":0.21378999999999962},"num_concepts_raised":10108},{"base_id":537,"kind":"top_words","i1":0,"i2":8,"sol":{"path":["/c/en/claudius","/c/en/claude","/c/en/county_seat","/c/en/philip","/c/en/philips"],"weight":0.2179599999999995},"num_concepts_raised":4433},{"base_id":537,"kind":"top_words","i1":0,"i2":9,"sol":{"path":["/c/en/claudius","/c/en/claude","/c/en/county_seat","/c/en/utica"],"weight":0.2105399999999997},"num_concepts_raised":7966},{"base_id":537,"kind":"top_words","i1":1,"i2":2,"sol":{"path":["/c/en/praetor","/c/en/provost","/c/en/cell","/c/en/bacteria","/c/en/legionella"],"weight":0.21890999999999966},"num_concepts_raised":17219},{"base_id":537,"kind":"top_words","i1":1,"i2":3,"sol":{"path":["/c/en/praetor","/c/en/history","/c/en/work","/c/en/salaried"],"weight":0.20979999999999976},"num_concepts_raised":20629},{"base_id":537,"kind":"top_words","i1":1,"i2":4,"sol":{"path":["/c/en/praetor","/c/en/provost","/c/en/town","/c/en/domain","/c/en/holomorphic"],"weight":0.21176999999999974},"num_concepts_raised":17397},{"base_id":537,"kind":"top_words","i1":1,"i2":5,"sol":{"path":["/c/en/praetor","/c/en/historical","/c/en/writer","/c/en/petronius"],"weight":0.21482999999999966},"num_concepts_raised":17565},{"base_id":537,"kind":"top_words","i1":1,"i2":6,"sol":{"path":["/c/en/praetor","/c/en/historical","/c/en/mercury"],"weight":0.20600000000000002},"num_concepts_raised":890},{"base_id":537,"kind":"top_words","i1":1,"i2":7,"sol":{"path":["/c/en/praetor","/c/en/historical","/c/en/aeolis"],"weight":0.20600000000000002},"num_concepts_raised":169},{"base_id":537,"kind":"top_words","i1":1,"i2":8,"sol":{"path":["/c/en/praetor","/c/la/cors","/c/en/company","/c/en/philips"],"weight":0.2148999999999996},"num_concepts_raised":19403},{"base_id":537,"kind":"top_words","i1":1,"i2":9,"sol":{"path":["/c/en/praetor","/c/en/mayor","/c/en/new_york","/c/en/utica"],"weight":0.2096199999999998},"num_concepts_raised":22813},{"base_id":537,"kind":"top_words","i1":2,"i2":3,"sol":{"path":["/c/en/legionella","/c/en/bacteria","/c/en/animal","/c/en/work","/c/en/salaried"],"weight":0.21018999999999977},"num_concepts_raised":5321},{"base_id":537,"kind":"top_words","i1":2,"i2":4,"sol":{"path":["/c/en/legionella","/c/en/bacteria","/c/en/domain","/c/en/holomorphic"],"weight":0.21012999999999976},"num_concepts_raised":1949},{"base_id":537,"kind":"top_words","i1":2,"i2":5,"sol":{"path":["/c/en/legionella","/c/en/bacteria","/c/en/us","/c/en/author","/c/en/writer","/c/en/petronius"],"weight":0.2179307999999992},"num_concepts_raised":168624},{"base_id":537,"kind":"top_words","i1":2,"i2":6,"sol":{"path":["/c/en/legionella","/c/en/bacteria","/c/en/us","/c/en/mercury"],"weight":0.23068999999999926},"num_concepts_raised":77156},{"base_id":537,"kind":"top_words","i1":2,"i2":7,"sol":{"path":["/c/en/legionella","/c/en/bacteria","/c/en/cell","/c/en/historical","/c/en/aeolis"],"weight":0.2154399999999997},"num_concepts_raised":9787},{"base_id":537,"kind":"top_words","i1":2,"i2":8,"sol":{"path":["/c/en/legionella","/c/en/bacteria","/c/en/small","/c/en/company","/c/en/philips"],"weight":0.2154099999999996},"num_concepts_raised":4054},{"base_id":537,"kind":"top_words","i1":2,"i2":9,"sol":{"path":["/c/en/legionella","/c/en/bacteria","/c/en/us","/c/en/united_states","/c/en/utica"],"weight":0.2100699999999998},"num_concepts_raised":7594},{"base_id":537,"kind":"top_words","i1":3,"i2":4,"sol":{"path":["/c/en/salaried","/c/en/work","/c/en/function","/c/en/riemann_zeta_function","/c/en/holomorphic"],"weight":0.20312999999999987},"num_concepts_raised":5530},{"base_id":537,"kind":"top_words","i1":3,"i2":5,"sol":{"path":["/c/en/salaried","/c/en/work","/c/en/writer","/c/en/petronius"],"weight":0.20814999999999978},"num_concepts_raised":5665},{"base_id":537,"kind":"top_words","i1":3,"i2":6,"sol":{"path":["/c/en/salaried","/c/en/work","/c/en/company","/c/en/mercury"],"weight":0.22358999999999934},"num_concepts_raised":80406},{"base_id":537,"kind":"top_words","i1":3,"i2":7,"sol":{"path":["/c/en/salaried","/c/en/salary","/c/en/partmaximum","/c/en/historical","/c/en/aeolis"],"weight":0.20940999999999982},"num_concepts_raised":13322},{"base_id":537,"kind":"top_words","i1":3,"i2":8,"sol":{"path":["/c/en/salaried","/c/en/work","/c/en/company","/c/en/philips"],"weight":0.2083199999999997},"num_concepts_raised":7586},{"base_id":537,"kind":"top_words","i1":3,"i2":9,"sol":{"path":["/c/en/salaried","/c/en/salary","/c/en/tax","/c/en/united_states","/c/en/utica"],"weight":0.2040599999999999},"num_concepts_raised":11172},{"base_id":537,"kind":"top_words","i1":4,"i2":5,"sol":{"path":["/c/en/holomorphic","/c/en/domain","/c/en/person","/c/en/writer","/c/en/petronius"],"weight":0.20808999999999975},"num_concepts_raised":2309},{"base_id":537,"kind":"top_words","i1":4,"i2":6,"sol":{"path":["/c/en/holomorphic","/c/en/analytic","/c/en/element","/c/en/mercury"],"weight":0.22363999999999934},"num_concepts_raised":77299},{"base_id":537,"kind":"top_words","i1":4,"i2":7,"sol":{"path":["/c/en/holomorphic","/c/en/complex_analysis","/c/en/pole","/c/en/historical","/c/en/aeolis"],"weight":0.20931999999999978},"num_concepts_raised":9987},{"base_id":537,"kind":"top_words","i1":4,"i2":8,"sol":{"path":["/c/en/holomorphic","/c/en/domain","/c/en/person","/c/en/philip","/c/en/philips"],"weight":0.21029999999999965},"num_concepts_raised":4265},{"base_id":537,"kind":"top_words","i1":4,"i2":9,"sol":{"path":["/c/en/holomorphic","/c/en/domain","/c/en/country","/c/en/united_states","/c/en/utica"],"weight":0.20296999999999987},"num_concepts_raised":7805},{"base_id":537,"kind":"top_words","i1":5,"i2":6,"sol":{"path":["/c/en/petronius","/c/en/writer","/c/en/historical","/c/en/mercury"],"weight":0.22868999999999923},"num_concepts_raised":77539},{"base_id":537,"kind":"top_words","i1":5,"i2":7,"sol":{"path":["/c/en/petronius","/c/en/writer","/c/en/historical","/c/en/aeolis"],"weight":0.2133799999999997},"num_concepts_raised":10136},{"base_id":537,"kind":"top_words","i1":5,"i2":8,"sol":{"path":["/c/en/petronius","/c/en/writer","/c/en/person","/c/en/philip","/c/en/philips"],"weight":0.2154099999999996},"num_concepts_raised":4410},{"base_id":537,"kind":"top_words","i1":5,"i2":9,"sol":{"path":["/c/en/petronius","/c/en/writer","/c/en/ovid","/c/en/new_york","/c/en/utica"],"weight":0.2079999999999998},"num_concepts_raised":7957},{"base_id":537,"kind":"top_words","i1":6,"i2":7,"sol":{"path":["/c/en/mercury","/c/en/historical","/c/en/aeolis"],"weight":0.20600000000000002},"num_concepts_raised":820},{"base_id":537,"kind":"top_words","i1":6,"i2":8,"sol":{"path":["/c/en/mercury","/c/en/company","/c/en/philips"],"weight":0.20600000000000002},"num_concepts_raised":833},{"base_id":537,"kind":"top_words","i1":6,"i2":9,"sol":{"path":["/c/en/mercury","/c/en/planet","/c/en/coast","/c/en/utica"],"weight":0.22791999999999935},"num_concepts_raised":82381},{"base_id":537,"kind":"top_words","i1":7,"i2":8,"sol":{"path":["/c/en/aeolis","/c/en/city_state","/c/en/city","/c/en/amsterdam","/c/en/philips"],"weight":0.21362999999999963},"num_concepts_raised":12048},{"base_id":537,"kind":"top_words","i1":7,"i2":9,"sol":{"path":["/c/en/aeolis","/c/en/city_state","/c/en/phoenicia","/c/en/utica"],"weight":0.20819999999999983},"num_concepts_raised":15459},{"base_id":537,"kind":"top_words","i1":8,"i2":9,"sol":{"path":["/c/en/philips","/c/en/philip","/c/en/county_seat","/c/en/utica"],"weight":0.21017999999999973},"num_concepts_raised":9828}]]