[[{"base_id":442,"kind":"bot_words","i1":0,"i2":1,"sol":{"path":["/c/en/candidly","/c/fr/franchise","/c/en/business","/c/en/shake","/c/en/shaken"],"weight":0.20459999999999967},"num_concepts_raised":3003},{"base_id":442,"kind":"bot_words","i1":0,"i2":2,"sol":{"path":["/c/en/candidly","/c/en/frankly","/c/en/fair","/c/en/state","/c/en/oxide","/c/en/oxidase"],"weight":0.21150969999999952},"num_concepts_raised":276115},{"base_id":442,"kind":"bot_words","i1":0,"i2":3,"sol":{"path":["/c/en/candidly","/c/it/franco","/c/fr/histoire","/c/fr/marquis","/c/en/marquess"],"weight":0.20693999999999996},"num_concepts_raised":4122},{"base_id":442,"kind":"bot_words","i1":0,"i2":4,"sol":{"path":["/c/en/candidly","/c/fr/franchise","/c/en/uk","/c/en/frist"],"weight":0.20440999999999981},"num_concepts_raised":22694},{"base_id":442,"kind":"bot_words","i1":0,"i2":5,"sol":{"path":["/c/en/candidly","/c/en/frankly","/c/en/fair","/c/en/even","/c/en/uneven"],"weight":0.20894999999999947},"num_concepts_raised":19633},{"base_id":442,"kind":"bot_words","i1":0,"i2":6,"sol":{"path":["/c/en/candidly","/c/fr/franchement","/c/en/really","/c/en/tree","/c/en/leaves"],"weight":0.20831999999999898},"num_concepts_raised":49289},{"base_id":442,"kind":"bot_words","i1":0,"i2":7,"sol":{"path":["/c/en/candidly","/c/fr/franchise","/c/fr/lieu","/c/fr/astronomie","/c/en/stephano"],"weight":0.2084599999999997},"num_concepts_raised":10165},{"base_id":442,"kind":"bot_words","i1":0,"i2":8,"sol":{"path":["/c/en/candidly","/c/fr/ouvertement","/c/fr/manière","/c/fr/désinvolture","/c/en/glibness"],"weight":0.2031299999999998},"num_concepts_raised":1409},{"base_id":442,"kind":"bot_words","i1":0,"i2":9,"sol":{"path":["/c/en/candidly","/c/fr/franchement","/c/fr/haut","/c/en/achievement","/c/en/striving"],"weight":0.2047799999999996},"num_concepts_raised":4536},{"base_id":442,"kind":"bot_words","i1":1,"i2":2,"sol":{"path":["/c/en/shaken","/c/en/agitated","/c/en/aerated","/c/en/oxygen","/c/en/oxidase"],"weight":0.2056099999999997},"num_concepts_raised":7984},{"base_id":442,"kind":"bot_words","i1":1,"i2":3,"sol":{"path":["/c/en/shaken","/c/zh/搖錢樹","/c/en/historical","/c/ca/marquès","/c/en/marquess"],"weight":0.2065399999999999},"num_concepts_raised":4941},{"base_id":442,"kind":"bot_words","i1":1,"i2":4,"sol":{"path":["/c/en/shaken","/c/en/shake","/c/en/first","/c/en/frist"],"weight":0.20564999999999978},"num_concepts_raised":23458},{"base_id":442,"kind":"bot_words","i1":1,"i2":5,"sol":{"path":["/c/en/shaken","/c/en/agitated","/c/en/unsteady","/c/en/uneven"],"weight":0.20956999999999942},"num_concepts_raised":20361},{"base_id":442,"kind":"bot_words","i1":1,"i2":6,"sol":{"path":["/c/en/shaken","/c/zh/搖錢樹","/c/en/tree","/c/en/leaves"],"weight":0.2070699999999989},"num_concepts_raised":49981},{"base_id":442,"kind":"bot_words","i1":1,"i2":7,"sol":{"path":["/c/en/shaken","/c/en/shake","/c/en/earth","/c/fr/astronomie","/c/en/stephano"],"weight":0.20953999999999962},"num_concepts_raised":10996},{"base_id":442,"kind":"bot_words","i1":1,"i2":8,"sol":{"path":["/c/en/shaken","/c/zh/搖錢樹","/c/en/historical","/c/en/glib","/c/en/glibness"],"weight":0.20400999999999975},"num_concepts_raised":2244},{"base_id":442,"kind":"bot_words","i1":1,"i2":9,"sol":{"path":["/c/en/shaken","/c/en/agitated","/c/en/work","/c/en/effort","/c/en/striving"],"weight":0.2060499999999995},"num_concepts_raised":5344},{"base_id":442,"kind":"bot_words","i1":2,"i2":3,"sol":{"path":["/c/en/oxidase","/c/en/oxide","/c/en/state","/c/en/duke","/c/en/marquess"],"weight":0.20557999999999998},"num_concepts_raised":9104},{"base_id":442,"kind":"bot_words","i1":2,"i2":4,"sol":{"path":["/c/en/oxidase","/c/en/oxide","/c/en/old","/c/en/time","/c/en/frist"],"weight":0.20553999999999986},"num_concepts_raised":27673},{"base_id":442,"kind":"bot_words","i1":2,"i2":5,"sol":{"path":["/c/en/oxidase","/c/en/oxide","/c/en/compound","/c/en/rough","/c/en/uneven"],"weight":0.21023999999999954},"num_concepts_raised":24624},{"base_id":442,"kind":"bot_words","i1":2,"i2":6,"sol":{"path":["/c/en/oxidase","/c/en/oxygen","/c/en/tree","/c/en/leaves"],"weight":0.20716999999999902},"num_concepts_raised":54208},{"base_id":442,"kind":"bot_words","i1":2,"i2":7,"sol":{"path":["/c/en/oxidase","/c/en/oxide","/c/en/binary","/c/en/astronomy","/c/en/stephano"],"weight":0.20933999999999975},"num_concepts_raised":15147},{"base_id":442,"kind":"bot_words","i1":2,"i2":8,"sol":{"path":["/c/en/oxidase","/c/en/enzyme","/c/en/tangible_thing","/c/en/slickness","/c/en/glibness"],"weight":0.20318999999999987},"num_concepts_raised":6397},{"base_id":442,"kind":"bot_words","i1":2,"i2":9,"sol":{"path":["/c/en/oxidase","/c/en/oxide","/c/en/mental","/c/en/nisus","/c/en/striving"],"weight":0.20562999999999965},"num_concepts_raised":9521},{"base_id":442,"kind":"bot_words","i1":3,"i2":4,"sol":{"path":["/c/en/marquess","/c/en/lord","/c/en/time","/c/en/frist"],"weight":0.20551000000000003},"num_concepts_raised":24505},{"base_id":442,"kind":"bot_words","i1":3,"i2":5,"sol":{"path":["/c/en/marquess","/c/en/march","/c/en/military","/c/en/rough","/c/en/uneven"],"weight":0.2101899999999997},"num_concepts_raised":21520},{"base_id":442,"kind":"bot_words","i1":3,"i2":6,"sol":{"path":["/c/en/marquess","/c/en/earl","/c/en/tea","/c/en/leaves"],"weight":0.20757999999999918},"num_concepts_raised":51080},{"base_id":442,"kind":"bot_words","i1":3,"i2":7,"sol":{"path":["/c/en/marquess","/c/fr/marquis","/c/fr/terre","/c/fr/astronomie","/c/en/stephano"],"weight":0.2118299999999999},"num_concepts_raised":12098},{"base_id":442,"kind":"bot_words","i1":3,"i2":8,"sol":{"path":["/c/en/marquess","/c/ca/marquès","/c/en/historical","/c/en/glib","/c/en/glibness"],"weight":0.20711000000000002},"num_concepts_raised":3362},{"base_id":442,"kind":"bot_words","i1":3,"i2":9,"sol":{"path":["/c/en/marquess","/c/fr/marquis","/c/fr/terre","/c/fr/souche","/c/en/striving"],"weight":0.2070099999999998},"num_concepts_raised":6459},{"base_id":442,"kind":"bot_words","i1":4,"i2":5,"sol":{"path":["/c/en/frist","/c/en/dialectal","/c/en/even","/c/en/uneven"],"weight":0.20847999999999955},"num_concepts_raised":39538},{"base_id":442,"kind":"bot_words","i1":4,"i2":6,"sol":{"path":["/c/en/frist","/c/en/time","/c/en/leave","/c/en/leaves"],"weight":0.20869999999999905},"num_concepts_raised":68459},{"base_id":442,"kind":"bot_words","i1":4,"i2":7,"sol":{"path":["/c/en/frist","/c/en/period","/c/en/planet","/c/en/stephano"],"weight":0.20824999999999977},"num_concepts_raised":30618},{"base_id":442,"kind":"bot_words","i1":4,"i2":8,"sol":{"path":["/c/en/frist","/c/en/uk","/c/en/lib","/c/en/glib","/c/en/glibness"],"weight":0.2049399999999999},"num_concepts_raised":21954},{"base_id":442,"kind":"bot_words","i1":4,"i2":9,"sol":{"path":["/c/en/frist","/c/en/time","/c/syc/ܕܪܐ","/c/en/striving"],"weight":0.20461999999999966},"num_concepts_raised":24894},{"base_id":442,"kind":"bot_words","i1":5,"i2":6,"sol":{"path":["/c/en/uneven","/c/en/level","/c/en/leave","/c/en/leaves"],"weight":0.2116199999999987},"num_concepts_raised":65831},{"base_id":442,"kind":"bot_words","i1":5,"i2":7,"sol":{"path":["/c/en/uneven","/c/en/rough","/c/en/terra","/c/fr/astronomie","/c/en/stephano"],"weight":0.21407999999999944},"num_concepts_raised":27548},{"base_id":442,"kind":"bot_words","i1":5,"i2":8,"sol":{"path":["/c/en/uneven","/c/en/smooth","/c/en/glib","/c/en/glibness"],"weight":0.20816999999999955},"num_concepts_raised":18884},{"base_id":442,"kind":"bot_words","i1":5,"i2":9,"sol":{"path":["/c/en/uneven","/c/en/level","/c/en/achievement","/c/en/striving"],"weight":0.20756999999999934},"num_concepts_raised":21922},{"base_id":442,"kind":"bot_words","i1":6,"i2":7,"sol":{"path":["/c/en/leaves","/c/en/roof","/c/en/astronomy","/c/en/stephano"],"weight":0.21028999999999892},"num_concepts_raised":57125},{"base_id":442,"kind":"bot_words","i1":6,"i2":8,"sol":{"path":["/c/en/leaves","/c/en/grass","/c/en/hair","/c/en/glib","/c/en/glibness"],"weight":0.20622999999999905},"num_concepts_raised":48548},{"base_id":442,"kind":"bot_words","i1":6,"i2":9,"sol":{"path":["/c/en/leaves","/c/en/leave","/c/en/attempt","/c/en/striving"],"weight":0.20783999999999883},"num_concepts_raised":51469},{"base_id":442,"kind":"bot_words","i1":7,"i2":8,"sol":{"path":["/c/en/stephano","/c/en/planet","/c/en/historical","/c/en/glib","/c/en/glibness"],"weight":0.20888999999999977},"num_concepts_raised":9410},{"base_id":442,"kind":"bot_words","i1":7,"i2":9,"sol":{"path":["/c/en/stephano","/c/en/astronomy","/c/en/physical","/c/en/nisus","/c/en/striving"],"weight":0.20944999999999953},"num_concepts_raised":12525},{"base_id":442,"kind":"bot_words","i1":8,"i2":9,"sol":{"path":["/c/en/glibness","/c/ga/líofacht","/c/en/keenness","/c/es/afán","/c/en/striving"],"weight":0.20313999999999968},"num_concepts_raised":3778}],[{"base_id":442,"kind":"top_words","i1":0,"i2":1,"sol":{"path":["/c/en/anggun","/c/en/musical_artist","/c/en/glory","/c/en/god","/c/en/godchild"],"weight":0.20998999999999962},"num_concepts_raised":9193},{"base_id":442,"kind":"top_words","i1":0,"i2":2,"sol":{"path":["/c/en/anggun","/c/en/musical_artist","/c/en/nine","/c/en/nona","/c/en/clotho"],"weight":0.20944999999999966},"num_concepts_raised":6782},{"base_id":442,"kind":"top_words","i1":0,"i2":3,"sol":{"path":["/c/en/anggun","/c/en/musical_artist","/c/en/bow_wow","/c/en/bark","/c/en/baff"],"weight":0.20831999999999956},"num_concepts_raised":6698},{"base_id":442,"kind":"top_words","i1":0,"i2":4,"sol":{"path":["/c/en/anggun","/c/en/musical_artist","/c/en/black","/c/en/color","/c/en/colorize"],"weight":0.20960999999999966},"num_concepts_raised":3385},{"base_id":442,"kind":"top_words","i1":0,"i2":5,"sol":{"path":["/c/en/anggun","/c/en/musical_artist","/c/en/sheila","/c/fr/femme","/c/fr/déshabillé","/c/en/negligee"],"weight":0.21565539999999928},"num_concepts_raised":159260},{"base_id":442,"kind":"top_words","i1":0,"i2":6,"sol":{"path":["/c/en/anggun","/c/en/musical_artist","/c/en/wing","/c/en/bird","/c/en/rosella"],"weight":0.21354999999999952},"num_concepts_raised":9036},{"base_id":442,"kind":"top_words","i1":0,"i2":7,"sol":{"path":["/c/en/anggun","/c/en/musical_artist","/c/en/amber","/c/en/biochemistry","/c/en/biochemically"],"weight":0.20830999999999958},"num_concepts_raised":4177},{"base_id":442,"kind":"top_words","i1":0,"i2":8,"sol":{"path":["/c/en/anggun","/c/en/musical_artist","/c/en/skin","/c/en/clothing","/c/en/coverall"],"weight":0.20849999999999963},"num_concepts_raised":14074},{"base_id":442,"kind":"top_words","i1":0,"i2":9,"sol":{"path":["/c/en/anggun","/c/en/musical_artist","/c/en/fish","/c/en/school","/c/en/preschooler"],"weight":0.2085399999999996},"num_concepts_raised":4850},{"base_id":442,"kind":"top_words","i1":1,"i2":2,"sol":{"path":["/c/en/godchild","/c/en/god","/c/en/fates","/c/en/clotho"],"weight":0.20553},"num_concepts_raised":14632},{"base_id":442,"kind":"top_words","i1":1,"i2":3,"sol":{"path":["/c/en/godchild","/c/en/godfather","/c/en/man","/c/en/club","/c/en/baff"],"weight":0.20666999999999985},"num_concepts_raised":14593},{"base_id":442,"kind":"top_words","i1":1,"i2":4,"sol":{"path":["/c/en/godchild","/c/en/godfather","/c/en/horse","/c/en/color","/c/en/colorize"],"weight":0.20792999999999995},"num_concepts_raised":11315},{"base_id":442,"kind":"top_words","i1":1,"i2":5,"sol":{"path":["/c/en/godchild","/c/en/god","/c/en/body","/c/fr/vêtements","/c/en/negligee"],"weight":0.20456999999999986},"num_concepts_raised":10611},{"base_id":442,"kind":"top_words","i1":1,"i2":6,"sol":{"path":["/c/en/godchild","/c/en/baby","/c/en/bird","/c/en/rosella"],"weight":0.20938999999999985},"num_concepts_raised":16910},{"base_id":442,"kind":"top_words","i1":1,"i2":7,"sol":{"path":["/c/en/godchild","/c/en/god","/c/en/bile","/c/en/biochemistry","/c/en/biochemically"],"weight":0.2043999999999999},"num_concepts_raised":12123},{"base_id":442,"kind":"top_words","i1":1,"i2":8,"sol":{"path":["/c/en/godchild","/c/en/godfather","/c/en/horse","/c/en/us","/c/en/coverall"],"weight":0.20677999999999994},"num_concepts_raised":21896},{"base_id":442,"kind":"top_words","i1":1,"i2":9,"sol":{"path":["/c/en/godchild","/c/en/child","/c/en/preschooler"],"weight":0.202},"num_concepts_raised":120},{"base_id":442,"kind":"top_words","i1":2,"i2":3,"sol":{"path":["/c/en/clotho","/c/en/asteroid","/c/en/space","/c/en/club","/c/en/baff"],"weight":0.20284999999999992},"num_concepts_raised":12220},{"base_id":442,"kind":"top_words","i1":2,"i2":4,"sol":{"path":["/c/en/clotho","/c/en/greek_god","/c/en/iris","/c/en/color","/c/en/colorize"],"weight":0.20417000000000002},"num_concepts_raised":8906},{"base_id":442,"kind":"top_words","i1":2,"i2":5,"sol":{"path":["/c/en/clotho","/c/en/roman","/c/en/historical","/c/en/camisole","/c/en/negligee"],"weight":0.20398999999999992},"num_concepts_raised":8213},{"base_id":442,"kind":"top_words","i1":2,"i2":6,"sol":{"path":["/c/en/clotho","/c/en/greek_god","/c/en/rhea","/c/en/bird","/c/en/rosella"],"weight":0.2081099999999999},"num_concepts_raised":14553},{"base_id":442,"kind":"top_words","i1":2,"i2":7,"sol":{"path":["/c/en/clotho","/c/en/thread_of_life","/c/en/dna","/c/en/biochemistry","/c/en/biochemically"],"weight":0.20383999999999994},"num_concepts_raised":9715},{"base_id":442,"kind":"top_words","i1":2,"i2":8,"sol":{"path":["/c/en/clotho","/c/en/astronomy","/c/en/conjunction","/c/fr/combinaison","/c/en/coverall"],"weight":0.20395},"num_concepts_raised":19571},{"base_id":442,"kind":"top_words","i1":2,"i2":9,"sol":{"path":["/c/en/clotho","/c/en/astronomy","/c/en/girl","/c/en/child","/c/en/preschooler"],"weight":0.20305999999999996},"num_concepts_raised":10372},{"base_id":442,"kind":"top_words","i1":3,"i2":4,"sol":{"path":["/c/en/baff","/c/en/buff","/c/fr/couleur","/c/en/color","/c/en/colorize"],"weight":0.20406999999999992},"num_concepts_raised":8811},{"base_id":442,"kind":"top_words","i1":3,"i2":5,"sol":{"path":["/c/en/baff","/c/en/blank","/c/en/historical","/c/en/camisole","/c/en/negligee"],"weight":0.2038199999999998},"num_concepts_raised":8114},{"base_id":442,"kind":"top_words","i1":3,"i2":6,"sol":{"path":["/c/en/baff","/c/en/hit","/c/en/slang","/c/en/bird","/c/en/rosella"],"weight":0.2079699999999998},"num_concepts_raised":14416},{"base_id":442,"kind":"top_words","i1":3,"i2":7,"sol":{"path":["/c/en/baff","/c/en/bark","/c/en/betulin","/c/en/biochemistry","/c/en/biochemically"],"weight":0.20269999999999982},"num_concepts_raised":9634},{"base_id":442,"kind":"top_words","i1":3,"i2":8,"sol":{"path":["/c/en/baff","/c/en/hit","/c/en/us","/c/en/coverall"],"weight":0.20280999999999988},"num_concepts_raised":19310},{"base_id":442,"kind":"top_words","i1":3,"i2":9,"sol":{"path":["/c/en/baff","/c/en/club","/c/en/school","/c/en/preschooler"],"weight":0.20289999999999986},"num_concepts_raised":10249},{"base_id":442,"kind":"top_words","i1":4,"i2":5,"sol":{"path":["/c/en/colorize","/c/en/color","/c/en/ribbon","/c/fr/vêtements","/c/en/negligee"],"weight":0.2041599999999999},"num_concepts_raised":4814},{"base_id":442,"kind":"top_words","i1":4,"i2":6,"sol":{"path":["/c/en/colorize","/c/en/color","/c/en/colour","/c/en/lorikeet","/c/en/rosella"],"weight":0.2113699999999999},"num_concepts_raised":11161},{"base_id":442,"kind":"top_words","i1":4,"i2":7,"sol":{"path":["/c/en/colorize","/c/en/color","/c/en/sense","/c/en/biochemistry","/c/en/biochemically"],"weight":0.20398999999999995},"num_concepts_raised":6314},{"base_id":442,"kind":"top_words","i1":4,"i2":8,"sol":{"path":["/c/en/colorize","/c/en/color","/c/en/all","/c/en/coverall"],"weight":0.20406},"num_concepts_raised":16117},{"base_id":442,"kind":"top_words","i1":4,"i2":9,"sol":{"path":["/c/en/colorize","/c/en/color","/c/en/art","/c/en/school","/c/en/preschooler"],"weight":0.20423999999999995},"num_concepts_raised":6974},{"base_id":442,"kind":"top_words","i1":5,"i2":6,"sol":{"path":["/c/en/negligee","/c/fr/déshabillé","/c/fr/femme","/c/en/bird","/c/en/rosella"],"weight":0.2100999999999998},"num_concepts_raised":10472},{"base_id":442,"kind":"top_words","i1":5,"i2":7,"sol":{"path":["/c/en/negligee","/c/fr/déshabillé","/c/fr/intérieur","/c/en/in","/c/en/biochemistry","/c/en/biochemically"],"weight":0.20974759999999926},"num_concepts_raised":195091},{"base_id":442,"kind":"top_words","i1":5,"i2":8,"sol":{"path":["/c/en/negligee","/c/fr/vêtements","/c/en/overall","/c/en/coverall"],"weight":0.20512999999999987},"num_concepts_raised":15344},{"base_id":442,"kind":"top_words","i1":5,"i2":9,"sol":{"path":["/c/en/negligee","/c/fr/vêtements","/c/en/body","/c/en/school","/c/en/preschooler"],"weight":0.20309999999999984},"num_concepts_raised":6269},{"base_id":442,"kind":"top_words","i1":6,"i2":7,"sol":{"path":["/c/en/rosella","/c/en/bird","/c/en/living","/c/en/biochemistry","/c/en/biochemically"],"weight":0.20792999999999984},"num_concepts_raised":11967},{"base_id":442,"kind":"top_words","i1":6,"i2":8,"sol":{"path":["/c/en/rosella","/c/en/bird","/c/en/us","/c/en/coverall"],"weight":0.20804999999999987},"num_concepts_raised":21544},{"base_id":442,"kind":"top_words","i1":6,"i2":9,"sol":{"path":["/c/en/rosella","/c/en/australia","/c/en/kindergarten","/c/en/preschool","/c/en/preschooler"],"weight":0.21023999999999982},"num_concepts_raised":12594},{"base_id":442,"kind":"top_words","i1":7,"i2":8,"sol":{"path":["/c/en/biochemically","/c/en/biochemistry","/c/en/zipper","/c/en/clothing","/c/en/coverall"],"weight":0.2028899999999999},"num_concepts_raised":17018},{"base_id":442,"kind":"top_words","i1":7,"i2":9,"sol":{"path":["/c/en/biochemically","/c/en/biochemistry","/c/en/chemistry","/c/en/school","/c/en/preschooler"],"weight":0.20293999999999987},"num_concepts_raised":7779},{"base_id":442,"kind":"top_words","i1":8,"i2":9,"sol":{"path":["/c/en/coverall","/c/en/us","/c/en/school","/c/en/preschooler"],"weight":0.20304999999999992},"num_concepts_raised":17560}]]