[[{"base_id":730,"kind":"bot_words","i1":0,"i2":1,"sol":{"path":["/c/en/underprivileged","/c/en/unfortunate","/c/en/person","/c/en/esau","/c/en/edom"],"weight":0.21156999999999987},"num_concepts_raised":15579},{"base_id":730,"kind":"bot_words","i1":0,"i2":2,"sol":{"path":["/c/en/underprivileged","/c/en/poor","/c/en/rich","/c/en/air","/c/en/airflow"],"weight":0.2046599999999999},"num_concepts_raised":7871},{"base_id":730,"kind":"bot_words","i1":0,"i2":3,"sol":{"path":["/c/en/underprivileged","/c/en/poor","/c/en/arm","/c/en/uk","/c/en/lib"],"weight":0.2054399999999999},"num_concepts_raised":18196},{"base_id":730,"kind":"bot_words","i1":0,"i2":4,"sol":{"path":["/c/en/underprivileged","/c/en/poor","/c/en/state","/c/en/decay","/c/en/decomposition"],"weight":0.2155799999999993},"num_concepts_raised":32519},{"base_id":730,"kind":"bot_words","i1":0,"i2":5,"sol":{"path":["/c/en/underprivileged","/c/en/unfortunate","/c/en/person","/c/en/artist","/c/en/etcher"],"weight":0.20401999999999998},"num_concepts_raised":5075},{"base_id":730,"kind":"bot_words","i1":0,"i2":6,"sol":{"path":["/c/en/underprivileged","/c/en/poor","/c/en/people","/c/en/talk","/c/en/talking"],"weight":0.210469999999999},"num_concepts_raised":49612},{"base_id":730,"kind":"bot_words","i1":0,"i2":7,"sol":{"path":["/c/en/underprivileged","/c/en/poor","/c/en/money","/c/en/band","/c/en/xx"],"weight":0.20938999999999983},"num_concepts_raised":9400},{"base_id":730,"kind":"bot_words","i1":0,"i2":8,"sol":{"path":["/c/en/underprivileged","/c/en/poor","/c/en/adjective","/c/en/ancient","/c/en/barbat"],"weight":0.20921999999999996},"num_concepts_raised":5800},{"base_id":730,"kind":"bot_words","i1":0,"i2":9,"sol":{"path":["/c/en/underprivileged","/c/en/poor","/c/en/good","/c/en/sale","/c/en/advertised"],"weight":0.20421999999999996},"num_concepts_raised":4031},{"base_id":730,"kind":"bot_words","i1":1,"i2":2,"sol":{"path":["/c/en/edom","/c/en/region","/c/en/air","/c/en/airflow"],"weight":0.20856999999999976},"num_concepts_raised":18577},{"base_id":730,"kind":"bot_words","i1":1,"i2":3,"sol":{"path":["/c/en/edom","/c/en/country","/c/en/uk","/c/en/lib"],"weight":0.20940999999999976},"num_concepts_raised":28502},{"base_id":730,"kind":"bot_words","i1":1,"i2":4,"sol":{"path":["/c/en/edom","/c/en/historical","/c/en/matrix","/c/en/decomposition"],"weight":0.21660999999999916},"num_concepts_raised":43078},{"base_id":730,"kind":"bot_words","i1":1,"i2":5,"sol":{"path":["/c/en/edom","/c/en/region","/c/en/tangible_thing","/c/en/etcher"],"weight":0.20812999999999982},"num_concepts_raised":15803},{"base_id":730,"kind":"bot_words","i1":1,"i2":6,"sol":{"path":["/c/en/edom","/c/en/country","/c/en/language","/c/en/talking"],"weight":0.21251999999999882},"num_concepts_raised":59973},{"base_id":730,"kind":"bot_words","i1":1,"i2":7,"sol":{"path":["/c/en/edom","/c/en/esau","/c/en/person","/c/en/female","/c/en/xx"],"weight":0.21541999999999967},"num_concepts_raised":20063},{"base_id":730,"kind":"bot_words","i1":1,"i2":8,"sol":{"path":["/c/en/edom","/c/en/esau","/c/en/person","/c/en/ancient","/c/en/barbat"],"weight":0.2152699999999998},"num_concepts_raised":16413},{"base_id":730,"kind":"bot_words","i1":1,"i2":9,"sol":{"path":["/c/en/edom","/c/he/אדום","/c/en/red","/c/en/sale","/c/en/advertised"],"weight":0.2101799999999998},"num_concepts_raised":14806},{"base_id":730,"kind":"bot_words","i1":2,"i2":3,"sol":{"path":["/c/en/airflow","/c/en/air","/c/en/magic","/c/en/lib"],"weight":0.2033499999999998},"num_concepts_raised":21132},{"base_id":730,"kind":"bot_words","i1":2,"i2":4,"sol":{"path":["/c/en/airflow","/c/en/air","/c/en/chemistry","/c/en/decomposition"],"weight":0.21203999999999923},"num_concepts_raised":35358},{"base_id":730,"kind":"bot_words","i1":2,"i2":5,"sol":{"path":["/c/en/airflow","/c/en/air","/c/en/substance","/c/en/etch","/c/en/etcher"],"weight":0.20405999999999985},"num_concepts_raised":8115},{"base_id":730,"kind":"bot_words","i1":2,"i2":6,"sol":{"path":["/c/en/airflow","/c/en/moving","/c/en/talk","/c/en/talking"],"weight":0.20907999999999888},"num_concepts_raised":52219},{"base_id":730,"kind":"bot_words","i1":2,"i2":7,"sol":{"path":["/c/en/airflow","/c/en/air","/c/en/band","/c/en/xx"],"weight":0.20827999999999974},"num_concepts_raised":12401},{"base_id":730,"kind":"bot_words","i1":2,"i2":8,"sol":{"path":["/c/en/airflow","/c/ja/気流","/c/en/wind","/c/en/lute","/c/en/barbat"],"weight":0.20919999999999986},"num_concepts_raised":8844},{"base_id":730,"kind":"bot_words","i1":2,"i2":9,"sol":{"path":["/c/en/airflow","/c/en/moving","/c/en/sale","/c/en/advertised"],"weight":0.20298999999999984},"num_concepts_raised":7071},{"base_id":730,"kind":"bot_words","i1":3,"i2":4,"sol":{"path":["/c/en/lib","/c/fr/libération","/c/fr/désintégration","/c/en/decomposition"],"weight":0.2114299999999992},"num_concepts_raised":45653},{"base_id":730,"kind":"bot_words","i1":3,"i2":5,"sol":{"path":["/c/en/lib","/c/en/uk","/c/en/metal","/c/en/etch","/c/en/etcher"],"weight":0.20490999999999987},"num_concepts_raised":18471},{"base_id":730,"kind":"bot_words","i1":3,"i2":6,"sol":{"path":["/c/en/lib","/c/en/charm","/c/en/sound","/c/en/talking"],"weight":0.2073699999999989},"num_concepts_raised":62304},{"base_id":730,"kind":"bot_words","i1":3,"i2":7,"sol":{"path":["/c/en/lib","/c/en/dem","/c/en/slang","/c/en/twenty","/c/en/xx"],"weight":0.20922999999999972},"num_concepts_raised":22700},{"base_id":730,"kind":"bot_words","i1":3,"i2":8,"sol":{"path":["/c/en/lib","/c/en/uk","/c/en/ancient","/c/en/barbat"],"weight":0.20898999999999984},"num_concepts_raised":19178},{"base_id":730,"kind":"bot_words","i1":3,"i2":9,"sol":{"path":["/c/en/lib","/c/en/uk","/c/en/asa","/c/en/advertise","/c/en/advertised"],"weight":0.20491999999999982},"num_concepts_raised":17424},{"base_id":730,"kind":"bot_words","i1":4,"i2":5,"sol":{"path":["/c/en/decomposition","/c/en/organic_matter","/c/en/tangible_thing","/c/en/etcher"],"weight":0.21107999999999927},"num_concepts_raised":32702},{"base_id":730,"kind":"bot_words","i1":4,"i2":6,"sol":{"path":["/c/en/decomposition","/c/en/explosion","/c/en/sound","/c/en/talking"],"weight":0.2155699999999983},"num_concepts_raised":76447},{"base_id":730,"kind":"bot_words","i1":4,"i2":7,"sol":{"path":["/c/en/decomposition","/c/en/biology","/c/en/genetics","/c/en/xx"],"weight":0.21639999999999915},"num_concepts_raised":36841},{"base_id":730,"kind":"bot_words","i1":4,"i2":8,"sol":{"path":["/c/en/decomposition","/c/en/decay","/c/en/fruit","/c/en/pear","/c/en/barbat"],"weight":0.21915999999999924},"num_concepts_raised":33479},{"base_id":730,"kind":"bot_words","i1":4,"i2":9,"sol":{"path":["/c/en/decomposition","/c/en/decay","/c/en/down","/c/en/sale","/c/en/advertised"],"weight":0.21404999999999924},"num_concepts_raised":31729},{"base_id":730,"kind":"bot_words","i1":5,"i2":6,"sol":{"path":["/c/en/etcher","/c/en/tangible_thing","/c/en/communication","/c/en/talking"],"weight":0.20704999999999896},"num_concepts_raised":49871},{"base_id":730,"kind":"bot_words","i1":5,"i2":7,"sol":{"path":["/c/en/etcher","/c/en/artist","/c/en/band","/c/en/xx"],"weight":0.2078599999999998},"num_concepts_raised":9621},{"base_id":730,"kind":"bot_words","i1":5,"i2":8,"sol":{"path":["/c/en/etcher","/c/en/etch","/c/en/art","/c/en/ancient","/c/en/barbat"],"weight":0.20873999999999993},"num_concepts_raised":6040},{"base_id":730,"kind":"bot_words","i1":5,"i2":9,"sol":{"path":["/c/en/etcher","/c/en/etch","/c/en/mark","/c/en/sale","/c/en/advertised"],"weight":0.20363999999999993},"num_concepts_raised":4284},{"base_id":730,"kind":"bot_words","i1":6,"i2":7,"sol":{"path":["/c/en/talking","/c/en/noise","/c/en/genetics","/c/en/xx"],"weight":0.2111699999999988},"num_concepts_raised":53985},{"base_id":730,"kind":"bot_words","i1":6,"i2":8,"sol":{"path":["/c/en/talking","/c/en/language","/c/en/persian","/c/en/barbat"],"weight":0.21209999999999893},"num_concepts_raised":50504},{"base_id":730,"kind":"bot_words","i1":6,"i2":9,"sol":{"path":["/c/en/talking","/c/en/talk","/c/en/cry","/c/en/advertise","/c/en/advertised"],"weight":0.20983999999999892},"num_concepts_raised":48782},{"base_id":730,"kind":"bot_words","i1":7,"i2":8,"sol":{"path":["/c/en/xx","/c/en/band","/c/en/musical_instruments","/c/en/barbat"],"weight":0.21296999999999977},"num_concepts_raised":10349},{"base_id":730,"kind":"bot_words","i1":7,"i2":9,"sol":{"path":["/c/en/xx","/c/en/female","/c/en/plug","/c/en/advertise","/c/en/advertised"],"weight":0.20885999999999977},"num_concepts_raised":8622},{"base_id":730,"kind":"bot_words","i1":8,"i2":9,"sol":{"path":["/c/en/barbat","/c/en/ancient","/c/he/קדם","/c/en/advertise","/c/en/advertised"],"weight":0.2087199999999999},"num_concepts_raised":5015}],[{"base_id":730,"kind":"top_words","i1":0,"i2":1,"sol":{"path":["/c/en/nijmegen","/c/en/netherlands","/c/en/groningen"],"weight":0.20800000000000002},"num_concepts_raised":155},{"base_id":730,"kind":"top_words","i1":0,"i2":2,"sol":{"path":["/c/en/nijmegen","/c/en/netherlands","/c/en/eindhoven"],"weight":0.20800000000000002},"num_concepts_raised":151},{"base_id":730,"kind":"top_words","i1":0,"i2":3,"sol":{"path":["/c/en/nijmegen","/c/en/netherlands","/c/en/utrecht"],"weight":0.20900000000000002},"num_concepts_raised":168},{"base_id":730,"kind":"top_words","i1":0,"i2":4,"sol":{"path":["/c/en/nijmegen","/c/en/netherlands","/c/en/rotterdam"],"weight":0.20700000000000002},"num_concepts_raised":170},{"base_id":730,"kind":"top_words","i1":0,"i2":5,"sol":{"path":["/c/en/nijmegen","/c/en/netherlands","/c/en/arnhem"],"weight":0.20800000000000002},"num_concepts_raised":155},{"base_id":730,"kind":"top_words","i1":0,"i2":6,"sol":{"path":["/c/en/nijmegen","/c/en/netherlands","/c/en/germany","/c/en/rostock"],"weight":0.22092999999999963},"num_concepts_raised":6460},{"base_id":730,"kind":"top_words","i1":0,"i2":7,"sol":{"path":["/c/en/nijmegen","/c/en/city","/c/en/bielefeld"],"weight":0.20600000000000002},"num_concepts_raised":145},{"base_id":730,"kind":"top_words","i1":0,"i2":8,"sol":{"path":["/c/en/nijmegen","/c/en/city","/c/en/bochum"],"weight":0.20600000000000002},"num_concepts_raised":144},{"base_id":730,"kind":"top_words","i1":0,"i2":9,"sol":{"path":["/c/en/nijmegen","/c/en/netherlands","/c/en/tilburg"],"weight":0.20700000000000002},"num_concepts_raised":137},{"base_id":730,"kind":"top_words","i1":1,"i2":2,"sol":{"path":["/c/en/groningen","/c/en/netherlands","/c/en/eindhoven"],"weight":0.20800000000000002},"num_concepts_raised":152},{"base_id":730,"kind":"top_words","i1":1,"i2":3,"sol":{"path":["/c/en/groningen","/c/en/netherlands","/c/en/utrecht"],"weight":0.20900000000000002},"num_concepts_raised":169},{"base_id":730,"kind":"top_words","i1":1,"i2":4,"sol":{"path":["/c/en/groningen","/c/en/city","/c/en/rotterdam"],"weight":0.20700000000000002},"num_concepts_raised":171},{"base_id":730,"kind":"top_words","i1":1,"i2":5,"sol":{"path":["/c/en/groningen","/c/en/netherlands","/c/en/arnhem"],"weight":0.20800000000000002},"num_concepts_raised":157},{"base_id":730,"kind":"top_words","i1":1,"i2":6,"sol":{"path":["/c/en/groningen","/c/en/city","/c/en/germany","/c/en/rostock"],"weight":0.22099999999999975},"num_concepts_raised":6507},{"base_id":730,"kind":"top_words","i1":1,"i2":7,"sol":{"path":["/c/en/groningen","/c/en/city","/c/en/bielefeld"],"weight":0.20700000000000002},"num_concepts_raised":146},{"base_id":730,"kind":"top_words","i1":1,"i2":8,"sol":{"path":["/c/en/groningen","/c/en/city","/c/en/bochum"],"weight":0.20700000000000002},"num_concepts_raised":145},{"base_id":730,"kind":"top_words","i1":1,"i2":9,"sol":{"path":["/c/en/groningen","/c/en/city","/c/en/tilburg"],"weight":0.20700000000000002},"num_concepts_raised":138},{"base_id":730,"kind":"top_words","i1":2,"i2":3,"sol":{"path":["/c/en/eindhoven","/c/en/netherlands","/c/en/utrecht"],"weight":0.20900000000000002},"num_concepts_raised":165},{"base_id":730,"kind":"top_words","i1":2,"i2":4,"sol":{"path":["/c/en/eindhoven","/c/en/netherlands","/c/en/rotterdam"],"weight":0.20700000000000002},"num_concepts_raised":167},{"base_id":730,"kind":"top_words","i1":2,"i2":5,"sol":{"path":["/c/en/eindhoven","/c/en/netherlands","/c/en/arnhem"],"weight":0.20800000000000002},"num_concepts_raised":153},{"base_id":730,"kind":"top_words","i1":2,"i2":6,"sol":{"path":["/c/en/eindhoven","/c/en/netherlands","/c/en/germany","/c/en/rostock"],"weight":0.22087999999999963},"num_concepts_raised":6609},{"base_id":730,"kind":"top_words","i1":2,"i2":7,"sol":{"path":["/c/en/eindhoven","/c/en/city","/c/en/bielefeld"],"weight":0.20600000000000002},"num_concepts_raised":142},{"base_id":730,"kind":"top_words","i1":2,"i2":8,"sol":{"path":["/c/en/eindhoven","/c/en/city","/c/en/bochum"],"weight":0.20600000000000002},"num_concepts_raised":141},{"base_id":730,"kind":"top_words","i1":2,"i2":9,"sol":{"path":["/c/en/eindhoven","/c/en/netherlands","/c/en/tilburg"],"weight":0.20700000000000002},"num_concepts_raised":133},{"base_id":730,"kind":"top_words","i1":3,"i2":4,"sol":{"path":["/c/en/utrecht","/c/en/netherlands","/c/en/rotterdam"],"weight":0.20800000000000002},"num_concepts_raised":183},{"base_id":730,"kind":"top_words","i1":3,"i2":5,"sol":{"path":["/c/en/utrecht","/c/en/netherlands","/c/en/arnhem"],"weight":0.20900000000000002},"num_concepts_raised":170},{"base_id":730,"kind":"top_words","i1":3,"i2":6,"sol":{"path":["/c/en/utrecht","/c/en/netherlands","/c/en/germany","/c/en/rostock"],"weight":0.22332999999999964},"num_concepts_raised":6601},{"base_id":730,"kind":"top_words","i1":3,"i2":7,"sol":{"path":["/c/en/utrecht","/c/en/city","/c/en/bielefeld"],"weight":0.20700000000000002},"num_concepts_raised":159},{"base_id":730,"kind":"top_words","i1":3,"i2":8,"sol":{"path":["/c/en/utrecht","/c/en/city","/c/en/bochum"],"weight":0.20700000000000002},"num_concepts_raised":158},{"base_id":730,"kind":"top_words","i1":3,"i2":9,"sol":{"path":["/c/en/utrecht","/c/en/netherlands","/c/en/tilburg"],"weight":0.20800000000000002},"num_concepts_raised":151},{"base_id":730,"kind":"top_words","i1":4,"i2":5,"sol":{"path":["/c/en/rotterdam","/c/en/netherlands","/c/en/arnhem"],"weight":0.20700000000000002},"num_concepts_raised":172},{"base_id":730,"kind":"top_words","i1":4,"i2":6,"sol":{"path":["/c/en/rotterdam","/c/en/city","/c/en/germany","/c/en/rostock"],"weight":0.21914999999999962},"num_concepts_raised":6665},{"base_id":730,"kind":"top_words","i1":4,"i2":7,"sol":{"path":["/c/en/rotterdam","/c/en/city","/c/en/bielefeld"],"weight":0.20600000000000002},"num_concepts_raised":161},{"base_id":730,"kind":"top_words","i1":4,"i2":8,"sol":{"path":["/c/en/rotterdam","/c/en/city","/c/en/bochum"],"weight":0.20600000000000002},"num_concepts_raised":160},{"base_id":730,"kind":"top_words","i1":4,"i2":9,"sol":{"path":["/c/en/rotterdam","/c/en/city","/c/en/tilburg"],"weight":0.20600000000000002},"num_concepts_raised":153},{"base_id":730,"kind":"top_words","i1":5,"i2":6,"sol":{"path":["/c/en/arnhem","/c/en/netherlands","/c/en/germany","/c/en/rostock"],"weight":0.22078999999999954},"num_concepts_raised":6458},{"base_id":730,"kind":"top_words","i1":5,"i2":7,"sol":{"path":["/c/en/arnhem","/c/en/city","/c/en/bielefeld"],"weight":0.20600000000000002},"num_concepts_raised":147},{"base_id":730,"kind":"top_words","i1":5,"i2":8,"sol":{"path":["/c/en/arnhem","/c/en/city","/c/en/bochum"],"weight":0.20600000000000002},"num_concepts_raised":146},{"base_id":730,"kind":"top_words","i1":5,"i2":9,"sol":{"path":["/c/en/arnhem","/c/en/netherlands","/c/en/tilburg"],"weight":0.20700000000000002},"num_concepts_raised":139},{"base_id":730,"kind":"top_words","i1":6,"i2":7,"sol":{"path":["/c/en/rostock","/c/en/germany","/c/en/bielefeld"],"weight":0.20900000000000002},"num_concepts_raised":162},{"base_id":730,"kind":"top_words","i1":6,"i2":8,"sol":{"path":["/c/en/rostock","/c/en/germany","/c/en/bochum"],"weight":0.20800000000000002},"num_concepts_raised":161},{"base_id":730,"kind":"top_words","i1":6,"i2":9,"sol":{"path":["/c/en/rostock","/c/en/germany","/c/en/city","/c/en/tilburg"],"weight":0.2183499999999996},"num_concepts_raised":6413},{"base_id":730,"kind":"top_words","i1":7,"i2":8,"sol":{"path":["/c/en/bielefeld","/c/en/germany","/c/en/bochum"],"weight":0.20700000000000002},"num_concepts_raised":133},{"base_id":730,"kind":"top_words","i1":7,"i2":9,"sol":{"path":["/c/en/bielefeld","/c/en/city","/c/en/tilburg"],"weight":0.20600000000000002},"num_concepts_raised":128},{"base_id":730,"kind":"top_words","i1":8,"i2":9,"sol":{"path":["/c/en/bochum","/c/en/city","/c/en/tilburg"],"weight":0.20600000000000002},"num_concepts_raised":127}]]