[[{"base_id":208,"kind":"bot_words","i1":0,"i2":1,"sol":{"path":["/c/en/business","/c/en/trade","/c/en/wind","/c/en/calm"],"weight":0.2603199999999977},"num_concepts_raised":237245},{"base_id":208,"kind":"bot_words","i1":0,"i2":2,"sol":{"path":["/c/en/business","/c/en/enterprise","/c/en/initiative","/c/en/inaugural"],"weight":0.24041000000000032},"num_concepts_raised":187427},{"base_id":208,"kind":"bot_words","i1":0,"i2":3,"sol":{"path":["/c/en/business","/c/en/activity","/c/en/chemistry","/c/en/theanine"],"weight":0.24261000000000038},"num_concepts_raised":201897},{"base_id":208,"kind":"bot_words","i1":0,"i2":4,"sol":{"path":["/c/en/business","/c/en/action","/c/en/talk","/c/en/natter"],"weight":0.23567000000000038},"num_concepts_raised":189800},{"base_id":208,"kind":"bot_words","i1":0,"i2":5,"sol":{"path":["/c/en/business","/c/en/work","/c/en/rest","/c/en/api"],"weight":0.24090000000000028},"num_concepts_raised":189851},{"base_id":208,"kind":"bot_words","i1":0,"i2":6,"sol":{"path":["/c/en/business","/c/en/work","/c/en/mushaira","/c/en/pakistan","/c/en/peshawar"],"weight":0.2407100000000003},"num_concepts_raised":186678},{"base_id":208,"kind":"bot_words","i1":0,"i2":7,"sol":{"path":["/c/en/business","/c/en/los_angeles","/c/en/motown"],"weight":0.20600000000000002},"num_concepts_raised":2324},{"base_id":208,"kind":"bot_words","i1":0,"i2":8,"sol":{"path":["/c/en/business","/c/en/law","/c/en/homicide","/c/en/matricide"],"weight":0.2365100000000005},"num_concepts_raised":188527},{"base_id":208,"kind":"bot_words","i1":0,"i2":9,"sol":{"path":["/c/en/business","/c/en/company","/c/en/espionage"],"weight":0.20700000000000002},"num_concepts_raised":2465},{"base_id":208,"kind":"bot_words","i1":1,"i2":2,"sol":{"path":["/c/en/calm","/c/fi/asettaa","/c/en/inaugurate","/c/en/inaugural"],"weight":0.21719999999999717},"num_concepts_raised":62193},{"base_id":208,"kind":"bot_words","i1":1,"i2":3,"sol":{"path":["/c/en/calm","/c/en/tranquilize","/c/en/drug","/c/en/theanine"],"weight":0.22218999999999728},"num_concepts_raised":76904},{"base_id":208,"kind":"bot_words","i1":1,"i2":4,"sol":{"path":["/c/en/calm","/c/en/quiet","/c/en/talk","/c/en/natter"],"weight":0.22261999999999715},"num_concepts_raised":64820},{"base_id":208,"kind":"bot_words","i1":1,"i2":5,"sol":{"path":["/c/en/calm","/c/en/rest","/c/en/api"],"weight":0.202},"num_concepts_raised":1039},{"base_id":208,"kind":"bot_words","i1":1,"i2":6,"sol":{"path":["/c/en/calm","/c/en/state","/c/en/pakistan","/c/en/peshawar"],"weight":0.2160999999999972},"num_concepts_raised":61207},{"base_id":208,"kind":"bot_words","i1":1,"i2":7,"sol":{"path":["/c/en/calm","/c/en/quiet","/c/en/music","/c/en/motown"],"weight":0.22806999999999705},"num_concepts_raised":69994},{"base_id":208,"kind":"bot_words","i1":1,"i2":8,"sol":{"path":["/c/en/calm","/c/en/like","/c/en/mother","/c/en/matricide"],"weight":0.21639999999999732},"num_concepts_raised":63272},{"base_id":208,"kind":"bot_words","i1":1,"i2":9,"sol":{"path":["/c/en/calm","/c/en/wind","/c/en/company","/c/en/espionage"],"weight":0.22660999999999715},"num_concepts_raised":70364},{"base_id":208,"kind":"bot_words","i1":2,"i2":3,"sol":{"path":["/c/en/inaugural","/c/en/inauguration","/c/en/initiation","/c/en/chemistry","/c/en/theanine"],"weight":0.21030999999999983},"num_concepts_raised":18426},{"base_id":208,"kind":"bot_words","i1":2,"i2":4,"sol":{"path":["/c/en/inaugural","/c/en/inaugurate","/c/en/begin","/c/en/talk","/c/en/natter"],"weight":0.2041099999999998},"num_concepts_raised":6225},{"base_id":208,"kind":"bot_words","i1":2,"i2":5,"sol":{"path":["/c/en/inaugural","/c/en/inaugurate","/c/fi/asettaa","/c/en/rest","/c/en/api"],"weight":0.20422999999999975},"num_concepts_raised":6077},{"base_id":208,"kind":"bot_words","i1":2,"i2":6,"sol":{"path":["/c/en/inaugural","/c/en/beginning","/c/en/state","/c/en/pakistan","/c/en/peshawar"],"weight":0.20328999999999978},"num_concepts_raised":2197},{"base_id":208,"kind":"bot_words","i1":2,"i2":7,"sol":{"path":["/c/en/inaugural","/c/en/inaugural_address","/c/en/united_states","/c/en/detroit","/c/en/motown"],"weight":0.2104399999999997},"num_concepts_raised":11736},{"base_id":208,"kind":"bot_words","i1":2,"i2":8,"sol":{"path":["/c/en/inaugural","/c/fr/inaugural","/c/en/maiden","/c/en/mother","/c/en/matricide"],"weight":0.2066499999999999},"num_concepts_raised":4424},{"base_id":208,"kind":"bot_words","i1":2,"i2":9,"sol":{"path":["/c/en/inaugural","/c/en/beginning","/c/en/act","/c/en/spy","/c/en/espionage"],"weight":0.21579999999999971},"num_concepts_raised":12189},{"base_id":208,"kind":"bot_words","i1":3,"i2":4,"sol":{"path":["/c/en/theanine","/c/en/tea","/c/en/us","/c/en/talk","/c/en/natter"],"weight":0.2078499999999999},"num_concepts_raised":21350},{"base_id":208,"kind":"bot_words","i1":3,"i2":5,"sol":{"path":["/c/en/theanine","/c/en/drug","/c/en/pharmacology","/c/en/api"],"weight":0.20797999999999983},"num_concepts_raised":21061},{"base_id":208,"kind":"bot_words","i1":3,"i2":6,"sol":{"path":["/c/en/theanine","/c/en/chemistry","/c/en/biochemistry","/c/en/english_language","/c/en/pakistan","/c/en/peshawar"],"weight":0.21185729999999803},"num_concepts_raised":538094},{"base_id":208,"kind":"bot_words","i1":3,"i2":7,"sol":{"path":["/c/en/theanine","/c/en/tea","/c/en/city","/c/en/detroit","/c/en/motown"],"weight":0.2152499999999998},"num_concepts_raised":26806},{"base_id":208,"kind":"bot_words","i1":3,"i2":8,"sol":{"path":["/c/en/theanine","/c/en/tea","/c/en/us","/c/en/homicide","/c/en/matricide"],"weight":0.20948999999999995},"num_concepts_raised":19555},{"base_id":208,"kind":"bot_words","i1":3,"i2":9,"sol":{"path":["/c/en/theanine","/c/en/chemistry","/c/en/mole","/c/en/espionage"],"weight":0.21629999999999983},"num_concepts_raised":27195},{"base_id":208,"kind":"bot_words","i1":4,"i2":5,"sol":{"path":["/c/en/natter","/c/en/scotland","/c/en/pickle","/c/en/programming","/c/en/api"],"weight":0.20286999999999977},"num_concepts_raised":8986},{"base_id":208,"kind":"bot_words","i1":4,"i2":6,"sol":{"path":["/c/en/natter","/c/en/scotland","/c/en/country","/c/en/pakistan","/c/en/peshawar"],"weight":0.20291999999999982},"num_concepts_raised":5132},{"base_id":208,"kind":"bot_words","i1":4,"i2":7,"sol":{"path":["/c/en/natter","/c/en/talk","/c/en/human","/c/en/detroit","/c/en/motown"],"weight":0.21005999999999975},"num_concepts_raised":14635},{"base_id":208,"kind":"bot_words","i1":4,"i2":8,"sol":{"path":["/c/en/natter","/c/en/talk","/c/en/us","/c/en/homicide","/c/en/matricide"],"weight":0.20431999999999992},"num_concepts_raised":7357},{"base_id":208,"kind":"bot_words","i1":4,"i2":9,"sol":{"path":["/c/en/natter","/c/ru/болтать","/c/en/dangle","/c/fr/espionnage","/c/en/espionage"],"weight":0.21770999999999974},"num_concepts_raised":15076},{"base_id":208,"kind":"bot_words","i1":5,"i2":6,"sol":{"path":["/c/en/api","/c/en/rest","/c/en/state","/c/en/pakistan","/c/en/peshawar"],"weight":0.20307999999999976},"num_concepts_raised":4977},{"base_id":208,"kind":"bot_words","i1":5,"i2":7,"sol":{"path":["/c/en/api","/c/en/rest","/c/en/music","/c/en/motown"],"weight":0.2081899999999997},"num_concepts_raised":14438},{"base_id":208,"kind":"bot_words","i1":5,"i2":8,"sol":{"path":["/c/en/api","/c/en/rest","/c/en/death","/c/en/suicide","/c/en/matricide"],"weight":0.20459999999999984},"num_concepts_raised":7204},{"base_id":208,"kind":"bot_words","i1":5,"i2":9,"sol":{"path":["/c/en/api","/c/en/programming","/c/en/shadow","/c/en/espionage"],"weight":0.21136999999999972},"num_concepts_raised":14892},{"base_id":208,"kind":"bot_words","i1":6,"i2":7,"sol":{"path":["/c/en/peshawar","/c/en/pakistan","/c/en/country","/c/en/music","/c/en/motown"],"weight":0.20826999999999973},"num_concepts_raised":10663},{"base_id":208,"kind":"bot_words","i1":6,"i2":8,"sol":{"path":["/c/en/peshawar","/c/en/pakistan","/c/en/chick","/c/en/mother","/c/en/matricide"],"weight":0.20346999999999987},"num_concepts_raised":3329},{"base_id":208,"kind":"bot_words","i1":6,"i2":9,"sol":{"path":["/c/en/peshawar","/c/en/pakistan","/c/en/country","/c/en/spy","/c/en/espionage"],"weight":0.21568999999999972},"num_concepts_raised":11126},{"base_id":208,"kind":"bot_words","i1":7,"i2":8,"sol":{"path":["/c/en/motown","/c/en/motor_city","/c/en/us","/c/en/homicide","/c/en/matricide"],"weight":0.21164999999999984},"num_concepts_raised":12870},{"base_id":208,"kind":"bot_words","i1":7,"i2":9,"sol":{"path":["/c/en/motown","/c/en/music","/c/en/cover","/c/en/espionage"],"weight":0.21646999999999966},"num_concepts_raised":20489},{"base_id":208,"kind":"bot_words","i1":8,"i2":9,"sol":{"path":["/c/en/matricide","/c/en/homicide","/c/en/legal","/c/en/spy","/c/en/espionage"],"weight":0.2171199999999998},"num_concepts_raised":13305}],[{"base_id":208,"kind":"top_words","i1":0,"i2":1,"sol":{"path":["/c/en/abkhazian","/c/en/georgia","/c/en/state","/c/en/yoga"],"weight":0.2126300000000001},"num_concepts_raised":26956},{"base_id":208,"kind":"top_words","i1":0,"i2":2,"sol":{"path":["/c/en/abkhazian","/c/en/abkhaz","/c/en/human","/c/en/diaphragm","/c/en/thoracic"],"weight":0.20615999999999984},"num_concepts_raised":25867},{"base_id":208,"kind":"top_words","i1":0,"i2":3,"sol":{"path":["/c/en/abkhazian","/c/en/georgia","/c/en/gray","/c/en/silver","/c/en/argent"],"weight":0.20913999999999977},"num_concepts_raised":13227},{"base_id":208,"kind":"top_words","i1":0,"i2":4,"sol":{"path":["/c/en/abkhazian","/c/fr/abkhaze","/c/en/language","/c/en/blazon","/c/en/gules"],"weight":0.20437},"num_concepts_raised":5776},{"base_id":208,"kind":"top_words","i1":0,"i2":5,"sol":{"path":["/c/en/abkhazian","/c/en/abkhaz"],"weight":0.20700000000000002},"num_concepts_raised":68},{"base_id":208,"kind":"top_words","i1":0,"i2":6,"sol":{"path":["/c/en/abkhazian","/c/en/georgia","/c/en/georgian"],"weight":0.203},"num_concepts_raised":174},{"base_id":208,"kind":"top_words","i1":0,"i2":7,"sol":{"path":["/c/en/abkhazian","/c/en/abkhaz","/c/en/human","/c/en/dance","/c/en/mambo"],"weight":0.21752999999999995},"num_concepts_raised":5500},{"base_id":208,"kind":"top_words","i1":0,"i2":8,"sol":{"path":["/c/en/abkhazian","/c/en/abkhaz","/c/en/human","/c/en/dance","/c/en/hula"],"weight":0.21494999999999992},"num_concepts_raised":7198},{"base_id":208,"kind":"top_words","i1":0,"i2":9,"sol":{"path":["/c/en/abkhazian","/c/en/abkhaz","/c/fr/linguistique","/c/fr/composé","/c/fr/amadou","/c/en/amadou"],"weight":0.21215830000000002},"num_concepts_raised":187557},{"base_id":208,"kind":"top_words","i1":1,"i2":2,"sol":{"path":["/c/en/yoga","/c/en/body","/c/en/anatomy","/c/en/thoracic"],"weight":0.21371999999999997},"num_concepts_raised":50388},{"base_id":208,"kind":"top_words","i1":1,"i2":3,"sol":{"path":["/c/en/yoga","/c/sa/साध्य","/c/en/silver","/c/en/argent"],"weight":0.21834999999999988},"num_concepts_raised":37691},{"base_id":208,"kind":"top_words","i1":1,"i2":4,"sol":{"path":["/c/en/yoga","/c/en/art","/c/en/color","/c/en/gules"],"weight":0.2127600000000001},"num_concepts_raised":30537},{"base_id":208,"kind":"top_words","i1":1,"i2":5,"sol":{"path":["/c/en/yoga","/c/en/state","/c/en/georgia","/c/en/abkhaz"],"weight":0.21308},"num_concepts_raised":36735},{"base_id":208,"kind":"top_words","i1":1,"i2":6,"sol":{"path":["/c/en/yoga","/c/en/state","/c/en/georgian"],"weight":0.20400000000000001},"num_concepts_raised":375},{"base_id":208,"kind":"top_words","i1":1,"i2":7,"sol":{"path":["/c/en/yoga","/c/en/exercise","/c/en/dance","/c/en/mambo"],"weight":0.22704000000000005},"num_concepts_raised":30219},{"base_id":208,"kind":"top_words","i1":1,"i2":8,"sol":{"path":["/c/en/yoga","/c/en/exercise","/c/en/dance","/c/en/hula"],"weight":0.22443000000000002},"num_concepts_raised":31833},{"base_id":208,"kind":"top_words","i1":1,"i2":9,"sol":{"path":["/c/en/yoga","/c/en/exercise","/c/en/muscle","/c/en/meat","/c/en/amadou"],"weight":0.21453000000000008},"num_concepts_raised":27840},{"base_id":208,"kind":"top_words","i1":2,"i2":3,"sol":{"path":["/c/en/thoracic","/c/en/postscutellum","/c/en/plate","/c/en/argent"],"weight":0.20516999999999969},"num_concepts_raised":36898},{"base_id":208,"kind":"top_words","i1":2,"i2":4,"sol":{"path":["/c/en/thoracic","/c/en/pectoral","/c/en/color","/c/en/gules"],"weight":0.20517999999999983},"num_concepts_raised":29589},{"base_id":208,"kind":"top_words","i1":2,"i2":5,"sol":{"path":["/c/en/thoracic","/c/en/diaphragm","/c/en/human","/c/en/abkhaz"],"weight":0.20439999999999975},"num_concepts_raised":35845},{"base_id":208,"kind":"top_words","i1":2,"i2":6,"sol":{"path":["/c/en/thoracic","/c/en/fish","/c/en/person","/c/en/georgian"],"weight":0.20569999999999947},"num_concepts_raised":75928},{"base_id":208,"kind":"top_words","i1":2,"i2":7,"sol":{"path":["/c/en/thoracic","/c/en/fish","/c/en/person","/c/sv/mambo","/c/en/mambo"],"weight":0.21811999999999981},"num_concepts_raised":29355},{"base_id":208,"kind":"top_words","i1":2,"i2":8,"sol":{"path":["/c/en/thoracic","/c/en/fish","/c/en/island","/c/en/hula"],"weight":0.2135599999999998},"num_concepts_raised":31035},{"base_id":208,"kind":"top_words","i1":2,"i2":9,"sol":{"path":["/c/en/thoracic","/c/en/fish","/c/en/meat","/c/en/amadou"],"weight":0.20375999999999983},"num_concepts_raised":26695},{"base_id":208,"kind":"top_words","i1":3,"i2":4,"sol":{"path":["/c/en/argent","/c/en/tincture","/c/en/gules"],"weight":0.20400000000000001},"num_concepts_raised":144},{"base_id":208,"kind":"top_words","i1":3,"i2":5,"sol":{"path":["/c/en/argent","/c/en/money","/c/en/human","/c/en/abkhaz"],"weight":0.20510999999999968},"num_concepts_raised":23275},{"base_id":208,"kind":"top_words","i1":3,"i2":6,"sol":{"path":["/c/en/argent","/c/en/money","/c/en/human","/c/en/georgian"],"weight":0.2063799999999994},"num_concepts_raised":62935},{"base_id":208,"kind":"top_words","i1":3,"i2":7,"sol":{"path":["/c/en/argent","/c/en/coat_of_arms","/c/en/dance","/c/en/mambo"],"weight":0.21655999999999975},"num_concepts_raised":16647},{"base_id":208,"kind":"top_words","i1":3,"i2":8,"sol":{"path":["/c/en/argent","/c/en/coat_of_arms","/c/en/dance","/c/en/hula"],"weight":0.21396999999999977},"num_concepts_raised":18313},{"base_id":208,"kind":"top_words","i1":3,"i2":9,"sol":{"path":["/c/en/argent","/c/en/blanc","/c/en/meat","/c/en/amadou"],"weight":0.20403999999999978},"num_concepts_raised":14102},{"base_id":208,"kind":"top_words","i1":4,"i2":5,"sol":{"path":["/c/en/gules","/c/en/blazon","/c/en/language","/c/fr/abkhaze","/c/en/abkhaz"],"weight":0.20585999999999985},"num_concepts_raised":15871},{"base_id":208,"kind":"top_words","i1":4,"i2":6,"sol":{"path":["/c/en/gules","/c/de/rot","/c/en/historical","/c/en/georgian"],"weight":0.20586999999999958},"num_concepts_raised":56073},{"base_id":208,"kind":"top_words","i1":4,"i2":7,"sol":{"path":["/c/en/gules","/c/en/coat_of_arms","/c/en/dance","/c/en/mambo"],"weight":0.21552999999999994},"num_concepts_raised":9270},{"base_id":208,"kind":"top_words","i1":4,"i2":8,"sol":{"path":["/c/en/gules","/c/en/coat_of_arms","/c/en/dance","/c/en/hula"],"weight":0.2129399999999999},"num_concepts_raised":10955},{"base_id":208,"kind":"top_words","i1":4,"i2":9,"sol":{"path":["/c/en/gules","/c/fr/gueules","/c/fr/couleur","/c/fr/amadou","/c/en/amadou"],"weight":0.20630999999999997},"num_concepts_raised":6687},{"base_id":208,"kind":"top_words","i1":5,"i2":6,"sol":{"path":["/c/en/abkhaz","/c/en/georgia","/c/en/georgian"],"weight":0.203},"num_concepts_raised":202},{"base_id":208,"kind":"top_words","i1":5,"i2":7,"sol":{"path":["/c/en/abkhaz","/c/en/human","/c/en/dance","/c/en/mambo"],"weight":0.21576999999999982},"num_concepts_raised":15599},{"base_id":208,"kind":"top_words","i1":5,"i2":8,"sol":{"path":["/c/en/abkhaz","/c/en/human","/c/en/dance","/c/en/hula"],"weight":0.21318999999999982},"num_concepts_raised":17267},{"base_id":208,"kind":"top_words","i1":5,"i2":9,"sol":{"path":["/c/en/abkhaz","/c/fr/linguistique","/c/fr/composé","/c/fr/amadou","/c/en/amadou"],"weight":0.20432999999999985},"num_concepts_raised":13022},{"base_id":208,"kind":"top_words","i1":6,"i2":7,"sol":{"path":["/c/en/georgian","/c/en/person","/c/sv/mambo","/c/en/mambo"],"weight":0.21903999999999957},"num_concepts_raised":55805},{"base_id":208,"kind":"top_words","i1":6,"i2":8,"sol":{"path":["/c/en/georgian","/c/en/george","/c/en/software","/c/en/hula"],"weight":0.21534999999999954},"num_concepts_raised":57323},{"base_id":208,"kind":"top_words","i1":6,"i2":9,"sol":{"path":["/c/en/georgian","/c/fr/linguistique","/c/fr/composé","/c/fr/amadou","/c/en/amadou"],"weight":0.2055699999999996},"num_concepts_raised":53423},{"base_id":208,"kind":"top_words","i1":7,"i2":8,"sol":{"path":["/c/en/mambo","/c/en/dance","/c/en/hula"],"weight":0.21100000000000002},"num_concepts_raised":127},{"base_id":208,"kind":"top_words","i1":7,"i2":9,"sol":{"path":["/c/en/mambo","/c/en/dance","/c/en/funk","/c/en/tinder","/c/en/amadou"],"weight":0.21538999999999991},"num_concepts_raised":6422},{"base_id":208,"kind":"top_words","i1":8,"i2":9,"sol":{"path":["/c/en/hula","/c/en/dance","/c/en/funk","/c/en/tinder","/c/en/amadou"],"weight":0.21279999999999993},"num_concepts_raised":8117}]]