[[{"base_id":83,"kind":"bot_words","i1":0,"i2":1,"sol":{"path":["/c/en/sadism","/c/en/bdsm","/c/en/culture","/c/en/town","/c/en/bratslav"],"weight":0.20916000000000007},"num_concepts_raised":4497},{"base_id":83,"kind":"bot_words","i1":0,"i2":2,"sol":{"path":["/c/en/sadism","/c/en/gratification","/c/en/person","/c/en/resident","/c/en/residency"],"weight":0.2120699999999998},"num_concepts_raised":24802},{"base_id":83,"kind":"bot_words","i1":0,"i2":3,"sol":{"path":["/c/en/sadism","/c/en/schadenfreude","/c/en/germany","/c/en/france"],"weight":0.22581999999999758},"num_concepts_raised":73905},{"base_id":83,"kind":"bot_words","i1":0,"i2":4,"sol":{"path":["/c/en/sadism","/c/en/masochism","/c/en/enjoyment","/c/en/legal","/c/en/codicil"],"weight":0.20566000000000006},"num_concepts_raised":14461},{"base_id":83,"kind":"bot_words","i1":0,"i2":5,"sol":{"path":["/c/en/sadism","/c/en/sexual","/c/en/seduce","/c/ja/誘惑","/c/en/allurement"],"weight":0.20510999999999996},"num_concepts_raised":4562},{"base_id":83,"kind":"bot_words","i1":0,"i2":6,"sol":{"path":["/c/en/sadism","/c/ja/s","/c/fr/cuisine","/c/en/jam","/c/en/dunk"],"weight":0.20641999999999971},"num_concepts_raised":9230},{"base_id":83,"kind":"bot_words","i1":0,"i2":7,"sol":{"path":["/c/en/sadism","/c/en/psychiatry","/c/en/depression","/c/en/economic","/c/en/economical"],"weight":0.2097799999999998},"num_concepts_raised":7062},{"base_id":83,"kind":"bot_words","i1":0,"i2":8,"sol":{"path":["/c/en/sadism","/c/en/bdsm","/c/en/discipline","/c/en/mathematics","/c/en/quadric"],"weight":0.21173999999999996},"num_concepts_raised":11690},{"base_id":83,"kind":"bot_words","i1":0,"i2":9,"sol":{"path":["/c/en/sadism","/c/en/bdsm","/c/en/karada","/c/en/structure","/c/en/unstructured"],"weight":0.20523000000000008},"num_concepts_raised":4507},{"base_id":83,"kind":"bot_words","i1":1,"i2":2,"sol":{"path":["/c/en/bratslav","/c/en/town","/c/en/resident","/c/en/residency"],"weight":0.2159999999999997},"num_concepts_raised":24693},{"base_id":83,"kind":"bot_words","i1":1,"i2":3,"sol":{"path":["/c/en/bratslav","/c/en/town","/c/en/country","/c/en/france"],"weight":0.23401999999999745},"num_concepts_raised":73672},{"base_id":83,"kind":"bot_words","i1":1,"i2":4,"sol":{"path":["/c/en/bratslav","/c/en/town","/c/en/legal","/c/en/codicil"],"weight":0.20845999999999998},"num_concepts_raised":14485},{"base_id":83,"kind":"bot_words","i1":1,"i2":5,"sol":{"path":["/c/en/bratslav","/c/en/town","/c/en/legal","/c/en/inducement","/c/en/allurement"],"weight":0.20801999999999987},"num_concepts_raised":4602},{"base_id":83,"kind":"bot_words","i1":1,"i2":6,"sol":{"path":["/c/en/bratslav","/c/en/town","/c/en/bury","/c/en/immerse","/c/en/dunk"],"weight":0.2105299999999996},"num_concepts_raised":9254},{"base_id":83,"kind":"bot_words","i1":1,"i2":7,"sol":{"path":["/c/en/bratslav","/c/en/town","/c/en/market","/c/en/economic","/c/en/economical"],"weight":0.21363999999999972},"num_concepts_raised":7077},{"base_id":83,"kind":"bot_words","i1":1,"i2":8,"sol":{"path":["/c/en/bratslav","/c/en/town","/c/en/square","/c/en/mathematics","/c/en/quadric"],"weight":0.21556999999999987},"num_concepts_raised":11719},{"base_id":83,"kind":"bot_words","i1":1,"i2":9,"sol":{"path":["/c/en/bratslav","/c/en/town","/c/en/building","/c/en/structure","/c/en/unstructured"],"weight":0.20909},"num_concepts_raised":4523},{"base_id":83,"kind":"bot_words","i1":2,"i2":3,"sol":{"path":["/c/en/residency","/c/en/france"],"weight":0.20600000000000002},"num_concepts_raised":1250},{"base_id":83,"kind":"bot_words","i1":2,"i2":4,"sol":{"path":["/c/en/residency","/c/en/resident","/c/en/legal","/c/en/codicil"],"weight":0.2114699999999997},"num_concepts_raised":34114},{"base_id":83,"kind":"bot_words","i1":2,"i2":5,"sol":{"path":["/c/en/residency","/c/en/united_states","/c/en/solicitation","/c/en/allurement"],"weight":0.2087899999999996},"num_concepts_raised":24878},{"base_id":83,"kind":"bot_words","i1":2,"i2":6,"sol":{"path":["/c/en/residency","/c/en/us","/c/en/slam","/c/en/dunk"],"weight":0.21004999999999935},"num_concepts_raised":29363},{"base_id":83,"kind":"bot_words","i1":2,"i2":7,"sol":{"path":["/c/en/residency","/c/en/economy","/c/en/economical"],"weight":0.20500000000000002},"num_concepts_raised":242},{"base_id":83,"kind":"bot_words","i1":2,"i2":8,"sol":{"path":["/c/en/residency","/c/en/act","/c/en/mathematics","/c/en/quadric"],"weight":0.2163099999999996},"num_concepts_raised":31834},{"base_id":83,"kind":"bot_words","i1":2,"i2":9,"sol":{"path":["/c/en/residency","/c/en/home","/c/en/structure","/c/en/unstructured"],"weight":0.21008999999999972},"num_concepts_raised":24743},{"base_id":83,"kind":"bot_words","i1":3,"i2":4,"sol":{"path":["/c/en/france","/c/en/country","/c/en/label","/c/en/codicil"],"weight":0.22908999999999746},"num_concepts_raised":83291},{"base_id":83,"kind":"bot_words","i1":3,"i2":5,"sol":{"path":["/c/en/france","/c/en/snake","/c/en/temptation","/c/en/allurement"],"weight":0.22434999999999738},"num_concepts_raised":73964},{"base_id":83,"kind":"bot_words","i1":3,"i2":6,"sol":{"path":["/c/en/france","/c/fr/france","/c/fr/pisser","/c/en/dunk"],"weight":0.23417999999999706},"num_concepts_raised":78316},{"base_id":83,"kind":"bot_words","i1":3,"i2":7,"sol":{"path":["/c/en/france","/c/en/country","/c/en/economy","/c/en/economical"],"weight":0.23207999999999723},"num_concepts_raised":76302},{"base_id":83,"kind":"bot_words","i1":3,"i2":8,"sol":{"path":["/c/en/france","/c/en/lot","/c/en/surface","/c/en/quadric"],"weight":0.22972999999999738},"num_concepts_raised":80852},{"base_id":83,"kind":"bot_words","i1":3,"i2":9,"sol":{"path":["/c/en/france","/c/fr/france","/c/fr/cdi","/c/en/open_ended","/c/en/unstructured"],"weight":0.2329799999999974},"num_concepts_raised":73835},{"base_id":83,"kind":"bot_words","i1":4,"i2":5,"sol":{"path":["/c/en/codicil","/c/en/legal","/c/en/appeal","/c/en/allurement"],"weight":0.20349999999999988},"num_concepts_raised":14439},{"base_id":83,"kind":"bot_words","i1":4,"i2":6,"sol":{"path":["/c/en/codicil","/c/en/legal","/c/en/jam","/c/en/dunk"],"weight":0.20574999999999966},"num_concepts_raised":19169},{"base_id":83,"kind":"bot_words","i1":4,"i2":7,"sol":{"path":["/c/en/codicil","/c/en/legal","/c/en/profit","/c/en/economic","/c/en/economical"],"weight":0.20911999999999975},"num_concepts_raised":16981},{"base_id":83,"kind":"bot_words","i1":4,"i2":8,"sol":{"path":["/c/en/codicil","/c/en/law","/c/en/mathematics","/c/en/quadric"],"weight":0.2108799999999999},"num_concepts_raised":21530},{"base_id":83,"kind":"bot_words","i1":4,"i2":9,"sol":{"path":["/c/en/codicil","/c/en/legal","/c/en/cross","/c/en/structure","/c/en/unstructured"],"weight":0.20456000000000002},"num_concepts_raised":14469},{"base_id":83,"kind":"bot_words","i1":5,"i2":6,"sol":{"path":["/c/en/allurement","/c/en/bribe","/c/en/sop","/c/en/dunk"],"weight":0.20427999999999952},"num_concepts_raised":9312},{"base_id":83,"kind":"bot_words","i1":5,"i2":7,"sol":{"path":["/c/en/allurement","/c/en/bribe","/c/en/financial","/c/en/economy","/c/en/economical"],"weight":0.20633999999999963},"num_concepts_raised":7162},{"base_id":83,"kind":"bot_words","i1":5,"i2":8,"sol":{"path":["/c/en/allurement","/c/en/solicitation","/c/en/law","/c/en/mathematics","/c/en/quadric"],"weight":0.21057999999999977},"num_concepts_raised":11792},{"base_id":83,"kind":"bot_words","i1":5,"i2":9,"sol":{"path":["/c/en/allurement","/c/en/allure","/c/en/attract","/c/en/structure","/c/en/unstructured"],"weight":0.20416999999999988},"num_concepts_raised":4608},{"base_id":83,"kind":"bot_words","i1":6,"i2":7,"sol":{"path":["/c/en/dunk","/c/en/dip","/c/en/depression","/c/en/economic","/c/en/economical"],"weight":0.21029999999999938},"num_concepts_raised":11803},{"base_id":83,"kind":"bot_words","i1":6,"i2":8,"sol":{"path":["/c/en/dunk","/c/en/immerse","/c/en/mathematics","/c/en/quadric"],"weight":0.21305999999999953},"num_concepts_raised":16383},{"base_id":83,"kind":"bot_words","i1":6,"i2":9,"sol":{"path":["/c/en/dunk","/c/en/windmill","/c/en/structure","/c/en/unstructured"],"weight":0.20529999999999965},"num_concepts_raised":9236},{"base_id":83,"kind":"bot_words","i1":7,"i2":8,"sol":{"path":["/c/en/economical","/c/en/economy","/c/en/distribution","/c/en/mathematics","/c/en/quadric"],"weight":0.21382999999999963},"num_concepts_raised":14237},{"base_id":83,"kind":"bot_words","i1":7,"i2":9,"sol":{"path":["/c/en/economical","/c/en/economic","/c/en/creative_destruction","/c/en/structure","/c/en/unstructured"],"weight":0.20970999999999973},"num_concepts_raised":7086},{"base_id":83,"kind":"bot_words","i1":8,"i2":9,"sol":{"path":["/c/en/quadric","/c/en/mathematics","/c/en/structure","/c/en/unstructured"],"weight":0.2116099999999999},"num_concepts_raised":11650}],[{"base_id":83,"kind":"top_words","i1":0,"i2":1,"sol":{"path":["/c/en/revalue","/c/en/value","/c/ja/直","/c/en/shortly","/c/en/curtly"],"weight":0.20388999999999988},"num_concepts_raised":4576},{"base_id":83,"kind":"top_words","i1":0,"i2":2,"sol":{"path":["/c/en/revalue","/c/en/value","/c/en/tail","/c/en/turkey","/c/en/erzurum"],"weight":0.20386999999999988},"num_concepts_raised":3810},{"base_id":83,"kind":"top_words","i1":0,"i2":3,"sol":{"path":["/c/en/revalue","/c/en/value","/c/en/bill","/c/en/bird","/c/en/flycatcher"],"weight":0.2054399999999999},"num_concepts_raised":12459},{"base_id":83,"kind":"top_words","i1":0,"i2":4,"sol":{"path":["/c/en/revalue","/c/en/value","/c/en/four","/c/en/cat","/c/en/felis"],"weight":0.21195999999999973},"num_concepts_raised":7771},{"base_id":83,"kind":"top_words","i1":0,"i2":5,"sol":{"path":["/c/en/revalue","/c/en/value","/c/en/music","/c/en/barrelhouse"],"weight":0.2040099999999999},"num_concepts_raised":12013},{"base_id":83,"kind":"top_words","i1":0,"i2":6,"sol":{"path":["/c/en/revalue","/c/en/value","/c/en/mass","/c/en/tex"],"weight":0.20966999999999977},"num_concepts_raised":9792},{"base_id":83,"kind":"top_words","i1":0,"i2":7,"sol":{"path":["/c/en/revalue","/c/en/value","/c/en/fact","/c/en/extenuating_circumstance","/c/en/extenuating"],"weight":0.20496999999999987},"num_concepts_raised":4506},{"base_id":83,"kind":"top_words","i1":0,"i2":8,"sol":{"path":["/c/en/revalue","/c/en/value","/c/en/person","/c/en/german","/c/en/gauls"],"weight":0.20906999999999978},"num_concepts_raised":3848},{"base_id":83,"kind":"top_words","i1":0,"i2":9,"sol":{"path":["/c/en/revalue","/c/en/value","/c/en/respect","/c/en/ultramontane","/c/en/cisalpine"],"weight":0.2040099999999999},"num_concepts_raised":4205},{"base_id":83,"kind":"top_words","i1":1,"i2":2,"sol":{"path":["/c/en/curtly","/c/en/snelly","/c/en/dialectal","/c/tr/hamol","/c/en/erzurum"],"weight":0.2025399999999999},"num_concepts_raised":2503},{"base_id":83,"kind":"top_words","i1":1,"i2":3,"sol":{"path":["/c/en/curtly","/c/en/short","/c/en/chirp","/c/en/bird","/c/en/flycatcher"],"weight":0.20424999999999988},"num_concepts_raised":11158},{"base_id":83,"kind":"top_words","i1":1,"i2":4,"sol":{"path":["/c/en/curtly","/c/en/short","/c/en/rabbit","/c/en/cat","/c/en/felis"],"weight":0.2107399999999997},"num_concepts_raised":6463},{"base_id":83,"kind":"top_words","i1":1,"i2":5,"sol":{"path":["/c/en/curtly","/c/en/short","/c/en/sound","/c/en/music","/c/en/barrelhouse"],"weight":0.2028099999999999},"num_concepts_raised":10736},{"base_id":83,"kind":"top_words","i1":1,"i2":6,"sol":{"path":["/c/en/curtly","/c/en/short","/c/en/header","/c/en/typesetting","/c/en/tex"],"weight":0.21047999999999978},"num_concepts_raised":8529},{"base_id":83,"kind":"top_words","i1":1,"i2":7,"sol":{"path":["/c/en/curtly","/c/en/curt","/c/en/shorten","/c/en/lessen","/c/en/extenuating"],"weight":0.2036499999999999},"num_concepts_raised":3206},{"base_id":83,"kind":"top_words","i1":1,"i2":8,"sol":{"path":["/c/en/curtly","/c/en/short","/c/en/person","/c/en/german","/c/en/gauls"],"weight":0.20784999999999978},"num_concepts_raised":2541},{"base_id":83,"kind":"top_words","i1":1,"i2":9,"sol":{"path":["/c/en/curtly","/c/en/short","/c/en/cotton","/c/en/south","/c/en/cisalpine"],"weight":0.20270999999999995},"num_concepts_raised":2899},{"base_id":83,"kind":"top_words","i1":2,"i2":3,"sol":{"path":["/c/en/erzurum","/c/en/turkey","/c/en/bird","/c/en/flycatcher"],"weight":0.20423999999999987},"num_concepts_raised":10355},{"base_id":83,"kind":"top_words","i1":2,"i2":4,"sol":{"path":["/c/en/erzurum","/c/en/turkey","/c/en/tom","/c/en/cat","/c/en/felis"],"weight":0.21074999999999972},"num_concepts_raised":5686},{"base_id":83,"kind":"top_words","i1":2,"i2":5,"sol":{"path":["/c/en/erzurum","/c/en/turkey","/c/en/slang","/c/en/juke","/c/en/barrelhouse"],"weight":0.2037199999999999},"num_concepts_raised":9980},{"base_id":83,"kind":"top_words","i1":2,"i2":6,"sol":{"path":["/c/en/erzurum","/c/en/turkey","/c/en/country","/c/en/texas","/c/en/tex"],"weight":0.21050999999999975},"num_concepts_raised":7772},{"base_id":83,"kind":"top_words","i1":2,"i2":7,"sol":{"path":["/c/en/erzurum","/c/en/turkey","/c/en/us","/c/en/legal","/c/en/extenuating_circumstance","/c/en/extenuating"],"weight":0.2073378999999998},"num_concepts_raised":169993},{"base_id":83,"kind":"top_words","i1":2,"i2":8,"sol":{"path":["/c/en/erzurum","/c/en/turkey","/c/en/us","/c/en/german","/c/en/gauls"],"weight":0.20783999999999977},"num_concepts_raised":1758},{"base_id":83,"kind":"top_words","i1":2,"i2":9,"sol":{"path":["/c/en/erzurum","/c/en/turkey","/c/en/country","/c/en/transalpine","/c/en/cisalpine"],"weight":0.20373999999999992},"num_concepts_raised":2112},{"base_id":83,"kind":"top_words","i1":3,"i2":4,"sol":{"path":["/c/en/flycatcher","/c/en/bird","/c/en/mammal","/c/en/felis"],"weight":0.21001999999999973},"num_concepts_raised":14257},{"base_id":83,"kind":"top_words","i1":3,"i2":5,"sol":{"path":["/c/en/flycatcher","/c/en/bird","/c/en/juke","/c/en/barrelhouse"],"weight":0.20523999999999992},"num_concepts_raised":18591},{"base_id":83,"kind":"top_words","i1":3,"i2":6,"sol":{"path":["/c/en/flycatcher","/c/en/bird","/c/en/lawn","/c/en/texas","/c/en/tex"],"weight":0.21203999999999978},"num_concepts_raised":16359},{"base_id":83,"kind":"top_words","i1":3,"i2":7,"sol":{"path":["/c/en/flycatcher","/c/en/bird","/c/en/soar","/c/la/ex","/c/en/extenuating"],"weight":0.2042699999999999},"num_concepts_raised":11106},{"base_id":83,"kind":"top_words","i1":3,"i2":8,"sol":{"path":["/c/en/flycatcher","/c/en/europe","/c/en/france","/c/en/gaul","/c/en/gauls"],"weight":0.2103399999999998},"num_concepts_raised":10415},{"base_id":83,"kind":"top_words","i1":3,"i2":9,"sol":{"path":["/c/en/flycatcher","/c/en/europe","/c/en/alps","/c/en/cisalpine"],"weight":0.20314999999999991},"num_concepts_raised":10769},{"base_id":83,"kind":"top_words","i1":4,"i2":5,"sol":{"path":["/c/en/felis","/c/en/cat","/c/en/slang","/c/en/juke","/c/en/barrelhouse"],"weight":0.21180999999999978},"num_concepts_raised":13916},{"base_id":83,"kind":"top_words","i1":4,"i2":6,"sol":{"path":["/c/en/felis","/c/en/cat","/c/en/texas","/c/en/tex"],"weight":0.21855999999999964},"num_concepts_raised":11710},{"base_id":83,"kind":"top_words","i1":4,"i2":7,"sol":{"path":["/c/en/felis","/c/en/cat","/c/en/dog","/c/en/excuse","/c/en/extenuating"],"weight":0.21079999999999974},"num_concepts_raised":6402},{"base_id":83,"kind":"top_words","i1":4,"i2":8,"sol":{"path":["/c/en/felis","/c/en/cat","/c/fr/argot","/c/fr/gaulois","/c/en/gauls"],"weight":0.21595999999999965},"num_concepts_raised":5731},{"base_id":83,"kind":"top_words","i1":4,"i2":9,"sol":{"path":["/c/en/felis","/c/en/cat","/c/en/rome","/c/en/cisalpine"],"weight":0.21080999999999978},"num_concepts_raised":6091},{"base_id":83,"kind":"top_words","i1":5,"i2":6,"sol":{"path":["/c/en/barrelhouse","/c/en/music","/c/en/mass","/c/en/tex"],"weight":0.2085799999999998},"num_concepts_raised":15877},{"base_id":83,"kind":"top_words","i1":5,"i2":7,"sol":{"path":["/c/en/barrelhouse","/c/en/music","/c/en/drop","/c/en/lessen","/c/en/extenuating"],"weight":0.20281999999999994},"num_concepts_raised":10684},{"base_id":83,"kind":"top_words","i1":5,"i2":8,"sol":{"path":["/c/en/barrelhouse","/c/en/juke","/c/en/dance","/c/en/german","/c/en/gauls"],"weight":0.20890999999999982},"num_concepts_raised":10014},{"base_id":83,"kind":"top_words","i1":5,"i2":9,"sol":{"path":["/c/en/barrelhouse","/c/en/music","/c/en/country","/c/en/transalpine","/c/en/cisalpine"],"weight":0.20386999999999994},"num_concepts_raised":10373},{"base_id":83,"kind":"top_words","i1":6,"i2":7,"sol":{"path":["/c/en/tex","/c/en/mass","/c/en/event","/c/la/ex","/c/en/extenuating"],"weight":0.2084899999999998},"num_concepts_raised":8471},{"base_id":83,"kind":"top_words","i1":6,"i2":8,"sol":{"path":["/c/en/tex","/c/en/mass","/c/en/roman","/c/en/gaul","/c/en/gauls"],"weight":0.21575999999999967},"num_concepts_raised":7802},{"base_id":83,"kind":"top_words","i1":6,"i2":9,"sol":{"path":["/c/en/tex","/c/en/texas","/c/en/country","/c/en/transalpine","/c/en/cisalpine"],"weight":0.21158999999999983},"num_concepts_raised":8139},{"base_id":83,"kind":"top_words","i1":7,"i2":8,"sol":{"path":["/c/en/extenuating","/c/en/extenuating_circumstance","/c/en/legal","/c/en/roman","/c/en/gaul","/c/en/gauls"],"weight":0.21458699999999975},"num_concepts_raised":271028},{"base_id":83,"kind":"top_words","i1":7,"i2":9,"sol":{"path":["/c/en/extenuating","/c/la/ex","/c/en/up","/c/en/south","/c/en/cisalpine"],"weight":0.20273999999999992},"num_concepts_raised":2825},{"base_id":83,"kind":"top_words","i1":8,"i2":9,"sol":{"path":["/c/en/gauls","/c/en/gaul","/c/en/transalpine_gaulish","/c/en/transalpine","/c/en/cisalpine"],"weight":0.21102999999999983},"num_concepts_raised":2144}]]