[[{"base_id":176,"kind":"bot_words","i1":0,"i2":1,"sol":{"path":["/c/en/disused","/c/en/brallobarbital","/c/en/drug","/c/en/hydrastine","/c/en/goldenseal"],"weight":0.20265999999999987},"num_concepts_raised":2618},{"base_id":176,"kind":"bot_words","i1":0,"i2":2,"sol":{"path":["/c/en/disused","/c/en/obsolete","/c/en/us","/c/en/traveled"],"weight":0.20278999999999991},"num_concepts_raised":13830},{"base_id":176,"kind":"bot_words","i1":0,"i2":3,"sol":{"path":["/c/en/disused","/c/en/obsolete","/c/en/biology","/c/en/plant","/c/en/arum"],"weight":0.20907999999999982},"num_concepts_raised":9792},{"base_id":176,"kind":"bot_words","i1":0,"i2":4,"sol":{"path":["/c/en/disused","/c/en/obsoletism","/c/en/word","/c/en/fragment","/c/en/fragmentation"],"weight":0.20459999999999978},"num_concepts_raised":16683},{"base_id":176,"kind":"bot_words","i1":0,"i2":5,"sol":{"path":["/c/en/disused","/c/en/obsolete","/c/en/dam","/c/en/cofferdam"],"weight":0.20281999999999983},"num_concepts_raised":9590},{"base_id":176,"kind":"bot_words","i1":0,"i2":6,"sol":{"path":["/c/en/disused","/c/en/obsolete","/c/en/channel","/c/en/town","/c/en/ennis"],"weight":0.20792999999999978},"num_concepts_raised":3959},{"base_id":176,"kind":"bot_words","i1":0,"i2":7,"sol":{"path":["/c/en/disused","/c/en/obsolete","/c/en/modern","/c/en/days"],"weight":0.20385999999999954},"num_concepts_raised":20394},{"base_id":176,"kind":"bot_words","i1":0,"i2":8,"sol":{"path":["/c/en/disused","/c/en/disuse","/c/en/use","/c/en/draw","/c/en/illustrate"],"weight":0.20557999999999946},"num_concepts_raised":14078},{"base_id":176,"kind":"bot_words","i1":0,"i2":9,"sol":{"path":["/c/en/disused","/c/en/obsolete","/c/en/us","/c/en/preference","/c/en/partiality"],"weight":0.2048399999999998},"num_concepts_raised":3819},{"base_id":176,"kind":"bot_words","i1":1,"i2":2,"sol":{"path":["/c/en/goldenseal","/c/en/buttercup","/c/en/yellow","/c/en/road","/c/en/traveled"],"weight":0.20279999999999987},"num_concepts_raised":15468},{"base_id":176,"kind":"bot_words","i1":1,"i2":3,"sol":{"path":["/c/en/goldenseal","/c/en/herb","/c/en/arum"],"weight":0.20400000000000001},"num_concepts_raised":120},{"base_id":176,"kind":"bot_words","i1":1,"i2":4,"sol":{"path":["/c/en/goldenseal","/c/en/herb","/c/en/part","/c/en/fragment","/c/en/fragmentation"],"weight":0.20461999999999977},"num_concepts_raised":18355},{"base_id":176,"kind":"bot_words","i1":1,"i2":5,"sol":{"path":["/c/en/goldenseal","/c/en/golden","/c/en/bridge","/c/en/cofferdam"],"weight":0.20277999999999982},"num_concepts_raised":11255},{"base_id":176,"kind":"bot_words","i1":1,"i2":6,"sol":{"path":["/c/en/goldenseal","/c/en/herb","/c/en/root","/c/en/ireland","/c/en/ennis"],"weight":0.20792999999999978},"num_concepts_raised":5631},{"base_id":176,"kind":"bot_words","i1":1,"i2":7,"sol":{"path":["/c/en/goldenseal","/c/en/perennial","/c/en/year","/c/en/days"],"weight":0.20416999999999952},"num_concepts_raised":22028},{"base_id":176,"kind":"bot_words","i1":1,"i2":8,"sol":{"path":["/c/en/goldenseal","/c/en/herb","/c/en/plant","/c/en/book","/c/en/illustrate"],"weight":0.20460999999999946},"num_concepts_raised":15737},{"base_id":176,"kind":"bot_words","i1":1,"i2":9,"sol":{"path":["/c/en/goldenseal","/c/en/medicinal","/c/en/china","/c/en/discrimination","/c/en/partiality"],"weight":0.20376999999999978},"num_concepts_raised":5492},{"base_id":176,"kind":"bot_words","i1":2,"i2":3,"sol":{"path":["/c/en/traveled","/c/en/us","/c/en/plant","/c/en/arum"],"weight":0.2090699999999998},"num_concepts_raised":22551},{"base_id":176,"kind":"bot_words","i1":2,"i2":4,"sol":{"path":["/c/en/traveled","/c/en/path","/c/en/computing","/c/en/fragmentation"],"weight":0.2037399999999998},"num_concepts_raised":29094},{"base_id":176,"kind":"bot_words","i1":2,"i2":5,"sol":{"path":["/c/en/traveled","/c/en/travel","/c/en/ship","/c/en/cofferdam"],"weight":0.20401999999999987},"num_concepts_raised":22085},{"base_id":176,"kind":"bot_words","i1":2,"i2":6,"sol":{"path":["/c/en/traveled","/c/en/road","/c/en/town","/c/en/ennis"],"weight":0.2079799999999998},"num_concepts_raised":16660},{"base_id":176,"kind":"bot_words","i1":2,"i2":7,"sol":{"path":["/c/en/traveled","/c/en/us","/c/en/hour","/c/en/days"],"weight":0.20404999999999957},"num_concepts_raised":32712},{"base_id":176,"kind":"bot_words","i1":2,"i2":8,"sol":{"path":["/c/en/traveled","/c/en/travel","/c/en/draw","/c/en/illustrate"],"weight":0.20573999999999948},"num_concepts_raised":26584},{"base_id":176,"kind":"bot_words","i1":2,"i2":9,"sol":{"path":["/c/en/traveled","/c/en/us","/c/en/preference","/c/en/partiality"],"weight":0.20482999999999982},"num_concepts_raised":16630},{"base_id":176,"kind":"bot_words","i1":3,"i2":4,"sol":{"path":["/c/en/arum","/c/en/plant","/c/en/packet","/c/en/fragmentation"],"weight":0.2098599999999997},"num_concepts_raised":25430},{"base_id":176,"kind":"bot_words","i1":3,"i2":5,"sol":{"path":["/c/en/arum","/c/fr/arum","/c/fr/localités","/c/en/bridge","/c/en/cofferdam"],"weight":0.21318999999999977},"num_concepts_raised":18375},{"base_id":176,"kind":"bot_words","i1":3,"i2":6,"sol":{"path":["/c/en/arum","/c/fr/arum","/c/fr/localités","/c/en/clare","/c/en/ennis"],"weight":0.2182399999999997},"num_concepts_raised":12782},{"base_id":176,"kind":"bot_words","i1":3,"i2":7,"sol":{"path":["/c/en/arum","/c/en/plant","/c/en/life","/c/en/days"],"weight":0.21025999999999945},"num_concepts_raised":29081},{"base_id":176,"kind":"bot_words","i1":3,"i2":8,"sol":{"path":["/c/en/arum","/c/en/plant","/c/en/book","/c/en/illustrate"],"weight":0.2108999999999994},"num_concepts_raised":22805},{"base_id":176,"kind":"bot_words","i1":3,"i2":9,"sol":{"path":["/c/en/arum","/c/en/starch","/c/en/fabric","/c/en/bias","/c/en/partiality"],"weight":0.21236999999999973},"num_concepts_raised":12652},{"base_id":176,"kind":"bot_words","i1":4,"i2":5,"sol":{"path":["/c/en/fragmentation","/c/en/computing","/c/en/bridge","/c/en/cofferdam"],"weight":0.20380999999999977},"num_concepts_raised":25091},{"base_id":176,"kind":"bot_words","i1":4,"i2":6,"sol":{"path":["/c/en/fragmentation","/c/en/fragment","/c/en/piece","/c/en/ireland","/c/en/ennis"],"weight":0.20986999999999972},"num_concepts_raised":19647},{"base_id":176,"kind":"bot_words","i1":4,"i2":7,"sol":{"path":["/c/en/fragmentation","/c/en/unit","/c/en/day","/c/en/days"],"weight":0.20832999999999943},"num_concepts_raised":35704},{"base_id":176,"kind":"bot_words","i1":4,"i2":8,"sol":{"path":["/c/en/fragmentation","/c/en/computing","/c/en/decorate","/c/en/illustrate"],"weight":0.20546999999999938},"num_concepts_raised":29333},{"base_id":176,"kind":"bot_words","i1":4,"i2":9,"sol":{"path":["/c/en/fragmentation","/c/en/fragment","/c/en/partial","/c/en/partiality"],"weight":0.20558999999999972},"num_concepts_raised":19506},{"base_id":176,"kind":"bot_words","i1":5,"i2":6,"sol":{"path":["/c/en/cofferdam","/c/en/bridge","/c/en/down","/c/en/ireland","/c/en/ennis"],"weight":0.20807999999999977},"num_concepts_raised":12556},{"base_id":176,"kind":"bot_words","i1":5,"i2":7,"sol":{"path":["/c/en/cofferdam","/c/ja/締切","/c/en/day","/c/en/days"],"weight":0.20748999999999948},"num_concepts_raised":28826},{"base_id":176,"kind":"bot_words","i1":5,"i2":8,"sol":{"path":["/c/en/cofferdam","/c/en/bridge","/c/en/feature","/c/en/illustrate"],"weight":0.20455999999999944},"num_concepts_raised":22483},{"base_id":176,"kind":"bot_words","i1":5,"i2":9,"sol":{"path":["/c/en/cofferdam","/c/en/nautical","/c/en/warp","/c/en/bias","/c/en/partiality"],"weight":0.20635999999999977},"num_concepts_raised":12417},{"base_id":176,"kind":"bot_words","i1":6,"i2":7,"sol":{"path":["/c/en/ennis","/c/en/ireland","/c/en/dag","/c/en/day","/c/en/days"],"weight":0.21266999999999942},"num_concepts_raised":23314},{"base_id":176,"kind":"bot_words","i1":6,"i2":8,"sol":{"path":["/c/en/ennis","/c/ga/inis","/c/en/island","/c/en/book","/c/en/illustrate"],"weight":0.21178999999999937},"num_concepts_raised":17031},{"base_id":176,"kind":"bot_words","i1":6,"i2":9,"sol":{"path":["/c/en/ennis","/c/en/town","/c/en/population","/c/en/bias","/c/en/partiality"],"weight":0.21135999999999971},"num_concepts_raised":6826},{"base_id":176,"kind":"bot_words","i1":7,"i2":8,"sol":{"path":["/c/en/days","/c/en/time","/c/en/art","/c/en/illustrate"],"weight":0.20623999999999912},"num_concepts_raised":32985},{"base_id":176,"kind":"bot_words","i1":7,"i2":9,"sol":{"path":["/c/en/days","/c/en/month","/c/en/partial","/c/en/partiality"],"weight":0.20507999999999943},"num_concepts_raised":23212},{"base_id":176,"kind":"bot_words","i1":8,"i2":9,"sol":{"path":["/c/en/illustrate","/c/en/book","/c/en/sports","/c/en/bias","/c/en/partiality"],"weight":0.2080599999999994},"num_concepts_raised":16874}],[{"base_id":176,"kind":"top_words","i1":0,"i2":1,"sol":{"path":["/c/en/leinster","/c/en/ireland","/c/en/rib","/c/en/spine","/c/en/vertebral"],"weight":0.20323999999999975},"num_concepts_raised":7219},{"base_id":176,"kind":"top_words","i1":0,"i2":2,"sol":{"path":["/c/en/leinster","/c/en/ireland","/c/en/munster"],"weight":0.202},"num_concepts_raised":299},{"base_id":176,"kind":"top_words","i1":0,"i2":3,"sol":{"path":["/c/en/leinster","/c/en/ireland","/c/en/give_out","/c/en/distribute","/c/en/distributive"],"weight":0.20503999999999978},"num_concepts_raised":25163},{"base_id":176,"kind":"top_words","i1":0,"i2":4,"sol":{"path":["/c/en/leinster","/c/en/kilkenny","/c/en/sport","/c/en/eventing"],"weight":0.20795999999999978},"num_concepts_raised":16081},{"base_id":176,"kind":"top_words","i1":0,"i2":5,"sol":{"path":["/c/en/leinster","/c/en/ireland","/c/en/connacht"],"weight":0.202},"num_concepts_raised":65},{"base_id":176,"kind":"top_words","i1":0,"i2":6,"sol":{"path":["/c/en/leinster","/c/en/ireland","/c/en/black","/c/en/blackbody"],"weight":0.20312999999999987},"num_concepts_raised":19965},{"base_id":176,"kind":"top_words","i1":0,"i2":7,"sol":{"path":["/c/en/leinster","/c/en/ireland","/c/en/animal","/c/en/master","/c/tr/ağa","/c/en/agha"],"weight":0.20890029999999976},"num_concepts_raised":305459},{"base_id":176,"kind":"top_words","i1":0,"i2":8,"sol":{"path":["/c/en/leinster","/c/en/ireland","/c/en/gas","/c/en/oxygen","/c/en/oxidizer"],"weight":0.20296999999999987},"num_concepts_raised":17709},{"base_id":176,"kind":"top_words","i1":0,"i2":9,"sol":{"path":["/c/en/leinster","/c/en/dublin","/c/en/city","/c/en/octroi"],"weight":0.20276999999999984},"num_concepts_raised":22278},{"base_id":176,"kind":"top_words","i1":1,"i2":2,"sol":{"path":["/c/en/vertebral","/c/it/vertebrale","/c/en/anatomy","/c/ga/dóid","/c/en/munster"],"weight":0.20662999999999881},"num_concepts_raised":8226},{"base_id":176,"kind":"top_words","i1":1,"i2":3,"sol":{"path":["/c/en/vertebral","/c/en/spine","/c/en/tail","/c/en/distribution","/c/en/distributive"],"weight":0.2052699999999997},"num_concepts_raised":28587},{"base_id":176,"kind":"top_words","i1":1,"i2":4,"sol":{"path":["/c/en/vertebral","/c/en/scale","/c/en/computing","/c/en/eventing"],"weight":0.20819999999999972},"num_concepts_raised":19574},{"base_id":176,"kind":"top_words","i1":1,"i2":5,"sol":{"path":["/c/en/vertebral","/c/en/spine","/c/en/rib","/c/en/ireland","/c/en/connacht"],"weight":0.20321999999999973},"num_concepts_raised":6906},{"base_id":176,"kind":"top_words","i1":1,"i2":6,"sol":{"path":["/c/en/vertebral","/c/en/spine","/c/en/body","/c/en/blackbody"],"weight":0.2033899999999998},"num_concepts_raised":23405},{"base_id":176,"kind":"top_words","i1":1,"i2":7,"sol":{"path":["/c/en/vertebral","/c/en/back","/c/en/yes","/c/ru/ага","/c/en/agha"],"weight":0.20458999999999983},"num_concepts_raised":5754},{"base_id":176,"kind":"top_words","i1":1,"i2":8,"sol":{"path":["/c/en/vertebral","/c/en/back","/c/en/change","/c/en/oxidize","/c/en/oxidizer"],"weight":0.20402999999999977},"num_concepts_raised":21272},{"base_id":176,"kind":"top_words","i1":1,"i2":9,"sol":{"path":["/c/en/vertebral","/c/en/back","/c/en/uk","/c/en/concession","/c/en/octroi"],"weight":0.20311999999999975},"num_concepts_raised":25838},{"base_id":176,"kind":"top_words","i1":2,"i2":3,"sol":{"path":["/c/en/munster","/c/en/ireland","/c/en/give_out","/c/en/distribute","/c/en/distributive"],"weight":0.20740999999999887},"num_concepts_raised":26153},{"base_id":176,"kind":"top_words","i1":2,"i2":4,"sol":{"path":["/c/en/munster","/c/en/cork","/c/en/skateboarding","/c/en/event","/c/en/eventing"],"weight":0.21237999999999888},"num_concepts_raised":17077},{"base_id":176,"kind":"top_words","i1":2,"i2":5,"sol":{"path":["/c/en/munster","/c/en/ireland","/c/en/connacht"],"weight":0.202},"num_concepts_raised":299},{"base_id":176,"kind":"top_words","i1":2,"i2":6,"sol":{"path":["/c/en/munster","/c/en/ireland","/c/en/black","/c/en/blackbody"],"weight":0.20549999999999896},"num_concepts_raised":20953},{"base_id":176,"kind":"top_words","i1":2,"i2":7,"sol":{"path":["/c/en/munster","/c/en/münster","/c/en/historical","/c/hy/աղա","/c/en/agha"],"weight":0.206639999999999},"num_concepts_raised":3170},{"base_id":176,"kind":"top_words","i1":2,"i2":8,"sol":{"path":["/c/en/munster","/c/en/ireland","/c/en/gas","/c/en/oxygen","/c/en/oxidizer"],"weight":0.20533999999999894},"num_concepts_raised":18713},{"base_id":176,"kind":"top_words","i1":2,"i2":9,"sol":{"path":["/c/en/munster","/c/en/münster","/c/en/city","/c/en/octroi"],"weight":0.20514999999999894},"num_concepts_raised":23285},{"base_id":176,"kind":"top_words","i1":3,"i2":4,"sol":{"path":["/c/en/distributive","/c/en/term","/c/en/event","/c/en/eventing"],"weight":0.21097999999999975},"num_concepts_raised":36926},{"base_id":176,"kind":"top_words","i1":3,"i2":5,"sol":{"path":["/c/en/distributive","/c/en/distribute","/c/en/give_out","/c/en/ireland","/c/en/connacht"],"weight":0.20501999999999976},"num_concepts_raised":24848},{"base_id":176,"kind":"top_words","i1":3,"i2":6,"sol":{"path":["/c/en/distributive","/c/en/distribution","/c/en/graybody","/c/en/blackbody"],"weight":0.20608999999999983},"num_concepts_raised":40585},{"base_id":176,"kind":"top_words","i1":3,"i2":7,"sol":{"path":["/c/en/distributive","/c/en/distribution","/c/en/historical","/c/hy/աղա","/c/en/agha"],"weight":0.2063699999999999},"num_concepts_raised":23715},{"base_id":176,"kind":"top_words","i1":3,"i2":8,"sol":{"path":["/c/en/distributive","/c/en/adjective","/c/en/chemistry","/c/en/oxidizer"],"weight":0.20379999999999981},"num_concepts_raised":38850},{"base_id":176,"kind":"top_words","i1":3,"i2":9,"sol":{"path":["/c/en/distributive","/c/en/distribution","/c/en/historical","/c/en/octroi"],"weight":0.2048299999999998},"num_concepts_raised":43304},{"base_id":176,"kind":"top_words","i1":4,"i2":5,"sol":{"path":["/c/en/eventing","/c/en/sport","/c/en/sligo","/c/en/connacht"],"weight":0.2079999999999998},"num_concepts_raised":15772},{"base_id":176,"kind":"top_words","i1":4,"i2":6,"sol":{"path":["/c/en/eventing","/c/en/event","/c/en/physics","/c/en/blackbody"],"weight":0.21024999999999983},"num_concepts_raised":31921},{"base_id":176,"kind":"top_words","i1":4,"i2":7,"sol":{"path":["/c/en/eventing","/c/en/event","/c/en/lord","/c/tr/ağa","/c/en/agha"],"weight":0.21155999999999991},"num_concepts_raised":14646},{"base_id":176,"kind":"top_words","i1":4,"i2":8,"sol":{"path":["/c/en/eventing","/c/en/event","/c/en/breathe","/c/en/oxidize","/c/en/oxidizer"],"weight":0.21090999999999982},"num_concepts_raised":30061},{"base_id":176,"kind":"top_words","i1":4,"i2":9,"sol":{"path":["/c/en/eventing","/c/en/program","/c/en/tax","/c/en/octroi"],"weight":0.2078899999999998},"num_concepts_raised":34435},{"base_id":176,"kind":"top_words","i1":5,"i2":6,"sol":{"path":["/c/en/connacht","/c/en/ireland","/c/en/black","/c/en/blackbody"],"weight":0.20310999999999985},"num_concepts_raised":19655},{"base_id":176,"kind":"top_words","i1":5,"i2":7,"sol":{"path":["/c/en/connacht","/c/ga/connachta","/c/ga/conn","/c/en/historical","/c/hy/աղա","/c/en/agha"],"weight":0.2100325999999999},"num_concepts_raised":184078},{"base_id":176,"kind":"top_words","i1":5,"i2":8,"sol":{"path":["/c/en/connacht","/c/en/ireland","/c/en/gas","/c/en/oxygen","/c/en/oxidizer"],"weight":0.20294999999999985},"num_concepts_raised":17396},{"base_id":176,"kind":"top_words","i1":5,"i2":9,"sol":{"path":["/c/en/connacht","/c/ga/connachta","/c/ga/conn","/c/en/historical","/c/en/octroi"],"weight":0.20371999999999985},"num_concepts_raised":21975},{"base_id":176,"kind":"top_words","i1":6,"i2":7,"sol":{"path":["/c/en/blackbody","/c/en/hole","/c/en/boss","/c/tr/ağa","/c/en/agha"],"weight":0.20456999999999997},"num_concepts_raised":18523},{"base_id":176,"kind":"top_words","i1":6,"i2":8,"sol":{"path":["/c/en/blackbody","/c/en/physics","/c/en/chemistry","/c/en/oxidizer"],"weight":0.2030599999999999},"num_concepts_raised":33076},{"base_id":176,"kind":"top_words","i1":6,"i2":9,"sol":{"path":["/c/en/blackbody","/c/en/black","/c/en/historical","/c/en/octroi"],"weight":0.20291999999999988},"num_concepts_raised":38342},{"base_id":176,"kind":"top_words","i1":7,"i2":8,"sol":{"path":["/c/en/agha","/c/tr/ağa","/c/fr/titre","/c/en/chemistry","/c/en/oxidizer"],"weight":0.20430999999999996},"num_concepts_raised":16240},{"base_id":176,"kind":"top_words","i1":7,"i2":9,"sol":{"path":["/c/en/agha","/c/hy/աղա","/c/en/historical","/c/en/octroi"],"weight":0.20413999999999993},"num_concepts_raised":20903},{"base_id":176,"kind":"top_words","i1":8,"i2":9,"sol":{"path":["/c/en/oxidizer","/c/en/oxidize","/c/en/charge","/c/en/duty","/c/en/octroi"],"weight":0.20372999999999986},"num_concepts_raised":36360}]]