[[{"base_id":815,"kind":"bot_words","i1":0,"i2":1,"sol":{"path":["/c/en/flute","/c/en/store","/c/en/city","/c/en/metropolis"],"weight":0.2288999999999994},"num_concepts_raised":51179},{"base_id":815,"kind":"bot_words","i1":0,"i2":2,"sol":{"path":["/c/en/flute","/c/en/band","/c/en/spectrum","/c/en/specter"],"weight":0.21847999999999984},"num_concepts_raised":39505},{"base_id":815,"kind":"bot_words","i1":0,"i2":3,"sol":{"path":["/c/en/flute","/c/en/music","/c/en/lead"],"weight":0.20800000000000002},"num_concepts_raised":2570},{"base_id":815,"kind":"bot_words","i1":0,"i2":4,"sol":{"path":["/c/en/flute","/c/en/music","/c/en/medicine","/c/en/hemodialysis"],"weight":0.21664999999999984},"num_concepts_raised":47986},{"base_id":815,"kind":"bot_words","i1":0,"i2":5,"sol":{"path":["/c/en/flute","/c/en/instrument","/c/en/size","/c/en/undersized"],"weight":0.21813999999999983},"num_concepts_raised":37174},{"base_id":815,"kind":"bot_words","i1":0,"i2":6,"sol":{"path":["/c/en/flute","/c/en/transverse","/c/en/transom","/c/en/fanlight"],"weight":0.21701999999999988},"num_concepts_raised":43232},{"base_id":815,"kind":"bot_words","i1":0,"i2":7,"sol":{"path":["/c/en/flute","/c/en/music","/c/en/rock","/c/en/tuff"],"weight":0.22283999999999984},"num_concepts_raised":37323},{"base_id":815,"kind":"bot_words","i1":0,"i2":8,"sol":{"path":["/c/en/flute","/c/en/music","/c/nl/mol","/c/en/infiltrator"],"weight":0.2165099999999998},"num_concepts_raised":36099},{"base_id":815,"kind":"bot_words","i1":0,"i2":9,"sol":{"path":["/c/en/flute","/c/en/fluted","/c/en/slang","/c/en/airbag"],"weight":0.22649999999999992},"num_concepts_raised":57059},{"base_id":815,"kind":"bot_words","i1":1,"i2":2,"sol":{"path":["/c/en/metropolis","/c/en/big","/c/en/shade","/c/en/specter"],"weight":0.2117799999999994},"num_concepts_raised":21656},{"base_id":815,"kind":"bot_words","i1":1,"i2":3,"sol":{"path":["/c/en/metropolis","/c/en/city","/c/en/chief","/c/en/lead"],"weight":0.2533200000000051},"num_concepts_raised":333310},{"base_id":815,"kind":"bot_words","i1":1,"i2":4,"sol":{"path":["/c/en/metropolis","/c/en/metro","/c/en/medicine","/c/en/hemodialysis"],"weight":0.21083999999999947},"num_concepts_raised":30213},{"base_id":815,"kind":"bot_words","i1":1,"i2":5,"sol":{"path":["/c/en/metropolis","/c/en/big","/c/en/size","/c/en/undersized"],"weight":0.21058999999999944},"num_concepts_raised":19162},{"base_id":815,"kind":"bot_words","i1":1,"i2":6,"sol":{"path":["/c/en/metropolis","/c/en/city","/c/en/like","/c/en/fanlight"],"weight":0.21581999999999946},"num_concepts_raised":25793},{"base_id":815,"kind":"bot_words","i1":1,"i2":7,"sol":{"path":["/c/en/metropolis","/c/en/big","/c/en/rock","/c/en/tuff"],"weight":0.21699999999999947},"num_concepts_raised":19435},{"base_id":815,"kind":"bot_words","i1":1,"i2":8,"sol":{"path":["/c/en/metropolis","/c/en/see","/c/en/spy","/c/en/infiltrator"],"weight":0.21079999999999943},"num_concepts_raised":18066},{"base_id":815,"kind":"bot_words","i1":1,"i2":9,"sol":{"path":["/c/en/metropolis","/c/en/see","/c/en/air","/c/en/airbag"],"weight":0.21701999999999952},"num_concepts_raised":39666},{"base_id":815,"kind":"bot_words","i1":2,"i2":3,"sol":{"path":["/c/en/specter","/c/en/ghost","/c/en/writing","/c/en/lead"],"weight":0.2433400000000055},"num_concepts_raised":322988},{"base_id":815,"kind":"bot_words","i1":2,"i2":4,"sol":{"path":["/c/en/specter","/c/fr/spectre","/c/fr/médecine","/c/en/medicine","/c/en/hemodialysis"],"weight":0.20665999999999984},"num_concepts_raised":18191},{"base_id":815,"kind":"bot_words","i1":2,"i2":5,"sol":{"path":["/c/en/specter","/c/en/shade","/c/en/below","/c/en/undersized"],"weight":0.20393999999999982},"num_concepts_raised":7230},{"base_id":815,"kind":"bot_words","i1":2,"i2":6,"sol":{"path":["/c/en/specter","/c/en/spectrum","/c/en/light","/c/en/fanlight"],"weight":0.20621999999999985},"num_concepts_raised":13858},{"base_id":815,"kind":"bot_words","i1":2,"i2":7,"sol":{"path":["/c/en/specter","/c/en/ghost","/c/en/person","/c/en/rock","/c/en/tuff"],"weight":0.21241999999999983},"num_concepts_raised":7449},{"base_id":815,"kind":"bot_words","i1":2,"i2":8,"sol":{"path":["/c/en/specter","/c/en/spook","/c/en/spy","/c/en/infiltrator"],"weight":0.20540999999999981},"num_concepts_raised":6048},{"base_id":815,"kind":"bot_words","i1":2,"i2":9,"sol":{"path":["/c/en/specter","/c/en/ghost","/c/en/slang","/c/en/airbag"],"weight":0.2124099999999999},"num_concepts_raised":27911},{"base_id":815,"kind":"bot_words","i1":3,"i2":4,"sol":{"path":["/c/en/lead","/c/en/music","/c/en/medicine","/c/en/hemodialysis"],"weight":0.24347000000000552},"num_concepts_raised":331073},{"base_id":815,"kind":"bot_words","i1":3,"i2":5,"sol":{"path":["/c/en/lead","/c/en/head","/c/en/below","/c/en/undersized"],"weight":0.2414500000000055},"num_concepts_raised":320956},{"base_id":815,"kind":"bot_words","i1":3,"i2":6,"sol":{"path":["/c/en/lead","/c/en/pencil","/c/en/light","/c/en/fanlight"],"weight":0.24393000000000553},"num_concepts_raised":326045},{"base_id":815,"kind":"bot_words","i1":3,"i2":7,"sol":{"path":["/c/en/lead","/c/en/mineral","/c/en/rock","/c/en/tuff"],"weight":0.25134000000000534},"num_concepts_raised":321145},{"base_id":815,"kind":"bot_words","i1":3,"i2":8,"sol":{"path":["/c/en/lead","/c/en/music","/c/nl/mol","/c/en/infiltrator"],"weight":0.2429100000000055},"num_concepts_raised":320236},{"base_id":815,"kind":"bot_words","i1":3,"i2":9,"sol":{"path":["/c/en/lead","/c/en/slang","/c/en/airbag"],"weight":0.20600000000000002},"num_concepts_raised":2249},{"base_id":815,"kind":"bot_words","i1":4,"i2":5,"sol":{"path":["/c/en/hemodialysis","/c/en/blood","/c/en/size","/c/en/undersized"],"weight":0.20283999999999985},"num_concepts_raised":15785},{"base_id":815,"kind":"bot_words","i1":4,"i2":6,"sol":{"path":["/c/en/hemodialysis","/c/en/medicine","/c/en/window","/c/en/fanlight"],"weight":0.20308999999999988},"num_concepts_raised":22524},{"base_id":815,"kind":"bot_words","i1":4,"i2":7,"sol":{"path":["/c/en/hemodialysis","/c/en/medicine","/c/pt/tofo","/c/en/tuff"],"weight":0.20927999999999986},"num_concepts_raised":15994},{"base_id":815,"kind":"bot_words","i1":4,"i2":8,"sol":{"path":["/c/en/hemodialysis","/c/en/medicine","/c/en/pathology","/c/en/infiltrate","/c/en/infiltrator"],"weight":0.20413999999999982},"num_concepts_raised":14614},{"base_id":815,"kind":"bot_words","i1":4,"i2":9,"sol":{"path":["/c/en/hemodialysis","/c/en/medicine","/c/en/slang","/c/en/airbag"],"weight":0.20948999999999993},"num_concepts_raised":36385},{"base_id":815,"kind":"bot_words","i1":5,"i2":6,"sol":{"path":["/c/en/undersized","/c/en/below","/c/en/like","/c/en/fanlight"],"weight":0.20274999999999987},"num_concepts_raised":11547},{"base_id":815,"kind":"bot_words","i1":5,"i2":7,"sol":{"path":["/c/en/undersized","/c/en/microscopic","/c/en/small","/c/en/rock","/c/en/tuff"],"weight":0.21023999999999984},"num_concepts_raised":4981},{"base_id":815,"kind":"bot_words","i1":5,"i2":8,"sol":{"path":["/c/en/undersized","/c/en/size","/c/en/military","/c/en/infiltrate","/c/en/infiltrator"],"weight":0.20387999999999984},"num_concepts_raised":3603},{"base_id":815,"kind":"bot_words","i1":5,"i2":9,"sol":{"path":["/c/en/undersized","/c/en/runt","/c/en/stunt","/c/en/airbag"],"weight":0.20911999999999992},"num_concepts_raised":25533},{"base_id":815,"kind":"bot_words","i1":6,"i2":7,"sol":{"path":["/c/en/fanlight","/c/en/like","/c/en/rock","/c/en/tuff"],"weight":0.20919999999999989},"num_concepts_raised":11753},{"base_id":815,"kind":"bot_words","i1":6,"i2":8,"sol":{"path":["/c/en/fanlight","/c/en/light","/c/it/spia","/c/en/infiltrator"],"weight":0.20400999999999986},"num_concepts_raised":10405},{"base_id":815,"kind":"bot_words","i1":6,"i2":9,"sol":{"path":["/c/en/fanlight","/c/en/light","/c/en/air","/c/en/airbag"],"weight":0.21031999999999995},"num_concepts_raised":31862},{"base_id":815,"kind":"bot_words","i1":7,"i2":8,"sol":{"path":["/c/en/tuff","/c/en/rock","/c/en/vein","/c/en/infiltrate","/c/en/infiltrator"],"weight":0.21032999999999985},"num_concepts_raised":3801},{"base_id":815,"kind":"bot_words","i1":7,"i2":9,"sol":{"path":["/c/en/tuff","/c/en/rock","/c/en/slang","/c/en/airbag"],"weight":0.21565999999999994},"num_concepts_raised":25717},{"base_id":815,"kind":"bot_words","i1":8,"i2":9,"sol":{"path":["/c/en/infiltrator","/c/en/commie","/c/en/slang","/c/en/airbag"],"weight":0.2093599999999999},"num_concepts_raised":24384}],[{"base_id":815,"kind":"top_words","i1":0,"i2":1,"sol":{"path":["/c/en/windpipe","/c/en/slang","/c/ja/河豚","/c/en/fugu"],"weight":0.20590999999999984},"num_concepts_raised":31040},{"base_id":815,"kind":"top_words","i1":0,"i2":2,"sol":{"path":["/c/en/windpipe","/c/en/throat","/c/en/passage","/c/en/city","/c/en/tlemcen"],"weight":0.21138999999999974},"num_concepts_raised":31215},{"base_id":815,"kind":"top_words","i1":0,"i2":3,"sol":{"path":["/c/en/windpipe","/c/en/pipe","/c/fr/mathématiques","/c/en/wavelet"],"weight":0.20502999999999982},"num_concepts_raised":39012},{"base_id":815,"kind":"top_words","i1":0,"i2":4,"sol":{"path":["/c/en/windpipe","/c/en/pipe","/c/en/round","/c/en/inexact"],"weight":0.20644999999999983},"num_concepts_raised":43576},{"base_id":815,"kind":"top_words","i1":0,"i2":5,"sol":{"path":["/c/en/windpipe","/c/en/slang","/c/en/blue","/c/en/ultramarine"],"weight":0.2111699999999997},"num_concepts_raised":33187},{"base_id":815,"kind":"top_words","i1":0,"i2":6,"sol":{"path":["/c/en/windpipe","/c/fr/conduite","/c/fr/économie","/c/en/gnp"],"weight":0.2047599999999999},"num_concepts_raised":31023},{"base_id":815,"kind":"top_words","i1":0,"i2":7,"sol":{"path":["/c/en/windpipe","/c/en/gas","/c/en/hydrogen","/c/en/dihydrogen"],"weight":0.20588999999999985},"num_concepts_raised":51904},{"base_id":815,"kind":"top_words","i1":0,"i2":8,"sol":{"path":["/c/en/windpipe","/c/en/slang","/c/en/banjo","/c/en/rickenbacker"],"weight":0.2098299999999998},"num_concepts_raised":30789},{"base_id":815,"kind":"top_words","i1":0,"i2":9,"sol":{"path":["/c/en/windpipe","/c/en/gape","/c/en/symptom","/c/en/bubo"],"weight":0.20525999999999983},"num_concepts_raised":36106},{"base_id":815,"kind":"top_words","i1":1,"i2":2,"sol":{"path":["/c/en/fugu","/c/en/blowfish","/c/en/book","/c/en/city","/c/en/tlemcen"],"weight":0.20914999999999978},"num_concepts_raised":5984},{"base_id":815,"kind":"top_words","i1":1,"i2":3,"sol":{"path":["/c/en/fugu","/c/en/blowfish","/c/en/sea_water","/c/en/wave","/c/en/wavelet"],"weight":0.20420999999999984},"num_concepts_raised":13943},{"base_id":815,"kind":"top_words","i1":1,"i2":4,"sol":{"path":["/c/en/fugu","/c/en/blowfish","/c/en/outside","/c/en/inaccurate","/c/en/inexact"],"weight":0.20703999999999986},"num_concepts_raised":18815},{"base_id":815,"kind":"top_words","i1":1,"i2":5,"sol":{"path":["/c/en/fugu","/c/en/prepare","/c/en/music","/c/en/chromatic","/c/en/ultramarine"],"weight":0.21104999999999968},"num_concepts_raised":8081},{"base_id":815,"kind":"top_words","i1":1,"i2":6,"sol":{"path":["/c/en/fugu","/c/en/japan","/c/en/nation","/c/en/gross_national_product","/c/en/gnp"],"weight":0.20388999999999996},"num_concepts_raised":5774},{"base_id":815,"kind":"top_words","i1":1,"i2":7,"sol":{"path":["/c/en/fugu","/c/en/blowfish","/c/en/plate","/c/en/chemistry","/c/en/dihydrogen"],"weight":0.2039899999999999},"num_concepts_raised":26967},{"base_id":815,"kind":"top_words","i1":1,"i2":8,"sol":{"path":["/c/en/fugu","/c/en/blowfish","/c/en/band","/c/en/guitar","/c/en/rickenbacker"],"weight":0.2090599999999998},"num_concepts_raised":5610},{"base_id":815,"kind":"top_words","i1":1,"i2":9,"sol":{"path":["/c/en/fugu","/c/en/blowfish","/c/en/family","/c/cs/hlíza","/c/en/bubo"],"weight":0.20451999999999987},"num_concepts_raised":10930},{"base_id":815,"kind":"top_words","i1":2,"i2":3,"sol":{"path":["/c/en/tlemcen","/c/en/city","/c/en/sound","/c/en/ripple","/c/en/wavelet"],"weight":0.20831999999999976},"num_concepts_raised":14109},{"base_id":815,"kind":"top_words","i1":2,"i2":4,"sol":{"path":["/c/en/tlemcen","/c/en/city","/c/en/uk","/c/en/liberal","/c/en/inexact"],"weight":0.20956999999999976},"num_concepts_raised":19000},{"base_id":815,"kind":"top_words","i1":2,"i2":5,"sol":{"path":["/c/en/tlemcen","/c/en/city","/c/en/dark","/c/en/color","/c/en/ultramarine"],"weight":0.21432999999999958},"num_concepts_raised":8258},{"base_id":815,"kind":"top_words","i1":2,"i2":6,"sol":{"path":["/c/en/tlemcen","/c/en/city","/c/en/market","/c/en/gross_national_product","/c/en/gnp"],"weight":0.20897999999999983},"num_concepts_raised":5943},{"base_id":815,"kind":"top_words","i1":2,"i2":7,"sol":{"path":["/c/en/tlemcen","/c/en/city","/c/en/water","/c/en/hydrogen","/c/en/dihydrogen"],"weight":0.20889999999999978},"num_concepts_raised":27139},{"base_id":815,"kind":"top_words","i1":2,"i2":8,"sol":{"path":["/c/en/tlemcen","/c/en/city","/c/en/company","/c/en/rickenbacker"],"weight":0.2129399999999997},"num_concepts_raised":5777},{"base_id":815,"kind":"top_words","i1":2,"i2":9,"sol":{"path":["/c/en/tlemcen","/c/en/city","/c/en/area","/c/en/groin","/c/en/bubo"],"weight":0.20845999999999978},"num_concepts_raised":11105},{"base_id":815,"kind":"top_words","i1":3,"i2":4,"sol":{"path":["/c/en/wavelet","/c/en/mathematics","/c/en/odd","/c/en/inexact"],"weight":0.20468999999999984},"num_concepts_raised":26323},{"base_id":815,"kind":"top_words","i1":3,"i2":5,"sol":{"path":["/c/en/wavelet","/c/en/mathematics","/c/en/color","/c/en/ultramarine"],"weight":0.20939999999999967},"num_concepts_raised":16160},{"base_id":815,"kind":"top_words","i1":3,"i2":6,"sol":{"path":["/c/en/wavelet","/c/en/mathematics","/c/en/total","/c/en/gross_national_product","/c/en/gnp"],"weight":0.20406999999999992},"num_concepts_raised":13828},{"base_id":815,"kind":"top_words","i1":3,"i2":7,"sol":{"path":["/c/en/wavelet","/c/en/mathematics","/c/en/atom","/c/en/dihydrogen"],"weight":0.20298999999999986},"num_concepts_raised":34836},{"base_id":815,"kind":"top_words","i1":3,"i2":8,"sol":{"path":["/c/en/wavelet","/c/en/ripple","/c/en/sound","/c/en/guitar","/c/en/rickenbacker"],"weight":0.20820999999999978},"num_concepts_raised":13718},{"base_id":815,"kind":"top_words","i1":3,"i2":9,"sol":{"path":["/c/en/wavelet","/c/en/mathematics","/c/en/pathological","/c/en/pathology","/c/en/bubo"],"weight":0.20367999999999986},"num_concepts_raised":19024},{"base_id":815,"kind":"top_words","i1":4,"i2":5,"sol":{"path":["/c/en/inexact","/c/en/liberal","/c/en/purple","/c/en/ultramarine"],"weight":0.21069999999999967},"num_concepts_raised":20962},{"base_id":815,"kind":"top_words","i1":4,"i2":6,"sol":{"path":["/c/en/inexact","/c/en/exact","/c/en/demand","/c/fr/économie","/c/en/gnp"],"weight":0.20451999999999992},"num_concepts_raised":18741},{"base_id":815,"kind":"top_words","i1":4,"i2":7,"sol":{"path":["/c/en/inexact","/c/en/physics","/c/en/chemistry","/c/en/dihydrogen"],"weight":0.20341999999999988},"num_concepts_raised":38835},{"base_id":815,"kind":"top_words","i1":4,"i2":8,"sol":{"path":["/c/en/inexact","/c/en/imprecise","/c/en/general","/c/en/company","/c/en/rickenbacker"],"weight":0.20974999999999983},"num_concepts_raised":18592},{"base_id":815,"kind":"top_words","i1":4,"i2":9,"sol":{"path":["/c/en/inexact","/c/en/imprecise","/c/en/error","/c/en/boo_boo","/c/en/bubo"],"weight":0.20521999999999987},"num_concepts_raised":23908},{"base_id":815,"kind":"top_words","i1":5,"i2":6,"sol":{"path":["/c/en/ultramarine","/c/en/blue","/c/en/depression","/c/en/gdp","/c/en/gnp"],"weight":0.21007999999999974},"num_concepts_raised":8032},{"base_id":815,"kind":"top_words","i1":5,"i2":7,"sol":{"path":["/c/en/ultramarine","/c/en/color","/c/en/element","/c/en/hydrogen","/c/en/dihydrogen"],"weight":0.21014999999999973},"num_concepts_raised":29133},{"base_id":815,"kind":"top_words","i1":5,"i2":8,"sol":{"path":["/c/en/ultramarine","/c/en/chromatic","/c/en/music","/c/en/guitar","/c/en/rickenbacker"],"weight":0.21606999999999965},"num_concepts_raised":7871},{"base_id":815,"kind":"top_words","i1":5,"i2":9,"sol":{"path":["/c/en/ultramarine","/c/en/color","/c/en/medicine","/c/en/pathology","/c/en/bubo"],"weight":0.20982999999999968},"num_concepts_raised":13173},{"base_id":815,"kind":"top_words","i1":6,"i2":7,"sol":{"path":["/c/en/gnp","/c/en/gross_national_product","/c/en/period","/c/en/chemistry","/c/en/dihydrogen"],"weight":0.20379999999999995},"num_concepts_raised":26881},{"base_id":815,"kind":"top_words","i1":6,"i2":8,"sol":{"path":["/c/en/gnp","/c/en/gross_national_product","/c/en/goods","/c/en/company","/c/en/rickenbacker"],"weight":0.20885999999999988},"num_concepts_raised":5549},{"base_id":815,"kind":"top_words","i1":6,"i2":9,"sol":{"path":["/c/en/gnp","/c/en/gdp","/c/en/depression","/c/en/groin","/c/en/bubo"],"weight":0.2042799999999999},"num_concepts_raised":10862},{"base_id":815,"kind":"top_words","i1":7,"i2":8,"sol":{"path":["/c/en/dihydrogen","/c/en/ion","/c/en/company","/c/en/rickenbacker"],"weight":0.20772999999999983},"num_concepts_raised":26745},{"base_id":815,"kind":"top_words","i1":7,"i2":9,"sol":{"path":["/c/en/dihydrogen","/c/en/chemistry","/c/en/inactive","/c/en/pathology","/c/en/bubo"],"weight":0.20339999999999991},"num_concepts_raised":32043},{"base_id":815,"kind":"top_words","i1":8,"i2":9,"sol":{"path":["/c/en/rickenbacker","/c/en/company","/c/en/body","/c/en/groin","/c/en/bubo"],"weight":0.20833999999999983},"num_concepts_raised":10725}]]