[[{"base_id":818,"kind":"bot_words","i1":0,"i2":1,"sol":{"path":["/c/en/florist","/c/en/flower","/c/en/head","/c/en/netherlands","/c/en/eindhoven"],"weight":0.21332999999999983},"num_concepts_raised":8546},{"base_id":818,"kind":"bot_words","i1":0,"i2":2,"sol":{"path":["/c/en/florist","/c/nl/bloemist","/c/en/historical","/c/en/dinar"],"weight":0.20635999999999993},"num_concepts_raised":19050},{"base_id":818,"kind":"bot_words","i1":0,"i2":3,"sol":{"path":["/c/en/florist","/c/en/shop","/c/en/chemistry","/c/en/ionization","/c/en/ionized"],"weight":0.20435999999999982},"num_concepts_raised":5297},{"base_id":818,"kind":"bot_words","i1":0,"i2":4,"sol":{"path":["/c/en/florist","/c/en/flower","/c/en/time_period","/c/en/bout"],"weight":0.2065099999999995},"num_concepts_raised":32961},{"base_id":818,"kind":"bot_words","i1":0,"i2":5,"sol":{"path":["/c/en/florist","/c/en/shop","/c/en/town","/c/en/hamina"],"weight":0.20940999999999985},"num_concepts_raised":7458},{"base_id":818,"kind":"bot_words","i1":0,"i2":6,"sol":{"path":["/c/en/florist","/c/en/flower","/c/en/silk","/c/en/protein","/c/en/tubulin"],"weight":0.21289999999999987},"num_concepts_raised":9101},{"base_id":818,"kind":"bot_words","i1":0,"i2":7,"sol":{"path":["/c/en/florist","/c/ro/florar","/c/en/flowers","/c/en/wild","/c/en/maenad"],"weight":0.20555999999999985},"num_concepts_raised":10517},{"base_id":818,"kind":"bot_words","i1":0,"i2":8,"sol":{"path":["/c/en/florist","/c/en/flower","/c/en/beautiful","/c/en/attractive","/c/en/winsome"],"weight":0.2067799999999999},"num_concepts_raised":8126},{"base_id":818,"kind":"bot_words","i1":0,"i2":9,"sol":{"path":["/c/en/florist","/c/en/flower","/c/en/has","/c/en/angel","/c/en/seraph"],"weight":0.20642999999999995},"num_concepts_raised":8147},{"base_id":818,"kind":"bot_words","i1":1,"i2":2,"sol":{"path":["/c/en/eindhoven","/c/en/netherlands","/c/en/country","/c/en/kuwait","/c/en/dinar"],"weight":0.21186999999999986},"num_concepts_raised":18210},{"base_id":818,"kind":"bot_words","i1":1,"i2":3,"sol":{"path":["/c/en/eindhoven","/c/en/city","/c/en/state","/c/en/ionization","/c/en/ionized"],"weight":0.20863999999999977},"num_concepts_raised":4572},{"base_id":818,"kind":"bot_words","i1":1,"i2":4,"sol":{"path":["/c/en/eindhoven","/c/en/netherlands","/c/en/bath","/c/en/about","/c/en/bout"],"weight":0.21289999999999942},"num_concepts_raised":32274},{"base_id":818,"kind":"bot_words","i1":1,"i2":5,"sol":{"path":["/c/en/eindhoven","/c/en/city","/c/en/town","/c/en/hamina"],"weight":0.21376999999999977},"num_concepts_raised":6248},{"base_id":818,"kind":"bot_words","i1":1,"i2":6,"sol":{"path":["/c/en/eindhoven","/c/en/campine","/c/en/chicken","/c/en/protein","/c/en/tubulin"],"weight":0.2161699999999998},"num_concepts_raised":8384},{"base_id":818,"kind":"bot_words","i1":1,"i2":7,"sol":{"path":["/c/en/eindhoven","/c/en/netherlands","/c/en/dutchwoman","/c/en/woman","/c/en/maenad"],"weight":0.21085999999999977},"num_concepts_raised":9793},{"base_id":818,"kind":"bot_words","i1":1,"i2":8,"sol":{"path":["/c/en/eindhoven","/c/fr/eindhoven","/c/fr/commune","/c/fr/charmant","/c/en/winsome"],"weight":0.21204999999999985},"num_concepts_raised":7406},{"base_id":818,"kind":"bot_words","i1":1,"i2":9,"sol":{"path":["/c/en/eindhoven","/c/en/city","/c/en/angels","/c/en/cherub","/c/en/seraph"],"weight":0.2115599999999999},"num_concepts_raised":7419},{"base_id":818,"kind":"bot_words","i1":2,"i2":3,"sol":{"path":["/c/en/dinar","/c/en/currency","/c/en/change","/c/en/ionize","/c/en/ionized"],"weight":0.20387999999999987},"num_concepts_raised":15116},{"base_id":818,"kind":"bot_words","i1":2,"i2":4,"sol":{"path":["/c/en/dinar","/c/en/coin","/c/en/corner","/c/en/bout"],"weight":0.20502999999999955},"num_concepts_raised":42509},{"base_id":818,"kind":"bot_words","i1":2,"i2":5,"sol":{"path":["/c/en/dinar","/c/en/historical","/c/en/town","/c/en/hamina"],"weight":0.2088699999999999},"num_concepts_raised":17203},{"base_id":818,"kind":"bot_words","i1":2,"i2":6,"sol":{"path":["/c/en/dinar","/c/en/coin","/c/en/food","/c/en/protein","/c/en/tubulin"],"weight":0.2113899999999999},"num_concepts_raised":18912},{"base_id":818,"kind":"bot_words","i1":2,"i2":7,"sol":{"path":["/c/en/dinar","/c/en/toman","/c/en/man","/c/en/woman","/c/en/maenad"],"weight":0.2049399999999999},"num_concepts_raised":20265},{"base_id":818,"kind":"bot_words","i1":2,"i2":8,"sol":{"path":["/c/en/dinar","/c/en/currency","/c/en/ten","/c/en/attractive","/c/en/winsome"],"weight":0.20526999999999995},"num_concepts_raised":17934},{"base_id":818,"kind":"bot_words","i1":2,"i2":9,"sol":{"path":["/c/en/dinar","/c/en/coin","/c/en/angel","/c/en/seraph"],"weight":0.20493},"num_concepts_raised":17888},{"base_id":818,"kind":"bot_words","i1":3,"i2":4,"sol":{"path":["/c/en/ionized","/c/en/plasma","/c/en/medicine","/c/fr/accès","/c/en/bout"],"weight":0.20503999999999944},"num_concepts_raised":29082},{"base_id":818,"kind":"bot_words","i1":3,"i2":5,"sol":{"path":["/c/en/ionized","/c/en/ionization","/c/en/state","/c/en/town","/c/en/hamina"],"weight":0.20785999999999977},"num_concepts_raised":3472},{"base_id":818,"kind":"bot_words","i1":3,"i2":6,"sol":{"path":["/c/en/ionized","/c/en/thrombin","/c/en/protein","/c/en/tubulin"],"weight":0.2102899999999998},"num_concepts_raised":5074},{"base_id":818,"kind":"bot_words","i1":3,"i2":7,"sol":{"path":["/c/en/ionized","/c/en/ionization","/c/en/ion","/c/en/greek_mythology","/c/en/maenad"],"weight":0.20295999999999978},"num_concepts_raised":6522},{"base_id":818,"kind":"bot_words","i1":3,"i2":8,"sol":{"path":["/c/en/ionized","/c/en/ionization","/c/en/physics","/c/en/attractive","/c/en/winsome"],"weight":0.20419999999999983},"num_concepts_raised":4121},{"base_id":818,"kind":"bot_words","i1":3,"i2":9,"sol":{"path":["/c/en/ionized","/c/en/geocorona","/c/en/earth","/c/en/god","/c/en/seraph"],"weight":0.20355999999999988},"num_concepts_raised":4143},{"base_id":818,"kind":"bot_words","i1":4,"i2":5,"sol":{"path":["/c/en/bout","/c/fr/combat","/c/en/battle","/c/en/town","/c/en/hamina"],"weight":0.21131999999999945},"num_concepts_raised":31232},{"base_id":818,"kind":"bot_words","i1":4,"i2":6,"sol":{"path":["/c/en/bout","/c/en/corner","/c/en/tangible_thing","/c/en/tubulin"],"weight":0.2093699999999995},"num_concepts_raised":32878},{"base_id":818,"kind":"bot_words","i1":4,"i2":7,"sol":{"path":["/c/en/bout","/c/en/assault","/c/en/wild","/c/en/maenad"],"weight":0.20417999999999947},"num_concepts_raised":34208},{"base_id":818,"kind":"bot_words","i1":4,"i2":8,"sol":{"path":["/c/en/bout","/c/fr/combat","/c/fr/ancien","/c/fr/charmant","/c/en/winsome"],"weight":0.20740999999999954},"num_concepts_raised":31847},{"base_id":818,"kind":"bot_words","i1":4,"i2":9,"sol":{"path":["/c/en/bout","/c/en/music","/c/en/choir","/c/en/seraph"],"weight":0.20491999999999955},"num_concepts_raised":31851},{"base_id":818,"kind":"bot_words","i1":5,"i2":6,"sol":{"path":["/c/en/hamina","/c/en/municipality","/c/en/tangible_thing","/c/en/tubulin"],"weight":0.21321999999999983},"num_concepts_raised":7282},{"base_id":818,"kind":"bot_words","i1":5,"i2":7,"sol":{"path":["/c/en/hamina","/c/en/town","/c/en/argos","/c/en/greek_mythology","/c/en/maenad"],"weight":0.2080099999999998},"num_concepts_raised":8709},{"base_id":818,"kind":"bot_words","i1":5,"i2":8,"sol":{"path":["/c/en/hamina","/c/en/town","/c/fr/commune","/c/fr/charmant","/c/en/winsome"],"weight":0.20928999999999987},"num_concepts_raised":6316},{"base_id":818,"kind":"bot_words","i1":5,"i2":9,"sol":{"path":["/c/en/hamina","/c/en/russian","/c/en/russia","/c/en/archangel","/c/en/seraph"],"weight":0.2098999999999999},"num_concepts_raised":6328},{"base_id":818,"kind":"bot_words","i1":6,"i2":7,"sol":{"path":["/c/en/tubulin","/c/en/protein","/c/pt/argonauta","/c/en/greek_mythology","/c/en/maenad"],"weight":0.21047999999999983},"num_concepts_raised":10345},{"base_id":818,"kind":"bot_words","i1":6,"i2":8,"sol":{"path":["/c/en/tubulin","/c/en/protein","/c/en/chicken","/c/en/attractive","/c/en/winsome"],"weight":0.21168999999999988},"num_concepts_raised":7939},{"base_id":818,"kind":"bot_words","i1":6,"i2":9,"sol":{"path":["/c/en/tubulin","/c/en/protein","/c/en/rank","/c/en/choir","/c/en/seraph"],"weight":0.21119999999999994},"num_concepts_raised":7964},{"base_id":818,"kind":"bot_words","i1":7,"i2":8,"sol":{"path":["/c/en/maenad","/c/en/revel","/c/en/delight","/c/en/winne","/c/en/winsome"],"weight":0.20537999999999984},"num_concepts_raised":9326},{"base_id":818,"kind":"bot_words","i1":7,"i2":9,"sol":{"path":["/c/en/maenad","/c/en/greek_mythology","/c/en/serpent","/c/he/שרף","/c/en/seraph"],"weight":0.2068899999999999},"num_concepts_raised":9341},{"base_id":818,"kind":"bot_words","i1":8,"i2":9,"sol":{"path":["/c/en/winsome","/c/en/attractive","/c/en/baby","/c/en/cherub","/c/en/seraph"],"weight":0.20707999999999996},"num_concepts_raised":6970}],[{"base_id":818,"kind":"top_words","i1":0,"i2":1,"sol":{"path":["/c/en/axle","/c/en/man","/c/en/ethnic_group","/c/en/tamils"],"weight":0.21722999999999928},"num_concepts_raised":23600},{"base_id":818,"kind":"top_words","i1":0,"i2":2,"sol":{"path":["/c/en/axle","/c/lv/ass","/c/en/rounded","/c/en/uncial"],"weight":0.2142499999999994},"num_concepts_raised":25240},{"base_id":818,"kind":"top_words","i1":0,"i2":3,"sol":{"path":["/c/en/axle","/c/en/shaft","/c/en/pole","/c/en/north","/c/en/northwesterly"],"weight":0.21760999999999942},"num_concepts_raised":21027},{"base_id":818,"kind":"top_words","i1":0,"i2":4,"sol":{"path":["/c/en/axle","/c/en/front","/c/fr/linguistique","/c/en/sinhalese"],"weight":0.21255999999999942},"num_concepts_raised":37232},{"base_id":818,"kind":"top_words","i1":0,"i2":5,"sol":{"path":["/c/en/axle","/c/en/cars","/c/en/freeway"],"weight":0.20700000000000002},"num_concepts_raised":470},{"base_id":818,"kind":"top_words","i1":0,"i2":6,"sol":{"path":["/c/en/axle","/c/en/shaft","/c/en/natural","/c/en/animism","/c/en/animist"],"weight":0.21656999999999943},"num_concepts_raised":20578},{"base_id":818,"kind":"top_words","i1":0,"i2":7,"sol":{"path":["/c/en/axle","/c/en/shaft","/c/en/animal","/c/en/category","/c/en/subcategory"],"weight":0.21643999999999952},"num_concepts_raised":20630},{"base_id":818,"kind":"top_words","i1":0,"i2":8,"sol":{"path":["/c/en/axle","/c/en/pin","/c/en/medicine","/c/en/senna"],"weight":0.21763999999999928},"num_concepts_raised":39897},{"base_id":818,"kind":"top_words","i1":0,"i2":9,"sol":{"path":["/c/en/axle","/c/en/part","/c/en/blood","/c/en/hemophiliac"],"weight":0.21323999999999943},"num_concepts_raised":32999},{"base_id":818,"kind":"top_words","i1":1,"i2":2,"sol":{"path":["/c/en/tamils","/c/es/tamil","/c/en/script","/c/en/uncial"],"weight":0.2082199999999997},"num_concepts_raised":9219},{"base_id":818,"kind":"top_words","i1":1,"i2":3,"sol":{"path":["/c/en/tamils","/c/en/religion","/c/en/oregon","/c/en/northwest","/c/en/northwesterly"],"weight":0.2102199999999997},"num_concepts_raised":4803},{"base_id":818,"kind":"top_words","i1":1,"i2":4,"sol":{"path":["/c/en/tamils","/c/en/tamil","/c/en/sri_lanka","/c/en/sinhalese"],"weight":0.20960999999999974},"num_concepts_raised":21295},{"base_id":818,"kind":"top_words","i1":1,"i2":5,"sol":{"path":["/c/en/tamils","/c/en/religion","/c/en/like","/c/en/highway","/c/en/freeway"],"weight":0.22065999999999952},"num_concepts_raised":36433},{"base_id":818,"kind":"top_words","i1":1,"i2":6,"sol":{"path":["/c/en/tamils","/c/en/religion","/c/fr/fétiche","/c/en/animist"],"weight":0.20817999999999973},"num_concepts_raised":4286},{"base_id":818,"kind":"top_words","i1":1,"i2":7,"sol":{"path":["/c/en/tamils","/c/en/ethnic_group","/c/en/group","/c/en/category","/c/en/subcategory"],"weight":0.2080499999999998},"num_concepts_raised":4403},{"base_id":818,"kind":"top_words","i1":1,"i2":8,"sol":{"path":["/c/en/tamils","/c/en/religion","/c/en/general","/c/en/plant","/c/en/senna"],"weight":0.21358999999999956},"num_concepts_raised":23961},{"base_id":818,"kind":"top_words","i1":1,"i2":9,"sol":{"path":["/c/en/tamils","/c/en/tamil","/c/en/human","/c/en/blood","/c/en/hemophiliac"],"weight":0.20919999999999975},"num_concepts_raised":16906},{"base_id":818,"kind":"top_words","i1":2,"i2":3,"sol":{"path":["/c/en/uncial","/c/en/style","/c/en/direction","/c/en/northwest","/c/en/northwesterly"],"weight":0.20518999999999984},"num_concepts_raised":6657},{"base_id":818,"kind":"top_words","i1":2,"i2":4,"sol":{"path":["/c/en/uncial","/c/en/writing","/c/fr/langue","/c/fr/cingalais","/c/en/sinhalese"],"weight":0.20684999999999987},"num_concepts_raised":23156},{"base_id":818,"kind":"top_words","i1":2,"i2":5,"sol":{"path":["/c/en/uncial","/c/en/letter","/c/en/us","/c/en/freeway"],"weight":0.2117499999999997},"num_concepts_raised":38045},{"base_id":818,"kind":"top_words","i1":2,"i2":6,"sol":{"path":["/c/en/uncial","/c/en/letter","/c/en/spirit","/c/en/animism","/c/en/animist"],"weight":0.20417999999999986},"num_concepts_raised":6182},{"base_id":818,"kind":"top_words","i1":2,"i2":7,"sol":{"path":["/c/en/uncial","/c/en/writing","/c/en/type","/c/en/category","/c/en/subcategory"],"weight":0.20410999999999996},"num_concepts_raised":6242},{"base_id":818,"kind":"top_words","i1":2,"i2":8,"sol":{"path":["/c/en/uncial","/c/en/writing","/c/en/small","/c/en/plant","/c/en/senna"],"weight":0.2096799999999997},"num_concepts_raised":25749},{"base_id":818,"kind":"top_words","i1":2,"i2":9,"sol":{"path":["/c/en/uncial","/c/en/writing","/c/en/type","/c/en/blood","/c/en/hemophiliac"],"weight":0.20523999999999987},"num_concepts_raised":18730},{"base_id":818,"kind":"top_words","i1":3,"i2":4,"sol":{"path":["/c/en/northwesterly","/c/ms/barat_laut","/c/fr/géographie","/c/en/sinhalese"],"weight":0.20334999999999984},"num_concepts_raised":18729},{"base_id":818,"kind":"top_words","i1":3,"i2":5,"sol":{"path":["/c/en/northwesterly","/c/en/north","/c/en/us","/c/en/freeway"],"weight":0.21158999999999967},"num_concepts_raised":33878},{"base_id":818,"kind":"top_words","i1":3,"i2":6,"sol":{"path":["/c/en/northwesterly","/c/en/northwest","/c/en/ireland","/c/en/disciple","/c/en/animist"],"weight":0.20511999999999986},"num_concepts_raised":1740},{"base_id":818,"kind":"top_words","i1":3,"i2":7,"sol":{"path":["/c/en/northwesterly","/c/en/north","/c/en/news","/c/en/category","/c/en/subcategory"],"weight":0.20389999999999991},"num_concepts_raised":1818},{"base_id":818,"kind":"top_words","i1":3,"i2":8,"sol":{"path":["/c/en/northwesterly","/c/en/north","/c/en/us","/c/en/plant","/c/en/senna"],"weight":0.2094299999999997},"num_concepts_raised":21406},{"base_id":818,"kind":"top_words","i1":3,"i2":9,"sol":{"path":["/c/en/northwesterly","/c/en/north","/c/en/positive","/c/en/blood","/c/en/hemophiliac"],"weight":0.20505999999999985},"num_concepts_raised":14347},{"base_id":818,"kind":"top_words","i1":4,"i2":5,"sol":{"path":["/c/en/sinhalese","/c/en/human","/c/en/us","/c/en/freeway"],"weight":0.21104999999999968},"num_concepts_raised":50041},{"base_id":818,"kind":"top_words","i1":4,"i2":6,"sol":{"path":["/c/en/sinhalese","/c/fr/géographie","/c/fr/objet","/c/fr/fétiche","/c/en/animist"],"weight":0.20343999999999987},"num_concepts_raised":18310},{"base_id":818,"kind":"top_words","i1":4,"i2":7,"sol":{"path":["/c/en/sinhalese","/c/en/sri_lanka","/c/en/country","/c/en/category","/c/en/subcategory"],"weight":0.20441999999999994},"num_concepts_raised":18382},{"base_id":818,"kind":"top_words","i1":4,"i2":8,"sol":{"path":["/c/en/sinhalese","/c/fr/géographie","/c/it/senna","/c/en/senna"],"weight":0.20875999999999972},"num_concepts_raised":37869},{"base_id":818,"kind":"top_words","i1":4,"i2":9,"sol":{"path":["/c/en/sinhalese","/c/en/human","/c/en/blood","/c/en/hemophiliac"],"weight":0.20444999999999988},"num_concepts_raised":30831},{"base_id":818,"kind":"top_words","i1":5,"i2":6,"sol":{"path":["/c/en/freeway","/c/en/motorway","/c/en/ireland","/c/en/disciple","/c/en/animist"],"weight":0.21347999999999967},"num_concepts_raised":33452},{"base_id":818,"kind":"top_words","i1":5,"i2":7,"sol":{"path":["/c/en/freeway","/c/en/way","/c/en/category","/c/en/subcategory"],"weight":0.21045999999999976},"num_concepts_raised":33492},{"base_id":818,"kind":"top_words","i1":5,"i2":8,"sol":{"path":["/c/en/freeway","/c/en/free","/c/en/plant","/c/en/senna"],"weight":0.21789999999999954},"num_concepts_raised":52629},{"base_id":818,"kind":"top_words","i1":5,"i2":9,"sol":{"path":["/c/en/freeway","/c/en/us","/c/en/blood","/c/en/hemophiliac"],"weight":0.2117299999999997},"num_concepts_raised":45761},{"base_id":818,"kind":"top_words","i1":6,"i2":7,"sol":{"path":["/c/en/animist","/c/en/animism","/c/en/object","/c/en/category","/c/en/subcategory"],"weight":0.20303999999999994},"num_concepts_raised":1335},{"base_id":818,"kind":"top_words","i1":6,"i2":8,"sol":{"path":["/c/en/animist","/c/en/animism","/c/en/object","/c/en/plant","/c/en/senna"],"weight":0.20855999999999972},"num_concepts_raised":20926},{"base_id":818,"kind":"top_words","i1":6,"i2":9,"sol":{"path":["/c/en/animist","/c/en/animism","/c/en/force","/c/en/blood","/c/en/hemophiliac"],"weight":0.20413999999999988},"num_concepts_raised":13864},{"base_id":818,"kind":"top_words","i1":7,"i2":8,"sol":{"path":["/c/en/subcategory","/c/en/category","/c/en/object","/c/en/plant","/c/en/senna"],"weight":0.2084399999999998},"num_concepts_raised":20994},{"base_id":818,"kind":"top_words","i1":7,"i2":9,"sol":{"path":["/c/en/subcategory","/c/en/category","/c/en/color","/c/en/blood","/c/en/hemophiliac"],"weight":0.20400999999999997},"num_concepts_raised":13935},{"base_id":818,"kind":"top_words","i1":8,"i2":9,"sol":{"path":["/c/en/senna","/c/en/medicine","/c/en/hemophiliac"],"weight":0.20400000000000001},"num_concepts_raised":98}]]