[[{"base_id":673,"kind":"bot_words","i1":0,"i2":1,"sol":{"path":["/c/en/akkad","/c/en/babylonia","/c/en/ancient","/c/en/legal","/c/en/traversable"],"weight":0.2027299999999999},"num_concepts_raised":7389},{"base_id":673,"kind":"bot_words","i1":0,"i2":2,"sol":{"path":["/c/en/akkad","/c/akk/𒆠","/c/en/earth","/c/en/round","/c/en/inexact"],"weight":0.20430999999999988},"num_concepts_raised":16387},{"base_id":673,"kind":"bot_words","i1":0,"i2":3,"sol":{"path":["/c/en/akkad","/c/en/babylonia","/c/en/historical","/c/en/substitute","/c/en/dextran"],"weight":0.20798999999999981},"num_concepts_raised":13571},{"base_id":673,"kind":"bot_words","i1":0,"i2":4,"sol":{"path":["/c/en/akkad","/c/en/mesopotamia","/c/en/state","/c/en/pleasure","/c/en/delight"],"weight":0.2129899999999985},"num_concepts_raised":33547},{"base_id":673,"kind":"bot_words","i1":0,"i2":5,"sol":{"path":["/c/en/akkad","/c/en/akkadian","/c/en/sin","/c/en/law","/c/en/judgment"],"weight":0.22178999999999865},"num_concepts_raised":47228},{"base_id":673,"kind":"bot_words","i1":0,"i2":6,"sol":{"path":["/c/en/akkad","/c/en/akkadian","/c/en/language","/c/en/method","/c/en/routing"],"weight":0.20938999999999974},"num_concepts_raised":11536},{"base_id":673,"kind":"bot_words","i1":0,"i2":7,"sol":{"path":["/c/en/akkad","/c/en/akkadian","/c/en/sin","/c/en/ismah","/c/en/imam"],"weight":0.21231000000000033},"num_concepts_raised":14137},{"base_id":673,"kind":"bot_words","i1":0,"i2":8,"sol":{"path":["/c/en/akkad","/c/en/mesopotamia","/c/en/state","/c/en/separation","/c/en/separative"],"weight":0.20276999999999995},"num_concepts_raised":2458},{"base_id":673,"kind":"bot_words","i1":0,"i2":9,"sol":{"path":["/c/en/akkad","/c/en/akkadian","/c/en/sin","/c/en/death","/c/en/bardo"],"weight":0.20882999999999985},"num_concepts_raised":16208},{"base_id":673,"kind":"bot_words","i1":1,"i2":2,"sol":{"path":["/c/en/traversable","/c/en/legal","/c/en/erroneous","/c/en/inaccurate","/c/en/inexact"],"weight":0.2058199999999999},"num_concepts_raised":22762},{"base_id":673,"kind":"bot_words","i1":1,"i2":3,"sol":{"path":["/c/en/traversable","/c/en/traverse","/c/en/military","/c/en/substitute","/c/en/dextran"],"weight":0.2090699999999998},"num_concepts_raised":20031},{"base_id":673,"kind":"bot_words","i1":1,"i2":4,"sol":{"path":["/c/en/traversable","/c/en/legal","/c/en/enjoyment","/c/en/delight"],"weight":0.21064999999999856},"num_concepts_raised":39826},{"base_id":673,"kind":"bot_words","i1":1,"i2":5,"sol":{"path":["/c/en/traversable","/c/en/legal","/c/en/judgment"],"weight":0.20600000000000002},"num_concepts_raised":529},{"base_id":673,"kind":"bot_words","i1":1,"i2":6,"sol":{"path":["/c/en/traversable","/c/en/traverse","/c/en/route","/c/en/routing"],"weight":0.20958999999999975},"num_concepts_raised":17878},{"base_id":673,"kind":"bot_words","i1":1,"i2":7,"sol":{"path":["/c/en/traversable","/c/en/legal","/c/en/company","/c/en/imam"],"weight":0.21143000000000034},"num_concepts_raised":20515},{"base_id":673,"kind":"bot_words","i1":1,"i2":8,"sol":{"path":["/c/en/traversable","/c/en/legal","/c/en/separation","/c/en/separative"],"weight":0.20278999999999991},"num_concepts_raised":8918},{"base_id":673,"kind":"bot_words","i1":1,"i2":9,"sol":{"path":["/c/en/traversable","/c/en/legal","/c/en/person","/c/en/bardo"],"weight":0.20784999999999987},"num_concepts_raised":22495},{"base_id":673,"kind":"bot_words","i1":2,"i2":3,"sol":{"path":["/c/en/inexact","/c/en/exact","/c/en/change","/c/en/substitute","/c/en/dextran"],"weight":0.20980999999999977},"num_concepts_raised":29011},{"base_id":673,"kind":"bot_words","i1":2,"i2":4,"sol":{"path":["/c/en/inexact","/c/en/short","/c/en/joy","/c/en/delight"],"weight":0.21380999999999847},"num_concepts_raised":48255},{"base_id":673,"kind":"bot_words","i1":2,"i2":5,"sol":{"path":["/c/en/inexact","/c/fr/aberrer","/c/en/judgement","/c/en/judgment"],"weight":0.22388999999999865},"num_concepts_raised":61915},{"base_id":673,"kind":"bot_words","i1":2,"i2":6,"sol":{"path":["/c/en/inexact","/c/en/round","/c/en/path","/c/en/routing"],"weight":0.2101199999999997},"num_concepts_raised":26795},{"base_id":673,"kind":"bot_words","i1":2,"i2":7,"sol":{"path":["/c/en/inexact","/c/en/physics","/c/en/magnet","/c/es/imán","/c/en/imam"],"weight":0.21630000000000033},"num_concepts_raised":29510},{"base_id":673,"kind":"bot_words","i1":2,"i2":8,"sol":{"path":["/c/en/inexact","/c/en/loose","/c/en/separate","/c/en/separative"],"weight":0.20341999999999988},"num_concepts_raised":17878},{"base_id":673,"kind":"bot_words","i1":2,"i2":9,"sol":{"path":["/c/en/inexact","/c/en/liberal","/c/en/person","/c/en/bardo"],"weight":0.20947999999999983},"num_concepts_raised":31456},{"base_id":673,"kind":"bot_words","i1":3,"i2":4,"sol":{"path":["/c/en/dextran","/c/en/substitute","/c/en/utility","/c/en/pleasure","/c/en/delight"],"weight":0.2182699999999984},"num_concepts_raised":46159},{"base_id":673,"kind":"bot_words","i1":3,"i2":5,"sol":{"path":["/c/en/dextran","/c/en/substitute","/c/en/television_episode","/c/en/judgment"],"weight":0.22334999999999858},"num_concepts_raised":59794},{"base_id":673,"kind":"bot_words","i1":3,"i2":6,"sol":{"path":["/c/en/dextran","/c/en/organic_compound","/c/en/organic","/c/en/internet","/c/en/routing"],"weight":0.21386999999999964},"num_concepts_raised":24160},{"base_id":673,"kind":"bot_words","i1":3,"i2":7,"sol":{"path":["/c/en/dextran","/c/en/enzyme","/c/en/pk","/c/en/priest","/c/en/imam"],"weight":0.21682000000000023},"num_concepts_raised":26794},{"base_id":673,"kind":"bot_words","i1":3,"i2":8,"sol":{"path":["/c/en/dextran","/c/en/chromatography","/c/en/separation","/c/en/separative"],"weight":0.20805999999999983},"num_concepts_raised":15114},{"base_id":673,"kind":"bot_words","i1":3,"i2":9,"sol":{"path":["/c/en/dextran","/c/en/chemical_compound","/c/en/cyanide","/c/en/death","/c/en/bardo"],"weight":0.21317999999999976},"num_concepts_raised":28854},{"base_id":673,"kind":"bot_words","i1":4,"i2":5,"sol":{"path":["/c/en/delight","/c/en/pleasure","/c/en/power","/c/en/judgment"],"weight":0.2284999999999973},"num_concepts_raised":77793},{"base_id":673,"kind":"bot_words","i1":4,"i2":6,"sol":{"path":["/c/en/delight","/c/en/fun","/c/en/rib","/c/en/routing"],"weight":0.21485999999999839},"num_concepts_raised":43675},{"base_id":673,"kind":"bot_words","i1":4,"i2":7,"sol":{"path":["/c/en/delight","/c/en/charm","/c/es/imán","/c/en/imam"],"weight":0.22282999999999897},"num_concepts_raised":46413},{"base_id":673,"kind":"bot_words","i1":4,"i2":8,"sol":{"path":["/c/en/delight","/c/en/joy","/c/en/term","/c/en/distributive","/c/en/separative"],"weight":0.21412999999999852},"num_concepts_raised":35050},{"base_id":673,"kind":"bot_words","i1":4,"i2":9,"sol":{"path":["/c/en/delight","/c/en/pleasure","/c/en/person","/c/en/bardo"],"weight":0.21812999999999846},"num_concepts_raised":48162},{"base_id":673,"kind":"bot_words","i1":5,"i2":6,"sol":{"path":["/c/en/judgment","/c/en/finding","/c/en/routing"],"weight":0.20800000000000002},"num_concepts_raised":581},{"base_id":673,"kind":"bot_words","i1":5,"i2":7,"sol":{"path":["/c/en/judgment","/c/fr/jugement","/c/fr/religion","/c/en/imam"],"weight":0.23197999999999908},"num_concepts_raised":59792},{"base_id":673,"kind":"bot_words","i1":5,"i2":8,"sol":{"path":["/c/en/judgment","/c/ja/分別","/c/en/separation","/c/en/separative"],"weight":0.22025999999999868},"num_concepts_raised":48659},{"base_id":673,"kind":"bot_words","i1":5,"i2":9,"sol":{"path":["/c/en/judgment","/c/en/judgement","/c/en/person","/c/en/bardo"],"weight":0.22866999999999862},"num_concepts_raised":61368},{"base_id":673,"kind":"bot_words","i1":6,"i2":7,"sol":{"path":["/c/en/routing","/c/en/path","/c/en/leader","/c/en/imam"],"weight":0.21720000000000017},"num_concepts_raised":24623},{"base_id":673,"kind":"bot_words","i1":6,"i2":8,"sol":{"path":["/c/en/routing","/c/en/internet","/c/en/knowbot","/c/en/distributive","/c/en/separative"],"weight":0.20953999999999973},"num_concepts_raised":13050},{"base_id":673,"kind":"bot_words","i1":6,"i2":9,"sol":{"path":["/c/en/routing","/c/en/route","/c/en/ghost","/c/en/death","/c/en/bardo"],"weight":0.21370999999999968},"num_concepts_raised":26600},{"base_id":673,"kind":"bot_words","i1":7,"i2":8,"sol":{"path":["/c/en/imam","/c/en/leader","/c/en/general","/c/en/distributive","/c/en/separative"],"weight":0.21245000000000036},"num_concepts_raised":15673},{"base_id":673,"kind":"bot_words","i1":7,"i2":9,"sol":{"path":["/c/en/imam","/c/en/priest","/c/en/person","/c/en/bardo"],"weight":0.2166600000000003},"num_concepts_raised":29136},{"base_id":673,"kind":"bot_words","i1":8,"i2":9,"sol":{"path":["/c/en/separative","/c/en/disjunctive","/c/en/grammar","/c/en/person","/c/en/bardo"],"weight":0.20885999999999988},"num_concepts_raised":17737}],[{"base_id":673,"kind":"top_words","i1":0,"i2":1,"sol":{"path":["/c/en/praetor","/c/en/provost","/c/en/slang","/c/en/beaker"],"weight":0.21291999999999972},"num_concepts_raised":41817},{"base_id":673,"kind":"top_words","i1":0,"i2":2,"sol":{"path":["/c/en/praetor","/c/en/historical","/c/en/ring","/c/en/semigroup"],"weight":0.20970999999999979},"num_concepts_raised":30213},{"base_id":673,"kind":"top_words","i1":0,"i2":3,"sol":{"path":["/c/en/praetor","/c/en/historical","/c/en/blood","/c/en/artery","/c/en/aorta"],"weight":0.22231999999999996},"num_concepts_raised":36890},{"base_id":673,"kind":"top_words","i1":0,"i2":4,"sol":{"path":["/c/en/praetor","/c/en/provost","/c/en/france","/c/en/marne"],"weight":0.21738999999999964},"num_concepts_raised":23792},{"base_id":673,"kind":"top_words","i1":0,"i2":5,"sol":{"path":["/c/en/praetor","/c/fr/préteur","/c/fr/justice","/c/fr/rapport","/c/fr/aortique","/c/en/aortic"],"weight":0.22407239999999962},"num_concepts_raised":832141},{"base_id":673,"kind":"top_words","i1":0,"i2":6,"sol":{"path":["/c/en/praetor","/c/la/praetor","/c/en/head","/c/en/music","/c/en/toccata"],"weight":0.21799999999999983},"num_concepts_raised":28213},{"base_id":673,"kind":"top_words","i1":0,"i2":7,"sol":{"path":["/c/en/praetor","/c/en/historical","/c/en/circus","/c/en/concourse"],"weight":0.2115599999999996},"num_concepts_raised":24389},{"base_id":673,"kind":"top_words","i1":0,"i2":8,"sol":{"path":["/c/en/praetor","/c/en/historical","/c/es/plebe","/c/en/plebs"],"weight":0.21739999999999965},"num_concepts_raised":24188},{"base_id":673,"kind":"top_words","i1":0,"i2":9,"sol":{"path":["/c/en/praetor","/c/en/provost","/c/en/one","/c/en/unitary"],"weight":0.21261999999999964},"num_concepts_raised":34843},{"base_id":673,"kind":"top_words","i1":1,"i2":2,"sol":{"path":["/c/en/beaker","/c/en/cup","/c/en/mathematics","/c/en/semigroup"],"weight":0.20464999999999983},"num_concepts_raised":39701},{"base_id":673,"kind":"top_words","i1":1,"i2":3,"sol":{"path":["/c/en/beaker","/c/en/vessel","/c/en/artery","/c/en/aorta"],"weight":0.21690000000000006},"num_concepts_raised":46176},{"base_id":673,"kind":"top_words","i1":1,"i2":4,"sol":{"path":["/c/en/beaker","/c/en/lab","/c/en/river","/c/en/marne"],"weight":0.20975999999999972},"num_concepts_raised":33454},{"base_id":673,"kind":"top_words","i1":1,"i2":5,"sol":{"path":["/c/en/beaker","/c/en/vessel","/c/en/artery","/c/en/aorta","/c/en/aortic"],"weight":0.20541999999999994},"num_concepts_raised":26202},{"base_id":673,"kind":"top_words","i1":1,"i2":6,"sol":{"path":["/c/en/beaker","/c/en/handle","/c/fr/toucher","/c/fr/toccata","/c/en/toccata"],"weight":0.2146499999999999},"num_concepts_raised":37674},{"base_id":673,"kind":"top_words","i1":1,"i2":7,"sol":{"path":["/c/en/beaker","/c/en/glass","/c/en/gather","/c/en/concourse"],"weight":0.20615999999999968},"num_concepts_raised":33877},{"base_id":673,"kind":"top_words","i1":1,"i2":8,"sol":{"path":["/c/en/beaker","/c/en/children","/c/en/people","/c/en/plebs"],"weight":0.2098699999999997},"num_concepts_raised":33749},{"base_id":673,"kind":"top_words","i1":1,"i2":9,"sol":{"path":["/c/en/beaker","/c/en/cup","/c/en/mathematics","/c/en/unitary"],"weight":0.20650999999999975},"num_concepts_raised":43858},{"base_id":673,"kind":"top_words","i1":2,"i2":3,"sol":{"path":["/c/en/semigroup","/c/en/group","/c/en/body","/c/en/artery","/c/en/aorta"],"weight":0.21561000000000013},"num_concepts_raised":34720},{"base_id":673,"kind":"top_words","i1":2,"i2":4,"sol":{"path":["/c/en/semigroup","/c/en/ring","/c/en/married","/c/la/matrona","/c/en/marne"],"weight":0.2105299999999998},"num_concepts_raised":21851},{"base_id":673,"kind":"top_words","i1":2,"i2":5,"sol":{"path":["/c/en/semigroup","/c/en/mathematics","/c/en/base","/c/en/anatomy","/c/en/aorta","/c/en/aortic"],"weight":0.20930779999999893},"num_concepts_raised":749181},{"base_id":673,"kind":"top_words","i1":2,"i2":6,"sol":{"path":["/c/en/semigroup","/c/en/set","/c/en/music","/c/en/toccata"],"weight":0.20921999999999996},"num_concepts_raised":25976},{"base_id":673,"kind":"top_words","i1":2,"i2":7,"sol":{"path":["/c/en/semigroup","/c/en/ring","/c/en/circus","/c/en/concourse"],"weight":0.20480999999999974},"num_concepts_raised":22044},{"base_id":673,"kind":"top_words","i1":2,"i2":8,"sol":{"path":["/c/en/semigroup","/c/en/group","/c/en/plebs"],"weight":0.20400000000000001},"num_concepts_raised":107},{"base_id":673,"kind":"top_words","i1":2,"i2":9,"sol":{"path":["/c/en/semigroup","/c/en/mathematics","/c/en/unitary"],"weight":0.203},"num_concepts_raised":111},{"base_id":673,"kind":"top_words","i1":3,"i2":4,"sol":{"path":["/c/en/aorta","/c/fr/anatomie","/c/fr/région","/c/fr/marne","/c/en/marne"],"weight":0.22135000000000002},"num_concepts_raised":28259},{"base_id":673,"kind":"top_words","i1":3,"i2":5,"sol":{"path":["/c/en/aorta","/c/en/aortic"],"weight":0.20600000000000002},"num_concepts_raised":172},{"base_id":673,"kind":"top_words","i1":3,"i2":6,"sol":{"path":["/c/en/aorta","/c/en/artery","/c/en/a","/c/en/music","/c/en/toccata"],"weight":0.22173000000000018},"num_concepts_raised":32539},{"base_id":673,"kind":"top_words","i1":3,"i2":7,"sol":{"path":["/c/en/aorta","/c/en/anatomy","/c/it/atrio","/c/en/concourse"],"weight":0.21470999999999996},"num_concepts_raised":28855},{"base_id":673,"kind":"top_words","i1":3,"i2":8,"sol":{"path":["/c/en/aorta","/c/en/artery","/c/en/body","/c/en/people","/c/en/plebs"],"weight":0.22135},"num_concepts_raised":28744},{"base_id":673,"kind":"top_words","i1":3,"i2":9,"sol":{"path":["/c/en/aorta","/c/en/anatomy","/c/en/analysis","/c/en/unitary"],"weight":0.21279000000000003},"num_concepts_raised":39647},{"base_id":673,"kind":"top_words","i1":4,"i2":5,"sol":{"path":["/c/en/marne","/c/fr/marne","/c/fr/région","/c/fr/anatomie","/c/en/aorta","/c/en/aortic"],"weight":0.21903669999999964},"num_concepts_raised":531643},{"base_id":673,"kind":"top_words","i1":4,"i2":6,"sol":{"path":["/c/en/marne","/c/fr/marne","/c/fr/bouquin","/c/fr/musique","/c/en/toccata"],"weight":0.21861999999999987},"num_concepts_raised":19689},{"base_id":673,"kind":"top_words","i1":4,"i2":7,"sol":{"path":["/c/en/marne","/c/en/river","/c/en/confluence","/c/en/concourse"],"weight":0.21046999999999963},"num_concepts_raised":15884},{"base_id":673,"kind":"top_words","i1":4,"i2":8,"sol":{"path":["/c/en/marne","/c/en/germany","/c/en/people","/c/en/plebs"],"weight":0.21427999999999964},"num_concepts_raised":15793},{"base_id":673,"kind":"top_words","i1":4,"i2":9,"sol":{"path":["/c/en/marne","/c/en/river","/c/en/medway","/c/en/unitary"],"weight":0.2092999999999997},"num_concepts_raised":26699},{"base_id":673,"kind":"top_words","i1":5,"i2":6,"sol":{"path":["/c/en/aortic","/c/fr/aortique","/c/fr/tenir","/c/fr/musique","/c/en/toccata"],"weight":0.21007000000000006},"num_concepts_raised":12287},{"base_id":673,"kind":"top_words","i1":5,"i2":7,"sol":{"path":["/c/en/aortic","/c/en/aortal","/c/en/anatomy","/c/it/atrio","/c/en/concourse"],"weight":0.20692999999999984},"num_concepts_raised":8559},{"base_id":673,"kind":"top_words","i1":5,"i2":8,"sol":{"path":["/c/en/aortic","/c/fr/aortique","/c/fr/rapport","/c/fr/haut","/c/fr/plèbe","/c/en/plebs"],"weight":0.21654079999999976},"num_concepts_raised":726505},{"base_id":673,"kind":"top_words","i1":5,"i2":9,"sol":{"path":["/c/en/aortic","/c/en/aortal","/c/en/anatomy","/c/en/analysis","/c/en/unitary"],"weight":0.20501999999999987},"num_concepts_raised":19410},{"base_id":673,"kind":"top_words","i1":6,"i2":7,"sol":{"path":["/c/en/toccata","/c/en/performer","/c/en/circus","/c/en/concourse"],"weight":0.21074999999999983},"num_concepts_raised":20185},{"base_id":673,"kind":"top_words","i1":6,"i2":8,"sol":{"path":["/c/en/toccata","/c/en/music","/c/en/group","/c/en/plebs"],"weight":0.21479999999999982},"num_concepts_raised":20073},{"base_id":673,"kind":"top_words","i1":6,"i2":9,"sol":{"path":["/c/en/toccata","/c/en/music","/c/en/analysis","/c/en/unitary"],"weight":0.20999999999999988},"num_concepts_raised":30934},{"base_id":673,"kind":"top_words","i1":7,"i2":8,"sol":{"path":["/c/en/concourse","/c/en/multitude","/c/fr/plèbe","/c/en/plebs"],"weight":0.2115999999999996},"num_concepts_raised":16011},{"base_id":673,"kind":"top_words","i1":7,"i2":9,"sol":{"path":["/c/en/concourse","/c/en/space","/c/en/mathematics","/c/en/unitary"],"weight":0.20577999999999963},"num_concepts_raised":27082},{"base_id":673,"kind":"top_words","i1":8,"i2":9,"sol":{"path":["/c/en/plebs","/c/en/group","/c/en/mathematics","/c/en/unitary"],"weight":0.21060999999999966},"num_concepts_raised":26866}]]