[[{"base_id":229,"kind":"bot_words","i1":0,"i2":1,"sol":{"path":["/c/en/coalition","/c/en/association","/c/en/a","/c/en/are","/c/en/hectare"],"weight":0.2092799999999998},"num_concepts_raised":6963},{"base_id":229,"kind":"bot_words","i1":0,"i2":2,"sol":{"path":["/c/en/coalition","/c/en/union","/c/en/holy","/c/en/saint","/c/en/euphemia"],"weight":0.21620999999999976},"num_concepts_raised":6660},{"base_id":229,"kind":"bot_words","i1":0,"i2":3,"sol":{"path":["/c/en/coalition","/c/en/alliance","/c/en/join","/c/en/include","/c/en/included"],"weight":0.20976999999999954},"num_concepts_raised":10484},{"base_id":229,"kind":"bot_words","i1":0,"i2":4,"sol":{"path":["/c/en/coalition","/c/it/blocco","/c/fr/sport","/c/en/vanquish"],"weight":0.20747999999999958},"num_concepts_raised":15008},{"base_id":229,"kind":"bot_words","i1":0,"i2":5,"sol":{"path":["/c/en/coalition","/c/en/alliance","/c/en/canada","/c/en/wine","/c/en/bacchus"],"weight":0.2137299999999997},"num_concepts_raised":9515},{"base_id":229,"kind":"bot_words","i1":0,"i2":6,"sol":{"path":["/c/en/coalition","/c/en/union","/c/en/uk","/c/en/tasty","/c/en/appetizing"],"weight":0.20886999999999978},"num_concepts_raised":7631},{"base_id":229,"kind":"bot_words","i1":0,"i2":7,"sol":{"path":["/c/en/coalition","/c/en/organization","/c/en/hunt","/c/en/scrounge"],"weight":0.20582999999999962},"num_concepts_raised":8477},{"base_id":229,"kind":"bot_words","i1":0,"i2":8,"sol":{"path":["/c/en/coalition","/c/en/alliance","/c/en/side","/c/en/alongside"],"weight":0.2093299999999995},"num_concepts_raised":12649},{"base_id":229,"kind":"bot_words","i1":0,"i2":9,"sol":{"path":["/c/en/coalition","/c/en/alliance","/c/en/suriname","/c/nl/hemd","/c/en/undershirt"],"weight":0.20865999999999954},"num_concepts_raised":8084},{"base_id":229,"kind":"bot_words","i1":1,"i2":2,"sol":{"path":["/c/en/hectare","/c/en/are","/c/en/being","/c/en/saint","/c/en/euphemia"],"weight":0.21611999999999998},"num_concepts_raised":2785},{"base_id":229,"kind":"bot_words","i1":1,"i2":3,"sol":{"path":["/c/en/hectare","/c/en/acre","/c/en/area","/c/en/enclosed","/c/en/included"],"weight":0.20828999999999975},"num_concepts_raised":6655},{"base_id":229,"kind":"bot_words","i1":1,"i2":4,"sol":{"path":["/c/en/hectare","/c/en/are","/c/en/being","/c/en/defeat","/c/en/vanquish"],"weight":0.2098599999999998},"num_concepts_raised":11163},{"base_id":229,"kind":"bot_words","i1":1,"i2":5,"sol":{"path":["/c/en/hectare","/c/en/are","/c/en/art","/c/en/grape","/c/en/bacchus"],"weight":0.2122799999999999},"num_concepts_raised":5655},{"base_id":229,"kind":"bot_words","i1":1,"i2":6,"sol":{"path":["/c/en/hectare","/c/en/are","/c/en/art","/c/en/appealing","/c/en/appetizing"],"weight":0.20758},"num_concepts_raised":3759},{"base_id":229,"kind":"bot_words","i1":1,"i2":7,"sol":{"path":["/c/en/hectare","/c/en/are","/c/en/a","/c/ru/стрельнуть","/c/en/scrounge"],"weight":0.20711999999999983},"num_concepts_raised":4606},{"base_id":229,"kind":"bot_words","i1":1,"i2":8,"sol":{"path":["/c/en/hectare","/c/en/acre","/c/en/length","/c/en/along","/c/en/alongside"],"weight":0.2090699999999997},"num_concepts_raised":8886},{"base_id":229,"kind":"bot_words","i1":1,"i2":9,"sol":{"path":["/c/en/hectare","/c/en/are","/c/en/art","/c/en/fashion","/c/en/undershirt"],"weight":0.20724999999999977},"num_concepts_raised":4233},{"base_id":229,"kind":"bot_words","i1":2,"i2":3,"sol":{"path":["/c/en/euphemia","/c/en/saint","/c/en/all_hallows","/c/en/all","/c/en/included"],"weight":0.21287999999999974},"num_concepts_raised":6345},{"base_id":229,"kind":"bot_words","i1":2,"i2":4,"sol":{"path":["/c/en/euphemia","/c/en/effie","/c/en/given_name","/c/en/beat","/c/en/vanquish"],"weight":0.2170499999999998},"num_concepts_raised":10854},{"base_id":229,"kind":"bot_words","i1":2,"i2":5,"sol":{"path":["/c/en/euphemia","/c/en/saint","/c/en/patron","/c/en/dionysus","/c/en/bacchus"],"weight":0.21993999999999989},"num_concepts_raised":5340},{"base_id":229,"kind":"bot_words","i1":2,"i2":6,"sol":{"path":["/c/en/euphemia","/c/en/saint","/c/en/uk","/c/en/tasty","/c/en/appetizing"],"weight":0.21444999999999995},"num_concepts_raised":3443},{"base_id":229,"kind":"bot_words","i1":2,"i2":7,"sol":{"path":["/c/en/euphemia","/c/en/monarch","/c/en/slang","/c/en/cadge","/c/en/scrounge"],"weight":0.21290999999999982},"num_concepts_raised":4296},{"base_id":229,"kind":"bot_words","i1":2,"i2":8,"sol":{"path":["/c/en/euphemia","/c/en/monarch","/c/en/progress","/c/en/along","/c/en/alongside"],"weight":0.21578999999999968},"num_concepts_raised":8597},{"base_id":229,"kind":"bot_words","i1":2,"i2":9,"sol":{"path":["/c/en/euphemia","/c/en/saint","/c/en/man","/c/en/shirt","/c/en/undershirt"],"weight":0.21505999999999975},"num_concepts_raised":3921},{"base_id":229,"kind":"bot_words","i1":3,"i2":4,"sol":{"path":["/c/en/included","/c/he/נפל","/c/en/defeat","/c/en/vanquish"],"weight":0.2065199999999996},"num_concepts_raised":14658},{"base_id":229,"kind":"bot_words","i1":3,"i2":5,"sol":{"path":["/c/en/included","/c/en/enclosed","/c/en/lake","/c/en/wine","/c/en/bacchus"],"weight":0.2111099999999997},"num_concepts_raised":9206},{"base_id":229,"kind":"bot_words","i1":3,"i2":6,"sol":{"path":["/c/en/included","/c/en/enclosed","/c/en/walk","/c/en/appeal","/c/en/appetizing"],"weight":0.20639999999999975},"num_concepts_raised":7314},{"base_id":229,"kind":"bot_words","i1":3,"i2":7,"sol":{"path":["/c/en/included","/c/en/wash","/c/en/sponge","/c/en/scrounge"],"weight":0.2038299999999996},"num_concepts_raised":8133},{"base_id":229,"kind":"bot_words","i1":3,"i2":8,"sol":{"path":["/c/en/included","/c/de/begleitung","/c/en/alongside"],"weight":0.202},"num_concepts_raised":192},{"base_id":229,"kind":"bot_words","i1":3,"i2":9,"sol":{"path":["/c/en/included","/c/en/include","/c/en/cover","/c/en/shirt","/c/en/undershirt"],"weight":0.20710999999999952},"num_concepts_raised":7779},{"base_id":229,"kind":"bot_words","i1":4,"i2":5,"sol":{"path":["/c/en/vanquish","/c/fr/battre","/c/en/agriculture","/c/en/dionysus","/c/en/bacchus"],"weight":0.21186999999999973},"num_concepts_raised":13720},{"base_id":229,"kind":"bot_words","i1":4,"i2":6,"sol":{"path":["/c/en/vanquish","/c/la/impello","/c/en/stimulate","/c/en/appetizing"],"weight":0.20491999999999977},"num_concepts_raised":11812},{"base_id":229,"kind":"bot_words","i1":4,"i2":7,"sol":{"path":["/c/en/vanquish","/c/en/beat","/c/sco/fauch","/c/en/scrounge"],"weight":0.20595999999999964},"num_concepts_raised":12629},{"base_id":229,"kind":"bot_words","i1":4,"i2":8,"sol":{"path":["/c/en/vanquish","/c/en/defeat","/c/en/against","/c/en/along","/c/en/alongside"],"weight":0.20960999999999952},"num_concepts_raised":16866},{"base_id":229,"kind":"bot_words","i1":4,"i2":9,"sol":{"path":["/c/en/vanquish","/c/en/beat","/c/en/wifebeater","/c/en/undershirt"],"weight":0.20605999999999958},"num_concepts_raised":12277},{"base_id":229,"kind":"bot_words","i1":5,"i2":6,"sol":{"path":["/c/en/bacchus","/c/en/wine","/c/en/tasty","/c/en/appetizing"],"weight":0.2105999999999999},"num_concepts_raised":6307},{"base_id":229,"kind":"bot_words","i1":5,"i2":7,"sol":{"path":["/c/en/bacchus","/c/en/wine","/c/en/british","/c/en/cadge","/c/en/scrounge"],"weight":0.20903999999999973},"num_concepts_raised":7166},{"base_id":229,"kind":"bot_words","i1":5,"i2":8,"sol":{"path":["/c/en/bacchus","/c/en/rome","/c/en/line","/c/en/along","/c/en/alongside"],"weight":0.2119199999999996},"num_concepts_raised":11432},{"base_id":229,"kind":"bot_words","i1":5,"i2":9,"sol":{"path":["/c/en/bacchus","/c/en/artwork","/c/en/fashion","/c/en/undershirt"],"weight":0.20891999999999966},"num_concepts_raised":6780},{"base_id":229,"kind":"bot_words","i1":6,"i2":7,"sol":{"path":["/c/en/appetizing","/c/en/tasty","/c/en/slang","/c/en/cadge","/c/en/scrounge"],"weight":0.2055599999999998},"num_concepts_raised":5260},{"base_id":229,"kind":"bot_words","i1":6,"i2":8,"sol":{"path":["/c/en/appetizing","/c/en/tasty","/c/en/uk","/c/en/para","/c/en/alongside"],"weight":0.20714999999999967},"num_concepts_raised":9558},{"base_id":229,"kind":"bot_words","i1":6,"i2":9,"sol":{"path":["/c/en/appetizing","/c/en/tasty","/c/en/uk","/c/en/singlet","/c/en/undershirt"],"weight":0.20679999999999976},"num_concepts_raised":4885},{"base_id":229,"kind":"bot_words","i1":7,"i2":8,"sol":{"path":["/c/en/scrounge","/c/en/hunt","/c/en/after","/c/en/along","/c/en/alongside"],"weight":0.20676999999999954},"num_concepts_raised":10390},{"base_id":229,"kind":"bot_words","i1":7,"i2":9,"sol":{"path":["/c/en/scrounge","/c/en/hunt","/c/en/beater","/c/en/undershirt"],"weight":0.2037699999999996},"num_concepts_raised":5735},{"base_id":229,"kind":"bot_words","i1":8,"i2":9,"sol":{"path":["/c/en/alongside","/c/en/board","/c/en/typically","/c/en/undershirt"],"weight":0.20446999999999949},"num_concepts_raised":10003}],[{"base_id":229,"kind":"top_words","i1":0,"i2":1,"sol":{"path":["/c/en/alphabet","/c/en/language","/c/en/sanskrit"],"weight":0.20700000000000002},"num_concepts_raised":727},{"base_id":229,"kind":"top_words","i1":0,"i2":2,"sol":{"path":["/c/en/alphabet","/c/en/consonant","/c/en/syllable"],"weight":0.20800000000000002},"num_concepts_raised":962},{"base_id":229,"kind":"top_words","i1":0,"i2":3,"sol":{"path":["/c/en/alphabet","/c/en/beth","/c/en/hebrew"],"weight":0.20500000000000002},"num_concepts_raised":716},{"base_id":229,"kind":"top_words","i1":0,"i2":4,"sol":{"path":["/c/en/alphabet","/c/en/number","/c/en/arabic"],"weight":0.20700000000000002},"num_concepts_raised":892},{"base_id":229,"kind":"top_words","i1":0,"i2":5,"sol":{"path":["/c/en/alphabet","/c/en/a","/c/en/verb"],"weight":0.20800000000000002},"num_concepts_raised":1247},{"base_id":229,"kind":"top_words","i1":0,"i2":6,"sol":{"path":["/c/en/alphabet","/c/en/syllabary","/c/en/katakana"],"weight":0.20700000000000002},"num_concepts_raised":591},{"base_id":229,"kind":"top_words","i1":0,"i2":7,"sol":{"path":["/c/en/alphabet","/c/en/letter","/c/en/orthography"],"weight":0.20800000000000002},"num_concepts_raised":863},{"base_id":229,"kind":"top_words","i1":0,"i2":8,"sol":{"path":["/c/en/alphabet","/c/en/an","/c/en/grammatical"],"weight":0.20400000000000001},"num_concepts_raised":693},{"base_id":229,"kind":"top_words","i1":0,"i2":9,"sol":{"path":["/c/en/alphabet","/c/en/number","/c/en/verse"],"weight":0.20500000000000002},"num_concepts_raised":1104},{"base_id":229,"kind":"top_words","i1":1,"i2":2,"sol":{"path":["/c/en/sanskrit","/c/en/grassmann's_law","/c/en/syllable"],"weight":0.20600000000000002},"num_concepts_raised":734},{"base_id":229,"kind":"top_words","i1":1,"i2":3,"sol":{"path":["/c/en/sanskrit","/c/en/language","/c/en/hebrew"],"weight":0.20600000000000002},"num_concepts_raised":483},{"base_id":229,"kind":"top_words","i1":1,"i2":4,"sol":{"path":["/c/en/sanskrit","/c/en/language","/c/en/arabic"],"weight":0.20700000000000002},"num_concepts_raised":659},{"base_id":229,"kind":"top_words","i1":1,"i2":5,"sol":{"path":["/c/en/sanskrit","/c/en/language","/c/en/grammar","/c/en/verb"],"weight":0.24285999999999924},"num_concepts_raised":51006},{"base_id":229,"kind":"top_words","i1":1,"i2":6,"sol":{"path":["/c/en/sanskrit","/c/en/devanagari","/c/en/syllabary","/c/en/katakana"],"weight":0.22178000000000025},"num_concepts_raised":11788},{"base_id":229,"kind":"top_words","i1":1,"i2":7,"sol":{"path":["/c/en/sanskrit","/c/en/language","/c/en/orthography"],"weight":0.20700000000000002},"num_concepts_raised":638},{"base_id":229,"kind":"top_words","i1":1,"i2":8,"sol":{"path":["/c/en/sanskrit","/c/en/language","/c/en/grammar","/c/en/grammatical"],"weight":0.2189899999999997},"num_concepts_raised":29798},{"base_id":229,"kind":"top_words","i1":1,"i2":9,"sol":{"path":["/c/en/sanskrit","/c/en/panchatantra","/c/en/verse"],"weight":0.20400000000000001},"num_concepts_raised":871},{"base_id":229,"kind":"top_words","i1":2,"i2":3,"sol":{"path":["/c/en/syllable","/c/en/meteg","/c/en/hebrew"],"weight":0.20400000000000001},"num_concepts_raised":724},{"base_id":229,"kind":"top_words","i1":2,"i2":4,"sol":{"path":["/c/en/syllable","/c/en/word","/c/en/language","/c/en/arabic"],"weight":0.23248999999999836},"num_concepts_raised":52143},{"base_id":229,"kind":"top_words","i1":2,"i2":5,"sol":{"path":["/c/en/syllable","/c/en/word","/c/en/verb"],"weight":0.21100000000000002},"num_concepts_raised":1252},{"base_id":229,"kind":"top_words","i1":2,"i2":6,"sol":{"path":["/c/en/syllable","/c/en/syllabary","/c/en/katakana"],"weight":0.20800000000000002},"num_concepts_raised":597},{"base_id":229,"kind":"top_words","i1":2,"i2":7,"sol":{"path":["/c/en/syllable","/c/en/word","/c/en/orthography"],"weight":0.20800000000000002},"num_concepts_raised":872},{"base_id":229,"kind":"top_words","i1":2,"i2":8,"sol":{"path":["/c/en/syllable","/c/en/linguistics","/c/en/grammatical"],"weight":0.20400000000000001},"num_concepts_raised":700},{"base_id":229,"kind":"top_words","i1":2,"i2":9,"sol":{"path":["/c/en/syllable","/c/la/syllaba","/c/en/verse"],"weight":0.20600000000000002},"num_concepts_raised":1093},{"base_id":229,"kind":"top_words","i1":3,"i2":4,"sol":{"path":["/c/en/hebrew","/c/en/semitic","/c/en/arabic"],"weight":0.20600000000000002},"num_concepts_raised":628},{"base_id":229,"kind":"top_words","i1":3,"i2":5,"sol":{"path":["/c/en/hebrew","/c/en/language","/c/en/grammar","/c/en/verb"],"weight":0.23463999999999852},"num_concepts_raised":60665},{"base_id":229,"kind":"top_words","i1":3,"i2":6,"sol":{"path":["/c/en/hebrew","/c/en/abjad","/c/en/hiragana","/c/en/katakana"],"weight":0.2148199999999995},"num_concepts_raised":22134},{"base_id":229,"kind":"top_words","i1":3,"i2":7,"sol":{"path":["/c/en/hebrew","/c/en/language","/c/en/orthography"],"weight":0.20500000000000002},"num_concepts_raised":628},{"base_id":229,"kind":"top_words","i1":3,"i2":8,"sol":{"path":["/c/en/hebrew","/c/en/language","/c/en/grammar","/c/en/grammatical"],"weight":0.21076999999999896},"num_concepts_raised":39996},{"base_id":229,"kind":"top_words","i1":3,"i2":9,"sol":{"path":["/c/en/hebrew","/c/en/language","/c/en/poetry","/c/en/verse"],"weight":0.21968999999999772},"num_concepts_raised":97396},{"base_id":229,"kind":"top_words","i1":4,"i2":5,"sol":{"path":["/c/en/arabic","/c/en/language","/c/en/grammar","/c/en/verb"],"weight":0.241769999999998},"num_concepts_raised":69385},{"base_id":229,"kind":"top_words","i1":4,"i2":6,"sol":{"path":["/c/en/arabic","/c/en/abjad","/c/en/hiragana","/c/en/katakana"],"weight":0.22270999999999902},"num_concepts_raised":31084},{"base_id":229,"kind":"top_words","i1":4,"i2":7,"sol":{"path":["/c/en/arabic","/c/en/language","/c/en/orthography"],"weight":0.20600000000000002},"num_concepts_raised":806},{"base_id":229,"kind":"top_words","i1":4,"i2":8,"sol":{"path":["/c/en/arabic","/c/fr/langue","/c/fr/grammatical","/c/en/grammatical"],"weight":0.21834999999999846},"num_concepts_raised":48733},{"base_id":229,"kind":"top_words","i1":4,"i2":9,"sol":{"path":["/c/en/arabic","/c/en/number","/c/en/verse"],"weight":0.20400000000000001},"num_concepts_raised":1040},{"base_id":229,"kind":"top_words","i1":5,"i2":6,"sol":{"path":["/c/en/verb","/c/en/grammar","/c/en/ending","/c/en/hiragana","/c/en/katakana"],"weight":0.23963999999999913},"num_concepts_raised":42892},{"base_id":229,"kind":"top_words","i1":5,"i2":7,"sol":{"path":["/c/en/verb","/c/en/word","/c/en/orthography"],"weight":0.20900000000000002},"num_concepts_raised":1159},{"base_id":229,"kind":"top_words","i1":5,"i2":8,"sol":{"path":["/c/en/verb","/c/en/grammar","/c/en/grammatical"],"weight":0.20700000000000002},"num_concepts_raised":967},{"base_id":229,"kind":"top_words","i1":5,"i2":9,"sol":{"path":["/c/en/verb","/c/en/grammar","/c/en/verse"],"weight":0.20700000000000002},"num_concepts_raised":1387},{"base_id":229,"kind":"top_words","i1":6,"i2":7,"sol":{"path":["/c/en/katakana","/c/en/syllabary","/c/en/orthography"],"weight":0.20700000000000002},"num_concepts_raised":501},{"base_id":229,"kind":"top_words","i1":6,"i2":8,"sol":{"path":["/c/en/katakana","/c/en/hiragana","/c/en/particle","/c/en/grammatical"],"weight":0.2146799999999996},"num_concepts_raised":21316},{"base_id":229,"kind":"top_words","i1":6,"i2":9,"sol":{"path":["/c/en/katakana","/c/en/syllabary","/c/en/character","/c/en/verse"],"weight":0.2197699999999984},"num_concepts_raised":80149},{"base_id":229,"kind":"top_words","i1":7,"i2":8,"sol":{"path":["/c/en/orthography","/c/en/aspect","/c/en/grammatical"],"weight":0.20400000000000001},"num_concepts_raised":602},{"base_id":229,"kind":"top_words","i1":7,"i2":9,"sol":{"path":["/c/en/orthography","/c/en/writing","/c/en/verse"],"weight":0.20500000000000002},"num_concepts_raised":1013},{"base_id":229,"kind":"top_words","i1":8,"i2":9,"sol":{"path":["/c/en/grammatical","/c/en/grammar","/c/en/verse"],"weight":0.202},"num_concepts_raised":837}]]