[[{"base_id":804,"kind":"bot_words","i1":0,"i2":1,"sol":{"path":["/c/en/automobiles","/c/en/street","/c/en/city","/c/en/fulton"],"weight":0.2042999999999997},"num_concepts_raised":17803},{"base_id":804,"kind":"bot_words","i1":0,"i2":2,"sol":{"path":["/c/en/automobiles","/c/en/human","/c/en/strabismus"],"weight":0.20400000000000001},"num_concepts_raised":195},{"base_id":804,"kind":"bot_words","i1":0,"i2":3,"sol":{"path":["/c/en/automobiles","/c/en/street","/c/en/close","/c/fr/fréquenter","/c/en/interrelate"],"weight":0.20512999999999973},"num_concepts_raised":10836},{"base_id":804,"kind":"bot_words","i1":0,"i2":4,"sol":{"path":["/c/en/automobiles","/c/en/human","/c/en/sex_economy","/c/en/psychoanalysis"],"weight":0.21166999999999925},"num_concepts_raised":15349},{"base_id":804,"kind":"bot_words","i1":0,"i2":5,"sol":{"path":["/c/en/automobiles","/c/fr/cylindre","/c/fr/gros","/c/fr/pivoine","/c/en/peony"],"weight":0.21517999999999984},"num_concepts_raised":18183},{"base_id":804,"kind":"bot_words","i1":0,"i2":6,"sol":{"path":["/c/en/automobiles","/c/en/human","/c/en/emotion","/c/en/sadness"],"weight":0.21766999999999914},"num_concepts_raised":32619},{"base_id":804,"kind":"bot_words","i1":0,"i2":7,"sol":{"path":["/c/en/automobiles","/c/en/street","/c/en/small","/c/en/clover","/c/en/genistein"],"weight":0.20921999999999968},"num_concepts_raised":18050},{"base_id":804,"kind":"bot_words","i1":0,"i2":8,"sol":{"path":["/c/en/automobiles","/c/en/human","/c/en/china","/c/en/beijing"],"weight":0.21697999999999937},"num_concepts_raised":12289},{"base_id":804,"kind":"bot_words","i1":0,"i2":9,"sol":{"path":["/c/en/automobiles","/c/en/street","/c/en/wall","/c/en/pictures"],"weight":0.20478999999999958},"num_concepts_raised":50154},{"base_id":804,"kind":"bot_words","i1":1,"i2":2,"sol":{"path":["/c/en/fulton","/c/en/city","/c/en/human","/c/en/strabismus"],"weight":0.2099899999999998},"num_concepts_raised":31619},{"base_id":804,"kind":"bot_words","i1":1,"i2":3,"sol":{"path":["/c/en/fulton","/c/en/city","/c/en/state","/c/en/relate","/c/en/interrelate"],"weight":0.20303999999999986},"num_concepts_raised":12278},{"base_id":804,"kind":"bot_words","i1":1,"i2":4,"sol":{"path":["/c/en/fulton","/c/en/city","/c/en/collection","/c/en/analysis","/c/en/psychoanalysis"],"weight":0.2156699999999994},"num_concepts_raised":16802},{"base_id":804,"kind":"bot_words","i1":1,"i2":5,"sol":{"path":["/c/en/fulton","/c/en/city","/c/en/flora","/c/en/flower","/c/en/peony"],"weight":0.21234999999999998},"num_concepts_raised":19626},{"base_id":804,"kind":"bot_words","i1":1,"i2":6,"sol":{"path":["/c/en/fulton","/c/en/city","/c/en/living","/c/en/sadness"],"weight":0.2150199999999993},"num_concepts_raised":34242},{"base_id":804,"kind":"bot_words","i1":1,"i2":7,"sol":{"path":["/c/en/fulton","/c/en/wisconsin","/c/en/clover","/c/en/genistein"],"weight":0.20774999999999982},"num_concepts_raised":19456},{"base_id":804,"kind":"bot_words","i1":1,"i2":8,"sol":{"path":["/c/en/fulton","/c/en/county","/c/en/china","/c/en/beijing"],"weight":0.2166699999999995},"num_concepts_raised":13405},{"base_id":804,"kind":"bot_words","i1":1,"i2":9,"sol":{"path":["/c/en/fulton","/c/en/city","/c/en/movie","/c/en/pictures"],"weight":0.20339999999999972},"num_concepts_raised":52062},{"base_id":804,"kind":"bot_words","i1":2,"i2":3,"sol":{"path":["/c/en/strabismus","/c/it/strabismo","/c/en/medicine","/c/en/related","/c/en/interrelate"],"weight":0.2120599999999998},"num_concepts_raised":24539},{"base_id":804,"kind":"bot_words","i1":2,"i2":4,"sol":{"path":["/c/en/strabismus","/c/fr/médecine","/c/it/abreazione","/c/en/psychoanalysis"],"weight":0.21857999999999936},"num_concepts_raised":28933},{"base_id":804,"kind":"bot_words","i1":2,"i2":5,"sol":{"path":["/c/en/strabismus","/c/en/squint","/c/en/bright","/c/en/flower","/c/en/peony"],"weight":0.22394999999999993},"num_concepts_raised":31837},{"base_id":804,"kind":"bot_words","i1":2,"i2":6,"sol":{"path":["/c/en/strabismus","/c/en/eye","/c/en/cry","/c/en/sadness"],"weight":0.22482999999999925},"num_concepts_raised":46120},{"base_id":804,"kind":"bot_words","i1":2,"i2":7,"sol":{"path":["/c/en/strabismus","/c/it/strabismo","/c/en/medicine","/c/en/estrogenic","/c/en/genistein"],"weight":0.21710999999999975},"num_concepts_raised":31750},{"base_id":804,"kind":"bot_words","i1":2,"i2":8,"sol":{"path":["/c/en/strabismus","/c/en/human","/c/en/china","/c/en/beijing"],"weight":0.22379999999999944},"num_concepts_raised":26048},{"base_id":804,"kind":"bot_words","i1":2,"i2":9,"sol":{"path":["/c/en/strabismus","/c/en/human","/c/en/art","/c/en/pictures"],"weight":0.21076999999999968},"num_concepts_raised":63761},{"base_id":804,"kind":"bot_words","i1":3,"i2":4,"sol":{"path":["/c/en/interrelate","/c/en/relationship","/c/en/anaclisis","/c/en/psychoanalysis"],"weight":0.2133099999999994},"num_concepts_raised":9664},{"base_id":804,"kind":"bot_words","i1":3,"i2":5,"sol":{"path":["/c/en/interrelate","/c/fr/fréquenter","/c/en/close","/c/en/flower","/c/en/peony"],"weight":0.21316000000000002},"num_concepts_raised":12555},{"base_id":804,"kind":"bot_words","i1":3,"i2":6,"sol":{"path":["/c/en/interrelate","/c/en/related","/c/en/cry","/c/en/sadness"],"weight":0.21730999999999928},"num_concepts_raised":27132},{"base_id":804,"kind":"bot_words","i1":3,"i2":7,"sol":{"path":["/c/en/interrelate","/c/en/related","/c/en/chemistry","/c/en/chemical_compound","/c/en/genistein"],"weight":0.20769999999999983},"num_concepts_raised":12347},{"base_id":804,"kind":"bot_words","i1":3,"i2":8,"sol":{"path":["/c/en/interrelate","/c/en/relationship","/c/en/ship","/c/en/peking","/c/en/beijing"],"weight":0.2186499999999995},"num_concepts_raised":6672},{"base_id":804,"kind":"bot_words","i1":3,"i2":9,"sol":{"path":["/c/en/interrelate","/c/en/relationship","/c/en/hang","/c/en/pictures"],"weight":0.20317999999999972},"num_concepts_raised":45229},{"base_id":804,"kind":"bot_words","i1":4,"i2":5,"sol":{"path":["/c/en/psychoanalysis","/c/fr/psychanalyse","/c/fr/physique","/c/sv/pion","/c/en/peony"],"weight":0.22526999999999953},"num_concepts_raised":17062},{"base_id":804,"kind":"bot_words","i1":4,"i2":6,"sol":{"path":["/c/en/psychoanalysis","/c/en/abreact","/c/en/emotion","/c/en/sadness"],"weight":0.22794999999999882},"num_concepts_raised":31582},{"base_id":804,"kind":"bot_words","i1":4,"i2":7,"sol":{"path":["/c/en/psychoanalysis","/c/en/analysis","/c/en/chemistry","/c/en/chemical_compound","/c/en/genistein"],"weight":0.22069999999999934},"num_concepts_raised":16836},{"base_id":804,"kind":"bot_words","i1":4,"i2":8,"sol":{"path":["/c/en/psychoanalysis","/c/en/analysis","/c/en/music","/c/en/china","/c/en/beijing"],"weight":0.22950999999999905},"num_concepts_raised":11200},{"base_id":804,"kind":"bot_words","i1":4,"i2":9,"sol":{"path":["/c/en/psychoanalysis","/c/en/id","/c/en/card","/c/en/pictures"],"weight":0.21196999999999927},"num_concepts_raised":49546},{"base_id":804,"kind":"bot_words","i1":5,"i2":6,"sol":{"path":["/c/en/peony","/c/en/plant","/c/en/life","/c/en/sadness"],"weight":0.22459999999999944},"num_concepts_raised":34463},{"base_id":804,"kind":"bot_words","i1":5,"i2":7,"sol":{"path":["/c/en/peony","/c/en/flower","/c/en/clover","/c/en/genistein"],"weight":0.21724999999999994},"num_concepts_raised":19580},{"base_id":804,"kind":"bot_words","i1":5,"i2":8,"sol":{"path":["/c/en/peony","/c/en/flower","/c/en/china","/c/en/beijing"],"weight":0.22610999999999964},"num_concepts_raised":14026},{"base_id":804,"kind":"bot_words","i1":5,"i2":9,"sol":{"path":["/c/en/peony","/c/en/flower","/c/en/color","/c/en/pictures"],"weight":0.21274999999999986},"num_concepts_raised":52453},{"base_id":804,"kind":"bot_words","i1":6,"i2":7,"sol":{"path":["/c/en/sadness","/c/en/sad","/c/en/medicine","/c/en/estrogenic","/c/en/genistein"],"weight":0.22264999999999924},"num_concepts_raised":34405},{"base_id":804,"kind":"bot_words","i1":6,"i2":8,"sol":{"path":["/c/en/sadness","/c/en/life","/c/zh/食睏","/c/en/beijing"],"weight":0.22867999999999894},"num_concepts_raised":28648},{"base_id":804,"kind":"bot_words","i1":6,"i2":9,"sol":{"path":["/c/en/sadness","/c/en/sorrow","/c/en/person","/c/en/pictures"],"weight":0.2208199999999991},"num_concepts_raised":66081},{"base_id":804,"kind":"bot_words","i1":7,"i2":8,"sol":{"path":["/c/en/genistein","/c/en/clover","/c/en/flower","/c/en/china","/c/en/beijing"],"weight":0.22164999999999946},"num_concepts_raised":13858},{"base_id":804,"kind":"bot_words","i1":7,"i2":9,"sol":{"path":["/c/en/genistein","/c/en/clover","/c/en/four","/c/en/picture","/c/en/pictures"],"weight":0.21153999999999967},"num_concepts_raised":52593},{"base_id":804,"kind":"bot_words","i1":8,"i2":9,"sol":{"path":["/c/en/beijing","/c/en/china","/c/en/wall","/c/en/pictures"],"weight":0.2172499999999994},"num_concepts_raised":46655}],[{"base_id":804,"kind":"top_words","i1":0,"i2":1,"sol":{"path":["/c/en/unpick","/c/en/stitch","/c/en/bump","/c/en/whoop","/c/en/whooper"],"weight":0.20269999999999985},"num_concepts_raised":6553},{"base_id":804,"kind":"top_words","i1":0,"i2":2,"sol":{"path":["/c/en/unpick","/c/en/pick","/c/en/plant","/c/en/greenery","/c/en/verdure"],"weight":0.20436999999999977},"num_concepts_raised":8581},{"base_id":804,"kind":"top_words","i1":0,"i2":3,"sol":{"path":["/c/en/unpick","/c/en/thread","/c/en/silk","/c/en/east","/c/en/kabardian"],"weight":0.20270999999999983},"num_concepts_raised":5294},{"base_id":804,"kind":"top_words","i1":0,"i2":4,"sol":{"path":["/c/en/unpick","/c/en/stitch","/c/en/cross","/c/en/bible","/c/en/thessalonians"],"weight":0.2030799999999998},"num_concepts_raised":6145},{"base_id":804,"kind":"top_words","i1":0,"i2":5,"sol":{"path":["/c/en/unpick","/c/en/stitch","/c/en/type","/c/en/cake","/c/en/gateau"],"weight":0.20352999999999982},"num_concepts_raised":11816},{"base_id":804,"kind":"top_words","i1":0,"i2":6,"sol":{"path":["/c/en/unpick","/c/en/stitch","/c/en/string","/c/en/botany","/c/en/glume"],"weight":0.2029299999999998},"num_concepts_raised":10669},{"base_id":804,"kind":"top_words","i1":0,"i2":7,"sol":{"path":["/c/en/unpick","/c/en/stitch","/c/en/tool","/c/en/weapon","/c/en/bioweapon"],"weight":0.20393999999999984},"num_concepts_raised":5772},{"base_id":804,"kind":"top_words","i1":0,"i2":8,"sol":{"path":["/c/en/unpick","/c/en/sewing","/c/en/sew","/c/en/tick","/c/en/flavivirus"],"weight":0.2028399999999998},"num_concepts_raised":4931},{"base_id":804,"kind":"top_words","i1":0,"i2":9,"sol":{"path":["/c/en/unpick","/c/en/stitch","/c/en/line","/c/en/align"],"weight":0.20466999999999935},"num_concepts_raised":33522},{"base_id":804,"kind":"top_words","i1":1,"i2":2,"sol":{"path":["/c/en/whooper","/c/en/whoop","/c/en/slang","/c/en/greenery","/c/en/verdure"],"weight":0.2042899999999998},"num_concepts_raised":7787},{"base_id":804,"kind":"top_words","i1":1,"i2":3,"sol":{"path":["/c/en/whooper","/c/en/swan","/c/en/us","/c/en/caucasian","/c/en/kabardian"],"weight":0.20275999999999988},"num_concepts_raised":4448},{"base_id":804,"kind":"top_words","i1":1,"i2":4,"sol":{"path":["/c/en/whooper","/c/en/whooper_swan","/c/en/bird","/c/en/word","/c/en/bible","/c/en/thessalonians"],"weight":0.20822829999999976},"num_concepts_raised":198249},{"base_id":804,"kind":"top_words","i1":1,"i2":5,"sol":{"path":["/c/en/whooper","/c/en/whooper_swan","/c/en/bird","/c/en/uk","/c/en/gateau"],"weight":0.2040999999999999},"num_concepts_raised":11026},{"base_id":804,"kind":"top_words","i1":1,"i2":6,"sol":{"path":["/c/en/whooper","/c/en/swan","/c/en/crown","/c/en/botany","/c/en/glume"],"weight":0.20286999999999986},"num_concepts_raised":9855},{"base_id":804,"kind":"top_words","i1":1,"i2":7,"sol":{"path":["/c/en/whooper","/c/fr/oiseaux","/c/ca/falconet","/c/fr/armement","/c/en/bioweapon"],"weight":0.2028299999999999},"num_concepts_raised":4940},{"base_id":804,"kind":"top_words","i1":1,"i2":8,"sol":{"path":["/c/en/whooper","/c/en/swan","/c/en/british","/c/en/tick","/c/en/flavivirus"],"weight":0.20272999999999985},"num_concepts_raised":4092},{"base_id":804,"kind":"top_words","i1":1,"i2":9,"sol":{"path":["/c/en/whooper","/c/en/whooper_swan","/c/en/bird","/c/en/word","/c/en/align"],"weight":0.2055999999999994},"num_concepts_raised":32979},{"base_id":804,"kind":"top_words","i1":2,"i2":3,"sol":{"path":["/c/en/verdure","/c/en/health","/c/en/human","/c/en/circassian","/c/en/kabardian"],"weight":0.20423999999999978},"num_concepts_raised":6519},{"base_id":804,"kind":"top_words","i1":2,"i2":4,"sol":{"path":["/c/en/verdure","/c/en/green","/c/en/christmas","/c/en/christian","/c/en/thessalonians"],"weight":0.20378999999999975},"num_concepts_raised":7381},{"base_id":804,"kind":"top_words","i1":2,"i2":5,"sol":{"path":["/c/en/verdure","/c/en/greenery","/c/en/slang","/c/en/cake","/c/en/gateau"],"weight":0.2051399999999998},"num_concepts_raised":13038},{"base_id":804,"kind":"top_words","i1":2,"i2":6,"sol":{"path":["/c/en/verdure","/c/en/vegetation","/c/en/botany","/c/en/glume"],"weight":0.20336999999999975},"num_concepts_raised":11885},{"base_id":804,"kind":"top_words","i1":2,"i2":7,"sol":{"path":["/c/en/verdure","/c/en/green","/c/en/crop","/c/en/weapon","/c/en/bioweapon"],"weight":0.20469999999999977},"num_concepts_raised":7014},{"base_id":804,"kind":"top_words","i1":2,"i2":8,"sol":{"path":["/c/en/verdure","/c/en/greenery","/c/en/slang","/c/en/yellow_fever","/c/en/flavivirus"],"weight":0.20439999999999975},"num_concepts_raised":6169},{"base_id":804,"kind":"top_words","i1":2,"i2":9,"sol":{"path":["/c/en/verdure","/c/en/vegetation","/c/en/stand","/c/en/align"],"weight":0.20491999999999932},"num_concepts_raised":34876},{"base_id":804,"kind":"top_words","i1":3,"i2":4,"sol":{"path":["/c/en/kabardian","/c/en/circassian","/c/en/human","/c/en/christian","/c/en/thessalonians"],"weight":0.20406999999999983},"num_concepts_raised":4038},{"base_id":804,"kind":"top_words","i1":3,"i2":5,"sol":{"path":["/c/en/kabardian","/c/en/caucasian","/c/en/white","/c/en/cake","/c/en/gateau"],"weight":0.20350999999999989},"num_concepts_raised":9767},{"base_id":804,"kind":"top_words","i1":3,"i2":6,"sol":{"path":["/c/en/kabardian","/c/en/russia","/c/en/ob","/c/en/botany","/c/en/glume"],"weight":0.20290999999999987},"num_concepts_raised":8592},{"base_id":804,"kind":"top_words","i1":3,"i2":7,"sol":{"path":["/c/en/kabardian","/c/en/russia","/c/en/ak_47","/c/en/weapon","/c/en/bioweapon"],"weight":0.20391999999999988},"num_concepts_raised":3678},{"base_id":804,"kind":"top_words","i1":3,"i2":8,"sol":{"path":["/c/en/kabardian","/c/en/circassian","/c/en/human","/c/en/west_nile_virus","/c/en/flavivirus"],"weight":0.20485999999999982},"num_concepts_raised":2832},{"base_id":804,"kind":"top_words","i1":3,"i2":9,"sol":{"path":["/c/en/kabardian","/c/en/east","/c/en/right","/c/en/true","/c/en/align"],"weight":0.2055499999999994},"num_concepts_raised":31687},{"base_id":804,"kind":"top_words","i1":4,"i2":5,"sol":{"path":["/c/en/thessalonians","/c/en/thessaloniki","/c/en/city","/c/en/uk","/c/en/gateau"],"weight":0.20426999999999984},"num_concepts_raised":10616},{"base_id":804,"kind":"top_words","i1":4,"i2":6,"sol":{"path":["/c/en/thessalonians","/c/en/bible","/c/en/apple_of_sodom","/c/en/botany","/c/en/glume"],"weight":0.2031799999999998},"num_concepts_raised":9443},{"base_id":804,"kind":"top_words","i1":4,"i2":7,"sol":{"path":["/c/en/thessalonians","/c/en/christian","/c/en/kris","/c/en/weapon","/c/en/bioweapon"],"weight":0.2041299999999998},"num_concepts_raised":4535},{"base_id":804,"kind":"top_words","i1":4,"i2":8,"sol":{"path":["/c/en/thessalonians","/c/en/christian","/c/en/human","/c/en/west_nile_virus","/c/en/flavivirus"],"weight":0.2040299999999998},"num_concepts_raised":3686},{"base_id":804,"kind":"top_words","i1":4,"i2":9,"sol":{"path":["/c/en/thessalonians","/c/en/bible","/c/en/word","/c/en/align"],"weight":0.20473999999999937},"num_concepts_raised":32539},{"base_id":804,"kind":"top_words","i1":5,"i2":6,"sol":{"path":["/c/en/gateau","/c/fr/gâteau","/c/pl/babka","/c/en/botany","/c/en/glume"],"weight":0.20527999999999985},"num_concepts_raised":15164},{"base_id":804,"kind":"top_words","i1":5,"i2":7,"sol":{"path":["/c/en/gateau","/c/en/cake","/c/en/whip","/c/en/weapon","/c/en/bioweapon"],"weight":0.20462999999999987},"num_concepts_raised":10252},{"base_id":804,"kind":"top_words","i1":5,"i2":8,"sol":{"path":["/c/en/gateau","/c/en/uk","/c/en/tick","/c/en/flavivirus"],"weight":0.20290999999999984},"num_concepts_raised":9415},{"base_id":804,"kind":"top_words","i1":5,"i2":9,"sol":{"path":["/c/en/gateau","/c/en/uk","/c/en/side","/c/en/align"],"weight":0.2046799999999994},"num_concepts_raised":37926},{"base_id":804,"kind":"top_words","i1":6,"i2":7,"sol":{"path":["/c/en/glume","/c/en/botany","/c/en/arrow","/c/en/weapon","/c/en/bioweapon"],"weight":0.20402999999999982},"num_concepts_raised":9080},{"base_id":804,"kind":"top_words","i1":6,"i2":8,"sol":{"path":["/c/en/glume","/c/en/botany","/c/en/acute","/c/en/dengue","/c/en/flavivirus"],"weight":0.2028699999999998},"num_concepts_raised":8241},{"base_id":804,"kind":"top_words","i1":6,"i2":9,"sol":{"path":["/c/en/glume","/c/en/botany","/c/en/offset","/c/en/align"],"weight":0.20453999999999933},"num_concepts_raised":36953},{"base_id":804,"kind":"top_words","i1":7,"i2":8,"sol":{"path":["/c/en/bioweapon","/c/en/biosecurity","/c/en/disease","/c/en/west_nile_virus","/c/en/flavivirus"],"weight":0.20384999999999984},"num_concepts_raised":3325},{"base_id":804,"kind":"top_words","i1":7,"i2":9,"sol":{"path":["/c/en/bioweapon","/c/en/weapon","/c/en/guard","/c/en/align"],"weight":0.20558999999999938},"num_concepts_raised":32141},{"base_id":804,"kind":"top_words","i1":8,"i2":9,"sol":{"path":["/c/en/flavivirus","/c/en/tick","/c/en/computing","/c/en/align"],"weight":0.20446999999999935},"num_concepts_raised":31352}]]