[[{"base_id":897,"kind":"bot_words","i1":0,"i2":1,"sol":{"path":["/c/en/skip","/c/en/jump","/c/en/device","/c/en/gimbal"],"weight":0.20875999999999917},"num_concepts_raised":71485},{"base_id":897,"kind":"bot_words","i1":0,"i2":2,"sol":{"path":["/c/en/skip","/c/en/factory","/c/en/acrylic"],"weight":0.202},"num_concepts_raised":394},{"base_id":897,"kind":"bot_words","i1":0,"i2":3,"sol":{"path":["/c/en/skip","/c/en/cut","/c/en/chive"],"weight":0.202},"num_concepts_raised":401},{"base_id":897,"kind":"bot_words","i1":0,"i2":4,"sol":{"path":["/c/en/skip","/c/en/place","/c/en/city","/c/en/yerevan"],"weight":0.21504999999999969},"num_concepts_raised":73578},{"base_id":897,"kind":"bot_words","i1":0,"i2":5,"sol":{"path":["/c/en/skip","/c/en/slang","/c/en/rig","/c/en/rigged"],"weight":0.20797999999999917},"num_concepts_raised":75272},{"base_id":897,"kind":"bot_words","i1":0,"i2":6,"sol":{"path":["/c/en/skip","/c/en/move","/c/en/migrate","/c/en/migrant"],"weight":0.20843999999999904},"num_concepts_raised":71003},{"base_id":897,"kind":"bot_words","i1":0,"i2":7,"sol":{"path":["/c/en/skip","/c/en/slang","/c/en/band","/c/en/raconteurs"],"weight":0.21178999999999912},"num_concepts_raised":70794},{"base_id":897,"kind":"bot_words","i1":0,"i2":8,"sol":{"path":["/c/en/skip","/c/en/place","/c/en/mortuary"],"weight":0.202},"num_concepts_raised":376},{"base_id":897,"kind":"bot_words","i1":0,"i2":9,"sol":{"path":["/c/en/skip","/c/en/dialect","/c/en/patten"],"weight":0.202},"num_concepts_raised":331},{"base_id":897,"kind":"bot_words","i1":1,"i2":2,"sol":{"path":["/c/en/gimbal","/c/en/device","/c/en/paint","/c/en/acrylic"],"weight":0.20595999999999975},"num_concepts_raised":17198},{"base_id":897,"kind":"bot_words","i1":1,"i2":3,"sol":{"path":["/c/en/gimbal","/c/en/device","/c/en/file","/c/en/chive"],"weight":0.20447000000000015},"num_concepts_raised":9429},{"base_id":897,"kind":"bot_words","i1":1,"i2":4,"sol":{"path":["/c/en/gimbal","/c/en/compass","/c/en/area","/c/en/city","/c/en/yerevan"],"weight":0.2112600000000004},"num_concepts_raised":7455},{"base_id":897,"kind":"bot_words","i1":1,"i2":5,"sol":{"path":["/c/en/gimbal","/c/en/device","/c/en/rig","/c/en/rigged"],"weight":0.20395999999999986},"num_concepts_raised":9474},{"base_id":897,"kind":"bot_words","i1":1,"i2":6,"sol":{"path":["/c/en/gimbal","/c/en/device","/c/en/computing","/c/en/migration","/c/en/migrant"],"weight":0.20471999999999976},"num_concepts_raised":4686},{"base_id":897,"kind":"bot_words","i1":1,"i2":7,"sol":{"path":["/c/en/gimbal","/c/en/gimmal","/c/en/ring","/c/en/band","/c/en/raconteurs"],"weight":0.20781999999999984},"num_concepts_raised":4597},{"base_id":897,"kind":"bot_words","i1":1,"i2":8,"sol":{"path":["/c/en/gimbal","/c/en/device","/c/en/die","/c/en/death","/c/en/mortuary"],"weight":0.2057899999999998},"num_concepts_raised":21872},{"base_id":897,"kind":"bot_words","i1":1,"i2":9,"sol":{"path":["/c/en/gimbal","/c/fr/jumeau","/c/fr/anatomie","/c/en/foot","/c/en/patten"],"weight":0.20281999999999986},"num_concepts_raised":13029},{"base_id":897,"kind":"bot_words","i1":2,"i2":3,"sol":{"path":["/c/en/acrylic","/c/en/paint","/c/en/slang","/c/en/cut","/c/en/chive"],"weight":0.20798000000000003},"num_concepts_raised":21286},{"base_id":897,"kind":"bot_words","i1":2,"i2":4,"sol":{"path":["/c/en/acrylic","/c/en/factory","/c/en/city","/c/en/yerevan"],"weight":0.21230000000000027},"num_concepts_raised":19319},{"base_id":897,"kind":"bot_words","i1":2,"i2":5,"sol":{"path":["/c/en/acrylic","/c/en/sheet","/c/en/nautical","/c/en/rigged"],"weight":0.20407999999999973},"num_concepts_raised":21379},{"base_id":897,"kind":"bot_words","i1":2,"i2":6,"sol":{"path":["/c/en/acrylic","/c/en/paint","/c/en/computing","/c/en/migration","/c/en/migrant"],"weight":0.20809999999999962},"num_concepts_raised":16592},{"base_id":897,"kind":"bot_words","i1":2,"i2":7,"sol":{"path":["/c/en/acrylic","/c/en/art","/c/en/skill","/c/en/raconteur","/c/en/raconteurs"],"weight":0.21307999999999971},"num_concepts_raised":16478},{"base_id":897,"kind":"bot_words","i1":2,"i2":8,"sol":{"path":["/c/en/acrylic","/c/en/paint","/c/en/store","/c/en/mortuary"],"weight":0.20675999999999967},"num_concepts_raised":33657},{"base_id":897,"kind":"bot_words","i1":2,"i2":9,"sol":{"path":["/c/en/acrylic","/c/en/plastic","/c/en/racket","/c/en/patten"],"weight":0.20487999999999973},"num_concepts_raised":24820},{"base_id":897,"kind":"bot_words","i1":3,"i2":4,"sol":{"path":["/c/en/chive","/c/en/shallot","/c/en/new_orleans","/c/en/city","/c/en/yerevan"],"weight":0.21429000000000065},"num_concepts_raised":11559},{"base_id":897,"kind":"bot_words","i1":3,"i2":5,"sol":{"path":["/c/en/chive","/c/en/knife","/c/en/cutter","/c/en/rigged"],"weight":0.20491000000000012},"num_concepts_raised":13600},{"base_id":897,"kind":"bot_words","i1":3,"i2":6,"sol":{"path":["/c/en/chive","/c/en/garlic","/c/en/person","/c/en/immigrant","/c/en/migrant"],"weight":0.20671},"num_concepts_raised":8809},{"base_id":897,"kind":"bot_words","i1":3,"i2":7,"sol":{"path":["/c/en/chive","/c/en/knife","/c/en/band","/c/en/raconteurs"],"weight":0.2097400000000001},"num_concepts_raised":8700},{"base_id":897,"kind":"bot_words","i1":3,"i2":8,"sol":{"path":["/c/en/chive","/c/en/file","/c/en/place","/c/en/mortuary"],"weight":0.20531000000000005},"num_concepts_raised":25924},{"base_id":897,"kind":"bot_words","i1":3,"i2":9,"sol":{"path":["/c/en/chive","/c/en/shiv","/c/en/shank","/c/en/foot","/c/en/patten"],"weight":0.20669000000000012},"num_concepts_raised":17080},{"base_id":897,"kind":"bot_words","i1":4,"i2":5,"sol":{"path":["/c/en/yerevan","/c/en/armenia","/c/en/historical","/c/en/mackinaw_boat","/c/en/rigged"],"weight":0.21559000000000034},"num_concepts_raised":11649},{"base_id":897,"kind":"bot_words","i1":4,"i2":6,"sol":{"path":["/c/en/yerevan","/c/en/armenia","/c/en/country","/c/en/immigrant","/c/en/migrant"],"weight":0.21749000000000024},"num_concepts_raised":6766},{"base_id":897,"kind":"bot_words","i1":4,"i2":7,"sol":{"path":["/c/en/yerevan","/c/en/city","/c/en/like","/c/en/band","/c/en/raconteurs"],"weight":0.2164200000000003},"num_concepts_raised":6686},{"base_id":897,"kind":"bot_words","i1":4,"i2":8,"sol":{"path":["/c/en/yerevan","/c/en/armenia","/c/en/historical","/c/en/mortuary"],"weight":0.2161000000000003},"num_concepts_raised":23739},{"base_id":897,"kind":"bot_words","i1":4,"i2":9,"sol":{"path":["/c/en/yerevan","/c/en/city","/c/en/uk","/c/en/patten"],"weight":0.21133000000000035},"num_concepts_raised":15136},{"base_id":897,"kind":"bot_words","i1":5,"i2":6,"sol":{"path":["/c/en/rigged","/c/en/rig","/c/en/computing","/c/en/migration","/c/en/migrant"],"weight":0.20604999999999973},"num_concepts_raised":8900},{"base_id":897,"kind":"bot_words","i1":5,"i2":7,"sol":{"path":["/c/en/rigged","/c/en/rig","/c/en/slang","/c/en/band","/c/en/raconteurs"],"weight":0.2091699999999998},"num_concepts_raised":8805},{"base_id":897,"kind":"bot_words","i1":5,"i2":8,"sol":{"path":["/c/en/rigged","/c/en/mackinaw_boat","/c/en/historical","/c/en/mortuary"],"weight":0.20366999999999977},"num_concepts_raised":25964},{"base_id":897,"kind":"bot_words","i1":5,"i2":9,"sol":{"path":["/c/en/rigged","/c/en/rig","/c/en/uk","/c/en/patten"],"weight":0.20406999999999986},"num_concepts_raised":17122},{"base_id":897,"kind":"bot_words","i1":6,"i2":7,"sol":{"path":["/c/en/migrant","/c/vi/di_dân","/c/fr/faire","/c/en/raconteur","/c/en/raconteurs"],"weight":0.21275999999999967},"num_concepts_raised":3929},{"base_id":897,"kind":"bot_words","i1":6,"i2":8,"sol":{"path":["/c/en/migrant","/c/en/refugee","/c/en/historical","/c/en/mortuary"],"weight":0.20433999999999963},"num_concepts_raised":21247},{"base_id":897,"kind":"bot_words","i1":6,"i2":9,"sol":{"path":["/c/en/migrant","/c/fr/migrant","/c/en/boomer","/c/en/uk","/c/en/patten"],"weight":0.2056899999999997},"num_concepts_raised":12406},{"base_id":897,"kind":"bot_words","i1":7,"i2":8,"sol":{"path":["/c/en/raconteurs","/c/en/band","/c/en/human","/c/en/mortuary"],"weight":0.20855999999999975},"num_concepts_raised":21171},{"base_id":897,"kind":"bot_words","i1":7,"i2":9,"sol":{"path":["/c/en/raconteurs","/c/en/raconteur","/c/en/skill","/c/en/uk","/c/en/patten"],"weight":0.2118999999999998},"num_concepts_raised":12307},{"base_id":897,"kind":"bot_words","i1":8,"i2":9,"sol":{"path":["/c/en/mortuary","/c/en/lavatory","/c/en/uk","/c/en/patten"],"weight":0.20450999999999975},"num_concepts_raised":29239}],[{"base_id":897,"kind":"top_words","i1":0,"i2":1,"sol":{"path":["/c/en/kuaiji","/c/en/chinese","/c/en/food","/c/en/unhealthy","/c/en/gangrenous"],"weight":0.20374999999999985},"num_concepts_raised":22812},{"base_id":897,"kind":"top_words","i1":0,"i2":2,"sol":{"path":["/c/en/kuaiji","/c/en/china","/c/en/people","/c/en/commonalty"],"weight":0.20424999999999985},"num_concepts_raised":31777},{"base_id":897,"kind":"top_words","i1":0,"i2":3,"sol":{"path":["/c/en/kuaiji","/c/en/capital","/c/en/office","/c/en/prelacy"],"weight":0.20283999999999985},"num_concepts_raised":27978},{"base_id":897,"kind":"top_words","i1":0,"i2":4,"sol":{"path":["/c/en/kuaiji","/c/en/china","/c/en/music","/c/fr/médecine","/c/en/rifampicin"],"weight":0.20795999999999978},"num_concepts_raised":35978},{"base_id":897,"kind":"top_words","i1":0,"i2":5,"sol":{"path":["/c/en/kuaiji","/c/en/historical","/c/en/signory","/c/en/seigniory"],"weight":0.20371999999999985},"num_concepts_raised":24354},{"base_id":897,"kind":"top_words","i1":0,"i2":6,"sol":{"path":["/c/en/kuaiji","/c/en/historical","/c/en/volost"],"weight":0.20400000000000001},"num_concepts_raised":56},{"base_id":897,"kind":"top_words","i1":0,"i2":7,"sol":{"path":["/c/en/kuaiji","/c/en/historical","/c/en/roman","/c/en/illyricum"],"weight":0.20779999999999982},"num_concepts_raised":22832},{"base_id":897,"kind":"top_words","i1":0,"i2":8,"sol":{"path":["/c/en/kuaiji","/c/en/time","/c/en/ephemeral","/c/en/ephemerality"],"weight":0.20477999999999985},"num_concepts_raised":22339},{"base_id":897,"kind":"top_words","i1":0,"i2":9,"sol":{"path":["/c/en/kuaiji","/c/en/geography","/c/en/astronomy","/c/en/arachnoid","/c/en/meninges"],"weight":0.21063999999999977},"num_concepts_raised":43582},{"base_id":897,"kind":"top_words","i1":1,"i2":2,"sol":{"path":["/c/en/gangrenous","/c/en/cloaca","/c/en/common","/c/en/commonalty"],"weight":0.20413999999999982},"num_concepts_raised":11248},{"base_id":897,"kind":"top_words","i1":1,"i2":3,"sol":{"path":["/c/en/gangrenous","/c/en/unhealthy","/c/en/corrupt","/c/en/government","/c/en/prelacy"],"weight":0.20390999999999984},"num_concepts_raised":7290},{"base_id":897,"kind":"top_words","i1":1,"i2":4,"sol":{"path":["/c/en/gangrenous","/c/fr/phagédénique","/c/fr/médecine","/c/en/rifampicin"],"weight":0.20789999999999978},"num_concepts_raised":14830},{"base_id":897,"kind":"top_words","i1":1,"i2":5,"sol":{"path":["/c/en/gangrenous","/c/en/sphacelation","/c/en/mortification","/c/en/honor","/c/en/seigniory"],"weight":0.20272999999999985},"num_concepts_raised":3415},{"base_id":897,"kind":"top_words","i1":1,"i2":6,"sol":{"path":["/c/en/gangrenous","/c/en/cloaca","/c/en/sewer","/c/en/historical","/c/en/volost"],"weight":0.20789999999999983},"num_concepts_raised":10270},{"base_id":897,"kind":"top_words","i1":1,"i2":7,"sol":{"path":["/c/en/gangrenous","/c/en/unhealthy","/c/en/disease","/c/en/stade","/c/en/administrative_region","/c/en/illyricum"],"weight":0.21198929999999963},"num_concepts_raised":228655},{"base_id":897,"kind":"top_words","i1":1,"i2":8,"sol":{"path":["/c/en/gangrenous","/c/en/unhealthy","/c/en/disease","/c/en/ephemeral","/c/en/ephemerality"],"weight":0.2058499999999998},"num_concepts_raised":1190},{"base_id":897,"kind":"top_words","i1":1,"i2":9,"sol":{"path":["/c/en/gangrenous","/c/en/cloaca","/c/en/anatomy","/c/en/meninges"],"weight":0.20884999999999973},"num_concepts_raised":22578},{"base_id":897,"kind":"top_words","i1":2,"i2":3,"sol":{"path":["/c/en/commonalty","/c/en/people","/c/en/prelate","/c/en/prelacy"],"weight":0.20535999999999982},"num_concepts_raised":16519},{"base_id":897,"kind":"top_words","i1":2,"i2":4,"sol":{"path":["/c/en/commonalty","/c/en/people","/c/en/body","/c/en/drug","/c/en/rifampicin"],"weight":0.20930999999999977},"num_concepts_raised":24441},{"base_id":897,"kind":"top_words","i1":2,"i2":5,"sol":{"path":["/c/en/commonalty","/c/en/noble","/c/en/lord","/c/en/seigniory"],"weight":0.20299999999999985},"num_concepts_raised":12846},{"base_id":897,"kind":"top_words","i1":2,"i2":6,"sol":{"path":["/c/en/commonalty","/c/en/class","/c/en/subdivision","/c/en/volost"],"weight":0.20808999999999983},"num_concepts_raised":19623},{"base_id":897,"kind":"top_words","i1":2,"i2":7,"sol":{"path":["/c/en/commonalty","/c/en/people","/c/en/character","/c/en/roman","/c/en/illyricum"],"weight":0.20929999999999982},"num_concepts_raised":11416},{"base_id":897,"kind":"top_words","i1":2,"i2":8,"sol":{"path":["/c/en/commonalty","/c/en/people","/c/en/short","/c/en/ephemeral","/c/en/ephemerality"],"weight":0.20623999999999984},"num_concepts_raised":10786},{"base_id":897,"kind":"top_words","i1":2,"i2":9,"sol":{"path":["/c/en/commonalty","/c/en/people","/c/en/disease","/c/en/meningitis","/c/en/meninges"],"weight":0.21206999999999976},"num_concepts_raised":32112},{"base_id":897,"kind":"top_words","i1":3,"i2":4,"sol":{"path":["/c/en/prelacy","/c/en/office","/c/fr/fonction","/c/fr/médecine","/c/en/rifampicin"],"weight":0.2080199999999998},"num_concepts_raised":20487},{"base_id":897,"kind":"top_words","i1":3,"i2":5,"sol":{"path":["/c/en/prelacy","/c/en/office","/c/en/estate","/c/en/seigniory"],"weight":0.20281999999999986},"num_concepts_raised":8903},{"base_id":897,"kind":"top_words","i1":3,"i2":6,"sol":{"path":["/c/en/prelacy","/c/en/office","/c/en/historical","/c/en/volost"],"weight":0.20797999999999983},"num_concepts_raised":15648},{"base_id":897,"kind":"top_words","i1":3,"i2":7,"sol":{"path":["/c/en/prelacy","/c/en/office","/c/en/city","/c/en/roman","/c/en/illyricum"],"weight":0.20797999999999983},"num_concepts_raised":7450},{"base_id":897,"kind":"top_words","i1":3,"i2":8,"sol":{"path":["/c/en/prelacy","/c/en/office","/c/en/day","/c/en/ephemeral","/c/en/ephemerality"],"weight":0.20487999999999984},"num_concepts_raised":6827},{"base_id":897,"kind":"top_words","i1":3,"i2":9,"sol":{"path":["/c/en/prelacy","/c/en/government","/c/en/body","/c/en/anatomy","/c/en/meninges"],"weight":0.20891999999999977},"num_concepts_raised":28203},{"base_id":897,"kind":"top_words","i1":4,"i2":5,"sol":{"path":["/c/en/rifampicin","/c/fr/médecine","/c/nl/retentie","/c/en/fief","/c/en/seigniory"],"weight":0.2089199999999998},"num_concepts_raised":16617},{"base_id":897,"kind":"top_words","i1":4,"i2":6,"sol":{"path":["/c/en/rifampicin","/c/fr/médecine","/c/en/astriction","/c/en/historical","/c/en/volost"],"weight":0.21297999999999978},"num_concepts_raised":23464},{"base_id":897,"kind":"top_words","i1":4,"i2":7,"sol":{"path":["/c/en/rifampicin","/c/fr/médecine","/c/en/medicine","/c/en/mass","/c/en/roman","/c/en/illyricum"],"weight":0.216109299999998},"num_concepts_raised":371837},{"base_id":897,"kind":"top_words","i1":4,"i2":8,"sol":{"path":["/c/en/rifampicin","/c/fr/médecine","/c/en/disease","/c/en/ephemeral","/c/en/ephemerality"],"weight":0.20990999999999976},"num_concepts_raised":14398},{"base_id":897,"kind":"top_words","i1":4,"i2":9,"sol":{"path":["/c/en/rifampicin","/c/fr/médecine","/c/fr/méningite","/c/fr/méninge","/c/en/meninges"],"weight":0.21589999999999968},"num_concepts_raised":35592},{"base_id":897,"kind":"top_words","i1":5,"i2":6,"sol":{"path":["/c/en/seigniory","/c/en/signory","/c/en/historical","/c/en/volost"],"weight":0.20887999999999984},"num_concepts_raised":11902},{"base_id":897,"kind":"top_words","i1":5,"i2":7,"sol":{"path":["/c/en/seigniory","/c/en/signory","/c/en/historical","/c/en/roman","/c/en/illyricum"],"weight":0.20887999999999984},"num_concepts_raised":3589},{"base_id":897,"kind":"top_words","i1":5,"i2":8,"sol":{"path":["/c/en/seigniory","/c/en/lord","/c/en/time","/c/en/ephemeral","/c/en/ephemerality"],"weight":0.20484999999999987},"num_concepts_raised":2952},{"base_id":897,"kind":"top_words","i1":5,"i2":9,"sol":{"path":["/c/en/seigniory","/c/en/lord","/c/en/sac","/c/en/meninx","/c/en/meninges"],"weight":0.20896999999999977},"num_concepts_raised":24347},{"base_id":897,"kind":"top_words","i1":6,"i2":7,"sol":{"path":["/c/en/volost","/c/en/historical","/c/en/roman","/c/en/illyricum"],"weight":0.21295999999999982},"num_concepts_raised":10354},{"base_id":897,"kind":"top_words","i1":6,"i2":8,"sol":{"path":["/c/en/volost","/c/en/historical","/c/en/everlasting","/c/en/ephemeral","/c/en/ephemerality"],"weight":0.20988999999999983},"num_concepts_raised":9809},{"base_id":897,"kind":"top_words","i1":6,"i2":9,"sol":{"path":["/c/en/volost","/c/en/historical","/c/en/crater","/c/en/arachnoid","/c/en/meninges"],"weight":0.21576999999999974},"num_concepts_raised":31171},{"base_id":897,"kind":"top_words","i1":7,"i2":8,"sol":{"path":["/c/en/illyricum","/c/en/roman","/c/en/story","/c/en/short","/c/en/ephemeral","/c/en/ephemerality"],"weight":0.21420339999999966},"num_concepts_raised":156417},{"base_id":897,"kind":"top_words","i1":7,"i2":9,"sol":{"path":["/c/en/illyricum","/c/en/roman","/c/en/venus","/c/en/arachnoid","/c/en/meninges"],"weight":0.21576999999999974},"num_concepts_raised":22776},{"base_id":897,"kind":"top_words","i1":8,"i2":9,"sol":{"path":["/c/en/ephemerality","/c/en/ephemeral","/c/en/biology","/c/en/arachnoid","/c/en/meninges"],"weight":0.21269999999999972},"num_concepts_raised":22143}]]