[[{"base_id":184,"kind":"bot_words","i1":0,"i2":1,"sol":{"path":["/c/en/beatrice","/c/en/nebraska","/c/en/page","/c/en/copy"],"weight":0.22044999999999804},"num_concepts_raised":89818},{"base_id":184,"kind":"bot_words","i1":0,"i2":2,"sol":{"path":["/c/en/beatrice","/c/en/county_seat","/c/en/homer","/c/en/volume"],"weight":0.22227999999999798},"num_concepts_raised":78858},{"base_id":184,"kind":"bot_words","i1":0,"i2":3,"sol":{"path":["/c/en/beatrice","/c/en/usa","/c/en/country","/c/en/alien","/c/en/estrangement"],"weight":0.2088799999999998},"num_concepts_raised":6871},{"base_id":184,"kind":"bot_words","i1":0,"i2":4,"sol":{"path":["/c/en/beatrice","/c/it/beatrice","/c/en/woman","/c/en/hair","/c/en/toupee"],"weight":0.2110699999999999},"num_concepts_raised":14893},{"base_id":184,"kind":"bot_words","i1":0,"i2":5,"sol":{"path":["/c/en/beatrice","/c/en/usa","/c/en/slang","/c/en/jingle"],"weight":0.21043999999999935},"num_concepts_raised":51220},{"base_id":184,"kind":"bot_words","i1":0,"i2":6,"sol":{"path":["/c/en/beatrice","/c/en/nebraska","/c/en/administrative_region","/c/en/dagestan","/c/en/dagestani"],"weight":0.21031999999999984},"num_concepts_raised":7721},{"base_id":184,"kind":"bot_words","i1":0,"i2":7,"sol":{"path":["/c/en/beatrice","/c/it/beatrice","/c/en/woman","/c/en/nightgown","/c/en/nightwear"],"weight":0.21030999999999983},"num_concepts_raised":7052},{"base_id":184,"kind":"bot_words","i1":0,"i2":8,"sol":{"path":["/c/en/beatrice","/c/en/usa","/c/en/fox","/c/en/hunted"],"weight":0.20832999999999985},"num_concepts_raised":10126},{"base_id":184,"kind":"bot_words","i1":0,"i2":9,"sol":{"path":["/c/en/beatrice","/c/it/beatrice","/c/en/bliss","/c/en/person","/c/en/denied"],"weight":0.21035999999999982},"num_concepts_raised":17972},{"base_id":184,"kind":"bot_words","i1":1,"i2":2,"sol":{"path":["/c/en/copy","/c/en/book","/c/en/volume"],"weight":0.20600000000000002},"num_concepts_raised":1538},{"base_id":184,"kind":"bot_words","i1":1,"i2":3,"sol":{"path":["/c/en/copy","/c/en/transfer","/c/en/alienation","/c/en/estrangement"],"weight":0.21775999999999796},"num_concepts_raised":86907},{"base_id":184,"kind":"bot_words","i1":1,"i2":4,"sol":{"path":["/c/en/copy","/c/en/fake","/c/fi/hiuslisäke","/c/en/toupee"],"weight":0.21767999999999804},"num_concepts_raised":93968},{"base_id":184,"kind":"bot_words","i1":1,"i2":5,"sol":{"path":["/c/en/copy","/c/en/advertising","/c/en/jingle"],"weight":0.203},"num_concepts_raised":997},{"base_id":184,"kind":"bot_words","i1":1,"i2":6,"sol":{"path":["/c/en/copy","/c/en/write","/c/en/human","/c/en/dagestani"],"weight":0.21627999999999797},"num_concepts_raised":87617},{"base_id":184,"kind":"bot_words","i1":1,"i2":7,"sol":{"path":["/c/en/copy","/c/en/pattern","/c/en/garment","/c/en/nightwear"],"weight":0.21505999999999798},"num_concepts_raised":87014},{"base_id":184,"kind":"bot_words","i1":1,"i2":8,"sol":{"path":["/c/en/copy","/c/en/after","/c/en/hunt","/c/en/hunted"],"weight":0.216859999999998},"num_concepts_raised":89688},{"base_id":184,"kind":"bot_words","i1":1,"i2":9,"sol":{"path":["/c/en/copy","/c/en/imitate","/c/nv/ʼįįd","/c/en/denied"],"weight":0.2190999999999979},"num_concepts_raised":97101},{"base_id":184,"kind":"bot_words","i1":2,"i2":3,"sol":{"path":["/c/en/volume","/c/en/space","/c/en/alien","/c/en/estrangement"],"weight":0.21956999999999788},"num_concepts_raised":75978},{"base_id":184,"kind":"bot_words","i1":2,"i2":4,"sol":{"path":["/c/en/volume","/c/en/book","/c/en/piece","/c/en/toupee"],"weight":0.22059999999999796},"num_concepts_raised":83103},{"base_id":184,"kind":"bot_words","i1":2,"i2":5,"sol":{"path":["/c/en/volume","/c/en/sound","/c/en/jingle"],"weight":0.20600000000000002},"num_concepts_raised":903},{"base_id":184,"kind":"bot_words","i1":2,"i2":6,"sol":{"path":["/c/en/volume","/c/en/sound","/c/en/human","/c/en/dagestani"],"weight":0.2192399999999979},"num_concepts_raised":76716},{"base_id":184,"kind":"bot_words","i1":2,"i2":7,"sol":{"path":["/c/en/volume","/c/en/size","/c/en/garment","/c/en/nightwear"],"weight":0.21934999999999794},"num_concepts_raised":76127},{"base_id":184,"kind":"bot_words","i1":2,"i2":8,"sol":{"path":["/c/en/volume","/c/en/duck","/c/en/hunted"],"weight":0.20400000000000001},"num_concepts_raised":753},{"base_id":184,"kind":"bot_words","i1":2,"i2":9,"sol":{"path":["/c/en/volume","/c/en/space","/c/en/person","/c/en/denied"],"weight":0.2191599999999979},"num_concepts_raised":86350},{"base_id":184,"kind":"bot_words","i1":3,"i2":4,"sol":{"path":["/c/en/estrangement","/c/en/alien","/c/en/man","/c/en/toupee"],"weight":0.20402999999999982},"num_concepts_raised":12019},{"base_id":184,"kind":"bot_words","i1":3,"i2":5,"sol":{"path":["/c/en/estrangement","/c/en/foreign","/c/en/service","/c/en/jingle"],"weight":0.20535999999999927},"num_concepts_raised":48445},{"base_id":184,"kind":"bot_words","i1":3,"i2":6,"sol":{"path":["/c/en/estrangement","/c/en/alien","/c/en/human","/c/en/dagestani"],"weight":0.20341999999999977},"num_concepts_raised":4831},{"base_id":184,"kind":"bot_words","i1":3,"i2":7,"sol":{"path":["/c/en/estrangement","/c/en/alienation","/c/en/action","/c/en/wear","/c/en/nightwear"],"weight":0.20459999999999975},"num_concepts_raised":4169},{"base_id":184,"kind":"bot_words","i1":3,"i2":8,"sol":{"path":["/c/en/estrangement","/c/en/estrange","/c/en/change","/c/en/hunt","/c/en/hunted"],"weight":0.20650999999999975},"num_concepts_raised":7242},{"base_id":184,"kind":"bot_words","i1":3,"i2":9,"sol":{"path":["/c/en/estrangement","/c/en/alien","/c/en/person","/c/en/denied"],"weight":0.20347999999999972},"num_concepts_raised":15095},{"base_id":184,"kind":"bot_words","i1":4,"i2":5,"sol":{"path":["/c/en/toupee","/c/en/top","/c/en/sound","/c/en/jingle"],"weight":0.2069899999999994},"num_concepts_raised":55657},{"base_id":184,"kind":"bot_words","i1":4,"i2":6,"sol":{"path":["/c/en/toupee","/c/en/hair","/c/en/human","/c/en/dagestani"],"weight":0.20357999999999987},"num_concepts_raised":12637},{"base_id":184,"kind":"bot_words","i1":4,"i2":7,"sol":{"path":["/c/en/toupee","/c/fr/toupet","/c/en/cheek","/c/en/wear","/c/en/nightwear"],"weight":0.20656999999999986},"num_concepts_raised":12140},{"base_id":184,"kind":"bot_words","i1":4,"i2":8,"sol":{"path":["/c/en/toupee","/c/en/man","/c/en/hunt","/c/en/hunted"],"weight":0.20554999999999984},"num_concepts_raised":15220},{"base_id":184,"kind":"bot_words","i1":4,"i2":9,"sol":{"path":["/c/en/toupee","/c/en/man","/c/en/person","/c/en/denied"],"weight":0.20354999999999984},"num_concepts_raised":22724},{"base_id":184,"kind":"bot_words","i1":5,"i2":6,"sol":{"path":["/c/en/jingle","/c/en/sound","/c/en/human","/c/en/dagestani"],"weight":0.20626999999999934},"num_concepts_raised":49154},{"base_id":184,"kind":"bot_words","i1":5,"i2":7,"sol":{"path":["/c/en/jingle","/c/en/ring","/c/en/wear","/c/en/nightwear"],"weight":0.20533999999999933},"num_concepts_raised":48553},{"base_id":184,"kind":"bot_words","i1":5,"i2":8,"sol":{"path":["/c/en/jingle","/c/en/bell","/c/en/hunt","/c/en/hunted"],"weight":0.20824999999999935},"num_concepts_raised":51441},{"base_id":184,"kind":"bot_words","i1":5,"i2":9,"sol":{"path":["/c/en/jingle","/c/en/music","/c/en/person","/c/en/denied"],"weight":0.2052799999999993},"num_concepts_raised":58955},{"base_id":184,"kind":"bot_words","i1":6,"i2":7,"sol":{"path":["/c/en/dagestani","/c/en/human","/c/en/pajamas","/c/en/nightclothes","/c/en/nightwear"],"weight":0.2038999999999998},"num_concepts_raised":5029},{"base_id":184,"kind":"bot_words","i1":6,"i2":8,"sol":{"path":["/c/en/dagestani","/c/en/human","/c/en/animal","/c/en/hunt","/c/en/hunted"],"weight":0.2050099999999998},"num_concepts_raised":8084},{"base_id":184,"kind":"bot_words","i1":6,"i2":9,"sol":{"path":["/c/en/dagestani","/c/en/human","/c/en/person","/c/en/denied"],"weight":0.20291999999999977},"num_concepts_raised":15614},{"base_id":184,"kind":"bot_words","i1":7,"i2":8,"sol":{"path":["/c/en/nightwear","/c/en/garment","/c/en/fly","/c/en/hunt","/c/en/hunted"],"weight":0.20491999999999982},"num_concepts_raised":7432},{"base_id":184,"kind":"bot_words","i1":7,"i2":9,"sol":{"path":["/c/en/nightwear","/c/en/nightclothes","/c/en/clothing","/c/en/person","/c/en/denied"],"weight":0.20398999999999978},"num_concepts_raised":15304},{"base_id":184,"kind":"bot_words","i1":8,"i2":9,"sol":{"path":["/c/en/hunted","/c/en/hunter","/c/en/person","/c/en/denied"],"weight":0.20297999999999977},"num_concepts_raised":18283}],[{"base_id":184,"kind":"top_words","i1":0,"i2":1,"sol":{"path":["/c/en/ranch","/c/en/cow","/c/en/bone","/c/en/carpal"],"weight":0.21335999999999958},"num_concepts_raised":57020},{"base_id":184,"kind":"top_words","i1":0,"i2":2,"sol":{"path":["/c/en/ranch","/c/en/horse","/c/en/sore","/c/en/soreness"],"weight":0.21449999999999958},"num_concepts_raised":48612},{"base_id":184,"kind":"top_words","i1":0,"i2":3,"sol":{"path":["/c/en/ranch","/c/en/us","/c/en/steroid","/c/en/cortisone"],"weight":0.2171699999999997},"num_concepts_raised":49887},{"base_id":184,"kind":"top_words","i1":0,"i2":4,"sol":{"path":["/c/en/ranch","/c/en/horse","/c/en/tail","/c/en/scorpius"],"weight":0.21997999999999968},"num_concepts_raised":48168},{"base_id":184,"kind":"top_words","i1":0,"i2":5,"sol":{"path":["/c/en/ranch","/c/en/home","/c/en/website","/c/en/stormfront"],"weight":0.21579999999999958},"num_concepts_raised":45274},{"base_id":184,"kind":"top_words","i1":0,"i2":6,"sol":{"path":["/c/en/ranch","/c/en/farm","/c/en/lease","/c/en/sublease"],"weight":0.21901999999999966},"num_concepts_raised":43540},{"base_id":184,"kind":"top_words","i1":0,"i2":7,"sol":{"path":["/c/en/ranch","/c/en/white","/c/en/anatomy","/c/en/tibial"],"weight":0.21075999999999961},"num_concepts_raised":56555},{"base_id":184,"kind":"top_words","i1":0,"i2":8,"sol":{"path":["/c/en/ranch","/c/en/farm","/c/en/arm","/c/en/tennis_elbow","/c/en/tendinitis"],"weight":0.21784999999999954},"num_concepts_raised":44236},{"base_id":184,"kind":"top_words","i1":0,"i2":9,"sol":{"path":["/c/en/ranch","/c/en/horse","/c/en/riding_horse","/c/en/stiffness"],"weight":0.2143199999999995},"num_concepts_raised":46478},{"base_id":184,"kind":"top_words","i1":1,"i2":2,"sol":{"path":["/c/en/carpal","/c/en/anatomy","/c/fr/cœur","/c/fr/douleur","/c/en/soreness"],"weight":0.20458999999999983},"num_concepts_raised":20343},{"base_id":184,"kind":"top_words","i1":1,"i2":3,"sol":{"path":["/c/en/carpal","/c/en/bone","/c/en/us","/c/en/steroid","/c/en/cortisone"],"weight":0.20950999999999992},"num_concepts_raised":21617},{"base_id":184,"kind":"top_words","i1":1,"i2":4,"sol":{"path":["/c/en/carpal","/c/en/anatomy","/c/en/tail","/c/en/scorpius"],"weight":0.21000999999999992},"num_concepts_raised":19864},{"base_id":184,"kind":"top_words","i1":1,"i2":5,"sol":{"path":["/c/en/carpal","/c/en/carpus","/c/fr/anatomie","/c/en/front","/c/en/stormfront"],"weight":0.2102299999999998},"num_concepts_raised":16842},{"base_id":184,"kind":"top_words","i1":1,"i2":6,"sol":{"path":["/c/en/carpal","/c/en/anatomy","/c/stq/hiere","/c/en/lease","/c/en/sublease"],"weight":0.2045599999999999},"num_concepts_raised":15040},{"base_id":184,"kind":"top_words","i1":1,"i2":7,"sol":{"path":["/c/en/carpal","/c/en/anatomy","/c/en/tibial"],"weight":0.202},"num_concepts_raised":68},{"base_id":184,"kind":"top_words","i1":1,"i2":8,"sol":{"path":["/c/en/carpal","/c/en/anatomy","/c/en/tendon","/c/en/tendinitis"],"weight":0.20349999999999985},"num_concepts_raised":15650},{"base_id":184,"kind":"top_words","i1":1,"i2":9,"sol":{"path":["/c/en/carpal","/c/en/bone","/c/en/deoxypyridinoline","/c/en/stiffness"],"weight":0.20439999999999978},"num_concepts_raised":17995},{"base_id":184,"kind":"top_words","i1":2,"i2":3,"sol":{"path":["/c/en/soreness","/c/en/sore","/c/en/stitch","/c/en/one","/c/en/cortisone"],"weight":0.21046999999999993},"num_concepts_raised":13233},{"base_id":184,"kind":"top_words","i1":2,"i2":4,"sol":{"path":["/c/en/soreness","/c/en/distress","/c/en/person","/c/en/scorpio","/c/en/scorpius"],"weight":0.21444999999999992},"num_concepts_raised":11540},{"base_id":184,"kind":"top_words","i1":2,"i2":5,"sol":{"path":["/c/en/soreness","/c/en/pain","/c/en/bad","/c/en/storm","/c/en/stormfront"],"weight":0.21057999999999982},"num_concepts_raised":8499},{"base_id":184,"kind":"top_words","i1":2,"i2":6,"sol":{"path":["/c/en/soreness","/c/en/distress","/c/en/property","/c/en/sublet","/c/en/sublease"],"weight":0.20576999999999993},"num_concepts_raised":6640},{"base_id":184,"kind":"top_words","i1":2,"i2":7,"sol":{"path":["/c/en/soreness","/c/en/irritation","/c/en/osgood_schlatter_disease","/c/en/tibial"],"weight":0.20313999999999985},"num_concepts_raised":19865},{"base_id":184,"kind":"top_words","i1":2,"i2":8,"sol":{"path":["/c/en/soreness","/c/ceb/hampol","/c/en/inflammation","/c/en/tendinitis"],"weight":0.20347999999999983},"num_concepts_raised":7301},{"base_id":184,"kind":"top_words","i1":2,"i2":9,"sol":{"path":["/c/en/soreness","/c/en/riding_horse","/c/en/stiffness"],"weight":0.202},"num_concepts_raised":162},{"base_id":184,"kind":"top_words","i1":3,"i2":4,"sol":{"path":["/c/en/cortisone","/c/en/one","/c/en/tail","/c/en/scorpius"],"weight":0.21593000000000004},"num_concepts_raised":12792},{"base_id":184,"kind":"top_words","i1":3,"i2":5,"sol":{"path":["/c/en/cortisone","/c/en/one","/c/dum/weder","/c/en/storm","/c/en/stormfront"],"weight":0.21609999999999996},"num_concepts_raised":9770},{"base_id":184,"kind":"top_words","i1":3,"i2":6,"sol":{"path":["/c/en/cortisone","/c/en/one","/c/en/common","/c/en/lease","/c/en/sublease"],"weight":0.21048000000000003},"num_concepts_raised":7911},{"base_id":184,"kind":"top_words","i1":3,"i2":7,"sol":{"path":["/c/en/cortisone","/c/en/steroid","/c/en/corpus_luteum","/c/en/anatomy","/c/en/tibial"],"weight":0.20920999999999995},"num_concepts_raised":21144},{"base_id":184,"kind":"top_words","i1":3,"i2":8,"sol":{"path":["/c/en/cortisone","/c/en/anti_inflammatory","/c/en/inflammation","/c/en/tendinitis"],"weight":0.20940999999999999},"num_concepts_raised":8609},{"base_id":184,"kind":"top_words","i1":3,"i2":9,"sol":{"path":["/c/en/cortisone","/c/en/steroid","/c/en/naproxen","/c/en/stiffness"],"weight":0.2104099999999999},"num_concepts_raised":11005},{"base_id":184,"kind":"top_words","i1":4,"i2":5,"sol":{"path":["/c/en/scorpius","/c/en/constellation","/c/en/sky","/c/en/storm","/c/en/stormfront"],"weight":0.2189899999999999},"num_concepts_raised":8063},{"base_id":184,"kind":"top_words","i1":4,"i2":6,"sol":{"path":["/c/en/scorpius","/c/hy/կարիճ","/c/en/dialectal","/c/en/lease","/c/en/sublease"],"weight":0.21319},"num_concepts_raised":6216},{"base_id":184,"kind":"top_words","i1":4,"i2":7,"sol":{"path":["/c/en/scorpius","/c/en/tail","/c/en/anatomy","/c/en/tibial"],"weight":0.20972999999999994},"num_concepts_raised":19375},{"base_id":184,"kind":"top_words","i1":4,"i2":8,"sol":{"path":["/c/en/scorpius","/c/en/tail","/c/en/tendon","/c/en/tendinitis"],"weight":0.21003999999999995},"num_concepts_raised":6916},{"base_id":184,"kind":"top_words","i1":4,"i2":9,"sol":{"path":["/c/en/scorpius","/c/en/tail","/c/en/spine","/c/en/stiffness"],"weight":0.21092999999999987},"num_concepts_raised":9313},{"base_id":184,"kind":"top_words","i1":5,"i2":6,"sol":{"path":["/c/en/stormfront","/c/en/storm","/c/fr/donner","/c/fr/sous_louer","/c/en/sublease"],"weight":0.2101599999999999},"num_concepts_raised":3170},{"base_id":184,"kind":"top_words","i1":5,"i2":7,"sol":{"path":["/c/en/stormfront","/c/en/storm","/c/it/temporale","/c/en/anatomy","/c/en/tibial"],"weight":0.20993999999999985},"num_concepts_raised":16354},{"base_id":184,"kind":"top_words","i1":5,"i2":8,"sol":{"path":["/c/en/stormfront","/c/en/storm","/c/en/wind","/c/en/inflammation","/c/en/tendinitis"],"weight":0.21024999999999983},"num_concepts_raised":3872},{"base_id":184,"kind":"top_words","i1":5,"i2":9,"sol":{"path":["/c/en/stormfront","/c/en/storm","/c/en/strong","/c/en/stiff","/c/en/stiffness"],"weight":0.2111599999999998},"num_concepts_raised":6286},{"base_id":184,"kind":"top_words","i1":6,"i2":7,"sol":{"path":["/c/en/sublease","/c/en/lease","/c/stq/hiere","/c/en/anatomy","/c/en/tibial"],"weight":0.20427999999999993},"num_concepts_raised":14551},{"base_id":184,"kind":"top_words","i1":6,"i2":8,"sol":{"path":["/c/en/sublease","/c/en/lease","/c/fr/prendre","/c/fr/médecine","/c/fr/tendinite","/c/en/tendinitis"],"weight":0.21289389999999975},"num_concepts_raised":136968},{"base_id":184,"kind":"top_words","i1":6,"i2":9,"sol":{"path":["/c/en/sublease","/c/en/lease","/c/en/leash","/c/en/restraint","/c/en/stiffness"],"weight":0.20549999999999985},"num_concepts_raised":4425},{"base_id":184,"kind":"top_words","i1":7,"i2":8,"sol":{"path":["/c/en/tibial","/c/en/anatomy","/c/en/tendon","/c/en/tendinitis"],"weight":0.20321999999999987},"num_concepts_raised":15176},{"base_id":184,"kind":"top_words","i1":7,"i2":9,"sol":{"path":["/c/en/tibial","/c/it/tibiale","/c/en/skeleton","/c/en/spine","/c/en/stiffness"],"weight":0.2061099999999998},"num_concepts_raised":17528},{"base_id":184,"kind":"top_words","i1":8,"i2":9,"sol":{"path":["/c/en/tendinitis","/c/en/tendon","/c/en/fibromyalgia","/c/en/stiffness"],"weight":0.2044299999999998},"num_concepts_raised":5097}]]