[[{"base_id":763,"kind":"bot_words","i1":0,"i2":1,"sol":{"path":["/c/en/gratin","/c/en/cheese","/c/en/mouse","/c/en/new_york","/c/en/bronx"],"weight":0.2131999999999998},"num_concepts_raised":11568},{"base_id":763,"kind":"bot_words","i1":0,"i2":2,"sol":{"path":["/c/en/gratin","/c/en/scallop","/c/en/cut","/c/en/effect","/c/en/effects"],"weight":0.2051299999999998},"num_concepts_raised":10047},{"base_id":763,"kind":"bot_words","i1":0,"i2":3,"sol":{"path":["/c/en/gratin","/c/en/dish","/c/en/vessel","/c/en/longship"],"weight":0.20268999999999995},"num_concepts_raised":4775},{"base_id":763,"kind":"bot_words","i1":0,"i2":4,"sol":{"path":["/c/en/gratin","/c/en/crust","/c/en/covering","/c/en/lining"],"weight":0.21038999999999955},"num_concepts_raised":21199},{"base_id":763,"kind":"bot_words","i1":0,"i2":5,"sol":{"path":["/c/en/gratin","/c/en/scallop","/c/en/fish","/c/en/solea"],"weight":0.20780999999999988},"num_concepts_raised":7040},{"base_id":763,"kind":"bot_words","i1":0,"i2":6,"sol":{"path":["/c/en/gratin","/c/fr/gratin","/c/en/cream","/c/en/medicine","/c/en/anthelmintic"],"weight":0.21229999999999977},"num_concepts_raised":26674},{"base_id":763,"kind":"bot_words","i1":0,"i2":7,"sol":{"path":["/c/en/gratin","/c/en/cheese","/c/en/eye","/c/en/twinkling"],"weight":0.20321999999999973},"num_concepts_raised":11605},{"base_id":763,"kind":"bot_words","i1":0,"i2":8,"sol":{"path":["/c/en/gratin","/c/en/crust","/c/en/bar","/c/en/witness"],"weight":0.21479999999999871},"num_concepts_raised":66278},{"base_id":763,"kind":"bot_words","i1":0,"i2":9,"sol":{"path":["/c/en/gratin","/c/en/cheese","/c/en/product","/c/en/abort","/c/en/abortion"],"weight":0.21789999999999926},"num_concepts_raised":34120},{"base_id":763,"kind":"bot_words","i1":1,"i2":2,"sol":{"path":["/c/en/bronx","/c/en/new_york","/c/en/root","/c/en/cause","/c/en/effects"],"weight":0.21344999999999964},"num_concepts_raised":15295},{"base_id":763,"kind":"bot_words","i1":1,"i2":3,"sol":{"path":["/c/en/bronx","/c/en/transport","/c/en/vessel","/c/en/longship"],"weight":0.2087799999999998},"num_concepts_raised":10054},{"base_id":763,"kind":"bot_words","i1":1,"i2":4,"sol":{"path":["/c/en/bronx","/c/en/borough","/c/zh/里","/c/en/lining"],"weight":0.21838999999999936},"num_concepts_raised":26464},{"base_id":763,"kind":"bot_words","i1":1,"i2":5,"sol":{"path":["/c/en/bronx","/c/en/new_york","/c/en/place","/c/en/fish","/c/en/solea"],"weight":0.2181799999999997},"num_concepts_raised":12343},{"base_id":763,"kind":"bot_words","i1":1,"i2":6,"sol":{"path":["/c/en/bronx","/c/en/new_york","/c/en/theater","/c/en/medicine","/c/en/anthelmintic"],"weight":0.2216799999999996},"num_concepts_raised":31898},{"base_id":763,"kind":"bot_words","i1":1,"i2":7,"sol":{"path":["/c/en/bronx","/c/en/new_york","/c/fr/ville","/c/en/eye","/c/en/twinkling"],"weight":0.21363999999999955},"num_concepts_raised":16840},{"base_id":763,"kind":"bot_words","i1":1,"i2":8,"sol":{"path":["/c/en/bronx","/c/en/new_york_city","/c/en/bar","/c/en/witness"],"weight":0.22520999999999855},"num_concepts_raised":70976},{"base_id":763,"kind":"bot_words","i1":1,"i2":9,"sol":{"path":["/c/en/bronx","/c/en/transport","/c/en/military","/c/en/abort","/c/en/abortion"],"weight":0.22402999999999912},"num_concepts_raised":39230},{"base_id":763,"kind":"bot_words","i1":2,"i2":3,"sol":{"path":["/c/en/effects","/c/en/weather","/c/en/like","/c/en/vessel","/c/en/longship"],"weight":0.20292999999999978},"num_concepts_raised":8576},{"base_id":763,"kind":"bot_words","i1":2,"i2":4,"sol":{"path":["/c/en/effects","/c/en/effect","/c/en/cloud","/c/en/lining"],"weight":0.2126099999999994},"num_concepts_raised":24879},{"base_id":763,"kind":"bot_words","i1":2,"i2":5,"sol":{"path":["/c/en/effects","/c/en/cause","/c/en/slang","/c/en/fish","/c/en/solea"],"weight":0.20810999999999974},"num_concepts_raised":10840},{"base_id":763,"kind":"bot_words","i1":2,"i2":6,"sol":{"path":["/c/en/effects","/c/en/effect","/c/en/worm","/c/en/anthelmintic"],"weight":0.21343999999999963},"num_concepts_raised":30297},{"base_id":763,"kind":"bot_words","i1":2,"i2":7,"sol":{"path":["/c/en/effects","/c/en/weather","/c/en/time","/c/en/twinkling"],"weight":0.2033899999999996},"num_concepts_raised":15196},{"base_id":763,"kind":"bot_words","i1":2,"i2":8,"sol":{"path":["/c/en/effects","/c/xcl/հանդէս","/c/en/witness"],"weight":0.20400000000000001},"num_concepts_raised":548},{"base_id":763,"kind":"bot_words","i1":2,"i2":9,"sol":{"path":["/c/en/effects","/c/en/effect","/c/en/disease","/c/en/abortion"],"weight":0.21541999999999914},"num_concepts_raised":37425},{"base_id":763,"kind":"bot_words","i1":3,"i2":4,"sol":{"path":["/c/en/longship","/c/en/vessel","/c/en/home","/c/en/lining"],"weight":0.21021999999999952},"num_concepts_raised":19883},{"base_id":763,"kind":"bot_words","i1":3,"i2":5,"sol":{"path":["/c/en/longship","/c/en/viking","/c/en/boat","/c/en/fish","/c/en/solea"],"weight":0.20778999999999986},"num_concepts_raised":5580},{"base_id":763,"kind":"bot_words","i1":3,"i2":6,"sol":{"path":["/c/en/longship","/c/en/vessel","/c/en/cup","/c/en/medicine","/c/en/anthelmintic"],"weight":0.21120999999999976},"num_concepts_raised":25152},{"base_id":763,"kind":"bot_words","i1":3,"i2":7,"sol":{"path":["/c/en/longship","/c/en/vessel","/c/en/eye","/c/en/twinkling"],"weight":0.20311999999999972},"num_concepts_raised":10113},{"base_id":763,"kind":"bot_words","i1":3,"i2":8,"sol":{"path":["/c/en/longship","/c/en/vessel","/c/en/person","/c/en/witness"],"weight":0.2170099999999987},"num_concepts_raised":64796},{"base_id":763,"kind":"bot_words","i1":3,"i2":9,"sol":{"path":["/c/en/longship","/c/en/vessel","/c/en/biology","/c/en/abortion"],"weight":0.21295999999999926},"num_concepts_raised":32600},{"base_id":763,"kind":"bot_words","i1":4,"i2":5,"sol":{"path":["/c/en/lining","/c/en/line","/c/en/fish","/c/en/solea"],"weight":0.21743999999999944},"num_concepts_raised":22150},{"base_id":763,"kind":"bot_words","i1":4,"i2":6,"sol":{"path":["/c/en/lining","/c/en/endometriosis","/c/en/medicine","/c/en/anthelmintic"],"weight":0.21872999999999937},"num_concepts_raised":41476},{"base_id":763,"kind":"bot_words","i1":4,"i2":7,"sol":{"path":["/c/en/lining","/c/en/line","/c/en/eye","/c/en/twinkling"],"weight":0.2128799999999993},"num_concepts_raised":26456},{"base_id":763,"kind":"bot_words","i1":4,"i2":8,"sol":{"path":["/c/en/lining","/c/en/surface","/c/en/court","/c/en/witness"],"weight":0.22465999999999828},"num_concepts_raised":79966},{"base_id":763,"kind":"bot_words","i1":4,"i2":9,"sol":{"path":["/c/en/lining","/c/en/endometriosis","/c/en/medicine","/c/en/abortion"],"weight":0.22073999999999888},"num_concepts_raised":48572},{"base_id":763,"kind":"bot_words","i1":5,"i2":6,"sol":{"path":["/c/en/solea","/c/en/fish","/c/en/cast","/c/en/medicine","/c/en/anthelmintic"],"weight":0.21630999999999967},"num_concepts_raised":27448},{"base_id":763,"kind":"bot_words","i1":5,"i2":7,"sol":{"path":["/c/en/solea","/c/en/fish","/c/en/shiny","/c/en/bright","/c/en/twinkling"],"weight":0.21020999999999965},"num_concepts_raised":12378},{"base_id":763,"kind":"bot_words","i1":5,"i2":8,"sol":{"path":["/c/en/solea","/c/en/fish","/c/en/person","/c/en/witness"],"weight":0.2221199999999986},"num_concepts_raised":67035},{"base_id":763,"kind":"bot_words","i1":5,"i2":9,"sol":{"path":["/c/en/solea","/c/en/fish","/c/en/person","/c/es/aborto","/c/en/abortion"],"weight":0.2222399999999992},"num_concepts_raised":34893},{"base_id":763,"kind":"bot_words","i1":6,"i2":7,"sol":{"path":["/c/en/anthelmintic","/c/en/medicine","/c/en/intermittent","/c/en/twinkling"],"weight":0.21160999999999955},"num_concepts_raised":31860},{"base_id":763,"kind":"bot_words","i1":6,"i2":8,"sol":{"path":["/c/en/anthelmintic","/c/en/medicine","/c/en/sign","/c/en/witness"],"weight":0.22344999999999854},"num_concepts_raised":86151},{"base_id":763,"kind":"bot_words","i1":6,"i2":9,"sol":{"path":["/c/en/anthelmintic","/c/en/medicine","/c/en/abortion"],"weight":0.20700000000000002},"num_concepts_raised":442},{"base_id":763,"kind":"bot_words","i1":7,"i2":8,"sol":{"path":["/c/en/twinkling","/c/en/eye","/c/en/eyewitness","/c/en/witness"],"weight":0.22177999999999848},"num_concepts_raised":70892},{"base_id":763,"kind":"bot_words","i1":7,"i2":9,"sol":{"path":["/c/en/twinkling","/c/en/time","/c/en/termination","/c/en/abortion"],"weight":0.21549999999999905},"num_concepts_raised":39124},{"base_id":763,"kind":"bot_words","i1":8,"i2":9,"sol":{"path":["/c/en/witness","/c/en/person","/c/es/aborto","/c/en/abortion"],"weight":0.23154999999999804},"num_concepts_raised":92367}],[{"base_id":763,"kind":"top_words","i1":0,"i2":1,"sol":{"path":["/c/en/june","/c/en/july"],"weight":0.21000000000000002},"num_concepts_raised":582},{"base_id":763,"kind":"top_words","i1":0,"i2":2,"sol":{"path":["/c/en/june","/c/en/may","/c/en/april"],"weight":0.21000000000000002},"num_concepts_raised":581},{"base_id":763,"kind":"top_words","i1":0,"i2":3,"sol":{"path":["/c/en/june","/c/en/month","/c/en/march"],"weight":0.21500000000000002},"num_concepts_raised":1211},{"base_id":763,"kind":"top_words","i1":0,"i2":4,"sol":{"path":["/c/en/june","/c/en/may","/c/en/go","/c/en/c","/c/en/cc"],"weight":0.22098000000000026},"num_concepts_raised":8167},{"base_id":763,"kind":"top_words","i1":0,"i2":5,"sol":{"path":["/c/en/june","/c/en/month","/c/en/september","/c/en/sept"],"weight":0.22191000000000027},"num_concepts_raised":16033},{"base_id":763,"kind":"top_words","i1":0,"i2":6,"sol":{"path":["/c/en/june","/c/en/may","/c/en/tax","/c/en/adjustment","/c/en/readjustment"],"weight":0.2220600000000003},"num_concepts_raised":7559},{"base_id":763,"kind":"top_words","i1":0,"i2":7,"sol":{"path":["/c/en/june","/c/th/มิถุนายน","/c/en/year","/c/en/biannually"],"weight":0.22279000000000038},"num_concepts_raised":8636},{"base_id":763,"kind":"top_words","i1":0,"i2":8,"sol":{"path":["/c/en/june","/c/en/fiction","/c/en/cricket","/c/en/saint_kitts_and_nevis","/c/en/basseterre"],"weight":0.2196500000000004},"num_concepts_raised":7260},{"base_id":763,"kind":"top_words","i1":0,"i2":9,"sol":{"path":["/c/en/june","/c/en/month","/c/en/example","/c/en/classic"],"weight":0.22793999999999986},"num_concepts_raised":28896},{"base_id":763,"kind":"top_words","i1":1,"i2":2,"sol":{"path":["/c/en/july","/c/en/month","/c/en/april"],"weight":0.20800000000000002},"num_concepts_raised":569},{"base_id":763,"kind":"top_words","i1":1,"i2":3,"sol":{"path":["/c/en/july","/c/en/month","/c/en/march"],"weight":0.21300000000000002},"num_concepts_raised":1190},{"base_id":763,"kind":"top_words","i1":1,"i2":4,"sol":{"path":["/c/en/july","/c/en/august","/c/en/a","/c/en/c","/c/en/cc"],"weight":0.2163200000000002},"num_concepts_raised":7550},{"base_id":763,"kind":"top_words","i1":1,"i2":5,"sol":{"path":["/c/en/july","/c/en/month","/c/en/september","/c/en/sept"],"weight":0.21733000000000025},"num_concepts_raised":15402},{"base_id":763,"kind":"top_words","i1":1,"i2":6,"sol":{"path":["/c/en/july","/c/en/independent","/c/en/attitude","/c/en/lart","/c/en/readjustment"],"weight":0.2141000000000003},"num_concepts_raised":6933},{"base_id":763,"kind":"top_words","i1":1,"i2":7,"sol":{"path":["/c/en/july","/c/en/month","/c/pt/semestralmente","/c/en/biannually"],"weight":0.2173000000000003},"num_concepts_raised":8009},{"base_id":763,"kind":"top_words","i1":1,"i2":8,"sol":{"path":["/c/en/july","/c/en/july_monarchy","/c/en/country","/c/en/saint_kitts_and_nevis","/c/en/basseterre"],"weight":0.2171700000000003},"num_concepts_raised":6631},{"base_id":763,"kind":"top_words","i1":1,"i2":9,"sol":{"path":["/c/en/july","/c/en/month","/c/en/example","/c/en/classic"],"weight":0.22332999999999983},"num_concepts_raised":28409},{"base_id":763,"kind":"top_words","i1":2,"i2":3,"sol":{"path":["/c/en/april","/c/en/march"],"weight":0.21300000000000002},"num_concepts_raised":1186},{"base_id":763,"kind":"top_words","i1":2,"i2":4,"sol":{"path":["/c/en/april","/c/en/a","/c/en/c","/c/en/cc"],"weight":0.2140500000000003},"num_concepts_raised":9127},{"base_id":763,"kind":"top_words","i1":2,"i2":5,"sol":{"path":["/c/en/april","/c/en/month","/c/en/september","/c/en/sept"],"weight":0.21735000000000035},"num_concepts_raised":16984},{"base_id":763,"kind":"top_words","i1":2,"i2":6,"sol":{"path":["/c/en/april","/c/en/tax","/c/en/adjustment","/c/en/readjustment"],"weight":0.21517000000000042},"num_concepts_raised":8530},{"base_id":763,"kind":"top_words","i1":2,"i2":7,"sol":{"path":["/c/en/april","/c/en/month","/c/pt/semestralmente","/c/en/biannually"],"weight":0.2173300000000004},"num_concepts_raised":9616},{"base_id":763,"kind":"top_words","i1":2,"i2":8,"sol":{"path":["/c/en/april","/c/en/tax","/c/en/country","/c/en/saint_kitts_and_nevis","/c/en/basseterre"],"weight":0.21509000000000045},"num_concepts_raised":8235},{"base_id":763,"kind":"top_words","i1":2,"i2":9,"sol":{"path":["/c/en/april","/c/en/march","/c/en/book","/c/en/classic"],"weight":0.22343999999999992},"num_concepts_raised":29909},{"base_id":763,"kind":"top_words","i1":3,"i2":4,"sol":{"path":["/c/en/march","/c/en/music","/c/en/c","/c/en/cc"],"weight":0.2346100000000029},"num_concepts_raised":205402},{"base_id":763,"kind":"top_words","i1":3,"i2":5,"sol":{"path":["/c/en/march","/c/en/month","/c/en/september","/c/en/sept"],"weight":0.23772000000000293},"num_concepts_raised":212308},{"base_id":763,"kind":"top_words","i1":3,"i2":6,"sol":{"path":["/c/en/march","/c/en/tax","/c/en/adjustment","/c/en/readjustment"],"weight":0.23309000000000296},"num_concepts_raised":204863},{"base_id":763,"kind":"top_words","i1":3,"i2":7,"sol":{"path":["/c/en/march","/c/en/year","/c/en/biannually"],"weight":0.20800000000000002},"num_concepts_raised":934},{"base_id":763,"kind":"top_words","i1":3,"i2":8,"sol":{"path":["/c/en/march","/c/en/walk","/c/en/cricket","/c/en/saint_kitts_and_nevis","/c/en/basseterre"],"weight":0.24014000000000296},"num_concepts_raised":204619},{"base_id":763,"kind":"top_words","i1":3,"i2":9,"sol":{"path":["/c/en/march","/c/en/book","/c/en/classic"],"weight":0.21000000000000002},"num_concepts_raised":1063},{"base_id":763,"kind":"top_words","i1":4,"i2":5,"sol":{"path":["/c/en/cc","/c/fr/cc","/c/fr/militaire","/c/en/sect","/c/en/sept"],"weight":0.20386999999999986},"num_concepts_raised":10271},{"base_id":763,"kind":"top_words","i1":4,"i2":6,"sol":{"path":["/c/en/cc","/c/en/c","/c/en/account","/c/en/adjustment","/c/en/readjustment"],"weight":0.2041599999999999},"num_concepts_raised":1715},{"base_id":763,"kind":"top_words","i1":4,"i2":7,"sol":{"path":["/c/en/cc","/c/en/c","/c/en/a","/c/en/year","/c/en/biannually"],"weight":0.20295999999999992},"num_concepts_raised":2962},{"base_id":763,"kind":"top_words","i1":4,"i2":8,"sol":{"path":["/c/en/cc","/c/en/dv","/c/en/television","/c/en/country","/c/en/saint_kitts_and_nevis","/c/en/basseterre"],"weight":0.2097073999999999},"num_concepts_raised":208410},{"base_id":763,"kind":"top_words","i1":4,"i2":9,"sol":{"path":["/c/en/cc","/c/en/chapters","/c/en/book","/c/en/classic"],"weight":0.21009999999999945},"num_concepts_raised":23359},{"base_id":763,"kind":"top_words","i1":5,"i2":6,"sol":{"path":["/c/en/sept","/c/en/set","/c/en/adjust","/c/en/adjustment","/c/en/readjustment"],"weight":0.20397999999999994},"num_concepts_raised":9654},{"base_id":763,"kind":"top_words","i1":5,"i2":7,"sol":{"path":["/c/en/sept","/c/en/september","/c/en/month","/c/pt/semestralmente","/c/en/biannually"],"weight":0.20479999999999993},"num_concepts_raised":10862},{"base_id":763,"kind":"top_words","i1":5,"i2":8,"sol":{"path":["/c/en/sept","/c/en/set","/c/en/island","/c/en/saint_kitts","/c/en/basseterre"],"weight":0.20283999999999996},"num_concepts_raised":9364},{"base_id":763,"kind":"top_words","i1":5,"i2":9,"sol":{"path":["/c/en/sept","/c/en/nonstandard","/c/en/style","/c/en/classic"],"weight":0.21388999999999947},"num_concepts_raised":31026},{"base_id":763,"kind":"top_words","i1":6,"i2":7,"sol":{"path":["/c/en/readjustment","/c/en/adjustment","/c/en/tax","/c/en/yearly","/c/en/biyearly","/c/en/biannually"],"weight":0.21010679999999993},"num_concepts_raised":149450},{"base_id":763,"kind":"top_words","i1":6,"i2":8,"sol":{"path":["/c/en/readjustment","/c/en/adjustment","/c/en/tax","/c/en/country","/c/en/saint_kitts_and_nevis","/c/en/basseterre"],"weight":0.2099098999999999},"num_concepts_raised":83945},{"base_id":763,"kind":"top_words","i1":6,"i2":9,"sol":{"path":["/c/en/readjustment","/c/en/adjustment","/c/en/write_down","/c/en/style","/c/en/classic"],"weight":0.21523999999999952},"num_concepts_raised":22766},{"base_id":763,"kind":"top_words","i1":7,"i2":8,"sol":{"path":["/c/en/biannually","/c/pt/semestralmente","/c/en/six","/c/en/cricket","/c/en/saint_kitts_and_nevis","/c/en/basseterre"],"weight":0.2096043},"num_concepts_raised":98886},{"base_id":763,"kind":"top_words","i1":7,"i2":9,"sol":{"path":["/c/en/biannually","/c/en/year","/c/en/vintage","/c/en/classic"],"weight":0.2099299999999995},"num_concepts_raised":23938},{"base_id":763,"kind":"top_words","i1":8,"i2":9,"sol":{"path":["/c/en/basseterre","/c/fr/basseterre","/c/fr/gouvernement","/c/fr/représentatif","/c/en/classic"],"weight":0.21301999999999954},"num_concepts_raised":22482}]]