[[{"base_id":377,"kind":"bot_words","i1":0,"i2":1,"sol":{"path":["/c/en/sudanese","/c/en/african","/c/en/person","/c/en/hospital","/c/en/infirmary"],"weight":0.20494999999999988},"num_concepts_raised":5098},{"base_id":377,"kind":"bot_words","i1":0,"i2":2,"sol":{"path":["/c/en/sudanese","/c/en/sudan","/c/en/english_language","/c/en/plant","/c/en/fireweed"],"weight":0.2045699999999999},"num_concepts_raised":9468},{"base_id":377,"kind":"bot_words","i1":0,"i2":3,"sol":{"path":["/c/en/sudanese","/c/en/sudan","/c/en/country","/c/en/mexico","/c/en/vaquita"],"weight":0.2099599999999998},"num_concepts_raised":4511},{"base_id":377,"kind":"bot_words","i1":0,"i2":4,"sol":{"path":["/c/en/sudanese","/c/en/african","/c/en/black","/c/en/iron","/c/en/ferritin"],"weight":0.2086999999999999},"num_concepts_raised":6694},{"base_id":377,"kind":"bot_words","i1":0,"i2":5,"sol":{"path":["/c/en/sudanese","/c/en/sudan","/c/en/communication","/c/en/decrypt","/c/en/decode"],"weight":0.20797999999999967},"num_concepts_raised":13945},{"base_id":377,"kind":"bot_words","i1":0,"i2":6,"sol":{"path":["/c/en/sudanese","/c/en/sudan","/c/en/english_language","/c/en/crime"],"weight":0.22678999999999822},"num_concepts_raised":82336},{"base_id":377,"kind":"bot_words","i1":0,"i2":7,"sol":{"path":["/c/en/sudanese","/c/en/sudan","/c/en/dervish","/c/en/spin","/c/en/boson"],"weight":0.21191999999999986},"num_concepts_raised":10862},{"base_id":377,"kind":"bot_words","i1":0,"i2":8,"sol":{"path":["/c/en/sudanese","/c/en/african","/c/en/person","/c/en/sorrow","/c/en/contrite"],"weight":0.2038099999999999},"num_concepts_raised":4873},{"base_id":377,"kind":"bot_words","i1":0,"i2":9,"sol":{"path":["/c/en/sudanese","/c/en/sudan","/c/en/english_language","/c/en/fire","/c/en/firestone"],"weight":0.2042899999999998},"num_concepts_raised":10255},{"base_id":377,"kind":"bot_words","i1":1,"i2":2,"sol":{"path":["/c/en/infirmary","/c/en/hospital","/c/en/building","/c/en/plant","/c/en/fireweed"],"weight":0.20475999999999994},"num_concepts_raised":12282},{"base_id":377,"kind":"bot_words","i1":1,"i2":3,"sol":{"path":["/c/en/infirmary","/c/en/hospital","/c/en/people","/c/en/mammal","/c/en/vaquita"],"weight":0.21014999999999984},"num_concepts_raised":7362},{"base_id":377,"kind":"bot_words","i1":1,"i2":4,"sol":{"path":["/c/en/infirmary","/c/en/sick_bay","/c/en/compartment","/c/en/protein","/c/en/ferritin"],"weight":0.21185999999999994},"num_concepts_raised":9525},{"base_id":377,"kind":"bot_words","i1":1,"i2":5,"sol":{"path":["/c/en/infirmary","/c/en/little","/c/en/plain","/c/en/decrypt","/c/en/decode"],"weight":0.2068499999999997},"num_concepts_raised":16739},{"base_id":377,"kind":"bot_words","i1":1,"i2":6,"sol":{"path":["/c/en/infirmary","/c/en/hospital","/c/en/person","/c/en/crime"],"weight":0.22750999999999827},"num_concepts_raised":84958},{"base_id":377,"kind":"bot_words","i1":1,"i2":7,"sol":{"path":["/c/en/infirmary","/c/en/hospital","/c/en/laser","/c/fr/physique","/c/en/boson"],"weight":0.2124799999999999},"num_concepts_raised":13672},{"base_id":377,"kind":"bot_words","i1":1,"i2":8,"sol":{"path":["/c/en/infirmary","/c/en/sick","/c/en/pain","/c/en/penitent","/c/en/contrite"],"weight":0.20593999999999996},"num_concepts_raised":7666},{"base_id":377,"kind":"bot_words","i1":1,"i2":9,"sol":{"path":["/c/en/infirmary","/c/en/little","/c/en/stone","/c/en/firestone"],"weight":0.20312999999999987},"num_concepts_raised":13057},{"base_id":377,"kind":"bot_words","i1":2,"i2":3,"sol":{"path":["/c/en/fireweed","/c/ru/иван_чай","/c/en/bay","/c/en/mexico","/c/en/vaquita"],"weight":0.20960999999999985},"num_concepts_raised":11730},{"base_id":377,"kind":"bot_words","i1":2,"i2":4,"sol":{"path":["/c/en/fireweed","/c/en/plant","/c/en/mabinlin","/c/en/protein","/c/en/ferritin"],"weight":0.21065999999999996},"num_concepts_raised":13873},{"base_id":377,"kind":"bot_words","i1":2,"i2":5,"sol":{"path":["/c/en/fireweed","/c/en/plant","/c/en/biology","/c/en/encode","/c/en/decode"],"weight":0.2053599999999997},"num_concepts_raised":21111},{"base_id":377,"kind":"bot_words","i1":2,"i2":6,"sol":{"path":["/c/en/fireweed","/c/en/plant","/c/en/person","/c/en/crime"],"weight":0.22607999999999828},"num_concepts_raised":89438},{"base_id":377,"kind":"bot_words","i1":2,"i2":7,"sol":{"path":["/c/en/fireweed","/c/en/plant","/c/en/energy","/c/fr/physique","/c/en/boson"],"weight":0.2110499999999999},"num_concepts_raised":18066},{"base_id":377,"kind":"bot_words","i1":2,"i2":8,"sol":{"path":["/c/en/fireweed","/c/en/plant","/c/en/action","/c/en/contrite"],"weight":0.20351999999999995},"num_concepts_raised":12061},{"base_id":377,"kind":"bot_words","i1":2,"i2":9,"sol":{"path":["/c/en/fireweed","/c/en/weed","/c/en/stone","/c/en/firestone"],"weight":0.20292999999999986},"num_concepts_raised":17393},{"base_id":377,"kind":"bot_words","i1":3,"i2":4,"sol":{"path":["/c/en/vaquita","/c/en/mammal","/c/en/milk","/c/en/protein","/c/en/ferritin"],"weight":0.21601999999999988},"num_concepts_raised":8959},{"base_id":377,"kind":"bot_words","i1":3,"i2":5,"sol":{"path":["/c/en/vaquita","/c/en/mexico","/c/en/human","/c/en/encode","/c/en/decode"],"weight":0.21072999999999964},"num_concepts_raised":16216},{"base_id":377,"kind":"bot_words","i1":3,"i2":6,"sol":{"path":["/c/en/vaquita","/c/en/mammal","/c/en/person","/c/en/crime"],"weight":0.23139999999999822},"num_concepts_raised":84715},{"base_id":377,"kind":"bot_words","i1":3,"i2":7,"sol":{"path":["/c/en/vaquita","/c/en/mexico","/c/en/mole","/c/fr/physique","/c/en/boson"],"weight":0.21644999999999984},"num_concepts_raised":13136},{"base_id":377,"kind":"bot_words","i1":3,"i2":8,"sol":{"path":["/c/en/vaquita","/c/en/mammal","/c/en/dog","/c/en/sorry","/c/en/contrite"],"weight":0.2089899999999999},"num_concepts_raised":7147},{"base_id":377,"kind":"bot_words","i1":3,"i2":9,"sol":{"path":["/c/en/vaquita","/c/en/mammal","/c/en/air","/c/en/fire","/c/en/firestone"],"weight":0.2083799999999998},"num_concepts_raised":12512},{"base_id":377,"kind":"bot_words","i1":4,"i2":5,"sol":{"path":["/c/en/ferritin","/c/en/protein","/c/en/encode","/c/en/decode"],"weight":0.21267999999999973},"num_concepts_raised":18318},{"base_id":377,"kind":"bot_words","i1":4,"i2":6,"sol":{"path":["/c/en/ferritin","/c/en/iron","/c/en/bad","/c/en/crime"],"weight":0.2311099999999983},"num_concepts_raised":86678},{"base_id":377,"kind":"bot_words","i1":4,"i2":7,"sol":{"path":["/c/en/ferritin","/c/en/iron","/c/en/physics","/c/pt/bóson","/c/en/boson"],"weight":0.22035999999999992},"num_concepts_raised":15274},{"base_id":377,"kind":"bot_words","i1":4,"i2":8,"sol":{"path":["/c/en/ferritin","/c/en/protein","/c/en/energy","/c/en/action","/c/en/contrite"],"weight":0.21086999999999997},"num_concepts_raised":9291},{"base_id":377,"kind":"bot_words","i1":4,"i2":9,"sol":{"path":["/c/en/ferritin","/c/en/iron","/c/en/firestone"],"weight":0.20400000000000001},"num_concepts_raised":64},{"base_id":377,"kind":"bot_words","i1":5,"i2":6,"sol":{"path":["/c/en/decode","/c/en/computing","/c/en/crime"],"weight":0.20600000000000002},"num_concepts_raised":989},{"base_id":377,"kind":"bot_words","i1":5,"i2":7,"sol":{"path":["/c/en/decode","/c/en/computing","/c/en/spin","/c/en/boson"],"weight":0.2117399999999997},"num_concepts_raised":22445},{"base_id":377,"kind":"bot_words","i1":5,"i2":8,"sol":{"path":["/c/en/decode","/c/en/key","/c/en/action","/c/en/contrite"],"weight":0.20452999999999977},"num_concepts_raised":16428},{"base_id":377,"kind":"bot_words","i1":5,"i2":9,"sol":{"path":["/c/en/decode","/c/en/encode","/c/en/software","/c/en/fire","/c/en/firestone"],"weight":0.20506999999999967},"num_concepts_raised":21839},{"base_id":377,"kind":"bot_words","i1":6,"i2":7,"sol":{"path":["/c/en/crime","/c/en/law","/c/en/bose_einstein_statistics","/c/en/boson"],"weight":0.2377199999999982},"num_concepts_raised":90777},{"base_id":377,"kind":"bot_words","i1":6,"i2":8,"sol":{"path":["/c/en/crime","/c/en/sin","/c/en/penitent","/c/en/contrite"],"weight":0.23115999999999828},"num_concepts_raised":84099},{"base_id":377,"kind":"bot_words","i1":6,"i2":9,"sol":{"path":["/c/en/crime","/c/en/murder","/c/en/fire","/c/en/firestone"],"weight":0.2278699999999982},"num_concepts_raised":89738},{"base_id":377,"kind":"bot_words","i1":7,"i2":8,"sol":{"path":["/c/en/boson","/c/en/spin","/c/en/action","/c/en/contrite"],"weight":0.21086999999999995},"num_concepts_raised":13431},{"base_id":377,"kind":"bot_words","i1":7,"i2":9,"sol":{"path":["/c/en/boson","/c/pt/bóson","/c/en/physics","/c/en/iron","/c/en/firestone"],"weight":0.21479999999999982},"num_concepts_raised":18799},{"base_id":377,"kind":"bot_words","i1":8,"i2":9,"sol":{"path":["/c/en/contrite","/c/en/sorry","/c/en/fire","/c/en/firestone"],"weight":0.20330999999999988},"num_concepts_raised":12803}],[{"base_id":377,"kind":"top_words","i1":0,"i2":1,"sol":{"path":["/c/en/galápagos","/c/en/galápagos_dove","/c/en/bird","/c/en/uk","/c/en/ampery","/c/en/amper"],"weight":0.21187119999999973},"num_concepts_raised":392972},{"base_id":377,"kind":"top_words","i1":0,"i2":2,"sol":{"path":["/c/en/galápagos","/c/en/galápagos_dove","/c/en/bird","/c/en/avidin","/c/en/protein","/c/en/antithrombin"],"weight":0.21035139999999952},"num_concepts_raised":157804},{"base_id":377,"kind":"top_words","i1":0,"i2":3,"sol":{"path":["/c/en/galápagos","/c/en/galápagos_dove","/c/en/bird","/c/en/porridge","/c/en/gruel"],"weight":0.2143899999999997},"num_concepts_raised":8635},{"base_id":377,"kind":"top_words","i1":0,"i2":4,"sol":{"path":["/c/en/galápagos","/c/en/galápagos_hawk","/c/en/hawk","/c/en/strong","/c/en/firm","/c/en/unfaltering"],"weight":0.20677499999999968},"num_concepts_raised":437703},{"base_id":377,"kind":"top_words","i1":0,"i2":5,"sol":{"path":["/c/en/galápagos","/c/en/galápagos_islands","/c/en/island","/c/en/rock","/c/fr/géologie","/c/en/geomorphology"],"weight":0.21586579999999922},"num_concepts_raised":462694},{"base_id":377,"kind":"top_words","i1":0,"i2":6,"sol":{"path":["/c/en/galápagos","/c/en/galápagos_islands","/c/en/island","/c/en/lost","/c/en/series","/c/en/serie"],"weight":0.21590589999999976},"num_concepts_raised":120878},{"base_id":377,"kind":"top_words","i1":0,"i2":7,"sol":{"path":["/c/en/galápagos","/c/en/galápagos_islands","/c/en/island","/c/en/water","/c/en/splash","/c/en/spatter"],"weight":0.21455399999999936},"num_concepts_raised":513904},{"base_id":377,"kind":"top_words","i1":0,"i2":8,"sol":{"path":["/c/en/galápagos","/c/es/galápagos","/c/fr/galápagos","/c/fr/localités","/c/en/pinchbeck"],"weight":0.2027799999999998},"num_concepts_raised":114914},{"base_id":377,"kind":"top_words","i1":0,"i2":9,"sol":{"path":["/c/en/galápagos","/c/en/galápagos_islands","/c/en/island","/c/en/sea","/c/en/brackish"],"weight":0.20486999999999983},"num_concepts_raised":4713},{"base_id":377,"kind":"top_words","i1":1,"i2":2,"sol":{"path":["/c/en/amper","/c/en/river","/c/en/chain","/c/en/protein","/c/en/antithrombin"],"weight":0.21303999999999984},"num_concepts_raised":9033},{"base_id":377,"kind":"top_words","i1":1,"i2":3,"sol":{"path":["/c/en/amper","/c/en/river","/c/en/thin","/c/en/gruel"],"weight":0.21476999999999968},"num_concepts_raised":12281},{"base_id":377,"kind":"top_words","i1":1,"i2":4,"sol":{"path":["/c/en/amper","/c/en/ampery","/c/en/uk","/c/en/firm","/c/en/unfaltering"],"weight":0.21058999999999972},"num_concepts_raised":7666},{"base_id":377,"kind":"top_words","i1":1,"i2":5,"sol":{"path":["/c/en/amper","/c/en/river","/c/en/knickpoint","/c/en/geomorphology"],"weight":0.2143199999999995},"num_concepts_raised":11061},{"base_id":377,"kind":"top_words","i1":1,"i2":6,"sol":{"path":["/c/en/amper","/c/en/river","/c/en/saar","/c/en/soccer_league","/c/en/serie"],"weight":0.21970999999999968},"num_concepts_raised":5090},{"base_id":377,"kind":"top_words","i1":1,"i2":7,"sol":{"path":["/c/en/amper","/c/en/pustule","/c/en/spot","/c/en/spatter"],"weight":0.2097199999999994},"num_concepts_raised":11385},{"base_id":377,"kind":"top_words","i1":1,"i2":8,"sol":{"path":["/c/en/amper","/c/en/river","/c/en/counterfeit","/c/en/pinchbeck"],"weight":0.20911999999999978},"num_concepts_raised":118551},{"base_id":377,"kind":"top_words","i1":1,"i2":9,"sol":{"path":["/c/en/amper","/c/en/river","/c/en/sea","/c/en/brackish"],"weight":0.2100399999999998},"num_concepts_raised":8309},{"base_id":377,"kind":"top_words","i1":2,"i2":3,"sol":{"path":["/c/en/antithrombin","/c/en/protein","/c/en/food","/c/en/gruel"],"weight":0.21493999999999977},"num_concepts_raised":13399},{"base_id":377,"kind":"top_words","i1":2,"i2":4,"sol":{"path":["/c/en/antithrombin","/c/en/protein","/c/en/ell","/c/en/always","/c/en/unfaltering"],"weight":0.2083799999999998},"num_concepts_raised":8771},{"base_id":377,"kind":"top_words","i1":2,"i2":5,"sol":{"path":["/c/en/antithrombin","/c/en/protein","/c/en/erg","/c/en/geomorphology"],"weight":0.2143999999999996},"num_concepts_raised":12194},{"base_id":377,"kind":"top_words","i1":2,"i2":6,"sol":{"path":["/c/en/antithrombin","/c/en/protein","/c/en/chain","/c/en/series","/c/en/serie"],"weight":0.21777999999999975},"num_concepts_raised":6174},{"base_id":377,"kind":"top_words","i1":2,"i2":7,"sol":{"path":["/c/en/antithrombin","/c/en/molecule","/c/en/sputtering","/c/en/spatter"],"weight":0.20972999999999953},"num_concepts_raised":12517},{"base_id":377,"kind":"top_words","i1":2,"i2":8,"sol":{"path":["/c/en/antithrombin","/c/en/protein","/c/en/anticalin","/c/en/artificial","/c/en/pinchbeck"],"weight":0.2080899999999999},"num_concepts_raised":119680},{"base_id":377,"kind":"top_words","i1":2,"i2":9,"sol":{"path":["/c/en/antithrombin","/c/en/molecule","/c/en/water","/c/en/sea","/c/en/brackish"],"weight":0.21023999999999987},"num_concepts_raised":9497},{"base_id":377,"kind":"top_words","i1":3,"i2":4,"sol":{"path":["/c/en/gruel","/c/ko/죽","/c/en/continuous","/c/en/unfaltering"],"weight":0.21013999999999966},"num_concepts_raised":12022},{"base_id":377,"kind":"top_words","i1":3,"i2":5,"sol":{"path":["/c/en/gruel","/c/en/porridge","/c/en/zhou","/c/en/history","/c/en/geomorphology"],"weight":0.22098999999999944},"num_concepts_raised":15444},{"base_id":377,"kind":"top_words","i1":3,"i2":6,"sol":{"path":["/c/en/gruel","/c/en/grit","/c/en/canada","/c/en/series","/c/en/serie"],"weight":0.22369999999999962},"num_concepts_raised":9470},{"base_id":377,"kind":"top_words","i1":3,"i2":7,"sol":{"path":["/c/en/gruel","/c/en/grit","/c/en/puddle","/c/en/spatter"],"weight":0.21567999999999937},"num_concepts_raised":15700},{"base_id":377,"kind":"top_words","i1":3,"i2":8,"sol":{"path":["/c/en/gruel","/c/sa/चन्द्र","/c/en/gold","/c/en/pinchbeck"],"weight":0.2097299999999997},"num_concepts_raised":122916},{"base_id":377,"kind":"top_words","i1":3,"i2":9,"sol":{"path":["/c/en/gruel","/c/en/soup","/c/haw/kai","/c/en/brackish"],"weight":0.21300999999999976},"num_concepts_raised":12651},{"base_id":377,"kind":"top_words","i1":4,"i2":5,"sol":{"path":["/c/en/unfaltering","/c/en/steadfast","/c/en/fast","/c/en/origin","/c/en/geomorphology"],"weight":0.21096999999999946},"num_concepts_raised":10822},{"base_id":377,"kind":"top_words","i1":4,"i2":6,"sol":{"path":["/c/en/unfaltering","/c/en/steady","/c/en/regular","/c/en/series","/c/en/serie"],"weight":0.21323999999999965},"num_concepts_raised":4802},{"base_id":377,"kind":"top_words","i1":4,"i2":7,"sol":{"path":["/c/en/unfaltering","/c/ms/teguh","/c/en/sound","/c/en/splash","/c/en/spatter"],"weight":0.2079999999999994},"num_concepts_raised":11129},{"base_id":377,"kind":"top_words","i1":4,"i2":8,"sol":{"path":["/c/en/unfaltering","/c/it/fermo","/c/fr/localités","/c/en/pinchbeck"],"weight":0.2033099999999997},"num_concepts_raised":118311},{"base_id":377,"kind":"top_words","i1":4,"i2":9,"sol":{"path":["/c/en/unfaltering","/c/en/resolute","/c/sa/धीर","/c/en/sea","/c/en/brackish"],"weight":0.20659999999999978},"num_concepts_raised":8117},{"base_id":377,"kind":"top_words","i1":5,"i2":6,"sol":{"path":["/c/en/geomorphology","/c/fr/géologie","/c/fr/objet","/c/fr/série","/c/en/serie"],"weight":0.21953999999999943},"num_concepts_raised":8240},{"base_id":377,"kind":"top_words","i1":5,"i2":7,"sol":{"path":["/c/en/geomorphology","/c/en/history","/c/en/computing","/c/en/splash","/c/en/spatter"],"weight":0.21391999999999917},"num_concepts_raised":14558},{"base_id":377,"kind":"top_words","i1":5,"i2":8,"sol":{"path":["/c/en/geomorphology","/c/fr/géomorphologie","/c/fr/beine","/c/fr/localités","/c/en/pinchbeck"],"weight":0.2123499999999995},"num_concepts_raised":121718},{"base_id":377,"kind":"top_words","i1":5,"i2":9,"sol":{"path":["/c/en/geomorphology","/c/en/erosion","/c/en/sea","/c/en/brackish"],"weight":0.21142999999999956},"num_concepts_raised":11547},{"base_id":377,"kind":"top_words","i1":6,"i2":7,"sol":{"path":["/c/en/serie","/c/en/series","/c/en/light","/c/en/painting","/c/en/spatter"],"weight":0.21545999999999935},"num_concepts_raised":8573},{"base_id":377,"kind":"top_words","i1":6,"i2":8,"sol":{"path":["/c/en/serie","/c/en/series","/c/en/rosary","/c/en/counterfeit","/c/en/pinchbeck"],"weight":0.21382999999999971},"num_concepts_raised":115752},{"base_id":377,"kind":"top_words","i1":6,"i2":9,"sol":{"path":["/c/en/serie","/c/en/series","/c/en/us","/c/en/salty","/c/en/brackish"],"weight":0.21506999999999973},"num_concepts_raised":5557},{"base_id":377,"kind":"top_words","i1":7,"i2":8,"sol":{"path":["/c/en/spatter","/c/fr/barboter","/c/en/pinch","/c/en/pinchbeck"],"weight":0.20476999999999945},"num_concepts_raised":122039},{"base_id":377,"kind":"top_words","i1":7,"i2":9,"sol":{"path":["/c/en/spatter","/c/en/splash","/c/en/water","/c/en/sea","/c/en/brackish"],"weight":0.20987999999999948},"num_concepts_raised":11840},{"base_id":377,"kind":"top_words","i1":8,"i2":9,"sol":{"path":["/c/en/pinchbeck","/c/en/counterfeit","/c/en/river","/c/en/sea","/c/en/brackish"],"weight":0.20619999999999983},"num_concepts_raised":119040}]]