[[{"base_id":632,"kind":"bot_words","i1":0,"i2":1,"sol":{"path":["/c/en/propranolol","/c/en/drug","/c/en/bottle","/c/en/habitation","/c/en/uninhabitable"],"weight":0.20971999999999996},"num_concepts_raised":7657},{"base_id":632,"kind":"bot_words","i1":0,"i2":2,"sol":{"path":["/c/en/propranolol","/c/en/drug","/c/en/agent","/c/en/spy"],"weight":0.21619999999999912},"num_concepts_raised":58922},{"base_id":632,"kind":"bot_words","i1":0,"i2":3,"sol":{"path":["/c/en/propranolol","/c/en/treatment","/c/en/petrolization","/c/en/exterminate","/c/en/extermination"],"weight":0.2101699999999997},"num_concepts_raised":20925},{"base_id":632,"kind":"bot_words","i1":0,"i2":4,"sol":{"path":["/c/en/propranolol","/c/en/beta_blocker","/c/en/heart","/c/en/person","/c/en/anarchist"],"weight":0.21200999999999964},"num_concepts_raised":29322},{"base_id":632,"kind":"bot_words","i1":0,"i2":5,"sol":{"path":["/c/en/propranolol","/c/en/drug","/c/en/delivery","/c/en/post"],"weight":0.2323899999999966},"num_concepts_raised":186017},{"base_id":632,"kind":"bot_words","i1":0,"i2":6,"sol":{"path":["/c/en/propranolol","/c/en/drug","/c/en/fix","/c/en/solution","/c/en/solved"],"weight":0.20923999999999976},"num_concepts_raised":8483},{"base_id":632,"kind":"bot_words","i1":0,"i2":7,"sol":{"path":["/c/en/propranolol","/c/en/treatment","/c/en/repellent","/c/en/deet"],"weight":0.21287999999999974},"num_concepts_raised":13121},{"base_id":632,"kind":"bot_words","i1":0,"i2":8,"sol":{"path":["/c/en/propranolol","/c/en/treatment","/c/en/condition","/c/en/new","/c/en/newness"],"weight":0.20868999999999985},"num_concepts_raised":8917},{"base_id":632,"kind":"bot_words","i1":0,"i2":9,"sol":{"path":["/c/en/propranolol","/c/en/drug","/c/en/generic","/c/en/biology","/c/en/exobiology"],"weight":0.2095999999999998},"num_concepts_raised":13308},{"base_id":632,"kind":"bot_words","i1":1,"i2":2,"sol":{"path":["/c/en/uninhabitable","/c/en/habitat","/c/en/mole","/c/en/spy"],"weight":0.21281999999999934},"num_concepts_raised":56038},{"base_id":632,"kind":"bot_words","i1":1,"i2":3,"sol":{"path":["/c/en/uninhabitable","/c/en/condemned","/c/en/destruction","/c/en/extermination"],"weight":0.20474999999999988},"num_concepts_raised":18008},{"base_id":632,"kind":"bot_words","i1":1,"i2":4,"sol":{"path":["/c/en/uninhabitable","/c/en/inhabitant","/c/en/person","/c/en/anarchist"],"weight":0.20567999999999986},"num_concepts_raised":26387},{"base_id":632,"kind":"bot_words","i1":1,"i2":5,"sol":{"path":["/c/en/uninhabitable","/c/en/habitat","/c/en/station","/c/en/post"],"weight":0.22984999999999678},"num_concepts_raised":183102},{"base_id":632,"kind":"bot_words","i1":1,"i2":6,"sol":{"path":["/c/en/uninhabitable","/c/en/inhabited","/c/en/mathematics","/c/en/solve","/c/en/solved"],"weight":0.20587999999999995},"num_concepts_raised":5577},{"base_id":632,"kind":"bot_words","i1":1,"i2":7,"sol":{"path":["/c/en/uninhabitable","/c/en/habitation","/c/en/place","/c/en/skin","/c/en/deet"],"weight":0.20970999999999995},"num_concepts_raised":10269},{"base_id":632,"kind":"bot_words","i1":1,"i2":8,"sol":{"path":["/c/en/uninhabitable","/c/en/unlivable","/c/en/lived","/c/en/age","/c/en/newness"],"weight":0.20599000000000006},"num_concepts_raised":6001},{"base_id":632,"kind":"bot_words","i1":1,"i2":9,"sol":{"path":["/c/en/uninhabitable","/c/en/habitat","/c/en/biology","/c/en/exobiology"],"weight":0.20629999999999998},"num_concepts_raised":10344},{"base_id":632,"kind":"bot_words","i1":2,"i2":3,"sol":{"path":["/c/en/spy","/c/en/secret_agent","/c/en/out","/c/en/extermination"],"weight":0.21352999999999905},"num_concepts_raised":67982},{"base_id":632,"kind":"bot_words","i1":2,"i2":4,"sol":{"path":["/c/en/spy","/c/en/person","/c/en/anarchist"],"weight":0.202},"num_concepts_raised":666},{"base_id":632,"kind":"bot_words","i1":2,"i2":5,"sol":{"path":["/c/en/spy","/c/en/military","/c/en/post"],"weight":0.20400000000000001},"num_concepts_raised":1817},{"base_id":632,"kind":"bot_words","i1":2,"i2":6,"sol":{"path":["/c/en/spy","/c/en/legal","/c/en/solution","/c/en/solved"],"weight":0.21222999999999914},"num_concepts_raised":56771},{"base_id":632,"kind":"bot_words","i1":2,"i2":7,"sol":{"path":["/c/en/spy","/c/en/person","/c/en/clothing","/c/en/deet"],"weight":0.2160799999999991},"num_concepts_raised":61298},{"base_id":632,"kind":"bot_words","i1":2,"i2":8,"sol":{"path":["/c/en/spy","/c/en/person","/c/en/novelty","/c/en/newness"],"weight":0.21328999999999926},"num_concepts_raised":57191},{"base_id":632,"kind":"bot_words","i1":2,"i2":9,"sol":{"path":["/c/en/spy","/c/en/person","/c/en/biology","/c/en/exobiology"],"weight":0.21269999999999917},"num_concepts_raised":61605},{"base_id":632,"kind":"bot_words","i1":3,"i2":4,"sol":{"path":["/c/en/extermination","/c/en/life","/c/en/person","/c/en/anarchist"],"weight":0.2061199999999996},"num_concepts_raised":39045},{"base_id":632,"kind":"bot_words","i1":3,"i2":5,"sol":{"path":["/c/en/extermination","/c/en/like","/c/en/post"],"weight":0.20400000000000001},"num_concepts_raised":1399},{"base_id":632,"kind":"bot_words","i1":3,"i2":6,"sol":{"path":["/c/en/extermination","/c/fr/extermination","/c/fr/résultat","/c/en/solution","/c/en/solved"],"weight":0.2073299999999997},"num_concepts_raised":18796},{"base_id":632,"kind":"bot_words","i1":3,"i2":7,"sol":{"path":["/c/en/extermination","/c/en/exterminator","/c/en/insect","/c/en/deet"],"weight":0.2100099999999997},"num_concepts_raised":23440},{"base_id":632,"kind":"bot_words","i1":3,"i2":8,"sol":{"path":["/c/en/extermination","/c/en/life","/c/en/age","/c/en/newness"],"weight":0.20463999999999982},"num_concepts_raised":19118},{"base_id":632,"kind":"bot_words","i1":3,"i2":9,"sol":{"path":["/c/en/extermination","/c/en/life","/c/en/biology","/c/en/exobiology"],"weight":0.20573999999999976},"num_concepts_raised":23553},{"base_id":632,"kind":"bot_words","i1":4,"i2":5,"sol":{"path":["/c/en/anarchist","/c/en/person","/c/en/mail","/c/en/post"],"weight":0.23615999999999643},"num_concepts_raised":201517},{"base_id":632,"kind":"bot_words","i1":4,"i2":6,"sol":{"path":["/c/en/anarchist","/c/en/law","/c/en/answer","/c/en/solved"],"weight":0.20521999999999968},"num_concepts_raised":27186},{"base_id":632,"kind":"bot_words","i1":4,"i2":7,"sol":{"path":["/c/en/anarchist","/c/en/person","/c/en/clothing","/c/en/deet"],"weight":0.20993999999999965},"num_concepts_raised":31862},{"base_id":632,"kind":"bot_words","i1":4,"i2":8,"sol":{"path":["/c/en/anarchist","/c/en/person","/c/en/novelty","/c/en/newness"],"weight":0.20714999999999978},"num_concepts_raised":27580},{"base_id":632,"kind":"bot_words","i1":4,"i2":9,"sol":{"path":["/c/en/anarchist","/c/en/person","/c/en/biology","/c/en/exobiology"],"weight":0.20655999999999972},"num_concepts_raised":32005},{"base_id":632,"kind":"bot_words","i1":5,"i2":6,"sol":{"path":["/c/en/post","/c/en/after","/c/en/answer","/c/en/solved"],"weight":0.22790999999999662},"num_concepts_raised":183469},{"base_id":632,"kind":"bot_words","i1":5,"i2":7,"sol":{"path":["/c/en/post","/c/en/express","/c/en/clothing","/c/en/deet"],"weight":0.23452999999999657},"num_concepts_raised":187985},{"base_id":632,"kind":"bot_words","i1":5,"i2":8,"sol":{"path":["/c/en/post","/c/en/news","/c/it/novità","/c/en/newness"],"weight":0.22926999999999673},"num_concepts_raised":183861},{"base_id":632,"kind":"bot_words","i1":5,"i2":9,"sol":{"path":["/c/en/post","/c/en/base","/c/en/biology","/c/en/exobiology"],"weight":0.22712999999999667},"num_concepts_raised":188246},{"base_id":632,"kind":"bot_words","i1":6,"i2":7,"sol":{"path":["/c/en/solved","/c/en/solution","/c/en/liquid","/c/en/skin","/c/en/deet"],"weight":0.20916999999999975},"num_concepts_raised":11085},{"base_id":632,"kind":"bot_words","i1":6,"i2":8,"sol":{"path":["/c/en/solved","/c/en/solution","/c/en/product","/c/en/novelty","/c/en/newness"],"weight":0.20633999999999988},"num_concepts_raised":6821},{"base_id":632,"kind":"bot_words","i1":6,"i2":9,"sol":{"path":["/c/en/solved","/c/en/solution","/c/en/fix","/c/en/biology","/c/en/exobiology"],"weight":0.20579999999999982},"num_concepts_raised":11240},{"base_id":632,"kind":"bot_words","i1":7,"i2":8,"sol":{"path":["/c/en/deet","/c/en/clothing","/c/en/person","/c/en/novelty","/c/en/newness"],"weight":0.21009999999999984},"num_concepts_raised":11529},{"base_id":632,"kind":"bot_words","i1":7,"i2":9,"sol":{"path":["/c/en/deet","/c/en/skin","/c/en/body","/c/en/biology","/c/en/exobiology"],"weight":0.2095499999999998},"num_concepts_raised":15897},{"base_id":632,"kind":"bot_words","i1":8,"i2":9,"sol":{"path":["/c/en/newness","/c/en/novelty","/c/en/person","/c/en/biology","/c/en/exobiology"],"weight":0.2067299999999999},"num_concepts_raised":11664}],[{"base_id":632,"kind":"top_words","i1":0,"i2":1,"sol":{"path":["/c/en/disease","/c/en/diseases"],"weight":0.20700000000000002},"num_concepts_raised":3907},{"base_id":632,"kind":"top_words","i1":0,"i2":2,"sol":{"path":["/c/en/disease","/c/en/encephalitis"],"weight":0.20600000000000002},"num_concepts_raised":3778},{"base_id":632,"kind":"top_words","i1":0,"i2":3,"sol":{"path":["/c/en/disease","/c/en/pneumonia"],"weight":0.20600000000000002},"num_concepts_raised":3844},{"base_id":632,"kind":"top_words","i1":0,"i2":4,"sol":{"path":["/c/en/disease","/c/en/meningitis"],"weight":0.20600000000000002},"num_concepts_raised":3787},{"base_id":632,"kind":"top_words","i1":0,"i2":5,"sol":{"path":["/c/en/disease","/c/en/kyasanur_forest_disease","/c/en/hemorrhagic"],"weight":0.20400000000000001},"num_concepts_raised":3704},{"base_id":632,"kind":"top_words","i1":0,"i2":6,"sol":{"path":["/c/en/disease","/c/en/illness","/c/en/diarrhea"],"weight":0.20800000000000002},"num_concepts_raised":3992},{"base_id":632,"kind":"top_words","i1":0,"i2":7,"sol":{"path":["/c/en/disease","/c/en/symptoms"],"weight":0.20400000000000001},"num_concepts_raised":3701},{"base_id":632,"kind":"top_words","i1":0,"i2":8,"sol":{"path":["/c/en/disease","/c/en/infection"],"weight":0.20800000000000002},"num_concepts_raised":4273},{"base_id":632,"kind":"top_words","i1":0,"i2":9,"sol":{"path":["/c/en/disease","/c/en/syndrome"],"weight":0.20400000000000001},"num_concepts_raised":3818},{"base_id":632,"kind":"top_words","i1":1,"i2":2,"sol":{"path":["/c/en/diseases","/c/en/disease","/c/en/encephalitis"],"weight":0.20600000000000002},"num_concepts_raised":354},{"base_id":632,"kind":"top_words","i1":1,"i2":3,"sol":{"path":["/c/en/diseases","/c/en/disease","/c/en/pneumonia"],"weight":0.20600000000000002},"num_concepts_raised":423},{"base_id":632,"kind":"top_words","i1":1,"i2":4,"sol":{"path":["/c/en/diseases","/c/en/disease","/c/en/meningitis"],"weight":0.20600000000000002},"num_concepts_raised":359},{"base_id":632,"kind":"top_words","i1":1,"i2":5,"sol":{"path":["/c/en/diseases","/c/en/disease","/c/en/kyasanur_forest_disease","/c/en/hemorrhagic"],"weight":0.20712999999999904},"num_concepts_raised":8991},{"base_id":632,"kind":"top_words","i1":1,"i2":6,"sol":{"path":["/c/en/diseases","/c/en/disease","/c/en/gonorrhea","/c/en/diarrhea"],"weight":0.22098999999999921},"num_concepts_raised":38228},{"base_id":632,"kind":"top_words","i1":1,"i2":7,"sol":{"path":["/c/en/diseases","/c/en/disease","/c/en/symptoms"],"weight":0.20400000000000001},"num_concepts_raised":276},{"base_id":632,"kind":"top_words","i1":1,"i2":8,"sol":{"path":["/c/en/diseases","/c/en/disease","/c/en/infection"],"weight":0.20700000000000002},"num_concepts_raised":958},{"base_id":632,"kind":"top_words","i1":1,"i2":9,"sol":{"path":["/c/en/diseases","/c/en/disease","/c/en/syndrome"],"weight":0.20400000000000001},"num_concepts_raised":412},{"base_id":632,"kind":"top_words","i1":2,"i2":3,"sol":{"path":["/c/en/encephalitis","/c/en/disease","/c/en/pneumonia"],"weight":0.20600000000000002},"num_concepts_raised":290},{"base_id":632,"kind":"top_words","i1":2,"i2":4,"sol":{"path":["/c/en/encephalitis","/c/en/meningitis"],"weight":0.20600000000000002},"num_concepts_raised":216},{"base_id":632,"kind":"top_words","i1":2,"i2":5,"sol":{"path":["/c/en/encephalitis","/c/en/pathology","/c/el/αιμορραγικόσ","/c/en/hemorrhagic"],"weight":0.21045},"num_concepts_raised":12674},{"base_id":632,"kind":"top_words","i1":2,"i2":6,"sol":{"path":["/c/en/encephalitis","/c/en/marburg_disease","/c/en/diarrhea"],"weight":0.20600000000000002},"num_concepts_raised":433},{"base_id":632,"kind":"top_words","i1":2,"i2":7,"sol":{"path":["/c/en/encephalitis","/c/en/disease","/c/en/symptoms"],"weight":0.20400000000000001},"num_concepts_raised":143},{"base_id":632,"kind":"top_words","i1":2,"i2":8,"sol":{"path":["/c/en/encephalitis","/c/en/infection"],"weight":0.20600000000000002},"num_concepts_raised":821},{"base_id":632,"kind":"top_words","i1":2,"i2":9,"sol":{"path":["/c/en/encephalitis","/c/en/disease","/c/en/syndrome"],"weight":0.20400000000000001},"num_concepts_raised":278},{"base_id":632,"kind":"top_words","i1":3,"i2":4,"sol":{"path":["/c/en/pneumonia","/c/en/disease","/c/en/meningitis"],"weight":0.20600000000000002},"num_concepts_raised":295},{"base_id":632,"kind":"top_words","i1":3,"i2":5,"sol":{"path":["/c/en/pneumonia","/c/en/disease","/c/en/kyasanur_forest_disease","/c/en/hemorrhagic"],"weight":0.21147},"num_concepts_raised":8282},{"base_id":632,"kind":"top_words","i1":3,"i2":6,"sol":{"path":["/c/en/pneumonia","/c/en/disease","/c/en/gonorrhea","/c/en/diarrhea"],"weight":0.2253300000000002},"num_concepts_raised":37588},{"base_id":632,"kind":"top_words","i1":3,"i2":7,"sol":{"path":["/c/en/pneumonia","/c/en/disease","/c/en/symptoms"],"weight":0.20400000000000001},"num_concepts_raised":214},{"base_id":632,"kind":"top_words","i1":3,"i2":8,"sol":{"path":["/c/en/pneumonia","/c/en/disease","/c/en/infection"],"weight":0.20700000000000002},"num_concepts_raised":892},{"base_id":632,"kind":"top_words","i1":3,"i2":9,"sol":{"path":["/c/en/pneumonia","/c/en/disease","/c/en/syndrome"],"weight":0.20400000000000001},"num_concepts_raised":350},{"base_id":632,"kind":"top_words","i1":4,"i2":5,"sol":{"path":["/c/en/meningitis","/c/en/pathology","/c/el/αιμορραγικόσ","/c/en/hemorrhagic"],"weight":0.21026000000000003},"num_concepts_raised":10866},{"base_id":632,"kind":"top_words","i1":4,"i2":6,"sol":{"path":["/c/en/meningitis","/c/en/pathology","/c/fi/ripuli","/c/en/diarrhea"],"weight":0.2261200000000002},"num_concepts_raised":40126},{"base_id":632,"kind":"top_words","i1":4,"i2":7,"sol":{"path":["/c/en/meningitis","/c/en/disease","/c/en/symptoms"],"weight":0.20400000000000001},"num_concepts_raised":149},{"base_id":632,"kind":"top_words","i1":4,"i2":8,"sol":{"path":["/c/en/meningitis","/c/en/disease","/c/en/infection"],"weight":0.20700000000000002},"num_concepts_raised":825},{"base_id":632,"kind":"top_words","i1":4,"i2":9,"sol":{"path":["/c/en/meningitis","/c/en/disease","/c/en/syndrome"],"weight":0.20400000000000001},"num_concepts_raised":284},{"base_id":632,"kind":"top_words","i1":5,"i2":6,"sol":{"path":["/c/en/hemorrhagic","/c/en/hemorrhage","/c/fr/médecine","/c/fr/diarrhée","/c/en/diarrhea"],"weight":0.22307000000000007},"num_concepts_raised":31923},{"base_id":632,"kind":"top_words","i1":5,"i2":7,"sol":{"path":["/c/en/hemorrhagic","/c/en/kyasanur_forest_disease","/c/en/disease","/c/en/symptoms"],"weight":0.20284999999999984},"num_concepts_raised":7288},{"base_id":632,"kind":"top_words","i1":5,"i2":8,"sol":{"path":["/c/en/hemorrhagic","/c/en/kyasanur_forest_disease","/c/en/disease","/c/en/infection"],"weight":0.2202099999999978},"num_concepts_raised":44262},{"base_id":632,"kind":"top_words","i1":5,"i2":9,"sol":{"path":["/c/en/hemorrhagic","/c/en/hemorrhage","/c/fr/médecine","/c/en/syndrome"],"weight":0.20639999999999972},"num_concepts_raised":27596},{"base_id":632,"kind":"top_words","i1":6,"i2":7,"sol":{"path":["/c/en/diarrhea","/c/en/symptom","/c/en/symptoms"],"weight":0.20400000000000001},"num_concepts_raised":355},{"base_id":632,"kind":"top_words","i1":6,"i2":8,"sol":{"path":["/c/en/diarrhea","/c/en/dysentery","/c/en/infection"],"weight":0.20700000000000002},"num_concepts_raised":1035},{"base_id":632,"kind":"top_words","i1":6,"i2":9,"sol":{"path":["/c/en/diarrhea","/c/en/symptom","/c/en/syndrome"],"weight":0.20400000000000001},"num_concepts_raised":491},{"base_id":632,"kind":"top_words","i1":7,"i2":8,"sol":{"path":["/c/en/symptoms","/c/en/disease","/c/en/infection"],"weight":0.20500000000000002},"num_concepts_raised":747},{"base_id":632,"kind":"top_words","i1":7,"i2":9,"sol":{"path":["/c/en/symptoms","/c/en/symptom","/c/en/syndrome"],"weight":0.202},"num_concepts_raised":198},{"base_id":632,"kind":"top_words","i1":8,"i2":9,"sol":{"path":["/c/en/infection","/c/en/disease","/c/en/syndrome"],"weight":0.20500000000000002},"num_concepts_raised":881}]]