[[{"base_id":970,"kind":"bot_words","i1":0,"i2":1,"sol":{"path":["/c/en/lebanese","/c/en/person","/c/en/censor","/c/en/ban"],"weight":0.20903999999999928},"num_concepts_raised":45624},{"base_id":970,"kind":"bot_words","i1":0,"i2":2,"sol":{"path":["/c/en/lebanese","/c/en/person","/c/en/man","/c/en/manage","/c/en/manageability"],"weight":0.20368999999999987},"num_concepts_raised":13687},{"base_id":970,"kind":"bot_words","i1":0,"i2":3,"sol":{"path":["/c/en/lebanese","/c/en/lebanon","/c/en/country","/c/en/savoy"],"weight":0.2094699999999998},"num_concepts_raised":18968},{"base_id":970,"kind":"bot_words","i1":0,"i2":4,"sol":{"path":["/c/en/lebanese","/c/en/person","/c/en/greek","/c/en/hellene","/c/en/hellen"],"weight":0.2112299999999998},"num_concepts_raised":14959},{"base_id":970,"kind":"bot_words","i1":0,"i2":5,"sol":{"path":["/c/en/lebanese","/c/en/person","/c/en/time","/c/en/chronology"],"weight":0.2062899999999998},"num_concepts_raised":24082},{"base_id":970,"kind":"bot_words","i1":0,"i2":6,"sol":{"path":["/c/en/lebanese","/c/en/person","/c/en/two","/c/en/biennial","/c/en/biennium"],"weight":0.2045999999999999},"num_concepts_raised":15958},{"base_id":970,"kind":"bot_words","i1":0,"i2":7,"sol":{"path":["/c/en/lebanese","/c/en/person","/c/en/alot"],"weight":0.20400000000000001},"num_concepts_raised":80},{"base_id":970,"kind":"bot_words","i1":0,"i2":8,"sol":{"path":["/c/en/lebanese","/c/en/person","/c/en/beauty","/c/en/aestheticism"],"weight":0.2090999999999999},"num_concepts_raised":14510},{"base_id":970,"kind":"bot_words","i1":0,"i2":9,"sol":{"path":["/c/en/lebanese","/c/en/person","/c/en/care","/c/en/love","/c/en/eros"],"weight":0.21270000000000003},"num_concepts_raised":20951},{"base_id":970,"kind":"bot_words","i1":1,"i2":2,"sol":{"path":["/c/en/ban","/c/fr/interdire","/c/fr/autorité","/c/fr/obéissance","/c/en/manageability"],"weight":0.2148899999999993},"num_concepts_raised":34424},{"base_id":970,"kind":"bot_words","i1":1,"i2":3,"sol":{"path":["/c/en/ban","/c/en/europe","/c/en/savoy"],"weight":0.20400000000000001},"num_concepts_raised":433},{"base_id":970,"kind":"bot_words","i1":1,"i2":4,"sol":{"path":["/c/en/ban","/c/en/language","/c/en/hellenist","/c/en/hellen"],"weight":0.21362999999999926},"num_concepts_raised":35687},{"base_id":970,"kind":"bot_words","i1":1,"i2":5,"sol":{"path":["/c/en/ban","/c/en/embargo","/c/en/order","/c/en/chronology"],"weight":0.21175999999999925},"num_concepts_raised":44195},{"base_id":970,"kind":"bot_words","i1":1,"i2":6,"sol":{"path":["/c/en/ban","/c/en/unit","/c/en/year","/c/en/biennium"],"weight":0.20824999999999932},"num_concepts_raised":36611},{"base_id":970,"kind":"bot_words","i1":1,"i2":7,"sol":{"path":["/c/en/ban","/c/en/bit","/c/en/lot","/c/en/alot"],"weight":0.21624999999999933},"num_concepts_raised":51193},{"base_id":970,"kind":"bot_words","i1":1,"i2":8,"sol":{"path":["/c/en/ban","/c/en/title","/c/en/beauty","/c/en/aestheticism"],"weight":0.21369999999999933},"num_concepts_raised":35209},{"base_id":970,"kind":"bot_words","i1":1,"i2":9,"sol":{"path":["/c/en/ban","/c/en/censor","/c/en/roman","/c/en/eros"],"weight":0.21512999999999946},"num_concepts_raised":41643},{"base_id":970,"kind":"bot_words","i1":2,"i2":3,"sol":{"path":["/c/en/manageability","/c/fr/obéissance","/c/fr/action","/c/en/switzerland","/c/en/savoy"],"weight":0.2107199999999998},"num_concepts_raised":7248},{"base_id":970,"kind":"bot_words","i1":2,"i2":4,"sol":{"path":["/c/en/manageability","/c/en/manage","/c/en/undertaker","/c/en/hell","/c/en/hellen"],"weight":0.2082299999999998},"num_concepts_raised":3163},{"base_id":970,"kind":"bot_words","i1":2,"i2":5,"sol":{"path":["/c/en/manageability","/c/fr/docilité","/c/fr/soumission","/c/en/order","/c/en/chronology"],"weight":0.2073999999999998},"num_concepts_raised":12473},{"base_id":970,"kind":"bot_words","i1":2,"i2":6,"sol":{"path":["/c/en/manageability","/c/en/manage","/c/en/frame","/c/en/year","/c/en/biennium"],"weight":0.2028899999999999},"num_concepts_raised":4187},{"base_id":970,"kind":"bot_words","i1":2,"i2":7,"sol":{"path":["/c/en/manageability","/c/en/manage","/c/en/deal","/c/en/lot","/c/en/alot"],"weight":0.20993999999999988},"num_concepts_raised":19539},{"base_id":970,"kind":"bot_words","i1":2,"i2":8,"sol":{"path":["/c/en/manageability","/c/en/tractability","/c/en/trait","/c/en/beauty","/c/en/aestheticism"],"weight":0.20857999999999993},"num_concepts_raised":2729},{"base_id":970,"kind":"bot_words","i1":2,"i2":9,"sol":{"path":["/c/en/manageability","/c/fr/obéissance","/c/en/respect","/c/en/love","/c/en/eros"],"weight":0.21396000000000004},"num_concepts_raised":9311},{"base_id":970,"kind":"bot_words","i1":3,"i2":4,"sol":{"path":["/c/en/savoy","/c/en/europe","/c/en/european","/c/en/hellene","/c/en/hellen"],"weight":0.21615999999999974},"num_concepts_raised":8505},{"base_id":970,"kind":"bot_words","i1":3,"i2":5,"sol":{"path":["/c/en/savoy","/c/en/country","/c/en/order","/c/en/chronology"],"weight":0.21106999999999976},"num_concepts_raised":17771},{"base_id":970,"kind":"bot_words","i1":3,"i2":6,"sol":{"path":["/c/en/savoy","/c/en/europe","/c/en/bittercress","/c/en/biennial","/c/en/biennium"],"weight":0.20958999999999983},"num_concepts_raised":9541},{"base_id":970,"kind":"bot_words","i1":3,"i2":7,"sol":{"path":["/c/en/savoy","/c/en/france","/c/en/lot","/c/en/alot"],"weight":0.21570999999999982},"num_concepts_raised":24654},{"base_id":970,"kind":"bot_words","i1":3,"i2":8,"sol":{"path":["/c/en/savoy","/c/en/country","/c/en/state","/c/en/beauty","/c/en/aestheticism"],"weight":0.21418999999999985},"num_concepts_raised":8083},{"base_id":970,"kind":"bot_words","i1":3,"i2":9,"sol":{"path":["/c/en/savoy","/c/en/country","/c/en/like","/c/en/love","/c/en/eros"],"weight":0.21773999999999996},"num_concepts_raised":14620},{"base_id":970,"kind":"bot_words","i1":4,"i2":5,"sol":{"path":["/c/en/hellen","/c/en/xuthus","/c/en/nation","/c/en/map","/c/en/chronology"],"weight":0.21152999999999977},"num_concepts_raised":13765},{"base_id":970,"kind":"bot_words","i1":4,"i2":6,"sol":{"path":["/c/en/hellen","/c/en/greek_mythology","/c/en/horae","/c/en/year","/c/en/biennium"],"weight":0.20821999999999985},"num_concepts_raised":5472},{"base_id":970,"kind":"bot_words","i1":4,"i2":7,"sol":{"path":["/c/en/hellen","/c/en/hellene","/c/en/european","/c/en/lot","/c/en/alot"],"weight":0.2173799999999998},"num_concepts_raised":20798},{"base_id":970,"kind":"bot_words","i1":4,"i2":8,"sol":{"path":["/c/en/hellen","/c/en/greek_mythology","/c/en/cassiopeia","/c/en/beauty","/c/en/aestheticism"],"weight":0.21372999999999986},"num_concepts_raised":4011},{"base_id":970,"kind":"bot_words","i1":4,"i2":9,"sol":{"path":["/c/en/hellen","/c/en/greek_mythology","/c/en/eros"],"weight":0.20600000000000002},"num_concepts_raised":159},{"base_id":970,"kind":"bot_words","i1":5,"i2":6,"sol":{"path":["/c/en/chronology","/c/en/time","/c/en/year","/c/en/biennium"],"weight":0.20559999999999984},"num_concepts_raised":14280},{"base_id":970,"kind":"bot_words","i1":5,"i2":7,"sol":{"path":["/c/en/chronology","/c/en/time","/c/en/person","/c/en/alot"],"weight":0.21050999999999984},"num_concepts_raised":29837},{"base_id":970,"kind":"bot_words","i1":5,"i2":8,"sol":{"path":["/c/en/chronology","/c/en/time","/c/en/art","/c/en/aesthetics","/c/en/aestheticism"],"weight":0.21310999999999988},"num_concepts_raised":13290},{"base_id":970,"kind":"bot_words","i1":5,"i2":9,"sol":{"path":["/c/en/chronology","/c/en/chronos","/c/en/greek_god","/c/en/eros"],"weight":0.21125},"num_concepts_raised":19824},{"base_id":970,"kind":"bot_words","i1":6,"i2":7,"sol":{"path":["/c/en/biennium","/c/en/biennial","/c/en/biannual","/c/en/proscribed","/c/en/alot"],"weight":0.2107899999999999},"num_concepts_raised":21784},{"base_id":970,"kind":"bot_words","i1":6,"i2":8,"sol":{"path":["/c/en/biennium","/c/en/year","/c/en/full","/c/en/beauty","/c/en/aestheticism"],"weight":0.20834999999999995},"num_concepts_raised":5034},{"base_id":970,"kind":"bot_words","i1":6,"i2":9,"sol":{"path":["/c/en/biennium","/c/en/biennial","/c/en/two","/c/en/love","/c/en/eros"],"weight":0.21288000000000004},"num_concepts_raised":11597},{"base_id":970,"kind":"bot_words","i1":7,"i2":8,"sol":{"path":["/c/en/alot","/c/en/person","/c/en/beauty","/c/en/aestheticism"],"weight":0.21331999999999993},"num_concepts_raised":20346},{"base_id":970,"kind":"bot_words","i1":7,"i2":9,"sol":{"path":["/c/en/alot","/c/en/city","/c/en/roman","/c/en/eros"],"weight":0.21470000000000006},"num_concepts_raised":26767},{"base_id":970,"kind":"bot_words","i1":8,"i2":9,"sol":{"path":["/c/en/aestheticism","/c/en/beauty","/c/en/aphrodite","/c/en/eros"],"weight":0.21530000000000007},"num_concepts_raised":10131}],[{"base_id":970,"kind":"top_words","i1":0,"i2":1,"sol":{"path":["/c/en/sukhoi","/c/en/company","/c/en/person","/c/en/philosopher","/c/en/thales"],"weight":0.21374999999999952},"num_concepts_raised":5658},{"base_id":970,"kind":"top_words","i1":0,"i2":2,"sol":{"path":["/c/en/sukhoi","/c/en/company","/c/en/airbus"],"weight":0.20600000000000002},"num_concepts_raised":151},{"base_id":970,"kind":"top_words","i1":0,"i2":3,"sol":{"path":["/c/en/sukhoi","/c/en/company","/c/en/large","/c/en/super"],"weight":0.2188199999999993},"num_concepts_raised":78750},{"base_id":970,"kind":"top_words","i1":0,"i2":4,"sol":{"path":["/c/en/sukhoi","/c/en/aircraft","/c/en/aeronautics","/c/en/aeronautic"],"weight":0.20930999999999986},"num_concepts_raised":5655},{"base_id":970,"kind":"top_words","i1":0,"i2":5,"sol":{"path":["/c/en/sukhoi","/c/en/aircraft","/c/en/fighter"],"weight":0.20600000000000002},"num_concepts_raised":348},{"base_id":970,"kind":"top_words","i1":0,"i2":6,"sol":{"path":["/c/en/sukhoi","/c/en/aircraft","/c/en/aerospace"],"weight":0.20400000000000001},"num_concepts_raised":122},{"base_id":970,"kind":"top_words","i1":0,"i2":7,"sol":{"path":["/c/en/sukhoi","/c/en/company","/c/en/country","/c/en/lebanon","/c/en/hizballah"],"weight":0.20803999999999975},"num_concepts_raised":5218},{"base_id":970,"kind":"top_words","i1":0,"i2":8,"sol":{"path":["/c/en/sukhoi","/c/en/company","/c/en/illusion","/c/en/mirage"],"weight":0.2212299999999999},"num_concepts_raised":14741},{"base_id":970,"kind":"top_words","i1":0,"i2":9,"sol":{"path":["/c/en/sukhoi","/c/en/aircraft","/c/en/bomb","/c/en/weapon","/c/en/famas"],"weight":0.21520999999999968},"num_concepts_raised":6223},{"base_id":970,"kind":"top_words","i1":1,"i2":2,"sol":{"path":["/c/en/thales","/c/en/anaximander","/c/en/anaximenes","/c/en/air","/c/en/airbus"],"weight":0.21482999999999947},"num_concepts_raised":9035},{"base_id":970,"kind":"top_words","i1":1,"i2":3,"sol":{"path":["/c/en/thales","/c/en/philosopher","/c/en/atom","/c/en/large","/c/en/super"],"weight":0.21925999999999912},"num_concepts_raised":75971},{"base_id":970,"kind":"top_words","i1":1,"i2":4,"sol":{"path":["/c/en/thales","/c/en/pythagoras","/c/en/mathematics","/c/en/aeronautics","/c/en/aeronautic"],"weight":0.20971999999999968},"num_concepts_raised":2426},{"base_id":970,"kind":"top_words","i1":1,"i2":5,"sol":{"path":["/c/en/thales","/c/en/philosopher","/c/en/person","/c/en/warrior","/c/en/fighter"],"weight":0.2204699999999992},"num_concepts_raised":22072},{"base_id":970,"kind":"top_words","i1":1,"i2":6,"sol":{"path":["/c/en/thales","/c/en/philosopher","/c/en/science","/c/en/aerospace"],"weight":0.2091599999999995},"num_concepts_raised":13111},{"base_id":970,"kind":"top_words","i1":1,"i2":7,"sol":{"path":["/c/en/thales","/c/en/philosopher","/c/en/person","/c/en/terrorism","/c/en/hizballah"],"weight":0.20846999999999957},"num_concepts_raised":1876},{"base_id":970,"kind":"top_words","i1":1,"i2":8,"sol":{"path":["/c/en/thales","/c/en/philosopher","/c/en/person","/c/en/ghost","/c/en/mirage"],"weight":0.21720999999999974},"num_concepts_raised":11503},{"base_id":970,"kind":"top_words","i1":1,"i2":9,"sol":{"path":["/c/en/thales","/c/en/philosopher","/c/en/person","/c/en/arm","/c/en/weapon","/c/en/famas"],"weight":0.219283899999999},"num_concepts_raised":241508},{"base_id":970,"kind":"top_words","i1":2,"i2":3,"sol":{"path":["/c/en/airbus","/c/en/company","/c/en/large","/c/en/super"],"weight":0.21980999999999926},"num_concepts_raised":81730},{"base_id":970,"kind":"top_words","i1":2,"i2":4,"sol":{"path":["/c/en/airbus","/c/en/aircraft","/c/en/aeronautics","/c/en/aeronautic"],"weight":0.2103299999999998},"num_concepts_raised":8992},{"base_id":970,"kind":"top_words","i1":2,"i2":5,"sol":{"path":["/c/en/airbus","/c/en/aircraft","/c/en/fighter"],"weight":0.20600000000000002},"num_concepts_raised":402},{"base_id":970,"kind":"top_words","i1":2,"i2":6,"sol":{"path":["/c/en/airbus","/c/en/aircraft","/c/en/aerospace"],"weight":0.20400000000000001},"num_concepts_raised":177},{"base_id":970,"kind":"top_words","i1":2,"i2":7,"sol":{"path":["/c/en/airbus","/c/en/air","/c/en/person","/c/en/terrorism","/c/en/hizballah"],"weight":0.20907999999999968},"num_concepts_raised":8594},{"base_id":970,"kind":"top_words","i1":2,"i2":8,"sol":{"path":["/c/en/airbus","/c/en/company","/c/en/illusion","/c/en/mirage"],"weight":0.22221999999999986},"num_concepts_raised":17947},{"base_id":970,"kind":"top_words","i1":2,"i2":9,"sol":{"path":["/c/en/airbus","/c/en/air","/c/en/arm","/c/en/weapon","/c/en/famas"],"weight":0.21626999999999963},"num_concepts_raised":9584},{"base_id":970,"kind":"top_words","i1":3,"i2":4,"sol":{"path":["/c/en/super","/c/en/physics","/c/en/aeronautics","/c/en/aeronautic"],"weight":0.2125499999999995},"num_concepts_raised":75971},{"base_id":970,"kind":"top_words","i1":3,"i2":5,"sol":{"path":["/c/en/super","/c/en/excellent","/c/en/champion","/c/en/fighter"],"weight":0.222849999999999},"num_concepts_raised":93114},{"base_id":970,"kind":"top_words","i1":3,"i2":6,"sol":{"path":["/c/en/super","/c/en/large","/c/en/earth","/c/en/aerospace"],"weight":0.2142199999999993},"num_concepts_raised":85384},{"base_id":970,"kind":"top_words","i1":3,"i2":7,"sol":{"path":["/c/en/super","/c/la/super","/c/en/sur","/c/en/lebanon","/c/en/hizballah"],"weight":0.21572999999999937},"num_concepts_raised":75519},{"base_id":970,"kind":"top_words","i1":3,"i2":8,"sol":{"path":["/c/en/super","/c/en/hot","/c/en/mirage"],"weight":0.20600000000000002},"num_concepts_raised":428},{"base_id":970,"kind":"top_words","i1":3,"i2":9,"sol":{"path":["/c/en/super","/c/en/steel","/c/en/weapon","/c/en/famas"],"weight":0.21852999999999934},"num_concepts_raised":76368},{"base_id":970,"kind":"top_words","i1":4,"i2":5,"sol":{"path":["/c/en/aeronautic","/c/en/aeronautics","/c/en/aircraft","/c/en/fighter"],"weight":0.21328999999999954},"num_concepts_raised":22062},{"base_id":970,"kind":"top_words","i1":4,"i2":6,"sol":{"path":["/c/en/aeronautic","/c/en/aeronautics","/c/en/aerospace"],"weight":0.20400000000000001},"num_concepts_raised":95},{"base_id":970,"kind":"top_words","i1":4,"i2":7,"sol":{"path":["/c/en/aeronautic","/c/en/eads","/c/en/colorado","/c/en/lebanon","/c/en/hizballah"],"weight":0.20278999999999991},"num_concepts_raised":1986},{"base_id":970,"kind":"top_words","i1":4,"i2":8,"sol":{"path":["/c/en/aeronautic","/c/en/eads","/c/en/company","/c/en/illusion","/c/en/mirage"],"weight":0.21598000000000006},"num_concepts_raised":11583},{"base_id":970,"kind":"top_words","i1":4,"i2":9,"sol":{"path":["/c/en/aeronautic","/c/en/navigation","/c/en/scud","/c/en/weapon","/c/en/famas"],"weight":0.20996999999999988},"num_concepts_raised":3002},{"base_id":970,"kind":"top_words","i1":5,"i2":6,"sol":{"path":["/c/en/fighter","/c/en/aircraft","/c/en/aerospace"],"weight":0.20400000000000001},"num_concepts_raised":373},{"base_id":970,"kind":"top_words","i1":5,"i2":7,"sol":{"path":["/c/en/fighter","/c/en/warrior","/c/en/war","/c/en/terrorism","/c/en/hizballah"],"weight":0.21480999999999942},"num_concepts_raised":21614},{"base_id":970,"kind":"top_words","i1":5,"i2":8,"sol":{"path":["/c/en/fighter","/c/en/fighter_plane","/c/en/mirage"],"weight":0.20600000000000002},"num_concepts_raised":481},{"base_id":970,"kind":"top_words","i1":5,"i2":9,"sol":{"path":["/c/en/fighter","/c/en/combat","/c/en/weapon","/c/en/famas"],"weight":0.2190399999999994},"num_concepts_raised":22456},{"base_id":970,"kind":"top_words","i1":6,"i2":7,"sol":{"path":["/c/en/aerospace","/c/en/science","/c/en/political","/c/en/hezbollah","/c/en/hizballah"],"weight":0.20466999999999974},"num_concepts_raised":12678},{"base_id":970,"kind":"top_words","i1":6,"i2":8,"sol":{"path":["/c/en/aerospace","/c/en/earth","/c/en/water","/c/en/mirage"],"weight":0.21217999999999992},"num_concepts_raised":22003},{"base_id":970,"kind":"top_words","i1":6,"i2":9,"sol":{"path":["/c/en/aerospace","/c/en/missile","/c/en/weapon","/c/en/famas"],"weight":0.2105999999999997},"num_concepts_raised":13643},{"base_id":970,"kind":"top_words","i1":7,"i2":8,"sol":{"path":["/c/en/hizballah","/c/en/terrorism","/c/en/fear","/c/fa/وهم","/c/en/mirage"],"weight":0.21150999999999998},"num_concepts_raised":11065},{"base_id":970,"kind":"top_words","i1":7,"i2":9,"sol":{"path":["/c/en/hizballah","/c/en/terrorism","/c/en/weapons","/c/en/weapon","/c/en/famas"],"weight":0.20991999999999975},"num_concepts_raised":2450},{"base_id":970,"kind":"top_words","i1":8,"i2":9,"sol":{"path":["/c/en/mirage","/c/en/hot","/c/en/weapon","/c/en/famas"],"weight":0.21857999999999994},"num_concepts_raised":12050}]]