[[{"base_id":527,"kind":"bot_words","i1":0,"i2":1,"sol":{"path":["/c/en/mandopop","/c/en/music_genre","/c/en/metal","/c/en/occlusion","/c/en/malocclusion"],"weight":0.21055},"num_concepts_raised":5029},{"base_id":527,"kind":"bot_words","i1":0,"i2":2,"sol":{"path":["/c/en/mandopop","/c/en/k_pop","/c/en/cooking","/c/en/spatula","/c/en/scraper"],"weight":0.21148999999999984},"num_concepts_raised":4704},{"base_id":527,"kind":"bot_words","i1":0,"i2":3,"sol":{"path":["/c/en/mandopop","/c/en/k_pop","/c/en/j","/c/en/nonstandard"],"weight":0.23105999999999205},"num_concepts_raised":63137},{"base_id":527,"kind":"bot_words","i1":0,"i2":4,"sol":{"path":["/c/en/mandopop","/c/en/k_pop","/c/en/bling_bling","/c/en/gold","/c/en/prospector"],"weight":0.21121999999999994},"num_concepts_raised":11413},{"base_id":527,"kind":"bot_words","i1":0,"i2":5,"sol":{"path":["/c/en/mandopop","/c/en/music_genre","/c/en/genre","/c/en/class","/c/en/trilobite"],"weight":0.21692999999999973},"num_concepts_raised":7231},{"base_id":527,"kind":"bot_words","i1":0,"i2":6,"sol":{"path":["/c/en/mandopop","/c/en/miss","/c/en/obtain","/c/en/snaffle"],"weight":0.20856999999999984},"num_concepts_raised":9819},{"base_id":527,"kind":"bot_words","i1":0,"i2":7,"sol":{"path":["/c/en/mandopop","/c/en/tank","/c/en/people","/c/en/website","/c/en/wikisource"],"weight":0.21376999999999974},"num_concepts_raised":3681},{"base_id":527,"kind":"bot_words","i1":0,"i2":8,"sol":{"path":["/c/en/mandopop","/c/en/mandarin","/c/fr/linguistique","/c/en/ojibwe"],"weight":0.21399999999999975},"num_concepts_raised":13779},{"base_id":527,"kind":"bot_words","i1":0,"i2":9,"sol":{"path":["/c/en/mandopop","/c/en/twins","/c/en/mineralogy","/c/en/rutile"],"weight":0.21470999999999998},"num_concepts_raised":12970},{"base_id":527,"kind":"bot_words","i1":1,"i2":2,"sol":{"path":["/c/en/malocclusion","/c/en/dentistry","/c/en/surgery","/c/fi/kaavin","/c/en/scraper"],"weight":0.2048099999999998},"num_concepts_raised":4078},{"base_id":527,"kind":"bot_words","i1":1,"i2":3,"sol":{"path":["/c/en/malocclusion","/c/la/malus","/c/en/standard","/c/en/nonstandard"],"weight":0.22558999999999202},"num_concepts_raised":62596},{"base_id":527,"kind":"bot_words","i1":1,"i2":4,"sol":{"path":["/c/en/malocclusion","/c/en/overbite","/c/en/acid","/c/en/sourdough","/c/en/prospector"],"weight":0.20547999999999988},"num_concepts_raised":10776},{"base_id":527,"kind":"bot_words","i1":1,"i2":5,"sol":{"path":["/c/en/malocclusion","/c/en/overbite","/c/en/acid","/c/en/class","/c/en/trilobite"],"weight":0.2113899999999997},"num_concepts_raised":6591},{"base_id":527,"kind":"bot_words","i1":1,"i2":6,"sol":{"path":["/c/en/malocclusion","/c/en/teeth","/c/en/bit","/c/en/snaffle"],"weight":0.2041699999999998},"num_concepts_raised":9190},{"base_id":527,"kind":"bot_words","i1":1,"i2":7,"sol":{"path":["/c/en/malocclusion","/c/en/teeth","/c/en/people","/c/en/website","/c/en/wikisource"],"weight":0.20826999999999968},"num_concepts_raised":3049},{"base_id":527,"kind":"bot_words","i1":1,"i2":8,"sol":{"path":["/c/en/malocclusion","/c/en/dentistry","/c/en/crown","/c/en/canada","/c/en/ojibwe"],"weight":0.20860999999999974},"num_concepts_raised":13165},{"base_id":527,"kind":"bot_words","i1":1,"i2":9,"sol":{"path":["/c/en/malocclusion","/c/en/occlusion","/c/en/metal","/c/en/mineral","/c/en/rutile"],"weight":0.2113899999999999},"num_concepts_raised":12339},{"base_id":527,"kind":"bot_words","i1":2,"i2":3,"sol":{"path":["/c/en/scraper","/c/en/limp","/c/en/irregular","/c/en/nonstandard"],"weight":0.22428999999999186},"num_concepts_raised":62315},{"base_id":527,"kind":"bot_words","i1":2,"i2":4,"sol":{"path":["/c/en/scraper","/c/en/limp","/c/en/ore","/c/en/gold","/c/en/prospector"],"weight":0.20444999999999974},"num_concepts_raised":10461},{"base_id":527,"kind":"bot_words","i1":2,"i2":5,"sol":{"path":["/c/en/scraper","/c/no/slikkepott","/c/en/anatomy","/c/en/lobe","/c/en/trilobite"],"weight":0.21220999999999954},"num_concepts_raised":6280},{"base_id":527,"kind":"bot_words","i1":2,"i2":6,"sol":{"path":["/c/en/scraper","/c/fr/grattoir","/c/fr/copeau","/c/en/bit","/c/en/snaffle"],"weight":0.20709999999999967},"num_concepts_raised":8856},{"base_id":527,"kind":"bot_words","i1":2,"i2":7,"sol":{"path":["/c/en/scraper","/c/en/scrape","/c/en/stub","/c/fr/wiki","/c/en/wikisource"],"weight":0.20918999999999954},"num_concepts_raised":2730},{"base_id":527,"kind":"bot_words","i1":2,"i2":8,"sol":{"path":["/c/en/scraper","/c/cs/špachtle","/c/en/us","/c/en/chippewa","/c/en/ojibwe"],"weight":0.2115099999999996},"num_concepts_raised":12854},{"base_id":527,"kind":"bot_words","i1":2,"i2":9,"sol":{"path":["/c/en/scraper","/c/en/spatula","/c/en/chemical","/c/en/mineral","/c/en/rutile"],"weight":0.21224999999999977},"num_concepts_raised":12025},{"base_id":527,"kind":"bot_words","i1":3,"i2":4,"sol":{"path":["/c/en/nonstandard","/c/en/south_africa","/c/en/mineral","/c/en/prospector"],"weight":0.22394999999999193},"num_concepts_raised":68971},{"base_id":527,"kind":"bot_words","i1":3,"i2":5,"sol":{"path":["/c/en/nonstandard","/c/en/what","/c/en/class","/c/en/trilobite"],"weight":0.22991999999999174},"num_concepts_raised":64533},{"base_id":527,"kind":"bot_words","i1":3,"i2":6,"sol":{"path":["/c/en/nonstandard","/c/en/standard","/c/en/devious","/c/en/snaffle"],"weight":0.22575999999999186},"num_concepts_raised":66993},{"base_id":527,"kind":"bot_words","i1":3,"i2":7,"sol":{"path":["/c/en/nonstandard","/c/en/revert","/c/fr/wiki","/c/en/wikisource"],"weight":0.22876999999999173},"num_concepts_raised":61443},{"base_id":527,"kind":"bot_words","i1":3,"i2":8,"sol":{"path":["/c/en/nonstandard","/c/en/language","/c/en/algonquin","/c/en/ojibwe"],"weight":0.23128999999999178},"num_concepts_raised":70693},{"base_id":527,"kind":"bot_words","i1":3,"i2":9,"sol":{"path":["/c/en/nonstandard","/c/en/south_africa","/c/en/mineral","/c/en/rutile"],"weight":0.231839999999992},"num_concepts_raised":70653},{"base_id":527,"kind":"bot_words","i1":4,"i2":5,"sol":{"path":["/c/en/prospector","/c/en/gold","/c/en/first","/c/en/class","/c/en/trilobite"],"weight":0.2099799999999996},"num_concepts_raised":12987},{"base_id":527,"kind":"bot_words","i1":4,"i2":6,"sol":{"path":["/c/en/prospector","/c/en/gold","/c/en/piece","/c/en/bit","/c/en/snaffle"],"weight":0.20490999999999976},"num_concepts_raised":15586},{"base_id":527,"kind":"bot_words","i1":4,"i2":7,"sol":{"path":["/c/en/prospector","/c/en/mine_for_gold","/c/en/people","/c/en/website","/c/en/wikisource"],"weight":0.20878999999999961},"num_concepts_raised":9448},{"base_id":527,"kind":"bot_words","i1":4,"i2":8,"sol":{"path":["/c/en/prospector","/c/en/mineral","/c/en/michigan","/c/en/chippewa","/c/en/ojibwe"],"weight":0.21117999999999965},"num_concepts_raised":19554},{"base_id":527,"kind":"bot_words","i1":4,"i2":9,"sol":{"path":["/c/en/prospector","/c/en/mineral","/c/en/rutile"],"weight":0.20500000000000002},"num_concepts_raised":127},{"base_id":527,"kind":"bot_words","i1":5,"i2":6,"sol":{"path":["/c/en/trilobite","/c/en/cheek","/c/en/bit","/c/en/snaffle"],"weight":0.21062999999999954},"num_concepts_raised":11370},{"base_id":527,"kind":"bot_words","i1":5,"i2":7,"sol":{"path":["/c/en/trilobite","/c/en/class","/c/en/people","/c/en/website","/c/en/wikisource"],"weight":0.21472999999999942},"num_concepts_raised":5257},{"base_id":527,"kind":"bot_words","i1":5,"i2":8,"sol":{"path":["/c/en/trilobite","/c/en/extinct","/c/en/wampanoag","/c/en/algonquin","/c/en/ojibwe"],"weight":0.21705999999999945},"num_concepts_raised":15353},{"base_id":527,"kind":"bot_words","i1":5,"i2":9,"sol":{"path":["/c/en/trilobite","/c/fr/trilobite","/c/fr/histoire_naturelle","/c/fr/minéralogie","/c/en/rutile"],"weight":0.22000999999999965},"num_concepts_raised":14542},{"base_id":527,"kind":"bot_words","i1":6,"i2":7,"sol":{"path":["/c/en/snaffle","/c/en/bit","/c/en/computers","/c/en/digital_library","/c/en/wikisource"],"weight":0.20959999999999954},"num_concepts_raised":7871},{"base_id":527,"kind":"bot_words","i1":6,"i2":8,"sol":{"path":["/c/en/snaffle","/c/en/bit","/c/en/canada","/c/en/ojibwe"],"weight":0.20986999999999958},"num_concepts_raised":17961},{"base_id":527,"kind":"bot_words","i1":6,"i2":9,"sol":{"path":["/c/en/snaffle","/c/en/bit","/c/en/metal","/c/en/mineral","/c/en/rutile"],"weight":0.21264999999999978},"num_concepts_raised":17161},{"base_id":527,"kind":"bot_words","i1":7,"i2":8,"sol":{"path":["/c/en/wikisource","/c/en/digital_library","/c/en/library","/c/en/canada","/c/en/ojibwe"],"weight":0.21395999999999946},"num_concepts_raised":11814},{"base_id":527,"kind":"bot_words","i1":7,"i2":9,"sol":{"path":["/c/en/wikisource","/c/en/website","/c/en/base","/c/en/iron","/c/en/mineral","/c/en/rutile"],"weight":0.22461409999999885},"num_concepts_raised":266651},{"base_id":527,"kind":"bot_words","i1":8,"i2":9,"sol":{"path":["/c/en/ojibwe","/c/en/polysynthetic","/c/en/mineralogy","/c/en/rutile"],"weight":0.21486999999999973},"num_concepts_raised":21105}],[{"base_id":527,"kind":"top_words","i1":0,"i2":1,"sol":{"path":["/c/en/coadjutor","/c/en/bishop","/c/en/roman_catholic","/c/en/nuncio"],"weight":0.20335999999999985},"num_concepts_raised":12691},{"base_id":527,"kind":"top_words","i1":0,"i2":2,"sol":{"path":["/c/en/coadjutor","/c/en/bishop","/c/en/title","/c/en/titular"],"weight":0.20311999999999975},"num_concepts_raised":5241},{"base_id":527,"kind":"top_words","i1":0,"i2":3,"sol":{"path":["/c/en/coadjutor","/c/en/bishop","/c/en/archbishop"],"weight":0.20500000000000002},"num_concepts_raised":190},{"base_id":527,"kind":"top_words","i1":0,"i2":4,"sol":{"path":["/c/en/coadjutor","/c/en/bishop","/c/en/prelate"],"weight":0.202},"num_concepts_raised":99},{"base_id":527,"kind":"top_words","i1":0,"i2":5,"sol":{"path":["/c/en/coadjutor","/c/en/ecclesiastical","/c/en/archbishopric"],"weight":0.202},"num_concepts_raised":69},{"base_id":527,"kind":"top_words","i1":0,"i2":6,"sol":{"path":["/c/en/coadjutor","/c/en/bishop"],"weight":0.20600000000000002},"num_concepts_raised":691},{"base_id":527,"kind":"top_words","i1":0,"i2":7,"sol":{"path":["/c/en/coadjutor","/c/en/bishop","/c/en/christianity","/c/en/patriarchate"],"weight":0.20296999999999993},"num_concepts_raised":4850},{"base_id":527,"kind":"top_words","i1":0,"i2":8,"sol":{"path":["/c/en/coadjutor","/c/en/bishop","/c/en/autocephality","/c/en/autocephalous"],"weight":0.20396999999999993},"num_concepts_raised":5567},{"base_id":527,"kind":"top_words","i1":0,"i2":9,"sol":{"path":["/c/en/coadjutor","/c/en/bishop","/c/en/bishopric"],"weight":0.203},"num_concepts_raised":79},{"base_id":527,"kind":"top_words","i1":1,"i2":2,"sol":{"path":["/c/en/nuncio","/c/en/title","/c/en/titular"],"weight":0.202},"num_concepts_raised":113},{"base_id":527,"kind":"top_words","i1":1,"i2":3,"sol":{"path":["/c/en/nuncio","/c/en/roman_catholic_church","/c/en/archbishop"],"weight":0.20400000000000001},"num_concepts_raised":228},{"base_id":527,"kind":"top_words","i1":1,"i2":4,"sol":{"path":["/c/en/nuncio","/c/fr/nonce","/c/fr/prélat","/c/en/prelate"],"weight":0.20747},"num_concepts_raised":21229},{"base_id":527,"kind":"top_words","i1":1,"i2":5,"sol":{"path":["/c/en/nuncio","/c/en/roman_catholic_church","/c/en/archbishop","/c/en/archbishopric"],"weight":0.2048199999999999},"num_concepts_raised":17932},{"base_id":527,"kind":"top_words","i1":1,"i2":6,"sol":{"path":["/c/en/nuncio","/c/en/dean","/c/en/bishop"],"weight":0.20600000000000002},"num_concepts_raised":729},{"base_id":527,"kind":"top_words","i1":1,"i2":7,"sol":{"path":["/c/en/nuncio","/c/en/history","/c/en/patriarchy","/c/en/patriarchate"],"weight":0.20480999999999994},"num_concepts_raised":14373},{"base_id":527,"kind":"top_words","i1":1,"i2":8,"sol":{"path":["/c/en/nuncio","/c/en/internuncio","/c/en/pope","/c/en/autocephalous"],"weight":0.20459999999999995},"num_concepts_raised":15045},{"base_id":527,"kind":"top_words","i1":1,"i2":9,"sol":{"path":["/c/en/nuncio","/c/en/roman_catholic","/c/en/bishop","/c/en/bishopric"],"weight":0.20531999999999997},"num_concepts_raised":17316},{"base_id":527,"kind":"top_words","i1":2,"i2":3,"sol":{"path":["/c/en/titular","/c/en/title","/c/en/bishop","/c/en/archbishop"],"weight":0.2146800000000002},"num_concepts_raised":12348},{"base_id":527,"kind":"top_words","i1":2,"i2":4,"sol":{"path":["/c/en/titular","/c/en/title","/c/en/bishop","/c/en/prelate"],"weight":0.20440999999999993},"num_concepts_raised":14028},{"base_id":527,"kind":"top_words","i1":2,"i2":5,"sol":{"path":["/c/en/titular","/c/en/title","/c/en/rank","/c/en/archbishopric"],"weight":0.2034699999999998},"num_concepts_raised":10558},{"base_id":527,"kind":"top_words","i1":2,"i2":6,"sol":{"path":["/c/en/titular","/c/en/title","/c/en/bishop"],"weight":0.20600000000000002},"num_concepts_raised":721},{"base_id":527,"kind":"top_words","i1":2,"i2":7,"sol":{"path":["/c/en/titular","/c/fr/titulaire","/c/fr/dignité","/c/fr/patriarcat","/c/en/patriarchate"],"weight":0.20436999999999983},"num_concepts_raised":6914},{"base_id":527,"kind":"top_words","i1":2,"i2":8,"sol":{"path":["/c/en/titular","/c/en/title","/c/en/pope","/c/en/autocephalous"],"weight":0.20332999999999984},"num_concepts_raised":7648},{"base_id":527,"kind":"top_words","i1":2,"i2":9,"sol":{"path":["/c/en/titular","/c/en/title","/c/en/bishop","/c/en/bishopric"],"weight":0.2050799999999999},"num_concepts_raised":9918},{"base_id":527,"kind":"top_words","i1":3,"i2":4,"sol":{"path":["/c/en/archbishop","/c/en/prelate"],"weight":0.20400000000000001},"num_concepts_raised":238},{"base_id":527,"kind":"top_words","i1":3,"i2":5,"sol":{"path":["/c/en/archbishop","/c/en/archbishopric"],"weight":0.20600000000000002},"num_concepts_raised":204},{"base_id":527,"kind":"top_words","i1":3,"i2":6,"sol":{"path":["/c/en/archbishop","/c/en/bishop"],"weight":0.21000000000000002},"num_concepts_raised":819},{"base_id":527,"kind":"top_words","i1":3,"i2":7,"sol":{"path":["/c/en/archbishop","/c/en/archdiocese","/c/en/christianity","/c/en/patriarchate"],"weight":0.2165900000000004},"num_concepts_raised":11782},{"base_id":527,"kind":"top_words","i1":3,"i2":8,"sol":{"path":["/c/en/archbishop","/c/en/episcopal","/c/en/autocephalous"],"weight":0.20400000000000001},"num_concepts_raised":196},{"base_id":527,"kind":"top_words","i1":3,"i2":9,"sol":{"path":["/c/en/archbishop","/c/en/bishopric"],"weight":0.20400000000000001},"num_concepts_raised":217},{"base_id":527,"kind":"top_words","i1":4,"i2":5,"sol":{"path":["/c/en/prelate","/c/en/archbishop","/c/en/archbishopric"],"weight":0.203},"num_concepts_raised":120},{"base_id":527,"kind":"top_words","i1":4,"i2":6,"sol":{"path":["/c/en/prelate","/c/en/bishop"],"weight":0.20600000000000002},"num_concepts_raised":735},{"base_id":527,"kind":"top_words","i1":4,"i2":7,"sol":{"path":["/c/en/prelate","/c/en/jurisdiction","/c/en/patriarchate"],"weight":0.202},"num_concepts_raised":106},{"base_id":527,"kind":"top_words","i1":4,"i2":8,"sol":{"path":["/c/en/prelate","/c/en/jurisdiction","/c/en/autocephalous"],"weight":0.202},"num_concepts_raised":105},{"base_id":527,"kind":"top_words","i1":4,"i2":9,"sol":{"path":["/c/en/prelate","/c/en/bishop","/c/en/bishopric"],"weight":0.203},"num_concepts_raised":130},{"base_id":527,"kind":"top_words","i1":5,"i2":6,"sol":{"path":["/c/en/archbishopric","/c/en/archbishop","/c/en/bishop"],"weight":0.20800000000000002},"num_concepts_raised":711},{"base_id":527,"kind":"top_words","i1":5,"i2":7,"sol":{"path":["/c/en/archbishopric","/c/en/jurisdiction","/c/en/patriarchate"],"weight":0.202},"num_concepts_raised":76},{"base_id":527,"kind":"top_words","i1":5,"i2":8,"sol":{"path":["/c/en/archbishopric","/c/en/jurisdiction","/c/en/autocephalous"],"weight":0.202},"num_concepts_raised":75},{"base_id":527,"kind":"top_words","i1":5,"i2":9,"sol":{"path":["/c/en/archbishopric","/c/en/bishopric"],"weight":0.20400000000000001},"num_concepts_raised":97},{"base_id":527,"kind":"top_words","i1":6,"i2":7,"sol":{"path":["/c/en/bishop","/c/en/christianity","/c/en/patriarchate"],"weight":0.20700000000000002},"num_concepts_raised":699},{"base_id":527,"kind":"top_words","i1":6,"i2":8,"sol":{"path":["/c/en/bishop","/c/en/pope","/c/en/autocephalous"],"weight":0.20800000000000002},"num_concepts_raised":696},{"base_id":527,"kind":"top_words","i1":6,"i2":9,"sol":{"path":["/c/en/bishop","/c/en/bishopric"],"weight":0.20800000000000002},"num_concepts_raised":716},{"base_id":527,"kind":"top_words","i1":7,"i2":8,"sol":{"path":["/c/en/patriarchate","/c/en/christianity","/c/en/autocephalous"],"weight":0.202},"num_concepts_raised":59},{"base_id":527,"kind":"top_words","i1":7,"i2":9,"sol":{"path":["/c/en/patriarchate","/c/en/jurisdiction","/c/en/diocese","/c/en/bishopric"],"weight":0.20521000000000006},"num_concepts_raised":9526},{"base_id":527,"kind":"top_words","i1":8,"i2":9,"sol":{"path":["/c/en/autocephalous","/c/en/autocephality","/c/en/bishop","/c/en/bishopric"],"weight":0.20593000000000006},"num_concepts_raised":10234}]]