[[{"base_id":331,"kind":"bot_words","i1":0,"i2":1,"sol":{"path":["/c/en/amphitheater","/c/en/us","/c/en/calculate","/c/en/calculation","/c/en/miscalculation"],"weight":0.2047399999999997},"num_concepts_raised":20089},{"base_id":331,"kind":"bot_words","i1":0,"i2":2,"sol":{"path":["/c/en/amphitheater","/c/en/backdrop","/c/en/photograph","/c/en/photogenic"],"weight":0.20366999999999974},"num_concepts_raised":26883},{"base_id":331,"kind":"bot_words","i1":0,"i2":3,"sol":{"path":["/c/en/amphitheater","/c/en/bowl","/c/en/game","/c/en/gamepad"],"weight":0.20841999999999977},"num_concepts_raised":21411},{"base_id":331,"kind":"bot_words","i1":0,"i2":4,"sol":{"path":["/c/en/amphitheater","/c/en/us","/c/en/two","/c/pt/bianualmente","/c/en/biennially"],"weight":0.20408999999999988},"num_concepts_raised":18591},{"base_id":331,"kind":"bot_words","i1":0,"i2":5,"sol":{"path":["/c/en/amphitheater","/c/en/us","/c/en/crab","/c/en/complain"],"weight":0.20983999999999892},"num_concepts_raised":45041},{"base_id":331,"kind":"bot_words","i1":0,"i2":6,"sol":{"path":["/c/en/amphitheater","/c/en/circular","/c/en/moving","/c/en/stimulating"],"weight":0.20537999999999973},"num_concepts_raised":22719},{"base_id":331,"kind":"bot_words","i1":0,"i2":7,"sol":{"path":["/c/en/amphitheater","/c/en/us","/c/en/plant","/c/en/pinguicula","/c/en/butterwort"],"weight":0.20415999999999979},"num_concepts_raised":20956},{"base_id":331,"kind":"bot_words","i1":0,"i2":8,"sol":{"path":["/c/en/amphitheater","/c/en/us","/c/en/rock","/c/en/diopside"],"weight":0.20857999999999968},"num_concepts_raised":28348},{"base_id":331,"kind":"bot_words","i1":0,"i2":9,"sol":{"path":["/c/en/amphitheater","/c/en/us","/c/en/toll","/c/en/tollgate"],"weight":0.2043099999999998},"num_concepts_raised":19958},{"base_id":331,"kind":"bot_words","i1":1,"i2":2,"sol":{"path":["/c/en/miscalculation","/c/en/calculation","/c/en/lumen_method","/c/en/light","/c/en/photogenic"],"weight":0.20497999999999977},"num_concepts_raised":10366},{"base_id":331,"kind":"bot_words","i1":1,"i2":3,"sol":{"path":["/c/en/miscalculation","/c/en/backfire","/c/en/fire","/c/en/joypad","/c/en/gamepad"],"weight":0.2107299999999998},"num_concepts_raised":4859},{"base_id":331,"kind":"bot_words","i1":1,"i2":4,"sol":{"path":["/c/en/miscalculation","/c/en/backfire","/c/en/happen","/c/en/biennial","/c/en/biennially"],"weight":0.2033099999999999},"num_concepts_raised":1865},{"base_id":331,"kind":"bot_words","i1":1,"i2":5,"sol":{"path":["/c/en/miscalculation","/c/en/mistake","/c/en/doryphore","/c/en/complain"],"weight":0.20996999999999894},"num_concepts_raised":28853},{"base_id":331,"kind":"bot_words","i1":1,"i2":6,"sol":{"path":["/c/en/miscalculation","/c/en/calculation","/c/en/math","/c/en/interesting","/c/en/stimulating"],"weight":0.20673999999999979},"num_concepts_raised":6103},{"base_id":331,"kind":"bot_words","i1":1,"i2":7,"sol":{"path":["/c/en/miscalculation","/c/en/calculation","/c/en/division","/c/en/genus","/c/en/butterwort"],"weight":0.20432999999999982},"num_concepts_raised":4283},{"base_id":331,"kind":"bot_words","i1":1,"i2":8,"sol":{"path":["/c/en/miscalculation","/c/en/calculation","/c/en/calculus","/c/en/rock","/c/en/diopside"],"weight":0.20992999999999973},"num_concepts_raised":11734},{"base_id":331,"kind":"bot_words","i1":1,"i2":9,"sol":{"path":["/c/en/miscalculation","/c/en/calculation","/c/en/computing","/c/en/gate","/c/en/tollgate"],"weight":0.20454999999999984},"num_concepts_raised":3315},{"base_id":331,"kind":"bot_words","i1":2,"i2":3,"sol":{"path":["/c/en/photogenic","/c/en/light","/c/en/fire","/c/en/joypad","/c/en/gamepad"],"weight":0.21075999999999978},"num_concepts_raised":11797},{"base_id":331,"kind":"bot_words","i1":2,"i2":4,"sol":{"path":["/c/en/photogenic","/c/en/look","/c/en/two","/c/pt/bianualmente","/c/en/biennially"],"weight":0.20429999999999993},"num_concepts_raised":8863},{"base_id":331,"kind":"bot_words","i1":2,"i2":5,"sol":{"path":["/c/en/photogenic","/c/en/good","/c/en/pain","/c/en/complain"],"weight":0.21004999999999896},"num_concepts_raised":35552},{"base_id":331,"kind":"bot_words","i1":2,"i2":6,"sol":{"path":["/c/en/photogenic","/c/en/good","/c/en/strong","/c/en/stimulating"],"weight":0.2045899999999998},"num_concepts_raised":12975},{"base_id":331,"kind":"bot_words","i1":2,"i2":7,"sol":{"path":["/c/en/photogenic","/c/en/photograph","/c/en/graph","/c/en/genus","/c/en/butterwort"],"weight":0.20330999999999985},"num_concepts_raised":11274},{"base_id":331,"kind":"bot_words","i1":2,"i2":8,"sol":{"path":["/c/en/photogenic","/c/en/attractive","/c/en/affinity","/c/en/mineral","/c/en/diopside"],"weight":0.21194999999999975},"num_concepts_raised":18685},{"base_id":331,"kind":"bot_words","i1":2,"i2":9,"sol":{"path":["/c/en/photogenic","/c/en/attractive","/c/en/allure","/c/en/toll","/c/en/tollgate"],"weight":0.20554999999999984},"num_concepts_raised":10288},{"base_id":331,"kind":"bot_words","i1":3,"i2":4,"sol":{"path":["/c/en/gamepad","/c/en/game","/c/en/time","/c/en/yearly","/c/en/biyearly","/c/en/biennially"],"weight":0.21516759999999965},"num_concepts_raised":377203},{"base_id":331,"kind":"bot_words","i1":3,"i2":5,"sol":{"path":["/c/en/gamepad","/c/en/joypad","/c/en/kick","/c/en/complain"],"weight":0.21680999999999898},"num_concepts_raised":30180},{"base_id":331,"kind":"bot_words","i1":3,"i2":6,"sol":{"path":["/c/en/gamepad","/c/fr/manette","/c/en/lever","/c/en/moving","/c/en/stimulating"],"weight":0.21246999999999983},"num_concepts_raised":7552},{"base_id":331,"kind":"bot_words","i1":3,"i2":7,"sol":{"path":["/c/en/gamepad","/c/en/game","/c/en/chess","/c/en/genus","/c/en/butterwort"],"weight":0.20805999999999986},"num_concepts_raised":5760},{"base_id":331,"kind":"bot_words","i1":3,"i2":8,"sol":{"path":["/c/en/gamepad","/c/en/game","/c/en/animal","/c/en/mineral","/c/en/diopside"],"weight":0.21576999999999974},"num_concepts_raised":13186},{"base_id":331,"kind":"bot_words","i1":3,"i2":9,"sol":{"path":["/c/en/gamepad","/c/en/pad","/c/en/gate","/c/en/tollgate"],"weight":0.20818999999999988},"num_concepts_raised":4770},{"base_id":331,"kind":"bot_words","i1":4,"i2":5,"sol":{"path":["/c/en/biennially","/c/pt/bianualmente","/c/en/two","/c/en/rail","/c/en/complain"],"weight":0.2115499999999991},"num_concepts_raised":27407},{"base_id":331,"kind":"bot_words","i1":4,"i2":6,"sol":{"path":["/c/en/biennially","/c/en/biyearly","/c/fr/bisannuel","/c/fr/produit","/c/fr/stimulant","/c/en/stimulating"],"weight":0.2161678999999999},"num_concepts_raised":385935},{"base_id":331,"kind":"bot_words","i1":4,"i2":7,"sol":{"path":["/c/en/biennially","/c/en/biennial","/c/en/plant","/c/en/pinguicula","/c/en/butterwort"],"weight":0.20382999999999996},"num_concepts_raised":2754},{"base_id":331,"kind":"bot_words","i1":4,"i2":8,"sol":{"path":["/c/en/biennially","/c/en/biennial","/c/en/plant","/c/en/mineral","/c/en/diopside"],"weight":0.21038999999999985},"num_concepts_raised":10215},{"base_id":331,"kind":"bot_words","i1":4,"i2":9,"sol":{"path":["/c/en/biennially","/c/pt/bianualmente","/c/en/two","/c/en/gate","/c/en/tollgate"],"weight":0.20393},"num_concepts_raised":1793},{"base_id":331,"kind":"bot_words","i1":5,"i2":6,"sol":{"path":["/c/en/complain","/c/en/kick","/c/en/moving","/c/en/stimulating"],"weight":0.21172999999999897},"num_concepts_raised":31397},{"base_id":331,"kind":"bot_words","i1":5,"i2":7,"sol":{"path":["/c/en/complain","/c/en/grouse","/c/en/capercaillie","/c/en/genus","/c/en/butterwort"],"weight":0.21068999999999902},"num_concepts_raised":29789},{"base_id":331,"kind":"bot_words","i1":5,"i2":8,"sol":{"path":["/c/en/complain","/c/en/object","/c/en/rock","/c/en/diopside"],"weight":0.2149699999999989},"num_concepts_raised":37106},{"base_id":331,"kind":"bot_words","i1":5,"i2":9,"sol":{"path":["/c/en/complain","/c/en/charge","/c/en/toll","/c/en/tollgate"],"weight":0.21074999999999902},"num_concepts_raised":28729},{"base_id":331,"kind":"bot_words","i1":6,"i2":7,"sol":{"path":["/c/en/stimulating","/c/en/rouser","/c/en/wort","/c/en/butterwort"],"weight":0.20399999999999985},"num_concepts_raised":6996},{"base_id":331,"kind":"bot_words","i1":6,"i2":8,"sol":{"path":["/c/en/stimulating","/c/en/strong","/c/en/rock","/c/en/diopside"],"weight":0.20957999999999977},"num_concepts_raised":14404},{"base_id":331,"kind":"bot_words","i1":6,"i2":9,"sol":{"path":["/c/en/stimulating","/c/en/exciting","/c/en/change","/c/en/toll","/c/en/tollgate"],"weight":0.20664999999999986},"num_concepts_raised":6017},{"base_id":331,"kind":"bot_words","i1":7,"i2":8,"sol":{"path":["/c/en/butterwort","/c/en/pinguicula","/c/en/plant","/c/en/mineral","/c/en/diopside"],"weight":0.2114999999999998},"num_concepts_raised":12625},{"base_id":331,"kind":"bot_words","i1":7,"i2":9,"sol":{"path":["/c/en/butterwort","/c/en/genus","/c/en/box","/c/it/casello","/c/en/tollgate"],"weight":0.20385999999999987},"num_concepts_raised":4210},{"base_id":331,"kind":"bot_words","i1":8,"i2":9,"sol":{"path":["/c/en/diopside","/c/en/mineral","/c/en/iron","/c/en/gate","/c/en/tollgate"],"weight":0.21057999999999982},"num_concepts_raised":11650}],[{"base_id":331,"kind":"top_words","i1":0,"i2":1,"sol":{"path":["/c/en/logarithmic","/c/en/logarithm","/c/en/log","/c/en/roll","/c/en/chignon"],"weight":0.20519999999999977},"num_concepts_raised":31776},{"base_id":331,"kind":"top_words","i1":0,"i2":2,"sol":{"path":["/c/en/logarithmic","/c/en/richter_scale","/c/en/energy","/c/en/drive"],"weight":0.23579999999999648},"num_concepts_raised":218276},{"base_id":331,"kind":"top_words","i1":0,"i2":3,"sol":{"path":["/c/en/logarithmic","/c/en/complete","/c/en/pat","/c/en/touchdown"],"weight":0.2039499999999997},"num_concepts_raised":17824},{"base_id":331,"kind":"top_words","i1":0,"i2":4,"sol":{"path":["/c/en/logarithmic","/c/en/complete","/c/en/body","/c/en/rapporteur"],"weight":0.2033299999999998},"num_concepts_raised":24133},{"base_id":331,"kind":"top_words","i1":0,"i2":5,"sol":{"path":["/c/en/logarithmic","/c/en/nat","/c/en/sports","/c/en/fumble"],"weight":0.20588999999999957},"num_concepts_raised":30392},{"base_id":331,"kind":"top_words","i1":0,"i2":6,"sol":{"path":["/c/en/logarithmic","/c/en/complete","/c/en/utter","/c/en/hearken"],"weight":0.20381999999999975},"num_concepts_raised":15889},{"base_id":331,"kind":"top_words","i1":0,"i2":7,"sol":{"path":["/c/en/logarithmic","/c/en/mathematics","/c/en/even","/c/en/artiodactyl"],"weight":0.20395999999999984},"num_concepts_raised":26896},{"base_id":331,"kind":"top_words","i1":0,"i2":8,"sol":{"path":["/c/en/logarithmic","/c/en/complete","/c/fil/yukayok","/c/en/headlong"],"weight":0.20465999999999962},"num_concepts_raised":18574},{"base_id":331,"kind":"top_words","i1":0,"i2":9,"sol":{"path":["/c/en/logarithmic","/c/en/complete","/c/en/football","/c/en/punt"],"weight":0.20581999999999967},"num_concepts_raised":46381},{"base_id":331,"kind":"top_words","i1":1,"i2":2,"sol":{"path":["/c/en/chignon","/c/en/head","/c/fr/conduire","/c/en/drive"],"weight":0.2365199999999965},"num_concepts_raised":226599},{"base_id":331,"kind":"top_words","i1":1,"i2":3,"sol":{"path":["/c/en/chignon","/c/en/hair","/c/en/spike","/c/en/touchdown"],"weight":0.20393999999999973},"num_concepts_raised":27561},{"base_id":331,"kind":"top_words","i1":1,"i2":4,"sol":{"path":["/c/en/chignon","/c/en/hair","/c/en/body","/c/en/rapporteur"],"weight":0.20337999999999984},"num_concepts_raised":33652},{"base_id":331,"kind":"top_words","i1":1,"i2":5,"sol":{"path":["/c/en/chignon","/c/en/roll","/c/en/drop","/c/en/fumble"],"weight":0.2059099999999996},"num_concepts_raised":39868},{"base_id":331,"kind":"top_words","i1":1,"i2":6,"sol":{"path":["/c/en/chignon","/c/en/assist","/c/en/attend","/c/en/hearken"],"weight":0.20380999999999977},"num_concepts_raised":25729},{"base_id":331,"kind":"top_words","i1":1,"i2":7,"sol":{"path":["/c/en/chignon","/c/en/hair","/c/en/zoology","/c/en/artiodactyl"],"weight":0.20484999999999987},"num_concepts_raised":36543},{"base_id":331,"kind":"top_words","i1":1,"i2":8,"sol":{"path":["/c/en/chignon","/c/en/head","/c/en/headlong"],"weight":0.203},"num_concepts_raised":165},{"base_id":331,"kind":"top_words","i1":1,"i2":9,"sol":{"path":["/c/en/chignon","/c/en/bun","/c/en/ireland","/c/en/punt"],"weight":0.2066899999999997},"num_concepts_raised":55551},{"base_id":331,"kind":"top_words","i1":2,"i2":3,"sol":{"path":["/c/en/drive","/c/en/american_football","/c/en/touchdown"],"weight":0.20500000000000002},"num_concepts_raised":1906},{"base_id":331,"kind":"top_words","i1":2,"i2":4,"sol":{"path":["/c/en/drive","/c/en/move","/c/en/body","/c/en/rapporteur"],"weight":0.2345199999999965},"num_concepts_raised":219585},{"base_id":331,"kind":"top_words","i1":2,"i2":5,"sol":{"path":["/c/en/drive","/c/en/baseball","/c/en/fumble"],"weight":0.20600000000000002},"num_concepts_raised":1959},{"base_id":331,"kind":"top_words","i1":2,"i2":6,"sol":{"path":["/c/en/drive","/c/fr/pousser","/c/en/utter","/c/en/hearken"],"weight":0.23577999999999652},"num_concepts_raised":213024},{"base_id":331,"kind":"top_words","i1":2,"i2":7,"sol":{"path":["/c/en/drive","/c/en/ride","/c/en/mammal","/c/en/artiodactyl"],"weight":0.24270999999999654},"num_concepts_raised":223544},{"base_id":331,"kind":"top_words","i1":2,"i2":8,"sol":{"path":["/c/en/drive","/c/en/forward","/c/en/headlong"],"weight":0.20500000000000002},"num_concepts_raised":1952},{"base_id":331,"kind":"top_words","i1":2,"i2":9,"sol":{"path":["/c/en/drive","/c/en/propel","/c/en/punt"],"weight":0.20700000000000002},"num_concepts_raised":1977},{"base_id":331,"kind":"top_words","i1":3,"i2":4,"sol":{"path":["/c/en/touchdown","/c/en/try","/c/en/legal","/c/en/rapporteur"],"weight":0.20428999999999975},"num_concepts_raised":19899},{"base_id":331,"kind":"top_words","i1":3,"i2":5,"sol":{"path":["/c/en/touchdown","/c/en/american_football","/c/en/fumble"],"weight":0.202},"num_concepts_raised":188},{"base_id":331,"kind":"top_words","i1":3,"i2":6,"sol":{"path":["/c/en/touchdown","/c/en/try","/c/en/listen","/c/en/hearken"],"weight":0.2062899999999997},"num_concepts_raised":11754},{"base_id":331,"kind":"top_words","i1":3,"i2":7,"sol":{"path":["/c/en/touchdown","/c/en/major","/c/en/zoology","/c/en/artiodactyl"],"weight":0.20470999999999978},"num_concepts_raised":22738},{"base_id":331,"kind":"top_words","i1":3,"i2":8,"sol":{"path":["/c/en/touchdown","/c/en/goal","/c/en/forward","/c/en/headlong"],"weight":0.20576999999999956},"num_concepts_raised":14318},{"base_id":331,"kind":"top_words","i1":3,"i2":9,"sol":{"path":["/c/en/touchdown","/c/en/american_football","/c/en/punt"],"weight":0.203},"num_concepts_raised":208},{"base_id":331,"kind":"top_words","i1":4,"i2":5,"sol":{"path":["/c/en/rapporteur","/c/en/body","/c/en/touch","/c/en/fumble"],"weight":0.20417999999999964},"num_concepts_raised":32310},{"base_id":331,"kind":"top_words","i1":4,"i2":6,"sol":{"path":["/c/en/rapporteur","/c/en/legal","/c/en/attend","/c/en/hearken"],"weight":0.20321999999999985},"num_concepts_raised":18025},{"base_id":331,"kind":"top_words","i1":4,"i2":7,"sol":{"path":["/c/en/rapporteur","/c/en/body","/c/en/finger","/c/en/artiodactyl"],"weight":0.2030399999999999},"num_concepts_raised":29042},{"base_id":331,"kind":"top_words","i1":4,"i2":8,"sol":{"path":["/c/en/rapporteur","/c/en/body","/c/en/head","/c/en/headlong"],"weight":0.2050899999999997},"num_concepts_raised":20578},{"base_id":331,"kind":"top_words","i1":4,"i2":9,"sol":{"path":["/c/en/rapporteur","/c/en/issue","/c/en/kick","/c/en/punt"],"weight":0.20691999999999974},"num_concepts_raised":47955},{"base_id":331,"kind":"top_words","i1":5,"i2":6,"sol":{"path":["/c/en/fumble","/c/en/touch","/c/en/hear","/c/en/hearken"],"weight":0.2059099999999996},"num_concepts_raised":24293},{"base_id":331,"kind":"top_words","i1":5,"i2":7,"sol":{"path":["/c/en/fumble","/c/en/touch","/c/en/finger","/c/en/artiodactyl"],"weight":0.20474999999999965},"num_concepts_raised":35268},{"base_id":331,"kind":"top_words","i1":5,"i2":8,"sol":{"path":["/c/en/fumble","/c/en/ball","/c/en/head","/c/en/headlong"],"weight":0.20669999999999944},"num_concepts_raised":26734},{"base_id":331,"kind":"top_words","i1":5,"i2":9,"sol":{"path":["/c/en/fumble","/c/en/american_football","/c/en/punt"],"weight":0.203},"num_concepts_raised":265},{"base_id":331,"kind":"top_words","i1":6,"i2":7,"sol":{"path":["/c/en/hearken","/c/en/listen","/c/en/stop","/c/en/zoology","/c/en/artiodactyl"],"weight":0.20600999999999986},"num_concepts_raised":20863},{"base_id":331,"kind":"top_words","i1":6,"i2":8,"sol":{"path":["/c/en/hearken","/c/en/listen","/c/en/ear","/c/en/head","/c/en/headlong"],"weight":0.20712999999999965},"num_concepts_raised":12495},{"base_id":331,"kind":"top_words","i1":6,"i2":9,"sol":{"path":["/c/en/hearken","/c/en/listen","/c/en/action","/c/en/kick","/c/en/punt"],"weight":0.20893999999999968},"num_concepts_raised":40328},{"base_id":331,"kind":"top_words","i1":7,"i2":8,"sol":{"path":["/c/en/artiodactyl","/c/en/deer","/c/en/head","/c/en/headlong"],"weight":0.2054699999999997},"num_concepts_raised":23422},{"base_id":331,"kind":"top_words","i1":7,"i2":9,"sol":{"path":["/c/en/artiodactyl","/c/en/zoology","/c/en/sport","/c/en/punt"],"weight":0.20631999999999975},"num_concepts_raised":51135},{"base_id":331,"kind":"top_words","i1":8,"i2":9,"sol":{"path":["/c/en/headlong","/c/en/motion","/c/en/kick","/c/en/punt"],"weight":0.20833999999999958},"num_concepts_raised":42513}]]