[[{"base_id":238,"kind":"bot_words","i1":0,"i2":1,"sol":{"path":["/c/en/sémillon","/c/en/grape","/c/en/uk","/c/en/england","/c/en/thurrock"],"weight":0.21719999999999975},"num_concepts_raised":20389},{"base_id":238,"kind":"bot_words","i1":0,"i2":2,"sol":{"path":["/c/en/sémillon","/c/en/grape","/c/en/small","/c/en/note","/c/en/notepaper"],"weight":0.21302999999999989},"num_concepts_raised":7072},{"base_id":238,"kind":"bot_words","i1":0,"i2":3,"sol":{"path":["/c/en/sémillon","/c/en/grape","/c/en/water","/c/en/seal","/c/en/unseal"],"weight":0.2132099999999999},"num_concepts_raised":5676},{"base_id":238,"kind":"bot_words","i1":0,"i2":4,"sol":{"path":["/c/en/sémillon","/c/en/wine","/c/en/bishop"],"weight":0.20800000000000002},"num_concepts_raised":692},{"base_id":238,"kind":"bot_words","i1":0,"i2":5,"sol":{"path":["/c/en/sémillon","/c/en/grape","/c/en/red","/c/gv/jiarg","/c/en/crass"],"weight":0.21788999999999967},"num_concepts_raised":7552},{"base_id":238,"kind":"bot_words","i1":0,"i2":6,"sol":{"path":["/c/en/sémillon","/c/en/grape","/c/en/uk","/c/en/bird","/c/en/birdwatching"],"weight":0.2228199999999998},"num_concepts_raised":11416},{"base_id":238,"kind":"bot_words","i1":0,"i2":7,"sol":{"path":["/c/en/sémillon","/c/en/grape","/c/en/slang","/c/en/ere"],"weight":0.2132499999999998},"num_concepts_raised":27449},{"base_id":238,"kind":"bot_words","i1":0,"i2":8,"sol":{"path":["/c/en/sémillon","/c/en/wine","/c/en/backhander"],"weight":0.20400000000000001},"num_concepts_raised":59},{"base_id":238,"kind":"bot_words","i1":0,"i2":9,"sol":{"path":["/c/en/sémillon","/c/en/grape","/c/en/slang","/c/en/plunk"],"weight":0.21234999999999976},"num_concepts_raised":39607},{"base_id":238,"kind":"bot_words","i1":1,"i2":2,"sol":{"path":["/c/en/thurrock","/c/en/hold","/c/en/envelope","/c/en/notepaper"],"weight":0.2079299999999998},"num_concepts_raised":23060},{"base_id":238,"kind":"bot_words","i1":1,"i2":3,"sol":{"path":["/c/en/thurrock","/c/en/england","/c/en/seal","/c/en/unseal"],"weight":0.20920999999999984},"num_concepts_raised":21689},{"base_id":238,"kind":"bot_words","i1":1,"i2":4,"sol":{"path":["/c/en/thurrock","/c/en/england","/c/en/church","/c/en/bishop"],"weight":0.23331999999999903},"num_concepts_raised":127636},{"base_id":238,"kind":"bot_words","i1":1,"i2":5,"sol":{"path":["/c/en/thurrock","/c/en/thorough","/c/ka/სრული","/c/en/crass"],"weight":0.2137499999999996},"num_concepts_raised":23547},{"base_id":238,"kind":"bot_words","i1":1,"i2":6,"sol":{"path":["/c/en/thurrock","/c/en/nautical","/c/en/wild","/c/en/birdwatching"],"weight":0.2143499999999997},"num_concepts_raised":27388},{"base_id":238,"kind":"bot_words","i1":1,"i2":7,"sol":{"path":["/c/en/thurrock","/c/en/bilge","/c/en/slang","/c/en/ere"],"weight":0.20920999999999973},"num_concepts_raised":42924},{"base_id":238,"kind":"bot_words","i1":1,"i2":8,"sol":{"path":["/c/en/thurrock","/c/en/nautical","/c/en/back","/c/en/backhander"],"weight":0.20808999999999972},"num_concepts_raised":32550},{"base_id":238,"kind":"bot_words","i1":1,"i2":9,"sol":{"path":["/c/en/thurrock","/c/en/nautical","/c/en/drop","/c/en/plunk"],"weight":0.20836999999999967},"num_concepts_raised":54749},{"base_id":238,"kind":"bot_words","i1":2,"i2":3,"sol":{"path":["/c/en/notepaper","/c/en/note","/c/en/symbol","/c/en/seal","/c/en/unseal"],"weight":0.20507999999999993},"num_concepts_raised":8359},{"base_id":238,"kind":"bot_words","i1":2,"i2":4,"sol":{"path":["/c/en/notepaper","/c/en/note","/c/en/uk","/c/en/bishop"],"weight":0.22663999999999918},"num_concepts_raised":115767},{"base_id":238,"kind":"bot_words","i1":2,"i2":5,"sol":{"path":["/c/en/notepaper","/c/en/paper","/c/en/rough","/c/en/unrefined","/c/en/crass"],"weight":0.21094999999999975},"num_concepts_raised":10233},{"base_id":238,"kind":"bot_words","i1":2,"i2":6,"sol":{"path":["/c/en/notepaper","/c/en/note","/c/en/lady","/c/en/birdwatching"],"weight":0.21014999999999984},"num_concepts_raised":14081},{"base_id":238,"kind":"bot_words","i1":2,"i2":7,"sol":{"path":["/c/en/notepaper","/c/en/letter","/c/en/before","/c/en/ere"],"weight":0.20452999999999985},"num_concepts_raised":30030},{"base_id":238,"kind":"bot_words","i1":2,"i2":8,"sol":{"path":["/c/en/notepaper","/c/en/letter","/c/en/hand","/c/en/backhander"],"weight":0.20294999999999985},"num_concepts_raised":19445},{"base_id":238,"kind":"bot_words","i1":2,"i2":9,"sol":{"path":["/c/en/notepaper","/c/en/note","/c/en/pitch","/c/en/plunk"],"weight":0.20424999999999982},"num_concepts_raised":42066},{"base_id":238,"kind":"bot_words","i1":3,"i2":4,"sol":{"path":["/c/en/unseal","/c/en/seal","/c/en/chess","/c/en/bishop"],"weight":0.22812999999999917},"num_concepts_raised":114724},{"base_id":238,"kind":"bot_words","i1":3,"i2":5,"sol":{"path":["/c/en/unseal","/c/en/open","/c/en/solid","/c/la/crassus","/c/en/crass"],"weight":0.21104999999999974},"num_concepts_raised":8868},{"base_id":238,"kind":"bot_words","i1":3,"i2":6,"sol":{"path":["/c/en/unseal","/c/en/seal","/c/en/animal","/c/en/bird","/c/en/birdwatching"],"weight":0.21481999999999984},"num_concepts_raised":12735},{"base_id":238,"kind":"bot_words","i1":3,"i2":7,"sol":{"path":["/c/en/unseal","/c/en/seal","/c/en/dialectal","/c/en/ere"],"weight":0.20422999999999986},"num_concepts_raised":28751},{"base_id":238,"kind":"bot_words","i1":3,"i2":8,"sol":{"path":["/c/en/unseal","/c/en/seal","/c/en/water","/c/en/glass","/c/en/backhander"],"weight":0.20417999999999986},"num_concepts_raised":18125},{"base_id":238,"kind":"bot_words","i1":3,"i2":9,"sol":{"path":["/c/en/unseal","/c/en/seal","/c/en/ground","/c/en/baseball","/c/en/plunk"],"weight":0.20546999999999982},"num_concepts_raised":40871},{"base_id":238,"kind":"bot_words","i1":4,"i2":5,"sol":{"path":["/c/en/bishop","/c/en/horse","/c/en/band","/c/en/crass"],"weight":0.23152999999999896},"num_concepts_raised":116336},{"base_id":238,"kind":"bot_words","i1":4,"i2":6,"sol":{"path":["/c/en/bishop","/c/en/cardinal","/c/en/bird","/c/en/birdwatching"],"weight":0.23868999999999907},"num_concepts_raised":119721},{"base_id":238,"kind":"bot_words","i1":4,"i2":7,"sol":{"path":["/c/en/bishop","/c/en/dialectal","/c/en/ere"],"weight":0.20700000000000002},"num_concepts_raised":720},{"base_id":238,"kind":"bot_words","i1":4,"i2":8,"sol":{"path":["/c/en/bishop","/c/en/wine","/c/en/backhander"],"weight":0.20600000000000002},"num_concepts_raised":706},{"base_id":238,"kind":"bot_words","i1":4,"i2":9,"sol":{"path":["/c/en/bishop","/c/en/us","/c/en/plunk"],"weight":0.20600000000000002},"num_concepts_raised":716},{"base_id":238,"kind":"bot_words","i1":5,"i2":6,"sol":{"path":["/c/en/crass","/c/en/crude","/c/en/natural","/c/en/birdwatching"],"weight":0.21511999999999964},"num_concepts_raised":14561},{"base_id":238,"kind":"bot_words","i1":5,"i2":7,"sol":{"path":["/c/en/crass","/c/en/band","/c/en/slang","/c/en/ere"],"weight":0.20991999999999963},"num_concepts_raised":30489},{"base_id":238,"kind":"bot_words","i1":5,"i2":8,"sol":{"path":["/c/en/crass","/c/en/crude","/c/en/backwards","/c/en/backhander"],"weight":0.20876999999999962},"num_concepts_raised":19999},{"base_id":238,"kind":"bot_words","i1":5,"i2":9,"sol":{"path":["/c/en/crass","/c/la/crassus","/c/en/plump","/c/en/plunk"],"weight":0.2109599999999996},"num_concepts_raised":42568},{"base_id":238,"kind":"bot_words","i1":6,"i2":7,"sol":{"path":["/c/en/birdwatching","/c/en/bird","/c/en/slang","/c/en/ere"],"weight":0.21489999999999976},"num_concepts_raised":34274},{"base_id":238,"kind":"bot_words","i1":6,"i2":8,"sol":{"path":["/c/en/birdwatching","/c/en/tick","/c/en/hand","/c/en/backhander"],"weight":0.20918999999999977},"num_concepts_raised":23833},{"base_id":238,"kind":"bot_words","i1":6,"i2":9,"sol":{"path":["/c/en/birdwatching","/c/en/bird","/c/en/slang","/c/en/plunk"],"weight":0.2140199999999997},"num_concepts_raised":46297},{"base_id":238,"kind":"bot_words","i1":7,"i2":8,"sol":{"path":["/c/en/ere","/c/en/slang","/c/en/back","/c/en/backhander"],"weight":0.20424999999999977},"num_concepts_raised":39281},{"base_id":238,"kind":"bot_words","i1":7,"i2":9,"sol":{"path":["/c/en/ere","/c/en/slang","/c/en/plunk"],"weight":0.203},"num_concepts_raised":97},{"base_id":238,"kind":"bot_words","i1":8,"i2":9,"sol":{"path":["/c/en/backhander","/c/en/shot","/c/en/baseball","/c/en/plunk"],"weight":0.20420999999999973},"num_concepts_raised":50970}],[{"base_id":238,"kind":"top_words","i1":0,"i2":1,"sol":{"path":["/c/en/hohhot","/c/en/city","/c/en/mbeya"],"weight":0.20700000000000002},"num_concepts_raised":101},{"base_id":238,"kind":"top_words","i1":0,"i2":2,"sol":{"path":["/c/en/hohhot","/c/en/city","/c/en/dar_es_salaam","/c/en/dodoma"],"weight":0.21077999999999988},"num_concepts_raised":4870},{"base_id":238,"kind":"top_words","i1":0,"i2":3,"sol":{"path":["/c/en/hohhot","/c/en/city","/c/en/alba_longa","/c/en/latium"],"weight":0.21082999999999977},"num_concepts_raised":13929},{"base_id":238,"kind":"top_words","i1":0,"i2":4,"sol":{"path":["/c/en/hohhot","/c/en/city","/c/en/town","/c/en/mopti"],"weight":0.21576999999999974},"num_concepts_raised":5841},{"base_id":238,"kind":"top_words","i1":0,"i2":5,"sol":{"path":["/c/en/hohhot","/c/en/city","/c/en/country","/c/en/puntland"],"weight":0.21611999999999967},"num_concepts_raised":7932},{"base_id":238,"kind":"top_words","i1":0,"i2":6,"sol":{"path":["/c/en/hohhot","/c/en/inner_mongolia","/c/en/manzhouli","/c/en/russia","/c/en/magadan"],"weight":0.2136699999999998},"num_concepts_raised":5163},{"base_id":238,"kind":"top_words","i1":0,"i2":7,"sol":{"path":["/c/en/hohhot","/c/en/city","/c/en/mwanza"],"weight":0.20700000000000002},"num_concepts_raised":110},{"base_id":238,"kind":"top_words","i1":0,"i2":8,"sol":{"path":["/c/en/hohhot","/c/en/inner_mongolia","/c/en/manzhouli","/c/en/russia","/c/en/taimyr"],"weight":0.21272999999999972},"num_concepts_raised":5895},{"base_id":238,"kind":"top_words","i1":0,"i2":9,"sol":{"path":["/c/en/hohhot","/c/en/city","/c/en/region"],"weight":0.20700000000000002},"num_concepts_raised":1251},{"base_id":238,"kind":"top_words","i1":1,"i2":2,"sol":{"path":["/c/en/mbeya","/c/en/tanzania","/c/en/dodoma"],"weight":0.20500000000000002},"num_concepts_raised":58},{"base_id":238,"kind":"top_words","i1":1,"i2":3,"sol":{"path":["/c/en/mbeya","/c/en/city","/c/en/alba_longa","/c/en/latium"],"weight":0.2080899999999998},"num_concepts_raised":13156},{"base_id":238,"kind":"top_words","i1":1,"i2":4,"sol":{"path":["/c/en/mbeya","/c/en/city","/c/en/town","/c/en/mopti"],"weight":0.21299999999999977},"num_concepts_raised":5028},{"base_id":238,"kind":"top_words","i1":1,"i2":5,"sol":{"path":["/c/en/mbeya","/c/en/city","/c/en/country","/c/en/puntland"],"weight":0.2133499999999997},"num_concepts_raised":7137},{"base_id":238,"kind":"top_words","i1":1,"i2":6,"sol":{"path":["/c/en/mbeya","/c/en/city","/c/en/country","/c/en/russia","/c/en/magadan"],"weight":0.20889999999999986},"num_concepts_raised":4364},{"base_id":238,"kind":"top_words","i1":1,"i2":7,"sol":{"path":["/c/en/mbeya","/c/en/city","/c/en/mwanza"],"weight":0.20600000000000002},"num_concepts_raised":75},{"base_id":238,"kind":"top_words","i1":1,"i2":8,"sol":{"path":["/c/en/mbeya","/c/en/city","/c/en/country","/c/en/russia","/c/en/taimyr"],"weight":0.20794999999999975},"num_concepts_raised":5101},{"base_id":238,"kind":"top_words","i1":1,"i2":9,"sol":{"path":["/c/en/mbeya","/c/en/city","/c/en/region"],"weight":0.20600000000000002},"num_concepts_raised":1217},{"base_id":238,"kind":"top_words","i1":2,"i2":3,"sol":{"path":["/c/en/dodoma","/c/en/tanzania","/c/en/country","/c/en/italy","/c/en/latium"],"weight":0.2042299999999999},"num_concepts_raised":10617},{"base_id":238,"kind":"top_words","i1":2,"i2":4,"sol":{"path":["/c/en/dodoma","/c/en/tanzania","/c/en/country","/c/en/town","/c/en/mopti"],"weight":0.2090599999999999},"num_concepts_raised":2814},{"base_id":238,"kind":"top_words","i1":2,"i2":5,"sol":{"path":["/c/en/dodoma","/c/en/tanzania","/c/en/country","/c/en/puntland"],"weight":0.20938999999999985},"num_concepts_raised":4592},{"base_id":238,"kind":"top_words","i1":2,"i2":6,"sol":{"path":["/c/en/dodoma","/c/en/tanzania","/c/en/country","/c/en/russia","/c/en/magadan"],"weight":0.20495999999999998},"num_concepts_raised":1716},{"base_id":238,"kind":"top_words","i1":2,"i2":7,"sol":{"path":["/c/en/dodoma","/c/en/tanzania","/c/en/mwanza"],"weight":0.20500000000000002},"num_concepts_raised":67},{"base_id":238,"kind":"top_words","i1":2,"i2":8,"sol":{"path":["/c/en/dodoma","/c/en/tanzania","/c/en/country","/c/en/russia","/c/en/taimyr"],"weight":0.20400999999999989},"num_concepts_raised":2449},{"base_id":238,"kind":"top_words","i1":2,"i2":9,"sol":{"path":["/c/en/dodoma","/c/en/tanzania","/c/en/country","/c/en/region"],"weight":0.22975999999999713},"num_concepts_raised":115018},{"base_id":238,"kind":"top_words","i1":3,"i2":4,"sol":{"path":["/c/en/latium","/c/en/historical","/c/en/town","/c/en/mopti"],"weight":0.2080499999999998},"num_concepts_raised":11989},{"base_id":238,"kind":"top_words","i1":3,"i2":5,"sol":{"path":["/c/en/latium","/c/en/italy","/c/en/country","/c/en/puntland"],"weight":0.20845999999999973},"num_concepts_raised":13634},{"base_id":238,"kind":"top_words","i1":3,"i2":6,"sol":{"path":["/c/en/latium","/c/en/historical","/c/en/russia","/c/en/magadan"],"weight":0.20394999999999985},"num_concepts_raised":10921},{"base_id":238,"kind":"top_words","i1":3,"i2":7,"sol":{"path":["/c/en/latium","/c/en/alba_longa","/c/en/city","/c/en/mwanza"],"weight":0.20818999999999976},"num_concepts_raised":13175},{"base_id":238,"kind":"top_words","i1":3,"i2":8,"sol":{"path":["/c/en/latium","/c/en/historical","/c/en/russia","/c/en/taimyr"],"weight":0.20300999999999975},"num_concepts_raised":11628},{"base_id":238,"kind":"top_words","i1":3,"i2":9,"sol":{"path":["/c/en/latium","/c/en/historical","/c/en/region"],"weight":0.20400000000000001},"num_concepts_raised":1226},{"base_id":238,"kind":"top_words","i1":4,"i2":5,"sol":{"path":["/c/en/mopti","/c/en/town","/c/en/country","/c/en/puntland"],"weight":0.2132999999999997},"num_concepts_raised":5957},{"base_id":238,"kind":"top_words","i1":4,"i2":6,"sol":{"path":["/c/en/mopti","/c/en/town","/c/en/country","/c/en/russia","/c/en/magadan"],"weight":0.20885999999999982},"num_concepts_raised":3158},{"base_id":238,"kind":"top_words","i1":4,"i2":7,"sol":{"path":["/c/en/mopti","/c/en/town","/c/en/city","/c/en/mwanza"],"weight":0.21309999999999973},"num_concepts_raised":5047},{"base_id":238,"kind":"top_words","i1":4,"i2":8,"sol":{"path":["/c/en/mopti","/c/en/town","/c/en/country","/c/en/russia","/c/en/taimyr"],"weight":0.20790999999999973},"num_concepts_raised":3882},{"base_id":238,"kind":"top_words","i1":4,"i2":9,"sol":{"path":["/c/en/mopti","/c/en/town","/c/en/district","/c/en/region"],"weight":0.235599999999997},"num_concepts_raised":115658},{"base_id":238,"kind":"top_words","i1":5,"i2":6,"sol":{"path":["/c/en/puntland","/c/en/country","/c/en/russia","/c/en/magadan"],"weight":0.20918999999999977},"num_concepts_raised":4910},{"base_id":238,"kind":"top_words","i1":5,"i2":7,"sol":{"path":["/c/en/puntland","/c/en/country","/c/en/city","/c/en/mwanza"],"weight":0.2134499999999997},"num_concepts_raised":7156},{"base_id":238,"kind":"top_words","i1":5,"i2":8,"sol":{"path":["/c/en/puntland","/c/en/country","/c/en/russia","/c/en/taimyr"],"weight":0.2082399999999997},"num_concepts_raised":5620},{"base_id":238,"kind":"top_words","i1":5,"i2":9,"sol":{"path":["/c/en/puntland","/c/en/region"],"weight":0.20600000000000002},"num_concepts_raised":1239},{"base_id":238,"kind":"top_words","i1":6,"i2":7,"sol":{"path":["/c/en/magadan","/c/en/russia","/c/en/country","/c/en/city","/c/en/mwanza"],"weight":0.2089999999999998},"num_concepts_raised":4383},{"base_id":238,"kind":"top_words","i1":6,"i2":8,"sol":{"path":["/c/en/magadan","/c/en/russia","/c/en/taimyr"],"weight":0.203},"num_concepts_raised":62},{"base_id":238,"kind":"top_words","i1":6,"i2":9,"sol":{"path":["/c/en/magadan","/c/en/oblast","/c/en/region"],"weight":0.20400000000000001},"num_concepts_raised":1208},{"base_id":238,"kind":"top_words","i1":7,"i2":8,"sol":{"path":["/c/en/mwanza","/c/en/city","/c/en/country","/c/en/russia","/c/en/taimyr"],"weight":0.20804999999999974},"num_concepts_raised":5120},{"base_id":238,"kind":"top_words","i1":7,"i2":9,"sol":{"path":["/c/en/mwanza","/c/en/city","/c/en/region"],"weight":0.20600000000000002},"num_concepts_raised":1226},{"base_id":238,"kind":"top_words","i1":8,"i2":9,"sol":{"path":["/c/en/taimyr","/c/en/north","/c/en/region"],"weight":0.20400000000000001},"num_concepts_raised":1221}]]