[[{"base_id":941,"kind":"bot_words","i1":0,"i2":1,"sol":{"path":["/c/en/sympathy","/c/en/associate","/c/en/ring","/c/en/ringed"],"weight":0.2136799999999992},"num_concepts_raised":38964},{"base_id":941,"kind":"bot_words","i1":0,"i2":2,"sol":{"path":["/c/en/sympathy","/c/en/sympathetic","/c/en/drama","/c/en/greece","/c/en/chios"],"weight":0.22720999999999925},"num_concepts_raised":35380},{"base_id":941,"kind":"bot_words","i1":0,"i2":3,"sol":{"path":["/c/en/sympathy","/c/en/feeling","/c/en/stick","/c/en/adhere"],"weight":0.22304999999999836},"num_concepts_raised":53931},{"base_id":941,"kind":"bot_words","i1":0,"i2":4,"sol":{"path":["/c/en/sympathy","/c/en/care","/c/en/stitch","/c/en/herringbone"],"weight":0.21421999999999922},"num_concepts_raised":43403},{"base_id":941,"kind":"bot_words","i1":0,"i2":5,"sol":{"path":["/c/en/sympathy","/c/en/person","/c/en/nomad","/c/en/scythian","/c/en/scythians"],"weight":0.217939999999999},"num_concepts_raised":34531},{"base_id":941,"kind":"bot_words","i1":0,"i2":6,"sol":{"path":["/c/en/sympathy","/c/en/understanding","/c/en/fashion","/c/en/dowdy"],"weight":0.21536999999999912},"num_concepts_raised":39097},{"base_id":941,"kind":"bot_words","i1":0,"i2":7,"sol":{"path":["/c/en/sympathy","/c/en/affinity","/c/en/geometry","/c/en/prism"],"weight":0.22039999999999893},"num_concepts_raised":43879},{"base_id":941,"kind":"bot_words","i1":0,"i2":8,"sol":{"path":["/c/en/sympathy","/c/en/feeling","/c/en/anger","/c/en/infuriate"],"weight":0.21628999999999882},"num_concepts_raised":37924},{"base_id":941,"kind":"bot_words","i1":0,"i2":9,"sol":{"path":["/c/en/sympathy","/c/en/ability","/c/en/inability"],"weight":0.20600000000000002},"num_concepts_raised":543},{"base_id":941,"kind":"bot_words","i1":1,"i2":2,"sol":{"path":["/c/en/ringed","/c/en/loop","/c/en/brandenburg","/c/en/administrative_region","/c/en/chios"],"weight":0.21544000000000002},"num_concepts_raised":6215},{"base_id":941,"kind":"bot_words","i1":1,"i2":3,"sol":{"path":["/c/en/ringed","/c/en/ring","/c/en/bond","/c/en/adhere"],"weight":0.20979999999999915},"num_concepts_raised":25751},{"base_id":941,"kind":"bot_words","i1":1,"i2":4,"sol":{"path":["/c/en/ringed","/c/en/patterned","/c/en/pattern","/c/en/herringbone"],"weight":0.20535999999999996},"num_concepts_raised":14513},{"base_id":941,"kind":"bot_words","i1":1,"i2":5,"sol":{"path":["/c/en/ringed","/c/en/ring","/c/en/historical","/c/en/gabae","/c/en/scythians"],"weight":0.20937999999999973},"num_concepts_raised":5361},{"base_id":941,"kind":"bot_words","i1":1,"i2":6,"sol":{"path":["/c/en/ringed","/c/en/ring","/c/en/botany","/c/en/styleless","/c/en/dowdy"],"weight":0.20541999999999988},"num_concepts_raised":10129},{"base_id":941,"kind":"bot_words","i1":1,"i2":7,"sol":{"path":["/c/en/ringed","/c/en/ring","/c/en/geometry","/c/en/prism"],"weight":0.21198999999999965},"num_concepts_raised":14804},{"base_id":941,"kind":"bot_words","i1":1,"i2":8,"sol":{"path":["/c/en/ringed","/c/en/ring","/c/en/fight","/c/en/anger","/c/en/infuriate"],"weight":0.20550999999999958},"num_concepts_raised":8943},{"base_id":941,"kind":"bot_words","i1":1,"i2":9,"sol":{"path":["/c/en/ringed","/c/en/loop","/c/en/block","/c/en/inability"],"weight":0.2051299999999995},"num_concepts_raised":13862},{"base_id":941,"kind":"bot_words","i1":2,"i2":3,"sol":{"path":["/c/en/chios","/c/en/mastichochoria","/c/en/gum","/c/en/stick","/c/en/adhere"],"weight":0.22153999999999915},"num_concepts_raised":22165},{"base_id":941,"kind":"bot_words","i1":2,"i2":4,"sol":{"path":["/c/en/chios","/c/en/greece","/c/en/country","/c/en/hill","/c/en/herringbone"],"weight":0.21683000000000002},"num_concepts_raised":10860},{"base_id":941,"kind":"bot_words","i1":2,"i2":5,"sol":{"path":["/c/en/chios","/c/en/administrative_region","/c/en/moscow","/c/en/ethnic_group","/c/en/sarmatians","/c/en/scythians"],"weight":0.2278958999999996},"num_concepts_raised":77461},{"base_id":941,"kind":"bot_words","i1":2,"i2":6,"sol":{"path":["/c/en/chios","/c/en/greece","/c/en/column","/c/en/style","/c/en/dowdy"],"weight":0.21576999999999993},"num_concepts_raised":6349},{"base_id":941,"kind":"bot_words","i1":2,"i2":7,"sol":{"path":["/c/en/chios","/c/en/greece","/c/en/column","/c/en/cylinder","/c/en/prism"],"weight":0.22313999999999973},"num_concepts_raised":11230},{"base_id":941,"kind":"bot_words","i1":2,"i2":8,"sol":{"path":["/c/en/chios","/c/en/administrative_region","/c/en/new_york","/c/en/mad","/c/en/infuriate"],"weight":0.21643999999999963},"num_concepts_raised":5105},{"base_id":941,"kind":"bot_words","i1":2,"i2":9,"sol":{"path":["/c/en/chios","/c/en/greece","/c/en/boeotia","/c/en/stupidity","/c/en/inability"],"weight":0.21754999999999955},"num_concepts_raised":10126},{"base_id":941,"kind":"bot_words","i1":3,"i2":4,"sol":{"path":["/c/en/adhere","/c/en/stick","/c/en/bone","/c/en/herringbone"],"weight":0.2136199999999991},"num_concepts_raised":30151},{"base_id":941,"kind":"bot_words","i1":3,"i2":5,"sol":{"path":["/c/en/adhere","/c/en/observer","/c/en/member","/c/en/kamboj","/c/en/scythians"],"weight":0.2127699999999989},"num_concepts_raised":21314},{"base_id":941,"kind":"bot_words","i1":3,"i2":6,"sol":{"path":["/c/en/adhere","/c/en/paste","/c/en/pastry","/c/en/dowdy"],"weight":0.20797999999999905},"num_concepts_raised":25946},{"base_id":941,"kind":"bot_words","i1":3,"i2":7,"sol":{"path":["/c/en/adhere","/c/en/stick","/c/en/cylinder","/c/en/prism"],"weight":0.2187799999999988},"num_concepts_raised":30731},{"base_id":941,"kind":"bot_words","i1":3,"i2":8,"sol":{"path":["/c/en/adhere","/c/en/stick","/c/en/incense","/c/en/infuriate"],"weight":0.21314999999999873},"num_concepts_raised":24809},{"base_id":941,"kind":"bot_words","i1":3,"i2":9,"sol":{"path":["/c/en/adhere","/c/en/agree","/c/ru/нестыковка","/c/en/inability"],"weight":0.20975999999999867},"num_concepts_raised":29542},{"base_id":941,"kind":"bot_words","i1":4,"i2":5,"sol":{"path":["/c/en/herringbone","/c/en/bone","/c/en/people","/c/en/ethnic_group","/c/en/sarmatians","/c/en/scythians"],"weight":0.21893839999999942},"num_concepts_raised":756791},{"base_id":941,"kind":"bot_words","i1":4,"i2":6,"sol":{"path":["/c/en/herringbone","/c/en/stitch","/c/en/style","/c/en/dowdy"],"weight":0.20470999999999986},"num_concepts_raised":14554},{"base_id":941,"kind":"bot_words","i1":4,"i2":7,"sol":{"path":["/c/en/herringbone","/c/en/bone","/c/en/axis","/c/en/prism"],"weight":0.21300999999999964},"num_concepts_raised":19488},{"base_id":941,"kind":"bot_words","i1":4,"i2":8,"sol":{"path":["/c/en/herringbone","/c/en/bone","/c/en/stick","/c/en/incense","/c/en/infuriate"],"weight":0.20744999999999958},"num_concepts_raised":13573},{"base_id":941,"kind":"bot_words","i1":4,"i2":9,"sol":{"path":["/c/en/herringbone","/c/en/brick","/c/en/block","/c/en/inability"],"weight":0.2054299999999995},"num_concepts_raised":18435},{"base_id":941,"kind":"bot_words","i1":5,"i2":6,"sol":{"path":["/c/en/scythians","/c/en/sarmatians","/c/en/ethnic_group","/c/en/man","/c/en/dress","/c/en/dowdy"],"weight":0.2139326999999993},"num_concepts_raised":406535},{"base_id":941,"kind":"bot_words","i1":5,"i2":7,"sol":{"path":["/c/en/scythians","/c/en/gabae","/c/en/historical","/c/en/trimmer","/c/en/prism"],"weight":0.21577999999999942},"num_concepts_raised":10376},{"base_id":941,"kind":"bot_words","i1":5,"i2":8,"sol":{"path":["/c/en/scythians","/c/en/gabae","/c/en/historical","/c/th/ยวน","/c/en/infuriate"],"weight":0.20915999999999935},"num_concepts_raised":4248},{"base_id":941,"kind":"bot_words","i1":5,"i2":9,"sol":{"path":["/c/en/scythians","/c/en/gabae","/c/en/historical","/c/en/talent","/c/en/ability","/c/en/inability"],"weight":0.21947999999999918},"num_concepts_raised":624688},{"base_id":941,"kind":"bot_words","i1":6,"i2":7,"sol":{"path":["/c/en/dowdy","/c/en/plain","/c/de/fläche","/c/de/prisma","/c/en/prism"],"weight":0.21296999999999958},"num_concepts_raised":15121},{"base_id":941,"kind":"bot_words","i1":6,"i2":8,"sol":{"path":["/c/en/dowdy","/c/en/style","/c/en/good","/c/en/incense","/c/en/infuriate"],"weight":0.20532999999999949},"num_concepts_raised":9080},{"base_id":941,"kind":"bot_words","i1":6,"i2":9,"sol":{"path":["/c/en/dowdy","/c/en/matronly","/c/en/capacity","/c/en/ability","/c/en/inability"],"weight":0.20762999999999943},"num_concepts_raised":14003},{"base_id":941,"kind":"bot_words","i1":7,"i2":8,"sol":{"path":["/c/en/prism","/c/en/cylinder","/c/en/stick","/c/en/incense","/c/en/infuriate"],"weight":0.21262999999999926},"num_concepts_raised":13951},{"base_id":941,"kind":"bot_words","i1":7,"i2":9,"sol":{"path":["/c/en/prism","/c/en/geometry","/c/fr/droit","/c/fr/incapacité","/c/en/inability"],"weight":0.2152699999999992},"num_concepts_raised":18848},{"base_id":941,"kind":"bot_words","i1":8,"i2":9,"sol":{"path":["/c/en/infuriate","/c/en/incense","/c/en/smell","/c/en/ability","/c/en/inability"],"weight":0.2092899999999991},"num_concepts_raised":12819}],[{"base_id":941,"kind":"top_words","i1":0,"i2":1,"sol":{"path":["/c/en/windigo","/c/en/ojibwe","/c/en/canada","/c/en/norway","/c/en/lindesnes"],"weight":0.2120399999999999},"num_concepts_raised":7148},{"base_id":941,"kind":"top_words","i1":0,"i2":2,"sol":{"path":["/c/en/windigo","/c/en/mythology","/c/en/collection","/c/en/europe","/c/en/peipus"],"weight":0.2026599999999999},"num_concepts_raised":8139},{"base_id":941,"kind":"top_words","i1":0,"i2":3,"sol":{"path":["/c/en/windigo","/c/en/hysteria","/c/en/medicine","/c/en/holdfast"],"weight":0.20262999999999987},"num_concepts_raised":135601},{"base_id":941,"kind":"top_words","i1":0,"i2":4,"sol":{"path":["/c/en/windigo","/c/en/mythology","/c/en/person","/c/en/music","/c/en/manele"],"weight":0.20772999999999986},"num_concepts_raised":13838},{"base_id":941,"kind":"top_words","i1":0,"i2":5,"sol":{"path":["/c/en/windigo","/c/en/mythology","/c/en/body","/c/en/lake","/c/en/vänern"],"weight":0.2116400000000005},"num_concepts_raised":6913},{"base_id":941,"kind":"top_words","i1":0,"i2":6,"sol":{"path":["/c/en/windigo","/c/en/mythology","/c/en/body","/c/en/lake","/c/en/mývatn"],"weight":0.20999999999999985},"num_concepts_raised":6808},{"base_id":941,"kind":"top_words","i1":0,"i2":7,"sol":{"path":["/c/en/windigo","/c/en/mythology","/c/en/body","/c/en/lake","/c/en/vättern"],"weight":0.21001999999999976},"num_concepts_raised":6892},{"base_id":941,"kind":"top_words","i1":0,"i2":8,"sol":{"path":["/c/en/windigo","/c/en/condition","/c/en/hospital","/c/en/lazaretto"],"weight":0.20280999999999985},"num_concepts_raised":13728},{"base_id":941,"kind":"top_words","i1":0,"i2":9,"sol":{"path":["/c/en/windigo","/c/oj/wiindigoo","/c/en/ogre","/c/en/town","/c/en/magaluf"],"weight":0.2086599999999999},"num_concepts_raised":7585},{"base_id":941,"kind":"top_words","i1":1,"i2":2,"sol":{"path":["/c/en/lindesnes","/c/en/norway","/c/en/country","/c/en/europe","/c/en/peipus"],"weight":0.21214999999999984},"num_concepts_raised":4265},{"base_id":941,"kind":"top_words","i1":1,"i2":3,"sol":{"path":["/c/en/lindesnes","/c/en/newspaper","/c/en/press","/c/en/clamp","/c/en/holdfast"],"weight":0.21211999999999984},"num_concepts_raised":131987},{"base_id":941,"kind":"top_words","i1":1,"i2":4,"sol":{"path":["/c/en/lindesnes","/c/en/norway","/c/en/country","/c/en/music","/c/en/manele"],"weight":0.21716999999999986},"num_concepts_raised":10055},{"base_id":941,"kind":"top_words","i1":1,"i2":5,"sol":{"path":["/c/en/lindesnes","/c/en/norway","/c/en/country","/c/en/lake","/c/en/vänern"],"weight":0.22109000000000048},"num_concepts_raised":3061},{"base_id":941,"kind":"top_words","i1":1,"i2":6,"sol":{"path":["/c/en/lindesnes","/c/en/norway","/c/en/country","/c/en/lake","/c/en/mývatn"],"weight":0.2194499999999998},"num_concepts_raised":2965},{"base_id":941,"kind":"top_words","i1":1,"i2":7,"sol":{"path":["/c/en/lindesnes","/c/en/norway","/c/en/country","/c/en/lake","/c/en/vättern"],"weight":0.21946999999999975},"num_concepts_raised":3040},{"base_id":941,"kind":"top_words","i1":1,"i2":8,"sol":{"path":["/c/en/lindesnes","/c/en/newspaper","/c/en/house","/c/en/nautical","/c/en/lazaretto"],"weight":0.21226999999999982},"num_concepts_raised":9997},{"base_id":941,"kind":"top_words","i1":1,"i2":9,"sol":{"path":["/c/en/lindesnes","/c/en/norway","/c/en/country","/c/en/town","/c/en/magaluf"],"weight":0.21710999999999986},"num_concepts_raised":3711},{"base_id":941,"kind":"top_words","i1":2,"i2":3,"sol":{"path":["/c/en/peipus","/c/en/lake","/c/fr/localités","/c/en/holdfast"],"weight":0.20260999999999982},"num_concepts_raised":132970},{"base_id":941,"kind":"top_words","i1":2,"i2":4,"sol":{"path":["/c/en/peipus","/c/en/europe","/c/en/balkans","/c/en/manele"],"weight":0.20768999999999982},"num_concepts_raised":11025},{"base_id":941,"kind":"top_words","i1":2,"i2":5,"sol":{"path":["/c/en/peipus","/c/en/lake","/c/en/vänern"],"weight":0.20500000000000002},"num_concepts_raised":91},{"base_id":941,"kind":"top_words","i1":2,"i2":6,"sol":{"path":["/c/en/peipus","/c/en/lake","/c/en/mývatn"],"weight":0.20500000000000002},"num_concepts_raised":63},{"base_id":941,"kind":"top_words","i1":2,"i2":7,"sol":{"path":["/c/en/peipus","/c/en/lake","/c/en/vättern"],"weight":0.20500000000000002},"num_concepts_raised":76},{"base_id":941,"kind":"top_words","i1":2,"i2":8,"sol":{"path":["/c/en/peipus","/c/en/europe","/c/en/port","/c/en/nautical","/c/en/lazaretto"],"weight":0.2028999999999998},"num_concepts_raised":10968},{"base_id":941,"kind":"top_words","i1":2,"i2":9,"sol":{"path":["/c/en/peipus","/c/en/europe","/c/en/uk","/c/en/shagaluf","/c/en/magaluf"],"weight":0.20970999999999984},"num_concepts_raised":4723},{"base_id":941,"kind":"top_words","i1":3,"i2":4,"sol":{"path":["/c/en/holdfast","/c/en/medicine","/c/en/music","/c/en/manele"],"weight":0.20770999999999984},"num_concepts_raised":138617},{"base_id":941,"kind":"top_words","i1":3,"i2":5,"sol":{"path":["/c/en/holdfast","/c/fr/localités","/c/en/lake","/c/en/vänern"],"weight":0.21161000000000046},"num_concepts_raised":131745},{"base_id":941,"kind":"top_words","i1":3,"i2":6,"sol":{"path":["/c/en/holdfast","/c/fr/localités","/c/en/lake","/c/en/mývatn"],"weight":0.2099699999999998},"num_concepts_raised":131642},{"base_id":941,"kind":"top_words","i1":3,"i2":7,"sol":{"path":["/c/en/holdfast","/c/fr/localités","/c/en/lake","/c/en/vättern"],"weight":0.20998999999999973},"num_concepts_raised":131724},{"base_id":941,"kind":"top_words","i1":3,"i2":8,"sol":{"path":["/c/en/holdfast","/c/en/medicine","/c/en/hospital","/c/en/lazaretto"],"weight":0.20286999999999977},"num_concepts_raised":138341},{"base_id":941,"kind":"top_words","i1":3,"i2":9,"sol":{"path":["/c/en/holdfast","/c/en/clamp","/c/en/uk","/c/en/shagaluf","/c/en/magaluf"],"weight":0.20973999999999982},"num_concepts_raised":132218},{"base_id":941,"kind":"top_words","i1":4,"i2":5,"sol":{"path":["/c/en/manele","/c/en/music","/c/en/country","/c/en/lake","/c/en/vänern"],"weight":0.2167400000000005},"num_concepts_raised":9815},{"base_id":941,"kind":"top_words","i1":4,"i2":6,"sol":{"path":["/c/en/manele","/c/en/music","/c/en/country","/c/en/lake","/c/en/mývatn"],"weight":0.21509999999999982},"num_concepts_raised":9710},{"base_id":941,"kind":"top_words","i1":4,"i2":7,"sol":{"path":["/c/en/manele","/c/en/music","/c/en/country","/c/en/lake","/c/en/vättern"],"weight":0.21511999999999976},"num_concepts_raised":9794},{"base_id":941,"kind":"top_words","i1":4,"i2":8,"sol":{"path":["/c/en/manele","/c/en/music","/c/en/fast","/c/en/quarantine","/c/en/lazaretto"],"weight":0.2079599999999998},"num_concepts_raised":16676},{"base_id":941,"kind":"top_words","i1":4,"i2":9,"sol":{"path":["/c/en/manele","/c/en/music","/c/en/country","/c/en/town","/c/en/magaluf"],"weight":0.21275999999999984},"num_concepts_raised":10495},{"base_id":941,"kind":"top_words","i1":5,"i2":6,"sol":{"path":["/c/en/vänern","/c/en/lake","/c/en/mývatn"],"weight":0.20800000000000002},"num_concepts_raised":101},{"base_id":941,"kind":"top_words","i1":5,"i2":7,"sol":{"path":["/c/en/vänern","/c/en/lake","/c/en/vättern"],"weight":0.20800000000000002},"num_concepts_raised":113},{"base_id":941,"kind":"top_words","i1":5,"i2":8,"sol":{"path":["/c/en/vänern","/c/en/lake","/c/en/boat","/c/en/nautical","/c/en/lazaretto"],"weight":0.21188000000000046},"num_concepts_raised":9746},{"base_id":941,"kind":"top_words","i1":5,"i2":9,"sol":{"path":["/c/en/vänern","/c/en/lake","/c/en/country","/c/en/town","/c/en/magaluf"],"weight":0.21668000000000048},"num_concepts_raised":3511},{"base_id":941,"kind":"top_words","i1":6,"i2":7,"sol":{"path":["/c/en/mývatn","/c/en/lake","/c/en/vättern"],"weight":0.20800000000000002},"num_concepts_raised":86},{"base_id":941,"kind":"top_words","i1":6,"i2":8,"sol":{"path":["/c/en/mývatn","/c/en/lake","/c/en/boat","/c/en/nautical","/c/en/lazaretto"],"weight":0.2102399999999998},"num_concepts_raised":9640},{"base_id":941,"kind":"top_words","i1":6,"i2":9,"sol":{"path":["/c/en/mývatn","/c/en/lake","/c/en/country","/c/en/town","/c/en/magaluf"],"weight":0.21503999999999981},"num_concepts_raised":3406},{"base_id":941,"kind":"top_words","i1":7,"i2":8,"sol":{"path":["/c/en/vättern","/c/en/lake","/c/en/boat","/c/en/nautical","/c/en/lazaretto"],"weight":0.21025999999999972},"num_concepts_raised":9725},{"base_id":941,"kind":"top_words","i1":7,"i2":9,"sol":{"path":["/c/en/vättern","/c/en/lake","/c/en/country","/c/en/town","/c/en/magaluf"],"weight":0.21505999999999975},"num_concepts_raised":3489},{"base_id":941,"kind":"top_words","i1":8,"i2":9,"sol":{"path":["/c/en/lazaretto","/c/en/hospital","/c/en/town","/c/en/magaluf"],"weight":0.20785999999999982},"num_concepts_raised":10422}]]