[[{"base_id":306,"kind":"bot_words","i1":0,"i2":1,"sol":{"path":["/c/en/dulcet","/c/en/sweet","/c/en/like","/c/en/month","/c/en/hijri"],"weight":0.2044599999999998},"num_concepts_raised":12237},{"base_id":306,"kind":"bot_words","i1":0,"i2":2,"sol":{"path":["/c/en/dulcet","/c/en/tone","/c/en/shade","/c/en/blinds"],"weight":0.20317999999999992},"num_concepts_raised":8607},{"base_id":306,"kind":"bot_words","i1":0,"i2":3,"sol":{"path":["/c/en/dulcet","/c/en/sweet","/c/en/bitter","/c/en/piercing"],"weight":0.2065599999999995},"num_concepts_raised":15227},{"base_id":306,"kind":"bot_words","i1":0,"i2":4,"sol":{"path":["/c/en/dulcet","/c/en/tone","/c/en/color","/c/en/orchid","/c/en/vanda"],"weight":0.21026999999999985},"num_concepts_raised":13388},{"base_id":306,"kind":"bot_words","i1":0,"i2":5,"sol":{"path":["/c/en/dulcet","/c/en/sweet","/c/en/punch","/c/en/karate","/c/en/karateka"],"weight":0.2053799999999999},"num_concepts_raised":7794},{"base_id":306,"kind":"bot_words","i1":0,"i2":6,"sol":{"path":["/c/en/dulcet","/c/en/taste","/c/en/food","/c/en/shortage"],"weight":0.20570999999999984},"num_concepts_raised":19028},{"base_id":306,"kind":"bot_words","i1":0,"i2":7,"sol":{"path":["/c/en/dulcet","/c/en/sweet","/c/en/sound","/c/en/ear","/c/en/earwax"],"weight":0.21445000000000017},"num_concepts_raised":12570},{"base_id":306,"kind":"bot_words","i1":0,"i2":8,"sol":{"path":["/c/en/dulcet","/c/en/sweet","/c/en/salt","/c/en/result","/c/en/denouement"],"weight":0.20455999999999985},"num_concepts_raised":10323},{"base_id":306,"kind":"bot_words","i1":0,"i2":9,"sol":{"path":["/c/en/dulcet","/c/fro/et","/c/la/atus","/c/en/innervate"],"weight":0.20315999999999984},"num_concepts_raised":9638},{"base_id":306,"kind":"bot_words","i1":1,"i2":2,"sol":{"path":["/c/en/hijri","/c/en/day","/c/en/shade","/c/en/blinds"],"weight":0.20288999999999988},"num_concepts_raised":9369},{"base_id":306,"kind":"bot_words","i1":1,"i2":3,"sol":{"path":["/c/en/hijri","/c/en/day","/c/fr/jour","/c/fr/percement","/c/en/piercing"],"weight":0.20580999999999944},"num_concepts_raised":16086},{"base_id":306,"kind":"bot_words","i1":1,"i2":4,"sol":{"path":["/c/en/hijri","/c/en/day","/c/en/light","/c/en/orchid","/c/en/vanda"],"weight":0.2100099999999998},"num_concepts_raised":14160},{"base_id":306,"kind":"bot_words","i1":1,"i2":5,"sol":{"path":["/c/en/hijri","/c/en/day","/c/en/dayworker","/c/en/worker","/c/en/karateka"],"weight":0.20274999999999985},"num_concepts_raised":8547},{"base_id":306,"kind":"bot_words","i1":1,"i2":6,"sol":{"path":["/c/en/hijri","/c/en/day","/c/en/event","/c/en/shortage"],"weight":0.2053299999999998},"num_concepts_raised":19852},{"base_id":306,"kind":"bot_words","i1":1,"i2":7,"sol":{"path":["/c/en/hijri","/c/en/new_moon","/c/en/wax","/c/en/earwax"],"weight":0.21079000000000012},"num_concepts_raised":13354},{"base_id":306,"kind":"bot_words","i1":1,"i2":8,"sol":{"path":["/c/en/hijri","/c/en/sunset","/c/en/end","/c/ja/大団円","/c/en/denouement"],"weight":0.2039499999999998},"num_concepts_raised":11097},{"base_id":306,"kind":"bot_words","i1":1,"i2":9,"sol":{"path":["/c/en/hijri","/c/en/month","/c/en/body","/c/en/nerve","/c/en/innervate"],"weight":0.20305999999999982},"num_concepts_raised":10421},{"base_id":306,"kind":"bot_words","i1":2,"i2":3,"sol":{"path":["/c/en/blinds","/c/en/window","/c/en/hole","/c/en/pierce","/c/en/piercing"],"weight":0.20699999999999955},"num_concepts_raised":12464},{"base_id":306,"kind":"bot_words","i1":2,"i2":4,"sol":{"path":["/c/en/blinds","/c/en/window","/c/en/light","/c/en/orchid","/c/en/vanda"],"weight":0.2100999999999999},"num_concepts_raised":10543},{"base_id":306,"kind":"bot_words","i1":2,"i2":5,"sol":{"path":["/c/en/blinds","/c/en/blind","/c/en/person","/c/en/worker","/c/en/karateka"],"weight":0.20480999999999994},"num_concepts_raised":4945},{"base_id":306,"kind":"bot_words","i1":2,"i2":6,"sol":{"path":["/c/en/blinds","/c/en/blind","/c/en/lack","/c/en/shortage"],"weight":0.21081999999999987},"num_concepts_raised":16268},{"base_id":306,"kind":"bot_words","i1":2,"i2":7,"sol":{"path":["/c/en/blinds","/c/en/blind","/c/en/slang","/c/en/ear","/c/en/earwax"],"weight":0.2149600000000002},"num_concepts_raised":9752},{"base_id":306,"kind":"bot_words","i1":2,"i2":8,"sol":{"path":["/c/en/blinds","/c/en/shade","/c/en/head","/c/en/denouement"],"weight":0.2029399999999999},"num_concepts_raised":7492},{"base_id":306,"kind":"bot_words","i1":2,"i2":9,"sol":{"path":["/c/en/blinds","/c/en/blind","/c/en/curtain","/c/en/supply","/c/en/innervate"],"weight":0.20514999999999992},"num_concepts_raised":6806},{"base_id":306,"kind":"bot_words","i1":3,"i2":4,"sol":{"path":["/c/en/piercing","/c/en/nose","/c/en/capsule","/c/en/orchid","/c/en/vanda"],"weight":0.21198999999999948},"num_concepts_raised":17211},{"base_id":306,"kind":"bot_words","i1":3,"i2":5,"sol":{"path":["/c/en/piercing","/c/en/pierce","/c/en/punch","/c/en/karate","/c/en/karateka"],"weight":0.20780999999999952},"num_concepts_raised":11648},{"base_id":306,"kind":"bot_words","i1":3,"i2":6,"sol":{"path":["/c/en/piercing","/c/fr/trou","/c/fr/manque","/c/en/shortage"],"weight":0.20879999999999949},"num_concepts_raised":22803},{"base_id":306,"kind":"bot_words","i1":3,"i2":7,"sol":{"path":["/c/en/piercing","/c/en/ear_piercing","/c/en/ear","/c/en/earwax"],"weight":0.21585999999999977},"num_concepts_raised":16322},{"base_id":306,"kind":"bot_words","i1":3,"i2":8,"sol":{"path":["/c/en/piercing","/c/en/nose","/c/en/head","/c/en/denouement"],"weight":0.20491999999999946},"num_concepts_raised":14089},{"base_id":306,"kind":"bot_words","i1":3,"i2":9,"sol":{"path":["/c/en/piercing","/c/en/pecker","/c/en/nerve","/c/en/innervate"],"weight":0.20494999999999947},"num_concepts_raised":13458},{"base_id":306,"kind":"bot_words","i1":4,"i2":5,"sol":{"path":["/c/en/vanda","/c/en/plant","/c/en/person","/c/en/worker","/c/en/karateka"],"weight":0.20783999999999989},"num_concepts_raised":9698},{"base_id":306,"kind":"bot_words","i1":4,"i2":6,"sol":{"path":["/c/en/vanda","/c/en/plant","/c/en/food","/c/en/shortage"],"weight":0.21048999999999984},"num_concepts_raised":20995},{"base_id":306,"kind":"bot_words","i1":4,"i2":7,"sol":{"path":["/c/en/vanda","/c/en/orchid","/c/en/light","/c/en/wax","/c/en/earwax"],"weight":0.21798000000000017},"num_concepts_raised":14456},{"base_id":306,"kind":"bot_words","i1":4,"i2":8,"sol":{"path":["/c/en/vanda","/c/en/orchid","/c/en/flower","/c/en/head","/c/en/denouement"],"weight":0.21009999999999984},"num_concepts_raised":12237},{"base_id":306,"kind":"bot_words","i1":4,"i2":9,"sol":{"path":["/c/en/vanda","/c/en/orchid","/c/fr/botanique","/c/en/nerve","/c/en/innervate"],"weight":0.21016999999999986},"num_concepts_raised":11549},{"base_id":306,"kind":"bot_words","i1":5,"i2":6,"sol":{"path":["/c/en/karateka","/c/en/worker","/c/en/scissorbill","/c/en/lack","/c/en/shortage"],"weight":0.20862999999999987},"num_concepts_raised":15477},{"base_id":306,"kind":"bot_words","i1":5,"i2":7,"sol":{"path":["/c/en/karateka","/c/en/worker","/c/en/bee","/c/en/wax","/c/en/earwax"],"weight":0.21072000000000018},"num_concepts_raised":8917},{"base_id":306,"kind":"bot_words","i1":5,"i2":8,"sol":{"path":["/c/en/karateka","/c/en/karate","/c/fr/sport","/c/ru/финал","/c/en/denouement"],"weight":0.20383999999999988},"num_concepts_raised":6653},{"base_id":306,"kind":"bot_words","i1":5,"i2":9,"sol":{"path":["/c/en/karateka","/c/en/practitioner","/c/en/medicine","/c/en/enervate","/c/en/innervate"],"weight":0.20285999999999987},"num_concepts_raised":5957},{"base_id":306,"kind":"bot_words","i1":6,"i2":7,"sol":{"path":["/c/en/shortage","/c/en/starvation","/c/en/disease","/c/en/earwax"],"weight":0.21313000000000015},"num_concepts_raised":20201},{"base_id":306,"kind":"bot_words","i1":6,"i2":8,"sol":{"path":["/c/en/shortage","/c/en/event","/c/en/result","/c/en/denouement"],"weight":0.20536999999999983},"num_concepts_raised":17910},{"base_id":306,"kind":"bot_words","i1":6,"i2":9,"sol":{"path":["/c/en/shortage","/c/en/ration","/c/en/supply","/c/en/innervate"],"weight":0.20642999999999984},"num_concepts_raised":17246},{"base_id":306,"kind":"bot_words","i1":7,"i2":8,"sol":{"path":["/c/en/earwax","/c/en/ear","/c/en/head","/c/en/denouement"],"weight":0.21290000000000014},"num_concepts_raised":11405},{"base_id":306,"kind":"bot_words","i1":7,"i2":9,"sol":{"path":["/c/en/earwax","/c/en/secrete","/c/en/physiology","/c/en/innervate"],"weight":0.21070000000000016},"num_concepts_raised":10737},{"base_id":306,"kind":"bot_words","i1":8,"i2":9,"sol":{"path":["/c/en/denouement","/c/en/result","/c/en/distribution","/c/en/innervation","/c/en/innervate"],"weight":0.20402999999999982},"num_concepts_raised":8499}],[{"base_id":306,"kind":"top_words","i1":0,"i2":1,"sol":{"path":["/c/en/llc","/c/en/co","/c/en/company","/c/en/dog","/c/en/cerberus"],"weight":0.20412999999999984},"num_concepts_raised":14623},{"base_id":306,"kind":"top_words","i1":0,"i2":2,"sol":{"path":["/c/en/llc","/c/en/inc"],"weight":0.20600000000000002},"num_concepts_raised":64},{"base_id":306,"kind":"top_words","i1":0,"i2":3,"sol":{"path":["/c/en/llc","/c/en/spa","/c/en/person","/c/en/billionaire"],"weight":0.20421000000000006},"num_concepts_raised":24123},{"base_id":306,"kind":"top_words","i1":0,"i2":4,"sol":{"path":["/c/en/llc","/c/en/co","/c/en/slang","/c/en/cloud","/c/en/cumulus"],"weight":0.2059299999999999},"num_concepts_raised":12418},{"base_id":306,"kind":"top_words","i1":0,"i2":5,"sol":{"path":["/c/en/llc","/c/en/co","/c/en/slang","/c/en/medicine","/c/en/therapeutics"],"weight":0.2041899999999998},"num_concepts_raised":25576},{"base_id":306,"kind":"top_words","i1":0,"i2":6,"sol":{"path":["/c/en/llc","/c/en/business","/c/en/consortium"],"weight":0.202},"num_concepts_raised":132},{"base_id":306,"kind":"top_words","i1":0,"i2":7,"sol":{"path":["/c/en/llc","/c/en/legal","/c/en/equity"],"weight":0.202},"num_concepts_raised":208},{"base_id":306,"kind":"top_words","i1":0,"i2":8,"sol":{"path":["/c/en/llc","/c/en/business","/c/en/diversification","/c/en/diversified"],"weight":0.20416999999999985},"num_concepts_raised":10389},{"base_id":306,"kind":"top_words","i1":0,"i2":9,"sol":{"path":["/c/en/llc","/c/en/legal","/c/en/baron","/c/en/tycoon"],"weight":0.20447999999999994},"num_concepts_raised":10941},{"base_id":306,"kind":"top_words","i1":1,"i2":2,"sol":{"path":["/c/en/cerberus","/c/en/dog","/c/en/company","/c/en/incorporated","/c/en/inc"],"weight":0.21240999999999982},"num_concepts_raised":12280},{"base_id":306,"kind":"top_words","i1":1,"i2":3,"sol":{"path":["/c/en/cerberus","/c/en/dog","/c/en/person","/c/en/billionaire"],"weight":0.20427},"num_concepts_raised":20990},{"base_id":306,"kind":"top_words","i1":1,"i2":4,"sol":{"path":["/c/en/cerberus","/c/en/dog","/c/en/dust","/c/en/cloud","/c/en/cumulus"],"weight":0.20494999999999985},"num_concepts_raised":9224},{"base_id":306,"kind":"top_words","i1":1,"i2":5,"sol":{"path":["/c/en/cerberus","/c/en/offspring","/c/en/process","/c/fr/thérapeutique","/c/en/therapeutics"],"weight":0.20410999999999974},"num_concepts_raised":22472},{"base_id":306,"kind":"top_words","i1":1,"i2":6,"sol":{"path":["/c/en/cerberus","/c/en/offspring","/c/en/mate","/c/en/consortium"],"weight":0.2040199999999997},"num_concepts_raised":32602},{"base_id":306,"kind":"top_words","i1":1,"i2":7,"sol":{"path":["/c/en/cerberus","/c/en/pluto","/c/en/money","/c/en/equity"],"weight":0.20462999999999926},"num_concepts_raised":46190},{"base_id":306,"kind":"top_words","i1":1,"i2":8,"sol":{"path":["/c/en/cerberus","/c/en/dog","/c/en/large","/c/en/wide_ranging","/c/en/diversified"],"weight":0.2041699999999998},"num_concepts_raised":7182},{"base_id":306,"kind":"top_words","i1":1,"i2":9,"sol":{"path":["/c/en/cerberus","/c/en/echidna","/c/en/new_guinea","/c/en/taipan","/c/en/tycoon"],"weight":0.2063699999999999},"num_concepts_raised":7754},{"base_id":306,"kind":"top_words","i1":2,"i2":3,"sol":{"path":["/c/en/inc","/c/en/spa","/c/en/person","/c/en/billionaire"],"weight":0.20938},"num_concepts_raised":21894},{"base_id":306,"kind":"top_words","i1":2,"i2":4,"sol":{"path":["/c/en/inc","/c/ja/株","/c/en/pile","/c/en/cumulus"],"weight":0.21093999999999988},"num_concepts_raised":10050},{"base_id":306,"kind":"top_words","i1":2,"i2":5,"sol":{"path":["/c/en/inc","/c/en/surveillance","/c/en/disease","/c/en/therapeutics"],"weight":0.20820999999999976},"num_concepts_raised":23260},{"base_id":306,"kind":"top_words","i1":2,"i2":6,"sol":{"path":["/c/en/inc","/c/en/llc","/c/en/business","/c/en/consortium"],"weight":0.21138999999999972},"num_concepts_raised":33095},{"base_id":306,"kind":"top_words","i1":2,"i2":7,"sol":{"path":["/c/en/inc","/c/en/incorporated","/c/en/value","/c/en/equity"],"weight":0.21384999999999926},"num_concepts_raised":46548},{"base_id":306,"kind":"top_words","i1":2,"i2":8,"sol":{"path":["/c/en/inc","/c/en/incorporated","/c/en/corporate","/c/en/diversification","/c/en/diversified"],"weight":0.21348999999999982},"num_concepts_raised":8047},{"base_id":306,"kind":"top_words","i1":2,"i2":9,"sol":{"path":["/c/en/inc","/c/en/incorporated","/c/en/company","/c/en/leader","/c/en/tycoon"],"weight":0.2136099999999999},"num_concepts_raised":8628},{"base_id":306,"kind":"top_words","i1":3,"i2":4,"sol":{"path":["/c/en/billionaire","/c/en/billion","/c/en/bank","/c/en/cloud","/c/en/cumulus"],"weight":0.2070500000000001},"num_concepts_raised":18930},{"base_id":306,"kind":"top_words","i1":3,"i2":5,"sol":{"path":["/c/en/billionaire","/c/en/person","/c/en/science","/c/en/therapeutics"],"weight":0.20422999999999997},"num_concepts_raised":31996},{"base_id":306,"kind":"top_words","i1":3,"i2":6,"sol":{"path":["/c/en/billionaire","/c/en/person","/c/en/society","/c/en/consortium"],"weight":0.20530999999999994},"num_concepts_raised":41807},{"base_id":306,"kind":"top_words","i1":3,"i2":7,"sol":{"path":["/c/en/billionaire","/c/en/person","/c/en/value","/c/en/equity"],"weight":0.20584999999999948},"num_concepts_raised":55183},{"base_id":306,"kind":"top_words","i1":3,"i2":8,"sol":{"path":["/c/en/billionaire","/c/en/person","/c/en/diversity","/c/en/diversified"],"weight":0.20440000000000003},"num_concepts_raised":16916},{"base_id":306,"kind":"top_words","i1":3,"i2":9,"sol":{"path":["/c/en/billionaire","/c/en/person","/c/en/magnate","/c/en/tycoon"],"weight":0.20716000000000012},"num_concepts_raised":17396},{"base_id":306,"kind":"top_words","i1":4,"i2":5,"sol":{"path":["/c/en/cumulus","/c/fi/kumpupilvi","/c/en/meteorology","/c/en/science","/c/en/therapeutics"],"weight":0.2058299999999998},"num_concepts_raised":20263},{"base_id":306,"kind":"top_words","i1":4,"i2":6,"sol":{"path":["/c/en/cumulus","/c/en/cloud","/c/en/group","/c/en/association","/c/en/consortium"],"weight":0.20614999999999978},"num_concepts_raised":30421},{"base_id":306,"kind":"top_words","i1":4,"i2":7,"sol":{"path":["/c/en/cumulus","/c/en/cloud","/c/en/home","/c/en/equity"],"weight":0.20635999999999932},"num_concepts_raised":43966},{"base_id":306,"kind":"top_words","i1":4,"i2":8,"sol":{"path":["/c/en/cumulus","/c/en/cloud","/c/en/change","/c/en/diversification","/c/en/diversified"],"weight":0.20607999999999987},"num_concepts_raised":4986},{"base_id":306,"kind":"top_words","i1":4,"i2":9,"sol":{"path":["/c/en/cumulus","/c/en/cloud","/c/en/leader","/c/en/tycoon"],"weight":0.20612999999999998},"num_concepts_raised":5570},{"base_id":306,"kind":"top_words","i1":5,"i2":6,"sol":{"path":["/c/en/therapeutics","/c/en/treatment","/c/en/organization","/c/en/consortium"],"weight":0.20414999999999967},"num_concepts_raised":43255},{"base_id":306,"kind":"top_words","i1":5,"i2":7,"sol":{"path":["/c/en/therapeutics","/c/en/treatment","/c/enm/evenhood","/c/en/equity"],"weight":0.2044399999999992},"num_concepts_raised":57001},{"base_id":306,"kind":"top_words","i1":5,"i2":8,"sol":{"path":["/c/en/therapeutics","/c/fr/thérapeutique","/c/en/process","/c/en/heterogeneous","/c/en/diversified"],"weight":0.20522999999999975},"num_concepts_raised":18253},{"base_id":306,"kind":"top_words","i1":5,"i2":9,"sol":{"path":["/c/en/therapeutics","/c/fr/thérapeutique","/c/fr/histoire","/c/fr/magnat","/c/en/tycoon"],"weight":0.20652999999999985},"num_concepts_raised":18837},{"base_id":306,"kind":"top_words","i1":6,"i2":7,"sol":{"path":["/c/en/consortium","/c/en/legal","/c/en/equity"],"weight":0.202},"num_concepts_raised":276},{"base_id":306,"kind":"top_words","i1":6,"i2":8,"sol":{"path":["/c/en/consortium","/c/en/business","/c/en/diversification","/c/en/diversified"],"weight":0.20523999999999973},"num_concepts_raised":28439},{"base_id":306,"kind":"top_words","i1":6,"i2":9,"sol":{"path":["/c/en/consortium","/c/en/organization","/c/ja/実力者","/c/en/tycoon"],"weight":0.20632999999999982},"num_concepts_raised":28988},{"base_id":306,"kind":"top_words","i1":7,"i2":8,"sol":{"path":["/c/en/equity","/c/fr/action","/c/en/part","/c/en/heterogeneous","/c/en/diversified"],"weight":0.20673999999999926},"num_concepts_raised":42071},{"base_id":306,"kind":"top_words","i1":7,"i2":9,"sol":{"path":["/c/en/equity","/c/en/legal","/c/en/baron","/c/en/tycoon"],"weight":0.20605999999999935},"num_concepts_raised":42598},{"base_id":306,"kind":"top_words","i1":8,"i2":9,"sol":{"path":["/c/en/diversified","/c/en/diversity","/c/en/person","/c/en/magnate","/c/en/tycoon"],"weight":0.2061599999999999},"num_concepts_raised":3520}]]