[[{"base_id":95,"kind":"bot_words","i1":0,"i2":1,"sol":{"path":["/c/en/internationalization","/c/en/icu","/c/en/capacity","/c/en/genius"],"weight":0.21333999999999959},"num_concepts_raised":35181},{"base_id":95,"kind":"bot_words","i1":0,"i2":2,"sol":{"path":["/c/en/internationalization","/c/en/international","/c/en/outside","/c/en/appearance","/c/en/bony","/c/en/osseous"],"weight":0.21454020000000001},"num_concepts_raised":313333},{"base_id":95,"kind":"bot_words","i1":0,"i2":3,"sol":{"path":["/c/en/internationalization","/c/en/conversion","/c/ko/전화","/c/en/electrification"],"weight":0.20519000000000015},"num_concepts_raised":1780},{"base_id":95,"kind":"bot_words","i1":0,"i2":4,"sol":{"path":["/c/en/internationalization","/c/en/conversion","/c/en/computing","/c/en/format"],"weight":0.20880999999999933},"num_concepts_raised":38165},{"base_id":95,"kind":"bot_words","i1":0,"i2":5,"sol":{"path":["/c/en/internationalization","/c/en/conversion","/c/en/chemistry","/c/en/keto"],"weight":0.20323999999999998},"num_concepts_raised":19323},{"base_id":95,"kind":"bot_words","i1":0,"i2":6,"sol":{"path":["/c/en/internationalization","/c/en/international","/c/en/external","/c/en/accretion","/c/en/accrete"],"weight":0.20645999999999987},"num_concepts_raised":18286},{"base_id":95,"kind":"bot_words","i1":0,"i2":7,"sol":{"path":["/c/en/internationalization","/c/en/international","/c/en/war","/c/en/hell","/c/en/hellion"],"weight":0.20429999999999998},"num_concepts_raised":3932},{"base_id":95,"kind":"bot_words","i1":0,"i2":8,"sol":{"path":["/c/en/internationalization","/c/en/international","/c/en/common","/c/en/distinguish"],"weight":0.21032999999999896},"num_concepts_raised":58806},{"base_id":95,"kind":"bot_words","i1":0,"i2":9,"sol":{"path":["/c/en/internationalization","/c/en/conversion","/c/en/computing","/c/en/ghost","/c/en/ghosts"],"weight":0.21259999999999987},"num_concepts_raised":5329},{"base_id":95,"kind":"bot_words","i1":1,"i2":2,"sol":{"path":["/c/en/genius","/c/en/flash","/c/en/bone","/c/en/osseous"],"weight":0.2147099999999996},"num_concepts_raised":36383},{"base_id":95,"kind":"bot_words","i1":1,"i2":3,"sol":{"path":["/c/en/genius","/c/fr/génie","/c/fr/corps","/c/fr/électrisation","/c/en/electrification"],"weight":0.21969999999999967},"num_concepts_raised":34423},{"base_id":95,"kind":"bot_words","i1":1,"i2":4,"sol":{"path":["/c/en/genius","/c/en/engine","/c/en/computing","/c/en/format"],"weight":0.22048999999999885},"num_concepts_raised":69249},{"base_id":95,"kind":"bot_words","i1":1,"i2":5,"sol":{"path":["/c/en/genius","/c/xcl/հոգի","/c/en/chemistry","/c/en/keto"],"weight":0.2128399999999995},"num_concepts_raised":51853},{"base_id":95,"kind":"bot_words","i1":1,"i2":6,"sol":{"path":["/c/en/genius","/c/en/person","/c/en/plant","/c/en/accrete"],"weight":0.2133999999999994},"num_concepts_raised":50617},{"base_id":95,"kind":"bot_words","i1":1,"i2":7,"sol":{"path":["/c/en/genius","/c/en/demon","/c/en/devil","/c/en/hellion"],"weight":0.2131899999999995},"num_concepts_raised":36267},{"base_id":95,"kind":"bot_words","i1":1,"i2":8,"sol":{"path":["/c/en/genius","/c/en/person","/c/en/distinguish"],"weight":0.20400000000000001},"num_concepts_raised":789},{"base_id":95,"kind":"bot_words","i1":1,"i2":9,"sol":{"path":["/c/en/genius","/c/en/spirit","/c/en/ghost","/c/en/ghosts"],"weight":0.2225999999999994},"num_concepts_raised":37487},{"base_id":95,"kind":"bot_words","i1":2,"i2":3,"sol":{"path":["/c/en/osseous","/c/en/bone","/c/en/ossification","/c/en/ification","/c/en/electrification"],"weight":0.20556000000000013},"num_concepts_raised":3051},{"base_id":95,"kind":"bot_words","i1":2,"i2":4,"sol":{"path":["/c/en/osseous","/c/en/bony","/c/en/appearance","/c/en/format"],"weight":0.20955999999999933},"num_concepts_raised":39469},{"base_id":95,"kind":"bot_words","i1":2,"i2":5,"sol":{"path":["/c/en/osseous","/c/en/bone","/c/en/rod","/c/en/chemistry","/c/en/keto"],"weight":0.20459999999999998},"num_concepts_raised":20589},{"base_id":95,"kind":"bot_words","i1":2,"i2":6,"sol":{"path":["/c/en/osseous","/c/en/bone","/c/en/item","/c/en/accretion","/c/en/accrete"],"weight":0.20677999999999985},"num_concepts_raised":19490},{"base_id":95,"kind":"bot_words","i1":2,"i2":7,"sol":{"path":["/c/en/osseous","/c/en/bone","/c/en/slang","/c/en/devil","/c/en/hellion"],"weight":0.20471999999999996},"num_concepts_raised":5192},{"base_id":95,"kind":"bot_words","i1":2,"i2":8,"sol":{"path":["/c/en/osseous","/c/en/bone","/c/en/make","/c/en/distinguish"],"weight":0.21068999999999893},"num_concepts_raised":60025},{"base_id":95,"kind":"bot_words","i1":2,"i2":9,"sol":{"path":["/c/en/osseous","/c/en/bone","/c/en/dead","/c/en/ghost","/c/en/ghosts"],"weight":0.21396999999999988},"num_concepts_raised":6584},{"base_id":95,"kind":"bot_words","i1":3,"i2":4,"sol":{"path":["/c/en/electrification","/c/ko/전화","/c/en/change","/c/en/format"],"weight":0.2084799999999994},"num_concepts_raised":37503},{"base_id":95,"kind":"bot_words","i1":3,"i2":5,"sol":{"path":["/c/en/electrification","/c/ko/전화","/c/en/conversion","/c/en/chemistry","/c/en/keto"],"weight":0.20473000000000005},"num_concepts_raised":18569},{"base_id":95,"kind":"bot_words","i1":3,"i2":6,"sol":{"path":["/c/en/electrification","/c/ko/전화","/c/en/change","/c/en/grow","/c/en/accrete"],"weight":0.20502999999999993},"num_concepts_raised":17517},{"base_id":95,"kind":"bot_words","i1":3,"i2":7,"sol":{"path":["/c/en/electrification","/c/ko/전화","/c/en/war","/c/en/hell","/c/en/hellion"],"weight":0.20475000000000004},"num_concepts_raised":3156},{"base_id":95,"kind":"bot_words","i1":3,"i2":8,"sol":{"path":["/c/en/electrification","/c/en/exploitation","/c/en/development","/c/en/differentiate","/c/en/distinguish"],"weight":0.21279999999999902},"num_concepts_raised":58085},{"base_id":95,"kind":"bot_words","i1":3,"i2":9,"sol":{"path":["/c/en/electrification","/c/ja/充電","/c/en/electronic","/c/en/house_music","/c/en/ghosts"],"weight":0.20889999999999995},"num_concepts_raised":4562},{"base_id":95,"kind":"bot_words","i1":4,"i2":5,"sol":{"path":["/c/en/format","/c/en/medium","/c/en/chemistry","/c/en/keto"],"weight":0.20659999999999923},"num_concepts_raised":54790},{"base_id":95,"kind":"bot_words","i1":4,"i2":6,"sol":{"path":["/c/en/format","/c/en/form","/c/en/plant","/c/en/accrete"],"weight":0.20807999999999913},"num_concepts_raised":53503},{"base_id":95,"kind":"bot_words","i1":4,"i2":7,"sol":{"path":["/c/en/format","/c/fr/format","/c/fr/objet","/c/fr/diable","/c/en/hellion"],"weight":0.20993999999999918},"num_concepts_raised":39617},{"base_id":95,"kind":"bot_words","i1":4,"i2":8,"sol":{"path":["/c/en/format","/c/en/divide","/c/it/distinguere","/c/en/distinguish"],"weight":0.2151799999999982},"num_concepts_raised":90444},{"base_id":95,"kind":"bot_words","i1":4,"i2":9,"sol":{"path":["/c/en/format","/c/en/single","/c/en/ghosts"],"weight":0.20400000000000001},"num_concepts_raised":326},{"base_id":95,"kind":"bot_words","i1":5,"i2":6,"sol":{"path":["/c/en/keto","/c/en/chemistry","/c/en/biology","/c/en/accretion","/c/en/accrete"],"weight":0.20497999999999977},"num_concepts_raised":34932},{"base_id":95,"kind":"bot_words","i1":5,"i2":7,"sol":{"path":["/c/en/keto","/c/en/oxy","/c/en/slang","/c/en/devil","/c/en/hellion"],"weight":0.20280999999999988},"num_concepts_raised":20717},{"base_id":95,"kind":"bot_words","i1":5,"i2":8,"sol":{"path":["/c/en/keto","/c/en/chemistry","/c/en/type","/c/en/distinguish"],"weight":0.20887999999999884},"num_concepts_raised":75403},{"base_id":95,"kind":"bot_words","i1":5,"i2":9,"sol":{"path":["/c/en/keto","/c/en/chemistry","/c/en/medium","/c/en/ghost","/c/en/ghosts"],"weight":0.21210999999999977},"num_concepts_raised":22092},{"base_id":95,"kind":"bot_words","i1":6,"i2":7,"sol":{"path":["/c/en/accrete","/c/en/plant","/c/it/piantare","/c/it/piantagrane","/c/en/hellion"],"weight":0.20400999999999975},"num_concepts_raised":19648},{"base_id":95,"kind":"bot_words","i1":6,"i2":8,"sol":{"path":["/c/en/accrete","/c/en/combine","/c/en/separate","/c/en/distinguish"],"weight":0.20990999999999876},"num_concepts_raised":73819},{"base_id":95,"kind":"bot_words","i1":6,"i2":9,"sol":{"path":["/c/en/accrete","/c/en/botany","/c/en/single","/c/en/ghosts"],"weight":0.20814999999999967},"num_concepts_raised":20994},{"base_id":95,"kind":"bot_words","i1":7,"i2":8,"sol":{"path":["/c/en/hellion","/c/en/devil","/c/en/cut","/c/en/tell","/c/en/distinguish"],"weight":0.21124999999999883},"num_concepts_raised":60144},{"base_id":95,"kind":"bot_words","i1":7,"i2":9,"sol":{"path":["/c/en/hellion","/c/en/larva","/c/en/ghost","/c/en/ghosts"],"weight":0.21205999999999975},"num_concepts_raised":6663},{"base_id":95,"kind":"bot_words","i1":8,"i2":9,"sol":{"path":["/c/en/distinguish","/c/en/person","/c/en/ghost","/c/en/ghosts"],"weight":0.21826999999999874},"num_concepts_raised":61208}],[{"base_id":95,"kind":"top_words","i1":0,"i2":1,"sol":{"path":["/c/en/paul","/c/en/saint","/c/en/holy","/c/en/beatified"],"weight":0.2059899999999997},"num_concepts_raised":130558},{"base_id":95,"kind":"top_words","i1":0,"i2":2,"sol":{"path":["/c/en/paul","/c/en/coin","/c/en/food","/c/en/haggis"],"weight":0.2117499999999999},"num_concepts_raised":140545},{"base_id":95,"kind":"top_words","i1":0,"i2":3,"sol":{"path":["/c/en/paul","/c/en/religious","/c/en/pope"],"weight":0.20600000000000002},"num_concepts_raised":619},{"base_id":95,"kind":"top_words","i1":0,"i2":4,"sol":{"path":["/c/en/paul","/c/en/saint","/c/en/canonization","/c/en/beatification"],"weight":0.21290999999999966},"num_concepts_raised":138261},{"base_id":95,"kind":"top_words","i1":0,"i2":5,"sol":{"path":["/c/en/paul","/c/en/name","/c/en/man","/c/en/manship"],"weight":0.20594999999999963},"num_concepts_raised":135726},{"base_id":95,"kind":"top_words","i1":0,"i2":6,"sol":{"path":["/c/en/paul","/c/en/name","/c/en/company","/c/en/auster"],"weight":0.21094999999999967},"num_concepts_raised":135536},{"base_id":95,"kind":"top_words","i1":0,"i2":7,"sol":{"path":["/c/en/paul","/c/en/poll","/c/en/european","/c/en/carrack"],"weight":0.2060199999999997},"num_concepts_raised":139409},{"base_id":95,"kind":"top_words","i1":0,"i2":8,"sol":{"path":["/c/en/paul","/c/en/poll","/c/en/mass","/c/en/pontificate"],"weight":0.2065799999999996},"num_concepts_raised":146552},{"base_id":95,"kind":"top_words","i1":0,"i2":9,"sol":{"path":["/c/en/paul","/c/en/saint","/c/en/sainthood"],"weight":0.202},"num_concepts_raised":195},{"base_id":95,"kind":"top_words","i1":1,"i2":2,"sol":{"path":["/c/en/beatified","/c/en/blessed","/c/en/silly","/c/en/scottish","/c/en/haggis"],"weight":0.2108100000000002},"num_concepts_raised":12766},{"base_id":95,"kind":"top_words","i1":1,"i2":3,"sol":{"path":["/c/en/beatified","/c/en/holy","/c/en/pope"],"weight":0.20700000000000002},"num_concepts_raised":475},{"base_id":95,"kind":"top_words","i1":1,"i2":4,"sol":{"path":["/c/en/beatified","/c/en/blessed","/c/en/beatification"],"weight":0.20600000000000002},"num_concepts_raised":87},{"base_id":95,"kind":"top_words","i1":1,"i2":5,"sol":{"path":["/c/en/beatified","/c/en/blessed","/c/en/revere","/c/en/respect","/c/en/manship"],"weight":0.2040399999999999},"num_concepts_raised":7898},{"base_id":95,"kind":"top_words","i1":1,"i2":6,"sol":{"path":["/c/en/beatified","/c/en/holy","/c/en/god","/c/en/auster"],"weight":0.20892999999999995},"num_concepts_raised":7511},{"base_id":95,"kind":"top_words","i1":1,"i2":7,"sol":{"path":["/c/en/beatified","/c/en/blessed","/c/fr/religion","/c/fr/nef","/c/en/carrack"],"weight":0.20416999999999996},"num_concepts_raised":11678},{"base_id":95,"kind":"top_words","i1":1,"i2":8,"sol":{"path":["/c/en/beatified","/c/en/blessed","/c/fr/religion","/c/en/pontificate"],"weight":0.20477999999999985},"num_concepts_raised":18964},{"base_id":95,"kind":"top_words","i1":1,"i2":9,"sol":{"path":["/c/en/beatified","/c/en/holy","/c/en/saint","/c/en/sainthood"],"weight":0.20396999999999993},"num_concepts_raised":6134},{"base_id":95,"kind":"top_words","i1":2,"i2":3,"sol":{"path":["/c/en/haggis","/c/en/food","/c/en/bishop","/c/en/pope"],"weight":0.2312899999999999},"num_concepts_raised":91378},{"base_id":95,"kind":"top_words","i1":2,"i2":4,"sol":{"path":["/c/en/haggis","/c/fr/haggis","/c/fr/brebis","/c/fr/religion","/c/en/beatification"],"weight":0.21959000000000015},"num_concepts_raised":20631},{"base_id":95,"kind":"top_words","i1":2,"i2":5,"sol":{"path":["/c/en/haggis","/c/en/artificial","/c/en/man","/c/en/manship"],"weight":0.20954000000000012},"num_concepts_raised":18214},{"base_id":95,"kind":"top_words","i1":2,"i2":6,"sol":{"path":["/c/en/haggis","/c/en/sheep","/c/en/wind","/c/en/auster"],"weight":0.21470000000000017},"num_concepts_raised":17806},{"base_id":95,"kind":"top_words","i1":2,"i2":7,"sol":{"path":["/c/en/haggis","/c/en/dish","/c/en/vessel","/c/en/carrack"],"weight":0.20975000000000016},"num_concepts_raised":21832},{"base_id":95,"kind":"top_words","i1":2,"i2":8,"sol":{"path":["/c/en/haggis","/c/en/food","/c/en/bishop","/c/en/pontificate"],"weight":0.2104100000000001},"num_concepts_raised":29256},{"base_id":95,"kind":"top_words","i1":2,"i2":9,"sol":{"path":["/c/en/haggis","/c/en/sheep","/c/en/group","/c/en/sainthood"],"weight":0.20961000000000013},"num_concepts_raised":16574},{"base_id":95,"kind":"top_words","i1":3,"i2":4,"sol":{"path":["/c/en/pope","/c/en/roman_catholic","/c/en/beatification"],"weight":0.20800000000000002},"num_concepts_raised":524},{"base_id":95,"kind":"top_words","i1":3,"i2":5,"sol":{"path":["/c/en/pope","/c/en/man","/c/en/manship"],"weight":0.20600000000000002},"num_concepts_raised":486},{"base_id":95,"kind":"top_words","i1":3,"i2":6,"sol":{"path":["/c/en/pope","/c/en/church","/c/en/god","/c/en/auster"],"weight":0.22724999999999965},"num_concepts_raised":86834},{"base_id":95,"kind":"top_words","i1":3,"i2":7,"sol":{"path":["/c/en/pope","/c/en/historical","/c/en/carrack"],"weight":0.20600000000000002},"num_concepts_raised":486},{"base_id":95,"kind":"top_words","i1":3,"i2":8,"sol":{"path":["/c/en/pope","/c/en/pontiff","/c/en/pontificate"],"weight":0.21000000000000002},"num_concepts_raised":517},{"base_id":95,"kind":"top_words","i1":3,"i2":9,"sol":{"path":["/c/en/pope","/c/en/saint","/c/en/sainthood"],"weight":0.20600000000000002},"num_concepts_raised":485},{"base_id":95,"kind":"top_words","i1":4,"i2":5,"sol":{"path":["/c/en/beatification","/c/en/action","/c/en/conduct","/c/en/manship"],"weight":0.20865999999999985},"num_concepts_raised":15756},{"base_id":95,"kind":"top_words","i1":4,"i2":6,"sol":{"path":["/c/en/beatification","/c/en/blessed","/c/en/holy","/c/en/god","/c/en/auster"],"weight":0.21589999999999987},"num_concepts_raised":15324},{"base_id":95,"kind":"top_words","i1":4,"i2":7,"sol":{"path":["/c/en/beatification","/c/fr/religion","/c/fr/nef","/c/en/carrack"],"weight":0.20895999999999992},"num_concepts_raised":19577},{"base_id":95,"kind":"top_words","i1":4,"i2":8,"sol":{"path":["/c/en/beatification","/c/fr/religion","/c/en/pontificate"],"weight":0.20400000000000001},"num_concepts_raised":135},{"base_id":95,"kind":"top_words","i1":4,"i2":9,"sol":{"path":["/c/en/beatification","/c/en/canonization","/c/en/saint","/c/en/sainthood"],"weight":0.21090999999999988},"num_concepts_raised":14060},{"base_id":95,"kind":"top_words","i1":5,"i2":6,"sol":{"path":["/c/en/manship","/c/en/chivalry","/c/en/god","/c/en/auster"],"weight":0.20788999999999985},"num_concepts_raised":12983},{"base_id":95,"kind":"top_words","i1":5,"i2":7,"sol":{"path":["/c/en/manship","/c/en/chivalry","/c/en/historical","/c/en/carrack"],"weight":0.20297999999999988},"num_concepts_raised":17137},{"base_id":95,"kind":"top_words","i1":5,"i2":8,"sol":{"path":["/c/en/manship","/c/en/dignity","/c/en/state","/c/en/pontificate"],"weight":0.2035199999999998},"num_concepts_raised":24412},{"base_id":95,"kind":"top_words","i1":5,"i2":9,"sol":{"path":["/c/en/manship","/c/en/man","/c/en/saint","/c/en/sainthood"],"weight":0.20289999999999986},"num_concepts_raised":11666},{"base_id":95,"kind":"top_words","i1":6,"i2":7,"sol":{"path":["/c/en/auster","/c/en/company","/c/en/nautical","/c/it/caracca","/c/en/carrack"],"weight":0.21011999999999992},"num_concepts_raised":16727},{"base_id":95,"kind":"top_words","i1":6,"i2":8,"sol":{"path":["/c/en/auster","/c/en/south","/c/en/state","/c/en/pontificate"],"weight":0.20863999999999983},"num_concepts_raised":23929},{"base_id":95,"kind":"top_words","i1":6,"i2":9,"sol":{"path":["/c/en/auster","/c/en/company","/c/en/group","/c/en/sainthood"],"weight":0.2078699999999999},"num_concepts_raised":11234},{"base_id":95,"kind":"top_words","i1":7,"i2":8,"sol":{"path":["/c/en/carrack","/c/en/historical","/c/en/pontiff","/c/en/pontificate"],"weight":0.20569999999999986},"num_concepts_raised":28119},{"base_id":95,"kind":"top_words","i1":7,"i2":9,"sol":{"path":["/c/en/carrack","/c/en/historical","/c/en/venerable","/c/en/sainthood"],"weight":0.20295999999999992},"num_concepts_raised":15467},{"base_id":95,"kind":"top_words","i1":8,"i2":9,"sol":{"path":["/c/en/pontificate","/c/en/state","/c/en/hood","/c/en/sainthood"],"weight":0.20352999999999982},"num_concepts_raised":22655}]]