[[{"base_id":506,"kind":"bot_words","i1":0,"i2":1,"sol":{"path":["/c/en/suitcase","/c/en/trade","/c/en/tonya","/c/en/wholesaler"],"weight":0.20780999999999983},"num_concepts_raised":31108},{"base_id":506,"kind":"bot_words","i1":0,"i2":2,"sol":{"path":["/c/en/suitcase","/c/en/book","/c/en/scripture","/c/en/scriptural"],"weight":0.20846999999999982},"num_concepts_raised":30627},{"base_id":506,"kind":"bot_words","i1":0,"i2":3,"sol":{"path":["/c/en/suitcase","/c/en/airport","/c/en/terminal","/c/en/rheostat"],"weight":0.20763999999999977},"num_concepts_raised":32429},{"base_id":506,"kind":"bot_words","i1":0,"i2":4,"sol":{"path":["/c/en/suitcase","/c/en/book","/c/en/plant","/c/en/damson"],"weight":0.21326999999999974},"num_concepts_raised":37733},{"base_id":506,"kind":"bot_words","i1":0,"i2":5,"sol":{"path":["/c/en/suitcase","/c/en/bomb","/c/en/atom","/c/en/osmium"],"weight":0.21659000000000006},"num_concepts_raised":33887},{"base_id":506,"kind":"bot_words","i1":0,"i2":6,"sol":{"path":["/c/en/suitcase","/c/en/case","/c/en/legal","/c/en/declarant"],"weight":0.20882999999999985},"num_concepts_raised":36809},{"base_id":506,"kind":"bot_words","i1":0,"i2":7,"sol":{"path":["/c/en/suitcase","/c/en/suit","/c/en/human","/c/en/syndactyly"],"weight":0.2088299999999998},"num_concepts_raised":46676},{"base_id":506,"kind":"bot_words","i1":0,"i2":8,"sol":{"path":["/c/en/suitcase","/c/en/book","/c/en/city","/c/en/nakhchivan"],"weight":0.21271999999999966},"num_concepts_raised":33026},{"base_id":506,"kind":"bot_words","i1":0,"i2":9,"sol":{"path":["/c/en/suitcase","/c/en/case","/c/en/light","/c/en/photosynthesize"],"weight":0.20881999999999984},"num_concepts_raised":39574},{"base_id":506,"kind":"bot_words","i1":1,"i2":2,"sol":{"path":["/c/en/wholesaler","/c/en/whole","/c/en/holy","/c/en/scripture","/c/en/scriptural"],"weight":0.20417999999999997},"num_concepts_raised":2883},{"base_id":506,"kind":"bot_words","i1":1,"i2":3,"sol":{"path":["/c/en/wholesaler","/c/en/distributor","/c/en/electric","/c/en/dimmer","/c/en/rheostat"],"weight":0.2054399999999999},"num_concepts_raised":4810},{"base_id":506,"kind":"bot_words","i1":1,"i2":4,"sol":{"path":["/c/en/wholesaler","/c/en/wholesale","/c/en/product","/c/en/plant","/c/en/damson"],"weight":0.20906999999999984},"num_concepts_raised":10137},{"base_id":506,"kind":"bot_words","i1":1,"i2":5,"sol":{"path":["/c/en/wholesaler","/c/en/whole","/c/en/compound","/c/en/iridosmine","/c/en/osmium"],"weight":0.2143900000000002},"num_concepts_raised":6171},{"base_id":506,"kind":"bot_words","i1":1,"i2":6,"sol":{"path":["/c/en/wholesaler","/c/fr/grossiste","/c/fr/commerce","/c/en/statement","/c/en/declarant"],"weight":0.20432},"num_concepts_raised":9381},{"base_id":506,"kind":"bot_words","i1":1,"i2":7,"sol":{"path":["/c/en/wholesaler","/c/en/whole","/c/en/digit","/c/en/syndactyly"],"weight":0.20342999999999992},"num_concepts_raised":19545},{"base_id":506,"kind":"bot_words","i1":1,"i2":8,"sol":{"path":["/c/en/wholesaler","/c/en/retailer","/c/en/merchant","/c/en/city","/c/en/nakhchivan"],"weight":0.20945999999999979},"num_concepts_raised":5429},{"base_id":506,"kind":"bot_words","i1":1,"i2":9,"sol":{"path":["/c/en/wholesaler","/c/en/wholesale","/c/en/product","/c/en/synthesize","/c/en/photosynthesize"],"weight":0.20425999999999997},"num_concepts_raised":12266},{"base_id":506,"kind":"bot_words","i1":2,"i2":3,"sol":{"path":["/c/en/scriptural","/c/en/scripture","/c/en/word","/c/en/terminal","/c/en/rheostat"],"weight":0.20389999999999986},"num_concepts_raised":4314},{"base_id":506,"kind":"bot_words","i1":2,"i2":4,"sol":{"path":["/c/en/scriptural","/c/en/scripture","/c/en/puya","/c/en/plant","/c/en/damson"],"weight":0.20954999999999982},"num_concepts_raised":9643},{"base_id":506,"kind":"bot_words","i1":2,"i2":5,"sol":{"path":["/c/en/scriptural","/c/en/scripture","/c/en/mass","/c/en/atom","/c/en/osmium"],"weight":0.21293000000000017},"num_concepts_raised":5677},{"base_id":506,"kind":"bot_words","i1":2,"i2":6,"sol":{"path":["/c/en/scriptural","/c/en/scripture","/c/en/statement","/c/en/declarant"],"weight":0.20375999999999997},"num_concepts_raised":8882},{"base_id":506,"kind":"bot_words","i1":2,"i2":7,"sol":{"path":["/c/en/scriptural","/c/en/scripture","/c/en/lord","/c/en/human","/c/en/syndactyly"],"weight":0.2039899999999999},"num_concepts_raised":19069},{"base_id":506,"kind":"bot_words","i1":2,"i2":8,"sol":{"path":["/c/en/scriptural","/c/en/scripture","/c/en/book","/c/en/city","/c/en/nakhchivan"],"weight":0.20896999999999977},"num_concepts_raised":4932},{"base_id":506,"kind":"bot_words","i1":2,"i2":9,"sol":{"path":["/c/en/scriptural","/c/en/scripture","/c/en/mass","/c/en/energy","/c/en/photosynthesize"],"weight":0.20380999999999994},"num_concepts_raised":11779},{"base_id":506,"kind":"bot_words","i1":3,"i2":4,"sol":{"path":["/c/en/rheostat","/c/en/terminal","/c/en/term","/c/en/plant","/c/en/damson"],"weight":0.20873999999999976},"num_concepts_raised":11560},{"base_id":506,"kind":"bot_words","i1":3,"i2":5,"sol":{"path":["/c/en/rheostat","/c/en/variable","/c/fr/chimie","/c/ca/osmi","/c/en/osmium"],"weight":0.21679000000000012},"num_concepts_raised":7582},{"base_id":506,"kind":"bot_words","i1":3,"i2":6,"sol":{"path":["/c/en/rheostat","/c/en/variable","/c/en/declare","/c/en/declarant"],"weight":0.20289999999999989},"num_concepts_raised":10750},{"base_id":506,"kind":"bot_words","i1":3,"i2":7,"sol":{"path":["/c/en/rheostat","/c/en/terminal","/c/en/biology","/c/en/syndactyly"],"weight":0.2030699999999998},"num_concepts_raised":20921},{"base_id":506,"kind":"bot_words","i1":3,"i2":8,"sol":{"path":["/c/en/rheostat","/c/en/terminal","/c/en/term","/c/en/city","/c/en/nakhchivan"],"weight":0.20816999999999972},"num_concepts_raised":6860},{"base_id":506,"kind":"bot_words","i1":3,"i2":9,"sol":{"path":["/c/en/rheostat","/c/en/dimmer","/c/en/light","/c/en/photosynthesize"],"weight":0.2049599999999999},"num_concepts_raised":13575},{"base_id":506,"kind":"bot_words","i1":4,"i2":5,"sol":{"path":["/c/en/damson","/c/en/plant","/c/en/mineral","/c/en/osmiridium","/c/en/osmium"],"weight":0.22181000000000006},"num_concepts_raised":12914},{"base_id":506,"kind":"bot_words","i1":4,"i2":6,"sol":{"path":["/c/en/damson","/c/en/plum","/c/en/property","/c/en/legal","/c/en/declarant"],"weight":0.21081999999999984},"num_concepts_raised":16124},{"base_id":506,"kind":"bot_words","i1":4,"i2":7,"sol":{"path":["/c/en/damson","/c/en/plant","/c/en/animal","/c/en/syndactyly"],"weight":0.20884999999999976},"num_concepts_raised":25953},{"base_id":506,"kind":"bot_words","i1":4,"i2":8,"sol":{"path":["/c/en/damson","/c/en/eurasia","/c/en/asia","/c/en/nakhchivan"],"weight":0.21381999999999968},"num_concepts_raised":12152},{"base_id":506,"kind":"bot_words","i1":4,"i2":9,"sol":{"path":["/c/en/damson","/c/en/plant","/c/en/photosynthesis","/c/en/photosynthesize"],"weight":0.20866999999999986},"num_concepts_raised":18874},{"base_id":506,"kind":"bot_words","i1":5,"i2":6,"sol":{"path":["/c/en/osmium","/c/en/iridosmine","/c/en/compound","/c/en/legal","/c/en/declarant"],"weight":0.2139900000000002},"num_concepts_raised":12174},{"base_id":506,"kind":"bot_words","i1":5,"i2":7,"sol":{"path":["/c/en/osmium","/c/en/atom","/c/en/fused","/c/en/syndactyly"],"weight":0.21207000000000015},"num_concepts_raised":22294},{"base_id":506,"kind":"bot_words","i1":5,"i2":8,"sol":{"path":["/c/en/osmium","/c/fr/éléments","/c/en/sulphur","/c/en/city","/c/en/nakhchivan"],"weight":0.21750000000000003},"num_concepts_raised":8222},{"base_id":506,"kind":"bot_words","i1":5,"i2":9,"sol":{"path":["/c/en/osmium","/c/en/atom","/c/en/energy","/c/en/photosynthesize"],"weight":0.2119800000000002},"num_concepts_raised":14982},{"base_id":506,"kind":"bot_words","i1":6,"i2":7,"sol":{"path":["/c/en/declarant","/c/en/legal","/c/en/person","/c/en/finger","/c/en/syndactyly"],"weight":0.20312999999999992},"num_concepts_raised":25478},{"base_id":506,"kind":"bot_words","i1":6,"i2":8,"sol":{"path":["/c/en/declarant","/c/en/legal","/c/en/settlement","/c/en/city","/c/en/nakhchivan"],"weight":0.20801999999999982},"num_concepts_raised":11421},{"base_id":506,"kind":"bot_words","i1":6,"i2":9,"sol":{"path":["/c/en/declarant","/c/en/legal","/c/en/compound","/c/en/synthesize","/c/en/photosynthesize"],"weight":0.20375},"num_concepts_raised":18232},{"base_id":506,"kind":"bot_words","i1":7,"i2":8,"sol":{"path":["/c/en/syndactyly","/c/en/human","/c/en/city","/c/en/nakhchivan"],"weight":0.2082499999999997},"num_concepts_raised":21502},{"base_id":506,"kind":"bot_words","i1":7,"i2":9,"sol":{"path":["/c/en/syndactyly","/c/en/human","/c/en/energy","/c/en/photosynthesize"],"weight":0.2030399999999999},"num_concepts_raised":28126},{"base_id":506,"kind":"bot_words","i1":8,"i2":9,"sol":{"path":["/c/en/nakhchivan","/c/en/city","/c/en/water","/c/en/photosynthesize"],"weight":0.20797999999999978},"num_concepts_raised":14305}],[{"base_id":506,"kind":"top_words","i1":0,"i2":1,"sol":{"path":["/c/en/understanding","/c/en/agreement","/c/syc/ܐܡܝܢ","/c/en/truly"],"weight":0.2281299999999971},"num_concepts_raised":55713},{"base_id":506,"kind":"top_words","i1":0,"i2":2,"sol":{"path":["/c/en/understanding","/c/en/agreement","/c/en/good","/c/en/honest"],"weight":0.23006999999999672},"num_concepts_raised":99399},{"base_id":506,"kind":"top_words","i1":0,"i2":3,"sol":{"path":["/c/en/understanding","/c/en/realize"],"weight":0.20400000000000001},"num_concepts_raised":1024},{"base_id":506,"kind":"top_words","i1":0,"i2":4,"sol":{"path":["/c/en/understanding","/c/en/understand"],"weight":0.20800000000000002},"num_concepts_raised":1581},{"base_id":506,"kind":"top_words","i1":0,"i2":5,"sol":{"path":["/c/en/understanding","/c/en/respect"],"weight":0.20600000000000002},"num_concepts_raised":1499},{"base_id":506,"kind":"top_words","i1":0,"i2":6,"sol":{"path":["/c/en/understanding","/c/en/knowledge","/c/en/experience"],"weight":0.21100000000000002},"num_concepts_raised":1493},{"base_id":506,"kind":"top_words","i1":0,"i2":7,"sol":{"path":["/c/en/understanding","/c/en/knowledge","/c/en/wisdom"],"weight":0.21000000000000002},"num_concepts_raised":1114},{"base_id":506,"kind":"top_words","i1":0,"i2":8,"sol":{"path":["/c/en/understanding","/c/en/mental","/c/en/moral"],"weight":0.20500000000000002},"num_concepts_raised":1135},{"base_id":506,"kind":"top_words","i1":0,"i2":9,"sol":{"path":["/c/en/understanding","/c/en/understand","/c/en/appreciate"],"weight":0.20500000000000002},"num_concepts_raised":935},{"base_id":506,"kind":"top_words","i1":1,"i2":2,"sol":{"path":["/c/en/truly","/c/en/true","/c/en/honest"],"weight":0.20700000000000002},"num_concepts_raised":882},{"base_id":506,"kind":"top_words","i1":1,"i2":3,"sol":{"path":["/c/en/truly","/c/en/really","/c/en/real","/c/en/realize"],"weight":0.22101999999999816},"num_concepts_raised":48742},{"base_id":506,"kind":"top_words","i1":1,"i2":4,"sol":{"path":["/c/en/truly","/c/en/true","/c/en/believe","/c/en/understand"],"weight":0.22968999999999573},"num_concepts_raised":72073},{"base_id":506,"kind":"top_words","i1":1,"i2":5,"sol":{"path":["/c/en/truly","/c/en/sincerely","/c/en/regard","/c/en/respect"],"weight":0.23942999999999703},"num_concepts_raised":86815},{"base_id":506,"kind":"top_words","i1":1,"i2":6,"sol":{"path":["/c/en/truly","/c/en/right","/c/en/know","/c/en/experience"],"weight":0.23989999999999673},"num_concepts_raised":110164},{"base_id":506,"kind":"top_words","i1":1,"i2":7,"sol":{"path":["/c/en/truly","/c/en/very","/c/en/wisdom"],"weight":0.20700000000000002},"num_concepts_raised":830},{"base_id":506,"kind":"top_words","i1":1,"i2":8,"sol":{"path":["/c/en/truly","/c/en/right","/c/en/moral"],"weight":0.20500000000000002},"num_concepts_raised":820},{"base_id":506,"kind":"top_words","i1":1,"i2":9,"sol":{"path":["/c/en/truly","/c/en/very","/c/en/precious","/c/en/appreciate"],"weight":0.21836999999999823},"num_concepts_raised":26956},{"base_id":506,"kind":"top_words","i1":2,"i2":3,"sol":{"path":["/c/en/honest","/c/en/acquire","/c/en/realize"],"weight":0.203},"num_concepts_raised":995},{"base_id":506,"kind":"top_words","i1":2,"i2":4,"sol":{"path":["/c/en/honest","/c/zh/清亮","/c/en/understand"],"weight":0.20400000000000001},"num_concepts_raised":1585},{"base_id":506,"kind":"top_words","i1":2,"i2":5,"sol":{"path":["/c/en/honest","/c/en/honor","/c/en/respect"],"weight":0.20800000000000002},"num_concepts_raised":1452},{"base_id":506,"kind":"top_words","i1":2,"i2":6,"sol":{"path":["/c/en/honest","/c/en/fair","/c/en/experience"],"weight":0.20900000000000002},"num_concepts_raised":1469},{"base_id":506,"kind":"top_words","i1":2,"i2":7,"sol":{"path":["/c/en/honest","/c/en/truth","/c/en/wisdom"],"weight":0.20600000000000002},"num_concepts_raised":1100},{"base_id":506,"kind":"top_words","i1":2,"i2":8,"sol":{"path":["/c/en/honest","/c/en/good","/c/en/moral"],"weight":0.20400000000000001},"num_concepts_raised":1079},{"base_id":506,"kind":"top_words","i1":2,"i2":9,"sol":{"path":["/c/en/honest","/c/en/fair","/c/en/like","/c/en/appreciate"],"weight":0.21919999999999784},"num_concepts_raised":72369},{"base_id":506,"kind":"top_words","i1":3,"i2":4,"sol":{"path":["/c/en/realize","/c/en/understand"],"weight":0.20600000000000002},"num_concepts_raised":1348},{"base_id":506,"kind":"top_words","i1":3,"i2":5,"sol":{"path":["/c/en/realize","/c/en/understanding","/c/en/respect"],"weight":0.20400000000000001},"num_concepts_raised":1285},{"base_id":506,"kind":"top_words","i1":3,"i2":6,"sol":{"path":["/c/en/realize","/c/en/experience"],"weight":0.20600000000000002},"num_concepts_raised":1280},{"base_id":506,"kind":"top_words","i1":3,"i2":7,"sol":{"path":["/c/en/realize","/c/en/experience","/c/en/wisdom"],"weight":0.20500000000000002},"num_concepts_raised":928},{"base_id":506,"kind":"top_words","i1":3,"i2":8,"sol":{"path":["/c/en/realize","/c/fr/réaliser","/c/en/conduct","/c/en/moral"],"weight":0.21845999999999782},"num_concepts_raised":93644},{"base_id":506,"kind":"top_words","i1":3,"i2":9,"sol":{"path":["/c/en/realize","/c/en/aware","/c/en/appreciate"],"weight":0.203},"num_concepts_raised":714},{"base_id":506,"kind":"top_words","i1":4,"i2":5,"sol":{"path":["/c/en/understand","/c/en/understanding","/c/en/respect"],"weight":0.20700000000000002},"num_concepts_raised":1872},{"base_id":506,"kind":"top_words","i1":4,"i2":6,"sol":{"path":["/c/en/understand","/c/en/feel","/c/en/experience"],"weight":0.21100000000000002},"num_concepts_raised":1856},{"base_id":506,"kind":"top_words","i1":4,"i2":7,"sol":{"path":["/c/en/understand","/c/en/intelligence","/c/en/wisdom"],"weight":0.20700000000000002},"num_concepts_raised":1515},{"base_id":506,"kind":"top_words","i1":4,"i2":8,"sol":{"path":["/c/en/understand","/c/en/meaning","/c/en/moral"],"weight":0.20400000000000001},"num_concepts_raised":1508},{"base_id":506,"kind":"top_words","i1":4,"i2":9,"sol":{"path":["/c/en/understand","/c/en/appreciate"],"weight":0.20500000000000002},"num_concepts_raised":1291},{"base_id":506,"kind":"top_words","i1":5,"i2":6,"sol":{"path":["/c/en/respect","/c/en/name","/c/en/experience"],"weight":0.20800000000000002},"num_concepts_raised":1761},{"base_id":506,"kind":"top_words","i1":5,"i2":7,"sol":{"path":["/c/en/respect","/c/en/morality","/c/en/wisdom"],"weight":0.20600000000000002},"num_concepts_raised":1395},{"base_id":506,"kind":"top_words","i1":5,"i2":8,"sol":{"path":["/c/en/respect","/c/en/honor","/c/en/moral"],"weight":0.20700000000000002},"num_concepts_raised":1380},{"base_id":506,"kind":"top_words","i1":5,"i2":9,"sol":{"path":["/c/en/respect","/c/en/admire","/c/en/appreciate"],"weight":0.20700000000000002},"num_concepts_raised":1164},{"base_id":506,"kind":"top_words","i1":6,"i2":7,"sol":{"path":["/c/en/experience","/c/en/wisdom"],"weight":0.21000000000000002},"num_concepts_raised":1392},{"base_id":506,"kind":"top_words","i1":6,"i2":8,"sol":{"path":["/c/en/experience","/c/en/doing","/c/en/moral"],"weight":0.20600000000000002},"num_concepts_raised":1394},{"base_id":506,"kind":"top_words","i1":6,"i2":9,"sol":{"path":["/c/en/experience","/c/en/enjoy","/c/en/appreciate"],"weight":0.20700000000000002},"num_concepts_raised":1197},{"base_id":506,"kind":"top_words","i1":7,"i2":8,"sol":{"path":["/c/en/wisdom","/c/en/morality","/c/en/moral"],"weight":0.20500000000000002},"num_concepts_raised":1022},{"base_id":506,"kind":"top_words","i1":7,"i2":9,"sol":{"path":["/c/en/wisdom","/c/en/knowledge","/c/en/acknowledge","/c/en/appreciate"],"weight":0.22503999999999835},"num_concepts_raised":58839},{"base_id":506,"kind":"top_words","i1":8,"i2":9,"sol":{"path":["/c/en/moral","/c/en/value","/c/en/appreciate"],"weight":0.202},"num_concepts_raised":823}]]