[[{"base_id":438,"kind":"bot_words","i1":0,"i2":1,"sol":{"path":["/c/en/unplug","/c/en/supply","/c/en/rim","/c/en/rand"],"weight":0.20396999999999976},"num_concepts_raised":130562},{"base_id":438,"kind":"bot_words","i1":0,"i2":2,"sol":{"path":["/c/en/unplug","/c/en/pipe","/c/en/kelly"],"weight":0.20400000000000001},"num_concepts_raised":89},{"base_id":438,"kind":"bot_words","i1":0,"i2":3,"sol":{"path":["/c/en/unplug","/c/en/water","/c/en/liquid","/c/en/slurry"],"weight":0.20354999999999973},"num_concepts_raised":14813},{"base_id":438,"kind":"bot_words","i1":0,"i2":4,"sol":{"path":["/c/en/unplug","/c/en/plug","/c/en/horse","/c/en/fields"],"weight":0.20440999999999968},"num_concepts_raised":35816},{"base_id":438,"kind":"bot_words","i1":0,"i2":5,"sol":{"path":["/c/en/unplug","/c/en/water","/c/en/tree","/c/en/alamo"],"weight":0.20308999999999983},"num_concepts_raised":17198},{"base_id":438,"kind":"bot_words","i1":0,"i2":6,"sol":{"path":["/c/en/unplug","/c/en/water","/c/en/plant","/c/en/phytophagous"],"weight":0.20339999999999997},"num_concepts_raised":28381},{"base_id":438,"kind":"bot_words","i1":0,"i2":7,"sol":{"path":["/c/en/unplug","/c/en/water","/c/en/drink","/c/en/drunk"],"weight":0.21897999999999856},"num_concepts_raised":39443},{"base_id":438,"kind":"bot_words","i1":0,"i2":8,"sol":{"path":["/c/en/unplug","/c/en/water","/c/en/cold","/c/en/insensate"],"weight":0.20383999999999963},"num_concepts_raised":28932},{"base_id":438,"kind":"bot_words","i1":0,"i2":9,"sol":{"path":["/c/en/unplug","/c/en/plug","/c/en/power","/c/en/mathematics","/c/en/hyperspace"],"weight":0.2043099999999998},"num_concepts_raised":20026},{"base_id":438,"kind":"bot_words","i1":1,"i2":2,"sol":{"path":["/c/en/rand","/c/fr/localités","/c/en/kelly"],"weight":0.20400000000000001},"num_concepts_raised":117},{"base_id":438,"kind":"bot_words","i1":1,"i2":3,"sol":{"path":["/c/en/rand","/c/en/buck","/c/en/mining","/c/en/slurry"],"weight":0.2038999999999997},"num_concepts_raised":124890},{"base_id":438,"kind":"bot_words","i1":1,"i2":4,"sol":{"path":["/c/en/rand","/c/ja/ランド","/c/en/land","/c/en/fields"],"weight":0.20502999999999966},"num_concepts_raised":145479},{"base_id":438,"kind":"bot_words","i1":1,"i2":5,"sol":{"path":["/c/en/rand","/c/en/border","/c/en/texas","/c/en/alamo"],"weight":0.20475999999999983},"num_concepts_raised":126745},{"base_id":438,"kind":"bot_words","i1":1,"i2":6,"sol":{"path":["/c/en/rand","/c/en/border","/c/en/plant","/c/en/phytophagous"],"weight":0.20403999999999994},"num_concepts_raised":138196},{"base_id":438,"kind":"bot_words","i1":1,"i2":7,"sol":{"path":["/c/en/rand","/c/en/meat","/c/en/drink","/c/en/drunk"],"weight":0.21916999999999853},"num_concepts_raised":149359},{"base_id":438,"kind":"bot_words","i1":1,"i2":8,"sol":{"path":["/c/en/rand","/c/en/rant","/c/en/incoherent","/c/en/irrational","/c/en/insensate"],"weight":0.2060699999999996},"num_concepts_raised":138908},{"base_id":438,"kind":"bot_words","i1":1,"i2":9,"sol":{"path":["/c/en/rand","/c/sv/kant","/c/en/mathematics","/c/en/hyperspace"],"weight":0.20372999999999977},"num_concepts_raised":129860},{"base_id":438,"kind":"bot_words","i1":2,"i2":3,"sol":{"path":["/c/en/kelly","/c/en/pipe","/c/en/mining","/c/en/slurry"],"weight":0.20823999999999965},"num_concepts_raised":116854},{"base_id":438,"kind":"bot_words","i1":2,"i2":4,"sol":{"path":["/c/en/kelly","/c/en/rig","/c/en/sheep","/c/en/fields"],"weight":0.20823999999999965},"num_concepts_raised":137874},{"base_id":438,"kind":"bot_words","i1":2,"i2":5,"sol":{"path":["/c/en/kelly","/c/fr/localités","/c/en/austin","/c/en/texas","/c/en/alamo"],"weight":0.2089899999999998},"num_concepts_raised":118711},{"base_id":438,"kind":"bot_words","i1":2,"i2":6,"sol":{"path":["/c/en/kelly","/c/fr/localités","/c/fr/poisson","/c/fr/phytophage","/c/en/phytophagous"],"weight":0.20914999999999992},"num_concepts_raised":130284},{"base_id":438,"kind":"bot_words","i1":2,"i2":7,"sol":{"path":["/c/en/kelly","/c/fr/localités","/c/fr/bourré","/c/en/drunk"],"weight":0.22102999999999853},"num_concepts_raised":141692},{"base_id":438,"kind":"bot_words","i1":2,"i2":8,"sol":{"path":["/c/en/kelly","/c/fr/localités","/c/en/sound","/c/en/sensation","/c/en/insensate"],"weight":0.2095299999999996},"num_concepts_raised":130882},{"base_id":438,"kind":"bot_words","i1":2,"i2":9,"sol":{"path":["/c/en/kelly","/c/en/pipe","/c/en/conduit","/c/en/science_fiction","/c/en/hyperspace"],"weight":0.20810999999999974},"num_concepts_raised":121872},{"base_id":438,"kind":"bot_words","i1":3,"i2":4,"sol":{"path":["/c/en/slurry","/c/en/agriculture","/c/en/crop","/c/en/fields"],"weight":0.2037599999999996},"num_concepts_raised":30139},{"base_id":438,"kind":"bot_words","i1":3,"i2":5,"sol":{"path":["/c/en/slurry","/c/en/liquid","/c/en/state","/c/en/texas","/c/en/alamo"],"weight":0.20423999999999978},"num_concepts_raised":11423},{"base_id":438,"kind":"bot_words","i1":3,"i2":6,"sol":{"path":["/c/en/slurry","/c/en/slur","/c/en/soil","/c/en/plant","/c/en/phytophagous"],"weight":0.2044499999999999},"num_concepts_raised":22671},{"base_id":438,"kind":"bot_words","i1":3,"i2":7,"sol":{"path":["/c/en/slurry","/c/en/liquid","/c/en/drink","/c/en/drunk"],"weight":0.2189499999999985},"num_concepts_raised":34046},{"base_id":438,"kind":"bot_words","i1":3,"i2":8,"sol":{"path":["/c/en/slurry","/c/en/slur","/c/en/passage","/c/en/cold","/c/en/insensate"],"weight":0.2048599999999996},"num_concepts_raised":23238},{"base_id":438,"kind":"bot_words","i1":3,"i2":9,"sol":{"path":["/c/en/slurry","/c/en/slur","/c/en/music","/c/en/space","/c/en/hyperspace"],"weight":0.20429999999999976},"num_concepts_raised":14281},{"base_id":438,"kind":"bot_words","i1":4,"i2":5,"sol":{"path":["/c/en/fields","/c/en/country","/c/en/texas","/c/en/alamo"],"weight":0.20428999999999975},"num_concepts_raised":32372},{"base_id":438,"kind":"bot_words","i1":4,"i2":6,"sol":{"path":["/c/en/fields","/c/en/field","/c/en/animal","/c/en/phytophagous"],"weight":0.20580999999999988},"num_concepts_raised":43022},{"base_id":438,"kind":"bot_words","i1":4,"i2":7,"sol":{"path":["/c/en/fields","/c/en/field","/c/en/park","/c/en/drunk"],"weight":0.2172499999999985},"num_concepts_raised":54569},{"base_id":438,"kind":"bot_words","i1":4,"i2":8,"sol":{"path":["/c/en/fields","/c/en/field","/c/en/medicine","/c/en/insensate"],"weight":0.20594999999999955},"num_concepts_raised":44285},{"base_id":438,"kind":"bot_words","i1":4,"i2":9,"sol":{"path":["/c/en/fields","/c/en/field","/c/en/space","/c/en/hyperspace"],"weight":0.20558999999999972},"num_concepts_raised":35174},{"base_id":438,"kind":"bot_words","i1":5,"i2":6,"sol":{"path":["/c/en/alamo","/c/en/tree","/c/en/plant","/c/en/phytophagous"],"weight":0.20315000000000003},"num_concepts_raised":24584},{"base_id":438,"kind":"bot_words","i1":5,"i2":7,"sol":{"path":["/c/en/alamo","/c/en/tree","/c/en/tope","/c/en/drunk"],"weight":0.21458999999999864},"num_concepts_raised":36360},{"base_id":438,"kind":"bot_words","i1":5,"i2":8,"sol":{"path":["/c/en/alamo","/c/en/texas","/c/en/ozona","/c/en/medicine","/c/en/insensate"],"weight":0.2044099999999997},"num_concepts_raised":25439},{"base_id":438,"kind":"bot_words","i1":5,"i2":9,"sol":{"path":["/c/en/alamo","/c/en/texas","/c/en/state","/c/en/mathematics","/c/en/hyperspace"],"weight":0.20401999999999987},"num_concepts_raised":16421},{"base_id":438,"kind":"bot_words","i1":6,"i2":7,"sol":{"path":["/c/en/phytophagous","/c/en/animal","/c/en/drinker","/c/en/drunk"],"weight":0.21501999999999877},"num_concepts_raised":47499},{"base_id":438,"kind":"bot_words","i1":6,"i2":8,"sol":{"path":["/c/en/phytophagous","/c/en/animal","/c/en/consciousness","/c/en/insensate"],"weight":0.20461999999999983},"num_concepts_raised":36594},{"base_id":438,"kind":"bot_words","i1":6,"i2":9,"sol":{"path":["/c/en/phytophagous","/c/en/zoology","/c/en/science","/c/en/science_fiction","/c/en/hyperspace"],"weight":0.20334},"num_concepts_raised":27707},{"base_id":438,"kind":"bot_words","i1":7,"i2":8,"sol":{"path":["/c/en/drunk","/c/en/drink","/c/en/cold","/c/en/insensate"],"weight":0.21912999999999844},"num_concepts_raised":47914},{"base_id":438,"kind":"bot_words","i1":7,"i2":9,"sol":{"path":["/c/en/drunk","/c/en/bar","/c/en/mathematics","/c/en/hyperspace"],"weight":0.21598999999999863},"num_concepts_raised":39134},{"base_id":438,"kind":"bot_words","i1":8,"i2":9,"sol":{"path":["/c/en/insensate","/c/en/sentient","/c/en/science_fiction","/c/en/hyperspace"],"weight":0.20451999999999965},"num_concepts_raised":28221}],[{"base_id":438,"kind":"top_words","i1":0,"i2":1,"sol":{"path":["/c/en/evocative","/c/en/feeling","/c/en/sense","/c/en/sensual"],"weight":0.20481999999999967},"num_concepts_raised":13479},{"base_id":438,"kind":"top_words","i1":0,"i2":2,"sol":{"path":["/c/en/evocative","/c/en/feeling","/c/en/lyric","/c/en/lyrical"],"weight":0.20702999999999977},"num_concepts_raised":19310},{"base_id":438,"kind":"top_words","i1":0,"i2":3,"sol":{"path":["/c/en/evocative","/c/en/memory","/c/en/idea","/c/en/melodic"],"weight":0.2038399999999997},"num_concepts_raised":20480},{"base_id":438,"kind":"top_words","i1":0,"i2":4,"sol":{"path":["/c/en/evocative","/c/en/poignant"],"weight":0.202},"num_concepts_raised":134},{"base_id":438,"kind":"top_words","i1":0,"i2":5,"sol":{"path":["/c/en/evocative","/c/en/feeling","/c/en/sense","/c/en/sensuous"],"weight":0.20351999999999987},"num_concepts_raised":8123},{"base_id":438,"kind":"top_words","i1":0,"i2":6,"sol":{"path":["/c/en/evocative","/c/en/expressive"],"weight":0.202},"num_concepts_raised":156},{"base_id":438,"kind":"top_words","i1":0,"i2":7,"sol":{"path":["/c/en/evocative","/c/en/image","/c/en/real","/c/en/surreal"],"weight":0.20379999999999981},"num_concepts_raised":10350},{"base_id":438,"kind":"top_words","i1":0,"i2":8,"sol":{"path":["/c/en/evocative","/c/en/memory","/c/en/dream","/c/en/dreamlike"],"weight":0.20485999999999988},"num_concepts_raised":7573},{"base_id":438,"kind":"top_words","i1":0,"i2":9,"sol":{"path":["/c/en/evocative","/c/en/poignant","/c/gd/searbh","/c/en/dissonant"],"weight":0.20306999999999983},"num_concepts_raised":6944},{"base_id":438,"kind":"top_words","i1":1,"i2":2,"sol":{"path":["/c/en/sensual","/c/ru/чувственный","/c/en/emotional","/c/en/lyrical"],"weight":0.20572999999999964},"num_concepts_raised":21523},{"base_id":438,"kind":"top_words","i1":1,"i2":3,"sol":{"path":["/c/en/sensual","/c/en/touch","/c/en/music","/c/en/melodic"],"weight":0.20547999999999955},"num_concepts_raised":22606},{"base_id":438,"kind":"top_words","i1":1,"i2":4,"sol":{"path":["/c/en/sensual","/c/en/sensory","/c/en/pain","/c/en/poignant"],"weight":0.20617999999999947},"num_concepts_raised":17807},{"base_id":438,"kind":"top_words","i1":1,"i2":5,"sol":{"path":["/c/en/sensual","/c/en/sensuous"],"weight":0.20400000000000001},"num_concepts_raised":151},{"base_id":438,"kind":"top_words","i1":1,"i2":6,"sol":{"path":["/c/en/sensual","/c/en/hot","/c/en/person","/c/en/expressive"],"weight":0.20660999999999957},"num_concepts_raised":29732},{"base_id":438,"kind":"top_words","i1":1,"i2":7,"sol":{"path":["/c/en/sensual","/c/en/sense","/c/en/value","/c/en/surreal_number","/c/en/surreal"],"weight":0.2061399999999997},"num_concepts_raised":12464},{"base_id":438,"kind":"top_words","i1":1,"i2":8,"sol":{"path":["/c/en/sensual","/c/en/sensuous","/c/zh/春夢","/c/en/dream","/c/en/dreamlike"],"weight":0.20714999999999972},"num_concepts_raised":9688},{"base_id":438,"kind":"top_words","i1":1,"i2":9,"sol":{"path":["/c/en/sensual","/c/en/sensory","/c/en/sound","/c/en/dissonance","/c/en/dissonant"],"weight":0.20647999999999972},"num_concepts_raised":9027},{"base_id":438,"kind":"top_words","i1":2,"i2":3,"sol":{"path":["/c/en/lyrical","/c/en/melodious","/c/en/melodic"],"weight":0.203},"num_concepts_raised":128},{"base_id":438,"kind":"top_words","i1":2,"i2":4,"sol":{"path":["/c/en/lyrical","/c/en/emotional","/c/en/moving","/c/en/poignant"],"weight":0.20505999999999958},"num_concepts_raised":23715},{"base_id":438,"kind":"top_words","i1":2,"i2":5,"sol":{"path":["/c/en/lyrical","/c/en/emotion","/c/la/sensus","/c/en/sensuous"],"weight":0.20367999999999986},"num_concepts_raised":16174},{"base_id":438,"kind":"top_words","i1":2,"i2":6,"sol":{"path":["/c/en/lyrical","/c/en/dance","/c/en/expressive"],"weight":0.202},"num_concepts_raised":167},{"base_id":438,"kind":"top_words","i1":2,"i2":7,"sol":{"path":["/c/en/lyrical","/c/en/lyric","/c/en/poetry","/c/en/magnetic_poetry","/c/en/surreal"],"weight":0.2075599999999998},"num_concepts_raised":18338},{"base_id":438,"kind":"top_words","i1":2,"i2":8,"sol":{"path":["/c/en/lyrical","/c/en/singing","/c/en/dream","/c/en/dreamlike"],"weight":0.20514999999999983},"num_concepts_raised":15576},{"base_id":438,"kind":"top_words","i1":2,"i2":9,"sol":{"path":["/c/en/lyrical","/c/en/music","/c/en/dissonance","/c/en/dissonant"],"weight":0.20465999999999984},"num_concepts_raised":14899},{"base_id":438,"kind":"top_words","i1":3,"i2":4,"sol":{"path":["/c/en/melodic","/c/en/music","/c/en/sharp","/c/en/poignant"],"weight":0.2049999999999995},"num_concepts_raised":24809},{"base_id":438,"kind":"top_words","i1":3,"i2":5,"sol":{"path":["/c/en/melodic","/c/en/melody","/c/en/head","/c/en/sense","/c/en/sensuous"],"weight":0.20615999999999973},"num_concepts_raised":17175},{"base_id":438,"kind":"top_words","i1":3,"i2":6,"sol":{"path":["/c/en/melodic","/c/en/melody","/c/en/dance","/c/en/expressive"],"weight":0.2072399999999996},"num_concepts_raised":36356},{"base_id":438,"kind":"top_words","i1":3,"i2":7,"sol":{"path":["/c/en/melodic","/c/en/melody","/c/en/subject","/c/en/math","/c/en/surreal"],"weight":0.2065199999999997},"num_concepts_raised":19297},{"base_id":438,"kind":"top_words","i1":3,"i2":8,"sol":{"path":["/c/en/melodic","/c/en/idea","/c/en/dream","/c/en/dreamlike"],"weight":0.20522999999999975},"num_concepts_raised":16557},{"base_id":438,"kind":"top_words","i1":3,"i2":9,"sol":{"path":["/c/en/melodic","/c/en/music","/c/en/dissonance","/c/en/dissonant"],"weight":0.2050699999999997},"num_concepts_raised":15869},{"base_id":438,"kind":"top_words","i1":4,"i2":5,"sol":{"path":["/c/en/poignant","/c/en/pain","/c/en/sensory","/c/en/sensuous"],"weight":0.20496999999999968},"num_concepts_raised":12510},{"base_id":438,"kind":"top_words","i1":4,"i2":6,"sol":{"path":["/c/en/poignant","/c/en/evocative","/c/en/expressive"],"weight":0.202},"num_concepts_raised":200},{"base_id":438,"kind":"top_words","i1":4,"i2":7,"sol":{"path":["/c/en/poignant","/c/en/physical","/c/en/real","/c/en/surreal"],"weight":0.20412999999999965},"num_concepts_raised":14704},{"base_id":438,"kind":"top_words","i1":4,"i2":8,"sol":{"path":["/c/en/poignant","/c/en/mental","/c/en/dream","/c/en/dreamlike"],"weight":0.20514999999999967},"num_concepts_raised":11959},{"base_id":438,"kind":"top_words","i1":4,"i2":9,"sol":{"path":["/c/en/poignant","/c/gd/searbh","/c/en/dissonant"],"weight":0.202},"num_concepts_raised":119},{"base_id":438,"kind":"top_words","i1":5,"i2":6,"sol":{"path":["/c/en/sensuous","/c/en/aesthetic","/c/en/art","/c/en/expressive"],"weight":0.2054999999999998},"num_concepts_raised":24524},{"base_id":438,"kind":"top_words","i1":5,"i2":7,"sol":{"path":["/c/en/sensuous","/c/en/aesthetic","/c/el/υπερρεαλισμόσ","/c/en/surrealism","/c/en/surreal"],"weight":0.2069499999999999},"num_concepts_raised":6915},{"base_id":438,"kind":"top_words","i1":5,"i2":8,"sol":{"path":["/c/en/sensuous","/c/zh/春夢","/c/en/dream","/c/en/dreamlike"],"weight":0.20476999999999992},"num_concepts_raised":4128},{"base_id":438,"kind":"top_words","i1":5,"i2":9,"sol":{"path":["/c/en/sensuous","/c/en/sensory","/c/en/sound","/c/en/dissonance","/c/en/dissonant"],"weight":0.2052399999999999},"num_concepts_raised":3460},{"base_id":438,"kind":"top_words","i1":6,"i2":7,"sol":{"path":["/c/en/expressive","/c/en/person","/c/en/ridiculous","/c/en/surreal"],"weight":0.20483999999999974},"num_concepts_raised":26721},{"base_id":438,"kind":"top_words","i1":6,"i2":8,"sol":{"path":["/c/en/expressive","/c/en/person","/c/en/dream","/c/en/dreamlike"],"weight":0.2058899999999998},"num_concepts_raised":24026},{"base_id":438,"kind":"top_words","i1":6,"i2":9,"sol":{"path":["/c/en/expressive","/c/en/sign","/c/en/discordant","/c/en/dissonant"],"weight":0.20429999999999976},"num_concepts_raised":23395},{"base_id":438,"kind":"top_words","i1":7,"i2":8,"sol":{"path":["/c/en/surreal","/c/en/dreamlike"],"weight":0.202},"num_concepts_raised":117},{"base_id":438,"kind":"top_words","i1":7,"i2":9,"sol":{"path":["/c/en/surreal","/c/en/ridiculous","/c/en/absurd","/c/en/dissonant"],"weight":0.20353999999999983},"num_concepts_raised":5566},{"base_id":438,"kind":"top_words","i1":8,"i2":9,"sol":{"path":["/c/en/dreamlike","/c/en/dream","/c/en/life","/c/en/absurd","/c/en/dissonant"],"weight":0.2045499999999999},"num_concepts_raised":2836}]]