[[{"base_id":761,"kind":"bot_words","i1":0,"i2":1,"sol":{"path":["/c/en/lacewing","/c/en/insect","/c/en/group","/c/en/chemistry","/c/en/unhindered"],"weight":0.2029399999999998},"num_concepts_raised":15601},{"base_id":761,"kind":"bot_words","i1":0,"i2":2,"sol":{"path":["/c/en/lacewing","/c/en/insect","/c/en/animal","/c/en/pig","/c/en/pigheaded"],"weight":0.20285999999999985},"num_concepts_raised":8063},{"base_id":761,"kind":"bot_words","i1":0,"i2":3,"sol":{"path":["/c/en/lacewing","/c/en/insect","/c/syc/ܛܝܪܐ","/c/en/convent","/c/en/foundling"],"weight":0.2036199999999999},"num_concepts_raised":5036},{"base_id":761,"kind":"bot_words","i1":0,"i2":4,"sol":{"path":["/c/en/lacewing","/c/en/insect","/c/en/generic","/c/en/place","/c/en/stade"],"weight":0.21338999999999964},"num_concepts_raised":50494},{"base_id":761,"kind":"bot_words","i1":0,"i2":5,"sol":{"path":["/c/en/lacewing","/c/en/insect","/c/fil/kuto","/c/en/many","/c/en/umpteen"],"weight":0.2039099999999999},"num_concepts_raised":4110},{"base_id":761,"kind":"bot_words","i1":0,"i2":6,"sol":{"path":["/c/en/lacewing","/c/en/insect","/c/en/cake","/c/en/turntable"],"weight":0.20372999999999974},"num_concepts_raised":17968},{"base_id":761,"kind":"bot_words","i1":0,"i2":7,"sol":{"path":["/c/en/lacewing","/c/en/insect","/c/en/be","/c/en/completely","/c/en/totally"],"weight":0.20684999999999942},"num_concepts_raised":14011},{"base_id":761,"kind":"bot_words","i1":0,"i2":8,"sol":{"path":["/c/en/lacewing","/c/en/goldeneye","/c/en/genus","/c/en/saki"],"weight":0.21248999999999973},"num_concepts_raised":9066},{"base_id":761,"kind":"bot_words","i1":0,"i2":9,"sol":{"path":["/c/en/lacewing","/c/en/insect","/c/en/wing","/c/en/organ","/c/en/transplantation"],"weight":0.20332999999999965},"num_concepts_raised":8715},{"base_id":761,"kind":"bot_words","i1":1,"i2":2,"sol":{"path":["/c/en/unhindered","/c/en/chemistry","/c/ru/стойкий","/c/en/stubborn","/c/en/pigheaded"],"weight":0.2030499999999998},"num_concepts_raised":19075},{"base_id":761,"kind":"bot_words","i1":1,"i2":3,"sol":{"path":["/c/en/unhindered","/c/en/chemistry","/c/en/base","/c/en/safe","/c/en/foundling"],"weight":0.20365999999999987},"num_concepts_raised":16045},{"base_id":761,"kind":"bot_words","i1":1,"i2":4,"sol":{"path":["/c/en/unhindered","/c/en/molecule","/c/en/unit","/c/en/stade"],"weight":0.21326999999999957},"num_concepts_raised":61213},{"base_id":761,"kind":"bot_words","i1":1,"i2":5,"sol":{"path":["/c/en/unhindered","/c/en/chemistry","/c/en/adjective","/c/en/many","/c/en/umpteen"],"weight":0.20394999999999985},"num_concepts_raised":15125},{"base_id":761,"kind":"bot_words","i1":1,"i2":6,"sol":{"path":["/c/en/unhindered","/c/en/chemistry","/c/en/plate","/c/en/record","/c/en/turntable"],"weight":0.20510999999999968},"num_concepts_raised":28900},{"base_id":761,"kind":"bot_words","i1":1,"i2":7,"sol":{"path":["/c/en/unhindered","/c/en/chemistry","/c/en/plumb","/c/en/completely","/c/en/totally"],"weight":0.20690999999999937},"num_concepts_raised":24945},{"base_id":761,"kind":"bot_words","i1":1,"i2":8,"sol":{"path":["/c/en/unhindered","/c/en/chemistry","/c/en/group","/c/en/monkey","/c/en/saki"],"weight":0.21261999999999967},"num_concepts_raised":20095},{"base_id":761,"kind":"bot_words","i1":1,"i2":9,"sol":{"path":["/c/en/unhindered","/c/en/chemistry","/c/en/donor","/c/en/transplantation"],"weight":0.2032699999999996},"num_concepts_raised":19695},{"base_id":761,"kind":"bot_words","i1":2,"i2":3,"sol":{"path":["/c/en/pigheaded","/c/en/stubborn","/c/en/obdurate","/c/en/abandoned","/c/en/foundling"],"weight":0.20379999999999993},"num_concepts_raised":8500},{"base_id":761,"kind":"bot_words","i1":2,"i2":4,"sol":{"path":["/c/en/pigheaded","/c/en/pig","/c/en/farm","/c/en/town","/c/en/stade"],"weight":0.21535999999999964},"num_concepts_raised":53830},{"base_id":761,"kind":"bot_words","i1":2,"i2":5,"sol":{"path":["/c/en/pigheaded","/c/en/pig","/c/en/large","/c/en/many","/c/en/umpteen"],"weight":0.2038899999999999},"num_concepts_raised":7598},{"base_id":761,"kind":"bot_words","i1":2,"i2":6,"sol":{"path":["/c/en/pigheaded","/c/en/pig","/c/en/flat","/c/en/record","/c/en/turntable"],"weight":0.20495999999999973},"num_concepts_raised":21427},{"base_id":761,"kind":"bot_words","i1":2,"i2":7,"sol":{"path":["/c/en/pigheaded","/c/en/pig","/c/fi/sika","/c/en/totally"],"weight":0.2046199999999994},"num_concepts_raised":17412},{"base_id":761,"kind":"bot_words","i1":2,"i2":8,"sol":{"path":["/c/en/pigheaded","/c/en/stubborn","/c/en/tough","/c/en/manga","/c/en/saki"],"weight":0.21263999999999975},"num_concepts_raised":12575},{"base_id":761,"kind":"bot_words","i1":2,"i2":9,"sol":{"path":["/c/en/pigheaded","/c/en/stubborn","/c/en/move","/c/en/transplant","/c/en/transplantation"],"weight":0.20347999999999966},"num_concepts_raised":12205},{"base_id":761,"kind":"bot_words","i1":3,"i2":4,"sol":{"path":["/c/en/foundling","/c/en/convent","/c/en/place","/c/en/stade"],"weight":0.2140599999999997},"num_concepts_raised":50851},{"base_id":761,"kind":"bot_words","i1":3,"i2":5,"sol":{"path":["/c/en/foundling","/c/en/baby","/c/en/little","/c/en/many","/c/en/umpteen"],"weight":0.20464999999999997},"num_concepts_raised":4568},{"base_id":761,"kind":"bot_words","i1":3,"i2":6,"sol":{"path":["/c/en/foundling","/c/en/baby","/c/en/record","/c/en/turntable"],"weight":0.2056199999999998},"num_concepts_raised":18382},{"base_id":761,"kind":"bot_words","i1":3,"i2":7,"sol":{"path":["/c/en/foundling","/c/en/abandoned","/c/en/extremely","/c/en/totally"],"weight":0.2054999999999995},"num_concepts_raised":14399},{"base_id":761,"kind":"bot_words","i1":3,"i2":8,"sol":{"path":["/c/en/foundling","/c/en/abandoned","/c/en/person","/c/en/primate","/c/en/saki"],"weight":0.21335999999999983},"num_concepts_raised":9545},{"base_id":761,"kind":"bot_words","i1":3,"i2":9,"sol":{"path":["/c/en/foundling","/c/el/βρεφοκομείο","/c/en/medicine","/c/en/transplant","/c/en/transplantation"],"weight":0.20420999999999973},"num_concepts_raised":9169},{"base_id":761,"kind":"bot_words","i1":4,"i2":5,"sol":{"path":["/c/en/stade","/c/en/unit","/c/en/many","/c/en/umpteen"],"weight":0.21429999999999969},"num_concepts_raised":49986},{"base_id":761,"kind":"bot_words","i1":4,"i2":6,"sol":{"path":["/c/en/stade","/c/en/historical","/c/en/record","/c/en/turntable"],"weight":0.2153199999999995},"num_concepts_raised":62740},{"base_id":761,"kind":"bot_words","i1":4,"i2":7,"sol":{"path":["/c/en/stade","/c/fr/stade","/c/en/degree","/c/en/totally"],"weight":0.21720999999999918},"num_concepts_raised":59219},{"base_id":761,"kind":"bot_words","i1":4,"i2":8,"sol":{"path":["/c/en/stade","/c/en/historical","/c/en/writer","/c/en/saki"],"weight":0.22284999999999952},"num_concepts_raised":54798},{"base_id":761,"kind":"bot_words","i1":4,"i2":9,"sol":{"path":["/c/en/stade","/c/en/town","/c/en/tree","/c/en/transplantation"],"weight":0.21564999999999943},"num_concepts_raised":54253},{"base_id":761,"kind":"bot_words","i1":5,"i2":6,"sol":{"path":["/c/en/umpteen","/c/fr/quantité","/c/fr/musique","/c/en/turntable"],"weight":0.2047299999999998},"num_concepts_raised":17486},{"base_id":761,"kind":"bot_words","i1":5,"i2":7,"sol":{"path":["/c/en/umpteen","/c/en/many","/c/en/hella","/c/en/totally"],"weight":0.20573999999999948},"num_concepts_raised":13413},{"base_id":761,"kind":"bot_words","i1":5,"i2":8,"sol":{"path":["/c/en/umpteen","/c/en/many","/c/en/little","/c/en/monkey","/c/en/saki"],"weight":0.2136099999999998},"num_concepts_raised":8643},{"base_id":761,"kind":"bot_words","i1":5,"i2":9,"sol":{"path":["/c/en/umpteen","/c/en/many","/c/en/large","/c/en/tree","/c/en/transplantation"],"weight":0.2042699999999997},"num_concepts_raised":8263},{"base_id":761,"kind":"bot_words","i1":6,"i2":7,"sol":{"path":["/c/en/turntable","/c/fr/musique","/c/en/degree","/c/en/totally"],"weight":0.20658999999999927},"num_concepts_raised":27143},{"base_id":761,"kind":"bot_words","i1":6,"i2":8,"sol":{"path":["/c/en/turntable","/c/en/record","/c/en/book","/c/en/monkey","/c/en/saki"],"weight":0.2146799999999996},"num_concepts_raised":22447},{"base_id":761,"kind":"bot_words","i1":6,"i2":9,"sol":{"path":["/c/en/turntable","/c/en/record","/c/en/operation","/c/en/transplantation"],"weight":0.20524999999999954},"num_concepts_raised":21936},{"base_id":761,"kind":"bot_words","i1":7,"i2":8,"sol":{"path":["/c/en/totally","/c/en/completely","/c/en/clean","/c/en/manga","/c/en/saki"],"weight":0.2165199999999993},"num_concepts_raised":18489},{"base_id":761,"kind":"bot_words","i1":7,"i2":9,"sol":{"path":["/c/en/totally","/c/en/bone","/c/en/organ","/c/en/transplantation"],"weight":0.2051299999999992},"num_concepts_raised":18014},{"base_id":761,"kind":"bot_words","i1":8,"i2":9,"sol":{"path":["/c/en/saki","/c/en/species","/c/en/organ","/c/en/transplantation"],"weight":0.21294999999999953},"num_concepts_raised":13099}],[{"base_id":761,"kind":"top_words","i1":0,"i2":1,"sol":{"path":["/c/en/cd4","/c/en/protein","/c/en/foot","/c/en/hand","/c/en/forehand"],"weight":0.21345999999999976},"num_concepts_raised":15513},{"base_id":761,"kind":"top_words","i1":0,"i2":2,"sol":{"path":["/c/en/cd4","/c/en/protein","/c/en/encode","/c/en/cipher"],"weight":0.21037999999999946},"num_concepts_raised":32320},{"base_id":761,"kind":"top_words","i1":0,"i2":3,"sol":{"path":["/c/en/cd4","/c/en/protein","/c/en/complement","/c/en/grammar","/c/en/vocative"],"weight":0.21040999999999965},"num_concepts_raised":16083},{"base_id":761,"kind":"top_words","i1":0,"i2":4,"sol":{"path":["/c/en/cd4","/c/en/protein","/c/en/complement","/c/en/grammar","/c/en/dative"],"weight":0.21159999999999962},"num_concepts_raised":35739},{"base_id":761,"kind":"top_words","i1":0,"i2":5,"sol":{"path":["/c/en/cd4","/c/en/protein","/c/en/muscleblind","/c/en/blind","/c/en/blinder"],"weight":0.20991999999999983},"num_concepts_raised":25611},{"base_id":761,"kind":"top_words","i1":0,"i2":6,"sol":{"path":["/c/en/cd4","/c/en/protein","/c/en/express","/c/en/register","/c/en/registry"],"weight":0.21041999999999972},"num_concepts_raised":15477},{"base_id":761,"kind":"top_words","i1":0,"i2":7,"sol":{"path":["/c/en/cd4","/c/en/protein","/c/en/milk","/c/en/sheep","/c/en/ewe"],"weight":0.2153099999999997},"num_concepts_raised":32680},{"base_id":761,"kind":"top_words","i1":0,"i2":8,"sol":{"path":["/c/en/cd4","/c/en/protein","/c/en/foot","/c/en/hand","/c/en/backhand"],"weight":0.21384999999999973},"num_concepts_raised":17302},{"base_id":761,"kind":"top_words","i1":0,"i2":9,"sol":{"path":["/c/en/cd4","/c/en/protein","/c/en/complement","/c/en/grammar","/c/en/accusative"],"weight":0.21129999999999943},"num_concepts_raised":14520},{"base_id":761,"kind":"top_words","i1":1,"i2":2,"sol":{"path":["/c/en/forehand","/c/en/hand","/c/en/letter","/c/en/cipher"],"weight":0.21085999999999944},"num_concepts_raised":40723},{"base_id":761,"kind":"top_words","i1":1,"i2":3,"sol":{"path":["/c/en/forehand","/c/en/stroke","/c/en/linguistics","/c/en/vocative"],"weight":0.2096199999999996},"num_concepts_raised":24922},{"base_id":761,"kind":"top_words","i1":1,"i2":4,"sol":{"path":["/c/en/forehand","/c/it/diritto","/c/fr/droit","/c/en/dative"],"weight":0.21271999999999958},"num_concepts_raised":44322},{"base_id":761,"kind":"top_words","i1":1,"i2":5,"sol":{"path":["/c/en/forehand","/c/en/baseball","/c/en/blind","/c/en/blinder"],"weight":0.21053999999999978},"num_concepts_raised":33866},{"base_id":761,"kind":"top_words","i1":1,"i2":6,"sol":{"path":["/c/en/forehand","/c/en/return","/c/en/computing","/c/en/registry"],"weight":0.2089199999999997},"num_concepts_raised":24128},{"base_id":761,"kind":"top_words","i1":1,"i2":7,"sol":{"path":["/c/en/forehand","/c/en/backhand","/c/en/human","/c/en/ewe"],"weight":0.2141099999999997},"num_concepts_raised":41196},{"base_id":761,"kind":"top_words","i1":1,"i2":8,"sol":{"path":["/c/en/forehand","/c/en/backhand"],"weight":0.20800000000000002},"num_concepts_raised":122},{"base_id":761,"kind":"top_words","i1":1,"i2":9,"sol":{"path":["/c/en/forehand","/c/en/stroke","/c/en/oblique","/c/en/accusative"],"weight":0.21034999999999943},"num_concepts_raised":23280},{"base_id":761,"kind":"top_words","i1":2,"i2":3,"sol":{"path":["/c/en/cipher","/c/en/number","/c/en/grammar","/c/en/vocative"],"weight":0.2079599999999993},"num_concepts_raised":41225},{"base_id":761,"kind":"top_words","i1":2,"i2":4,"sol":{"path":["/c/en/cipher","/c/en/number","/c/en/grammar","/c/en/dative"],"weight":0.2091599999999993},"num_concepts_raised":60187},{"base_id":761,"kind":"top_words","i1":2,"i2":5,"sol":{"path":["/c/en/cipher","/c/en/zero","/c/en/slang","/c/en/blinder"],"weight":0.2066499999999995},"num_concepts_raised":50368},{"base_id":761,"kind":"top_words","i1":2,"i2":6,"sol":{"path":["/c/en/cipher","/c/en/music","/c/en/register","/c/en/registry"],"weight":0.20791999999999938},"num_concepts_raised":40150},{"base_id":761,"kind":"top_words","i1":2,"i2":7,"sol":{"path":["/c/en/cipher","/c/en/code","/c/en/language","/c/en/ewe"],"weight":0.21035999999999938},"num_concepts_raised":57815},{"base_id":761,"kind":"top_words","i1":2,"i2":8,"sol":{"path":["/c/en/cipher","/c/en/encode","/c/en/human","/c/en/backhand"],"weight":0.21126999999999943},"num_concepts_raised":42471},{"base_id":761,"kind":"top_words","i1":2,"i2":9,"sol":{"path":["/c/en/cipher","/c/en/number","/c/en/grammar","/c/en/accusative"],"weight":0.2088399999999991},"num_concepts_raised":39752},{"base_id":761,"kind":"top_words","i1":3,"i2":4,"sol":{"path":["/c/en/vocative","/c/en/grammar","/c/en/dative"],"weight":0.20400000000000001},"num_concepts_raised":258},{"base_id":761,"kind":"top_words","i1":3,"i2":5,"sol":{"path":["/c/en/vocative","/c/en/grammar","/c/en/british","/c/en/blinder"],"weight":0.20551999999999968},"num_concepts_raised":34955},{"base_id":761,"kind":"top_words","i1":3,"i2":6,"sol":{"path":["/c/en/vocative","/c/en/linguistics","/c/en/register","/c/en/registry"],"weight":0.20660999999999957},"num_concepts_raised":24782},{"base_id":761,"kind":"top_words","i1":3,"i2":7,"sol":{"path":["/c/en/vocative","/c/en/grammar","/c/en/female","/c/en/ewe"],"weight":0.21019999999999958},"num_concepts_raised":41721},{"base_id":761,"kind":"top_words","i1":3,"i2":8,"sol":{"path":["/c/en/vocative","/c/en/linguistics","/c/en/stroke","/c/en/backhand"],"weight":0.20988999999999958},"num_concepts_raised":26701},{"base_id":761,"kind":"top_words","i1":3,"i2":9,"sol":{"path":["/c/en/vocative","/c/en/grammar","/c/en/accusative"],"weight":0.20400000000000001},"num_concepts_raised":267},{"base_id":761,"kind":"top_words","i1":4,"i2":5,"sol":{"path":["/c/en/dative","/c/en/grammar","/c/en/british","/c/en/blinder"],"weight":0.20670999999999962},"num_concepts_raised":54305},{"base_id":761,"kind":"top_words","i1":4,"i2":6,"sol":{"path":["/c/en/dative","/c/en/legal","/c/en/register","/c/en/registry"],"weight":0.20763999999999955},"num_concepts_raised":44200},{"base_id":761,"kind":"top_words","i1":4,"i2":7,"sol":{"path":["/c/en/dative","/c/en/grammar","/c/en/female","/c/en/ewe"],"weight":0.21138999999999952},"num_concepts_raised":61457},{"base_id":761,"kind":"top_words","i1":4,"i2":8,"sol":{"path":["/c/en/dative","/c/en/legal","/c/en/back","/c/en/backhand"],"weight":0.21305999999999956},"num_concepts_raised":46085},{"base_id":761,"kind":"top_words","i1":4,"i2":9,"sol":{"path":["/c/en/dative","/c/en/grammar","/c/en/accusative"],"weight":0.20400000000000001},"num_concepts_raised":306},{"base_id":761,"kind":"top_words","i1":5,"i2":6,"sol":{"path":["/c/en/blinder","/c/en/cracker","/c/en/computing","/c/en/registry"],"weight":0.20336999999999972},"num_concepts_raised":33985},{"base_id":761,"kind":"top_words","i1":5,"i2":7,"sol":{"path":["/c/en/blinder","/c/en/slang","/c/en/ram","/c/en/ewe"],"weight":0.20888999999999974},"num_concepts_raised":51083},{"base_id":761,"kind":"top_words","i1":5,"i2":8,"sol":{"path":["/c/en/blinder","/c/en/slang","/c/en/back","/c/en/backhand"],"weight":0.21104999999999974},"num_concepts_raised":35777},{"base_id":761,"kind":"top_words","i1":5,"i2":9,"sol":{"path":["/c/en/blinder","/c/en/british","/c/en/grammar","/c/en/accusative"],"weight":0.20639999999999947},"num_concepts_raised":33356},{"base_id":761,"kind":"top_words","i1":6,"i2":7,"sol":{"path":["/c/en/registry","/c/en/computing","/c/en/ram","/c/en/ewe"],"weight":0.20911999999999964},"num_concepts_raised":41391},{"base_id":761,"kind":"top_words","i1":6,"i2":8,"sol":{"path":["/c/en/registry","/c/en/computing","/c/en/return","/c/en/backhand"],"weight":0.20922999999999967},"num_concepts_raised":25916},{"base_id":761,"kind":"top_words","i1":6,"i2":9,"sol":{"path":["/c/en/registry","/c/en/register","/c/en/immediate","/c/en/accusative"],"weight":0.20731999999999937},"num_concepts_raised":23238},{"base_id":761,"kind":"top_words","i1":7,"i2":8,"sol":{"path":["/c/en/ewe","/c/en/human","/c/en/backhand"],"weight":0.20400000000000001},"num_concepts_raised":296},{"base_id":761,"kind":"top_words","i1":7,"i2":9,"sol":{"path":["/c/en/ewe","/c/fr/langue","/c/fr/accusatif","/c/en/accusative"],"weight":0.21171999999999935},"num_concepts_raised":40465},{"base_id":761,"kind":"top_words","i1":8,"i2":9,"sol":{"path":["/c/en/backhand","/c/en/stroke","/c/en/oblique","/c/en/accusative"],"weight":0.2106199999999994},"num_concepts_raised":25085}]]