[[{"base_id":638,"kind":"bot_words","i1":0,"i2":1,"sol":{"path":["/c/en/uranian","/c/en/german","/c/en/switzerland","/c/en/zurich"],"weight":0.2027099999999999},"num_concepts_raised":23875},{"base_id":638,"kind":"bot_words","i1":0,"i2":2,"sol":{"path":["/c/en/uranian","/c/en/celestial","/c/en/slang","/c/en/smashed"],"weight":0.2030099999999998},"num_concepts_raised":42706},{"base_id":638,"kind":"bot_words","i1":0,"i2":3,"sol":{"path":["/c/en/uranian","/c/en/celestial","/c/la/sacer","/c/en/sacrament"],"weight":0.2111499999999999},"num_concepts_raised":32988},{"base_id":638,"kind":"bot_words","i1":0,"i2":4,"sol":{"path":["/c/en/uranian","/c/en/mineralogy","/c/en/simple","/c/en/difficult","/c/en/catchy"],"weight":0.2045399999999999},"num_concepts_raised":26641},{"base_id":638,"kind":"bot_words","i1":0,"i2":5,"sol":{"path":["/c/en/uranian","/c/en/mineral","/c/en/demineralization","/c/en/pathology","/c/en/pneumonitis"],"weight":0.2028199999999999},"num_concepts_raised":29272},{"base_id":638,"kind":"bot_words","i1":0,"i2":6,"sol":{"path":["/c/en/uranian","/c/it/uranico","/c/en/chemistry","/c/en/halogenated"],"weight":0.2034699999999997},"num_concepts_raised":37822},{"base_id":638,"kind":"bot_words","i1":0,"i2":7,"sol":{"path":["/c/en/uranian","/c/en/historical","/c/en/union","/c/pt/sindicalismo","/c/en/syndicalism"],"weight":0.21267999999999992},"num_concepts_raised":23344},{"base_id":638,"kind":"bot_words","i1":0,"i2":8,"sol":{"path":["/c/en/uranian","/c/en/astronomy","/c/en/physics","/c/en/handedness","/c/en/laterality"],"weight":0.2038399999999999},"num_concepts_raised":23730},{"base_id":638,"kind":"bot_words","i1":0,"i2":9,"sol":{"path":["/c/en/uranian","/c/en/historical","/c/en/cartel","/c/en/trust"],"weight":0.22292999999999835},"num_concepts_raised":85091},{"base_id":638,"kind":"bot_words","i1":1,"i2":2,"sol":{"path":["/c/en/zurich","/c/en/switzerland","/c/en/bank","/c/en/slang","/c/en/smashed"],"weight":0.20280999999999982},"num_concepts_raised":21085},{"base_id":638,"kind":"bot_words","i1":1,"i2":3,"sol":{"path":["/c/en/zurich","/c/en/switzerland","/c/en/country","/c/en/mass","/c/en/sacrament"],"weight":0.21090999999999988},"num_concepts_raised":11130},{"base_id":638,"kind":"bot_words","i1":1,"i2":4,"sol":{"path":["/c/en/zurich","/c/fr/zurich","/c/fr/localités","/c/en/hook","/c/en/catchy"],"weight":0.2043699999999999},"num_concepts_raised":4571},{"base_id":638,"kind":"bot_words","i1":1,"i2":5,"sol":{"path":["/c/en/zurich","/c/fr/zurich","/c/fr/localités","/c/en/swell","/c/en/inflammation","/c/en/pneumonitis"],"weight":0.20731739999999974},"num_concepts_raised":269195},{"base_id":638,"kind":"bot_words","i1":1,"i2":6,"sol":{"path":["/c/en/zurich","/c/en/switzerland","/c/en/energy","/c/en/atom","/c/en/halogenated"],"weight":0.20313999999999974},"num_concepts_raised":17567},{"base_id":638,"kind":"bot_words","i1":1,"i2":7,"sol":{"path":["/c/en/zurich","/c/fr/zurich","/c/fr/suisse","/c/fr/mouvement","/c/fr/syndicalisme","/c/en/syndicalism"],"weight":0.22067429999999966},"num_concepts_raised":169881},{"base_id":638,"kind":"bot_words","i1":1,"i2":8,"sol":{"path":["/c/en/zurich","/c/en/switzerland","/c/en/first","/c/en/dominance","/c/en/laterality"],"weight":0.20264999999999989},"num_concepts_raised":1631},{"base_id":638,"kind":"bot_words","i1":1,"i2":9,"sol":{"path":["/c/en/zurich","/c/en/switzerland","/c/en/bank","/c/en/trust"],"weight":0.22254999999999836},"num_concepts_raised":63922},{"base_id":638,"kind":"bot_words","i1":2,"i2":3,"sol":{"path":["/c/en/smashed","/c/en/wine","/c/en/christianity","/c/en/sacrament"],"weight":0.21148999999999982},"num_concepts_raised":30223},{"base_id":638,"kind":"bot_words","i1":2,"i2":4,"sol":{"path":["/c/en/smashed","/c/en/slang","/c/en/tricky","/c/en/catchy"],"weight":0.20360999999999982},"num_concepts_raised":23709},{"base_id":638,"kind":"bot_words","i1":2,"i2":5,"sol":{"path":["/c/en/smashed","/c/en/smash","/c/en/dropping","/c/en/bird_fancier's_lung","/c/en/pneumonitis"],"weight":0.2037799999999998},"num_concepts_raised":26458},{"base_id":638,"kind":"bot_words","i1":2,"i2":6,"sol":{"path":["/c/en/smashed","/c/en/smash","/c/en/activity","/c/en/chemistry","/c/en/halogenated"],"weight":0.20452999999999966},"num_concepts_raised":36735},{"base_id":638,"kind":"bot_words","i1":2,"i2":7,"sol":{"path":["/c/en/smashed","/c/en/smash","/c/en/action","/c/en/direct_action","/c/en/syndicalism"],"weight":0.20969999999999983},"num_concepts_raised":20537},{"base_id":638,"kind":"bot_words","i1":2,"i2":8,"sol":{"path":["/c/en/smashed","/c/en/slang","/c/en/leg","/c/en/lateral","/c/en/laterality"],"weight":0.2038999999999998},"num_concepts_raised":20912},{"base_id":638,"kind":"bot_words","i1":2,"i2":9,"sol":{"path":["/c/en/smashed","/c/en/accident","/c/en/legal","/c/en/trust"],"weight":0.22519999999999826},"num_concepts_raised":81792},{"base_id":638,"kind":"bot_words","i1":3,"i2":4,"sol":{"path":["/c/en/sacrament","/c/en/anointing_of_sick","/c/en/person","/c/en/difficult","/c/en/catchy"],"weight":0.2145399999999999},"num_concepts_raised":13877},{"base_id":638,"kind":"bot_words","i1":3,"i2":5,"sol":{"path":["/c/en/sacrament","/c/en/christianity","/c/syc/ܩܠܬܐ","/c/en/pathology","/c/en/pneumonitis"],"weight":0.21124999999999988},"num_concepts_raised":16525},{"base_id":638,"kind":"bot_words","i1":3,"i2":6,"sol":{"path":["/c/en/sacrament","/c/en/mass","/c/en/atom","/c/en/halogenated"],"weight":0.21149999999999974},"num_concepts_raised":26815},{"base_id":638,"kind":"bot_words","i1":3,"i2":7,"sol":{"path":["/c/en/sacrament","/c/en/consubstantiation","/c/en/union","/c/pt/sindicalismo","/c/en/syndicalism"],"weight":0.22074999999999992},"num_concepts_raised":10578},{"base_id":638,"kind":"bot_words","i1":3,"i2":8,"sol":{"path":["/c/en/sacrament","/c/fr/sacrement","/c/fr/religion","/c/fr/domination","/c/en/laterality"],"weight":0.2156999999999999},"num_concepts_raised":10969},{"base_id":638,"kind":"bot_words","i1":3,"i2":9,"sol":{"path":["/c/en/sacrament","/c/en/confirmation","/c/en/faith","/c/en/trust"],"weight":0.23888999999999833},"num_concepts_raised":72443},{"base_id":638,"kind":"bot_words","i1":4,"i2":5,"sol":{"path":["/c/en/catchy","/c/en/infectious","/c/en/pathology","/c/en/pneumonitis"],"weight":0.2033499999999999},"num_concepts_raised":9947},{"base_id":638,"kind":"bot_words","i1":4,"i2":6,"sol":{"path":["/c/en/catchy","/c/fr/complexe","/c/en/compound","/c/en/halogenated"],"weight":0.20389999999999975},"num_concepts_raised":20312},{"base_id":638,"kind":"bot_words","i1":4,"i2":7,"sol":{"path":["/c/en/catchy","/c/fr/complexe","/c/fr/économie","/c/fr/syndicalisme","/c/en/syndicalism"],"weight":0.2152999999999999},"num_concepts_raised":4019},{"base_id":638,"kind":"bot_words","i1":4,"i2":8,"sol":{"path":["/c/en/catchy","/c/en/difficult","/c/en/level","/c/en/lateral","/c/en/laterality"],"weight":0.2053599999999999},"num_concepts_raised":4412},{"base_id":638,"kind":"bot_words","i1":4,"i2":9,"sol":{"path":["/c/en/catchy","/c/en/tricky","/c/en/untrustworthy","/c/en/trust"],"weight":0.22337999999999836},"num_concepts_raised":66472},{"base_id":638,"kind":"bot_words","i1":5,"i2":6,"sol":{"path":["/c/en/pneumonitis","/c/en/pathology","/c/en/chloracne","/c/en/halogenated"],"weight":0.2031299999999997},"num_concepts_raised":22929},{"base_id":638,"kind":"bot_words","i1":5,"i2":7,"sol":{"path":["/c/en/pneumonitis","/c/en/pathology","/c/en/nonunion","/c/en/labor_union","/c/en/syndicalism"],"weight":0.20845999999999992},"num_concepts_raised":6632},{"base_id":638,"kind":"bot_words","i1":5,"i2":8,"sol":{"path":["/c/en/pneumonitis","/c/en/pathology","/c/en/meralgia_paraesthetica","/c/en/lateral","/c/en/laterality"],"weight":0.2036499999999999},"num_concepts_raised":7025},{"base_id":638,"kind":"bot_words","i1":5,"i2":9,"sol":{"path":["/c/en/pneumonitis","/c/en/pathology","/c/fr/anxiété","/c/fr/confiance","/c/en/trust"],"weight":0.2298799999999983},"num_concepts_raised":69300},{"base_id":638,"kind":"bot_words","i1":6,"i2":7,"sol":{"path":["/c/en/halogenated","/c/en/atom","/c/en/union","/c/pt/sindicalismo","/c/en/syndicalism"],"weight":0.21309999999999973},"num_concepts_raised":17011},{"base_id":638,"kind":"bot_words","i1":6,"i2":8,"sol":{"path":["/c/en/halogenated","/c/en/chemistry","/c/en/handedness","/c/en/laterality"],"weight":0.20439999999999972},"num_concepts_raised":17399},{"base_id":638,"kind":"bot_words","i1":6,"i2":9,"sol":{"path":["/c/en/halogenated","/c/en/compound","/c/en/legal","/c/en/trust"],"weight":0.22558999999999818},"num_concepts_raised":79293},{"base_id":638,"kind":"bot_words","i1":7,"i2":8,"sol":{"path":["/c/en/syndicalism","/c/en/labor_union","/c/en/condition","/c/en/dominance","/c/en/laterality"],"weight":0.20853999999999992},"num_concepts_raised":1078},{"base_id":638,"kind":"bot_words","i1":7,"i2":9,"sol":{"path":["/c/en/syndicalism","/c/fr/syndicalisme","/c/fr/commun","/c/en/trust"],"weight":0.23452999999999838},"num_concepts_raised":63363},{"base_id":638,"kind":"bot_words","i1":8,"i2":9,"sol":{"path":["/c/en/laterality","/c/en/handedness","/c/en/property","/c/en/trust"],"weight":0.22375999999999835},"num_concepts_raised":63693}],[{"base_id":638,"kind":"top_words","i1":0,"i2":1,"sol":{"path":["/c/en/pharisee","/c/en/intention","/c/en/medicine","/c/en/dislocate"],"weight":0.20466999999999955},"num_concepts_raised":31382},{"base_id":638,"kind":"top_words","i1":0,"i2":2,"sol":{"path":["/c/en/pharisee","/c/en/pharisaism","/c/en/external","/c/en/anatomy","/c/en/cortical"],"weight":0.20564999999999978},"num_concepts_raised":42623},{"base_id":638,"kind":"top_words","i1":0,"i2":3,"sol":{"path":["/c/en/pharisee","/c/en/pharisaic","/c/en/ritual","/c/en/bone","/c/en/prefrontal"],"weight":0.20482999999999985},"num_concepts_raised":7773},{"base_id":638,"kind":"top_words","i1":0,"i2":4,"sol":{"path":["/c/en/pharisee","/c/en/spirit","/c/en/body","/c/en/limb","/c/en/quadriplegia"],"weight":0.20392999999999994},"num_concepts_raised":6642},{"base_id":638,"kind":"top_words","i1":0,"i2":5,"sol":{"path":["/c/en/pharisee","/c/en/intention","/c/en/medicine","/c/en/pathology","/c/en/necrotic"],"weight":0.2039399999999998},"num_concepts_raised":10155},{"base_id":638,"kind":"top_words","i1":0,"i2":6,"sol":{"path":["/c/en/pharisee","/c/en/spirit","/c/en/paranormal","/c/en/extrasensory"],"weight":0.20518999999999993},"num_concepts_raised":5131},{"base_id":638,"kind":"top_words","i1":0,"i2":7,"sol":{"path":["/c/en/pharisee","/c/en/spirit","/c/en/animal","/c/en/ostrich","/c/en/flightless"],"weight":0.20528999999999986},"num_concepts_raised":11217},{"base_id":638,"kind":"top_words","i1":0,"i2":8,"sol":{"path":["/c/en/pharisee","/c/en/spirit","/c/en/stick","/c/en/sharp","/c/en/penetrative"],"weight":0.20474999999999985},"num_concepts_raised":7500},{"base_id":638,"kind":"top_words","i1":0,"i2":9,"sol":{"path":["/c/en/pharisee","/c/en/spirit","/c/en/enthusiasm","/c/en/halfheartedly","/c/en/wholeheartedly"],"weight":0.2053399999999998},"num_concepts_raised":4653},{"base_id":638,"kind":"top_words","i1":1,"i2":2,"sol":{"path":["/c/en/dislocate","/c/en/joint","/c/en/anatomy","/c/en/cortical"],"weight":0.2044799999999995},"num_concepts_raised":64443},{"base_id":638,"kind":"top_words","i1":1,"i2":3,"sol":{"path":["/c/en/dislocate","/c/en/joint","/c/en/bone","/c/en/prefrontal"],"weight":0.20367999999999958},"num_concepts_raised":30488},{"base_id":638,"kind":"top_words","i1":1,"i2":4,"sol":{"path":["/c/en/dislocate","/c/fr/médecine","/c/fr/tétraplégie","/c/en/quadriplegia"],"weight":0.20497999999999966},"num_concepts_raised":29392},{"base_id":638,"kind":"top_words","i1":1,"i2":5,"sol":{"path":["/c/en/dislocate","/c/en/medicine","/c/en/pathology","/c/en/necrotic"],"weight":0.20409999999999953},"num_concepts_raised":32527},{"base_id":638,"kind":"top_words","i1":1,"i2":6,"sol":{"path":["/c/en/dislocate","/c/en/medicine","/c/en/para","/c/en/paranormal","/c/en/extrasensory"],"weight":0.20529999999999965},"num_concepts_raised":28057},{"base_id":638,"kind":"top_words","i1":1,"i2":7,"sol":{"path":["/c/en/dislocate","/c/en/medicine","/c/en/ant","/c/en/flightless"],"weight":0.2042099999999996},"num_concepts_raised":34028},{"base_id":638,"kind":"top_words","i1":1,"i2":8,"sol":{"path":["/c/en/dislocate","/c/en/medicine","/c/en/sharp","/c/en/penetrative"],"weight":0.20486999999999958},"num_concepts_raised":30356},{"base_id":638,"kind":"top_words","i1":1,"i2":9,"sol":{"path":["/c/en/dislocate","/c/en/move","/c/en/pour","/c/zh/傾心","/c/en/wholeheartedly"],"weight":0.20436999999999952},"num_concepts_raised":27587},{"base_id":638,"kind":"top_words","i1":2,"i2":3,"sol":{"path":["/c/en/cortical","/c/en/anatomy","/c/en/anterior","/c/en/prefrontal"],"weight":0.20460999999999982},"num_concepts_raised":41264},{"base_id":638,"kind":"top_words","i1":2,"i2":4,"sol":{"path":["/c/en/cortical","/c/en/anatomy","/c/en/neck","/c/en/quadriplegia"],"weight":0.2038199999999999},"num_concepts_raised":40431},{"base_id":638,"kind":"top_words","i1":2,"i2":5,"sol":{"path":["/c/en/cortical","/c/en/tissue","/c/en/necrosis","/c/en/necrotic"],"weight":0.20366999999999974},"num_concepts_raised":44069},{"base_id":638,"kind":"top_words","i1":2,"i2":6,"sol":{"path":["/c/en/cortical","/c/en/brain","/c/en/perception","/c/en/extrasensory"],"weight":0.20385999999999987},"num_concepts_raised":39299},{"base_id":638,"kind":"top_words","i1":2,"i2":7,"sol":{"path":["/c/en/cortical","/c/en/botany","/c/en/solitary","/c/en/flightless"],"weight":0.20385999999999982},"num_concepts_raised":45288},{"base_id":638,"kind":"top_words","i1":2,"i2":8,"sol":{"path":["/c/en/cortical","/c/en/botany","/c/en/acute","/c/en/penetrative"],"weight":0.2035499999999998},"num_concepts_raised":41513},{"base_id":638,"kind":"top_words","i1":2,"i2":9,"sol":{"path":["/c/en/cortical","/c/fr/anatomie","/c/de/herz","/c/de/von_ganzem_herzen","/c/en/wholeheartedly"],"weight":0.20513999999999974},"num_concepts_raised":38824},{"base_id":638,"kind":"top_words","i1":3,"i2":4,"sol":{"path":["/c/en/prefrontal","/c/en/bone","/c/en/limb","/c/en/quadriplegia"],"weight":0.20297999999999997},"num_concepts_raised":5861},{"base_id":638,"kind":"top_words","i1":3,"i2":5,"sol":{"path":["/c/en/prefrontal","/c/en/anterior","/c/en/hyphema","/c/en/pathology","/c/en/necrotic"],"weight":0.20399999999999985},"num_concepts_raised":9391},{"base_id":638,"kind":"top_words","i1":3,"i2":6,"sol":{"path":["/c/en/prefrontal","/c/en/scale","/c/en/computing","/c/en/clairvoyant","/c/en/extrasensory"],"weight":0.20411999999999997},"num_concepts_raised":4415},{"base_id":638,"kind":"top_words","i1":3,"i2":7,"sol":{"path":["/c/en/prefrontal","/c/en/anterior","/c/en/wing","/c/en/wingless","/c/en/flightless"],"weight":0.2062399999999999},"num_concepts_raised":10442},{"base_id":638,"kind":"top_words","i1":3,"i2":8,"sol":{"path":["/c/en/prefrontal","/c/en/bone","/c/fr/sexualité","/c/en/penetrative"],"weight":0.20280999999999988},"num_concepts_raised":6760},{"base_id":638,"kind":"top_words","i1":3,"i2":9,"sol":{"path":["/c/en/prefrontal","/c/en/bone","/c/en/home","/c/zh/歸心","/c/en/wholeheartedly"],"weight":0.20340999999999984},"num_concepts_raised":3932},{"base_id":638,"kind":"top_words","i1":4,"i2":5,"sol":{"path":["/c/en/quadriplegia","/c/en/paraplegia","/c/en/pathology","/c/en/necrotic"],"weight":0.20536999999999989},"num_concepts_raised":8143},{"base_id":638,"kind":"top_words","i1":4,"i2":6,"sol":{"path":["/c/en/quadriplegia","/c/en/one_impairment_person_might","/c/en/schizophrenia","/c/en/perception","/c/en/extrasensory"],"weight":0.20339000000000004},"num_concepts_raised":3280},{"base_id":638,"kind":"top_words","i1":4,"i2":7,"sol":{"path":["/c/en/quadriplegia","/c/en/limb","/c/en/wing","/c/en/wingless","/c/en/flightless"],"weight":0.20549999999999996},"num_concepts_raised":9332},{"base_id":638,"kind":"top_words","i1":4,"i2":8,"sol":{"path":["/c/en/quadriplegia","/c/en/paraplegia","/c/en/condition","/c/en/acute","/c/en/penetrative"],"weight":0.20514999999999994},"num_concepts_raised":5638},{"base_id":638,"kind":"top_words","i1":4,"i2":9,"sol":{"path":["/c/en/quadriplegia","/c/en/limb","/c/en/whole","/c/en/wholehearted","/c/en/wholeheartedly"],"weight":0.2046599999999999},"num_concepts_raised":2792},{"base_id":638,"kind":"top_words","i1":5,"i2":6,"sol":{"path":["/c/en/necrotic","/c/en/pathology","/c/en/acrognosis","/c/en/perception","/c/en/extrasensory"],"weight":0.2034499999999999},"num_concepts_raised":6784},{"base_id":638,"kind":"top_words","i1":5,"i2":7,"sol":{"path":["/c/en/necrotic","/c/en/pathology","/c/en/disease","/c/en/chicken","/c/en/flightless"],"weight":0.2035199999999998},"num_concepts_raised":12866},{"base_id":638,"kind":"top_words","i1":5,"i2":8,"sol":{"path":["/c/en/necrotic","/c/en/pathology","/c/xcl/սուր","/c/en/penetrative"],"weight":0.20308999999999983},"num_concepts_raised":9152},{"base_id":638,"kind":"top_words","i1":5,"i2":9,"sol":{"path":["/c/en/necrotic","/c/en/pathology","/c/de/herzkrankheit","/c/de/herz","/c/de/von_ganzem_herzen","/c/en/wholeheartedly"],"weight":0.2093722999999989},"num_concepts_raised":179280},{"base_id":638,"kind":"top_words","i1":6,"i2":7,"sol":{"path":["/c/en/extrasensory","/c/en/clairvoyant","/c/en/computing","/c/en/emu","/c/en/flightless"],"weight":0.20564999999999994},"num_concepts_raised":7861},{"base_id":638,"kind":"top_words","i1":6,"i2":8,"sol":{"path":["/c/en/extrasensory","/c/en/perception","/c/en/penetration","/c/en/penetrative"],"weight":0.20332999999999996},"num_concepts_raised":4114},{"base_id":638,"kind":"top_words","i1":6,"i2":9,"sol":{"path":["/c/en/extrasensory","/c/fr/extrasensoriel","/c/fr/sensation","/c/fr/plaisir","/c/fr/de_tout_cœur","/c/en/wholeheartedly"],"weight":0.21489119999999995},"num_concepts_raised":96758},{"base_id":638,"kind":"top_words","i1":7,"i2":8,"sol":{"path":["/c/en/flightless","/c/en/fly","/c/en/sharp","/c/en/penetrative"],"weight":0.20429999999999987},"num_concepts_raised":10205},{"base_id":638,"kind":"top_words","i1":7,"i2":9,"sol":{"path":["/c/en/flightless","/c/en/fly","/c/fr/argot","/c/cs/srdcař","/c/fr/de_tout_cœur","/c/en/wholeheartedly"],"weight":0.2113262999999996},"num_concepts_raised":504714},{"base_id":638,"kind":"top_words","i1":8,"i2":9,"sol":{"path":["/c/en/penetrative","/c/en/sharp","/c/en/eager","/c/ja/切なる","/c/en/wholeheartedly"],"weight":0.2044599999999998},"num_concepts_raised":3662}]]