[[{"base_id":330,"kind":"bot_words","i1":0,"i2":1,"sol":{"path":["/c/en/tartrate","/c/en/salt","/c/en/water","/c/en/jar"],"weight":0.22432999999999864},"num_concepts_raised":88663},{"base_id":330,"kind":"bot_words","i1":0,"i2":2,"sol":{"path":["/c/en/tartrate","/c/en/salt","/c/en/element","/c/en/inhabited","/c/en/populated"],"weight":0.2095899999999998},"num_concepts_raised":19818},{"base_id":330,"kind":"bot_words","i1":0,"i2":3,"sol":{"path":["/c/en/tartrate","/c/en/tartaric_acid","/c/en/carbohydrate","/c/en/plant","/c/en/gladiolus"],"weight":0.21648999999999974},"num_concepts_raised":34251},{"base_id":330,"kind":"bot_words","i1":0,"i2":4,"sol":{"path":["/c/en/tartrate","/c/en/salt","/c/en/food","/c/en/cookie","/c/en/brownie"],"weight":0.21191999999999978},"num_concepts_raised":46060},{"base_id":330,"kind":"bot_words","i1":0,"i2":5,"sol":{"path":["/c/en/tartrate","/c/en/salt","/c/en/preserve","/c/en/conservation"],"weight":0.22082999999999942},"num_concepts_raised":60068},{"base_id":330,"kind":"bot_words","i1":0,"i2":6,"sol":{"path":["/c/en/tartrate","/c/en/salt","/c/en/wave","/c/en/choppy"],"weight":0.20871999999999985},"num_concepts_raised":14770},{"base_id":330,"kind":"bot_words","i1":0,"i2":7,"sol":{"path":["/c/en/tartrate","/c/en/tartaric","/c/en/chemistry","/c/en/physics","/c/en/microgravity"],"weight":0.2104199999999999},"num_concepts_raised":21272},{"base_id":330,"kind":"bot_words","i1":0,"i2":8,"sol":{"path":["/c/en/tartrate","/c/en/salt","/c/en/tangible_thing","/c/en/centriole"],"weight":0.21444999999999997},"num_concepts_raised":21408},{"base_id":330,"kind":"bot_words","i1":0,"i2":9,"sol":{"path":["/c/en/tartrate","/c/en/tartar","/c/en/person","/c/en/discord"],"weight":0.21208999999999953},"num_concepts_raised":42730},{"base_id":330,"kind":"bot_words","i1":1,"i2":2,"sol":{"path":["/c/en/jar","/c/en/water","/c/en/city","/c/en/populated"],"weight":0.21901999999999855},"num_concepts_raised":85362},{"base_id":330,"kind":"bot_words","i1":1,"i2":3,"sol":{"path":["/c/en/jar","/c/en/water","/c/en/plant","/c/en/gladiolus"],"weight":0.22504999999999847},"num_concepts_raised":99160},{"base_id":330,"kind":"bot_words","i1":1,"i2":4,"sol":{"path":["/c/en/jar","/c/en/cookie","/c/en/brownie"],"weight":0.20700000000000002},"num_concepts_raised":731},{"base_id":330,"kind":"bot_words","i1":1,"i2":5,"sol":{"path":["/c/en/jar","/c/en/preserve","/c/en/conservation"],"weight":0.20800000000000002},"num_concepts_raised":877},{"base_id":330,"kind":"bot_words","i1":1,"i2":6,"sol":{"path":["/c/en/jar","/c/en/jolt","/c/en/sudden","/c/en/choppy"],"weight":0.21987999999999858},"num_concepts_raised":80574},{"base_id":330,"kind":"bot_words","i1":1,"i2":7,"sol":{"path":["/c/en/jar","/c/en/space","/c/en/zero_gravity","/c/en/microgravity"],"weight":0.21737999999999863},"num_concepts_raised":86951},{"base_id":330,"kind":"bot_words","i1":1,"i2":8,"sol":{"path":["/c/en/jar","/c/en/vessel","/c/en/biology","/c/en/centriole"],"weight":0.2251899999999987},"num_concepts_raised":86971},{"base_id":330,"kind":"bot_words","i1":1,"i2":9,"sol":{"path":["/c/en/jar","/c/en/discord"],"weight":0.20400000000000001},"num_concepts_raised":888},{"base_id":330,"kind":"bot_words","i1":2,"i2":3,"sol":{"path":["/c/en/populated","/c/en/people","/c/en/bone","/c/en/gladiolus"],"weight":0.20934999999999965},"num_concepts_raised":31061},{"base_id":330,"kind":"bot_words","i1":2,"i2":4,"sol":{"path":["/c/en/populated","/c/en/food_desert","/c/en/cake","/c/en/brownie"],"weight":0.20561999999999972},"num_concepts_raised":42409},{"base_id":330,"kind":"bot_words","i1":2,"i2":5,"sol":{"path":["/c/en/populated","/c/en/people","/c/en/conservation"],"weight":0.20400000000000001},"num_concepts_raised":301},{"base_id":330,"kind":"bot_words","i1":2,"i2":6,"sol":{"path":["/c/en/populated","/c/en/people","/c/en/ground","/c/fr/haché","/c/en/choppy"],"weight":0.20457999999999976},"num_concepts_raised":11564},{"base_id":330,"kind":"bot_words","i1":2,"i2":7,"sol":{"path":["/c/en/populated","/c/en/inhabited","/c/en/mathematics","/c/en/physics","/c/en/microgravity"],"weight":0.20429999999999982},"num_concepts_raised":18066},{"base_id":330,"kind":"bot_words","i1":2,"i2":8,"sol":{"path":["/c/en/populated","/c/en/inhabited","/c/en/habitat","/c/en/biology","/c/en/centriole"],"weight":0.2105499999999999},"num_concepts_raised":18264},{"base_id":330,"kind":"bot_words","i1":2,"i2":9,"sol":{"path":["/c/en/populated","/c/en/people","/c/en/agree","/c/en/discord"],"weight":0.20807999999999946},"num_concepts_raised":38958},{"base_id":330,"kind":"bot_words","i1":3,"i2":4,"sol":{"path":["/c/en/gladiolus","/c/en/gladiola","/c/en/us","/c/en/brownie"],"weight":0.21438999999999964},"num_concepts_raised":57098},{"base_id":330,"kind":"bot_words","i1":3,"i2":5,"sol":{"path":["/c/en/gladiolus","/c/en/plant","/c/en/nature","/c/en/conservation"],"weight":0.21742999999999926},"num_concepts_raised":70808},{"base_id":330,"kind":"bot_words","i1":3,"i2":6,"sol":{"path":["/c/en/gladiolus","/c/en/bone","/c/en/chop","/c/en/choppy"],"weight":0.20954999999999968},"num_concepts_raised":26092},{"base_id":330,"kind":"bot_words","i1":3,"i2":7,"sol":{"path":["/c/en/gladiolus","/c/en/anatomy","/c/en/orbit","/c/en/microgravity"],"weight":0.20907999999999974},"num_concepts_raised":32568},{"base_id":330,"kind":"bot_words","i1":3,"i2":8,"sol":{"path":["/c/en/gladiolus","/c/en/plant","/c/en/biology","/c/en/centriole"],"weight":0.21536999999999978},"num_concepts_raised":32472},{"base_id":330,"kind":"bot_words","i1":3,"i2":9,"sol":{"path":["/c/en/gladiolus","/c/en/gladiator","/c/en/debate","/c/en/discord"],"weight":0.21494999999999936},"num_concepts_raised":53783},{"base_id":330,"kind":"bot_words","i1":4,"i2":5,"sol":{"path":["/c/en/brownie","/c/en/us","/c/en/conservative","/c/en/conservation"],"weight":0.21455999999999933},"num_concepts_raised":81812},{"base_id":330,"kind":"bot_words","i1":4,"i2":6,"sol":{"path":["/c/en/brownie","/c/en/little","/c/en/chop","/c/en/choppy"],"weight":0.20464999999999972},"num_concepts_raised":37798},{"base_id":330,"kind":"bot_words","i1":4,"i2":7,"sol":{"path":["/c/en/brownie","/c/en/cookie","/c/en/drop","/c/en/gravity","/c/en/microgravity"],"weight":0.20646999999999982},"num_concepts_raised":44357},{"base_id":330,"kind":"bot_words","i1":4,"i2":8,"sol":{"path":["/c/en/brownie","/c/en/cake","/c/en/tangible_thing","/c/en/centriole"],"weight":0.21165999999999988},"num_concepts_raised":44446},{"base_id":330,"kind":"bot_words","i1":4,"i2":9,"sol":{"path":["/c/en/brownie","/c/en/cookie","/c/en/jar","/c/en/discord"],"weight":0.21018999999999943},"num_concepts_raised":64757},{"base_id":330,"kind":"bot_words","i1":5,"i2":6,"sol":{"path":["/c/en/conservation","/c/en/physics","/c/en/wave","/c/en/choppy"],"weight":0.21375999999999937},"num_concepts_raised":51668},{"base_id":330,"kind":"bot_words","i1":5,"i2":7,"sol":{"path":["/c/en/conservation","/c/en/physics","/c/en/microgravity"],"weight":0.20500000000000002},"num_concepts_raised":284},{"base_id":330,"kind":"bot_words","i1":5,"i2":8,"sol":{"path":["/c/en/conservation","/c/en/biology","/c/en/centriole"],"weight":0.20600000000000002},"num_concepts_raised":328},{"base_id":330,"kind":"bot_words","i1":5,"i2":9,"sol":{"path":["/c/en/conservation","/c/en/preserve","/c/en/jar","/c/en/discord"],"weight":0.21918999999999905},"num_concepts_raised":77797},{"base_id":330,"kind":"bot_words","i1":6,"i2":7,"sol":{"path":["/c/en/choppy","/c/en/wave","/c/en/physics","/c/en/microgravity"],"weight":0.20342999999999983},"num_concepts_raised":12949},{"base_id":330,"kind":"bot_words","i1":6,"i2":8,"sol":{"path":["/c/en/choppy","/c/en/sudden","/c/en/ejaculation","/c/en/biology","/c/en/centriole"],"weight":0.2105999999999999},"num_concepts_raised":13287},{"base_id":330,"kind":"bot_words","i1":6,"i2":9,"sol":{"path":["/c/en/choppy","/c/it/maretta","/c/en/clash","/c/en/discord"],"weight":0.20827999999999947},"num_concepts_raised":34386},{"base_id":330,"kind":"bot_words","i1":7,"i2":8,"sol":{"path":["/c/en/microgravity","/c/en/zero_gravity","/c/en/space","/c/en/cell","/c/en/centriole"],"weight":0.21019999999999997},"num_concepts_raised":19650},{"base_id":330,"kind":"bot_words","i1":7,"i2":9,"sol":{"path":["/c/en/microgravity","/c/en/physics","/c/zh/摩擦","/c/en/discord"],"weight":0.20685999999999954},"num_concepts_raised":40863},{"base_id":330,"kind":"bot_words","i1":8,"i2":9,"sol":{"path":["/c/en/centriole","/c/en/biology","/c/en/division","/c/en/discord"],"weight":0.21317999999999962},"num_concepts_raised":41041}],[{"base_id":330,"kind":"top_words","i1":0,"i2":1,"sol":{"path":["/c/en/televoting","/c/en/viewer","/c/en/historical","/c/en/india","/c/en/panchayat"],"weight":0.20278999999999991},"num_concepts_raised":4228},{"base_id":330,"kind":"top_words","i1":0,"i2":2,"sol":{"path":["/c/en/televoting","/c/en/viewer","/c/en/content","/c/en/proportion","/c/en/proportional"],"weight":0.20559999999999964},"num_concepts_raised":10405},{"base_id":330,"kind":"top_words","i1":0,"i2":3,"sol":{"path":["/c/en/televoting","/c/en/televote","/c/en/vote","/c/en/electoral"],"weight":0.20376999999999995},"num_concepts_raised":3323},{"base_id":330,"kind":"top_words","i1":0,"i2":4,"sol":{"path":["/c/en/televoting","/c/en/viewer","/c/en/computing","/c/en/distribution","/c/en/apportionment"],"weight":0.2046599999999999},"num_concepts_raised":20510},{"base_id":330,"kind":"top_words","i1":0,"i2":5,"sol":{"path":["/c/en/televoting","/c/en/viewer","/c/en/historical","/c/en/unit","/c/en/raion"],"weight":0.20840999999999987},"num_concepts_raised":5487},{"base_id":330,"kind":"top_words","i1":0,"i2":6,"sol":{"path":["/c/en/televoting","/c/en/phone_call","/c/en/phone","/c/en/number","/c/en/sixteen"],"weight":0.20903000000000072},"num_concepts_raised":6121},{"base_id":330,"kind":"top_words","i1":0,"i2":7,"sol":{"path":["/c/en/televoting","/c/en/telecast","/c/en/air","/c/en/zonal"],"weight":0.20290999999999992},"num_concepts_raised":4851},{"base_id":330,"kind":"top_words","i1":0,"i2":8,"sol":{"path":["/c/en/televoting","/c/en/viewer","/c/en/historical","/c/en/ward","/c/en/wards"],"weight":0.2059399999999999},"num_concepts_raised":1816},{"base_id":330,"kind":"top_words","i1":0,"i2":9,"sol":{"path":["/c/en/televoting","/c/fr/télévote","/c/fr/informatique","/c/en/zip","/c/en/postcode"],"weight":0.20490999999999981},"num_concepts_raised":14444},{"base_id":330,"kind":"top_words","i1":1,"i2":2,"sol":{"path":["/c/en/panchayat","/c/en/council","/c/en/club","/c/en/proportionate","/c/en/proportional"],"weight":0.20677999999999963},"num_concepts_raised":13902},{"base_id":330,"kind":"top_words","i1":1,"i2":3,"sol":{"path":["/c/en/panchayat","/c/en/india","/c/en/election","/c/en/electoral"],"weight":0.20507999999999993},"num_concepts_raised":6828},{"base_id":330,"kind":"top_words","i1":1,"i2":4,"sol":{"path":["/c/en/panchayat","/c/en/india","/c/en/state","/c/en/apportionment"],"weight":0.20344999999999985},"num_concepts_raised":23900},{"base_id":330,"kind":"top_words","i1":1,"i2":5,"sol":{"path":["/c/en/panchayat","/c/en/india","/c/en/state","/c/en/raion"],"weight":0.20843999999999985},"num_concepts_raised":8904},{"base_id":330,"kind":"top_words","i1":1,"i2":6,"sol":{"path":["/c/en/panchayat","/c/hi/पाँच","/c/en/cardinal","/c/en/16","/c/en/sixteen"],"weight":0.21275000000000072},"num_concepts_raised":9628},{"base_id":330,"kind":"top_words","i1":1,"i2":7,"sol":{"path":["/c/en/panchayat","/c/en/india","/c/en/state","/c/en/zone","/c/en/zonal"],"weight":0.20402999999999988},"num_concepts_raised":8355},{"base_id":330,"kind":"top_words","i1":1,"i2":8,"sol":{"path":["/c/en/panchayat","/c/en/india","/c/en/historical","/c/en/ward","/c/en/wards"],"weight":0.20596999999999988},"num_concepts_raised":5325},{"base_id":330,"kind":"top_words","i1":1,"i2":9,"sol":{"path":["/c/en/panchayat","/c/en/village","/c/en/australia","/c/en/postcode"],"weight":0.20379999999999981},"num_concepts_raised":17861},{"base_id":330,"kind":"top_words","i1":2,"i2":3,"sol":{"path":["/c/en/proportional","/c/de/verhältniswahl","/c/en/vote","/c/en/electoral"],"weight":0.20540999999999965},"num_concepts_raised":12989},{"base_id":330,"kind":"top_words","i1":2,"i2":4,"sol":{"path":["/c/en/proportional","/c/en/proportionate","/c/en/apportion","/c/en/apportionment"],"weight":0.2085699999999996},"num_concepts_raised":29722},{"base_id":330,"kind":"top_words","i1":2,"i2":5,"sol":{"path":["/c/en/proportional","/c/en/quantity","/c/en/unit","/c/en/raion"],"weight":0.21012999999999957},"num_concepts_raised":14994},{"base_id":330,"kind":"top_words","i1":2,"i2":6,"sol":{"path":["/c/en/proportional","/c/en/quantity","/c/en/number","/c/en/sixteen"],"weight":0.21082000000000042},"num_concepts_raised":15501},{"base_id":330,"kind":"top_words","i1":2,"i2":7,"sol":{"path":["/c/en/proportional","/c/en/ratiometer","/c/en/current","/c/en/zonal"],"weight":0.2045299999999996},"num_concepts_raised":14428},{"base_id":330,"kind":"top_words","i1":2,"i2":8,"sol":{"path":["/c/en/proportional","/c/en/relative","/c/en/person","/c/en/ward","/c/en/wards"],"weight":0.20788999999999958},"num_concepts_raised":11482},{"base_id":330,"kind":"top_words","i1":2,"i2":9,"sol":{"path":["/c/en/proportional","/c/en/natural","/c/en/uk","/c/en/postcode"],"weight":0.20650999999999953},"num_concepts_raised":23598},{"base_id":330,"kind":"top_words","i1":3,"i2":4,"sol":{"path":["/c/en/electoral","/c/en/elector","/c/fr/politique","/c/en/apportionment"],"weight":0.2043799999999999},"num_concepts_raised":22912},{"base_id":330,"kind":"top_words","i1":3,"i2":5,"sol":{"path":["/c/en/electoral","/c/nl/kieskring","/c/en/administrative","/c/en/raion"],"weight":0.2092599999999999},"num_concepts_raised":8053},{"base_id":330,"kind":"top_words","i1":3,"i2":6,"sol":{"path":["/c/en/electoral","/c/en/elective","/c/en/selection","/c/en/number","/c/en/sixteen"],"weight":0.21204000000000073},"num_concepts_raised":8706},{"base_id":330,"kind":"top_words","i1":3,"i2":7,"sol":{"path":["/c/en/electoral","/c/en/election","/c/en/district","/c/en/zone","/c/en/zonal"],"weight":0.20636999999999991},"num_concepts_raised":7457},{"base_id":330,"kind":"top_words","i1":3,"i2":8,"sol":{"path":["/c/en/electoral","/c/en/floterial","/c/en/precinct","/c/en/wards"],"weight":0.20367999999999992},"num_concepts_raised":4423},{"base_id":330,"kind":"top_words","i1":3,"i2":9,"sol":{"path":["/c/en/electoral","/c/en/pig","/c/en/uk","/c/en/postcode"],"weight":0.20573999999999984},"num_concepts_raised":16975},{"base_id":330,"kind":"top_words","i1":4,"i2":5,"sol":{"path":["/c/en/apportionment","/c/en/state","/c/en/raion"],"weight":0.20400000000000001},"num_concepts_raised":127},{"base_id":330,"kind":"top_words","i1":4,"i2":6,"sol":{"path":["/c/en/apportionment","/c/en/part","/c/en/sixteenth","/c/en/sixteen"],"weight":0.2107800000000007},"num_concepts_raised":25522},{"base_id":330,"kind":"top_words","i1":4,"i2":7,"sol":{"path":["/c/en/apportionment","/c/en/partition","/c/en/zone","/c/en/zonal"],"weight":0.20467999999999986},"num_concepts_raised":24443},{"base_id":330,"kind":"top_words","i1":4,"i2":8,"sol":{"path":["/c/en/apportionment","/c/en/state","/c/ja/様","/c/en/wards"],"weight":0.20345999999999986},"num_concepts_raised":21525},{"base_id":330,"kind":"top_words","i1":4,"i2":9,"sol":{"path":["/c/en/apportionment","/c/en/us","/c/en/zip_code","/c/en/postcode"],"weight":0.20590999999999976},"num_concepts_raised":32624},{"base_id":330,"kind":"top_words","i1":5,"i2":6,"sol":{"path":["/c/en/raion","/c/en/unit","/c/en/number","/c/en/sixteen"],"weight":0.21473000000000064},"num_concepts_raised":10749},{"base_id":330,"kind":"top_words","i1":5,"i2":7,"sol":{"path":["/c/en/raion","/c/ru/район","/c/en/zone","/c/en/zonal"],"weight":0.21165999999999982},"num_concepts_raised":9513},{"base_id":330,"kind":"top_words","i1":5,"i2":8,"sol":{"path":["/c/en/raion","/c/en/unit","/c/en/ward","/c/en/wards"],"weight":0.21158999999999983},"num_concepts_raised":6539},{"base_id":330,"kind":"top_words","i1":5,"i2":9,"sol":{"path":["/c/en/raion","/c/en/unit","/c/en/uk","/c/en/postcode"],"weight":0.21050999999999975},"num_concepts_raised":18971},{"base_id":330,"kind":"top_words","i1":6,"i2":7,"sol":{"path":["/c/en/sixteen","/c/en/number","/c/en/device","/c/en/zone","/c/en/zonal"],"weight":0.21024000000000068},"num_concepts_raised":10240},{"base_id":330,"kind":"top_words","i1":6,"i2":8,"sol":{"path":["/c/en/sixteen","/c/en/number","/c/en/unit","/c/en/ward","/c/en/wards"],"weight":0.21224000000000068},"num_concepts_raised":7216},{"base_id":330,"kind":"top_words","i1":6,"i2":9,"sol":{"path":["/c/en/sixteen","/c/en/number","/c/en/postcode"],"weight":0.202},"num_concepts_raised":335},{"base_id":330,"kind":"top_words","i1":7,"i2":8,"sol":{"path":["/c/en/zonal","/c/en/current","/c/he/ה","/c/en/wards"],"weight":0.20298999999999984},"num_concepts_raised":5938},{"base_id":330,"kind":"top_words","i1":7,"i2":9,"sol":{"path":["/c/en/zonal","/c/en/zone","/c/en/district","/c/en/uk","/c/en/postcode"],"weight":0.20609999999999978},"num_concepts_raised":18446},{"base_id":330,"kind":"top_words","i1":8,"i2":9,"sol":{"path":["/c/en/wards","/c/en/ward","/c/en/uk","/c/en/postcode"],"weight":0.20800999999999978},"num_concepts_raised":15494}]]