[[{"base_id":808,"kind":"bot_words","i1":0,"i2":1,"sol":{"path":["/c/en/coordinator","/c/en/coordination","/c/en/chemistry","/c/en/ergoline","/c/en/bromocriptine"],"weight":0.20980999999999994},"num_concepts_raised":17209},{"base_id":808,"kind":"bot_words","i1":0,"i2":2,"sol":{"path":["/c/en/coordinator","/c/en/coordinate","/c/en/point","/c/en/icepick"],"weight":0.20504000000000006},"num_concepts_raised":16366},{"base_id":808,"kind":"bot_words","i1":0,"i2":3,"sol":{"path":["/c/en/coordinator","/c/en/conjunction","/c/en/junction","/c/en/usa","/c/en/humboldt"],"weight":0.20376999999999992},"num_concepts_raised":18536},{"base_id":808,"kind":"bot_words","i1":0,"i2":4,"sol":{"path":["/c/en/coordinator","/c/en/grammar","/c/en/british","/c/en/paki"],"weight":0.20469999999999997},"num_concepts_raised":25436},{"base_id":808,"kind":"bot_words","i1":0,"i2":5,"sol":{"path":["/c/en/coordinator","/c/en/grammar","/c/en/middle","/c/en/adductor"],"weight":0.20410999999999996},"num_concepts_raised":28888},{"base_id":808,"kind":"bot_words","i1":0,"i2":6,"sol":{"path":["/c/en/coordinator","/c/en/grammar","/c/en/head","/c/en/shawl"],"weight":0.20637999999999995},"num_concepts_raised":26376},{"base_id":808,"kind":"bot_words","i1":0,"i2":7,"sol":{"path":["/c/en/coordinator","/c/en/direct","/c/grc/οἰκέω","/c/en/colonize"],"weight":0.2040599999999999},"num_concepts_raised":17886},{"base_id":808,"kind":"bot_words","i1":0,"i2":8,"sol":{"path":["/c/en/coordinator","/c/en/sports","/c/en/fight","/c/en/combat"],"weight":0.21397999999999873},"num_concepts_raised":40539},{"base_id":808,"kind":"bot_words","i1":0,"i2":9,"sol":{"path":["/c/en/coordinator","/c/en/coordination","/c/en/together","/c/la/factio","/c/en/factious"],"weight":0.20479000000000003},"num_concepts_raised":12059},{"base_id":808,"kind":"bot_words","i1":1,"i2":2,"sol":{"path":["/c/en/bromocriptine","/c/en/drug","/c/en/drop","/c/en/pick","/c/en/icepick"],"weight":0.20814999999999995},"num_concepts_raised":11044},{"base_id":808,"kind":"bot_words","i1":1,"i2":3,"sol":{"path":["/c/en/bromocriptine","/c/en/drug","/c/en/dope","/c/en/ohio","/c/en/humboldt"],"weight":0.2078399999999998},"num_concepts_raised":13083},{"base_id":808,"kind":"bot_words","i1":1,"i2":4,"sol":{"path":["/c/en/bromocriptine","/c/en/drug","/c/en/smoke","/c/en/british","/c/en/paki"],"weight":0.20877999999999985},"num_concepts_raised":20060},{"base_id":808,"kind":"bot_words","i1":1,"i2":5,"sol":{"path":["/c/en/bromocriptine","/c/en/pituitary","/c/en/anatomy","/c/en/adductor"],"weight":0.20832999999999985},"num_concepts_raised":23452},{"base_id":808,"kind":"bot_words","i1":1,"i2":6,"sol":{"path":["/c/en/bromocriptine","/c/en/drug","/c/en/head","/c/en/shawl"],"weight":0.21042999999999984},"num_concepts_raised":21129},{"base_id":808,"kind":"bot_words","i1":1,"i2":7,"sol":{"path":["/c/en/bromocriptine","/c/en/derivative","/c/en/compound","/c/en/settle","/c/en/colonize"],"weight":0.20942999999999978},"num_concepts_raised":12437},{"base_id":808,"kind":"bot_words","i1":1,"i2":8,"sol":{"path":["/c/en/bromocriptine","/c/en/agonist","/c/en/contest","/c/en/combat"],"weight":0.2138399999999987},"num_concepts_raised":35593},{"base_id":808,"kind":"bot_words","i1":1,"i2":9,"sol":{"path":["/c/en/bromocriptine","/c/en/drug","/c/en/process","/c/en/faction","/c/en/factious"],"weight":0.20785999999999988},"num_concepts_raised":6569},{"base_id":808,"kind":"bot_words","i1":2,"i2":3,"sol":{"path":["/c/en/icepick","/c/en/point","/c/en/state","/c/en/ohio","/c/en/humboldt"],"weight":0.20324999999999993},"num_concepts_raised":12379},{"base_id":808,"kind":"bot_words","i1":2,"i2":4,"sol":{"path":["/c/en/icepick","/c/en/tool","/c/en/pejorative","/c/en/paki"],"weight":0.20299999999999996},"num_concepts_raised":19311},{"base_id":808,"kind":"bot_words","i1":2,"i2":5,"sol":{"path":["/c/en/icepick","/c/en/point","/c/en/middle","/c/en/adductor"],"weight":0.20342},"num_concepts_raised":22700},{"base_id":808,"kind":"bot_words","i1":2,"i2":6,"sol":{"path":["/c/en/icepick","/c/en/point","/c/en/head","/c/en/shawl"],"weight":0.20571999999999996},"num_concepts_raised":20193},{"base_id":808,"kind":"bot_words","i1":2,"i2":7,"sol":{"path":["/c/en/icepick","/c/en/pick","/c/en/decide","/c/en/settle","/c/en/colonize"],"weight":0.2047199999999999},"num_concepts_raised":11739},{"base_id":808,"kind":"bot_words","i1":2,"i2":8,"sol":{"path":["/c/en/icepick","/c/fi/naskali","/c/en/punch","/c/en/combat"],"weight":0.20969999999999878},"num_concepts_raised":34492},{"base_id":808,"kind":"bot_words","i1":2,"i2":9,"sol":{"path":["/c/en/icepick","/c/en/awl","/c/en/part","/c/en/faction","/c/en/factious"],"weight":0.20316},"num_concepts_raised":5908},{"base_id":808,"kind":"bot_words","i1":3,"i2":4,"sol":{"path":["/c/en/humboldt","/c/en/canada","/c/en/paki"],"weight":0.203},"num_concepts_raised":53},{"base_id":808,"kind":"bot_words","i1":3,"i2":5,"sol":{"path":["/c/en/humboldt","/c/en/usa","/c/en/reno","/c/en/anatomy","/c/en/adductor"],"weight":0.20335999999999982},"num_concepts_raised":24855},{"base_id":808,"kind":"bot_words","i1":3,"i2":6,"sol":{"path":["/c/en/humboldt","/c/en/kansas","/c/en/flat","/c/de/schal","/c/en/shawl"],"weight":0.20647999999999983},"num_concepts_raised":22383},{"base_id":808,"kind":"bot_words","i1":3,"i2":7,"sol":{"path":["/c/en/humboldt","/c/en/usa","/c/en/colony","/c/en/colonize"],"weight":0.20329999999999976},"num_concepts_raised":13736},{"base_id":808,"kind":"bot_words","i1":3,"i2":8,"sol":{"path":["/c/en/humboldt","/c/en/saskatchewan","/c/en/battle","/c/en/combat"],"weight":0.2133499999999986},"num_concepts_raised":36798},{"base_id":808,"kind":"bot_words","i1":3,"i2":9,"sol":{"path":["/c/en/humboldt","/c/en/ohio","/c/en/york","/c/en/faction","/c/en/factious"],"weight":0.2028899999999999},"num_concepts_raised":7923},{"base_id":808,"kind":"bot_words","i1":4,"i2":5,"sol":{"path":["/c/en/paki","/c/en/pakistani","/c/en/human","/c/en/muscle","/c/en/adductor"],"weight":0.20519999999999988},"num_concepts_raised":31777},{"base_id":808,"kind":"bot_words","i1":4,"i2":6,"sol":{"path":["/c/en/paki","/c/en/british","/c/en/square","/c/en/shawl"],"weight":0.20630999999999985},"num_concepts_raised":29104},{"base_id":808,"kind":"bot_words","i1":4,"i2":7,"sol":{"path":["/c/en/paki","/c/en/british","/c/en/colony","/c/en/colonize"],"weight":0.2042299999999998},"num_concepts_raised":20699},{"base_id":808,"kind":"bot_words","i1":4,"i2":8,"sol":{"path":["/c/en/paki","/c/en/canada","/c/en/battle","/c/en/combat"],"weight":0.21430999999999867},"num_concepts_raised":43494},{"base_id":808,"kind":"bot_words","i1":4,"i2":9,"sol":{"path":["/c/en/paki","/c/en/pakistani","/c/en/person","/c/la/factio","/c/en/factious"],"weight":0.20479999999999993},"num_concepts_raised":14921},{"base_id":808,"kind":"bot_words","i1":5,"i2":6,"sol":{"path":["/c/en/adductor","/c/en/anatomy","/c/en/head","/c/en/shawl"],"weight":0.20601999999999987},"num_concepts_raised":32278},{"base_id":808,"kind":"bot_words","i1":5,"i2":7,"sol":{"path":["/c/en/adductor","/c/en/body","/c/en/colony","/c/en/colonize"],"weight":0.20368999999999982},"num_concepts_raised":24222},{"base_id":808,"kind":"bot_words","i1":5,"i2":8,"sol":{"path":["/c/en/adductor","/c/en/body","/c/en/battle","/c/en/combat"],"weight":0.21384999999999865},"num_concepts_raised":46989},{"base_id":808,"kind":"bot_words","i1":5,"i2":9,"sol":{"path":["/c/en/adductor","/c/en/body","/c/fr/personne","/c/fr/factieux","/c/en/factious"],"weight":0.20426999999999995},"num_concepts_raised":18373},{"base_id":808,"kind":"bot_words","i1":6,"i2":7,"sol":{"path":["/c/en/shawl","/c/en/square","/c/en/settle","/c/en/colonize"],"weight":0.2069499999999998},"num_concepts_raised":21720},{"base_id":808,"kind":"bot_words","i1":6,"i2":8,"sol":{"path":["/c/en/shawl","/c/en/people","/c/en/fight","/c/en/combat"],"weight":0.21565999999999863},"num_concepts_raised":44250},{"base_id":808,"kind":"bot_words","i1":6,"i2":9,"sol":{"path":["/c/en/shawl","/c/en/square","/c/fr/personne","/c/fr/factieux","/c/en/factious"],"weight":0.20642999999999992},"num_concepts_raised":15981},{"base_id":808,"kind":"bot_words","i1":7,"i2":8,"sol":{"path":["/c/en/colonize","/c/en/settle","/c/en/fight","/c/en/combat"],"weight":0.21463999999999858},"num_concepts_raised":36148},{"base_id":808,"kind":"bot_words","i1":7,"i2":9,"sol":{"path":["/c/en/colonize","/c/en/settle","/c/en/side","/c/en/faction","/c/en/factious"],"weight":0.20441999999999988},"num_concepts_raised":7276},{"base_id":808,"kind":"bot_words","i1":8,"i2":9,"sol":{"path":["/c/en/combat","/c/en/conflict","/c/en/discordance","/c/en/factious"],"weight":0.20913999999999877},"num_concepts_raised":30432}],[{"base_id":808,"kind":"top_words","i1":0,"i2":1,"sol":{"path":["/c/en/homogenize","/c/en/milk","/c/en/human","/c/en/euphenics","/c/en/phenotypic"],"weight":0.20314999999999983},"num_concepts_raised":4778},{"base_id":808,"kind":"top_words","i1":0,"i2":2,"sol":{"path":["/c/en/homogenize","/c/en/melting_pot","/c/en/divergent"],"weight":0.20400000000000001},"num_concepts_raised":149},{"base_id":808,"kind":"top_words","i1":0,"i2":3,"sol":{"path":["/c/en/homogenize","/c/en/homogeneous","/c/en/diverse","/c/en/differing"],"weight":0.20300999999999975},"num_concepts_raised":6246},{"base_id":808,"kind":"top_words","i1":0,"i2":4,"sol":{"path":["/c/en/homogenize","/c/en/melting_pot","/c/en/culture","/c/en/ethnic"],"weight":0.20717999999999942},"num_concepts_raised":41357},{"base_id":808,"kind":"top_words","i1":0,"i2":5,"sol":{"path":["/c/en/homogenize","/c/en/homogenate","/c/en/structure","/c/en/portable","/c/en/portability"],"weight":0.2044599999999998},"num_concepts_raised":21575},{"base_id":808,"kind":"top_words","i1":0,"i2":6,"sol":{"path":["/c/en/homogenize","/c/en/cream","/c/en/slang","/c/en/scalp","/c/en/scaup"],"weight":0.20529999999999987},"num_concepts_raised":8084},{"base_id":808,"kind":"top_words","i1":0,"i2":7,"sol":{"path":["/c/en/homogenize","/c/en/equal","/c/en/tree_fork","/c/en/diameter","/c/en/diametrically"],"weight":0.2046299999999998},"num_concepts_raised":6351},{"base_id":808,"kind":"top_words","i1":0,"i2":8,"sol":{"path":["/c/en/homogenize","/c/en/milk","/c/en/human","/c/en/apache","/c/en/athabascan"],"weight":0.2044899999999998},"num_concepts_raised":14755},{"base_id":808,"kind":"top_words","i1":0,"i2":9,"sol":{"path":["/c/en/homogenize","/c/en/cream","/c/en/slang","/c/en/organ","/c/en/ptosis"],"weight":0.20859999999999967},"num_concepts_raised":14206},{"base_id":808,"kind":"top_words","i1":1,"i2":2,"sol":{"path":["/c/en/phenotypic","/c/en/phenotype","/c/en/positive","/c/en/mathematics","/c/en/divergent"],"weight":0.20920999999999976},"num_concepts_raised":14619},{"base_id":808,"kind":"top_words","i1":1,"i2":3,"sol":{"path":["/c/en/phenotypic","/c/en/heritability","/c/en/variance","/c/en/differing"],"weight":0.20277999999999985},"num_concepts_raised":2119},{"base_id":808,"kind":"top_words","i1":1,"i2":4,"sol":{"path":["/c/en/phenotypic","/c/en/lusus_naturæ","/c/en/historical","/c/en/ethnic"],"weight":0.2058699999999995},"num_concepts_raised":37420},{"base_id":808,"kind":"top_words","i1":1,"i2":5,"sol":{"path":["/c/en/phenotypic","/c/en/quigley_scale","/c/en/system","/c/en/portability"],"weight":0.20316999999999988},"num_concepts_raised":17596},{"base_id":808,"kind":"top_words","i1":1,"i2":6,"sol":{"path":["/c/en/phenotypic","/c/en/lusus_naturæ","/c/en/historical","/c/fi/sotka","/c/en/scaup"],"weight":0.20393999999999995},"num_concepts_raised":3969},{"base_id":808,"kind":"top_words","i1":1,"i2":7,"sol":{"path":["/c/en/phenotypic","/c/en/phenotypically","/c/en/biology","/c/en/antipodal","/c/en/diametrically"],"weight":0.20334999999999992},"num_concepts_raised":2213},{"base_id":808,"kind":"top_words","i1":1,"i2":8,"sol":{"path":["/c/en/phenotypic","/c/en/euphenics","/c/en/human","/c/en/apache","/c/en/athabascan"],"weight":0.2041999999999999},"num_concepts_raised":10632},{"base_id":808,"kind":"top_words","i1":1,"i2":9,"sol":{"path":["/c/en/phenotypic","/c/en/phenotype","/c/en/organism","/c/en/organ","/c/en/ptosis"],"weight":0.20835999999999977},"num_concepts_raised":10132},{"base_id":808,"kind":"top_words","i1":2,"i2":3,"sol":{"path":["/c/en/divergent","/c/zh/分歧","/c/en/differing"],"weight":0.20400000000000001},"num_concepts_raised":129},{"base_id":808,"kind":"top_words","i1":2,"i2":4,"sol":{"path":["/c/en/divergent","/c/en/different","/c/en/people","/c/en/ethnic"],"weight":0.21436999999999937},"num_concepts_raised":50883},{"base_id":808,"kind":"top_words","i1":2,"i2":5,"sol":{"path":["/c/en/divergent","/c/en/oblique","/c/en/computing","/c/en/portability"],"weight":0.21136999999999972},"num_concepts_raised":30826},{"base_id":808,"kind":"top_words","i1":2,"i2":6,"sol":{"path":["/c/en/divergent","/c/en/oblique","/c/en/military","/c/fi/sotka","/c/en/scaup"],"weight":0.21206999999999981},"num_concepts_raised":17936},{"base_id":808,"kind":"top_words","i1":2,"i2":7,"sol":{"path":["/c/en/divergent","/c/en/different","/c/en/opposite","/c/en/diametrically"],"weight":0.21170999999999973},"num_concepts_raised":16122},{"base_id":808,"kind":"top_words","i1":2,"i2":8,"sol":{"path":["/c/en/divergent","/c/en/mathematics","/c/en/language","/c/en/athabascan"],"weight":0.20923999999999976},"num_concepts_raised":24491},{"base_id":808,"kind":"top_words","i1":2,"i2":9,"sol":{"path":["/c/en/divergent","/c/en/converge","/c/en/breast","/c/en/ptosis"],"weight":0.21444999999999964},"num_concepts_raised":24046},{"base_id":808,"kind":"top_words","i1":3,"i2":4,"sol":{"path":["/c/en/differing","/c/en/diverse","/c/en/people","/c/en/ethnic"],"weight":0.20603999999999945},"num_concepts_raised":38867},{"base_id":808,"kind":"top_words","i1":3,"i2":5,"sol":{"path":["/c/en/differing","/c/en/variance","/c/en/computing","/c/en/portability"],"weight":0.20314999999999983},"num_concepts_raised":19067},{"base_id":808,"kind":"top_words","i1":3,"i2":6,"sol":{"path":["/c/en/differing","/c/en/difference","/c/en/genus","/c/en/bluebill","/c/en/scaup"],"weight":0.2039899999999999},"num_concepts_raised":5466},{"base_id":808,"kind":"top_words","i1":3,"i2":7,"sol":{"path":["/c/en/differing","/c/zh/左","/c/en/opposite","/c/en/diametrically"],"weight":0.20332999999999984},"num_concepts_raised":3688},{"base_id":808,"kind":"top_words","i1":3,"i2":8,"sol":{"path":["/c/en/differing","/c/en/variance","/c/en/computing","/c/en/apache","/c/en/athabascan"],"weight":0.20409999999999984},"num_concepts_raised":12119},{"base_id":808,"kind":"top_words","i1":3,"i2":9,"sol":{"path":["/c/en/differing","/c/en/difference","/c/en/differentiate","/c/en/organ","/c/en/ptosis"],"weight":0.2082499999999997},"num_concepts_raised":11619},{"base_id":808,"kind":"top_words","i1":4,"i2":5,"sol":{"path":["/c/en/ethnic","/c/en/culture","/c/en/computing","/c/en/portability"],"weight":0.2073599999999995},"num_concepts_raised":53615},{"base_id":808,"kind":"top_words","i1":4,"i2":6,"sol":{"path":["/c/en/ethnic","/c/en/historical","/c/fi/sotka","/c/en/scaup"],"weight":0.20694999999999958},"num_concepts_raised":40573},{"base_id":808,"kind":"top_words","i1":4,"i2":7,"sol":{"path":["/c/en/ethnic","/c/en/war","/c/en/opposition","/c/en/diametrically"],"weight":0.2063499999999995},"num_concepts_raised":38947},{"base_id":808,"kind":"top_words","i1":4,"i2":8,"sol":{"path":["/c/en/ethnic","/c/en/people","/c/en/apache","/c/en/athabascan"],"weight":0.20750999999999953},"num_concepts_raised":46353},{"base_id":808,"kind":"top_words","i1":4,"i2":9,"sol":{"path":["/c/en/ethnic","/c/en/people","/c/en/disease","/c/en/ptosis"],"weight":0.21154999999999938},"num_concepts_raised":46517},{"base_id":808,"kind":"top_words","i1":5,"i2":6,"sol":{"path":["/c/en/portability","/c/en/computing","/c/en/crime","/c/en/scalp","/c/en/scaup"],"weight":0.20535999999999993},"num_concepts_raised":20870},{"base_id":808,"kind":"top_words","i1":5,"i2":7,"sol":{"path":["/c/en/portability","/c/en/computing","/c/en/radius","/c/en/diameter","/c/en/diametrically"],"weight":0.20479999999999987},"num_concepts_raised":19152},{"base_id":808,"kind":"top_words","i1":5,"i2":8,"sol":{"path":["/c/en/portability","/c/en/computing","/c/en/apache","/c/en/athabascan"],"weight":0.20454999999999987},"num_concepts_raised":27347},{"base_id":808,"kind":"top_words","i1":5,"i2":9,"sol":{"path":["/c/en/portability","/c/en/system","/c/en/organ","/c/en/ptosis"],"weight":0.20856999999999976},"num_concepts_raised":26961},{"base_id":808,"kind":"top_words","i1":6,"i2":7,"sol":{"path":["/c/en/scaup","/c/fi/sotka","/c/en/military","/c/zh/壁壘","/c/en/diametrically"],"weight":0.20433999999999997},"num_concepts_raised":5552},{"base_id":808,"kind":"top_words","i1":6,"i2":8,"sol":{"path":["/c/en/scaup","/c/en/scalp","/c/en/native_american","/c/en/athabascan"],"weight":0.20511999999999994},"num_concepts_raised":13879},{"base_id":808,"kind":"top_words","i1":6,"i2":9,"sol":{"path":["/c/en/scaup","/c/en/scalp","/c/en/anatomical_structure","/c/en/eyelid","/c/en/ptosis"],"weight":0.21040999999999982},"num_concepts_raised":13416},{"base_id":808,"kind":"top_words","i1":7,"i2":8,"sol":{"path":["/c/en/diametrically","/c/en/opposition","/c/en/united_states","/c/en/athapaskan","/c/en/athabascan"],"weight":0.2056299999999999},"num_concepts_raised":12200},{"base_id":808,"kind":"top_words","i1":7,"i2":9,"sol":{"path":["/c/en/diametrically","/c/en/diameter","/c/en/finger","/c/en/organ","/c/en/ptosis"],"weight":0.20980999999999977},"num_concepts_raised":11704},{"base_id":808,"kind":"top_words","i1":8,"i2":9,"sol":{"path":["/c/en/athabascan","/c/en/language","/c/en/organ","/c/en/ptosis"],"weight":0.20838999999999974},"num_concepts_raised":20044}]]