[[{"base_id":530,"kind":"bot_words","i1":0,"i2":1,"sol":{"path":["/c/en/necrology","/c/en/death","/c/en/sleep","/c/en/arouse","/c/en/arousing"],"weight":0.20406999999999992},"num_concepts_raised":10486},{"base_id":530,"kind":"bot_words","i1":0,"i2":2,"sol":{"path":["/c/en/necrology","/c/en/death","/c/en/violence","/c/ko/교정폭력","/c/en/yanbian"],"weight":0.2033799999999997},"num_concepts_raised":7326},{"base_id":530,"kind":"bot_words","i1":0,"i2":3,"sol":{"path":["/c/en/necrology","/c/en/death","/c/en/rest","/c/en/retire","/c/en/retiring"],"weight":0.2123799999999998},"num_concepts_raised":9336},{"base_id":530,"kind":"bot_words","i1":0,"i2":4,"sol":{"path":["/c/en/necrology","/c/en/church","/c/en/house","/c/en/chalet"],"weight":0.2035999999999999},"num_concepts_raised":14109},{"base_id":530,"kind":"bot_words","i1":0,"i2":5,"sol":{"path":["/c/en/necrology","/c/en/death","/c/en/health","/c/en/mineral","/c/en/talc"],"weight":0.21227999999999994},"num_concepts_raised":16642},{"base_id":530,"kind":"bot_words","i1":0,"i2":6,"sol":{"path":["/c/en/necrology","/c/en/history","/c/en/proprietor","/c/en/landlord","/c/en/laird"],"weight":0.20411999999999997},"num_concepts_raised":11353},{"base_id":530,"kind":"bot_words","i1":0,"i2":7,"sol":{"path":["/c/en/necrology","/c/en/church","/c/en/reformed"],"weight":0.202},"num_concepts_raised":79},{"base_id":530,"kind":"bot_words","i1":0,"i2":8,"sol":{"path":["/c/en/necrology","/c/en/death","/c/en/die","/c/en/video_games","/c/en/wii"],"weight":0.20842999999999973},"num_concepts_raised":8886},{"base_id":530,"kind":"bot_words","i1":0,"i2":9,"sol":{"path":["/c/en/necrology","/c/en/death","/c/en/cyanide","/c/fr/chimie","/c/en/agarose"],"weight":0.20299999999999996},"num_concepts_raised":17627},{"base_id":530,"kind":"bot_words","i1":1,"i2":2,"sol":{"path":["/c/en/arousing","/c/en/humorous","/c/en/picnic","/c/ko/산보","/c/en/yanbian"],"weight":0.20315999999999965},"num_concepts_raised":3739},{"base_id":530,"kind":"bot_words","i1":1,"i2":3,"sol":{"path":["/c/en/arousing","/c/en/arouse","/c/en/fire","/c/en/retire","/c/en/retiring"],"weight":0.21319999999999975},"num_concepts_raised":5781},{"base_id":530,"kind":"bot_words","i1":1,"i2":4,"sol":{"path":["/c/en/arousing","/c/la/erigens","/c/en/building","/c/en/chalet"],"weight":0.20337999999999984},"num_concepts_raised":10645},{"base_id":530,"kind":"bot_words","i1":1,"i2":5,"sol":{"path":["/c/en/arousing","/c/en/arouse","/c/en/make","/c/en/powder","/c/en/talc"],"weight":0.2129899999999999},"num_concepts_raised":13073},{"base_id":530,"kind":"bot_words","i1":1,"i2":6,"sol":{"path":["/c/en/arousing","/c/en/good_body","/c/en/person","/c/en/landlord","/c/en/laird"],"weight":0.2039199999999999},"num_concepts_raised":7829},{"base_id":530,"kind":"bot_words","i1":1,"i2":7,"sol":{"path":["/c/en/arousing","/c/en/arouse","/c/en/make","/c/en/regenerate","/c/en/reformed"],"weight":0.2051699999999998},"num_concepts_raised":20961},{"base_id":530,"kind":"bot_words","i1":1,"i2":8,"sol":{"path":["/c/en/arousing","/c/en/erotic","/c/en/grind","/c/en/video_games","/c/en/wii"],"weight":0.2081999999999997},"num_concepts_raised":5318},{"base_id":530,"kind":"bot_words","i1":1,"i2":9,"sol":{"path":["/c/en/arousing","/c/en/arousal","/c/fr/excitation","/c/fr/chimie","/c/en/agarose"],"weight":0.2038699999999999},"num_concepts_raised":14039},{"base_id":530,"kind":"bot_words","i1":2,"i2":3,"sol":{"path":["/c/en/yanbian","/c/ko/쌍발","/c/en/work","/c/en/retire","/c/en/retiring"],"weight":0.21250999999999953},"num_concepts_raised":2610},{"base_id":530,"kind":"bot_words","i1":2,"i2":4,"sol":{"path":["/c/en/yanbian","/c/ko/다거다","/c/en/style","/c/en/chalet"],"weight":0.2036499999999996},"num_concepts_raised":7473},{"base_id":530,"kind":"bot_words","i1":2,"i2":5,"sol":{"path":["/c/en/yanbian","/c/ko/알곡","/c/en/corn","/c/en/powder","/c/en/talc"],"weight":0.21229999999999968},"num_concepts_raised":9893},{"base_id":530,"kind":"bot_words","i1":2,"i2":6,"sol":{"path":["/c/en/yanbian","/c/ko/댄스","/c/en/but","/c/en/owner","/c/en/laird"],"weight":0.20316999999999968},"num_concepts_raised":4659},{"base_id":530,"kind":"bot_words","i1":2,"i2":7,"sol":{"path":["/c/en/yanbian","/c/ko/판공실","/c/en/office","/c/en/company","/c/en/reformed"],"weight":0.2035299999999996},"num_concepts_raised":17847},{"base_id":530,"kind":"bot_words","i1":2,"i2":8,"sol":{"path":["/c/en/yanbian","/c/ko/땐스","/c/en/television","/c/en/console","/c/en/wii"],"weight":0.20854999999999946},"num_concepts_raised":2140},{"base_id":530,"kind":"bot_words","i1":2,"i2":9,"sol":{"path":["/c/en/yanbian","/c/ko/댄스","/c/en/but","/c/fr/chimie","/c/en/agarose"],"weight":0.2031399999999997},"num_concepts_raised":10865},{"base_id":530,"kind":"bot_words","i1":3,"i2":4,"sol":{"path":["/c/en/retiring","/c/en/retire","/c/en/bed","/c/en/house","/c/en/chalet"],"weight":0.21278999999999976},"num_concepts_raised":9507},{"base_id":530,"kind":"bot_words","i1":3,"i2":5,"sol":{"path":["/c/en/retiring","/c/en/retire","/c/fr/militaire","/c/en/powder","/c/en/talc"],"weight":0.2212999999999998},"num_concepts_raised":11941},{"base_id":530,"kind":"bot_words","i1":3,"i2":6,"sol":{"path":["/c/en/retiring","/c/en/retire","/c/en/bat","/c/en/scotland","/c/en/laird"],"weight":0.2121499999999998},"num_concepts_raised":6689},{"base_id":530,"kind":"bot_words","i1":3,"i2":7,"sol":{"path":["/c/en/retiring","/c/en/coy","/c/en/company","/c/en/reformed"],"weight":0.2083599999999997},"num_concepts_raised":19827},{"base_id":530,"kind":"bot_words","i1":3,"i2":8,"sol":{"path":["/c/en/retiring","/c/en/shy","/c/en/start","/c/en/video_games","/c/en/wii"],"weight":0.2134299999999996},"num_concepts_raised":4192},{"base_id":530,"kind":"bot_words","i1":3,"i2":9,"sol":{"path":["/c/en/retiring","/c/en/seclusion","/c/en/separation","/c/en/electrophoresis","/c/en/agarose"],"weight":0.20800999999999983},"num_concepts_raised":12914},{"base_id":530,"kind":"bot_words","i1":4,"i2":5,"sol":{"path":["/c/en/chalet","/c/en/house","/c/en/stone","/c/en/soapstone","/c/en/talc"],"weight":0.21459999999999987},"num_concepts_raised":16743},{"base_id":530,"kind":"bot_words","i1":4,"i2":6,"sol":{"path":["/c/en/chalet","/c/en/house","/c/en/landlord","/c/en/laird"],"weight":0.2045099999999999},"num_concepts_raised":11438},{"base_id":530,"kind":"bot_words","i1":4,"i2":7,"sol":{"path":["/c/en/chalet","/c/en/house","/c/en/church","/c/en/reformed"],"weight":0.20376999999999978},"num_concepts_raised":24403},{"base_id":530,"kind":"bot_words","i1":4,"i2":8,"sol":{"path":["/c/en/chalet","/c/en/cabin","/c/en/home","/c/en/we","/c/en/wii"],"weight":0.20893999999999968},"num_concepts_raised":9041},{"base_id":530,"kind":"bot_words","i1":4,"i2":9,"sol":{"path":["/c/en/chalet","/c/en/house","/c/en/bathroom","/c/en/gel","/c/en/agarose"],"weight":0.2034199999999999},"num_concepts_raised":17780},{"base_id":530,"kind":"bot_words","i1":5,"i2":6,"sol":{"path":["/c/en/talc","/c/en/mineral","/c/en/british","/c/en/landlord","/c/en/laird"],"weight":0.21317999999999993},"num_concepts_raised":13976},{"base_id":530,"kind":"bot_words","i1":5,"i2":7,"sol":{"path":["/c/en/talc","/c/sa/वज्र","/c/en/military","/c/en/reformed"],"weight":0.21014999999999984},"num_concepts_raised":27099},{"base_id":530,"kind":"bot_words","i1":5,"i2":8,"sol":{"path":["/c/en/talc","/c/en/tangible_thing","/c/en/console","/c/en/wii"],"weight":0.21521999999999974},"num_concepts_raised":11455},{"base_id":530,"kind":"bot_words","i1":5,"i2":9,"sol":{"path":["/c/en/talc","/c/en/tangible_thing","/c/en/polysaccharide","/c/en/agarose"],"weight":0.20979999999999996},"num_concepts_raised":20128},{"base_id":530,"kind":"bot_words","i1":6,"i2":7,"sol":{"path":["/c/en/laird","/c/en/lord","/c/en/judaism","/c/en/reformed"],"weight":0.20411999999999986},"num_concepts_raised":21567},{"base_id":530,"kind":"bot_words","i1":6,"i2":8,"sol":{"path":["/c/en/laird","/c/en/lord","/c/en/power","/c/en/console","/c/en/wii"],"weight":0.20924999999999971},"num_concepts_raised":6229},{"base_id":530,"kind":"bot_words","i1":6,"i2":9,"sol":{"path":["/c/en/laird","/c/en/landlord","/c/en/british","/c/en/gel","/c/en/agarose"],"weight":0.20388999999999996},"num_concepts_raised":14957},{"base_id":530,"kind":"bot_words","i1":7,"i2":8,"sol":{"path":["/c/en/reformed","/c/en/company","/c/en/group","/c/en/we","/c/en/wii"],"weight":0.20852999999999963},"num_concepts_raised":19379},{"base_id":530,"kind":"bot_words","i1":7,"i2":9,"sol":{"path":["/c/en/reformed","/c/en/military","/c/en/marine","/c/en/agar","/c/en/agarose"],"weight":0.20412999999999987},"num_concepts_raised":28132},{"base_id":530,"kind":"bot_words","i1":8,"i2":9,"sol":{"path":["/c/en/wii","/c/en/console","/c/en/band","/c/en/electrophoresis","/c/en/agarose"],"weight":0.20815999999999973},"num_concepts_raised":12442}],[{"base_id":530,"kind":"top_words","i1":0,"i2":1,"sol":{"path":["/c/en/cladogram","/c/en/tree","/c/en/saddle","/c/en/saddlebag"],"weight":0.20420999999999984},"num_concepts_raised":16979},{"base_id":530,"kind":"top_words","i1":0,"i2":2,"sol":{"path":["/c/en/cladogram","/c/en/relationship","/c/en/state","/c/en/atlanta"],"weight":0.2141399999999996},"num_concepts_raised":24687},{"base_id":530,"kind":"top_words","i1":0,"i2":3,"sol":{"path":["/c/en/cladogram","/c/en/common","/c/en/obscure","/c/en/mystify"],"weight":0.20320999999999984},"num_concepts_raised":10715},{"base_id":530,"kind":"top_words","i1":0,"i2":4,"sol":{"path":["/c/en/cladogram","/c/en/tree","/c/en/bird","/c/en/whitecap"],"weight":0.20379999999999987},"num_concepts_raised":30214},{"base_id":530,"kind":"top_words","i1":0,"i2":5,"sol":{"path":["/c/en/cladogram","/c/en/tree","/c/en/paper","/c/en/reading","/c/en/perusal"],"weight":0.20569999999999988},"num_concepts_raised":9415},{"base_id":530,"kind":"top_words","i1":0,"i2":6,"sol":{"path":["/c/en/cladogram","/c/en/tree","/c/en/plant","/c/en/slang","/c/en/hella"],"weight":0.2134899999999999},"num_concepts_raised":39293},{"base_id":530,"kind":"top_words","i1":0,"i2":7,"sol":{"path":["/c/en/cladogram","/c/en/organism","/c/en/body_part","/c/en/perineum","/c/en/perineal"],"weight":0.20409},"num_concepts_raised":8145},{"base_id":530,"kind":"top_words","i1":0,"i2":8,"sol":{"path":["/c/en/cladogram","/c/en/taxonomy","/c/en/science","/c/en/calorimetry"],"weight":0.20872999999999992},"num_concepts_raised":23365},{"base_id":530,"kind":"top_words","i1":0,"i2":9,"sol":{"path":["/c/en/cladogram","/c/en/tree","/c/en/stand","/c/en/resolute","/c/en/unfaltering"],"weight":0.2055499999999998},"num_concepts_raised":11601},{"base_id":530,"kind":"top_words","i1":1,"i2":2,"sol":{"path":["/c/en/saddlebag","/c/en/architecture","/c/en/capital","/c/en/atlanta"],"weight":0.21425999999999962},"num_concepts_raised":25842},{"base_id":530,"kind":"top_words","i1":1,"i2":3,"sol":{"path":["/c/en/saddlebag","/c/en/bag","/c/en/mystery_bag","/c/en/mystery","/c/en/mystify"],"weight":0.2046799999999998},"num_concepts_raised":11915},{"base_id":530,"kind":"top_words","i1":1,"i2":4,"sol":{"path":["/c/en/saddlebag","/c/en/horse","/c/en/crest","/c/en/whitecap"],"weight":0.20303999999999983},"num_concepts_raised":31257},{"base_id":530,"kind":"top_words","i1":1,"i2":5,"sol":{"path":["/c/en/saddlebag","/c/en/horse","/c/en/examination","/c/en/peruse","/c/en/perusal"],"weight":0.20583999999999986},"num_concepts_raised":10609},{"base_id":530,"kind":"top_words","i1":1,"i2":6,"sol":{"path":["/c/en/saddlebag","/c/en/horse","/c/en/slang","/c/en/hella"],"weight":0.21266999999999986},"num_concepts_raised":40266},{"base_id":530,"kind":"top_words","i1":1,"i2":7,"sol":{"path":["/c/en/saddlebag","/c/en/pouch","/c/en/anatomy","/c/it/perineale","/c/en/perineal"],"weight":0.20531},"num_concepts_raised":9333},{"base_id":530,"kind":"top_words","i1":1,"i2":8,"sol":{"path":["/c/en/saddlebag","/c/en/architecture","/c/en/science","/c/en/calorimetry"],"weight":0.2089899999999999},"num_concepts_raised":24558},{"base_id":530,"kind":"top_words","i1":1,"i2":9,"sol":{"path":["/c/en/saddlebag","/c/en/horse","/c/en/fast","/c/en/steadfast","/c/en/unfaltering"],"weight":0.20481999999999972},"num_concepts_raised":12820},{"base_id":530,"kind":"top_words","i1":2,"i2":3,"sol":{"path":["/c/en/atlanta","/c/en/religion","/c/en/mysticism","/c/en/mystify"],"weight":0.2143999999999996},"num_concepts_raised":19692},{"base_id":530,"kind":"top_words","i1":2,"i2":4,"sol":{"path":["/c/en/atlanta","/c/en/united_states","/c/en/us","/c/en/whitecap"],"weight":0.2141399999999996},"num_concepts_raised":38496},{"base_id":530,"kind":"top_words","i1":2,"i2":5,"sol":{"path":["/c/en/atlanta","/c/en/kansas","/c/en/reading","/c/en/perusal"],"weight":0.21578999999999965},"num_concepts_raised":18398},{"base_id":530,"kind":"top_words","i1":2,"i2":6,"sol":{"path":["/c/en/atlanta","/c/en/city","/c/en/company","/c/en/hella"],"weight":0.22135999999999967},"num_concepts_raised":47736},{"base_id":530,"kind":"top_words","i1":2,"i2":7,"sol":{"path":["/c/en/atlanta","/c/en/city","/c/en/area","/c/en/perineum","/c/en/perineal"],"weight":0.21735999999999978},"num_concepts_raised":17153},{"base_id":530,"kind":"top_words","i1":2,"i2":8,"sol":{"path":["/c/en/atlanta","/c/en/state","/c/en/heat","/c/en/calorimetry"],"weight":0.22007999999999966},"num_concepts_raised":32287},{"base_id":530,"kind":"top_words","i1":2,"i2":9,"sol":{"path":["/c/en/atlanta","/c/en/brave","/c/en/resolute","/c/en/unfaltering"],"weight":0.21561999999999953},"num_concepts_raised":20551},{"base_id":530,"kind":"top_words","i1":3,"i2":4,"sol":{"path":["/c/en/mystify","/c/en/boggle","/c/en/us","/c/en/whitecap"],"weight":0.2030199999999998},"num_concepts_raised":25262},{"base_id":530,"kind":"top_words","i1":3,"i2":5,"sol":{"path":["/c/en/mystify","/c/en/mystery","/c/en/book","/c/en/reading","/c/en/perusal"],"weight":0.20618999999999985},"num_concepts_raised":4251},{"base_id":530,"kind":"top_words","i1":3,"i2":6,"sol":{"path":["/c/en/mystify","/c/en/boggle","/c/en/us","/c/en/hella"],"weight":0.20835999999999985},"num_concepts_raised":34403},{"base_id":530,"kind":"top_words","i1":3,"i2":7,"sol":{"path":["/c/en/mystify","/c/en/mystery","/c/fa/سر","/c/en/anatomy","/c/it/perineale","/c/en/perineal"],"weight":0.21287519999999988},"num_concepts_raised":192472},{"base_id":530,"kind":"top_words","i1":3,"i2":8,"sol":{"path":["/c/en/mystify","/c/en/mystery","/c/en/time","/c/en/physics","/c/en/calorimetry"],"weight":0.21033999999999986},"num_concepts_raised":18341},{"base_id":530,"kind":"top_words","i1":3,"i2":9,"sol":{"path":["/c/en/mystify","/c/en/mystery","/c/en/trade","/c/en/firm","/c/en/unfaltering"],"weight":0.20504999999999973},"num_concepts_raised":6473},{"base_id":530,"kind":"top_words","i1":4,"i2":5,"sol":{"path":["/c/en/whitecap","/c/en/committee","/c/en/scrutiny","/c/en/perusal"],"weight":0.20311999999999988},"num_concepts_raised":23964},{"base_id":530,"kind":"top_words","i1":4,"i2":6,"sol":{"path":["/c/en/whitecap","/c/en/us","/c/en/hella"],"weight":0.20400000000000001},"num_concepts_raised":57},{"base_id":530,"kind":"top_words","i1":4,"i2":7,"sol":{"path":["/c/en/whitecap","/c/en/bird","/c/en/fourchette","/c/en/perineum","/c/en/perineal"],"weight":0.20395999999999997},"num_concepts_raised":22705},{"base_id":530,"kind":"top_words","i1":4,"i2":8,"sol":{"path":["/c/en/whitecap","/c/en/wave","/c/en/physics","/c/en/calorimetry"],"weight":0.2087499999999999},"num_concepts_raised":37747},{"base_id":530,"kind":"top_words","i1":4,"i2":9,"sol":{"path":["/c/en/whitecap","/c/en/us","/c/en/stiff","/c/en/unfaltering"],"weight":0.20313999999999977},"num_concepts_raised":26141},{"base_id":530,"kind":"top_words","i1":5,"i2":6,"sol":{"path":["/c/en/perusal","/c/en/reading","/c/en/book","/c/en/slang","/c/en/hella"],"weight":0.21411999999999992},"num_concepts_raised":33114},{"base_id":530,"kind":"top_words","i1":5,"i2":7,"sol":{"path":["/c/en/perusal","/c/en/reading","/c/en/study","/c/fr/anatomie","/c/fr/périnéal","/c/en/perineal"],"weight":0.21350199999999983},"num_concepts_raised":322516},{"base_id":530,"kind":"top_words","i1":5,"i2":8,"sol":{"path":["/c/en/perusal","/c/en/reading","/c/en/measurement","/c/en/calorimetry"],"weight":0.21041999999999994},"num_concepts_raised":16997},{"base_id":530,"kind":"top_words","i1":5,"i2":9,"sol":{"path":["/c/en/perusal","/c/en/reading","/c/en/type","/c/en/firm","/c/en/unfaltering"],"weight":0.2052499999999998},"num_concepts_raised":5174},{"base_id":530,"kind":"top_words","i1":6,"i2":7,"sol":{"path":["/c/en/hella","/c/en/slang","/c/en/area","/c/en/perineum","/c/en/perineal"],"weight":0.21356000000000003},"num_concepts_raised":31878},{"base_id":530,"kind":"top_words","i1":6,"i2":8,"sol":{"path":["/c/en/hella","/c/en/slang","/c/en/heat","/c/en/calorimetry"],"weight":0.21825999999999995},"num_concepts_raised":46868},{"base_id":530,"kind":"top_words","i1":6,"i2":9,"sol":{"path":["/c/en/hella","/c/en/slang","/c/en/firm","/c/en/unfaltering"],"weight":0.2130299999999998},"num_concepts_raised":35144},{"base_id":530,"kind":"top_words","i1":7,"i2":8,"sol":{"path":["/c/en/perineal","/c/it/perineale","/c/en/anatomy","/c/en/science","/c/en/calorimetry"],"weight":0.21091000000000004},"num_concepts_raised":15763},{"base_id":530,"kind":"top_words","i1":7,"i2":9,"sol":{"path":["/c/en/perineal","/c/fr/périnéal","/c/fr/anatomie","/c/en/stiff","/c/en/unfaltering"],"weight":0.2054699999999999},"num_concepts_raised":3890},{"base_id":530,"kind":"top_words","i1":8,"i2":9,"sol":{"path":["/c/en/calorimetry","/c/en/measurement","/c/en/always","/c/en/unfaltering"],"weight":0.20907999999999982},"num_concepts_raised":19218}]]