[[{"base_id":814,"kind":"bot_words","i1":0,"i2":1,"sol":{"path":["/c/en/haplotype","/c/en/genetics","/c/en/arm","/c/en/poor","/c/en/needy"],"weight":0.20882999999999965},"num_concepts_raised":8654},{"base_id":814,"kind":"bot_words","i1":0,"i2":2,"sol":{"path":["/c/en/haplotype","/c/en/genetics","/c/en/carrier","/c/en/canada","/c/en/yukon"],"weight":0.21289999999999953},"num_concepts_raised":15869},{"base_id":814,"kind":"bot_words","i1":0,"i2":3,"sol":{"path":["/c/en/haplotype","/c/en/genetics","/c/en/amber","/c/en/british","/c/en/drier"],"weight":0.20452999999999982},"num_concepts_raised":8675},{"base_id":814,"kind":"bot_words","i1":0,"i2":4,"sol":{"path":["/c/en/haplotype","/c/en/phase","/c/en/change","/c/en/digitize"],"weight":0.20365999999999984},"num_concepts_raised":18738},{"base_id":814,"kind":"bot_words","i1":0,"i2":5,"sol":{"path":["/c/en/haplotype","/c/en/genetics","/c/en/screen","/c/en/error","/c/en/wrongness"],"weight":0.20452999999999996},"num_concepts_raised":5822},{"base_id":814,"kind":"bot_words","i1":0,"i2":6,"sol":{"path":["/c/en/haplotype","/c/en/genetics","/c/en/line","/c/en/wax","/c/en/cere"],"weight":0.20447999999999986},"num_concepts_raised":6021},{"base_id":814,"kind":"bot_words","i1":0,"i2":7,"sol":{"path":["/c/en/haplotype","/c/en/genetics","/c/en/character","/c/en/protagonist","/c/en/agonist"],"weight":0.2084199999999992},"num_concepts_raised":15579},{"base_id":814,"kind":"bot_words","i1":0,"i2":8,"sol":{"path":["/c/en/haplotype","/c/en/genetics","/c/en/screen","/c/en/film","/c/en/films"],"weight":0.2065099999999998},"num_concepts_raised":14603},{"base_id":814,"kind":"bot_words","i1":0,"i2":9,"sol":{"path":["/c/en/haplotype","/c/en/phase","/c/en/sequence","/c/en/sequel","/c/en/perpetuation"],"weight":0.20316999999999985},"num_concepts_raised":4707},{"base_id":814,"kind":"bot_words","i1":1,"i2":2,"sol":{"path":["/c/en/needy","/c/en/poor","/c/en/state","/c/en/canada","/c/en/yukon"],"weight":0.21610999999999936},"num_concepts_raised":18140},{"base_id":814,"kind":"bot_words","i1":1,"i2":3,"sol":{"path":["/c/en/needy","/c/en/need","/c/en/water","/c/en/dryer","/c/en/drier"],"weight":0.21002999999999963},"num_concepts_raised":10955},{"base_id":814,"kind":"bot_words","i1":1,"i2":4,"sol":{"path":["/c/en/needy","/c/en/rich","/c/en/computing","/c/en/digitize"],"weight":0.20516999999999966},"num_concepts_raised":21125},{"base_id":814,"kind":"bot_words","i1":1,"i2":5,"sol":{"path":["/c/en/needy","/c/en/poor","/c/en/bad","/c/en/wrong","/c/en/wrongness"],"weight":0.20869999999999977},"num_concepts_raised":8128},{"base_id":814,"kind":"bot_words","i1":1,"i2":6,"sol":{"path":["/c/en/needy","/c/en/poor","/c/dum/tafele","/c/en/wax","/c/en/cere"],"weight":0.20758999999999966},"num_concepts_raised":8343},{"base_id":814,"kind":"bot_words","i1":1,"i2":7,"sol":{"path":["/c/en/needy","/c/en/poor","/c/en/arm","/c/en/muscle","/c/en/agonist"],"weight":0.209349999999999},"num_concepts_raised":18030},{"base_id":814,"kind":"bot_words","i1":1,"i2":8,"sol":{"path":["/c/en/needy","/c/en/charity","/c/en/love","/c/en/films"],"weight":0.20443999999999965},"num_concepts_raised":16805},{"base_id":814,"kind":"bot_words","i1":1,"i2":9,"sol":{"path":["/c/en/needy","/c/en/poor","/c/en/bad","/c/en/sequel","/c/en/perpetuation"],"weight":0.2074499999999997},"num_concepts_raised":7034},{"base_id":814,"kind":"bot_words","i1":2,"i2":3,"sol":{"path":["/c/en/yukon","/c/en/canada","/c/fr/sécheuse","/c/en/drier"],"weight":0.2117899999999995},"num_concepts_raised":17934},{"base_id":814,"kind":"bot_words","i1":2,"i2":4,"sol":{"path":["/c/en/yukon","/c/en/climate_change","/c/en/change","/c/en/digitize"],"weight":0.20980999999999955},"num_concepts_raised":28250},{"base_id":814,"kind":"bot_words","i1":2,"i2":5,"sol":{"path":["/c/en/yukon","/c/en/canada","/c/en/write","/c/en/wrong","/c/en/wrongness"],"weight":0.21268999999999966},"num_concepts_raised":15359},{"base_id":814,"kind":"bot_words","i1":2,"i2":6,"sol":{"path":["/c/en/yukon","/c/en/united_states","/c/en/beak","/c/en/cere"],"weight":0.20934999999999956},"num_concepts_raised":15527},{"base_id":814,"kind":"bot_words","i1":2,"i2":7,"sol":{"path":["/c/en/yukon","/c/en/canada","/c/en/champion","/c/en/protagonist","/c/en/agonist"],"weight":0.21551999999999888},"num_concepts_raised":25220},{"base_id":814,"kind":"bot_words","i1":2,"i2":8,"sol":{"path":["/c/en/yukon","/c/en/city","/c/en/movie","/c/en/films"],"weight":0.20947999999999956},"num_concepts_raised":23976},{"base_id":814,"kind":"bot_words","i1":2,"i2":9,"sol":{"path":["/c/en/yukon","/c/en/canada","/c/en/state","/c/en/self_perpetuation","/c/en/perpetuation"],"weight":0.2115199999999996},"num_concepts_raised":14247},{"base_id":814,"kind":"bot_words","i1":3,"i2":4,"sol":{"path":["/c/en/drier","/c/en/dry","/c/en/computing","/c/en/digitize"],"weight":0.2047899999999998},"num_concepts_raised":21117},{"base_id":814,"kind":"bot_words","i1":3,"i2":5,"sol":{"path":["/c/en/drier","/c/en/dry","/c/en/perfect","/c/en/wrong","/c/en/wrongness"],"weight":0.20539999999999992},"num_concepts_raised":8155},{"base_id":814,"kind":"bot_words","i1":3,"i2":6,"sol":{"path":["/c/en/drier","/c/en/british","/c/en/beak","/c/en/cere"],"weight":0.20308999999999983},"num_concepts_raised":8337},{"base_id":814,"kind":"bot_words","i1":3,"i2":7,"sol":{"path":["/c/en/drier","/c/en/dry","/c/en/drug","/c/en/agonist"],"weight":0.20649999999999916},"num_concepts_raised":18052},{"base_id":814,"kind":"bot_words","i1":3,"i2":8,"sol":{"path":["/c/en/drier","/c/en/british","/c/en/love","/c/en/films"],"weight":0.2031099999999998},"num_concepts_raised":16870},{"base_id":814,"kind":"bot_words","i1":3,"i2":9,"sol":{"path":["/c/en/drier","/c/en/dry","/c/en/work","/c/en/follow_up","/c/en/perpetuation"],"weight":0.20515999999999984},"num_concepts_raised":7046},{"base_id":814,"kind":"bot_words","i1":4,"i2":5,"sol":{"path":["/c/en/digitize","/c/en/computing","/c/en/error","/c/en/wrongness"],"weight":0.20374999999999996},"num_concepts_raised":18327},{"base_id":814,"kind":"bot_words","i1":4,"i2":6,"sol":{"path":["/c/en/digitize","/c/en/computing","/c/en/wrap","/c/en/cere"],"weight":0.20346999999999985},"num_concepts_raised":18522},{"base_id":814,"kind":"bot_words","i1":4,"i2":7,"sol":{"path":["/c/en/digitize","/c/en/analog","/c/en/dimaprit","/c/en/agonist"],"weight":0.20537999999999917},"num_concepts_raised":28122},{"base_id":814,"kind":"bot_words","i1":4,"i2":8,"sol":{"path":["/c/en/digitize","/c/en/sequence","/c/en/film","/c/en/films"],"weight":0.20555999999999983},"num_concepts_raised":26809},{"base_id":814,"kind":"bot_words","i1":4,"i2":9,"sol":{"path":["/c/en/digitize","/c/en/sequence","/c/fr/suite","/c/en/perpetuation"],"weight":0.2034399999999999},"num_concepts_raised":17165},{"base_id":814,"kind":"bot_words","i1":5,"i2":6,"sol":{"path":["/c/en/wrongness","/c/en/wrong","/c/en/inside","/c/en/wax","/c/en/cere"],"weight":0.20430999999999996},"num_concepts_raised":5511},{"base_id":814,"kind":"bot_words","i1":5,"i2":7,"sol":{"path":["/c/en/wrongness","/c/en/fault","/c/en/character","/c/en/protagonist","/c/en/agonist"],"weight":0.20712999999999931},"num_concepts_raised":15219},{"base_id":814,"kind":"bot_words","i1":5,"i2":8,"sol":{"path":["/c/en/wrongness","/c/en/wrong","/c/en/unjust","/c/en/film","/c/en/films"],"weight":0.20630999999999994},"num_concepts_raised":14080},{"base_id":814,"kind":"bot_words","i1":5,"i2":9,"sol":{"path":["/c/en/wrongness","/c/en/wrong","/c/en/bad","/c/en/sequel","/c/en/perpetuation"],"weight":0.20417},"num_concepts_raised":4189},{"base_id":814,"kind":"bot_words","i1":6,"i2":7,"sol":{"path":["/c/en/cere","/c/en/wax","/c/en/literary","/c/en/protagonist","/c/en/agonist"],"weight":0.2071399999999992},"num_concepts_raised":15411},{"base_id":814,"kind":"bot_words","i1":6,"i2":8,"sol":{"path":["/c/en/cere","/c/en/wax","/c/en/record","/c/en/film","/c/en/films"],"weight":0.20527999999999985},"num_concepts_raised":14265},{"base_id":814,"kind":"bot_words","i1":6,"i2":9,"sol":{"path":["/c/en/cere","/c/en/beak","/c/en/prolongation","/c/en/perpetuation"],"weight":0.2028299999999999},"num_concepts_raised":4396},{"base_id":814,"kind":"bot_words","i1":7,"i2":8,"sol":{"path":["/c/en/agonist","/c/en/drug","/c/en/agent","/c/en/films"],"weight":0.20521999999999918},"num_concepts_raised":23883},{"base_id":814,"kind":"bot_words","i1":7,"i2":9,"sol":{"path":["/c/en/agonist","/c/en/receptor","/c/en/medicine","/c/en/follow_up","/c/en/perpetuation"],"weight":0.20649999999999924},"num_concepts_raised":14109},{"base_id":814,"kind":"bot_words","i1":8,"i2":9,"sol":{"path":["/c/en/films","/c/en/film","/c/en/sequel","/c/en/perpetuation"],"weight":0.20506999999999986},"num_concepts_raised":12942}],[{"base_id":814,"kind":"top_words","i1":0,"i2":1,"sol":{"path":["/c/en/oxidoreductase","/c/en/flavoenzyme","/c/en/organic_chemistry","/c/en/benzoate"],"weight":0.20316999999999985},"num_concepts_raised":12435},{"base_id":814,"kind":"top_words","i1":0,"i2":2,"sol":{"path":["/c/en/oxidoreductase","/c/en/reduction","/c/en/music","/c/en/barre"],"weight":0.20802999999999983},"num_concepts_raised":17004},{"base_id":814,"kind":"top_words","i1":0,"i2":3,"sol":{"path":["/c/en/oxidoreductase","/c/en/redox","/c/fr/chimie","/c/es/cítrico","/c/en/citric"],"weight":0.2050699999999999},"num_concepts_raised":5307},{"base_id":814,"kind":"top_words","i1":0,"i2":4,"sol":{"path":["/c/en/oxidoreductase","/c/en/enzyme","/c/en/histone_deacetylase","/c/en/lysine"],"weight":0.21034000000000008},"num_concepts_raised":7691},{"base_id":814,"kind":"top_words","i1":0,"i2":5,"sol":{"path":["/c/en/oxidoreductase","/c/en/enzyme","/c/en/biological","/c/en/biohazard"],"weight":0.20317999999999992},"num_concepts_raised":5594},{"base_id":814,"kind":"top_words","i1":0,"i2":6,"sol":{"path":["/c/en/oxidoreductase","/c/en/oxide","/c/en/state","/c/en/monarchy","/c/en/monarchic"],"weight":0.20404},"num_concepts_raised":5632},{"base_id":814,"kind":"top_words","i1":0,"i2":7,"sol":{"path":["/c/en/oxidoreductase","/c/en/oxide","/c/en/water","/c/en/drinking_fountain","/c/en/bubbler"],"weight":0.20391999999999988},"num_concepts_raised":19932},{"base_id":814,"kind":"top_words","i1":0,"i2":8,"sol":{"path":["/c/en/oxidoreductase","/c/en/reduction","/c/en/cathode","/c/en/triode"],"weight":0.20324999999999988},"num_concepts_raised":13438},{"base_id":814,"kind":"top_words","i1":0,"i2":9,"sol":{"path":["/c/en/oxidoreductase","/c/en/enzyme","/c/en/phenylketonuria","/c/en/phenylalanine"],"weight":0.21181999999999995},"num_concepts_raised":14091},{"base_id":814,"kind":"top_words","i1":1,"i2":2,"sol":{"path":["/c/en/benzoate","/c/en/organic_chemistry","/c/en/compound","/c/en/music","/c/en/barre"],"weight":0.20830999999999977},"num_concepts_raised":22090},{"base_id":814,"kind":"top_words","i1":1,"i2":3,"sol":{"path":["/c/en/benzoate","/c/en/salt","/c/en/lemon","/c/en/citric"],"weight":0.20422999999999986},"num_concepts_raised":10364},{"base_id":814,"kind":"top_words","i1":1,"i2":4,"sol":{"path":["/c/en/benzoate","/c/en/organic_chemistry","/c/en/amino_acid","/c/en/lysine"],"weight":0.21281000000000003},"num_concepts_raised":12519},{"base_id":814,"kind":"top_words","i1":1,"i2":5,"sol":{"path":["/c/en/benzoate","/c/en/organic_chemistry","/c/en/organism","/c/en/bacteria","/c/en/biohazard"],"weight":0.20336999999999988},"num_concepts_raised":10711},{"base_id":814,"kind":"top_words","i1":1,"i2":6,"sol":{"path":["/c/en/benzoate","/c/en/organic_chemistry","/c/en/chemistry","/c/en/crown","/c/en/monarchic"],"weight":0.20320999999999995},"num_concepts_raised":10716},{"base_id":814,"kind":"top_words","i1":1,"i2":7,"sol":{"path":["/c/en/benzoate","/c/en/salt","/c/en/fish","/c/en/bubbler"],"weight":0.20297999999999988},"num_concepts_raised":24963},{"base_id":814,"kind":"top_words","i1":1,"i2":8,"sol":{"path":["/c/en/benzoate","/c/en/organic_chemistry","/c/en/amplification","/c/en/triode"],"weight":0.20341999999999982},"num_concepts_raised":18537},{"base_id":814,"kind":"top_words","i1":1,"i2":9,"sol":{"path":["/c/en/benzoate","/c/en/organic_chemistry","/c/en/amino_acid","/c/en/phenylalanine"],"weight":0.2122399999999999},"num_concepts_raised":19006},{"base_id":814,"kind":"top_words","i1":2,"i2":3,"sol":{"path":["/c/en/barre","/c/en/town","/c/en/orange","/c/en/citric"],"weight":0.20809999999999984},"num_concepts_raised":14775},{"base_id":814,"kind":"top_words","i1":2,"i2":4,"sol":{"path":["/c/en/barre","/c/en/music","/c/en/compound","/c/en/amino_acid","/c/en/lysine"],"weight":0.21762},"num_concepts_raised":17294},{"base_id":814,"kind":"top_words","i1":2,"i2":5,"sol":{"path":["/c/en/barre","/c/fr/barre","/c/en/rod","/c/en/bacteria","/c/en/biohazard"],"weight":0.21226999999999985},"num_concepts_raised":15094},{"base_id":814,"kind":"top_words","i1":2,"i2":6,"sol":{"path":["/c/en/barre","/c/fr/barre","/c/en/mark","/c/en/crown","/c/en/monarchic"],"weight":0.21203999999999995},"num_concepts_raised":15066},{"base_id":814,"kind":"top_words","i1":2,"i2":7,"sol":{"path":["/c/en/barre","/c/en/vermont","/c/en/new_england","/c/en/bubbler"],"weight":0.20789999999999983},"num_concepts_raised":28982},{"base_id":814,"kind":"top_words","i1":2,"i2":8,"sol":{"path":["/c/en/barre","/c/en/music","/c/en/ode","/c/en/triode"],"weight":0.20937999999999982},"num_concepts_raised":22752},{"base_id":814,"kind":"top_words","i1":2,"i2":9,"sol":{"path":["/c/en/barre","/c/en/music","/c/mul/f","/c/en/phenylalanine"],"weight":0.21467999999999987},"num_concepts_raised":23720},{"base_id":814,"kind":"top_words","i1":3,"i2":4,"sol":{"path":["/c/en/citric","/c/en/citric_acid","/c/en/chemical_compound","/c/en/lysine"],"weight":0.2102700000000001},"num_concepts_raised":5584},{"base_id":814,"kind":"top_words","i1":3,"i2":5,"sol":{"path":["/c/en/citric","/c/en/lemon","/c/en/yellow","/c/en/hazard","/c/en/biohazard"],"weight":0.20430999999999994},"num_concepts_raised":3403},{"base_id":814,"kind":"top_words","i1":3,"i2":6,"sol":{"path":["/c/en/citric","/c/en/lemon","/c/en/slang","/c/en/monarch","/c/en/monarchic"],"weight":0.20416},"num_concepts_raised":3395},{"base_id":814,"kind":"top_words","i1":3,"i2":7,"sol":{"path":["/c/en/citric","/c/en/orange","/c/en/wisconsin","/c/en/bubbler"],"weight":0.2028899999999999},"num_concepts_raised":17679},{"base_id":814,"kind":"top_words","i1":3,"i2":8,"sol":{"path":["/c/en/citric","/c/es/cítrico","/c/fr/chimie","/c/en/cathode","/c/en/triode"],"weight":0.20533999999999988},"num_concepts_raised":11247},{"base_id":814,"kind":"top_words","i1":3,"i2":9,"sol":{"path":["/c/en/citric","/c/en/citric_acid","/c/en/chemical_compound","/c/en/phenylalanine"],"weight":0.20967999999999998},"num_concepts_raised":12088},{"base_id":814,"kind":"top_words","i1":4,"i2":5,"sol":{"path":["/c/en/lysine","/c/fr/lysine","/c/en/lysin","/c/en/bacteria","/c/en/biohazard"],"weight":0.2144700000000001},"num_concepts_raised":5891},{"base_id":814,"kind":"top_words","i1":4,"i2":6,"sol":{"path":["/c/en/lysine","/c/en/amino_acid","/c/mul/i","/c/en/monarch","/c/en/monarchic"],"weight":0.21257000000000018},"num_concepts_raised":5914},{"base_id":814,"kind":"top_words","i1":4,"i2":7,"sol":{"path":["/c/en/lysine","/c/en/amino_acid","/c/en/protein","/c/en/fish","/c/en/bubbler"],"weight":0.21261000000000008},"num_concepts_raised":20220},{"base_id":814,"kind":"top_words","i1":4,"i2":8,"sol":{"path":["/c/en/lysine","/c/en/amino_acid","/c/en/organic_compound","/c/en/amplification","/c/en/triode"],"weight":0.21288000000000007},"num_concepts_raised":13751},{"base_id":814,"kind":"top_words","i1":4,"i2":9,"sol":{"path":["/c/en/lysine","/c/en/amino_acid","/c/en/phenylalanine"],"weight":0.20800000000000002},"num_concepts_raised":192},{"base_id":814,"kind":"top_words","i1":5,"i2":6,"sol":{"path":["/c/en/biohazard","/c/en/bacteria","/c/en/slang","/c/en/monarch","/c/en/monarchic"],"weight":0.20315000000000003},"num_concepts_raised":3722},{"base_id":814,"kind":"top_words","i1":5,"i2":7,"sol":{"path":["/c/en/biohazard","/c/en/bacteria","/c/en/us","/c/en/bubbler"],"weight":0.2029499999999999},"num_concepts_raised":18006},{"base_id":814,"kind":"top_words","i1":5,"i2":8,"sol":{"path":["/c/en/biohazard","/c/en/bacteria","/c/en/small","/c/en/ode","/c/en/triode"],"weight":0.20445999999999992},"num_concepts_raised":11563},{"base_id":814,"kind":"top_words","i1":5,"i2":9,"sol":{"path":["/c/en/biohazard","/c/en/bacteria","/c/en/animal","/c/en/phenylalanine"],"weight":0.20975999999999997},"num_concepts_raised":12338},{"base_id":814,"kind":"top_words","i1":6,"i2":7,"sol":{"path":["/c/en/monarchic","/c/en/monarchy","/c/en/state","/c/en/wisconsin","/c/en/bubbler"],"weight":0.20395000000000002},"num_concepts_raised":17988},{"base_id":814,"kind":"top_words","i1":6,"i2":8,"sol":{"path":["/c/en/monarchic","/c/en/monarchy","/c/en/king","/c/en/charge","/c/en/triode"],"weight":0.20428999999999997},"num_concepts_raised":11539},{"base_id":814,"kind":"top_words","i1":6,"i2":9,"sol":{"path":["/c/en/monarchic","/c/en/crown","/c/en/chemistry","/c/fi/fenyylialaniini","/c/en/phenylalanine"],"weight":0.21362000000000006},"num_concepts_raised":12412},{"base_id":814,"kind":"top_words","i1":7,"i2":8,"sol":{"path":["/c/en/bubbler","/c/en/device","/c/en/diode","/c/en/triode"],"weight":0.20418999999999987},"num_concepts_raised":25600},{"base_id":814,"kind":"top_words","i1":7,"i2":9,"sol":{"path":["/c/en/bubbler","/c/en/fish","/c/en/protein","/c/en/phenylalanine"],"weight":0.20959999999999995},"num_concepts_raised":26505},{"base_id":814,"kind":"top_words","i1":8,"i2":9,"sol":{"path":["/c/en/triode","/c/fr/électronique","/c/mul/f","/c/en/phenylalanine"],"weight":0.20983999999999992},"num_concepts_raised":20150}]]