[[{"base_id":872,"kind":"bot_words","i1":0,"i2":1,"sol":{"path":["/c/en/attachment","/c/en/affection","/c/en/affectation","/c/en/false","/c/en/treacherously"],"weight":0.20876999999999857},"num_concepts_raised":57517},{"base_id":872,"kind":"bot_words","i1":0,"i2":2,"sol":{"path":["/c/en/attachment","/c/en/attach","/c/en/navel","/c/en/umbilical"],"weight":0.20893999999999854},"num_concepts_raised":61832},{"base_id":872,"kind":"bot_words","i1":0,"i2":3,"sol":{"path":["/c/en/attachment","/c/en/fancy","/c/en/highfalutin"],"weight":0.202},"num_concepts_raised":446},{"base_id":872,"kind":"bot_words","i1":0,"i2":4,"sol":{"path":["/c/en/attachment","/c/en/tendon","/c/en/bony","/c/en/osseous"],"weight":0.21021999999999866},"num_concepts_raised":58474},{"base_id":872,"kind":"bot_words","i1":0,"i2":5,"sol":{"path":["/c/en/attachment","/c/en/neck","/c/en/jordan","/c/en/crusader"],"weight":0.21316999999999856},"num_concepts_raised":57633},{"base_id":872,"kind":"bot_words","i1":0,"i2":6,"sol":{"path":["/c/en/attachment","/c/en/legal","/c/en/mortmain"],"weight":0.202},"num_concepts_raised":446},{"base_id":872,"kind":"bot_words","i1":0,"i2":7,"sol":{"path":["/c/en/attachment","/c/en/affection","/c/en/medicine","/c/en/phimosis"],"weight":0.21467999999999862},"num_concepts_raised":70377},{"base_id":872,"kind":"bot_words","i1":0,"i2":8,"sol":{"path":["/c/en/attachment","/c/en/head","/c/en/drug","/c/en/selective_serotonin_reuptake_inhibitor","/c/en/ssri"],"weight":0.20840999999999857},"num_concepts_raised":56498},{"base_id":872,"kind":"bot_words","i1":0,"i2":9,"sol":{"path":["/c/en/attachment","/c/en/legal","/c/en/balt","/c/en/lithuania"],"weight":0.21665999999999888},"num_concepts_raised":60356},{"base_id":872,"kind":"bot_words","i1":1,"i2":2,"sol":{"path":["/c/en/treacherously","/c/en/treacherous","/c/en/snake","/c/en/maths","/c/en/umbilical"],"weight":0.20438999999999985},"num_concepts_raised":7493},{"base_id":872,"kind":"bot_words","i1":1,"i2":3,"sol":{"path":["/c/en/treacherously","/c/en/false","/c/en/cake","/c/en/fancy","/c/en/highfalutin"],"weight":0.20289999999999986},"num_concepts_raised":3484},{"base_id":872,"kind":"bot_words","i1":1,"i2":4,"sol":{"path":["/c/en/treacherously","/c/ar/خان","/c/en/break","/c/en/bone","/c/en/osseous"],"weight":0.20472999999999997},"num_concepts_raised":3922},{"base_id":872,"kind":"bot_words","i1":1,"i2":5,"sol":{"path":["/c/en/treacherously","/c/la/prodo","/c/en/project","/c/en/crusade","/c/en/crusader"],"weight":0.2108699999999999},"num_concepts_raised":2839},{"base_id":872,"kind":"bot_words","i1":1,"i2":6,"sol":{"path":["/c/en/treacherously","/c/en/treacherous","/c/en/traitorous","/c/en/legal","/c/en/mortmain"],"weight":0.20411999999999986},"num_concepts_raised":18148},{"base_id":872,"kind":"bot_words","i1":1,"i2":7,"sol":{"path":["/c/en/treacherously","/c/en/false","/c/en/music","/c/en/medicine","/c/en/phimosis"],"weight":0.20886999999999994},"num_concepts_raised":16245},{"base_id":872,"kind":"bot_words","i1":1,"i2":8,"sol":{"path":["/c/en/treacherously","/c/en/treacherous","/c/en/dangerous","/c/en/illness","/c/en/selective_serotonin_reuptake_inhibitor","/c/en/ssri"],"weight":0.2097256999999998},"num_concepts_raised":94483},{"base_id":872,"kind":"bot_words","i1":1,"i2":9,"sol":{"path":["/c/en/treacherously","/c/en/false","/c/en/music","/c/en/country","/c/en/lithuania"],"weight":0.2122800000000002},"num_concepts_raised":5733},{"base_id":872,"kind":"bot_words","i1":2,"i2":3,"sol":{"path":["/c/en/umbilical","/c/en/umbilicus","/c/en/focus","/c/en/important","/c/en/highfalutin"],"weight":0.2044699999999998},"num_concepts_raised":8210},{"base_id":872,"kind":"bot_words","i1":2,"i2":4,"sol":{"path":["/c/en/umbilical","/c/en/umbilical_cord","/c/en/anatomy","/c/en/bone","/c/en/osseous"],"weight":0.20840999999999993},"num_concepts_raised":8643},{"base_id":872,"kind":"bot_words","i1":2,"i2":5,"sol":{"path":["/c/en/umbilical","/c/en/umbilicus","/c/en/historical","/c/zh/十字軍","/c/en/crusader"],"weight":0.21254999999999982},"num_concepts_raised":7578},{"base_id":872,"kind":"bot_words","i1":2,"i2":6,"sol":{"path":["/c/en/umbilical","/c/en/equal","/c/en/legal","/c/en/mortmain"],"weight":0.20341999999999982},"num_concepts_raised":22837},{"base_id":872,"kind":"bot_words","i1":2,"i2":7,"sol":{"path":["/c/en/umbilical","/c/en/curvature","/c/en/medicine","/c/en/phimosis"],"weight":0.20924999999999988},"num_concepts_raised":20904},{"base_id":872,"kind":"bot_words","i1":2,"i2":8,"sol":{"path":["/c/en/umbilical","/c/en/equal","/c/en/formula","/c/en/fluoxetine","/c/en/ssri"],"weight":0.20320999999999984},"num_concepts_raised":6399},{"base_id":872,"kind":"bot_words","i1":2,"i2":9,"sol":{"path":["/c/en/umbilical","/c/en/umbilical_cord","/c/en/outside","/c/en/country","/c/en/lithuania"],"weight":0.21586000000000014},"num_concepts_raised":10453},{"base_id":872,"kind":"bot_words","i1":3,"i2":4,"sol":{"path":["/c/en/highfalutin","/c/en/fancy","/c/en/slang","/c/en/bone","/c/en/osseous"],"weight":0.20462999999999992},"num_concepts_raised":4648},{"base_id":872,"kind":"bot_words","i1":3,"i2":5,"sol":{"path":["/c/en/highfalutin","/c/en/important","/c/en/crucial","/c/en/crusade","/c/en/crusader"],"weight":0.21081999999999979},"num_concepts_raised":3566},{"base_id":872,"kind":"bot_words","i1":3,"i2":6,"sol":{"path":["/c/en/highfalutin","/c/en/arrogant","/c/la/arrogo","/c/en/legal","/c/en/mortmain"],"weight":0.2030199999999998},"num_concepts_raised":18859},{"base_id":872,"kind":"bot_words","i1":3,"i2":7,"sol":{"path":["/c/en/highfalutin","/c/en/arrogant","/c/en/plastic","/c/en/medicine","/c/en/phimosis"],"weight":0.20882999999999988},"num_concepts_raised":16966},{"base_id":872,"kind":"bot_words","i1":3,"i2":8,"sol":{"path":["/c/en/highfalutin","/c/en/arrogant","/c/en/high","/c/en/drug","/c/en/selective_serotonin_reuptake_inhibitor","/c/en/ssri"],"weight":0.20788139999999977},"num_concepts_raised":192146},{"base_id":872,"kind":"bot_words","i1":3,"i2":9,"sol":{"path":["/c/en/highfalutin","/c/en/bombast","/c/en/language","/c/en/lithuanian","/c/en/lithuania"],"weight":0.21429000000000012},"num_concepts_raised":6451},{"base_id":872,"kind":"bot_words","i1":4,"i2":5,"sol":{"path":["/c/en/osseous","/c/en/bone","/c/en/mouth","/c/en/jordan","/c/en/crusader"],"weight":0.21055999999999997},"num_concepts_raised":4007},{"base_id":872,"kind":"bot_words","i1":4,"i2":6,"sol":{"path":["/c/en/osseous","/c/en/bone","/c/en/strong","/c/en/mortmain"],"weight":0.20467999999999995},"num_concepts_raised":19332},{"base_id":872,"kind":"bot_words","i1":4,"i2":7,"sol":{"path":["/c/en/osseous","/c/en/endosseous","/c/en/medicine","/c/en/phimosis"],"weight":0.20929},"num_concepts_raised":17306},{"base_id":872,"kind":"bot_words","i1":4,"i2":8,"sol":{"path":["/c/en/osseous","/c/en/bone","/c/en/illness","/c/en/selective_serotonin_reuptake_inhibitor","/c/en/ssri"],"weight":0.20563999999999996},"num_concepts_raised":2819},{"base_id":872,"kind":"bot_words","i1":4,"i2":9,"sol":{"path":["/c/en/osseous","/c/en/bone","/c/en/human","/c/en/lithuanian","/c/en/lithuania"],"weight":0.21610000000000026},"num_concepts_raised":6887},{"base_id":872,"kind":"bot_words","i1":5,"i2":6,"sol":{"path":["/c/en/crusader","/c/fr/croisé","/c/fr/histoire","/c/fr/mainmorte","/c/en/mortmain"],"weight":0.21405999999999983},"num_concepts_raised":18236},{"base_id":872,"kind":"bot_words","i1":5,"i2":7,"sol":{"path":["/c/en/crusader","/c/en/crusade","/c/en/remedy","/c/en/medicine","/c/en/phimosis"],"weight":0.2168099999999999},"num_concepts_raised":16333},{"base_id":872,"kind":"bot_words","i1":5,"i2":8,"sol":{"path":["/c/en/crusader","/c/en/crusade","/c/en/push","/c/en/depression","/c/en/selective_serotonin_reuptake_inhibitor","/c/en/ssri"],"weight":0.21705369999999968},"num_concepts_raised":161119},{"base_id":872,"kind":"bot_words","i1":5,"i2":9,"sol":{"path":["/c/en/crusader","/c/en/jordan","/c/en/country","/c/en/lithuania"],"weight":0.21815000000000018},"num_concepts_raised":5802},{"base_id":872,"kind":"bot_words","i1":6,"i2":7,"sol":{"path":["/c/en/mortmain","/c/en/legal","/c/en/practice","/c/en/medicine","/c/en/phimosis"],"weight":0.20894999999999989},"num_concepts_raised":31566},{"base_id":872,"kind":"bot_words","i1":6,"i2":8,"sol":{"path":["/c/en/mortmain","/c/en/literary","/c/en/antagonist","/c/en/delucemine","/c/en/ssri"],"weight":0.20276999999999984},"num_concepts_raised":17094},{"base_id":872,"kind":"bot_words","i1":6,"i2":9,"sol":{"path":["/c/en/mortmain","/c/en/legal","/c/en/balt","/c/en/lithuania"],"weight":0.21234000000000014},"num_concepts_raised":21081},{"base_id":872,"kind":"bot_words","i1":7,"i2":8,"sol":{"path":["/c/en/phimosis","/c/en/medicine","/c/en/drug","/c/en/selective_serotonin_reuptake_inhibitor","/c/en/ssri"],"weight":0.2099199999999999},"num_concepts_raised":15135},{"base_id":872,"kind":"bot_words","i1":7,"i2":9,"sol":{"path":["/c/en/phimosis","/c/en/medicine","/c/en/cold","/c/en/baltic","/c/en/lithuania"],"weight":0.21818000000000023},"num_concepts_raised":19210},{"base_id":872,"kind":"bot_words","i1":8,"i2":9,"sol":{"path":["/c/en/ssri","/c/en/snri","/c/fr/pharmacologie","/c/fr/berce","/c/fr/lituanie","/c/en/lithuania"],"weight":0.23204640000000026},"num_concepts_raised":344369}],[{"base_id":872,"kind":"top_words","i1":0,"i2":1,"sol":{"path":["/c/en/fallin","/c/en/soul_music","/c/en/seal","/c/en/liquid","/c/en/sarin"],"weight":0.21390999999999988},"num_concepts_raised":126899},{"base_id":872,"kind":"top_words","i1":0,"i2":2,"sol":{"path":["/c/en/fallin","/c/fr/localités","/c/en/eye","/c/en/anatomy","/c/en/meninges"],"weight":0.21374999999999972},"num_concepts_raised":132933},{"base_id":872,"kind":"top_words","i1":0,"i2":3,"sol":{"path":["/c/en/fallin","/c/en/soul_music","/c/en/carmel","/c/en/city","/c/en/bhopal"],"weight":0.21352999999999975},"num_concepts_raised":115857},{"base_id":872,"kind":"top_words","i1":0,"i2":4,"sol":{"path":["/c/en/fallin","/c/en/soul_music","/c/en/carmel","/c/en/city","/c/en/abeokuta"],"weight":0.21289999999999976},"num_concepts_raised":114386},{"base_id":872,"kind":"top_words","i1":0,"i2":5,"sol":{"path":["/c/en/fallin","/c/fr/localités","/c/en/lucknow"],"weight":0.20600000000000002},"num_concepts_raised":99},{"base_id":872,"kind":"top_words","i1":0,"i2":6,"sol":{"path":["/c/en/fallin","/c/fr/localités","/c/en/lucknow","/c/en/uttar_pradesh","/c/en/kanpur"],"weight":0.21535999999999977},"num_concepts_raised":115836},{"base_id":872,"kind":"top_words","i1":0,"i2":7,"sol":{"path":["/c/en/fallin","/c/fr/localités","/c/fr/creuse","/c/en/creuse"],"weight":0.2147799999999998},"num_concepts_raised":115070},{"base_id":872,"kind":"top_words","i1":0,"i2":8,"sol":{"path":["/c/en/fallin","/c/fr/localités","/c/en/lucknow","/c/en/india","/c/en/pune"],"weight":0.2156699999999998},"num_concepts_raised":115980},{"base_id":872,"kind":"top_words","i1":0,"i2":9,"sol":{"path":["/c/en/fallin","/c/fr/localités","/c/en/quarter","/c/en/twenty","/c/en/vigesimal"],"weight":0.20777999999999985},"num_concepts_raised":112429},{"base_id":872,"kind":"top_words","i1":1,"i2":2,"sol":{"path":["/c/en/sarin","/c/en/tangible_thing","/c/en/membrane","/c/en/meninges"],"weight":0.21468999999999977},"num_concepts_raised":37436},{"base_id":872,"kind":"top_words","i1":1,"i2":3,"sol":{"path":["/c/en/sarin","/c/fr/chimie","/c/en/water","/c/en/city","/c/en/bhopal"],"weight":0.2147999999999998},"num_concepts_raised":20556},{"base_id":872,"kind":"top_words","i1":1,"i2":4,"sol":{"path":["/c/en/sarin","/c/fr/chimie","/c/en/water","/c/en/city","/c/en/abeokuta"],"weight":0.2141699999999998},"num_concepts_raised":19082},{"base_id":872,"kind":"top_words","i1":1,"i2":5,"sol":{"path":["/c/en/sarin","/c/fr/chimie","/c/en/water","/c/en/city","/c/en/lucknow"],"weight":0.21498999999999982},"num_concepts_raised":130201},{"base_id":872,"kind":"top_words","i1":1,"i2":6,"sol":{"path":["/c/en/sarin","/c/fr/chimie","/c/en/water","/c/en/city","/c/en/kanpur"],"weight":0.2145999999999998},"num_concepts_raised":20535},{"base_id":872,"kind":"top_words","i1":1,"i2":7,"sol":{"path":["/c/en/sarin","/c/en/liquid","/c/en/river","/c/en/creuse"],"weight":0.21400999999999984},"num_concepts_raised":19912},{"base_id":872,"kind":"top_words","i1":1,"i2":8,"sol":{"path":["/c/en/sarin","/c/en/liquid","/c/en/state","/c/en/india","/c/en/pune"],"weight":0.21687999999999985},"num_concepts_raised":20681},{"base_id":872,"kind":"top_words","i1":1,"i2":9,"sol":{"path":["/c/en/sarin","/c/fr/chimie","/c/fr/base","/c/fr/vicésimal","/c/en/vigesimal"],"weight":0.2110899999999999},"num_concepts_raised":16958},{"base_id":872,"kind":"top_words","i1":2,"i2":3,"sol":{"path":["/c/en/meninges","/c/en/anatomy","/c/en/temple","/c/en/city","/c/en/bhopal"],"weight":0.21461999999999964},"num_concepts_raised":26605},{"base_id":872,"kind":"top_words","i1":2,"i2":4,"sol":{"path":["/c/en/meninges","/c/en/anatomy","/c/en/temple","/c/en/city","/c/en/abeokuta"],"weight":0.21397999999999967},"num_concepts_raised":25132},{"base_id":872,"kind":"top_words","i1":2,"i2":5,"sol":{"path":["/c/en/meninges","/c/en/anatomy","/c/en/temple","/c/en/india","/c/en/lucknow"],"weight":0.2148399999999997},"num_concepts_raised":136243},{"base_id":872,"kind":"top_words","i1":2,"i2":6,"sol":{"path":["/c/en/meninges","/c/en/anatomy","/c/en/temple","/c/en/city","/c/en/kanpur"],"weight":0.21441999999999967},"num_concepts_raised":26584},{"base_id":872,"kind":"top_words","i1":2,"i2":7,"sol":{"path":["/c/en/meninges","/c/en/anatomy","/c/en/region","/c/en/limousin","/c/en/creuse"],"weight":0.21593999999999974},"num_concepts_raised":25962},{"base_id":872,"kind":"top_words","i1":2,"i2":8,"sol":{"path":["/c/en/meninges","/c/en/anatomy","/c/en/temple","/c/en/india","/c/en/pune"],"weight":0.21676999999999974},"num_concepts_raised":26730},{"base_id":872,"kind":"top_words","i1":2,"i2":9,"sol":{"path":["/c/en/meninges","/c/fr/anatomie","/c/fr/base","/c/fr/vicésimal","/c/en/vigesimal"],"weight":0.21077999999999977},"num_concepts_raised":23001},{"base_id":872,"kind":"top_words","i1":3,"i2":4,"sol":{"path":["/c/en/bhopal","/c/en/city","/c/en/abeokuta"],"weight":0.20600000000000002},"num_concepts_raised":117},{"base_id":872,"kind":"top_words","i1":3,"i2":5,"sol":{"path":["/c/en/bhopal","/c/en/city","/c/en/lucknow"],"weight":0.20600000000000002},"num_concepts_raised":151},{"base_id":872,"kind":"top_words","i1":3,"i2":6,"sol":{"path":["/c/en/bhopal","/c/en/city","/c/en/kanpur"],"weight":0.20600000000000002},"num_concepts_raised":137},{"base_id":872,"kind":"top_words","i1":3,"i2":7,"sol":{"path":["/c/en/bhopal","/c/en/city","/c/en/region","/c/en/limousin","/c/en/creuse"],"weight":0.21568999999999972},"num_concepts_raised":8961},{"base_id":872,"kind":"top_words","i1":3,"i2":8,"sol":{"path":["/c/en/bhopal","/c/en/india","/c/en/pune"],"weight":0.20700000000000002},"num_concepts_raised":148},{"base_id":872,"kind":"top_words","i1":3,"i2":9,"sol":{"path":["/c/en/bhopal","/c/en/city","/c/en/farm","/c/en/twenty","/c/en/vigesimal"],"weight":0.20864999999999978},"num_concepts_raised":6066},{"base_id":872,"kind":"top_words","i1":4,"i2":5,"sol":{"path":["/c/en/abeokuta","/c/en/city","/c/en/lucknow"],"weight":0.20600000000000002},"num_concepts_raised":121},{"base_id":872,"kind":"top_words","i1":4,"i2":6,"sol":{"path":["/c/en/abeokuta","/c/en/city","/c/en/kanpur"],"weight":0.20600000000000002},"num_concepts_raised":107},{"base_id":872,"kind":"top_words","i1":4,"i2":7,"sol":{"path":["/c/en/abeokuta","/c/en/city","/c/en/region","/c/en/limousin","/c/en/creuse"],"weight":0.21505999999999975},"num_concepts_raised":7500},{"base_id":872,"kind":"top_words","i1":4,"i2":8,"sol":{"path":["/c/en/abeokuta","/c/en/city","/c/en/pune"],"weight":0.20600000000000002},"num_concepts_raised":118},{"base_id":872,"kind":"top_words","i1":4,"i2":9,"sol":{"path":["/c/en/abeokuta","/c/en/city","/c/en/farm","/c/en/twenty","/c/en/vigesimal"],"weight":0.20801999999999976},"num_concepts_raised":4590},{"base_id":872,"kind":"top_words","i1":5,"i2":6,"sol":{"path":["/c/en/lucknow","/c/en/uttar_pradesh","/c/en/kanpur"],"weight":0.20900000000000002},"num_concepts_raised":140},{"base_id":872,"kind":"top_words","i1":5,"i2":7,"sol":{"path":["/c/en/lucknow","/c/fr/localités","/c/fr/creuse","/c/en/creuse"],"weight":0.21578999999999976},"num_concepts_raised":118302},{"base_id":872,"kind":"top_words","i1":5,"i2":8,"sol":{"path":["/c/en/lucknow","/c/en/india","/c/en/pune"],"weight":0.20700000000000002},"num_concepts_raised":152},{"base_id":872,"kind":"top_words","i1":5,"i2":9,"sol":{"path":["/c/en/lucknow","/c/en/city","/c/en/farm","/c/en/twenty","/c/en/vigesimal"],"weight":0.2088399999999998},"num_concepts_raised":115750},{"base_id":872,"kind":"top_words","i1":6,"i2":7,"sol":{"path":["/c/en/kanpur","/c/en/city","/c/en/region","/c/en/limousin","/c/en/creuse"],"weight":0.21548999999999974},"num_concepts_raised":8939},{"base_id":872,"kind":"top_words","i1":6,"i2":8,"sol":{"path":["/c/en/kanpur","/c/en/india","/c/en/pune"],"weight":0.20700000000000002},"num_concepts_raised":138},{"base_id":872,"kind":"top_words","i1":6,"i2":9,"sol":{"path":["/c/en/kanpur","/c/en/city","/c/en/farm","/c/en/twenty","/c/en/vigesimal"],"weight":0.2084499999999998},"num_concepts_raised":6045},{"base_id":872,"kind":"top_words","i1":7,"i2":8,"sol":{"path":["/c/en/creuse","/c/en/france","/c/en/country","/c/en/india","/c/en/pune"],"weight":0.2158799999999998},"num_concepts_raised":9085},{"base_id":872,"kind":"top_words","i1":7,"i2":9,"sol":{"path":["/c/en/creuse","/c/en/france","/c/en/lot","/c/en/vicesimation","/c/en/vigesimal"],"weight":0.20790999999999984},"num_concepts_raised":5441},{"base_id":872,"kind":"top_words","i1":8,"i2":9,"sol":{"path":["/c/en/pune","/c/en/india","/c/en/alphabet","/c/en/twenty","/c/en/vigesimal"],"weight":0.21078999999999984},"num_concepts_raised":6190}]]