[[{"base_id":333,"kind":"bot_words","i1":0,"i2":1,"sol":{"path":["/c/en/wounding","/c/en/bullet","/c/en/slang","/c/en/corny"],"weight":0.2033999999999998},"num_concepts_raised":29881},{"base_id":333,"kind":"bot_words","i1":0,"i2":2,"sol":{"path":["/c/en/wounding","/c/en/wound","/c/en/break","/c/en/bust","/c/en/sculptural"],"weight":0.20503999999999992},"num_concepts_raised":4552},{"base_id":333,"kind":"bot_words","i1":0,"i2":3,"sol":{"path":["/c/en/wounding","/c/en/wound","/c/en/cut","/c/en/timber","/c/en/padauk"],"weight":0.20505999999999985},"num_concepts_raised":9719},{"base_id":333,"kind":"bot_words","i1":0,"i2":4,"sol":{"path":["/c/en/wounding","/c/en/wound","/c/en/place","/c/en/dyke"],"weight":0.20712999999999937},"num_concepts_raised":208622},{"base_id":333,"kind":"bot_words","i1":0,"i2":5,"sol":{"path":["/c/en/wounding","/c/en/wound","/c/en/red","/c/en/flush","/c/en/suffuse"],"weight":0.20655999999999983},"num_concepts_raised":16702},{"base_id":333,"kind":"bot_words","i1":0,"i2":6,"sol":{"path":["/c/en/wounding","/c/en/wound","/c/en/burn","/c/en/cool"],"weight":0.23238999999999954},"num_concepts_raised":99770},{"base_id":333,"kind":"bot_words","i1":0,"i2":7,"sol":{"path":["/c/en/wounding","/c/en/wound","/c/en/coil","/c/en/fake"],"weight":0.2113099999999989},"num_concepts_raised":49597},{"base_id":333,"kind":"bot_words","i1":0,"i2":8,"sol":{"path":["/c/en/wounding","/c/en/wound","/c/en/person","/c/en/baby","/c/en/crybaby"],"weight":0.21523999999999982},"num_concepts_raised":8718},{"base_id":333,"kind":"bot_words","i1":0,"i2":9,"sol":{"path":["/c/en/wounding","/c/en/sword","/c/en/medieval","/c/en/archaic"],"weight":0.2051199999999997},"num_concepts_raised":21619},{"base_id":333,"kind":"bot_words","i1":1,"i2":2,"sol":{"path":["/c/en/corny","/c/en/slang","/c/en/bust","/c/en/sculptural"],"weight":0.20325999999999989},"num_concepts_raised":26788},{"base_id":333,"kind":"bot_words","i1":1,"i2":3,"sol":{"path":["/c/en/corny","/c/en/grain","/c/en/tree","/c/en/padauk"],"weight":0.2031799999999998},"num_concepts_raised":31759},{"base_id":333,"kind":"bot_words","i1":1,"i2":4,"sol":{"path":["/c/en/corny","/c/en/slang","/c/en/dyke"],"weight":0.202},"num_concepts_raised":241},{"base_id":333,"kind":"bot_words","i1":1,"i2":5,"sol":{"path":["/c/en/corny","/c/en/slang","/c/en/spread","/c/en/suffuse"],"weight":0.20378999999999978},"num_concepts_raised":38565},{"base_id":333,"kind":"bot_words","i1":1,"i2":6,"sol":{"path":["/c/en/corny","/c/en/lame","/c/en/cool"],"weight":0.20900000000000002},"num_concepts_raised":1018},{"base_id":333,"kind":"bot_words","i1":1,"i2":7,"sol":{"path":["/c/en/corny","/c/fr/tarte","/c/fr/faux","/c/en/fake"],"weight":0.21098999999999885},"num_concepts_raised":70072},{"base_id":333,"kind":"bot_words","i1":1,"i2":8,"sol":{"path":["/c/en/corny","/c/en/slang","/c/en/wimp","/c/en/crybaby"],"weight":0.2093899999999998},"num_concepts_raised":30729},{"base_id":333,"kind":"bot_words","i1":1,"i2":9,"sol":{"path":["/c/en/corny","/c/de/veraltet","/c/en/archaic"],"weight":0.203},"num_concepts_raised":224},{"base_id":333,"kind":"bot_words","i1":2,"i2":3,"sol":{"path":["/c/en/sculptural","/c/en/sculpture","/c/en/figure","/c/en/tree","/c/en/padauk"],"weight":0.2037799999999999},"num_concepts_raised":6457},{"base_id":333,"kind":"bot_words","i1":2,"i2":4,"sol":{"path":["/c/en/sculptural","/c/en/sculpture","/c/en/land","/c/en/dyke"],"weight":0.20585999999999943},"num_concepts_raised":205722},{"base_id":333,"kind":"bot_words","i1":2,"i2":5,"sol":{"path":["/c/en/sculptural","/c/en/sculpture","/c/en/relief","/c/en/light","/c/en/suffuse"],"weight":0.20438999999999988},"num_concepts_raised":13495},{"base_id":333,"kind":"bot_words","i1":2,"i2":6,"sol":{"path":["/c/en/sculptural","/c/en/bust","/c/en/slang","/c/en/cool"],"weight":0.2317599999999996},"num_concepts_raised":96892},{"base_id":333,"kind":"bot_words","i1":2,"i2":7,"sol":{"path":["/c/en/sculptural","/c/en/sculpture","/c/en/statue","/c/en/fake"],"weight":0.21013999999999894},"num_concepts_raised":46516},{"base_id":333,"kind":"bot_words","i1":2,"i2":8,"sol":{"path":["/c/en/sculptural","/c/en/bust","/c/en/tear","/c/en/cry","/c/en/crybaby"],"weight":0.2109799999999999},"num_concepts_raised":5470},{"base_id":333,"kind":"bot_words","i1":2,"i2":9,"sol":{"path":["/c/en/sculptural","/c/en/bust","/c/en/us","/c/en/archaic"],"weight":0.20501999999999976},"num_concepts_raised":18418},{"base_id":333,"kind":"bot_words","i1":3,"i2":4,"sol":{"path":["/c/en/padauk","/c/en/tree","/c/en/water","/c/en/dyke"],"weight":0.2051199999999994},"num_concepts_raised":210380},{"base_id":333,"kind":"bot_words","i1":3,"i2":5,"sol":{"path":["/c/en/padauk","/c/en/tree","/c/en/water","/c/en/flush","/c/en/suffuse"],"weight":0.20430999999999983},"num_concepts_raised":18585},{"base_id":333,"kind":"bot_words","i1":3,"i2":6,"sol":{"path":["/c/en/padauk","/c/en/tree","/c/en/like","/c/en/cool"],"weight":0.2302699999999996},"num_concepts_raised":101638},{"base_id":333,"kind":"bot_words","i1":3,"i2":7,"sol":{"path":["/c/en/padauk","/c/en/genus","/c/en/genuine","/c/en/fake"],"weight":0.2102699999999989},"num_concepts_raised":51477},{"base_id":333,"kind":"bot_words","i1":3,"i2":8,"sol":{"path":["/c/en/padauk","/c/en/tree","/c/en/family","/c/en/baby","/c/en/crybaby"],"weight":0.21291999999999983},"num_concepts_raised":10623},{"base_id":333,"kind":"bot_words","i1":3,"i2":9,"sol":{"path":["/c/en/padauk","/c/en/tree","/c/en/dendrochronology","/c/en/archaeology","/c/en/archaic"],"weight":0.2070999999999997},"num_concepts_raised":23449},{"base_id":333,"kind":"bot_words","i1":4,"i2":5,"sol":{"path":["/c/en/dyke","/c/en/water","/c/en/flush","/c/en/suffuse"],"weight":0.20676999999999934},"num_concepts_raised":216386},{"base_id":333,"kind":"bot_words","i1":4,"i2":6,"sol":{"path":["/c/en/dyke","/c/en/low","/c/en/cool"],"weight":0.20900000000000002},"num_concepts_raised":1152},{"base_id":333,"kind":"bot_words","i1":4,"i2":7,"sol":{"path":["/c/en/dyke","/c/en/river","/c/en/counterfeit","/c/en/fake"],"weight":0.21522999999999842},"num_concepts_raised":245415},{"base_id":333,"kind":"bot_words","i1":4,"i2":8,"sol":{"path":["/c/en/dyke","/c/en/small","/c/en/baby","/c/en/crybaby"],"weight":0.21496999999999936},"num_concepts_raised":209380},{"base_id":333,"kind":"bot_words","i1":4,"i2":9,"sol":{"path":["/c/en/dyke","/c/en/dike","/c/en/us","/c/en/archaic"],"weight":0.20956999999999923},"num_concepts_raised":218963},{"base_id":333,"kind":"bot_words","i1":5,"i2":6,"sol":{"path":["/c/en/suffuse","/c/en/change","/c/en/cool"],"weight":0.20800000000000002},"num_concepts_raised":1024},{"base_id":333,"kind":"bot_words","i1":5,"i2":7,"sol":{"path":["/c/en/suffuse","/c/en/change","/c/en/affect","/c/en/fake"],"weight":0.21077999999999886},"num_concepts_raised":57672},{"base_id":333,"kind":"bot_words","i1":5,"i2":8,"sol":{"path":["/c/en/suffuse","/c/en/liquid","/c/en/cry","/c/en/crybaby"],"weight":0.2114699999999998},"num_concepts_raised":17604},{"base_id":333,"kind":"bot_words","i1":5,"i2":9,"sol":{"path":["/c/en/suffuse","/c/en/light","/c/en/twilight","/c/en/archaic"],"weight":0.20563999999999966},"num_concepts_raised":30291},{"base_id":333,"kind":"bot_words","i1":6,"i2":7,"sol":{"path":["/c/en/cool","/c/en/trick","/c/en/fake"],"weight":0.20800000000000002},"num_concepts_raised":1429},{"base_id":333,"kind":"bot_words","i1":6,"i2":8,"sol":{"path":["/c/en/cool","/c/en/blue","/c/en/baby","/c/en/crybaby"],"weight":0.24015999999999954},"num_concepts_raised":100425},{"base_id":333,"kind":"bot_words","i1":6,"i2":9,"sol":{"path":["/c/en/cool","/c/en/fashionable","/c/en/dated","/c/en/archaic"],"weight":0.2364999999999994},"num_concepts_raised":111488},{"base_id":333,"kind":"bot_words","i1":7,"i2":8,"sol":{"path":["/c/en/fake","/c/en/doll","/c/en/baby","/c/en/crybaby"],"weight":0.21937999999999885},"num_concepts_raised":50485},{"base_id":333,"kind":"bot_words","i1":7,"i2":9,"sol":{"path":["/c/en/fake","/c/en/flake","/c/en/archaeology","/c/en/archaic"],"weight":0.21340999999999874},"num_concepts_raised":62522},{"base_id":333,"kind":"bot_words","i1":8,"i2":9,"sol":{"path":["/c/en/crybaby","/c/en/sook","/c/en/us","/c/en/archaic"],"weight":0.21111999999999967},"num_concepts_raised":22485}],[{"base_id":333,"kind":"top_words","i1":0,"i2":1,"sol":{"path":["/c/en/junkers","/c/en/company","/c/en/messerschmitt"],"weight":0.20600000000000002},"num_concepts_raised":71},{"base_id":333,"kind":"top_words","i1":0,"i2":2,"sol":{"path":["/c/en/junkers","/c/en/company","/c/en/military","/c/en/adjoint"],"weight":0.20823999999999981},"num_concepts_raised":20722},{"base_id":333,"kind":"top_words","i1":0,"i2":3,"sol":{"path":["/c/en/junkers","/c/en/company","/c/en/person","/c/en/virus","/c/en/picornavirus","/c/en/rhinovirus"],"weight":0.20997139999999948},"num_concepts_raised":303196},{"base_id":333,"kind":"top_words","i1":0,"i2":4,"sol":{"path":["/c/en/junkers","/c/en/company","/c/en/person","/c/en/scorpio"],"weight":0.2081699999999998},"num_concepts_raised":16864},{"base_id":333,"kind":"top_words","i1":0,"i2":5,"sol":{"path":["/c/en/junkers","/c/en/company","/c/en/unit","/c/en/litre","/c/en/millilitre"],"weight":0.20868000000000003},"num_concepts_raised":4398},{"base_id":333,"kind":"top_words","i1":0,"i2":6,"sol":{"path":["/c/en/junkers","/c/en/company","/c/en/head","/c/ja/家持ち","/c/en/homeowner"],"weight":0.21048999999999968},"num_concepts_raised":7944},{"base_id":333,"kind":"top_words","i1":0,"i2":7,"sol":{"path":["/c/en/junkers","/c/en/company","/c/en/sfr"],"weight":0.20600000000000002},"num_concepts_raised":57},{"base_id":333,"kind":"top_words","i1":0,"i2":8,"sol":{"path":["/c/en/junkers","/c/en/company","/c/en/sell","/c/en/hawker"],"weight":0.20851999999999965},"num_concepts_raised":8982},{"base_id":333,"kind":"top_words","i1":0,"i2":9,"sol":{"path":["/c/en/junkers","/c/en/company","/c/en/military","/c/en/mb","/c/en/megabit"],"weight":0.20908999999999983},"num_concepts_raised":12910},{"base_id":333,"kind":"top_words","i1":1,"i2":2,"sol":{"path":["/c/en/messerschmitt","/c/en/air_force","/c/en/military","/c/en/adjoint"],"weight":0.20836999999999978},"num_concepts_raised":28665},{"base_id":333,"kind":"top_words","i1":1,"i2":3,"sol":{"path":["/c/en/messerschmitt","/c/en/historical","/c/zh/感冒","/c/en/common_cold","/c/en/rhinovirus"],"weight":0.20779999999999976},"num_concepts_raised":11590},{"base_id":333,"kind":"top_words","i1":1,"i2":4,"sol":{"path":["/c/en/messerschmitt","/c/en/company","/c/en/person","/c/en/scorpio"],"weight":0.20823999999999976},"num_concepts_raised":25017},{"base_id":333,"kind":"top_words","i1":1,"i2":5,"sol":{"path":["/c/en/messerschmitt","/c/en/company","/c/en/unit","/c/en/litre","/c/en/millilitre"],"weight":0.20878000000000002},"num_concepts_raised":12704},{"base_id":333,"kind":"top_words","i1":1,"i2":6,"sol":{"path":["/c/en/messerschmitt","/c/en/company","/c/en/head","/c/ja/家持ち","/c/en/homeowner"],"weight":0.21056999999999965},"num_concepts_raised":16200},{"base_id":333,"kind":"top_words","i1":1,"i2":7,"sol":{"path":["/c/en/messerschmitt","/c/en/company","/c/en/sfr"],"weight":0.20600000000000002},"num_concepts_raised":65},{"base_id":333,"kind":"top_words","i1":1,"i2":8,"sol":{"path":["/c/en/messerschmitt","/c/en/company","/c/en/sell","/c/en/hawker"],"weight":0.20859999999999962},"num_concepts_raised":17227},{"base_id":333,"kind":"top_words","i1":1,"i2":9,"sol":{"path":["/c/en/messerschmitt","/c/en/historical","/c/en/bit","/c/en/megabit"],"weight":0.20802999999999977},"num_concepts_raised":21148},{"base_id":333,"kind":"top_words","i1":2,"i2":3,"sol":{"path":["/c/en/adjoint","/c/en/geometry","/c/en/acute","/c/en/common_cold","/c/en/rhinovirus"],"weight":0.20424999999999988},"num_concepts_raised":18527},{"base_id":333,"kind":"top_words","i1":2,"i2":4,"sol":{"path":["/c/en/adjoint","/c/en/military","/c/en/scorpion","/c/en/scorpio"],"weight":0.20596999999999988},"num_concepts_raised":31995},{"base_id":333,"kind":"top_words","i1":2,"i2":5,"sol":{"path":["/c/en/adjoint","/c/en/military","/c/en/mil","/c/en/milliliter","/c/en/millilitre"],"weight":0.2062600000000001},"num_concepts_raised":19645},{"base_id":333,"kind":"top_words","i1":2,"i2":6,"sol":{"path":["/c/en/adjoint","/c/en/military","/c/en/weekend_warrior","/c/en/homeowner"],"weight":0.20373999999999975},"num_concepts_raised":23165},{"base_id":333,"kind":"top_words","i1":2,"i2":7,"sol":{"path":["/c/en/adjoint","/c/en/military","/c/en/company","/c/en/sfr"],"weight":0.20817999999999984},"num_concepts_raised":22704},{"base_id":333,"kind":"top_words","i1":2,"i2":8,"sol":{"path":["/c/en/adjoint","/c/en/military","/c/en/train","/c/en/hawker"],"weight":0.2038799999999997},"num_concepts_raised":24144},{"base_id":333,"kind":"top_words","i1":2,"i2":9,"sol":{"path":["/c/en/adjoint","/c/en/mathematics","/c/en/bit","/c/en/megabit"],"weight":0.20463999999999988},"num_concepts_raised":27735},{"base_id":333,"kind":"top_words","i1":3,"i2":4,"sol":{"path":["/c/en/rhinovirus","/c/en/picornavirus","/c/en/virus","/c/en/person","/c/en/scorpio"],"weight":0.20311999999999986},"num_concepts_raised":14630},{"base_id":333,"kind":"top_words","i1":3,"i2":5,"sol":{"path":["/c/en/rhinovirus","/c/en/enviroxime","/c/en/medicine","/c/en/cup","/c/en/ml","/c/en/millilitre"],"weight":0.2064505000000001},"num_concepts_raised":182859},{"base_id":333,"kind":"top_words","i1":3,"i2":6,"sol":{"path":["/c/en/rhinovirus","/c/en/infectious","/c/en/leprosy","/c/en/house","/c/en/homeowner"],"weight":0.20342999999999975},"num_concepts_raised":5704},{"base_id":333,"kind":"top_words","i1":3,"i2":7,"sol":{"path":["/c/en/rhinovirus","/c/en/common_cold","/c/en/cold","/c/en/wind","/c/en/company","/c/en/sfr"],"weight":0.20980279999999957},"num_concepts_raised":290652},{"base_id":333,"kind":"top_words","i1":3,"i2":8,"sol":{"path":["/c/en/rhinovirus","/c/en/common_cold","/c/en/throat","/c/en/hawk","/c/en/hawker"],"weight":0.2055099999999997},"num_concepts_raised":6707},{"base_id":333,"kind":"top_words","i1":3,"i2":9,"sol":{"path":["/c/en/rhinovirus","/c/en/picornavirus","/c/en/virus","/c/en/computing","/c/en/megabit"],"weight":0.20302999999999988},"num_concepts_raised":10630},{"base_id":333,"kind":"top_words","i1":4,"i2":5,"sol":{"path":["/c/en/scorpio","/c/en/scorpion","/c/en/engine","/c/en/cubic_centimetre","/c/en/millilitre"],"weight":0.2063600000000001},"num_concepts_raised":15764},{"base_id":333,"kind":"top_words","i1":4,"i2":6,"sol":{"path":["/c/en/scorpio","/c/en/person","/c/en/home","/c/en/homeowner"],"weight":0.20493999999999973},"num_concepts_raised":19181},{"base_id":333,"kind":"top_words","i1":4,"i2":7,"sol":{"path":["/c/en/scorpio","/c/en/person","/c/en/company","/c/en/sfr"],"weight":0.2080999999999998},"num_concepts_raised":18843},{"base_id":333,"kind":"top_words","i1":4,"i2":8,"sol":{"path":["/c/en/scorpio","/c/en/person","/c/la/ambulator","/c/en/hawker"],"weight":0.20381999999999967},"num_concepts_raised":20265},{"base_id":333,"kind":"top_words","i1":4,"i2":9,"sol":{"path":["/c/en/scorpio","/c/en/scorpion","/c/en/military","/c/en/mb","/c/en/megabit"],"weight":0.20682999999999985},"num_concepts_raised":24201},{"base_id":333,"kind":"top_words","i1":5,"i2":6,"sol":{"path":["/c/en/millilitre","/c/en/litre","/c/en/unit","/c/en/home","/c/en/homeowner"],"weight":0.20536},"num_concepts_raised":6833},{"base_id":333,"kind":"top_words","i1":5,"i2":7,"sol":{"path":["/c/en/millilitre","/c/en/litre","/c/en/unit","/c/en/company","/c/en/sfr"],"weight":0.20862000000000008},"num_concepts_raised":6381},{"base_id":333,"kind":"top_words","i1":5,"i2":8,"sol":{"path":["/c/en/millilitre","/c/en/pony","/c/en/animal","/c/en/hawk","/c/en/hawker"],"weight":0.20635999999999993},"num_concepts_raised":7833},{"base_id":333,"kind":"top_words","i1":5,"i2":9,"sol":{"path":["/c/en/millilitre","/c/fr/millilitre","/c/fr/unité_de_mesure","/c/en/mb","/c/en/megabit"],"weight":0.20605000000000012},"num_concepts_raised":11743},{"base_id":333,"kind":"top_words","i1":6,"i2":7,"sol":{"path":["/c/en/homeowner","/c/ja/家持ち","/c/en/head","/c/en/company","/c/en/sfr"],"weight":0.21042999999999973},"num_concepts_raised":9929},{"base_id":333,"kind":"top_words","i1":6,"i2":8,"sol":{"path":["/c/en/homeowner","/c/en/home","/c/en/travel","/c/en/hawker"],"weight":0.20519999999999958},"num_concepts_raised":11370},{"base_id":333,"kind":"top_words","i1":6,"i2":9,"sol":{"path":["/c/en/homeowner","/c/en/home","/c/en/computing","/c/en/megabit"],"weight":0.20476999999999976},"num_concepts_raised":15294},{"base_id":333,"kind":"top_words","i1":7,"i2":8,"sol":{"path":["/c/en/sfr","/c/en/company","/c/en/sell","/c/en/hawker"],"weight":0.20845999999999965},"num_concepts_raised":10961},{"base_id":333,"kind":"top_words","i1":7,"i2":9,"sol":{"path":["/c/en/sfr","/c/en/company","/c/en/military","/c/en/mb","/c/en/megabit"],"weight":0.20902999999999983},"num_concepts_raised":14870},{"base_id":333,"kind":"top_words","i1":8,"i2":9,"sol":{"path":["/c/en/hawker","/c/en/train","/c/en/computing","/c/en/megabit"],"weight":0.20371999999999968},"num_concepts_raised":16320}]]