[[{"base_id":219,"kind":"bot_words","i1":0,"i2":1,"sol":{"path":["/c/en/phenylalanine","/c/en/animal","/c/en/person","/c/en/helen"],"weight":0.21493999999999985},"num_concepts_raised":24802},{"base_id":219,"kind":"bot_words","i1":0,"i2":2,"sol":{"path":["/c/en/phenylalanine","/c/en/animal","/c/en/nose","/c/en/sensory"],"weight":0.2115199999999997},"num_concepts_raised":31539},{"base_id":219,"kind":"bot_words","i1":0,"i2":3,"sol":{"path":["/c/en/phenylalanine","/c/en/essential_amino_acid","/c/en/body","/c/en/casket"],"weight":0.21360999999999963},"num_concepts_raised":31598},{"base_id":219,"kind":"bot_words","i1":0,"i2":4,"sol":{"path":["/c/en/phenylalanine","/c/en/essential_amino_acid","/c/en/body","/c/en/heavenly","/c/en/providential"],"weight":0.21284},"num_concepts_raised":12199},{"base_id":219,"kind":"bot_words","i1":0,"i2":5,"sol":{"path":["/c/en/phenylalanine","/c/en/constituent","/c/en/grammar","/c/en/perfect"],"weight":0.2260899999999988},"num_concepts_raised":106499},{"base_id":219,"kind":"bot_words","i1":0,"i2":6,"sol":{"path":["/c/en/phenylalanine","/c/en/animal","/c/en/person","/c/en/salome"],"weight":0.2194399999999999},"num_concepts_raised":25049},{"base_id":219,"kind":"bot_words","i1":0,"i2":7,"sol":{"path":["/c/en/phenylalanine","/c/en/animal","/c/en/saddle","/c/en/seat"],"weight":0.23515999999999704},"num_concepts_raised":111657},{"base_id":219,"kind":"bot_words","i1":0,"i2":8,"sol":{"path":["/c/en/phenylalanine","/c/en/animal","/c/en/creature","/c/en/darkling"],"weight":0.20946999999999993},"num_concepts_raised":15039},{"base_id":219,"kind":"bot_words","i1":0,"i2":9,"sol":{"path":["/c/en/phenylalanine","/c/fi/fenyylialaniini","/c/en/chemistry","/c/en/abundance","/c/en/luxuriance"],"weight":0.21351999999999993},"num_concepts_raised":11233},{"base_id":219,"kind":"bot_words","i1":1,"i2":2,"sol":{"path":["/c/en/helen","/c/en/person","/c/en/smell","/c/en/sensory"],"weight":0.21027999999999955},"num_concepts_raised":35550},{"base_id":219,"kind":"bot_words","i1":1,"i2":3,"sol":{"path":["/c/en/helen","/c/en/person","/c/en/coffin","/c/en/casket"],"weight":0.21317999999999945},"num_concepts_raised":34995},{"base_id":219,"kind":"bot_words","i1":1,"i2":4,"sol":{"path":["/c/en/helen","/c/en/person","/c/en/divine","/c/en/providential"],"weight":0.20852999999999985},"num_concepts_raised":16041},{"base_id":219,"kind":"bot_words","i1":1,"i2":5,"sol":{"path":["/c/en/helen","/c/en/person","/c/en/perfect"],"weight":0.20600000000000002},"num_concepts_raised":644},{"base_id":219,"kind":"bot_words","i1":1,"i2":6,"sol":{"path":["/c/en/helen","/c/en/person","/c/en/salome"],"weight":0.20800000000000002},"num_concepts_raised":131},{"base_id":219,"kind":"bot_words","i1":1,"i2":7,"sol":{"path":["/c/en/helen","/c/en/person","/c/en/place","/c/en/seat"],"weight":0.2399799999999968},"num_concepts_raised":114908},{"base_id":219,"kind":"bot_words","i1":1,"i2":8,"sol":{"path":["/c/en/helen","/c/en/person","/c/en/creature","/c/en/darkling"],"weight":0.2080999999999998},"num_concepts_raised":18906},{"base_id":219,"kind":"bot_words","i1":1,"i2":9,"sol":{"path":["/c/en/helen","/c/en/greek_mythology","/c/en/cornucopia","/c/en/abundance","/c/en/luxuriance"],"weight":0.20823999999999976},"num_concepts_raised":15126},{"base_id":219,"kind":"bot_words","i1":2,"i2":3,"sol":{"path":["/c/en/sensory","/c/en/eye","/c/en/box","/c/en/casket"],"weight":0.2082799999999993},"num_concepts_raised":42023},{"base_id":219,"kind":"bot_words","i1":2,"i2":4,"sol":{"path":["/c/en/sensory","/c/en/sensual","/c/en/pleasurable","/c/en/heavenly","/c/en/providential"],"weight":0.2070599999999997},"num_concepts_raised":23037},{"base_id":219,"kind":"bot_words","i1":2,"i2":5,"sol":{"path":["/c/en/sensory","/c/en/biology","/c/en/perfect"],"weight":0.20400000000000001},"num_concepts_raised":743},{"base_id":219,"kind":"bot_words","i1":2,"i2":6,"sol":{"path":["/c/en/sensory","/c/en/smell","/c/en/person","/c/en/salome"],"weight":0.21477999999999964},"num_concepts_raised":35800},{"base_id":219,"kind":"bot_words","i1":2,"i2":7,"sol":{"path":["/c/en/sensory","/c/la/sensorium","/c/fr/siège","/c/en/seat"],"weight":0.2335599999999967},"num_concepts_raised":121408},{"base_id":219,"kind":"bot_words","i1":2,"i2":8,"sol":{"path":["/c/en/sensory","/c/en/sensation","/c/en/color","/c/en/dark","/c/en/darkling"],"weight":0.20812999999999965},"num_concepts_raised":25881},{"base_id":219,"kind":"bot_words","i1":2,"i2":9,"sol":{"path":["/c/en/sensory","/c/en/sensual","/c/en/voluptuousness","/c/en/luxuriance"],"weight":0.2057799999999996},"num_concepts_raised":22098},{"base_id":219,"kind":"bot_words","i1":3,"i2":4,"sol":{"path":["/c/en/casket","/c/en/body","/c/en/heavenly","/c/en/providential"],"weight":0.20600999999999964},"num_concepts_raised":22970},{"base_id":219,"kind":"bot_words","i1":3,"i2":5,"sol":{"path":["/c/en/casket","/c/en/people","/c/en/flawed","/c/en/perfect"],"weight":0.22304999999999844},"num_concepts_raised":115623},{"base_id":219,"kind":"bot_words","i1":3,"i2":6,"sol":{"path":["/c/en/casket","/c/en/coffin","/c/en/person","/c/en/salome"],"weight":0.21767999999999954},"num_concepts_raised":35240},{"base_id":219,"kind":"bot_words","i1":3,"i2":7,"sol":{"path":["/c/en/casket","/c/en/box","/c/en/seat"],"weight":0.20800000000000002},"num_concepts_raised":1227},{"base_id":219,"kind":"bot_words","i1":3,"i2":8,"sol":{"path":["/c/en/casket","/c/en/grave","/c/en/dark","/c/en/darkling"],"weight":0.20692999999999956},"num_concepts_raised":25762},{"base_id":219,"kind":"bot_words","i1":3,"i2":9,"sol":{"path":["/c/en/casket","/c/en/grave","/c/en/situation","/c/en/abundance","/c/en/luxuriance"],"weight":0.2048299999999995},"num_concepts_raised":22038},{"base_id":219,"kind":"bot_words","i1":4,"i2":5,"sol":{"path":["/c/en/providential","/c/fr/divin","/c/fr/parfait","/c/en/perfect"],"weight":0.2240699999999988},"num_concepts_raised":98279},{"base_id":219,"kind":"bot_words","i1":4,"i2":6,"sol":{"path":["/c/en/providential","/c/en/divine","/c/en/person","/c/en/salome"],"weight":0.21302999999999994},"num_concepts_raised":16292},{"base_id":219,"kind":"bot_words","i1":4,"i2":7,"sol":{"path":["/c/en/providential","/c/en/providence","/c/en/capital","/c/en/seat"],"weight":0.22853999999999702},"num_concepts_raised":103364},{"base_id":219,"kind":"bot_words","i1":4,"i2":8,"sol":{"path":["/c/en/providential","/c/en/heavenly","/c/en/sky","/c/en/dark","/c/en/darkling"],"weight":0.20611999999999997},"num_concepts_raised":6225},{"base_id":219,"kind":"bot_words","i1":4,"i2":9,"sol":{"path":["/c/en/providential","/c/fr/providentiel","/c/fr/rapport","/c/fr/richesse","/c/fr/luxuriance","/c/en/luxuriance"],"weight":0.2115582999999999},"num_concepts_raised":226092},{"base_id":219,"kind":"bot_words","i1":5,"i2":6,"sol":{"path":["/c/en/perfect","/c/en/person","/c/en/salome"],"weight":0.20800000000000002},"num_concepts_raised":660},{"base_id":219,"kind":"bot_words","i1":5,"i2":7,"sol":{"path":["/c/en/perfect","/c/en/top","/c/en/seat"],"weight":0.20800000000000002},"num_concepts_raised":1656},{"base_id":219,"kind":"bot_words","i1":5,"i2":8,"sol":{"path":["/c/en/perfect","/c/en/clear","/c/en/dark","/c/en/darkling"],"weight":0.22103999999999877},"num_concepts_raised":100878},{"base_id":219,"kind":"bot_words","i1":5,"i2":9,"sol":{"path":["/c/en/perfect","/c/en/flower","/c/it/rigoglio","/c/en/luxuriance"],"weight":0.21781999999999874},"num_concepts_raised":97448},{"base_id":219,"kind":"bot_words","i1":6,"i2":7,"sol":{"path":["/c/en/salome","/c/en/person","/c/en/place","/c/en/seat"],"weight":0.2444799999999969},"num_concepts_raised":115127},{"base_id":219,"kind":"bot_words","i1":6,"i2":8,"sol":{"path":["/c/en/salome","/c/en/person","/c/en/creature","/c/en/darkling"],"weight":0.21259999999999987},"num_concepts_raised":19166},{"base_id":219,"kind":"bot_words","i1":6,"i2":9,"sol":{"path":["/c/en/salome","/c/en/person","/c/en/affluence","/c/en/abundance","/c/en/luxuriance"],"weight":0.21268999999999982},"num_concepts_raised":15369},{"base_id":219,"kind":"bot_words","i1":7,"i2":8,"sol":{"path":["/c/en/seat","/c/en/place","/c/en/dark","/c/en/darkling"],"weight":0.2362599999999969},"num_concepts_raised":105965},{"base_id":219,"kind":"bot_words","i1":7,"i2":9,"sol":{"path":["/c/en/seat","/c/en/chair","/c/en/chemistry","/c/en/abundance","/c/en/luxuriance"],"weight":0.23729999999999685},"num_concepts_raised":102474},{"base_id":219,"kind":"bot_words","i1":8,"i2":9,"sol":{"path":["/c/en/darkling","/c/en/dark","/c/ru/густой","/c/en/luxuriant","/c/en/luxuriance"],"weight":0.20477999999999985},"num_concepts_raised":5276}],[{"base_id":219,"kind":"top_words","i1":0,"i2":1,"sol":{"path":["/c/en/guitar","/c/en/lute","/c/en/mandolin"],"weight":0.20900000000000002},"num_concepts_raised":503},{"base_id":219,"kind":"top_words","i1":0,"i2":2,"sol":{"path":["/c/en/guitar","/c/en/sound","/c/en/clank"],"weight":0.20500000000000002},"num_concepts_raised":431},{"base_id":219,"kind":"top_words","i1":0,"i2":3,"sol":{"path":["/c/en/guitar","/c/en/violin","/c/en/stradivarius"],"weight":0.20400000000000001},"num_concepts_raised":404},{"base_id":219,"kind":"top_words","i1":0,"i2":4,"sol":{"path":["/c/en/guitar","/c/en/plectrum","/c/en/zoology","/c/en/embryology"],"weight":0.22564999999999957},"num_concepts_raised":59380},{"base_id":219,"kind":"top_words","i1":0,"i2":5,"sol":{"path":["/c/en/guitar","/c/en/music","/c/fi/räikkä","/c/en/ratchet"],"weight":0.2239},"num_concepts_raised":68148},{"base_id":219,"kind":"top_words","i1":0,"i2":6,"sol":{"path":["/c/en/guitar","/c/en/sitar"],"weight":0.20600000000000002},"num_concepts_raised":438},{"base_id":219,"kind":"top_words","i1":0,"i2":7,"sol":{"path":["/c/en/guitar","/c/en/rickenbacker"],"weight":0.20600000000000002},"num_concepts_raised":395},{"base_id":219,"kind":"top_words","i1":0,"i2":8,"sol":{"path":["/c/en/guitar","/c/en/musical_instrument","/c/en/contrabass"],"weight":0.20400000000000001},"num_concepts_raised":395},{"base_id":219,"kind":"top_words","i1":0,"i2":9,"sol":{"path":["/c/en/guitar","/c/en/metal","/c/en/smelting"],"weight":0.20500000000000002},"num_concepts_raised":433},{"base_id":219,"kind":"top_words","i1":1,"i2":2,"sol":{"path":["/c/en/mandolin","/c/en/music","/c/en/sound","/c/en/clank"],"weight":0.21516999999999992},"num_concepts_raised":28143},{"base_id":219,"kind":"top_words","i1":1,"i2":3,"sol":{"path":["/c/en/mandolin","/c/en/violin","/c/en/stradivarius"],"weight":0.20400000000000001},"num_concepts_raised":187},{"base_id":219,"kind":"top_words","i1":1,"i2":4,"sol":{"path":["/c/en/mandolin","/c/en/plectrum","/c/en/zoology","/c/en/embryology"],"weight":0.21866999999999953},"num_concepts_raised":41137},{"base_id":219,"kind":"top_words","i1":1,"i2":5,"sol":{"path":["/c/en/mandolin","/c/en/music","/c/fi/räikkä","/c/en/ratchet"],"weight":0.21626999999999993},"num_concepts_raised":50089},{"base_id":219,"kind":"top_words","i1":1,"i2":6,"sol":{"path":["/c/en/mandolin","/c/en/stringed_instrument","/c/en/sitar"],"weight":0.20600000000000002},"num_concepts_raised":224},{"base_id":219,"kind":"top_words","i1":1,"i2":7,"sol":{"path":["/c/en/mandolin","/c/en/music","/c/en/guitar","/c/en/rickenbacker"],"weight":0.21868999999999988},"num_concepts_raised":25626},{"base_id":219,"kind":"top_words","i1":1,"i2":8,"sol":{"path":["/c/en/mandolin","/c/en/musical_instrument","/c/en/contrabass"],"weight":0.20400000000000001},"num_concepts_raised":179},{"base_id":219,"kind":"top_words","i1":1,"i2":9,"sol":{"path":["/c/en/mandolin","/c/en/music","/c/en/metal","/c/en/smelting"],"weight":0.21505999999999986},"num_concepts_raised":29710},{"base_id":219,"kind":"top_words","i1":2,"i2":3,"sol":{"path":["/c/en/clank","/c/en/sound","/c/en/music","/c/en/violin","/c/en/stradivarius"],"weight":0.20464999999999978},"num_concepts_raised":6767},{"base_id":219,"kind":"top_words","i1":2,"i2":4,"sol":{"path":["/c/en/clank","/c/en/sound","/c/sa/पिण्ड","/c/en/embryo","/c/en/embryology"],"weight":0.21654999999999935},"num_concepts_raised":23319},{"base_id":219,"kind":"top_words","i1":2,"i2":5,"sol":{"path":["/c/en/clank","/c/en/sound","/c/en/click","/c/en/ratchet"],"weight":0.20648999999999978},"num_concepts_raised":33307},{"base_id":219,"kind":"top_words","i1":2,"i2":6,"sol":{"path":["/c/en/clank","/c/en/sound","/c/en/guitar","/c/en/sitar"],"weight":0.2108199999999999},"num_concepts_raised":7743},{"base_id":219,"kind":"top_words","i1":2,"i2":7,"sol":{"path":["/c/en/clank","/c/en/sound","/c/en/guitar","/c/en/rickenbacker"],"weight":0.20951999999999976},"num_concepts_raised":7970},{"base_id":219,"kind":"top_words","i1":2,"i2":8,"sol":{"path":["/c/en/clank","/c/en/sound","/c/en/bass","/c/en/contrabass"],"weight":0.20477999999999985},"num_concepts_raised":7224},{"base_id":219,"kind":"top_words","i1":2,"i2":9,"sol":{"path":["/c/en/clank","/c/en/metal","/c/en/smelting"],"weight":0.203},"num_concepts_raised":130},{"base_id":219,"kind":"top_words","i1":3,"i2":4,"sol":{"path":["/c/en/stradivarius","/c/en/musical_instruments","/c/en/organ","/c/en/mesoderm","/c/en/embryology"],"weight":0.21274999999999936},"num_concepts_raised":19526},{"base_id":219,"kind":"top_words","i1":3,"i2":5,"sol":{"path":["/c/en/stradivarius","/c/en/musical_instruments","/c/es/matraca","/c/en/ratchet"],"weight":0.2047799999999998},"num_concepts_raised":29785},{"base_id":219,"kind":"top_words","i1":3,"i2":6,"sol":{"path":["/c/en/stradivarius","/c/en/musical_instruments","/c/en/sitar"],"weight":0.20400000000000001},"num_concepts_raised":110},{"base_id":219,"kind":"top_words","i1":3,"i2":7,"sol":{"path":["/c/en/stradivarius","/c/en/violin","/c/en/guitar","/c/en/rickenbacker"],"weight":0.20785999999999977},"num_concepts_raised":4122},{"base_id":219,"kind":"top_words","i1":3,"i2":8,"sol":{"path":["/c/en/stradivarius","/c/en/violin","/c/en/double_bass","/c/en/contrabass"],"weight":0.20545999999999986},"num_concepts_raised":3338},{"base_id":219,"kind":"top_words","i1":3,"i2":9,"sol":{"path":["/c/en/stradivarius","/c/en/violin","/c/en/music","/c/en/metal","/c/en/smelting"],"weight":0.20456999999999972},"num_concepts_raised":8208},{"base_id":219,"kind":"top_words","i1":4,"i2":5,"sol":{"path":["/c/en/embryology","/c/en/regulation","/c/en/ratchet"],"weight":0.20400000000000001},"num_concepts_raised":293},{"base_id":219,"kind":"top_words","i1":4,"i2":6,"sol":{"path":["/c/en/embryology","/c/en/mesoderm","/c/en/organ","/c/en/musical_instruments","/c/en/sitar"],"weight":0.21904999999999947},"num_concepts_raised":20524},{"base_id":219,"kind":"top_words","i1":4,"i2":7,"sol":{"path":["/c/en/embryology","/c/en/implantation","/c/en/ion","/c/en/company","/c/en/rickenbacker"],"weight":0.21753999999999937},"num_concepts_raised":20764},{"base_id":219,"kind":"top_words","i1":4,"i2":8,"sol":{"path":["/c/en/embryology","/c/en/embryo","/c/en/plant","/c/en/bass","/c/en/contrabass"],"weight":0.21513999999999944},"num_concepts_raised":20029},{"base_id":219,"kind":"top_words","i1":4,"i2":9,"sol":{"path":["/c/en/embryology","/c/en/biology","/c/en/process","/c/en/smelting"],"weight":0.21107999999999932},"num_concepts_raised":24638},{"base_id":219,"kind":"top_words","i1":5,"i2":6,"sol":{"path":["/c/en/ratchet","/c/es/matraca","/c/en/musical_instruments","/c/en/sitar"],"weight":0.2110799999999999},"num_concepts_raised":30723},{"base_id":219,"kind":"top_words","i1":5,"i2":7,"sol":{"path":["/c/en/ratchet","/c/en/dog","/c/en/company","/c/en/rickenbacker"],"weight":0.2087899999999998},"num_concepts_raised":30867},{"base_id":219,"kind":"top_words","i1":5,"i2":8,"sol":{"path":["/c/en/ratchet","/c/en/us","/c/en/contra","/c/en/contrabass"],"weight":0.2049299999999999},"num_concepts_raised":30228},{"base_id":219,"kind":"top_words","i1":5,"i2":9,"sol":{"path":["/c/en/ratchet","/c/en/ratcheting","/c/en/metal","/c/en/smelting"],"weight":0.20533999999999977},"num_concepts_raised":34666},{"base_id":219,"kind":"top_words","i1":6,"i2":7,"sol":{"path":["/c/en/sitar","/c/en/guitar","/c/en/rickenbacker"],"weight":0.20600000000000002},"num_concepts_raised":104},{"base_id":219,"kind":"top_words","i1":6,"i2":8,"sol":{"path":["/c/en/sitar","/c/pt/sitar","/c/en/musical_instrument","/c/en/contrabass"],"weight":0.21342999999999995},"num_concepts_raised":4250},{"base_id":219,"kind":"top_words","i1":6,"i2":9,"sol":{"path":["/c/en/sitar","/c/en/guitar","/c/en/metal","/c/en/smelting"],"weight":0.21074999999999985},"num_concepts_raised":9198},{"base_id":219,"kind":"top_words","i1":7,"i2":8,"sol":{"path":["/c/en/rickenbacker","/c/en/bass_guitar","/c/en/bass","/c/en/contrabass"],"weight":0.20814999999999984},"num_concepts_raised":4585},{"base_id":219,"kind":"top_words","i1":7,"i2":9,"sol":{"path":["/c/en/rickenbacker","/c/en/guitar","/c/en/metal","/c/en/smelting"],"weight":0.2094699999999997},"num_concepts_raised":9415},{"base_id":219,"kind":"top_words","i1":8,"i2":9,"sol":{"path":["/c/en/contrabass","/c/en/double_bass","/c/en/music","/c/en/metal","/c/en/smelting"],"weight":0.2071799999999998},"num_concepts_raised":8703}]]