[[{"base_id":608,"kind":"bot_words","i1":0,"i2":1,"sol":{"path":["/c/en/snugly","/c/en/snug","/c/en/nest","/c/en/primate","/c/en/hominoid"],"weight":0.20397999999999983},"num_concepts_raised":3712},{"base_id":608,"kind":"bot_words","i1":0,"i2":2,"sol":{"path":["/c/en/snugly","/c/en/snug","/c/en/nest","/c/en/hand","/c/en/applaud"],"weight":0.20721999999999957},"num_concepts_raised":10954},{"base_id":608,"kind":"bot_words","i1":0,"i2":3,"sol":{"path":["/c/en/snugly","/c/fi/tiukasti","/c/en/fast","/c/it/quaresima","/c/en/lent"],"weight":0.2151099999999997},"num_concepts_raised":7923},{"base_id":608,"kind":"bot_words","i1":0,"i2":4,"sol":{"path":["/c/en/snugly","/c/en/snug","/c/en/lug","/c/en/computing","/c/en/serialize"],"weight":0.2046099999999998},"num_concepts_raised":19404},{"base_id":608,"kind":"bot_words","i1":0,"i2":5,"sol":{"path":["/c/en/snugly","/c/en/flat_cap","/c/fr/casquette","/c/fr/gondole","/c/en/gondola"],"weight":0.20735999999999982},"num_concepts_raised":17210},{"base_id":608,"kind":"bot_words","i1":0,"i2":6,"sol":{"path":["/c/en/snugly","/c/en/snug","/c/en/douth","/c/en/people","/c/en/ethnic_group","/c/en/turkmens"],"weight":0.2127981999999995},"num_concepts_raised":87758},{"base_id":608,"kind":"bot_words","i1":0,"i2":7,"sol":{"path":["/c/en/snugly","/c/en/snug","/c/en/british","/c/en/person","/c/en/remorse"],"weight":0.21143999999999985},"num_concepts_raised":19736},{"base_id":608,"kind":"bot_words","i1":0,"i2":8,"sol":{"path":["/c/en/snugly","/c/en/snug","/c/en/tuck","/c/en/food","/c/en/parmigiana"],"weight":0.20899999999999985},"num_concepts_raised":6240},{"base_id":608,"kind":"bot_words","i1":0,"i2":9,"sol":{"path":["/c/en/snugly","/c/en/tightly","/c/en/squeeze_box","/c/en/transportation","/c/en/deportation"],"weight":0.21191},"num_concepts_raised":7102},{"base_id":608,"kind":"bot_words","i1":1,"i2":2,"sol":{"path":["/c/en/hominoid","/c/en/ape","/c/en/approval","/c/en/applaud"],"weight":0.2059699999999996},"num_concepts_raised":13427},{"base_id":608,"kind":"bot_words","i1":1,"i2":3,"sol":{"path":["/c/en/hominoid","/c/en/human","/c/en/christian","/c/en/christianity","/c/en/lent"],"weight":0.21088999999999974},"num_concepts_raised":10436},{"base_id":608,"kind":"bot_words","i1":1,"i2":4,"sol":{"path":["/c/en/hominoid","/c/en/human","/c/en/write","/c/en/serialize"],"weight":0.20317999999999983},"num_concepts_raised":21856},{"base_id":608,"kind":"bot_words","i1":1,"i2":5,"sol":{"path":["/c/en/hominoid","/c/en/human","/c/en/boat","/c/en/gondola"],"weight":0.20607999999999987},"num_concepts_raised":19657},{"base_id":608,"kind":"bot_words","i1":1,"i2":6,"sol":{"path":["/c/en/hominoid","/c/en/human","/c/en/turkmen","/c/en/turkmens"],"weight":0.20793999999999974},"num_concepts_raised":3841},{"base_id":608,"kind":"bot_words","i1":1,"i2":7,"sol":{"path":["/c/en/hominoid","/c/en/primate","/c/en/person","/c/en/remorse"],"weight":0.2102599999999999},"num_concepts_raised":21876},{"base_id":608,"kind":"bot_words","i1":1,"i2":8,"sol":{"path":["/c/en/hominoid","/c/en/primate","/c/en/animal","/c/en/food","/c/en/parmigiana"],"weight":0.20783999999999986},"num_concepts_raised":8749},{"base_id":608,"kind":"bot_words","i1":1,"i2":9,"sol":{"path":["/c/en/hominoid","/c/en/ape","/c/en/behave","/c/en/deport","/c/en/deportation"],"weight":0.21173000000000003},"num_concepts_raised":9632},{"base_id":608,"kind":"bot_words","i1":2,"i2":3,"sol":{"path":["/c/en/applaud","/c/en/approval","/c/en/collector","/c/en/lent"],"weight":0.21378999999999948},"num_concepts_raised":17648},{"base_id":608,"kind":"bot_words","i1":2,"i2":4,"sol":{"path":["/c/en/applaud","/c/en/hand","/c/en/write","/c/en/serialize"],"weight":0.20646999999999957},"num_concepts_raised":28870},{"base_id":608,"kind":"bot_words","i1":2,"i2":5,"sol":{"path":["/c/en/applaud","/c/en/going_to_performance","/c/en/transportation","/c/en/gondola"],"weight":0.2081899999999996},"num_concepts_raised":26774},{"base_id":608,"kind":"bot_words","i1":2,"i2":6,"sol":{"path":["/c/en/applaud","/c/en/applause","/c/en/person","/c/en/turkmen","/c/en/turkmens"],"weight":0.21364999999999945},"num_concepts_raised":11137},{"base_id":608,"kind":"bot_words","i1":2,"i2":7,"sol":{"path":["/c/en/applaud","/c/en/applause","/c/en/person","/c/en/remorse"],"weight":0.21587999999999963},"num_concepts_raised":29171},{"base_id":608,"kind":"bot_words","i1":2,"i2":8,"sol":{"path":["/c/en/applaud","/c/en/cheer","/c/en/food","/c/en/parmigiana"],"weight":0.21117999999999962},"num_concepts_raised":15970},{"base_id":608,"kind":"bot_words","i1":2,"i2":9,"sol":{"path":["/c/en/applaud","/c/en/going_to_performance","/c/en/transportation","/c/en/deportation"],"weight":0.21473999999999974},"num_concepts_raised":16864},{"base_id":608,"kind":"bot_words","i1":3,"i2":4,"sol":{"path":["/c/en/lent","/c/en/carnival","/c/en/entertainment","/c/en/serialize"],"weight":0.2110999999999997},"num_concepts_raised":26027},{"base_id":608,"kind":"bot_words","i1":3,"i2":5,"sol":{"path":["/c/en/lent","/c/fr/carême","/c/fr/autres","/c/fr/commerce","/c/en/gondola"],"weight":0.21751999999999974},"num_concepts_raised":23868},{"base_id":608,"kind":"bot_words","i1":3,"i2":6,"sol":{"path":["/c/en/lent","/c/en/christianity","/c/en/punjabis","/c/en/ethnic_group","/c/en/turkmens"],"weight":0.21609999999999963},"num_concepts_raised":8093},{"base_id":608,"kind":"bot_words","i1":3,"i2":7,"sol":{"path":["/c/en/lent","/c/en/penitence","/c/en/remorse"],"weight":0.20700000000000002},"num_concepts_raised":327},{"base_id":608,"kind":"bot_words","i1":3,"i2":8,"sol":{"path":["/c/en/lent","/c/en/fasting","/c/en/food","/c/en/parmigiana"],"weight":0.21573999999999977},"num_concepts_raised":12927},{"base_id":608,"kind":"bot_words","i1":3,"i2":9,"sol":{"path":["/c/en/lent","/c/fr/carême","/c/fr/temps","/c/fr/pays","/c/en/deportation"],"weight":0.22209999999999988},"num_concepts_raised":13849},{"base_id":608,"kind":"bot_words","i1":4,"i2":5,"sol":{"path":["/c/en/serialize","/c/en/computing","/c/en/car","/c/en/gondola"],"weight":0.20688999999999985},"num_concepts_raised":34871},{"base_id":608,"kind":"bot_words","i1":4,"i2":6,"sol":{"path":["/c/en/serialize","/c/en/computing","/c/en/apache","/c/en/ethnic_group","/c/en/turkmens"],"weight":0.2086299999999997},"num_concepts_raised":19586},{"base_id":608,"kind":"bot_words","i1":4,"i2":7,"sol":{"path":["/c/en/serialize","/c/en/computing","/c/en/worm","/c/en/remorse"],"weight":0.21082999999999985},"num_concepts_raised":37477},{"base_id":608,"kind":"bot_words","i1":4,"i2":8,"sol":{"path":["/c/en/serialize","/c/en/pickle","/c/en/food","/c/en/parmigiana"],"weight":0.20822999999999983},"num_concepts_raised":24300},{"base_id":608,"kind":"bot_words","i1":4,"i2":9,"sol":{"path":["/c/en/serialize","/c/en/computing","/c/fi/ajaa","/c/en/deport","/c/en/deportation"],"weight":0.21237999999999996},"num_concepts_raised":25283},{"base_id":608,"kind":"bot_words","i1":5,"i2":6,"sol":{"path":["/c/en/gondola","/c/en/car","/c/en/people","/c/en/ethnic_group","/c/en/turkmens"],"weight":0.21149999999999972},"num_concepts_raised":17391},{"base_id":608,"kind":"bot_words","i1":5,"i2":7,"sol":{"path":["/c/en/gondola","/c/en/romance","/c/en/person","/c/en/remorse"],"weight":0.21248999999999985},"num_concepts_raised":35384},{"base_id":608,"kind":"bot_words","i1":5,"i2":8,"sol":{"path":["/c/en/gondola","/c/en/boat","/c/en/food","/c/en/parmigiana"],"weight":0.21112999999999987},"num_concepts_raised":22097},{"base_id":608,"kind":"bot_words","i1":5,"i2":9,"sol":{"path":["/c/en/gondola","/c/en/transportation","/c/en/deportation"],"weight":0.20500000000000002},"num_concepts_raised":245},{"base_id":608,"kind":"bot_words","i1":6,"i2":7,"sol":{"path":["/c/en/turkmens","/c/en/turkmen","/c/en/person","/c/en/remorse"],"weight":0.21544999999999973},"num_concepts_raised":19885},{"base_id":608,"kind":"bot_words","i1":6,"i2":8,"sol":{"path":["/c/en/turkmens","/c/en/ethnic_group","/c/en/kho","/c/en/food","/c/en/parmigiana"],"weight":0.21301999999999974},"num_concepts_raised":6412},{"base_id":608,"kind":"bot_words","i1":6,"i2":9,"sol":{"path":["/c/en/turkmens","/c/en/turkmen","/c/en/person","/c/en/ouster","/c/fi/karkotus","/c/en/deportation"],"weight":0.22458059999999963},"num_concepts_raised":370396},{"base_id":608,"kind":"bot_words","i1":7,"i2":8,"sol":{"path":["/c/en/remorse","/c/en/regret","/c/en/forget","/c/en/food","/c/en/parmigiana"],"weight":0.21791999999999986},"num_concepts_raised":24692},{"base_id":608,"kind":"bot_words","i1":7,"i2":9,"sol":{"path":["/c/en/remorse","/c/en/regret","/c/en/miss","/c/en/transportation","/c/en/deportation"],"weight":0.22175},"num_concepts_raised":25616},{"base_id":608,"kind":"bot_words","i1":8,"i2":9,"sol":{"path":["/c/en/parmigiana","/c/en/food","/c/en/fire","/c/ar/طرد","/c/en/deportation"],"weight":0.21666000000000002},"num_concepts_raised":12165}],[{"base_id":608,"kind":"top_words","i1":0,"i2":1,"sol":{"path":["/c/en/spatial","/c/en/move","/c/en/velocity"],"weight":0.202},"num_concepts_raised":412},{"base_id":608,"kind":"top_words","i1":0,"i2":2,"sol":{"path":["/c/en/spatial","/c/en/chromosome_conformation_capture","/c/en/genetics","/c/en/variation"],"weight":0.22120999999999896},"num_concepts_raised":51481},{"base_id":608,"kind":"top_words","i1":0,"i2":3,"sol":{"path":["/c/en/spatial","/c/la/spatium","/c/en/period","/c/en/frequency"],"weight":0.21942999999999857},"num_concepts_raised":48383},{"base_id":608,"kind":"top_words","i1":0,"i2":4,"sol":{"path":["/c/en/spatial","/c/en/event","/c/en/density"],"weight":0.20400000000000001},"num_concepts_raised":479},{"base_id":608,"kind":"top_words","i1":0,"i2":5,"sol":{"path":["/c/en/spatial","/c/en/space","/c/en/angle","/c/en/angular"],"weight":0.21127999999999958},"num_concepts_raised":37206},{"base_id":608,"kind":"top_words","i1":0,"i2":6,"sol":{"path":["/c/en/spatial","/c/en/space","/c/en/mathematics","/c/en/variable"],"weight":0.22636999999999852},"num_concepts_raised":86572},{"base_id":608,"kind":"top_words","i1":0,"i2":7,"sol":{"path":["/c/en/spatial","/c/en/space","/c/en/form","/c/en/pattern"],"weight":0.21769999999999734},"num_concepts_raised":95729},{"base_id":608,"kind":"top_words","i1":0,"i2":8,"sol":{"path":["/c/en/spatial","/c/en/space","/c/en/angle","/c/en/angles"],"weight":0.21585999999999947},"num_concepts_raised":22409},{"base_id":608,"kind":"top_words","i1":0,"i2":9,"sol":{"path":["/c/en/spatial","/c/en/light_cone","/c/en/horizontal"],"weight":0.202},"num_concepts_raised":602},{"base_id":608,"kind":"top_words","i1":1,"i2":2,"sol":{"path":["/c/en/velocity","/c/en/direction","/c/en/variation"],"weight":0.20600000000000002},"num_concepts_raised":626},{"base_id":608,"kind":"top_words","i1":1,"i2":3,"sol":{"path":["/c/en/velocity","/c/en/rate","/c/en/frequency"],"weight":0.20400000000000001},"num_concepts_raised":776},{"base_id":608,"kind":"top_words","i1":1,"i2":4,"sol":{"path":["/c/en/velocity","/c/en/physics","/c/en/density"],"weight":0.20400000000000001},"num_concepts_raised":598},{"base_id":608,"kind":"top_words","i1":1,"i2":5,"sol":{"path":["/c/en/velocity","/c/en/moment_of_inertia","/c/en/angular"],"weight":0.202},"num_concepts_raised":443},{"base_id":608,"kind":"top_words","i1":1,"i2":6,"sol":{"path":["/c/en/velocity","/c/en/vector","/c/en/variable"],"weight":0.20700000000000002},"num_concepts_raised":792},{"base_id":608,"kind":"top_words","i1":1,"i2":7,"sol":{"path":["/c/en/velocity","/c/en/speed","/c/en/random","/c/en/pattern"],"weight":0.22030999999999723},"num_concepts_raised":120881},{"base_id":608,"kind":"top_words","i1":1,"i2":8,"sol":{"path":["/c/en/velocity","/c/en/direction","/c/en/angle","/c/en/angles"],"weight":0.2163599999999994},"num_concepts_raised":49384},{"base_id":608,"kind":"top_words","i1":1,"i2":9,"sol":{"path":["/c/en/velocity","/c/en/gradient_wind","/c/en/horizontal"],"weight":0.202},"num_concepts_raised":722},{"base_id":608,"kind":"top_words","i1":2,"i2":3,"sol":{"path":["/c/en/variation","/c/en/flutter","/c/en/frequency"],"weight":0.20800000000000002},"num_concepts_raised":870},{"base_id":608,"kind":"top_words","i1":2,"i2":4,"sol":{"path":["/c/en/variation","/c/en/variable","/c/en/density"],"weight":0.20900000000000002},"num_concepts_raised":692},{"base_id":608,"kind":"top_words","i1":2,"i2":5,"sol":{"path":["/c/en/variation","/c/en/angular"],"weight":0.20600000000000002},"num_concepts_raised":535},{"base_id":608,"kind":"top_words","i1":2,"i2":6,"sol":{"path":["/c/en/variation","/c/en/variable"],"weight":0.21200000000000002},"num_concepts_raised":879},{"base_id":608,"kind":"top_words","i1":2,"i2":7,"sol":{"path":["/c/en/variation","/c/en/ground_bass","/c/en/pattern"],"weight":0.20700000000000002},"num_concepts_raised":1161},{"base_id":608,"kind":"top_words","i1":2,"i2":8,"sol":{"path":["/c/en/variation","/c/en/magnetic_declination","/c/en/angle","/c/en/angles"],"weight":0.22700999999999893},"num_concepts_raised":52107},{"base_id":608,"kind":"top_words","i1":2,"i2":9,"sol":{"path":["/c/en/variation","/c/en/compass_error","/c/en/horizontal"],"weight":0.20600000000000002},"num_concepts_raised":814},{"base_id":608,"kind":"top_words","i1":3,"i2":4,"sol":{"path":["/c/en/frequency","/c/fi/tiheys","/c/en/density"],"weight":0.20800000000000002},"num_concepts_raised":835},{"base_id":608,"kind":"top_words","i1":3,"i2":5,"sol":{"path":["/c/en/frequency","/c/en/pulsatance","/c/en/angular"],"weight":0.20400000000000001},"num_concepts_raised":687},{"base_id":608,"kind":"top_words","i1":3,"i2":6,"sol":{"path":["/c/en/frequency","/c/cs/četnost","/c/en/mathematics","/c/en/variable"],"weight":0.23764999999999756},"num_concepts_raised":111117},{"base_id":608,"kind":"top_words","i1":3,"i2":7,"sol":{"path":["/c/en/frequency","/c/en/beat","/c/en/pattern"],"weight":0.20400000000000001},"num_concepts_raised":1312},{"base_id":608,"kind":"top_words","i1":3,"i2":8,"sol":{"path":["/c/en/frequency","/c/en/pitch","/c/en/angle","/c/en/angles"],"weight":0.22526999999999855},"num_concepts_raised":49259},{"base_id":608,"kind":"top_words","i1":3,"i2":9,"sol":{"path":["/c/en/frequency","/c/en/level","/c/en/horizontal"],"weight":0.20700000000000002},"num_concepts_raised":964},{"base_id":608,"kind":"top_words","i1":4,"i2":5,"sol":{"path":["/c/en/density","/c/en/concentration","/c/en/lean","/c/en/angular"],"weight":0.21775999999999904},"num_concepts_raised":57050},{"base_id":608,"kind":"top_words","i1":4,"i2":6,"sol":{"path":["/c/en/density","/c/en/variable"],"weight":0.20800000000000002},"num_concepts_raised":860},{"base_id":608,"kind":"top_words","i1":4,"i2":7,"sol":{"path":["/c/en/density","/c/en/pyknon","/c/en/pattern"],"weight":0.20400000000000001},"num_concepts_raised":1139},{"base_id":608,"kind":"top_words","i1":4,"i2":8,"sol":{"path":["/c/en/density","/c/en/physics","/c/en/degree","/c/en/angles"],"weight":0.21865999999999897},"num_concepts_raised":42521},{"base_id":608,"kind":"top_words","i1":4,"i2":9,"sol":{"path":["/c/en/density","/c/en/metal","/c/en/level","/c/en/horizontal"],"weight":0.22277999999999798},"num_concepts_raised":77845},{"base_id":608,"kind":"top_words","i1":5,"i2":6,"sol":{"path":["/c/en/angular","/c/en/variation","/c/en/variable"],"weight":0.20700000000000002},"num_concepts_raised":705},{"base_id":608,"kind":"top_words","i1":5,"i2":7,"sol":{"path":["/c/en/angular","/c/en/square","/c/en/form","/c/en/pattern"],"weight":0.21831999999999743},"num_concepts_raised":110621},{"base_id":608,"kind":"top_words","i1":5,"i2":8,"sol":{"path":["/c/en/angular","/c/en/angle","/c/en/angles"],"weight":0.20800000000000002},"num_concepts_raised":244},{"base_id":608,"kind":"top_words","i1":5,"i2":9,"sol":{"path":["/c/en/angular","/c/en/feather","/c/en/horizontal"],"weight":0.202},"num_concepts_raised":631},{"base_id":608,"kind":"top_words","i1":6,"i2":7,"sol":{"path":["/c/en/variable","/c/en/data_mining","/c/en/pattern"],"weight":0.20600000000000002},"num_concepts_raised":1335},{"base_id":608,"kind":"top_words","i1":6,"i2":8,"sol":{"path":["/c/en/variable","/c/en/constant_velocity","/c/en/angle","/c/en/angles"],"weight":0.2291899999999985},"num_concepts_raised":87333},{"base_id":608,"kind":"top_words","i1":6,"i2":9,"sol":{"path":["/c/en/variable","/c/en/equal","/c/en/horizontal"],"weight":0.20600000000000002},"num_concepts_raised":982},{"base_id":608,"kind":"top_words","i1":7,"i2":8,"sol":{"path":["/c/en/pattern","/c/en/figure","/c/en/angle","/c/en/angles"],"weight":0.22253999999999732},"num_concepts_raised":96589},{"base_id":608,"kind":"top_words","i1":7,"i2":9,"sol":{"path":["/c/en/pattern","/c/en/plain","/c/en/level","/c/en/horizontal"],"weight":0.22267999999999638},"num_concepts_raised":129276},{"base_id":608,"kind":"top_words","i1":8,"i2":9,"sol":{"path":["/c/en/angles","/c/en/slope","/c/en/horizontal"],"weight":0.20400000000000001},"num_concepts_raised":526}]]