[[{"base_id":67,"kind":"bot_words","i1":0,"i2":1,"sol":{"path":["/c/en/fasten","/c/en/stick","/c/en/force","/c/en/impulsively"],"weight":0.21670999999999846},"num_concepts_raised":52260},{"base_id":67,"kind":"bot_words","i1":0,"i2":2,"sol":{"path":["/c/en/fasten","/c/ja/留める","/c/en/notice","/c/en/dissemble"],"weight":0.2214699999999981},"num_concepts_raised":62131},{"base_id":67,"kind":"bot_words","i1":0,"i2":3,"sol":{"path":["/c/en/fasten","/c/en/tie","/c/en/clothing","/c/en/nudity"],"weight":0.22393999999999853},"num_concepts_raised":53788},{"base_id":67,"kind":"bot_words","i1":0,"i2":4,"sol":{"path":["/c/en/fasten","/c/en/tie","/c/en/item","/c/en/freezer"],"weight":0.22408999999999793},"num_concepts_raised":71604},{"base_id":67,"kind":"bot_words","i1":0,"i2":5,"sol":{"path":["/c/en/fasten","/c/fr/attacher","/c/fr/sonde","/c/en/probe"],"weight":0.2257899999999975},"num_concepts_raised":79364},{"base_id":67,"kind":"bot_words","i1":0,"i2":6,"sol":{"path":["/c/en/fasten","/c/fr/fixer","/c/fr/chimie","/c/en/deuteron"],"weight":0.22122999999999843},"num_concepts_raised":75756},{"base_id":67,"kind":"bot_words","i1":0,"i2":7,"sol":{"path":["/c/en/fasten","/c/en/staple","/c/en/bread","/c/en/flatbread"],"weight":0.22393999999999814},"num_concepts_raised":56540},{"base_id":67,"kind":"bot_words","i1":0,"i2":8,"sol":{"path":["/c/en/fasten","/c/en/button","/c/en/south_africa","/c/en/crayfish"],"weight":0.22117999999999832},"num_concepts_raised":60986},{"base_id":67,"kind":"bot_words","i1":0,"i2":9,"sol":{"path":["/c/en/fasten","/c/en/chain","/c/en/tow"],"weight":0.20500000000000002},"num_concepts_raised":920},{"base_id":67,"kind":"bot_words","i1":1,"i2":2,"sol":{"path":["/c/en/impulsively","/c/en/force","/c/en/act","/c/en/dissemble"],"weight":0.20449999999999965},"num_concepts_raised":15000},{"base_id":67,"kind":"bot_words","i1":1,"i2":3,"sol":{"path":["/c/en/impulsively","/c/en/impulsion","/c/en/body","/c/zh/裸體","/c/en/nudity"],"weight":0.2070800000000001},"num_concepts_raised":6085},{"base_id":67,"kind":"bot_words","i1":1,"i2":4,"sol":{"path":["/c/en/impulsively","/c/en/force","/c/en/thing","/c/en/refrigerator","/c/en/freezer"],"weight":0.20810999999999952},"num_concepts_raised":24859},{"base_id":67,"kind":"bot_words","i1":1,"i2":5,"sol":{"path":["/c/en/impulsively","/c/en/impulse","/c/en/shock","/c/en/probe"],"weight":0.20837999999999904},"num_concepts_raised":33115},{"base_id":67,"kind":"bot_words","i1":1,"i2":6,"sol":{"path":["/c/en/impulsively","/c/en/impulsive","/c/fr/physique","/c/en/deuteron"],"weight":0.20550999999999997},"num_concepts_raised":27940},{"base_id":67,"kind":"bot_words","i1":1,"i2":7,"sol":{"path":["/c/en/impulsively","/c/en/impulsion","/c/en/body","/c/en/bread","/c/en/flatbread"],"weight":0.21181999999999968},"num_concepts_raised":8777},{"base_id":67,"kind":"bot_words","i1":1,"i2":8,"sol":{"path":["/c/en/impulsively","/c/en/brain_fart","/c/en/slang","/c/en/crawfish","/c/en/crayfish"],"weight":0.20793999999999985},"num_concepts_raised":13516},{"base_id":67,"kind":"bot_words","i1":1,"i2":9,"sol":{"path":["/c/en/impulsively","/c/en/force","/c/en/tow"],"weight":0.202},"num_concepts_raised":318},{"base_id":67,"kind":"bot_words","i1":2,"i2":3,"sol":{"path":["/c/en/dissemble","/c/en/disguise","/c/en/clothing","/c/en/nudity"],"weight":0.20638999999999974},"num_concepts_raised":16645},{"base_id":67,"kind":"bot_words","i1":2,"i2":4,"sol":{"path":["/c/en/dissemble","/c/en/hide","/c/en/cow","/c/en/freezer"],"weight":0.20715999999999915},"num_concepts_raised":35239},{"base_id":67,"kind":"bot_words","i1":2,"i2":5,"sol":{"path":["/c/en/dissemble","/c/fr/agir","/c/en/question","/c/en/probe"],"weight":0.20974999999999872},"num_concepts_raised":43217},{"base_id":67,"kind":"bot_words","i1":2,"i2":6,"sol":{"path":["/c/en/dissemble","/c/en/pretend","/c/en/make","/c/en/physics","/c/en/deuteron"],"weight":0.20717999999999961},"num_concepts_raised":38702},{"base_id":67,"kind":"bot_words","i1":2,"i2":7,"sol":{"path":["/c/en/dissemble","/c/en/pretend","/c/en/to","/c/en/bread","/c/en/flatbread"],"weight":0.21425999999999934},"num_concepts_raised":19409},{"base_id":67,"kind":"bot_words","i1":2,"i2":8,"sol":{"path":["/c/en/dissemble","/c/en/pretend","/c/en/king","/c/en/crab","/c/en/crayfish"],"weight":0.2098699999999995},"num_concepts_raised":24115},{"base_id":67,"kind":"bot_words","i1":2,"i2":9,"sol":{"path":["/c/en/dissemble","/c/en/hide","/c/en/taw","/c/en/tow"],"weight":0.20983999999999914},"num_concepts_raised":44478},{"base_id":67,"kind":"bot_words","i1":3,"i2":4,"sol":{"path":["/c/en/nudity","/c/en/slip","/c/en/ice","/c/en/freezer"],"weight":0.20748999999999956},"num_concepts_raised":26395},{"base_id":67,"kind":"bot_words","i1":3,"i2":5,"sol":{"path":["/c/en/nudity","/c/en/slip","/c/en/proof","/c/en/probe"],"weight":0.21033999999999914},"num_concepts_raised":34802},{"base_id":67,"kind":"bot_words","i1":3,"i2":6,"sol":{"path":["/c/en/nudity","/c/en/nakedness","/c/en/naked","/c/en/physics","/c/en/deuteron"],"weight":0.20793000000000006},"num_concepts_raised":29807},{"base_id":67,"kind":"bot_words","i1":3,"i2":7,"sol":{"path":["/c/en/nudity","/c/en/nakedness","/c/en/raw","/c/en/bread","/c/en/flatbread"],"weight":0.21480999999999978},"num_concepts_raised":10444},{"base_id":67,"kind":"bot_words","i1":3,"i2":8,"sol":{"path":["/c/en/nudity","/c/en/slip","/c/en/water","/c/en/crayfish"],"weight":0.20768999999999993},"num_concepts_raised":15156},{"base_id":67,"kind":"bot_words","i1":3,"i2":9,"sol":{"path":["/c/en/nudity","/c/en/clothing","/c/en/drag","/c/en/tow"],"weight":0.2097999999999996},"num_concepts_raised":35992},{"base_id":67,"kind":"bot_words","i1":4,"i2":5,"sol":{"path":["/c/en/freezer","/c/en/item","/c/en/question","/c/en/probe"],"weight":0.21077999999999852},"num_concepts_raised":52927},{"base_id":67,"kind":"bot_words","i1":4,"i2":6,"sol":{"path":["/c/en/freezer","/c/en/ice","/c/en/physics","/c/en/deuteron"],"weight":0.20611999999999947},"num_concepts_raised":48336},{"base_id":67,"kind":"bot_words","i1":4,"i2":7,"sol":{"path":["/c/en/freezer","/c/en/food","/c/en/flatbread"],"weight":0.20500000000000002},"num_concepts_raised":288},{"base_id":67,"kind":"bot_words","i1":4,"i2":8,"sol":{"path":["/c/en/freezer","/c/en/crab","/c/en/crayfish"],"weight":0.202},"num_concepts_raised":393},{"base_id":67,"kind":"bot_words","i1":4,"i2":9,"sol":{"path":["/c/en/freezer","/c/en/food","/c/en/truck","/c/en/tow"],"weight":0.210799999999999},"num_concepts_raised":53891},{"base_id":67,"kind":"bot_words","i1":5,"i2":6,"sol":{"path":["/c/en/probe","/c/en/rocket","/c/en/proton","/c/en/deuteron"],"weight":0.208809999999999},"num_concepts_raised":56495},{"base_id":67,"kind":"bot_words","i1":5,"i2":7,"sol":{"path":["/c/en/probe","/c/en/prove","/c/en/dough","/c/en/bread","/c/en/flatbread"],"weight":0.21624999999999872},"num_concepts_raised":37498},{"base_id":67,"kind":"bot_words","i1":5,"i2":8,"sol":{"path":["/c/en/probe","/c/en/proof","/c/en/water","/c/en/crayfish"],"weight":0.2112099999999989},"num_concepts_raised":42061},{"base_id":67,"kind":"bot_words","i1":5,"i2":9,"sol":{"path":["/c/en/probe","/c/en/proof","/c/en/pull","/c/en/tow"],"weight":0.21535999999999852},"num_concepts_raised":61540},{"base_id":67,"kind":"bot_words","i1":6,"i2":7,"sol":{"path":["/c/en/deuteron","/c/en/proton","/c/en/element","/c/en/bread","/c/en/flatbread"],"weight":0.21226999999999965},"num_concepts_raised":32500},{"base_id":67,"kind":"bot_words","i1":6,"i2":8,"sol":{"path":["/c/en/deuteron","/c/fr/chimie","/c/en/water","/c/en/crayfish"],"weight":0.2061299999999998},"num_concepts_raised":37129},{"base_id":67,"kind":"bot_words","i1":6,"i2":9,"sol":{"path":["/c/en/deuteron","/c/en/proton","/c/en/car","/c/en/tow"],"weight":0.20864999999999945},"num_concepts_raised":57791},{"base_id":67,"kind":"bot_words","i1":7,"i2":8,"sol":{"path":["/c/en/flatbread","/c/en/bread","/c/en/water","/c/en/crayfish"],"weight":0.21350999999999953},"num_concepts_raised":17718},{"base_id":67,"kind":"bot_words","i1":7,"i2":9,"sol":{"path":["/c/en/flatbread","/c/en/bread","/c/en/barge","/c/en/tow"],"weight":0.21577999999999917},"num_concepts_raised":38692},{"base_id":67,"kind":"bot_words","i1":8,"i2":9,"sol":{"path":["/c/en/crayfish","/c/en/water","/c/en/undertow","/c/en/tow"],"weight":0.21080999999999933},"num_concepts_raised":43198}],[{"base_id":67,"kind":"top_words","i1":0,"i2":1,"sol":{"path":["/c/en/republish","/c/en/print","/c/en/burn","/c/en/blaze"],"weight":0.21437999999999907},"num_concepts_raised":39782},{"base_id":67,"kind":"top_words","i1":0,"i2":2,"sol":{"path":["/c/en/republish","/c/en/print","/c/en/book","/c/en/embers"],"weight":0.20892999999999973},"num_concepts_raised":12000},{"base_id":67,"kind":"top_words","i1":0,"i2":3,"sol":{"path":["/c/en/republish","/c/en/law","/c/en/traverse","/c/en/enfilade"],"weight":0.20284999999999975},"num_concepts_raised":14717},{"base_id":67,"kind":"top_words","i1":0,"i2":4,"sol":{"path":["/c/en/republish","/c/en/print","/c/en/news","/c/en/west","/c/en/westerly"],"weight":0.2050599999999998},"num_concepts_raised":8045},{"base_id":67,"kind":"top_words","i1":0,"i2":5,"sol":{"path":["/c/en/republish","/c/en/law","/c/en/sharia_law","/c/en/tafsir"],"weight":0.2028599999999998},"num_concepts_raised":16714},{"base_id":67,"kind":"top_words","i1":0,"i2":6,"sol":{"path":["/c/en/republish","/c/en/print","/c/en/burn","/c/en/flames"],"weight":0.2029999999999998},"num_concepts_raised":17329},{"base_id":67,"kind":"top_words","i1":0,"i2":7,"sol":{"path":["/c/en/republish","/c/en/law","/c/en/state","/c/en/northeast","/c/en/northeasterly"],"weight":0.20403999999999983},"num_concepts_raised":7002},{"base_id":67,"kind":"top_words","i1":0,"i2":8,"sol":{"path":["/c/en/republish","/c/en/publish","/c/en/post","/c/en/music","/c/en/hc"],"weight":0.20386999999999988},"num_concepts_raised":28262},{"base_id":67,"kind":"top_words","i1":0,"i2":9,"sol":{"path":["/c/en/republish","/c/en/publish","/c/ms/mengarang","/c/fr/livre","/c/fr/véda","/c/en/vedas"],"weight":0.21332279999999937},"num_concepts_raised":468250},{"base_id":67,"kind":"top_words","i1":1,"i2":2,"sol":{"path":["/c/en/blaze","/c/en/fire","/c/en/embers"],"weight":0.20800000000000002},"num_concepts_raised":402},{"base_id":67,"kind":"top_words","i1":1,"i2":3,"sol":{"path":["/c/en/blaze","/c/en/fire","/c/fr/défilement","/c/en/enfilade"],"weight":0.21469999999999909},"num_concepts_raised":43069},{"base_id":67,"kind":"top_words","i1":1,"i2":4,"sol":{"path":["/c/en/blaze","/c/en/fire","/c/en/wind","/c/en/west","/c/en/westerly"],"weight":0.21703999999999912},"num_concepts_raised":36828},{"base_id":67,"kind":"top_words","i1":1,"i2":5,"sol":{"path":["/c/en/blaze","/c/en/mark","/c/en/historical","/c/en/tafsir"],"weight":0.21161999999999911},"num_concepts_raised":45337},{"base_id":67,"kind":"top_words","i1":1,"i2":6,"sol":{"path":["/c/en/blaze","/c/it/fiammata","/c/en/flames"],"weight":0.20600000000000002},"num_concepts_raised":330},{"base_id":67,"kind":"top_words","i1":1,"i2":7,"sol":{"path":["/c/en/blaze","/c/en/fire","/c/en/cold","/c/en/north","/c/en/northeasterly"],"weight":0.21580999999999917},"num_concepts_raised":35815},{"base_id":67,"kind":"top_words","i1":1,"i2":8,"sol":{"path":["/c/en/blaze","/c/en/fire","/c/en/carbon","/c/en/hc"],"weight":0.21469999999999917},"num_concepts_raised":56503},{"base_id":67,"kind":"top_words","i1":1,"i2":9,"sol":{"path":["/c/en/blaze","/c/en/burn","/c/en/cut","/c/ko/베다","/c/en/vedas"],"weight":0.2198099999999989},"num_concepts_raised":34742},{"base_id":67,"kind":"top_words","i1":2,"i2":3,"sol":{"path":["/c/en/embers","/c/en/fire","/c/fr/défilement","/c/en/enfilade"],"weight":0.21109999999999973},"num_concepts_raised":15515},{"base_id":67,"kind":"top_words","i1":2,"i2":4,"sol":{"path":["/c/en/embers","/c/en/fire","/c/en/wind","/c/en/west","/c/en/westerly"],"weight":0.2134299999999998},"num_concepts_raised":8916},{"base_id":67,"kind":"top_words","i1":2,"i2":5,"sol":{"path":["/c/en/embers","/c/en/ember","/c/en/religious","/c/en/shari","/c/en/tafsir"],"weight":0.21121999999999974},"num_concepts_raised":17635},{"base_id":67,"kind":"top_words","i1":2,"i2":6,"sol":{"path":["/c/en/embers","/c/en/fire","/c/en/flames"],"weight":0.20500000000000002},"num_concepts_raised":123},{"base_id":67,"kind":"top_words","i1":2,"i2":7,"sol":{"path":["/c/en/embers","/c/en/fire","/c/en/cold","/c/en/north","/c/en/northeasterly"],"weight":0.2121699999999998},"num_concepts_raised":7875},{"base_id":67,"kind":"top_words","i1":2,"i2":8,"sol":{"path":["/c/en/embers","/c/en/fire","/c/en/carbon","/c/en/hc"],"weight":0.21109999999999984},"num_concepts_raised":29074},{"base_id":67,"kind":"top_words","i1":2,"i2":9,"sol":{"path":["/c/en/embers","/c/en/book","/c/en/scripture","/c/en/veda","/c/en/vedas"],"weight":0.21440999999999957},"num_concepts_raised":6761},{"base_id":67,"kind":"top_words","i1":3,"i2":4,"sol":{"path":["/c/en/enfilade","/c/en/architecture","/c/en/choir","/c/en/west","/c/en/westerly"],"weight":0.20508999999999983},"num_concepts_raised":11623},{"base_id":67,"kind":"top_words","i1":3,"i2":5,"sol":{"path":["/c/en/enfilade","/c/en/architecture","/c/en/raphael","/c/en/islam","/c/en/tafsir"],"weight":0.2029499999999998},"num_concepts_raised":20298},{"base_id":67,"kind":"top_words","i1":3,"i2":6,"sol":{"path":["/c/en/enfilade","/c/fr/défilement","/c/en/fire","/c/en/flames"],"weight":0.2031299999999998},"num_concepts_raised":20816},{"base_id":67,"kind":"top_words","i1":3,"i2":7,"sol":{"path":["/c/en/enfilade","/c/en/open","/c/en/location","/c/en/northeast","/c/en/northeasterly"],"weight":0.20408999999999988},"num_concepts_raised":10584},{"base_id":67,"kind":"top_words","i1":3,"i2":8,"sol":{"path":["/c/en/enfilade","/c/en/open","/c/en/music","/c/en/hc"],"weight":0.20286999999999988},"num_concepts_raised":31570},{"base_id":67,"kind":"top_words","i1":3,"i2":9,"sol":{"path":["/c/en/enfilade","/c/en/passage","/c/en/india","/c/en/veda","/c/en/vedas"],"weight":0.2083699999999996},"num_concepts_raised":9480},{"base_id":67,"kind":"top_words","i1":4,"i2":5,"sol":{"path":["/c/en/westerly","/c/en/west","/c/en/historical","/c/en/tafsir"],"weight":0.20496999999999982},"num_concepts_raised":13655},{"base_id":67,"kind":"top_words","i1":4,"i2":6,"sol":{"path":["/c/en/westerly","/c/en/west","/c/en/sun","/c/en/flames"],"weight":0.20503999999999983},"num_concepts_raised":14208},{"base_id":67,"kind":"top_words","i1":4,"i2":7,"sol":{"path":["/c/en/westerly","/c/en/west","/c/en/north","/c/en/northeasterly"],"weight":0.2060999999999999},"num_concepts_raised":3773},{"base_id":67,"kind":"top_words","i1":4,"i2":8,"sol":{"path":["/c/en/westerly","/c/en/western","/c/en/music","/c/en/hc"],"weight":0.20491999999999994},"num_concepts_raised":25153},{"base_id":67,"kind":"top_words","i1":4,"i2":9,"sol":{"path":["/c/en/westerly","/c/en/west","/c/en/wind","/c/en/india","/c/en/veda","/c/en/vedas"],"weight":0.21639249999999943},"num_concepts_raised":191215},{"base_id":67,"kind":"top_words","i1":5,"i2":6,"sol":{"path":["/c/en/tafsir","/c/en/qur","/c/en/sun","/c/en/flames"],"weight":0.2028699999999998},"num_concepts_raised":22933},{"base_id":67,"kind":"top_words","i1":5,"i2":7,"sol":{"path":["/c/en/tafsir","/c/en/historical","/c/en/east","/c/en/northeast","/c/en/northeasterly"],"weight":0.20405999999999985},"num_concepts_raised":12622},{"base_id":67,"kind":"top_words","i1":5,"i2":8,"sol":{"path":["/c/en/tafsir","/c/en/historical","/c/en/atom","/c/en/hc"],"weight":0.20283999999999988},"num_concepts_raised":33819},{"base_id":67,"kind":"top_words","i1":5,"i2":9,"sol":{"path":["/c/en/tafsir","/c/en/historical","/c/en/india","/c/en/veda","/c/en/vedas"],"weight":0.2083099999999996},"num_concepts_raised":11526},{"base_id":67,"kind":"top_words","i1":6,"i2":7,"sol":{"path":["/c/en/flames","/c/en/fire","/c/en/cold","/c/en/north","/c/en/northeasterly"],"weight":0.20425999999999989},"num_concepts_raised":13199},{"base_id":67,"kind":"top_words","i1":6,"i2":8,"sol":{"path":["/c/en/flames","/c/en/flame","/c/en/music","/c/en/hc"],"weight":0.2049599999999999},"num_concepts_raised":34300},{"base_id":67,"kind":"top_words","i1":6,"i2":9,"sol":{"path":["/c/en/flames","/c/en/burn","/c/en/cut","/c/ko/베다","/c/en/vedas"],"weight":0.2083999999999996},"num_concepts_raised":12097},{"base_id":67,"kind":"top_words","i1":7,"i2":8,"sol":{"path":["/c/en/northeasterly","/c/en/north","/c/en/n","/c/en/molecule","/c/en/hc"],"weight":0.20397999999999994},"num_concepts_raised":24132},{"base_id":67,"kind":"top_words","i1":7,"i2":9,"sol":{"path":["/c/en/northeasterly","/c/en/northeastern","/c/en/varna","/c/en/hinduism","/c/en/veda","/c/en/vedas"],"weight":0.2140372999999995},"num_concepts_raised":173370},{"base_id":67,"kind":"top_words","i1":8,"i2":9,"sol":{"path":["/c/en/hc","/c/en/sc","/c/en/india","/c/en/veda","/c/en/vedas"],"weight":0.2082899999999997},"num_concepts_raised":23020}]]