[[{"base_id":747,"kind":"bot_words","i1":0,"i2":1,"sol":{"path":["/c/en/malaya","/c/en/independent","/c/en/person","/c/en/anger","/c/en/infuriate"],"weight":0.20439999999999958},"num_concepts_raised":7778},{"base_id":747,"kind":"bot_words","i1":0,"i2":2,"sol":{"path":["/c/en/malaya","/c/en/country","/c/en/corn","/c/en/bits"],"weight":0.20307999999999987},"num_concepts_raised":31490},{"base_id":747,"kind":"bot_words","i1":0,"i2":3,"sol":{"path":["/c/en/malaya","/c/en/malay","/c/en/legal","/c/en/error","/c/en/misstep"],"weight":0.20442},"num_concepts_raised":8113},{"base_id":747,"kind":"bot_words","i1":0,"i2":4,"sol":{"path":["/c/en/malaya","/c/en/country","/c/en/nativism","/c/en/philosophy","/c/en/phenomenology"],"weight":0.20994999999999991},"num_concepts_raised":12249},{"base_id":747,"kind":"bot_words","i1":0,"i2":5,"sol":{"path":["/c/en/malaya","/c/en/malaysia","/c/en/state","/c/en/fact","/c/en/verifiable"],"weight":0.20565999999999995},"num_concepts_raised":6786},{"base_id":747,"kind":"bot_words","i1":0,"i2":6,"sol":{"path":["/c/en/malaya","/c/en/independent","/c/en/independence","/c/en/hireling"],"weight":0.20310999999999985},"num_concepts_raised":10679},{"base_id":747,"kind":"bot_words","i1":0,"i2":7,"sol":{"path":["/c/en/malaya","/c/en/malaysia","/c/en/medical_school","/c/en/medicine","/c/en/gentamicin"],"weight":0.21050999999999986},"num_concepts_raised":20059},{"base_id":747,"kind":"bot_words","i1":0,"i2":8,"sol":{"path":["/c/en/malaya","/c/en/country","/c/en/snakes","/c/en/biting"],"weight":0.20436999999999947},"num_concepts_raised":13735},{"base_id":747,"kind":"bot_words","i1":0,"i2":9,"sol":{"path":["/c/en/malaya","/c/en/malaysia","/c/en/state","/c/en/iowa","/c/en/rudd"],"weight":0.20562999999999987},"num_concepts_raised":5257},{"base_id":747,"kind":"bot_words","i1":1,"i2":2,"sol":{"path":["/c/en/infuriate","/c/en/mad","/c/en/slang","/c/en/bits"],"weight":0.20402999999999946},"num_concepts_raised":31557},{"base_id":747,"kind":"bot_words","i1":1,"i2":3,"sol":{"path":["/c/en/infuriate","/c/en/anger","/c/en/bad","/c/en/mistake","/c/en/misstep"],"weight":0.20560999999999957},"num_concepts_raised":8168},{"base_id":747,"kind":"bot_words","i1":1,"i2":4,"sol":{"path":["/c/en/infuriate","/c/en/incense","/c/en/religion","/c/en/doctrine","/c/en/phenomenology"],"weight":0.2115599999999995},"num_concepts_raised":12327},{"base_id":747,"kind":"bot_words","i1":1,"i2":5,"sol":{"path":["/c/en/infuriate","/c/en/anger","/c/en/emotion","/c/en/objective","/c/en/verifiable"],"weight":0.20567999999999953},"num_concepts_raised":6854},{"base_id":747,"kind":"bot_words","i1":1,"i2":6,"sol":{"path":["/c/en/infuriate","/c/en/anger","/c/en/unpleasant","/c/en/hireling"],"weight":0.20441999999999944},"num_concepts_raised":10773},{"base_id":747,"kind":"bot_words","i1":1,"i2":7,"sol":{"path":["/c/en/infuriate","/c/en/incense","/c/en/dragon's_blood","/c/en/medicine","/c/en/gentamicin"],"weight":0.21017999999999948},"num_concepts_raised":20128},{"base_id":747,"kind":"bot_words","i1":1,"i2":8,"sol":{"path":["/c/en/infuriate","/c/eu/sumindu","/c/en/bite","/c/en/biting"],"weight":0.20641999999999905},"num_concepts_raised":13754},{"base_id":747,"kind":"bot_words","i1":1,"i2":9,"sol":{"path":["/c/en/infuriate","/c/en/anger","/c/en/red","/c/en/rud","/c/en/rudd"],"weight":0.20461999999999947},"num_concepts_raised":5336},{"base_id":747,"kind":"bot_words","i1":2,"i2":3,"sol":{"path":["/c/en/bits","/c/en/slang","/c/en/trip","/c/en/misstep"],"weight":0.20422999999999986},"num_concepts_raised":31861},{"base_id":747,"kind":"bot_words","i1":2,"i2":4,"sol":{"path":["/c/en/bits","/c/en/death","/c/en/existence","/c/en/phenomenological_reduction","/c/en/phenomenology"],"weight":0.21158999999999978},"num_concepts_raised":36020},{"base_id":747,"kind":"bot_words","i1":2,"i2":5,"sol":{"path":["/c/en/bits","/c/en/data","/c/en/fact","/c/en/verifiable"],"weight":0.2032799999999998},"num_concepts_raised":30635},{"base_id":747,"kind":"bot_words","i1":2,"i2":6,"sol":{"path":["/c/en/bits","/c/en/slang","/c/en/hack","/c/en/hireling"],"weight":0.2031299999999997},"num_concepts_raised":33784},{"base_id":747,"kind":"bot_words","i1":2,"i2":7,"sol":{"path":["/c/en/bits","/c/en/slang","/c/en/medicine","/c/en/gentamicin"],"weight":0.20817999999999975},"num_concepts_raised":43710},{"base_id":747,"kind":"bot_words","i1":2,"i2":8,"sol":{"path":["/c/en/bits","/c/en/bit","/c/en/bite","/c/en/biting"],"weight":0.20663999999999932},"num_concepts_raised":37246},{"base_id":747,"kind":"bot_words","i1":2,"i2":9,"sol":{"path":["/c/en/bits","/c/en/corn","/c/en/iowa","/c/en/rudd"],"weight":0.20324999999999976},"num_concepts_raised":29152},{"base_id":747,"kind":"bot_words","i1":3,"i2":4,"sol":{"path":["/c/en/misstep","/c/en/trip","/c/en/movement","/c/en/phenomenology"],"weight":0.2107799999999999},"num_concepts_raised":12623},{"base_id":747,"kind":"bot_words","i1":3,"i2":5,"sol":{"path":["/c/en/misstep","/c/en/trip","/c/en/drive","/c/en/objective","/c/en/verifiable"],"weight":0.20551999999999992},"num_concepts_raised":7190},{"base_id":747,"kind":"bot_words","i1":3,"i2":6,"sol":{"path":["/c/en/misstep","/c/en/trip","/c/en/slang","/c/en/hack","/c/en/hireling"],"weight":0.20436999999999983},"num_concepts_raised":11134},{"base_id":747,"kind":"bot_words","i1":3,"i2":7,"sol":{"path":["/c/en/misstep","/c/en/trip","/c/en/drug","/c/en/gentamicin"],"weight":0.20937999999999984},"num_concepts_raised":20464},{"base_id":747,"kind":"bot_words","i1":3,"i2":8,"sol":{"path":["/c/en/misstep","/c/en/trip","/c/en/acid","/c/en/biting"],"weight":0.20560999999999946},"num_concepts_raised":14122},{"base_id":747,"kind":"bot_words","i1":3,"i2":9,"sol":{"path":["/c/en/misstep","/c/en/trip","/c/en/nautical","/c/en/freshwater","/c/en/rudd"],"weight":0.20450999999999986},"num_concepts_raised":5687},{"base_id":747,"kind":"bot_words","i1":4,"i2":5,"sol":{"path":["/c/en/phenomenology","/c/en/philosophy","/c/en/subjective","/c/en/verifiable"],"weight":0.21013999999999988},"num_concepts_raised":11255},{"base_id":747,"kind":"bot_words","i1":4,"i2":6,"sol":{"path":["/c/en/phenomenology","/c/en/phenomenological_reduction","/c/en/procedure","/c/en/task","/c/en/hireling"],"weight":0.21164999999999978},"num_concepts_raised":15270},{"base_id":747,"kind":"bot_words","i1":4,"i2":7,"sol":{"path":["/c/en/phenomenology","/c/en/reduction","/c/en/medicine","/c/en/gentamicin"],"weight":0.2147399999999998},"num_concepts_raised":24477},{"base_id":747,"kind":"bot_words","i1":4,"i2":8,"sol":{"path":["/c/en/phenomenology","/c/en/movement","/c/en/cutting","/c/en/biting"],"weight":0.2109999999999994},"num_concepts_raised":18217},{"base_id":747,"kind":"bot_words","i1":4,"i2":9,"sol":{"path":["/c/en/phenomenology","/c/en/philosophy","/c/en/deep","/c/en/shallow","/c/en/rudd"],"weight":0.2101099999999998},"num_concepts_raised":9840},{"base_id":747,"kind":"bot_words","i1":5,"i2":6,"sol":{"path":["/c/en/verifiable","/c/en/objective","/c/en/task","/c/en/hireling"],"weight":0.20435999999999982},"num_concepts_raised":9807},{"base_id":747,"kind":"bot_words","i1":5,"i2":7,"sol":{"path":["/c/en/verifiable","/c/en/verify","/c/en/vet","/c/en/medicine","/c/en/gentamicin"],"weight":0.20954999999999982},"num_concepts_raised":19135},{"base_id":747,"kind":"bot_words","i1":5,"i2":8,"sol":{"path":["/c/en/verifiable","/c/en/confirmed","/c/en/habit","/c/en/biting"],"weight":0.20454999999999943},"num_concepts_raised":12821},{"base_id":747,"kind":"bot_words","i1":5,"i2":9,"sol":{"path":["/c/en/verifiable","/c/en/fact","/c/en/state","/c/en/iowa","/c/en/rudd"],"weight":0.20354999999999984},"num_concepts_raised":4360},{"base_id":747,"kind":"bot_words","i1":6,"i2":7,"sol":{"path":["/c/en/hireling","/c/en/hire","/c/en/sign","/c/en/medicine","/c/en/gentamicin"],"weight":0.20937999999999973},"num_concepts_raised":23074},{"base_id":747,"kind":"bot_words","i1":6,"i2":8,"sol":{"path":["/c/en/hireling","/c/en/unpleasant","/c/en/bite","/c/en/biting"],"weight":0.20557999999999932},"num_concepts_raised":16696},{"base_id":747,"kind":"bot_words","i1":6,"i2":9,"sol":{"path":["/c/en/hireling","/c/en/independence","/c/en/iowa","/c/en/rudd"],"weight":0.20331999999999972},"num_concepts_raised":8277},{"base_id":747,"kind":"bot_words","i1":7,"i2":8,"sol":{"path":["/c/en/gentamicin","/c/en/drug","/c/en/acid","/c/en/biting"],"weight":0.20947999999999933},"num_concepts_raised":25982},{"base_id":747,"kind":"bot_words","i1":7,"i2":9,"sol":{"path":["/c/en/gentamicin","/c/en/medicine","/c/en/native_american","/c/en/iowa","/c/en/rudd"],"weight":0.2084399999999998},"num_concepts_raised":17631},{"base_id":747,"kind":"bot_words","i1":8,"i2":9,"sol":{"path":["/c/en/biting","/c/fr/amer","/c/fr/poisson","/c/fr/rotengle","/c/en/rudd"],"weight":0.20671999999999935},"num_concepts_raised":11320}],[{"base_id":747,"kind":"top_words","i1":0,"i2":1,"sol":{"path":["/c/en/chalcocite","/c/en/mineral","/c/en/animal","/c/en/fish","/c/en/opah"],"weight":0.2180599999999998},"num_concepts_raised":14418},{"base_id":747,"kind":"top_words","i1":0,"i2":2,"sol":{"path":["/c/en/chalcocite","/c/en/mineral","/c/en/andalusite"],"weight":0.20800000000000002},"num_concepts_raised":101},{"base_id":747,"kind":"top_words","i1":0,"i2":3,"sol":{"path":["/c/en/chalcocite","/c/en/mineral","/c/en/metal","/c/en/cell","/c/en/sarcolemma"],"weight":0.2107599999999999},"num_concepts_raised":24497},{"base_id":747,"kind":"top_words","i1":0,"i2":4,"sol":{"path":["/c/en/chalcocite","/c/en/ore","/c/en/trunk","/c/en/psoas"],"weight":0.2084499999999999},"num_concepts_raised":22432},{"base_id":747,"kind":"top_words","i1":0,"i2":5,"sol":{"path":["/c/en/chalcocite","/c/en/mineral","/c/en/anthophyllite"],"weight":0.20800000000000002},"num_concepts_raised":90},{"base_id":747,"kind":"top_words","i1":0,"i2":6,"sol":{"path":["/c/en/chalcocite","/c/en/mineral","/c/en/vegetable","/c/en/fruit","/c/en/utricle"],"weight":0.21596999999999977},"num_concepts_raised":30836},{"base_id":747,"kind":"top_words","i1":0,"i2":7,"sol":{"path":["/c/en/chalcocite","/c/en/copper","/c/gl/cu","/c/en/anatomy","/c/en/ciliary"],"weight":0.21063999999999986},"num_concepts_raised":21204},{"base_id":747,"kind":"top_words","i1":0,"i2":8,"sol":{"path":["/c/en/chalcocite","/c/en/mineral","/c/en/amphibole"],"weight":0.20700000000000002},"num_concepts_raised":139},{"base_id":747,"kind":"top_words","i1":0,"i2":9,"sol":{"path":["/c/en/chalcocite","/c/en/sulfide","/c/en/chemical_compound","/c/en/cholecalciferol"],"weight":0.21359999999999985},"num_concepts_raised":10864},{"base_id":747,"kind":"top_words","i1":1,"i2":2,"sol":{"path":["/c/en/opah","/c/en/fish","/c/en/animal","/c/en/mineral","/c/en/andalusite"],"weight":0.2178699999999998},"num_concepts_raised":14698},{"base_id":747,"kind":"top_words","i1":1,"i2":3,"sol":{"path":["/c/en/opah","/c/en/fish","/c/en/animal","/c/en/cell","/c/en/sarcolemma"],"weight":0.21027999999999986},"num_concepts_raised":22934},{"base_id":747,"kind":"top_words","i1":1,"i2":4,"sol":{"path":["/c/en/opah","/c/en/fish","/c/en/animal","/c/en/muscle","/c/en/psoas"],"weight":0.21026999999999985},"num_concepts_raised":20896},{"base_id":747,"kind":"top_words","i1":1,"i2":5,"sol":{"path":["/c/en/opah","/c/en/fish","/c/en/animal","/c/en/mineral","/c/en/anthophyllite"],"weight":0.2177699999999998},"num_concepts_raised":14411},{"base_id":747,"kind":"top_words","i1":1,"i2":6,"sol":{"path":["/c/en/opah","/c/en/fish","/c/en/otolith","/c/en/utricle"],"weight":0.21545999999999974},"num_concepts_raised":29111},{"base_id":747,"kind":"top_words","i1":1,"i2":7,"sol":{"path":["/c/en/opah","/c/en/fish","/c/en/fillet","/c/en/anatomy","/c/en/ciliary"],"weight":0.21028999999999978},"num_concepts_raised":19670},{"base_id":747,"kind":"top_words","i1":1,"i2":8,"sol":{"path":["/c/en/opah","/c/en/fish","/c/en/amphibian","/c/en/amphibole"],"weight":0.2164599999999998},"num_concepts_raised":16699},{"base_id":747,"kind":"top_words","i1":1,"i2":9,"sol":{"path":["/c/en/opah","/c/en/fish","/c/en/bone","/c/en/vitamin_d","/c/en/cholecalciferol"],"weight":0.21538999999999978},"num_concepts_raised":9440},{"base_id":747,"kind":"top_words","i1":2,"i2":3,"sol":{"path":["/c/en/andalusite","/c/en/mineral","/c/en/animal","/c/en/cell","/c/en/sarcolemma"],"weight":0.2105499999999999},"num_concepts_raised":24771},{"base_id":747,"kind":"top_words","i1":2,"i2":4,"sol":{"path":["/c/en/andalusite","/c/en/mineral","/c/en/animal","/c/en/muscle","/c/en/psoas"],"weight":0.2105399999999999},"num_concepts_raised":22709},{"base_id":747,"kind":"top_words","i1":2,"i2":5,"sol":{"path":["/c/en/andalusite","/c/en/mineral","/c/en/anthophyllite"],"weight":0.20800000000000002},"num_concepts_raised":86},{"base_id":747,"kind":"top_words","i1":2,"i2":6,"sol":{"path":["/c/en/andalusite","/c/en/mineral","/c/en/vegetable","/c/en/fruit","/c/en/utricle"],"weight":0.2157799999999998},"num_concepts_raised":31122},{"base_id":747,"kind":"top_words","i1":2,"i2":7,"sol":{"path":["/c/en/andalusite","/c/fr/minéralogie","/c/en/vein","/c/en/anatomy","/c/en/ciliary"],"weight":0.20841999999999986},"num_concepts_raised":21473},{"base_id":747,"kind":"top_words","i1":2,"i2":8,"sol":{"path":["/c/en/andalusite","/c/en/mineral","/c/en/amphibole"],"weight":0.20700000000000002},"num_concepts_raised":134},{"base_id":747,"kind":"top_words","i1":2,"i2":9,"sol":{"path":["/c/en/andalusite","/c/en/mineral","/c/en/chlorite","/c/en/chemical_compound","/c/en/cholecalciferol"],"weight":0.21563999999999983},"num_concepts_raised":11159},{"base_id":747,"kind":"top_words","i1":3,"i2":4,"sol":{"path":["/c/en/sarcolemma","/c/en/anatomy","/c/en/psoas"],"weight":0.202},"num_concepts_raised":50},{"base_id":747,"kind":"top_words","i1":3,"i2":5,"sol":{"path":["/c/en/sarcolemma","/c/en/cell","/c/en/animal","/c/en/mineral","/c/en/anthophyllite"],"weight":0.21044999999999991},"num_concepts_raised":24480},{"base_id":747,"kind":"top_words","i1":3,"i2":6,"sol":{"path":["/c/en/sarcolemma","/c/en/anatomy","/c/en/utricle"],"weight":0.20400000000000001},"num_concepts_raised":74},{"base_id":747,"kind":"top_words","i1":3,"i2":7,"sol":{"path":["/c/en/sarcolemma","/c/en/anatomy","/c/en/ciliary"],"weight":0.202},"num_concepts_raised":61},{"base_id":747,"kind":"top_words","i1":3,"i2":8,"sol":{"path":["/c/en/sarcolemma","/c/en/cell","/c/en/electrolyte","/c/en/sodium","/c/en/amphibole"],"weight":0.21122999999999986},"num_concepts_raised":26756},{"base_id":747,"kind":"top_words","i1":3,"i2":9,"sol":{"path":["/c/en/sarcolemma","/c/en/anatomy","/c/en/bone","/c/en/vitamin_d","/c/en/cholecalciferol"],"weight":0.20808999999999986},"num_concepts_raised":19510},{"base_id":747,"kind":"top_words","i1":4,"i2":5,"sol":{"path":["/c/en/psoas","/c/en/muscle","/c/en/animal","/c/en/mineral","/c/en/anthophyllite"],"weight":0.2104399999999999},"num_concepts_raised":22422},{"base_id":747,"kind":"top_words","i1":4,"i2":6,"sol":{"path":["/c/en/psoas","/c/en/anatomy","/c/en/utricle"],"weight":0.20400000000000001},"num_concepts_raised":72},{"base_id":747,"kind":"top_words","i1":4,"i2":7,"sol":{"path":["/c/en/psoas","/c/en/anatomy","/c/en/ciliary"],"weight":0.202},"num_concepts_raised":59},{"base_id":747,"kind":"top_words","i1":4,"i2":8,"sol":{"path":["/c/en/psoas","/c/en/anatomy","/c/de/horn","/c/en/hornblende","/c/en/amphibole"],"weight":0.21117999999999987},"num_concepts_raised":24719},{"base_id":747,"kind":"top_words","i1":4,"i2":9,"sol":{"path":["/c/en/psoas","/c/en/iliopsoas","/c/en/compound","/c/en/chemical_compound","/c/en/cholecalciferol"],"weight":0.20895999999999987},"num_concepts_raised":17450},{"base_id":747,"kind":"top_words","i1":5,"i2":6,"sol":{"path":["/c/en/anthophyllite","/c/en/mineral","/c/en/serpentine","/c/en/botany","/c/en/utricle"],"weight":0.21568999999999977},"num_concepts_raised":30833},{"base_id":747,"kind":"top_words","i1":5,"i2":7,"sol":{"path":["/c/en/anthophyllite","/c/en/iron","/c/en/eye","/c/en/ciliary_body","/c/en/ciliary"],"weight":0.20928999999999987},"num_concepts_raised":21196},{"base_id":747,"kind":"top_words","i1":5,"i2":8,"sol":{"path":["/c/en/anthophyllite","/c/en/amphibole"],"weight":0.20700000000000002},"num_concepts_raised":119},{"base_id":747,"kind":"top_words","i1":5,"i2":9,"sol":{"path":["/c/en/anthophyllite","/c/en/mineral","/c/en/element","/c/en/chemical_compound","/c/en/cholecalciferol"],"weight":0.21554999999999983},"num_concepts_raised":10880},{"base_id":747,"kind":"top_words","i1":6,"i2":7,"sol":{"path":["/c/en/utricle","/c/en/anatomy","/c/en/ciliary"],"weight":0.20400000000000001},"num_concepts_raised":82},{"base_id":747,"kind":"top_words","i1":6,"i2":8,"sol":{"path":["/c/en/utricle","/c/en/vertebrate","/c/en/amphibian","/c/en/amphibole"],"weight":0.21436999999999976},"num_concepts_raised":33110},{"base_id":747,"kind":"top_words","i1":6,"i2":9,"sol":{"path":["/c/en/utricle","/c/en/anatomy","/c/en/bone","/c/en/vitamin_d","/c/en/cholecalciferol"],"weight":0.21341999999999972},"num_concepts_raised":25868},{"base_id":747,"kind":"top_words","i1":7,"i2":8,"sol":{"path":["/c/en/ciliary","/c/en/anatomy","/c/de/horn","/c/en/hornblende","/c/en/amphibole"],"weight":0.2112799999999998},"num_concepts_raised":23494},{"base_id":747,"kind":"top_words","i1":7,"i2":9,"sol":{"path":["/c/en/ciliary","/c/en/anatomy","/c/en/bone","/c/en/vitamin_d","/c/en/cholecalciferol"],"weight":0.20813999999999983},"num_concepts_raised":16215},{"base_id":747,"kind":"top_words","i1":8,"i2":9,"sol":{"path":["/c/en/amphibole","/c/en/calcium","/c/en/calcitriol","/c/en/vitamin_d3","/c/en/cholecalciferol"],"weight":0.21638999999999978},"num_concepts_raised":13133}]]