[[{"base_id":61,"kind":"bot_words","i1":0,"i2":1,"sol":{"path":["/c/en/ghosts","/c/en/possess","/c/en/over","/c/en/leftover"],"weight":0.20901999999999943},"num_concepts_raised":18507},{"base_id":61,"kind":"bot_words","i1":0,"i2":2,"sol":{"path":["/c/en/ghosts","/c/en/ghost","/c/en/writing","/c/en/satire","/c/en/satirize"],"weight":0.21356999999999965},"num_concepts_raised":5597},{"base_id":61,"kind":"bot_words","i1":0,"i2":3,"sol":{"path":["/c/en/ghosts","/c/en/spook","/c/en/pejorative","/c/en/rube"],"weight":0.20803999999999973},"num_concepts_raised":19316},{"base_id":61,"kind":"bot_words","i1":0,"i2":4,"sol":{"path":["/c/en/ghosts","/c/en/single","/c/en/paper","/c/en/doily"],"weight":0.20812999999999982},"num_concepts_raised":9747},{"base_id":61,"kind":"bot_words","i1":0,"i2":5,"sol":{"path":["/c/en/ghosts","/c/en/single","/c/en/scotland","/c/en/mains"],"weight":0.2079999999999998},"num_concepts_raised":12614},{"base_id":61,"kind":"bot_words","i1":0,"i2":6,"sol":{"path":["/c/en/ghosts","/c/en/ghost","/c/en/slang","/c/en/smasher"],"weight":0.2129799999999994},"num_concepts_raised":55816},{"base_id":61,"kind":"bot_words","i1":0,"i2":7,"sol":{"path":["/c/en/ghosts","/c/en/parapsychology","/c/en/logy","/c/en/seismology"],"weight":0.2158699999999999},"num_concepts_raised":10436},{"base_id":61,"kind":"bot_words","i1":0,"i2":8,"sol":{"path":["/c/en/ghosts","/c/en/ghost","/c/en/computing","/c/en/guard","/c/en/babysit"],"weight":0.21268999999999977},"num_concepts_raised":11587},{"base_id":61,"kind":"bot_words","i1":0,"i2":9,"sol":{"path":["/c/en/ghosts","/c/en/single","/c/en/jump","/c/en/jumping"],"weight":0.2183699999999995},"num_concepts_raised":23310},{"base_id":61,"kind":"bot_words","i1":1,"i2":2,"sol":{"path":["/c/en/leftover","/c/en/change","/c/en/satire","/c/en/satirize"],"weight":0.20530999999999938},"num_concepts_raised":16169},{"base_id":61,"kind":"bot_words","i1":1,"i2":3,"sol":{"path":["/c/en/leftover","/c/en/rest","/c/en/us","/c/en/rube"],"weight":0.20398999999999945},"num_concepts_raised":29685},{"base_id":61,"kind":"bot_words","i1":1,"i2":4,"sol":{"path":["/c/en/leftover","/c/en/over","/c/en/paper","/c/en/doily"],"weight":0.20410999999999957},"num_concepts_raised":20123},{"base_id":61,"kind":"bot_words","i1":1,"i2":5,"sol":{"path":["/c/en/leftover","/c/en/excess","/c/en/british","/c/en/mains"],"weight":0.20396999999999954},"num_concepts_raised":22965},{"base_id":61,"kind":"bot_words","i1":1,"i2":6,"sol":{"path":["/c/en/leftover","/c/en/rest","/c/en/slang","/c/en/smasher"],"weight":0.20492999999999917},"num_concepts_raised":65615},{"base_id":61,"kind":"bot_words","i1":1,"i2":7,"sol":{"path":["/c/en/leftover","/c/en/remnant","/c/en/ground","/c/en/earthquake","/c/en/seismology"],"weight":0.21446999999999966},"num_concepts_raised":20900},{"base_id":61,"kind":"bot_words","i1":1,"i2":8,"sol":{"path":["/c/en/leftover","/c/en/rest","/c/en/get_physical_activity","/c/en/babysit"],"weight":0.2044299999999995},"num_concepts_raised":21878},{"base_id":61,"kind":"bot_words","i1":1,"i2":9,"sol":{"path":["/c/en/leftover","/c/en/over","/c/en/leap","/c/en/jumping"],"weight":0.20999999999999924},"num_concepts_raised":33450},{"base_id":61,"kind":"bot_words","i1":2,"i2":3,"sol":{"path":["/c/en/satirize","/c/en/satire","/c/en/art","/c/en/given_name","/c/en/rube"],"weight":0.2041899999999997},"num_concepts_raised":16946},{"base_id":61,"kind":"bot_words","i1":2,"i2":4,"sol":{"path":["/c/en/satirize","/c/en/satire","/c/en/writing","/c/en/paper","/c/en/doily"],"weight":0.2044499999999998},"num_concepts_raised":7310},{"base_id":61,"kind":"bot_words","i1":2,"i2":5,"sol":{"path":["/c/en/satirize","/c/en/satire","/c/en/pipe","/c/en/main","/c/en/mains"],"weight":0.20537999999999978},"num_concepts_raised":10186},{"base_id":61,"kind":"bot_words","i1":2,"i2":6,"sol":{"path":["/c/en/satirize","/c/en/ridicule","/c/en/person","/c/en/smasher"],"weight":0.2040999999999994},"num_concepts_raised":53632},{"base_id":61,"kind":"bot_words","i1":2,"i2":7,"sol":{"path":["/c/en/satirize","/c/tr/yermek","/c/en/fault","/c/en/seismology"],"weight":0.21106999999999987},"num_concepts_raised":8003},{"base_id":61,"kind":"bot_words","i1":2,"i2":8,"sol":{"path":["/c/en/satirize","/c/en/ridicule","/c/en/film","/c/en/babysitter","/c/en/babysit"],"weight":0.20594999999999974},"num_concepts_raised":9154},{"base_id":61,"kind":"bot_words","i1":2,"i2":9,"sol":{"path":["/c/en/satirize","/c/en/ridicule","/c/en/fun","/c/en/jumping"],"weight":0.2091999999999995},"num_concepts_raised":21031},{"base_id":61,"kind":"bot_words","i1":3,"i2":4,"sol":{"path":["/c/en/rube","/c/en/us","/c/en/scratch","/c/en/doily"],"weight":0.20291999999999988},"num_concepts_raised":21029},{"base_id":61,"kind":"bot_words","i1":3,"i2":5,"sol":{"path":["/c/en/rube","/c/en/us","/c/en/main","/c/en/mains"],"weight":0.20385999999999985},"num_concepts_raised":23257},{"base_id":61,"kind":"bot_words","i1":3,"i2":6,"sol":{"path":["/c/en/rube","/c/en/canada","/c/en/beauty","/c/en/smasher"],"weight":0.20385999999999946},"num_concepts_raised":64073},{"base_id":61,"kind":"bot_words","i1":3,"i2":7,"sol":{"path":["/c/en/rube","/c/en/us","/c/en/earth","/c/en/seismology"],"weight":0.21076999999999996},"num_concepts_raised":21764},{"base_id":61,"kind":"bot_words","i1":3,"i2":8,"sol":{"path":["/c/en/rube","/c/en/us","/c/en/money","/c/en/babysit"],"weight":0.2032399999999998},"num_concepts_raised":22800},{"base_id":61,"kind":"bot_words","i1":3,"i2":9,"sol":{"path":["/c/en/rube","/c/en/us","/c/en/track_and_field","/c/en/jumping"],"weight":0.21062999999999957},"num_concepts_raised":34475},{"base_id":61,"kind":"bot_words","i1":4,"i2":5,"sol":{"path":["/c/en/doily","/c/en/lace","/c/en/net","/c/pl/sieć","/c/en/mains"],"weight":0.20509999999999995},"num_concepts_raised":14287},{"base_id":61,"kind":"bot_words","i1":4,"i2":6,"sol":{"path":["/c/en/doily","/c/en/lace","/c/en/slang","/c/en/smasher"],"weight":0.20487999999999956},"num_concepts_raised":57410},{"base_id":61,"kind":"bot_words","i1":4,"i2":7,"sol":{"path":["/c/en/doily","/c/en/lace","/c/en/material","/c/en/earth","/c/en/seismology"],"weight":0.21207000000000004},"num_concepts_raised":12162},{"base_id":61,"kind":"bot_words","i1":4,"i2":8,"sol":{"path":["/c/en/doily","/c/en/protect","/c/en/guard","/c/en/babysit"],"weight":0.2035599999999999},"num_concepts_raised":13078},{"base_id":61,"kind":"bot_words","i1":4,"i2":9,"sol":{"path":["/c/en/doily","/c/en/bowl","/c/en/activity","/c/en/jumping"],"weight":0.20882999999999965},"num_concepts_raised":24980},{"base_id":61,"kind":"bot_words","i1":5,"i2":6,"sol":{"path":["/c/en/mains","/c/en/british","/c/en/smash","/c/en/smasher"],"weight":0.20371999999999954},"num_concepts_raised":59298},{"base_id":61,"kind":"bot_words","i1":5,"i2":7,"sol":{"path":["/c/en/mains","/c/en/british","/c/en/earth","/c/en/seismology"],"weight":0.21091000000000004},"num_concepts_raised":14963},{"base_id":61,"kind":"bot_words","i1":5,"i2":8,"sol":{"path":["/c/en/mains","/c/en/british","/c/en/guard","/c/en/babysit"],"weight":0.2034199999999999},"num_concepts_raised":16098},{"base_id":61,"kind":"bot_words","i1":5,"i2":9,"sol":{"path":["/c/en/mains","/c/en/british","/c/en/skip","/c/en/jumping"],"weight":0.20881999999999964},"num_concepts_raised":27771},{"base_id":61,"kind":"bot_words","i1":6,"i2":7,"sol":{"path":["/c/en/smasher","/c/en/person","/c/en/seismologist","/c/en/seismology"],"weight":0.21350999999999964},"num_concepts_raised":58281},{"base_id":61,"kind":"bot_words","i1":6,"i2":8,"sol":{"path":["/c/en/smasher","/c/fr/beauté","/c/en/baby","/c/en/babysit"],"weight":0.20416999999999952},"num_concepts_raised":58867},{"base_id":61,"kind":"bot_words","i1":6,"i2":9,"sol":{"path":["/c/en/smasher","/c/en/pass","/c/en/jump","/c/en/jumping"],"weight":0.21397999999999923},"num_concepts_raised":70062},{"base_id":61,"kind":"bot_words","i1":7,"i2":8,"sol":{"path":["/c/en/seismology","/c/en/earthquake","/c/en/ground","/c/en/money","/c/en/babysit"],"weight":0.21359},"num_concepts_raised":14012},{"base_id":61,"kind":"bot_words","i1":7,"i2":9,"sol":{"path":["/c/en/seismology","/c/en/fault","/c/en/jump","/c/en/jumping"],"weight":0.2211799999999997},"num_concepts_raised":25740},{"base_id":61,"kind":"bot_words","i1":8,"i2":9,"sol":{"path":["/c/en/babysit","/c/en/watch","/c/en/activity","/c/en/jumping"],"weight":0.2092299999999996},"num_concepts_raised":26732}],[{"base_id":61,"kind":"top_words","i1":0,"i2":1,"sol":{"path":["/c/en/arriving","/c/en/arrive","/c/en/airport","/c/en/stopover"],"weight":0.2044999999999998},"num_concepts_raised":12256},{"base_id":61,"kind":"top_words","i1":0,"i2":2,"sol":{"path":["/c/en/arriving","/c/en/going_somewhere","/c/en/energy","/c/en/guam"],"weight":0.20984999999999993},"num_concepts_raised":13458},{"base_id":61,"kind":"top_words","i1":0,"i2":3,"sol":{"path":["/c/en/arriving","/c/en/appear","/c/en/broadcast","/c/en/airspace"],"weight":0.2092299999999998},"num_concepts_raised":23709},{"base_id":61,"kind":"top_words","i1":0,"i2":4,"sol":{"path":["/c/en/arriving","/c/en/arrive","/c/en/arrived"],"weight":0.20400000000000001},"num_concepts_raised":55},{"base_id":61,"kind":"top_words","i1":0,"i2":5,"sol":{"path":["/c/en/arriving","/c/en/arrive","/c/en/land","/c/en/island","/c/en/saipan"],"weight":0.21344999999999978},"num_concepts_raised":7833},{"base_id":61,"kind":"top_words","i1":0,"i2":6,"sol":{"path":["/c/en/arriving","/c/en/early","/c/en/lingua_franca","/c/en/mediterranean"],"weight":0.20499999999999924},"num_concepts_raised":19798},{"base_id":61,"kind":"top_words","i1":0,"i2":7,"sol":{"path":["/c/en/arriving","/c/en/arrive","/c/en/depart","/c/en/departed"],"weight":0.21201999999999946},"num_concepts_raised":25376},{"base_id":61,"kind":"top_words","i1":0,"i2":8,"sol":{"path":["/c/en/arriving","/c/en/appear","/c/fr/air","/c/en/airlift"],"weight":0.2035199999999997},"num_concepts_raised":15381},{"base_id":61,"kind":"top_words","i1":0,"i2":9,"sol":{"path":["/c/en/arriving","/c/en/come","/c/en/colon","/c/en/panama"],"weight":0.2166500000000003},"num_concepts_raised":16337},{"base_id":61,"kind":"top_words","i1":1,"i2":2,"sol":{"path":["/c/en/stopover","/c/en/way_station","/c/en/english_language","/c/en/guam"],"weight":0.2116299999999999},"num_concepts_raised":14191},{"base_id":61,"kind":"top_words","i1":1,"i2":3,"sol":{"path":["/c/en/stopover","/c/en/airport","/c/en/aircraft","/c/en/airspace"],"weight":0.2100099999999998},"num_concepts_raised":24302},{"base_id":61,"kind":"top_words","i1":1,"i2":4,"sol":{"path":["/c/en/stopover","/c/en/airport","/c/en/arrive","/c/en/arrived"],"weight":0.20438999999999982},"num_concepts_raised":7814},{"base_id":61,"kind":"top_words","i1":1,"i2":5,"sol":{"path":["/c/en/stopover","/c/en/stop","/c/en/eight","/c/en/island","/c/en/saipan"],"weight":0.21438999999999978},"num_concepts_raised":8620},{"base_id":61,"kind":"top_words","i1":1,"i2":6,"sol":{"path":["/c/en/stopover","/c/en/stop","/c/en/nice","/c/en/mediterranean_sea","/c/en/mediterranean"],"weight":0.20951999999999923},"num_concepts_raised":20466},{"base_id":61,"kind":"top_words","i1":1,"i2":7,"sol":{"path":["/c/en/stopover","/c/en/over","/c/en/past","/c/en/departed"],"weight":0.21164999999999945},"num_concepts_raised":26104},{"base_id":61,"kind":"top_words","i1":1,"i2":8,"sol":{"path":["/c/en/stopover","/c/en/stop","/c/en/air","/c/en/airlift"],"weight":0.2067199999999997},"num_concepts_raised":16032},{"base_id":61,"kind":"top_words","i1":1,"i2":9,"sol":{"path":["/c/en/stopover","/c/ar/محلة","/c/en/country","/c/en/panama"],"weight":0.2193500000000003},"num_concepts_raised":17052},{"base_id":61,"kind":"top_words","i1":2,"i2":3,"sol":{"path":["/c/en/guam","/c/en/country","/c/en/state","/c/en/airspace"],"weight":0.21656999999999993},"num_concepts_raised":25170},{"base_id":61,"kind":"top_words","i1":2,"i2":4,"sol":{"path":["/c/en/guam","/c/en/country","/c/en/land","/c/en/arrive","/c/en/arrived"],"weight":0.21098999999999993},"num_concepts_raised":8931},{"base_id":61,"kind":"top_words","i1":2,"i2":5,"sol":{"path":["/c/en/guam","/c/en/chamorro","/c/en/saipan"],"weight":0.20800000000000002},"num_concepts_raised":182},{"base_id":61,"kind":"top_words","i1":2,"i2":6,"sol":{"path":["/c/en/guam","/c/en/country","/c/en/cyprus","/c/en/mediterranean"],"weight":0.21241999999999933},"num_concepts_raised":21487},{"base_id":61,"kind":"top_words","i1":2,"i2":7,"sol":{"path":["/c/en/guam","/c/en/barack_obama","/c/en/person","/c/en/departed"],"weight":0.21597999999999956},"num_concepts_raised":27212},{"base_id":61,"kind":"top_words","i1":2,"i2":8,"sol":{"path":["/c/en/guam","/c/en/country","/c/en/australia","/c/en/lift","/c/en/airlift"],"weight":0.2138799999999998},"num_concepts_raised":17271},{"base_id":61,"kind":"top_words","i1":2,"i2":9,"sol":{"path":["/c/en/guam","/c/en/country","/c/en/panama"],"weight":0.20900000000000002},"num_concepts_raised":323},{"base_id":61,"kind":"top_words","i1":3,"i2":4,"sol":{"path":["/c/en/airspace","/c/en/dead_air_space","/c/en/area","/c/en/arrive","/c/en/arrived"],"weight":0.21228999999999984},"num_concepts_raised":19311},{"base_id":61,"kind":"top_words","i1":3,"i2":5,"sol":{"path":["/c/en/airspace","/c/en/state","/c/en/island","/c/en/saipan"],"weight":0.2188299999999998},"num_concepts_raised":20051},{"base_id":61,"kind":"top_words","i1":3,"i2":6,"sol":{"path":["/c/en/airspace","/c/en/space","/c/en/medium","/c/en/mediterranean"],"weight":0.21163999999999922},"num_concepts_raised":31724},{"base_id":61,"kind":"top_words","i1":3,"i2":7,"sol":{"path":["/c/en/airspace","/c/en/state","/c/en/dead","/c/en/departed"],"weight":0.21757999999999947},"num_concepts_raised":37130},{"base_id":61,"kind":"top_words","i1":3,"i2":8,"sol":{"path":["/c/en/airspace","/c/en/aircraft","/c/en/lift","/c/en/airlift"],"weight":0.21338999999999972},"num_concepts_raised":27029},{"base_id":61,"kind":"top_words","i1":3,"i2":9,"sol":{"path":["/c/en/airspace","/c/en/state","/c/en/country","/c/en/panama"],"weight":0.22525000000000028},"num_concepts_raised":28200},{"base_id":61,"kind":"top_words","i1":4,"i2":5,"sol":{"path":["/c/en/arrived","/c/en/arrive","/c/en/land","/c/en/island","/c/en/saipan"],"weight":0.2133499999999998},"num_concepts_raised":3263},{"base_id":61,"kind":"top_words","i1":4,"i2":6,"sol":{"path":["/c/en/arrived","/c/en/arrive","/c/en/land","/c/en/medium","/c/en/mediterranean"],"weight":0.20607999999999926},"num_concepts_raised":15306},{"base_id":61,"kind":"top_words","i1":4,"i2":7,"sol":{"path":["/c/en/arrived","/c/en/arrive","/c/en/depart","/c/en/departed"],"weight":0.21191999999999947},"num_concepts_raised":20986},{"base_id":61,"kind":"top_words","i1":4,"i2":8,"sol":{"path":["/c/en/arrived","/c/en/arrive","/c/en/airplane","/c/en/lift","/c/en/airlift"],"weight":0.20764999999999972},"num_concepts_raised":10928},{"base_id":61,"kind":"top_words","i1":4,"i2":9,"sol":{"path":["/c/en/arrived","/c/en/arrive","/c/en/land","/c/en/country","/c/en/panama"],"weight":0.21973000000000031},"num_concepts_raised":11794},{"base_id":61,"kind":"top_words","i1":5,"i2":6,"sol":{"path":["/c/en/saipan","/c/en/island","/c/en/crete","/c/en/mediterranean"],"weight":0.21469999999999917},"num_concepts_raised":16016},{"base_id":61,"kind":"top_words","i1":5,"i2":7,"sol":{"path":["/c/en/saipan","/c/en/island","/c/en/rock","/c/en/dead","/c/en/departed"],"weight":0.2207099999999994},"num_concepts_raised":21769},{"base_id":61,"kind":"top_words","i1":5,"i2":8,"sol":{"path":["/c/en/saipan","/c/en/island","/c/en/australia","/c/en/lift","/c/en/airlift"],"weight":0.21621999999999966},"num_concepts_raised":11709},{"base_id":61,"kind":"top_words","i1":5,"i2":9,"sol":{"path":["/c/en/saipan","/c/en/pacific_ocean","/c/en/panama_canal","/c/en/panama"],"weight":0.22826000000000024},"num_concepts_raised":12480},{"base_id":61,"kind":"top_words","i1":6,"i2":7,"sol":{"path":["/c/en/mediterranean","/c/en/middle","/c/en/dead","/c/en/departed"],"weight":0.21335999999999888},"num_concepts_raised":33481},{"base_id":61,"kind":"top_words","i1":6,"i2":8,"sol":{"path":["/c/en/mediterranean","/c/en/box","/c/en/lift","/c/en/airlift"],"weight":0.20887999999999912},"num_concepts_raised":23510},{"base_id":61,"kind":"top_words","i1":6,"i2":9,"sol":{"path":["/c/en/mediterranean","/c/fr/méditerranéen","/c/fr/pays","/c/en/panama"],"weight":0.22290999999999972},"num_concepts_raised":24290},{"base_id":61,"kind":"top_words","i1":7,"i2":8,"sol":{"path":["/c/en/departed","/c/en/person","/c/en/air","/c/en/airlift"],"weight":0.21077999999999936},"num_concepts_raised":29182},{"base_id":61,"kind":"top_words","i1":7,"i2":9,"sol":{"path":["/c/en/departed","/c/en/euphemistic","/c/es/carrizo","/c/en/panama"],"weight":0.22461999999999993},"num_concepts_raised":30165},{"base_id":61,"kind":"top_words","i1":8,"i2":9,"sol":{"path":["/c/en/airlift","/c/en/air","/c/en/television_episode","/c/en/panama"],"weight":0.2184500000000002},"num_concepts_raised":20123}]]