[[{"base_id":839,"kind":"bot_words","i1":0,"i2":1,"sol":{"path":["/c/en/homeliness","/c/en/home","/c/en/cell","/c/en/myofibril","/c/en/sarcomere"],"weight":0.2040499999999999},"num_concepts_raised":3916},{"base_id":839,"kind":"bot_words","i1":0,"i2":2,"sol":{"path":["/c/en/homeliness","/c/en/home","/c/en/dog","/c/en/chase"],"weight":0.21822999999999815},"num_concepts_raised":86053},{"base_id":839,"kind":"bot_words","i1":0,"i2":3,"sol":{"path":["/c/en/homeliness","/c/en/home","/c/en/player","/c/en/grandmaster"],"weight":0.20972999999999983},"num_concepts_raised":5584},{"base_id":839,"kind":"bot_words","i1":0,"i2":4,"sol":{"path":["/c/en/homeliness","/c/en/home","/c/en/vessel","/c/en/jug","/c/en/ewer"],"weight":0.20516999999999985},"num_concepts_raised":6102},{"base_id":839,"kind":"bot_words","i1":0,"i2":5,"sol":{"path":["/c/en/homeliness","/c/en/home","/c/en/go","/c/en/blend","/c/en/blending"],"weight":0.20600999999999978},"num_concepts_raised":4427},{"base_id":839,"kind":"bot_words","i1":0,"i2":6,"sol":{"path":["/c/en/homeliness","/c/en/home","/c/en/people","/c/en/maybe"],"weight":0.20917000000000016},"num_concepts_raised":27824},{"base_id":839,"kind":"bot_words","i1":0,"i2":7,"sol":{"path":["/c/en/homeliness","/c/en/home","/c/en/living","/c/en/bioluminescence","/c/en/chemiluminescence"],"weight":0.2113899999999999},"num_concepts_raised":18343},{"base_id":839,"kind":"bot_words","i1":0,"i2":8,"sol":{"path":["/c/en/homeliness","/c/en/home","/c/en/people","/c/en/impressionable"],"weight":0.20432999999999993},"num_concepts_raised":10952},{"base_id":839,"kind":"bot_words","i1":0,"i2":9,"sol":{"path":["/c/en/homeliness","/c/en/home","/c/en/feeling","/c/en/joy","/c/en/exhilaration"],"weight":0.20419999999999974},"num_concepts_raised":8089},{"base_id":839,"kind":"bot_words","i1":1,"i2":2,"sol":{"path":["/c/en/sarcomere","/c/en/segment","/c/en/travel","/c/en/pursue","/c/en/chase"],"weight":0.22098999999999816},"num_concepts_raised":84031},{"base_id":839,"kind":"bot_words","i1":1,"i2":3,"sol":{"path":["/c/en/sarcomere","/c/en/myofibril","/c/en/band","/c/en/player","/c/en/grandmaster"],"weight":0.20893999999999988},"num_concepts_raised":3085},{"base_id":839,"kind":"bot_words","i1":1,"i2":4,"sol":{"path":["/c/en/sarcomere","/c/fr/sarcomère","/c/fr/anatomie","/c/en/jug","/c/en/ewer"],"weight":0.20639999999999992},"num_concepts_raised":3607},{"base_id":839,"kind":"bot_words","i1":1,"i2":5,"sol":{"path":["/c/en/sarcomere","/c/en/segment","/c/en/bus","/c/pt/lotação","/c/en/blending"],"weight":0.20308999999999983},"num_concepts_raised":1913},{"base_id":839,"kind":"bot_words","i1":1,"i2":6,"sol":{"path":["/c/en/sarcomere","/c/fr/sarcomère","/c/fr/anatomie","/c/en/mole","/c/en/maybe"],"weight":0.2102900000000002},"num_concepts_raised":25580},{"base_id":839,"kind":"bot_words","i1":1,"i2":7,"sol":{"path":["/c/en/sarcomere","/c/en/desmin","/c/en/biochemistry","/c/en/bioluminescence","/c/en/chemiluminescence"],"weight":0.21059999999999995},"num_concepts_raised":15854},{"base_id":839,"kind":"bot_words","i1":1,"i2":8,"sol":{"path":["/c/en/sarcomere","/c/en/myofibril","/c/en/band","/c/en/people","/c/en/impressionable"],"weight":0.20353999999999997},"num_concepts_raised":8543},{"base_id":839,"kind":"bot_words","i1":1,"i2":9,"sol":{"path":["/c/en/sarcomere","/c/en/myofibril","/c/en/band","/c/en/rush","/c/en/exhilaration"],"weight":0.2032699999999998},"num_concepts_raised":5598},{"base_id":839,"kind":"bot_words","i1":2,"i2":3,"sol":{"path":["/c/en/chase","/c/en/dog","/c/en/master","/c/en/grandmaster"],"weight":0.22308999999999812},"num_concepts_raised":85420},{"base_id":839,"kind":"bot_words","i1":2,"i2":4,"sol":{"path":["/c/en/chase","/c/en/pitcher","/c/en/ewer"],"weight":0.20400000000000001},"num_concepts_raised":676},{"base_id":839,"kind":"bot_words","i1":2,"i2":5,"sol":{"path":["/c/en/chase","/c/en/cut","/c/it/taglio","/c/en/blending"],"weight":0.2150099999999981},"num_concepts_raised":84502},{"base_id":839,"kind":"bot_words","i1":2,"i2":6,"sol":{"path":["/c/en/chase","/c/en/dog","/c/en/maybe"],"weight":0.20500000000000002},"num_concepts_raised":894},{"base_id":839,"kind":"bot_words","i1":2,"i2":7,"sol":{"path":["/c/en/chase","/c/en/nautical","/c/en/light","/c/en/chemiluminescence"],"weight":0.2225699999999982},"num_concepts_raised":98003},{"base_id":839,"kind":"bot_words","i1":2,"i2":8,"sol":{"path":["/c/en/chase","/c/en/dog","/c/en/people","/c/en/impressionable"],"weight":0.2177199999999982},"num_concepts_raised":90414},{"base_id":839,"kind":"bot_words","i1":2,"i2":9,"sol":{"path":["/c/en/chase","/c/en/dog","/c/en/joy","/c/en/exhilaration"],"weight":0.21746999999999805},"num_concepts_raised":87741},{"base_id":839,"kind":"bot_words","i1":3,"i2":4,"sol":{"path":["/c/en/grandmaster","/c/en/player","/c/en/pitcher","/c/en/ewer"],"weight":0.20998999999999984},"num_concepts_raised":5265},{"base_id":839,"kind":"bot_words","i1":3,"i2":5,"sol":{"path":["/c/en/grandmaster","/c/en/player","/c/en/blade","/c/en/mixer","/c/en/blending"],"weight":0.20884999999999976},"num_concepts_raised":3596},{"base_id":839,"kind":"bot_words","i1":3,"i2":6,"sol":{"path":["/c/en/grandmaster","/c/en/master","/c/en/dog","/c/en/maybe"],"weight":0.21400000000000013},"num_concepts_raised":27178},{"base_id":839,"kind":"bot_words","i1":3,"i2":7,"sol":{"path":["/c/en/grandmaster","/c/en/master","/c/en/person","/c/en/light","/c/en/chemiluminescence"],"weight":0.21433999999999986},"num_concepts_raised":17548},{"base_id":839,"kind":"bot_words","i1":3,"i2":8,"sol":{"path":["/c/en/grandmaster","/c/en/master","/c/en/young","/c/en/impressionable"],"weight":0.20923999999999987},"num_concepts_raised":10190},{"base_id":839,"kind":"bot_words","i1":3,"i2":9,"sol":{"path":["/c/en/grandmaster","/c/en/player","/c/en/rush","/c/en/exhilaration"],"weight":0.2089699999999997},"num_concepts_raised":7272},{"base_id":839,"kind":"bot_words","i1":4,"i2":5,"sol":{"path":["/c/en/ewer","/c/en/jug","/c/en/spout","/c/en/mixer","/c/en/blending"],"weight":0.20427999999999977},"num_concepts_raised":4113},{"base_id":839,"kind":"bot_words","i1":4,"i2":6,"sol":{"path":["/c/en/ewer","/c/en/handle","/c/en/crop","/c/en/maybe"],"weight":0.20882000000000017},"num_concepts_raised":27681},{"base_id":839,"kind":"bot_words","i1":4,"i2":7,"sol":{"path":["/c/en/ewer","/c/fr/broc","/c/fr/eau","/c/en/chemistry","/c/en/chemiluminescence"],"weight":0.2102799999999999},"num_concepts_raised":18051},{"base_id":839,"kind":"bot_words","i1":4,"i2":8,"sol":{"path":["/c/en/ewer","/c/fi/kannu","/c/en/pot","/c/en/easy","/c/en/impressionable"],"weight":0.20623999999999992},"num_concepts_raised":10716},{"base_id":839,"kind":"bot_words","i1":4,"i2":9,"sol":{"path":["/c/en/ewer","/c/fr/broc","/c/fr/transporter","/c/en/exhilarate","/c/en/exhilaration"],"weight":0.20596999999999976},"num_concepts_raised":7791},{"base_id":839,"kind":"bot_words","i1":5,"i2":6,"sol":{"path":["/c/en/blending","/c/en/blend","/c/en/go","/c/en/may","/c/en/maybe"],"weight":0.21056000000000008},"num_concepts_raised":26074},{"base_id":839,"kind":"bot_words","i1":5,"i2":7,"sol":{"path":["/c/en/blending","/c/en/ombre","/c/en/light","/c/en/chemiluminescence"],"weight":0.20847999999999983},"num_concepts_raised":16357},{"base_id":839,"kind":"bot_words","i1":5,"i2":8,"sol":{"path":["/c/en/blending","/c/en/blend","/c/en/blond","/c/en/people","/c/en/impressionable"],"weight":0.20551999999999984},"num_concepts_raised":9050},{"base_id":839,"kind":"bot_words","i1":5,"i2":9,"sol":{"path":["/c/en/blending","/c/en/blend","/c/en/go","/c/en/rush","/c/en/exhilaration"],"weight":0.20524999999999968},"num_concepts_raised":6110},{"base_id":839,"kind":"bot_words","i1":6,"i2":7,"sol":{"path":["/c/en/maybe","/c/en/mole","/c/en/chemistry","/c/en/chemiluminescence"],"weight":0.2136000000000002},"num_concepts_raised":39842},{"base_id":839,"kind":"bot_words","i1":6,"i2":8,"sol":{"path":["/c/en/maybe","/c/en/people","/c/en/impressionable"],"weight":0.202},"num_concepts_raised":344},{"base_id":839,"kind":"bot_words","i1":6,"i2":9,"sol":{"path":["/c/en/maybe","/c/en/dog","/c/en/joy","/c/en/exhilaration"],"weight":0.20841000000000004},"num_concepts_raised":29583},{"base_id":839,"kind":"bot_words","i1":7,"i2":8,"sol":{"path":["/c/en/chemiluminescence","/c/en/light","/c/en/easy","/c/en/impressionable"],"weight":0.20990999999999996},"num_concepts_raised":22861},{"base_id":839,"kind":"bot_words","i1":7,"i2":9,"sol":{"path":["/c/en/chemiluminescence","/c/fr/chimiluminescence","/c/fr/chimie","/c/fr/excitation","/c/en/exhilaration"],"weight":0.2106499999999998},"num_concepts_raised":20011},{"base_id":839,"kind":"bot_words","i1":8,"i2":9,"sol":{"path":["/c/en/impressionable","/c/en/impression","/c/ja/感動","/c/en/exhilaration"],"weight":0.20352999999999982},"num_concepts_raised":12661}],[{"base_id":839,"kind":"top_words","i1":0,"i2":1,"sol":{"path":["/c/en/james","/c/fr/jacques","/c/en/name","/c/en/inquire","/c/en/frain"],"weight":0.21904999999999952},"num_concepts_raised":17286},{"base_id":839,"kind":"top_words","i1":0,"i2":2,"sol":{"path":["/c/en/james","/c/en/jay","/c/en/bird","/c/en/goldeneye"],"weight":0.22418999999999928},"num_concepts_raised":23817},{"base_id":839,"kind":"top_words","i1":0,"i2":3,"sol":{"path":["/c/en/james","/c/en/captain","/c/en/water","/c/en/octopus","/c/en/octopussy"],"weight":0.22079999999999944},"num_concepts_raised":14870},{"base_id":839,"kind":"top_words","i1":0,"i2":4,"sol":{"path":["/c/en/james","/c/en/middle_name","/c/en/bell","/c/en/clapper"],"weight":0.21857999999999936},"num_concepts_raised":19798},{"base_id":839,"kind":"top_words","i1":0,"i2":5,"sol":{"path":["/c/en/james","/c/ga/séamas","/c/en/biblical_character","/c/en/jezebel"],"weight":0.2217999999999996},"num_concepts_raised":31042},{"base_id":839,"kind":"top_words","i1":0,"i2":6,"sol":{"path":["/c/en/james","/c/en/given_name","/c/en/beat","/c/en/fob"],"weight":0.21457999999999938},"num_concepts_raised":55287},{"base_id":839,"kind":"top_words","i1":0,"i2":7,"sol":{"path":["/c/en/james","/c/en/jesse_james","/c/en/person","/c/en/whitey"],"weight":0.21884999999999943},"num_concepts_raised":50955},{"base_id":839,"kind":"top_words","i1":0,"i2":8,"sol":{"path":["/c/en/james","/c/en/bond","/c/en/building","/c/en/ossuary"],"weight":0.22014999999999962},"num_concepts_raised":17736},{"base_id":839,"kind":"top_words","i1":0,"i2":9,"sol":{"path":["/c/en/james","/c/en/cool","/c/en/burn","/c/en/rill"],"weight":0.21374999999999947},"num_concepts_raised":15652},{"base_id":839,"kind":"top_words","i1":1,"i2":2,"sol":{"path":["/c/en/frain","/c/en/inquire","/c/en/us","/c/en/bird","/c/en/goldeneye"],"weight":0.2146299999999996},"num_concepts_raised":19166},{"base_id":839,"kind":"top_words","i1":1,"i2":3,"sol":{"path":["/c/en/frain","/c/en/ask","/c/en/take","/c/en/film","/c/en/octopussy"],"weight":0.20824999999999977},"num_concepts_raised":10126},{"base_id":839,"kind":"top_words","i1":1,"i2":4,"sol":{"path":["/c/en/frain","/c/en/inquire","/c/en/us","/c/en/bell","/c/en/clapper"],"weight":0.2089899999999997},"num_concepts_raised":15184},{"base_id":839,"kind":"top_words","i1":1,"i2":5,"sol":{"path":["/c/en/frain","/c/en/inquire","/c/lv/jautāt","/c/en/person","/c/en/jezebel"],"weight":0.21001999999999996},"num_concepts_raised":26589},{"base_id":839,"kind":"top_words","i1":1,"i2":6,"sol":{"path":["/c/en/frain","/c/en/inquire","/c/en/us","/c/en/fob"],"weight":0.2048299999999997},"num_concepts_raised":51107},{"base_id":839,"kind":"top_words","i1":1,"i2":7,"sol":{"path":["/c/en/frain","/c/en/inquire","/c/en/us","/c/en/cracker","/c/en/whitey"],"weight":0.2112799999999998},"num_concepts_raised":46817},{"base_id":839,"kind":"top_words","i1":1,"i2":8,"sol":{"path":["/c/en/frain","/c/en/inquire","/c/en/us","/c/en/bone","/c/en/ossuary"],"weight":0.21275999999999995},"num_concepts_raised":13063},{"base_id":839,"kind":"top_words","i1":1,"i2":9,"sol":{"path":["/c/en/frain","/c/en/inquire","/c/en/investigate","/c/en/drill","/c/en/rill"],"weight":0.2040399999999998},"num_concepts_raised":10942},{"base_id":839,"kind":"top_words","i1":2,"i2":3,"sol":{"path":["/c/en/goldeneye","/c/en/film","/c/en/octopussy"],"weight":0.20800000000000002},"num_concepts_raised":179},{"base_id":839,"kind":"top_words","i1":2,"i2":4,"sol":{"path":["/c/en/goldeneye","/c/en/film","/c/en/clapperboard","/c/en/clapper"],"weight":0.21521999999999944},"num_concepts_raised":21655},{"base_id":839,"kind":"top_words","i1":2,"i2":5,"sol":{"path":["/c/en/goldeneye","/c/en/family","/c/en/person","/c/en/jezebel"],"weight":0.21951999999999966},"num_concepts_raised":33012},{"base_id":839,"kind":"top_words","i1":2,"i2":6,"sol":{"path":["/c/en/goldeneye","/c/en/bird","/c/en/slang","/c/en/fob"],"weight":0.21457999999999944},"num_concepts_raised":57369},{"base_id":839,"kind":"top_words","i1":2,"i2":7,"sol":{"path":["/c/en/goldeneye","/c/en/bird","/c/en/white","/c/en/whitey"],"weight":0.21887999999999952},"num_concepts_raised":52989},{"base_id":839,"kind":"top_words","i1":2,"i2":8,"sol":{"path":["/c/en/goldeneye","/c/en/bird","/c/en/slang","/c/en/bone","/c/en/ossuary"],"weight":0.22241999999999967},"num_concepts_raised":19598},{"base_id":839,"kind":"top_words","i1":2,"i2":9,"sol":{"path":["/c/en/goldeneye","/c/en/whistler","/c/en/whistle","/c/en/drill","/c/en/rill"],"weight":0.21763999999999956},"num_concepts_raised":17533},{"base_id":839,"kind":"top_words","i1":3,"i2":4,"sol":{"path":["/c/en/octopussy","/c/en/film","/c/en/clapperboard","/c/en/clapper"],"weight":0.2098099999999996},"num_concepts_raised":12683},{"base_id":839,"kind":"top_words","i1":3,"i2":5,"sol":{"path":["/c/en/octopussy","/c/en/pussy","/c/en/woman","/c/en/jezebel"],"weight":0.21403999999999984},"num_concepts_raised":24107},{"base_id":839,"kind":"top_words","i1":3,"i2":6,"sol":{"path":["/c/en/octopussy","/c/en/pussy","/c/en/slang","/c/en/fob"],"weight":0.20894999999999964},"num_concepts_raised":48630},{"base_id":839,"kind":"top_words","i1":3,"i2":7,"sol":{"path":["/c/en/octopussy","/c/en/pussy","/c/en/slang","/c/en/whitey"],"weight":0.2132199999999997},"num_concepts_raised":44275},{"base_id":839,"kind":"top_words","i1":3,"i2":8,"sol":{"path":["/c/en/octopussy","/c/en/octopus","/c/en/squid","/c/en/bone","/c/en/ossuary"],"weight":0.21897999999999984},"num_concepts_raised":10641},{"base_id":839,"kind":"top_words","i1":3,"i2":9,"sol":{"path":["/c/en/octopussy","/c/en/octopus","/c/en/water","/c/en/stream","/c/en/rill"],"weight":0.2104499999999997},"num_concepts_raised":8517},{"base_id":839,"kind":"top_words","i1":4,"i2":5,"sol":{"path":["/c/en/clapper","/c/hy/լեզու","/c/en/person","/c/en/jezebel"],"weight":0.2107699999999998},"num_concepts_raised":29121},{"base_id":839,"kind":"top_words","i1":4,"i2":6,"sol":{"path":["/c/en/clapper","/c/en/bell","/c/en/slang","/c/en/fob"],"weight":0.20903999999999956},"num_concepts_raised":53505},{"base_id":839,"kind":"top_words","i1":4,"i2":7,"sol":{"path":["/c/en/clapper","/c/en/bell","/c/en/slang","/c/en/whitey"],"weight":0.2133099999999996},"num_concepts_raised":49220},{"base_id":839,"kind":"top_words","i1":4,"i2":8,"sol":{"path":["/c/en/clapper","/c/en/knacker","/c/en/bone","/c/en/ossuary"],"weight":0.2133999999999998},"num_concepts_raised":15615},{"base_id":839,"kind":"top_words","i1":4,"i2":9,"sol":{"path":["/c/en/clapper","/c/en/tongue","/c/en/lick","/c/en/rill"],"weight":0.20718999999999965},"num_concepts_raised":13528},{"base_id":839,"kind":"top_words","i1":5,"i2":6,"sol":{"path":["/c/en/jezebel","/c/en/pejorative","/c/en/fob"],"weight":0.20400000000000001},"num_concepts_raised":154},{"base_id":839,"kind":"top_words","i1":5,"i2":7,"sol":{"path":["/c/en/jezebel","/c/en/person","/c/en/whitey"],"weight":0.20600000000000002},"num_concepts_raised":105},{"base_id":839,"kind":"top_words","i1":5,"i2":8,"sol":{"path":["/c/en/jezebel","/c/en/person","/c/en/building","/c/en/ossuary"],"weight":0.21554000000000006},"num_concepts_raised":26985},{"base_id":839,"kind":"top_words","i1":5,"i2":9,"sol":{"path":["/c/en/jezebel","/c/en/person","/c/en/burn","/c/en/rill"],"weight":0.2091099999999999},"num_concepts_raised":24969},{"base_id":839,"kind":"top_words","i1":6,"i2":7,"sol":{"path":["/c/en/fob","/c/en/slang","/c/en/whitey"],"weight":0.20400000000000001},"num_concepts_raised":138},{"base_id":839,"kind":"top_words","i1":6,"i2":8,"sol":{"path":["/c/en/fob","/c/en/slang","/c/en/bone","/c/en/ossuary"],"weight":0.2126799999999998},"num_concepts_raised":51427},{"base_id":839,"kind":"top_words","i1":6,"i2":9,"sol":{"path":["/c/en/fob","/c/en/slang","/c/en/burn","/c/en/rill"],"weight":0.20403999999999967},"num_concepts_raised":49493},{"base_id":839,"kind":"top_words","i1":7,"i2":8,"sol":{"path":["/c/en/whitey","/c/en/white","/c/en/bone","/c/en/ossuary"],"weight":0.2169999999999999},"num_concepts_raised":47111},{"base_id":839,"kind":"top_words","i1":7,"i2":9,"sol":{"path":["/c/en/whitey","/c/en/slang","/c/en/burn","/c/en/rill"],"weight":0.20831999999999973},"num_concepts_raised":45168},{"base_id":839,"kind":"top_words","i1":8,"i2":9,"sol":{"path":["/c/en/ossuary","/c/en/dead","/c/en/burn","/c/en/rill"],"weight":0.2097199999999999},"num_concepts_raised":11402}]]