[[{"base_id":192,"kind":"bot_words","i1":0,"i2":1,"sol":{"path":["/c/en/groundless","/c/en/ground","/c/en/hard","/c/en/plosive"],"weight":0.20475999999999978},"num_concepts_raised":11688},{"base_id":192,"kind":"bot_words","i1":0,"i2":2,"sol":{"path":["/c/en/groundless","/c/en/ground","/c/en/field","/c/en/language","/c/en/yeniseian"],"weight":0.2036199999999998},"num_concepts_raised":10754},{"base_id":192,"kind":"bot_words","i1":0,"i2":3,"sol":{"path":["/c/en/groundless","/c/en/ground","/c/en/rock","/c/en/tuff"],"weight":0.2100199999999998},"num_concepts_raised":5386},{"base_id":192,"kind":"bot_words","i1":0,"i2":4,"sol":{"path":["/c/en/groundless","/c/en/barratry","/c/en/legal","/c/en/eth"],"weight":0.20420999999999973},"num_concepts_raised":32356},{"base_id":192,"kind":"bot_words","i1":0,"i2":5,"sol":{"path":["/c/en/groundless","/c/en/less","/c/en/value","/c/en/valour"],"weight":0.2052299999999996},"num_concepts_raised":7549},{"base_id":192,"kind":"bot_words","i1":0,"i2":6,"sol":{"path":["/c/en/groundless","/c/de/grundlos","/c/en/floor","/c/fr/mettre","/c/en/update"],"weight":0.20886999999999972},"num_concepts_raised":12657},{"base_id":192,"kind":"bot_words","i1":0,"i2":7,"sol":{"path":["/c/en/groundless","/c/en/ground","/c/en/leaves","/c/en/serrate"],"weight":0.2037199999999998},"num_concepts_raised":12021},{"base_id":192,"kind":"bot_words","i1":0,"i2":8,"sol":{"path":["/c/en/groundless","/c/en/less","/c/en/person","/c/en/poet"],"weight":0.2193699999999991},"num_concepts_raised":60977},{"base_id":192,"kind":"bot_words","i1":0,"i2":9,"sol":{"path":["/c/en/groundless","/c/fr/infondé","/c/fr/faux","/c/fr/localités","/c/en/trent"],"weight":0.20482999999999973},"num_concepts_raised":119824},{"base_id":192,"kind":"bot_words","i1":1,"i2":2,"sol":{"path":["/c/en/plosive","/c/en/tongue","/c/en/language","/c/en/yeniseian"],"weight":0.20400999999999986},"num_concepts_raised":16625},{"base_id":192,"kind":"bot_words","i1":1,"i2":3,"sol":{"path":["/c/en/plosive","/c/en/hard","/c/en/rock","/c/en/tuff"],"weight":0.21038999999999985},"num_concepts_raised":11498},{"base_id":192,"kind":"bot_words","i1":1,"i2":4,"sol":{"path":["/c/en/plosive","/c/en/fricative","/c/en/eth"],"weight":0.202},"num_concepts_raised":167},{"base_id":192,"kind":"bot_words","i1":1,"i2":5,"sol":{"path":["/c/en/plosive","/c/mul/b","/c/fr/valeur","/c/en/valour"],"weight":0.20457999999999965},"num_concepts_raised":13662},{"base_id":192,"kind":"bot_words","i1":1,"i2":6,"sol":{"path":["/c/en/plosive","/c/en/sound","/c/en/activity","/c/en/update"],"weight":0.20727999999999974},"num_concepts_raised":18678},{"base_id":192,"kind":"bot_words","i1":1,"i2":7,"sol":{"path":["/c/en/plosive","/c/en/sound","/c/en/projection","/c/en/serrate"],"weight":0.20428999999999986},"num_concepts_raised":18079},{"base_id":192,"kind":"bot_words","i1":1,"i2":8,"sol":{"path":["/c/en/plosive","/c/en/stop","/c/en/song","/c/en/poet"],"weight":0.22077999999999914},"num_concepts_raised":66756},{"base_id":192,"kind":"bot_words","i1":1,"i2":9,"sol":{"path":["/c/en/plosive","/c/en/sound","/c/fr/localités","/c/en/trent"],"weight":0.20431999999999978},"num_concepts_raised":125891},{"base_id":192,"kind":"bot_words","i1":2,"i2":3,"sol":{"path":["/c/en/yeniseian","/c/en/language","/c/en/slang","/c/en/rock","/c/en/tuff"],"weight":0.20922999999999986},"num_concepts_raised":10541},{"base_id":192,"kind":"bot_words","i1":2,"i2":4,"sol":{"path":["/c/en/yeniseian","/c/en/member","/c/en/atom","/c/en/eth"],"weight":0.20337999999999984},"num_concepts_raised":37439},{"base_id":192,"kind":"bot_words","i1":2,"i2":5,"sol":{"path":["/c/en/yeniseian","/c/en/language","/c/en/have","/c/en/valor","/c/en/valour"],"weight":0.2045899999999997},"num_concepts_raised":12715},{"base_id":192,"kind":"bot_words","i1":2,"i2":6,"sol":{"path":["/c/en/yeniseian","/c/en/language","/c/en/computing","/c/ru/апдейт","/c/en/update"],"weight":0.20723999999999979},"num_concepts_raised":17777},{"base_id":192,"kind":"bot_words","i1":2,"i2":7,"sol":{"path":["/c/en/yeniseian","/c/en/russian","/c/en/dandelion","/c/en/runcinate","/c/en/serrate"],"weight":0.2039499999999999},"num_concepts_raised":17022},{"base_id":192,"kind":"bot_words","i1":2,"i2":8,"sol":{"path":["/c/en/yeniseian","/c/en/language","/c/en/shakespeare","/c/en/poet"],"weight":0.2202999999999992},"num_concepts_raised":65523},{"base_id":192,"kind":"bot_words","i1":2,"i2":9,"sol":{"path":["/c/en/yeniseian","/c/en/language","/c/en/english","/c/en/trent"],"weight":0.20294999999999982},"num_concepts_raised":124837},{"base_id":192,"kind":"bot_words","i1":3,"i2":4,"sol":{"path":["/c/en/tuff","/c/en/tufa","/c/en/lime","/c/en/but","/c/en/eth"],"weight":0.21201999999999982},"num_concepts_raised":32201},{"base_id":192,"kind":"bot_words","i1":3,"i2":5,"sol":{"path":["/c/en/tuff","/c/en/rock","/c/en/music","/c/en/value","/c/en/valour"],"weight":0.21085999999999966},"num_concepts_raised":7375},{"base_id":192,"kind":"bot_words","i1":3,"i2":6,"sol":{"path":["/c/en/tuff","/c/en/tufa","/c/en/lime","/c/en/activity","/c/en/update"],"weight":0.21450999999999976},"num_concepts_raised":12496},{"base_id":192,"kind":"bot_words","i1":3,"i2":7,"sol":{"path":["/c/en/tuff","/c/en/tufa","/c/en/calcareous","/c/en/tooth","/c/en/serrate"],"weight":0.21156999999999987},"num_concepts_raised":11794},{"base_id":192,"kind":"bot_words","i1":3,"i2":8,"sol":{"path":["/c/en/tuff","/c/en/rock","/c/en/person","/c/en/poet"],"weight":0.22499999999999917},"num_concepts_raised":60862},{"base_id":192,"kind":"bot_words","i1":3,"i2":9,"sol":{"path":["/c/en/tuff","/c/fr/tuf","/c/fr/roche","/c/fr/localités","/c/en/trent"],"weight":0.21146999999999982},"num_concepts_raised":119607},{"base_id":192,"kind":"bot_words","i1":4,"i2":5,"sol":{"path":["/c/en/eth","/c/en/thorn","/c/en/spine","/c/en/courage","/c/en/valour"],"weight":0.20654999999999962},"num_concepts_raised":34329},{"base_id":192,"kind":"bot_words","i1":4,"i2":6,"sol":{"path":["/c/en/eth","/c/en/legal","/c/en/information","/c/en/update"],"weight":0.2067399999999997},"num_concepts_raised":39298},{"base_id":192,"kind":"bot_words","i1":4,"i2":7,"sol":{"path":["/c/en/eth","/c/en/dental","/c/en/tooth","/c/en/serrate"],"weight":0.20368999999999982},"num_concepts_raised":38744},{"base_id":192,"kind":"bot_words","i1":4,"i2":8,"sol":{"path":["/c/en/eth","/c/en/humorous","/c/de/poet","/c/en/poet"],"weight":0.22100999999999912},"num_concepts_raised":87091},{"base_id":192,"kind":"bot_words","i1":4,"i2":9,"sol":{"path":["/c/en/eth","/c/fr/y","/c/fr/localités","/c/en/trent"],"weight":0.20364999999999975},"num_concepts_raised":146423},{"base_id":192,"kind":"bot_words","i1":5,"i2":6,"sol":{"path":["/c/en/valour","/c/fr/valeur","/c/fr/actualisation","/c/en/update"],"weight":0.20800999999999958},"num_concepts_raised":14608},{"base_id":192,"kind":"bot_words","i1":5,"i2":7,"sol":{"path":["/c/en/valour","/c/en/valor","/c/nl/sage","/c/en/saw","/c/en/serrate"],"weight":0.2047899999999997},"num_concepts_raised":14014},{"base_id":192,"kind":"bot_words","i1":5,"i2":8,"sol":{"path":["/c/en/valour","/c/en/value","/c/en/person","/c/en/poet"],"weight":0.22021999999999897},"num_concepts_raised":62877},{"base_id":192,"kind":"bot_words","i1":5,"i2":9,"sol":{"path":["/c/en/valour","/c/en/worth","/c/fr/localités","/c/en/trent"],"weight":0.20356999999999958},"num_concepts_raised":121800},{"base_id":192,"kind":"bot_words","i1":6,"i2":7,"sol":{"path":["/c/en/update","/c/it/aggiornamento","/c/en/recess","/c/en/botany","/c/en/serrate"],"weight":0.2073899999999998},"num_concepts_raised":19105},{"base_id":192,"kind":"bot_words","i1":6,"i2":8,"sol":{"path":["/c/en/update","/c/en/report","/c/en/write","/c/en/poet"],"weight":0.22373999999999905},"num_concepts_raised":67510},{"base_id":192,"kind":"bot_words","i1":6,"i2":9,"sol":{"path":["/c/en/update","/c/en/up_to_date","/c/en/channel","/c/en/england","/c/en/trent"],"weight":0.2073999999999997},"num_concepts_raised":126873},{"base_id":192,"kind":"bot_words","i1":7,"i2":8,"sol":{"path":["/c/en/serrate","/c/en/botany","/c/en/study","/c/en/poet"],"weight":0.21841999999999917},"num_concepts_raised":67407},{"base_id":192,"kind":"bot_words","i1":7,"i2":9,"sol":{"path":["/c/en/serrate","/c/en/botany","/c/en/stone","/c/en/england","/c/en/trent"],"weight":0.20332999999999982},"num_concepts_raised":126245},{"base_id":192,"kind":"bot_words","i1":8,"i2":9,"sol":{"path":["/c/en/poet","/c/en/shakespeare","/c/en/english","/c/en/trent"],"weight":0.2204499999999991},"num_concepts_raised":174922}],[{"base_id":192,"kind":"top_words","i1":0,"i2":1,"sol":{"path":["/c/en/paleoecology","/c/en/ecology","/c/en/organism","/c/en/die","/c/en/d6"],"weight":0.20423},"num_concepts_raised":4143},{"base_id":192,"kind":"top_words","i1":0,"i2":2,"sol":{"path":["/c/en/paleoecology","/c/en/paleoecological","/c/en/past","/c/en/before","/c/en/erst"],"weight":0.20497999999999997},"num_concepts_raised":4062},{"base_id":192,"kind":"top_words","i1":0,"i2":3,"sol":{"path":["/c/en/paleoecology","/c/en/ecology","/c/en/animal","/c/en/bird","/c/en/caprimulgiformes"],"weight":0.2094699999999999},"num_concepts_raised":5660},{"base_id":192,"kind":"top_words","i1":0,"i2":4,"sol":{"path":["/c/en/paleoecology","/c/en/ecology","/c/en/organism","/c/en/die","/c/en/d4"],"weight":0.20421000000000003},"num_concepts_raised":3936},{"base_id":192,"kind":"top_words","i1":0,"i2":5,"sol":{"path":["/c/en/paleoecology","/c/fr/paléoécologie","/c/fr/milieu","/c/en/gang","/c/en/dialectal","/c/en/argh"],"weight":0.21015509999999943},"num_concepts_raised":360302},{"base_id":192,"kind":"top_words","i1":0,"i2":6,"sol":{"path":["/c/en/paleoecology","/c/en/ecology","/c/en/organism","/c/en/fungus","/c/en/sordariomycetes"],"weight":0.20901999999999993},"num_concepts_raised":2327},{"base_id":192,"kind":"top_words","i1":0,"i2":7,"sol":{"path":["/c/en/paleoecology","/c/en/ecology","/c/en/animal","/c/en/bird","/c/en/wallcreeper"],"weight":0.2094499999999999},"num_concepts_raised":5691},{"base_id":192,"kind":"top_words","i1":0,"i2":8,"sol":{"path":["/c/en/paleoecology","/c/en/ecology","/c/en/animal","/c/en/bullfighting","/c/en/picador"],"weight":0.20419},"num_concepts_raised":1882},{"base_id":192,"kind":"top_words","i1":0,"i2":9,"sol":{"path":["/c/en/paleoecology","/c/en/ecology","/c/en/animal","/c/en/bird","/c/en/apodiformes"],"weight":0.20948999999999987},"num_concepts_raised":5682},{"base_id":192,"kind":"top_words","i1":1,"i2":2,"sol":{"path":["/c/en/d6","/c/en/die","/c/en/former","/c/en/erst"],"weight":0.20295999999999992},"num_concepts_raised":5761},{"base_id":192,"kind":"top_words","i1":1,"i2":3,"sol":{"path":["/c/en/d6","/c/en/die","/c/en/animal","/c/en/bird","/c/en/caprimulgiformes"],"weight":0.20847999999999983},"num_concepts_raised":7375},{"base_id":192,"kind":"top_words","i1":1,"i2":4,"sol":{"path":["/c/en/d6","/c/en/d4"],"weight":0.20400000000000001},"num_concepts_raised":53},{"base_id":192,"kind":"top_words","i1":1,"i2":5,"sol":{"path":["/c/en/d6","/c/en/die","/c/en/bad","/c/ang/earg","/c/en/argh"],"weight":0.20319999999999994},"num_concepts_raised":9489},{"base_id":192,"kind":"top_words","i1":1,"i2":6,"sol":{"path":["/c/en/d6","/c/en/die","/c/en/organism","/c/en/fungus","/c/en/sordariomycetes"],"weight":0.20802999999999988},"num_concepts_raised":4050},{"base_id":192,"kind":"top_words","i1":1,"i2":7,"sol":{"path":["/c/en/d6","/c/en/die","/c/en/animal","/c/en/bird","/c/en/wallcreeper"],"weight":0.2084599999999998},"num_concepts_raised":7406},{"base_id":192,"kind":"top_words","i1":1,"i2":8,"sol":{"path":["/c/en/d6","/c/fr/jeux","/c/fr/matador","/c/en/matador","/c/en/picador"],"weight":0.20410999999999996},"num_concepts_raised":3596},{"base_id":192,"kind":"top_words","i1":1,"i2":9,"sol":{"path":["/c/en/d6","/c/en/die","/c/en/animal","/c/en/bird","/c/en/apodiformes"],"weight":0.2084999999999998},"num_concepts_raised":7398},{"base_id":192,"kind":"top_words","i1":2,"i2":3,"sol":{"path":["/c/en/erst","/c/en/before","/c/en/egg","/c/en/bird","/c/en/caprimulgiformes"],"weight":0.20921999999999982},"num_concepts_raised":7280},{"base_id":192,"kind":"top_words","i1":2,"i2":4,"sol":{"path":["/c/en/erst","/c/en/former","/c/en/die","/c/en/d4"],"weight":0.20293999999999995},"num_concepts_raised":5558},{"base_id":192,"kind":"top_words","i1":2,"i2":5,"sol":{"path":["/c/en/erst","/c/en/ere","/c/en/dialectal","/c/en/argh"],"weight":0.20286999999999988},"num_concepts_raised":9393},{"base_id":192,"kind":"top_words","i1":2,"i2":6,"sol":{"path":["/c/en/erst","/c/en/before","/c/en/soup","/c/en/fungus","/c/en/sordariomycetes"],"weight":0.20874999999999985},"num_concepts_raised":3965},{"base_id":192,"kind":"top_words","i1":2,"i2":7,"sol":{"path":["/c/en/erst","/c/en/before","/c/en/egg","/c/en/bird","/c/en/wallcreeper"],"weight":0.2091999999999998},"num_concepts_raised":7311},{"base_id":192,"kind":"top_words","i1":2,"i2":8,"sol":{"path":["/c/en/erst","/c/en/first","/c/en/sequence","/c/en/matador","/c/en/picador"],"weight":0.2039499999999999},"num_concepts_raised":3516},{"base_id":192,"kind":"top_words","i1":2,"i2":9,"sol":{"path":["/c/en/erst","/c/en/before","/c/en/egg","/c/en/bird","/c/en/apodiformes"],"weight":0.2092399999999998},"num_concepts_raised":7303},{"base_id":192,"kind":"top_words","i1":3,"i2":4,"sol":{"path":["/c/en/caprimulgiformes","/c/en/bird","/c/en/animal","/c/en/die","/c/en/d4"],"weight":0.20845999999999987},"num_concepts_raised":7170},{"base_id":192,"kind":"top_words","i1":3,"i2":5,"sol":{"path":["/c/en/caprimulgiformes","/c/en/bird","/c/en/slang","/c/en/blech","/c/en/argh"],"weight":0.20939999999999986},"num_concepts_raised":11003},{"base_id":192,"kind":"top_words","i1":3,"i2":6,"sol":{"path":["/c/en/caprimulgiformes","/c/en/bird","/c/en/garden","/c/en/fungus","/c/en/sordariomycetes"],"weight":0.2132299999999998},"num_concepts_raised":5566},{"base_id":192,"kind":"top_words","i1":3,"i2":7,"sol":{"path":["/c/en/caprimulgiformes","/c/en/bird","/c/en/wallcreeper"],"weight":0.20600000000000002},"num_concepts_raised":109},{"base_id":192,"kind":"top_words","i1":3,"i2":8,"sol":{"path":["/c/en/caprimulgiformes","/c/en/bird","/c/en/animal","/c/en/bullfighting","/c/en/picador"],"weight":0.20843999999999985},"num_concepts_raised":5118},{"base_id":192,"kind":"top_words","i1":3,"i2":9,"sol":{"path":["/c/en/caprimulgiformes","/c/en/bird","/c/en/apodiformes"],"weight":0.20600000000000002},"num_concepts_raised":115},{"base_id":192,"kind":"top_words","i1":4,"i2":5,"sol":{"path":["/c/en/d4","/c/en/die","/c/en/bad","/c/ang/earg","/c/en/argh"],"weight":0.20317999999999997},"num_concepts_raised":9283},{"base_id":192,"kind":"top_words","i1":4,"i2":6,"sol":{"path":["/c/en/d4","/c/en/die","/c/en/organism","/c/en/fungus","/c/en/sordariomycetes"],"weight":0.20800999999999992},"num_concepts_raised":3843},{"base_id":192,"kind":"top_words","i1":4,"i2":7,"sol":{"path":["/c/en/d4","/c/en/die","/c/en/animal","/c/en/bird","/c/en/wallcreeper"],"weight":0.20843999999999985},"num_concepts_raised":7201},{"base_id":192,"kind":"top_words","i1":4,"i2":8,"sol":{"path":["/c/en/d4","/c/fr/jeux","/c/fr/matador","/c/en/matador","/c/en/picador"],"weight":0.20414},"num_concepts_raised":3391},{"base_id":192,"kind":"top_words","i1":4,"i2":9,"sol":{"path":["/c/en/d4","/c/en/die","/c/en/animal","/c/en/bird","/c/en/apodiformes"],"weight":0.20847999999999983},"num_concepts_raised":7193},{"base_id":192,"kind":"top_words","i1":5,"i2":6,"sol":{"path":["/c/en/argh","/c/en/blech","/c/en/food","/c/en/fungus","/c/en/sordariomycetes"],"weight":0.2089299999999999},"num_concepts_raised":7691},{"base_id":192,"kind":"top_words","i1":5,"i2":7,"sol":{"path":["/c/en/argh","/c/en/blech","/c/en/slang","/c/en/bird","/c/en/wallcreeper"],"weight":0.20937999999999984},"num_concepts_raised":11034},{"base_id":192,"kind":"top_words","i1":5,"i2":8,"sol":{"path":["/c/en/argh","/c/en/dialectal","/c/cs/pikador","/c/en/picador"],"weight":0.20396999999999993},"num_concepts_raised":7237},{"base_id":192,"kind":"top_words","i1":5,"i2":9,"sol":{"path":["/c/en/argh","/c/en/blech","/c/en/slang","/c/en/bird","/c/en/apodiformes"],"weight":0.20941999999999983},"num_concepts_raised":11026},{"base_id":192,"kind":"top_words","i1":6,"i2":7,"sol":{"path":["/c/en/sordariomycetes","/c/en/fungus","/c/en/garden","/c/en/bird","/c/en/wallcreeper"],"weight":0.2132099999999998},"num_concepts_raised":5597},{"base_id":192,"kind":"top_words","i1":6,"i2":8,"sol":{"path":["/c/en/sordariomycetes","/c/en/fungus","/c/en/mole","/c/fr/animal","/c/fr/picador","/c/en/picador"],"weight":0.21412779999999973},"num_concepts_raised":99469},{"base_id":192,"kind":"top_words","i1":6,"i2":9,"sol":{"path":["/c/en/sordariomycetes","/c/en/fungus","/c/en/garden","/c/en/bird","/c/en/apodiformes"],"weight":0.21324999999999977},"num_concepts_raised":5589},{"base_id":192,"kind":"top_words","i1":7,"i2":8,"sol":{"path":["/c/en/wallcreeper","/c/en/bird","/c/en/animal","/c/en/bullfighting","/c/en/picador"],"weight":0.20841999999999983},"num_concepts_raised":5149},{"base_id":192,"kind":"top_words","i1":7,"i2":9,"sol":{"path":["/c/en/wallcreeper","/c/en/bird","/c/en/apodiformes"],"weight":0.20600000000000002},"num_concepts_raised":114},{"base_id":192,"kind":"top_words","i1":8,"i2":9,"sol":{"path":["/c/en/picador","/c/en/bullfighting","/c/en/animal","/c/en/bird","/c/en/apodiformes"],"weight":0.2084599999999998},"num_concepts_raised":5141}]]