[[{"base_id":273,"kind":"bot_words","i1":0,"i2":1,"sol":{"path":["/c/en/sango","/c/en/australia","/c/en/root","/c/en/transpiration"],"weight":0.20914999999999964},"num_concepts_raised":40408},{"base_id":273,"kind":"bot_words","i1":0,"i2":2,"sol":{"path":["/c/en/sango","/c/en/australia","/c/en/country","/c/en/tourist","/c/en/touristic"],"weight":0.20420999999999995},"num_concepts_raised":15460},{"base_id":273,"kind":"bot_words","i1":0,"i2":3,"sol":{"path":["/c/en/sango","/c/en/language","/c/en/field","/c/en/rice"],"weight":0.22632999999999753},"num_concepts_raised":130975},{"base_id":273,"kind":"bot_words","i1":0,"i2":4,"sol":{"path":["/c/en/sango","/c/en/sandwich","/c/en/material","/c/en/scaffolding"],"weight":0.2054299999999998},"num_concepts_raised":31775},{"base_id":273,"kind":"bot_words","i1":0,"i2":5,"sol":{"path":["/c/en/sango","/c/en/bridge","/c/en/medicine","/c/en/quinolone","/c/en/ofloxacin"],"weight":0.20776999999999984},"num_concepts_raised":19971},{"base_id":273,"kind":"bot_words","i1":0,"i2":6,"sol":{"path":["/c/en/sango","/c/en/sandwich","/c/en/material","/c/en/clothe"],"weight":0.2066499999999997},"num_concepts_raised":33881},{"base_id":273,"kind":"bot_words","i1":0,"i2":7,"sol":{"path":["/c/en/sango","/c/en/bridge","/c/en/medicine","/c/en/urinalysis"],"weight":0.2082299999999998},"num_concepts_raised":27836},{"base_id":273,"kind":"bot_words","i1":0,"i2":8,"sol":{"path":["/c/en/sango","/c/en/sandwich","/c/en/illinois","/c/en/trenton"],"weight":0.20425999999999986},"num_concepts_raised":34667},{"base_id":273,"kind":"bot_words","i1":0,"i2":9,"sol":{"path":["/c/en/sango","/c/en/sandwich","/c/en/type","/c/en/devotion","/c/en/religiousness"],"weight":0.2038899999999999},"num_concepts_raised":16713},{"base_id":273,"kind":"bot_words","i1":1,"i2":2,"sol":{"path":["/c/en/transpiration","/c/en/plant","/c/en/person","/c/en/tourist","/c/en/touristic"],"weight":0.21048999999999973},"num_concepts_raised":26410},{"base_id":273,"kind":"bot_words","i1":1,"i2":3,"sol":{"path":["/c/en/transpiration","/c/en/plant","/c/en/rice"],"weight":0.20600000000000002},"num_concepts_raised":1216},{"base_id":273,"kind":"bot_words","i1":1,"i2":4,"sol":{"path":["/c/en/transpiration","/c/en/tube","/c/en/scaffolding"],"weight":0.20400000000000001},"num_concepts_raised":225},{"base_id":273,"kind":"bot_words","i1":1,"i2":5,"sol":{"path":["/c/en/transpiration","/c/en/botany","/c/en/capsule","/c/en/antibiotic","/c/en/ofloxacin"],"weight":0.21412999999999963},"num_concepts_raised":30865},{"base_id":273,"kind":"bot_words","i1":1,"i2":6,"sol":{"path":["/c/en/transpiration","/c/en/skin","/c/en/clothing","/c/en/clothe"],"weight":0.21322999999999948},"num_concepts_raised":44560},{"base_id":273,"kind":"bot_words","i1":1,"i2":7,"sol":{"path":["/c/en/transpiration","/c/en/water","/c/en/medicine","/c/en/urinalysis"],"weight":0.2145799999999996},"num_concepts_raised":38390},{"base_id":273,"kind":"bot_words","i1":1,"i2":8,"sol":{"path":["/c/en/transpiration","/c/en/water","/c/en/state","/c/en/trenton"],"weight":0.20979999999999965},"num_concepts_raised":46791},{"base_id":273,"kind":"bot_words","i1":1,"i2":9,"sol":{"path":["/c/en/transpiration","/c/en/botany","/c/en/regular","/c/en/religious","/c/en/religiousness"],"weight":0.21024999999999966},"num_concepts_raised":27670},{"base_id":273,"kind":"bot_words","i1":2,"i2":3,"sol":{"path":["/c/en/touristic","/c/en/tourist","/c/en/countries","/c/en/rice"],"weight":0.22507999999999764},"num_concepts_raised":119347},{"base_id":273,"kind":"bot_words","i1":2,"i2":4,"sol":{"path":["/c/en/touristic","/c/en/tourist","/c/en/buildings","/c/en/structure","/c/en/scaffolding"],"weight":0.20591999999999988},"num_concepts_raised":17940},{"base_id":273,"kind":"bot_words","i1":2,"i2":5,"sol":{"path":["/c/en/touristic","/c/en/tourist","/c/en/travel","/c/en/trip","/c/en/drug","/c/en/ofloxacin"],"weight":0.21275309999999936},"num_concepts_raised":154631},{"base_id":273,"kind":"bot_words","i1":2,"i2":6,"sol":{"path":["/c/en/touristic","/c/en/tourist","/c/en/nice","/c/en/dress","/c/en/clothe"],"weight":0.2091299999999998},"num_concepts_raised":19879},{"base_id":273,"kind":"bot_words","i1":2,"i2":7,"sol":{"path":["/c/en/touristic","/c/en/tourist","/c/en/person","/c/en/urine","/c/en/urinalysis"],"weight":0.20950999999999992},"num_concepts_raised":13510},{"base_id":273,"kind":"bot_words","i1":2,"i2":8,"sol":{"path":["/c/en/touristic","/c/en/tourist","/c/en/city","/c/en/trenton"],"weight":0.20454999999999995},"num_concepts_raised":21888},{"base_id":273,"kind":"bot_words","i1":2,"i2":9,"sol":{"path":["/c/en/touristic","/c/en/tourist","/c/en/holiday","/c/en/religious","/c/en/religiousness"],"weight":0.20514},"num_concepts_raised":2277},{"base_id":273,"kind":"bot_words","i1":3,"i2":4,"sol":{"path":["/c/en/rice","/c/en/people","/c/en/scaffolding"],"weight":0.20400000000000001},"num_concepts_raised":1213},{"base_id":273,"kind":"bot_words","i1":3,"i2":5,"sol":{"path":["/c/en/rice","/c/en/stuff","/c/en/drug","/c/en/ofloxacin"],"weight":0.22898999999999753},"num_concepts_raised":123170},{"base_id":273,"kind":"bot_words","i1":3,"i2":6,"sol":{"path":["/c/en/rice","/c/en/grain","/c/en/material","/c/en/clothe"],"weight":0.2317899999999974},"num_concepts_raised":135777},{"base_id":273,"kind":"bot_words","i1":3,"i2":7,"sol":{"path":["/c/en/rice","/c/en/medicine","/c/en/urinalysis"],"weight":0.20600000000000002},"num_concepts_raised":1153},{"base_id":273,"kind":"bot_words","i1":3,"i2":8,"sol":{"path":["/c/en/rice","/c/en/field","/c/en/capital","/c/en/trenton"],"weight":0.22674999999999756},"num_concepts_raised":137610},{"base_id":273,"kind":"bot_words","i1":3,"i2":9,"sol":{"path":["/c/en/rice","/c/en/ethnic","/c/en/religious","/c/en/religiousness"],"weight":0.2247999999999976},"num_concepts_raised":120476},{"base_id":273,"kind":"bot_words","i1":4,"i2":5,"sol":{"path":["/c/en/scaffolding","/c/ru/леса","/c/en/line","/c/en/drug","/c/en/ofloxacin"],"weight":0.2102799999999998},"num_concepts_raised":22433},{"base_id":273,"kind":"bot_words","i1":4,"i2":6,"sol":{"path":["/c/en/scaffolding","/c/en/material","/c/en/clothe"],"weight":0.202},"num_concepts_raised":296},{"base_id":273,"kind":"bot_words","i1":4,"i2":7,"sol":{"path":["/c/en/scaffolding","/c/en/scaffold","/c/en/bioscaffold","/c/en/medicine","/c/en/urinalysis"],"weight":0.21476999999999974},"num_concepts_raised":30228},{"base_id":273,"kind":"bot_words","i1":4,"i2":8,"sol":{"path":["/c/en/scaffolding","/c/en/structure","/c/en/city","/c/en/trenton"],"weight":0.2050399999999998},"num_concepts_raised":38133},{"base_id":273,"kind":"bot_words","i1":4,"i2":9,"sol":{"path":["/c/en/scaffolding","/c/fr/échafaudage","/c/fr/sentiment","/c/fr/piété","/c/en/religiousness"],"weight":0.20668999999999985},"num_concepts_raised":19164},{"base_id":273,"kind":"bot_words","i1":5,"i2":6,"sol":{"path":["/c/en/ofloxacin","/c/en/drug","/c/en/body","/c/en/dress","/c/en/clothe"],"weight":0.21278999999999967},"num_concepts_raised":24361},{"base_id":273,"kind":"bot_words","i1":5,"i2":7,"sol":{"path":["/c/en/ofloxacin","/c/en/drug","/c/en/medicine","/c/en/urinalysis"],"weight":0.2131999999999998},"num_concepts_raised":17439},{"base_id":273,"kind":"bot_words","i1":5,"i2":8,"sol":{"path":["/c/en/ofloxacin","/c/en/drug","/c/en/dry","/c/en/state","/c/en/trenton"],"weight":0.20836999999999983},"num_concepts_raised":26397},{"base_id":273,"kind":"bot_words","i1":5,"i2":9,"sol":{"path":["/c/en/ofloxacin","/c/en/drug","/c/en/clean","/c/en/godliness","/c/en/religiousness"],"weight":0.20879999999999987},"num_concepts_raised":6798},{"base_id":273,"kind":"bot_words","i1":6,"i2":7,"sol":{"path":["/c/en/clothe","/c/en/dress","/c/en/medicine","/c/en/urinalysis"],"weight":0.21321999999999966},"num_concepts_raised":32218},{"base_id":273,"kind":"bot_words","i1":6,"i2":8,"sol":{"path":["/c/en/clothe","/c/en/invest","/c/en/capital","/c/en/trenton"],"weight":0.2070099999999997},"num_concepts_raised":40235},{"base_id":273,"kind":"bot_words","i1":6,"i2":9,"sol":{"path":["/c/en/clothe","/c/en/address","/c/en/reverence","/c/en/religiousness"],"weight":0.20548999999999973},"num_concepts_raised":21110},{"base_id":273,"kind":"bot_words","i1":7,"i2":8,"sol":{"path":["/c/en/urinalysis","/c/en/medical_test","/c/en/ct","/c/en/united_states_of_america","/c/en/trenton"],"weight":0.2106799999999998},"num_concepts_raised":34253},{"base_id":273,"kind":"bot_words","i1":7,"i2":9,"sol":{"path":["/c/en/urinalysis","/c/en/analysis","/c/en/regular","/c/en/religious","/c/en/religiousness"],"weight":0.20925999999999984},"num_concepts_raised":14776},{"base_id":273,"kind":"bot_words","i1":8,"i2":9,"sol":{"path":["/c/en/trenton","/c/en/state","/c/en/clean","/c/en/godliness","/c/en/religiousness"],"weight":0.2045799999999999},"num_concepts_raised":23142}],[{"base_id":273,"kind":"top_words","i1":0,"i2":1,"sol":{"path":["/c/en/island","/c/en/islands"],"weight":0.20900000000000002},"num_concepts_raised":1259},{"base_id":273,"kind":"top_words","i1":0,"i2":2,"sol":{"path":["/c/en/island","/c/en/upolu"],"weight":0.20800000000000002},"num_concepts_raised":1267},{"base_id":273,"kind":"top_words","i1":0,"i2":3,"sol":{"path":["/c/en/island","/c/en/lombok"],"weight":0.21000000000000002},"num_concepts_raised":1289},{"base_id":273,"kind":"top_words","i1":0,"i2":4,"sol":{"path":["/c/en/island","/c/en/fuerteventura"],"weight":0.20800000000000002},"num_concepts_raised":1283},{"base_id":273,"kind":"top_words","i1":0,"i2":5,"sol":{"path":["/c/en/island","/c/en/thíra","/c/en/santorini"],"weight":0.20800000000000002},"num_concepts_raised":1303},{"base_id":273,"kind":"top_words","i1":0,"i2":6,"sol":{"path":["/c/en/island","/c/en/continent","/c/en/country","/c/en/anjouan"],"weight":0.24497000000000663},"num_concepts_raised":97820},{"base_id":273,"kind":"top_words","i1":0,"i2":7,"sol":{"path":["/c/en/island","/c/en/sumbawa"],"weight":0.21000000000000002},"num_concepts_raised":1285},{"base_id":273,"kind":"top_words","i1":0,"i2":8,"sol":{"path":["/c/en/island","/c/en/continent","/c/en/country","/c/en/cocos"],"weight":0.24534000000000644},"num_concepts_raised":97806},{"base_id":273,"kind":"top_words","i1":0,"i2":9,"sol":{"path":["/c/en/island","/c/en/hawaii","/c/en/administrative_region","/c/en/zakynthos"],"weight":0.24421000000000676},"num_concepts_raised":96704},{"base_id":273,"kind":"top_words","i1":1,"i2":2,"sol":{"path":["/c/en/islands","/c/en/island","/c/en/upolu"],"weight":0.20600000000000002},"num_concepts_raised":69},{"base_id":273,"kind":"top_words","i1":1,"i2":3,"sol":{"path":["/c/en/islands","/c/en/island","/c/en/lombok"],"weight":0.20700000000000002},"num_concepts_raised":91},{"base_id":273,"kind":"top_words","i1":1,"i2":4,"sol":{"path":["/c/en/islands","/c/en/island","/c/en/fuerteventura"],"weight":0.20600000000000002},"num_concepts_raised":85},{"base_id":273,"kind":"top_words","i1":1,"i2":5,"sol":{"path":["/c/en/islands","/c/en/island","/c/en/thíra","/c/en/santorini"],"weight":0.21057999999999968},"num_concepts_raised":4424},{"base_id":273,"kind":"top_words","i1":1,"i2":6,"sol":{"path":["/c/en/islands","/c/en/hong_kong","/c/en/country","/c/en/anjouan"],"weight":0.20811999999999972},"num_concepts_raised":6149},{"base_id":273,"kind":"top_words","i1":1,"i2":7,"sol":{"path":["/c/en/islands","/c/en/island","/c/en/sumbawa"],"weight":0.20700000000000002},"num_concepts_raised":87},{"base_id":273,"kind":"top_words","i1":1,"i2":8,"sol":{"path":["/c/en/islands","/c/en/new_zealand","/c/en/country","/c/en/cocos"],"weight":0.20849999999999955},"num_concepts_raised":6092},{"base_id":273,"kind":"top_words","i1":1,"i2":9,"sol":{"path":["/c/en/islands","/c/en/attica","/c/en/greece","/c/en/zakynthos"],"weight":0.20840999999999982},"num_concepts_raised":4284},{"base_id":273,"kind":"top_words","i1":2,"i2":3,"sol":{"path":["/c/en/upolu","/c/en/island","/c/en/lombok"],"weight":0.20700000000000002},"num_concepts_raised":91},{"base_id":273,"kind":"top_words","i1":2,"i2":4,"sol":{"path":["/c/en/upolu","/c/en/island","/c/en/fuerteventura"],"weight":0.20600000000000002},"num_concepts_raised":85},{"base_id":273,"kind":"top_words","i1":2,"i2":5,"sol":{"path":["/c/en/upolu","/c/en/island","/c/en/thíra","/c/en/santorini"],"weight":0.21343999999999969},"num_concepts_raised":2604},{"base_id":273,"kind":"top_words","i1":2,"i2":6,"sol":{"path":["/c/en/upolu","/c/en/samoa","/c/en/country","/c/en/anjouan"],"weight":0.21314999999999973},"num_concepts_raised":4309},{"base_id":273,"kind":"top_words","i1":2,"i2":7,"sol":{"path":["/c/en/upolu","/c/en/island","/c/en/sumbawa"],"weight":0.20700000000000002},"num_concepts_raised":87},{"base_id":273,"kind":"top_words","i1":2,"i2":8,"sol":{"path":["/c/en/upolu","/c/en/samoa","/c/en/country","/c/en/cocos"],"weight":0.21351999999999954},"num_concepts_raised":4254},{"base_id":273,"kind":"top_words","i1":2,"i2":9,"sol":{"path":["/c/en/upolu","/c/en/samoa","/c/en/country","/c/en/greece","/c/en/zakynthos"],"weight":0.2135099999999998},"num_concepts_raised":2464},{"base_id":273,"kind":"top_words","i1":3,"i2":4,"sol":{"path":["/c/en/lombok","/c/en/island","/c/en/fuerteventura"],"weight":0.20700000000000002},"num_concepts_raised":107},{"base_id":273,"kind":"top_words","i1":3,"i2":5,"sol":{"path":["/c/en/lombok","/c/en/island","/c/en/thíra","/c/en/santorini"],"weight":0.21575999999999962},"num_concepts_raised":3994},{"base_id":273,"kind":"top_words","i1":3,"i2":6,"sol":{"path":["/c/en/lombok","/c/en/province","/c/en/anjou","/c/en/anjouan"],"weight":0.21738999999999964},"num_concepts_raised":5639},{"base_id":273,"kind":"top_words","i1":3,"i2":7,"sol":{"path":["/c/en/lombok","/c/en/island","/c/en/sumbawa"],"weight":0.20800000000000002},"num_concepts_raised":107},{"base_id":273,"kind":"top_words","i1":3,"i2":8,"sol":{"path":["/c/en/lombok","/c/en/indonesia","/c/en/country","/c/en/cocos"],"weight":0.21380999999999947},"num_concepts_raised":5585},{"base_id":273,"kind":"top_words","i1":3,"i2":9,"sol":{"path":["/c/en/lombok","/c/en/island","/c/en/crete","/c/en/greece","/c/en/zakynthos"],"weight":0.21582999999999974},"num_concepts_raised":3854},{"base_id":273,"kind":"top_words","i1":4,"i2":5,"sol":{"path":["/c/en/fuerteventura","/c/en/island","/c/en/thíra","/c/en/santorini"],"weight":0.21362999999999965},"num_concepts_raised":2831},{"base_id":273,"kind":"top_words","i1":4,"i2":6,"sol":{"path":["/c/en/fuerteventura","/c/en/canary_islands","/c/en/spain","/c/en/country","/c/en/anjouan"],"weight":0.21536999999999967},"num_concepts_raised":4531},{"base_id":273,"kind":"top_words","i1":4,"i2":7,"sol":{"path":["/c/en/fuerteventura","/c/en/island","/c/en/sumbawa"],"weight":0.20700000000000002},"num_concepts_raised":103},{"base_id":273,"kind":"top_words","i1":4,"i2":8,"sol":{"path":["/c/en/fuerteventura","/c/en/canary_islands","/c/en/spain","/c/en/country","/c/en/cocos"],"weight":0.2157399999999995},"num_concepts_raised":4476},{"base_id":273,"kind":"top_words","i1":4,"i2":9,"sol":{"path":["/c/en/fuerteventura","/c/en/island","/c/en/aegina","/c/en/greece","/c/en/zakynthos"],"weight":0.21368999999999977},"num_concepts_raised":2691},{"base_id":273,"kind":"top_words","i1":5,"i2":6,"sol":{"path":["/c/en/santorini","/c/en/greece","/c/en/country","/c/en/anjouan"],"weight":0.21363999999999964},"num_concepts_raised":4077},{"base_id":273,"kind":"top_words","i1":5,"i2":7,"sol":{"path":["/c/en/santorini","/c/en/thíra","/c/en/island","/c/en/sumbawa"],"weight":0.21572999999999962},"num_concepts_raised":3265},{"base_id":273,"kind":"top_words","i1":5,"i2":8,"sol":{"path":["/c/en/santorini","/c/en/greece","/c/en/country","/c/en/cocos"],"weight":0.21400999999999948},"num_concepts_raised":4021},{"base_id":273,"kind":"top_words","i1":5,"i2":9,"sol":{"path":["/c/en/santorini","/c/en/administrative_region","/c/en/zakynthos"],"weight":0.20600000000000002},"num_concepts_raised":126},{"base_id":273,"kind":"top_words","i1":6,"i2":7,"sol":{"path":["/c/en/anjouan","/c/en/country","/c/en/indonesia","/c/en/sumbawa"],"weight":0.21336999999999967},"num_concepts_raised":4958},{"base_id":273,"kind":"top_words","i1":6,"i2":8,"sol":{"path":["/c/en/anjouan","/c/en/country","/c/en/cocos"],"weight":0.20600000000000002},"num_concepts_raised":137},{"base_id":273,"kind":"top_words","i1":6,"i2":9,"sol":{"path":["/c/en/anjouan","/c/en/country","/c/en/greece","/c/en/zakynthos"],"weight":0.2136799999999998},"num_concepts_raised":3935},{"base_id":273,"kind":"top_words","i1":7,"i2":8,"sol":{"path":["/c/en/sumbawa","/c/en/indonesia","/c/en/country","/c/en/cocos"],"weight":0.21373999999999949},"num_concepts_raised":4903},{"base_id":273,"kind":"top_words","i1":7,"i2":9,"sol":{"path":["/c/en/sumbawa","/c/en/island","/c/en/crete","/c/en/greece","/c/en/zakynthos"],"weight":0.21578999999999976},"num_concepts_raised":3126},{"base_id":273,"kind":"top_words","i1":8,"i2":9,"sol":{"path":["/c/en/cocos","/c/en/country","/c/en/greece","/c/en/zakynthos"],"weight":0.21404999999999963},"num_concepts_raised":3880}]]