[[{"base_id":3,"kind":"bot_words","i1":0,"i2":1,"sol":{"path":["/c/en/entirety","/c/en/body","/c/en/statue","/c/en/michelangelo"],"weight":0.21489999999999948},"num_concepts_raised":9093},{"base_id":3,"kind":"bot_words","i1":0,"i2":2,"sol":{"path":["/c/en/entirety","/c/en/body","/c/en/building","/c/en/sawmill"],"weight":0.21081999999999984},"num_concepts_raised":16440},{"base_id":3,"kind":"bot_words","i1":0,"i2":3,"sol":{"path":["/c/en/entirety","/c/en/whole","/c/en/object","/c/en/antipathy"],"weight":0.21288999999999975},"num_concepts_raised":12937},{"base_id":3,"kind":"bot_words","i1":0,"i2":4,"sol":{"path":["/c/en/entirety","/c/en/all","/c/en/capital","/c/en/cap"],"weight":0.22284999999999858},"num_concepts_raised":122510},{"base_id":3,"kind":"bot_words","i1":0,"i2":5,"sol":{"path":["/c/en/entirety","/c/en/whole","/c/en/unit","/c/en/ah"],"weight":0.20769999999999939},"num_concepts_raised":39098},{"base_id":3,"kind":"bot_words","i1":0,"i2":6,"sol":{"path":["/c/en/entirety","/c/en/totality","/c/en/astronomy","/c/en/astrology"],"weight":0.22395999999999772},"num_concepts_raised":49911},{"base_id":3,"kind":"bot_words","i1":0,"i2":7,"sol":{"path":["/c/en/entirety","/c/en/whole","/c/en/section","/c/en/season","/c/en/preseason"],"weight":0.20796999999999977},"num_concepts_raised":11082},{"base_id":3,"kind":"bot_words","i1":0,"i2":8,"sol":{"path":["/c/en/entirety","/c/en/body","/c/en/dress","/c/en/sari"],"weight":0.2053799999999999},"num_concepts_raised":15031},{"base_id":3,"kind":"bot_words","i1":0,"i2":9,"sol":{"path":["/c/en/entirety","/c/fr/entier","/c/fr/botanique","/c/en/arnica"],"weight":0.21142999999999978},"num_concepts_raised":25366},{"base_id":3,"kind":"bot_words","i1":1,"i2":2,"sol":{"path":["/c/en/michelangelo","/c/en/statue","/c/en/building","/c/en/sawmill"],"weight":0.21985999999999967},"num_concepts_raised":11535},{"base_id":3,"kind":"bot_words","i1":1,"i2":3,"sol":{"path":["/c/en/michelangelo","/c/en/statue","/c/en/object","/c/en/antipathy"],"weight":0.22025999999999957},"num_concepts_raised":7973},{"base_id":3,"kind":"bot_words","i1":1,"i2":4,"sol":{"path":["/c/en/michelangelo","/c/en/statue","/c/en/bird","/c/en/cap"],"weight":0.2275499999999984},"num_concepts_raised":118330},{"base_id":3,"kind":"bot_words","i1":1,"i2":5,"sol":{"path":["/c/en/michelangelo","/c/en/statue","/c/en/human","/c/en/ah"],"weight":0.2149999999999992},"num_concepts_raised":34500},{"base_id":3,"kind":"bot_words","i1":1,"i2":6,"sol":{"path":["/c/en/michelangelo","/c/en/statue","/c/en/square","/c/en/astrology"],"weight":0.22876999999999753},"num_concepts_raised":45279},{"base_id":3,"kind":"bot_words","i1":1,"i2":7,"sol":{"path":["/c/en/michelangelo","/c/en/comics_character","/c/en/storm","/c/en/season","/c/en/preseason"],"weight":0.21530999999999959},"num_concepts_raised":6062},{"base_id":3,"kind":"bot_words","i1":1,"i2":8,"sol":{"path":["/c/en/michelangelo","/c/en/statue","/c/en/body","/c/en/dress","/c/en/sari"],"weight":0.2144199999999997},"num_concepts_raised":10167},{"base_id":3,"kind":"bot_words","i1":1,"i2":9,"sol":{"path":["/c/en/michelangelo","/c/en/artist","/c/en/person","/c/en/plant","/c/en/arnica"],"weight":0.2194099999999996},"num_concepts_raised":20379},{"base_id":3,"kind":"bot_words","i1":2,"i2":3,"sol":{"path":["/c/en/sawmill","/c/en/machine","/c/en/object","/c/en/antipathy"],"weight":0.2161599999999999},"num_concepts_raised":15381},{"base_id":3,"kind":"bot_words","i1":2,"i2":4,"sol":{"path":["/c/en/sawmill","/c/en/mill","/c/en/slang","/c/en/cap"],"weight":0.22794999999999874},"num_concepts_raised":124475},{"base_id":3,"kind":"bot_words","i1":2,"i2":5,"sol":{"path":["/c/en/sawmill","/c/en/saw","/c/en/us","/c/en/ah"],"weight":0.21121999999999957},"num_concepts_raised":41429},{"base_id":3,"kind":"bot_words","i1":2,"i2":6,"sol":{"path":["/c/en/sawmill","/c/en/company","/c/en/leo","/c/en/astrology"],"weight":0.22494999999999787},"num_concepts_raised":52068},{"base_id":3,"kind":"bot_words","i1":2,"i2":7,"sol":{"path":["/c/en/sawmill","/c/en/cut","/c/en/sport","/c/en/preseason"],"weight":0.20914999999999995},"num_concepts_raised":13498},{"base_id":3,"kind":"bot_words","i1":2,"i2":8,"sol":{"path":["/c/en/sawmill","/c/en/mill","/c/en/dress","/c/en/sari"],"weight":0.21235000000000004},"num_concepts_raised":17462},{"base_id":3,"kind":"bot_words","i1":2,"i2":9,"sol":{"path":["/c/en/sawmill","/c/en/building","/c/en/plant","/c/en/arnica"],"weight":0.21527999999999997},"num_concepts_raised":27788},{"base_id":3,"kind":"bot_words","i1":3,"i2":4,"sol":{"path":["/c/en/antipathy","/c/ar/مال","/c/en/capital","/c/en/cap"],"weight":0.22808999999999865},"num_concepts_raised":121814},{"base_id":3,"kind":"bot_words","i1":3,"i2":5,"sol":{"path":["/c/en/antipathy","/c/en/sympathy","/c/en/understanding","/c/en/ah"],"weight":0.21339999999999948},"num_concepts_raised":38121},{"base_id":3,"kind":"bot_words","i1":3,"i2":6,"sol":{"path":["/c/en/antipathy","/c/en/object","/c/en/fish","/c/en/astrology"],"weight":0.22738999999999776},"num_concepts_raised":49027},{"base_id":3,"kind":"bot_words","i1":3,"i2":7,"sol":{"path":["/c/en/antipathy","/c/en/hatred","/c/en/person","/c/en/sport","/c/en/preseason"],"weight":0.21207999999999982},"num_concepts_raised":9970},{"base_id":3,"kind":"bot_words","i1":3,"i2":8,"sol":{"path":["/c/en/antipathy","/c/en/object","/c/en/head","/c/en/sari"],"weight":0.21058999999999994},"num_concepts_raised":14025},{"base_id":3,"kind":"bot_words","i1":3,"i2":9,"sol":{"path":["/c/en/antipathy","/c/en/object","/c/en/plant","/c/en/arnica"],"weight":0.21567999999999987},"num_concepts_raised":24273},{"base_id":3,"kind":"bot_words","i1":4,"i2":5,"sol":{"path":["/c/en/cap","/c/en/charge","/c/en/ah"],"weight":0.20400000000000001},"num_concepts_raised":803},{"base_id":3,"kind":"bot_words","i1":4,"i2":6,"sol":{"path":["/c/en/cap","/c/en/spherical","/c/en/astrology"],"weight":0.20600000000000002},"num_concepts_raised":1435},{"base_id":3,"kind":"bot_words","i1":4,"i2":7,"sol":{"path":["/c/en/cap","/c/en/slang","/c/en/sport","/c/en/preseason"],"weight":0.21931999999999868},"num_concepts_raised":120038},{"base_id":3,"kind":"bot_words","i1":4,"i2":8,"sol":{"path":["/c/en/cap","/c/en/head","/c/en/sari"],"weight":0.20400000000000001},"num_concepts_raised":707},{"base_id":3,"kind":"bot_words","i1":4,"i2":9,"sol":{"path":["/c/en/cap","/c/en/slang","/c/en/plant","/c/en/arnica"],"weight":0.22536999999999868},"num_concepts_raised":133456},{"base_id":3,"kind":"bot_words","i1":5,"i2":6,"sol":{"path":["/c/en/ah","/c/ko/어","/c/en/fish","/c/en/astrology"],"weight":0.22202999999999742},"num_concepts_raised":74107},{"base_id":3,"kind":"bot_words","i1":5,"i2":7,"sol":{"path":["/c/en/ah","/c/en/year","/c/en/season","/c/en/preseason"],"weight":0.2064699999999995},"num_concepts_raised":36372},{"base_id":3,"kind":"bot_words","i1":5,"i2":8,"sol":{"path":["/c/en/ah","/c/en/human","/c/en/head","/c/en/sari"],"weight":0.20533999999999958},"num_concepts_raised":40272},{"base_id":3,"kind":"bot_words","i1":5,"i2":9,"sol":{"path":["/c/en/ah","/c/en/us","/c/en/plant","/c/en/arnica"],"weight":0.2103699999999995},"num_concepts_raised":50630},{"base_id":3,"kind":"bot_words","i1":6,"i2":7,"sol":{"path":["/c/en/astrology","/c/zh/地支","/c/en/season","/c/en/preseason"],"weight":0.2200599999999978},"num_concepts_raised":47227},{"base_id":3,"kind":"bot_words","i1":6,"i2":8,"sol":{"path":["/c/en/astrology","/c/en/ram","/c/en/head","/c/en/sari"],"weight":0.21918999999999791},"num_concepts_raised":51034},{"base_id":3,"kind":"bot_words","i1":6,"i2":9,"sol":{"path":["/c/en/astrology","/c/en/house","/c/en/plant","/c/en/arnica"],"weight":0.22426999999999783},"num_concepts_raised":61321},{"base_id":3,"kind":"bot_words","i1":7,"i2":8,"sol":{"path":["/c/en/preseason","/c/en/prepare","/c/en/dress","/c/en/sari"],"weight":0.20365999999999995},"num_concepts_raised":12109},{"base_id":3,"kind":"bot_words","i1":7,"i2":9,"sol":{"path":["/c/en/preseason","/c/en/season","/c/en/herb","/c/en/arnica"],"weight":0.21074999999999988},"num_concepts_raised":22344},{"base_id":3,"kind":"bot_words","i1":8,"i2":9,"sol":{"path":["/c/en/sari","/c/en/cotton","/c/en/plant","/c/en/arnica"],"weight":0.20972},"num_concepts_raised":26392}],[{"base_id":3,"kind":"top_words","i1":0,"i2":1,"sol":{"path":["/c/en/eurodollar","/c/en/united_states","/c/en/republic","/c/en/publish","/c/en/republish"],"weight":0.20384999999999986},"num_concepts_raised":16970},{"base_id":3,"kind":"top_words","i1":0,"i2":2,"sol":{"path":["/c/en/eurodollar","/c/fr/eurodollar","/c/fr/économie","/c/en/inflation"],"weight":0.21286999999999945},"num_concepts_raised":29160},{"base_id":3,"kind":"top_words","i1":0,"i2":3,"sol":{"path":["/c/en/eurodollar","/c/en/dollar","/c/en/euro","/c/en/eurozone"],"weight":0.21219000000000038},"num_concepts_raised":13538},{"base_id":3,"kind":"top_words","i1":0,"i2":4,"sol":{"path":["/c/en/eurodollar","/c/en/dollar","/c/en/denomination","/c/en/ist","/c/en/ism"],"weight":0.2076200000000002},"num_concepts_raised":29058},{"base_id":3,"kind":"top_words","i1":0,"i2":5,"sol":{"path":["/c/en/eurodollar","/c/en/us","/c/en/list","/c/en/index"],"weight":0.21782999999999925},"num_concepts_raised":69803},{"base_id":3,"kind":"top_words","i1":0,"i2":6,"sol":{"path":["/c/en/eurodollar","/c/fr/eurodollar","/c/fr/économie","/c/en/inflation","/c/en/inflationary"],"weight":0.20616999999999994},"num_concepts_raised":15213},{"base_id":3,"kind":"top_words","i1":0,"i2":7,"sol":{"path":["/c/en/eurodollar","/c/en/us","/c/en/turn_signal","/c/en/indicator"],"weight":0.20730999999999936},"num_concepts_raised":70305},{"base_id":3,"kind":"top_words","i1":0,"i2":8,"sol":{"path":["/c/en/eurodollar","/c/en/bank","/c/en/location","/c/en/coincident"],"weight":0.20286999999999988},"num_concepts_raised":16644},{"base_id":3,"kind":"top_words","i1":0,"i2":9,"sol":{"path":["/c/en/eurodollar","/c/en/united_states","/c/en/baden"],"weight":0.202},"num_concepts_raised":63},{"base_id":3,"kind":"top_words","i1":1,"i2":2,"sol":{"path":["/c/en/republish","/c/en/publish","/c/en/push","/c/en/inflate","/c/en/inflation"],"weight":0.21506999999999935},"num_concepts_raised":23585},{"base_id":3,"kind":"top_words","i1":1,"i2":3,"sol":{"path":["/c/en/republish","/c/en/print","/c/en/document","/c/en/currency","/c/en/eurozone"],"weight":0.21009000000000028},"num_concepts_raised":7730},{"base_id":3,"kind":"top_words","i1":1,"i2":4,"sol":{"path":["/c/en/republish","/c/en/law","/c/en/wasm","/c/en/ism"],"weight":0.2065800000000001},"num_concepts_raised":23195},{"base_id":3,"kind":"top_words","i1":1,"i2":5,"sol":{"path":["/c/en/republish","/c/en/print","/c/en/finger","/c/en/index"],"weight":0.21768999999999916},"num_concepts_raised":64080},{"base_id":3,"kind":"top_words","i1":1,"i2":6,"sol":{"path":["/c/en/republish","/c/en/publish","/c/en/distribution","/c/en/economics","/c/en/inflationary"],"weight":0.20412999999999987},"num_concepts_raised":9323},{"base_id":3,"kind":"top_words","i1":1,"i2":7,"sol":{"path":["/c/en/republish","/c/en/publish","/c/la/indico","/c/en/indicator"],"weight":0.20735999999999927},"num_concepts_raised":65762},{"base_id":3,"kind":"top_words","i1":1,"i2":8,"sol":{"path":["/c/en/republish","/c/en/publish","/c/en/issue","/c/en/time","/c/en/coincident"],"weight":0.2040099999999998},"num_concepts_raised":10810},{"base_id":3,"kind":"top_words","i1":1,"i2":9,"sol":{"path":["/c/en/republish","/c/en/publish","/c/en/republic","/c/en/baden"],"weight":0.20396999999999976},"num_concepts_raised":27776},{"base_id":3,"kind":"top_words","i1":2,"i2":3,"sol":{"path":["/c/en/inflation","/c/en/money","/c/en/euro","/c/en/eurozone"],"weight":0.22117999999999988},"num_concepts_raised":20111},{"base_id":3,"kind":"top_words","i1":2,"i2":4,"sol":{"path":["/c/en/inflation","/c/en/gas","/c/en/interstellar_medium","/c/en/ism"],"weight":0.21551999999999968},"num_concepts_raised":35503},{"base_id":3,"kind":"top_words","i1":2,"i2":5,"sol":{"path":["/c/en/inflation","/c/en/cost_of_living","/c/en/index"],"weight":0.20700000000000002},"num_concepts_raised":722},{"base_id":3,"kind":"top_words","i1":2,"i2":6,"sol":{"path":["/c/en/inflation","/c/en/inflationary"],"weight":0.20800000000000002},"num_concepts_raised":279},{"base_id":3,"kind":"top_words","i1":2,"i2":7,"sol":{"path":["/c/en/inflation","/c/en/economics","/c/en/indicator"],"weight":0.20400000000000001},"num_concepts_raised":534},{"base_id":3,"kind":"top_words","i1":2,"i2":8,"sol":{"path":["/c/en/inflation","/c/la/in","/c/en/incident","/c/en/coincident"],"weight":0.21285999999999938},"num_concepts_raised":23221},{"base_id":3,"kind":"top_words","i1":2,"i2":9,"sol":{"path":["/c/en/inflation","/c/en/real","/c/en/germany","/c/en/baden"],"weight":0.21201999999999938},"num_concepts_raised":40181},{"base_id":3,"kind":"top_words","i1":3,"i2":4,"sol":{"path":["/c/en/eurozone","/c/en/zone","/c/en/island","/c/en/ist","/c/en/ism"],"weight":0.2148000000000006},"num_concepts_raised":19827},{"base_id":3,"kind":"top_words","i1":3,"i2":5,"sol":{"path":["/c/en/eurozone","/c/en/zone","/c/syc/ܥܪܩܬܐ","/c/en/index"],"weight":0.2224499999999997},"num_concepts_raised":61102},{"base_id":3,"kind":"top_words","i1":3,"i2":6,"sol":{"path":["/c/en/eurozone","/c/en/currency","/c/en/deflate","/c/en/inflationary"],"weight":0.21022000000000038},"num_concepts_raised":5877},{"base_id":3,"kind":"top_words","i1":3,"i2":7,"sol":{"path":["/c/en/eurozone","/c/en/currency","/c/en/mark","/c/en/indicator"],"weight":0.2137199999999998},"num_concepts_raised":62582},{"base_id":3,"kind":"top_words","i1":3,"i2":8,"sol":{"path":["/c/en/eurozone","/c/en/euro","/c/en/money","/c/en/time","/c/en/coincident"],"weight":0.21231000000000033},"num_concepts_raised":7380},{"base_id":3,"kind":"top_words","i1":3,"i2":9,"sol":{"path":["/c/en/eurozone","/c/en/zone","/c/en/state","/c/en/baden"],"weight":0.2102300000000003},"num_concepts_raised":24398},{"base_id":3,"kind":"top_words","i1":4,"i2":5,"sol":{"path":["/c/en/ism","/c/en/philosophy","/c/en/indexical","/c/en/index"],"weight":0.2222899999999995},"num_concepts_raised":75936},{"base_id":3,"kind":"top_words","i1":4,"i2":6,"sol":{"path":["/c/en/ism","/c/en/philosophy","/c/en/deflationary","/c/en/inflationary"],"weight":0.2068500000000002},"num_concepts_raised":21372},{"base_id":3,"kind":"top_words","i1":4,"i2":7,"sol":{"path":["/c/en/ism","/c/en/medicine","/c/en/indication","/c/en/indicator"],"weight":0.2103199999999996},"num_concepts_raised":77349},{"base_id":3,"kind":"top_words","i1":4,"i2":8,"sol":{"path":["/c/en/ism","/c/en/philosophy","/c/en/coincidentalism","/c/en/coincident"],"weight":0.2057000000000001},"num_concepts_raised":22882},{"base_id":3,"kind":"top_words","i1":4,"i2":9,"sol":{"path":["/c/en/ism","/c/en/ist","/c/en/island","/c/en/state","/c/en/baden"],"weight":0.2078200000000001},"num_concepts_raised":39854},{"base_id":3,"kind":"top_words","i1":5,"i2":6,"sol":{"path":["/c/en/index","/c/en/economics","/c/en/inflationary"],"weight":0.20400000000000001},"num_concepts_raised":490},{"base_id":3,"kind":"top_words","i1":5,"i2":7,"sol":{"path":["/c/en/index","/c/en/indicator"],"weight":0.20700000000000002},"num_concepts_raised":701},{"base_id":3,"kind":"top_words","i1":5,"i2":8,"sol":{"path":["/c/en/index","/c/en/point","/c/en/location","/c/en/coincident"],"weight":0.2177799999999992},"num_concepts_raised":63732},{"base_id":3,"kind":"top_words","i1":5,"i2":9,"sol":{"path":["/c/en/index","/c/en/indicate","/c/en/state","/c/en/baden"],"weight":0.22206999999999918},"num_concepts_raised":80369},{"base_id":3,"kind":"top_words","i1":6,"i2":7,"sol":{"path":["/c/en/inflationary","/c/en/economics","/c/en/indicator"],"weight":0.202},"num_concepts_raised":300},{"base_id":3,"kind":"top_words","i1":6,"i2":8,"sol":{"path":["/c/en/inflationary","/c/en/inflation","/c/la/in","/c/en/incident","/c/en/coincident"],"weight":0.2062799999999999},"num_concepts_raised":8991},{"base_id":3,"kind":"top_words","i1":6,"i2":9,"sol":{"path":["/c/en/inflationary","/c/en/inflation","/c/en/nominal","/c/en/germany","/c/en/baden"],"weight":0.20539999999999986},"num_concepts_raised":26139},{"base_id":3,"kind":"top_words","i1":7,"i2":8,"sol":{"path":["/c/en/indicator","/c/en/pointer","/c/en/location","/c/en/coincident"],"weight":0.2076799999999993},"num_concepts_raised":65166},{"base_id":3,"kind":"top_words","i1":7,"i2":9,"sol":{"path":["/c/en/indicator","/c/en/indicate","/c/en/state","/c/en/baden"],"weight":0.20869999999999927},"num_concepts_raised":81355},{"base_id":3,"kind":"top_words","i1":8,"i2":9,"sol":{"path":["/c/en/coincident","/c/en/accordance","/c/en/historical","/c/en/baden"],"weight":0.2029899999999998},"num_concepts_raised":27485}]]