[[{"base_id":858,"kind":"bot_words","i1":0,"i2":1,"sol":{"path":["/c/en/freehold","/c/en/new_york","/c/en/sing_sing","/c/en/kob"],"weight":0.20863999999999971},"num_concepts_raised":12823},{"base_id":858,"kind":"bot_words","i1":0,"i2":2,"sol":{"path":["/c/en/freehold","/c/en/usa","/c/en/slang","/c/en/yegg","/c/en/safecracker"],"weight":0.2042199999999999},"num_concepts_raised":10530},{"base_id":858,"kind":"bot_words","i1":0,"i2":3,"sol":{"path":["/c/en/freehold","/c/en/life","/c/en/animal","/c/en/metazoan"],"weight":0.20436999999999989},"num_concepts_raised":31580},{"base_id":858,"kind":"bot_words","i1":0,"i2":4,"sol":{"path":["/c/en/freehold","/c/fr/libre","/c/en/gratuitous","/c/en/onerous"],"weight":0.20366999999999977},"num_concepts_raised":13255},{"base_id":858,"kind":"bot_words","i1":0,"i2":5,"sol":{"path":["/c/en/freehold","/c/en/england","/c/en/sway","/c/en/persuade","/c/en/convince"],"weight":0.20811999999999947},"num_concepts_raised":20915},{"base_id":858,"kind":"bot_words","i1":0,"i2":6,"sol":{"path":["/c/en/freehold","/c/en/life","/c/en/failure_to_launch","/c/en/supported","/c/en/supernatant"],"weight":0.20414999999999983},"num_concepts_raised":24500},{"base_id":858,"kind":"bot_words","i1":0,"i2":7,"sol":{"path":["/c/en/freehold","/c/en/life","/c/en/creature","/c/en/bug_boo","/c/en/bugaboo"],"weight":0.21014999999999978},"num_concepts_raised":11773},{"base_id":858,"kind":"bot_words","i1":0,"i2":8,"sol":{"path":["/c/en/freehold","/c/en/property","/c/en/farm","/c/en/pigs"],"weight":0.2087099999999996},"num_concepts_raised":30838},{"base_id":858,"kind":"bot_words","i1":0,"i2":9,"sol":{"path":["/c/en/freehold","/c/en/england","/c/en/mole","/c/en/mol"],"weight":0.21038999999999974},"num_concepts_raised":46604},{"base_id":858,"kind":"bot_words","i1":1,"i2":2,"sol":{"path":["/c/en/kob","/c/en/mammal","/c/en/person","/c/en/safe","/c/en/safecracker"],"weight":0.2084099999999999},"num_concepts_raised":3705},{"base_id":858,"kind":"bot_words","i1":1,"i2":3,"sol":{"path":["/c/en/kob","/c/fr/cobe_de_buffon","/c/fr/zoologie","/c/en/metazoan"],"weight":0.2105099999999999},"num_concepts_raised":24559},{"base_id":858,"kind":"bot_words","i1":1,"i2":4,"sol":{"path":["/c/en/kob","/c/en/mammal","/c/en/bear","/c/en/load","/c/en/onerous"],"weight":0.2090499999999998},"num_concepts_raised":6469},{"base_id":858,"kind":"bot_words","i1":1,"i2":5,"sol":{"path":["/c/en/kob","/c/en/mammal","/c/en/badger","/c/en/persuade","/c/en/convince"],"weight":0.2133599999999995},"num_concepts_raised":14205},{"base_id":858,"kind":"bot_words","i1":1,"i2":6,"sol":{"path":["/c/en/kob","/c/en/mammal","/c/en/milk","/c/en/liquid","/c/en/supernatant"],"weight":0.20855999999999986},"num_concepts_raised":17741},{"base_id":858,"kind":"bot_words","i1":1,"i2":7,"sol":{"path":["/c/en/kob","/c/en/mammal","/c/en/armadillo","/c/en/video_game","/c/en/bugaboo"],"weight":0.2133999999999998},"num_concepts_raised":4956},{"base_id":858,"kind":"bot_words","i1":1,"i2":8,"sol":{"path":["/c/en/kob","/c/en/mammal","/c/en/pig","/c/en/pigs"],"weight":0.2160499999999996},"num_concepts_raised":24255},{"base_id":858,"kind":"bot_words","i1":1,"i2":9,"sol":{"path":["/c/en/kob","/c/en/mammal","/c/en/mole","/c/en/mol"],"weight":0.21562999999999977},"num_concepts_raised":39995},{"base_id":858,"kind":"bot_words","i1":2,"i2":3,"sol":{"path":["/c/en/safecracker","/c/en/yegg","/c/en/slang","/c/en/animal","/c/en/metazoan"],"weight":0.20523000000000008},"num_concepts_raised":22544},{"base_id":858,"kind":"bot_words","i1":2,"i2":4,"sol":{"path":["/c/en/safecracker","/c/en/safe","/c/en/heavy","/c/en/burdensome","/c/en/onerous"],"weight":0.20497999999999994},"num_concepts_raised":4163},{"base_id":858,"kind":"bot_words","i1":2,"i2":5,"sol":{"path":["/c/en/safecracker","/c/en/yegg","/c/en/slang","/c/en/convict","/c/en/convince"],"weight":0.20667999999999964},"num_concepts_raised":11862},{"base_id":858,"kind":"bot_words","i1":2,"i2":6,"sol":{"path":["/c/en/safecracker","/c/en/safecracking","/c/en/cracking","/c/en/chemistry","/c/en/supernatant"],"weight":0.20391},"num_concepts_raised":15442},{"base_id":858,"kind":"bot_words","i1":2,"i2":7,"sol":{"path":["/c/en/safecracker","/c/en/safe","/c/en/fear","/c/en/bug_boo","/c/en/bugaboo"],"weight":0.20991999999999994},"num_concepts_raised":2647},{"base_id":858,"kind":"bot_words","i1":2,"i2":8,"sol":{"path":["/c/en/safecracker","/c/en/yegg","/c/en/slang","/c/en/pig","/c/en/pigs"],"weight":0.21166999999999977},"num_concepts_raised":22041},{"base_id":858,"kind":"bot_words","i1":2,"i2":9,"sol":{"path":["/c/en/safecracker","/c/en/yegg","/c/en/cant","/c/en/mole","/c/en/mol"],"weight":0.21116999999999994},"num_concepts_raised":37725},{"base_id":858,"kind":"bot_words","i1":3,"i2":4,"sol":{"path":["/c/en/metazoan","/c/en/animal","/c/en/bear","/c/en/load","/c/en/onerous"],"weight":0.20480999999999994},"num_concepts_raised":25295},{"base_id":858,"kind":"bot_words","i1":3,"i2":5,"sol":{"path":["/c/en/metazoan","/c/en/animal","/c/en/move","/c/en/persuade","/c/en/convince"],"weight":0.20908999999999967},"num_concepts_raised":32975},{"base_id":858,"kind":"bot_words","i1":3,"i2":6,"sol":{"path":["/c/en/metazoan","/c/en/ectoderm","/c/en/skin","/c/en/liquid","/c/en/supernatant"],"weight":0.20433},"num_concepts_raised":36487},{"base_id":858,"kind":"bot_words","i1":3,"i2":7,"sol":{"path":["/c/en/metazoan","/c/en/animal","/c/en/creature","/c/en/bug_boo","/c/en/bugaboo"],"weight":0.21119999999999994},"num_concepts_raised":23776},{"base_id":858,"kind":"bot_words","i1":3,"i2":8,"sol":{"path":["/c/en/metazoan","/c/en/animal","/c/en/pig","/c/en/pigs"],"weight":0.21190999999999977},"num_concepts_raised":42820},{"base_id":858,"kind":"bot_words","i1":3,"i2":9,"sol":{"path":["/c/en/metazoan","/c/en/animal","/c/en/mole","/c/en/mol"],"weight":0.21139999999999992},"num_concepts_raised":58682},{"base_id":858,"kind":"bot_words","i1":4,"i2":5,"sol":{"path":["/c/en/onerous","/c/en/gratuitous","/c/en/reason","/c/en/convince"],"weight":0.20620999999999956},"num_concepts_raised":14581},{"base_id":858,"kind":"bot_words","i1":4,"i2":6,"sol":{"path":["/c/en/onerous","/c/en/borne","/c/en/supported","/c/en/supernatant"],"weight":0.20447999999999988},"num_concepts_raised":18185},{"base_id":858,"kind":"bot_words","i1":4,"i2":7,"sol":{"path":["/c/en/onerous","/c/fr/pénible","/c/fr/peur","/c/fr/croque_mitaine","/c/en/bugaboo"],"weight":0.21059999999999984},"num_concepts_raised":5415},{"base_id":858,"kind":"bot_words","i1":4,"i2":8,"sol":{"path":["/c/en/onerous","/c/en/burdensome","/c/en/heavy","/c/en/pig","/c/en/pigs"],"weight":0.21259999999999965},"num_concepts_raised":24751},{"base_id":858,"kind":"bot_words","i1":4,"i2":9,"sol":{"path":["/c/en/onerous","/c/tr/güç","/c/en/physics","/c/en/mol"],"weight":0.20855999999999986},"num_concepts_raised":40428},{"base_id":858,"kind":"bot_words","i1":5,"i2":6,"sol":{"path":["/c/en/convince","/c/en/evidence","/c/en/supported","/c/en/supernatant"],"weight":0.2065899999999996},"num_concepts_raised":25842},{"base_id":858,"kind":"bot_words","i1":5,"i2":7,"sol":{"path":["/c/en/convince","/c/la/con","/c/en/concern","/c/en/bugaboo"],"weight":0.21048999999999957},"num_concepts_raised":13135},{"base_id":858,"kind":"bot_words","i1":5,"i2":8,"sol":{"path":["/c/en/convince","/c/en/believe","/c/en/fly","/c/en/pigs"],"weight":0.21108999999999936},"num_concepts_raised":32385},{"base_id":858,"kind":"bot_words","i1":5,"i2":9,"sol":{"path":["/c/en/convince","/c/en/convert","/c/en/chemistry","/c/en/mol"],"weight":0.21090999999999954},"num_concepts_raised":48085},{"base_id":858,"kind":"bot_words","i1":6,"i2":7,"sol":{"path":["/c/en/supernatant","/c/en/supported","/c/en/straw_man","/c/ru/пугало","/c/en/bugaboo"],"weight":0.20884999999999992},"num_concepts_raised":16687},{"base_id":858,"kind":"bot_words","i1":6,"i2":8,"sol":{"path":["/c/en/supernatant","/c/en/liquid","/c/en/like","/c/en/pig","/c/en/pigs"],"weight":0.21067999999999973},"num_concepts_raised":35920},{"base_id":858,"kind":"bot_words","i1":6,"i2":9,"sol":{"path":["/c/en/supernatant","/c/en/chemistry","/c/en/mol"],"weight":0.20400000000000001},"num_concepts_raised":57},{"base_id":858,"kind":"bot_words","i1":7,"i2":8,"sol":{"path":["/c/en/bugaboo","/c/en/concern","/c/fr/économie","/c/en/pigs"],"weight":0.21330999999999967},"num_concepts_raised":23278},{"base_id":858,"kind":"bot_words","i1":7,"i2":9,"sol":{"path":["/c/en/bugaboo","/c/en/bug_boo","/c/en/creature","/c/en/mole","/c/en/mol"],"weight":0.21712999999999982},"num_concepts_raised":38961},{"base_id":858,"kind":"bot_words","i1":8,"i2":9,"sol":{"path":["/c/en/pigs","/c/en/four_legs","/c/en/mole","/c/en/mol"],"weight":0.21553999999999968},"num_concepts_raised":58063}],[{"base_id":858,"kind":"top_words","i1":0,"i2":1,"sol":{"path":["/c/en/supersymmetric","/c/en/physics","/c/en/slope","/c/en/fastback","/c/en/hatchback"],"weight":0.20463999999999988},"num_concepts_raised":15236},{"base_id":858,"kind":"top_words","i1":0,"i2":2,"sol":{"path":["/c/en/supersymmetric","/c/en/physics","/c/en/top","/c/en/hardtop"],"weight":0.20319999999999994},"num_concepts_raised":16769},{"base_id":858,"kind":"top_words","i1":0,"i2":3,"sol":{"path":["/c/en/supersymmetric","/c/en/physics","/c/en/make","/c/en/wood","/c/en/intarsia"],"weight":0.2083699999999998},"num_concepts_raised":13222},{"base_id":858,"kind":"top_words","i1":0,"i2":4,"sol":{"path":["/c/en/supersymmetric","/c/en/squark","/c/en/stop","/c/en/car","/c/en/coupé"],"weight":0.2041299999999998},"num_concepts_raised":16097},{"base_id":858,"kind":"top_words","i1":0,"i2":5,"sol":{"path":["/c/en/supersymmetric","/c/en/physics","/c/en/body","/c/en/drug","/c/en/ribavirin"],"weight":0.2103599999999998},"num_concepts_raised":15030},{"base_id":858,"kind":"top_words","i1":0,"i2":6,"sol":{"path":["/c/en/supersymmetric","/c/en/physics","/c/en/observable","/c/en/behaviorism"],"weight":0.21039000000000008},"num_concepts_raised":15271},{"base_id":858,"kind":"top_words","i1":0,"i2":7,"sol":{"path":["/c/en/supersymmetric","/c/en/selectron","/c/en/electron","/c/en/bird","/c/en/shrike"],"weight":0.2127499999999997},"num_concepts_raised":14201},{"base_id":858,"kind":"top_words","i1":0,"i2":8,"sol":{"path":["/c/en/supersymmetric","/c/en/physics","/c/en/solidus","/c/en/historical","/c/en/nicaea"],"weight":0.20343999999999984},"num_concepts_raised":18070},{"base_id":858,"kind":"top_words","i1":0,"i2":9,"sol":{"path":["/c/en/supersymmetric","/c/en/sfermion","/c/en/extension","/c/en/pot","/c/en/potbelly"],"weight":0.20675999999999994},"num_concepts_raised":11833},{"base_id":858,"kind":"top_words","i1":1,"i2":2,"sol":{"path":["/c/en/hatchback","/c/en/car","/c/en/hardtop"],"weight":0.202},"num_concepts_raised":61},{"base_id":858,"kind":"top_words","i1":1,"i2":3,"sol":{"path":["/c/en/hatchback","/c/en/hatch","/c/en/inlay","/c/en/intarsia"],"weight":0.20927999999999983},"num_concepts_raised":10329},{"base_id":858,"kind":"top_words","i1":1,"i2":4,"sol":{"path":["/c/en/hatchback","/c/en/car","/c/en/coupé"],"weight":0.202},"num_concepts_raised":79},{"base_id":858,"kind":"top_words","i1":1,"i2":5,"sol":{"path":["/c/en/hatchback","/c/en/hatch","/c/en/line","/c/en/drug","/c/en/ribavirin"],"weight":0.21127999999999983},"num_concepts_raised":12210},{"base_id":858,"kind":"top_words","i1":1,"i2":6,"sol":{"path":["/c/en/hatchback","/c/en/hatch","/c/en/structure","/c/en/depth_psychology","/c/en/behaviorism"],"weight":0.21338000000000013},"num_concepts_raised":12459},{"base_id":858,"kind":"top_words","i1":1,"i2":7,"sol":{"path":["/c/en/hatchback","/c/en/hatch","/c/en/egg","/c/en/bird","/c/en/shrike"],"weight":0.21299999999999972},"num_concepts_raised":11347},{"base_id":858,"kind":"top_words","i1":1,"i2":8,"sol":{"path":["/c/en/hatchback","/c/fr/hayon","/c/fr/voiture","/c/en/historical","/c/en/nicaea"],"weight":0.20435999999999988},"num_concepts_raised":15204},{"base_id":858,"kind":"top_words","i1":1,"i2":9,"sol":{"path":["/c/en/hatchback","/c/en/back","/c/en/pot","/c/en/potbelly"],"weight":0.20595999999999995},"num_concepts_raised":8962},{"base_id":858,"kind":"top_words","i1":2,"i2":3,"sol":{"path":["/c/en/hardtop","/c/en/hard","/c/en/wood","/c/en/intarsia"],"weight":0.20776999999999987},"num_concepts_raised":11870},{"base_id":858,"kind":"top_words","i1":2,"i2":4,"sol":{"path":["/c/en/hardtop","/c/en/coupé"],"weight":0.202},"num_concepts_raised":45},{"base_id":858,"kind":"top_words","i1":2,"i2":5,"sol":{"path":["/c/en/hardtop","/c/en/british","/c/en/pot","/c/en/drug","/c/en/ribavirin"],"weight":0.20988999999999985},"num_concepts_raised":13760},{"base_id":858,"kind":"top_words","i1":2,"i2":6,"sol":{"path":["/c/en/hardtop","/c/en/british","/c/en/class","/c/en/behavior","/c/en/behaviorism"],"weight":0.21213000000000015},"num_concepts_raised":14002},{"base_id":858,"kind":"top_words","i1":2,"i2":7,"sol":{"path":["/c/en/hardtop","/c/en/british","/c/en/fiscal","/c/en/shrike"],"weight":0.20935999999999977},"num_concepts_raised":12895},{"base_id":858,"kind":"top_words","i1":2,"i2":8,"sol":{"path":["/c/en/hardtop","/c/en/british","/c/en/historical","/c/en/nicaea"],"weight":0.2029199999999999},"num_concepts_raised":16672},{"base_id":858,"kind":"top_words","i1":2,"i2":9,"sol":{"path":["/c/en/hardtop","/c/en/top","/c/en/pot","/c/en/potbelly"],"weight":0.2055},"num_concepts_raised":10516},{"base_id":858,"kind":"top_words","i1":3,"i2":4,"sol":{"path":["/c/en/intarsia","/c/en/wood","/c/en/train","/c/de/coupé","/c/en/coupé"],"weight":0.2089899999999998},"num_concepts_raised":11199},{"base_id":858,"kind":"top_words","i1":3,"i2":5,"sol":{"path":["/c/en/intarsia","/c/en/wood","/c/en/substance","/c/en/drug","/c/en/ribavirin"],"weight":0.21501999999999977},"num_concepts_raised":10185},{"base_id":858,"kind":"top_words","i1":3,"i2":6,"sol":{"path":["/c/en/intarsia","/c/en/wood","/c/en/cut","/c/en/behavior","/c/en/behaviorism"],"weight":0.21726},"num_concepts_raised":10447},{"base_id":858,"kind":"top_words","i1":3,"i2":7,"sol":{"path":["/c/en/intarsia","/c/en/wood","/c/en/bird","/c/en/shrike"],"weight":0.2166399999999996},"num_concepts_raised":9337},{"base_id":858,"kind":"top_words","i1":3,"i2":8,"sol":{"path":["/c/en/intarsia","/c/en/italian","/c/en/roman","/c/en/nicaea"],"weight":0.20796999999999977},"num_concepts_raised":13193},{"base_id":858,"kind":"top_words","i1":3,"i2":9,"sol":{"path":["/c/en/intarsia","/c/en/design","/c/tr/göbek","/c/en/potbelly"],"weight":0.20849999999999985},"num_concepts_raised":6965},{"base_id":858,"kind":"top_words","i1":4,"i2":5,"sol":{"path":["/c/en/coupé","/c/en/british","/c/en/drop","/c/en/drug","/c/en/ribavirin"],"weight":0.20999999999999977},"num_concepts_raised":13067},{"base_id":858,"kind":"top_words","i1":4,"i2":6,"sol":{"path":["/c/en/coupé","/c/fr/coupé","/c/en/cut","/c/en/behavior","/c/en/behaviorism"],"weight":0.21234000000000003},"num_concepts_raised":13327},{"base_id":858,"kind":"top_words","i1":4,"i2":7,"sol":{"path":["/c/en/coupé","/c/en/british","/c/en/fiscal","/c/en/shrike"],"weight":0.20948999999999968},"num_concepts_raised":12210},{"base_id":858,"kind":"top_words","i1":4,"i2":8,"sol":{"path":["/c/en/coupé","/c/en/british","/c/en/historical","/c/en/nicaea"],"weight":0.2030599999999998},"num_concepts_raised":15986},{"base_id":858,"kind":"top_words","i1":4,"i2":9,"sol":{"path":["/c/en/coupé","/c/en/british","/c/en/pot","/c/en/potbelly"],"weight":0.2055999999999999},"num_concepts_raised":9832},{"base_id":858,"kind":"top_words","i1":5,"i2":6,"sol":{"path":["/c/en/ribavirin","/c/en/drug","/c/en/action","/c/en/behavior","/c/en/behaviorism"],"weight":0.21926},"num_concepts_raised":12276},{"base_id":858,"kind":"top_words","i1":5,"i2":7,"sol":{"path":["/c/en/ribavirin","/c/en/drug","/c/en/high","/c/en/bird","/c/en/shrike"],"weight":0.21866999999999964},"num_concepts_raised":11164},{"base_id":858,"kind":"top_words","i1":5,"i2":8,"sol":{"path":["/c/en/ribavirin","/c/en/drug","/c/en/pot","/c/en/historical","/c/en/nicaea"],"weight":0.21006999999999976},"num_concepts_raised":15045},{"base_id":858,"kind":"top_words","i1":5,"i2":9,"sol":{"path":["/c/en/ribavirin","/c/en/drug","/c/en/pot","/c/en/potbelly"],"weight":0.21264999999999987},"num_concepts_raised":8792},{"base_id":858,"kind":"top_words","i1":6,"i2":7,"sol":{"path":["/c/en/behaviorism","/c/en/environment","/c/en/bird","/c/en/shrike"],"weight":0.2186799999999999},"num_concepts_raised":11444},{"base_id":858,"kind":"top_words","i1":6,"i2":8,"sol":{"path":["/c/en/behaviorism","/c/en/behavior","/c/la/actus","/c/en/historical","/c/en/nicaea"],"weight":0.21233000000000005},"num_concepts_raised":15309},{"base_id":858,"kind":"top_words","i1":6,"i2":9,"sol":{"path":["/c/en/behaviorism","/c/en/behavior","/c/en/act","/c/en/pot","/c/en/potbelly"],"weight":0.21493000000000012},"num_concepts_raised":9079},{"base_id":858,"kind":"top_words","i1":7,"i2":8,"sol":{"path":["/c/en/shrike","/c/en/bird","/c/en/cardinal","/c/en/historical","/c/en/nicaea"],"weight":0.21173999999999965},"num_concepts_raised":14185},{"base_id":858,"kind":"top_words","i1":7,"i2":9,"sol":{"path":["/c/en/shrike","/c/en/bird","/c/en/chicken","/c/en/pot","/c/en/potbelly"],"weight":0.21431999999999973},"num_concepts_raised":7961},{"base_id":858,"kind":"top_words","i1":8,"i2":9,"sol":{"path":["/c/en/nicaea","/c/en/historical","/c/en/pot","/c/en/potbelly"],"weight":0.2056699999999999},"num_concepts_raised":11823}]]