[[{"base_id":193,"kind":"bot_words","i1":0,"i2":1,"sol":{"path":["/c/en/entrain","/c/en/mathematics","/c/en/action","/c/en/quiescence"],"weight":0.20319999999999983},"num_concepts_raised":32723},{"base_id":193,"kind":"bot_words","i1":0,"i2":2,"sol":{"path":["/c/en/entrain","/c/en/train","/c/en/arrive","/c/en/there","/c/en/thereto"],"weight":0.20296999999999987},"num_concepts_raised":27197},{"base_id":193,"kind":"bot_words","i1":0,"i2":3,"sol":{"path":["/c/en/entrain","/c/en/mathematics","/c/en/content","/c/en/miscellanist","/c/en/anthologist"],"weight":0.20273999999999998},"num_concepts_raised":23310},{"base_id":193,"kind":"bot_words","i1":0,"i2":4,"sol":{"path":["/c/en/entrain","/c/en/mathematics","/c/en/eliminate","/c/en/obviate"],"weight":0.20387999999999967},"num_concepts_raised":28007},{"base_id":193,"kind":"bot_words","i1":0,"i2":5,"sol":{"path":["/c/en/entrain","/c/en/chemistry","/c/en/substituent"],"weight":0.202},"num_concepts_raised":98},{"base_id":193,"kind":"bot_words","i1":0,"i2":6,"sol":{"path":["/c/en/entrain","/c/en/mathematics","/c/en/pivot"],"weight":0.202},"num_concepts_raised":237},{"base_id":193,"kind":"bot_words","i1":0,"i2":7,"sol":{"path":["/c/en/entrain","/c/en/train","/c/en/slang","/c/en/gander"],"weight":0.2044299999999999},"num_concepts_raised":43202},{"base_id":193,"kind":"bot_words","i1":0,"i2":8,"sol":{"path":["/c/en/entrain","/c/en/chemistry","/c/en/pyrite","/c/en/chalcopyrite"],"weight":0.20879999999999993},"num_concepts_raised":32089},{"base_id":193,"kind":"bot_words","i1":0,"i2":9,"sol":{"path":["/c/en/entrain","/c/en/mathematics","/c/en/prove","/c/en/confirm"],"weight":0.2099599999999992},"num_concepts_raised":51018},{"base_id":193,"kind":"bot_words","i1":1,"i2":2,"sol":{"path":["/c/en/quiescence","/c/en/action","/c/en/purpose","/c/nl/daartoe","/c/en/thereto"],"weight":0.20426999999999976},"num_concepts_raised":14198},{"base_id":193,"kind":"bot_words","i1":1,"i2":3,"sol":{"path":["/c/en/quiescence","/c/la/quiesco","/c/en/make","/c/en/editor","/c/en/anthologist"],"weight":0.20313999999999988},"num_concepts_raised":10310},{"base_id":193,"kind":"bot_words","i1":1,"i2":4,"sol":{"path":["/c/en/quiescence","/c/en/action","/c/en/prevent","/c/fr/empêcher","/c/en/obviate"],"weight":0.20521999999999957},"num_concepts_raised":14994},{"base_id":193,"kind":"bot_words","i1":1,"i2":5,"sol":{"path":["/c/en/quiescence","/c/en/quiescent","/c/en/grammar","/c/en/substituent"],"weight":0.20470999999999961},"num_concepts_raised":30061},{"base_id":193,"kind":"bot_words","i1":1,"i2":6,"sol":{"path":["/c/en/quiescence","/c/en/action","/c/en/turn","/c/en/pivot"],"weight":0.20710999999999935},"num_concepts_raised":56269},{"base_id":193,"kind":"bot_words","i1":1,"i2":7,"sol":{"path":["/c/en/quiescence","/c/en/rest","/c/en/slang","/c/en/gander"],"weight":0.20484999999999978},"num_concepts_raised":30250},{"base_id":193,"kind":"bot_words","i1":1,"i2":8,"sol":{"path":["/c/en/quiescence","/c/en/cell","/c/en/metal","/c/en/mineral","/c/en/chalcopyrite"],"weight":0.2114299999999998},"num_concepts_raised":19323},{"base_id":193,"kind":"bot_words","i1":1,"i2":9,"sol":{"path":["/c/en/quiescence","/c/en/action","/c/en/prove","/c/en/confirm"],"weight":0.21028999999999906},"num_concepts_raised":37916},{"base_id":193,"kind":"bot_words","i1":2,"i2":3,"sol":{"path":["/c/en/thereto","/c/en/it","/c/en/person","/c/en/editor","/c/en/anthologist"],"weight":0.20283999999999994},"num_concepts_raised":4523},{"base_id":193,"kind":"bot_words","i1":2,"i2":4,"sol":{"path":["/c/en/thereto","/c/en/there","/c/en/bar","/c/fr/prévenir","/c/en/obviate"],"weight":0.20486999999999964},"num_concepts_raised":9307},{"base_id":193,"kind":"bot_words","i1":2,"i2":5,"sol":{"path":["/c/en/thereto","/c/en/it","/c/en/pronoun","/c/en/pro_form","/c/en/substituent"],"weight":0.20438999999999968},"num_concepts_raised":24483},{"base_id":193,"kind":"bot_words","i1":2,"i2":6,"sol":{"path":["/c/en/thereto","/c/en/there","/c/en/turn","/c/en/pivot"],"weight":0.20674999999999943},"num_concepts_raised":51113},{"base_id":193,"kind":"bot_words","i1":2,"i2":7,"sol":{"path":["/c/en/thereto","/c/en/that","/c/zh/驚鴻","/c/en/goose","/c/en/gander"],"weight":0.20702999999999985},"num_concepts_raised":24637},{"base_id":193,"kind":"bot_words","i1":2,"i2":8,"sol":{"path":["/c/en/thereto","/c/en/it","/c/en/definite","/c/en/mineral","/c/en/chalcopyrite"],"weight":0.2110399999999999},"num_concepts_raised":13593},{"base_id":193,"kind":"bot_words","i1":2,"i2":9,"sol":{"path":["/c/en/thereto","/c/fr/y","/c/fr/rendre","/c/fr/confirmer","/c/en/confirm"],"weight":0.21025999999999914},"num_concepts_raised":32540},{"base_id":193,"kind":"bot_words","i1":3,"i2":4,"sol":{"path":["/c/en/anthologist","/c/en/editor","/c/en/make","/c/eo/sennecesigi","/c/en/obviate"],"weight":0.20453999999999972},"num_concepts_raised":5368},{"base_id":193,"kind":"bot_words","i1":3,"i2":5,"sol":{"path":["/c/en/anthologist","/c/en/anthologizer","/c/en/agent_noun","/c/en/grammar","/c/en/substituent"],"weight":0.2032799999999998},"num_concepts_raised":20602},{"base_id":193,"kind":"bot_words","i1":3,"i2":6,"sol":{"path":["/c/en/anthologist","/c/en/editor","/c/en/make","/c/en/turn","/c/en/pivot"],"weight":0.20661999999999953},"num_concepts_raised":47338},{"base_id":193,"kind":"bot_words","i1":3,"i2":7,"sol":{"path":["/c/en/anthologist","/c/en/editor","/c/en/slangwhanger","/c/en/slang","/c/en/gander"],"weight":0.20429999999999998},"num_concepts_raised":20782},{"base_id":193,"kind":"bot_words","i1":3,"i2":8,"sol":{"path":["/c/en/anthologist","/c/en/anthologize","/c/en/compose","/c/en/indite","/c/en/mineral","/c/en/chalcopyrite"],"weight":0.2191099999999987},"num_concepts_raised":296160},{"base_id":193,"kind":"bot_words","i1":3,"i2":9,"sol":{"path":["/c/en/anthologist","/c/en/editor","/c/en/document","/c/en/confirm"],"weight":0.20725999999999925},"num_concepts_raised":28712},{"base_id":193,"kind":"bot_words","i1":4,"i2":5,"sol":{"path":["/c/en/obviate","/c/fr/prévenir","/c/fr/sulfater","/c/en/chemistry","/c/en/substituent"],"weight":0.20544999999999952},"num_concepts_raised":25349},{"base_id":193,"kind":"bot_words","i1":4,"i2":6,"sol":{"path":["/c/en/obviate","/c/ar/تجنب","/c/en/turn","/c/en/pivot"],"weight":0.20745999999999926},"num_concepts_raised":51754},{"base_id":193,"kind":"bot_words","i1":4,"i2":7,"sol":{"path":["/c/en/obviate","/c/en/eliminate","/c/en/slang","/c/en/gander"],"weight":0.20543999999999965},"num_concepts_raised":25424},{"base_id":193,"kind":"bot_words","i1":4,"i2":8,"sol":{"path":["/c/en/obviate","/c/en/eliminate","/c/en/slang","/c/en/copper","/c/en/chalcopyrite"],"weight":0.2118899999999997},"num_concepts_raised":14434},{"base_id":193,"kind":"bot_words","i1":4,"i2":9,"sol":{"path":["/c/en/obviate","/c/en/avoid","/c/en/invalidate","/c/en/confirm"],"weight":0.20838999999999894},"num_concepts_raised":33151},{"base_id":193,"kind":"bot_words","i1":5,"i2":6,"sol":{"path":["/c/en/substituent","/c/ga/ionadán","/c/en/mathematics","/c/en/pivot"],"weight":0.20696999999999932},"num_concepts_raised":66160},{"base_id":193,"kind":"bot_words","i1":5,"i2":7,"sol":{"path":["/c/en/substituent","/c/en/radical","/c/en/slang","/c/en/gander"],"weight":0.20489999999999975},"num_concepts_raised":40643},{"base_id":193,"kind":"bot_words","i1":5,"i2":8,"sol":{"path":["/c/en/substituent","/c/en/molecule","/c/en/mineral","/c/en/chalcopyrite"],"weight":0.21154999999999974},"num_concepts_raised":29382},{"base_id":193,"kind":"bot_words","i1":5,"i2":9,"sol":{"path":["/c/en/substituent","/c/en/normal","/c/en/back","/c/en/confirm"],"weight":0.208059999999999},"num_concepts_raised":48475},{"base_id":193,"kind":"bot_words","i1":6,"i2":7,"sol":{"path":["/c/en/pivot","/c/en/wheel","/c/en/slang","/c/en/gander"],"weight":0.20822999999999947},"num_concepts_raised":66034},{"base_id":193,"kind":"bot_words","i1":6,"i2":8,"sol":{"path":["/c/en/pivot","/c/en/metal","/c/en/mineral","/c/en/chalcopyrite"],"weight":0.2136499999999995},"num_concepts_raised":56047},{"base_id":193,"kind":"bot_words","i1":6,"i2":9,"sol":{"path":["/c/en/pivot","/c/en/mathematics","/c/en/prove","/c/en/confirm"],"weight":0.21260999999999874},"num_concepts_raised":73805},{"base_id":193,"kind":"bot_words","i1":7,"i2":8,"sol":{"path":["/c/en/gander","/c/en/goose","/c/en/iron","/c/en/chalcopyrite"],"weight":0.21290999999999993},"num_concepts_raised":29735},{"base_id":193,"kind":"bot_words","i1":7,"i2":9,"sol":{"path":["/c/en/gander","/c/en/slang","/c/en/back","/c/en/confirm"],"weight":0.20915999999999918},"num_concepts_raised":48509},{"base_id":193,"kind":"bot_words","i1":8,"i2":9,"sol":{"path":["/c/en/chalcopyrite","/c/en/mineral","/c/en/plant","/c/en/establish","/c/en/confirm"],"weight":0.21679999999999922},"num_concepts_raised":37720}],[{"base_id":193,"kind":"top_words","i1":0,"i2":1,"sol":{"path":["/c/en/restaurants","/c/en/restaurant","/c/en/steakhouse"],"weight":0.203},"num_concepts_raised":109},{"base_id":193,"kind":"top_words","i1":0,"i2":2,"sol":{"path":["/c/en/restaurants","/c/en/drink","/c/en/beer"],"weight":0.20800000000000002},"num_concepts_raised":879},{"base_id":193,"kind":"top_words","i1":0,"i2":3,"sol":{"path":["/c/en/restaurants","/c/en/drink","/c/en/coffee","/c/en/coffeehouse"],"weight":0.21311999999999953},"num_concepts_raised":20232},{"base_id":193,"kind":"top_words","i1":0,"i2":4,"sol":{"path":["/c/en/restaurants","/c/en/drink","/c/en/liquor"],"weight":0.20400000000000001},"num_concepts_raised":489},{"base_id":193,"kind":"top_words","i1":0,"i2":5,"sol":{"path":["/c/en/restaurants","/c/en/plate","/c/en/sandwich","/c/en/burger"],"weight":0.20564999999999964},"num_concepts_raised":25472},{"base_id":193,"kind":"top_words","i1":0,"i2":6,"sol":{"path":["/c/en/restaurants","/c/en/bar","/c/en/music","/c/en/karaoke"],"weight":0.2110399999999999},"num_concepts_raised":32971},{"base_id":193,"kind":"top_words","i1":0,"i2":7,"sol":{"path":["/c/en/restaurants","/c/en/restaurant","/c/en/kfc"],"weight":0.20400000000000001},"num_concepts_raised":107},{"base_id":193,"kind":"top_words","i1":0,"i2":8,"sol":{"path":["/c/en/restaurants","/c/en/bill","/c/en/trend","/c/en/trendy"],"weight":0.20550999999999953},"num_concepts_raised":40785},{"base_id":193,"kind":"top_words","i1":0,"i2":9,"sol":{"path":["/c/en/restaurants","/c/en/restaurant","/c/en/cafe"],"weight":0.20500000000000002},"num_concepts_raised":267},{"base_id":193,"kind":"top_words","i1":1,"i2":2,"sol":{"path":["/c/en/steakhouse","/c/en/eating","/c/en/drink","/c/en/beer"],"weight":0.22803999999999727},"num_concepts_raised":191986},{"base_id":193,"kind":"top_words","i1":1,"i2":3,"sol":{"path":["/c/en/steakhouse","/c/en/restaurant","/c/en/coffee_shop","/c/en/coffeehouse"],"weight":0.2123499999999996},"num_concepts_raised":14873},{"base_id":193,"kind":"top_words","i1":1,"i2":4,"sol":{"path":["/c/en/steakhouse","/c/en/eating","/c/en/drink","/c/en/liquor"],"weight":0.21141999999999866},"num_concepts_raised":53057},{"base_id":193,"kind":"top_words","i1":1,"i2":5,"sol":{"path":["/c/en/steakhouse","/c/en/restaurant","/c/mul/🍔","/c/en/burger"],"weight":0.2061099999999997},"num_concepts_raised":20398},{"base_id":193,"kind":"top_words","i1":1,"i2":6,"sol":{"path":["/c/en/steakhouse","/c/en/restaurant","/c/zh/包廂","/c/en/karaoke"],"weight":0.21198999999999996},"num_concepts_raised":27979},{"base_id":193,"kind":"top_words","i1":1,"i2":7,"sol":{"path":["/c/en/steakhouse","/c/en/restaurant","/c/en/kfc"],"weight":0.20500000000000002},"num_concepts_raised":111},{"base_id":193,"kind":"top_words","i1":1,"i2":8,"sol":{"path":["/c/en/steakhouse","/c/en/restaurant","/c/en/out","/c/en/fashion","/c/en/trendy"],"weight":0.2070299999999996},"num_concepts_raised":35982},{"base_id":193,"kind":"top_words","i1":1,"i2":9,"sol":{"path":["/c/en/steakhouse","/c/en/restaurant","/c/en/cafe"],"weight":0.20600000000000002},"num_concepts_raised":263},{"base_id":193,"kind":"top_words","i1":2,"i2":3,"sol":{"path":["/c/en/beer","/c/en/drink","/c/en/coffee","/c/en/coffeehouse"],"weight":0.23791999999999713},"num_concepts_raised":186581},{"base_id":193,"kind":"top_words","i1":2,"i2":4,"sol":{"path":["/c/en/beer","/c/en/liquor"],"weight":0.20800000000000002},"num_concepts_raised":1246},{"base_id":193,"kind":"top_words","i1":2,"i2":5,"sol":{"path":["/c/en/beer","/c/en/drink","/c/en/food","/c/en/burger"],"weight":0.22969999999999724},"num_concepts_raised":191670},{"base_id":193,"kind":"top_words","i1":2,"i2":6,"sol":{"path":["/c/en/beer","/c/en/club","/c/en/karaoke"],"weight":0.20800000000000002},"num_concepts_raised":965},{"base_id":193,"kind":"top_words","i1":2,"i2":7,"sol":{"path":["/c/en/beer","/c/en/bar","/c/en/restaurant","/c/en/kfc"],"weight":0.23042999999999725},"num_concepts_raised":184783},{"base_id":193,"kind":"top_words","i1":2,"i2":8,"sol":{"path":["/c/en/beer","/c/en/drink","/c/en/cool","/c/en/trendy"],"weight":0.22916999999999715},"num_concepts_raised":205854},{"base_id":193,"kind":"top_words","i1":2,"i2":9,"sol":{"path":["/c/en/beer","/c/en/drunk","/c/en/cafe"],"weight":0.20800000000000002},"num_concepts_raised":1043},{"base_id":193,"kind":"top_words","i1":3,"i2":4,"sol":{"path":["/c/en/coffeehouse","/c/en/coffee","/c/en/drink","/c/en/liquor"],"weight":0.22114999999999851},"num_concepts_raised":47243},{"base_id":193,"kind":"top_words","i1":3,"i2":5,"sol":{"path":["/c/en/coffeehouse","/c/en/house","/c/en/food","/c/en/burger"],"weight":0.21224999999999955},"num_concepts_raised":14598},{"base_id":193,"kind":"top_words","i1":3,"i2":6,"sol":{"path":["/c/en/coffeehouse","/c/en/chess_set","/c/en/fun","/c/en/karaoke"],"weight":0.21618999999999983},"num_concepts_raised":22059},{"base_id":193,"kind":"top_words","i1":3,"i2":7,"sol":{"path":["/c/en/coffeehouse","/c/en/coffee_shop","/c/en/restaurant","/c/en/kfc"],"weight":0.2160899999999995},"num_concepts_raised":6726},{"base_id":193,"kind":"top_words","i1":3,"i2":8,"sol":{"path":["/c/en/coffeehouse","/c/en/house","/c/en/spa","/c/en/trendy"],"weight":0.21199999999999947},"num_concepts_raised":30016},{"base_id":193,"kind":"top_words","i1":3,"i2":9,"sol":{"path":["/c/en/coffeehouse","/c/en/cafe"],"weight":0.20600000000000002},"num_concepts_raised":263},{"base_id":193,"kind":"top_words","i1":4,"i2":5,"sol":{"path":["/c/en/liquor","/c/en/drink","/c/en/food","/c/en/burger"],"weight":0.21275999999999867},"num_concepts_raised":52258},{"base_id":193,"kind":"top_words","i1":4,"i2":6,"sol":{"path":["/c/en/liquor","/c/ja/酒","/c/ja/カラオケ","/c/en/karaoke"],"weight":0.22010999999999892},"num_concepts_raised":59695},{"base_id":193,"kind":"top_words","i1":4,"i2":7,"sol":{"path":["/c/en/liquor","/c/en/whiskey","/c/en/kentucky","/c/en/kfc"],"weight":0.2155299999999986},"num_concepts_raised":45185},{"base_id":193,"kind":"top_words","i1":4,"i2":8,"sol":{"path":["/c/en/liquor","/c/en/drink","/c/en/cool","/c/en/trendy"],"weight":0.21257999999999855},"num_concepts_raised":66129},{"base_id":193,"kind":"top_words","i1":4,"i2":9,"sol":{"path":["/c/en/liquor","/c/en/drunk","/c/en/cafe"],"weight":0.20400000000000001},"num_concepts_raised":654},{"base_id":193,"kind":"top_words","i1":5,"i2":6,"sol":{"path":["/c/en/burger","/c/en/sandwich","/c/en/club","/c/en/karaoke"],"weight":0.21316999999999994},"num_concepts_raised":27428},{"base_id":193,"kind":"top_words","i1":5,"i2":7,"sol":{"path":["/c/en/burger","/c/zh/漢堡","/c/zh/肯德基","/c/en/kfc"],"weight":0.21164999999999964},"num_concepts_raised":12172},{"base_id":193,"kind":"top_words","i1":5,"i2":8,"sol":{"path":["/c/en/burger","/c/et/burks","/c/en/slang","/c/en/trendy"],"weight":0.20602999999999957},"num_concepts_raised":35208},{"base_id":193,"kind":"top_words","i1":5,"i2":9,"sol":{"path":["/c/en/burger","/c/en/food","/c/en/cafe"],"weight":0.20400000000000001},"num_concepts_raised":321},{"base_id":193,"kind":"top_words","i1":6,"i2":7,"sol":{"path":["/c/en/karaoke","/c/en/singing","/c/en/wing","/c/en/kfc"],"weight":0.21584999999999988},"num_concepts_raised":19730},{"base_id":193,"kind":"top_words","i1":6,"i2":8,"sol":{"path":["/c/en/karaoke","/c/es/karaoke","/c/en/slang","/c/en/trendy"],"weight":0.21414999999999984},"num_concepts_raised":42502},{"base_id":193,"kind":"top_words","i1":6,"i2":9,"sol":{"path":["/c/en/karaoke","/c/fr/karaoké","/c/fr/établissement","/c/en/cafe"],"weight":0.2222699999999994},"num_concepts_raised":52234},{"base_id":193,"kind":"top_words","i1":7,"i2":8,"sol":{"path":["/c/en/kfc","/c/en/wing","/c/en/slang","/c/en/trendy"],"weight":0.2096599999999995},"num_concepts_raised":27691},{"base_id":193,"kind":"top_words","i1":7,"i2":9,"sol":{"path":["/c/en/kfc","/c/en/restaurant","/c/en/cafe"],"weight":0.20700000000000002},"num_concepts_raised":270},{"base_id":193,"kind":"top_words","i1":8,"i2":9,"sol":{"path":["/c/en/trendy","/c/en/slang","/c/en/shop","/c/en/cafe"],"weight":0.21163999999999905},"num_concepts_raised":59898}]]