[[{"base_id":521,"kind":"bot_words","i1":0,"i2":1,"sol":{"path":["/c/en/ingushetia","/c/en/republic","/c/en/book","/c/en/frost","/c/en/frosting"],"weight":0.2124100000000001},"num_concepts_raised":7136},{"base_id":521,"kind":"bot_words","i1":0,"i2":2,"sol":{"path":["/c/en/ingushetia","/c/en/republic","/c/en/like","/c/en/fast","/c/en/faster","/c/en/quicker"],"weight":0.2180659999999997},"num_concepts_raised":218590},{"base_id":521,"kind":"bot_words","i1":0,"i2":3,"sol":{"path":["/c/en/ingushetia","/c/en/russia","/c/en/factory","/c/en/plant","/c/en/cranesbill"],"weight":0.20972000000000013},"num_concepts_raised":12036},{"base_id":521,"kind":"bot_words","i1":0,"i2":4,"sol":{"path":["/c/en/ingushetia","/c/en/republic","/c/en/people","/c/en/pair","/c/en/twosome"],"weight":0.21082000000000012},"num_concepts_raised":9544},{"base_id":521,"kind":"bot_words","i1":0,"i2":5,"sol":{"path":["/c/en/ingushetia","/c/en/republic","/c/en/party","/c/grc/πρωτοστάτησ","/c/en/metaphoric"],"weight":0.2096100000000001},"num_concepts_raised":3685},{"base_id":521,"kind":"bot_words","i1":0,"i2":6,"sol":{"path":["/c/en/ingushetia","/c/en/republic","/c/en/country","/c/en/chase","/c/en/pursue"],"weight":0.21854999999999905},"num_concepts_raised":23108},{"base_id":521,"kind":"bot_words","i1":0,"i2":7,"sol":{"path":["/c/en/ingushetia","/c/en/republic","/c/en/book","/c/en/fantasy"],"weight":0.22201999999999844},"num_concepts_raised":62652},{"base_id":521,"kind":"bot_words","i1":0,"i2":8,"sol":{"path":["/c/en/ingushetia","/c/en/republic","/c/en/central_african_republic","/c/en/communication","/c/en/signalling"],"weight":0.20973000000000003},"num_concepts_raised":5959},{"base_id":521,"kind":"bot_words","i1":0,"i2":9,"sol":{"path":["/c/en/ingushetia","/c/en/republic","/c/en/country","/c/en/rap","/c/en/chanting"],"weight":0.2095800000000001},"num_concepts_raised":3153},{"base_id":521,"kind":"bot_words","i1":1,"i2":2,"sol":{"path":["/c/en/frosting","/c/en/cake","/c/en/whip","/c/en/faster","/c/en/quicker"],"weight":0.20582999999999976},"num_concepts_raised":6530},{"base_id":521,"kind":"bot_words","i1":1,"i2":3,"sol":{"path":["/c/en/frosting","/c/en/cake","/c/en/common","/c/en/geranium","/c/en/cranesbill"],"weight":0.20595999999999987},"num_concepts_raised":15028},{"base_id":521,"kind":"bot_words","i1":1,"i2":4,"sol":{"path":["/c/en/frosting","/c/en/cake","/c/en/two","/c/en/twosome"],"weight":0.20577999999999985},"num_concepts_raised":12505},{"base_id":521,"kind":"bot_words","i1":1,"i2":5,"sol":{"path":["/c/en/frosting","/c/en/cake","/c/en/object","/c/en/metaphor","/c/en/metaphoric"],"weight":0.2057399999999998},"num_concepts_raised":6698},{"base_id":521,"kind":"bot_words","i1":1,"i2":6,"sol":{"path":["/c/en/frosting","/c/en/frost","/c/en/carry","/c/en/follow","/c/en/pursue"],"weight":0.2140399999999988},"num_concepts_raised":26053},{"base_id":521,"kind":"bot_words","i1":1,"i2":7,"sol":{"path":["/c/en/frosting","/c/en/cake","/c/en/fancy","/c/en/fantasy"],"weight":0.21934999999999816},"num_concepts_raised":65350},{"base_id":521,"kind":"bot_words","i1":1,"i2":8,"sol":{"path":["/c/en/frosting","/c/en/ice","/c/en/rail_transport","/c/en/signalling"],"weight":0.20377999999999974},"num_concepts_raised":8967},{"base_id":521,"kind":"bot_words","i1":1,"i2":9,"sol":{"path":["/c/en/frosting","/c/en/frost","/c/en/stuff","/c/en/rap","/c/en/chanting"],"weight":0.2055599999999998},"num_concepts_raised":6196},{"base_id":521,"kind":"bot_words","i1":2,"i2":3,"sol":{"path":["/c/en/quicker","/c/en/quick","/c/en/plant","/c/en/cranesbill"],"weight":0.20302999999999982},"num_concepts_raised":11438},{"base_id":521,"kind":"bot_words","i1":2,"i2":4,"sol":{"path":["/c/en/quicker","/c/en/faster","/c/en/run","/c/en/pair","/c/en/twosome"],"weight":0.20527999999999977},"num_concepts_raised":8935},{"base_id":521,"kind":"bot_words","i1":2,"i2":5,"sol":{"path":["/c/en/quicker","/c/en/faster","/c/en/energy","/c/en/nuclear","/c/en/metaphoric"],"weight":0.20408999999999977},"num_concepts_raised":3080},{"base_id":521,"kind":"bot_words","i1":2,"i2":6,"sol":{"path":["/c/en/quicker","/c/fr/vite","/c/fr/avancer","/c/en/pursue"],"weight":0.20792999999999875},"num_concepts_raised":22449},{"base_id":521,"kind":"bot_words","i1":2,"i2":7,"sol":{"path":["/c/en/quicker","/c/en/faster","/c/en/adjective","/c/en/fancy","/c/en/fantasy"],"weight":0.2188599999999981},"num_concepts_raised":62025},{"base_id":521,"kind":"bot_words","i1":2,"i2":8,"sol":{"path":["/c/en/quicker","/c/en/quick","/c/en/tap","/c/en/signalling"],"weight":0.20303999999999972},"num_concepts_raised":5350},{"base_id":521,"kind":"bot_words","i1":2,"i2":9,"sol":{"path":["/c/en/quicker","/c/en/faster","/c/en/fast","/c/en/rap","/c/en/chanting"],"weight":0.20412999999999976},"num_concepts_raised":2552},{"base_id":521,"kind":"bot_words","i1":3,"i2":4,"sol":{"path":["/c/en/cranesbill","/c/en/geranium","/c/en/common","/c/en/two","/c/en/twosome"],"weight":0.20539999999999986},"num_concepts_raised":17420},{"base_id":521,"kind":"bot_words","i1":3,"i2":5,"sol":{"path":["/c/en/cranesbill","/c/en/geranium","/c/en/common","/c/grc/συγγενικόσ","/c/en/metaphoric"],"weight":0.20421999999999985},"num_concepts_raised":11616},{"base_id":521,"kind":"bot_words","i1":3,"i2":6,"sol":{"path":["/c/en/cranesbill","/c/en/plant","/c/en/stalk","/c/en/pursue"],"weight":0.20786999999999883},"num_concepts_raised":30941},{"base_id":521,"kind":"bot_words","i1":3,"i2":7,"sol":{"path":["/c/en/cranesbill","/c/en/plant","/c/en/book","/c/en/fantasy"],"weight":0.2153499999999982},"num_concepts_raised":70196},{"base_id":521,"kind":"bot_words","i1":3,"i2":8,"sol":{"path":["/c/en/cranesbill","/c/en/plant","/c/en/indicator","/c/en/signal","/c/en/signalling"],"weight":0.20320999999999978},"num_concepts_raised":13872},{"base_id":521,"kind":"bot_words","i1":3,"i2":9,"sol":{"path":["/c/en/cranesbill","/c/en/plant","/c/fr/mettre","/c/fr/chantant","/c/en/chanting"],"weight":0.20383999999999985},"num_concepts_raised":11107},{"base_id":521,"kind":"bot_words","i1":4,"i2":5,"sol":{"path":["/c/en/twosome","/c/en/pair","/c/ja/鴛鴦","/c/en/metaphor","/c/en/metaphoric"],"weight":0.2051799999999998},"num_concepts_raised":9108},{"base_id":521,"kind":"bot_words","i1":4,"i2":6,"sol":{"path":["/c/en/twosome","/c/en/two","/c/en/suit","/c/en/chase","/c/en/pursue"],"weight":0.21295999999999876},"num_concepts_raised":28345},{"base_id":521,"kind":"bot_words","i1":4,"i2":7,"sol":{"path":["/c/en/twosome","/c/en/two","/c/en/real","/c/en/fantasy"],"weight":0.21845999999999816},"num_concepts_raised":67402},{"base_id":521,"kind":"bot_words","i1":4,"i2":8,"sol":{"path":["/c/en/twosome","/c/en/dance","/c/en/tap","/c/en/signalling"],"weight":0.20298999999999978},"num_concepts_raised":11289},{"base_id":521,"kind":"bot_words","i1":4,"i2":9,"sol":{"path":["/c/en/twosome","/c/en/dance","/c/en/rap","/c/en/chanting"],"weight":0.20278999999999983},"num_concepts_raised":8578},{"base_id":521,"kind":"bot_words","i1":5,"i2":6,"sol":{"path":["/c/en/metaphoric","/c/en/metaphorical","/c/en/literal","/c/en/follow","/c/en/pursue"],"weight":0.21241999999999878},"num_concepts_raised":22671},{"base_id":521,"kind":"bot_words","i1":5,"i2":7,"sol":{"path":["/c/en/metaphoric","/c/ja/青山","/c/en/fancy","/c/en/fantasy"],"weight":0.21758999999999815},"num_concepts_raised":62115},{"base_id":521,"kind":"bot_words","i1":5,"i2":8,"sol":{"path":["/c/en/metaphoric","/c/en/metaphor","/c/en/target","/c/en/signal","/c/en/signalling"],"weight":0.20424999999999974},"num_concepts_raised":5532},{"base_id":521,"kind":"bot_words","i1":5,"i2":9,"sol":{"path":["/c/en/metaphoric","/c/en/metaphor","/c/en/compensate","/c/ja/ほうしょう","/c/en/chanting"],"weight":0.2038899999999998},"num_concepts_raised":2745},{"base_id":521,"kind":"bot_words","i1":6,"i2":7,"sol":{"path":["/c/en/pursue","/c/en/chase","/c/en/sex","/c/en/fantasy"],"weight":0.2239099999999971},"num_concepts_raised":80461},{"base_id":521,"kind":"bot_words","i1":6,"i2":8,"sol":{"path":["/c/en/pursue","/c/en/stalk","/c/ja/管","/c/en/signalling"],"weight":0.20784999999999873},"num_concepts_raised":24828},{"base_id":521,"kind":"bot_words","i1":6,"i2":9,"sol":{"path":["/c/en/pursue","/c/en/chase","/c/en/dog","/c/en/rap","/c/en/chanting"],"weight":0.21178999999999876},"num_concepts_raised":22147},{"base_id":521,"kind":"bot_words","i1":7,"i2":8,"sol":{"path":["/c/en/fantasy","/c/en/slang","/c/en/tap","/c/en/signalling"],"weight":0.21525999999999812},"num_concepts_raised":64154},{"base_id":521,"kind":"bot_words","i1":7,"i2":9,"sol":{"path":["/c/en/fantasy","/c/en/reality","/c/ja/ほうしょう","/c/en/chanting"],"weight":0.21709999999999818},"num_concepts_raised":61636},{"base_id":521,"kind":"bot_words","i1":8,"i2":9,"sol":{"path":["/c/en/signalling","/c/en/tap","/c/en/rap","/c/en/chanting"],"weight":0.20287999999999975},"num_concepts_raised":4974}],[{"base_id":521,"kind":"top_words","i1":0,"i2":1,"sol":{"path":["/c/en/antitumor","/c/en/leucinostatin","/c/en/antimicrobial"],"weight":0.202},"num_concepts_raised":137},{"base_id":521,"kind":"top_words","i1":0,"i2":2,"sol":{"path":["/c/en/antitumor","/c/en/development","/c/en/country","/c/en/algeria","/c/en/annaba"],"weight":0.20853999999999973},"num_concepts_raised":5432},{"base_id":521,"kind":"top_words","i1":0,"i2":3,"sol":{"path":["/c/en/antitumor","/c/en/development","/c/en/country","/c/en/territory","/c/en/earldom"],"weight":0.2031799999999997},"num_concepts_raised":13510},{"base_id":521,"kind":"top_words","i1":0,"i2":4,"sol":{"path":["/c/en/antitumor","/c/en/oncology","/c/en/medicine","/c/en/analgesic"],"weight":0.2163499999999992},"num_concepts_raised":28837},{"base_id":521,"kind":"top_words","i1":0,"i2":5,"sol":{"path":["/c/en/antitumor","/c/en/inhibit","/c/en/anticholinergic"],"weight":0.203},"num_concepts_raised":122},{"base_id":521,"kind":"top_words","i1":0,"i2":6,"sol":{"path":["/c/en/antitumor","/c/en/oncology","/c/en/medicine","/c/en/nootropic"],"weight":0.2086899999999996},"num_concepts_raised":14673},{"base_id":521,"kind":"top_words","i1":0,"i2":7,"sol":{"path":["/c/en/antitumor","/c/en/development","/c/en/process","/c/en/concurrency"],"weight":0.20289999999999977},"num_concepts_raised":14334},{"base_id":521,"kind":"top_words","i1":0,"i2":8,"sol":{"path":["/c/en/antitumor","/c/en/inhibit","/c/en/chemistry","/c/en/silver","/c/en/argent"],"weight":0.20903999999999962},"num_concepts_raised":14289},{"base_id":521,"kind":"top_words","i1":0,"i2":9,"sol":{"path":["/c/en/antitumor","/c/en/anticancer"],"weight":0.202},"num_concepts_raised":135},{"base_id":521,"kind":"top_words","i1":1,"i2":2,"sol":{"path":["/c/en/antimicrobial","/c/en/disinfectant","/c/en/hospital","/c/en/city","/c/en/annaba"],"weight":0.20929999999999965},"num_concepts_raised":4644},{"base_id":521,"kind":"top_words","i1":1,"i2":3,"sol":{"path":["/c/en/antimicrobial","/c/fr/antimicrobien","/c/fr/substance","/c/fr/terre","/c/en/earldom"],"weight":0.2049199999999996},"num_concepts_raised":12722},{"base_id":521,"kind":"top_words","i1":1,"i2":4,"sol":{"path":["/c/en/antimicrobial","/c/pt/antimicrobiano","/c/en/medicine","/c/en/analgesic"],"weight":0.21887999999999913},"num_concepts_raised":28182},{"base_id":521,"kind":"top_words","i1":1,"i2":5,"sol":{"path":["/c/en/antimicrobial","/c/pt/antimicrobiano","/c/en/medicine","/c/en/anticholinergic"],"weight":0.20652999999999955},"num_concepts_raised":18322},{"base_id":521,"kind":"top_words","i1":1,"i2":6,"sol":{"path":["/c/en/antimicrobial","/c/pt/antimicrobiano","/c/en/medicine","/c/en/nootropic"],"weight":0.21122999999999947},"num_concepts_raised":14001},{"base_id":521,"kind":"top_words","i1":1,"i2":7,"sol":{"path":["/c/en/antimicrobial","/c/en/healthful","/c/en/health","/c/en/system","/c/en/concurrency"],"weight":0.20463999999999966},"num_concepts_raised":13591},{"base_id":521,"kind":"top_words","i1":1,"i2":8,"sol":{"path":["/c/en/antimicrobial","/c/en/drinking_water","/c/en/fountain","/c/en/argent"],"weight":0.20507999999999957},"num_concepts_raised":13495},{"base_id":521,"kind":"top_words","i1":1,"i2":9,"sol":{"path":["/c/en/antimicrobial","/c/en/chemosensitivity","/c/en/anticancer"],"weight":0.202},"num_concepts_raised":184},{"base_id":521,"kind":"top_words","i1":2,"i2":3,"sol":{"path":["/c/en/annaba","/c/en/city","/c/en/rike","/c/en/earldom"],"weight":0.2085199999999997},"num_concepts_raised":14778},{"base_id":521,"kind":"top_words","i1":2,"i2":4,"sol":{"path":["/c/en/annaba","/c/en/city","/c/en/local","/c/en/medicine","/c/en/analgesic"],"weight":0.22151999999999925},"num_concepts_raised":30355},{"base_id":521,"kind":"top_words","i1":2,"i2":5,"sol":{"path":["/c/en/annaba","/c/en/city","/c/en/high","/c/en/drug","/c/en/anticholinergic"],"weight":0.20941999999999966},"num_concepts_raised":20506},{"base_id":521,"kind":"top_words","i1":2,"i2":6,"sol":{"path":["/c/en/annaba","/c/en/city","/c/en/local","/c/en/medicine","/c/en/nootropic"],"weight":0.2138599999999996},"num_concepts_raised":16154},{"base_id":521,"kind":"top_words","i1":2,"i2":7,"sol":{"path":["/c/en/annaba","/c/en/city","/c/en/place","/c/en/time","/c/en/concurrency"],"weight":0.20841999999999977},"num_concepts_raised":15638},{"base_id":521,"kind":"top_words","i1":2,"i2":8,"sol":{"path":["/c/en/annaba","/c/en/city","/c/en/fountain","/c/en/argent"],"weight":0.2097499999999997},"num_concepts_raised":15557},{"base_id":521,"kind":"top_words","i1":2,"i2":9,"sol":{"path":["/c/en/annaba","/c/en/city","/c/en/local","/c/en/medicine","/c/en/anticancer"],"weight":0.2093699999999996},"num_concepts_raised":16570},{"base_id":521,"kind":"top_words","i1":3,"i2":4,"sol":{"path":["/c/en/earldom","/c/en/rank","/c/en/general","/c/en/medicine","/c/en/analgesic"],"weight":0.2161199999999992},"num_concepts_raised":38345},{"base_id":521,"kind":"top_words","i1":3,"i2":5,"sol":{"path":["/c/en/earldom","/c/en/rank","/c/en/high","/c/en/drug","/c/en/anticholinergic"],"weight":0.20404999999999962},"num_concepts_raised":28536},{"base_id":521,"kind":"top_words","i1":3,"i2":6,"sol":{"path":["/c/en/earldom","/c/en/rank","/c/en/general","/c/en/medicine","/c/en/nootropic"],"weight":0.20846999999999957},"num_concepts_raised":24189},{"base_id":521,"kind":"top_words","i1":3,"i2":7,"sol":{"path":["/c/en/earldom","/c/en/rank","/c/en/system","/c/en/concurrency"],"weight":0.20293999999999976},"num_concepts_raised":23608},{"base_id":521,"kind":"top_words","i1":3,"i2":8,"sol":{"path":["/c/en/earldom","/c/en/rank","/c/en/ring","/c/en/silver","/c/en/argent"],"weight":0.20904999999999963},"num_concepts_raised":23561},{"base_id":521,"kind":"top_words","i1":3,"i2":9,"sol":{"path":["/c/en/earldom","/c/en/rank","/c/en/general","/c/en/medicine","/c/en/anticancer"],"weight":0.20397999999999955},"num_concepts_raised":24601},{"base_id":521,"kind":"top_words","i1":4,"i2":5,"sol":{"path":["/c/en/analgesic","/c/en/medicine","/c/en/anticholinergic"],"weight":0.20500000000000002},"num_concepts_raised":435},{"base_id":521,"kind":"top_words","i1":4,"i2":6,"sol":{"path":["/c/en/analgesic","/c/en/medicine","/c/en/nootropic"],"weight":0.20700000000000002},"num_concepts_raised":432},{"base_id":521,"kind":"top_words","i1":4,"i2":7,"sol":{"path":["/c/en/analgesic","/c/en/painkiller","/c/en/drug","/c/en/process","/c/en/concurrency"],"weight":0.2195999999999993},"num_concepts_raised":39078},{"base_id":521,"kind":"top_words","i1":4,"i2":8,"sol":{"path":["/c/en/analgesic","/c/en/medicine","/c/en/tincture","/c/en/argent"],"weight":0.21837999999999919},"num_concepts_raised":38998},{"base_id":521,"kind":"top_words","i1":4,"i2":9,"sol":{"path":["/c/en/analgesic","/c/en/medicine","/c/en/anticancer"],"weight":0.20500000000000002},"num_concepts_raised":454},{"base_id":521,"kind":"top_words","i1":5,"i2":6,"sol":{"path":["/c/en/anticholinergic","/c/en/medicine","/c/en/nootropic"],"weight":0.20400000000000001},"num_concepts_raised":150},{"base_id":521,"kind":"top_words","i1":5,"i2":7,"sol":{"path":["/c/en/anticholinergic","/c/en/drug","/c/en/process","/c/en/concurrency"],"weight":0.2037999999999997},"num_concepts_raised":29297},{"base_id":521,"kind":"top_words","i1":5,"i2":8,"sol":{"path":["/c/en/anticholinergic","/c/en/medicine","/c/en/tincture","/c/en/argent"],"weight":0.2060099999999996},"num_concepts_raised":29243},{"base_id":521,"kind":"top_words","i1":5,"i2":9,"sol":{"path":["/c/en/anticholinergic","/c/en/medicine","/c/en/anticancer"],"weight":0.202},"num_concepts_raised":171},{"base_id":521,"kind":"top_words","i1":6,"i2":7,"sol":{"path":["/c/en/nootropic","/c/en/psychotropic","/c/en/process","/c/en/concurrency"],"weight":0.20818999999999965},"num_concepts_raised":24963},{"base_id":521,"kind":"top_words","i1":6,"i2":8,"sol":{"path":["/c/en/nootropic","/c/en/pharmacology","/c/en/tincture","/c/en/argent"],"weight":0.21072999999999953},"num_concepts_raised":24913},{"base_id":521,"kind":"top_words","i1":6,"i2":9,"sol":{"path":["/c/en/nootropic","/c/en/medicine","/c/en/anticancer"],"weight":0.20400000000000001},"num_concepts_raised":168},{"base_id":521,"kind":"top_words","i1":7,"i2":8,"sol":{"path":["/c/en/concurrency","/c/en/time","/c/en/money","/c/en/argent"],"weight":0.20457999999999973},"num_concepts_raised":24201},{"base_id":521,"kind":"top_words","i1":7,"i2":9,"sol":{"path":["/c/en/concurrency","/c/en/process","/c/en/treat","/c/en/anticancer"],"weight":0.2034299999999996},"num_concepts_raised":25359},{"base_id":521,"kind":"top_words","i1":8,"i2":9,"sol":{"path":["/c/en/argent","/c/en/silver","/c/en/metallodrug","/c/en/anticancer"],"weight":0.20950999999999947},"num_concepts_raised":25302}]]