[[{"base_id":550,"kind":"bot_words","i1":0,"i2":1,"sol":{"path":["/c/en/louvain","/c/en/belgium","/c/en/europe","/c/en/magazine","/c/en/pictorial"],"weight":0.2038299999999997},"num_concepts_raised":7590},{"base_id":550,"kind":"bot_words","i1":0,"i2":2,"sol":{"path":["/c/en/louvain","/c/fr/louvain","/c/fr/localités","/c/en/swell","/c/en/mushroom"],"weight":0.22145999999999852},"num_concepts_raised":39904},{"base_id":550,"kind":"bot_words","i1":0,"i2":3,"sol":{"path":["/c/en/louvain","/c/fr/louvain","/c/fr/localités","/c/en/wool","/c/en/synthetic"],"weight":0.20926999999999835},"num_concepts_raised":40727},{"base_id":550,"kind":"bot_words","i1":0,"i2":4,"sol":{"path":["/c/en/louvain","/c/en/belgium","/c/nl/kribbe","/c/en/stream","/c/en/bombardment"],"weight":0.20375999999999983},"num_concepts_raised":13678},{"base_id":550,"kind":"bot_words","i1":0,"i2":5,"sol":{"path":["/c/en/louvain","/c/fr/louvain","/c/fr/localités","/c/en/steep","/c/en/infusion"],"weight":0.20550999999999953},"num_concepts_raised":17705},{"base_id":550,"kind":"bot_words","i1":0,"i2":6,"sol":{"path":["/c/en/louvain","/c/fr/louvain","/c/fr/localités","/c/fr/romain","/c/la/claudius","/c/en/claudius"],"weight":0.21583459999999952},"num_concepts_raised":232700},{"base_id":550,"kind":"bot_words","i1":0,"i2":7,"sol":{"path":["/c/en/louvain","/c/lb/léiwen","/c/en/love","/c/en/deep","/c/en/deepest"],"weight":0.20274999999999982},"num_concepts_raised":2163},{"base_id":550,"kind":"bot_words","i1":0,"i2":8,"sol":{"path":["/c/en/louvain","/c/en/belgium","/c/en/state","/c/en/north_carolina","/c/en/carolina"],"weight":0.20408999999999983},"num_concepts_raised":4797},{"base_id":550,"kind":"bot_words","i1":0,"i2":9,"sol":{"path":["/c/en/louvain","/c/en/belgium","/c/en/c","/c/en/programming_language","/c/en/sed"],"weight":0.2081199999999997},"num_concepts_raised":50567},{"base_id":550,"kind":"bot_words","i1":1,"i2":2,"sol":{"path":["/c/en/pictorial","/c/en/painting","/c/en/pick","/c/en/mushroom"],"weight":0.22137999999999844},"num_concepts_raised":45628},{"base_id":550,"kind":"bot_words","i1":1,"i2":3,"sol":{"path":["/c/en/pictorial","/c/en/caricature","/c/ms/tiruan","/c/en/synthetic"],"weight":0.21002999999999827},"num_concepts_raised":46393},{"base_id":550,"kind":"bot_words","i1":1,"i2":4,"sol":{"path":["/c/en/pictorial","/c/en/feynman_diagram","/c/en/physics","/c/en/bombardment"],"weight":0.20459999999999973},"num_concepts_raised":19586},{"base_id":550,"kind":"bot_words","i1":1,"i2":5,"sol":{"path":["/c/en/pictorial","/c/en/vignette","/c/fr/extrait","/c/en/infusion"],"weight":0.20528999999999942},"num_concepts_raised":23591},{"base_id":550,"kind":"bot_words","i1":1,"i2":6,"sol":{"path":["/c/en/pictorial","/c/en/article","/c/en/person","/c/en/claudian","/c/en/claudius"],"weight":0.21136999999999956},"num_concepts_raised":8035},{"base_id":550,"kind":"bot_words","i1":1,"i2":7,"sol":{"path":["/c/en/pictorial","/c/en/picture","/c/en/photography","/c/en/depth","/c/en/deepest"],"weight":0.20580999999999972},"num_concepts_raised":8124},{"base_id":550,"kind":"bot_words","i1":1,"i2":8,"sol":{"path":["/c/en/pictorial","/c/en/picture","/c/en/fox","/c/en/south_carolina","/c/en/carolina"],"weight":0.20703999999999972},"num_concepts_raised":10783},{"base_id":550,"kind":"bot_words","i1":1,"i2":9,"sol":{"path":["/c/en/pictorial","/c/pt/gráfico","/c/en/computing","/c/en/sed"],"weight":0.20900999999999964},"num_concepts_raised":56132},{"base_id":550,"kind":"bot_words","i1":2,"i2":3,"sol":{"path":["/c/en/mushroom","/c/en/tree","/c/en/chemistry","/c/en/synthetic"],"weight":0.2261399999999971},"num_concepts_raised":77592},{"base_id":550,"kind":"bot_words","i1":2,"i2":4,"sol":{"path":["/c/en/mushroom","/c/en/atom","/c/en/physics","/c/en/bombardment"],"weight":0.22134999999999858},"num_concepts_raised":51453},{"base_id":550,"kind":"bot_words","i1":2,"i2":5,"sol":{"path":["/c/en/mushroom","/c/en/agaric","/c/en/medicine","/c/en/infusion"],"weight":0.22226999999999825},"num_concepts_raised":55389},{"base_id":550,"kind":"bot_words","i1":2,"i2":6,"sol":{"path":["/c/en/mushroom","/c/en/shroom","/c/en/slang","/c/en/royalty","/c/en/claudius"],"weight":0.22819999999999835},"num_concepts_raised":40341},{"base_id":550,"kind":"bot_words","i1":2,"i2":7,"sol":{"path":["/c/en/mushroom","/c/en/spread","/c/en/depth","/c/en/deepest"],"weight":0.22020999999999855},"num_concepts_raised":40410},{"base_id":550,"kind":"bot_words","i1":2,"i2":8,"sol":{"path":["/c/en/mushroom","/c/en/fungus","/c/en/louisiana","/c/en/south","/c/en/carolina"],"weight":0.22476999999999853},"num_concepts_raised":43034},{"base_id":550,"kind":"bot_words","i1":2,"i2":9,"sol":{"path":["/c/en/mushroom","/c/en/shroom","/c/en/slang","/c/en/sed"],"weight":0.22780999999999846},"num_concepts_raised":87310},{"base_id":550,"kind":"bot_words","i1":3,"i2":4,"sol":{"path":["/c/en/synthetic","/c/en/inductive","/c/en/physics","/c/en/bombardment"],"weight":0.2101799999999984},"num_concepts_raised":51551},{"base_id":550,"kind":"bot_words","i1":3,"i2":5,"sol":{"path":["/c/en/synthetic","/c/en/steroid","/c/en/medicine","/c/en/infusion"],"weight":0.21021999999999808},"num_concepts_raised":55844},{"base_id":550,"kind":"bot_words","i1":3,"i2":6,"sol":{"path":["/c/en/synthetic","/c/en/grammar","/c/en/person","/c/en/claudian","/c/en/claudius"],"weight":0.2158799999999982},"num_concepts_raised":41170},{"base_id":550,"kind":"bot_words","i1":3,"i2":7,"sol":{"path":["/c/en/synthetic","/c/en/logic","/c/en/depth","/c/en/deepest"],"weight":0.20816999999999838},"num_concepts_raised":41213},{"base_id":550,"kind":"bot_words","i1":3,"i2":8,"sol":{"path":["/c/en/synthetic","/c/en/black_diamond","/c/en/south_africa","/c/en/carolina"],"weight":0.2081999999999984},"num_concepts_raised":43871},{"base_id":550,"kind":"bot_words","i1":3,"i2":9,"sol":{"path":["/c/en/synthetic","/c/en/phosphor","/c/en/surface_conduction_electron_emitter_display","/c/en/sed"],"weight":0.21535999999999828},"num_concepts_raised":87380},{"base_id":550,"kind":"bot_words","i1":4,"i2":5,"sol":{"path":["/c/en/bombardment","/c/en/stream","/c/en/liquid","/c/en/infusion"],"weight":0.20538999999999957},"num_concepts_raised":29456},{"base_id":550,"kind":"bot_words","i1":4,"i2":6,"sol":{"path":["/c/en/bombardment","/c/en/physics","/c/en/power","/c/en/royalty","/c/en/claudius"],"weight":0.20936999999999967},"num_concepts_raised":14131},{"base_id":550,"kind":"bot_words","i1":4,"i2":7,"sol":{"path":["/c/en/bombardment","/c/en/barrage","/c/en/depth","/c/en/deepest"],"weight":0.20373999999999987},"num_concepts_raised":14174},{"base_id":550,"kind":"bot_words","i1":4,"i2":8,"sol":{"path":["/c/en/bombardment","/c/en/shelling","/c/en/union","/c/en/south_carolina","/c/en/carolina"],"weight":0.20499999999999985},"num_concepts_raised":16858},{"base_id":550,"kind":"bot_words","i1":4,"i2":9,"sol":{"path":["/c/en/bombardment","/c/en/physics","/c/en/sed"],"weight":0.20400000000000001},"num_concepts_raised":126},{"base_id":550,"kind":"bot_words","i1":5,"i2":6,"sol":{"path":["/c/en/infusion","/c/en/medicine","/c/en/crown","/c/en/emperor","/c/en/claudius"],"weight":0.21018999999999938},"num_concepts_raised":18154},{"base_id":550,"kind":"bot_words","i1":5,"i2":7,"sol":{"path":["/c/en/infusion","/c/en/medicine","/c/en/water","/c/en/deep","/c/en/deepest"],"weight":0.20452999999999955},"num_concepts_raised":18231},{"base_id":550,"kind":"bot_words","i1":5,"i2":8,"sol":{"path":["/c/en/infusion","/c/en/medicine","/c/en/cotton","/c/en/north_carolina","/c/en/carolina"],"weight":0.20571999999999957},"num_concepts_raised":20881},{"base_id":550,"kind":"bot_words","i1":5,"i2":9,"sol":{"path":["/c/en/infusion","/c/en/medicine","/c/en/slang","/c/en/sed"],"weight":0.20977999999999944},"num_concepts_raised":65897},{"base_id":550,"kind":"bot_words","i1":6,"i2":7,"sol":{"path":["/c/en/claudius","/c/en/royalty","/c/en/rank","/c/en/depth","/c/en/deepest"],"weight":0.20830999999999966},"num_concepts_raised":2615},{"base_id":550,"kind":"bot_words","i1":6,"i2":8,"sol":{"path":["/c/en/claudius","/c/en/claude","/c/en/barbour_county","/c/en/alabama","/c/en/carolina"],"weight":0.21066999999999966},"num_concepts_raised":5241},{"base_id":550,"kind":"bot_words","i1":6,"i2":9,"sol":{"path":["/c/en/claudius","/c/en/claudian","/c/en/person","/c/en/sed"],"weight":0.21569999999999956},"num_concepts_raised":50983},{"base_id":550,"kind":"bot_words","i1":7,"i2":8,"sol":{"path":["/c/en/deepest","/c/en/deep","/c/en/cotton","/c/en/north_carolina","/c/en/carolina"],"weight":0.20391999999999982},"num_concepts_raised":5360},{"base_id":550,"kind":"bot_words","i1":7,"i2":9,"sol":{"path":["/c/en/deepest","/c/en/depth","/c/en/computing","/c/en/sed"],"weight":0.20795999999999973},"num_concepts_raised":51035},{"base_id":550,"kind":"bot_words","i1":8,"i2":9,"sol":{"path":["/c/en/carolina","/c/en/south","/c/en/astronomy","/c/en/sed"],"weight":0.20816999999999974},"num_concepts_raised":53376}],[{"base_id":550,"kind":"top_words","i1":0,"i2":1,"sol":{"path":["/c/en/bulgar","/c/fr/bulgarie","/c/fr/champignon","/c/fr/amadou","/c/en/amadou"],"weight":0.20375999999999989},"num_concepts_raised":2799},{"base_id":550,"kind":"top_words","i1":0,"i2":2,"sol":{"path":["/c/en/bulgar","/c/en/bulgur","/c/en/grain","/c/en/pickle","/c/en/pickling"],"weight":0.20380999999999982},"num_concepts_raised":2596},{"base_id":550,"kind":"top_words","i1":0,"i2":3,"sol":{"path":["/c/en/bulgar","/c/en/bulgaria","/c/en/state","/c/en/chief","/c/en/gaffer"],"weight":0.20350999999999977},"num_concepts_raised":14218},{"base_id":550,"kind":"top_words","i1":0,"i2":4,"sol":{"path":["/c/en/bulgar","/c/en/bulgarian","/c/en/human","/c/en/baby","/c/en/bambino"],"weight":0.20785999999999977},"num_concepts_raised":7344},{"base_id":550,"kind":"top_words","i1":0,"i2":5,"sol":{"path":["/c/en/bulgar","/c/en/bulgaria","/c/en/state","/c/en/cry","/c/en/tear","/c/en/teardrop"],"weight":0.21155089999999954},"num_concepts_raised":402768},{"base_id":550,"kind":"top_words","i1":0,"i2":6,"sol":{"path":["/c/en/bulgar","/c/en/bulgaria","/c/en/country","/c/en/azerbaijan","/c/en/ganja"],"weight":0.2032399999999998},"num_concepts_raised":19439},{"base_id":550,"kind":"top_words","i1":0,"i2":7,"sol":{"path":["/c/en/bulgar","/c/en/bulgaria","/c/en/country","/c/en/horse","/c/en/corral"],"weight":0.2037299999999997},"num_concepts_raised":11703},{"base_id":550,"kind":"top_words","i1":0,"i2":8,"sol":{"path":["/c/en/bulgar","/c/en/bulgaria","/c/en/europe","/c/en/ireland","/c/en/peeler"],"weight":0.20336999999999975},"num_concepts_raised":32527},{"base_id":550,"kind":"top_words","i1":0,"i2":9,"sol":{"path":["/c/en/bulgar","/c/en/bulgaria","/c/en/world_war_i","/c/en/fokker"],"weight":0.20791999999999972},"num_concepts_raised":4718},{"base_id":550,"kind":"top_words","i1":1,"i2":2,"sol":{"path":["/c/en/amadou","/c/en/tinder","/c/en/light","/c/en/pickle","/c/en/pickling"],"weight":0.20404999999999993},"num_concepts_raised":3601},{"base_id":550,"kind":"top_words","i1":1,"i2":3,"sol":{"path":["/c/en/amadou","/c/fr/amadou","/c/fr/masculin","/c/fr/homme","/c/en/gaffer"],"weight":0.20447999999999988},"num_concepts_raised":15212},{"base_id":550,"kind":"top_words","i1":1,"i2":4,"sol":{"path":["/c/en/amadou","/c/en/tinder","/c/en/tend","/c/en/baby","/c/en/bambino"],"weight":0.20802999999999988},"num_concepts_raised":8348},{"base_id":550,"kind":"top_words","i1":1,"i2":5,"sol":{"path":["/c/en/amadou","/c/fr/amadou","/c/fr/arbre","/c/fr/larme","/c/en/teardrop"],"weight":0.2062699999999999},"num_concepts_raised":5327},{"base_id":550,"kind":"top_words","i1":1,"i2":6,"sol":{"path":["/c/en/amadou","/c/fr/amadou","/c/en/spunk","/c/en/slang","/c/en/ganja"],"weight":0.2042299999999999},"num_concepts_raised":20400},{"base_id":550,"kind":"top_words","i1":1,"i2":7,"sol":{"path":["/c/en/amadou","/c/en/meat","/c/en/cow","/c/en/corral"],"weight":0.20364999999999978},"num_concepts_raised":12664},{"base_id":550,"kind":"top_words","i1":1,"i2":8,"sol":{"path":["/c/en/amadou","/c/en/meat","/c/en/food","/c/en/peeler"],"weight":0.20329999999999984},"num_concepts_raised":33338},{"base_id":550,"kind":"top_words","i1":1,"i2":9,"sol":{"path":["/c/en/amadou","/c/en/meat","/c/nl/toespijs","/c/en/netherlands","/c/en/fokker"],"weight":0.20789999999999983},"num_concepts_raised":5751},{"base_id":550,"kind":"top_words","i1":2,"i2":3,"sol":{"path":["/c/en/pickling","/c/en/pickle","/c/en/slang","/c/fi/äijä","/c/en/gaffer"],"weight":0.20558999999999983},"num_concepts_raised":15014},{"base_id":550,"kind":"top_words","i1":2,"i2":4,"sol":{"path":["/c/en/pickling","/c/en/pickle","/c/en/product","/c/en/child","/c/en/bambino"],"weight":0.20892999999999984},"num_concepts_raised":8155},{"base_id":550,"kind":"top_words","i1":2,"i2":5,"sol":{"path":["/c/en/pickling","/c/en/brine","/c/gd/deur","/c/en/teardrop"],"weight":0.20487999999999984},"num_concepts_raised":5112},{"base_id":550,"kind":"top_words","i1":2,"i2":6,"sol":{"path":["/c/en/pickling","/c/en/pickle","/c/en/slang","/c/en/ganja"],"weight":0.20429999999999987},"num_concepts_raised":20230},{"base_id":550,"kind":"top_words","i1":2,"i2":7,"sol":{"path":["/c/en/pickling","/c/en/pickle","/c/en/baseball","/c/en/pen","/c/en/corral"],"weight":0.20506999999999975},"num_concepts_raised":12499},{"base_id":550,"kind":"top_words","i1":2,"i2":8,"sol":{"path":["/c/en/pickling","/c/en/processing","/c/en/peeler"],"weight":0.202},"num_concepts_raised":87},{"base_id":550,"kind":"top_words","i1":2,"i2":9,"sol":{"path":["/c/en/pickling","/c/en/brine","/c/en/company","/c/en/fokker"],"weight":0.20902999999999977},"num_concepts_raised":5535},{"base_id":550,"kind":"top_words","i1":3,"i2":4,"sol":{"path":["/c/en/gaffer","/c/en/film","/c/en/art","/c/en/bambino"],"weight":0.20844999999999977},"num_concepts_raised":19633},{"base_id":550,"kind":"top_words","i1":3,"i2":5,"sol":{"path":["/c/en/gaffer","/c/en/british","/c/en/drop","/c/en/teardrop"],"weight":0.20448999999999978},"num_concepts_raised":16684},{"base_id":550,"kind":"top_words","i1":3,"i2":6,"sol":{"path":["/c/en/gaffer","/c/fi/äijä","/c/en/slang","/c/en/ganja"],"weight":0.2049299999999998},"num_concepts_raised":31026},{"base_id":550,"kind":"top_words","i1":3,"i2":7,"sol":{"path":["/c/en/gaffer","/c/en/film_set","/c/en/enclosure","/c/en/corral"],"weight":0.20448999999999973},"num_concepts_raised":23910},{"base_id":550,"kind":"top_words","i1":3,"i2":8,"sol":{"path":["/c/en/gaffer","/c/en/british","/c/en/peeler"],"weight":0.202},"num_concepts_raised":127},{"base_id":550,"kind":"top_words","i1":3,"i2":9,"sol":{"path":["/c/en/gaffer","/c/en/boss","/c/en/company","/c/en/fokker"],"weight":0.2085799999999997},"num_concepts_raised":17052},{"base_id":550,"kind":"top_words","i1":4,"i2":5,"sol":{"path":["/c/en/bambino","/c/en/baby","/c/en/crying","/c/ja/涙","/c/en/teardrop"],"weight":0.21095999999999981},"num_concepts_raised":9826},{"base_id":550,"kind":"top_words","i1":4,"i2":6,"sol":{"path":["/c/en/bambino","/c/en/art","/c/en/business","/c/en/ganjapreneur","/c/en/ganja"],"weight":0.20910999999999982},"num_concepts_raised":24818},{"base_id":550,"kind":"top_words","i1":4,"i2":7,"sol":{"path":["/c/en/bambino","/c/en/child","/c/en/pen","/c/en/corral"],"weight":0.2090199999999997},"num_concepts_raised":17108},{"base_id":550,"kind":"top_words","i1":4,"i2":8,"sol":{"path":["/c/en/bambino","/c/en/baby","/c/en/sex","/c/en/bobby","/c/en/peeler"],"weight":0.21035999999999977},"num_concepts_raised":37737},{"base_id":550,"kind":"top_words","i1":4,"i2":9,"sol":{"path":["/c/en/bambino","/c/en/baby","/c/en/person","/c/en/company","/c/en/fokker"],"weight":0.21298999999999974},"num_concepts_raised":10250},{"base_id":550,"kind":"top_words","i1":5,"i2":6,"sol":{"path":["/c/en/teardrop","/c/en/tear","/c/en/slang","/c/en/ganja"],"weight":0.20599999999999985},"num_concepts_raised":21875},{"base_id":550,"kind":"top_words","i1":5,"i2":7,"sol":{"path":["/c/en/teardrop","/c/en/drop","/c/en/circle","/c/en/corral"],"weight":0.20573999999999973},"num_concepts_raised":14146},{"base_id":550,"kind":"top_words","i1":5,"i2":8,"sol":{"path":["/c/en/teardrop","/c/en/tear","/c/en/slang","/c/en/peeler"],"weight":0.20606999999999975},"num_concepts_raised":34865},{"base_id":550,"kind":"top_words","i1":5,"i2":9,"sol":{"path":["/c/en/teardrop","/c/en/tear","/c/la/diripio","/c/en/company","/c/en/fokker"],"weight":0.21064999999999978},"num_concepts_raised":7243},{"base_id":550,"kind":"top_words","i1":6,"i2":7,"sol":{"path":["/c/en/ganja","/c/en/slang","/c/en/horse","/c/en/corral"],"weight":0.20408999999999977},"num_concepts_raised":29012},{"base_id":550,"kind":"top_words","i1":6,"i2":8,"sol":{"path":["/c/en/ganja","/c/en/slang","/c/en/peeler"],"weight":0.202},"num_concepts_raised":106},{"base_id":550,"kind":"top_words","i1":6,"i2":9,"sol":{"path":["/c/en/ganja","/c/en/marijuana","/c/en/amsterdam","/c/en/fokker"],"weight":0.2085499999999998},"num_concepts_raised":22277},{"base_id":550,"kind":"top_words","i1":7,"i2":8,"sol":{"path":["/c/en/corral","/c/en/inside","/c/en/peel","/c/en/peeler"],"weight":0.2050599999999997},"num_concepts_raised":41779},{"base_id":550,"kind":"top_words","i1":7,"i2":9,"sol":{"path":["/c/en/corral","/c/en/heifer","/c/en/germany","/c/en/fokker"],"weight":0.20873999999999965},"num_concepts_raised":14563},{"base_id":550,"kind":"top_words","i1":8,"i2":9,"sol":{"path":["/c/en/peeler","/c/en/british","/c/en/aeroplane","/c/en/fokker"],"weight":0.20833999999999972},"num_concepts_raised":35259}]]