[[{"base_id":117,"kind":"bot_words","i1":0,"i2":1,"sol":{"path":["/c/en/expiatory","/c/fi/sovitus","/c/en/music","/c/en/schmaltz"],"weight":0.20283999999999994},"num_concepts_raised":12814},{"base_id":117,"kind":"bot_words","i1":0,"i2":2,"sol":{"path":["/c/en/expiatory","/c/en/expiate","/c/en/guilt","/c/en/person","/c/en/spokesperson"],"weight":0.20669999999999986},"num_concepts_raised":21042},{"base_id":117,"kind":"bot_words","i1":0,"i2":3,"sol":{"path":["/c/en/expiatory","/c/en/purgatory","/c/fr/religion","/c/la/ales","/c/en/augury"],"weight":0.20396999999999965},"num_concepts_raised":6654},{"base_id":117,"kind":"bot_words","i1":0,"i2":4,"sol":{"path":["/c/en/expiatory","/c/en/purgatory","/c/en/heaven","/c/en/religion","/c/en/tamils"],"weight":0.20807999999999977},"num_concepts_raised":4048},{"base_id":117,"kind":"bot_words","i1":0,"i2":5,"sol":{"path":["/c/en/expiatory","/c/en/purgatory","/c/en/christianity","/c/syc/ܨܠܘܬܐ","/c/en/readmission"],"weight":0.20282999999999998},"num_concepts_raised":653},{"base_id":117,"kind":"bot_words","i1":0,"i2":6,"sol":{"path":["/c/en/expiatory","/c/fr/expiatoire","/c/fr/religieux","/c/fr/compagnie","/c/en/company","/c/en/compaq"],"weight":0.2144950999999995},"num_concepts_raised":264570},{"base_id":117,"kind":"bot_words","i1":0,"i2":7,"sol":{"path":["/c/en/expiatory","/c/fi/sovitus","/c/en/music","/c/en/set","/c/en/setting"],"weight":0.21017999999999878},"num_concepts_raised":44084},{"base_id":117,"kind":"bot_words","i1":0,"i2":8,"sol":{"path":["/c/en/expiatory","/c/fi/sovitus","/c/en/music","/c/en/twist","/c/en/contortion"],"weight":0.20458999999999983},"num_concepts_raised":4256},{"base_id":117,"kind":"bot_words","i1":0,"i2":9,"sol":{"path":["/c/en/expiatory","/c/fr/expiatoire","/c/fr/lustre","/c/fr/appareil","/c/fr/timonier","/c/en/helmsman"],"weight":0.21487239999999985},"num_concepts_raised":639415},{"base_id":117,"kind":"bot_words","i1":1,"i2":2,"sol":{"path":["/c/en/schmaltz","/c/en/music","/c/en/person","/c/en/spokesperson"],"weight":0.20566999999999985},"num_concepts_raised":32715},{"base_id":117,"kind":"bot_words","i1":1,"i2":3,"sol":{"path":["/c/en/schmaltz","/c/en/music","/c/en/bad","/c/en/omen","/c/en/augury"],"weight":0.20656999999999964},"num_concepts_raised":18610},{"base_id":117,"kind":"bot_words","i1":1,"i2":4,"sol":{"path":["/c/en/schmaltz","/c/en/music","/c/fi/kielinen","/c/en/tamil","/c/en/tamils"],"weight":0.20805999999999975},"num_concepts_raised":16097},{"base_id":117,"kind":"bot_words","i1":1,"i2":5,"sol":{"path":["/c/en/schmaltz","/c/en/music","/c/en/entrance","/c/en/admission","/c/en/readmission"],"weight":0.20385999999999996},"num_concepts_raised":12748},{"base_id":117,"kind":"bot_words","i1":1,"i2":6,"sol":{"path":["/c/en/schmaltz","/c/de/schmalz","/c/en/small","/c/en/company","/c/en/compaq"],"weight":0.20984999999999981},"num_concepts_raised":14677},{"base_id":117,"kind":"bot_words","i1":1,"i2":7,"sol":{"path":["/c/en/schmaltz","/c/en/music","/c/en/set","/c/en/setting"],"weight":0.21017999999999876},"num_concepts_raised":55229},{"base_id":117,"kind":"bot_words","i1":1,"i2":8,"sol":{"path":["/c/en/schmaltz","/c/en/music","/c/en/twist","/c/en/contortion"],"weight":0.20458999999999983},"num_concepts_raised":16232},{"base_id":117,"kind":"bot_words","i1":1,"i2":9,"sol":{"path":["/c/en/schmaltz","/c/en/music","/c/en/rank","/c/fi/perämies","/c/en/helmsman"],"weight":0.20624999999999982},"num_concepts_raised":24552},{"base_id":117,"kind":"bot_words","i1":2,"i2":3,"sol":{"path":["/c/en/spokesperson","/c/en/person","/c/en/experience","/c/en/augury"],"weight":0.20668999999999957},"num_concepts_raised":26724},{"base_id":117,"kind":"bot_words","i1":2,"i2":4,"sol":{"path":["/c/en/spokesperson","/c/en/spokesman","/c/en/man","/c/en/ethnic_group","/c/en/tamils"],"weight":0.2126199999999997},"num_concepts_raised":24297},{"base_id":117,"kind":"bot_words","i1":2,"i2":5,"sol":{"path":["/c/en/spokesperson","/c/en/person","/c/en/concession","/c/en/admission","/c/en/readmission"],"weight":0.20663999999999988},"num_concepts_raised":20976},{"base_id":117,"kind":"bot_words","i1":2,"i2":6,"sol":{"path":["/c/en/spokesperson","/c/en/person","/c/en/company","/c/en/compaq"],"weight":0.21069999999999972},"num_concepts_raised":22840},{"base_id":117,"kind":"bot_words","i1":2,"i2":7,"sol":{"path":["/c/en/spokesperson","/c/en/person","/c/en/place","/c/en/setting"],"weight":0.2097999999999987},"num_concepts_raised":63296},{"base_id":117,"kind":"bot_words","i1":2,"i2":8,"sol":{"path":["/c/en/spokesperson","/c/en/person","/c/en/body","/c/en/twist","/c/en/contortion"],"weight":0.20746999999999977},"num_concepts_raised":24462},{"base_id":117,"kind":"bot_words","i1":2,"i2":9,"sol":{"path":["/c/en/spokesperson","/c/en/worker","/c/en/coxswain","/c/en/helmsman"],"weight":0.20728999999999975},"num_concepts_raised":32570},{"base_id":117,"kind":"bot_words","i1":3,"i2":4,"sol":{"path":["/c/en/augury","/c/en/omen","/c/en/supernatural","/c/en/religion","/c/en/tamils"],"weight":0.21175999999999945},"num_concepts_raised":9958},{"base_id":117,"kind":"bot_words","i1":3,"i2":5,"sol":{"path":["/c/en/augury","/c/en/sign","/c/en/price","/c/en/admission","/c/en/readmission"],"weight":0.2053399999999997},"num_concepts_raised":6587},{"base_id":117,"kind":"bot_words","i1":3,"i2":6,"sol":{"path":["/c/en/augury","/c/en/sign","/c/en/business","/c/en/company","/c/en/compaq"],"weight":0.20942999999999953},"num_concepts_raised":8551},{"base_id":117,"kind":"bot_words","i1":3,"i2":7,"sol":{"path":["/c/en/augury","/c/en/omen","/c/en/mark","/c/en/setting"],"weight":0.21039999999999853},"num_concepts_raised":49292},{"base_id":117,"kind":"bot_words","i1":3,"i2":8,"sol":{"path":["/c/en/augury","/c/en/sign","/c/en/display","/c/en/contortion"],"weight":0.20488999999999954},"num_concepts_raised":10098},{"base_id":117,"kind":"bot_words","i1":3,"i2":9,"sol":{"path":["/c/en/augury","/c/en/omen","/c/en/mark","/c/en/nautical","/c/en/helmsman"],"weight":0.20836999999999956},"num_concepts_raised":18477},{"base_id":117,"kind":"bot_words","i1":4,"i2":5,"sol":{"path":["/c/en/tamils","/c/en/religion","/c/el/ομολογία","/c/en/admission","/c/en/readmission"],"weight":0.2090099999999998},"num_concepts_raised":3986},{"base_id":117,"kind":"bot_words","i1":4,"i2":6,"sol":{"path":["/c/en/tamils","/c/en/religion","/c/en/organization","/c/en/company","/c/en/compaq"],"weight":0.21309999999999965},"num_concepts_raised":5978},{"base_id":117,"kind":"bot_words","i1":4,"i2":7,"sol":{"path":["/c/en/tamils","/c/en/religion","/c/en/preference","/c/en/setting"],"weight":0.21173999999999862},"num_concepts_raised":47316},{"base_id":117,"kind":"bot_words","i1":4,"i2":8,"sol":{"path":["/c/en/tamils","/c/en/religion","/c/fr/trait","/c/fr/contorsion","/c/en/contortion"],"weight":0.21062999999999965},"num_concepts_raised":7588},{"base_id":117,"kind":"bot_words","i1":4,"i2":9,"sol":{"path":["/c/en/tamils","/c/en/religion","/c/en/general","/c/en/nautical","/c/en/helmsman"],"weight":0.20976999999999968},"num_concepts_raised":15936},{"base_id":117,"kind":"bot_words","i1":5,"i2":6,"sol":{"path":["/c/en/readmission","/c/en/admission","/c/en/concession","/c/en/company","/c/en/compaq"],"weight":0.20888999999999985},"num_concepts_raised":2582},{"base_id":117,"kind":"bot_words","i1":5,"i2":7,"sol":{"path":["/c/en/readmission","/c/en/admission","/c/ru/набор","/c/en/set","/c/en/setting"],"weight":0.2110399999999988},"num_concepts_raised":44017},{"base_id":117,"kind":"bot_words","i1":5,"i2":8,"sol":{"path":["/c/en/readmission","/c/en/admission","/c/en/british","/c/en/flex","/c/en/contortion"],"weight":0.20440999999999987},"num_concepts_raised":4190},{"base_id":117,"kind":"bot_words","i1":5,"i2":9,"sol":{"path":["/c/en/readmission","/c/en/admission","/c/en/entrance","/c/en/nautical","/c/en/helmsman"],"weight":0.20558999999999988},"num_concepts_raised":12555},{"base_id":117,"kind":"bot_words","i1":6,"i2":7,"sol":{"path":["/c/en/compaq","/c/en/company","/c/en/place","/c/en/setting"],"weight":0.2119999999999987},"num_concepts_raised":45830},{"base_id":117,"kind":"bot_words","i1":6,"i2":8,"sol":{"path":["/c/en/compaq","/c/en/company","/c/en/body","/c/en/twist","/c/en/contortion"],"weight":0.20966999999999975},"num_concepts_raised":6167},{"base_id":117,"kind":"bot_words","i1":6,"i2":9,"sol":{"path":["/c/en/compaq","/c/en/company","/c/en/nautical","/c/en/helmsman"],"weight":0.20963999999999972},"num_concepts_raised":14484},{"base_id":117,"kind":"bot_words","i1":7,"i2":8,"sol":{"path":["/c/en/setting","/c/en/game","/c/en/twist","/c/en/contortion"],"weight":0.2084199999999987},"num_concepts_raised":47245},{"base_id":117,"kind":"bot_words","i1":7,"i2":9,"sol":{"path":["/c/en/setting","/c/en/table","/c/en/nautical","/c/en/helmsman"],"weight":0.2095099999999987},"num_concepts_raised":55197},{"base_id":117,"kind":"bot_words","i1":8,"i2":9,"sol":{"path":["/c/en/contortion","/c/en/contort","/c/en/con","/c/en/helmsman"],"weight":0.20685999999999974},"num_concepts_raised":16046}],[{"base_id":117,"kind":"top_words","i1":0,"i2":1,"sol":{"path":["/c/en/vanilla","/c/en/chocolate"],"weight":0.20800000000000002},"num_concepts_raised":710},{"base_id":117,"kind":"top_words","i1":0,"i2":2,"sol":{"path":["/c/en/vanilla","/c/en/butterscotch","/c/en/syrup"],"weight":0.20600000000000002},"num_concepts_raised":465},{"base_id":117,"kind":"top_words","i1":0,"i2":3,"sol":{"path":["/c/en/vanilla","/c/en/slang","/c/en/cream"],"weight":0.21100000000000002},"num_concepts_raised":835},{"base_id":117,"kind":"top_words","i1":0,"i2":4,"sol":{"path":["/c/en/vanilla","/c/en/fruit","/c/en/yogurt"],"weight":0.20800000000000002},"num_concepts_raised":448},{"base_id":117,"kind":"top_words","i1":0,"i2":5,"sol":{"path":["/c/en/vanilla","/c/en/plain","/c/fr/cuisine","/c/en/caramel"],"weight":0.2283799999999997},"num_concepts_raised":56035},{"base_id":117,"kind":"top_words","i1":0,"i2":6,"sol":{"path":["/c/en/vanilla","/c/en/fruit","/c/en/juice"],"weight":0.20800000000000002},"num_concepts_raised":818},{"base_id":117,"kind":"top_words","i1":0,"i2":7,"sol":{"path":["/c/en/vanilla","/c/en/galliano","/c/en/liqueur"],"weight":0.20900000000000002},"num_concepts_raised":428},{"base_id":117,"kind":"top_words","i1":0,"i2":8,"sol":{"path":["/c/en/vanilla","/c/en/champurrado","/c/en/cinnamon"],"weight":0.21000000000000002},"num_concepts_raised":457},{"base_id":117,"kind":"top_words","i1":0,"i2":9,"sol":{"path":["/c/en/vanilla","/c/en/slang","/c/en/butter"],"weight":0.20800000000000002},"num_concepts_raised":841},{"base_id":117,"kind":"top_words","i1":1,"i2":2,"sol":{"path":["/c/en/chocolate","/c/en/sugar","/c/en/syrup"],"weight":0.20500000000000002},"num_concepts_raised":768},{"base_id":117,"kind":"top_words","i1":1,"i2":3,"sol":{"path":["/c/en/chocolate","/c/en/slang","/c/en/cream"],"weight":0.21000000000000002},"num_concepts_raised":1131},{"base_id":117,"kind":"top_words","i1":1,"i2":4,"sol":{"path":["/c/en/chocolate","/c/en/food","/c/en/yogurt"],"weight":0.20800000000000002},"num_concepts_raised":751},{"base_id":117,"kind":"top_words","i1":1,"i2":5,"sol":{"path":["/c/en/chocolate","/c/en/brown","/c/en/caramel"],"weight":0.20900000000000002},"num_concepts_raised":668},{"base_id":117,"kind":"top_words","i1":1,"i2":6,"sol":{"path":["/c/en/chocolate","/c/en/slang","/c/en/juice"],"weight":0.20700000000000002},"num_concepts_raised":1120},{"base_id":117,"kind":"top_words","i1":1,"i2":7,"sol":{"path":["/c/en/chocolate","/c/en/cordial","/c/en/liqueur"],"weight":0.20800000000000002},"num_concepts_raised":730},{"base_id":117,"kind":"top_words","i1":1,"i2":8,"sol":{"path":["/c/en/chocolate","/c/en/brown","/c/en/cinnamon"],"weight":0.21200000000000002},"num_concepts_raised":760},{"base_id":117,"kind":"top_words","i1":1,"i2":9,"sol":{"path":["/c/en/chocolate","/c/en/food","/c/en/butter"],"weight":0.20800000000000002},"num_concepts_raised":1142},{"base_id":117,"kind":"top_words","i1":2,"i2":3,"sol":{"path":["/c/en/syrup","/c/en/sugar","/c/en/cream"],"weight":0.20700000000000002},"num_concepts_raised":889},{"base_id":117,"kind":"top_words","i1":2,"i2":4,"sol":{"path":["/c/en/syrup","/c/en/bamiyeh","/c/en/yogurt"],"weight":0.20400000000000001},"num_concepts_raised":500},{"base_id":117,"kind":"top_words","i1":2,"i2":5,"sol":{"path":["/c/en/syrup","/c/en/sugar","/c/en/caramel"],"weight":0.20500000000000002},"num_concepts_raised":423},{"base_id":117,"kind":"top_words","i1":2,"i2":6,"sol":{"path":["/c/en/syrup","/c/es/jarabe","/c/en/juice"],"weight":0.20600000000000002},"num_concepts_raised":857},{"base_id":117,"kind":"top_words","i1":2,"i2":7,"sol":{"path":["/c/en/syrup","/c/en/sugar","/c/en/liqueur"],"weight":0.20500000000000002},"num_concepts_raised":481},{"base_id":117,"kind":"top_words","i1":2,"i2":8,"sol":{"path":["/c/en/syrup","/c/en/loukoumades","/c/en/cinnamon"],"weight":0.20600000000000002},"num_concepts_raised":512},{"base_id":117,"kind":"top_words","i1":2,"i2":9,"sol":{"path":["/c/en/syrup","/c/en/butterscotch","/c/en/butter"],"weight":0.20400000000000001},"num_concepts_raised":895},{"base_id":117,"kind":"top_words","i1":3,"i2":4,"sol":{"path":["/c/en/cream","/c/en/milk","/c/en/yogurt"],"weight":0.21100000000000002},"num_concepts_raised":867},{"base_id":117,"kind":"top_words","i1":3,"i2":5,"sol":{"path":["/c/en/cream","/c/en/food","/c/en/caramel"],"weight":0.20800000000000002},"num_concepts_raised":795},{"base_id":117,"kind":"top_words","i1":3,"i2":6,"sol":{"path":["/c/en/cream","/c/en/milk","/c/en/juice"],"weight":0.21000000000000002},"num_concepts_raised":1237},{"base_id":117,"kind":"top_words","i1":3,"i2":7,"sol":{"path":["/c/en/cream","/c/en/irish_cream","/c/en/liqueur"],"weight":0.20800000000000002},"num_concepts_raised":855},{"base_id":117,"kind":"top_words","i1":3,"i2":8,"sol":{"path":["/c/en/cream","/c/en/food","/c/en/cinnamon"],"weight":0.21000000000000002},"num_concepts_raised":884},{"base_id":117,"kind":"top_words","i1":3,"i2":9,"sol":{"path":["/c/en/cream","/c/en/butter"],"weight":0.20900000000000002},"num_concepts_raised":1236},{"base_id":117,"kind":"top_words","i1":4,"i2":5,"sol":{"path":["/c/en/yogurt","/c/en/food","/c/en/caramel"],"weight":0.20700000000000002},"num_concepts_raised":405},{"base_id":117,"kind":"top_words","i1":4,"i2":6,"sol":{"path":["/c/en/yogurt","/c/en/milk","/c/en/juice"],"weight":0.20700000000000002},"num_concepts_raised":851},{"base_id":117,"kind":"top_words","i1":4,"i2":7,"sol":{"path":["/c/en/yogurt","/c/en/milk","/c/en/liquid","/c/en/liqueur"],"weight":0.22550000000000037},"num_concepts_raised":28763},{"base_id":117,"kind":"top_words","i1":4,"i2":8,"sol":{"path":["/c/en/yogurt","/c/en/food","/c/en/cinnamon"],"weight":0.20900000000000002},"num_concepts_raised":492},{"base_id":117,"kind":"top_words","i1":4,"i2":9,"sol":{"path":["/c/en/yogurt","/c/en/milk","/c/en/butter"],"weight":0.20900000000000002},"num_concepts_raised":868},{"base_id":117,"kind":"top_words","i1":5,"i2":6,"sol":{"path":["/c/en/caramel","/c/en/sugar","/c/en/juice"],"weight":0.20600000000000002},"num_concepts_raised":778},{"base_id":117,"kind":"top_words","i1":5,"i2":7,"sol":{"path":["/c/en/caramel","/c/en/sugar","/c/en/liqueur"],"weight":0.20600000000000002},"num_concepts_raised":388},{"base_id":117,"kind":"top_words","i1":5,"i2":8,"sol":{"path":["/c/en/caramel","/c/en/brown","/c/en/cinnamon"],"weight":0.20900000000000002},"num_concepts_raised":414},{"base_id":117,"kind":"top_words","i1":5,"i2":9,"sol":{"path":["/c/en/caramel","/c/en/yellow","/c/en/butter"],"weight":0.20800000000000002},"num_concepts_raised":796},{"base_id":117,"kind":"top_words","i1":6,"i2":7,"sol":{"path":["/c/en/juice","/c/en/beverage","/c/en/liqueur"],"weight":0.20700000000000002},"num_concepts_raised":831},{"base_id":117,"kind":"top_words","i1":6,"i2":8,"sol":{"path":["/c/en/juice","/c/en/apple","/c/en/cinnamon"],"weight":0.20900000000000002},"num_concepts_raised":864},{"base_id":117,"kind":"top_words","i1":6,"i2":9,"sol":{"path":["/c/en/juice","/c/en/milk","/c/en/butter"],"weight":0.20800000000000002},"num_concepts_raised":1242},{"base_id":117,"kind":"top_words","i1":7,"i2":8,"sol":{"path":["/c/en/liqueur","/c/en/benedictine","/c/en/spice","/c/en/cinnamon"],"weight":0.23151999999999956},"num_concepts_raised":27816},{"base_id":117,"kind":"top_words","i1":7,"i2":9,"sol":{"path":["/c/en/liqueur","/c/en/chartreuse","/c/en/yellow","/c/en/butter"],"weight":0.2357199999999998},"num_concepts_raised":93755},{"base_id":117,"kind":"top_words","i1":8,"i2":9,"sol":{"path":["/c/en/cinnamon","/c/en/yellow","/c/en/butter"],"weight":0.21000000000000002},"num_concepts_raised":881}]]