[[{"base_id":265,"kind":"bot_words","i1":0,"i2":1,"sol":{"path":["/c/en/esau","/c/en/person","/c/en/hindustani","/c/en/hindu"],"weight":0.21727999999999914},"num_concepts_raised":36870},{"base_id":265,"kind":"bot_words","i1":0,"i2":2,"sol":{"path":["/c/en/esau","/c/en/person","/c/en/change","/c/en/reorganization","/c/en/reorganisation"],"weight":0.20919999999999997},"num_concepts_raised":14581},{"base_id":265,"kind":"bot_words","i1":0,"i2":3,"sol":{"path":["/c/en/esau","/c/en/person","/c/en/artist","/c/en/expressionist"],"weight":0.2094100000000001},"num_concepts_raised":15573},{"base_id":265,"kind":"bot_words","i1":0,"i2":4,"sol":{"path":["/c/en/esau","/c/en/person","/c/en/osteoporosis","/c/en/pathology","/c/en/pneumonitis"],"weight":0.20895000000000002},"num_concepts_raised":19933},{"base_id":265,"kind":"bot_words","i1":0,"i2":5,"sol":{"path":["/c/en/esau","/c/en/jacob","/c/en/benjamin","/c/en/county_seat","/c/en/youngstown"],"weight":0.2112},"num_concepts_raised":20279},{"base_id":265,"kind":"bot_words","i1":0,"i2":6,"sol":{"path":["/c/en/esau","/c/en/person","/c/en/grave","/c/en/graves"],"weight":0.21105000000000002},"num_concepts_raised":22109},{"base_id":265,"kind":"bot_words","i1":0,"i2":7,"sol":{"path":["/c/en/esau","/c/en/person","/c/en/party","/c/en/privy"],"weight":0.21085999999999977},"num_concepts_raised":36616},{"base_id":265,"kind":"bot_words","i1":0,"i2":8,"sol":{"path":["/c/en/esau","/c/en/person","/c/en/garbage","/c/en/rubbish"],"weight":0.21664999999999884},"num_concepts_raised":41106},{"base_id":265,"kind":"bot_words","i1":0,"i2":9,"sol":{"path":["/c/en/esau","/c/en/person","/c/en/energy","/c/en/fat","/c/en/lipid"],"weight":0.21510999999999939},"num_concepts_raised":35156},{"base_id":265,"kind":"bot_words","i1":1,"i2":2,"sol":{"path":["/c/en/hindu","/c/en/hinduism","/c/th/คณบดี","/c/en/organisation","/c/en/reorganisation"],"weight":0.21338999999999894},"num_concepts_raised":24586},{"base_id":265,"kind":"bot_words","i1":1,"i2":3,"sol":{"path":["/c/en/hindu","/c/en/vehicle","/c/en/expression","/c/en/expressionist"],"weight":0.21109999999999907},"num_concepts_raised":25586},{"base_id":265,"kind":"bot_words","i1":1,"i2":4,"sol":{"path":["/c/en/hindu","/c/en/religion","/c/syc/ܟܘܪܗܢܐ","/c/en/pathology","/c/en/pneumonitis"],"weight":0.212919999999999},"num_concepts_raised":29976},{"base_id":265,"kind":"bot_words","i1":1,"i2":5,"sol":{"path":["/c/en/hindu","/c/en/india","/c/en/indiana","/c/en/youngstown"],"weight":0.211079999999999},"num_concepts_raised":30200},{"base_id":265,"kind":"bot_words","i1":1,"i2":6,"sol":{"path":["/c/en/hindu","/c/en/religion","/c/en/cross","/c/en/graves"],"weight":0.212969999999999},"num_concepts_raised":32035},{"base_id":265,"kind":"bot_words","i1":1,"i2":7,"sol":{"path":["/c/en/hindu","/c/en/religion","/c/en/use","/c/en/privy"],"weight":0.21380999999999878},"num_concepts_raised":46579},{"base_id":265,"kind":"bot_words","i1":1,"i2":8,"sol":{"path":["/c/en/hindu","/c/en/newspaper","/c/en/trash","/c/en/rubbish"],"weight":0.21933999999999781},"num_concepts_raised":50986},{"base_id":265,"kind":"bot_words","i1":1,"i2":9,"sol":{"path":["/c/en/hindu","/c/en/cow","/c/en/fat","/c/en/lipid"],"weight":0.21677999999999836},"num_concepts_raised":45103},{"base_id":265,"kind":"bot_words","i1":2,"i2":3,"sol":{"path":["/c/en/reorganisation","/c/en/reorganization","/c/en/rationalization","/c/en/expression","/c/en/expressionist"],"weight":0.2032799999999999},"num_concepts_raised":2868},{"base_id":265,"kind":"bot_words","i1":2,"i2":4,"sol":{"path":["/c/en/reorganisation","/c/en/british_spelling","/c/en/haemophilia","/c/en/pathology","/c/en/pneumonitis"],"weight":0.20261999999999983},"num_concepts_raised":7202},{"base_id":265,"kind":"bot_words","i1":2,"i2":5,"sol":{"path":["/c/en/reorganisation","/c/en/british_spelling","/c/en/centre","/c/en/county_seat","/c/en/youngstown"],"weight":0.2027099999999998},"num_concepts_raised":7612},{"base_id":265,"kind":"bot_words","i1":2,"i2":6,"sol":{"path":["/c/en/reorganisation","/c/en/organisation","/c/en/body","/c/en/grave","/c/en/graves"],"weight":0.20480999999999983},"num_concepts_raised":9536},{"base_id":265,"kind":"bot_words","i1":2,"i2":7,"sol":{"path":["/c/en/reorganisation","/c/el/ανακατάταξη","/c/en/military","/c/en/private","/c/en/privy"],"weight":0.20481999999999959},"num_concepts_raised":24443},{"base_id":265,"kind":"bot_words","i1":2,"i2":8,"sol":{"path":["/c/en/reorganisation","/c/en/organisation","/c/en/body","/c/en/waste","/c/en/rubbish"],"weight":0.20955999999999864},"num_concepts_raised":28976},{"base_id":265,"kind":"bot_words","i1":2,"i2":9,"sol":{"path":["/c/en/reorganisation","/c/en/organisation","/c/en/body","/c/en/wax","/c/en/lipid"],"weight":0.2083399999999992},"num_concepts_raised":22510},{"base_id":265,"kind":"bot_words","i1":3,"i2":4,"sol":{"path":["/c/en/expressionist","/c/en/expression","/c/en/friedreich's_ataxia","/c/en/pathology","/c/en/pneumonitis"],"weight":0.20301999999999995},"num_concepts_raised":8246},{"base_id":265,"kind":"bot_words","i1":3,"i2":5,"sol":{"path":["/c/en/expressionist","/c/nrf/expressionniste","/c/en/jersey","/c/en/new_york","/c/en/youngstown"],"weight":0.20406999999999992},"num_concepts_raised":8650},{"base_id":265,"kind":"bot_words","i1":3,"i2":6,"sol":{"path":["/c/en/expressionist","/c/en/artist","/c/en/person","/c/en/grave","/c/en/graves"],"weight":0.20518999999999993},"num_concepts_raised":10565},{"base_id":265,"kind":"bot_words","i1":3,"i2":7,"sol":{"path":["/c/en/expressionist","/c/en/expression","/c/en/action","/c/en/privy"],"weight":0.20388999999999968},"num_concepts_raised":25400},{"base_id":265,"kind":"bot_words","i1":3,"i2":8,"sol":{"path":["/c/en/expressionist","/c/en/expression","/c/en/denounce","/c/en/rubbish"],"weight":0.20772999999999875},"num_concepts_raised":29944},{"base_id":265,"kind":"bot_words","i1":3,"i2":9,"sol":{"path":["/c/en/expressionist","/c/en/expression","/c/en/protein","/c/en/fat","/c/en/lipid"],"weight":0.20948999999999932},"num_concepts_raised":23527},{"base_id":265,"kind":"bot_words","i1":4,"i2":5,"sol":{"path":["/c/en/pneumonitis","/c/en/pathology","/c/en/carrier","/c/en/canada","/c/en/youngstown"],"weight":0.20261999999999986},"num_concepts_raised":12992},{"base_id":265,"kind":"bot_words","i1":4,"i2":6,"sol":{"path":["/c/en/pneumonitis","/c/en/one_impairment_person_might","/c/en/graves_disease","/c/en/graves"],"weight":0.20257999999999987},"num_concepts_raised":14908},{"base_id":265,"kind":"bot_words","i1":4,"i2":7,"sol":{"path":["/c/en/pneumonitis","/c/en/inflammation","/c/ja/えん","/c/en/party","/c/en/privy"],"weight":0.20448999999999962},"num_concepts_raised":29811},{"base_id":265,"kind":"bot_words","i1":4,"i2":8,"sol":{"path":["/c/en/pneumonitis","/c/en/suberosis","/c/en/fungus","/c/en/garbage","/c/en/rubbish"],"weight":0.2101999999999987},"num_concepts_raised":34322},{"base_id":265,"kind":"bot_words","i1":4,"i2":9,"sol":{"path":["/c/en/pneumonitis","/c/en/pathology","/c/en/organic","/c/en/lipid"],"weight":0.20630999999999924},"num_concepts_raised":27819},{"base_id":265,"kind":"bot_words","i1":5,"i2":6,"sol":{"path":["/c/en/youngstown","/c/en/county_seat","/c/en/graves_county","/c/en/graves"],"weight":0.20267999999999986},"num_concepts_raised":15217},{"base_id":265,"kind":"bot_words","i1":5,"i2":7,"sol":{"path":["/c/en/youngstown","/c/en/alberta","/c/en/legal","/c/en/privy"],"weight":0.2035099999999996},"num_concepts_raised":30093},{"base_id":265,"kind":"bot_words","i1":5,"i2":8,"sol":{"path":["/c/en/youngstown","/c/en/florida","/c/en/trash","/c/en/rubbish"],"weight":0.21129999999999866},"num_concepts_raised":34451},{"base_id":265,"kind":"bot_words","i1":5,"i2":9,"sol":{"path":["/c/en/youngstown","/c/en/usa","/c/en/slang","/c/en/fat","/c/en/lipid"],"weight":0.20885999999999924},"num_concepts_raised":28270},{"base_id":265,"kind":"bot_words","i1":6,"i2":7,"sol":{"path":["/c/en/graves","/c/en/dead","/c/en/legal","/c/en/privy"],"weight":0.20355999999999963},"num_concepts_raised":31807},{"base_id":265,"kind":"bot_words","i1":6,"i2":8,"sol":{"path":["/c/en/graves","/c/en/region","/c/en/waste","/c/en/rubbish"],"weight":0.20953999999999867},"num_concepts_raised":36237},{"base_id":265,"kind":"bot_words","i1":6,"i2":9,"sol":{"path":["/c/en/graves","/c/en/tallow","/c/en/fat","/c/en/lipid"],"weight":0.20876999999999923},"num_concepts_raised":30034},{"base_id":265,"kind":"bot_words","i1":7,"i2":8,"sol":{"path":["/c/en/privy","/c/en/toilet","/c/en/trash","/c/en/rubbish"],"weight":0.21240999999999843},"num_concepts_raised":50212},{"base_id":265,"kind":"bot_words","i1":7,"i2":9,"sol":{"path":["/c/en/privy","/c/en/legal","/c/en/compound","/c/en/lipid"],"weight":0.207089999999999},"num_concepts_raised":44879},{"base_id":265,"kind":"bot_words","i1":8,"i2":9,"sol":{"path":["/c/en/rubbish","/c/en/scrap","/c/en/fat","/c/en/lipid"],"weight":0.21368999999999808},"num_concepts_raised":49295}],[{"base_id":265,"kind":"top_words","i1":0,"i2":1,"sol":{"path":["/c/en/detroit","/c/en/michigan","/c/en/state","/c/en/heat","/c/en/preheat"],"weight":0.21436999999999976},"num_concepts_raised":19855},{"base_id":265,"kind":"top_words","i1":0,"i2":2,"sol":{"path":["/c/en/detroit","/c/en/city","/c/en/high","/c/en/drug","/c/en/stanozolol"],"weight":0.2148499999999996},"num_concepts_raised":22366},{"base_id":265,"kind":"top_words","i1":0,"i2":3,"sol":{"path":["/c/en/detroit","/c/fr/détroit","/c/fr/pertuis","/c/fr/médecine","/c/en/brachytherapy"],"weight":0.2137999999999997},"num_concepts_raised":27906},{"base_id":265,"kind":"top_words","i1":0,"i2":4,"sol":{"path":["/c/en/detroit","/c/en/human","/c/en/charge","/c/en/accusation","/c/en/incrimination"],"weight":0.21002999999999955},"num_concepts_raised":19075},{"base_id":265,"kind":"top_words","i1":0,"i2":5,"sol":{"path":["/c/en/detroit","/c/en/human","/c/en/tamil","/c/en/tamils"],"weight":0.21499999999999947},"num_concepts_raised":21417},{"base_id":265,"kind":"top_words","i1":0,"i2":6,"sol":{"path":["/c/en/detroit","/c/en/united_states","/c/en/opposition","/c/en/impedance"],"weight":0.21060999999999963},"num_concepts_raised":36513},{"base_id":265,"kind":"top_words","i1":0,"i2":7,"sol":{"path":["/c/en/detroit","/c/en/michigan","/c/en/state","/c/en/pin","/c/en/cotter"],"weight":0.21463999999999955},"num_concepts_raised":21863},{"base_id":265,"kind":"top_words","i1":0,"i2":8,"sol":{"path":["/c/en/detroit","/c/en/michigan","/c/en/republic","/c/en/monarch","/c/en/ahab"],"weight":0.21946999999999958},"num_concepts_raised":18769},{"base_id":265,"kind":"top_words","i1":0,"i2":9,"sol":{"path":["/c/en/detroit","/c/en/michigan","/c/en/amway"],"weight":0.20800000000000002},"num_concepts_raised":178},{"base_id":265,"kind":"top_words","i1":1,"i2":2,"sol":{"path":["/c/en/preheat","/c/en/heat","/c/en/cook","/c/en/drug","/c/en/stanozolol"],"weight":0.20812999999999998},"num_concepts_raised":6701},{"base_id":265,"kind":"top_words","i1":1,"i2":3,"sol":{"path":["/c/en/preheat","/c/en/heat","/c/en/radiation","/c/en/radiotherapy","/c/en/brachytherapy"],"weight":0.2041200000000001},"num_concepts_raised":12213},{"base_id":265,"kind":"top_words","i1":1,"i2":4,"sol":{"path":["/c/en/preheat","/c/en/heat","/c/en/reason","/c/fi/syy","/c/en/incrimination"],"weight":0.20319999999999994},"num_concepts_raised":3357},{"base_id":265,"kind":"top_words","i1":1,"i2":5,"sol":{"path":["/c/en/preheat","/c/en/heat","/c/en/function","/c/en/religion","/c/en/tamils"],"weight":0.20834999999999987},"num_concepts_raised":5791},{"base_id":265,"kind":"top_words","i1":1,"i2":6,"sol":{"path":["/c/en/preheat","/c/en/heat","/c/en/measure","/c/en/impedance"],"weight":0.2039},"num_concepts_raised":21012},{"base_id":265,"kind":"top_words","i1":1,"i2":7,"sol":{"path":["/c/en/preheat","/c/en/reheat","/c/en/british","/c/en/cottager","/c/en/cotter"],"weight":0.20565999999999995},"num_concepts_raised":6276},{"base_id":265,"kind":"top_words","i1":1,"i2":8,"sol":{"path":["/c/en/preheat","/c/en/heat","/c/en/slang","/c/en/monarch","/c/en/ahab"],"weight":0.20863999999999996},"num_concepts_raised":3068},{"base_id":265,"kind":"top_words","i1":1,"i2":9,"sol":{"path":["/c/en/preheat","/c/en/heat","/c/en/state","/c/en/michigan","/c/en/amway"],"weight":0.20817999999999995},"num_concepts_raised":6079},{"base_id":265,"kind":"top_words","i1":2,"i2":3,"sol":{"path":["/c/en/stanozolol","/c/en/drug","/c/en/medicine","/c/en/radiotherapy","/c/en/brachytherapy"],"weight":0.20880999999999994},"num_concepts_raised":14676},{"base_id":265,"kind":"top_words","i1":2,"i2":4,"sol":{"path":["/c/en/stanozolol","/c/en/testosterone","/c/en/responsible","/c/en/blame","/c/en/incrimination"],"weight":0.20790999999999976},"num_concepts_raised":5857},{"base_id":265,"kind":"top_words","i1":2,"i2":5,"sol":{"path":["/c/en/stanozolol","/c/en/drug","/c/en/use","/c/en/religion","/c/en/tamils"],"weight":0.2129999999999997},"num_concepts_raised":8295},{"base_id":265,"kind":"top_words","i1":2,"i2":6,"sol":{"path":["/c/en/stanozolol","/c/en/drug","/c/en/body","/c/en/physics","/c/en/impedance"],"weight":0.20880999999999983},"num_concepts_raised":23648},{"base_id":265,"kind":"top_words","i1":2,"i2":7,"sol":{"path":["/c/en/stanozolol","/c/en/drug","/c/en/medicine","/c/en/pin","/c/en/cotter"],"weight":0.20841999999999977},"num_concepts_raised":8791},{"base_id":265,"kind":"top_words","i1":2,"i2":8,"sol":{"path":["/c/en/stanozolol","/c/en/testosterone","/c/en/man","/c/en/israel","/c/en/ahab"],"weight":0.2132499999999998},"num_concepts_raised":5572},{"base_id":265,"kind":"top_words","i1":2,"i2":9,"sol":{"path":["/c/en/stanozolol","/c/en/drug","/c/en/cocaine","/c/en/united_states","/c/en/amway"],"weight":0.21280999999999978},"num_concepts_raised":8589},{"base_id":265,"kind":"top_words","i1":3,"i2":4,"sol":{"path":["/c/en/brachytherapy","/c/fr/médecine","/c/en/film","/c/en/accusation","/c/en/incrimination"],"weight":0.2029199999999999},"num_concepts_raised":11370},{"base_id":265,"kind":"top_words","i1":3,"i2":5,"sol":{"path":["/c/en/brachytherapy","/c/fr/médecine","/c/fr/incarner","/c/en/religion","/c/en/tamils"],"weight":0.20798999999999984},"num_concepts_raised":13812},{"base_id":265,"kind":"top_words","i1":3,"i2":6,"sol":{"path":["/c/en/brachytherapy","/c/fr/médecine","/c/fr/résistance","/c/fr/impédance","/c/en/impedance"],"weight":0.20498999999999998},"num_concepts_raised":29095},{"base_id":265,"kind":"top_words","i1":3,"i2":7,"sol":{"path":["/c/en/brachytherapy","/c/en/radiotherapy","/c/en/medicine","/c/en/pin","/c/en/cotter"],"weight":0.20440999999999993},"num_concepts_raised":14294},{"base_id":265,"kind":"top_words","i1":3,"i2":8,"sol":{"path":["/c/en/brachytherapy","/c/fr/médecine","/c/fr/av","/c/he/אב","/c/en/ahab"],"weight":0.20824999999999994},"num_concepts_raised":11083},{"base_id":265,"kind":"top_words","i1":3,"i2":9,"sol":{"path":["/c/en/brachytherapy","/c/fr/médecine","/c/fr/énergéticien","/c/en/company","/c/en/amway"],"weight":0.20778999999999992},"num_concepts_raised":14108},{"base_id":265,"kind":"top_words","i1":4,"i2":5,"sol":{"path":["/c/en/incrimination","/c/en/accusation","/c/la/adoro","/c/en/religion","/c/en/tamils"],"weight":0.20814999999999967},"num_concepts_raised":4950},{"base_id":265,"kind":"top_words","i1":4,"i2":6,"sol":{"path":["/c/en/incrimination","/c/en/accusation","/c/en/charge","/c/fr/électricité","/c/en/impedance"],"weight":0.20397999999999977},"num_concepts_raised":20310},{"base_id":265,"kind":"top_words","i1":4,"i2":7,"sol":{"path":["/c/en/incrimination","/c/en/blame","/c/en/computing","/c/en/wedge","/c/en/cotter"],"weight":0.2035799999999997},"num_concepts_raised":5441},{"base_id":265,"kind":"top_words","i1":4,"i2":8,"sol":{"path":["/c/en/incrimination","/c/en/blame","/c/en/charge","/c/en/king","/c/en/monarch","/c/en/ahab"],"weight":0.2120013999999995},"num_concepts_raised":151358},{"base_id":265,"kind":"top_words","i1":4,"i2":9,"sol":{"path":["/c/en/incrimination","/c/en/accusation","/c/en/legal","/c/en/company","/c/en/amway"],"weight":0.20798999999999973},"num_concepts_raised":5246},{"base_id":265,"kind":"top_words","i1":5,"i2":6,"sol":{"path":["/c/en/tamils","/c/en/religion","/c/en/science","/c/en/physics","/c/en/impedance"],"weight":0.20905999999999972},"num_concepts_raised":22725},{"base_id":265,"kind":"top_words","i1":5,"i2":7,"sol":{"path":["/c/en/tamils","/c/en/religion","/c/en/flag","/c/en/pin","/c/en/cotter"],"weight":0.20862999999999965},"num_concepts_raised":7885},{"base_id":265,"kind":"top_words","i1":5,"i2":8,"sol":{"path":["/c/en/tamils","/c/en/ethnic_group","/c/en/jew","/c/en/israel","/c/en/ahab"],"weight":0.2134999999999997},"num_concepts_raised":4659},{"base_id":265,"kind":"top_words","i1":5,"i2":9,"sol":{"path":["/c/en/tamils","/c/en/tamil","/c/en/human","/c/en/michigan","/c/en/amway"],"weight":0.21304999999999968},"num_concepts_raised":7662},{"base_id":265,"kind":"top_words","i1":6,"i2":7,"sol":{"path":["/c/en/impedance","/c/ga/coisceas","/c/en/electricity","/c/en/pin","/c/en/cotter"],"weight":0.2052399999999998},"num_concepts_raised":23124},{"base_id":265,"kind":"top_words","i1":6,"i2":8,"sol":{"path":["/c/en/impedance","/c/en/physics","/c/mul/i","/c/en/monarch","/c/en/ahab"],"weight":0.20930999999999983},"num_concepts_raised":20027},{"base_id":265,"kind":"top_words","i1":6,"i2":9,"sol":{"path":["/c/en/impedance","/c/en/opposition","/c/en/united_states","/c/en/amway"],"weight":0.2086199999999998},"num_concepts_raised":22960},{"base_id":265,"kind":"top_words","i1":7,"i2":8,"sol":{"path":["/c/en/cotter","/c/en/cottager","/c/en/slang","/c/en/monarch","/c/en/ahab"],"weight":0.20986999999999978},"num_concepts_raised":5155},{"base_id":265,"kind":"top_words","i1":7,"i2":9,"sol":{"path":["/c/en/cotter","/c/ru/батрак","/c/en/peon","/c/en/united_states","/c/en/amway"],"weight":0.20938999999999974},"num_concepts_raised":8149},{"base_id":265,"kind":"top_words","i1":8,"i2":9,"sol":{"path":["/c/en/ahab","/c/en/israel","/c/en/country","/c/en/company","/c/en/amway"],"weight":0.21330999999999978},"num_concepts_raised":4949}]]