[[{"base_id":629,"kind":"bot_words","i1":0,"i2":1,"sol":{"path":["/c/en/rootstock","/c/en/agriculture","/c/en/mast"],"weight":0.202},"num_concepts_raised":430},{"base_id":629,"kind":"bot_words","i1":0,"i2":2,"sol":{"path":["/c/en/rootstock","/c/en/graft","/c/en/british","/c/en/brilliance","/c/en/magnificence"],"weight":0.20704999999999932},"num_concepts_raised":6349},{"base_id":629,"kind":"bot_words","i1":0,"i2":3,"sol":{"path":["/c/en/rootstock","/c/en/senegin","/c/en/organic_compound","/c/en/hydroquinone"],"weight":0.2090199999999997},"num_concepts_raised":15724},{"base_id":629,"kind":"bot_words","i1":0,"i2":4,"sol":{"path":["/c/en/rootstock","/c/en/stock","/c/ar/قزم","/c/en/midget"],"weight":0.20718999999999968},"num_concepts_raised":9312},{"base_id":629,"kind":"bot_words","i1":0,"i2":5,"sol":{"path":["/c/en/rootstock","/c/en/stock","/c/en/art","/c/en/artist","/c/en/apelles"],"weight":0.20924999999999971},"num_concepts_raised":3954},{"base_id":629,"kind":"bot_words","i1":0,"i2":6,"sol":{"path":["/c/en/rootstock","/c/en/graft","/c/en/chemistry","/c/en/cyanide"],"weight":0.21120999999999968},"num_concepts_raised":38556},{"base_id":629,"kind":"bot_words","i1":0,"i2":7,"sol":{"path":["/c/en/rootstock","/c/ja/株","/c/en/post","/c/en/supersede"],"weight":0.20384999999999967},"num_concepts_raised":10527},{"base_id":629,"kind":"bot_words","i1":0,"i2":8,"sol":{"path":["/c/en/rootstock","/c/en/stock","/c/en/action","/c/en/march"],"weight":0.23352000000000284},"num_concepts_raised":207257},{"base_id":629,"kind":"bot_words","i1":0,"i2":9,"sol":{"path":["/c/en/rootstock","/c/en/agriculture","/c/fr/raie","/c/fr/spectral","/c/en/spectral"],"weight":0.20571999999999974},"num_concepts_raised":5123},{"base_id":629,"kind":"bot_words","i1":1,"i2":2,"sol":{"path":["/c/en/mast","/c/en/boom","/c/ms/kemewahan","/c/en/magnificence"],"weight":0.21039999999999878},"num_concepts_raised":39567},{"base_id":629,"kind":"bot_words","i1":1,"i2":3,"sol":{"path":["/c/en/mast","/c/en/stick","/c/en/one","/c/en/hydroquinone"],"weight":0.21444999999999917},"num_concepts_raised":48961},{"base_id":629,"kind":"bot_words","i1":1,"i2":4,"sol":{"path":["/c/en/mast","/c/en/tree","/c/en/giant","/c/en/midget"],"weight":0.21189999999999914},"num_concepts_raised":42435},{"base_id":629,"kind":"bot_words","i1":1,"i2":5,"sol":{"path":["/c/en/mast","/c/en/master","/c/en/artist","/c/en/apelles"],"weight":0.21349999999999916},"num_concepts_raised":37325},{"base_id":629,"kind":"bot_words","i1":1,"i2":6,"sol":{"path":["/c/en/mast","/c/en/snow","/c/en/poison","/c/en/cyanide"],"weight":0.22013999999999911},"num_concepts_raised":71198},{"base_id":629,"kind":"bot_words","i1":1,"i2":7,"sol":{"path":["/c/en/mast","/c/en/pole","/c/en/post","/c/en/supersede"],"weight":0.2108399999999991},"num_concepts_raised":43419},{"base_id":629,"kind":"bot_words","i1":1,"i2":8,"sol":{"path":["/c/en/mast","/c/en/column","/c/en/parade","/c/en/march"],"weight":0.24675000000000227},"num_concepts_raised":237229},{"base_id":629,"kind":"bot_words","i1":1,"i2":9,"sol":{"path":["/c/en/mast","/c/fr/mât","/c/en/nautical","/c/en/channel","/c/en/spectral"],"weight":0.21364999999999917},"num_concepts_raised":38382},{"base_id":629,"kind":"bot_words","i1":2,"i2":3,"sol":{"path":["/c/en/magnificence","/c/en/grandeur","/c/th/บารมี","/c/en/one","/c/en/hydroquinone"],"weight":0.2126599999999993},"num_concepts_raised":15541},{"base_id":629,"kind":"bot_words","i1":2,"i2":4,"sol":{"path":["/c/en/magnificence","/c/en/grandeur","/c/en/cathedral","/c/en/giant","/c/en/midget"],"weight":0.20995999999999926},"num_concepts_raised":9114},{"base_id":629,"kind":"bot_words","i1":2,"i2":5,"sol":{"path":["/c/en/magnificence","/c/no/glans","/c/en/picture","/c/en/artist","/c/en/apelles"],"weight":0.2096999999999993},"num_concepts_raised":3747},{"base_id":629,"kind":"bot_words","i1":2,"i2":6,"sol":{"path":["/c/en/magnificence","/c/en/brilliance","/c/syc/ܙܗܪܐ","/c/en/poison","/c/en/cyanide"],"weight":0.21846999999999928},"num_concepts_raised":38380},{"base_id":629,"kind":"bot_words","i1":2,"i2":7,"sol":{"path":["/c/en/magnificence","/c/en/brilliance","/c/en/british","/c/en/post","/c/en/supersede"],"weight":0.20759999999999923},"num_concepts_raised":10362},{"base_id":629,"kind":"bot_words","i1":2,"i2":8,"sol":{"path":["/c/en/magnificence","/c/en/ceremony","/c/en/march"],"weight":0.20800000000000002},"num_concepts_raised":1092},{"base_id":629,"kind":"bot_words","i1":2,"i2":9,"sol":{"path":["/c/en/magnificence","/c/en/splendor","/c/en/light","/c/en/spectrum","/c/en/spectral"],"weight":0.2089499999999993},"num_concepts_raised":4918},{"base_id":629,"kind":"bot_words","i1":3,"i2":4,"sol":{"path":["/c/en/hydroquinone","/c/en/one","/c/en/person","/c/en/dwarf","/c/en/midget"],"weight":0.21310999999999966},"num_concepts_raised":18484},{"base_id":629,"kind":"bot_words","i1":3,"i2":5,"sol":{"path":["/c/en/hydroquinone","/c/en/one","/c/en/person","/c/en/artist","/c/en/apelles"],"weight":0.2137799999999997},"num_concepts_raised":13133},{"base_id":629,"kind":"bot_words","i1":3,"i2":6,"sol":{"path":["/c/en/hydroquinone","/c/en/chemical_compound","/c/en/cyanide"],"weight":0.20600000000000002},"num_concepts_raised":228},{"base_id":629,"kind":"bot_words","i1":3,"i2":7,"sol":{"path":["/c/en/hydroquinone","/c/en/one","/c/ru/отделиться","/c/en/secede","/c/en/supersede"],"weight":0.21047999999999967},"num_concepts_raised":19739},{"base_id":629,"kind":"bot_words","i1":3,"i2":8,"sol":{"path":["/c/en/hydroquinone","/c/en/one","/c/en/month","/c/en/march"],"weight":0.2425400000000028},"num_concepts_raised":216380},{"base_id":629,"kind":"bot_words","i1":3,"i2":9,"sol":{"path":["/c/en/hydroquinone","/c/en/chemical_compound","/c/en/chemistry","/c/en/spectrum","/c/en/spectral"],"weight":0.2105999999999997},"num_concepts_raised":14304},{"base_id":629,"kind":"bot_words","i1":4,"i2":5,"sol":{"path":["/c/en/midget","/c/en/dwarf","/c/en/person","/c/en/artist","/c/en/apelles"],"weight":0.21242999999999965},"num_concepts_raised":6735},{"base_id":629,"kind":"bot_words","i1":4,"i2":6,"sol":{"path":["/c/en/midget","/c/en/et","/c/en/chemistry","/c/en/cyanide"],"weight":0.21297999999999961},"num_concepts_raised":41295},{"base_id":629,"kind":"bot_words","i1":4,"i2":7,"sol":{"path":["/c/en/midget","/c/fr/nain","/c/fr/personne","/c/fr/remplacer","/c/en/supersede"],"weight":0.2084199999999996},"num_concepts_raised":13321},{"base_id":629,"kind":"bot_words","i1":4,"i2":8,"sol":{"path":["/c/en/midget","/c/en/short","/c/en/february","/c/en/march"],"weight":0.2383600000000028},"num_concepts_raised":209893},{"base_id":629,"kind":"bot_words","i1":4,"i2":9,"sol":{"path":["/c/en/midget","/c/en/dwarf","/c/en/star","/c/en/spectral_type","/c/en/spectral"],"weight":0.20784999999999965},"num_concepts_raised":7896},{"base_id":629,"kind":"bot_words","i1":5,"i2":6,"sol":{"path":["/c/en/apelles","/c/en/artist","/c/en/factory","/c/en/poison","/c/en/cyanide"],"weight":0.21960999999999964},"num_concepts_raised":36054},{"base_id":629,"kind":"bot_words","i1":5,"i2":7,"sol":{"path":["/c/en/apelles","/c/en/artist","/c/en/virtualist","/c/en/internet","/c/en/supersede"],"weight":0.20876999999999965},"num_concepts_raised":7977},{"base_id":629,"kind":"bot_words","i1":5,"i2":8,"sol":{"path":["/c/en/apelles","/c/en/artist","/c/en/band","/c/en/march"],"weight":0.23721000000000284},"num_concepts_raised":204980},{"base_id":629,"kind":"bot_words","i1":5,"i2":9,"sol":{"path":["/c/en/apelles","/c/en/artist","/c/en/band","/c/en/spectrum","/c/en/spectral"],"weight":0.2098399999999997},"num_concepts_raised":2515},{"base_id":629,"kind":"bot_words","i1":6,"i2":7,"sol":{"path":["/c/en/cyanide","/c/en/water","/c/en/displace","/c/en/supersede"],"weight":0.2113299999999996},"num_concepts_raised":42566},{"base_id":629,"kind":"bot_words","i1":6,"i2":8,"sol":{"path":["/c/en/cyanide","/c/en/poison","/c/en/people","/c/en/march"],"weight":0.2437200000000028},"num_concepts_raised":238157},{"base_id":629,"kind":"bot_words","i1":6,"i2":9,"sol":{"path":["/c/en/cyanide","/c/en/chemistry","/c/en/spectrum","/c/en/spectral"],"weight":0.21279999999999966},"num_concepts_raised":37119},{"base_id":629,"kind":"bot_words","i1":7,"i2":8,"sol":{"path":["/c/en/supersede","/c/en/post","/c/en/music","/c/en/march"],"weight":0.23533000000000276},"num_concepts_raised":210662},{"base_id":629,"kind":"bot_words","i1":7,"i2":9,"sol":{"path":["/c/en/supersede","/c/en/internet","/c/en/channel","/c/en/spectral"],"weight":0.20424999999999965},"num_concepts_raised":9121},{"base_id":629,"kind":"bot_words","i1":8,"i2":9,"sol":{"path":["/c/en/march","/c/en/music","/c/en/chromatic","/c/en/spectral"],"weight":0.23505000000000284},"num_concepts_raised":205942}],[{"base_id":629,"kind":"top_words","i1":0,"i2":1,"sol":{"path":["/c/en/hospital","/c/en/hospice"],"weight":0.20800000000000002},"num_concepts_raised":791},{"base_id":629,"kind":"top_words","i1":0,"i2":2,"sol":{"path":["/c/en/hospital","/c/en/hospitals"],"weight":0.20600000000000002},"num_concepts_raised":725},{"base_id":629,"kind":"top_words","i1":0,"i2":3,"sol":{"path":["/c/en/hospital","/c/en/homeless_dumping","/c/en/homeless"],"weight":0.20500000000000002},"num_concepts_raised":903},{"base_id":629,"kind":"top_words","i1":0,"i2":4,"sol":{"path":["/c/en/hospital","/c/en/health","/c/en/undernourished","/c/en/malnourished"],"weight":0.22215999999999964},"num_concepts_raised":84704},{"base_id":629,"kind":"top_words","i1":0,"i2":5,"sol":{"path":["/c/en/hospital","/c/es/psiquiátrico","/c/en/psychiatric"],"weight":0.20600000000000002},"num_concepts_raised":801},{"base_id":629,"kind":"top_words","i1":0,"i2":6,"sol":{"path":["/c/en/hospital","/c/en/inpatient"],"weight":0.20400000000000001},"num_concepts_raised":748},{"base_id":629,"kind":"top_words","i1":0,"i2":7,"sol":{"path":["/c/en/hospital","/c/en/people","/c/en/poor","/c/en/needy"],"weight":0.2276599999999994},"num_concepts_raised":89139},{"base_id":629,"kind":"top_words","i1":0,"i2":8,"sol":{"path":["/c/en/hospital","/c/en/ambulance"],"weight":0.20800000000000002},"num_concepts_raised":930},{"base_id":629,"kind":"top_words","i1":0,"i2":9,"sol":{"path":["/c/en/hospital","/c/en/hospice","/c/en/destitute"],"weight":0.20500000000000002},"num_concepts_raised":895},{"base_id":629,"kind":"top_words","i1":1,"i2":2,"sol":{"path":["/c/en/hospice","/c/en/hospital","/c/en/hospitals"],"weight":0.20600000000000002},"num_concepts_raised":121},{"base_id":629,"kind":"top_words","i1":1,"i2":3,"sol":{"path":["/c/en/hospice","/c/en/destitute","/c/en/homeless"],"weight":0.20400000000000001},"num_concepts_raised":285},{"base_id":629,"kind":"top_words","i1":1,"i2":4,"sol":{"path":["/c/en/hospice","/c/en/hospital","/c/en/health","/c/en/undernourished","/c/en/malnourished"],"weight":0.21206999999999976},"num_concepts_raised":5991},{"base_id":629,"kind":"top_words","i1":1,"i2":5,"sol":{"path":["/c/en/hospice","/c/en/hospital","/c/es/psiquiátrico","/c/en/psychiatric"],"weight":0.21394999999999958},"num_concepts_raised":7869},{"base_id":629,"kind":"top_words","i1":1,"i2":6,"sol":{"path":["/c/en/hospice","/c/en/hospital","/c/en/inpatient"],"weight":0.20500000000000002},"num_concepts_raised":138},{"base_id":629,"kind":"top_words","i1":1,"i2":7,"sol":{"path":["/c/en/hospice","/c/en/destitute","/c/en/poor","/c/en/needy"],"weight":0.21349999999999952},"num_concepts_raised":10840},{"base_id":629,"kind":"top_words","i1":1,"i2":8,"sol":{"path":["/c/en/hospice","/c/en/hospital","/c/en/ambulance"],"weight":0.20800000000000002},"num_concepts_raised":323},{"base_id":629,"kind":"top_words","i1":1,"i2":9,"sol":{"path":["/c/en/hospice","/c/en/destitute"],"weight":0.20400000000000001},"num_concepts_raised":276},{"base_id":629,"kind":"top_words","i1":2,"i2":3,"sol":{"path":["/c/en/hospitals","/c/en/hospital","/c/en/homeless_dumping","/c/en/homeless"],"weight":0.20812999999999976},"num_concepts_raised":39335},{"base_id":629,"kind":"top_words","i1":2,"i2":4,"sol":{"path":["/c/en/hospitals","/c/en/medicine","/c/en/hypophosphatemia","/c/en/malnourished"],"weight":0.2031799999999999},"num_concepts_raised":26841},{"base_id":629,"kind":"top_words","i1":2,"i2":5,"sol":{"path":["/c/en/hospitals","/c/en/hospital","/c/es/psiquiátrico","/c/en/psychiatric"],"weight":0.2071299999999997},"num_concepts_raised":28535},{"base_id":629,"kind":"top_words","i1":2,"i2":6,"sol":{"path":["/c/en/hospitals","/c/en/hospital","/c/en/inpatient"],"weight":0.203},"num_concepts_raised":80},{"base_id":629,"kind":"top_words","i1":2,"i2":7,"sol":{"path":["/c/en/hospitals","/c/en/care","/c/en/charity","/c/en/needy"],"weight":0.20442999999999967},"num_concepts_raised":31708},{"base_id":629,"kind":"top_words","i1":2,"i2":8,"sol":{"path":["/c/en/hospitals","/c/en/hospital","/c/en/ambulance"],"weight":0.20600000000000002},"num_concepts_raised":265},{"base_id":629,"kind":"top_words","i1":2,"i2":9,"sol":{"path":["/c/en/hospitals","/c/en/hospital","/c/en/hospice","/c/en/destitute"],"weight":0.20592999999999936},"num_concepts_raised":35196},{"base_id":629,"kind":"top_words","i1":3,"i2":4,"sol":{"path":["/c/en/homeless","/c/en/waiflike","/c/en/starving","/c/en/malnourished"],"weight":0.20714999999999986},"num_concepts_raised":13851},{"base_id":629,"kind":"top_words","i1":3,"i2":5,"sol":{"path":["/c/en/homeless","/c/en/homeless_dumping","/c/en/hospital","/c/es/psiquiátrico","/c/en/psychiatric"],"weight":0.2101699999999997},"num_concepts_raised":15722},{"base_id":629,"kind":"top_words","i1":3,"i2":6,"sol":{"path":["/c/en/homeless","/c/en/residence","/c/en/inpatient"],"weight":0.202},"num_concepts_raised":245},{"base_id":629,"kind":"top_words","i1":3,"i2":7,"sol":{"path":["/c/en/homeless","/c/en/poor","/c/en/needy"],"weight":0.20400000000000001},"num_concepts_raised":334},{"base_id":629,"kind":"top_words","i1":3,"i2":8,"sol":{"path":["/c/en/homeless","/c/en/homeless_dumping","/c/en/hospital","/c/en/ambulance"],"weight":0.21953000000000014},"num_concepts_raised":36524},{"base_id":629,"kind":"top_words","i1":3,"i2":9,"sol":{"path":["/c/en/homeless","/c/en/destitute"],"weight":0.202},"num_concepts_raised":382},{"base_id":629,"kind":"top_words","i1":4,"i2":5,"sol":{"path":["/c/en/malnourished","/c/en/hypophosphatemia","/c/en/medicine","/c/fi/psykiatrinen","/c/en/psychiatric"],"weight":0.20621999999999982},"num_concepts_raised":2910},{"base_id":629,"kind":"top_words","i1":4,"i2":6,"sol":{"path":["/c/en/malnourished","/c/en/well_fed","/c/en/person","/c/en/patient","/c/en/inpatient"],"weight":0.2055999999999999},"num_concepts_raised":6114},{"base_id":629,"kind":"top_words","i1":4,"i2":7,"sol":{"path":["/c/en/malnourished","/c/en/undernourished","/c/en/insufficient","/c/en/poor","/c/en/needy"],"weight":0.20866999999999974},"num_concepts_raised":5987},{"base_id":629,"kind":"top_words","i1":4,"i2":8,"sol":{"path":["/c/en/malnourished","/c/en/devil's_antlers","/c/en/injured","/c/en/ambulance"],"weight":0.21324000000000026},"num_concepts_raised":24343},{"base_id":629,"kind":"top_words","i1":4,"i2":9,"sol":{"path":["/c/en/malnourished","/c/en/starving","/c/en/poor_as_church_mouse","/c/en/destitute"],"weight":0.20597999999999944},"num_concepts_raised":9552},{"base_id":629,"kind":"top_words","i1":5,"i2":6,"sol":{"path":["/c/en/psychiatric","/c/en/psychiatric_nurse","/c/en/patient","/c/en/inpatient"],"weight":0.2064699999999997},"num_concepts_raised":7988},{"base_id":629,"kind":"top_words","i1":5,"i2":7,"sol":{"path":["/c/en/psychiatric","/c/en/shock","/c/en/bad","/c/en/poor","/c/en/needy"],"weight":0.20852999999999955},"num_concepts_raised":7887},{"base_id":629,"kind":"top_words","i1":5,"i2":8,"sol":{"path":["/c/en/psychiatric","/c/es/psiquiátrico","/c/en/hospital","/c/en/ambulance"],"weight":0.2185400000000001},"num_concepts_raised":26112},{"base_id":629,"kind":"top_words","i1":5,"i2":9,"sol":{"path":["/c/en/psychiatric","/c/es/psiquiátrico","/c/en/hospital","/c/en/hospice","/c/en/destitute"],"weight":0.20795999999999928},"num_concepts_raised":11449},{"base_id":629,"kind":"top_words","i1":6,"i2":7,"sol":{"path":["/c/en/inpatient","/c/en/patient","/c/en/wound","/c/en/need","/c/en/needy"],"weight":0.20809999999999965},"num_concepts_raised":11076},{"base_id":629,"kind":"top_words","i1":6,"i2":8,"sol":{"path":["/c/en/inpatient","/c/en/patient","/c/en/ambulance"],"weight":0.20600000000000002},"num_concepts_raised":282},{"base_id":629,"kind":"top_words","i1":6,"i2":9,"sol":{"path":["/c/en/inpatient","/c/en/hospital","/c/en/hospice","/c/en/destitute"],"weight":0.20521999999999935},"num_concepts_raised":14619},{"base_id":629,"kind":"top_words","i1":7,"i2":8,"sol":{"path":["/c/en/needy","/c/en/poor","/c/en/people","/c/en/ambulance"],"weight":0.21783000000000002},"num_concepts_raised":29102},{"base_id":629,"kind":"top_words","i1":7,"i2":9,"sol":{"path":["/c/en/needy","/c/en/poor","/c/en/destitute"],"weight":0.20500000000000002},"num_concepts_raised":311},{"base_id":629,"kind":"top_words","i1":8,"i2":9,"sol":{"path":["/c/en/ambulance","/c/en/hospital","/c/en/hospice","/c/en/destitute"],"weight":0.2173499999999997},"num_concepts_raised":32505}]]