[[{"base_id":479,"kind":"bot_words","i1":0,"i2":1,"sol":{"path":["/c/en/corridor","/c/en/door","/c/en/closure","/c/en/cloture"],"weight":0.20878999999999992},"num_concepts_raised":46678},{"base_id":479,"kind":"bot_words","i1":0,"i2":2,"sol":{"path":["/c/en/corridor","/c/en/military","/c/en/damage","/c/en/impair"],"weight":0.20948999999999962},"num_concepts_raised":38900},{"base_id":479,"kind":"bot_words","i1":0,"i2":3,"sol":{"path":["/c/en/corridor","/c/en/military","/c/en/intelligence","/c/en/iq"],"weight":0.20805999999999988},"num_concepts_raised":33493},{"base_id":479,"kind":"bot_words","i1":0,"i2":4,"sol":{"path":["/c/en/corridor","/c/en/long","/c/fil/tagulamin","/c/en/unwashed"],"weight":0.2068299999999999},"num_concepts_raised":34970},{"base_id":479,"kind":"bot_words","i1":0,"i2":5,"sol":{"path":["/c/en/corridor","/c/en/military","/c/en/general","/c/en/indiscriminate"],"weight":0.20870999999999984},"num_concepts_raised":35032},{"base_id":479,"kind":"bot_words","i1":0,"i2":6,"sol":{"path":["/c/en/corridor","/c/en/door","/c/en/reveal","/c/en/revealed"],"weight":0.20790999999999982},"num_concepts_raised":32032},{"base_id":479,"kind":"bot_words","i1":0,"i2":7,"sol":{"path":["/c/en/corridor","/c/en/entrance","/c/fr/abord","/c/en/interrelation"],"weight":0.2069999999999999},"num_concepts_raised":29202},{"base_id":479,"kind":"bot_words","i1":0,"i2":8,"sol":{"path":["/c/en/corridor","/c/en/room","/c/en/pillow","/c/en/cushion"],"weight":0.2179699999999995},"num_concepts_raised":49864},{"base_id":479,"kind":"bot_words","i1":0,"i2":9,"sol":{"path":["/c/en/corridor","/c/en/path","/c/en/pathology","/c/en/peritonitis"],"weight":0.2129199999999999},"num_concepts_raised":47022},{"base_id":479,"kind":"bot_words","i1":1,"i2":2,"sol":{"path":["/c/en/cloture","/c/en/law","/c/en/effect","/c/en/impair"],"weight":0.20428999999999956},"num_concepts_raised":32760},{"base_id":479,"kind":"bot_words","i1":1,"i2":3,"sol":{"path":["/c/en/cloture","/c/en/us","/c/en/smart","/c/en/iq"],"weight":0.20308999999999983},"num_concepts_raised":27313},{"base_id":479,"kind":"bot_words","i1":1,"i2":4,"sol":{"path":["/c/en/cloture","/c/en/us","/c/en/grubby","/c/en/unwashed"],"weight":0.20297999999999985},"num_concepts_raised":28708},{"base_id":479,"kind":"bot_words","i1":1,"i2":5,"sol":{"path":["/c/en/cloture","/c/en/motion","/c/en/general","/c/en/indiscriminate"],"weight":0.20481999999999978},"num_concepts_raised":28821},{"base_id":479,"kind":"bot_words","i1":1,"i2":6,"sol":{"path":["/c/en/cloture","/c/en/politics","/c/en/cleavage","/c/en/revealed"],"weight":0.20289999999999977},"num_concepts_raised":25822},{"base_id":479,"kind":"bot_words","i1":1,"i2":7,"sol":{"path":["/c/en/cloture","/c/en/closure","/c/en/order","/c/en/relation","/c/en/interrelation"],"weight":0.20627999999999985},"num_concepts_raised":22981},{"base_id":479,"kind":"bot_words","i1":1,"i2":8,"sol":{"path":["/c/en/cloture","/c/en/us","/c/en/pad","/c/en/cushion"],"weight":0.20873999999999954},"num_concepts_raised":43991},{"base_id":479,"kind":"bot_words","i1":1,"i2":9,"sol":{"path":["/c/en/cloture","/c/fr/droit","/c/fr/carreau","/c/fr/péritonite","/c/en/peritonitis"],"weight":0.21301999999999982},"num_concepts_raised":40799},{"base_id":479,"kind":"bot_words","i1":2,"i2":3,"sol":{"path":["/c/en/impair","/c/fr/abruti","/c/en/idiot","/c/en/iq"],"weight":0.20448999999999956},"num_concepts_raised":18433},{"base_id":479,"kind":"bot_words","i1":2,"i2":4,"sol":{"path":["/c/en/impair","/c/fr/détériorer","/c/en/wear","/c/en/wash","/c/en/unwashed"],"weight":0.20782999999999957},"num_concepts_raised":19927},{"base_id":479,"kind":"bot_words","i1":2,"i2":5,"sol":{"path":["/c/en/impair","/c/en/injure","/c/la/in","/c/en/indiscriminate"],"weight":0.20543999999999948},"num_concepts_raised":20058},{"base_id":479,"kind":"bot_words","i1":2,"i2":6,"sol":{"path":["/c/en/impair","/c/en/damage","/c/ja/こうがい","/c/en/reveal","/c/en/revealed"],"weight":0.20683999999999947},"num_concepts_raised":17016},{"base_id":479,"kind":"bot_words","i1":2,"i2":7,"sol":{"path":["/c/en/impair","/c/en/affect","/c/fr/relation","/c/en/interrelation"],"weight":0.20560999999999957},"num_concepts_raised":14132},{"base_id":479,"kind":"bot_words","i1":2,"i2":8,"sol":{"path":["/c/en/impair","/c/en/damage","/c/en/pad","/c/en/cushion"],"weight":0.21160999999999922},"num_concepts_raised":35348},{"base_id":479,"kind":"bot_words","i1":2,"i2":9,"sol":{"path":["/c/en/impair","/c/en/color_blindness","/c/en/pathology","/c/en/peritonitis"],"weight":0.21041999999999955},"num_concepts_raised":31862},{"base_id":479,"kind":"bot_words","i1":3,"i2":4,"sol":{"path":["/c/en/iq","/c/en/intelligence","/c/en/lowbrow","/c/en/unwashed"],"weight":0.20444999999999983},"num_concepts_raised":14364},{"base_id":479,"kind":"bot_words","i1":3,"i2":5,"sol":{"path":["/c/en/iq","/c/en/intelligence_quotient","/c/en/test","/c/en/distinction","/c/en/indiscriminate"],"weight":0.20655999999999974},"num_concepts_raised":14628},{"base_id":479,"kind":"bot_words","i1":3,"i2":6,"sol":{"path":["/c/en/iq","/c/en/photography","/c/ru/проявиться","/c/en/revealed"],"weight":0.20321999999999973},"num_concepts_raised":11477},{"base_id":479,"kind":"bot_words","i1":3,"i2":7,"sol":{"path":["/c/en/iq","/c/en/quality","/c/en/tonality","/c/en/interrelation"],"weight":0.20336999999999983},"num_concepts_raised":8601},{"base_id":479,"kind":"bot_words","i1":3,"i2":8,"sol":{"path":["/c/en/iq","/c/en/image","/c/en/double","/c/en/cushion"],"weight":0.20850999999999947},"num_concepts_raised":30156},{"base_id":479,"kind":"bot_words","i1":3,"i2":9,"sol":{"path":["/c/en/iq","/c/en/intelligence_quotient","/c/en/mental_retardation","/c/en/one_impairment_person_might","/c/en/peritonitis"],"weight":0.21145999999999981},"num_concepts_raised":26466},{"base_id":479,"kind":"bot_words","i1":4,"i2":5,"sol":{"path":["/c/en/unwashed","/c/en/dirty","/c/en/rat","/c/en/indiscriminate"],"weight":0.20516999999999977},"num_concepts_raised":16019},{"base_id":479,"kind":"bot_words","i1":4,"i2":6,"sol":{"path":["/c/en/unwashed","/c/en/masses","/c/en/religion","/c/en/revealed"],"weight":0.20317999999999975},"num_concepts_raised":12926},{"base_id":479,"kind":"bot_words","i1":4,"i2":7,"sol":{"path":["/c/en/unwashed","/c/en/dirty","/c/en/person","/c/en/relation","/c/en/interrelation"],"weight":0.20547999999999983},"num_concepts_raised":10037},{"base_id":479,"kind":"bot_words","i1":4,"i2":8,"sol":{"path":["/c/en/unwashed","/c/en/dirty","/c/en/bed","/c/en/cushion"],"weight":0.2098599999999995},"num_concepts_raised":31577},{"base_id":479,"kind":"bot_words","i1":4,"i2":9,"sol":{"path":["/c/en/unwashed","/c/en/dandruff","/c/en/disease","/c/en/peritonitis"],"weight":0.20914999999999984},"num_concepts_raised":27911},{"base_id":479,"kind":"bot_words","i1":5,"i2":6,"sol":{"path":["/c/en/indiscriminate","/c/en/general","/c/en/religion","/c/en/revealed"],"weight":0.2050199999999997},"num_concepts_raised":13161},{"base_id":479,"kind":"bot_words","i1":5,"i2":7,"sol":{"path":["/c/en/indiscriminate","/c/en/general","/c/en/relation","/c/en/interrelation"],"weight":0.20623999999999978},"num_concepts_raised":10269},{"base_id":479,"kind":"bot_words","i1":5,"i2":8,"sol":{"path":["/c/en/indiscriminate","/c/en/general","/c/en/seat","/c/en/cushion"],"weight":0.21045999999999943},"num_concepts_raised":31715},{"base_id":479,"kind":"bot_words","i1":5,"i2":9,"sol":{"path":["/c/en/indiscriminate","/c/en/general","/c/en/disease","/c/en/peritonitis"],"weight":0.21098999999999976},"num_concepts_raised":28140},{"base_id":479,"kind":"bot_words","i1":6,"i2":7,"sol":{"path":["/c/en/revealed","/c/en/reveal","/c/la/re","/c/en/relation","/c/en/interrelation"],"weight":0.20535999999999976},"num_concepts_raised":7092},{"base_id":479,"kind":"bot_words","i1":6,"i2":8,"sol":{"path":["/c/en/revealed","/c/en/reveal","/c/en/cover","/c/en/pillow","/c/en/cushion"],"weight":0.2151499999999994},"num_concepts_raised":28738},{"base_id":479,"kind":"bot_words","i1":6,"i2":9,"sol":{"path":["/c/en/revealed","/c/en/reveal","/c/en/communicate","/c/en/disease","/c/en/peritonitis"],"weight":0.21009999999999976},"num_concepts_raised":24982},{"base_id":479,"kind":"bot_words","i1":7,"i2":8,"sol":{"path":["/c/en/interrelation","/c/en/relation","/c/en/husband","/c/en/cushion"],"weight":0.20954999999999951},"num_concepts_raised":25830},{"base_id":479,"kind":"bot_words","i1":7,"i2":9,"sol":{"path":["/c/en/interrelation","/c/en/relation","/c/en/term","/c/en/disease","/c/en/peritonitis"],"weight":0.21032999999999985},"num_concepts_raised":22065},{"base_id":479,"kind":"bot_words","i1":8,"i2":9,"sol":{"path":["/c/en/cushion","/c/lv/spilvens","/c/en/organism","/c/en/peritonitis"],"weight":0.2153099999999995},"num_concepts_raised":43651}],[{"base_id":479,"kind":"top_words","i1":0,"i2":1,"sol":{"path":["/c/en/isotropic","/c/en/anisotropic","/c/en/measurement","/c/en/dollar","/c/en/eurodollar"],"weight":0.20438},"num_concepts_raised":26923},{"base_id":479,"kind":"top_words","i1":0,"i2":2,"sol":{"path":["/c/en/isotropic","/c/fr/physique","/c/fr/nature","/c/en/bareback"],"weight":0.20368999999999998},"num_concepts_raised":36998},{"base_id":479,"kind":"top_words","i1":0,"i2":3,"sol":{"path":["/c/en/isotropic","/c/fr/isotrope","/c/fr/direction","/c/en/strike","/c/en/sombrero"],"weight":0.20580999999999994},"num_concepts_raised":18803},{"base_id":479,"kind":"top_words","i1":0,"i2":4,"sol":{"path":["/c/en/isotropic","/c/en/physics","/c/en/interfere","/c/en/elt"],"weight":0.20353999999999994},"num_concepts_raised":52236},{"base_id":479,"kind":"top_words","i1":0,"i2":5,"sol":{"path":["/c/en/isotropic","/c/en/identical","/c/en/biology","/c/en/zoology","/c/en/pallium"],"weight":0.20461999999999989},"num_concepts_raised":48003},{"base_id":479,"kind":"top_words","i1":0,"i2":6,"sol":{"path":["/c/en/isotropic","/c/en/anisotropic","/c/en/mathematics","/c/cs/nosič","/c/en/sherpa"],"weight":0.20480999999999988},"num_concepts_raised":26008},{"base_id":479,"kind":"top_words","i1":0,"i2":7,"sol":{"path":["/c/en/isotropic","/c/en/identical","/c/en/characteristic","/c/en/curability","/c/en/curable"],"weight":0.20577000000000006},"num_concepts_raised":15902},{"base_id":479,"kind":"top_words","i1":0,"i2":8,"sol":{"path":["/c/en/isotropic","/c/en/physics","/c/en/college","/c/en/city","/c/en/jinju"],"weight":0.20852999999999988},"num_concepts_raised":18811},{"base_id":479,"kind":"top_words","i1":0,"i2":9,"sol":{"path":["/c/en/isotropic","/c/en/physics","/c/en/emu","/c/en/bird","/c/en/nightjar"],"weight":0.21208},"num_concepts_raised":25447},{"base_id":479,"kind":"top_words","i1":1,"i2":2,"sol":{"path":["/c/en/eurodollar","/c/en/bank","/c/en/slang","/c/en/bareback"],"weight":0.20418999999999995},"num_concepts_raised":31827},{"base_id":479,"kind":"top_words","i1":1,"i2":3,"sol":{"path":["/c/en/eurodollar","/c/en/eurocurrency","/c/en/finance","/c/en/strike","/c/en/sombrero"],"weight":0.2041599999999999},"num_concepts_raised":14745},{"base_id":479,"kind":"top_words","i1":1,"i2":4,"sol":{"path":["/c/en/eurodollar","/c/en/bank","/c/en/aviation","/c/en/elt"],"weight":0.20289999999999986},"num_concepts_raised":47280},{"base_id":479,"kind":"top_words","i1":1,"i2":5,"sol":{"path":["/c/en/eurodollar","/c/en/bank","/c/en/cloud","/c/en/pallium"],"weight":0.20307999999999984},"num_concepts_raised":43748},{"base_id":479,"kind":"top_words","i1":1,"i2":6,"sol":{"path":["/c/en/eurodollar","/c/en/bank","/c/en/human","/c/en/sherpa"],"weight":0.20323999999999984},"num_concepts_raised":21927},{"base_id":479,"kind":"top_words","i1":1,"i2":7,"sol":{"path":["/c/en/eurodollar","/c/en/bank","/c/en/music","/c/en/tempered","/c/en/curable"],"weight":0.20419},"num_concepts_raised":11923},{"base_id":479,"kind":"top_words","i1":1,"i2":8,"sol":{"path":["/c/en/eurodollar","/c/en/bank","/c/en/city","/c/en/jinju"],"weight":0.20786999999999983},"num_concepts_raised":14651},{"base_id":479,"kind":"top_words","i1":1,"i2":9,"sol":{"path":["/c/en/eurodollar","/c/en/us","/c/en/bird","/c/en/nightjar"],"weight":0.21134999999999993},"num_concepts_raised":21328},{"base_id":479,"kind":"top_words","i1":2,"i2":3,"sol":{"path":["/c/en/bareback","/c/en/slang","/c/en/cream","/c/en/sombrero"],"weight":0.20458999999999988},"num_concepts_raised":24789},{"base_id":479,"kind":"top_words","i1":2,"i2":4,"sol":{"path":["/c/en/bareback","/c/en/slang","/c/en/medicine","/c/en/elt"],"weight":0.20432999999999985},"num_concepts_raised":57159},{"base_id":479,"kind":"top_words","i1":2,"i2":5,"sol":{"path":["/c/en/bareback","/c/en/slang","/c/en/cloud","/c/en/pallium"],"weight":0.20445999999999984},"num_concepts_raised":53842},{"base_id":479,"kind":"top_words","i1":2,"i2":6,"sol":{"path":["/c/en/bareback","/c/en/sex","/c/en/human","/c/en/sherpa"],"weight":0.20362999999999984},"num_concepts_raised":31886},{"base_id":479,"kind":"top_words","i1":2,"i2":7,"sol":{"path":["/c/en/bareback","/c/en/slang","/c/en/acid","/c/en/tempered","/c/en/curable"],"weight":0.20557},"num_concepts_raised":22058},{"base_id":479,"kind":"top_words","i1":2,"i2":8,"sol":{"path":["/c/en/bareback","/c/en/sex","/c/en/city","/c/en/jinju"],"weight":0.20825999999999983},"num_concepts_raised":24898},{"base_id":479,"kind":"top_words","i1":2,"i2":9,"sol":{"path":["/c/en/bareback","/c/en/slang","/c/en/bird","/c/en/nightjar"],"weight":0.21278999999999992},"num_concepts_raised":31243},{"base_id":479,"kind":"top_words","i1":3,"i2":4,"sol":{"path":["/c/en/sombrero","/c/en/hat","/c/en/medicine","/c/en/elt"],"weight":0.20335999999999982},"num_concepts_raised":40226},{"base_id":479,"kind":"top_words","i1":3,"i2":5,"sol":{"path":["/c/en/sombrero","/c/en/hat","/c/en/pope","/c/en/pallium"],"weight":0.20353999999999978},"num_concepts_raised":35935},{"base_id":479,"kind":"top_words","i1":3,"i2":6,"sol":{"path":["/c/en/sombrero","/c/en/bowling","/c/en/porter","/c/en/sherpa"],"weight":0.20457999999999976},"num_concepts_raised":13878},{"base_id":479,"kind":"top_words","i1":3,"i2":7,"sol":{"path":["/c/en/sombrero","/c/en/cream","/c/en/salve","/c/it/curare","/c/it/curabile","/c/en/curable"],"weight":0.21037049999999985},"num_concepts_raised":415420},{"base_id":479,"kind":"top_words","i1":3,"i2":8,"sol":{"path":["/c/en/sombrero","/c/en/hat","/c/en/country","/c/en/city","/c/en/jinju"],"weight":0.20834999999999979},"num_concepts_raised":6639},{"base_id":479,"kind":"top_words","i1":3,"i2":9,"sol":{"path":["/c/en/sombrero","/c/en/hat","/c/en/feather","/c/en/bird","/c/en/nightjar"],"weight":0.21188999999999988},"num_concepts_raised":13263},{"base_id":479,"kind":"top_words","i1":4,"i2":5,"sol":{"path":["/c/en/elt","/c/en/medicine","/c/en/palliative","/c/en/pallium"],"weight":0.20322999999999974},"num_concepts_raised":68770},{"base_id":479,"kind":"top_words","i1":4,"i2":6,"sol":{"path":["/c/en/elt","/c/en/computing","/c/en/porter","/c/en/sherpa"],"weight":0.20428999999999975},"num_concepts_raised":47262},{"base_id":479,"kind":"top_words","i1":4,"i2":7,"sol":{"path":["/c/en/elt","/c/en/medicine","/c/en/cure","/c/en/curability","/c/en/curable"],"weight":0.20439999999999992},"num_concepts_raised":37540},{"base_id":479,"kind":"top_words","i1":4,"i2":8,"sol":{"path":["/c/en/elt","/c/en/uk","/c/en/city","/c/en/jinju"],"weight":0.20790999999999976},"num_concepts_raised":40367},{"base_id":479,"kind":"top_words","i1":4,"i2":9,"sol":{"path":["/c/en/elt","/c/en/aviation","/c/en/bird","/c/en/nightjar"],"weight":0.21147999999999983},"num_concepts_raised":46790},{"base_id":479,"kind":"top_words","i1":5,"i2":6,"sol":{"path":["/c/en/pallium","/c/en/cloud","/c/en/wool","/c/en/sherpa"],"weight":0.20355999999999974},"num_concepts_raised":42933},{"base_id":479,"kind":"top_words","i1":5,"i2":7,"sol":{"path":["/c/en/pallium","/c/en/palliative","/c/en/incurable","/c/en/curable"],"weight":0.2044899999999999},"num_concepts_raised":33082},{"base_id":479,"kind":"top_words","i1":5,"i2":8,"sol":{"path":["/c/en/pallium","/c/en/pope","/c/en/city","/c/en/jinju"],"weight":0.20815999999999973},"num_concepts_raised":35838},{"base_id":479,"kind":"top_words","i1":5,"i2":9,"sol":{"path":["/c/en/pallium","/c/en/mantle","/c/en/bird","/c/en/nightjar"],"weight":0.21179999999999982},"num_concepts_raised":41994},{"base_id":479,"kind":"top_words","i1":6,"i2":7,"sol":{"path":["/c/en/sherpa","/c/en/wool","/c/en/steel","/c/en/tempered","/c/en/curable"],"weight":0.2046599999999999},"num_concepts_raised":11048},{"base_id":479,"kind":"top_words","i1":6,"i2":8,"sol":{"path":["/c/en/sherpa","/c/en/human","/c/en/city","/c/en/jinju"],"weight":0.20830999999999972},"num_concepts_raised":13892},{"base_id":479,"kind":"top_words","i1":6,"i2":9,"sol":{"path":["/c/en/sherpa","/c/en/human","/c/en/bird","/c/en/nightjar"],"weight":0.21184999999999982},"num_concepts_raised":20325},{"base_id":479,"kind":"top_words","i1":7,"i2":8,"sol":{"path":["/c/en/curable","/c/en/incurable","/c/en/terminal","/c/en/town","/c/en/city","/c/en/jinju"],"weight":0.21293189999999945},"num_concepts_raised":258856},{"base_id":479,"kind":"top_words","i1":7,"i2":9,"sol":{"path":["/c/en/curable","/c/en/incurable","/c/en/ill","/c/en/human","/c/en/bird","/c/en/nightjar"],"weight":0.2202751999999988},"num_concepts_raised":576458},{"base_id":479,"kind":"top_words","i1":8,"i2":9,"sol":{"path":["/c/en/jinju","/c/en/city","/c/en/human","/c/en/bird","/c/en/nightjar"],"weight":0.21648999999999982},"num_concepts_raised":13280}]]