[[{"base_id":700,"kind":"bot_words","i1":0,"i2":1,"sol":{"path":["/c/en/genealogist","/c/en/expert","/c/en/shot","/c/en/immunity"],"weight":0.21115999999999968},"num_concepts_raised":33276},{"base_id":700,"kind":"bot_words","i1":0,"i2":2,"sol":{"path":["/c/en/genealogist","/c/en/genealogy","/c/en/group","/c/en/flora","/c/en/chloris"],"weight":0.20567999999999997},"num_concepts_raised":13286},{"base_id":700,"kind":"bot_words","i1":0,"i2":3,"sol":{"path":["/c/en/genealogist","/c/en/genealogy","/c/en/person","/c/en/mouse"],"weight":0.23064999999999958},"num_concepts_raised":116993},{"base_id":700,"kind":"bot_words","i1":0,"i2":4,"sol":{"path":["/c/en/genealogist","/c/en/genealogy","/c/en/record","/c/en/expression","/c/en/frown"],"weight":0.20921999999999974},"num_concepts_raised":14477},{"base_id":700,"kind":"bot_words","i1":0,"i2":5,"sol":{"path":["/c/en/genealogist","/c/en/genealogy","/c/en/table","/c/en/glass","/c/en/glassware"],"weight":0.20851999999999982},"num_concepts_raised":6902},{"base_id":700,"kind":"bot_words","i1":0,"i2":6,"sol":{"path":["/c/en/genealogist","/c/en/genealogy","/c/en/person","/c/en/sunlight"],"weight":0.2139799999999994},"num_concepts_raised":35604},{"base_id":700,"kind":"bot_words","i1":0,"i2":7,"sol":{"path":["/c/en/genealogist","/c/en/genealogy","/c/en/person","/c/en/fair","/c/en/fairest"],"weight":0.20468999999999987},"num_concepts_raised":2149},{"base_id":700,"kind":"bot_words","i1":0,"i2":8,"sol":{"path":["/c/en/genealogist","/c/en/genealogy","/c/en/person","/c/en/mongolian","/c/en/altaic"],"weight":0.20682000000000003},"num_concepts_raised":6019},{"base_id":700,"kind":"bot_words","i1":0,"i2":9,"sol":{"path":["/c/en/genealogist","/c/en/genealogy","/c/en/group","/c/en/country","/c/en/russia","/c/en/buryatia"],"weight":0.21886760000000008},"num_concepts_raised":176114},{"base_id":700,"kind":"bot_words","i1":1,"i2":2,"sol":{"path":["/c/en/immunity","/c/en/body","/c/en/flora","/c/en/chloris"],"weight":0.21184999999999957},"num_concepts_raised":44509},{"base_id":700,"kind":"bot_words","i1":1,"i2":3,"sol":{"path":["/c/en/immunity","/c/en/privilege","/c/en/computing","/c/en/mouse"],"weight":0.24072999999999914},"num_concepts_raised":145445},{"base_id":700,"kind":"bot_words","i1":1,"i2":4,"sol":{"path":["/c/en/immunity","/c/en/medicine","/c/en/laugh","/c/en/frown"],"weight":0.2144899999999993},"num_concepts_raised":45435},{"base_id":700,"kind":"bot_words","i1":1,"i2":5,"sol":{"path":["/c/en/immunity","/c/en/shot","/c/en/glass","/c/en/glassware"],"weight":0.21460999999999938},"num_concepts_raised":38179},{"base_id":700,"kind":"bot_words","i1":1,"i2":6,"sol":{"path":["/c/en/immunity","/c/en/body","/c/en/sun","/c/en/sunlight"],"weight":0.22775999999999894},"num_concepts_raised":65831},{"base_id":700,"kind":"bot_words","i1":1,"i2":7,"sol":{"path":["/c/en/immunity","/c/en/condition","/c/en/fair","/c/en/fairest"],"weight":0.21086999999999945},"num_concepts_raised":33614},{"base_id":700,"kind":"bot_words","i1":1,"i2":8,"sol":{"path":["/c/en/immunity","/c/en/body","/c/en/language","/c/en/altaic"],"weight":0.2110899999999996},"num_concepts_raised":37453},{"base_id":700,"kind":"bot_words","i1":1,"i2":9,"sol":{"path":["/c/en/immunity","/c/en/medicine","/c/en/type","/c/en/republic","/c/en/buryatia"],"weight":0.21768999999999986},"num_concepts_raised":34306},{"base_id":700,"kind":"bot_words","i1":2,"i2":3,"sol":{"path":["/c/en/chloris","/c/en/roman","/c/en/computing","/c/en/mouse"],"weight":0.23293999999999943},"num_concepts_raised":127445},{"base_id":700,"kind":"bot_words","i1":2,"i2":4,"sol":{"path":["/c/en/chloris","/c/en/mother","/c/en/like","/c/en/scowl","/c/en/frown"],"weight":0.21052999999999955},"num_concepts_raised":25875},{"base_id":700,"kind":"bot_words","i1":2,"i2":5,"sol":{"path":["/c/en/chloris","/c/en/spring","/c/en/water","/c/en/glass","/c/en/glassware"],"weight":0.20704999999999968},"num_concepts_raised":18301},{"base_id":700,"kind":"bot_words","i1":2,"i2":6,"sol":{"path":["/c/en/chloris","/c/en/astronomy","/c/en/sun","/c/en/sunlight"],"weight":0.22013999999999923},"num_concepts_raised":46334},{"base_id":700,"kind":"bot_words","i1":2,"i2":7,"sol":{"path":["/c/en/chloris","/c/en/flora","/c/en/country","/c/en/fair","/c/en/fairest"],"weight":0.20430999999999974},"num_concepts_raised":13623},{"base_id":700,"kind":"bot_words","i1":2,"i2":8,"sol":{"path":["/c/en/chloris","/c/en/mother","/c/en/language","/c/en/altaic"],"weight":0.2034299999999999},"num_concepts_raised":17478},{"base_id":700,"kind":"bot_words","i1":2,"i2":9,"sol":{"path":["/c/en/chloris","/c/en/flora","/c/en/country","/c/en/russia","/c/en/buryatia"],"weight":0.21102000000000015},"num_concepts_raised":14289},{"base_id":700,"kind":"bot_words","i1":3,"i2":4,"sol":{"path":["/c/en/mouse","/c/en/muscle","/c/en/smile","/c/en/frown"],"weight":0.23695999999999917},"num_concepts_raised":128348},{"base_id":700,"kind":"bot_words","i1":3,"i2":5,"sol":{"path":["/c/en/mouse","/c/en/cupboard","/c/en/glassware"],"weight":0.20600000000000002},"num_concepts_raised":978},{"base_id":700,"kind":"bot_words","i1":3,"i2":6,"sol":{"path":["/c/en/mouse","/c/en/person","/c/en/sunlight"],"weight":0.20800000000000002},"num_concepts_raised":1227},{"base_id":700,"kind":"bot_words","i1":3,"i2":7,"sol":{"path":["/c/en/mouse","/c/en/nautical","/c/en/fair","/c/en/fairest"],"weight":0.23130999999999935},"num_concepts_raised":117292},{"base_id":700,"kind":"bot_words","i1":3,"i2":8,"sol":{"path":["/c/en/mouse","/c/en/computing","/c/en/language","/c/en/altaic"],"weight":0.23332999999999948},"num_concepts_raised":120852},{"base_id":700,"kind":"bot_words","i1":3,"i2":9,"sol":{"path":["/c/en/mouse","/c/en/michigan","/c/en/republic","/c/en/buryatia"],"weight":0.23566999999999977},"num_concepts_raised":117965},{"base_id":700,"kind":"bot_words","i1":4,"i2":5,"sol":{"path":["/c/en/frown","/c/en/inverted","/c/en/glass","/c/en/glassware"],"weight":0.2104699999999994},"num_concepts_raised":19501},{"base_id":700,"kind":"bot_words","i1":4,"i2":6,"sol":{"path":["/c/en/frown","/c/en/glower","/c/en/light","/c/en/sunlight"],"weight":0.21972999999999898},"num_concepts_raised":47660},{"base_id":700,"kind":"bot_words","i1":4,"i2":7,"sol":{"path":["/c/en/frown","/c/en/scowl","/c/en/like","/c/en/fair","/c/en/fairest"],"weight":0.21063999999999944},"num_concepts_raised":14806},{"base_id":700,"kind":"bot_words","i1":4,"i2":8,"sol":{"path":["/c/en/frown","/c/en/expression","/c/en/language","/c/en/altaic"],"weight":0.20806999999999964},"num_concepts_raised":18648},{"base_id":700,"kind":"bot_words","i1":4,"i2":9,"sol":{"path":["/c/en/frown","/c/en/scowl","/c/en/like","/c/en/republic","/c/en/buryatia"],"weight":0.21725999999999987},"num_concepts_raised":15495},{"base_id":700,"kind":"bot_words","i1":5,"i2":6,"sol":{"path":["/c/en/glassware","/c/en/glasshouse","/c/en/sun","/c/en/sunlight"],"weight":0.22057999999999905},"num_concepts_raised":40363},{"base_id":700,"kind":"bot_words","i1":5,"i2":7,"sol":{"path":["/c/en/glassware","/c/en/glass","/c/en/clear","/c/en/fair","/c/en/fairest"],"weight":0.20722999999999955},"num_concepts_raised":7252},{"base_id":700,"kind":"bot_words","i1":5,"i2":8,"sol":{"path":["/c/en/glassware","/c/en/glass","/c/en/street","/c/en/japanese","/c/en/altaic"],"weight":0.20819999999999972},"num_concepts_raised":11115},{"base_id":700,"kind":"bot_words","i1":5,"i2":9,"sol":{"path":["/c/en/glassware","/c/en/glass","/c/en/polish","/c/en/russia","/c/en/buryatia"],"weight":0.21374999999999997},"num_concepts_raised":7911},{"base_id":700,"kind":"bot_words","i1":6,"i2":7,"sol":{"path":["/c/en/sunlight","/c/en/light","/c/en/fair","/c/en/fairest"],"weight":0.21531999999999915},"num_concepts_raised":35884},{"base_id":700,"kind":"bot_words","i1":6,"i2":8,"sol":{"path":["/c/en/sunlight","/c/en/sun","/c/en/japanese","/c/en/altaic"],"weight":0.22129999999999928},"num_concepts_raised":39698},{"base_id":700,"kind":"bot_words","i1":6,"i2":9,"sol":{"path":["/c/en/sunlight","/c/en/sun","/c/en/star","/c/en/russia","/c/en/buryatia"],"weight":0.22697999999999952},"num_concepts_raised":36607},{"base_id":700,"kind":"bot_words","i1":7,"i2":8,"sol":{"path":["/c/en/fairest","/c/en/fair","/c/en/people","/c/en/mongolian","/c/en/altaic"],"weight":0.20546999999999976},"num_concepts_raised":6385},{"base_id":700,"kind":"bot_words","i1":7,"i2":9,"sol":{"path":["/c/en/fairest","/c/en/fair","/c/en/country","/c/en/russia","/c/en/buryatia"],"weight":0.21003000000000005},"num_concepts_raised":3162},{"base_id":700,"kind":"bot_words","i1":8,"i2":9,"sol":{"path":["/c/en/altaic","/c/en/mongolic","/c/en/buryat","/c/en/buryatia"],"weight":0.21209000000000017},"num_concepts_raised":7004}],[{"base_id":700,"kind":"top_words","i1":0,"i2":1,"sol":{"path":["/c/en/war","/c/en/battle","/c/en/river","/c/en/somme"],"weight":0.24639000000000505},"num_concepts_raised":168932},{"base_id":700,"kind":"top_words","i1":0,"i2":2,"sol":{"path":["/c/en/war","/c/en/city","/c/en/ypres"],"weight":0.20600000000000002},"num_concepts_raised":1435},{"base_id":700,"kind":"top_words","i1":0,"i2":3,"sol":{"path":["/c/en/war","/c/en/military","/c/en/88","/c/en/wwii"],"weight":0.24035000000000514},"num_concepts_raised":168851},{"base_id":700,"kind":"top_words","i1":0,"i2":4,"sol":{"path":["/c/en/war","/c/en/wars"],"weight":0.21000000000000002},"num_concepts_raised":1413},{"base_id":700,"kind":"top_words","i1":0,"i2":5,"sol":{"path":["/c/en/war","/c/en/historical","/c/en/wehrmacht"],"weight":0.20800000000000002},"num_concepts_raised":1457},{"base_id":700,"kind":"top_words","i1":0,"i2":6,"sol":{"path":["/c/en/war","/c/en/vietnam_war","/c/en/agent_orange","/c/en/defoliant"],"weight":0.2346500000000053},"num_concepts_raised":165996},{"base_id":700,"kind":"top_words","i1":0,"i2":7,"sol":{"path":["/c/en/war","/c/en/political","/c/en/confederate"],"weight":0.20600000000000002},"num_concepts_raised":1513},{"base_id":700,"kind":"top_words","i1":0,"i2":8,"sol":{"path":["/c/en/war","/c/en/city","/c/en/gallipoli"],"weight":0.20600000000000002},"num_concepts_raised":1421},{"base_id":700,"kind":"top_words","i1":0,"i2":9,"sol":{"path":["/c/en/war","/c/en/punic_war","/c/en/punic"],"weight":0.20600000000000002},"num_concepts_raised":1420},{"base_id":700,"kind":"top_words","i1":1,"i2":2,"sol":{"path":["/c/en/somme","/c/en/world_war_i","/c/en/ypres"],"weight":0.202},"num_concepts_raised":65},{"base_id":700,"kind":"top_words","i1":1,"i2":3,"sol":{"path":["/c/en/somme","/c/en/world_war_ii","/c/en/wwii"],"weight":0.202},"num_concepts_raised":57},{"base_id":700,"kind":"top_words","i1":1,"i2":4,"sol":{"path":["/c/en/somme","/c/en/river","/c/en/battle","/c/en/wars"],"weight":0.20306999999999978},"num_concepts_raised":26630},{"base_id":700,"kind":"top_words","i1":1,"i2":5,"sol":{"path":["/c/en/somme","/c/en/world_war_i","/c/fr/histoire","/c/fr/wehrmacht","/c/en/wehrmacht"],"weight":0.2082399999999997},"num_concepts_raised":13926},{"base_id":700,"kind":"top_words","i1":1,"i2":6,"sol":{"path":["/c/en/somme","/c/en/france","/c/en/gas","/c/en/compound","/c/en/defoliant"],"weight":0.20278999999999991},"num_concepts_raised":7286},{"base_id":700,"kind":"top_words","i1":1,"i2":7,"sol":{"path":["/c/en/somme","/c/en/world_war_i","/c/en/allied","/c/en/confederate"],"weight":0.20400999999999958},"num_concepts_raised":20313},{"base_id":700,"kind":"top_words","i1":1,"i2":8,"sol":{"path":["/c/en/somme","/c/en/river","/c/en/peninsula","/c/en/gallipoli"],"weight":0.2026799999999998},"num_concepts_raised":13584},{"base_id":700,"kind":"top_words","i1":1,"i2":9,"sol":{"path":["/c/en/somme","/c/en/france","/c/en/country","/c/en/phoenician","/c/en/punic"],"weight":0.20483999999999986},"num_concepts_raised":6059},{"base_id":700,"kind":"top_words","i1":2,"i2":3,"sol":{"path":["/c/en/ypres","/c/en/world_war_i","/c/en/wwi","/c/en/wwii"],"weight":0.20403999999999983},"num_concepts_raised":9251},{"base_id":700,"kind":"top_words","i1":2,"i2":4,"sol":{"path":["/c/en/ypres","/c/en/city","/c/en/war","/c/en/wars"],"weight":0.20551999999999981},"num_concepts_raised":25388},{"base_id":700,"kind":"top_words","i1":2,"i2":5,"sol":{"path":["/c/en/ypres","/c/en/flanders","/c/en/historical","/c/en/wehrmacht"],"weight":0.20845999999999976},"num_concepts_raised":12654},{"base_id":700,"kind":"top_words","i1":2,"i2":6,"sol":{"path":["/c/en/ypres","/c/en/city","/c/en/highway","/c/en/smokey_bear","/c/en/defoliant"],"weight":0.20308999999999996},"num_concepts_raised":6030},{"base_id":700,"kind":"top_words","i1":2,"i2":7,"sol":{"path":["/c/en/ypres","/c/en/world_war_i","/c/en/allied","/c/en/confederate"],"weight":0.2042899999999996},"num_concepts_raised":19025},{"base_id":700,"kind":"top_words","i1":2,"i2":8,"sol":{"path":["/c/en/ypres","/c/en/city","/c/en/gallipoli"],"weight":0.202},"num_concepts_raised":65},{"base_id":700,"kind":"top_words","i1":2,"i2":9,"sol":{"path":["/c/en/ypres","/c/en/belgium","/c/en/country","/c/en/phoenician","/c/en/punic"],"weight":0.20512999999999992},"num_concepts_raised":4803},{"base_id":700,"kind":"top_words","i1":3,"i2":4,"sol":{"path":["/c/en/wwii","/c/fr/histoire","/c/en/history","/c/en/wars"],"weight":0.20295999999999978},"num_concepts_raised":26348},{"base_id":700,"kind":"top_words","i1":3,"i2":5,"sol":{"path":["/c/en/wwii","/c/fr/histoire","/c/fr/wehrmacht","/c/en/wehrmacht"],"weight":0.20825999999999972},"num_concepts_raised":13619},{"base_id":700,"kind":"top_words","i1":3,"i2":6,"sol":{"path":["/c/en/wwii","/c/fr/histoire","/c/en/account","/c/en/compound","/c/en/defoliant"],"weight":0.2028099999999999},"num_concepts_raised":7022},{"base_id":700,"kind":"top_words","i1":3,"i2":7,"sol":{"path":["/c/en/wwii","/c/fr/histoire","/c/fr/confédéré","/c/en/confederate"],"weight":0.20499999999999957},"num_concepts_raised":20131},{"base_id":700,"kind":"top_words","i1":3,"i2":8,"sol":{"path":["/c/en/wwii","/c/en/wwi","/c/en/world_war_i","/c/en/dardanelles","/c/en/gallipoli"],"weight":0.20372999999999983},"num_concepts_raised":13547},{"base_id":700,"kind":"top_words","i1":3,"i2":9,"sol":{"path":["/c/en/wwii","/c/en/world_war_ii","/c/en/phoenix","/c/en/phoenician","/c/en/punic"],"weight":0.20490999999999987},"num_concepts_raised":5792},{"base_id":700,"kind":"top_words","i1":4,"i2":5,"sol":{"path":["/c/en/wars","/c/en/war","/c/en/historical","/c/en/wehrmacht"],"weight":0.2107499999999997},"num_concepts_raised":29522},{"base_id":700,"kind":"top_words","i1":4,"i2":6,"sol":{"path":["/c/en/wars","/c/en/war","/c/en/vietnam_war","/c/en/agent_orange","/c/en/defoliant"],"weight":0.2053199999999999},"num_concepts_raised":23146},{"base_id":700,"kind":"top_words","i1":4,"i2":7,"sol":{"path":["/c/en/wars","/c/en/war","/c/en/union","/c/en/confederate"],"weight":0.20664999999999956},"num_concepts_raised":35688},{"base_id":700,"kind":"top_words","i1":4,"i2":8,"sol":{"path":["/c/en/wars","/c/en/war","/c/en/city","/c/en/gallipoli"],"weight":0.20520999999999978},"num_concepts_raised":29415},{"base_id":700,"kind":"top_words","i1":4,"i2":9,"sol":{"path":["/c/en/wars","/c/en/war","/c/en/punic_war","/c/en/punic"],"weight":0.20529999999999982},"num_concepts_raised":21948},{"base_id":700,"kind":"top_words","i1":5,"i2":6,"sol":{"path":["/c/en/wehrmacht","/c/en/historical","/c/en/base","/c/en/compound","/c/en/defoliant"],"weight":0.20826999999999982},"num_concepts_raised":10468},{"base_id":700,"kind":"top_words","i1":5,"i2":7,"sol":{"path":["/c/en/wehrmacht","/c/en/historical","/c/en/canada","/c/en/confederate"],"weight":0.21051999999999949},"num_concepts_raised":23344},{"base_id":700,"kind":"top_words","i1":5,"i2":8,"sol":{"path":["/c/en/wehrmacht","/c/en/historical","/c/en/chersonese","/c/en/gallipoli"],"weight":0.20918999999999974},"num_concepts_raised":16655},{"base_id":700,"kind":"top_words","i1":5,"i2":9,"sol":{"path":["/c/en/wehrmacht","/c/en/historical","/c/en/phoenician","/c/en/punic"],"weight":0.21028999999999975},"num_concepts_raised":9235},{"base_id":700,"kind":"top_words","i1":6,"i2":7,"sol":{"path":["/c/en/defoliant","/c/en/compound","/c/ms/bergabung","/c/en/confederate"],"weight":0.20399999999999965},"num_concepts_raised":16815},{"base_id":700,"kind":"top_words","i1":6,"i2":8,"sol":{"path":["/c/en/defoliant","/c/en/compound","/c/en/isolation","/c/en/peninsula","/c/en/gallipoli"],"weight":0.20277999999999993},"num_concepts_raised":10244},{"base_id":700,"kind":"top_words","i1":6,"i2":9,"sol":{"path":["/c/en/defoliant","/c/en/compound","/c/fr/composé","/c/fr/linguistique","/c/en/phoenician","/c/en/punic"],"weight":0.20950149999999967},"num_concepts_raised":189487},{"base_id":700,"kind":"top_words","i1":7,"i2":8,"sol":{"path":["/c/en/confederate","/c/en/union","/c/en/north","/c/en/gallipoli"],"weight":0.2040599999999996},"num_concepts_raised":23113},{"base_id":700,"kind":"top_words","i1":7,"i2":9,"sol":{"path":["/c/en/confederate","/c/en/band","/c/en/faithless","/c/en/punic"],"weight":0.2040899999999996},"num_concepts_raised":15663},{"base_id":700,"kind":"top_words","i1":8,"i2":9,"sol":{"path":["/c/en/gallipoli","/c/en/chersonese","/c/en/historical","/c/en/phoenician","/c/en/punic"],"weight":0.2057799999999999},"num_concepts_raised":9018}]]