[[{"base_id":886,"kind":"bot_words","i1":0,"i2":1,"sol":{"path":["/c/en/mozambican","/c/en/person","/c/en/music","/c/en/minim"],"weight":0.20424999999999982},"num_concepts_raised":41731},{"base_id":886,"kind":"bot_words","i1":0,"i2":2,"sol":{"path":["/c/en/mozambican","/c/en/person","/c/en/plant","/c/en/melica"],"weight":0.20812999999999982},"num_concepts_raised":21508},{"base_id":886,"kind":"bot_words","i1":0,"i2":3,"sol":{"path":["/c/en/mozambican","/c/en/person","/c/en/fly","/c/en/hover"],"weight":0.20541999999999944},"num_concepts_raised":38662},{"base_id":886,"kind":"bot_words","i1":0,"i2":4,"sol":{"path":["/c/en/mozambican","/c/en/person","/c/en/building","/c/en/chairs"],"weight":0.20363999999999977},"num_concepts_raised":33483},{"base_id":886,"kind":"bot_words","i1":0,"i2":5,"sol":{"path":["/c/en/mozambican","/c/en/mozambique","/c/fr/pays","/c/en/geography","/c/en/scarp"],"weight":0.20420999999999984},"num_concepts_raised":24646},{"base_id":886,"kind":"bot_words","i1":0,"i2":6,"sol":{"path":["/c/en/mozambican","/c/en/person","/c/en/time","/c/en/forth"],"weight":0.21138999999999897},"num_concepts_raised":61919},{"base_id":886,"kind":"bot_words","i1":0,"i2":7,"sol":{"path":["/c/en/mozambican","/c/en/african","/c/en/pancratium","/c/en/flower","/c/en/flowered"],"weight":0.2052899999999998},"num_concepts_raised":17549},{"base_id":886,"kind":"bot_words","i1":0,"i2":8,"sol":{"path":["/c/en/mozambican","/c/en/person","/c/en/fatigue","/c/en/wilt"],"weight":0.20638999999999957},"num_concepts_raised":38212},{"base_id":886,"kind":"bot_words","i1":0,"i2":9,"sol":{"path":["/c/en/mozambican","/c/en/person","/c/en/beaver","/c/en/toothy"],"weight":0.20312999999999995},"num_concepts_raised":15229},{"base_id":886,"kind":"bot_words","i1":1,"i2":2,"sol":{"path":["/c/en/minim","/c/en/grain","/c/en/plant","/c/en/melica"],"weight":0.20857999999999977},"num_concepts_raised":37396},{"base_id":886,"kind":"bot_words","i1":1,"i2":3,"sol":{"path":["/c/en/minim","/c/en/quaver","/c/en/waver","/c/en/hover"],"weight":0.20696999999999943},"num_concepts_raised":54169},{"base_id":886,"kind":"bot_words","i1":1,"i2":4,"sol":{"path":["/c/en/minim","/c/en/music","/c/en/chair","/c/en/chairs"],"weight":0.20654999999999973},"num_concepts_raised":48980},{"base_id":886,"kind":"bot_words","i1":1,"i2":5,"sol":{"path":["/c/en/minim","/c/en/minor","/c/en/cut","/c/en/scarp"],"weight":0.20363999999999982},"num_concepts_raised":40367},{"base_id":886,"kind":"bot_words","i1":1,"i2":6,"sol":{"path":["/c/en/minim","/c/en/music","/c/en/fourth","/c/en/forth"],"weight":0.21620999999999896},"num_concepts_raised":77050},{"base_id":886,"kind":"bot_words","i1":1,"i2":7,"sol":{"path":["/c/en/minim","/c/en/semibreve","/c/en/large","/c/en/garden","/c/en/flowered"],"weight":0.2057699999999998},"num_concepts_raised":33451},{"base_id":886,"kind":"bot_words","i1":1,"i2":8,"sol":{"path":["/c/en/minim","/c/en/grain","/c/en/plant","/c/en/wilt"],"weight":0.20574999999999954},"num_concepts_raised":54014},{"base_id":886,"kind":"bot_words","i1":1,"i2":9,"sol":{"path":["/c/en/minim","/c/en/semibreve","/c/en/large","/c/ru/зубастый","/c/en/toothy"],"weight":0.2067199999999999},"num_concepts_raised":31159},{"base_id":886,"kind":"bot_words","i1":2,"i2":3,"sol":{"path":["/c/en/melica","/c/en/grass","/c/en/cover","/c/en/hover"],"weight":0.20996999999999938},"num_concepts_raised":34308},{"base_id":886,"kind":"bot_words","i1":2,"i2":4,"sol":{"path":["/c/en/melica","/c/en/plant","/c/en/building","/c/en/chairs"],"weight":0.20836999999999972},"num_concepts_raised":29202},{"base_id":886,"kind":"bot_words","i1":2,"i2":5,"sol":{"path":["/c/en/melica","/c/en/grass","/c/en/cut","/c/en/scarp"],"weight":0.2078599999999998},"num_concepts_raised":20116},{"base_id":886,"kind":"bot_words","i1":2,"i2":6,"sol":{"path":["/c/en/melica","/c/en/plant","/c/en/put","/c/en/forth"],"weight":0.21602999999999892},"num_concepts_raised":57888},{"base_id":886,"kind":"bot_words","i1":2,"i2":7,"sol":{"path":["/c/en/melica","/c/en/plant","/c/en/flower","/c/en/flowered"],"weight":0.20914999999999978},"num_concepts_raised":12685},{"base_id":886,"kind":"bot_words","i1":2,"i2":8,"sol":{"path":["/c/en/melica","/c/en/plant","/c/en/wilt"],"weight":0.20400000000000001},"num_concepts_raised":200},{"base_id":886,"kind":"bot_words","i1":2,"i2":9,"sol":{"path":["/c/en/melica","/c/en/plant","/c/en/carnauba","/c/en/toothed","/c/en/toothy"],"weight":0.20884999999999987},"num_concepts_raised":10700},{"base_id":886,"kind":"bot_words","i1":3,"i2":4,"sol":{"path":["/c/en/hover","/c/en/place","/c/en/chair","/c/en/chairs"],"weight":0.20779999999999937},"num_concepts_raised":45590},{"base_id":886,"kind":"bot_words","i1":3,"i2":5,"sol":{"path":["/c/en/hover","/c/en/computing","/c/en/cut","/c/en/scarp"],"weight":0.20502999999999943},"num_concepts_raised":37270},{"base_id":886,"kind":"bot_words","i1":3,"i2":6,"sol":{"path":["/c/en/hover","/c/en/place","/c/en/forth"],"weight":0.20400000000000001},"num_concepts_raised":477},{"base_id":886,"kind":"bot_words","i1":3,"i2":7,"sol":{"path":["/c/en/hover","/c/en/computing","/c/en/image","/c/en/flowered"],"weight":0.20502999999999938},"num_concepts_raised":30302},{"base_id":886,"kind":"bot_words","i1":3,"i2":8,"sol":{"path":["/c/en/hover","/c/la/pendeo","/c/en/droop","/c/en/wilt"],"weight":0.20838999999999916},"num_concepts_raised":50845},{"base_id":886,"kind":"bot_words","i1":3,"i2":9,"sol":{"path":["/c/en/hover","/c/en/poise","/c/en/with","/c/ru/зубастый","/c/en/toothy"],"weight":0.20694999999999952},"num_concepts_raised":28089},{"base_id":886,"kind":"bot_words","i1":4,"i2":5,"sol":{"path":["/c/en/chairs","/c/en/bar","/c/en/geography","/c/en/scarp"],"weight":0.20415999999999979},"num_concepts_raised":32186},{"base_id":886,"kind":"bot_words","i1":4,"i2":6,"sol":{"path":["/c/en/chairs","/c/en/chair","/c/en/back","/c/en/forth"],"weight":0.2159799999999989},"num_concepts_raised":68508},{"base_id":886,"kind":"bot_words","i1":4,"i2":7,"sol":{"path":["/c/en/chairs","/c/en/bar","/c/en/garden","/c/en/flowered"],"weight":0.20415999999999973},"num_concepts_raised":25239},{"base_id":886,"kind":"bot_words","i1":4,"i2":8,"sol":{"path":["/c/en/chairs","/c/en/building","/c/en/plant","/c/en/wilt"],"weight":0.20555999999999952},"num_concepts_raised":45805},{"base_id":886,"kind":"bot_words","i1":4,"i2":9,"sol":{"path":["/c/en/chairs","/c/en/work","/c/en/beaver","/c/en/toothy"],"weight":0.20319999999999988},"num_concepts_raised":22957},{"base_id":886,"kind":"bot_words","i1":5,"i2":6,"sol":{"path":["/c/en/scarp","/c/en/ridge","/c/en/back","/c/en/forth"],"weight":0.21330999999999894},"num_concepts_raised":60542},{"base_id":886,"kind":"bot_words","i1":5,"i2":7,"sol":{"path":["/c/en/scarp","/c/en/geology","/c/en/stock","/c/en/flower","/c/en/flowered"],"weight":0.20410999999999982},"num_concepts_raised":16159},{"base_id":886,"kind":"bot_words","i1":5,"i2":8,"sol":{"path":["/c/en/scarp","/c/en/erode","/c/en/decay","/c/en/wilt"],"weight":0.20507999999999957},"num_concepts_raised":36848},{"base_id":886,"kind":"bot_words","i1":5,"i2":9,"sol":{"path":["/c/en/scarp","/c/en/erosion","/c/en/enamel","/c/en/tooth","/c/en/toothy"],"weight":0.20298999999999992},"num_concepts_raised":13810},{"base_id":886,"kind":"bot_words","i1":6,"i2":7,"sol":{"path":["/c/en/forth","/c/en/back","/c/en/garden","/c/en/flowered"],"weight":0.21336999999999892},"num_concepts_raised":53941},{"base_id":886,"kind":"bot_words","i1":6,"i2":8,"sol":{"path":["/c/en/forth","/c/en/away","/c/hi/कुम्हलाना","/c/en/wilt"],"weight":0.2155099999999987},"num_concepts_raised":74085},{"base_id":886,"kind":"bot_words","i1":6,"i2":9,"sol":{"path":["/c/en/forth","/c/la/pro","/c/en/prominent","/c/en/toothy"],"weight":0.21087999999999907},"num_concepts_raised":51723},{"base_id":886,"kind":"bot_words","i1":7,"i2":8,"sol":{"path":["/c/en/flowered","/c/en/flower","/c/en/plant","/c/en/wilt"],"weight":0.20633999999999952},"num_concepts_raised":29433},{"base_id":886,"kind":"bot_words","i1":7,"i2":9,"sol":{"path":["/c/en/flowered","/c/en/flower","/c/en/leaf","/c/en/tooth","/c/en/toothy"],"weight":0.2041299999999999},"num_concepts_raised":6724},{"base_id":886,"kind":"bot_words","i1":8,"i2":9,"sol":{"path":["/c/en/wilt","/c/en/decay","/c/en/tooth","/c/en/toothy"],"weight":0.20515999999999968},"num_concepts_raised":27512}],[{"base_id":886,"kind":"top_words","i1":0,"i2":1,"sol":{"path":["/c/en/oxfordshire","/c/en/england","/c/en/lord","/c/en/manor"],"weight":0.2210899999999993},"num_concepts_raised":50081},{"base_id":886,"kind":"top_words","i1":0,"i2":2,"sol":{"path":["/c/en/oxfordshire","/c/en/england","/c/en/church","/c/en/vicar","/c/en/vicarage"],"weight":0.21367999999999976},"num_concepts_raised":6889},{"base_id":886,"kind":"top_words","i1":0,"i2":3,"sol":{"path":["/c/en/oxfordshire","/c/en/england","/c/en/uk","/c/en/selly"],"weight":0.21334999999999968},"num_concepts_raised":14773},{"base_id":886,"kind":"top_words","i1":0,"i2":4,"sol":{"path":["/c/en/oxfordshire","/c/en/isis","/c/en/family","/c/en/house"],"weight":0.26083000000001794},"num_concepts_raised":266403},{"base_id":886,"kind":"top_words","i1":0,"i2":5,"sol":{"path":["/c/en/oxfordshire","/c/en/england","/c/en/scotland","/c/en/brae"],"weight":0.21135999999999963},"num_concepts_raised":117545},{"base_id":886,"kind":"top_words","i1":0,"i2":6,"sol":{"path":["/c/en/oxfordshire","/c/en/england","/c/en/shaw","/c/en/copse","/c/en/coppice"],"weight":0.2144899999999996},"num_concepts_raised":9795},{"base_id":886,"kind":"top_words","i1":0,"i2":7,"sol":{"path":["/c/en/oxfordshire","/c/en/england","/c/en/english","/c/en/portcullis"],"weight":0.21192999999999967},"num_concepts_raised":20525},{"base_id":886,"kind":"top_words","i1":0,"i2":8,"sol":{"path":["/c/en/oxfordshire","/c/en/oxford","/c/fr/localités","/c/en/avebury"],"weight":0.2161399999999996},"num_concepts_raised":113150},{"base_id":886,"kind":"top_words","i1":0,"i2":9,"sol":{"path":["/c/en/oxfordshire","/c/en/england","/c/en/country","/c/en/mill","/c/en/watermill"],"weight":0.21983999999999976},"num_concepts_raised":9363},{"base_id":886,"kind":"top_words","i1":1,"i2":2,"sol":{"path":["/c/en/manor","/c/en/residence","/c/en/vicarage"],"weight":0.20400000000000001},"num_concepts_raised":206},{"base_id":886,"kind":"top_words","i1":1,"i2":3,"sol":{"path":["/c/en/manor","/c/en/uk","/c/en/selly"],"weight":0.20600000000000002},"num_concepts_raised":205},{"base_id":886,"kind":"top_words","i1":1,"i2":4,"sol":{"path":["/c/en/manor","/c/en/house"],"weight":0.20900000000000002},"num_concepts_raised":2620},{"base_id":886,"kind":"top_words","i1":1,"i2":5,"sol":{"path":["/c/en/manor","/c/en/house","/c/en/bank","/c/en/brae"],"weight":0.21244999999999947},"num_concepts_raised":159495},{"base_id":886,"kind":"top_words","i1":1,"i2":6,"sol":{"path":["/c/en/manor","/c/en/house","/c/en/wood","/c/en/coppice"],"weight":0.21324999999999944},"num_concepts_raised":51411},{"base_id":886,"kind":"top_words","i1":1,"i2":7,"sol":{"path":["/c/en/manor","/c/en/english","/c/en/portcullis"],"weight":0.20400000000000001},"num_concepts_raised":236},{"base_id":886,"kind":"top_words","i1":1,"i2":8,"sol":{"path":["/c/en/manor","/c/fr/châtelain","/c/fr/localités","/c/en/avebury"],"weight":0.21517999999999943},"num_concepts_raised":155708},{"base_id":886,"kind":"top_words","i1":1,"i2":9,"sol":{"path":["/c/en/manor","/c/en/uk","/c/en/mill","/c/en/watermill"],"weight":0.2186599999999996},"num_concepts_raised":51012},{"base_id":886,"kind":"top_words","i1":2,"i2":3,"sol":{"path":["/c/en/vicarage","/c/en/office","/c/en/uk","/c/en/selly"],"weight":0.20476999999999995},"num_concepts_raised":12945},{"base_id":886,"kind":"top_words","i1":2,"i2":4,"sol":{"path":["/c/en/vicarage","/c/en/residence","/c/en/house"],"weight":0.20800000000000002},"num_concepts_raised":2471},{"base_id":886,"kind":"top_words","i1":2,"i2":5,"sol":{"path":["/c/en/vicarage","/c/en/residence","/c/en/bank","/c/en/brae"],"weight":0.2028399999999999},"num_concepts_raised":116681},{"base_id":886,"kind":"top_words","i1":2,"i2":6,"sol":{"path":["/c/en/vicarage","/c/en/vicar","/c/en/cigar","/c/en/filler","/c/en/coppice"],"weight":0.2055999999999999},"num_concepts_raised":7882},{"base_id":886,"kind":"top_words","i1":2,"i2":7,"sol":{"path":["/c/en/vicarage","/c/en/office","/c/en/charge","/c/en/portcullis"],"weight":0.20336999999999994},"num_concepts_raised":18740},{"base_id":886,"kind":"top_words","i1":2,"i2":8,"sol":{"path":["/c/en/vicarage","/c/en/vicar","/c/en/church","/c/fr/localités","/c/en/avebury"],"weight":0.21006999999999987},"num_concepts_raised":112258},{"base_id":886,"kind":"top_words","i1":2,"i2":9,"sol":{"path":["/c/en/vicarage","/c/en/office","/c/en/water","/c/en/watermill"],"weight":0.20913000000000004},"num_concepts_raised":7479},{"base_id":886,"kind":"top_words","i1":3,"i2":4,"sol":{"path":["/c/en/selly","/c/en/uk","/c/en/home","/c/en/house"],"weight":0.26540000000001795},"num_concepts_raised":270370},{"base_id":886,"kind":"top_words","i1":3,"i2":5,"sol":{"path":["/c/en/selly","/c/en/uk","/c/en/scotland","/c/en/brae"],"weight":0.20461999999999986},"num_concepts_raised":124238},{"base_id":886,"kind":"top_words","i1":3,"i2":6,"sol":{"path":["/c/en/selly","/c/en/uk","/c/en/spinney","/c/en/copse","/c/en/coppice"],"weight":0.2077199999999998},"num_concepts_raised":15783},{"base_id":886,"kind":"top_words","i1":3,"i2":7,"sol":{"path":["/c/en/selly","/c/en/uk","/c/en/arm","/c/en/portcullis"],"weight":0.2052699999999999},"num_concepts_raised":26473},{"base_id":886,"kind":"top_words","i1":3,"i2":8,"sol":{"path":["/c/en/selly","/c/en/dialectal","/c/en/wark","/c/fr/localités","/c/en/avebury"],"weight":0.2097899999999998},"num_concepts_raised":120200},{"base_id":886,"kind":"top_words","i1":3,"i2":9,"sol":{"path":["/c/en/selly","/c/en/uk","/c/en/mill","/c/en/watermill"],"weight":0.21306999999999998},"num_concepts_raised":15368},{"base_id":886,"kind":"top_words","i1":4,"i2":5,"sol":{"path":["/c/en/house","/c/en/bank","/c/en/brae"],"weight":0.20600000000000002},"num_concepts_raised":2476},{"base_id":886,"kind":"top_words","i1":4,"i2":6,"sol":{"path":["/c/en/house","/c/en/wood","/c/en/coppice"],"weight":0.20700000000000002},"num_concepts_raised":2520},{"base_id":886,"kind":"top_words","i1":4,"i2":7,"sol":{"path":["/c/en/house","/c/en/arm","/c/en/portcullis"],"weight":0.20600000000000002},"num_concepts_raised":2500},{"base_id":886,"kind":"top_words","i1":4,"i2":8,"sol":{"path":["/c/en/house","/c/en/box","/c/fr/localités","/c/en/avebury"],"weight":0.25689000000001805},"num_concepts_raised":371720},{"base_id":886,"kind":"top_words","i1":4,"i2":9,"sol":{"path":["/c/en/house","/c/en/box","/c/en/mill","/c/en/watermill"],"weight":0.26018000000001823},"num_concepts_raised":266589},{"base_id":886,"kind":"top_words","i1":5,"i2":6,"sol":{"path":["/c/en/brae","/c/fr/localités","/c/fr/taillis","/c/en/coppice"],"weight":0.20541999999999977},"num_concepts_raised":119574},{"base_id":886,"kind":"top_words","i1":5,"i2":7,"sol":{"path":["/c/en/brae","/c/en/bank","/c/en/coin","/c/en/portcullis"],"weight":0.20326999999999984},"num_concepts_raised":130283},{"base_id":886,"kind":"top_words","i1":5,"i2":8,"sol":{"path":["/c/en/brae","/c/fr/localités","/c/en/avebury"],"weight":0.20400000000000001},"num_concepts_raised":58},{"base_id":886,"kind":"top_words","i1":5,"i2":9,"sol":{"path":["/c/en/brae","/c/fr/localités","/c/fr/mill","/c/en/watermill"],"weight":0.20889999999999995},"num_concepts_raised":119154},{"base_id":886,"kind":"top_words","i1":6,"i2":7,"sol":{"path":["/c/en/coppice","/c/en/wood","/c/en/gate","/c/en/portcullis"],"weight":0.20414999999999983},"num_concepts_raised":21672},{"base_id":886,"kind":"top_words","i1":6,"i2":8,"sol":{"path":["/c/en/coppice","/c/fr/taillis","/c/fr/localités","/c/en/avebury"],"weight":0.21052999999999975},"num_concepts_raised":115136},{"base_id":886,"kind":"top_words","i1":6,"i2":9,"sol":{"path":["/c/en/coppice","/c/en/fuel","/c/fr/énergie","/c/fr/moulin_à_eau","/c/en/watermill"],"weight":0.2121599999999999},"num_concepts_raised":10337},{"base_id":886,"kind":"top_words","i1":7,"i2":8,"sol":{"path":["/c/en/portcullis","/c/fr/herse","/c/fr/porte","/c/fr/localités","/c/en/avebury"],"weight":0.2104399999999998},"num_concepts_raised":126052},{"base_id":886,"kind":"top_words","i1":7,"i2":9,"sol":{"path":["/c/en/portcullis","/c/en/coin","/c/en/mill","/c/en/watermill"],"weight":0.21167999999999998},"num_concepts_raised":21254},{"base_id":886,"kind":"top_words","i1":8,"i2":9,"sol":{"path":["/c/en/avebury","/c/fr/localités","/c/fr/mill","/c/en/watermill"],"weight":0.21400999999999992},"num_concepts_raised":114725}]]