[[{"base_id":130,"kind":"bot_words","i1":0,"i2":1,"sol":{"path":["/c/en/primer","/c/en/fire","/c/en/earth","/c/en/gaea"],"weight":0.21085999999999908},"num_concepts_raised":112316},{"base_id":130,"kind":"bot_words","i1":0,"i2":2,"sol":{"path":["/c/en/primer","/c/en/paint","/c/en/king","/c/en/wearer"],"weight":0.21287999999999904},"num_concepts_raised":117348},{"base_id":130,"kind":"bot_words","i1":0,"i2":3,"sol":{"path":["/c/en/primer","/c/en/paint","/c/en/mix","/c/en/mang"],"weight":0.21256999999999904},"num_concepts_raised":112642},{"base_id":130,"kind":"bot_words","i1":0,"i2":4,"sol":{"path":["/c/en/primer","/c/en/person","/c/en/fish","/c/en/perciformes"],"weight":0.2163699999999989},"num_concepts_raised":113485},{"base_id":130,"kind":"bot_words","i1":0,"i2":5,"sol":{"path":["/c/en/primer","/c/en/person","/c/en/stalking","/c/en/stealthily"],"weight":0.211679999999999},"num_concepts_raised":110474},{"base_id":130,"kind":"bot_words","i1":0,"i2":6,"sol":{"path":["/c/en/primer","/c/en/book","/c/en/literary","/c/en/promiscuity"],"weight":0.21121999999999902},"num_concepts_raised":115736},{"base_id":130,"kind":"bot_words","i1":0,"i2":7,"sol":{"path":["/c/en/primer","/c/en/prime","/c/en/gun","/c/en/guns"],"weight":0.21770999999999888},"num_concepts_raised":141731},{"base_id":130,"kind":"bot_words","i1":0,"i2":8,"sol":{"path":["/c/en/primer","/c/en/time","/c/en/weather","/c/en/climatic"],"weight":0.21125999999999912},"num_concepts_raised":111365},{"base_id":130,"kind":"bot_words","i1":0,"i2":9,"sol":{"path":["/c/en/primer","/c/en/england","/c/en/appleton"],"weight":0.20400000000000001},"num_concepts_raised":290},{"base_id":130,"kind":"bot_words","i1":1,"i2":2,"sol":{"path":["/c/en/gaea","/c/en/earth","/c/en/rock","/c/en/wear","/c/en/wearer"],"weight":0.20426999999999987},"num_concepts_raised":12827},{"base_id":130,"kind":"bot_words","i1":1,"i2":3,"sol":{"path":["/c/en/gaea","/c/en/earth","/c/en/mole","/c/en/devon","/c/en/mang"],"weight":0.20399999999999988},"num_concepts_raised":7615},{"base_id":130,"kind":"bot_words","i1":1,"i2":4,"sol":{"path":["/c/en/gaea","/c/en/terra","/c/en/astronomy","/c/en/fish","/c/en/perciformes"],"weight":0.20974999999999971},"num_concepts_raised":8216},{"base_id":130,"kind":"bot_words","i1":1,"i2":5,"sol":{"path":["/c/en/gaea","/c/en/earth","/c/en/hide","/c/en/stealthy","/c/en/stealthily"],"weight":0.20514999999999983},"num_concepts_raised":4822},{"base_id":130,"kind":"bot_words","i1":1,"i2":6,"sol":{"path":["/c/en/gaea","/c/en/terra","/c/en/moon","/c/en/literary","/c/en/promiscuity"],"weight":0.20444999999999985},"num_concepts_raised":10703},{"base_id":130,"kind":"bot_words","i1":1,"i2":7,"sol":{"path":["/c/en/gaea","/c/en/earth","/c/en/fire","/c/en/gun","/c/en/guns"],"weight":0.20609999999999973},"num_concepts_raised":40062},{"base_id":130,"kind":"bot_words","i1":1,"i2":8,"sol":{"path":["/c/en/gaea","/c/en/earth","/c/en/heaven","/c/en/climate","/c/en/climatic"],"weight":0.20592999999999995},"num_concepts_raised":5854},{"base_id":130,"kind":"bot_words","i1":1,"i2":9,"sol":{"path":["/c/en/gaea","/c/en/earth","/c/en/place_name","/c/en/appleton"],"weight":0.20298999999999984},"num_concepts_raised":121104},{"base_id":130,"kind":"bot_words","i1":2,"i2":3,"sol":{"path":["/c/en/wearer","/c/en/king","/c/en/man","/c/en/mang"],"weight":0.20287999999999984},"num_concepts_raised":13521},{"base_id":130,"kind":"bot_words","i1":2,"i2":4,"sol":{"path":["/c/en/wearer","/c/en/wear","/c/en/nautical","/c/en/fish","/c/en/perciformes"],"weight":0.20979999999999968},"num_concepts_raised":14158},{"base_id":130,"kind":"bot_words","i1":2,"i2":5,"sol":{"path":["/c/en/wearer","/c/en/wear","/c/en/act","/c/en/sneak","/c/en/stealthily"],"weight":0.2051399999999998},"num_concepts_raised":10815},{"base_id":130,"kind":"bot_words","i1":2,"i2":6,"sol":{"path":["/c/en/wearer","/c/fr/porteur","/c/fr/personne","/c/fr/promiscuité","/c/en/promiscuity"],"weight":0.20647999999999983},"num_concepts_raised":16646},{"base_id":130,"kind":"bot_words","i1":2,"i2":7,"sol":{"path":["/c/en/wearer","/c/en/horse","/c/en/war","/c/en/guns"],"weight":0.20486999999999966},"num_concepts_raised":45458},{"base_id":130,"kind":"bot_words","i1":2,"i2":8,"sol":{"path":["/c/en/wearer","/c/en/slim","/c/en/lean","/c/en/climate","/c/en/climatic"],"weight":0.20587999999999992},"num_concepts_raised":11855},{"base_id":130,"kind":"bot_words","i1":2,"i2":9,"sol":{"path":["/c/en/wearer","/c/en/wear","/c/en/england","/c/en/appleton"],"weight":0.20404999999999984},"num_concepts_raised":126969},{"base_id":130,"kind":"bot_words","i1":3,"i2":4,"sol":{"path":["/c/en/mang","/c/en/man","/c/en/fish","/c/en/perciformes"],"weight":0.20843999999999968},"num_concepts_raised":9003},{"base_id":130,"kind":"bot_words","i1":3,"i2":5,"sol":{"path":["/c/en/mang","/c/en/man","/c/en/hunt","/c/en/stealthy","/c/en/stealthily"],"weight":0.20479999999999982},"num_concepts_raised":5612},{"base_id":130,"kind":"bot_words","i1":3,"i2":6,"sol":{"path":["/c/en/mang","/c/en/man","/c/en/yichud","/c/en/promiscuity"],"weight":0.20310999999999982},"num_concepts_raised":11464},{"base_id":130,"kind":"bot_words","i1":3,"i2":7,"sol":{"path":["/c/en/mang","/c/en/man","/c/en/slang","/c/en/guns"],"weight":0.2033999999999997},"num_concepts_raised":40631},{"base_id":130,"kind":"bot_words","i1":3,"i2":8,"sol":{"path":["/c/en/mang","/c/en/man","/c/en/human","/c/en/climate","/c/en/climatic"],"weight":0.2055599999999999},"num_concepts_raised":6681},{"base_id":130,"kind":"bot_words","i1":3,"i2":9,"sol":{"path":["/c/en/mang","/c/en/devon","/c/en/england","/c/en/appleton"],"weight":0.20381999999999983},"num_concepts_raised":121813},{"base_id":130,"kind":"bot_words","i1":4,"i2":5,"sol":{"path":["/c/en/perciformes","/c/en/fish","/c/ceb/ukoy","/c/en/stealthily"],"weight":0.20959999999999962},"num_concepts_raised":6202},{"base_id":130,"kind":"bot_words","i1":4,"i2":6,"sol":{"path":["/c/en/perciformes","/c/en/fish","/c/en/slang","/c/en/skank","/c/en/promiscuity"],"weight":0.20897999999999967},"num_concepts_raised":12099},{"base_id":130,"kind":"bot_words","i1":4,"i2":7,"sol":{"path":["/c/en/perciformes","/c/en/fish","/c/en/rifle","/c/en/guns"],"weight":0.20935999999999952},"num_concepts_raised":41329},{"base_id":130,"kind":"bot_words","i1":4,"i2":8,"sol":{"path":["/c/en/perciformes","/c/en/fish","/c/en/cold","/c/en/climate","/c/en/climatic"],"weight":0.21142999999999978},"num_concepts_raised":7273},{"base_id":130,"kind":"bot_words","i1":4,"i2":9,"sol":{"path":["/c/en/perciformes","/c/en/fish","/c/en/lake","/c/en/england","/c/en/appleton"],"weight":0.20862999999999965},"num_concepts_raised":122463},{"base_id":130,"kind":"bot_words","i1":5,"i2":6,"sol":{"path":["/c/en/stealthily","/c/zh/暗地","/c/en/literary","/c/en/promiscuity"],"weight":0.20428999999999978},"num_concepts_raised":8694},{"base_id":130,"kind":"bot_words","i1":5,"i2":7,"sol":{"path":["/c/en/stealthily","/c/ru/подбираться","/c/en/aim","/c/en/guns"],"weight":0.20445999999999964},"num_concepts_raised":38071},{"base_id":130,"kind":"bot_words","i1":5,"i2":8,"sol":{"path":["/c/en/stealthily","/c/ceb/ukoy","/c/en/human","/c/en/climate","/c/en/climatic"],"weight":0.2067099999999999},"num_concepts_raised":3867},{"base_id":130,"kind":"bot_words","i1":5,"i2":9,"sol":{"path":["/c/en/stealthily","/c/en/sneak","/c/en/cricket","/c/en/england","/c/en/appleton"],"weight":0.2039499999999998},"num_concepts_raised":119118},{"base_id":130,"kind":"bot_words","i1":6,"i2":7,"sol":{"path":["/c/en/promiscuity","/c/en/skank","/c/en/slang","/c/en/guns"],"weight":0.20388999999999965},"num_concepts_raised":43803},{"base_id":130,"kind":"bot_words","i1":6,"i2":8,"sol":{"path":["/c/en/promiscuity","/c/en/literary","/c/en/zone","/c/en/climatic"],"weight":0.2037199999999999},"num_concepts_raised":9749},{"base_id":130,"kind":"bot_words","i1":6,"i2":9,"sol":{"path":["/c/en/promiscuity","/c/en/promiscuous","/c/en/loose","/c/fr/localités","/c/en/appleton"],"weight":0.20425999999999983},"num_concepts_raised":125000},{"base_id":130,"kind":"bot_words","i1":7,"i2":8,"sol":{"path":["/c/en/guns","/c/en/bullet","/c/en/zone","/c/en/climatic"],"weight":0.20410999999999976},"num_concepts_raised":39066},{"base_id":130,"kind":"bot_words","i1":7,"i2":9,"sol":{"path":["/c/en/guns","/c/en/battle","/c/en/canada","/c/en/appleton"],"weight":0.20349999999999968},"num_concepts_raised":153924},{"base_id":130,"kind":"bot_words","i1":8,"i2":9,"sol":{"path":["/c/en/climatic","/c/en/climate","/c/en/cold","/c/en/canada","/c/en/appleton"],"weight":0.20562999999999992},"num_concepts_raised":120176}],[{"base_id":130,"kind":"top_words","i1":0,"i2":1,"sol":{"path":["/c/en/atm","/c/en/computing","/c/en/skin","/c/en/cutaneous"],"weight":0.2076399999999997},"num_concepts_raised":55458},{"base_id":130,"kind":"top_words","i1":0,"i2":2,"sol":{"path":["/c/en/atm","/c/en/bank","/c/en/cities","/c/en/intercity"],"weight":0.2136099999999997},"num_concepts_raised":26717},{"base_id":130,"kind":"top_words","i1":0,"i2":3,"sol":{"path":["/c/en/atm","/c/en/electronics","/c/en/stage","/c/en/stagecoach"],"weight":0.21385999999999966},"num_concepts_raised":32120},{"base_id":130,"kind":"top_words","i1":0,"i2":4,"sol":{"path":["/c/en/atm","/c/en/internet_slang","/c/en/b","/c/en/astronomy","/c/en/perigee"],"weight":0.20604999999999968},"num_concepts_raised":35339},{"base_id":130,"kind":"top_words","i1":0,"i2":5,"sol":{"path":["/c/en/atm","/c/en/transport","/c/en/car","/c/en/streetcar"],"weight":0.20645999999999948},"num_concepts_raised":30586},{"base_id":130,"kind":"top_words","i1":0,"i2":6,"sol":{"path":["/c/en/atm","/c/en/internet_slang","/c/en/internet","/c/en/transit"],"weight":0.20752999999999916},"num_concepts_raised":69304},{"base_id":130,"kind":"top_words","i1":0,"i2":7,"sol":{"path":["/c/en/atm","/c/en/transport","/c/en/express"],"weight":0.202},"num_concepts_raised":1058},{"base_id":130,"kind":"top_words","i1":0,"i2":8,"sol":{"path":["/c/en/atm","/c/en/transport","/c/en/bus"],"weight":0.20800000000000002},"num_concepts_raised":864},{"base_id":130,"kind":"top_words","i1":0,"i2":9,"sol":{"path":["/c/en/atm","/c/fr/ethernet","/c/en/ethernet"],"weight":0.20600000000000002},"num_concepts_raised":229},{"base_id":130,"kind":"top_words","i1":1,"i2":2,"sol":{"path":["/c/en/cutaneous","/c/fr/anatomie","/c/en/trunk","/c/es/interurbano","/c/en/intercity"],"weight":0.21625999999999992},"num_concepts_raised":31167},{"base_id":130,"kind":"top_words","i1":1,"i2":3,"sol":{"path":["/c/en/cutaneous","/c/en/skin","/c/en/surface","/c/en/stage","/c/en/stagecoach"],"weight":0.21612999999999988},"num_concepts_raised":36657},{"base_id":130,"kind":"top_words","i1":1,"i2":4,"sol":{"path":["/c/en/cutaneous","/c/en/anatomy","/c/en/orbit","/c/en/perigee"],"weight":0.20567999999999992},"num_concepts_raised":39730},{"base_id":130,"kind":"top_words","i1":1,"i2":5,"sol":{"path":["/c/en/cutaneous","/c/en/skin","/c/en/us","/c/en/tram","/c/en/streetcar"],"weight":0.2112999999999997},"num_concepts_raised":35301},{"base_id":130,"kind":"top_words","i1":1,"i2":6,"sol":{"path":["/c/en/cutaneous","/c/en/skin","/c/en/people","/c/en/transit"],"weight":0.20886999999999942},"num_concepts_raised":75049},{"base_id":130,"kind":"top_words","i1":1,"i2":7,"sol":{"path":["/c/en/cutaneous","/c/en/skin","/c/en/clothing","/c/en/express"],"weight":0.21863999999999761},"num_concepts_raised":129740},{"base_id":130,"kind":"top_words","i1":1,"i2":8,"sol":{"path":["/c/en/cutaneous","/c/en/skin","/c/en/people","/c/en/bus"],"weight":0.2298099999999994},"num_concepts_raised":112552},{"base_id":130,"kind":"top_words","i1":1,"i2":9,"sol":{"path":["/c/en/cutaneous","/c/en/zoology","/c/en/segment","/c/en/ethernet"],"weight":0.21085999999999971},"num_concepts_raised":32969},{"base_id":130,"kind":"top_words","i1":2,"i2":3,"sol":{"path":["/c/en/intercity","/c/en/germany","/c/en/people","/c/en/stage","/c/en/stagecoach"],"weight":0.22206999999999988},"num_concepts_raised":7632},{"base_id":130,"kind":"top_words","i1":2,"i2":4,"sol":{"path":["/c/en/intercity","/c/en/cities","/c/en/distance","/c/en/periapsis","/c/en/perigee"],"weight":0.2141399999999999},"num_concepts_raised":10812},{"base_id":130,"kind":"top_words","i1":2,"i2":5,"sol":{"path":["/c/en/intercity","/c/en/cities","/c/en/car","/c/en/streetcar"],"weight":0.2145999999999997},"num_concepts_raised":6238},{"base_id":130,"kind":"top_words","i1":2,"i2":6,"sol":{"path":["/c/en/intercity","/c/en/germany","/c/en/people","/c/en/transit"],"weight":0.2148199999999994},"num_concepts_raised":46785},{"base_id":130,"kind":"top_words","i1":2,"i2":7,"sol":{"path":["/c/en/intercity","/c/de/intercity","/c/en/express_train","/c/en/express"],"weight":0.22679999999999761},"num_concepts_raised":101399},{"base_id":130,"kind":"top_words","i1":2,"i2":8,"sol":{"path":["/c/en/intercity","/c/it/autocorriera","/c/en/bus"],"weight":0.21100000000000002},"num_concepts_raised":783},{"base_id":130,"kind":"top_words","i1":2,"i2":9,"sol":{"path":["/c/en/intercity","/c/en/germany","/c/en/city","/c/en/giant","/c/en/ethernet"],"weight":0.21857999999999972},"num_concepts_raised":3983},{"base_id":130,"kind":"top_words","i1":3,"i2":4,"sol":{"path":["/c/en/stagecoach","/c/en/stage","/c/en/phase","/c/en/apogee","/c/en/perigee"],"weight":0.21437999999999988},"num_concepts_raised":16303},{"base_id":130,"kind":"top_words","i1":3,"i2":5,"sol":{"path":["/c/en/stagecoach","/c/en/coach","/c/en/car","/c/en/streetcar"],"weight":0.21291999999999967},"num_concepts_raised":11696},{"base_id":130,"kind":"top_words","i1":3,"i2":6,"sol":{"path":["/c/en/stagecoach","/c/en/stage","/c/en/transition","/c/en/transit"],"weight":0.21621999999999936},"num_concepts_raised":52098},{"base_id":130,"kind":"top_words","i1":3,"i2":7,"sol":{"path":["/c/en/stagecoach","/c/en/stage","/c/en/show","/c/en/express"],"weight":0.22724999999999757},"num_concepts_raised":106605},{"base_id":130,"kind":"top_words","i1":3,"i2":8,"sol":{"path":["/c/en/stagecoach","/c/en/coach","/c/en/bus"],"weight":0.21100000000000002},"num_concepts_raised":797},{"base_id":130,"kind":"top_words","i1":3,"i2":9,"sol":{"path":["/c/en/stagecoach","/c/en/stage","/c/en/scene","/c/en/segment","/c/en/ethernet"],"weight":0.21886999999999968},"num_concepts_raised":9503},{"base_id":130,"kind":"top_words","i1":4,"i2":5,"sol":{"path":["/c/en/perigee","/c/en/astronomy","/c/en/nearside","/c/en/streetcar"],"weight":0.2048599999999997},"num_concepts_raised":14968},{"base_id":130,"kind":"top_words","i1":4,"i2":6,"sol":{"path":["/c/en/perigee","/c/en/astronomy","/c/en/transit"],"weight":0.203},"num_concepts_raised":275},{"base_id":130,"kind":"top_words","i1":4,"i2":7,"sol":{"path":["/c/en/perigee","/c/en/astronomy","/c/en/train","/c/en/express"],"weight":0.2172499999999976},"num_concepts_raised":109947},{"base_id":130,"kind":"top_words","i1":4,"i2":8,"sol":{"path":["/c/en/perigee","/c/en/astronomy","/c/en/roof","/c/en/bus"],"weight":0.2270899999999994},"num_concepts_raised":92751},{"base_id":130,"kind":"top_words","i1":4,"i2":9,"sol":{"path":["/c/en/perigee","/c/en/astronomy","/c/en/giant","/c/en/ethernet"],"weight":0.2100199999999997},"num_concepts_raised":12664},{"base_id":130,"kind":"top_words","i1":5,"i2":6,"sol":{"path":["/c/en/streetcar","/c/en/tram","/c/en/vehicle","/c/en/transit"],"weight":0.21024999999999916},"num_concepts_raised":50273},{"base_id":130,"kind":"top_words","i1":5,"i2":7,"sol":{"path":["/c/en/streetcar","/c/en/car","/c/en/show","/c/en/express"],"weight":0.21988999999999742},"num_concepts_raised":104816},{"base_id":130,"kind":"top_words","i1":5,"i2":8,"sol":{"path":["/c/en/streetcar","/c/en/car","/c/en/bus"],"weight":0.20900000000000002},"num_concepts_raised":844},{"base_id":130,"kind":"top_words","i1":5,"i2":9,"sol":{"path":["/c/en/streetcar","/c/en/tram","/c/en/us","/c/en/hub","/c/en/ethernet"],"weight":0.2140299999999995},"num_concepts_raised":8125},{"base_id":130,"kind":"top_words","i1":6,"i2":7,"sol":{"path":["/c/en/transit","/c/en/american","/c/en/express"],"weight":0.202},"num_concepts_raised":1148},{"base_id":130,"kind":"top_words","i1":6,"i2":8,"sol":{"path":["/c/en/transit","/c/en/transportation","/c/en/bus"],"weight":0.20700000000000002},"num_concepts_raised":951},{"base_id":130,"kind":"top_words","i1":6,"i2":9,"sol":{"path":["/c/en/transit","/c/en/astronomy","/c/en/giant","/c/en/ethernet"],"weight":0.21252999999999922},"num_concepts_raised":48445},{"base_id":130,"kind":"top_words","i1":7,"i2":8,"sol":{"path":["/c/en/express","/c/en/transport","/c/en/bus"],"weight":0.20800000000000002},"num_concepts_raised":1665},{"base_id":130,"kind":"top_words","i1":7,"i2":9,"sol":{"path":["/c/en/express","/c/en/put","/c/en/always","/c/en/ethernet"],"weight":0.22154999999999742},"num_concepts_raised":103108},{"base_id":130,"kind":"top_words","i1":8,"i2":9,"sol":{"path":["/c/en/bus","/c/en/bus_topology","/c/en/ethernet"],"weight":0.20800000000000002},"num_concepts_raised":841}]]