[[{"base_id":149,"kind":"bot_words","i1":0,"i2":1,"sol":{"path":["/c/en/cellular","/c/en/cell","/c/en/egg","/c/en/ovate"],"weight":0.20931999999999956},"num_concepts_raised":33496},{"base_id":149,"kind":"bot_words","i1":0,"i2":2,"sol":{"path":["/c/en/cellular","/c/en/us","/c/en/foreman"],"weight":0.202},"num_concepts_raised":379},{"base_id":149,"kind":"bot_words","i1":0,"i2":3,"sol":{"path":["/c/en/cellular","/c/es/celular","/c/en/uk","/c/en/roil","/c/en/rile"],"weight":0.20875999999999956},"num_concepts_raised":28028},{"base_id":149,"kind":"bot_words","i1":0,"i2":4,"sol":{"path":["/c/en/cellular","/c/en/cell","/c/en/inside","/c/en/inner"],"weight":0.21472999999999887},"num_concepts_raised":65437},{"base_id":149,"kind":"bot_words","i1":0,"i2":5,"sol":{"path":["/c/en/cellular","/c/en/cell","/c/en/body","/c/en/visceral"],"weight":0.20844999999999947},"num_concepts_raised":40357},{"base_id":149,"kind":"bot_words","i1":0,"i2":6,"sol":{"path":["/c/en/cellular","/c/en/cell","/c/en/single","/c/en/singlet"],"weight":0.20932999999999935},"num_concepts_raised":43797},{"base_id":149,"kind":"bot_words","i1":0,"i2":7,"sol":{"path":["/c/en/cellular","/c/en/cell","/c/en/animal","/c/en/predatory"],"weight":0.2092299999999993},"num_concepts_raised":32290},{"base_id":149,"kind":"bot_words","i1":0,"i2":8,"sol":{"path":["/c/en/cellular","/c/en/biology","/c/el/ομολογία","/c/en/admission","/c/en/readmission"],"weight":0.20693999999999957},"num_concepts_raised":23495},{"base_id":149,"kind":"bot_words","i1":0,"i2":9,"sol":{"path":["/c/en/cellular","/c/en/cell","/c/en/plant","/c/en/attalea"],"weight":0.2131399999999995},"num_concepts_raised":30329},{"base_id":149,"kind":"bot_words","i1":1,"i2":2,"sol":{"path":["/c/en/ovate","/c/en/egg","/c/en/person","/c/en/foreman"],"weight":0.20756999999999967},"num_concepts_raised":55637},{"base_id":149,"kind":"bot_words","i1":1,"i2":3,"sol":{"path":["/c/en/ovate","/c/en/egg","/c/en/ruffle","/c/en/annoy","/c/en/rile"],"weight":0.20433999999999997},"num_concepts_raised":15731},{"base_id":149,"kind":"bot_words","i1":1,"i2":4,"sol":{"path":["/c/en/ovate","/c/en/egg","/c/en/inside","/c/en/inner"],"weight":0.2106099999999993},"num_concepts_raised":54551},{"base_id":149,"kind":"bot_words","i1":1,"i2":5,"sol":{"path":["/c/en/ovate","/c/en/base","/c/en/anatomy","/c/en/visceral"],"weight":0.20318999999999987},"num_concepts_raised":28103},{"base_id":149,"kind":"bot_words","i1":1,"i2":6,"sol":{"path":["/c/en/ovate","/c/en/simple","/c/en/single","/c/en/singlet"],"weight":0.20519999999999977},"num_concepts_raised":32633},{"base_id":149,"kind":"bot_words","i1":1,"i2":7,"sol":{"path":["/c/en/ovate","/c/en/egg","/c/en/animal","/c/en/predatory"],"weight":0.2050799999999997},"num_concepts_raised":20322},{"base_id":149,"kind":"bot_words","i1":1,"i2":8,"sol":{"path":["/c/en/ovate","/c/en/botany","/c/th/นาค","/c/en/admission","/c/en/readmission"],"weight":0.20387},"num_concepts_raised":11150},{"base_id":149,"kind":"bot_words","i1":1,"i2":9,"sol":{"path":["/c/en/ovate","/c/en/botany","/c/en/plant","/c/en/attalea"],"weight":0.2078399999999999},"num_concepts_raised":17666},{"base_id":149,"kind":"bot_words","i1":2,"i2":3,"sol":{"path":["/c/en/foreman","/c/en/person","/c/en/anger","/c/en/rile"],"weight":0.20666999999999966},"num_concepts_raised":49971},{"base_id":149,"kind":"bot_words","i1":2,"i2":4,"sol":{"path":["/c/en/foreman","/c/fr/chef","/c/fr/interne","/c/en/inner"],"weight":0.21265999999999896},"num_concepts_raised":86345},{"base_id":149,"kind":"bot_words","i1":2,"i2":5,"sol":{"path":["/c/en/foreman","/c/en/person","/c/en/body","/c/en/visceral"],"weight":0.20674999999999957},"num_concepts_raised":62193},{"base_id":149,"kind":"bot_words","i1":2,"i2":6,"sol":{"path":["/c/en/foreman","/c/en/legal","/c/en/vest","/c/en/singlet"],"weight":0.20873999999999945},"num_concepts_raised":64994},{"base_id":149,"kind":"bot_words","i1":2,"i2":7,"sol":{"path":["/c/en/foreman","/c/en/person","/c/en/animal","/c/en/predatory"],"weight":0.2074999999999994},"num_concepts_raised":54093},{"base_id":149,"kind":"bot_words","i1":2,"i2":8,"sol":{"path":["/c/en/foreman","/c/en/legal","/c/en/admission","/c/en/readmission"],"weight":0.20618999999999968},"num_concepts_raised":45497},{"base_id":149,"kind":"bot_words","i1":2,"i2":9,"sol":{"path":["/c/en/foreman","/c/en/person","/c/en/plant","/c/en/attalea"],"weight":0.2112899999999996},"num_concepts_raised":52487},{"base_id":149,"kind":"bot_words","i1":3,"i2":4,"sol":{"path":["/c/en/rile","/c/en/roil","/c/en/uk","/c/en/inner"],"weight":0.20762999999999926},"num_concepts_raised":49155},{"base_id":149,"kind":"bot_words","i1":3,"i2":5,"sol":{"path":["/c/en/rile","/c/en/anger","/c/en/feeling","/c/en/visceral"],"weight":0.20337999999999984},"num_concepts_raised":22559},{"base_id":149,"kind":"bot_words","i1":3,"i2":6,"sol":{"path":["/c/en/rile","/c/en/roil","/c/en/uk","/c/en/singlet"],"weight":0.20525999999999972},"num_concepts_raised":26857},{"base_id":149,"kind":"bot_words","i1":3,"i2":7,"sol":{"path":["/c/en/rile","/c/en/irritate","/c/en/fuck_off","/c/en/aggressive","/c/en/predatory"],"weight":0.2061299999999997},"num_concepts_raised":14490},{"base_id":149,"kind":"bot_words","i1":3,"i2":8,"sol":{"path":["/c/en/rile","/c/en/irritate","/c/en/music","/c/en/entrance","/c/en/admission","/c/en/readmission"],"weight":0.21017749999999985},"num_concepts_raised":370127},{"base_id":149,"kind":"bot_words","i1":3,"i2":9,"sol":{"path":["/c/en/rile","/c/fr/mettre","/c/en/plant","/c/en/attalea"],"weight":0.20789999999999986},"num_concepts_raised":12366},{"base_id":149,"kind":"bot_words","i1":4,"i2":5,"sol":{"path":["/c/en/inner","/c/en/anatomy","/c/en/visceral"],"weight":0.202},"num_concepts_raised":334},{"base_id":149,"kind":"bot_words","i1":4,"i2":6,"sol":{"path":["/c/en/inner","/c/en/uk","/c/en/singlet"],"weight":0.202},"num_concepts_raised":399},{"base_id":149,"kind":"bot_words","i1":4,"i2":7,"sol":{"path":["/c/en/inner","/c/fr/intime","/c/en/personal","/c/en/predatory"],"weight":0.209569999999999},"num_concepts_raised":53441},{"base_id":149,"kind":"bot_words","i1":4,"i2":8,"sol":{"path":["/c/en/inner","/c/en/inside","/c/en/let_in","/c/en/admission","/c/en/readmission"],"weight":0.21038999999999927},"num_concepts_raised":44777},{"base_id":149,"kind":"bot_words","i1":4,"i2":9,"sol":{"path":["/c/en/inner","/c/en/slash","/c/en/plant","/c/en/attalea"],"weight":0.2113399999999992},"num_concepts_raised":51737},{"base_id":149,"kind":"bot_words","i1":5,"i2":6,"sol":{"path":["/c/en/visceral","/c/en/body","/c/en/shirt","/c/en/singlet"],"weight":0.20466999999999963},"num_concepts_raised":39394},{"base_id":149,"kind":"bot_words","i1":5,"i2":7,"sol":{"path":["/c/en/visceral","/c/en/viscus","/c/en/animal","/c/en/predatory"],"weight":0.2041899999999996},"num_concepts_raised":27079},{"base_id":149,"kind":"bot_words","i1":5,"i2":8,"sol":{"path":["/c/en/visceral","/c/en/anatomy","/c/en/temple","/c/syc/ܨܠܘܬܐ","/c/en/readmission"],"weight":0.20311999999999988},"num_concepts_raised":18008},{"base_id":149,"kind":"bot_words","i1":5,"i2":9,"sol":{"path":["/c/en/visceral","/c/en/anatomy","/c/en/crop","/c/en/plant","/c/en/attalea"],"weight":0.20807999999999977},"num_concepts_raised":25095},{"base_id":149,"kind":"bot_words","i1":6,"i2":7,"sol":{"path":["/c/en/singlet","/c/en/single","/c/en/animal","/c/en/predatory"],"weight":0.20511999999999947},"num_concepts_raised":31388},{"base_id":149,"kind":"bot_words","i1":6,"i2":8,"sol":{"path":["/c/en/singlet","/c/en/vest","/c/en/british","/c/en/admission","/c/en/readmission"],"weight":0.20738999999999977},"num_concepts_raised":22333},{"base_id":149,"kind":"bot_words","i1":6,"i2":9,"sol":{"path":["/c/en/singlet","/c/en/shirt","/c/en/cotton","/c/en/plant","/c/en/attalea"],"weight":0.20929999999999968},"num_concepts_raised":29420},{"base_id":149,"kind":"bot_words","i1":7,"i2":8,"sol":{"path":["/c/en/predatory","/c/en/animal","/c/en/naturalization","/c/en/admission","/c/en/readmission"],"weight":0.20486999999999972},"num_concepts_raised":9933},{"base_id":149,"kind":"bot_words","i1":7,"i2":9,"sol":{"path":["/c/en/predatory","/c/en/animal","/c/en/plant","/c/en/attalea"],"weight":0.2088399999999996},"num_concepts_raised":16903},{"base_id":149,"kind":"bot_words","i1":8,"i2":9,"sol":{"path":["/c/en/readmission","/c/en/admission","/c/en/naturalization","/c/en/plant","/c/en/attalea"],"weight":0.2087199999999999},"num_concepts_raised":7770}],[{"base_id":149,"kind":"top_words","i1":0,"i2":1,"sol":{"path":["/c/en/hill","/c/en/sloping","/c/en/sideling"],"weight":0.203},"num_concepts_raised":971},{"base_id":149,"kind":"top_words","i1":0,"i2":2,"sol":{"path":["/c/en/hill","/c/en/ground","/c/en/biggin"],"weight":0.203},"num_concepts_raised":968},{"base_id":149,"kind":"top_words","i1":0,"i2":3,"sol":{"path":["/c/en/hill","/c/en/jack","/c/en/nob"],"weight":0.202},"num_concepts_raised":989},{"base_id":149,"kind":"top_words","i1":0,"i2":4,"sol":{"path":["/c/en/hill","/c/en/ground","/c/en/oil","/c/en/savin"],"weight":0.2184399999999982},"num_concepts_raised":218616},{"base_id":149,"kind":"top_words","i1":0,"i2":5,"sol":{"path":["/c/en/hill","/c/en/mount"],"weight":0.20400000000000001},"num_concepts_raised":1382},{"base_id":149,"kind":"top_words","i1":0,"i2":6,"sol":{"path":["/c/en/hill","/c/en/janiculum"],"weight":0.20400000000000001},"num_concepts_raised":973},{"base_id":149,"kind":"top_words","i1":0,"i2":7,"sol":{"path":["/c/en/hill","/c/en/drumlin"],"weight":0.20400000000000001},"num_concepts_raised":969},{"base_id":149,"kind":"top_words","i1":0,"i2":8,"sol":{"path":["/c/en/hill","/c/en/us","/c/en/holiday","/c/en/vesak"],"weight":0.22250999999999815},"num_concepts_raised":217133},{"base_id":149,"kind":"top_words","i1":0,"i2":9,"sol":{"path":["/c/en/hill","/c/en/ground","/c/en/glass","/c/en/spyglass"],"weight":0.21870999999999824},"num_concepts_raised":217769},{"base_id":149,"kind":"top_words","i1":1,"i2":2,"sol":{"path":["/c/en/sideling","/c/en/side","/c/en/historical","/c/en/biggin"],"weight":0.20279999999999987},"num_concepts_raised":128652},{"base_id":149,"kind":"top_words","i1":1,"i2":3,"sol":{"path":["/c/en/sideling","/c/en/direction","/c/en/head","/c/en/nob"],"weight":0.2039999999999998},"num_concepts_raised":32162},{"base_id":149,"kind":"top_words","i1":1,"i2":4,"sol":{"path":["/c/en/sideling","/c/en/oblique","/c/en/base","/c/en/oil","/c/en/savin"],"weight":0.20373999999999984},"num_concepts_raised":8038},{"base_id":149,"kind":"top_words","i1":1,"i2":5,"sol":{"path":["/c/en/sideling","/c/en/direction","/c/en/climb","/c/en/mount"],"weight":0.21767999999999849},"num_concepts_raised":76757},{"base_id":149,"kind":"top_words","i1":1,"i2":6,"sol":{"path":["/c/en/sideling","/c/en/sloping","/c/en/hill","/c/en/janiculum"],"weight":0.20768999999999982},"num_concepts_raised":5905},{"base_id":149,"kind":"top_words","i1":1,"i2":7,"sol":{"path":["/c/en/sideling","/c/en/sloping","/c/en/hill","/c/en/drumlin"],"weight":0.2037099999999999},"num_concepts_raised":7240},{"base_id":149,"kind":"top_words","i1":1,"i2":8,"sol":{"path":["/c/en/sideling","/c/en/oblique","/c/en/case","/c/en/holiday","/c/en/vesak"],"weight":0.20920999999999984},"num_concepts_raised":5965},{"base_id":149,"kind":"top_words","i1":1,"i2":9,"sol":{"path":["/c/en/sideling","/c/en/side","/c/en/view","/c/en/binoculars","/c/en/spyglass"],"weight":0.2044199999999999},"num_concepts_raised":6797},{"base_id":149,"kind":"top_words","i1":2,"i2":3,"sol":{"path":["/c/en/biggin","/c/en/hood","/c/en/head","/c/en/nob"],"weight":0.20402999999999982},"num_concepts_raised":152283},{"base_id":149,"kind":"top_words","i1":2,"i2":4,"sol":{"path":["/c/en/biggin","/c/en/ground","/c/en/oil","/c/en/savin"],"weight":0.20268999999999981},"num_concepts_raised":128761},{"base_id":149,"kind":"top_words","i1":2,"i2":5,"sol":{"path":["/c/en/biggin","/c/en/building","/c/en/mount"],"weight":0.20400000000000001},"num_concepts_raised":474},{"base_id":149,"kind":"top_words","i1":2,"i2":6,"sol":{"path":["/c/en/biggin","/c/en/building","/c/en/hill","/c/en/janiculum"],"weight":0.20769999999999983},"num_concepts_raised":126635},{"base_id":149,"kind":"top_words","i1":2,"i2":7,"sol":{"path":["/c/en/biggin","/c/en/building","/c/en/hill","/c/en/drumlin"],"weight":0.2037099999999999},"num_concepts_raised":127932},{"base_id":149,"kind":"top_words","i1":2,"i2":8,"sol":{"path":["/c/en/biggin","/c/en/building","/c/en/temple","/c/en/buddha","/c/en/vesak"],"weight":0.20826999999999984},"num_concepts_raised":126836},{"base_id":149,"kind":"top_words","i1":2,"i2":9,"sol":{"path":["/c/en/biggin","/c/en/ground","/c/en/glass","/c/en/spyglass"],"weight":0.2029999999999999},"num_concepts_raised":127574},{"base_id":149,"kind":"top_words","i1":3,"i2":4,"sol":{"path":["/c/en/nob","/c/en/head","/c/en/part","/c/en/oil","/c/en/savin"],"weight":0.20406999999999978},"num_concepts_raised":32358},{"base_id":149,"kind":"top_words","i1":3,"i2":5,"sol":{"path":["/c/en/nob","/c/en/slang","/c/en/mount"],"weight":0.20400000000000001},"num_concepts_raised":492},{"base_id":149,"kind":"top_words","i1":3,"i2":6,"sol":{"path":["/c/en/nob","/c/en/jack","/c/en/hill","/c/en/janiculum"],"weight":0.20788999999999977},"num_concepts_raised":30330},{"base_id":149,"kind":"top_words","i1":3,"i2":7,"sol":{"path":["/c/en/nob","/c/en/jack","/c/en/hill","/c/en/drumlin"],"weight":0.2038999999999998},"num_concepts_raised":31641},{"base_id":149,"kind":"top_words","i1":3,"i2":8,"sol":{"path":["/c/en/nob","/c/en/card","/c/en/holiday","/c/en/vesak"],"weight":0.20836999999999978},"num_concepts_raised":30399},{"base_id":149,"kind":"top_words","i1":3,"i2":9,"sol":{"path":["/c/en/nob","/c/en/door","/c/en/glass","/c/en/spyglass"],"weight":0.20320999999999984},"num_concepts_raised":31135},{"base_id":149,"kind":"top_words","i1":4,"i2":5,"sol":{"path":["/c/en/savin","/c/en/evergreen","/c/en/computing","/c/en/mount"],"weight":0.21317999999999848},"num_concepts_raised":77110},{"base_id":149,"kind":"top_words","i1":4,"i2":6,"sol":{"path":["/c/en/savin","/c/en/europe","/c/en/italy","/c/en/janiculum"],"weight":0.2077699999999998},"num_concepts_raised":6042},{"base_id":149,"kind":"top_words","i1":4,"i2":7,"sol":{"path":["/c/en/savin","/c/en/europe","/c/en/earth","/c/en/hill","/c/en/drumlin"],"weight":0.20376999999999984},"num_concepts_raised":7437},{"base_id":149,"kind":"top_words","i1":4,"i2":8,"sol":{"path":["/c/en/savin","/c/en/europe","/c/en/enlightenment","/c/en/buddha","/c/en/vesak"],"weight":0.20829999999999982},"num_concepts_raised":6097},{"base_id":149,"kind":"top_words","i1":4,"i2":9,"sol":{"path":["/c/en/savin","/c/en/europe","/c/en/cheops","/c/en/telescope","/c/en/spyglass"],"weight":0.20324999999999988},"num_concepts_raised":6918},{"base_id":149,"kind":"top_words","i1":5,"i2":6,"sol":{"path":["/c/en/mount","/c/en/hill","/c/en/janiculum"],"weight":0.20600000000000002},"num_concepts_raised":477},{"base_id":149,"kind":"top_words","i1":5,"i2":7,"sol":{"path":["/c/en/mount","/c/en/hill","/c/en/drumlin"],"weight":0.20500000000000002},"num_concepts_raised":474},{"base_id":149,"kind":"top_words","i1":5,"i2":8,"sol":{"path":["/c/en/mount","/c/th/เมรุ","/c/en/buddhist","/c/en/vesak"],"weight":0.21850999999999848},"num_concepts_raised":75271},{"base_id":149,"kind":"top_words","i1":5,"i2":9,"sol":{"path":["/c/en/mount","/c/en/backpack","/c/en/binoculars","/c/en/spyglass"],"weight":0.21447999999999856},"num_concepts_raised":75883},{"base_id":149,"kind":"top_words","i1":6,"i2":7,"sol":{"path":["/c/en/janiculum","/c/en/hill","/c/en/drumlin"],"weight":0.20500000000000002},"num_concepts_raised":50},{"base_id":149,"kind":"top_words","i1":6,"i2":8,"sol":{"path":["/c/en/janiculum","/c/en/hill","/c/en/us","/c/en/holiday","/c/en/vesak"],"weight":0.21317999999999981},"num_concepts_raised":3990},{"base_id":149,"kind":"top_words","i1":6,"i2":9,"sol":{"path":["/c/en/janiculum","/c/en/rome","/c/en/stadium","/c/en/telescope","/c/en/spyglass"],"weight":0.20826999999999987},"num_concepts_raised":4825},{"base_id":149,"kind":"top_words","i1":7,"i2":8,"sol":{"path":["/c/en/drumlin","/c/en/hill","/c/en/us","/c/en/holiday","/c/en/vesak"],"weight":0.20919999999999986},"num_concepts_raised":5371},{"base_id":149,"kind":"top_words","i1":7,"i2":9,"sol":{"path":["/c/en/drumlin","/c/en/drift","/c/en/distance","/c/en/binoculars","/c/en/spyglass"],"weight":0.20420999999999995},"num_concepts_raised":6199},{"base_id":149,"kind":"top_words","i1":8,"i2":9,"sol":{"path":["/c/en/vesak","/c/en/buddhist","/c/ja/玻璃","/c/en/glass","/c/en/spyglass"],"weight":0.20856999999999987},"num_concepts_raised":4848}]]