[[{"base_id":675,"kind":"bot_words","i1":0,"i2":1,"sol":{"path":["/c/en/bellhop","/c/en/bell","/c/en/column","/c/en/greece","/c/en/nafplio"],"weight":0.21018999999999982},"num_concepts_raised":5370},{"base_id":675,"kind":"bot_words","i1":0,"i2":2,"sol":{"path":["/c/en/bellhop","/c/en/bell","/c/en/us","/c/en/cunning","/c/en/sly"],"weight":0.20980999999999947},"num_concepts_raised":13861},{"base_id":675,"kind":"bot_words","i1":0,"i2":3,"sol":{"path":["/c/en/bellhop","/c/en/bell","/c/en/single","/c/en/hello","/c/en/hi"],"weight":0.21213999999999977},"num_concepts_raised":15628},{"base_id":675,"kind":"bot_words","i1":0,"i2":4,"sol":{"path":["/c/en/bellhop","/c/en/hotel","/c/en/bible","/c/en/prophet","/c/en/elisha"],"weight":0.20980999999999989},"num_concepts_raised":5752},{"base_id":675,"kind":"bot_words","i1":0,"i2":5,"sol":{"path":["/c/en/bellhop","/c/en/bell","/c/en/slang","/c/en/cheese","/c/en/smegma"],"weight":0.20510999999999996},"num_concepts_raised":6537},{"base_id":675,"kind":"bot_words","i1":0,"i2":6,"sol":{"path":["/c/en/bellhop","/c/en/bell","/c/en/attention","/c/en/seizing"],"weight":0.20321999999999973},"num_concepts_raised":9179},{"base_id":675,"kind":"bot_words","i1":0,"i2":7,"sol":{"path":["/c/en/bellhop","/c/en/employee","/c/en/can","/c/en/lacquer"],"weight":0.2047399999999996},"num_concepts_raised":18220},{"base_id":675,"kind":"bot_words","i1":0,"i2":8,"sol":{"path":["/c/en/bellhop","/c/en/hotel","/c/en/sleep","/c/en/gaboxadol","/c/en/muscimol"],"weight":0.20899999999999985},"num_concepts_raised":11076},{"base_id":675,"kind":"bot_words","i1":0,"i2":9,"sol":{"path":["/c/en/bellhop","/c/en/hotel","/c/en/place","/c/en/novitiate"],"weight":0.2042299999999998},"num_concepts_raised":16195},{"base_id":675,"kind":"bot_words","i1":1,"i2":2,"sol":{"path":["/c/en/nafplio","/c/en/administrative_region","/c/en/leer","/c/en/sly"],"weight":0.21164999999999934},"num_concepts_raised":10626},{"base_id":675,"kind":"bot_words","i1":1,"i2":3,"sol":{"path":["/c/en/nafplio","/c/en/administrative_region","/c/en/hawaii","/c/en/hi"],"weight":0.21214999999999967},"num_concepts_raised":12434},{"base_id":675,"kind":"bot_words","i1":1,"i2":4,"sol":{"path":["/c/en/nafplio","/c/en/greece","/c/en/sibyl","/c/en/prophet","/c/en/elisha"],"weight":0.21569999999999978},"num_concepts_raised":2457},{"base_id":675,"kind":"bot_words","i1":1,"i2":5,"sol":{"path":["/c/en/nafplio","/c/en/greece","/c/en/greek_salad","/c/en/cheese","/c/en/smegma"],"weight":0.2118999999999998},"num_concepts_raised":3245},{"base_id":675,"kind":"bot_words","i1":1,"i2":6,"sol":{"path":["/c/en/nafplio","/c/en/greece","/c/en/europe","/c/en/fox","/c/en/seizing"],"weight":0.21021999999999963},"num_concepts_raised":5937},{"base_id":675,"kind":"bot_words","i1":1,"i2":7,"sol":{"path":["/c/en/nafplio","/c/en/greece","/c/en/country","/c/en/japan","/c/en/lacquer"],"weight":0.21399999999999947},"num_concepts_raised":15079},{"base_id":675,"kind":"bot_words","i1":1,"i2":8,"sol":{"path":["/c/en/nafplio","/c/en/greece","/c/en/athens","/c/en/hamlet","/c/en/biochemistry","/c/en/muscimol"],"weight":0.21741779999999905},"num_concepts_raised":233388},{"base_id":675,"kind":"bot_words","i1":1,"i2":9,"sol":{"path":["/c/en/nafplio","/c/en/greece","/c/en/country","/c/en/order","/c/en/novitiate"],"weight":0.2102399999999997},"num_concepts_raised":13037},{"base_id":675,"kind":"bot_words","i1":2,"i2":3,"sol":{"path":["/c/en/sly","/c/en/sharp","/c/en/high","/c/en/hi"],"weight":0.21179999999999932},"num_concepts_raised":20808},{"base_id":675,"kind":"bot_words","i1":2,"i2":4,"sol":{"path":["/c/en/sly","/c/en/cunning","/c/sa/कवि","/c/en/prophet","/c/en/elisha"],"weight":0.21531999999999946},"num_concepts_raised":11019},{"base_id":675,"kind":"bot_words","i1":2,"i2":5,"sol":{"path":["/c/en/sly","/c/en/cunning","/c/en/knowledge","/c/ja/ちこう","/c/en/smegma"],"weight":0.21038999999999947},"num_concepts_raised":11794},{"base_id":675,"kind":"bot_words","i1":2,"i2":6,"sol":{"path":["/c/en/sly","/c/en/fox","/c/en/seizing"],"weight":0.202},"num_concepts_raised":337},{"base_id":675,"kind":"bot_words","i1":2,"i2":7,"sol":{"path":["/c/en/sly","/c/en/cunning","/c/en/can","/c/en/lacquer"],"weight":0.21137999999999912},"num_concepts_raised":23460},{"base_id":675,"kind":"bot_words","i1":2,"i2":8,"sol":{"path":["/c/en/sly","/c/en/cunning","/c/en/characteristic","/c/en/biochemistry","/c/en/muscimol"],"weight":0.21457999999999938},"num_concepts_raised":16351},{"base_id":675,"kind":"bot_words","i1":2,"i2":9,"sol":{"path":["/c/en/sly","/c/en/cunning","/c/en/experience","/c/en/novice","/c/en/novitiate"],"weight":0.21192999999999937},"num_concepts_raised":21476},{"base_id":675,"kind":"bot_words","i1":3,"i2":4,"sol":{"path":["/c/en/hi","/c/en/hello","/c/en/uk","/c/en/saint","/c/en/elisha"],"weight":0.21759999999999974},"num_concepts_raised":12805},{"base_id":675,"kind":"bot_words","i1":3,"i2":5,"sol":{"path":["/c/en/hi","/c/en/hello","/c/en/uk","/c/en/cheese","/c/en/smegma"],"weight":0.21381999999999976},"num_concepts_raised":13595},{"base_id":675,"kind":"bot_words","i1":3,"i2":6,"sol":{"path":["/c/en/hi","/c/en/hit","/c/en/catch","/c/en/seizing"],"weight":0.20827999999999963},"num_concepts_raised":16176},{"base_id":675,"kind":"bot_words","i1":3,"i2":7,"sol":{"path":["/c/en/hi","/c/en/high","/c/en/alcohol","/c/en/lacquer"],"weight":0.20988999999999947},"num_concepts_raised":25242},{"base_id":675,"kind":"bot_words","i1":3,"i2":8,"sol":{"path":["/c/en/hi","/c/en/high","/c/en/base","/c/en/biochemistry","/c/en/muscimol"],"weight":0.21310999999999974},"num_concepts_raised":18145},{"base_id":675,"kind":"bot_words","i1":3,"i2":9,"sol":{"path":["/c/en/hi","/c/fr/salut","/c/en/religion","/c/en/novitiate"],"weight":0.2090599999999997},"num_concepts_raised":23198},{"base_id":675,"kind":"bot_words","i1":4,"i2":5,"sol":{"path":["/c/en/elisha","/c/en/saint","/c/en/uk","/c/en/cheese","/c/en/smegma"],"weight":0.2104399999999999},"num_concepts_raised":3639},{"base_id":675,"kind":"bot_words","i1":4,"i2":6,"sol":{"path":["/c/en/elisha","/c/en/saint","/c/en/people","/c/en/fang","/c/en/seizing"],"weight":0.20875999999999972},"num_concepts_raised":6336},{"base_id":675,"kind":"bot_words","i1":4,"i2":7,"sol":{"path":["/c/en/elisha","/c/en/saint","/c/en/being","/c/en/finish","/c/en/lacquer"],"weight":0.2113999999999996},"num_concepts_raised":15466},{"base_id":675,"kind":"bot_words","i1":4,"i2":8,"sol":{"path":["/c/en/elisha","/c/fi/elisa","/c/en/elisa","/c/en/company","/c/en/alkaloid","/c/en/muscimol"],"weight":0.21856079999999978},"num_concepts_raised":269812},{"base_id":675,"kind":"bot_words","i1":4,"i2":9,"sol":{"path":["/c/en/elisha","/c/en/prophet","/c/en/religious","/c/en/novitiate"],"weight":0.2087999999999998},"num_concepts_raised":13365},{"base_id":675,"kind":"bot_words","i1":5,"i2":6,"sol":{"path":["/c/en/smegma","/c/en/cheese","/c/en/slang","/c/en/fox","/c/en/seizing"],"weight":0.20510999999999974},"num_concepts_raised":7117},{"base_id":675,"kind":"bot_words","i1":5,"i2":7,"sol":{"path":["/c/en/smegma","/c/en/secretion","/c/en/resin","/c/en/lacquer"],"weight":0.2054699999999996},"num_concepts_raised":16217},{"base_id":675,"kind":"bot_words","i1":5,"i2":8,"sol":{"path":["/c/en/smegma","/c/en/cheese","/c/en/nisin","/c/en/biochemistry","/c/en/muscimol"],"weight":0.20973999999999987},"num_concepts_raised":8951},{"base_id":675,"kind":"bot_words","i1":5,"i2":9,"sol":{"path":["/c/en/smegma","/c/en/cheese","/c/en/slang","/c/en/place","/c/en/novitiate"],"weight":0.20503999999999983},"num_concepts_raised":14200},{"base_id":675,"kind":"bot_words","i1":6,"i2":7,"sol":{"path":["/c/en/seizing","/c/ar/غول","/c/en/alcohol","/c/en/lacquer"],"weight":0.20479999999999943},"num_concepts_raised":18814},{"base_id":675,"kind":"bot_words","i1":6,"i2":8,"sol":{"path":["/c/en/seizing","/c/en/catch","/c/en/release","/c/en/biochemistry","/c/en/muscimol"],"weight":0.20803999999999967},"num_concepts_raised":11647},{"base_id":675,"kind":"bot_words","i1":6,"i2":9,"sol":{"path":["/c/en/seizing","/c/en/fox","/c/en/cub","/c/en/novice","/c/en/novitiate"],"weight":0.20538999999999963},"num_concepts_raised":16825},{"base_id":675,"kind":"bot_words","i1":7,"i2":8,"sol":{"path":["/c/en/lacquer","/c/en/nitrocellulose","/c/en/chemical_compound","/c/en/muscimol"],"weight":0.20958999999999953},"num_concepts_raised":20682},{"base_id":675,"kind":"bot_words","i1":7,"i2":9,"sol":{"path":["/c/en/lacquer","/c/en/finish","/c/en/place","/c/en/novitiate"],"weight":0.2058699999999995},"num_concepts_raised":25756},{"base_id":675,"kind":"bot_words","i1":8,"i2":9,"sol":{"path":["/c/en/muscimol","/c/en/biochemistry","/c/en/novex","/c/en/novel","/c/en/novitiate"],"weight":0.20810999999999974},"num_concepts_raised":18753}],[{"base_id":675,"kind":"top_words","i1":0,"i2":1,"sol":{"path":["/c/en/brighter","/c/en/bright","/c/en/us","/c/en/dryer","/c/en/drier"],"weight":0.20840999999999976},"num_concepts_raised":8637},{"base_id":675,"kind":"top_words","i1":0,"i2":2,"sol":{"path":["/c/en/brighter","/c/en/lustrous","/c/en/water","/c/en/sicker"],"weight":0.20309999999999973},"num_concepts_raised":18568},{"base_id":675,"kind":"top_words","i1":0,"i2":3,"sol":{"path":["/c/en/brighter","/c/en/bright","/c/my/စို","/c/en/wet","/c/en/wetter"],"weight":0.21349999999999963},"num_concepts_raised":9784},{"base_id":675,"kind":"top_words","i1":0,"i2":4,"sol":{"path":["/c/en/brighter","/c/en/bright","/c/en/us","/c/en/freshman","/c/en/fresher"],"weight":0.2051499999999998},"num_concepts_raised":8978},{"base_id":675,"kind":"top_words","i1":0,"i2":5,"sol":{"path":["/c/en/brighter","/c/en/polish","/c/en/better","/c/en/healthier"],"weight":0.20381999999999978},"num_concepts_raised":4821},{"base_id":675,"kind":"top_words","i1":0,"i2":6,"sol":{"path":["/c/en/brighter","/c/en/bright","/c/en/well","/c/en/fit","/c/en/fitter"],"weight":0.20545999999999973},"num_concepts_raised":13507},{"base_id":675,"kind":"top_words","i1":0,"i2":7,"sol":{"path":["/c/en/brighter","/c/en/polish","/c/en/hot","/c/en/hotter"],"weight":0.2038399999999998},"num_concepts_raised":27836},{"base_id":675,"kind":"top_words","i1":0,"i2":8,"sol":{"path":["/c/en/brighter","/c/en/bright","/c/en/soft","/c/en/softer"],"weight":0.20386999999999977},"num_concepts_raised":7308},{"base_id":675,"kind":"top_words","i1":0,"i2":9,"sol":{"path":["/c/en/brighter","/c/en/bright","/c/en/dim","/c/en/dimmer"],"weight":0.20557999999999976},"num_concepts_raised":8904},{"base_id":675,"kind":"top_words","i1":1,"i2":2,"sol":{"path":["/c/en/drier","/c/en/dryer","/c/en/water","/c/en/sicker"],"weight":0.20748999999999973},"num_concepts_raised":20632},{"base_id":675,"kind":"top_words","i1":1,"i2":3,"sol":{"path":["/c/en/drier","/c/en/dry","/c/en/wet","/c/en/wetter"],"weight":0.21372999999999967},"num_concepts_raised":12052},{"base_id":675,"kind":"top_words","i1":1,"i2":4,"sol":{"path":["/c/en/drier","/c/en/british","/c/en/fresher"],"weight":0.202},"num_concepts_raised":63},{"base_id":675,"kind":"top_words","i1":1,"i2":5,"sol":{"path":["/c/en/drier","/c/en/dry","/c/en/adjective","/c/en/better","/c/en/healthier"],"weight":0.20508999999999983},"num_concepts_raised":7195},{"base_id":675,"kind":"top_words","i1":1,"i2":6,"sol":{"path":["/c/en/drier","/c/en/british","/c/en/fit","/c/en/fitter"],"weight":0.20452999999999977},"num_concepts_raised":15642},{"base_id":675,"kind":"top_words","i1":1,"i2":7,"sol":{"path":["/c/en/drier","/c/en/dry","/c/en/rattle","/c/en/hotter"],"weight":0.20402999999999982},"num_concepts_raised":29498},{"base_id":675,"kind":"top_words","i1":1,"i2":8,"sol":{"path":["/c/en/drier","/c/en/dryer","/c/en/us","/c/en/call","/c/en/softer"],"weight":0.20712999999999976},"num_concepts_raised":9638},{"base_id":675,"kind":"top_words","i1":1,"i2":9,"sol":{"path":["/c/en/drier","/c/en/white_goods","/c/en/domestic","/c/en/dimmer"],"weight":0.20348999999999978},"num_concepts_raised":11455},{"base_id":675,"kind":"top_words","i1":2,"i2":3,"sol":{"path":["/c/en/sicker","/c/en/water","/c/en/wet","/c/en/wetter"],"weight":0.21263999999999966},"num_concepts_raised":21760},{"base_id":675,"kind":"top_words","i1":2,"i2":4,"sol":{"path":["/c/en/sicker","/c/en/water","/c/en/fresh","/c/en/fresher"],"weight":0.2040999999999998},"num_concepts_raised":20966},{"base_id":675,"kind":"top_words","i1":2,"i2":5,"sol":{"path":["/c/en/sicker","/c/en/sick","/c/en/healthy","/c/en/healthier"],"weight":0.2039399999999998},"num_concepts_raised":17129},{"base_id":675,"kind":"top_words","i1":2,"i2":6,"sol":{"path":["/c/en/sicker","/c/en/uk","/c/en/fitter"],"weight":0.202},"num_concepts_raised":107},{"base_id":675,"kind":"top_words","i1":2,"i2":7,"sol":{"path":["/c/en/sicker","/c/en/uk","/c/en/hotter"],"weight":0.203},"num_concepts_raised":72},{"base_id":675,"kind":"top_words","i1":2,"i2":8,"sol":{"path":["/c/en/sicker","/c/en/safe","/c/en/call","/c/en/softer"],"weight":0.20309999999999975},"num_concepts_raised":19542},{"base_id":675,"kind":"top_words","i1":2,"i2":9,"sol":{"path":["/c/en/sicker","/c/en/secure","/c/en/fast","/c/en/light","/c/en/dimmer"],"weight":0.20475999999999978},"num_concepts_raised":21348},{"base_id":675,"kind":"top_words","i1":3,"i2":4,"sol":{"path":["/c/en/wetter","/c/en/wet","/c/en/fresh","/c/en/fresher"],"weight":0.21341999999999972},"num_concepts_raised":12408},{"base_id":675,"kind":"top_words","i1":3,"i2":5,"sol":{"path":["/c/en/wetter","/c/en/wet","/c/en/condition","/c/en/better","/c/en/healthier"],"weight":0.21326999999999974},"num_concepts_raised":8341},{"base_id":675,"kind":"top_words","i1":3,"i2":6,"sol":{"path":["/c/en/wetter","/c/en/wet","/c/en/uk","/c/en/fitter"],"weight":0.21269999999999967},"num_concepts_raised":16882},{"base_id":675,"kind":"top_words","i1":3,"i2":7,"sol":{"path":["/c/en/wetter","/c/en/wet","/c/en/uk","/c/en/hotter"],"weight":0.21324999999999972},"num_concepts_raised":31194},{"base_id":675,"kind":"top_words","i1":3,"i2":8,"sol":{"path":["/c/en/wetter","/c/en/wet","/c/ga/bog","/c/en/soften","/c/en/softer"],"weight":0.2122799999999997},"num_concepts_raised":10781},{"base_id":675,"kind":"top_words","i1":3,"i2":9,"sol":{"path":["/c/en/wetter","/c/en/wet","/c/en/change","/c/en/dim","/c/en/dimmer"],"weight":0.21385999999999972},"num_concepts_raised":12613},{"base_id":675,"kind":"top_words","i1":4,"i2":5,"sol":{"path":["/c/en/fresher","/c/ar/أطزج","/c/en/healthier"],"weight":0.202},"num_concepts_raised":54},{"base_id":675,"kind":"top_words","i1":4,"i2":6,"sol":{"path":["/c/en/fresher","/c/en/british","/c/en/fit","/c/en/fitter"],"weight":0.20429999999999982},"num_concepts_raised":15968},{"base_id":675,"kind":"top_words","i1":4,"i2":7,"sol":{"path":["/c/en/fresher","/c/en/fresh","/c/en/hot","/c/en/hotter"],"weight":0.2048999999999999},"num_concepts_raised":29794},{"base_id":675,"kind":"top_words","i1":4,"i2":8,"sol":{"path":["/c/en/fresher","/c/ar/أطرى","/c/en/softer"],"weight":0.202},"num_concepts_raised":57},{"base_id":675,"kind":"top_words","i1":4,"i2":9,"sol":{"path":["/c/en/fresher","/c/en/freshman","/c/en/knowledge","/c/en/light","/c/en/dimmer"],"weight":0.20450999999999986},"num_concepts_raised":11822},{"base_id":675,"kind":"top_words","i1":5,"i2":6,"sol":{"path":["/c/en/healthier","/c/en/fitter"],"weight":0.202},"num_concepts_raised":85},{"base_id":675,"kind":"top_words","i1":5,"i2":7,"sol":{"path":["/c/en/healthier","/c/en/fitter","/c/en/uk","/c/en/hotter"],"weight":0.2036499999999999},"num_concepts_raised":26478},{"base_id":675,"kind":"top_words","i1":5,"i2":8,"sol":{"path":["/c/en/healthier","/c/en/better","/c/en/change","/c/en/soften","/c/en/softer"],"weight":0.20372999999999986},"num_concepts_raised":5865},{"base_id":675,"kind":"top_words","i1":5,"i2":9,"sol":{"path":["/c/en/healthier","/c/en/better","/c/en/change","/c/en/dim","/c/en/dimmer"],"weight":0.20532999999999985},"num_concepts_raised":7705},{"base_id":675,"kind":"top_words","i1":6,"i2":7,"sol":{"path":["/c/en/fitter","/c/en/uk","/c/en/hotter"],"weight":0.203},"num_concepts_raised":87},{"base_id":675,"kind":"top_words","i1":6,"i2":8,"sol":{"path":["/c/en/fitter","/c/en/uk","/c/en/soft","/c/en/softer"],"weight":0.20308999999999977},"num_concepts_raised":14504},{"base_id":675,"kind":"top_words","i1":6,"i2":9,"sol":{"path":["/c/en/fitter","/c/en/worker","/c/en/domestic","/c/en/dimmer"],"weight":0.20362999999999978},"num_concepts_raised":16315},{"base_id":675,"kind":"top_words","i1":7,"i2":8,"sol":{"path":["/c/en/hotter","/c/en/uk","/c/en/soft","/c/en/softer"],"weight":0.20363999999999982},"num_concepts_raised":28845},{"base_id":675,"kind":"top_words","i1":7,"i2":9,"sol":{"path":["/c/en/hotter","/c/en/slang","/c/en/switch","/c/en/dimmer"],"weight":0.20327999999999985},"num_concepts_raised":30575},{"base_id":675,"kind":"top_words","i1":8,"i2":9,"sol":{"path":["/c/en/softer","/c/en/offer","/c/en/twofer","/c/en/dimmer"],"weight":0.2031299999999998},"num_concepts_raised":10103}]]