[[{"base_id":833,"kind":"bot_words","i1":0,"i2":1,"sol":{"path":["/c/en/bansuri","/c/en/flute","/c/el/αυλόσ","/c/en/medicine","/c/en/foment"],"weight":0.20861999999999967},"num_concepts_raised":15956},{"base_id":833,"kind":"bot_words","i1":0,"i2":2,"sol":{"path":["/c/en/bansuri","/c/en/flute","/c/ja/しょうこ","/c/en/evidence","/c/en/attested"],"weight":0.20806999999999978},"num_concepts_raised":13578},{"base_id":833,"kind":"bot_words","i1":0,"i2":3,"sol":{"path":["/c/en/bansuri","/c/en/flute","/c/en/zufolo","/c/en/bird","/c/en/peregrine_falcon","/c/en/peregrine"],"weight":0.2134009999999997},"num_concepts_raised":422430},{"base_id":833,"kind":"bot_words","i1":0,"i2":4,"sol":{"path":["/c/en/bansuri","/c/en/flute","/c/en/solid","/c/en/coal","/c/en/charcoal"],"weight":0.2221799999999996},"num_concepts_raised":23521},{"base_id":833,"kind":"bot_words","i1":0,"i2":5,"sol":{"path":["/c/en/bansuri","/c/en/flute","/c/en/music","/c/en/false","/c/en/paranoia"],"weight":0.20936999999999995},"num_concepts_raised":6200},{"base_id":833,"kind":"bot_words","i1":0,"i2":6,"sol":{"path":["/c/en/bansuri","/c/en/flute","/c/la/zygia","/c/en/marriage","/c/en/bigamy","/c/en/bigamist"],"weight":0.21290229999999974},"num_concepts_raised":96415},{"base_id":833,"kind":"bot_words","i1":0,"i2":7,"sol":{"path":["/c/en/bansuri","/c/en/flute","/c/en/store","/c/en/change","/c/en/simplify"],"weight":0.20961999999999978},"num_concepts_raised":10535},{"base_id":833,"kind":"bot_words","i1":0,"i2":8,"sol":{"path":["/c/en/bansuri","/c/en/flute","/c/en/reed","/c/en/blasting"],"weight":0.20792999999999975},"num_concepts_raised":4135},{"base_id":833,"kind":"bot_words","i1":0,"i2":9,"sol":{"path":["/c/en/bansuri","/c/en/flute","/c/en/band","/c/en/hinder","/c/en/impeach"],"weight":0.20848999999999965},"num_concepts_raised":19480},{"base_id":833,"kind":"bot_words","i1":1,"i2":2,"sol":{"path":["/c/en/foment","/c/en/fomentation","/c/en/trigger","/c/en/record","/c/en/attested"],"weight":0.20672999999999964},"num_concepts_raised":26429},{"base_id":833,"kind":"bot_words","i1":1,"i2":3,"sol":{"path":["/c/en/foment","/c/en/medicine","/c/en/wandering","/c/en/peregrine"],"weight":0.20381999999999967},"num_concepts_raised":18265},{"base_id":833,"kind":"bot_words","i1":1,"i2":4,"sol":{"path":["/c/en/foment","/c/en/beath","/c/en/wood","/c/en/charcoal"],"weight":0.2144399999999995},"num_concepts_raised":36204},{"base_id":833,"kind":"bot_words","i1":1,"i2":5,"sol":{"path":["/c/en/foment","/c/en/medicine","/c/fr/paranoïaque","/c/en/paranoia"],"weight":0.2053099999999998},"num_concepts_raised":19002},{"base_id":833,"kind":"bot_words","i1":1,"i2":6,"sol":{"path":["/c/en/foment","/c/en/stupe","/c/en/person","/c/en/spouse","/c/en/bigamist"],"weight":0.2039399999999998},"num_concepts_raised":15111},{"base_id":833,"kind":"bot_words","i1":1,"i2":7,"sol":{"path":["/c/en/foment","/c/en/medicine","/c/en/reduce","/c/en/simplify"],"weight":0.20660999999999963},"num_concepts_raised":23373},{"base_id":833,"kind":"bot_words","i1":1,"i2":8,"sol":{"path":["/c/en/foment","/c/en/incite","/c/en/juggernaut","/c/en/destructive","/c/en/blasting"],"weight":0.20473999999999964},"num_concepts_raised":17090},{"base_id":833,"kind":"bot_words","i1":1,"i2":9,"sol":{"path":["/c/en/foment","/c/en/agitate","/c/en/charge","/c/en/impeach"],"weight":0.2041499999999995},"num_concepts_raised":32286},{"base_id":833,"kind":"bot_words","i1":2,"i2":3,"sol":{"path":["/c/en/attested","/c/en/evidence","/c/en/person","/c/en/pilgrim","/c/en/peregrine"],"weight":0.2044799999999998},"num_concepts_raised":15881},{"base_id":833,"kind":"bot_words","i1":2,"i2":4,"sol":{"path":["/c/en/attested","/c/en/good","/c/en/art","/c/en/charcoal"],"weight":0.2137299999999996},"num_concepts_raised":33810},{"base_id":833,"kind":"bot_words","i1":2,"i2":5,"sol":{"path":["/c/en/attested","/c/en/true","/c/en/false","/c/en/paranoia"],"weight":0.2045299999999999},"num_concepts_raised":16648},{"base_id":833,"kind":"bot_words","i1":2,"i2":6,"sol":{"path":["/c/en/attested","/c/en/evidence","/c/en/law","/c/en/bigamy","/c/en/bigamist"],"weight":0.20458999999999988},"num_concepts_raised":12724},{"base_id":833,"kind":"bot_words","i1":2,"i2":7,"sol":{"path":["/c/en/attested","/c/en/linguistics","/c/en/reduce","/c/en/simplify"],"weight":0.20593999999999973},"num_concepts_raised":20840},{"base_id":833,"kind":"bot_words","i1":2,"i2":8,"sol":{"path":["/c/en/attested","/c/en/attest","/c/en/show","/c/en/mining","/c/en/blasting"],"weight":0.20510999999999974},"num_concepts_raised":14729},{"base_id":833,"kind":"bot_words","i1":2,"i2":9,"sol":{"path":["/c/en/attested","/c/en/testimony","/c/en/impeach"],"weight":0.202},"num_concepts_raised":117},{"base_id":833,"kind":"bot_words","i1":3,"i2":4,"sol":{"path":["/c/en/peregrine","/c/en/pilgrim","/c/en/person","/c/en/coal","/c/en/charcoal"],"weight":0.2185799999999996},"num_concepts_raised":25809},{"base_id":833,"kind":"bot_words","i1":3,"i2":5,"sol":{"path":["/c/en/peregrine","/c/en/pilgrim","/c/en/person","/c/en/mistrust","/c/en/paranoia"],"weight":0.20583999999999997},"num_concepts_raised":8533},{"base_id":833,"kind":"bot_words","i1":3,"i2":6,"sol":{"path":["/c/en/peregrine","/c/en/pilgrim","/c/en/person","/c/en/spouse","/c/en/bigamist"],"weight":0.2047099999999999},"num_concepts_raised":4481},{"base_id":833,"kind":"bot_words","i1":3,"i2":7,"sol":{"path":["/c/en/peregrine","/c/la/per","/c/fr/par","/c/fr/simplifier","/c/en/simplify"],"weight":0.20803999999999978},"num_concepts_raised":12860},{"base_id":833,"kind":"bot_words","i1":3,"i2":8,"sol":{"path":["/c/en/peregrine","/c/en/pilgrim","/c/en/soccer","/c/en/blast","/c/en/blasting"],"weight":0.2043399999999998},"num_concepts_raised":6513},{"base_id":833,"kind":"bot_words","i1":3,"i2":9,"sol":{"path":["/c/en/peregrine","/c/en/alien","/c/en/legal","/c/en/impeach"],"weight":0.20364999999999966},"num_concepts_raised":21785},{"base_id":833,"kind":"bot_words","i1":4,"i2":5,"sol":{"path":["/c/en/charcoal","/c/en/heat","/c/en/extreme","/c/en/paranoia"],"weight":0.21513999999999978},"num_concepts_raised":26678},{"base_id":833,"kind":"bot_words","i1":4,"i2":6,"sol":{"path":["/c/en/charcoal","/c/en/coal","/c/en/person","/c/en/spouse","/c/en/bigamist"],"weight":0.21758999999999967},"num_concepts_raised":22690},{"base_id":833,"kind":"bot_words","i1":4,"i2":7,"sol":{"path":["/c/en/charcoal","/c/en/ash","/c/en/reduce","/c/en/simplify"],"weight":0.2166399999999996},"num_concepts_raised":30702},{"base_id":833,"kind":"bot_words","i1":4,"i2":8,"sol":{"path":["/c/en/charcoal","/c/en/coal","/c/en/mining","/c/en/blasting"],"weight":0.21721999999999952},"num_concepts_raised":24522},{"base_id":833,"kind":"bot_words","i1":4,"i2":9,"sol":{"path":["/c/en/charcoal","/c/en/coal","/c/en/legal","/c/en/impeach"],"weight":0.21763999999999945},"num_concepts_raised":39703},{"base_id":833,"kind":"bot_words","i1":5,"i2":6,"sol":{"path":["/c/en/paranoia","/c/en/disorder","/c/en/law","/c/en/bigamy","/c/en/bigamist"],"weight":0.20586000000000002},"num_concepts_raised":5349},{"base_id":833,"kind":"bot_words","i1":5,"i2":7,"sol":{"path":["/c/en/paranoia","/c/en/disorder","/c/en/change","/c/en/simplify"],"weight":0.2060999999999999},"num_concepts_raised":13704},{"base_id":833,"kind":"bot_words","i1":5,"i2":8,"sol":{"path":["/c/en/paranoia","/c/en/psychosis","/c/en/damage","/c/en/destructive","/c/en/blasting"],"weight":0.20546999999999987},"num_concepts_raised":7380},{"base_id":833,"kind":"bot_words","i1":5,"i2":9,"sol":{"path":["/c/en/paranoia","/c/en/accusation","/c/en/impeachment","/c/en/impeach"],"weight":0.20598999999999978},"num_concepts_raised":22498},{"base_id":833,"kind":"bot_words","i1":6,"i2":7,"sol":{"path":["/c/en/bigamist","/c/en/spouse","/c/en/catch","/c/en/change","/c/en/simplify"],"weight":0.20504999999999987},"num_concepts_raised":9687},{"base_id":833,"kind":"bot_words","i1":6,"i2":8,"sol":{"path":["/c/en/bigamist","/c/fr/bigame","/c/fr/fois","/c/no/gang","/c/en/mining","/c/en/blasting"],"weight":0.21274099999999974},"num_concepts_raised":426294},{"base_id":833,"kind":"bot_words","i1":6,"i2":9,"sol":{"path":["/c/en/bigamist","/c/fr/bigame","/c/fr/bigamie","/c/fr/droit","/c/en/impeach"],"weight":0.20710999999999974},"num_concepts_raised":18619},{"base_id":833,"kind":"bot_words","i1":7,"i2":8,"sol":{"path":["/c/en/simplify","/c/en/change","/c/en/destructive","/c/en/blasting"],"weight":0.20566999999999974},"num_concepts_raised":11660},{"base_id":833,"kind":"bot_words","i1":7,"i2":9,"sol":{"path":["/c/en/simplify","/c/en/reduce","/c/en/legal","/c/en/impeach"],"weight":0.2063499999999996},"num_concepts_raised":26804},{"base_id":833,"kind":"bot_words","i1":8,"i2":9,"sol":{"path":["/c/en/blasting","/c/en/reed","/c/en/charge","/c/en/impeach"],"weight":0.2034299999999996},"num_concepts_raised":20597}],[{"base_id":833,"kind":"top_words","i1":0,"i2":1,"sol":{"path":["/c/en/tensile","/c/en/ductile"],"weight":0.202},"num_concepts_raised":98},{"base_id":833,"kind":"top_words","i1":0,"i2":2,"sol":{"path":["/c/en/tensile","/c/en/ductile","/c/en/tin","/c/en/corrosion"],"weight":0.21028999999999962},"num_concepts_raised":21843},{"base_id":833,"kind":"top_words","i1":0,"i2":3,"sol":{"path":["/c/en/tensile","/c/en/tough","/c/en/fibrous","/c/en/fibre"],"weight":0.20610999999999913},"num_concepts_raised":40624},{"base_id":833,"kind":"top_words","i1":0,"i2":4,"sol":{"path":["/c/en/tensile","/c/en/ductile","/c/en/wire"],"weight":0.20600000000000002},"num_concepts_raised":726},{"base_id":833,"kind":"top_words","i1":0,"i2":5,"sol":{"path":["/c/en/tensile","/c/en/tension","/c/en/physics","/c/it/dielettrico","/c/en/insulating"],"weight":0.20525999999999994},"num_concepts_raised":6154},{"base_id":833,"kind":"top_words","i1":0,"i2":6,"sol":{"path":["/c/en/tensile","/c/en/split","/c/en/separate","/c/en/membrane"],"weight":0.21111999999999825},"num_concepts_raised":50227},{"base_id":833,"kind":"top_words","i1":0,"i2":7,"sol":{"path":["/c/en/tensile","/c/en/ductile","/c/en/tin","/c/en/solder"],"weight":0.20686999999999967},"num_concepts_raised":18291},{"base_id":833,"kind":"top_words","i1":0,"i2":8,"sol":{"path":["/c/en/tensile","/c/en/tough","/c/en/iron","/c/en/steel"],"weight":0.23269999999999835},"num_concepts_raised":170259},{"base_id":833,"kind":"top_words","i1":0,"i2":9,"sol":{"path":["/c/en/tensile","/c/en/tension","/c/en/brace","/c/en/truss"],"weight":0.2055699999999994},"num_concepts_raised":77017},{"base_id":833,"kind":"top_words","i1":1,"i2":2,"sol":{"path":["/c/en/ductile","/c/en/tin","/c/en/corrosion"],"weight":0.20400000000000001},"num_concepts_raised":251},{"base_id":833,"kind":"top_words","i1":1,"i2":3,"sol":{"path":["/c/en/ductile","/c/en/lead","/c/en/point","/c/en/fibre"],"weight":0.20792999999999912},"num_concepts_raised":49618},{"base_id":833,"kind":"top_words","i1":1,"i2":4,"sol":{"path":["/c/en/ductile","/c/en/wire"],"weight":0.20600000000000002},"num_concepts_raised":772},{"base_id":833,"kind":"top_words","i1":1,"i2":5,"sol":{"path":["/c/en/ductile","/c/en/metal","/c/en/pot","/c/en/insulating"],"weight":0.20418999999999993},"num_concepts_raised":15701},{"base_id":833,"kind":"top_words","i1":1,"i2":6,"sol":{"path":["/c/en/ductile","/c/en/flexible","/c/en/membrane"],"weight":0.203},"num_concepts_raised":675},{"base_id":833,"kind":"top_words","i1":1,"i2":7,"sol":{"path":["/c/en/ductile","/c/en/lead","/c/en/solder"],"weight":0.20400000000000001},"num_concepts_raised":258},{"base_id":833,"kind":"top_words","i1":1,"i2":8,"sol":{"path":["/c/en/ductile","/c/en/metal","/c/en/steel"],"weight":0.20600000000000002},"num_concepts_raised":1113},{"base_id":833,"kind":"top_words","i1":1,"i2":9,"sol":{"path":["/c/en/ductile","/c/en/lead","/c/en/slang","/c/en/truss"],"weight":0.20649999999999935},"num_concepts_raised":85719},{"base_id":833,"kind":"top_words","i1":2,"i2":3,"sol":{"path":["/c/en/corrosion","/c/en/erosion","/c/en/mathematics","/c/en/fibre"],"weight":0.21605999999999886},"num_concepts_raised":56059},{"base_id":833,"kind":"top_words","i1":2,"i2":4,"sol":{"path":["/c/en/corrosion","/c/en/rust","/c/en/metal","/c/en/wire"],"weight":0.2373299999999986},"num_concepts_raised":93116},{"base_id":833,"kind":"top_words","i1":2,"i2":5,"sol":{"path":["/c/en/corrosion","/c/en/dielectric_grease","/c/en/insulating"],"weight":0.20400000000000001},"num_concepts_raised":220},{"base_id":833,"kind":"top_words","i1":2,"i2":6,"sol":{"path":["/c/en/corrosion","/c/en/erosion","/c/en/mechanical","/c/en/membrane"],"weight":0.219939999999998},"num_concepts_raised":65357},{"base_id":833,"kind":"top_words","i1":2,"i2":7,"sol":{"path":["/c/en/corrosion","/c/en/tin","/c/en/solder"],"weight":0.20500000000000002},"num_concepts_raised":358},{"base_id":833,"kind":"top_words","i1":2,"i2":8,"sol":{"path":["/c/en/corrosion","/c/en/rust","/c/en/steel"],"weight":0.20900000000000002},"num_concepts_raised":1210},{"base_id":833,"kind":"top_words","i1":2,"i2":9,"sol":{"path":["/c/en/corrosion","/c/en/erosion","/c/en/medicine","/c/en/truss"],"weight":0.2144199999999991},"num_concepts_raised":92288},{"base_id":833,"kind":"top_words","i1":3,"i2":4,"sol":{"path":["/c/en/fibre","/c/da/tråd","/c/en/wire"],"weight":0.20700000000000002},"num_concepts_raised":978},{"base_id":833,"kind":"top_words","i1":3,"i2":5,"sol":{"path":["/c/en/fibre","/c/en/fiber","/c/en/polar_fleece","/c/en/insulating"],"weight":0.2085999999999992},"num_concepts_raised":40688},{"base_id":833,"kind":"top_words","i1":3,"i2":6,"sol":{"path":["/c/en/fibre","/c/en/cell","/c/en/membrane"],"weight":0.203},"num_concepts_raised":882},{"base_id":833,"kind":"top_words","i1":3,"i2":7,"sol":{"path":["/c/en/fibre","/c/fr/fibre","/c/fr/métallique","/c/en/solder"],"weight":0.21124999999999894},"num_concepts_raised":52258},{"base_id":833,"kind":"top_words","i1":3,"i2":8,"sol":{"path":["/c/en/fibre","/c/en/wood","/c/en/steel"],"weight":0.20500000000000002},"num_concepts_raised":1320},{"base_id":833,"kind":"top_words","i1":3,"i2":9,"sol":{"path":["/c/en/fibre","/c/bg/нишка","/c/en/botany","/c/en/truss"],"weight":0.20872999999999864},"num_concepts_raised":108662},{"base_id":833,"kind":"top_words","i1":4,"i2":5,"sol":{"path":["/c/en/wire","/c/en/bitter_electromagnet","/c/en/insulating"],"weight":0.20600000000000002},"num_concepts_raised":745},{"base_id":833,"kind":"top_words","i1":4,"i2":6,"sol":{"path":["/c/en/wire","/c/en/iris","/c/en/membrane"],"weight":0.20700000000000002},"num_concepts_raised":1297},{"base_id":833,"kind":"top_words","i1":4,"i2":7,"sol":{"path":["/c/en/wire","/c/en/metal","/c/en/solder"],"weight":0.20700000000000002},"num_concepts_raised":882},{"base_id":833,"kind":"top_words","i1":4,"i2":8,"sol":{"path":["/c/en/wire","/c/en/metal","/c/en/steel"],"weight":0.21100000000000002},"num_concepts_raised":1720},{"base_id":833,"kind":"top_words","i1":4,"i2":9,"sol":{"path":["/c/en/wire","/c/en/slang","/c/en/truss"],"weight":0.20700000000000002},"num_concepts_raised":869},{"base_id":833,"kind":"top_words","i1":5,"i2":6,"sol":{"path":["/c/en/insulating","/c/en/insulate","/c/en/separate","/c/en/membrane"],"weight":0.2125599999999983},"num_concepts_raised":50207},{"base_id":833,"kind":"top_words","i1":5,"i2":7,"sol":{"path":["/c/en/insulating","/c/en/pot","/c/en/tin","/c/en/solder"],"weight":0.20721999999999974},"num_concepts_raised":18320},{"base_id":833,"kind":"top_words","i1":5,"i2":8,"sol":{"path":["/c/en/insulating","/c/en/pot","/c/en/iron","/c/en/steel"],"weight":0.23310999999999843},"num_concepts_raised":170353},{"base_id":833,"kind":"top_words","i1":5,"i2":9,"sol":{"path":["/c/en/insulating","/c/es/aislador","/c/en/architecture","/c/en/truss"],"weight":0.20504999999999945},"num_concepts_raised":76941},{"base_id":833,"kind":"top_words","i1":6,"i2":7,"sol":{"path":["/c/en/membrane","/c/en/tangible_thing","/c/en/solder"],"weight":0.202},"num_concepts_raised":783},{"base_id":833,"kind":"top_words","i1":6,"i2":8,"sol":{"path":["/c/en/membrane","/c/en/cover","/c/en/steel"],"weight":0.20400000000000001},"num_concepts_raised":1638},{"base_id":833,"kind":"top_words","i1":6,"i2":9,"sol":{"path":["/c/en/membrane","/c/it/membrana","/c/en/botany","/c/en/truss"],"weight":0.21394999999999778},"num_concepts_raised":117200},{"base_id":833,"kind":"top_words","i1":7,"i2":8,"sol":{"path":["/c/en/solder","/c/en/metal","/c/en/steel"],"weight":0.20600000000000002},"num_concepts_raised":1219},{"base_id":833,"kind":"top_words","i1":7,"i2":9,"sol":{"path":["/c/en/solder","/c/en/bridge","/c/en/truss"],"weight":0.202},"num_concepts_raised":354},{"base_id":833,"kind":"top_words","i1":8,"i2":9,"sol":{"path":["/c/en/steel","/c/en/medicine","/c/en/truss"],"weight":0.20600000000000002},"num_concepts_raised":1203}]]