[[{"base_id":203,"kind":"bot_words","i1":0,"i2":1,"sol":{"path":["/c/en/tajik","/c/en/human","/c/en/forgive","/c/en/forgivable"],"weight":0.20901999999999987},"num_concepts_raised":16495},{"base_id":203,"kind":"bot_words","i1":0,"i2":2,"sol":{"path":["/c/en/tajik","/c/en/human","/c/en/touch","/c/en/nearness"],"weight":0.20982999999999957},"num_concepts_raised":22793},{"base_id":203,"kind":"bot_words","i1":0,"i2":3,"sol":{"path":["/c/en/tajik","/c/en/human","/c/en/shop","/c/en/warehouseman"],"weight":0.20902999999999988},"num_concepts_raised":27261},{"base_id":203,"kind":"bot_words","i1":0,"i2":4,"sol":{"path":["/c/en/tajik","/c/en/human","/c/en/native","/c/en/apollonian"],"weight":0.20884999999999987},"num_concepts_raised":22064},{"base_id":203,"kind":"bot_words","i1":0,"i2":5,"sol":{"path":["/c/en/tajik","/c/en/person","/c/en/insane","/c/en/frenetic"],"weight":0.2093399999999998},"num_concepts_raised":30791},{"base_id":203,"kind":"bot_words","i1":0,"i2":6,"sol":{"path":["/c/en/tajik","/c/en/human","/c/en/khasi","/c/en/meghalaya"],"weight":0.20882999999999974},"num_concepts_raised":17578},{"base_id":203,"kind":"bot_words","i1":0,"i2":7,"sol":{"path":["/c/en/tajik","/c/en/ethnic_group","/c/en/identify","/c/en/classify"],"weight":0.21328999999999954},"num_concepts_raised":37981},{"base_id":203,"kind":"bot_words","i1":0,"i2":8,"sol":{"path":["/c/en/tajik","/c/en/human","/c/en/energy","/c/en/invigorating","/c/en/stimulating"],"weight":0.21208999999999978},"num_concepts_raised":20115},{"base_id":203,"kind":"bot_words","i1":0,"i2":9,"sol":{"path":["/c/en/tajik","/c/en/person","/c/en/sport","/c/en/snowboarding"],"weight":0.21770999999999963},"num_concepts_raised":27703},{"base_id":203,"kind":"bot_words","i1":1,"i2":2,"sol":{"path":["/c/en/forgivable","/c/en/forgive","/c/en/talk_to","/c/en/near","/c/en/nearness"],"weight":0.20567999999999967},"num_concepts_raised":7820},{"base_id":203,"kind":"bot_words","i1":1,"i2":3,"sol":{"path":["/c/en/forgivable","/c/en/venial","/c/en/mortal","/c/en/uk","/c/en/warehouseman"],"weight":0.20355999999999996},"num_concepts_raised":12464},{"base_id":203,"kind":"bot_words","i1":1,"i2":4,"sol":{"path":["/c/en/forgivable","/c/en/forgiven","/c/en/person","/c/en/restrained","/c/en/apollonian"],"weight":0.20329999999999998},"num_concepts_raised":7099},{"base_id":203,"kind":"bot_words","i1":1,"i2":5,"sol":{"path":["/c/en/forgivable","/c/en/forgiven","/c/en/person","/c/en/insane","/c/en/frenetic"],"weight":0.20380999999999994},"num_concepts_raised":15902},{"base_id":203,"kind":"bot_words","i1":1,"i2":6,"sol":{"path":["/c/en/forgivable","/c/en/forgiven","/c/en/person","/c/en/khasi","/c/en/meghalaya"],"weight":0.20326999999999984},"num_concepts_raised":2497},{"base_id":203,"kind":"bot_words","i1":1,"i2":7,"sol":{"path":["/c/en/forgivable","/c/en/forgive","/c/en/people","/c/en/class","/c/en/classify"],"weight":0.20936999999999964},"num_concepts_raised":23387},{"base_id":203,"kind":"bot_words","i1":1,"i2":8,"sol":{"path":["/c/en/forgivable","/c/en/forgive","/c/en/love","/c/en/strong","/c/en/stimulating"],"weight":0.2044299999999999},"num_concepts_raised":5107},{"base_id":203,"kind":"bot_words","i1":1,"i2":9,"sol":{"path":["/c/en/forgivable","/c/en/forgiven","/c/en/person","/c/en/sport","/c/en/snowboarding"],"weight":0.21217999999999976},"num_concepts_raised":12870},{"base_id":203,"kind":"bot_words","i1":2,"i2":3,"sol":{"path":["/c/en/nearness","/c/en/distance","/c/en/work","/c/en/warehouseman"],"weight":0.2054099999999997},"num_concepts_raised":18714},{"base_id":203,"kind":"bot_words","i1":2,"i2":4,"sol":{"path":["/c/en/nearness","/c/en/near","/c/en/clear","/c/en/apollonian"],"weight":0.20549999999999968},"num_concepts_raised":13475},{"base_id":203,"kind":"bot_words","i1":2,"i2":5,"sol":{"path":["/c/en/nearness","/c/en/distance","/c/en/energy","/c/en/frenetic"],"weight":0.20565999999999962},"num_concepts_raised":22216},{"base_id":203,"kind":"bot_words","i1":2,"i2":6,"sol":{"path":["/c/en/nearness","/c/en/distance","/c/en/reach","/c/en/india","/c/en/meghalaya"],"weight":0.20529999999999954},"num_concepts_raised":8931},{"base_id":203,"kind":"bot_words","i1":2,"i2":7,"sol":{"path":["/c/en/nearness","/c/en/proximity","/c/en/relegate","/c/en/classify"],"weight":0.21066999999999936},"num_concepts_raised":29408},{"base_id":203,"kind":"bot_words","i1":2,"i2":8,"sol":{"path":["/c/en/nearness","/c/en/touch","/c/ms/merangsang","/c/en/stimulating"],"weight":0.20525999999999958},"num_concepts_raised":11454},{"base_id":203,"kind":"bot_words","i1":2,"i2":9,"sol":{"path":["/c/en/nearness","/c/en/near","/c/en/air","/c/en/snowboarding"],"weight":0.21213999999999944},"num_concepts_raised":19069},{"base_id":203,"kind":"bot_words","i1":3,"i2":4,"sol":{"path":["/c/en/warehouseman","/c/en/warehouse","/c/en/space","/c/en/apollo","/c/en/apollonian"],"weight":0.20545999999999998},"num_concepts_raised":18109},{"base_id":203,"kind":"bot_words","i1":3,"i2":5,"sol":{"path":["/c/en/warehouseman","/c/en/work","/c/en/energy","/c/en/frenetic"],"weight":0.20377999999999993},"num_concepts_raised":26770},{"base_id":203,"kind":"bot_words","i1":3,"i2":6,"sol":{"path":["/c/en/warehouseman","/c/en/warehouse","/c/en/godown","/c/en/india","/c/en/meghalaya"],"weight":0.20441999999999985},"num_concepts_raised":13553},{"base_id":203,"kind":"bot_words","i1":3,"i2":7,"sol":{"path":["/c/en/warehouseman","/c/en/uk","/c/en/size","/c/en/classify"],"weight":0.20779999999999965},"num_concepts_raised":33915},{"base_id":203,"kind":"bot_words","i1":3,"i2":8,"sol":{"path":["/c/en/warehouseman","/c/en/work","/c/en/stimulate","/c/en/stimulating"],"weight":0.20550999999999991},"num_concepts_raised":16075},{"base_id":203,"kind":"bot_words","i1":3,"i2":9,"sol":{"path":["/c/en/warehouseman","/c/en/uk","/c/en/regular","/c/en/snowboarding"],"weight":0.20993999999999974},"num_concepts_raised":23635},{"base_id":203,"kind":"bot_words","i1":4,"i2":5,"sol":{"path":["/c/en/apollonian","/c/en/dionysian","/c/en/wild","/c/en/frantic","/c/en/frenetic"],"weight":0.20796999999999993},"num_concepts_raised":21541},{"base_id":203,"kind":"bot_words","i1":4,"i2":6,"sol":{"path":["/c/en/apollonian","/c/en/apollo","/c/en/earth","/c/en/india","/c/en/meghalaya"],"weight":0.20427999999999982},"num_concepts_raised":8194},{"base_id":203,"kind":"bot_words","i1":4,"i2":7,"sol":{"path":["/c/en/apollonian","/c/en/clear","/c/en/separate","/c/en/classify"],"weight":0.20704999999999962},"num_concepts_raised":28918},{"base_id":203,"kind":"bot_words","i1":4,"i2":8,"sol":{"path":["/c/en/apollonian","/c/en/clear","/c/ja/爽やか","/c/en/invigorating","/c/en/stimulating"],"weight":0.2063199999999999},"num_concepts_raised":10788},{"base_id":203,"kind":"bot_words","i1":4,"i2":9,"sol":{"path":["/c/en/apollonian","/c/en/restrained","/c/en/regular","/c/en/snowboarding"],"weight":0.20974999999999971},"num_concepts_raised":18453},{"base_id":203,"kind":"bot_words","i1":5,"i2":6,"sol":{"path":["/c/en/frenetic","/c/en/frenzy","/c/en/mass","/c/sa/मेघ","/c/en/meghalaya"],"weight":0.2046599999999998},"num_concepts_raised":17007},{"base_id":203,"kind":"bot_words","i1":5,"i2":7,"sol":{"path":["/c/en/frenetic","/c/en/fast","/c/ar/رتب","/c/en/classify"],"weight":0.2080399999999996},"num_concepts_raised":37650},{"base_id":203,"kind":"bot_words","i1":5,"i2":8,"sol":{"path":["/c/en/frenetic","/c/en/energy","/c/en/invigorating","/c/en/stimulating"],"weight":0.20677999999999985},"num_concepts_raised":19433},{"base_id":203,"kind":"bot_words","i1":5,"i2":9,"sol":{"path":["/c/en/frenetic","/c/en/fast","/c/en/wheel","/c/en/snowboard","/c/en/snowboarding"],"weight":0.21459999999999968},"num_concepts_raised":27125},{"base_id":203,"kind":"bot_words","i1":6,"i2":7,"sol":{"path":["/c/en/meghalaya","/c/en/india","/c/en/state","/c/en/class","/c/en/classify"],"weight":0.2091799999999995},"num_concepts_raised":24472},{"base_id":203,"kind":"bot_words","i1":6,"i2":8,"sol":{"path":["/c/en/meghalaya","/c/en/india","/c/en/wind","/c/en/moving","/c/en/stimulating"],"weight":0.20529999999999976},"num_concepts_raised":6219},{"base_id":203,"kind":"bot_words","i1":6,"i2":9,"sol":{"path":["/c/en/meghalaya","/c/en/india","/c/en/bandy","/c/en/sport","/c/en/snowboarding"],"weight":0.2120299999999996},"num_concepts_raised":13965},{"base_id":203,"kind":"bot_words","i1":7,"i2":8,"sol":{"path":["/c/en/classify","/c/en/rank","/c/en/strong","/c/en/stimulating"],"weight":0.20901999999999957},"num_concepts_raised":26991},{"base_id":203,"kind":"bot_words","i1":7,"i2":9,"sol":{"path":["/c/en/classify","/c/en/size","/c/en/regular","/c/en/snowboarding"],"weight":0.2143199999999994},"num_concepts_raised":34398},{"base_id":203,"kind":"bot_words","i1":8,"i2":9,"sol":{"path":["/c/en/stimulating","/c/en/exciting","/c/en/surfing","/c/en/snowboarding"],"weight":0.21229999999999966},"num_concepts_raised":16441}],[{"base_id":203,"kind":"top_words","i1":0,"i2":1,"sol":{"path":["/c/en/mm","/c/en/88","/c/en/cardinal","/c/en/86"],"weight":0.20919999999999972},"num_concepts_raised":31703},{"base_id":203,"kind":"top_words","i1":0,"i2":2,"sol":{"path":["/c/en/mm","/c/en/88"],"weight":0.20400000000000001},"num_concepts_raised":76},{"base_id":203,"kind":"top_words","i1":0,"i2":3,"sol":{"path":["/c/en/mm","/c/en/sand","/c/en/geology","/c/en/triassic"],"weight":0.21475999999999965},"num_concepts_raised":21320},{"base_id":203,"kind":"top_words","i1":0,"i2":4,"sol":{"path":["/c/en/mm","/c/en/88","/c/en/cardinal","/c/en/79"],"weight":0.21519999999999972},"num_concepts_raised":21566},{"base_id":203,"kind":"top_words","i1":0,"i2":5,"sol":{"path":["/c/en/mm","/c/en/88","/c/en/cardinal","/c/en/63"],"weight":0.2151299999999997},"num_concepts_raised":23488},{"base_id":203,"kind":"top_words","i1":0,"i2":6,"sol":{"path":["/c/en/mm","/c/en/88","/c/en/cardinal","/c/en/73"],"weight":0.2151599999999997},"num_concepts_raised":21920},{"base_id":203,"kind":"top_words","i1":0,"i2":7,"sol":{"path":["/c/en/mm","/c/en/88","/c/en/cardinal","/c/en/91"],"weight":0.2150999999999997},"num_concepts_raised":21573},{"base_id":203,"kind":"top_words","i1":0,"i2":8,"sol":{"path":["/c/en/mm","/c/en/sand","/c/en/window","/c/en/hatch","/c/en/crosshatch"],"weight":0.20904999999999974},"num_concepts_raised":16589},{"base_id":203,"kind":"top_words","i1":0,"i2":9,"sol":{"path":["/c/en/mm","/c/en/manga","/c/en/x"],"weight":0.20800000000000002},"num_concepts_raised":200},{"base_id":203,"kind":"top_words","i1":1,"i2":2,"sol":{"path":["/c/en/86","/c/en/cardinal","/c/en/88"],"weight":0.20400000000000001},"num_concepts_raised":55},{"base_id":203,"kind":"top_words","i1":1,"i2":3,"sol":{"path":["/c/en/86","/c/en/order","/c/en/ichthyosaurus","/c/en/triassic"],"weight":0.20924999999999977},"num_concepts_raised":23620},{"base_id":203,"kind":"top_words","i1":1,"i2":4,"sol":{"path":["/c/en/86","/c/en/cardinal","/c/en/79"],"weight":0.20600000000000002},"num_concepts_raised":60},{"base_id":203,"kind":"top_words","i1":1,"i2":5,"sol":{"path":["/c/en/86","/c/en/cardinal","/c/en/63"],"weight":0.20600000000000002},"num_concepts_raised":57},{"base_id":203,"kind":"top_words","i1":1,"i2":6,"sol":{"path":["/c/en/86","/c/en/cardinal","/c/en/73"],"weight":0.20600000000000002},"num_concepts_raised":58},{"base_id":203,"kind":"top_words","i1":1,"i2":7,"sol":{"path":["/c/en/86","/c/en/cardinal","/c/en/91"],"weight":0.20600000000000002},"num_concepts_raised":57},{"base_id":203,"kind":"top_words","i1":1,"i2":8,"sol":{"path":["/c/en/86","/c/en/order","/c/en/shade","/c/en/crosshatch"],"weight":0.20286999999999988},"num_concepts_raised":18815},{"base_id":203,"kind":"top_words","i1":1,"i2":9,"sol":{"path":["/c/en/86","/c/en/bar","/c/en/cross","/c/en/x"],"weight":0.21812999999999957},"num_concepts_raised":55014},{"base_id":203,"kind":"top_words","i1":2,"i2":3,"sol":{"path":["/c/en/88","/c/en/military","/c/en/era","/c/en/triassic"],"weight":0.2091699999999998},"num_concepts_raised":21117},{"base_id":203,"kind":"top_words","i1":2,"i2":4,"sol":{"path":["/c/en/88","/c/en/cardinal","/c/en/79"],"weight":0.20600000000000002},"num_concepts_raised":56},{"base_id":203,"kind":"top_words","i1":2,"i2":5,"sol":{"path":["/c/en/88","/c/en/cardinal","/c/en/63"],"weight":0.20600000000000002},"num_concepts_raised":53},{"base_id":203,"kind":"top_words","i1":2,"i2":6,"sol":{"path":["/c/en/88","/c/en/cardinal","/c/en/73"],"weight":0.20600000000000002},"num_concepts_raised":52},{"base_id":203,"kind":"top_words","i1":2,"i2":7,"sol":{"path":["/c/en/88","/c/en/cardinal","/c/en/91"],"weight":0.20600000000000002},"num_concepts_raised":53},{"base_id":203,"kind":"top_words","i1":2,"i2":8,"sol":{"path":["/c/en/88","/c/en/cardinal","/c/en/fish","/c/en/hatch","/c/en/crosshatch"],"weight":0.20479999999999987},"num_concepts_raised":16315},{"base_id":203,"kind":"top_words","i1":2,"i2":9,"sol":{"path":["/c/en/88","/c/en/xoxo","/c/en/x"],"weight":0.20700000000000002},"num_concepts_raised":174},{"base_id":203,"kind":"top_words","i1":3,"i2":4,"sol":{"path":["/c/en/triassic","/c/en/period","/c/en/historical","/c/en/cardinal","/c/en/79"],"weight":0.21646999999999977},"num_concepts_raised":13280},{"base_id":203,"kind":"top_words","i1":3,"i2":5,"sol":{"path":["/c/en/triassic","/c/en/period","/c/en/historical","/c/en/cardinal","/c/en/63"],"weight":0.21639999999999976},"num_concepts_raised":15271},{"base_id":203,"kind":"top_words","i1":3,"i2":6,"sol":{"path":["/c/en/triassic","/c/en/period","/c/en/historical","/c/en/cardinal","/c/en/73"],"weight":0.21640999999999977},"num_concepts_raised":13682},{"base_id":203,"kind":"top_words","i1":3,"i2":7,"sol":{"path":["/c/en/triassic","/c/en/period","/c/en/historical","/c/en/cardinal","/c/en/91"],"weight":0.21636999999999976},"num_concepts_raised":13287},{"base_id":203,"kind":"top_words","i1":3,"i2":8,"sol":{"path":["/c/en/triassic","/c/en/geology","/c/en/cupola","/c/en/hatch","/c/en/crosshatch"],"weight":0.2104599999999998},"num_concepts_raised":8301},{"base_id":203,"kind":"top_words","i1":3,"i2":9,"sol":{"path":["/c/en/triassic","/c/en/ic","/c/en/slang","/c/en/x"],"weight":0.2222499999999995},"num_concepts_raised":45287},{"base_id":203,"kind":"top_words","i1":4,"i2":5,"sol":{"path":["/c/en/79","/c/en/cardinal","/c/en/63"],"weight":0.20800000000000002},"num_concepts_raised":58},{"base_id":203,"kind":"top_words","i1":4,"i2":6,"sol":{"path":["/c/en/79","/c/en/cardinal","/c/en/73"],"weight":0.20800000000000002},"num_concepts_raised":59},{"base_id":203,"kind":"top_words","i1":4,"i2":7,"sol":{"path":["/c/en/79","/c/en/cardinal","/c/en/91"],"weight":0.20800000000000002},"num_concepts_raised":57},{"base_id":203,"kind":"top_words","i1":4,"i2":8,"sol":{"path":["/c/en/79","/c/en/cardinal","/c/en/fish","/c/en/hatch","/c/en/crosshatch"],"weight":0.21096999999999985},"num_concepts_raised":8465},{"base_id":203,"kind":"top_words","i1":4,"i2":9,"sol":{"path":["/c/en/79","/c/en/cardinal","/c/en/ten","/c/en/x"],"weight":0.22297999999999957},"num_concepts_raised":45382},{"base_id":203,"kind":"top_words","i1":5,"i2":6,"sol":{"path":["/c/en/63","/c/en/cardinal","/c/en/73"],"weight":0.20800000000000002},"num_concepts_raised":56},{"base_id":203,"kind":"top_words","i1":5,"i2":7,"sol":{"path":["/c/en/63","/c/en/cardinal","/c/en/91"],"weight":0.20800000000000002},"num_concepts_raised":55},{"base_id":203,"kind":"top_words","i1":5,"i2":8,"sol":{"path":["/c/en/63","/c/en/cardinal","/c/en/fish","/c/en/hatch","/c/en/crosshatch"],"weight":0.21089999999999987},"num_concepts_raised":10452},{"base_id":203,"kind":"top_words","i1":5,"i2":9,"sol":{"path":["/c/en/63","/c/en/cardinal","/c/en/ten","/c/en/x"],"weight":0.22290999999999955},"num_concepts_raised":47054},{"base_id":203,"kind":"top_words","i1":6,"i2":7,"sol":{"path":["/c/en/73","/c/en/cardinal","/c/en/91"],"weight":0.20800000000000002},"num_concepts_raised":56},{"base_id":203,"kind":"top_words","i1":6,"i2":8,"sol":{"path":["/c/en/73","/c/en/cardinal","/c/en/fish","/c/en/hatch","/c/en/crosshatch"],"weight":0.21090999999999985},"num_concepts_raised":8865},{"base_id":203,"kind":"top_words","i1":6,"i2":9,"sol":{"path":["/c/en/73","/c/en/cardinal","/c/en/ten","/c/en/x"],"weight":0.22291999999999956},"num_concepts_raised":45739},{"base_id":203,"kind":"top_words","i1":7,"i2":8,"sol":{"path":["/c/en/91","/c/en/cardinal","/c/en/fish","/c/en/hatch","/c/en/crosshatch"],"weight":0.21086999999999984},"num_concepts_raised":8471},{"base_id":203,"kind":"top_words","i1":7,"i2":9,"sol":{"path":["/c/en/91","/c/en/cardinal","/c/en/ten","/c/en/x"],"weight":0.22287999999999955},"num_concepts_raised":45389},{"base_id":203,"kind":"top_words","i1":8,"i2":9,"sol":{"path":["/c/en/crosshatch","/c/en/lines","/c/en/cross","/c/en/x"],"weight":0.21792999999999957},"num_concepts_raised":40519}]]