[[{"base_id":433,"kind":"bot_words","i1":0,"i2":1,"sol":{"path":["/c/en/inspired","/c/en/person","/c/en/romance","/c/en/romanticism"],"weight":0.21727999999999958},"num_concepts_raised":27286},{"base_id":433,"kind":"bot_words","i1":0,"i2":2,"sol":{"path":["/c/en/inspired","/c/en/glorious","/c/en/gold","/c/en/expensive","/c/en/expensively"],"weight":0.2060499999999998},"num_concepts_raised":17094},{"base_id":433,"kind":"bot_words","i1":0,"i2":3,"sol":{"path":["/c/en/inspired","/c/en/inspiration","/c/en/idea","/c/en/eye","/c/en/corneal"],"weight":0.20494999999999972},"num_concepts_raised":17867},{"base_id":433,"kind":"bot_words","i1":0,"i2":4,"sol":{"path":["/c/en/inspired","/c/en/inspiration","/c/en/physiology","/c/en/vor","/c/en/vhf"],"weight":0.20470999999999967},"num_concepts_raised":15803},{"base_id":433,"kind":"bot_words","i1":0,"i2":5,"sol":{"path":["/c/en/inspired","/c/en/person","/c/en/nose","/c/en/rhino"],"weight":0.21142999999999948},"num_concepts_raised":36951},{"base_id":433,"kind":"bot_words","i1":0,"i2":6,"sol":{"path":["/c/en/inspired","/c/en/person","/c/en/freeze","/c/en/solidify"],"weight":0.2144099999999995},"num_concepts_raised":32676},{"base_id":433,"kind":"bot_words","i1":0,"i2":7,"sol":{"path":["/c/en/inspired","/c/en/person","/c/en/laugh","/c/en/joke"],"weight":0.21676999999999816},"num_concepts_raised":47000},{"base_id":433,"kind":"bot_words","i1":0,"i2":8,"sol":{"path":["/c/en/inspired","/c/en/person","/c/en/rus","/c/en/belarus"],"weight":0.21442000000000005},"num_concepts_raised":21974},{"base_id":433,"kind":"bot_words","i1":0,"i2":9,"sol":{"path":["/c/en/inspired","/c/en/person","/c/en/polish","/c/en/warsaw"],"weight":0.2046599999999995},"num_concepts_raised":23228},{"base_id":433,"kind":"bot_words","i1":1,"i2":2,"sol":{"path":["/c/en/romanticism","/c/en/quality","/c/en/expensive","/c/en/expensively"],"weight":0.21571999999999997},"num_concepts_raised":13815},{"base_id":433,"kind":"bot_words","i1":1,"i2":3,"sol":{"path":["/c/en/romanticism","/c/en/romantic","/c/en/attention","/c/en/eye","/c/en/corneal"],"weight":0.2186199999999999},"num_concepts_raised":14608},{"base_id":433,"kind":"bot_words","i1":1,"i2":4,"sol":{"path":["/c/en/romanticism","/c/en/music","/c/en/superband","/c/en/vhf"],"weight":0.21422999999999984},"num_concepts_raised":12517},{"base_id":433,"kind":"bot_words","i1":1,"i2":5,"sol":{"path":["/c/en/romanticism","/c/en/arts","/c/en/software","/c/en/rhino"],"weight":0.21995999999999966},"num_concepts_raised":33860},{"base_id":433,"kind":"bot_words","i1":1,"i2":6,"sol":{"path":["/c/en/romanticism","/c/en/music","/c/en/set","/c/en/solidify"],"weight":0.22290999999999966},"num_concepts_raised":29256},{"base_id":433,"kind":"bot_words","i1":1,"i2":7,"sol":{"path":["/c/en/romanticism","/c/en/emotion","/c/en/laugh","/c/en/joke"],"weight":0.22727999999999832},"num_concepts_raised":43908},{"base_id":433,"kind":"bot_words","i1":1,"i2":8,"sol":{"path":["/c/en/romanticism","/c/en/music","/c/en/country","/c/en/belarus"],"weight":0.22723000000000024},"num_concepts_raised":18739},{"base_id":433,"kind":"bot_words","i1":1,"i2":9,"sol":{"path":["/c/en/romanticism","/c/en/byron","/c/en/usa","/c/en/warsaw"],"weight":0.2153399999999997},"num_concepts_raised":19964},{"base_id":433,"kind":"bot_words","i1":2,"i2":3,"sol":{"path":["/c/en/expensively","/c/en/expensive","/c/en/ring","/c/en/eye","/c/en/corneal"],"weight":0.20448000000000008},"num_concepts_raised":4175},{"base_id":433,"kind":"bot_words","i1":2,"i2":4,"sol":{"path":["/c/en/expensively","/c/en/expensive","/c/en/price","/c/en/tv","/c/en/very_high_frequency","/c/en/vhf"],"weight":0.21056259999999993},"num_concepts_raised":208244},{"base_id":433,"kind":"bot_words","i1":2,"i2":5,"sol":{"path":["/c/en/expensively","/c/en/expensive","/c/en/money","/c/en/rhino"],"weight":0.21005999999999986},"num_concepts_raised":23757},{"base_id":433,"kind":"bot_words","i1":2,"i2":6,"sol":{"path":["/c/en/expensively","/c/en/expensive","/c/en/computer","/c/en/freeze","/c/en/solidify"],"weight":0.21518999999999983},"num_concepts_raised":19086},{"base_id":433,"kind":"bot_words","i1":2,"i2":7,"sol":{"path":["/c/en/expensively","/c/en/expensive","/c/en/fun","/c/fr/plaisanterie","/c/en/joke"],"weight":0.21854999999999852},"num_concepts_raised":34120},{"base_id":433,"kind":"bot_words","i1":2,"i2":8,"sol":{"path":["/c/en/expensively","/c/en/expensive","/c/en/china","/c/en/country","/c/en/belarus"],"weight":0.21730000000000044},"num_concepts_raised":8339},{"base_id":433,"kind":"bot_words","i1":2,"i2":9,"sol":{"path":["/c/en/expensively","/c/en/expensive","/c/en/car","/c/pl/warszawa","/c/en/warsaw"],"weight":0.20641999999999985},"num_concepts_raised":9591},{"base_id":433,"kind":"bot_words","i1":3,"i2":4,"sol":{"path":["/c/en/corneal","/c/en/eye","/c/en/measles","/c/en/viral_infection","/c/en/vhf"],"weight":0.20289999999999994},"num_concepts_raised":2864},{"base_id":433,"kind":"bot_words","i1":3,"i2":5,"sol":{"path":["/c/en/corneal","/c/en/eye","/c/en/nose","/c/en/rhino"],"weight":0.21085999999999977},"num_concepts_raised":24451},{"base_id":433,"kind":"bot_words","i1":3,"i2":6,"sol":{"path":["/c/en/corneal","/c/en/cryolathe","/c/en/freeze","/c/en/solidify"],"weight":0.2137099999999998},"num_concepts_raised":19858},{"base_id":433,"kind":"bot_words","i1":3,"i2":7,"sol":{"path":["/c/en/corneal","/c/en/eye","/c/en/laugh","/c/en/joke"],"weight":0.21600999999999843},"num_concepts_raised":34776},{"base_id":433,"kind":"bot_words","i1":3,"i2":8,"sol":{"path":["/c/en/corneal","/c/en/eye","/c/en/part","/c/en/country","/c/en/belarus"],"weight":0.21590000000000037},"num_concepts_raised":9148},{"base_id":433,"kind":"bot_words","i1":3,"i2":9,"sol":{"path":["/c/en/corneal","/c/en/eye","/c/fr/ville","/c/fr/varsovie","/c/en/warsaw"],"weight":0.2054499999999998},"num_concepts_raised":10401},{"base_id":433,"kind":"bot_words","i1":4,"i2":5,"sol":{"path":["/c/en/vhf","/c/en/viral_infection","/c/en/common_cold","/c/en/nose","/c/en/rhino"],"weight":0.2106299999999997},"num_concepts_raised":22485},{"base_id":433,"kind":"bot_words","i1":4,"i2":6,"sol":{"path":["/c/en/vhf","/c/en/hyperband","/c/en/band","/c/en/set","/c/en/solidify"],"weight":0.2114099999999997},"num_concepts_raised":17784},{"base_id":433,"kind":"bot_words","i1":4,"i2":7,"sol":{"path":["/c/en/vhf","/c/en/sw","/c/en/legal","/c/en/gag","/c/en/joke"],"weight":0.21673999999999838},"num_concepts_raised":32843},{"base_id":433,"kind":"bot_words","i1":4,"i2":8,"sol":{"path":["/c/en/vhf","/c/en/rf","/c/en/russian_federation","/c/en/byelorussian_ssr","/c/en/belarus"],"weight":0.2157200000000003},"num_concepts_raised":7031},{"base_id":433,"kind":"bot_words","i1":4,"i2":9,"sol":{"path":["/c/en/vhf","/c/en/sw","/c/en/n","/c/en/warsaw"],"weight":0.20384999999999975},"num_concepts_raised":8287},{"base_id":433,"kind":"bot_words","i1":5,"i2":6,"sol":{"path":["/c/en/rhino","/c/en/slang","/c/en/set","/c/en/solidify"],"weight":0.21719999999999956},"num_concepts_raised":39151},{"base_id":433,"kind":"bot_words","i1":5,"i2":7,"sol":{"path":["/c/en/rhino","/c/en/nose","/c/en/clown","/c/en/joke"],"weight":0.22143999999999822},"num_concepts_raised":53100},{"base_id":433,"kind":"bot_words","i1":5,"i2":8,"sol":{"path":["/c/en/rhino","/c/en/slang","/c/en/bug","/c/en/belarus"],"weight":0.21933000000000014},"num_concepts_raised":28584},{"base_id":433,"kind":"bot_words","i1":5,"i2":9,"sol":{"path":["/c/en/rhino","/c/en/money","/c/en/usa","/c/en/warsaw"],"weight":0.20968999999999957},"num_concepts_raised":29790},{"base_id":433,"kind":"bot_words","i1":6,"i2":7,"sol":{"path":["/c/en/solidify","/c/en/freeze","/c/en/act","/c/en/joke"],"weight":0.22445999999999822},"num_concepts_raised":49392},{"base_id":433,"kind":"bot_words","i1":6,"i2":8,"sol":{"path":["/c/en/solidify","/c/en/freeze","/c/en/state","/c/en/country","/c/en/belarus"],"weight":0.22666000000000014},"num_concepts_raised":24018},{"base_id":433,"kind":"bot_words","i1":6,"i2":9,"sol":{"path":["/c/en/solidify","/c/en/freeze","/c/en/state","/c/en/usa","/c/en/warsaw"],"weight":0.21488999999999958},"num_concepts_raised":25246},{"base_id":433,"kind":"bot_words","i1":7,"i2":8,"sol":{"path":["/c/en/joke","/c/en/comedy","/c/en/historical","/c/en/white_russia","/c/en/belarus"],"weight":0.22982999999999879},"num_concepts_raised":38957},{"base_id":433,"kind":"bot_words","i1":7,"i2":9,"sol":{"path":["/c/en/joke","/c/en/gag","/c/en/rag","/c/en/polish","/c/en/warsaw"],"weight":0.21786999999999823},"num_concepts_raised":40167},{"base_id":433,"kind":"bot_words","i1":8,"i2":9,"sol":{"path":["/c/en/belarus","/c/en/country","/c/en/poland","/c/en/warsaw"],"weight":0.21909000000000015},"num_concepts_raised":14402}],[{"base_id":433,"kind":"top_words","i1":0,"i2":1,"sol":{"path":["/c/en/bubo","/c/en/pathology","/c/en/quiescent","/c/en/quiet","/c/en/quieten"],"weight":0.20770999999999962},"num_concepts_raised":12826},{"base_id":433,"kind":"top_words","i1":0,"i2":2,"sol":{"path":["/c/en/bubo","/c/en/groin","/c/en/body","/c/en/head"],"weight":0.2548100000000174},"num_concepts_raised":307993},{"base_id":433,"kind":"top_words","i1":0,"i2":3,"sol":{"path":["/c/en/bubo","/c/en/groin","/c/en/ground","/c/en/conductor"],"weight":0.2151699999999992},"num_concepts_raised":71125},{"base_id":433,"kind":"top_words","i1":0,"i2":4,"sol":{"path":["/c/en/bubo","/c/en/pathology","/c/en/growth","/c/en/plant","/c/en/fritillary"],"weight":0.20374999999999988},"num_concepts_raised":16090},{"base_id":433,"kind":"top_words","i1":0,"i2":5,"sol":{"path":["/c/en/bubo","/c/en/groin","/c/en/architecture","/c/en/choir","/c/en/chorister"],"weight":0.20496999999999996},"num_concepts_raised":10583},{"base_id":433,"kind":"top_words","i1":0,"i2":6,"sol":{"path":["/c/en/bubo","/c/en/syphilis","/c/en/person","/c/en/seven","/c/en/sevenfold"],"weight":0.2044199999999999},"num_concepts_raised":8945},{"base_id":433,"kind":"top_words","i1":0,"i2":7,"sol":{"path":["/c/en/bubo","/c/en/bubonic_plague","/c/en/diarrhea","/c/en/uk","/c/en/frit"],"weight":0.20430999999999985},"num_concepts_raised":18822},{"base_id":433,"kind":"top_words","i1":0,"i2":8,"sol":{"path":["/c/en/bubo","/c/fi/paise","/c/en/abscess","/c/en/head","/c/en/heads"],"weight":0.20766999999999997},"num_concepts_raised":49956},{"base_id":433,"kind":"top_words","i1":0,"i2":9,"sol":{"path":["/c/en/bubo","/c/en/bubonic_plague","/c/en/fatal","/c/en/computing","/c/en/bps"],"weight":0.2044299999999999},"num_concepts_raised":32353},{"base_id":433,"kind":"top_words","i1":1,"i2":2,"sol":{"path":["/c/en/quieten","/c/en/cradle","/c/en/head"],"weight":0.20400000000000001},"num_concepts_raised":3065},{"base_id":433,"kind":"top_words","i1":1,"i2":3,"sol":{"path":["/c/en/quieten","/c/en/quiet","/c/en/music","/c/en/conductor"],"weight":0.2195299999999989},"num_concepts_raised":67741},{"base_id":433,"kind":"top_words","i1":1,"i2":4,"sol":{"path":["/c/en/quieten","/c/en/quiet","/c/th/ระงับ","/c/en/plant","/c/en/fritillary"],"weight":0.2072499999999996},"num_concepts_raised":12916},{"base_id":433,"kind":"top_words","i1":1,"i2":5,"sol":{"path":["/c/en/quieten","/c/en/quiet","/c/en/sing","/c/en/choir","/c/en/chorister"],"weight":0.2086399999999997},"num_concepts_raised":7397},{"base_id":433,"kind":"top_words","i1":1,"i2":6,"sol":{"path":["/c/en/quieten","/c/en/quiet","/c/en/person","/c/en/seven","/c/en/sevenfold"],"weight":0.20801999999999965},"num_concepts_raised":5767},{"base_id":433,"kind":"top_words","i1":1,"i2":7,"sol":{"path":["/c/en/quieten","/c/el/κοιμίζω","/c/en/uk","/c/en/frit"],"weight":0.2034199999999996},"num_concepts_raised":15597},{"base_id":433,"kind":"top_words","i1":1,"i2":8,"sol":{"path":["/c/en/quieten","/c/en/cradle","/c/en/head","/c/en/heads"],"weight":0.2067399999999997},"num_concepts_raised":46734},{"base_id":433,"kind":"top_words","i1":1,"i2":9,"sol":{"path":["/c/en/quieten","/c/en/quiesce","/c/en/computing","/c/en/bps"],"weight":0.20363999999999965},"num_concepts_raised":29124},{"base_id":433,"kind":"top_words","i1":2,"i2":3,"sol":{"path":["/c/en/head","/c/en/leader","/c/en/conductor"],"weight":0.20900000000000002},"num_concepts_raised":3393},{"base_id":433,"kind":"top_words","i1":2,"i2":4,"sol":{"path":["/c/en/head","/c/en/crown","/c/de/kaiserkrone","/c/en/fritillary"],"weight":0.2559900000000174},"num_concepts_raised":307493},{"base_id":433,"kind":"top_words","i1":2,"i2":5,"sol":{"path":["/c/en/head","/c/en/leader","/c/en/chorister"],"weight":0.20600000000000002},"num_concepts_raised":3024},{"base_id":433,"kind":"top_words","i1":2,"i2":6,"sol":{"path":["/c/en/head","/c/en/person","/c/en/seven","/c/en/sevenfold"],"weight":0.2539300000000174},"num_concepts_raised":301808},{"base_id":433,"kind":"top_words","i1":2,"i2":7,"sol":{"path":["/c/en/head","/c/en/leader","/c/en/uk","/c/en/frit"],"weight":0.25608000000001735},"num_concepts_raised":308609},{"base_id":433,"kind":"top_words","i1":2,"i2":8,"sol":{"path":["/c/en/head","/c/en/heads"],"weight":0.20700000000000002},"num_concepts_raised":3020},{"base_id":433,"kind":"top_words","i1":2,"i2":9,"sol":{"path":["/c/en/head","/c/en/crown","/c/en/chemistry","/c/en/bps"],"weight":0.25585000000001745},"num_concepts_raised":321079},{"base_id":433,"kind":"top_words","i1":3,"i2":4,"sol":{"path":["/c/en/conductor","/c/en/ground","/c/en/plant","/c/en/fritillary"],"weight":0.21495999999999915},"num_concepts_raised":71073},{"base_id":433,"kind":"top_words","i1":3,"i2":5,"sol":{"path":["/c/en/conductor","/c/en/choir","/c/en/chorister"],"weight":0.20500000000000002},"num_concepts_raised":472},{"base_id":433,"kind":"top_words","i1":3,"i2":6,"sol":{"path":["/c/en/conductor","/c/en/music","/c/en/seventh","/c/en/sevenfold"],"weight":0.21537999999999918},"num_concepts_raised":64139},{"base_id":433,"kind":"top_words","i1":3,"i2":7,"sol":{"path":["/c/en/conductor","/c/en/leader","/c/en/uk","/c/en/frit"],"weight":0.2169999999999991},"num_concepts_raised":73169},{"base_id":433,"kind":"top_words","i1":3,"i2":8,"sol":{"path":["/c/en/conductor","/c/en/captain","/c/en/heads"],"weight":0.20400000000000001},"num_concepts_raised":492},{"base_id":433,"kind":"top_words","i1":3,"i2":9,"sol":{"path":["/c/en/conductor","/c/en/director","/c/en/chemistry","/c/en/bps"],"weight":0.21707999999999916},"num_concepts_raised":85476},{"base_id":433,"kind":"top_words","i1":4,"i2":5,"sol":{"path":["/c/en/fritillary","/c/en/plant","/c/en/set","/c/en/choir","/c/en/chorister"],"weight":0.20473999999999995},"num_concepts_raised":10675},{"base_id":433,"kind":"top_words","i1":4,"i2":6,"sol":{"path":["/c/en/fritillary","/c/en/plant","/c/en/earth","/c/en/seven","/c/en/sevenfold"],"weight":0.20419999999999988},"num_concepts_raised":9040},{"base_id":433,"kind":"top_words","i1":4,"i2":7,"sol":{"path":["/c/en/fritillary","/c/en/plant","/c/en/pot","/c/en/glass","/c/en/frit"],"weight":0.20309999999999984},"num_concepts_raised":18846},{"base_id":433,"kind":"top_words","i1":4,"i2":8,"sol":{"path":["/c/en/fritillary","/c/en/crown_imperial","/c/en/crown","/c/en/heads"],"weight":0.20417999999999994},"num_concepts_raised":49949},{"base_id":433,"kind":"top_words","i1":4,"i2":9,"sol":{"path":["/c/en/fritillary","/c/pl/szachownica","/c/en/pattern","/c/en/computing","/c/en/bps"],"weight":0.20413999999999988},"num_concepts_raised":32386},{"base_id":433,"kind":"top_words","i1":5,"i2":6,"sol":{"path":["/c/en/chorister","/c/en/singer","/c/en/person","/c/en/seven","/c/en/sevenfold"],"weight":0.20449999999999996},"num_concepts_raised":3510},{"base_id":433,"kind":"top_words","i1":5,"i2":7,"sol":{"path":["/c/en/chorister","/c/en/leader","/c/en/uk","/c/en/frit"],"weight":0.2032299999999999},"num_concepts_raised":13368},{"base_id":433,"kind":"top_words","i1":5,"i2":8,"sol":{"path":["/c/en/chorister","/c/en/leader","/c/en/head","/c/en/heads"],"weight":0.20669000000000004},"num_concepts_raised":44362},{"base_id":433,"kind":"top_words","i1":5,"i2":9,"sol":{"path":["/c/en/chorister","/c/en/director","/c/en/chemistry","/c/en/bps"],"weight":0.20331},"num_concepts_raised":26925},{"base_id":433,"kind":"top_words","i1":6,"i2":7,"sol":{"path":["/c/en/sevenfold","/c/en/seven","/c/en/lime","/c/en/glass","/c/en/frit"],"weight":0.20387999999999987},"num_concepts_raised":11767},{"base_id":433,"kind":"top_words","i1":6,"i2":8,"sol":{"path":["/c/en/sevenfold","/c/en/seven","/c/en/person","/c/en/head","/c/en/heads"],"weight":0.20722},"num_concepts_raised":43045},{"base_id":433,"kind":"top_words","i1":6,"i2":9,"sol":{"path":["/c/en/sevenfold","/c/en/seven","/c/en/number","/c/en/rate","/c/en/bps"],"weight":0.20396999999999993},"num_concepts_raised":25320},{"base_id":433,"kind":"top_words","i1":7,"i2":8,"sol":{"path":["/c/en/frit","/c/en/uk","/c/en/slang","/c/en/heads"],"weight":0.20384999999999992},"num_concepts_raised":51344},{"base_id":433,"kind":"top_words","i1":7,"i2":9,"sol":{"path":["/c/en/frit","/c/en/bead","/c/en/chemistry","/c/en/bps"],"weight":0.20271999999999987},"num_concepts_raised":34918},{"base_id":433,"kind":"top_words","i1":8,"i2":9,"sol":{"path":["/c/en/heads","/c/en/kb","/c/en/kbps","/c/en/bps"],"weight":0.20566999999999996},"num_concepts_raised":65419}]]