[[{"base_id":357,"kind":"bot_words","i1":0,"i2":1,"sol":{"path":["/c/en/ivanhoe","/c/en/book","/c/en/shame","/c/en/ashamed"],"weight":0.2138999999999996},"num_concepts_raised":11994},{"base_id":357,"kind":"bot_words","i1":0,"i2":2,"sol":{"path":["/c/en/ivanhoe","/c/en/book","/c/en/essay","/c/en/assay"],"weight":0.2112599999999993},"num_concepts_raised":29095},{"base_id":357,"kind":"bot_words","i1":0,"i2":3,"sol":{"path":["/c/en/ivanhoe","/c/en/minnesota","/c/en/united_states","/c/en/totem"],"weight":0.20922999999999986},"num_concepts_raised":17268},{"base_id":357,"kind":"bot_words","i1":0,"i2":4,"sol":{"path":["/c/en/ivanhoe","/c/en/book","/c/en/literary","/c/en/depths"],"weight":0.20814999999999975},"num_concepts_raised":16402},{"base_id":357,"kind":"bot_words","i1":0,"i2":5,"sol":{"path":["/c/en/ivanhoe","/c/en/county_seat","/c/en/meridian","/c/en/azimuth"],"weight":0.20909999999999992},"num_concepts_raised":11191},{"base_id":357,"kind":"bot_words","i1":0,"i2":6,"sol":{"path":["/c/en/ivanhoe","/c/en/book","/c/en/eldest","/c/en/seniority"],"weight":0.20910999999999963},"num_concepts_raised":12070},{"base_id":357,"kind":"bot_words","i1":0,"i2":7,"sol":{"path":["/c/en/ivanhoe","/c/en/book","/c/en/case","/c/en/attache"],"weight":0.20797999999999978},"num_concepts_raised":9301},{"base_id":357,"kind":"bot_words","i1":0,"i2":8,"sol":{"path":["/c/en/ivanhoe","/c/en/novel","/c/en/novelty","/c/en/newness"],"weight":0.21041999999999988},"num_concepts_raised":10453},{"base_id":357,"kind":"bot_words","i1":0,"i2":9,"sol":{"path":["/c/en/ivanhoe","/c/en/hero","/c/en/human","/c/en/mortal"],"weight":0.21415999999999952},"num_concepts_raised":58552},{"base_id":357,"kind":"bot_words","i1":1,"i2":2,"sol":{"path":["/c/en/ashamed","/c/fr/éprouver","/c/en/test","/c/en/assay"],"weight":0.20848999999999912},"num_concepts_raised":27315},{"base_id":357,"kind":"bot_words","i1":1,"i2":3,"sol":{"path":["/c/en/ashamed","/c/en/shame","/c/en/shame_pole","/c/en/totem_pole","/c/en/totem"],"weight":0.20984999999999965},"num_concepts_raised":15729},{"base_id":357,"kind":"bot_words","i1":1,"i2":4,"sol":{"path":["/c/en/ashamed","/c/he/נכלם","/c/en/literary","/c/en/depths"],"weight":0.20608999999999958},"num_concepts_raised":14623},{"base_id":357,"kind":"bot_words","i1":1,"i2":5,"sol":{"path":["/c/en/ashamed","/c/en/shameful","/c/en/person","/c/en/bear","/c/en/azimuth"],"weight":0.20840999999999973},"num_concepts_raised":9405},{"base_id":357,"kind":"bot_words","i1":1,"i2":6,"sol":{"path":["/c/en/ashamed","/c/en/sheepish","/c/fr/qualité","/c/fr/ancienneté","/c/en/seniority"],"weight":0.21019999999999944},"num_concepts_raised":10267},{"base_id":357,"kind":"bot_words","i1":1,"i2":7,"sol":{"path":["/c/en/ashamed","/c/en/shame","/c/en/humiliation","/c/en/case","/c/en/attache"],"weight":0.20855999999999963},"num_concepts_raised":7531},{"base_id":357,"kind":"bot_words","i1":1,"i2":8,"sol":{"path":["/c/en/ashamed","/c/en/shameful","/c/en/person","/c/en/novelty","/c/en/newness"],"weight":0.2096199999999997},"num_concepts_raised":8721},{"base_id":357,"kind":"bot_words","i1":1,"i2":9,"sol":{"path":["/c/en/ashamed","/c/en/shameful","/c/en/sin","/c/en/mortal"],"weight":0.21218999999999935},"num_concepts_raised":56815},{"base_id":357,"kind":"bot_words","i1":2,"i2":3,"sol":{"path":["/c/en/assay","/c/en/bioassay","/c/en/creature","/c/en/totem"],"weight":0.20783999999999936},"num_concepts_raised":32559},{"base_id":357,"kind":"bot_words","i1":2,"i2":4,"sol":{"path":["/c/en/assay","/c/en/substance","/c/zh/內涵","/c/en/depths"],"weight":0.20470999999999928},"num_concepts_raised":31726},{"base_id":357,"kind":"bot_words","i1":2,"i2":5,"sol":{"path":["/c/en/assay","/c/en/coin","/c/en/angle","/c/en/azimuth"],"weight":0.20576999999999945},"num_concepts_raised":26497},{"base_id":357,"kind":"bot_words","i1":2,"i2":6,"sol":{"path":["/c/en/assay","/c/en/condition","/c/en/rank","/c/en/seniority"],"weight":0.20572999999999914},"num_concepts_raised":27315},{"base_id":357,"kind":"bot_words","i1":2,"i2":7,"sol":{"path":["/c/en/assay","/c/en/trial","/c/en/case","/c/en/attache"],"weight":0.20496999999999932},"num_concepts_raised":24645},{"base_id":357,"kind":"bot_words","i1":2,"i2":8,"sol":{"path":["/c/en/assay","/c/en/condition","/c/en/new","/c/en/newness"],"weight":0.20547999999999939},"num_concepts_raised":25777},{"base_id":357,"kind":"bot_words","i1":2,"i2":9,"sol":{"path":["/c/en/assay","/c/en/test","/c/en/being","/c/en/mortal"],"weight":0.20910999999999905},"num_concepts_raised":72756},{"base_id":357,"kind":"bot_words","i1":3,"i2":4,"sol":{"path":["/c/en/totem","/c/en/family","/c/en/rank","/c/en/depth","/c/en/depths"],"weight":0.2051299999999998},"num_concepts_raised":20087},{"base_id":357,"kind":"bot_words","i1":3,"i2":5,"sol":{"path":["/c/en/totem","/c/en/creature","/c/en/bear","/c/en/azimuth"],"weight":0.20496},"num_concepts_raised":14874},{"base_id":357,"kind":"bot_words","i1":3,"i2":6,"sol":{"path":["/c/en/totem","/c/en/family","/c/en/rank","/c/en/seniority"],"weight":0.20510999999999968},"num_concepts_raised":15705},{"base_id":357,"kind":"bot_words","i1":3,"i2":7,"sol":{"path":["/c/en/totem","/c/en/problem","/c/en/case","/c/en/attache"],"weight":0.20383999999999985},"num_concepts_raised":13020},{"base_id":357,"kind":"bot_words","i1":3,"i2":8,"sol":{"path":["/c/en/totem","/c/en/living","/c/en/age","/c/en/newness"],"weight":0.20453999999999994},"num_concepts_raised":14215},{"base_id":357,"kind":"bot_words","i1":3,"i2":9,"sol":{"path":["/c/en/totem","/c/en/living","/c/en/death","/c/en/mortal"],"weight":0.2103799999999996},"num_concepts_raised":61477},{"base_id":357,"kind":"bot_words","i1":4,"i2":5,"sol":{"path":["/c/en/depths","/c/en/nadir","/c/en/azimuth"],"weight":0.203},"num_concepts_raised":105},{"base_id":357,"kind":"bot_words","i1":4,"i2":6,"sol":{"path":["/c/en/depths","/c/en/depth","/c/en/rank","/c/en/seniority"],"weight":0.20496999999999962},"num_concepts_raised":14662},{"base_id":357,"kind":"bot_words","i1":4,"i2":7,"sol":{"path":["/c/en/depths","/c/en/literary","/c/zh/參贊","/c/en/attache"],"weight":0.20277999999999977},"num_concepts_raised":11983},{"base_id":357,"kind":"bot_words","i1":4,"i2":8,"sol":{"path":["/c/en/depths","/c/en/involved","/c/en/age","/c/en/newness"],"weight":0.20344999999999985},"num_concepts_raised":13159},{"base_id":357,"kind":"bot_words","i1":4,"i2":9,"sol":{"path":["/c/en/depths","/c/en/bathysphere","/c/en/life","/c/en/mortal"],"weight":0.2068699999999995},"num_concepts_raised":61122},{"base_id":357,"kind":"bot_words","i1":5,"i2":6,"sol":{"path":["/c/en/azimuth","/c/fa/سمت","/c/en/hand","/c/en/age","/c/en/seniority"],"weight":0.2069399999999998},"num_concepts_raised":9476},{"base_id":357,"kind":"bot_words","i1":5,"i2":7,"sol":{"path":["/c/en/azimuth","/c/ar/سمت","/c/en/road","/c/en/case","/c/en/attache"],"weight":0.20484999999999995},"num_concepts_raised":6737},{"base_id":357,"kind":"bot_words","i1":5,"i2":8,"sol":{"path":["/c/en/azimuth","/c/fa/سمت","/c/en/hand","/c/en/age","/c/en/newness"],"weight":0.20649},"num_concepts_raised":7925},{"base_id":357,"kind":"bot_words","i1":5,"i2":9,"sol":{"path":["/c/en/azimuth","/c/en/bear","/c/en/person","/c/en/mortal"],"weight":0.20801999999999968},"num_concepts_raised":56076},{"base_id":357,"kind":"bot_words","i1":6,"i2":7,"sol":{"path":["/c/en/seniority","/c/en/rank","/c/en/specialist","/c/en/attache"],"weight":0.20378999999999964},"num_concepts_raised":7601},{"base_id":357,"kind":"bot_words","i1":6,"i2":8,"sol":{"path":["/c/en/seniority","/c/en/age","/c/en/newness"],"weight":0.202},"num_concepts_raised":164},{"base_id":357,"kind":"bot_words","i1":6,"i2":9,"sol":{"path":["/c/en/seniority","/c/en/age","/c/en/human","/c/en/mortal"],"weight":0.21002999999999938},"num_concepts_raised":56708},{"base_id":357,"kind":"bot_words","i1":7,"i2":8,"sol":{"path":["/c/en/attache","/c/en/case","/c/en/person","/c/en/novelty","/c/en/newness"],"weight":0.20495999999999992},"num_concepts_raised":6069},{"base_id":357,"kind":"bot_words","i1":7,"i2":9,"sol":{"path":["/c/en/attache","/c/en/case","/c/en/person","/c/en/mortal"],"weight":0.20685999999999954},"num_concepts_raised":54312},{"base_id":357,"kind":"bot_words","i1":8,"i2":9,"sol":{"path":["/c/en/newness","/c/en/age","/c/en/human","/c/en/mortal"],"weight":0.20955999999999964},"num_concepts_raised":55385}],[{"base_id":357,"kind":"top_words","i1":0,"i2":1,"sol":{"path":["/c/en/pall","/c/en/coffin","/c/en/person","/c/en/balloonist"],"weight":0.2040899999999996},"num_concepts_raised":33704},{"base_id":357,"kind":"top_words","i1":0,"i2":2,"sol":{"path":["/c/en/pall","/c/en/change","/c/en/mark","/c/en/decile"],"weight":0.20411999999999958},"num_concepts_raised":32883},{"base_id":357,"kind":"top_words","i1":0,"i2":3,"sol":{"path":["/c/en/pall","/c/en/change","/c/en/currency","/c/en/dobra"],"weight":0.20444999999999958},"num_concepts_raised":23167},{"base_id":357,"kind":"top_words","i1":0,"i2":4,"sol":{"path":["/c/en/pall","/c/en/cover","/c/en/frost","/c/en/hoar"],"weight":0.20541999999999966},"num_concepts_raised":25063},{"base_id":357,"kind":"top_words","i1":0,"i2":5,"sol":{"path":["/c/en/pall","/c/en/cover","/c/en/crown","/c/en/monarch","/c/en/josiah"],"weight":0.2104699999999996},"num_concepts_raised":23878},{"base_id":357,"kind":"top_words","i1":0,"i2":6,"sol":{"path":["/c/en/pall","/c/en/brand","/c/en/city","/c/en/oshawa"],"weight":0.20921999999999957},"num_concepts_raised":26412},{"base_id":357,"kind":"top_words","i1":0,"i2":7,"sol":{"path":["/c/en/pall","/c/en/cover","/c/zh/套","/c/en/noose"],"weight":0.2077699999999994},"num_concepts_raised":38485},{"base_id":357,"kind":"top_words","i1":0,"i2":8,"sol":{"path":["/c/en/pall","/c/en/cigarette","/c/en/united_states","/c/en/massachusetts"],"weight":0.215849999999999},"num_concepts_raised":34280},{"base_id":357,"kind":"top_words","i1":0,"i2":9,"sol":{"path":["/c/en/pall","/c/en/chill","/c/en/i","/c/en/ich"],"weight":0.20612999999999965},"num_concepts_raised":25416},{"base_id":357,"kind":"top_words","i1":1,"i2":2,"sol":{"path":["/c/en/balloonist","/c/en/person","/c/en/group","/c/en/decile"],"weight":0.20297999999999983},"num_concepts_raised":24667},{"base_id":357,"kind":"top_words","i1":1,"i2":3,"sol":{"path":["/c/en/balloonist","/c/en/person","/c/en/romanian","/c/en/dobra"],"weight":0.20319999999999983},"num_concepts_raised":14875},{"base_id":357,"kind":"top_words","i1":1,"i2":4,"sol":{"path":["/c/en/balloonist","/c/en/person","/c/en/white","/c/en/hoar"],"weight":0.2041599999999999},"num_concepts_raised":16863},{"base_id":357,"kind":"top_words","i1":1,"i2":5,"sol":{"path":["/c/en/balloonist","/c/en/person","/c/en/king","/c/en/josiah"],"weight":0.20814999999999986},"num_concepts_raised":15548},{"base_id":357,"kind":"top_words","i1":1,"i2":6,"sol":{"path":["/c/en/balloonist","/c/en/person","/c/en/concession","/c/en/ontario","/c/en/oshawa"],"weight":0.21011999999999983},"num_concepts_raised":18155},{"base_id":357,"kind":"top_words","i1":1,"i2":7,"sol":{"path":["/c/en/balloonist","/c/en/flies","/c/en/loop","/c/en/noose"],"weight":0.20705999999999963},"num_concepts_raised":30045},{"base_id":357,"kind":"top_words","i1":1,"i2":8,"sol":{"path":["/c/en/balloonist","/c/en/person","/c/en/charles","/c/en/massachusetts"],"weight":0.21226999999999924},"num_concepts_raised":26140},{"base_id":357,"kind":"top_words","i1":1,"i2":9,"sol":{"path":["/c/en/balloonist","/c/en/person","/c/en/i","/c/en/ich"],"weight":0.2049599999999999},"num_concepts_raised":17096},{"base_id":357,"kind":"top_words","i1":2,"i2":3,"sol":{"path":["/c/en/decile","/c/en/mark","/c/en/currency","/c/en/dobra"],"weight":0.2033299999999998},"num_concepts_raised":14169},{"base_id":357,"kind":"top_words","i1":2,"i2":4,"sol":{"path":["/c/en/decile","/c/en/mark","/c/en/white","/c/en/hoar"],"weight":0.2042299999999999},"num_concepts_raised":16207},{"base_id":357,"kind":"top_words","i1":2,"i2":5,"sol":{"path":["/c/en/decile","/c/en/tenth","/c/en/king","/c/en/josiah"],"weight":0.20818999999999985},"num_concepts_raised":14879},{"base_id":357,"kind":"top_words","i1":2,"i2":6,"sol":{"path":["/c/en/decile","/c/en/group","/c/en/city","/c/en/oshawa"],"weight":0.20815999999999982},"num_concepts_raised":17444},{"base_id":357,"kind":"top_words","i1":2,"i2":7,"sol":{"path":["/c/en/decile","/c/en/group","/c/ga/dol","/c/en/noose"],"weight":0.20667999999999961},"num_concepts_raised":29481},{"base_id":357,"kind":"top_words","i1":2,"i2":8,"sol":{"path":["/c/en/decile","/c/en/group","/c/en/mass","/c/en/massachusetts"],"weight":0.21452999999999922},"num_concepts_raised":25359},{"base_id":357,"kind":"top_words","i1":2,"i2":9,"sol":{"path":["/c/en/decile","/c/en/individual","/c/en/personal","/c/en/ich"],"weight":0.2029299999999999},"num_concepts_raised":16386},{"base_id":357,"kind":"top_words","i1":3,"i2":4,"sol":{"path":["/c/en/dobra","/c/en/currency","/c/en/stale","/c/en/hoar"],"weight":0.2035399999999999},"num_concepts_raised":6115},{"base_id":357,"kind":"top_words","i1":3,"i2":5,"sol":{"path":["/c/en/dobra","/c/en/currency","/c/en/royal","/c/en/monarch","/c/en/josiah"],"weight":0.20858999999999983},"num_concepts_raised":4764},{"base_id":357,"kind":"top_words","i1":3,"i2":6,"sol":{"path":["/c/en/dobra","/c/en/currency","/c/en/dollar","/c/en/ontario","/c/en/oshawa"],"weight":0.2105599999999998},"num_concepts_raised":7368},{"base_id":357,"kind":"top_words","i1":3,"i2":7,"sol":{"path":["/c/en/dobra","/c/en/romanian","/c/en/human","/c/en/noose"],"weight":0.20587999999999962},"num_concepts_raised":20072},{"base_id":357,"kind":"top_words","i1":3,"i2":8,"sol":{"path":["/c/en/dobra","/c/en/surname","/c/en/sandwich","/c/en/massachusetts"],"weight":0.2126599999999992},"num_concepts_raised":15473},{"base_id":357,"kind":"top_words","i1":3,"i2":9,"sol":{"path":["/c/en/dobra","/c/en/romanian","/c/en/person","/c/en/i","/c/en/ich"],"weight":0.20535999999999985},"num_concepts_raised":6374},{"base_id":357,"kind":"top_words","i1":4,"i2":5,"sol":{"path":["/c/en/hoar","/c/de/herr","/c/en/lord","/c/en/king","/c/en/josiah"],"weight":0.20962999999999993},"num_concepts_raised":6817},{"base_id":357,"kind":"top_words","i1":4,"i2":6,"sol":{"path":["/c/en/hoar","/c/en/grey","/c/en/horse","/c/en/canada","/c/en/oshawa"],"weight":0.2095099999999999},"num_concepts_raised":9433},{"base_id":357,"kind":"top_words","i1":4,"i2":7,"sol":{"path":["/c/en/hoar","/c/en/stale","/c/en/people","/c/en/noose"],"weight":0.20581999999999967},"num_concepts_raised":22028},{"base_id":357,"kind":"top_words","i1":4,"i2":8,"sol":{"path":["/c/en/hoar","/c/en/frost","/c/en/boston_cream_pie","/c/en/massachusetts"],"weight":0.21258999999999928},"num_concepts_raised":17494},{"base_id":357,"kind":"top_words","i1":4,"i2":9,"sol":{"path":["/c/en/hoar","/c/en/white","/c/en/eye","/c/en/i","/c/en/ich"],"weight":0.20632999999999996},"num_concepts_raised":8426},{"base_id":357,"kind":"top_words","i1":5,"i2":6,"sol":{"path":["/c/en/josiah","/c/en/king","/c/en/court","/c/en/ontario","/c/en/oshawa"],"weight":0.21544999999999986},"num_concepts_raised":8088},{"base_id":357,"kind":"top_words","i1":5,"i2":7,"sol":{"path":["/c/en/josiah","/c/en/king","/c/en/people","/c/en/noose"],"weight":0.21082999999999963},"num_concepts_raised":20776},{"base_id":357,"kind":"top_words","i1":5,"i2":8,"sol":{"path":["/c/en/josiah","/c/en/king","/c/en/state","/c/en/massachusetts"],"weight":0.21783999999999926},"num_concepts_raised":16200},{"base_id":357,"kind":"top_words","i1":5,"i2":9,"sol":{"path":["/c/en/josiah","/c/en/king","/c/en/person","/c/en/i","/c/en/ich"],"weight":0.21029999999999988},"num_concepts_raised":7090},{"base_id":357,"kind":"top_words","i1":6,"i2":7,"sol":{"path":["/c/en/oshawa","/c/en/city","/c/en/people","/c/en/noose"],"weight":0.21078999999999962},"num_concepts_raised":23252},{"base_id":357,"kind":"top_words","i1":6,"i2":8,"sol":{"path":["/c/en/oshawa","/c/en/city","/c/en/boston","/c/en/massachusetts"],"weight":0.2241799999999992},"num_concepts_raised":18324},{"base_id":357,"kind":"top_words","i1":6,"i2":9,"sol":{"path":["/c/en/oshawa","/c/en/canada","/c/en/letter","/c/en/i","/c/en/ich"],"weight":0.21020999999999984},"num_concepts_raised":9696},{"base_id":357,"kind":"top_words","i1":7,"i2":8,"sol":{"path":["/c/en/noose","/c/en/people","/c/en/mass","/c/en/massachusetts"],"weight":0.21711999999999904},"num_concepts_raised":31157},{"base_id":357,"kind":"top_words","i1":7,"i2":9,"sol":{"path":["/c/en/noose","/c/en/human","/c/en/psychology","/c/en/ich"],"weight":0.20551999999999965},"num_concepts_raised":22292},{"base_id":357,"kind":"top_words","i1":8,"i2":9,"sol":{"path":["/c/en/massachusetts","/c/en/reading","/c/en/psychology","/c/en/ich"],"weight":0.21228999999999926},"num_concepts_raised":17758}]]