[[{"base_id":252,"kind":"bot_words","i1":0,"i2":1,"sol":{"path":["/c/en/kyat","/c/my/ကျပ်","/c/en/tight","/c/en/loose","/c/en/light","/c/en/taillight"],"weight":0.21118429999999952},"num_concepts_raised":452983},{"base_id":252,"kind":"bot_words","i1":0,"i2":2,"sol":{"path":["/c/en/kyat","/c/my/ကျပ်","/c/en/tight","/c/en/slang","/c/en/shower","/c/en/showerhead"],"weight":0.21223709999999968},"num_concepts_raised":653250},{"base_id":252,"kind":"bot_words","i1":0,"i2":3,"sol":{"path":["/c/en/kyat","/c/en/pya","/c/en/historical","/c/en/triumvirate","/c/en/trio","/c/en/threesome"],"weight":0.21183579999999982},"num_concepts_raised":372751},{"base_id":252,"kind":"bot_words","i1":0,"i2":4,"sol":{"path":["/c/en/kyat","/c/ja/チャット","/c/en/khat","/c/en/plant","/c/en/panicum"],"weight":0.2095499999999998},"num_concepts_raised":11193},{"base_id":252,"kind":"bot_words","i1":0,"i2":5,"sol":{"path":["/c/en/kyat","/c/my/ကျပ်","/c/en/tight","/c/en/crowd","/c/en/noise","/c/en/blare"],"weight":0.2120004999999994},"num_concepts_raised":253994},{"base_id":252,"kind":"bot_words","i1":0,"i2":6,"sol":{"path":["/c/en/kyat","/c/en/pya","/c/en/historical","/c/en/white","/c/en/anatomy","/c/en/conjunctiva"],"weight":0.21839999999999798},"num_concepts_raised":538919},{"base_id":252,"kind":"bot_words","i1":0,"i2":7,"sol":{"path":["/c/en/kyat","/c/my/ကျပ်","/c/en/tight","/c/en/slang","/c/en/brain","/c/en/psychosurgery"],"weight":0.21011279999999977},"num_concepts_raised":197338},{"base_id":252,"kind":"bot_words","i1":0,"i2":8,"sol":{"path":["/c/en/kyat","/c/en/pya","/c/en/historical","/c/fr/mânes","/c/en/manes"],"weight":0.20620999999999984},"num_concepts_raised":4031},{"base_id":252,"kind":"bot_words","i1":0,"i2":9,"sol":{"path":["/c/en/kyat","/c/my/ကျပ်","/c/en/tight","/c/en/easy","/c/en/leisurely","/c/en/unhurried"],"weight":0.2131309999999997},"num_concepts_raised":209324},{"base_id":252,"kind":"bot_words","i1":1,"i2":2,"sol":{"path":["/c/en/taillight","/c/en/light","/c/en/shower","/c/en/showerhead"],"weight":0.20436999999999994},"num_concepts_raised":15205},{"base_id":252,"kind":"bot_words","i1":1,"i2":3,"sol":{"path":["/c/en/taillight","/c/en/pair","/c/en/twosome","/c/en/threesome"],"weight":0.20386999999999988},"num_concepts_raised":9750},{"base_id":252,"kind":"bot_words","i1":1,"i2":4,"sol":{"path":["/c/en/taillight","/c/en/lamp","/c/en/slang","/c/en/plant","/c/en/panicum"],"weight":0.20877999999999988},"num_concepts_raised":17559},{"base_id":252,"kind":"bot_words","i1":1,"i2":5,"sol":{"path":["/c/en/taillight","/c/en/vehicle","/c/en/horn","/c/en/blaring","/c/en/blare"],"weight":0.20505999999999958},"num_concepts_raised":9302},{"base_id":252,"kind":"bot_words","i1":1,"i2":6,"sol":{"path":["/c/en/taillight","/c/en/light","/c/en/eye","/c/en/conjunctiva"],"weight":0.20992999999999998},"num_concepts_raised":22331},{"base_id":252,"kind":"bot_words","i1":1,"i2":7,"sol":{"path":["/c/en/taillight","/c/en/lamp","/c/en/slang","/c/en/brain","/c/en/psychosurgery"],"weight":0.20337999999999998},"num_concepts_raised":9719},{"base_id":252,"kind":"bot_words","i1":1,"i2":8,"sol":{"path":["/c/en/taillight","/c/en/rear","/c/en/literary","/c/fr/mânes","/c/en/manes"],"weight":0.20530999999999994},"num_concepts_raised":10376},{"base_id":252,"kind":"bot_words","i1":1,"i2":9,"sol":{"path":["/c/en/taillight","/c/en/light","/c/en/easy","/c/en/leisurely","/c/en/unhurried"],"weight":0.20493999999999984},"num_concepts_raised":8828},{"base_id":252,"kind":"bot_words","i1":2,"i2":3,"sol":{"path":["/c/en/showerhead","/c/en/head","/c/en/music","/c/en/trio","/c/en/threesome"],"weight":0.20479999999999984},"num_concepts_raised":12010},{"base_id":252,"kind":"bot_words","i1":2,"i2":4,"sol":{"path":["/c/en/showerhead","/c/en/water","/c/en/plant","/c/en/panicum"],"weight":0.20827999999999983},"num_concepts_raised":19693},{"base_id":252,"kind":"bot_words","i1":2,"i2":5,"sol":{"path":["/c/en/showerhead","/c/en/shower","/c/en/place","/c/en/noise","/c/en/blare"],"weight":0.20506999999999953},"num_concepts_raised":11526},{"base_id":252,"kind":"bot_words","i1":2,"i2":6,"sol":{"path":["/c/en/showerhead","/c/en/head","/c/en/eye","/c/en/conjunctiva"],"weight":0.20941999999999994},"num_concepts_raised":24370},{"base_id":252,"kind":"bot_words","i1":2,"i2":7,"sol":{"path":["/c/en/showerhead","/c/en/head","/c/en/brain","/c/en/psychosurgery"],"weight":0.20286999999999994},"num_concepts_raised":11889},{"base_id":252,"kind":"bot_words","i1":2,"i2":8,"sol":{"path":["/c/en/showerhead","/c/en/shower","/c/en/slang","/c/en/horse","/c/en/manes"],"weight":0.20402999999999988},"num_concepts_raised":12613},{"base_id":252,"kind":"bot_words","i1":2,"i2":9,"sol":{"path":["/c/en/showerhead","/c/en/shower","/c/en/precipitation","/c/en/hurried","/c/en/unhurried"],"weight":0.20533999999999974},"num_concepts_raised":11081},{"base_id":252,"kind":"bot_words","i1":3,"i2":4,"sol":{"path":["/c/en/threesome","/c/en/trio","/c/en/set","/c/en/plant","/c/en/panicum"],"weight":0.21021999999999977},"num_concepts_raised":14287},{"base_id":252,"kind":"bot_words","i1":3,"i2":5,"sol":{"path":["/c/en/threesome","/c/en/trio","/c/en/music","/c/en/noise","/c/en/blare"],"weight":0.2060399999999995},"num_concepts_raised":6011},{"base_id":252,"kind":"bot_words","i1":3,"i2":6,"sol":{"path":["/c/en/threesome","/c/en/trio","/c/te/త్రికము","/c/en/anatomy","/c/en/conjunctiva"],"weight":0.21136999999999986},"num_concepts_raised":19119},{"base_id":252,"kind":"bot_words","i1":3,"i2":7,"sol":{"path":["/c/en/threesome","/c/en/three","/c/en/matter","/c/en/brain","/c/en/psychosurgery"],"weight":0.2037099999999999},"num_concepts_raised":6420},{"base_id":252,"kind":"bot_words","i1":3,"i2":8,"sol":{"path":["/c/en/threesome","/c/en/trio","/c/en/spirit","/c/fr/mânes","/c/en/manes"],"weight":0.20691999999999983},"num_concepts_raised":7127},{"base_id":252,"kind":"bot_words","i1":3,"i2":9,"sol":{"path":["/c/en/threesome","/c/en/trio","/c/en/adagio","/c/en/leisurely","/c/en/unhurried"],"weight":0.20641999999999971},"num_concepts_raised":5547},{"base_id":252,"kind":"bot_words","i1":4,"i2":5,"sol":{"path":["/c/en/panicum","/c/en/grass","/c/en/noise","/c/en/blare"],"weight":0.20938999999999947},"num_concepts_raised":13822},{"base_id":252,"kind":"bot_words","i1":4,"i2":6,"sol":{"path":["/c/en/panicum","/c/en/plant","/c/en/iris","/c/en/eye","/c/en/conjunctiva"],"weight":0.21492999999999987},"num_concepts_raised":26885},{"base_id":252,"kind":"bot_words","i1":4,"i2":7,"sol":{"path":["/c/en/panicum","/c/en/plant","/c/en/slang","/c/en/brain","/c/en/psychosurgery"],"weight":0.20833999999999986},"num_concepts_raised":14230},{"base_id":252,"kind":"bot_words","i1":4,"i2":8,"sol":{"path":["/c/en/panicum","/c/en/plant","/c/en/slang","/c/en/horse","/c/en/manes"],"weight":0.20840999999999982},"num_concepts_raised":14929},{"base_id":252,"kind":"bot_words","i1":4,"i2":9,"sol":{"path":["/c/en/panicum","/c/en/plant","/c/en/person","/c/en/patient","/c/en/unhurried"],"weight":0.2097699999999997},"num_concepts_raised":13375},{"base_id":252,"kind":"bot_words","i1":5,"i2":6,"sol":{"path":["/c/en/blare","/c/en/blaring","/c/en/band","/c/en/anatomy","/c/en/conjunctiva"],"weight":0.21119999999999958},"num_concepts_raised":18657},{"base_id":252,"kind":"bot_words","i1":5,"i2":7,"sol":{"path":["/c/en/blare","/c/en/noise","/c/en/person","/c/en/brain","/c/en/psychosurgery"],"weight":0.2040399999999996},"num_concepts_raised":5948},{"base_id":252,"kind":"bot_words","i1":5,"i2":8,"sol":{"path":["/c/en/blare","/c/fi/raikaa","/c/en/literary","/c/fr/mânes","/c/en/manes"],"weight":0.20569999999999955},"num_concepts_raised":6668},{"base_id":252,"kind":"bot_words","i1":5,"i2":9,"sol":{"path":["/c/en/blare","/c/en/noise","/c/en/sound","/c/en/measured","/c/en/unhurried"],"weight":0.20559999999999945},"num_concepts_raised":5072},{"base_id":252,"kind":"bot_words","i1":6,"i2":7,"sol":{"path":["/c/en/conjunctiva","/c/fr/conjonctive","/c/fr/anatomie","/c/en/brain","/c/en/psychosurgery"],"weight":0.21348999999999996},"num_concepts_raised":18814},{"base_id":252,"kind":"bot_words","i1":6,"i2":8,"sol":{"path":["/c/en/conjunctiva","/c/en/eye","/c/en/face","/c/en/horse","/c/en/manes"],"weight":0.20959999999999995},"num_concepts_raised":19754},{"base_id":252,"kind":"bot_words","i1":6,"i2":9,"sol":{"path":["/c/en/conjunctiva","/c/en/eye","/c/en/reading","/c/en/leisurely","/c/en/unhurried"],"weight":0.21104999999999982},"num_concepts_raised":18199},{"base_id":252,"kind":"bot_words","i1":7,"i2":8,"sol":{"path":["/c/en/psychosurgery","/c/en/brain","/c/en/slang","/c/en/horse","/c/en/manes"],"weight":0.20300999999999994},"num_concepts_raised":7076},{"base_id":252,"kind":"bot_words","i1":7,"i2":9,"sol":{"path":["/c/en/psychosurgery","/c/en/lobotomy","/c/en/operation","/c/en/patient","/c/en/unhurried"],"weight":0.20641999999999983},"num_concepts_raised":5479},{"base_id":252,"kind":"bot_words","i1":8,"i2":9,"sol":{"path":["/c/en/manes","/c/en/horse","/c/en/amble","/c/en/unhurried"],"weight":0.2033299999999998},"num_concepts_raised":6193}],[{"base_id":252,"kind":"top_words","i1":0,"i2":1,"sol":{"path":["/c/en/amendment","/c/en/amend","/c/en/clause"],"weight":0.20400000000000001},"num_concepts_raised":429},{"base_id":252,"kind":"top_words","i1":0,"i2":2,"sol":{"path":["/c/en/amendment","/c/en/laws"],"weight":0.20400000000000001},"num_concepts_raised":218},{"base_id":252,"kind":"top_words","i1":0,"i2":3,"sol":{"path":["/c/en/amendment","/c/en/legal","/c/en/provision","/c/en/provisions"],"weight":0.20656999999999934},"num_concepts_raised":25333},{"base_id":252,"kind":"top_words","i1":0,"i2":4,"sol":{"path":["/c/en/amendment","/c/en/protocol","/c/en/treaty"],"weight":0.20500000000000002},"num_concepts_raised":432},{"base_id":252,"kind":"top_words","i1":0,"i2":5,"sol":{"path":["/c/en/amendment","/c/en/law"],"weight":0.20800000000000002},"num_concepts_raised":3364},{"base_id":252,"kind":"top_words","i1":0,"i2":6,"sol":{"path":["/c/en/amendment","/c/en/law","/c/en/break","/c/en/violate"],"weight":0.2126799999999991},"num_concepts_raised":36263},{"base_id":252,"kind":"top_words","i1":0,"i2":7,"sol":{"path":["/c/en/amendment","/c/en/law","/c/en/statute"],"weight":0.20500000000000002},"num_concepts_raised":324},{"base_id":252,"kind":"top_words","i1":0,"i2":8,"sol":{"path":["/c/en/amendment","/c/en/constitution","/c/en/constitutional"],"weight":0.203},"num_concepts_raised":243},{"base_id":252,"kind":"top_words","i1":0,"i2":9,"sol":{"path":["/c/en/amendment","/c/en/constitution"],"weight":0.20400000000000001},"num_concepts_raised":588},{"base_id":252,"kind":"top_words","i1":1,"i2":2,"sol":{"path":["/c/en/clause","/c/ga/clásal","/c/en/law","/c/en/laws"],"weight":0.2148899999999987},"num_concepts_raised":68324},{"base_id":252,"kind":"top_words","i1":1,"i2":3,"sol":{"path":["/c/en/clause","/c/fr/clause","/c/ja/条文","/c/en/provisions"],"weight":0.20867999999999864},"num_concepts_raised":44706},{"base_id":252,"kind":"top_words","i1":1,"i2":4,"sol":{"path":["/c/en/clause","/c/en/contract","/c/en/treaty"],"weight":0.20400000000000001},"num_concepts_raised":572},{"base_id":252,"kind":"top_words","i1":1,"i2":5,"sol":{"path":["/c/en/clause","/c/fr/droit","/c/en/law"],"weight":0.20800000000000002},"num_concepts_raised":3505},{"base_id":252,"kind":"top_words","i1":1,"i2":6,"sol":{"path":["/c/en/clause","/c/en/legal","/c/en/break","/c/en/violate"],"weight":0.2127599999999984},"num_concepts_raised":55629},{"base_id":252,"kind":"top_words","i1":1,"i2":7,"sol":{"path":["/c/en/clause","/c/en/legal","/c/en/statute"],"weight":0.20400000000000001},"num_concepts_raised":464},{"base_id":252,"kind":"top_words","i1":1,"i2":8,"sol":{"path":["/c/en/clause","/c/en/constituent","/c/en/constitutional"],"weight":0.203},"num_concepts_raised":385},{"base_id":252,"kind":"top_words","i1":1,"i2":9,"sol":{"path":["/c/en/clause","/c/en/constituent","/c/en/constitution"],"weight":0.20500000000000002},"num_concepts_raised":735},{"base_id":252,"kind":"top_words","i1":2,"i2":3,"sol":{"path":["/c/en/laws","/c/en/government","/c/en/commissariat","/c/en/provisions"],"weight":0.21027999999999936},"num_concepts_raised":38371},{"base_id":252,"kind":"top_words","i1":2,"i2":4,"sol":{"path":["/c/en/laws","/c/en/government","/c/en/treaty"],"weight":0.20600000000000002},"num_concepts_raised":366},{"base_id":252,"kind":"top_words","i1":2,"i2":5,"sol":{"path":["/c/en/laws","/c/en/law"],"weight":0.21000000000000002},"num_concepts_raised":3289},{"base_id":252,"kind":"top_words","i1":2,"i2":6,"sol":{"path":["/c/en/laws","/c/en/law","/c/en/break","/c/en/violate"],"weight":0.21745999999999907},"num_concepts_raised":49274},{"base_id":252,"kind":"top_words","i1":2,"i2":7,"sol":{"path":["/c/en/laws","/c/en/law","/c/en/statute"],"weight":0.20700000000000002},"num_concepts_raised":255},{"base_id":252,"kind":"top_words","i1":2,"i2":8,"sol":{"path":["/c/en/laws","/c/en/constitution","/c/en/constitutional"],"weight":0.20500000000000002},"num_concepts_raised":177},{"base_id":252,"kind":"top_words","i1":2,"i2":9,"sol":{"path":["/c/en/laws","/c/en/constitution"],"weight":0.20600000000000002},"num_concepts_raised":521},{"base_id":252,"kind":"top_words","i1":3,"i2":4,"sol":{"path":["/c/en/provisions","/c/en/food","/c/en/treat","/c/en/treaty"],"weight":0.21582999999999924},"num_concepts_raised":29998},{"base_id":252,"kind":"top_words","i1":3,"i2":5,"sol":{"path":["/c/en/provisions","/c/en/provision","/c/en/legal","/c/en/law"],"weight":0.2608000000000186},"num_concepts_raised":318714},{"base_id":252,"kind":"top_words","i1":3,"i2":6,"sol":{"path":["/c/en/provisions","/c/en/provision","/c/en/legal","/c/en/break","/c/en/violate"],"weight":0.21117999999999904},"num_concepts_raised":24468},{"base_id":252,"kind":"top_words","i1":3,"i2":7,"sol":{"path":["/c/en/provisions","/c/en/provision","/c/en/legal","/c/en/statute"],"weight":0.2118999999999991},"num_concepts_raised":25414},{"base_id":252,"kind":"top_words","i1":3,"i2":8,"sol":{"path":["/c/en/provisions","/c/en/provision","/c/en/legal","/c/en/constitutional"],"weight":0.2062499999999996},"num_concepts_raised":16473},{"base_id":252,"kind":"top_words","i1":3,"i2":9,"sol":{"path":["/c/en/provisions","/c/en/farm","/c/en/establishment","/c/en/constitution"],"weight":0.21691999999999825},"num_concepts_raised":56057},{"base_id":252,"kind":"top_words","i1":4,"i2":5,"sol":{"path":["/c/en/treaty","/c/en/government","/c/en/law"],"weight":0.20900000000000002},"num_concepts_raised":3514},{"base_id":252,"kind":"top_words","i1":4,"i2":6,"sol":{"path":["/c/en/treaty","/c/fr/traité","/c/fr/enfreindre","/c/en/violate"],"weight":0.222129999999999},"num_concepts_raised":40947},{"base_id":252,"kind":"top_words","i1":4,"i2":7,"sol":{"path":["/c/en/treaty","/c/en/agreement","/c/en/legal","/c/en/statute"],"weight":0.225409999999999},"num_concepts_raised":41521},{"base_id":252,"kind":"top_words","i1":4,"i2":8,"sol":{"path":["/c/en/treaty","/c/en/agreement","/c/en/legal","/c/en/constitutional"],"weight":0.21974999999999956},"num_concepts_raised":32960},{"base_id":252,"kind":"top_words","i1":4,"i2":9,"sol":{"path":["/c/en/treaty","/c/en/composition","/c/en/constitution"],"weight":0.20700000000000002},"num_concepts_raised":737},{"base_id":252,"kind":"top_words","i1":5,"i2":6,"sol":{"path":["/c/en/law","/c/en/break","/c/en/violate"],"weight":0.20800000000000002},"num_concepts_raised":3514},{"base_id":252,"kind":"top_words","i1":5,"i2":7,"sol":{"path":["/c/en/law","/c/en/statute"],"weight":0.20800000000000002},"num_concepts_raised":3339},{"base_id":252,"kind":"top_words","i1":5,"i2":8,"sol":{"path":["/c/en/law","/c/en/constitution","/c/en/constitutional"],"weight":0.20800000000000002},"num_concepts_raised":3327},{"base_id":252,"kind":"top_words","i1":5,"i2":9,"sol":{"path":["/c/en/law","/c/en/constitution"],"weight":0.21000000000000002},"num_concepts_raised":3645},{"base_id":252,"kind":"top_words","i1":6,"i2":7,"sol":{"path":["/c/en/violate","/c/en/break","/c/en/law","/c/en/statute"],"weight":0.21769999999999884},"num_concepts_raised":36436},{"base_id":252,"kind":"top_words","i1":6,"i2":8,"sol":{"path":["/c/en/violate","/c/en/break","/c/en/legal","/c/en/constitutional"],"weight":0.21110999999999935},"num_concepts_raised":27651},{"base_id":252,"kind":"top_words","i1":6,"i2":9,"sol":{"path":["/c/en/violate","/c/zh/違憲","/c/en/constitution"],"weight":0.20400000000000001},"num_concepts_raised":742},{"base_id":252,"kind":"top_words","i1":7,"i2":8,"sol":{"path":["/c/en/statute","/c/en/legal","/c/en/constitutional"],"weight":0.20400000000000001},"num_concepts_raised":281},{"base_id":252,"kind":"top_words","i1":7,"i2":9,"sol":{"path":["/c/en/statute","/c/en/law","/c/en/constitution"],"weight":0.20700000000000002},"num_concepts_raised":624},{"base_id":252,"kind":"top_words","i1":8,"i2":9,"sol":{"path":["/c/en/constitutional","/c/en/constitution"],"weight":0.20600000000000002},"num_concepts_raised":538}]]