[[{"base_id":605,"kind":"bot_words","i1":0,"i2":1,"sol":{"path":["/c/en/despond","/c/en/despair","/c/fr/désespoir","/c/fr/passer","/c/en/motorcycle","/c/en/motorcycling"],"weight":0.21701029999999966},"num_concepts_raised":181664},{"base_id":605,"kind":"bot_words","i1":0,"i2":2,"sol":{"path":["/c/en/despond","/c/en/despair","/c/en/cry","/c/en/sound","/c/en/hydrophone"],"weight":0.20911999999999978},"num_concepts_raised":5918},{"base_id":605,"kind":"bot_words","i1":0,"i2":3,"sol":{"path":["/c/en/despond","/c/en/despair","/c/en/person","/c/en/liar","/c/en/lair"],"weight":0.20735999999999968},"num_concepts_raised":17674},{"base_id":605,"kind":"bot_words","i1":0,"i2":4,"sol":{"path":["/c/en/despond","/c/en/despair","/c/en/person","/c/en/rock","/c/en/leucite"],"weight":0.2093199999999999},"num_concepts_raised":18014},{"base_id":605,"kind":"bot_words","i1":0,"i2":5,"sol":{"path":["/c/en/despond","/c/en/despair","/c/en/person","/c/en/student","/c/en/intern"],"weight":0.20604999999999987},"num_concepts_raised":25254},{"base_id":605,"kind":"bot_words","i1":0,"i2":6,"sol":{"path":["/c/en/despond","/c/en/despair","/c/en/condition","/c/ar/كيف","/c/en/kif"],"weight":0.2038099999999999},"num_concepts_raised":10644},{"base_id":605,"kind":"bot_words","i1":0,"i2":7,"sol":{"path":["/c/en/despond","/c/en/despair","/c/en/person","/c/en/hand","/c/en/forehand"],"weight":0.20957999999999982},"num_concepts_raised":12801},{"base_id":605,"kind":"bot_words","i1":0,"i2":8,"sol":{"path":["/c/en/despond","/c/en/despair","/c/en/deep","/c/en/trench"],"weight":0.20946999999999966},"num_concepts_raised":27463},{"base_id":605,"kind":"bot_words","i1":0,"i2":9,"sol":{"path":["/c/en/despond","/c/en/despair","/c/en/person","/c/en/land","/c/en/grassland"],"weight":0.20717999999999975},"num_concepts_raised":16757},{"base_id":605,"kind":"bot_words","i1":1,"i2":2,"sol":{"path":["/c/en/motorcycling","/c/en/motorcycle","/c/en/motor","/c/en/convert","/c/en/hydrophone"],"weight":0.2173099999999997},"num_concepts_raised":7012},{"base_id":605,"kind":"bot_words","i1":1,"i2":3,"sol":{"path":["/c/en/motorcycling","/c/en/superman","/c/en/superhero","/c/en/lair"],"weight":0.2103499999999996},"num_concepts_raised":18738},{"base_id":605,"kind":"bot_words","i1":1,"i2":4,"sol":{"path":["/c/en/motorcycling","/c/en/motorcycle","/c/en/garage","/c/en/rock","/c/en/leucite"],"weight":0.2174399999999998},"num_concepts_raised":19102},{"base_id":605,"kind":"bot_words","i1":1,"i2":5,"sol":{"path":["/c/en/motorcycling","/c/en/sx","/c/en/computing","/c/en/intern"],"weight":0.20992999999999978},"num_concepts_raised":26308},{"base_id":605,"kind":"bot_words","i1":1,"i2":6,"sol":{"path":["/c/en/motorcycling","/c/en/sx","/c/en/computing","/c/en/kif"],"weight":0.20779999999999982},"num_concepts_raised":11727},{"base_id":605,"kind":"bot_words","i1":1,"i2":7,"sol":{"path":["/c/en/motorcycling","/c/en/superman","/c/en/hand","/c/en/forehand"],"weight":0.21360999999999974},"num_concepts_raised":13828},{"base_id":605,"kind":"bot_words","i1":1,"i2":8,"sol":{"path":["/c/en/motorcycling","/c/en/squid","/c/en/military","/c/en/trench"],"weight":0.21387999999999957},"num_concepts_raised":28491},{"base_id":605,"kind":"bot_words","i1":1,"i2":9,"sol":{"path":["/c/en/motorcycling","/c/en/motorcycle","/c/en/s","/c/en/meadow","/c/en/grassland"],"weight":0.21780999999999967},"num_concepts_raised":17849},{"base_id":605,"kind":"bot_words","i1":2,"i2":3,"sol":{"path":["/c/en/hydrophone","/c/en/underwater","/c/el/θαλάμι","/c/en/lair"],"weight":0.21030999999999955},"num_concepts_raised":22301},{"base_id":605,"kind":"bot_words","i1":2,"i2":4,"sol":{"path":["/c/en/hydrophone","/c/en/underwater","/c/en/water","/c/en/mineral","/c/en/leucite"],"weight":0.21552999999999972},"num_concepts_raised":22737},{"base_id":605,"kind":"bot_words","i1":2,"i2":5,"sol":{"path":["/c/en/hydrophone","/c/en/signal","/c/en/computing","/c/en/intern"],"weight":0.20998999999999973},"num_concepts_raised":29791},{"base_id":605,"kind":"bot_words","i1":2,"i2":6,"sol":{"path":["/c/en/hydrophone","/c/en/signal","/c/en/computing","/c/en/kif"],"weight":0.20785999999999977},"num_concepts_raised":15316},{"base_id":605,"kind":"bot_words","i1":2,"i2":7,"sol":{"path":["/c/en/hydrophone","/c/en/waves","/c/en/surfing","/c/en/forehand"],"weight":0.21354999999999968},"num_concepts_raised":17454},{"base_id":605,"kind":"bot_words","i1":2,"i2":8,"sol":{"path":["/c/en/hydrophone","/c/en/sound","/c/en/deep","/c/en/trench"],"weight":0.2135799999999995},"num_concepts_raised":31966},{"base_id":605,"kind":"bot_words","i1":2,"i2":9,"sol":{"path":["/c/en/hydrophone","/c/en/sound","/c/fr/géographie","/c/en/grassland"],"weight":0.2101899999999996},"num_concepts_raised":21454},{"base_id":605,"kind":"bot_words","i1":3,"i2":4,"sol":{"path":["/c/en/lair","/c/en/den","/c/en/rock","/c/en/leucite"],"weight":0.2156299999999996},"num_concepts_raised":34241},{"base_id":605,"kind":"bot_words","i1":3,"i2":5,"sol":{"path":["/c/en/lair","/c/en/den","/c/en/desk","/c/en/intern"],"weight":0.21219999999999956},"num_concepts_raised":41153},{"base_id":605,"kind":"bot_words","i1":3,"i2":6,"sol":{"path":["/c/en/lair","/c/en/nest","/c/en/computing","/c/en/kif"],"weight":0.20577999999999966},"num_concepts_raised":26947},{"base_id":605,"kind":"bot_words","i1":3,"i2":7,"sol":{"path":["/c/en/lair","/c/en/scotland","/c/en/afterhand","/c/en/forehand"],"weight":0.2127899999999996},"num_concepts_raised":28845},{"base_id":605,"kind":"bot_words","i1":3,"i2":8,"sol":{"path":["/c/en/lair","/c/fa/چال","/c/en/trench"],"weight":0.202},"num_concepts_raised":476},{"base_id":605,"kind":"bot_words","i1":3,"i2":9,"sol":{"path":["/c/en/lair","/c/en/fox","/c/en/meadow","/c/en/grassland"],"weight":0.2110299999999995},"num_concepts_raised":32661},{"base_id":605,"kind":"bot_words","i1":4,"i2":5,"sol":{"path":["/c/en/leucite","/c/en/white","/c/en/doctor","/c/en/intern"],"weight":0.21018999999999982},"num_concepts_raised":41932},{"base_id":605,"kind":"bot_words","i1":4,"i2":6,"sol":{"path":["/c/en/leucite","/c/en/botany","/c/en/trichome","/c/en/kif"],"weight":0.20797999999999986},"num_concepts_raised":27432},{"base_id":605,"kind":"bot_words","i1":4,"i2":7,"sol":{"path":["/c/en/leucite","/c/en/rock","/c/en/hand","/c/en/forehand"],"weight":0.2138499999999998},"num_concepts_raised":29446},{"base_id":605,"kind":"bot_words","i1":4,"i2":8,"sol":{"path":["/c/en/leucite","/c/en/mineral","/c/en/water","/c/en/ditch","/c/en/trench"],"weight":0.21856999999999957},"num_concepts_raised":43945},{"base_id":605,"kind":"bot_words","i1":4,"i2":9,"sol":{"path":["/c/en/leucite","/c/en/rock","/c/en/steppe","/c/en/grassland"],"weight":0.21260999999999972},"num_concepts_raised":33432},{"base_id":605,"kind":"bot_words","i1":5,"i2":6,"sol":{"path":["/c/en/intern","/c/en/computing","/c/en/kif"],"weight":0.202},"num_concepts_raised":149},{"base_id":605,"kind":"bot_words","i1":5,"i2":7,"sol":{"path":["/c/en/intern","/c/en/computing","/c/en/return","/c/en/forehand"],"weight":0.21047999999999978},"num_concepts_raised":36361},{"base_id":605,"kind":"bot_words","i1":5,"i2":8,"sol":{"path":["/c/en/intern","/c/fr/interne","/c/fr/saignée","/c/en/trench"],"weight":0.21248999999999957},"num_concepts_raised":50476},{"base_id":605,"kind":"bot_words","i1":5,"i2":9,"sol":{"path":["/c/en/intern","/c/fr/faire","/c/en/pasture","/c/en/grassland"],"weight":0.2094999999999997},"num_concepts_raised":40610},{"base_id":605,"kind":"bot_words","i1":6,"i2":7,"sol":{"path":["/c/en/kif","/c/en/computing","/c/en/return","/c/en/forehand"],"weight":0.2083399999999998},"num_concepts_raised":22069},{"base_id":605,"kind":"bot_words","i1":6,"i2":8,"sol":{"path":["/c/en/kif","/c/en/computing","/c/en/pit","/c/en/trench"],"weight":0.20839999999999964},"num_concepts_raised":36529},{"base_id":605,"kind":"bot_words","i1":6,"i2":9,"sol":{"path":["/c/en/kif","/c/en/marijuana","/c/en/grass","/c/en/grassland"],"weight":0.20611999999999975},"num_concepts_raised":26134},{"base_id":605,"kind":"bot_words","i1":7,"i2":8,"sol":{"path":["/c/en/forehand","/c/it/diritto","/c/en/right","/c/en/trench"],"weight":0.21505999999999953},"num_concepts_raised":38235},{"base_id":605,"kind":"bot_words","i1":7,"i2":9,"sol":{"path":["/c/en/forehand","/c/it/diritto","/c/en/plain","/c/en/grassland"],"weight":0.21392999999999968},"num_concepts_raised":28201},{"base_id":605,"kind":"bot_words","i1":8,"i2":9,"sol":{"path":["/c/en/trench","/c/en/fleam","/c/en/meadow","/c/en/grassland"],"weight":0.21297999999999948},"num_concepts_raised":42582}],[{"base_id":605,"kind":"top_words","i1":0,"i2":1,"sol":{"path":["/c/en/subspace","/c/en/sub","/c/en/internet","/c/en/feedburner","/c/en/rss"],"weight":0.2083599999999996},"num_concepts_raised":13693},{"base_id":605,"kind":"top_words","i1":0,"i2":2,"sol":{"path":["/c/en/subspace","/c/en/space","/c/en/long","/c/en/int"],"weight":0.20415999999999976},"num_concepts_raised":20526},{"base_id":605,"kind":"top_words","i1":0,"i2":3,"sol":{"path":["/c/en/subspace","/c/en/mathematics","/c/en/geometry","/c/en/dodecahedron"],"weight":0.20489999999999986},"num_concepts_raised":20986},{"base_id":605,"kind":"top_words","i1":0,"i2":4,"sol":{"path":["/c/en/subspace","/c/en/mathematics","/c/en/concordant","/c/en/amicable"],"weight":0.20504999999999973},"num_concepts_raised":25654},{"base_id":605,"kind":"top_words","i1":0,"i2":5,"sol":{"path":["/c/en/subspace","/c/en/atlas","/c/en/country","/c/en/tenochtitlan"],"weight":0.20872999999999964},"num_concepts_raised":16136},{"base_id":605,"kind":"top_words","i1":0,"i2":6,"sol":{"path":["/c/en/subspace","/c/en/science_fiction","/c/en/cloak","/c/en/himation","/c/en/peplum"],"weight":0.20411999999999983},"num_concepts_raised":16703},{"base_id":605,"kind":"top_words","i1":0,"i2":7,"sol":{"path":["/c/en/subspace","/c/en/flag","/c/en/game","/c/en/pueblo"],"weight":0.20836999999999967},"num_concepts_raised":20986},{"base_id":605,"kind":"top_words","i1":0,"i2":8,"sol":{"path":["/c/en/subspace","/c/en/space","/c/en/place","/c/en/lewiston"],"weight":0.20812999999999976},"num_concepts_raised":21288},{"base_id":605,"kind":"top_words","i1":0,"i2":9,"sol":{"path":["/c/en/subspace","/c/en/psychological","/c/en/health","/c/en/convalesce"],"weight":0.20348999999999973},"num_concepts_raised":17474},{"base_id":605,"kind":"top_words","i1":1,"i2":2,"sol":{"path":["/c/en/rss","/c/en/syndication","/c/en/news","/c/en/intelligence","/c/en/int"],"weight":0.20816999999999963},"num_concepts_raised":7574},{"base_id":605,"kind":"top_words","i1":1,"i2":3,"sol":{"path":["/c/en/rss","/c/en/syndication","/c/en/feature","/c/en/face","/c/en/dodecahedron"],"weight":0.20952999999999977},"num_concepts_raised":8193},{"base_id":605,"kind":"top_words","i1":1,"i2":4,"sol":{"path":["/c/en/rss","/c/en/feedburner","/c/en/custom","/c/en/regular","/c/en/amicable"],"weight":0.20999999999999963},"num_concepts_raised":12582},{"base_id":605,"kind":"top_words","i1":1,"i2":5,"sol":{"path":["/c/en/rss","/c/en/syndication","/c/en/organization","/c/en/country","/c/en/tenochtitlan"],"weight":0.21377999999999953},"num_concepts_raised":2928},{"base_id":605,"kind":"top_words","i1":1,"i2":6,"sol":{"path":["/c/en/rss","/c/fr/rss","/c/fr/histoire","/c/en/chlamys","/c/en/peplum"],"weight":0.20825999999999972},"num_concepts_raised":3478},{"base_id":605,"kind":"top_words","i1":1,"i2":7,"sol":{"path":["/c/en/rss","/c/en/feedburner","/c/en/internet","/c/en/community","/c/en/pueblo"],"weight":0.2135099999999996},"num_concepts_raised":7823},{"base_id":605,"kind":"top_words","i1":1,"i2":8,"sol":{"path":["/c/en/rss","/c/en/syndication","/c/en/organization","/c/en/place","/c/en/lewiston"],"weight":0.21310999999999966},"num_concepts_raised":8251},{"base_id":605,"kind":"top_words","i1":1,"i2":9,"sol":{"path":["/c/en/rss","/c/en/syndication","/c/en/organization","/c/en/health","/c/en/convalesce"],"weight":0.20859999999999965},"num_concepts_raised":4254},{"base_id":605,"kind":"top_words","i1":2,"i2":3,"sol":{"path":["/c/en/int","/c/en/programming","/c/en/solid","/c/en/dodecahedron"],"weight":0.20413999999999993},"num_concepts_raised":15242},{"base_id":605,"kind":"top_words","i1":2,"i2":4,"sol":{"path":["/c/en/int","/c/en/intelligence","/c/en/hostile","/c/en/amicable"],"weight":0.20480999999999983},"num_concepts_raised":19596},{"base_id":605,"kind":"top_words","i1":2,"i2":5,"sol":{"path":["/c/en/int","/c/en/integer","/c/en/population","/c/en/country","/c/en/tenochtitlan"],"weight":0.2095699999999997},"num_concepts_raised":10061},{"base_id":605,"kind":"top_words","i1":2,"i2":6,"sol":{"path":["/c/en/int","/c/en/long","/c/en/street","/c/en/palla","/c/en/peplum"],"weight":0.2048899999999999},"num_concepts_raised":10624},{"base_id":605,"kind":"top_words","i1":2,"i2":7,"sol":{"path":["/c/en/int","/c/en/rpg","/c/en/game","/c/en/pueblo"],"weight":0.20814999999999972},"num_concepts_raised":14910},{"base_id":605,"kind":"top_words","i1":2,"i2":8,"sol":{"path":["/c/en/int","/c/en/integer","/c/en/set","/c/en/place","/c/en/lewiston"],"weight":0.20891999999999983},"num_concepts_raised":15327},{"base_id":605,"kind":"top_words","i1":2,"i2":9,"sol":{"path":["/c/en/int","/c/en/not","/c/en/weakness","/c/en/convalesce"],"weight":0.20324999999999982},"num_concepts_raised":11389},{"base_id":605,"kind":"top_words","i1":3,"i2":4,"sol":{"path":["/c/en/dodecahedron","/c/en/regular","/c/en/amicable"],"weight":0.202},"num_concepts_raised":207},{"base_id":605,"kind":"top_words","i1":3,"i2":5,"sol":{"path":["/c/en/dodecahedron","/c/en/geometry","/c/en/side","/c/en/country","/c/en/tenochtitlan"],"weight":0.21008999999999983},"num_concepts_raised":10700},{"base_id":605,"kind":"top_words","i1":3,"i2":6,"sol":{"path":["/c/en/dodecahedron","/c/en/face","/c/en/veil","/c/en/peplum"],"weight":0.20417000000000002},"num_concepts_raised":11234},{"base_id":605,"kind":"top_words","i1":3,"i2":7,"sol":{"path":["/c/en/dodecahedron","/c/en/polyhedron","/c/en/base","/c/en/game","/c/en/pueblo"],"weight":0.21058999999999986},"num_concepts_raised":15567},{"base_id":605,"kind":"top_words","i1":3,"i2":8,"sol":{"path":["/c/en/dodecahedron","/c/en/polyhedron","/c/en/base","/c/en/place","/c/en/lewiston"],"weight":0.21021999999999996},"num_concepts_raised":15954},{"base_id":605,"kind":"top_words","i1":3,"i2":9,"sol":{"path":["/c/en/dodecahedron","/c/en/face","/c/en/cover","/c/en/recover","/c/en/convalesce"],"weight":0.20590999999999995},"num_concepts_raised":11996},{"base_id":605,"kind":"top_words","i1":4,"i2":5,"sol":{"path":["/c/en/amicable","/c/en/friendly","/c/en/military","/c/en/country","/c/en/tenochtitlan"],"weight":0.21241999999999966},"num_concepts_raised":15069},{"base_id":605,"kind":"top_words","i1":4,"i2":6,"sol":{"path":["/c/en/amicable","/c/en/amiable","/c/en/friend","/c/en/film","/c/en/peplum"],"weight":0.20733999999999989},"num_concepts_raised":15640},{"base_id":605,"kind":"top_words","i1":4,"i2":7,"sol":{"path":["/c/en/amicable","/c/en/friendly","/c/en/game","/c/en/pueblo"],"weight":0.21209999999999973},"num_concepts_raised":19915},{"base_id":605,"kind":"top_words","i1":4,"i2":8,"sol":{"path":["/c/en/amicable","/c/en/friendly","/c/en/social","/c/en/place","/c/en/lewiston"],"weight":0.2117899999999998},"num_concepts_raised":20342},{"base_id":605,"kind":"top_words","i1":4,"i2":9,"sol":{"path":["/c/en/amicable","/c/fr/droit","/c/fr/remettre","/c/en/convalesce"],"weight":0.2051099999999998},"num_concepts_raised":16348},{"base_id":605,"kind":"top_words","i1":5,"i2":6,"sol":{"path":["/c/en/tenochtitlan","/c/en/aztec","/c/en/ball_game","/c/en/palla","/c/en/peplum"],"weight":0.20952999999999977},"num_concepts_raised":5999},{"base_id":605,"kind":"top_words","i1":5,"i2":7,"sol":{"path":["/c/en/tenochtitlan","/c/en/country","/c/en/village","/c/en/pueblo"],"weight":0.2139199999999996},"num_concepts_raised":10194},{"base_id":605,"kind":"top_words","i1":5,"i2":8,"sol":{"path":["/c/en/tenochtitlan","/c/en/country","/c/en/town","/c/en/lewiston"],"weight":0.2135099999999997},"num_concepts_raised":10596},{"base_id":605,"kind":"top_words","i1":5,"i2":9,"sol":{"path":["/c/en/tenochtitlan","/c/en/country","/c/zh/復國","/c/en/recover","/c/en/convalesce"],"weight":0.21010999999999969},"num_concepts_raised":6773},{"base_id":605,"kind":"top_words","i1":6,"i2":7,"sol":{"path":["/c/en/peplum","/c/en/palla","/c/en/street","/c/en/village","/c/en/pueblo"],"weight":0.20925999999999984},"num_concepts_raised":10876},{"base_id":605,"kind":"top_words","i1":6,"i2":8,"sol":{"path":["/c/en/peplum","/c/en/palla","/c/en/historical","/c/en/town","/c/en/lewiston"],"weight":0.20883999999999991},"num_concepts_raised":11301},{"base_id":605,"kind":"top_words","i1":6,"i2":9,"sol":{"path":["/c/en/peplum","/c/en/film","/c/fr/médecine","/c/en/recover","/c/en/convalesce"],"weight":0.20447999999999988},"num_concepts_raised":7327},{"base_id":605,"kind":"top_words","i1":7,"i2":8,"sol":{"path":["/c/en/pueblo","/c/en/county_seat","/c/en/lewiston"],"weight":0.20600000000000002},"num_concepts_raised":74},{"base_id":605,"kind":"top_words","i1":7,"i2":9,"sol":{"path":["/c/en/pueblo","/c/en/community","/c/la/con","/c/en/convalesce"],"weight":0.20856999999999973},"num_concepts_raised":11650},{"base_id":605,"kind":"top_words","i1":8,"i2":9,"sol":{"path":["/c/en/lewiston","/c/en/place","/c/en/cover","/c/en/recover","/c/en/convalesce"],"weight":0.20948999999999984},"num_concepts_raised":12061}]]