[[{"base_id":624,"kind":"bot_words","i1":0,"i2":1,"sol":{"path":["/c/en/frail","/c/en/slang","/c/en/iron","/c/en/chromite"],"weight":0.21186999999999967},"num_concepts_raised":57545},{"base_id":624,"kind":"bot_words","i1":0,"i2":2,"sol":{"path":["/c/en/frail","/c/en/person","/c/en/biology","/c/en/zygomorphic"],"weight":0.20577999999999963},"num_concepts_raised":61356},{"base_id":624,"kind":"bot_words","i1":0,"i2":3,"sol":{"path":["/c/en/frail","/c/en/slang","/c/en/mono","/c/en/stereophonic"],"weight":0.20741999999999966},"num_concepts_raised":52913},{"base_id":624,"kind":"bot_words","i1":0,"i2":4,"sol":{"path":["/c/en/frail","/c/en/weak","/c/en/ability","/c/en/proficiency"],"weight":0.2112799999999993},"num_concepts_raised":62526},{"base_id":624,"kind":"bot_words","i1":0,"i2":5,"sol":{"path":["/c/en/frail","/c/en/slang","/c/en/bird","/c/en/mockingbird"],"weight":0.21796999999999958},"num_concepts_raised":55122},{"base_id":624,"kind":"bot_words","i1":0,"i2":6,"sol":{"path":["/c/en/frail","/c/en/person","/c/en/deaf","/c/en/deafen"],"weight":0.21009999999999956},"num_concepts_raised":53481},{"base_id":624,"kind":"bot_words","i1":0,"i2":7,"sol":{"path":["/c/en/frail","/c/en/break","/c/ru/перерыв","/c/en/adjournment"],"weight":0.2080299999999996},"num_concepts_raised":50373},{"base_id":624,"kind":"bot_words","i1":0,"i2":8,"sol":{"path":["/c/en/frail","/c/en/weak","/c/en/steel","/c/en/hyundai"],"weight":0.2138599999999995},"num_concepts_raised":54765},{"base_id":624,"kind":"bot_words","i1":0,"i2":9,"sol":{"path":["/c/en/frail","/c/en/weak","/c/en/religion","/c/en/clustering"],"weight":0.20883999999999958},"num_concepts_raised":64754},{"base_id":624,"kind":"bot_words","i1":1,"i2":2,"sol":{"path":["/c/en/chromite","/c/en/species","/c/en/biology","/c/en/zygomorphic"],"weight":0.20884},"num_concepts_raised":24080},{"base_id":624,"kind":"bot_words","i1":1,"i2":3,"sol":{"path":["/c/en/chromite","/c/en/iron","/c/fr/chaîne","/c/en/stereo","/c/en/stereophonic"],"weight":0.21267000000000003},"num_concepts_raised":16074},{"base_id":624,"kind":"bot_words","i1":1,"i2":4,"sol":{"path":["/c/en/chromite","/c/en/mineral","/c/en/matter","/c/en/skill","/c/en/proficiency"],"weight":0.21398999999999968},"num_concepts_raised":26165},{"base_id":624,"kind":"bot_words","i1":1,"i2":5,"sol":{"path":["/c/en/chromite","/c/en/mineral","/c/en/animal","/c/en/bird","/c/en/mockingbird"],"weight":0.22323999999999997},"num_concepts_raised":18003},{"base_id":624,"kind":"bot_words","i1":1,"i2":6,"sol":{"path":["/c/en/chromite","/c/en/mineral","/c/en/bottle","/c/en/dialectal","/c/en/deafen"],"weight":0.21214999999999995},"num_concepts_raised":16489},{"base_id":624,"kind":"bot_words","i1":1,"i2":7,"sol":{"path":["/c/en/chromite","/c/en/mineral","/c/en/animal","/c/en/seal","/c/en/adjournment"],"weight":0.21194999999999997},"num_concepts_raised":13226},{"base_id":624,"kind":"bot_words","i1":1,"i2":8,"sol":{"path":["/c/en/chromite","/c/en/iron","/c/en/steel","/c/en/hyundai"],"weight":0.21401999999999988},"num_concepts_raised":17981},{"base_id":624,"kind":"bot_words","i1":1,"i2":9,"sol":{"path":["/c/en/chromite","/c/en/chrome","/c/en/computing","/c/en/clustering"],"weight":0.20900999999999992},"num_concepts_raised":28564},{"base_id":624,"kind":"bot_words","i1":2,"i2":3,"sol":{"path":["/c/en/zygomorphic","/c/en/biology","/c/en/reproduction","/c/en/stereophonic"],"weight":0.20327999999999996},"num_concepts_raised":19785},{"base_id":624,"kind":"bot_words","i1":2,"i2":4,"sol":{"path":["/c/en/zygomorphic","/c/en/symmetry","/c/la/competentia","/c/pt/competência","/c/en/proficiency"],"weight":0.20685999999999963},"num_concepts_raised":29910},{"base_id":624,"kind":"bot_words","i1":2,"i2":5,"sol":{"path":["/c/en/zygomorphic","/c/en/biology","/c/en/mimic","/c/en/mockingbird"],"weight":0.2128699999999999},"num_concepts_raised":21875},{"base_id":624,"kind":"bot_words","i1":2,"i2":6,"sol":{"path":["/c/en/zygomorphic","/c/en/biology","/c/en/person","/c/en/deaf","/c/en/deafen"],"weight":0.20721999999999988},"num_concepts_raised":20263},{"base_id":624,"kind":"bot_words","i1":2,"i2":7,"sol":{"path":["/c/en/zygomorphic","/c/en/biology","/c/ru/отложить","/c/en/adjourn","/c/en/adjournment"],"weight":0.20584999999999992},"num_concepts_raised":16994},{"base_id":624,"kind":"bot_words","i1":2,"i2":8,"sol":{"path":["/c/en/zygomorphic","/c/en/biology","/c/en/associate","/c/en/company","/c/en/hyundai"],"weight":0.2079999999999998},"num_concepts_raised":21882},{"base_id":624,"kind":"bot_words","i1":2,"i2":9,"sol":{"path":["/c/en/zygomorphic","/c/en/biology","/c/en/population","/c/en/clustering"],"weight":0.2030599999999999},"num_concepts_raised":32241},{"base_id":624,"kind":"bot_words","i1":3,"i2":4,"sol":{"path":["/c/en/stereophonic","/c/en/sound","/c/en/art","/c/en/proficiency"],"weight":0.20540999999999965},"num_concepts_raised":21685},{"base_id":624,"kind":"bot_words","i1":3,"i2":5,"sol":{"path":["/c/en/stereophonic","/c/en/sound","/c/en/bird","/c/en/mockingbird"],"weight":0.21545999999999993},"num_concepts_raised":13738},{"base_id":624,"kind":"bot_words","i1":3,"i2":6,"sol":{"path":["/c/en/stereophonic","/c/en/sound","/c/en/soundproof","/c/en/deafen"],"weight":0.20453999999999992},"num_concepts_raised":12063},{"base_id":624,"kind":"bot_words","i1":3,"i2":7,"sol":{"path":["/c/en/stereophonic","/c/en/distribution","/c/en/rhetoric","/c/en/adjournment"],"weight":0.2041199999999999},"num_concepts_raised":8847},{"base_id":624,"kind":"bot_words","i1":3,"i2":8,"sol":{"path":["/c/en/stereophonic","/c/en/stereo","/c/en/car","/c/en/hyundai"],"weight":0.21171999999999983},"num_concepts_raised":13646},{"base_id":624,"kind":"bot_words","i1":3,"i2":9,"sol":{"path":["/c/en/stereophonic","/c/en/distribution","/c/en/computing","/c/en/clustering"],"weight":0.2034199999999999},"num_concepts_raised":23935},{"base_id":624,"kind":"bot_words","i1":4,"i2":5,"sol":{"path":["/c/en/proficiency","/c/en/skill","/c/en/slang","/c/en/bird","/c/en/mockingbird"],"weight":0.2179499999999996},"num_concepts_raised":23842},{"base_id":624,"kind":"bot_words","i1":4,"i2":6,"sol":{"path":["/c/en/proficiency","/c/en/skill","/c/en/dialectal","/c/en/deafen"],"weight":0.20693999999999957},"num_concepts_raised":22178},{"base_id":624,"kind":"bot_words","i1":4,"i2":7,"sol":{"path":["/c/en/proficiency","/c/en/art","/c/en/rhetoric","/c/en/adjournment"],"weight":0.20580999999999958},"num_concepts_raised":18916},{"base_id":624,"kind":"bot_words","i1":4,"i2":8,"sol":{"path":["/c/en/proficiency","/c/fr/technique","/c/en/engineering","/c/en/hyundai"],"weight":0.2100599999999995},"num_concepts_raised":23596},{"base_id":624,"kind":"bot_words","i1":4,"i2":9,"sol":{"path":["/c/en/proficiency","/c/en/skill","/c/en/writing","/c/en/clustering"],"weight":0.2059599999999996},"num_concepts_raised":33548},{"base_id":624,"kind":"bot_words","i1":5,"i2":6,"sol":{"path":["/c/en/mockingbird","/c/en/bird","/c/en/uk","/c/en/deaf","/c/en/deafen"],"weight":0.21931999999999985},"num_concepts_raised":14148},{"base_id":624,"kind":"bot_words","i1":5,"i2":7,"sol":{"path":["/c/en/mockingbird","/c/en/bird","/c/en/animal","/c/en/seal","/c/en/adjournment"],"weight":0.21588999999999986},"num_concepts_raised":10899},{"base_id":624,"kind":"bot_words","i1":5,"i2":8,"sol":{"path":["/c/en/mockingbird","/c/en/american","/c/en/car","/c/en/hyundai"],"weight":0.21793999999999977},"num_concepts_raised":15761},{"base_id":624,"kind":"bot_words","i1":5,"i2":9,"sol":{"path":["/c/en/mockingbird","/c/en/mocking","/c/en/action","/c/en/clustering"],"weight":0.21299999999999986},"num_concepts_raised":26242},{"base_id":624,"kind":"bot_words","i1":6,"i2":7,"sol":{"path":["/c/en/deafen","/c/en/dialectal","/c/en/seal","/c/en/adjournment"],"weight":0.20484999999999987},"num_concepts_raised":9250},{"base_id":624,"kind":"bot_words","i1":6,"i2":8,"sol":{"path":["/c/en/deafen","/c/en/dialectal","/c/en/steel","/c/en/hyundai"],"weight":0.20908999999999975},"num_concepts_raised":14141},{"base_id":624,"kind":"bot_words","i1":6,"i2":9,"sol":{"path":["/c/en/deafen","/c/en/deaf","/c/en/people","/c/en/population","/c/en/clustering"],"weight":0.2074499999999998},"num_concepts_raised":24614},{"base_id":624,"kind":"bot_words","i1":7,"i2":8,"sol":{"path":["/c/en/adjournment","/c/en/postponement","/c/en/suspension","/c/en/car","/c/en/hyundai"],"weight":0.21037999999999976},"num_concepts_raised":10876},{"base_id":624,"kind":"bot_words","i1":7,"i2":9,"sol":{"path":["/c/en/adjournment","/c/fi/keskeytys","/c/en/computing","/c/en/clustering"],"weight":0.20387999999999984},"num_concepts_raised":21350},{"base_id":624,"kind":"bot_words","i1":8,"i2":9,"sol":{"path":["/c/en/hyundai","/c/en/car","/c/en/computing","/c/en/clustering"],"weight":0.20811999999999975},"num_concepts_raised":25995}],[{"base_id":624,"kind":"top_words","i1":0,"i2":1,"sol":{"path":["/c/en/radio","/c/en/television"],"weight":0.20800000000000002},"num_concepts_raised":2049},{"base_id":624,"kind":"top_words","i1":0,"i2":2,"sol":{"path":["/c/en/radio","/c/en/television","/c/en/channel"],"weight":0.20700000000000002},"num_concepts_raised":1730},{"base_id":624,"kind":"top_words","i1":0,"i2":3,"sol":{"path":["/c/en/radio","/c/en/tv"],"weight":0.20400000000000001},"num_concepts_raised":1199},{"base_id":624,"kind":"top_words","i1":0,"i2":4,"sol":{"path":["/c/en/radio","/c/en/broadcasting"],"weight":0.20800000000000002},"num_concepts_raised":1207},{"base_id":624,"kind":"top_words","i1":0,"i2":5,"sol":{"path":["/c/en/radio","/c/en/broadcast"],"weight":0.20500000000000002},"num_concepts_raised":1353},{"base_id":624,"kind":"top_words","i1":0,"i2":6,"sol":{"path":["/c/en/radio","/c/en/broadcast","/c/en/simulcast"],"weight":0.20600000000000002},"num_concepts_raised":995},{"base_id":624,"kind":"top_words","i1":0,"i2":7,"sol":{"path":["/c/en/radio","/c/en/television","/c/en/television_station","/c/en/itv"],"weight":0.22880999999999765},"num_concepts_raised":84364},{"base_id":624,"kind":"top_words","i1":0,"i2":8,"sol":{"path":["/c/en/radio","/c/en/news","/c/en/newscast"],"weight":0.20600000000000002},"num_concepts_raised":1010},{"base_id":624,"kind":"top_words","i1":0,"i2":9,"sol":{"path":["/c/en/radio","/c/en/broadcast","/c/en/al_jazeera","/c/en/broadcast_network","/c/en/npr"],"weight":0.22984999999999772},"num_concepts_raised":83765},{"base_id":624,"kind":"top_words","i1":1,"i2":2,"sol":{"path":["/c/en/television","/c/en/channel"],"weight":0.20900000000000002},"num_concepts_raised":1935},{"base_id":624,"kind":"top_words","i1":1,"i2":3,"sol":{"path":["/c/en/television","/c/en/tv"],"weight":0.21100000000000002},"num_concepts_raised":1365},{"base_id":624,"kind":"top_words","i1":1,"i2":4,"sol":{"path":["/c/en/television","/c/en/broadcasting"],"weight":0.21000000000000002},"num_concepts_raised":1430},{"base_id":624,"kind":"top_words","i1":1,"i2":5,"sol":{"path":["/c/en/television","/c/en/broadcast"],"weight":0.20600000000000002},"num_concepts_raised":1548},{"base_id":624,"kind":"top_words","i1":1,"i2":6,"sol":{"path":["/c/en/television","/c/en/broadcast","/c/en/simulcast"],"weight":0.20700000000000002},"num_concepts_raised":1208},{"base_id":624,"kind":"top_words","i1":1,"i2":7,"sol":{"path":["/c/en/television","/c/en/television_station","/c/en/itv"],"weight":0.20800000000000002},"num_concepts_raised":1243},{"base_id":624,"kind":"top_words","i1":1,"i2":8,"sol":{"path":["/c/en/television","/c/en/news","/c/en/newscast"],"weight":0.20800000000000002},"num_concepts_raised":1222},{"base_id":624,"kind":"top_words","i1":1,"i2":9,"sol":{"path":["/c/en/television","/c/en/al_jazeera","/c/en/broadcast_network","/c/en/npr"],"weight":0.234559999999999},"num_concepts_raised":80628},{"base_id":624,"kind":"top_words","i1":2,"i2":3,"sol":{"path":["/c/en/channel","/c/en/tv"],"weight":0.20400000000000001},"num_concepts_raised":1010},{"base_id":624,"kind":"top_words","i1":2,"i2":4,"sol":{"path":["/c/en/channel","/c/en/broadcasting"],"weight":0.20800000000000002},"num_concepts_raised":1037},{"base_id":624,"kind":"top_words","i1":2,"i2":5,"sol":{"path":["/c/en/channel","/c/en/transmit","/c/en/broadcast"],"weight":0.20700000000000002},"num_concepts_raised":1190},{"base_id":624,"kind":"top_words","i1":2,"i2":6,"sol":{"path":["/c/en/channel","/c/en/television","/c/en/broadcast","/c/en/simulcast"],"weight":0.22082999999999756},"num_concepts_raised":95173},{"base_id":624,"kind":"top_words","i1":2,"i2":7,"sol":{"path":["/c/en/channel","/c/en/television_station","/c/en/itv"],"weight":0.20800000000000002},"num_concepts_raised":828},{"base_id":624,"kind":"top_words","i1":2,"i2":8,"sol":{"path":["/c/en/channel","/c/en/news","/c/en/newscast"],"weight":0.20600000000000002},"num_concepts_raised":811},{"base_id":624,"kind":"top_words","i1":2,"i2":9,"sol":{"path":["/c/en/channel","/c/en/al_jazeera","/c/en/broadcast_network","/c/en/npr"],"weight":0.2222199999999975},"num_concepts_raised":93131},{"base_id":624,"kind":"top_words","i1":3,"i2":4,"sol":{"path":["/c/en/tv","/c/en/television","/c/en/broadcasting"],"weight":0.20800000000000002},"num_concepts_raised":512},{"base_id":624,"kind":"top_words","i1":3,"i2":5,"sol":{"path":["/c/en/tv","/c/en/television","/c/en/broadcast"],"weight":0.20400000000000001},"num_concepts_raised":663},{"base_id":624,"kind":"top_words","i1":3,"i2":6,"sol":{"path":["/c/en/tv","/c/en/television","/c/en/broadcast","/c/en/simulcast"],"weight":0.21009999999999923},"num_concepts_raised":63794},{"base_id":624,"kind":"top_words","i1":3,"i2":7,"sol":{"path":["/c/en/tv","/c/en/television","/c/en/television_station","/c/en/itv"],"weight":0.21427999999999908},"num_concepts_raised":62222},{"base_id":624,"kind":"top_words","i1":3,"i2":8,"sol":{"path":["/c/en/tv","/c/en/news","/c/en/newscast"],"weight":0.20400000000000001},"num_concepts_raised":284},{"base_id":624,"kind":"top_words","i1":3,"i2":9,"sol":{"path":["/c/en/tv","/c/en/tvs","/c/en/broadcast_network","/c/en/npr"],"weight":0.21048999999999918},"num_concepts_raised":61634},{"base_id":624,"kind":"top_words","i1":4,"i2":5,"sol":{"path":["/c/en/broadcasting","/c/en/broadcast"],"weight":0.20800000000000002},"num_concepts_raised":646},{"base_id":624,"kind":"top_words","i1":4,"i2":6,"sol":{"path":["/c/en/broadcasting","/c/en/broadcast","/c/en/simulcast"],"weight":0.20800000000000002},"num_concepts_raised":289},{"base_id":624,"kind":"top_words","i1":4,"i2":7,"sol":{"path":["/c/en/broadcasting","/c/en/television","/c/en/television_station","/c/en/itv"],"weight":0.22057999999999894},"num_concepts_raised":19766},{"base_id":624,"kind":"top_words","i1":4,"i2":8,"sol":{"path":["/c/en/broadcasting","/c/en/broadcast","/c/en/newscast"],"weight":0.20700000000000002},"num_concepts_raised":305},{"base_id":624,"kind":"top_words","i1":4,"i2":9,"sol":{"path":["/c/en/broadcasting","/c/en/broadcast","/c/en/al_jazeera","/c/en/broadcast_network","/c/en/npr"],"weight":0.222749999999999},"num_concepts_raised":19136},{"base_id":624,"kind":"top_words","i1":5,"i2":6,"sol":{"path":["/c/en/broadcast","/c/en/simulcast"],"weight":0.20400000000000001},"num_concepts_raised":442},{"base_id":624,"kind":"top_words","i1":5,"i2":7,"sol":{"path":["/c/en/broadcast","/c/en/television","/c/en/television_station","/c/en/itv"],"weight":0.21401999999999857},"num_concepts_raised":40245},{"base_id":624,"kind":"top_words","i1":5,"i2":8,"sol":{"path":["/c/en/broadcast","/c/en/newscast"],"weight":0.202},"num_concepts_raised":455},{"base_id":624,"kind":"top_words","i1":5,"i2":9,"sol":{"path":["/c/en/broadcast","/c/en/al_jazeera","/c/en/broadcast_network","/c/en/npr"],"weight":0.21290999999999866},"num_concepts_raised":39630},{"base_id":624,"kind":"top_words","i1":6,"i2":7,"sol":{"path":["/c/en/simulcast","/c/en/broadcast","/c/en/television","/c/en/television_station","/c/en/itv"],"weight":0.20894999999999975},"num_concepts_raised":3663},{"base_id":624,"kind":"top_words","i1":6,"i2":8,"sol":{"path":["/c/en/simulcast","/c/en/broadcast","/c/en/newscast"],"weight":0.203},"num_concepts_raised":55},{"base_id":624,"kind":"top_words","i1":6,"i2":9,"sol":{"path":["/c/en/simulcast","/c/en/broadcast","/c/en/al_jazeera","/c/en/broadcast_network","/c/en/npr"],"weight":0.20865999999999985},"num_concepts_raised":2968},{"base_id":624,"kind":"top_words","i1":7,"i2":8,"sol":{"path":["/c/en/itv","/c/en/television_station","/c/en/television","/c/en/news","/c/en/newscast"],"weight":0.2104399999999997},"num_concepts_raised":4140},{"base_id":624,"kind":"top_words","i1":7,"i2":9,"sol":{"path":["/c/en/itv","/c/en/broadcast_network","/c/en/npr"],"weight":0.20600000000000002},"num_concepts_raised":82},{"base_id":624,"kind":"top_words","i1":8,"i2":9,"sol":{"path":["/c/en/newscast","/c/en/news","/c/en/al_jazeera","/c/en/broadcast_network","/c/en/npr"],"weight":0.2101399999999998},"num_concepts_raised":3450}]]