[[{"base_id":825,"kind":"bot_words","i1":0,"i2":1,"sol":{"path":["/c/en/sloped","/c/en/slope","/c/en/decent","/c/en/indecent","/c/en/indelicate"],"weight":0.2051099999999998},"num_concepts_raised":6708},{"base_id":825,"kind":"bot_words","i1":0,"i2":2,"sol":{"path":["/c/en/sloped","/c/en/hill","/c/en/virginia","/c/en/lexington"],"weight":0.2081699999999998},"num_concepts_raised":9597},{"base_id":825,"kind":"bot_words","i1":0,"i2":3,"sol":{"path":["/c/en/sloped","/c/en/slope","/c/en/military","/c/en/battle_cruiser","/c/en/battlecruiser"],"weight":0.20918999999999977},"num_concepts_raised":5027},{"base_id":825,"kind":"bot_words","i1":0,"i2":4,"sol":{"path":["/c/en/sloped","/c/en/saddle","/c/en/tree","/c/en/deliquescent"],"weight":0.20288999999999985},"num_concepts_raised":30244},{"base_id":825,"kind":"bot_words","i1":0,"i2":5,"sol":{"path":["/c/en/sloped","/c/en/slope","/c/en/mound","/c/en/restraint","/c/en/unreservedly"],"weight":0.20378999999999983},"num_concepts_raised":6098},{"base_id":825,"kind":"bot_words","i1":0,"i2":6,"sol":{"path":["/c/en/sloped","/c/en/slope","/c/en/decline","/c/en/refuse","/c/en/incinerator"],"weight":0.2053899999999999},"num_concepts_raised":7342},{"base_id":825,"kind":"bot_words","i1":0,"i2":7,"sol":{"path":["/c/en/sloped","/c/en/slope","/c/en/es","/c/en/fence","/c/en/paling"],"weight":0.2040199999999998},"num_concepts_raised":8211},{"base_id":825,"kind":"bot_words","i1":0,"i2":8,"sol":{"path":["/c/en/sloped","/c/en/level","/c/fr/registre","/c/en/register"],"weight":0.21355999999999786},"num_concepts_raised":103955},{"base_id":825,"kind":"bot_words","i1":0,"i2":9,"sol":{"path":["/c/en/sloped","/c/en/slope","/c/en/inclination","/c/en/call","/c/en/norn","/c/en/norns"],"weight":0.21269799999999947},"num_concepts_raised":483662},{"base_id":825,"kind":"bot_words","i1":1,"i2":2,"sol":{"path":["/c/en/indelicate","/c/en/delicate","/c/en/fine","/c/en/concord","/c/en/lexington"],"weight":0.2083299999999998},"num_concepts_raised":7054},{"base_id":825,"kind":"bot_words","i1":1,"i2":3,"sol":{"path":["/c/en/indelicate","/c/en/chrome_dome","/c/en/military","/c/en/battle_cruiser","/c/en/battlecruiser"],"weight":0.20820999999999973},"num_concepts_raised":2473},{"base_id":825,"kind":"bot_words","i1":1,"i2":4,"sol":{"path":["/c/en/indelicate","/c/en/delicate","/c/la/de","/c/en/deliquescent"],"weight":0.20297999999999983},"num_concepts_raised":27813},{"base_id":825,"kind":"bot_words","i1":1,"i2":5,"sol":{"path":["/c/en/indelicate","/c/en/indecent","/c/en/shame","/c/en/emotion","/c/en/unreservedly"],"weight":0.20392999999999978},"num_concepts_raised":3552},{"base_id":825,"kind":"bot_words","i1":1,"i2":6,"sol":{"path":["/c/en/indelicate","/c/en/indecent","/c/en/shame","/c/en/burn","/c/en/incinerator"],"weight":0.2045499999999999},"num_concepts_raised":4823},{"base_id":825,"kind":"bot_words","i1":1,"i2":7,"sol":{"path":["/c/en/indelicate","/c/en/tasteless","/c/en/wersh","/c/en/pale","/c/en/paling"],"weight":0.20390999999999976},"num_concepts_raised":5705},{"base_id":825,"kind":"bot_words","i1":1,"i2":8,"sol":{"path":["/c/en/indelicate","/c/en/have_pair","/c/en/us","/c/en/register"],"weight":0.21118999999999785},"num_concepts_raised":101893},{"base_id":825,"kind":"bot_words","i1":1,"i2":9,"sol":{"path":["/c/en/indelicate","/c/en/indecent","/c/th/อุบาทว์","/c/en/fate","/c/en/norn","/c/en/norns"],"weight":0.21245879999999961},"num_concepts_raised":154612},{"base_id":825,"kind":"bot_words","i1":2,"i2":3,"sol":{"path":["/c/en/lexington","/c/en/county_seat","/c/en/armour","/c/en/battle_cruiser","/c/en/battlecruiser"],"weight":0.21352999999999978},"num_concepts_raised":5364},{"base_id":825,"kind":"bot_words","i1":2,"i2":4,"sol":{"path":["/c/en/lexington","/c/en/lafayette_county","/c/en/arkansas","/c/en/branch","/c/en/deliquescent"],"weight":0.2102899999999998},"num_concepts_raised":30706},{"base_id":825,"kind":"bot_words","i1":2,"i2":5,"sol":{"path":["/c/en/lexington","/c/en/county_seat","/c/en/liberty","/c/zh/自由","/c/en/unreservedly"],"weight":0.20814999999999984},"num_concepts_raised":6448},{"base_id":825,"kind":"bot_words","i1":2,"i2":6,"sol":{"path":["/c/en/lexington","/c/en/concord","/c/en/agree","/c/en/refuse","/c/en/incinerator"],"weight":0.2096099999999999},"num_concepts_raised":7712},{"base_id":825,"kind":"bot_words","i1":2,"i2":7,"sol":{"path":["/c/en/lexington","/c/en/tennessee","/c/en/cow","/c/en/fence","/c/en/paling"],"weight":0.2083299999999998},"num_concepts_raised":8604},{"base_id":825,"kind":"bot_words","i1":2,"i2":8,"sol":{"path":["/c/en/lexington","/c/en/concord","/c/en/music","/c/en/register"],"weight":0.21777999999999786},"num_concepts_raised":104642},{"base_id":825,"kind":"bot_words","i1":2,"i2":9,"sol":{"path":["/c/en/lexington","/c/en/usa","/c/en/state","/c/en/say","/c/en/norn","/c/en/norns"],"weight":0.2166243999999997},"num_concepts_raised":340395},{"base_id":825,"kind":"bot_words","i1":3,"i2":4,"sol":{"path":["/c/en/battlecruiser","/c/en/bc","/c/en/chemistry","/c/en/deliquescent"],"weight":0.2081099999999998},"num_concepts_raised":26152},{"base_id":825,"kind":"bot_words","i1":3,"i2":5,"sol":{"path":["/c/en/battlecruiser","/c/fr/croiseur_de_bataille","/c/fr/ordre","/c/en/kind","/c/en/emotion","/c/en/unreservedly"],"weight":0.21214869999999963},"num_concepts_raised":208660},{"base_id":825,"kind":"bot_words","i1":3,"i2":6,"sol":{"path":["/c/en/battlecruiser","/c/en/battle_cruiser","/c/en/military","/c/en/refuse","/c/en/incinerator"],"weight":0.20950999999999986},"num_concepts_raised":3136},{"base_id":825,"kind":"bot_words","i1":3,"i2":7,"sol":{"path":["/c/en/battlecruiser","/c/en/battle_cruiser","/c/en/military","/c/en/stick","/c/en/paling"],"weight":0.20805999999999975},"num_concepts_raised":4026},{"base_id":825,"kind":"bot_words","i1":3,"i2":8,"sol":{"path":["/c/en/battlecruiser","/c/en/bc","/c/en/us","/c/en/register"],"weight":0.2162199999999978},"num_concepts_raised":100336},{"base_id":825,"kind":"bot_words","i1":3,"i2":9,"sol":{"path":["/c/en/battlecruiser","/c/en/battleship","/c/en/vessel","/c/en/witch","/c/is/norn","/c/en/norns"],"weight":0.2151278999999996},"num_concepts_raised":67708},{"base_id":825,"kind":"bot_words","i1":4,"i2":5,"sol":{"path":["/c/en/deliquescent","/c/en/tree","/c/en/like","/c/en/emotion","/c/en/unreservedly"],"weight":0.20290999999999987},"num_concepts_raised":27209},{"base_id":825,"kind":"bot_words","i1":4,"i2":6,"sol":{"path":["/c/en/deliquescent","/c/en/chemistry","/c/en/burn","/c/en/incinerator"],"weight":0.20349999999999996},"num_concepts_raised":28413},{"base_id":825,"kind":"bot_words","i1":4,"i2":7,"sol":{"path":["/c/en/deliquescent","/c/en/tree","/c/en/stick","/c/en/paling"],"weight":0.20298999999999984},"num_concepts_raised":29182},{"base_id":825,"kind":"bot_words","i1":4,"i2":8,"sol":{"path":["/c/en/deliquescent","/c/en/air","/c/en/music","/c/en/register"],"weight":0.2125699999999979},"num_concepts_raised":123927},{"base_id":825,"kind":"bot_words","i1":4,"i2":9,"sol":{"path":["/c/en/deliquescent","/c/en/chemistry","/c/en/ring","/c/en/call","/c/en/norn","/c/en/norns"],"weight":0.21154039999999802},"num_concepts_raised":818220},{"base_id":825,"kind":"bot_words","i1":5,"i2":6,"sol":{"path":["/c/en/unreservedly","/c/en/emotion","/c/en/negative","/c/en/refuse","/c/en/incinerator"],"weight":0.20408999999999994},"num_concepts_raised":4210},{"base_id":825,"kind":"bot_words","i1":5,"i2":7,"sol":{"path":["/c/en/unreservedly","/c/en/restraint","/c/en/chain","/c/en/fence","/c/en/paling"],"weight":0.20280999999999982},"num_concepts_raised":5096},{"base_id":825,"kind":"bot_words","i1":5,"i2":8,"sol":{"path":["/c/en/unreservedly","/c/en/restraint","/c/en/device","/c/en/register"],"weight":0.21100999999999787},"num_concepts_raised":101204},{"base_id":825,"kind":"bot_words","i1":5,"i2":9,"sol":{"path":["/c/en/unreservedly","/c/en/emotion","/c/en/freedom","/c/en/fate","/c/en/norn","/c/en/norns"],"weight":0.2099499999999996},"num_concepts_raised":171205},{"base_id":825,"kind":"bot_words","i1":6,"i2":7,"sol":{"path":["/c/en/incinerator","/c/en/refuse","/c/en/stick","/c/en/paling"],"weight":0.20413999999999988},"num_concepts_raised":6337},{"base_id":825,"kind":"bot_words","i1":6,"i2":8,"sol":{"path":["/c/en/incinerator","/c/en/furnace","/c/en/register"],"weight":0.202},"num_concepts_raised":719},{"base_id":825,"kind":"bot_words","i1":6,"i2":9,"sol":{"path":["/c/en/incinerator","/c/en/refuse","/c/en/speak","/c/en/norn","/c/en/norns"],"weight":0.20928999999999987},"num_concepts_raised":2894},{"base_id":825,"kind":"bot_words","i1":7,"i2":8,"sol":{"path":["/c/en/paling","/c/la/veru","/c/en/book","/c/en/register"],"weight":0.21255999999999786},"num_concepts_raised":103120},{"base_id":825,"kind":"bot_words","i1":7,"i2":9,"sol":{"path":["/c/en/paling","/c/en/fence","/c/en/post","/c/en/call","/c/en/norn","/c/en/norns"],"weight":0.2105896999999996},"num_concepts_raised":358028},{"base_id":825,"kind":"bot_words","i1":8,"i2":9,"sol":{"path":["/c/en/register","/c/en/language","/c/en/norn","/c/en/norns"],"weight":0.2161599999999978},"num_concepts_raised":100113}],[{"base_id":825,"kind":"top_words","i1":0,"i2":1,"sol":{"path":["/c/en/repechage","/c/en/race","/c/en/animal","/c/en/fossil","/c/en/fossilize"],"weight":0.2044599999999998},"num_concepts_raised":13833},{"base_id":825,"kind":"top_words","i1":0,"i2":2,"sol":{"path":["/c/en/repechage","/c/en/sports","/c/en/left_wing","/c/en/left"],"weight":0.22515999999999894},"num_concepts_raised":58682},{"base_id":825,"kind":"top_words","i1":0,"i2":3,"sol":{"path":["/c/en/repechage","/c/en/sports","/c/en/news","/c/en/headlines"],"weight":0.21248999999999987},"num_concepts_raised":19100},{"base_id":825,"kind":"top_words","i1":0,"i2":4,"sol":{"path":["/c/en/repechage","/c/en/sports","/c/en/break","/c/en/fixed","/c/en/unfixed"],"weight":0.2043199999999999},"num_concepts_raised":13870},{"base_id":825,"kind":"top_words","i1":0,"i2":5,"sol":{"path":["/c/en/repechage","/c/en/race","/c/en/foot","/c/en/instep"],"weight":0.20411999999999986},"num_concepts_raised":33827},{"base_id":825,"kind":"top_words","i1":0,"i2":6,"sol":{"path":["/c/en/repechage","/c/en/final","/c/en/rest","/c/en/remaining"],"weight":0.20621999999999946},"num_concepts_raised":20304},{"base_id":825,"kind":"top_words","i1":0,"i2":7,"sol":{"path":["/c/en/repechage","/c/en/sports","/c/en/ore","/c/en/hepatic"],"weight":0.2036799999999998},"num_concepts_raised":15961},{"base_id":825,"kind":"top_words","i1":0,"i2":8,"sol":{"path":["/c/en/repechage","/c/en/sports","/c/en/aggregate","/c/en/lobule"],"weight":0.2033899999999998},"num_concepts_raised":19720},{"base_id":825,"kind":"top_words","i1":0,"i2":9,"sol":{"path":["/c/en/repechage","/c/en/sports","/c/en/goalpost"],"weight":0.202},"num_concepts_raised":113},{"base_id":825,"kind":"top_words","i1":1,"i2":2,"sol":{"path":["/c/en/fossilize","/c/en/senesce","/c/en/turn","/c/en/left"],"weight":0.2221999999999989},"num_concepts_raised":49894},{"base_id":825,"kind":"top_words","i1":1,"i2":3,"sol":{"path":["/c/en/fossilize","/c/en/fossil","/c/en/life","/c/en/news","/c/en/headlines"],"weight":0.21334999999999985},"num_concepts_raised":9204},{"base_id":825,"kind":"top_words","i1":1,"i2":4,"sol":{"path":["/c/en/fossilize","/c/en/fossil","/c/en/linguistics","/c/en/floating","/c/en/unfixed"],"weight":0.20511999999999986},"num_concepts_raised":3777},{"base_id":825,"kind":"top_words","i1":1,"i2":5,"sol":{"path":["/c/en/fossilize","/c/en/fossil","/c/en/animal","/c/en/foot","/c/en/instep"],"weight":0.20504999999999982},"num_concepts_raised":24065},{"base_id":825,"kind":"top_words","i1":1,"i2":6,"sol":{"path":["/c/en/fossilize","/c/en/fossil","/c/en/remains","/c/en/remain","/c/en/remaining"],"weight":0.20811999999999942},"num_concepts_raised":10426},{"base_id":825,"kind":"top_words","i1":1,"i2":7,"sol":{"path":["/c/en/fossilize","/c/en/convert","/c/en/valganciclovir","/c/en/hepatic"],"weight":0.20345999999999978},"num_concepts_raised":5834},{"base_id":825,"kind":"top_words","i1":1,"i2":8,"sol":{"path":["/c/en/fossilize","/c/en/fossil","/c/en/plant","/c/en/botany","/c/en/lobule"],"weight":0.20429999999999976},"num_concepts_raised":9637},{"base_id":825,"kind":"top_words","i1":1,"i2":9,"sol":{"path":["/c/en/fossilize","/c/en/fossil","/c/en/old","/c/en/post","/c/en/goalpost"],"weight":0.20702999999999977},"num_concepts_raised":10268},{"base_id":825,"kind":"top_words","i1":2,"i2":3,"sol":{"path":["/c/en/left","/c/en/hand","/c/en/head","/c/en/headlines"],"weight":0.23370999999999895},"num_concepts_raised":54883},{"base_id":825,"kind":"top_words","i1":2,"i2":4,"sol":{"path":["/c/en/left","/c/en/right","/c/en/fix","/c/en/unfixed"],"weight":0.22911999999999896},"num_concepts_raised":49956},{"base_id":825,"kind":"top_words","i1":2,"i2":5,"sol":{"path":["/c/en/left","/c/en/hand","/c/en/foot","/c/en/instep"],"weight":0.22555999999999893},"num_concepts_raised":69209},{"base_id":825,"kind":"top_words","i1":2,"i2":6,"sol":{"path":["/c/en/left","/c/en/remaining"],"weight":0.20600000000000002},"num_concepts_raised":844},{"base_id":825,"kind":"top_words","i1":2,"i2":7,"sol":{"path":["/c/en/left","/c/en/residue","/c/en/ore","/c/en/hepatic"],"weight":0.22012999999999894},"num_concepts_raised":52102},{"base_id":825,"kind":"top_words","i1":2,"i2":8,"sol":{"path":["/c/en/left","/c/en/sinistrorsal","/c/en/botany","/c/en/lobule"],"weight":0.21993999999999891},"num_concepts_raised":55753},{"base_id":825,"kind":"top_words","i1":2,"i2":9,"sol":{"path":["/c/en/left","/c/en/right","/c/en/upright","/c/en/goalpost"],"weight":0.22982999999999887},"num_concepts_raised":55646},{"base_id":825,"kind":"top_words","i1":3,"i2":4,"sol":{"path":["/c/en/headlines","/c/en/single","/c/en/fix","/c/en/unfixed"],"weight":0.21211999999999992},"num_concepts_raised":9294},{"base_id":825,"kind":"top_words","i1":3,"i2":5,"sol":{"path":["/c/en/headlines","/c/en/head","/c/en/foot","/c/en/instep"],"weight":0.21301999999999988},"num_concepts_raised":29155},{"base_id":825,"kind":"top_words","i1":3,"i2":6,"sol":{"path":["/c/en/headlines","/c/en/news","/c/en/stand","/c/en/remain","/c/en/remaining"],"weight":0.2160199999999995},"num_concepts_raised":15821},{"base_id":825,"kind":"top_words","i1":3,"i2":7,"sol":{"path":["/c/en/headlines","/c/en/head","/c/en/compound","/c/en/hepatic"],"weight":0.21243999999999985},"num_concepts_raised":11351},{"base_id":825,"kind":"top_words","i1":3,"i2":8,"sol":{"path":["/c/en/headlines","/c/en/single","/c/en/botany","/c/en/lobule"],"weight":0.21216999999999983},"num_concepts_raised":15081},{"base_id":825,"kind":"top_words","i1":3,"i2":9,"sol":{"path":["/c/en/headlines","/c/en/news","/c/en/post","/c/en/goalpost"],"weight":0.21507999999999983},"num_concepts_raised":15607},{"base_id":825,"kind":"top_words","i1":4,"i2":5,"sol":{"path":["/c/en/unfixed","/c/en/floating","/c/en/boom","/c/ru/подъём","/c/en/instep"],"weight":0.2055999999999999},"num_concepts_raised":24141},{"base_id":825,"kind":"top_words","i1":4,"i2":6,"sol":{"path":["/c/en/unfixed","/c/en/fixed","/c/la/haesitans","/c/en/remaining"],"weight":0.2056199999999995},"num_concepts_raised":10482},{"base_id":825,"kind":"top_words","i1":4,"i2":7,"sol":{"path":["/c/en/unfixed","/c/en/insecure","/c/en/person","/c/en/liver","/c/en/hepatic"],"weight":0.20567999999999986},"num_concepts_raised":5944},{"base_id":825,"kind":"top_words","i1":4,"i2":8,"sol":{"path":["/c/en/unfixed","/c/en/fixed","/c/en/determinate","/c/en/botany","/c/en/lobule"],"weight":0.20408999999999985},"num_concepts_raised":9735},{"base_id":825,"kind":"top_words","i1":4,"i2":9,"sol":{"path":["/c/en/unfixed","/c/en/fixed","/c/en/past","/c/en/post","/c/en/goalpost"],"weight":0.20680999999999983},"num_concepts_raised":10339},{"base_id":825,"kind":"top_words","i1":5,"i2":6,"sol":{"path":["/c/en/instep","/c/en/foot","/c/en/standing","/c/en/remaining"],"weight":0.20553999999999945},"num_concepts_raised":30635},{"base_id":825,"kind":"top_words","i1":5,"i2":7,"sol":{"path":["/c/en/instep","/c/en/anatomy","/c/en/liver","/c/en/hepatic"],"weight":0.20560999999999982},"num_concepts_raised":25995},{"base_id":825,"kind":"top_words","i1":5,"i2":8,"sol":{"path":["/c/en/instep","/c/en/anatomy","/c/en/lobe","/c/en/lobule"],"weight":0.2049499999999998},"num_concepts_raised":29555},{"base_id":825,"kind":"top_words","i1":5,"i2":9,"sol":{"path":["/c/en/instep","/c/en/anatomy","/c/en/post","/c/en/goalpost"],"weight":0.2066299999999998},"num_concepts_raised":30328},{"base_id":825,"kind":"top_words","i1":6,"i2":7,"sol":{"path":["/c/en/remaining","/c/en/remain","/c/en/life","/c/en/liver","/c/en/hepatic"],"weight":0.20854999999999943},"num_concepts_raised":12582},{"base_id":825,"kind":"top_words","i1":6,"i2":8,"sol":{"path":["/c/en/remaining","/c/en/rest","/c/en/projection","/c/en/lobe","/c/en/lobule"],"weight":0.20709999999999942},"num_concepts_raised":16360},{"base_id":825,"kind":"top_words","i1":6,"i2":9,"sol":{"path":["/c/en/remaining","/c/en/after","/c/en/post","/c/en/goalpost"],"weight":0.20756999999999942},"num_concepts_raised":16813},{"base_id":825,"kind":"top_words","i1":7,"i2":8,"sol":{"path":["/c/en/hepatic","/c/en/liverwort","/c/en/lobule"],"weight":0.20400000000000001},"num_concepts_raised":97},{"base_id":825,"kind":"top_words","i1":7,"i2":9,"sol":{"path":["/c/en/hepatic","/c/en/ore","/c/en/sports","/c/en/goalpost"],"weight":0.20411999999999977},"num_concepts_raised":12409},{"base_id":825,"kind":"top_words","i1":8,"i2":9,"sol":{"path":["/c/en/lobule","/c/en/aggregate","/c/en/sports","/c/en/goalpost"],"weight":0.20381999999999975},"num_concepts_raised":16172}]]