[[{"base_id":376,"kind":"bot_words","i1":0,"i2":1,"sol":{"path":["/c/en/stockholm","/c/en/sweden","/c/en/sound","/c/en/explosion","/c/en/burst"],"weight":0.22014999999999818},"num_concepts_raised":35517},{"base_id":376,"kind":"bot_words","i1":0,"i2":2,"sol":{"path":["/c/en/stockholm","/c/sv/malm","/c/en/lead","/c/en/slip","/c/en/ppp"],"weight":0.2037199999999999},"num_concepts_raised":2267},{"base_id":376,"kind":"bot_words","i1":0,"i2":3,"sol":{"path":["/c/en/stockholm","/c/en/sweden","/c/en/small_dog","/c/en/heat","/c/en/required"],"weight":0.2061999999999995},"num_concepts_raised":15136},{"base_id":376,"kind":"bot_words","i1":0,"i2":4,"sol":{"path":["/c/en/stockholm","/c/en/sweden","/c/en/sound","/c/en/bird","/c/en/munia"],"weight":0.21006999999999973},"num_concepts_raised":5693},{"base_id":376,"kind":"bot_words","i1":0,"i2":5,"sol":{"path":["/c/en/stockholm","/c/en/sweden","/c/en/sound","/c/en/wind"],"weight":0.2442900000000136},"num_concepts_raised":162334},{"base_id":376,"kind":"bot_words","i1":0,"i2":6,"sol":{"path":["/c/en/stockholm","/c/fr/toponyme","/c/fr/port","/c/fr/action","/c/fr/extirpation","/c/en/extirpation"],"weight":0.21138589999999988},"num_concepts_raised":277694},{"base_id":376,"kind":"bot_words","i1":0,"i2":7,"sol":{"path":["/c/en/stockholm","/c/en/sweden","/c/en/sound","/c/en/taste","/c/en/umami"],"weight":0.2052299999999999},"num_concepts_raised":3571},{"base_id":376,"kind":"bot_words","i1":0,"i2":8,"sol":{"path":["/c/en/stockholm","/c/en/sweden","/c/en/country","/c/en/boundaries","/c/en/unbounded"],"weight":0.20490999999999976},"num_concepts_raised":3323},{"base_id":376,"kind":"bot_words","i1":0,"i2":9,"sol":{"path":["/c/en/stockholm","/c/en/sweden","/c/en/sound","/c/en/slang","/c/en/shred"],"weight":0.21291999999999922},"num_concepts_raised":36240},{"base_id":376,"kind":"bot_words","i1":1,"i2":2,"sol":{"path":["/c/en/burst","/c/gv/roie","/c/en/slip","/c/en/ppp"],"weight":0.21517999999999832},"num_concepts_raised":35413},{"base_id":376,"kind":"bot_words","i1":1,"i2":3,"sol":{"path":["/c/en/burst","/c/en/break","/c/en/assemble","/c/en/required"],"weight":0.22030999999999787},"num_concepts_raised":47596},{"base_id":376,"kind":"bot_words","i1":1,"i2":4,"sol":{"path":["/c/en/burst","/c/en/bust","/c/en/slang","/c/en/bird","/c/en/munia"],"weight":0.22501999999999817},"num_concepts_raised":38878},{"base_id":376,"kind":"bot_words","i1":1,"i2":5,"sol":{"path":["/c/en/burst","/c/en/blow","/c/en/wind"],"weight":0.21000000000000002},"num_concepts_raised":2469},{"base_id":376,"kind":"bot_words","i1":1,"i2":6,"sol":{"path":["/c/en/burst","/c/en/break","/c/en/pull","/c/en/extirpation"],"weight":0.21909999999999819},"num_concepts_raised":36240},{"base_id":376,"kind":"bot_words","i1":1,"i2":7,"sol":{"path":["/c/en/burst","/c/en/anger","/c/en/sweetness","/c/en/umami"],"weight":0.21559999999999835},"num_concepts_raised":36736},{"base_id":376,"kind":"bot_words","i1":1,"i2":8,"sol":{"path":["/c/en/burst","/c/pt/estourar","/c/en/limit","/c/en/unbounded"],"weight":0.2185199999999982},"num_concepts_raised":36435},{"base_id":376,"kind":"bot_words","i1":1,"i2":9,"sol":{"path":["/c/en/burst","/c/en/bust","/c/en/tear","/c/en/shred"],"weight":0.22804999999999764},"num_concepts_raised":67304},{"base_id":376,"kind":"bot_words","i1":2,"i2":3,"sol":{"path":["/c/en/ppp","/c/en/purchasing_power_parity","/c/en/price","/c/en/required"],"weight":0.20521999999999962},"num_concepts_raised":15099},{"base_id":376,"kind":"bot_words","i1":2,"i2":4,"sol":{"path":["/c/en/ppp","/c/en/p3","/c/en/us","/c/en/bird","/c/en/munia"],"weight":0.20801999999999987},"num_concepts_raised":5699},{"base_id":376,"kind":"bot_words","i1":2,"i2":5,"sol":{"path":["/c/en/ppp","/c/en/slip","/c/en/weather","/c/en/wind"],"weight":0.2471600000000137},"num_concepts_raised":162135},{"base_id":376,"kind":"bot_words","i1":2,"i2":6,"sol":{"path":["/c/en/ppp","/c/en/slip","/c/la/excido","/c/en/extirpate","/c/en/extirpation"],"weight":0.20389999999999994},"num_concepts_raised":3199},{"base_id":376,"kind":"bot_words","i1":2,"i2":7,"sol":{"path":["/c/en/ppp","/c/en/p3","/c/en/chemistry","/c/en/monosodium_glutamate","/c/en/umami"],"weight":0.20418000000000006},"num_concepts_raised":3571},{"base_id":376,"kind":"bot_words","i1":2,"i2":8,"sol":{"path":["/c/en/ppp","/c/en/pppoe","/c/en/point","/c/en/limit","/c/en/unbounded"],"weight":0.2050399999999999},"num_concepts_raised":3327},{"base_id":376,"kind":"bot_words","i1":2,"i2":9,"sol":{"path":["/c/en/ppp","/c/en/slip","/c/en/strip","/c/en/shred"],"weight":0.21091999999999936},"num_concepts_raised":36152},{"base_id":376,"kind":"bot_words","i1":3,"i2":4,"sol":{"path":["/c/en/required","/c/en/necessary","/c/en/uk","/c/en/bird","/c/en/munia"],"weight":0.21107999999999943},"num_concepts_raised":18548},{"base_id":376,"kind":"bot_words","i1":3,"i2":5,"sol":{"path":["/c/en/required","/c/en/necessary","/c/en/air","/c/en/wind"],"weight":0.25116000000001326},"num_concepts_raised":172827},{"base_id":376,"kind":"bot_words","i1":3,"i2":6,"sol":{"path":["/c/en/required","/c/en/necessary","/c/en/do","/c/en/pull","/c/en/extirpation"],"weight":0.20597999999999955},"num_concepts_raised":16030},{"base_id":376,"kind":"bot_words","i1":3,"i2":7,"sol":{"path":["/c/en/required","/c/en/price","/c/en/profit","/c/ja/旨味","/c/en/umami"],"weight":0.20665999999999965},"num_concepts_raised":16407},{"base_id":376,"kind":"bot_words","i1":3,"i2":8,"sol":{"path":["/c/en/required","/c/en/enough","/c/en/limit","/c/en/unbounded"],"weight":0.20526999999999948},"num_concepts_raised":16117},{"base_id":376,"kind":"bot_words","i1":3,"i2":9,"sol":{"path":["/c/en/required","/c/en/heat","/c/en/slang","/c/en/shred"],"weight":0.21221999999999897},"num_concepts_raised":48537},{"base_id":376,"kind":"bot_words","i1":4,"i2":5,"sol":{"path":["/c/en/munia","/c/en/bird","/c/en/air","/c/en/wind"],"weight":0.2535600000000135},"num_concepts_raised":165331},{"base_id":376,"kind":"bot_words","i1":4,"i2":6,"sol":{"path":["/c/en/munia","/c/en/bird","/c/en/pluck","/c/en/pull","/c/en/extirpation"],"weight":0.20814999999999978},"num_concepts_raised":6636},{"base_id":376,"kind":"bot_words","i1":4,"i2":7,"sol":{"path":["/c/en/munia","/c/en/bird","/c/en/chicken","/c/en/taste","/c/en/umami"],"weight":0.20844999999999986},"num_concepts_raised":7003},{"base_id":376,"kind":"bot_words","i1":4,"i2":8,"sol":{"path":["/c/en/munia","/c/en/bird","/c/en/cap","/c/en/limit","/c/en/unbounded"],"weight":0.20921999999999974},"num_concepts_raised":6757},{"base_id":376,"kind":"bot_words","i1":4,"i2":9,"sol":{"path":["/c/en/munia","/c/en/bird","/c/en/slang","/c/en/shred"],"weight":0.2160799999999992},"num_concepts_raised":39518},{"base_id":376,"kind":"bot_words","i1":5,"i2":6,"sol":{"path":["/c/en/wind","/c/en/hurricane","/c/en/destruction","/c/en/extirpation"],"weight":0.24663000000001364},"num_concepts_raised":162800},{"base_id":376,"kind":"bot_words","i1":5,"i2":7,"sol":{"path":["/c/en/wind","/c/en/gust","/c/en/taste","/c/en/umami"],"weight":0.24883000000001376},"num_concepts_raised":163363},{"base_id":376,"kind":"bot_words","i1":5,"i2":8,"sol":{"path":["/c/en/wind","/c/en/air","/c/en/limit","/c/en/unbounded"],"weight":0.24931000000001355},"num_concepts_raised":163075},{"base_id":376,"kind":"bot_words","i1":5,"i2":9,"sol":{"path":["/c/en/wind","/c/en/slang","/c/en/shred"],"weight":0.20800000000000002},"num_concepts_raised":2121},{"base_id":376,"kind":"bot_words","i1":6,"i2":7,"sol":{"path":["/c/en/extirpation","/c/arc/עקרא","/c/en/herb","/c/en/savory","/c/en/umami"],"weight":0.20422999999999997},"num_concepts_raised":4510},{"base_id":376,"kind":"bot_words","i1":6,"i2":8,"sol":{"path":["/c/en/extirpation","/c/en/destruction","/c/en/set","/c/en/limit","/c/en/unbounded"],"weight":0.20407999999999982},"num_concepts_raised":4261},{"base_id":376,"kind":"bot_words","i1":6,"i2":9,"sol":{"path":["/c/en/extirpation","/c/ar/نزع","/c/en/strip","/c/en/shred"],"weight":0.21100999999999925},"num_concepts_raised":36982},{"base_id":376,"kind":"bot_words","i1":7,"i2":8,"sol":{"path":["/c/en/umami","/c/en/monosodium_glutamate","/c/en/chemistry","/c/en/bound","/c/en/unbounded"],"weight":0.20441999999999994},"num_concepts_raised":4634},{"base_id":376,"kind":"bot_words","i1":7,"i2":9,"sol":{"path":["/c/en/umami","/c/en/taste","/c/en/small_indefinite_quantity","/c/en/shred"],"weight":0.21107999999999938},"num_concepts_raised":37467},{"base_id":376,"kind":"bot_words","i1":8,"i2":9,"sol":{"path":["/c/en/unbounded","/c/en/infinite","/c/en/music","/c/en/shred"],"weight":0.21098999999999923},"num_concepts_raised":37206}],[{"base_id":376,"kind":"top_words","i1":0,"i2":1,"sol":{"path":["/c/en/vajra","/c/ja/金剛","/c/ja/玉","/c/en/king","/c/en/ahasuerus"],"weight":0.2051299999999998},"num_concepts_raised":5767},{"base_id":376,"kind":"top_words","i1":0,"i2":2,"sol":{"path":["/c/en/vajra","/c/sa/वज्र","/c/en/military","/c/en/paint","/c/en/fard"],"weight":0.20622999999999977},"num_concepts_raised":10730},{"base_id":376,"kind":"top_words","i1":0,"i2":3,"sol":{"path":["/c/en/vajra","/c/ja/金剛","/c/en/mineral","/c/en/zoisite"],"weight":0.21264999999999978},"num_concepts_raised":12911},{"base_id":376,"kind":"top_words","i1":0,"i2":4,"sol":{"path":["/c/en/vajra","/c/en/buddhist","/c/en/buddha"],"weight":0.20600000000000002},"num_concepts_raised":299},{"base_id":376,"kind":"top_words","i1":0,"i2":5,"sol":{"path":["/c/en/vajra","/c/en/diamond","/c/en/giving","/c/en/philanthropic","/c/en/altruistically"],"weight":0.20324999999999988},"num_concepts_raised":4702},{"base_id":376,"kind":"top_words","i1":0,"i2":6,"sol":{"path":["/c/en/vajra","/c/sa/वज्र","/c/en/child","/c/en/scuffle","/c/en/confusedly"],"weight":0.2050099999999998},"num_concepts_raised":5183},{"base_id":376,"kind":"top_words","i1":0,"i2":7,"sol":{"path":["/c/en/vajra","/c/en/diamond","/c/en/slang","/c/en/theology","/c/en/filioque"],"weight":0.20830999999999977},"num_concepts_raised":5040},{"base_id":376,"kind":"top_words","i1":0,"i2":8,"sol":{"path":["/c/en/vajra","/c/sa/वज्र","/c/en/hard","/c/en/book","/c/en/hereinafter"],"weight":0.20524999999999977},"num_concepts_raised":10400},{"base_id":376,"kind":"top_words","i1":0,"i2":9,"sol":{"path":["/c/en/vajra","/c/en/indra","/c/en/vali","/c/en/norse_mythology","/c/en/heimdallr"],"weight":0.20823999999999976},"num_concepts_raised":4732},{"base_id":376,"kind":"top_words","i1":1,"i2":2,"sol":{"path":["/c/en/ahasuerus","/c/en/king","/c/en/paint","/c/en/fard"],"weight":0.2039899999999998},"num_concepts_raised":7983},{"base_id":376,"kind":"top_words","i1":1,"i2":3,"sol":{"path":["/c/en/ahasuerus","/c/en/wandering_jew","/c/en/earth","/c/en/mineral","/c/en/zoisite"],"weight":0.2103499999999998},"num_concepts_raised":10174},{"base_id":376,"kind":"top_words","i1":1,"i2":4,"sol":{"path":["/c/en/ahasuerus","/c/en/king","/c/th/พระพุทธเจ้า","/c/en/buddha"],"weight":0.21135999999999933},"num_concepts_raised":10542},{"base_id":376,"kind":"top_words","i1":1,"i2":5,"sol":{"path":["/c/en/ahasuerus","/c/en/king","/c/en/people","/c/en/altruistic","/c/en/altruistically"],"weight":0.2038899999999999},"num_concepts_raised":1918},{"base_id":376,"kind":"top_words","i1":1,"i2":6,"sol":{"path":["/c/en/ahasuerus","/c/en/king","/c/en/slang","/c/en/scuffle","/c/en/confusedly"],"weight":0.20278999999999986},"num_concepts_raised":2406},{"base_id":376,"kind":"top_words","i1":1,"i2":7,"sol":{"path":["/c/en/ahasuerus","/c/en/king","/c/en/type","/c/en/theology","/c/en/filioque"],"weight":0.2079699999999998},"num_concepts_raised":2263},{"base_id":376,"kind":"top_words","i1":1,"i2":8,"sol":{"path":["/c/en/ahasuerus","/c/en/king","/c/en/bible","/c/en/book","/c/en/hereinafter"],"weight":0.20302999999999977},"num_concepts_raised":7668},{"base_id":376,"kind":"top_words","i1":1,"i2":9,"sol":{"path":["/c/en/ahasuerus","/c/en/king","/c/en/kingdom","/c/en/germany","/c/en/norse_mythology","/c/en/heimdallr"],"weight":0.21076499999999954},"num_concepts_raised":156524},{"base_id":376,"kind":"top_words","i1":2,"i2":3,"sol":{"path":["/c/en/fard","/c/en/paint","/c/en/lead","/c/en/mineral","/c/en/zoisite"],"weight":0.21153999999999976},"num_concepts_raised":15128},{"base_id":376,"kind":"top_words","i1":2,"i2":4,"sol":{"path":["/c/en/fard","/c/en/islam","/c/en/bid","/c/en/buddha"],"weight":0.2113399999999993},"num_concepts_raised":15463},{"base_id":376,"kind":"top_words","i1":2,"i2":5,"sol":{"path":["/c/en/fard","/c/en/islam","/c/en/woman","/c/en/misogyny","/c/en/altruistically"],"weight":0.20299999999999987},"num_concepts_raised":6920},{"base_id":376,"kind":"top_words","i1":2,"i2":6,"sol":{"path":["/c/en/fard","/c/en/colour","/c/en/sense","/c/en/confused","/c/en/confusedly"],"weight":0.2039699999999998},"num_concepts_raised":7399},{"base_id":376,"kind":"top_words","i1":2,"i2":7,"sol":{"path":["/c/en/fard","/c/en/paint","/c/en/computing","/c/en/theology","/c/en/filioque"],"weight":0.20912999999999976},"num_concepts_raised":7253},{"base_id":376,"kind":"top_words","i1":2,"i2":8,"sol":{"path":["/c/en/fard","/c/en/paint","/c/en/after","/c/en/hereinafter"],"weight":0.20409999999999975},"num_concepts_raised":12607},{"base_id":376,"kind":"top_words","i1":2,"i2":9,"sol":{"path":["/c/en/fard","/c/en/colour","/c/non/litr","/c/en/norse_mythology","/c/en/heimdallr"],"weight":0.20818999999999976},"num_concepts_raised":6948},{"base_id":376,"kind":"top_words","i1":3,"i2":4,"sol":{"path":["/c/en/zoisite","/c/en/mineral","/c/ja/金剛","/c/en/buddhism","/c/en/buddha"],"weight":0.22343999999999925},"num_concepts_raised":17746},{"base_id":376,"kind":"top_words","i1":3,"i2":5,"sol":{"path":["/c/en/zoisite","/c/en/mineral","/c/en/animal","/c/en/people","/c/en/altruistic","/c/en/altruistically"],"weight":0.21780989999999883},"num_concepts_raised":267651},{"base_id":376,"kind":"top_words","i1":3,"i2":6,"sol":{"path":["/c/en/zoisite","/c/en/oxygen","/c/en/living","/c/en/scuffle","/c/en/confusedly"],"weight":0.2081399999999998},"num_concepts_raised":9574},{"base_id":376,"kind":"top_words","i1":3,"i2":7,"sol":{"path":["/c/en/zoisite","/c/en/silicon","/c/en/slang","/c/en/theology","/c/en/filioque"],"weight":0.21330999999999972},"num_concepts_raised":9433},{"base_id":376,"kind":"top_words","i1":3,"i2":8,"sol":{"path":["/c/en/zoisite","/c/en/oxygen","/c/en/book","/c/en/hereinafter"],"weight":0.20834999999999976},"num_concepts_raised":14848},{"base_id":376,"kind":"top_words","i1":3,"i2":9,"sol":{"path":["/c/en/zoisite","/c/en/mineral","/c/en/earth","/c/en/midgard","/c/en/norse_mythology","/c/en/heimdallr"],"weight":0.2208184999999986},"num_concepts_raised":256378},{"base_id":376,"kind":"top_words","i1":4,"i2":5,"sol":{"path":["/c/en/buddha","/c/en/statue","/c/en/people","/c/en/altruistic","/c/en/altruistically"],"weight":0.2123099999999994},"num_concepts_raised":9512},{"base_id":376,"kind":"top_words","i1":4,"i2":6,"sol":{"path":["/c/en/buddha","/c/en/buddhist","/c/en/monk","/c/en/confused","/c/en/confusedly"],"weight":0.2165599999999993},"num_concepts_raised":9995},{"base_id":376,"kind":"top_words","i1":4,"i2":7,"sol":{"path":["/c/en/buddha","/c/en/buddhism","/c/en/religion","/c/en/theology","/c/en/filioque"],"weight":0.22121999999999925},"num_concepts_raised":9850},{"base_id":376,"kind":"top_words","i1":4,"i2":8,"sol":{"path":["/c/en/buddha","/c/en/enlightenment","/c/en/book","/c/en/hereinafter"],"weight":0.21153999999999928},"num_concepts_raised":15131},{"base_id":376,"kind":"top_words","i1":4,"i2":9,"sol":{"path":["/c/en/buddha","/c/en/do","/c/en/ask","/c/en/norse_mythology","/c/en/heimdallr"],"weight":0.2164499999999993},"num_concepts_raised":9544},{"base_id":376,"kind":"top_words","i1":5,"i2":6,"sol":{"path":["/c/en/altruistically","/c/en/altruistic","/c/en/people","/c/en/baffled","/c/en/confused","/c/en/confusedly"],"weight":0.20955199999999974},"num_concepts_raised":71259},{"base_id":376,"kind":"top_words","i1":5,"i2":7,"sol":{"path":["/c/en/altruistically","/c/en/altruistic","/c/en/agape","/c/en/god","/c/en/theology","/c/en/filioque"],"weight":0.21237069999999963},"num_concepts_raised":85030},{"base_id":376,"kind":"top_words","i1":5,"i2":8,"sol":{"path":["/c/en/altruistically","/c/en/philanthropic","/c/en/care","/c/en/after","/c/en/hereinafter"],"weight":0.20302999999999988},"num_concepts_raised":6609},{"base_id":376,"kind":"top_words","i1":5,"i2":9,"sol":{"path":["/c/en/altruistically","/c/en/altruistic","/c/en/people","/c/en/mythology","/c/en/norse_mythology","/c/en/heimdallr"],"weight":0.21258159999999965},"num_concepts_raised":25032},{"base_id":376,"kind":"top_words","i1":6,"i2":7,"sol":{"path":["/c/en/confusedly","/c/en/scuffle","/c/en/slang","/c/en/theology","/c/en/filioque"],"weight":0.20789999999999978},"num_concepts_raised":1664},{"base_id":376,"kind":"top_words","i1":6,"i2":8,"sol":{"path":["/c/en/confusedly","/c/en/hugger_mugger","/c/en/secret","/c/en/book","/c/en/hereinafter"],"weight":0.20294999999999977},"num_concepts_raised":7095},{"base_id":376,"kind":"top_words","i1":6,"i2":9,"sol":{"path":["/c/en/confusedly","/c/en/confused","/c/zh/混沌","/c/en/mythology","/c/en/norse_mythology","/c/en/heimdallr"],"weight":0.2125902999999995},"num_concepts_raised":59404},{"base_id":376,"kind":"top_words","i1":7,"i2":8,"sol":{"path":["/c/en/filioque","/c/en/theology","/c/en/study","/c/en/book","/c/en/hereinafter"],"weight":0.20811999999999972},"num_concepts_raised":6950},{"base_id":376,"kind":"top_words","i1":7,"i2":9,"sol":{"path":["/c/en/filioque","/c/en/theology","/c/en/god","/c/en/loki","/c/en/norse_mythology","/c/en/heimdallr"],"weight":0.21546919999999942},"num_concepts_raised":73139},{"base_id":376,"kind":"top_words","i1":8,"i2":9,"sol":{"path":["/c/en/hereinafter","/c/en/book","/c/en/work","/c/en/ask","/c/en/norse_mythology","/c/en/heimdallr"],"weight":0.21111799999999925},"num_concepts_raised":490549}]]