[[{"base_id":127,"kind":"bot_words","i1":0,"i2":1,"sol":{"path":["/c/en/scalar","/c/en/scale","/c/en/run","/c/en/outrun"],"weight":0.21399999999999958},"num_concepts_raised":29980},{"base_id":127,"kind":"bot_words","i1":0,"i2":2,"sol":{"path":["/c/en/scalar","/c/en/vector","/c/en/organism","/c/en/autolysis"],"weight":0.21002999999999963},"num_concepts_raised":42632},{"base_id":127,"kind":"bot_words","i1":0,"i2":3,"sol":{"path":["/c/en/scalar","/c/en/mathematics","/c/en/area","/c/en/hideaway"],"weight":0.21209999999999957},"num_concepts_raised":33113},{"base_id":127,"kind":"bot_words","i1":0,"i2":4,"sol":{"path":["/c/en/scalar","/c/en/mathematics","/c/en/idempotent"],"weight":0.20600000000000002},"num_concepts_raised":159},{"base_id":127,"kind":"bot_words","i1":0,"i2":5,"sol":{"path":["/c/en/scalar","/c/en/mathematics","/c/en/area","/c/en/maternity"],"weight":0.2129599999999996},"num_concepts_raised":39143},{"base_id":127,"kind":"bot_words","i1":0,"i2":6,"sol":{"path":["/c/en/scalar","/c/en/mathematics","/c/en/septic","/c/en/komodo_dragon","/c/en/komodo"],"weight":0.21936999999999954},"num_concepts_raised":27449},{"base_id":127,"kind":"bot_words","i1":0,"i2":7,"sol":{"path":["/c/en/scalar","/c/en/number","/c/en/slang","/c/en/locksmith"],"weight":0.21100999999999975},"num_concepts_raised":43740},{"base_id":127,"kind":"bot_words","i1":0,"i2":8,"sol":{"path":["/c/en/scalar","/c/pt/escalar","/c/en/physics","/c/en/ice","/c/en/caipirinha"],"weight":0.2138899999999997},"num_concepts_raised":28426},{"base_id":127,"kind":"bot_words","i1":0,"i2":9,"sol":{"path":["/c/en/scalar","/c/en/mathematics","/c/en/shock","/c/en/fright"],"weight":0.2147299999999993},"num_concepts_raised":34130},{"base_id":127,"kind":"bot_words","i1":1,"i2":2,"sol":{"path":["/c/en/outrun","/c/en/run","/c/en/red","/c/en/cell","/c/en/autolysis"],"weight":0.20543999999999982},"num_concepts_raised":22353},{"base_id":127,"kind":"bot_words","i1":1,"i2":3,"sol":{"path":["/c/en/outrun","/c/en/run","/c/en/hide","/c/en/hideaway"],"weight":0.20520999999999973},"num_concepts_raised":12818},{"base_id":127,"kind":"bot_words","i1":1,"i2":4,"sol":{"path":["/c/en/outrun","/c/en/sheep","/c/en/group","/c/en/idempotent"],"weight":0.20319999999999988},"num_concepts_raised":22893},{"base_id":127,"kind":"bot_words","i1":1,"i2":5,"sol":{"path":["/c/en/outrun","/c/en/run","/c/en/leave","/c/en/maternity"],"weight":0.20605999999999977},"num_concepts_raised":18830},{"base_id":127,"kind":"bot_words","i1":1,"i2":6,"sol":{"path":["/c/en/outrun","/c/en/run","/c/en/feet","/c/en/komodo_dragon","/c/en/komodo"],"weight":0.21244999999999975},"num_concepts_raised":6918},{"base_id":127,"kind":"bot_words","i1":1,"i2":7,"sol":{"path":["/c/en/outrun","/c/en/run","/c/en/slang","/c/en/locksmith"],"weight":0.20640999999999993},"num_concepts_raised":23500},{"base_id":127,"kind":"bot_words","i1":1,"i2":8,"sol":{"path":["/c/en/outrun","/c/en/run","/c/en/liquid","/c/en/ice","/c/en/caipirinha"],"weight":0.2050999999999999},"num_concepts_raised":7961},{"base_id":127,"kind":"bot_words","i1":1,"i2":9,"sol":{"path":["/c/en/outrun","/c/en/run","/c/en/fear","/c/en/fright"],"weight":0.21043999999999952},"num_concepts_raised":13623},{"base_id":127,"kind":"bot_words","i1":2,"i2":3,"sol":{"path":["/c/en/autolysis","/c/en/cell","/c/en/area","/c/en/hideaway"],"weight":0.20330999999999977},"num_concepts_raised":25584},{"base_id":127,"kind":"bot_words","i1":2,"i2":4,"sol":{"path":["/c/en/autolysis","/c/en/cell","/c/en/nullipotent","/c/en/idempotent"],"weight":0.2044999999999999},"num_concepts_raised":35594},{"base_id":127,"kind":"bot_words","i1":2,"i2":5,"sol":{"path":["/c/en/autolysis","/c/en/yeast","/c/en/mother","/c/en/maternity"],"weight":0.20535999999999982},"num_concepts_raised":31610},{"base_id":127,"kind":"bot_words","i1":2,"i2":6,"sol":{"path":["/c/en/autolysis","/c/en/enzyme","/c/en/saliva","/c/en/komodo_dragon","/c/en/komodo"],"weight":0.21052999999999977},"num_concepts_raised":19722},{"base_id":127,"kind":"bot_words","i1":2,"i2":7,"sol":{"path":["/c/en/autolysis","/c/en/yeast","/c/en/slang","/c/en/locksmith"],"weight":0.20448999999999998},"num_concepts_raised":36246},{"base_id":127,"kind":"bot_words","i1":2,"i2":8,"sol":{"path":["/c/en/autolysis","/c/en/fermentation","/c/en/sugar","/c/en/caipirinha"],"weight":0.20311999999999994},"num_concepts_raised":20664},{"base_id":127,"kind":"bot_words","i1":2,"i2":9,"sol":{"path":["/c/en/autolysis","/c/en/pathology","/c/en/shock","/c/en/fright"],"weight":0.20589999999999953},"num_concepts_raised":26460},{"base_id":127,"kind":"bot_words","i1":3,"i2":4,"sol":{"path":["/c/en/hideaway","/c/en/area","/c/en/mathematics","/c/en/idempotent"],"weight":0.20427999999999985},"num_concepts_raised":26056},{"base_id":127,"kind":"bot_words","i1":3,"i2":5,"sol":{"path":["/c/en/hideaway","/c/en/area","/c/en/maternity"],"weight":0.202},"num_concepts_raised":128},{"base_id":127,"kind":"bot_words","i1":3,"i2":6,"sol":{"path":["/c/en/hideaway","/c/en/hide","/c/en/island","/c/en/komodo"],"weight":0.20837999999999968},"num_concepts_raised":10226},{"base_id":127,"kind":"bot_words","i1":3,"i2":7,"sol":{"path":["/c/en/hideaway","/c/en/area","/c/en/slang","/c/en/locksmith"],"weight":0.2043399999999999},"num_concepts_raised":26771},{"base_id":127,"kind":"bot_words","i1":3,"i2":8,"sol":{"path":["/c/en/hideaway","/c/en/hide","/c/en/person","/c/en/sugar","/c/en/caipirinha"],"weight":0.20301999999999987},"num_concepts_raised":11280},{"base_id":127,"kind":"bot_words","i1":3,"i2":9,"sol":{"path":["/c/en/hideaway","/c/en/hide","/c/en/scare","/c/en/fright"],"weight":0.20605999999999947},"num_concepts_raised":16991},{"base_id":127,"kind":"bot_words","i1":4,"i2":5,"sol":{"path":["/c/en/idempotent","/c/en/mathematics","/c/en/area","/c/en/maternity"],"weight":0.20513999999999988},"num_concepts_raised":32126},{"base_id":127,"kind":"bot_words","i1":4,"i2":6,"sol":{"path":["/c/en/idempotent","/c/en/mathematics","/c/en/septic","/c/en/komodo_dragon","/c/en/komodo"],"weight":0.21154999999999982},"num_concepts_raised":20312},{"base_id":127,"kind":"bot_words","i1":4,"i2":7,"sol":{"path":["/c/en/idempotent","/c/en/computing","/c/en/lock","/c/en/locksmith"],"weight":0.20449000000000006},"num_concepts_raised":36541},{"base_id":127,"kind":"bot_words","i1":4,"i2":8,"sol":{"path":["/c/en/idempotent","/c/en/computing","/c/en/ice","/c/en/caipirinha"],"weight":0.20306},"num_concepts_raised":21327},{"base_id":127,"kind":"bot_words","i1":4,"i2":9,"sol":{"path":["/c/en/idempotent","/c/en/mathematics","/c/en/shock","/c/en/fright"],"weight":0.2069099999999996},"num_concepts_raised":27068},{"base_id":127,"kind":"bot_words","i1":5,"i2":6,"sol":{"path":["/c/en/maternity","/c/en/area","/c/en/island","/c/en/komodo"],"weight":0.20918999999999974},"num_concepts_raised":16336},{"base_id":127,"kind":"bot_words","i1":5,"i2":7,"sol":{"path":["/c/en/maternity","/c/en/mother","/c/en/slang","/c/en/locksmith"],"weight":0.20645999999999995},"num_concepts_raised":32713},{"base_id":127,"kind":"bot_words","i1":5,"i2":8,"sol":{"path":["/c/en/maternity","/c/en/mother","/c/en/person","/c/en/sugar","/c/en/caipirinha"],"weight":0.2052199999999999},"num_concepts_raised":17362},{"base_id":127,"kind":"bot_words","i1":5,"i2":9,"sol":{"path":["/c/en/maternity","/c/en/dress","/c/en/guy","/c/en/fright"],"weight":0.2063699999999995},"num_concepts_raised":23040},{"base_id":127,"kind":"bot_words","i1":6,"i2":7,"sol":{"path":["/c/en/komodo","/c/en/island","/c/en/key","/c/fr/serrurerie","/c/en/locksmith"],"weight":0.2097499999999999},"num_concepts_raised":20968},{"base_id":127,"kind":"bot_words","i1":6,"i2":8,"sol":{"path":["/c/en/komodo","/c/en/island","/c/en/water","/c/en/ice","/c/en/caipirinha"],"weight":0.20822999999999986},"num_concepts_raised":5270},{"base_id":127,"kind":"bot_words","i1":6,"i2":9,"sol":{"path":["/c/en/komodo","/c/en/island","/c/en/ey","/c/en/fear","/c/en/fright"],"weight":0.21358999999999945},"num_concepts_raised":11067},{"base_id":127,"kind":"bot_words","i1":7,"i2":8,"sol":{"path":["/c/en/locksmith","/c/en/slang","/c/en/ice","/c/en/caipirinha"],"weight":0.20421000000000006},"num_concepts_raised":21938},{"base_id":127,"kind":"bot_words","i1":7,"i2":9,"sol":{"path":["/c/en/locksmith","/c/en/slang","/c/en/jeez","/c/en/fright"],"weight":0.20675999999999967},"num_concepts_raised":27580},{"base_id":127,"kind":"bot_words","i1":8,"i2":9,"sol":{"path":["/c/en/caipirinha","/c/en/ice","/c/en/freeze","/c/en/fear","/c/en/fright"],"weight":0.20821999999999963},"num_concepts_raised":12087}],[{"base_id":127,"kind":"top_words","i1":0,"i2":1,"sol":{"path":["/c/en/mission","/c/en/missile","/c/en/space","/c/en/spacewalk"],"weight":0.21575999999999917},"num_concepts_raised":36543},{"base_id":127,"kind":"top_words","i1":0,"i2":2,"sol":{"path":["/c/en/mission","/c/en/work","/c/zh/太空人","/c/en/astronaut"],"weight":0.22530999999999948},"num_concepts_raised":53084},{"base_id":127,"kind":"top_words","i1":0,"i2":3,"sol":{"path":["/c/en/mission","/c/en/people","/c/en/astronauts"],"weight":0.20600000000000002},"num_concepts_raised":366},{"base_id":127,"kind":"top_words","i1":0,"i2":4,"sol":{"path":["/c/en/mission","/c/en/service","/c/en/shuttle"],"weight":0.20400000000000001},"num_concepts_raised":500},{"base_id":127,"kind":"top_words","i1":0,"i2":5,"sol":{"path":["/c/en/mission","/c/en/launch_window","/c/en/spacecraft","/c/en/soyuz"],"weight":0.21260999999999908},"num_concepts_raised":34053},{"base_id":127,"kind":"top_words","i1":0,"i2":6,"sol":{"path":["/c/en/mission","/c/en/work","/c/zh/太空人","/c/en/cosmonaut"],"weight":0.21337999999999913},"num_concepts_raised":34465},{"base_id":127,"kind":"top_words","i1":0,"i2":7,"sol":{"path":["/c/en/mission","/c/zh/使命","/c/en/endeavor","/c/en/endeavour"],"weight":0.21892999999999885},"num_concepts_raised":40755},{"base_id":127,"kind":"top_words","i1":0,"i2":8,"sol":{"path":["/c/en/mission","/c/en/building","/c/en/spacefaring","/c/en/spaceflight"],"weight":0.22024999999999892},"num_concepts_raised":35142},{"base_id":127,"kind":"top_words","i1":0,"i2":9,"sol":{"path":["/c/en/mission","/c/en/launch_window","/c/en/spacecraft"],"weight":0.20600000000000002},"num_concepts_raised":595},{"base_id":127,"kind":"top_words","i1":1,"i2":2,"sol":{"path":["/c/en/spacewalk","/c/en/astronaut"],"weight":0.20400000000000001},"num_concepts_raised":257},{"base_id":127,"kind":"top_words","i1":1,"i2":3,"sol":{"path":["/c/en/spacewalk","/c/en/astronaut","/c/en/astronauts"],"weight":0.20500000000000002},"num_concepts_raised":48},{"base_id":127,"kind":"top_words","i1":1,"i2":4,"sol":{"path":["/c/en/spacewalk","/c/en/space","/c/en/shuttle"],"weight":0.203},"num_concepts_raised":183},{"base_id":127,"kind":"top_words","i1":1,"i2":5,"sol":{"path":["/c/en/spacewalk","/c/en/spacecraft","/c/en/soyuz"],"weight":0.202},"num_concepts_raised":68},{"base_id":127,"kind":"top_words","i1":1,"i2":6,"sol":{"path":["/c/en/spacewalk","/c/en/astronaut","/c/en/cosmonaut"],"weight":0.203},"num_concepts_raised":83},{"base_id":127,"kind":"top_words","i1":1,"i2":7,"sol":{"path":["/c/en/spacewalk","/c/en/walk","/c/fr/démarche","/c/en/endeavour"],"weight":0.20587999999999967},"num_concepts_raised":12056},{"base_id":127,"kind":"top_words","i1":1,"i2":8,"sol":{"path":["/c/en/spacewalk","/c/en/space","/c/en/spacefaring","/c/en/spaceflight"],"weight":0.2117799999999997},"num_concepts_raised":5795},{"base_id":127,"kind":"top_words","i1":1,"i2":9,"sol":{"path":["/c/en/spacewalk","/c/en/spacecraft"],"weight":0.20400000000000001},"num_concepts_raised":275},{"base_id":127,"kind":"top_words","i1":2,"i2":3,"sol":{"path":["/c/en/astronaut","/c/en/astronauts"],"weight":0.20800000000000002},"num_concepts_raised":262},{"base_id":127,"kind":"top_words","i1":2,"i2":4,"sol":{"path":["/c/en/astronaut","/c/en/space_shuttle","/c/en/shuttle"],"weight":0.20500000000000002},"num_concepts_raised":400},{"base_id":127,"kind":"top_words","i1":2,"i2":5,"sol":{"path":["/c/en/astronaut","/c/en/spacecraft","/c/en/soyuz"],"weight":0.20400000000000001},"num_concepts_raised":287},{"base_id":127,"kind":"top_words","i1":2,"i2":6,"sol":{"path":["/c/en/astronaut","/c/en/cosmonaut"],"weight":0.20700000000000002},"num_concepts_raised":258},{"base_id":127,"kind":"top_words","i1":2,"i2":7,"sol":{"path":["/c/en/astronaut","/c/en/person","/c/en/strive","/c/en/endeavour"],"weight":0.21456999999999993},"num_concepts_raised":29462},{"base_id":127,"kind":"top_words","i1":2,"i2":8,"sol":{"path":["/c/en/astronaut","/c/en/astronautics","/c/en/spaceflight"],"weight":0.20700000000000002},"num_concepts_raised":333},{"base_id":127,"kind":"top_words","i1":2,"i2":9,"sol":{"path":["/c/en/astronaut","/c/en/spacecraft"],"weight":0.20600000000000002},"num_concepts_raised":487},{"base_id":127,"kind":"top_words","i1":3,"i2":4,"sol":{"path":["/c/en/astronauts","/c/en/space_shuttle","/c/en/shuttle"],"weight":0.20500000000000002},"num_concepts_raised":188},{"base_id":127,"kind":"top_words","i1":3,"i2":5,"sol":{"path":["/c/en/astronauts","/c/en/astronaut","/c/en/spacecraft","/c/en/soyuz"],"weight":0.21012999999999976},"num_concepts_raised":11325},{"base_id":127,"kind":"top_words","i1":3,"i2":6,"sol":{"path":["/c/en/astronauts","/c/en/astronaut","/c/en/cosmonaut"],"weight":0.20600000000000002},"num_concepts_raised":89},{"base_id":127,"kind":"top_words","i1":3,"i2":7,"sol":{"path":["/c/en/astronauts","/c/en/space","/c/en/enterprise","/c/en/endeavour"],"weight":0.20902999999999958},"num_concepts_raised":18671},{"base_id":127,"kind":"top_words","i1":3,"i2":8,"sol":{"path":["/c/en/astronauts","/c/en/space","/c/en/spacefaring","/c/en/spaceflight"],"weight":0.2157199999999996},"num_concepts_raised":12491},{"base_id":127,"kind":"top_words","i1":3,"i2":9,"sol":{"path":["/c/en/astronauts","/c/en/astronaut","/c/en/spacecraft"],"weight":0.20700000000000002},"num_concepts_raised":281},{"base_id":127,"kind":"top_words","i1":4,"i2":5,"sol":{"path":["/c/en/shuttle","/c/en/space_shuttle","/c/en/spacecraft","/c/en/soyuz"],"weight":0.20636999999999955},"num_concepts_raised":24688},{"base_id":127,"kind":"top_words","i1":4,"i2":6,"sol":{"path":["/c/en/shuttle","/c/en/space_shuttle","/c/en/astronaut","/c/en/cosmonaut"],"weight":0.20860999999999963},"num_concepts_raised":25094},{"base_id":127,"kind":"top_words","i1":4,"i2":7,"sol":{"path":["/c/en/shuttle","/c/en/fly","/c/en/try","/c/en/endeavour"],"weight":0.20649999999999935},"num_concepts_raised":31769},{"base_id":127,"kind":"top_words","i1":4,"i2":8,"sol":{"path":["/c/en/shuttle","/c/en/space","/c/en/spacefaring","/c/en/spaceflight"],"weight":0.2129299999999994},"num_concepts_raised":25675},{"base_id":127,"kind":"top_words","i1":4,"i2":9,"sol":{"path":["/c/en/shuttle","/c/en/space_shuttle","/c/en/spacecraft"],"weight":0.20600000000000002},"num_concepts_raised":416},{"base_id":127,"kind":"top_words","i1":5,"i2":6,"sol":{"path":["/c/en/soyuz","/c/en/russian","/c/en/cosmonaut"],"weight":0.202},"num_concepts_raised":107},{"base_id":127,"kind":"top_words","i1":5,"i2":7,"sol":{"path":["/c/en/soyuz","/c/ru/союз","/c/fr/union","/c/fr/effort","/c/en/endeavour"],"weight":0.20619999999999955},"num_concepts_raised":9379},{"base_id":127,"kind":"top_words","i1":5,"i2":8,"sol":{"path":["/c/en/soyuz","/c/en/spacecraft","/c/en/earth_return_vehicle","/c/en/spaceflight"],"weight":0.2087399999999996},"num_concepts_raised":3092},{"base_id":127,"kind":"top_words","i1":5,"i2":9,"sol":{"path":["/c/en/soyuz","/c/en/spacecraft"],"weight":0.20400000000000001},"num_concepts_raised":302},{"base_id":127,"kind":"top_words","i1":6,"i2":7,"sol":{"path":["/c/en/cosmonaut","/c/zh/太空人","/c/en/business","/c/en/endeavor","/c/en/endeavour"],"weight":0.20797999999999958},"num_concepts_raised":9806},{"base_id":127,"kind":"top_words","i1":6,"i2":8,"sol":{"path":["/c/en/cosmonaut","/c/en/astronaut","/c/en/astronautics","/c/en/spaceflight"],"weight":0.2110899999999996},"num_concepts_raised":3515},{"base_id":127,"kind":"top_words","i1":6,"i2":9,"sol":{"path":["/c/en/cosmonaut","/c/en/astronaut","/c/en/spacecraft"],"weight":0.20500000000000002},"num_concepts_raised":319},{"base_id":127,"kind":"top_words","i1":7,"i2":8,"sol":{"path":["/c/en/endeavour","/c/sa/योग","/c/en/constellation","/c/en/spaceflight"],"weight":0.2095399999999994},"num_concepts_raised":10516},{"base_id":127,"kind":"top_words","i1":7,"i2":9,"sol":{"path":["/c/en/endeavour","/c/en/enterprise","/c/en/spaceship","/c/en/spacecraft"],"weight":0.21511999999999895},"num_concepts_raised":21901},{"base_id":127,"kind":"top_words","i1":8,"i2":9,"sol":{"path":["/c/en/spaceflight","/c/en/earth_return_vehicle","/c/en/spacecraft"],"weight":0.20600000000000002},"num_concepts_raised":350}]]