[[{"base_id":185,"kind":"bot_words","i1":0,"i2":1,"sol":{"path":["/c/en/hyphenated","/c/en/hyphenate","/c/en/person","/c/en/key","/c/en/winder"],"weight":0.20470999999999961},"num_concepts_raised":34485},{"base_id":185,"kind":"bot_words","i1":0,"i2":2,"sol":{"path":["/c/en/hyphenated","/c/en/no_strings_attached","/c/en/condition","/c/en/reclaim"],"weight":0.20409999999999945},"num_concepts_raised":22893},{"base_id":185,"kind":"bot_words","i1":0,"i2":3,"sol":{"path":["/c/en/hyphenated","/c/en/hyphenate","/c/en/person","/c/en/worrisome"],"weight":0.20301999999999976},"num_concepts_raised":19095},{"base_id":185,"kind":"bot_words","i1":0,"i2":4,"sol":{"path":["/c/en/hyphenated","/c/en/straight_from_shoulder","/c/en/direct","/c/en/direction"],"weight":0.21800999999999687},"num_concepts_raised":106410},{"base_id":185,"kind":"bot_words","i1":0,"i2":5,"sol":{"path":["/c/en/hyphenated","/c/en/nationality","/c/fr/nationalité","/c/fr/kazakh","/c/en/kazakh"],"weight":0.2068899999999997},"num_concepts_raised":4540},{"base_id":185,"kind":"bot_words","i1":0,"i2":6,"sol":{"path":["/c/en/hyphenated","/c/en/crash_dive","/c/en/military","/c/fi/rintama","/c/en/battlefront"],"weight":0.20558999999999972},"num_concepts_raised":7502},{"base_id":185,"kind":"bot_words","i1":0,"i2":7,"sol":{"path":["/c/en/hyphenated","/c/en/runt","/c/en/uk","/c/en/lift","/c/en/exalt"],"weight":0.2053599999999994},"num_concepts_raised":14020},{"base_id":185,"kind":"bot_words","i1":0,"i2":8,"sol":{"path":["/c/en/hyphenated","/c/en/nationality","/c/en/nation","/c/en/city","/c/en/mostaganem"],"weight":0.20780999999999977},"num_concepts_raised":4204},{"base_id":185,"kind":"bot_words","i1":0,"i2":9,"sol":{"path":["/c/en/hyphenated","/c/en/ethnicity","/c/en/euphemistic","/c/grc/οἴχομαι","/c/en/vanished"],"weight":0.2026699999999998},"num_concepts_raised":1778},{"base_id":185,"kind":"bot_words","i1":1,"i2":2,"sol":{"path":["/c/en/winder","/c/en/key","/c/en/return","/c/en/reclaim"],"weight":0.20589999999999936},"num_concepts_raised":54209},{"base_id":185,"kind":"bot_words","i1":1,"i2":3,"sol":{"path":["/c/en/winder","/c/en/key","/c/en/person","/c/en/worrisome"],"weight":0.20484999999999964},"num_concepts_raised":50547},{"base_id":185,"kind":"bot_words","i1":1,"i2":4,"sol":{"path":["/c/en/winder","/c/en/wind","/c/en/direction"],"weight":0.202},"num_concepts_raised":1138},{"base_id":185,"kind":"bot_words","i1":1,"i2":5,"sol":{"path":["/c/en/winder","/c/en/machine","/c/en/human","/c/en/kazakh"],"weight":0.2042499999999996},"num_concepts_raised":36598},{"base_id":185,"kind":"bot_words","i1":1,"i2":6,"sol":{"path":["/c/en/winder","/c/en/slang","/c/en/front","/c/en/battlefront"],"weight":0.2052799999999996},"num_concepts_raised":39381},{"base_id":185,"kind":"bot_words","i1":1,"i2":7,"sol":{"path":["/c/en/winder","/c/en/slang","/c/en/lift","/c/en/exalt"],"weight":0.20598999999999928},"num_concepts_raised":45731},{"base_id":185,"kind":"bot_words","i1":1,"i2":8,"sol":{"path":["/c/en/winder","/c/en/key","/c/en/home","/c/en/city","/c/en/mostaganem"],"weight":0.20957999999999966},"num_concepts_raised":36350},{"base_id":185,"kind":"bot_words","i1":1,"i2":9,"sol":{"path":["/c/en/winder","/c/en/key","/c/en/free","/c/sa/मुक्त","/c/en/vanished"],"weight":0.20446999999999968},"num_concepts_raised":34013},{"base_id":185,"kind":"bot_words","i1":2,"i2":3,"sol":{"path":["/c/en/reclaim","/c/en/recover","/c/en/person","/c/en/worrisome"],"weight":0.20563999999999955},"num_concepts_raised":39203},{"base_id":185,"kind":"bot_words","i1":2,"i2":4,"sol":{"path":["/c/en/reclaim","/c/en/back","/c/en/direction"],"weight":0.202},"num_concepts_raised":1192},{"base_id":185,"kind":"bot_words","i1":2,"i2":5,"sol":{"path":["/c/en/reclaim","/c/en/animal","/c/en/human","/c/en/kazakh"],"weight":0.20504999999999945},"num_concepts_raised":24936},{"base_id":185,"kind":"bot_words","i1":2,"i2":6,"sol":{"path":["/c/en/reclaim","/c/en/back","/c/en/front","/c/en/battlefront"],"weight":0.20608999999999944},"num_concepts_raised":27883},{"base_id":185,"kind":"bot_words","i1":2,"i2":7,"sol":{"path":["/c/en/reclaim","/c/en/wild","/c/la/effero","/c/en/exalt"],"weight":0.20546999999999915},"num_concepts_raised":34153},{"base_id":185,"kind":"bot_words","i1":2,"i2":8,"sol":{"path":["/c/en/reclaim","/c/en/reform","/c/en/new","/c/en/city","/c/en/mostaganem"],"weight":0.2101399999999995},"num_concepts_raised":24778},{"base_id":185,"kind":"bot_words","i1":2,"i2":9,"sol":{"path":["/c/en/reclaim","/c/en/recover","/c/en/decline","/c/ro/apus","/c/en/vanished"],"weight":0.20528999999999953},"num_concepts_raised":22410},{"base_id":185,"kind":"bot_words","i1":3,"i2":4,"sol":{"path":["/c/en/worrisome","/c/fr/personne","/c/fr/direction","/c/en/direction"],"weight":0.21956999999999693},"num_concepts_raised":121687},{"base_id":185,"kind":"bot_words","i1":3,"i2":5,"sol":{"path":["/c/en/worrisome","/c/fr/personne","/c/fr/kazakh","/c/en/kazakh"],"weight":0.20699999999999974},"num_concepts_raised":20980},{"base_id":185,"kind":"bot_words","i1":3,"i2":6,"sol":{"path":["/c/en/worrisome","/c/en/worry","/c/en/lie","/c/en/front","/c/en/battlefront"],"weight":0.20587999999999979},"num_concepts_raised":24207},{"base_id":185,"kind":"bot_words","i1":3,"i2":7,"sol":{"path":["/c/en/worrisome","/c/en/person","/c/en/raise","/c/en/exalt"],"weight":0.20476999999999945},"num_concepts_raised":30575},{"base_id":185,"kind":"bot_words","i1":3,"i2":8,"sol":{"path":["/c/en/worrisome","/c/en/person","/c/en/human","/c/en/city","/c/en/mostaganem"],"weight":0.20799999999999982},"num_concepts_raised":21007},{"base_id":185,"kind":"bot_words","i1":3,"i2":9,"sol":{"path":["/c/en/worrisome","/c/en/person","/c/en/exist","/c/en/nonexistent","/c/en/vanished"],"weight":0.20385999999999987},"num_concepts_raised":18605},{"base_id":185,"kind":"bot_words","i1":4,"i2":5,"sol":{"path":["/c/en/direction","/c/en/command","/c/en/human","/c/en/kazakh"],"weight":0.21776999999999685},"num_concepts_raised":108478},{"base_id":185,"kind":"bot_words","i1":4,"i2":6,"sol":{"path":["/c/en/direction","/c/en/front","/c/en/battlefront"],"weight":0.203},"num_concepts_raised":1123},{"base_id":185,"kind":"bot_words","i1":4,"i2":7,"sol":{"path":["/c/en/direction","/c/en/high","/c/en/exalt"],"weight":0.202},"num_concepts_raised":1206},{"base_id":185,"kind":"bot_words","i1":4,"i2":8,"sol":{"path":["/c/en/direction","/c/en/address","/c/en/city","/c/en/mostaganem"],"weight":0.2248999999999969},"num_concepts_raised":108198},{"base_id":185,"kind":"bot_words","i1":4,"i2":9,"sol":{"path":["/c/en/direction","/c/en/west","/c/ro/apus","/c/en/vanished"],"weight":0.21860999999999697},"num_concepts_raised":105980},{"base_id":185,"kind":"bot_words","i1":5,"i2":6,"sol":{"path":["/c/en/kazakh","/c/en/human","/c/en/battle","/c/en/battlefront"],"weight":0.2041799999999997},"num_concepts_raised":9743},{"base_id":185,"kind":"bot_words","i1":5,"i2":7,"sol":{"path":["/c/en/kazakh","/c/fr/kazakh","/c/fr/personne","/c/en/worthy","/c/en/exalt"],"weight":0.2081799999999994},"num_concepts_raised":16257},{"base_id":185,"kind":"bot_words","i1":5,"i2":8,"sol":{"path":["/c/en/kazakh","/c/en/human","/c/en/city","/c/en/mostaganem"],"weight":0.20862999999999973},"num_concepts_raised":6426},{"base_id":185,"kind":"bot_words","i1":5,"i2":9,"sol":{"path":["/c/en/kazakh","/c/en/human","/c/en/grave","/c/sa/मृत","/c/en/vanished"],"weight":0.2034999999999998},"num_concepts_raised":4047},{"base_id":185,"kind":"bot_words","i1":6,"i2":7,"sol":{"path":["/c/en/battlefront","/c/en/army","/c/en/rank","/c/en/exalt"],"weight":0.2047499999999994},"num_concepts_raised":19026},{"base_id":185,"kind":"bot_words","i1":6,"i2":8,"sol":{"path":["/c/en/battlefront","/c/fi/rintama","/c/en/theater","/c/en/city","/c/en/mostaganem"],"weight":0.21031999999999973},"num_concepts_raised":9388},{"base_id":185,"kind":"bot_words","i1":6,"i2":9,"sol":{"path":["/c/en/battlefront","/c/en/front","/c/en/end","/c/en/vanish","/c/en/vanished"],"weight":0.20452999999999977},"num_concepts_raised":7004},{"base_id":185,"kind":"bot_words","i1":7,"i2":8,"sol":{"path":["/c/en/exalt","/c/en/high","/c/en/city","/c/en/mostaganem"],"weight":0.20914999999999945},"num_concepts_raised":15926},{"base_id":185,"kind":"bot_words","i1":7,"i2":9,"sol":{"path":["/c/en/exalt","/c/en/lift","/c/en/end","/c/en/vanish","/c/en/vanished"],"weight":0.2052199999999995},"num_concepts_raised":13523},{"base_id":185,"kind":"bot_words","i1":8,"i2":9,"sol":{"path":["/c/en/mostaganem","/c/en/city","/c/en/like","/c/sa/मृत","/c/en/vanished"],"weight":0.20764999999999983},"num_concepts_raised":3690}],[{"base_id":185,"kind":"top_words","i1":0,"i2":1,"sol":{"path":["/c/en/diapsid","/c/en/snake","/c/en/bed","/c/en/duvet"],"weight":0.2055999999999999},"num_concepts_raised":31590},{"base_id":185,"kind":"top_words","i1":0,"i2":2,"sol":{"path":["/c/en/diapsid","/c/en/reptile","/c/de/wurm","/c/en/heraldry","/c/en/membered"],"weight":0.20304999999999995},"num_concepts_raised":24491},{"base_id":185,"kind":"top_words","i1":0,"i2":3,"sol":{"path":["/c/en/diapsid","/c/en/snake","/c/en/slang","/c/en/tarpaulin","/c/en/tarp"],"weight":0.20599999999999982},"num_concepts_raised":15687},{"base_id":185,"kind":"top_words","i1":0,"i2":4,"sol":{"path":["/c/en/diapsid","/c/en/reptile","/c/en/class","/c/en/a","/c/en/ampere"],"weight":0.20761},"num_concepts_raised":20928},{"base_id":185,"kind":"top_words","i1":0,"i2":5,"sol":{"path":["/c/en/diapsid","/c/en/zoology","/c/en/biology","/c/en/osmosis","/c/en/osmotic"],"weight":0.20422999999999988},"num_concepts_raised":9991},{"base_id":185,"kind":"top_words","i1":0,"i2":6,"sol":{"path":["/c/en/diapsid","/c/en/zoology","/c/en/cap","/c/en/lie","/c/en/prevaricate"],"weight":0.2043899999999998},"num_concepts_raised":30511},{"base_id":185,"kind":"top_words","i1":0,"i2":7,"sol":{"path":["/c/en/diapsid","/c/en/zoology","/c/en/synonym","/c/en/mononym"],"weight":0.2027099999999999},"num_concepts_raised":14396},{"base_id":185,"kind":"top_words","i1":0,"i2":8,"sol":{"path":["/c/en/diapsid","/c/en/snake","/c/it/antiofidico","/c/en/antivenin"],"weight":0.20280999999999988},"num_concepts_raised":9982},{"base_id":185,"kind":"top_words","i1":0,"i2":9,"sol":{"path":["/c/en/diapsid","/c/en/reptile","/c/en/animal","/c/en/single","/c/en/dreadlock"],"weight":0.20282999999999984},"num_concepts_raised":12329},{"base_id":185,"kind":"top_words","i1":1,"i2":2,"sol":{"path":["/c/en/duvet","/c/en/sleeping","/c/en/heraldry","/c/en/membered"],"weight":0.20446000000000003},"num_concepts_raised":36593},{"base_id":185,"kind":"top_words","i1":1,"i2":3,"sol":{"path":["/c/en/duvet","/c/en/cover","/c/en/tarp"],"weight":0.203},"num_concepts_raised":130},{"base_id":185,"kind":"top_words","i1":1,"i2":4,"sol":{"path":["/c/en/duvet","/c/en/bed","/c/en/unit","/c/en/ampere"],"weight":0.2083000000000001},"num_concepts_raised":32907},{"base_id":185,"kind":"top_words","i1":1,"i2":5,"sol":{"path":["/c/en/duvet","/c/en/bed","/c/en/cell","/c/en/osmoprotection","/c/en/osmotic"],"weight":0.20597},"num_concepts_raised":22299},{"base_id":185,"kind":"top_words","i1":1,"i2":6,"sol":{"path":["/c/en/duvet","/c/en/bed","/c/en/lie","/c/en/prevaricate"],"weight":0.2072699999999999},"num_concepts_raised":41038},{"base_id":185,"kind":"top_words","i1":1,"i2":7,"sol":{"path":["/c/en/duvet","/c/en/bed","/c/en/thing","/c/en/mononym"],"weight":0.20556},"num_concepts_raised":26469},{"base_id":185,"kind":"top_words","i1":1,"i2":8,"sol":{"path":["/c/en/duvet","/c/en/comforter","/c/en/uk","/c/en/anti_venene","/c/en/antivenin"],"weight":0.20664999999999997},"num_concepts_raised":22286},{"base_id":185,"kind":"top_words","i1":1,"i2":9,"sol":{"path":["/c/en/duvet","/c/en/comforter","/c/en/sheet","/c/en/single","/c/en/dreadlock"],"weight":0.20655999999999997},"num_concepts_raised":24485},{"base_id":185,"kind":"top_words","i1":2,"i2":3,"sol":{"path":["/c/en/membered","/c/en/tincture","/c/en/humorous","/c/en/tarp"],"weight":0.20292},"num_concepts_raised":20832},{"base_id":185,"kind":"top_words","i1":2,"i2":4,"sol":{"path":["/c/en/membered","/c/en/chemistry","/c/en/a","/c/en/ampere"],"weight":0.20762000000000014},"num_concepts_raised":25942},{"base_id":185,"kind":"top_words","i1":2,"i2":5,"sol":{"path":["/c/en/membered","/c/en/chemistry","/c/en/osmosis","/c/en/osmotic"],"weight":0.20438000000000003},"num_concepts_raised":15160},{"base_id":185,"kind":"top_words","i1":2,"i2":6,"sol":{"path":["/c/en/membered","/c/en/leg","/c/en/uk","/c/en/prevaricate"],"weight":0.20342999999999997},"num_concepts_raised":35542},{"base_id":185,"kind":"top_words","i1":2,"i2":7,"sol":{"path":["/c/en/membered","/c/en/member","/c/en/term","/c/en/mononym"],"weight":0.20285000000000003},"num_concepts_raised":19484},{"base_id":185,"kind":"top_words","i1":2,"i2":8,"sol":{"path":["/c/en/membered","/c/en/tincture","/c/en/medicine","/c/pt/antiveneno","/c/en/antivenin"],"weight":0.20399},"num_concepts_raised":15178},{"base_id":185,"kind":"top_words","i1":2,"i2":9,"sol":{"path":["/c/en/membered","/c/en/limb","/c/en/lock","/c/en/dreadlock"],"weight":0.20285},"num_concepts_raised":17469},{"base_id":185,"kind":"top_words","i1":3,"i2":4,"sol":{"path":["/c/en/tarp","/c/en/tarpaulin","/c/en/slang","/c/en/a","/c/en/ampere"],"weight":0.21079000000000003},"num_concepts_raised":17211},{"base_id":185,"kind":"top_words","i1":3,"i2":5,"sol":{"path":["/c/en/tarp","/c/en/cover","/c/en/membrane","/c/en/osmosis","/c/en/osmotic"],"weight":0.2053799999999999},"num_concepts_raised":6322},{"base_id":185,"kind":"top_words","i1":3,"i2":6,"sol":{"path":["/c/en/tarp","/c/en/cover","/c/en/legal","/c/en/prevaricate"],"weight":0.20446999999999982},"num_concepts_raised":26677},{"base_id":185,"kind":"top_words","i1":3,"i2":7,"sol":{"path":["/c/en/tarp","/c/en/cover","/c/en/term","/c/en/mononym"],"weight":0.20386999999999994},"num_concepts_raised":10682},{"base_id":185,"kind":"top_words","i1":3,"i2":8,"sol":{"path":["/c/en/tarp","/c/en/tent","/c/en/medicine","/c/pt/antiveneno","/c/en/antivenin"],"weight":0.2040399999999999},"num_concepts_raised":6317},{"base_id":185,"kind":"top_words","i1":3,"i2":9,"sol":{"path":["/c/en/tarp","/c/en/tarpaulin","/c/en/sheet","/c/en/single","/c/en/dreadlock"],"weight":0.20599999999999988},"num_concepts_raised":8627},{"base_id":185,"kind":"top_words","i1":4,"i2":5,"sol":{"path":["/c/en/ampere","/c/fr/ampère","/c/fr/physique","/c/fr/osmotique","/c/en/osmotic"],"weight":0.21219000000000007},"num_concepts_raised":11564},{"base_id":185,"kind":"top_words","i1":4,"i2":6,"sol":{"path":["/c/en/ampere","/c/en/unit","/c/en/uk","/c/en/prevaricate"],"weight":0.20597000000000001},"num_concepts_raised":31855},{"base_id":185,"kind":"top_words","i1":4,"i2":7,"sol":{"path":["/c/en/ampere","/c/en/current","/c/en/term","/c/en/mononym"],"weight":0.20651000000000008},"num_concepts_raised":15854},{"base_id":185,"kind":"top_words","i1":4,"i2":8,"sol":{"path":["/c/en/ampere","/c/en/a","/c/en/medicine","/c/pt/antiveneno","/c/en/antivenin"],"weight":0.20860000000000006},"num_concepts_raised":11565},{"base_id":185,"kind":"top_words","i1":4,"i2":9,"sol":{"path":["/c/en/ampere","/c/en/unit","/c/en/single","/c/en/dreadlock"],"weight":0.20536000000000004},"num_concepts_raised":13822},{"base_id":185,"kind":"top_words","i1":5,"i2":6,"sol":{"path":["/c/en/osmotic","/c/en/osmotic_pressure","/c/en/solution","/c/en/legal","/c/en/prevaricate"],"weight":0.2037299999999999},"num_concepts_raised":21172},{"base_id":185,"kind":"top_words","i1":5,"i2":7,"sol":{"path":["/c/en/osmotic","/c/en/icodextrin","/c/en/agent","/c/en/name","/c/en/mononym"],"weight":0.20316},"num_concepts_raised":5032},{"base_id":185,"kind":"top_words","i1":5,"i2":8,"sol":{"path":["/c/en/osmotic","/c/en/milk_of_magnesia","/c/en/antacid","/c/en/medicine_chest","/c/en/antivenin"],"weight":0.20316999999999996},"num_concepts_raised":588},{"base_id":185,"kind":"top_words","i1":5,"i2":9,"sol":{"path":["/c/en/osmotic","/c/en/osmosis","/c/en/water","/c/en/strand","/c/en/dreadlock"],"weight":0.20413999999999993},"num_concepts_raised":2945},{"base_id":185,"kind":"top_words","i1":6,"i2":7,"sol":{"path":["/c/en/prevaricate","/c/en/uk","/c/en/name","/c/en/mononym"],"weight":0.20332999999999993},"num_concepts_raised":25337},{"base_id":185,"kind":"top_words","i1":6,"i2":8,"sol":{"path":["/c/en/prevaricate","/c/en/uk","/c/en/anti_venene","/c/en/antivenin"],"weight":0.2033799999999999},"num_concepts_raised":21163},{"base_id":185,"kind":"top_words","i1":6,"i2":9,"sol":{"path":["/c/en/prevaricate","/c/en/uk","/c/en/single","/c/en/dreadlock"],"weight":0.20319999999999988},"num_concepts_raised":23410},{"base_id":185,"kind":"top_words","i1":7,"i2":8,"sol":{"path":["/c/en/mononym","/c/en/name","/c/en/uk","/c/en/anti_venene","/c/en/antivenin"],"weight":0.20290999999999998},"num_concepts_raised":5028},{"base_id":185,"kind":"top_words","i1":7,"i2":9,"sol":{"path":["/c/en/mononym","/c/en/mononymic","/c/en/single","/c/en/dreadlock"],"weight":0.20368999999999995},"num_concepts_raised":7312},{"base_id":185,"kind":"top_words","i1":8,"i2":9,"sol":{"path":["/c/en/antivenin","/c/en/anti_venene","/c/en/uk","/c/en/single","/c/en/dreadlock"],"weight":0.20277999999999993},"num_concepts_raised":2941}]]