[[{"base_id":405,"kind":"bot_words","i1":0,"i2":1,"sol":{"path":["/c/en/threonine","/c/en/protein","/c/en/compartment","/c/en/supporter","/c/en/genevan"],"weight":0.20947999999999997},"num_concepts_raised":19452},{"base_id":405,"kind":"bot_words","i1":0,"i2":2,"sol":{"path":["/c/en/threonine","/c/en/protein","/c/en/complement","/c/en/copula"],"weight":0.21171999999999996},"num_concepts_raised":49562},{"base_id":405,"kind":"bot_words","i1":0,"i2":3,"sol":{"path":["/c/en/threonine","/c/en/amino_acid","/c/en/sequence","/c/en/line","/c/en/descender"],"weight":0.21173999999999993},"num_concepts_raised":19810},{"base_id":405,"kind":"bot_words","i1":0,"i2":4,"sol":{"path":["/c/en/threonine","/c/en/amino_acid","/c/en/acid","/c/en/drug","/c/en/zopiclone"],"weight":0.2167199999999999},"num_concepts_raised":17611},{"base_id":405,"kind":"bot_words","i1":0,"i2":5,"sol":{"path":["/c/en/threonine","/c/en/animal","/c/en/young","/c/en/rejuvenate"],"weight":0.21044999999999991},"num_concepts_raised":22327},{"base_id":405,"kind":"bot_words","i1":0,"i2":6,"sol":{"path":["/c/en/threonine","/c/en/animal","/c/en/bird","/c/en/wagtail"],"weight":0.21921000000000018},"num_concepts_raised":19847},{"base_id":405,"kind":"bot_words","i1":0,"i2":7,"sol":{"path":["/c/en/threonine","/c/en/amino_acid","/c/en/translation","/c/en/disease","/c/en/bruxism"],"weight":0.21730999999999995},"num_concepts_raised":24115},{"base_id":405,"kind":"bot_words","i1":0,"i2":8,"sol":{"path":["/c/en/threonine","/c/en/animal","/c/en/forest","/c/en/backwoods"],"weight":0.21491999999999975},"num_concepts_raised":30675},{"base_id":405,"kind":"bot_words","i1":0,"i2":9,"sol":{"path":["/c/en/threonine","/c/mul/t","/c/en/time","/c/en/concurrency"],"weight":0.20934999999999993},"num_concepts_raised":24795},{"base_id":405,"kind":"bot_words","i1":1,"i2":2,"sol":{"path":["/c/en/genevan","/c/en/geneva","/c/en/capital","/c/en/grammar","/c/en/copula"],"weight":0.2077599999999999},"num_concepts_raised":44174},{"base_id":405,"kind":"bot_words","i1":1,"i2":3,"sol":{"path":["/c/en/genevan","/c/en/geneva","/c/en/capital","/c/en/letter","/c/en/descender"],"weight":0.20495999999999986},"num_concepts_raised":14123},{"base_id":405,"kind":"bot_words","i1":1,"i2":4,"sol":{"path":["/c/en/genevan","/c/en/geneva","/c/en/gin","/c/en/trap","/c/en/drug","/c/en/zopiclone"],"weight":0.21479529999999944},"num_concepts_raised":344793},{"base_id":405,"kind":"bot_words","i1":1,"i2":5,"sol":{"path":["/c/en/genevan","/c/fr/religion","/c/fr/rendre","/c/fr/rajeunir","/c/en/rejuvenate"],"weight":0.20500999999999986},"num_concepts_raised":16695},{"base_id":405,"kind":"bot_words","i1":1,"i2":6,"sol":{"path":["/c/en/genevan","/c/fr/religion","/c/la/avis","/c/en/bird","/c/en/wagtail"],"weight":0.21263000000000012},"num_concepts_raised":14241},{"base_id":405,"kind":"bot_words","i1":1,"i2":7,"sol":{"path":["/c/en/genevan","/c/en/geneva","/c/en/capital","/c/en/action","/c/en/bruxism"],"weight":0.2105399999999999},"num_concepts_raised":18594},{"base_id":405,"kind":"bot_words","i1":1,"i2":8,"sol":{"path":["/c/en/genevan","/c/fr/genevois","/c/fr/géographie","/c/en/backwoods"],"weight":0.21032999999999968},"num_concepts_raised":25002},{"base_id":405,"kind":"bot_words","i1":1,"i2":9,"sol":{"path":["/c/en/genevan","/c/fr/genevois","/c/fr/oms","/c/fr/informatique","/c/en/concurrency"],"weight":0.20480999999999988},"num_concepts_raised":19156},{"base_id":405,"kind":"bot_words","i1":2,"i2":3,"sol":{"path":["/c/en/copula","/c/en/music","/c/en/descend","/c/en/descender"],"weight":0.20604999999999987},"num_concepts_raised":43984},{"base_id":405,"kind":"bot_words","i1":2,"i2":4,"sol":{"path":["/c/en/copula","/c/en/verb","/c/en/action","/c/en/drug","/c/en/zopiclone"],"weight":0.21122999999999986},"num_concepts_raised":42499},{"base_id":405,"kind":"bot_words","i1":2,"i2":5,"sol":{"path":["/c/en/copula","/c/en/biology","/c/en/regenerate","/c/en/rejuvenate"],"weight":0.20603999999999983},"num_concepts_raised":46729},{"base_id":405,"kind":"bot_words","i1":2,"i2":6,"sol":{"path":["/c/en/copula","/c/en/word","/c/en/bird","/c/en/wagtail"],"weight":0.21485000000000015},"num_concepts_raised":44654},{"base_id":405,"kind":"bot_words","i1":2,"i2":7,"sol":{"path":["/c/en/copula","/c/en/verb","/c/en/action","/c/en/bruxism"],"weight":0.21183999999999992},"num_concepts_raised":48489},{"base_id":405,"kind":"bot_words","i1":2,"i2":8,"sol":{"path":["/c/en/copula","/c/en/grammar","/c/en/crude","/c/en/backwoods"],"weight":0.2111199999999997},"num_concepts_raised":55133},{"base_id":405,"kind":"bot_words","i1":2,"i2":9,"sol":{"path":["/c/en/copula","/c/en/grammar","/c/en/time","/c/en/concurrency"],"weight":0.20571999999999985},"num_concepts_raised":48623},{"base_id":405,"kind":"bot_words","i1":3,"i2":4,"sol":{"path":["/c/en/descender","/c/en/line","/c/en/drug","/c/en/zopiclone"],"weight":0.2078499999999998},"num_concepts_raised":12442},{"base_id":405,"kind":"bot_words","i1":3,"i2":5,"sol":{"path":["/c/en/descender","/c/fi/jälkeläinen","/c/en/young","/c/en/rejuvenate"],"weight":0.2038699999999998},"num_concepts_raised":16964},{"base_id":405,"kind":"bot_words","i1":3,"i2":6,"sol":{"path":["/c/en/descender","/c/en/line","/c/fr/queue","/c/fr/hochequeue","/c/en/wagtail"],"weight":0.2146100000000001},"num_concepts_raised":14624},{"base_id":405,"kind":"bot_words","i1":3,"i2":7,"sol":{"path":["/c/en/descender","/c/en/line","/c/en/drug","/c/en/bruxism"],"weight":0.20841999999999988},"num_concepts_raised":18857},{"base_id":405,"kind":"bot_words","i1":3,"i2":8,"sol":{"path":["/c/en/descender","/c/en/letter","/c/en/remote","/c/en/backwoods"],"weight":0.20833999999999964},"num_concepts_raised":25315},{"base_id":405,"kind":"bot_words","i1":3,"i2":9,"sol":{"path":["/c/en/descender","/c/en/printing","/c/en/process","/c/en/concurrency"],"weight":0.20280999999999982},"num_concepts_raised":19362},{"base_id":405,"kind":"bot_words","i1":4,"i2":5,"sol":{"path":["/c/en/zopiclone","/c/en/drug","/c/en/process","/c/en/rejuvenation","/c/en/rejuvenate"],"weight":0.2098599999999998},"num_concepts_raised":15005},{"base_id":405,"kind":"bot_words","i1":4,"i2":6,"sol":{"path":["/c/en/zopiclone","/c/en/drug","/c/en/high","/c/en/bird","/c/en/wagtail"],"weight":0.21761000000000008},"num_concepts_raised":12562},{"base_id":405,"kind":"bot_words","i1":4,"i2":7,"sol":{"path":["/c/en/zopiclone","/c/en/drug","/c/en/bruxism"],"weight":0.20600000000000002},"num_concepts_raised":76},{"base_id":405,"kind":"bot_words","i1":4,"i2":8,"sol":{"path":["/c/en/zopiclone","/c/fr/pharmacologie","/c/fr/médecine","/c/en/film","/c/en/backwoods"],"weight":0.21337999999999965},"num_concepts_raised":23369},{"base_id":405,"kind":"bot_words","i1":4,"i2":9,"sol":{"path":["/c/en/zopiclone","/c/en/drug","/c/en/process","/c/en/concurrency"],"weight":0.20776999999999982},"num_concepts_raised":17477},{"base_id":405,"kind":"bot_words","i1":5,"i2":6,"sol":{"path":["/c/en/rejuvenate","/c/en/young","/c/en/chicken","/c/en/bird","/c/en/wagtail"],"weight":0.2137300000000001},"num_concepts_raised":17172},{"base_id":405,"kind":"bot_words","i1":5,"i2":7,"sol":{"path":["/c/en/rejuvenate","/c/en/change","/c/en/action","/c/en/bruxism"],"weight":0.20944999999999986},"num_concepts_raised":21398},{"base_id":405,"kind":"bot_words","i1":5,"i2":8,"sol":{"path":["/c/en/rejuvenate","/c/en/river","/c/en/country","/c/en/backwoods"],"weight":0.20930999999999964},"num_concepts_raised":27799},{"base_id":405,"kind":"bot_words","i1":5,"i2":9,"sol":{"path":["/c/en/rejuvenate","/c/en/rejuvenation","/c/en/process","/c/en/concurrency"],"weight":0.2047899999999998},"num_concepts_raised":21785},{"base_id":405,"kind":"bot_words","i1":6,"i2":7,"sol":{"path":["/c/en/wagtail","/c/en/bird","/c/en/swallow","/c/en/action","/c/en/bruxism"],"weight":0.21826000000000012},"num_concepts_raised":19097},{"base_id":405,"kind":"bot_words","i1":6,"i2":8,"sol":{"path":["/c/en/wagtail","/c/en/bird","/c/en/forest","/c/en/backwoods"],"weight":0.21812999999999994},"num_concepts_raised":25511},{"base_id":405,"kind":"bot_words","i1":6,"i2":9,"sol":{"path":["/c/en/wagtail","/c/en/bird","/c/en/time","/c/en/concurrency"],"weight":0.2125900000000001},"num_concepts_raised":19675},{"base_id":405,"kind":"bot_words","i1":7,"i2":8,"sol":{"path":["/c/en/bruxism","/c/fr/bruxisme","/c/fr/médecine","/c/en/film","/c/en/backwoods"],"weight":0.21801999999999971},"num_concepts_raised":29802},{"base_id":405,"kind":"bot_words","i1":7,"i2":9,"sol":{"path":["/c/en/bruxism","/c/en/action","/c/en/process","/c/en/concurrency"],"weight":0.20840999999999987},"num_concepts_raised":23743},{"base_id":405,"kind":"bot_words","i1":8,"i2":9,"sol":{"path":["/c/en/backwoods","/c/fi/korpi","/c/en/type","/c/en/property","/c/en/concurrency"],"weight":0.21025999999999967},"num_concepts_raised":30287}],[{"base_id":405,"kind":"top_words","i1":0,"i2":1,"sol":{"path":["/c/en/pc","/c/en/computer","/c/en/microprocessor"],"weight":0.20600000000000002},"num_concepts_raised":235},{"base_id":405,"kind":"top_words","i1":0,"i2":2,"sol":{"path":["/c/en/pc","/c/en/mac","/c/en/macintosh"],"weight":0.20600000000000002},"num_concepts_raised":229},{"base_id":405,"kind":"top_words","i1":0,"i2":3,"sol":{"path":["/c/en/pc","/c/en/computer","/c/en/imac"],"weight":0.20500000000000002},"num_concepts_raised":161},{"base_id":405,"kind":"top_words","i1":0,"i2":4,"sol":{"path":["/c/en/pc","/c/en/computer","/c/en/console","/c/en/playstation"],"weight":0.20970999999999967},"num_concepts_raised":43370},{"base_id":405,"kind":"top_words","i1":0,"i2":5,"sol":{"path":["/c/en/pc","/c/en/apple_tax","/c/en/ipod_tax","/c/en/ipod"],"weight":0.21443999999999963},"num_concepts_raised":58146},{"base_id":405,"kind":"top_words","i1":0,"i2":6,"sol":{"path":["/c/en/pc","/c/en/computer","/c/en/atari"],"weight":0.20400000000000001},"num_concepts_raised":154},{"base_id":405,"kind":"top_words","i1":0,"i2":7,"sol":{"path":["/c/en/pc","/c/en/personal_computer","/c/en/motherboard"],"weight":0.203},"num_concepts_raised":207},{"base_id":405,"kind":"top_words","i1":0,"i2":8,"sol":{"path":["/c/en/pc","/c/en/pcs"],"weight":0.20500000000000002},"num_concepts_raised":132},{"base_id":405,"kind":"top_words","i1":0,"i2":9,"sol":{"path":["/c/en/pc","/c/en/computer","/c/en/processor"],"weight":0.202},"num_concepts_raised":206},{"base_id":405,"kind":"top_words","i1":1,"i2":2,"sol":{"path":["/c/en/microprocessor","/c/en/computer","/c/en/macintosh"],"weight":0.20800000000000002},"num_concepts_raised":266},{"base_id":405,"kind":"top_words","i1":1,"i2":3,"sol":{"path":["/c/en/microprocessor","/c/en/computer","/c/en/imac"],"weight":0.20900000000000002},"num_concepts_raised":193},{"base_id":405,"kind":"top_words","i1":1,"i2":4,"sol":{"path":["/c/en/microprocessor","/c/en/computer","/c/en/console","/c/en/playstation"],"weight":0.22025999999999984},"num_concepts_raised":6168},{"base_id":405,"kind":"top_words","i1":1,"i2":5,"sol":{"path":["/c/en/microprocessor","/c/en/computer","/c/en/iphone","/c/en/ipod"],"weight":0.2233699999999998},"num_concepts_raised":21582},{"base_id":405,"kind":"top_words","i1":1,"i2":6,"sol":{"path":["/c/en/microprocessor","/c/en/computer","/c/en/atari"],"weight":0.20800000000000002},"num_concepts_raised":186},{"base_id":405,"kind":"top_words","i1":1,"i2":7,"sol":{"path":["/c/en/microprocessor","/c/en/computer","/c/en/motherboard"],"weight":0.20600000000000002},"num_concepts_raised":235},{"base_id":405,"kind":"top_words","i1":1,"i2":8,"sol":{"path":["/c/en/microprocessor","/c/en/computer","/c/en/pc","/c/en/pcs"],"weight":0.22169999999999984},"num_concepts_raised":5003},{"base_id":405,"kind":"top_words","i1":1,"i2":9,"sol":{"path":["/c/en/microprocessor","/c/en/processor"],"weight":0.20600000000000002},"num_concepts_raised":228},{"base_id":405,"kind":"top_words","i1":2,"i2":3,"sol":{"path":["/c/en/macintosh","/c/en/imac"],"weight":0.20800000000000002},"num_concepts_raised":187},{"base_id":405,"kind":"top_words","i1":2,"i2":4,"sol":{"path":["/c/en/macintosh","/c/en/information_appliance","/c/en/playstation"],"weight":0.20600000000000002},"num_concepts_raised":199},{"base_id":405,"kind":"top_words","i1":2,"i2":5,"sol":{"path":["/c/en/macintosh","/c/en/imac","/c/en/ipod"],"weight":0.20800000000000002},"num_concepts_raised":244},{"base_id":405,"kind":"top_words","i1":2,"i2":6,"sol":{"path":["/c/en/macintosh","/c/en/computer","/c/en/atari"],"weight":0.20600000000000002},"num_concepts_raised":184},{"base_id":405,"kind":"top_words","i1":2,"i2":7,"sol":{"path":["/c/en/macintosh","/c/en/personal_computer","/c/en/motherboard"],"weight":0.20500000000000002},"num_concepts_raised":236},{"base_id":405,"kind":"top_words","i1":2,"i2":8,"sol":{"path":["/c/en/macintosh","/c/en/mac","/c/en/pc","/c/en/pcs"],"weight":0.21908999999999976},"num_concepts_raised":16522},{"base_id":405,"kind":"top_words","i1":2,"i2":9,"sol":{"path":["/c/en/macintosh","/c/en/computer","/c/en/processor"],"weight":0.20400000000000001},"num_concepts_raised":236},{"base_id":405,"kind":"top_words","i1":3,"i2":4,"sol":{"path":["/c/en/imac","/c/en/information_appliance","/c/en/playstation"],"weight":0.20600000000000002},"num_concepts_raised":125},{"base_id":405,"kind":"top_words","i1":3,"i2":5,"sol":{"path":["/c/en/imac","/c/en/ipod"],"weight":0.20800000000000002},"num_concepts_raised":165},{"base_id":405,"kind":"top_words","i1":3,"i2":6,"sol":{"path":["/c/en/imac","/c/en/computer","/c/en/atari"],"weight":0.20700000000000002},"num_concepts_raised":110},{"base_id":405,"kind":"top_words","i1":3,"i2":7,"sol":{"path":["/c/en/imac","/c/en/computer","/c/en/motherboard"],"weight":0.20500000000000002},"num_concepts_raised":164},{"base_id":405,"kind":"top_words","i1":3,"i2":8,"sol":{"path":["/c/en/imac","/c/en/computer","/c/en/pc","/c/en/pcs"],"weight":0.21746999999999977},"num_concepts_raised":16565},{"base_id":405,"kind":"top_words","i1":3,"i2":9,"sol":{"path":["/c/en/imac","/c/en/computer","/c/en/processor"],"weight":0.20500000000000002},"num_concepts_raised":162},{"base_id":405,"kind":"top_words","i1":4,"i2":5,"sol":{"path":["/c/en/playstation","/c/en/information_appliance","/c/en/ipod"],"weight":0.20600000000000002},"num_concepts_raised":179},{"base_id":405,"kind":"top_words","i1":4,"i2":6,"sol":{"path":["/c/en/playstation","/c/en/video_game","/c/en/atari"],"weight":0.20600000000000002},"num_concepts_raised":117},{"base_id":405,"kind":"top_words","i1":4,"i2":7,"sol":{"path":["/c/en/playstation","/c/en/console","/c/en/computer","/c/en/motherboard"],"weight":0.21053},"num_concepts_raised":11594},{"base_id":405,"kind":"top_words","i1":4,"i2":8,"sol":{"path":["/c/en/playstation","/c/en/console","/c/en/computer","/c/en/pc","/c/en/pcs"],"weight":0.21557999999999977},"num_concepts_raised":2040},{"base_id":405,"kind":"top_words","i1":4,"i2":9,"sol":{"path":["/c/en/playstation","/c/en/console","/c/en/computer","/c/en/processor"],"weight":0.20964999999999956},"num_concepts_raised":14529},{"base_id":405,"kind":"top_words","i1":5,"i2":6,"sol":{"path":["/c/en/ipod","/c/en/iphone","/c/en/computer","/c/en/atari"],"weight":0.2169499999999997},"num_concepts_raised":25889},{"base_id":405,"kind":"top_words","i1":5,"i2":7,"sol":{"path":["/c/en/ipod","/c/en/iphone","/c/en/computer","/c/en/motherboard"],"weight":0.21365999999999996},"num_concepts_raised":26708},{"base_id":405,"kind":"top_words","i1":5,"i2":8,"sol":{"path":["/c/en/ipod","/c/en/ipod_tax","/c/en/apple_tax","/c/en/pc","/c/en/pcs"],"weight":0.22051999999999972},"num_concepts_raised":17559},{"base_id":405,"kind":"top_words","i1":5,"i2":9,"sol":{"path":["/c/en/ipod","/c/en/iphone","/c/en/computer","/c/en/processor"],"weight":0.21277999999999953},"num_concepts_raised":29571},{"base_id":405,"kind":"top_words","i1":6,"i2":7,"sol":{"path":["/c/en/atari","/c/en/computer","/c/en/motherboard"],"weight":0.20400000000000001},"num_concepts_raised":157},{"base_id":405,"kind":"top_words","i1":6,"i2":8,"sol":{"path":["/c/en/atari","/c/en/computer","/c/en/pc","/c/en/pcs"],"weight":0.21522999999999975},"num_concepts_raised":9573},{"base_id":405,"kind":"top_words","i1":6,"i2":9,"sol":{"path":["/c/en/atari","/c/en/computer","/c/en/processor"],"weight":0.20400000000000001},"num_concepts_raised":155},{"base_id":405,"kind":"top_words","i1":7,"i2":8,"sol":{"path":["/c/en/motherboard","/c/en/computer","/c/en/pc","/c/en/pcs"],"weight":0.21195000000000003},"num_concepts_raised":10460},{"base_id":405,"kind":"top_words","i1":7,"i2":9,"sol":{"path":["/c/en/motherboard","/c/en/computer","/c/en/processor"],"weight":0.202},"num_concepts_raised":205},{"base_id":405,"kind":"top_words","i1":8,"i2":9,"sol":{"path":["/c/en/pcs","/c/en/pc","/c/en/computer","/c/en/processor"],"weight":0.21104999999999957},"num_concepts_raised":13417}]]