[[{"base_id":232,"kind":"bot_words","i1":0,"i2":1,"sol":{"path":["/c/en/ordovician","/c/en/geology","/c/en/tertiary","/c/la/tertius","/c/en/tercel"],"weight":0.2107399999999998},"num_concepts_raised":5879},{"base_id":232,"kind":"bot_words","i1":0,"i2":2,"sol":{"path":["/c/en/ordovician","/c/en/paleozoic","/c/en/reptile","/c/en/snake","/c/en/rainforest"],"weight":0.22008999999999967},"num_concepts_raised":13658},{"base_id":232,"kind":"bot_words","i1":0,"i2":3,"sol":{"path":["/c/en/ordovician","/c/en/geology","/c/en/unit","/c/en/organic","/c/en/organically"],"weight":0.2118199999999998},"num_concepts_raised":7792},{"base_id":232,"kind":"bot_words","i1":0,"i2":4,"sol":{"path":["/c/en/ordovician","/c/en/geology","/c/en/geologist","/c/en/naturalist"],"weight":0.2115699999999997},"num_concepts_raised":34319},{"base_id":232,"kind":"bot_words","i1":0,"i2":5,"sol":{"path":["/c/en/ordovician","/c/en/era","/c/en/band","/c/en/neu"],"weight":0.21385999999999972},"num_concepts_raised":10122},{"base_id":232,"kind":"bot_words","i1":0,"i2":6,"sol":{"path":["/c/en/ordovician","/c/en/period","/c/en/chemistry","/c/en/monoxide"],"weight":0.20974999999999988},"num_concepts_raised":30496},{"base_id":232,"kind":"bot_words","i1":0,"i2":7,"sol":{"path":["/c/en/ordovician","/c/en/geology","/c/en/waste","/c/en/leftover"],"weight":0.21193999999999943},"num_concepts_raised":20051},{"base_id":232,"kind":"bot_words","i1":0,"i2":8,"sol":{"path":["/c/en/ordovician","/c/en/epoch","/c/en/computing","/c/en/rogue"],"weight":0.21255999999999908},"num_concepts_raised":55053},{"base_id":232,"kind":"bot_words","i1":0,"i2":9,"sol":{"path":["/c/en/ordovician","/c/en/geology","/c/en/plate","/c/en/food","/c/en/nourishment"],"weight":0.21529999999999927},"num_concepts_raised":32472},{"base_id":232,"kind":"bot_words","i1":1,"i2":2,"sol":{"path":["/c/en/tercel","/c/en/tassel","/c/en/book","/c/en/jungle","/c/en/rainforest"],"weight":0.21200999999999975},"num_concepts_raised":8544},{"base_id":232,"kind":"bot_words","i1":1,"i2":3,"sol":{"path":["/c/en/tercel","/c/it/terzuolo","/c/en/hay","/c/en/organic","/c/en/organically"],"weight":0.20364999999999986},"num_concepts_raised":2662},{"base_id":232,"kind":"bot_words","i1":1,"i2":4,"sol":{"path":["/c/en/tercel","/c/en/tassel","/c/en/botany","/c/en/naturalist"],"weight":0.20337999999999978},"num_concepts_raised":29298},{"base_id":232,"kind":"bot_words","i1":1,"i2":5,"sol":{"path":["/c/en/tercel","/c/en/tassel","/c/en/adornment","/c/en/band","/c/en/neu"],"weight":0.20774999999999977},"num_concepts_raised":4973},{"base_id":232,"kind":"bot_words","i1":1,"i2":6,"sol":{"path":["/c/en/tercel","/c/la/tertius","/c/en/tertiary","/c/en/chemistry","/c/en/monoxide"],"weight":0.20359999999999995},"num_concepts_raised":25429},{"base_id":232,"kind":"bot_words","i1":1,"i2":7,"sol":{"path":["/c/en/tercel","/c/en/tassel","/c/en/part","/c/en/remainder","/c/en/leftover"],"weight":0.20517999999999953},"num_concepts_raised":14983},{"base_id":232,"kind":"bot_words","i1":1,"i2":8,"sol":{"path":["/c/en/tercel","/c/en/tarse","/c/en/male","/c/en/person","/c/en/rogue"],"weight":0.20770999999999917},"num_concepts_raised":50051},{"base_id":232,"kind":"bot_words","i1":1,"i2":9,"sol":{"path":["/c/en/tercel","/c/en/tassel","/c/en/plate","/c/en/food","/c/en/nourishment"],"weight":0.20710999999999935},"num_concepts_raised":27376},{"base_id":232,"kind":"bot_words","i1":2,"i2":3,"sol":{"path":["/c/en/rainforest","/c/en/rain_forest","/c/en/environment","/c/en/organic","/c/en/organically"],"weight":0.21308999999999972},"num_concepts_raised":10464},{"base_id":232,"kind":"bot_words","i1":2,"i2":4,"sol":{"path":["/c/en/rainforest","/c/en/forest","/c/en/nature","/c/en/naturalist"],"weight":0.2109499999999997},"num_concepts_raised":36880},{"base_id":232,"kind":"bot_words","i1":2,"i2":5,"sol":{"path":["/c/en/rainforest","/c/en/jungle","/c/en/camp","/c/en/band","/c/en/neu"],"weight":0.21723999999999966},"num_concepts_raised":12775},{"base_id":232,"kind":"bot_words","i1":2,"i2":6,"sol":{"path":["/c/en/rainforest","/c/en/tree","/c/en/chemistry","/c/en/monoxide"],"weight":0.21107999999999982},"num_concepts_raised":33190},{"base_id":232,"kind":"bot_words","i1":2,"i2":7,"sol":{"path":["/c/en/rainforest","/c/en/forest","/c/en/stump","/c/en/leftover"],"weight":0.2112799999999994},"num_concepts_raised":22591},{"base_id":232,"kind":"bot_words","i1":2,"i2":8,"sol":{"path":["/c/en/rainforest","/c/en/jungle","/c/en/person","/c/en/rogue"],"weight":0.21710999999999905},"num_concepts_raised":57188},{"base_id":232,"kind":"bot_words","i1":2,"i2":9,"sol":{"path":["/c/en/rainforest","/c/en/jungle","/c/en/person","/c/en/nourishment"],"weight":0.21412999999999924},"num_concepts_raised":34936},{"base_id":232,"kind":"bot_words","i1":3,"i2":4,"sol":{"path":["/c/en/organically","/c/en/organic","/c/en/nature","/c/en/naturalist"],"weight":0.20445999999999978},"num_concepts_raised":31144},{"base_id":232,"kind":"bot_words","i1":3,"i2":5,"sol":{"path":["/c/en/organically","/c/en/organic","/c/en/organ","/c/en/band","/c/en/neu"],"weight":0.20885999999999977},"num_concepts_raised":6888},{"base_id":232,"kind":"bot_words","i1":3,"i2":6,"sol":{"path":["/c/en/organically","/c/en/organic","/c/en/chemistry","/c/en/monoxide"],"weight":0.20470999999999995},"num_concepts_raised":27168},{"base_id":232,"kind":"bot_words","i1":3,"i2":7,"sol":{"path":["/c/en/organically","/c/en/organic","/c/en/food","/c/en/leftovers","/c/en/leftover"],"weight":0.2050999999999995},"num_concepts_raised":16875},{"base_id":232,"kind":"bot_words","i1":3,"i2":8,"sol":{"path":["/c/en/organically","/c/en/organism","/c/en/person","/c/en/rogue"],"weight":0.20776999999999918},"num_concepts_raised":51837},{"base_id":232,"kind":"bot_words","i1":3,"i2":9,"sol":{"path":["/c/en/organically","/c/en/organic","/c/en/food","/c/en/nourishment"],"weight":0.20811999999999936},"num_concepts_raised":29200},{"base_id":232,"kind":"bot_words","i1":4,"i2":5,"sol":{"path":["/c/en/naturalist","/c/en/scientist","/c/en/band","/c/en/neu"],"weight":0.20863999999999971},"num_concepts_raised":33488},{"base_id":232,"kind":"bot_words","i1":4,"i2":6,"sol":{"path":["/c/en/naturalist","/c/en/philosopher","/c/en/atom","/c/en/monoxide"],"weight":0.20426999999999987},"num_concepts_raised":53793},{"base_id":232,"kind":"bot_words","i1":4,"i2":7,"sol":{"path":["/c/en/naturalist","/c/en/historical","/c/en/waste","/c/en/leftover"],"weight":0.20451999999999942},"num_concepts_raised":43276},{"base_id":232,"kind":"bot_words","i1":4,"i2":8,"sol":{"path":["/c/en/naturalist","/c/en/scientist","/c/en/person","/c/en/rogue"],"weight":0.2085899999999991},"num_concepts_raised":76877},{"base_id":232,"kind":"bot_words","i1":4,"i2":9,"sol":{"path":["/c/en/naturalist","/c/en/nature","/c/en/nurture","/c/en/nourishment"],"weight":0.20570999999999928},"num_concepts_raised":55398},{"base_id":232,"kind":"bot_words","i1":5,"i2":6,"sol":{"path":["/c/en/neu","/c/en/protein","/c/en/molecule","/c/en/monoxide"],"weight":0.20862999999999987},"num_concepts_raised":29584},{"base_id":232,"kind":"bot_words","i1":5,"i2":7,"sol":{"path":["/c/en/neu","/c/en/band","/c/en/item","/c/en/remainder","/c/en/leftover"],"weight":0.2103799999999994},"num_concepts_raised":19154},{"base_id":232,"kind":"bot_words","i1":5,"i2":8,"sol":{"path":["/c/en/neu","/c/en/band","/c/en/rouge","/c/en/rogue"],"weight":0.2116899999999991},"num_concepts_raised":54120},{"base_id":232,"kind":"bot_words","i1":5,"i2":9,"sol":{"path":["/c/en/neu","/c/en/protein","/c/en/food","/c/en/nourishment"],"weight":0.21227999999999925},"num_concepts_raised":31506},{"base_id":232,"kind":"bot_words","i1":6,"i2":7,"sol":{"path":["/c/en/monoxide","/c/en/chemistry","/c/en/residue","/c/en/leftover"],"weight":0.2050199999999996},"num_concepts_raised":39444},{"base_id":232,"kind":"bot_words","i1":6,"i2":8,"sol":{"path":["/c/en/monoxide","/c/en/carbon_monoxide","/c/en/person","/c/en/rogue"],"weight":0.20839999999999925},"num_concepts_raised":74394},{"base_id":232,"kind":"bot_words","i1":6,"i2":9,"sol":{"path":["/c/en/monoxide","/c/en/oxygen","/c/en/umbilical_cord","/c/en/nourishment"],"weight":0.20558999999999944},"num_concepts_raised":51894},{"base_id":232,"kind":"bot_words","i1":7,"i2":8,"sol":{"path":["/c/en/leftover","/c/en/change","/c/en/person","/c/en/rogue"],"weight":0.2088899999999988},"num_concepts_raised":63243},{"base_id":232,"kind":"bot_words","i1":7,"i2":9,"sol":{"path":["/c/en/leftover","/c/fr/bribe","/c/fr/nourriture","/c/en/nourishment"],"weight":0.209189999999999},"num_concepts_raised":40899},{"base_id":232,"kind":"bot_words","i1":8,"i2":9,"sol":{"path":["/c/en/rogue","/c/en/person","/c/en/nourishment"],"weight":0.203},"num_concepts_raised":500}],[{"base_id":232,"kind":"top_words","i1":0,"i2":1,"sol":{"path":["/c/en/kiloton","/c/en/ton","/c/en/slang","/c/en/charlie","/c/en/charlene"],"weight":0.20805999999999986},"num_concepts_raised":3446},{"base_id":232,"kind":"top_words","i1":0,"i2":2,"sol":{"path":["/c/en/kiloton","/c/en/bomb","/c/en/device","/c/en/salute","/c/en/salaam"],"weight":0.20363999999999977},"num_concepts_raised":3539},{"base_id":232,"kind":"top_words","i1":0,"i2":3,"sol":{"path":["/c/en/kiloton","/c/en/ton","/c/en/mathematics","/c/en/free","/c/en/unfettered"],"weight":0.20356999999999983},"num_concepts_raised":5615},{"base_id":232,"kind":"top_words","i1":0,"i2":4,"sol":{"path":["/c/en/kiloton","/c/en/avoirdupois_unit","/c/en/stone","/c/en/tracery"],"weight":0.20298999999999984},"num_concepts_raised":16191},{"base_id":232,"kind":"top_words","i1":0,"i2":5,"sol":{"path":["/c/en/kiloton","/c/en/kilotonnage","/c/en/destructive","/c/en/computing","/c/en/unsigned"],"weight":0.2051699999999999},"num_concepts_raised":13107},{"base_id":232,"kind":"top_words","i1":0,"i2":6,"sol":{"path":["/c/en/kiloton","/c/en/bomb","/c/en/a","/c/en/brassiere"],"weight":0.20396999999999968},"num_concepts_raised":10864},{"base_id":232,"kind":"top_words","i1":0,"i2":7,"sol":{"path":["/c/en/kiloton","/c/en/bomb","/c/en/fail","/c/en/wrong","/c/en/unjust","/c/en/inequitable"],"weight":0.20878739999999985},"num_concepts_raised":208730},{"base_id":232,"kind":"top_words","i1":0,"i2":8,"sol":{"path":["/c/en/kiloton","/c/en/ton","/c/en/slang","/c/en/fly","/c/en/overfly"],"weight":0.20411999999999988},"num_concepts_raised":6788},{"base_id":232,"kind":"top_words","i1":0,"i2":9,"sol":{"path":["/c/en/kiloton","/c/en/bomb","/c/en/mine","/c/en/mineral","/c/en/rutile"],"weight":0.21155999999999991},"num_concepts_raised":11931},{"base_id":232,"kind":"top_words","i1":1,"i2":2,"sol":{"path":["/c/en/charlene","/c/en/singing","/c/en/music","/c/en/bow","/c/en/salaam"],"weight":0.20830999999999977},"num_concepts_raised":3404},{"base_id":232,"kind":"top_words","i1":1,"i2":3,"sol":{"path":["/c/en/charlene","/c/en/charlie","/c/en/person","/c/en/free","/c/en/unfettered"],"weight":0.20820999999999984},"num_concepts_raised":5486},{"base_id":232,"kind":"top_words","i1":1,"i2":4,"sol":{"path":["/c/en/charlene","/c/en/singing","/c/en/music","/c/en/wood","/c/en/tracery"],"weight":0.20782999999999985},"num_concepts_raised":16043},{"base_id":232,"kind":"top_words","i1":1,"i2":5,"sol":{"path":["/c/en/charlene","/c/en/char","/c/en/computing","/c/en/unsigned"],"weight":0.2088999999999999},"num_concepts_raised":12965},{"base_id":232,"kind":"top_words","i1":1,"i2":6,"sol":{"path":["/c/en/charlene","/c/en/musical_artist","/c/en/a","/c/en/brassiere"],"weight":0.2086199999999997},"num_concepts_raised":10729},{"base_id":232,"kind":"top_words","i1":1,"i2":7,"sol":{"path":["/c/en/charlene","/c/en/singing","/c/en/music","/c/en/partial","/c/en/unfair","/c/en/inequitable"],"weight":0.2126743999999998},"num_concepts_raised":364572},{"base_id":232,"kind":"top_words","i1":1,"i2":8,"sol":{"path":["/c/en/charlene","/c/en/singing","/c/en/wing","/c/en/fly","/c/en/overfly"],"weight":0.20880999999999988},"num_concepts_raised":6650},{"base_id":232,"kind":"top_words","i1":1,"i2":9,"sol":{"path":["/c/en/charlene","/c/en/pop_music","/c/en/rock","/c/en/mineral","/c/en/rutile"],"weight":0.21618999999999988},"num_concepts_raised":11801},{"base_id":232,"kind":"top_words","i1":2,"i2":3,"sol":{"path":["/c/en/salaam","/c/en/deference","/c/en/courtesy","/c/en/free","/c/en/unfettered"],"weight":0.2038099999999997},"num_concepts_raised":5577},{"base_id":232,"kind":"top_words","i1":2,"i2":4,"sol":{"path":["/c/en/salaam","/c/en/bow","/c/en/decoration","/c/en/tracery"],"weight":0.20327999999999968},"num_concepts_raised":16115},{"base_id":232,"kind":"top_words","i1":2,"i2":5,"sol":{"path":["/c/en/salaam","/c/fa/سلام","/c/en/military","/c/en/sign","/c/en/unsigned"],"weight":0.2056099999999998},"num_concepts_raised":13081},{"base_id":232,"kind":"top_words","i1":2,"i2":6,"sol":{"path":["/c/en/salaam","/c/fa/سلام","/c/en/greeting","/c/en/name","/c/en/brassiere"],"weight":0.20542999999999956},"num_concepts_raised":10838},{"base_id":232,"kind":"top_words","i1":2,"i2":7,"sol":{"path":["/c/en/salaam","/c/fa/سلام","/c/en/military","/c/en/liberate","/c/en/unjust","/c/en/inequitable"],"weight":0.21093729999999977},"num_concepts_raised":263922},{"base_id":232,"kind":"top_words","i1":2,"i2":8,"sol":{"path":["/c/en/salaam","/c/ar/سلام","/c/mul/🕊","/c/en/fly","/c/en/overfly"],"weight":0.20443999999999976},"num_concepts_raised":6759},{"base_id":232,"kind":"top_words","i1":2,"i2":9,"sol":{"path":["/c/en/salaam","/c/en/salute","/c/en/ireland","/c/en/mineral","/c/en/rutile"],"weight":0.21183999999999978},"num_concepts_raised":11901},{"base_id":232,"kind":"top_words","i1":3,"i2":4,"sol":{"path":["/c/en/unfettered","/c/en/shackle","/c/en/bar","/c/en/tracery"],"weight":0.20302999999999977},"num_concepts_raised":18149},{"base_id":232,"kind":"top_words","i1":3,"i2":5,"sol":{"path":["/c/en/unfettered","/c/en/chain","/c/en/computing","/c/en/unsigned"],"weight":0.20423999999999984},"num_concepts_raised":15102},{"base_id":232,"kind":"top_words","i1":3,"i2":6,"sol":{"path":["/c/en/unfettered","/c/en/free","/c/en/physics","/c/en/bra","/c/en/brassiere"],"weight":0.20877999999999958},"num_concepts_raised":12862},{"base_id":232,"kind":"top_words","i1":3,"i2":7,"sol":{"path":["/c/en/unfettered","/c/en/free","/c/en/liberate","/c/en/unjust","/c/en/inequitable"],"weight":0.20456999999999986},"num_concepts_raised":4448},{"base_id":232,"kind":"top_words","i1":3,"i2":8,"sol":{"path":["/c/en/unfettered","/c/en/free","/c/en/person","/c/en/fly","/c/en/overfly"],"weight":0.20426999999999984},"num_concepts_raised":8804},{"base_id":232,"kind":"top_words","i1":3,"i2":9,"sol":{"path":["/c/en/unfettered","/c/en/free","/c/en/physical","/c/en/mineral","/c/en/rutile"],"weight":0.21171999999999985},"num_concepts_raised":13975},{"base_id":232,"kind":"top_words","i1":4,"i2":5,"sol":{"path":["/c/en/tracery","/c/en/architecture","/c/en/computing","/c/en/unsigned"],"weight":0.20402999999999985},"num_concepts_raised":25334},{"base_id":232,"kind":"top_words","i1":4,"i2":6,"sol":{"path":["/c/en/tracery","/c/en/bar","/c/en/women","/c/en/brassiere"],"weight":0.20377999999999963},"num_concepts_raised":23217},{"base_id":232,"kind":"top_words","i1":4,"i2":7,"sol":{"path":["/c/en/tracery","/c/en/wood","/c/en/raw","/c/en/unfair","/c/en/inequitable"],"weight":0.20412999999999987},"num_concepts_raised":15057},{"base_id":232,"kind":"top_words","i1":4,"i2":8,"sol":{"path":["/c/en/tracery","/c/en/wall","/c/en/fly","/c/en/overfly"],"weight":0.20383999999999983},"num_concepts_raised":19291},{"base_id":232,"kind":"top_words","i1":4,"i2":9,"sol":{"path":["/c/en/tracery","/c/en/stone","/c/en/mineral","/c/en/rutile"],"weight":0.21125999999999984},"num_concepts_raised":24488},{"base_id":232,"kind":"top_words","i1":5,"i2":6,"sol":{"path":["/c/en/unsigned","/c/en/sign","/c/en/name","/c/en/brassiere"],"weight":0.2049699999999997},"num_concepts_raised":20236},{"base_id":232,"kind":"top_words","i1":5,"i2":7,"sol":{"path":["/c/en/unsigned","/c/en/sign","/c/en/equal","/c/en/unfair","/c/en/inequitable"],"weight":0.20530999999999994},"num_concepts_raised":11962},{"base_id":232,"kind":"top_words","i1":5,"i2":8,"sol":{"path":["/c/en/unsigned","/c/en/computing","/c/en/far","/c/en/overfly"],"weight":0.2038199999999999},"num_concepts_raised":16271},{"base_id":232,"kind":"top_words","i1":5,"i2":9,"sol":{"path":["/c/en/unsigned","/c/en/sign","/c/en/metal","/c/en/mineral","/c/en/rutile"],"weight":0.2125299999999999},"num_concepts_raised":21479},{"base_id":232,"kind":"top_words","i1":6,"i2":7,"sol":{"path":["/c/en/brassiere","/c/en/women","/c/en/fair","/c/en/unjust","/c/en/inequitable"],"weight":0.2051599999999997},"num_concepts_raised":9731},{"base_id":232,"kind":"top_words","i1":6,"i2":8,"sol":{"path":["/c/en/brassiere","/c/en/long","/c/en/far","/c/en/overfly"],"weight":0.20359999999999967},"num_concepts_raised":13885},{"base_id":232,"kind":"top_words","i1":6,"i2":9,"sol":{"path":["/c/en/brassiere","/c/en/a","/c/en/oxygen","/c/en/rutile"],"weight":0.2099999999999997},"num_concepts_raised":19234},{"base_id":232,"kind":"top_words","i1":7,"i2":8,"sol":{"path":["/c/en/inequitable","/c/en/unjust","/c/en/right","/c/en/over","/c/en/overfly"],"weight":0.2039999999999999},"num_concepts_raised":5629},{"base_id":232,"kind":"top_words","i1":7,"i2":9,"sol":{"path":["/c/en/inequitable","/c/en/unequal","/c/en/tetragonal","/c/en/rutile"],"weight":0.20907999999999993},"num_concepts_raised":10754},{"base_id":232,"kind":"top_words","i1":8,"i2":9,"sol":{"path":["/c/en/overfly","/c/en/fly","/c/en/animal","/c/en/mineral","/c/en/rutile"],"weight":0.2123099999999999},"num_concepts_raised":15147}]]