[[{"base_id":278,"kind":"bot_words","i1":0,"i2":1,"sol":{"path":["/c/en/neutralism","/c/en/neutral","/c/en/positive","/c/en/unsigned"],"weight":0.20386999999999994},"num_concepts_raised":12449},{"base_id":278,"kind":"bot_words","i1":0,"i2":2,"sol":{"path":["/c/en/neutralism","/c/en/conflict","/c/en/state","/c/en/escheat"],"weight":0.20394999999999985},"num_concepts_raised":18828},{"base_id":278,"kind":"bot_words","i1":0,"i2":3,"sol":{"path":["/c/en/neutralism","/c/en/neutral","/c/fr/chimie","/c/fr/solanine","/c/en/solanine"],"weight":0.2100799999999999},"num_concepts_raised":11982},{"base_id":278,"kind":"bot_words","i1":0,"i2":4,"sol":{"path":["/c/en/neutralism","/c/en/conflict","/c/en/battle","/c/fr/ville","/c/en/hyde"],"weight":0.20783999999999983},"num_concepts_raised":116170},{"base_id":278,"kind":"bot_words","i1":0,"i2":5,"sol":{"path":["/c/en/neutralism","/c/en/neutral","/c/en/negative","/c/en/mathematics","/c/en/probabilistic"],"weight":0.20280999999999993},"num_concepts_raised":12657},{"base_id":278,"kind":"bot_words","i1":0,"i2":6,"sol":{"path":["/c/en/neutralism","/c/en/neutral","/c/en/person","/c/en/grave","/c/en/grievous"],"weight":0.20612999999999965},"num_concepts_raised":10184},{"base_id":278,"kind":"bot_words","i1":0,"i2":7,"sol":{"path":["/c/en/neutralism","/c/en/conflict","/c/zh/煙火","/c/en/candle","/c/en/chandelier"],"weight":0.20643999999999996},"num_concepts_raised":16402},{"base_id":278,"kind":"bot_words","i1":0,"i2":8,"sol":{"path":["/c/en/neutralism","/c/en/neutrality","/c/en/its","/c/en/dollar","/c/en/greenback"],"weight":0.2038999999999999},"num_concepts_raised":17408},{"base_id":278,"kind":"bot_words","i1":0,"i2":9,"sol":{"path":["/c/en/neutralism","/c/en/neutral","/c/en/biology","/c/en/tribe","/c/en/attila"],"weight":0.2134299999999999},"num_concepts_raised":8457},{"base_id":278,"kind":"bot_words","i1":1,"i2":2,"sol":{"path":["/c/en/unsigned","/c/en/computing","/c/en/property","/c/en/escheat"],"weight":0.20428999999999986},"num_concepts_raised":28723},{"base_id":278,"kind":"bot_words","i1":1,"i2":3,"sol":{"path":["/c/en/unsigned","/c/en/computing","/c/en/atom","/c/en/organic_compound","/c/en/solanine"],"weight":0.2094599999999999},"num_concepts_raised":22197},{"base_id":278,"kind":"bot_words","i1":1,"i2":4,"sol":{"path":["/c/en/unsigned","/c/en/sign","/c/en/town","/c/en/hyde"],"weight":0.2091199999999998},"num_concepts_raised":126310},{"base_id":278,"kind":"bot_words","i1":1,"i2":5,"sol":{"path":["/c/en/unsigned","/c/en/sign","/c/en/mathematics","/c/en/probabilistic"],"weight":0.20415999999999992},"num_concepts_raised":22484},{"base_id":278,"kind":"bot_words","i1":1,"i2":6,"sol":{"path":["/c/en/unsigned","/c/en/sign","/c/en/danger","/c/en/grave","/c/en/grievous"],"weight":0.20745999999999964},"num_concepts_raised":20318},{"base_id":278,"kind":"bot_words","i1":1,"i2":7,"sol":{"path":["/c/en/unsigned","/c/en/sign","/c/en/wall","/c/en/chandelier"],"weight":0.20762999999999995},"num_concepts_raised":26370},{"base_id":278,"kind":"bot_words","i1":1,"i2":8,"sol":{"path":["/c/en/unsigned","/c/en/sign","/c/en/note","/c/en/dollar","/c/en/greenback"],"weight":0.20524999999999988},"num_concepts_raised":27336},{"base_id":278,"kind":"bot_words","i1":1,"i2":9,"sol":{"path":["/c/en/unsigned","/c/en/computing","/c/en/hungarian","/c/en/attila"],"weight":0.21467999999999987},"num_concepts_raised":18636},{"base_id":278,"kind":"bot_words","i1":2,"i2":3,"sol":{"path":["/c/en/escheat","/c/la/ex","/c/fr/matière","/c/fr/solanine","/c/en/solanine"],"weight":0.21039999999999986},"num_concepts_raised":28587},{"base_id":278,"kind":"bot_words","i1":2,"i2":4,"sol":{"path":["/c/en/escheat","/c/en/state","/c/en/town","/c/en/hyde"],"weight":0.20921999999999977},"num_concepts_raised":132591},{"base_id":278,"kind":"bot_words","i1":2,"i2":5,"sol":{"path":["/c/en/escheat","/c/en/state","/c/en/mathematics","/c/en/probabilistic"],"weight":0.20418999999999987},"num_concepts_raised":28971},{"base_id":278,"kind":"bot_words","i1":2,"i2":6,"sol":{"path":["/c/en/escheat","/c/en/lord","/c/en/important","/c/en/grievous"],"weight":0.2064199999999996},"num_concepts_raised":26576},{"base_id":278,"kind":"bot_words","i1":2,"i2":7,"sol":{"path":["/c/en/escheat","/c/en/state","/c/en/fixture","/c/en/chandelier"],"weight":0.20663999999999988},"num_concepts_raised":32630},{"base_id":278,"kind":"bot_words","i1":2,"i2":8,"sol":{"path":["/c/en/escheat","/c/en/state","/c/en/bill","/c/en/greenback"],"weight":0.20423999999999984},"num_concepts_raised":33116},{"base_id":278,"kind":"bot_words","i1":2,"i2":9,"sol":{"path":["/c/en/escheat","/c/en/state","/c/en/tribe","/c/en/attila"],"weight":0.21484999999999982},"num_concepts_raised":24957},{"base_id":278,"kind":"bot_words","i1":3,"i2":4,"sol":{"path":["/c/en/solanine","/c/en/potato","/c/en/eye","/c/fr/ville","/c/en/hyde"],"weight":0.2133599999999998},"num_concepts_raised":125906},{"base_id":278,"kind":"bot_words","i1":3,"i2":5,"sol":{"path":["/c/en/solanine","/c/en/organic_compound","/c/en/atom","/c/en/mathematics","/c/en/probabilistic"],"weight":0.2083699999999999},"num_concepts_raised":22415},{"base_id":278,"kind":"bot_words","i1":3,"i2":6,"sol":{"path":["/c/en/solanine","/c/en/potato","/c/en/dirt","/c/en/grave","/c/en/grievous"],"weight":0.21160999999999963},"num_concepts_raised":19933},{"base_id":278,"kind":"bot_words","i1":3,"i2":7,"sol":{"path":["/c/en/solanine","/c/en/potato","/c/en/eye","/c/en/chandelier"],"weight":0.21075999999999992},"num_concepts_raised":26155},{"base_id":278,"kind":"bot_words","i1":3,"i2":8,"sol":{"path":["/c/en/solanine","/c/en/potato","/c/en/uk","/c/en/dollar","/c/en/greenback"],"weight":0.20940999999999987},"num_concepts_raised":27102},{"base_id":278,"kind":"bot_words","i1":3,"i2":9,"sol":{"path":["/c/en/solanine","/c/en/organic_compound","/c/en/pet","/c/en/bird","/c/en/attila"],"weight":0.21898999999999985},"num_concepts_raised":18192},{"base_id":278,"kind":"bot_words","i1":4,"i2":5,"sol":{"path":["/c/en/hyde","/c/fr/ville","/c/sh/grad","/c/en/mathematics","/c/en/probabilistic"],"weight":0.20805999999999983},"num_concepts_raised":126564},{"base_id":278,"kind":"bot_words","i1":4,"i2":6,"sol":{"path":["/c/en/hyde","/c/fr/ville","/c/fr/grave","/c/en/grievous"],"weight":0.21029999999999957},"num_concepts_raised":124031},{"base_id":278,"kind":"bot_words","i1":4,"i2":7,"sol":{"path":["/c/en/hyde","/c/en/town","/c/en/wall","/c/en/chandelier"],"weight":0.21154999999999985},"num_concepts_raised":130173},{"base_id":278,"kind":"bot_words","i1":4,"i2":8,"sol":{"path":["/c/en/hyde","/c/fr/ville","/c/en/dollar","/c/en/greenback"],"weight":0.2091299999999998},"num_concepts_raised":131067},{"base_id":278,"kind":"bot_words","i1":4,"i2":9,"sol":{"path":["/c/en/hyde","/c/fr/ville","/c/fr/histoire","/c/fr/attila","/c/en/attila"],"weight":0.22367999999999977},"num_concepts_raised":122290},{"base_id":278,"kind":"bot_words","i1":5,"i2":6,"sol":{"path":["/c/en/probabilistic","/c/en/mathematics","/c/en/tombstone","/c/en/grave","/c/en/grievous"],"weight":0.20632999999999968},"num_concepts_raised":20565},{"base_id":278,"kind":"bot_words","i1":5,"i2":7,"sol":{"path":["/c/en/probabilistic","/c/en/mathematics","/c/en/ceiling","/c/en/chandelier"],"weight":0.20542999999999995},"num_concepts_raised":26717},{"base_id":278,"kind":"bot_words","i1":5,"i2":8,"sol":{"path":["/c/en/probabilistic","/c/en/mathematics","/c/en/one","/c/en/dollar","/c/en/greenback"],"weight":0.2041299999999999},"num_concepts_raised":27724},{"base_id":278,"kind":"bot_words","i1":5,"i2":9,"sol":{"path":["/c/en/probabilistic","/c/en/mathematics","/c/en/group","/c/en/tribe","/c/en/attila"],"weight":0.21366999999999986},"num_concepts_raised":18869},{"base_id":278,"kind":"bot_words","i1":6,"i2":7,"sol":{"path":["/c/en/grievous","/c/fr/grave","/c/fr/eau","/c/fr/lustre","/c/en/chandelier"],"weight":0.21001999999999968},"num_concepts_raised":24190},{"base_id":278,"kind":"bot_words","i1":6,"i2":8,"sol":{"path":["/c/en/grievous","/c/en/important","/c/en/money","/c/en/greenback"],"weight":0.20529999999999962},"num_concepts_raised":25176},{"base_id":278,"kind":"bot_words","i1":6,"i2":9,"sol":{"path":["/c/en/grievous","/c/en/heavy","/c/en/aggressive","/c/en/attila_hun","/c/en/attila"],"weight":0.2170999999999996},"num_concepts_raised":16391},{"base_id":278,"kind":"bot_words","i1":7,"i2":8,"sol":{"path":["/c/en/chandelier","/c/en/wall","/c/en/us","/c/en/greenback"],"weight":0.2064999999999999},"num_concepts_raised":30897},{"base_id":278,"kind":"bot_words","i1":7,"i2":9,"sol":{"path":["/c/en/chandelier","/c/fr/lustre","/c/fr/peuple","/c/en/tribe","/c/en/attila"],"weight":0.2183699999999999},"num_concepts_raised":22554},{"base_id":278,"kind":"bot_words","i1":8,"i2":9,"sol":{"path":["/c/en/greenback","/c/en/bill","/c/en/bird","/c/en/attila"],"weight":0.21364999999999984},"num_concepts_raised":23412}],[{"base_id":278,"kind":"top_words","i1":0,"i2":1,"sol":{"path":["/c/en/streak","/c/en/run","/c/en/cricket","/c/en/unbeaten"],"weight":0.20717999999999934},"num_concepts_raised":52848},{"base_id":278,"kind":"top_words","i1":0,"i2":2,"sol":{"path":["/c/en/streak","/c/en/move","/c/en/slip","/c/en/skid"],"weight":0.21879999999999894},"num_concepts_raised":67015},{"base_id":278,"kind":"top_words","i1":0,"i2":3,"sol":{"path":["/c/en/streak","/c/en/winning_streak","/c/en/win","/c/en/winning"],"weight":0.21064999999999884},"num_concepts_raised":80793},{"base_id":278,"kind":"top_words","i1":0,"i2":4,"sol":{"path":["/c/en/streak","/c/en/run","/c/en/control","/c/en/stranglehold"],"weight":0.21260999999999924},"num_concepts_raised":57307},{"base_id":278,"kind":"top_words","i1":0,"i2":5,"sol":{"path":["/c/en/streak","/c/en/stripe","/c/en/long","/c/en/longest"],"weight":0.20989999999999934},"num_concepts_raised":54752},{"base_id":278,"kind":"top_words","i1":0,"i2":6,"sol":{"path":["/c/en/streak","/c/en/run","/c/en/person","/c/en/drought"],"weight":0.21773999999999966},"num_concepts_raised":72680},{"base_id":278,"kind":"top_words","i1":0,"i2":7,"sol":{"path":["/c/en/streak","/c/fr/bande","/c/ja/徒","/c/en/futility"],"weight":0.20698999999999937},"num_concepts_raised":52958},{"base_id":278,"kind":"top_words","i1":0,"i2":8,"sol":{"path":["/c/en/streak","/c/en/line","/c/en/end","/c/en/ending"],"weight":0.2168999999999984},"num_concepts_raised":101145},{"base_id":278,"kind":"top_words","i1":0,"i2":9,"sol":{"path":["/c/en/streak","/c/en/line","/c/en/end","/c/en/ended"],"weight":0.20764999999999934},"num_concepts_raised":56424},{"base_id":278,"kind":"top_words","i1":1,"i2":2,"sol":{"path":["/c/en/unbeaten","/c/en/cricket","/c/en/slip","/c/en/skid"],"weight":0.2153799999999995},"num_concepts_raised":18456},{"base_id":278,"kind":"top_words","i1":1,"i2":3,"sol":{"path":["/c/en/unbeaten","/c/en/beaten","/c/en/defeat","/c/en/winning"],"weight":0.2059099999999994},"num_concepts_raised":33088},{"base_id":278,"kind":"top_words","i1":1,"i2":4,"sol":{"path":["/c/en/unbeaten","/c/en/beaten","/c/ar/ضرب","/c/en/power","/c/en/stranglehold"],"weight":0.20905999999999977},"num_concepts_raised":7506},{"base_id":278,"kind":"top_words","i1":1,"i2":5,"sol":{"path":["/c/en/unbeaten","/c/en/cricket","/c/en/long","/c/en/longest"],"weight":0.20468999999999987},"num_concepts_raised":4776},{"base_id":278,"kind":"top_words","i1":1,"i2":6,"sol":{"path":["/c/en/unbeaten","/c/en/defeated","/c/en/person","/c/en/drought"],"weight":0.2132000000000002},"num_concepts_raised":23725},{"base_id":278,"kind":"top_words","i1":1,"i2":7,"sol":{"path":["/c/en/unbeaten","/c/en/beaten","/c/sa/हत","/c/en/useless","/c/en/futility"],"weight":0.2046899999999999},"num_concepts_raised":2677},{"base_id":278,"kind":"top_words","i1":1,"i2":8,"sol":{"path":["/c/en/unbeaten","/c/en/cricket","/c/en/end","/c/en/ending"],"weight":0.21298999999999893},"num_concepts_raised":54055},{"base_id":278,"kind":"top_words","i1":1,"i2":9,"sol":{"path":["/c/en/unbeaten","/c/en/cricket","/c/en/end","/c/en/ended"],"weight":0.20387999999999984},"num_concepts_raised":6504},{"base_id":278,"kind":"top_words","i1":2,"i2":3,"sol":{"path":["/c/en/skid","/c/en/slip","/c/en/losing","/c/en/winning"],"weight":0.218639999999999},"num_concepts_raised":48065},{"base_id":278,"kind":"top_words","i1":2,"i2":4,"sol":{"path":["/c/en/skid","/c/en/slip","/c/en/grip","/c/en/stranglehold"],"weight":0.2207599999999994},"num_concepts_raised":23053},{"base_id":278,"kind":"top_words","i1":2,"i2":5,"sol":{"path":["/c/en/skid","/c/en/board","/c/en/long","/c/en/longest"],"weight":0.2125399999999995},"num_concepts_raised":20431},{"base_id":278,"kind":"top_words","i1":2,"i2":6,"sol":{"path":["/c/en/skid","/c/en/slip","/c/en/weather","/c/en/drought"],"weight":0.2259599999999998},"num_concepts_raised":39173},{"base_id":278,"kind":"top_words","i1":2,"i2":7,"sol":{"path":["/c/en/skid","/c/en/slip","/c/en/set","/c/ja/徒","/c/en/futility"],"weight":0.2162999999999995},"num_concepts_raised":18495},{"base_id":278,"kind":"top_words","i1":2,"i2":8,"sol":{"path":["/c/en/skid","/c/en/slip","/c/en/result","/c/en/ending"],"weight":0.2211599999999986},"num_concepts_raised":68671},{"base_id":278,"kind":"top_words","i1":2,"i2":9,"sol":{"path":["/c/en/skid","/c/en/slip","/c/en/over","/c/en/ended"],"weight":0.21542999999999946},"num_concepts_raised":22192},{"base_id":278,"kind":"top_words","i1":3,"i2":4,"sol":{"path":["/c/en/winning","/c/en/wrestling","/c/en/chokehold","/c/en/stranglehold"],"weight":0.2121799999999993},"num_concepts_raised":37575},{"base_id":278,"kind":"top_words","i1":3,"i2":5,"sol":{"path":["/c/en/winning","/c/en/opening","/c/en/space","/c/en/longest"],"weight":0.2048199999999994},"num_concepts_raised":35054},{"base_id":278,"kind":"top_words","i1":3,"i2":6,"sol":{"path":["/c/en/winning","/c/en/work","/c/en/dry","/c/en/drought"],"weight":0.2159399999999997},"num_concepts_raised":53238},{"base_id":278,"kind":"top_words","i1":3,"i2":7,"sol":{"path":["/c/en/winning","/c/en/win","/c/fr/valoir","/c/fr/vanité","/c/en/futility"],"weight":0.2094899999999994},"num_concepts_raised":33155},{"base_id":278,"kind":"top_words","i1":3,"i2":8,"sol":{"path":["/c/en/winning","/c/en/defeat","/c/en/ending"],"weight":0.203},"num_concepts_raised":536},{"base_id":278,"kind":"top_words","i1":3,"i2":9,"sol":{"path":["/c/en/winning","/c/en/pass","/c/en/end","/c/en/ended"],"weight":0.20608999999999936},"num_concepts_raised":36608},{"base_id":278,"kind":"top_words","i1":4,"i2":5,"sol":{"path":["/c/en/stranglehold","/c/en/grip","/c/en/stretcher","/c/en/longest"],"weight":0.20802999999999977},"num_concepts_raised":9544},{"base_id":278,"kind":"top_words","i1":4,"i2":6,"sol":{"path":["/c/en/stranglehold","/c/en/power","/c/en/person","/c/en/drought"],"weight":0.2186300000000001},"num_concepts_raised":28390},{"base_id":278,"kind":"top_words","i1":4,"i2":7,"sol":{"path":["/c/en/stranglehold","/c/fr/étau","/c/fr/arts","/c/fr/vanité","/c/en/futility"],"weight":0.21112999999999982},"num_concepts_raised":7481},{"base_id":278,"kind":"top_words","i1":4,"i2":8,"sol":{"path":["/c/en/stranglehold","/c/en/cut_off","/c/en/end","/c/en/ending"],"weight":0.21831999999999885},"num_concepts_raised":58365},{"base_id":278,"kind":"top_words","i1":4,"i2":9,"sol":{"path":["/c/en/stranglehold","/c/en/cut_off","/c/en/end","/c/en/ended"],"weight":0.20921999999999974},"num_concepts_raised":11236},{"base_id":278,"kind":"top_words","i1":5,"i2":6,"sol":{"path":["/c/en/longest","/c/en/long","/c/en/corn","/c/en/drought"],"weight":0.21520000000000017},"num_concepts_raised":25683},{"base_id":278,"kind":"top_words","i1":5,"i2":7,"sol":{"path":["/c/en/longest","/c/en/space","/c/fr/vide","/c/fr/vanité","/c/en/futility"],"weight":0.2058399999999999},"num_concepts_raised":4743},{"base_id":278,"kind":"top_words","i1":5,"i2":8,"sol":{"path":["/c/en/longest","/c/en/space","/c/en/termination","/c/en/ending"],"weight":0.210529999999999},"num_concepts_raised":55797},{"base_id":278,"kind":"top_words","i1":5,"i2":9,"sol":{"path":["/c/en/longest","/c/en/long","/c/en/line","/c/en/end","/c/en/ended"],"weight":0.20594999999999986},"num_concepts_raised":8553},{"base_id":278,"kind":"top_words","i1":6,"i2":7,"sol":{"path":["/c/en/drought","/c/fr/sècheresse","/c/fr/caractère","/c/fr/futilité","/c/en/futility"],"weight":0.2206800000000002},"num_concepts_raised":23698},{"base_id":278,"kind":"top_words","i1":6,"i2":8,"sol":{"path":["/c/en/drought","/c/en/period","/c/en/ending"],"weight":0.20400000000000001},"num_concepts_raised":604},{"base_id":278,"kind":"top_words","i1":6,"i2":9,"sol":{"path":["/c/en/drought","/c/en/person","/c/en/end","/c/en/ended"],"weight":0.21443000000000018},"num_concepts_raised":27429},{"base_id":278,"kind":"top_words","i1":7,"i2":8,"sol":{"path":["/c/en/futility","/c/ja/馬鹿","/c/en/extreme","/c/en/end","/c/en/ending"],"weight":0.21400999999999895},"num_concepts_raised":54127},{"base_id":278,"kind":"top_words","i1":7,"i2":9,"sol":{"path":["/c/en/futility","/c/ja/馬鹿","/c/en/extreme","/c/en/end","/c/en/ended"],"weight":0.20484999999999987},"num_concepts_raised":6482},{"base_id":278,"kind":"top_words","i1":8,"i2":9,"sol":{"path":["/c/en/ending","/c/en/end","/c/en/ended"],"weight":0.20600000000000002},"num_concepts_raised":374}]]