[[{"base_id":994,"kind":"bot_words","i1":0,"i2":1,"sol":{"path":["/c/en/cognizance","/c/en/ken","/c/en/kentucky","/c/en/greenville"],"weight":0.20366999999999985},"num_concepts_raised":18238},{"base_id":994,"kind":"bot_words","i1":0,"i2":2,"sol":{"path":["/c/en/cognizance","/c/en/device","/c/en/action","/c/en/singer"],"weight":0.21234999999999957},"num_concepts_raised":51971},{"base_id":994,"kind":"bot_words","i1":0,"i2":3,"sol":{"path":["/c/en/cognizance","/c/en/device","/c/en/rate","/c/en/percent"],"weight":0.20782999999999974},"num_concepts_raised":25905},{"base_id":994,"kind":"bot_words","i1":0,"i2":4,"sol":{"path":["/c/en/cognizance","/c/en/knowledge","/c/en/smatter","/c/en/babble"],"weight":0.20790999999999904},"num_concepts_raised":28611},{"base_id":994,"kind":"bot_words","i1":0,"i2":5,"sol":{"path":["/c/en/cognizance","/c/en/mark","/c/en/line","/c/en/lines"],"weight":0.20656999999999948},"num_concepts_raised":63747},{"base_id":994,"kind":"bot_words","i1":0,"i2":6,"sol":{"path":["/c/en/cognizance","/c/en/device","/c/en/loop_pedal","/c/en/repetition","/c/en/repetitious"],"weight":0.20535999999999976},"num_concepts_raised":13355},{"base_id":994,"kind":"bot_words","i1":0,"i2":7,"sol":{"path":["/c/en/cognizance","/c/en/body","/c/en/sun","/c/ms/surya","/c/en/surya"],"weight":0.2106599999999996},"num_concepts_raised":14679},{"base_id":994,"kind":"bot_words","i1":0,"i2":8,"sol":{"path":["/c/en/cognizance","/c/en/device","/c/en/chair","/c/en/bench","/c/en/workbench"],"weight":0.22191999999999965},"num_concepts_raised":21125},{"base_id":994,"kind":"bot_words","i1":0,"i2":9,"sol":{"path":["/c/en/cognizance","/c/en/badge","/c/en/servant","/c/en/maid","/c/en/ayah"],"weight":0.2044399999999997},"num_concepts_raised":15692},{"base_id":994,"kind":"bot_words","i1":1,"i2":2,"sol":{"path":["/c/en/greenville","/c/en/usa","/c/en/slang","/c/en/sing","/c/en/singer"],"weight":0.21403999999999979},"num_concepts_raised":45996},{"base_id":994,"kind":"bot_words","i1":1,"i2":3,"sol":{"path":["/c/en/greenville","/c/en/north_carolina","/c/en/cotton","/c/en/percent"],"weight":0.20673999999999998},"num_concepts_raised":19357},{"base_id":994,"kind":"bot_words","i1":1,"i2":4,"sol":{"path":["/c/en/greenville","/c/en/alabama","/c/en/language","/c/en/babbling","/c/en/babble"],"weight":0.20870999999999928},"num_concepts_raised":22145},{"base_id":994,"kind":"bot_words","i1":1,"i2":5,"sol":{"path":["/c/en/greenville","/c/en/south_carolina","/c/en/lane","/c/en/lines"],"weight":0.2050099999999997},"num_concepts_raised":58357},{"base_id":994,"kind":"bot_words","i1":1,"i2":6,"sol":{"path":["/c/en/greenville","/c/en/ohio","/c/en/monkey","/c/en/repetitive","/c/en/repetitious"],"weight":0.20451999999999998},"num_concepts_raised":6456},{"base_id":994,"kind":"bot_words","i1":1,"i2":7,"sol":{"path":["/c/en/greenville","/c/en/kentucky","/c/en/religion","/c/en/hinduism","/c/en/surya"],"weight":0.20865999999999985},"num_concepts_raised":7808},{"base_id":994,"kind":"bot_words","i1":1,"i2":8,"sol":{"path":["/c/en/greenville","/c/en/county_seat","/c/en/seat","/c/en/bench","/c/en/workbench"],"weight":0.2210899999999999},"num_concepts_raised":14517},{"base_id":994,"kind":"bot_words","i1":1,"i2":9,"sol":{"path":["/c/en/greenville","/c/en/south_carolina","/c/en/state","/c/en/india","/c/en/ayah"],"weight":0.20446999999999993},"num_concepts_raised":8793},{"base_id":994,"kind":"bot_words","i1":2,"i2":3,"sol":{"path":["/c/en/singer","/c/en/music","/c/en/perfect","/c/en/percent"],"weight":0.2152399999999997},"num_concepts_raised":53333},{"base_id":994,"kind":"bot_words","i1":2,"i2":4,"sol":{"path":["/c/en/singer","/c/en/sing","/c/en/talk","/c/en/babble"],"weight":0.21735999999999903},"num_concepts_raised":55667},{"base_id":994,"kind":"bot_words","i1":2,"i2":5,"sol":{"path":["/c/en/singer","/c/en/band","/c/en/line","/c/en/lines"],"weight":0.2153299999999994},"num_concepts_raised":89909},{"base_id":994,"kind":"bot_words","i1":2,"i2":6,"sol":{"path":["/c/en/singer","/c/en/pitch","/c/en/monotonous","/c/en/repetitious"],"weight":0.2111599999999997},"num_concepts_raised":41142},{"base_id":994,"kind":"bot_words","i1":2,"i2":7,"sol":{"path":["/c/en/singer","/c/en/person","/c/en/aruna","/c/en/surya"],"weight":0.21656999999999957},"num_concepts_raised":42463},{"base_id":994,"kind":"bot_words","i1":2,"i2":8,"sol":{"path":["/c/en/singer","/c/en/opera","/c/en/work","/c/en/workbench"],"weight":0.2263499999999996},"num_concepts_raised":48479},{"base_id":994,"kind":"bot_words","i1":2,"i2":9,"sol":{"path":["/c/en/singer","/c/fr/chanteur","/c/fr/personne","/c/fr/nourrice","/c/en/ayah"],"weight":0.21483999999999967},"num_concepts_raised":43462},{"base_id":994,"kind":"bot_words","i1":3,"i2":4,"sol":{"path":["/c/en/percent","/c/en/milk","/c/en/utter","/c/en/babble"],"weight":0.20970999999999917},"num_concepts_raised":29792},{"base_id":994,"kind":"bot_words","i1":3,"i2":5,"sol":{"path":["/c/en/percent","/c/en/number","/c/en/line","/c/en/lines"],"weight":0.2095299999999996},"num_concepts_raised":65264},{"base_id":994,"kind":"bot_words","i1":3,"i2":6,"sol":{"path":["/c/en/percent","/c/en/interest","/c/en/mind_numbing","/c/en/repetitive","/c/en/repetitious"],"weight":0.2077599999999999},"num_concepts_raised":14469},{"base_id":994,"kind":"bot_words","i1":3,"i2":7,"sol":{"path":["/c/en/percent","/c/en/sale","/c/en/solar","/c/en/surya"],"weight":0.21161999999999972},"num_concepts_raised":15824},{"base_id":994,"kind":"bot_words","i1":3,"i2":8,"sol":{"path":["/c/en/percent","/c/en/half","/c/en/table","/c/en/workbench"],"weight":0.2173999999999998},"num_concepts_raised":22251},{"base_id":994,"kind":"bot_words","i1":3,"i2":9,"sol":{"path":["/c/en/percent","/c/en/interest","/c/en/daily","/c/en/maid","/c/en/ayah"],"weight":0.20661999999999986},"num_concepts_raised":16803},{"base_id":994,"kind":"bot_words","i1":4,"i2":5,"sol":{"path":["/c/en/babble","/c/en/murmur","/c/en/protest","/c/en/lines"],"weight":0.2080899999999989},"num_concepts_raised":68115},{"base_id":994,"kind":"bot_words","i1":4,"i2":6,"sol":{"path":["/c/en/babble","/c/en/prattle","/c/en/le","/c/en/repetition","/c/en/repetitious"],"weight":0.20953999999999923},"num_concepts_raised":17231},{"base_id":994,"kind":"bot_words","i1":4,"i2":7,"sol":{"path":["/c/en/babble","/c/en/inarticulate","/c/en/person","/c/en/aruna","/c/en/surya"],"weight":0.21246999999999905},"num_concepts_raised":18586},{"base_id":994,"kind":"bot_words","i1":4,"i2":8,"sol":{"path":["/c/en/babble","/c/en/idle","/c/en/work","/c/en/workbench"],"weight":0.2214099999999991},"num_concepts_raised":25086},{"base_id":994,"kind":"bot_words","i1":4,"i2":9,"sol":{"path":["/c/en/babble","/c/en/rabbit","/c/en/domestic","/c/en/ayah"],"weight":0.20622999999999916},"num_concepts_raised":19567},{"base_id":994,"kind":"bot_words","i1":5,"i2":6,"sol":{"path":["/c/en/lines","/c/en/line","/c/en/repeat","/c/en/repetitive","/c/en/repetitious"],"weight":0.20720999999999962},"num_concepts_raised":53661},{"base_id":994,"kind":"bot_words","i1":5,"i2":7,"sol":{"path":["/c/en/lines","/c/en/vessel","/c/en/akshayapatra","/c/en/surya"],"weight":0.20878999999999948},"num_concepts_raised":54998},{"base_id":994,"kind":"bot_words","i1":5,"i2":8,"sol":{"path":["/c/en/lines","/c/en/horizontal","/c/en/bench","/c/en/workbench"],"weight":0.2211499999999995},"num_concepts_raised":60701},{"base_id":994,"kind":"bot_words","i1":5,"i2":9,"sol":{"path":["/c/en/lines","/c/en/verse","/c/nl/aja","/c/en/ayah"],"weight":0.20371999999999957},"num_concepts_raised":55915},{"base_id":994,"kind":"bot_words","i1":6,"i2":7,"sol":{"path":["/c/en/repetitious","/c/en/cycler","/c/en/astronomy","/c/ne/सूर्य","/c/en/surya"],"weight":0.20818999999999976},"num_concepts_raised":2873},{"base_id":994,"kind":"bot_words","i1":6,"i2":8,"sol":{"path":["/c/en/repetitious","/c/en/repetition","/c/en/weightlifting","/c/en/bench","/c/en/workbench"],"weight":0.2214999999999998},"num_concepts_raised":9604},{"base_id":994,"kind":"bot_words","i1":6,"i2":9,"sol":{"path":["/c/en/repetitious","/c/en/repetition","/c/en/pali","/c/en/india","/c/en/ayah"],"weight":0.20402999999999988},"num_concepts_raised":3878},{"base_id":994,"kind":"bot_words","i1":7,"i2":8,"sol":{"path":["/c/en/surya","/c/en/hinduism","/c/en/form","/c/en/bench","/c/en/workbench"],"weight":0.22575999999999963},"num_concepts_raised":10967},{"base_id":994,"kind":"bot_words","i1":7,"i2":9,"sol":{"path":["/c/en/surya","/c/en/hinduism","/c/en/india","/c/en/ayah"],"weight":0.2082699999999997},"num_concepts_raised":5201},{"base_id":994,"kind":"bot_words","i1":8,"i2":9,"sol":{"path":["/c/en/workbench","/c/en/bench","/c/en/dog","/c/en/domestic","/c/en/ayah"],"weight":0.22041999999999976},"num_concepts_raised":11951}],[{"base_id":994,"kind":"top_words","i1":0,"i2":1,"sol":{"path":["/c/en/octa","/c/en/eight","/c/en/sign","/c/en/city","/c/en/chiayi"],"weight":0.20792999999999984},"num_concepts_raised":6886},{"base_id":994,"kind":"top_words","i1":0,"i2":2,"sol":{"path":["/c/en/octa","/c/en/eight","/c/en/island","/c/en/fort_orange","/c/en/tainan"],"weight":0.20398999999999987},"num_concepts_raised":7439},{"base_id":994,"kind":"top_words","i1":0,"i2":3,"sol":{"path":["/c/en/octa","/c/en/octet","/c/en/music","/c/en/china","/c/en/taiwan"],"weight":0.2241099999999971},"num_concepts_raised":23071},{"base_id":994,"kind":"top_words","i1":0,"i2":4,"sol":{"path":["/c/en/octa","/c/en/eight","/c/en/sign","/c/en/city","/c/en/hsinchu"],"weight":0.20796999999999982},"num_concepts_raised":5586},{"base_id":994,"kind":"top_words","i1":0,"i2":5,"sol":{"path":["/c/en/octa","/c/en/eight","/c/en/sign","/c/en/city","/c/en/keelung"],"weight":0.20795999999999984},"num_concepts_raised":6375},{"base_id":994,"kind":"top_words","i1":0,"i2":6,"sol":{"path":["/c/en/octa","/c/en/eight","/c/zh/八卦","/c/zh/台中","/c/en/taichung"],"weight":0.2038299999999999},"num_concepts_raised":3398},{"base_id":994,"kind":"top_words","i1":0,"i2":7,"sol":{"path":["/c/en/octa","/c/en/eight","/c/en/race","/c/en/running","/c/en/duathlon"],"weight":0.2078699999999999},"num_concepts_raised":4105},{"base_id":994,"kind":"top_words","i1":0,"i2":8,"sol":{"path":["/c/en/octa","/c/en/meteorology","/c/en/science","/c/en/geology","/c/en/eocene"],"weight":0.2108099999999998},"num_concepts_raised":7812},{"base_id":994,"kind":"top_words","i1":0,"i2":9,"sol":{"path":["/c/en/octa","/c/en/octave","/c/en/complement","/c/en/protein","/c/en/myostatin"],"weight":0.2098599999999999},"num_concepts_raised":6948},{"base_id":994,"kind":"top_words","i1":1,"i2":2,"sol":{"path":["/c/en/chiayi","/c/en/city","/c/en/tainan"],"weight":0.20400000000000001},"num_concepts_raised":77},{"base_id":994,"kind":"top_words","i1":1,"i2":3,"sol":{"path":["/c/en/chiayi","/c/en/taiwan"],"weight":0.20600000000000002},"num_concepts_raised":990},{"base_id":994,"kind":"top_words","i1":1,"i2":4,"sol":{"path":["/c/en/chiayi","/c/en/city","/c/en/hsinchu"],"weight":0.20600000000000002},"num_concepts_raised":80},{"base_id":994,"kind":"top_words","i1":1,"i2":5,"sol":{"path":["/c/en/chiayi","/c/en/city","/c/en/keelung"],"weight":0.20600000000000002},"num_concepts_raised":77},{"base_id":994,"kind":"top_words","i1":1,"i2":6,"sol":{"path":["/c/en/chiayi","/c/en/taiwan","/c/en/taichung"],"weight":0.20400000000000001},"num_concepts_raised":67},{"base_id":994,"kind":"top_words","i1":1,"i2":7,"sol":{"path":["/c/en/chiayi","/c/en/city","/c/en/brook","/c/en/running","/c/en/duathlon"],"weight":0.21303999999999984},"num_concepts_raised":6333},{"base_id":994,"kind":"top_words","i1":1,"i2":8,"sol":{"path":["/c/en/chiayi","/c/en/city","/c/en/agglomeration","/c/en/geology","/c/en/eocene"],"weight":0.21599999999999975},"num_concepts_raised":10060},{"base_id":994,"kind":"top_words","i1":1,"i2":9,"sol":{"path":["/c/en/chiayi","/c/en/taiwan","/c/zh/血紅素","/c/en/protein","/c/en/myostatin"],"weight":0.21508999999999984},"num_concepts_raised":9177},{"base_id":994,"kind":"top_words","i1":2,"i2":3,"sol":{"path":["/c/en/tainan","/c/en/taiwan"],"weight":0.20400000000000001},"num_concepts_raised":988},{"base_id":994,"kind":"top_words","i1":2,"i2":4,"sol":{"path":["/c/en/tainan","/c/en/taipei","/c/en/hsinchu"],"weight":0.20400000000000001},"num_concepts_raised":80},{"base_id":994,"kind":"top_words","i1":2,"i2":5,"sol":{"path":["/c/en/tainan","/c/en/city","/c/en/keelung"],"weight":0.20400000000000001},"num_concepts_raised":78},{"base_id":994,"kind":"top_words","i1":2,"i2":6,"sol":{"path":["/c/en/tainan","/c/en/taiwan","/c/en/taichung"],"weight":0.202},"num_concepts_raised":67},{"base_id":994,"kind":"top_words","i1":2,"i2":7,"sol":{"path":["/c/en/tainan","/c/en/taiwan","/c/en/zhejiang","/c/en/running","/c/en/duathlon"],"weight":0.2080899999999999},"num_concepts_raised":6891},{"base_id":994,"kind":"top_words","i1":2,"i2":8,"sol":{"path":["/c/en/tainan","/c/en/taiwan","/c/zh/地函","/c/en/geology","/c/en/eocene"],"weight":0.21103999999999978},"num_concepts_raised":10612},{"base_id":994,"kind":"top_words","i1":2,"i2":9,"sol":{"path":["/c/en/tainan","/c/en/taiwan","/c/zh/血紅素","/c/en/protein","/c/en/myostatin"],"weight":0.21016999999999988},"num_concepts_raised":9735},{"base_id":994,"kind":"top_words","i1":3,"i2":4,"sol":{"path":["/c/en/taiwan","/c/en/taipei","/c/en/hsinchu"],"weight":0.20800000000000002},"num_concepts_raised":992},{"base_id":994,"kind":"top_words","i1":3,"i2":5,"sol":{"path":["/c/en/taiwan","/c/en/keelung"],"weight":0.20600000000000002},"num_concepts_raised":991},{"base_id":994,"kind":"top_words","i1":3,"i2":6,"sol":{"path":["/c/en/taiwan","/c/en/taichung"],"weight":0.20500000000000002},"num_concepts_raised":980},{"base_id":994,"kind":"top_words","i1":3,"i2":7,"sol":{"path":["/c/en/taiwan","/c/en/zhejiang","/c/en/running","/c/en/duathlon"],"weight":0.22455999999999715},"num_concepts_raised":22502},{"base_id":994,"kind":"top_words","i1":3,"i2":8,"sol":{"path":["/c/en/taiwan","/c/zh/地函","/c/en/geology","/c/en/eocene"],"weight":0.22742999999999702},"num_concepts_raised":26203},{"base_id":994,"kind":"top_words","i1":3,"i2":9,"sol":{"path":["/c/en/taiwan","/c/zh/血紅素","/c/en/protein","/c/en/myostatin"],"weight":0.22656999999999713},"num_concepts_raised":25336},{"base_id":994,"kind":"top_words","i1":4,"i2":5,"sol":{"path":["/c/en/hsinchu","/c/en/city","/c/en/keelung"],"weight":0.20600000000000002},"num_concepts_raised":81},{"base_id":994,"kind":"top_words","i1":4,"i2":6,"sol":{"path":["/c/en/hsinchu","/c/en/taipei","/c/en/taiwan","/c/en/taichung"],"weight":0.20804999999999985},"num_concepts_raised":4301},{"base_id":994,"kind":"top_words","i1":4,"i2":7,"sol":{"path":["/c/en/hsinchu","/c/en/city","/c/en/brook","/c/en/running","/c/en/duathlon"],"weight":0.21307999999999985},"num_concepts_raised":5037},{"base_id":994,"kind":"top_words","i1":4,"i2":8,"sol":{"path":["/c/en/hsinchu","/c/en/city","/c/en/agglomeration","/c/en/geology","/c/en/eocene"],"weight":0.21603999999999973},"num_concepts_raised":8762},{"base_id":994,"kind":"top_words","i1":4,"i2":9,"sol":{"path":["/c/en/hsinchu","/c/en/city","/c/en/human","/c/en/muscle","/c/en/myostatin"],"weight":0.21310999999999986},"num_concepts_raised":7879},{"base_id":994,"kind":"top_words","i1":5,"i2":6,"sol":{"path":["/c/en/keelung","/c/en/taiwan","/c/en/taichung"],"weight":0.20400000000000001},"num_concepts_raised":68},{"base_id":994,"kind":"top_words","i1":5,"i2":7,"sol":{"path":["/c/en/keelung","/c/en/city","/c/en/brook","/c/en/running","/c/en/duathlon"],"weight":0.21306999999999987},"num_concepts_raised":5824},{"base_id":994,"kind":"top_words","i1":5,"i2":8,"sol":{"path":["/c/en/keelung","/c/en/city","/c/en/agglomeration","/c/en/geology","/c/en/eocene"],"weight":0.21602999999999975},"num_concepts_raised":9550},{"base_id":994,"kind":"top_words","i1":5,"i2":9,"sol":{"path":["/c/en/keelung","/c/en/taiwan","/c/zh/血紅素","/c/en/protein","/c/en/myostatin"],"weight":0.21512999999999988},"num_concepts_raised":8667},{"base_id":994,"kind":"top_words","i1":6,"i2":7,"sol":{"path":["/c/en/taichung","/c/en/taiwan","/c/en/zhejiang","/c/en/running","/c/en/duathlon"],"weight":0.20789999999999992},"num_concepts_raised":2844},{"base_id":994,"kind":"top_words","i1":6,"i2":8,"sol":{"path":["/c/en/taichung","/c/en/taiwan","/c/zh/地函","/c/en/geology","/c/en/eocene"],"weight":0.21084999999999982},"num_concepts_raised":6575},{"base_id":994,"kind":"top_words","i1":6,"i2":9,"sol":{"path":["/c/en/taichung","/c/en/taiwan","/c/zh/血紅素","/c/en/protein","/c/en/myostatin"],"weight":0.20997999999999992},"num_concepts_raised":5688},{"base_id":994,"kind":"top_words","i1":7,"i2":8,"sol":{"path":["/c/en/duathlon","/c/en/cycling","/c/en/bunch","/c/en/geology","/c/en/eocene"],"weight":0.21590999999999982},"num_concepts_raised":7274},{"base_id":994,"kind":"top_words","i1":7,"i2":9,"sol":{"path":["/c/en/duathlon","/c/en/running","/c/en/muscle","/c/en/myostatin"],"weight":0.21297999999999995},"num_concepts_raised":6379},{"base_id":994,"kind":"top_words","i1":8,"i2":9,"sol":{"path":["/c/en/eocene","/c/en/geology","/c/en/gluten","/c/en/protein","/c/en/myostatin"],"weight":0.21800999999999982},"num_concepts_raised":10124}]]