[[{"base_id":784,"kind":"bot_words","i1":0,"i2":1,"sol":{"path":["/c/en/unnamed","/c/en/unknown","/c/en/person","/c/en/omani","/c/en/oman"],"weight":0.2152100000000004},"num_concepts_raised":7999},{"base_id":784,"kind":"bot_words","i1":0,"i2":2,"sol":{"path":["/c/en/unnamed","/c/en/named","/c/en/pisces","/c/en/fish","/c/en/caught"],"weight":0.20601999999999965},"num_concepts_raised":16857},{"base_id":784,"kind":"bot_words","i1":0,"i2":3,"sol":{"path":["/c/en/unnamed","/c/en/filler","/c/en/plant","/c/en/calamagrostis"],"weight":0.20847999999999994},"num_concepts_raised":11549},{"base_id":784,"kind":"bot_words","i1":0,"i2":4,"sol":{"path":["/c/en/unnamed","/c/fr/nom","/c/de/übertragen","/c/it/cavalleria","/c/en/cavalry"],"weight":0.21942000000000017},"num_concepts_raised":21633},{"base_id":784,"kind":"bot_words","i1":0,"i2":5,"sol":{"path":["/c/en/unnamed","/c/en/unknown","/c/en/person","/c/en/nourishment","/c/en/undernourishment"],"weight":0.20551},"num_concepts_raised":4714},{"base_id":784,"kind":"bot_words","i1":0,"i2":6,"sol":{"path":["/c/en/unnamed","/c/en/name","/c/en/uk","/c/en/rafter"],"weight":0.20535999999999982},"num_concepts_raised":21735},{"base_id":784,"kind":"bot_words","i1":0,"i2":7,"sol":{"path":["/c/en/unnamed","/c/en/filler","/c/en/tobacco","/c/en/shag"],"weight":0.20515999999999965},"num_concepts_raised":36724},{"base_id":784,"kind":"bot_words","i1":0,"i2":8,"sol":{"path":["/c/en/unnamed","/c/en/name","/c/en/knickerbockers"],"weight":0.202},"num_concepts_raised":98},{"base_id":784,"kind":"bot_words","i1":0,"i2":9,"sol":{"path":["/c/en/unnamed","/c/en/unknown","/c/en/popular","/c/en/rice","/c/en/mochi"],"weight":0.20999999999999985},"num_concepts_raised":9931},{"base_id":784,"kind":"bot_words","i1":1,"i2":2,"sol":{"path":["/c/en/oman","/c/tr/umman","/c/en/ocean","/c/en/fish","/c/en/caught"],"weight":0.21434},"num_concepts_raised":17002},{"base_id":784,"kind":"bot_words","i1":1,"i2":3,"sol":{"path":["/c/en/oman","/c/pl/oman","/c/en/inula","/c/en/plant","/c/en/calamagrostis"],"weight":0.2188300000000003},"num_concepts_raised":11672},{"base_id":784,"kind":"bot_words","i1":1,"i2":4,"sol":{"path":["/c/en/oman","/c/en/country","/c/en/horse","/c/en/cavalry"],"weight":0.22571000000000052},"num_concepts_raised":21778},{"base_id":784,"kind":"bot_words","i1":1,"i2":5,"sol":{"path":["/c/en/oman","/c/en/omani","/c/en/person","/c/en/nourishment","/c/en/undernourishment"],"weight":0.21466000000000035},"num_concepts_raised":4864},{"base_id":784,"kind":"bot_words","i1":1,"i2":6,"sol":{"path":["/c/en/oman","/c/en/country","/c/en/grass","/c/en/rafter"],"weight":0.21349000000000018},"num_concepts_raised":21848},{"base_id":784,"kind":"bot_words","i1":1,"i2":7,"sol":{"path":["/c/en/oman","/c/en/country","/c/en/canada","/c/en/shag"],"weight":0.21343},"num_concepts_raised":36865},{"base_id":784,"kind":"bot_words","i1":1,"i2":8,"sol":{"path":["/c/en/oman","/c/en/asia","/c/en/historical","/c/en/knickerbockers"],"weight":0.21214000000000025},"num_concepts_raised":25612},{"base_id":784,"kind":"bot_words","i1":1,"i2":9,"sol":{"path":["/c/en/oman","/c/en/country","/c/en/language","/c/en/mochi"],"weight":0.2172200000000002},"num_concepts_raised":10053},{"base_id":784,"kind":"bot_words","i1":2,"i2":3,"sol":{"path":["/c/en/caught","/c/en/escape","/c/en/plant","/c/en/calamagrostis"],"weight":0.20869999999999955},"num_concepts_raised":20543},{"base_id":784,"kind":"bot_words","i1":2,"i2":4,"sol":{"path":["/c/en/caught","/c/zh/落馬","/c/en/horse","/c/en/cavalry"],"weight":0.2174899999999998},"num_concepts_raised":30372},{"base_id":784,"kind":"bot_words","i1":2,"i2":5,"sol":{"path":["/c/en/caught","/c/en/fish","/c/en/hunger","/c/en/undernourishment"],"weight":0.20354999999999962},"num_concepts_raised":13751},{"base_id":784,"kind":"bot_words","i1":2,"i2":6,"sol":{"path":["/c/en/caught","/c/en/fish","/c/en/beam","/c/en/rafter"],"weight":0.20586999999999944},"num_concepts_raised":30413},{"base_id":784,"kind":"bot_words","i1":2,"i2":7,"sol":{"path":["/c/en/caught","/c/en/cricket","/c/en/slang","/c/en/shag"],"weight":0.2066799999999993},"num_concepts_raised":45233},{"base_id":784,"kind":"bot_words","i1":2,"i2":8,"sol":{"path":["/c/en/caught","/c/en/catch","/c/en/baseball","/c/en/knickerbockers"],"weight":0.2041499999999995},"num_concepts_raised":34256},{"base_id":784,"kind":"bot_words","i1":2,"i2":9,"sol":{"path":["/c/en/caught","/c/en/method","/c/en/language","/c/en/mochi"],"weight":0.20895999999999948},"num_concepts_raised":18922},{"base_id":784,"kind":"bot_words","i1":3,"i2":4,"sol":{"path":["/c/en/calamagrostis","/c/en/plant","/c/en/animal","/c/en/horse","/c/en/cavalry"],"weight":0.22226000000000007},"num_concepts_raised":25359},{"base_id":784,"kind":"bot_words","i1":3,"i2":5,"sol":{"path":["/c/en/calamagrostis","/c/en/plant","/c/en/food","/c/en/nourishment","/c/en/undernourishment"],"weight":0.20917999999999992},"num_concepts_raised":8403},{"base_id":784,"kind":"bot_words","i1":3,"i2":6,"sol":{"path":["/c/en/calamagrostis","/c/en/plant","/c/en/grass","/c/en/rafter"],"weight":0.21002999999999972},"num_concepts_raised":25233},{"base_id":784,"kind":"bot_words","i1":3,"i2":7,"sol":{"path":["/c/en/calamagrostis","/c/en/plant","/c/en/slang","/c/en/shag"],"weight":0.21115999999999957},"num_concepts_raised":40396},{"base_id":784,"kind":"bot_words","i1":3,"i2":8,"sol":{"path":["/c/en/calamagrostis","/c/en/plant","/c/en/person","/c/en/boy","/c/en/knickerbockers"],"weight":0.2086999999999998},"num_concepts_raised":29356},{"base_id":784,"kind":"bot_words","i1":3,"i2":9,"sol":{"path":["/c/en/calamagrostis","/c/en/plant","/c/en/rice","/c/en/mochi"],"weight":0.21364999999999973},"num_concepts_raised":13616},{"base_id":784,"kind":"bot_words","i1":4,"i2":5,"sol":{"path":["/c/en/cavalry","/c/en/horse","/c/la/brecta","/c/en/nourishment","/c/en/undernourishment"],"weight":0.21801000000000012},"num_concepts_raised":18580},{"base_id":784,"kind":"bot_words","i1":4,"i2":6,"sol":{"path":["/c/en/cavalry","/c/en/horse","/c/en/spur","/c/en/rafter"],"weight":0.21884999999999993},"num_concepts_raised":34809},{"base_id":784,"kind":"bot_words","i1":4,"i2":7,"sol":{"path":["/c/en/cavalry","/c/en/horse","/c/en/slang","/c/en/shag"],"weight":0.22011999999999976},"num_concepts_raised":49787},{"base_id":784,"kind":"bot_words","i1":4,"i2":8,"sol":{"path":["/c/en/cavalry","/c/en/horse","/c/en/historical","/c/en/knickerbockers"],"weight":0.21778000000000003},"num_concepts_raised":38661},{"base_id":784,"kind":"bot_words","i1":4,"i2":9,"sol":{"path":["/c/en/cavalry","/c/en/horse","/c/en/slang","/c/en/language","/c/en/mochi"],"weight":0.22259999999999996},"num_concepts_raised":23737},{"base_id":784,"kind":"bot_words","i1":5,"i2":6,"sol":{"path":["/c/en/undernourishment","/c/en/nourishment","/c/en/food","/c/en/grass","/c/en/rafter"],"weight":0.2058499999999998},"num_concepts_raised":18659},{"base_id":784,"kind":"bot_words","i1":5,"i2":7,"sol":{"path":["/c/en/undernourishment","/c/en/nourishment","/c/en/person","/c/en/fuck","/c/en/shag"],"weight":0.20716999999999963},"num_concepts_raised":33682},{"base_id":784,"kind":"bot_words","i1":5,"i2":8,"sol":{"path":["/c/en/undernourishment","/c/en/nourishment","/c/en/person","/c/en/boy","/c/en/knickerbockers"],"weight":0.20452999999999988},"num_concepts_raised":22593},{"base_id":784,"kind":"bot_words","i1":5,"i2":9,"sol":{"path":["/c/en/undernourishment","/c/en/nourishment","/c/en/food","/c/en/rice_cake","/c/en/mochi"],"weight":0.2095599999999998},"num_concepts_raised":6791},{"base_id":784,"kind":"bot_words","i1":6,"i2":7,"sol":{"path":["/c/en/rafter","/c/en/uk","/c/en/slang","/c/en/shag"],"weight":0.20794999999999947},"num_concepts_raised":49185},{"base_id":784,"kind":"bot_words","i1":6,"i2":8,"sol":{"path":["/c/en/rafter","/c/en/beam","/c/en/knee","/c/en/knickerbockers"],"weight":0.2056799999999997},"num_concepts_raised":38882},{"base_id":784,"kind":"bot_words","i1":6,"i2":9,"sol":{"path":["/c/en/rafter","/c/en/grass","/c/en/rice","/c/en/mochi"],"weight":0.21031999999999962},"num_concepts_raised":23800},{"base_id":784,"kind":"bot_words","i1":7,"i2":8,"sol":{"path":["/c/en/shag","/c/en/fabric","/c/en/knickerbocker","/c/en/knickerbockers"],"weight":0.20833999999999953},"num_concepts_raised":53540},{"base_id":784,"kind":"bot_words","i1":7,"i2":9,"sol":{"path":["/c/en/shag","/c/en/slang","/c/en/language","/c/en/mochi"],"weight":0.21150999999999948},"num_concepts_raised":38686},{"base_id":784,"kind":"bot_words","i1":8,"i2":9,"sol":{"path":["/c/en/knickerbockers","/c/en/dutch","/c/en/language","/c/en/mochi"],"weight":0.2089499999999997},"num_concepts_raised":27647}],[{"base_id":784,"kind":"top_words","i1":0,"i2":1,"sol":{"path":["/c/en/astana","/c/en/city","/c/en/company","/c/en/ducati"],"weight":0.21560000000000012},"num_concepts_raised":6687},{"base_id":784,"kind":"top_words","i1":0,"i2":2,"sol":{"path":["/c/en/astana","/c/fr/gouvernement","/c/fr/commune","/c/fr/lotte","/c/en/burbot"],"weight":0.22169000000000028},"num_concepts_raised":10790},{"base_id":784,"kind":"top_words","i1":0,"i2":3,"sol":{"path":["/c/en/astana","/c/fr/gouvernement","/c/fr/homme","/c/fr/transfusion","/c/en/transfusion"],"weight":0.2134200000000002},"num_concepts_raised":30904},{"base_id":784,"kind":"top_words","i1":0,"i2":4,"sol":{"path":["/c/en/astana","/c/en/city","/c/en/sound","/c/en/har"],"weight":0.21044000000000024},"num_concepts_raised":11927},{"base_id":784,"kind":"top_words","i1":0,"i2":5,"sol":{"path":["/c/en/astana","/c/en/city","/c/en/group","/c/en/peloton"],"weight":0.21076000000000022},"num_concepts_raised":15979},{"base_id":784,"kind":"top_words","i1":0,"i2":6,"sol":{"path":["/c/en/astana","/c/en/kazakhstan","/c/en/asia","/c/en/silk","/c/en/sari"],"weight":0.2155100000000003},"num_concepts_raised":12437},{"base_id":784,"kind":"top_words","i1":0,"i2":7,"sol":{"path":["/c/en/astana","/c/en/city","/c/en/human","/c/en/spaniard"],"weight":0.21231000000000003},"num_concepts_raised":22114},{"base_id":784,"kind":"top_words","i1":0,"i2":8,"sol":{"path":["/c/en/astana","/c/en/city","/c/en/intersection","/c/vi/ca_rô","/c/en/chequered"],"weight":0.2106700000000002},"num_concepts_raised":8308},{"base_id":784,"kind":"top_words","i1":0,"i2":9,"sol":{"path":["/c/en/astana","/c/en/city","/c/en/united_kingdom","/c/en/giro"],"weight":0.21591000000000016},"num_concepts_raised":13345},{"base_id":784,"kind":"top_words","i1":1,"i2":2,"sol":{"path":["/c/en/ducati","/c/en/company","/c/en/nautical","/c/en/fish","/c/en/burbot"],"weight":0.21669999999999984},"num_concepts_raised":8891},{"base_id":784,"kind":"top_words","i1":1,"i2":3,"sol":{"path":["/c/en/ducati","/c/en/motorcycle","/c/fr/passer","/c/fr/transfusion","/c/en/transfusion"],"weight":0.21083999999999975},"num_concepts_raised":28996},{"base_id":784,"kind":"top_words","i1":1,"i2":4,"sol":{"path":["/c/en/ducati","/c/en/company","/c/en/pivot","/c/en/hinge","/c/en/har"],"weight":0.20886999999999978},"num_concepts_raised":10023},{"base_id":784,"kind":"top_words","i1":1,"i2":5,"sol":{"path":["/c/en/ducati","/c/en/company","/c/en/platoon","/c/en/peloton"],"weight":0.20820999999999978},"num_concepts_raised":13984},{"base_id":784,"kind":"top_words","i1":1,"i2":6,"sol":{"path":["/c/en/ducati","/c/en/company","/c/en/head","/c/en/sari"],"weight":0.20878999999999986},"num_concepts_raised":10547},{"base_id":784,"kind":"top_words","i1":1,"i2":7,"sol":{"path":["/c/en/ducati","/c/en/company","/c/en/person","/c/en/spaniard"],"weight":0.2097099999999996},"num_concepts_raised":20219},{"base_id":784,"kind":"top_words","i1":1,"i2":8,"sol":{"path":["/c/en/ducati","/c/en/company","/c/en/square","/c/en/checkered","/c/en/chequered"],"weight":0.21115999999999974},"num_concepts_raised":6424},{"base_id":784,"kind":"top_words","i1":1,"i2":9,"sol":{"path":["/c/en/ducati","/c/en/company","/c/en/finance","/c/en/girocheque","/c/en/giro"],"weight":0.21536999999999973},"num_concepts_raised":11451},{"base_id":784,"kind":"top_words","i1":2,"i2":3,"sol":{"path":["/c/en/burbot","/c/en/ling","/c/en/food","/c/en/blood","/c/en/transfusion"],"weight":0.21369999999999986},"num_concepts_raised":33056},{"base_id":784,"kind":"top_words","i1":2,"i2":4,"sol":{"path":["/c/en/burbot","/c/en/fish","/c/en/sound","/c/en/har"],"weight":0.2114999999999999},"num_concepts_raised":14078},{"base_id":784,"kind":"top_words","i1":2,"i2":5,"sol":{"path":["/c/en/burbot","/c/en/fish","/c/en/game","/c/en/group","/c/en/peloton"],"weight":0.21183999999999992},"num_concepts_raised":18178},{"base_id":784,"kind":"top_words","i1":2,"i2":6,"sol":{"path":["/c/en/burbot","/c/fr/lotte","/c/fr/zoologie","/c/fr/sari","/c/en/sari"],"weight":0.21599000000000002},"num_concepts_raised":14608},{"base_id":784,"kind":"top_words","i1":2,"i2":7,"sol":{"path":["/c/en/burbot","/c/en/fish","/c/en/person","/c/en/spaniard"],"weight":0.21336999999999973},"num_concepts_raised":24268},{"base_id":784,"kind":"top_words","i1":2,"i2":8,"sol":{"path":["/c/en/burbot","/c/en/lush","/c/en/british","/c/en/chequered"],"weight":0.20957999999999988},"num_concepts_raised":10490},{"base_id":784,"kind":"top_words","i1":2,"i2":9,"sol":{"path":["/c/en/burbot","/c/en/lush","/c/en/british","/c/en/giro"],"weight":0.21483999999999986},"num_concepts_raised":15559},{"base_id":784,"kind":"top_words","i1":3,"i2":4,"sol":{"path":["/c/en/transfusion","/c/en/medicine","/c/en/sound","/c/en/har"],"weight":0.20376999999999984},"num_concepts_raised":34123},{"base_id":784,"kind":"top_words","i1":3,"i2":5,"sol":{"path":["/c/en/transfusion","/c/en/action","/c/en/military","/c/en/peloton"],"weight":0.20377999999999982},"num_concepts_raised":38053},{"base_id":784,"kind":"top_words","i1":3,"i2":6,"sol":{"path":["/c/en/transfusion","/c/en/medicine","/c/en/dress","/c/en/sari"],"weight":0.20481999999999995},"num_concepts_raised":34575},{"base_id":784,"kind":"top_words","i1":3,"i2":7,"sol":{"path":["/c/en/transfusion","/c/en/blood","/c/en/person","/c/en/spaniard"],"weight":0.20665999999999962},"num_concepts_raised":44188},{"base_id":784,"kind":"top_words","i1":3,"i2":8,"sol":{"path":["/c/en/transfusion","/c/en/medicine","/c/en/patch","/c/en/checkered","/c/en/chequered"],"weight":0.20706999999999978},"num_concepts_raised":30592},{"base_id":784,"kind":"top_words","i1":3,"i2":9,"sol":{"path":["/c/en/transfusion","/c/en/transfer","/c/en/giro"],"weight":0.20400000000000001},"num_concepts_raised":122},{"base_id":784,"kind":"top_words","i1":4,"i2":5,"sol":{"path":["/c/en/har","/c/en/dialectal","/c/en/main","/c/en/peloton"],"weight":0.20284999999999986},"num_concepts_raised":19297},{"base_id":784,"kind":"top_words","i1":4,"i2":6,"sol":{"path":["/c/en/har","/c/en/hinge","/c/en/joint","/c/en/shoulder","/c/en/sari"],"weight":0.20468999999999998},"num_concepts_raised":15701},{"base_id":784,"kind":"top_words","i1":4,"i2":7,"sol":{"path":["/c/en/har","/c/en/laughter","/c/en/person","/c/en/spaniard"],"weight":0.2045299999999997},"num_concepts_raised":25412},{"base_id":784,"kind":"top_words","i1":4,"i2":8,"sol":{"path":["/c/en/har","/c/en/sound","/c/en/british","/c/en/chequered"],"weight":0.20288999999999985},"num_concepts_raised":11594},{"base_id":784,"kind":"top_words","i1":4,"i2":9,"sol":{"path":["/c/en/har","/c/en/sound","/c/en/british","/c/en/giro"],"weight":0.20814999999999984},"num_concepts_raised":16622},{"base_id":784,"kind":"top_words","i1":5,"i2":6,"sol":{"path":["/c/en/peloton","/c/en/military","/c/en/head","/c/en/sari"],"weight":0.20385999999999996},"num_concepts_raised":19681},{"base_id":784,"kind":"top_words","i1":5,"i2":7,"sol":{"path":["/c/en/peloton","/c/en/group","/c/en/person","/c/en/spaniard"],"weight":0.20489999999999967},"num_concepts_raised":29362},{"base_id":784,"kind":"top_words","i1":5,"i2":8,"sol":{"path":["/c/en/peloton","/c/en/main","/c/en/british","/c/en/chequered"],"weight":0.20308999999999983},"num_concepts_raised":15644},{"base_id":784,"kind":"top_words","i1":5,"i2":9,"sol":{"path":["/c/en/peloton","/c/en/cycling","/c/en/giro"],"weight":0.20400000000000001},"num_concepts_raised":87},{"base_id":784,"kind":"top_words","i1":6,"i2":7,"sol":{"path":["/c/en/sari","/c/en/head","/c/en/person","/c/en/spaniard"],"weight":0.20553999999999978},"num_concepts_raised":25805},{"base_id":784,"kind":"top_words","i1":6,"i2":8,"sol":{"path":["/c/en/sari","/c/en/dress","/c/en/finish","/c/en/checkered","/c/en/chequered"],"weight":0.20701999999999993},"num_concepts_raised":12116},{"base_id":784,"kind":"top_words","i1":6,"i2":9,"sol":{"path":["/c/en/sari","/c/en/dress","/c/en/activity","/c/es/giro","/c/en/giro"],"weight":0.21117999999999992},"num_concepts_raised":17132},{"base_id":784,"kind":"top_words","i1":7,"i2":8,"sol":{"path":["/c/en/spaniard","/c/en/person","/c/en/british","/c/en/chequered"],"weight":0.20476999999999962},"num_concepts_raised":21817},{"base_id":784,"kind":"top_words","i1":7,"i2":9,"sol":{"path":["/c/en/spaniard","/c/en/person","/c/en/british","/c/en/giro"],"weight":0.21003999999999962},"num_concepts_raised":26780},{"base_id":784,"kind":"top_words","i1":8,"i2":9,"sol":{"path":["/c/en/chequered","/c/en/british","/c/en/giro"],"weight":0.20400000000000001},"num_concepts_raised":84}]]