[[{"base_id":399,"kind":"bot_words","i1":0,"i2":1,"sol":{"path":["/c/en/biosphere","/c/en/earth","/c/fr/terre","/c/en/scandal","/c/en/scandalize"],"weight":0.2102899999999998},"num_concepts_raised":22664},{"base_id":399,"kind":"bot_words","i1":0,"i2":2,"sol":{"path":["/c/en/biosphere","/c/en/earth","/c/en/place","/c/en/vault"],"weight":0.21538999999999875},"num_concepts_raised":85500},{"base_id":399,"kind":"bot_words","i1":0,"i2":3,"sol":{"path":["/c/en/biosphere","/c/en/earth","/c/en/plant","/c/en/hedge","/c/en/hedger"],"weight":0.21013999999999985},"num_concepts_raised":13927},{"base_id":399,"kind":"bot_words","i1":0,"i2":4,"sol":{"path":["/c/en/biosphere","/c/en/living","/c/en/house","/c/en/plumbing"],"weight":0.21316999999999958},"num_concepts_raised":48077},{"base_id":399,"kind":"bot_words","i1":0,"i2":5,"sol":{"path":["/c/en/biosphere","/c/en/life","/c/en/person","/c/en/disgusting"],"weight":0.21341999999999942},"num_concepts_raised":35971},{"base_id":399,"kind":"bot_words","i1":0,"i2":6,"sol":{"path":["/c/en/biosphere","/c/en/life","/c/en/stadium","/c/en/stadion"],"weight":0.21398999999999985},"num_concepts_raised":15444},{"base_id":399,"kind":"bot_words","i1":0,"i2":7,"sol":{"path":["/c/en/biosphere","/c/en/earth","/c/en/sky","/c/en/thunder","/c/en/thunderclap"],"weight":0.2111499999999999},"num_concepts_raised":16090},{"base_id":399,"kind":"bot_words","i1":0,"i2":8,"sol":{"path":["/c/en/biosphere","/c/en/atmosphere","/c/en/lift","/c/en/steal"],"weight":0.22153999999999835},"num_concepts_raised":83075},{"base_id":399,"kind":"bot_words","i1":0,"i2":9,"sol":{"path":["/c/en/biosphere","/c/en/earth","/c/en/mountain","/c/en/canyon"],"weight":0.21792},"num_concepts_raised":27521},{"base_id":399,"kind":"bot_words","i1":1,"i2":2,"sol":{"path":["/c/en/scandalize","/c/en/nautical","/c/en/bank","/c/en/vault"],"weight":0.21114999999999873},"num_concepts_raised":82780},{"base_id":399,"kind":"bot_words","i1":1,"i2":3,"sol":{"path":["/c/en/scandalize","/c/en/nautical","/c/da/hæk","/c/en/hedge","/c/en/hedger"],"weight":0.20391999999999985},"num_concepts_raised":10671},{"base_id":399,"kind":"bot_words","i1":1,"i2":4,"sol":{"path":["/c/en/scandalize","/c/en/nautical","/c/en/house","/c/en/plumbing"],"weight":0.20721999999999957},"num_concepts_raised":44914},{"base_id":399,"kind":"bot_words","i1":1,"i2":5,"sol":{"path":["/c/en/scandalize","/c/en/shock","/c/en/disgust","/c/en/disgusting"],"weight":0.20951999999999943},"num_concepts_raised":32660},{"base_id":399,"kind":"bot_words","i1":1,"i2":6,"sol":{"path":["/c/en/scandalize","/c/en/scandal","/c/en/organization","/c/en/country","/c/en/stadion"],"weight":0.20885999999999982},"num_concepts_raised":12491},{"base_id":399,"kind":"bot_words","i1":1,"i2":7,"sol":{"path":["/c/en/scandalize","/c/en/shock","/c/en/thunderclap"],"weight":0.202},"num_concepts_raised":80},{"base_id":399,"kind":"bot_words","i1":1,"i2":8,"sol":{"path":["/c/en/scandalize","/c/en/sail","/c/fr/voler","/c/en/steal"],"weight":0.22062999999999833},"num_concepts_raised":79479},{"base_id":399,"kind":"bot_words","i1":1,"i2":9,"sol":{"path":["/c/en/scandalize","/c/en/nautical","/c/en/gorge","/c/en/canyon"],"weight":0.21455},"num_concepts_raised":24292},{"base_id":399,"kind":"bot_words","i1":2,"i2":3,"sol":{"path":["/c/en/vault","/c/en/security","/c/en/hedge","/c/en/hedger"],"weight":0.20968999999999877},"num_concepts_raised":74869},{"base_id":399,"kind":"bot_words","i1":2,"i2":4,"sol":{"path":["/c/en/vault","/c/en/building","/c/en/plumbing"],"weight":0.202},"num_concepts_raised":614},{"base_id":399,"kind":"bot_words","i1":2,"i2":5,"sol":{"path":["/c/en/vault","/c/en/leap","/c/en/person","/c/en/disgusting"],"weight":0.21573999999999832},"num_concepts_raised":95553},{"base_id":399,"kind":"bot_words","i1":2,"i2":6,"sol":{"path":["/c/en/vault","/c/en/place","/c/en/country","/c/en/stadion"],"weight":0.21394999999999875},"num_concepts_raised":76411},{"base_id":399,"kind":"bot_words","i1":2,"i2":7,"sol":{"path":["/c/en/vault","/c/en/sky","/c/en/thunder","/c/en/thunderclap"],"weight":0.21081999999999881},"num_concepts_raised":76916},{"base_id":399,"kind":"bot_words","i1":2,"i2":8,"sol":{"path":["/c/en/vault","/c/en/computing","/c/en/steal"],"weight":0.202},"num_concepts_raised":1295},{"base_id":399,"kind":"bot_words","i1":2,"i2":9,"sol":{"path":["/c/en/vault","/c/en/cave","/c/en/canyon"],"weight":0.20400000000000001},"num_concepts_raised":638},{"base_id":399,"kind":"bot_words","i1":3,"i2":4,"sol":{"path":["/c/en/hedger","/c/en/hedge","/c/en/like","/c/en/house","/c/en/plumbing"],"weight":0.2080899999999996},"num_concepts_raised":36808},{"base_id":399,"kind":"bot_words","i1":3,"i2":5,"sol":{"path":["/c/en/hedger","/c/en/hedge","/c/ms/menangkis","/c/en/disgust","/c/en/disgusting"],"weight":0.21036999999999945},"num_concepts_raised":24222},{"base_id":399,"kind":"bot_words","i1":3,"i2":6,"sol":{"path":["/c/en/hedger","/c/en/hedge","/c/en/games","/c/en/stadium","/c/en/stadion"],"weight":0.20878999999999986},"num_concepts_raised":3675},{"base_id":399,"kind":"bot_words","i1":3,"i2":7,"sol":{"path":["/c/en/hedger","/c/en/hedge","/c/en/like","/c/en/thunder","/c/en/thunderclap"],"weight":0.20575999999999994},"num_concepts_raised":4036},{"base_id":399,"kind":"bot_words","i1":3,"i2":8,"sol":{"path":["/c/en/hedger","/c/en/hedge","/c/en/fence","/c/en/steal"],"weight":0.2161099999999984},"num_concepts_raised":71549},{"base_id":399,"kind":"bot_words","i1":3,"i2":9,"sol":{"path":["/c/en/hedger","/c/en/hedge","/c/en/uk","/c/en/gorge","/c/en/canyon"],"weight":0.21545},"num_concepts_raised":15670},{"base_id":399,"kind":"bot_words","i1":4,"i2":5,"sol":{"path":["/c/en/plumbing","/c/en/system","/c/en/rank","/c/en/disgusting"],"weight":0.2102899999999992},"num_concepts_raised":57928},{"base_id":399,"kind":"bot_words","i1":4,"i2":6,"sol":{"path":["/c/en/plumbing","/c/en/occupation","/c/en/country","/c/en/stadion"],"weight":0.21077999999999958},"num_concepts_raised":38485},{"base_id":399,"kind":"bot_words","i1":4,"i2":7,"sol":{"path":["/c/en/plumbing","/c/en/body","/c/en/rumble","/c/en/thunderclap"],"weight":0.20645999999999967},"num_concepts_raised":38914},{"base_id":399,"kind":"bot_words","i1":4,"i2":8,"sol":{"path":["/c/en/plumbing","/c/en/get","/c/en/steal"],"weight":0.203},"num_concepts_raised":1010},{"base_id":399,"kind":"bot_words","i1":4,"i2":9,"sol":{"path":["/c/en/plumbing","/c/en/pipe","/c/es/cañón","/c/en/canyon"],"weight":0.22119999999999976},"num_concepts_raised":49884},{"base_id":399,"kind":"bot_words","i1":5,"i2":6,"sol":{"path":["/c/en/disgusting","/c/en/grody","/c/en/us","/c/en/country","/c/en/stadion"],"weight":0.21319999999999945},"num_concepts_raised":25984},{"base_id":399,"kind":"bot_words","i1":5,"i2":7,"sol":{"path":["/c/en/disgusting","/c/en/disgust","/c/en/shock","/c/en/thunderclap"],"weight":0.20983999999999953},"num_concepts_raised":26345},{"base_id":399,"kind":"bot_words","i1":5,"i2":8,"sol":{"path":["/c/en/disgusting","/c/en/bad","/c/en/steal"],"weight":0.202},"num_concepts_raised":1161},{"base_id":399,"kind":"bot_words","i1":5,"i2":9,"sol":{"path":["/c/en/disgusting","/c/en/gross","/c/en/north_america","/c/en/canyon"],"weight":0.21654999999999958},"num_concepts_raised":37777},{"base_id":399,"kind":"bot_words","i1":6,"i2":7,"sol":{"path":["/c/en/stadion","/c/en/stadium","/c/en/event","/c/en/thunder","/c/en/thunderclap"],"weight":0.20979999999999993},"num_concepts_raised":5885},{"base_id":399,"kind":"bot_words","i1":6,"i2":8,"sol":{"path":["/c/en/stadion","/c/en/stadium","/c/en/baseball","/c/en/steal"],"weight":0.2213099999999984},"num_concepts_raised":73312},{"base_id":399,"kind":"bot_words","i1":6,"i2":9,"sol":{"path":["/c/en/stadion","/c/en/stadium","/c/en/valley","/c/en/canyon"],"weight":0.21674000000000002},"num_concepts_raised":17371},{"base_id":399,"kind":"bot_words","i1":7,"i2":8,"sol":{"path":["/c/en/thunderclap","/c/en/thunder","/c/en/move","/c/en/steal"],"weight":0.21734999999999843},"num_concepts_raised":73584},{"base_id":399,"kind":"bot_words","i1":7,"i2":9,"sol":{"path":["/c/en/thunderclap","/c/ro/tun","/c/en/cannon","/c/es/cañón","/c/en/canyon"],"weight":0.2184600000000001},"num_concepts_raised":17838},{"base_id":399,"kind":"bot_words","i1":8,"i2":9,"sol":{"path":["/c/en/steal","/c/en/hook","/c/en/gorge","/c/en/canyon"],"weight":0.22811999999999852},"num_concepts_raised":84738}],[{"base_id":399,"kind":"top_words","i1":0,"i2":1,"sol":{"path":["/c/en/sweatshop","/c/en/sweat","/c/en/temperature","/c/en/increase","/c/en/eke"],"weight":0.20460999999999988},"num_concepts_raised":7221},{"base_id":399,"kind":"top_words","i1":0,"i2":2,"sol":{"path":["/c/en/sweatshop","/c/en/sweat","/c/en/slang","/c/en/bird","/c/en/sunbird"],"weight":0.2114999999999998},"num_concepts_raised":6970},{"base_id":399,"kind":"top_words","i1":0,"i2":3,"sol":{"path":["/c/en/sweatshop","/c/en/shop","/c/en/boutique","/c/en/artisanal"],"weight":0.20298999999999992},"num_concepts_raised":3066},{"base_id":399,"kind":"top_words","i1":0,"i2":4,"sol":{"path":["/c/en/sweatshop","/c/en/shop","/c/en/worker","/c/en/peasant"],"weight":0.21783999999999917},"num_concepts_raised":53908},{"base_id":399,"kind":"top_words","i1":0,"i2":5,"sol":{"path":["/c/en/sweatshop","/c/en/factory","/c/en/city","/c/en/apeldoorn"],"weight":0.20829999999999982},"num_concepts_raised":6308},{"base_id":399,"kind":"top_words","i1":0,"i2":6,"sol":{"path":["/c/en/sweatshop","/c/en/factory","/c/en/small"],"weight":0.202},"num_concepts_raised":2304},{"base_id":399,"kind":"top_words","i1":0,"i2":7,"sol":{"path":["/c/en/sweatshop","/c/en/sweat","/c/en/oil","/c/en/wildcat"],"weight":0.21686999999999962},"num_concepts_raised":71636},{"base_id":399,"kind":"top_words","i1":0,"i2":8,"sol":{"path":["/c/en/sweatshop","/c/en/factory","/c/en/business","/c/en/haulage"],"weight":0.20299999999999987},"num_concepts_raised":11130},{"base_id":399,"kind":"top_words","i1":0,"i2":9,"sol":{"path":["/c/en/sweatshop","/c/en/shop","/c/en/food","/c/en/hardtack"],"weight":0.21117999999999992},"num_concepts_raised":18321},{"base_id":399,"kind":"top_words","i1":1,"i2":2,"sol":{"path":["/c/en/eke","/c/en/also","/c/en/bill","/c/en/bird","/c/en/sunbird"],"weight":0.21190999999999977},"num_concepts_raised":8971},{"base_id":399,"kind":"top_words","i1":1,"i2":3,"sol":{"path":["/c/en/eke","/c/en/increase","/c/ang/growan","/c/en/gourmet","/c/en/artisanal"],"weight":0.2046099999999999},"num_concepts_raised":5085},{"base_id":399,"kind":"top_words","i1":1,"i2":4,"sol":{"path":["/c/en/eke","/c/en/also","/c/en/noble","/c/en/peasant"],"weight":0.21724999999999914},"num_concepts_raised":55817},{"base_id":399,"kind":"top_words","i1":1,"i2":5,"sol":{"path":["/c/en/eke","/c/en/also","/c/en/and","/c/en/city","/c/en/apeldoorn"],"weight":0.2097799999999998},"num_concepts_raised":8341},{"base_id":399,"kind":"top_words","i1":1,"i2":6,"sol":{"path":["/c/en/eke","/c/en/increase","/c/en/big","/c/en/small"],"weight":0.23468999999999773},"num_concepts_raised":248549},{"base_id":399,"kind":"top_words","i1":1,"i2":7,"sol":{"path":["/c/en/eke","/c/en/also","/c/en/note","/c/en/wildcat"],"weight":0.21726999999999957},"num_concepts_raised":73534},{"base_id":399,"kind":"top_words","i1":1,"i2":8,"sol":{"path":["/c/en/eke","/c/en/also","/c/en/fleet","/c/en/haul","/c/en/haulage"],"weight":0.20552999999999982},"num_concepts_raised":13141},{"base_id":399,"kind":"top_words","i1":1,"i2":9,"sol":{"path":["/c/en/eke","/c/en/also","/c/en/staple","/c/en/hardtack"],"weight":0.21047999999999992},"num_concepts_raised":20300},{"base_id":399,"kind":"top_words","i1":2,"i2":3,"sol":{"path":["/c/en/sunbird","/c/en/bird","/c/en/weaver","/c/en/craftsman","/c/en/artisan","/c/en/artisanal"],"weight":0.21911219999999873},"num_concepts_raised":284414},{"base_id":399,"kind":"top_words","i1":2,"i2":4,"sol":{"path":["/c/en/sunbird","/c/en/bird","/c/en/class","/c/en/peasant"],"weight":0.22332999999999906},"num_concepts_raised":55660},{"base_id":399,"kind":"top_words","i1":2,"i2":5,"sol":{"path":["/c/en/sunbird","/c/en/bird","/c/en/pigeon","/c/en/city","/c/en/apeldoorn"],"weight":0.21579999999999971},"num_concepts_raised":8079},{"base_id":399,"kind":"top_words","i1":2,"i2":6,"sol":{"path":["/c/en/sunbird","/c/en/bird","/c/en/small"],"weight":0.20500000000000002},"num_concepts_raised":2335},{"base_id":399,"kind":"top_words","i1":2,"i2":7,"sol":{"path":["/c/en/sunbird","/c/en/bird","/c/en/wild","/c/en/wildcat"],"weight":0.2235399999999995},"num_concepts_raised":73218},{"base_id":399,"kind":"top_words","i1":2,"i2":8,"sol":{"path":["/c/en/sunbird","/c/en/bird","/c/en/fish","/c/en/haul","/c/en/haulage"],"weight":0.21155999999999975},"num_concepts_raised":12958},{"base_id":399,"kind":"top_words","i1":2,"i2":9,"sol":{"path":["/c/en/sunbird","/c/en/bird","/c/en/slang","/c/en/biscuit","/c/en/hardtack"],"weight":0.22082999999999983},"num_concepts_raised":20067},{"base_id":399,"kind":"top_words","i1":3,"i2":4,"sol":{"path":["/c/en/artisanal","/c/en/artisan","/c/en/worker","/c/en/peasant"],"weight":0.21999999999999917},"num_concepts_raised":51902},{"base_id":399,"kind":"top_words","i1":3,"i2":5,"sol":{"path":["/c/en/artisanal","/c/en/cottage_industry","/c/en/industry","/c/en/city","/c/en/apeldoorn"],"weight":0.20833999999999986},"num_concepts_raised":4212},{"base_id":399,"kind":"top_words","i1":3,"i2":6,"sol":{"path":["/c/en/artisanal","/c/en/gourmet","/c/en/fine","/c/en/small"],"weight":0.2343799999999978},"num_concepts_raised":245366},{"base_id":399,"kind":"top_words","i1":3,"i2":7,"sol":{"path":["/c/en/artisanal","/c/en/artisan","/c/en/worker","/c/en/wildcatter","/c/en/wildcat"],"weight":0.2200599999999996},"num_concepts_raised":69734},{"base_id":399,"kind":"top_words","i1":3,"i2":8,"sol":{"path":["/c/en/artisanal","/c/en/artisan","/c/en/art","/c/en/draw","/c/en/haulage"],"weight":0.20516999999999988},"num_concepts_raised":9093},{"base_id":399,"kind":"top_words","i1":3,"i2":9,"sol":{"path":["/c/en/artisanal","/c/en/gourmet","/c/en/food","/c/en/hardtack"],"weight":0.21222999999999995},"num_concepts_raised":16261},{"base_id":399,"kind":"top_words","i1":4,"i2":5,"sol":{"path":["/c/en/peasant","/c/en/farmer","/c/en/city","/c/en/apeldoorn"],"weight":0.22559999999999905},"num_concepts_raised":54636},{"base_id":399,"kind":"top_words","i1":4,"i2":6,"sol":{"path":["/c/en/peasant","/c/en/farm","/c/en/small"],"weight":0.20400000000000001},"num_concepts_raised":2795},{"base_id":399,"kind":"top_words","i1":4,"i2":7,"sol":{"path":["/c/en/peasant","/c/en/common","/c/en/wildcat"],"weight":0.20900000000000002},"num_concepts_raised":763},{"base_id":399,"kind":"top_words","i1":4,"i2":8,"sol":{"path":["/c/en/peasant","/c/en/farmer","/c/en/business","/c/en/haulage"],"weight":0.22015999999999908},"num_concepts_raised":59391},{"base_id":399,"kind":"top_words","i1":4,"i2":9,"sol":{"path":["/c/en/peasant","/c/en/farmer","/c/en/food","/c/en/hardtack"],"weight":0.22838999999999915},"num_concepts_raised":66308},{"base_id":399,"kind":"top_words","i1":5,"i2":6,"sol":{"path":["/c/en/apeldoorn","/c/en/city","/c/en/small"],"weight":0.20400000000000001},"num_concepts_raised":2329},{"base_id":399,"kind":"top_words","i1":5,"i2":7,"sol":{"path":["/c/en/apeldoorn","/c/en/city","/c/en/uk","/c/en/wildcat"],"weight":0.22122999999999954},"num_concepts_raised":72719},{"base_id":399,"kind":"top_words","i1":5,"i2":8,"sol":{"path":["/c/en/apeldoorn","/c/en/city","/c/en/transport","/c/en/haulage"],"weight":0.2084899999999998},"num_concepts_raised":12270},{"base_id":399,"kind":"top_words","i1":5,"i2":9,"sol":{"path":["/c/en/apeldoorn","/c/en/city","/c/en/water","/c/en/hardtack"],"weight":0.21446999999999988},"num_concepts_raised":19461},{"base_id":399,"kind":"top_words","i1":6,"i2":7,"sol":{"path":["/c/en/small","/c/en/wildcat"],"weight":0.20600000000000002},"num_concepts_raised":2509},{"base_id":399,"kind":"top_words","i1":6,"i2":8,"sol":{"path":["/c/en/small","/c/en/fine","/c/en/good","/c/en/haulage"],"weight":0.2336099999999977},"num_concepts_raised":251193},{"base_id":399,"kind":"top_words","i1":6,"i2":9,"sol":{"path":["/c/en/small","/c/en/tack","/c/en/hardtack"],"weight":0.20500000000000002},"num_concepts_raised":2347},{"base_id":399,"kind":"top_words","i1":7,"i2":8,"sol":{"path":["/c/en/wildcat","/c/en/business","/c/en/haulage"],"weight":0.20600000000000002},"num_concepts_raised":276},{"base_id":399,"kind":"top_words","i1":7,"i2":9,"sol":{"path":["/c/en/wildcat","/c/en/nautical","/c/en/hardtack"],"weight":0.20800000000000002},"num_concepts_raised":313},{"base_id":399,"kind":"top_words","i1":8,"i2":9,"sol":{"path":["/c/en/haulage","/c/en/good","/c/en/food","/c/en/hardtack"],"weight":0.2112099999999999},"num_concepts_raised":24025}]]