[[{"base_id":511,"kind":"bot_words","i1":0,"i2":1,"sol":{"path":["/c/en/sybarite","/c/fr/sybarite","/c/fr/personne","/c/fr/mémoires","/c/en/memoirs"],"weight":0.20487999999999992},"num_concepts_raised":463},{"base_id":511,"kind":"bot_words","i1":0,"i2":2,"sol":{"path":["/c/en/sybarite","/c/fr/sybarite","/c/fr/personne","/c/en/acquaintance","/c/en/acquainted"],"weight":0.2062199999999997},"num_concepts_raised":5030},{"base_id":511,"kind":"bot_words","i1":0,"i2":3,"sol":{"path":["/c/en/sybarite","/c/fr/sybarite","/c/en/soft","/c/en/metal","/c/en/nonmetal","/c/en/nonmetallic"],"weight":0.21230809999999994},"num_concepts_raised":446110},{"base_id":511,"kind":"bot_words","i1":0,"i2":4,"sol":{"path":["/c/en/sybarite","/c/fr/sybarite","/c/en/soft","/c/en/dabble","/c/en/dunk"],"weight":0.20638999999999963},"num_concepts_raised":7183},{"base_id":511,"kind":"bot_words","i1":0,"i2":5,"sol":{"path":["/c/en/sybarite","/c/pt/sibarita","/c/en/historical","/c/en/office","/c/en/suite"],"weight":0.21384999999999954},"num_concepts_raised":48794},{"base_id":511,"kind":"bot_words","i1":0,"i2":6,"sol":{"path":["/c/en/sybarite","/c/fr/sybarite","/c/fr/ancien","/c/fr/fonction","/c/en/mathematics","/c/en/minimization"],"weight":0.21133169999999907},"num_concepts_raised":502578},{"base_id":511,"kind":"bot_words","i1":0,"i2":7,"sol":{"path":["/c/en/sybarite","/c/fr/sybarite","/c/en/soft","/c/en/egg","/c/en/bird","/c/en/manakin"],"weight":0.2186368999999988},"num_concepts_raised":287483},{"base_id":511,"kind":"bot_words","i1":0,"i2":8,"sol":{"path":["/c/en/sybarite","/c/fr/sybarite","/c/en/soft","/c/en/hands","/c/en/pray"],"weight":0.2124499999999991},"num_concepts_raised":40818},{"base_id":511,"kind":"bot_words","i1":0,"i2":9,"sol":{"path":["/c/en/sybarite","/c/fr/sybarite","/c/fr/ancien","/c/fr/réforme","/c/en/reform"],"weight":0.21507999999999908},"num_concepts_raised":24830},{"base_id":511,"kind":"bot_words","i1":1,"i2":2,"sol":{"path":["/c/en/memoirs","/c/en/memoir","/c/en/personal","/c/en/familiar","/c/en/acquainted"],"weight":0.20616999999999963},"num_concepts_raised":5143},{"base_id":511,"kind":"bot_words","i1":1,"i2":3,"sol":{"path":["/c/en/memoirs","/c/en/memoir","/c/en/history","/c/en/chemistry","/c/en/nonmetallic"],"weight":0.20273999999999986},"num_concepts_raised":14772},{"base_id":511,"kind":"bot_words","i1":1,"i2":4,"sol":{"path":["/c/en/memoirs","/c/fr/mémoires","/c/fr/participer","/c/en/dabble","/c/en/dunk"],"weight":0.20402999999999957},"num_concepts_raised":7301},{"base_id":511,"kind":"bot_words","i1":1,"i2":5,"sol":{"path":["/c/en/memoirs","/c/fr/mémoires","/c/fr/témoin","/c/fr/suite","/c/en/suite"],"weight":0.21670999999999946},"num_concepts_raised":48900},{"base_id":511,"kind":"bot_words","i1":1,"i2":6,"sol":{"path":["/c/en/memoirs","/c/en/memoir","/c/en/memory","/c/en/function","/c/en/minimization"],"weight":0.20314999999999994},"num_concepts_raised":10498},{"base_id":511,"kind":"bot_words","i1":1,"i2":7,"sol":{"path":["/c/en/memoirs","/c/en/memoir","/c/fr/mémoire","/c/en/bill","/c/en/bird","/c/en/manakin"],"weight":0.2142165999999987},"num_concepts_raised":280329},{"base_id":511,"kind":"bot_words","i1":1,"i2":8,"sol":{"path":["/c/en/memoirs","/c/it/memoriale","/c/en/request","/c/en/pray"],"weight":0.21066999999999902},"num_concepts_raised":40921},{"base_id":511,"kind":"bot_words","i1":1,"i2":9,"sol":{"path":["/c/en/memoirs","/c/ja/紀要","/c/en/journal","/c/en/change","/c/en/reform"],"weight":0.208589999999999},"num_concepts_raised":24938},{"base_id":511,"kind":"bot_words","i1":2,"i2":3,"sol":{"path":["/c/en/acquainted","/c/en/familiar","/c/en/adjective","/c/en/chemistry","/c/en/nonmetallic"],"weight":0.20619999999999966},"num_concepts_raised":19311},{"base_id":511,"kind":"bot_words","i1":2,"i2":4,"sol":{"path":["/c/en/acquainted","/c/en/familiar","/c/fr/canard","/c/fr/tremper","/c/en/dunk"],"weight":0.20980999999999933},"num_concepts_raised":11827},{"base_id":511,"kind":"bot_words","i1":2,"i2":5,"sol":{"path":["/c/en/acquainted","/c/en/familiar","/c/en/attendant","/c/en/suite"],"weight":0.21400999999999926},"num_concepts_raised":53215},{"base_id":511,"kind":"bot_words","i1":2,"i2":6,"sol":{"path":["/c/en/acquainted","/c/en/friend","/c/en/function","/c/en/minimization"],"weight":0.20421999999999974},"num_concepts_raised":15014},{"base_id":511,"kind":"bot_words","i1":2,"i2":7,"sol":{"path":["/c/en/acquainted","/c/en/friend","/c/en/bird","/c/en/manakin"],"weight":0.21125999999999956},"num_concepts_raised":9381},{"base_id":511,"kind":"bot_words","i1":2,"i2":8,"sol":{"path":["/c/en/acquainted","/c/en/know","/c/en/believe","/c/en/pray"],"weight":0.21177999999999883},"num_concepts_raised":45194},{"base_id":511,"kind":"bot_words","i1":2,"i2":9,"sol":{"path":["/c/en/acquainted","/c/en/familiar","/c/en/new","/c/en/reform"],"weight":0.2117899999999988},"num_concepts_raised":29370},{"base_id":511,"kind":"bot_words","i1":3,"i2":4,"sol":{"path":["/c/en/nonmetallic","/c/en/chemistry","/c/en/wet","/c/fr/tremper","/c/en/dunk"],"weight":0.2064799999999996},"num_concepts_raised":21424},{"base_id":511,"kind":"bot_words","i1":3,"i2":5,"sol":{"path":["/c/en/nonmetallic","/c/en/chemistry","/c/fi/sarja","/c/en/suite"],"weight":0.2126399999999995},"num_concepts_raised":62590},{"base_id":511,"kind":"bot_words","i1":3,"i2":6,"sol":{"path":["/c/en/nonmetallic","/c/en/chemistry","/c/en/function","/c/en/minimization"],"weight":0.20310999999999998},"num_concepts_raised":24449},{"base_id":511,"kind":"bot_words","i1":3,"i2":7,"sol":{"path":["/c/en/nonmetallic","/c/en/nonmetal","/c/en/wood","/c/en/bird","/c/en/manakin"],"weight":0.21120999999999984},"num_concepts_raised":19009},{"base_id":511,"kind":"bot_words","i1":3,"i2":8,"sol":{"path":["/c/en/nonmetallic","/c/en/chemistry","/c/en/activity","/c/en/pray"],"weight":0.21024999999999905},"num_concepts_raised":54902},{"base_id":511,"kind":"bot_words","i1":3,"i2":9,"sol":{"path":["/c/en/nonmetallic","/c/en/chemistry","/c/en/reform"],"weight":0.202},"num_concepts_raised":427},{"base_id":511,"kind":"bot_words","i1":4,"i2":5,"sol":{"path":["/c/en/dunk","/c/fi/upottaa","/c/en/set","/c/en/suite"],"weight":0.21524999999999916},"num_concepts_raised":55148},{"base_id":511,"kind":"bot_words","i1":4,"i2":6,"sol":{"path":["/c/en/dunk","/c/en/immerse","/c/en/mathematics","/c/en/minimization"],"weight":0.20575999999999967},"num_concepts_raised":17096},{"base_id":511,"kind":"bot_words","i1":4,"i2":7,"sol":{"path":["/c/en/dunk","/c/en/immerse","/c/en/egg","/c/en/bird","/c/en/manakin"],"weight":0.2128199999999995},"num_concepts_raised":11527},{"base_id":511,"kind":"bot_words","i1":4,"i2":8,"sol":{"path":["/c/en/dunk","/c/en/dunker","/c/en/religious","/c/en/pray"],"weight":0.21187999999999876},"num_concepts_raised":47283},{"base_id":511,"kind":"bot_words","i1":4,"i2":9,"sol":{"path":["/c/en/dunk","/c/en/dip","/c/en/create_from_raw_material","/c/en/reform"],"weight":0.21004999999999874},"num_concepts_raised":31466},{"base_id":511,"kind":"bot_words","i1":5,"i2":6,"sol":{"path":["/c/en/suite","/c/fr/suite","/c/en/mathematics","/c/en/minimization"],"weight":0.21726999999999957},"num_concepts_raised":57683},{"base_id":511,"kind":"bot_words","i1":5,"i2":7,"sol":{"path":["/c/en/suite","/c/en/group","/c/en/bird","/c/en/manakin"],"weight":0.2181399999999994},"num_concepts_raised":53000},{"base_id":511,"kind":"bot_words","i1":5,"i2":8,"sol":{"path":["/c/en/suite","/c/en/office","/c/en/religion","/c/en/pray"],"weight":0.22164999999999865},"num_concepts_raised":86994},{"base_id":511,"kind":"bot_words","i1":5,"i2":9,"sol":{"path":["/c/en/suite","/c/en/set","/c/en/change","/c/en/reform"],"weight":0.21881999999999863},"num_concepts_raised":71993},{"base_id":511,"kind":"bot_words","i1":6,"i2":7,"sol":{"path":["/c/en/minimization","/c/en/function","/c/en/wing","/c/en/bird","/c/en/manakin"],"weight":0.21055999999999991},"num_concepts_raised":14730},{"base_id":511,"kind":"bot_words","i1":6,"i2":8,"sol":{"path":["/c/en/minimization","/c/en/function","/c/en/religion","/c/en/pray"],"weight":0.21215999999999913},"num_concepts_raised":50409},{"base_id":511,"kind":"bot_words","i1":6,"i2":9,"sol":{"path":["/c/en/minimization","/c/en/mathematics","/c/en/change","/c/en/reform"],"weight":0.2091799999999991},"num_concepts_raised":34452},{"base_id":511,"kind":"bot_words","i1":7,"i2":8,"sol":{"path":["/c/en/manakin","/c/en/bird","/c/en/time","/c/en/pray"],"weight":0.21761999999999898},"num_concepts_raised":45088},{"base_id":511,"kind":"bot_words","i1":7,"i2":9,"sol":{"path":["/c/en/manakin","/c/en/bird","/c/en/animal","/c/en/reclaim","/c/en/reform"],"weight":0.21779999999999894},"num_concepts_raised":29161},{"base_id":511,"kind":"bot_words","i1":8,"i2":9,"sol":{"path":["/c/en/pray","/c/en/prayer","/c/en/illuminati","/c/en/reform"],"weight":0.2178299999999982},"num_concepts_raised":64348}],[{"base_id":511,"kind":"top_words","i1":0,"i2":1,"sol":{"path":["/c/en/pupate","/c/en/grow","/c/en/cotton","/c/en/bedding"],"weight":0.20438999999999968},"num_concepts_raised":17963},{"base_id":511,"kind":"top_words","i1":0,"i2":2,"sol":{"path":["/c/en/pupate","/c/en/grow","/c/en/alive","/c/en/blanket","/c/en/blankets"],"weight":0.2119499999999998},"num_concepts_raised":9792},{"base_id":511,"kind":"top_words","i1":0,"i2":3,"sol":{"path":["/c/en/pupate","/c/en/grow","/c/en/wax","/c/en/floor","/c/en/carpeting"],"weight":0.20314999999999972},"num_concepts_raised":9743},{"base_id":511,"kind":"top_words","i1":0,"i2":4,"sol":{"path":["/c/en/pupate","/c/en/grow","/c/en/small","/c/en/rug","/c/en/carpet"],"weight":0.2244599999999995},"num_concepts_raised":68509},{"base_id":511,"kind":"top_words","i1":0,"i2":5,"sol":{"path":["/c/en/pupate","/c/en/grow","/c/en/carry","/c/en/tote"],"weight":0.20401999999999976},"num_concepts_raised":12175},{"base_id":511,"kind":"top_words","i1":0,"i2":6,"sol":{"path":["/c/en/pupate","/c/zh/蛻皮","/c/en/skin","/c/en/upholstery"],"weight":0.20352999999999974},"num_concepts_raised":12867},{"base_id":511,"kind":"top_words","i1":0,"i2":7,"sol":{"path":["/c/en/pupate","/c/en/grow","/c/en/cotton","/c/en/pillow","/c/en/pillows"],"weight":0.20984999999999981},"num_concepts_raised":11801},{"base_id":511,"kind":"top_words","i1":0,"i2":8,"sol":{"path":["/c/en/pupate","/c/en/grow","/c/en/change","/c/en/wet","/c/en/sodden"],"weight":0.2045099999999998},"num_concepts_raised":9226},{"base_id":511,"kind":"top_words","i1":0,"i2":9,"sol":{"path":["/c/en/pupate","/c/zh/蛻皮","/c/en/skin","/c/en/leather"],"weight":0.22419999999999848},"num_concepts_raised":52224},{"base_id":511,"kind":"top_words","i1":1,"i2":2,"sol":{"path":["/c/en/bedding","/c/en/blanket","/c/en/blankets"],"weight":0.20700000000000002},"num_concepts_raised":166},{"base_id":511,"kind":"top_words","i1":1,"i2":3,"sol":{"path":["/c/en/bedding","/c/en/bed","/c/en/carpeting"],"weight":0.203},"num_concepts_raised":196},{"base_id":511,"kind":"top_words","i1":1,"i2":4,"sol":{"path":["/c/en/bedding","/c/en/bed","/c/en/carpet"],"weight":0.20500000000000002},"num_concepts_raised":606},{"base_id":511,"kind":"top_words","i1":1,"i2":5,"sol":{"path":["/c/en/bedding","/c/en/bed","/c/en/bag","/c/en/tote"],"weight":0.2076099999999996},"num_concepts_raised":26565},{"base_id":511,"kind":"top_words","i1":1,"i2":6,"sol":{"path":["/c/en/bedding","/c/ar/فرش","/c/en/upholstery"],"weight":0.202},"num_concepts_raised":226},{"base_id":511,"kind":"top_words","i1":1,"i2":7,"sol":{"path":["/c/en/bedding","/c/en/bed","/c/en/pillows"],"weight":0.20500000000000002},"num_concepts_raised":169},{"base_id":511,"kind":"top_words","i1":1,"i2":8,"sol":{"path":["/c/en/bedding","/c/en/cover","/c/en/sod","/c/en/sodden"],"weight":0.20525999999999966},"num_concepts_raised":23966},{"base_id":511,"kind":"top_words","i1":1,"i2":9,"sol":{"path":["/c/en/bedding","/c/en/free_sheet","/c/en/leather"],"weight":0.20400000000000001},"num_concepts_raised":849},{"base_id":511,"kind":"top_words","i1":2,"i2":3,"sol":{"path":["/c/en/blankets","/c/en/bed","/c/en/carpeting"],"weight":0.20400000000000001},"num_concepts_raised":88},{"base_id":511,"kind":"top_words","i1":2,"i2":4,"sol":{"path":["/c/en/blankets","/c/en/blanket","/c/en/carpet"],"weight":0.20800000000000002},"num_concepts_raised":498},{"base_id":511,"kind":"top_words","i1":2,"i2":5,"sol":{"path":["/c/en/blankets","/c/en/bed","/c/en/bag","/c/en/tote"],"weight":0.20941999999999972},"num_concepts_raised":18640},{"base_id":511,"kind":"top_words","i1":2,"i2":6,"sol":{"path":["/c/en/blankets","/c/en/covers","/c/en/upholstery"],"weight":0.20400000000000001},"num_concepts_raised":118},{"base_id":511,"kind":"top_words","i1":2,"i2":7,"sol":{"path":["/c/en/blankets","/c/en/bed","/c/en/pillows"],"weight":0.20600000000000002},"num_concepts_raised":61},{"base_id":511,"kind":"top_words","i1":2,"i2":8,"sol":{"path":["/c/en/blankets","/c/en/covers","/c/en/wet","/c/en/sodden"],"weight":0.20966999999999977},"num_concepts_raised":15797},{"base_id":511,"kind":"top_words","i1":2,"i2":9,"sol":{"path":["/c/en/blankets","/c/en/cover","/c/en/hide","/c/en/leather"],"weight":0.23024999999999848},"num_concepts_raised":57666},{"base_id":511,"kind":"top_words","i1":3,"i2":4,"sol":{"path":["/c/en/carpeting","/c/en/carpet"],"weight":0.20500000000000002},"num_concepts_raised":508},{"base_id":511,"kind":"top_words","i1":3,"i2":5,"sol":{"path":["/c/en/carpeting","/c/en/bed","/c/en/bag","/c/en/tote"],"weight":0.20458999999999966},"num_concepts_raised":18594},{"base_id":511,"kind":"top_words","i1":3,"i2":6,"sol":{"path":["/c/en/carpeting","/c/en/carpet","/c/en/fabric","/c/en/upholstery"],"weight":0.20632999999999962},"num_concepts_raised":19018},{"base_id":511,"kind":"top_words","i1":3,"i2":7,"sol":{"path":["/c/en/carpeting","/c/en/bed","/c/en/pillows"],"weight":0.20400000000000001},"num_concepts_raised":86},{"base_id":511,"kind":"top_words","i1":3,"i2":8,"sol":{"path":["/c/en/carpeting","/c/en/floor","/c/en/wet","/c/en/sodden"],"weight":0.20504999999999968},"num_concepts_raised":15812},{"base_id":511,"kind":"top_words","i1":3,"i2":9,"sol":{"path":["/c/en/carpeting","/c/en/floor","/c/en/shoes","/c/en/leather"],"weight":0.22150999999999843},"num_concepts_raised":58139},{"base_id":511,"kind":"top_words","i1":4,"i2":5,"sol":{"path":["/c/en/carpet","/c/en/wool","/c/en/british","/c/en/tote"],"weight":0.21833999999999948},"num_concepts_raised":75996},{"base_id":511,"kind":"top_words","i1":4,"i2":6,"sol":{"path":["/c/en/carpet","/c/en/covering","/c/en/upholstery"],"weight":0.20600000000000002},"num_concepts_raised":553},{"base_id":511,"kind":"top_words","i1":4,"i2":7,"sol":{"path":["/c/en/carpet","/c/en/bed","/c/en/pillows"],"weight":0.20600000000000002},"num_concepts_raised":499},{"base_id":511,"kind":"top_words","i1":4,"i2":8,"sol":{"path":["/c/en/carpet","/c/en/floor","/c/en/wet","/c/en/sodden"],"weight":0.22264999999999951},"num_concepts_raised":73832},{"base_id":511,"kind":"top_words","i1":4,"i2":9,"sol":{"path":["/c/en/carpet","/c/en/fabric","/c/en/leather"],"weight":0.20700000000000002},"num_concepts_raised":1178},{"base_id":511,"kind":"top_words","i1":5,"i2":6,"sol":{"path":["/c/en/tote","/c/en/bag","/c/en/skin","/c/en/upholstery"],"weight":0.20505999999999966},"num_concepts_raised":21684},{"base_id":511,"kind":"top_words","i1":5,"i2":7,"sol":{"path":["/c/en/tote","/c/en/bag","/c/en/bed","/c/en/pillows"],"weight":0.20934999999999973},"num_concepts_raised":20641},{"base_id":511,"kind":"top_words","i1":5,"i2":8,"sol":{"path":["/c/en/tote","/c/en/british","/c/en/wet","/c/en/sodden"],"weight":0.20481999999999972},"num_concepts_raised":18212},{"base_id":511,"kind":"top_words","i1":5,"i2":9,"sol":{"path":["/c/en/tote","/c/en/handbag","/c/en/leather"],"weight":0.20400000000000001},"num_concepts_raised":760},{"base_id":511,"kind":"top_words","i1":6,"i2":7,"sol":{"path":["/c/en/upholstery","/c/en/seat","/c/en/pillows"],"weight":0.20400000000000001},"num_concepts_raised":117},{"base_id":511,"kind":"top_words","i1":6,"i2":8,"sol":{"path":["/c/en/upholstery","/c/en/covers","/c/en/wet","/c/en/sodden"],"weight":0.20539999999999972},"num_concepts_raised":18915},{"base_id":511,"kind":"top_words","i1":6,"i2":9,"sol":{"path":["/c/en/upholstery","/c/en/fabric","/c/en/leather"],"weight":0.20500000000000002},"num_concepts_raised":793},{"base_id":511,"kind":"top_words","i1":7,"i2":8,"sol":{"path":["/c/en/pillows","/c/en/cloud","/c/en/wet","/c/en/sodden"],"weight":0.2096799999999998},"num_concepts_raised":17800},{"base_id":511,"kind":"top_words","i1":7,"i2":9,"sol":{"path":["/c/en/pillows","/c/en/alternative_rock","/c/en/hide","/c/en/leather"],"weight":0.2297399999999985},"num_concepts_raised":59857},{"base_id":511,"kind":"top_words","i1":8,"i2":9,"sol":{"path":["/c/en/sodden","/c/en/liquid","/c/en/leather"],"weight":0.20400000000000001},"num_concepts_raised":777}]]