[[{"base_id":245,"kind":"bot_words","i1":0,"i2":1,"sol":{"path":["/c/en/criminally","/c/en/criminal","/c/en/recidivism","/c/en/psychiatry","/c/en/alexia"],"weight":0.20921999999999985},"num_concepts_raised":5108},{"base_id":245,"kind":"bot_words","i1":0,"i2":2,"sol":{"path":["/c/en/criminally","/c/en/criminal","/c/en/crime","/c/en/sin","/c/en/sodom"],"weight":0.20451999999999992},"num_concepts_raised":7131},{"base_id":245,"kind":"bot_words","i1":0,"i2":3,"sol":{"path":["/c/en/criminally","/c/fr/criminellement","/c/fr/droit","/c/fr/faculté","/c/en/faculty"],"weight":0.21975999999999934},"num_concepts_raised":27590},{"base_id":245,"kind":"bot_words","i1":0,"i2":4,"sol":{"path":["/c/en/criminally","/c/en/criminal","/c/en/accomplice","/c/zh/手足","/c/en/inseparable","/c/en/inseparably"],"weight":0.20762959999999975},"num_concepts_raised":98331},{"base_id":245,"kind":"bot_words","i1":0,"i2":5,"sol":{"path":["/c/en/criminally","/c/en/criminal","/c/en/illegal","/c/en/drug","/c/en/methamphetamine"],"weight":0.21329999999999993},"num_concepts_raised":23189},{"base_id":245,"kind":"bot_words","i1":0,"i2":6,"sol":{"path":["/c/en/criminally","/c/en/criminal","/c/en/illegal","/c/en/us","/c/en/southerner"],"weight":0.2043199999999999},"num_concepts_raised":11491},{"base_id":245,"kind":"bot_words","i1":0,"i2":7,"sol":{"path":["/c/en/criminally","/c/en/criminal","/c/en/person","/c/en/family","/c/en/kobold"],"weight":0.20403999999999994},"num_concepts_raised":7327},{"base_id":245,"kind":"bot_words","i1":0,"i2":8,"sol":{"path":["/c/en/criminally","/c/en/criminal","/c/en/stale","/c/en/trap","/c/en/mousetrap"],"weight":0.21464},"num_concepts_raised":23620},{"base_id":245,"kind":"bot_words","i1":0,"i2":9,"sol":{"path":["/c/en/criminally","/c/en/criminal","/c/ru/попка","/c/en/anatomy","/c/it/tracheale","/c/en/tracheal"],"weight":0.21145599999999976},"num_concepts_raised":123487},{"base_id":245,"kind":"bot_words","i1":1,"i2":2,"sol":{"path":["/c/en/alexia","/c/en/pop_music","/c/en/romans","/c/en/bible","/c/en/sodom"],"weight":0.2088499999999998},"num_concepts_raised":10383},{"base_id":245,"kind":"bot_words","i1":1,"i2":3,"sol":{"path":["/c/en/alexia","/c/en/inability","/c/en/ability","/c/en/faculty"],"weight":0.22115999999999925},"num_concepts_raised":30656},{"base_id":245,"kind":"bot_words","i1":1,"i2":4,"sol":{"path":["/c/en/alexia","/c/en/understand","/c/grc/ἕπομαι","/c/en/inseparable","/c/en/inseparably"],"weight":0.2083199999999999},"num_concepts_raised":4547},{"base_id":245,"kind":"bot_words","i1":1,"i2":5,"sol":{"path":["/c/en/alexia","/c/en/psychiatry","/c/en/medicine","/c/en/methamphetamine"],"weight":0.21569999999999984},"num_concepts_raised":26236},{"base_id":245,"kind":"bot_words","i1":1,"i2":6,"sol":{"path":["/c/en/alexia","/c/en/disorder","/c/en/state","/c/en/south","/c/en/southerner"],"weight":0.20984999999999976},"num_concepts_raised":14757},{"base_id":245,"kind":"bot_words","i1":1,"i2":7,"sol":{"path":["/c/en/alexia","/c/fr/alexie","/c/fr/sens","/c/en/spirit","/c/en/kobold"],"weight":0.21047999999999983},"num_concepts_raised":10585},{"base_id":245,"kind":"bot_words","i1":1,"i2":8,"sol":{"path":["/c/en/alexia","/c/en/psychiatry","/c/en/projection","/c/en/mousetrap"],"weight":0.2148799999999999},"num_concepts_raised":26827},{"base_id":245,"kind":"bot_words","i1":1,"i2":9,"sol":{"path":["/c/en/alexia","/c/en/cerebral","/c/en/anatomy","/c/it/tracheale","/c/en/tracheal"],"weight":0.21018999999999988},"num_concepts_raised":4477},{"base_id":245,"kind":"bot_words","i1":2,"i2":3,"sol":{"path":["/c/en/sodom","/c/en/israel","/c/en/college","/c/en/faculty"],"weight":0.21618999999999933},"num_concepts_raised":32574},{"base_id":245,"kind":"bot_words","i1":2,"i2":4,"sol":{"path":["/c/en/sodom","/c/en/biblical","/c/en/a","/c/ru/неотрывно","/c/en/inseparably"],"weight":0.20351},"num_concepts_raised":6575},{"base_id":245,"kind":"bot_words","i1":2,"i2":5,"sol":{"path":["/c/en/sodom","/c/en/apple_of_sodom","/c/en/smoke","/c/en/drug","/c/en/methamphetamine"],"weight":0.21390999999999993},"num_concepts_raised":28406},{"base_id":245,"kind":"bot_words","i1":2,"i2":6,"sol":{"path":["/c/en/sodom","/c/en/location","/c/en/south","/c/en/southerner"],"weight":0.20501999999999987},"num_concepts_raised":16697},{"base_id":245,"kind":"bot_words","i1":2,"i2":7,"sol":{"path":["/c/en/sodom","/c/en/god","/c/en/spirit","/c/en/kobold"],"weight":0.20357999999999993},"num_concepts_raised":12508},{"base_id":245,"kind":"bot_words","i1":2,"i2":8,"sol":{"path":["/c/en/sodom","/c/en/israel","/c/en/historical","/c/en/trap","/c/en/mousetrap"],"weight":0.21422999999999998},"num_concepts_raised":28735},{"base_id":245,"kind":"bot_words","i1":2,"i2":9,"sol":{"path":["/c/en/sodom","/c/en/apple_of_sodom","/c/en/botany","/c/it/tracheale","/c/en/tracheal"],"weight":0.20636999999999994},"num_concepts_raised":6500},{"base_id":245,"kind":"bot_words","i1":3,"i2":4,"sol":{"path":["/c/en/faculty","/c/en/reason","/c/en/heat","/c/en/weld","/c/en/inseparably"],"weight":0.2174999999999994},"num_concepts_raised":27053},{"base_id":245,"kind":"bot_words","i1":3,"i2":5,"sol":{"path":["/c/en/faculty","/c/en/school","/c/en/trash","/c/en/methamphetamine"],"weight":0.2227799999999993},"num_concepts_raised":48462},{"base_id":245,"kind":"bot_words","i1":3,"i2":6,"sol":{"path":["/c/en/faculty","/c/en/college","/c/en/us","/c/en/southerner"],"weight":0.21611999999999926},"num_concepts_raised":36749},{"base_id":245,"kind":"bot_words","i1":3,"i2":7,"sol":{"path":["/c/en/faculty","/c/en/group_of_people","/c/en/family","/c/en/kobold"],"weight":0.21539999999999931},"num_concepts_raised":32832},{"base_id":245,"kind":"bot_words","i1":3,"i2":8,"sol":{"path":["/c/en/faculty","/c/en/power","/c/en/device","/c/en/mousetrap"],"weight":0.22223999999999938},"num_concepts_raised":48313},{"base_id":245,"kind":"bot_words","i1":3,"i2":9,"sol":{"path":["/c/en/faculty","/c/xcl/կար","/c/en/anatomy","/c/it/tracheale","/c/en/tracheal"],"weight":0.21727999999999936},"num_concepts_raised":26986},{"base_id":245,"kind":"bot_words","i1":4,"i2":5,"sol":{"path":["/c/en/inseparably","/c/en/weld","/c/en/material","/c/en/ice","/c/en/methamphetamine"],"weight":0.21036},"num_concepts_raised":22629},{"base_id":245,"kind":"bot_words","i1":4,"i2":6,"sol":{"path":["/c/en/inseparably","/c/en/weld","/c/en/meld","/c/en/us","/c/en/southerner"],"weight":0.20336999999999994},"num_concepts_raised":10965},{"base_id":245,"kind":"bot_words","i1":4,"i2":7,"sol":{"path":["/c/en/inseparably","/c/en/weld","/c/en/metal","/c/en/cobalt","/c/en/kobold"],"weight":0.20414000000000002},"num_concepts_raised":6765},{"base_id":245,"kind":"bot_words","i1":4,"i2":8,"sol":{"path":["/c/en/inseparably","/c/en/inseparable","/c/en/intrinsic","/c/en/computing","/c/en/mousetrap"],"weight":0.20970000000000008},"num_concepts_raised":23080},{"base_id":245,"kind":"bot_words","i1":4,"i2":9,"sol":{"path":["/c/en/inseparably","/c/en/inseparable","/c/en/intrinsic","/c/en/anatomy","/c/it/tracheale","/c/en/tracheal"],"weight":0.20944650000000004},"num_concepts_raised":72856},{"base_id":245,"kind":"bot_words","i1":5,"i2":6,"sol":{"path":["/c/en/methamphetamine","/c/en/crank","/c/en/us","/c/en/southerner"],"weight":0.21271999999999985},"num_concepts_raised":32622},{"base_id":245,"kind":"bot_words","i1":5,"i2":7,"sol":{"path":["/c/en/methamphetamine","/c/en/pickle","/c/en/mischievous","/c/en/kobold"],"weight":0.21023999999999995},"num_concepts_raised":28585},{"base_id":245,"kind":"bot_words","i1":5,"i2":8,"sol":{"path":["/c/en/methamphetamine","/c/en/drug","/c/en/trap","/c/en/mousetrap"],"weight":0.22308},"num_concepts_raised":44398},{"base_id":245,"kind":"bot_words","i1":5,"i2":9,"sol":{"path":["/c/en/methamphetamine","/c/fil/bato","/c/en/anatomy","/c/it/tracheale","/c/en/tracheal"],"weight":0.21414999999999995},"num_concepts_raised":22547},{"base_id":245,"kind":"bot_words","i1":6,"i2":7,"sol":{"path":["/c/en/southerner","/c/en/us","/c/en/nickel","/c/en/kobold"],"weight":0.20345999999999986},"num_concepts_raised":16902},{"base_id":245,"kind":"bot_words","i1":6,"i2":8,"sol":{"path":["/c/en/southerner","/c/en/us","/c/en/trap","/c/en/mousetrap"],"weight":0.21412999999999993},"num_concepts_raised":32362},{"base_id":245,"kind":"bot_words","i1":6,"i2":9,"sol":{"path":["/c/en/southerner","/c/en/us","/c/en/neck","/c/en/trachea","/c/en/tracheal"],"weight":0.2043199999999999},"num_concepts_raised":10897},{"base_id":245,"kind":"bot_words","i1":7,"i2":8,"sol":{"path":["/c/en/kobold","/c/en/elf","/c/en/computing","/c/en/mousetrap"],"weight":0.20975000000000002},"num_concepts_raised":28962},{"base_id":245,"kind":"bot_words","i1":7,"i2":9,"sol":{"path":["/c/en/kobold","/c/en/cobalt","/c/en/metal","/c/en/vessel","/c/en/trachea","/c/en/tracheal"],"weight":0.21011339999999987},"num_concepts_raised":403644},{"base_id":245,"kind":"bot_words","i1":8,"i2":9,"sol":{"path":["/c/en/mousetrap","/c/en/trap","/c/en/mouth","/c/en/orotracheal","/c/en/tracheal"],"weight":0.21358000000000002},"num_concepts_raised":23014}],[{"base_id":245,"kind":"top_words","i1":0,"i2":1,"sol":{"path":["/c/en/naas","/c/en/town","/c/en/legal","/c/en/breve"],"weight":0.2140099999999998},"num_concepts_raised":34346},{"base_id":245,"kind":"top_words","i1":0,"i2":2,"sol":{"path":["/c/en/naas","/c/en/town","/c/en/stade"],"weight":0.20900000000000002},"num_concepts_raised":157},{"base_id":245,"kind":"top_words","i1":0,"i2":3,"sol":{"path":["/c/en/naas","/c/en/ireland","/c/en/bird","/c/en/pigeon"],"weight":0.22101999999999944},"num_concepts_raised":47686},{"base_id":245,"kind":"top_words","i1":0,"i2":4,"sol":{"path":["/c/en/naas","/c/en/ireland","/c/en/make","/c/en/making","/c/en/composting"],"weight":0.2078899999999998},"num_concepts_raised":4795},{"base_id":245,"kind":"top_words","i1":0,"i2":5,"sol":{"path":["/c/en/naas","/c/en/ireland","/c/en/country","/c/en/burundi","/c/en/burundian"],"weight":0.21032999999999977},"num_concepts_raised":16066},{"base_id":245,"kind":"top_words","i1":0,"i2":6,"sol":{"path":["/c/en/naas","/c/en/ireland","/c/en/bun","/c/en/crescent_roll","/c/en/croissant"],"weight":0.21818000000000043},"num_concepts_raised":8601},{"base_id":245,"kind":"top_words","i1":0,"i2":7,"sol":{"path":["/c/en/naas","/c/en/ireland","/c/en/dirt","/c/en/soil","/c/en/sully"],"weight":0.21196999999999966},"num_concepts_raised":120012},{"base_id":245,"kind":"top_words","i1":0,"i2":8,"sol":{"path":["/c/en/naas","/c/en/ireland","/c/en/snapper","/c/en/yellowtail","/c/en/kingfish"],"weight":0.21309999999999968},"num_concepts_raised":10622},{"base_id":245,"kind":"top_words","i1":0,"i2":9,"sol":{"path":["/c/en/naas","/c/en/ireland","/c/en/animal","/c/en/octopus","/c/en/cthulhu"],"weight":0.2136199999999998},"num_concepts_raised":7077},{"base_id":245,"kind":"top_words","i1":1,"i2":2,"sol":{"path":["/c/en/breve","/c/en/legal","/c/en/town","/c/en/stade"],"weight":0.22132999999999964},"num_concepts_raised":77912},{"base_id":245,"kind":"top_words","i1":1,"i2":3,"sol":{"path":["/c/en/breve","/c/fr/brève","/c/en/bird","/c/en/pigeon"],"weight":0.22600999999999954},"num_concepts_raised":75414},{"base_id":245,"kind":"top_words","i1":1,"i2":4,"sol":{"path":["/c/en/breve","/c/fr/brève","/c/en/bird","/c/en/making","/c/en/composting"],"weight":0.21285999999999988},"num_concepts_raised":32929},{"base_id":245,"kind":"top_words","i1":1,"i2":5,"sol":{"path":["/c/en/breve","/c/en/music","/c/en/person","/c/en/burundian"],"weight":0.20936999999999986},"num_concepts_raised":43965},{"base_id":245,"kind":"top_words","i1":1,"i2":6,"sol":{"path":["/c/en/breve","/c/en/music","/c/en/increasing","/c/fr/croissant","/c/en/croissant"],"weight":0.22172000000000053},"num_concepts_raised":36702},{"base_id":245,"kind":"top_words","i1":1,"i2":7,"sol":{"path":["/c/en/breve","/c/en/music","/c/en/slur","/c/en/sully"],"weight":0.21017999999999976},"num_concepts_raised":148227},{"base_id":245,"kind":"top_words","i1":1,"i2":8,"sol":{"path":["/c/en/breve","/c/en/legal","/c/en/barb","/c/en/kingfish"],"weight":0.2139499999999998},"num_concepts_raised":38671},{"base_id":245,"kind":"top_words","i1":1,"i2":9,"sol":{"path":["/c/en/breve","/c/en/orthography","/c/en/writing","/c/en/cthulhu"],"weight":0.21457999999999988},"num_concepts_raised":35110},{"base_id":245,"kind":"top_words","i1":2,"i2":3,"sol":{"path":["/c/en/stade","/c/en/time","/c/en/bird","/c/en/pigeon"],"weight":0.2262599999999993},"num_concepts_raised":90056},{"base_id":245,"kind":"top_words","i1":2,"i2":4,"sol":{"path":["/c/en/stade","/c/en/progress","/c/en/making","/c/en/composting"],"weight":0.21307999999999966},"num_concepts_raised":49836},{"base_id":245,"kind":"top_words","i1":2,"i2":5,"sol":{"path":["/c/en/stade","/c/en/country","/c/en/burundi","/c/en/burundian"],"weight":0.21559999999999963},"num_concepts_raised":60540},{"base_id":245,"kind":"top_words","i1":2,"i2":6,"sol":{"path":["/c/en/stade","/c/en/historical","/c/en/crescent","/c/en/croissant"],"weight":0.2212700000000003},"num_concepts_raised":53528},{"base_id":245,"kind":"top_words","i1":2,"i2":7,"sol":{"path":["/c/en/stade","/c/fr/stade","/c/fr/localités","/c/en/sully"],"weight":0.2163299999999995},"num_concepts_raised":164603},{"base_id":245,"kind":"top_words","i1":2,"i2":8,"sol":{"path":["/c/en/stade","/c/en/ship","/c/en/jack","/c/en/kingfish"],"weight":0.21825999999999957},"num_concepts_raised":55409},{"base_id":245,"kind":"top_words","i1":2,"i2":9,"sol":{"path":["/c/en/stade","/c/en/country","/c/en/alien","/c/en/cthulhu"],"weight":0.21885999999999967},"num_concepts_raised":52016},{"base_id":245,"kind":"top_words","i1":3,"i2":4,"sol":{"path":["/c/en/pigeon","/c/en/bird","/c/en/making","/c/en/composting"],"weight":0.21575999999999954},"num_concepts_raised":46812},{"base_id":245,"kind":"top_words","i1":3,"i2":5,"sol":{"path":["/c/en/pigeon","/c/en/like","/c/en/person","/c/en/burundian"],"weight":0.2135299999999995},"num_concepts_raised":57453},{"base_id":245,"kind":"top_words","i1":3,"i2":6,"sol":{"path":["/c/en/pigeon","/c/en/slang","/c/ru/рогалик","/c/en/croissant"],"weight":0.2233800000000002},"num_concepts_raised":50400},{"base_id":245,"kind":"top_words","i1":3,"i2":7,"sol":{"path":["/c/en/pigeon","/c/en/dirty","/c/en/sully"],"weight":0.203},"num_concepts_raised":720},{"base_id":245,"kind":"top_words","i1":3,"i2":8,"sol":{"path":["/c/en/pigeon","/c/en/barb","/c/en/kingfish"],"weight":0.20400000000000001},"num_concepts_raised":656},{"base_id":245,"kind":"top_words","i1":3,"i2":9,"sol":{"path":["/c/en/pigeon","/c/en/carrier_pigeon","/c/en/dragon","/c/en/cthulhu"],"weight":0.21976999999999952},"num_concepts_raised":48956},{"base_id":245,"kind":"top_words","i1":4,"i2":5,"sol":{"path":["/c/en/composting","/c/en/compost","/c/en/convert","/c/en/person","/c/en/burundian"],"weight":0.20400999999999986},"num_concepts_raised":14665},{"base_id":245,"kind":"top_words","i1":4,"i2":6,"sol":{"path":["/c/en/composting","/c/en/making","/c/en/bread","/c/en/croissandwich","/c/en/croissant"],"weight":0.21273000000000053},"num_concepts_raised":7175},{"base_id":245,"kind":"top_words","i1":4,"i2":7,"sol":{"path":["/c/en/composting","/c/en/compost","/c/en/mulch","/c/en/soil","/c/en/sully"],"weight":0.20759999999999973},"num_concepts_raised":118827},{"base_id":245,"kind":"top_words","i1":4,"i2":8,"sol":{"path":["/c/en/composting","/c/en/compost","/c/en/garden","/c/en/food","/c/en/kingfish"],"weight":0.20884999999999979},"num_concepts_raised":9202},{"base_id":245,"kind":"top_words","i1":4,"i2":9,"sol":{"path":["/c/en/composting","/c/en/making","/c/en/writing","/c/en/cthulhu"],"weight":0.2083199999999999},"num_concepts_raised":5627},{"base_id":245,"kind":"top_words","i1":5,"i2":6,"sol":{"path":["/c/en/burundian","/c/en/person","/c/en/breakfast","/c/en/croissant"],"weight":0.21106000000000052},"num_concepts_raised":18436},{"base_id":245,"kind":"top_words","i1":5,"i2":7,"sol":{"path":["/c/en/burundian","/c/en/person","/c/en/dirty","/c/en/sully"],"weight":0.2056499999999997},"num_concepts_raised":130096},{"base_id":245,"kind":"top_words","i1":5,"i2":8,"sol":{"path":["/c/en/burundian","/c/en/person","/c/en/fish","/c/en/whiting","/c/en/kingfish"],"weight":0.20835999999999974},"num_concepts_raised":20393},{"base_id":245,"kind":"top_words","i1":5,"i2":9,"sol":{"path":["/c/en/burundian","/c/en/person","/c/en/alien","/c/en/cthulhu"],"weight":0.20868999999999985},"num_concepts_raised":16854},{"base_id":245,"kind":"top_words","i1":6,"i2":7,"sol":{"path":["/c/en/croissant","/c/fr/croissant","/c/en/growing","/c/en/soil","/c/en/sully"],"weight":0.21924000000000038},"num_concepts_raised":122637},{"base_id":245,"kind":"top_words","i1":6,"i2":8,"sol":{"path":["/c/en/croissant","/c/en/food","/c/en/kingfish"],"weight":0.20600000000000002},"num_concepts_raised":153},{"base_id":245,"kind":"top_words","i1":6,"i2":9,"sol":{"path":["/c/en/croissant","/c/fr/croissant","/c/fr/zoologie","/c/en/octopus","/c/en/cthulhu"],"weight":0.2210400000000005},"num_concepts_raised":9457},{"base_id":245,"kind":"top_words","i1":7,"i2":8,"sol":{"path":["/c/en/sully","/c/en/soil","/c/en/garden","/c/en/food","/c/en/kingfish"],"weight":0.21173999999999965},"num_concepts_raised":124640},{"base_id":245,"kind":"top_words","i1":7,"i2":9,"sol":{"path":["/c/en/sully","/c/en/soil","/c/en/earth","/c/en/chthonic","/c/en/cthulhu"],"weight":0.21224999999999972},"num_concepts_raised":121109},{"base_id":245,"kind":"top_words","i1":8,"i2":9,"sol":{"path":["/c/en/kingfish","/c/en/food","/c/en/animal","/c/en/octopus","/c/en/cthulhu"],"weight":0.2135699999999998},"num_concepts_raised":11472}]]