[[{"base_id":720,"kind":"bot_words","i1":0,"i2":1,"sol":{"path":["/c/en/dullness","/c/en/quality","/c/en/ultimate","/c/en/penultimate"],"weight":0.2075399999999995},"num_concepts_raised":55167},{"base_id":720,"kind":"bot_words","i1":0,"i2":2,"sol":{"path":["/c/en/dullness","/c/en/sturdy","/c/en/rugged","/c/en/craggy"],"weight":0.20490999999999934},"num_concepts_raised":27264},{"base_id":720,"kind":"bot_words","i1":0,"i2":3,"sol":{"path":["/c/en/dullness","/c/en/person","/c/en/turkish","/c/en/bosphorus","/c/en/dardanelles"],"weight":0.2132899999999997},"num_concepts_raised":26421},{"base_id":720,"kind":"bot_words","i1":0,"i2":4,"sol":{"path":["/c/en/dullness","/c/en/person","/c/en/wound","/c/en/torn"],"weight":0.20509999999999912},"num_concepts_raised":30063},{"base_id":720,"kind":"bot_words","i1":0,"i2":5,"sol":{"path":["/c/en/dullness","/c/en/person","/c/en/cross","/c/en/traversal"],"weight":0.20449999999999943},"num_concepts_raised":28547},{"base_id":720,"kind":"bot_words","i1":0,"i2":6,"sol":{"path":["/c/en/dullness","/c/en/person","/c/en/jesus","/c/en/geez"],"weight":0.20449999999999938},"num_concepts_raised":46293},{"base_id":720,"kind":"bot_words","i1":0,"i2":7,"sol":{"path":["/c/en/dullness","/c/en/person","/c/en/goat","/c/en/angora_goat","/c/en/angora"],"weight":0.20551999999999943},"num_concepts_raised":28645},{"base_id":720,"kind":"bot_words","i1":0,"i2":8,"sol":{"path":["/c/en/dullness","/c/en/flatness","/c/en/board","/c/en/game","/c/en/stratego"],"weight":0.21031999999999942},"num_concepts_raised":26631},{"base_id":720,"kind":"bot_words","i1":0,"i2":9,"sol":{"path":["/c/en/dullness","/c/en/person","/c/en/live","/c/zh/带电","/c/en/electrification"],"weight":0.20631999999999964},"num_concepts_raised":25094},{"base_id":720,"kind":"bot_words","i1":1,"i2":2,"sol":{"path":["/c/en/penultimate","/c/en/etc","/c/zh/崎嶇","/c/en/craggy"],"weight":0.20520999999999978},"num_concepts_raised":34842},{"base_id":720,"kind":"bot_words","i1":1,"i2":3,"sol":{"path":["/c/en/penultimate","/c/en/end","/c/en/bosphorus","/c/en/dardanelles"],"weight":0.21393000000000018},"num_concepts_raised":33973},{"base_id":720,"kind":"bot_words","i1":1,"i2":4,"sol":{"path":["/c/en/penultimate","/c/en/us","/c/en/divided","/c/en/torn"],"weight":0.20655999999999958},"num_concepts_raised":37524},{"base_id":720,"kind":"bot_words","i1":1,"i2":5,"sol":{"path":["/c/en/penultimate","/c/en/related","/c/en/cross","/c/en/traversal"],"weight":0.20490999999999987},"num_concepts_raised":36036},{"base_id":720,"kind":"bot_words","i1":1,"i2":6,"sol":{"path":["/c/en/penultimate","/c/en/uk","/c/en/geez"],"weight":0.202},"num_concepts_raised":155},{"base_id":720,"kind":"bot_words","i1":1,"i2":7,"sol":{"path":["/c/en/penultimate","/c/en/list","/c/en/rabbit","/c/en/angora"],"weight":0.20508999999999988},"num_concepts_raised":36151},{"base_id":720,"kind":"bot_words","i1":1,"i2":8,"sol":{"path":["/c/en/penultimate","/c/en/related","/c/en/game","/c/en/stratego"],"weight":0.20972999999999986},"num_concepts_raised":34141},{"base_id":720,"kind":"bot_words","i1":1,"i2":9,"sol":{"path":["/c/en/penultimate","/c/en/ultimate","/c/en/catastrophe","/c/ko/전화","/c/en/electrification"],"weight":0.2079200000000001},"num_concepts_raised":32684},{"base_id":720,"kind":"bot_words","i1":2,"i2":3,"sol":{"path":["/c/en/craggy","/c/en/mountainous","/c/fr/géographie","/c/ru/дарданеллы","/c/en/dardanelles"],"weight":0.21214},"num_concepts_raised":4642},{"base_id":720,"kind":"bot_words","i1":2,"i2":4,"sol":{"path":["/c/en/craggy","/c/es/escarpado","/c/en/steep","/c/la/praeruptus","/c/en/torn"],"weight":0.20503999999999942},"num_concepts_raised":8473},{"base_id":720,"kind":"bot_words","i1":2,"i2":5,"sol":{"path":["/c/en/craggy","/c/en/rugged","/c/en/computing","/c/en/traverse","/c/en/traversal"],"weight":0.20553999999999972},"num_concepts_raised":6933},{"base_id":720,"kind":"bot_words","i1":2,"i2":6,"sol":{"path":["/c/en/craggy","/c/en/sharp","/c/en/slang","/c/en/geez"],"weight":0.20341999999999966},"num_concepts_raised":25335},{"base_id":720,"kind":"bot_words","i1":2,"i2":7,"sol":{"path":["/c/en/craggy","/c/en/rugged","/c/en/rough","/c/en/textile","/c/en/angora"],"weight":0.20381999999999972},"num_concepts_raised":6950},{"base_id":720,"kind":"bot_words","i1":2,"i2":8,"sol":{"path":["/c/en/craggy","/c/en/rugged","/c/en/difficult","/c/en/game","/c/en/stratego"],"weight":0.2084299999999997},"num_concepts_raised":4935},{"base_id":720,"kind":"bot_words","i1":2,"i2":9,"sol":{"path":["/c/en/craggy","/c/en/rugged","/c/fr/solide","/c/fr/action","/c/fr/électrification","/c/en/electrification"],"weight":0.2120384999999999},"num_concepts_raised":286830},{"base_id":720,"kind":"bot_words","i1":3,"i2":4,"sol":{"path":["/c/en/dardanelles","/c/en/turkey","/c/en/country","/c/en/divided","/c/en/torn"],"weight":0.21147999999999978},"num_concepts_raised":7560},{"base_id":720,"kind":"bot_words","i1":3,"i2":5,"sol":{"path":["/c/en/dardanelles","/c/en/bosphorus","/c/en/connect","/c/en/cross","/c/en/traversal"],"weight":0.2119300000000001},"num_concepts_raised":5986},{"base_id":720,"kind":"bot_words","i1":3,"i2":6,"sol":{"path":["/c/en/dardanelles","/c/en/turkey","/c/en/slang","/c/en/geez"],"weight":0.20990000000000003},"num_concepts_raised":24467},{"base_id":720,"kind":"bot_words","i1":3,"i2":7,"sol":{"path":["/c/en/dardanelles","/c/en/turkey","/c/en/ankara","/c/en/angora"],"weight":0.2100200000000001},"num_concepts_raised":6015},{"base_id":720,"kind":"bot_words","i1":3,"i2":8,"sol":{"path":["/c/en/dardanelles","/c/en/bosphorus","/c/en/connect","/c/en/game","/c/en/stratego"],"weight":0.21675000000000008},"num_concepts_raised":3969},{"base_id":720,"kind":"bot_words","i1":3,"i2":9,"sol":{"path":["/c/en/dardanelles","/c/fr/hellespont","/c/fr/région","/c/fr/électrifier","/c/fr/électrification","/c/en/electrification"],"weight":0.22131050000000022},"num_concepts_raised":178928},{"base_id":720,"kind":"bot_words","i1":4,"i2":5,"sol":{"path":["/c/en/torn","/c/en/tear","/c/el/σκίζω","/c/en/traverse","/c/en/traversal"],"weight":0.20571999999999951},"num_concepts_raised":9806},{"base_id":720,"kind":"bot_words","i1":4,"i2":6,"sol":{"path":["/c/en/torn","/c/en/ripped","/c/en/slang","/c/en/geez"],"weight":0.20382999999999946},"num_concepts_raised":28149},{"base_id":720,"kind":"bot_words","i1":4,"i2":7,"sol":{"path":["/c/en/torn","/c/en/paper","/c/en/textile","/c/en/angora"],"weight":0.20374999999999951},"num_concepts_raised":9816},{"base_id":720,"kind":"bot_words","i1":4,"i2":8,"sol":{"path":["/c/en/torn","/c/en/divided","/c/en/game_show","/c/en/game","/c/en/stratego"],"weight":0.2095299999999995},"num_concepts_raised":7829},{"base_id":720,"kind":"bot_words","i1":4,"i2":9,"sol":{"path":["/c/en/torn","/c/en/tear","/c/en/charge","/c/zh/带电","/c/en/electrification"],"weight":0.20560999999999974},"num_concepts_raised":6231},{"base_id":720,"kind":"bot_words","i1":5,"i2":6,"sol":{"path":["/c/en/traversal","/c/en/cross","/c/en/jesus","/c/en/geez"],"weight":0.20312999999999976},"num_concepts_raised":26622},{"base_id":720,"kind":"bot_words","i1":5,"i2":7,"sol":{"path":["/c/en/traversal","/c/en/traverse","/c/en/formal","/c/en/rabbit","/c/en/angora"],"weight":0.2051499999999998},"num_concepts_raised":8303},{"base_id":720,"kind":"bot_words","i1":5,"i2":8,"sol":{"path":["/c/en/traversal","/c/en/traverse","/c/en/pass","/c/en/game","/c/en/stratego"],"weight":0.20992999999999978},"num_concepts_raised":6245},{"base_id":720,"kind":"bot_words","i1":5,"i2":9,"sol":{"path":["/c/en/traversal","/c/en/cross","/c/en/device","/c/ja/充電","/c/en/electrification"],"weight":0.20390000000000003},"num_concepts_raised":4665},{"base_id":720,"kind":"bot_words","i1":6,"i2":7,"sol":{"path":["/c/en/geez","/c/en/slang","/c/en/goat","/c/en/angora_goat","/c/en/angora"],"weight":0.20418999999999976},"num_concepts_raised":26672},{"base_id":720,"kind":"bot_words","i1":6,"i2":8,"sol":{"path":["/c/en/geez","/c/en/slang","/c/en/game","/c/en/stratego"],"weight":0.20795999999999976},"num_concepts_raised":24692},{"base_id":720,"kind":"bot_words","i1":6,"i2":9,"sol":{"path":["/c/en/geez","/c/en/jeez","/c/en/shock","/c/en/electrify","/c/en/electrification"],"weight":0.20495999999999995},"num_concepts_raised":23168},{"base_id":720,"kind":"bot_words","i1":7,"i2":8,"sol":{"path":["/c/en/angora","/c/en/rabbit","/c/en/game","/c/en/stratego"],"weight":0.20801999999999982},"num_concepts_raised":6306},{"base_id":720,"kind":"bot_words","i1":7,"i2":9,"sol":{"path":["/c/en/angora","/c/en/hair","/c/en/part","/c/fr/action","/c/fr/électrification","/c/en/electrification"],"weight":0.21173849999999977},"num_concepts_raised":464589},{"base_id":720,"kind":"bot_words","i1":8,"i2":9,"sol":{"path":["/c/en/stratego","/c/en/game","/c/en/war","/c/ko/전화","/c/en/electrification"],"weight":0.20973},"num_concepts_raised":2643}],[{"base_id":720,"kind":"top_words","i1":0,"i2":1,"sol":{"path":["/c/en/lactam","/c/en/organic_chemistry","/c/en/telluride","/c/en/county_seat","/c/en/glenville"],"weight":0.2032999999999999},"num_concepts_raised":18733},{"base_id":720,"kind":"top_words","i1":0,"i2":2,"sol":{"path":["/c/en/lactam","/c/en/organic_chemistry","/c/fr/craquer","/c/en/split","/c/en/tensile"],"weight":0.20310999999999996},"num_concepts_raised":11514},{"base_id":720,"kind":"top_words","i1":0,"i2":3,"sol":{"path":["/c/en/lactam","/c/en/beta_lactam","/c/en/ampicillin"],"weight":0.20500000000000002},"num_concepts_raised":84},{"base_id":720,"kind":"top_words","i1":0,"i2":4,"sol":{"path":["/c/en/lactam","/c/en/organic_chemistry","/c/en/pen","/c/en/chicken","/c/en/tinga"],"weight":0.2081499999999999},"num_concepts_raised":11559},{"base_id":720,"kind":"top_words","i1":0,"i2":5,"sol":{"path":["/c/en/lactam","/c/en/organic_chemistry","/c/en/but","/c/en/butt","/c/en/jut"],"weight":0.20347999999999988},"num_concepts_raised":14367},{"base_id":720,"kind":"top_words","i1":0,"i2":6,"sol":{"path":["/c/en/lactam","/c/en/cyclic","/c/en/mathematics","/c/en/eigenfunction","/c/en/eigenvector"],"weight":0.20505000000000007},"num_concepts_raised":21888},{"base_id":720,"kind":"top_words","i1":0,"i2":7,"sol":{"path":["/c/en/lactam","/c/en/alpha_lactam","/c/en/ring","/c/en/algebra","/c/en/spinor"],"weight":0.20409},"num_concepts_raised":11864},{"base_id":720,"kind":"top_words","i1":0,"i2":8,"sol":{"path":["/c/en/lactam","/c/en/amide","/c/en/metal","/c/en/plater"],"weight":0.20297999999999994},"num_concepts_raised":24015},{"base_id":720,"kind":"top_words","i1":0,"i2":9,"sol":{"path":["/c/en/lactam","/c/pt/lactama","/c/en/organic_compound","/c/en/quinolone"],"weight":0.20942999999999978},"num_concepts_raised":26987},{"base_id":720,"kind":"top_words","i1":1,"i2":2,"sol":{"path":["/c/en/glenville","/c/en/ireland","/c/en/stretch","/c/en/tensile"],"weight":0.20278999999999983},"num_concepts_raised":13315},{"base_id":720,"kind":"top_words","i1":1,"i2":3,"sol":{"path":["/c/en/glenville","/c/en/canada","/c/en/shot","/c/en/penicillin","/c/en/ampicillin"],"weight":0.20828999999999975},"num_concepts_raised":15747},{"base_id":720,"kind":"top_words","i1":1,"i2":4,"sol":{"path":["/c/en/glenville","/c/en/king","/c/en/chicken","/c/en/tinga"],"weight":0.2077699999999998},"num_concepts_raised":13323},{"base_id":720,"kind":"top_words","i1":1,"i2":5,"sol":{"path":["/c/en/glenville","/c/en/ireland","/c/en/butt","/c/en/jut"],"weight":0.20312999999999976},"num_concepts_raised":16147},{"base_id":720,"kind":"top_words","i1":1,"i2":6,"sol":{"path":["/c/en/glenville","/c/en/usa","/c/en/state","/c/en/eigenstate","/c/en/eigenvector"],"weight":0.20392999999999997},"num_concepts_raised":23723},{"base_id":720,"kind":"top_words","i1":1,"i2":7,"sol":{"path":["/c/en/glenville","/c/en/county_seat","/c/en/union","/c/en/algebra","/c/en/spinor"],"weight":0.20297999999999988},"num_concepts_raised":13704},{"base_id":720,"kind":"top_words","i1":1,"i2":8,"sol":{"path":["/c/en/glenville","/c/en/canada","/c/en/horse","/c/en/plater"],"weight":0.20286999999999983},"num_concepts_raised":25733},{"base_id":720,"kind":"top_words","i1":1,"i2":9,"sol":{"path":["/c/en/glenville","/c/en/county_seat","/c/en/norwalk","/c/en/medicine","/c/en/quinolone"],"weight":0.20833999999999966},"num_concepts_raised":29506},{"base_id":720,"kind":"top_words","i1":2,"i2":3,"sol":{"path":["/c/en/tensile","/c/en/tension","/c/en/tranquilizer","/c/en/drug","/c/en/ampicillin"],"weight":0.2091599999999998},"num_concepts_raised":8526},{"base_id":720,"kind":"top_words","i1":2,"i2":4,"sol":{"path":["/c/en/tensile","/c/en/tension","/c/en/condition","/c/en/dish","/c/en/tinga"],"weight":0.20873999999999981},"num_concepts_raised":6154},{"base_id":720,"kind":"top_words","i1":2,"i2":5,"sol":{"path":["/c/en/tensile","/c/en/stretch","/c/la/proicio","/c/en/jut"],"weight":0.2031099999999998},"num_concepts_raised":8928},{"base_id":720,"kind":"top_words","i1":2,"i2":6,"sol":{"path":["/c/en/tensile","/c/en/tension","/c/en/physics","/c/en/eigenvector"],"weight":0.20466},"num_concepts_raised":16449},{"base_id":720,"kind":"top_words","i1":2,"i2":7,"sol":{"path":["/c/en/tensile","/c/en/split","/c/en/algebra","/c/en/spinor"],"weight":0.2027299999999999},"num_concepts_raised":6461},{"base_id":720,"kind":"top_words","i1":2,"i2":8,"sol":{"path":["/c/en/tensile","/c/en/ductile","/c/en/metal","/c/en/plater"],"weight":0.2027699999999999},"num_concepts_raised":18594},{"base_id":720,"kind":"top_words","i1":2,"i2":9,"sol":{"path":["/c/en/tensile","/c/en/tension","/c/en/tonicity","/c/en/medicine","/c/en/quinolone"],"weight":0.2092099999999997},"num_concepts_raised":22294},{"base_id":720,"kind":"top_words","i1":3,"i2":4,"sol":{"path":["/c/en/ampicillin","/c/en/penicillin","/c/en/name","/c/en/chicken","/c/en/tinga"],"weight":0.21322999999999975},"num_concepts_raised":8572},{"base_id":720,"kind":"top_words","i1":3,"i2":5,"sol":{"path":["/c/en/ampicillin","/c/en/drug","/c/en/mainline","/c/en/project","/c/en/jut"],"weight":0.20863999999999971},"num_concepts_raised":11387},{"base_id":720,"kind":"top_words","i1":3,"i2":6,"sol":{"path":["/c/en/ampicillin","/c/en/penicillin","/c/en/proper","/c/en/eigenvalue","/c/en/eigenvector"],"weight":0.21030999999999994},"num_concepts_raised":18943},{"base_id":720,"kind":"top_words","i1":3,"i2":7,"sol":{"path":["/c/en/ampicillin","/c/en/penicillin","/c/en/medicine","/c/en/algebra","/c/en/spinor"],"weight":0.20829999999999982},"num_concepts_raised":8902},{"base_id":720,"kind":"top_words","i1":3,"i2":8,"sol":{"path":["/c/en/ampicillin","/c/en/penicillin","/c/en/bacteria","/c/en/cell","/c/en/plater"],"weight":0.2082799999999998},"num_concepts_raised":21059},{"base_id":720,"kind":"top_words","i1":3,"i2":9,"sol":{"path":["/c/en/ampicillin","/c/en/broad_spectrum_antibiotic","/c/en/quinolone"],"weight":0.20600000000000002},"num_concepts_raised":112},{"base_id":720,"kind":"top_words","i1":4,"i2":5,"sol":{"path":["/c/en/tinga","/c/en/chicken","/c/en/beak","/c/en/project","/c/en/jut"],"weight":0.2082699999999998},"num_concepts_raised":8992},{"base_id":720,"kind":"top_words","i1":4,"i2":6,"sol":{"path":["/c/en/tinga","/c/en/chicken","/c/en/plate","/c/en/matrix","/c/en/eigenvector"],"weight":0.20873999999999998},"num_concepts_raised":16579},{"base_id":720,"kind":"top_words","i1":4,"i2":7,"sol":{"path":["/c/en/tinga","/c/en/chicken","/c/en/animal","/c/en/vector","/c/en/spinor"],"weight":0.2077599999999999},"num_concepts_raised":6539},{"base_id":720,"kind":"top_words","i1":4,"i2":8,"sol":{"path":["/c/en/tinga","/c/en/chicken","/c/en/plate","/c/en/plater"],"weight":0.20779999999999982},"num_concepts_raised":18452},{"base_id":720,"kind":"top_words","i1":4,"i2":9,"sol":{"path":["/c/en/tinga","/c/en/chicken","/c/en/slang","/c/en/medicine","/c/en/quinolone"],"weight":0.21322999999999967},"num_concepts_raised":22364},{"base_id":720,"kind":"top_words","i1":5,"i2":6,"sol":{"path":["/c/en/jut","/c/en/projection","/c/en/linear_algebra","/c/en/eigenvector"],"weight":0.20432999999999996},"num_concepts_raised":19310},{"base_id":720,"kind":"top_words","i1":5,"i2":7,"sol":{"path":["/c/en/jut","/c/en/projection","/c/en/vector","/c/en/spinor"],"weight":0.20316999999999985},"num_concepts_raised":9329},{"base_id":720,"kind":"top_words","i1":5,"i2":8,"sol":{"path":["/c/en/jut","/c/en/handle","/c/en/metal","/c/en/plater"],"weight":0.20309999999999984},"num_concepts_raised":21361},{"base_id":720,"kind":"top_words","i1":5,"i2":9,"sol":{"path":["/c/en/jut","/c/en/project","/c/en/cast","/c/en/medicine","/c/en/quinolone"],"weight":0.20869999999999966},"num_concepts_raised":25127},{"base_id":720,"kind":"top_words","i1":6,"i2":7,"sol":{"path":["/c/en/eigenvector","/c/en/vector","/c/en/spinor"],"weight":0.202},"num_concepts_raised":84},{"base_id":720,"kind":"top_words","i1":6,"i2":8,"sol":{"path":["/c/en/eigenvector","/c/en/matrix","/c/en/cell","/c/en/plater"],"weight":0.20372},"num_concepts_raised":28795},{"base_id":720,"kind":"top_words","i1":6,"i2":9,"sol":{"path":["/c/en/eigenvector","/c/en/linear_algebra","/c/en/algebra","/c/en/medicine","/c/en/quinolone"],"weight":0.20932999999999985},"num_concepts_raised":32614},{"base_id":720,"kind":"top_words","i1":7,"i2":8,"sol":{"path":["/c/en/spinor","/c/en/algebra","/c/en/ring","/c/en/horse","/c/en/plater"],"weight":0.2028399999999999},"num_concepts_raised":19001},{"base_id":720,"kind":"top_words","i1":7,"i2":9,"sol":{"path":["/c/en/spinor","/c/en/algebra","/c/en/medicine","/c/en/quinolone"],"weight":0.20818999999999976},"num_concepts_raised":22666},{"base_id":720,"kind":"top_words","i1":8,"i2":9,"sol":{"path":["/c/en/plater","/c/en/selling_plate","/c/en/race","/c/en/coxless_pair","/c/en/quinolone"],"weight":0.20910999999999969},"num_concepts_raised":34575}]]