[[{"base_id":649,"kind":"bot_words","i1":0,"i2":1,"sol":{"path":["/c/en/drywall","/c/en/wall","/c/en/us","/c/en/learned","/c/en/erudite"],"weight":0.21021999999999977},"num_concepts_raised":6924},{"base_id":649,"kind":"bot_words","i1":0,"i2":2,"sol":{"path":["/c/en/drywall","/c/en/wall","/c/en/difficulty","/c/fr/durement","/c/en/harshly"],"weight":0.20788999999999966},"num_concepts_raised":8979},{"base_id":649,"kind":"bot_words","i1":0,"i2":3,"sol":{"path":["/c/en/drywall","/c/en/wall","/c/en/town","/c/en/weimar"],"weight":0.21158999999999978},"num_concepts_raised":12602},{"base_id":649,"kind":"bot_words","i1":0,"i2":4,"sol":{"path":["/c/en/drywall","/c/en/wall","/c/en/point","/c/en/climacteric"],"weight":0.20584999999999987},"num_concepts_raised":23796},{"base_id":649,"kind":"bot_words","i1":0,"i2":5,"sol":{"path":["/c/en/drywall","/c/en/wall","/c/en/house","/c/en/dwelling"],"weight":0.21879999999999852},"num_concepts_raised":46481},{"base_id":649,"kind":"bot_words","i1":0,"i2":6,"sol":{"path":["/c/en/drywall","/c/en/plaster","/c/no/puss","/c/en/pathology","/c/en/angiopathy"],"weight":0.20580999999999988},"num_concepts_raised":14008},{"base_id":649,"kind":"bot_words","i1":0,"i2":7,"sol":{"path":["/c/en/drywall","/c/en/wall","/c/en/china","/c/en/sinology"],"weight":0.2111099999999998},"num_concepts_raised":12929},{"base_id":649,"kind":"bot_words","i1":0,"i2":8,"sol":{"path":["/c/en/drywall","/c/en/wall","/c/en/connection","/c/en/schmooze"],"weight":0.20550999999999991},"num_concepts_raised":10818},{"base_id":649,"kind":"bot_words","i1":0,"i2":9,"sol":{"path":["/c/en/drywall","/c/en/plaster","/c/en/skin","/c/en/moult","/c/en/moulting"],"weight":0.21098999999999973},"num_concepts_raised":5514},{"base_id":649,"kind":"bot_words","i1":1,"i2":2,"sol":{"path":["/c/en/erudite","/c/fr/érudit","/c/fr/rude","/c/en/harsh","/c/en/harshly"],"weight":0.20921999999999955},"num_concepts_raised":6000},{"base_id":649,"kind":"bot_words","i1":1,"i2":3,"sol":{"path":["/c/en/erudite","/c/en/scholarly","/c/en/historical","/c/en/germany","/c/en/weimar"],"weight":0.21414999999999965},"num_concepts_raised":9656},{"base_id":649,"kind":"bot_words","i1":1,"i2":4,"sol":{"path":["/c/en/erudite","/c/en/scholarly","/c/en/critical","/c/en/climacteric"],"weight":0.20733999999999975},"num_concepts_raised":20889},{"base_id":649,"kind":"bot_words","i1":1,"i2":5,"sol":{"path":["/c/en/erudite","/c/de/rural","/c/en/urban","/c/en/dwelling"],"weight":0.21208999999999847},"num_concepts_raised":43889},{"base_id":649,"kind":"bot_words","i1":1,"i2":6,"sol":{"path":["/c/en/erudite","/c/it/dotto","/c/en/vessel","/c/en/blood_vessel","/c/en/angiopathy"],"weight":0.20457999999999976},"num_concepts_raised":11007},{"base_id":649,"kind":"bot_words","i1":1,"i2":7,"sol":{"path":["/c/en/erudite","/c/en/learned","/c/en/scholar","/c/en/sinologist","/c/en/sinology"],"weight":0.21542999999999968},"num_concepts_raised":9921},{"base_id":649,"kind":"bot_words","i1":1,"i2":8,"sol":{"path":["/c/en/erudite","/c/en/learned","/c/en/deipnosophist","/c/en/conversation","/c/en/schmooze"],"weight":0.2076199999999998},"num_concepts_raised":7849},{"base_id":649,"kind":"bot_words","i1":1,"i2":9,"sol":{"path":["/c/en/erudite","/c/en/learned","/c/en/us","/c/fi/sulkasato","/c/en/moulting"],"weight":0.21268999999999966},"num_concepts_raised":2506},{"base_id":649,"kind":"bot_words","i1":2,"i2":3,"sol":{"path":["/c/en/harshly","/c/en/pan","/c/en/geography","/c/en/germany","/c/en/weimar"],"weight":0.21229999999999954},"num_concepts_raised":11736},{"base_id":649,"kind":"bot_words","i1":2,"i2":4,"sol":{"path":["/c/en/harshly","/c/en/barbative","/c/en/critical","/c/en/climacteric"],"weight":0.20544999999999963},"num_concepts_raised":22904},{"base_id":649,"kind":"bot_words","i1":2,"i2":5,"sol":{"path":["/c/en/harshly","/c/en/roughly","/c/en/shanty_town","/c/en/dwelling"],"weight":0.21295999999999837},"num_concepts_raised":45779},{"base_id":649,"kind":"bot_words","i1":2,"i2":6,"sol":{"path":["/c/en/harshly","/c/en/roughly","/c/en/bruise","/c/en/disease","/c/en/angiopathy"],"weight":0.20535999999999965},"num_concepts_raised":13086},{"base_id":649,"kind":"bot_words","i1":2,"i2":7,"sol":{"path":["/c/en/harshly","/c/en/roughly","/c/en/classical_antiquity","/c/en/history","/c/en/sinology"],"weight":0.21093999999999957},"num_concepts_raised":12026},{"base_id":649,"kind":"bot_words","i1":2,"i2":8,"sol":{"path":["/c/en/harshly","/c/en/lip_off","/c/en/talk","/c/en/schmooze"],"weight":0.2041199999999997},"num_concepts_raised":9915},{"base_id":649,"kind":"bot_words","i1":2,"i2":9,"sol":{"path":["/c/en/harshly","/c/de/harsch","/c/fr/fort","/c/fr/moult","/c/en/moulting"],"weight":0.21022999999999953},"num_concepts_raised":4604},{"base_id":649,"kind":"bot_words","i1":3,"i2":4,"sol":{"path":["/c/en/weimar","/c/en/history","/c/en/medicine","/c/en/climacteric"],"weight":0.21032999999999974},"num_concepts_raised":26499},{"base_id":649,"kind":"bot_words","i1":3,"i2":5,"sol":{"path":["/c/en/weimar","/c/en/town","/c/en/dwelling"],"weight":0.20400000000000001},"num_concepts_raised":670},{"base_id":649,"kind":"bot_words","i1":3,"i2":6,"sol":{"path":["/c/en/weimar","/c/en/germany","/c/en/dutch","/c/en/disease","/c/en/angiopathy"],"weight":0.2110999999999998},"num_concepts_raised":16745},{"base_id":649,"kind":"bot_words","i1":3,"i2":7,"sol":{"path":["/c/en/weimar","/c/en/history","/c/en/sinology"],"weight":0.20600000000000002},"num_concepts_raised":155},{"base_id":649,"kind":"bot_words","i1":3,"i2":8,"sol":{"path":["/c/en/weimar","/c/en/german","/c/en/social","/c/en/schmooze"],"weight":0.20897999999999978},"num_concepts_raised":13539},{"base_id":649,"kind":"bot_words","i1":3,"i2":9,"sol":{"path":["/c/en/weimar","/c/fr/weimar","/c/fr/commune","/c/fr/moult","/c/en/moulting"],"weight":0.21602999999999964},"num_concepts_raised":8252},{"base_id":649,"kind":"bot_words","i1":4,"i2":5,"sol":{"path":["/c/en/climacteric","/c/en/medicine","/c/en/camp","/c/en/dwelling"],"weight":0.21220999999999857},"num_concepts_raised":59949},{"base_id":649,"kind":"bot_words","i1":4,"i2":6,"sol":{"path":["/c/en/climacteric","/c/en/medicine","/c/en/pathology","/c/en/angiopathy"],"weight":0.20437999999999987},"num_concepts_raised":27345},{"base_id":649,"kind":"bot_words","i1":4,"i2":7,"sol":{"path":["/c/en/climacteric","/c/en/medicine","/c/en/history","/c/en/sinology"],"weight":0.20982999999999977},"num_concepts_raised":26729},{"base_id":649,"kind":"bot_words","i1":4,"i2":8,"sol":{"path":["/c/en/climacteric","/c/en/life","/c/en/talk","/c/en/schmooze"],"weight":0.20325999999999989},"num_concepts_raised":24700},{"base_id":649,"kind":"bot_words","i1":4,"i2":9,"sol":{"path":["/c/en/climacteric","/c/en/critical","/c/en/literary","/c/fr/mue","/c/en/moulting"],"weight":0.20947999999999972},"num_concepts_raised":19495},{"base_id":649,"kind":"bot_words","i1":5,"i2":6,"sol":{"path":["/c/en/dwelling","/c/en/house","/c/en/people","/c/en/disease","/c/en/angiopathy"],"weight":0.21610999999999853},"num_concepts_raised":50864},{"base_id":649,"kind":"bot_words","i1":5,"i2":7,"sol":{"path":["/c/en/dwelling","/c/en/town","/c/en/china","/c/en/sinology"],"weight":0.2162699999999985},"num_concepts_raised":49489},{"base_id":649,"kind":"bot_words","i1":5,"i2":8,"sol":{"path":["/c/en/dwelling","/c/en/place","/c/en/social","/c/en/schmooze"],"weight":0.21120999999999862},"num_concepts_raised":47538},{"base_id":649,"kind":"bot_words","i1":5,"i2":9,"sol":{"path":["/c/en/dwelling","/c/en/house","/c/en/shed","/c/en/moult","/c/en/moulting"],"weight":0.22127999999999837},"num_concepts_raised":42500},{"base_id":649,"kind":"bot_words","i1":6,"i2":7,"sol":{"path":["/c/en/angiopathy","/c/en/pathology","/c/en/logy","/c/en/sinology"],"weight":0.2084699999999998},"num_concepts_raised":16995},{"base_id":649,"kind":"bot_words","i1":6,"i2":8,"sol":{"path":["/c/en/angiopathy","/c/en/pathology","/c/en/growth","/c/en/gain","/c/en/schmooze"],"weight":0.2029899999999999},"num_concepts_raised":14940},{"base_id":649,"kind":"bot_words","i1":6,"i2":9,"sol":{"path":["/c/en/angiopathy","/c/en/pathology","/c/en/metamorphosis","/c/fr/mue","/c/en/moulting"],"weight":0.20819999999999977},"num_concepts_raised":9597},{"base_id":649,"kind":"bot_words","i1":7,"i2":8,"sol":{"path":["/c/en/sinology","/c/en/language","/c/en/talk","/c/en/schmooze"],"weight":0.2084899999999998},"num_concepts_raised":13747},{"base_id":649,"kind":"bot_words","i1":7,"i2":9,"sol":{"path":["/c/en/sinology","/c/en/history","/c/en/exuviae","/c/en/molt","/c/en/moulting"],"weight":0.21364999999999967},"num_concepts_raised":8546},{"base_id":649,"kind":"bot_words","i1":8,"i2":9,"sol":{"path":["/c/en/schmooze","/c/en/talk","/c/en/mute","/c/en/moult","/c/en/moulting"],"weight":0.20820999999999978},"num_concepts_raised":6451}],[{"base_id":649,"kind":"top_words","i1":0,"i2":1,"sol":{"path":["/c/en/rubble","/c/en/wreckage"],"weight":0.202},"num_concepts_raised":162},{"base_id":649,"kind":"top_words","i1":0,"i2":2,"sol":{"path":["/c/en/rubble","/c/en/debris"],"weight":0.20600000000000002},"num_concepts_raised":317},{"base_id":649,"kind":"top_words","i1":0,"i2":3,"sol":{"path":["/c/en/rubble","/c/en/uk","/c/en/dig","/c/en/excavation"],"weight":0.21704999999999944},"num_concepts_raised":41018},{"base_id":649,"kind":"top_words","i1":0,"i2":4,"sol":{"path":["/c/en/rubble","/c/en/rubbish","/c/en/gold","/c/en/digging"],"weight":0.20697999999999955},"num_concepts_raised":36641},{"base_id":649,"kind":"top_words","i1":0,"i2":5,"sol":{"path":["/c/en/rubble","/c/en/rob","/c/en/slang","/c/en/booby"],"weight":0.21190999999999963},"num_concepts_raised":62226},{"base_id":649,"kind":"top_words","i1":0,"i2":6,"sol":{"path":["/c/en/rubble","/c/en/dialect","/c/en/dig"],"weight":0.202},"num_concepts_raised":707},{"base_id":649,"kind":"top_words","i1":0,"i2":7,"sol":{"path":["/c/en/rubble","/c/en/stone","/c/en/dyke","/c/en/dug"],"weight":0.2047399999999997},"num_concepts_raised":24989},{"base_id":649,"kind":"top_words","i1":0,"i2":8,"sol":{"path":["/c/en/rubble","/c/en/damage","/c/en/military","/c/en/ordnance"],"weight":0.20484999999999975},"num_concepts_raised":31492},{"base_id":649,"kind":"top_words","i1":0,"i2":9,"sol":{"path":["/c/en/rubble","/c/fr/abattis","/c/fr/abattre","/c/en/excavate"],"weight":0.21416999999999914},"num_concepts_raised":42459},{"base_id":649,"kind":"top_words","i1":1,"i2":2,"sol":{"path":["/c/en/wreckage","/c/en/debris"],"weight":0.20600000000000002},"num_concepts_raised":271},{"base_id":649,"kind":"top_words","i1":1,"i2":3,"sol":{"path":["/c/en/wreckage","/c/en/artifact","/c/en/excavation"],"weight":0.20400000000000001},"num_concepts_raised":288},{"base_id":649,"kind":"top_words","i1":1,"i2":4,"sol":{"path":["/c/en/wreckage","/c/en/artifact","/c/en/excavation","/c/en/digging"],"weight":0.2040999999999996},"num_concepts_raised":20580},{"base_id":649,"kind":"top_words","i1":1,"i2":5,"sol":{"path":["/c/en/wreckage","/c/en/wrecked","/c/en/slang","/c/en/booby"],"weight":0.20989999999999964},"num_concepts_raised":46763},{"base_id":649,"kind":"top_words","i1":1,"i2":6,"sol":{"path":["/c/en/wreckage","/c/en/artifact","/c/en/excavation","/c/en/dig"],"weight":0.2149499999999991},"num_concepts_raised":100354},{"base_id":649,"kind":"top_words","i1":1,"i2":7,"sol":{"path":["/c/en/wreckage","/c/en/remains","/c/en/coal","/c/en/dug"],"weight":0.20370999999999972},"num_concepts_raised":8241},{"base_id":649,"kind":"top_words","i1":1,"i2":8,"sol":{"path":["/c/en/wreckage","/c/en/part","/c/en/dispart","/c/en/ordnance"],"weight":0.2037199999999998},"num_concepts_raised":14821},{"base_id":649,"kind":"top_words","i1":1,"i2":9,"sol":{"path":["/c/en/wreckage","/c/en/artifact","/c/en/excavation","/c/en/excavate"],"weight":0.21347999999999917},"num_concepts_raised":25910},{"base_id":649,"kind":"top_words","i1":2,"i2":3,"sol":{"path":["/c/en/debris","/c/fr/déblai","/c/en/excavation"],"weight":0.20600000000000002},"num_concepts_raised":462},{"base_id":649,"kind":"top_words","i1":2,"i2":4,"sol":{"path":["/c/en/debris","/c/en/rubbish","/c/en/gold","/c/en/digging"],"weight":0.21339999999999906},"num_concepts_raised":34941},{"base_id":649,"kind":"top_words","i1":2,"i2":5,"sol":{"path":["/c/en/debris","/c/en/waste","/c/en/slang","/c/en/booby"],"weight":0.21744999999999914},"num_concepts_raised":61099},{"base_id":649,"kind":"top_words","i1":2,"i2":6,"sol":{"path":["/c/en/debris","/c/fr/déblai","/c/fr/creuser","/c/en/dig"],"weight":0.22353999999999857},"num_concepts_raised":113460},{"base_id":649,"kind":"top_words","i1":2,"i2":7,"sol":{"path":["/c/en/debris","/c/en/dust","/c/en/coal","/c/en/dug"],"weight":0.2109099999999992},"num_concepts_raised":22867},{"base_id":649,"kind":"top_words","i1":2,"i2":8,"sol":{"path":["/c/en/debris","/c/en/shrapnel","/c/en/artillery","/c/en/ordnance"],"weight":0.21200999999999928},"num_concepts_raised":29533},{"base_id":649,"kind":"top_words","i1":2,"i2":9,"sol":{"path":["/c/en/debris","/c/en/cave","/c/en/hollow","/c/en/excavate"],"weight":0.22288999999999862},"num_concepts_raised":40323},{"base_id":649,"kind":"top_words","i1":3,"i2":4,"sol":{"path":["/c/en/excavation","/c/en/digging"],"weight":0.20400000000000001},"num_concepts_raised":300},{"base_id":649,"kind":"top_words","i1":3,"i2":5,"sol":{"path":["/c/en/excavation","/c/en/dig","/c/en/slang","/c/en/booby"],"weight":0.22224999999999928},"num_concepts_raised":63513},{"base_id":649,"kind":"top_words","i1":3,"i2":6,"sol":{"path":["/c/en/excavation","/c/en/dig"],"weight":0.20800000000000002},"num_concepts_raised":793},{"base_id":649,"kind":"top_words","i1":3,"i2":7,"sol":{"path":["/c/en/excavation","/c/en/dig","/c/en/dug"],"weight":0.20600000000000002},"num_concepts_raised":286},{"base_id":649,"kind":"top_words","i1":3,"i2":8,"sol":{"path":["/c/en/excavation","/c/en/mining","/c/en/military","/c/en/ordnance"],"weight":0.2141099999999994},"num_concepts_raised":31855},{"base_id":649,"kind":"top_words","i1":3,"i2":9,"sol":{"path":["/c/en/excavation","/c/en/excavate"],"weight":0.20800000000000002},"num_concepts_raised":469},{"base_id":649,"kind":"top_words","i1":4,"i2":5,"sol":{"path":["/c/en/digging","/c/en/dig","/c/en/slang","/c/en/booby"],"weight":0.2111899999999994},"num_concepts_raised":58756},{"base_id":649,"kind":"top_words","i1":4,"i2":6,"sol":{"path":["/c/en/digging","/c/en/dig"],"weight":0.203},"num_concepts_raised":666},{"base_id":649,"kind":"top_words","i1":4,"i2":7,"sol":{"path":["/c/en/digging","/c/en/dig","/c/en/dug"],"weight":0.203},"num_concepts_raised":143},{"base_id":649,"kind":"top_words","i1":4,"i2":8,"sol":{"path":["/c/en/digging","/c/en/mine","/c/en/military","/c/en/ordnance"],"weight":0.20400999999999955},"num_concepts_raised":27592},{"base_id":649,"kind":"top_words","i1":4,"i2":9,"sol":{"path":["/c/en/digging","/c/en/excavate"],"weight":0.20400000000000001},"num_concepts_raised":337},{"base_id":649,"kind":"top_words","i1":5,"i2":6,"sol":{"path":["/c/en/booby","/c/en/ball","/c/en/dig"],"weight":0.20400000000000001},"num_concepts_raised":717},{"base_id":649,"kind":"top_words","i1":5,"i2":7,"sol":{"path":["/c/en/booby","/c/en/breast","/c/en/mammary_gland","/c/en/dug"],"weight":0.20993999999999952},"num_concepts_raised":47210},{"base_id":649,"kind":"top_words","i1":5,"i2":8,"sol":{"path":["/c/en/booby","/c/en/booby_trap","/c/en/military","/c/en/ordnance"],"weight":0.21382999999999963},"num_concepts_raised":53506},{"base_id":649,"kind":"top_words","i1":5,"i2":9,"sol":{"path":["/c/en/booby","/c/eu/zanga","/c/en/trench","/c/en/excavate"],"weight":0.21910999999999897},"num_concepts_raised":64510},{"base_id":649,"kind":"top_words","i1":6,"i2":7,"sol":{"path":["/c/en/dig","/c/en/dug"],"weight":0.202},"num_concepts_raised":649},{"base_id":649,"kind":"top_words","i1":6,"i2":8,"sol":{"path":["/c/en/dig","/c/en/mine","/c/en/military","/c/en/ordnance"],"weight":0.21397999999999906},"num_concepts_raised":106376},{"base_id":649,"kind":"top_words","i1":6,"i2":9,"sol":{"path":["/c/en/dig","/c/en/excavate"],"weight":0.20400000000000001},"num_concepts_raised":779},{"base_id":649,"kind":"top_words","i1":7,"i2":8,"sol":{"path":["/c/en/dug","/c/en/foxhole","/c/en/military","/c/en/ordnance"],"weight":0.2036299999999997},"num_concepts_raised":15334},{"base_id":649,"kind":"top_words","i1":7,"i2":9,"sol":{"path":["/c/en/dug","/c/en/dig","/c/en/excavate"],"weight":0.20400000000000001},"num_concepts_raised":312},{"base_id":649,"kind":"top_words","i1":8,"i2":9,"sol":{"path":["/c/en/ordnance","/c/en/lance","/c/en/hollow","/c/en/excavate"],"weight":0.2155599999999991},"num_concepts_raised":32866}]]