[[{"base_id":218,"kind":"bot_words","i1":0,"i2":1,"sol":{"path":["/c/en/boardwalk","/c/en/walk","/c/en/foot","/c/en/merlion"],"weight":0.2094099999999997},"num_concepts_raised":24587},{"base_id":218,"kind":"bot_words","i1":0,"i2":2,"sol":{"path":["/c/en/boardwalk","/c/en/walk","/c/en/person","/c/en/author","/c/en/coauthor"],"weight":0.2053899999999998},"num_concepts_raised":13390},{"base_id":218,"kind":"bot_words","i1":0,"i2":3,"sol":{"path":["/c/en/boardwalk","/c/en/walk","/c/en/foot","/c/en/measure","/c/en/unmeasurable"],"weight":0.20410999999999987},"num_concepts_raised":13698},{"base_id":218,"kind":"bot_words","i1":0,"i2":4,"sol":{"path":["/c/en/boardwalk","/c/en/walk","/c/en/street","/c/en/strew"],"weight":0.20659999999999967},"num_concepts_raised":22422},{"base_id":218,"kind":"bot_words","i1":0,"i2":5,"sol":{"path":["/c/en/boardwalk","/c/en/coast","/c/en/energy","/c/en/athleticism"],"weight":0.2028499999999998},"num_concepts_raised":13825},{"base_id":218,"kind":"bot_words","i1":0,"i2":6,"sol":{"path":["/c/en/boardwalk","/c/en/walk","/c/en/beat","/c/en/generation","/c/en/intergenerational"],"weight":0.20508999999999988},"num_concepts_raised":12017},{"base_id":218,"kind":"bot_words","i1":0,"i2":7,"sol":{"path":["/c/en/boardwalk","/c/en/board","/c/en/home","/c/en/homelike"],"weight":0.20393999999999982},"num_concepts_raised":13621},{"base_id":218,"kind":"bot_words","i1":0,"i2":8,"sol":{"path":["/c/en/boardwalk","/c/en/board","/c/en/trouble","/c/en/adversity"],"weight":0.2073099999999995},"num_concepts_raised":25716},{"base_id":218,"kind":"bot_words","i1":0,"i2":9,"sol":{"path":["/c/en/boardwalk","/c/en/body_of_water","/c/en/drink","/c/en/rum"],"weight":0.21515999999999974},"num_concepts_raised":55793},{"base_id":218,"kind":"bot_words","i1":1,"i2":2,"sol":{"path":["/c/en/merlion","/c/en/lion","/c/en/person","/c/en/author","/c/en/coauthor"],"weight":0.21157999999999977},"num_concepts_raised":15503},{"base_id":218,"kind":"bot_words","i1":1,"i2":3,"sol":{"path":["/c/en/merlion","/c/en/foot","/c/en/measure","/c/en/unmeasurable"],"weight":0.20816999999999986},"num_concepts_raised":15778},{"base_id":218,"kind":"bot_words","i1":1,"i2":4,"sol":{"path":["/c/en/merlion","/c/en/body","/c/en/cover","/c/en/strew"],"weight":0.21073999999999965},"num_concepts_raised":24702},{"base_id":218,"kind":"bot_words","i1":1,"i2":5,"sol":{"path":["/c/en/merlion","/c/en/body","/c/en/athletic","/c/en/athleticism"],"weight":0.2090499999999998},"num_concepts_raised":15948},{"base_id":218,"kind":"bot_words","i1":1,"i2":6,"sol":{"path":["/c/en/merlion","/c/en/bird","/c/en/baby","/c/en/generation","/c/en/intergenerational"],"weight":0.20927999999999986},"num_concepts_raised":14120},{"base_id":218,"kind":"bot_words","i1":1,"i2":7,"sol":{"path":["/c/en/merlion","/c/en/lion","/c/en/person","/c/en/home","/c/en/homelike"],"weight":0.2111899999999998},"num_concepts_raised":15735},{"base_id":218,"kind":"bot_words","i1":1,"i2":8,"sol":{"path":["/c/en/merlion","/c/en/foot","/c/en/extremity","/c/en/adversity"],"weight":0.21086999999999947},"num_concepts_raised":27727},{"base_id":218,"kind":"bot_words","i1":1,"i2":9,"sol":{"path":["/c/en/merlion","/c/en/body","/c/en/spirit","/c/en/rum"],"weight":0.2200699999999997},"num_concepts_raised":57707},{"base_id":218,"kind":"bot_words","i1":2,"i2":3,"sol":{"path":["/c/en/coauthor","/c/en/author","/c/en/column","/c/en/measure","/c/en/unmeasurable"],"weight":0.20422999999999994},"num_concepts_raised":4336},{"base_id":218,"kind":"bot_words","i1":2,"i2":4,"sol":{"path":["/c/en/coauthor","/c/en/author","/c/en/cover","/c/en/strew"],"weight":0.20684999999999973},"num_concepts_raised":13399},{"base_id":218,"kind":"bot_words","i1":2,"i2":5,"sol":{"path":["/c/en/coauthor","/c/en/author","/c/en/person","/c/en/athlete","/c/en/athleticism"],"weight":0.20517999999999986},"num_concepts_raised":4484},{"base_id":218,"kind":"bot_words","i1":2,"i2":6,"sol":{"path":["/c/en/coauthor","/c/en/author","/c/en/generator","/c/en/generation","/c/en/intergenerational"],"weight":0.20530999999999994},"num_concepts_raised":2599},{"base_id":218,"kind":"bot_words","i1":2,"i2":7,"sol":{"path":["/c/en/coauthor","/c/en/author","/c/en/work","/c/en/home","/c/en/homelike"],"weight":0.20521999999999987},"num_concepts_raised":4303},{"base_id":218,"kind":"bot_words","i1":2,"i2":8,"sol":{"path":["/c/en/coauthor","/c/en/author","/c/en/person","/c/en/distress","/c/en/adversity"],"weight":0.20958999999999955},"num_concepts_raised":16533},{"base_id":218,"kind":"bot_words","i1":2,"i2":9,"sol":{"path":["/c/en/coauthor","/c/en/author","/c/en/person","/c/en/drink","/c/en/rum"],"weight":0.2165999999999998},"num_concepts_raised":47130},{"base_id":218,"kind":"bot_words","i1":3,"i2":4,"sol":{"path":["/c/en/unmeasurable","/c/en/measure","/c/en/music","/c/en/strain","/c/en/strew"],"weight":0.20649999999999982},"num_concepts_raised":13709},{"base_id":218,"kind":"bot_words","i1":3,"i2":5,"sol":{"path":["/c/en/unmeasurable","/c/en/measure","/c/en/dance","/c/en/athletic","/c/en/athleticism"],"weight":0.20382999999999996},"num_concepts_raised":4824},{"base_id":218,"kind":"bot_words","i1":3,"i2":6,"sol":{"path":["/c/en/unmeasurable","/c/en/measurable","/c/en/time","/c/en/generation","/c/en/intergenerational"],"weight":0.20492000000000005},"num_concepts_raised":2956},{"base_id":218,"kind":"bot_words","i1":3,"i2":7,"sol":{"path":["/c/en/unmeasurable","/c/en/measure","/c/en/yard","/c/en/home","/c/en/homelike"],"weight":0.20388999999999996},"num_concepts_raised":4652},{"base_id":218,"kind":"bot_words","i1":3,"i2":8,"sol":{"path":["/c/en/unmeasurable","/c/en/measure","/c/en/verse","/c/en/adversity"],"weight":0.20559999999999967},"num_concepts_raised":16812},{"base_id":218,"kind":"bot_words","i1":3,"i2":9,"sol":{"path":["/c/en/unmeasurable","/c/en/measure","/c/en/bar","/c/en/drink","/c/en/rum"],"weight":0.21534999999999987},"num_concepts_raised":47374},{"base_id":218,"kind":"bot_words","i1":4,"i2":5,"sol":{"path":["/c/en/strew","/c/en/strain","/c/en/race","/c/en/athletic","/c/en/athleticism"],"weight":0.20738999999999974},"num_concepts_raised":13858},{"base_id":218,"kind":"bot_words","i1":4,"i2":6,"sol":{"path":["/c/en/strew","/c/en/strain","/c/en/race","/c/en/generation","/c/en/intergenerational"],"weight":0.20751999999999982},"num_concepts_raised":12011},{"base_id":218,"kind":"bot_words","i1":4,"i2":7,"sol":{"path":["/c/en/strew","/c/en/street","/c/en/home","/c/en/homelike"],"weight":0.20639999999999975},"num_concepts_raised":13635},{"base_id":218,"kind":"bot_words","i1":4,"i2":8,"sol":{"path":["/c/en/strew","/c/en/strain","/c/en/distress","/c/en/adversity"],"weight":0.21170999999999945},"num_concepts_raised":25716},{"base_id":218,"kind":"bot_words","i1":4,"i2":9,"sol":{"path":["/c/en/strew","/c/en/straw","/c/en/drink","/c/en/rum"],"weight":0.21783999999999965},"num_concepts_raised":55837},{"base_id":218,"kind":"bot_words","i1":5,"i2":6,"sol":{"path":["/c/en/athleticism","/c/en/athletic","/c/en/race","/c/en/generation","/c/en/intergenerational"],"weight":0.20488999999999996},"num_concepts_raised":3100},{"base_id":218,"kind":"bot_words","i1":5,"i2":7,"sol":{"path":["/c/en/athleticism","/c/en/athletic","/c/en/baseball","/c/en/home","/c/en/homelike"],"weight":0.2048099999999999},"num_concepts_raised":4794},{"base_id":218,"kind":"bot_words","i1":5,"i2":8,"sol":{"path":["/c/en/athleticism","/c/en/energy","/c/en/state","/c/en/adversity"],"weight":0.2055099999999996},"num_concepts_raised":16931},{"base_id":218,"kind":"bot_words","i1":5,"i2":9,"sol":{"path":["/c/en/athleticism","/c/en/energy","/c/en/drink","/c/en/rum"],"weight":0.2150599999999998},"num_concepts_raised":47437},{"base_id":218,"kind":"bot_words","i1":6,"i2":7,"sol":{"path":["/c/en/intergenerational","/c/en/generation","/c/en/family","/c/en/home","/c/en/homelike"],"weight":0.20497999999999997},"num_concepts_raised":2921},{"base_id":218,"kind":"bot_words","i1":6,"i2":8,"sol":{"path":["/c/en/intergenerational","/c/en/intergen","/c/en/age","/c/en/distress","/c/en/adversity"],"weight":0.20814999999999967},"num_concepts_raised":15159},{"base_id":218,"kind":"bot_words","i1":6,"i2":9,"sol":{"path":["/c/en/intergenerational","/c/en/sugar_baby","/c/en/sugar","/c/en/rum"],"weight":0.21503999999999987},"num_concepts_raised":45767},{"base_id":218,"kind":"bot_words","i1":7,"i2":8,"sol":{"path":["/c/en/homelike","/c/en/home","/c/en/comfort","/c/en/distress","/c/en/adversity"],"weight":0.2091999999999996},"num_concepts_raised":16767},{"base_id":218,"kind":"bot_words","i1":7,"i2":9,"sol":{"path":["/c/en/homelike","/c/en/home","/c/en/slang","/c/en/rum"],"weight":0.21391999999999983},"num_concepts_raised":47236},{"base_id":218,"kind":"bot_words","i1":8,"i2":9,"sol":{"path":["/c/en/adversity","/c/en/distress","/c/fr/mauvais","/c/en/rum"],"weight":0.21798999999999952},"num_concepts_raised":58591}],[{"base_id":218,"kind":"top_words","i1":0,"i2":1,"sol":{"path":["/c/en/slush","/c/en/ground","/c/en/marmot","/c/en/groundhog"],"weight":0.21991999999999956},"num_concepts_raised":36659},{"base_id":218,"kind":"top_words","i1":0,"i2":2,"sol":{"path":["/c/en/slush","/c/en/ice","/c/en/calving"],"weight":0.20500000000000002},"num_concepts_raised":183},{"base_id":218,"kind":"top_words","i1":0,"i2":3,"sol":{"path":["/c/en/slush","/c/en/liquid","/c/en/sieve","/c/en/riddler"],"weight":0.21515999999999957},"num_concepts_raised":24106},{"base_id":218,"kind":"top_words","i1":0,"i2":4,"sol":{"path":["/c/en/slush","/c/en/food","/c/en/carbohydrate","/c/en/glycogen"],"weight":0.21702999999999975},"num_concepts_raised":28414},{"base_id":218,"kind":"top_words","i1":0,"i2":5,"sol":{"path":["/c/en/slush","/c/en/snow","/c/en/nautical","/c/en/inflatable"],"weight":0.21483999999999953},"num_concepts_raised":32518},{"base_id":218,"kind":"top_words","i1":0,"i2":6,"sol":{"path":["/c/en/slush","/c/en/water","/c/en/weight","/c/en/boldness","/c/en/intrepidity"],"weight":0.21215999999999965},"num_concepts_raised":23723},{"base_id":218,"kind":"top_words","i1":0,"i2":7,"sol":{"path":["/c/en/slush","/c/en/water","/c/en/life","/c/en/schooldays"],"weight":0.21218999999999966},"num_concepts_raised":31409},{"base_id":218,"kind":"top_words","i1":0,"i2":8,"sol":{"path":["/c/en/slush","/c/en/snow","/c/en/brig","/c/en/valais"],"weight":0.21971999999999942},"num_concepts_raised":24836},{"base_id":218,"kind":"top_words","i1":0,"i2":9,"sol":{"path":["/c/en/slush","/c/en/smear","/c/ms/cercaan","/c/en/excommunication"],"weight":0.21704999999999963},"num_concepts_raised":32153},{"base_id":218,"kind":"top_words","i1":1,"i2":2,"sol":{"path":["/c/en/groundhog","/c/en/mole","/c/en/birth","/c/en/calving"],"weight":0.20853999999999978},"num_concepts_raised":16571},{"base_id":218,"kind":"top_words","i1":1,"i2":3,"sol":{"path":["/c/en/groundhog","/c/fr/zoologie","/c/fr/sphinx","/c/en/riddler"],"weight":0.21363999999999977},"num_concepts_raised":14690},{"base_id":218,"kind":"top_words","i1":1,"i2":4,"sol":{"path":["/c/en/groundhog","/c/en/marmot","/c/en/animal","/c/en/glycogen"],"weight":0.22000999999999993},"num_concepts_raised":19056},{"base_id":218,"kind":"top_words","i1":1,"i2":5,"sol":{"path":["/c/en/groundhog","/c/en/north_america","/c/en/tire","/c/en/inflatable"],"weight":0.2093999999999997},"num_concepts_raised":23473},{"base_id":218,"kind":"top_words","i1":1,"i2":6,"sol":{"path":["/c/en/groundhog","/c/fr/zoologie","/c/fr/toupet","/c/en/boldness","/c/en/intrepidity"],"weight":0.20857999999999982},"num_concepts_raised":14299},{"base_id":218,"kind":"top_words","i1":1,"i2":7,"sol":{"path":["/c/en/groundhog","/c/en/groundhog_day","/c/en/day","/c/en/schooldays"],"weight":0.2106199999999998},"num_concepts_raised":22197},{"base_id":218,"kind":"top_words","i1":1,"i2":8,"sol":{"path":["/c/en/groundhog","/c/en/castor","/c/en/valais"],"weight":0.20600000000000002},"num_concepts_raised":157},{"base_id":218,"kind":"top_words","i1":1,"i2":9,"sol":{"path":["/c/en/groundhog","/c/en/marmot","/c/en/outside","/c/te/వెలి","/c/en/excommunication"],"weight":0.22026999999999977},"num_concepts_raised":22771},{"base_id":218,"kind":"top_words","i1":2,"i2":3,"sol":{"path":["/c/en/calving","/c/en/ice","/c/en/solid","/c/en/sieve","/c/en/riddler"],"weight":0.2078299999999998},"num_concepts_raised":3853},{"base_id":218,"kind":"top_words","i1":2,"i2":4,"sol":{"path":["/c/en/calving","/c/en/calf","/c/en/animal","/c/en/glycogen"],"weight":0.20975999999999995},"num_concepts_raised":8442},{"base_id":218,"kind":"top_words","i1":2,"i2":5,"sol":{"path":["/c/en/calving","/c/en/freshen","/c/en/nautical","/c/en/inflatable"],"weight":0.20339999999999975},"num_concepts_raised":12708},{"base_id":218,"kind":"top_words","i1":2,"i2":6,"sol":{"path":["/c/en/calving","/c/en/ice","/c/en/astronomy","/c/en/trepidation","/c/en/intrepidity"],"weight":0.20266999999999988},"num_concepts_raised":3449},{"base_id":218,"kind":"top_words","i1":2,"i2":7,"sol":{"path":["/c/en/calving","/c/en/birth","/c/en/life","/c/en/schooldays"],"weight":0.20271999999999984},"num_concepts_raised":11360},{"base_id":218,"kind":"top_words","i1":2,"i2":8,"sol":{"path":["/c/en/calving","/c/en/calf","/c/en/cow","/c/en/switzerland","/c/en/valais"],"weight":0.20853999999999961},"num_concepts_raised":4586},{"base_id":218,"kind":"top_words","i1":2,"i2":9,"sol":{"path":["/c/en/calving","/c/fr/vêlage","/c/fr/géographie","/c/nl/ban","/c/en/excommunication"],"weight":0.21105999999999986},"num_concepts_raised":11957},{"base_id":218,"kind":"top_words","i1":3,"i2":4,"sol":{"path":["/c/en/riddler","/c/en/riddle","/c/en/sphinx","/c/en/animal","/c/en/glycogen"],"weight":0.21694999999999992},"num_concepts_raised":6574},{"base_id":218,"kind":"top_words","i1":3,"i2":5,"sol":{"path":["/c/en/riddler","/c/en/riddle","/c/en/rudder","/c/en/boat","/c/en/inflatable"],"weight":0.21083999999999975},"num_concepts_raised":10830},{"base_id":218,"kind":"top_words","i1":3,"i2":6,"sol":{"path":["/c/en/riddler","/c/en/riddle","/c/en/like","/c/en/nerve","/c/en/boldness","/c/en/intrepidity"],"weight":0.21224469999999965},"num_concepts_raised":126674},{"base_id":218,"kind":"top_words","i1":3,"i2":7,"sol":{"path":["/c/en/riddler","/c/en/riddle","/c/en/like","/c/en/school","/c/en/schooldays"],"weight":0.20994999999999983},"num_concepts_raised":9514},{"base_id":218,"kind":"top_words","i1":3,"i2":8,"sol":{"path":["/c/en/riddler","/c/en/sieve","/c/en/object","/c/en/dom","/c/en/valais"],"weight":0.2134999999999996},"num_concepts_raised":2682},{"base_id":218,"kind":"top_words","i1":3,"i2":9,"sol":{"path":["/c/en/riddler","/c/en/riddle","/c/en/religious","/c/en/excommunicate","/c/en/excommunication"],"weight":0.2193799999999998},"num_concepts_raised":10055},{"base_id":218,"kind":"top_words","i1":4,"i2":5,"sol":{"path":["/c/en/glycogen","/c/en/animal","/c/en/rib","/c/en/inflatable"],"weight":0.2105499999999999},"num_concepts_raised":15361},{"base_id":218,"kind":"top_words","i1":4,"i2":6,"sol":{"path":["/c/en/glycogen","/c/en/animal","/c/en/nerve","/c/en/boldness","/c/en/intrepidity"],"weight":0.20976},"num_concepts_raised":6171},{"base_id":218,"kind":"top_words","i1":4,"i2":7,"sol":{"path":["/c/en/glycogen","/c/en/animal","/c/en/life","/c/en/schooldays"],"weight":0.20978},"num_concepts_raised":14020},{"base_id":218,"kind":"top_words","i1":4,"i2":8,"sol":{"path":["/c/en/glycogen","/c/en/carbohydrate","/c/en/energy","/c/en/switzerland","/c/en/valais"],"weight":0.21578999999999976},"num_concepts_raised":7304},{"base_id":218,"kind":"top_words","i1":4,"i2":9,"sol":{"path":["/c/en/glycogen","/c/en/polysaccharide","/c/en/tangible_thing","/c/en/communication","/c/en/excommunication"],"weight":0.21921999999999997},"num_concepts_raised":14666},{"base_id":218,"kind":"top_words","i1":5,"i2":6,"sol":{"path":["/c/en/inflatable","/c/en/inflation","/c/la/in","/c/en/intrepid","/c/en/intrepidity"],"weight":0.2044599999999998},"num_concepts_raised":10436},{"base_id":218,"kind":"top_words","i1":5,"i2":7,"sol":{"path":["/c/en/inflatable","/c/en/dinghy","/c/en/open","/c/en/schoolday","/c/en/schooldays"],"weight":0.20548999999999978},"num_concepts_raised":18316},{"base_id":218,"kind":"top_words","i1":5,"i2":8,"sol":{"path":["/c/en/inflatable","/c/en/nautical","/c/en/brig","/c/en/valais"],"weight":0.20915999999999957},"num_concepts_raised":11550},{"base_id":218,"kind":"top_words","i1":5,"i2":9,"sol":{"path":["/c/en/inflatable","/c/en/boat","/c/fr/nef","/c/fr/religion","/c/en/excommunication"],"weight":0.21113999999999977},"num_concepts_raised":18920},{"base_id":218,"kind":"top_words","i1":6,"i2":7,"sol":{"path":["/c/en/intrepidity","/c/ar/نجدة","/c/en/trouble","/c/en/school","/c/en/schooldays"],"weight":0.2026999999999999},"num_concepts_raised":9109},{"base_id":218,"kind":"top_words","i1":6,"i2":8,"sol":{"path":["/c/en/intrepidity","/c/la/audacia","/c/en/state","/c/en/dom","/c/en/valais"],"weight":0.20832999999999968},"num_concepts_raised":2271},{"base_id":218,"kind":"top_words","i1":6,"i2":9,"sol":{"path":["/c/en/intrepidity","/c/en/boldness","/c/fr/culot","/c/fr/église","/c/fr/excommunication","/c/en/excommunication"],"weight":0.22182419999999964},"num_concepts_raised":429143},{"base_id":218,"kind":"top_words","i1":7,"i2":8,"sol":{"path":["/c/en/schooldays","/c/en/school","/c/fr/collège","/c/en/switzerland","/c/en/valais"],"weight":0.20861999999999964},"num_concepts_raised":10244},{"base_id":218,"kind":"top_words","i1":7,"i2":9,"sol":{"path":["/c/en/schooldays","/c/en/school","/c/en/community","/c/en/excommunicate","/c/en/excommunication"],"weight":0.21225999999999987},"num_concepts_raised":17573},{"base_id":218,"kind":"top_words","i1":8,"i2":9,"sol":{"path":["/c/en/valais","/c/en/canton","/c/fr/communauté","/c/fr/excommunication","/c/en/excommunication"],"weight":0.2200799999999996},"num_concepts_raised":10781}]]