[[{"base_id":177,"kind":"bot_words","i1":0,"i2":1,"sol":{"path":["/c/en/modest","/c/en/decent","/c/en/becoming","/c/en/polishing"],"weight":0.21347999999999923},"num_concepts_raised":16497},{"base_id":177,"kind":"bot_words","i1":0,"i2":2,"sol":{"path":["/c/en/modest","/c/en/unpretentious","/c/en/tasteful","/c/en/ful"],"weight":0.20978999999999937},"num_concepts_raised":22613},{"base_id":177,"kind":"bot_words","i1":0,"i2":3,"sol":{"path":["/c/en/modest","/c/en/humble","/c/ja/主人","/c/en/master","/c/en/magister"],"weight":0.2101099999999995},"num_concepts_raised":12942},{"base_id":177,"kind":"bot_words","i1":0,"i2":4,"sol":{"path":["/c/en/modest","/c/en/humble","/c/en/lower","/c/en/geology","/c/en/eocene"],"weight":0.21800999999999937},"num_concepts_raised":16272},{"base_id":177,"kind":"bot_words","i1":0,"i2":5,"sol":{"path":["/c/en/modest","/c/fr/petit","/c/fr/échantillon","/c/en/sample"],"weight":0.2242199999999986},"num_concepts_raised":50405},{"base_id":177,"kind":"bot_words","i1":0,"i2":6,"sol":{"path":["/c/en/modest","/c/en/bathing_machine","/c/en/historical","/c/en/amban"],"weight":0.21203999999999953},"num_concepts_raised":20047},{"base_id":177,"kind":"bot_words","i1":0,"i2":7,"sol":{"path":["/c/en/modest","/c/fr/jeune","/c/fr/brunette","/c/en/brunette"],"weight":0.2077599999999994},"num_concepts_raised":18162},{"base_id":177,"kind":"bot_words","i1":0,"i2":8,"sol":{"path":["/c/en/modest","/c/en/simple","/c/en/medicine","/c/en/hemolysis"],"weight":0.2077499999999995},"num_concepts_raised":23955},{"base_id":177,"kind":"bot_words","i1":0,"i2":9,"sol":{"path":["/c/en/modest","/c/en/humble","/c/en/scotland","/c/en/bole","/c/en/xinjiang"],"weight":0.2110199999999992},"num_concepts_raised":13937},{"base_id":177,"kind":"bot_words","i1":1,"i2":2,"sol":{"path":["/c/en/polishing","/c/en/wax","/c/en/full","/c/en/ful"],"weight":0.20926999999999957},"num_concepts_raised":17791},{"base_id":177,"kind":"bot_words","i1":1,"i2":3,"sol":{"path":["/c/en/polishing","/c/en/polish","/c/en/person","/c/en/master","/c/en/magister"],"weight":0.21276999999999965},"num_concepts_raised":7995},{"base_id":177,"kind":"bot_words","i1":1,"i2":4,"sol":{"path":["/c/en/polishing","/c/ja/せい","/c/en/epoch","/c/en/eocene"],"weight":0.21421999999999958},"num_concepts_raised":11321},{"base_id":177,"kind":"bot_words","i1":1,"i2":5,"sol":{"path":["/c/en/polishing","/c/en/polish","/c/en/material","/c/en/sample"],"weight":0.22500999999999877},"num_concepts_raised":45604},{"base_id":177,"kind":"bot_words","i1":1,"i2":6,"sol":{"path":["/c/en/polishing","/c/en/polish","/c/en/pole","/c/en/historical","/c/en/amban"],"weight":0.2177899999999997},"num_concepts_raised":15118},{"base_id":177,"kind":"bot_words","i1":1,"i2":7,"sol":{"path":["/c/en/polishing","/c/en/polish","/c/en/people","/c/en/brunette"],"weight":0.21342999999999956},"num_concepts_raised":13250},{"base_id":177,"kind":"bot_words","i1":1,"i2":8,"sol":{"path":["/c/en/polishing","/c/en/rice","/c/en/medicine","/c/en/hemolysis"],"weight":0.20889999999999964},"num_concepts_raised":18984},{"base_id":177,"kind":"bot_words","i1":1,"i2":9,"sol":{"path":["/c/en/polishing","/c/en/rice","/c/en/china","/c/en/xinjiang"],"weight":0.20977999999999938},"num_concepts_raised":8975},{"base_id":177,"kind":"bot_words","i1":2,"i2":3,"sol":{"path":["/c/en/ful","/c/en/more","/c/la/magis","/c/en/magister"],"weight":0.2033399999999998},"num_concepts_raised":14219},{"base_id":177,"kind":"bot_words","i1":2,"i2":4,"sol":{"path":["/c/en/ful","/c/en/full","/c/en/period","/c/en/eocene"],"weight":0.2094599999999997},"num_concepts_raised":17563},{"base_id":177,"kind":"bot_words","i1":2,"i2":5,"sol":{"path":["/c/en/ful","/c/en/tasteful","/c/en/taste","/c/en/sample"],"weight":0.2184499999999989},"num_concepts_raised":51861},{"base_id":177,"kind":"bot_words","i1":2,"i2":6,"sol":{"path":["/c/en/ful","/c/en/less","/c/en/few","/c/en/historical","/c/en/amban"],"weight":0.20950999999999986},"num_concepts_raised":21374},{"base_id":177,"kind":"bot_words","i1":2,"i2":7,"sol":{"path":["/c/en/ful","/c/en/less","/c/en/people","/c/en/brunette"],"weight":0.2051799999999997},"num_concepts_raised":19484},{"base_id":177,"kind":"bot_words","i1":2,"i2":8,"sol":{"path":["/c/en/ful","/c/en/less","/c/en/reduction","/c/en/medicine","/c/en/hemolysis"],"weight":0.20490999999999981},"num_concepts_raised":25235},{"base_id":177,"kind":"bot_words","i1":2,"i2":9,"sol":{"path":["/c/en/ful","/c/en/less","/c/en/person","/c/en/china","/c/en/xinjiang"],"weight":0.2058299999999995},"num_concepts_raised":15221},{"base_id":177,"kind":"bot_words","i1":3,"i2":4,"sol":{"path":["/c/en/magister","/c/en/master","/c/en/boss","/c/en/geology","/c/en/eocene"],"weight":0.21096999999999982},"num_concepts_raised":7679},{"base_id":177,"kind":"bot_words","i1":3,"i2":5,"sol":{"path":["/c/en/magister","/c/en/master","/c/it/campione","/c/en/sample"],"weight":0.21949999999999903},"num_concepts_raised":42266},{"base_id":177,"kind":"bot_words","i1":3,"i2":6,"sol":{"path":["/c/en/magister","/c/en/master's_degree","/c/en/magistrate","/c/en/historical","/c/en/amban"],"weight":0.20903},"num_concepts_raised":11463},{"base_id":177,"kind":"bot_words","i1":3,"i2":7,"sol":{"path":["/c/en/magister","/c/en/master","/c/en/person","/c/en/brunet","/c/en/brunette"],"weight":0.20691999999999983},"num_concepts_raised":9662},{"base_id":177,"kind":"bot_words","i1":3,"i2":8,"sol":{"path":["/c/en/magister","/c/en/master's_degree","/c/en/profession","/c/en/medicine","/c/en/hemolysis"],"weight":0.20441999999999994},"num_concepts_raised":15386},{"base_id":177,"kind":"bot_words","i1":3,"i2":9,"sol":{"path":["/c/en/magister","/c/en/master","/c/en/person","/c/en/china","/c/en/xinjiang"],"weight":0.20438999999999966},"num_concepts_raised":5330},{"base_id":177,"kind":"bot_words","i1":4,"i2":5,"sol":{"path":["/c/en/eocene","/c/en/geology","/c/de/gesteinsprobe","/c/en/sample"],"weight":0.22316999999999892},"num_concepts_raised":45454},{"base_id":177,"kind":"bot_words","i1":4,"i2":6,"sol":{"path":["/c/en/eocene","/c/en/period","/c/en/historical","/c/en/amban"],"weight":0.2138699999999999},"num_concepts_raised":14790},{"base_id":177,"kind":"bot_words","i1":4,"i2":7,"sol":{"path":["/c/en/eocene","/c/en/geology","/c/pt/morena","/c/en/brunette"],"weight":0.21263999999999972},"num_concepts_raised":12995},{"base_id":177,"kind":"bot_words","i1":4,"i2":8,"sol":{"path":["/c/en/eocene","/c/en/period","/c/en/medicine","/c/en/hemolysis"],"weight":0.2092799999999998},"num_concepts_raised":18676},{"base_id":177,"kind":"bot_words","i1":4,"i2":9,"sol":{"path":["/c/en/eocene","/c/en/geology","/c/en/plate","/c/en/china","/c/en/xinjiang"],"weight":0.21227999999999952},"num_concepts_raised":8660},{"base_id":177,"kind":"bot_words","i1":5,"i2":6,"sol":{"path":["/c/en/sample","/c/en/range","/c/en/historical","/c/en/amban"],"weight":0.22037999999999908},"num_concepts_raised":49172},{"base_id":177,"kind":"bot_words","i1":5,"i2":7,"sol":{"path":["/c/en/sample","/c/en/taste","/c/en/human","/c/en/brunette"],"weight":0.2188399999999989},"num_concepts_raised":47213},{"base_id":177,"kind":"bot_words","i1":5,"i2":8,"sol":{"path":["/c/en/sample","/c/en/music","/c/en/medicine","/c/en/hemolysis"],"weight":0.21810999999999903},"num_concepts_raised":53059},{"base_id":177,"kind":"bot_words","i1":5,"i2":9,"sol":{"path":["/c/en/sample","/c/en/music","/c/en/china","/c/en/xinjiang"],"weight":0.21889999999999873},"num_concepts_raised":43227},{"base_id":177,"kind":"bot_words","i1":6,"i2":7,"sol":{"path":["/c/en/amban","/c/en/historical","/c/en/adust","/c/en/brunet","/c/en/brunette"],"weight":0.21190999999999988},"num_concepts_raised":16705},{"base_id":177,"kind":"bot_words","i1":6,"i2":8,"sol":{"path":["/c/en/amban","/c/en/historical","/c/en/blood","/c/en/medicine","/c/en/hemolysis"],"weight":0.20856999999999998},"num_concepts_raised":22461},{"base_id":177,"kind":"bot_words","i1":6,"i2":9,"sol":{"path":["/c/en/amban","/c/en/historical","/c/zh/新疆","/c/en/xinjiang"],"weight":0.2111999999999997},"num_concepts_raised":12393},{"base_id":177,"kind":"bot_words","i1":7,"i2":8,"sol":{"path":["/c/en/brunette","/c/en/brunet","/c/en/adust","/c/en/medicine","/c/en/hemolysis"],"weight":0.2073199999999998},"num_concepts_raised":20647},{"base_id":177,"kind":"bot_words","i1":7,"i2":9,"sol":{"path":["/c/en/brunette","/c/en/people","/c/en/china","/c/en/xinjiang"],"weight":0.20508999999999952},"num_concepts_raised":10629},{"base_id":177,"kind":"bot_words","i1":8,"i2":9,"sol":{"path":["/c/en/hemolysis","/c/en/medicine","/c/en/cabinet","/c/en/china","/c/en/xinjiang"],"weight":0.20482999999999962},"num_concepts_raised":16360}],[{"base_id":177,"kind":"top_words","i1":0,"i2":1,"sol":{"path":["/c/en/charadriiformes","/c/en/animal_order","/c/en/gruiformes"],"weight":0.20600000000000002},"num_concepts_raised":131},{"base_id":177,"kind":"top_words","i1":0,"i2":2,"sol":{"path":["/c/en/charadriiformes","/c/en/charadriiform","/c/en/bird","/c/en/recurvirostridae"],"weight":0.2135699999999997},"num_concepts_raised":4770},{"base_id":177,"kind":"top_words","i1":0,"i2":3,"sol":{"path":["/c/en/charadriiformes","/c/en/animal_order","/c/en/apodiformes"],"weight":0.20600000000000002},"num_concepts_raised":127},{"base_id":177,"kind":"top_words","i1":0,"i2":4,"sol":{"path":["/c/en/charadriiformes","/c/en/charadriiform","/c/en/bird","/c/en/sulidae"],"weight":0.21365999999999963},"num_concepts_raised":4910},{"base_id":177,"kind":"top_words","i1":0,"i2":5,"sol":{"path":["/c/en/charadriiformes","/c/en/animal_order","/c/en/caprimulgiformes"],"weight":0.20600000000000002},"num_concepts_raised":122},{"base_id":177,"kind":"top_words","i1":0,"i2":6,"sol":{"path":["/c/en/charadriiformes","/c/en/charadriiform","/c/en/bird","/c/en/motacillidae"],"weight":0.21372999999999964},"num_concepts_raised":4929},{"base_id":177,"kind":"top_words","i1":0,"i2":7,"sol":{"path":["/c/en/charadriiformes","/c/en/animal_order","/c/en/pelecaniformes"],"weight":0.20600000000000002},"num_concepts_raised":128},{"base_id":177,"kind":"top_words","i1":0,"i2":8,"sol":{"path":["/c/en/charadriiformes","/c/en/animal_order","/c/en/galliformes"],"weight":0.20600000000000002},"num_concepts_raised":150},{"base_id":177,"kind":"top_words","i1":0,"i2":9,"sol":{"path":["/c/en/charadriiformes","/c/en/charadriiform","/c/en/bird","/c/en/rallidae"],"weight":0.21427999999999953},"num_concepts_raised":5687},{"base_id":177,"kind":"top_words","i1":1,"i2":2,"sol":{"path":["/c/en/gruiformes","/c/en/gruiform","/c/en/bird","/c/en/recurvirostridae"],"weight":0.21347999999999967},"num_concepts_raised":4767},{"base_id":177,"kind":"top_words","i1":1,"i2":3,"sol":{"path":["/c/en/gruiformes","/c/en/animal_order","/c/en/apodiformes"],"weight":0.20600000000000002},"num_concepts_raised":125},{"base_id":177,"kind":"top_words","i1":1,"i2":4,"sol":{"path":["/c/en/gruiformes","/c/en/gruiform","/c/en/bird","/c/en/sulidae"],"weight":0.21356999999999962},"num_concepts_raised":4906},{"base_id":177,"kind":"top_words","i1":1,"i2":5,"sol":{"path":["/c/en/gruiformes","/c/en/animal_order","/c/en/caprimulgiformes"],"weight":0.20600000000000002},"num_concepts_raised":120},{"base_id":177,"kind":"top_words","i1":1,"i2":6,"sol":{"path":["/c/en/gruiformes","/c/en/gruiform","/c/en/bird","/c/en/motacillidae"],"weight":0.21363999999999964},"num_concepts_raised":4925},{"base_id":177,"kind":"top_words","i1":1,"i2":7,"sol":{"path":["/c/en/gruiformes","/c/en/animal_order","/c/en/pelecaniformes"],"weight":0.20600000000000002},"num_concepts_raised":126},{"base_id":177,"kind":"top_words","i1":1,"i2":8,"sol":{"path":["/c/en/gruiformes","/c/en/animal_order","/c/en/galliformes"],"weight":0.20600000000000002},"num_concepts_raised":148},{"base_id":177,"kind":"top_words","i1":1,"i2":9,"sol":{"path":["/c/en/gruiformes","/c/en/gruiform","/c/en/bird","/c/en/rallidae"],"weight":0.2141899999999995},"num_concepts_raised":5682},{"base_id":177,"kind":"top_words","i1":2,"i2":3,"sol":{"path":["/c/en/recurvirostridae","/c/en/bird","/c/en/apodiformes"],"weight":0.20600000000000002},"num_concepts_raised":104},{"base_id":177,"kind":"top_words","i1":2,"i2":4,"sol":{"path":["/c/en/recurvirostridae","/c/en/bird","/c/en/sulidae"],"weight":0.20600000000000002},"num_concepts_raised":97},{"base_id":177,"kind":"top_words","i1":2,"i2":5,"sol":{"path":["/c/en/recurvirostridae","/c/en/bird","/c/en/caprimulgiformes"],"weight":0.20600000000000002},"num_concepts_raised":99},{"base_id":177,"kind":"top_words","i1":2,"i2":6,"sol":{"path":["/c/en/recurvirostridae","/c/en/bird","/c/en/motacillidae"],"weight":0.20600000000000002},"num_concepts_raised":99},{"base_id":177,"kind":"top_words","i1":2,"i2":7,"sol":{"path":["/c/en/recurvirostridae","/c/en/bird","/c/en/pelecaniformes"],"weight":0.20600000000000002},"num_concepts_raised":105},{"base_id":177,"kind":"top_words","i1":2,"i2":8,"sol":{"path":["/c/en/recurvirostridae","/c/en/bird","/c/en/fowl","/c/en/galliformes"],"weight":0.21380999999999967},"num_concepts_raised":4952},{"base_id":177,"kind":"top_words","i1":2,"i2":9,"sol":{"path":["/c/en/recurvirostridae","/c/en/bird","/c/en/rallidae"],"weight":0.20600000000000002},"num_concepts_raised":135},{"base_id":177,"kind":"top_words","i1":3,"i2":4,"sol":{"path":["/c/en/apodiformes","/c/en/bird","/c/en/sulidae"],"weight":0.20600000000000002},"num_concepts_raised":115},{"base_id":177,"kind":"top_words","i1":3,"i2":5,"sol":{"path":["/c/en/apodiformes","/c/en/bird","/c/en/caprimulgiformes"],"weight":0.20600000000000002},"num_concepts_raised":115},{"base_id":177,"kind":"top_words","i1":3,"i2":6,"sol":{"path":["/c/en/apodiformes","/c/en/bird","/c/en/motacillidae"],"weight":0.20600000000000002},"num_concepts_raised":117},{"base_id":177,"kind":"top_words","i1":3,"i2":7,"sol":{"path":["/c/en/apodiformes","/c/en/bird","/c/en/pelecaniformes"],"weight":0.20600000000000002},"num_concepts_raised":121},{"base_id":177,"kind":"top_words","i1":3,"i2":8,"sol":{"path":["/c/en/apodiformes","/c/en/animal_order","/c/en/galliformes"],"weight":0.20600000000000002},"num_concepts_raised":144},{"base_id":177,"kind":"top_words","i1":3,"i2":9,"sol":{"path":["/c/en/apodiformes","/c/en/bird","/c/en/rallidae"],"weight":0.20600000000000002},"num_concepts_raised":153},{"base_id":177,"kind":"top_words","i1":4,"i2":5,"sol":{"path":["/c/en/sulidae","/c/en/bird","/c/en/caprimulgiformes"],"weight":0.20600000000000002},"num_concepts_raised":110},{"base_id":177,"kind":"top_words","i1":4,"i2":6,"sol":{"path":["/c/en/sulidae","/c/en/bird","/c/en/motacillidae"],"weight":0.20600000000000002},"num_concepts_raised":110},{"base_id":177,"kind":"top_words","i1":4,"i2":7,"sol":{"path":["/c/en/sulidae","/c/en/bird","/c/en/pelecaniformes"],"weight":0.20600000000000002},"num_concepts_raised":116},{"base_id":177,"kind":"top_words","i1":4,"i2":8,"sol":{"path":["/c/en/sulidae","/c/en/bird","/c/en/fowl","/c/en/galliformes"],"weight":0.2138999999999996},"num_concepts_raised":5091},{"base_id":177,"kind":"top_words","i1":4,"i2":9,"sol":{"path":["/c/en/sulidae","/c/en/bird","/c/en/rallidae"],"weight":0.20600000000000002},"num_concepts_raised":146},{"base_id":177,"kind":"top_words","i1":5,"i2":6,"sol":{"path":["/c/en/caprimulgiformes","/c/en/bird","/c/en/motacillidae"],"weight":0.20600000000000002},"num_concepts_raised":112},{"base_id":177,"kind":"top_words","i1":5,"i2":7,"sol":{"path":["/c/en/caprimulgiformes","/c/en/bird","/c/en/pelecaniformes"],"weight":0.20600000000000002},"num_concepts_raised":116},{"base_id":177,"kind":"top_words","i1":5,"i2":8,"sol":{"path":["/c/en/caprimulgiformes","/c/en/animal_order","/c/en/galliformes"],"weight":0.20600000000000002},"num_concepts_raised":139},{"base_id":177,"kind":"top_words","i1":5,"i2":9,"sol":{"path":["/c/en/caprimulgiformes","/c/en/bird","/c/en/rallidae"],"weight":0.20600000000000002},"num_concepts_raised":148},{"base_id":177,"kind":"top_words","i1":6,"i2":7,"sol":{"path":["/c/en/motacillidae","/c/en/bird","/c/en/pelecaniformes"],"weight":0.20600000000000002},"num_concepts_raised":118},{"base_id":177,"kind":"top_words","i1":6,"i2":8,"sol":{"path":["/c/en/motacillidae","/c/en/bird","/c/en/fowl","/c/en/galliformes"],"weight":0.2139699999999996},"num_concepts_raised":5110},{"base_id":177,"kind":"top_words","i1":6,"i2":9,"sol":{"path":["/c/en/motacillidae","/c/en/bird","/c/en/rallidae"],"weight":0.20600000000000002},"num_concepts_raised":148},{"base_id":177,"kind":"top_words","i1":7,"i2":8,"sol":{"path":["/c/en/pelecaniformes","/c/en/animal_order","/c/en/galliformes"],"weight":0.20600000000000002},"num_concepts_raised":145},{"base_id":177,"kind":"top_words","i1":7,"i2":9,"sol":{"path":["/c/en/pelecaniformes","/c/en/bird","/c/en/rallidae"],"weight":0.20600000000000002},"num_concepts_raised":154},{"base_id":177,"kind":"top_words","i1":8,"i2":9,"sol":{"path":["/c/en/galliformes","/c/en/fowl","/c/en/bird","/c/en/rallidae"],"weight":0.2145199999999995},"num_concepts_raised":5866}]]