[[{"base_id":46,"kind":"bot_words","i1":0,"i2":1,"sol":{"path":["/c/en/victoriously","/c/en/victory","/c/en/upset","/c/en/mathematics","/c/en/coprime"],"weight":0.2045},"num_concepts_raised":11717},{"base_id":46,"kind":"bot_words","i1":0,"i2":2,"sol":{"path":["/c/en/victoriously","/c/en/victory","/c/en/single","/c/en/song","/c/en/songwriter"],"weight":0.21508999999999967},"num_concepts_raised":23611},{"base_id":46,"kind":"bot_words","i1":0,"i2":3,"sol":{"path":["/c/en/victoriously","/c/zh/勝利","/c/zh/快感","/c/en/high","/c/en/towering"],"weight":0.20547999999999972},"num_concepts_raised":3986},{"base_id":46,"kind":"bot_words","i1":0,"i2":4,"sol":{"path":["/c/en/victoriously","/c/en/victory","/c/en/triumph","/c/en/card_game","/c/en/spades"],"weight":0.20545999999999975},"num_concepts_raised":6838},{"base_id":46,"kind":"bot_words","i1":0,"i2":5,"sol":{"path":["/c/en/victoriously","/c/en/victory","/c/en/single","/c/en/grain","/c/en/oats"],"weight":0.20559999999999995},"num_concepts_raised":11320},{"base_id":46,"kind":"bot_words","i1":0,"i2":6,"sol":{"path":["/c/en/victoriously","/c/en/victory","/c/en/person","/c/en/inconsequential","/c/en/trifling"],"weight":0.20708999999999944},"num_concepts_raised":9602},{"base_id":46,"kind":"bot_words","i1":0,"i2":7,"sol":{"path":["/c/en/victoriously","/c/en/victory","/c/en/win","/c/en/slang","/c/en/grass","/c/en/gramineae"],"weight":0.20822739999999967},"num_concepts_raised":233187},{"base_id":46,"kind":"bot_words","i1":0,"i2":8,"sol":{"path":["/c/en/victoriously","/c/en/victory","/c/en/defeat","/c/en/hammer","/c/en/sledgehammer"],"weight":0.20842000000000005},"num_concepts_raised":9469},{"base_id":46,"kind":"bot_words","i1":0,"i2":9,"sol":{"path":["/c/en/victoriously","/c/en/victory","/c/ang/sigebeam","/c/en/tree","/c/en/casuarina"],"weight":0.20941999999999994},"num_concepts_raised":11339},{"base_id":46,"kind":"bot_words","i1":1,"i2":2,"sol":{"path":["/c/en/coprime","/c/en/factor","/c/en/writer","/c/en/songwriter"],"weight":0.21217999999999965},"num_concepts_raised":33603},{"base_id":46,"kind":"bot_words","i1":1,"i2":3,"sol":{"path":["/c/en/coprime","/c/en/mathematics","/c/de/hoch","/c/en/high","/c/en/towering"],"weight":0.2061299999999997},"num_concepts_raised":14218},{"base_id":46,"kind":"bot_words","i1":1,"i2":4,"sol":{"path":["/c/en/coprime","/c/en/mathematics","/c/en/sharp","/c/en/spade","/c/en/spades"],"weight":0.20603999999999972},"num_concepts_raised":17033},{"base_id":46,"kind":"bot_words","i1":1,"i2":5,"sol":{"path":["/c/en/coprime","/c/en/1","/c/en/slang","/c/fr/avoine","/c/en/oats"],"weight":0.20646999999999993},"num_concepts_raised":21503},{"base_id":46,"kind":"bot_words","i1":1,"i2":6,"sol":{"path":["/c/en/coprime","/c/en/mathematics","/c/en/trivial","/c/en/trifling"],"weight":0.20616999999999944},"num_concepts_raised":19669},{"base_id":46,"kind":"bot_words","i1":1,"i2":7,"sol":{"path":["/c/en/coprime","/c/en/mathematics","/c/en/one","/c/en/grass","/c/en/gramineae"],"weight":0.20349999999999985},"num_concepts_raised":13055},{"base_id":46,"kind":"bot_words","i1":1,"i2":8,"sol":{"path":["/c/en/coprime","/c/en/mathematics","/c/en/bang","/c/en/hammer","/c/en/sledgehammer"],"weight":0.20793000000000003},"num_concepts_raised":19618},{"base_id":46,"kind":"bot_words","i1":1,"i2":9,"sol":{"path":["/c/en/coprime","/c/en/prime","/c/en/beef","/c/en/beefwood","/c/en/casuarina"],"weight":0.2105899999999999},"num_concepts_raised":21558},{"base_id":46,"kind":"bot_words","i1":2,"i2":3,"sol":{"path":["/c/en/songwriter","/c/en/consequence","/c/en/high","/c/en/towering"],"weight":0.21228999999999942},"num_concepts_raised":26030},{"base_id":46,"kind":"bot_words","i1":2,"i2":4,"sol":{"path":["/c/en/songwriter","/c/en/music","/c/en/club","/c/en/spades"],"weight":0.21046999999999944},"num_concepts_raised":28730},{"base_id":46,"kind":"bot_words","i1":2,"i2":5,"sol":{"path":["/c/en/songwriter","/c/en/song","/c/en/strain","/c/gv/sheel","/c/en/oats"],"weight":0.21648999999999963},"num_concepts_raised":33221},{"base_id":46,"kind":"bot_words","i1":2,"i2":6,"sol":{"path":["/c/en/songwriter","/c/en/song","/c/en/nothing","/c/en/trifling"],"weight":0.21606999999999915},"num_concepts_raised":31438},{"base_id":46,"kind":"bot_words","i1":2,"i2":7,"sol":{"path":["/c/en/songwriter","/c/en/song","/c/en/noise","/c/en/grass","/c/en/gramineae"],"weight":0.21402999999999955},"num_concepts_raised":24938},{"base_id":46,"kind":"bot_words","i1":2,"i2":8,"sol":{"path":["/c/en/songwriter","/c/en/song","/c/en/smash","/c/en/sledgehammer"],"weight":0.21578999999999973},"num_concepts_raised":31301},{"base_id":46,"kind":"bot_words","i1":2,"i2":9,"sol":{"path":["/c/en/songwriter","/c/en/song","/c/en/like","/c/en/tree","/c/en/casuarina"],"weight":0.2195499999999996},"num_concepts_raised":33195},{"base_id":46,"kind":"bot_words","i1":3,"i2":4,"sol":{"path":["/c/en/towering","/c/en/high","/c/en/card","/c/en/spades"],"weight":0.2059899999999995},"num_concepts_raised":9312},{"base_id":46,"kind":"bot_words","i1":3,"i2":5,"sol":{"path":["/c/en/towering","/c/en/high","/c/en/corn","/c/en/oats"],"weight":0.2070599999999997},"num_concepts_raised":13796},{"base_id":46,"kind":"bot_words","i1":3,"i2":6,"sol":{"path":["/c/en/towering","/c/en/high","/c/fr/important","/c/en/trifling"],"weight":0.20747999999999917},"num_concepts_raised":12032},{"base_id":46,"kind":"bot_words","i1":3,"i2":7,"sol":{"path":["/c/en/towering","/c/en/high","/c/en/low","/c/en/grass","/c/en/gramineae"],"weight":0.20554999999999962},"num_concepts_raised":5336},{"base_id":46,"kind":"bot_words","i1":3,"i2":8,"sol":{"path":["/c/en/towering","/c/ga/tor","/c/en/head","/c/en/sledgehammer"],"weight":0.20514999999999978},"num_concepts_raised":11935},{"base_id":46,"kind":"bot_words","i1":3,"i2":9,"sol":{"path":["/c/en/towering","/c/en/tall","/c/en/tree","/c/en/casuarina"],"weight":0.20896999999999966},"num_concepts_raised":13827},{"base_id":46,"kind":"bot_words","i1":4,"i2":5,"sol":{"path":["/c/en/spades","/c/en/card","/c/en/gin","/c/en/oats"],"weight":0.20487999999999973},"num_concepts_raised":16530},{"base_id":46,"kind":"bot_words","i1":4,"i2":6,"sol":{"path":["/c/en/spades","/c/en/black","/c/en/nothing","/c/en/trifling"],"weight":0.2053499999999992},"num_concepts_raised":14904},{"base_id":46,"kind":"bot_words","i1":4,"i2":7,"sol":{"path":["/c/en/spades","/c/en/spade","/c/en/garden","/c/en/grass","/c/en/gramineae"],"weight":0.20552999999999963},"num_concepts_raised":8156},{"base_id":46,"kind":"bot_words","i1":4,"i2":8,"sol":{"path":["/c/en/spades","/c/en/card_game","/c/en/sledge","/c/en/sledgehammer"],"weight":0.2084499999999998},"num_concepts_raised":14666},{"base_id":46,"kind":"bot_words","i1":4,"i2":9,"sol":{"path":["/c/en/spades","/c/en/spade","/c/en/garden","/c/en/plant","/c/en/casuarina"],"weight":0.21092999999999967},"num_concepts_raised":16630},{"base_id":46,"kind":"bot_words","i1":5,"i2":6,"sol":{"path":["/c/en/oats","/c/fr/cuisine","/c/en/trifle","/c/en/trifling"],"weight":0.2074699999999994},"num_concepts_raised":19349},{"base_id":46,"kind":"bot_words","i1":5,"i2":7,"sol":{"path":["/c/en/oats","/c/en/oat","/c/en/grass","/c/en/gramineae"],"weight":0.20670999999999984},"num_concepts_raised":12567},{"base_id":46,"kind":"bot_words","i1":5,"i2":8,"sol":{"path":["/c/en/oats","/c/fr/cuisine","/c/en/head","/c/en/sledgehammer"],"weight":0.20625},"num_concepts_raised":19095},{"base_id":46,"kind":"bot_words","i1":5,"i2":9,"sol":{"path":["/c/en/oats","/c/en/oat","/c/en/plant","/c/en/casuarina"],"weight":0.21211999999999986},"num_concepts_raised":21004},{"base_id":46,"kind":"bot_words","i1":6,"i2":7,"sol":{"path":["/c/en/trifling","/c/en/petty","/c/en/small","/c/en/grass","/c/en/gramineae"],"weight":0.20658999999999933},"num_concepts_raised":10943},{"base_id":46,"kind":"bot_words","i1":6,"i2":8,"sol":{"path":["/c/en/trifling","/c/zh/毛髮","/c/en/head","/c/en/sledgehammer"],"weight":0.2067499999999995},"num_concepts_raised":17500},{"base_id":46,"kind":"bot_words","i1":6,"i2":9,"sol":{"path":["/c/en/trifling","/c/en/aave","/c/en/beef","/c/en/beefwood","/c/en/casuarina"],"weight":0.21225999999999937},"num_concepts_raised":19445},{"base_id":46,"kind":"bot_words","i1":7,"i2":8,"sol":{"path":["/c/en/gramineae","/c/en/grass","/c/en/slang","/c/en/hammer","/c/en/sledgehammer"],"weight":0.20743999999999993},"num_concepts_raised":10787},{"base_id":46,"kind":"bot_words","i1":7,"i2":9,"sol":{"path":["/c/en/gramineae","/c/en/poaceae","/c/en/plant","/c/en/casuarina"],"weight":0.2084399999999998},"num_concepts_raised":12484},{"base_id":46,"kind":"bot_words","i1":8,"i2":9,"sol":{"path":["/c/en/sledgehammer","/c/en/hammer","/c/en/wood","/c/en/beefwood","/c/en/casuarina"],"weight":0.21482999999999997},"num_concepts_raised":19261}],[{"base_id":46,"kind":"top_words","i1":0,"i2":1,"sol":{"path":["/c/en/cylinder","/c/en/piston"],"weight":0.20900000000000002},"num_concepts_raised":591},{"base_id":46,"kind":"top_words","i1":0,"i2":2,"sol":{"path":["/c/en/cylinder","/c/en/piston","/c/en/valve"],"weight":0.20500000000000002},"num_concepts_raised":788},{"base_id":46,"kind":"top_words","i1":0,"i2":3,"sol":{"path":["/c/en/cylinder","/c/en/reciprocating_engine","/c/en/crankshaft"],"weight":0.20600000000000002},"num_concepts_raised":515},{"base_id":46,"kind":"top_words","i1":0,"i2":4,"sol":{"path":["/c/en/cylinder","/c/en/bullet","/c/en/horse","/c/en/horsepower"],"weight":0.22370999999999924},"num_concepts_raised":61531},{"base_id":46,"kind":"top_words","i1":0,"i2":5,"sol":{"path":["/c/en/cylinder","/c/nl/cilinder","/c/en/engine"],"weight":0.20600000000000002},"num_concepts_raised":999},{"base_id":46,"kind":"top_words","i1":0,"i2":6,"sol":{"path":["/c/en/cylinder","/c/en/cambelt","/c/en/camshaft"],"weight":0.20600000000000002},"num_concepts_raised":497},{"base_id":46,"kind":"top_words","i1":0,"i2":7,"sol":{"path":["/c/en/cylinder","/c/en/compressor"],"weight":0.20400000000000001},"num_concepts_raised":503},{"base_id":46,"kind":"top_words","i1":0,"i2":8,"sol":{"path":["/c/en/cylinder","/c/en/barrel","/c/en/twist","/c/en/torque"],"weight":0.22980999999999888},"num_concepts_raised":78413},{"base_id":46,"kind":"top_words","i1":0,"i2":9,"sol":{"path":["/c/en/cylinder","/c/en/gas","/c/en/turbine"],"weight":0.20800000000000002},"num_concepts_raised":585},{"base_id":46,"kind":"top_words","i1":1,"i2":2,"sol":{"path":["/c/en/piston","/c/en/valve"],"weight":0.20400000000000001},"num_concepts_raised":548},{"base_id":46,"kind":"top_words","i1":1,"i2":3,"sol":{"path":["/c/en/piston","/c/en/crank","/c/en/crankshaft"],"weight":0.20700000000000002},"num_concepts_raised":273},{"base_id":46,"kind":"top_words","i1":1,"i2":4,"sol":{"path":["/c/en/piston","/c/en/car","/c/en/horse","/c/en/horsepower"],"weight":0.22096000000000002},"num_concepts_raised":41522},{"base_id":46,"kind":"top_words","i1":1,"i2":5,"sol":{"path":["/c/en/piston","/c/en/engine"],"weight":0.20500000000000002},"num_concepts_raised":758},{"base_id":46,"kind":"top_words","i1":1,"i2":6,"sol":{"path":["/c/en/piston","/c/en/engine","/c/en/camshaft"],"weight":0.20700000000000002},"num_concepts_raised":259},{"base_id":46,"kind":"top_words","i1":1,"i2":7,"sol":{"path":["/c/en/piston","/c/en/cylinder","/c/en/compressor"],"weight":0.20600000000000002},"num_concepts_raised":268},{"base_id":46,"kind":"top_words","i1":1,"i2":8,"sol":{"path":["/c/en/piston","/c/fr/mécanique","/c/en/twist","/c/en/torque"],"weight":0.22502999999999965},"num_concepts_raised":58996},{"base_id":46,"kind":"top_words","i1":1,"i2":9,"sol":{"path":["/c/en/piston","/c/en/engine","/c/en/turbine"],"weight":0.20900000000000002},"num_concepts_raised":345},{"base_id":46,"kind":"top_words","i1":2,"i2":3,"sol":{"path":["/c/en/valve","/c/en/cambelt","/c/en/crankshaft"],"weight":0.20400000000000001},"num_concepts_raised":464},{"base_id":46,"kind":"top_words","i1":2,"i2":4,"sol":{"path":["/c/en/valve","/c/en/control","/c/en/power","/c/en/horsepower"],"weight":0.21572999999999953},"num_concepts_raised":54301},{"base_id":46,"kind":"top_words","i1":2,"i2":5,"sol":{"path":["/c/en/valve","/c/en/device","/c/en/engine"],"weight":0.202},"num_concepts_raised":956},{"base_id":46,"kind":"top_words","i1":2,"i2":6,"sol":{"path":["/c/en/valve","/c/en/camshaft"],"weight":0.20400000000000001},"num_concepts_raised":441},{"base_id":46,"kind":"top_words","i1":2,"i2":7,"sol":{"path":["/c/en/valve","/c/en/anatomy","/c/en/compressor"],"weight":0.202},"num_concepts_raised":452},{"base_id":46,"kind":"top_words","i1":2,"i2":8,"sol":{"path":["/c/en/valve","/c/it/valvola","/c/en/mechanics","/c/en/torque"],"weight":0.22208999999999918},"num_concepts_raised":72035},{"base_id":46,"kind":"top_words","i1":2,"i2":9,"sol":{"path":["/c/en/valve","/c/fr/soupape","/c/fr/mécanique","/c/en/turbine"],"weight":0.22269999999999926},"num_concepts_raised":58082},{"base_id":46,"kind":"top_words","i1":3,"i2":4,"sol":{"path":["/c/en/crankshaft","/c/fr/moteur","/c/fr/cheval_vapeur","/c/en/horsepower"],"weight":0.22163000000000016},"num_concepts_raised":13927},{"base_id":46,"kind":"top_words","i1":3,"i2":5,"sol":{"path":["/c/en/crankshaft","/c/fr/moteur","/c/en/engine"],"weight":0.20600000000000002},"num_concepts_raised":678},{"base_id":46,"kind":"top_words","i1":3,"i2":6,"sol":{"path":["/c/en/crankshaft","/c/en/rotating_shaft","/c/en/camshaft"],"weight":0.20600000000000002},"num_concepts_raised":166},{"base_id":46,"kind":"top_words","i1":3,"i2":7,"sol":{"path":["/c/en/crankshaft","/c/en/supercharger","/c/en/compressor"],"weight":0.20500000000000002},"num_concepts_raised":179},{"base_id":46,"kind":"top_words","i1":3,"i2":8,"sol":{"path":["/c/en/crankshaft","/c/en/crank","/c/en/turn","/c/en/torque"],"weight":0.22338999999999978},"num_concepts_raised":32129},{"base_id":46,"kind":"top_words","i1":3,"i2":9,"sol":{"path":["/c/en/crankshaft","/c/en/shaft","/c/en/turbine"],"weight":0.20800000000000002},"num_concepts_raised":257},{"base_id":46,"kind":"top_words","i1":4,"i2":5,"sol":{"path":["/c/en/horsepower","/c/en/power","/c/en/engine"],"weight":0.20600000000000002},"num_concepts_raised":711},{"base_id":46,"kind":"top_words","i1":4,"i2":6,"sol":{"path":["/c/en/horsepower","/c/en/power","/c/en/engine","/c/en/camshaft"],"weight":0.2164600000000001},"num_concepts_raised":10535},{"base_id":46,"kind":"top_words","i1":4,"i2":7,"sol":{"path":["/c/en/horsepower","/c/en/power","/c/en/gas","/c/en/compressor"],"weight":0.21120999999999998},"num_concepts_raised":38711},{"base_id":46,"kind":"top_words","i1":4,"i2":8,"sol":{"path":["/c/en/horsepower","/c/en/powerband","/c/en/torque"],"weight":0.20800000000000002},"num_concepts_raised":298},{"base_id":46,"kind":"top_words","i1":4,"i2":9,"sol":{"path":["/c/en/horsepower","/c/en/power","/c/en/engine","/c/en/turbine"],"weight":0.22259},"num_concepts_raised":21917},{"base_id":46,"kind":"top_words","i1":5,"i2":6,"sol":{"path":["/c/en/engine","/c/en/camshaft"],"weight":0.20400000000000001},"num_concepts_raised":665},{"base_id":46,"kind":"top_words","i1":5,"i2":7,"sol":{"path":["/c/en/engine","/c/en/gas","/c/en/compressor"],"weight":0.203},"num_concepts_raised":671},{"base_id":46,"kind":"top_words","i1":5,"i2":8,"sol":{"path":["/c/en/engine","/c/en/all_wheel_drive","/c/en/torque"],"weight":0.20600000000000002},"num_concepts_raised":765},{"base_id":46,"kind":"top_words","i1":5,"i2":9,"sol":{"path":["/c/en/engine","/c/en/turbine"],"weight":0.20600000000000002},"num_concepts_raised":743},{"base_id":46,"kind":"top_words","i1":6,"i2":7,"sol":{"path":["/c/en/camshaft","/c/en/engine","/c/en/compression","/c/en/compressor"],"weight":0.20997999999999978},"num_concepts_raised":31915},{"base_id":46,"kind":"top_words","i1":6,"i2":8,"sol":{"path":["/c/en/camshaft","/c/en/shaft","/c/en/axis","/c/en/torque"],"weight":0.2206699999999997},"num_concepts_raised":29093},{"base_id":46,"kind":"top_words","i1":6,"i2":9,"sol":{"path":["/c/en/camshaft","/c/en/engine","/c/en/turbine"],"weight":0.20800000000000002},"num_concepts_raised":236},{"base_id":46,"kind":"top_words","i1":7,"i2":8,"sol":{"path":["/c/en/compressor","/c/en/pressure","/c/en/physics","/c/en/torque"],"weight":0.21575999999999962},"num_concepts_raised":56179},{"base_id":46,"kind":"top_words","i1":7,"i2":9,"sol":{"path":["/c/en/compressor","/c/en/gas_turbine","/c/en/turbine"],"weight":0.20700000000000002},"num_concepts_raised":241},{"base_id":46,"kind":"top_words","i1":8,"i2":9,"sol":{"path":["/c/en/torque","/c/en/turn","/c/en/turbine"],"weight":0.21000000000000002},"num_concepts_raised":340}]]