[[{"base_id":584,"kind":"bot_words","i1":0,"i2":1,"sol":{"path":["/c/en/administering","/c/en/administrative","/c/en/prefecture","/c/en/aetolia"],"weight":0.20264999999999983},"num_concepts_raised":4308},{"base_id":584,"kind":"bot_words","i1":0,"i2":2,"sol":{"path":["/c/en/administering","/c/en/administration","/c/en/company","/c/en/penny","/c/en/penniless"],"weight":0.20477999999999977},"num_concepts_raised":16375},{"base_id":584,"kind":"bot_words","i1":0,"i2":3,"sol":{"path":["/c/en/administering","/c/ar/ترتيب","/c/en/design","/c/en/creative","/c/en/imitative"],"weight":0.20451999999999984},"num_concepts_raised":5177},{"base_id":584,"kind":"bot_words","i1":0,"i2":4,"sol":{"path":["/c/en/administering","/c/en/administration","/c/en/uk","/c/en/olive","/c/en/olea"],"weight":0.2081899999999998},"num_concepts_raised":9697},{"base_id":584,"kind":"bot_words","i1":0,"i2":5,"sol":{"path":["/c/en/administering","/c/en/administer","/c/en/tender","/c/en/raw","/c/en/uncooked"],"weight":0.20627999999999969},"num_concepts_raised":4172},{"base_id":584,"kind":"bot_words","i1":0,"i2":6,"sol":{"path":["/c/en/administering","/c/la/edictum","/c/en/order","/c/en/word","/c/en/long_windedness","/c/en/prolixity"],"weight":0.20965749999999972},"num_concepts_raised":169171},{"base_id":584,"kind":"bot_words","i1":0,"i2":7,"sol":{"path":["/c/en/administering","/c/en/administration","/c/syc/ܬܫܡܫܬܐ","/c/en/worship","/c/en/vaishnavism"],"weight":0.20813999999999971},"num_concepts_raised":3865},{"base_id":584,"kind":"bot_words","i1":0,"i2":8,"sol":{"path":["/c/en/administering","/c/en/administer","/c/en/transfuse","/c/en/diffuse","/c/en/prolix"],"weight":0.20494999999999997},"num_concepts_raised":3634},{"base_id":584,"kind":"bot_words","i1":0,"i2":9,"sol":{"path":["/c/en/administering","/c/en/administration","/c/en/vote","/c/en/poll"],"weight":0.20811999999999914},"num_concepts_raised":67063},{"base_id":584,"kind":"bot_words","i1":1,"i2":2,"sol":{"path":["/c/en/aetolia","/c/en/meleager","/c/en/person","/c/en/penniless"],"weight":0.20364999999999983},"num_concepts_raised":17555},{"base_id":584,"kind":"bot_words","i1":1,"i2":3,"sol":{"path":["/c/en/aetolia","/c/en/coast","/c/en/like","/c/en/mimic","/c/en/imitative"],"weight":0.20562999999999987},"num_concepts_raised":6368},{"base_id":584,"kind":"bot_words","i1":1,"i2":4,"sol":{"path":["/c/en/aetolia","/c/en/coast","/c/en/dialect","/c/en/olive","/c/en/olea"],"weight":0.20805999999999983},"num_concepts_raised":10870},{"base_id":584,"kind":"bot_words","i1":1,"i2":5,"sol":{"path":["/c/en/aetolia","/c/en/mountainous","/c/en/rough","/c/en/raw","/c/en/uncooked"],"weight":0.20626999999999973},"num_concepts_raised":5352},{"base_id":584,"kind":"bot_words","i1":1,"i2":6,"sol":{"path":["/c/en/aetolia","/c/en/coast","/c/en/long","/c/xcl/երկայնաբան","/c/en/prolixity"],"weight":0.2029399999999998},"num_concepts_raised":3150},{"base_id":584,"kind":"bot_words","i1":1,"i2":7,"sol":{"path":["/c/en/aetolia","/c/en/coast","/c/en/form","/c/en/hinduism","/c/en/vaishnavism"],"weight":0.20804999999999974},"num_concepts_raised":5058},{"base_id":584,"kind":"bot_words","i1":1,"i2":8,"sol":{"path":["/c/en/aetolia","/c/en/coast","/c/en/long","/c/en/long_winded","/c/en/prolix"],"weight":0.20538},"num_concepts_raised":4819},{"base_id":584,"kind":"bot_words","i1":1,"i2":9,"sol":{"path":["/c/en/aetolia","/c/en/coast","/c/en/mass","/c/en/poll"],"weight":0.20646999999999915},"num_concepts_raised":68268},{"base_id":584,"kind":"bot_words","i1":2,"i2":3,"sol":{"path":["/c/en/penniless","/c/en/person","/c/en/copycat","/c/en/imitative"],"weight":0.2046299999999998},"num_concepts_raised":18372},{"base_id":584,"kind":"bot_words","i1":2,"i2":4,"sol":{"path":["/c/en/penniless","/c/en/person","/c/en/plant","/c/en/olea"],"weight":0.20901999999999976},"num_concepts_raised":22869},{"base_id":584,"kind":"bot_words","i1":2,"i2":5,"sol":{"path":["/c/en/penniless","/c/en/person","/c/en/cooked","/c/en/uncooked"],"weight":0.20547999999999966},"num_concepts_raised":17358},{"base_id":584,"kind":"bot_words","i1":2,"i2":6,"sol":{"path":["/c/en/penniless","/c/en/person","/c/en/clarity","/c/en/long_windedness","/c/en/prolixity"],"weight":0.20609999999999973},"num_concepts_raised":15220},{"base_id":584,"kind":"bot_words","i1":2,"i2":7,"sol":{"path":["/c/en/penniless","/c/en/poor","/c/en/being","/c/en/vishnu","/c/en/vaishnavism"],"weight":0.20930999999999966},"num_concepts_raised":17094},{"base_id":584,"kind":"bot_words","i1":2,"i2":8,"sol":{"path":["/c/en/penniless","/c/en/person","/c/en/time","/c/en/long_winded","/c/en/prolix"],"weight":0.20629999999999993},"num_concepts_raised":16861},{"base_id":584,"kind":"bot_words","i1":2,"i2":9,"sol":{"path":["/c/en/penniless","/c/en/penny","/c/en/pollard","/c/en/poll"],"weight":0.20959999999999912},"num_concepts_raised":79049},{"base_id":584,"kind":"bot_words","i1":3,"i2":4,"sol":{"path":["/c/en/imitative","/c/en/mimic","/c/en/action","/c/en/plant","/c/en/olea"],"weight":0.21102999999999983},"num_concepts_raised":11727},{"base_id":584,"kind":"bot_words","i1":3,"i2":5,"sol":{"path":["/c/en/imitative","/c/en/copy","/c/en/new","/c/en/raw","/c/en/uncooked"],"weight":0.20736999999999972},"num_concepts_raised":6194},{"base_id":584,"kind":"bot_words","i1":3,"i2":6,"sol":{"path":["/c/en/imitative","/c/en/creative","/c/en/word","/c/en/long_windedness","/c/en/prolixity"],"weight":0.2070199999999998},"num_concepts_raised":4004},{"base_id":584,"kind":"bot_words","i1":3,"i2":7,"sol":{"path":["/c/en/imitative","/c/en/creative","/c/en/set","/c/en/sect","/c/en/vaishnavism"],"weight":0.20996999999999974},"num_concepts_raised":5910},{"base_id":584,"kind":"bot_words","i1":3,"i2":8,"sol":{"path":["/c/en/imitative","/c/en/creative","/c/en/word","/c/en/verbal","/c/en/prolix"],"weight":0.20689},"num_concepts_raised":5667},{"base_id":584,"kind":"bot_words","i1":3,"i2":9,"sol":{"path":["/c/en/imitative","/c/en/mimic","/c/en/parrot","/c/en/poll"],"weight":0.2095299999999992},"num_concepts_raised":69042},{"base_id":584,"kind":"bot_words","i1":4,"i2":5,"sol":{"path":["/c/en/olea","/c/en/olive","/c/en/green","/c/en/raw","/c/en/uncooked"],"weight":0.21186999999999967},"num_concepts_raised":10685},{"base_id":584,"kind":"bot_words","i1":4,"i2":6,"sol":{"path":["/c/en/olea","/c/en/plant","/c/en/root","/c/en/word","/c/en/long_windedness","/c/en/prolixity"],"weight":0.21608429999999862},"num_concepts_raised":415379},{"base_id":584,"kind":"bot_words","i1":4,"i2":7,"sol":{"path":["/c/en/olea","/c/en/plant","/c/en/form","/c/en/hinduism","/c/en/vaishnavism"],"weight":0.21343999999999969},"num_concepts_raised":10422},{"base_id":584,"kind":"bot_words","i1":4,"i2":8,"sol":{"path":["/c/en/olea","/c/en/olive","/c/en/roll","/c/en/voluble","/c/en/prolix"],"weight":0.21040999999999993},"num_concepts_raised":10191},{"base_id":584,"kind":"bot_words","i1":4,"i2":9,"sol":{"path":["/c/en/olea","/c/en/olive","/c/en/uk","/c/en/poll"],"weight":0.2119099999999991},"num_concepts_raised":73451},{"base_id":584,"kind":"bot_words","i1":5,"i2":6,"sol":{"path":["/c/en/uncooked","/c/en/bread","/c/de/breite","/c/de/weitschweifigkeit","/c/en/prolixity"],"weight":0.20372999999999966},"num_concepts_raised":2996},{"base_id":584,"kind":"bot_words","i1":5,"i2":7,"sol":{"path":["/c/en/uncooked","/c/en/raw","/c/en/cut","/c/en/sect","/c/en/vaishnavism"],"weight":0.2116799999999996},"num_concepts_raised":4903},{"base_id":584,"kind":"bot_words","i1":5,"i2":8,"sol":{"path":["/c/en/uncooked","/c/en/cooked","/c/en/text","/c/en/verbal","/c/en/prolix"],"weight":0.20677999999999985},"num_concepts_raised":4662},{"base_id":584,"kind":"bot_words","i1":5,"i2":9,"sol":{"path":["/c/en/uncooked","/c/en/raw","/c/en/fish","/c/en/poll"],"weight":0.21014999999999903},"num_concepts_raised":68038},{"base_id":584,"kind":"bot_words","i1":6,"i2":7,"sol":{"path":["/c/en/prolixity","/c/en/long_windedness","/c/en/word","/c/en/mantra","/c/en/hinduism","/c/en/vaishnavism"],"weight":0.2155306999999994},"num_concepts_raised":106819},{"base_id":584,"kind":"bot_words","i1":6,"i2":8,"sol":{"path":["/c/en/prolixity","/c/ja/冗長","/c/en/prolix"],"weight":0.202},"num_concepts_raised":128},{"base_id":584,"kind":"bot_words","i1":6,"i2":9,"sol":{"path":["/c/en/prolixity","/c/en/long_windedness","/c/en/precision","/c/en/hair","/c/en/poll"],"weight":0.2100099999999991},"num_concepts_raised":66098},{"base_id":584,"kind":"bot_words","i1":7,"i2":8,"sol":{"path":["/c/en/vaishnavism","/c/en/worship","/c/en/british","/c/en/verbal","/c/en/prolix"],"weight":0.21033999999999986},"num_concepts_raised":4365},{"base_id":584,"kind":"bot_words","i1":7,"i2":9,"sol":{"path":["/c/en/vaishnavism","/c/en/worship","/c/en/people","/c/en/poll"],"weight":0.21193999999999905},"num_concepts_raised":67888},{"base_id":584,"kind":"bot_words","i1":8,"i2":9,"sol":{"path":["/c/en/prolix","/c/gv/liauyr","/c/en/hair","/c/en/poll"],"weight":0.2088399999999993},"num_concepts_raised":67659}],[{"base_id":584,"kind":"top_words","i1":0,"i2":1,"sol":{"path":["/c/en/unification","/c/en/reunification"],"weight":0.20500000000000002},"num_concepts_raised":146},{"base_id":584,"kind":"top_words","i1":0,"i2":2,"sol":{"path":["/c/en/unification","/c/en/antiunification","/c/en/language","/c/en/korean"],"weight":0.20636999999999942},"num_concepts_raised":22372},{"base_id":584,"kind":"top_words","i1":0,"i2":3,"sol":{"path":["/c/en/unification","/c/en/division","/c/en/music","/c/en/sung"],"weight":0.20565999999999984},"num_concepts_raised":20652},{"base_id":584,"kind":"top_words","i1":0,"i2":4,"sol":{"path":["/c/en/unification","/c/en/division","/c/ru/отделение","/c/en/secession"],"weight":0.21827999999999992},"num_concepts_raised":14027},{"base_id":584,"kind":"top_words","i1":0,"i2":5,"sol":{"path":["/c/en/unification","/c/en/reunification","/c/en/country","/c/en/motherland"],"weight":0.2122899999999998},"num_concepts_raised":18356},{"base_id":584,"kind":"top_words","i1":0,"i2":6,"sol":{"path":["/c/en/unification","/c/ar/توحيد","/c/en/tawhid"],"weight":0.20500000000000002},"num_concepts_raised":159},{"base_id":584,"kind":"top_words","i1":0,"i2":7,"sol":{"path":["/c/en/unification","/c/ru/объединение","/c/en/force","/c/en/animism","/c/en/animist"],"weight":0.20540999999999993},"num_concepts_raised":10542},{"base_id":584,"kind":"top_words","i1":0,"i2":8,"sol":{"path":["/c/en/unification","/c/fr/unification","/c/fr/politique","/c/ja/主体思想","/c/en/juche"],"weight":0.20781999999999998},"num_concepts_raised":10632},{"base_id":584,"kind":"top_words","i1":0,"i2":9,"sol":{"path":["/c/en/unification","/c/en/unify"],"weight":0.20400000000000001},"num_concepts_raised":260},{"base_id":584,"kind":"top_words","i1":1,"i2":2,"sol":{"path":["/c/en/reunification","/c/en/country","/c/en/south_korea","/c/en/korean"],"weight":0.2067399999999994},"num_concepts_raised":16618},{"base_id":584,"kind":"top_words","i1":1,"i2":3,"sol":{"path":["/c/en/reunification","/c/en/country","/c/en/music","/c/en/sung"],"weight":0.2038699999999998},"num_concepts_raised":14939},{"base_id":584,"kind":"top_words","i1":1,"i2":4,"sol":{"path":["/c/en/reunification","/c/en/country","/c/en/independent","/c/en/secession"],"weight":0.2143799999999999},"num_concepts_raised":8322},{"base_id":584,"kind":"top_words","i1":1,"i2":5,"sol":{"path":["/c/en/reunification","/c/en/country","/c/en/motherland"],"weight":0.20400000000000001},"num_concepts_raised":193},{"base_id":584,"kind":"top_words","i1":1,"i2":6,"sol":{"path":["/c/en/reunification","/c/en/unification","/c/ar/توحيد","/c/en/tawhid"],"weight":0.2109099999999997},"num_concepts_raised":8083},{"base_id":584,"kind":"top_words","i1":1,"i2":7,"sol":{"path":["/c/en/reunification","/c/ru/объединение","/c/en/force","/c/en/animism","/c/en/animist"],"weight":0.20362999999999992},"num_concepts_raised":4697},{"base_id":584,"kind":"top_words","i1":1,"i2":8,"sol":{"path":["/c/en/reunification","/c/en/country","/c/en/north_korea","/c/en/juche"],"weight":0.20362999999999992},"num_concepts_raised":4783},{"base_id":584,"kind":"top_words","i1":1,"i2":9,"sol":{"path":["/c/en/reunification","/c/en/unify"],"weight":0.202},"num_concepts_raised":228},{"base_id":584,"kind":"top_words","i1":2,"i2":3,"sol":{"path":["/c/en/korean","/c/en/language","/c/en/music","/c/en/sung"],"weight":0.20549999999999927},"num_concepts_raised":23444},{"base_id":584,"kind":"top_words","i1":2,"i2":4,"sol":{"path":["/c/en/korean","/c/en/language","/c/en/school","/c/en/secession"],"weight":0.21602999999999936},"num_concepts_raised":16917},{"base_id":584,"kind":"top_words","i1":2,"i2":5,"sol":{"path":["/c/en/korean","/c/en/language","/c/en/mother","/c/en/motherland"],"weight":0.21396999999999924},"num_concepts_raised":21102},{"base_id":584,"kind":"top_words","i1":2,"i2":6,"sol":{"path":["/c/en/korean","/c/en/korea","/c/en/park","/c/en/central","/c/en/tawhid"],"weight":0.21057999999999918},"num_concepts_raised":16739},{"base_id":584,"kind":"top_words","i1":2,"i2":7,"sol":{"path":["/c/en/korean","/c/en/language","/c/orv/ꙗзꙑкъ","/c/en/pagans","/c/en/animist"],"weight":0.20515999999999937},"num_concepts_raised":13304},{"base_id":584,"kind":"top_words","i1":2,"i2":8,"sol":{"path":["/c/en/korean","/c/en/north_korea","/c/en/juche"],"weight":0.203},"num_concepts_raised":227},{"base_id":584,"kind":"top_words","i1":2,"i2":9,"sol":{"path":["/c/en/korean","/c/en/human","/c/en/one","/c/en/unify"],"weight":0.20738999999999919},"num_concepts_raised":25824},{"base_id":584,"kind":"top_words","i1":3,"i2":4,"sol":{"path":["/c/en/sung","/c/en/song","/c/en/independent","/c/en/secession"],"weight":0.21537999999999977},"num_concepts_raised":15190},{"base_id":584,"kind":"top_words","i1":3,"i2":5,"sol":{"path":["/c/en/sung","/c/en/music","/c/en/country","/c/en/motherland"],"weight":0.21022999999999964},"num_concepts_raised":19478},{"base_id":584,"kind":"top_words","i1":3,"i2":6,"sol":{"path":["/c/en/sung","/c/en/song","/c/en/singing","/c/en/divine","/c/en/tawhid"],"weight":0.2098799999999996},"num_concepts_raised":15040},{"base_id":584,"kind":"top_words","i1":3,"i2":7,"sol":{"path":["/c/en/sung","/c/en/sing","/c/en/person","/c/en/disciple","/c/en/animist"],"weight":0.20430999999999977},"num_concepts_raised":11593},{"base_id":584,"kind":"top_words","i1":3,"i2":8,"sol":{"path":["/c/en/sung","/c/en/song","/c/ko/군중가요","/c/en/north_korea","/c/en/juche"],"weight":0.2046099999999998},"num_concepts_raised":11684},{"base_id":584,"kind":"top_words","i1":3,"i2":9,"sol":{"path":["/c/en/sung","/c/en/song","/c/en/unit","/c/en/unify"],"weight":0.2068699999999996},"num_concepts_raised":24120},{"base_id":584,"kind":"top_words","i1":4,"i2":5,"sol":{"path":["/c/en/secession","/c/en/independent","/c/en/country","/c/en/motherland"],"weight":0.22074999999999975},"num_concepts_raised":12895},{"base_id":584,"kind":"top_words","i1":4,"i2":6,"sol":{"path":["/c/en/secession","/c/en/secessionism","/c/en/doctrine","/c/en/tawhid"],"weight":0.2190599999999997},"num_concepts_raised":8405},{"base_id":584,"kind":"top_words","i1":4,"i2":7,"sol":{"path":["/c/en/secession","/c/en/secessionism","/c/en/doctrine","/c/en/animism","/c/en/animist"],"weight":0.21394999999999986},"num_concepts_raised":4955},{"base_id":584,"kind":"top_words","i1":4,"i2":8,"sol":{"path":["/c/en/secession","/c/la/secessio","/c/en/political","/c/en/kimilsungism","/c/en/juche"],"weight":0.2171399999999999},"num_concepts_raised":5053},{"base_id":584,"kind":"top_words","i1":4,"i2":9,"sol":{"path":["/c/en/secession","/c/en/separation","/c/en/divide","/c/en/unify"],"weight":0.2163999999999997},"num_concepts_raised":17529},{"base_id":584,"kind":"top_words","i1":5,"i2":6,"sol":{"path":["/c/en/motherland","/c/en/fatherland","/c/en/english_language","/c/en/unity","/c/en/tawhid"],"weight":0.21793999999999955},"num_concepts_raised":12738},{"base_id":584,"kind":"top_words","i1":5,"i2":7,"sol":{"path":["/c/en/motherland","/c/en/mother","/c/ha/inna","/c/en/animistic","/c/en/animist"],"weight":0.21294999999999975},"num_concepts_raised":9303},{"base_id":584,"kind":"top_words","i1":5,"i2":8,"sol":{"path":["/c/en/motherland","/c/en/country","/c/en/north_korea","/c/en/juche"],"weight":0.2099899999999998},"num_concepts_raised":9391},{"base_id":584,"kind":"top_words","i1":5,"i2":9,"sol":{"path":["/c/en/motherland","/c/en/country","/c/en/unit","/c/en/unify"],"weight":0.21226999999999957},"num_concepts_raised":21817},{"base_id":584,"kind":"top_words","i1":6,"i2":7,"sol":{"path":["/c/en/tawhid","/c/en/doctrine","/c/en/animism","/c/en/animist"],"weight":0.2082599999999997},"num_concepts_raised":4717},{"base_id":584,"kind":"top_words","i1":6,"i2":8,"sol":{"path":["/c/en/tawhid","/c/en/doctrine","/c/en/ideology","/c/en/juche"],"weight":0.20831999999999973},"num_concepts_raised":4805},{"base_id":584,"kind":"top_words","i1":6,"i2":9,"sol":{"path":["/c/en/tawhid","/c/en/unity","/c/en/unite","/c/en/unify"],"weight":0.21295999999999954},"num_concepts_raised":17359},{"base_id":584,"kind":"top_words","i1":7,"i2":8,"sol":{"path":["/c/en/animist","/c/en/animism","/c/en/doctrine","/c/en/ideology","/c/en/juche"],"weight":0.2032099999999999},"num_concepts_raised":1348},{"base_id":584,"kind":"top_words","i1":7,"i2":9,"sol":{"path":["/c/en/animist","/c/fr/fétiche","/c/fr/partie","/c/fr/unifier","/c/en/unify"],"weight":0.20754999999999973},"num_concepts_raised":14015},{"base_id":584,"kind":"top_words","i1":8,"i2":9,"sol":{"path":["/c/en/juche","/c/ja/主体思想","/c/fr/politique","/c/en/union","/c/en/unify"],"weight":0.20661999999999975},"num_concepts_raised":14107}]]