[[{"base_id":301,"kind":"bot_words","i1":0,"i2":1,"sol":{"path":["/c/en/prevention","/c/en/measure","/c/en/dial","/c/en/selector"],"weight":0.20486999999999955},"num_concepts_raised":25091},{"base_id":301,"kind":"bot_words","i1":0,"i2":2,"sol":{"path":["/c/en/prevention","/c/en/prevent","/c/en/cause","/c/en/proselytize","/c/en/proselytism"],"weight":0.2147899999999996},"num_concepts_raised":23499},{"base_id":301,"kind":"bot_words","i1":0,"i2":3,"sol":{"path":["/c/en/prevention","/c/en/medicine","/c/en/myasthenia"],"weight":0.202},"num_concepts_raised":179},{"base_id":301,"kind":"bot_words","i1":0,"i2":4,"sol":{"path":["/c/en/prevention","/c/en/medicine","/c/fi/laajentaa","/c/en/distend"],"weight":0.2053699999999994},"num_concepts_raised":37299},{"base_id":301,"kind":"bot_words","i1":0,"i2":5,"sol":{"path":["/c/en/prevention","/c/en/prevent","/c/en/stop","/c/en/octagon"],"weight":0.2089499999999997},"num_concepts_raised":31740},{"base_id":301,"kind":"bot_words","i1":0,"i2":6,"sol":{"path":["/c/en/prevention","/c/en/bar","/c/en/human","/c/en/hutu"],"weight":0.21030999999999955},"num_concepts_raised":26408},{"base_id":301,"kind":"bot_words","i1":0,"i2":7,"sol":{"path":["/c/en/prevention","/c/en/prevent","/c/en/restrict","/c/en/restricted"],"weight":0.20867999999999925},"num_concepts_raised":58189},{"base_id":301,"kind":"bot_words","i1":0,"i2":8,"sol":{"path":["/c/en/prevention","/c/en/hazard","/c/en/county_seat","/c/en/jamestown"],"weight":0.20475999999999964},"num_concepts_raised":136402},{"base_id":301,"kind":"bot_words","i1":0,"i2":9,"sol":{"path":["/c/en/prevention","/c/en/bar","/c/en/base","/c/en/nucleobase"],"weight":0.2060099999999997},"num_concepts_raised":28736},{"base_id":301,"kind":"bot_words","i1":1,"i2":2,"sol":{"path":["/c/en/selector","/c/en/option","/c/en/position","/c/en/proselytize","/c/en/proselytism"],"weight":0.21073999999999987},"num_concepts_raised":3435},{"base_id":301,"kind":"bot_words","i1":1,"i2":3,"sol":{"path":["/c/en/selector","/c/en/select","/c/en/take","/c/en/medicine","/c/en/myasthenia"],"weight":0.20404999999999981},"num_concepts_raised":15695},{"base_id":301,"kind":"bot_words","i1":1,"i2":4,"sol":{"path":["/c/en/selector","/c/en/select","/c/en/like","/c/en/stretch","/c/en/distend"],"weight":0.20460999999999963},"num_concepts_raised":17685},{"base_id":301,"kind":"bot_words","i1":1,"i2":5,"sol":{"path":["/c/en/selector","/c/en/select","/c/en/throw","/c/en/shape","/c/en/octagon"],"weight":0.20680999999999988},"num_concepts_raised":12033},{"base_id":301,"kind":"bot_words","i1":1,"i2":6,"sol":{"path":["/c/en/selector","/c/en/select","/c/en/like","/c/en/human","/c/en/hutu"],"weight":0.20959999999999976},"num_concepts_raised":6461},{"base_id":301,"kind":"bot_words","i1":1,"i2":7,"sol":{"path":["/c/en/selector","/c/en/picker","/c/en/person","/c/en/restricted"],"weight":0.20457999999999948},"num_concepts_raised":39018},{"base_id":301,"kind":"bot_words","i1":1,"i2":8,"sol":{"path":["/c/en/selector","/c/en/select","/c/en/like","/c/en/colony","/c/en/jamestown"],"weight":0.20408999999999988},"num_concepts_raised":116417},{"base_id":301,"kind":"bot_words","i1":1,"i2":9,"sol":{"path":["/c/en/selector","/c/en/select","/c/en/high","/c/en/base","/c/en/nucleobase"],"weight":0.20529999999999993},"num_concepts_raised":8789},{"base_id":301,"kind":"bot_words","i1":2,"i2":3,"sol":{"path":["/c/en/proselytism","/c/en/conversion","/c/la/conversio","/c/en/medicine","/c/en/myasthenia"],"weight":0.2084599999999999},"num_concepts_raised":14048},{"base_id":301,"kind":"bot_words","i1":2,"i2":4,"sol":{"path":["/c/en/proselytism","/c/en/proselytize","/c/en/movement","/c/en/stretch","/c/en/distend"],"weight":0.2111699999999997},"num_concepts_raised":16093},{"base_id":301,"kind":"bot_words","i1":2,"i2":5,"sol":{"path":["/c/en/proselytism","/c/en/proselytize","/c/en/street","/c/en/sign","/c/en/octagon"],"weight":0.21237999999999996},"num_concepts_raised":10438},{"base_id":301,"kind":"bot_words","i1":2,"i2":6,"sol":{"path":["/c/en/proselytism","/c/en/proselytize","/c/en/organization","/c/en/human","/c/en/hutu"],"weight":0.21618999999999983},"num_concepts_raised":4813},{"base_id":301,"kind":"bot_words","i1":2,"i2":7,"sol":{"path":["/c/en/proselytism","/c/en/proselytize","/c/en/organization","/c/en/classified","/c/en/restricted"],"weight":0.21428999999999956},"num_concepts_raised":37505},{"base_id":301,"kind":"bot_words","i1":2,"i2":8,"sol":{"path":["/c/en/proselytism","/c/en/proselytize","/c/en/organization","/c/en/colony","/c/en/jamestown"],"weight":0.21064999999999995},"num_concepts_raised":114766},{"base_id":301,"kind":"bot_words","i1":2,"i2":9,"sol":{"path":["/c/en/proselytism","/c/en/proselytize","/c/en/recruit","/c/en/biochemistry","/c/en/nucleobase"],"weight":0.21089000000000002},"num_concepts_raised":7144},{"base_id":301,"kind":"bot_words","i1":3,"i2":4,"sol":{"path":["/c/en/myasthenia","/c/en/muscle","/c/en/stretch","/c/en/distend"],"weight":0.20336999999999966},"num_concepts_raised":28002},{"base_id":301,"kind":"bot_words","i1":3,"i2":5,"sol":{"path":["/c/en/myasthenia","/c/en/medicine","/c/en/sign","/c/en/octagon"],"weight":0.20461999999999997},"num_concepts_raised":22590},{"base_id":301,"kind":"bot_words","i1":3,"i2":6,"sol":{"path":["/c/en/myasthenia","/c/en/muscle","/c/en/human","/c/en/hutu"],"weight":0.20835999999999982},"num_concepts_raised":16995},{"base_id":301,"kind":"bot_words","i1":3,"i2":7,"sol":{"path":["/c/en/myasthenia","/c/en/medicine","/c/en/dependent","/c/en/unfree","/c/en/restricted"],"weight":0.20557999999999954},"num_concepts_raised":49502},{"base_id":301,"kind":"bot_words","i1":3,"i2":8,"sol":{"path":["/c/en/myasthenia","/c/en/medicine","/c/en/ant","/c/en/colony","/c/en/jamestown"],"weight":0.2028999999999999},"num_concepts_raised":127010},{"base_id":301,"kind":"bot_words","i1":3,"i2":9,"sol":{"path":["/c/en/myasthenia","/c/en/medicine","/c/en/cag","/c/en/nucleobase"],"weight":0.20299},"num_concepts_raised":19322},{"base_id":301,"kind":"bot_words","i1":4,"i2":5,"sol":{"path":["/c/en/distend","/c/en/spread","/c/en/geometry","/c/en/octagon"],"weight":0.20529999999999976},"num_concepts_raised":24548},{"base_id":301,"kind":"bot_words","i1":4,"i2":6,"sol":{"path":["/c/en/distend","/c/en/diaphragm","/c/en/human","/c/en/hutu"],"weight":0.20881999999999962},"num_concepts_raised":19041},{"base_id":301,"kind":"bot_words","i1":4,"i2":7,"sol":{"path":["/c/en/distend","/c/en/swell","/c/en/us","/c/en/restricted"],"weight":0.20513999999999935},"num_concepts_raised":51274},{"base_id":301,"kind":"bot_words","i1":4,"i2":8,"sol":{"path":["/c/en/distend","/c/en/swell","/c/fr/localités","/c/en/jamestown"],"weight":0.20360999999999974},"num_concepts_raised":129014},{"base_id":301,"kind":"bot_words","i1":4,"i2":9,"sol":{"path":["/c/en/distend","/c/en/biology","/c/en/base","/c/en/nucleobase"],"weight":0.2045599999999998},"num_concepts_raised":21330},{"base_id":301,"kind":"bot_words","i1":5,"i2":6,"sol":{"path":["/c/en/octagon","/c/en/octagonal","/c/en/bar","/c/en/human","/c/en/hutu"],"weight":0.2113199999999999},"num_concepts_raised":13393},{"base_id":301,"kind":"bot_words","i1":5,"i2":7,"sol":{"path":["/c/en/octagon","/c/en/shape","/c/en/warp","/c/en/restricted"],"weight":0.20716999999999963},"num_concepts_raised":45569},{"base_id":301,"kind":"bot_words","i1":5,"i2":8,"sol":{"path":["/c/en/octagon","/c/fr/octogone","/c/fr/angle","/c/fr/localités","/c/en/jamestown"],"weight":0.20702},"num_concepts_raised":123376},{"base_id":301,"kind":"bot_words","i1":5,"i2":9,"sol":{"path":["/c/en/octagon","/c/en/geometry","/c/en/base","/c/en/nucleobase"],"weight":0.2061300000000001},"num_concepts_raised":15723},{"base_id":301,"kind":"bot_words","i1":6,"i2":7,"sol":{"path":["/c/en/hutu","/c/en/human","/c/en/person","/c/en/restricted"],"weight":0.2100999999999995},"num_concepts_raised":40045},{"base_id":301,"kind":"bot_words","i1":6,"i2":8,"sol":{"path":["/c/en/hutu","/c/en/tutsi","/c/en/english_language","/c/en/saint_helena","/c/en/jamestown"],"weight":0.21152999999999988},"num_concepts_raised":117736},{"base_id":301,"kind":"bot_words","i1":6,"i2":9,"sol":{"path":["/c/en/hutu","/c/en/tutsi","/c/en/english_language","/c/en/biochemistry","/c/en/nucleobase"],"weight":0.21075999999999995},"num_concepts_raised":10132},{"base_id":301,"kind":"bot_words","i1":7,"i2":8,"sol":{"path":["/c/en/restricted","/c/en/group","/c/en/colony","/c/en/jamestown"],"weight":0.2044999999999996},"num_concepts_raised":150238},{"base_id":301,"kind":"bot_words","i1":7,"i2":9,"sol":{"path":["/c/en/restricted","/c/en/us","/c/en/base","/c/en/nucleobase"],"weight":0.20565999999999968},"num_concepts_raised":42695},{"base_id":301,"kind":"bot_words","i1":8,"i2":9,"sol":{"path":["/c/en/jamestown","/c/en/colony","/c/en/home","/c/en/base","/c/en/nucleobase"],"weight":0.20421000000000006},"num_concepts_raised":120112}],[{"base_id":301,"kind":"top_words","i1":0,"i2":1,"sol":{"path":["/c/en/brook","/c/en/creek"],"weight":0.20600000000000002},"num_concepts_raised":484},{"base_id":301,"kind":"top_words","i1":0,"i2":2,"sol":{"path":["/c/en/brook","/c/en/stone","/c/en/stony"],"weight":0.202},"num_concepts_raised":435},{"base_id":301,"kind":"top_words","i1":0,"i2":3,"sol":{"path":["/c/en/brook","/c/en/water","/c/en/pond"],"weight":0.20500000000000002},"num_concepts_raised":726},{"base_id":301,"kind":"top_words","i1":0,"i2":4,"sol":{"path":["/c/en/brook","/c/en/creek","/c/en/meadow"],"weight":0.20500000000000002},"num_concepts_raised":678},{"base_id":301,"kind":"top_words","i1":0,"i2":5,"sol":{"path":["/c/en/brook","/c/en/river","/c/en/tributary"],"weight":0.20400000000000001},"num_concepts_raised":450},{"base_id":301,"kind":"top_words","i1":0,"i2":6,"sol":{"path":["/c/en/brook","/c/en/fish","/c/en/trout"],"weight":0.20400000000000001},"num_concepts_raised":527},{"base_id":301,"kind":"top_words","i1":0,"i2":7,"sol":{"path":["/c/en/brook","/c/fr/localités","/c/en/rye"],"weight":0.20600000000000002},"num_concepts_raised":576},{"base_id":301,"kind":"top_words","i1":0,"i2":8,"sol":{"path":["/c/en/brook","/c/en/river","/c/en/headwaters"],"weight":0.20400000000000001},"num_concepts_raised":349},{"base_id":301,"kind":"top_words","i1":0,"i2":9,"sol":{"path":["/c/en/brook","/c/en/river"],"weight":0.20700000000000002},"num_concepts_raised":2685},{"base_id":301,"kind":"top_words","i1":1,"i2":2,"sol":{"path":["/c/en/creek","/c/en/brook","/c/en/stone","/c/en/stony"],"weight":0.207989999999999},"num_concepts_raised":49570},{"base_id":301,"kind":"top_words","i1":1,"i2":3,"sol":{"path":["/c/en/creek","/c/en/water","/c/en/pond"],"weight":0.203},"num_concepts_raised":623},{"base_id":301,"kind":"top_words","i1":1,"i2":4,"sol":{"path":["/c/en/creek","/c/en/meadow"],"weight":0.202},"num_concepts_raised":567},{"base_id":301,"kind":"top_words","i1":1,"i2":5,"sol":{"path":["/c/en/creek","/c/en/river","/c/en/tributary"],"weight":0.203},"num_concepts_raised":339},{"base_id":301,"kind":"top_words","i1":1,"i2":6,"sol":{"path":["/c/en/creek","/c/en/river","/c/en/trout"],"weight":0.203},"num_concepts_raised":421},{"base_id":301,"kind":"top_words","i1":1,"i2":7,"sol":{"path":["/c/en/creek","/c/en/canada","/c/en/rye"],"weight":0.20600000000000002},"num_concepts_raised":467},{"base_id":301,"kind":"top_words","i1":1,"i2":8,"sol":{"path":["/c/en/creek","/c/en/river","/c/en/headwaters"],"weight":0.203},"num_concepts_raised":241},{"base_id":301,"kind":"top_words","i1":1,"i2":9,"sol":{"path":["/c/en/creek","/c/en/river"],"weight":0.20600000000000002},"num_concepts_raised":2582},{"base_id":301,"kind":"top_words","i1":2,"i2":3,"sol":{"path":["/c/en/stony","/c/en/stone","/c/en/pond"],"weight":0.202},"num_concepts_raised":541},{"base_id":301,"kind":"top_words","i1":2,"i2":4,"sol":{"path":["/c/en/stony","/c/sq/lismë","/c/en/field","/c/en/meadow"],"weight":0.2119699999999993},"num_concepts_raised":40467},{"base_id":301,"kind":"top_words","i1":2,"i2":5,"sol":{"path":["/c/en/stony","/c/en/stone","/c/en/river","/c/en/tributary"],"weight":0.20632999999999957},"num_concepts_raised":23898},{"base_id":301,"kind":"top_words","i1":2,"i2":6,"sol":{"path":["/c/en/stony","/c/en/cold","/c/en/fish","/c/en/trout"],"weight":0.2102099999999996},"num_concepts_raised":38262},{"base_id":301,"kind":"top_words","i1":2,"i2":7,"sol":{"path":["/c/en/stony","/c/en/soft","/c/en/bread","/c/en/rye"],"weight":0.22357999999999992},"num_concepts_raised":157927},{"base_id":301,"kind":"top_words","i1":2,"i2":8,"sol":{"path":["/c/en/stony","/c/en/stone","/c/en/river","/c/en/headwaters"],"weight":0.2041599999999995},"num_concepts_raised":15302},{"base_id":301,"kind":"top_words","i1":2,"i2":9,"sol":{"path":["/c/en/stony","/c/en/cold","/c/en/river"],"weight":0.20400000000000001},"num_concepts_raised":2526},{"base_id":301,"kind":"top_words","i1":3,"i2":4,"sol":{"path":["/c/en/pond","/c/en/meadow"],"weight":0.202},"num_concepts_raised":782},{"base_id":301,"kind":"top_words","i1":3,"i2":5,"sol":{"path":["/c/en/pond","/c/en/water","/c/en/tributary"],"weight":0.203},"num_concepts_raised":559},{"base_id":301,"kind":"top_words","i1":3,"i2":6,"sol":{"path":["/c/en/pond","/c/en/trout"],"weight":0.202},"num_concepts_raised":630},{"base_id":301,"kind":"top_words","i1":3,"i2":7,"sol":{"path":["/c/en/pond","/c/en/canada","/c/en/rye"],"weight":0.20600000000000002},"num_concepts_raised":682},{"base_id":301,"kind":"top_words","i1":3,"i2":8,"sol":{"path":["/c/en/pond","/c/en/river","/c/en/headwaters"],"weight":0.202},"num_concepts_raised":456},{"base_id":301,"kind":"top_words","i1":3,"i2":9,"sol":{"path":["/c/en/pond","/c/en/river"],"weight":0.20400000000000001},"num_concepts_raised":2806},{"base_id":301,"kind":"top_words","i1":4,"i2":5,"sol":{"path":["/c/en/meadow","/c/en/snake","/c/en/tributary"],"weight":0.202},"num_concepts_raised":502},{"base_id":301,"kind":"top_words","i1":4,"i2":6,"sol":{"path":["/c/en/meadow","/c/en/pond","/c/en/trout"],"weight":0.202},"num_concepts_raised":579},{"base_id":301,"kind":"top_words","i1":4,"i2":7,"sol":{"path":["/c/en/meadow","/c/en/grass","/c/en/rye"],"weight":0.20700000000000002},"num_concepts_raised":625},{"base_id":301,"kind":"top_words","i1":4,"i2":8,"sol":{"path":["/c/en/meadow","/c/en/grass","/c/en/river","/c/en/headwaters"],"weight":0.20991999999999955},"num_concepts_raised":35874},{"base_id":301,"kind":"top_words","i1":4,"i2":9,"sol":{"path":["/c/en/meadow","/c/en/grass","/c/en/river"],"weight":0.20500000000000002},"num_concepts_raised":2761},{"base_id":301,"kind":"top_words","i1":5,"i2":6,"sol":{"path":["/c/en/tributary","/c/en/river","/c/en/trout"],"weight":0.202},"num_concepts_raised":351},{"base_id":301,"kind":"top_words","i1":5,"i2":7,"sol":{"path":["/c/en/tributary","/c/en/river","/c/en/grain","/c/en/rye"],"weight":0.22491000000000022},"num_concepts_raised":161353},{"base_id":301,"kind":"top_words","i1":5,"i2":8,"sol":{"path":["/c/en/tributary","/c/en/stream","/c/en/headwaters"],"weight":0.202},"num_concepts_raised":169},{"base_id":301,"kind":"top_words","i1":5,"i2":9,"sol":{"path":["/c/en/tributary","/c/en/river"],"weight":0.20400000000000001},"num_concepts_raised":2522},{"base_id":301,"kind":"top_words","i1":6,"i2":7,"sol":{"path":["/c/en/trout","/c/en/type","/c/en/rye"],"weight":0.20600000000000002},"num_concepts_raised":473},{"base_id":301,"kind":"top_words","i1":6,"i2":8,"sol":{"path":["/c/en/trout","/c/en/river","/c/en/headwaters"],"weight":0.202},"num_concepts_raised":247},{"base_id":301,"kind":"top_words","i1":6,"i2":9,"sol":{"path":["/c/en/trout","/c/en/river"],"weight":0.20400000000000001},"num_concepts_raised":2614},{"base_id":301,"kind":"top_words","i1":7,"i2":8,"sol":{"path":["/c/en/rye","/c/en/bread","/c/en/source","/c/en/headwaters"],"weight":0.22279000000000018},"num_concepts_raised":153418},{"base_id":301,"kind":"top_words","i1":7,"i2":9,"sol":{"path":["/c/en/rye","/c/en/grain","/c/en/river"],"weight":0.21000000000000002},"num_concepts_raised":2665},{"base_id":301,"kind":"top_words","i1":8,"i2":9,"sol":{"path":["/c/en/headwaters","/c/en/river"],"weight":0.20400000000000001},"num_concepts_raised":2434}]]