[[{"base_id":255,"kind":"bot_words","i1":0,"i2":1,"sol":{"path":["/c/en/begin","/c/en/introduce","/c/en/sharing","/c/en/samizdat"],"weight":0.22764999999999852},"num_concepts_raised":61379},{"base_id":255,"kind":"bot_words","i1":0,"i2":2,"sol":{"path":["/c/en/begin","/c/en/start","/c/en/plant","/c/en/ajuga"],"weight":0.23901999999999818},"num_concepts_raised":74005},{"base_id":255,"kind":"bot_words","i1":0,"i2":3,"sol":{"path":["/c/en/begin","/c/en/start","/c/en/law","/c/en/monetary"],"weight":0.23584999999999784},"num_concepts_raised":85318},{"base_id":255,"kind":"bot_words","i1":0,"i2":4,"sol":{"path":["/c/en/begin","/c/en/being","/c/en/wash","/c/en/washbasin"],"weight":0.22839999999999855},"num_concepts_raised":74503},{"base_id":255,"kind":"bot_words","i1":0,"i2":5,"sol":{"path":["/c/en/begin","/c/en/talk","/c/en/peep","/c/en/keek"],"weight":0.2237699999999985},"num_concepts_raised":61266},{"base_id":255,"kind":"bot_words","i1":0,"i2":6,"sol":{"path":["/c/en/begin","/c/en/rise","/c/en/rose","/c/en/rosy"],"weight":0.2250599999999982},"num_concepts_raised":78486},{"base_id":255,"kind":"bot_words","i1":0,"i2":7,"sol":{"path":["/c/en/begin","/c/en/inchoate","/c/en/solicitation","/c/en/beggary"],"weight":0.22153999999999838},"num_concepts_raised":59588},{"base_id":255,"kind":"bot_words","i1":0,"i2":8,"sol":{"path":["/c/en/begin","/c/en/start","/c/en/games","/c/en/parity"],"weight":0.23981999999999792},"num_concepts_raised":92700},{"base_id":255,"kind":"bot_words","i1":0,"i2":9,"sol":{"path":["/c/en/begin","/c/en/first","/c/en/former","/c/en/oka"],"weight":0.22406999999999838},"num_concepts_raised":74530},{"base_id":255,"kind":"bot_words","i1":1,"i2":2,"sol":{"path":["/c/en/samizdat","/c/en/underground","/c/en/plant","/c/en/ajuga"],"weight":0.21437999999999985},"num_concepts_raised":18600},{"base_id":255,"kind":"bot_words","i1":1,"i2":3,"sol":{"path":["/c/en/samizdat","/c/en/illegal","/c/en/bribe","/c/en/monetary"],"weight":0.2111999999999995},"num_concepts_raised":31414},{"base_id":255,"kind":"bot_words","i1":1,"i2":4,"sol":{"path":["/c/en/samizdat","/c/en/underground","/c/en/water","/c/en/washbasin"],"weight":0.2117100000000001},"num_concepts_raised":20013},{"base_id":255,"kind":"bot_words","i1":1,"i2":5,"sol":{"path":["/c/en/samizdat","/c/en/secret","/c/en/secretly","/c/en/peep","/c/en/keek"],"weight":0.21122000000000002},"num_concepts_raised":5663},{"base_id":255,"kind":"bot_words","i1":1,"i2":6,"sol":{"path":["/c/en/samizdat","/c/en/underground","/c/en/british","/c/en/rosy"],"weight":0.20986999999999967},"num_concepts_raised":23736},{"base_id":255,"kind":"bot_words","i1":1,"i2":7,"sol":{"path":["/c/en/samizdat","/c/en/secret","/c/en/cant","/c/en/beggar","/c/en/beggary"],"weight":0.2090899999999999},"num_concepts_raised":3743},{"base_id":255,"kind":"bot_words","i1":1,"i2":8,"sol":{"path":["/c/en/samizdat","/c/ru/самиздат","/c/en/historical","/c/en/para","/c/en/parity"],"weight":0.21944999999999965},"num_concepts_raised":38357},{"base_id":255,"kind":"bot_words","i1":1,"i2":9,"sol":{"path":["/c/en/samizdat","/c/ru/самиздат","/c/en/historical","/c/en/oka"],"weight":0.21333999999999992},"num_concepts_raised":19494},{"base_id":255,"kind":"bot_words","i1":2,"i2":3,"sol":{"path":["/c/en/ajuga","/c/en/plant","/c/en/mint","/c/en/monetary"],"weight":0.21179999999999932},"num_concepts_raised":44220},{"base_id":255,"kind":"bot_words","i1":2,"i2":4,"sol":{"path":["/c/en/ajuga","/c/en/plant","/c/en/water","/c/en/washbasin"],"weight":0.21117999999999992},"num_concepts_raised":32723},{"base_id":255,"kind":"bot_words","i1":2,"i2":5,"sol":{"path":["/c/en/ajuga","/c/en/plant","/c/en/quick","/c/en/peek","/c/en/keek"],"weight":0.21170999999999984},"num_concepts_raised":18560},{"base_id":255,"kind":"bot_words","i1":2,"i2":6,"sol":{"path":["/c/en/ajuga","/c/en/plant","/c/en/rose","/c/en/rosy"],"weight":0.21185999999999955},"num_concepts_raised":36410},{"base_id":255,"kind":"bot_words","i1":2,"i2":7,"sol":{"path":["/c/en/ajuga","/c/en/plant","/c/en/fruit","/c/fr/mendiant","/c/en/beggary"],"weight":0.20857999999999974},"num_concepts_raised":16648},{"base_id":255,"kind":"bot_words","i1":2,"i2":8,"sol":{"path":["/c/en/ajuga","/c/en/plant","/c/en/set","/c/en/parity"],"weight":0.2149099999999995},"num_concepts_raised":50849},{"base_id":255,"kind":"bot_words","i1":2,"i2":9,"sol":{"path":["/c/en/ajuga","/c/en/plant","/c/en/more","/c/en/oka"],"weight":0.20863999999999974},"num_concepts_raised":32325},{"base_id":255,"kind":"bot_words","i1":3,"i2":4,"sol":{"path":["/c/en/monetary","/c/en/cash","/c/en/wash","/c/en/washbasin"],"weight":0.21021999999999957},"num_concepts_raised":45005},{"base_id":255,"kind":"bot_words","i1":3,"i2":5,"sol":{"path":["/c/en/monetary","/c/en/money","/c/en/like","/c/en/peep","/c/en/keek"],"weight":0.20962999999999948},"num_concepts_raised":31408},{"base_id":255,"kind":"bot_words","i1":3,"i2":6,"sol":{"path":["/c/en/monetary","/c/en/mint","/c/en/slang","/c/en/rosy"],"weight":0.20732999999999918},"num_concepts_raised":48717},{"base_id":255,"kind":"bot_words","i1":3,"i2":7,"sol":{"path":["/c/en/monetary","/c/en/money","/c/en/beggar","/c/en/beggary"],"weight":0.20738999999999935},"num_concepts_raised":29564},{"base_id":255,"kind":"bot_words","i1":3,"i2":8,"sol":{"path":["/c/en/monetary","/c/en/even","/c/en/parity"],"weight":0.20500000000000002},"num_concepts_raised":332},{"base_id":255,"kind":"bot_words","i1":3,"i2":9,"sol":{"path":["/c/en/monetary","/c/en/money","/c/en/unit","/c/en/oka"],"weight":0.20766999999999938},"num_concepts_raised":44500},{"base_id":255,"kind":"bot_words","i1":4,"i2":5,"sol":{"path":["/c/en/washbasin","/c/en/use","/c/en/look","/c/en/keek"],"weight":0.20609000000000008},"num_concepts_raised":19897},{"base_id":255,"kind":"bot_words","i1":4,"i2":6,"sol":{"path":["/c/en/washbasin","/c/en/washbowl","/c/en/british","/c/en/rosy"],"weight":0.20881999999999976},"num_concepts_raised":37303},{"base_id":255,"kind":"bot_words","i1":4,"i2":7,"sol":{"path":["/c/en/washbasin","/c/fr/lavabo","/c/fr/religion","/c/fr/mendiant","/c/en/beggary"],"weight":0.20804999999999996},"num_concepts_raised":18122},{"base_id":255,"kind":"bot_words","i1":4,"i2":8,"sol":{"path":["/c/en/washbasin","/c/en/water","/c/en/medicine","/c/en/parity"],"weight":0.2121699999999997},"num_concepts_raised":52133},{"base_id":255,"kind":"bot_words","i1":4,"i2":9,"sol":{"path":["/c/en/washbasin","/c/en/water","/c/en/weight","/c/en/oka"],"weight":0.20606999999999998},"num_concepts_raised":33418},{"base_id":255,"kind":"bot_words","i1":5,"i2":6,"sol":{"path":["/c/en/keek","/c/en/peep","/c/en/slang","/c/en/rosy"],"weight":0.20623999999999967},"num_concepts_raised":23617},{"base_id":255,"kind":"bot_words","i1":5,"i2":7,"sol":{"path":["/c/en/keek","/c/en/kick","/c/en/cant","/c/en/beggar","/c/en/beggary"],"weight":0.20423999999999987},"num_concepts_raised":3688},{"base_id":255,"kind":"bot_words","i1":5,"i2":8,"sol":{"path":["/c/en/keek","/c/en/peep","/c/en/medicine","/c/en/parity"],"weight":0.21164999999999962},"num_concepts_raised":38297},{"base_id":255,"kind":"bot_words","i1":5,"i2":9,"sol":{"path":["/c/en/keek","/c/en/peek","/c/en/memory","/c/en/unit","/c/en/oka"],"weight":0.2065399999999999},"num_concepts_raised":19501},{"base_id":255,"kind":"bot_words","i1":6,"i2":7,"sol":{"path":["/c/en/rosy","/c/fr/rosé","/c/fr/raisin","/c/fr/mendiant","/c/en/beggary"],"weight":0.20411999999999955},"num_concepts_raised":21823},{"base_id":255,"kind":"bot_words","i1":6,"i2":8,"sol":{"path":["/c/en/rosy","/c/en/rose","/c/en/mathematics","/c/en/parity"],"weight":0.21284999999999932},"num_concepts_raised":56007},{"base_id":255,"kind":"bot_words","i1":6,"i2":9,"sol":{"path":["/c/en/rosy","/c/en/slang","/c/en/weight","/c/en/oka"],"weight":0.20421999999999957},"num_concepts_raised":37139},{"base_id":255,"kind":"bot_words","i1":7,"i2":8,"sol":{"path":["/c/en/beggary","/c/fr/mendicité","/c/fr/nature","/c/fr/parité","/c/en/parity"],"weight":0.21373999999999949},"num_concepts_raised":36436},{"base_id":255,"kind":"bot_words","i1":7,"i2":9,"sol":{"path":["/c/en/beggary","/c/en/begging","/c/en/maund","/c/en/historical","/c/en/oka"],"weight":0.2044399999999998},"num_concepts_raised":17593},{"base_id":255,"kind":"bot_words","i1":8,"i2":9,"sol":{"path":["/c/en/parity","/c/en/mathematics","/c/en/unit","/c/en/oka"],"weight":0.20979999999999954},"num_concepts_raised":51601}],[{"base_id":255,"kind":"top_words","i1":0,"i2":1,"sol":{"path":["/c/en/medlar","/c/en/tree","/c/en/chemistry","/c/en/deposition"],"weight":0.21138999999999913},"num_concepts_raised":100882},{"base_id":255,"kind":"top_words","i1":0,"i2":2,"sol":{"path":["/c/en/medlar","/c/en/family","/c/en/support","/c/en/corroborate"],"weight":0.2121699999999996},"num_concepts_raised":32082},{"base_id":255,"kind":"top_words","i1":0,"i2":3,"sol":{"path":["/c/en/medlar","/c/en/proper","/c/en/improper","/c/en/impropriety"],"weight":0.20930999999999955},"num_concepts_raised":32553},{"base_id":255,"kind":"top_words","i1":0,"i2":4,"sol":{"path":["/c/en/medlar","/c/en/family","/c/en/music","/c/en/lied"],"weight":0.21444999999999975},"num_concepts_raised":36092},{"base_id":255,"kind":"top_words","i1":0,"i2":5,"sol":{"path":["/c/en/medlar","/c/en/proper","/c/en/behavior","/c/en/misconduct"],"weight":0.21433999999999953},"num_concepts_raised":33761},{"base_id":255,"kind":"top_words","i1":0,"i2":6,"sol":{"path":["/c/en/medlar","/c/en/apple","/c/en/company","/c/en/enron"],"weight":0.21398999999999965},"num_concepts_raised":26913},{"base_id":255,"kind":"top_words","i1":0,"i2":7,"sol":{"path":["/c/en/medlar","/c/en/decay","/c/en/cause","/c/en/accuse","/c/en/accuser"],"weight":0.21191999999999972},"num_concepts_raised":24637},{"base_id":255,"kind":"top_words","i1":0,"i2":8,"sol":{"path":["/c/en/medlar","/c/en/tree","/c/en/true","/c/en/lie","/c/en/perjury"],"weight":0.21818999999999966},"num_concepts_raised":37300},{"base_id":255,"kind":"top_words","i1":0,"i2":9,"sol":{"path":["/c/en/medlar","/c/en/tree","/c/syc/ܚܘܪܐ","/c/en/sight","/c/en/espy"],"weight":0.21022999999999975},"num_concepts_raised":28395},{"base_id":255,"kind":"top_words","i1":1,"i2":2,"sol":{"path":["/c/en/deposition","/c/en/legal","/c/fi/vahvistaa","/c/en/corroborate"],"weight":0.20929999999999915},"num_concepts_raised":85900},{"base_id":255,"kind":"top_words","i1":1,"i2":3,"sol":{"path":["/c/en/deposition","/c/fr/droit","/c/en/act","/c/en/impropriety"],"weight":0.20663999999999907},"num_concepts_raised":86418},{"base_id":255,"kind":"top_words","i1":1,"i2":4,"sol":{"path":["/c/en/deposition","/c/en/testimony","/c/en/lie","/c/en/lied"],"weight":0.21283999999999928},"num_concepts_raised":89983},{"base_id":255,"kind":"top_words","i1":1,"i2":5,"sol":{"path":["/c/en/deposition","/c/fr/droit","/c/en/act","/c/en/misconduct"],"weight":0.21171999999999902},"num_concepts_raised":87410},{"base_id":255,"kind":"top_words","i1":1,"i2":6,"sol":{"path":["/c/en/deposition","/c/en/legal","/c/en/company","/c/en/enron"],"weight":0.21033999999999917},"num_concepts_raised":81219},{"base_id":255,"kind":"top_words","i1":1,"i2":7,"sol":{"path":["/c/en/deposition","/c/fr/droit","/c/la/accusator","/c/en/accuser"],"weight":0.20941999999999922},"num_concepts_raised":78950},{"base_id":255,"kind":"top_words","i1":1,"i2":8,"sol":{"path":["/c/en/deposition","/c/en/court","/c/en/perjury"],"weight":0.20400000000000001},"num_concepts_raised":341},{"base_id":255,"kind":"top_words","i1":1,"i2":9,"sol":{"path":["/c/en/deposition","/c/en/snow","/c/en/sight","/c/en/espy"],"weight":0.20635999999999927},"num_concepts_raised":82688},{"base_id":255,"kind":"top_words","i1":2,"i2":3,"sol":{"path":["/c/en/corroborate","/c/en/support","/c/en/act","/c/en/impropriety"],"weight":0.20659999999999956},"num_concepts_raised":17529},{"base_id":255,"kind":"top_words","i1":2,"i2":4,"sol":{"path":["/c/en/corroborate","/c/en/sustain","/c/en/music","/c/en/lied"],"weight":0.21039999999999978},"num_concepts_raised":21014},{"base_id":255,"kind":"top_words","i1":2,"i2":5,"sol":{"path":["/c/en/corroborate","/c/en/support","/c/en/act","/c/en/misconduct"],"weight":0.21167999999999954},"num_concepts_raised":18671},{"base_id":255,"kind":"top_words","i1":2,"i2":6,"sol":{"path":["/c/en/corroborate","/c/fi/vahvistaa","/c/en/legal","/c/en/company","/c/en/enron"],"weight":0.21191999999999966},"num_concepts_raised":11862},{"base_id":255,"kind":"top_words","i1":2,"i2":7,"sol":{"path":["/c/en/corroborate","/c/en/appeal","/c/en/accuse","/c/en/accuser"],"weight":0.2077199999999997},"num_concepts_raised":9522},{"base_id":255,"kind":"top_words","i1":2,"i2":8,"sol":{"path":["/c/en/corroborate","/c/en/evidence","/c/en/perjury"],"weight":0.20400000000000001},"num_concepts_raised":261},{"base_id":255,"kind":"top_words","i1":2,"i2":9,"sol":{"path":["/c/en/corroborate","/c/ar/وكد","/c/en/look","/c/en/espy"],"weight":0.20481999999999975},"num_concepts_raised":13255},{"base_id":255,"kind":"top_words","i1":3,"i2":4,"sol":{"path":["/c/en/impropriety","/c/en/condition","/c/en/lie","/c/en/lied"],"weight":0.2107799999999997},"num_concepts_raised":21456},{"base_id":255,"kind":"top_words","i1":3,"i2":5,"sol":{"path":["/c/en/impropriety","/c/en/act","/c/en/misconduct"],"weight":0.20400000000000001},"num_concepts_raised":151},{"base_id":255,"kind":"top_words","i1":3,"i2":6,"sol":{"path":["/c/en/impropriety","/c/ja/不義","/c/en/evil","/c/en/enron"],"weight":0.2083499999999996},"num_concepts_raised":12328},{"base_id":255,"kind":"top_words","i1":3,"i2":7,"sol":{"path":["/c/en/impropriety","/c/en/improper","/c/en/informer","/c/la/accusator","/c/en/accuser"],"weight":0.20664999999999967},"num_concepts_raised":10035},{"base_id":255,"kind":"top_words","i1":3,"i2":8,"sol":{"path":["/c/en/impropriety","/c/en/condition","/c/en/lie","/c/en/perjury"],"weight":0.21243999999999963},"num_concepts_raised":22611},{"base_id":255,"kind":"top_words","i1":3,"i2":9,"sol":{"path":["/c/en/impropriety","/c/en/act","/c/en/discover","/c/en/espy"],"weight":0.2034599999999997},"num_concepts_raised":13761},{"base_id":255,"kind":"top_words","i1":4,"i2":5,"sol":{"path":["/c/en/lied","/c/en/punish","/c/en/misconduct"],"weight":0.20600000000000002},"num_concepts_raised":123},{"base_id":255,"kind":"top_words","i1":4,"i2":6,"sol":{"path":["/c/en/lied","/c/en/lie","/c/en/bad","/c/en/evil","/c/en/enron"],"weight":0.2153999999999998},"num_concepts_raised":15875},{"base_id":255,"kind":"top_words","i1":4,"i2":7,"sol":{"path":["/c/en/lied","/c/en/lie","/c/en/legal","/c/es/acusador","/c/en/accuser"],"weight":0.21354999999999985},"num_concepts_raised":13567},{"base_id":255,"kind":"top_words","i1":4,"i2":8,"sol":{"path":["/c/en/lied","/c/en/lie","/c/en/perjury"],"weight":0.20800000000000002},"num_concepts_raised":169},{"base_id":255,"kind":"top_words","i1":4,"i2":9,"sol":{"path":["/c/en/lied","/c/en/lie","/c/en/position","/c/en/sight","/c/en/espy"],"weight":0.2115499999999999},"num_concepts_raised":17306},{"base_id":255,"kind":"top_words","i1":5,"i2":6,"sol":{"path":["/c/en/misconduct","/c/en/management","/c/en/company","/c/en/enron"],"weight":0.21339999999999956},"num_concepts_raised":13449},{"base_id":255,"kind":"top_words","i1":5,"i2":7,"sol":{"path":["/c/en/misconduct","/c/en/act","/c/fr/droit","/c/la/accusator","/c/en/accuser"],"weight":0.2116999999999996},"num_concepts_raised":11237},{"base_id":255,"kind":"top_words","i1":5,"i2":8,"sol":{"path":["/c/en/misconduct","/c/en/misbehave","/c/en/lie","/c/en/perjury"],"weight":0.21743999999999958},"num_concepts_raised":23750},{"base_id":255,"kind":"top_words","i1":5,"i2":9,"sol":{"path":["/c/en/misconduct","/c/en/act","/c/en/discover","/c/en/espy"],"weight":0.20853999999999967},"num_concepts_raised":14967},{"base_id":255,"kind":"top_words","i1":6,"i2":7,"sol":{"path":["/c/en/enron","/c/en/company","/c/en/legal","/c/es/acusador","/c/en/accuser"],"weight":0.21111999999999975},"num_concepts_raised":4297},{"base_id":255,"kind":"top_words","i1":6,"i2":8,"sol":{"path":["/c/en/enron","/c/en/company","/c/en/legal","/c/en/perjury"],"weight":0.21494999999999975},"num_concepts_raised":17072},{"base_id":255,"kind":"top_words","i1":6,"i2":9,"sol":{"path":["/c/en/enron","/c/en/company","/c/en/look","/c/en/espy"],"weight":0.2080599999999998},"num_concepts_raised":8077},{"base_id":255,"kind":"top_words","i1":7,"i2":8,"sol":{"path":["/c/en/accuser","/c/es/acusador","/c/en/legal","/c/en/perjury"],"weight":0.21312999999999976},"num_concepts_raised":14696},{"base_id":255,"kind":"top_words","i1":7,"i2":9,"sol":{"path":["/c/en/accuser","/c/en/plaintiff","/c/la/quaerens","/c/en/look","/c/en/espy"],"weight":0.20420999999999984},"num_concepts_raised":5725},{"base_id":255,"kind":"top_words","i1":8,"i2":9,"sol":{"path":["/c/en/perjury","/c/en/lie","/c/en/position","/c/en/sight","/c/en/espy"],"weight":0.21317999999999981},"num_concepts_raised":18539}]]