[[{"base_id":706,"kind":"bot_words","i1":0,"i2":1,"sol":{"path":["/c/en/mucilaginous","/c/en/sticky","/c/en/birdlime","/c/en/bird","/c/en/apalis"],"weight":0.2083799999999997},"num_concepts_raised":8175},{"base_id":706,"kind":"bot_words","i1":0,"i2":2,"sol":{"path":["/c/en/mucilaginous","/c/en/adhesive","/c/en/glue","/c/en/cut","/c/ko/베다","/c/en/vedas"],"weight":0.2142278999999993},"num_concepts_raised":360400},{"base_id":706,"kind":"bot_words","i1":0,"i2":3,"sol":{"path":["/c/en/mucilaginous","/c/fr/visqueux","/c/fr/chimie","/c/en/tetrachloroethylene"],"weight":0.20871999999999974},"num_concepts_raised":16526},{"base_id":706,"kind":"bot_words","i1":0,"i2":4,"sol":{"path":["/c/en/mucilaginous","/c/en/gummy","/c/en/australia","/c/en/continent"],"weight":0.22534999999999952},"num_concepts_raised":82788},{"base_id":706,"kind":"bot_words","i1":0,"i2":5,"sol":{"path":["/c/en/mucilaginous","/c/en/mother","/c/en/animal","/c/en/gnu","/c/en/wildebeest"],"weight":0.21164999999999945},"num_concepts_raised":7909},{"base_id":706,"kind":"bot_words","i1":0,"i2":6,"sol":{"path":["/c/en/mucilaginous","/c/en/mother","/c/zh/失恃","/c/en/bereaved","/c/en/bereft"],"weight":0.20532999999999965},"num_concepts_raised":7428},{"base_id":706,"kind":"bot_words","i1":0,"i2":7,"sol":{"path":["/c/en/mucilaginous","/c/en/mother","/c/en/kids","/c/en/brian"],"weight":0.20329999999999965},"num_concepts_raised":20101},{"base_id":706,"kind":"bot_words","i1":0,"i2":8,"sol":{"path":["/c/en/mucilaginous","/c/en/mother","/c/en/person","/c/en/catiline"],"weight":0.2083899999999996},"num_concepts_raised":17155},{"base_id":706,"kind":"bot_words","i1":0,"i2":9,"sol":{"path":["/c/en/mucilaginous","/c/en/mucus","/c/en/green","/c/en/pasture","/c/en/pastureland"],"weight":0.20440999999999976},"num_concepts_raised":7032},{"base_id":706,"kind":"bot_words","i1":1,"i2":2,"sol":{"path":["/c/en/apalis","/c/en/bird","/c/th/ยมทูต","/c/en/hinduism","/c/en/veda","/c/en/vedas"],"weight":0.21629729999999897},"num_concepts_raised":241519},{"base_id":706,"kind":"bot_words","i1":1,"i2":3,"sol":{"path":["/c/en/apalis","/c/en/bird","/c/en/group","/c/fr/chimie","/c/en/tetrachloroethylene"],"weight":0.21311999999999987},"num_concepts_raised":16616},{"base_id":706,"kind":"bot_words","i1":1,"i2":4,"sol":{"path":["/c/en/apalis","/c/en/bird","/c/en/sea","/c/en/continent"],"weight":0.22800999999999966},"num_concepts_raised":82738},{"base_id":706,"kind":"bot_words","i1":1,"i2":5,"sol":{"path":["/c/en/apalis","/c/en/bird","/c/en/wild","/c/en/wildebeest"],"weight":0.2134099999999996},"num_concepts_raised":7965},{"base_id":706,"kind":"bot_words","i1":1,"i2":6,"sol":{"path":["/c/en/apalis","/c/en/bird","/c/en/ireland","/c/en/left","/c/en/bereft"],"weight":0.2078099999999998},"num_concepts_raised":7504},{"base_id":706,"kind":"bot_words","i1":1,"i2":7,"sol":{"path":["/c/en/apalis","/c/en/bird","/c/en/slang","/c/en/burn","/c/en/brian"],"weight":0.20798999999999981},"num_concepts_raised":20250},{"base_id":706,"kind":"bot_words","i1":1,"i2":8,"sol":{"path":["/c/en/apalis","/c/en/bird","/c/en/man","/c/en/politician","/c/en/catiline"],"weight":0.21291999999999975},"num_concepts_raised":17254},{"base_id":706,"kind":"bot_words","i1":1,"i2":9,"sol":{"path":["/c/en/apalis","/c/en/bird","/c/en/crop","/c/en/pasture","/c/en/pastureland"],"weight":0.20786999999999992},"num_concepts_raised":7093},{"base_id":706,"kind":"bot_words","i1":2,"i2":3,"sol":{"path":["/c/en/vedas","/c/fr/véda","/c/fr/livre","/c/fr/produit","/c/fr/chimie","/c/en/tetrachloroethylene"],"weight":0.217836499999998},"num_concepts_raised":232183},{"base_id":706,"kind":"bot_words","i1":2,"i2":4,"sol":{"path":["/c/en/vedas","/c/en/veda","/c/en/india","/c/en/asia","/c/en/continent"],"weight":0.23264999999999944},"num_concepts_raised":79329},{"base_id":706,"kind":"bot_words","i1":2,"i2":5,"sol":{"path":["/c/en/vedas","/c/en/vyasa","/c/en/shuka","/c/en/africa","/c/en/gnu","/c/en/wildebeest"],"weight":0.2214494999999992},"num_concepts_raised":268589},{"base_id":706,"kind":"bot_words","i1":2,"i2":6,"sol":{"path":["/c/en/vedas","/c/en/veda","/c/en/hinduism","/c/en/culture","/c/en/lacking","/c/en/bereft"],"weight":0.2115747999999994},"num_concepts_raised":281560},{"base_id":706,"kind":"bot_words","i1":2,"i2":7,"sol":{"path":["/c/en/vedas","/c/en/veda","/c/sa/ऋषि","/c/en/light","/c/en/brian"],"weight":0.2084799999999996},"num_concepts_raised":16454},{"base_id":706,"kind":"bot_words","i1":2,"i2":8,"sol":{"path":["/c/en/vedas","/c/en/vyasa","/c/en/sage","/c/en/person","/c/en/catiline"],"weight":0.2133699999999995},"num_concepts_raised":13448},{"base_id":706,"kind":"bot_words","i1":2,"i2":9,"sol":{"path":["/c/en/vedas","/c/ko/베다","/c/en/cut","/c/en/graze","/c/en/pastureland"],"weight":0.2082099999999997},"num_concepts_raised":3247},{"base_id":706,"kind":"bot_words","i1":3,"i2":4,"sol":{"path":["/c/en/tetrachloroethylene","/c/fr/chimie","/c/en/water","/c/en/continent"],"weight":0.22835999999999967},"num_concepts_raised":91323},{"base_id":706,"kind":"bot_words","i1":3,"i2":5,"sol":{"path":["/c/en/tetrachloroethylene","/c/fr/chimie","/c/en/mole","/c/en/mammal","/c/en/wildebeest"],"weight":0.21384999999999965},"num_concepts_raised":16363},{"base_id":706,"kind":"bot_words","i1":3,"i2":6,"sol":{"path":["/c/en/tetrachloroethylene","/c/fr/chimie","/c/de/abziehen","/c/en/leave","/c/en/bereft"],"weight":0.2082799999999998},"num_concepts_raised":15862},{"base_id":706,"kind":"bot_words","i1":3,"i2":7,"sol":{"path":["/c/en/tetrachloroethylene","/c/en/pce","/c/en/energy","/c/en/burn","/c/en/brian"],"weight":0.21045999999999984},"num_concepts_raised":28639},{"base_id":706,"kind":"bot_words","i1":3,"i2":8,"sol":{"path":["/c/en/tetrachloroethylene","/c/en/pce","/c/en/energy","/c/en/person","/c/en/catiline"],"weight":0.21531999999999976},"num_concepts_raised":25655},{"base_id":706,"kind":"bot_words","i1":3,"i2":9,"sol":{"path":["/c/en/tetrachloroethylene","/c/en/chloro","/c/en/green","/c/en/pasture","/c/en/pastureland"],"weight":0.20820999999999995},"num_concepts_raised":15467},{"base_id":706,"kind":"bot_words","i1":4,"i2":5,"sol":{"path":["/c/en/continent","/c/en/africa","/c/en/gnu","/c/en/wildebeest"],"weight":0.23522999999999944},"num_concepts_raised":82554},{"base_id":706,"kind":"bot_words","i1":4,"i2":6,"sol":{"path":["/c/en/continent","/c/en/north","/c/en/left","/c/en/bereft"],"weight":0.22269999999999962},"num_concepts_raised":82137},{"base_id":706,"kind":"bot_words","i1":4,"i2":7,"sol":{"path":["/c/en/continent","/c/en/sex","/c/en/brian"],"weight":0.20600000000000002},"num_concepts_raised":576},{"base_id":706,"kind":"bot_words","i1":4,"i2":8,"sol":{"path":["/c/en/continent","/c/en/land","/c/en/person","/c/en/catiline"],"weight":0.23285999999999954},"num_concepts_raised":90806},{"base_id":706,"kind":"bot_words","i1":4,"i2":9,"sol":{"path":["/c/en/continent","/c/en/land","/c/en/pastureland"],"weight":0.20800000000000002},"num_concepts_raised":558},{"base_id":706,"kind":"bot_words","i1":5,"i2":6,"sol":{"path":["/c/en/wildebeest","/c/en/wild","/c/en/beaver","/c/en/leave","/c/en/bereft"],"weight":0.20855999999999958},"num_concepts_raised":7255},{"base_id":706,"kind":"bot_words","i1":5,"i2":7,"sol":{"path":["/c/en/wildebeest","/c/en/gnu","/c/en/animal","/c/en/sex","/c/en/brian"],"weight":0.2112899999999996},"num_concepts_raised":19997},{"base_id":706,"kind":"bot_words","i1":5,"i2":8,"sol":{"path":["/c/en/wildebeest","/c/en/mammal","/c/en/person","/c/en/catiline"],"weight":0.21358999999999953},"num_concepts_raised":16999},{"base_id":706,"kind":"bot_words","i1":5,"i2":9,"sol":{"path":["/c/en/wildebeest","/c/en/antelope","/c/en/range","/c/fi/laidunmaa","/c/en/pastureland"],"weight":0.2094499999999997},"num_concepts_raised":6839},{"base_id":706,"kind":"bot_words","i1":6,"i2":7,"sol":{"path":["/c/en/bereft","/c/en/t","/c/en/northern_england","/c/en/brian"],"weight":0.20291999999999977},"num_concepts_raised":19436},{"base_id":706,"kind":"bot_words","i1":6,"i2":8,"sol":{"path":["/c/en/bereft","/c/cu/непричѧстьникъ","/c/en/person","/c/en/catiline"],"weight":0.2079699999999997},"num_concepts_raised":16486},{"base_id":706,"kind":"bot_words","i1":6,"i2":9,"sol":{"path":["/c/en/bereft","/c/en/leave","/c/en/green","/c/en/pasture","/c/en/pastureland"],"weight":0.20300999999999986},"num_concepts_raised":6334},{"base_id":706,"kind":"bot_words","i1":7,"i2":8,"sol":{"path":["/c/en/brian","/c/en/burn","/c/en/person","/c/en/catiline"],"weight":0.20816999999999972},"num_concepts_raised":29085},{"base_id":706,"kind":"bot_words","i1":7,"i2":9,"sol":{"path":["/c/en/brian","/c/en/fire","/c/en/range","/c/fi/laidunmaa","/c/en/pastureland"],"weight":0.20402999999999988},"num_concepts_raised":19066},{"base_id":706,"kind":"bot_words","i1":8,"i2":9,"sol":{"path":["/c/en/catiline","/c/en/person","/c/en/land","/c/en/pastureland"],"weight":0.2078999999999998},"num_concepts_raised":16115}],[{"base_id":706,"kind":"top_words","i1":0,"i2":1,"sol":{"path":["/c/en/rigger","/c/en/drum","/c/en/home","/c/en/security","/c/en/securitate"],"weight":0.2079899999999997},"num_concepts_raised":15966},{"base_id":706,"kind":"top_words","i1":0,"i2":2,"sol":{"path":["/c/en/rigger","/c/en/nz","/c/en/po","/c/en/polonium"],"weight":0.21168000000000015},"num_concepts_raised":8712},{"base_id":706,"kind":"top_words","i1":0,"i2":3,"sol":{"path":["/c/en/rigger","/c/en/sailing_vessel","/c/en/leg","/c/en/thigh"],"weight":0.21969999999999992},"num_concepts_raised":24796},{"base_id":706,"kind":"top_words","i1":0,"i2":4,"sol":{"path":["/c/en/rigger","/c/en/ship","/c/fr/chef_de_file","/c/fr/opération","/c/fr/anesthésiste","/c/en/anesthetist"],"weight":0.20787599999999962},"num_concepts_raised":546709},{"base_id":706,"kind":"top_words","i1":0,"i2":5,"sol":{"path":["/c/en/rigger","/c/en/cylindrical","/c/en/glass","/c/en/spyglass"],"weight":0.20310999999999985},"num_concepts_raised":8571},{"base_id":706,"kind":"top_words","i1":0,"i2":6,"sol":{"path":["/c/en/rigger","/c/en/drum","/c/en/uk","/c/en/doctor","/c/en/anaesthetist"],"weight":0.20283999999999977},"num_concepts_raised":7605},{"base_id":706,"kind":"top_words","i1":0,"i2":7,"sol":{"path":["/c/en/rigger","/c/en/crab","/c/en/food","/c/en/micronutrient"],"weight":0.20315999999999984},"num_concepts_raised":17518},{"base_id":706,"kind":"top_words","i1":0,"i2":8,"sol":{"path":["/c/en/rigger","/c/en/drum","/c/en/slang","/c/en/dialect","/c/en/ikavian"],"weight":0.2033199999999996},"num_concepts_raised":8320},{"base_id":706,"kind":"top_words","i1":0,"i2":9,"sol":{"path":["/c/en/rigger","/c/en/craftsman","/c/en/professional","/c/en/prizefight"],"weight":0.20280999999999982},"num_concepts_raised":11295},{"base_id":706,"kind":"top_words","i1":1,"i2":2,"sol":{"path":["/c/en/securitate","/c/en/historical","/c/en/lead","/c/fr/élément_chimique","/c/en/polonium"],"weight":0.21686000000000016},"num_concepts_raised":13210},{"base_id":706,"kind":"top_words","i1":1,"i2":3,"sol":{"path":["/c/en/securitate","/c/en/official","/c/zh/股掌","/c/en/thigh"],"weight":0.22202999999999992},"num_concepts_raised":29359},{"base_id":706,"kind":"top_words","i1":1,"i2":4,"sol":{"path":["/c/en/securitate","/c/en/historical","/c/fr/solidisme","/c/fr/médecin","/c/fr/anesthésiste","/c/en/anesthetist"],"weight":0.21316569999999846},"num_concepts_raised":400385},{"base_id":706,"kind":"top_words","i1":1,"i2":5,"sol":{"path":["/c/en/securitate","/c/en/historical","/c/en/pole","/c/en/telescope","/c/en/spyglass"],"weight":0.2083499999999998},"num_concepts_raised":13110},{"base_id":706,"kind":"top_words","i1":1,"i2":6,"sol":{"path":["/c/en/securitate","/c/en/security","/c/en/worker","/c/en/doctor","/c/en/anaesthetist"],"weight":0.20786999999999978},"num_concepts_raised":12120},{"base_id":706,"kind":"top_words","i1":1,"i2":7,"sol":{"path":["/c/en/securitate","/c/en/historical","/c/en/a","/c/en/vitamin","/c/en/micronutrient"],"weight":0.20822999999999986},"num_concepts_raised":22058},{"base_id":706,"kind":"top_words","i1":1,"i2":8,"sol":{"path":["/c/en/securitate","/c/en/romania","/c/en/serbia","/c/en/ekavian","/c/en/ikavian"],"weight":0.20937999999999962},"num_concepts_raised":12820},{"base_id":706,"kind":"top_words","i1":1,"i2":9,"sol":{"path":["/c/en/securitate","/c/en/historical","/c/en/trophy","/c/en/prize","/c/en/prizefight"],"weight":0.20991999999999983},"num_concepts_raised":15840},{"base_id":706,"kind":"top_words","i1":2,"i2":3,"sol":{"path":["/c/en/polonium","/c/en/po","/c/en/uk","/c/en/leg","/c/en/thigh"],"weight":0.2285300000000004},"num_concepts_raised":22153},{"base_id":706,"kind":"top_words","i1":2,"i2":4,"sol":{"path":["/c/en/polonium","/c/fr/polonium","/c/fr/rare","/c/fr/médecine","/c/pt/anestesista","/c/en/anesthetist"],"weight":0.22985660000000008},"num_concepts_raised":193077},{"base_id":706,"kind":"top_words","i1":2,"i2":5,"sol":{"path":["/c/en/polonium","/c/en/poland","/c/en/pole","/c/en/telescope","/c/en/spyglass"],"weight":0.2121100000000003},"num_concepts_raised":5783},{"base_id":706,"kind":"top_words","i1":2,"i2":6,"sol":{"path":["/c/en/polonium","/c/en/po","/c/en/uk","/c/en/doctor","/c/en/anaesthetist"],"weight":0.21162000000000025},"num_concepts_raised":4778},{"base_id":706,"kind":"top_words","i1":2,"i2":7,"sol":{"path":["/c/en/polonium","/c/en/chemical_element","/c/en/trace_element","/c/en/micronutrient"],"weight":0.2120000000000003},"num_concepts_raised":14743},{"base_id":706,"kind":"top_words","i1":2,"i2":8,"sol":{"path":["/c/en/polonium","/c/en/po","/c/en/pot","/c/en/dialect","/c/en/ikavian"],"weight":0.2120700000000001},"num_concepts_raised":5509},{"base_id":706,"kind":"top_words","i1":2,"i2":9,"sol":{"path":["/c/en/polonium","/c/fr/élément_chimique","/c/en/silver","/c/en/prize","/c/en/prizefight"],"weight":0.2138000000000003},"num_concepts_raised":8572},{"base_id":706,"kind":"top_words","i1":3,"i2":4,"sol":{"path":["/c/en/thigh","/c/en/body","/c/en/pain","/c/en/anaesthesia","/c/en/anesthetist"],"weight":0.2173200000000001},"num_concepts_raised":19822},{"base_id":706,"kind":"top_words","i1":3,"i2":5,"sol":{"path":["/c/en/thigh","/c/en/solid_object","/c/en/glass","/c/en/spyglass"],"weight":0.21726000000000006},"num_concepts_raised":21984},{"base_id":706,"kind":"top_words","i1":3,"i2":6,"sol":{"path":["/c/en/thigh","/c/en/body","/c/en/doctor","/c/en/anaesthetist"],"weight":0.21711999999999998},"num_concepts_raised":21022},{"base_id":706,"kind":"top_words","i1":3,"i2":7,"sol":{"path":["/c/en/thigh","/c/en/second_joint","/c/en/food","/c/en/micronutrient"],"weight":0.21965000000000007},"num_concepts_raised":30869},{"base_id":706,"kind":"top_words","i1":3,"i2":8,"sol":{"path":["/c/en/thigh","/c/fr/anatomie","/c/sh/tilo","/c/en/ikavian"],"weight":0.21793999999999986},"num_concepts_raised":21727},{"base_id":706,"kind":"top_words","i1":3,"i2":9,"sol":{"path":["/c/en/thigh","/c/en/leg","/c/en/match","/c/en/prizefight"],"weight":0.21969000000000005},"num_concepts_raised":24669},{"base_id":706,"kind":"top_words","i1":4,"i2":5,"sol":{"path":["/c/en/anesthetist","/c/pt/anestesista","/c/fr/médecine","/c/fr/lunette","/c/en/spyglass"],"weight":0.20433999999999997},"num_concepts_raised":3452},{"base_id":706,"kind":"top_words","i1":4,"i2":6,"sol":{"path":["/c/en/anesthetist","/c/en/anaesthetist"],"weight":0.202},"num_concepts_raised":43},{"base_id":706,"kind":"top_words","i1":4,"i2":7,"sol":{"path":["/c/en/anesthetist","/c/pt/anestesista","/c/fr/médecine","/c/fr/nutrition","/c/en/micronutrient"],"weight":0.20421},"num_concepts_raised":12437},{"base_id":706,"kind":"top_words","i1":4,"i2":8,"sol":{"path":["/c/en/anesthetist","/c/pt/anestesista","/c/fr/médecine","/c/fr/idiotisme","/c/en/dialect","/c/en/ikavian"],"weight":0.20842289999999938},"num_concepts_raised":287197},{"base_id":706,"kind":"top_words","i1":4,"i2":9,"sol":{"path":["/c/en/anesthetist","/c/en/anaesthetist","/c/en/doctor","/c/en/professional","/c/en/prizefight"],"weight":0.20292},"num_concepts_raised":6239},{"base_id":706,"kind":"top_words","i1":5,"i2":6,"sol":{"path":["/c/en/spyglass","/c/fr/lunette","/c/fr/médecine","/c/it/anestesista","/c/en/anaesthetist"],"weight":0.2032099999999999},"num_concepts_raised":4679},{"base_id":706,"kind":"top_words","i1":5,"i2":7,"sol":{"path":["/c/en/spyglass","/c/en/glass","/c/en/mineral","/c/en/micronutrient"],"weight":0.20337999999999998},"num_concepts_raised":14629},{"base_id":706,"kind":"top_words","i1":5,"i2":8,"sol":{"path":["/c/en/spyglass","/c/en/glass","/c/en/tumbler","/c/en/dialect","/c/en/ikavian"],"weight":0.20350999999999975},"num_concepts_raised":5411},{"base_id":706,"kind":"top_words","i1":5,"i2":9,"sol":{"path":["/c/en/spyglass","/c/en/glass","/c/en/sport","/c/en/prizefight"],"weight":0.20311999999999997},"num_concepts_raised":8426},{"base_id":706,"kind":"top_words","i1":6,"i2":7,"sol":{"path":["/c/en/anaesthetist","/c/en/doctor","/c/en/medicine","/c/en/vitamin","/c/en/micronutrient"],"weight":0.20317999999999992},"num_concepts_raised":13661},{"base_id":706,"kind":"top_words","i1":6,"i2":8,"sol":{"path":["/c/en/anaesthetist","/c/en/doctor","/c/en/person","/c/en/jat","/c/en/ikavian"],"weight":0.2031799999999997},"num_concepts_raised":4399},{"base_id":706,"kind":"top_words","i1":6,"i2":9,"sol":{"path":["/c/en/anaesthetist","/c/en/doctor","/c/en/professional","/c/en/prizefight"],"weight":0.20274999999999987},"num_concepts_raised":7451},{"base_id":706,"kind":"top_words","i1":7,"i2":8,"sol":{"path":["/c/en/micronutrient","/c/en/food","/c/en/plant","/c/en/dialect","/c/en/ikavian"],"weight":0.2035499999999998},"num_concepts_raised":14373},{"base_id":706,"kind":"top_words","i1":7,"i2":9,"sol":{"path":["/c/en/micronutrient","/c/en/food","/c/en/plate","/c/en/prize","/c/en/prizefight"],"weight":0.20513999999999996},"num_concepts_raised":17408},{"base_id":706,"kind":"top_words","i1":8,"i2":9,"sol":{"path":["/c/en/ikavian","/c/en/dialect","/c/en/prime","/c/en/prize","/c/en/prizefight"],"weight":0.20522999999999975},"num_concepts_raised":8179}]]