[[{"base_id":215,"kind":"bot_words","i1":0,"i2":1,"sol":{"path":["/c/en/handbrake","/c/en/rack","/c/en/bar","/c/en/prohibit"],"weight":0.21168999999999974},"num_concepts_raised":17711},{"base_id":215,"kind":"bot_words","i1":0,"i2":2,"sol":{"path":["/c/en/handbrake","/c/en/hand","/c/en/captain","/c/en/subaltern"],"weight":0.2100799999999998},"num_concepts_raised":24757},{"base_id":215,"kind":"bot_words","i1":0,"i2":3,"sol":{"path":["/c/en/handbrake","/c/en/vehicle","/c/en/agent","/c/en/fictional_character","/c/en/scheherazade"],"weight":0.21499000000000013},"num_concepts_raised":6863},{"base_id":215,"kind":"bot_words","i1":0,"i2":4,"sol":{"path":["/c/en/handbrake","/c/en/hand","/c/en/point","/c/en/succinct","/c/en/succinctly"],"weight":0.2096999999999999},"num_concepts_raised":6816},{"base_id":215,"kind":"bot_words","i1":0,"i2":5,"sol":{"path":["/c/en/handbrake","/c/en/software","/c/en/banshee","/c/en/mournful","/c/en/mournfully"],"weight":0.2093599999999999},"num_concepts_raised":7129},{"base_id":215,"kind":"bot_words","i1":0,"i2":6,"sol":{"path":["/c/en/handbrake","/c/en/automotive","/c/en/part","/c/en/proportion","/c/en/proportional"],"weight":0.21136999999999964},"num_concepts_raised":16356},{"base_id":215,"kind":"bot_words","i1":0,"i2":7,"sol":{"path":["/c/en/handbrake","/c/en/hand","/c/en/human","/c/en/humanitarianism"],"weight":0.2142299999999999},"num_concepts_raised":9964},{"base_id":215,"kind":"bot_words","i1":0,"i2":8,"sol":{"path":["/c/en/handbrake","/c/en/hand","/c/en/side","/c/en/backside"],"weight":0.21213999999999966},"num_concepts_raised":30214},{"base_id":215,"kind":"bot_words","i1":0,"i2":9,"sol":{"path":["/c/en/handbrake","/c/en/lever","/c/en/uk","/c/en/cheeky","/c/en/cheekily"],"weight":0.20940999999999993},"num_concepts_raised":6880},{"base_id":215,"kind":"bot_words","i1":1,"i2":2,"sol":{"path":["/c/en/prohibit","/c/en/interdict","/c/en/military","/c/en/subaltern"],"weight":0.20779999999999957},"num_concepts_raised":29700},{"base_id":215,"kind":"bot_words","i1":1,"i2":3,"sol":{"path":["/c/en/prohibit","/c/en/debar","/c/en/town","/c/fa/شهر","/c/en/scheherazade"],"weight":0.2135499999999999},"num_concepts_raised":11842},{"base_id":215,"kind":"bot_words","i1":1,"i2":4,"sol":{"path":["/c/en/prohibit","/c/en/suppress","/c/la/sub","/c/en/succinct","/c/en/succinctly"],"weight":0.20724999999999966},"num_concepts_raised":11795},{"base_id":215,"kind":"bot_words","i1":1,"i2":5,"sol":{"path":["/c/en/prohibit","/c/en/prevent","/c/ar/حد","/c/en/mourning","/c/en/mournfully"],"weight":0.2062399999999997},"num_concepts_raised":12109},{"base_id":215,"kind":"bot_words","i1":1,"i2":6,"sol":{"path":["/c/en/prohibit","/c/en/habit","/c/en/uniform","/c/en/proportional"],"weight":0.2075299999999994},"num_concepts_raised":21277},{"base_id":215,"kind":"bot_words","i1":1,"i2":7,"sol":{"path":["/c/en/prohibit","/c/en/bar","/c/en/human","/c/en/humanitarianism"],"weight":0.21181999999999968},"num_concepts_raised":14946},{"base_id":215,"kind":"bot_words","i1":1,"i2":8,"sol":{"path":["/c/en/prohibit","/c/en/hinder","/c/en/back","/c/en/backside"],"weight":0.20910999999999946},"num_concepts_raised":35106},{"base_id":215,"kind":"bot_words","i1":1,"i2":9,"sol":{"path":["/c/en/prohibit","/c/en/allow","/c/cs/dovolit","/c/en/impudent","/c/en/cheekily"],"weight":0.2070799999999997},"num_concepts_raised":11858},{"base_id":215,"kind":"bot_words","i1":2,"i2":3,"sol":{"path":["/c/en/subaltern","/c/en/military","/c/en/country","/c/fa/شهر","/c/en/scheherazade"],"weight":0.21101999999999996},"num_concepts_raised":19090},{"base_id":215,"kind":"bot_words","i1":2,"i2":4,"sol":{"path":["/c/en/subaltern","/c/la/sub","/c/en/succinct","/c/en/succinctly"],"weight":0.20450999999999975},"num_concepts_raised":19059},{"base_id":215,"kind":"bot_words","i1":2,"i2":5,"sol":{"path":["/c/en/subaltern","/c/en/captain","/c/en/armband","/c/en/mourning","/c/en/mournfully"],"weight":0.20436999999999977},"num_concepts_raised":19369},{"base_id":215,"kind":"bot_words","i1":2,"i2":6,"sol":{"path":["/c/en/subaltern","/c/en/military","/c/en/proportionality","/c/en/proportional"],"weight":0.20617999999999947},"num_concepts_raised":28287},{"base_id":215,"kind":"bot_words","i1":2,"i2":7,"sol":{"path":["/c/en/subaltern","/c/en/social_science","/c/en/humanity","/c/en/humanitarianism"],"weight":0.20897999999999975},"num_concepts_raised":22117},{"base_id":215,"kind":"bot_words","i1":2,"i2":8,"sol":{"path":["/c/en/subaltern","/c/en/military","/c/en/rear","/c/en/backside"],"weight":0.2073699999999995},"num_concepts_raised":41636},{"base_id":215,"kind":"bot_words","i1":2,"i2":9,"sol":{"path":["/c/en/subaltern","/c/en/military","/c/fr/front","/c/fr/effrontément","/c/en/cheekily"],"weight":0.20640999999999976},"num_concepts_raised":19118},{"base_id":215,"kind":"bot_words","i1":3,"i2":4,"sol":{"path":["/c/en/scheherazade","/c/fa/زاد","/c/en/son","/c/en/short","/c/en/succinct","/c/en/succinctly"],"weight":0.21700649999999977},"num_concepts_raised":58473},{"base_id":215,"kind":"bot_words","i1":3,"i2":5,"sol":{"path":["/c/en/scheherazade","/c/en/john_barth","/c/en/writer","/c/en/tragic","/c/en/mournful","/c/en/mournfully"],"weight":0.2162562999999998},"num_concepts_raised":66685},{"base_id":215,"kind":"bot_words","i1":3,"i2":6,"sol":{"path":["/c/en/scheherazade","/c/en/fictional_character","/c/en/character","/c/en/proportional"],"weight":0.2109999999999998},"num_concepts_raised":10448},{"base_id":215,"kind":"bot_words","i1":3,"i2":7,"sol":{"path":["/c/en/scheherazade","/c/fa/شهر","/c/en/city","/c/en/human","/c/en/humanitarianism"],"weight":0.21517000000000008},"num_concepts_raised":4008},{"base_id":215,"kind":"bot_words","i1":3,"i2":8,"sol":{"path":["/c/en/scheherazade","/c/fa/شهر","/c/en/city","/c/en/side","/c/en/backside"],"weight":0.21303999999999984},"num_concepts_raised":24692},{"base_id":215,"kind":"bot_words","i1":3,"i2":9,"sol":{"path":["/c/en/scheherazade","/c/fr/shéhérazade","/c/fr/personnage","/c/fr/effronté","/c/fr/effrontément","/c/en/cheekily"],"weight":0.22130359999999988},"num_concepts_raised":65765},{"base_id":215,"kind":"bot_words","i1":4,"i2":5,"sol":{"path":["/c/en/succinctly","/c/en/succinct","/c/en/point","/c/ar/حد","/c/en/mourning","/c/en/mournfully"],"weight":0.2076330999999998},"num_concepts_raised":36076},{"base_id":215,"kind":"bot_words","i1":4,"i2":6,"sol":{"path":["/c/en/succinctly","/c/en/succinct","/c/en/point","/c/en/angle","/c/en/proportional"],"weight":0.2057399999999996},"num_concepts_raised":10421},{"base_id":215,"kind":"bot_words","i1":4,"i2":7,"sol":{"path":["/c/en/succinctly","/c/en/succinct","/c/en/brief","/c/en/historical","/c/en/humanism","/c/en/humanitarianism"],"weight":0.2174020999999997},"num_concepts_raised":349711},{"base_id":215,"kind":"bot_words","i1":4,"i2":8,"sol":{"path":["/c/en/succinctly","/c/en/succinct","/c/en/point","/c/en/part","/c/en/backside"],"weight":0.20556999999999961},"num_concepts_raised":24659},{"base_id":215,"kind":"bot_words","i1":4,"i2":9,"sol":{"path":["/c/en/succinctly","/c/en/succinct","/c/en/short","/c/en/uk","/c/en/cheeky","/c/en/cheekily"],"weight":0.20980219999999983},"num_concepts_raised":35208},{"base_id":215,"kind":"bot_words","i1":5,"i2":6,"sol":{"path":["/c/en/mournfully","/c/en/mourning","/c/en/bereavement","/c/en/relative","/c/en/proportional"],"weight":0.20461999999999964},"num_concepts_raised":10733},{"base_id":215,"kind":"bot_words","i1":5,"i2":7,"sol":{"path":["/c/en/mournfully","/c/en/mournful","/c/en/grief","/c/en/suffering","/c/en/humanitarian","/c/en/humanitarianism"],"weight":0.21610589999999968},"num_concepts_raised":356307},{"base_id":215,"kind":"bot_words","i1":5,"i2":8,"sol":{"path":["/c/en/mournfully","/c/en/mourning","/c/ar/حد","/c/en/side","/c/en/backside"],"weight":0.20634999999999964},"num_concepts_raised":24971},{"base_id":215,"kind":"bot_words","i1":5,"i2":9,"sol":{"path":["/c/en/mournfully","/c/en/mournful","/c/grc/λυγρόσ","/c/en/mischievous","/c/en/cheeky","/c/en/cheekily"],"weight":0.2091909999999998},"num_concepts_raised":43548},{"base_id":215,"kind":"bot_words","i1":6,"i2":7,"sol":{"path":["/c/en/proportional","/c/en/relative","/c/en/freedom","/c/en/humanism","/c/en/humanitarianism"],"weight":0.21272999999999959},"num_concepts_raised":13559},{"base_id":215,"kind":"bot_words","i1":6,"i2":8,"sol":{"path":["/c/en/proportional","/c/en/angle","/c/en/side","/c/en/backside"],"weight":0.20811999999999936},"num_concepts_raised":33775},{"base_id":215,"kind":"bot_words","i1":6,"i2":9,"sol":{"path":["/c/en/proportional","/c/en/relative","/c/en/squirrel","/c/en/cheeky","/c/en/cheekily"],"weight":0.2056799999999996},"num_concepts_raised":10483},{"base_id":215,"kind":"bot_words","i1":7,"i2":8,"sol":{"path":["/c/en/humanitarianism","/c/en/human","/c/af/gat","/c/en/backside"],"weight":0.20990999999999962},"num_concepts_raised":27687},{"base_id":215,"kind":"bot_words","i1":7,"i2":9,"sol":{"path":["/c/en/humanitarianism","/c/en/human","/c/en/cheek","/c/en/cheeky","/c/en/cheekily"],"weight":0.20959999999999987},"num_concepts_raised":4024},{"base_id":215,"kind":"bot_words","i1":8,"i2":9,"sol":{"path":["/c/en/backside","/c/en/uk","/c/en/cheeky","/c/en/cheekily"],"weight":0.20524999999999963},"num_concepts_raised":24716}],[{"base_id":215,"kind":"top_words","i1":0,"i2":1,"sol":{"path":["/c/en/parathyroid","/c/en/anatomy","/c/en/wall","/c/en/dialectal","/c/en/wis"],"weight":0.20398999999999984},"num_concepts_raised":22448},{"base_id":215,"kind":"top_words","i1":0,"i2":2,"sol":{"path":["/c/en/parathyroid","/c/en/anatomy","/c/en/iliac"],"weight":0.202},"num_concepts_raised":56},{"base_id":215,"kind":"top_words","i1":0,"i2":3,"sol":{"path":["/c/en/parathyroid","/c/en/hypoparathyroidism","/c/en/hormone","/c/en/gonadotropin"],"weight":0.20973999999999982},"num_concepts_raised":16297},{"base_id":215,"kind":"top_words","i1":0,"i2":4,"sol":{"path":["/c/en/parathyroid","/c/en/anatomy","/c/en/analysis","/c/en/limit","/c/en/coextensive"],"weight":0.20302999999999988},"num_concepts_raised":17376},{"base_id":215,"kind":"top_words","i1":0,"i2":5,"sol":{"path":["/c/en/parathyroid","/c/en/anatomy","/c/en/face","/c/en/dodecahedron"],"weight":0.20438999999999996},"num_concepts_raised":20534},{"base_id":215,"kind":"top_words","i1":0,"i2":6,"sol":{"path":["/c/en/parathyroid","/c/en/anatomy","/c/en/pituitary"],"weight":0.203},"num_concepts_raised":109},{"base_id":215,"kind":"top_words","i1":0,"i2":7,"sol":{"path":["/c/en/parathyroid","/c/en/anatomy","/c/en/canal","/c/en/highway"],"weight":0.2144799999999992},"num_concepts_raised":57255},{"base_id":215,"kind":"top_words","i1":0,"i2":8,"sol":{"path":["/c/en/parathyroid","/c/en/anatomy","/c/en/process","/c/en/concurrency"],"weight":0.20293999999999984},"num_concepts_raised":24930},{"base_id":215,"kind":"top_words","i1":0,"i2":9,"sol":{"path":["/c/en/parathyroid","/c/en/hypoparathyroidism","/c/en/hormone","/c/en/norepinephrine"],"weight":0.21006999999999976},"num_concepts_raised":14410},{"base_id":215,"kind":"top_words","i1":1,"i2":2,"sol":{"path":["/c/en/wis","/c/en/dialectal","/c/en/wall","/c/en/anatomy","/c/en/iliac"],"weight":0.2040199999999999},"num_concepts_raised":22523},{"base_id":215,"kind":"top_words","i1":1,"i2":3,"sol":{"path":["/c/en/wis","/c/en/dialectal","/c/en/meat","/c/en/protein","/c/en/gonadotropin"],"weight":0.2115799999999998},"num_concepts_raised":13397},{"base_id":215,"kind":"top_words","i1":1,"i2":4,"sol":{"path":["/c/en/wis","/c/en/eous","/c/en/contemporaneous","/c/en/coextensive"],"weight":0.20272999999999985},"num_concepts_raised":14329},{"base_id":215,"kind":"top_words","i1":1,"i2":5,"sol":{"path":["/c/en/wis","/c/en/dialectal","/c/en/side","/c/en/geometry","/c/en/dodecahedron"],"weight":0.20541999999999994},"num_concepts_raised":17661},{"base_id":215,"kind":"top_words","i1":1,"i2":6,"sol":{"path":["/c/en/wis","/c/en/think","/c/en/brain","/c/en/pituitary_gland","/c/en/pituitary"],"weight":0.20621999999999974},"num_concepts_raised":34084},{"base_id":215,"kind":"top_words","i1":1,"i2":7,"sol":{"path":["/c/en/wis","/c/en/dialectal","/c/en/causey","/c/en/highway"],"weight":0.21512999999999916},"num_concepts_raised":53890},{"base_id":215,"kind":"top_words","i1":1,"i2":8,"sol":{"path":["/c/en/wis","/c/en/think","/c/en/time","/c/en/concurrency"],"weight":0.20286999999999983},"num_concepts_raised":21879},{"base_id":215,"kind":"top_words","i1":1,"i2":9,"sol":{"path":["/c/en/wis","/c/en/think","/c/en/brain","/c/en/dopamine","/c/en/norepinephrine"],"weight":0.2111799999999997},"num_concepts_raised":11446},{"base_id":215,"kind":"top_words","i1":2,"i2":3,"sol":{"path":["/c/en/iliac","/c/en/anatomy","/c/en/pituitary_gland","/c/en/gonadotropin"],"weight":0.20873999999999987},"num_concepts_raised":16386},{"base_id":215,"kind":"top_words","i1":2,"i2":4,"sol":{"path":["/c/en/iliac","/c/en/troy","/c/en/asia_minor","/c/en/coterminous","/c/en/coextensive"],"weight":0.20493999999999993},"num_concepts_raised":17446},{"base_id":215,"kind":"top_words","i1":2,"i2":5,"sol":{"path":["/c/en/iliac","/c/en/anatomy","/c/en/face","/c/en/dodecahedron"],"weight":0.20442000000000002},"num_concepts_raised":20610},{"base_id":215,"kind":"top_words","i1":2,"i2":6,"sol":{"path":["/c/en/iliac","/c/en/anatomy","/c/en/pituitary"],"weight":0.203},"num_concepts_raised":106},{"base_id":215,"kind":"top_words","i1":2,"i2":7,"sol":{"path":["/c/en/iliac","/c/en/troy","/c/en/city","/c/en/highway"],"weight":0.21470999999999923},"num_concepts_raised":57317},{"base_id":215,"kind":"top_words","i1":2,"i2":8,"sol":{"path":["/c/en/iliac","/c/en/anatomy","/c/en/process","/c/en/concurrency"],"weight":0.2029699999999999},"num_concepts_raised":25006},{"base_id":215,"kind":"top_words","i1":2,"i2":9,"sol":{"path":["/c/en/iliac","/c/en/anatomy","/c/en/monoaminergic","/c/en/catecholamine","/c/en/norepinephrine"],"weight":0.2113399999999998},"num_concepts_raised":14497},{"base_id":215,"kind":"top_words","i1":3,"i2":4,"sol":{"path":["/c/en/gonadotropin","/c/en/protein","/c/en/molecule","/c/en/commensurate","/c/en/coextensive"],"weight":0.2115699999999998},"num_concepts_raised":8310},{"base_id":215,"kind":"top_words","i1":3,"i2":5,"sol":{"path":["/c/en/gonadotropin","/c/en/protein","/c/en/polyhedrin","/c/en/polyhedron","/c/en/dodecahedron"],"weight":0.21300999999999992},"num_concepts_raised":11626},{"base_id":215,"kind":"top_words","i1":3,"i2":6,"sol":{"path":["/c/en/gonadotropin","/c/en/pituitary_gland","/c/en/pituitary"],"weight":0.20600000000000002},"num_concepts_raised":146},{"base_id":215,"kind":"top_words","i1":3,"i2":7,"sol":{"path":["/c/en/gonadotropin","/c/en/protein","/c/en/express","/c/en/highway"],"weight":0.22196999999999917},"num_concepts_raised":48333},{"base_id":215,"kind":"top_words","i1":3,"i2":8,"sol":{"path":["/c/en/gonadotropin","/c/en/protein","/c/en/energy","/c/en/time","/c/en/concurrency"],"weight":0.2105999999999998},"num_concepts_raised":15950},{"base_id":215,"kind":"top_words","i1":3,"i2":9,"sol":{"path":["/c/en/gonadotropin","/c/en/hormone","/c/en/norepinephrine"],"weight":0.20600000000000002},"num_concepts_raised":165},{"base_id":215,"kind":"top_words","i1":4,"i2":5,"sol":{"path":["/c/en/coextensive","/c/en/limit","/c/en/edge","/c/en/polyhedron","/c/en/dodecahedron"],"weight":0.20537999999999995},"num_concepts_raised":12555},{"base_id":215,"kind":"top_words","i1":4,"i2":6,"sol":{"path":["/c/en/coextensive","/c/en/extension","/c/en/medicine","/c/en/pituitary"],"weight":0.20368999999999976},"num_concepts_raised":29005},{"base_id":215,"kind":"top_words","i1":4,"i2":7,"sol":{"path":["/c/en/coextensive","/c/en/limit","/c/en/highway"],"weight":0.20400000000000001},"num_concepts_raised":453},{"base_id":215,"kind":"top_words","i1":4,"i2":8,"sol":{"path":["/c/en/coextensive","/c/en/same","/c/en/concurrency"],"weight":0.202},"num_concepts_raised":54},{"base_id":215,"kind":"top_words","i1":4,"i2":9,"sol":{"path":["/c/en/coextensive","/c/en/logic","/c/en/system","/c/en/epinephrine","/c/en/norepinephrine"],"weight":0.21109999999999976},"num_concepts_raised":6359},{"base_id":215,"kind":"top_words","i1":5,"i2":6,"sol":{"path":["/c/en/dodecahedron","/c/en/face","/c/en/anatomy","/c/en/pituitary"],"weight":0.20626999999999987},"num_concepts_raised":32134},{"base_id":215,"kind":"top_words","i1":5,"i2":7,"sol":{"path":["/c/en/dodecahedron","/c/en/geometry","/c/en/intersection","/c/en/highway"],"weight":0.2159099999999993},"num_concepts_raised":52202},{"base_id":215,"kind":"top_words","i1":5,"i2":8,"sol":{"path":["/c/en/dodecahedron","/c/en/geometry","/c/en/concurrent","/c/en/concurrency"],"weight":0.20437999999999995},"num_concepts_raised":20111},{"base_id":215,"kind":"top_words","i1":5,"i2":9,"sol":{"path":["/c/en/dodecahedron","/c/en/dodecahedrane","/c/en/organic_compound","/c/en/epinephrine","/c/en/norepinephrine"],"weight":0.21239999999999987},"num_concepts_raised":9689},{"base_id":215,"kind":"top_words","i1":6,"i2":7,"sol":{"path":["/c/en/pituitary","/c/en/anatomy","/c/en/canal","/c/en/highway"],"weight":0.2163499999999991},"num_concepts_raised":68615},{"base_id":215,"kind":"top_words","i1":6,"i2":8,"sol":{"path":["/c/en/pituitary","/c/en/anatomy","/c/en/process","/c/en/concurrency"],"weight":0.20480999999999974},"num_concepts_raised":36457},{"base_id":215,"kind":"top_words","i1":6,"i2":9,"sol":{"path":["/c/en/pituitary","/c/en/gland","/c/en/epinephrine","/c/en/norepinephrine"],"weight":0.21197999999999967},"num_concepts_raised":25992},{"base_id":215,"kind":"top_words","i1":7,"i2":8,"sol":{"path":["/c/en/highway","/c/en/car","/c/en/property","/c/en/concurrency"],"weight":0.21651999999999916},"num_concepts_raised":55925},{"base_id":215,"kind":"top_words","i1":7,"i2":9,"sol":{"path":["/c/en/highway","/c/en/road","/c/en/british","/c/en/noradrenaline","/c/en/norepinephrine"],"weight":0.22884999999999903},"num_concepts_raised":46420},{"base_id":215,"kind":"top_words","i1":8,"i2":9,"sol":{"path":["/c/en/concurrency","/c/en/system","/c/en/epinephrine","/c/en/norepinephrine"],"weight":0.21105999999999975},"num_concepts_raised":14013}]]