[[{"base_id":628,"kind":"bot_words","i1":0,"i2":1,"sol":{"path":["/c/en/anxious","/c/en/anxiety","/c/en/person","/c/en/monk"],"weight":0.22793999999999842},"num_concepts_raised":74728},{"base_id":628,"kind":"bot_words","i1":0,"i2":2,"sol":{"path":["/c/en/anxious","/c/en/uneasy","/c/en/tense","/c/en/linguistics","/c/en/softened"],"weight":0.2096499999999989},"num_concepts_raised":18609},{"base_id":628,"kind":"bot_words","i1":0,"i2":3,"sol":{"path":["/c/en/anxious","/c/en/anxiety","/c/en/care","/c/en/repair","/c/en/gunsmith"],"weight":0.20995999999999895},"num_concepts_raised":15602},{"base_id":628,"kind":"bot_words","i1":0,"i2":4,"sol":{"path":["/c/en/anxious","/c/en/anxiety","/c/en/person","/c/en/rector"],"weight":0.21609999999999896},"num_concepts_raised":33133},{"base_id":628,"kind":"bot_words","i1":0,"i2":5,"sol":{"path":["/c/en/anxious","/c/en/neurotic","/c/en/people","/c/en/ethnic_group","/c/en/svans"],"weight":0.21150999999999892},"num_concepts_raised":13604},{"base_id":628,"kind":"bot_words","i1":0,"i2":6,"sol":{"path":["/c/en/anxious","/c/en/nervy","/c/en/us","/c/en/musette"],"weight":0.20653999999999895},"num_concepts_raised":32437},{"base_id":628,"kind":"bot_words","i1":0,"i2":7,"sol":{"path":["/c/en/anxious","/c/en/anxiety","/c/en/emotion","/c/en/rebelliousness"],"weight":0.20924999999999905},"num_concepts_raised":13977},{"base_id":628,"kind":"bot_words","i1":0,"i2":8,"sol":{"path":["/c/en/anxious","/c/en/anger","/c/en/get","/c/en/gotten"],"weight":0.20882999999999896},"num_concepts_raised":16297},{"base_id":628,"kind":"bot_words","i1":0,"i2":9,"sol":{"path":["/c/en/anxious","/c/en/wild","/c/en/snake","/c/en/adder"],"weight":0.2100499999999987},"num_concepts_raised":47322},{"base_id":628,"kind":"bot_words","i1":1,"i2":2,"sol":{"path":["/c/en/monk","/c/en/slang","/c/en/soft","/c/en/softened"],"weight":0.2212899999999993},"num_concepts_raised":67953},{"base_id":628,"kind":"bot_words","i1":1,"i2":3,"sol":{"path":["/c/en/monk","/c/en/order","/c/en/repair","/c/en/gunsmith"],"weight":0.2240399999999993},"num_concepts_raised":64894},{"base_id":628,"kind":"bot_words","i1":1,"i2":4,"sol":{"path":["/c/en/monk","/c/en/church","/c/en/rector"],"weight":0.21000000000000002},"num_concepts_raised":658},{"base_id":628,"kind":"bot_words","i1":1,"i2":5,"sol":{"path":["/c/en/monk","/c/en/religious","/c/en/ethnic_group","/c/en/svans"],"weight":0.2286399999999993},"num_concepts_raised":63056},{"base_id":628,"kind":"bot_words","i1":1,"i2":6,"sol":{"path":["/c/en/monk","/c/th/พระ","/c/en/historical","/c/en/musette"],"weight":0.22337999999999936},"num_concepts_raised":79674},{"base_id":628,"kind":"bot_words","i1":1,"i2":7,"sol":{"path":["/c/en/monk","/c/en/person","/c/en/emotion","/c/en/rebelliousness"],"weight":0.22149999999999945},"num_concepts_raised":63473},{"base_id":628,"kind":"bot_words","i1":1,"i2":8,"sol":{"path":["/c/en/monk","/c/en/person","/c/en/get","/c/en/gotten"],"weight":0.22253999999999935},"num_concepts_raised":65484},{"base_id":628,"kind":"bot_words","i1":1,"i2":9,"sol":{"path":["/c/en/monk","/c/de/mönch","/c/fr/zoologie","/c/en/adder"],"weight":0.2253399999999991},"num_concepts_raised":93787},{"base_id":628,"kind":"bot_words","i1":2,"i2":3,"sol":{"path":["/c/en/softened","/c/en/soft","/c/en/metal","/c/en/gun","/c/en/gunsmith"],"weight":0.20441999999999982},"num_concepts_raised":8393},{"base_id":628,"kind":"bot_words","i1":2,"i2":4,"sol":{"path":["/c/en/softened","/c/en/soft","/c/en/quiet","/c/en/church","/c/en/rector"],"weight":0.21386999999999984},"num_concepts_raised":26084},{"base_id":628,"kind":"bot_words","i1":2,"i2":5,"sol":{"path":["/c/en/softened","/c/en/linguistics","/c/vi/mường","/c/en/ethnic_group","/c/en/svans"],"weight":0.2077499999999998},"num_concepts_raised":6359},{"base_id":628,"kind":"bot_words","i1":2,"i2":6,"sol":{"path":["/c/en/softened","/c/en/aspirate","/c/en/air","/c/en/musette"],"weight":0.20279999999999984},"num_concepts_raised":25277},{"base_id":628,"kind":"bot_words","i1":2,"i2":7,"sol":{"path":["/c/en/softened","/c/en/soft","/c/en/feeling","/c/en/emotion","/c/en/rebelliousness"],"weight":0.20283999999999994},"num_concepts_raised":6834},{"base_id":628,"kind":"bot_words","i1":2,"i2":8,"sol":{"path":["/c/en/softened","/c/en/linguistics","/c/en/be","/c/en/get","/c/en/gotten"],"weight":0.20387999999999984},"num_concepts_raised":9116},{"base_id":628,"kind":"bot_words","i1":2,"i2":9,"sol":{"path":["/c/en/softened","/c/en/soft","/c/en/slang","/c/en/snake","/c/en/adder"],"weight":0.20628999999999958},"num_concepts_raised":40250},{"base_id":628,"kind":"bot_words","i1":3,"i2":4,"sol":{"path":["/c/en/gunsmith","/c/en/gun","/c/en/canon","/c/en/church","/c/en/rector"],"weight":0.21537999999999985},"num_concepts_raised":23064},{"base_id":628,"kind":"bot_words","i1":3,"i2":5,"sol":{"path":["/c/en/gunsmith","/c/en/gun","/c/en/people","/c/en/ethnic_group","/c/en/svans"],"weight":0.20930999999999983},"num_concepts_raised":3302},{"base_id":628,"kind":"bot_words","i1":3,"i2":6,"sol":{"path":["/c/en/gunsmith","/c/en/gun","/c/en/projectile","/c/en/air","/c/en/musette"],"weight":0.2044299999999999},"num_concepts_raised":22211},{"base_id":628,"kind":"bot_words","i1":3,"i2":7,"sol":{"path":["/c/en/gunsmith","/c/en/gun","/c/en/military","/c/fr/insoumission","/c/en/rebelliousness"],"weight":0.20539},"num_concepts_raised":3783},{"base_id":628,"kind":"bot_words","i1":3,"i2":8,"sol":{"path":["/c/en/gunsmith","/c/en/gun","/c/en/kill","/c/en/get","/c/en/gotten"],"weight":0.2054299999999999},"num_concepts_raised":6058},{"base_id":628,"kind":"bot_words","i1":3,"i2":9,"sol":{"path":["/c/en/gunsmith","/c/en/gun","/c/en/machine","/c/en/adder"],"weight":0.20613999999999966},"num_concepts_raised":37185},{"base_id":628,"kind":"bot_words","i1":4,"i2":5,"sol":{"path":["/c/en/rector","/c/en/church","/c/en/religious","/c/en/ethnic_group","/c/en/svans"],"weight":0.21882999999999983},"num_concepts_raised":21069},{"base_id":628,"kind":"bot_words","i1":4,"i2":6,"sol":{"path":["/c/en/rector","/c/en/church","/c/en/historical","/c/en/musette"],"weight":0.21379999999999988},"num_concepts_raised":39389},{"base_id":628,"kind":"bot_words","i1":4,"i2":7,"sol":{"path":["/c/en/rector","/c/en/person","/c/en/emotion","/c/en/rebelliousness"],"weight":0.20965999999999999},"num_concepts_raised":21502},{"base_id":628,"kind":"bot_words","i1":4,"i2":8,"sol":{"path":["/c/en/rector","/c/en/person","/c/en/get","/c/en/gotten"],"weight":0.2106999999999999},"num_concepts_raised":23748},{"base_id":628,"kind":"bot_words","i1":4,"i2":9,"sol":{"path":["/c/en/rector","/c/fr/recteur","/c/fr/zoologie","/c/en/adder"],"weight":0.2137499999999996},"num_concepts_raised":54152},{"base_id":628,"kind":"bot_words","i1":5,"i2":6,"sol":{"path":["/c/en/svans","/c/en/ethnic_group","/c/en/people","/c/en/us","/c/en/musette"],"weight":0.20770999999999984},"num_concepts_raised":20277},{"base_id":628,"kind":"bot_words","i1":5,"i2":7,"sol":{"path":["/c/en/svans","/c/en/ethnic_group","/c/en/ethnicity","/c/en/quality","/c/en/docility","/c/en/rebelliousness"],"weight":0.2115157999999998},"num_concepts_raised":148551},{"base_id":628,"kind":"bot_words","i1":5,"i2":8,"sol":{"path":["/c/en/svans","/c/en/ethnic_group","/c/en/central_america","/c/en/north_america","/c/en/gotten"],"weight":0.20764999999999983},"num_concepts_raised":4026},{"base_id":628,"kind":"bot_words","i1":5,"i2":9,"sol":{"path":["/c/en/svans","/c/en/svan","/c/en/georgia","/c/en/snake","/c/en/adder"],"weight":0.21114999999999962},"num_concepts_raised":35285},{"base_id":628,"kind":"bot_words","i1":6,"i2":7,"sol":{"path":["/c/en/musette","/c/en/air","/c/en/quality","/c/en/docility","/c/en/rebelliousness"],"weight":0.20383},"num_concepts_raised":20740},{"base_id":628,"kind":"bot_words","i1":6,"i2":8,"sol":{"path":["/c/en/musette","/c/en/us","/c/en/irish","/c/en/gotten"],"weight":0.2026699999999999},"num_concepts_raised":22934},{"base_id":628,"kind":"bot_words","i1":6,"i2":9,"sol":{"path":["/c/en/musette","/c/en/us","/c/en/adder"],"weight":0.202},"num_concepts_raised":174},{"base_id":628,"kind":"bot_words","i1":7,"i2":8,"sol":{"path":["/c/en/rebelliousness","/c/en/emotion","/c/en/person","/c/en/get","/c/en/gotten"],"weight":0.20385999999999999},"num_concepts_raised":4505},{"base_id":628,"kind":"bot_words","i1":7,"i2":9,"sol":{"path":["/c/en/rebelliousness","/c/en/emotion","/c/en/person","/c/en/snake","/c/en/adder"],"weight":0.20629999999999976},"num_concepts_raised":35749},{"base_id":628,"kind":"bot_words","i1":8,"i2":9,"sol":{"path":["/c/en/gotten","/c/en/north_america","/c/en/snake","/c/en/adder"],"weight":0.20614999999999967},"num_concepts_raised":37830}],[{"base_id":628,"kind":"top_words","i1":0,"i2":1,"sol":{"path":["/c/en/shirtwaist","/c/en/us","/c/en/triangle"],"weight":0.20600000000000002},"num_concepts_raised":487},{"base_id":628,"kind":"top_words","i1":0,"i2":2,"sol":{"path":["/c/en/shirtwaist","/c/en/us","/c/en/scrubwoman","/c/en/charwoman"],"weight":0.20341999999999977},"num_concepts_raised":19363},{"base_id":628,"kind":"top_words","i1":0,"i2":3,"sol":{"path":["/c/en/shirtwaist","/c/en/blouse","/c/en/girl","/c/en/flapper"],"weight":0.20297999999999994},"num_concepts_raised":13360},{"base_id":628,"kind":"top_words","i1":0,"i2":4,"sol":{"path":["/c/en/shirtwaist","/c/en/us","/c/en/holiday","/c/en/beltane"],"weight":0.2078899999999998},"num_concepts_raised":10287},{"base_id":628,"kind":"top_words","i1":0,"i2":5,"sol":{"path":["/c/en/shirtwaist","/c/en/us","/c/en/plant","/c/en/factory"],"weight":0.22492999999999913},"num_concepts_raised":82841},{"base_id":628,"kind":"top_words","i1":0,"i2":6,"sol":{"path":["/c/en/shirtwaist","/c/en/us","/c/en/base","/c/en/aniline"],"weight":0.20996999999999963},"num_concepts_raised":25782},{"base_id":628,"kind":"top_words","i1":0,"i2":7,"sol":{"path":["/c/en/shirtwaist","/c/en/us","/c/en/sazerac","/c/en/cocktail"],"weight":0.2152499999999997},"num_concepts_raised":52616},{"base_id":628,"kind":"top_words","i1":0,"i2":8,"sol":{"path":["/c/en/shirtwaist","/c/en/shirtdress","/c/en/dress"],"weight":0.20600000000000002},"num_concepts_raised":1406},{"base_id":628,"kind":"top_words","i1":0,"i2":9,"sol":{"path":["/c/en/shirtwaist","/c/en/shirtwaister","/c/en/dress","/c/en/strapless"],"weight":0.20472999999999994},"num_concepts_raised":11189},{"base_id":628,"kind":"top_words","i1":1,"i2":2,"sol":{"path":["/c/en/triangle","/c/en/square","/c/en/british","/c/en/charwoman"],"weight":0.22273999999999972},"num_concepts_raised":85106},{"base_id":628,"kind":"top_words","i1":1,"i2":3,"sol":{"path":["/c/en/triangle","/c/en/historical","/c/fr/garçonne","/c/en/flapper"],"weight":0.2237099999999999},"num_concepts_raised":79427},{"base_id":628,"kind":"top_words","i1":1,"i2":4,"sol":{"path":["/c/en/triangle","/c/en/us","/c/en/holiday","/c/en/beltane"],"weight":0.2267299999999998},"num_concepts_raised":76622},{"base_id":628,"kind":"top_words","i1":1,"i2":5,"sol":{"path":["/c/en/triangle","/c/en/line","/c/en/factory"],"weight":0.20800000000000002},"num_concepts_raised":1170},{"base_id":628,"kind":"top_words","i1":1,"i2":6,"sol":{"path":["/c/en/triangle","/c/en/base","/c/en/aniline"],"weight":0.20800000000000002},"num_concepts_raised":619},{"base_id":628,"kind":"top_words","i1":1,"i2":7,"sol":{"path":["/c/en/triangle","/c/en/dress","/c/en/cocktail"],"weight":0.20800000000000002},"num_concepts_raised":799},{"base_id":628,"kind":"top_words","i1":1,"i2":8,"sol":{"path":["/c/en/triangle","/c/en/dress"],"weight":0.20800000000000002},"num_concepts_raised":1853},{"base_id":628,"kind":"top_words","i1":1,"i2":9,"sol":{"path":["/c/en/triangle","/c/en/dress","/c/en/strapless"],"weight":0.20700000000000002},"num_concepts_raised":487},{"base_id":628,"kind":"top_words","i1":2,"i2":3,"sol":{"path":["/c/en/charwoman","/c/fr/femme","/c/fr/garçonne","/c/en/flapper"],"weight":0.20590999999999982},"num_concepts_raised":15142},{"base_id":628,"kind":"top_words","i1":2,"i2":4,"sol":{"path":["/c/en/charwoman","/c/en/british","/c/en/holiday","/c/en/beltane"],"weight":0.20880999999999966},"num_concepts_raised":12482},{"base_id":628,"kind":"top_words","i1":2,"i2":5,"sol":{"path":["/c/en/charwoman","/c/en/char","/c/en/work","/c/en/factory"],"weight":0.221999999999999},"num_concepts_raised":85184},{"base_id":628,"kind":"top_words","i1":2,"i2":6,"sol":{"path":["/c/en/charwoman","/c/fr/carboniser","/c/fr/chimie","/c/de/anilin","/c/en/aniline"],"weight":0.21527999999999947},"num_concepts_raised":28006},{"base_id":628,"kind":"top_words","i1":2,"i2":7,"sol":{"path":["/c/en/charwoman","/c/en/woman","/c/en/gin","/c/en/cocktail"],"weight":0.21451999999999954},"num_concepts_raised":55855},{"base_id":628,"kind":"top_words","i1":2,"i2":8,"sol":{"path":["/c/en/charwoman","/c/en/woman","/c/en/dress"],"weight":0.20400000000000001},"num_concepts_raised":1473},{"base_id":628,"kind":"top_words","i1":2,"i2":9,"sol":{"path":["/c/en/charwoman","/c/en/woman","/c/en/dress","/c/en/strapless"],"weight":0.2047199999999998},"num_concepts_raised":13430},{"base_id":628,"kind":"top_words","i1":3,"i2":4,"sol":{"path":["/c/en/flapper","/c/en/turtle","/c/en/british","/c/en/holiday","/c/en/beltane"],"weight":0.20830999999999988},"num_concepts_raised":6135},{"base_id":628,"kind":"top_words","i1":3,"i2":5,"sol":{"path":["/c/en/flapper","/c/en/plumbing","/c/en/building","/c/en/factory"],"weight":0.2220599999999992},"num_concepts_raised":79294},{"base_id":628,"kind":"top_words","i1":3,"i2":6,"sol":{"path":["/c/en/flapper","/c/fr/garçonne","/c/en/historical","/c/en/base","/c/en/aniline"],"weight":0.2123399999999997},"num_concepts_raised":21647},{"base_id":628,"kind":"top_words","i1":3,"i2":7,"sol":{"path":["/c/en/flapper","/c/en/injury","/c/en/stinger","/c/en/cocktail"],"weight":0.21557999999999972},"num_concepts_raised":50231},{"base_id":628,"kind":"top_words","i1":3,"i2":8,"sol":{"path":["/c/en/flapper","/c/en/girl","/c/en/dress"],"weight":0.20400000000000001},"num_concepts_raised":1424},{"base_id":628,"kind":"top_words","i1":3,"i2":9,"sol":{"path":["/c/en/flapper","/c/en/girl","/c/en/dress","/c/en/strapless"],"weight":0.20404},"num_concepts_raised":7067},{"base_id":628,"kind":"top_words","i1":4,"i2":5,"sol":{"path":["/c/en/beltane","/c/en/celtic","/c/en/people","/c/en/factory"],"weight":0.22479999999999906},"num_concepts_raised":76492},{"base_id":628,"kind":"top_words","i1":4,"i2":6,"sol":{"path":["/c/en/beltane","/c/en/whitsunday","/c/en/white","/c/en/colourless","/c/en/aniline"],"weight":0.21723999999999954},"num_concepts_raised":18574},{"base_id":628,"kind":"top_words","i1":4,"i2":7,"sol":{"path":["/c/en/beltane","/c/en/walpurgis_night","/c/en/party","/c/en/drink","/c/en/cocktail"],"weight":0.2231399999999996},"num_concepts_raised":47502},{"base_id":628,"kind":"top_words","i1":4,"i2":8,"sol":{"path":["/c/en/beltane","/c/en/walpurgis_night","/c/en/party","/c/en/dress"],"weight":0.23469999999999636},"num_concepts_raised":149695},{"base_id":628,"kind":"top_words","i1":4,"i2":9,"sol":{"path":["/c/en/beltane","/c/en/walpurgis_night","/c/en/party","/c/en/dress","/c/en/strapless"],"weight":0.21104999999999985},"num_concepts_raised":3971},{"base_id":628,"kind":"top_words","i1":5,"i2":6,"sol":{"path":["/c/en/factory","/c/en/manufacture","/c/en/aniline"],"weight":0.20800000000000002},"num_concepts_raised":856},{"base_id":628,"kind":"top_words","i1":5,"i2":7,"sol":{"path":["/c/en/factory","/c/en/plant","/c/en/mimosa","/c/en/cocktail"],"weight":0.23760999999999893},"num_concepts_raised":117217},{"base_id":628,"kind":"top_words","i1":5,"i2":8,"sol":{"path":["/c/en/factory","/c/en/fashion","/c/en/dress"],"weight":0.20800000000000002},"num_concepts_raised":2087},{"base_id":628,"kind":"top_words","i1":5,"i2":9,"sol":{"path":["/c/en/factory","/c/en/mill","/c/en/dress","/c/en/strapless"],"weight":0.2229399999999992},"num_concepts_raised":77266},{"base_id":628,"kind":"top_words","i1":6,"i2":7,"sol":{"path":["/c/en/aniline","/c/en/liquid","/c/en/drink","/c/en/cocktail"],"weight":0.22313999999999942},"num_concepts_raised":62320},{"base_id":628,"kind":"top_words","i1":6,"i2":8,"sol":{"path":["/c/en/aniline","/c/en/violaniline","/c/en/silk","/c/en/dress"],"weight":0.23907999999999618},"num_concepts_raised":163854},{"base_id":628,"kind":"top_words","i1":6,"i2":9,"sol":{"path":["/c/en/aniline","/c/en/reduction","/c/en/less","/c/en/strapless"],"weight":0.20996999999999968},"num_concepts_raised":19515},{"base_id":628,"kind":"top_words","i1":7,"i2":8,"sol":{"path":["/c/en/cocktail","/c/en/dress"],"weight":0.20600000000000002},"num_concepts_raised":1719},{"base_id":628,"kind":"top_words","i1":7,"i2":9,"sol":{"path":["/c/en/cocktail","/c/en/dress","/c/en/strapless"],"weight":0.20500000000000002},"num_concepts_raised":353},{"base_id":628,"kind":"top_words","i1":8,"i2":9,"sol":{"path":["/c/en/dress","/c/en/strapless"],"weight":0.20600000000000002},"num_concepts_raised":1407}]]