[[{"base_id":766,"kind":"bot_words","i1":0,"i2":1,"sol":{"path":["/c/en/believers","/c/en/religion","/c/en/organization","/c/en/company","/c/en/panasonic"],"weight":0.2131799999999998},"num_concepts_raised":6812},{"base_id":766,"kind":"bot_words","i1":0,"i2":2,"sol":{"path":["/c/en/believers","/c/en/religion","/c/en/orthodox","/c/en/viable","/c/en/viability"],"weight":0.20913999999999985},"num_concepts_raised":8244},{"base_id":766,"kind":"bot_words","i1":0,"i2":3,"sol":{"path":["/c/en/believers","/c/en/manga","/c/en/air","/c/en/cut","/c/en/cutback"],"weight":0.20812999999999976},"num_concepts_raised":12827},{"base_id":766,"kind":"bot_words","i1":0,"i2":4,"sol":{"path":["/c/en/believers","/c/en/manga","/c/en/cat's_eye","/c/en/road","/c/en/byway"],"weight":0.2089399999999998},"num_concepts_raised":9977},{"base_id":766,"kind":"bot_words","i1":0,"i2":5,"sol":{"path":["/c/en/believers","/c/en/manga","/c/en/rough","/c/en/wool","/c/en/shears"],"weight":0.20881999999999984},"num_concepts_raised":10938},{"base_id":766,"kind":"bot_words","i1":0,"i2":6,"sol":{"path":["/c/en/believers","/c/en/qur","/c/en/victory","/c/en/walkover"],"weight":0.2079299999999998},"num_concepts_raised":15028},{"base_id":766,"kind":"bot_words","i1":0,"i2":7,"sol":{"path":["/c/en/believers","/c/en/religion","/c/en/denomination","/c/en/nickel"],"weight":0.22183999999999945},"num_concepts_raised":50594},{"base_id":766,"kind":"bot_words","i1":0,"i2":8,"sol":{"path":["/c/en/believers","/c/en/manga","/c/en/noise","/c/en/fiddling"],"weight":0.20892999999999945},"num_concepts_raised":30769},{"base_id":766,"kind":"bot_words","i1":0,"i2":9,"sol":{"path":["/c/en/believers","/c/en/manga","/c/en/person","/c/en/chariton"],"weight":0.21269999999999983},"num_concepts_raised":19449},{"base_id":766,"kind":"bot_words","i1":1,"i2":2,"sol":{"path":["/c/en/panasonic","/c/en/company","/c/en/property","/c/en/viability"],"weight":0.20863999999999983},"num_concepts_raised":7537},{"base_id":766,"kind":"bot_words","i1":1,"i2":3,"sol":{"path":["/c/en/panasonic","/c/en/company","/c/en/small","/c/en/cut","/c/en/cutback"],"weight":0.2086799999999997},"num_concepts_raised":12106},{"base_id":766,"kind":"bot_words","i1":1,"i2":4,"sol":{"path":["/c/en/panasonic","/c/en/company","/c/en/city","/c/en/road","/c/en/byway"],"weight":0.20949999999999974},"num_concepts_raised":9270},{"base_id":766,"kind":"bot_words","i1":1,"i2":5,"sol":{"path":["/c/en/panasonic","/c/en/company","/c/en/pivot","/c/en/shears"],"weight":0.20917999999999976},"num_concepts_raised":10208},{"base_id":766,"kind":"bot_words","i1":1,"i2":6,"sol":{"path":["/c/en/panasonic","/c/en/company","/c/en/over","/c/en/walkover"],"weight":0.20837999999999976},"num_concepts_raised":14305},{"base_id":766,"kind":"bot_words","i1":1,"i2":7,"sol":{"path":["/c/en/panasonic","/c/en/company","/c/en/penny","/c/en/nickel"],"weight":0.22467999999999938},"num_concepts_raised":49783},{"base_id":766,"kind":"bot_words","i1":1,"i2":8,"sol":{"path":["/c/en/panasonic","/c/en/company","/c/en/television","/c/en/fiddling"],"weight":0.2094899999999994},"num_concepts_raised":30045},{"base_id":766,"kind":"bot_words","i1":1,"i2":9,"sol":{"path":["/c/en/panasonic","/c/en/company","/c/en/person","/c/en/chariton"],"weight":0.21322999999999975},"num_concepts_raised":18710},{"base_id":766,"kind":"bot_words","i1":2,"i2":3,"sol":{"path":["/c/en/viability","/c/en/succeed","/c/en/pass","/c/en/cutback"],"weight":0.2034199999999998},"num_concepts_raised":13485},{"base_id":766,"kind":"bot_words","i1":2,"i2":4,"sol":{"path":["/c/en/viability","/c/fr/viabilité","/c/en/road","/c/en/byway"],"weight":0.20653999999999983},"num_concepts_raised":10639},{"base_id":766,"kind":"bot_words","i1":2,"i2":5,"sol":{"path":["/c/en/viability","/c/en/property","/c/en/shear","/c/en/shears"],"weight":0.20737999999999984},"num_concepts_raised":11622},{"base_id":766,"kind":"bot_words","i1":2,"i2":6,"sol":{"path":["/c/en/viability","/c/fr/viabilité","/c/en/road","/c/en/passenger_car","/c/en/walkover"],"weight":0.20547999999999986},"num_concepts_raised":15684},{"base_id":766,"kind":"bot_words","i1":2,"i2":7,"sol":{"path":["/c/en/viability","/c/en/addle","/c/en/money","/c/en/nickel"],"weight":0.2176299999999995},"num_concepts_raised":51117},{"base_id":766,"kind":"bot_words","i1":2,"i2":8,"sol":{"path":["/c/en/viability","/c/en/live","/c/en/action","/c/en/fiddling"],"weight":0.20456999999999947},"num_concepts_raised":31243},{"base_id":766,"kind":"bot_words","i1":2,"i2":9,"sol":{"path":["/c/en/viability","/c/en/live","/c/en/person","/c/en/chariton"],"weight":0.20825999999999983},"num_concepts_raised":20090},{"base_id":766,"kind":"bot_words","i1":3,"i2":4,"sol":{"path":["/c/en/cutback","/c/en/pass","/c/en/road","/c/en/byway"],"weight":0.20425999999999975},"num_concepts_raised":15127},{"base_id":766,"kind":"bot_words","i1":3,"i2":5,"sol":{"path":["/c/en/cutback","/c/en/cut","/c/en/shear","/c/en/shears"],"weight":0.20756999999999975},"num_concepts_raised":15859},{"base_id":766,"kind":"bot_words","i1":3,"i2":6,"sol":{"path":["/c/en/cutback","/c/en/cut","/c/en/tennis","/c/en/walkover"],"weight":0.20338999999999974},"num_concepts_raised":19946},{"base_id":766,"kind":"bot_words","i1":3,"i2":7,"sol":{"path":["/c/en/cutback","/c/en/cut","/c/en/metal","/c/en/nickel"],"weight":0.22182999999999936},"num_concepts_raised":55244},{"base_id":766,"kind":"bot_words","i1":3,"i2":8,"sol":{"path":["/c/en/cutback","/c/en/cut","/c/en/little","/c/en/fiddling"],"weight":0.20480999999999938},"num_concepts_raised":35508},{"base_id":766,"kind":"bot_words","i1":3,"i2":9,"sol":{"path":["/c/en/cutback","/c/en/cut","/c/en/slang","/c/en/usa","/c/en/chariton"],"weight":0.20826999999999976},"num_concepts_raised":24707},{"base_id":766,"kind":"bot_words","i1":4,"i2":5,"sol":{"path":["/c/en/byway","/c/en/road","/c/en/cutting","/c/en/shears"],"weight":0.20502999999999977},"num_concepts_raised":13310},{"base_id":766,"kind":"bot_words","i1":4,"i2":6,"sol":{"path":["/c/en/byway","/c/en/road","/c/en/walk","/c/en/walkover"],"weight":0.20418999999999976},"num_concepts_raised":17296},{"base_id":766,"kind":"bot_words","i1":4,"i2":7,"sol":{"path":["/c/en/byway","/c/en/road","/c/en/metal","/c/en/nickel"],"weight":0.22265999999999941},"num_concepts_raised":52806},{"base_id":766,"kind":"bot_words","i1":4,"i2":8,"sol":{"path":["/c/en/byway","/c/en/study","/c/en/music","/c/en/fiddling"],"weight":0.20434999999999942},"num_concepts_raised":33018},{"base_id":766,"kind":"bot_words","i1":4,"i2":9,"sol":{"path":["/c/en/byway","/c/en/study","/c/en/person","/c/en/chariton"],"weight":0.2078999999999998},"num_concepts_raised":21878},{"base_id":766,"kind":"bot_words","i1":5,"i2":6,"sol":{"path":["/c/en/shears","/c/fi/sakset","/c/en/gymnastics","/c/en/walkover"],"weight":0.2049499999999998},"num_concepts_raised":18306},{"base_id":766,"kind":"bot_words","i1":5,"i2":7,"sol":{"path":["/c/en/shears","/c/en/blade","/c/en/metal","/c/en/nickel"],"weight":0.22246999999999945},"num_concepts_raised":53503},{"base_id":766,"kind":"bot_words","i1":5,"i2":8,"sol":{"path":["/c/en/shears","/c/en/engineering","/c/en/drop","/c/en/fiddling"],"weight":0.20500999999999941},"num_concepts_raised":33901},{"base_id":766,"kind":"bot_words","i1":5,"i2":9,"sol":{"path":["/c/en/shears","/c/en/shear","/c/ja/切る","/c/en/person","/c/en/chariton"],"weight":0.2120099999999998},"num_concepts_raised":22810},{"base_id":766,"kind":"bot_words","i1":6,"i2":7,"sol":{"path":["/c/en/walkover","/c/en/cinch","/c/en/five","/c/en/nickel"],"weight":0.21811999999999943},"num_concepts_raised":57442},{"base_id":766,"kind":"bot_words","i1":6,"i2":8,"sol":{"path":["/c/en/walkover","/c/en/easy","/c/en/trivial","/c/en/fiddling"],"weight":0.2054999999999994},"num_concepts_raised":37719},{"base_id":766,"kind":"bot_words","i1":6,"i2":9,"sol":{"path":["/c/en/walkover","/c/en/victory","/c/en/person","/c/en/chariton"],"weight":0.2080599999999998},"num_concepts_raised":26842},{"base_id":766,"kind":"bot_words","i1":7,"i2":8,"sol":{"path":["/c/en/nickel","/c/en/metal","/c/en/music","/c/en/fiddling"],"weight":0.22291999999999904},"num_concepts_raised":72314},{"base_id":766,"kind":"bot_words","i1":7,"i2":9,"sol":{"path":["/c/en/nickel","/c/en/coin","/c/en/iowa","/c/en/chariton"],"weight":0.22650999999999943},"num_concepts_raised":61618},{"base_id":766,"kind":"bot_words","i1":8,"i2":9,"sol":{"path":["/c/en/fiddling","/c/en/music","/c/en/person","/c/en/chariton"],"weight":0.20923999999999943},"num_concepts_raised":42416}],[{"base_id":766,"kind":"top_words","i1":0,"i2":1,"sol":{"path":["/c/en/superfluidity","/c/en/absolute_zero","/c/en/slang","/c/en/dirk"],"weight":0.2087799999999998},"num_concepts_raised":38191},{"base_id":766,"kind":"top_words","i1":0,"i2":2,"sol":{"path":["/c/en/superfluidity","/c/en/physics","/c/en/tet","/c/en/january","/c/en/jan"],"weight":0.21574999999999978},"num_concepts_raised":28233},{"base_id":766,"kind":"top_words","i1":0,"i2":3,"sol":{"path":["/c/en/superfluidity","/c/en/flow","/c/en/shunt","/c/en/shifter"],"weight":0.20876999999999968},"num_concepts_raised":53615},{"base_id":766,"kind":"top_words","i1":0,"i2":4,"sol":{"path":["/c/en/superfluidity","/c/fr/superfluidité","/c/fr/physique","/c/fr/géographie","/c/en/sarajevo"],"weight":0.21835999999999997},"num_concepts_raised":25003},{"base_id":766,"kind":"top_words","i1":0,"i2":5,"sol":{"path":["/c/en/superfluidity","/c/en/temperature","/c/en/front","/c/en/spokesperson","/c/en/spokesman"],"weight":0.2128099999999998},"num_concepts_raised":17345},{"base_id":766,"kind":"top_words","i1":0,"i2":6,"sol":{"path":["/c/en/superfluidity","/c/en/physics","/c/en/stop","/c/en/city","/c/en/tuzla"],"weight":0.2146800000000001},"num_concepts_raised":16177},{"base_id":766,"kind":"top_words","i1":0,"i2":7,"sol":{"path":["/c/en/superfluidity","/c/en/physics","/c/en/hyperchromic","/c/en/red_blood_cell","/c/en/hemolytic"],"weight":0.20860999999999985},"num_concepts_raised":12679},{"base_id":766,"kind":"top_words","i1":0,"i2":8,"sol":{"path":["/c/en/superfluidity","/c/en/physics","/c/en/mol","/c/en/vojvodina","/c/en/voivode"],"weight":0.21489999999999992},"num_concepts_raised":12782},{"base_id":766,"kind":"top_words","i1":0,"i2":9,"sol":{"path":["/c/en/superfluidity","/c/en/physics","/c/fr/gluon","/c/en/gluon"],"weight":0.22053999999999974},"num_concepts_raised":21227},{"base_id":766,"kind":"top_words","i1":1,"i2":2,"sol":{"path":["/c/en/dirk","/c/en/slang","/c/en/janner","/c/en/jan"],"weight":0.2082299999999998},"num_concepts_raised":41459},{"base_id":766,"kind":"top_words","i1":1,"i2":3,"sol":{"path":["/c/en/dirk","/c/en/us","/c/en/shifter"],"weight":0.202},"num_concepts_raised":102},{"base_id":766,"kind":"top_words","i1":1,"i2":4,"sol":{"path":["/c/en/dirk","/c/en/us","/c/en/capital","/c/en/sarajevo"],"weight":0.21050000000000002},"num_concepts_raised":38701},{"base_id":766,"kind":"top_words","i1":1,"i2":5,"sol":{"path":["/c/en/dirk","/c/en/slang","/c/en/speak","/c/en/spokesman"],"weight":0.20571999999999985},"num_concepts_raised":30895},{"base_id":766,"kind":"top_words","i1":1,"i2":6,"sol":{"path":["/c/en/dirk","/c/en/slang","/c/en/rug","/c/en/tuzla"],"weight":0.20919000000000013},"num_concepts_raised":29893},{"base_id":766,"kind":"top_words","i1":1,"i2":7,"sol":{"path":["/c/en/dirk","/c/en/slang","/c/en/medicine","/c/en/hemolysin","/c/en/hemolytic"],"weight":0.20411999999999986},"num_concepts_raised":26557},{"base_id":766,"kind":"top_words","i1":1,"i2":8,"sol":{"path":["/c/en/dirk","/c/en/slang","/c/en/duke","/c/ru/воевода","/c/en/voivode"],"weight":0.21374999999999994},"num_concepts_raised":26653},{"base_id":766,"kind":"top_words","i1":1,"i2":9,"sol":{"path":["/c/en/dirk","/c/en/slang","/c/en/jet","/c/en/gluon"],"weight":0.21035999999999977},"num_concepts_raised":36190},{"base_id":766,"kind":"top_words","i1":2,"i2":3,"sol":{"path":["/c/en/jan","/c/en/person","/c/en/mythology","/c/en/shifter"],"weight":0.20829999999999968},"num_concepts_raised":57013},{"base_id":766,"kind":"top_words","i1":2,"i2":4,"sol":{"path":["/c/en/jan","/c/en/person","/c/en/people","/c/en/city","/c/en/sarajevo"],"weight":0.21750999999999998},"num_concepts_raised":28716},{"base_id":766,"kind":"top_words","i1":2,"i2":5,"sol":{"path":["/c/en/jan","/c/en/person","/c/en/spokesperson","/c/en/spokesman"],"weight":0.21234999999999982},"num_concepts_raised":20730},{"base_id":766,"kind":"top_words","i1":2,"i2":6,"sol":{"path":["/c/en/jan","/c/en/person","/c/en/people","/c/en/city","/c/en/tuzla"],"weight":0.2140700000000001},"num_concepts_raised":19895},{"base_id":766,"kind":"top_words","i1":2,"i2":7,"sol":{"path":["/c/en/jan","/c/en/person","/c/en/spleen","/c/en/red_blood_cell","/c/en/hemolytic"],"weight":0.20796999999999982},"num_concepts_raised":16469},{"base_id":766,"kind":"top_words","i1":2,"i2":8,"sol":{"path":["/c/en/jan","/c/en/person","/c/en/duke","/c/ru/воевода","/c/en/voivode"],"weight":0.21855999999999992},"num_concepts_raised":16562},{"base_id":766,"kind":"top_words","i1":2,"i2":9,"sol":{"path":["/c/en/jan","/c/en/given_name","/c/en/susy","/c/en/gluon"],"weight":0.21516999999999975},"num_concepts_raised":26188},{"base_id":766,"kind":"top_words","i1":3,"i2":4,"sol":{"path":["/c/en/shifter","/c/en/passage","/c/en/city","/c/en/sarajevo"],"weight":0.21263999999999988},"num_concepts_raised":54092},{"base_id":766,"kind":"top_words","i1":3,"i2":5,"sol":{"path":["/c/en/shifter","/c/en/word","/c/en/speak","/c/en/spokesman"],"weight":0.20570999999999973},"num_concepts_raised":46488},{"base_id":766,"kind":"top_words","i1":3,"i2":6,"sol":{"path":["/c/en/shifter","/c/en/passage","/c/en/city","/c/en/tuzla"],"weight":0.20921},"num_concepts_raised":45391},{"base_id":766,"kind":"top_words","i1":3,"i2":7,"sol":{"path":["/c/en/shifter","/c/en/passage","/c/en/medicine","/c/en/hemolysin","/c/en/hemolytic"],"weight":0.20410999999999974},"num_concepts_raised":42212},{"base_id":766,"kind":"top_words","i1":3,"i2":8,"sol":{"path":["/c/en/shifter","/c/en/historical","/c/en/boyar","/c/en/voivode"],"weight":0.20938999999999985},"num_concepts_raised":42292},{"base_id":766,"kind":"top_words","i1":3,"i2":9,"sol":{"path":["/c/en/shifter","/c/en/linguistics","/c/en/particle","/c/en/gluon"],"weight":0.21056999999999965},"num_concepts_raised":51743},{"base_id":766,"kind":"top_words","i1":4,"i2":5,"sol":{"path":["/c/en/sarajevo","/c/en/city","/c/en/people","/c/en/speak","/c/en/spokesman"],"weight":0.21495},"num_concepts_raised":17813},{"base_id":766,"kind":"top_words","i1":4,"i2":6,"sol":{"path":["/c/en/sarajevo","/c/en/bosnia_and_herzegovina","/c/en/tuzla"],"weight":0.20900000000000002},"num_concepts_raised":188},{"base_id":766,"kind":"top_words","i1":4,"i2":7,"sol":{"path":["/c/en/sarajevo","/c/en/city","/c/en/transport","/c/en/red_blood_cell","/c/en/hemolytic"],"weight":0.21239000000000002},"num_concepts_raised":13189},{"base_id":766,"kind":"top_words","i1":4,"i2":8,"sol":{"path":["/c/en/sarajevo","/c/en/bosnia_and_herzegovina","/c/en/country","/c/en/vojvodina","/c/en/voivode"],"weight":0.22083000000000014},"num_concepts_raised":13281},{"base_id":766,"kind":"top_words","i1":4,"i2":9,"sol":{"path":["/c/en/sarajevo","/c/fr/géographie","/c/fr/physique","/c/en/gluon"],"weight":0.21801999999999994},"num_concepts_raised":22894},{"base_id":766,"kind":"top_words","i1":5,"i2":6,"sol":{"path":["/c/en/spokesman","/c/en/speak","/c/en/people","/c/en/city","/c/en/tuzla"],"weight":0.21151000000000014},"num_concepts_raised":8968},{"base_id":766,"kind":"top_words","i1":5,"i2":7,"sol":{"path":["/c/en/spokesman","/c/en/spokesperson","/c/en/person","/c/en/spleen","/c/en/red_blood_cell","/c/en/hemolytic"],"weight":0.21437089999999984},"num_concepts_raised":421904},{"base_id":766,"kind":"top_words","i1":5,"i2":8,"sol":{"path":["/c/en/spokesman","/c/de/sprecher","/c/en/leader","/c/bg/войвода","/c/en/voivode"],"weight":0.21583999999999995},"num_concepts_raised":5590},{"base_id":766,"kind":"top_words","i1":5,"i2":9,"sol":{"path":["/c/en/spokesman","/c/en/spokesperson","/c/en/front","/c/en/color","/c/en/gluon"],"weight":0.21444999999999975},"num_concepts_raised":15290},{"base_id":766,"kind":"top_words","i1":6,"i2":7,"sol":{"path":["/c/en/tuzla","/c/en/city","/c/en/transport","/c/en/red_blood_cell","/c/en/hemolytic"],"weight":0.20896000000000015},"num_concepts_raised":4333},{"base_id":766,"kind":"top_words","i1":6,"i2":8,"sol":{"path":["/c/en/tuzla","/c/en/bosnia_and_herzegovina","/c/en/country","/c/en/vojvodina","/c/en/voivode"],"weight":0.21735000000000024},"num_concepts_raised":4424},{"base_id":766,"kind":"top_words","i1":6,"i2":9,"sol":{"path":["/c/en/tuzla","/c/en/city","/c/en/nature","/c/en/gauge_boson","/c/en/gluon"],"weight":0.21822000000000005},"num_concepts_raised":14136},{"base_id":766,"kind":"top_words","i1":7,"i2":8,"sol":{"path":["/c/en/hemolytic","/c/en/hemolysin","/c/en/organic_compound","/c/en/pa","/c/en/grandpa","/c/en/voivode"],"weight":0.2158085999999998},"num_concepts_raised":82157},{"base_id":766,"kind":"top_words","i1":7,"i2":9,"sol":{"path":["/c/en/hemolytic","/c/en/hemolysin","/c/en/medicine","/c/en/color","/c/en/gluon"],"weight":0.2110999999999998},"num_concepts_raised":10642},{"base_id":766,"kind":"top_words","i1":8,"i2":9,"sol":{"path":["/c/en/voivode","/c/en/vojvodina","/c/en/mol","/c/fr/physique","/c/en/gluon"],"weight":0.21656999999999987},"num_concepts_raised":10739}]]