[[{"base_id":619,"kind":"bot_words","i1":0,"i2":1,"sol":{"path":["/c/en/scornful","/c/en/cynic","/c/en/good","/c/en/cedar","/c/en/pinaceae"],"weight":0.20330999999999982},"num_concepts_raised":2807},{"base_id":619,"kind":"bot_words","i1":0,"i2":2,"sol":{"path":["/c/en/scornful","/c/fr/mépris","/c/fr/indigne","/c/fr/débarquer","/c/en/disembark"],"weight":0.20686999999999972},"num_concepts_raised":14990},{"base_id":619,"kind":"bot_words","i1":0,"i2":3,"sol":{"path":["/c/en/scornful","/c/en/walker","/c/en/uk","/c/en/pip"],"weight":0.21081999999999934},"num_concepts_raised":64930},{"base_id":619,"kind":"bot_words","i1":0,"i2":4,"sol":{"path":["/c/en/scornful","/c/en/ridicule","/c/en/smoke","/c/en/breathing","/c/en/respiration"],"weight":0.2078399999999997},"num_concepts_raised":17089},{"base_id":619,"kind":"bot_words","i1":0,"i2":5,"sol":{"path":["/c/en/scornful","/c/en/scorn","/c/en/person","/c/en/science","/c/en/gunnery"],"weight":0.20463999999999985},"num_concepts_raised":8745},{"base_id":619,"kind":"bot_words","i1":0,"i2":6,"sol":{"path":["/c/en/scornful","/c/en/scorn","/c/en/feeling","/c/en/disillusionment","/c/en/disillusion"],"weight":0.20723999999999984},"num_concepts_raised":5220},{"base_id":619,"kind":"bot_words","i1":0,"i2":7,"sol":{"path":["/c/en/scornful","/c/en/scorn","/c/en/person","/c/en/biology","/c/en/histology"],"weight":0.21208999999999972},"num_concepts_raised":31350},{"base_id":619,"kind":"bot_words","i1":0,"i2":8,"sol":{"path":["/c/en/scornful","/c/en/cynic","/c/en/ancient_greek","/c/en/theseus"],"weight":0.20343999999999987},"num_concepts_raised":4833},{"base_id":619,"kind":"bot_words","i1":0,"i2":9,"sol":{"path":["/c/en/scornful","/c/en/scorn","/c/en/scoff","/c/en/food","/c/en/tortellini"],"weight":0.20990999999999982},"num_concepts_raised":7848},{"base_id":619,"kind":"bot_words","i1":1,"i2":2,"sol":{"path":["/c/en/pinaceae","/c/en/cedar","/c/en/wood","/c/en/boat","/c/en/disembark"],"weight":0.2040299999999997},"num_concepts_raised":13129},{"base_id":619,"kind":"bot_words","i1":1,"i2":3,"sol":{"path":["/c/en/pinaceae","/c/ja/マツ_科","/c/en/pine","/c/en/seed","/c/en/pip"],"weight":0.21378999999999937},"num_concepts_raised":63161},{"base_id":619,"kind":"bot_words","i1":1,"i2":4,"sol":{"path":["/c/en/pinaceae","/c/en/gnepine","/c/en/plant","/c/en/carbon_dioxide","/c/en/respiration"],"weight":0.2058699999999997},"num_concepts_raised":15219},{"base_id":619,"kind":"bot_words","i1":1,"i2":5,"sol":{"path":["/c/en/pinaceae","/c/en/pinaceous","/c/en/botany","/c/en/science","/c/en/gunnery"],"weight":0.20275999999999988},"num_concepts_raised":6871},{"base_id":619,"kind":"bot_words","i1":1,"i2":6,"sol":{"path":["/c/en/pinaceae","/c/en/gnepine","/c/en/plant","/c/en/free","/c/en/disillusion"],"weight":0.20329999999999987},"num_concepts_raised":3342},{"base_id":619,"kind":"bot_words","i1":1,"i2":7,"sol":{"path":["/c/en/pinaceae","/c/en/gnepine","/c/en/plant","/c/en/histology"],"weight":0.20992999999999973},"num_concepts_raised":29466},{"base_id":619,"kind":"bot_words","i1":1,"i2":8,"sol":{"path":["/c/en/pinaceae","/c/fr/pinacées","/c/fr/douglas","/c/fr/localités","/c/fr/thésée","/c/en/theseus"],"weight":0.2090475999999999},"num_concepts_raised":302975},{"base_id":619,"kind":"bot_words","i1":1,"i2":9,"sol":{"path":["/c/en/pinaceae","/c/en/cedar","/c/en/type","/c/en/pasta","/c/en/tortellini"],"weight":0.21003999999999984},"num_concepts_raised":5961},{"base_id":619,"kind":"bot_words","i1":2,"i2":3,"sol":{"path":["/c/en/disembark","/c/en/land","/c/en/pit","/c/en/pip"],"weight":0.21405999999999925},"num_concepts_raised":74049},{"base_id":619,"kind":"bot_words","i1":2,"i2":4,"sol":{"path":["/c/en/disembark","/c/en/land","/c/en/living","/c/en/respiration"],"weight":0.20656999999999956},"num_concepts_raised":27146},{"base_id":619,"kind":"bot_words","i1":2,"i2":5,"sol":{"path":["/c/en/disembark","/c/en/train","/c/en/artillery","/c/en/gunnery"],"weight":0.20530999999999974},"num_concepts_raised":18844},{"base_id":619,"kind":"bot_words","i1":2,"i2":6,"sol":{"path":["/c/en/disembark","/c/en/land","/c/el/προσγειώνω","/c/en/disillusion"],"weight":0.20495999999999975},"num_concepts_raised":15485},{"base_id":619,"kind":"bot_words","i1":2,"i2":7,"sol":{"path":["/c/en/disembark","/c/en/vessel","/c/en/biology","/c/en/histology"],"weight":0.21153999999999962},"num_concepts_raised":41238},{"base_id":619,"kind":"bot_words","i1":2,"i2":8,"sol":{"path":["/c/en/disembark","/c/fi/nousta","/c/en/bull","/c/en/minotaur","/c/en/theseus"],"weight":0.20510999999999974},"num_concepts_raised":15139},{"base_id":619,"kind":"bot_words","i1":2,"i2":9,"sol":{"path":["/c/en/disembark","/c/en/boat","/c/en/food","/c/en/tortellini"],"weight":0.2094699999999997},"num_concepts_raised":18061},{"base_id":619,"kind":"bot_words","i1":3,"i2":4,"sol":{"path":["/c/en/pip","/c/en/respiratory","/c/en/respiration"],"weight":0.20500000000000002},"num_concepts_raised":364},{"base_id":619,"kind":"bot_words","i1":3,"i2":5,"sol":{"path":["/c/en/pip","/c/en/impact","/c/en/gunnery"],"weight":0.20400000000000001},"num_concepts_raised":237},{"base_id":619,"kind":"bot_words","i1":3,"i2":6,"sol":{"path":["/c/en/pip","/c/en/depression","/c/en/disillusionment","/c/en/disillusion"],"weight":0.2128099999999994},"num_concepts_raised":65394},{"base_id":619,"kind":"bot_words","i1":3,"i2":7,"sol":{"path":["/c/en/pip","/c/en/seed","/c/en/plant","/c/en/histology"],"weight":0.22030999999999928},"num_concepts_raised":89459},{"base_id":619,"kind":"bot_words","i1":3,"i2":8,"sol":{"path":["/c/en/pip","/c/en/us","/c/en/hero","/c/en/theseus"],"weight":0.2102199999999994},"num_concepts_raised":65096},{"base_id":619,"kind":"bot_words","i1":3,"i2":9,"sol":{"path":["/c/en/pip","/c/en/seed","/c/en/food","/c/en/tortellini"],"weight":0.21825999999999937},"num_concepts_raised":67735},{"base_id":619,"kind":"bot_words","i1":4,"i2":5,"sol":{"path":["/c/en/respiration","/c/en/energy","/c/en/science","/c/en/gunnery"],"weight":0.2050099999999997},"num_concepts_raised":20941},{"base_id":619,"kind":"bot_words","i1":4,"i2":6,"sol":{"path":["/c/en/respiration","/c/en/energy","/c/en/feeling","/c/en/disillusionment","/c/en/disillusion"],"weight":0.2076299999999997},"num_concepts_raised":17581},{"base_id":619,"kind":"bot_words","i1":4,"i2":7,"sol":{"path":["/c/en/respiration","/c/en/chemical","/c/en/histology"],"weight":0.20400000000000001},"num_concepts_raised":293},{"base_id":619,"kind":"bot_words","i1":4,"i2":8,"sol":{"path":["/c/en/respiration","/c/fr/haleine","/c/fr/commune","/c/fr/thésée","/c/en/theseus"],"weight":0.2082899999999997},"num_concepts_raised":17230},{"base_id":619,"kind":"bot_words","i1":4,"i2":9,"sol":{"path":["/c/en/respiration","/c/en/energy","/c/en/food","/c/en/tortellini"],"weight":0.2103199999999997},"num_concepts_raised":20125},{"base_id":619,"kind":"bot_words","i1":5,"i2":6,"sol":{"path":["/c/en/gunnery","/c/en/science","/c/en/magic","/c/en/disenchant","/c/en/disillusion"],"weight":0.20461999999999989},"num_concepts_raised":9255},{"base_id":619,"kind":"bot_words","i1":5,"i2":7,"sol":{"path":["/c/en/gunnery","/c/en/science","/c/en/biology","/c/en/histology"],"weight":0.2104099999999998},"num_concepts_raised":34986},{"base_id":619,"kind":"bot_words","i1":5,"i2":8,"sol":{"path":["/c/en/gunnery","/c/en/gun","/c/en/big","/c/en/labyrinth","/c/en/theseus"],"weight":0.20301999999999992},"num_concepts_raised":8886},{"base_id":619,"kind":"bot_words","i1":5,"i2":9,"sol":{"path":["/c/en/gunnery","/c/en/bullet","/c/en/food","/c/en/tortellini"],"weight":0.20826999999999987},"num_concepts_raised":11841},{"base_id":619,"kind":"bot_words","i1":6,"i2":7,"sol":{"path":["/c/en/disillusion","/c/en/free","/c/en/plant","/c/en/histology"],"weight":0.21068999999999977},"num_concepts_raised":31845},{"base_id":619,"kind":"bot_words","i1":6,"i2":8,"sol":{"path":["/c/en/disillusion","/c/en/illusion","/c/pt/quimera","/c/en/greek_mythology","/c/en/theseus"],"weight":0.20353999999999992},"num_concepts_raised":5372},{"base_id":619,"kind":"bot_words","i1":6,"i2":9,"sol":{"path":["/c/en/disillusion","/c/en/illusion","/c/en/desert","/c/en/food","/c/en/tortellini"],"weight":0.2088299999999999},"num_concepts_raised":8373},{"base_id":619,"kind":"bot_words","i1":7,"i2":8,"sol":{"path":["/c/en/histology","/c/en/staining","/c/fr/localités","/c/fr/thésée","/c/en/theseus"],"weight":0.21202999999999977},"num_concepts_raised":31463},{"base_id":619,"kind":"bot_words","i1":7,"i2":9,"sol":{"path":["/c/en/histology","/c/en/biology","/c/en/soup","/c/en/tortellini"],"weight":0.21559999999999974},"num_concepts_raised":34261},{"base_id":619,"kind":"bot_words","i1":8,"i2":9,"sol":{"path":["/c/en/theseus","/c/en/greek_mythology","/c/en/ambrosia","/c/en/food","/c/en/tortellini"],"weight":0.2082099999999999},"num_concepts_raised":7989}],[{"base_id":619,"kind":"top_words","i1":0,"i2":1,"sol":{"path":["/c/en/accent","/c/en/dialect"],"weight":0.20700000000000002},"num_concepts_raised":2427},{"base_id":619,"kind":"top_words","i1":0,"i2":2,"sol":{"path":["/c/en/accent","/c/en/dialect","/c/en/dialects"],"weight":0.20500000000000002},"num_concepts_raised":458},{"base_id":619,"kind":"top_words","i1":0,"i2":3,"sol":{"path":["/c/en/accent","/c/en/drawl"],"weight":0.20400000000000001},"num_concepts_raised":416},{"base_id":619,"kind":"top_words","i1":0,"i2":4,"sol":{"path":["/c/en/accent","/c/en/cockney"],"weight":0.20600000000000002},"num_concepts_raised":457},{"base_id":619,"kind":"top_words","i1":0,"i2":5,"sol":{"path":["/c/en/accent","/c/en/distinguish","/c/en/distinctive"],"weight":0.20400000000000001},"num_concepts_raised":530},{"base_id":619,"kind":"top_words","i1":0,"i2":6,"sol":{"path":["/c/en/accent","/c/en/pronunciation"],"weight":0.20600000000000002},"num_concepts_raised":651},{"base_id":619,"kind":"top_words","i1":0,"i2":7,"sol":{"path":["/c/en/accent","/c/en/letter","/c/en/vowel"],"weight":0.20700000000000002},"num_concepts_raised":834},{"base_id":619,"kind":"top_words","i1":0,"i2":8,"sol":{"path":["/c/en/accent","/c/en/twang","/c/en/lilt"],"weight":0.20500000000000002},"num_concepts_raised":397},{"base_id":619,"kind":"top_words","i1":0,"i2":9,"sol":{"path":["/c/en/accent","/c/en/non_rhotic","/c/en/rhotic"],"weight":0.20500000000000002},"num_concepts_raised":398},{"base_id":619,"kind":"top_words","i1":1,"i2":2,"sol":{"path":["/c/en/dialect","/c/en/dialects"],"weight":0.20600000000000002},"num_concepts_raised":2187},{"base_id":619,"kind":"top_words","i1":1,"i2":3,"sol":{"path":["/c/en/dialect","/c/en/accent","/c/en/drawl"],"weight":0.20500000000000002},"num_concepts_raised":2150},{"base_id":619,"kind":"top_words","i1":1,"i2":4,"sol":{"path":["/c/en/dialect","/c/en/cockney"],"weight":0.20600000000000002},"num_concepts_raised":2188},{"base_id":619,"kind":"top_words","i1":1,"i2":5,"sol":{"path":["/c/en/dialect","/c/en/accent","/c/en/distinguish","/c/en/distinctive"],"weight":0.23826000000000008},"num_concepts_raised":142476},{"base_id":619,"kind":"top_words","i1":1,"i2":6,"sol":{"path":["/c/en/dialect","/c/ru/говор","/c/en/pronunciation"],"weight":0.20700000000000002},"num_concepts_raised":2398},{"base_id":619,"kind":"top_words","i1":1,"i2":7,"sol":{"path":["/c/en/dialect","/c/en/long","/c/en/vowel"],"weight":0.20600000000000002},"num_concepts_raised":2576},{"base_id":619,"kind":"top_words","i1":1,"i2":8,"sol":{"path":["/c/en/dialect","/c/en/brogue","/c/en/lilt"],"weight":0.20400000000000001},"num_concepts_raised":2131},{"base_id":619,"kind":"top_words","i1":1,"i2":9,"sol":{"path":["/c/en/dialect","/c/en/language","/c/fr/linguistique","/c/en/rhotic"],"weight":0.23816000000000054},"num_concepts_raised":141801},{"base_id":619,"kind":"top_words","i1":2,"i2":3,"sol":{"path":["/c/en/dialects","/c/en/dialect","/c/en/accent","/c/en/drawl"],"weight":0.2048799999999995},"num_concepts_raised":27499},{"base_id":619,"kind":"top_words","i1":2,"i2":4,"sol":{"path":["/c/en/dialects","/c/en/dialect","/c/en/cockney"],"weight":0.20500000000000002},"num_concepts_raised":185},{"base_id":619,"kind":"top_words","i1":2,"i2":5,"sol":{"path":["/c/en/dialects","/c/en/set","/c/en/distinguish","/c/en/distinctive"],"weight":0.20516999999999913},"num_concepts_raised":28639},{"base_id":619,"kind":"top_words","i1":2,"i2":6,"sol":{"path":["/c/en/dialects","/c/en/voice","/c/en/pronounce","/c/en/pronunciation"],"weight":0.21856999999999938},"num_concepts_raised":25907},{"base_id":619,"kind":"top_words","i1":2,"i2":7,"sol":{"path":["/c/en/dialects","/c/en/voice","/c/en/vowel"],"weight":0.20400000000000001},"num_concepts_raised":569},{"base_id":619,"kind":"top_words","i1":2,"i2":8,"sol":{"path":["/c/en/dialects","/c/en/dialect","/c/en/brogue","/c/en/lilt"],"weight":0.2045999999999996},"num_concepts_raised":23056},{"base_id":619,"kind":"top_words","i1":2,"i2":9,"sol":{"path":["/c/en/dialects","/c/en/language","/c/fr/linguistique","/c/en/rhotic"],"weight":0.2035799999999996},"num_concepts_raised":27535},{"base_id":619,"kind":"top_words","i1":3,"i2":4,"sol":{"path":["/c/en/drawl","/c/en/accent","/c/en/cockney"],"weight":0.20400000000000001},"num_concepts_raised":146},{"base_id":619,"kind":"top_words","i1":3,"i2":5,"sol":{"path":["/c/en/drawl","/c/en/accent","/c/en/distinguish","/c/en/distinctive"],"weight":0.20486999999999933},"num_concepts_raised":18737},{"base_id":619,"kind":"top_words","i1":3,"i2":6,"sol":{"path":["/c/en/drawl","/c/en/pronounce","/c/en/pronunciation"],"weight":0.20600000000000002},"num_concepts_raised":355},{"base_id":619,"kind":"top_words","i1":3,"i2":7,"sol":{"path":["/c/en/drawl","/c/en/move","/c/he/תנועה","/c/en/vowel"],"weight":0.2201699999999993},"num_concepts_raised":39778},{"base_id":619,"kind":"top_words","i1":3,"i2":8,"sol":{"path":["/c/en/drawl","/c/en/lilt"],"weight":0.20400000000000001},"num_concepts_raised":78},{"base_id":619,"kind":"top_words","i1":3,"i2":9,"sol":{"path":["/c/en/drawl","/c/en/lisp","/c/en/consonant","/c/en/rhotic"],"weight":0.2043899999999998},"num_concepts_raised":17673},{"base_id":619,"kind":"top_words","i1":4,"i2":5,"sol":{"path":["/c/en/cockney","/c/en/mannerism","/c/en/characteristic","/c/en/distinctive"],"weight":0.21302999999999922},"num_concepts_raised":37407},{"base_id":619,"kind":"top_words","i1":4,"i2":6,"sol":{"path":["/c/en/cockney","/c/en/accent","/c/en/pronunciation"],"weight":0.20600000000000002},"num_concepts_raised":398},{"base_id":619,"kind":"top_words","i1":4,"i2":7,"sol":{"path":["/c/en/cockney","/c/en/speech","/c/en/vowel"],"weight":0.20600000000000002},"num_concepts_raised":572},{"base_id":619,"kind":"top_words","i1":4,"i2":8,"sol":{"path":["/c/en/cockney","/c/en/speech","/c/en/lisp","/c/en/lilt"],"weight":0.2102499999999997},"num_concepts_raised":31925},{"base_id":619,"kind":"top_words","i1":4,"i2":9,"sol":{"path":["/c/en/cockney","/c/en/english","/c/en/non_rhotic","/c/en/rhotic"],"weight":0.21014999999999973},"num_concepts_raised":36426},{"base_id":619,"kind":"top_words","i1":5,"i2":6,"sol":{"path":["/c/en/distinctive","/c/en/characteristic","/c/en/propriety","/c/en/pronunciation"],"weight":0.21727999999999922},"num_concepts_raised":17204},{"base_id":619,"kind":"top_words","i1":5,"i2":7,"sol":{"path":["/c/en/distinctive","/c/en/characteristic","/c/en/point","/c/en/vowel"],"weight":0.21986999999999893},"num_concepts_raised":40877},{"base_id":619,"kind":"top_words","i1":5,"i2":8,"sol":{"path":["/c/en/distinctive","/c/en/differential","/c/en/motion","/c/en/lilt"],"weight":0.2044799999999994},"num_concepts_raised":14012},{"base_id":619,"kind":"top_words","i1":5,"i2":9,"sol":{"path":["/c/en/distinctive","/c/en/unit","/c/en/phoneme","/c/en/rhotic"],"weight":0.20450999999999941},"num_concepts_raised":18511},{"base_id":619,"kind":"top_words","i1":6,"i2":7,"sol":{"path":["/c/en/pronunciation","/c/en/syllable","/c/en/vowel"],"weight":0.20700000000000002},"num_concepts_raised":773},{"base_id":619,"kind":"top_words","i1":6,"i2":8,"sol":{"path":["/c/en/pronunciation","/c/en/pronounce","/c/en/lilt"],"weight":0.20600000000000002},"num_concepts_raised":336},{"base_id":619,"kind":"top_words","i1":6,"i2":9,"sol":{"path":["/c/en/pronunciation","/c/en/phoneme","/c/en/rhotic"],"weight":0.20400000000000001},"num_concepts_raised":335},{"base_id":619,"kind":"top_words","i1":7,"i2":8,"sol":{"path":["/c/en/vowel","/c/he/תנועה","/c/en/motion","/c/en/lilt"],"weight":0.21995999999999938},"num_concepts_raised":35454},{"base_id":619,"kind":"top_words","i1":7,"i2":9,"sol":{"path":["/c/en/vowel","/c/en/consonant","/c/en/rhotic"],"weight":0.20500000000000002},"num_concepts_raised":494},{"base_id":619,"kind":"top_words","i1":8,"i2":9,"sol":{"path":["/c/en/lilt","/c/en/lisp","/c/en/consonant","/c/en/rhotic"],"weight":0.20413999999999988},"num_concepts_raised":12887}]]