[[{"base_id":286,"kind":"bot_words","i1":0,"i2":1,"sol":{"path":["/c/en/astrological","/c/en/astrology","/c/en/house","/c/en/web","/c/en/entanglement"],"weight":0.20572999999999964},"num_concepts_raised":14550},{"base_id":286,"kind":"bot_words","i1":0,"i2":2,"sol":{"path":["/c/en/astrological","/c/en/cacodaemon","/c/en/demonic"],"weight":0.202},"num_concepts_raised":154},{"base_id":286,"kind":"bot_words","i1":0,"i2":3,"sol":{"path":["/c/en/astrological","/c/en/figure","/c/en/vertical","/c/en/lazy","/c/en/slothful"],"weight":0.20532999999999965},"num_concepts_raised":6578},{"base_id":286,"kind":"bot_words","i1":0,"i2":4,"sol":{"path":["/c/en/astrological","/c/en/astrology","/c/en/house","/c/en/fly","/c/en/flightless"],"weight":0.2051599999999998},"num_concepts_raised":11018},{"base_id":286,"kind":"bot_words","i1":0,"i2":5,"sol":{"path":["/c/en/astrological","/c/en/sign","/c/en/shell","/c/en/lorica"],"weight":0.20337999999999973},"num_concepts_raised":42436},{"base_id":286,"kind":"bot_words","i1":0,"i2":6,"sol":{"path":["/c/en/astrological","/c/en/figure","/c/de/figur","/c/de/alliteration","/c/en/alliteration"],"weight":0.21265999999999985},"num_concepts_raised":6210},{"base_id":286,"kind":"bot_words","i1":0,"i2":7,"sol":{"path":["/c/en/astrological","/c/en/sign","/c/en/disease","/c/en/disquiet"],"weight":0.2045999999999995},"num_concepts_raised":18339},{"base_id":286,"kind":"bot_words","i1":0,"i2":8,"sol":{"path":["/c/en/astrological","/c/en/sign","/c/en/check","/c/en/checkmark"],"weight":0.2036399999999997},"num_concepts_raised":7342},{"base_id":286,"kind":"bot_words","i1":0,"i2":9,"sol":{"path":["/c/en/astrological","/c/en/sign","/c/en/guide","/c/en/cynosure"],"weight":0.20329999999999976},"num_concepts_raised":7436},{"base_id":286,"kind":"bot_words","i1":1,"i2":2,"sol":{"path":["/c/en/entanglement","/c/en/nautical","/c/en/ghost","/c/en/demon","/c/en/demonic"],"weight":0.20850999999999975},"num_concepts_raised":13084},{"base_id":286,"kind":"bot_words","i1":1,"i2":3,"sol":{"path":["/c/en/entanglement","/c/en/nautical","/c/en/idler","/c/en/lazy","/c/en/slothful"],"weight":0.20578999999999964},"num_concepts_raised":12984},{"base_id":286,"kind":"bot_words","i1":1,"i2":4,"sol":{"path":["/c/en/entanglement","/c/en/web","/c/en/duck","/c/en/flightless"],"weight":0.20424999999999974},"num_concepts_raised":17390},{"base_id":286,"kind":"bot_words","i1":1,"i2":5,"sol":{"path":["/c/en/entanglement","/c/en/nautical","/c/en/shell","/c/en/lorica"],"weight":0.20371999999999968},"num_concepts_raised":48470},{"base_id":286,"kind":"bot_words","i1":1,"i2":6,"sol":{"path":["/c/en/entanglement","/c/en/approach","/c/la/ad","/c/en/alliteration"],"weight":0.2108899999999998},"num_concepts_raised":12647},{"base_id":286,"kind":"bot_words","i1":1,"i2":7,"sol":{"path":["/c/en/entanglement","/c/en/impede","/c/en/disturb","/c/en/disquiet"],"weight":0.20511999999999947},"num_concepts_raised":24673},{"base_id":286,"kind":"bot_words","i1":1,"i2":8,"sol":{"path":["/c/en/entanglement","/c/en/nautical","/c/en/check","/c/en/checkmark"],"weight":0.2039699999999997},"num_concepts_raised":13944},{"base_id":286,"kind":"bot_words","i1":1,"i2":9,"sol":{"path":["/c/en/entanglement","/c/en/entangle","/c/en/imply","/c/en/direct","/c/en/cynosure"],"weight":0.20477999999999974},"num_concepts_raised":13857},{"base_id":286,"kind":"bot_words","i1":2,"i2":3,"sol":{"path":["/c/en/demonic","/c/en/demon","/c/en/wicked","/c/en/lazy","/c/en/slothful"],"weight":0.20952999999999977},"num_concepts_raised":5063},{"base_id":286,"kind":"bot_words","i1":2,"i2":4,"sol":{"path":["/c/en/demonic","/c/en/demon","/c/en/physics","/c/en/emu","/c/en/flightless"],"weight":0.20901999999999987},"num_concepts_raised":9525},{"base_id":286,"kind":"bot_words","i1":2,"i2":5,"sol":{"path":["/c/en/demonic","/c/en/demon","/c/en/historical","/c/en/lorica"],"weight":0.20747999999999983},"num_concepts_raised":41083},{"base_id":286,"kind":"bot_words","i1":2,"i2":6,"sol":{"path":["/c/en/demonic","/c/en/possession","/c/en/linguistics","/c/en/rhyme","/c/en/alliteration"],"weight":0.21128999999999998},"num_concepts_raised":4709},{"base_id":286,"kind":"bot_words","i1":2,"i2":7,"sol":{"path":["/c/en/demonic","/c/en/demon","/c/en/anxiety","/c/en/disquiet"],"weight":0.20914999999999961},"num_concepts_raised":16859},{"base_id":286,"kind":"bot_words","i1":2,"i2":8,"sol":{"path":["/c/en/demonic","/c/en/demon","/c/en/uk","/c/en/tick","/c/en/checkmark"],"weight":0.20876999999999984},"num_concepts_raised":6101},{"base_id":286,"kind":"bot_words","i1":2,"i2":9,"sol":{"path":["/c/en/demonic","/c/en/demon","/c/en/spirit","/c/en/guide","/c/en/cynosure"],"weight":0.20745999999999987},"num_concepts_raised":5968},{"base_id":286,"kind":"bot_words","i1":3,"i2":4,"sol":{"path":["/c/en/slothful","/c/en/idle","/c/ja/むし","/c/en/wingless","/c/en/flightless"],"weight":0.20687999999999976},"num_concepts_raised":9413},{"base_id":286,"kind":"bot_words","i1":3,"i2":5,"sol":{"path":["/c/en/slothful","/c/vi/lười","/c/en/zoology","/c/en/lorica"],"weight":0.20315999999999973},"num_concepts_raised":40995},{"base_id":286,"kind":"bot_words","i1":3,"i2":6,"sol":{"path":["/c/en/slothful","/c/en/lazy","/c/en/adjective","/c/la/ad","/c/en/alliteration"],"weight":0.21188999999999986},"num_concepts_raised":4631},{"base_id":286,"kind":"bot_words","i1":3,"i2":7,"sol":{"path":["/c/en/slothful","/c/en/lazy","/c/la/iners","/c/en/quiet","/c/en/disquiet"],"weight":0.20793999999999951},"num_concepts_raised":16768},{"base_id":286,"kind":"bot_words","i1":3,"i2":8,"sol":{"path":["/c/en/slothful","/c/en/lazy","/c/en/uk","/c/en/tick","/c/en/checkmark"],"weight":0.20595999999999975},"num_concepts_raised":6026},{"base_id":286,"kind":"bot_words","i1":3,"i2":9,"sol":{"path":["/c/en/slothful","/c/en/lazy","/c/en/around","/c/en/guide","/c/en/cynosure"],"weight":0.20463999999999977},"num_concepts_raised":5891},{"base_id":286,"kind":"bot_words","i1":4,"i2":5,"sol":{"path":["/c/en/flightless","/c/en/chicken","/c/en/plate","/c/en/lorica"],"weight":0.20318999999999984},"num_concepts_raised":45245},{"base_id":286,"kind":"bot_words","i1":4,"i2":6,"sol":{"path":["/c/en/flightless","/c/en/fly","/c/en/ascend","/c/la/ad","/c/en/alliteration"],"weight":0.21039999999999998},"num_concepts_raised":9101},{"base_id":286,"kind":"bot_words","i1":4,"i2":7,"sol":{"path":["/c/en/flightless","/c/en/less","/c/en/restless","/c/en/disquiet"],"weight":0.20447999999999966},"num_concepts_raised":21158},{"base_id":286,"kind":"bot_words","i1":4,"i2":8,"sol":{"path":["/c/en/flightless","/c/en/ostrich","/c/fr/zoologie","/c/en/tick","/c/en/checkmark"],"weight":0.20552999999999988},"num_concepts_raised":10471},{"base_id":286,"kind":"bot_words","i1":4,"i2":9,"sol":{"path":["/c/en/flightless","/c/en/wingless","/c/en/wing","/c/en/center","/c/en/cynosure"],"weight":0.20516999999999985},"num_concepts_raised":10345},{"base_id":286,"kind":"bot_words","i1":5,"i2":6,"sol":{"path":["/c/en/lorica","/c/en/fire","/c/en/attack","/c/fi/alkusointu","/c/en/alliteration"],"weight":0.21396999999999994},"num_concepts_raised":40679},{"base_id":286,"kind":"bot_words","i1":5,"i2":7,"sol":{"path":["/c/en/lorica","/c/en/fire","/c/en/pain","/c/en/disquiet"],"weight":0.2039399999999996},"num_concepts_raised":52639},{"base_id":286,"kind":"bot_words","i1":5,"i2":8,"sol":{"path":["/c/en/lorica","/c/en/historical","/c/en/mark","/c/en/checkmark"],"weight":0.2028499999999998},"num_concepts_raised":41958},{"base_id":286,"kind":"bot_words","i1":5,"i2":9,"sol":{"path":["/c/en/lorica","/c/en/fire","/c/en/star","/c/fi/johtotähti","/c/en/cynosure"],"weight":0.20367999999999983},"num_concepts_raised":41837},{"base_id":286,"kind":"bot_words","i1":6,"i2":7,"sol":{"path":["/c/en/alliteration","/c/fi/alkusointu","/c/en/attack","/c/en/disease","/c/en/disquiet"],"weight":0.21518999999999971},"num_concepts_raised":16460},{"base_id":286,"kind":"bot_words","i1":6,"i2":8,"sol":{"path":["/c/en/alliteration","/c/fi/alkusointu","/c/en/attack","/c/en/check","/c/en/checkmark"],"weight":0.21419999999999995},"num_concepts_raised":5666},{"base_id":286,"kind":"bot_words","i1":6,"i2":9,"sol":{"path":["/c/en/alliteration","/c/fr/répétition","/c/ja/指導","/c/en/guide","/c/en/cynosure"],"weight":0.20985999999999994},"num_concepts_raised":5539},{"base_id":286,"kind":"bot_words","i1":7,"i2":8,"sol":{"path":["/c/en/disquiet","/c/en/quiet","/c/en/sound","/c/en/tick","/c/en/checkmark"],"weight":0.20726999999999962},"num_concepts_raised":17808},{"base_id":286,"kind":"bot_words","i1":7,"i2":9,"sol":{"path":["/c/en/disquiet","/c/en/quiet","/c/en/library","/c/en/center","/c/en/cynosure"],"weight":0.20587999999999962},"num_concepts_raised":17704},{"base_id":286,"kind":"bot_words","i1":8,"i2":9,"sol":{"path":["/c/en/checkmark","/c/en/tick","/c/fr/cocher","/c/fr/guide","/c/en/cynosure"],"weight":0.20399999999999985},"num_concepts_raised":6896}],[{"base_id":286,"kind":"top_words","i1":0,"i2":1,"sol":{"path":["/c/en/haidong","/c/en/china","/c/en/li"],"weight":0.20600000000000002},"num_concepts_raised":2525},{"base_id":286,"kind":"top_words","i1":0,"i2":2,"sol":{"path":["/c/en/haidong","/c/en/city","/c/en/luoyang"],"weight":0.20800000000000002},"num_concepts_raised":107},{"base_id":286,"kind":"top_words","i1":0,"i2":3,"sol":{"path":["/c/en/haidong","/c/en/city","/c/en/huainan"],"weight":0.20800000000000002},"num_concepts_raised":81},{"base_id":286,"kind":"top_words","i1":0,"i2":4,"sol":{"path":["/c/en/haidong","/c/en/china","/c/en/jin","/c/en/emperor"],"weight":0.22769999999999915},"num_concepts_raised":22313},{"base_id":286,"kind":"top_words","i1":0,"i2":5,"sol":{"path":["/c/en/haidong","/c/en/city","/c/en/human","/c/en/carcass","/c/en/krang"],"weight":0.21485999999999983},"num_concepts_raised":5803},{"base_id":286,"kind":"top_words","i1":0,"i2":6,"sol":{"path":["/c/en/haidong","/c/en/city","/c/en/runway","/c/en/athletics","/c/en/pentathlete"],"weight":0.21012999999999993},"num_concepts_raised":5707},{"base_id":286,"kind":"top_words","i1":0,"i2":7,"sol":{"path":["/c/en/haidong","/c/en/city","/c/en/municipality","/c/en/tangible_thing","/c/en/ligase"],"weight":0.21006999999999987},"num_concepts_raised":13567},{"base_id":286,"kind":"top_words","i1":0,"i2":8,"sol":{"path":["/c/en/haidong","/c/en/china","/c/en/chinese","/c/en/wang"],"weight":0.21339999999999973},"num_concepts_raised":16108},{"base_id":286,"kind":"top_words","i1":0,"i2":9,"sol":{"path":["/c/en/haidong","/c/en/china","/c/en/tiele","/c/en/xiongnu"],"weight":0.2131899999999997},"num_concepts_raised":5097},{"base_id":286,"kind":"top_words","i1":1,"i2":2,"sol":{"path":["/c/en/li","/c/en/china","/c/en/luoyang"],"weight":0.20600000000000002},"num_concepts_raised":2577},{"base_id":286,"kind":"top_words","i1":1,"i2":3,"sol":{"path":["/c/en/li","/c/en/china","/c/en/huainan"],"weight":0.20600000000000002},"num_concepts_raised":2551},{"base_id":286,"kind":"top_words","i1":1,"i2":4,"sol":{"path":["/c/en/li","/c/en/ceremony","/c/ja/璽","/c/en/emperor"],"weight":0.2546699999999958},"num_concepts_raised":37941},{"base_id":286,"kind":"top_words","i1":1,"i2":5,"sol":{"path":["/c/en/li","/c/en/chinese","/c/en/human","/c/en/carcass","/c/en/krang"],"weight":0.23795999999999645},"num_concepts_raised":21714},{"base_id":286,"kind":"top_words","i1":1,"i2":6,"sol":{"path":["/c/en/li","/c/en/lee","/c/en/stale","/c/en/athlete","/c/en/pentathlete"],"weight":0.23523999999999656},"num_concepts_raised":21606},{"base_id":286,"kind":"top_words","i1":1,"i2":7,"sol":{"path":["/c/en/li","/c/en/county","/c/en/tangible_thing","/c/en/ligase"],"weight":0.23307999999999657},"num_concepts_raised":29429},{"base_id":286,"kind":"top_words","i1":1,"i2":8,"sol":{"path":["/c/en/li","/c/en/chinese","/c/en/wang"],"weight":0.20600000000000002},"num_concepts_raised":2564},{"base_id":286,"kind":"top_words","i1":1,"i2":9,"sol":{"path":["/c/en/li","/c/en/china","/c/en/wusun","/c/en/xiongnu"],"weight":0.23830999999999639},"num_concepts_raised":21010},{"base_id":286,"kind":"top_words","i1":2,"i2":3,"sol":{"path":["/c/en/luoyang","/c/en/city","/c/en/huainan"],"weight":0.20800000000000002},"num_concepts_raised":131},{"base_id":286,"kind":"top_words","i1":2,"i2":4,"sol":{"path":["/c/en/luoyang","/c/en/level","/c/en/ruler","/c/en/emperor"],"weight":0.2286999999999991},"num_concepts_raised":30319},{"base_id":286,"kind":"top_words","i1":2,"i2":5,"sol":{"path":["/c/en/luoyang","/c/en/city","/c/en/human","/c/en/carcass","/c/en/krang"],"weight":0.21573999999999974},"num_concepts_raised":14123},{"base_id":286,"kind":"top_words","i1":2,"i2":6,"sol":{"path":["/c/en/luoyang","/c/en/city","/c/en/runway","/c/en/athletics","/c/en/pentathlete"],"weight":0.21098999999999984},"num_concepts_raised":14030},{"base_id":286,"kind":"top_words","i1":2,"i2":7,"sol":{"path":["/c/en/luoyang","/c/en/district","/c/en/tangible_thing","/c/en/ligase"],"weight":0.20879999999999982},"num_concepts_raised":21812},{"base_id":286,"kind":"top_words","i1":2,"i2":8,"sol":{"path":["/c/en/luoyang","/c/en/henan","/c/en/chinese","/c/en/wang"],"weight":0.21622999999999964},"num_concepts_raised":24309},{"base_id":286,"kind":"top_words","i1":2,"i2":9,"sol":{"path":["/c/en/luoyang","/c/en/china","/c/en/tiele","/c/en/xiongnu"],"weight":0.21399999999999963},"num_concepts_raised":13430},{"base_id":286,"kind":"top_words","i1":3,"i2":4,"sol":{"path":["/c/en/huainan","/c/en/dynasty","/c/en/empire","/c/en/emperor"],"weight":0.23246999999999907},"num_concepts_raised":35471},{"base_id":286,"kind":"top_words","i1":3,"i2":5,"sol":{"path":["/c/en/huainan","/c/en/city","/c/en/human","/c/en/carcass","/c/en/krang"],"weight":0.21523999999999976},"num_concepts_raised":19655},{"base_id":286,"kind":"top_words","i1":3,"i2":6,"sol":{"path":["/c/en/huainan","/c/en/city","/c/en/runway","/c/en/athletics","/c/en/pentathlete"],"weight":0.21050999999999986},"num_concepts_raised":19567},{"base_id":286,"kind":"top_words","i1":3,"i2":7,"sol":{"path":["/c/en/huainan","/c/en/region","/c/en/tangible_thing","/c/en/ligase"],"weight":0.20833999999999986},"num_concepts_raised":27370},{"base_id":286,"kind":"top_words","i1":3,"i2":8,"sol":{"path":["/c/en/huainan","/c/en/china","/c/en/chinese","/c/en/wang"],"weight":0.21382999999999966},"num_concepts_raised":29764},{"base_id":286,"kind":"top_words","i1":3,"i2":9,"sol":{"path":["/c/en/huainan","/c/en/china","/c/en/tiele","/c/en/xiongnu"],"weight":0.21357999999999966},"num_concepts_raised":18965},{"base_id":286,"kind":"top_words","i1":4,"i2":5,"sol":{"path":["/c/en/emperor","/c/en/empire","/c/en/death","/c/en/comics_character","/c/en/krang"],"weight":0.23182999999999915},"num_concepts_raised":18557},{"base_id":286,"kind":"top_words","i1":4,"i2":6,"sol":{"path":["/c/en/emperor","/c/en/empress","/c/en/canada","/c/en/athlete","/c/en/pentathlete"],"weight":0.22909999999999925},"num_concepts_raised":18474},{"base_id":286,"kind":"top_words","i1":4,"i2":7,"sol":{"path":["/c/en/emperor","/c/en/queen","/c/en/tangible_thing","/c/en/ligase"],"weight":0.22293999999999925},"num_concepts_raised":26359},{"base_id":286,"kind":"top_words","i1":4,"i2":8,"sol":{"path":["/c/en/emperor","/c/ja/王","/c/en/wang"],"weight":0.20800000000000002},"num_concepts_raised":693},{"base_id":286,"kind":"top_words","i1":4,"i2":9,"sol":{"path":["/c/en/emperor","/c/en/king","/c/en/ancient","/c/en/wusun","/c/en/xiongnu"],"weight":0.23094999999999902},"num_concepts_raised":17872},{"base_id":286,"kind":"top_words","i1":5,"i2":6,"sol":{"path":["/c/en/krang","/c/en/whale","/c/en/fish","/c/en/discus","/c/en/pentathlon","/c/en/pentathlete"],"weight":0.21182629999999986},"num_concepts_raised":164401},{"base_id":286,"kind":"top_words","i1":5,"i2":7,"sol":{"path":["/c/en/krang","/c/en/comics_character","/c/en/atom","/c/en/molecule","/c/en/ligase"],"weight":0.2078799999999999},"num_concepts_raised":9645},{"base_id":286,"kind":"top_words","i1":5,"i2":8,"sol":{"path":["/c/en/krang","/c/en/carcass","/c/en/human","/c/en/cheek","/c/en/wang"],"weight":0.21543999999999972},"num_concepts_raised":12226},{"base_id":286,"kind":"top_words","i1":5,"i2":9,"sol":{"path":["/c/en/krang","/c/en/whale","/c/en/dolphin","/c/en/historical","/c/en/tarkhan","/c/en/xiongnu"],"weight":0.21499319999999955},"num_concepts_raised":117883},{"base_id":286,"kind":"top_words","i1":6,"i2":7,"sol":{"path":["/c/en/pentathlete","/c/en/athlete","/c/en/field_hockey_player","/c/en/tangible_thing","/c/en/ligase"],"weight":0.20309},"num_concepts_raised":9536},{"base_id":286,"kind":"top_words","i1":6,"i2":8,"sol":{"path":["/c/en/pentathlete","/c/en/athlete","/c/en/john_thomas","/c/en/wang"],"weight":0.2084499999999998},"num_concepts_raised":12123},{"base_id":286,"kind":"top_words","i1":6,"i2":9,"sol":{"path":["/c/en/pentathlete","/c/en/pentathlon","/c/en/triathlon","/c/en/historical","/c/en/tarkhan","/c/en/xiongnu"],"weight":0.21292469999999972},"num_concepts_raised":76414},{"base_id":286,"kind":"top_words","i1":7,"i2":8,"sol":{"path":["/c/en/ligase","/c/en/lig","/c/en/dialectal","/c/en/wang"],"weight":0.2083999999999998},"num_concepts_raised":20056},{"base_id":286,"kind":"top_words","i1":7,"i2":9,"sol":{"path":["/c/en/ligase","/c/en/lig","/c/en/uk","/c/en/hun","/c/zh/匈奴","/c/en/xiongnu"],"weight":0.2153178999999997},"num_concepts_raised":269148},{"base_id":286,"kind":"top_words","i1":8,"i2":9,"sol":{"path":["/c/en/wang","/c/en/chinese","/c/fr/chine","/c/fr/xiongnu","/c/en/xiongnu"],"weight":0.2136999999999996},"num_concepts_raised":11536}]]