[[{"base_id":36,"kind":"bot_words","i1":0,"i2":1,"sol":{"path":["/c/en/kimbundu","/c/en/human","/c/en/war","/c/en/glory","/c/en/gloriously"],"weight":0.20772999999999983},"num_concepts_raised":7346},{"base_id":36,"kind":"bot_words","i1":0,"i2":2,"sol":{"path":["/c/en/kimbundu","/c/en/human","/c/en/smell","/c/en/noxious"],"weight":0.20951999999999965},"num_concepts_raised":12448},{"base_id":36,"kind":"bot_words","i1":0,"i2":3,"sol":{"path":["/c/en/kimbundu","/c/en/african","/c/en/liberian"],"weight":0.20400000000000001},"num_concepts_raised":65},{"base_id":36,"kind":"bot_words","i1":0,"i2":4,"sol":{"path":["/c/en/kimbundu","/c/en/african","/c/en/pyrethrum","/c/en/asterid_dicot_genus","/c/en/rubia"],"weight":0.2128999999999998},"num_concepts_raised":6990},{"base_id":36,"kind":"bot_words","i1":0,"i2":5,"sol":{"path":["/c/en/kimbundu","/c/en/language","/c/en/way","/c/en/roadway"],"weight":0.2106199999999995},"num_concepts_raised":25812},{"base_id":36,"kind":"bot_words","i1":0,"i2":6,"sol":{"path":["/c/en/kimbundu","/c/en/human","/c/en/earth","/c/en/loam","/c/en/loamy"],"weight":0.20865999999999985},"num_concepts_raised":6748},{"base_id":36,"kind":"bot_words","i1":0,"i2":7,"sol":{"path":["/c/en/kimbundu","/c/en/human","/c/en/evil","/c/en/dark","/c/en/murk"],"weight":0.20859999999999979},"num_concepts_raised":12116},{"base_id":36,"kind":"bot_words","i1":0,"i2":8,"sol":{"path":["/c/en/kimbundu","/c/en/language","/c/fr/français","/c/fr/athée","/c/en/atheistic"],"weight":0.2100699999999999},"num_concepts_raised":7388},{"base_id":36,"kind":"bot_words","i1":0,"i2":9,"sol":{"path":["/c/en/kimbundu","/c/en/human","/c/en/imperfect","/c/en/semitransparency","/c/en/translucency"],"weight":0.20770999999999984},"num_concepts_raised":7003},{"base_id":36,"kind":"bot_words","i1":1,"i2":2,"sol":{"path":["/c/en/gloriously","/c/en/glorious","/c/en/sun","/c/en/harmful","/c/en/noxious"],"weight":0.20845999999999967},"num_concepts_raised":6769},{"base_id":36,"kind":"bot_words","i1":1,"i2":3,"sol":{"path":["/c/en/gloriously","/c/en/glory","/c/en/american","/c/en/person_with_nationality","/c/en/liberian"],"weight":0.20307999999999987},"num_concepts_raised":1781},{"base_id":36,"kind":"bot_words","i1":1,"i2":4,"sol":{"path":["/c/en/gloriously","/c/en/glorious","/c/en/object","/c/en/plant","/c/en/rubia_tinctorum","/c/en/rubia"],"weight":0.2121963999999997},"num_concepts_raised":84098},{"base_id":36,"kind":"bot_words","i1":1,"i2":5,"sol":{"path":["/c/en/gloriously","/c/en/glory","/c/ja/末路","/c/en/road","/c/en/roadway"],"weight":0.20711999999999953},"num_concepts_raised":20306},{"base_id":36,"kind":"bot_words","i1":1,"i2":6,"sol":{"path":["/c/en/gloriously","/c/hy/փառավոր","/c/en/rich","/c/ms/subur","/c/en/loamy"],"weight":0.2025399999999999},"num_concepts_raised":1003},{"base_id":36,"kind":"bot_words","i1":1,"i2":7,"sol":{"path":["/c/en/gloriously","/c/en/glorious","/c/en/bright","/c/en/dark","/c/en/murk"],"weight":0.2045699999999998},"num_concepts_raised":6408},{"base_id":36,"kind":"bot_words","i1":1,"i2":8,"sol":{"path":["/c/en/gloriously","/c/en/glorious","/c/en/bright","/c/en/atheist","/c/en/atheistic"],"weight":0.20708999999999994},"num_concepts_raised":1647},{"base_id":36,"kind":"bot_words","i1":1,"i2":9,"sol":{"path":["/c/en/gloriously","/c/en/glorious","/c/en/bright","/c/en/clear","/c/en/translucent","/c/en/translucency"],"weight":0.2093145999999998},"num_concepts_raised":125252},{"base_id":36,"kind":"bot_words","i1":2,"i2":3,"sol":{"path":["/c/en/noxious","/c/en/smell","/c/en/person","/c/en/african","/c/en/liberian"],"weight":0.20490999999999968},"num_concepts_raised":6955},{"base_id":36,"kind":"bot_words","i1":2,"i2":4,"sol":{"path":["/c/en/noxious","/c/en/harmful","/c/en/sleep","/c/en/plant","/c/en/rubia_tinctorum","/c/en/rubia"],"weight":0.2200389999999995},"num_concepts_raised":441664},{"base_id":36,"kind":"bot_words","i1":2,"i2":5,"sol":{"path":["/c/en/noxious","/c/en/harmful","/c/en/pollution","/c/en/street","/c/en/roadway"],"weight":0.21058999999999933},"num_concepts_raised":25366},{"base_id":36,"kind":"bot_words","i1":2,"i2":6,"sol":{"path":["/c/en/noxious","/c/en/unwholesome","/c/en/rich","/c/ms/subur","/c/en/loamy"],"weight":0.20554999999999968},"num_concepts_raised":6177},{"base_id":36,"kind":"bot_words","i1":2,"i2":7,"sol":{"path":["/c/en/noxious","/c/fi/myrkyllinen","/c/fi/myrkky","/c/en/murk"],"weight":0.20602999999999963},"num_concepts_raised":11490},{"base_id":36,"kind":"bot_words","i1":2,"i2":8,"sol":{"path":["/c/en/noxious","/c/en/harmful","/c/en/evil","/c/en/godless","/c/en/atheistic"],"weight":0.20861999999999975},"num_concepts_raised":6819},{"base_id":36,"kind":"bot_words","i1":2,"i2":9,"sol":{"path":["/c/en/noxious","/c/en/smog","/c/en/fog","/c/en/translucence","/c/en/translucency"],"weight":0.2055399999999997},"num_concepts_raised":6440},{"base_id":36,"kind":"bot_words","i1":3,"i2":4,"sol":{"path":["/c/en/liberian","/c/en/african","/c/en/pyrethrum","/c/en/asterid_dicot_genus","/c/en/rubia"],"weight":0.20829999999999985},"num_concepts_raised":1423},{"base_id":36,"kind":"bot_words","i1":3,"i2":5,"sol":{"path":["/c/en/liberian","/c/en/liberia","/c/en/country","/c/en/roadway"],"weight":0.20570999999999956},"num_concepts_raised":20482},{"base_id":36,"kind":"bot_words","i1":3,"i2":6,"sol":{"path":["/c/en/liberian","/c/en/liberia","/c/en/country","/c/fr/terre","/c/fr/glaise","/c/en/loamy"],"weight":0.20752019999999988},"num_concepts_raised":86713},{"base_id":36,"kind":"bot_words","i1":3,"i2":7,"sol":{"path":["/c/en/liberian","/c/en/african","/c/en/black","/c/en/dark","/c/en/murk"],"weight":0.2039899999999998},"num_concepts_raised":6597},{"base_id":36,"kind":"bot_words","i1":3,"i2":8,"sol":{"path":["/c/en/liberian","/c/en/african","/c/en/person","/c/en/unbeliever","/c/en/atheistic"],"weight":0.20402999999999993},"num_concepts_raised":1827},{"base_id":36,"kind":"bot_words","i1":3,"i2":9,"sol":{"path":["/c/en/liberian","/c/en/person_with_nationality","/c/en/chinese","/c/en/protoporcelain","/c/en/translucency"],"weight":0.2030399999999999},"num_concepts_raised":1444},{"base_id":36,"kind":"bot_words","i1":4,"i2":5,"sol":{"path":["/c/en/rubia","/c/en/rubia_tinctorum","/c/en/plant","/c/en/black_spot","/c/en/roadway"],"weight":0.20935999999999952},"num_concepts_raised":19970},{"base_id":36,"kind":"bot_words","i1":4,"i2":6,"sol":{"path":["/c/en/rubia","/c/en/rubia_tinctorum","/c/en/plant","/c/en/earth","/c/en/loam","/c/en/loamy"],"weight":0.21202649999999973},"num_concepts_raised":41600},{"base_id":36,"kind":"bot_words","i1":4,"i2":7,"sol":{"path":["/c/en/rubia","/c/en/rubia_tinctorum","/c/en/plant","/c/en/smoke","/c/en/dark","/c/en/murk"],"weight":0.2124834999999996},"num_concepts_raised":377468},{"base_id":36,"kind":"bot_words","i1":4,"i2":8,"sol":{"path":["/c/en/rubia","/c/en/asterid_dicot_genus","/c/en/emilia","/c/en/historical","/c/en/atheism","/c/en/atheistic"],"weight":0.21675779999999972},"num_concepts_raised":251525},{"base_id":36,"kind":"bot_words","i1":4,"i2":9,"sol":{"path":["/c/en/rubia","/c/en/rubia_tinctorum","/c/en/plant","/c/en/lens","/c/en/translucence","/c/en/translucency"],"weight":0.21234809999999976},"num_concepts_raised":82204},{"base_id":36,"kind":"bot_words","i1":5,"i2":6,"sol":{"path":["/c/en/roadway","/c/en/street","/c/en/sand","/c/en/loam","/c/en/loamy"],"weight":0.20667999999999953},"num_concepts_raised":19725},{"base_id":36,"kind":"bot_words","i1":5,"i2":7,"sol":{"path":["/c/en/roadway","/c/en/street","/c/en/dark","/c/en/murk"],"weight":0.20661999999999947},"num_concepts_raised":24994},{"base_id":36,"kind":"bot_words","i1":5,"i2":8,"sol":{"path":["/c/en/roadway","/c/en/way","/c/en/pagan","/c/en/atheist","/c/en/atheistic"],"weight":0.2089799999999996},"num_concepts_raised":20370},{"base_id":36,"kind":"bot_words","i1":5,"i2":9,"sol":{"path":["/c/en/roadway","/c/en/road","/c/en/silk","/c/en/translucence","/c/en/translucency"],"weight":0.20816999999999955},"num_concepts_raised":19966},{"base_id":36,"kind":"bot_words","i1":6,"i2":7,"sol":{"path":["/c/en/loamy","/c/it/limoso","/c/en/slimy","/c/en/muck","/c/en/murk"],"weight":0.2030199999999998},"num_concepts_raised":5820},{"base_id":36,"kind":"bot_words","i1":6,"i2":8,"sol":{"path":["/c/en/loamy","/c/en/loam","/c/en/earth","/c/en/religion","/c/en/atheist","/c/en/atheistic"],"weight":0.21414989999999984},"num_concepts_raised":254641},{"base_id":36,"kind":"bot_words","i1":6,"i2":9,"sol":{"path":["/c/en/loamy","/c/en/loam","/c/en/clay","/c/en/crystal","/c/en/translucence","/c/en/translucency"],"weight":0.20902019999999982},"num_concepts_raised":85952},{"base_id":36,"kind":"bot_words","i1":7,"i2":8,"sol":{"path":["/c/en/murk","/c/en/dark","/c/en/bright","/c/en/atheist","/c/en/atheistic"],"weight":0.20695999999999987},"num_concepts_raised":6464},{"base_id":36,"kind":"bot_words","i1":7,"i2":9,"sol":{"path":["/c/en/murk","/c/en/fog","/c/en/translucence","/c/en/translucency"],"weight":0.20420999999999984},"num_concepts_raised":6063},{"base_id":36,"kind":"bot_words","i1":8,"i2":9,"sol":{"path":["/c/en/atheistic","/c/en/atheist","/c/grc/α","/c/en/amethyst","/c/en/translucence","/c/en/translucency"],"weight":0.21430019999999989},"num_concepts_raised":292945}],[{"base_id":36,"kind":"top_words","i1":0,"i2":1,"sol":{"path":["/c/en/adductor","/c/en/muscle","/c/en/human","/c/en/detroit","/c/en/motown"],"weight":0.2105999999999998},"num_concepts_raised":27637},{"base_id":36,"kind":"top_words","i1":0,"i2":2,"sol":{"path":["/c/en/adductor","/c/en/anatomy","/c/en/apex","/c/en/purchase","/c/en/repurchase"],"weight":0.20442999999999983},"num_concepts_raised":18976},{"base_id":36,"kind":"top_words","i1":0,"i2":3,"sol":{"path":["/c/en/adductor","/c/fr/adducteur","/c/fr/partie","/c/fr/transfuge","/c/en/deserter"],"weight":0.20774999999999968},"num_concepts_raised":25553},{"base_id":36,"kind":"top_words","i1":0,"i2":4,"sol":{"path":["/c/en/adductor","/c/en/anatomy","/c/syc/ܟܠܬܐ","/c/en/affine"],"weight":0.20385999999999974},"num_concepts_raised":47482},{"base_id":36,"kind":"top_words","i1":0,"i2":5,"sol":{"path":["/c/en/adductor","/c/en/anatomy","/c/en/band","/c/en/trombone","/c/en/trombonist"],"weight":0.20380999999999994},"num_concepts_raised":18465},{"base_id":36,"kind":"top_words","i1":0,"i2":6,"sol":{"path":["/c/en/adductor","/c/en/body","/c/en/figure","/c/en/projective"],"weight":0.2036399999999997},"num_concepts_raised":33453},{"base_id":36,"kind":"top_words","i1":0,"i2":7,"sol":{"path":["/c/en/adductor","/c/en/anatomy","/c/en/mantle","/c/en/diffuse","/c/en/diffuser"],"weight":0.2054999999999998},"num_concepts_raised":25237},{"base_id":36,"kind":"top_words","i1":0,"i2":8,"sol":{"path":["/c/en/adductor","/c/en/body","/c/en/person","/c/en/juvenal"],"weight":0.21272999999999972},"num_concepts_raised":36474},{"base_id":36,"kind":"top_words","i1":0,"i2":9,"sol":{"path":["/c/en/adductor","/c/fr/adducteur","/c/fr/partie","/c/fr/plaider","/c/en/litigate"],"weight":0.20763999999999982},"num_concepts_raised":26430},{"base_id":36,"kind":"top_words","i1":1,"i2":2,"sol":{"path":["/c/en/motown","/c/en/detroit","/c/en/sale","/c/en/purchase","/c/en/repurchase"],"weight":0.21122999999999972},"num_concepts_raised":11405},{"base_id":36,"kind":"top_words","i1":1,"i2":3,"sol":{"path":["/c/en/motown","/c/en/jack","/c/en/military","/c/en/deserter"],"weight":0.20970999999999956},"num_concepts_raised":18014},{"base_id":36,"kind":"top_words","i1":1,"i2":4,"sol":{"path":["/c/en/motown","/c/en/music","/c/en/point","/c/en/affine"],"weight":0.20865999999999962},"num_concepts_raised":39933},{"base_id":36,"kind":"top_words","i1":1,"i2":5,"sol":{"path":["/c/en/motown","/c/en/music","/c/it/trombonista","/c/en/trombonist"],"weight":0.20942999999999984},"num_concepts_raised":10798},{"base_id":36,"kind":"top_words","i1":1,"i2":6,"sol":{"path":["/c/en/motown","/c/en/music","/c/en/figure","/c/en/projective"],"weight":0.20850999999999958},"num_concepts_raised":25880},{"base_id":36,"kind":"top_words","i1":1,"i2":7,"sol":{"path":["/c/en/motown","/c/en/detroit","/c/en/automotive","/c/en/diffuser"],"weight":0.2102499999999997},"num_concepts_raised":17755},{"base_id":36,"kind":"top_words","i1":1,"i2":8,"sol":{"path":["/c/en/motown","/c/en/music","/c/en/person","/c/en/juvenal"],"weight":0.2175499999999996},"num_concepts_raised":29056},{"base_id":36,"kind":"top_words","i1":1,"i2":9,"sol":{"path":["/c/en/motown","/c/en/music","/c/en/action","/c/en/litigate"],"weight":0.20860999999999974},"num_concepts_raised":18864},{"base_id":36,"kind":"top_words","i1":2,"i2":3,"sol":{"path":["/c/en/repurchase","/c/en/purchase","/c/en/legal","/c/en/military","/c/en/deserter"],"weight":0.20558999999999963},"num_concepts_raised":9298},{"base_id":36,"kind":"top_words","i1":2,"i2":4,"sol":{"path":["/c/en/repurchase","/c/en/purchase","/c/en/change","/c/en/mathematics","/c/en/affine"],"weight":0.2046799999999997},"num_concepts_raised":31480},{"base_id":36,"kind":"top_words","i1":2,"i2":5,"sol":{"path":["/c/en/repurchase","/c/en/purchase","/c/fr/objet","/c/fr/trombone","/c/fr/tromboniste","/c/en/trombonist"],"weight":0.21233259999999973},"num_concepts_raised":176650},{"base_id":36,"kind":"top_words","i1":2,"i2":6,"sol":{"path":["/c/en/repurchase","/c/en/purchase","/c/en/chain","/c/en/mathematics","/c/en/projective"],"weight":0.20545999999999964},"num_concepts_raised":17371},{"base_id":36,"kind":"top_words","i1":2,"i2":7,"sol":{"path":["/c/en/repurchase","/c/en/purchase","/c/en/spread","/c/en/diffuse","/c/en/diffuser"],"weight":0.20612999999999973},"num_concepts_raised":9081},{"base_id":36,"kind":"top_words","i1":2,"i2":8,"sol":{"path":["/c/en/repurchase","/c/en/purchase","/c/en/bargain","/c/en/person","/c/en/juvenal"],"weight":0.21339999999999965},"num_concepts_raised":20405},{"base_id":36,"kind":"top_words","i1":2,"i2":9,"sol":{"path":["/c/en/repurchase","/c/en/mohatra","/c/en/law","/c/en/litigate"],"weight":0.2033899999999998},"num_concepts_raised":10166},{"base_id":36,"kind":"top_words","i1":3,"i2":4,"sol":{"path":["/c/en/deserter","/c/en/military","/c/en/line","/c/en/affine"],"weight":0.20510999999999954},"num_concepts_raised":37964},{"base_id":36,"kind":"top_words","i1":3,"i2":5,"sol":{"path":["/c/en/deserter","/c/en/military","/c/en/brass","/c/en/trombone","/c/en/trombonist"],"weight":0.20495999999999975},"num_concepts_raised":8791},{"base_id":36,"kind":"top_words","i1":3,"i2":6,"sol":{"path":["/c/en/deserter","/c/en/desert","/c/la/proicio","/c/en/projective"],"weight":0.2058999999999995},"num_concepts_raised":23954},{"base_id":36,"kind":"top_words","i1":3,"i2":7,"sol":{"path":["/c/en/deserter","/c/en/runagate","/c/en/run","/c/en/diffuse","/c/en/diffuser"],"weight":0.2064799999999996},"num_concepts_raised":15707},{"base_id":36,"kind":"top_words","i1":3,"i2":8,"sol":{"path":["/c/en/deserter","/c/en/defector","/c/en/person","/c/en/juvenal"],"weight":0.21406999999999954},"num_concepts_raised":26963},{"base_id":36,"kind":"top_words","i1":3,"i2":9,"sol":{"path":["/c/en/deserter","/c/en/military","/c/en/action","/c/en/litigate"],"weight":0.20502999999999966},"num_concepts_raised":16728},{"base_id":36,"kind":"top_words","i1":4,"i2":5,"sol":{"path":["/c/en/affine","/c/en/point","/c/en/music","/c/it/trombonista","/c/en/trombonist"],"weight":0.2047499999999998},"num_concepts_raised":31007},{"base_id":36,"kind":"top_words","i1":4,"i2":6,"sol":{"path":["/c/en/affine","/c/en/mathematics","/c/en/projective"],"weight":0.203},"num_concepts_raised":141},{"base_id":36,"kind":"top_words","i1":4,"i2":7,"sol":{"path":["/c/en/affine","/c/en/chemistry","/c/en/burner","/c/en/diffuser"],"weight":0.20352999999999966},"num_concepts_raised":37451},{"base_id":36,"kind":"top_words","i1":4,"i2":8,"sol":{"path":["/c/en/affine","/c/en/value","/c/en/person","/c/en/juvenal"],"weight":0.21285999999999955},"num_concepts_raised":49011},{"base_id":36,"kind":"top_words","i1":4,"i2":9,"sol":{"path":["/c/en/affine","/c/en/mathematics","/c/en/action","/c/en/litigate"],"weight":0.20410999999999968},"num_concepts_raised":38716},{"base_id":36,"kind":"top_words","i1":5,"i2":6,"sol":{"path":["/c/en/trombonist","/c/en/trombone","/c/en/school","/c/en/mathematics","/c/en/projective"],"weight":0.20482999999999976},"num_concepts_raised":16868},{"base_id":36,"kind":"top_words","i1":5,"i2":7,"sol":{"path":["/c/en/trombonist","/c/en/musician","/c/en/bard","/c/en/cooking","/c/en/diffuser"],"weight":0.20325999999999986},"num_concepts_raised":8581},{"base_id":36,"kind":"top_words","i1":5,"i2":8,"sol":{"path":["/c/en/trombonist","/c/en/musician","/c/en/person","/c/en/juvenal"],"weight":0.21256999999999976},"num_concepts_raised":19876},{"base_id":36,"kind":"top_words","i1":5,"i2":9,"sol":{"path":["/c/en/trombonist","/c/it/trombonista","/c/en/music","/c/en/action","/c/en/litigate"],"weight":0.2046999999999999},"num_concepts_raised":9693},{"base_id":36,"kind":"top_words","i1":6,"i2":7,"sol":{"path":["/c/en/projective","/c/en/linguistics","/c/en/soft","/c/en/diffuser"],"weight":0.2033399999999996},"num_concepts_raised":23610},{"base_id":36,"kind":"top_words","i1":6,"i2":8,"sol":{"path":["/c/en/projective","/c/en/figure","/c/en/person","/c/en/juvenal"],"weight":0.21270999999999954},"num_concepts_raised":34945},{"base_id":36,"kind":"top_words","i1":6,"i2":9,"sol":{"path":["/c/en/projective","/c/en/mathematics","/c/en/action","/c/en/litigate"],"weight":0.20492999999999964},"num_concepts_raised":24725},{"base_id":36,"kind":"top_words","i1":7,"i2":8,"sol":{"path":["/c/en/diffuser","/c/en/diffuse","/c/en/air","/c/en/person","/c/en/juvenal"],"weight":0.21449999999999964},"num_concepts_raised":26778},{"base_id":36,"kind":"top_words","i1":7,"i2":9,"sol":{"path":["/c/en/diffuser","/c/en/cooking","/c/en/action","/c/en/litigate"],"weight":0.20350999999999975},"num_concepts_raised":16577},{"base_id":36,"kind":"top_words","i1":8,"i2":9,"sol":{"path":["/c/en/juvenal","/c/en/person","/c/en/challenge","/c/en/litigate"],"weight":0.21271999999999966},"num_concepts_raised":27757}]]