[[{"base_id":686,"kind":"bot_words","i1":0,"i2":1,"sol":{"path":["/c/en/affiliated","/c/en/related","/c/en/music","/c/en/pop_music","/c/en/natalia"],"weight":0.20908999999999983},"num_concepts_raised":4229},{"base_id":686,"kind":"bot_words","i1":0,"i2":2,"sol":{"path":["/c/en/affiliated","/c/en/affiliation","/c/la/ad","/c/en/allative"],"weight":0.20318999999999987},"num_concepts_raised":13791},{"base_id":686,"kind":"bot_words","i1":0,"i2":3,"sol":{"path":["/c/en/affiliated","/c/en/related","/c/en/cost","/c/en/charge","/c/en/countercharge"],"weight":0.2040099999999998},"num_concepts_raised":5110},{"base_id":686,"kind":"bot_words","i1":0,"i2":4,"sol":{"path":["/c/en/affiliated","/c/en/related","/c/en/mathematics","/c/en/plane","/c/en/hydroplane"],"weight":0.20436999999999977},"num_concepts_raised":16302},{"base_id":686,"kind":"bot_words","i1":0,"i2":5,"sol":{"path":["/c/en/affiliated","/c/en/related","/c/en/science","/c/en/physics","/c/en/magnetosphere"],"weight":0.21073999999999993},"num_concepts_raised":13921},{"base_id":686,"kind":"bot_words","i1":0,"i2":6,"sol":{"path":["/c/en/affiliated","/c/en/university_affiliated","/c/en/university","/c/en/dean"],"weight":0.2071599999999998},"num_concepts_raised":129317},{"base_id":686,"kind":"bot_words","i1":0,"i2":7,"sol":{"path":["/c/en/affiliated","/c/en/related","/c/en/animal","/c/en/fish","/c/en/porgy"],"weight":0.20569999999999983},"num_concepts_raised":6660},{"base_id":686,"kind":"bot_words","i1":0,"i2":8,"sol":{"path":["/c/en/affiliated","/c/en/related","/c/en/bar","/c/en/rail"],"weight":0.21837999999999835},"num_concepts_raised":58336},{"base_id":686,"kind":"bot_words","i1":0,"i2":9,"sol":{"path":["/c/en/affiliated","/c/en/related","/c/en/stick","/c/en/icicle","/c/en/stalactite"],"weight":0.21312999999999993},"num_concepts_raised":13947},{"base_id":686,"kind":"bot_words","i1":1,"i2":2,"sol":{"path":["/c/en/natalia","/c/en/natalie","/c/en/entertainment","/c/en/motion","/c/en/allative"],"weight":0.21003999999999992},"num_concepts_raised":13368},{"base_id":686,"kind":"bot_words","i1":1,"i2":3,"sol":{"path":["/c/en/natalia","/c/en/singing","/c/en/art","/c/en/charge","/c/en/countercharge"],"weight":0.20768999999999985},"num_concepts_raised":4652},{"base_id":686,"kind":"bot_words","i1":1,"i2":4,"sol":{"path":["/c/en/natalia","/c/en/singing","/c/en/wing","/c/en/plane","/c/en/hydroplane"],"weight":0.2081199999999998},"num_concepts_raised":15857},{"base_id":686,"kind":"bot_words","i1":1,"i2":5,"sol":{"path":["/c/en/natalia","/c/en/pop_music","/c/en/alice","/c/en/physics","/c/en/magnetosphere"],"weight":0.21442999999999995},"num_concepts_raised":13480},{"base_id":686,"kind":"bot_words","i1":1,"i2":6,"sol":{"path":["/c/en/natalia","/c/en/pop_music","/c/en/congregation","/c/en/university","/c/en/dean"],"weight":0.21197999999999984},"num_concepts_raised":128893},{"base_id":686,"kind":"bot_words","i1":1,"i2":7,"sol":{"path":["/c/en/natalia","/c/en/musical_artist","/c/en/fish","/c/en/porgy"],"weight":0.20931999999999984},"num_concepts_raised":6182},{"base_id":686,"kind":"bot_words","i1":1,"i2":8,"sol":{"path":["/c/en/natalia","/c/en/singing","/c/en/bird","/c/en/rail"],"weight":0.2219799999999984},"num_concepts_raised":58027},{"base_id":686,"kind":"bot_words","i1":1,"i2":9,"sol":{"path":["/c/en/natalia","/c/en/pop_music","/c/en/rock","/c/en/geology","/c/en/stalactite"],"weight":0.21491999999999994},"num_concepts_raised":13490},{"base_id":686,"kind":"bot_words","i1":2,"i2":3,"sol":{"path":["/c/en/allative","/c/en/grammar","/c/ar/حمل","/c/en/charge","/c/en/countercharge"],"weight":0.2041399999999999},"num_concepts_raised":14227},{"base_id":686,"kind":"bot_words","i1":2,"i2":4,"sol":{"path":["/c/en/allative","/c/en/motion","/c/en/fly","/c/en/hydroplane"],"weight":0.20323999999999987},"num_concepts_raised":25342},{"base_id":686,"kind":"bot_words","i1":2,"i2":5,"sol":{"path":["/c/en/allative","/c/en/motion","/c/en/physics","/c/en/magnetosphere"],"weight":0.20965000000000006},"num_concepts_raised":22945},{"base_id":686,"kind":"bot_words","i1":2,"i2":6,"sol":{"path":["/c/en/allative","/c/en/grammar","/c/en/cardinal","/c/en/dean"],"weight":0.2063299999999999},"num_concepts_raised":138364},{"base_id":686,"kind":"bot_words","i1":2,"i2":7,"sol":{"path":["/c/en/allative","/c/en/motion","/c/en/ruff","/c/en/porgy"],"weight":0.20339999999999991},"num_concepts_raised":15782},{"base_id":686,"kind":"bot_words","i1":2,"i2":8,"sol":{"path":["/c/en/allative","/c/en/grammar","/c/en/regular","/c/en/rail"],"weight":0.21816999999999848},"num_concepts_raised":67231},{"base_id":686,"kind":"bot_words","i1":2,"i2":9,"sol":{"path":["/c/en/allative","/c/en/motion","/c/en/point","/c/en/icicle","/c/en/stalactite"],"weight":0.21205000000000002},"num_concepts_raised":23074},{"base_id":686,"kind":"bot_words","i1":3,"i2":4,"sol":{"path":["/c/en/countercharge","/c/en/charge","/c/en/attack","/c/en/plane","/c/en/hydroplane"],"weight":0.20303999999999978},"num_concepts_raised":16705},{"base_id":686,"kind":"bot_words","i1":3,"i2":5,"sol":{"path":["/c/en/countercharge","/c/en/charge","/c/en/solar_wind","/c/en/magnetosphere"],"weight":0.20934999999999995},"num_concepts_raised":14279},{"base_id":686,"kind":"bot_words","i1":3,"i2":6,"sol":{"path":["/c/en/countercharge","/c/en/charge","/c/en/provost","/c/en/dean"],"weight":0.2058899999999998},"num_concepts_raised":129728},{"base_id":686,"kind":"bot_words","i1":3,"i2":7,"sol":{"path":["/c/en/countercharge","/c/en/charge","/c/en/run","/c/en/fish","/c/en/porgy"],"weight":0.20431999999999984},"num_concepts_raised":7075},{"base_id":686,"kind":"bot_words","i1":3,"i2":8,"sol":{"path":["/c/en/countercharge","/c/en/heraldry","/c/en/bar","/c/en/rail"],"weight":0.21700999999999837},"num_concepts_raised":58747},{"base_id":686,"kind":"bot_words","i1":3,"i2":9,"sol":{"path":["/c/en/countercharge","/c/en/charge","/c/en/point","/c/en/icicle","/c/en/stalactite"],"weight":0.2117799999999999},"num_concepts_raised":14357},{"base_id":686,"kind":"bot_words","i1":4,"i2":5,"sol":{"path":["/c/en/hydroplane","/c/en/water","/c/en/earth","/c/en/magnetosphere"],"weight":0.20969999999999994},"num_concepts_raised":25402},{"base_id":686,"kind":"bot_words","i1":4,"i2":6,"sol":{"path":["/c/en/hydroplane","/c/en/nautical","/c/en/cardinal","/c/en/dean"],"weight":0.20512999999999976},"num_concepts_raised":140763},{"base_id":686,"kind":"bot_words","i1":4,"i2":7,"sol":{"path":["/c/en/hydroplane","/c/en/water","/c/en/fish","/c/en/porgy"],"weight":0.20466999999999977},"num_concepts_raised":18178},{"base_id":686,"kind":"bot_words","i1":4,"i2":8,"sol":{"path":["/c/en/hydroplane","/c/en/racing","/c/en/track","/c/en/rail"],"weight":0.21766999999999836},"num_concepts_raised":68591},{"base_id":686,"kind":"bot_words","i1":4,"i2":9,"sol":{"path":["/c/en/hydroplane","/c/en/water","/c/en/icicle","/c/en/stalactite"],"weight":0.21211999999999986},"num_concepts_raised":25393},{"base_id":686,"kind":"bot_words","i1":5,"i2":6,"sol":{"path":["/c/en/magnetosphere","/c/en/physics","/c/en/university","/c/en/dean"],"weight":0.21362999999999993},"num_concepts_raised":138537},{"base_id":686,"kind":"bot_words","i1":5,"i2":7,"sol":{"path":["/c/en/magnetosphere","/c/pt/magnetosfera","/c/en/astronomy","/c/en/fish","/c/en/porgy"],"weight":0.21511999999999995},"num_concepts_raised":15894},{"base_id":686,"kind":"bot_words","i1":5,"i2":8,"sol":{"path":["/c/en/magnetosphere","/c/en/physics","/c/en/bar","/c/en/rail"],"weight":0.22375999999999852},"num_concepts_raised":67377},{"base_id":686,"kind":"bot_words","i1":5,"i2":9,"sol":{"path":["/c/en/magnetosphere","/c/en/earth","/c/en/geology","/c/en/stalactite"],"weight":0.21656000000000006},"num_concepts_raised":23021},{"base_id":686,"kind":"bot_words","i1":6,"i2":7,"sol":{"path":["/c/en/dean","/c/en/cardinal","/c/en/fish","/c/en/porgy"],"weight":0.2065099999999998},"num_concepts_raised":131303},{"base_id":686,"kind":"bot_words","i1":6,"i2":8,"sol":{"path":["/c/en/dean","/c/en/college","/c/en/bar","/c/en/rail"],"weight":0.21927999999999837},"num_concepts_raised":181914},{"base_id":686,"kind":"bot_words","i1":6,"i2":9,"sol":{"path":["/c/en/dean","/c/en/den","/c/en/cave","/c/en/stalactite"],"weight":0.21183999999999992},"num_concepts_raised":138497},{"base_id":686,"kind":"bot_words","i1":7,"i2":8,"sol":{"path":["/c/en/porgy","/c/en/fish","/c/en/rail"],"weight":0.20500000000000002},"num_concepts_raised":581},{"base_id":686,"kind":"bot_words","i1":7,"i2":9,"sol":{"path":["/c/en/porgy","/c/en/fish","/c/en/water","/c/en/icicle","/c/en/stalactite"],"weight":0.21351999999999993},"num_concepts_raised":15903},{"base_id":686,"kind":"bot_words","i1":8,"i2":9,"sol":{"path":["/c/en/rail","/c/en/track","/c/en/cylinder","/c/en/stalactite"],"weight":0.2244799999999985},"num_concepts_raised":67450}],[{"base_id":686,"kind":"top_words","i1":0,"i2":1,"sol":{"path":["/c/en/addison","/c/en/usa","/c/en/us","/c/en/antelope","/c/en/oryx"],"weight":0.21580999999999995},"num_concepts_raised":8006},{"base_id":686,"kind":"top_words","i1":0,"i2":2,"sol":{"path":["/c/en/addison","/c/en/son","/c/en/mac","/c/en/sac"],"weight":0.2105499999999994},"num_concepts_raised":49357},{"base_id":686,"kind":"top_words","i1":0,"i2":3,"sol":{"path":["/c/en/addison","/c/en/usa","/c/en/country","/c/en/iran","/c/en/mazandaran"],"weight":0.20769999999999983},"num_concepts_raised":5511},{"base_id":686,"kind":"top_words","i1":0,"i2":4,"sol":{"path":["/c/en/addison","/c/en/usa","/c/en/slang","/c/en/vibration","/c/en/vibrational"],"weight":0.20861999999999986},"num_concepts_raised":5396},{"base_id":686,"kind":"top_words","i1":0,"i2":5,"sol":{"path":["/c/en/addison","/c/en/usa","/c/en/stone","/c/en/sword","/c/en/rapier"],"weight":0.22125999999999985},"num_concepts_raised":15171},{"base_id":686,"kind":"top_words","i1":0,"i2":6,"sol":{"path":["/c/en/addison","/c/en/usa","/c/en/military","/c/en/missile","/c/en/icbm"],"weight":0.20800999999999992},"num_concepts_raised":6154},{"base_id":686,"kind":"top_words","i1":0,"i2":7,"sol":{"path":["/c/en/addison","/c/en/adam","/c/en/person","/c/en/care","/c/en/chary"],"weight":0.21010999999999985},"num_concepts_raised":9321},{"base_id":686,"kind":"top_words","i1":0,"i2":8,"sol":{"path":["/c/en/addison","/c/en/station","/c/en/cattle","/c/en/gayal","/c/en/gaur"],"weight":0.2137599999999999},"num_concepts_raised":7275},{"base_id":686,"kind":"top_words","i1":0,"i2":9,"sol":{"path":["/c/en/addison","/c/en/station","/c/en/move","/c/en/windmill"],"weight":0.21642999999999984},"num_concepts_raised":26269},{"base_id":686,"kind":"top_words","i1":1,"i2":2,"sol":{"path":["/c/en/oryx","/c/en/antelope","/c/en/us","/c/en/sac"],"weight":0.2127999999999995},"num_concepts_raised":47456},{"base_id":686,"kind":"top_words","i1":1,"i2":3,"sol":{"path":["/c/en/oryx","/c/en/mammal","/c/en/caspian_tiger","/c/en/iran","/c/en/mazandaran"],"weight":0.20884999999999992},"num_concepts_raised":3470},{"base_id":686,"kind":"top_words","i1":1,"i2":4,"sol":{"path":["/c/en/oryx","/c/en/mammal","/c/en/air","/c/en/vibration","/c/en/vibrational"],"weight":0.20977999999999997},"num_concepts_raised":3357},{"base_id":686,"kind":"top_words","i1":1,"i2":5,"sol":{"path":["/c/en/oryx","/c/en/antelope","/c/en/range","/c/en/weapon","/c/en/rapier"],"weight":0.22403999999999993},"num_concepts_raised":13155},{"base_id":686,"kind":"top_words","i1":1,"i2":6,"sol":{"path":["/c/en/oryx","/c/en/antelope","/c/en/us","/c/en/albm","/c/en/icbm"],"weight":0.21108000000000002},"num_concepts_raised":4123},{"base_id":686,"kind":"top_words","i1":1,"i2":7,"sol":{"path":["/c/en/oryx","/c/en/mammal","/c/en/bear","/c/en/care","/c/en/chary"],"weight":0.21123999999999996},"num_concepts_raised":7288},{"base_id":686,"kind":"top_words","i1":1,"i2":8,"sol":{"path":["/c/en/oryx","/c/en/mammal","/c/en/gaur"],"weight":0.20600000000000002},"num_concepts_raised":133},{"base_id":686,"kind":"top_words","i1":1,"i2":9,"sol":{"path":["/c/en/oryx","/c/en/antelope","/c/en/buck","/c/en/windmill"],"weight":0.21950999999999993},"num_concepts_raised":24272},{"base_id":686,"kind":"top_words","i1":2,"i2":3,"sol":{"path":["/c/en/sac","/c/en/mac","/c/en/media","/c/en/iran","/c/en/mazandaran"],"weight":0.20563999999999938},"num_concepts_raised":45061},{"base_id":686,"kind":"top_words","i1":2,"i2":4,"sol":{"path":["/c/en/sac","/c/en/fluid","/c/en/translational_energy","/c/en/vibrational"],"weight":0.2045599999999994},"num_concepts_raised":44935},{"base_id":686,"kind":"top_words","i1":2,"i2":5,"sol":{"path":["/c/en/sac","/c/en/bag","/c/en/paper","/c/en/rapier"],"weight":0.21716999999999942},"num_concepts_raised":53915},{"base_id":686,"kind":"top_words","i1":2,"i2":6,"sol":{"path":["/c/en/sac","/c/en/military","/c/en/missile","/c/en/icbm"],"weight":0.20496999999999949},"num_concepts_raised":45581},{"base_id":686,"kind":"top_words","i1":2,"i2":7,"sol":{"path":["/c/en/sac","/c/en/sack","/c/en/sad","/c/en/chary"],"weight":0.20533999999999944},"num_concepts_raised":48668},{"base_id":686,"kind":"top_words","i1":2,"i2":8,"sol":{"path":["/c/en/sac","/c/en/amnion","/c/en/mammal","/c/en/gaur"],"weight":0.21166999999999947},"num_concepts_raised":46729},{"base_id":686,"kind":"top_words","i1":2,"i2":9,"sol":{"path":["/c/en/sac","/c/en/us","/c/en/blade","/c/en/windmill"],"weight":0.21557999999999938},"num_concepts_raised":64280},{"base_id":686,"kind":"top_words","i1":3,"i2":4,"sol":{"path":["/c/en/mazandaran","/c/en/iran","/c/en/tang","/c/en/slang","/c/en/vibration","/c/en/vibrational"],"weight":0.20706719999999973},"num_concepts_raised":95639},{"base_id":686,"kind":"top_words","i1":3,"i2":5,"sol":{"path":["/c/en/mazandaran","/c/en/iran","/c/en/tang","/c/en/sharp","/c/en/rapier"],"weight":0.2159499999999998},"num_concepts_raised":10670},{"base_id":686,"kind":"top_words","i1":3,"i2":6,"sol":{"path":["/c/en/mazandaran","/c/en/iran","/c/en/war","/c/en/weapons","/c/en/icbm"],"weight":0.20308999999999988},"num_concepts_raised":1612},{"base_id":686,"kind":"top_words","i1":3,"i2":7,"sol":{"path":["/c/en/mazandaran","/c/en/iran","/c/en/health_care","/c/en/care","/c/en/chary"],"weight":0.20518999999999982},"num_concepts_raised":4784},{"base_id":686,"kind":"top_words","i1":3,"i2":8,"sol":{"path":["/c/en/mazandaran","/c/en/iran","/c/en/caspian_tiger","/c/en/mammal","/c/en/gaur"],"weight":0.20877999999999988},"num_concepts_raised":2732},{"base_id":686,"kind":"top_words","i1":3,"i2":9,"sol":{"path":["/c/en/mazandaran","/c/en/iran","/c/en/country","/c/en/mill","/c/en/windmill"],"weight":0.21356999999999982},"num_concepts_raised":21832},{"base_id":686,"kind":"top_words","i1":4,"i2":5,"sol":{"path":["/c/en/vibrational","/c/en/vibration","/c/en/position","/c/en/tuck","/c/en/rapier"],"weight":0.21691999999999984},"num_concepts_raised":10549},{"base_id":686,"kind":"top_words","i1":4,"i2":6,"sol":{"path":["/c/en/vibrational","/c/en/vibration","/c/en/slang","/c/en/rocket","/c/en/icbm"],"weight":0.2039499999999999},"num_concepts_raised":1495},{"base_id":686,"kind":"top_words","i1":4,"i2":7,"sol":{"path":["/c/en/vibrational","/c/en/vibration","/c/en/emotional","/c/en/care","/c/en/chary"],"weight":0.20608999999999988},"num_concepts_raised":4666},{"base_id":686,"kind":"top_words","i1":4,"i2":8,"sol":{"path":["/c/en/vibrational","/c/en/vibration","/c/en/air","/c/en/mammal","/c/en/gaur"],"weight":0.20970999999999992},"num_concepts_raised":2615},{"base_id":686,"kind":"top_words","i1":4,"i2":9,"sol":{"path":["/c/en/vibrational","/c/en/vibration","/c/en/motion","/c/en/windmill"],"weight":0.21245999999999984},"num_concepts_raised":21677},{"base_id":686,"kind":"top_words","i1":5,"i2":6,"sol":{"path":["/c/en/rapier","/c/en/weapon","/c/en/missile","/c/en/icbm"],"weight":0.2162999999999999},"num_concepts_raised":11234},{"base_id":686,"kind":"top_words","i1":5,"i2":7,"sol":{"path":["/c/en/rapier","/c/en/sword","/c/en/handle","/c/en/care","/c/en/chary"],"weight":0.21873999999999985},"num_concepts_raised":14412},{"base_id":686,"kind":"top_words","i1":5,"i2":8,"sol":{"path":["/c/en/rapier","/c/en/sword","/c/en/fox","/c/en/mammal","/c/en/gaur"],"weight":0.2223299999999999},"num_concepts_raised":12418},{"base_id":686,"kind":"top_words","i1":5,"i2":9,"sol":{"path":["/c/en/rapier","/c/en/sword","/c/en/blade","/c/en/windmill"],"weight":0.2273099999999998},"num_concepts_raised":30807},{"base_id":686,"kind":"top_words","i1":6,"i2":7,"sol":{"path":["/c/en/icbm","/c/en/rocket","/c/en/slang","/c/en/sad","/c/en/chary"],"weight":0.20334999999999995},"num_concepts_raised":5429},{"base_id":686,"kind":"top_words","i1":6,"i2":8,"sol":{"path":["/c/en/icbm","/c/en/missile","/c/en/white","/c/hi/गौर","/c/en/gaur"],"weight":0.21107999999999996},"num_concepts_raised":3381},{"base_id":686,"kind":"top_words","i1":6,"i2":9,"sol":{"path":["/c/en/icbm","/c/en/missile","/c/en/vane","/c/en/windmill"],"weight":0.2117499999999999},"num_concepts_raised":22403},{"base_id":686,"kind":"top_words","i1":7,"i2":8,"sol":{"path":["/c/en/chary","/c/en/care","/c/en/bear","/c/en/mammal","/c/en/gaur"],"weight":0.2111699999999999},"num_concepts_raised":6545},{"base_id":686,"kind":"top_words","i1":7,"i2":9,"sol":{"path":["/c/en/chary","/c/en/care","/c/en/action","/c/en/sail","/c/en/windmill"],"weight":0.21600999999999987},"num_concepts_raised":25530},{"base_id":686,"kind":"top_words","i1":8,"i2":9,"sol":{"path":["/c/en/gaur","/c/hi/गौर","/c/en/white","/c/en/sail","/c/en/windmill"],"weight":0.2215999999999999},"num_concepts_raised":23547}]]