[[{"base_id":224,"kind":"bot_words","i1":0,"i2":1,"sol":{"path":["/c/en/liberate","/c/en/free","/c/en/disenchant","/c/en/disenchanted"],"weight":0.2136399999999997},"num_concepts_raised":44007},{"base_id":224,"kind":"bot_words","i1":0,"i2":2,"sol":{"path":["/c/en/liberate","/c/fr/libérer","/c/fr/personne","/c/en/pushover"],"weight":0.20960999999999952},"num_concepts_raised":51388},{"base_id":224,"kind":"bot_words","i1":0,"i2":3,"sol":{"path":["/c/en/liberate","/c/en/free","/c/en/loose","/c/fr/localités","/c/en/bari"],"weight":0.21192999999999956},"num_concepts_raised":153000},{"base_id":224,"kind":"bot_words","i1":0,"i2":4,"sol":{"path":["/c/en/liberate","/c/en/free","/c/en/republic","/c/en/cdp"],"weight":0.21286999999999895},"num_concepts_raised":53497},{"base_id":224,"kind":"bot_words","i1":0,"i2":5,"sol":{"path":["/c/en/liberate","/c/en/region","/c/en/paropamisus","/c/en/satrapy"],"weight":0.20645999999999967},"num_concepts_raised":42179},{"base_id":224,"kind":"bot_words","i1":0,"i2":6,"sol":{"path":["/c/en/liberate","/c/en/make","/c/ja/密閉","/c/en/airtight"],"weight":0.20869999999999955},"num_concepts_raised":49387},{"base_id":224,"kind":"bot_words","i1":0,"i2":7,"sol":{"path":["/c/en/liberate","/c/ms/melepaskan","/c/en/banish"],"weight":0.202},"num_concepts_raised":550},{"base_id":224,"kind":"bot_words","i1":0,"i2":8,"sol":{"path":["/c/en/liberate","/c/en/free","/c/en/people","/c/en/consciousness"],"weight":0.22218999999999892},"num_concepts_raised":65971},{"base_id":224,"kind":"bot_words","i1":0,"i2":9,"sol":{"path":["/c/en/liberate","/c/en/free","/c/en/take","/c/en/fish","/c/en/gourami"],"weight":0.21694999999999948},"num_concepts_raised":46290},{"base_id":224,"kind":"bot_words","i1":1,"i2":2,"sol":{"path":["/c/en/disenchanted","/c/en/enchanted","/c/en/influence","/c/en/pushover"],"weight":0.20425999999999989},"num_concepts_raised":12046},{"base_id":224,"kind":"bot_words","i1":1,"i2":3,"sol":{"path":["/c/en/disenchanted","/c/fr/désenchanté","/c/fr/joyeux","/c/fr/localités","/c/en/bari"],"weight":0.20412999999999998},"num_concepts_raised":113285},{"base_id":224,"kind":"bot_words","i1":1,"i2":4,"sol":{"path":["/c/en/disenchanted","/c/en/disenchant","/c/en/spell","/c/en/us","/c/en/cdp"],"weight":0.20639999999999936},"num_concepts_raised":14620},{"base_id":224,"kind":"bot_words","i1":1,"i2":5,"sol":{"path":["/c/en/disenchanted","/c/en/happy","/c/en/people","/c/en/paropamisus","/c/en/satrapy"],"weight":0.20286000000000004},"num_concepts_raised":2352},{"base_id":224,"kind":"bot_words","i1":1,"i2":6,"sol":{"path":["/c/en/disenchanted","/c/en/disenchant","/c/en/magic","/c/en/air","/c/en/airtight"],"weight":0.20612999999999992},"num_concepts_raised":10247},{"base_id":224,"kind":"bot_words","i1":1,"i2":7,"sol":{"path":["/c/en/disenchanted","/c/en/disenchant","/c/en/magic","/c/de/bannen","/c/en/banish"],"weight":0.2089799999999994},"num_concepts_raised":15195},{"base_id":224,"kind":"bot_words","i1":1,"i2":8,"sol":{"path":["/c/en/disenchanted","/c/en/happy","/c/en/consciousness"],"weight":0.20400000000000001},"num_concepts_raised":395},{"base_id":224,"kind":"bot_words","i1":1,"i2":9,"sol":{"path":["/c/en/disenchanted","/c/en/sour","/c/en/fresh","/c/en/fish","/c/en/gourami"],"weight":0.20828999999999986},"num_concepts_raised":6592},{"base_id":224,"kind":"bot_words","i1":2,"i2":3,"sol":{"path":["/c/en/pushover","/c/en/sway","/c/fr/localités","/c/en/bari"],"weight":0.20332999999999973},"num_concepts_raised":120928},{"base_id":224,"kind":"bot_words","i1":2,"i2":4,"sol":{"path":["/c/en/pushover","/c/en/pullover","/c/en/jumper","/c/en/us","/c/en/cdp"],"weight":0.20555999999999913},"num_concepts_raised":22304},{"base_id":224,"kind":"bot_words","i1":2,"i2":5,"sol":{"path":["/c/en/pushover","/c/en/influence","/c/en/lord","/c/grc/σατράπησ","/c/en/satrapy"],"weight":0.20309999999999984},"num_concepts_raised":10109},{"base_id":224,"kind":"bot_words","i1":2,"i2":6,"sol":{"path":["/c/en/pushover","/c/fr/avion","/c/en/air","/c/en/airtight"],"weight":0.2042799999999997},"num_concepts_raised":17865},{"base_id":224,"kind":"bot_words","i1":2,"i2":7,"sol":{"path":["/c/en/pushover","/c/fr/personne","/c/en/exile","/c/en/banish"],"weight":0.20906999999999915},"num_concepts_raised":22738},{"base_id":224,"kind":"bot_words","i1":2,"i2":8,"sol":{"path":["/c/en/pushover","/c/fr/direction","/c/fr/conscience","/c/en/consciousness"],"weight":0.2184499999999991},"num_concepts_raised":35033},{"base_id":224,"kind":"bot_words","i1":2,"i2":9,"sol":{"path":["/c/en/pushover","/c/fr/personne","/c/fr/poisson","/c/fr/gourami","/c/en/gourami"],"weight":0.21044999999999964},"num_concepts_raised":14336},{"base_id":224,"kind":"bot_words","i1":3,"i2":4,"sol":{"path":["/c/en/bari","/c/en/italy","/c/en/florence","/c/en/cdp"],"weight":0.20539999999999925},"num_concepts_raised":123392},{"base_id":224,"kind":"bot_words","i1":3,"i2":5,"sol":{"path":["/c/en/bari","/c/en/italy","/c/en/country","/c/en/atropatene","/c/en/satrapy"],"weight":0.20396999999999993},"num_concepts_raised":111328},{"base_id":224,"kind":"bot_words","i1":3,"i2":6,"sol":{"path":["/c/en/bari","/c/en/jazz","/c/en/air","/c/en/airtight"],"weight":0.20409999999999978},"num_concepts_raised":119216},{"base_id":224,"kind":"bot_words","i1":3,"i2":7,"sol":{"path":["/c/en/bari","/c/en/sudan","/c/fr/pays","/c/fr/bannir","/c/en/banish"],"weight":0.21021999999999924},"num_concepts_raised":124148},{"base_id":224,"kind":"bot_words","i1":3,"i2":8,"sol":{"path":["/c/en/bari","/c/fr/localités","/c/fr/heure","/c/fr/conscience","/c/en/consciousness"],"weight":0.21831999999999918},"num_concepts_raised":136512},{"base_id":224,"kind":"bot_words","i1":3,"i2":9,"sol":{"path":["/c/en/bari","/c/fr/localités","/c/en/freshwater","/c/en/gourami"],"weight":0.20825999999999972},"num_concepts_raised":115553},{"base_id":224,"kind":"bot_words","i1":4,"i2":5,"sol":{"path":["/c/en/cdp","/c/en/aurora","/c/en/historical","/c/pt/satrapia","/c/en/satrapy"],"weight":0.2052399999999993},"num_concepts_raised":12687},{"base_id":224,"kind":"bot_words","i1":4,"i2":6,"sol":{"path":["/c/en/cdp","/c/en/us","/c/en/air","/c/en/airtight"],"weight":0.2054399999999992},"num_concepts_raised":20404},{"base_id":224,"kind":"bot_words","i1":4,"i2":7,"sol":{"path":["/c/en/cdp","/c/en/us","/c/en/bar","/c/en/banish"],"weight":0.20817999999999864},"num_concepts_raised":25314},{"base_id":224,"kind":"bot_words","i1":4,"i2":8,"sol":{"path":["/c/en/cdp","/c/en/us","/c/en/people","/c/en/consciousness"],"weight":0.2149099999999986},"num_concepts_raised":37569},{"base_id":224,"kind":"bot_words","i1":4,"i2":9,"sol":{"path":["/c/en/cdp","/c/en/hanover","/c/en/family","/c/en/climbing_gourami","/c/en/gourami"],"weight":0.2115299999999991},"num_concepts_raised":16840},{"base_id":224,"kind":"bot_words","i1":5,"i2":6,"sol":{"path":["/c/en/satrapy","/c/pt/satrapia","/c/en/historical","/c/en/air","/c/en/airtight"],"weight":0.20494999999999988},"num_concepts_raised":8315},{"base_id":224,"kind":"bot_words","i1":5,"i2":7,"sol":{"path":["/c/en/satrapy","/c/pt/satrapia","/c/en/historical","/c/en/relegate","/c/en/banish"],"weight":0.2088399999999993},"num_concepts_raised":13283},{"base_id":224,"kind":"bot_words","i1":5,"i2":8,"sol":{"path":["/c/en/satrapy","/c/en/paropamisus","/c/en/people","/c/en/consciousness"],"weight":0.21340999999999927},"num_concepts_raised":25652},{"base_id":224,"kind":"bot_words","i1":5,"i2":9,"sol":{"path":["/c/en/satrapy","/c/en/satrap","/c/en/governor","/c/en/nautical","/c/en/fish","/c/en/gourami"],"weight":0.21347339999999926},"num_concepts_raised":401432},{"base_id":224,"kind":"bot_words","i1":6,"i2":7,"sol":{"path":["/c/en/airtight","/c/en/air","/c/ar/نفس","/c/en/banish"],"weight":0.2078199999999992},"num_concepts_raised":20896},{"base_id":224,"kind":"bot_words","i1":6,"i2":8,"sol":{"path":["/c/en/airtight","/c/en/weak","/c/en/faint","/c/en/consciousness"],"weight":0.21482999999999916},"num_concepts_raised":33052},{"base_id":224,"kind":"bot_words","i1":6,"i2":9,"sol":{"path":["/c/en/airtight","/c/en/tight","/c/en/slang","/c/en/fish","/c/en/gourami"],"weight":0.2094799999999997},"num_concepts_raised":12512},{"base_id":224,"kind":"bot_words","i1":7,"i2":8,"sol":{"path":["/c/en/banish","/c/ar/نفس","/c/en/consciousness"],"weight":0.20400000000000001},"num_concepts_raised":676},{"base_id":224,"kind":"bot_words","i1":7,"i2":9,"sol":{"path":["/c/en/banish","/c/en/expel","/c/en/fire","/c/en/edible","/c/en/gourami"],"weight":0.21390999999999916},"num_concepts_raised":17485},{"base_id":224,"kind":"bot_words","i1":8,"i2":9,"sol":{"path":["/c/en/consciousness","/c/en/animal","/c/en/fish","/c/en/gourami"],"weight":0.21887999999999908},"num_concepts_raised":29732}],[{"base_id":224,"kind":"top_words","i1":0,"i2":1,"sol":{"path":["/c/en/depressant","/c/en/medicine","/c/en/antidepressant"],"weight":0.20400000000000001},"num_concepts_raised":317},{"base_id":224,"kind":"top_words","i1":0,"i2":2,"sol":{"path":["/c/en/depressant","/c/en/medicine","/c/en/stimulant"],"weight":0.20400000000000001},"num_concepts_raised":314},{"base_id":224,"kind":"top_words","i1":0,"i2":3,"sol":{"path":["/c/en/depressant","/c/en/pharmacology","/c/en/antipsychotic"],"weight":0.20500000000000002},"num_concepts_raised":229},{"base_id":224,"kind":"top_words","i1":0,"i2":4,"sol":{"path":["/c/en/depressant","/c/en/medicine","/c/en/lovastatin","/c/en/statin"],"weight":0.20594999999999994},"num_concepts_raised":33677},{"base_id":224,"kind":"top_words","i1":0,"i2":5,"sol":{"path":["/c/en/depressant","/c/en/medicine","/c/en/medication"],"weight":0.20400000000000001},"num_concepts_raised":331},{"base_id":224,"kind":"top_words","i1":0,"i2":6,"sol":{"path":["/c/en/depressant","/c/en/pharmacology","/c/en/immunosuppressive"],"weight":0.203},"num_concepts_raised":91},{"base_id":224,"kind":"top_words","i1":0,"i2":7,"sol":{"path":["/c/en/depressant","/c/en/pharmacology","/c/en/anticonvulsant"],"weight":0.20500000000000002},"num_concepts_raised":204},{"base_id":224,"kind":"top_words","i1":0,"i2":8,"sol":{"path":["/c/en/depressant","/c/en/pharmacology","/c/en/immunosuppressant"],"weight":0.203},"num_concepts_raised":87},{"base_id":224,"kind":"top_words","i1":0,"i2":9,"sol":{"path":["/c/en/depressant","/c/en/medicine","/c/en/analgesic"],"weight":0.20500000000000002},"num_concepts_raised":402},{"base_id":224,"kind":"top_words","i1":1,"i2":2,"sol":{"path":["/c/en/antidepressant","/c/en/medicine","/c/en/stimulant"],"weight":0.20600000000000002},"num_concepts_raised":541},{"base_id":224,"kind":"top_words","i1":1,"i2":3,"sol":{"path":["/c/en/antidepressant","/c/en/pharmacology","/c/en/antipsychotic"],"weight":0.20700000000000002},"num_concepts_raised":455},{"base_id":224,"kind":"top_words","i1":1,"i2":4,"sol":{"path":["/c/en/antidepressant","/c/en/pharmaceutical_drug","/c/en/statin"],"weight":0.20400000000000001},"num_concepts_raised":316},{"base_id":224,"kind":"top_words","i1":1,"i2":5,"sol":{"path":["/c/en/antidepressant","/c/en/medicine","/c/en/medication"],"weight":0.20600000000000002},"num_concepts_raised":559},{"base_id":224,"kind":"top_words","i1":1,"i2":6,"sol":{"path":["/c/en/antidepressant","/c/en/pharmacology","/c/en/immunosuppressive"],"weight":0.20500000000000002},"num_concepts_raised":320},{"base_id":224,"kind":"top_words","i1":1,"i2":7,"sol":{"path":["/c/en/antidepressant","/c/en/pharmacology","/c/en/anticonvulsant"],"weight":0.20700000000000002},"num_concepts_raised":432},{"base_id":224,"kind":"top_words","i1":1,"i2":8,"sol":{"path":["/c/en/antidepressant","/c/en/pharmacology","/c/en/immunosuppressant"],"weight":0.20500000000000002},"num_concepts_raised":316},{"base_id":224,"kind":"top_words","i1":1,"i2":9,"sol":{"path":["/c/en/antidepressant","/c/en/medicine","/c/en/analgesic"],"weight":0.20700000000000002},"num_concepts_raised":631},{"base_id":224,"kind":"top_words","i1":2,"i2":3,"sol":{"path":["/c/en/stimulant","/c/pt/estimulante","/c/en/pharmacology","/c/en/antipsychotic"],"weight":0.2243399999999987},"num_concepts_raised":24079},{"base_id":224,"kind":"top_words","i1":2,"i2":4,"sol":{"path":["/c/en/stimulant","/c/en/drug","/c/en/statin"],"weight":0.20400000000000001},"num_concepts_raised":312},{"base_id":224,"kind":"top_words","i1":2,"i2":5,"sol":{"path":["/c/en/stimulant","/c/en/medicine","/c/en/medication"],"weight":0.20600000000000002},"num_concepts_raised":554},{"base_id":224,"kind":"top_words","i1":2,"i2":6,"sol":{"path":["/c/en/stimulant","/c/pt/estimulante","/c/en/pharmacology","/c/en/immunosuppressive"],"weight":0.2167599999999993},"num_concepts_raised":23595},{"base_id":224,"kind":"top_words","i1":2,"i2":7,"sol":{"path":["/c/en/stimulant","/c/en/medicine","/c/en/anticonvulsant"],"weight":0.20600000000000002},"num_concepts_raised":432},{"base_id":224,"kind":"top_words","i1":2,"i2":8,"sol":{"path":["/c/en/stimulant","/c/en/medicine","/c/en/immunosuppressant"],"weight":0.20400000000000001},"num_concepts_raised":313},{"base_id":224,"kind":"top_words","i1":2,"i2":9,"sol":{"path":["/c/en/stimulant","/c/en/medicine","/c/en/analgesic"],"weight":0.20700000000000002},"num_concepts_raised":630},{"base_id":224,"kind":"top_words","i1":3,"i2":4,"sol":{"path":["/c/en/antipsychotic","/c/en/pharmacology","/c/en/drug","/c/en/statin"],"weight":0.21367999999999937},"num_concepts_raised":12143},{"base_id":224,"kind":"top_words","i1":3,"i2":5,"sol":{"path":["/c/en/antipsychotic","/c/en/loxapine","/c/en/medication"],"weight":0.20400000000000001},"num_concepts_raised":468},{"base_id":224,"kind":"top_words","i1":3,"i2":6,"sol":{"path":["/c/en/antipsychotic","/c/en/pharmacology","/c/en/immunosuppressive"],"weight":0.20600000000000002},"num_concepts_raised":229},{"base_id":224,"kind":"top_words","i1":3,"i2":7,"sol":{"path":["/c/en/antipsychotic","/c/en/pharmacology","/c/en/anticonvulsant"],"weight":0.20800000000000002},"num_concepts_raised":345},{"base_id":224,"kind":"top_words","i1":3,"i2":8,"sol":{"path":["/c/en/antipsychotic","/c/en/pharmacology","/c/en/immunosuppressant"],"weight":0.20600000000000002},"num_concepts_raised":226},{"base_id":224,"kind":"top_words","i1":3,"i2":9,"sol":{"path":["/c/en/antipsychotic","/c/en/pharmacology","/c/en/analgesic"],"weight":0.20700000000000002},"num_concepts_raised":542},{"base_id":224,"kind":"top_words","i1":4,"i2":5,"sol":{"path":["/c/en/statin","/c/en/drug","/c/en/medication"],"weight":0.202},"num_concepts_raised":328},{"base_id":224,"kind":"top_words","i1":4,"i2":6,"sol":{"path":["/c/en/statin","/c/en/drug","/c/en/pharmacology","/c/en/immunosuppressive"],"weight":0.20524999999999993},"num_concepts_raised":11638},{"base_id":224,"kind":"top_words","i1":4,"i2":7,"sol":{"path":["/c/en/statin","/c/en/drug","/c/en/pharmacology","/c/en/anticonvulsant"],"weight":0.21333999999999947},"num_concepts_raised":23753},{"base_id":224,"kind":"top_words","i1":4,"i2":8,"sol":{"path":["/c/en/statin","/c/en/lovastatin","/c/en/medicine","/c/en/immunosuppressant"],"weight":0.20597999999999994},"num_concepts_raised":21998},{"base_id":224,"kind":"top_words","i1":4,"i2":9,"sol":{"path":["/c/en/statin","/c/en/drug","/c/en/painkiller","/c/en/analgesic"],"weight":0.2203599999999994},"num_concepts_raised":36079},{"base_id":224,"kind":"top_words","i1":5,"i2":6,"sol":{"path":["/c/en/medication","/c/en/medicine","/c/en/immunosuppression","/c/en/immunosuppressive"],"weight":0.21222999999999909},"num_concepts_raised":25426},{"base_id":224,"kind":"top_words","i1":5,"i2":7,"sol":{"path":["/c/en/medication","/c/en/medicine","/c/en/anticonvulsant"],"weight":0.20600000000000002},"num_concepts_raised":444},{"base_id":224,"kind":"top_words","i1":5,"i2":8,"sol":{"path":["/c/en/medication","/c/en/medicine","/c/en/immunosuppressant"],"weight":0.20400000000000001},"num_concepts_raised":329},{"base_id":224,"kind":"top_words","i1":5,"i2":9,"sol":{"path":["/c/en/medication","/c/en/medicine","/c/en/analgesic"],"weight":0.20700000000000002},"num_concepts_raised":645},{"base_id":224,"kind":"top_words","i1":6,"i2":7,"sol":{"path":["/c/en/immunosuppressive","/c/en/pharmacology","/c/en/anticonvulsant"],"weight":0.20600000000000002},"num_concepts_raised":207},{"base_id":224,"kind":"top_words","i1":6,"i2":8,"sol":{"path":["/c/en/immunosuppressive","/c/en/immunosuppressant"],"weight":0.20600000000000002},"num_concepts_raised":82},{"base_id":224,"kind":"top_words","i1":6,"i2":9,"sol":{"path":["/c/en/immunosuppressive","/c/en/pharmacology","/c/en/analgesic"],"weight":0.20500000000000002},"num_concepts_raised":405},{"base_id":224,"kind":"top_words","i1":7,"i2":8,"sol":{"path":["/c/en/anticonvulsant","/c/en/pharmacology","/c/en/immunosuppressant"],"weight":0.20600000000000002},"num_concepts_raised":203},{"base_id":224,"kind":"top_words","i1":7,"i2":9,"sol":{"path":["/c/en/anticonvulsant","/c/en/pharmacology","/c/en/analgesic"],"weight":0.20700000000000002},"num_concepts_raised":517},{"base_id":224,"kind":"top_words","i1":8,"i2":9,"sol":{"path":["/c/en/immunosuppressant","/c/en/pharmacology","/c/en/analgesic"],"weight":0.20500000000000002},"num_concepts_raised":401}]]