[[{"base_id":833,"kind":"bot_words","i1":0,"i2":1,"sol":{"path":["/c/en/scoundrel","/c/en/rat","/c/en/like","/c/en/jelly_bean","/c/en/thickener"],"weight":0.20674999999999966},"num_concepts_raised":5918},{"base_id":833,"kind":"bot_words","i1":0,"i2":2,"sol":{"path":["/c/en/scoundrel","/c/en/villain","/c/en/player","/c/en/musical_instrument","/c/en/zither"],"weight":0.21950999999999962},"num_concepts_raised":29006},{"base_id":833,"kind":"bot_words","i1":0,"i2":3,"sol":{"path":["/c/en/scoundrel","/c/en/rogue","/c/en/plant","/c/en/sesbania"],"weight":0.21275999999999964},"num_concepts_raised":12978},{"base_id":833,"kind":"bot_words","i1":0,"i2":4,"sol":{"path":["/c/en/scoundrel","/c/en/rogue","/c/en/animal","/c/en/tallow"],"weight":0.20978999999999948},"num_concepts_raised":17805},{"base_id":833,"kind":"bot_words","i1":0,"i2":5,"sol":{"path":["/c/en/scoundrel","/c/en/villain","/c/en/landowner","/c/en/holder","/c/en/penholder"],"weight":0.20926999999999973},"num_concepts_raised":7059},{"base_id":833,"kind":"bot_words","i1":0,"i2":6,"sol":{"path":["/c/en/scoundrel","/c/en/rogue","/c/en/computing","/c/en/explode","/c/en/detonate"],"weight":0.2188599999999995},"num_concepts_raised":12632},{"base_id":833,"kind":"bot_words","i1":0,"i2":7,"sol":{"path":["/c/en/scoundrel","/c/en/villain","/c/en/didactic","/c/en/aratus","/c/en/healer"],"weight":0.2104599999999996},"num_concepts_raised":9090},{"base_id":833,"kind":"bot_words","i1":0,"i2":8,"sol":{"path":["/c/en/scoundrel","/c/en/fiend","/c/en/religious","/c/en/amen"],"weight":0.21574},"num_concepts_raised":12068},{"base_id":833,"kind":"bot_words","i1":0,"i2":9,"sol":{"path":["/c/en/scoundrel","/c/en/rat","/c/en/genus","/c/en/meadowsweet"],"weight":0.2069799999999997},"num_concepts_raised":9438},{"base_id":833,"kind":"bot_words","i1":1,"i2":2,"sol":{"path":["/c/en/thickener","/c/en/thicken","/c/eu/mamitu","/c/en/play","/c/en/zither"],"weight":0.21279999999999985},"num_concepts_raised":24213},{"base_id":833,"kind":"bot_words","i1":1,"i2":3,"sol":{"path":["/c/en/thickener","/c/en/thickening_agent","/c/en/food","/c/en/plant","/c/en/sesbania"],"weight":0.20894999999999986},"num_concepts_raised":8068},{"base_id":833,"kind":"bot_words","i1":1,"i2":4,"sol":{"path":["/c/en/thickener","/c/en/thicken","/c/en/thick","/c/en/fat","/c/en/tallow"],"weight":0.20733999999999966},"num_concepts_raised":13007},{"base_id":833,"kind":"bot_words","i1":1,"i2":5,"sol":{"path":["/c/en/thickener","/c/en/carboxymethylcellulose","/c/en/organic_chemistry","/c/en/pen","/c/en/penholder"],"weight":0.20378999999999997},"num_concepts_raised":2156},{"base_id":833,"kind":"bot_words","i1":1,"i2":6,"sol":{"path":["/c/en/thickener","/c/en/thicken","/c/en/change_integrity","/c/en/detonate"],"weight":0.21126999999999974},"num_concepts_raised":7763},{"base_id":833,"kind":"bot_words","i1":1,"i2":7,"sol":{"path":["/c/en/thickener","/c/en/thickening_agent","/c/en/food","/c/en/curer","/c/en/healer"],"weight":0.20497999999999977},"num_concepts_raised":4196},{"base_id":833,"kind":"bot_words","i1":1,"i2":8,"sol":{"path":["/c/en/thickener","/c/en/thicken","/c/fr/confirmer","/c/nl/beamen","/c/en/amen"],"weight":0.21288000000000018},"num_concepts_raised":7182},{"base_id":833,"kind":"bot_words","i1":1,"i2":9,"sol":{"path":["/c/en/thickener","/c/en/jelly_bean","/c/en/sweet","/c/en/meadsweet","/c/en/meadowsweet"],"weight":0.20292999999999992},"num_concepts_raised":4527},{"base_id":833,"kind":"bot_words","i1":2,"i2":3,"sol":{"path":["/c/en/zither","/c/en/string","/c/en/plant","/c/en/sesbania"],"weight":0.21571999999999986},"num_concepts_raised":31107},{"base_id":833,"kind":"bot_words","i1":2,"i2":4,"sol":{"path":["/c/en/zither","/c/en/musical_instrument","/c/en/touch","/c/en/tallow"],"weight":0.21503999999999968},"num_concepts_raised":35605},{"base_id":833,"kind":"bot_words","i1":2,"i2":5,"sol":{"path":["/c/en/zither","/c/en/instrument","/c/en/pen","/c/en/penholder"],"weight":0.21372999999999995},"num_concepts_raised":25246},{"base_id":833,"kind":"bot_words","i1":2,"i2":6,"sol":{"path":["/c/en/zither","/c/en/string","/c/en/explode","/c/en/detonate"],"weight":0.22175999999999968},"num_concepts_raised":30700},{"base_id":833,"kind":"bot_words","i1":2,"i2":7,"sol":{"path":["/c/en/zither","/c/en/play","/c/en/doctor","/c/en/healer"],"weight":0.2121699999999998},"num_concepts_raised":27310},{"base_id":833,"kind":"bot_words","i1":2,"i2":8,"sol":{"path":["/c/en/zither","/c/en/music","/c/en/plagal_cadence","/c/en/amen"],"weight":0.2189100000000002},"num_concepts_raised":30097},{"base_id":833,"kind":"bot_words","i1":2,"i2":9,"sol":{"path":["/c/en/zither","/c/en/musical_instrument","/c/en/bugle","/c/en/genus","/c/en/meadowsweet"],"weight":0.2132099999999999},"num_concepts_raised":27689},{"base_id":833,"kind":"bot_words","i1":3,"i2":4,"sol":{"path":["/c/en/sesbania","/c/en/plant","/c/en/animal","/c/en/tallow"],"weight":0.2100099999999997},"num_concepts_raised":19866},{"base_id":833,"kind":"bot_words","i1":3,"i2":5,"sol":{"path":["/c/en/sesbania","/c/en/plant","/c/en/cell","/c/en/pen","/c/en/penholder"],"weight":0.20892999999999995},"num_concepts_raised":9217},{"base_id":833,"kind":"bot_words","i1":3,"i2":6,"sol":{"path":["/c/en/sesbania","/c/en/plant","/c/en/string","/c/en/explode","/c/en/detonate"],"weight":0.2190099999999997},"num_concepts_raised":14806},{"base_id":833,"kind":"bot_words","i1":3,"i2":7,"sol":{"path":["/c/en/sesbania","/c/en/plant","/c/en/slang","/c/en/quack","/c/en/healer"],"weight":0.2100699999999998},"num_concepts_raised":11248},{"base_id":833,"kind":"bot_words","i1":3,"i2":8,"sol":{"path":["/c/en/sesbania","/c/en/plant","/c/en/communicate","/c/en/prayer","/c/en/amen"],"weight":0.2159200000000002},"num_concepts_raised":14243},{"base_id":833,"kind":"bot_words","i1":3,"i2":9,"sol":{"path":["/c/en/sesbania","/c/en/plant","/c/it/olmaria","/c/en/meadowsweet"],"weight":0.20912999999999993},"num_concepts_raised":10984},{"base_id":833,"kind":"bot_words","i1":4,"i2":5,"sol":{"path":["/c/en/tallow","/c/en/suet","/c/en/sheep","/c/en/pen","/c/en/penholder"],"weight":0.2075499999999998},"num_concepts_raised":14081},{"base_id":833,"kind":"bot_words","i1":4,"i2":6,"sol":{"path":["/c/en/tallow","/c/en/fat","/c/en/blow_up","/c/en/detonate"],"weight":0.21191999999999955},"num_concepts_raised":19575},{"base_id":833,"kind":"bot_words","i1":4,"i2":7,"sol":{"path":["/c/en/tallow","/c/en/animal","/c/en/doctor","/c/en/healer"],"weight":0.20634999999999964},"num_concepts_raised":16117},{"base_id":833,"kind":"bot_words","i1":4,"i2":8,"sol":{"path":["/c/en/tallow","/c/en/animal","/c/en/film","/c/en/amen"],"weight":0.2129},"num_concepts_raised":19124},{"base_id":833,"kind":"bot_words","i1":4,"i2":9,"sol":{"path":["/c/en/tallow","/c/en/animal","/c/en/plant","/c/it/olmaria","/c/en/meadowsweet"],"weight":0.20616999999999974},"num_concepts_raised":16516},{"base_id":833,"kind":"bot_words","i1":5,"i2":6,"sol":{"path":["/c/en/penholder","/c/en/rack","/c/en/fly","/c/en/explode","/c/en/detonate"],"weight":0.21393999999999982},"num_concepts_raised":8890},{"base_id":833,"kind":"bot_words","i1":5,"i2":7,"sol":{"path":["/c/en/penholder","/c/en/holder","/c/en/doctor","/c/en/healer"],"weight":0.20418999999999993},"num_concepts_raised":5343},{"base_id":833,"kind":"bot_words","i1":5,"i2":8,"sol":{"path":["/c/en/penholder","/c/en/holder","/c/en/safe","/c/ar/امين","/c/en/amen"],"weight":0.2129100000000003},"num_concepts_raised":8330},{"base_id":833,"kind":"bot_words","i1":5,"i2":9,"sol":{"path":["/c/en/penholder","/c/en/pen","/c/en/box","/c/en/genus","/c/en/meadowsweet"],"weight":0.20406000000000002},"num_concepts_raised":5686},{"base_id":833,"kind":"bot_words","i1":6,"i2":7,"sol":{"path":["/c/en/detonate","/c/en/detonator","/c/en/uk","/c/en/doctor","/c/en/healer"],"weight":0.21274999999999966},"num_concepts_raised":10926},{"base_id":833,"kind":"bot_words","i1":6,"i2":8,"sol":{"path":["/c/en/detonate","/c/en/detonator","/c/en/film","/c/en/amen"],"weight":0.21930000000000005},"num_concepts_raised":13912},{"base_id":833,"kind":"bot_words","i1":6,"i2":9,"sol":{"path":["/c/en/detonate","/c/en/explosion","/c/en/hedgehog","/c/en/flowering_plant","/c/en/meadowsweet"],"weight":0.20964999999999978},"num_concepts_raised":11299},{"base_id":833,"kind":"bot_words","i1":7,"i2":8,"sol":{"path":["/c/en/healer","/c/en/faith","/c/he/אמן","/c/en/amen"],"weight":0.21418000000000015},"num_concepts_raised":10268},{"base_id":833,"kind":"bot_words","i1":7,"i2":9,"sol":{"path":["/c/en/healer","/c/en/doctor","/c/en/generic","/c/en/genus","/c/en/meadowsweet"],"weight":0.20441999999999985},"num_concepts_raised":7730},{"base_id":833,"kind":"bot_words","i1":8,"i2":9,"sol":{"path":["/c/en/amen","/c/fr/christianisme","/c/en/pope","/c/en/genus","/c/en/meadowsweet"],"weight":0.21308000000000024},"num_concepts_raised":10710}],[{"base_id":833,"kind":"top_words","i1":0,"i2":1,"sol":{"path":["/c/en/bassoon","/c/en/contrabassoon"],"weight":0.20800000000000002},"num_concepts_raised":179},{"base_id":833,"kind":"top_words","i1":0,"i2":2,"sol":{"path":["/c/en/bassoon","/c/en/oboe"],"weight":0.20600000000000002},"num_concepts_raised":278},{"base_id":833,"kind":"top_words","i1":0,"i2":3,"sol":{"path":["/c/en/bassoon","/c/en/woodwind","/c/en/piccolo"],"weight":0.21000000000000002},"num_concepts_raised":249},{"base_id":833,"kind":"top_words","i1":0,"i2":4,"sol":{"path":["/c/en/bassoon","/c/en/orchestra","/c/en/timpani"],"weight":0.20600000000000002},"num_concepts_raised":203},{"base_id":833,"kind":"top_words","i1":0,"i2":5,"sol":{"path":["/c/en/bassoon","/c/en/woodwind","/c/en/clarinet"],"weight":0.21000000000000002},"num_concepts_raised":325},{"base_id":833,"kind":"top_words","i1":0,"i2":6,"sol":{"path":["/c/en/bassoon","/c/it/fagotto","/c/en/musical_instruments","/c/en/violoncello"],"weight":0.21633000000000036},"num_concepts_raised":13538},{"base_id":833,"kind":"top_words","i1":0,"i2":7,"sol":{"path":["/c/en/bassoon","/c/en/woodwind"],"weight":0.20700000000000002},"num_concepts_raised":239},{"base_id":833,"kind":"top_words","i1":0,"i2":8,"sol":{"path":["/c/en/bassoon","/c/en/woodwind","/c/en/flute"],"weight":0.21000000000000002},"num_concepts_raised":536},{"base_id":833,"kind":"top_words","i1":0,"i2":9,"sol":{"path":["/c/en/bassoon","/c/en/music","/c/en/obbligato"],"weight":0.20400000000000001},"num_concepts_raised":150},{"base_id":833,"kind":"top_words","i1":1,"i2":2,"sol":{"path":["/c/en/contrabassoon","/c/en/bassoon","/c/en/oboe"],"weight":0.20700000000000002},"num_concepts_raised":215},{"base_id":833,"kind":"top_words","i1":1,"i2":3,"sol":{"path":["/c/en/contrabassoon","/c/en/musical_instruments","/c/en/piccolo"],"weight":0.20800000000000002},"num_concepts_raised":180},{"base_id":833,"kind":"top_words","i1":1,"i2":4,"sol":{"path":["/c/en/contrabassoon","/c/en/musical_instruments","/c/en/timpani"],"weight":0.20600000000000002},"num_concepts_raised":127},{"base_id":833,"kind":"top_words","i1":1,"i2":5,"sol":{"path":["/c/en/contrabassoon","/c/en/musical_instruments","/c/en/clarinet"],"weight":0.20600000000000002},"num_concepts_raised":259},{"base_id":833,"kind":"top_words","i1":1,"i2":6,"sol":{"path":["/c/en/contrabassoon","/c/en/musical_instruments","/c/en/violoncello"],"weight":0.20400000000000001},"num_concepts_raised":86},{"base_id":833,"kind":"top_words","i1":1,"i2":7,"sol":{"path":["/c/en/contrabassoon","/c/en/bassoon","/c/en/woodwind"],"weight":0.20600000000000002},"num_concepts_raised":173},{"base_id":833,"kind":"top_words","i1":1,"i2":8,"sol":{"path":["/c/en/contrabassoon","/c/en/musical_instruments","/c/en/flute"],"weight":0.20600000000000002},"num_concepts_raised":469},{"base_id":833,"kind":"top_words","i1":1,"i2":9,"sol":{"path":["/c/en/contrabassoon","/c/en/bassoon","/c/en/music","/c/en/obbligato"],"weight":0.21086},"num_concepts_raised":11689},{"base_id":833,"kind":"top_words","i1":2,"i2":3,"sol":{"path":["/c/en/oboe","/c/en/orchestra","/c/en/piccolo"],"weight":0.20900000000000002},"num_concepts_raised":284},{"base_id":833,"kind":"top_words","i1":2,"i2":4,"sol":{"path":["/c/en/oboe","/c/en/orchestra","/c/en/timpani"],"weight":0.20700000000000002},"num_concepts_raised":237},{"base_id":833,"kind":"top_words","i1":2,"i2":5,"sol":{"path":["/c/en/oboe","/c/en/clarinet"],"weight":0.20800000000000002},"num_concepts_raised":351},{"base_id":833,"kind":"top_words","i1":2,"i2":6,"sol":{"path":["/c/en/oboe","/c/en/hautboy","/c/en/musical_instruments","/c/en/violoncello"],"weight":0.2183900000000002},"num_concepts_raised":16489},{"base_id":833,"kind":"top_words","i1":2,"i2":7,"sol":{"path":["/c/en/oboe","/c/en/woodwind"],"weight":0.20600000000000002},"num_concepts_raised":266},{"base_id":833,"kind":"top_words","i1":2,"i2":8,"sol":{"path":["/c/en/oboe","/c/en/woodwind","/c/en/flute"],"weight":0.20900000000000002},"num_concepts_raised":565},{"base_id":833,"kind":"top_words","i1":2,"i2":9,"sol":{"path":["/c/en/oboe","/c/en/hautboy","/c/en/music","/c/en/obbligato"],"weight":0.2181000000000002},"num_concepts_raised":24398},{"base_id":833,"kind":"top_words","i1":3,"i2":4,"sol":{"path":["/c/en/piccolo","/c/en/orchestra","/c/en/timpani"],"weight":0.20800000000000002},"num_concepts_raised":201},{"base_id":833,"kind":"top_words","i1":3,"i2":5,"sol":{"path":["/c/en/piccolo","/c/en/woodwind","/c/en/clarinet"],"weight":0.21000000000000002},"num_concepts_raised":322},{"base_id":833,"kind":"top_words","i1":3,"i2":6,"sol":{"path":["/c/en/piccolo","/c/en/musical_instruments","/c/en/violoncello"],"weight":0.20600000000000002},"num_concepts_raised":161},{"base_id":833,"kind":"top_words","i1":3,"i2":7,"sol":{"path":["/c/en/piccolo","/c/en/woodwind"],"weight":0.20600000000000002},"num_concepts_raised":240},{"base_id":833,"kind":"top_words","i1":3,"i2":8,"sol":{"path":["/c/en/piccolo","/c/en/flute"],"weight":0.21100000000000002},"num_concepts_raised":532},{"base_id":833,"kind":"top_words","i1":3,"i2":9,"sol":{"path":["/c/en/piccolo","/c/en/flute","/c/en/music","/c/en/obbligato"],"weight":0.21629999999999983},"num_concepts_raised":22273},{"base_id":833,"kind":"top_words","i1":4,"i2":5,"sol":{"path":["/c/en/timpani","/c/en/musical_instruments","/c/en/clarinet"],"weight":0.20600000000000002},"num_concepts_raised":280},{"base_id":833,"kind":"top_words","i1":4,"i2":6,"sol":{"path":["/c/en/timpani","/c/en/musical_instruments","/c/en/violoncello"],"weight":0.20400000000000001},"num_concepts_raised":108},{"base_id":833,"kind":"top_words","i1":4,"i2":7,"sol":{"path":["/c/en/timpani","/c/en/musical_instruments","/c/en/woodwind"],"weight":0.20400000000000001},"num_concepts_raised":195},{"base_id":833,"kind":"top_words","i1":4,"i2":8,"sol":{"path":["/c/en/timpani","/c/en/musical_instruments","/c/en/flute"],"weight":0.20600000000000002},"num_concepts_raised":490},{"base_id":833,"kind":"top_words","i1":4,"i2":9,"sol":{"path":["/c/en/timpani","/c/en/set","/c/it/obbligato","/c/en/obbligato"],"weight":0.2098},"num_concepts_raised":15047},{"base_id":833,"kind":"top_words","i1":5,"i2":6,"sol":{"path":["/c/en/clarinet","/c/en/musical_instruments","/c/en/violoncello"],"weight":0.20400000000000001},"num_concepts_raised":240},{"base_id":833,"kind":"top_words","i1":5,"i2":7,"sol":{"path":["/c/en/clarinet","/c/en/woodwind"],"weight":0.20700000000000002},"num_concepts_raised":305},{"base_id":833,"kind":"top_words","i1":5,"i2":8,"sol":{"path":["/c/en/clarinet","/c/en/flute"],"weight":0.20600000000000002},"num_concepts_raised":603},{"base_id":833,"kind":"top_words","i1":5,"i2":9,"sol":{"path":["/c/en/clarinet","/c/en/music","/c/en/obbligato"],"weight":0.20400000000000001},"num_concepts_raised":227},{"base_id":833,"kind":"top_words","i1":6,"i2":7,"sol":{"path":["/c/en/violoncello","/c/en/musical_instruments","/c/en/woodwind"],"weight":0.202},"num_concepts_raised":155},{"base_id":833,"kind":"top_words","i1":6,"i2":8,"sol":{"path":["/c/en/violoncello","/c/en/musical_instruments","/c/en/flute"],"weight":0.20400000000000001},"num_concepts_raised":450},{"base_id":833,"kind":"top_words","i1":6,"i2":9,"sol":{"path":["/c/en/violoncello","/c/en/cello","/c/en/music","/c/en/obbligato"],"weight":0.2044399999999999},"num_concepts_raised":12132},{"base_id":833,"kind":"top_words","i1":7,"i2":8,"sol":{"path":["/c/en/woodwind","/c/en/flute"],"weight":0.20800000000000002},"num_concepts_raised":519},{"base_id":833,"kind":"top_words","i1":7,"i2":9,"sol":{"path":["/c/en/woodwind","/c/en/flute","/c/en/music","/c/en/obbligato"],"weight":0.20709999999999973},"num_concepts_raised":30048},{"base_id":833,"kind":"top_words","i1":8,"i2":9,"sol":{"path":["/c/en/flute","/c/en/music","/c/en/obbligato"],"weight":0.20400000000000001},"num_concepts_raised":438}]]