[[{"base_id":27,"kind":"bot_words","i1":0,"i2":1,"sol":{"path":["/c/en/reeking","/c/en/wet","/c/en/pug","/c/en/elf","/c/en/elfin"],"weight":0.20399999999999993},"num_concepts_raised":4819},{"base_id":27,"kind":"bot_words","i1":0,"i2":2,"sol":{"path":["/c/en/reeking","/c/en/wet","/c/en/green","/c/en/chlorophyll"],"weight":0.21939000000000008},"num_concepts_raised":26474},{"base_id":27,"kind":"bot_words","i1":0,"i2":3,"sol":{"path":["/c/en/reeking","/c/en/wet","/c/en/slang","/c/en/devil","/c/en/antichrist"],"weight":0.2152100000000001},"num_concepts_raised":13209},{"base_id":27,"kind":"bot_words","i1":0,"i2":4,"sol":{"path":["/c/en/reeking","/c/en/wet","/c/en/matter","/c/en/book","/c/en/bestseller"],"weight":0.20989000000000008},"num_concepts_raised":7701},{"base_id":27,"kind":"bot_words","i1":0,"i2":5,"sol":{"path":["/c/en/reeking","/c/en/wet","/c/en/change","/c/en/difference","/c/en/divergence"],"weight":0.20619999999999983},"num_concepts_raised":12927},{"base_id":27,"kind":"bot_words","i1":0,"i2":6,"sol":{"path":["/c/en/reeking","/c/en/watery","/c/en/weak","/c/en/trifling","/c/en/inconsequential"],"weight":0.2045499999999999},"num_concepts_raised":21430},{"base_id":27,"kind":"bot_words","i1":0,"i2":7,"sol":{"path":["/c/en/reeking","/c/en/wet","/c/en/washboard","/c/en/musical_instruments","/c/en/zurna"],"weight":0.20446999999999999},"num_concepts_raised":4070},{"base_id":27,"kind":"bot_words","i1":0,"i2":8,"sol":{"path":["/c/en/reeking","/c/en/watery","/c/en/weak","/c/en/unaccented"],"weight":0.20291999999999993},"num_concepts_raised":9880},{"base_id":27,"kind":"bot_words","i1":0,"i2":9,"sol":{"path":["/c/en/reeking","/c/en/wet","/c/en/water","/c/en/plant","/c/en/scabious"],"weight":0.2038399999999999},"num_concepts_raised":11024},{"base_id":27,"kind":"bot_words","i1":1,"i2":2,"sol":{"path":["/c/en/elfin","/c/en/supernatural","/c/en/nature","/c/en/plant","/c/en/chlorophyll"],"weight":0.21968000000000004},"num_concepts_raised":28410},{"base_id":27,"kind":"bot_words","i1":1,"i2":3,"sol":{"path":["/c/en/elfin","/c/en/supernatural","/c/en/religion","/c/en/antichrist"],"weight":0.21529000000000004},"num_concepts_raised":14979},{"base_id":27,"kind":"bot_words","i1":1,"i2":4,"sol":{"path":["/c/en/elfin","/c/en/elvish","/c/en/fantasy","/c/en/book","/c/en/bestseller"],"weight":0.21000000000000002},"num_concepts_raised":9521},{"base_id":27,"kind":"bot_words","i1":1,"i2":5,"sol":{"path":["/c/en/elfin","/c/en/supernatural","/c/en/transcendental","/c/en/mathematics","/c/en/divergence"],"weight":0.20527999999999977},"num_concepts_raised":14778},{"base_id":27,"kind":"bot_words","i1":1,"i2":6,"sol":{"path":["/c/en/elfin","/c/en/child","/c/en/person","/c/en/inconsequential"],"weight":0.20344999999999983},"num_concepts_raised":23145},{"base_id":27,"kind":"bot_words","i1":1,"i2":7,"sol":{"path":["/c/en/elfin","/c/en/elf","/c/en/pointy","/c/en/horn","/c/en/zurna"],"weight":0.20353999999999994},"num_concepts_raised":5926},{"base_id":27,"kind":"bot_words","i1":1,"i2":8,"sol":{"path":["/c/en/elfin","/c/en/supernatural","/c/en/bright","/c/en/light","/c/en/unaccented"],"weight":0.20399999999999985},"num_concepts_raised":11752},{"base_id":27,"kind":"bot_words","i1":1,"i2":9,"sol":{"path":["/c/en/elfin","/c/en/supernatural","/c/en/imp","/c/en/plant","/c/en/scabious"],"weight":0.20390999999999987},"num_concepts_raised":12875},{"base_id":27,"kind":"bot_words","i1":2,"i2":3,"sol":{"path":["/c/en/chlorophyll","/c/en/plant","/c/en/book","/c/en/antichrist"],"weight":0.2298100000000002},"num_concepts_raised":36692},{"base_id":27,"kind":"bot_words","i1":2,"i2":4,"sol":{"path":["/c/en/chlorophyll","/c/en/plant","/c/en/book","/c/en/bestseller"],"weight":0.2245500000000002},"num_concepts_raised":31196},{"base_id":27,"kind":"bot_words","i1":2,"i2":5,"sol":{"path":["/c/en/chlorophyll","/c/en/green","/c/en/convergence","/c/en/divergence"],"weight":0.22056999999999996},"num_concepts_raised":36413},{"base_id":27,"kind":"bot_words","i1":2,"i2":6,"sol":{"path":["/c/en/chlorophyll","/c/en/plant","/c/en/person","/c/en/inconsequential"],"weight":0.21909},"num_concepts_raised":44672},{"base_id":27,"kind":"bot_words","i1":2,"i2":7,"sol":{"path":["/c/en/chlorophyll","/c/en/plant","/c/en/botany","/c/en/horn","/c/en/zurna"],"weight":0.21922000000000014},"num_concepts_raised":27685},{"base_id":27,"kind":"bot_words","i1":2,"i2":8,"sol":{"path":["/c/en/chlorophyll","/c/en/green","/c/en/light","/c/en/unaccented"],"weight":0.21842000000000006},"num_concepts_raised":33312},{"base_id":27,"kind":"bot_words","i1":2,"i2":9,"sol":{"path":["/c/en/chlorophyll","/c/en/plant","/c/en/scabious"],"weight":0.20700000000000002},"num_concepts_raised":221},{"base_id":27,"kind":"bot_words","i1":3,"i2":4,"sol":{"path":["/c/en/antichrist","/c/en/book","/c/en/bestseller"],"weight":0.20800000000000002},"num_concepts_raised":159},{"base_id":27,"kind":"bot_words","i1":3,"i2":5,"sol":{"path":["/c/en/antichrist","/c/en/book","/c/en/divergent","/c/en/divergence"],"weight":0.21543999999999994},"num_concepts_raised":23019},{"base_id":27,"kind":"bot_words","i1":3,"i2":6,"sol":{"path":["/c/en/antichrist","/c/en/philosophy","/c/en/trivial","/c/en/inconsequential"],"weight":0.2148},"num_concepts_raised":31445},{"base_id":27,"kind":"bot_words","i1":3,"i2":7,"sol":{"path":["/c/en/antichrist","/c/en/book","/c/la/cornu","/c/en/zurna"],"weight":0.21465000000000012},"num_concepts_raised":14311},{"base_id":27,"kind":"bot_words","i1":3,"i2":8,"sol":{"path":["/c/en/antichrist","/c/en/christ","/c/en/word","/c/en/unaccented"],"weight":0.21424000000000004},"num_concepts_raised":20076},{"base_id":27,"kind":"bot_words","i1":3,"i2":9,"sol":{"path":["/c/en/antichrist","/c/en/book","/c/en/plant","/c/en/scabious"],"weight":0.21409},"num_concepts_raised":21221},{"base_id":27,"kind":"bot_words","i1":4,"i2":5,"sol":{"path":["/c/en/bestseller","/c/en/book","/c/en/divergent","/c/en/divergence"],"weight":0.21017999999999992},"num_concepts_raised":17571},{"base_id":27,"kind":"bot_words","i1":4,"i2":6,"sol":{"path":["/c/en/bestseller","/c/en/company","/c/en/person","/c/en/inconsequential"],"weight":0.20940999999999999},"num_concepts_raised":26002},{"base_id":27,"kind":"bot_words","i1":4,"i2":7,"sol":{"path":["/c/en/bestseller","/c/en/book","/c/la/cornu","/c/en/zurna"],"weight":0.20939000000000008},"num_concepts_raised":8802},{"base_id":27,"kind":"bot_words","i1":4,"i2":8,"sol":{"path":["/c/en/bestseller","/c/en/book","/c/en/word","/c/en/unaccented"],"weight":0.20894000000000001},"num_concepts_raised":14579},{"base_id":27,"kind":"bot_words","i1":4,"i2":9,"sol":{"path":["/c/en/bestseller","/c/en/book","/c/en/plant","/c/en/scabious"],"weight":0.20883000000000002},"num_concepts_raised":15718},{"base_id":27,"kind":"bot_words","i1":5,"i2":6,"sol":{"path":["/c/en/divergence","/c/en/mathematics","/c/en/trivial","/c/en/inconsequential"],"weight":0.20485999999999974},"num_concepts_raised":31200},{"base_id":27,"kind":"bot_words","i1":5,"i2":7,"sol":{"path":["/c/en/divergence","/c/en/convergence","/c/en/process","/c/en/horn","/c/en/zurna"],"weight":0.20560999999999985},"num_concepts_raised":14035},{"base_id":27,"kind":"bot_words","i1":5,"i2":8,"sol":{"path":["/c/en/divergence","/c/en/mathematics","/c/en/weak","/c/en/unaccented"],"weight":0.20423999999999978},"num_concepts_raised":19736},{"base_id":27,"kind":"bot_words","i1":5,"i2":9,"sol":{"path":["/c/en/divergence","/c/en/diverge","/c/en/branch","/c/en/plant","/c/en/scabious"],"weight":0.20519999999999977},"num_concepts_raised":20958},{"base_id":27,"kind":"bot_words","i1":6,"i2":7,"sol":{"path":["/c/en/inconsequential","/c/en/person","/c/en/double","/c/en/suona","/c/en/zurna"],"weight":0.2049399999999999},"num_concepts_raised":22569},{"base_id":27,"kind":"bot_words","i1":6,"i2":8,"sol":{"path":["/c/en/inconsequential","/c/en/light","/c/en/unaccented"],"weight":0.202},"num_concepts_raised":96},{"base_id":27,"kind":"bot_words","i1":6,"i2":9,"sol":{"path":["/c/en/inconsequential","/c/en/person","/c/en/plant","/c/en/scabious"],"weight":0.20335999999999982},"num_concepts_raised":29396},{"base_id":27,"kind":"bot_words","i1":7,"i2":8,"sol":{"path":["/c/en/zurna","/c/en/horn","/c/en/diacritical_mark","/c/en/unaccented"],"weight":0.20337999999999995},"num_concepts_raised":11025},{"base_id":27,"kind":"bot_words","i1":7,"i2":9,"sol":{"path":["/c/en/zurna","/c/en/musical_instruments","/c/ar/عود","/c/en/plant","/c/en/scabious"],"weight":0.20341999999999993},"num_concepts_raised":12133},{"base_id":27,"kind":"bot_words","i1":8,"i2":9,"sol":{"path":["/c/en/unaccented","/c/en/syllable","/c/en/small","/c/en/plant","/c/en/scabious"],"weight":0.20289999999999986},"num_concepts_raised":17941}],[{"base_id":27,"kind":"top_words","i1":0,"i2":1,"sol":{"path":["/c/en/pharmacy","/c/en/medicine","/c/en/hospitals"],"weight":0.20500000000000002},"num_concepts_raised":418},{"base_id":27,"kind":"top_words","i1":0,"i2":2,"sol":{"path":["/c/en/pharmacy","/c/en/drugstore"],"weight":0.20800000000000002},"num_concepts_raised":434},{"base_id":27,"kind":"top_words","i1":0,"i2":3,"sol":{"path":["/c/en/pharmacy","/c/en/drugstore","/c/en/store","/c/en/stores"],"weight":0.22002999999999936},"num_concepts_raised":71695},{"base_id":27,"kind":"top_words","i1":0,"i2":4,"sol":{"path":["/c/en/pharmacy","/c/en/prescription"],"weight":0.20600000000000002},"num_concepts_raised":669},{"base_id":27,"kind":"top_words","i1":0,"i2":5,"sol":{"path":["/c/en/pharmacy","/c/en/drugstore","/c/en/shop","/c/en/grocery"],"weight":0.2195999999999992},"num_concepts_raised":60701},{"base_id":27,"kind":"top_words","i1":0,"i2":6,"sol":{"path":["/c/en/pharmacy","/c/en/pharmacist"],"weight":0.20900000000000002},"num_concepts_raised":556},{"base_id":27,"kind":"top_words","i1":0,"i2":7,"sol":{"path":["/c/en/pharmacy","/c/en/drugstore","/c/en/shop","/c/en/shops"],"weight":0.21932999999999953},"num_concepts_raised":51962},{"base_id":27,"kind":"top_words","i1":0,"i2":8,"sol":{"path":["/c/en/pharmacy","/c/en/drugstore","/c/en/store","/c/en/groceries"],"weight":0.21807999999999955},"num_concepts_raised":50798},{"base_id":27,"kind":"top_words","i1":0,"i2":9,"sol":{"path":["/c/en/pharmacy","/c/en/dispensary","/c/en/dispense"],"weight":0.20500000000000002},"num_concepts_raised":527},{"base_id":27,"kind":"top_words","i1":1,"i2":2,"sol":{"path":["/c/en/hospitals","/c/en/drug","/c/en/drugstore"],"weight":0.202},"num_concepts_raised":130},{"base_id":27,"kind":"top_words","i1":1,"i2":3,"sol":{"path":["/c/en/hospitals","/c/en/hospital","/c/en/city","/c/en/stores"],"weight":0.2045399999999996},"num_concepts_raised":56904},{"base_id":27,"kind":"top_words","i1":1,"i2":4,"sol":{"path":["/c/en/hospitals","/c/en/medicine","/c/en/prescription"],"weight":0.20400000000000001},"num_concepts_raised":319},{"base_id":27,"kind":"top_words","i1":1,"i2":5,"sol":{"path":["/c/en/hospitals","/c/en/medicine","/c/en/bag","/c/en/grocery"],"weight":0.20432999999999946},"num_concepts_raised":45858},{"base_id":27,"kind":"top_words","i1":1,"i2":6,"sol":{"path":["/c/en/hospitals","/c/en/hospital","/c/en/pharmacist"],"weight":0.20500000000000002},"num_concepts_raised":212},{"base_id":27,"kind":"top_words","i1":1,"i2":7,"sol":{"path":["/c/en/hospitals","/c/en/medicine","/c/en/price","/c/en/shops"],"weight":0.2031299999999998},"num_concepts_raised":36841},{"base_id":27,"kind":"top_words","i1":1,"i2":8,"sol":{"path":["/c/en/hospitals","/c/en/medicine","/c/en/bag","/c/en/groceries"],"weight":0.20380999999999982},"num_concepts_raised":35719},{"base_id":27,"kind":"top_words","i1":1,"i2":9,"sol":{"path":["/c/en/hospitals","/c/en/medicine","/c/en/administer","/c/en/dispense"],"weight":0.20472999999999955},"num_concepts_raised":39850},{"base_id":27,"kind":"top_words","i1":2,"i2":3,"sol":{"path":["/c/en/drugstore","/c/en/store","/c/en/stores"],"weight":0.20500000000000002},"num_concepts_raised":172},{"base_id":27,"kind":"top_words","i1":2,"i2":4,"sol":{"path":["/c/en/drugstore","/c/en/prescription"],"weight":0.202},"num_concepts_raised":385},{"base_id":27,"kind":"top_words","i1":2,"i2":5,"sol":{"path":["/c/en/drugstore","/c/en/store","/c/en/grocery"],"weight":0.203},"num_concepts_raised":229},{"base_id":27,"kind":"top_words","i1":2,"i2":6,"sol":{"path":["/c/en/drugstore","/c/en/pharmacy","/c/en/pharmacist"],"weight":0.20900000000000002},"num_concepts_raised":272},{"base_id":27,"kind":"top_words","i1":2,"i2":7,"sol":{"path":["/c/en/drugstore","/c/en/shop","/c/en/shops"],"weight":0.20400000000000001},"num_concepts_raised":131},{"base_id":27,"kind":"top_words","i1":2,"i2":8,"sol":{"path":["/c/en/drugstore","/c/en/store","/c/en/groceries"],"weight":0.203},"num_concepts_raised":171},{"base_id":27,"kind":"top_words","i1":2,"i2":9,"sol":{"path":["/c/en/drugstore","/c/en/pharmacy","/c/en/dispensed","/c/en/dispense"],"weight":0.2106599999999994},"num_concepts_raised":32850},{"base_id":27,"kind":"top_words","i1":3,"i2":4,"sol":{"path":["/c/en/stores","/c/en/price","/c/en/medicine","/c/en/prescription"],"weight":0.2094399999999989},"num_concepts_raised":112728},{"base_id":27,"kind":"top_words","i1":3,"i2":5,"sol":{"path":["/c/en/stores","/c/en/store","/c/en/grocery"],"weight":0.20400000000000001},"num_concepts_raised":201},{"base_id":27,"kind":"top_words","i1":3,"i2":6,"sol":{"path":["/c/en/stores","/c/en/sell","/c/en/apothecary","/c/en/pharmacist"],"weight":0.21711},"num_concepts_raised":34270},{"base_id":27,"kind":"top_words","i1":3,"i2":7,"sol":{"path":["/c/en/stores","/c/en/shop","/c/en/shops"],"weight":0.20400000000000001},"num_concepts_raised":101},{"base_id":27,"kind":"top_words","i1":3,"i2":8,"sol":{"path":["/c/en/stores","/c/en/store","/c/en/groceries"],"weight":0.20400000000000001},"num_concepts_raised":142},{"base_id":27,"kind":"top_words","i1":3,"i2":9,"sol":{"path":["/c/en/stores","/c/en/cost","/c/en/dispense"],"weight":0.202},"num_concepts_raised":215},{"base_id":27,"kind":"top_words","i1":4,"i2":5,"sol":{"path":["/c/en/prescription","/c/en/medicine","/c/en/bag","/c/en/grocery"],"weight":0.21013999999999872},"num_concepts_raised":102567},{"base_id":27,"kind":"top_words","i1":4,"i2":6,"sol":{"path":["/c/en/prescription","/c/en/pharmacy","/c/en/pharmacist"],"weight":0.20700000000000002},"num_concepts_raised":469},{"base_id":27,"kind":"top_words","i1":4,"i2":7,"sol":{"path":["/c/en/prescription","/c/en/medicine","/c/en/price","/c/en/shops"],"weight":0.20892999999999906},"num_concepts_raised":93826},{"base_id":27,"kind":"top_words","i1":4,"i2":8,"sol":{"path":["/c/en/prescription","/c/en/medicine","/c/en/bag","/c/en/groceries"],"weight":0.20961999999999906},"num_concepts_raised":92913},{"base_id":27,"kind":"top_words","i1":4,"i2":9,"sol":{"path":["/c/en/prescription","/c/fr/émettre","/c/en/dispense"],"weight":0.202},"num_concepts_raised":429},{"base_id":27,"kind":"top_words","i1":5,"i2":6,"sol":{"path":["/c/en/grocery","/c/en/sell","/c/en/apothecary","/c/en/pharmacist"],"weight":0.21790999999999983},"num_concepts_raised":23010},{"base_id":27,"kind":"top_words","i1":5,"i2":7,"sol":{"path":["/c/en/grocery","/c/en/shop","/c/en/shops"],"weight":0.20500000000000002},"num_concepts_raised":164},{"base_id":27,"kind":"top_words","i1":5,"i2":8,"sol":{"path":["/c/en/grocery","/c/en/groceries"],"weight":0.20400000000000001},"num_concepts_raised":193},{"base_id":27,"kind":"top_words","i1":5,"i2":9,"sol":{"path":["/c/en/grocery","/c/en/grocer","/c/en/supply","/c/en/dispense"],"weight":0.20801999999999923},"num_concepts_raised":33227},{"base_id":27,"kind":"top_words","i1":6,"i2":7,"sol":{"path":["/c/en/pharmacist","/c/en/chemist","/c/en/drugstore","/c/en/shop","/c/en/shops"],"weight":0.21931000000000017},"num_concepts_raised":13832},{"base_id":27,"kind":"top_words","i1":6,"i2":8,"sol":{"path":["/c/en/pharmacist","/c/it/speziale","/c/en/grocer","/c/en/groceries"],"weight":0.21385000000000015},"num_concepts_raised":12668},{"base_id":27,"kind":"top_words","i1":6,"i2":9,"sol":{"path":["/c/en/pharmacist","/c/en/pharmacy","/c/en/dispensed","/c/en/dispense"],"weight":0.2190499999999999},"num_concepts_raised":16926},{"base_id":27,"kind":"top_words","i1":7,"i2":8,"sol":{"path":["/c/en/shops","/c/en/market","/c/en/groceries"],"weight":0.203},"num_concepts_raised":105},{"base_id":27,"kind":"top_words","i1":7,"i2":9,"sol":{"path":["/c/en/shops","/c/en/price","/c/en/cost","/c/en/dispense"],"weight":0.20457999999999954},"num_concepts_raised":24231},{"base_id":27,"kind":"top_words","i1":8,"i2":9,"sol":{"path":["/c/en/groceries","/c/en/grocer","/c/en/supply","/c/en/dispense"],"weight":0.20636999999999955},"num_concepts_raised":23040}]]