[[{"base_id":921,"kind":"bot_words","i1":0,"i2":1,"sol":{"path":["/c/en/gulch","/c/en/ravine","/c/en/divide","/c/en/cut","/c/en/sever"],"weight":0.2077899999999993},"num_concepts_raised":24943},{"base_id":921,"kind":"bot_words","i1":0,"i2":2,"sol":{"path":["/c/en/gulch","/c/en/ravine","/c/en/divide","/c/en/biology","/c/en/mesic"],"weight":0.20283999999999983},"num_concepts_raised":18376},{"base_id":921,"kind":"bot_words","i1":0,"i2":3,"sol":{"path":["/c/en/gulch","/c/en/gully","/c/en/rail","/c/en/vilify","/c/en/vilification"],"weight":0.2051499999999998},"num_concepts_raised":4793},{"base_id":921,"kind":"bot_words","i1":0,"i2":4,"sol":{"path":["/c/en/gulch","/c/en/valley","/c/ar/جر","/c/en/slowly","/c/en/painstakingly"],"weight":0.2028399999999998},"num_concepts_raised":3607},{"base_id":921,"kind":"bot_words","i1":0,"i2":5,"sol":{"path":["/c/en/gulch","/c/fr/patelin","/c/fr/fin","/c/fr/habile","/c/en/nifty"],"weight":0.2042999999999997},"num_concepts_raised":8534},{"base_id":921,"kind":"bot_words","i1":0,"i2":6,"sol":{"path":["/c/en/gulch","/c/en/glutton","/c/en/food","/c/en/products"],"weight":0.20308999999999966},"num_concepts_raised":18163},{"base_id":921,"kind":"bot_words","i1":0,"i2":7,"sol":{"path":["/c/en/gulch","/c/en/ravine","/c/en/bridge","/c/en/chemistry","/c/en/ethanolamine"],"weight":0.20832999999999968},"num_concepts_raised":17626},{"base_id":921,"kind":"bot_words","i1":0,"i2":8,"sol":{"path":["/c/en/gulch","/c/en/coulee","/c/en/us","/c/en/tailgate"],"weight":0.2033399999999997},"num_concepts_raised":26488},{"base_id":921,"kind":"bot_words","i1":0,"i2":9,"sol":{"path":["/c/en/gulch","/c/fi/kuru","/c/fr/médecine","/c/fr/vasodilatateur","/c/en/vasodilation"],"weight":0.20827999999999974},"num_concepts_raised":3413},{"base_id":921,"kind":"bot_words","i1":1,"i2":2,"sol":{"path":["/c/en/sever","/c/en/disjunction","/c/en/biology","/c/en/mesic"],"weight":0.2053799999999994},"num_concepts_raised":38027},{"base_id":921,"kind":"bot_words","i1":1,"i2":3,"sol":{"path":["/c/en/sever","/c/en/legal","/c/it/vilipendio","/c/en/vilification"],"weight":0.2056599999999994},"num_concepts_raised":24599},{"base_id":921,"kind":"bot_words","i1":1,"i2":4,"sol":{"path":["/c/en/sever","/c/en/cut","/c/en/painful","/c/en/painstaking","/c/en/painstakingly"],"weight":0.20825999999999936},"num_concepts_raised":23447},{"base_id":921,"kind":"bot_words","i1":1,"i2":5,"sol":{"path":["/c/en/sever","/c/grc/λύω","/c/en/useful","/c/en/nifty"],"weight":0.20590999999999932},"num_concepts_raised":28202},{"base_id":921,"kind":"bot_words","i1":1,"i2":6,"sol":{"path":["/c/en/sever","/c/en/cut","/c/en/food","/c/en/products"],"weight":0.20758999999999928},"num_concepts_raised":37503},{"base_id":921,"kind":"bot_words","i1":1,"i2":7,"sol":{"path":["/c/en/sever","/c/en/dissociate","/c/en/chemistry","/c/en/ethanolamine"],"weight":0.21097999999999925},"num_concepts_raised":37288},{"base_id":921,"kind":"bot_words","i1":1,"i2":8,"sol":{"path":["/c/en/sever","/c/en/cut","/c/en/board","/c/en/tailgate"],"weight":0.20787999999999926},"num_concepts_raised":45319},{"base_id":921,"kind":"bot_words","i1":1,"i2":9,"sol":{"path":["/c/en/sever","/c/en/separate","/c/en/divulsion","/c/en/dilation","/c/en/vasodilation"],"weight":0.21355999999999933},"num_concepts_raised":23253},{"base_id":921,"kind":"bot_words","i1":2,"i2":3,"sol":{"path":["/c/en/mesic","/c/en/physics","/c/en/physical","/c/en/abuse","/c/en/vilification"],"weight":0.20303999999999991},"num_concepts_raised":18022},{"base_id":921,"kind":"bot_words","i1":2,"i2":4,"sol":{"path":["/c/en/mesic","/c/en/physics","/c/en/work","/c/zh/苦心","/c/en/painstakingly"],"weight":0.20272999999999988},"num_concepts_raised":16833},{"base_id":921,"kind":"bot_words","i1":2,"i2":5,"sol":{"path":["/c/en/mesic","/c/en/physics","/c/en/super","/c/ru/классный","/c/en/nifty"],"weight":0.2042099999999998},"num_concepts_raised":21739},{"base_id":921,"kind":"bot_words","i1":2,"i2":6,"sol":{"path":["/c/en/mesic","/c/en/biology","/c/en/stock","/c/en/store","/c/en/products"],"weight":0.20406999999999978},"num_concepts_raised":31296},{"base_id":921,"kind":"bot_words","i1":2,"i2":7,"sol":{"path":["/c/en/mesic","/c/en/physics","/c/en/chemistry","/c/en/ethanolamine"],"weight":0.20818999999999976},"num_concepts_raised":29814},{"base_id":921,"kind":"bot_words","i1":2,"i2":8,"sol":{"path":["/c/en/mesic","/c/en/biology","/c/en/downstream","/c/en/tailgate"],"weight":0.20324999999999976},"num_concepts_raised":39639},{"base_id":921,"kind":"bot_words","i1":2,"i2":9,"sol":{"path":["/c/en/mesic","/c/en/physics","/c/en/dilatant","/c/en/dilation","/c/en/vasodilation"],"weight":0.21017999999999987},"num_concepts_raised":16634},{"base_id":921,"kind":"bot_words","i1":3,"i2":4,"sol":{"path":["/c/en/vilification","/c/en/abuse","/c/en/care","/c/en/carefully","/c/en/painstakingly"],"weight":0.20308999999999988},"num_concepts_raised":3238},{"base_id":921,"kind":"bot_words","i1":3,"i2":5,"sol":{"path":["/c/en/vilification","/c/en/vilify","/c/en/praise","/c/en/good","/c/en/nifty"],"weight":0.2057299999999998},"num_concepts_raised":8160},{"base_id":921,"kind":"bot_words","i1":3,"i2":6,"sol":{"path":["/c/en/vilification","/c/en/defamation","/c/en/name","/c/en/crop","/c/en/products"],"weight":0.20444999999999974},"num_concepts_raised":17832},{"base_id":921,"kind":"bot_words","i1":3,"i2":7,"sol":{"path":["/c/en/vilification","/c/en/co_vilification","/c/en/mutual","/c/en/chemistry","/c/en/ethanolamine"],"weight":0.20939999999999975},"num_concepts_raised":17263},{"base_id":921,"kind":"bot_words","i1":3,"i2":8,"sol":{"path":["/c/en/vilification","/c/en/defamation","/c/en/name","/c/en/vehicle","/c/en/tailgate"],"weight":0.20489999999999975},"num_concepts_raised":26203},{"base_id":921,"kind":"bot_words","i1":3,"i2":9,"sol":{"path":["/c/en/vilification","/c/en/smear","/c/en/medicine","/c/it/vasodilatazione","/c/en/vasodilation"],"weight":0.20845999999999984},"num_concepts_raised":3045},{"base_id":921,"kind":"bot_words","i1":4,"i2":5,"sol":{"path":["/c/en/painstakingly","/c/en/painstaking","/c/en/nice","/c/en/good","/c/en/nifty"],"weight":0.20455999999999974},"num_concepts_raised":6973},{"base_id":921,"kind":"bot_words","i1":4,"i2":6,"sol":{"path":["/c/en/painstakingly","/c/en/carefully","/c/en/design","/c/en/products"],"weight":0.20296999999999976},"num_concepts_raised":16652},{"base_id":921,"kind":"bot_words","i1":4,"i2":7,"sol":{"path":["/c/en/painstakingly","/c/en/painstaking","/c/en/careful","/c/en/critical","/c/en/chemistry","/c/en/ethanolamine"],"weight":0.21438409999999802},"num_concepts_raised":404752},{"base_id":921,"kind":"bot_words","i1":4,"i2":8,"sol":{"path":["/c/en/painstakingly","/c/en/painstaking","/c/en/careful","/c/en/close","/c/en/tailgate"],"weight":0.20442999999999972},"num_concepts_raised":25027},{"base_id":921,"kind":"bot_words","i1":4,"i2":9,"sol":{"path":["/c/en/painstakingly","/c/ru/кропотливо","/c/en/patience","/c/en/nerve","/c/en/blood_vessel","/c/en/vasodilation"],"weight":0.21306239999999965},"num_concepts_raised":122685},{"base_id":921,"kind":"bot_words","i1":5,"i2":6,"sol":{"path":["/c/en/nifty","/c/en/good","/c/en/product","/c/en/products"],"weight":0.2038499999999997},"num_concepts_raised":21375},{"base_id":921,"kind":"bot_words","i1":5,"i2":7,"sol":{"path":["/c/en/nifty","/c/fr/habile","/c/it/destro","/c/en/chemistry","/c/en/ethanolamine"],"weight":0.20974999999999966},"num_concepts_raised":20991},{"base_id":921,"kind":"bot_words","i1":5,"i2":8,"sol":{"path":["/c/en/nifty","/c/en/smart","/c/en/us","/c/en/tailgate"],"weight":0.20386999999999966},"num_concepts_raised":29770},{"base_id":921,"kind":"bot_words","i1":5,"i2":9,"sol":{"path":["/c/en/nifty","/c/en/good","/c/en/memory","/c/en/vinpocetine","/c/en/vasodilation"],"weight":0.20884999999999976},"num_concepts_raised":6800},{"base_id":921,"kind":"bot_words","i1":6,"i2":7,"sol":{"path":["/c/en/products","/c/en/shop","/c/en/chemistry","/c/en/ethanolamine"],"weight":0.20852999999999963},"num_concepts_raised":30485},{"base_id":921,"kind":"bot_words","i1":6,"i2":8,"sol":{"path":["/c/en/products","/c/en/store","/c/en/board","/c/en/tailgate"],"weight":0.20468999999999965},"num_concepts_raised":38766},{"base_id":921,"kind":"bot_words","i1":6,"i2":9,"sol":{"path":["/c/en/products","/c/en/store","/c/en/memory","/c/en/vinpocetine","/c/en/vasodilation"],"weight":0.20948999999999973},"num_concepts_raised":16463},{"base_id":921,"kind":"bot_words","i1":7,"i2":8,"sol":{"path":["/c/en/ethanolamine","/c/en/phosphorylethanolamine","/c/en/derivative","/c/en/finance","/c/en/tailgate"],"weight":0.2108099999999996},"num_concepts_raised":38935},{"base_id":921,"kind":"bot_words","i1":7,"i2":9,"sol":{"path":["/c/en/ethanolamine","/c/en/phosphorylethanolamine","/c/en/derivative","/c/en/vinpocetine","/c/en/vasodilation"],"weight":0.21565999999999969},"num_concepts_raised":15875},{"base_id":921,"kind":"bot_words","i1":8,"i2":9,"sol":{"path":["/c/en/tailgate","/c/en/canal","/c/en/dilatation","/c/en/dilation","/c/en/vasodilation"],"weight":0.2108899999999997},"num_concepts_raised":24848}],[{"base_id":921,"kind":"top_words","i1":0,"i2":1,"sol":{"path":["/c/en/amour","/c/en/love","/c/en/like","/c/en/alternative_rock","/c/en/chara"],"weight":0.21058999999999972},"num_concepts_raised":10974},{"base_id":921,"kind":"top_words","i1":0,"i2":2,"sol":{"path":["/c/en/amour","/c/fr/amour","/c/fi/lätkä","/c/en/puck"],"weight":0.2110399999999995},"num_concepts_raised":54335},{"base_id":921,"kind":"top_words","i1":0,"i2":3,"sol":{"path":["/c/en/amour","/c/en/love","/c/fr/tennis","/c/en/backhand"],"weight":0.21322999999999975},"num_concepts_raised":22566},{"base_id":921,"kind":"top_words","i1":0,"i2":4,"sol":{"path":["/c/en/amour","/c/en/love","/c/en/lie","/c/en/lay"],"weight":0.22981999999999775},"num_concepts_raised":129668},{"base_id":921,"kind":"top_words","i1":0,"i2":5,"sol":{"path":["/c/en/amour","/c/en/love","/c/en/british","/c/en/grange","/c/en/granger"],"weight":0.20731999999999984},"num_concepts_raised":23442},{"base_id":921,"kind":"top_words","i1":0,"i2":6,"sol":{"path":["/c/en/amour","/c/en/love","/c/en/red","/c/en/ginger","/c/en/galangal"],"weight":0.20696999999999996},"num_concepts_raised":13506},{"base_id":921,"kind":"top_words","i1":0,"i2":7,"sol":{"path":["/c/en/amour","/c/en/love","/c/en/people","/c/en/shorthanded"],"weight":0.20537999999999984},"num_concepts_raised":22458},{"base_id":921,"kind":"top_words","i1":0,"i2":8,"sol":{"path":["/c/en/amour","/c/en/protection","/c/en/shell","/c/en/hull"],"weight":0.2087399999999991},"num_concepts_raised":166551},{"base_id":921,"kind":"top_words","i1":0,"i2":9,"sol":{"path":["/c/en/amour","/c/en/love","/c/en/eros","/c/en/greek_mythology","/c/en/hermione"],"weight":0.21075999999999978},"num_concepts_raised":11508},{"base_id":921,"kind":"top_words","i1":1,"i2":2,"sol":{"path":["/c/en/chara","/c/en/jazz","/c/en/stick","/c/en/puck"],"weight":0.2181999999999994},"num_concepts_raised":48274},{"base_id":921,"kind":"top_words","i1":1,"i2":3,"sol":{"path":["/c/en/chara","/c/en/jazz","/c/en/slang","/c/en/back","/c/en/backhand"],"weight":0.21606999999999968},"num_concepts_raised":16265},{"base_id":921,"kind":"top_words","i1":1,"i2":4,"sol":{"path":["/c/en/chara","/c/en/jazz","/c/en/slang","/c/en/lay"],"weight":0.23034999999999767},"num_concepts_raised":124366},{"base_id":921,"kind":"top_words","i1":1,"i2":5,"sol":{"path":["/c/en/chara","/c/en/jazz","/c/en/us","/c/en/granger"],"weight":0.20802999999999972},"num_concepts_raised":17070},{"base_id":921,"kind":"top_words","i1":1,"i2":6,"sol":{"path":["/c/en/chara","/c/fr/chara","/c/fr/plantes","/c/en/galangal"],"weight":0.21050999999999986},"num_concepts_raised":6997},{"base_id":921,"kind":"top_words","i1":1,"i2":7,"sol":{"path":["/c/en/chara","/c/en/actor","/c/en/person","/c/en/people","/c/en/shorthanded"],"weight":0.20808999999999975},"num_concepts_raised":16145},{"base_id":921,"kind":"top_words","i1":1,"i2":8,"sol":{"path":["/c/en/chara","/c/en/jazz","/c/en/pack_up","/c/en/hull"],"weight":0.212029999999999},"num_concepts_raised":160606},{"base_id":921,"kind":"top_words","i1":1,"i2":9,"sol":{"path":["/c/en/chara","/c/en/actor","/c/en/python","/c/en/greek_mythology","/c/en/hermione"],"weight":0.2134099999999997},"num_concepts_raised":4982},{"base_id":921,"kind":"top_words","i1":2,"i2":3,"sol":{"path":["/c/en/puck","/c/en/ice_hockey","/c/en/backhand"],"weight":0.20800000000000002},"num_concepts_raised":288},{"base_id":921,"kind":"top_words","i1":2,"i2":4,"sol":{"path":["/c/en/puck","/c/en/stick","/c/fr/mettre","/c/en/lay"],"weight":0.2358099999999974},"num_concepts_raised":162658},{"base_id":921,"kind":"top_words","i1":2,"i2":5,"sol":{"path":["/c/en/puck","/c/en/hockey","/c/en/us","/c/en/granger"],"weight":0.2133199999999995},"num_concepts_raised":59648},{"base_id":921,"kind":"top_words","i1":2,"i2":6,"sol":{"path":["/c/en/puck","/c/en/pocket","/c/en/ginger","/c/en/galangal"],"weight":0.21238999999999963},"num_concepts_raised":50873},{"base_id":921,"kind":"top_words","i1":2,"i2":7,"sol":{"path":["/c/en/puck","/c/en/penalty","/c/en/shorthanded"],"weight":0.20400000000000001},"num_concepts_raised":243},{"base_id":921,"kind":"top_words","i1":2,"i2":8,"sol":{"path":["/c/en/puck","/c/en/hit","/c/en/hull"],"weight":0.20400000000000001},"num_concepts_raised":531},{"base_id":921,"kind":"top_words","i1":2,"i2":9,"sol":{"path":["/c/en/puck","/c/fr/astronomie","/c/fr/hermione","/c/en/hermione"],"weight":0.2183599999999995},"num_concepts_raised":48641},{"base_id":921,"kind":"top_words","i1":3,"i2":4,"sol":{"path":["/c/en/backhand","/c/en/back","/c/en/lie","/c/en/lay"],"weight":0.2354199999999977},"num_concepts_raised":133997},{"base_id":921,"kind":"top_words","i1":3,"i2":5,"sol":{"path":["/c/en/backhand","/c/en/human","/c/en/farm","/c/en/granger"],"weight":0.20873999999999976},"num_concepts_raised":28615},{"base_id":921,"kind":"top_words","i1":3,"i2":6,"sol":{"path":["/c/en/backhand","/c/en/hand","/c/en/ginger","/c/en/galangal"],"weight":0.21044999999999991},"num_concepts_raised":18811},{"base_id":921,"kind":"top_words","i1":3,"i2":7,"sol":{"path":["/c/en/backhand","/c/en/back","/c/en/normal","/c/en/shorthanded"],"weight":0.21086999999999978},"num_concepts_raised":27350},{"base_id":921,"kind":"top_words","i1":3,"i2":8,"sol":{"path":["/c/en/backhand","/c/en/hit","/c/en/hull"],"weight":0.20400000000000001},"num_concepts_raised":395},{"base_id":921,"kind":"top_words","i1":3,"i2":9,"sol":{"path":["/c/en/backhand","/c/en/hand","/c/en/person","/c/en/orestes","/c/en/hermione"],"weight":0.21428999999999976},"num_concepts_raised":16828},{"base_id":921,"kind":"top_words","i1":4,"i2":5,"sol":{"path":["/c/en/lay","/c/en/put","/c/en/farm","/c/en/granger"],"weight":0.22691999999999773},"num_concepts_raised":134326},{"base_id":921,"kind":"top_words","i1":4,"i2":6,"sol":{"path":["/c/en/lay","/c/en/make","/c/en/ginger","/c/en/galangal"],"weight":0.2268699999999979},"num_concepts_raised":127070},{"base_id":921,"kind":"top_words","i1":4,"i2":7,"sol":{"path":["/c/en/lay","/c/en/lie","/c/en/people","/c/en/shorthanded"],"weight":0.22746999999999779},"num_concepts_raised":134178},{"base_id":921,"kind":"top_words","i1":4,"i2":8,"sol":{"path":["/c/en/lay","/c/en/nautical","/c/en/hull"],"weight":0.20600000000000002},"num_concepts_raised":1139},{"base_id":921,"kind":"top_words","i1":4,"i2":9,"sol":{"path":["/c/en/lay","/c/en/play","/c/en/orestes","/c/en/hermione"],"weight":0.22825999999999774},"num_concepts_raised":125026},{"base_id":921,"kind":"top_words","i1":5,"i2":6,"sol":{"path":["/c/en/granger","/c/en/farm","/c/en/red","/c/en/ginger","/c/en/galangal"],"weight":0.20449999999999996},"num_concepts_raised":19631},{"base_id":921,"kind":"top_words","i1":5,"i2":7,"sol":{"path":["/c/en/granger","/c/en/us","/c/en/people","/c/en/shorthanded"],"weight":0.20291999999999982},"num_concepts_raised":28497},{"base_id":921,"kind":"top_words","i1":5,"i2":8,"sol":{"path":["/c/en/granger","/c/en/grange","/c/en/england","/c/en/hull"],"weight":0.20898999999999912},"num_concepts_raised":171084},{"base_id":921,"kind":"top_words","i1":5,"i2":9,"sol":{"path":["/c/en/granger","/c/en/us","/c/en/given_name","/c/en/hermione"],"weight":0.2081799999999998},"num_concepts_raised":17584},{"base_id":921,"kind":"top_words","i1":6,"i2":7,"sol":{"path":["/c/en/galangal","/c/en/ginger","/c/en/hand","/c/en/shorthand","/c/en/shorthanded"],"weight":0.20550999999999997},"num_concepts_raised":18707},{"base_id":921,"kind":"top_words","i1":6,"i2":8,"sol":{"path":["/c/en/galangal","/c/vi/riềng","/c/fr/botanique","/c/fr/coque","/c/en/hull"],"weight":0.21085999999999924},"num_concepts_raised":163125},{"base_id":921,"kind":"top_words","i1":6,"i2":9,"sol":{"path":["/c/en/galangal","/c/en/ginger","/c/en/given_name","/c/en/hermione"],"weight":0.20974999999999994},"num_concepts_raised":7523},{"base_id":921,"kind":"top_words","i1":7,"i2":8,"sol":{"path":["/c/en/shorthanded","/c/en/table","/c/en/nautical","/c/en/hull"],"weight":0.2079699999999991},"num_concepts_raised":171263},{"base_id":921,"kind":"top_words","i1":7,"i2":9,"sol":{"path":["/c/en/shorthanded","/c/en/shorthand","/c/en/fi","/c/en/given_name","/c/en/hermione"],"weight":0.20919999999999983},"num_concepts_raised":16715},{"base_id":921,"kind":"top_words","i1":8,"i2":9,"sol":{"path":["/c/en/hull","/c/en/shell","/c/en/given_name","/c/en/hermione"],"weight":0.2139699999999991},"num_concepts_raised":161136}]]