[[{"base_id":741,"kind":"bot_words","i1":0,"i2":1,"sol":{"path":["/c/en/conveniently","/c/en/handily","/c/en/us","/c/en/plant","/c/en/tropaeolum"],"weight":0.20984999999999976},"num_concepts_raised":11347},{"base_id":741,"kind":"bot_words","i1":0,"i2":2,"sol":{"path":["/c/en/conveniently","/c/en/gain","/c/fr/faire","/c/la/factio","/c/en/factious"],"weight":0.20361999999999986},"num_concepts_raised":4310},{"base_id":741,"kind":"bot_words","i1":0,"i2":3,"sol":{"path":["/c/en/conveniently","/c/en/convenient","/c/en/occasion","/c/en/term","/c/en/tuple"],"weight":0.21288999999999977},"num_concepts_raised":32520},{"base_id":741,"kind":"bot_words","i1":0,"i2":4,"sol":{"path":["/c/en/conveniently","/c/en/difficulty","/c/en/difficult","/c/en/herculean"],"weight":0.20478999999999986},"num_concepts_raised":8885},{"base_id":741,"kind":"bot_words","i1":0,"i2":5,"sol":{"path":["/c/en/conveniently","/c/fr/à_point","/c/fr/bleu","/c/la/caeruleus","/c/en/cerulean"],"weight":0.21123999999999984},"num_concepts_raised":8628},{"base_id":741,"kind":"bot_words","i1":0,"i2":6,"sol":{"path":["/c/en/conveniently","/c/en/gain","/c/en/back","/c/en/leather","/c/en/cordwainer"],"weight":0.20892999999999973},"num_concepts_raised":4944},{"base_id":741,"kind":"bot_words","i1":0,"i2":7,"sol":{"path":["/c/en/conveniently","/c/en/difficulty","/c/cy/clo","/c/en/lock","/c/en/headlock"],"weight":0.20459999999999984},"num_concepts_raised":9196},{"base_id":741,"kind":"bot_words","i1":0,"i2":8,"sol":{"path":["/c/en/conveniently","/c/en/manner","/c/en/action","/c/en/decider"],"weight":0.2035599999999998},"num_concepts_raised":24212},{"base_id":741,"kind":"bot_words","i1":0,"i2":9,"sol":{"path":["/c/en/conveniently","/c/en/gain","/c/en/money","/c/en/professional"],"weight":0.21103999999999834},"num_concepts_raised":36945},{"base_id":741,"kind":"bot_words","i1":1,"i2":2,"sol":{"path":["/c/en/tropaeolum","/c/en/plant","/c/en/factory","/c/en/faction","/c/en/factious"],"weight":0.20817999999999987},"num_concepts_raised":8458},{"base_id":741,"kind":"bot_words","i1":1,"i2":3,"sol":{"path":["/c/en/tropaeolum","/c/en/plant","/c/en/term","/c/en/tuple"],"weight":0.2163299999999998},"num_concepts_raised":36691},{"base_id":741,"kind":"bot_words","i1":1,"i2":4,"sol":{"path":["/c/en/tropaeolum","/c/en/plant","/c/en/person","/c/en/difficult","/c/en/herculean"],"weight":0.2093499999999999},"num_concepts_raised":13134},{"base_id":741,"kind":"bot_words","i1":1,"i2":5,"sol":{"path":["/c/en/tropaeolum","/c/fr/capucine","/c/fr/foncé","/c/la/caeruleus","/c/en/cerulean"],"weight":0.21773999999999985},"num_concepts_raised":12573},{"base_id":741,"kind":"bot_words","i1":1,"i2":6,"sol":{"path":["/c/en/tropaeolum","/c/en/plant","/c/en/food","/c/en/cobbler","/c/en/cordwainer"],"weight":0.21375999999999973},"num_concepts_raised":9084},{"base_id":741,"kind":"bot_words","i1":1,"i2":7,"sol":{"path":["/c/en/tropaeolum","/c/en/plant","/c/en/faceplant","/c/en/headlock"],"weight":0.20799999999999985},"num_concepts_raised":13328},{"base_id":741,"kind":"bot_words","i1":1,"i2":8,"sol":{"path":["/c/en/tropaeolum","/c/en/plant","/c/en/action","/c/en/decider"],"weight":0.20811999999999983},"num_concepts_raised":28432},{"base_id":741,"kind":"bot_words","i1":1,"i2":9,"sol":{"path":["/c/en/tropaeolum","/c/en/plant","/c/en/living","/c/en/professional"],"weight":0.21546999999999833},"num_concepts_raised":41165},{"base_id":741,"kind":"bot_words","i1":2,"i2":3,"sol":{"path":["/c/en/factious","/c/en/faction","/c/en/line","/c/en/term","/c/en/tuple"],"weight":0.2110899999999999},"num_concepts_raised":29760},{"base_id":741,"kind":"bot_words","i1":2,"i2":4,"sol":{"path":["/c/en/factious","/c/la/factio","/c/en/person","/c/en/difficult","/c/en/herculean"],"weight":0.20409},"num_concepts_raised":6101},{"base_id":741,"kind":"bot_words","i1":2,"i2":5,"sol":{"path":["/c/en/factious","/c/la/factio","/c/en/group","/c/en/family","/c/en/cerulean"],"weight":0.20837999999999995},"num_concepts_raised":5734},{"base_id":741,"kind":"bot_words","i1":2,"i2":6,"sol":{"path":["/c/en/factious","/c/fr/factieux","/c/fr/personne","/c/fr/cordonnier","/c/en/cordwainer"],"weight":0.20944999999999983},"num_concepts_raised":2037},{"base_id":741,"kind":"bot_words","i1":2,"i2":7,"sol":{"path":["/c/en/factious","/c/la/factio","/c/en/person","/c/en/head","/c/en/headlock"],"weight":0.20277999999999996},"num_concepts_raised":6318},{"base_id":741,"kind":"bot_words","i1":2,"i2":8,"sol":{"path":["/c/en/factious","/c/en/faction","/c/en/event","/c/en/decider"],"weight":0.20281999999999994},"num_concepts_raised":21456},{"base_id":741,"kind":"bot_words","i1":2,"i2":9,"sol":{"path":["/c/en/factious","/c/fr/factieux","/c/en/agitator","/c/fr/professionnel","/c/en/professional"],"weight":0.21580999999999842},"num_concepts_raised":34242},{"base_id":741,"kind":"bot_words","i1":3,"i2":4,"sol":{"path":["/c/en/tuple","/c/en/term","/c/en/work","/c/en/herculean"],"weight":0.21125999999999992},"num_concepts_raised":34140},{"base_id":741,"kind":"bot_words","i1":3,"i2":5,"sol":{"path":["/c/en/tuple","/c/ja/組","/c/en/family","/c/en/cerulean"],"weight":0.21646999999999988},"num_concepts_raised":33959},{"base_id":741,"kind":"bot_words","i1":3,"i2":6,"sol":{"path":["/c/en/tuple","/c/en/term","/c/en/lift","/c/en/leather","/c/en/cordwainer"],"weight":0.21636999999999973},"num_concepts_raised":30401},{"base_id":741,"kind":"bot_words","i1":3,"i2":7,"sol":{"path":["/c/en/tuple","/c/en/computing","/c/en/lock","/c/en/headlock"],"weight":0.2100499999999999},"num_concepts_raised":34438},{"base_id":741,"kind":"bot_words","i1":3,"i2":8,"sol":{"path":["/c/en/tuple","/c/en/computing","/c/en/decider"],"weight":0.20400000000000001},"num_concepts_raised":113},{"base_id":741,"kind":"bot_words","i1":3,"i2":9,"sol":{"path":["/c/en/tuple","/c/en/function","/c/en/professional"],"weight":0.20400000000000001},"num_concepts_raised":634},{"base_id":741,"kind":"bot_words","i1":4,"i2":5,"sol":{"path":["/c/en/herculean","/c/en/work","/c/en/hurt","/c/en/azure","/c/en/cerulean"],"weight":0.21079999999999996},"num_concepts_raised":10427},{"base_id":741,"kind":"bot_words","i1":4,"i2":6,"sol":{"path":["/c/en/herculean","/c/en/difficult","/c/en/tough","/c/es/zapatero","/c/en/cordwainer"],"weight":0.20942999999999984},"num_concepts_raised":6737},{"base_id":741,"kind":"bot_words","i1":4,"i2":7,"sol":{"path":["/c/en/herculean","/c/en/hercules","/c/en/strength","/c/en/wrestling","/c/en/headlock"],"weight":0.20512999999999998},"num_concepts_raised":10980},{"base_id":741,"kind":"bot_words","i1":4,"i2":8,"sol":{"path":["/c/en/herculean","/c/en/work","/c/en/action","/c/en/decider"],"weight":0.20309999999999995},"num_concepts_raised":25870},{"base_id":741,"kind":"bot_words","i1":4,"i2":9,"sol":{"path":["/c/en/herculean","/c/en/work","/c/en/profession","/c/en/professional"],"weight":0.21308999999999845},"num_concepts_raised":38357},{"base_id":741,"kind":"bot_words","i1":5,"i2":6,"sol":{"path":["/c/en/cerulean","/c/en/butterfly","/c/nl/schoenlapper","/c/en/cobbler","/c/en/cordwainer"],"weight":0.2140099999999998},"num_concepts_raised":6373},{"base_id":741,"kind":"bot_words","i1":5,"i2":7,"sol":{"path":["/c/en/cerulean","/c/en/azure","/c/en/sky","/c/en/head","/c/en/headlock"],"weight":0.21056999999999992},"num_concepts_raised":10598},{"base_id":741,"kind":"bot_words","i1":5,"i2":8,"sol":{"path":["/c/en/cerulean","/c/en/colour","/c/en/british","/c/en/decider"],"weight":0.2083099999999999},"num_concepts_raised":25706},{"base_id":741,"kind":"bot_words","i1":5,"i2":9,"sol":{"path":["/c/en/cerulean","/c/en/family","/c/en/organization","/c/en/professional"],"weight":0.21584999999999843},"num_concepts_raised":38368},{"base_id":741,"kind":"bot_words","i1":6,"i2":7,"sol":{"path":["/c/en/cordwainer","/c/fr/cordonnier","/c/fr/corde","/c/fr/cravate","/c/en/headlock"],"weight":0.2103399999999998},"num_concepts_raised":6943},{"base_id":741,"kind":"bot_words","i1":6,"i2":8,"sol":{"path":["/c/en/cordwainer","/c/en/córdoba","/c/en/c","/c/en/british","/c/en/decider"],"weight":0.2101699999999998},"num_concepts_raised":22096},{"base_id":741,"kind":"bot_words","i1":6,"i2":9,"sol":{"path":["/c/en/cordwainer","/c/es/zapatero","/c/fr/relatif","/c/fr/professionnel","/c/en/professional"],"weight":0.22010999999999825},"num_concepts_raised":34853},{"base_id":741,"kind":"bot_words","i1":7,"i2":8,"sol":{"path":["/c/en/headlock","/c/en/lock","/c/en/computing","/c/en/decider"],"weight":0.2038299999999999},"num_concepts_raised":26102},{"base_id":741,"kind":"bot_words","i1":7,"i2":9,"sol":{"path":["/c/en/headlock","/c/en/lock","/c/en/master","/c/en/professional"],"weight":0.2126099999999984},"num_concepts_raised":38814},{"base_id":741,"kind":"bot_words","i1":8,"i2":9,"sol":{"path":["/c/en/decider","/c/en/decide","/c/en/judge","/c/en/professional"],"weight":0.21138999999999838},"num_concepts_raised":52846}],[{"base_id":741,"kind":"top_words","i1":0,"i2":1,"sol":{"path":["/c/en/ulterior","/c/zh/鬼胎","/c/en/motive","/c/en/motivation"],"weight":0.21722999999999923},"num_concepts_raised":41481},{"base_id":741,"kind":"top_words","i1":0,"i2":2,"sol":{"path":["/c/en/ulterior","/c/en/angler","/c/en/motive"],"weight":0.202},"num_concepts_raised":330},{"base_id":741,"kind":"top_words","i1":0,"i2":3,"sol":{"path":["/c/en/ulterior","/c/en/deceive","/c/en/people","/c/en/altruistic"],"weight":0.20501999999999995},"num_concepts_raised":11194},{"base_id":741,"kind":"top_words","i1":0,"i2":4,"sol":{"path":["/c/en/ulterior","/c/en/deceive","/c/en/people","/c/en/emotions"],"weight":0.20881999999999956},"num_concepts_raised":23981},{"base_id":741,"kind":"top_words","i1":0,"i2":5,"sol":{"path":["/c/en/ulterior","/c/en/ulterior_motive","/c/en/extrinsic"],"weight":0.202},"num_concepts_raised":118},{"base_id":741,"kind":"top_words","i1":0,"i2":6,"sol":{"path":["/c/en/ulterior","/c/en/ulterior_motive","/c/en/reason","/c/en/rationale"],"weight":0.2054399999999997},"num_concepts_raised":23831},{"base_id":741,"kind":"top_words","i1":0,"i2":7,"sol":{"path":["/c/en/ulterior","/c/en/deceive","/c/en/people","/c/en/beliefs"],"weight":0.2032399999999998},"num_concepts_raised":15158},{"base_id":741,"kind":"top_words","i1":0,"i2":8,"sol":{"path":["/c/en/ulterior","/c/zh/鬼胎","/c/en/motive","/c/en/motivating"],"weight":0.20476999999999984},"num_concepts_raised":7302},{"base_id":741,"kind":"top_words","i1":0,"i2":9,"sol":{"path":["/c/en/ulterior","/c/en/ulterior_motive","/c/en/reason","/c/en/reasoning"],"weight":0.2073899999999994},"num_concepts_raised":24473},{"base_id":741,"kind":"top_words","i1":1,"i2":2,"sol":{"path":["/c/en/motivation","/c/en/motive"],"weight":0.20700000000000002},"num_concepts_raised":514},{"base_id":741,"kind":"top_words","i1":1,"i2":3,"sol":{"path":["/c/en/motivation","/c/en/motive","/c/en/pious_fiction","/c/en/altruistic"],"weight":0.21835999999999944},"num_concepts_raised":41707},{"base_id":741,"kind":"top_words","i1":1,"i2":4,"sol":{"path":["/c/en/motivation","/c/en/motive","/c/en/emotion","/c/en/emotions"],"weight":0.22230999999999904},"num_concepts_raised":53540},{"base_id":741,"kind":"top_words","i1":1,"i2":5,"sol":{"path":["/c/en/motivation","/c/en/extrinsic"],"weight":0.20400000000000001},"num_concepts_raised":336},{"base_id":741,"kind":"top_words","i1":1,"i2":6,"sol":{"path":["/c/en/motivation","/c/en/reason","/c/en/rationale"],"weight":0.20500000000000002},"num_concepts_raised":367},{"base_id":741,"kind":"top_words","i1":1,"i2":7,"sol":{"path":["/c/en/motivation","/c/en/hypocrisy","/c/en/beliefs"],"weight":0.20400000000000001},"num_concepts_raised":309},{"base_id":741,"kind":"top_words","i1":1,"i2":8,"sol":{"path":["/c/en/motivation","/c/en/motivating"],"weight":0.20800000000000002},"num_concepts_raised":305},{"base_id":741,"kind":"top_words","i1":1,"i2":9,"sol":{"path":["/c/en/motivation","/c/en/reason","/c/en/reasoning"],"weight":0.20500000000000002},"num_concepts_raised":493},{"base_id":741,"kind":"top_words","i1":2,"i2":3,"sol":{"path":["/c/en/motive","/c/en/pious_fiction","/c/en/altruistic"],"weight":0.202},"num_concepts_raised":362},{"base_id":741,"kind":"top_words","i1":2,"i2":4,"sol":{"path":["/c/en/motive","/c/en/emotion","/c/en/emotions"],"weight":0.20400000000000001},"num_concepts_raised":348},{"base_id":741,"kind":"top_words","i1":2,"i2":5,"sol":{"path":["/c/en/motive","/c/en/motivation","/c/en/extrinsic"],"weight":0.203},"num_concepts_raised":324},{"base_id":741,"kind":"top_words","i1":2,"i2":6,"sol":{"path":["/c/en/motive","/c/en/reason","/c/en/rationale"],"weight":0.20500000000000002},"num_concepts_raised":354},{"base_id":741,"kind":"top_words","i1":2,"i2":7,"sol":{"path":["/c/en/motive","/c/en/reason","/c/en/mode_of_thought","/c/en/beliefs"],"weight":0.20944999999999947},"num_concepts_raised":50072},{"base_id":741,"kind":"top_words","i1":2,"i2":8,"sol":{"path":["/c/en/motive","/c/en/motivating"],"weight":0.20400000000000001},"num_concepts_raised":292},{"base_id":741,"kind":"top_words","i1":2,"i2":9,"sol":{"path":["/c/en/motive","/c/en/reason","/c/en/reasoning"],"weight":0.20500000000000002},"num_concepts_raised":478},{"base_id":741,"kind":"top_words","i1":3,"i2":4,"sol":{"path":["/c/en/altruistic","/c/en/people","/c/en/emotions"],"weight":0.20400000000000001},"num_concepts_raised":171},{"base_id":741,"kind":"top_words","i1":3,"i2":5,"sol":{"path":["/c/en/altruistic","/c/en/people","/c/en/foreign","/c/en/extrinsic"],"weight":0.20629},"num_concepts_raised":8160},{"base_id":741,"kind":"top_words","i1":3,"i2":6,"sol":{"path":["/c/en/altruistic","/c/en/agape","/c/en/christian","/c/en/rationale"],"weight":0.2053099999999999},"num_concepts_raised":24384},{"base_id":741,"kind":"top_words","i1":3,"i2":7,"sol":{"path":["/c/en/altruistic","/c/en/people","/c/en/beliefs"],"weight":0.202},"num_concepts_raised":119},{"base_id":741,"kind":"top_words","i1":3,"i2":8,"sol":{"path":["/c/en/altruistic","/c/en/pious_fiction","/c/en/motive","/c/en/motivating"],"weight":0.20590000000000006},"num_concepts_raised":7896},{"base_id":741,"kind":"top_words","i1":3,"i2":9,"sol":{"path":["/c/en/altruistic","/c/en/people","/c/en/thinking","/c/en/reasoning"],"weight":0.2083599999999996},"num_concepts_raised":25087},{"base_id":741,"kind":"top_words","i1":4,"i2":5,"sol":{"path":["/c/en/emotions","/c/en/people","/c/en/foreign","/c/en/extrinsic"],"weight":0.2100899999999996},"num_concepts_raised":21006},{"base_id":741,"kind":"top_words","i1":4,"i2":6,"sol":{"path":["/c/en/emotions","/c/en/emotion","/c/en/reason","/c/en/rationale"],"weight":0.21049999999999952},"num_concepts_raised":37032},{"base_id":741,"kind":"top_words","i1":4,"i2":7,"sol":{"path":["/c/en/emotions","/c/en/people","/c/en/beliefs"],"weight":0.20400000000000001},"num_concepts_raised":105},{"base_id":741,"kind":"top_words","i1":4,"i2":8,"sol":{"path":["/c/en/emotions","/c/en/emotion","/c/en/motive","/c/en/motivating"],"weight":0.20976999999999968},"num_concepts_raised":20728},{"base_id":741,"kind":"top_words","i1":4,"i2":9,"sol":{"path":["/c/en/emotions","/c/en/emotion","/c/en/reason","/c/en/reasoning"],"weight":0.2124599999999992},"num_concepts_raised":37473},{"base_id":741,"kind":"top_words","i1":5,"i2":6,"sol":{"path":["/c/en/extrinsic","/c/en/motivation","/c/en/reason","/c/en/rationale"],"weight":0.20557999999999976},"num_concepts_raised":20819},{"base_id":741,"kind":"top_words","i1":5,"i2":7,"sol":{"path":["/c/en/extrinsic","/c/en/foreign","/c/en/people","/c/en/beliefs"],"weight":0.20450999999999986},"num_concepts_raised":12144},{"base_id":741,"kind":"top_words","i1":5,"i2":8,"sol":{"path":["/c/en/extrinsic","/c/en/motivation","/c/en/motivating"],"weight":0.20400000000000001},"num_concepts_raised":85},{"base_id":741,"kind":"top_words","i1":5,"i2":9,"sol":{"path":["/c/en/extrinsic","/c/en/motivation","/c/en/reason","/c/en/reasoning"],"weight":0.20752999999999944},"num_concepts_raised":21508},{"base_id":741,"kind":"top_words","i1":6,"i2":7,"sol":{"path":["/c/en/rationale","/c/en/religion","/c/en/beliefs"],"weight":0.202},"num_concepts_raised":112},{"base_id":741,"kind":"top_words","i1":6,"i2":8,"sol":{"path":["/c/en/rationale","/c/en/reason","/c/en/motivation","/c/en/motivating"],"weight":0.20747999999999978},"num_concepts_raised":20448},{"base_id":741,"kind":"top_words","i1":6,"i2":9,"sol":{"path":["/c/en/rationale","/c/en/reasoning"],"weight":0.20400000000000001},"num_concepts_raised":289},{"base_id":741,"kind":"top_words","i1":7,"i2":8,"sol":{"path":["/c/en/beliefs","/c/en/hypocrisy","/c/en/motivation","/c/en/motivating"],"weight":0.2051699999999999},"num_concepts_raised":11885},{"base_id":741,"kind":"top_words","i1":7,"i2":9,"sol":{"path":["/c/en/beliefs","/c/en/mode_of_thought","/c/en/reason","/c/en/reasoning"],"weight":0.20679999999999943},"num_concepts_raised":28864},{"base_id":741,"kind":"top_words","i1":8,"i2":9,"sol":{"path":["/c/en/motivating","/c/en/motivation","/c/en/reason","/c/en/reasoning"],"weight":0.20942999999999948},"num_concepts_raised":21155}]]