[[{"base_id":182,"kind":"bot_words","i1":0,"i2":1,"sol":{"path":["/c/en/tor","/c/en/hill","/c/en/mountain","/c/en/alpine"],"weight":0.2198199999999993},"num_concepts_raised":48650},{"base_id":182,"kind":"bot_words","i1":0,"i2":2,"sol":{"path":["/c/en/tor","/c/en/uk","/c/en/safe","/c/en/inedible"],"weight":0.20959999999999968},"num_concepts_raised":27045},{"base_id":182,"kind":"bot_words","i1":0,"i2":3,"sol":{"path":["/c/en/tor","/c/en/hill","/c/en/little","/c/la/alga","/c/en/alghero"],"weight":0.2107999999999996},"num_concepts_raised":21682},{"base_id":182,"kind":"bot_words","i1":0,"i2":4,"sol":{"path":["/c/en/tor","/c/en/hill","/c/en/canada","/c/en/fetus","/c/en/feticide"],"weight":0.2106699999999997},"num_concepts_raised":22493},{"base_id":182,"kind":"bot_words","i1":0,"i2":5,"sol":{"path":["/c/en/tor","/c/en/computing","/c/en/return","/c/en/suicide","/c/en/seppuku"],"weight":0.21915999999999963},"num_concepts_raised":22906},{"base_id":182,"kind":"bot_words","i1":0,"i2":6,"sol":{"path":["/c/en/tor","/c/en/hill","/c/fr/localités","/c/en/darlington"],"weight":0.21583999999999962},"num_concepts_raised":140862},{"base_id":182,"kind":"bot_words","i1":0,"i2":7,"sol":{"path":["/c/en/tor","/c/en/onion_routing","/c/en/computer","/c/en/digital"],"weight":0.2146099999999988},"num_concepts_raised":42351},{"base_id":182,"kind":"bot_words","i1":0,"i2":8,"sol":{"path":["/c/en/tor","/c/en/tower","/c/en/use","/c/bg/злоупотребявам","/c/en/misappropriate"],"weight":0.2132299999999996},"num_concepts_raised":23089},{"base_id":182,"kind":"bot_words","i1":0,"i2":9,"sol":{"path":["/c/en/tor","/c/en/hill","/c/en/plant","/c/en/alyssum"],"weight":0.21853999999999962},"num_concepts_raised":30682},{"base_id":182,"kind":"bot_words","i1":1,"i2":2,"sol":{"path":["/c/en/alpine","/c/en/australia","/c/en/go_off","/c/en/inedible"],"weight":0.21047999999999956},"num_concepts_raised":34105},{"base_id":182,"kind":"bot_words","i1":1,"i2":3,"sol":{"path":["/c/en/alpine","/c/en/france","/c/en/catalan","/c/en/alghero"],"weight":0.20962999999999948},"num_concepts_raised":28796},{"base_id":182,"kind":"bot_words","i1":1,"i2":4,"sol":{"path":["/c/en/alpine","/c/en/biology","/c/en/abortion","/c/en/feticide"],"weight":0.2095299999999996},"num_concepts_raised":29614},{"base_id":182,"kind":"bot_words","i1":1,"i2":5,"sol":{"path":["/c/en/alpine","/c/en/mountain","/c/en/japan","/c/en/kamikaze","/c/en/seppuku"],"weight":0.22018999999999955},"num_concepts_raised":30030},{"base_id":182,"kind":"bot_words","i1":1,"i2":6,"sol":{"path":["/c/en/alpine","/c/en/indiana","/c/en/darlington"],"weight":0.20600000000000002},"num_concepts_raised":174},{"base_id":182,"kind":"bot_words","i1":1,"i2":7,"sol":{"path":["/c/en/alpine","/c/en/biology","/c/en/analog","/c/en/digital"],"weight":0.2145599999999987},"num_concepts_raised":50682},{"base_id":182,"kind":"bot_words","i1":1,"i2":8,"sol":{"path":["/c/en/alpine","/c/en/company","/c/en/embezzlement","/c/en/embezzle","/c/en/misappropriate"],"weight":0.21117999999999953},"num_concepts_raised":30224},{"base_id":182,"kind":"bot_words","i1":1,"i2":9,"sol":{"path":["/c/en/alpine","/c/en/plant","/c/en/alyssum"],"weight":0.20700000000000002},"num_concepts_raised":207},{"base_id":182,"kind":"bot_words","i1":2,"i2":3,"sol":{"path":["/c/en/inedible","/c/en/edible","/c/en/plants","/c/la/alga","/c/en/alghero"],"weight":0.20491999999999982},"num_concepts_raised":6039},{"base_id":182,"kind":"bot_words","i1":2,"i2":4,"sol":{"path":["/c/en/inedible","/c/en/tough","/c/en/bad","/c/en/homicide","/c/en/feticide"],"weight":0.20478999999999994},"num_concepts_raised":6872},{"base_id":182,"kind":"bot_words","i1":2,"i2":5,"sol":{"path":["/c/en/inedible","/c/en/eat","/c/ja/召す","/c/en/seppuku"],"weight":0.2099899999999999},"num_concepts_raised":7268},{"base_id":182,"kind":"bot_words","i1":2,"i2":6,"sol":{"path":["/c/en/inedible","/c/en/safe","/c/en/base","/c/en/darlington"],"weight":0.20894999999999986},"num_concepts_raised":125740},{"base_id":182,"kind":"bot_words","i1":2,"i2":7,"sol":{"path":["/c/en/inedible","/c/en/edible","/c/en/apple","/c/en/digital"],"weight":0.20851999999999904},"num_concepts_raised":28374},{"base_id":182,"kind":"bot_words","i1":2,"i2":8,"sol":{"path":["/c/en/inedible","/c/en/appropriate","/c/en/misappropriate"],"weight":0.202},"num_concepts_raised":121},{"base_id":182,"kind":"bot_words","i1":2,"i2":9,"sol":{"path":["/c/en/inedible","/c/en/caprifig","/c/en/flower","/c/en/alyssum"],"weight":0.2095799999999999},"num_concepts_raised":15091},{"base_id":182,"kind":"bot_words","i1":3,"i2":4,"sol":{"path":["/c/en/alghero","/c/la/alga","/c/en/seaweed","/c/en/medicine","/c/en/abortion","/c/en/feticide"],"weight":0.20549789999999982},"num_concepts_raised":237399},{"base_id":182,"kind":"bot_words","i1":3,"i2":5,"sol":{"path":["/c/en/alghero","/c/ca/faç","/c/en/face","/c/en/interest","/c/en/hara_kiri","/c/en/seppuku"],"weight":0.21859279999999973},"num_concepts_raised":251929},{"base_id":182,"kind":"bot_words","i1":3,"i2":6,"sol":{"path":["/c/en/alghero","/c/fr/alghero","/c/fr/localités","/c/en/darlington"],"weight":0.2080099999999998},"num_concepts_raised":120272},{"base_id":182,"kind":"bot_words","i1":3,"i2":7,"sol":{"path":["/c/en/alghero","/c/en/catalan","/c/en/human","/c/en/digit","/c/en/digital"],"weight":0.20789999999999897},"num_concepts_raised":23072},{"base_id":182,"kind":"bot_words","i1":3,"i2":8,"sol":{"path":["/c/en/alghero","/c/ca/diure","/c/la/dico","/c/en/appropriate","/c/en/misappropriate"],"weight":0.20308999999999977},"num_concepts_raised":1950},{"base_id":182,"kind":"bot_words","i1":3,"i2":9,"sol":{"path":["/c/en/alghero","/c/la/alga","/c/en/grow","/c/en/plant","/c/en/alyssum"],"weight":0.21081999999999984},"num_concepts_raised":9708},{"base_id":182,"kind":"bot_words","i1":4,"i2":5,"sol":{"path":["/c/en/feticide","/c/la/cida","/c/en/suicide","/c/en/seppuku"],"weight":0.2132199999999999},"num_concepts_raised":2570},{"base_id":182,"kind":"bot_words","i1":4,"i2":6,"sol":{"path":["/c/en/feticide","/c/en/abortion","/c/en/biology","/c/en/base","/c/en/darlington"],"weight":0.2079599999999999},"num_concepts_raised":121106},{"base_id":182,"kind":"bot_words","i1":4,"i2":7,"sol":{"path":["/c/en/feticide","/c/en/abortion","/c/en/biology","/c/en/analog","/c/en/digital"],"weight":0.20782999999999907},"num_concepts_raised":23878},{"base_id":182,"kind":"bot_words","i1":4,"i2":8,"sol":{"path":["/c/en/feticide","/c/en/homicide","/c/en/legal","/c/en/embezzle","/c/en/misappropriate"],"weight":0.20430999999999988},"num_concepts_raised":2781},{"base_id":182,"kind":"bot_words","i1":4,"i2":9,"sol":{"path":["/c/en/feticide","/c/en/abortion","/c/en/embryo","/c/en/plant","/c/en/alyssum"],"weight":0.2106699999999999},"num_concepts_raised":10539},{"base_id":182,"kind":"bot_words","i1":5,"i2":6,"sol":{"path":["/c/en/seppuku","/c/en/suicide","/c/en/series","/c/en/electronics","/c/en/darlington"],"weight":0.21844999999999984},"num_concepts_raised":121516},{"base_id":182,"kind":"bot_words","i1":5,"i2":7,"sol":{"path":["/c/en/seppuku","/c/en/ritual","/c/la/alis","/c/en/digital"],"weight":0.21262999999999904},"num_concepts_raised":24276},{"base_id":182,"kind":"bot_words","i1":5,"i2":8,"sol":{"path":["/c/en/seppuku","/c/en/ritual","/c/en/churchly","/c/en/appropriate","/c/en/misappropriate"],"weight":0.20917999999999984},"num_concepts_raised":3192},{"base_id":182,"kind":"bot_words","i1":5,"i2":9,"sol":{"path":["/c/en/seppuku","/c/en/suicide","/c/en/herbicide","/c/en/plant","/c/en/alyssum"],"weight":0.22111999999999987},"num_concepts_raised":10949},{"base_id":182,"kind":"bot_words","i1":6,"i2":7,"sol":{"path":["/c/en/darlington","/c/en/electronics","/c/en/digital"],"weight":0.20400000000000001},"num_concepts_raised":342},{"base_id":182,"kind":"bot_words","i1":6,"i2":8,"sol":{"path":["/c/en/darlington","/c/en/base","/c/en/legal","/c/en/embezzle","/c/en/misappropriate"],"weight":0.2095399999999998},"num_concepts_raised":121708},{"base_id":182,"kind":"bot_words","i1":6,"i2":9,"sol":{"path":["/c/en/darlington","/c/en/base","/c/en/botany","/c/en/plant","/c/en/alyssum"],"weight":0.21586999999999984},"num_concepts_raised":129383},{"base_id":182,"kind":"bot_words","i1":7,"i2":8,"sol":{"path":["/c/en/digital","/c/zh/數位","/c/en/taiwan","/c/zh/a_錢","/c/en/misappropriate"],"weight":0.208769999999999},"num_concepts_raised":24478},{"base_id":182,"kind":"bot_words","i1":7,"i2":9,"sol":{"path":["/c/en/digital","/c/en/digitalis","/c/en/plant","/c/en/alyssum"],"weight":0.21450999999999903},"num_concepts_raised":32082},{"base_id":182,"kind":"bot_words","i1":8,"i2":9,"sol":{"path":["/c/en/misappropriate","/c/en/embezzle","/c/en/cabbage","/c/en/plant","/c/en/alyssum"],"weight":0.21222999999999986},"num_concepts_raised":11145}],[{"base_id":182,"kind":"top_words","i1":0,"i2":1,"sol":{"path":["/c/en/flyweight","/c/en/bantamweight"],"weight":0.202},"num_concepts_raised":53},{"base_id":182,"kind":"top_words","i1":0,"i2":2,"sol":{"path":["/c/en/flyweight","/c/en/fly","/c/en/compass","/c/en/ibo"],"weight":0.2030299999999997},"num_concepts_raised":25380},{"base_id":182,"kind":"top_words","i1":0,"i2":3,"sol":{"path":["/c/en/flyweight","/c/en/pound","/c/en/us","/c/en/prophylactic","/c/en/prophylaxis"],"weight":0.20572999999999986},"num_concepts_raised":28419},{"base_id":182,"kind":"top_words","i1":0,"i2":4,"sol":{"path":["/c/en/flyweight","/c/en/boxer","/c/en/welterweight"],"weight":0.202},"num_concepts_raised":65},{"base_id":182,"kind":"top_words","i1":0,"i2":5,"sol":{"path":["/c/en/flyweight","/c/en/boxer","/c/en/middleweight"],"weight":0.202},"num_concepts_raised":66},{"base_id":182,"kind":"top_words","i1":0,"i2":6,"sol":{"path":["/c/en/flyweight","/c/en/boxer","/c/en/featherweight"],"weight":0.202},"num_concepts_raised":58},{"base_id":182,"kind":"top_words","i1":0,"i2":7,"sol":{"path":["/c/en/flyweight","/c/en/professional","/c/en/gangster","/c/ru/разбойник","/c/en/brigand"],"weight":0.20538999999999996},"num_concepts_raised":12882},{"base_id":182,"kind":"top_words","i1":0,"i2":8,"sol":{"path":["/c/en/flyweight","/c/en/small","/c/en/river","/c/en/river_blindness","/c/en/onchocerciasis"],"weight":0.20481999999999984},"num_concepts_raised":24034},{"base_id":182,"kind":"top_words","i1":0,"i2":9,"sol":{"path":["/c/en/flyweight","/c/en/small","/c/en/city","/c/en/umag"],"weight":0.20783999999999975},"num_concepts_raised":15539},{"base_id":182,"kind":"top_words","i1":1,"i2":2,"sol":{"path":["/c/en/bantamweight","/c/en/bantam","/c/en/age","/c/en/human","/c/en/ibo"],"weight":0.2040099999999998},"num_concepts_raised":16276},{"base_id":182,"kind":"top_words","i1":1,"i2":3,"sol":{"path":["/c/en/bantamweight","/c/en/bantam","/c/en/chicken","/c/en/disease","/c/en/prophylaxis"],"weight":0.20460999999999993},"num_concepts_raised":19299},{"base_id":182,"kind":"top_words","i1":1,"i2":4,"sol":{"path":["/c/en/bantamweight","/c/en/boxer","/c/en/welterweight"],"weight":0.202},"num_concepts_raised":55},{"base_id":182,"kind":"top_words","i1":1,"i2":5,"sol":{"path":["/c/en/bantamweight","/c/en/boxer","/c/en/middleweight"],"weight":0.202},"num_concepts_raised":59},{"base_id":182,"kind":"top_words","i1":1,"i2":6,"sol":{"path":["/c/en/bantamweight","/c/en/featherweight"],"weight":0.202},"num_concepts_raised":53},{"base_id":182,"kind":"top_words","i1":1,"i2":7,"sol":{"path":["/c/en/bantamweight","/c/en/bantam","/c/en/coach","/c/en/bandit","/c/en/brigand"],"weight":0.20596000000000003},"num_concepts_raised":3640},{"base_id":182,"kind":"top_words","i1":1,"i2":8,"sol":{"path":["/c/en/bantamweight","/c/en/weight","/c/en/mass","/c/en/medicine","/c/en/onchocerciasis"],"weight":0.20286999999999988},"num_concepts_raised":14898},{"base_id":182,"kind":"top_words","i1":1,"i2":9,"sol":{"path":["/c/en/bantamweight","/c/en/bantam","/c/en/soccer","/c/en/city","/c/en/umag"],"weight":0.20884999999999984},"num_concepts_raised":6350},{"base_id":182,"kind":"top_words","i1":2,"i2":3,"sol":{"path":["/c/en/ibo","/c/en/human","/c/en/foravirumab","/c/en/prophylaxis"],"weight":0.20368999999999976},"num_concepts_raised":31186},{"base_id":182,"kind":"top_words","i1":2,"i2":4,"sol":{"path":["/c/en/ibo","/c/en/human","/c/en/age","/c/en/welter_weight","/c/en/welterweight"],"weight":0.20403999999999972},"num_concepts_raised":14932},{"base_id":182,"kind":"top_words","i1":2,"i2":5,"sol":{"path":["/c/en/ibo","/c/en/human","/c/en/person","/c/en/weight","/c/en/middleweight"],"weight":0.20313999999999965},"num_concepts_raised":21169},{"base_id":182,"kind":"top_words","i1":2,"i2":6,"sol":{"path":["/c/en/ibo","/c/en/human","/c/en/person","/c/en/weight","/c/en/featherweight"],"weight":0.20319999999999977},"num_concepts_raised":18319},{"base_id":182,"kind":"top_words","i1":2,"i2":7,"sol":{"path":["/c/en/ibo","/c/fr/linguistique","/c/fr/brabançon","/c/fr/brigand","/c/en/brigand"],"weight":0.2056199999999999},"num_concepts_raised":15664},{"base_id":182,"kind":"top_words","i1":2,"i2":8,"sol":{"path":["/c/en/ibo","/c/en/human","/c/en/animal","/c/en/worm","/c/en/onchocerciasis"],"weight":0.20305999999999974},"num_concepts_raised":26848},{"base_id":182,"kind":"top_words","i1":2,"i2":9,"sol":{"path":["/c/en/ibo","/c/en/human","/c/en/city","/c/en/umag"],"weight":0.20808999999999966},"num_concepts_raised":18328},{"base_id":182,"kind":"top_words","i1":3,"i2":4,"sol":{"path":["/c/en/prophylaxis","/c/en/disease","/c/en/dementia_pugilistica","/c/en/boxer","/c/en/welterweight"],"weight":0.20366999999999985},"num_concepts_raised":17966},{"base_id":182,"kind":"top_words","i1":3,"i2":5,"sol":{"path":["/c/en/prophylaxis","/c/en/prophylactic","/c/en/us","/c/en/junior","/c/en/middleweight"],"weight":0.2057899999999998},"num_concepts_raised":24201},{"base_id":182,"kind":"top_words","i1":3,"i2":6,"sol":{"path":["/c/en/prophylaxis","/c/en/prophylactic","/c/en/us","/c/en/pound","/c/en/featherweight"],"weight":0.2058299999999999},"num_concepts_raised":21347},{"base_id":182,"kind":"top_words","i1":3,"i2":7,"sol":{"path":["/c/en/prophylaxis","/c/en/medicine","/c/en/bark","/c/la/latro","/c/en/brigand"],"weight":0.20611000000000002},"num_concepts_raised":18694},{"base_id":182,"kind":"top_words","i1":3,"i2":8,"sol":{"path":["/c/en/prophylaxis","/c/en/medicine","/c/en/onchocerciasis"],"weight":0.202},"num_concepts_raised":89},{"base_id":182,"kind":"top_words","i1":3,"i2":9,"sol":{"path":["/c/en/prophylaxis","/c/ja/予防","/c/en/protection","/c/en/city","/c/en/umag"],"weight":0.20958999999999983},"num_concepts_raised":21399},{"base_id":182,"kind":"top_words","i1":4,"i2":5,"sol":{"path":["/c/en/welterweight","/c/en/middleweight"],"weight":0.202},"num_concepts_raised":64},{"base_id":182,"kind":"top_words","i1":4,"i2":6,"sol":{"path":["/c/en/welterweight","/c/en/boxer","/c/en/featherweight"],"weight":0.202},"num_concepts_raised":64},{"base_id":182,"kind":"top_words","i1":4,"i2":7,"sol":{"path":["/c/en/welterweight","/c/en/boxer","/c/en/worker","/c/en/outlaw","/c/en/brigand"],"weight":0.20448999999999998},"num_concepts_raised":2272},{"base_id":182,"kind":"top_words","i1":4,"i2":8,"sol":{"path":["/c/en/welterweight","/c/en/lightweight","/c/en/drink","/c/en/medicine","/c/en/onchocerciasis"],"weight":0.20284999999999984},"num_concepts_raised":13551},{"base_id":182,"kind":"top_words","i1":4,"i2":9,"sol":{"path":["/c/en/welterweight","/c/en/middleweight","/c/en/business","/c/en/city","/c/en/umag"],"weight":0.20790999999999976},"num_concepts_raised":4984},{"base_id":182,"kind":"top_words","i1":5,"i2":6,"sol":{"path":["/c/en/middleweight","/c/en/boxer","/c/en/featherweight"],"weight":0.202},"num_concepts_raised":65},{"base_id":182,"kind":"top_words","i1":5,"i2":7,"sol":{"path":["/c/en/middleweight","/c/en/professional","/c/en/gangster","/c/ru/разбойник","/c/en/brigand"],"weight":0.20545999999999992},"num_concepts_raised":8623},{"base_id":182,"kind":"top_words","i1":5,"i2":8,"sol":{"path":["/c/en/middleweight","/c/en/boxing","/c/ru/бокс","/c/en/medicine","/c/en/onchocerciasis"],"weight":0.20291999999999977},"num_concepts_raised":19837},{"base_id":182,"kind":"top_words","i1":5,"i2":9,"sol":{"path":["/c/en/middleweight","/c/en/business","/c/en/city","/c/en/umag"],"weight":0.2078999999999997},"num_concepts_raised":11280},{"base_id":182,"kind":"top_words","i1":6,"i2":7,"sol":{"path":["/c/en/featherweight","/c/en/professional","/c/en/gangster","/c/ru/разбойник","/c/en/brigand"],"weight":0.20549},"num_concepts_raised":5712},{"base_id":182,"kind":"top_words","i1":6,"i2":8,"sol":{"path":["/c/en/featherweight","/c/en/weight","/c/en/mass","/c/en/medicine","/c/en/onchocerciasis"],"weight":0.20300999999999988},"num_concepts_raised":16954},{"base_id":182,"kind":"top_words","i1":6,"i2":9,"sol":{"path":["/c/en/featherweight","/c/en/weight","/c/en/water","/c/en/city","/c/en/umag"],"weight":0.2080099999999998},"num_concepts_raised":8416},{"base_id":182,"kind":"top_words","i1":7,"i2":8,"sol":{"path":["/c/en/brigand","/c/fi/rosvo","/c/fi/roisto","/c/en/worm","/c/en/onchocerciasis"],"weight":0.20529},"num_concepts_raised":14292},{"base_id":182,"kind":"top_words","i1":7,"i2":9,"sol":{"path":["/c/en/brigand","/c/en/bandit","/c/en/group","/c/en/city","/c/en/umag"],"weight":0.21002999999999994},"num_concepts_raised":5719},{"base_id":182,"kind":"top_words","i1":8,"i2":9,"sol":{"path":["/c/en/onchocerciasis","/c/en/medicine","/c/en/local","/c/en/city","/c/en/umag"],"weight":0.2078999999999998},"num_concepts_raised":16993}]]