[[{"base_id":809,"kind":"bot_words","i1":0,"i2":1,"sol":{"path":["/c/en/morna","/c/fr/morna","/c/fr/genre","/c/fr/jusquiame","/c/en/henbane"],"weight":0.2154399999999999},"num_concepts_raised":17921},{"base_id":809,"kind":"bot_words","i1":0,"i2":2,"sol":{"path":["/c/en/morna","/c/en/music_genre","/c/en/country","/c/en/guinea","/c/en/conakry"],"weight":0.21549999999999997},"num_concepts_raised":1231},{"base_id":809,"kind":"bot_words","i1":0,"i2":3,"sol":{"path":["/c/en/morna","/c/fr/morna","/c/fr/genre","/c/en/character","/c/en/hansel"],"weight":0.2121399999999999},"num_concepts_raised":4475},{"base_id":809,"kind":"bot_words","i1":0,"i2":4,"sol":{"path":["/c/en/morna","/c/en/music_genre","/c/en/country","/c/en/russia","/c/en/tyumen"],"weight":0.20930999999999986},"num_concepts_raised":1964},{"base_id":809,"kind":"bot_words","i1":0,"i2":5,"sol":{"path":["/c/en/morna","/c/en/music_genre","/c/en/metal","/c/en/weight","/c/en/weightless"],"weight":0.20832999999999988},"num_concepts_raised":3276},{"base_id":809,"kind":"bot_words","i1":0,"i2":6,"sol":{"path":["/c/en/morna","/c/en/genre","/c/en/kind","/c/en/sympathetic","/c/en/compassionate","/c/en/compassionately"],"weight":0.2128810999999997},"num_concepts_raised":79139},{"base_id":809,"kind":"bot_words","i1":0,"i2":7,"sol":{"path":["/c/en/morna","/c/en/music_genre","/c/en/country","/c/en/greece","/c/en/arvanitika"],"weight":0.2136499999999999},"num_concepts_raised":5703},{"base_id":809,"kind":"bot_words","i1":0,"i2":8,"sol":{"path":["/c/en/morna","/c/en/music_genre","/c/en/c_pop","/c/en/chinese","/c/en/teochew"],"weight":0.20867999999999975},"num_concepts_raised":5845},{"base_id":809,"kind":"bot_words","i1":0,"i2":9,"sol":{"path":["/c/en/morna","/c/en/music_genre","/c/en/metal","/c/en/hardware","/c/en/ironmonger"],"weight":0.20849},"num_concepts_raised":5093},{"base_id":809,"kind":"bot_words","i1":1,"i2":2,"sol":{"path":["/c/en/henbane","/c/en/plant","/c/en/slang","/c/en/guinea","/c/en/conakry"],"weight":0.21120999999999998},"num_concepts_raised":17286},{"base_id":809,"kind":"bot_words","i1":1,"i2":3,"sol":{"path":["/c/en/henbane","/c/fr/jusquiame","/c/fr/genre","/c/en/character","/c/en/hansel"],"weight":0.20589999999999992},"num_concepts_raised":20490},{"base_id":809,"kind":"bot_words","i1":1,"i2":4,"sol":{"path":["/c/en/henbane","/c/en/plant","/c/en/factory","/c/en/russia","/c/en/tyumen"],"weight":0.20499999999999985},"num_concepts_raised":18017},{"base_id":809,"kind":"bot_words","i1":1,"i2":5,"sol":{"path":["/c/en/henbane","/c/en/plant","/c/en/slang","/c/en/weight","/c/en/weightless"],"weight":0.20402999999999988},"num_concepts_raised":19283},{"base_id":809,"kind":"bot_words","i1":1,"i2":6,"sol":{"path":["/c/en/henbane","/c/en/plant","/c/en/more","/c/lv/humānāk","/c/en/compassionately"],"weight":0.2037399999999999},"num_concepts_raised":17207},{"base_id":809,"kind":"bot_words","i1":1,"i2":7,"sol":{"path":["/c/en/henbane","/c/en/plant","/c/sq/krândç","/c/en/gheg","/c/en/arvanitika"],"weight":0.2093299999999999},"num_concepts_raised":21750},{"base_id":809,"kind":"bot_words","i1":1,"i2":8,"sol":{"path":["/c/en/henbane","/c/en/plant","/c/en/dialect","/c/en/teochew"],"weight":0.20433999999999974},"num_concepts_raised":21834},{"base_id":809,"kind":"bot_words","i1":1,"i2":9,"sol":{"path":["/c/en/henbane","/c/nrf/hannebanne","/c/en/jersey","/c/nrf/tchîncailli","/c/en/ironmonger"],"weight":0.20600999999999997},"num_concepts_raised":21079},{"base_id":809,"kind":"bot_words","i1":2,"i2":3,"sol":{"path":["/c/en/conakry","/c/en/guinea","/c/en/us","/c/en/given_name","/c/en/hansel"],"weight":0.20999999999999996},"num_concepts_raised":3844},{"base_id":809,"kind":"bot_words","i1":2,"i2":4,"sol":{"path":["/c/en/conakry","/c/en/guinea","/c/en/country","/c/en/russia","/c/en/tyumen"],"weight":0.21122999999999992},"num_concepts_raised":1318},{"base_id":809,"kind":"bot_words","i1":2,"i2":5,"sol":{"path":["/c/en/conakry","/c/en/guinea","/c/en/pound","/c/en/weight","/c/en/weightless"],"weight":0.21023999999999993},"num_concepts_raised":2632},{"base_id":809,"kind":"bot_words","i1":2,"i2":6,"sol":{"path":["/c/en/conakry","/c/en/guinea","/c/en/country","/c/en/domestic","/c/en/compassionate","/c/en/compassionately"],"weight":0.21459859999999986},"num_concepts_raised":61358},{"base_id":809,"kind":"bot_words","i1":2,"i2":7,"sol":{"path":["/c/en/conakry","/c/en/guinea","/c/en/country","/c/en/greece","/c/en/arvanitika"],"weight":0.21556999999999998},"num_concepts_raised":5066},{"base_id":809,"kind":"bot_words","i1":2,"i2":8,"sol":{"path":["/c/en/conakry","/c/en/guinea","/c/en/british","/c/en/chinese","/c/en/teochew"],"weight":0.21059999999999982},"num_concepts_raised":5207},{"base_id":809,"kind":"bot_words","i1":2,"i2":9,"sol":{"path":["/c/en/conakry","/c/en/guinea","/c/en/british","/c/en/ironmonger"],"weight":0.21037000000000006},"num_concepts_raised":4456},{"base_id":809,"kind":"bot_words","i1":3,"i2":4,"sol":{"path":["/c/en/hansel","/c/en/character","/c/en/star","/c/en/russia","/c/en/tyumen"],"weight":0.20379999999999984},"num_concepts_raised":4580},{"base_id":809,"kind":"bot_words","i1":3,"i2":5,"sol":{"path":["/c/en/hansel","/c/en/fairy_tale","/c/en/person","/c/en/weight","/c/en/weightless"],"weight":0.20285999999999987},"num_concepts_raised":5873},{"base_id":809,"kind":"bot_words","i1":3,"i2":6,"sol":{"path":["/c/en/hansel","/c/en/hansel_and_gretel","/c/en/house","/c/en/domestic","/c/en/compassionate","/c/en/compassionately"],"weight":0.20909859999999986},"num_concepts_raised":273402},{"base_id":809,"kind":"bot_words","i1":3,"i2":7,"sol":{"path":["/c/en/hansel","/c/en/character","/c/de/gräzität","/c/en/greece","/c/en/arvanitika"],"weight":0.2081599999999999},"num_concepts_raised":8296},{"base_id":809,"kind":"bot_words","i1":3,"i2":8,"sol":{"path":["/c/en/hansel","/c/en/character","/c/zh/丑仔","/c/en/min_nan","/c/en/teochew"],"weight":0.20420999999999975},"num_concepts_raised":8431},{"base_id":809,"kind":"bot_words","i1":3,"i2":9,"sol":{"path":["/c/en/hansel","/c/en/character","/c/en/tin","/c/en/hardware","/c/en/ironmonger"],"weight":0.20300999999999997},"num_concepts_raised":7680},{"base_id":809,"kind":"bot_words","i1":4,"i2":5,"sol":{"path":["/c/en/tyumen","/c/en/russia","/c/fi/alue","/c/en/physics","/c/ru/невесомый","/c/en/weightless"],"weight":0.20981959999999966},"num_concepts_raised":375102},{"base_id":809,"kind":"bot_words","i1":4,"i2":6,"sol":{"path":["/c/en/tyumen","/c/en/russia","/c/en/country","/c/en/domestic","/c/en/compassionate","/c/en/compassionately"],"weight":0.20963899999999966},"num_concepts_raised":170651},{"base_id":809,"kind":"bot_words","i1":4,"i2":7,"sol":{"path":["/c/en/tyumen","/c/en/russia","/c/en/country","/c/en/greece","/c/en/arvanitika"],"weight":0.20937999999999984},"num_concepts_raised":5777},{"base_id":809,"kind":"bot_words","i1":4,"i2":8,"sol":{"path":["/c/en/tyumen","/c/en/russia","/c/en/honghuzi","/c/en/chinese","/c/en/teochew"],"weight":0.20438999999999968},"num_concepts_raised":5942},{"base_id":809,"kind":"bot_words","i1":4,"i2":9,"sol":{"path":["/c/en/tyumen","/c/en/russia","/c/en/perm","/c/en/british","/c/en/ironmonger"],"weight":0.20417999999999992},"num_concepts_raised":5193},{"base_id":809,"kind":"bot_words","i1":5,"i2":6,"sol":{"path":["/c/en/weightless","/c/en/less","/c/en/more","/c/lv/humānāk","/c/en/compassionately"],"weight":0.20273999999999986},"num_concepts_raised":2551},{"base_id":809,"kind":"bot_words","i1":5,"i2":7,"sol":{"path":["/c/en/weightless","/c/en/weight","/c/en/drachma","/c/en/greece","/c/en/arvanitika"],"weight":0.2083699999999999},"num_concepts_raised":7109},{"base_id":809,"kind":"bot_words","i1":5,"i2":8,"sol":{"path":["/c/en/weightless","/c/en/weight","/c/zh/過重","/c/en/hokkien","/c/en/teochew"],"weight":0.20444999999999972},"num_concepts_raised":7239},{"base_id":809,"kind":"bot_words","i1":5,"i2":9,"sol":{"path":["/c/en/weightless","/c/en/weight","/c/en/iron","/c/es/ferretero","/c/en/ironmonger"],"weight":0.20417999999999997},"num_concepts_raised":6482},{"base_id":809,"kind":"bot_words","i1":6,"i2":7,"sol":{"path":["/c/en/compassionately","/c/en/ruthfully","/c/en/manner","/c/en/language","/c/en/arvanitika"],"weight":0.2080699999999999},"num_concepts_raised":4988},{"base_id":809,"kind":"bot_words","i1":6,"i2":8,"sol":{"path":["/c/en/compassionately","/c/en/compassionate","/c/en/domestic","/c/zh/精牲","/c/en/min_nan","/c/en/teochew"],"weight":0.2102242999999992},"num_concepts_raised":260625},{"base_id":809,"kind":"bot_words","i1":6,"i2":9,"sol":{"path":["/c/en/compassionately","/c/en/compassionate","/c/en/domestic","/c/en/iron","/c/es/ferretero","/c/en/ironmonger"],"weight":0.20963559999999992},"num_concepts_raised":353622},{"base_id":809,"kind":"bot_words","i1":7,"i2":8,"sol":{"path":["/c/en/arvanitika","/c/en/language","/c/en/chinese","/c/en/teochew"],"weight":0.20872999999999975},"num_concepts_raised":9528},{"base_id":809,"kind":"bot_words","i1":7,"i2":9,"sol":{"path":["/c/en/arvanitika","/c/en/albanian","/c/en/albany","/c/en/british","/c/en/ironmonger"],"weight":0.20853},"num_concepts_raised":8911},{"base_id":809,"kind":"bot_words","i1":8,"i2":9,"sol":{"path":["/c/en/teochew","/c/en/chinese","/c/en/british","/c/en/ironmonger"],"weight":0.20354999999999984},"num_concepts_raised":9008}],[{"base_id":809,"kind":"top_words","i1":0,"i2":1,"sol":{"path":["/c/en/sirenia","/c/en/animal_order","/c/en/procellariiformes"],"weight":0.20600000000000002},"num_concepts_raised":129},{"base_id":809,"kind":"top_words","i1":0,"i2":2,"sol":{"path":["/c/en/sirenia","/c/en/sirenian","/c/en/mammal","/c/en/bird","/c/en/emberizidae"],"weight":0.2139199999999996},"num_concepts_raised":5282},{"base_id":809,"kind":"top_words","i1":0,"i2":3,"sol":{"path":["/c/en/sirenia","/c/en/animal_order","/c/en/proboscidea"],"weight":0.20800000000000002},"num_concepts_raised":146},{"base_id":809,"kind":"top_words","i1":0,"i2":4,"sol":{"path":["/c/en/sirenia","/c/en/sirenian","/c/en/mammal","/c/en/bird","/c/en/recurvirostridae"],"weight":0.2136299999999997},"num_concepts_raised":5020},{"base_id":809,"kind":"top_words","i1":0,"i2":5,"sol":{"path":["/c/en/sirenia","/c/en/sirenian","/c/en/mammal","/c/en/bird","/c/en/corvidae"],"weight":0.21413999999999958},"num_concepts_raised":5594},{"base_id":809,"kind":"top_words","i1":0,"i2":6,"sol":{"path":["/c/en/sirenia","/c/en/animal_order","/c/en/psittaciformes","/c/en/parrot","/c/en/psittacidae"],"weight":0.2139599999999996},"num_concepts_raised":5601},{"base_id":809,"kind":"top_words","i1":0,"i2":7,"sol":{"path":["/c/en/sirenia","/c/en/animal_order","/c/en/charadriiformes"],"weight":0.20600000000000002},"num_concepts_raised":135},{"base_id":809,"kind":"top_words","i1":0,"i2":8,"sol":{"path":["/c/en/sirenia","/c/en/animal_order","/c/en/caprimulgiformes"],"weight":0.20600000000000002},"num_concepts_raised":124},{"base_id":809,"kind":"top_words","i1":0,"i2":9,"sol":{"path":["/c/en/sirenia","/c/en/sirenian","/c/en/mammal","/c/en/bird","/c/en/glareolidae"],"weight":0.21367999999999968},"num_concepts_raised":5028},{"base_id":809,"kind":"top_words","i1":1,"i2":2,"sol":{"path":["/c/en/procellariiformes","/c/en/diving_petrel","/c/en/bird","/c/en/emberizidae"],"weight":0.21385999999999966},"num_concepts_raised":5123},{"base_id":809,"kind":"top_words","i1":1,"i2":3,"sol":{"path":["/c/en/procellariiformes","/c/en/animal_order","/c/en/proboscidea"],"weight":0.20800000000000002},"num_concepts_raised":138},{"base_id":809,"kind":"top_words","i1":1,"i2":4,"sol":{"path":["/c/en/procellariiformes","/c/en/diving_petrel","/c/en/bird","/c/en/recurvirostridae"],"weight":0.21356999999999976},"num_concepts_raised":4862},{"base_id":809,"kind":"top_words","i1":1,"i2":5,"sol":{"path":["/c/en/procellariiformes","/c/en/diving_petrel","/c/en/bird","/c/en/corvidae"],"weight":0.21407999999999963},"num_concepts_raised":5435},{"base_id":809,"kind":"top_words","i1":1,"i2":6,"sol":{"path":["/c/en/procellariiformes","/c/en/diving_petrel","/c/en/bird","/c/en/psittacidae"],"weight":0.21380999999999967},"num_concepts_raised":5443},{"base_id":809,"kind":"top_words","i1":1,"i2":7,"sol":{"path":["/c/en/procellariiformes","/c/en/animal_order","/c/en/charadriiformes"],"weight":0.20600000000000002},"num_concepts_raised":127},{"base_id":809,"kind":"top_words","i1":1,"i2":8,"sol":{"path":["/c/en/procellariiformes","/c/en/animal_order","/c/en/caprimulgiformes"],"weight":0.20600000000000002},"num_concepts_raised":116},{"base_id":809,"kind":"top_words","i1":1,"i2":9,"sol":{"path":["/c/en/procellariiformes","/c/en/diving_petrel","/c/en/bird","/c/en/glareolidae"],"weight":0.21361999999999975},"num_concepts_raised":4870},{"base_id":809,"kind":"top_words","i1":2,"i2":3,"sol":{"path":["/c/en/emberizidae","/c/en/bird","/c/en/animal","/c/en/elephant","/c/en/proboscidea"],"weight":0.21815999999999958},"num_concepts_raised":12982},{"base_id":809,"kind":"top_words","i1":2,"i2":4,"sol":{"path":["/c/en/emberizidae","/c/en/bird","/c/en/recurvirostridae"],"weight":0.20600000000000002},"num_concepts_raised":107},{"base_id":809,"kind":"top_words","i1":2,"i2":5,"sol":{"path":["/c/en/emberizidae","/c/en/bird","/c/en/corvidae"],"weight":0.20600000000000002},"num_concepts_raised":145},{"base_id":809,"kind":"top_words","i1":2,"i2":6,"sol":{"path":["/c/en/emberizidae","/c/en/bird","/c/en/psittacidae"],"weight":0.20600000000000002},"num_concepts_raised":129},{"base_id":809,"kind":"top_words","i1":2,"i2":7,"sol":{"path":["/c/en/emberizidae","/c/en/bird","/c/en/charadriiform","/c/en/charadriiformes"],"weight":0.2138599999999996},"num_concepts_raised":5033},{"base_id":809,"kind":"top_words","i1":2,"i2":8,"sol":{"path":["/c/en/emberizidae","/c/en/bird","/c/en/caprimulgiformes"],"weight":0.20600000000000002},"num_concepts_raised":120},{"base_id":809,"kind":"top_words","i1":2,"i2":9,"sol":{"path":["/c/en/emberizidae","/c/en/bird","/c/en/glareolidae"],"weight":0.20600000000000002},"num_concepts_raised":110},{"base_id":809,"kind":"top_words","i1":3,"i2":4,"sol":{"path":["/c/en/proboscidea","/c/en/elephant","/c/en/animal","/c/en/bird","/c/en/recurvirostridae"],"weight":0.21786999999999968},"num_concepts_raised":12720},{"base_id":809,"kind":"top_words","i1":3,"i2":5,"sol":{"path":["/c/en/proboscidea","/c/en/elephant","/c/en/animal","/c/en/bird","/c/en/corvidae"],"weight":0.21837999999999955},"num_concepts_raised":13292},{"base_id":809,"kind":"top_words","i1":3,"i2":6,"sol":{"path":["/c/en/proboscidea","/c/en/plant","/c/th/แก้ว","/c/en/parrot","/c/en/psittacidae"],"weight":0.2182299999999996},"num_concepts_raised":13300},{"base_id":809,"kind":"top_words","i1":3,"i2":7,"sol":{"path":["/c/en/proboscidea","/c/en/animal_order","/c/en/charadriiformes"],"weight":0.20800000000000002},"num_concepts_raised":144},{"base_id":809,"kind":"top_words","i1":3,"i2":8,"sol":{"path":["/c/en/proboscidea","/c/en/animal_order","/c/en/caprimulgiformes"],"weight":0.20800000000000002},"num_concepts_raised":133},{"base_id":809,"kind":"top_words","i1":3,"i2":9,"sol":{"path":["/c/en/proboscidea","/c/en/elephant","/c/en/animal","/c/en/bird","/c/en/glareolidae"],"weight":0.21791999999999964},"num_concepts_raised":12725},{"base_id":809,"kind":"top_words","i1":4,"i2":5,"sol":{"path":["/c/en/recurvirostridae","/c/en/bird","/c/en/corvidae"],"weight":0.20600000000000002},"num_concepts_raised":124},{"base_id":809,"kind":"top_words","i1":4,"i2":6,"sol":{"path":["/c/en/recurvirostridae","/c/en/bird","/c/en/psittacidae"],"weight":0.20600000000000002},"num_concepts_raised":108},{"base_id":809,"kind":"top_words","i1":4,"i2":7,"sol":{"path":["/c/en/recurvirostridae","/c/en/bird","/c/en/charadriiform","/c/en/charadriiformes"],"weight":0.2135699999999997},"num_concepts_raised":4770},{"base_id":809,"kind":"top_words","i1":4,"i2":8,"sol":{"path":["/c/en/recurvirostridae","/c/en/bird","/c/en/caprimulgiformes"],"weight":0.20600000000000002},"num_concepts_raised":99},{"base_id":809,"kind":"top_words","i1":4,"i2":9,"sol":{"path":["/c/en/recurvirostridae","/c/en/bird","/c/en/glareolidae"],"weight":0.20600000000000002},"num_concepts_raised":89},{"base_id":809,"kind":"top_words","i1":5,"i2":6,"sol":{"path":["/c/en/corvidae","/c/en/bird","/c/en/psittacidae"],"weight":0.20600000000000002},"num_concepts_raised":146},{"base_id":809,"kind":"top_words","i1":5,"i2":7,"sol":{"path":["/c/en/corvidae","/c/en/bird","/c/en/charadriiform","/c/en/charadriiformes"],"weight":0.2140799999999996},"num_concepts_raised":5345},{"base_id":809,"kind":"top_words","i1":5,"i2":8,"sol":{"path":["/c/en/corvidae","/c/en/bird","/c/en/caprimulgiformes"],"weight":0.20600000000000002},"num_concepts_raised":137},{"base_id":809,"kind":"top_words","i1":5,"i2":9,"sol":{"path":["/c/en/corvidae","/c/en/bird","/c/en/glareolidae"],"weight":0.20600000000000002},"num_concepts_raised":127},{"base_id":809,"kind":"top_words","i1":6,"i2":7,"sol":{"path":["/c/en/psittacidae","/c/en/bird","/c/en/charadriiform","/c/en/charadriiformes"],"weight":0.2138099999999996},"num_concepts_raised":5352},{"base_id":809,"kind":"top_words","i1":6,"i2":8,"sol":{"path":["/c/en/psittacidae","/c/en/bird","/c/en/caprimulgiformes"],"weight":0.20600000000000002},"num_concepts_raised":121},{"base_id":809,"kind":"top_words","i1":6,"i2":9,"sol":{"path":["/c/en/psittacidae","/c/en/bird","/c/en/glareolidae"],"weight":0.20600000000000002},"num_concepts_raised":111},{"base_id":809,"kind":"top_words","i1":7,"i2":8,"sol":{"path":["/c/en/charadriiformes","/c/en/animal_order","/c/en/caprimulgiformes"],"weight":0.20600000000000002},"num_concepts_raised":122},{"base_id":809,"kind":"top_words","i1":7,"i2":9,"sol":{"path":["/c/en/charadriiformes","/c/en/charadriiform","/c/en/bird","/c/en/glareolidae"],"weight":0.2136199999999997},"num_concepts_raised":4779},{"base_id":809,"kind":"top_words","i1":8,"i2":9,"sol":{"path":["/c/en/caprimulgiformes","/c/en/bird","/c/en/glareolidae"],"weight":0.20600000000000002},"num_concepts_raised":102}]]