[[{"base_id":835,"kind":"bot_words","i1":0,"i2":1,"sol":{"path":["/c/en/logan","/c/en/usa","/c/en/slang","/c/en/ghosting"],"weight":0.20828999999999975},"num_concepts_raised":159933},{"base_id":835,"kind":"bot_words","i1":0,"i2":2,"sol":{"path":["/c/en/logan","/c/en/logan_county","/c/en/crook","/c/en/turn","/c/en/evert"],"weight":0.2050599999999998},"num_concepts_raised":128841},{"base_id":835,"kind":"bot_words","i1":0,"i2":3,"sol":{"path":["/c/en/logan","/c/en/yukon","/c/en/tlingit_language","/c/en/tlingit"],"weight":0.20838999999999971},"num_concepts_raised":132787},{"base_id":835,"kind":"bot_words","i1":0,"i2":4,"sol":{"path":["/c/en/logan","/c/en/us","/c/en/pack","/c/en/bale"],"weight":0.21068999999999943},"num_concepts_raised":155989},{"base_id":835,"kind":"bot_words","i1":0,"i2":5,"sol":{"path":["/c/en/logan","/c/en/rock","/c/en/water","/c/en/brine"],"weight":0.21333999999999964},"num_concepts_raised":147988},{"base_id":835,"kind":"bot_words","i1":0,"i2":6,"sol":{"path":["/c/en/logan","/c/fr/localités","/c/en/worth","/c/en/revaluation"],"weight":0.20311999999999975},"num_concepts_raised":129772},{"base_id":835,"kind":"bot_words","i1":0,"i2":7,"sol":{"path":["/c/en/logan","/c/en/stone","/c/en/wood","/c/en/arboreal"],"weight":0.20401999999999976},"num_concepts_raised":133055},{"base_id":835,"kind":"bot_words","i1":0,"i2":8,"sol":{"path":["/c/en/logan","/c/fr/localités","/c/en/sound","/c/en/sensation"],"weight":0.21514999999999876},"num_concepts_raised":161572},{"base_id":835,"kind":"bot_words","i1":0,"i2":9,"sol":{"path":["/c/en/logan","/c/en/logan_county","/c/en/napoleon","/c/en/fashion","/c/en/workability"],"weight":0.20511999999999986},"num_concepts_raised":130280},{"base_id":835,"kind":"bot_words","i1":1,"i2":2,"sol":{"path":["/c/en/ghosting","/c/en/slang","/c/en/starfish","/c/en/evert"],"weight":0.20781999999999978},"num_concepts_raised":38806},{"base_id":835,"kind":"bot_words","i1":1,"i2":3,"sol":{"path":["/c/en/ghosting","/c/en/computing","/c/en/language","/c/en/tlingit"],"weight":0.21315999999999968},"num_concepts_raised":42909},{"base_id":835,"kind":"bot_words","i1":1,"i2":4,"sol":{"path":["/c/en/ghosting","/c/en/slang","/c/en/bundle","/c/en/bale"],"weight":0.2177799999999994},"num_concepts_raised":65230},{"base_id":835,"kind":"bot_words","i1":1,"i2":5,"sol":{"path":["/c/en/ghosting","/c/en/slang","/c/en/salt","/c/en/brine"],"weight":0.21639999999999962},"num_concepts_raised":57637},{"base_id":835,"kind":"bot_words","i1":1,"i2":6,"sol":{"path":["/c/en/ghosting","/c/en/computing","/c/en/evaluation","/c/en/revaluation"],"weight":0.20797999999999972},"num_concepts_raised":39698},{"base_id":835,"kind":"bot_words","i1":1,"i2":7,"sol":{"path":["/c/en/ghosting","/c/en/slang","/c/en/wood","/c/en/arboreal"],"weight":0.2087599999999997},"num_concepts_raised":43087},{"base_id":835,"kind":"bot_words","i1":1,"i2":8,"sol":{"path":["/c/en/ghosting","/c/en/slang","/c/en/sound","/c/en/sensation"],"weight":0.22019999999999873},"num_concepts_raised":70652},{"base_id":835,"kind":"bot_words","i1":1,"i2":9,"sol":{"path":["/c/en/ghosting","/c/en/slang","/c/en/work","/c/en/workability"],"weight":0.20786999999999983},"num_concepts_raised":40169},{"base_id":835,"kind":"bot_words","i1":2,"i2":3,"sol":{"path":["/c/en/evert","/c/en/pocket","/c/en/region","/c/en/tlingit"],"weight":0.20792999999999973},"num_concepts_raised":10439},{"base_id":835,"kind":"bot_words","i1":2,"i2":4,"sol":{"path":["/c/en/evert","/c/en/pocket","/c/en/pack","/c/en/bale"],"weight":0.21035999999999946},"num_concepts_raised":34312},{"base_id":835,"kind":"bot_words","i1":2,"i2":5,"sol":{"path":["/c/en/evert","/c/en/starfish","/c/en/sea","/c/en/brine"],"weight":0.21100999999999967},"num_concepts_raised":25898},{"base_id":835,"kind":"bot_words","i1":2,"i2":6,"sol":{"path":["/c/en/evert","/c/en/pocket","/c/en/money","/c/en/value","/c/en/revaluation"],"weight":0.20290999999999978},"num_concepts_raised":7173},{"base_id":835,"kind":"bot_words","i1":2,"i2":7,"sol":{"path":["/c/en/evert","/c/en/inside_out","/c/en/stump","/c/en/tree","/c/en/arboreal"],"weight":0.20489999999999975},"num_concepts_raised":10678},{"base_id":835,"kind":"bot_words","i1":2,"i2":8,"sol":{"path":["/c/en/evert","/c/en/turn","/c/en/heat","/c/en/sensation"],"weight":0.21275999999999878},"num_concepts_raised":39344},{"base_id":835,"kind":"bot_words","i1":2,"i2":9,"sol":{"path":["/c/en/evert","/c/en/eversion","/c/en/position","/c/en/work","/c/en/workability"],"weight":0.2037099999999999},"num_concepts_raised":7679},{"base_id":835,"kind":"bot_words","i1":3,"i2":4,"sol":{"path":["/c/en/tlingit","/c/en/language","/c/en/bundle","/c/en/bale"],"weight":0.21778999999999935},"num_concepts_raised":38560},{"base_id":835,"kind":"bot_words","i1":3,"i2":5,"sol":{"path":["/c/en/tlingit","/c/en/region","/c/en/sea","/c/en/brine"],"weight":0.21626999999999957},"num_concepts_raised":30020},{"base_id":835,"kind":"bot_words","i1":3,"i2":6,"sol":{"path":["/c/en/tlingit","/c/en/indian","/c/en/how","/c/en/value","/c/en/revaluation"],"weight":0.2081699999999997},"num_concepts_raised":11348},{"base_id":835,"kind":"bot_words","i1":3,"i2":7,"sol":{"path":["/c/en/tlingit","/c/en/na_dene","/c/en/north_america","/c/en/new_world_porcupine","/c/en/arboreal"],"weight":0.21078999999999967},"num_concepts_raised":14833},{"base_id":835,"kind":"bot_words","i1":3,"i2":8,"sol":{"path":["/c/en/tlingit","/c/en/region","/c/en/color","/c/en/sensation"],"weight":0.21781999999999868},"num_concepts_raised":43573},{"base_id":835,"kind":"bot_words","i1":3,"i2":9,"sol":{"path":["/c/en/tlingit","/c/en/indian","/c/en/nonstandard","/c/ro/lucrabilitate","/c/en/workability"],"weight":0.2089699999999998},"num_concepts_raised":11868},{"base_id":835,"kind":"bot_words","i1":4,"i2":5,"sol":{"path":["/c/en/bale","/c/en/water","/c/en/brine"],"weight":0.20700000000000002},"num_concepts_raised":375},{"base_id":835,"kind":"bot_words","i1":4,"i2":6,"sol":{"path":["/c/en/bale","/c/en/mass","/c/en/value","/c/en/revaluation"],"weight":0.2102799999999994},"num_concepts_raised":35299},{"base_id":835,"kind":"bot_words","i1":4,"i2":7,"sol":{"path":["/c/en/bale","/c/en/water","/c/en/tree","/c/en/arboreal"],"weight":0.2123099999999994},"num_concepts_raised":38556},{"base_id":835,"kind":"bot_words","i1":4,"i2":8,"sol":{"path":["/c/en/bale","/c/en/bundle","/c/en/nerve","/c/en/sensation"],"weight":0.2224999999999984},"num_concepts_raised":66104},{"base_id":835,"kind":"bot_words","i1":4,"i2":9,"sol":{"path":["/c/en/bale","/c/en/form","/c/en/work","/c/en/workability"],"weight":0.21004999999999951},"num_concepts_raised":35724},{"base_id":835,"kind":"bot_words","i1":5,"i2":6,"sol":{"path":["/c/en/brine","/c/en/water","/c/en/heat","/c/en/value","/c/en/revaluation"],"weight":0.2131999999999996},"num_concepts_raised":26844},{"base_id":835,"kind":"bot_words","i1":5,"i2":7,"sol":{"path":["/c/en/brine","/c/en/water","/c/en/tree","/c/en/arboreal"],"weight":0.2150999999999996},"num_concepts_raised":30140},{"base_id":835,"kind":"bot_words","i1":5,"i2":8,"sol":{"path":["/c/en/brine","/c/en/salt","/c/en/taste","/c/en/sensation"],"weight":0.2236599999999986},"num_concepts_raised":58200},{"base_id":835,"kind":"bot_words","i1":5,"i2":9,"sol":{"path":["/c/en/brine","/c/en/company","/c/en/work","/c/en/workability"],"weight":0.21071999999999974},"num_concepts_raised":27285},{"base_id":835,"kind":"bot_words","i1":6,"i2":7,"sol":{"path":["/c/en/revaluation","/c/en/relative","/c/en/squirrel","/c/en/arboreal"],"weight":0.20361999999999972},"num_concepts_raised":11615},{"base_id":835,"kind":"bot_words","i1":6,"i2":8,"sol":{"path":["/c/en/revaluation","/c/en/value","/c/en/sense","/c/en/sensation"],"weight":0.21393999999999874},"num_concepts_raised":40333},{"base_id":835,"kind":"bot_words","i1":6,"i2":9,"sol":{"path":["/c/en/revaluation","/c/en/value","/c/en/money","/c/en/work","/c/en/workability"],"weight":0.20295999999999986},"num_concepts_raised":8604},{"base_id":835,"kind":"bot_words","i1":7,"i2":8,"sol":{"path":["/c/en/arboreal","/c/en/wood","/c/en/burn","/c/en/sensation"],"weight":0.21364999999999873},"num_concepts_raised":43683},{"base_id":835,"kind":"bot_words","i1":7,"i2":9,"sol":{"path":["/c/en/arboreal","/c/en/sloth","/c/en/work","/c/en/workability"],"weight":0.20349999999999982},"num_concepts_raised":12092},{"base_id":835,"kind":"bot_words","i1":8,"i2":9,"sol":{"path":["/c/en/sensation","/c/en/smell","/c/en/work","/c/en/workability"],"weight":0.21488999999999886},"num_concepts_raised":40752}],[{"base_id":835,"kind":"top_words","i1":0,"i2":1,"sol":{"path":["/c/en/bacteriophage","/c/en/virus","/c/fr/biologie","/c/fr/ovovivipare","/c/en/ovoviviparous"],"weight":0.20522999999999997},"num_concepts_raised":10320},{"base_id":835,"kind":"top_words","i1":0,"i2":2,"sol":{"path":["/c/en/bacteriophage","/c/fr/bactériophage","/c/fr/défectif","/c/en/grammar","/c/en/partitive"],"weight":0.2085099999999998},"num_concepts_raised":16694},{"base_id":835,"kind":"top_words","i1":0,"i2":3,"sol":{"path":["/c/en/bacteriophage","/c/en/virus","/c/en/alive","/c/en/viviparous"],"weight":0.2049399999999999},"num_concepts_raised":18644},{"base_id":835,"kind":"top_words","i1":0,"i2":4,"sol":{"path":["/c/en/bacteriophage","/c/en/virus","/c/en/live","/c/en/stay","/c/en/belive"],"weight":0.20548999999999984},"num_concepts_raised":14997},{"base_id":835,"kind":"top_words","i1":0,"i2":5,"sol":{"path":["/c/en/bacteriophage","/c/en/bacteria","/c/en/klebsiella"],"weight":0.20400000000000001},"num_concepts_raised":116},{"base_id":835,"kind":"top_words","i1":0,"i2":6,"sol":{"path":["/c/en/bacteriophage","/c/en/virus","/c/en/person","/c/en/sympathy","/c/en/sympathise"],"weight":0.20396999999999985},"num_concepts_raised":4231},{"base_id":835,"kind":"top_words","i1":0,"i2":7,"sol":{"path":["/c/en/bacteriophage","/c/en/virus","/c/en/germ","/c/en/very","/c/en/verily"],"weight":0.20479999999999976},"num_concepts_raised":5655},{"base_id":835,"kind":"top_words","i1":0,"i2":8,"sol":{"path":["/c/en/bacteriophage","/c/en/infect","/c/en/affect","/c/en/vinous"],"weight":0.20425999999999994},"num_concepts_raised":5143},{"base_id":835,"kind":"top_words","i1":0,"i2":9,"sol":{"path":["/c/en/bacteriophage","/c/en/virus","/c/en/person","/c/en/zeuxis"],"weight":0.2154899999999999},"num_concepts_raised":14606},{"base_id":835,"kind":"top_words","i1":1,"i2":2,"sol":{"path":["/c/en/ovoviviparous","/c/en/zoology","/c/en/connective","/c/en/grammar","/c/en/partitive"],"weight":0.20440999999999993},"num_concepts_raised":22331},{"base_id":835,"kind":"top_words","i1":1,"i2":3,"sol":{"path":["/c/en/ovoviviparous","/c/en/viviparous"],"weight":0.20400000000000001},"num_concepts_raised":76},{"base_id":835,"kind":"top_words","i1":1,"i2":4,"sol":{"path":["/c/en/ovoviviparous","/c/en/viviparous","/c/en/alive","/c/en/life","/c/en/belive"],"weight":0.20536},"num_concepts_raised":20650},{"base_id":835,"kind":"top_words","i1":1,"i2":5,"sol":{"path":["/c/en/ovoviviparous","/c/en/viviparous","/c/en/alive","/c/en/bacteria","/c/en/klebsiella"],"weight":0.20926},"num_concepts_raised":12562},{"base_id":835,"kind":"top_words","i1":1,"i2":6,"sol":{"path":["/c/en/ovoviviparous","/c/en/zoology","/c/en/finger","/c/en/feel","/c/en/sympathise"],"weight":0.20295999999999997},"num_concepts_raised":9883},{"base_id":835,"kind":"top_words","i1":1,"i2":7,"sol":{"path":["/c/en/ovoviviparous","/c/en/viviparous","/c/en/seed","/c/en/very","/c/en/verily"],"weight":0.2048199999999999},"num_concepts_raised":11302},{"base_id":835,"kind":"top_words","i1":1,"i2":8,"sol":{"path":["/c/en/ovoviviparous","/c/fr/ovovivipare","/c/fr/relation","/c/en/affect","/c/en/vinous"],"weight":0.20438000000000006},"num_concepts_raised":10801},{"base_id":835,"kind":"top_words","i1":1,"i2":9,"sol":{"path":["/c/en/ovoviviparous","/c/en/viviparous","/c/en/egg","/c/en/person","/c/en/zeuxis"],"weight":0.21556000000000003},"num_concepts_raised":20260},{"base_id":835,"kind":"top_words","i1":2,"i2":3,"sol":{"path":["/c/en/partitive","/c/en/part","/c/en/seed","/c/en/viviparous"],"weight":0.20413999999999988},"num_concepts_raised":30510},{"base_id":835,"kind":"top_words","i1":2,"i2":4,"sol":{"path":["/c/en/partitive","/c/en/pickle","/c/en/scotland","/c/en/belive"],"weight":0.20318999999999982},"num_concepts_raised":26779},{"base_id":835,"kind":"top_words","i1":2,"i2":5,"sol":{"path":["/c/en/partitive","/c/en/grammar","/c/en/distributive","/c/en/species","/c/en/klebsiella"],"weight":0.20941999999999983},"num_concepts_raised":19066},{"base_id":835,"kind":"top_words","i1":2,"i2":6,"sol":{"path":["/c/en/partitive","/c/en/grammar","/c/en/agree","/c/en/sympathize","/c/en/sympathise"],"weight":0.20420999999999984},"num_concepts_raised":16244},{"base_id":835,"kind":"top_words","i1":2,"i2":7,"sol":{"path":["/c/en/partitive","/c/en/part","/c/ur/کل","/c/en/verily"],"weight":0.20380999999999974},"num_concepts_raised":17578},{"base_id":835,"kind":"top_words","i1":2,"i2":8,"sol":{"path":["/c/en/partitive","/c/en/grammar","/c/en/british","/c/en/wine","/c/en/vinous"],"weight":0.20479999999999993},"num_concepts_raised":17138},{"base_id":835,"kind":"top_words","i1":2,"i2":9,"sol":{"path":["/c/en/partitive","/c/en/grammar","/c/en/person","/c/en/zeuxis"],"weight":0.21568999999999988},"num_concepts_raised":26404},{"base_id":835,"kind":"top_words","i1":3,"i2":4,"sol":{"path":["/c/en/viviparous","/c/en/seed","/c/en/life","/c/en/belive"],"weight":0.20515999999999995},"num_concepts_raised":28767},{"base_id":835,"kind":"top_words","i1":3,"i2":5,"sol":{"path":["/c/en/viviparous","/c/en/fish","/c/en/species","/c/en/klebsiella"],"weight":0.20899999999999994},"num_concepts_raised":20740},{"base_id":835,"kind":"top_words","i1":3,"i2":6,"sol":{"path":["/c/en/viviparous","/c/en/egg","/c/en/person","/c/en/sympathy","/c/en/sympathise"],"weight":0.20386999999999994},"num_concepts_raised":18209},{"base_id":835,"kind":"top_words","i1":3,"i2":7,"sol":{"path":["/c/en/viviparous","/c/en/seed","/c/en/very","/c/en/verily"],"weight":0.20462999999999987},"num_concepts_raised":19603},{"base_id":835,"kind":"top_words","i1":3,"i2":8,"sol":{"path":["/c/en/viviparous","/c/en/embryo","/c/en/abortion","/c/en/induce","/c/en/vinous"],"weight":0.20520000000000002},"num_concepts_raised":19120},{"base_id":835,"kind":"top_words","i1":3,"i2":9,"sol":{"path":["/c/en/viviparous","/c/en/egg","/c/en/person","/c/en/zeuxis"],"weight":0.21538999999999997},"num_concepts_raised":28447},{"base_id":835,"kind":"top_words","i1":4,"i2":5,"sol":{"path":["/c/en/belive","/c/en/stay","/c/en/stick","/c/en/rod","/c/en/klebsiella"],"weight":0.20950999999999986},"num_concepts_raised":17420},{"base_id":835,"kind":"top_words","i1":4,"i2":6,"sol":{"path":["/c/en/belive","/c/en/dialectal","/c/en/feel","/c/en/sympathise"],"weight":0.20297999999999988},"num_concepts_raised":14540},{"base_id":835,"kind":"top_words","i1":4,"i2":7,"sol":{"path":["/c/en/belive","/c/en/by","/c/en/very","/c/en/verily"],"weight":0.2037599999999998},"num_concepts_raised":15889},{"base_id":835,"kind":"top_words","i1":4,"i2":8,"sol":{"path":["/c/en/belive","/c/en/stay","/c/en/keep","/c/en/wine","/c/en/vinous"],"weight":0.20488999999999996},"num_concepts_raised":15443},{"base_id":835,"kind":"top_words","i1":4,"i2":9,"sol":{"path":["/c/en/belive","/c/en/life","/c/en/person","/c/en/zeuxis"],"weight":0.21561999999999992},"num_concepts_raised":24777},{"base_id":835,"kind":"top_words","i1":5,"i2":6,"sol":{"path":["/c/en/klebsiella","/c/en/bacteria","/c/en/slang","/c/en/feel","/c/en/sympathise"],"weight":0.20798999999999987},"num_concepts_raised":6693},{"base_id":835,"kind":"top_words","i1":5,"i2":7,"sol":{"path":["/c/en/klebsiella","/c/en/bacteria","/c/en/cell","/c/en/very","/c/en/verily"],"weight":0.2088399999999998},"num_concepts_raised":8102},{"base_id":835,"kind":"top_words","i1":5,"i2":8,"sol":{"path":["/c/en/klebsiella","/c/en/species","/c/en/christianity","/c/ar/روحاني","/c/en/vinous"],"weight":0.20939999999999998},"num_concepts_raised":7597},{"base_id":835,"kind":"top_words","i1":5,"i2":9,"sol":{"path":["/c/en/klebsiella","/c/en/species","/c/en/man","/c/en/person","/c/en/zeuxis"],"weight":0.21957999999999994},"num_concepts_raised":17023},{"base_id":835,"kind":"top_words","i1":6,"i2":7,"sol":{"path":["/c/en/sympathise","/c/en/feel","/c/en/way","/c/fr/vraiment","/c/en/verily"],"weight":0.2046599999999998},"num_concepts_raised":5197},{"base_id":835,"kind":"top_words","i1":6,"i2":8,"sol":{"path":["/c/en/sympathise","/c/en/feel","/c/en/affect","/c/en/vinous"],"weight":0.20309999999999995},"num_concepts_raised":4684},{"base_id":835,"kind":"top_words","i1":6,"i2":9,"sol":{"path":["/c/en/sympathise","/c/en/sympathy","/c/en/person","/c/en/zeuxis"],"weight":0.21427999999999991},"num_concepts_raised":14145},{"base_id":835,"kind":"top_words","i1":7,"i2":8,"sol":{"path":["/c/en/verily","/c/fr/vraiment","/c/fr/manière","/c/en/affect","/c/en/vinous"],"weight":0.2050999999999999},"num_concepts_raised":6118},{"base_id":835,"kind":"top_words","i1":7,"i2":9,"sol":{"path":["/c/en/verily","/c/da/sandelig","/c/en/truth","/c/en/person","/c/en/zeuxis"],"weight":0.21606999999999982},"num_concepts_raised":15511},{"base_id":835,"kind":"top_words","i1":8,"i2":9,"sol":{"path":["/c/en/vinous","/c/ar/روحاني","/c/en/alcoholic","/c/en/person","/c/en/zeuxis"],"weight":0.21573},"num_concepts_raised":15056}]]