[[{"base_id":881,"kind":"bot_words","i1":0,"i2":1,"sol":{"path":["/c/en/laminar","/c/en/smooth","/c/en/bland","/c/en/mingle"],"weight":0.20462999999999937},"num_concepts_raised":12876},{"base_id":881,"kind":"bot_words","i1":0,"i2":2,"sol":{"path":["/c/en/laminar","/c/en/delamination","/c/en/biology","/c/en/atavistic"],"weight":0.20337999999999998},"num_concepts_raised":12274},{"base_id":881,"kind":"bot_words","i1":0,"i2":3,"sol":{"path":["/c/en/laminar","/c/en/smooth","/c/en/glass","/c/en/wine","/c/en/viniculture"],"weight":0.20323999999999984},"num_concepts_raised":7653},{"base_id":881,"kind":"bot_words","i1":0,"i2":4,"sol":{"path":["/c/en/laminar","/c/en/smooth","/c/en/animal","/c/en/vore"],"weight":0.20288999999999985},"num_concepts_raised":26406},{"base_id":881,"kind":"bot_words","i1":0,"i2":5,"sol":{"path":["/c/en/laminar","/c/en/regular","/c/en/zoology","/c/no/steinbit","/c/en/wolffish"],"weight":0.20395999999999986},"num_concepts_raised":4162},{"base_id":881,"kind":"bot_words","i1":0,"i2":6,"sol":{"path":["/c/en/laminar","/c/en/smooth","/c/en/medicine","/c/zh/會診","/c/en/consultation"],"weight":0.2059799999999995},"num_concepts_raised":13183},{"base_id":881,"kind":"bot_words","i1":0,"i2":7,"sol":{"path":["/c/en/laminar","/c/en/lamina","/c/en/leaf","/c/en/phyllo"],"weight":0.20320999999999978},"num_concepts_raised":7300},{"base_id":881,"kind":"bot_words","i1":0,"i2":8,"sol":{"path":["/c/en/laminar","/c/en/smooth","/c/en/glass","/c/en/isinglass"],"weight":0.2031699999999998},"num_concepts_raised":12580},{"base_id":881,"kind":"bot_words","i1":0,"i2":9,"sol":{"path":["/c/en/laminar","/c/en/smooth","/c/en/animal","/c/en/human","/c/en/humanitarian"],"weight":0.20640999999999976},"num_concepts_raised":9419},{"base_id":881,"kind":"bot_words","i1":1,"i2":2,"sol":{"path":["/c/en/mingle","/c/fr/retourner","/c/fr/retour","/c/en/atavism","/c/en/atavistic"],"weight":0.20732999999999957},"num_concepts_raised":18188},{"base_id":881,"kind":"bot_words","i1":1,"i2":3,"sol":{"path":["/c/en/mingle","/c/en/mix","/c/en/cocktail","/c/en/wine","/c/en/viniculture"],"weight":0.20656999999999942},"num_concepts_raised":13522},{"base_id":881,"kind":"bot_words","i1":1,"i2":4,"sol":{"path":["/c/en/mingle","/c/en/ming","/c/en/slang","/c/en/vore"],"weight":0.20674999999999943},"num_concepts_raised":32164},{"base_id":881,"kind":"bot_words","i1":1,"i2":5,"sol":{"path":["/c/en/mingle","/c/en/ming","/c/en/slang","/c/en/catfish","/c/en/wolffish"],"weight":0.20592999999999945},"num_concepts_raised":10092},{"base_id":881,"kind":"bot_words","i1":1,"i2":6,"sol":{"path":["/c/en/mingle","/c/en/join","/c/en/meeting","/c/en/consultation"],"weight":0.20693999999999907},"num_concepts_raised":18960},{"base_id":881,"kind":"bot_words","i1":1,"i2":7,"sol":{"path":["/c/en/mingle","/c/en/mixture","/c/en/dough","/c/en/phyllo"],"weight":0.2050099999999994},"num_concepts_raised":13191},{"base_id":881,"kind":"bot_words","i1":1,"i2":8,"sol":{"path":["/c/en/mingle","/c/en/card","/c/en/fish","/c/en/isinglass"],"weight":0.2049399999999994},"num_concepts_raised":18431},{"base_id":881,"kind":"bot_words","i1":1,"i2":9,"sol":{"path":["/c/en/mingle","/c/en/intermix","/c/en/cross","/c/en/humanitarian"],"weight":0.20596999999999938},"num_concepts_raised":15253},{"base_id":881,"kind":"bot_words","i1":2,"i2":3,"sol":{"path":["/c/en/atavistic","/c/en/biology","/c/en/culture","/c/en/viticulture","/c/en/viniculture"],"weight":0.20497000000000004},"num_concepts_raised":12938},{"base_id":881,"kind":"bot_words","i1":2,"i2":4,"sol":{"path":["/c/en/atavistic","/c/en/atavism","/c/en/method","/c/en/slang","/c/en/vore"],"weight":0.20647000000000004},"num_concepts_raised":31640},{"base_id":881,"kind":"bot_words","i1":2,"i2":5,"sol":{"path":["/c/en/atavistic","/c/en/biology","/c/en/zoology","/c/no/steinbit","/c/en/wolffish"],"weight":0.20457000000000006},"num_concepts_raised":9434},{"base_id":881,"kind":"bot_words","i1":2,"i2":6,"sol":{"path":["/c/en/atavistic","/c/en/atavism","/c/en/style","/c/en/reference","/c/en/consultation"],"weight":0.20782999999999968},"num_concepts_raised":18468},{"base_id":881,"kind":"bot_words","i1":2,"i2":7,"sol":{"path":["/c/en/atavistic","/c/en/throwback","/c/en/pejorative","/c/en/pie","/c/en/phyllo"],"weight":0.20471},"num_concepts_raised":12584},{"base_id":881,"kind":"bot_words","i1":2,"i2":8,"sol":{"path":["/c/en/atavistic","/c/en/biology","/c/en/barbel","/c/en/sturgeon","/c/en/isinglass"],"weight":0.20476},"num_concepts_raised":17880},{"base_id":881,"kind":"bot_words","i1":2,"i2":9,"sol":{"path":["/c/en/atavistic","/c/en/biology","/c/en/cross","/c/en/humanitarian"],"weight":0.20476},"num_concepts_raised":14676},{"base_id":881,"kind":"bot_words","i1":3,"i2":4,"sol":{"path":["/c/en/viniculture","/c/en/grape","/c/en/slang","/c/en/vore"],"weight":0.20423999999999992},"num_concepts_raised":27079},{"base_id":881,"kind":"bot_words","i1":3,"i2":5,"sol":{"path":["/c/en/viniculture","/c/en/wine","/c/en/water","/c/en/catfish","/c/en/wolffish"],"weight":0.20347999999999994},"num_concepts_raised":4813},{"base_id":881,"kind":"bot_words","i1":3,"i2":6,"sol":{"path":["/c/en/viniculture","/c/en/trade","/c/en/exchange","/c/en/consultation"],"weight":0.20522999999999958},"num_concepts_raised":13737},{"base_id":881,"kind":"bot_words","i1":3,"i2":7,"sol":{"path":["/c/en/viniculture","/c/en/wine","/c/en/food","/c/en/baklava","/c/en/phyllo"],"weight":0.20461999999999986},"num_concepts_raised":7956},{"base_id":881,"kind":"bot_words","i1":3,"i2":8,"sol":{"path":["/c/en/viniculture","/c/en/wine","/c/en/isinglass"],"weight":0.202},"num_concepts_raised":87},{"base_id":881,"kind":"bot_words","i1":3,"i2":9,"sol":{"path":["/c/en/viniculture","/c/en/wine","/c/en/bar","/c/en/human","/c/en/humanitarian"],"weight":0.20674999999999985},"num_concepts_raised":10052},{"base_id":881,"kind":"bot_words","i1":4,"i2":5,"sol":{"path":["/c/en/vore","/c/en/slang","/c/en/catfish","/c/en/wolffish"],"weight":0.20411999999999994},"num_concepts_raised":23658},{"base_id":881,"kind":"bot_words","i1":4,"i2":6,"sol":{"path":["/c/en/vore","/c/en/animal","/c/en/doctor","/c/en/consultation"],"weight":0.20503999999999956},"num_concepts_raised":32517},{"base_id":881,"kind":"bot_words","i1":4,"i2":7,"sol":{"path":["/c/en/vore","/c/en/slang","/c/en/dough","/c/en/phyllo"],"weight":0.20420999999999986},"num_concepts_raised":26683},{"base_id":881,"kind":"bot_words","i1":4,"i2":8,"sol":{"path":["/c/en/vore","/c/en/slang","/c/en/fish","/c/en/isinglass"],"weight":0.2042699999999999},"num_concepts_raised":31733},{"base_id":881,"kind":"bot_words","i1":4,"i2":9,"sol":{"path":["/c/en/vore","/c/en/animal","/c/en/human","/c/en/humanitarian"],"weight":0.20651999999999987},"num_concepts_raised":28618},{"base_id":881,"kind":"bot_words","i1":5,"i2":6,"sol":{"path":["/c/en/wolffish","/c/en/catfish","/c/en/scale","/c/en/doctor","/c/en/consultation"],"weight":0.2052099999999996},"num_concepts_raised":10375},{"base_id":881,"kind":"bot_words","i1":5,"i2":7,"sol":{"path":["/c/en/wolffish","/c/en/catfish","/c/en/scale","/c/en/leaf","/c/en/phyllo"],"weight":0.20341999999999988},"num_concepts_raised":4471},{"base_id":881,"kind":"bot_words","i1":5,"i2":8,"sol":{"path":["/c/en/wolffish","/c/en/catfish","/c/en/fish","/c/en/isinglass"],"weight":0.2034699999999999},"num_concepts_raised":9735},{"base_id":881,"kind":"bot_words","i1":5,"i2":9,"sol":{"path":["/c/en/wolffish","/c/en/catfish","/c/en/mouth","/c/en/human","/c/en/humanitarian"],"weight":0.20656999999999986},"num_concepts_raised":6585},{"base_id":881,"kind":"bot_words","i1":6,"i2":7,"sol":{"path":["/c/en/consultation","/c/nl/samenspraak","/c/en/historical","/c/en/pie","/c/en/phyllo"],"weight":0.2062599999999995},"num_concepts_raised":13513},{"base_id":881,"kind":"bot_words","i1":6,"i2":8,"sol":{"path":["/c/en/consultation","/c/fr/consultation","/c/en/poll","/c/en/fish","/c/en/isinglass"],"weight":0.20753999999999956},"num_concepts_raised":18744},{"base_id":881,"kind":"bot_words","i1":6,"i2":9,"sol":{"path":["/c/en/consultation","/c/en/audience","/c/en/human","/c/en/humanitarian"],"weight":0.2085899999999995},"num_concepts_raised":15526},{"base_id":881,"kind":"bot_words","i1":7,"i2":8,"sol":{"path":["/c/en/phyllo","/c/en/baklava","/c/en/food","/c/en/fish","/c/en/isinglass"],"weight":0.20457999999999985},"num_concepts_raised":12896},{"base_id":881,"kind":"bot_words","i1":7,"i2":9,"sol":{"path":["/c/en/phyllo","/c/en/pastry","/c/en/persian","/c/en/human","/c/en/humanitarian"],"weight":0.20670999999999978},"num_concepts_raised":9734},{"base_id":881,"kind":"bot_words","i1":8,"i2":9,"sol":{"path":["/c/en/isinglass","/c/fa/کبد","/c/en/liver","/c/en/human","/c/en/humanitarian"],"weight":0.2076199999999998},"num_concepts_raised":14986}],[{"base_id":881,"kind":"top_words","i1":0,"i2":1,"sol":{"path":["/c/en/heidelberg","/c/en/town","/c/en/lutetia","/c/en/asteroid"],"weight":0.22421999999999967},"num_concepts_raised":33757},{"base_id":881,"kind":"top_words","i1":0,"i2":2,"sol":{"path":["/c/en/heidelberg","/c/en/city","/c/en/geography","/c/en/astronomy","/c/en/astronomer"],"weight":0.22267999999999988},"num_concepts_raised":17946},{"base_id":881,"kind":"top_words","i1":0,"i2":3,"sol":{"path":["/c/en/heidelberg","/c/en/city","/c/en/base","/c/en/chemistry","/c/en/chemist"],"weight":0.2246899999999996},"num_concepts_raised":31673},{"base_id":881,"kind":"top_words","i1":0,"i2":4,"sol":{"path":["/c/en/heidelberg","/c/en/city","/c/en/small","/c/en/bacteria","/c/en/streptomyces"],"weight":0.20901999999999948},"num_concepts_raised":10926},{"base_id":881,"kind":"top_words","i1":0,"i2":5,"sol":{"path":["/c/en/heidelberg","/c/en/city","/c/en/building","/c/en/observatory"],"weight":0.21643999999999997},"num_concepts_raised":10129},{"base_id":881,"kind":"top_words","i1":0,"i2":6,"sol":{"path":["/c/en/heidelberg","/c/en/city","/c/en/county_seat","/c/en/socorro"],"weight":0.2135699999999996},"num_concepts_raised":9130},{"base_id":881,"kind":"top_words","i1":0,"i2":7,"sol":{"path":["/c/en/heidelberg","/c/en/city","/c/en/group","/c/en/chemistry"],"weight":0.3370200000000897},"num_concepts_raised":250273},{"base_id":881,"kind":"top_words","i1":0,"i2":8,"sol":{"path":["/c/en/heidelberg","/c/en/town","/c/en/utah","/c/en/ut","/c/en/utc"],"weight":0.2094699999999997},"num_concepts_raised":6260},{"base_id":881,"kind":"top_words","i1":0,"i2":9,"sol":{"path":["/c/en/heidelberg","/c/en/city","/c/en/country","/c/en/land","/c/en/landfall"],"weight":0.2097699999999996},"num_concepts_raised":12298},{"base_id":881,"kind":"top_words","i1":1,"i2":2,"sol":{"path":["/c/en/asteroid","/c/en/astronomy","/c/en/astronomer"],"weight":0.21000000000000002},"num_concepts_raised":565},{"base_id":881,"kind":"top_words","i1":1,"i2":3,"sol":{"path":["/c/en/asteroid","/c/en/astronomy","/c/en/science","/c/en/chemist"],"weight":0.2304499999999999},"num_concepts_raised":53945},{"base_id":881,"kind":"top_words","i1":1,"i2":4,"sol":{"path":["/c/en/asteroid","/c/en/daphne","/c/en/genus","/c/en/streptomyces"],"weight":0.21897999999999976},"num_concepts_raised":33102},{"base_id":881,"kind":"top_words","i1":1,"i2":5,"sol":{"path":["/c/en/asteroid","/c/en/celestial_body","/c/en/observatory"],"weight":0.20900000000000002},"num_concepts_raised":469},{"base_id":881,"kind":"top_words","i1":1,"i2":6,"sol":{"path":["/c/en/asteroid","/c/en/victoria","/c/en/county_seat","/c/en/socorro"],"weight":0.2237799999999999},"num_concepts_raised":31535},{"base_id":881,"kind":"top_words","i1":1,"i2":7,"sol":{"path":["/c/en/asteroid","/c/en/astronomy","/c/en/physics","/c/en/chemistry"],"weight":0.3580700000000896},"num_concepts_raised":270675},{"base_id":881,"kind":"top_words","i1":1,"i2":8,"sol":{"path":["/c/en/asteroid","/c/en/astronomy","/c/en/epoch","/c/en/utc"],"weight":0.22082999999999997},"num_concepts_raised":28727},{"base_id":881,"kind":"top_words","i1":1,"i2":9,"sol":{"path":["/c/en/asteroid","/c/en/nysa","/c/en/land","/c/en/landfall"],"weight":0.2197499999999999},"num_concepts_raised":34649},{"base_id":881,"kind":"top_words","i1":2,"i2":3,"sol":{"path":["/c/en/astronomer","/c/en/scientist","/c/en/chemist"],"weight":0.20800000000000002},"num_concepts_raised":444},{"base_id":881,"kind":"top_words","i1":2,"i2":4,"sol":{"path":["/c/en/astronomer","/c/en/worker","/c/en/scab","/c/en/streptomyces"],"weight":0.21702999999999995},"num_concepts_raised":17458},{"base_id":881,"kind":"top_words","i1":2,"i2":5,"sol":{"path":["/c/en/astronomer","/c/en/astronomer_royal","/c/en/observatory"],"weight":0.20900000000000002},"num_concepts_raised":344},{"base_id":881,"kind":"top_words","i1":2,"i2":6,"sol":{"path":["/c/en/astronomer","/c/en/newton","/c/en/county_seat","/c/en/socorro"],"weight":0.2218400000000001},"num_concepts_raised":15904},{"base_id":881,"kind":"top_words","i1":2,"i2":7,"sol":{"path":["/c/en/astronomer","/c/en/astrochemist","/c/en/chemistry"],"weight":0.20800000000000002},"num_concepts_raised":11387},{"base_id":881,"kind":"top_words","i1":2,"i2":8,"sol":{"path":["/c/en/astronomer","/c/en/julian_day","/c/en/gmt","/c/en/utc"],"weight":0.2177400000000002},"num_concepts_raised":12827},{"base_id":881,"kind":"top_words","i1":2,"i2":9,"sol":{"path":["/c/en/astronomer","/c/en/astronomer_royal","/c/en/british","/c/en/hurricane","/c/en/landfall"],"weight":0.2188000000000001},"num_concepts_raised":18881},{"base_id":881,"kind":"top_words","i1":3,"i2":4,"sol":{"path":["/c/en/chemist","/c/en/pharmacy","/c/en/antibiotic","/c/en/streptomyces"],"weight":0.21542999999999968},"num_concepts_raised":31129},{"base_id":881,"kind":"top_words","i1":3,"i2":5,"sol":{"path":["/c/en/chemist","/c/en/worker","/c/en/observer","/c/en/observatory"],"weight":0.22023000000000023},"num_concepts_raised":30459},{"base_id":881,"kind":"top_words","i1":3,"i2":6,"sol":{"path":["/c/en/chemist","/c/en/chemistry","/c/en/bridge","/c/en/texas","/c/en/socorro"],"weight":0.22402999999999984},"num_concepts_raised":29674},{"base_id":881,"kind":"top_words","i1":3,"i2":7,"sol":{"path":["/c/en/chemist","/c/en/chemistry"],"weight":0.21200000000000002},"num_concepts_raised":11362},{"base_id":881,"kind":"top_words","i1":3,"i2":8,"sol":{"path":["/c/en/chemist","/c/en/british","/c/en/british_summer_time","/c/en/utc"],"weight":0.21219999999999994},"num_concepts_raised":26610},{"base_id":881,"kind":"top_words","i1":3,"i2":9,"sol":{"path":["/c/en/chemist","/c/en/british","/c/en/hurricane","/c/en/landfall"],"weight":0.21227999999999983},"num_concepts_raised":32611},{"base_id":881,"kind":"top_words","i1":4,"i2":5,"sol":{"path":["/c/en/streptomyces","/c/en/bacteria","/c/en/ground","/c/de/sternwarte","/c/en/observatory"],"weight":0.21341000000000007},"num_concepts_raised":9737},{"base_id":881,"kind":"top_words","i1":4,"i2":6,"sol":{"path":["/c/en/streptomyces","/c/en/bacteria","/c/en/slang","/c/en/usa","/c/en/socorro"],"weight":0.2084299999999997},"num_concepts_raised":8854},{"base_id":881,"kind":"top_words","i1":4,"i2":7,"sol":{"path":["/c/en/streptomyces","/c/en/soil","/c/en/organic","/c/en/chemistry"],"weight":0.33203000000008975},"num_concepts_raised":249220},{"base_id":881,"kind":"top_words","i1":4,"i2":8,"sol":{"path":["/c/en/streptomyces","/c/en/soil","/c/en/earth","/c/en/leap_second","/c/en/coordinated_universal_time","/c/en/utc"],"weight":0.21056999999999967},"num_concepts_raised":344177},{"base_id":881,"kind":"top_words","i1":4,"i2":9,"sol":{"path":["/c/en/streptomyces","/c/en/soil","/c/en/land","/c/en/landfall"],"weight":0.20439999999999967},"num_concepts_raised":11701},{"base_id":881,"kind":"top_words","i1":5,"i2":6,"sol":{"path":["/c/en/observatory","/c/fr/observatoire","/c/en/center","/c/en/county_seat","/c/en/socorro"],"weight":0.2224700000000002},"num_concepts_raised":8152},{"base_id":881,"kind":"top_words","i1":5,"i2":7,"sol":{"path":["/c/en/observatory","/c/en/building","/c/en/atom","/c/en/chemistry"],"weight":0.3426600000000901},"num_concepts_raised":248788},{"base_id":881,"kind":"top_words","i1":5,"i2":8,"sol":{"path":["/c/en/observatory","/c/de/observatorium","/c/en/astronomy","/c/en/epoch","/c/en/utc"],"weight":0.2130400000000003},"num_concepts_raised":5076},{"base_id":881,"kind":"top_words","i1":5,"i2":9,"sol":{"path":["/c/en/observatory","/c/en/observation","/c/en/sighting","/c/en/landfall"],"weight":0.2108400000000002},"num_concepts_raised":11127},{"base_id":881,"kind":"top_words","i1":6,"i2":7,"sol":{"path":["/c/en/socorro","/c/en/texas","/c/en/bridge","/c/en/chemistry"],"weight":0.33367000000008995},"num_concepts_raised":248550},{"base_id":881,"kind":"top_words","i1":6,"i2":8,"sol":{"path":["/c/en/socorro","/c/en/county_seat","/c/en/palestine","/c/en/palestinian_standard_time","/c/en/utc"],"weight":0.20789999999999992},"num_concepts_raised":4190},{"base_id":881,"kind":"top_words","i1":6,"i2":9,"sol":{"path":["/c/en/socorro","/c/en/new_mexico","/c/en/state","/c/en/land","/c/en/landfall"],"weight":0.20913999999999983},"num_concepts_raised":10306},{"base_id":881,"kind":"top_words","i1":7,"i2":8,"sol":{"path":["/c/en/chemistry","/c/en/polar","/c/en/universal_time","/c/en/utc"],"weight":0.32942000000009003},"num_concepts_raised":245492},{"base_id":881,"kind":"top_words","i1":7,"i2":9,"sol":{"path":["/c/en/chemistry","/c/en/course","/c/en/land","/c/en/landfall"],"weight":0.3318300000000899},"num_concepts_raised":250414},{"base_id":881,"kind":"top_words","i1":8,"i2":9,"sol":{"path":["/c/en/utc","/c/en/epoch","/c/en/pridoli","/c/en/land","/c/en/landfall"],"weight":0.2039899999999999},"num_concepts_raised":7243}]]