[[{"base_id":926,"kind":"bot_words","i1":0,"i2":1,"sol":{"path":["/c/en/roundup","/c/en/gathering","/c/en/band","/c/en/lattice","/c/en/trellis"],"weight":0.20525999999999958},"num_concepts_raised":15863},{"base_id":926,"kind":"bot_words","i1":0,"i2":2,"sol":{"path":["/c/en/roundup","/c/en/crime","/c/en/film","/c/en/membranous"],"weight":0.20347999999999972},"num_concepts_raised":11799},{"base_id":926,"kind":"bot_words","i1":0,"i2":3,"sol":{"path":["/c/en/roundup","/c/en/herd","/c/en/name","/c/en/middle"],"weight":0.21653999999999807},"num_concepts_raised":112336},{"base_id":926,"kind":"bot_words","i1":0,"i2":4,"sol":{"path":["/c/en/roundup","/c/en/bulletin","/c/en/official","/c/fr/collaborateur","/c/en/collaborator"],"weight":0.20695999999999964},"num_concepts_raised":10303},{"base_id":926,"kind":"bot_words","i1":0,"i2":5,"sol":{"path":["/c/en/roundup","/c/en/crime","/c/en/person","/c/en/livonian","/c/en/livonians"],"weight":0.21011999999999967},"num_concepts_raised":8629},{"base_id":926,"kind":"bot_words","i1":0,"i2":6,"sol":{"path":["/c/en/roundup","/c/en/crime","/c/en/punishment","/c/en/reprimand","/c/en/rebuke"],"weight":0.21268999999999877},"num_concepts_raised":19143},{"base_id":926,"kind":"bot_words","i1":0,"i2":7,"sol":{"path":["/c/en/roundup","/c/en/herd","/c/en/memory","/c/en/immutable","/c/en/immutability"],"weight":0.20415999999999973},"num_concepts_raised":9742},{"base_id":926,"kind":"bot_words","i1":0,"i2":8,"sol":{"path":["/c/en/roundup","/c/en/cattle","/c/en/generic","/c/en/deity","/c/en/quetzalcoatl"],"weight":0.20854999999999962},"num_concepts_raised":9655},{"base_id":926,"kind":"bot_words","i1":0,"i2":9,"sol":{"path":["/c/en/roundup","/c/en/vessel","/c/en/blood","/c/en/autolysis"],"weight":0.20331999999999972},"num_concepts_raised":25271},{"base_id":926,"kind":"bot_words","i1":1,"i2":2,"sol":{"path":["/c/en/trellis","/c/en/frame","/c/en/film","/c/en/membranous"],"weight":0.2041899999999997},"num_concepts_raised":12144},{"base_id":926,"kind":"bot_words","i1":1,"i2":3,"sol":{"path":["/c/en/trellis","/c/en/lattice","/c/en/point","/c/en/middle"],"weight":0.21895999999999807},"num_concepts_raised":112524},{"base_id":926,"kind":"bot_words","i1":1,"i2":4,"sol":{"path":["/c/en/trellis","/c/fr/treillis","/c/fr/travail","/c/fr/collaborateur","/c/en/collaborator"],"weight":0.2088099999999996},"num_concepts_raised":10651},{"base_id":926,"kind":"bot_words","i1":1,"i2":5,"sol":{"path":["/c/en/trellis","/c/en/train","/c/en/group","/c/en/ethnic_group","/c/en/livonians"],"weight":0.2088399999999997},"num_concepts_raised":8970},{"base_id":926,"kind":"bot_words","i1":1,"i2":6,"sol":{"path":["/c/en/trellis","/c/en/train","/c/ja/搾る","/c/en/rebuke"],"weight":0.20862999999999882},"num_concepts_raised":19505},{"base_id":926,"kind":"bot_words","i1":1,"i2":7,"sol":{"path":["/c/en/trellis","/c/en/train","/c/en/string","/c/en/immutable","/c/en/immutability"],"weight":0.2048599999999997},"num_concepts_raised":10074},{"base_id":926,"kind":"bot_words","i1":1,"i2":8,"sol":{"path":["/c/en/trellis","/c/en/vine","/c/en/internet_slang","/c/en/deity","/c/en/quetzalcoatl"],"weight":0.20931999999999962},"num_concepts_raised":9988},{"base_id":926,"kind":"bot_words","i1":1,"i2":9,"sol":{"path":["/c/en/trellis","/c/en/vine","/c/en/wine","/c/en/autolysis"],"weight":0.2041399999999997},"num_concepts_raised":25620},{"base_id":926,"kind":"bot_words","i1":2,"i2":3,"sol":{"path":["/c/en/membranous","/c/en/membrane","/c/en/part","/c/en/middle"],"weight":0.2181099999999982},"num_concepts_raised":109186},{"base_id":926,"kind":"bot_words","i1":2,"i2":4,"sol":{"path":["/c/en/membranous","/c/en/film","/c/en/friend","/c/en/partner","/c/en/collaborator"],"weight":0.20444999999999974},"num_concepts_raised":6528},{"base_id":926,"kind":"bot_words","i1":2,"i2":5,"sol":{"path":["/c/en/membranous","/c/en/film","/c/en/group","/c/en/ethnic_group","/c/en/livonians"],"weight":0.2083099999999998},"num_concepts_raised":4822},{"base_id":926,"kind":"bot_words","i1":2,"i2":6,"sol":{"path":["/c/en/membranous","/c/en/film","/c/it/riprendere","/c/en/reprimand","/c/en/rebuke"],"weight":0.2129799999999989},"num_concepts_raised":15448},{"base_id":926,"kind":"bot_words","i1":2,"i2":7,"sol":{"path":["/c/en/membranous","/c/en/membrane","/c/en/environment","/c/en/computer","/c/en/immutability"],"weight":0.20329999999999987},"num_concepts_raised":5954},{"base_id":926,"kind":"bot_words","i1":2,"i2":8,"sol":{"path":["/c/en/membranous","/c/en/film","/c/en/cut","/c/en/archaeology","/c/en/quetzalcoatl"],"weight":0.20874999999999977},"num_concepts_raised":5846},{"base_id":926,"kind":"bot_words","i1":2,"i2":9,"sol":{"path":["/c/en/membranous","/c/en/membrane","/c/en/cell","/c/en/autolysis"],"weight":0.20365999999999984},"num_concepts_raised":21467},{"base_id":926,"kind":"bot_words","i1":3,"i2":4,"sol":{"path":["/c/en/middle","/c/en/others","/c/en/collaborate","/c/en/collaborator"],"weight":0.21703999999999812},"num_concepts_raised":107813},{"base_id":926,"kind":"bot_words","i1":3,"i2":5,"sol":{"path":["/c/en/middle","/c/en/people","/c/en/ethnic_group","/c/en/livonians"],"weight":0.22040999999999816},"num_concepts_raised":106367},{"base_id":926,"kind":"bot_words","i1":3,"i2":6,"sol":{"path":["/c/en/middle","/c/en/school","/c/en/harsh","/c/en/rebuke"],"weight":0.22212999999999733},"num_concepts_raised":116026},{"base_id":926,"kind":"bot_words","i1":3,"i2":7,"sol":{"path":["/c/en/middle","/c/en/school","/c/en/computer","/c/en/immutability"],"weight":0.21632999999999822},"num_concepts_raised":107323},{"base_id":926,"kind":"bot_words","i1":3,"i2":8,"sol":{"path":["/c/en/middle","/c/en/center","/c/en/county_seat","/c/en/aztec","/c/en/quetzalcoatl"],"weight":0.2258899999999981},"num_concepts_raised":107303},{"base_id":926,"kind":"bot_words","i1":3,"i2":9,"sol":{"path":["/c/en/middle","/c/en/dead","/c/en/autolysis"],"weight":0.202},"num_concepts_raised":882},{"base_id":926,"kind":"bot_words","i1":4,"i2":5,"sol":{"path":["/c/en/collaborator","/c/en/partner","/c/en/person","/c/en/livonian","/c/en/livonians"],"weight":0.21102999999999972},"num_concepts_raised":3288},{"base_id":926,"kind":"bot_words","i1":4,"i2":6,"sol":{"path":["/c/en/collaborator","/c/fr/collaborateur","/c/fr/ours","/c/zh/熊","/c/en/rebuke"],"weight":0.21161999999999886},"num_concepts_raised":13934},{"base_id":926,"kind":"bot_words","i1":4,"i2":7,"sol":{"path":["/c/en/collaborator","/c/en/collaborate","/c/en/work","/c/en/computer","/c/en/immutability"],"weight":0.2048299999999998},"num_concepts_raised":4432},{"base_id":926,"kind":"bot_words","i1":4,"i2":8,"sol":{"path":["/c/en/collaborator","/c/en/partner","/c/en/cut","/c/en/archaeology","/c/en/quetzalcoatl"],"weight":0.20943999999999968},"num_concepts_raised":4318},{"base_id":926,"kind":"bot_words","i1":4,"i2":9,"sol":{"path":["/c/en/collaborator","/c/en/associate","/c/en/biology","/c/fi/autolyysi","/c/en/autolysis"],"weight":0.20611999999999975},"num_concepts_raised":20098},{"base_id":926,"kind":"bot_words","i1":5,"i2":6,"sol":{"path":["/c/en/livonians","/c/en/livonian","/c/en/person","/c/en/criticism","/c/en/rebuke"],"weight":0.21488999999999892},"num_concepts_raised":12253},{"base_id":926,"kind":"bot_words","i1":5,"i2":7,"sol":{"path":["/c/en/livonians","/c/en/livonian","/c/en/person","/c/en/computer","/c/en/immutability"],"weight":0.20991999999999983},"num_concepts_raised":2721},{"base_id":926,"kind":"bot_words","i1":5,"i2":8,"sol":{"path":["/c/en/livonians","/c/en/ethnic_group","/c/en/man","/c/en/archaeology","/c/en/quetzalcoatl"],"weight":0.21337999999999974},"num_concepts_raised":2599},{"base_id":926,"kind":"bot_words","i1":5,"i2":9,"sol":{"path":["/c/en/livonians","/c/en/livonian","/c/en/person","/c/en/cell","/c/en/autolysis"],"weight":0.21023999999999982},"num_concepts_raised":18407},{"base_id":926,"kind":"bot_words","i1":6,"i2":7,"sol":{"path":["/c/en/rebuke","/c/fr/apostrophe","/c/fr/informatique","/c/en/immutable","/c/en/immutability"],"weight":0.20973999999999896},"num_concepts_raised":13372},{"base_id":926,"kind":"bot_words","i1":6,"i2":8,"sol":{"path":["/c/en/rebuke","/c/en/scold","/c/en/woman","/c/en/aztec","/c/en/quetzalcoatl"],"weight":0.21504999999999885},"num_concepts_raised":13276},{"base_id":926,"kind":"bot_words","i1":6,"i2":9,"sol":{"path":["/c/en/rebuke","/c/en/reprimand","/c/en/punishment","/c/en/cell","/c/en/autolysis"],"weight":0.2127999999999989},"num_concepts_raised":28986},{"base_id":926,"kind":"bot_words","i1":7,"i2":8,"sol":{"path":["/c/en/immutability","/c/en/computer","/c/en/cut","/c/en/archaeology","/c/en/quetzalcoatl"],"weight":0.2083599999999998},"num_concepts_raised":3751},{"base_id":926,"kind":"bot_words","i1":7,"i2":9,"sol":{"path":["/c/en/immutability","/c/en/computer","/c/en/person","/c/en/cell","/c/en/autolysis"],"weight":0.20323999999999987},"num_concepts_raised":19531},{"base_id":926,"kind":"bot_words","i1":8,"i2":9,"sol":{"path":["/c/en/quetzalcoatl","/c/en/aztec","/c/en/human","/c/en/cell","/c/en/autolysis"],"weight":0.20867999999999975},"num_concepts_raised":19422}],[{"base_id":926,"kind":"top_words","i1":0,"i2":1,"sol":{"path":["/c/en/fir","/c/en/conifer","/c/en/spruce"],"weight":0.20800000000000002},"num_concepts_raised":527},{"base_id":926,"kind":"top_words","i1":0,"i2":2,"sol":{"path":["/c/en/fir","/c/en/conifer","/c/en/coniferous"],"weight":0.20600000000000002},"num_concepts_raised":339},{"base_id":926,"kind":"top_words","i1":0,"i2":3,"sol":{"path":["/c/en/fir","/c/en/conifer","/c/en/hemlock"],"weight":0.20500000000000002},"num_concepts_raised":399},{"base_id":926,"kind":"top_words","i1":0,"i2":4,"sol":{"path":["/c/en/fir","/c/en/conifer"],"weight":0.20600000000000002},"num_concepts_raised":555},{"base_id":926,"kind":"top_words","i1":0,"i2":5,"sol":{"path":["/c/en/fir","/c/en/wood","/c/en/slang","/c/en/prat"],"weight":0.2132599999999998},"num_concepts_raised":55703},{"base_id":926,"kind":"top_words","i1":0,"i2":6,"sol":{"path":["/c/en/fir","/c/en/conifer","/c/en/thuris","/c/en/frankincense"],"weight":0.22216000000000008},"num_concepts_raised":27334},{"base_id":926,"kind":"top_words","i1":0,"i2":7,"sol":{"path":["/c/en/fir","/c/en/wood","/c/en/hood","/c/en/ibility","/c/en/inadmissibility"],"weight":0.2130099999999999},"num_concepts_raised":26204},{"base_id":926,"kind":"top_words","i1":0,"i2":8,"sol":{"path":["/c/en/fir","/c/en/conifer","/c/en/redwood"],"weight":0.20500000000000002},"num_concepts_raised":316},{"base_id":926,"kind":"top_words","i1":0,"i2":9,"sol":{"path":["/c/en/fir","/c/en/tree","/c/en/birch"],"weight":0.20800000000000002},"num_concepts_raised":579},{"base_id":926,"kind":"top_words","i1":1,"i2":2,"sol":{"path":["/c/en/spruce","/c/en/coniferous"],"weight":0.20400000000000001},"num_concepts_raised":340},{"base_id":926,"kind":"top_words","i1":1,"i2":3,"sol":{"path":["/c/en/spruce","/c/en/conifer","/c/en/hemlock"],"weight":0.20500000000000002},"num_concepts_raised":399},{"base_id":926,"kind":"top_words","i1":1,"i2":4,"sol":{"path":["/c/en/spruce","/c/en/conifer"],"weight":0.20500000000000002},"num_concepts_raised":556},{"base_id":926,"kind":"top_words","i1":1,"i2":5,"sol":{"path":["/c/en/spruce","/c/de/schmuck","/c/en/pretty","/c/en/prat"],"weight":0.2139899999999999},"num_concepts_raised":42268},{"base_id":926,"kind":"top_words","i1":1,"i2":6,"sol":{"path":["/c/en/spruce","/c/en/conifer","/c/en/thuris","/c/en/frankincense"],"weight":0.22224000000000016},"num_concepts_raised":13659},{"base_id":926,"kind":"top_words","i1":1,"i2":7,"sol":{"path":["/c/en/spruce","/c/en/wood","/c/en/hood","/c/en/ibility","/c/en/inadmissibility"],"weight":0.21298},"num_concepts_raised":12508},{"base_id":926,"kind":"top_words","i1":1,"i2":8,"sol":{"path":["/c/en/spruce","/c/en/conifer","/c/en/redwood"],"weight":0.20500000000000002},"num_concepts_raised":317},{"base_id":926,"kind":"top_words","i1":1,"i2":9,"sol":{"path":["/c/en/spruce","/c/en/tree","/c/en/birch"],"weight":0.20800000000000002},"num_concepts_raised":581},{"base_id":926,"kind":"top_words","i1":2,"i2":3,"sol":{"path":["/c/en/coniferous","/c/en/hemlock"],"weight":0.202},"num_concepts_raised":184},{"base_id":926,"kind":"top_words","i1":2,"i2":4,"sol":{"path":["/c/en/coniferous","/c/en/conifer"],"weight":0.20400000000000001},"num_concepts_raised":335},{"base_id":926,"kind":"top_words","i1":2,"i2":5,"sol":{"path":["/c/en/coniferous","/c/en/wellingtonia","/c/en/uk","/c/en/prat"],"weight":0.2034099999999997},"num_concepts_raised":41053},{"base_id":926,"kind":"top_words","i1":2,"i2":6,"sol":{"path":["/c/en/coniferous","/c/en/conifer","/c/en/thuris","/c/en/frankincense"],"weight":0.21176999999999999},"num_concepts_raised":11887},{"base_id":926,"kind":"top_words","i1":2,"i2":7,"sol":{"path":["/c/en/coniferous","/c/en/pine","/c/ja/松","/c/fr/premier","/c/fr/inadmissibilité","/c/en/inadmissibility"],"weight":0.21281059999999968},"num_concepts_raised":271859},{"base_id":926,"kind":"top_words","i1":2,"i2":8,"sol":{"path":["/c/en/coniferous","/c/en/conifer","/c/en/redwood"],"weight":0.203},"num_concepts_raised":101},{"base_id":926,"kind":"top_words","i1":2,"i2":9,"sol":{"path":["/c/en/coniferous","/c/fr/botanique","/c/en/birch"],"weight":0.20400000000000001},"num_concepts_raised":366},{"base_id":926,"kind":"top_words","i1":3,"i2":4,"sol":{"path":["/c/en/hemlock","/c/en/conifer"],"weight":0.202},"num_concepts_raised":409},{"base_id":926,"kind":"top_words","i1":3,"i2":5,"sol":{"path":["/c/en/hemlock","/c/en/plant","/c/en/slang","/c/en/prat"],"weight":0.20455999999999963},"num_concepts_raised":44750},{"base_id":926,"kind":"top_words","i1":3,"i2":6,"sol":{"path":["/c/en/hemlock","/c/en/plant","/c/en/gum","/c/en/frankincense"],"weight":0.21151999999999993},"num_concepts_raised":16020},{"base_id":926,"kind":"top_words","i1":3,"i2":7,"sol":{"path":["/c/en/hemlock","/c/en/plant","/c/en/hood","/c/en/ibility","/c/en/inadmissibility"],"weight":0.2043599999999997},"num_concepts_raised":14886},{"base_id":926,"kind":"top_words","i1":3,"i2":8,"sol":{"path":["/c/en/hemlock","/c/en/conifer","/c/en/redwood"],"weight":0.202},"num_concepts_raised":161},{"base_id":926,"kind":"top_words","i1":3,"i2":9,"sol":{"path":["/c/en/hemlock","/c/en/tree","/c/en/birch"],"weight":0.20600000000000002},"num_concepts_raised":423},{"base_id":926,"kind":"top_words","i1":4,"i2":5,"sol":{"path":["/c/en/conifer","/c/en/cone","/c/en/slang","/c/en/prat"],"weight":0.20906999999999926},"num_concepts_raised":61680},{"base_id":926,"kind":"top_words","i1":4,"i2":6,"sol":{"path":["/c/en/conifer","/c/en/thuris","/c/en/frankincense"],"weight":0.20400000000000001},"num_concepts_raised":392},{"base_id":926,"kind":"top_words","i1":4,"i2":7,"sol":{"path":["/c/en/conifer","/c/en/plant","/c/en/hood","/c/en/ibility","/c/en/inadmissibility"],"weight":0.20700999999999936},"num_concepts_raised":31819},{"base_id":926,"kind":"top_words","i1":4,"i2":8,"sol":{"path":["/c/en/conifer","/c/en/redwood"],"weight":0.202},"num_concepts_raised":328},{"base_id":926,"kind":"top_words","i1":4,"i2":9,"sol":{"path":["/c/en/conifer","/c/en/tree","/c/en/birch"],"weight":0.20600000000000002},"num_concepts_raised":592},{"base_id":926,"kind":"top_words","i1":5,"i2":6,"sol":{"path":["/c/en/prat","/c/en/pretty","/c/en/good","/c/en/incense","/c/en/frankincense"],"weight":0.21187000000000006},"num_concepts_raised":32207},{"base_id":926,"kind":"top_words","i1":5,"i2":7,"sol":{"path":["/c/en/prat","/c/en/uk","/c/en/quality","/c/en/admissibility","/c/en/inadmissibility"],"weight":0.20516999999999988},"num_concepts_raised":31065},{"base_id":926,"kind":"top_words","i1":5,"i2":8,"sol":{"path":["/c/en/prat","/c/en/slang","/c/en/red","/c/en/redwood"],"weight":0.20344999999999988},"num_concepts_raised":46564},{"base_id":926,"kind":"top_words","i1":5,"i2":9,"sol":{"path":["/c/en/prat","/c/en/slang","/c/en/wood","/c/en/birch"],"weight":0.21691999999999992},"num_concepts_raised":166665},{"base_id":926,"kind":"top_words","i1":6,"i2":7,"sol":{"path":["/c/en/frankincense","/c/fr/oliban","/c/fr/premier","/c/fr/inadmissibilité","/c/en/inadmissibility"],"weight":0.21223000000000014},"num_concepts_raised":1811},{"base_id":926,"kind":"top_words","i1":6,"i2":8,"sol":{"path":["/c/en/frankincense","/c/en/thuris","/c/en/conifer","/c/en/redwood"],"weight":0.21037000000000017},"num_concepts_raised":18328},{"base_id":926,"kind":"top_words","i1":6,"i2":9,"sol":{"path":["/c/en/frankincense","/c/en/gum","/c/en/plant","/c/en/birch"],"weight":0.22174000000000021},"num_concepts_raised":138379},{"base_id":926,"kind":"top_words","i1":7,"i2":8,"sol":{"path":["/c/en/inadmissibility","/c/en/inadmissible","/c/en/admission","/c/en/british","/c/en/redwood"],"weight":0.20521999999999996},"num_concepts_raised":17173},{"base_id":926,"kind":"top_words","i1":7,"i2":9,"sol":{"path":["/c/en/inadmissibility","/c/en/ibility","/c/en/hood","/c/en/wood","/c/en/birch"],"weight":0.21665},"num_concepts_raised":137250},{"base_id":926,"kind":"top_words","i1":8,"i2":9,"sol":{"path":["/c/en/redwood","/c/en/wood","/c/en/birch"],"weight":0.20500000000000002},"num_concepts_raised":341}]]