[[{"base_id":258,"kind":"bot_words","i1":0,"i2":1,"sol":{"path":["/c/en/followed","/c/en/follow","/c/en/come","/c/en/fall"],"weight":0.24045000000000444},"num_concepts_raised":169003},{"base_id":258,"kind":"bot_words","i1":0,"i2":2,"sol":{"path":["/c/en/followed","/c/en/culture","/c/en/botany","/c/en/vagina","/c/en/cervix"],"weight":0.21146999999999938},"num_concepts_raised":26472},{"base_id":258,"kind":"bot_words","i1":0,"i2":3,"sol":{"path":["/c/en/followed","/c/en/route","/c/en/historical","/c/en/borstal","/c/en/reformatory"],"weight":0.20510999999999974},"num_concepts_raised":5211},{"base_id":258,"kind":"bot_words","i1":0,"i2":4,"sol":{"path":["/c/en/followed","/c/en/follow","/c/en/be","/c/zh/敢當","/c/en/audaciously"],"weight":0.20371999999999985},"num_concepts_raised":4036},{"base_id":258,"kind":"bot_words","i1":0,"i2":5,"sol":{"path":["/c/en/followed","/c/en/culture","/c/en/music","/c/en/cantata"],"weight":0.2091599999999999},"num_concepts_raised":14976},{"base_id":258,"kind":"bot_words","i1":0,"i2":6,"sol":{"path":["/c/en/followed","/c/en/follow","/c/en/after","/c/en/a","/c/en/ette"],"weight":0.21112999999999982},"num_concepts_raised":16530},{"base_id":258,"kind":"bot_words","i1":0,"i2":7,"sol":{"path":["/c/en/followed","/c/en/follow","/c/en/chase","/c/en/hound","/c/en/talbot"],"weight":0.20903999999999978},"num_concepts_raised":18844},{"base_id":258,"kind":"bot_words","i1":0,"i2":8,"sol":{"path":["/c/en/followed","/c/en/follow","/c/en/action","/c/en/undo","/c/en/unfasten"],"weight":0.21281999999999968},"num_concepts_raised":11859},{"base_id":258,"kind":"bot_words","i1":0,"i2":9,"sol":{"path":["/c/en/followed","/c/en/culture","/c/en/town","/c/en/worthing"],"weight":0.2098999999999998},"num_concepts_raised":120412},{"base_id":258,"kind":"bot_words","i1":1,"i2":2,"sol":{"path":["/c/en/fall","/c/en/hang","/c/en/neck","/c/en/cervix"],"weight":0.246230000000004},"num_concepts_raised":187989},{"base_id":258,"kind":"bot_words","i1":1,"i2":3,"sol":{"path":["/c/en/fall","/c/en/spring","/c/en/prison","/c/en/reformatory"],"weight":0.23944000000000437},"num_concepts_raised":167741},{"base_id":258,"kind":"bot_words","i1":1,"i2":4,"sol":{"path":["/c/en/fall","/c/en/be","/c/zh/敢當","/c/en/audaciously"],"weight":0.23695000000000443},"num_concepts_raised":166766},{"base_id":258,"kind":"bot_words","i1":1,"i2":5,"sol":{"path":["/c/en/fall","/c/en/drop","/c/en/music","/c/en/cantata"],"weight":0.25331000000000437},"num_concepts_raised":176574},{"base_id":258,"kind":"bot_words","i1":1,"i2":6,"sol":{"path":["/c/en/fall","/c/en/falls","/c/en/river","/c/en/ette"],"weight":0.2500800000000044},"num_concepts_raised":177827},{"base_id":258,"kind":"bot_words","i1":1,"i2":7,"sol":{"path":["/c/en/fall","/c/ru/падение","/c/en/physics","/c/en/talbot"],"weight":0.24619000000000438},"num_concepts_raised":179720},{"base_id":258,"kind":"bot_words","i1":1,"i2":8,"sol":{"path":["/c/en/fall","/c/en/drop","/c/ja/外す","/c/en/unfasten"],"weight":0.25520000000000415},"num_concepts_raised":173114},{"base_id":258,"kind":"bot_words","i1":1,"i2":9,"sol":{"path":["/c/en/fall","/c/fr/chute","/c/fr/localités","/c/en/worthing"],"weight":0.2470700000000044},"num_concepts_raised":281818},{"base_id":258,"kind":"bot_words","i1":2,"i2":3,"sol":{"path":["/c/en/cervix","/c/en/vagina","/c/en/jigger","/c/en/prison","/c/en/reformatory"],"weight":0.21195999999999926},"num_concepts_raised":24822},{"base_id":258,"kind":"bot_words","i1":2,"i2":4,"sol":{"path":["/c/en/cervix","/c/en/anatomy","/c/en/gall","/c/en/brazen","/c/en/audaciously"],"weight":0.20977999999999936},"num_concepts_raised":23652},{"base_id":258,"kind":"bot_words","i1":2,"i2":5,"sol":{"path":["/c/en/cervix","/c/en/neck","/c/en/music","/c/en/cantata"],"weight":0.2161599999999994},"num_concepts_raised":34516},{"base_id":258,"kind":"bot_words","i1":2,"i2":6,"sol":{"path":["/c/en/cervix","/c/en/vagina","/c/en/mammal","/c/en/a","/c/en/ette"],"weight":0.2189199999999993},"num_concepts_raised":36087},{"base_id":258,"kind":"bot_words","i1":2,"i2":7,"sol":{"path":["/c/en/cervix","/c/en/anatomy","/c/en/lumen","/c/en/lumen_second","/c/en/talbot"],"weight":0.21706999999999926},"num_concepts_raised":38405},{"base_id":258,"kind":"bot_words","i1":2,"i2":8,"sol":{"path":["/c/en/cervix","/c/en/neck","/c/en/tie","/c/en/unfasten"],"weight":0.2162199999999992},"num_concepts_raised":31411},{"base_id":258,"kind":"bot_words","i1":2,"i2":9,"sol":{"path":["/c/en/cervix","/c/en/vagina","/c/en/cat","/c/en/town","/c/en/worthing"],"weight":0.2187799999999993},"num_concepts_raised":139978},{"base_id":258,"kind":"bot_words","i1":3,"i2":4,"sol":{"path":["/c/en/reformatory","/c/en/borstal","/c/en/ireland","/c/en/bold","/c/en/audacious","/c/en/audaciously"],"weight":0.21023479999999972},"num_concepts_raised":153932},{"base_id":258,"kind":"bot_words","i1":3,"i2":5,"sol":{"path":["/c/en/reformatory","/c/en/borstal","/c/en/historical","/c/en/aria","/c/en/cantata"],"weight":0.2114399999999998},"num_concepts_raised":13365},{"base_id":258,"kind":"bot_words","i1":3,"i2":6,"sol":{"path":["/c/en/reformatory","/c/en/atory","/c/en/noun","/c/en/ette"],"weight":0.20825999999999967},"num_concepts_raised":14908},{"base_id":258,"kind":"bot_words","i1":3,"i2":7,"sol":{"path":["/c/en/reformatory","/c/en/prison","/c/en/usa","/c/en/talbotton","/c/en/talbot"],"weight":0.21044999999999964},"num_concepts_raised":17226},{"base_id":258,"kind":"bot_words","i1":3,"i2":8,"sol":{"path":["/c/en/reformatory","/c/en/prison","/c/en/free","/c/fi/avata","/c/en/unfasten"],"weight":0.21202999999999955},"num_concepts_raised":10221},{"base_id":258,"kind":"bot_words","i1":3,"i2":9,"sol":{"path":["/c/en/reformatory","/c/en/schoolship","/c/en/school","/c/en/worthing"],"weight":0.20823999999999968},"num_concepts_raised":118754},{"base_id":258,"kind":"bot_words","i1":4,"i2":5,"sol":{"path":["/c/en/audaciously","/c/en/brazen","/c/en/brass","/c/en/music","/c/en/cantata"],"weight":0.20925999999999984},"num_concepts_raised":12196},{"base_id":258,"kind":"bot_words","i1":4,"i2":6,"sol":{"path":["/c/en/audaciously","/c/en/audacious","/c/en/software","/c/en/ess","/c/en/ette"],"weight":0.20804999999999974},"num_concepts_raised":13750},{"base_id":258,"kind":"bot_words","i1":4,"i2":7,"sol":{"path":["/c/en/audaciously","/c/en/brazen","/c/en/strong","/c/en/germanic","/c/en/talbot"],"weight":0.20793999999999974},"num_concepts_raised":16075},{"base_id":258,"kind":"bot_words","i1":4,"i2":8,"sol":{"path":["/c/en/audaciously","/c/en/brazen","/c/en/barefaced","/c/en/open","/c/en/unfasten"],"weight":0.20955999999999964},"num_concepts_raised":9058},{"base_id":258,"kind":"bot_words","i1":4,"i2":9,"sol":{"path":["/c/en/audaciously","/c/en/audacious","/c/en/stour","/c/en/england","/c/en/worthing"],"weight":0.20798999999999973},"num_concepts_raised":117616},{"base_id":258,"kind":"bot_words","i1":5,"i2":6,"sol":{"path":["/c/en/cantata","/c/en/music","/c/en/a","/c/en/ette"],"weight":0.2166199999999998},"num_concepts_raised":24619},{"base_id":258,"kind":"bot_words","i1":5,"i2":7,"sol":{"path":["/c/en/cantata","/c/en/music","/c/en/si","/c/en/talbot"],"weight":0.21447999999999978},"num_concepts_raised":26884},{"base_id":258,"kind":"bot_words","i1":5,"i2":8,"sol":{"path":["/c/en/cantata","/c/en/music","/c/en/open","/c/en/unfasten"],"weight":0.2160899999999997},"num_concepts_raised":19949},{"base_id":258,"kind":"bot_words","i1":5,"i2":9,"sol":{"path":["/c/en/cantata","/c/en/music","/c/en/school","/c/en/worthing"],"weight":0.21443999999999983},"num_concepts_raised":128483},{"base_id":258,"kind":"bot_words","i1":6,"i2":7,"sol":{"path":["/c/en/ette","/c/en/she","/c/en/car","/c/en/talbot"],"weight":0.2132199999999997},"num_concepts_raised":28461},{"base_id":258,"kind":"bot_words","i1":6,"i2":8,"sol":{"path":["/c/en/ette","/c/en/a","/c/ru/отстегнуть","/c/en/unfasten"],"weight":0.21665999999999958},"num_concepts_raised":21521},{"base_id":258,"kind":"bot_words","i1":6,"i2":9,"sol":{"path":["/c/en/ette","/c/en/a","/c/en/england","/c/en/worthing"],"weight":0.21530999999999972},"num_concepts_raised":129925},{"base_id":258,"kind":"bot_words","i1":7,"i2":8,"sol":{"path":["/c/en/talbot","/c/en/physics","/c/en/lift","/c/ja/解く","/c/en/unfasten"],"weight":0.21867999999999957},"num_concepts_raised":23826},{"base_id":258,"kind":"bot_words","i1":7,"i2":9,"sol":{"path":["/c/en/talbot","/c/en/port_talbot","/c/fr/ville","/c/en/worthing"],"weight":0.2131999999999997},"num_concepts_raised":132283},{"base_id":258,"kind":"bot_words","i1":8,"i2":9,"sol":{"path":["/c/en/unfasten","/c/en/loose","/c/fr/localités","/c/en/worthing"],"weight":0.21460999999999958},"num_concepts_raised":125403}],[{"base_id":258,"kind":"top_words","i1":0,"i2":1,"sol":{"path":["/c/en/republish","/c/en/law","/c/en/blue_sky_law","/c/en/securities"],"weight":0.20277999999999974},"num_concepts_raised":8416},{"base_id":258,"kind":"top_words","i1":0,"i2":2,"sol":{"path":["/c/en/republish","/c/en/law","/c/en/political_economy","/c/en/economist"],"weight":0.2115799999999996},"num_concepts_raised":25734},{"base_id":258,"kind":"top_words","i1":0,"i2":3,"sol":{"path":["/c/en/republish","/c/en/law","/c/en/bar","/c/it/lingotto","/c/en/bullion"],"weight":0.21073999999999965},"num_concepts_raised":17082},{"base_id":258,"kind":"top_words","i1":0,"i2":4,"sol":{"path":["/c/en/republish","/c/en/law","/c/en/mathematics","/c/en/analyst"],"weight":0.21018999999999982},"num_concepts_raised":24351},{"base_id":258,"kind":"top_words","i1":0,"i2":5,"sol":{"path":["/c/en/republish","/c/en/law","/c/en/property","/c/en/asset"],"weight":0.21381999999999915},"num_concepts_raised":58350},{"base_id":258,"kind":"top_words","i1":0,"i2":6,"sol":{"path":["/c/en/republish","/c/en/print","/c/en/printing","/c/en/bank","/c/en/citigroup"],"weight":0.2079699999999997},"num_concepts_raised":7027},{"base_id":258,"kind":"top_words","i1":0,"i2":7,"sol":{"path":["/c/en/republish","/c/en/print","/c/en/printing","/c/en/bank","/c/en/ubs"],"weight":0.2079599999999997},"num_concepts_raised":7510},{"base_id":258,"kind":"top_words","i1":0,"i2":8,"sol":{"path":["/c/en/republish","/c/en/law","/c/en/discovery","/c/en/columbus"],"weight":0.21091999999999966},"num_concepts_raised":140900},{"base_id":258,"kind":"top_words","i1":0,"i2":9,"sol":{"path":["/c/en/republish","/c/en/law","/c/en/diminutive","/c/en/ing"],"weight":0.21037999999999937},"num_concepts_raised":29210},{"base_id":258,"kind":"top_words","i1":1,"i2":2,"sol":{"path":["/c/en/securities","/c/en/bear","/c/en/person","/c/en/economist"],"weight":0.21149999999999958},"num_concepts_raised":23123},{"base_id":258,"kind":"top_words","i1":1,"i2":3,"sol":{"path":["/c/en/securities","/c/en/enfaced_paper","/c/en/silver","/c/en/bullion"],"weight":0.20855999999999963},"num_concepts_raised":14362},{"base_id":258,"kind":"top_words","i1":1,"i2":4,"sol":{"path":["/c/en/securities","/c/en/security","/c/en/worker","/c/en/mathematician","/c/en/analyst"],"weight":0.2101899999999998},"num_concepts_raised":21755},{"base_id":258,"kind":"top_words","i1":1,"i2":5,"sol":{"path":["/c/en/securities","/c/en/security","/c/en/asset"],"weight":0.20400000000000001},"num_concepts_raised":310},{"base_id":258,"kind":"top_words","i1":1,"i2":6,"sol":{"path":["/c/en/securities","/c/en/security","/c/en/bank","/c/en/citigroup"],"weight":0.20792999999999973},"num_concepts_raised":4283},{"base_id":258,"kind":"top_words","i1":1,"i2":7,"sol":{"path":["/c/en/securities","/c/en/security","/c/en/bank","/c/en/ubs"],"weight":0.20791999999999972},"num_concepts_raised":4769},{"base_id":258,"kind":"top_words","i1":1,"i2":8,"sol":{"path":["/c/en/securities","/c/en/bear","/c/en/slang","/c/en/columbus"],"weight":0.20873999999999968},"num_concepts_raised":138212},{"base_id":258,"kind":"top_words","i1":1,"i2":9,"sol":{"path":["/c/en/securities","/c/en/bear","/c/en/meadow","/c/en/ing"],"weight":0.21042999999999934},"num_concepts_raised":26585},{"base_id":258,"kind":"top_words","i1":2,"i2":3,"sol":{"path":["/c/en/economist","/c/en/person","/c/en/gold","/c/en/bullion"],"weight":0.21730999999999945},"num_concepts_raised":31665},{"base_id":258,"kind":"top_words","i1":2,"i2":4,"sol":{"path":["/c/en/economist","/c/en/expert","/c/en/analyst"],"weight":0.20600000000000002},"num_concepts_raised":369},{"base_id":258,"kind":"top_words","i1":2,"i2":5,"sol":{"path":["/c/en/economist","/c/en/economics","/c/zh/資產","/c/en/asset"],"weight":0.224189999999999},"num_concepts_raised":72058},{"base_id":258,"kind":"top_words","i1":2,"i2":6,"sol":{"path":["/c/en/economist","/c/en/john_law","/c/en/bank","/c/en/citigroup"],"weight":0.21659999999999957},"num_concepts_raised":21728},{"base_id":258,"kind":"top_words","i1":2,"i2":7,"sol":{"path":["/c/en/economist","/c/en/john_law","/c/en/bank","/c/en/ubs"],"weight":0.21658999999999956},"num_concepts_raised":22207},{"base_id":258,"kind":"top_words","i1":2,"i2":8,"sol":{"path":["/c/en/economist","/c/en/economy","/c/en/state","/c/en/columbus"],"weight":0.2197599999999995},"num_concepts_raised":155038},{"base_id":258,"kind":"top_words","i1":2,"i2":9,"sol":{"path":["/c/en/economist","/c/en/person","/c/en/age","/c/en/ing"],"weight":0.2191699999999992},"num_concepts_raised":43552},{"base_id":258,"kind":"top_words","i1":3,"i2":4,"sol":{"path":["/c/en/bullion","/c/en/assay","/c/en/analyze","/c/en/analyst"],"weight":0.21786999999999968},"num_concepts_raised":30281},{"base_id":258,"kind":"top_words","i1":3,"i2":5,"sol":{"path":["/c/en/bullion","/c/fr/finance","/c/en/liability","/c/en/asset"],"weight":0.21907999999999903},"num_concepts_raised":63734},{"base_id":258,"kind":"top_words","i1":3,"i2":6,"sol":{"path":["/c/en/bullion","/c/en/gold","/c/en/bank","/c/en/citigroup"],"weight":0.2137099999999996},"num_concepts_raised":12948},{"base_id":258,"kind":"top_words","i1":3,"i2":7,"sol":{"path":["/c/en/bullion","/c/en/gold","/c/en/bank","/c/en/ubs"],"weight":0.2136999999999996},"num_concepts_raised":13424},{"base_id":258,"kind":"top_words","i1":3,"i2":8,"sol":{"path":["/c/en/bullion","/c/en/sovereign","/c/en/state","/c/en/columbus"],"weight":0.21459999999999957},"num_concepts_raised":146544},{"base_id":258,"kind":"top_words","i1":3,"i2":9,"sol":{"path":["/c/en/bullion","/c/en/base","/c/en/belong","/c/en/ing"],"weight":0.21595999999999924},"num_concepts_raised":35039},{"base_id":258,"kind":"top_words","i1":4,"i2":5,"sol":{"path":["/c/en/analyst","/c/en/computing","/c/en/property","/c/en/asset"],"weight":0.22107999999999917},"num_concepts_raised":70096},{"base_id":258,"kind":"top_words","i1":4,"i2":6,"sol":{"path":["/c/en/analyst","/c/en/analyze","/c/en/check","/c/en/bank","/c/en/citigroup"],"weight":0.21725999999999973},"num_concepts_raised":20371},{"base_id":258,"kind":"top_words","i1":4,"i2":7,"sol":{"path":["/c/en/analyst","/c/en/analyze","/c/en/check","/c/en/bank","/c/en/ubs"],"weight":0.21724999999999975},"num_concepts_raised":20849},{"base_id":258,"kind":"top_words","i1":4,"i2":8,"sol":{"path":["/c/en/analyst","/c/en/mathematics","/c/en/state","/c/en/columbus"],"weight":0.21626999999999974},"num_concepts_raised":153823},{"base_id":258,"kind":"top_words","i1":4,"i2":9,"sol":{"path":["/c/en/analyst","/c/en/analysis","/c/en/derivative","/c/en/ing"],"weight":0.2177299999999994},"num_concepts_raised":42284},{"base_id":258,"kind":"top_words","i1":5,"i2":6,"sol":{"path":["/c/en/asset","/c/en/finance","/c/en/bank","/c/en/citigroup"],"weight":0.2167899999999991},"num_concepts_raised":54485},{"base_id":258,"kind":"top_words","i1":5,"i2":7,"sol":{"path":["/c/en/asset","/c/en/finance","/c/en/bank","/c/en/ubs"],"weight":0.2167799999999991},"num_concepts_raised":54931},{"base_id":258,"kind":"top_words","i1":5,"i2":8,"sol":{"path":["/c/en/asset","/c/en/slang","/c/en/columbus"],"weight":0.20600000000000002},"num_concepts_raised":373},{"base_id":258,"kind":"top_words","i1":5,"i2":9,"sol":{"path":["/c/en/asset","/c/en/derivative","/c/en/ing"],"weight":0.20600000000000002},"num_concepts_raised":498},{"base_id":258,"kind":"top_words","i1":6,"i2":7,"sol":{"path":["/c/en/citigroup","/c/en/bank","/c/en/ubs"],"weight":0.20600000000000002},"num_concepts_raised":80},{"base_id":258,"kind":"top_words","i1":6,"i2":8,"sol":{"path":["/c/en/citigroup","/c/en/bank","/c/en/capital","/c/en/columbus"],"weight":0.21393999999999963},"num_concepts_raised":136839},{"base_id":258,"kind":"top_words","i1":6,"i2":9,"sol":{"path":["/c/en/citigroup","/c/en/bank","/c/en/work","/c/en/ing"],"weight":0.2174999999999993},"num_concepts_raised":25213},{"base_id":258,"kind":"top_words","i1":7,"i2":8,"sol":{"path":["/c/en/ubs","/c/en/credit_card","/c/en/discover","/c/en/columbus"],"weight":0.21393999999999963},"num_concepts_raised":137305},{"base_id":258,"kind":"top_words","i1":7,"i2":9,"sol":{"path":["/c/en/ubs","/c/en/bank","/c/en/work","/c/en/ing"],"weight":0.21748999999999932},"num_concepts_raised":25689},{"base_id":258,"kind":"top_words","i1":8,"i2":9,"sol":{"path":["/c/en/columbus","/c/en/ohio","/c/en/kensington","/c/en/ing"],"weight":0.21841999999999928},"num_concepts_raised":158393}]]