[[{"base_id":675,"kind":"bot_words","i1":0,"i2":1,"sol":{"path":["/c/en/zeta","/c/en/state","/c/en/city","/c/en/urban"],"weight":0.2168999999999991},"num_concepts_raised":63444},{"base_id":675,"kind":"bot_words","i1":0,"i2":2,"sol":{"path":["/c/en/zeta","/c/en/physics","/c/en/chemistry","/c/en/bisphosphonate"],"weight":0.20904999999999985},"num_concepts_raised":53188},{"base_id":675,"kind":"bot_words","i1":0,"i2":3,"sol":{"path":["/c/en/zeta","/c/en/state","/c/en/city","/c/en/firozpur"],"weight":0.21398999999999982},"num_concepts_raised":26323},{"base_id":675,"kind":"bot_words","i1":0,"i2":4,"sol":{"path":["/c/en/zeta","/c/en/mathematics","/c/en/eliminate","/c/en/expel"],"weight":0.21915999999999886},"num_concepts_raised":46999},{"base_id":675,"kind":"bot_words","i1":0,"i2":5,"sol":{"path":["/c/en/zeta","/c/en/mathematics","/c/en/science","/c/en/medicine","/c/en/medicate"],"weight":0.21208999999999978},"num_concepts_raised":50931},{"base_id":675,"kind":"bot_words","i1":0,"i2":6,"sol":{"path":["/c/en/zeta","/c/en/epsilon","/c/en/computing","/c/en/skin","/c/en/mucocutaneous"],"weight":0.21174},"num_concepts_raised":26052},{"base_id":675,"kind":"bot_words","i1":0,"i2":7,"sol":{"path":["/c/en/zeta","/c/en/state","/c/en/attitude"],"weight":0.20900000000000002},"num_concepts_raised":543},{"base_id":675,"kind":"bot_words","i1":0,"i2":8,"sol":{"path":["/c/en/zeta","/c/en/mathematics","/c/en/wild","/c/en/tucupi","/c/en/manioc"],"weight":0.20940999999999987},"num_concepts_raised":23830},{"base_id":675,"kind":"bot_words","i1":0,"i2":9,"sol":{"path":["/c/en/zeta","/c/en/mathematics","/c/en/sign","/c/en/astrology","/c/en/starcraft"],"weight":0.2164799999999997},"num_concepts_raised":27756},{"base_id":675,"kind":"bot_words","i1":1,"i2":2,"sol":{"path":["/c/en/urban","/c/en/type","/c/en/medicine","/c/en/bisphosphonate"],"weight":0.2074099999999991},"num_concepts_raised":71796},{"base_id":675,"kind":"bot_words","i1":1,"i2":3,"sol":{"path":["/c/en/urban","/c/en/city","/c/en/firozpur"],"weight":0.20600000000000002},"num_concepts_raised":355},{"base_id":675,"kind":"bot_words","i1":1,"i2":4,"sol":{"path":["/c/en/urban","/c/en/country","/c/en/deport","/c/en/expel"],"weight":0.2188599999999981},"num_concepts_raised":64001},{"base_id":675,"kind":"bot_words","i1":1,"i2":5,"sol":{"path":["/c/en/urban","/c/en/type","/c/en/medicine","/c/en/medicate"],"weight":0.21029999999999904},"num_concepts_raised":68572},{"base_id":675,"kind":"bot_words","i1":1,"i2":6,"sol":{"path":["/c/en/urban","/c/en/place","/c/en/skin","/c/en/mucocutaneous"],"weight":0.20810999999999927},"num_concepts_raised":43743},{"base_id":675,"kind":"bot_words","i1":1,"i2":7,"sol":{"path":["/c/en/urban","/c/en/wanksta","/c/en/attitude"],"weight":0.20600000000000002},"num_concepts_raised":779},{"base_id":675,"kind":"bot_words","i1":1,"i2":8,"sol":{"path":["/c/en/urban","/c/en/wild","/c/en/tucupi","/c/en/manioc"],"weight":0.20759999999999912},"num_concepts_raised":41579},{"base_id":675,"kind":"bot_words","i1":1,"i2":9,"sol":{"path":["/c/en/urban","/c/en/street","/c/en/vehicle","/c/en/starcraft"],"weight":0.21278999999999895},"num_concepts_raised":45403},{"base_id":675,"kind":"bot_words","i1":2,"i2":3,"sol":{"path":["/c/en/bisphosphonate","/c/en/medicine","/c/en/local","/c/en/city","/c/en/firozpur"],"weight":0.20785999999999982},"num_concepts_raised":34095},{"base_id":675,"kind":"bot_words","i1":2,"i2":4,"sol":{"path":["/c/en/bisphosphonate","/c/en/medicine","/c/en/exclude","/c/en/expel"],"weight":0.21721999999999886},"num_concepts_raised":54705},{"base_id":675,"kind":"bot_words","i1":2,"i2":5,"sol":{"path":["/c/en/bisphosphonate","/c/en/medicine","/c/en/medicate"],"weight":0.20400000000000001},"num_concepts_raised":88},{"base_id":675,"kind":"bot_words","i1":2,"i2":6,"sol":{"path":["/c/en/bisphosphonate","/c/en/medicine","/c/en/neurocutaneous","/c/en/mucocutaneous"],"weight":0.20482},"num_concepts_raised":33577},{"base_id":675,"kind":"bot_words","i1":2,"i2":7,"sol":{"path":["/c/en/bisphosphonate","/c/en/medicine","/c/de/einstellung","/c/en/attitude"],"weight":0.21758999999999862},"num_concepts_raised":80292},{"base_id":675,"kind":"bot_words","i1":2,"i2":8,"sol":{"path":["/c/en/bisphosphonate","/c/en/medicine","/c/en/cassaripe","/c/en/cassava","/c/en/manioc"],"weight":0.20479999999999987},"num_concepts_raised":31478},{"base_id":675,"kind":"bot_words","i1":2,"i2":9,"sol":{"path":["/c/en/bisphosphonate","/c/en/medicine","/c/en/sign","/c/en/astrology","/c/en/starcraft"],"weight":0.21025999999999972},"num_concepts_raised":35467},{"base_id":675,"kind":"bot_words","i1":3,"i2":4,"sol":{"path":["/c/en/firozpur","/c/en/city","/c/en/bar","/c/en/banish","/c/en/expel"],"weight":0.22267999999999877},"num_concepts_raised":27065},{"base_id":675,"kind":"bot_words","i1":3,"i2":5,"sol":{"path":["/c/en/firozpur","/c/en/city","/c/en/local","/c/en/medicine","/c/en/medicate"],"weight":0.21077999999999975},"num_concepts_raised":30894},{"base_id":675,"kind":"bot_words","i1":3,"i2":6,"sol":{"path":["/c/en/firozpur","/c/en/city","/c/en/human","/c/en/skin","/c/en/mucocutaneous"],"weight":0.20844},"num_concepts_raised":5802},{"base_id":675,"kind":"bot_words","i1":3,"i2":7,"sol":{"path":["/c/en/firozpur","/c/en/city","/c/en/state","/c/en/attitude"],"weight":0.2246099999999986},"num_concepts_raised":52786},{"base_id":675,"kind":"bot_words","i1":3,"i2":8,"sol":{"path":["/c/en/firozpur","/c/en/city","/c/en/water","/c/ln/fufú","/c/fr/manioc","/c/en/manioc"],"weight":0.21522269999999943},"num_concepts_raised":265749},{"base_id":675,"kind":"bot_words","i1":3,"i2":9,"sol":{"path":["/c/en/firozpur","/c/en/city","/c/en/term","/c/en/astrology","/c/en/starcraft"],"weight":0.2151699999999997},"num_concepts_raised":7575},{"base_id":675,"kind":"bot_words","i1":4,"i2":5,"sol":{"path":["/c/en/expel","/c/en/exclude","/c/en/medicine","/c/en/medicate"],"weight":0.22011999999999876},"num_concepts_raised":51424},{"base_id":675,"kind":"bot_words","i1":4,"i2":6,"sol":{"path":["/c/en/expel","/c/en/outer","/c/en/skin","/c/en/mucocutaneous"],"weight":0.213369999999999},"num_concepts_raised":26664},{"base_id":675,"kind":"bot_words","i1":4,"i2":7,"sol":{"path":["/c/en/expel","/c/en/move","/c/en/position","/c/en/attitude"],"weight":0.2326799999999976},"num_concepts_raised":72114},{"base_id":675,"kind":"bot_words","i1":4,"i2":8,"sol":{"path":["/c/en/expel","/c/en/rout","/c/en/root","/c/en/cassava","/c/en/manioc"],"weight":0.21477999999999886},"num_concepts_raised":24512},{"base_id":675,"kind":"bot_words","i1":4,"i2":9,"sol":{"path":["/c/en/expel","/c/en/fire","/c/en/star","/c/en/starcraft"],"weight":0.2184999999999987},"num_concepts_raised":28397},{"base_id":675,"kind":"bot_words","i1":5,"i2":6,"sol":{"path":["/c/en/medicate","/c/en/medicine","/c/en/neurocutaneous","/c/en/mucocutaneous"],"weight":0.20771999999999996},"num_concepts_raised":30347},{"base_id":675,"kind":"bot_words","i1":5,"i2":7,"sol":{"path":["/c/en/medicate","/c/en/medicine","/c/de/einstellung","/c/en/attitude"],"weight":0.22048999999999858},"num_concepts_raised":76994},{"base_id":675,"kind":"bot_words","i1":5,"i2":8,"sol":{"path":["/c/en/medicate","/c/en/medicine","/c/en/cassaripe","/c/en/cassava","/c/en/manioc"],"weight":0.2076999999999998},"num_concepts_raised":28277},{"base_id":675,"kind":"bot_words","i1":5,"i2":9,"sol":{"path":["/c/en/medicate","/c/en/medicine","/c/en/sign","/c/en/astrology","/c/en/starcraft"],"weight":0.21317999999999965},"num_concepts_raised":32274},{"base_id":675,"kind":"bot_words","i1":6,"i2":7,"sol":{"path":["/c/en/mucocutaneous","/c/en/skin","/c/en/body","/c/en/attitude"],"weight":0.21813999999999878},"num_concepts_raised":52508},{"base_id":675,"kind":"bot_words","i1":6,"i2":8,"sol":{"path":["/c/en/mucocutaneous","/c/en/skin","/c/en/plant","/c/en/cassava","/c/en/manioc"],"weight":0.20541000000000004},"num_concepts_raised":3171},{"base_id":675,"kind":"bot_words","i1":6,"i2":9,"sol":{"path":["/c/en/mucocutaneous","/c/en/skin","/c/en/video_game","/c/en/starcraft"],"weight":0.2087599999999999},"num_concepts_raised":7218},{"base_id":675,"kind":"bot_words","i1":7,"i2":8,"sol":{"path":["/c/en/attitude","/c/fr/attitude","/c/fr/yaka","/c/fr/manioc","/c/en/manioc"],"weight":0.22472999999999863},"num_concepts_raised":50446},{"base_id":675,"kind":"bot_words","i1":7,"i2":9,"sol":{"path":["/c/en/attitude","/c/en/vehicle","/c/en/starcraft"],"weight":0.20800000000000002},"num_concepts_raised":512},{"base_id":675,"kind":"bot_words","i1":8,"i2":9,"sol":{"path":["/c/en/manioc","/c/fr/manioc","/c/fr/famille","/c/fr/ascendant","/c/en/astrology","/c/en/starcraft"],"weight":0.21813169999999946},"num_concepts_raised":316682}],[{"base_id":675,"kind":"top_words","i1":0,"i2":1,"sol":{"path":["/c/en/montana","/c/en/butte"],"weight":0.20500000000000002},"num_concepts_raised":316},{"base_id":675,"kind":"top_words","i1":0,"i2":2,"sol":{"path":["/c/en/montana","/c/en/yellowstone"],"weight":0.20600000000000002},"num_concepts_raised":300},{"base_id":675,"kind":"top_words","i1":0,"i2":3,"sol":{"path":["/c/en/montana","/c/en/state","/c/en/e","/c/en/d"],"weight":0.22295999999999905},"num_concepts_raised":57586},{"base_id":675,"kind":"top_words","i1":0,"i2":4,"sol":{"path":["/c/en/montana","/c/en/united_states","/c/en/max"],"weight":0.20900000000000002},"num_concepts_raised":346},{"base_id":675,"kind":"top_words","i1":0,"i2":5,"sol":{"path":["/c/en/montana","/c/en/state","/c/en/united_kingdom","/c/en/whitefish"],"weight":0.21950999999999932},"num_concepts_raised":39814},{"base_id":675,"kind":"top_words","i1":0,"i2":6,"sol":{"path":["/c/en/montana","/c/en/columbus","/c/en/slang","/c/en/r"],"weight":0.22338999999999948},"num_concepts_raised":65017},{"base_id":675,"kind":"top_words","i1":0,"i2":7,"sol":{"path":["/c/en/montana","/c/en/united_states","/c/en/idaho"],"weight":0.20800000000000002},"num_concepts_raised":553},{"base_id":675,"kind":"top_words","i1":0,"i2":8,"sol":{"path":["/c/en/montana","/c/en/helena"],"weight":0.20900000000000002},"num_concepts_raised":355},{"base_id":675,"kind":"top_words","i1":0,"i2":9,"sol":{"path":["/c/en/montana","/c/en/state","/c/en/order","/c/en/con","/c/en/conrad"],"weight":0.21374999999999944},"num_concepts_raised":24582},{"base_id":675,"kind":"top_words","i1":1,"i2":2,"sol":{"path":["/c/en/butte","/c/en/montana","/c/en/yellowstone"],"weight":0.203},"num_concepts_raised":63},{"base_id":675,"kind":"top_words","i1":1,"i2":3,"sol":{"path":["/c/en/butte","/c/en/us","/c/en/letter","/c/en/d"],"weight":0.21222999999999947},"num_concepts_raised":47019},{"base_id":675,"kind":"top_words","i1":1,"i2":4,"sol":{"path":["/c/en/butte","/c/en/nebraska","/c/en/united_states","/c/en/max"],"weight":0.21296999999999972},"num_concepts_raised":47728},{"base_id":675,"kind":"top_words","i1":1,"i2":5,"sol":{"path":["/c/en/butte","/c/en/us","/c/en/fin","/c/en/whitefish"],"weight":0.2086799999999997},"num_concepts_raised":28919},{"base_id":675,"kind":"top_words","i1":1,"i2":6,"sol":{"path":["/c/en/butte","/c/en/us","/c/en/letter","/c/en/r"],"weight":0.2148099999999999},"num_concepts_raised":53258},{"base_id":675,"kind":"top_words","i1":1,"i2":7,"sol":{"path":["/c/en/butte","/c/en/butte_county","/c/en/idaho"],"weight":0.20400000000000001},"num_concepts_raised":332},{"base_id":675,"kind":"top_words","i1":1,"i2":8,"sol":{"path":["/c/en/butte","/c/en/montana","/c/en/helena"],"weight":0.20500000000000002},"num_concepts_raised":122},{"base_id":675,"kind":"top_words","i1":1,"i2":9,"sol":{"path":["/c/en/butte","/c/en/hill","/c/en/congress","/c/en/con","/c/en/conrad"],"weight":0.20298999999999984},"num_concepts_raised":13365},{"base_id":675,"kind":"top_words","i1":2,"i2":3,"sol":{"path":["/c/en/yellowstone","/c/en/river","/c/en/e","/c/en/d"],"weight":0.21189999999999953},"num_concepts_raised":41064},{"base_id":675,"kind":"top_words","i1":2,"i2":4,"sol":{"path":["/c/en/yellowstone","/c/en/wyoming","/c/en/united_states","/c/en/max"],"weight":0.2138199999999998},"num_concepts_raised":42727},{"base_id":675,"kind":"top_words","i1":2,"i2":5,"sol":{"path":["/c/en/yellowstone","/c/en/river","/c/en/fish","/c/en/whitefish"],"weight":0.2087899999999998},"num_concepts_raised":22650},{"base_id":675,"kind":"top_words","i1":2,"i2":6,"sol":{"path":["/c/en/yellowstone","/c/en/locomotive","/c/en/slang","/c/en/r"],"weight":0.21447999999999995},"num_concepts_raised":48356},{"base_id":675,"kind":"top_words","i1":2,"i2":7,"sol":{"path":["/c/en/yellowstone","/c/en/idaho"],"weight":0.20500000000000002},"num_concepts_raised":316},{"base_id":675,"kind":"top_words","i1":2,"i2":8,"sol":{"path":["/c/en/yellowstone","/c/en/montana","/c/en/helena"],"weight":0.20600000000000002},"num_concepts_raised":108},{"base_id":675,"kind":"top_words","i1":2,"i2":9,"sol":{"path":["/c/en/yellowstone","/c/en/wyoming","/c/en/ship","/c/en/con","/c/en/conrad"],"weight":0.20373999999999992},"num_concepts_raised":7001},{"base_id":675,"kind":"top_words","i1":3,"i2":4,"sol":{"path":["/c/en/d","/c/en/snooker","/c/en/maximum","/c/en/max"],"weight":0.2279499999999994},"num_concepts_raised":69410},{"base_id":675,"kind":"top_words","i1":3,"i2":5,"sol":{"path":["/c/en/d","/c/en/person","/c/en/fish","/c/en/whitefish"],"weight":0.21572999999999937},"num_concepts_raised":50346},{"base_id":675,"kind":"top_words","i1":3,"i2":6,"sol":{"path":["/c/en/d","/c/en/r"],"weight":0.21000000000000002},"num_concepts_raised":326},{"base_id":675,"kind":"top_words","i1":3,"i2":7,"sol":{"path":["/c/en/d","/c/en/c","/c/en/bliss","/c/en/idaho"],"weight":0.22283999999999887},"num_concepts_raised":51595},{"base_id":675,"kind":"top_words","i1":3,"i2":8,"sol":{"path":["/c/en/d","/c/en/e","/c/en/state","/c/en/helena"],"weight":0.21785999999999933},"num_concepts_raised":44578},{"base_id":675,"kind":"top_words","i1":3,"i2":9,"sol":{"path":["/c/en/d","/c/en/c","/c/en/slang","/c/en/con","/c/en/conrad"],"weight":0.21404999999999952},"num_concepts_raised":34918},{"base_id":675,"kind":"top_words","i1":4,"i2":5,"sol":{"path":["/c/en/max","/c/en/slang","/c/en/cod","/c/en/whitefish"],"weight":0.22045999999999963},"num_concepts_raised":51947},{"base_id":675,"kind":"top_words","i1":4,"i2":6,"sol":{"path":["/c/en/max","/c/en/slang","/c/en/r"],"weight":0.21000000000000002},"num_concepts_raised":231},{"base_id":675,"kind":"top_words","i1":4,"i2":7,"sol":{"path":["/c/en/max","/c/en/united_states","/c/en/idaho"],"weight":0.20900000000000002},"num_concepts_raised":361},{"base_id":675,"kind":"top_words","i1":4,"i2":8,"sol":{"path":["/c/en/max","/c/en/united_states","/c/en/helena"],"weight":0.20800000000000002},"num_concepts_raised":152},{"base_id":675,"kind":"top_words","i1":4,"i2":9,"sol":{"path":["/c/en/max","/c/fr/prénom","/c/de/konrad","/c/en/conrad"],"weight":0.21352999999999978},"num_concepts_raised":36789},{"base_id":675,"kind":"top_words","i1":5,"i2":6,"sol":{"path":["/c/en/whitefish","/c/en/cod","/c/en/slang","/c/en/r"],"weight":0.2222899999999998},"num_concepts_raised":57592},{"base_id":675,"kind":"top_words","i1":5,"i2":7,"sol":{"path":["/c/en/whitefish","/c/en/fish","/c/en/salmon","/c/en/idaho"],"weight":0.21975999999999912},"num_concepts_raised":33484},{"base_id":675,"kind":"top_words","i1":5,"i2":8,"sol":{"path":["/c/en/whitefish","/c/en/united_kingdom","/c/en/state","/c/en/helena"],"weight":0.21441999999999958},"num_concepts_raised":26332},{"base_id":675,"kind":"top_words","i1":5,"i2":9,"sol":{"path":["/c/en/whitefish","/c/en/cod","/c/en/slang","/c/en/con","/c/en/conrad"],"weight":0.21051999999999976},"num_concepts_raised":16444},{"base_id":675,"kind":"top_words","i1":6,"i2":7,"sol":{"path":["/c/en/r","/c/en/are","/c/en/grace","/c/en/idaho"],"weight":0.22739999999999932},"num_concepts_raised":58893},{"base_id":675,"kind":"top_words","i1":6,"i2":8,"sol":{"path":["/c/en/r","/c/en/are","/c/en/being","/c/en/state","/c/en/helena"],"weight":0.22461999999999976},"num_concepts_raised":51846},{"base_id":675,"kind":"top_words","i1":6,"i2":9,"sol":{"path":["/c/en/r","/c/en/slang","/c/en/con","/c/en/conrad"],"weight":0.21436999999999992},"num_concepts_raised":42258},{"base_id":675,"kind":"top_words","i1":7,"i2":8,"sol":{"path":["/c/en/idaho","/c/en/united_states","/c/en/helena"],"weight":0.20700000000000002},"num_concepts_raised":375},{"base_id":675,"kind":"top_words","i1":7,"i2":9,"sol":{"path":["/c/en/idaho","/c/en/council","/c/en/con","/c/en/conrad"],"weight":0.21148999999999923},"num_concepts_raised":18152},{"base_id":675,"kind":"top_words","i1":8,"i2":9,"sol":{"path":["/c/en/helena","/c/en/united_states","/c/en/snake_oil","/c/en/con","/c/en/conrad"],"weight":0.20866999999999972},"num_concepts_raised":10756}]]