[[{"base_id":700,"kind":"bot_words","i1":0,"i2":1,"sol":{"path":["/c/en/peevish","/c/en/pue","/c/en/chirp","/c/en/bird","/c/en/tody"],"weight":0.2124099999999996},"num_concepts_raised":11295},{"base_id":700,"kind":"bot_words","i1":0,"i2":2,"sol":{"path":["/c/en/peevish","/c/en/cross","/c/en/red","/c/en/red_tide","/c/en/saxitoxin"],"weight":0.2092799999999997},"num_concepts_raised":8230},{"base_id":700,"kind":"bot_words","i1":0,"i2":3,"sol":{"path":["/c/en/peevish","/c/en/cross","/c/en/person","/c/en/slogan"],"weight":0.20679999999999973},"num_concepts_raised":31823},{"base_id":700,"kind":"bot_words","i1":0,"i2":4,"sol":{"path":["/c/en/peevish","/c/en/cross","/c/en/pectoral","/c/en/breast"],"weight":0.22458999999999846},"num_concepts_raised":47727},{"base_id":700,"kind":"bot_words","i1":0,"i2":5,"sol":{"path":["/c/en/peevish","/c/en/glad","/c/en/about","/c/en/layabout"],"weight":0.20453999999999958},"num_concepts_raised":12411},{"base_id":700,"kind":"bot_words","i1":0,"i2":6,"sol":{"path":["/c/en/peevish","/c/en/cross","/c/en/line","/c/en/hindi","/c/en/devanagari"],"weight":0.21313999999999958},"num_concepts_raised":7155},{"base_id":700,"kind":"bot_words","i1":0,"i2":7,"sol":{"path":["/c/en/peevish","/c/en/cross","/c/en/intermix"],"weight":0.202},"num_concepts_raised":148},{"base_id":700,"kind":"bot_words","i1":0,"i2":8,"sol":{"path":["/c/en/peevish","/c/en/teeny","/c/en/uk","/c/en/flake"],"weight":0.20696999999999938},"num_concepts_raised":56738},{"base_id":700,"kind":"bot_words","i1":0,"i2":9,"sol":{"path":["/c/en/peevish","/c/en/sour","/c/en/drink","/c/en/cups"],"weight":0.20941999999999958},"num_concepts_raised":17089},{"base_id":700,"kind":"bot_words","i1":1,"i2":2,"sol":{"path":["/c/en/tody","/c/en/bird","/c/en/animal","/c/en/mollusk","/c/en/saxitoxin"],"weight":0.2152999999999997},"num_concepts_raised":10154},{"base_id":700,"kind":"bot_words","i1":1,"i2":3,"sol":{"path":["/c/en/tody","/c/en/bird","/c/en/group","/c/en/slogan"],"weight":0.2127499999999998},"num_concepts_raised":33794},{"base_id":700,"kind":"bot_words","i1":1,"i2":4,"sol":{"path":["/c/en/tody","/c/en/bird","/c/en/tit","/c/en/breast"],"weight":0.23338999999999852},"num_concepts_raised":49562},{"base_id":700,"kind":"bot_words","i1":1,"i2":5,"sol":{"path":["/c/en/tody","/c/en/bird","/c/en/chicken","/c/en/lay","/c/en/layabout"],"weight":0.21184999999999965},"num_concepts_raised":14382},{"base_id":700,"kind":"bot_words","i1":1,"i2":6,"sol":{"path":["/c/en/tody","/c/pt/toda","/c/en/india","/c/en/hindi","/c/en/devanagari"],"weight":0.21714999999999962},"num_concepts_raised":9089},{"base_id":700,"kind":"bot_words","i1":1,"i2":7,"sol":{"path":["/c/en/tody","/c/en/bird","/c/en/feather","/c/en/blend","/c/en/intermix"],"weight":0.21020999999999973},"num_concepts_raised":9389},{"base_id":700,"kind":"bot_words","i1":1,"i2":8,"sol":{"path":["/c/en/tody","/c/en/bird","/c/en/uk","/c/en/flake"],"weight":0.21306999999999943},"num_concepts_raised":58541},{"base_id":700,"kind":"bot_words","i1":1,"i2":9,"sol":{"path":["/c/en/tody","/c/en/bird","/c/en/mousebird","/c/en/cup","/c/en/cups"],"weight":0.21760999999999964},"num_concepts_raised":19072},{"base_id":700,"kind":"bot_words","i1":2,"i2":3,"sol":{"path":["/c/en/saxitoxin","/c/en/toxin","/c/en/poison","/c/en/people","/c/en/slogan"],"weight":0.21060999999999985},"num_concepts_raised":30860},{"base_id":700,"kind":"bot_words","i1":2,"i2":4,"sol":{"path":["/c/en/saxitoxin","/c/en/mollusk","/c/en/animal","/c/en/chest","/c/en/breast"],"weight":0.23432999999999854},"num_concepts_raised":46801},{"base_id":700,"kind":"bot_words","i1":2,"i2":5,"sol":{"path":["/c/en/saxitoxin","/c/en/chemical_compound","/c/en/proscribed","/c/en/lay","/c/en/layabout"],"weight":0.20955999999999975},"num_concepts_raised":11326},{"base_id":700,"kind":"bot_words","i1":2,"i2":6,"sol":{"path":["/c/en/saxitoxin","/c/en/toxin","/c/en/smoke","/c/en/indian","/c/en/devanagari"],"weight":0.21491999999999972},"num_concepts_raised":6022},{"base_id":700,"kind":"bot_words","i1":2,"i2":7,"sol":{"path":["/c/en/saxitoxin","/c/en/red_tide","/c/en/red","/c/en/cross","/c/en/intermix"],"weight":0.2079199999999998},"num_concepts_raised":6321},{"base_id":700,"kind":"bot_words","i1":2,"i2":8,"sol":{"path":["/c/en/saxitoxin","/c/en/mollusk","/c/en/us","/c/en/chip","/c/en/flake"],"weight":0.21300999999999948},"num_concepts_raised":55921},{"base_id":700,"kind":"bot_words","i1":2,"i2":9,"sol":{"path":["/c/en/saxitoxin","/c/en/mollusk","/c/en/us","/c/en/cup","/c/en/cups"],"weight":0.2153499999999997},"num_concepts_raised":15988},{"base_id":700,"kind":"bot_words","i1":3,"i2":4,"sol":{"path":["/c/en/slogan","/c/en/person","/c/en/chest","/c/en/breast"],"weight":0.23185999999999862},"num_concepts_raised":69408},{"base_id":700,"kind":"bot_words","i1":3,"i2":5,"sol":{"path":["/c/en/slogan","/c/en/people","/c/en/lazy","/c/en/layabout"],"weight":0.20612999999999976},"num_concepts_raised":34882},{"base_id":700,"kind":"bot_words","i1":3,"i2":6,"sol":{"path":["/c/en/slogan","/c/es/lema","/c/fr/linguistique","/c/sa/देवनागरी","/c/en/devanagari"],"weight":0.21648999999999977},"num_concepts_raised":29743},{"base_id":700,"kind":"bot_words","i1":3,"i2":7,"sol":{"path":["/c/en/slogan","/c/en/person","/c/en/cross","/c/en/intermix"],"weight":0.20542999999999983},"num_concepts_raised":30018},{"base_id":700,"kind":"bot_words","i1":3,"i2":8,"sol":{"path":["/c/en/slogan","/c/en/people","/c/en/snow","/c/en/flake"],"weight":0.20833999999999955},"num_concepts_raised":77913},{"base_id":700,"kind":"bot_words","i1":3,"i2":9,"sol":{"path":["/c/en/slogan","/c/en/people","/c/en/drink","/c/en/cups"],"weight":0.21081999999999979},"num_concepts_raised":39337},{"base_id":700,"kind":"bot_words","i1":4,"i2":5,"sol":{"path":["/c/en/breast","/c/en/chicken","/c/en/lay","/c/en/layabout"],"weight":0.2269699999999985},"num_concepts_raised":50705},{"base_id":700,"kind":"bot_words","i1":4,"i2":6,"sol":{"path":["/c/en/breast","/c/fr/hampe","/c/fr/écriture","/c/fr/dévanagari","/c/en/devanagari"],"weight":0.2361899999999985},"num_concepts_raised":45706},{"base_id":700,"kind":"bot_words","i1":4,"i2":7,"sol":{"path":["/c/en/breast","/c/en/pectoral","/c/en/cross","/c/en/intermix"],"weight":0.2232299999999986},"num_concepts_raised":45921},{"base_id":700,"kind":"bot_words","i1":4,"i2":8,"sol":{"path":["/c/en/breast","/c/en/boob","/c/en/slang","/c/en/flake"],"weight":0.2318599999999983},"num_concepts_raised":92626},{"base_id":700,"kind":"bot_words","i1":4,"i2":9,"sol":{"path":["/c/en/breast","/c/en/cup","/c/en/cups"],"weight":0.20700000000000002},"num_concepts_raised":988},{"base_id":700,"kind":"bot_words","i1":5,"i2":6,"sol":{"path":["/c/en/layabout","/c/fr/faire","/c/fr/indienne","/c/fr/dévanagari","/c/en/devanagari"],"weight":0.21650999999999965},"num_concepts_raised":10249},{"base_id":700,"kind":"bot_words","i1":5,"i2":7,"sol":{"path":["/c/en/layabout","/c/en/lay","/c/en/go","/c/en/blend","/c/en/intermix"],"weight":0.20444999999999972},"num_concepts_raised":10542},{"base_id":700,"kind":"bot_words","i1":5,"i2":8,"sol":{"path":["/c/en/layabout","/c/en/lay","/c/en/chip","/c/en/flake"],"weight":0.20946999999999943},"num_concepts_raised":59711},{"base_id":700,"kind":"bot_words","i1":5,"i2":9,"sol":{"path":["/c/en/layabout","/c/en/lay","/c/en/form","/c/en/cup","/c/en/cups"],"weight":0.21188999999999963},"num_concepts_raised":20182},{"base_id":700,"kind":"bot_words","i1":6,"i2":7,"sol":{"path":["/c/en/devanagari","/c/en/hindi","/c/en/linguistics","/c/en/blend","/c/en/intermix"],"weight":0.2118199999999997},"num_concepts_raised":5244},{"base_id":700,"kind":"bot_words","i1":6,"i2":8,"sol":{"path":["/c/en/devanagari","/c/en/indian","/c/en/uk","/c/en/flake"],"weight":0.21261999999999942},"num_concepts_raised":54781},{"base_id":700,"kind":"bot_words","i1":6,"i2":9,"sol":{"path":["/c/en/devanagari","/c/en/script","/c/en/software","/c/en/cups"],"weight":0.21493999999999963},"num_concepts_raised":14980},{"base_id":700,"kind":"bot_words","i1":7,"i2":8,"sol":{"path":["/c/en/intermix","/c/en/blossom","/c/en/flower","/c/en/flake"],"weight":0.2055899999999995},"num_concepts_raised":54828},{"base_id":700,"kind":"bot_words","i1":7,"i2":9,"sol":{"path":["/c/en/intermix","/c/en/blossom","/c/en/bell","/c/en/cups"],"weight":0.20799999999999969},"num_concepts_raised":15231},{"base_id":700,"kind":"bot_words","i1":8,"i2":9,"sol":{"path":["/c/en/flake","/c/es/copa","/c/en/cup","/c/en/cups"],"weight":0.21406999999999937},"num_concepts_raised":63563}],[{"base_id":700,"kind":"top_words","i1":0,"i2":1,"sol":{"path":["/c/en/cub","/c/en/bear","/c/en/panda"],"weight":0.20400000000000001},"num_concepts_raised":379},{"base_id":700,"kind":"top_words","i1":0,"i2":2,"sol":{"path":["/c/en/cub","/c/en/scout"],"weight":0.20400000000000001},"num_concepts_raised":533},{"base_id":700,"kind":"top_words","i1":0,"i2":3,"sol":{"path":["/c/en/cub","/c/he/גור","/c/en/pup"],"weight":0.20400000000000001},"num_concepts_raised":354},{"base_id":700,"kind":"top_words","i1":0,"i2":4,"sol":{"path":["/c/en/cub","/c/en/lion","/c/en/lioness"],"weight":0.20600000000000002},"num_concepts_raised":353},{"base_id":700,"kind":"top_words","i1":0,"i2":5,"sol":{"path":["/c/en/cub","/c/en/lion","/c/en/zoo"],"weight":0.20600000000000002},"num_concepts_raised":578},{"base_id":700,"kind":"top_words","i1":0,"i2":6,"sol":{"path":["/c/en/cub","/c/en/lion","/c/en/europe","/c/en/russia","/c/en/mordovia"],"weight":0.21359999999999915},"num_concepts_raised":25949},{"base_id":700,"kind":"top_words","i1":0,"i2":7,"sol":{"path":["/c/en/cub","/c/en/bear","/c/en/grizzly"],"weight":0.20400000000000001},"num_concepts_raised":319},{"base_id":700,"kind":"top_words","i1":0,"i2":8,"sol":{"path":["/c/en/cub","/c/en/scout","/c/en/scouts"],"weight":0.20400000000000001},"num_concepts_raised":283},{"base_id":700,"kind":"top_words","i1":0,"i2":9,"sol":{"path":["/c/en/cub","/c/en/lion"],"weight":0.20700000000000002},"num_concepts_raised":851},{"base_id":700,"kind":"top_words","i1":1,"i2":2,"sol":{"path":["/c/en/panda","/c/en/uk","/c/en/shout","/c/en/scout"],"weight":0.21545999999999937},"num_concepts_raised":66783},{"base_id":700,"kind":"top_words","i1":1,"i2":3,"sol":{"path":["/c/en/panda","/c/en/animal","/c/en/pup"],"weight":0.202},"num_concepts_raised":246},{"base_id":700,"kind":"top_words","i1":1,"i2":4,"sol":{"path":["/c/en/panda","/c/en/animal","/c/en/lion","/c/en/lioness"],"weight":0.20953000000000035},"num_concepts_raised":20633},{"base_id":700,"kind":"top_words","i1":1,"i2":5,"sol":{"path":["/c/en/panda","/c/en/animal","/c/en/zoo"],"weight":0.20600000000000002},"num_concepts_raised":451},{"base_id":700,"kind":"top_words","i1":1,"i2":6,"sol":{"path":["/c/en/panda","/c/en/china","/c/en/republic","/c/en/mordovia"],"weight":0.21123000000000017},"num_concepts_raised":21542},{"base_id":700,"kind":"top_words","i1":1,"i2":7,"sol":{"path":["/c/en/panda","/c/en/bear","/c/en/grizzly"],"weight":0.20400000000000001},"num_concepts_raised":191},{"base_id":700,"kind":"top_words","i1":1,"i2":8,"sol":{"path":["/c/en/panda","/c/en/animal","/c/en/people","/c/en/scouts"],"weight":0.2052400000000001},"num_concepts_raised":29569},{"base_id":700,"kind":"top_words","i1":1,"i2":9,"sol":{"path":["/c/en/panda","/c/en/animal","/c/en/lion"],"weight":0.20600000000000002},"num_concepts_raised":733},{"base_id":700,"kind":"top_words","i1":2,"i2":3,"sol":{"path":["/c/en/scout","/c/en/person","/c/en/dog","/c/en/pup"],"weight":0.2152499999999989},"num_concepts_raised":70461},{"base_id":700,"kind":"top_words","i1":2,"i2":4,"sol":{"path":["/c/en/scout","/c/en/person","/c/en/lion","/c/en/lioness"],"weight":0.21558999999999937},"num_concepts_raised":49777},{"base_id":700,"kind":"top_words","i1":2,"i2":5,"sol":{"path":["/c/en/scout","/c/en/person","/c/en/zoo"],"weight":0.20600000000000002},"num_concepts_raised":608},{"base_id":700,"kind":"top_words","i1":2,"i2":6,"sol":{"path":["/c/en/scout","/c/en/historical","/c/en/russia","/c/en/mordovia"],"weight":0.21729999999999922},"num_concepts_raised":50626},{"base_id":700,"kind":"top_words","i1":2,"i2":7,"sol":{"path":["/c/en/scout","/c/en/person","/c/en/bear","/c/en/grizzly"],"weight":0.2131899999999991},"num_concepts_raised":63863},{"base_id":700,"kind":"top_words","i1":2,"i2":8,"sol":{"path":["/c/en/scout","/c/en/scouts"],"weight":0.20700000000000002},"num_concepts_raised":306},{"base_id":700,"kind":"top_words","i1":2,"i2":9,"sol":{"path":["/c/en/scout","/c/en/cub","/c/en/lion"],"weight":0.20700000000000002},"num_concepts_raised":888},{"base_id":700,"kind":"top_words","i1":3,"i2":4,"sol":{"path":["/c/en/pup","/c/en/whelp","/c/en/lion","/c/en/lioness"],"weight":0.21089999999999987},"num_concepts_raised":24602},{"base_id":700,"kind":"top_words","i1":3,"i2":5,"sol":{"path":["/c/en/pup","/c/en/animal","/c/en/zoo"],"weight":0.20600000000000002},"num_concepts_raised":445},{"base_id":700,"kind":"top_words","i1":3,"i2":6,"sol":{"path":["/c/en/pup","/c/en/dog","/c/en/people","/c/en/republic","/c/en/mordovia"],"weight":0.21278999999999967},"num_concepts_raised":25566},{"base_id":700,"kind":"top_words","i1":3,"i2":7,"sol":{"path":["/c/en/pup","/c/en/puppy","/c/en/big","/c/en/grizzly"],"weight":0.20889999999999956},"num_concepts_raised":39380},{"base_id":700,"kind":"top_words","i1":3,"i2":8,"sol":{"path":["/c/en/pup","/c/en/dog","/c/en/people","/c/en/scouts"],"weight":0.2066899999999996},"num_concepts_raised":33281},{"base_id":700,"kind":"top_words","i1":3,"i2":9,"sol":{"path":["/c/en/pup","/c/en/animal","/c/en/lion"],"weight":0.20600000000000002},"num_concepts_raised":727},{"base_id":700,"kind":"top_words","i1":4,"i2":5,"sol":{"path":["/c/en/lioness","/c/en/lion","/c/en/zoo"],"weight":0.20600000000000002},"num_concepts_raised":426},{"base_id":700,"kind":"top_words","i1":4,"i2":6,"sol":{"path":["/c/en/lioness","/c/en/lion","/c/en/europe","/c/en/russia","/c/en/mordovia"],"weight":0.21322000000000013},"num_concepts_raised":2945},{"base_id":700,"kind":"top_words","i1":4,"i2":7,"sol":{"path":["/c/en/lioness","/c/en/lion","/c/en/big","/c/en/grizzly"],"weight":0.2076800000000001},"num_concepts_raised":17798},{"base_id":700,"kind":"top_words","i1":4,"i2":8,"sol":{"path":["/c/en/lioness","/c/en/lion","/c/en/person","/c/en/scout","/c/en/scouts"],"weight":0.20919000000000007},"num_concepts_raised":11349},{"base_id":700,"kind":"top_words","i1":4,"i2":9,"sol":{"path":["/c/en/lioness","/c/en/lion"],"weight":0.20800000000000002},"num_concepts_raised":695},{"base_id":700,"kind":"top_words","i1":5,"i2":6,"sol":{"path":["/c/en/zoo","/c/en/people","/c/en/republic","/c/en/mordovia"],"weight":0.2202900000000002},"num_concepts_raised":79324},{"base_id":700,"kind":"top_words","i1":5,"i2":7,"sol":{"path":["/c/en/zoo","/c/en/bear","/c/en/grizzly"],"weight":0.20500000000000002},"num_concepts_raised":392},{"base_id":700,"kind":"top_words","i1":5,"i2":8,"sol":{"path":["/c/en/zoo","/c/en/people","/c/en/scouts"],"weight":0.20400000000000001},"num_concepts_raised":356},{"base_id":700,"kind":"top_words","i1":5,"i2":9,"sol":{"path":["/c/en/zoo","/c/en/lion"],"weight":0.20600000000000002},"num_concepts_raised":927},{"base_id":700,"kind":"top_words","i1":6,"i2":7,"sol":{"path":["/c/en/mordovia","/c/en/republic","/c/en/type","/c/en/grizzly"],"weight":0.20949999999999988},"num_concepts_raised":18728},{"base_id":700,"kind":"top_words","i1":6,"i2":8,"sol":{"path":["/c/en/mordovia","/c/en/republic","/c/en/people","/c/en/scouts"],"weight":0.2089399999999999},"num_concepts_raised":12274},{"base_id":700,"kind":"top_words","i1":6,"i2":9,"sol":{"path":["/c/en/mordovia","/c/en/administrative_region","/c/en/africa","/c/en/lion"],"weight":0.22930000000000075},"num_concepts_raised":51778},{"base_id":700,"kind":"top_words","i1":7,"i2":8,"sol":{"path":["/c/en/grizzly","/c/en/huge","/c/en/people","/c/en/scouts"],"weight":0.2034499999999998},"num_concepts_raised":26731},{"base_id":700,"kind":"top_words","i1":7,"i2":9,"sol":{"path":["/c/en/grizzly","/c/en/big","/c/en/lion"],"weight":0.20400000000000001},"num_concepts_raised":673},{"base_id":700,"kind":"top_words","i1":8,"i2":9,"sol":{"path":["/c/en/scouts","/c/en/people","/c/en/animal","/c/en/lion"],"weight":0.22581000000000068},"num_concepts_raised":59166}]]