[[{"base_id":521,"kind":"bot_words","i1":0,"i2":1,"sol":{"path":["/c/en/ezra","/c/en/esdras","/c/en/book","/c/en/city","/c/en/nashville"],"weight":0.21204999999999985},"num_concepts_raised":126248},{"base_id":521,"kind":"bot_words","i1":0,"i2":2,"sol":{"path":["/c/en/ezra","/c/fr/esdras","/c/fr/religion","/c/fr/maigre","/c/en/lean","/c/en/promethazine"],"weight":0.22402219999999953},"num_concepts_raised":304970},{"base_id":521,"kind":"bot_words","i1":0,"i2":3,"sol":{"path":["/c/en/ezra","/c/en/biblical","/c/en/mark","/c/en/check","/c/en/checked"],"weight":0.21030999999999983},"num_concepts_raised":7890},{"base_id":521,"kind":"bot_words","i1":0,"i2":4,"sol":{"path":["/c/en/ezra","/c/en/jewish","/c/en/people","/c/en/stupidity","/c/en/imbecility"],"weight":0.21089999999999984},"num_concepts_raised":3419},{"base_id":521,"kind":"bot_words","i1":0,"i2":5,"sol":{"path":["/c/en/ezra","/c/en/jewish","/c/en/people","/c/en/transport","/c/en/canard"],"weight":0.20967999999999992},"num_concepts_raised":10780},{"base_id":521,"kind":"bot_words","i1":0,"i2":6,"sol":{"path":["/c/en/ezra","/c/en/esdras","/c/en/book","/c/en/city","/c/en/rotterdam"],"weight":0.2177599999999998},"num_concepts_raised":6056},{"base_id":521,"kind":"bot_words","i1":0,"i2":7,"sol":{"path":["/c/en/ezra","/c/en/biblical","/c/en/power","/c/en/disease","/c/en/hypotension"],"weight":0.21563999999999994},"num_concepts_raised":12077},{"base_id":521,"kind":"bot_words","i1":0,"i2":8,"sol":{"path":["/c/en/ezra","/c/en/old_testament","/c/en/law","/c/en/mathematics","/c/en/diffeomorphism"],"weight":0.20914999999999995},"num_concepts_raised":11841},{"base_id":521,"kind":"bot_words","i1":0,"i2":9,"sol":{"path":["/c/en/ezra","/c/en/hebrew","/c/he/עבר","/c/en/across","/c/en/opposite"],"weight":0.22656999999999816},"num_concepts_raised":43316},{"base_id":521,"kind":"bot_words","i1":1,"i2":2,"sol":{"path":["/c/en/nashville","/c/en/tennessee","/c/en/united_states","/c/en/lean","/c/en/promethazine"],"weight":0.20981999999999978},"num_concepts_raised":130190},{"base_id":521,"kind":"bot_words","i1":1,"i2":3,"sol":{"path":["/c/en/nashville","/c/en/united_states_of_america","/c/en/north_america","/c/en/checked"],"weight":0.2034099999999998},"num_concepts_raised":129878},{"base_id":521,"kind":"bot_words","i1":1,"i2":4,"sol":{"path":["/c/en/nashville","/c/en/state","/c/ceb/kabuang","/c/en/imbecility"],"weight":0.20400999999999983},"num_concepts_raised":125547},{"base_id":521,"kind":"bot_words","i1":1,"i2":5,"sol":{"path":["/c/en/nashville","/c/en/city","/c/en/transport","/c/en/canard"],"weight":0.20390999999999987},"num_concepts_raised":132665},{"base_id":521,"kind":"bot_words","i1":1,"i2":6,"sol":{"path":["/c/en/nashville","/c/en/city","/c/en/rotterdam"],"weight":0.20400000000000001},"num_concepts_raised":144},{"base_id":521,"kind":"bot_words","i1":1,"i2":7,"sol":{"path":["/c/en/nashville","/c/en/state","/c/en/shock","/c/en/pathology","/c/en/hypotension"],"weight":0.21011999999999992},"num_concepts_raised":134169},{"base_id":521,"kind":"bot_words","i1":1,"i2":8,"sol":{"path":["/c/en/nashville","/c/en/state","/c/en/mathematics","/c/en/diffeomorphism"],"weight":0.2035099999999999},"num_concepts_raised":133874},{"base_id":521,"kind":"bot_words","i1":1,"i2":9,"sol":{"path":["/c/en/nashville","/c/en/state","/c/en/inverse","/c/en/opposite"],"weight":0.2193599999999981},"num_concepts_raised":164814},{"base_id":521,"kind":"bot_words","i1":2,"i2":3,"sol":{"path":["/c/en/promethazine","/c/en/drug","/c/en/crack","/c/en/check","/c/en/checked"],"weight":0.20915999999999974},"num_concepts_raised":11805},{"base_id":521,"kind":"bot_words","i1":2,"i2":4,"sol":{"path":["/c/en/promethazine","/c/en/drug","/c/en/illness","/c/la/imbecillitas","/c/en/imbecility"],"weight":0.20857999999999977},"num_concepts_raised":7354},{"base_id":521,"kind":"bot_words","i1":2,"i2":5,"sol":{"path":["/c/en/promethazine","/c/en/lean","/c/en/slang","/c/fr/canard","/c/en/canard"],"weight":0.2108199999999998},"num_concepts_raised":14693},{"base_id":521,"kind":"bot_words","i1":2,"i2":6,"sol":{"path":["/c/en/promethazine","/c/en/drug","/c/en/head","/c/en/netherlands","/c/en/rotterdam"],"weight":0.2141699999999997},"num_concepts_raised":9992},{"base_id":521,"kind":"bot_words","i1":2,"i2":7,"sol":{"path":["/c/en/promethazine","/c/en/drug","/c/en/hypotensive","/c/en/hypotension"],"weight":0.21852999999999984},"num_concepts_raised":15887},{"base_id":521,"kind":"bot_words","i1":2,"i2":8,"sol":{"path":["/c/en/promethazine","/c/en/receptor","/c/en/structure","/c/en/homeomorphism","/c/en/diffeomorphism"],"weight":0.20893999999999985},"num_concepts_raised":15765},{"base_id":521,"kind":"bot_words","i1":2,"i2":9,"sol":{"path":["/c/en/promethazine","/c/en/antagonist","/c/fa/ضد","/c/en/opposite"],"weight":0.22320999999999808},"num_concepts_raised":47144},{"base_id":521,"kind":"bot_words","i1":3,"i2":4,"sol":{"path":["/c/en/checked","/c/en/test","/c/en/intelligence","/c/en/stupidity","/c/en/imbecility"],"weight":0.20481999999999978},"num_concepts_raised":7152},{"base_id":521,"kind":"bot_words","i1":3,"i2":5,"sol":{"path":["/c/en/checked","/c/en/carry","/c/en/transport","/c/en/canard"],"weight":0.20359999999999984},"num_concepts_raised":14301},{"base_id":521,"kind":"bot_words","i1":3,"i2":6,"sol":{"path":["/c/en/checked","/c/en/check","/c/en/stop","/c/en/city","/c/en/rotterdam"],"weight":0.2102299999999997},"num_concepts_raised":9769},{"base_id":521,"kind":"bot_words","i1":3,"i2":7,"sol":{"path":["/c/en/checked","/c/en/test","/c/en/formal","/c/th/ความดันโลหิตต่ํา","/c/en/hypotension"],"weight":0.21145999999999984},"num_concepts_raised":15793},{"base_id":521,"kind":"bot_words","i1":3,"i2":8,"sol":{"path":["/c/en/checked","/c/en/check","/c/en/limit","/c/en/mathematics","/c/en/diffeomorphism"],"weight":0.20406999999999986},"num_concepts_raised":15497},{"base_id":521,"kind":"bot_words","i1":3,"i2":9,"sol":{"path":["/c/en/checked","/c/en/unchecked","/c/en/across","/c/en/opposite"],"weight":0.22041999999999806},"num_concepts_raised":46694},{"base_id":521,"kind":"bot_words","i1":4,"i2":5,"sol":{"path":["/c/en/imbecility","/c/en/stupidity","/c/en/people","/c/en/transport","/c/en/canard"],"weight":0.20525999999999986},"num_concepts_raised":10044},{"base_id":521,"kind":"bot_words","i1":4,"i2":6,"sol":{"path":["/c/en/imbecility","/c/en/stupidity","/c/en/people","/c/en/city","/c/en/rotterdam"],"weight":0.21084999999999973},"num_concepts_raised":5327},{"base_id":521,"kind":"bot_words","i1":4,"i2":7,"sol":{"path":["/c/en/imbecility","/c/la/imbecillitas","/c/en/illness","/c/en/hypotension"],"weight":0.20994999999999986},"num_concepts_raised":11303},{"base_id":521,"kind":"bot_words","i1":4,"i2":8,"sol":{"path":["/c/en/imbecility","/c/en/idiocy","/c/en/average","/c/en/mathematics","/c/en/diffeomorphism"],"weight":0.2046599999999999},"num_concepts_raised":11099},{"base_id":521,"kind":"bot_words","i1":4,"i2":9,"sol":{"path":["/c/en/imbecility","/c/en/stupidity","/c/es/chingadera","/c/fr/contraire","/c/en/opposite"],"weight":0.2206699999999981},"num_concepts_raised":42553},{"base_id":521,"kind":"bot_words","i1":5,"i2":6,"sol":{"path":["/c/en/canard","/c/en/transport","/c/en/city","/c/en/rotterdam"],"weight":0.2096199999999998},"num_concepts_raised":12646},{"base_id":521,"kind":"bot_words","i1":5,"i2":7,"sol":{"path":["/c/en/canard","/c/de/ente","/c/en/medicine","/c/it/ipotensione","/c/en/hypotension"],"weight":0.21511999999999992},"num_concepts_raised":18688},{"base_id":521,"kind":"bot_words","i1":5,"i2":8,"sol":{"path":["/c/en/canard","/c/en/aeronautics","/c/en/mathematics","/c/en/diffeomorphism"],"weight":0.20351999999999995},"num_concepts_raised":18400},{"base_id":521,"kind":"bot_words","i1":5,"i2":9,"sol":{"path":["/c/en/canard","/c/en/engineering","/c/en/face","/c/en/opposite"],"weight":0.21693999999999816},"num_concepts_raised":49667},{"base_id":521,"kind":"bot_words","i1":6,"i2":7,"sol":{"path":["/c/en/rotterdam","/c/en/netherlands","/c/en/dutch","/c/en/disease","/c/en/hypotension"],"weight":0.2156099999999998},"num_concepts_raised":13984},{"base_id":521,"kind":"bot_words","i1":6,"i2":8,"sol":{"path":["/c/en/rotterdam","/c/en/city","/c/en/structure","/c/en/homeomorphism","/c/en/diffeomorphism"],"weight":0.21003999999999984},"num_concepts_raised":13740},{"base_id":521,"kind":"bot_words","i1":6,"i2":9,"sol":{"path":["/c/en/rotterdam","/c/fr/rotterdam","/c/fr/localités","/c/fr/contre","/c/en/opposite"],"weight":0.22720999999999802},"num_concepts_raised":45115},{"base_id":521,"kind":"bot_words","i1":7,"i2":8,"sol":{"path":["/c/en/hypotension","/c/en/hypertension","/c/en/hypertensor","/c/en/mathematics","/c/en/diffeomorphism"],"weight":0.21143999999999996},"num_concepts_raised":19743},{"base_id":521,"kind":"bot_words","i1":7,"i2":9,"sol":{"path":["/c/en/hypotension","/c/en/pathology","/c/en/grid","/c/en/across","/c/en/opposite"],"weight":0.22698999999999817},"num_concepts_raised":51084},{"base_id":521,"kind":"bot_words","i1":8,"i2":9,"sol":{"path":["/c/en/diffeomorphism","/c/en/inverse","/c/en/opposite"],"weight":0.20500000000000002},"num_concepts_raised":665}],[{"base_id":521,"kind":"top_words","i1":0,"i2":1,"sol":{"path":["/c/en/lampoon","/c/zh/諷刺文","/c/en/literature","/c/en/university","/c/en/harvard"],"weight":0.2054899999999998},"num_concepts_raised":6084},{"base_id":521,"kind":"top_words","i1":0,"i2":2,"sol":{"path":["/c/en/lampoon","/c/en/libel","/c/en/village","/c/en/small","/c/en/lemmings"],"weight":0.20836999999999978},"num_concepts_raised":4306},{"base_id":521,"kind":"top_words","i1":0,"i2":3,"sol":{"path":["/c/en/lampoon","/c/en/takeoff","/c/en/wood","/c/en/french_grip","/c/en/épée"],"weight":0.20853999999999975},"num_concepts_raised":1899},{"base_id":521,"kind":"top_words","i1":0,"i2":4,"sol":{"path":["/c/en/lampoon","/c/fr/pasquin","/c/fr/satirique","/c/fr/revue","/c/en/revue"],"weight":0.2167299999999999},"num_concepts_raised":5781},{"base_id":521,"kind":"top_words","i1":0,"i2":5,"sol":{"path":["/c/en/lampoon","/c/en/parody","/c/en/satire"],"weight":0.20600000000000002},"num_concepts_raised":227},{"base_id":521,"kind":"top_words","i1":0,"i2":6,"sol":{"path":["/c/en/lampoon","/c/en/squib","/c/en/us","/c/en/vacation"],"weight":0.21325999999999903},"num_concepts_raised":71094},{"base_id":521,"kind":"top_words","i1":0,"i2":7,"sol":{"path":["/c/en/lampoon","/c/fr/pasquin","/c/fr/arts","/c/fr/carrelet","/c/en/plaice"],"weight":0.21426999999999985},"num_concepts_raised":15516},{"base_id":521,"kind":"top_words","i1":0,"i2":8,"sol":{"path":["/c/en/lampoon","/c/en/parody","/c/en/ridicule","/c/en/film","/c/en/ghostbusters"],"weight":0.20860999999999974},"num_concepts_raised":3538},{"base_id":521,"kind":"top_words","i1":0,"i2":9,"sol":{"path":["/c/en/lampoon","/c/en/takeoff","/c/en/land","/c/en/island","/c/en/bioko"],"weight":0.20876999999999982},"num_concepts_raised":2790},{"base_id":521,"kind":"top_words","i1":1,"i2":2,"sol":{"path":["/c/en/harvard","/c/en/college","/c/en/small","/c/en/lemmings"],"weight":0.2078899999999998},"num_concepts_raised":7844},{"base_id":521,"kind":"top_words","i1":1,"i2":3,"sol":{"path":["/c/en/harvard","/c/en/city","/c/en/thane","/c/nl/degen","/c/en/épée"],"weight":0.2081399999999998},"num_concepts_raised":5487},{"base_id":521,"kind":"top_words","i1":1,"i2":4,"sol":{"path":["/c/en/harvard","/c/en/university","/c/en/study","/c/en/review","/c/en/revue"],"weight":0.21201999999999993},"num_concepts_raised":9357},{"base_id":521,"kind":"top_words","i1":1,"i2":5,"sol":{"path":["/c/en/harvard","/c/en/holy_trinity","/c/en/onion","/c/en/satire"],"weight":0.21074999999999988},"num_concepts_raised":20817},{"base_id":521,"kind":"top_words","i1":1,"i2":6,"sol":{"path":["/c/en/harvard","/c/en/university","/c/en/holiday","/c/en/vacation"],"weight":0.22528999999999905},"num_concepts_raised":74183},{"base_id":521,"kind":"top_words","i1":1,"i2":7,"sol":{"path":["/c/en/harvard","/c/en/university","/c/en/place","/c/en/fish","/c/en/plaice"],"weight":0.21191999999999986},"num_concepts_raised":19075},{"base_id":521,"kind":"top_words","i1":1,"i2":8,"sol":{"path":["/c/en/harvard","/c/en/university","/c/en/education","/c/en/film","/c/en/ghostbusters"],"weight":0.2090499999999998},"num_concepts_raised":7105},{"base_id":521,"kind":"top_words","i1":1,"i2":9,"sol":{"path":["/c/en/harvard","/c/en/university","/c/en/state","/c/en/island","/c/en/bioko"],"weight":0.20933999999999986},"num_concepts_raised":6345},{"base_id":521,"kind":"top_words","i1":2,"i2":3,"sol":{"path":["/c/en/lemmings","/c/en/small","/c/en/spade","/c/es/espada","/c/en/épée"],"weight":0.21294999999999975},"num_concepts_raised":3700},{"base_id":521,"kind":"top_words","i1":2,"i2":4,"sol":{"path":["/c/en/lemmings","/c/en/small","/c/en/girl","/c/fr/revue","/c/en/revue"],"weight":0.22005999999999987},"num_concepts_raised":7562},{"base_id":521,"kind":"top_words","i1":2,"i2":5,"sol":{"path":["/c/en/lemmings","/c/en/small","/c/en/writing","/c/en/satire"],"weight":0.21771999999999986},"num_concepts_raised":19011},{"base_id":521,"kind":"top_words","i1":2,"i2":6,"sol":{"path":["/c/en/lemmings","/c/en/small","/c/en/rest","/c/en/vacation"],"weight":0.21791999999999906},"num_concepts_raised":72546},{"base_id":521,"kind":"top_words","i1":2,"i2":7,"sol":{"path":["/c/en/lemmings","/c/en/small","/c/en/sea","/c/en/fish","/c/en/plaice"],"weight":0.21570999999999982},"num_concepts_raised":17241},{"base_id":521,"kind":"top_words","i1":2,"i2":8,"sol":{"path":["/c/en/lemmings","/c/en/video_game","/c/en/doom","/c/en/film","/c/en/ghostbusters"],"weight":0.21286999999999973},"num_concepts_raised":5307},{"base_id":521,"kind":"top_words","i1":2,"i2":9,"sol":{"path":["/c/en/lemmings","/c/en/video_game","/c/en/avalon","/c/en/island","/c/en/bioko"],"weight":0.21314999999999984},"num_concepts_raised":4577},{"base_id":521,"kind":"top_words","i1":3,"i2":4,"sol":{"path":["/c/en/épée","/c/fr/épée","/c/fr/militaire","/c/fr/revue","/c/en/revue"],"weight":0.22250999999999987},"num_concepts_raised":5196},{"base_id":521,"kind":"top_words","i1":3,"i2":5,"sol":{"path":["/c/en/épée","/c/fr/épée","/c/fr/homme","/c/fr/satire","/c/en/satire"],"weight":0.22029999999999983},"num_concepts_raised":16737},{"base_id":521,"kind":"top_words","i1":3,"i2":6,"sol":{"path":["/c/en/épée","/c/fr/épée","/c/fr/donner","/c/en/trip","/c/en/vacation"],"weight":0.22204999999999903},"num_concepts_raised":70545},{"base_id":521,"kind":"top_words","i1":3,"i2":7,"sol":{"path":["/c/en/épée","/c/fr/épée","/c/fr/carrelet","/c/en/plaice"],"weight":0.2200699999999998},"num_concepts_raised":14897},{"base_id":521,"kind":"top_words","i1":3,"i2":8,"sol":{"path":["/c/en/épée","/c/en/epee","/c/en/foil","/c/en/film","/c/en/ghostbusters"],"weight":0.2153399999999997},"num_concepts_raised":2935},{"base_id":521,"kind":"top_words","i1":3,"i2":9,"sol":{"path":["/c/en/épée","/c/fr/épée","/c/en/sword","/c/en/fish","/c/en/island","/c/en/bioko"],"weight":0.21970039999999946},"num_concepts_raised":143800},{"base_id":521,"kind":"top_words","i1":4,"i2":5,"sol":{"path":["/c/en/revue","/c/en/theatrical","/c/en/irony","/c/en/satire"],"weight":0.21883999999999998},"num_concepts_raised":20297},{"base_id":521,"kind":"top_words","i1":4,"i2":6,"sol":{"path":["/c/en/revue","/c/en/film","/c/en/holiday","/c/en/vacation"],"weight":0.2300399999999991},"num_concepts_raised":74038},{"base_id":521,"kind":"top_words","i1":4,"i2":7,"sol":{"path":["/c/en/revue","/c/fr/revue","/c/en/girl","/c/sv/spätta","/c/en/plaice"],"weight":0.22292999999999996},"num_concepts_raised":18793},{"base_id":521,"kind":"top_words","i1":4,"i2":8,"sol":{"path":["/c/en/revue","/c/en/film","/c/en/ghostbusters"],"weight":0.20600000000000002},"num_concepts_raised":93},{"base_id":521,"kind":"top_words","i1":4,"i2":9,"sol":{"path":["/c/en/revue","/c/en/periodical","/c/en/book","/c/en/island","/c/en/bioko"],"weight":0.21411999999999995},"num_concepts_raised":6088},{"base_id":521,"kind":"top_words","i1":5,"i2":6,"sol":{"path":["/c/en/satire","/c/en/writing","/c/en/work","/c/en/vacation"],"weight":0.2248999999999991},"num_concepts_raised":84389},{"base_id":521,"kind":"top_words","i1":5,"i2":7,"sol":{"path":["/c/en/satire","/c/en/pipe","/c/en/butt","/c/en/plaice"],"weight":0.2164099999999999},"num_concepts_raised":30242},{"base_id":521,"kind":"top_words","i1":5,"i2":8,"sol":{"path":["/c/en/satire","/c/en/ridicule","/c/en/film","/c/en/ghostbusters"],"weight":0.21589999999999981},"num_concepts_raised":18184},{"base_id":521,"kind":"top_words","i1":5,"i2":9,"sol":{"path":["/c/en/satire","/c/en/writing","/c/en/book","/c/en/island","/c/en/bioko"],"weight":0.2183299999999999},"num_concepts_raised":17617},{"base_id":521,"kind":"top_words","i1":6,"i2":7,"sol":{"path":["/c/en/vacation","/c/en/cabin","/c/fr/carrelet","/c/en/plaice"],"weight":0.22232999999999908},"num_concepts_raised":83605},{"base_id":521,"kind":"top_words","i1":6,"i2":8,"sol":{"path":["/c/en/vacation","/c/en/holiday","/c/en/film","/c/en/ghostbusters"],"weight":0.22928999999999894},"num_concepts_raised":71955},{"base_id":521,"kind":"top_words","i1":6,"i2":9,"sol":{"path":["/c/en/vacation","/c/en/island","/c/en/bioko"],"weight":0.20600000000000002},"num_concepts_raised":383},{"base_id":521,"kind":"top_words","i1":7,"i2":8,"sol":{"path":["/c/en/plaice","/c/fr/plie","/c/fr/feuille","/c/en/film","/c/en/ghostbusters"],"weight":0.21779999999999977},"num_concepts_raised":16541},{"base_id":521,"kind":"top_words","i1":7,"i2":9,"sol":{"path":["/c/en/plaice","/c/en/fish","/c/en/island","/c/en/bioko"],"weight":0.21610999999999986},"num_concepts_raised":15772},{"base_id":521,"kind":"top_words","i1":8,"i2":9,"sol":{"path":["/c/en/ghostbusters","/c/en/film","/c/en/isle","/c/en/island","/c/en/bioko"],"weight":0.2133199999999998},"num_concepts_raised":3827}]]