[[{"base_id":653,"kind":"bot_words","i1":0,"i2":1,"sol":{"path":["/c/en/thanks","/c/en/village","/c/en/town","/c/en/kaštela"],"weight":0.21356999999999968},"num_concepts_raised":14232},{"base_id":653,"kind":"bot_words","i1":0,"i2":2,"sol":{"path":["/c/en/thanks","/c/en/bow","/c/fr/localités","/c/fr/suzanne","/c/en/susanna"],"weight":0.21631999999999968},"num_concepts_raised":13308},{"base_id":653,"kind":"bot_words","i1":0,"i2":3,"sol":{"path":["/c/en/thanks","/c/en/tia","/c/en/medicine","/c/it/ipotiroidismo","/c/en/hypothyroidism"],"weight":0.21911999999999981},"num_concepts_raised":20958},{"base_id":653,"kind":"bot_words","i1":0,"i2":4,"sol":{"path":["/c/en/thanks","/c/ja/サンキュー","/c/en/slang","/c/en/fish","/c/en/caranx"],"weight":0.21603999999999968},"num_concepts_raised":24716},{"base_id":653,"kind":"bot_words","i1":0,"i2":5,"sol":{"path":["/c/en/thanks","/c/en/bow","/c/en/music","/c/en/viennese"],"weight":0.2087899999999997},"num_concepts_raised":20503},{"base_id":653,"kind":"bot_words","i1":0,"i2":6,"sol":{"path":["/c/en/thanks","/c/en/thank_you","/c/ja/乙","/c/en/moving","/c/en/animated"],"weight":0.21582999999999944},"num_concepts_raised":20911},{"base_id":653,"kind":"bot_words","i1":0,"i2":7,"sol":{"path":["/c/en/thanks","/c/en/reward","/c/en/place","/c/en/station"],"weight":0.22276999999999803},"num_concepts_raised":104444},{"base_id":653,"kind":"bot_words","i1":0,"i2":8,"sol":{"path":["/c/en/thanks","/c/en/bow","/c/en/buck"],"weight":0.202},"num_concepts_raised":681},{"base_id":653,"kind":"bot_words","i1":0,"i2":9,"sol":{"path":["/c/en/thanks","/c/en/give_assistance","/c/en/think","/c/en/thunk"],"weight":0.21105999999999964},"num_concepts_raised":45089},{"base_id":653,"kind":"bot_words","i1":1,"i2":2,"sol":{"path":["/c/en/kaštela","/c/en/town","/c/fr/commune","/c/fr/suzanne","/c/en/susanna"],"weight":0.21550999999999979},"num_concepts_raised":5185},{"base_id":653,"kind":"bot_words","i1":1,"i2":3,"sol":{"path":["/c/en/kaštela","/c/en/town","/c/en/sign","/c/en/disease","/c/en/hypothyroidism"],"weight":0.21424999999999994},"num_concepts_raised":12862},{"base_id":653,"kind":"bot_words","i1":1,"i2":4,"sol":{"path":["/c/en/kaštela","/c/en/town","/c/en/market","/c/en/fish","/c/en/caranx"],"weight":0.2150399999999998},"num_concepts_raised":16635},{"base_id":653,"kind":"bot_words","i1":1,"i2":5,"sol":{"path":["/c/en/kaštela","/c/en/town","/c/en/culture","/c/en/viennese"],"weight":0.20794999999999977},"num_concepts_raised":12539},{"base_id":653,"kind":"bot_words","i1":1,"i2":6,"sol":{"path":["/c/en/kaštela","/c/en/town","/c/en/live","/c/en/animated"],"weight":0.20977999999999958},"num_concepts_raised":12955},{"base_id":653,"kind":"bot_words","i1":1,"i2":7,"sol":{"path":["/c/en/kaštela","/c/en/town","/c/en/place","/c/en/station"],"weight":0.22221999999999814},"num_concepts_raised":97048},{"base_id":653,"kind":"bot_words","i1":1,"i2":8,"sol":{"path":["/c/en/kaštela","/c/en/town","/c/en/tree","/c/en/buck"],"weight":0.2120399999999991},"num_concepts_raised":90456},{"base_id":653,"kind":"bot_words","i1":1,"i2":9,"sol":{"path":["/c/en/kaštela","/c/en/town","/c/en/uk","/c/en/think","/c/en/thunk"],"weight":0.21027999999999972},"num_concepts_raised":37290},{"base_id":653,"kind":"bot_words","i1":2,"i2":3,"sol":{"path":["/c/en/susanna","/c/he/שושנה","/c/en/erysipelas","/c/en/disease","/c/en/hypothyroidism"],"weight":0.21677999999999994},"num_concepts_raised":11760},{"base_id":653,"kind":"bot_words","i1":2,"i2":4,"sol":{"path":["/c/en/susanna","/c/en/biblical","/c/en/scale","/c/en/fish","/c/en/caranx"],"weight":0.21545999999999976},"num_concepts_raised":15541},{"base_id":653,"kind":"bot_words","i1":2,"i2":5,"sol":{"path":["/c/en/susanna","/c/en/biblical","/c/en/scale","/c/en/music","/c/en/viennese"],"weight":0.2084099999999998},"num_concepts_raised":11440},{"base_id":653,"kind":"bot_words","i1":2,"i2":6,"sol":{"path":["/c/en/susanna","/c/fr/suzanne","/c/fr/commune","/c/fr/vif","/c/en/animated"],"weight":0.21249999999999958},"num_concepts_raised":11873},{"base_id":653,"kind":"bot_words","i1":2,"i2":7,"sol":{"path":["/c/en/susanna","/c/en/biblical","/c/en/job","/c/en/place","/c/en/station"],"weight":0.22248999999999813},"num_concepts_raised":96297},{"base_id":653,"kind":"bot_words","i1":2,"i2":8,"sol":{"path":["/c/en/susanna","/c/fr/suzanne","/c/fr/localités","/c/en/dollar","/c/en/buck"],"weight":0.2160099999999991},"num_concepts_raised":89571},{"base_id":653,"kind":"bot_words","i1":2,"i2":9,"sol":{"path":["/c/en/susanna","/c/fr/suzanne","/c/fr/localités","/c/en/sound","/c/en/thunk"],"weight":0.21092999999999973},"num_concepts_raised":36246},{"base_id":653,"kind":"bot_words","i1":3,"i2":4,"sol":{"path":["/c/en/hypothyroidism","/c/en/pathology","/c/en/scleroderm","/c/en/fish","/c/en/caranx"],"weight":0.2167199999999999},"num_concepts_raised":23162},{"base_id":653,"kind":"bot_words","i1":3,"i2":5,"sol":{"path":["/c/en/hypothyroidism","/c/it/ipotiroidismo","/c/en/medicine","/c/en/music","/c/en/viennese"],"weight":0.2135799999999999},"num_concepts_raised":19090},{"base_id":653,"kind":"bot_words","i1":3,"i2":6,"sol":{"path":["/c/en/hypothyroidism","/c/en/pathology","/c/en/active","/c/fr/vivant","/c/en/animated"],"weight":0.21357999999999971},"num_concepts_raised":19523},{"base_id":653,"kind":"bot_words","i1":3,"i2":7,"sol":{"path":["/c/en/hypothyroidism","/c/en/pathology","/c/en/path","/c/en/station"],"weight":0.21974999999999828},"num_concepts_raised":103745},{"base_id":653,"kind":"bot_words","i1":3,"i2":8,"sol":{"path":["/c/en/hypothyroidism","/c/en/disease","/c/en/black","/c/en/buck"],"weight":0.21346999999999924},"num_concepts_raised":96993},{"base_id":653,"kind":"bot_words","i1":3,"i2":9,"sol":{"path":["/c/en/hypothyroidism","/c/it/ipotiroidismo","/c/en/medicine","/c/en/procedure","/c/en/thunk"],"weight":0.21381999999999984},"num_concepts_raised":43786},{"base_id":653,"kind":"bot_words","i1":4,"i2":5,"sol":{"path":["/c/en/caranx","/c/en/fish","/c/en/scale","/c/en/music","/c/en/viennese"],"weight":0.21028999999999975},"num_concepts_raised":22827},{"base_id":653,"kind":"bot_words","i1":4,"i2":6,"sol":{"path":["/c/en/caranx","/c/en/fish","/c/en/live","/c/en/animated"],"weight":0.21204999999999957},"num_concepts_raised":23241},{"base_id":653,"kind":"bot_words","i1":4,"i2":7,"sol":{"path":["/c/en/caranx","/c/en/fish","/c/en/place","/c/en/station"],"weight":0.22424999999999812},"num_concepts_raised":106997},{"base_id":653,"kind":"bot_words","i1":4,"i2":8,"sol":{"path":["/c/en/caranx","/c/en/fish","/c/en/slang","/c/en/buck"],"weight":0.2145199999999991},"num_concepts_raised":100165},{"base_id":653,"kind":"bot_words","i1":4,"i2":9,"sol":{"path":["/c/en/caranx","/c/en/fish","/c/en/sound","/c/en/thunk"],"weight":0.2104399999999997},"num_concepts_raised":47562},{"base_id":653,"kind":"bot_words","i1":5,"i2":6,"sol":{"path":["/c/en/viennese","/c/en/music","/c/de/lebhaft","/c/fr/vivant","/c/en/animated"],"weight":0.20707999999999957},"num_concepts_raised":19071},{"base_id":653,"kind":"bot_words","i1":5,"i2":7,"sol":{"path":["/c/en/viennese","/c/en/music","/c/en/post","/c/en/station"],"weight":0.21546999999999816},"num_concepts_raised":102730},{"base_id":653,"kind":"bot_words","i1":5,"i2":8,"sol":{"path":["/c/en/viennese","/c/en/music","/c/en/cent","/c/en/buck"],"weight":0.2073699999999991},"num_concepts_raised":96029},{"base_id":653,"kind":"bot_words","i1":5,"i2":9,"sol":{"path":["/c/en/viennese","/c/en/culture","/c/en/computing","/c/en/thunk"],"weight":0.20450999999999972},"num_concepts_raised":43076},{"base_id":653,"kind":"bot_words","i1":6,"i2":7,"sol":{"path":["/c/en/animated","/c/en/live","/c/en/place","/c/en/station"],"weight":0.2189899999999979},"num_concepts_raised":102952},{"base_id":653,"kind":"bot_words","i1":6,"i2":8,"sol":{"path":["/c/en/animated","/c/en/lively","/c/en/dance","/c/en/buck"],"weight":0.21044999999999892},"num_concepts_raised":96329},{"base_id":653,"kind":"bot_words","i1":6,"i2":9,"sol":{"path":["/c/en/animated","/c/en/alive","/c/en/think","/c/en/thunk"],"weight":0.2074099999999995},"num_concepts_raised":43370},{"base_id":653,"kind":"bot_words","i1":7,"i2":8,"sol":{"path":["/c/en/station","/c/en/australia","/c/en/buck"],"weight":0.202},"num_concepts_raised":1080},{"base_id":653,"kind":"bot_words","i1":7,"i2":9,"sol":{"path":["/c/en/station","/c/en/place","/c/en/map","/c/en/thunk"],"weight":0.21741999999999806},"num_concepts_raised":124560},{"base_id":653,"kind":"bot_words","i1":8,"i2":9,"sol":{"path":["/c/en/buck","/c/en/uk","/c/en/think","/c/en/thunk"],"weight":0.20952999999999905},"num_concepts_raised":118219}],[{"base_id":653,"kind":"top_words","i1":0,"i2":1,"sol":{"path":["/c/en/pomona","/c/en/asteroid","/c/en/space","/c/en/text","/c/en/textual"],"weight":0.21021999999999985},"num_concepts_raised":12496},{"base_id":653,"kind":"top_words","i1":0,"i2":2,"sol":{"path":["/c/en/pomona","/c/en/religion","/c/en/kentucky","/c/en/princeton"],"weight":0.20813999999999974},"num_concepts_raised":18515},{"base_id":653,"kind":"top_words","i1":0,"i2":3,"sol":{"path":["/c/en/pomona","/c/en/astronomy","/c/en/science","/c/en/polytechnic"],"weight":0.2083499999999997},"num_concepts_raised":22566},{"base_id":653,"kind":"top_words","i1":0,"i2":4,"sol":{"path":["/c/en/pomona","/c/en/astronomy","/c/en/argument","/c/en/case","/c/en/casebook"],"weight":0.20996999999999982},"num_concepts_raised":22068},{"base_id":653,"kind":"top_words","i1":0,"i2":5,"sol":{"path":["/c/en/pomona","/c/en/asteroid","/c/en/victoria","/c/fr/localités","/c/en/berkeley"],"weight":0.20784999999999976},"num_concepts_raised":120976},{"base_id":653,"kind":"top_words","i1":0,"i2":6,"sol":{"path":["/c/en/pomona","/c/en/astronomy","/c/en/train","/c/en/prepare","/c/en/prep"],"weight":0.2091099999999997},"num_concepts_raised":24861},{"base_id":653,"kind":"top_words","i1":0,"i2":7,"sol":{"path":["/c/en/pomona","/c/en/asteroid","/c/en/virginia","/c/en/huntington"],"weight":0.2084699999999996},"num_concepts_raised":129864},{"base_id":653,"kind":"top_words","i1":0,"i2":8,"sol":{"path":["/c/en/pomona","/c/en/abundance","/c/en/shower","/c/en/exhibitor"],"weight":0.20800999999999975},"num_concepts_raised":10735},{"base_id":653,"kind":"top_words","i1":0,"i2":9,"sol":{"path":["/c/en/pomona","/c/en/religion","/c/en/bishop","/c/en/california"],"weight":0.22332999999999809},"num_concepts_raised":156832},{"base_id":653,"kind":"top_words","i1":1,"i2":2,"sol":{"path":["/c/en/textual","/c/en/text","/c/en/book","/c/en/university","/c/en/princeton"],"weight":0.2055199999999999},"num_concepts_raised":13564},{"base_id":653,"kind":"top_words","i1":1,"i2":3,"sol":{"path":["/c/en/textual","/c/zh/通考","/c/en/school","/c/en/polytechnic"],"weight":0.20412999999999987},"num_concepts_raised":17577},{"base_id":653,"kind":"top_words","i1":1,"i2":4,"sol":{"path":["/c/en/textual","/c/en/textbook","/c/en/casebook"],"weight":0.203},"num_concepts_raised":96},{"base_id":653,"kind":"top_words","i1":1,"i2":5,"sol":{"path":["/c/en/textual","/c/en/text","/c/en/mobile","/c/fr/localités","/c/en/berkeley"],"weight":0.20500999999999991},"num_concepts_raised":116023},{"base_id":653,"kind":"top_words","i1":1,"i2":6,"sol":{"path":["/c/en/textual","/c/en/textbook","/c/en/grammar","/c/en/prep"],"weight":0.20506999999999986},"num_concepts_raised":19880},{"base_id":653,"kind":"top_words","i1":1,"i2":7,"sol":{"path":["/c/en/textual","/c/en/text","/c/en/reading","/c/en/county_seat","/c/en/huntington"],"weight":0.20589999999999975},"num_concepts_raised":124919},{"base_id":653,"kind":"top_words","i1":1,"i2":8,"sol":{"path":["/c/en/textual","/c/en/textbook","/c/en/example","/c/en/exhibit","/c/en/exhibitor"],"weight":0.2070099999999999},"num_concepts_raised":5766},{"base_id":653,"kind":"top_words","i1":1,"i2":9,"sol":{"path":["/c/en/textual","/c/en/sexual","/c/en/stone","/c/en/california"],"weight":0.21919999999999823},"num_concepts_raised":151973},{"base_id":653,"kind":"top_words","i1":2,"i2":3,"sol":{"path":["/c/en/princeton","/c/en/university","/c/en/science","/c/en/polytechnic"],"weight":0.20358999999999977},"num_concepts_raised":23378},{"base_id":653,"kind":"top_words","i1":2,"i2":4,"sol":{"path":["/c/en/princeton","/c/en/university","/c/en/book","/c/en/casebook"],"weight":0.20421999999999987},"num_concepts_raised":22771},{"base_id":653,"kind":"top_words","i1":2,"i2":5,"sol":{"path":["/c/en/princeton","/c/en/california","/c/en/berkeley"],"weight":0.202},"num_concepts_raised":69},{"base_id":653,"kind":"top_words","i1":2,"i2":6,"sol":{"path":["/c/en/princeton","/c/en/university","/c/en/getting","/c/en/prepare","/c/en/prep"],"weight":0.20430999999999977},"num_concepts_raised":25771},{"base_id":653,"kind":"top_words","i1":2,"i2":7,"sol":{"path":["/c/en/princeton","/c/en/california","/c/en/huntington"],"weight":0.202},"num_concepts_raised":107},{"base_id":653,"kind":"top_words","i1":2,"i2":8,"sol":{"path":["/c/en/princeton","/c/en/university","/c/en/exhibition","/c/en/exhibitor"],"weight":0.2033099999999998},"num_concepts_raised":11794},{"base_id":653,"kind":"top_words","i1":2,"i2":9,"sol":{"path":["/c/en/princeton","/c/en/california"],"weight":0.20400000000000001},"num_concepts_raised":819},{"base_id":653,"kind":"top_words","i1":3,"i2":4,"sol":{"path":["/c/en/polytechnic","/c/en/engineering","/c/en/case","/c/en/casebook"],"weight":0.20517999999999983},"num_concepts_raised":26775},{"base_id":653,"kind":"top_words","i1":3,"i2":5,"sol":{"path":["/c/en/polytechnic","/c/fr/polytechnique","/c/fr/école","/c/fr/localités","/c/en/berkeley"],"weight":0.20512999999999976},"num_concepts_raised":126114},{"base_id":653,"kind":"top_words","i1":3,"i2":6,"sol":{"path":["/c/en/polytechnic","/c/fr/polytechnique","/c/fr/école","/c/en/prep"],"weight":0.20531999999999972},"num_concepts_raised":29537},{"base_id":653,"kind":"top_words","i1":3,"i2":7,"sol":{"path":["/c/en/polytechnic","/c/en/uk","/c/en/england","/c/en/huntington"],"weight":0.2036799999999996},"num_concepts_raised":134543},{"base_id":653,"kind":"top_words","i1":3,"i2":8,"sol":{"path":["/c/en/polytechnic","/c/en/art","/c/en/exhibition","/c/en/exhibitor"],"weight":0.20338999999999974},"num_concepts_raised":15853},{"base_id":653,"kind":"top_words","i1":3,"i2":9,"sol":{"path":["/c/en/polytechnic","/c/en/poly","/c/en/mono","/c/en/california"],"weight":0.21953999999999813},"num_concepts_raised":161286},{"base_id":653,"kind":"top_words","i1":4,"i2":5,"sol":{"path":["/c/en/casebook","/c/en/united_states","/c/en/california","/c/en/berkeley"],"weight":0.2027099999999999},"num_concepts_raised":125540},{"base_id":653,"kind":"top_words","i1":4,"i2":6,"sol":{"path":["/c/en/casebook","/c/en/case","/c/en/grammar","/c/en/prep"],"weight":0.20500999999999986},"num_concepts_raised":29060},{"base_id":653,"kind":"top_words","i1":4,"i2":7,"sol":{"path":["/c/en/casebook","/c/en/united_states","/c/en/hamilton","/c/en/huntington"],"weight":0.20375999999999972},"num_concepts_raised":133883},{"base_id":653,"kind":"top_words","i1":4,"i2":8,"sol":{"path":["/c/en/casebook","/c/en/legal","/c/en/exhibit","/c/en/exhibitor"],"weight":0.20501999999999987},"num_concepts_raised":15380},{"base_id":653,"kind":"top_words","i1":4,"i2":9,"sol":{"path":["/c/en/casebook","/c/en/united_states","/c/en/california"],"weight":0.20500000000000002},"num_concepts_raised":799},{"base_id":653,"kind":"top_words","i1":5,"i2":6,"sol":{"path":["/c/en/berkeley","/c/fr/localités","/c/fr/école","/c/en/prep"],"weight":0.2028099999999998},"num_concepts_raised":128354},{"base_id":653,"kind":"top_words","i1":5,"i2":7,"sol":{"path":["/c/en/berkeley","/c/en/california","/c/en/huntington"],"weight":0.202},"num_concepts_raised":95},{"base_id":653,"kind":"top_words","i1":5,"i2":8,"sol":{"path":["/c/en/berkeley","/c/en/california","/c/en/exploratorium","/c/en/exhibit","/c/en/exhibitor"],"weight":0.2048199999999998},"num_concepts_raised":114238},{"base_id":653,"kind":"top_words","i1":5,"i2":9,"sol":{"path":["/c/en/berkeley","/c/en/california"],"weight":0.20500000000000002},"num_concepts_raised":799},{"base_id":653,"kind":"top_words","i1":6,"i2":7,"sol":{"path":["/c/en/prep","/c/en/level","/c/en/england","/c/en/huntington"],"weight":0.20346999999999962},"num_concepts_raised":137045},{"base_id":653,"kind":"top_words","i1":6,"i2":8,"sol":{"path":["/c/en/prep","/c/en/prepare","/c/en/organize","/c/en/exhibitor"],"weight":0.20406999999999978},"num_concepts_raised":18081},{"base_id":653,"kind":"top_words","i1":6,"i2":9,"sol":{"path":["/c/en/prep","/c/en/kindergarten","/c/en/united_states","/c/en/california"],"weight":0.2210799999999981},"num_concepts_raised":163847},{"base_id":653,"kind":"top_words","i1":7,"i2":8,"sol":{"path":["/c/en/huntington","/c/en/california","/c/en/exploratorium","/c/en/exhibit","/c/en/exhibitor"],"weight":0.20542999999999967},"num_concepts_raised":123151},{"base_id":653,"kind":"top_words","i1":7,"i2":9,"sol":{"path":["/c/en/huntington","/c/en/california"],"weight":0.20400000000000001},"num_concepts_raised":843},{"base_id":653,"kind":"top_words","i1":8,"i2":9,"sol":{"path":["/c/en/exhibitor","/c/en/exhibit","/c/en/exploratorium","/c/en/california"],"weight":0.22031999999999813},"num_concepts_raised":150252}]]