[[{"base_id":875,"kind":"bot_words","i1":0,"i2":1,"sol":{"path":["/c/en/culottes","/c/en/breeches","/c/en/brail","/c/en/fish","/c/en/conodont"],"weight":0.20818999999999985},"num_concepts_raised":6957},{"base_id":875,"kind":"bot_words","i1":0,"i2":2,"sol":{"path":["/c/en/culottes","/c/en/skirt","/c/en/slang","/c/en/canoe","/c/en/canoeing"],"weight":0.2052399999999998},"num_concepts_raised":5356},{"base_id":875,"kind":"bot_words","i1":0,"i2":3,"sol":{"path":["/c/en/culottes","/c/fr/culotte","/c/en/historical","/c/en/touch","/c/en/felling"],"weight":0.20409999999999984},"num_concepts_raised":115410},{"base_id":875,"kind":"bot_words","i1":0,"i2":4,"sol":{"path":["/c/en/culottes","/c/fr/culotte","/c/en/historical","/c/en/blood","/c/en/thromboplastin"],"weight":0.20402999999999993},"num_concepts_raised":4654},{"base_id":875,"kind":"bot_words","i1":0,"i2":5,"sol":{"path":["/c/en/culottes","/c/en/shorts","/c/en/short","/c/en/tall"],"weight":0.21317999999999898},"num_concepts_raised":68488},{"base_id":875,"kind":"bot_words","i1":0,"i2":6,"sol":{"path":["/c/en/culottes","/c/es/culote","/c/en/cycling","/c/en/madison","/c/en/wisconsin"],"weight":0.22288999999999842},"num_concepts_raised":39844},{"base_id":875,"kind":"bot_words","i1":0,"i2":7,"sol":{"path":["/c/en/culottes","/c/fr/culotte","/c/en/historical","/c/en/cell","/c/en/mosaic"],"weight":0.2195399999999998},"num_concepts_raised":22147},{"base_id":875,"kind":"bot_words","i1":0,"i2":8,"sol":{"path":["/c/en/culottes","/c/en/skirt","/c/en/slang","/c/en/leatherette"],"weight":0.20311999999999997},"num_concepts_raised":19778},{"base_id":875,"kind":"bot_words","i1":0,"i2":9,"sol":{"path":["/c/en/culottes","/c/fr/culotte","/c/en/historical","/c/zh/賤民","/c/en/dalit"],"weight":0.21177999999999997},"num_concepts_raised":2604},{"base_id":875,"kind":"bot_words","i1":1,"i2":2,"sol":{"path":["/c/en/conodont","/c/en/fish","/c/en/river","/c/en/canoeing"],"weight":0.20826999999999968},"num_concepts_raised":10486},{"base_id":875,"kind":"bot_words","i1":1,"i2":3,"sol":{"path":["/c/en/conodont","/c/en/tooth","/c/en/killing","/c/en/felling"],"weight":0.20817999999999973},"num_concepts_raised":120570},{"base_id":875,"kind":"bot_words","i1":1,"i2":4,"sol":{"path":["/c/en/conodont","/c/en/fish","/c/en/vertebrate","/c/en/blood","/c/en/thromboplastin"],"weight":0.20810999999999982},"num_concepts_raised":9833},{"base_id":875,"kind":"bot_words","i1":1,"i2":5,"sol":{"path":["/c/en/conodont","/c/en/cone","/c/en/mountain","/c/en/tall"],"weight":0.21601999999999888},"num_concepts_raised":73297},{"base_id":875,"kind":"bot_words","i1":1,"i2":6,"sol":{"path":["/c/en/conodont","/c/en/fish","/c/en/river","/c/en/wisconsin"],"weight":0.2241099999999983},"num_concepts_raised":44767},{"base_id":875,"kind":"bot_words","i1":1,"i2":7,"sol":{"path":["/c/en/conodont","/c/en/fish","/c/en/line","/c/en/mosaic"],"weight":0.2214599999999997},"num_concepts_raised":27183},{"base_id":875,"kind":"bot_words","i1":1,"i2":8,"sol":{"path":["/c/en/conodont","/c/en/fish","/c/en/slang","/c/en/leatherette"],"weight":0.20831999999999984},"num_concepts_raised":24838},{"base_id":875,"kind":"bot_words","i1":1,"i2":9,"sol":{"path":["/c/en/conodont","/c/en/fish","/c/en/person","/c/en/outcaste","/c/en/dalit"],"weight":0.21585999999999983},"num_concepts_raised":7799},{"base_id":875,"kind":"bot_words","i1":2,"i2":3,"sol":{"path":["/c/en/canoeing","/c/en/river","/c/en/touch","/c/en/felling"],"weight":0.2030699999999997},"num_concepts_raised":118903},{"base_id":875,"kind":"bot_words","i1":2,"i2":4,"sol":{"path":["/c/en/canoeing","/c/en/canoe","/c/en/water","/c/en/blood","/c/en/thromboplastin"],"weight":0.2051899999999998},"num_concepts_raised":8234},{"base_id":875,"kind":"bot_words","i1":2,"i2":5,"sol":{"path":["/c/en/canoeing","/c/en/canoe","/c/en/long","/c/en/tall"],"weight":0.2163399999999988},"num_concepts_raised":71539},{"base_id":875,"kind":"bot_words","i1":2,"i2":6,"sol":{"path":["/c/en/canoeing","/c/en/river","/c/en/wisconsin"],"weight":0.20600000000000002},"num_concepts_raised":603},{"base_id":875,"kind":"bot_words","i1":2,"i2":7,"sol":{"path":["/c/en/canoeing","/c/en/activity","/c/en/art","/c/en/mosaic"],"weight":0.21636999999999967},"num_concepts_raised":25519},{"base_id":875,"kind":"bot_words","i1":2,"i2":8,"sol":{"path":["/c/en/canoeing","/c/en/canoe","/c/en/slang","/c/en/leatherette"],"weight":0.2053999999999998},"num_concepts_raised":23248},{"base_id":875,"kind":"bot_words","i1":2,"i2":9,"sol":{"path":["/c/en/canoeing","/c/en/canoe","/c/en/indian","/c/en/outcaste","/c/en/dalit"],"weight":0.21293999999999982},"num_concepts_raised":6207},{"base_id":875,"kind":"bot_words","i1":3,"i2":4,"sol":{"path":["/c/en/felling","/c/en/fell","/c/en/cut","/c/en/blood","/c/en/thromboplastin"],"weight":0.2039099999999998},"num_concepts_raised":118300},{"base_id":875,"kind":"bot_words","i1":3,"i2":5,"sol":{"path":["/c/en/felling","/c/fr/localités","/c/fr/grand","/c/en/tall"],"weight":0.2139799999999989},"num_concepts_raised":181271},{"base_id":875,"kind":"bot_words","i1":3,"i2":6,"sol":{"path":["/c/en/felling","/c/fr/localités","/c/en/appleton","/c/en/wisconsin"],"weight":0.2213599999999983},"num_concepts_raised":152580},{"base_id":875,"kind":"bot_words","i1":3,"i2":7,"sol":{"path":["/c/en/felling","/c/en/killing","/c/en/disease","/c/en/mosaic"],"weight":0.2162399999999997},"num_concepts_raised":135613},{"base_id":875,"kind":"bot_words","i1":3,"i2":8,"sol":{"path":["/c/en/felling","/c/en/touch","/c/en/slang","/c/en/leatherette"],"weight":0.20312999999999987},"num_concepts_raised":133281},{"base_id":875,"kind":"bot_words","i1":3,"i2":9,"sol":{"path":["/c/en/felling","/c/en/touch","/c/en/untouchable","/c/en/dalit"],"weight":0.20875999999999983},"num_concepts_raised":116266},{"base_id":875,"kind":"bot_words","i1":4,"i2":5,"sol":{"path":["/c/en/thromboplastin","/c/en/blood","/c/en/size","/c/en/tall"],"weight":0.21082999999999896},"num_concepts_raised":71320},{"base_id":875,"kind":"bot_words","i1":4,"i2":6,"sol":{"path":["/c/en/thromboplastin","/c/en/blood","/c/en/us","/c/en/united_states","/c/en/wisconsin"],"weight":0.22148999999999838},"num_concepts_raised":42682},{"base_id":875,"kind":"bot_words","i1":4,"i2":7,"sol":{"path":["/c/en/thromboplastin","/c/en/blood","/c/en/cell","/c/en/mosaic"],"weight":0.2183299999999998},"num_concepts_raised":24859},{"base_id":875,"kind":"bot_words","i1":4,"i2":8,"sol":{"path":["/c/en/thromboplastin","/c/en/blood","/c/en/animal","/c/en/leather","/c/en/leatherette"],"weight":0.20415999999999995},"num_concepts_raised":22672},{"base_id":875,"kind":"bot_words","i1":4,"i2":9,"sol":{"path":["/c/en/thromboplastin","/c/en/blood","/c/en/person","/c/en/outcaste","/c/en/dalit"],"weight":0.21058999999999994},"num_concepts_raised":5504},{"base_id":875,"kind":"bot_words","i1":5,"i2":6,"sol":{"path":["/c/en/tall","/c/en/mountain","/c/en/wisconsin"],"weight":0.20600000000000002},"num_concepts_raised":1080},{"base_id":875,"kind":"bot_words","i1":5,"i2":7,"sol":{"path":["/c/en/tall","/c/en/long","/c/en/line","/c/en/mosaic"],"weight":0.22741999999999885},"num_concepts_raised":87148},{"base_id":875,"kind":"bot_words","i1":5,"i2":8,"sol":{"path":["/c/en/tall","/c/en/high","/c/en/slang","/c/en/leatherette"],"weight":0.21795999999999893},"num_concepts_raised":83956},{"base_id":875,"kind":"bot_words","i1":5,"i2":9,"sol":{"path":["/c/en/tall","/c/en/people","/c/en/ethnic_group","/c/en/dalit"],"weight":0.216459999999999},"num_concepts_raised":69339},{"base_id":875,"kind":"bot_words","i1":6,"i2":7,"sol":{"path":["/c/en/wisconsin","/c/en/state","/c/en/line","/c/en/mosaic"],"weight":0.2344099999999983},"num_concepts_raised":59209},{"base_id":875,"kind":"bot_words","i1":6,"i2":8,"sol":{"path":["/c/en/wisconsin","/c/en/oxford","/c/en/leather","/c/en/leatherette"],"weight":0.22002999999999845},"num_concepts_raised":57139},{"base_id":875,"kind":"bot_words","i1":6,"i2":9,"sol":{"path":["/c/en/wisconsin","/c/en/cherokee","/c/en/ethnic_group","/c/en/dalit"],"weight":0.22442999999999844},"num_concepts_raised":40578},{"base_id":875,"kind":"bot_words","i1":7,"i2":8,"sol":{"path":["/c/en/mosaic","/c/en/art","/c/en/plastic","/c/en/leatherette"],"weight":0.21642999999999982},"num_concepts_raised":39548},{"base_id":875,"kind":"bot_words","i1":7,"i2":9,"sol":{"path":["/c/en/mosaic","/c/en/cell","/c/en/person","/c/en/outcaste","/c/en/dalit"],"weight":0.22616999999999982},"num_concepts_raised":22981},{"base_id":875,"kind":"bot_words","i1":8,"i2":9,"sol":{"path":["/c/en/leatherette","/c/en/leather","/c/en/back","/c/en/south_asia","/c/en/dalit"],"weight":0.20985999999999996},"num_concepts_raised":20644}],[{"base_id":875,"kind":"top_words","i1":0,"i2":1,"sol":{"path":["/c/en/crossover","/c/en/sport_utility_vehicle","/c/en/minivan"],"weight":0.20400000000000001},"num_concepts_raised":151},{"base_id":875,"kind":"top_words","i1":0,"i2":2,"sol":{"path":["/c/en/crossover","/c/en/automobile","/c/en/sedan"],"weight":0.20400000000000001},"num_concepts_raised":227},{"base_id":875,"kind":"top_words","i1":0,"i2":3,"sol":{"path":["/c/en/crossover","/c/en/cross","/c/en/hybrid"],"weight":0.20800000000000002},"num_concepts_raised":484},{"base_id":875,"kind":"top_words","i1":0,"i2":4,"sol":{"path":["/c/en/crossover","/c/en/cross","/c/en/ford","/c/en/lexus"],"weight":0.21621999999999944},"num_concepts_raised":35829},{"base_id":875,"kind":"top_words","i1":0,"i2":5,"sol":{"path":["/c/en/crossover","/c/en/blend","/c/en/fusion"],"weight":0.20400000000000001},"num_concepts_raised":400},{"base_id":875,"kind":"top_words","i1":0,"i2":6,"sol":{"path":["/c/en/crossover","/c/en/computing","/c/en/utility"],"weight":0.20400000000000001},"num_concepts_raised":357},{"base_id":875,"kind":"top_words","i1":0,"i2":7,"sol":{"path":["/c/en/crossover","/c/en/fiction","/c/en/fantasy","/c/en/outlander"],"weight":0.2139599999999996},"num_concepts_raised":37231},{"base_id":875,"kind":"top_words","i1":0,"i2":8,"sol":{"path":["/c/en/crossover","/c/en/music","/c/en/scale","/c/en/escalade"],"weight":0.20904999999999963},"num_concepts_raised":40435},{"base_id":875,"kind":"top_words","i1":0,"i2":9,"sol":{"path":["/c/en/crossover","/c/en/bridge","/c/en/card_games","/c/en/highlander"],"weight":0.2090699999999996},"num_concepts_raised":34648},{"base_id":875,"kind":"top_words","i1":1,"i2":2,"sol":{"path":["/c/en/minivan","/c/en/car","/c/en/sedan"],"weight":0.20400000000000001},"num_concepts_raised":175},{"base_id":875,"kind":"top_words","i1":1,"i2":3,"sol":{"path":["/c/en/minivan","/c/en/car","/c/en/hybrid"],"weight":0.20500000000000002},"num_concepts_raised":437},{"base_id":875,"kind":"top_words","i1":1,"i2":4,"sol":{"path":["/c/en/minivan","/c/en/van","/c/en/gas_driven_automobile","/c/en/lexus"],"weight":0.20973999999999976},"num_concepts_raised":6768},{"base_id":875,"kind":"top_words","i1":1,"i2":5,"sol":{"path":["/c/en/minivan","/c/fr/fourgon","/c/fr/four","/c/fr/fusion","/c/en/fusion"],"weight":0.20916999999999913},"num_concepts_raised":41022},{"base_id":875,"kind":"top_words","i1":1,"i2":6,"sol":{"path":["/c/en/minivan","/c/fr/fourgonnette","/c/fr/utilitaire","/c/en/utility"],"weight":0.20760999999999935},"num_concepts_raised":57122},{"base_id":875,"kind":"top_words","i1":1,"i2":7,"sol":{"path":["/c/en/minivan","/c/en/van","/c/en/people","/c/en/foreigner","/c/en/outlander"],"weight":0.2119399999999999},"num_concepts_raised":8269},{"base_id":875,"kind":"top_words","i1":1,"i2":8,"sol":{"path":["/c/en/minivan","/c/fr/fourgon","/c/en/military","/c/en/escalade"],"weight":0.20347999999999994},"num_concepts_raised":11681},{"base_id":875,"kind":"top_words","i1":1,"i2":9,"sol":{"path":["/c/en/minivan","/c/en/van","/c/en/large","/c/en/mountainous","/c/en/highlander"],"weight":0.2047499999999999},"num_concepts_raised":5513},{"base_id":875,"kind":"top_words","i1":2,"i2":3,"sol":{"path":["/c/en/sedan","/c/en/car","/c/en/hybrid"],"weight":0.20700000000000002},"num_concepts_raised":513},{"base_id":875,"kind":"top_words","i1":2,"i2":4,"sol":{"path":["/c/en/sedan","/c/en/car","/c/en/ford","/c/en/lexus"],"weight":0.21177999999999944},"num_concepts_raised":28339},{"base_id":875,"kind":"top_words","i1":2,"i2":5,"sol":{"path":["/c/en/sedan","/c/en/chair","/c/en/music","/c/en/fusion"],"weight":0.20861999999999878},"num_concepts_raised":62066},{"base_id":875,"kind":"top_words","i1":2,"i2":6,"sol":{"path":["/c/en/sedan","/c/en/car","/c/en/computing","/c/en/utility"],"weight":0.209659999999999},"num_concepts_raised":77312},{"base_id":875,"kind":"top_words","i1":2,"i2":7,"sol":{"path":["/c/en/sedan","/c/en/car","/c/en/foreign","/c/en/foreigner","/c/en/outlander"],"weight":0.21399999999999958},"num_concepts_raised":29883},{"base_id":875,"kind":"top_words","i1":2,"i2":8,"sol":{"path":["/c/en/sedan","/c/en/boot","/c/en/military","/c/en/escalade"],"weight":0.2043699999999996},"num_concepts_raised":32803},{"base_id":875,"kind":"top_words","i1":2,"i2":9,"sol":{"path":["/c/en/sedan","/c/en/kansas","/c/en/soldier","/c/en/highlander"],"weight":0.20443999999999957},"num_concepts_raised":27177},{"base_id":875,"kind":"top_words","i1":3,"i2":4,"sol":{"path":["/c/en/hybrid","/c/en/cross","/c/en/ford","/c/en/lexus"],"weight":0.2212799999999989},"num_concepts_raised":55537},{"base_id":875,"kind":"top_words","i1":3,"i2":5,"sol":{"path":["/c/en/hybrid","/c/en/combination","/c/en/fusion"],"weight":0.20500000000000002},"num_concepts_raised":687},{"base_id":875,"kind":"top_words","i1":3,"i2":6,"sol":{"path":["/c/en/hybrid","/c/en/cross_bike","/c/en/utility"],"weight":0.20400000000000001},"num_concepts_raised":643},{"base_id":875,"kind":"top_words","i1":3,"i2":7,"sol":{"path":["/c/en/hybrid","/c/en/species","/c/en/alien","/c/en/outlander"],"weight":0.21915999999999905},"num_concepts_raised":57012},{"base_id":875,"kind":"top_words","i1":3,"i2":8,"sol":{"path":["/c/en/hybrid","/c/en/device","/c/en/scale","/c/en/escalade"],"weight":0.2138399999999991},"num_concepts_raised":60227},{"base_id":875,"kind":"top_words","i1":3,"i2":9,"sol":{"path":["/c/en/hybrid","/c/en/biology","/c/en/immortality","/c/en/highlander"],"weight":0.21421999999999908},"num_concepts_raised":54475},{"base_id":875,"kind":"top_words","i1":4,"i2":5,"sol":{"path":["/c/en/lexus","/c/en/division","/c/en/merger","/c/en/fusion"],"weight":0.21302999999999883},"num_concepts_raised":42593},{"base_id":875,"kind":"top_words","i1":4,"i2":6,"sol":{"path":["/c/en/lexus","/c/en/company","/c/en/multiutility","/c/en/utility"],"weight":0.2123499999999991},"num_concepts_raised":58490},{"base_id":875,"kind":"top_words","i1":4,"i2":7,"sol":{"path":["/c/en/lexus","/c/en/company","/c/en/foreign","/c/en/foreigner","/c/en/outlander"],"weight":0.21576999999999963},"num_concepts_raised":9986},{"base_id":875,"kind":"top_words","i1":4,"i2":8,"sol":{"path":["/c/en/lexus","/c/en/company","/c/en/military","/c/en/escalade"],"weight":0.20826999999999968},"num_concepts_raised":13275},{"base_id":875,"kind":"top_words","i1":4,"i2":9,"sol":{"path":["/c/en/lexus","/c/en/japan","/c/en/mountain","/c/fr/montagnard","/c/en/highlander"],"weight":0.20948999999999968},"num_concepts_raised":7231},{"base_id":875,"kind":"top_words","i1":5,"i2":6,"sol":{"path":["/c/en/fusion","/c/en/merger","/c/en/economics","/c/en/utility"],"weight":0.21089999999999842},"num_concepts_raised":90791},{"base_id":875,"kind":"top_words","i1":5,"i2":7,"sol":{"path":["/c/en/fusion","/c/en/element","/c/en/book","/c/en/outlander"],"weight":0.211409999999999},"num_concepts_raised":43984},{"base_id":875,"kind":"top_words","i1":5,"i2":8,"sol":{"path":["/c/en/fusion","/c/en/fuse","/c/en/military","/c/en/escalade"],"weight":0.20662999999999904},"num_concepts_raised":47241},{"base_id":875,"kind":"top_words","i1":5,"i2":9,"sol":{"path":["/c/en/fusion","/c/en/combination","/c/en/combine","/c/en/card_games","/c/en/highlander"],"weight":0.20790999999999898},"num_concepts_raised":41440},{"base_id":875,"kind":"top_words","i1":6,"i2":7,"sol":{"path":["/c/en/utility","/c/en/house","/c/en/book","/c/en/outlander"],"weight":0.2112299999999992},"num_concepts_raised":60119},{"base_id":875,"kind":"top_words","i1":6,"i2":8,"sol":{"path":["/c/en/utility","/c/en/use","/c/en/climb","/c/en/escalade"],"weight":0.20755999999999925},"num_concepts_raised":63112},{"base_id":875,"kind":"top_words","i1":6,"i2":9,"sol":{"path":["/c/en/utility","/c/fr/utilité","/c/fr/parti","/c/fr/montagnard","/c/en/highlander"],"weight":0.21155999999999922},"num_concepts_raised":57597},{"base_id":875,"kind":"top_words","i1":7,"i2":8,"sol":{"path":["/c/en/outlander","/c/en/foreigner","/c/en/person","/c/en/climb","/c/en/escalade"],"weight":0.21053999999999978},"num_concepts_raised":14829},{"base_id":875,"kind":"top_words","i1":7,"i2":9,"sol":{"path":["/c/en/outlander","/c/en/foreigner","/c/gd/gall","/c/en/lowlander","/c/en/highlander"],"weight":0.21155999999999978},"num_concepts_raised":8655},{"base_id":875,"kind":"top_words","i1":8,"i2":9,"sol":{"path":["/c/en/escalade","/c/en/military","/c/en/soldier","/c/en/highlander"],"weight":0.20313999999999982},"num_concepts_raised":11880}]]