[[{"base_id":644,"kind":"bot_words","i1":0,"i2":1,"sol":{"path":["/c/en/colony","/c/en/place","/c/en/mind","/c/en/psychotropic"],"weight":0.22250999999999882},"num_concepts_raised":109098},{"base_id":644,"kind":"bot_words","i1":0,"i2":2,"sol":{"path":["/c/en/colony","/c/en/town","/c/en/tree","/c/en/zelkova"],"weight":0.2266099999999988},"num_concepts_raised":113201},{"base_id":644,"kind":"bot_words","i1":0,"i2":3,"sol":{"path":["/c/en/colony","/c/en/place","/c/en/warp","/c/en/heddle"],"weight":0.2238699999999988},"num_concepts_raised":109534},{"base_id":644,"kind":"bot_words","i1":0,"i2":4,"sol":{"path":["/c/en/colony","/c/en/group","/c/en/chemistry","/c/en/redox"],"weight":0.23114999999999852},"num_concepts_raised":125585},{"base_id":644,"kind":"bot_words","i1":0,"i2":5,"sol":{"path":["/c/en/colony","/c/en/group","/c/en/separate","/c/en/segregated"],"weight":0.2239199999999988},"num_concepts_raised":106255},{"base_id":644,"kind":"bot_words","i1":0,"i2":6,"sol":{"path":["/c/en/colony","/c/en/break","/c/en/continuous","/c/en/uninterrupted"],"weight":0.22136999999999868},"num_concepts_raised":107790},{"base_id":644,"kind":"bot_words","i1":0,"i2":7,"sol":{"path":["/c/en/colony","/c/en/city","/c/en/suburbs"],"weight":0.20600000000000002},"num_concepts_raised":601},{"base_id":644,"kind":"bot_words","i1":0,"i2":8,"sol":{"path":["/c/en/colony","/c/en/group","/c/en/computing","/c/en/phishing"],"weight":0.2292199999999988},"num_concepts_raised":116204},{"base_id":644,"kind":"bot_words","i1":0,"i2":9,"sol":{"path":["/c/en/colony","/c/en/city","/c/en/xichang"],"weight":0.20900000000000002},"num_concepts_raised":578},{"base_id":644,"kind":"bot_words","i1":1,"i2":2,"sol":{"path":["/c/en/psychotropic","/c/en/salvinorin","/c/en/plant","/c/en/zelkova"],"weight":0.20890999999999998},"num_concepts_raised":16125},{"base_id":644,"kind":"bot_words","i1":1,"i2":3,"sol":{"path":["/c/en/psychotropic","/c/en/process","/c/en/thread","/c/en/heddle"],"weight":0.20349999999999996},"num_concepts_raised":11980},{"base_id":644,"kind":"bot_words","i1":1,"i2":4,"sol":{"path":["/c/en/psychotropic","/c/en/agent","/c/en/ammonia","/c/en/redox"],"weight":0.20898999999999968},"num_concepts_raised":27981},{"base_id":644,"kind":"bot_words","i1":1,"i2":5,"sol":{"path":["/c/en/psychotropic","/c/en/process","/c/en/divide","/c/en/separate","/c/en/segregated"],"weight":0.20430999999999994},"num_concepts_raised":8531},{"base_id":644,"kind":"bot_words","i1":1,"i2":6,"sol":{"path":["/c/en/psychotropic","/c/en/pharmacology","/c/en/transdermal","/c/en/unbroken","/c/en/uninterrupted"],"weight":0.20585999999999982},"num_concepts_raised":10220},{"base_id":644,"kind":"bot_words","i1":1,"i2":7,"sol":{"path":["/c/en/psychotropic","/c/en/pharmacology","/c/en/xi","/c/en/city","/c/en/suburbs"],"weight":0.2044199999999998},"num_concepts_raised":20469},{"base_id":644,"kind":"bot_words","i1":1,"i2":8,"sol":{"path":["/c/en/psychotropic","/c/en/process","/c/en/computing","/c/en/phishing"],"weight":0.20948},"num_concepts_raised":19073},{"base_id":644,"kind":"bot_words","i1":1,"i2":9,"sol":{"path":["/c/en/psychotropic","/c/en/pharmacology","/c/en/xi","/c/en/city","/c/en/xichang"],"weight":0.21120999999999993},"num_concepts_raised":12000},{"base_id":644,"kind":"bot_words","i1":2,"i2":3,"sol":{"path":["/c/en/zelkova","/c/oge/ქვაჲ","/c/en/eye","/c/en/heddle"],"weight":0.21031999999999995},"num_concepts_raised":16464},{"base_id":644,"kind":"bot_words","i1":2,"i2":4,"sol":{"path":["/c/en/zelkova","/c/en/tree","/c/en/chemistry","/c/en/redox"],"weight":0.21748999999999966},"num_concepts_raised":32529},{"base_id":644,"kind":"bot_words","i1":2,"i2":5,"sol":{"path":["/c/en/zelkova","/c/en/elm","/c/en/shade","/c/en/lily_white","/c/en/segregated"],"weight":0.21411999999999992},"num_concepts_raised":13026},{"base_id":644,"kind":"bot_words","i1":2,"i2":6,"sol":{"path":["/c/en/zelkova","/c/en/elm","/c/en/deciduous","/c/fr/permanent","/c/en/uninterrupted"],"weight":0.21485999999999983},"num_concepts_raised":14724},{"base_id":644,"kind":"bot_words","i1":2,"i2":7,"sol":{"path":["/c/en/zelkova","/c/en/elm","/c/en/street","/c/en/suburbs"],"weight":0.2132199999999998},"num_concepts_raised":24784},{"base_id":644,"kind":"bot_words","i1":2,"i2":8,"sol":{"path":["/c/en/zelkova","/c/en/tree","/c/en/leaf","/c/en/computing","/c/en/phishing"],"weight":0.21550999999999998},"num_concepts_raised":23614},{"base_id":644,"kind":"bot_words","i1":2,"i2":9,"sol":{"path":["/c/en/zelkova","/c/en/elm","/c/en/street","/c/en/city","/c/en/xichang"],"weight":0.22017999999999993},"num_concepts_raised":16449},{"base_id":644,"kind":"bot_words","i1":3,"i2":4,"sol":{"path":["/c/en/heddle","/c/en/simple","/c/en/chemistry","/c/en/redox"],"weight":0.21178999999999965},"num_concepts_raised":28447},{"base_id":644,"kind":"bot_words","i1":3,"i2":5,"sol":{"path":["/c/en/heddle","/c/en/warp","/c/en/restricted","/c/en/segregated"],"weight":0.2044799999999999},"num_concepts_raised":8908},{"base_id":644,"kind":"bot_words","i1":3,"i2":6,"sol":{"path":["/c/en/heddle","/c/en/thread","/c/it/filato","/c/en/uninterrupted"],"weight":0.2040999999999998},"num_concepts_raised":10573},{"base_id":644,"kind":"bot_words","i1":3,"i2":7,"sol":{"path":["/c/en/heddle","/c/en/strand","/c/en/street","/c/en/suburbs"],"weight":0.20347999999999977},"num_concepts_raised":20723},{"base_id":644,"kind":"bot_words","i1":3,"i2":8,"sol":{"path":["/c/en/heddle","/c/en/thread","/c/en/computing","/c/en/phishing"],"weight":0.20993999999999996},"num_concepts_raised":19466},{"base_id":644,"kind":"bot_words","i1":3,"i2":9,"sol":{"path":["/c/en/heddle","/c/en/warp","/c/en/london","/c/en/city","/c/en/xichang"],"weight":0.21161999999999992},"num_concepts_raised":12362},{"base_id":644,"kind":"bot_words","i1":4,"i2":5,"sol":{"path":["/c/en/redox","/c/en/chemistry","/c/en/sequester","/c/en/separate","/c/en/segregated"],"weight":0.21273999999999962},"num_concepts_raised":24948},{"base_id":644,"kind":"bot_words","i1":4,"i2":6,"sol":{"path":["/c/en/redox","/c/fr/chimie","/c/fr/permanent","/c/en/uninterrupted"],"weight":0.21084999999999954},"num_concepts_raised":26649},{"base_id":644,"kind":"bot_words","i1":4,"i2":7,"sol":{"path":["/c/en/redox","/c/en/chemistry","/c/en/school","/c/en/suburb","/c/en/suburbs"],"weight":0.2128299999999995},"num_concepts_raised":36936},{"base_id":644,"kind":"bot_words","i1":4,"i2":8,"sol":{"path":["/c/en/redox","/c/en/chemistry","/c/en/alchemy","/c/en/computing","/c/en/phishing"],"weight":0.21796999999999966},"num_concepts_raised":35547},{"base_id":644,"kind":"bot_words","i1":4,"i2":9,"sol":{"path":["/c/en/redox","/c/en/chemistry","/c/en/group","/c/en/city","/c/en/xichang"],"weight":0.21858999999999962},"num_concepts_raised":28453},{"base_id":644,"kind":"bot_words","i1":5,"i2":6,"sol":{"path":["/c/en/segregated","/c/en/separate","/c/en/together","/c/en/uninterrupted"],"weight":0.20481999999999978},"num_concepts_raised":7087},{"base_id":644,"kind":"bot_words","i1":5,"i2":7,"sol":{"path":["/c/en/segregated","/c/en/separate","/c/en/apartment","/c/en/city","/c/en/suburbs"],"weight":0.20458999999999977},"num_concepts_raised":17358},{"base_id":644,"kind":"bot_words","i1":5,"i2":8,"sol":{"path":["/c/en/segregated","/c/en/access","/c/en/computing","/c/en/phishing"],"weight":0.20949999999999996},"num_concepts_raised":16011},{"base_id":644,"kind":"bot_words","i1":5,"i2":9,"sol":{"path":["/c/en/segregated","/c/en/separate","/c/en/group","/c/en/city","/c/en/xichang"],"weight":0.21128999999999987},"num_concepts_raised":8878},{"base_id":644,"kind":"bot_words","i1":6,"i2":7,"sol":{"path":["/c/en/uninterrupted","/c/en/unbroken","/c/en/horse","/c/en/suburbs"],"weight":0.20486999999999966},"num_concepts_raised":19017},{"base_id":644,"kind":"bot_words","i1":6,"i2":8,"sol":{"path":["/c/en/uninterrupted","/c/en/clean","/c/en/computing","/c/en/phishing"],"weight":0.21006999999999984},"num_concepts_raised":17698},{"base_id":644,"kind":"bot_words","i1":6,"i2":9,"sol":{"path":["/c/en/uninterrupted","/c/en/unbroken","/c/en/sound","/c/en/city","/c/en/xichang"],"weight":0.21191999999999978},"num_concepts_raised":10577},{"base_id":644,"kind":"bot_words","i1":7,"i2":8,"sol":{"path":["/c/en/suburbs","/c/en/home","/c/en/computing","/c/en/phishing"],"weight":0.20965999999999982},"num_concepts_raised":27857},{"base_id":644,"kind":"bot_words","i1":7,"i2":9,"sol":{"path":["/c/en/suburbs","/c/en/city","/c/en/xichang"],"weight":0.20500000000000002},"num_concepts_raised":82},{"base_id":644,"kind":"bot_words","i1":8,"i2":9,"sol":{"path":["/c/en/phishing","/c/en/computing","/c/en/population","/c/en/city","/c/en/xichang"],"weight":0.21657999999999994},"num_concepts_raised":19504}],[{"base_id":644,"kind":"top_words","i1":0,"i2":1,"sol":{"path":["/c/en/reinsure","/c/en/insurance","/c/en/reinsurance"],"weight":0.20400000000000001},"num_concepts_raised":88},{"base_id":644,"kind":"top_words","i1":0,"i2":2,"sol":{"path":["/c/en/reinsure","/c/en/cover","/c/en/page","/c/en/foliation"],"weight":0.20904999999999954},"num_concepts_raised":41157},{"base_id":644,"kind":"top_words","i1":0,"i2":3,"sol":{"path":["/c/en/reinsure","/c/en/insurance","/c/en/trailing_commission","/c/en/superannuation"],"weight":0.20283999999999983},"num_concepts_raised":12988},{"base_id":644,"kind":"top_words","i1":0,"i2":4,"sol":{"path":["/c/en/reinsure","/c/en/risk","/c/en/event","/c/en/military_conflict","/c/en/battle_of_thermopylae","/c/en/thermopylae"],"weight":0.20773719999999982},"num_concepts_raised":309242},{"base_id":644,"kind":"top_words","i1":0,"i2":5,"sol":{"path":["/c/en/reinsure","/c/en/cover","/c/en/money","/c/en/liabilities"],"weight":0.2029999999999998},"num_concepts_raised":13726},{"base_id":644,"kind":"top_words","i1":0,"i2":6,"sol":{"path":["/c/en/reinsure","/c/en/insure","/c/en/deviation","/c/en/pathology","/c/en/ketosis"],"weight":0.20379999999999993},"num_concepts_raised":9749},{"base_id":644,"kind":"top_words","i1":0,"i2":7,"sol":{"path":["/c/en/reinsure","/c/en/insure","/c/en/insured","/c/en/person","/c/en/ephialtes"],"weight":0.2089399999999998},"num_concepts_raised":17700},{"base_id":644,"kind":"top_words","i1":0,"i2":8,"sol":{"path":["/c/en/reinsure","/c/en/insurance","/c/en/peril","/c/en/pickle","/c/en/pickling"],"weight":0.2039899999999999},"num_concepts_raised":5239},{"base_id":644,"kind":"top_words","i1":0,"i2":9,"sol":{"path":["/c/en/reinsure","/c/en/insurance","/c/en/adjuster"],"weight":0.202},"num_concepts_raised":58},{"base_id":644,"kind":"top_words","i1":1,"i2":2,"sol":{"path":["/c/en/reinsurance","/c/en/loss","/c/en/exfoliation","/c/en/foliation"],"weight":0.21655999999999945},"num_concepts_raised":44538},{"base_id":644,"kind":"top_words","i1":1,"i2":3,"sol":{"path":["/c/en/reinsurance","/c/en/insurance","/c/en/trailing_commission","/c/en/superannuation"],"weight":0.20838999999999974},"num_concepts_raised":16274},{"base_id":644,"kind":"top_words","i1":1,"i2":4,"sol":{"path":["/c/en/reinsurance","/c/en/business","/c/en/trojan_horse","/c/en/greece","/c/en/thermopylae"],"weight":0.2084299999999998},"num_concepts_raised":7602},{"base_id":644,"kind":"top_words","i1":1,"i2":5,"sol":{"path":["/c/en/reinsurance","/c/en/finance","/c/en/liabilities"],"weight":0.20400000000000001},"num_concepts_raised":104},{"base_id":644,"kind":"top_words","i1":1,"i2":6,"sol":{"path":["/c/en/reinsurance","/c/en/danger","/c/en/shock","/c/en/pathology","/c/en/ketosis"],"weight":0.20837999999999984},"num_concepts_raised":13124},{"base_id":644,"kind":"top_words","i1":1,"i2":7,"sol":{"path":["/c/en/reinsurance","/c/en/danger","/c/en/person","/c/en/ephialtes"],"weight":0.2134999999999997},"num_concepts_raised":20998},{"base_id":644,"kind":"top_words","i1":1,"i2":8,"sol":{"path":["/c/en/reinsurance","/c/en/finance","/c/en/water","/c/en/brine","/c/en/pickling"],"weight":0.20957999999999977},"num_concepts_raised":8619},{"base_id":644,"kind":"top_words","i1":1,"i2":9,"sol":{"path":["/c/en/reinsurance","/c/en/insurance","/c/en/adjuster"],"weight":0.20400000000000001},"num_concepts_raised":94},{"base_id":644,"kind":"top_words","i1":2,"i2":3,"sol":{"path":["/c/en/foliation","/c/en/metal","/c/en/uk","/c/en/superannuation"],"weight":0.20906999999999953},"num_concepts_raised":46981},{"base_id":644,"kind":"top_words","i1":2,"i2":4,"sol":{"path":["/c/en/foliation","/c/en/leaf","/c/en/madonna_lily","/c/en/greece","/c/en/thermopylae"],"weight":0.2093599999999996},"num_concepts_raised":38546},{"base_id":644,"kind":"top_words","i1":2,"i2":5,"sol":{"path":["/c/en/foliation","/c/en/tin","/c/en/money","/c/en/liabilities"],"weight":0.20928999999999948},"num_concepts_raised":47815},{"base_id":644,"kind":"top_words","i1":2,"i2":6,"sol":{"path":["/c/en/foliation","/c/en/growth","/c/en/pathology","/c/en/ketosis"],"weight":0.20894999999999958},"num_concepts_raised":43987},{"base_id":644,"kind":"top_words","i1":2,"i2":7,"sol":{"path":["/c/en/foliation","/c/en/rock","/c/en/person","/c/en/ephialtes"],"weight":0.21417999999999948},"num_concepts_raised":51711},{"base_id":644,"kind":"top_words","i1":2,"i2":8,"sol":{"path":["/c/en/foliation","/c/en/metal","/c/en/hydrogen_embrittlement","/c/en/pickling"],"weight":0.20904999999999957},"num_concepts_raised":39458},{"base_id":644,"kind":"top_words","i1":2,"i2":9,"sol":{"path":["/c/en/foliation","/c/en/set","/c/en/adjust","/c/en/adjuster"],"weight":0.21004999999999957},"num_concepts_raised":39097},{"base_id":644,"kind":"top_words","i1":3,"i2":4,"sol":{"path":["/c/en/superannuation","/c/en/australia","/c/en/country","/c/en/greece","/c/en/thermopylae"],"weight":0.20290999999999987},"num_concepts_raised":10220},{"base_id":644,"kind":"top_words","i1":3,"i2":5,"sol":{"path":["/c/en/superannuation","/c/en/pension","/c/en/tax","/c/en/liabilities"],"weight":0.20407999999999976},"num_concepts_raised":19544},{"base_id":644,"kind":"top_words","i1":3,"i2":6,"sol":{"path":["/c/en/superannuation","/c/en/new_zealand","/c/en/derangement_syndrome","/c/en/pathology","/c/en/ketosis"],"weight":0.2028099999999999},"num_concepts_raised":15755},{"base_id":644,"kind":"top_words","i1":3,"i2":7,"sol":{"path":["/c/en/superannuation","/c/en/dismissal","/c/en/person","/c/en/ephialtes"],"weight":0.20785999999999977},"num_concepts_raised":23573},{"base_id":644,"kind":"top_words","i1":3,"i2":8,"sol":{"path":["/c/en/superannuation","/c/en/uk","/c/en/solution","/c/en/pickling"],"weight":0.20278999999999986},"num_concepts_raised":11233},{"base_id":644,"kind":"top_words","i1":3,"i2":9,"sol":{"path":["/c/en/superannuation","/c/en/trailing_commission","/c/en/insurance","/c/en/adjuster"],"weight":0.20283999999999985},"num_concepts_raised":10821},{"base_id":644,"kind":"top_words","i1":4,"i2":5,"sol":{"path":["/c/en/thermopylae","/c/en/greece","/c/en/piigs","/c/en/debt","/c/en/liabilities"],"weight":0.20410999999999985},"num_concepts_raised":10996},{"base_id":644,"kind":"top_words","i1":4,"i2":6,"sol":{"path":["/c/en/thermopylae","/c/en/greece","/c/en/ion","/c/en/atom","/c/en/ketone","/c/en/ketosis"],"weight":0.20774669999999978},"num_concepts_raised":177401},{"base_id":644,"kind":"top_words","i1":4,"i2":7,"sol":{"path":["/c/en/thermopylae","/c/en/greece","/c/en/athenian","/c/en/ephialtes"],"weight":0.20792999999999984},"num_concepts_raised":14887},{"base_id":644,"kind":"top_words","i1":4,"i2":8,"sol":{"path":["/c/en/thermopylae","/c/en/greece","/c/en/bath","/c/en/pickle","/c/en/pickling"],"weight":0.20392999999999992},"num_concepts_raised":2379},{"base_id":644,"kind":"top_words","i1":4,"i2":9,"sol":{"path":["/c/en/thermopylae","/c/en/greece","/c/en/delta","/c/en/change","/c/en/adjust","/c/en/adjuster"],"weight":0.20769419999999975},"num_concepts_raised":121134},{"base_id":644,"kind":"top_words","i1":5,"i2":6,"sol":{"path":["/c/en/liabilities","/c/en/solvent","/c/en/acetone","/c/en/ketone","/c/en/ketosis"],"weight":0.20396999999999987},"num_concepts_raised":16519},{"base_id":644,"kind":"top_words","i1":5,"i2":7,"sol":{"path":["/c/en/liabilities","/c/en/debt","/c/en/owe","/c/en/person","/c/en/ephialtes"],"weight":0.2092399999999997},"num_concepts_raised":24325},{"base_id":644,"kind":"top_words","i1":5,"i2":8,"sol":{"path":["/c/en/liabilities","/c/en/solvent","/c/en/solution","/c/en/pickling"],"weight":0.2028999999999998},"num_concepts_raised":11988},{"base_id":644,"kind":"top_words","i1":5,"i2":9,"sol":{"path":["/c/en/liabilities","/c/en/liability","/c/en/claims_adjuster","/c/en/adjuster"],"weight":0.20402999999999982},"num_concepts_raised":11586},{"base_id":644,"kind":"top_words","i1":6,"i2":7,"sol":{"path":["/c/en/ketosis","/c/en/ketone","/c/en/one","/c/en/person","/c/en/ephialtes"],"weight":0.20900999999999986},"num_concepts_raised":20406},{"base_id":644,"kind":"top_words","i1":6,"i2":8,"sol":{"path":["/c/en/ketosis","/c/en/fasting","/c/en/food","/c/en/brine","/c/en/pickling"],"weight":0.20390999999999992},"num_concepts_raised":7918},{"base_id":644,"kind":"top_words","i1":6,"i2":9,"sol":{"path":["/c/en/ketosis","/c/en/ketone","/c/en/one","/c/en/zero","/c/en/adjust","/c/en/adjuster"],"weight":0.2098598999999997},"num_concepts_raised":235953},{"base_id":644,"kind":"top_words","i1":7,"i2":8,"sol":{"path":["/c/en/ephialtes","/c/en/person","/c/en/water","/c/en/brine","/c/en/pickling"],"weight":0.2090899999999998},"num_concepts_raised":15905},{"base_id":644,"kind":"top_words","i1":7,"i2":9,"sol":{"path":["/c/en/ephialtes","/c/en/person","/c/en/change","/c/en/adjust","/c/en/adjuster"],"weight":0.2090099999999998},"num_concepts_raised":15525},{"base_id":644,"kind":"top_words","i1":8,"i2":9,"sol":{"path":["/c/en/pickling","/c/en/pickle","/c/en/peril","/c/en/insurance","/c/en/adjuster"],"weight":0.2039599999999999},"num_concepts_raised":3018}]]