[[{"base_id":546,"kind":"bot_words","i1":0,"i2":1,"sol":{"path":["/c/en/bein","/c/en/dialectal","/c/uk/коса","/c/en/pancreas","/c/en/pancreatitis"],"weight":0.2050999999999999},"num_concepts_raised":18452},{"base_id":546,"kind":"bot_words","i1":0,"i2":2,"sol":{"path":["/c/en/bein","/c/en/nonstandard","/c/en/cancel","/c/en/invalidate"],"weight":0.20597999999999966},"num_concepts_raised":30214},{"base_id":546,"kind":"bot_words","i1":0,"i2":3,"sol":{"path":["/c/en/bein","/c/en/be","/c/en/art","/c/en/hieratic","/c/en/sacerdotal"],"weight":0.2049499999999999},"num_concepts_raised":19526},{"base_id":546,"kind":"bot_words","i1":0,"i2":4,"sol":{"path":["/c/en/bein","/c/en/be","/c/en/place","/c/en/city","/c/en/incheon"],"weight":0.2093899999999997},"num_concepts_raised":20324},{"base_id":546,"kind":"bot_words","i1":0,"i2":5,"sol":{"path":["/c/en/bein","/c/en/be","/c/en/insect","/c/en/stonefly"],"weight":0.2038199999999999},"num_concepts_raised":24281},{"base_id":546,"kind":"bot_words","i1":0,"i2":6,"sol":{"path":["/c/en/bein","/c/en/dialectal","/c/en/truck","/c/en/tatra"],"weight":0.20912999999999976},"num_concepts_raised":23271},{"base_id":546,"kind":"bot_words","i1":0,"i2":7,"sol":{"path":["/c/en/bein","/c/en/dry","/c/en/sultry"],"weight":0.202},"num_concepts_raised":111},{"base_id":546,"kind":"bot_words","i1":0,"i2":8,"sol":{"path":["/c/en/bein","/c/en/dialectal","/c/en/camp","/c/en/campground"],"weight":0.20444999999999983},"num_concepts_raised":20280},{"base_id":546,"kind":"bot_words","i1":0,"i2":9,"sol":{"path":["/c/en/bein","/c/en/now","/c/en/dyke","/c/en/jetty"],"weight":0.20480999999999983},"num_concepts_raised":28266},{"base_id":546,"kind":"bot_words","i1":1,"i2":2,"sol":{"path":["/c/en/pancreatitis","/c/en/infection","/c/en/taint","/c/en/invalidate"],"weight":0.2048999999999997},"num_concepts_raised":16190},{"base_id":546,"kind":"bot_words","i1":1,"i2":3,"sol":{"path":["/c/en/pancreatitis","/c/it/pancreatite","/c/en/pathology","/c/syc/ܟܘܪܗܢܐ","/c/en/religion","/c/en/sacerdotal"],"weight":0.21048679999999953},"num_concepts_raised":230572},{"base_id":546,"kind":"bot_words","i1":1,"i2":4,"sol":{"path":["/c/en/pancreatitis","/c/en/infection","/c/en/areas","/c/en/city","/c/en/incheon"],"weight":0.2085799999999997},"num_concepts_raised":6013},{"base_id":546,"kind":"bot_words","i1":1,"i2":5,"sol":{"path":["/c/en/pancreatitis","/c/en/infection","/c/en/cecidium","/c/en/insect","/c/en/stonefly"],"weight":0.20303999999999994},"num_concepts_raised":10109},{"base_id":546,"kind":"bot_words","i1":1,"i2":6,"sol":{"path":["/c/en/pancreatitis","/c/en/inflammation","/c/en/ignition","/c/en/car","/c/en/tatra"],"weight":0.2084399999999998},"num_concepts_raised":9028},{"base_id":546,"kind":"bot_words","i1":1,"i2":7,"sol":{"path":["/c/en/pancreatitis","/c/en/inflammation","/c/en/wind","/c/en/hot","/c/en/sultry"],"weight":0.2040599999999998},"num_concepts_raised":6922},{"base_id":546,"kind":"bot_words","i1":1,"i2":8,"sol":{"path":["/c/en/pancreatitis","/c/en/infection","/c/en/medicine","/c/en/tent","/c/en/campground"],"weight":0.20457999999999987},"num_concepts_raised":5986},{"base_id":546,"kind":"bot_words","i1":1,"i2":9,"sol":{"path":["/c/en/pancreatitis","/c/en/pancreas","/c/fr/anatomie","/c/en/mole","/c/en/jetty"],"weight":0.20637999999999984},"num_concepts_raised":14069},{"base_id":546,"kind":"bot_words","i1":2,"i2":3,"sol":{"path":["/c/en/invalidate","/c/en/confirm","/c/en/religion","/c/en/sacerdotal"],"weight":0.20469999999999972},"num_concepts_raised":17260},{"base_id":546,"kind":"bot_words","i1":2,"i2":4,"sol":{"path":["/c/en/invalidate","/c/en/cancel","/c/en/stop","/c/en/city","/c/en/incheon"],"weight":0.2115199999999995},"num_concepts_raised":18109},{"base_id":546,"kind":"bot_words","i1":2,"i2":5,"sol":{"path":["/c/en/invalidate","/c/en/change","/c/en/fly","/c/en/stonefly"],"weight":0.20466999999999969},"num_concepts_raised":22093},{"base_id":546,"kind":"bot_words","i1":2,"i2":6,"sol":{"path":["/c/en/invalidate","/c/en/break","/c/en/car","/c/en/tatra"],"weight":0.21008999999999955},"num_concepts_raised":21019},{"base_id":546,"kind":"bot_words","i1":2,"i2":7,"sol":{"path":["/c/en/invalidate","/c/en/break","/c/en/weather","/c/en/sultry"],"weight":0.20549999999999954},"num_concepts_raised":18949},{"base_id":546,"kind":"bot_words","i1":2,"i2":8,"sol":{"path":["/c/en/invalidate","/c/en/change","/c/en/camp","/c/en/campground"],"weight":0.20535999999999965},"num_concepts_raised":18000},{"base_id":546,"kind":"bot_words","i1":2,"i2":9,"sol":{"path":["/c/en/invalidate","/c/en/break","/c/en/breakwater","/c/en/jetty"],"weight":0.20611999999999964},"num_concepts_raised":25977},{"base_id":546,"kind":"bot_words","i1":3,"i2":4,"sol":{"path":["/c/en/sacerdotal","/c/la/sacerdotalis","/c/en/office","/c/en/city","/c/en/incheon"],"weight":0.20936999999999972},"num_concepts_raised":7090},{"base_id":546,"kind":"bot_words","i1":3,"i2":5,"sol":{"path":["/c/en/sacerdotal","/c/en/priestly","/c/en/priest","/c/en/order","/c/en/stonefly"],"weight":0.20388999999999996},"num_concepts_raised":11175},{"base_id":546,"kind":"bot_words","i1":3,"i2":6,"sol":{"path":["/c/en/sacerdotal","/c/en/religion","/c/en/slovakia","/c/en/tatra"],"weight":0.2081199999999998},"num_concepts_raised":10115},{"base_id":546,"kind":"bot_words","i1":3,"i2":7,"sol":{"path":["/c/en/sacerdotal","/c/en/religion","/c/en/general","/c/en/hot","/c/en/sultry"],"weight":0.20374999999999982},"num_concepts_raised":8012},{"base_id":546,"kind":"bot_words","i1":3,"i2":8,"sol":{"path":["/c/en/sacerdotal","/c/la/sacerdotalis","/c/en/office","/c/en/meeting","/c/en/campground"],"weight":0.2042199999999999},"num_concepts_raised":7071},{"base_id":546,"kind":"bot_words","i1":3,"i2":9,"sol":{"path":["/c/en/sacerdotal","/c/en/religion","/c/en/like","/c/en/mole","/c/en/jetty"],"weight":0.20510999999999988},"num_concepts_raised":15153},{"base_id":546,"kind":"bot_words","i1":4,"i2":5,"sol":{"path":["/c/en/incheon","/c/en/city","/c/en/high","/c/en/fly","/c/en/stonefly"],"weight":0.2082899999999997},"num_concepts_raised":12003},{"base_id":546,"kind":"bot_words","i1":4,"i2":6,"sol":{"path":["/c/en/incheon","/c/en/city","/c/en/car","/c/en/tatra"],"weight":0.21363999999999958},"num_concepts_raised":10860},{"base_id":546,"kind":"bot_words","i1":4,"i2":7,"sol":{"path":["/c/en/incheon","/c/en/city","/c/en/high","/c/en/hot","/c/en/sultry"],"weight":0.20922999999999958},"num_concepts_raised":8851},{"base_id":546,"kind":"bot_words","i1":4,"i2":8,"sol":{"path":["/c/en/incheon","/c/en/city","/c/en/camp","/c/en/campground"],"weight":0.20895999999999965},"num_concepts_raised":7839},{"base_id":546,"kind":"bot_words","i1":4,"i2":9,"sol":{"path":["/c/en/incheon","/c/en/city","/c/en/dyke","/c/en/jetty"],"weight":0.20926999999999965},"num_concepts_raised":15948},{"base_id":546,"kind":"bot_words","i1":5,"i2":6,"sol":{"path":["/c/en/stonefly","/c/en/fly","/c/en/carriage","/c/en/tatra"],"weight":0.2080799999999998},"num_concepts_raised":14949},{"base_id":546,"kind":"bot_words","i1":5,"i2":7,"sol":{"path":["/c/en/stonefly","/c/en/fly","/c/en/dry","/c/en/sultry"],"weight":0.20344999999999977},"num_concepts_raised":12912},{"base_id":546,"kind":"bot_words","i1":5,"i2":8,"sol":{"path":["/c/en/stonefly","/c/en/fly","/c/en/tent","/c/en/campground"],"weight":0.20421999999999985},"num_concepts_raised":11944},{"base_id":546,"kind":"bot_words","i1":5,"i2":9,"sol":{"path":["/c/en/stonefly","/c/en/fly","/c/en/jet","/c/en/jetty"],"weight":0.20376999999999984},"num_concepts_raised":19903},{"base_id":546,"kind":"bot_words","i1":6,"i2":7,"sol":{"path":["/c/en/tatra","/c/en/car","/c/en/heavy","/c/da/lummer","/c/en/sultry"],"weight":0.20989999999999964},"num_concepts_raised":11825},{"base_id":546,"kind":"bot_words","i1":6,"i2":8,"sol":{"path":["/c/en/tatra","/c/en/car","/c/en/tent","/c/en/campground"],"weight":0.20958999999999975},"num_concepts_raised":10851},{"base_id":546,"kind":"bot_words","i1":6,"i2":9,"sol":{"path":["/c/en/tatra","/c/en/car","/c/en/fender","/c/en/jetty"],"weight":0.20907999999999974},"num_concepts_raised":18863},{"base_id":546,"kind":"bot_words","i1":7,"i2":8,"sol":{"path":["/c/en/sultry","/c/fr/étouffant","/c/fr/faire","/c/en/tent","/c/en/campground"],"weight":0.20604999999999973},"num_concepts_raised":8808},{"base_id":546,"kind":"bot_words","i1":7,"i2":9,"sol":{"path":["/c/en/sultry","/c/fr/étouffant","/c/fr/faire","/c/sv/brygga","/c/en/jetty"],"weight":0.20659999999999973},"num_concepts_raised":16850},{"base_id":546,"kind":"bot_words","i1":8,"i2":9,"sol":{"path":["/c/en/campground","/c/en/man_made_structure","/c/en/fixed_freestanding_structure","/c/en/jetty"],"weight":0.2040899999999998},"num_concepts_raised":15850}],[{"base_id":546,"kind":"top_words","i1":0,"i2":1,"sol":{"path":["/c/en/acupressure","/c/en/acupuncture","/c/en/insertion","/c/en/minicircle","/c/en/uridine"],"weight":0.2095099999999997},"num_concepts_raised":20286},{"base_id":546,"kind":"top_words","i1":0,"i2":2,"sol":{"path":["/c/en/acupressure","/c/en/china","/c/en/li"],"weight":0.20400000000000001},"num_concepts_raised":2548},{"base_id":546,"kind":"top_words","i1":0,"i2":3,"sol":{"path":["/c/en/acupressure","/c/en/treatment","/c/en/compliance","/c/en/hearken"],"weight":0.20351999999999978},"num_concepts_raised":12043},{"base_id":546,"kind":"top_words","i1":0,"i2":4,"sol":{"path":["/c/en/acupressure","/c/en/massage","/c/en/back","/c/en/confirm","/c/en/reconfirm"],"weight":0.20411999999999986},"num_concepts_raised":10078},{"base_id":546,"kind":"top_words","i1":0,"i2":5,"sol":{"path":["/c/en/acupressure","/c/en/japan","/c/en/futon"],"weight":0.202},"num_concepts_raised":98},{"base_id":546,"kind":"top_words","i1":0,"i2":6,"sol":{"path":["/c/en/acupressure","/c/en/china","/c/en/botany","/c/en/oblique","/c/en/sideling"],"weight":0.2041299999999998},"num_concepts_raised":11060},{"base_id":546,"kind":"top_words","i1":0,"i2":7,"sol":{"path":["/c/en/acupressure","/c/en/china","/c/en/country","/c/en/ambassador"],"weight":0.20713999999999977},"num_concepts_raised":21316},{"base_id":546,"kind":"top_words","i1":0,"i2":8,"sol":{"path":["/c/en/acupressure","/c/en/arrest","/c/en/law","/c/en/mandamus"],"weight":0.2081399999999998},"num_concepts_raised":11850},{"base_id":546,"kind":"top_words","i1":0,"i2":9,"sol":{"path":["/c/en/acupressure","/c/en/intelligent_agent_activity","/c/en/woodworking","/c/en/mortise"],"weight":0.20521999999999976},"num_concepts_raised":14163},{"base_id":546,"kind":"top_words","i1":1,"i2":2,"sol":{"path":["/c/en/uridine","/c/en/biochemistry","/c/en/in","/c/zh/里","/c/en/li"],"weight":0.24242999999999634},"num_concepts_raised":33874},{"base_id":546,"kind":"top_words","i1":1,"i2":3,"sol":{"path":["/c/en/uridine","/c/en/biochemistry","/c/en/sense","/c/en/listen","/c/en/hearken"],"weight":0.21009999999999968},"num_concepts_raised":18104},{"base_id":546,"kind":"top_words","i1":1,"i2":4,"sol":{"path":["/c/en/uridine","/c/en/biochemistry","/c/en/pcc","/c/en/travel","/c/en/reconfirm"],"weight":0.2081599999999998},"num_concepts_raised":16131},{"base_id":546,"kind":"top_words","i1":1,"i2":5,"sol":{"path":["/c/en/uridine","/c/en/organic_compound","/c/en/pan","/c/en/bed","/c/en/futon"],"weight":0.20975999999999978},"num_concepts_raised":18324},{"base_id":546,"kind":"top_words","i1":1,"i2":6,"sol":{"path":["/c/en/uridine","/c/en/biochemistry","/c/en/base","/c/en/oblique","/c/en/sideling"],"weight":0.20916999999999972},"num_concepts_raised":17128},{"base_id":546,"kind":"top_words","i1":1,"i2":7,"sol":{"path":["/c/en/uridine","/c/en/biochemistry","/c/en/characteristic","/c/en/representative","/c/en/ambassador"],"weight":0.21307999999999966},"num_concepts_raised":27505},{"base_id":546,"kind":"top_words","i1":1,"i2":8,"sol":{"path":["/c/en/uridine","/c/en/chemical_compound","/c/en/element","/c/en/law","/c/en/mandamus"],"weight":0.2131899999999997},"num_concepts_raised":17929},{"base_id":546,"kind":"top_words","i1":1,"i2":9,"sol":{"path":["/c/en/uridine","/c/en/biochemistry","/c/en/gate","/c/en/hole","/c/en/mortise"],"weight":0.20919999999999966},"num_concepts_raised":20277},{"base_id":546,"kind":"top_words","i1":2,"i2":3,"sol":{"path":["/c/en/li","/c/en/korean","/c/en/k","/c/en/hearken"],"weight":0.23332999999999646},"num_concepts_raised":25629},{"base_id":546,"kind":"top_words","i1":2,"i2":4,"sol":{"path":["/c/en/li","/c/en/distance","/c/en/travel","/c/en/reconfirm"],"weight":0.23295999999999653},"num_concepts_raised":23698},{"base_id":546,"kind":"top_words","i1":2,"i2":5,"sol":{"path":["/c/en/li","/c/en/china","/c/en/japan","/c/en/futon"],"weight":0.23345999999999653},"num_concepts_raised":25811},{"base_id":546,"kind":"top_words","i1":2,"i2":6,"sol":{"path":["/c/en/li","/c/en/lee","/c/en/side","/c/en/sideling"],"weight":0.23522999999999647},"num_concepts_raised":24586},{"base_id":546,"kind":"top_words","i1":2,"i2":7,"sol":{"path":["/c/en/li","/c/ko/리","/c/en/government","/c/en/ambassador"],"weight":0.24288999999999644},"num_concepts_raised":34625},{"base_id":546,"kind":"top_words","i1":2,"i2":8,"sol":{"path":["/c/en/li","/c/en/behaviour","/c/en/law","/c/en/mandamus"],"weight":0.23788999999999647},"num_concepts_raised":25447},{"base_id":546,"kind":"top_words","i1":2,"i2":9,"sol":{"path":["/c/en/li","/c/en/half","/c/en/cut","/c/en/mortise"],"weight":0.2338899999999964},"num_concepts_raised":27722},{"base_id":546,"kind":"top_words","i1":3,"i2":4,"sol":{"path":["/c/en/hearken","/c/en/listen","/c/en/action","/c/en/travel","/c/en/reconfirm"],"weight":0.20463999999999988},"num_concepts_raised":7877},{"base_id":546,"kind":"top_words","i1":3,"i2":5,"sol":{"path":["/c/en/hearken","/c/en/listen","/c/en/people","/c/en/mattress","/c/en/futon"],"weight":0.20633999999999986},"num_concepts_raised":10069},{"base_id":546,"kind":"top_words","i1":3,"i2":6,"sol":{"path":["/c/en/hearken","/c/en/en","/c/en/ling","/c/en/sideling"],"weight":0.2031299999999998},"num_concepts_raised":8851},{"base_id":546,"kind":"top_words","i1":3,"i2":7,"sol":{"path":["/c/en/hearken","/c/en/listen","/c/en/job","/c/en/ambassador"],"weight":0.20845999999999976},"num_concepts_raised":19162},{"base_id":546,"kind":"top_words","i1":3,"i2":8,"sol":{"path":["/c/en/hearken","/c/en/compliance","/c/fi/määräys","/c/en/mandamus"],"weight":0.2080899999999998},"num_concepts_raised":9641},{"base_id":546,"kind":"top_words","i1":3,"i2":9,"sol":{"path":["/c/en/hearken","/c/syc/ܨܘܬܐ","/c/en/joint","/c/en/mortise"],"weight":0.20417999999999975},"num_concepts_raised":11992},{"base_id":546,"kind":"top_words","i1":4,"i2":5,"sol":{"path":["/c/en/reconfirm","/c/en/confirm","/c/en/support","/c/en/mattress","/c/en/futon"],"weight":0.20544999999999997},"num_concepts_raised":8105},{"base_id":546,"kind":"top_words","i1":4,"i2":6,"sol":{"path":["/c/en/reconfirm","/c/en/confirm","/c/en/back","/c/en/side","/c/en/sideling"],"weight":0.20391999999999993},"num_concepts_raised":6890},{"base_id":546,"kind":"top_words","i1":4,"i2":7,"sol":{"path":["/c/en/reconfirm","/c/fi/vahvistaa","/c/en/accredit","/c/en/ambassador"],"weight":0.20656999999999986},"num_concepts_raised":17258},{"base_id":546,"kind":"top_words","i1":4,"i2":8,"sol":{"path":["/c/en/reconfirm","/c/fi/vahvistaa","/c/en/legal","/c/en/writ_of_mandamus","/c/en/mandamus"],"weight":0.20978999999999992},"num_concepts_raised":7719},{"base_id":546,"kind":"top_words","i1":4,"i2":9,"sol":{"path":["/c/en/reconfirm","/c/en/aviation","/c/en/making","/c/en/woodworking","/c/en/mortise"],"weight":0.20482999999999985},"num_concepts_raised":10032},{"base_id":546,"kind":"top_words","i1":5,"i2":6,"sol":{"path":["/c/en/futon","/c/en/bed","/c/en/crossbedding","/c/en/oblique","/c/en/sideling"],"weight":0.2053599999999999},"num_concepts_raised":9074},{"base_id":546,"kind":"top_words","i1":5,"i2":7,"sol":{"path":["/c/en/futon","/c/en/japan","/c/en/country","/c/en/ambassador"],"weight":0.20719999999999983},"num_concepts_raised":19395},{"base_id":546,"kind":"top_words","i1":5,"i2":8,"sol":{"path":["/c/en/futon","/c/ja/布団","/c/ja/朝","/c/en/court","/c/en/mandamus"],"weight":0.2103999999999999},"num_concepts_raised":9899},{"base_id":546,"kind":"top_words","i1":5,"i2":9,"sol":{"path":["/c/en/futon","/c/en/bed","/c/en/wood","/c/en/woodworking","/c/en/mortise"],"weight":0.20652999999999982},"num_concepts_raised":12183},{"base_id":546,"kind":"top_words","i1":6,"i2":7,"sol":{"path":["/c/en/sideling","/c/en/side","/c/en/country","/c/en/ambassador"],"weight":0.2068099999999998},"num_concepts_raised":18157},{"base_id":546,"kind":"top_words","i1":6,"i2":8,"sol":{"path":["/c/en/sideling","/c/en/oblique","/c/en/bar","/c/en/law","/c/en/mandamus"],"weight":0.20878999999999986},"num_concepts_raised":8687},{"base_id":546,"kind":"top_words","i1":6,"i2":9,"sol":{"path":["/c/en/sideling","/c/en/oblique","/c/en/typography","/c/en/mortise"],"weight":0.2047199999999998},"num_concepts_raised":10955},{"base_id":546,"kind":"top_words","i1":7,"i2":8,"sol":{"path":["/c/en/ambassador","/c/en/envoy","/c/en/law","/c/en/mandamus"],"weight":0.21305999999999978},"num_concepts_raised":18881},{"base_id":546,"kind":"top_words","i1":7,"i2":9,"sol":{"path":["/c/en/ambassador","/c/en/job","/c/en/cut","/c/en/mortise"],"weight":0.20755999999999974},"num_concepts_raised":21318},{"base_id":546,"kind":"top_words","i1":8,"i2":9,"sol":{"path":["/c/en/mandamus","/c/en/court","/c/en/hole","/c/en/mortise"],"weight":0.2087799999999998},"num_concepts_raised":11820}]]