[[{"base_id":361,"kind":"bot_words","i1":0,"i2":1,"sol":{"path":["/c/en/lusaka","/c/en/northern_rhodesia","/c/en/historical","/c/en/cog"],"weight":0.21106999999999965},"num_concepts_raised":35953},{"base_id":361,"kind":"bot_words","i1":0,"i2":2,"sol":{"path":["/c/en/lusaka","/c/en/city","/c/en/human","/c/en/brain"],"weight":0.23873000000000216},"num_concepts_raised":112989},{"base_id":361,"kind":"bot_words","i1":0,"i2":3,"sol":{"path":["/c/en/lusaka","/c/en/city","/c/en/book","/c/en/magazine","/c/en/g3"],"weight":0.21433999999999975},"num_concepts_raised":5612},{"base_id":361,"kind":"bot_words","i1":0,"i2":4,"sol":{"path":["/c/en/lusaka","/c/en/zambia","/c/en/english_language","/c/en/yearling","/c/en/ling"],"weight":0.21550999999999942},"num_concepts_raised":22047},{"base_id":361,"kind":"bot_words","i1":0,"i2":5,"sol":{"path":["/c/en/lusaka","/c/en/city","/c/en/sound","/c/en/hearing","/c/en/audiology"],"weight":0.20982999999999985},"num_concepts_raised":6700},{"base_id":361,"kind":"bot_words","i1":0,"i2":6,"sol":{"path":["/c/en/lusaka","/c/en/zambia","/c/en/country","/c/en/rock","/c/en/calcium"],"weight":0.23364999999999647},"num_concepts_raised":32420},{"base_id":361,"kind":"bot_words","i1":0,"i2":7,"sol":{"path":["/c/en/lusaka","/c/en/city","/c/en/water","/c/en/empedocles"],"weight":0.2151699999999997},"num_concepts_raised":15932},{"base_id":361,"kind":"bot_words","i1":0,"i2":8,"sol":{"path":["/c/en/lusaka","/c/en/city","/c/en/settlement","/c/en/resolution","/c/en/irresolution"],"weight":0.20932999999999977},"num_concepts_raised":5649},{"base_id":361,"kind":"bot_words","i1":0,"i2":9,"sol":{"path":["/c/en/lusaka","/c/en/city","/c/en/sound","/c/en/voice","/c/en/unvoiced"],"weight":0.20962999999999973},"num_concepts_raised":12454},{"base_id":361,"kind":"bot_words","i1":1,"i2":2,"sol":{"path":["/c/en/cog","/c/en/cognition","/c/en/brain"],"weight":0.20700000000000002},"num_concepts_raised":1415},{"base_id":361,"kind":"bot_words","i1":1,"i2":3,"sol":{"path":["/c/en/cog","/c/en/play","/c/en/magazine","/c/en/g3"],"weight":0.20958999999999967},"num_concepts_raised":34700},{"base_id":361,"kind":"bot_words","i1":1,"i2":4,"sol":{"path":["/c/en/cog","/c/en/play","/c/en/fish","/c/en/ling"],"weight":0.20692999999999936},"num_concepts_raised":50652},{"base_id":361,"kind":"bot_words","i1":1,"i2":5,"sol":{"path":["/c/en/cog","/c/en/beam","/c/en/balance","/c/en/audiology"],"weight":0.20497999999999977},"num_concepts_raised":35807},{"base_id":361,"kind":"bot_words","i1":1,"i2":6,"sol":{"path":["/c/en/cog","/c/ja/歯","/c/ja/カルシウム","/c/en/calcium"],"weight":0.22877999999999643},"num_concepts_raised":61020},{"base_id":361,"kind":"bot_words","i1":1,"i2":7,"sol":{"path":["/c/en/cog","/c/en/ship","/c/en/water","/c/en/empedocles"],"weight":0.2104199999999996},"num_concepts_raised":44540},{"base_id":361,"kind":"bot_words","i1":1,"i2":8,"sol":{"path":["/c/en/cog","/c/en/play","/c/en/decision","/c/en/irresolution"],"weight":0.2045699999999997},"num_concepts_raised":34764},{"base_id":361,"kind":"bot_words","i1":1,"i2":9,"sol":{"path":["/c/en/cog","/c/en/round","/c/en/linguistics","/c/en/unvoiced"],"weight":0.20477999999999963},"num_concepts_raised":41299},{"base_id":361,"kind":"bot_words","i1":2,"i2":3,"sol":{"path":["/c/en/brain","/c/en/slang","/c/en/product","/c/en/g3"],"weight":0.23906000000000216},"num_concepts_raised":111567},{"base_id":361,"kind":"bot_words","i1":2,"i2":4,"sol":{"path":["/c/en/brain","/c/en/person","/c/en/fish","/c/en/ling"],"weight":0.2368500000000019},"num_concepts_raised":126531},{"base_id":361,"kind":"bot_words","i1":2,"i2":5,"sol":{"path":["/c/en/brain","/c/en/hearing","/c/en/audiology"],"weight":0.20600000000000002},"num_concepts_raised":1321},{"base_id":361,"kind":"bot_words","i1":2,"i2":6,"sol":{"path":["/c/en/brain","/c/en/neurocalcin","/c/en/calcium"],"weight":0.20800000000000002},"num_concepts_raised":2462},{"base_id":361,"kind":"bot_words","i1":2,"i2":7,"sol":{"path":["/c/en/brain","/c/en/matter","/c/en/empedocles"],"weight":0.20800000000000002},"num_concepts_raised":1354},{"base_id":361,"kind":"bot_words","i1":2,"i2":8,"sol":{"path":["/c/en/brain","/c/en/mind","/c/en/purpose","/c/en/irresolution"],"weight":0.23989000000000216},"num_concepts_raised":111535},{"base_id":361,"kind":"bot_words","i1":2,"i2":9,"sol":{"path":["/c/en/brain","/c/en/head","/c/en/linguistics","/c/en/unvoiced"],"weight":0.23749000000000212},"num_concepts_raised":117868},{"base_id":361,"kind":"bot_words","i1":3,"i2":4,"sol":{"path":["/c/en/g3","/c/en/magazine","/c/en/encounter","/c/en/en","/c/en/ling"],"weight":0.21093999999999946},"num_concepts_raised":20676},{"base_id":361,"kind":"bot_words","i1":3,"i2":5,"sol":{"path":["/c/en/g3","/c/en/product","/c/en/sound","/c/en/hearing","/c/en/audiology"],"weight":0.20830999999999988},"num_concepts_raised":5378},{"base_id":361,"kind":"bot_words","i1":3,"i2":6,"sol":{"path":["/c/en/g3","/c/en/product","/c/en/milk","/c/en/calcium"],"weight":0.2277899999999965},"num_concepts_raised":31048},{"base_id":361,"kind":"bot_words","i1":3,"i2":7,"sol":{"path":["/c/en/g3","/c/en/magazine","/c/en/book","/c/en/fire","/c/en/empedocles"],"weight":0.21375999999999973},"num_concepts_raised":14599},{"base_id":361,"kind":"bot_words","i1":3,"i2":8,"sol":{"path":["/c/en/g3","/c/en/magazine","/c/en/play","/c/en/decision","/c/en/irresolution"],"weight":0.20780999999999977},"num_concepts_raised":4318},{"base_id":361,"kind":"bot_words","i1":3,"i2":9,"sol":{"path":["/c/en/g3","/c/en/product","/c/en/math","/c/en/surd","/c/en/unvoiced"],"weight":0.21005999999999975},"num_concepts_raised":11108},{"base_id":361,"kind":"bot_words","i1":4,"i2":5,"sol":{"path":["/c/en/ling","/c/fr/julienne","/c/fr/médecine","/c/fr/audiologie","/c/en/audiology"],"weight":0.20741999999999958},"num_concepts_raised":21826},{"base_id":361,"kind":"bot_words","i1":4,"i2":6,"sol":{"path":["/c/en/ling","/c/en/marine","/c/en/limestone","/c/en/calcium"],"weight":0.2271699999999962},"num_concepts_raised":47176},{"base_id":361,"kind":"bot_words","i1":4,"i2":7,"sol":{"path":["/c/en/ling","/c/en/fish","/c/en/water","/c/en/empedocles"],"weight":0.2110799999999994},"num_concepts_raised":30738},{"base_id":361,"kind":"bot_words","i1":4,"i2":8,"sol":{"path":["/c/en/ling","/c/fr/in","/c/fr/ir","/c/en/irresolution"],"weight":0.20484999999999948},"num_concepts_raised":20781},{"base_id":361,"kind":"bot_words","i1":4,"i2":9,"sol":{"path":["/c/en/ling","/c/en/long","/c/en/linguistics","/c/en/unvoiced"],"weight":0.20521999999999943},"num_concepts_raised":27454},{"base_id":361,"kind":"bot_words","i1":5,"i2":6,"sol":{"path":["/c/en/audiology","/c/en/disorder","/c/en/lionitis","/c/en/calcium"],"weight":0.2232299999999966},"num_concepts_raised":32155},{"base_id":361,"kind":"bot_words","i1":5,"i2":7,"sol":{"path":["/c/en/audiology","/c/fr/audiologie","/c/fr/médecine","/c/en/matter","/c/en/empedocles"],"weight":0.21113999999999983},"num_concepts_raised":15714},{"base_id":361,"kind":"bot_words","i1":5,"i2":8,"sol":{"path":["/c/en/audiology","/c/fr/audiologie","/c/fr/médecine","/c/fr/résolution","/c/en/irresolution"],"weight":0.20530999999999988},"num_concepts_raised":5397},{"base_id":361,"kind":"bot_words","i1":5,"i2":9,"sol":{"path":["/c/en/audiology","/c/en/hearing","/c/en/surd","/c/en/unvoiced"],"weight":0.20559999999999984},"num_concepts_raised":12175},{"base_id":361,"kind":"bot_words","i1":6,"i2":7,"sol":{"path":["/c/en/calcium","/c/en/atom","/c/en/philosopher","/c/en/empedocles"],"weight":0.23075999999999647},"num_concepts_raised":40953},{"base_id":361,"kind":"bot_words","i1":6,"i2":8,"sol":{"path":["/c/en/calcium","/c/fr/calcium","/c/fr/élément","/c/fr/résolution","/c/en/irresolution"],"weight":0.22822999999999655},"num_concepts_raised":31126},{"base_id":361,"kind":"bot_words","i1":6,"i2":9,"sol":{"path":["/c/en/calcium","/c/en/hard","/c/en/unvoiced"],"weight":0.20400000000000001},"num_concepts_raised":1233},{"base_id":361,"kind":"bot_words","i1":7,"i2":8,"sol":{"path":["/c/en/empedocles","/c/en/matter","/c/en/purpose","/c/en/irresolution"],"weight":0.20858999999999972},"num_concepts_raised":14659},{"base_id":361,"kind":"bot_words","i1":7,"i2":9,"sol":{"path":["/c/en/empedocles","/c/en/air","/c/en/vibration","/c/en/unvoiced"],"weight":0.20887999999999968},"num_concepts_raised":21352},{"base_id":361,"kind":"bot_words","i1":8,"i2":9,"sol":{"path":["/c/en/irresolution","/c/en/resolution","/c/en/math","/c/en/surd","/c/en/unvoiced"],"weight":0.20507999999999976},"num_concepts_raised":11126}],[{"base_id":361,"kind":"top_words","i1":0,"i2":1,"sol":{"path":["/c/en/moody","/c/en/slang","/c/en/place","/c/en/downgrade"],"weight":0.2040399999999996},"num_concepts_raised":38010},{"base_id":361,"kind":"top_words","i1":0,"i2":2,"sol":{"path":["/c/en/moody","/c/en/temperamental","/c/en/state","/c/fi/esittää","/c/en/underperform"],"weight":0.20572999999999975},"num_concepts_raised":20427},{"base_id":361,"kind":"top_words","i1":0,"i2":3,"sol":{"path":["/c/en/moody","/c/en/slang","/c/en/junk"],"weight":0.20400000000000001},"num_concepts_raised":425},{"base_id":361,"kind":"top_words","i1":0,"i2":4,"sol":{"path":["/c/en/moody","/c/en/slang","/c/en/shot","/c/en/bb"],"weight":0.20362999999999976},"num_concepts_raised":32166},{"base_id":361,"kind":"top_words","i1":0,"i2":5,"sol":{"path":["/c/en/moody","/c/en/slang","/c/en/paper","/c/en/b1"],"weight":0.2085599999999997},"num_concepts_raised":20076},{"base_id":361,"kind":"top_words","i1":0,"i2":6,"sol":{"path":["/c/en/moody","/c/en/slang","/c/en/sound","/c/en/thunk"],"weight":0.20402999999999963},"num_concepts_raised":51379},{"base_id":361,"kind":"top_words","i1":0,"i2":7,"sol":{"path":["/c/en/moody","/c/en/slang","/c/en/four_flusher","/c/en/bluffer"],"weight":0.20355999999999974},"num_concepts_raised":18995},{"base_id":361,"kind":"top_words","i1":0,"i2":8,"sol":{"path":["/c/en/moody","/c/en/emotional","/c/en/attack","/c/en/invitation","/c/en/rsvp"],"weight":0.20582999999999974},"num_concepts_raised":30652},{"base_id":361,"kind":"top_words","i1":0,"i2":9,"sol":{"path":["/c/en/moody","/c/en/emotional","/c/en/detached","/c/en/free","/c/en/unchain"],"weight":0.2061699999999998},"num_concepts_raised":21426},{"base_id":361,"kind":"top_words","i1":1,"i2":2,"sol":{"path":["/c/en/downgrade","/c/en/upgrade","/c/en/promotion","/c/en/investment","/c/en/underperform"],"weight":0.2052399999999998},"num_concepts_raised":22287},{"base_id":361,"kind":"top_words","i1":1,"i2":3,"sol":{"path":["/c/en/downgrade","/c/en/computing","/c/en/trash","/c/en/junk"],"weight":0.21815999999999913},"num_concepts_raised":69670},{"base_id":361,"kind":"top_words","i1":1,"i2":4,"sol":{"path":["/c/en/downgrade","/c/en/computing","/c/en/bb"],"weight":0.202},"num_concepts_raised":93},{"base_id":361,"kind":"top_words","i1":1,"i2":5,"sol":{"path":["/c/en/downgrade","/c/en/place","/c/en/paper","/c/en/b1"],"weight":0.20817999999999973},"num_concepts_raised":21918},{"base_id":361,"kind":"top_words","i1":1,"i2":6,"sol":{"path":["/c/en/downgrade","/c/en/computing","/c/en/thunk"],"weight":0.203},"num_concepts_raised":123},{"base_id":361,"kind":"top_words","i1":1,"i2":7,"sol":{"path":["/c/en/downgrade","/c/en/lower","/c/en/move","/c/en/bluff","/c/en/bluffer"],"weight":0.20638999999999977},"num_concepts_raised":20896},{"base_id":361,"kind":"top_words","i1":1,"i2":8,"sol":{"path":["/c/en/downgrade","/c/en/computing","/c/en/rsvp"],"weight":0.202},"num_concepts_raised":97},{"base_id":361,"kind":"top_words","i1":1,"i2":9,"sol":{"path":["/c/en/downgrade","/c/en/computing","/c/en/chain","/c/en/unchain"],"weight":0.20470999999999984},"num_concepts_raised":23214},{"base_id":361,"kind":"top_words","i1":2,"i2":3,"sol":{"path":["/c/en/underperform","/c/en/financial","/c/en/money","/c/en/junk"],"weight":0.21265999999999932},"num_concepts_raised":53302},{"base_id":361,"kind":"top_words","i1":2,"i2":4,"sol":{"path":["/c/en/underperform","/c/en/expectation","/c/en/medicine","/c/en/bbs","/c/en/bb"],"weight":0.2037699999999999},"num_concepts_raised":16330},{"base_id":361,"kind":"top_words","i1":2,"i2":5,"sol":{"path":["/c/en/underperform","/c/en/perform","/c/en/cut","/c/en/paper","/c/en/b1"],"weight":0.20773999999999987},"num_concepts_raised":3845},{"base_id":361,"kind":"top_words","i1":2,"i2":6,"sol":{"path":["/c/en/underperform","/c/en/perform","/c/fr/représenter","/c/en/thunk"],"weight":0.20318999999999982},"num_concepts_raised":36141},{"base_id":361,"kind":"top_words","i1":2,"i2":7,"sol":{"path":["/c/en/underperform","/c/en/performing_arts","/c/en/direct","/c/en/bluff","/c/en/bluffer"],"weight":0.20578999999999992},"num_concepts_raised":2721},{"base_id":361,"kind":"top_words","i1":2,"i2":8,"sol":{"path":["/c/en/underperform","/c/en/perform","/c/en/act","/c/en/events","/c/en/rsvp"],"weight":0.2039799999999999},"num_concepts_raised":14759},{"base_id":361,"kind":"top_words","i1":2,"i2":9,"sol":{"path":["/c/en/underperform","/c/en/underperformer","/c/en/business","/c/en/free","/c/en/unchain"],"weight":0.20528999999999997},"num_concepts_raised":5193},{"base_id":361,"kind":"top_words","i1":3,"i2":4,"sol":{"path":["/c/en/junk","/c/en/trash","/c/en/computing","/c/en/bb"],"weight":0.21773999999999927},"num_concepts_raised":64433},{"base_id":361,"kind":"top_words","i1":3,"i2":5,"sol":{"path":["/c/en/junk","/c/en/trash","/c/en/paper","/c/en/b1"],"weight":0.22267999999999924},"num_concepts_raised":52887},{"base_id":361,"kind":"top_words","i1":3,"i2":6,"sol":{"path":["/c/en/junk","/c/en/trash","/c/en/computing","/c/en/thunk"],"weight":0.21918999999999916},"num_concepts_raised":82845},{"base_id":361,"kind":"top_words","i1":3,"i2":7,"sol":{"path":["/c/en/junk","/c/en/slang","/c/en/four_flusher","/c/en/bluffer"],"weight":0.21280999999999928},"num_concepts_raised":52034},{"base_id":361,"kind":"top_words","i1":3,"i2":8,"sol":{"path":["/c/en/junk","/c/en/trash","/c/en/computing","/c/en/rsvp"],"weight":0.21779999999999927},"num_concepts_raised":62864},{"base_id":361,"kind":"top_words","i1":3,"i2":9,"sol":{"path":["/c/en/junk","/c/en/nautical","/c/en/chain","/c/en/unchain"],"weight":0.21429999999999932},"num_concepts_raised":54327},{"base_id":361,"kind":"top_words","i1":4,"i2":5,"sol":{"path":["/c/en/bb","/c/en/bbcode","/c/en/post","/c/en/paper","/c/en/b1"],"weight":0.20882999999999985},"num_concepts_raised":15965},{"base_id":361,"kind":"top_words","i1":4,"i2":6,"sol":{"path":["/c/en/bb","/c/en/computing","/c/en/thunk"],"weight":0.203},"num_concepts_raised":93},{"base_id":361,"kind":"top_words","i1":4,"i2":7,"sol":{"path":["/c/en/bb","/c/en/utg","/c/en/poker","/c/en/bluff","/c/en/bluffer"],"weight":0.2058799999999999},"num_concepts_raised":14895},{"base_id":361,"kind":"top_words","i1":4,"i2":8,"sol":{"path":["/c/en/bb","/c/en/computing","/c/en/rsvp"],"weight":0.202},"num_concepts_raised":67},{"base_id":361,"kind":"top_words","i1":4,"i2":9,"sol":{"path":["/c/en/bb","/c/en/computing","/c/en/chain","/c/en/unchain"],"weight":0.20428999999999994},"num_concepts_raised":17301},{"base_id":361,"kind":"top_words","i1":5,"i2":6,"sol":{"path":["/c/en/b1","/c/en/paper","/c/en/map","/c/en/thunk"],"weight":0.20819999999999972},"num_concepts_raised":35832},{"base_id":361,"kind":"top_words","i1":5,"i2":7,"sol":{"path":["/c/en/b1","/c/en/paper","/c/en/hand","/c/en/bluff","/c/en/bluffer"],"weight":0.21078999999999987},"num_concepts_raised":2376},{"base_id":361,"kind":"top_words","i1":5,"i2":8,"sol":{"path":["/c/en/b1","/c/en/paper","/c/en/invitation","/c/en/rsvp"],"weight":0.20890999999999985},"num_concepts_raised":14394},{"base_id":361,"kind":"top_words","i1":5,"i2":9,"sol":{"path":["/c/en/b1","/c/en/paper","/c/en/legal","/c/en/free","/c/en/unchain"],"weight":0.20928999999999992},"num_concepts_raised":4858},{"base_id":361,"kind":"top_words","i1":6,"i2":7,"sol":{"path":["/c/en/thunk","/c/en/think","/c/en/play_poker","/c/en/bluff","/c/en/bluffer"],"weight":0.20829999999999976},"num_concepts_raised":34829},{"base_id":361,"kind":"top_words","i1":6,"i2":8,"sol":{"path":["/c/en/thunk","/c/en/computing","/c/en/rsvp"],"weight":0.203},"num_concepts_raised":97},{"base_id":361,"kind":"top_words","i1":6,"i2":9,"sol":{"path":["/c/en/thunk","/c/en/computing","/c/en/chain","/c/en/unchain"],"weight":0.2057399999999998},"num_concepts_raised":37146},{"base_id":361,"kind":"top_words","i1":7,"i2":8,"sol":{"path":["/c/en/bluffer","/c/en/bluff","/c/en/direct","/c/en/reply","/c/en/rsvp"],"weight":0.2059899999999999},"num_concepts_raised":13345},{"base_id":361,"kind":"top_words","i1":7,"i2":9,"sol":{"path":["/c/en/bluffer","/c/en/bluff","/c/en/buy","/c/en/free","/c/en/unchain"],"weight":0.20730999999999994},"num_concepts_raised":3734},{"base_id":361,"kind":"top_words","i1":8,"i2":9,"sol":{"path":["/c/en/rsvp","/c/en/computing","/c/en/chain","/c/en/unchain"],"weight":0.20434999999999992},"num_concepts_raised":15739}]]