[[{"base_id":70,"kind":"bot_words","i1":0,"i2":1,"sol":{"path":["/c/en/nanny","/c/fr/chèvre","/c/fr/élever","/c/fr/plus","/c/en/anymore"],"weight":0.21398999999999968},"num_concepts_raised":27716},{"base_id":70,"kind":"bot_words","i1":0,"i2":2,"sol":{"path":["/c/en/nanny","/c/en/nurse","/c/en/person","/c/en/aborigine"],"weight":0.2158399999999996},"num_concepts_raised":41689},{"base_id":70,"kind":"bot_words","i1":0,"i2":3,"sol":{"path":["/c/en/nanny","/c/en/female","/c/en/layer","/c/en/thickness"],"weight":0.21427999999999936},"num_concepts_raised":37348},{"base_id":70,"kind":"bot_words","i1":0,"i2":4,"sol":{"path":["/c/en/nanny","/c/en/nurse","/c/en/profession","/c/en/literature","/c/en/philological"],"weight":0.2137799999999998},"num_concepts_raised":31395},{"base_id":70,"kind":"bot_words","i1":0,"i2":5,"sol":{"path":["/c/en/nanny","/c/fr/zoologie","/c/gl/ave_do_paraíso","/c/en/apus"],"weight":0.22146999999999956},"num_concepts_raised":32478},{"base_id":70,"kind":"bot_words","i1":0,"i2":6,"sol":{"path":["/c/en/nanny","/c/en/goat","/c/en/food","/c/en/marjoram"],"weight":0.21821999999999964},"num_concepts_raised":43294},{"base_id":70,"kind":"bot_words","i1":0,"i2":7,"sol":{"path":["/c/en/nanny","/c/en/charge","/c/en/military","/c/en/squadron"],"weight":0.21836999999999954},"num_concepts_raised":36928},{"base_id":70,"kind":"bot_words","i1":0,"i2":8,"sol":{"path":["/c/en/nanny","/c/fr/zoologie","/c/en/cattle","/c/en/galloway"],"weight":0.21079999999999965},"num_concepts_raised":31263},{"base_id":70,"kind":"bot_words","i1":0,"i2":9,"sol":{"path":["/c/en/nanny","/c/en/charge","/c/en/historical","/c/en/obol"],"weight":0.21597999999999964},"num_concepts_raised":37468},{"base_id":70,"kind":"bot_words","i1":1,"i2":2,"sol":{"path":["/c/en/anymore","/c/en/any","/c/en/person","/c/en/aborigine"],"weight":0.2052399999999998},"num_concepts_raised":18198},{"base_id":70,"kind":"bot_words","i1":1,"i2":3,"sol":{"path":["/c/en/anymore","/c/fr/plus","/c/fr/corps","/c/fr/épaisseur","/c/en/thickness"],"weight":0.20854999999999957},"num_concepts_raised":13510},{"base_id":70,"kind":"bot_words","i1":1,"i2":4,"sol":{"path":["/c/en/anymore","/c/fr/plus","/c/fr/positif","/c/en/linguistics","/c/en/philological"],"weight":0.20443000000000003},"num_concepts_raised":7380},{"base_id":70,"kind":"bot_words","i1":1,"i2":5,"sol":{"path":["/c/en/anymore","/c/en/any","/c/th/แมว","/c/en/constellation","/c/en/apus"],"weight":0.21569999999999975},"num_concepts_raised":8616},{"base_id":70,"kind":"bot_words","i1":1,"i2":6,"sol":{"path":["/c/en/anymore","/c/en/any","/c/en/plant","/c/en/marjoram"],"weight":0.20999999999999983},"num_concepts_raised":19544},{"base_id":70,"kind":"bot_words","i1":1,"i2":7,"sol":{"path":["/c/en/anymore","/c/en/any_more","/c/en/us","/c/en/wing","/c/en/squadron"],"weight":0.21320999999999973},"num_concepts_raised":13129},{"base_id":70,"kind":"bot_words","i1":1,"i2":8,"sol":{"path":["/c/en/anymore","/c/en/any_more","/c/en/us","/c/en/horse","/c/en/galloway"],"weight":0.20385999999999985},"num_concepts_raised":7597},{"base_id":70,"kind":"bot_words","i1":1,"i2":9,"sol":{"path":["/c/en/anymore","/c/fr/plus","/c/fr/somme","/c/fr/obole","/c/en/obol"],"weight":0.21123999999999982},"num_concepts_raised":13681},{"base_id":70,"kind":"bot_words","i1":2,"i2":3,"sol":{"path":["/c/en/aborigine","/c/en/person","/c/en/weight","/c/en/thickness"],"weight":0.20767999999999948},"num_concepts_raised":27819},{"base_id":70,"kind":"bot_words","i1":2,"i2":4,"sol":{"path":["/c/en/aborigine","/c/en/aboriginal","/c/en/language","/c/en/linguistics","/c/en/philological"],"weight":0.20865999999999996},"num_concepts_raised":21833},{"base_id":70,"kind":"bot_words","i1":2,"i2":5,"sol":{"path":["/c/en/aborigine","/c/en/native","/c/en/region","/c/en/constellation","/c/en/apus"],"weight":0.22094999999999967},"num_concepts_raised":23054},{"base_id":70,"kind":"bot_words","i1":2,"i2":6,"sol":{"path":["/c/en/aborigine","/c/en/person","/c/en/plant","/c/en/marjoram"],"weight":0.21257999999999974},"num_concepts_raised":33750},{"base_id":70,"kind":"bot_words","i1":2,"i2":7,"sol":{"path":["/c/en/aborigine","/c/en/person","/c/en/group","/c/en/squadron"],"weight":0.21262999999999965},"num_concepts_raised":27410},{"base_id":70,"kind":"bot_words","i1":2,"i2":8,"sol":{"path":["/c/en/aborigine","/c/en/person","/c/en/beef","/c/en/galloway"],"weight":0.20526999999999976},"num_concepts_raised":21993},{"base_id":70,"kind":"bot_words","i1":2,"i2":9,"sol":{"path":["/c/en/aborigine","/c/en/person","/c/en/weight","/c/en/obol"],"weight":0.21052999999999977},"num_concepts_raised":27939},{"base_id":70,"kind":"bot_words","i1":3,"i2":4,"sol":{"path":["/c/en/thickness","/c/en/articulation","/c/en/linguistics","/c/en/philological"],"weight":0.2056299999999997},"num_concepts_raised":17143},{"base_id":70,"kind":"bot_words","i1":3,"i2":5,"sol":{"path":["/c/en/thickness","/c/en/layer","/c/en/bird","/c/en/apus"],"weight":0.21691999999999945},"num_concepts_raised":18409},{"base_id":70,"kind":"bot_words","i1":3,"i2":6,"sol":{"path":["/c/en/thickness","/c/en/layer","/c/en/leaf","/c/en/marjoram"],"weight":0.21328999999999948},"num_concepts_raised":29079},{"base_id":70,"kind":"bot_words","i1":3,"i2":7,"sol":{"path":["/c/en/thickness","/c/fr/force","/c/en/squad","/c/en/squadron"],"weight":0.2145699999999994},"num_concepts_raised":22736},{"base_id":70,"kind":"bot_words","i1":3,"i2":8,"sol":{"path":["/c/en/thickness","/c/en/weight","/c/en/horse","/c/en/galloway"],"weight":0.2051499999999995},"num_concepts_raised":17323},{"base_id":70,"kind":"bot_words","i1":3,"i2":9,"sol":{"path":["/c/en/thickness","/c/en/weight","/c/en/obol"],"weight":0.20400000000000001},"num_concepts_raised":229},{"base_id":70,"kind":"bot_words","i1":4,"i2":5,"sol":{"path":["/c/en/philological","/c/en/linguistics","/c/en/arbitrary","/c/en/constellation","/c/en/apus"],"weight":0.2162899999999999},"num_concepts_raised":12298},{"base_id":70,"kind":"bot_words","i1":4,"i2":6,"sol":{"path":["/c/en/philological","/c/en/linguistics","/c/en/family","/c/en/marjoram"],"weight":0.21041999999999997},"num_concepts_raised":23200},{"base_id":70,"kind":"bot_words","i1":4,"i2":7,"sol":{"path":["/c/en/philological","/c/en/linguistics","/c/en/dialect","/c/en/squad","/c/en/squadron"],"weight":0.2128199999999999},"num_concepts_raised":16764},{"base_id":70,"kind":"bot_words","i1":4,"i2":8,"sol":{"path":["/c/en/philological","/c/en/linguistics","/c/en/long","/c/en/cattle","/c/en/galloway"],"weight":0.20335999999999999},"num_concepts_raised":11273},{"base_id":70,"kind":"bot_words","i1":4,"i2":9,"sol":{"path":["/c/en/philological","/c/en/philology","/c/en/historical","/c/en/obol"],"weight":0.20859999999999998},"num_concepts_raised":17345},{"base_id":70,"kind":"bot_words","i1":5,"i2":6,"sol":{"path":["/c/en/apus","/c/en/bird_of_paradise","/c/en/herb","/c/en/marjoram"],"weight":0.22303999999999968},"num_concepts_raised":24317},{"base_id":70,"kind":"bot_words","i1":5,"i2":7,"sol":{"path":["/c/en/apus","/c/en/bird","/c/en/wing","/c/en/squadron"],"weight":0.22291999999999962},"num_concepts_raised":17945},{"base_id":70,"kind":"bot_words","i1":5,"i2":8,"sol":{"path":["/c/en/apus","/c/en/constellation","/c/en/columba","/c/en/scotland","/c/en/galloway"],"weight":0.2157899999999997},"num_concepts_raised":12474},{"base_id":70,"kind":"bot_words","i1":5,"i2":9,"sol":{"path":["/c/en/apus","/c/en/constellation","/c/en/sextans","/c/en/coin","/c/en/obol"],"weight":0.2210699999999997},"num_concepts_raised":18552},{"base_id":70,"kind":"bot_words","i1":6,"i2":7,"sol":{"path":["/c/en/marjoram","/c/en/family","/c/en/group","/c/en/squadron"],"weight":0.2171899999999997},"num_concepts_raised":28748},{"base_id":70,"kind":"bot_words","i1":6,"i2":8,"sol":{"path":["/c/en/marjoram","/c/en/mint","/c/en/scotland","/c/en/galloway"],"weight":0.20997999999999978},"num_concepts_raised":23300},{"base_id":70,"kind":"bot_words","i1":6,"i2":9,"sol":{"path":["/c/en/marjoram","/c/en/mint","/c/en/coin","/c/en/obol"],"weight":0.2153199999999998},"num_concepts_raised":29352},{"base_id":70,"kind":"bot_words","i1":7,"i2":8,"sol":{"path":["/c/en/squadron","/c/en/military","/c/en/horse","/c/en/galloway"],"weight":0.2104299999999997},"num_concepts_raised":16922},{"base_id":70,"kind":"bot_words","i1":7,"i2":9,"sol":{"path":["/c/en/squadron","/c/en/escadrille","/c/en/historical","/c/en/obol"],"weight":0.2172599999999997},"num_concepts_raised":22727},{"base_id":70,"kind":"bot_words","i1":8,"i2":9,"sol":{"path":["/c/en/galloway","/c/en/horse","/c/en/weight","/c/en/obol"],"weight":0.20803999999999978},"num_concepts_raised":17422}],[{"base_id":70,"kind":"top_words","i1":0,"i2":1,"sol":{"path":["/c/en/chattanooga","/c/en/county_seat","/c/en/knoxville"],"weight":0.202},"num_concepts_raised":53},{"base_id":70,"kind":"top_words","i1":0,"i2":2,"sol":{"path":["/c/en/chattanooga","/c/en/tennessee"],"weight":0.20700000000000002},"num_concepts_raised":391},{"base_id":70,"kind":"top_words","i1":0,"i2":3,"sol":{"path":["/c/en/chattanooga","/c/en/tennessee","/c/en/nashville"],"weight":0.203},"num_concepts_raised":66},{"base_id":70,"kind":"top_words","i1":0,"i2":4,"sol":{"path":["/c/en/chattanooga","/c/en/county_seat","/c/en/memphis"],"weight":0.20400000000000001},"num_concepts_raised":65},{"base_id":70,"kind":"top_words","i1":0,"i2":5,"sol":{"path":["/c/en/chattanooga","/c/en/county_seat","/c/en/louisville"],"weight":0.202},"num_concepts_raised":47},{"base_id":70,"kind":"top_words","i1":0,"i2":6,"sol":{"path":["/c/en/chattanooga","/c/en/county_seat","/c/en/lynchburg"],"weight":0.202},"num_concepts_raised":48},{"base_id":70,"kind":"top_words","i1":0,"i2":7,"sol":{"path":["/c/en/chattanooga","/c/en/county_seat","/c/en/savannah"],"weight":0.20400000000000001},"num_concepts_raised":89},{"base_id":70,"kind":"top_words","i1":0,"i2":8,"sol":{"path":["/c/en/chattanooga","/c/en/hamilton_county","/c/en/clarksville"],"weight":0.203},"num_concepts_raised":79},{"base_id":70,"kind":"top_words","i1":0,"i2":9,"sol":{"path":["/c/en/chattanooga","/c/en/county_seat","/c/en/akron"],"weight":0.202},"num_concepts_raised":56},{"base_id":70,"kind":"top_words","i1":1,"i2":2,"sol":{"path":["/c/en/knoxville","/c/en/tennessee"],"weight":0.20700000000000002},"num_concepts_raised":406},{"base_id":70,"kind":"top_words","i1":1,"i2":3,"sol":{"path":["/c/en/knoxville","/c/en/tennessee","/c/en/nashville"],"weight":0.203},"num_concepts_raised":83},{"base_id":70,"kind":"top_words","i1":1,"i2":4,"sol":{"path":["/c/en/knoxville","/c/en/county_seat","/c/en/memphis"],"weight":0.20400000000000001},"num_concepts_raised":85},{"base_id":70,"kind":"top_words","i1":1,"i2":5,"sol":{"path":["/c/en/knoxville","/c/en/jefferson_county","/c/en/louisville"],"weight":0.203},"num_concepts_raised":65},{"base_id":70,"kind":"top_words","i1":1,"i2":6,"sol":{"path":["/c/en/knoxville","/c/en/california","/c/en/lynchburg"],"weight":0.202},"num_concepts_raised":65},{"base_id":70,"kind":"top_words","i1":1,"i2":7,"sol":{"path":["/c/en/knoxville","/c/en/county_seat","/c/en/savannah"],"weight":0.20400000000000001},"num_concepts_raised":109},{"base_id":70,"kind":"top_words","i1":1,"i2":8,"sol":{"path":["/c/en/knoxville","/c/en/johnson_county","/c/en/clarksville"],"weight":0.203},"num_concepts_raised":90},{"base_id":70,"kind":"top_words","i1":1,"i2":9,"sol":{"path":["/c/en/knoxville","/c/en/alabama","/c/en/akron"],"weight":0.202},"num_concepts_raised":69},{"base_id":70,"kind":"top_words","i1":2,"i2":3,"sol":{"path":["/c/en/tennessee","/c/en/nashville"],"weight":0.20900000000000002},"num_concepts_raised":418},{"base_id":70,"kind":"top_words","i1":2,"i2":4,"sol":{"path":["/c/en/tennessee","/c/en/memphis"],"weight":0.20900000000000002},"num_concepts_raised":423},{"base_id":70,"kind":"top_words","i1":2,"i2":5,"sol":{"path":["/c/en/tennessee","/c/en/kentucky","/c/en/louisville"],"weight":0.20700000000000002},"num_concepts_raised":405},{"base_id":70,"kind":"top_words","i1":2,"i2":6,"sol":{"path":["/c/en/tennessee","/c/en/lynchburg"],"weight":0.20600000000000002},"num_concepts_raised":405},{"base_id":70,"kind":"top_words","i1":2,"i2":7,"sol":{"path":["/c/en/tennessee","/c/en/savannah"],"weight":0.20800000000000002},"num_concepts_raised":447},{"base_id":70,"kind":"top_words","i1":2,"i2":8,"sol":{"path":["/c/en/tennessee","/c/en/clarksville"],"weight":0.20600000000000002},"num_concepts_raised":433},{"base_id":70,"kind":"top_words","i1":2,"i2":9,"sol":{"path":["/c/en/tennessee","/c/en/washington_county","/c/en/akron"],"weight":0.20700000000000002},"num_concepts_raised":414},{"base_id":70,"kind":"top_words","i1":3,"i2":4,"sol":{"path":["/c/en/nashville","/c/en/tennessee","/c/en/memphis"],"weight":0.20500000000000002},"num_concepts_raised":96},{"base_id":70,"kind":"top_words","i1":3,"i2":5,"sol":{"path":["/c/en/nashville","/c/en/city","/c/en/louisville"],"weight":0.202},"num_concepts_raised":77},{"base_id":70,"kind":"top_words","i1":3,"i2":6,"sol":{"path":["/c/en/nashville","/c/en/tennessee","/c/en/lynchburg"],"weight":0.203},"num_concepts_raised":78},{"base_id":70,"kind":"top_words","i1":3,"i2":7,"sol":{"path":["/c/en/nashville","/c/en/tennessee","/c/en/savannah"],"weight":0.20500000000000002},"num_concepts_raised":121},{"base_id":70,"kind":"top_words","i1":3,"i2":8,"sol":{"path":["/c/en/nashville","/c/en/howard_county","/c/en/clarksville"],"weight":0.203},"num_concepts_raised":104},{"base_id":70,"kind":"top_words","i1":3,"i2":9,"sol":{"path":["/c/en/nashville","/c/en/washington_county","/c/en/akron"],"weight":0.20400000000000001},"num_concepts_raised":82},{"base_id":70,"kind":"top_words","i1":4,"i2":5,"sol":{"path":["/c/en/memphis","/c/en/county_seat","/c/en/louisville"],"weight":0.20400000000000001},"num_concepts_raised":79},{"base_id":70,"kind":"top_words","i1":4,"i2":6,"sol":{"path":["/c/en/memphis","/c/en/county_seat","/c/en/lynchburg"],"weight":0.20400000000000001},"num_concepts_raised":77},{"base_id":70,"kind":"top_words","i1":4,"i2":7,"sol":{"path":["/c/en/memphis","/c/en/county_seat","/c/en/savannah"],"weight":0.20600000000000002},"num_concepts_raised":120},{"base_id":70,"kind":"top_words","i1":4,"i2":8,"sol":{"path":["/c/en/memphis","/c/en/county_seat","/c/en/clarksville"],"weight":0.20400000000000001},"num_concepts_raised":109},{"base_id":70,"kind":"top_words","i1":4,"i2":9,"sol":{"path":["/c/en/memphis","/c/en/county_seat","/c/en/akron"],"weight":0.20400000000000001},"num_concepts_raised":86},{"base_id":70,"kind":"top_words","i1":5,"i2":6,"sol":{"path":["/c/en/louisville","/c/en/county_seat","/c/en/lynchburg"],"weight":0.202},"num_concepts_raised":61},{"base_id":70,"kind":"top_words","i1":5,"i2":7,"sol":{"path":["/c/en/louisville","/c/en/city","/c/en/savannah"],"weight":0.20400000000000001},"num_concepts_raised":102},{"base_id":70,"kind":"top_words","i1":5,"i2":8,"sol":{"path":["/c/en/louisville","/c/en/alabama","/c/en/clarksville"],"weight":0.202},"num_concepts_raised":90},{"base_id":70,"kind":"top_words","i1":5,"i2":9,"sol":{"path":["/c/en/louisville","/c/en/alabama","/c/en/akron"],"weight":0.202},"num_concepts_raised":68},{"base_id":70,"kind":"top_words","i1":6,"i2":7,"sol":{"path":["/c/en/lynchburg","/c/en/county_seat","/c/en/savannah"],"weight":0.20400000000000001},"num_concepts_raised":102},{"base_id":70,"kind":"top_words","i1":6,"i2":8,"sol":{"path":["/c/en/lynchburg","/c/en/california","/c/en/clarksville"],"weight":0.202},"num_concepts_raised":88},{"base_id":70,"kind":"top_words","i1":6,"i2":9,"sol":{"path":["/c/en/lynchburg","/c/en/county_seat","/c/en/akron"],"weight":0.202},"num_concepts_raised":68},{"base_id":70,"kind":"top_words","i1":7,"i2":8,"sol":{"path":["/c/en/savannah","/c/en/city","/c/en/clarksville"],"weight":0.20400000000000001},"num_concepts_raised":134},{"base_id":70,"kind":"top_words","i1":7,"i2":9,"sol":{"path":["/c/en/savannah","/c/en/county_seat","/c/en/akron"],"weight":0.20400000000000001},"num_concepts_raised":111},{"base_id":70,"kind":"top_words","i1":8,"i2":9,"sol":{"path":["/c/en/clarksville","/c/en/alabama","/c/en/akron"],"weight":0.202},"num_concepts_raised":94}]]