[[{"base_id":632,"kind":"bot_words","i1":0,"i2":1,"sol":{"path":["/c/en/proselytize","/c/en/street","/c/en/live","/c/en/fluoroscope"],"weight":0.20324999999999976},"num_concepts_raised":28430},{"base_id":632,"kind":"bot_words","i1":0,"i2":2,"sol":{"path":["/c/en/proselytize","/c/en/faith","/c/en/feeling","/c/en/feelings"],"weight":0.20539999999999947},"num_concepts_raised":43447},{"base_id":632,"kind":"bot_words","i1":0,"i2":3,"sol":{"path":["/c/en/proselytize","/c/en/movement","/c/en/bumpy"],"weight":0.20400000000000001},"num_concepts_raised":155},{"base_id":632,"kind":"bot_words","i1":0,"i2":4,"sol":{"path":["/c/en/proselytize","/c/en/street","/c/en/city","/c/en/mwanza"],"weight":0.2084599999999997},"num_concepts_raised":15608},{"base_id":632,"kind":"bot_words","i1":0,"i2":5,"sol":{"path":["/c/en/proselytize","/c/en/street","/c/en/bag","/c/en/tote"],"weight":0.20466999999999969},"num_concepts_raised":22653},{"base_id":632,"kind":"bot_words","i1":0,"i2":6,"sol":{"path":["/c/en/proselytize","/c/en/street","/c/en/car","/c/en/grille"],"weight":0.2087999999999996},"num_concepts_raised":17495},{"base_id":632,"kind":"bot_words","i1":0,"i2":7,"sol":{"path":["/c/en/proselytize","/c/en/mission","/c/en/military","/c/ca/dragó","/c/en/gecko"],"weight":0.21480999999999972},"num_concepts_raised":17304},{"base_id":632,"kind":"bot_words","i1":0,"i2":8,"sol":{"path":["/c/en/proselytize","/c/en/organization","/c/en/chaos","/c/en/greek_mythology","/c/en/euryale"],"weight":0.20860999999999974},"num_concepts_raised":13880},{"base_id":632,"kind":"bot_words","i1":0,"i2":9,"sol":{"path":["/c/en/proselytize","/c/en/street","/c/en/town","/c/en/skradin"],"weight":0.20821999999999974},"num_concepts_raised":15337},{"base_id":632,"kind":"bot_words","i1":1,"i2":2,"sol":{"path":["/c/en/fluoroscope","/c/en/live","/c/en/love","/c/en/feelings"],"weight":0.20381999999999953},"num_concepts_raised":47701},{"base_id":632,"kind":"bot_words","i1":1,"i2":3,"sol":{"path":["/c/en/fluoroscope","/c/en/medicine","/c/en/smooth","/c/en/bumpy"],"weight":0.20893999999999965},"num_concepts_raised":26174},{"base_id":632,"kind":"bot_words","i1":1,"i2":4,"sol":{"path":["/c/en/fluoroscope","/c/en/medicine","/c/en/local","/c/en/city","/c/en/mwanza"],"weight":0.20807999999999977},"num_concepts_raised":19706},{"base_id":632,"kind":"bot_words","i1":1,"i2":5,"sol":{"path":["/c/en/fluoroscope","/c/en/medicine","/c/en/bag","/c/en/tote"],"weight":0.20425999999999978},"num_concepts_raised":26871},{"base_id":632,"kind":"bot_words","i1":1,"i2":6,"sol":{"path":["/c/en/fluoroscope","/c/en/examine","/c/en/grill","/c/en/grille"],"weight":0.20851999999999965},"num_concepts_raised":21582},{"base_id":632,"kind":"bot_words","i1":1,"i2":7,"sol":{"path":["/c/en/fluoroscope","/c/en/medicine","/c/fil/tuko","/c/en/gecko"],"weight":0.21230999999999978},"num_concepts_raised":21301},{"base_id":632,"kind":"bot_words","i1":1,"i2":8,"sol":{"path":["/c/en/fluoroscope","/c/en/medicine","/c/en/polyp","/c/en/medusa","/c/en/euryale"],"weight":0.20824999999999982},"num_concepts_raised":17880},{"base_id":632,"kind":"bot_words","i1":1,"i2":9,"sol":{"path":["/c/en/fluoroscope","/c/en/live","/c/en/town","/c/en/skradin"],"weight":0.2077399999999998},"num_concepts_raised":19406},{"base_id":632,"kind":"bot_words","i1":2,"i2":3,"sol":{"path":["/c/en/feelings","/c/en/feeling","/c/en/smooth","/c/en/bumpy"],"weight":0.21096999999999935},"num_concepts_raised":41379},{"base_id":632,"kind":"bot_words","i1":2,"i2":4,"sol":{"path":["/c/en/feelings","/c/en/people","/c/en/city","/c/en/mwanza"],"weight":0.20892999999999948},"num_concepts_raised":35134},{"base_id":632,"kind":"bot_words","i1":2,"i2":5,"sol":{"path":["/c/en/feelings","/c/en/laugh","/c/en/bag","/c/en/tote"],"weight":0.20499999999999946},"num_concepts_raised":41939},{"base_id":632,"kind":"bot_words","i1":2,"i2":6,"sol":{"path":["/c/en/feelings","/c/en/people","/c/en/car","/c/en/grille"],"weight":0.20922999999999936},"num_concepts_raised":36944},{"base_id":632,"kind":"bot_words","i1":2,"i2":7,"sol":{"path":["/c/en/feelings","/c/en/animals","/c/en/nocturnal","/c/en/gecko"],"weight":0.2110299999999995},"num_concepts_raised":36754},{"base_id":632,"kind":"bot_words","i1":2,"i2":8,"sol":{"path":["/c/en/feelings","/c/en/person","/c/en/polyp","/c/en/medusa","/c/en/euryale"],"weight":0.20912999999999954},"num_concepts_raised":33389},{"base_id":632,"kind":"bot_words","i1":2,"i2":9,"sol":{"path":["/c/en/feelings","/c/en/people","/c/en/town","/c/en/skradin"],"weight":0.2086599999999995},"num_concepts_raised":34866},{"base_id":632,"kind":"bot_words","i1":3,"i2":4,"sol":{"path":["/c/en/bumpy","/c/en/flat","/c/en/city","/c/en/mwanza"],"weight":0.2140199999999996},"num_concepts_raised":13353},{"base_id":632,"kind":"bot_words","i1":3,"i2":5,"sol":{"path":["/c/en/bumpy","/c/en/movement","/c/en/carry","/c/en/tote"],"weight":0.21011999999999958},"num_concepts_raised":20455},{"base_id":632,"kind":"bot_words","i1":3,"i2":6,"sol":{"path":["/c/en/bumpy","/c/en/rough","/c/en/grill","/c/en/grille"],"weight":0.21890999999999947},"num_concepts_raised":15213},{"base_id":632,"kind":"bot_words","i1":3,"i2":7,"sol":{"path":["/c/en/bumpy","/c/en/video_game","/c/en/software","/c/en/gecko"],"weight":0.21622999999999962},"num_concepts_raised":15013},{"base_id":632,"kind":"bot_words","i1":3,"i2":8,"sol":{"path":["/c/en/bumpy","/c/en/jellyfish","/c/en/medusa","/c/en/euryale"],"weight":0.21418999999999966},"num_concepts_raised":11550},{"base_id":632,"kind":"bot_words","i1":3,"i2":9,"sol":{"path":["/c/en/bumpy","/c/en/flat","/c/en/town","/c/en/skradin"],"weight":0.21376999999999963},"num_concepts_raised":13108},{"base_id":632,"kind":"bot_words","i1":4,"i2":5,"sol":{"path":["/c/en/mwanza","/c/en/city","/c/en/transport","/c/en/bag","/c/en/tote"],"weight":0.20947999999999972},"num_concepts_raised":13998},{"base_id":632,"kind":"bot_words","i1":4,"i2":6,"sol":{"path":["/c/en/mwanza","/c/en/city","/c/en/car","/c/en/grille"],"weight":0.2135199999999996},"num_concepts_raised":8675},{"base_id":632,"kind":"bot_words","i1":4,"i2":7,"sol":{"path":["/c/en/mwanza","/c/en/city","/c/en/house","/c/en/lizard","/c/en/gecko"],"weight":0.21781999999999974},"num_concepts_raised":8398},{"base_id":632,"kind":"bot_words","i1":4,"i2":8,"sol":{"path":["/c/en/mwanza","/c/en/city","/c/en/paris","/c/en/greek_mythology","/c/en/euryale"],"weight":0.2133299999999998},"num_concepts_raised":4907},{"base_id":632,"kind":"bot_words","i1":4,"i2":9,"sol":{"path":["/c/en/mwanza","/c/en/city","/c/en/town","/c/en/skradin"],"weight":0.21298999999999974},"num_concepts_raised":5955},{"base_id":632,"kind":"bot_words","i1":5,"i2":6,"sol":{"path":["/c/en/tote","/c/en/machine","/c/en/car","/c/en/grille"],"weight":0.2085899999999996},"num_concepts_raised":15776},{"base_id":632,"kind":"bot_words","i1":5,"i2":7,"sol":{"path":["/c/en/tote","/c/en/bag","/c/en/skin","/c/th/ตุ๊กแก","/c/en/gecko"],"weight":0.21570999999999974},"num_concepts_raised":15608},{"base_id":632,"kind":"bot_words","i1":5,"i2":8,"sol":{"path":["/c/en/tote","/c/en/bag","/c/en/ugly","/c/en/gorgon","/c/en/euryale"],"weight":0.21156999999999976},"num_concepts_raised":12215},{"base_id":632,"kind":"bot_words","i1":5,"i2":9,"sol":{"path":["/c/en/tote","/c/en/bag","/c/en/transport","/c/en/croatia","/c/en/skradin"],"weight":0.20922999999999975},"num_concepts_raised":13713},{"base_id":632,"kind":"bot_words","i1":6,"i2":7,"sol":{"path":["/c/en/grille","/c/fr/grille","/c/en/scale","/c/en/reptile","/c/en/gecko"],"weight":0.22202999999999962},"num_concepts_raised":10306},{"base_id":632,"kind":"bot_words","i1":6,"i2":8,"sol":{"path":["/c/en/grille","/c/en/weapon","/c/en/chiron","/c/en/greek_mythology","/c/en/euryale"],"weight":0.21364999999999967},"num_concepts_raised":6850},{"base_id":632,"kind":"bot_words","i1":6,"i2":9,"sol":{"path":["/c/en/grille","/c/en/grill","/c/en/restaurant","/c/en/town","/c/en/skradin"],"weight":0.21352999999999964},"num_concepts_raised":8374},{"base_id":632,"kind":"bot_words","i1":7,"i2":8,"sol":{"path":["/c/en/gecko","/c/de/gecko","/c/en/zoology","/c/en/medusa","/c/en/euryale"],"weight":0.21980999999999978},"num_concepts_raised":6537},{"base_id":632,"kind":"bot_words","i1":7,"i2":9,"sol":{"path":["/c/en/gecko","/c/en/lizard","/c/en/house","/c/en/town","/c/en/skradin"],"weight":0.21756999999999976},"num_concepts_raised":8087},{"base_id":632,"kind":"bot_words","i1":8,"i2":9,"sol":{"path":["/c/en/euryale","/c/en/greek_mythology","/c/en/argos","/c/en/town","/c/en/skradin"],"weight":0.21306999999999982},"num_concepts_raised":4593}],[{"base_id":632,"kind":"top_words","i1":0,"i2":1,"sol":{"path":["/c/en/penicillium","/c/en/fungus","/c/en/field","/c/it/scudo","/c/en/escudo"],"weight":0.21035999999999977},"num_concepts_raised":4704},{"base_id":632,"kind":"top_words","i1":0,"i2":2,"sol":{"path":["/c/en/penicillium","/c/en/brevianamide","/c/en/genus","/c/en/tillandsia"],"weight":0.21342999999999973},"num_concepts_raised":12137},{"base_id":632,"kind":"top_words","i1":0,"i2":3,"sol":{"path":["/c/en/penicillium","/c/en/penicillin","/c/en/pen","/c/en/penknife"],"weight":0.20917999999999995},"num_concepts_raised":5081},{"base_id":632,"kind":"top_words","i1":0,"i2":4,"sol":{"path":["/c/en/penicillium","/c/en/fungus","/c/en/wound","/c/en/bandage","/c/en/scapular"],"weight":0.21098999999999973},"num_concepts_raised":8309},{"base_id":632,"kind":"top_words","i1":0,"i2":5,"sol":{"path":["/c/en/penicillium","/c/en/fungus","/c/fr/didactique","/c/fr/métrologie","/c/en/gigahertz"],"weight":0.21052999999999977},"num_concepts_raised":7827},{"base_id":632,"kind":"top_words","i1":0,"i2":6,"sol":{"path":["/c/en/penicillium","/c/en/fungus","/c/fr/champignon","/c/fr/médecine","/c/fr/raideur","/c/en/abruptness"],"weight":0.2171965999999992},"num_concepts_raised":206166},{"base_id":632,"kind":"top_words","i1":0,"i2":7,"sol":{"path":["/c/en/penicillium","/c/en/fungus","/c/en/outside","/c/en/right","/c/en/expiate"],"weight":0.21133999999999975},"num_concepts_raised":7542},{"base_id":632,"kind":"top_words","i1":0,"i2":8,"sol":{"path":["/c/en/penicillium","/c/en/fungus","/c/en/field","/c/en/sheep","/c/en/bleating"],"weight":0.21030999999999975},"num_concepts_raised":3897},{"base_id":632,"kind":"top_words","i1":0,"i2":9,"sol":{"path":["/c/en/penicillium","/c/en/fungus","/c/en/ground","/c/en/block","/c/en/sheave"],"weight":0.2106699999999998},"num_concepts_raised":10230},{"base_id":632,"kind":"top_words","i1":1,"i2":2,"sol":{"path":["/c/en/escudo","/c/en/chile","/c/en/us","/c/en/plant","/c/en/tillandsia"],"weight":0.20802999999999983},"num_concepts_raised":12504},{"base_id":632,"kind":"top_words","i1":1,"i2":3,"sol":{"path":["/c/en/escudo","/c/en/currency","/c/en/drawer","/c/en/knife","/c/en/penknife"],"weight":0.20495000000000008},"num_concepts_raised":5359},{"base_id":632,"kind":"top_words","i1":1,"i2":4,"sol":{"path":["/c/en/escudo","/c/pt/escudo","/c/en/shield","/c/en/shoulder","/c/en/scapular"],"weight":0.20551999999999984},"num_concepts_raised":8587},{"base_id":632,"kind":"top_words","i1":1,"i2":5,"sol":{"path":["/c/en/escudo","/c/en/currency","/c/en/rate","/c/en/gigahertz"],"weight":0.2028799999999999},"num_concepts_raised":8098},{"base_id":632,"kind":"top_words","i1":1,"i2":6,"sol":{"path":["/c/en/escudo","/c/en/currency","/c/en/rate","/c/en/gradient","/c/en/abruptness"],"weight":0.20340999999999976},"num_concepts_raised":4031},{"base_id":632,"kind":"top_words","i1":1,"i2":7,"sol":{"path":["/c/en/escudo","/c/en/cob","/c/en/equivalent","/c/en/atone","/c/en/expiate"],"weight":0.20613999999999988},"num_concepts_raised":7824},{"base_id":632,"kind":"top_words","i1":1,"i2":8,"sol":{"path":["/c/en/escudo","/c/en/currency","/c/en/buy","/c/en/sheep","/c/en/bleating"],"weight":0.20272999999999985},"num_concepts_raised":4191},{"base_id":632,"kind":"top_words","i1":1,"i2":9,"sol":{"path":["/c/en/escudo","/c/en/cob","/c/en/block","/c/en/sheave"],"weight":0.2030499999999999},"num_concepts_raised":10504},{"base_id":632,"kind":"top_words","i1":2,"i2":3,"sol":{"path":["/c/en/tillandsia","/c/en/genus","/c/en/jacob's_ladder","/c/en/pocketknife","/c/en/penknife"],"weight":0.21046},"num_concepts_raised":12866},{"base_id":632,"kind":"top_words","i1":2,"i2":4,"sol":{"path":["/c/en/tillandsia","/c/en/plant","/c/en/put","/c/en/shoulder","/c/en/scapular"],"weight":0.2086599999999998},"num_concepts_raised":16069},{"base_id":632,"kind":"top_words","i1":2,"i2":5,"sol":{"path":["/c/en/tillandsia","/c/en/american","/c/en/a","/c/en/hertz","/c/en/gigahertz"],"weight":0.20913999999999983},"num_concepts_raised":15620},{"base_id":632,"kind":"top_words","i1":2,"i2":6,"sol":{"path":["/c/en/tillandsia","/c/en/plant","/c/en/botany","/c/en/abrupt","/c/en/abruptness"],"weight":0.20864999999999967},"num_concepts_raised":11545},{"base_id":632,"kind":"top_words","i1":2,"i2":7,"sol":{"path":["/c/en/tillandsia","/c/en/plant","/c/en/proscribed","/c/en/atone","/c/en/expiate"],"weight":0.21137999999999985},"num_concepts_raised":15332},{"base_id":632,"kind":"top_words","i1":2,"i2":8,"sol":{"path":["/c/en/tillandsia","/c/en/genus","/c/en/goat","/c/en/bleat","/c/en/bleating"],"weight":0.2080099999999998},"num_concepts_raised":11690},{"base_id":632,"kind":"top_words","i1":2,"i2":9,"sol":{"path":["/c/en/tillandsia","/c/en/plant","/c/en/shell","/c/en/sheave"],"weight":0.20821999999999985},"num_concepts_raised":17940},{"base_id":632,"kind":"top_words","i1":3,"i2":4,"sol":{"path":["/c/en/penknife","/c/en/pen","/c/en/feather","/c/en/scapular"],"weight":0.20429},"num_concepts_raised":8891},{"base_id":632,"kind":"top_words","i1":3,"i2":5,"sol":{"path":["/c/en/penknife","/c/en/pocketknife","/c/en/handle","/c/fr/métrologie","/c/en/gigahertz"],"weight":0.20545000000000005},"num_concepts_raised":8489},{"base_id":632,"kind":"top_words","i1":3,"i2":6,"sol":{"path":["/c/en/penknife","/c/en/knife","/c/en/sharp","/c/en/abrupt","/c/en/abruptness"],"weight":0.2055499999999999},"num_concepts_raised":4407},{"base_id":632,"kind":"top_words","i1":3,"i2":7,"sol":{"path":["/c/en/penknife","/c/en/pen","/c/en/penalty","/c/en/expiate"],"weight":0.20459000000000005},"num_concepts_raised":8196},{"base_id":632,"kind":"top_words","i1":3,"i2":8,"sol":{"path":["/c/en/penknife","/c/en/pen","/c/en/sheep","/c/en/bleating"],"weight":0.20361},"num_concepts_raised":4556},{"base_id":632,"kind":"top_words","i1":3,"i2":9,"sol":{"path":["/c/en/penknife","/c/fr/canif","/c/fr/formé","/c/de/scheibe","/c/en/sheave"],"weight":0.20713000000000006},"num_concepts_raised":10825},{"base_id":632,"kind":"top_words","i1":4,"i2":5,"sol":{"path":["/c/en/scapular","/c/fr/scapulaire","/c/fr/pied","/c/fr/métrologie","/c/en/gigahertz"],"weight":0.2065699999999998},"num_concepts_raised":11723},{"base_id":632,"kind":"top_words","i1":4,"i2":6,"sol":{"path":["/c/en/scapular","/c/fr/scapulaire","/c/fr/descendre","/c/fr/raideur","/c/en/abruptness"],"weight":0.20813999999999971},"num_concepts_raised":7635},{"base_id":632,"kind":"top_words","i1":4,"i2":7,"sol":{"path":["/c/en/scapular","/c/fr/scapulaire","/c/fr/religion","/c/la/pio","/c/en/expiate"],"weight":0.20740999999999982},"num_concepts_raised":11402},{"base_id":632,"kind":"top_words","i1":4,"i2":8,"sol":{"path":["/c/en/scapular","/c/en/christianity","/c/en/lamb","/c/en/baa","/c/en/bleating"],"weight":0.2033899999999998},"num_concepts_raised":7784},{"base_id":632,"kind":"top_words","i1":4,"i2":9,"sol":{"path":["/c/en/scapular","/c/en/garment","/c/en/keyhole","/c/en/sheave"],"weight":0.20356999999999983},"num_concepts_raised":14032},{"base_id":632,"kind":"top_words","i1":5,"i2":6,"sol":{"path":["/c/en/gigahertz","/c/en/rate","/c/en/gradient","/c/en/abruptness"],"weight":0.20346999999999973},"num_concepts_raised":7146},{"base_id":632,"kind":"top_words","i1":5,"i2":7,"sol":{"path":["/c/en/gigahertz","/c/en/rate","/c/ga/íoc","/c/en/atone","/c/en/expiate"],"weight":0.20624999999999988},"num_concepts_raised":10937},{"base_id":632,"kind":"top_words","i1":5,"i2":8,"sol":{"path":["/c/en/gigahertz","/c/fr/métrologie","/c/en/barn","/c/en/sheep","/c/en/bleating"],"weight":0.20285999999999985},"num_concepts_raised":7315},{"base_id":632,"kind":"top_words","i1":5,"i2":9,"sol":{"path":["/c/en/gigahertz","/c/en/hertz","/c/en/cycle","/c/en/wheel","/c/en/sheave"],"weight":0.2042799999999999},"num_concepts_raised":13629},{"base_id":632,"kind":"top_words","i1":6,"i2":7,"sol":{"path":["/c/en/abruptness","/c/en/rudeness","/c/en/manner","/c/en/right","/c/en/expiate"],"weight":0.20446999999999974},"num_concepts_raised":6868},{"base_id":632,"kind":"top_words","i1":6,"i2":8,"sol":{"path":["/c/en/abruptness","/c/en/haste","/c/en/rig","/c/en/sheep","/c/en/bleating"],"weight":0.20333999999999972},"num_concepts_raised":3228},{"base_id":632,"kind":"top_words","i1":6,"i2":9,"sol":{"path":["/c/en/abruptness","/c/fr/raideur","/c/fr/médecine","/c/fr/réa","/c/en/sheave"],"weight":0.20569999999999977},"num_concepts_raised":9553},{"base_id":632,"kind":"top_words","i1":7,"i2":8,"sol":{"path":["/c/en/expiate","/c/en/aby","/c/en/buy","/c/en/sheep","/c/en/bleating"],"weight":0.20371999999999985},"num_concepts_raised":7033},{"base_id":632,"kind":"top_words","i1":7,"i2":9,"sol":{"path":["/c/en/expiate","/c/fi/sovittaa","/c/en/key","/c/en/wheel","/c/en/sheave"],"weight":0.20607999999999987},"num_concepts_raised":13304},{"base_id":632,"kind":"top_words","i1":8,"i2":9,"sol":{"path":["/c/en/bleating","/c/en/sheep","/c/en/clip","/c/ru/ролик","/c/en/sheave"],"weight":0.20391999999999988},"num_concepts_raised":9708}]]