[[{"base_id":960,"kind":"bot_words","i1":0,"i2":1,"sol":{"path":["/c/en/carpenters","/c/en/carpenter","/c/en/table","/c/en/enter","/c/en/entrant"],"weight":0.21020999999999965},"num_concepts_raised":7558},{"base_id":960,"kind":"bot_words","i1":0,"i2":2,"sol":{"path":["/c/en/carpenters","/c/en/wood","/c/en/substance","/c/en/lubricant"],"weight":0.2115099999999997},"num_concepts_raised":13738},{"base_id":960,"kind":"bot_words","i1":0,"i2":3,"sol":{"path":["/c/en/carpenters","/c/en/wood","/c/en/general","/c/en/generalise"],"weight":0.20801999999999973},"num_concepts_raised":6230},{"base_id":960,"kind":"bot_words","i1":0,"i2":4,"sol":{"path":["/c/en/carpenters","/c/en/band","/c/en/collar","/c/en/necklace"],"weight":0.21509999999999962},"num_concepts_raised":30137},{"base_id":960,"kind":"bot_words","i1":0,"i2":5,"sol":{"path":["/c/en/carpenters","/c/en/wood","/c/en/deal","/c/en/mell"],"weight":0.20805999999999972},"num_concepts_raised":18524},{"base_id":960,"kind":"bot_words","i1":0,"i2":6,"sol":{"path":["/c/en/carpenters","/c/en/band","/c/en/loud","/c/fr/abasourdi","/c/en/thunderstruck"],"weight":0.20935999999999977},"num_concepts_raised":7674},{"base_id":960,"kind":"bot_words","i1":0,"i2":7,"sol":{"path":["/c/en/carpenters","/c/en/wood","/c/en/like","/c/en/religion","/c/en/theogony"],"weight":0.21393999999999974},"num_concepts_raised":9938},{"base_id":960,"kind":"bot_words","i1":0,"i2":8,"sol":{"path":["/c/en/carpenters","/c/en/band","/c/en/page"],"weight":0.20600000000000002},"num_concepts_raised":882},{"base_id":960,"kind":"bot_words","i1":0,"i2":9,"sol":{"path":["/c/en/carpenters","/c/en/wood","/c/en/insane","/c/en/psycho","/c/en/psychopathy"],"weight":0.21384999999999976},"num_concepts_raised":6808},{"base_id":960,"kind":"bot_words","i1":1,"i2":2,"sol":{"path":["/c/en/entrant","/c/en/commodity","/c/en/oil","/c/en/lubricant"],"weight":0.2067999999999997},"num_concepts_raised":12460},{"base_id":960,"kind":"bot_words","i1":1,"i2":3,"sol":{"path":["/c/en/entrant","/c/en/commodity","/c/en/spread","/c/fr/généraliser","/c/en/generalise"],"weight":0.20393999999999976},"num_concepts_raised":4867},{"base_id":960,"kind":"bot_words","i1":1,"i2":4,"sol":{"path":["/c/en/entrant","/c/en/contest","/c/en/rubber","/c/en/necklace"],"weight":0.20917999999999964},"num_concepts_raised":29015},{"base_id":960,"kind":"bot_words","i1":1,"i2":5,"sol":{"path":["/c/en/entrant","/c/fr/entrer","/c/fr/mêler","/c/en/meddle","/c/en/mell"],"weight":0.20409999999999975},"num_concepts_raised":17199},{"base_id":960,"kind":"bot_words","i1":1,"i2":6,"sol":{"path":["/c/en/entrant","/c/en/participant","/c/en/person","/c/en/surprised","/c/en/thunderstruck"],"weight":0.2033399999999998},"num_concepts_raised":6314},{"base_id":960,"kind":"bot_words","i1":1,"i2":7,"sol":{"path":["/c/en/entrant","/c/en/participant","/c/syc/ܢܣܘܒܐ","/c/en/religion","/c/en/theogony"],"weight":0.20895999999999978},"num_concepts_raised":8570},{"base_id":960,"kind":"bot_words","i1":1,"i2":8,"sol":{"path":["/c/en/entrant","/c/en/traveler","/c/en/book","/c/en/page"],"weight":0.22390999999999728},"num_concepts_raised":140984},{"base_id":960,"kind":"bot_words","i1":1,"i2":9,"sol":{"path":["/c/en/entrant","/c/en/commodity","/c/en/primary","/c/en/psychopathy"],"weight":0.20867999999999975},"num_concepts_raised":5435},{"base_id":960,"kind":"bot_words","i1":2,"i2":3,"sol":{"path":["/c/en/lubricant","/c/en/oil","/c/en/general","/c/en/generalise"],"weight":0.2066199999999998},"num_concepts_raised":11119},{"base_id":960,"kind":"bot_words","i1":2,"i2":4,"sol":{"path":["/c/en/lubricant","/c/en/substance","/c/en/fire","/c/en/necklace"],"weight":0.2126199999999997},"num_concepts_raised":34810},{"base_id":960,"kind":"bot_words","i1":2,"i2":5,"sol":{"path":["/c/en/lubricant","/c/en/jack","/c/en/uk","/c/en/mell"],"weight":0.20620999999999978},"num_concepts_raised":23332},{"base_id":960,"kind":"bot_words","i1":2,"i2":6,"sol":{"path":["/c/en/lubricant","/c/en/substance","/c/en/stupefied","/c/en/thunderstruck"],"weight":0.20642999999999984},"num_concepts_raised":12589},{"base_id":960,"kind":"bot_words","i1":2,"i2":7,"sol":{"path":["/c/en/lubricant","/c/en/oil","/c/en/origin","/c/en/cosmogony","/c/en/theogony"],"weight":0.21453999999999981},"num_concepts_raised":14852},{"base_id":960,"kind":"bot_words","i1":2,"i2":8,"sol":{"path":["/c/en/lubricant","/c/en/substance","/c/en/paper","/c/en/page"],"weight":0.22739999999999733},"num_concepts_raised":145747},{"base_id":960,"kind":"bot_words","i1":2,"i2":9,"sol":{"path":["/c/en/lubricant","/c/en/lubricate","/c/en/change","/c/en/disorder","/c/en/psychopathy"],"weight":0.2133399999999998},"num_concepts_raised":11748},{"base_id":960,"kind":"bot_words","i1":3,"i2":4,"sol":{"path":["/c/en/generalise","/c/en/generally","/c/en/around","/c/en/necklace"],"weight":0.20798999999999973},"num_concepts_raised":27716},{"base_id":960,"kind":"bot_words","i1":3,"i2":5,"sol":{"path":["/c/en/generalise","/c/fr/généraliser","/c/ms/mengumumkan","/c/en/say","/c/en/mell"],"weight":0.2038499999999998},"num_concepts_raised":15907},{"base_id":960,"kind":"bot_words","i1":3,"i2":6,"sol":{"path":["/c/en/generalise","/c/en/generalize","/c/en/talk","/c/en/speak","/c/en/thunderstruck"],"weight":0.20305999999999985},"num_concepts_raised":4989},{"base_id":960,"kind":"bot_words","i1":3,"i2":7,"sol":{"path":["/c/en/generalise","/c/en/general","/c/en/religion","/c/en/theogony"],"weight":0.20863999999999985},"num_concepts_raised":7236},{"base_id":960,"kind":"bot_words","i1":3,"i2":8,"sol":{"path":["/c/en/generalise","/c/fr/généraliser","/c/en/spread","/c/en/page"],"weight":0.2211399999999974},"num_concepts_raised":139879},{"base_id":960,"kind":"bot_words","i1":3,"i2":9,"sol":{"path":["/c/en/generalise","/c/en/general","/c/en/common","/c/en/mental_illness","/c/en/psychopathy"],"weight":0.20869999999999983},"num_concepts_raised":4109},{"base_id":960,"kind":"bot_words","i1":4,"i2":5,"sol":{"path":["/c/en/necklace","/c/en/rubber","/c/en/uk","/c/en/mell"],"weight":0.2100699999999997},"num_concepts_raised":39621},{"base_id":960,"kind":"bot_words","i1":4,"i2":6,"sol":{"path":["/c/en/necklace","/c/de/übertragen","/c/fr/abasourdi","/c/en/thunderstruck"],"weight":0.20929999999999976},"num_concepts_raised":29173},{"base_id":960,"kind":"bot_words","i1":4,"i2":7,"sol":{"path":["/c/en/necklace","/c/mul/📿","/c/en/religion","/c/en/theogony"],"weight":0.21451999999999977},"num_concepts_raised":31316},{"base_id":960,"kind":"bot_words","i1":4,"i2":8,"sol":{"path":["/c/en/necklace","/c/en/fire","/c/en/book","/c/en/page"],"weight":0.23026999999999725},"num_concepts_raised":160370},{"base_id":960,"kind":"bot_words","i1":4,"i2":9,"sol":{"path":["/c/en/necklace","/c/fr/collier","/c/fr/trait","/c/en/psycho","/c/en/psychopathy"],"weight":0.21695999999999976},"num_concepts_raised":28351},{"base_id":960,"kind":"bot_words","i1":5,"i2":6,"sol":{"path":["/c/en/mell","/c/en/speak","/c/en/thunderstruck"],"weight":0.202},"num_concepts_raised":69},{"base_id":960,"kind":"bot_words","i1":5,"i2":7,"sol":{"path":["/c/en/mell","/c/en/dialectal","/c/en/bishop","/c/en/religion","/c/en/theogony"],"weight":0.20968999999999982},"num_concepts_raised":19590},{"base_id":960,"kind":"bot_words","i1":5,"i2":8,"sol":{"path":["/c/en/mell","/c/en/uk","/c/en/book","/c/en/page"],"weight":0.22509999999999736},"num_concepts_raised":149516},{"base_id":960,"kind":"bot_words","i1":5,"i2":9,"sol":{"path":["/c/en/mell","/c/en/dialectal","/c/en/fear","/c/en/mental_illness","/c/en/psychopathy"],"weight":0.20970999999999984},"num_concepts_raised":16500},{"base_id":960,"kind":"bot_words","i1":6,"i2":7,"sol":{"path":["/c/en/thunderstruck","/c/fr/stupéfié","/c/fi/aine","/c/en/discipline","/c/en/theogony"],"weight":0.2098799999999999},"num_concepts_raised":8674},{"base_id":960,"kind":"bot_words","i1":6,"i2":8,"sol":{"path":["/c/en/thunderstruck","/c/en/speak","/c/en/writing","/c/en/page"],"weight":0.2209799999999974},"num_concepts_raised":141280},{"base_id":960,"kind":"bot_words","i1":6,"i2":9,"sol":{"path":["/c/en/thunderstruck","/c/en/surprised","/c/en/person","/c/en/disorder","/c/en/psychopathy"],"weight":0.2088199999999999},"num_concepts_raised":5553},{"base_id":960,"kind":"bot_words","i1":7,"i2":8,"sol":{"path":["/c/en/theogony","/c/en/narrative","/c/en/writing","/c/en/page"],"weight":0.22661999999999738},"num_concepts_raised":143336},{"base_id":960,"kind":"bot_words","i1":7,"i2":9,"sol":{"path":["/c/en/theogony","/c/en/cosmogony","/c/en/origin","/c/en/psychopathology","/c/en/psychopathy"],"weight":0.21647999999999987},"num_concepts_raised":7804},{"base_id":960,"kind":"bot_words","i1":8,"i2":9,"sol":{"path":["/c/en/page","/c/en/us","/c/en/primary","/c/en/psychopathy"],"weight":0.2260799999999974},"num_concepts_raised":140614}],[{"base_id":960,"kind":"top_words","i1":0,"i2":1,"sol":{"path":["/c/en/ligase","/c/en/molecule","/c/en/iron","/c/en/cauterize"],"weight":0.20403999999999975},"num_concepts_raised":22376},{"base_id":960,"kind":"top_words","i1":0,"i2":2,"sol":{"path":["/c/en/ligase","/c/en/synthetase","/c/en/synthesize","/c/en/change","/c/en/engram"],"weight":0.20928999999999984},"num_concepts_raised":17162},{"base_id":960,"kind":"top_words","i1":0,"i2":3,"sol":{"path":["/c/en/ligase","/c/en/tangible_thing","/c/en/region","/c/en/unknown","/c/en/inglorious"],"weight":0.20422},"num_concepts_raised":11037},{"base_id":960,"kind":"top_words","i1":0,"i2":4,"sol":{"path":["/c/en/ligase","/c/en/amidoligase","/c/en/amido","/c/en/carboxyl"],"weight":0.20594999999999988},"num_concepts_raised":28391},{"base_id":960,"kind":"top_words","i1":0,"i2":5,"sol":{"path":["/c/en/ligase","/c/en/enzyme","/c/en/protein","/c/en/ribosome"],"weight":0.21033999999999983},"num_concepts_raised":22557},{"base_id":960,"kind":"top_words","i1":0,"i2":6,"sol":{"path":["/c/en/ligase","/c/en/molecule","/c/en/mineral","/c/en/rock","/c/en/pluton"],"weight":0.2081999999999999},"num_concepts_raised":14542},{"base_id":960,"kind":"top_words","i1":0,"i2":7,"sol":{"path":["/c/en/ligase","/c/en/tangible_thing","/c/en/injury","/c/en/unthank"],"weight":0.2028899999999999},"num_concepts_raised":121927},{"base_id":960,"kind":"top_words","i1":0,"i2":8,"sol":{"path":["/c/en/ligase","/c/en/enzyme","/c/en/lipase"],"weight":0.20400000000000001},"num_concepts_raised":89},{"base_id":960,"kind":"top_words","i1":0,"i2":9,"sol":{"path":["/c/en/ligase","/c/en/enzyme","/c/en/primer","/c/en/historical","/c/en/amban"],"weight":0.20827},"num_concepts_raised":18071},{"base_id":960,"kind":"top_words","i1":1,"i2":2,"sol":{"path":["/c/en/cauterize","/c/en/tissue","/c/en/engram"],"weight":0.20400000000000001},"num_concepts_raised":141},{"base_id":960,"kind":"top_words","i1":1,"i2":3,"sol":{"path":["/c/en/cauterize","/c/en/burn","/c/en/person","/c/en/unknown","/c/en/inglorious"],"weight":0.2078299999999998},"num_concepts_raised":16012},{"base_id":960,"kind":"top_words","i1":1,"i2":4,"sol":{"path":["/c/en/cauterize","/c/en/burn","/c/en/chemistry","/c/en/carboxyl"],"weight":0.20761999999999964},"num_concepts_raised":33829},{"base_id":960,"kind":"top_words","i1":1,"i2":5,"sol":{"path":["/c/en/cauterize","/c/en/tissue","/c/en/biology","/c/en/ribosome"],"weight":0.2110699999999996},"num_concepts_raised":27637},{"base_id":960,"kind":"top_words","i1":1,"i2":6,"sol":{"path":["/c/en/cauterize","/c/en/burn","/c/en/paper","/c/en/rock","/c/en/pluton"],"weight":0.2117799999999997},"num_concepts_raised":19021},{"base_id":960,"kind":"top_words","i1":1,"i2":7,"sol":{"path":["/c/en/cauterize","/c/en/burn","/c/en/injury","/c/en/unthank"],"weight":0.20649999999999968},"num_concepts_raised":126826},{"base_id":960,"kind":"top_words","i1":1,"i2":8,"sol":{"path":["/c/en/cauterize","/c/en/agent","/c/en/tangible_thing","/c/en/lipase"],"weight":0.20981999999999967},"num_concepts_raised":17926},{"base_id":960,"kind":"top_words","i1":1,"i2":9,"sol":{"path":["/c/en/cauterize","/c/en/agent","/c/en/official","/c/en/amban"],"weight":0.20900999999999975},"num_concepts_raised":22962},{"base_id":960,"kind":"top_words","i1":2,"i2":3,"sol":{"path":["/c/en/engram","/c/en/clear","/c/en/obscure","/c/en/inglorious"],"weight":0.20843999999999988},"num_concepts_raised":10726},{"base_id":960,"kind":"top_words","i1":2,"i2":4,"sol":{"path":["/c/en/engram","/c/en/biochemical","/c/en/functional_group","/c/en/carboxyl"],"weight":0.20918999999999977},"num_concepts_raised":28650},{"base_id":960,"kind":"top_words","i1":2,"i2":5,"sol":{"path":["/c/en/engram","/c/en/change","/c/en/translation","/c/en/ribosome"],"weight":0.21729999999999972},"num_concepts_raised":22371},{"base_id":960,"kind":"top_words","i1":2,"i2":6,"sol":{"path":["/c/en/engram","/c/en/scientology","/c/en/logy","/c/en/mineralogy","/c/en/pluton"],"weight":0.2133899999999998},"num_concepts_raised":14278},{"base_id":960,"kind":"top_words","i1":2,"i2":7,"sol":{"path":["/c/en/engram","/c/en/ingram","/c/fr/localités","/c/en/unthank"],"weight":0.20800999999999978},"num_concepts_raised":121601},{"base_id":960,"kind":"top_words","i1":2,"i2":8,"sol":{"path":["/c/en/engram","/c/en/change","/c/en/disorder","/c/en/pancrelipase","/c/en/lipase"],"weight":0.2160999999999998},"num_concepts_raised":12689},{"base_id":960,"kind":"top_words","i1":2,"i2":9,"sol":{"path":["/c/en/engram","/c/en/scientology","/c/en/circuit","/c/en/historical","/c/en/amban"],"weight":0.21335999999999988},"num_concepts_raised":17759},{"base_id":960,"kind":"top_words","i1":3,"i2":4,"sol":{"path":["/c/en/inglorious","/c/en/unknown","/c/en/experiment","/c/en/chemistry","/c/en/carboxyl"],"weight":0.20517999999999992},"num_concepts_raised":22644},{"base_id":960,"kind":"top_words","i1":3,"i2":5,"sol":{"path":["/c/en/inglorious","/c/en/obscure","/c/en/change","/c/en/translation","/c/en/ribosome"],"weight":0.21222999999999986},"num_concepts_raised":16515},{"base_id":960,"kind":"top_words","i1":3,"i2":6,"sol":{"path":["/c/en/inglorious","/c/en/unknown","/c/en/person","/c/en/rock","/c/en/pluton"],"weight":0.20929999999999993},"num_concepts_raised":8123},{"base_id":960,"kind":"top_words","i1":3,"i2":7,"sol":{"path":["/c/en/inglorious","/c/en/disgraceful","/c/en/injurious","/c/en/harm","/c/en/unthank"],"weight":0.20406999999999992},"num_concepts_raised":115479},{"base_id":960,"kind":"top_words","i1":3,"i2":8,"sol":{"path":["/c/en/inglorious","/c/en/unknown","/c/en/region","/c/en/tangible_thing","/c/en/lipase"],"weight":0.21002999999999994},"num_concepts_raised":6538},{"base_id":960,"kind":"top_words","i1":3,"i2":9,"sol":{"path":["/c/en/inglorious","/c/en/unknown","/c/en/algebra","/c/en/historical","/c/en/amban"],"weight":0.20924000000000004},"num_concepts_raised":11633},{"base_id":960,"kind":"top_words","i1":4,"i2":5,"sol":{"path":["/c/en/carboxyl","/c/en/chemistry","/c/en/biology","/c/en/ribosome"],"weight":0.21107999999999974},"num_concepts_raised":34197},{"base_id":960,"kind":"top_words","i1":4,"i2":6,"sol":{"path":["/c/en/carboxyl","/c/en/group","/c/en/geology","/c/es/plutón","/c/en/pluton"],"weight":0.2111599999999998},"num_concepts_raised":26094},{"base_id":960,"kind":"top_words","i1":4,"i2":7,"sol":{"path":["/c/en/carboxyl","/c/en/chemistry","/c/en/burn","/c/en/injury","/c/en/unthank"],"weight":0.2038599999999998},"num_concepts_raised":133523},{"base_id":960,"kind":"top_words","i1":4,"i2":8,"sol":{"path":["/c/en/carboxyl","/c/en/chemistry","/c/fi/lipaasi","/c/en/lipase"],"weight":0.21186999999999984},"num_concepts_raised":24432},{"base_id":960,"kind":"top_words","i1":4,"i2":9,"sol":{"path":["/c/en/carboxyl","/c/en/organic_chemistry","/c/en/para","/c/en/historical","/c/en/amban"],"weight":0.20944999999999991},"num_concepts_raised":29597},{"base_id":960,"kind":"top_words","i1":5,"i2":6,"sol":{"path":["/c/en/ribosome","/c/en/translation","/c/en/place","/c/en/rock","/c/en/pluton"],"weight":0.21718999999999977},"num_concepts_raised":20010},{"base_id":960,"kind":"top_words","i1":5,"i2":7,"sol":{"path":["/c/en/ribosome","/c/en/translation","/c/en/disease","/c/en/injury","/c/en/unthank"],"weight":0.21194999999999975},"num_concepts_raised":127390},{"base_id":960,"kind":"top_words","i1":5,"i2":8,"sol":{"path":["/c/en/ribosome","/c/en/protein","/c/en/enzyme","/c/en/lipase"],"weight":0.2161799999999998},"num_concepts_raised":18198},{"base_id":960,"kind":"top_words","i1":5,"i2":9,"sol":{"path":["/c/en/ribosome","/c/en/cell","/c/en/historical","/c/en/amban"],"weight":0.21509999999999987},"num_concepts_raised":23515},{"base_id":960,"kind":"top_words","i1":6,"i2":7,"sol":{"path":["/c/en/pluton","/c/en/rock","/c/en/do","/c/en/harm","/c/en/unthank"],"weight":0.20796999999999982},"num_concepts_raised":119010},{"base_id":960,"kind":"top_words","i1":6,"i2":8,"sol":{"path":["/c/en/pluton","/c/en/rock","/c/en/pan","/c/en/pancreas","/c/en/lipase"],"weight":0.21397999999999986},"num_concepts_raised":10051},{"base_id":960,"kind":"top_words","i1":6,"i2":9,"sol":{"path":["/c/en/pluton","/c/en/rock","/c/en/dyke","/c/en/historical","/c/en/amban"],"weight":0.21316999999999994},"num_concepts_raised":15160},{"base_id":960,"kind":"top_words","i1":7,"i2":8,"sol":{"path":["/c/en/unthank","/c/en/injury","/c/en/tangible_thing","/c/en/lipase"],"weight":0.20869999999999983},"num_concepts_raised":117436},{"base_id":960,"kind":"top_words","i1":7,"i2":9,"sol":{"path":["/c/en/unthank","/c/en/thanks","/c/en/aid","/c/en/historical","/c/en/amban"],"weight":0.20886999999999994},"num_concepts_raised":122475},{"base_id":960,"kind":"top_words","i1":8,"i2":9,"sol":{"path":["/c/en/lipase","/c/en/enzyme","/c/en/primer","/c/en/historical","/c/en/amban"],"weight":0.21409999999999996},"num_concepts_raised":13575}]]