[[{"base_id":199,"kind":"bot_words","i1":0,"i2":1,"sol":{"path":["/c/en/gaussian","/c/en/mathematics","/c/en/language","/c/en/cool","/c/en/coolly"],"weight":0.21020999999999979},"num_concepts_raised":12752},{"base_id":199,"kind":"bot_words","i1":0,"i2":2,"sol":{"path":["/c/en/gaussian","/c/en/mathematics","/c/en/university","/c/en/graduate","/c/en/alumnus"],"weight":0.21935999999999956},"num_concepts_raised":18232},{"base_id":199,"kind":"bot_words","i1":0,"i2":3,"sol":{"path":["/c/en/gaussian","/c/en/software","/c/en/evergreen","/c/en/kadam"],"weight":0.21291999999999978},"num_concepts_raised":25668},{"base_id":199,"kind":"bot_words","i1":0,"i2":4,"sol":{"path":["/c/en/gaussian","/c/en/normal","/c/en/slang","/c/en/yid"],"weight":0.21302999999999978},"num_concepts_raised":28608},{"base_id":199,"kind":"bot_words","i1":0,"i2":5,"sol":{"path":["/c/en/gaussian","/c/en/mathematics","/c/en/action","/c/en/music","/c/en/toccata"],"weight":0.21437999999999988},"num_concepts_raised":23397},{"base_id":199,"kind":"bot_words","i1":0,"i2":6,"sol":{"path":["/c/en/gaussian","/c/en/mathematics","/c/en/law","/c/en/ouster"],"weight":0.2082399999999997},"num_concepts_raised":41138},{"base_id":199,"kind":"bot_words","i1":0,"i2":7,"sol":{"path":["/c/en/gaussian","/c/en/gauss","/c/en/ship","/c/en/yacht","/c/en/yachting"],"weight":0.20918999999999982},"num_concepts_raised":13930},{"base_id":199,"kind":"bot_words","i1":0,"i2":8,"sol":{"path":["/c/en/gaussian","/c/en/mathematics","/c/en/rank","/c/en/dignitary"],"weight":0.2088899999999998},"num_concepts_raised":21468},{"base_id":199,"kind":"bot_words","i1":0,"i2":9,"sol":{"path":["/c/en/gaussian","/c/en/mathematics","/c/en/ray","/c/en/given_name","/c/en/adolf"],"weight":0.21311999999999973},"num_concepts_raised":13076},{"base_id":199,"kind":"bot_words","i1":1,"i2":2,"sol":{"path":["/c/en/coolly","/c/en/cool","/c/en/guy","/c/en/man","/c/en/alumnus"],"weight":0.21152999999999966},"num_concepts_raised":7943},{"base_id":199,"kind":"bot_words","i1":1,"i2":3,"sol":{"path":["/c/en/coolly","/c/en/cool","/c/en/like","/c/en/tree","/c/en/kadam"],"weight":0.2098999999999998},"num_concepts_raised":15468},{"base_id":199,"kind":"bot_words","i1":1,"i2":4,"sol":{"path":["/c/en/coolly","/c/en/cool","/c/en/slang","/c/en/yid"],"weight":0.20994999999999986},"num_concepts_raised":18316},{"base_id":199,"kind":"bot_words","i1":1,"i2":5,"sol":{"path":["/c/en/coolly","/c/en/cool","/c/en/hip","/c/en/music","/c/en/toccata"],"weight":0.21123999999999993},"num_concepts_raised":13249},{"base_id":199,"kind":"bot_words","i1":1,"i2":6,"sol":{"path":["/c/en/coolly","/c/en/cool","/c/en/river","/c/en/oust","/c/en/ouster"],"weight":0.20608999999999977},"num_concepts_raised":31068},{"base_id":199,"kind":"bot_words","i1":1,"i2":7,"sol":{"path":["/c/en/coolly","/c/en/cool","/c/en/fan","/c/en/sail","/c/en/yachting"],"weight":0.20514999999999986},"num_concepts_raised":3633},{"base_id":199,"kind":"bot_words","i1":1,"i2":8,"sol":{"path":["/c/en/coolly","/c/en/cool","/c/en/dean","/c/en/dignitary"],"weight":0.2056499999999999},"num_concepts_raised":11304},{"base_id":199,"kind":"bot_words","i1":1,"i2":9,"sol":{"path":["/c/en/coolly","/c/en/cool","/c/en/james","/c/en/given_name","/c/en/adolf"],"weight":0.20995999999999979},"num_concepts_raised":2755},{"base_id":199,"kind":"bot_words","i1":2,"i2":3,"sol":{"path":["/c/en/alumnus","/c/en/man","/c/en/historical","/c/en/kadam"],"weight":0.21431999999999962},"num_concepts_raised":20849},{"base_id":199,"kind":"bot_words","i1":2,"i2":4,"sol":{"path":["/c/en/alumnus","/c/en/man","/c/en/slang","/c/en/yid"],"weight":0.21439999999999962},"num_concepts_raised":23714},{"base_id":199,"kind":"bot_words","i1":2,"i2":5,"sol":{"path":["/c/en/alumnus","/c/en/ob","/c/en/music","/c/en/toccata"],"weight":0.21559999999999974},"num_concepts_raised":18708},{"base_id":199,"kind":"bot_words","i1":2,"i2":6,"sol":{"path":["/c/en/alumnus","/c/en/graduate","/c/en/person","/c/en/ouster"],"weight":0.21411999999999953},"num_concepts_raised":35945},{"base_id":199,"kind":"bot_words","i1":2,"i2":7,"sol":{"path":["/c/en/alumnus","/c/en/man","/c/en/yachtsman","/c/en/yachting"],"weight":0.20947999999999967},"num_concepts_raised":9112},{"base_id":199,"kind":"bot_words","i1":2,"i2":8,"sol":{"path":["/c/en/alumnus","/c/en/man","/c/en/position","/c/en/dignitary"],"weight":0.21011999999999964},"num_concepts_raised":16662},{"base_id":199,"kind":"bot_words","i1":2,"i2":9,"sol":{"path":["/c/en/alumnus","/c/en/graduate","/c/en/us","/c/en/given_name","/c/en/adolf"],"weight":0.21897999999999956},"num_concepts_raised":8261},{"base_id":199,"kind":"bot_words","i1":3,"i2":4,"sol":{"path":["/c/en/kadam","/c/en/mile","/c/en/slang","/c/en/yid"],"weight":0.2127599999999998},"num_concepts_raised":31177},{"base_id":199,"kind":"bot_words","i1":3,"i2":5,"sol":{"path":["/c/en/kadam","/c/en/distance","/c/en/measure","/c/en/music","/c/en/toccata"],"weight":0.21405999999999992},"num_concepts_raised":26147},{"base_id":199,"kind":"bot_words","i1":3,"i2":6,"sol":{"path":["/c/en/kadam","/c/en/historical","/c/en/ouster"],"weight":0.20400000000000001},"num_concepts_raised":67},{"base_id":199,"kind":"bot_words","i1":3,"i2":7,"sol":{"path":["/c/en/kadam","/c/en/historical","/c/en/boating","/c/en/yachting"],"weight":0.20779999999999985},"num_concepts_raised":16617},{"base_id":199,"kind":"bot_words","i1":3,"i2":8,"sol":{"path":["/c/en/kadam","/c/en/india","/c/en/state","/c/en/dignitary"],"weight":0.20850999999999986},"num_concepts_raised":23995},{"base_id":199,"kind":"bot_words","i1":3,"i2":9,"sol":{"path":["/c/en/kadam","/c/en/historical","/c/en/nazi_germany","/c/en/adolf"],"weight":0.21273999999999976},"num_concepts_raised":15775},{"base_id":199,"kind":"bot_words","i1":4,"i2":5,"sol":{"path":["/c/en/yid","/c/en/jew","/c/en/jew's_harp","/c/en/music","/c/en/toccata"],"weight":0.21618999999999994},"num_concepts_raised":29066},{"base_id":199,"kind":"bot_words","i1":4,"i2":6,"sol":{"path":["/c/en/yid","/c/en/jew","/c/en/person","/c/en/ouster"],"weight":0.20999999999999974},"num_concepts_raised":45713},{"base_id":199,"kind":"bot_words","i1":4,"i2":7,"sol":{"path":["/c/en/yid","/c/en/jew","/c/en/pray","/c/en/activity","/c/en/yachting"],"weight":0.20994999999999983},"num_concepts_raised":19566},{"base_id":199,"kind":"bot_words","i1":4,"i2":8,"sol":{"path":["/c/en/yid","/c/en/offensive","/c/en/rank","/c/en/dignitary"],"weight":0.20864999999999984},"num_concepts_raised":27127},{"base_id":199,"kind":"bot_words","i1":4,"i2":9,"sol":{"path":["/c/en/yid","/c/en/jew","/c/en/religion","/c/en/nazi_germany","/c/en/adolf"],"weight":0.21491999999999978},"num_concepts_raised":18723},{"base_id":199,"kind":"bot_words","i1":5,"i2":6,"sol":{"path":["/c/en/toccata","/c/en/music","/c/en/person","/c/en/ouster"],"weight":0.20918999999999988},"num_concepts_raised":41666},{"base_id":199,"kind":"bot_words","i1":5,"i2":7,"sol":{"path":["/c/en/toccata","/c/en/music","/c/en/activity","/c/en/yachting"],"weight":0.20914999999999995},"num_concepts_raised":14402},{"base_id":199,"kind":"bot_words","i1":5,"i2":8,"sol":{"path":["/c/en/toccata","/c/en/music","/c/en/rank","/c/en/dignitary"],"weight":0.20986999999999997},"num_concepts_raised":21940},{"base_id":199,"kind":"bot_words","i1":5,"i2":9,"sol":{"path":["/c/en/toccata","/c/en/music","/c/en/beat","/c/en/given_name","/c/en/adolf"],"weight":0.21411999999999987},"num_concepts_raised":13581},{"base_id":199,"kind":"bot_words","i1":6,"i2":7,"sol":{"path":["/c/en/ouster","/c/en/historical","/c/en/boating","/c/en/yachting"],"weight":0.2029799999999998},"num_concepts_raised":32138},{"base_id":199,"kind":"bot_words","i1":6,"i2":8,"sol":{"path":["/c/en/ouster","/c/en/person","/c/en/dignity","/c/en/dignitary"],"weight":0.20486999999999977},"num_concepts_raised":39220},{"base_id":199,"kind":"bot_words","i1":6,"i2":9,"sol":{"path":["/c/en/ouster","/c/en/historical","/c/en/nazi_germany","/c/en/adolf"],"weight":0.20792999999999973},"num_concepts_raised":31341},{"base_id":199,"kind":"bot_words","i1":7,"i2":8,"sol":{"path":["/c/en/yachting","/c/en/activity","/c/en/worship","/c/en/dignitary"],"weight":0.20356999999999986},"num_concepts_raised":12421},{"base_id":199,"kind":"bot_words","i1":7,"i2":9,"sol":{"path":["/c/en/yachting","/c/en/sail","/c/en/beat","/c/en/given_name","/c/en/adolf"],"weight":0.2080599999999998},"num_concepts_raised":3965},{"base_id":199,"kind":"bot_words","i1":8,"i2":9,"sol":{"path":["/c/en/dignitary","/c/en/rank","/c/en/us","/c/en/given_name","/c/en/adolf"],"weight":0.20864999999999978},"num_concepts_raised":11630}],[{"base_id":199,"kind":"top_words","i1":0,"i2":1,"sol":{"path":["/c/en/aorist","/c/en/grammar","/c/en/linguistics","/c/en/family","/c/en/chaebol"],"weight":0.20487},"num_concepts_raised":17588},{"base_id":199,"kind":"top_words","i1":0,"i2":2,"sol":{"path":["/c/en/aorist","/c/en/grammar","/c/en/subordinate","/c/en/insubordinate","/c/en/disobedient"],"weight":0.20815000000000006},"num_concepts_raised":13335},{"base_id":199,"kind":"top_words","i1":0,"i2":3,"sol":{"path":["/c/en/aorist","/c/en/grammar","/c/en/subjunctive"],"weight":0.20400000000000001},"num_concepts_raised":188},{"base_id":199,"kind":"top_words","i1":0,"i2":4,"sol":{"path":["/c/en/aorist","/c/en/grammar","/c/en/collective","/c/en/faggot","/c/en/shrewish"],"weight":0.20482999999999985},"num_concepts_raised":9796},{"base_id":199,"kind":"top_words","i1":0,"i2":5,"sol":{"path":["/c/en/aorist","/c/en/grammar","/c/te/త్రికము","/c/en/trio","/c/en/threesome"],"weight":0.20670999999999984},"num_concepts_raised":12175},{"base_id":199,"kind":"top_words","i1":0,"i2":6,"sol":{"path":["/c/en/aorist","/c/en/grammar","/c/en/person","/c/en/expatriate","/c/en/outland"],"weight":0.20573999999999995},"num_concepts_raised":15045},{"base_id":199,"kind":"top_words","i1":0,"i2":7,"sol":{"path":["/c/en/aorist","/c/en/grammar","/c/en/person","/c/en/sexy","/c/en/voluptuous"],"weight":0.20697999999999978},"num_concepts_raised":12509},{"base_id":199,"kind":"top_words","i1":0,"i2":8,"sol":{"path":["/c/en/aorist","/c/fr/aoriste","/c/fr/temps","/c/fr/jeune_marié","/c/en/newlywed"],"weight":0.20624999999999982},"num_concepts_raised":10819},{"base_id":199,"kind":"top_words","i1":0,"i2":9,"sol":{"path":["/c/en/aorist","/c/en/grammar","/c/en/person","/c/en/tempter","/c/en/temptress"],"weight":0.20468999999999993},"num_concepts_raised":10221},{"base_id":199,"kind":"top_words","i1":1,"i2":2,"sol":{"path":["/c/en/chaebol","/c/en/pejorative","/c/en/charva","/c/en/disobedient"],"weight":0.2049200000000001},"num_concepts_raised":13064},{"base_id":199,"kind":"top_words","i1":1,"i2":3,"sol":{"path":["/c/en/chaebol","/c/en/business","/c/en/art","/c/en/grammar","/c/en/subjunctive"],"weight":0.20596999999999963},"num_concepts_raised":20966},{"base_id":199,"kind":"top_words","i1":1,"i2":4,"sol":{"path":["/c/en/chaebol","/c/en/pejorative","/c/en/shrew","/c/en/shrewish"],"weight":0.20402999999999988},"num_concepts_raised":9496},{"base_id":199,"kind":"top_words","i1":1,"i2":5,"sol":{"path":["/c/en/chaebol","/c/en/family","/c/en/music","/c/en/trio","/c/en/threesome"],"weight":0.20489999999999992},"num_concepts_raised":11906},{"base_id":199,"kind":"top_words","i1":1,"i2":6,"sol":{"path":["/c/en/chaebol","/c/en/family","/c/en/alien","/c/en/outlandish","/c/en/outland"],"weight":0.20396999999999998},"num_concepts_raised":14719},{"base_id":199,"kind":"top_words","i1":1,"i2":7,"sol":{"path":["/c/en/chaebol","/c/en/pejorative","/c/en/lush","/c/en/voluptuous"],"weight":0.2039999999999998},"num_concepts_raised":12255},{"base_id":199,"kind":"top_words","i1":1,"i2":8,"sol":{"path":["/c/en/chaebol","/c/en/family","/c/en/couple","/c/en/soon_to_wed","/c/en/newlywed"],"weight":0.20439999999999986},"num_concepts_raised":10528},{"base_id":199,"kind":"top_words","i1":1,"i2":9,"sol":{"path":["/c/en/chaebol","/c/en/pejorative","/c/en/hag","/c/en/enchantress","/c/en/temptress"],"weight":0.20287999999999995},"num_concepts_raised":9954},{"base_id":199,"kind":"top_words","i1":2,"i2":3,"sol":{"path":["/c/en/disobedient","/c/en/insubordinate","/c/en/subordinate","/c/en/grammar","/c/en/subjunctive"],"weight":0.2092899999999997},"num_concepts_raised":16724},{"base_id":199,"kind":"top_words","i1":2,"i2":4,"sol":{"path":["/c/en/disobedient","/c/en/bad","/c/en/ill_natured","/c/en/shrewish"],"weight":0.20698999999999995},"num_concepts_raised":5244},{"base_id":199,"kind":"top_words","i1":2,"i2":5,"sol":{"path":["/c/en/disobedient","/c/en/defiant","/c/en/dominant","/c/en/triad","/c/en/threesome"],"weight":0.20793999999999996},"num_concepts_raised":7657},{"base_id":199,"kind":"top_words","i1":2,"i2":6,"sol":{"path":["/c/en/disobedient","/c/en/bad","/c/en/out","/c/en/outland"],"weight":0.20588000000000006},"num_concepts_raised":10513},{"base_id":199,"kind":"top_words","i1":2,"i2":7,"sol":{"path":["/c/en/disobedient","/c/en/bad","/c/en/slang","/c/en/sexy","/c/en/voluptuous"],"weight":0.20823999999999987},"num_concepts_raised":7973},{"base_id":199,"kind":"top_words","i1":2,"i2":8,"sol":{"path":["/c/en/disobedient","/c/en/bad","/c/en/person","/c/en/married","/c/en/newlywed"],"weight":0.20646999999999993},"num_concepts_raised":6297},{"base_id":199,"kind":"top_words","i1":2,"i2":9,"sol":{"path":["/c/en/disobedient","/c/en/bad","/c/en/beautiful","/c/en/enchantress","/c/en/temptress"],"weight":0.20593},"num_concepts_raised":5692},{"base_id":199,"kind":"top_words","i1":3,"i2":4,"sol":{"path":["/c/en/subjunctive","/c/en/subjunctive_mood","/c/en/wish","/c/en/ill_natured","/c/en/shrewish"],"weight":0.2068299999999995},"num_concepts_raised":13199},{"base_id":199,"kind":"top_words","i1":3,"i2":5,"sol":{"path":["/c/en/subjunctive","/c/en/grammar","/c/te/త్రికము","/c/en/trio","/c/en/threesome"],"weight":0.20784999999999948},"num_concepts_raised":15552},{"base_id":199,"kind":"top_words","i1":3,"i2":6,"sol":{"path":["/c/en/subjunctive","/c/en/join","/c/en/out","/c/en/outland"],"weight":0.2043099999999996},"num_concepts_raised":18410},{"base_id":199,"kind":"top_words","i1":3,"i2":7,"sol":{"path":["/c/en/subjunctive","/c/fr/subjonctif","/c/fr/exprimer","/c/fr/voluptueux","/c/en/voluptuous"],"weight":0.21085999999999938},"num_concepts_raised":15904},{"base_id":199,"kind":"top_words","i1":3,"i2":8,"sol":{"path":["/c/en/subjunctive","/c/en/grammar","/c/en/future","/c/en/soon_to_wed","/c/en/newlywed"],"weight":0.20740999999999948},"num_concepts_raised":14209},{"base_id":199,"kind":"top_words","i1":3,"i2":9,"sol":{"path":["/c/en/subjunctive","/c/en/grammar","/c/en/proper","/c/en/seduce","/c/en/temptress"],"weight":0.20583999999999955},"num_concepts_raised":13620},{"base_id":199,"kind":"top_words","i1":4,"i2":5,"sol":{"path":["/c/en/shrewish","/c/en/ill_natured","/c/en/nettlesome","/c/en/some","/c/en/threesome"],"weight":0.20455999999999974},"num_concepts_raised":4090},{"base_id":199,"kind":"top_words","i1":4,"i2":6,"sol":{"path":["/c/en/shrewish","/c/en/ill_natured","/c/en/other","/c/en/foreign","/c/en/outland"],"weight":0.20393999999999984},"num_concepts_raised":6976},{"base_id":199,"kind":"top_words","i1":4,"i2":7,"sol":{"path":["/c/en/shrewish","/c/en/shrew","/c/en/pejorative","/c/en/lush","/c/en/voluptuous"],"weight":0.20514999999999967},"num_concepts_raised":4424},{"base_id":199,"kind":"top_words","i1":4,"i2":8,"sol":{"path":["/c/en/shrewish","/c/en/shrew","/c/fr/femme","/c/fr/marié","/c/en/newlywed"],"weight":0.20449999999999974},"num_concepts_raised":2718},{"base_id":199,"kind":"top_words","i1":4,"i2":9,"sol":{"path":["/c/en/shrewish","/c/en/shrew","/c/es/bruja","/c/en/enchantress","/c/en/temptress"],"weight":0.2040099999999998},"num_concepts_raised":2107},{"base_id":199,"kind":"top_words","i1":5,"i2":6,"sol":{"path":["/c/en/threesome","/c/fi/kolmikko","/c/en/group","/c/en/foreign","/c/en/outland"],"weight":0.2045999999999999},"num_concepts_raised":9346},{"base_id":199,"kind":"top_words","i1":5,"i2":7,"sol":{"path":["/c/en/threesome","/c/en/trio","/c/en/creamy","/c/en/thick","/c/en/voluptuous"],"weight":0.20587999999999967},"num_concepts_raised":6812},{"base_id":199,"kind":"top_words","i1":5,"i2":8,"sol":{"path":["/c/en/threesome","/c/fr/triolisme","/c/fr/partenaire","/c/en/spouse","/c/en/newlywed"],"weight":0.20509999999999975},"num_concepts_raised":5116},{"base_id":199,"kind":"top_words","i1":5,"i2":9,"sol":{"path":["/c/en/threesome","/c/en/trio","/c/en/music","/c/en/seduce","/c/en/temptress"],"weight":0.20475999999999983},"num_concepts_raised":4517},{"base_id":199,"kind":"top_words","i1":6,"i2":7,"sol":{"path":["/c/en/outland","/c/en/expatriate","/c/en/person","/c/en/sexy","/c/en/voluptuous"],"weight":0.20605999999999977},"num_concepts_raised":9689},{"base_id":199,"kind":"top_words","i1":6,"i2":8,"sol":{"path":["/c/en/outland","/c/en/expatriate","/c/en/person","/c/en/married","/c/en/newlywed"],"weight":0.20436999999999983},"num_concepts_raised":7998},{"base_id":199,"kind":"top_words","i1":6,"i2":9,"sol":{"path":["/c/en/outland","/c/en/expatriate","/c/en/person","/c/en/tempter","/c/en/temptress"],"weight":0.2037699999999999},"num_concepts_raised":7400},{"base_id":199,"kind":"top_words","i1":7,"i2":8,"sol":{"path":["/c/en/voluptuous","/c/en/sexy","/c/en/person","/c/en/married","/c/en/newlywed"],"weight":0.20560999999999963},"num_concepts_raised":5448},{"base_id":199,"kind":"top_words","i1":7,"i2":9,"sol":{"path":["/c/en/voluptuous","/c/en/sexy","/c/en/alluring","/c/en/temptress"],"weight":0.20500999999999972},"num_concepts_raised":4839},{"base_id":199,"kind":"top_words","i1":8,"i2":9,"sol":{"path":["/c/en/newlywed","/c/en/bride","/c/en/woman","/c/en/enchantress","/c/en/temptress"],"weight":0.2034099999999998},"num_concepts_raised":3141}]]