[[{"base_id":662,"kind":"bot_words","i1":0,"i2":1,"sol":{"path":["/c/en/hips","/c/en/hip","/c/fr/sciatique","/c/en/sciatica","/c/en/neuralgia"],"weight":0.20619999999999983},"num_concepts_raised":23055},{"base_id":662,"kind":"bot_words","i1":0,"i2":2,"sol":{"path":["/c/en/hips","/c/en/dance","/c/en/limbo","/c/en/sheol"],"weight":0.20821999999999974},"num_concepts_raised":17493},{"base_id":662,"kind":"bot_words","i1":0,"i2":3,"sol":{"path":["/c/en/hips","/c/en/broad","/c/en/lady","/c/en/gent"],"weight":0.2032299999999997},"num_concepts_raised":20549},{"base_id":662,"kind":"bot_words","i1":0,"i2":4,"sol":{"path":["/c/en/hips","/c/en/waist","/c/en/stomach","/c/en/appetite"],"weight":0.21534999999999943},"num_concepts_raised":27344},{"base_id":662,"kind":"bot_words","i1":0,"i2":5,"sol":{"path":["/c/en/hips","/c/en/side","/c/en/farm","/c/en/planter"],"weight":0.20367999999999958},"num_concepts_raised":37941},{"base_id":662,"kind":"bot_words","i1":0,"i2":6,"sol":{"path":["/c/en/hips","/c/en/waist","/c/en/bow","/c/en/rainbow"],"weight":0.22382000000000063},"num_concepts_raised":52481},{"base_id":662,"kind":"bot_words","i1":0,"i2":7,"sol":{"path":["/c/en/hips","/c/en/hip","/c/en/music","/c/en/jukebox"],"weight":0.21097999999999983},"num_concepts_raised":31284},{"base_id":662,"kind":"bot_words","i1":0,"i2":8,"sol":{"path":["/c/en/hips","/c/en/side","/c/en/dish","/c/en/concave"],"weight":0.20608999999999966},"num_concepts_raised":28198},{"base_id":662,"kind":"bot_words","i1":0,"i2":9,"sol":{"path":["/c/en/hips","/c/en/hip","/c/en/pike","/c/en/lance"],"weight":0.20876999999999932},"num_concepts_raised":75252},{"base_id":662,"kind":"bot_words","i1":1,"i2":2,"sol":{"path":["/c/en/neuralgia","/c/en/pathology","/c/en/grid","/c/en/pit","/c/en/sheol"],"weight":0.20924999999999988},"num_concepts_raised":11889},{"base_id":662,"kind":"bot_words","i1":1,"i2":3,"sol":{"path":["/c/en/neuralgia","/c/en/neurotony","/c/en/historical","/c/en/gentleman","/c/en/gent"],"weight":0.20517999999999986},"num_concepts_raised":15011},{"base_id":662,"kind":"bot_words","i1":1,"i2":4,"sol":{"path":["/c/en/neuralgia","/c/en/pathology","/c/en/jaundice","/c/en/appetite"],"weight":0.21395999999999957},"num_concepts_raised":21837},{"base_id":662,"kind":"bot_words","i1":1,"i2":5,"sol":{"path":["/c/en/neuralgia","/c/en/neurotony","/c/en/historical","/c/en/planter"],"weight":0.20438999999999974},"num_concepts_raised":32783},{"base_id":662,"kind":"bot_words","i1":1,"i2":6,"sol":{"path":["/c/en/neuralgia","/c/en/pain","/c/en/rain","/c/en/rainbow"],"weight":0.22242000000000078},"num_concepts_raised":47466},{"base_id":662,"kind":"bot_words","i1":1,"i2":7,"sol":{"path":["/c/en/neuralgia","/c/fr/névralgie","/c/fr/médecine","/c/en/music","/c/en/jukebox"],"weight":0.21275999999999998},"num_concepts_raised":26180},{"base_id":662,"kind":"bot_words","i1":1,"i2":8,"sol":{"path":["/c/en/neuralgia","/c/fr/névralgie","/c/fr/médecine","/c/en/cavity","/c/en/concave"],"weight":0.20907999999999982},"num_concepts_raised":22953},{"base_id":662,"kind":"bot_words","i1":1,"i2":9,"sol":{"path":["/c/en/neuralgia","/c/en/neurology","/c/en/medicine","/c/en/lance"],"weight":0.20835999999999946},"num_concepts_raised":70302},{"base_id":662,"kind":"bot_words","i1":2,"i2":3,"sol":{"path":["/c/en/sheol","/c/en/grave","/c/en/person","/c/en/gentleman","/c/en/gent"],"weight":0.20935999999999974},"num_concepts_raised":9356},{"base_id":662,"kind":"bot_words","i1":2,"i2":4,"sol":{"path":["/c/en/sheol","/c/en/grave","/c/en/body","/c/en/stomach","/c/en/appetite"],"weight":0.22013999999999945},"num_concepts_raised":16325},{"base_id":662,"kind":"bot_words","i1":2,"i2":5,"sol":{"path":["/c/en/sheol","/c/fr/shéol","/c/fr/monde","/c/en/populace","/c/en/planter"],"weight":0.21047999999999964},"num_concepts_raised":27107},{"base_id":662,"kind":"bot_words","i1":2,"i2":6,"sol":{"path":["/c/en/sheol","/c/en/limbo","/c/en/stick","/c/en/bow","/c/en/rainbow"],"weight":0.22861000000000067},"num_concepts_raised":41857},{"base_id":662,"kind":"bot_words","i1":2,"i2":7,"sol":{"path":["/c/en/sheol","/c/en/pit","/c/en/music","/c/en/jukebox"],"weight":0.21470999999999985},"num_concepts_raised":20523},{"base_id":662,"kind":"bot_words","i1":2,"i2":8,"sol":{"path":["/c/en/sheol","/c/en/pit","/c/en/hollow","/c/en/concave"],"weight":0.2124099999999997},"num_concepts_raised":17197},{"base_id":662,"kind":"bot_words","i1":2,"i2":9,"sol":{"path":["/c/en/sheol","/c/en/pit","/c/en/weapon","/c/en/lance"],"weight":0.21237999999999935},"num_concepts_raised":64890},{"base_id":662,"kind":"bot_words","i1":3,"i2":4,"sol":{"path":["/c/en/gent","/c/en/lady","/c/en/stomach","/c/en/appetite"],"weight":0.21517999999999943},"num_concepts_raised":19327},{"base_id":662,"kind":"bot_words","i1":3,"i2":5,"sol":{"path":["/c/en/gent","/c/en/gentleman","/c/en/historical","/c/en/planter"],"weight":0.2047499999999996},"num_concepts_raised":30132},{"base_id":662,"kind":"bot_words","i1":3,"i2":6,"sol":{"path":["/c/en/gent","/c/en/pretty","/c/en/rainbow"],"weight":0.20400000000000001},"num_concepts_raised":514},{"base_id":662,"kind":"bot_words","i1":3,"i2":7,"sol":{"path":["/c/en/gent","/c/en/pretty","/c/en/music","/c/en/jukebox"],"weight":0.20969999999999983},"num_concepts_raised":23588},{"base_id":662,"kind":"bot_words","i1":3,"i2":8,"sol":{"path":["/c/en/gent","/c/en/noble","/c/en/geometry","/c/en/concave"],"weight":0.20597999999999966},"num_concepts_raised":20398},{"base_id":662,"kind":"bot_words","i1":3,"i2":9,"sol":{"path":["/c/en/gent","/c/en/gentleman","/c/en/knight","/c/en/lance"],"weight":0.20830999999999933},"num_concepts_raised":67891},{"base_id":662,"kind":"bot_words","i1":4,"i2":5,"sol":{"path":["/c/en/appetite","/c/en/squirrel","/c/en/plant","/c/en/planter"],"weight":0.2132899999999993},"num_concepts_raised":36896},{"base_id":662,"kind":"bot_words","i1":4,"i2":6,"sol":{"path":["/c/en/appetite","/c/en/stroke","/c/en/bow","/c/en/rainbow"],"weight":0.23325000000000035},"num_concepts_raised":51292},{"base_id":662,"kind":"bot_words","i1":4,"i2":7,"sol":{"path":["/c/en/appetite","/c/en/rank","/c/en/music","/c/en/jukebox"],"weight":0.21941999999999956},"num_concepts_raised":30309},{"base_id":662,"kind":"bot_words","i1":4,"i2":8,"sol":{"path":["/c/en/appetite","/c/en/squirrel","/c/en/hollow","/c/en/concave"],"weight":0.2170699999999994},"num_concepts_raised":27078},{"base_id":662,"kind":"bot_words","i1":4,"i2":9,"sol":{"path":["/c/en/appetite","/c/en/stomach","/c/en/handle","/c/en/lance"],"weight":0.21904999999999902},"num_concepts_raised":73941},{"base_id":662,"kind":"bot_words","i1":5,"i2":6,"sol":{"path":["/c/en/planter","/c/en/reign","/c/en/rain","/c/en/rainbow"],"weight":0.22187000000000057},"num_concepts_raised":61681},{"base_id":662,"kind":"bot_words","i1":5,"i2":7,"sol":{"path":["/c/en/planter","/c/en/machine","/c/en/jukebox"],"weight":0.20400000000000001},"num_concepts_raised":176},{"base_id":662,"kind":"bot_words","i1":5,"i2":8,"sol":{"path":["/c/en/planter","/c/en/box","/c/en/hollow","/c/en/concave"],"weight":0.20783999999999958},"num_concepts_raised":37673},{"base_id":662,"kind":"bot_words","i1":5,"i2":9,"sol":{"path":["/c/en/planter","/c/en/pot","/c/en/iron","/c/en/lance"],"weight":0.20761999999999922},"num_concepts_raised":83968},{"base_id":662,"kind":"bot_words","i1":6,"i2":7,"sol":{"path":["/c/en/rainbow","/c/en/bow","/c/en/music","/c/en/jukebox"],"weight":0.23026000000000077},"num_concepts_raised":55099},{"base_id":662,"kind":"bot_words","i1":6,"i2":8,"sol":{"path":["/c/en/rainbow","/c/en/sky","/c/en/lift","/c/en/concave"],"weight":0.2243500000000006},"num_concepts_raised":52030},{"base_id":662,"kind":"bot_words","i1":6,"i2":9,"sol":{"path":["/c/en/rainbow","/c/en/fish","/c/en/spear","/c/en/lance"],"weight":0.22800000000000023},"num_concepts_raised":97555},{"base_id":662,"kind":"bot_words","i1":7,"i2":8,"sol":{"path":["/c/en/jukebox","/c/en/machine","/c/en/dish","/c/en/concave"],"weight":0.2126099999999998},"num_concepts_raised":31220},{"base_id":662,"kind":"bot_words","i1":7,"i2":9,"sol":{"path":["/c/en/jukebox","/c/en/music","/c/en/medicine","/c/en/lance"],"weight":0.21391999999999944},"num_concepts_raised":77725},{"base_id":662,"kind":"bot_words","i1":8,"i2":9,"sol":{"path":["/c/en/concave","/c/en/hollow","/c/en/lance"],"weight":0.203},"num_concepts_raised":482}],[{"base_id":662,"kind":"top_words","i1":0,"i2":1,"sol":{"path":["/c/en/subsidize","/c/fi/tukea","/c/en/finance","/c/en/penalty","/c/en/penalise"],"weight":0.2058999999999998},"num_concepts_raised":8614},{"base_id":662,"kind":"top_words","i1":0,"i2":2,"sol":{"path":["/c/en/subsidize","/c/en/pay","/c/en/defray"],"weight":0.202},"num_concepts_raised":127},{"base_id":662,"kind":"top_words","i1":0,"i2":3,"sol":{"path":["/c/en/subsidize","/c/en/subsidy"],"weight":0.20600000000000002},"num_concepts_raised":210},{"base_id":662,"kind":"top_words","i1":0,"i2":4,"sol":{"path":["/c/en/subsidize","/c/fi/tukea","/c/en/underwrite"],"weight":0.20400000000000001},"num_concepts_raised":134},{"base_id":662,"kind":"top_words","i1":0,"i2":5,"sol":{"path":["/c/en/subsidize","/c/fi/tukea","/c/en/second","/c/en/music","/c/en/overproduce"],"weight":0.20584999999999987},"num_concepts_raised":18424},{"base_id":662,"kind":"top_words","i1":0,"i2":6,"sol":{"path":["/c/en/subsidize","/c/fi/tukea","/c/en/brace","/c/en/fix","/c/en/spay"],"weight":0.20642999999999995},"num_concepts_raised":9166},{"base_id":662,"kind":"top_words","i1":0,"i2":7,"sol":{"path":["/c/en/subsidize","/c/fi/tukea","/c/en/defend","/c/en/apologize","/c/en/rationalise"],"weight":0.20578999999999992},"num_concepts_raised":8447},{"base_id":662,"kind":"top_words","i1":0,"i2":8,"sol":{"path":["/c/en/subsidize","/c/en/pay","/c/en/use","/c/en/inure"],"weight":0.20453999999999972},"num_concepts_raised":17870},{"base_id":662,"kind":"top_words","i1":0,"i2":9,"sol":{"path":["/c/en/subsidize","/c/en/subsidy","/c/en/british","/c/en/paracetamol","/c/en/nsaid"],"weight":0.2051299999999999},"num_concepts_raised":6652},{"base_id":662,"kind":"top_words","i1":1,"i2":2,"sol":{"path":["/c/en/penalise","/c/en/book","/c/en/cover","/c/fi/kustantaa","/c/en/defray"],"weight":0.20408999999999972},"num_concepts_raised":9441},{"base_id":662,"kind":"top_words","i1":1,"i2":3,"sol":{"path":["/c/en/penalise","/c/en/penalty","/c/en/tax","/c/en/subsidy"],"weight":0.21237999999999985},"num_concepts_raised":17315},{"base_id":662,"kind":"top_words","i1":1,"i2":4,"sol":{"path":["/c/en/penalise","/c/en/book","/c/en/sign","/c/en/underwrite"],"weight":0.2033899999999998},"num_concepts_raised":15553},{"base_id":662,"kind":"top_words","i1":1,"i2":5,"sol":{"path":["/c/en/penalise","/c/en/punish","/c/en/action","/c/en/produce","/c/en/overproduce"],"weight":0.20385999999999982},"num_concepts_raised":17413},{"base_id":662,"kind":"top_words","i1":1,"i2":6,"sol":{"path":["/c/en/penalise","/c/en/punish","/c/la/castro","/c/en/spay"],"weight":0.2034499999999999},"num_concepts_raised":8119},{"base_id":662,"kind":"top_words","i1":1,"i2":7,"sol":{"path":["/c/en/penalise","/c/en/punish","/c/en/pain","/c/en/cut","/c/en/rationalise"],"weight":0.2028799999999999},"num_concepts_raised":7421},{"base_id":662,"kind":"top_words","i1":1,"i2":8,"sol":{"path":["/c/en/penalise","/c/en/penalty","/c/en/legal","/c/en/inure"],"weight":0.2035299999999997},"num_concepts_raised":16856},{"base_id":662,"kind":"top_words","i1":1,"i2":9,"sol":{"path":["/c/en/penalise","/c/en/punish","/c/en/pain","/c/en/aspirin","/c/en/nsaid"],"weight":0.20413999999999988},"num_concepts_raised":5603},{"base_id":662,"kind":"top_words","i1":2,"i2":3,"sol":{"path":["/c/en/defray","/c/en/cesg","/c/en/subsidy"],"weight":0.20400000000000001},"num_concepts_raised":195},{"base_id":662,"kind":"top_words","i1":2,"i2":4,"sol":{"path":["/c/en/defray","/c/fi/kattaa","/c/en/cover","/c/en/underwrite"],"weight":0.2046399999999997},"num_concepts_raised":17312},{"base_id":662,"kind":"top_words","i1":2,"i2":5,"sol":{"path":["/c/en/defray","/c/ar/أدى","/c/en/produce","/c/en/overproduce"],"weight":0.20400999999999977},"num_concepts_raised":19247},{"base_id":662,"kind":"top_words","i1":2,"i2":6,"sol":{"path":["/c/en/defray","/c/en/discharge","/c/en/sprite","/c/en/spay"],"weight":0.20357999999999987},"num_concepts_raised":9979},{"base_id":662,"kind":"top_words","i1":2,"i2":7,"sol":{"path":["/c/en/defray","/c/en/pay","/c/fr/rendre","/c/fr/rationaliser","/c/en/rationalise"],"weight":0.20424999999999982},"num_concepts_raised":9252},{"base_id":662,"kind":"top_words","i1":2,"i2":8,"sol":{"path":["/c/en/defray","/c/en/pay","/c/en/use","/c/en/inure"],"weight":0.20402999999999966},"num_concepts_raised":18657},{"base_id":662,"kind":"top_words","i1":2,"i2":9,"sol":{"path":["/c/en/defray","/c/en/pay","/c/en/work","/c/en/aspirin","/c/en/nsaid"],"weight":0.20444999999999983},"num_concepts_raised":7476},{"base_id":662,"kind":"top_words","i1":3,"i2":4,"sol":{"path":["/c/en/subsidy","/c/en/subvention","/c/en/underwrite"],"weight":0.20500000000000002},"num_concepts_raised":203},{"base_id":662,"kind":"top_words","i1":3,"i2":5,"sol":{"path":["/c/en/subsidy","/c/en/subsidiary","/c/en/music","/c/en/overproduce"],"weight":0.21022999999999992},"num_concepts_raised":26974},{"base_id":662,"kind":"top_words","i1":3,"i2":6,"sol":{"path":["/c/en/subsidy","/c/en/money","/c/en/geld","/c/en/spay"],"weight":0.21092},"num_concepts_raised":17877},{"base_id":662,"kind":"top_words","i1":3,"i2":7,"sol":{"path":["/c/en/subsidy","/c/en/tax","/c/en/cut","/c/en/rationalise"],"weight":0.21230999999999994},"num_concepts_raised":17154},{"base_id":662,"kind":"top_words","i1":3,"i2":8,"sol":{"path":["/c/en/subsidy","/c/hy/նպաստ","/c/en/use","/c/en/inure"],"weight":0.21303999999999979},"num_concepts_raised":26257},{"base_id":662,"kind":"top_words","i1":3,"i2":9,"sol":{"path":["/c/en/subsidy","/c/en/british","/c/en/paracetamol","/c/en/nsaid"],"weight":0.21035999999999994},"num_concepts_raised":15435},{"base_id":662,"kind":"top_words","i1":4,"i2":5,"sol":{"path":["/c/en/underwrite","/c/en/cover","/c/en/music","/c/en/overproduce"],"weight":0.20327999999999982},"num_concepts_raised":25328},{"base_id":662,"kind":"top_words","i1":4,"i2":6,"sol":{"path":["/c/en/underwrite","/c/en/underwriter","/c/en/worker","/c/en/neuter","/c/en/spay"],"weight":0.2068999999999999},"num_concepts_raised":16182},{"base_id":662,"kind":"top_words","i1":4,"i2":7,"sol":{"path":["/c/en/underwrite","/c/en/write","/c/en/cut","/c/en/rationalise"],"weight":0.20325999999999989},"num_concepts_raised":15447},{"base_id":662,"kind":"top_words","i1":4,"i2":8,"sol":{"path":["/c/en/underwrite","/c/en/sign","/c/en/use","/c/en/inure"],"weight":0.20416999999999969},"num_concepts_raised":24709},{"base_id":662,"kind":"top_words","i1":4,"i2":9,"sol":{"path":["/c/en/underwrite","/c/en/sign","/c/en/medicine","/c/en/aspirin","/c/en/nsaid"],"weight":0.20461999999999986},"num_concepts_raised":13743},{"base_id":662,"kind":"top_words","i1":5,"i2":6,"sol":{"path":["/c/en/overproduce","/c/en/produce","/c/fr/opérer","/c/en/spay"],"weight":0.20419999999999996},"num_concepts_raised":17913},{"base_id":662,"kind":"top_words","i1":5,"i2":7,"sol":{"path":["/c/en/overproduce","/c/en/produce","/c/en/cut","/c/en/rationalise"],"weight":0.20364999999999994},"num_concepts_raised":17195},{"base_id":662,"kind":"top_words","i1":5,"i2":8,"sol":{"path":["/c/en/overproduce","/c/en/music","/c/en/use","/c/en/inure"],"weight":0.2034999999999998},"num_concepts_raised":26580},{"base_id":662,"kind":"top_words","i1":5,"i2":9,"sol":{"path":["/c/en/overproduce","/c/en/music","/c/en/medicine","/c/en/aspirin","/c/en/nsaid"],"weight":0.20395999999999992},"num_concepts_raised":15467},{"base_id":662,"kind":"top_words","i1":6,"i2":7,"sol":{"path":["/c/en/spay","/c/en/castrate","/c/en/cut","/c/en/rationalise"],"weight":0.20457},"num_concepts_raised":7904},{"base_id":662,"kind":"top_words","i1":6,"i2":8,"sol":{"path":["/c/en/spay","/c/en/alter","/c/en/change","/c/en/habituate","/c/en/inure"],"weight":0.20631999999999984},"num_concepts_raised":17413},{"base_id":662,"kind":"top_words","i1":6,"i2":9,"sol":{"path":["/c/en/spay","/c/en/fix","/c/en/drug","/c/en/aspirin","/c/en/nsaid"],"weight":0.2046},"num_concepts_raised":6130},{"base_id":662,"kind":"top_words","i1":7,"i2":8,"sol":{"path":["/c/en/rationalise","/c/fr/relever","/c/en/season","/c/en/inure"],"weight":0.2035099999999998},"num_concepts_raised":16707},{"base_id":662,"kind":"top_words","i1":7,"i2":9,"sol":{"path":["/c/en/rationalise","/c/en/cut","/c/en/pain","/c/en/aspirin","/c/en/nsaid"],"weight":0.20392},"num_concepts_raised":5430},{"base_id":662,"kind":"top_words","i1":8,"i2":9,"sol":{"path":["/c/en/inure","/c/en/harden","/c/en/computing","/c/en/naid","/c/en/nsaid"],"weight":0.2048999999999998},"num_concepts_raised":14974}]]