[[{"base_id":189,"kind":"bot_words","i1":0,"i2":1,"sol":{"path":["/c/en/norma","/c/en/germany","/c/en/hoyerswerda"],"weight":0.20700000000000002},"num_concepts_raised":164},{"base_id":189,"kind":"bot_words","i1":0,"i2":2,"sol":{"path":["/c/en/norma","/c/en/constellation","/c/en/phoenix","/c/en/japan","/c/en/pachinko"],"weight":0.2168599999999997},"num_concepts_raised":16450},{"base_id":189,"kind":"bot_words","i1":0,"i2":3,"sol":{"path":["/c/en/norma","/c/ms/sesiku","/c/en/square","/c/en/outpost"],"weight":0.2140099999999995},"num_concepts_raised":42102},{"base_id":189,"kind":"bot_words","i1":0,"i2":4,"sol":{"path":["/c/en/norma","/c/en/company","/c/en/good","/c/en/best"],"weight":0.23121999999999854},"num_concepts_raised":86314},{"base_id":189,"kind":"bot_words","i1":0,"i2":5,"sol":{"path":["/c/en/norma","/c/en/company","/c/en/soap","/c/en/rinse"],"weight":0.2146999999999994},"num_concepts_raised":51233},{"base_id":189,"kind":"bot_words","i1":0,"i2":6,"sol":{"path":["/c/en/norma","/c/fr/règle","/c/fr/mathématiques","/c/fr/adjacence","/c/en/adjacency"],"weight":0.21575999999999956},"num_concepts_raised":16959},{"base_id":189,"kind":"bot_words","i1":0,"i2":7,"sol":{"path":["/c/en/norma","/c/fr/règle","/c/fr/carrelet","/c/en/net","/c/en/hairnet"],"weight":0.21707999999999972},"num_concepts_raised":21558},{"base_id":189,"kind":"bot_words","i1":0,"i2":8,"sol":{"path":["/c/en/norma","/c/fr/règle","/c/fr/religion","/c/fr/catéchiste","/c/en/catechist"],"weight":0.2156999999999996},"num_concepts_raised":19478},{"base_id":189,"kind":"bot_words","i1":0,"i2":9,"sol":{"path":["/c/en/norma","/c/fr/règle","/c/fr/science","/c/fr/parasitologie","/c/en/parasitology"],"weight":0.2231799999999995},"num_concepts_raised":17819},{"base_id":189,"kind":"bot_words","i1":1,"i2":2,"sol":{"path":["/c/en/hoyerswerda","/c/en/germany","/c/en/country","/c/en/japan","/c/en/pachinko"],"weight":0.21366999999999986},"num_concepts_raised":3982},{"base_id":189,"kind":"bot_words","i1":1,"i2":3,"sol":{"path":["/c/en/hoyerswerda","/c/en/town","/c/en/settlement","/c/en/outpost"],"weight":0.2088899999999997},"num_concepts_raised":29870},{"base_id":189,"kind":"bot_words","i1":1,"i2":4,"sol":{"path":["/c/en/hoyerswerda","/c/en/town","/c/en/place","/c/en/best"],"weight":0.22096999999999878},"num_concepts_raised":74336},{"base_id":189,"kind":"bot_words","i1":1,"i2":5,"sol":{"path":["/c/en/hoyerswerda","/c/en/town","/c/en/uk","/c/en/rinse"],"weight":0.21140999999999954},"num_concepts_raised":39005},{"base_id":189,"kind":"bot_words","i1":1,"i2":6,"sol":{"path":["/c/en/hoyerswerda","/c/en/town","/c/en/motel","/c/en/adjacent","/c/en/adjacency"],"weight":0.21039999999999975},"num_concepts_raised":4491},{"base_id":189,"kind":"bot_words","i1":1,"i2":7,"sol":{"path":["/c/en/hoyerswerda","/c/en/town","/c/en/court","/c/en/net","/c/en/hairnet"],"weight":0.2096899999999999},"num_concepts_raised":9102},{"base_id":189,"kind":"bot_words","i1":1,"i2":8,"sol":{"path":["/c/en/hoyerswerda","/c/en/germany","/c/en/german","/c/en/teacher","/c/en/catechist"],"weight":0.20822999999999975},"num_concepts_raised":7008},{"base_id":189,"kind":"bot_words","i1":1,"i2":9,"sol":{"path":["/c/en/hoyerswerda","/c/en/town","/c/en/anting","/c/en/parasite","/c/en/parasitology"],"weight":0.2157799999999997},"num_concepts_raised":5334},{"base_id":189,"kind":"bot_words","i1":2,"i2":3,"sol":{"path":["/c/en/pachinko","/c/ja/パチンコ","/c/en/slang","/c/en/square","/c/en/outpost"],"weight":0.2156399999999999},"num_concepts_raised":28276},{"base_id":189,"kind":"bot_words","i1":2,"i2":4,"sol":{"path":["/c/en/pachinko","/c/en/pinball","/c/en/attempt","/c/en/best"],"weight":0.22571999999999895},"num_concepts_raised":72711},{"base_id":189,"kind":"bot_words","i1":2,"i2":5,"sol":{"path":["/c/en/pachinko","/c/ja/パチンコ","/c/en/slang","/c/en/rinse"],"weight":0.21823999999999977},"num_concepts_raised":37343},{"base_id":189,"kind":"bot_words","i1":2,"i2":6,"sol":{"path":["/c/en/pachinko","/c/ja/パチンコ","/c/en/slang","/c/en/near","/c/en/adjacent","/c/en/adjacency"],"weight":0.22342569999999978},"num_concepts_raised":250340},{"base_id":189,"kind":"bot_words","i1":2,"i2":7,"sol":{"path":["/c/en/pachinko","/c/ja/パチンコ","/c/en/slang","/c/en/cook","/c/en/hairnet"],"weight":0.2153300000000001},"num_concepts_raised":7370},{"base_id":189,"kind":"bot_words","i1":2,"i2":8,"sol":{"path":["/c/en/pachinko","/c/en/bagatelle","/c/en/literature","/c/en/teacher","/c/en/catechist"],"weight":0.21088999999999997},"num_concepts_raised":5271},{"base_id":189,"kind":"bot_words","i1":2,"i2":9,"sol":{"path":["/c/en/pachinko","/c/en/japan","/c/en/host","/c/en/parasite","/c/en/parasitology"],"weight":0.21640999999999988},"num_concepts_raised":3592},{"base_id":189,"kind":"bot_words","i1":3,"i2":4,"sol":{"path":["/c/en/outpost","/c/en/military","/c/en/well","/c/en/best"],"weight":0.21946999999999878},"num_concepts_raised":96132},{"base_id":189,"kind":"bot_words","i1":3,"i2":5,"sol":{"path":["/c/en/outpost","/c/en/body","/c/en/wash","/c/en/rinse"],"weight":0.21125999999999956},"num_concepts_raised":61707},{"base_id":189,"kind":"bot_words","i1":3,"i2":6,"sol":{"path":["/c/en/outpost","/c/en/distance","/c/en/nearness","/c/en/adjacency"],"weight":0.20421999999999976},"num_concepts_raised":28702},{"base_id":189,"kind":"bot_words","i1":3,"i2":7,"sol":{"path":["/c/en/outpost","/c/en/body","/c/en/hair","/c/en/hairnet"],"weight":0.20536999999999994},"num_concepts_raised":33087},{"base_id":189,"kind":"bot_words","i1":3,"i2":8,"sol":{"path":["/c/en/outpost","/c/en/post","/c/en/cross","/c/en/christianity","/c/en/catechist"],"weight":0.20512999999999978},"num_concepts_raised":31209},{"base_id":189,"kind":"bot_words","i1":3,"i2":9,"sol":{"path":["/c/en/outpost","/c/en/post","/c/en/chalimus","/c/en/parasite","/c/en/parasitology"],"weight":0.2126999999999997},"num_concepts_raised":29591},{"base_id":189,"kind":"bot_words","i1":4,"i2":5,"sol":{"path":["/c/en/best","/c/en/top","/c/en/slang","/c/en/rinse"],"weight":0.22638999999999865},"num_concepts_raised":104430},{"base_id":189,"kind":"bot_words","i1":4,"i2":6,"sol":{"path":["/c/en/best","/c/en/after","/c/en/adjacent","/c/en/adjacency"],"weight":0.21828999999999882},"num_concepts_raised":73103},{"base_id":189,"kind":"bot_words","i1":4,"i2":7,"sol":{"path":["/c/en/best","/c/en/good","/c/en/net","/c/en/hairnet"],"weight":0.224619999999999},"num_concepts_raised":77263},{"base_id":189,"kind":"bot_words","i1":4,"i2":8,"sol":{"path":["/c/en/best","/c/en/person","/c/en/teacher","/c/en/catechist"],"weight":0.21629999999999888},"num_concepts_raised":75503},{"base_id":189,"kind":"bot_words","i1":4,"i2":9,"sol":{"path":["/c/en/best","/c/en/music","/c/en/study","/c/en/parasitology"],"weight":0.22185999999999878},"num_concepts_raised":73933},{"base_id":189,"kind":"bot_words","i1":5,"i2":6,"sol":{"path":["/c/en/rinse","/c/en/wash","/c/en/before","/c/en/adjacent","/c/en/adjacency"],"weight":0.2128399999999996},"num_concepts_raised":37819},{"base_id":189,"kind":"bot_words","i1":5,"i2":7,"sol":{"path":["/c/en/rinse","/c/en/hair","/c/en/hairnet"],"weight":0.203},"num_concepts_raised":270},{"base_id":189,"kind":"bot_words","i1":5,"i2":8,"sol":{"path":["/c/en/rinse","/c/en/ablution","/c/en/christianity","/c/en/catechist"],"weight":0.20661999999999964},"num_concepts_raised":40318},{"base_id":189,"kind":"bot_words","i1":5,"i2":9,"sol":{"path":["/c/en/rinse","/c/en/wash","/c/en/work","/c/en/study","/c/en/parasitology"],"weight":0.21614999999999956},"num_concepts_raised":38650},{"base_id":189,"kind":"bot_words","i1":6,"i2":7,"sol":{"path":["/c/en/adjacency","/c/en/adjacent","/c/en/cape","/c/en/keep","/c/en/hairnet"],"weight":0.20583999999999997},"num_concepts_raised":7866},{"base_id":189,"kind":"bot_words","i1":6,"i2":8,"sol":{"path":["/c/en/adjacency","/c/en/nearness","/c/syc/ܩܘܪܒܐ","/c/en/christianity","/c/en/catechist"],"weight":0.20362999999999987},"num_concepts_raised":5771},{"base_id":189,"kind":"bot_words","i1":6,"i2":9,"sol":{"path":["/c/en/adjacency","/c/en/relationship","/c/en/symbiont","/c/en/parasite","/c/en/parasitology"],"weight":0.21109999999999976},"num_concepts_raised":4087},{"base_id":189,"kind":"bot_words","i1":7,"i2":8,"sol":{"path":["/c/en/hairnet","/c/en/net","/c/en/receive","/c/en/christianity","/c/en/catechist"],"weight":0.20484000000000002},"num_concepts_raised":10391},{"base_id":189,"kind":"bot_words","i1":7,"i2":9,"sol":{"path":["/c/en/hairnet","/c/en/net","/c/en/expense","/c/en/parasite","/c/en/parasitology"],"weight":0.21245999999999993},"num_concepts_raised":8701},{"base_id":189,"kind":"bot_words","i1":8,"i2":9,"sol":{"path":["/c/en/catechist","/c/en/teacher","/c/en/study","/c/en/parasitology"],"weight":0.2088299999999998},"num_concepts_raised":6592}],[{"base_id":189,"kind":"top_words","i1":0,"i2":1,"sol":{"path":["/c/en/procellariiformes","/c/en/diving_petrel","/c/en/bird","/c/en/slang","/c/en/football","/c/en/eredivisie"],"weight":0.21649829999999928},"num_concepts_raised":121908},{"base_id":189,"kind":"top_words","i1":0,"i2":2,"sol":{"path":["/c/en/procellariiformes","/c/en/diving_petrel","/c/en/bird","/c/en/street","/c/en/town","/c/en/aalen"],"weight":0.21668389999999932},"num_concepts_raised":329037},{"base_id":189,"kind":"top_words","i1":0,"i2":3,"sol":{"path":["/c/en/procellariiformes","/c/en/petrel","/c/en/prion","/c/en/particle","/c/en/fermion","/c/en/fermionic"],"weight":0.21318429999999966},"num_concepts_raised":234169},{"base_id":189,"kind":"top_words","i1":0,"i2":4,"sol":{"path":["/c/en/procellariiformes","/c/en/tubenose","/c/en/order","/c/en/country","/c/en/moldova","/c/en/chișinău"],"weight":0.22008279999999925},"num_concepts_raised":255576},{"base_id":189,"kind":"top_words","i1":0,"i2":5,"sol":{"path":["/c/en/procellariiformes","/c/en/diving_petrel","/c/en/bird","/c/en/roller","/c/en/somersault"],"weight":0.21064999999999978},"num_concepts_raised":7055},{"base_id":189,"kind":"top_words","i1":0,"i2":6,"sol":{"path":["/c/en/procellariiformes","/c/en/tubenose","/c/en/order","/c/en/chemistry","/c/en/phosphatidylinositol","/c/en/inositol"],"weight":0.2222279999999995},"num_concepts_raised":272480},{"base_id":189,"kind":"top_words","i1":0,"i2":7,"sol":{"path":["/c/en/procellariiformes","/c/en/diving_petrel","/c/en/ocean","/c/en/moon","/c/en/europa"],"weight":0.2151199999999996},"num_concepts_raised":15172},{"base_id":189,"kind":"top_words","i1":0,"i2":8,"sol":{"path":["/c/en/procellariiformes","/c/en/tubenose","/c/en/order","/c/en/place","/c/en/habitational"],"weight":0.20840999999999968},"num_concepts_raised":7097},{"base_id":189,"kind":"top_words","i1":0,"i2":9,"sol":{"path":["/c/en/procellariiformes","/c/en/petrel","/c/en/mutton_bird","/c/en/australia","/c/en/gretna"],"weight":0.20822999999999978},"num_concepts_raised":121824},{"base_id":189,"kind":"top_words","i1":1,"i2":2,"sol":{"path":["/c/en/eredivisie","/c/en/football","/c/en/europe","/c/en/germany","/c/en/aalen"],"weight":0.21325999999999956},"num_concepts_raised":3869},{"base_id":189,"kind":"top_words","i1":1,"i2":3,"sol":{"path":["/c/en/eredivisie","/c/en/football","/c/en/projectile","/c/en/physics","/c/en/fermionic"],"weight":0.20801999999999976},"num_concepts_raised":9873},{"base_id":189,"kind":"top_words","i1":1,"i2":4,"sol":{"path":["/c/en/eredivisie","/c/en/football","/c/en/europe","/c/en/moldova","/c/en/chișinău"],"weight":0.2157699999999994},"num_concepts_raised":4511},{"base_id":189,"kind":"top_words","i1":1,"i2":5,"sol":{"path":["/c/en/eredivisie","/c/en/football","/c/en/toss","/c/en/flip","/c/en/somersault"],"weight":0.2125899999999997},"num_concepts_raised":7472},{"base_id":189,"kind":"top_words","i1":1,"i2":6,"sol":{"path":["/c/en/eredivisie","/c/en/football","/c/en/general","/c/en/alcohol","/c/en/inositol"],"weight":0.21370999999999962},"num_concepts_raised":6609},{"base_id":189,"kind":"top_words","i1":1,"i2":7,"sol":{"path":["/c/en/eredivisie","/c/en/football","/c/en/europe","/c/en/europa"],"weight":0.21564999999999954},"num_concepts_raised":15614},{"base_id":189,"kind":"top_words","i1":1,"i2":8,"sol":{"path":["/c/en/eredivisie","/c/en/football","/c/en/team","/c/en/place","/c/en/habitational"],"weight":0.20816999999999958},"num_concepts_raised":7532},{"base_id":189,"kind":"top_words","i1":1,"i2":9,"sol":{"path":["/c/en/eredivisie","/c/en/football","/c/en/australia","/c/en/gretna"],"weight":0.2079899999999997},"num_concepts_raised":122236},{"base_id":189,"kind":"top_words","i1":2,"i2":3,"sol":{"path":["/c/en/aalen","/c/en/germany","/c/en/absorption","/c/en/physics","/c/en/fermionic"],"weight":0.20803999999999975},"num_concepts_raised":11757},{"base_id":189,"kind":"top_words","i1":2,"i2":4,"sol":{"path":["/c/en/aalen","/c/en/town","/c/en/city","/c/en/chișinău"],"weight":0.21378999999999942},"num_concepts_raised":5893},{"base_id":189,"kind":"top_words","i1":2,"i2":5,"sol":{"path":["/c/en/aalen","/c/en/germany","/c/en/state","/c/en/flip","/c/en/somersault"],"weight":0.2125599999999997},"num_concepts_raised":9356},{"base_id":189,"kind":"top_words","i1":2,"i2":6,"sol":{"path":["/c/en/aalen","/c/en/town","/c/en/pub","/c/en/alcohol","/c/en/inositol"],"weight":0.21371999999999963},"num_concepts_raised":8494},{"base_id":189,"kind":"top_words","i1":2,"i2":7,"sol":{"path":["/c/en/aalen","/c/en/germany","/c/en/europe","/c/en/europa"],"weight":0.21567999999999954},"num_concepts_raised":17448},{"base_id":189,"kind":"top_words","i1":2,"i2":8,"sol":{"path":["/c/en/aalen","/c/en/town","/c/en/place","/c/en/habitational"],"weight":0.2082199999999996},"num_concepts_raised":9300},{"base_id":189,"kind":"top_words","i1":2,"i2":9,"sol":{"path":["/c/en/aalen","/c/fr/aalen","/c/fr/ville","/c/en/gretna"],"weight":0.2082899999999997},"num_concepts_raised":123642},{"base_id":189,"kind":"top_words","i1":3,"i2":4,"sol":{"path":["/c/en/fermionic","/c/en/physics","/c/en/college","/c/en/city","/c/en/chișinău"],"weight":0.2085099999999996},"num_concepts_raised":12396},{"base_id":189,"kind":"top_words","i1":3,"i2":5,"sol":{"path":["/c/en/fermionic","/c/en/physics","/c/fi/voltti","/c/en/somersault"],"weight":0.20716999999999988},"num_concepts_raised":15334},{"base_id":189,"kind":"top_words","i1":3,"i2":6,"sol":{"path":["/c/en/fermionic","/c/en/physics","/c/en/isomeric","/c/en/inositol"],"weight":0.2084599999999998},"num_concepts_raised":14475},{"base_id":189,"kind":"top_words","i1":3,"i2":7,"sol":{"path":["/c/en/fermionic","/c/en/physics","/c/en/astronomy","/c/en/europa"],"weight":0.20974999999999971},"num_concepts_raised":23291},{"base_id":189,"kind":"top_words","i1":3,"i2":8,"sol":{"path":["/c/en/fermionic","/c/en/physics","/c/en/science","/c/en/name","/c/en/habitational"],"weight":0.2029499999999998},"num_concepts_raised":15406},{"base_id":189,"kind":"top_words","i1":3,"i2":9,"sol":{"path":["/c/en/fermionic","/c/en/physics","/c/en/chinook","/c/en/usa","/c/en/gretna"],"weight":0.20280999999999988},"num_concepts_raised":130128},{"base_id":189,"kind":"top_words","i1":4,"i2":5,"sol":{"path":["/c/en/chișinău","/c/en/city","/c/en/state","/c/en/flip","/c/en/somersault"],"weight":0.21301999999999954},"num_concepts_raised":10002},{"base_id":189,"kind":"top_words","i1":4,"i2":6,"sol":{"path":["/c/en/chișinău","/c/en/city","/c/en/high","/c/en/alcohol","/c/en/inositol"],"weight":0.2141999999999995},"num_concepts_raised":9132},{"base_id":189,"kind":"top_words","i1":4,"i2":7,"sol":{"path":["/c/en/chișinău","/c/en/moldova","/c/en/europe","/c/en/europa"],"weight":0.21818999999999938},"num_concepts_raised":18098},{"base_id":189,"kind":"top_words","i1":4,"i2":8,"sol":{"path":["/c/en/chișinău","/c/en/city","/c/en/place","/c/en/habitational"],"weight":0.20867999999999945},"num_concepts_raised":9932},{"base_id":189,"kind":"top_words","i1":4,"i2":9,"sol":{"path":["/c/en/chișinău","/c/en/city","/c/en/kansas","/c/en/gretna"],"weight":0.20852999999999955},"num_concepts_raised":124259},{"base_id":189,"kind":"top_words","i1":5,"i2":6,"sol":{"path":["/c/en/somersault","/c/en/flip","/c/en/us","/c/en/ite","/c/en/inositol"],"weight":0.21299999999999975},"num_concepts_raised":12094},{"base_id":189,"kind":"top_words","i1":5,"i2":7,"sol":{"path":["/c/en/somersault","/c/fr/sursaut","/c/fr/astronomie","/c/en/europa"],"weight":0.21316999999999964},"num_concepts_raised":21056},{"base_id":189,"kind":"top_words","i1":5,"i2":8,"sol":{"path":["/c/en/somersault","/c/en/roll","/c/en/sandwich","/c/en/habitational"],"weight":0.20638999999999974},"num_concepts_raised":12858},{"base_id":189,"kind":"top_words","i1":5,"i2":9,"sol":{"path":["/c/en/somersault","/c/en/roll","/c/en/canada","/c/en/gretna"],"weight":0.20619999999999983},"num_concepts_raised":127575},{"base_id":189,"kind":"top_words","i1":6,"i2":7,"sol":{"path":["/c/en/inositol","/c/fr/inositol","/c/fr/organique","/c/fr/saccharine","/c/en/europa"],"weight":0.21713999999999958},"num_concepts_raised":20222},{"base_id":189,"kind":"top_words","i1":6,"i2":8,"sol":{"path":["/c/en/inositol","/c/en/carbohydrate","/c/en/bread","/c/en/sandwich","/c/en/habitational"],"weight":0.20867999999999964},"num_concepts_raised":12146},{"base_id":189,"kind":"top_words","i1":6,"i2":9,"sol":{"path":["/c/en/inositol","/c/fr/inositol","/c/fr/carbone","/c/fr/localités","/c/en/gretna"],"weight":0.21043999999999977},"num_concepts_raised":126864},{"base_id":189,"kind":"top_words","i1":7,"i2":8,"sol":{"path":["/c/en/europa","/c/en/moon","/c/en/place","/c/en/habitational"],"weight":0.20975999999999956},"num_concepts_raised":21096},{"base_id":189,"kind":"top_words","i1":7,"i2":9,"sol":{"path":["/c/en/europa","/c/en/europe","/c/en/scotland","/c/en/gretna"],"weight":0.21037999999999968},"num_concepts_raised":135750},{"base_id":189,"kind":"top_words","i1":8,"i2":9,"sol":{"path":["/c/en/habitational","/c/en/chatham","/c/fr/localités","/c/en/gretna"],"weight":0.20301999999999976},"num_concepts_raised":127550}]]