[[{"base_id":414,"kind":"bot_words","i1":0,"i2":1,"sol":{"path":["/c/en/sent","/c/en/send","/c/en/return","/c/en/coming"],"weight":0.20736999999999917},"num_concepts_raised":40698},{"base_id":414,"kind":"bot_words","i1":0,"i2":2,"sol":{"path":["/c/en/sent","/c/en/send","/c/en/text","/c/en/i.e"],"weight":0.20567999999999953},"num_concepts_raised":12481},{"base_id":414,"kind":"bot_words","i1":0,"i2":3,"sol":{"path":["/c/en/sent","/c/en/send","/c/en/slang","/c/en/aardvark","/c/en/anteater"],"weight":0.21380999999999978},"num_concepts_raised":13872},{"base_id":414,"kind":"bot_words","i1":0,"i2":4,"sol":{"path":["/c/en/sent","/c/en/send","/c/en/away","/c/en/over","/c/en/exceeding"],"weight":0.20456999999999959},"num_concepts_raised":14134},{"base_id":414,"kind":"bot_words","i1":0,"i2":5,"sol":{"path":["/c/en/sent","/c/en/card","/c/en/fish","/c/en/trawl"],"weight":0.20457999999999954},"num_concepts_raised":21269},{"base_id":414,"kind":"bot_words","i1":0,"i2":6,"sol":{"path":["/c/en/sent","/c/en/card","/c/en/happy","/c/en/unhappily"],"weight":0.20355999999999966},"num_concepts_raised":11735},{"base_id":414,"kind":"bot_words","i1":0,"i2":7,"sol":{"path":["/c/en/sent","/c/en/send","/c/en/slang","/c/en/gumshoe"],"weight":0.2045299999999997},"num_concepts_raised":29784},{"base_id":414,"kind":"bot_words","i1":0,"i2":8,"sol":{"path":["/c/en/sent","/c/en/smell","/c/en/quality","/c/en/naivete"],"weight":0.20346999999999965},"num_concepts_raised":11669},{"base_id":414,"kind":"bot_words","i1":0,"i2":9,"sol":{"path":["/c/en/sent","/c/en/letter","/c/en/canada","/c/en/minden"],"weight":0.20920999999999956},"num_concepts_raised":22482},{"base_id":414,"kind":"bot_words","i1":1,"i2":2,"sol":{"path":["/c/en/coming","/c/en/approach","/c/zh/即","/c/en/i.e"],"weight":0.20825999999999922},"num_concepts_raised":34978},{"base_id":414,"kind":"bot_words","i1":1,"i2":3,"sol":{"path":["/c/en/coming","/c/en/come","/c/en/slang","/c/en/aardvark","/c/en/anteater"],"weight":0.21767999999999943},"num_concepts_raised":36398},{"base_id":414,"kind":"bot_words","i1":1,"i2":4,"sol":{"path":["/c/en/coming","/c/en/come","/c/en/over","/c/en/exceeding"],"weight":0.20842999999999925},"num_concepts_raised":36496},{"base_id":414,"kind":"bot_words","i1":1,"i2":5,"sol":{"path":["/c/en/coming","/c/en/arrive","/c/en/area","/c/en/trawl"],"weight":0.2079099999999992},"num_concepts_raised":43600},{"base_id":414,"kind":"bot_words","i1":1,"i2":6,"sol":{"path":["/c/en/coming","/c/en/arise","/c/en/happy","/c/en/unhappily"],"weight":0.20587999999999934},"num_concepts_raised":34256},{"base_id":414,"kind":"bot_words","i1":1,"i2":7,"sol":{"path":["/c/en/coming","/c/en/come","/c/en/slang","/c/en/gumshoe"],"weight":0.20839999999999936},"num_concepts_raised":52045},{"base_id":414,"kind":"bot_words","i1":1,"i2":8,"sol":{"path":["/c/en/coming","/c/en/come","/c/en/experience","/c/en/naïveté","/c/en/naivete"],"weight":0.2085099999999993},"num_concepts_raised":34198},{"base_id":414,"kind":"bot_words","i1":1,"i2":9,"sol":{"path":["/c/en/coming","/c/en/union","/c/en/county_seat","/c/en/minden"],"weight":0.21170999999999923},"num_concepts_raised":44872},{"base_id":414,"kind":"bot_words","i1":2,"i2":3,"sol":{"path":["/c/en/i.e","/c/en/or","/c/en/animal","/c/en/aardvark","/c/en/anteater"],"weight":0.2135599999999998},"num_concepts_raised":7768},{"base_id":414,"kind":"bot_words","i1":2,"i2":4,"sol":{"path":["/c/en/i.e","/c/en/bourgeois","/c/en/over","/c/en/exceeding"],"weight":0.2042599999999996},"num_concepts_raised":8071},{"base_id":414,"kind":"bot_words","i1":2,"i2":5,"sol":{"path":["/c/en/i.e","/c/en/wick","/c/en/slang","/c/en/troll","/c/en/trawl"],"weight":0.20638999999999957},"num_concepts_raised":15307},{"base_id":414,"kind":"bot_words","i1":2,"i2":6,"sol":{"path":["/c/en/i.e","/c/en/or","/c/en/adjective","/c/en/happy","/c/en/unhappily"],"weight":0.2043699999999997},"num_concepts_raised":5643},{"base_id":414,"kind":"bot_words","i1":2,"i2":7,"sol":{"path":["/c/en/i.e","/c/en/wick","/c/en/slang","/c/en/gumshoe"],"weight":0.20421999999999974},"num_concepts_raised":23868},{"base_id":414,"kind":"bot_words","i1":2,"i2":8,"sol":{"path":["/c/en/i.e","/c/en/positivism","/c/en/quality","/c/en/naivete"],"weight":0.20423999999999964},"num_concepts_raised":5584},{"base_id":414,"kind":"bot_words","i1":2,"i2":9,"sol":{"path":["/c/en/i.e","/c/zh/兵部","/c/en/historical","/c/en/germany","/c/en/minden"],"weight":0.21208999999999956},"num_concepts_raised":16434},{"base_id":414,"kind":"bot_words","i1":3,"i2":4,"sol":{"path":["/c/en/anteater","/c/en/aardvark","/c/en/us","/c/en/excess","/c/en/exceeding"],"weight":0.21244999999999986},"num_concepts_raised":9388},{"base_id":414,"kind":"bot_words","i1":3,"i2":5,"sol":{"path":["/c/en/anteater","/c/en/echidna","/c/en/fish","/c/en/trawl"],"weight":0.21139999999999984},"num_concepts_raised":16601},{"base_id":414,"kind":"bot_words","i1":3,"i2":6,"sol":{"path":["/c/en/anteater","/c/en/ant","/c/en/adjective","/c/en/happy","/c/en/unhappily"],"weight":0.21229999999999993},"num_concepts_raised":6940},{"base_id":414,"kind":"bot_words","i1":3,"i2":7,"sol":{"path":["/c/en/anteater","/c/en/aardvark","/c/en/slang","/c/en/gumshoe"],"weight":0.21238},"num_concepts_raised":25116},{"base_id":414,"kind":"bot_words","i1":3,"i2":8,"sol":{"path":["/c/en/anteater","/c/en/aardvark","/c/en/credulous","/c/en/naive","/c/en/naivete"],"weight":0.2123899999999999},"num_concepts_raised":6898},{"base_id":414,"kind":"bot_words","i1":3,"i2":9,"sol":{"path":["/c/en/anteater","/c/en/ant","/c/en/black","/c/en/germany","/c/en/minden"],"weight":0.21997999999999984},"num_concepts_raised":17709},{"base_id":414,"kind":"bot_words","i1":4,"i2":5,"sol":{"path":["/c/en/exceeding","/c/en/excess","/c/en/area","/c/en/trawl"],"weight":0.20411999999999964},"num_concepts_raised":16915},{"base_id":414,"kind":"bot_words","i1":4,"i2":6,"sol":{"path":["/c/en/exceeding","/c/en/over","/c/en/completely","/c/en/sadly","/c/en/unhappily"],"weight":0.20440999999999976},"num_concepts_raised":7241},{"base_id":414,"kind":"bot_words","i1":4,"i2":7,"sol":{"path":["/c/en/exceeding","/c/en/over","/c/en/overshoe","/c/en/gumshoe"],"weight":0.20419999999999977},"num_concepts_raised":25415},{"base_id":414,"kind":"bot_words","i1":4,"i2":8,"sol":{"path":["/c/en/exceeding","/c/en/excess","/c/fr/franchise","/c/fr/naïveté","/c/en/naivete"],"weight":0.2042799999999997},"num_concepts_raised":7161},{"base_id":414,"kind":"bot_words","i1":4,"i2":9,"sol":{"path":["/c/en/exceeding","/c/en/over","/c/en/state","/c/en/germany","/c/en/minden"],"weight":0.21117999999999962},"num_concepts_raised":18053},{"base_id":414,"kind":"bot_words","i1":5,"i2":6,"sol":{"path":["/c/en/trawl","/c/en/troll","/c/en/sing","/c/en/happy","/c/en/unhappily"],"weight":0.2052999999999997},"num_concepts_raised":14529},{"base_id":414,"kind":"bot_words","i1":5,"i2":7,"sol":{"path":["/c/en/trawl","/c/en/troll","/c/en/slang","/c/en/gumshoe"],"weight":0.20526999999999976},"num_concepts_raised":32409},{"base_id":414,"kind":"bot_words","i1":5,"i2":8,"sol":{"path":["/c/en/trawl","/c/en/dragnet","/c/pt/rasca","/c/en/quality","/c/en/naivete"],"weight":0.2052999999999997},"num_concepts_raised":14467},{"base_id":414,"kind":"bot_words","i1":5,"i2":9,"sol":{"path":["/c/en/trawl","/c/en/area","/c/en/state","/c/en/germany","/c/en/minden"],"weight":0.2120899999999996},"num_concepts_raised":25125},{"base_id":414,"kind":"bot_words","i1":6,"i2":7,"sol":{"path":["/c/en/unhappily","/c/en/sadly","/c/en/sad","/c/en/slang","/c/en/gumshoe"],"weight":0.20441999999999988},"num_concepts_raised":23074},{"base_id":414,"kind":"bot_words","i1":6,"i2":8,"sol":{"path":["/c/en/unhappily","/c/en/happy","/c/en/person","/c/en/simplicity","/c/en/naivete"],"weight":0.2033399999999998},"num_concepts_raised":4736},{"base_id":414,"kind":"bot_words","i1":6,"i2":9,"sol":{"path":["/c/en/unhappily","/c/en/happy","/c/en/people","/c/en/germany","/c/en/minden"],"weight":0.2109999999999997},"num_concepts_raised":15625},{"base_id":414,"kind":"bot_words","i1":7,"i2":8,"sol":{"path":["/c/en/gumshoe","/c/en/detective","/c/en/person","/c/en/simplicity","/c/en/naivete"],"weight":0.20426999999999984},"num_concepts_raised":22977},{"base_id":414,"kind":"bot_words","i1":7,"i2":9,"sol":{"path":["/c/en/gumshoe","/c/en/slang","/c/en/usa","/c/en/minden"],"weight":0.20894999999999975},"num_concepts_raised":33266},{"base_id":414,"kind":"bot_words","i1":8,"i2":9,"sol":{"path":["/c/en/naivete","/c/en/quality","/c/en/superior","/c/en/douglas_county","/c/en/minden"],"weight":0.21092999999999967},"num_concepts_raised":15573}],[{"base_id":414,"kind":"top_words","i1":0,"i2":1,"sol":{"path":["/c/en/sylviidae","/c/en/bird","/c/en/mammal","/c/en/lutra"],"weight":0.2135299999999996},"num_concepts_raised":7238},{"base_id":414,"kind":"top_words","i1":0,"i2":2,"sol":{"path":["/c/en/sylviidae","/c/en/bird","/c/en/wattlebird"],"weight":0.20700000000000002},"num_concepts_raised":101},{"base_id":414,"kind":"top_words","i1":0,"i2":3,"sol":{"path":["/c/en/sylviidae","/c/en/bird","/c/en/fish","/c/en/tunny"],"weight":0.2094899999999998},"num_concepts_raised":8663},{"base_id":414,"kind":"top_words","i1":0,"i2":4,"sol":{"path":["/c/en/sylviidae","/c/en/bird","/c/en/friend","/c/en/cold","/c/en/standoffish"],"weight":0.20852999999999977},"num_concepts_raised":7292},{"base_id":414,"kind":"top_words","i1":0,"i2":5,"sol":{"path":["/c/en/sylviidae","/c/en/bird","/c/en/charm","/c/en/apotropaism","/c/en/apotropaic"],"weight":0.20932999999999982},"num_concepts_raised":9338},{"base_id":414,"kind":"top_words","i1":0,"i2":6,"sol":{"path":["/c/en/sylviidae","/c/en/bird","/c/en/chachalaca"],"weight":0.20700000000000002},"num_concepts_raised":102},{"base_id":414,"kind":"top_words","i1":0,"i2":7,"sol":{"path":["/c/en/sylviidae","/c/en/bird","/c/en/animal","/c/en/orangutan"],"weight":0.21647999999999978},"num_concepts_raised":24130},{"base_id":414,"kind":"top_words","i1":0,"i2":8,"sol":{"path":["/c/en/sylviidae","/c/en/bird","/c/en/us","/c/en/twerp"],"weight":0.20845999999999965},"num_concepts_raised":25129},{"base_id":414,"kind":"top_words","i1":0,"i2":9,"sol":{"path":["/c/en/sylviidae","/c/en/bird","/c/en/man","/c/en/old_man","/c/en/methuselah"],"weight":0.21433999999999975},"num_concepts_raised":23564},{"base_id":414,"kind":"top_words","i1":1,"i2":2,"sol":{"path":["/c/en/lutra","/c/en/mammal","/c/en/bird","/c/en/wattlebird"],"weight":0.21539999999999973},"num_concepts_raised":14321},{"base_id":414,"kind":"top_words","i1":1,"i2":3,"sol":{"path":["/c/en/lutra","/c/en/mammal","/c/en/fish","/c/en/tunny"],"weight":0.20930999999999983},"num_concepts_raised":6927},{"base_id":414,"kind":"top_words","i1":1,"i2":4,"sol":{"path":["/c/en/lutra","/c/en/otter","/c/en/river","/c/en/cold","/c/en/standoffish"],"weight":0.2085099999999998},"num_concepts_raised":5532},{"base_id":414,"kind":"top_words","i1":1,"i2":5,"sol":{"path":["/c/en/lutra","/c/en/otter","/c/en/turn","/c/en/ward_off","/c/en/apotropaic"],"weight":0.20926999999999987},"num_concepts_raised":7584},{"base_id":414,"kind":"top_words","i1":1,"i2":6,"sol":{"path":["/c/en/lutra","/c/en/mammal","/c/en/bird","/c/en/chachalaca"],"weight":0.21539999999999973},"num_concepts_raised":7201},{"base_id":414,"kind":"top_words","i1":1,"i2":7,"sol":{"path":["/c/en/lutra","/c/en/mammal","/c/en/orangutan"],"weight":0.20600000000000002},"num_concepts_raised":203},{"base_id":414,"kind":"top_words","i1":1,"i2":8,"sol":{"path":["/c/en/lutra","/c/en/mammal","/c/en/person","/c/en/fool","/c/en/twerp"],"weight":0.20849999999999969},"num_concepts_raised":23439},{"base_id":414,"kind":"top_words","i1":1,"i2":9,"sol":{"path":["/c/en/lutra","/c/en/mammal","/c/en/person","/c/en/methuselah"],"weight":0.21408999999999984},"num_concepts_raised":21847},{"base_id":414,"kind":"top_words","i1":2,"i2":3,"sol":{"path":["/c/en/wattlebird","/c/en/bird","/c/en/fish","/c/en/tunny"],"weight":0.21135999999999988},"num_concepts_raised":15628},{"base_id":414,"kind":"top_words","i1":2,"i2":4,"sol":{"path":["/c/en/wattlebird","/c/en/bird","/c/en/friend","/c/en/cold","/c/en/standoffish"],"weight":0.21039999999999986},"num_concepts_raised":14465},{"base_id":414,"kind":"top_words","i1":2,"i2":5,"sol":{"path":["/c/en/wattlebird","/c/en/bird","/c/en/charm","/c/en/apotropaism","/c/en/apotropaic"],"weight":0.21118999999999993},"num_concepts_raised":16497},{"base_id":414,"kind":"top_words","i1":2,"i2":6,"sol":{"path":["/c/en/wattlebird","/c/en/bird","/c/en/chachalaca"],"weight":0.20800000000000002},"num_concepts_raised":78},{"base_id":414,"kind":"top_words","i1":2,"i2":7,"sol":{"path":["/c/en/wattlebird","/c/en/bird","/c/en/animal","/c/en/orangutan"],"weight":0.2183699999999999},"num_concepts_raised":31041},{"base_id":414,"kind":"top_words","i1":2,"i2":8,"sol":{"path":["/c/en/wattlebird","/c/en/bird","/c/en/us","/c/en/twerp"],"weight":0.21031999999999973},"num_concepts_raised":31640},{"base_id":414,"kind":"top_words","i1":2,"i2":9,"sol":{"path":["/c/en/wattlebird","/c/en/family","/c/en/person","/c/en/methuselah"],"weight":0.21397999999999986},"num_concepts_raised":30550},{"base_id":414,"kind":"top_words","i1":3,"i2":4,"sol":{"path":["/c/en/tunny","/c/en/fish","/c/en/cold","/c/en/standoffish"],"weight":0.20430999999999994},"num_concepts_raised":6982},{"base_id":414,"kind":"top_words","i1":3,"i2":5,"sol":{"path":["/c/en/tunny","/c/en/fish","/c/en/general","/c/en/religion","/c/en/apotropaic"],"weight":0.20414000000000004},"num_concepts_raised":9041},{"base_id":414,"kind":"top_words","i1":3,"i2":6,"sol":{"path":["/c/en/tunny","/c/en/fish","/c/en/bird","/c/en/chachalaca"],"weight":0.21135999999999988},"num_concepts_raised":8627},{"base_id":414,"kind":"top_words","i1":3,"i2":7,"sol":{"path":["/c/en/tunny","/c/en/fish","/c/en/animal","/c/en/orangutan"],"weight":0.21228999999999998},"num_concepts_raised":23843},{"base_id":414,"kind":"top_words","i1":3,"i2":8,"sol":{"path":["/c/en/tunny","/c/en/fish","/c/en/slang","/c/en/twerk","/c/en/twerp"],"weight":0.20528999999999986},"num_concepts_raised":24814},{"base_id":414,"kind":"top_words","i1":3,"i2":9,"sol":{"path":["/c/en/tunny","/c/en/fish","/c/en/person","/c/en/methuselah"],"weight":0.21004999999999996},"num_concepts_raised":23231},{"base_id":414,"kind":"top_words","i1":4,"i2":5,"sol":{"path":["/c/en/standoffish","/c/en/aloof","/c/en/away","/c/grc/απο","/c/en/apotropaic"],"weight":0.20429},"num_concepts_raised":7598},{"base_id":414,"kind":"top_words","i1":4,"i2":6,"sol":{"path":["/c/en/standoffish","/c/en/cold","/c/en/fish","/c/en/bird","/c/en/chachalaca"],"weight":0.21038999999999985},"num_concepts_raised":7255},{"base_id":414,"kind":"top_words","i1":4,"i2":7,"sol":{"path":["/c/en/standoffish","/c/en/cold","/c/en/coat","/c/en/orangutan"],"weight":0.21107999999999996},"num_concepts_raised":22608},{"base_id":414,"kind":"top_words","i1":4,"i2":8,"sol":{"path":["/c/en/standoffish","/c/en/stand_off","/c/en/us","/c/en/twerp"],"weight":0.20325999999999983},"num_concepts_raised":23454},{"base_id":414,"kind":"top_words","i1":4,"i2":9,"sol":{"path":["/c/en/standoffish","/c/en/aloof","/c/en/retire","/c/en/old_man","/c/en/methuselah"],"weight":0.21026999999999996},"num_concepts_raised":21825},{"base_id":414,"kind":"top_words","i1":5,"i2":6,"sol":{"path":["/c/en/apotropaic","/c/en/apotropaism","/c/en/charm","/c/en/bird","/c/en/chachalaca"],"weight":0.21118999999999993},"num_concepts_raised":9301},{"base_id":414,"kind":"top_words","i1":5,"i2":7,"sol":{"path":["/c/en/apotropaic","/c/en/evil","/c/en/human","/c/en/ape","/c/en/orangutan"],"weight":0.21324000000000004},"num_concepts_raised":24643},{"base_id":414,"kind":"top_words","i1":5,"i2":8,"sol":{"path":["/c/en/apotropaic","/c/en/evil","/c/en/slang","/c/en/twerk","/c/en/twerp"],"weight":0.2041299999999999},"num_concepts_raised":25500},{"base_id":414,"kind":"top_words","i1":5,"i2":9,"sol":{"path":["/c/en/apotropaic","/c/en/religion","/c/en/wine","/c/en/methuselah"],"weight":0.20900000000000002},"num_concepts_raised":23797},{"base_id":414,"kind":"top_words","i1":6,"i2":7,"sol":{"path":["/c/en/chachalaca","/c/en/bird","/c/en/animal","/c/en/orangutan"],"weight":0.2183599999999999},"num_concepts_raised":24093},{"base_id":414,"kind":"top_words","i1":6,"i2":8,"sol":{"path":["/c/en/chachalaca","/c/en/bird","/c/en/us","/c/en/twerp"],"weight":0.21031999999999973},"num_concepts_raised":25088},{"base_id":414,"kind":"top_words","i1":6,"i2":9,"sol":{"path":["/c/en/chachalaca","/c/en/bird","/c/en/man","/c/en/old_man","/c/en/methuselah"],"weight":0.21620999999999987},"num_concepts_raised":23530},{"base_id":414,"kind":"top_words","i1":7,"i2":8,"sol":{"path":["/c/en/orangutan","/c/ms/orang","/c/fr/personne","/c/en/twerp"],"weight":0.21103999999999987},"num_concepts_raised":40084},{"base_id":414,"kind":"top_words","i1":7,"i2":9,"sol":{"path":["/c/en/orangutan","/c/en/animal","/c/en/person","/c/en/methuselah"],"weight":0.21704999999999997},"num_concepts_raised":38571},{"base_id":414,"kind":"top_words","i1":8,"i2":9,"sol":{"path":["/c/en/twerp","/c/en/fool","/c/en/person","/c/en/methuselah"],"weight":0.20922999999999986},"num_concepts_raised":39158}]]