[[{"base_id":337,"kind":"bot_words","i1":0,"i2":1,"sol":{"path":["/c/en/rental","/c/en/rent","/c/en/money","/c/en/swindle","/c/en/victimize"],"weight":0.2090999999999993},"num_concepts_raised":18624},{"base_id":337,"kind":"bot_words","i1":0,"i2":2,"sol":{"path":["/c/en/rental","/c/en/unit","/c/en/country","/c/en/gabon"],"weight":0.21228999999999998},"num_concepts_raised":19548},{"base_id":337,"kind":"bot_words","i1":0,"i2":3,"sol":{"path":["/c/en/rental","/c/en/car","/c/fr/états_unis","/c/en/screwball"],"weight":0.2049299999999995},"num_concepts_raised":26909},{"base_id":337,"kind":"bot_words","i1":0,"i2":4,"sol":{"path":["/c/en/rental","/c/en/sports","/c/en/rule","/c/en/oversee"],"weight":0.20542999999999914},"num_concepts_raised":27326},{"base_id":337,"kind":"bot_words","i1":0,"i2":5,"sol":{"path":["/c/en/rental","/c/en/library","/c/en/structure","/c/en/structuralism"],"weight":0.21186999999999945},"num_concepts_raised":38020},{"base_id":337,"kind":"bot_words","i1":0,"i2":6,"sol":{"path":["/c/en/rental","/c/en/livery","/c/en/queasy","/c/en/nauseated"],"weight":0.20531999999999964},"num_concepts_raised":13917},{"base_id":337,"kind":"bot_words","i1":0,"i2":7,"sol":{"path":["/c/en/rental","/c/en/sports","/c/en/medal","/c/en/medallion"],"weight":0.21188999999999952},"num_concepts_raised":24345},{"base_id":337,"kind":"bot_words","i1":0,"i2":8,"sol":{"path":["/c/en/rental","/c/en/unit","/c/en/amount","/c/en/solubility"],"weight":0.2102199999999995},"num_concepts_raised":31048},{"base_id":337,"kind":"bot_words","i1":0,"i2":9,"sol":{"path":["/c/en/rental","/c/en/lease","/c/en/take","/c/en/auc"],"weight":0.20404999999999962},"num_concepts_raised":32204},{"base_id":337,"kind":"bot_words","i1":1,"i2":2,"sol":{"path":["/c/en/victimize","/c/fi/pettää","/c/en/desert","/c/en/africa","/c/en/gabon"],"weight":0.21474999999999994},"num_concepts_raised":15275},{"base_id":337,"kind":"bot_words","i1":1,"i2":3,"sol":{"path":["/c/en/victimize","/c/en/cheat","/c/en/screw","/c/en/screwball"],"weight":0.20567999999999945},"num_concepts_raised":23170},{"base_id":337,"kind":"bot_words","i1":1,"i2":4,"sol":{"path":["/c/en/victimize","/c/en/cheat","/c/en/rule","/c/en/oversee"],"weight":0.20718999999999907},"num_concepts_raised":23254},{"base_id":337,"kind":"bot_words","i1":1,"i2":5,"sol":{"path":["/c/en/victimize","/c/ja/嵌め込む","/c/en/mathematics","/c/en/structuralism"],"weight":0.21007999999999938},"num_concepts_raised":33990},{"base_id":337,"kind":"bot_words","i1":1,"i2":6,"sol":{"path":["/c/en/victimize","/c/en/wrong","/c/en/ill","/c/en/nauseated"],"weight":0.20548999999999956},"num_concepts_raised":9542},{"base_id":337,"kind":"bot_words","i1":1,"i2":7,"sol":{"path":["/c/en/victimize","/c/en/victim","/c/en/necklace","/c/en/medallion"],"weight":0.21102999999999944},"num_concepts_raised":20379},{"base_id":337,"kind":"bot_words","i1":1,"i2":8,"sol":{"path":["/c/en/victimize","/c/en/cheat","/c/en/test","/c/en/chemistry","/c/en/solubility"],"weight":0.2120499999999994},"num_concepts_raised":26926},{"base_id":337,"kind":"bot_words","i1":1,"i2":9,"sol":{"path":["/c/en/victimize","/c/en/cheat","/c/en/fool","/c/en/historical","/c/en/auc"],"weight":0.20551999999999954},"num_concepts_raised":28492},{"base_id":337,"kind":"bot_words","i1":2,"i2":3,"sol":{"path":["/c/en/gabon","/c/fr/pays","/c/fr/états_unis","/c/en/screwball"],"weight":0.21308000000000016},"num_concepts_raised":24157},{"base_id":337,"kind":"bot_words","i1":2,"i2":4,"sol":{"path":["/c/en/gabon","/c/en/africa","/c/en/bishop","/c/en/overseer","/c/en/oversee"],"weight":0.21613999999999978},"num_concepts_raised":24206},{"base_id":337,"kind":"bot_words","i1":2,"i2":5,"sol":{"path":["/c/en/gabon","/c/en/country","/c/en/language","/c/en/structuralism"],"weight":0.2174500000000001},"num_concepts_raised":34866},{"base_id":337,"kind":"bot_words","i1":2,"i2":6,"sol":{"path":["/c/en/gabon","/c/fr/pays","/c/en/state","/c/en/ill","/c/en/nauseated"],"weight":0.21348000000000028},"num_concepts_raised":10485},{"base_id":337,"kind":"bot_words","i1":2,"i2":7,"sol":{"path":["/c/en/gabon","/c/en/country","/c/en/big","/c/en/medallion"],"weight":0.21728000000000014},"num_concepts_raised":21321},{"base_id":337,"kind":"bot_words","i1":2,"i2":8,"sol":{"path":["/c/en/gabon","/c/en/africa","/c/en/san","/c/en/chemistry","/c/en/solubility"],"weight":0.2199700000000001},"num_concepts_raised":27872},{"base_id":337,"kind":"bot_words","i1":2,"i2":9,"sol":{"path":["/c/en/gabon","/c/en/africa","/c/en/historical","/c/en/auc"],"weight":0.21333000000000024},"num_concepts_raised":29254},{"base_id":337,"kind":"bot_words","i1":3,"i2":4,"sol":{"path":["/c/en/screwball","/c/en/baseball","/c/en/look","/c/en/oversee"],"weight":0.2049699999999993},"num_concepts_raised":31987},{"base_id":337,"kind":"bot_words","i1":3,"i2":5,"sol":{"path":["/c/en/screwball","/c/en/ball","/c/en/structure","/c/en/structuralism"],"weight":0.21117999999999962},"num_concepts_raised":42666},{"base_id":337,"kind":"bot_words","i1":3,"i2":6,"sol":{"path":["/c/en/screwball","/c/en/us","/c/en/ill","/c/en/nauseated"],"weight":0.2044799999999998},"num_concepts_raised":18521},{"base_id":337,"kind":"bot_words","i1":3,"i2":7,"sol":{"path":["/c/en/screwball","/c/en/baseball","/c/en/round","/c/en/medallion"],"weight":0.20915999999999968},"num_concepts_raised":28929},{"base_id":337,"kind":"bot_words","i1":3,"i2":8,"sol":{"path":["/c/en/screwball","/c/en/us","/c/en/condition","/c/en/solubility"],"weight":0.20942999999999962},"num_concepts_raised":35700},{"base_id":337,"kind":"bot_words","i1":3,"i2":9,"sol":{"path":["/c/en/screwball","/c/en/baseball","/c/en/pass","/c/en/auc"],"weight":0.20313999999999977},"num_concepts_raised":36949},{"base_id":337,"kind":"bot_words","i1":4,"i2":5,"sol":{"path":["/c/en/oversee","/c/en/guide","/c/en/structure","/c/en/structuralism"],"weight":0.21277999999999925},"num_concepts_raised":42590},{"base_id":337,"kind":"bot_words","i1":4,"i2":6,"sol":{"path":["/c/en/oversee","/c/fr/surveiller","/c/fr/veiller","/c/en/sick","/c/en/nauseated"],"weight":0.20848999999999945},"num_concepts_raised":18579},{"base_id":337,"kind":"bot_words","i1":4,"i2":7,"sol":{"path":["/c/en/oversee","/c/en/direct","/c/en/film","/c/en/medallion"],"weight":0.2107699999999993},"num_concepts_raised":29065},{"base_id":337,"kind":"bot_words","i1":4,"i2":8,"sol":{"path":["/c/en/oversee","/c/en/survey","/c/en/condition","/c/en/solubility"],"weight":0.21117999999999926},"num_concepts_raised":35685},{"base_id":337,"kind":"bot_words","i1":4,"i2":9,"sol":{"path":["/c/en/oversee","/c/en/guide","/c/en/pass","/c/en/auc"],"weight":0.20458999999999938},"num_concepts_raised":36872},{"base_id":337,"kind":"bot_words","i1":5,"i2":6,"sol":{"path":["/c/en/structuralism","/c/en/human","/c/en/ill","/c/en/nauseated"],"weight":0.21038999999999974},"num_concepts_raised":29242},{"base_id":337,"kind":"bot_words","i1":5,"i2":7,"sol":{"path":["/c/en/structuralism","/c/en/human","/c/en/art","/c/en/medallion"],"weight":0.2149099999999996},"num_concepts_raised":39769},{"base_id":337,"kind":"bot_words","i1":5,"i2":8,"sol":{"path":["/c/en/structuralism","/c/en/biology","/c/en/chemistry","/c/en/solubility"],"weight":0.2154299999999996},"num_concepts_raised":45923},{"base_id":337,"kind":"bot_words","i1":5,"i2":9,"sol":{"path":["/c/en/structuralism","/c/en/structure","/c/en/city","/c/en/auc"],"weight":0.2109099999999997},"num_concepts_raised":47633},{"base_id":337,"kind":"bot_words","i1":6,"i2":7,"sol":{"path":["/c/en/nauseated","/c/en/sick","/c/en/die","/c/en/medal","/c/en/medallion"],"weight":0.2126399999999998},"num_concepts_raised":15667},{"base_id":337,"kind":"bot_words","i1":6,"i2":8,"sol":{"path":["/c/en/nauseated","/c/en/ill","/c/en/condition","/c/en/solubility"],"weight":0.21075999999999978},"num_concepts_raised":22152},{"base_id":337,"kind":"bot_words","i1":6,"i2":9,"sol":{"path":["/c/en/nauseated","/c/en/nauseous","/c/en/proscribed","/c/en/take","/c/en/auc"],"weight":0.20635999999999988},"num_concepts_raised":23830},{"base_id":337,"kind":"bot_words","i1":7,"i2":8,"sol":{"path":["/c/en/medallion","/c/en/silver","/c/en/chemistry","/c/en/solubility"],"weight":0.21546999999999966},"num_concepts_raised":32733},{"base_id":337,"kind":"bot_words","i1":7,"i2":9,"sol":{"path":["/c/en/medallion","/c/en/rosary","/c/en/historical","/c/en/auc"],"weight":0.20877999999999977},"num_concepts_raised":34084},{"base_id":337,"kind":"bot_words","i1":8,"i2":9,"sol":{"path":["/c/en/solubility","/c/en/chemistry","/c/en/bc","/c/en/auc"],"weight":0.20927999999999974},"num_concepts_raised":40825}],[{"base_id":337,"kind":"top_words","i1":0,"i2":1,"sol":{"path":["/c/en/chela","/c/es/chela","/c/en/slang","/c/en/language","/c/en/tsonga"],"weight":0.21928999999999982},"num_concepts_raised":11859},{"base_id":337,"kind":"top_words","i1":0,"i2":2,"sol":{"path":["/c/en/chela","/c/en/fish","/c/nl/pieterman","/c/en/belgium"],"weight":0.2280099999999987},"num_concepts_raised":34395},{"base_id":337,"kind":"top_words","i1":0,"i2":3,"sol":{"path":["/c/en/chela","/c/en/fish","/c/en/beam","/c/en/rafter"],"weight":0.21462999999999965},"num_concepts_raised":24683},{"base_id":337,"kind":"top_words","i1":0,"i2":4,"sol":{"path":["/c/en/chela","/c/en/fish","/c/en/card","/c/en/aces"],"weight":0.21718999999999977},"num_concepts_raised":9557},{"base_id":337,"kind":"top_words","i1":0,"i2":5,"sol":{"path":["/c/en/chela","/c/ga/crág","/c/en/hand","/c/en/forehand"],"weight":0.21792999999999974},"num_concepts_raised":19053},{"base_id":337,"kind":"top_words","i1":0,"i2":6,"sol":{"path":["/c/en/chela","/c/en/claw","/c/en/botany","/c/en/seed","/c/en/seeded"],"weight":0.21562999999999982},"num_concepts_raised":13615},{"base_id":337,"kind":"top_words","i1":0,"i2":7,"sol":{"path":["/c/en/chela","/c/en/claw","/c/en/botany","/c/en/seed"],"weight":0.24740000000000378},"num_concepts_raised":138229},{"base_id":337,"kind":"top_words","i1":0,"i2":8,"sol":{"path":["/c/en/chela","/c/en/claw","/c/en/animal","/c/en/human","/c/en/frenchman"],"weight":0.21550999999999954},"num_concepts_raised":98371},{"base_id":337,"kind":"top_words","i1":0,"i2":9,"sol":{"path":["/c/en/chela","/c/en/claw","/c/en/nail","/c/fr/prénom","/c/en/justine"],"weight":0.21948999999999974},"num_concepts_raised":15906},{"base_id":337,"kind":"top_words","i1":1,"i2":2,"sol":{"path":["/c/en/tsonga","/c/en/language","/c/en/belgian","/c/en/belgium"],"weight":0.22581999999999883},"num_concepts_raised":32261},{"base_id":337,"kind":"top_words","i1":1,"i2":3,"sol":{"path":["/c/en/tsonga","/c/en/language","/c/en/chevron","/c/fr/chevron","/c/en/rafter"],"weight":0.21225999999999978},"num_concepts_raised":22738},{"base_id":337,"kind":"top_words","i1":1,"i2":4,"sol":{"path":["/c/en/tsonga","/c/en/language","/c/en/slang","/c/en/ace","/c/en/aces"],"weight":0.2168699999999999},"num_concepts_raised":7532},{"base_id":337,"kind":"top_words","i1":1,"i2":5,"sol":{"path":["/c/en/tsonga","/c/en/language","/c/en/human","/c/en/backhand","/c/en/forehand"],"weight":0.21552999999999983},"num_concepts_raised":17124},{"base_id":337,"kind":"top_words","i1":1,"i2":6,"sol":{"path":["/c/en/tsonga","/c/en/south_africa","/c/en/coconut","/c/en/seed","/c/en/seeded"],"weight":0.20902999999999994},"num_concepts_raised":11614},{"base_id":337,"kind":"top_words","i1":1,"i2":7,"sol":{"path":["/c/en/tsonga","/c/en/south_africa","/c/en/coconut","/c/en/seed"],"weight":0.2413900000000039},"num_concepts_raised":136538},{"base_id":337,"kind":"top_words","i1":1,"i2":8,"sol":{"path":["/c/en/tsonga","/c/en/language","/c/fr/français","/c/en/frenchman"],"weight":0.21073999999999965},"num_concepts_raised":96277},{"base_id":337,"kind":"top_words","i1":1,"i2":9,"sol":{"path":["/c/en/tsonga","/c/en/language","/c/en/linguistics","/c/fr/féminin","/c/en/justine"],"weight":0.21283999999999986},"num_concepts_raised":13872},{"base_id":337,"kind":"top_words","i1":2,"i2":3,"sol":{"path":["/c/en/belgium","/c/fr/belgique","/c/fr/chevron","/c/en/rafter"],"weight":0.22976999999999861},"num_concepts_raised":44851},{"base_id":337,"kind":"top_words","i1":2,"i2":4,"sol":{"path":["/c/en/belgium","/c/fr/belgique","/c/fr/as","/c/en/aces"],"weight":0.23037999999999872},"num_concepts_raised":30065},{"base_id":337,"kind":"top_words","i1":2,"i2":5,"sol":{"path":["/c/en/belgium","/c/en/country","/c/en/horse","/c/en/forehand"],"weight":0.22431999999999874},"num_concepts_raised":39405},{"base_id":337,"kind":"top_words","i1":2,"i2":6,"sol":{"path":["/c/en/belgium","/c/en/french","/c/en/seedy","/c/en/seeded"],"weight":0.21958999999999884},"num_concepts_raised":34122},{"base_id":337,"kind":"top_words","i1":2,"i2":7,"sol":{"path":["/c/en/belgium","/c/en/country","/c/en/corn","/c/en/seed"],"weight":0.25308000000000275},"num_concepts_raised":157262},{"base_id":337,"kind":"top_words","i1":2,"i2":8,"sol":{"path":["/c/en/belgium","/c/en/french","/c/en/frenchman"],"weight":0.20500000000000002},"num_concepts_raised":831},{"base_id":337,"kind":"top_words","i1":2,"i2":9,"sol":{"path":["/c/en/belgium","/c/en/france","/c/fr/prénom","/c/en/justine"],"weight":0.22611999999999874},"num_concepts_raised":36469},{"base_id":337,"kind":"top_words","i1":3,"i2":4,"sol":{"path":["/c/en/rafter","/c/is/ás","/c/en/ace","/c/en/aces"],"weight":0.21380999999999972},"num_concepts_raised":20382},{"base_id":337,"kind":"top_words","i1":3,"i2":5,"sol":{"path":["/c/en/rafter","/c/en/ridge","/c/en/throw","/c/en/forehand"],"weight":0.21136999999999967},"num_concepts_raised":29551},{"base_id":337,"kind":"top_words","i1":3,"i2":6,"sol":{"path":["/c/en/rafter","/c/en/grass","/c/en/seed","/c/en/seeded"],"weight":0.2059399999999998},"num_concepts_raised":24269},{"base_id":337,"kind":"top_words","i1":3,"i2":7,"sol":{"path":["/c/en/rafter","/c/en/grass","/c/en/seed"],"weight":0.20600000000000002},"num_concepts_raised":1612},{"base_id":337,"kind":"top_words","i1":3,"i2":8,"sol":{"path":["/c/en/rafter","/c/en/uk","/c/en/frenchman"],"weight":0.202},"num_concepts_raised":264},{"base_id":337,"kind":"top_words","i1":3,"i2":9,"sol":{"path":["/c/en/rafter","/c/is/ás","/c/fr/prénom","/c/en/justine"],"weight":0.2097799999999997},"num_concepts_raised":26799},{"base_id":337,"kind":"top_words","i1":4,"i2":5,"sol":{"path":["/c/en/aces","/c/en/ace","/c/en/tennis","/c/en/forehand"],"weight":0.2176799999999998},"num_concepts_raised":14688},{"base_id":337,"kind":"top_words","i1":4,"i2":6,"sol":{"path":["/c/en/aces","/c/en/ace","/c/en/sports","/c/en/seeded"],"weight":0.2118699999999999},"num_concepts_raised":9269},{"base_id":337,"kind":"top_words","i1":4,"i2":7,"sol":{"path":["/c/en/aces","/c/en/ace","/c/en/pip","/c/en/seed"],"weight":0.24588000000000385},"num_concepts_raised":134110},{"base_id":337,"kind":"top_words","i1":4,"i2":8,"sol":{"path":["/c/en/aces","/c/en/ace","/c/en/uk","/c/en/frenchman"],"weight":0.2128899999999996},"num_concepts_raised":94089},{"base_id":337,"kind":"top_words","i1":4,"i2":9,"sol":{"path":["/c/en/aces","/c/en/ace","/c/is/ás","/c/fr/prénom","/c/en/justine"],"weight":0.2169499999999998},"num_concepts_raised":11573},{"base_id":337,"kind":"top_words","i1":5,"i2":6,"sol":{"path":["/c/en/forehand","/c/en/disc","/c/en/seeded"],"weight":0.20400000000000001},"num_concepts_raised":82},{"base_id":337,"kind":"top_words","i1":5,"i2":7,"sol":{"path":["/c/en/forehand","/c/en/squash","/c/en/fruit","/c/en/seed"],"weight":0.2453500000000038},"num_concepts_raised":142132},{"base_id":337,"kind":"top_words","i1":5,"i2":8,"sol":{"path":["/c/en/forehand","/c/en/backhand","/c/en/human","/c/en/frenchman"],"weight":0.21157999999999955},"num_concepts_raised":103415},{"base_id":337,"kind":"top_words","i1":5,"i2":9,"sol":{"path":["/c/en/forehand","/c/en/badminton","/c/fr/localités","/c/fr/justine","/c/en/justine"],"weight":0.21751999999999977},"num_concepts_raised":21175},{"base_id":337,"kind":"top_words","i1":6,"i2":7,"sol":{"path":["/c/en/seeded","/c/en/seed"],"weight":0.20700000000000002},"num_concepts_raised":1483},{"base_id":337,"kind":"top_words","i1":6,"i2":8,"sol":{"path":["/c/en/seeded","/c/en/seedy","/c/en/french","/c/en/frenchman"],"weight":0.20625999999999967},"num_concepts_raised":98097},{"base_id":337,"kind":"top_words","i1":6,"i2":9,"sol":{"path":["/c/en/seeded","/c/en/seed","/c/en/ben","/c/fr/prénom","/c/en/justine"],"weight":0.20910999999999985},"num_concepts_raised":15659},{"base_id":337,"kind":"top_words","i1":7,"i2":8,"sol":{"path":["/c/en/seed","/c/en/birth","/c/en/frenchman"],"weight":0.20600000000000002},"num_concepts_raised":1581},{"base_id":337,"kind":"top_words","i1":7,"i2":9,"sol":{"path":["/c/en/seed","/c/en/pip","/c/en/given_name","/c/en/justine"],"weight":0.24193000000000384},"num_concepts_raised":140723},{"base_id":337,"kind":"top_words","i1":8,"i2":9,"sol":{"path":["/c/en/frenchman","/c/fr/français","/c/fr/ardennes","/c/fr/justine","/c/en/justine"],"weight":0.21480999999999956},"num_concepts_raised":100388}]]