[[{"base_id":950,"kind":"bot_words","i1":0,"i2":1,"sol":{"path":["/c/en/chamfer","/c/en/cut","/c/en/function","/c/en/periodicity"],"weight":0.2039699999999998},"num_concepts_raised":26878},{"base_id":950,"kind":"bot_words","i1":0,"i2":2,"sol":{"path":["/c/en/chamfer","/c/en/relief","/c/en/decompression","/c/en/decompress"],"weight":0.20499999999999963},"num_concepts_raised":28230},{"base_id":950,"kind":"bot_words","i1":0,"i2":3,"sol":{"path":["/c/en/chamfer","/c/en/relief","/c/zh/安心","/c/fr/sereinement","/c/en/serenely"],"weight":0.20578999999999978},"num_concepts_raised":14663},{"base_id":950,"kind":"bot_words","i1":0,"i2":4,"sol":{"path":["/c/en/chamfer","/c/en/edge","/c/en/chad","/c/en/arabic","/c/en/nastaliq"],"weight":0.20370999999999972},"num_concepts_raised":14939},{"base_id":950,"kind":"bot_words","i1":0,"i2":5,"sol":{"path":["/c/en/chamfer","/c/en/bevel","/c/en/arm","/c/en/stretch","/c/en/stretchable"],"weight":0.20612999999999987},"num_concepts_raised":15324},{"base_id":950,"kind":"bot_words","i1":0,"i2":6,"sol":{"path":["/c/en/chamfer","/c/en/edge","/c/en/person","/c/en/loyalty"],"weight":0.20724999999999966},"num_concepts_raised":38159},{"base_id":950,"kind":"bot_words","i1":0,"i2":7,"sol":{"path":["/c/en/chamfer","/c/fr/mécanique","/c/en/break_in","/c/en/obedient","/c/en/obediently"],"weight":0.20564999999999975},"num_concepts_raised":14122},{"base_id":950,"kind":"bot_words","i1":0,"i2":8,"sol":{"path":["/c/en/chamfer","/c/en/feature","/c/es/atractivo","/c/en/attractive"],"weight":0.21337999999999835},"num_concepts_raised":58114},{"base_id":950,"kind":"bot_words","i1":0,"i2":9,"sol":{"path":["/c/en/chamfer","/c/fr/chanfrein","/c/fr/histoire","/c/fr/castille","/c/en/castile"],"weight":0.21426999999999968},"num_concepts_raised":19348},{"base_id":950,"kind":"bot_words","i1":1,"i2":2,"sol":{"path":["/c/en/periodicity","/c/en/function","/c/en/computing","/c/en/decompress"],"weight":0.20364999999999975},"num_concepts_raised":27825},{"base_id":950,"kind":"bot_words","i1":1,"i2":3,"sol":{"path":["/c/en/periodicity","/c/en/mathematics","/c/de/grösse","/c/de/ruhig","/c/en/serenely"],"weight":0.2033199999999999},"num_concepts_raised":14422},{"base_id":950,"kind":"bot_words","i1":1,"i2":4,"sol":{"path":["/c/en/periodicity","/c/en/mathematics","/c/en/number","/c/en/arabic","/c/en/nastaliq"],"weight":0.20320999999999984},"num_concepts_raised":14698},{"base_id":950,"kind":"bot_words","i1":1,"i2":5,"sol":{"path":["/c/en/periodicity","/c/fr/périodicité","/c/fr/période","/c/en/stretch","/c/en/stretchable"],"weight":0.20544999999999997},"num_concepts_raised":15077},{"base_id":950,"kind":"bot_words","i1":1,"i2":6,"sol":{"path":["/c/en/periodicity","/c/en/value","/c/en/love","/c/en/loyalty"],"weight":0.20668999999999976},"num_concepts_raised":37969},{"base_id":950,"kind":"bot_words","i1":1,"i2":7,"sol":{"path":["/c/en/periodicity","/c/en/mathematics","/c/en/tractable","/c/en/obedient","/c/en/obediently"],"weight":0.20422999999999986},"num_concepts_raised":13873},{"base_id":950,"kind":"bot_words","i1":1,"i2":8,"sol":{"path":["/c/en/periodicity","/c/en/mathematics","/c/en/beautiful","/c/en/attractive"],"weight":0.21358999999999845},"num_concepts_raised":57738},{"base_id":950,"kind":"bot_words","i1":1,"i2":9,"sol":{"path":["/c/en/periodicity","/c/en/menstruation","/c/en/human","/c/en/castilian","/c/en/castile"],"weight":0.2105699999999998},"num_concepts_raised":19146},{"base_id":950,"kind":"bot_words","i1":2,"i2":3,"sol":{"path":["/c/en/decompress","/c/en/computing","/c/en/clear","/c/en/serene","/c/en/serenely"],"weight":0.20461999999999977},"num_concepts_raised":15872},{"base_id":950,"kind":"bot_words","i1":2,"i2":4,"sol":{"path":["/c/en/decompress","/c/en/computing","/c/en/language","/c/en/arabic","/c/en/nastaliq"],"weight":0.2033999999999997},"num_concepts_raised":16149},{"base_id":950,"kind":"bot_words","i1":2,"i2":5,"sol":{"path":["/c/en/decompress","/c/en/compress","/c/en/stretch","/c/en/stretchable"],"weight":0.20352999999999982},"num_concepts_raised":16508},{"base_id":950,"kind":"bot_words","i1":2,"i2":6,"sol":{"path":["/c/en/decompress","/c/en/computing","/c/en/trust","/c/en/loyalty"],"weight":0.20805999999999963},"num_concepts_raised":39424},{"base_id":950,"kind":"bot_words","i1":2,"i2":7,"sol":{"path":["/c/en/decompress","/c/en/adjust","/c/en/obey","/c/en/obedient","/c/en/obediently"],"weight":0.2042199999999997},"num_concepts_raised":15328},{"base_id":950,"kind":"bot_words","i1":2,"i2":8,"sol":{"path":["/c/en/decompress","/c/en/computing","/c/en/nice","/c/en/attractive"],"weight":0.21113999999999833},"num_concepts_raised":59396},{"base_id":950,"kind":"bot_words","i1":2,"i2":9,"sol":{"path":["/c/en/decompress","/c/en/pressure","/c/en/person","/c/en/castilian","/c/en/castile"],"weight":0.2106099999999997},"num_concepts_raised":20598},{"base_id":950,"kind":"bot_words","i1":3,"i2":4,"sol":{"path":["/c/en/serenely","/c/fr/sereinement","/c/fr/serein","/c/en/literary","/c/en/ottoman_turkish","/c/en/nastaliq"],"weight":0.21000509999999983},"num_concepts_raised":103866},{"base_id":950,"kind":"bot_words","i1":3,"i2":5,"sol":{"path":["/c/en/serenely","/c/de/klar","/c/de/dehnbar","/c/en/elastic","/c/en/stretchable"],"weight":0.20521999999999996},"num_concepts_raised":2566},{"base_id":950,"kind":"bot_words","i1":3,"i2":6,"sol":{"path":["/c/en/serenely","/c/en/peacefully","/c/he/בטח","/c/en/faith","/c/en/loyalty"],"weight":0.20784999999999976},"num_concepts_raised":25768},{"base_id":950,"kind":"bot_words","i1":3,"i2":7,"sol":{"path":["/c/en/serenely","/c/nl/bedaard","/c/ja/大人しい","/c/en/obedient","/c/en/obediently"],"weight":0.20509999999999987},"num_concepts_raised":1291},{"base_id":950,"kind":"bot_words","i1":3,"i2":8,"sol":{"path":["/c/en/serenely","/c/en/serene","/c/en/fair","/c/en/beautiful","/c/en/attractive"],"weight":0.21461999999999848},"num_concepts_raised":46221},{"base_id":950,"kind":"bot_words","i1":3,"i2":9,"sol":{"path":["/c/en/serenely","/c/en/serene","/c/en/fair","/c/en/county","/c/en/castile"],"weight":0.20943999999999985},"num_concepts_raised":6632},{"base_id":950,"kind":"bot_words","i1":4,"i2":5,"sol":{"path":["/c/en/nastaliq","/c/en/persian","/c/en/fabric","/c/en/elastic","/c/en/stretchable"],"weight":0.20497999999999988},"num_concepts_raised":2850},{"base_id":950,"kind":"bot_words","i1":4,"i2":6,"sol":{"path":["/c/en/nastaliq","/c/ar/نسخ","/c/en/reproduce","/c/en/fidelity","/c/en/loyalty"],"weight":0.2091299999999997},"num_concepts_raised":26036},{"base_id":950,"kind":"bot_words","i1":4,"i2":7,"sol":{"path":["/c/en/nastaliq","/c/en/arabic","/c/en/sin","/c/en/good","/c/en/obedient","/c/en/obediently"],"weight":0.20767929999999968},"num_concepts_raised":98369},{"base_id":950,"kind":"bot_words","i1":4,"i2":8,"sol":{"path":["/c/en/nastaliq","/c/en/calligraphy","/c/vi/nét","/c/en/attractive"],"weight":0.2101599999999984},"num_concepts_raised":46497},{"base_id":950,"kind":"bot_words","i1":4,"i2":9,"sol":{"path":["/c/en/nastaliq","/c/en/persian","/c/en/human","/c/en/castilian","/c/en/castile"],"weight":0.21022999999999975},"num_concepts_raised":6904},{"base_id":950,"kind":"bot_words","i1":5,"i2":6,"sol":{"path":["/c/en/stretchable","/c/en/stretch","/c/en/person","/c/en/loyalty"],"weight":0.20662999999999984},"num_concepts_raised":26447},{"base_id":950,"kind":"bot_words","i1":5,"i2":7,"sol":{"path":["/c/en/stretchable","/c/en/stretch","/c/en/good","/c/en/obedient","/c/en/obediently"],"weight":0.20416999999999993},"num_concepts_raised":2017},{"base_id":950,"kind":"bot_words","i1":5,"i2":8,"sol":{"path":["/c/en/stretchable","/c/en/elastic","/c/en/force","/c/en/attractive"],"weight":0.21254999999999852},"num_concepts_raised":46753},{"base_id":950,"kind":"bot_words","i1":5,"i2":9,"sol":{"path":["/c/en/stretchable","/c/en/stretch","/c/en/person","/c/en/castilian","/c/en/castile"],"weight":0.2104899999999999},"num_concepts_raised":7346},{"base_id":950,"kind":"bot_words","i1":6,"i2":7,"sol":{"path":["/c/en/loyalty","/c/ja/忠実","/c/en/obedient","/c/en/obediently"],"weight":0.20747999999999972},"num_concepts_raised":25211},{"base_id":950,"kind":"bot_words","i1":6,"i2":8,"sol":{"path":["/c/en/loyalty","/c/en/love","/c/en/attraction","/c/en/attractive"],"weight":0.21621999999999833},"num_concepts_raised":68606},{"base_id":950,"kind":"bot_words","i1":6,"i2":9,"sol":{"path":["/c/en/loyalty","/c/en/person","/c/en/castilian","/c/en/castile"],"weight":0.21379999999999966},"num_concepts_raised":30423},{"base_id":950,"kind":"bot_words","i1":7,"i2":8,"sol":{"path":["/c/en/obediently","/c/en/obedient","/c/zh/亹亹","/c/en/attractive"],"weight":0.2112699999999984},"num_concepts_raised":45667},{"base_id":950,"kind":"bot_words","i1":7,"i2":9,"sol":{"path":["/c/en/obediently","/c/en/obedient","/c/en/servant","/c/en/castle","/c/en/castile"],"weight":0.20933999999999978},"num_concepts_raised":6086},{"base_id":950,"kind":"bot_words","i1":8,"i2":9,"sol":{"path":["/c/en/attractive","/c/en/wench","/c/en/medieval","/c/en/castile"],"weight":0.21553999999999837},"num_concepts_raised":50805}],[{"base_id":950,"kind":"top_words","i1":0,"i2":1,"sol":{"path":["/c/en/mongol","/c/en/united_states","/c/en/south","/c/en/cisalpine"],"weight":0.20321999999999996},"num_concepts_raised":4865},{"base_id":950,"kind":"top_words","i1":0,"i2":2,"sol":{"path":["/c/en/mongol","/c/en/mong","/c/en/slang","/c/fr/gaule","/c/en/gaul"],"weight":0.2173899999999998},"num_concepts_raised":13491},{"base_id":950,"kind":"top_words","i1":0,"i2":3,"sol":{"path":["/c/en/mongol","/c/en/mongolian","/c/en/native","/c/en/transalpine"],"weight":0.20550999999999991},"num_concepts_raised":9339},{"base_id":950,"kind":"top_words","i1":0,"i2":4,"sol":{"path":["/c/en/mongol","/c/en/mongolian","/c/en/language","/c/en/mathematics","/c/en/orthonormal"],"weight":0.20556999999999995},"num_concepts_raised":15551},{"base_id":950,"kind":"top_words","i1":0,"i2":5,"sol":{"path":["/c/en/mongol","/c/en/tartar","/c/en/teeth","/c/en/incisor"],"weight":0.21052999999999997},"num_concepts_raised":9075},{"base_id":950,"kind":"top_words","i1":0,"i2":6,"sol":{"path":["/c/en/mongol","/c/en/united_states","/c/fr/états_unis","/c/en/spaceman"],"weight":0.2036699999999999},"num_concepts_raised":5290},{"base_id":950,"kind":"top_words","i1":0,"i2":7,"sol":{"path":["/c/en/mongol","/c/en/mongol_empire","/c/en/turkic","/c/en/oghuz"],"weight":0.20334999999999984},"num_concepts_raised":4078},{"base_id":950,"kind":"top_words","i1":0,"i2":8,"sol":{"path":["/c/en/mongol","/c/en/mongolian","/c/en/asian","/c/en/katsu"],"weight":0.2054099999999999},"num_concepts_raised":18921},{"base_id":950,"kind":"top_words","i1":0,"i2":9,"sol":{"path":["/c/en/mongol","/c/en/united_states","/c/en/light","/c/en/condenser","/c/en/capacitor"],"weight":0.21632999999999997},"num_concepts_raised":11441},{"base_id":950,"kind":"top_words","i1":1,"i2":2,"sol":{"path":["/c/en/cisalpine","/c/en/south","/c/en/cornwall","/c/en/gaul"],"weight":0.21251999999999982},"num_concepts_raised":11136},{"base_id":950,"kind":"top_words","i1":1,"i2":3,"sol":{"path":["/c/en/cisalpine","/c/en/transalpine"],"weight":0.20400000000000001},"num_concepts_raised":42},{"base_id":950,"kind":"top_words","i1":1,"i2":4,"sol":{"path":["/c/en/cisalpine","/c/en/alps","/c/en/slope","/c/en/mathematics","/c/en/orthonormal"],"weight":0.20295999999999995},"num_concepts_raised":13179},{"base_id":950,"kind":"top_words","i1":1,"i2":5,"sol":{"path":["/c/en/cisalpine","/c/en/south","/c/en/astronomy","/c/ru/резец","/c/en/incisor"],"weight":0.21208},"num_concepts_raised":6717},{"base_id":950,"kind":"top_words","i1":1,"i2":6,"sol":{"path":["/c/en/cisalpine","/c/en/transalpine","/c/en/country","/c/en/alien","/c/en/spaceman"],"weight":0.2042299999999999},"num_concepts_raised":2921},{"base_id":950,"kind":"top_words","i1":1,"i2":7,"sol":{"path":["/c/en/cisalpine","/c/en/cisalpine_gaulish","/c/fr/linguistique","/c/en/turkic","/c/en/oghuz"],"weight":0.20288999999999985},"num_concepts_raised":1707},{"base_id":950,"kind":"top_words","i1":1,"i2":8,"sol":{"path":["/c/en/cisalpine","/c/en/south","/c/en/state","/c/en/katsu"],"weight":0.20279999999999992},"num_concepts_raised":16660},{"base_id":950,"kind":"top_words","i1":1,"i2":9,"sol":{"path":["/c/en/cisalpine","/c/en/cismontane","/c/en/mountain","/c/en/cap","/c/en/capacitor"],"weight":0.21225},"num_concepts_raised":9063},{"base_id":950,"kind":"top_words","i1":2,"i2":3,"sol":{"path":["/c/en/gaul","/c/en/transalpine_gaulish","/c/en/transalpine"],"weight":0.20400000000000001},"num_concepts_raised":175},{"base_id":950,"kind":"top_words","i1":2,"i2":4,"sol":{"path":["/c/en/gaul","/c/fr/gaule","/c/en/bar","/c/en/mathematics","/c/en/orthonormal"],"weight":0.2170399999999998},"num_concepts_raised":21827},{"base_id":950,"kind":"top_words","i1":2,"i2":5,"sol":{"path":["/c/en/gaul","/c/fr/gaule","/c/en/handle","/c/en/tooth","/c/en/incisor"],"weight":0.22642999999999983},"num_concepts_raised":15380},{"base_id":950,"kind":"top_words","i1":2,"i2":6,"sol":{"path":["/c/en/gaul","/c/fr/gaule","/c/en/slang","/c/en/rocketman","/c/en/spaceman"],"weight":0.21835999999999978},"num_concepts_raised":11576},{"base_id":950,"kind":"top_words","i1":2,"i2":7,"sol":{"path":["/c/en/gaul","/c/fr/histoire","/c/fr/oghouzes","/c/en/oghuz"],"weight":0.2104299999999997},"num_concepts_raised":10391},{"base_id":950,"kind":"top_words","i1":2,"i2":8,"sol":{"path":["/c/en/gaul","/c/en/cornwall","/c/en/east","/c/en/katsu"],"weight":0.21248999999999976},"num_concepts_raised":25284},{"base_id":950,"kind":"top_words","i1":2,"i2":9,"sol":{"path":["/c/en/gaul","/c/fr/gaule","/c/en/slang","/c/en/cap","/c/en/capacitor"],"weight":0.22540999999999983},"num_concepts_raised":17708},{"base_id":950,"kind":"top_words","i1":3,"i2":4,"sol":{"path":["/c/en/transalpine","/c/en/alps","/c/en/slope","/c/en/mathematics","/c/en/orthonormal"],"weight":0.20405999999999994},"num_concepts_raised":17686},{"base_id":950,"kind":"top_words","i1":3,"i2":5,"sol":{"path":["/c/en/transalpine","/c/en/country","/c/en/inside","/c/en/tooth","/c/en/incisor"],"weight":0.21235999999999997},"num_concepts_raised":11247},{"base_id":950,"kind":"top_words","i1":3,"i2":6,"sol":{"path":["/c/en/transalpine","/c/en/country","/c/en/alien","/c/en/spaceman"],"weight":0.2033299999999999},"num_concepts_raised":7359},{"base_id":950,"kind":"top_words","i1":3,"i2":7,"sol":{"path":["/c/en/transalpine","/c/en/country","/c/en/human","/c/en/gagauz","/c/en/oghuz"],"weight":0.20300999999999986},"num_concepts_raised":6268},{"base_id":950,"kind":"top_words","i1":3,"i2":8,"sol":{"path":["/c/en/transalpine","/c/en/country","/c/en/state","/c/en/katsu"],"weight":0.20291999999999988},"num_concepts_raised":20793},{"base_id":950,"kind":"top_words","i1":3,"i2":9,"sol":{"path":["/c/en/transalpine","/c/en/country","/c/en/circuit","/c/en/capacitor"],"weight":0.21127999999999997},"num_concepts_raised":13572},{"base_id":950,"kind":"top_words","i1":4,"i2":5,"sol":{"path":["/c/en/orthonormal","/c/en/angle","/c/fr/coin","/c/fr/incisive","/c/en/incisor"],"weight":0.21436999999999995},"num_concepts_raised":17311},{"base_id":950,"kind":"top_words","i1":4,"i2":6,"sol":{"path":["/c/en/orthonormal","/c/en/mathematics","/c/en/space","/c/en/astronaut","/c/en/spaceman"],"weight":0.2051699999999999},"num_concepts_raised":13588},{"base_id":950,"kind":"top_words","i1":4,"i2":7,"sol":{"path":["/c/en/orthonormal","/c/en/mathematics","/c/en/language","/c/en/turkic","/c/en/oghuz"],"weight":0.20302999999999982},"num_concepts_raised":12388},{"base_id":950,"kind":"top_words","i1":4,"i2":8,"sol":{"path":["/c/en/orthonormal","/c/en/mathematics","/c/en/state","/c/en/katsu"],"weight":0.2028999999999999},"num_concepts_raised":27058},{"base_id":950,"kind":"top_words","i1":4,"i2":9,"sol":{"path":["/c/en/orthonormal","/c/en/mathematics","/c/en/conductor","/c/en/capacitor"],"weight":0.21131},"num_concepts_raised":19456},{"base_id":950,"kind":"top_words","i1":5,"i2":6,"sol":{"path":["/c/en/incisor","/c/en/canine","/c/en/human","/c/en/astronaut","/c/en/spaceman"],"weight":0.21444999999999995},"num_concepts_raised":7125},{"base_id":950,"kind":"top_words","i1":5,"i2":7,"sol":{"path":["/c/en/incisor","/c/en/canine","/c/en/human","/c/en/gagauz","/c/en/oghuz"],"weight":0.21233999999999986},"num_concepts_raised":5915},{"base_id":950,"kind":"top_words","i1":5,"i2":8,"sol":{"path":["/c/en/incisor","/c/fr/incisive","/c/fr/aliment","/c/en/food","/c/en/katsu"],"weight":0.2144399999999999},"num_concepts_raised":20808},{"base_id":950,"kind":"top_words","i1":5,"i2":9,"sol":{"path":["/c/en/incisor","/c/en/tooth","/c/en/condenser","/c/en/capacitor"],"weight":0.2254},"num_concepts_raised":13210},{"base_id":950,"kind":"top_words","i1":6,"i2":7,"sol":{"path":["/c/en/spaceman","/c/en/astronaut","/c/en/human","/c/en/gagauz","/c/en/oghuz"],"weight":0.20518999999999982},"num_concepts_raised":2114},{"base_id":950,"kind":"top_words","i1":6,"i2":8,"sol":{"path":["/c/en/spaceman","/c/fr/états_unis","/c/en/school","/c/en/katsu"],"weight":0.20317999999999986},"num_concepts_raised":17084},{"base_id":950,"kind":"top_words","i1":6,"i2":9,"sol":{"path":["/c/en/spaceman","/c/en/astronaut","/c/en/space","/c/en/capacity","/c/en/capacitor"],"weight":0.21558999999999995},"num_concepts_raised":9454},{"base_id":950,"kind":"top_words","i1":7,"i2":8,"sol":{"path":["/c/en/oghuz","/c/en/turk","/c/en/asian","/c/en/katsu"],"weight":0.2028699999999998},"num_concepts_raised":15909},{"base_id":950,"kind":"top_words","i1":7,"i2":9,"sol":{"path":["/c/en/oghuz","/c/en/turkic","/c/en/calpack","/c/en/cap","/c/en/capacitor"],"weight":0.21137999999999987},"num_concepts_raised":8268},{"base_id":950,"kind":"top_words","i1":8,"i2":9,"sol":{"path":["/c/en/katsu","/c/en/focus","/c/en/condenser","/c/en/capacitor"],"weight":0.21589999999999993},"num_concepts_raised":22957}]]