[[{"base_id":605,"kind":"bot_words","i1":0,"i2":1,"sol":{"path":["/c/en/folded","/c/en/box","/c/en/stuff","/c/en/drug","/c/en/venlafaxine"],"weight":0.21021999999999968},"num_concepts_raised":14203},{"base_id":605,"kind":"bot_words","i1":0,"i2":2,"sol":{"path":["/c/en/folded","/c/en/box","/c/en/sock","/c/en/socks"],"weight":0.2060999999999996},"num_concepts_raised":18821},{"base_id":605,"kind":"bot_words","i1":0,"i2":3,"sol":{"path":["/c/en/folded","/c/en/card","/c/en/us","/c/en/spanish"],"weight":0.20727999999999894},"num_concepts_raised":46500},{"base_id":605,"kind":"bot_words","i1":0,"i2":4,"sol":{"path":["/c/en/folded","/c/en/fold","/c/en/country","/c/en/italy","/c/en/lombard"],"weight":0.20463999999999974},"num_concepts_raised":33292},{"base_id":605,"kind":"bot_words","i1":0,"i2":5,"sol":{"path":["/c/en/folded","/c/en/fold","/c/en/earth","/c/en/ingress"],"weight":0.21017999999999956},"num_concepts_raised":35161},{"base_id":605,"kind":"bot_words","i1":0,"i2":6,"sol":{"path":["/c/en/folded","/c/en/card","/c/en/cardinal","/c/en/28"],"weight":0.21451999999999977},"num_concepts_raised":18669},{"base_id":605,"kind":"bot_words","i1":0,"i2":7,"sol":{"path":["/c/en/folded","/c/en/fold","/c/en/change","/c/en/vary"],"weight":0.21707999999999925},"num_concepts_raised":36880},{"base_id":605,"kind":"bot_words","i1":0,"i2":8,"sol":{"path":["/c/en/folded","/c/en/downfolded","/c/en/down","/c/en/gutted"],"weight":0.20409999999999973},"num_concepts_raised":33446},{"base_id":605,"kind":"bot_words","i1":0,"i2":9,"sol":{"path":["/c/en/folded","/c/en/fold","/c/en/close","/c/es/familiar","/c/en/familial"],"weight":0.2072999999999997},"num_concepts_raised":22761},{"base_id":605,"kind":"bot_words","i1":1,"i2":2,"sol":{"path":["/c/en/venlafaxine","/c/en/drug","/c/en/blow","/c/en/sock","/c/en/socks"],"weight":0.21274999999999966},"num_concepts_raised":15696},{"base_id":605,"kind":"bot_words","i1":1,"i2":3,"sol":{"path":["/c/en/venlafaxine","/c/en/drug","/c/en/body","/c/en/language","/c/en/spanish"],"weight":0.216299999999999},"num_concepts_raised":43421},{"base_id":605,"kind":"bot_words","i1":1,"i2":4,"sol":{"path":["/c/en/venlafaxine","/c/en/drug","/c/en/line","/c/en/italy","/c/en/lombard"],"weight":0.2102299999999998},"num_concepts_raised":29964},{"base_id":605,"kind":"bot_words","i1":1,"i2":5,"sol":{"path":["/c/en/venlafaxine","/c/en/drug","/c/en/action","/c/en/enter","/c/en/ingress"],"weight":0.21794999999999962},"num_concepts_raised":32036},{"base_id":605,"kind":"bot_words","i1":1,"i2":6,"sol":{"path":["/c/en/venlafaxine","/c/en/drug","/c/en/poison","/c/en/weapon","/c/en/28"],"weight":0.2191099999999998},"num_concepts_raised":15319},{"base_id":605,"kind":"bot_words","i1":1,"i2":7,"sol":{"path":["/c/en/venlafaxine","/c/en/drug","/c/en/drop","/c/en/change","/c/en/vary"],"weight":0.2227799999999993},"num_concepts_raised":33725},{"base_id":605,"kind":"bot_words","i1":1,"i2":8,"sol":{"path":["/c/en/venlafaxine","/c/en/drug","/c/en/chemical","/c/en/fire","/c/en/gutted"],"weight":0.2099699999999998},"num_concepts_raised":30175},{"base_id":605,"kind":"bot_words","i1":1,"i2":9,"sol":{"path":["/c/en/venlafaxine","/c/en/drug","/c/en/lomitapide","/c/en/familial"],"weight":0.21068999999999977},"num_concepts_raised":19284},{"base_id":605,"kind":"bot_words","i1":2,"i2":3,"sol":{"path":["/c/en/socks","/c/en/sox","/c/en/us","/c/en/spanish"],"weight":0.2084399999999989},"num_concepts_raised":47887},{"base_id":605,"kind":"bot_words","i1":2,"i2":4,"sol":{"path":["/c/en/socks","/c/en/drawer","/c/en/historical","/c/en/lombard"],"weight":0.20460999999999968},"num_concepts_raised":34740},{"base_id":605,"kind":"bot_words","i1":2,"i2":5,"sol":{"path":["/c/en/socks","/c/en/sox","/c/en/us","/c/en/ingress"],"weight":0.21018999999999952},"num_concepts_raised":36624},{"base_id":605,"kind":"bot_words","i1":2,"i2":6,"sol":{"path":["/c/en/socks","/c/en/drawer","/c/en/book","/c/en/28"],"weight":0.21355999999999972},"num_concepts_raised":20223},{"base_id":605,"kind":"bot_words","i1":2,"i2":7,"sol":{"path":["/c/en/socks","/c/en/drawer","/c/en/change","/c/en/vary"],"weight":0.2171799999999992},"num_concepts_raised":38337},{"base_id":605,"kind":"bot_words","i1":2,"i2":8,"sol":{"path":["/c/en/socks","/c/en/sock","/c/en/slang","/c/en/gutted"],"weight":0.20574999999999968},"num_concepts_raised":34799},{"base_id":605,"kind":"bot_words","i1":2,"i2":9,"sol":{"path":["/c/en/socks","/c/en/sock","/c/en/house","/c/en/family","/c/en/familial"],"weight":0.20818999999999965},"num_concepts_raised":24229},{"base_id":605,"kind":"bot_words","i1":3,"i2":4,"sol":{"path":["/c/en/spanish","/c/fr/espagnol","/c/fr/géographie","/c/en/lombard"],"weight":0.212119999999999},"num_concepts_raised":61061},{"base_id":605,"kind":"bot_words","i1":3,"i2":5,"sol":{"path":["/c/en/spanish","/c/en/us","/c/en/ingress"],"weight":0.20400000000000001},"num_concepts_raised":410},{"base_id":605,"kind":"bot_words","i1":3,"i2":6,"sol":{"path":["/c/en/spanish","/c/en/romance","/c/en/book","/c/en/28"],"weight":0.21720999999999904},"num_concepts_raised":47746},{"base_id":605,"kind":"bot_words","i1":3,"i2":7,"sol":{"path":["/c/en/spanish","/c/en/louis","/c/en/vary"],"weight":0.20400000000000001},"num_concepts_raised":530},{"base_id":605,"kind":"bot_words","i1":3,"i2":8,"sol":{"path":["/c/en/spanish","/c/en/language","/c/en/slang","/c/en/gutted"],"weight":0.20925999999999903},"num_concepts_raised":60040},{"base_id":605,"kind":"bot_words","i1":3,"i2":9,"sol":{"path":["/c/en/spanish","/c/en/person","/c/en/family","/c/en/familial"],"weight":0.20938999999999897},"num_concepts_raised":51653},{"base_id":605,"kind":"bot_words","i1":4,"i2":5,"sol":{"path":["/c/en/lombard","/c/en/historical","/c/en/enter","/c/en/ingress"],"weight":0.21111999999999964},"num_concepts_raised":50269},{"base_id":605,"kind":"bot_words","i1":4,"i2":6,"sol":{"path":["/c/en/lombard","/c/en/historical","/c/en/cardinal","/c/en/28"],"weight":0.21446999999999986},"num_concepts_raised":34379},{"base_id":605,"kind":"bot_words","i1":4,"i2":7,"sol":{"path":["/c/en/lombard","/c/en/century","/c/en/time","/c/en/vary"],"weight":0.21066999999999936},"num_concepts_raised":52346},{"base_id":605,"kind":"bot_words","i1":4,"i2":8,"sol":{"path":["/c/en/lombard","/c/en/cannon","/c/en/fire","/c/en/gutted"],"weight":0.20314999999999983},"num_concepts_raised":48698},{"base_id":605,"kind":"bot_words","i1":4,"i2":9,"sol":{"path":["/c/en/lombard","/c/en/native","/c/en/birth","/c/en/familial"],"weight":0.20392999999999978},"num_concepts_raised":38408},{"base_id":605,"kind":"bot_words","i1":5,"i2":6,"sol":{"path":["/c/en/ingress","/c/en/progress","/c/en/book","/c/en/28"],"weight":0.22005999999999967},"num_concepts_raised":36414},{"base_id":605,"kind":"bot_words","i1":5,"i2":7,"sol":{"path":["/c/en/ingress","/c/en/progress","/c/en/change","/c/en/vary"],"weight":0.22366999999999915},"num_concepts_raised":54049},{"base_id":605,"kind":"bot_words","i1":5,"i2":8,"sol":{"path":["/c/en/ingress","/c/en/earth","/c/en/fire","/c/en/gutted"],"weight":0.20882999999999965},"num_concepts_raised":49279},{"base_id":605,"kind":"bot_words","i1":5,"i2":9,"sol":{"path":["/c/en/ingress","/c/en/act","/c/en/father","/c/en/familial"],"weight":0.2096699999999996},"num_concepts_raised":40433},{"base_id":605,"kind":"bot_words","i1":6,"i2":7,"sol":{"path":["/c/en/28","/c/en/cardinal","/c/en/color","/c/en/change","/c/en/vary"],"weight":0.22702999999999937},"num_concepts_raised":38192},{"base_id":605,"kind":"bot_words","i1":6,"i2":8,"sol":{"path":["/c/en/28","/c/en/book","/c/en/fire","/c/en/gutted"],"weight":0.21208999999999983},"num_concepts_raised":34676},{"base_id":605,"kind":"bot_words","i1":6,"i2":9,"sol":{"path":["/c/en/28","/c/en/cardinal","/c/la/alis","/c/en/familial"],"weight":0.21501999999999982},"num_concepts_raised":23910},{"base_id":605,"kind":"bot_words","i1":7,"i2":8,"sol":{"path":["/c/en/vary","/c/en/time","/c/en/slang","/c/en/gutted"],"weight":0.21042999999999937},"num_concepts_raised":52610},{"base_id":605,"kind":"bot_words","i1":7,"i2":9,"sol":{"path":["/c/en/vary","/c/en/change","/c/en/birth","/c/en/familial"],"weight":0.2164499999999993},"num_concepts_raised":42114},{"base_id":605,"kind":"bot_words","i1":8,"i2":9,"sol":{"path":["/c/en/gutted","/c/en/slang","/c/en/family","/c/en/familial"],"weight":0.20524999999999977},"num_concepts_raised":38681}],[{"base_id":605,"kind":"top_words","i1":0,"i2":1,"sol":{"path":["/c/en/tael","/c/en/tale","/c/fr/histoire","/c/fr/pô","/c/en/po"],"weight":0.2119899999999998},"num_concepts_raised":24464},{"base_id":605,"kind":"top_words","i1":0,"i2":2,"sol":{"path":["/c/en/tael","/c/en/weight","/c/en/ounce"],"weight":0.202},"num_concepts_raised":207},{"base_id":605,"kind":"top_words","i1":0,"i2":3,"sol":{"path":["/c/en/tael","/c/en/tale","/c/syc/ܡܬܠܐ","/c/en/proverb"],"weight":0.21462000000000012},"num_concepts_raised":16245},{"base_id":605,"kind":"top_words","i1":0,"i2":4,"sol":{"path":["/c/en/tael","/c/en/weight","/c/en/person","/c/en/doctor","/c/en/virologist"],"weight":0.20425999999999994},"num_concepts_raised":19056},{"base_id":605,"kind":"top_words","i1":0,"i2":5,"sol":{"path":["/c/en/tael","/c/ja/テール","/c/en/tail","/c/en/fish","/c/en/wrasse"],"weight":0.20986999999999978},"num_concepts_raised":18140},{"base_id":605,"kind":"top_words","i1":0,"i2":6,"sol":{"path":["/c/en/tael","/c/en/silver","/c/fr/couleur","/c/fr/roulette","/c/en/roulette"],"weight":0.21666000000000002},"num_concepts_raised":14412},{"base_id":605,"kind":"top_words","i1":0,"i2":7,"sol":{"path":["/c/en/tael","/c/ms/kupang","/c/en/mussel","/c/en/mollusk"],"weight":0.20455999999999933},"num_concepts_raised":23158},{"base_id":605,"kind":"top_words","i1":0,"i2":8,"sol":{"path":["/c/en/tael","/c/zh/兩","/c/en/two","/c/en/bank","/c/en/hsbc"],"weight":0.20906999999999978},"num_concepts_raised":6177},{"base_id":605,"kind":"top_words","i1":0,"i2":9,"sol":{"path":["/c/en/tael","/c/en/silver","/c/en/mark","/c/en/pfennig"],"weight":0.2041399999999999},"num_concepts_raised":5912},{"base_id":605,"kind":"top_words","i1":1,"i2":2,"sol":{"path":["/c/en/po","/c/en/river","/c/en/grain","/c/en/ounce"],"weight":0.2135199999999996},"num_concepts_raised":35162},{"base_id":605,"kind":"top_words","i1":1,"i2":3,"sol":{"path":["/c/en/po","/c/en/pharmacology","/c/en/i","/c/en/proverb"],"weight":0.22147999999999998},"num_concepts_raised":32663},{"base_id":605,"kind":"top_words","i1":1,"i2":4,"sol":{"path":["/c/en/po","/c/en/uk","/c/en/doctor","/c/en/virologist"],"weight":0.2110599999999998},"num_concepts_raised":35535},{"base_id":605,"kind":"top_words","i1":1,"i2":5,"sol":{"path":["/c/en/po","/c/en/river","/c/en/fish","/c/en/wrasse"],"weight":0.21575999999999965},"num_concepts_raised":34548},{"base_id":605,"kind":"top_words","i1":1,"i2":6,"sol":{"path":["/c/en/po","/c/en/pot","/c/en/game_of_chance","/c/en/roulette"],"weight":0.2170899999999999},"num_concepts_raised":30793},{"base_id":605,"kind":"top_words","i1":1,"i2":7,"sol":{"path":["/c/en/po","/c/en/petty_officer","/c/en/us","/c/en/mollusk"],"weight":0.2133999999999992},"num_concepts_raised":38353},{"base_id":605,"kind":"top_words","i1":1,"i2":8,"sol":{"path":["/c/en/po","/c/en/river","/c/en/bank","/c/en/hsbc"],"weight":0.21488999999999964},"num_concepts_raised":22611},{"base_id":605,"kind":"top_words","i1":1,"i2":9,"sol":{"path":["/c/en/po","/c/en/petty_officer","/c/en/guard","/c/en/mark","/c/en/pfennig"],"weight":0.21302999999999978},"num_concepts_raised":22496},{"base_id":605,"kind":"top_words","i1":2,"i2":3,"sol":{"path":["/c/en/ounce","/c/en/grain","/c/ja/文","/c/en/proverb"],"weight":0.21836999999999995},"num_concepts_raised":27360},{"base_id":605,"kind":"top_words","i1":2,"i2":4,"sol":{"path":["/c/en/ounce","/c/en/shot","/c/fr/médecine","/c/en/virologist"],"weight":0.2057299999999998},"num_concepts_raised":30295},{"base_id":605,"kind":"top_words","i1":2,"i2":5,"sol":{"path":["/c/en/ounce","/c/fr/once","/c/fr/zoologie","/c/en/wrasse"],"weight":0.2150199999999996},"num_concepts_raised":29325},{"base_id":605,"kind":"top_words","i1":2,"i2":6,"sol":{"path":["/c/en/ounce","/c/en/small","/c/fr/roulette","/c/en/roulette"],"weight":0.21929999999999983},"num_concepts_raised":25448},{"base_id":605,"kind":"top_words","i1":2,"i2":7,"sol":{"path":["/c/en/ounce","/c/en/grain","/c/en/animal","/c/en/mollusk"],"weight":0.2083899999999992},"num_concepts_raised":33914},{"base_id":605,"kind":"top_words","i1":2,"i2":8,"sol":{"path":["/c/en/ounce","/c/en/english","/c/en/london","/c/en/hsbc"],"weight":0.2105899999999996},"num_concepts_raised":17449},{"base_id":605,"kind":"top_words","i1":2,"i2":9,"sol":{"path":["/c/en/ounce","/c/non/eyrir","/c/en/mark","/c/en/pfennig"],"weight":0.20667999999999975},"num_concepts_raised":17184},{"base_id":605,"kind":"top_words","i1":3,"i2":4,"sol":{"path":["/c/en/proverb","/c/fr/proverbe","/c/en/go","/c/en/doctor","/c/en/virologist"],"weight":0.22156000000000015},"num_concepts_raised":27387},{"base_id":605,"kind":"top_words","i1":3,"i2":5,"sol":{"path":["/c/en/proverb","/c/en/adage","/c/en/old","/c/fr/vieille","/c/en/wrasse"],"weight":0.22547999999999996},"num_concepts_raised":26487},{"base_id":605,"kind":"top_words","i1":3,"i2":6,"sol":{"path":["/c/en/proverb","/c/grc/παραβολή","/c/en/geometry","/c/en/roulette"],"weight":0.22204000000000024},"num_concepts_raised":22678},{"base_id":605,"kind":"top_words","i1":3,"i2":7,"sol":{"path":["/c/en/proverb","/c/en/saw","/c/en/us","/c/en/mollusk"],"weight":0.21877999999999953},"num_concepts_raised":31339},{"base_id":605,"kind":"top_words","i1":3,"i2":8,"sol":{"path":["/c/en/proverb","/c/en/saw","/c/en/slang","/c/en/bank","/c/en/hsbc"],"weight":0.22235999999999997},"num_concepts_raised":14547},{"base_id":605,"kind":"top_words","i1":3,"i2":9,"sol":{"path":["/c/en/proverb","/c/en/common","/c/en/mark","/c/en/pfennig"],"weight":0.21587000000000012},"num_concepts_raised":14245},{"base_id":605,"kind":"top_words","i1":4,"i2":5,"sol":{"path":["/c/en/virologist","/c/fr/médecine","/c/fr/externe","/c/fr/labre","/c/en/wrasse"],"weight":0.21103999999999978},"num_concepts_raised":29122},{"base_id":605,"kind":"top_words","i1":4,"i2":6,"sol":{"path":["/c/en/virologist","/c/en/doctor","/c/en/dentist","/c/fr/roulette","/c/en/roulette"],"weight":0.21792000000000003},"num_concepts_raised":25527},{"base_id":605,"kind":"top_words","i1":4,"i2":7,"sol":{"path":["/c/en/virologist","/c/en/doctor","/c/en/animal","/c/en/mollusk"],"weight":0.20589999999999936},"num_concepts_raised":34240},{"base_id":605,"kind":"top_words","i1":4,"i2":8,"sol":{"path":["/c/en/virologist","/c/en/doctor","/c/en/human","/c/en/bank","/c/en/hsbc"],"weight":0.2092899999999998},"num_concepts_raised":17285},{"base_id":605,"kind":"top_words","i1":4,"i2":9,"sol":{"path":["/c/en/virologist","/c/en/doctor","/c/en/signature","/c/en/mark","/c/en/pfennig"],"weight":0.20539999999999992},"num_concepts_raised":17023},{"base_id":605,"kind":"top_words","i1":5,"i2":6,"sol":{"path":["/c/en/wrasse","/c/en/fish","/c/en/cycloid","/c/en/roulette"],"weight":0.21837999999999985},"num_concepts_raised":24594},{"base_id":605,"kind":"top_words","i1":5,"i2":7,"sol":{"path":["/c/en/wrasse","/c/en/fish","/c/en/oyster","/c/en/mollusk"],"weight":0.2116899999999992},"num_concepts_raised":32971},{"base_id":605,"kind":"top_words","i1":5,"i2":8,"sol":{"path":["/c/en/wrasse","/c/en/fish","/c/en/river","/c/en/bank","/c/en/hsbc"],"weight":0.21399999999999963},"num_concepts_raised":16366},{"base_id":605,"kind":"top_words","i1":5,"i2":9,"sol":{"path":["/c/en/wrasse","/c/en/fish","/c/en/mark","/c/en/pfennig"],"weight":0.21007999999999977},"num_concepts_raised":16101},{"base_id":605,"kind":"top_words","i1":6,"i2":7,"sol":{"path":["/c/en/roulette","/c/en/pit","/c/en/shell","/c/en/mollusk"],"weight":0.21215999999999943},"num_concepts_raised":29411},{"base_id":605,"kind":"top_words","i1":6,"i2":8,"sol":{"path":["/c/en/roulette","/c/en/casino","/c/en/bank","/c/en/hsbc"],"weight":0.2153199999999999},"num_concepts_raised":12653},{"base_id":605,"kind":"top_words","i1":6,"i2":9,"sol":{"path":["/c/en/roulette","/c/en/stamp","/c/en/mark","/c/en/pfennig"],"weight":0.21139000000000002},"num_concepts_raised":12312},{"base_id":605,"kind":"top_words","i1":7,"i2":8,"sol":{"path":["/c/en/mollusk","/c/en/us","/c/en/london","/c/en/hsbc"],"weight":0.2095699999999992},"num_concepts_raised":21415},{"base_id":605,"kind":"top_words","i1":7,"i2":9,"sol":{"path":["/c/en/mollusk","/c/en/oyster","/c/en/fish","/c/en/mark","/c/en/pfennig"],"weight":0.20690999999999932},"num_concepts_raised":21170},{"base_id":605,"kind":"top_words","i1":8,"i2":9,"sol":{"path":["/c/en/hsbc","/c/en/bank","/c/en/penny","/c/de/pfennig","/c/en/pfennig"],"weight":0.21014999999999978},"num_concepts_raised":4143}]]