[[{"base_id":60,"kind":"bot_words","i1":0,"i2":1,"sol":{"path":["/c/en/xmpp","/c/en/presence","/c/en/company","/c/en/cohort","/c/en/cahoots"],"weight":0.21020999999999967},"num_concepts_raised":4858},{"base_id":60,"kind":"bot_words","i1":0,"i2":2,"sol":{"path":["/c/en/xmpp","/c/en/internet","/c/en/ooak","/c/en/clothing","/c/en/sportswear"],"weight":0.20842999999999978},"num_concepts_raised":11357},{"base_id":60,"kind":"bot_words","i1":0,"i2":3,"sol":{"path":["/c/en/xmpp","/c/en/presence","/c/en/symptom","/c/en/epistaxis"],"weight":0.20799999999999974},"num_concepts_raised":14428},{"base_id":60,"kind":"bot_words","i1":0,"i2":4,"sol":{"path":["/c/en/xmpp","/c/en/internet","/c/en/computing","/c/en/skin","/c/en/skinning"],"weight":0.2080699999999997},"num_concepts_raised":8887},{"base_id":60,"kind":"bot_words","i1":0,"i2":5,"sol":{"path":["/c/en/xmpp","/c/en/internet","/c/en/nope","/c/fr/non","/c/en/naysayer"],"weight":0.20800999999999972},"num_concepts_raised":4585},{"base_id":60,"kind":"bot_words","i1":0,"i2":6,"sol":{"path":["/c/en/xmpp","/c/en/internet","/c/en/tango","/c/en/mingle","/c/en/mingling"],"weight":0.2079799999999997},"num_concepts_raised":6315},{"base_id":60,"kind":"bot_words","i1":0,"i2":7,"sol":{"path":["/c/en/xmpp","/c/en/internet","/c/en/blawg","/c/en/law","/c/en/lawgiver"],"weight":0.21043999999999968},"num_concepts_raised":9399},{"base_id":60,"kind":"bot_words","i1":0,"i2":8,"sol":{"path":["/c/en/xmpp","/c/en/internet","/c/en/pipe","/c/en/volcano","/c/en/stromboli"],"weight":0.2156199999999996},"num_concepts_raised":7717},{"base_id":60,"kind":"bot_words","i1":0,"i2":9,"sol":{"path":["/c/en/xmpp","/c/en/internet","/c/en/god","/c/en/hermes"],"weight":0.2194799999999998},"num_concepts_raised":18573},{"base_id":60,"kind":"bot_words","i1":1,"i2":2,"sol":{"path":["/c/en/cahoots","/c/en/cohort","/c/en/company","/c/en/kappa","/c/en/sportswear"],"weight":0.20539999999999992},"num_concepts_raised":8779},{"base_id":60,"kind":"bot_words","i1":1,"i2":3,"sol":{"path":["/c/en/cahoots","/c/fr/ligue","/c/de/verband","/c/fr/médecine","/c/en/epistaxis"],"weight":0.20407999999999987},"num_concepts_raised":11823},{"base_id":60,"kind":"bot_words","i1":1,"i2":4,"sol":{"path":["/c/en/cahoots","/c/en/cohort","/c/en/body","/c/en/skin","/c/en/skinning"],"weight":0.2050399999999998},"num_concepts_raised":6290},{"base_id":60,"kind":"bot_words","i1":1,"i2":5,"sol":{"path":["/c/en/cahoots","/c/en/cohort","/c/en/band","/c/en/yeasayer","/c/en/naysayer"],"weight":0.20601999999999981},"num_concepts_raised":1973},{"base_id":60,"kind":"bot_words","i1":1,"i2":6,"sol":{"path":["/c/en/cahoots","/c/en/cohort","/c/en/people","/c/en/among","/c/en/mingling"],"weight":0.2049499999999998},"num_concepts_raised":3733},{"base_id":60,"kind":"bot_words","i1":1,"i2":7,"sol":{"path":["/c/en/cahoots","/c/en/connivance","/c/en/law","/c/en/lawgiver"],"weight":0.2054199999999998},"num_concepts_raised":6803},{"base_id":60,"kind":"bot_words","i1":1,"i2":8,"sol":{"path":["/c/en/cahoots","/c/en/cohort","/c/en/roman","/c/en/italian","/c/en/stromboli"],"weight":0.2105099999999997},"num_concepts_raised":5117},{"base_id":60,"kind":"bot_words","i1":1,"i2":9,"sol":{"path":["/c/en/cahoots","/c/en/cohort","/c/en/roman","/c/en/mercury","/c/en/hermes"],"weight":0.2207699999999999},"num_concepts_raised":16004},{"base_id":60,"kind":"bot_words","i1":2,"i2":3,"sol":{"path":["/c/en/sportswear","/c/en/activewear","/c/en/us","/c/en/nosebleed","/c/en/epistaxis"],"weight":0.20661999999999994},"num_concepts_raised":18333},{"base_id":60,"kind":"bot_words","i1":2,"i2":4,"sol":{"path":["/c/en/sportswear","/c/en/clothing","/c/en/skin","/c/en/skinning"],"weight":0.2032099999999999},"num_concepts_raised":12693},{"base_id":60,"kind":"bot_words","i1":2,"i2":5,"sol":{"path":["/c/en/sportswear","/c/en/activewear","/c/en/us","/c/en/naysay","/c/en/naysayer"],"weight":0.2051399999999999},"num_concepts_raised":8501},{"base_id":60,"kind":"bot_words","i1":2,"i2":6,"sol":{"path":["/c/en/sportswear","/c/en/activewear","/c/en/us","/c/en/among","/c/en/mingling"],"weight":0.2050999999999999},"num_concepts_raised":10193},{"base_id":60,"kind":"bot_words","i1":2,"i2":7,"sol":{"path":["/c/en/sportswear","/c/en/head","/c/en/leader","/c/en/lawgiver"],"weight":0.20329999999999987},"num_concepts_raised":13144},{"base_id":60,"kind":"bot_words","i1":2,"i2":8,"sol":{"path":["/c/en/sportswear","/c/en/clothing","/c/en/meat","/c/en/stromboli"],"weight":0.20869999999999977},"num_concepts_raised":11606},{"base_id":60,"kind":"bot_words","i1":2,"i2":9,"sol":{"path":["/c/en/sportswear","/c/en/sport","/c/en/running_twenty_six_miles","/c/en/hermes"],"weight":0.21456999999999998},"num_concepts_raised":22411},{"base_id":60,"kind":"bot_words","i1":3,"i2":4,"sol":{"path":["/c/en/epistaxis","/c/en/nosebleed","/c/en/nose","/c/en/skin","/c/en/skinning"],"weight":0.20427999999999985},"num_concepts_raised":15817},{"base_id":60,"kind":"bot_words","i1":3,"i2":5,"sol":{"path":["/c/en/epistaxis","/c/en/nosebleed","/c/en/us","/c/en/naysay","/c/en/naysayer"],"weight":0.20421999999999987},"num_concepts_raised":11540},{"base_id":60,"kind":"bot_words","i1":3,"i2":6,"sol":{"path":["/c/en/epistaxis","/c/en/nosebleed","/c/en/us","/c/en/among","/c/en/mingling"],"weight":0.20417999999999983},"num_concepts_raised":13305},{"base_id":60,"kind":"bot_words","i1":3,"i2":7,"sol":{"path":["/c/en/epistaxis","/c/fr/médecine","/c/en/disorder","/c/en/law","/c/en/lawgiver"],"weight":0.20526999999999984},"num_concepts_raised":16388},{"base_id":60,"kind":"bot_words","i1":3,"i2":8,"sol":{"path":["/c/en/epistaxis","/c/en/symptom","/c/en/eruption","/c/en/volcano","/c/en/stromboli"],"weight":0.21045999999999973},"num_concepts_raised":14686},{"base_id":60,"kind":"bot_words","i1":3,"i2":9,"sol":{"path":["/c/en/epistaxis","/c/en/nosebleed","/c/en/us","/c/en/mercury","/c/en/hermes"],"weight":0.22000999999999996},"num_concepts_raised":25547},{"base_id":60,"kind":"bot_words","i1":4,"i2":5,"sol":{"path":["/c/en/skinning","/c/en/skin","/c/en/us","/c/en/naysay","/c/en/naysayer"],"weight":0.20277999999999982},"num_concepts_raised":6017},{"base_id":60,"kind":"bot_words","i1":4,"i2":6,"sol":{"path":["/c/en/skinning","/c/en/skin","/c/en/people","/c/en/among","/c/en/mingling"],"weight":0.20274999999999976},"num_concepts_raised":7737},{"base_id":60,"kind":"bot_words","i1":4,"i2":7,"sol":{"path":["/c/en/skinning","/c/en/skin","/c/en/slang","/c/en/law","/c/en/lawgiver"],"weight":0.20520999999999978},"num_concepts_raised":10841},{"base_id":60,"kind":"bot_words","i1":4,"i2":8,"sol":{"path":["/c/en/skinning","/c/en/ireland","/c/en/crater","/c/en/volcano","/c/en/stromboli"],"weight":0.21036999999999967},"num_concepts_raised":9101},{"base_id":60,"kind":"bot_words","i1":4,"i2":9,"sol":{"path":["/c/en/skinning","/c/en/skin","/c/en/us","/c/en/mercury","/c/en/hermes"],"weight":0.2185699999999999},"num_concepts_raised":19979},{"base_id":60,"kind":"bot_words","i1":5,"i2":6,"sol":{"path":["/c/en/naysayer","/c/en/nay","/c/en/negative","/c/en/bar","/c/en/mingling"],"weight":0.20269999999999982},"num_concepts_raised":3458},{"base_id":60,"kind":"bot_words","i1":5,"i2":7,"sol":{"path":["/c/en/naysayer","/c/en/gloomleader","/c/en/leader","/c/en/lawgiver"],"weight":0.2029099999999998},"num_concepts_raised":6543},{"base_id":60,"kind":"bot_words","i1":5,"i2":8,"sol":{"path":["/c/en/naysayer","/c/en/technophobe","/c/en/technology","/c/en/cheese","/c/en/stromboli"],"weight":0.2082699999999997},"num_concepts_raised":4839},{"base_id":60,"kind":"bot_words","i1":5,"i2":9,"sol":{"path":["/c/en/naysayer","/c/en/naysay","/c/en/us","/c/en/mercury","/c/en/hermes"],"weight":0.21852999999999992},"num_concepts_raised":15740},{"base_id":60,"kind":"bot_words","i1":6,"i2":7,"sol":{"path":["/c/en/mingling","/c/en/bar","/c/en/law","/c/en/lawgiver"],"weight":0.20513999999999977},"num_concepts_raised":8258},{"base_id":60,"kind":"bot_words","i1":6,"i2":8,"sol":{"path":["/c/en/mingling","/c/en/bar","/c/en/pipe","/c/en/volcano","/c/en/stromboli"],"weight":0.21030999999999966},"num_concepts_raised":6585},{"base_id":60,"kind":"bot_words","i1":6,"i2":9,"sol":{"path":["/c/en/mingling","/c/ja/交流","/c/en/commerce","/c/en/hermes"],"weight":0.2141699999999999},"num_concepts_raised":17429},{"base_id":60,"kind":"bot_words","i1":7,"i2":8,"sol":{"path":["/c/en/lawgiver","/c/en/law","/c/en/slang","/c/en/cheese","/c/en/stromboli"],"weight":0.2107299999999997},"num_concepts_raised":9682},{"base_id":60,"kind":"bot_words","i1":7,"i2":9,"sol":{"path":["/c/en/lawgiver","/c/fa/شارع","/c/en/road","/c/en/hermes"],"weight":0.2153799999999999},"num_concepts_raised":20471},{"base_id":60,"kind":"bot_words","i1":8,"i2":9,"sol":{"path":["/c/en/stromboli","/c/en/volcano","/c/en/planet","/c/en/hermes"],"weight":0.22196999999999978},"num_concepts_raised":18829}],[{"base_id":60,"kind":"top_words","i1":0,"i2":1,"sol":{"path":["/c/en/bears","/c/en/bear","/c/en/us","/c/en/wooly"],"weight":0.2059599999999998},"num_concepts_raised":18256},{"base_id":60,"kind":"top_words","i1":0,"i2":2,"sol":{"path":["/c/en/bears","/c/en/care","/c/en/charge","/c/en/imputation"],"weight":0.20357999999999982},"num_concepts_raised":14776},{"base_id":60,"kind":"top_words","i1":0,"i2":3,"sol":{"path":["/c/en/bears","/c/en/bear","/c/en/animal","/c/en/major","/c/en/brunt"],"weight":0.20497999999999977},"num_concepts_raised":12297},{"base_id":60,"kind":"top_words","i1":0,"i2":4,"sol":{"path":["/c/en/bears","/c/en/bear","/c/en/slang","/c/en/freon","/c/en/chlorofluorocarbon"],"weight":0.20642999999999978},"num_concepts_raised":31911},{"base_id":60,"kind":"top_words","i1":0,"i2":5,"sol":{"path":["/c/en/bears","/c/en/bear","/c/en/acquit","/c/en/exculpate","/c/en/exculpatory"],"weight":0.20602999999999994},"num_concepts_raised":8081},{"base_id":60,"kind":"top_words","i1":0,"i2":6,"sol":{"path":["/c/en/bears","/c/en/mountain","/c/en/structure","/c/en/shoebox"],"weight":0.20269999999999982},"num_concepts_raised":15080},{"base_id":60,"kind":"top_words","i1":0,"i2":7,"sol":{"path":["/c/en/bears","/c/en/bear","/c/en/panda","/c/en/china","/c/en/chyna"],"weight":0.20992999999999978},"num_concepts_raised":8660},{"base_id":60,"kind":"top_words","i1":0,"i2":8,"sol":{"path":["/c/en/bears","/c/en/bear","/c/en/mammal","/c/en/ursus"],"weight":0.21078999999999964},"num_concepts_raised":10489},{"base_id":60,"kind":"top_words","i1":0,"i2":9,"sol":{"path":["/c/en/bears","/c/en/fur","/c/en/human","/c/en/anthropomorphize"],"weight":0.20285999999999982},"num_concepts_raised":12613},{"base_id":60,"kind":"top_words","i1":1,"i2":2,"sol":{"path":["/c/en/wooly","/c/en/us","/c/en/credit","/c/en/impute","/c/en/imputation"],"weight":0.2057299999999998},"num_concepts_raised":18317},{"base_id":60,"kind":"top_words","i1":1,"i2":3,"sol":{"path":["/c/en/wooly","/c/en/us","/c/en/major","/c/en/brunt"],"weight":0.20376999999999978},"num_concepts_raised":15815},{"base_id":60,"kind":"top_words","i1":1,"i2":4,"sol":{"path":["/c/en/wooly","/c/en/us","/c/en/gas","/c/en/freon","/c/en/chlorofluorocarbon"],"weight":0.20541999999999977},"num_concepts_raised":35384},{"base_id":60,"kind":"top_words","i1":1,"i2":5,"sol":{"path":["/c/en/wooly","/c/en/us","/c/en/righteous","/c/en/innocent","/c/en/exculpatory"],"weight":0.20486999999999994},"num_concepts_raised":11618},{"base_id":60,"kind":"top_words","i1":1,"i2":6,"sol":{"path":["/c/en/wooly","/c/en/woolly","/c/en/pejorative","/c/en/shoebox"],"weight":0.20380999999999982},"num_concepts_raised":18400},{"base_id":60,"kind":"top_words","i1":1,"i2":7,"sol":{"path":["/c/en/wooly","/c/en/us","/c/en/u","/c/en/china","/c/en/chyna"],"weight":0.2087999999999998},"num_concepts_raised":12186},{"base_id":60,"kind":"top_words","i1":1,"i2":8,"sol":{"path":["/c/en/wooly","/c/en/sheep","/c/en/mammal","/c/en/ursus"],"weight":0.20839999999999964},"num_concepts_raised":14099},{"base_id":60,"kind":"top_words","i1":1,"i2":9,"sol":{"path":["/c/en/wooly","/c/en/us","/c/en/human","/c/en/anthropomorphize"],"weight":0.20380999999999982},"num_concepts_raised":16111},{"base_id":60,"kind":"top_words","i1":2,"i2":3,"sol":{"path":["/c/en/imputation","/c/en/charge","/c/en/force","/c/en/brunt"],"weight":0.2034799999999998},"num_concepts_raised":12122},{"base_id":60,"kind":"top_words","i1":2,"i2":4,"sol":{"path":["/c/en/imputation","/c/en/impute","/c/en/replace","/c/en/chlorofluorocarbon"],"weight":0.20503999999999978},"num_concepts_raised":31781},{"base_id":60,"kind":"top_words","i1":2,"i2":5,"sol":{"path":["/c/en/imputation","/c/en/guilt","/c/en/exculpate","/c/en/exculpatory"],"weight":0.20447999999999994},"num_concepts_raised":7947},{"base_id":60,"kind":"top_words","i1":2,"i2":6,"sol":{"path":["/c/en/imputation","/c/en/charge","/c/en/cat","/c/en/box","/c/en/shoebox"],"weight":0.2034599999999998},"num_concepts_raised":15029},{"base_id":60,"kind":"top_words","i1":2,"i2":7,"sol":{"path":["/c/en/imputation","/c/en/charge","/c/en/human","/c/en/china","/c/en/chyna"],"weight":0.20848999999999981},"num_concepts_raised":8580},{"base_id":60,"kind":"top_words","i1":2,"i2":8,"sol":{"path":["/c/en/imputation","/c/en/charge","/c/en/pig","/c/en/mammal","/c/en/ursus"],"weight":0.20903999999999964},"num_concepts_raised":10566},{"base_id":60,"kind":"top_words","i1":2,"i2":9,"sol":{"path":["/c/en/imputation","/c/en/impute","/c/en/anthropomorphize"],"weight":0.203},"num_concepts_raised":90},{"base_id":60,"kind":"top_words","i1":3,"i2":4,"sol":{"path":["/c/en/brunt","/c/en/negative","/c/en/chemistry","/c/en/hydrochlorofluorocarbon","/c/en/chlorofluorocarbon"],"weight":0.20428999999999978},"num_concepts_raised":29264},{"base_id":60,"kind":"top_words","i1":3,"i2":5,"sol":{"path":["/c/en/brunt","/c/en/negative","/c/en/perverse","/c/en/innocent","/c/en/exculpatory"],"weight":0.20378999999999997},"num_concepts_raised":5471},{"base_id":60,"kind":"top_words","i1":3,"i2":6,"sol":{"path":["/c/en/brunt","/c/en/negative","/c/en/pejorative","/c/en/shoebox"],"weight":0.2025599999999998},"num_concepts_raised":12538},{"base_id":60,"kind":"top_words","i1":3,"i2":7,"sol":{"path":["/c/en/brunt","/c/en/major","/c/en/music","/c/en/china","/c/en/chyna"],"weight":0.2077199999999998},"num_concepts_raised":6057},{"base_id":60,"kind":"top_words","i1":3,"i2":8,"sol":{"path":["/c/en/brunt","/c/en/major","/c/en/animal","/c/en/mammal","/c/en/ursus"],"weight":0.20827999999999963},"num_concepts_raised":8054},{"base_id":60,"kind":"top_words","i1":3,"i2":9,"sol":{"path":["/c/en/brunt","/c/en/force","/c/en/person","/c/en/characteristic","/c/en/anthropomorphize"],"weight":0.20280999999999982},"num_concepts_raised":10009},{"base_id":60,"kind":"top_words","i1":4,"i2":5,"sol":{"path":["/c/en/chlorofluorocarbon","/c/en/compound","/c/en/simple","/c/en/innocent","/c/en/exculpatory"],"weight":0.20425999999999994},"num_concepts_raised":25064},{"base_id":60,"kind":"top_words","i1":4,"i2":6,"sol":{"path":["/c/en/chlorofluorocarbon","/c/en/atom","/c/en/structure","/c/en/shoebox"],"weight":0.2031099999999998},"num_concepts_raised":32065},{"base_id":60,"kind":"top_words","i1":4,"i2":7,"sol":{"path":["/c/en/chlorofluorocarbon","/c/en/atom","/c/en/disaster","/c/en/china","/c/en/chyna"],"weight":0.20819999999999977},"num_concepts_raised":25649},{"base_id":60,"kind":"top_words","i1":4,"i2":8,"sol":{"path":["/c/en/chlorofluorocarbon","/c/en/class","/c/en/mammal","/c/en/ursus"],"weight":0.20868999999999963},"num_concepts_raised":27630},{"base_id":60,"kind":"top_words","i1":4,"i2":9,"sol":{"path":["/c/en/chlorofluorocarbon","/c/en/class","/c/en/attribute","/c/en/anthropomorphize"],"weight":0.2032299999999998},"num_concepts_raised":29582},{"base_id":60,"kind":"top_words","i1":5,"i2":6,"sol":{"path":["/c/en/exculpatory","/c/en/atory","/c/en/noun","/c/en/box","/c/en/shoebox"],"weight":0.20271999999999996},"num_concepts_raised":8302},{"base_id":60,"kind":"top_words","i1":5,"i2":7,"sol":{"path":["/c/en/exculpatory","/c/en/innocent","/c/en/person","/c/en/china","/c/en/chyna"],"weight":0.20878999999999998},"num_concepts_raised":1764},{"base_id":60,"kind":"top_words","i1":5,"i2":8,"sol":{"path":["/c/en/exculpatory","/c/en/innocent","/c/en/person","/c/en/mammal","/c/en/ursus"],"weight":0.2093399999999998},"num_concepts_raised":3751},{"base_id":60,"kind":"top_words","i1":5,"i2":9,"sol":{"path":["/c/en/exculpatory","/c/en/innocent","/c/en/person","/c/en/characteristic","/c/en/anthropomorphize"],"weight":0.20390999999999998},"num_concepts_raised":5813},{"base_id":60,"kind":"top_words","i1":6,"i2":7,"sol":{"path":["/c/en/shoebox","/c/en/box","/c/en/stuff","/c/en/china","/c/en/chyna"],"weight":0.20765999999999982},"num_concepts_raised":8886},{"base_id":60,"kind":"top_words","i1":6,"i2":8,"sol":{"path":["/c/en/shoebox","/c/en/box","/c/en/cat","/c/en/mammal","/c/en/ursus"],"weight":0.20823999999999965},"num_concepts_raised":10845},{"base_id":60,"kind":"top_words","i1":6,"i2":9,"sol":{"path":["/c/en/shoebox","/c/en/box","/c/en/home","/c/en/human","/c/en/anthropomorphize"],"weight":0.20275999999999983},"num_concepts_raised":12836},{"base_id":60,"kind":"top_words","i1":7,"i2":8,"sol":{"path":["/c/en/chyna","/c/en/china","/c/en/people","/c/en/mammal","/c/en/ursus"],"weight":0.21324999999999966},"num_concepts_raised":4340},{"base_id":60,"kind":"top_words","i1":7,"i2":9,"sol":{"path":["/c/en/chyna","/c/en/china","/c/en/human","/c/en/anthropomorphize"],"weight":0.20774999999999982},"num_concepts_raised":6392},{"base_id":60,"kind":"top_words","i1":8,"i2":9,"sol":{"path":["/c/en/ursus","/c/en/mammal","/c/en/human","/c/en/anthropomorphize"],"weight":0.20829999999999968},"num_concepts_raised":8366}]]