[[{"base_id":110,"kind":"bot_words","i1":0,"i2":1,"sol":{"path":["/c/en/papal","/c/en/papacy","/c/en/period","/c/en/quarantine"],"weight":0.2128699999999998},"num_concepts_raised":25109},{"base_id":110,"kind":"bot_words","i1":0,"i2":2,"sol":{"path":["/c/en/papal","/c/en/pope","/c/en/big","/c/en/big_dipper","/c/en/rollercoaster"],"weight":0.20637999999999995},"num_concepts_raised":4293},{"base_id":110,"kind":"bot_words","i1":0,"i2":3,"sol":{"path":["/c/en/papal","/c/en/pope","/c/en/white_smoke","/c/en/announcement"],"weight":0.20790999999999904},"num_concepts_raised":15733},{"base_id":110,"kind":"bot_words","i1":0,"i2":4,"sol":{"path":["/c/en/papal","/c/en/papacy","/c/en/period","/c/en/gene","/c/en/transgenic"],"weight":0.20535999999999993},"num_concepts_raised":5652},{"base_id":110,"kind":"bot_words","i1":0,"i2":5,"sol":{"path":["/c/en/papal","/c/en/chirograph","/c/en/land","/c/en/fairyland"],"weight":0.20462999999999987},"num_concepts_raised":6583},{"base_id":110,"kind":"bot_words","i1":0,"i2":6,"sol":{"path":["/c/en/papal","/c/en/pope","/c/en/us","/c/en/diarrhea","/c/en/logorrhea"],"weight":0.20576999999999995},"num_concepts_raised":6393},{"base_id":110,"kind":"bot_words","i1":0,"i2":7,"sol":{"path":["/c/en/papal","/c/en/pope","/c/pt/papa","/c/en/pasty"],"weight":0.2106799999999997},"num_concepts_raised":36100},{"base_id":110,"kind":"bot_words","i1":0,"i2":8,"sol":{"path":["/c/en/papal","/c/en/pope","/c/en/historical","/c/en/guberniya"],"weight":0.2045499999999998},"num_concepts_raised":12010},{"base_id":110,"kind":"bot_words","i1":0,"i2":9,"sol":{"path":["/c/en/papal","/c/en/pontifical","/c/en/grandiloquent","/c/en/bombastic"],"weight":0.2074599999999998},"num_concepts_raised":3742},{"base_id":110,"kind":"bot_words","i1":1,"i2":2,"sol":{"path":["/c/en/quarantine","/c/en/computing","/c/en/coaster","/c/en/rollercoaster"],"weight":0.21151999999999987},"num_concepts_raised":25726},{"base_id":110,"kind":"bot_words","i1":1,"i2":3,"sol":{"path":["/c/en/quarantine","/c/en/computing","/c/en/declaration","/c/en/announcement"],"weight":0.21488999999999903},"num_concepts_raised":36550},{"base_id":110,"kind":"bot_words","i1":1,"i2":4,"sol":{"path":["/c/en/quarantine","/c/en/virus","/c/en/organism","/c/en/transgenic"],"weight":0.21079999999999988},"num_concepts_raised":27010},{"base_id":110,"kind":"bot_words","i1":1,"i2":5,"sol":{"path":["/c/en/quarantine","/c/en/desert","/c/en/land","/c/en/fairyland"],"weight":0.21116999999999983},"num_concepts_raised":27927},{"base_id":110,"kind":"bot_words","i1":1,"i2":6,"sol":{"path":["/c/en/quarantine","/c/en/contagious","/c/en/gonorrhea","/c/en/logorrhea"],"weight":0.2140299999999999},"num_concepts_raised":27757},{"base_id":110,"kind":"bot_words","i1":1,"i2":7,"sol":{"path":["/c/en/quarantine","/c/en/computing","/c/en/paste","/c/en/pasty"],"weight":0.21907999999999966},"num_concepts_raised":56745},{"base_id":110,"kind":"bot_words","i1":1,"i2":8,"sol":{"path":["/c/en/quarantine","/c/en/period","/c/en/historical","/c/en/guberniya"],"weight":0.21069999999999972},"num_concepts_raised":33312},{"base_id":110,"kind":"bot_words","i1":1,"i2":9,"sol":{"path":["/c/en/quarantine","/c/en/isolation","/c/en/separated","/c/en/spread_eagle","/c/en/bombastic"],"weight":0.21379999999999977},"num_concepts_raised":25238},{"base_id":110,"kind":"bot_words","i1":2,"i2":3,"sol":{"path":["/c/en/rollercoaster","/c/en/fun","/c/en/news","/c/en/announcement"],"weight":0.20755999999999913},"num_concepts_raised":16386},{"base_id":110,"kind":"bot_words","i1":2,"i2":4,"sol":{"path":["/c/en/rollercoaster","/c/en/roller_coaster","/c/en/diamondback","/c/en/species","/c/en/transgenic"],"weight":0.20565000000000003},"num_concepts_raised":6295},{"base_id":110,"kind":"bot_words","i1":2,"i2":5,"sol":{"path":["/c/en/rollercoaster","/c/en/disneyland","/c/en/land","/c/en/fairyland"],"weight":0.20431999999999995},"num_concepts_raised":7207},{"base_id":110,"kind":"bot_words","i1":2,"i2":6,"sol":{"path":["/c/en/rollercoaster","/c/en/switchback","/c/en/uk","/c/en/diarrhea","/c/en/logorrhea"],"weight":0.20622000000000001},"num_concepts_raised":7021},{"base_id":110,"kind":"bot_words","i1":2,"i2":7,"sol":{"path":["/c/en/rollercoaster","/c/en/coaster","/c/en/slang","/c/en/pasty"],"weight":0.21014999999999978},"num_concepts_raised":36693},{"base_id":110,"kind":"bot_words","i1":2,"i2":8,"sol":{"path":["/c/en/rollercoaster","/c/en/roller_coaster","/c/en/air","/c/en/historical","/c/en/guberniya"],"weight":0.20560999999999988},"num_concepts_raised":12696},{"base_id":110,"kind":"bot_words","i1":2,"i2":9,"sol":{"path":["/c/en/rollercoaster","/c/en/roller_coaster","/c/en/air","/c/en/inflated","/c/en/bombastic"],"weight":0.2066099999999999},"num_concepts_raised":4394},{"base_id":110,"kind":"bot_words","i1":3,"i2":4,"sol":{"path":["/c/en/announcement","/c/en/new","/c/en/hybrid","/c/en/transgenic"],"weight":0.20764999999999914},"num_concepts_raised":17766},{"base_id":110,"kind":"bot_words","i1":3,"i2":5,"sol":{"path":["/c/en/announcement","/c/en/proclamation","/c/la/fatum","/c/en/fairy","/c/en/fairyland"],"weight":0.21181999999999906},"num_concepts_raised":18656},{"base_id":110,"kind":"bot_words","i1":3,"i2":6,"sol":{"path":["/c/en/announcement","/c/en/notice","/c/en/mind","/c/en/psychology","/c/en/logorrhea"],"weight":0.20953999999999914},"num_concepts_raised":18514},{"base_id":110,"kind":"bot_words","i1":3,"i2":7,"sol":{"path":["/c/en/announcement","/c/en/bill","/c/en/slang","/c/en/pasty"],"weight":0.21295999999999893},"num_concepts_raised":47791},{"base_id":110,"kind":"bot_words","i1":3,"i2":8,"sol":{"path":["/c/en/announcement","/c/en/placard","/c/en/historical","/c/en/guberniya"],"weight":0.20667999999999898},"num_concepts_raised":24062},{"base_id":110,"kind":"bot_words","i1":3,"i2":9,"sol":{"path":["/c/en/announcement","/c/en/notice","/c/en/writing","/c/en/grandiloquence","/c/en/bombastic"],"weight":0.21033999999999903},"num_concepts_raised":15891},{"base_id":110,"kind":"bot_words","i1":4,"i2":5,"sol":{"path":["/c/en/transgenic","/c/en/gene","/c/en/diminutive","/c/en/fairyland"],"weight":0.20359999999999995},"num_concepts_raised":8579},{"base_id":110,"kind":"bot_words","i1":4,"i2":6,"sol":{"path":["/c/en/transgenic","/c/en/organism","/c/en/person","/c/en/diarrhea","/c/en/logorrhea"],"weight":0.20444},"num_concepts_raised":8376},{"base_id":110,"kind":"bot_words","i1":4,"i2":7,"sol":{"path":["/c/en/transgenic","/c/en/hybrid","/c/en/pomelo","/c/en/pale","/c/en/pasty"],"weight":0.2125499999999998},"num_concepts_raised":38060},{"base_id":110,"kind":"bot_words","i1":4,"i2":8,"sol":{"path":["/c/en/transgenic","/c/en/hybrid","/c/en/circuit","/c/en/province","/c/en/guberniya"],"weight":0.2042199999999999},"num_concepts_raised":14048},{"base_id":110,"kind":"bot_words","i1":4,"i2":9,"sol":{"path":["/c/en/transgenic","/c/en/hybrid","/c/en/language","/c/en/bombast","/c/en/bombastic"],"weight":0.20714999999999992},"num_concepts_raised":5754},{"base_id":110,"kind":"bot_words","i1":5,"i2":6,"sol":{"path":["/c/en/fairyland","/c/en/fairy","/c/en/person","/c/en/diarrhea","/c/en/logorrhea"],"weight":0.20699999999999996},"num_concepts_raised":9322},{"base_id":110,"kind":"bot_words","i1":5,"i2":7,"sol":{"path":["/c/en/fairyland","/c/en/fairy","/c/en/derogatory","/c/en/pasty"],"weight":0.21188999999999972},"num_concepts_raised":38868},{"base_id":110,"kind":"bot_words","i1":5,"i2":8,"sol":{"path":["/c/en/fairyland","/c/en/land","/c/en/subdivision","/c/en/guberniya"],"weight":0.2035199999999998},"num_concepts_raised":14871},{"base_id":110,"kind":"bot_words","i1":5,"i2":9,"sol":{"path":["/c/en/fairyland","/c/en/fairy","/c/en/derogatory","/c/en/showy","/c/en/bombastic"],"weight":0.20663999999999982},"num_concepts_raised":6689},{"base_id":110,"kind":"bot_words","i1":6,"i2":7,"sol":{"path":["/c/en/logorrhea","/c/en/verbal_diarrhea","/c/en/slang","/c/en/pasty"],"weight":0.20944999999999978},"num_concepts_raised":38494},{"base_id":110,"kind":"bot_words","i1":6,"i2":8,"sol":{"path":["/c/en/logorrhea","/c/en/gonorrhea","/c/en/tract","/c/en/subdivision","/c/en/guberniya"],"weight":0.20430999999999988},"num_concepts_raised":14793},{"base_id":110,"kind":"bot_words","i1":6,"i2":9,"sol":{"path":["/c/en/logorrhea","/c/en/garrulousness","/c/en/garrulous","/c/en/bombastic"],"weight":0.2040699999999999},"num_concepts_raised":6483},{"base_id":110,"kind":"bot_words","i1":7,"i2":8,"sol":{"path":["/c/en/pasty","/c/en/pale","/c/en/historical","/c/en/guberniya"],"weight":0.21147999999999964},"num_concepts_raised":44191},{"base_id":110,"kind":"bot_words","i1":7,"i2":9,"sol":{"path":["/c/en/pasty","/c/en/slang","/c/he/נפוח","/c/en/bombastic"],"weight":0.21023999999999968},"num_concepts_raised":36228},{"base_id":110,"kind":"bot_words","i1":8,"i2":9,"sol":{"path":["/c/en/guberniya","/c/en/historical","/c/en/claptrap","/c/en/bombast","/c/en/bombastic"],"weight":0.20604999999999976},"num_concepts_raised":12159}],[{"base_id":110,"kind":"top_words","i1":0,"i2":1,"sol":{"path":["/c/en/unstick","/c/en/stick","/c/en/bone","/c/en/turbinate_bone","/c/en/turbinate"],"weight":0.20601999999999987},"num_concepts_raised":26022},{"base_id":110,"kind":"top_words","i1":0,"i2":2,"sol":{"path":["/c/en/unstick","/c/en/free","/c/en/drop","/c/en/distil"],"weight":0.20343999999999973},"num_concepts_raised":12847},{"base_id":110,"kind":"top_words","i1":0,"i2":3,"sol":{"path":["/c/en/unstick","/c/en/stick","/c/en/forest","/c/en/california","/c/en/icann"],"weight":0.2088799999999998},"num_concepts_raised":5011},{"base_id":110,"kind":"top_words","i1":0,"i2":4,"sol":{"path":["/c/en/unstick","/c/en/stick","/c/en/slang","/c/en/fish","/c/en/astyanax"],"weight":0.21324999999999983},"num_concepts_raised":8397},{"base_id":110,"kind":"top_words","i1":0,"i2":5,"sol":{"path":["/c/en/unstick","/c/en/stick","/c/en/point","/c/en/multilateral","/c/en/quadripartite"],"weight":0.20484999999999998},"num_concepts_raised":5592},{"base_id":110,"kind":"top_words","i1":0,"i2":6,"sol":{"path":["/c/en/unstick","/c/en/stick","/c/en/bat","/c/en/order","/c/en/brine_shrimp","/c/en/artemia"],"weight":0.2095827999999994},"num_concepts_raised":368525},{"base_id":110,"kind":"top_words","i1":0,"i2":7,"sol":{"path":["/c/en/unstick","/c/en/stick","/c/en/cane","/c/en/canon","/c/en/eucharistic"],"weight":0.20396999999999993},"num_concepts_raised":4850},{"base_id":110,"kind":"top_words","i1":0,"i2":8,"sol":{"path":["/c/en/unstick","/c/en/stick","/c/en/loose","/c/en/loosen"],"weight":0.21928999999999926},"num_concepts_raised":19621},{"base_id":110,"kind":"top_words","i1":0,"i2":9,"sol":{"path":["/c/en/unstick","/c/en/stick","/c/en/loose","/c/en/less","/c/en/jawless"],"weight":0.2036499999999999},"num_concepts_raised":4953},{"base_id":110,"kind":"top_words","i1":1,"i2":2,"sol":{"path":["/c/en/turbinate","/c/en/turbinate_bone","/c/en/bone","/c/en/substance","/c/en/distil"],"weight":0.20570999999999973},"num_concepts_raised":31549},{"base_id":110,"kind":"top_words","i1":1,"i2":3,"sol":{"path":["/c/en/turbinate","/c/en/anatomy","/c/en/corona","/c/en/california","/c/en/icann"],"weight":0.20919999999999975},"num_concepts_raised":23669},{"base_id":110,"kind":"top_words","i1":1,"i2":4,"sol":{"path":["/c/en/turbinate","/c/en/zoology","/c/en/fish","/c/en/astyanax"],"weight":0.21242999999999979},"num_concepts_raised":26857},{"base_id":110,"kind":"top_words","i1":1,"i2":5,"sol":{"path":["/c/en/turbinate","/c/en/zoology","/c/en/treatise","/c/en/quadripartite"],"weight":0.20302999999999993},"num_concepts_raised":24222},{"base_id":110,"kind":"top_words","i1":1,"i2":6,"sol":{"path":["/c/en/turbinate","/c/en/zoology","/c/en/hypoderma","/c/en/arthropod_genus","/c/en/artemia"],"weight":0.20280999999999988},"num_concepts_raised":22704},{"base_id":110,"kind":"top_words","i1":1,"i2":7,"sol":{"path":["/c/en/turbinate","/c/en/anatomy","/c/syc/ܛܒܥܐ","/c/en/eucharistic"],"weight":0.20419999999999988},"num_concepts_raised":23510},{"base_id":110,"kind":"top_words","i1":1,"i2":8,"sol":{"path":["/c/en/turbinate","/c/en/anatomy","/c/ga/bog","/c/en/loosen"],"weight":0.21301999999999927},"num_concepts_raised":38498},{"base_id":110,"kind":"top_words","i1":1,"i2":9,"sol":{"path":["/c/en/turbinate","/c/en/zoology","/c/en/agnathan","/c/en/jawless"],"weight":0.20294999999999982},"num_concepts_raised":23515},{"base_id":110,"kind":"top_words","i1":2,"i2":3,"sol":{"path":["/c/en/distil","/c/en/drop","/c/en/sport","/c/en/los_angeles","/c/en/icann"],"weight":0.20868999999999963},"num_concepts_raised":10592},{"base_id":110,"kind":"top_words","i1":2,"i2":4,"sol":{"path":["/c/en/distil","/c/en/wet","/c/en/fish","/c/en/astyanax"],"weight":0.21292999999999968},"num_concepts_raised":13947},{"base_id":110,"kind":"top_words","i1":2,"i2":5,"sol":{"path":["/c/en/distil","/c/en/drop","/c/en/point","/c/en/multilateral","/c/en/quadripartite"],"weight":0.2046399999999998},"num_concepts_raised":11157},{"base_id":110,"kind":"top_words","i1":2,"i2":6,"sol":{"path":["/c/en/distil","/c/de/destillieren","/c/en/chemistry","/c/en/order","/c/en/brine_shrimp","/c/en/artemia"],"weight":0.2105917999999997},"num_concepts_raised":637131},{"base_id":110,"kind":"top_words","i1":2,"i2":7,"sol":{"path":["/c/en/distil","/c/de/destillieren","/c/en/chemistry","/c/en/fraction","/c/en/eucharistic"],"weight":0.20472999999999975},"num_concepts_raised":10411},{"base_id":110,"kind":"top_words","i1":2,"i2":8,"sol":{"path":["/c/en/distil","/c/en/drop","/c/en/loose","/c/en/loosen"],"weight":0.2191299999999991},"num_concepts_raised":25071},{"base_id":110,"kind":"top_words","i1":2,"i2":9,"sol":{"path":["/c/en/distil","/c/en/drop","/c/en/slang","/c/en/jaw","/c/en/jawless"],"weight":0.2034699999999997},"num_concepts_raised":10530},{"base_id":110,"kind":"top_words","i1":3,"i2":4,"sol":{"path":["/c/en/icann","/c/en/california","/c/en/alfione","/c/en/fish","/c/en/astyanax"],"weight":0.2174399999999997},"num_concepts_raised":6017},{"base_id":110,"kind":"top_words","i1":3,"i2":5,"sol":{"path":["/c/en/icann","/c/en/organisation","/c/en/joint","/c/en/multilateral","/c/en/quadripartite"],"weight":0.20902999999999983},"num_concepts_raised":3211},{"base_id":110,"kind":"top_words","i1":3,"i2":6,"sol":{"path":["/c/en/icann","/c/en/california","/c/en/united_states","/c/en/great_salt_lake","/c/en/brine_shrimp","/c/en/artemia"],"weight":0.2121943999999996},"num_concepts_raised":207671},{"base_id":110,"kind":"top_words","i1":3,"i2":7,"sol":{"path":["/c/en/icann","/c/en/california","/c/en/canyon","/c/en/canon","/c/en/eucharistic"],"weight":0.20814999999999978},"num_concepts_raised":2466},{"base_id":110,"kind":"top_words","i1":3,"i2":8,"sol":{"path":["/c/en/icann","/c/en/california","/c/fr/localités","/c/en/loose","/c/en/loosen"],"weight":0.22347999999999915},"num_concepts_raised":17573},{"base_id":110,"kind":"top_words","i1":3,"i2":9,"sol":{"path":["/c/en/icann","/c/en/organisation","/c/en/body","/c/en/jaw","/c/en/jawless"],"weight":0.20778999999999975},"num_concepts_raised":2582},{"base_id":110,"kind":"top_words","i1":4,"i2":5,"sol":{"path":["/c/en/astyanax","/c/en/fish","/c/en/animal","/c/en/four","/c/en/quadripartite"],"weight":0.21251999999999988},"num_concepts_raised":6605},{"base_id":110,"kind":"top_words","i1":4,"i2":6,"sol":{"path":["/c/en/astyanax","/c/en/fish","/c/en/aquatic","/c/en/brine_shrimp","/c/en/artemia"],"weight":0.2132199999999998},"num_concepts_raised":5058},{"base_id":110,"kind":"top_words","i1":4,"i2":7,"sol":{"path":["/c/en/astyanax","/c/en/fish","/c/en/fillet","/c/en/canon","/c/en/eucharistic"],"weight":0.21249999999999983},"num_concepts_raised":5877},{"base_id":110,"kind":"top_words","i1":4,"i2":8,"sol":{"path":["/c/en/astyanax","/c/en/fish","/c/en/slippery","/c/en/loose","/c/en/loosen"],"weight":0.22780999999999918},"num_concepts_raised":20934},{"base_id":110,"kind":"top_words","i1":4,"i2":9,"sol":{"path":["/c/en/astyanax","/c/en/fish","/c/mul/agnatha","/c/en/jawless"],"weight":0.21223999999999976},"num_concepts_raised":5953},{"base_id":110,"kind":"top_words","i1":5,"i2":6,"sol":{"path":["/c/en/quadripartite","/c/en/divided","/c/en/pyrophorus","/c/en/arthropod_genus","/c/en/artemia"],"weight":0.20280999999999993},"num_concepts_raised":2245},{"base_id":110,"kind":"top_words","i1":5,"i2":7,"sol":{"path":["/c/en/quadripartite","/c/en/quadripartition","/c/en/division","/c/en/fraction","/c/en/eucharistic"],"weight":0.20413999999999996},"num_concepts_raised":3053},{"base_id":110,"kind":"top_words","i1":5,"i2":8,"sol":{"path":["/c/en/quadripartite","/c/en/divided","/c/en/separate","/c/en/loose","/c/en/loosen"],"weight":0.2185799999999993},"num_concepts_raised":18124},{"base_id":110,"kind":"top_words","i1":5,"i2":9,"sol":{"path":["/c/en/quadripartite","/c/en/treatise","/c/en/zoology","/c/en/agnathan","/c/en/jawless"],"weight":0.2028999999999999},"num_concepts_raised":3173},{"base_id":110,"kind":"top_words","i1":6,"i2":7,"sol":{"path":["/c/en/artemia","/c/en/brine_shrimp","/c/en/order","/c/fr/religion","/c/fr/eucharistique","/c/en/eucharistic"],"weight":0.2115381999999999},"num_concepts_raised":205189},{"base_id":110,"kind":"top_words","i1":6,"i2":8,"sol":{"path":["/c/en/artemia","/c/en/arthropod_genus","/c/en/genus","/c/en/ruffle","/c/en/loosen"],"weight":0.21158999999999928},"num_concepts_raised":16615},{"base_id":110,"kind":"top_words","i1":6,"i2":9,"sol":{"path":["/c/en/artemia","/c/en/brine_shrimp","/c/en/crustacean","/c/en/gnathopodite","/c/en/jaw","/c/en/jawless"],"weight":0.20707479999999978},"num_concepts_raised":147926},{"base_id":110,"kind":"top_words","i1":7,"i2":8,"sol":{"path":["/c/en/eucharistic","/c/syc/ܛܒܥܐ","/c/en/coin","/c/en/loose","/c/en/loosen"],"weight":0.21851999999999927},"num_concepts_raised":17403},{"base_id":110,"kind":"top_words","i1":7,"i2":9,"sol":{"path":["/c/en/eucharistic","/c/en/canon","/c/en/use","/c/en/jaw","/c/en/jawless"],"weight":0.2028799999999999},"num_concepts_raised":2432},{"base_id":110,"kind":"top_words","i1":8,"i2":9,"sol":{"path":["/c/en/loosen","/c/en/loose","/c/en/less","/c/en/jawless"],"weight":0.21820999999999924},"num_concepts_raised":17505}]]