[[{"base_id":957,"kind":"bot_words","i1":0,"i2":1,"sol":{"path":["/c/en/taos","/c/en/tao","/c/en/medicine","/c/en/nonspecific"],"weight":0.20292999999999983},"num_concepts_raised":25611},{"base_id":957,"kind":"bot_words","i1":0,"i2":2,"sol":{"path":["/c/en/taos","/c/en/new_mexico","/c/en/snake","/c/en/wind","/c/en/windless"],"weight":0.20407999999999987},"num_concepts_raised":7192},{"base_id":957,"kind":"bot_words","i1":0,"i2":3,"sol":{"path":["/c/en/taos","/c/en/new_mexico","/c/en/bat","/c/en/stick","/c/en/stuck"],"weight":0.20612999999999942},"num_concepts_raised":19299},{"base_id":957,"kind":"bot_words","i1":0,"i2":4,"sol":{"path":["/c/en/taos","/c/en/tao","/c/en/medicine","/c/en/diphtheritic","/c/en/diphtheria"],"weight":0.21217999999999995},"num_concepts_raised":12687},{"base_id":957,"kind":"bot_words","i1":0,"i2":5,"sol":{"path":["/c/en/taos","/c/fr/taos","/c/fr/états_unis","/c/en/grill","/c/en/terrify"],"weight":0.2056399999999997},"num_concepts_raised":9660},{"base_id":957,"kind":"bot_words","i1":0,"i2":6,"sol":{"path":["/c/en/taos","/c/en/new_mexico","/c/en/crystal","/c/en/polymorph"],"weight":0.20303999999999978},"num_concepts_raised":33846},{"base_id":957,"kind":"bot_words","i1":0,"i2":7,"sol":{"path":["/c/en/taos","/c/en/tao","/c/en/chinese","/c/en/chinese_restaurant_syndrome","/c/en/tentatively"],"weight":0.20289999999999986},"num_concepts_raised":3639},{"base_id":957,"kind":"bot_words","i1":0,"i2":8,"sol":{"path":["/c/en/taos","/c/en/tao","/c/en/nature","/c/en/virility","/c/en/virile"],"weight":0.20513999999999982},"num_concepts_raised":18811},{"base_id":957,"kind":"bot_words","i1":0,"i2":9,"sol":{"path":["/c/en/taos","/c/en/new_mexico","/c/en/loving","/c/ga/greannmhar","/c/en/ruffled"],"weight":0.20297999999999988},"num_concepts_raised":3818},{"base_id":957,"kind":"bot_words","i1":1,"i2":2,"sol":{"path":["/c/en/nonspecific","/c/en/disease","/c/en/wind","/c/en/windless"],"weight":0.20412999999999987},"num_concepts_raised":26308},{"base_id":957,"kind":"bot_words","i1":1,"i2":3,"sol":{"path":["/c/en/nonspecific","/c/en/stain","/c/en/permanent","/c/en/stuck"],"weight":0.2046699999999994},"num_concepts_raised":38165},{"base_id":957,"kind":"bot_words","i1":1,"i2":4,"sol":{"path":["/c/en/nonspecific","/c/en/pathology","/c/en/diphtheria"],"weight":0.20400000000000001},"num_concepts_raised":144},{"base_id":957,"kind":"bot_words","i1":1,"i2":5,"sol":{"path":["/c/en/nonspecific","/c/en/stain","/c/es/aterrar","/c/en/terrify"],"weight":0.20565999999999973},"num_concepts_raised":28759},{"base_id":957,"kind":"bot_words","i1":1,"i2":6,"sol":{"path":["/c/en/nonspecific","/c/en/medicine","/c/en/magic","/c/en/polymorph"],"weight":0.20409999999999978},"num_concepts_raised":52423},{"base_id":957,"kind":"bot_words","i1":1,"i2":7,"sol":{"path":["/c/en/nonspecific","/c/fi/epämääräinen","/c/en/uncertain","/c/en/tentative","/c/en/tentatively"],"weight":0.20489999999999983},"num_concepts_raised":22811},{"base_id":957,"kind":"bot_words","i1":1,"i2":8,"sol":{"path":["/c/en/nonspecific","/c/fi/epämääräinen","/c/en/grammar","/c/en/virile"],"weight":0.2052199999999998},"num_concepts_raised":37771},{"base_id":957,"kind":"bot_words","i1":1,"i2":9,"sol":{"path":["/c/en/nonspecific","/c/en/medicine","/c/ga/greannach","/c/en/ruffled"],"weight":0.20302999999999988},"num_concepts_raised":22979},{"base_id":957,"kind":"bot_words","i1":2,"i2":3,"sol":{"path":["/c/en/windless","/c/en/wind","/c/en/move","/c/en/stuck"],"weight":0.20597999999999944},"num_concepts_raised":19924},{"base_id":957,"kind":"bot_words","i1":2,"i2":4,"sol":{"path":["/c/en/windless","/c/en/wind","/c/en/disease","/c/en/diphtheria"],"weight":0.21127999999999997},"num_concepts_raised":13396},{"base_id":957,"kind":"bot_words","i1":2,"i2":5,"sol":{"path":["/c/en/windless","/c/en/calm","/c/en/panic","/c/en/terrify"],"weight":0.20587999999999976},"num_concepts_raised":10351},{"base_id":957,"kind":"bot_words","i1":2,"i2":6,"sol":{"path":["/c/en/windless","/c/en/wind","/c/en/air","/c/en/magic","/c/en/polymorph"],"weight":0.20524999999999982},"num_concepts_raised":34550},{"base_id":957,"kind":"bot_words","i1":2,"i2":7,"sol":{"path":["/c/en/windless","/c/en/calm","/c/en/coy","/c/fr/hésitant","/c/en/tentatively"],"weight":0.20401999999999987},"num_concepts_raised":4366},{"base_id":957,"kind":"bot_words","i1":2,"i2":8,"sol":{"path":["/c/en/windless","/c/en/wind","/c/en/strong","/c/en/virile"],"weight":0.20630999999999983},"num_concepts_raised":19470},{"base_id":957,"kind":"bot_words","i1":2,"i2":9,"sol":{"path":["/c/en/windless","/c/en/calm","/c/en/unruffled","/c/en/ruffled"],"weight":0.2040799999999999},"num_concepts_raised":4487},{"base_id":957,"kind":"bot_words","i1":3,"i2":4,"sol":{"path":["/c/en/stuck","/c/fr/fichu","/c/fr/gorge","/c/fr/diphtérie","/c/en/diphtheria"],"weight":0.21638999999999953},"num_concepts_raised":25451},{"base_id":957,"kind":"bot_words","i1":3,"i2":5,"sol":{"path":["/c/en/stuck","/c/en/move","/c/en/startle","/c/en/terrify"],"weight":0.2076699999999993},"num_concepts_raised":22347},{"base_id":957,"kind":"bot_words","i1":3,"i2":6,"sol":{"path":["/c/en/stuck","/c/en/function","/c/en/biology","/c/en/polymorph"],"weight":0.20500999999999936},"num_concepts_raised":46312},{"base_id":957,"kind":"bot_words","i1":3,"i2":7,"sol":{"path":["/c/en/stuck","/c/nl/vast","/c/ja/仮に","/c/en/tentatively"],"weight":0.20478999999999942},"num_concepts_raised":16485},{"base_id":957,"kind":"bot_words","i1":3,"i2":8,"sol":{"path":["/c/en/stuck","/c/en/stick","/c/en/vigor","/c/en/virile"],"weight":0.20729999999999937},"num_concepts_raised":31392},{"base_id":957,"kind":"bot_words","i1":3,"i2":9,"sol":{"path":["/c/en/stuck","/c/fi/hämmentynyt","/c/en/bothered","/c/en/ruffled"],"weight":0.20479999999999943},"num_concepts_raised":16641},{"base_id":957,"kind":"bot_words","i1":4,"i2":5,"sol":{"path":["/c/en/diphtheria","/c/en/disease","/c/en/attack","/c/en/terrorize","/c/en/terrify"],"weight":0.21422999999999984},"num_concepts_raised":15854},{"base_id":957,"kind":"bot_words","i1":4,"i2":6,"sol":{"path":["/c/en/diphtheria","/c/en/diphtheritic","/c/en/medicine","/c/en/magic","/c/en/polymorph"],"weight":0.21334999999999987},"num_concepts_raised":39936},{"base_id":957,"kind":"bot_words","i1":4,"i2":7,"sol":{"path":["/c/en/diphtheria","/c/en/pathology","/c/en/syndrome","/c/en/chinese_restaurant_syndrome","/c/en/tentatively"],"weight":0.21034999999999993},"num_concepts_raised":9859},{"base_id":957,"kind":"bot_words","i1":4,"i2":8,"sol":{"path":["/c/en/diphtheria","/c/en/pathology","/c/syc/ܢܡܠܐ","/c/en/masculine","/c/en/virile"],"weight":0.2133199999999999},"num_concepts_raised":24977},{"base_id":957,"kind":"bot_words","i1":4,"i2":9,"sol":{"path":["/c/en/diphtheria","/c/en/diphtheritic","/c/en/medicine","/c/ga/greannach","/c/en/ruffled"],"weight":0.21227999999999997},"num_concepts_raised":10034},{"base_id":957,"kind":"bot_words","i1":5,"i2":6,"sol":{"path":["/c/en/terrify","/c/en/terror","/c/en/person","/c/en/magic","/c/en/polymorph"],"weight":0.2073399999999997},"num_concepts_raised":37019},{"base_id":957,"kind":"bot_words","i1":5,"i2":7,"sol":{"path":["/c/en/terrify","/c/fr/affoler","/c/fr/aveugler","/c/fr/provisoirement","/c/en/tentatively"],"weight":0.20476999999999973},"num_concepts_raised":6834},{"base_id":957,"kind":"bot_words","i1":5,"i2":8,"sol":{"path":["/c/en/terrify","/c/en/terrifying","/c/hy/վիթխարի","/c/en/strong","/c/en/virile"],"weight":0.2090599999999997},"num_concepts_raised":21940},{"base_id":957,"kind":"bot_words","i1":5,"i2":9,"sol":{"path":["/c/en/terrify","/c/en/affray","/c/en/ruffle","/c/en/ruffled"],"weight":0.20575999999999975},"num_concepts_raised":6998},{"base_id":957,"kind":"bot_words","i1":6,"i2":7,"sol":{"path":["/c/en/polymorph","/c/en/biology","/c/en/study","/c/zh/試論","/c/en/tentatively"],"weight":0.2031199999999998},"num_concepts_raised":31040},{"base_id":957,"kind":"bot_words","i1":6,"i2":8,"sol":{"path":["/c/en/polymorph","/c/en/chemistry","/c/en/strong","/c/en/virile"],"weight":0.20531999999999975},"num_concepts_raised":45928},{"base_id":957,"kind":"bot_words","i1":6,"i2":9,"sol":{"path":["/c/en/polymorph","/c/en/biology","/c/en/zoology","/c/en/ruffle","/c/en/ruffled"],"weight":0.2041699999999998},"num_concepts_raised":31213},{"base_id":957,"kind":"bot_words","i1":7,"i2":8,"sol":{"path":["/c/en/tentatively","/c/en/tentative","/c/en/trial","/c/en/grammar","/c/en/virile"],"weight":0.2053499999999998},"num_concepts_raised":15991},{"base_id":957,"kind":"bot_words","i1":7,"i2":9,"sol":{"path":["/c/en/tentatively","/c/en/tentative","/c/en/unsettled","/c/en/unsettle","/c/en/ruffle","/c/en/ruffled"],"weight":0.2096789999999998},"num_concepts_raised":118703},{"base_id":957,"kind":"bot_words","i1":8,"i2":9,"sol":{"path":["/c/en/virile","/c/en/strong","/c/en/military","/c/en/ruffle","/c/en/ruffled"],"weight":0.20625999999999983},"num_concepts_raised":16167}],[{"base_id":957,"kind":"top_words","i1":0,"i2":1,"sol":{"path":["/c/en/insubordination","/c/ja/反抗","/c/fr/opposition","/c/fr/astronomie","/c/en/cressida"],"weight":0.2098999999999997},"num_concepts_raised":11421},{"base_id":957,"kind":"top_words","i1":0,"i2":2,"sol":{"path":["/c/en/insubordination","/c/en/subordinate","/c/en/under","/c/en/bone","/c/en/bonefish"],"weight":0.20340999999999987},"num_concepts_raised":4443},{"base_id":957,"kind":"top_words","i1":0,"i2":3,"sol":{"path":["/c/en/insubordination","/c/en/subordinate","/c/en/superior","/c/en/select","/c/en/selector"],"weight":0.20463999999999982},"num_concepts_raised":4857},{"base_id":957,"kind":"top_words","i1":0,"i2":4,"sol":{"path":["/c/en/insubordination","/c/en/resistance","/c/en/military","/c/en/trooper"],"weight":0.2037799999999998},"num_concepts_raised":22993},{"base_id":957,"kind":"top_words","i1":0,"i2":5,"sol":{"path":["/c/en/insubordination","/c/en/employee","/c/en/person","/c/en/hijacker"],"weight":0.20357999999999993},"num_concepts_raised":24139},{"base_id":957,"kind":"top_words","i1":0,"i2":6,"sol":{"path":["/c/en/insubordination","/c/en/employee","/c/en/person","/c/en/commissioner"],"weight":0.21423999999999963},"num_concepts_raised":24314},{"base_id":957,"kind":"top_words","i1":0,"i2":7,"sol":{"path":["/c/en/insubordination","/c/en/subordination","/c/en/coordination","/c/en/chemistry","/c/en/bicarbonate"],"weight":0.21112999999999998},"num_concepts_raised":30158},{"base_id":957,"kind":"top_words","i1":0,"i2":8,"sol":{"path":["/c/en/insubordination","/c/en/defiance","/c/en/iowa","/c/en/slater"],"weight":0.20356999999999992},"num_concepts_raised":5371},{"base_id":957,"kind":"top_words","i1":0,"i2":9,"sol":{"path":["/c/en/insubordination","/c/en/contumacy","/c/en/christianity","/c/en/columba"],"weight":0.21453999999999934},"num_concepts_raised":17033},{"base_id":957,"kind":"top_words","i1":1,"i2":2,"sol":{"path":["/c/en/cressida","/c/fr/astronomie","/c/en/atlas","/c/en/bone","/c/en/bonefish"],"weight":0.20820999999999973},"num_concepts_raised":11238},{"base_id":957,"kind":"top_words","i1":1,"i2":3,"sol":{"path":["/c/en/cressida","/c/en/astronomy","/c/en/superior","/c/en/select","/c/en/selector"],"weight":0.20931999999999967},"num_concepts_raised":11668},{"base_id":957,"kind":"top_words","i1":1,"i2":4,"sol":{"path":["/c/en/cressida","/c/en/planet","/c/syc/ܦܠܝܛܐ","/c/en/survivor","/c/en/trooper"],"weight":0.20940999999999968},"num_concepts_raised":29841},{"base_id":957,"kind":"top_words","i1":1,"i2":5,"sol":{"path":["/c/en/cressida","/c/fr/astronomie","/c/en/space","/c/en/person","/c/en/hijacker"],"weight":0.2084499999999998},"num_concepts_raised":30970},{"base_id":957,"kind":"top_words","i1":1,"i2":6,"sol":{"path":["/c/en/cressida","/c/fr/astronomie","/c/la/io","/c/en/commission","/c/en/commissioner"],"weight":0.2210699999999995},"num_concepts_raised":31301},{"base_id":957,"kind":"top_words","i1":1,"i2":7,"sol":{"path":["/c/en/cressida","/c/en/planet","/c/en/atom","/c/en/bicarbonate"],"weight":0.21466999999999986},"num_concepts_raised":36864},{"base_id":957,"kind":"top_words","i1":1,"i2":8,"sol":{"path":["/c/en/cressida","/c/en/planet","/c/en/terrestrial","/c/en/woodlouse","/c/en/slater"],"weight":0.2093899999999998},"num_concepts_raised":12184},{"base_id":957,"kind":"top_words","i1":1,"i2":9,"sol":{"path":["/c/en/cressida","/c/fr/astronomie","/c/en/constellation","/c/en/columba"],"weight":0.21942999999999924},"num_concepts_raised":23621},{"base_id":957,"kind":"top_words","i1":2,"i2":3,"sol":{"path":["/c/en/bonefish","/c/en/bone","/c/en/like","/c/en/select","/c/en/selector"],"weight":0.2039999999999998},"num_concepts_raised":4675},{"base_id":957,"kind":"top_words","i1":2,"i2":4,"sol":{"path":["/c/en/bonefish","/c/en/grey_ghost","/c/en/australia","/c/en/trooper"],"weight":0.2040399999999998},"num_concepts_raised":22819},{"base_id":957,"kind":"top_words","i1":2,"i2":5,"sol":{"path":["/c/en/bonefish","/c/en/grey_ghost","/c/en/ghost","/c/en/computing","/c/en/hijacker"],"weight":0.20395999999999995},"num_concepts_raised":23995},{"base_id":957,"kind":"top_words","i1":2,"i2":6,"sol":{"path":["/c/en/bonefish","/c/en/bone","/c/en/body","/c/en/commission","/c/en/commissioner"],"weight":0.21571999999999963},"num_concepts_raised":24327},{"base_id":957,"kind":"top_words","i1":2,"i2":7,"sol":{"path":["/c/en/bonefish","/c/en/bone","/c/en/white","/c/en/sodium_bicarbonate","/c/en/bicarbonate"],"weight":0.21151999999999999},"num_concepts_raised":29947},{"base_id":957,"kind":"top_words","i1":2,"i2":8,"sol":{"path":["/c/en/bonefish","/c/en/bone","/c/fr/argot","/c/fr/cloporte","/c/en/slater"],"weight":0.20392999999999994},"num_concepts_raised":5189},{"base_id":957,"kind":"top_words","i1":2,"i2":9,"sol":{"path":["/c/en/bonefish","/c/en/bone","/c/en/animal","/c/en/dove","/c/en/columba"],"weight":0.21670999999999935},"num_concepts_raised":16826},{"base_id":957,"kind":"top_words","i1":3,"i2":4,"sol":{"path":["/c/en/selector","/c/en/picker","/c/en/military","/c/en/trooper"],"weight":0.20329999999999976},"num_concepts_raised":23258},{"base_id":957,"kind":"top_words","i1":3,"i2":5,"sol":{"path":["/c/en/selector","/c/en/option","/c/en/computing","/c/en/hijacker"],"weight":0.2031899999999999},"num_concepts_raised":24319},{"base_id":957,"kind":"top_words","i1":3,"i2":6,"sol":{"path":["/c/en/selector","/c/fr/sélecteur","/c/fr/sport","/c/en/commissioner"],"weight":0.2146899999999996},"num_concepts_raised":24681},{"base_id":957,"kind":"top_words","i1":3,"i2":7,"sol":{"path":["/c/en/selector","/c/en/select","/c/ru/выделить","/c/en/chemistry","/c/en/bicarbonate"],"weight":0.21076999999999996},"num_concepts_raised":30380},{"base_id":957,"kind":"top_words","i1":3,"i2":8,"sol":{"path":["/c/en/selector","/c/en/select","/c/en/superior","/c/en/iowa","/c/en/slater"],"weight":0.2041099999999999},"num_concepts_raised":5610},{"base_id":957,"kind":"top_words","i1":3,"i2":9,"sol":{"path":["/c/en/selector","/c/gv/teiyder","/c/en/politics","/c/en/dove","/c/en/columba"],"weight":0.2167699999999993},"num_concepts_raised":17259},{"base_id":957,"kind":"top_words","i1":4,"i2":5,"sol":{"path":["/c/en/trooper","/c/en/survivor","/c/en/person","/c/en/hijacker"],"weight":0.20429999999999987},"num_concepts_raised":41967},{"base_id":957,"kind":"top_words","i1":4,"i2":6,"sol":{"path":["/c/en/trooper","/c/en/military","/c/en/commission","/c/en/commissioner"],"weight":0.21601999999999957},"num_concepts_raised":42010},{"base_id":957,"kind":"top_words","i1":4,"i2":7,"sol":{"path":["/c/en/trooper","/c/en/policeman","/c/en/chemistry","/c/en/bicarbonate"],"weight":0.20979999999999993},"num_concepts_raised":48474},{"base_id":957,"kind":"top_words","i1":4,"i2":8,"sol":{"path":["/c/en/trooper","/c/en/military","/c/en/occupation","/c/en/slater"],"weight":0.2032199999999999},"num_concepts_raised":23709},{"base_id":957,"kind":"top_words","i1":4,"i2":9,"sol":{"path":["/c/en/trooper","/c/en/us","/c/en/bird","/c/en/columba"],"weight":0.21432999999999933},"num_concepts_raised":35068},{"base_id":957,"kind":"top_words","i1":5,"i2":6,"sol":{"path":["/c/en/hijacker","/c/en/person","/c/en/commissioner"],"weight":0.20600000000000002},"num_concepts_raised":171},{"base_id":957,"kind":"top_words","i1":5,"i2":7,"sol":{"path":["/c/en/hijacker","/c/en/computing","/c/en/atom","/c/en/bicarbonate"],"weight":0.20955000000000007},"num_concepts_raised":49592},{"base_id":957,"kind":"top_words","i1":5,"i2":8,"sol":{"path":["/c/en/hijacker","/c/en/person","/c/en/critic","/c/en/slater"],"weight":0.20308000000000004},"num_concepts_raised":24903},{"base_id":957,"kind":"top_words","i1":5,"i2":9,"sol":{"path":["/c/en/hijacker","/c/en/person","/c/en/saint","/c/en/columba"],"weight":0.21615999999999946},"num_concepts_raised":36385},{"base_id":957,"kind":"top_words","i1":6,"i2":7,"sol":{"path":["/c/en/commissioner","/c/en/member","/c/en/atom","/c/en/bicarbonate"],"weight":0.22013999999999978},"num_concepts_raised":49962},{"base_id":957,"kind":"top_words","i1":6,"i2":8,"sol":{"path":["/c/en/commissioner","/c/en/person","/c/en/critic","/c/en/slater"],"weight":0.21371999999999974},"num_concepts_raised":25203},{"base_id":957,"kind":"top_words","i1":6,"i2":9,"sol":{"path":["/c/en/commissioner","/c/en/person","/c/en/saint","/c/en/columba"],"weight":0.22680999999999915},"num_concepts_raised":36667},{"base_id":957,"kind":"top_words","i1":7,"i2":8,"sol":{"path":["/c/en/bicarbonate","/c/en/sodium_bicarbonate","/c/en/white","/c/en/missouri","/c/en/slater"],"weight":0.21161000000000008},"num_concepts_raised":30916},{"base_id":957,"kind":"top_words","i1":7,"i2":9,"sol":{"path":["/c/en/bicarbonate","/c/en/sodium_bicarbonate","/c/en/white","/c/en/dove","/c/en/columba"],"weight":0.22540999999999947},"num_concepts_raised":42534},{"base_id":957,"kind":"top_words","i1":8,"i2":9,"sol":{"path":["/c/en/slater","/c/en/missouri","/c/en/columbia","/c/en/columba"],"weight":0.21395999999999946},"num_concepts_raised":17738}]]