[[{"base_id":281,"kind":"bot_words","i1":0,"i2":1,"sol":{"path":["/c/en/selectively","/c/en/selective","/c/en/us","/c/en/caucus"],"weight":0.21147999999999983},"num_concepts_raised":16976},{"base_id":281,"kind":"bot_words","i1":0,"i2":2,"sol":{"path":["/c/en/selectively","/c/en/selective","/c/en/us","/c/en/right_on","/c/en/possessing"],"weight":0.2038399999999998},"num_concepts_raised":6815},{"base_id":281,"kind":"bot_words","i1":0,"i2":3,"sol":{"path":["/c/en/selectively","/c/en/selective","/c/en/us","/c/en/country","/c/en/russia","/c/en/kyzyl"],"weight":0.2071551999999998},"num_concepts_raised":139884},{"base_id":281,"kind":"bot_words","i1":0,"i2":4,"sol":{"path":["/c/en/selectively","/c/en/selective","/c/en/ulipristal","/c/en/contraception","/c/en/conception"],"weight":0.20835999999999946},"num_concepts_raised":15758},{"base_id":281,"kind":"bot_words","i1":0,"i2":5,"sol":{"path":["/c/en/selectively","/c/en/selective","/c/en/biology","/c/en/life","/c/en/enliven"],"weight":0.20526999999999979},"num_concepts_raised":10222},{"base_id":281,"kind":"bot_words","i1":0,"i2":6,"sol":{"path":["/c/en/selectively","/c/en/selective","/c/en/get_in","/c/en/uk","/c/en/bist"],"weight":0.20870999999999987},"num_concepts_raised":15751},{"base_id":281,"kind":"bot_words","i1":0,"i2":7,"sol":{"path":["/c/en/selectively","/c/en/selective","/c/en/select","/c/en/quality","/c/en/lawfulness"],"weight":0.2038099999999999},"num_concepts_raised":2695},{"base_id":281,"kind":"bot_words","i1":0,"i2":8,"sol":{"path":["/c/en/selectively","/c/en/selection","/c/en/longer","/c/en/lie","/c/en/untruth"],"weight":0.20576999999999973},"num_concepts_raised":8137},{"base_id":281,"kind":"bot_words","i1":0,"i2":9,"sol":{"path":["/c/en/selectively","/c/en/relational_database","/c/en/normalization","/c/en/influence","/c/en/enchanted"],"weight":0.2036199999999999},"num_concepts_raised":3523},{"base_id":281,"kind":"bot_words","i1":1,"i2":2,"sol":{"path":["/c/en/caucus","/c/en/us","/c/en/right_on","/c/en/possessing"],"weight":0.21063999999999966},"num_concepts_raised":22163},{"base_id":281,"kind":"bot_words","i1":1,"i2":3,"sol":{"path":["/c/en/caucus","/c/en/us","/c/en/country","/c/en/capital_city","/c/en/kyzyl"],"weight":0.21052999999999983},"num_concepts_raised":17483},{"base_id":281,"kind":"bot_words","i1":1,"i2":4,"sol":{"path":["/c/en/caucus","/c/en/us","/c/en/plan","/c/en/conception"],"weight":0.21436999999999937},"num_concepts_raised":30997},{"base_id":281,"kind":"bot_words","i1":1,"i2":5,"sol":{"path":["/c/en/caucus","/c/en/us","/c/en/jazz","/c/en/enliven"],"weight":0.21196999999999966},"num_concepts_raised":25599},{"base_id":281,"kind":"bot_words","i1":1,"i2":6,"sol":{"path":["/c/en/caucus","/c/fr/politique","/c/en/am","/c/en/bist"],"weight":0.21349999999999977},"num_concepts_raised":30054},{"base_id":281,"kind":"bot_words","i1":1,"i2":7,"sol":{"path":["/c/en/caucus","/c/en/us","/c/en/legal","/c/en/legality","/c/en/lawfulness"],"weight":0.2119399999999998},"num_concepts_raised":18168},{"base_id":281,"kind":"bot_words","i1":1,"i2":8,"sol":{"path":["/c/en/caucus","/c/en/us","/c/en/condition","/c/en/untruth"],"weight":0.21156999999999965},"num_concepts_raised":23506},{"base_id":281,"kind":"bot_words","i1":1,"i2":9,"sol":{"path":["/c/en/caucus","/c/en/us","/c/en/spell","/c/en/enchant","/c/en/enchanted"],"weight":0.21356999999999982},"num_concepts_raised":19006},{"base_id":281,"kind":"bot_words","i1":2,"i2":3,"sol":{"path":["/c/en/possessing","/c/en/have","/c/en/capital","/c/en/capital_city","/c/en/kyzyl"],"weight":0.20297999999999977},"num_concepts_raised":7293},{"base_id":281,"kind":"bot_words","i1":2,"i2":4,"sol":{"path":["/c/en/possessing","/c/en/have","/c/en/idea","/c/en/conception"],"weight":0.20847999999999933},"num_concepts_raised":20837},{"base_id":281,"kind":"bot_words","i1":2,"i2":5,"sol":{"path":["/c/en/possessing","/c/en/possessed","/c/en/spirit","/c/en/enliven"],"weight":0.20545999999999962},"num_concepts_raised":15352},{"base_id":281,"kind":"bot_words","i1":2,"i2":6,"sol":{"path":["/c/en/possessing","/c/en/have","/c/en/be","/c/en/bist"],"weight":0.20809999999999973},"num_concepts_raised":20691},{"base_id":281,"kind":"bot_words","i1":2,"i2":7,"sol":{"path":["/c/en/possessing","/c/en/own","/c/en/legal","/c/en/legality","/c/en/lawfulness"],"weight":0.20439999999999975},"num_concepts_raised":7932},{"base_id":281,"kind":"bot_words","i1":2,"i2":8,"sol":{"path":["/c/en/possessing","/c/en/keep","/c/en/condition","/c/en/untruth"],"weight":0.2039799999999996},"num_concepts_raised":13292},{"base_id":281,"kind":"bot_words","i1":2,"i2":9,"sol":{"path":["/c/en/possessing","/c/en/possession","/c/en/enchantment","/c/en/enchanted"],"weight":0.20505999999999974},"num_concepts_raised":8763},{"base_id":281,"kind":"bot_words","i1":3,"i2":4,"sol":{"path":["/c/en/kyzyl","/c/tr/kızıl","/c/en/bright","/c/en/idea","/c/en/conception"],"weight":0.20818999999999943},"num_concepts_raised":16256},{"base_id":281,"kind":"bot_words","i1":3,"i2":5,"sol":{"path":["/c/en/kyzyl","/c/en/capital_city","/c/en/copenhagen","/c/en/spirit","/c/en/enliven"],"weight":0.20526999999999976},"num_concepts_raised":10693},{"base_id":281,"kind":"bot_words","i1":3,"i2":6,"sol":{"path":["/c/en/kyzyl","/c/tr/kızıl","/c/en/dialectal","/c/en/bist"],"weight":0.20770999999999984},"num_concepts_raised":16213},{"base_id":281,"kind":"bot_words","i1":3,"i2":7,"sol":{"path":["/c/en/kyzyl","/c/tr/kızıl","/c/en/bright","/c/en/quality","/c/en/lawfulness"],"weight":0.20273999999999986},"num_concepts_raised":3171},{"base_id":281,"kind":"bot_words","i1":3,"i2":8,"sol":{"path":["/c/en/kyzyl","/c/en/russia","/c/en/orphanage","/c/en/condition","/c/en/untruth"],"weight":0.20375999999999972},"num_concepts_raised":8614},{"base_id":281,"kind":"bot_words","i1":3,"i2":9,"sol":{"path":["/c/en/kyzyl","/c/en/russia","/c/en/star","/c/en/star_struck","/c/en/enchanted"],"weight":0.2046599999999999},"num_concepts_raised":3996},{"base_id":281,"kind":"bot_words","i1":4,"i2":5,"sol":{"path":["/c/en/conception","/c/en/world_picture","/c/en/life","/c/en/enliven"],"weight":0.2078799999999993},"num_concepts_raised":24225},{"base_id":281,"kind":"bot_words","i1":4,"i2":6,"sol":{"path":["/c/en/conception","/c/en/beginning","/c/en/be","/c/en/bist"],"weight":0.2114899999999994},"num_concepts_raised":29798},{"base_id":281,"kind":"bot_words","i1":4,"i2":7,"sol":{"path":["/c/en/conception","/c/en/notion","/c/en/quality","/c/en/lawfulness"],"weight":0.20788999999999944},"num_concepts_raised":16866},{"base_id":281,"kind":"bot_words","i1":4,"i2":8,"sol":{"path":["/c/en/conception","/c/en/image","/c/en/lie","/c/en/untruth"],"weight":0.2104899999999993},"num_concepts_raised":22107},{"base_id":281,"kind":"bot_words","i1":4,"i2":9,"sol":{"path":["/c/en/conception","/c/en/beginning","/c/en/evening","/c/en/enchanted"],"weight":0.2073399999999994},"num_concepts_raised":17702},{"base_id":281,"kind":"bot_words","i1":5,"i2":6,"sol":{"path":["/c/en/enliven","/c/en/life","/c/en/be","/c/en/bist"],"weight":0.20938999999999972},"num_concepts_raised":24258},{"base_id":281,"kind":"bot_words","i1":5,"i2":7,"sol":{"path":["/c/en/enliven","/c/en/animate","/c/en/quality","/c/en/lawfulness"],"weight":0.20666999999999974},"num_concepts_raised":11351},{"base_id":281,"kind":"bot_words","i1":5,"i2":8,"sol":{"path":["/c/en/enliven","/c/en/barnumize","/c/en/falsehood","/c/en/untruth"],"weight":0.20565999999999962},"num_concepts_raised":16733},{"base_id":281,"kind":"bot_words","i1":5,"i2":9,"sol":{"path":["/c/en/enliven","/c/ms/menggembirakan","/c/en/enchant","/c/en/enchanted"],"weight":0.20714999999999972},"num_concepts_raised":12104},{"base_id":281,"kind":"bot_words","i1":6,"i2":7,"sol":{"path":["/c/en/bist","/c/en/uk","/c/en/quality","/c/en/lawfulness"],"weight":0.20777999999999985},"num_concepts_raised":16902},{"base_id":281,"kind":"bot_words","i1":6,"i2":8,"sol":{"path":["/c/en/bist","/c/en/be","/c/en/lie","/c/en/untruth"],"weight":0.2109299999999997},"num_concepts_raised":22183},{"base_id":281,"kind":"bot_words","i1":6,"i2":9,"sol":{"path":["/c/en/bist","/c/en/uk","/c/en/how_do_you_do","/c/fr/enchanté","/c/en/enchanted"],"weight":0.21099999999999985},"num_concepts_raised":17700},{"base_id":281,"kind":"bot_words","i1":7,"i2":8,"sol":{"path":["/c/en/lawfulness","/c/en/quality","/c/en/condition","/c/en/untruth"],"weight":0.2038599999999997},"num_concepts_raised":9221},{"base_id":281,"kind":"bot_words","i1":7,"i2":9,"sol":{"path":["/c/en/lawfulness","/c/en/legality","/c/en/law","/c/en/influence","/c/en/enchanted"],"weight":0.20504999999999984},"num_concepts_raised":4697},{"base_id":281,"kind":"bot_words","i1":8,"i2":9,"sol":{"path":["/c/en/untruth","/c/en/false","/c/en/disenchantment","/c/en/enchanted"],"weight":0.20504999999999973},"num_concepts_raised":10109}],[{"base_id":281,"kind":"top_words","i1":0,"i2":1,"sol":{"path":["/c/en/vincent","/c/en/historical","/c/en/petty","/c/en/picayune"],"weight":0.2030199999999998},"num_concepts_raised":34668},{"base_id":281,"kind":"top_words","i1":0,"i2":2,"sol":{"path":["/c/en/vincent","/c/en/slang","/c/en/guinea","/c/en/guinean"],"weight":0.20564999999999983},"num_concepts_raised":36753},{"base_id":281,"kind":"top_words","i1":0,"i2":3,"sol":{"path":["/c/en/vincent","/c/en/slang","/c/en/law","/c/en/review","/c/en/reviewer"],"weight":0.20504999999999987},"num_concepts_raised":29134},{"base_id":281,"kind":"top_words","i1":0,"i2":4,"sol":{"path":["/c/en/vincent","/c/en/slang","/c/en/dialect","/c/en/hap"],"weight":0.20452999999999977},"num_concepts_raised":45437},{"base_id":281,"kind":"top_words","i1":0,"i2":5,"sol":{"path":["/c/en/vincent","/c/en/victim","/c/en/person","/c/en/critic"],"weight":0.2112599999999996},"num_concepts_raised":42512},{"base_id":281,"kind":"top_words","i1":0,"i2":6,"sol":{"path":["/c/en/vincent","/c/en/slang","/c/zh/吉士","/c/en/laudatory"],"weight":0.20318999999999976},"num_concepts_raised":25812},{"base_id":281,"kind":"top_words","i1":0,"i2":7,"sol":{"path":["/c/en/vincent","/c/en/historical","/c/en/new_guinea","/c/en/papua"],"weight":0.20450999999999991},"num_concepts_raised":33670},{"base_id":281,"kind":"top_words","i1":0,"i2":8,"sol":{"path":["/c/en/vincent","/c/en/slang","/c/en/usa","/c/en/plainview"],"weight":0.20314999999999983},"num_concepts_raised":30133},{"base_id":281,"kind":"top_words","i1":0,"i2":9,"sol":{"path":["/c/en/vincent","/c/en/historical","/c/en/town","/c/en/charlottetown"],"weight":0.20870999999999973},"num_concepts_raised":31620},{"base_id":281,"kind":"top_words","i1":1,"i2":2,"sol":{"path":["/c/en/picayune","/c/en/us","/c/en/guinea","/c/en/guinean"],"weight":0.20522999999999986},"num_concepts_raised":25065},{"base_id":281,"kind":"top_words","i1":1,"i2":3,"sol":{"path":["/c/en/picayune","/c/en/judgment","/c/en/judge","/c/en/review","/c/en/reviewer"],"weight":0.2047699999999999},"num_concepts_raised":17159},{"base_id":281,"kind":"top_words","i1":1,"i2":4,"sol":{"path":["/c/en/picayune","/c/en/fact","/c/en/accident","/c/en/hap"],"weight":0.2042899999999998},"num_concepts_raised":33775},{"base_id":281,"kind":"top_words","i1":1,"i2":5,"sol":{"path":["/c/en/picayune","/c/en/judgment","/c/en/judge","/c/en/critic"],"weight":0.2129699999999996},"num_concepts_raised":30759},{"base_id":281,"kind":"top_words","i1":1,"i2":6,"sol":{"path":["/c/en/picayune","/c/en/us","/c/en/annie_oakley","/c/en/complimentary","/c/en/laudatory"],"weight":0.2038399999999998},"num_concepts_raised":13866},{"base_id":281,"kind":"top_words","i1":1,"i2":7,"sol":{"path":["/c/en/picayune","/c/en/premise","/c/en/state","/c/en/papua_new_guinea","/c/en/papua"],"weight":0.20418999999999993},"num_concepts_raised":21760},{"base_id":281,"kind":"top_words","i1":1,"i2":8,"sol":{"path":["/c/en/picayune","/c/en/us","/c/en/usa","/c/en/plainview"],"weight":0.20277999999999985},"num_concepts_raised":18042},{"base_id":281,"kind":"top_words","i1":1,"i2":9,"sol":{"path":["/c/en/picayune","/c/en/us","/c/en/capital","/c/en/charlottetown"],"weight":0.2082699999999998},"num_concepts_raised":19598},{"base_id":281,"kind":"top_words","i1":2,"i2":3,"sol":{"path":["/c/en/guinean","/c/en/person","/c/en/critic","/c/en/reviewer"],"weight":0.20458999999999994},"num_concepts_raised":18372},{"base_id":281,"kind":"top_words","i1":2,"i2":4,"sol":{"path":["/c/en/guinean","/c/en/person","/c/en/chance","/c/en/hap"],"weight":0.2048499999999998},"num_concepts_raised":35907},{"base_id":281,"kind":"top_words","i1":2,"i2":5,"sol":{"path":["/c/en/guinean","/c/en/person","/c/en/critic"],"weight":0.20400000000000001},"num_concepts_raised":263},{"base_id":281,"kind":"top_words","i1":2,"i2":6,"sol":{"path":["/c/en/guinean","/c/en/person","/c/en/praise","/c/en/laudatory"],"weight":0.2034399999999998},"num_concepts_raised":15006},{"base_id":281,"kind":"top_words","i1":2,"i2":7,"sol":{"path":["/c/en/guinean","/c/en/guinea","/c/en/new_guinea","/c/en/papua"],"weight":0.20678999999999995},"num_concepts_raised":22901},{"base_id":281,"kind":"top_words","i1":2,"i2":8,"sol":{"path":["/c/en/guinean","/c/en/guinea","/c/en/united_states","/c/en/usa","/c/en/plainview"],"weight":0.20560999999999985},"num_concepts_raised":19450},{"base_id":281,"kind":"top_words","i1":2,"i2":9,"sol":{"path":["/c/en/guinean","/c/en/person","/c/en/eponymous","/c/en/prince_edward_island","/c/en/charlottetown"],"weight":0.2128899999999998},"num_concepts_raised":21206},{"base_id":281,"kind":"top_words","i1":3,"i2":4,"sol":{"path":["/c/en/reviewer","/c/en/reader","/c/en/literary","/c/en/hap"],"weight":0.20406999999999983},"num_concepts_raised":28137},{"base_id":281,"kind":"top_words","i1":3,"i2":5,"sol":{"path":["/c/en/reviewer","/c/en/critic"],"weight":0.20500000000000002},"num_concepts_raised":271},{"base_id":281,"kind":"top_words","i1":3,"i2":6,"sol":{"path":["/c/en/reviewer","/c/en/critical","/c/en/laudatory"],"weight":0.202},"num_concepts_raised":115},{"base_id":281,"kind":"top_words","i1":3,"i2":7,"sol":{"path":["/c/en/reviewer","/c/en/review","/c/en/legal","/c/en/pa","/c/en/papua"],"weight":0.20493999999999996},"num_concepts_raised":14889},{"base_id":281,"kind":"top_words","i1":3,"i2":8,"sol":{"path":["/c/en/reviewer","/c/en/review","/c/en/reading","/c/en/county_seat","/c/en/plainview"],"weight":0.20485999999999988},"num_concepts_raised":11448},{"base_id":281,"kind":"top_words","i1":3,"i2":9,"sol":{"path":["/c/en/reviewer","/c/fr/article","/c/en/canada","/c/en/charlottetown"],"weight":0.20919999999999983},"num_concepts_raised":13241},{"base_id":281,"kind":"top_words","i1":4,"i2":5,"sol":{"path":["/c/en/hap","/c/en/literary","/c/en/critical","/c/en/critic"],"weight":0.21376999999999952},"num_concepts_raised":41589},{"base_id":281,"kind":"top_words","i1":4,"i2":6,"sol":{"path":["/c/en/hap","/c/en/literary","/c/en/critical","/c/en/laudatory"],"weight":0.2032699999999997},"num_concepts_raised":24820},{"base_id":281,"kind":"top_words","i1":4,"i2":7,"sol":{"path":["/c/en/hap","/c/en/uk","/c/en/abun","/c/en/papua"],"weight":0.20332999999999984},"num_concepts_raised":32722},{"base_id":281,"kind":"top_words","i1":4,"i2":8,"sol":{"path":["/c/en/hap","/c/en/accident","/c/en/state","/c/en/usa","/c/en/plainview"],"weight":0.20458999999999977},"num_concepts_raised":29198},{"base_id":281,"kind":"top_words","i1":4,"i2":9,"sol":{"path":["/c/en/hap","/c/en/dialect","/c/en/town","/c/en/charlottetown"],"weight":0.2097899999999997},"num_concepts_raised":30769},{"base_id":281,"kind":"top_words","i1":5,"i2":6,"sol":{"path":["/c/en/critic","/c/en/critical","/c/en/laudatory"],"weight":0.20500000000000002},"num_concepts_raised":260},{"base_id":281,"kind":"top_words","i1":5,"i2":7,"sol":{"path":["/c/en/critic","/c/fr/critique","/c/fr/annonce","/c/en/pa","/c/en/papua"],"weight":0.2155099999999997},"num_concepts_raised":28832},{"base_id":281,"kind":"top_words","i1":5,"i2":8,"sol":{"path":["/c/en/critic","/c/en/critical","/c/en/film","/c/en/minnesota","/c/en/plainview"],"weight":0.21343999999999957},"num_concepts_raised":25337},{"base_id":281,"kind":"top_words","i1":5,"i2":9,"sol":{"path":["/c/en/critic","/c/la/censor","/c/en/provincial","/c/en/charlottetown"],"weight":0.21635999999999952},"num_concepts_raised":27067},{"base_id":281,"kind":"top_words","i1":6,"i2":7,"sol":{"path":["/c/en/laudatory","/c/en/complimentary","/c/en/charge","/c/en/historical","/c/en/new_guinea","/c/en/papua"],"weight":0.2105097999999998},"num_concepts_raised":520110},{"base_id":281,"kind":"top_words","i1":6,"i2":8,"sol":{"path":["/c/en/laudatory","/c/en/praise","/c/en/love","/c/en/kentucky","/c/en/plainview"],"weight":0.20299999999999976},"num_concepts_raised":8074},{"base_id":281,"kind":"top_words","i1":6,"i2":9,"sol":{"path":["/c/en/laudatory","/c/en/praise","/c/en/church","/c/en/city","/c/en/charlottetown"],"weight":0.2086199999999997},"num_concepts_raised":9872},{"base_id":281,"kind":"top_words","i1":7,"i2":8,"sol":{"path":["/c/en/papua","/c/en/papua_new_guinea","/c/en/state","/c/en/usa","/c/en/plainview"],"weight":0.20440999999999993},"num_concepts_raised":15933},{"base_id":281,"kind":"top_words","i1":7,"i2":9,"sol":{"path":["/c/en/papua","/c/en/region","/c/en/city","/c/en/charlottetown"],"weight":0.20862999999999987},"num_concepts_raised":17668},{"base_id":281,"kind":"top_words","i1":8,"i2":9,"sol":{"path":["/c/en/plainview","/c/en/county_seat","/c/en/city","/c/en/charlottetown"],"weight":0.20852999999999977},"num_concepts_raised":13680}]]