[[{"base_id":652,"kind":"bot_words","i1":0,"i2":1,"sol":{"path":["/c/en/authenticity","/c/fr/légitimité","/c/fr/politique","/c/en/reshuffle"],"weight":0.20651999999999973},"num_concepts_raised":12727},{"base_id":652,"kind":"bot_words","i1":0,"i2":2,"sol":{"path":["/c/en/authenticity","/c/en/authentication","/c/en/network","/c/en/networking"],"weight":0.20871999999999913},"num_concepts_raised":17514},{"base_id":652,"kind":"bot_words","i1":0,"i2":3,"sol":{"path":["/c/en/authenticity","/c/en/authentic","/c/ja/せいし","/c/en/food","/c/en/chaat"],"weight":0.21102999999999983},"num_concepts_raised":11599},{"base_id":652,"kind":"bot_words","i1":0,"i2":4,"sol":{"path":["/c/en/authenticity","/c/en/authentic","/c/en/origin","/c/en/descent","/c/en/tunisian"],"weight":0.20675999999999972},"num_concepts_raised":8400},{"base_id":652,"kind":"bot_words","i1":0,"i2":5,"sol":{"path":["/c/en/authenticity","/c/en/authentic","/c/en/goods","/c/en/transport","/c/en/conveyor"],"weight":0.20621999999999974},"num_concepts_raised":10869},{"base_id":652,"kind":"bot_words","i1":0,"i2":6,"sol":{"path":["/c/en/authenticity","/c/en/honest","/c/en/guileless","/c/en/indole","/c/en/tryptophan"],"weight":0.21365999999999985},"num_concepts_raised":17125},{"base_id":652,"kind":"bot_words","i1":0,"i2":7,"sol":{"path":["/c/en/authenticity","/c/en/authentication","/c/en/computing","/c/en/skin","/c/en/pore"],"weight":0.21054999999999924},"num_concepts_raised":38688},{"base_id":652,"kind":"bot_words","i1":0,"i2":8,"sol":{"path":["/c/en/authenticity","/c/en/genuine","/c/en/distant","/c/en/vista"],"weight":0.20542999999999972},"num_concepts_raised":11102},{"base_id":652,"kind":"bot_words","i1":0,"i2":9,"sol":{"path":["/c/en/authenticity","/c/en/credit","/c/en/us","/c/en/utilize"],"weight":0.20568999999999965},"num_concepts_raised":22066},{"base_id":652,"kind":"bot_words","i1":1,"i2":2,"sol":{"path":["/c/en/reshuffle","/c/en/post","/c/en/networking"],"weight":0.202},"num_concepts_raised":258},{"base_id":652,"kind":"bot_words","i1":1,"i2":3,"sol":{"path":["/c/en/reshuffle","/c/en/shuffle","/c/en/cut","/c/en/food","/c/en/chaat"],"weight":0.2106699999999998},"num_concepts_raised":15279},{"base_id":652,"kind":"bot_words","i1":1,"i2":4,"sol":{"path":["/c/en/reshuffle","/c/en/shuffle","/c/en/cut","/c/en/human","/c/en/tunisian"],"weight":0.20640999999999968},"num_concepts_raised":12109},{"base_id":652,"kind":"bot_words","i1":1,"i2":5,"sol":{"path":["/c/en/reshuffle","/c/en/rearrange","/c/en/arrangement","/c/en/conveyor"],"weight":0.20367999999999972},"num_concepts_raised":14497},{"base_id":652,"kind":"bot_words","i1":1,"i2":6,"sol":{"path":["/c/en/reshuffle","/c/en/rearrange","/c/en/translate","/c/en/amino_acid","/c/en/tryptophan"],"weight":0.21259999999999982},"num_concepts_raised":20829},{"base_id":652,"kind":"bot_words","i1":1,"i2":7,"sol":{"path":["/c/en/reshuffle","/c/en/government","/c/en/body","/c/en/pore"],"weight":0.2070699999999992},"num_concepts_raised":42271},{"base_id":652,"kind":"bot_words","i1":1,"i2":8,"sol":{"path":["/c/en/reshuffle","/c/en/card_game","/c/en/see","/c/en/view","/c/en/vista"],"weight":0.20668999999999968},"num_concepts_raised":14779},{"base_id":652,"kind":"bot_words","i1":1,"i2":9,"sol":{"path":["/c/en/reshuffle","/c/en/shuffle","/c/en/change","/c/en/utilize"],"weight":0.20652999999999963},"num_concepts_raised":25578},{"base_id":652,"kind":"bot_words","i1":2,"i2":3,"sol":{"path":["/c/en/networking","/c/en/network","/c/en/chat","/c/en/chaat"],"weight":0.21066999999999922},"num_concepts_raised":19952},{"base_id":652,"kind":"bot_words","i1":2,"i2":4,"sol":{"path":["/c/en/networking","/c/en/party","/c/en/human","/c/en/tunisian"],"weight":0.2052599999999991},"num_concepts_raised":16802},{"base_id":652,"kind":"bot_words","i1":2,"i2":5,"sol":{"path":["/c/en/networking","/c/en/encapsulate","/c/en/object","/c/en/conveyor"],"weight":0.20458999999999913},"num_concepts_raised":19074},{"base_id":652,"kind":"bot_words","i1":2,"i2":6,"sol":{"path":["/c/en/networking","/c/en/party","/c/en/food","/c/en/tryptophan"],"weight":0.21133999999999922},"num_concepts_raised":25460},{"base_id":652,"kind":"bot_words","i1":2,"i2":7,"sol":{"path":["/c/en/networking","/c/en/hole_punch","/c/en/hole","/c/en/pore"],"weight":0.20904999999999863},"num_concepts_raised":46603},{"base_id":652,"kind":"bot_words","i1":2,"i2":8,"sol":{"path":["/c/en/networking","/c/en/tunnel","/c/en/passage","/c/en/vista"],"weight":0.20498999999999912},"num_concepts_raised":19348},{"base_id":652,"kind":"bot_words","i1":2,"i2":9,"sol":{"path":["/c/en/networking","/c/en/switch","/c/en/change","/c/en/utilize"],"weight":0.20545999999999903},"num_concepts_raised":30045},{"base_id":652,"kind":"bot_words","i1":3,"i2":4,"sol":{"path":["/c/en/chaat","/c/en/india","/c/en/country","/c/en/tunisia","/c/en/tunisian"],"weight":0.2097299999999998},"num_concepts_raised":10792},{"base_id":652,"kind":"bot_words","i1":3,"i2":5,"sol":{"path":["/c/en/chaat","/c/en/food","/c/en/carry","/c/en/transport","/c/en/conveyor"],"weight":0.20815999999999982},"num_concepts_raised":13268},{"base_id":652,"kind":"bot_words","i1":3,"i2":6,"sol":{"path":["/c/en/chaat","/c/en/food","/c/en/tryptophan"],"weight":0.20600000000000002},"num_concepts_raised":122},{"base_id":652,"kind":"bot_words","i1":3,"i2":7,"sol":{"path":["/c/en/chaat","/c/en/food","/c/en/body","/c/en/pore"],"weight":0.21142999999999929},"num_concepts_raised":40981},{"base_id":652,"kind":"bot_words","i1":3,"i2":8,"sol":{"path":["/c/en/chaat","/c/en/india","/c/en/passage","/c/en/vista"],"weight":0.2083899999999998},"num_concepts_raised":13576},{"base_id":652,"kind":"bot_words","i1":3,"i2":9,"sol":{"path":["/c/en/chaat","/c/en/food","/c/en/digestion","/c/en/utilize"],"weight":0.20877999999999974},"num_concepts_raised":24384},{"base_id":652,"kind":"bot_words","i1":4,"i2":5,"sol":{"path":["/c/en/tunisian","/c/no/tunisiar","/c/en/person","/c/en/object","/c/en/conveyor"],"weight":0.20482999999999968},"num_concepts_raised":10106},{"base_id":652,"kind":"bot_words","i1":4,"i2":6,"sol":{"path":["/c/en/tunisian","/c/en/human","/c/en/essential_amino_acid","/c/en/tryptophan"],"weight":0.21252999999999977},"num_concepts_raised":16329},{"base_id":652,"kind":"bot_words","i1":4,"i2":7,"sol":{"path":["/c/en/tunisian","/c/en/human","/c/en/skin","/c/en/pore"],"weight":0.2082799999999992},"num_concepts_raised":37716},{"base_id":652,"kind":"bot_words","i1":4,"i2":8,"sol":{"path":["/c/en/tunisian","/c/en/descent","/c/en/passage","/c/en/vista"],"weight":0.20412999999999967},"num_concepts_raised":10377},{"base_id":652,"kind":"bot_words","i1":4,"i2":9,"sol":{"path":["/c/en/tunisian","/c/en/human","/c/en/us","/c/en/utilize"],"weight":0.20450999999999964},"num_concepts_raised":21326},{"base_id":652,"kind":"bot_words","i1":5,"i2":6,"sol":{"path":["/c/en/conveyor","/c/en/material","/c/en/milk","/c/en/tryptophan"],"weight":0.20980999999999983},"num_concepts_raised":18790},{"base_id":652,"kind":"bot_words","i1":5,"i2":7,"sol":{"path":["/c/en/conveyor","/c/en/transport","/c/en/body","/c/en/pore"],"weight":0.2066099999999992},"num_concepts_raised":40067},{"base_id":652,"kind":"bot_words","i1":5,"i2":8,"sol":{"path":["/c/en/conveyor","/c/en/object","/c/en/perspective","/c/en/vista"],"weight":0.2037699999999997},"num_concepts_raised":12768},{"base_id":652,"kind":"bot_words","i1":5,"i2":9,"sol":{"path":["/c/en/conveyor","/c/en/transport","/c/en/canada","/c/en/utilize"],"weight":0.20391999999999963},"num_concepts_raised":23611},{"base_id":652,"kind":"bot_words","i1":6,"i2":7,"sol":{"path":["/c/en/tryptophan","/c/en/essential_amino_acid","/c/en/body","/c/en/pore"],"weight":0.21525999999999929},"num_concepts_raised":46355},{"base_id":652,"kind":"bot_words","i1":6,"i2":8,"sol":{"path":["/c/en/tryptophan","/c/en/amino_acid","/c/en/vitamin","/c/en/vision","/c/en/vista"],"weight":0.21364999999999978},"num_concepts_raised":19101},{"base_id":652,"kind":"bot_words","i1":6,"i2":9,"sol":{"path":["/c/en/tryptophan","/c/en/development","/c/en/change","/c/en/utilize"],"weight":0.21058999999999972},"num_concepts_raised":29860},{"base_id":652,"kind":"bot_words","i1":7,"i2":8,"sol":{"path":["/c/en/pore","/c/en/opening","/c/en/vista"],"weight":0.203},"num_concepts_raised":341},{"base_id":652,"kind":"bot_words","i1":7,"i2":9,"sol":{"path":["/c/en/pore","/c/en/nose","/c/en/use","/c/en/utilize"],"weight":0.20905999999999914},"num_concepts_raised":51024},{"base_id":652,"kind":"bot_words","i1":8,"i2":9,"sol":{"path":["/c/en/vista","/c/fr/vue","/c/fr/but","/c/fr/utiliser","/c/en/utilize"],"weight":0.20803999999999961},"num_concepts_raised":24006}],[{"base_id":652,"kind":"top_words","i1":0,"i2":1,"sol":{"path":["/c/en/vintner","/c/en/winemaker"],"weight":0.20700000000000002},"num_concepts_raised":91},{"base_id":652,"kind":"top_words","i1":0,"i2":2,"sol":{"path":["/c/en/vintner","/c/en/wine","/c/en/cabernet_sauvignon","/c/en/cabernet"],"weight":0.2048099999999998},"num_concepts_raised":16483},{"base_id":652,"kind":"top_words","i1":0,"i2":3,"sol":{"path":["/c/en/vintner","/c/en/wine","/c/en/chardonnay"],"weight":0.20500000000000002},"num_concepts_raised":135},{"base_id":652,"kind":"top_words","i1":0,"i2":4,"sol":{"path":["/c/en/vintner","/c/en/winery"],"weight":0.20400000000000001},"num_concepts_raised":151},{"base_id":652,"kind":"top_words","i1":0,"i2":5,"sol":{"path":["/c/en/vintner","/c/en/wine","/c/en/zinfandel"],"weight":0.20400000000000001},"num_concepts_raised":113},{"base_id":652,"kind":"top_words","i1":0,"i2":6,"sol":{"path":["/c/en/vintner","/c/en/wine","/c/en/syrah"],"weight":0.20400000000000001},"num_concepts_raised":117},{"base_id":652,"kind":"top_words","i1":0,"i2":7,"sol":{"path":["/c/en/vintner","/c/en/wine","/c/en/merlot"],"weight":0.20400000000000001},"num_concepts_raised":136},{"base_id":652,"kind":"top_words","i1":0,"i2":8,"sol":{"path":["/c/en/vintner","/c/en/wine"],"weight":0.20600000000000002},"num_concepts_raised":1470},{"base_id":652,"kind":"top_words","i1":0,"i2":9,"sol":{"path":["/c/en/vintner","/c/en/wine","/c/fi/châteauviini","/c/en/chateau"],"weight":0.20347999999999972},"num_concepts_raised":17096},{"base_id":652,"kind":"top_words","i1":1,"i2":2,"sol":{"path":["/c/en/winemaker","/c/en/wine","/c/en/cabernet_sauvignon","/c/en/cabernet"],"weight":0.20917999999999992},"num_concepts_raised":1982},{"base_id":652,"kind":"top_words","i1":1,"i2":3,"sol":{"path":["/c/en/winemaker","/c/en/wine","/c/en/chardonnay"],"weight":0.20700000000000002},"num_concepts_raised":90},{"base_id":652,"kind":"top_words","i1":1,"i2":4,"sol":{"path":["/c/en/winemaker","/c/en/vintner","/c/en/winery"],"weight":0.20700000000000002},"num_concepts_raised":112},{"base_id":652,"kind":"top_words","i1":1,"i2":5,"sol":{"path":["/c/en/winemaker","/c/en/wine","/c/en/zinfandel"],"weight":0.20600000000000002},"num_concepts_raised":68},{"base_id":652,"kind":"top_words","i1":1,"i2":6,"sol":{"path":["/c/en/winemaker","/c/en/wine","/c/en/syrah"],"weight":0.20600000000000002},"num_concepts_raised":72},{"base_id":652,"kind":"top_words","i1":1,"i2":7,"sol":{"path":["/c/en/winemaker","/c/en/wine","/c/en/merlot"],"weight":0.20600000000000002},"num_concepts_raised":91},{"base_id":652,"kind":"top_words","i1":1,"i2":8,"sol":{"path":["/c/en/winemaker","/c/en/wine"],"weight":0.20800000000000002},"num_concepts_raised":1436},{"base_id":652,"kind":"top_words","i1":1,"i2":9,"sol":{"path":["/c/en/winemaker","/c/en/wine","/c/fi/châteauviini","/c/en/chateau"],"weight":0.20784999999999987},"num_concepts_raised":2600},{"base_id":652,"kind":"top_words","i1":2,"i2":3,"sol":{"path":["/c/en/cabernet","/c/en/cabernet_sauvignon","/c/en/grape","/c/en/chardonnay"],"weight":0.21414999999999995},"num_concepts_raised":6584},{"base_id":652,"kind":"top_words","i1":2,"i2":4,"sol":{"path":["/c/en/cabernet","/c/en/cabernet_sauvignon","/c/en/wine","/c/en/winery"],"weight":0.21233999999999986},"num_concepts_raised":15503},{"base_id":652,"kind":"top_words","i1":2,"i2":5,"sol":{"path":["/c/en/cabernet","/c/en/red_wine","/c/en/zinfandel"],"weight":0.20400000000000001},"num_concepts_raised":60},{"base_id":652,"kind":"top_words","i1":2,"i2":6,"sol":{"path":["/c/en/cabernet","/c/en/red_wine","/c/en/syrah"],"weight":0.20400000000000001},"num_concepts_raised":64},{"base_id":652,"kind":"top_words","i1":2,"i2":7,"sol":{"path":["/c/en/cabernet","/c/en/red_wine","/c/en/merlot"],"weight":0.20400000000000001},"num_concepts_raised":83},{"base_id":652,"kind":"top_words","i1":2,"i2":8,"sol":{"path":["/c/en/cabernet","/c/en/red_wine","/c/en/wine"],"weight":0.20800000000000002},"num_concepts_raised":1435},{"base_id":652,"kind":"top_words","i1":2,"i2":9,"sol":{"path":["/c/en/cabernet","/c/en/cabernet_sauvignon","/c/en/wine","/c/fi/châteauviini","/c/en/chateau"],"weight":0.20384999999999992},"num_concepts_raised":1191},{"base_id":652,"kind":"top_words","i1":3,"i2":4,"sol":{"path":["/c/en/chardonnay","/c/en/grape","/c/en/winery"],"weight":0.20800000000000002},"num_concepts_raised":145},{"base_id":652,"kind":"top_words","i1":3,"i2":5,"sol":{"path":["/c/en/chardonnay","/c/en/grape","/c/en/zinfandel"],"weight":0.21000000000000002},"num_concepts_raised":99},{"base_id":652,"kind":"top_words","i1":3,"i2":6,"sol":{"path":["/c/en/chardonnay","/c/en/grape","/c/en/syrah"],"weight":0.21000000000000002},"num_concepts_raised":103},{"base_id":652,"kind":"top_words","i1":3,"i2":7,"sol":{"path":["/c/en/chardonnay","/c/en/grape","/c/en/merlot"],"weight":0.21000000000000002},"num_concepts_raised":121},{"base_id":652,"kind":"top_words","i1":3,"i2":8,"sol":{"path":["/c/en/chardonnay","/c/en/wine"],"weight":0.21000000000000002},"num_concepts_raised":1471},{"base_id":652,"kind":"top_words","i1":3,"i2":9,"sol":{"path":["/c/en/chardonnay","/c/en/wine","/c/fi/châteauviini","/c/en/chateau"],"weight":0.2107199999999999},"num_concepts_raised":7235},{"base_id":652,"kind":"top_words","i1":4,"i2":5,"sol":{"path":["/c/en/winery","/c/en/grape","/c/en/zinfandel"],"weight":0.20800000000000002},"num_concepts_raised":123},{"base_id":652,"kind":"top_words","i1":4,"i2":6,"sol":{"path":["/c/en/winery","/c/en/grape","/c/en/syrah"],"weight":0.20800000000000002},"num_concepts_raised":127},{"base_id":652,"kind":"top_words","i1":4,"i2":7,"sol":{"path":["/c/en/winery","/c/en/grape","/c/en/merlot"],"weight":0.20800000000000002},"num_concepts_raised":146},{"base_id":652,"kind":"top_words","i1":4,"i2":8,"sol":{"path":["/c/en/winery","/c/en/wine"],"weight":0.21000000000000002},"num_concepts_raised":1483},{"base_id":652,"kind":"top_words","i1":4,"i2":9,"sol":{"path":["/c/en/winery","/c/en/wine","/c/fi/châteauviini","/c/en/chateau"],"weight":0.21097999999999978},"num_concepts_raised":16122},{"base_id":652,"kind":"top_words","i1":5,"i2":6,"sol":{"path":["/c/en/zinfandel","/c/en/grape","/c/en/syrah"],"weight":0.21000000000000002},"num_concepts_raised":81},{"base_id":652,"kind":"top_words","i1":5,"i2":7,"sol":{"path":["/c/en/zinfandel","/c/en/grape","/c/en/merlot"],"weight":0.21000000000000002},"num_concepts_raised":99},{"base_id":652,"kind":"top_words","i1":5,"i2":8,"sol":{"path":["/c/en/zinfandel","/c/en/wine"],"weight":0.20800000000000002},"num_concepts_raised":1450},{"base_id":652,"kind":"top_words","i1":5,"i2":9,"sol":{"path":["/c/en/zinfandel","/c/en/wine","/c/fi/châteauviini","/c/en/chateau"],"weight":0.20806999999999984},"num_concepts_raised":4048},{"base_id":652,"kind":"top_words","i1":6,"i2":7,"sol":{"path":["/c/en/syrah","/c/en/grape","/c/en/merlot"],"weight":0.21000000000000002},"num_concepts_raised":103},{"base_id":652,"kind":"top_words","i1":6,"i2":8,"sol":{"path":["/c/en/syrah","/c/en/wine"],"weight":0.20800000000000002},"num_concepts_raised":1455},{"base_id":652,"kind":"top_words","i1":6,"i2":9,"sol":{"path":["/c/en/syrah","/c/en/wine","/c/fi/châteauviini","/c/en/chateau"],"weight":0.2081199999999998},"num_concepts_raised":3829},{"base_id":652,"kind":"top_words","i1":7,"i2":8,"sol":{"path":["/c/en/merlot","/c/en/wine"],"weight":0.20800000000000002},"num_concepts_raised":1472},{"base_id":652,"kind":"top_words","i1":7,"i2":9,"sol":{"path":["/c/en/merlot","/c/en/wine","/c/fi/châteauviini","/c/en/chateau"],"weight":0.20845999999999978},"num_concepts_raised":7647},{"base_id":652,"kind":"top_words","i1":8,"i2":9,"sol":{"path":["/c/en/wine","/c/fi/châteauviini","/c/en/chateau"],"weight":0.20600000000000002},"num_concepts_raised":1438}]]