[[{"base_id":813,"kind":"bot_words","i1":0,"i2":1,"sol":{"path":["/c/en/indignant","/c/en/angry","/c/en/rise","/c/en/present","/c/en/presents"],"weight":0.20686999999999967},"num_concepts_raised":20258},{"base_id":813,"kind":"bot_words","i1":0,"i2":2,"sol":{"path":["/c/en/indignant","/c/en/angry","/c/en/unhealthy","/c/en/food","/c/en/tapenade"],"weight":0.20990999999999968},"num_concepts_raised":14720},{"base_id":813,"kind":"bot_words","i1":0,"i2":3,"sol":{"path":["/c/en/indignant","/c/fr/indigné","/c/fr/politique","/c/fr/pentagone","/c/en/pentagon"],"weight":0.21847999999999967},"num_concepts_raised":19625},{"base_id":813,"kind":"bot_words","i1":0,"i2":4,"sol":{"path":["/c/en/indignant","/c/en/dignified","/c/en/high","/c/en/cloud","/c/en/cirrus"],"weight":0.20721999999999957},"num_concepts_raised":25258},{"base_id":813,"kind":"bot_words","i1":0,"i2":5,"sol":{"path":["/c/en/indignant","/c/en/angry","/c/en/agitated","/c/en/hysterical","/c/en/hysteric"],"weight":0.2079999999999997},"num_concepts_raised":7010},{"base_id":813,"kind":"bot_words","i1":0,"i2":6,"sol":{"path":["/c/en/indignant","/c/en/angry","/c/en/people","/c/en/hebrew","/c/en/hebrews"],"weight":0.21254999999999957},"num_concepts_raised":9786},{"base_id":813,"kind":"bot_words","i1":0,"i2":7,"sol":{"path":["/c/en/indignant","/c/en/dignify","/c/en/distinction","/c/en/superstructure"],"weight":0.20494999999999966},"num_concepts_raised":24456},{"base_id":813,"kind":"bot_words","i1":0,"i2":8,"sol":{"path":["/c/en/indignant","/c/en/angry","/c/pt/nervoso","/c/en/anatomy","/c/en/amnion","/c/en/amniotic"],"weight":0.2136924999999996},"num_concepts_raised":409930},{"base_id":813,"kind":"bot_words","i1":0,"i2":9,"sol":{"path":["/c/en/indignant","/c/en/dignified","/c/en/sad","/c/en/medicine","/c/en/hypochondriasis"],"weight":0.21151999999999976},"num_concepts_raised":21200},{"base_id":813,"kind":"bot_words","i1":1,"i2":2,"sol":{"path":["/c/en/presents","/c/en/party","/c/en/food","/c/en/tapenade"],"weight":0.20925999999999984},"num_concepts_raised":21558},{"base_id":813,"kind":"bot_words","i1":1,"i2":3,"sol":{"path":["/c/en/presents","/c/en/present","/c/en/military","/c/en/pentagon"],"weight":0.21320999999999984},"num_concepts_raised":26558},{"base_id":813,"kind":"bot_words","i1":1,"i2":4,"sol":{"path":["/c/en/presents","/c/en/tree","/c/en/botany","/c/en/cirrus"],"weight":0.20358999999999974},"num_concepts_raised":32239},{"base_id":813,"kind":"bot_words","i1":1,"i2":5,"sol":{"path":["/c/en/presents","/c/en/present","/c/en/medicine","/c/en/hysteria","/c/en/hysteric"],"weight":0.20634999999999987},"num_concepts_raised":14222},{"base_id":813,"kind":"bot_words","i1":1,"i2":6,"sol":{"path":["/c/en/presents","/c/en/party","/c/en/people","/c/en/hebrew","/c/en/hebrews"],"weight":0.21186999999999975},"num_concepts_raised":16967},{"base_id":813,"kind":"bot_words","i1":1,"i2":7,"sol":{"path":["/c/en/presents","/c/en/box","/c/en/structure","/c/en/superstructure"],"weight":0.20550999999999983},"num_concepts_raised":31333},{"base_id":813,"kind":"bot_words","i1":1,"i2":8,"sol":{"path":["/c/en/presents","/c/en/present","/c/en/uterus","/c/en/ruptured_membrane","/c/en/amniotic"],"weight":0.20519999999999988},"num_concepts_raised":14478},{"base_id":813,"kind":"bot_words","i1":1,"i2":9,"sol":{"path":["/c/en/presents","/c/en/present","/c/en/medicine","/c/en/hypochondriasis"],"weight":0.21111999999999995},"num_concepts_raised":28318},{"base_id":813,"kind":"bot_words","i1":2,"i2":3,"sol":{"path":["/c/en/tapenade","/c/en/spread","/c/en/geometry","/c/en/pentagon"],"weight":0.21634999999999982},"num_concepts_raised":21173},{"base_id":813,"kind":"bot_words","i1":2,"i2":4,"sol":{"path":["/c/en/tapenade","/c/en/food","/c/en/process","/c/en/cirrus"],"weight":0.20867999999999975},"num_concepts_raised":26774},{"base_id":813,"kind":"bot_words","i1":2,"i2":5,"sol":{"path":["/c/en/tapenade","/c/en/food","/c/en/organic","/c/en/hysteria","/c/en/hysteric"],"weight":0.20933999999999986},"num_concepts_raised":8617},{"base_id":813,"kind":"bot_words","i1":2,"i2":6,"sol":{"path":["/c/en/tapenade","/c/en/bread","/c/en/log","/c/en/hebrew","/c/en/hebrews"],"weight":0.21592999999999973},"num_concepts_raised":11377},{"base_id":813,"kind":"bot_words","i1":2,"i2":7,"sol":{"path":["/c/en/tapenade","/c/fr/tapenade","/c/fr/base","/c/fr/marine","/c/en/superstructure"],"weight":0.21260999999999983},"num_concepts_raised":25966},{"base_id":813,"kind":"bot_words","i1":2,"i2":8,"sol":{"path":["/c/en/tapenade","/c/en/olive","/c/en/anatomy","/c/en/amnion","/c/en/amniotic"],"weight":0.2104299999999999},"num_concepts_raised":8870},{"base_id":813,"kind":"bot_words","i1":2,"i2":9,"sol":{"path":["/c/en/tapenade","/c/en/spread","/c/fr/médecine","/c/fr/hypocondrie","/c/en/hypochondriasis"],"weight":0.21614999999999995},"num_concepts_raised":22768},{"base_id":813,"kind":"bot_words","i1":3,"i2":4,"sol":{"path":["/c/en/pentagon","/c/en/home","/c/en/cloud","/c/en/cirrus"],"weight":0.21262999999999974},"num_concepts_raised":31606},{"base_id":813,"kind":"bot_words","i1":3,"i2":5,"sol":{"path":["/c/en/pentagon","/c/en/home","/c/en/mother","/c/en/hysteria","/c/en/hysteric"],"weight":0.21216999999999986},"num_concepts_raised":13560},{"base_id":813,"kind":"bot_words","i1":3,"i2":6,"sol":{"path":["/c/en/pentagon","/c/en/building","/c/en/people","/c/en/hebrew","/c/en/hebrews"],"weight":0.21883999999999973},"num_concepts_raised":16307},{"base_id":813,"kind":"bot_words","i1":3,"i2":7,"sol":{"path":["/c/en/pentagon","/c/en/building","/c/en/structure","/c/en/superstructure"],"weight":0.21359999999999982},"num_concepts_raised":30377},{"base_id":813,"kind":"bot_words","i1":3,"i2":8,"sol":{"path":["/c/en/pentagon","/c/en/subpentagonal","/c/en/anatomy","/c/en/amnion","/c/en/amniotic"],"weight":0.21324999999999988},"num_concepts_raised":13815},{"base_id":813,"kind":"bot_words","i1":3,"i2":9,"sol":{"path":["/c/en/pentagon","/c/en/pentagram","/c/en/magic","/c/en/medicine","/c/en/hypochondriasis"],"weight":0.21898999999999996},"num_concepts_raised":27658},{"base_id":813,"kind":"bot_words","i1":4,"i2":5,"sol":{"path":["/c/en/cirrus","/c/en/cloud","/c/en/vapour","/c/en/hysteria","/c/en/hysteric"],"weight":0.20580999999999977},"num_concepts_raised":19151},{"base_id":813,"kind":"bot_words","i1":4,"i2":6,"sol":{"path":["/c/en/cirrus","/c/en/cloud","/c/en/heaven","/c/en/bible","/c/en/hebrews"],"weight":0.21047999999999964},"num_concepts_raised":21919},{"base_id":813,"kind":"bot_words","i1":4,"i2":7,"sol":{"path":["/c/en/cirrus","/c/en/process","/c/en/british","/c/en/superstructure"],"weight":0.20392999999999972},"num_concepts_raised":36417},{"base_id":813,"kind":"bot_words","i1":4,"i2":8,"sol":{"path":["/c/en/cirrus","/c/en/zoology","/c/en/amniotic_fluid","/c/en/amniotic"],"weight":0.2036699999999998},"num_concepts_raised":19366},{"base_id":813,"kind":"bot_words","i1":4,"i2":9,"sol":{"path":["/c/en/cirrus","/c/en/cloud","/c/en/vapour","/c/en/hypochondria","/c/en/hypochondriasis"],"weight":0.21104999999999985},"num_concepts_raised":33199},{"base_id":813,"kind":"bot_words","i1":5,"i2":6,"sol":{"path":["/c/en/hysteric","/c/en/neurotic","/c/en/people","/c/en/hebrew","/c/en/hebrews"],"weight":0.21089999999999978},"num_concepts_raised":3643},{"base_id":813,"kind":"bot_words","i1":5,"i2":7,"sol":{"path":["/c/en/hysteric","/c/en/hysteria","/c/en/disorder","/c/en/structure","/c/en/superstructure"],"weight":0.20663999999999985},"num_concepts_raised":18415},{"base_id":813,"kind":"bot_words","i1":5,"i2":8,"sol":{"path":["/c/en/hysteric","/c/en/hysteria","/c/en/uterus","/c/en/ruptured_membrane","/c/en/amniotic"],"weight":0.20420999999999992},"num_concepts_raised":1123},{"base_id":813,"kind":"bot_words","i1":5,"i2":9,"sol":{"path":["/c/en/hysteric","/c/en/hysteria","/c/en/medicine","/c/en/hypochondriasis"],"weight":0.21011},"num_concepts_raised":15082},{"base_id":813,"kind":"bot_words","i1":6,"i2":7,"sol":{"path":["/c/en/hebrews","/c/en/bible","/c/en/nautical","/c/en/superstructure"],"weight":0.20930999999999972},"num_concepts_raised":21152},{"base_id":813,"kind":"bot_words","i1":6,"i2":8,"sol":{"path":["/c/en/hebrews","/c/fr/anthropologie","/c/fr/biologie","/c/fr/amniotique","/c/en/amniotic"],"weight":0.20985999999999977},"num_concepts_raised":3899},{"base_id":813,"kind":"bot_words","i1":6,"i2":9,"sol":{"path":["/c/en/hebrews","/c/en/hebrew","/c/en/core","/c/en/medicine","/c/en/hypochondriasis"],"weight":0.21672999999999987},"num_concepts_raised":17872},{"base_id":813,"kind":"bot_words","i1":7,"i2":8,"sol":{"path":["/c/en/superstructure","/c/en/structure","/c/en/anatomical_structure","/c/en/amnion","/c/en/amniotic"],"weight":0.20770999999999987},"num_concepts_raised":18661},{"base_id":813,"kind":"bot_words","i1":7,"i2":9,"sol":{"path":["/c/en/superstructure","/c/en/structure","/c/en/bridge","/c/en/medicine","/c/en/hypochondriasis"],"weight":0.21148999999999996},"num_concepts_raised":32499},{"base_id":813,"kind":"bot_words","i1":8,"i2":9,"sol":{"path":["/c/en/amniotic","/c/en/amnion","/c/en/amniocentesis","/c/en/medicine","/c/en/hypochondriasis"],"weight":0.21122000000000002},"num_concepts_raised":15351}],[{"base_id":813,"kind":"top_words","i1":0,"i2":1,"sol":{"path":["/c/en/cultivable","/c/no/dyrkbar","/c/en/arable"],"weight":0.20400000000000001},"num_concepts_raised":130},{"base_id":813,"kind":"top_words","i1":0,"i2":2,"sol":{"path":["/c/en/cultivable","/c/en/farm","/c/en/produce","/c/en/print","/c/en/republish"],"weight":0.20290999999999992},"num_concepts_raised":7252},{"base_id":813,"kind":"top_words","i1":0,"i2":3,"sol":{"path":["/c/en/cultivable","/c/en/farm","/c/en/land_agent","/c/en/undeveloped"],"weight":0.20324999999999985},"num_concepts_raised":8317},{"base_id":813,"kind":"top_words","i1":0,"i2":4,"sol":{"path":["/c/en/cultivable","/c/zh/可耕地","/c/en/land"],"weight":0.20500000000000002},"num_concepts_raised":2077},{"base_id":813,"kind":"top_words","i1":0,"i2":5,"sol":{"path":["/c/en/cultivable","/c/en/farm","/c/en/grain","/c/en/crystal","/c/en/polycrystalline"],"weight":0.20289999999999997},"num_concepts_raised":4695},{"base_id":813,"kind":"top_words","i1":0,"i2":6,"sol":{"path":["/c/en/cultivable","/c/en/farm","/c/en/side","/c/en/surface"],"weight":0.2318499999999954},"num_concepts_raised":162317},{"base_id":813,"kind":"top_words","i1":0,"i2":7,"sol":{"path":["/c/en/cultivable","/c/en/cultivatable","/c/en/uncultivatable","/c/en/uncultivated"],"weight":0.20578999999999975},"num_concepts_raised":8571},{"base_id":813,"kind":"top_words","i1":0,"i2":8,"sol":{"path":["/c/en/cultivable","/c/en/farm","/c/en/food","/c/en/bread","/c/en/unleavened"],"weight":0.20382999999999998},"num_concepts_raised":5527},{"base_id":813,"kind":"top_words","i1":0,"i2":9,"sol":{"path":["/c/en/cultivable","/c/zh/可耕地","/c/en/land","/c/en/domain","/c/en/holomorphic"],"weight":0.20398999999999995},"num_concepts_raised":2732},{"base_id":813,"kind":"top_words","i1":1,"i2":2,"sol":{"path":["/c/en/arable","/c/en/production","/c/en/law","/c/en/republish"],"weight":0.20409999999999967},"num_concepts_raised":24228},{"base_id":813,"kind":"top_words","i1":1,"i2":3,"sol":{"path":["/c/en/arable","/c/en/land","/c/en/fallow","/c/en/undeveloped"],"weight":0.20480999999999958},"num_concepts_raised":25129},{"base_id":813,"kind":"top_words","i1":1,"i2":4,"sol":{"path":["/c/en/arable","/c/en/land"],"weight":0.20400000000000001},"num_concepts_raised":2153},{"base_id":813,"kind":"top_words","i1":1,"i2":5,"sol":{"path":["/c/en/arable","/c/en/production","/c/en/salicylic_acid","/c/en/crystalline","/c/en/polycrystalline"],"weight":0.20503999999999972},"num_concepts_raised":21788},{"base_id":813,"kind":"top_words","i1":1,"i2":6,"sol":{"path":["/c/en/arable","/c/en/land","/c/en/surface"],"weight":0.20400000000000001},"num_concepts_raised":1641},{"base_id":813,"kind":"top_words","i1":1,"i2":7,"sol":{"path":["/c/en/arable","/c/en/agricultural","/c/en/uncultivated"],"weight":0.202},"num_concepts_raised":216},{"base_id":813,"kind":"top_words","i1":1,"i2":8,"sol":{"path":["/c/en/arable","/c/en/land","/c/en/stale","/c/ru/пресный","/c/en/unleavened"],"weight":0.2059799999999997},"num_concepts_raised":22579},{"base_id":813,"kind":"top_words","i1":1,"i2":9,"sol":{"path":["/c/en/arable","/c/en/land","/c/en/domain","/c/en/holomorphic"],"weight":0.20441999999999969},"num_concepts_raised":19829},{"base_id":813,"kind":"top_words","i1":2,"i2":3,"sol":{"path":["/c/en/republish","/c/en/law","/c/en/social","/c/en/undeveloped"],"weight":0.20324999999999968},"num_concepts_raised":12233},{"base_id":813,"kind":"top_words","i1":2,"i2":4,"sol":{"path":["/c/en/republish","/c/en/law","/c/en/field","/c/en/land"],"weight":0.24179000000000384},"num_concepts_raised":200845},{"base_id":813,"kind":"top_words","i1":2,"i2":5,"sol":{"path":["/c/en/republish","/c/en/print","/c/en/orientation","/c/en/polycrystalline"],"weight":0.20277999999999982},"num_concepts_raised":8635},{"base_id":813,"kind":"top_words","i1":2,"i2":6,"sol":{"path":["/c/en/republish","/c/en/print","/c/en/surface"],"weight":0.20400000000000001},"num_concepts_raised":1556},{"base_id":813,"kind":"top_words","i1":2,"i2":7,"sol":{"path":["/c/en/republish","/c/en/law","/c/en/waste","/c/en/uncultivated"],"weight":0.2038699999999996},"num_concepts_raised":12575},{"base_id":813,"kind":"top_words","i1":2,"i2":8,"sol":{"path":["/c/en/republish","/c/en/publish","/c/zh/發","/c/en/leavened","/c/en/unleavened"],"weight":0.2045299999999998},"num_concepts_raised":9484},{"base_id":813,"kind":"top_words","i1":2,"i2":9,"sol":{"path":["/c/en/republish","/c/en/law","/c/en/mathematics","/c/en/complex_analysis","/c/en/holomorphic"],"weight":0.2041299999999998},"num_concepts_raised":6681},{"base_id":813,"kind":"top_words","i1":3,"i2":4,"sol":{"path":["/c/en/undeveloped","/c/en/concession_road","/c/en/land"],"weight":0.20400000000000001},"num_concepts_raised":2125},{"base_id":813,"kind":"top_words","i1":3,"i2":5,"sol":{"path":["/c/en/undeveloped","/c/en/matter","/c/en/substance","/c/en/crystalline","/c/en/polycrystalline"],"weight":0.20423999999999973},"num_concepts_raised":9738},{"base_id":813,"kind":"top_words","i1":3,"i2":6,"sol":{"path":["/c/en/undeveloped","/c/ru/примитив","/c/en/object","/c/en/surface"],"weight":0.23174999999999515},"num_concepts_raised":166256},{"base_id":813,"kind":"top_words","i1":3,"i2":7,"sol":{"path":["/c/en/undeveloped","/c/en/bush","/c/en/uncultivated"],"weight":0.202},"num_concepts_raised":165},{"base_id":813,"kind":"top_words","i1":3,"i2":8,"sol":{"path":["/c/en/undeveloped","/c/en/used","/c/en/cake","/c/en/unleavened"],"weight":0.2039199999999997},"num_concepts_raised":10561},{"base_id":813,"kind":"top_words","i1":3,"i2":9,"sol":{"path":["/c/en/undeveloped","/c/en/backward","/c/en/normal","/c/en/complex_analysis","/c/en/holomorphic"],"weight":0.2043999999999997},"num_concepts_raised":7796},{"base_id":813,"kind":"top_words","i1":4,"i2":5,"sol":{"path":["/c/en/land","/c/en/state","/c/en/random","/c/en/polycrystalline"],"weight":0.23883000000000393},"num_concepts_raised":198979},{"base_id":813,"kind":"top_words","i1":4,"i2":6,"sol":{"path":["/c/en/land","/c/en/surface"],"weight":0.20600000000000002},"num_concepts_raised":3534},{"base_id":813,"kind":"top_words","i1":4,"i2":7,"sol":{"path":["/c/en/land","/c/en/fallow","/c/en/uncultivated"],"weight":0.20400000000000001},"num_concepts_raised":2149},{"base_id":813,"kind":"top_words","i1":4,"i2":8,"sol":{"path":["/c/en/land","/c/en/water","/c/en/bread","/c/en/unleavened"],"weight":0.2420400000000039},"num_concepts_raised":199715},{"base_id":813,"kind":"top_words","i1":4,"i2":9,"sol":{"path":["/c/en/land","/c/en/domain","/c/en/holomorphic"],"weight":0.20400000000000001},"num_concepts_raised":2094},{"base_id":813,"kind":"top_words","i1":5,"i2":6,"sol":{"path":["/c/en/polycrystalline","/c/en/crystal","/c/en/solid","/c/en/surface"],"weight":0.2293299999999953},"num_concepts_raised":163558},{"base_id":813,"kind":"top_words","i1":5,"i2":7,"sol":{"path":["/c/en/polycrystalline","/c/en/crystal","/c/en/time","/c/en/waste","/c/en/uncultivated"],"weight":0.20387999999999962},"num_concepts_raised":10087},{"base_id":813,"kind":"top_words","i1":5,"i2":8,"sol":{"path":["/c/en/polycrystalline","/c/en/crystalline","/c/en/substance","/c/en/leaven","/c/en/unleavened"],"weight":0.20448999999999984},"num_concepts_raised":6932},{"base_id":813,"kind":"top_words","i1":5,"i2":9,"sol":{"path":["/c/en/polycrystalline","/c/en/aggregate","/c/en/mathematics","/c/en/complex_analysis","/c/en/holomorphic"],"weight":0.20405999999999985},"num_concepts_raised":4116},{"base_id":813,"kind":"top_words","i1":6,"i2":7,"sol":{"path":["/c/en/surface","/c/en/outside","/c/lt/laukinis","/c/en/uncultivated"],"weight":0.23225999999999508},"num_concepts_raised":166721},{"base_id":813,"kind":"top_words","i1":6,"i2":8,"sol":{"path":["/c/en/surface","/c/en/outside","/c/en/bread","/c/en/unleavened"],"weight":0.23239999999999528},"num_concepts_raised":164413},{"base_id":813,"kind":"top_words","i1":6,"i2":9,"sol":{"path":["/c/en/surface","/c/en/face","/c/en/quasiregular","/c/en/holomorphic"],"weight":0.23033999999999527},"num_concepts_raised":161858},{"base_id":813,"kind":"top_words","i1":7,"i2":8,"sol":{"path":["/c/en/uncultivated","/c/en/fallow","/c/en/stale","/c/ru/пресный","/c/en/unleavened"],"weight":0.20546999999999963},"num_concepts_raised":10889},{"base_id":813,"kind":"top_words","i1":7,"i2":9,"sol":{"path":["/c/en/uncultivated","/c/en/waste","/c/en/land","/c/en/domain","/c/en/holomorphic"],"weight":0.20404999999999962},"num_concepts_raised":8134},{"base_id":813,"kind":"top_words","i1":8,"i2":9,"sol":{"path":["/c/en/unleavened","/c/en/yeast","/c/fr/champignon","/c/fr/holomorphe","/c/en/holomorphic"],"weight":0.20464999999999983},"num_concepts_raised":4979}]]