[[{"base_id":433,"kind":"bot_words","i1":0,"i2":1,"sol":{"path":["/c/en/parenthood","/c/en/parent","/c/en/father","/c/en/pastor"],"weight":0.2117599999999993},"num_concepts_raised":53560},{"base_id":433,"kind":"bot_words","i1":0,"i2":2,"sol":{"path":["/c/en/parenthood","/c/fr/parenté","/c/fr/côté","/c/fr/planquer","/c/en/stash"],"weight":0.20556999999999975},"num_concepts_raised":14185},{"base_id":433,"kind":"bot_words","i1":0,"i2":3,"sol":{"path":["/c/en/parenthood","/c/en/state","/c/en/audience","/c/en/offstage"],"weight":0.20327999999999988},"num_concepts_raised":11429},{"base_id":433,"kind":"bot_words","i1":0,"i2":4,"sol":{"path":["/c/en/parenthood","/c/en/state","/c/en/area","/c/en/soccer"],"weight":0.21550999999999726},"num_concepts_raised":82586},{"base_id":433,"kind":"bot_words","i1":0,"i2":5,"sol":{"path":["/c/en/parenthood","/c/en/parent","/c/en/sheep","/c/en/scotland","/c/en/gers"],"weight":0.2093399999999998},"num_concepts_raised":11792},{"base_id":433,"kind":"bot_words","i1":0,"i2":6,"sol":{"path":["/c/en/parenthood","/c/en/state","/c/en/water","/c/en/freeboard"],"weight":0.20313999999999988},"num_concepts_raised":18920},{"base_id":433,"kind":"bot_words","i1":0,"i2":7,"sol":{"path":["/c/en/parenthood","/c/en/state","/c/en/tyrol"],"weight":0.202},"num_concepts_raised":90},{"base_id":433,"kind":"bot_words","i1":0,"i2":8,"sol":{"path":["/c/en/parenthood","/c/en/state","/c/en/life","/c/grc/ζωη","/c/en/zoetrope"],"weight":0.20820999999999978},"num_concepts_raised":5300},{"base_id":433,"kind":"bot_words","i1":0,"i2":9,"sol":{"path":["/c/en/parenthood","/c/en/state","/c/en/india","/c/en/tripura"],"weight":0.20842999999999978},"num_concepts_raised":8786},{"base_id":433,"kind":"bot_words","i1":1,"i2":2,"sol":{"path":["/c/en/pastor","/c/en/congregation","/c/en/collection","/c/en/stash"],"weight":0.21463999999999922},"num_concepts_raised":57470},{"base_id":433,"kind":"bot_words","i1":1,"i2":3,"sol":{"path":["/c/en/pastor","/c/en/stage","/c/en/offstage"],"weight":0.20500000000000002},"num_concepts_raised":213},{"base_id":433,"kind":"bot_words","i1":1,"i2":4,"sol":{"path":["/c/en/pastor","/c/en/pk","/c/en/football","/c/en/soccer"],"weight":0.23012999999999662},"num_concepts_raised":122999},{"base_id":433,"kind":"bot_words","i1":1,"i2":5,"sol":{"path":["/c/en/pastor","/c/en/sheep","/c/en/scotland","/c/en/gers"],"weight":0.21529999999999927},"num_concepts_raised":55280},{"base_id":433,"kind":"bot_words","i1":1,"i2":6,"sol":{"path":["/c/en/pastor","/c/en/person","/c/en/water","/c/en/freeboard"],"weight":0.2102599999999993},"num_concepts_raised":61953},{"base_id":433,"kind":"bot_words","i1":1,"i2":7,"sol":{"path":["/c/en/pastor","/c/en/person","/c/en/chief","/c/en/tyrol"],"weight":0.21056999999999929},"num_concepts_raised":56602},{"base_id":433,"kind":"bot_words","i1":1,"i2":8,"sol":{"path":["/c/en/pastor","/c/en/church","/c/en/historical","/c/en/magic_lantern","/c/en/zoetrope"],"weight":0.21758999999999923},"num_concepts_raised":49053},{"base_id":433,"kind":"bot_words","i1":1,"i2":9,"sol":{"path":["/c/en/pastor","/c/en/person","/c/en/education","/c/en/tripura"],"weight":0.21543999999999924},"num_concepts_raised":52364},{"base_id":433,"kind":"bot_words","i1":2,"i2":3,"sol":{"path":["/c/en/stash","/c/en/hide","/c/en/visible","/c/en/offstage"],"weight":0.20331999999999978},"num_concepts_raised":15331},{"base_id":433,"kind":"bot_words","i1":2,"i2":4,"sol":{"path":["/c/en/stash","/c/en/nut","/c/en/ball","/c/en/soccer"],"weight":0.21732999999999714},"num_concepts_raised":86058},{"base_id":433,"kind":"bot_words","i1":2,"i2":5,"sol":{"path":["/c/en/stash","/c/en/nut","/c/en/scotland","/c/en/gers"],"weight":0.20820999999999973},"num_concepts_raised":15705},{"base_id":433,"kind":"bot_words","i1":2,"i2":6,"sol":{"path":["/c/en/stash","/c/en/nut","/c/en/nautical","/c/en/freeboard"],"weight":0.20302999999999977},"num_concepts_raised":22749},{"base_id":433,"kind":"bot_words","i1":2,"i2":7,"sol":{"path":["/c/en/stash","/c/en/collection","/c/en/europe","/c/en/tyrol"],"weight":0.2033099999999997},"num_concepts_raised":17740},{"base_id":433,"kind":"bot_words","i1":2,"i2":8,"sol":{"path":["/c/en/stash","/c/en/hide","/c/en/historical","/c/en/magic_lantern","/c/en/zoetrope"],"weight":0.2083299999999997},"num_concepts_raised":9240},{"base_id":433,"kind":"bot_words","i1":2,"i2":9,"sol":{"path":["/c/en/stash","/c/en/hide","/c/en/earth","/c/en/india","/c/en/tripura"],"weight":0.20854999999999968},"num_concepts_raised":12749},{"base_id":433,"kind":"bot_words","i1":3,"i2":4,"sol":{"path":["/c/en/offstage","/c/en/life","/c/en/game","/c/en/soccer"],"weight":0.21658999999999728},"num_concepts_raised":83603},{"base_id":433,"kind":"bot_words","i1":3,"i2":5,"sol":{"path":["/c/en/offstage","/c/en/stage","/c/en/dancing","/c/en/france","/c/en/gers"],"weight":0.20904999999999985},"num_concepts_raised":13019},{"base_id":433,"kind":"bot_words","i1":3,"i2":6,"sol":{"path":["/c/en/offstage","/c/en/stage","/c/en/level","/c/en/freeboard"],"weight":0.20385999999999987},"num_concepts_raised":19980},{"base_id":433,"kind":"bot_words","i1":3,"i2":7,"sol":{"path":["/c/en/offstage","/c/en/audience","/c/en/state","/c/en/tyrol"],"weight":0.20312999999999987},"num_concepts_raised":14983},{"base_id":433,"kind":"bot_words","i1":3,"i2":8,"sol":{"path":["/c/en/offstage","/c/en/life","/c/grc/ζωη","/c/en/zoetrope"],"weight":0.20786999999999983},"num_concepts_raised":6508},{"base_id":433,"kind":"bot_words","i1":3,"i2":9,"sol":{"path":["/c/en/offstage","/c/en/stage","/c/en/up","/c/en/india","/c/en/tripura"],"weight":0.2092099999999998},"num_concepts_raised":10019},{"base_id":433,"kind":"bot_words","i1":4,"i2":5,"sol":{"path":["/c/en/soccer","/c/en/europe","/c/en/scotland","/c/en/gers"],"weight":0.2213099999999972},"num_concepts_raised":84138},{"base_id":433,"kind":"bot_words","i1":4,"i2":6,"sol":{"path":["/c/en/soccer","/c/en/sport","/c/en/skateboard","/c/en/freeboard"],"weight":0.21650999999999726},"num_concepts_raised":90106},{"base_id":433,"kind":"bot_words","i1":4,"i2":7,"sol":{"path":["/c/en/soccer","/c/en/europe","/c/en/tyrol"],"weight":0.203},"num_concepts_raised":987},{"base_id":433,"kind":"bot_words","i1":4,"i2":8,"sol":{"path":["/c/en/soccer","/c/en/ball","/c/en/software","/c/en/magic_lantern","/c/en/zoetrope"],"weight":0.2221199999999972},"num_concepts_raised":78213},{"base_id":433,"kind":"bot_words","i1":4,"i2":9,"sol":{"path":["/c/en/soccer","/c/en/tiger","/c/en/india","/c/en/tripura"],"weight":0.22025999999999718},"num_concepts_raised":81402},{"base_id":433,"kind":"bot_words","i1":5,"i2":6,"sol":{"path":["/c/en/gers","/c/en/river","/c/en/water","/c/en/freeboard"],"weight":0.2078999999999998},"num_concepts_raised":20284},{"base_id":433,"kind":"bot_words","i1":5,"i2":7,"sol":{"path":["/c/en/gers","/c/en/france","/c/en/italy","/c/en/tyrol"],"weight":0.20819999999999977},"num_concepts_raised":15230},{"base_id":433,"kind":"bot_words","i1":5,"i2":8,"sol":{"path":["/c/en/gers","/c/en/midi_pyrénées","/c/fr/français","/c/fr/moyen","/c/grc/ζωη","/c/en/zoetrope"],"weight":0.21699739999999962},"num_concepts_raised":509256},{"base_id":433,"kind":"bot_words","i1":5,"i2":9,"sol":{"path":["/c/en/gers","/c/en/france","/c/en/country","/c/en/india","/c/en/tripura"],"weight":0.21324999999999975},"num_concepts_raised":10352},{"base_id":433,"kind":"bot_words","i1":6,"i2":7,"sol":{"path":["/c/en/freeboard","/c/en/water","/c/en/state","/c/en/tyrol"],"weight":0.20298999999999984},"num_concepts_raised":22403},{"base_id":433,"kind":"bot_words","i1":6,"i2":8,"sol":{"path":["/c/en/freeboard","/c/en/water","/c/en/life","/c/grc/ζωη","/c/en/zoetrope"],"weight":0.2078299999999998},"num_concepts_raised":13993},{"base_id":433,"kind":"bot_words","i1":6,"i2":9,"sol":{"path":["/c/en/freeboard","/c/en/skateboard","/c/en/board","/c/en/education","/c/en/tripura"],"weight":0.20903999999999978},"num_concepts_raised":17476},{"base_id":433,"kind":"bot_words","i1":7,"i2":8,"sol":{"path":["/c/en/tyrol","/c/en/region","/c/en/historical","/c/en/magic_lantern","/c/en/zoetrope"],"weight":0.20807999999999977},"num_concepts_raised":8896},{"base_id":433,"kind":"bot_words","i1":7,"i2":9,"sol":{"path":["/c/en/tyrol","/c/en/state","/c/en/india","/c/en/tripura"],"weight":0.20827999999999974},"num_concepts_raised":12350},{"base_id":433,"kind":"bot_words","i1":8,"i2":9,"sol":{"path":["/c/en/zoetrope","/c/en/magic_lantern","/c/en/historical","/c/en/india","/c/en/tripura"],"weight":0.21312999999999974},"num_concepts_raised":3820}],[{"base_id":433,"kind":"top_words","i1":0,"i2":1,"sol":{"path":["/c/en/inconclusive","/c/en/conclusive"],"weight":0.203},"num_concepts_raised":123},{"base_id":433,"kind":"top_words","i1":0,"i2":2,"sol":{"path":["/c/en/inconclusive","/c/de/ergebnislos","/c/en/fruitless"],"weight":0.202},"num_concepts_raised":175},{"base_id":433,"kind":"top_words","i1":0,"i2":3,"sol":{"path":["/c/en/inconclusive","/c/hi/बेनतीजा","/c/en/stalemate"],"weight":0.20400000000000001},"num_concepts_raised":148},{"base_id":433,"kind":"top_words","i1":0,"i2":4,"sol":{"path":["/c/en/inconclusive","/c/en/unfinal","/c/en/final","/c/en/after_fact","/c/en/autopsy"],"weight":0.21345000000000008},"num_concepts_raised":26261},{"base_id":433,"kind":"top_words","i1":0,"i2":5,"sol":{"path":["/c/en/inconclusive","/c/en/equivocal","/c/en/unreliable"],"weight":0.203},"num_concepts_raised":201},{"base_id":433,"kind":"top_words","i1":0,"i2":6,"sol":{"path":["/c/en/inconclusive","/c/en/indecisive"],"weight":0.20500000000000002},"num_concepts_raised":162},{"base_id":433,"kind":"top_words","i1":0,"i2":7,"sol":{"path":["/c/en/inconclusive","/c/hi/बेनतीजा","/c/en/stalemate","/c/en/deadlock"],"weight":0.2122699999999996},"num_concepts_raised":23476},{"base_id":433,"kind":"top_words","i1":0,"i2":8,"sol":{"path":["/c/en/inconclusive","/c/en/indeterminate","/c/en/botany","/c/en/acarpous","/c/en/unfruitful"],"weight":0.20683999999999986},"num_concepts_raised":3470},{"base_id":433,"kind":"top_words","i1":0,"i2":9,"sol":{"path":["/c/en/inconclusive","/c/en/conclusion","/c/en/result","/c/en/results"],"weight":0.20442999999999975},"num_concepts_raised":24422},{"base_id":433,"kind":"top_words","i1":1,"i2":2,"sol":{"path":["/c/en/conclusive","/c/en/inconclusive","/c/de/ergebnislos","/c/en/fruitless"],"weight":0.20550999999999955},"num_concepts_raised":7243},{"base_id":433,"kind":"top_words","i1":1,"i2":3,"sol":{"path":["/c/en/conclusive","/c/en/inconclusive","/c/hi/बेनतीजा","/c/en/stalemate"],"weight":0.21117999999999998},"num_concepts_raised":13665},{"base_id":433,"kind":"top_words","i1":1,"i2":4,"sol":{"path":["/c/en/conclusive","/c/en/decisive","/c/en/final","/c/en/after_fact","/c/en/autopsy"],"weight":0.21708},"num_concepts_raised":27950},{"base_id":433,"kind":"top_words","i1":1,"i2":5,"sol":{"path":["/c/en/conclusive","/c/en/tentative","/c/en/uncertain","/c/en/unreliable"],"weight":0.20838999999999958},"num_concepts_raised":10319},{"base_id":433,"kind":"top_words","i1":1,"i2":6,"sol":{"path":["/c/en/conclusive","/c/en/decisive","/c/en/indecisive"],"weight":0.20600000000000002},"num_concepts_raised":217},{"base_id":433,"kind":"top_words","i1":1,"i2":7,"sol":{"path":["/c/en/conclusive","/c/en/end","/c/th/ทางตัน","/c/en/deadlock"],"weight":0.21090999999999954},"num_concepts_raised":25114},{"base_id":433,"kind":"top_words","i1":1,"i2":8,"sol":{"path":["/c/en/conclusive","/c/en/determinate","/c/en/botany","/c/en/acarpous","/c/en/unfruitful"],"weight":0.2088399999999998},"num_concepts_raised":5209},{"base_id":433,"kind":"top_words","i1":1,"i2":9,"sol":{"path":["/c/en/conclusive","/c/en/conclusion","/c/en/result","/c/en/results"],"weight":0.20652999999999966},"num_concepts_raised":26060},{"base_id":433,"kind":"top_words","i1":2,"i2":3,"sol":{"path":["/c/en/fruitless","/c/ar/فشل","/c/fr/échec","/c/fr/pat","/c/en/stalemate"],"weight":0.22015999999999977},"num_concepts_raised":12624},{"base_id":433,"kind":"top_words","i1":2,"i2":4,"sol":{"path":["/c/en/fruitless","/c/fr/abortif","/c/en/medicine","/c/en/autopsy"],"weight":0.21508999999999984},"num_concepts_raised":26882},{"base_id":433,"kind":"top_words","i1":2,"i2":5,"sol":{"path":["/c/en/fruitless","/c/fr/vain","/c/la/vanus","/c/en/untrustworthy","/c/en/unreliable"],"weight":0.2113399999999994},"num_concepts_raised":9201},{"base_id":433,"kind":"top_words","i1":2,"i2":6,"sol":{"path":["/c/en/fruitless","/c/de/ergebnislos","/c/en/indecisive"],"weight":0.202},"num_concepts_raised":266},{"base_id":433,"kind":"top_words","i1":2,"i2":7,"sol":{"path":["/c/en/fruitless","/c/ms/sia_sia","/c/en/dead","/c/en/deadlock"],"weight":0.21115999999999935},"num_concepts_raised":24098},{"base_id":433,"kind":"top_words","i1":2,"i2":8,"sol":{"path":["/c/en/fruitless","/c/fr/infructueux","/c/en/unfruitful"],"weight":0.20600000000000002},"num_concepts_raised":186},{"base_id":433,"kind":"top_words","i1":2,"i2":9,"sol":{"path":["/c/en/fruitless","/c/en/resultless","/c/en/result","/c/en/results"],"weight":0.2056599999999995},"num_concepts_raised":25080},{"base_id":433,"kind":"top_words","i1":3,"i2":4,"sol":{"path":["/c/en/stalemate","/c/de/übertragen","/c/en/post_mortem","/c/en/autopsy"],"weight":0.22270000000000023},"num_concepts_raised":33189},{"base_id":433,"kind":"top_words","i1":3,"i2":5,"sol":{"path":["/c/en/stalemate","/c/en/draw","/c/en/not","/c/en/unreliable"],"weight":0.2142699999999998},"num_concepts_raised":15663},{"base_id":433,"kind":"top_words","i1":3,"i2":6,"sol":{"path":["/c/en/stalemate","/c/hi/बेनतीजा","/c/en/inconclusive","/c/en/indecisive"],"weight":0.21264999999999995},"num_concepts_raised":12863},{"base_id":433,"kind":"top_words","i1":3,"i2":7,"sol":{"path":["/c/en/stalemate","/c/en/deadlock"],"weight":0.20800000000000002},"num_concepts_raised":233},{"base_id":433,"kind":"top_words","i1":3,"i2":8,"sol":{"path":["/c/en/stalemate","/c/en/deadlock","/c/en/dead","/c/en/stillborn","/c/en/unfruitful"],"weight":0.21528000000000003},"num_concepts_raised":10617},{"base_id":433,"kind":"top_words","i1":3,"i2":9,"sol":{"path":["/c/en/stalemate","/c/en/draw","/c/en/result","/c/en/results"],"weight":0.2134399999999999},"num_concepts_raised":31172},{"base_id":433,"kind":"top_words","i1":4,"i2":5,"sol":{"path":["/c/en/autopsy","/c/en/intelligent_agent_activity","/c/en/butterfly","/c/en/unreliable"],"weight":0.21331999999999984},"num_concepts_raised":29968},{"base_id":433,"kind":"top_words","i1":4,"i2":6,"sol":{"path":["/c/en/autopsy","/c/en/after_fact","/c/en/final","/c/en/decisive","/c/en/indecisive"],"weight":0.21694999999999998},"num_concepts_raised":27161},{"base_id":433,"kind":"top_words","i1":4,"i2":7,"sol":{"path":["/c/en/autopsy","/c/en/intelligent_agent_activity","/c/en/computing","/c/en/deadlock"],"weight":0.2181999999999998},"num_concepts_raised":44476},{"base_id":433,"kind":"top_words","i1":4,"i2":8,"sol":{"path":["/c/en/autopsy","/c/fr/médecine","/c/fr/stérile","/c/en/sterile","/c/en/unfruitful"],"weight":0.21437000000000006},"num_concepts_raised":24852},{"base_id":433,"kind":"top_words","i1":4,"i2":9,"sol":{"path":["/c/en/autopsy","/c/en/examination","/c/en/results"],"weight":0.20400000000000001},"num_concepts_raised":227},{"base_id":433,"kind":"top_words","i1":5,"i2":6,"sol":{"path":["/c/en/unreliable","/c/en/uncertain","/c/en/indecisive"],"weight":0.20400000000000001},"num_concepts_raised":291},{"base_id":433,"kind":"top_words","i1":5,"i2":7,"sol":{"path":["/c/en/unreliable","/c/en/rogue","/c/en/computing","/c/en/deadlock"],"weight":0.21192999999999937},"num_concepts_raised":27104},{"base_id":433,"kind":"top_words","i1":5,"i2":8,"sol":{"path":["/c/en/unreliable","/c/zh/沒譜","/c/en/idea","/c/en/sterile","/c/en/unfruitful"],"weight":0.20788999999999963},"num_concepts_raised":7222},{"base_id":433,"kind":"top_words","i1":5,"i2":9,"sol":{"path":["/c/en/unreliable","/c/en/reliability","/c/en/person","/c/en/results"],"weight":0.20628999999999953},"num_concepts_raised":27995},{"base_id":433,"kind":"top_words","i1":6,"i2":7,"sol":{"path":["/c/en/indecisive","/c/fr/flottant","/c/fr/informatique","/c/en/deadlock"],"weight":0.21124999999999952},"num_concepts_raised":24347},{"base_id":433,"kind":"top_words","i1":6,"i2":8,"sol":{"path":["/c/en/indecisive","/c/en/ineffectual","/c/de/fruchtlos","/c/en/unfruitful"],"weight":0.20523999999999976},"num_concepts_raised":4371},{"base_id":433,"kind":"top_words","i1":6,"i2":9,"sol":{"path":["/c/en/indecisive","/c/en/decision","/c/en/result","/c/en/results"],"weight":0.20587999999999965},"num_concepts_raised":25325},{"base_id":433,"kind":"top_words","i1":7,"i2":8,"sol":{"path":["/c/en/deadlock","/c/en/dead","/c/en/stillborn","/c/en/unfruitful"],"weight":0.2124699999999996},"num_concepts_raised":22123},{"base_id":433,"kind":"top_words","i1":7,"i2":9,"sol":{"path":["/c/en/deadlock","/c/en/program","/c/en/results"],"weight":0.20400000000000001},"num_concepts_raised":199},{"base_id":433,"kind":"top_words","i1":8,"i2":9,"sol":{"path":["/c/en/unfruitful","/c/fr/infructueux","/c/fr/résultat","/c/en/result","/c/en/results"],"weight":0.20711999999999975},"num_concepts_raised":23108}]]