[[{"base_id":717,"kind":"bot_words","i1":0,"i2":1,"sol":{"path":["/c/en/justiciary","/c/en/administration","/c/en/financier","/c/en/spongy"],"weight":0.20461999999999972},"num_concepts_raised":46647},{"base_id":717,"kind":"bot_words","i1":0,"i2":2,"sol":{"path":["/c/en/justiciary","/c/en/law","/c/en/traverse","/c/en/crosswise"],"weight":0.2062399999999998},"num_concepts_raised":43669},{"base_id":717,"kind":"bot_words","i1":0,"i2":3,"sol":{"path":["/c/en/justiciary","/c/en/justice","/c/en/person","/c/en/goober"],"weight":0.20613999999999982},"num_concepts_raised":68966},{"base_id":717,"kind":"bot_words","i1":0,"i2":4,"sol":{"path":["/c/en/justiciary","/c/en/judicial","/c/en/government","/c/en/island","/c/en/pohnpei"],"weight":0.21344999999999978},"num_concepts_raised":42150},{"base_id":717,"kind":"bot_words","i1":0,"i2":5,"sol":{"path":["/c/en/justiciary","/c/en/administration","/c/en/company","/c/en/chanel"],"weight":0.20904999999999974},"num_concepts_raised":43601},{"base_id":717,"kind":"bot_words","i1":0,"i2":6,"sol":{"path":["/c/en/justiciary","/c/en/term","/c/en/conflict","/c/en/neutralism"],"weight":0.20350999999999986},"num_concepts_raised":41798},{"base_id":717,"kind":"bot_words","i1":0,"i2":7,"sol":{"path":["/c/en/justiciary","/c/en/god","/c/en/internet","/c/en/popover"],"weight":0.2047899999999998},"num_concepts_raised":54468},{"base_id":717,"kind":"bot_words","i1":0,"i2":8,"sol":{"path":["/c/en/justiciary","/c/en/law","/c/en/national","/c/en/transnational"],"weight":0.20635999999999988},"num_concepts_raised":42687},{"base_id":717,"kind":"bot_words","i1":0,"i2":9,"sol":{"path":["/c/en/justiciary","/c/en/rank","/c/en/music","/c/en/electropop"],"weight":0.20904999999999968},"num_concepts_raised":53088},{"base_id":717,"kind":"bot_words","i1":1,"i2":2,"sol":{"path":["/c/en/spongy","/c/en/sponge","/c/en/water","/c/en/crossing","/c/en/crosswise"],"weight":0.20692999999999973},"num_concepts_raised":9355},{"base_id":717,"kind":"bot_words","i1":1,"i2":3,"sol":{"path":["/c/en/spongy","/c/en/sponge","/c/en/slang","/c/en/goober"],"weight":0.20573999999999976},"num_concepts_raised":35958},{"base_id":717,"kind":"bot_words","i1":1,"i2":4,"sol":{"path":["/c/en/spongy","/c/en/sponge","/c/en/water","/c/en/island","/c/en/pohnpei"],"weight":0.2120399999999997},"num_concepts_raised":7772},{"base_id":717,"kind":"bot_words","i1":1,"i2":5,"sol":{"path":["/c/en/spongy","/c/en/sponge","/c/en/water","/c/en/perfume","/c/en/chanel"],"weight":0.21001999999999965},"num_concepts_raised":9373},{"base_id":717,"kind":"bot_words","i1":1,"i2":6,"sol":{"path":["/c/en/spongy","/c/en/sponge","/c/en/water","/c/en/neutral","/c/en/neutralism"],"weight":0.2046799999999998},"num_concepts_raised":7390},{"base_id":717,"kind":"bot_words","i1":1,"i2":7,"sol":{"path":["/c/en/spongy","/c/en/cake","/c/en/muffin","/c/en/popover"],"weight":0.20359999999999973},"num_concepts_raised":20979},{"base_id":717,"kind":"bot_words","i1":1,"i2":8,"sol":{"path":["/c/en/spongy","/c/en/cake","/c/en/person","/c/en/national","/c/en/transnational"],"weight":0.2049599999999998},"num_concepts_raised":8493},{"base_id":717,"kind":"bot_words","i1":1,"i2":9,"sol":{"path":["/c/en/spongy","/c/pt/fofo","/c/en/cute","/c/en/electropop"],"weight":0.2088399999999996},"num_concepts_raised":19220},{"base_id":717,"kind":"bot_words","i1":2,"i2":3,"sol":{"path":["/c/en/crosswise","/c/en/nick","/c/en/slang","/c/en/goober"],"weight":0.20486999999999983},"num_concepts_raised":33021},{"base_id":717,"kind":"bot_words","i1":2,"i2":4,"sol":{"path":["/c/en/crosswise","/c/en/transversal","/c/en/set","/c/en/island","/c/en/pohnpei"],"weight":0.21225999999999978},"num_concepts_raised":4631},{"base_id":717,"kind":"bot_words","i1":2,"i2":5,"sol":{"path":["/c/en/crosswise","/c/en/horizontal","/c/en/over","/c/en/company","/c/en/chanel"],"weight":0.21023999999999973},"num_concepts_raised":6248},{"base_id":717,"kind":"bot_words","i1":2,"i2":6,"sol":{"path":["/c/en/crosswise","/c/en/crossing","/c/en/water","/c/en/neutral","/c/en/neutralism"],"weight":0.20482999999999987},"num_concepts_raised":4238},{"base_id":717,"kind":"bot_words","i1":2,"i2":7,"sol":{"path":["/c/en/crosswise","/c/en/horizontal","/c/en/over","/c/en/popover"],"weight":0.2048899999999998},"num_concepts_raised":17865},{"base_id":717,"kind":"bot_words","i1":2,"i2":8,"sol":{"path":["/c/en/crosswise","/c/en/transversal","/c/en/line","/c/en/between","/c/en/transnational"],"weight":0.20529999999999987},"num_concepts_raised":5315},{"base_id":717,"kind":"bot_words","i1":2,"i2":9,"sol":{"path":["/c/en/crosswise","/c/en/transversal","/c/en/cross","/c/en/shellback","/c/en/electropop"],"weight":0.21046999999999966},"num_concepts_raised":16093},{"base_id":717,"kind":"bot_words","i1":3,"i2":4,"sol":{"path":["/c/en/goober","/c/en/slang","/c/pt/ilha","/c/en/island","/c/en/pohnpei"],"weight":0.2110099999999998},"num_concepts_raised":31526},{"base_id":717,"kind":"bot_words","i1":3,"i2":5,"sol":{"path":["/c/en/goober","/c/en/person","/c/en/company","/c/en/chanel"],"weight":0.20794999999999975},"num_concepts_raised":32968},{"base_id":717,"kind":"bot_words","i1":3,"i2":6,"sol":{"path":["/c/en/goober","/c/en/person","/c/en/neutral","/c/en/neutralism"],"weight":0.2026299999999999},"num_concepts_raised":31120},{"base_id":717,"kind":"bot_words","i1":3,"i2":7,"sol":{"path":["/c/en/goober","/c/en/slang","/c/en/muffin","/c/en/popover"],"weight":0.20367999999999983},"num_concepts_raised":43085},{"base_id":717,"kind":"bot_words","i1":3,"i2":8,"sol":{"path":["/c/en/goober","/c/en/person","/c/en/national","/c/en/transnational"],"weight":0.2039999999999999},"num_concepts_raised":32186},{"base_id":717,"kind":"bot_words","i1":3,"i2":9,"sol":{"path":["/c/en/goober","/c/en/slang","/c/en/va_va_voom","/c/en/electropop"],"weight":0.2089699999999997},"num_concepts_raised":42548},{"base_id":717,"kind":"bot_words","i1":4,"i2":5,"sol":{"path":["/c/en/pohnpei","/c/en/island","/c/en/water","/c/en/perfume","/c/en/chanel"],"weight":0.2152799999999997},"num_concepts_raised":4636},{"base_id":717,"kind":"bot_words","i1":4,"i2":6,"sol":{"path":["/c/en/pohnpei","/c/en/island","/c/en/water","/c/en/neutral","/c/en/neutralism"],"weight":0.20993999999999985},"num_concepts_raised":2620},{"base_id":717,"kind":"bot_words","i1":4,"i2":7,"sol":{"path":["/c/en/pohnpei","/c/en/island","/c/en/key","/c/en/internet","/c/en/popover"],"weight":0.2099899999999998},"num_concepts_raised":16436},{"base_id":717,"kind":"bot_words","i1":4,"i2":8,"sol":{"path":["/c/en/pohnpei","/c/en/island","/c/en/government","/c/en/national","/c/en/transnational"],"weight":0.21130999999999983},"num_concepts_raised":3735},{"base_id":717,"kind":"bot_words","i1":4,"i2":9,"sol":{"path":["/c/en/pohnpei","/c/en/island","/c/en/rock","/c/en/music","/c/en/electropop"],"weight":0.21535999999999966},"num_concepts_raised":14557},{"base_id":717,"kind":"bot_words","i1":5,"i2":6,"sol":{"path":["/c/en/chanel","/c/en/company","/c/en/person","/c/en/neutral","/c/en/neutralism"],"weight":0.20792999999999978},"num_concepts_raised":4252},{"base_id":717,"kind":"bot_words","i1":5,"i2":7,"sol":{"path":["/c/en/chanel","/c/en/company","/c/en/over","/c/en/popover"],"weight":0.20788999999999974},"num_concepts_raised":17945},{"base_id":717,"kind":"bot_words","i1":5,"i2":8,"sol":{"path":["/c/en/chanel","/c/en/company","/c/en/multinational","/c/en/transnational"],"weight":0.20940999999999982},"num_concepts_raised":5335},{"base_id":717,"kind":"bot_words","i1":5,"i2":9,"sol":{"path":["/c/en/chanel","/c/en/company","/c/en/person","/c/en/music","/c/en/electropop"],"weight":0.21336999999999962},"num_concepts_raised":16107},{"base_id":717,"kind":"bot_words","i1":6,"i2":7,"sol":{"path":["/c/en/neutralism","/c/en/conflict","/c/en/individual","/c/en/popover"],"weight":0.20252999999999988},"num_concepts_raised":16046},{"base_id":717,"kind":"bot_words","i1":6,"i2":8,"sol":{"path":["/c/en/neutralism","/c/en/foreign_policy","/c/en/international","/c/en/transnational"],"weight":0.20299999999999996},"num_concepts_raised":3346},{"base_id":717,"kind":"bot_words","i1":6,"i2":9,"sol":{"path":["/c/en/neutralism","/c/en/neutral","/c/en/person","/c/en/music","/c/en/electropop"],"weight":0.20803999999999975},"num_concepts_raised":14160},{"base_id":717,"kind":"bot_words","i1":7,"i2":8,"sol":{"path":["/c/en/popover","/c/en/over","/c/en/beyond","/c/en/transnational"],"weight":0.2029399999999999},"num_concepts_raised":17030},{"base_id":717,"kind":"bot_words","i1":7,"i2":9,"sol":{"path":["/c/en/popover","/c/en/pop","/c/en/pop_music","/c/en/electropop"],"weight":0.2080099999999997},"num_concepts_raised":27601},{"base_id":717,"kind":"bot_words","i1":8,"i2":9,"sol":{"path":["/c/en/transnational","/c/en/multinational","/c/en/subsidiary","/c/en/music","/c/en/electropop"],"weight":0.20944999999999978},"num_concepts_raised":15252}],[{"base_id":717,"kind":"top_words","i1":0,"i2":1,"sol":{"path":["/c/en/telecom","/c/en/broadcasting","/c/en/fox","/c/en/english_language","/c/en/itv"],"weight":0.20806999999999976},"num_concepts_raised":1804},{"base_id":717,"kind":"top_words","i1":0,"i2":2,"sol":{"path":["/c/en/telecom","/c/en/broadcasting","/c/en/business","/c/en/virgin"],"weight":0.21033999999999964},"num_concepts_raised":40908},{"base_id":717,"kind":"top_words","i1":0,"i2":3,"sol":{"path":["/c/en/telecom","/c/en/telecommunications","/c/en/communications","/c/en/plc"],"weight":0.20277999999999988},"num_concepts_raised":5275},{"base_id":717,"kind":"top_words","i1":0,"i2":4,"sol":{"path":["/c/en/telecom","/c/en/telecommunications","/c/en/operator"],"weight":0.20400000000000001},"num_concepts_raised":419},{"base_id":717,"kind":"top_words","i1":0,"i2":5,"sol":{"path":["/c/en/telecom","/c/en/telecommunication","/c/en/communication","/c/en/company","/c/en/sfr"],"weight":0.20887999999999987},"num_concepts_raised":5782},{"base_id":717,"kind":"top_words","i1":0,"i2":6,"sol":{"path":["/c/en/telecom","/c/en/telecommunication","/c/en/electronic","/c/en/microelectronic","/c/en/microelectronics"],"weight":0.20940999999999987},"num_concepts_raised":2319},{"base_id":717,"kind":"top_words","i1":0,"i2":7,"sol":{"path":["/c/en/telecom","/c/en/telecommunication","/c/en/wire","/c/en/cable"],"weight":0.23066999999999827},"num_concepts_raised":56529},{"base_id":717,"kind":"top_words","i1":0,"i2":8,"sol":{"path":["/c/en/telecom","/c/en/telecommunication","/c/en/ptc","/c/en/medicine","/c/en/lamivudine"],"weight":0.2091699999999999},"num_concepts_raised":17091},{"base_id":717,"kind":"top_words","i1":0,"i2":9,"sol":{"path":["/c/en/telecom","/c/en/telecommunications","/c/en/tangible_thing","/c/en/island","/c/en/shikoku"],"weight":0.2112099999999999},"num_concepts_raised":6203},{"base_id":717,"kind":"top_words","i1":1,"i2":2,"sol":{"path":["/c/en/itv","/c/en/english_language","/c/en/crime","/c/sv/oskuld","/c/en/virgin"],"weight":0.21666999999999945},"num_concepts_raised":40622},{"base_id":717,"kind":"top_words","i1":1,"i2":3,"sol":{"path":["/c/en/itv","/c/en/english_language","/c/en/north_america","/c/en/inc","/c/en/plc"],"weight":0.2080999999999997},"num_concepts_raised":5052},{"base_id":717,"kind":"top_words","i1":1,"i2":4,"sol":{"path":["/c/en/itv","/c/en/television_station","/c/en/channel","/c/en/operator"],"weight":0.2177899999999986},"num_concepts_raised":48172},{"base_id":717,"kind":"top_words","i1":1,"i2":5,"sol":{"path":["/c/en/itv","/c/en/english_language","/c/en/circus","/c/en/company","/c/en/sfr"],"weight":0.2130099999999997},"num_concepts_raised":5538},{"base_id":717,"kind":"top_words","i1":1,"i2":6,"sol":{"path":["/c/en/itv","/c/en/television_station","/c/en/channel","/c/en/electronics","/c/en/microelectronics"],"weight":0.2134999999999997},"num_concepts_raised":2077},{"base_id":717,"kind":"top_words","i1":1,"i2":7,"sol":{"path":["/c/en/itv","/c/en/television_station","/c/en/television","/c/en/cable"],"weight":0.22750999999999813},"num_concepts_raised":56423},{"base_id":717,"kind":"top_words","i1":1,"i2":8,"sol":{"path":["/c/en/itv","/c/en/english_language","/c/en/fx","/c/en/medicine","/c/en/lamivudine"],"weight":0.21330999999999972},"num_concepts_raised":16839},{"base_id":717,"kind":"top_words","i1":1,"i2":9,"sol":{"path":["/c/en/itv","/c/en/english_language","/c/en/english","/c/en/island","/c/en/shikoku"],"weight":0.2163999999999997},"num_concepts_raised":5925},{"base_id":717,"kind":"top_words","i1":2,"i2":3,"sol":{"path":["/c/en/virgin","/c/en/business","/c/en/plc"],"weight":0.202},"num_concepts_raised":436},{"base_id":717,"kind":"top_words","i1":2,"i2":4,"sol":{"path":["/c/en/virgin","/c/en/person","/c/en/driver","/c/en/operator"],"weight":0.22241999999999848},"num_concepts_raised":85388},{"base_id":717,"kind":"top_words","i1":2,"i2":5,"sol":{"path":["/c/en/virgin","/c/en/person","/c/en/company","/c/en/sfr"],"weight":0.21546999999999955},"num_concepts_raised":44315},{"base_id":717,"kind":"top_words","i1":2,"i2":6,"sol":{"path":["/c/en/virgin","/c/en/astrology","/c/en/ram","/c/en/electronics","/c/en/microelectronics"],"weight":0.21615999999999957},"num_concepts_raised":41148},{"base_id":717,"kind":"top_words","i1":2,"i2":7,"sol":{"path":["/c/en/virgin","/c/en/new","/c/en/car","/c/en/cable"],"weight":0.228689999999998},"num_concepts_raised":93058},{"base_id":717,"kind":"top_words","i1":2,"i2":8,"sol":{"path":["/c/en/virgin","/c/en/person","/c/en/hiv","/c/en/lamivudine"],"weight":0.21566999999999958},"num_concepts_raised":55614},{"base_id":717,"kind":"top_words","i1":2,"i2":9,"sol":{"path":["/c/en/virgin","/c/en/person","/c/en/dog","/c/en/shikoku"],"weight":0.21675999999999956},"num_concepts_raised":44690},{"base_id":717,"kind":"top_words","i1":3,"i2":4,"sol":{"path":["/c/en/plc","/c/en/co","/c/en/mathematics","/c/en/operator"],"weight":0.21294999999999875},"num_concepts_raised":51079},{"base_id":717,"kind":"top_words","i1":3,"i2":5,"sol":{"path":["/c/en/plc","/c/en/business","/c/en/company","/c/en/sfr"],"weight":0.20775999999999983},"num_concepts_raised":8841},{"base_id":717,"kind":"top_words","i1":3,"i2":6,"sol":{"path":["/c/en/plc","/c/en/electronics","/c/en/microelectronics"],"weight":0.20400000000000001},"num_concepts_raised":82},{"base_id":717,"kind":"top_words","i1":3,"i2":7,"sol":{"path":["/c/en/plc","/c/en/business","/c/en/line","/c/en/cable"],"weight":0.22078999999999827},"num_concepts_raised":59318},{"base_id":717,"kind":"top_words","i1":3,"i2":8,"sol":{"path":["/c/en/plc","/c/en/co","/c/en/slang","/c/en/medicine","/c/en/lamivudine"],"weight":0.20804999999999985},"num_concepts_raised":20290},{"base_id":717,"kind":"top_words","i1":3,"i2":9,"sol":{"path":["/c/en/plc","/c/en/electronics","/c/en/land","/c/en/island","/c/en/shikoku"],"weight":0.21111999999999984},"num_concepts_raised":9428},{"base_id":717,"kind":"top_words","i1":4,"i2":5,"sol":{"path":["/c/en/operator","/c/en/division","/c/en/company","/c/en/sfr"],"weight":0.21755999999999873},"num_concepts_raised":51881},{"base_id":717,"kind":"top_words","i1":4,"i2":6,"sol":{"path":["/c/en/operator","/c/en/function","/c/en/electronics","/c/en/microelectronics"],"weight":0.21821999999999872},"num_concepts_raised":48521},{"base_id":717,"kind":"top_words","i1":4,"i2":7,"sol":{"path":["/c/en/operator","/c/es/cableoperador","/c/en/cable"],"weight":0.20800000000000002},"num_concepts_raised":997},{"base_id":717,"kind":"top_words","i1":4,"i2":8,"sol":{"path":["/c/en/operator","/c/en/operate","/c/en/medicine","/c/en/lamivudine"],"weight":0.21778999999999876},"num_concepts_raised":63033},{"base_id":717,"kind":"top_words","i1":4,"i2":9,"sol":{"path":["/c/en/operator","/c/en/jockey","/c/en/ireland","/c/en/island","/c/en/shikoku"],"weight":0.22293999999999875},"num_concepts_raised":52400},{"base_id":717,"kind":"top_words","i1":5,"i2":6,"sol":{"path":["/c/en/sfr","/c/en/company","/c/en/intel","/c/en/electronics","/c/en/microelectronics"],"weight":0.21323999999999982},"num_concepts_raised":6069},{"base_id":717,"kind":"top_words","i1":5,"i2":7,"sol":{"path":["/c/en/sfr","/c/en/landline","/c/en/cable"],"weight":0.20800000000000002},"num_concepts_raised":627},{"base_id":717,"kind":"top_words","i1":5,"i2":8,"sol":{"path":["/c/en/sfr","/c/en/company","/c/en/pharmacy","/c/en/medicine","/c/en/lamivudine"],"weight":0.21303999999999984},"num_concepts_raised":20833},{"base_id":717,"kind":"top_words","i1":5,"i2":9,"sol":{"path":["/c/en/sfr","/c/en/company","/c/en/dog","/c/en/shikoku"],"weight":0.21401999999999982},"num_concepts_raised":9874},{"base_id":717,"kind":"top_words","i1":6,"i2":7,"sol":{"path":["/c/en/microelectronics","/c/en/electronics","/c/en/device","/c/en/cable"],"weight":0.22570999999999825},"num_concepts_raised":56808},{"base_id":717,"kind":"top_words","i1":6,"i2":8,"sol":{"path":["/c/en/microelectronics","/c/en/electronics","/c/en/dope","/c/en/medicine","/c/en/lamivudine"],"weight":0.21354999999999985},"num_concepts_raised":17351},{"base_id":717,"kind":"top_words","i1":6,"i2":9,"sol":{"path":["/c/en/microelectronics","/c/en/electronics","/c/en/land","/c/en/island","/c/en/shikoku"],"weight":0.21662999999999982},"num_concepts_raised":6475},{"base_id":717,"kind":"top_words","i1":7,"i2":8,"sol":{"path":["/c/en/cable","/c/en/line","/c/en/drug","/c/en/lamivudine"],"weight":0.22601999999999828},"num_concepts_raised":71336},{"base_id":717,"kind":"top_words","i1":7,"i2":9,"sol":{"path":["/c/en/cable","/c/en/nautical","/c/en/dog","/c/en/shikoku"],"weight":0.2270299999999983},"num_concepts_raised":60544},{"base_id":717,"kind":"top_words","i1":8,"i2":9,"sol":{"path":["/c/en/lamivudine","/c/en/medicine","/c/en/water","/c/en/island","/c/en/shikoku"],"weight":0.21642999999999984},"num_concepts_raised":21211}]]