[[{"base_id":799,"kind":"bot_words","i1":0,"i2":1,"sol":{"path":["/c/en/botanist","/c/en/plant","/c/en/us","/c/en/goy"],"weight":0.2091899999999993},"num_concepts_raised":32161},{"base_id":799,"kind":"bot_words","i1":0,"i2":2,"sol":{"path":["/c/en/botanist","/c/en/propagator","/c/en/physics","/c/en/micron","/c/en/micrometer"],"weight":0.21623999999999952},"num_concepts_raised":24908},{"base_id":799,"kind":"bot_words","i1":0,"i2":3,"sol":{"path":["/c/en/botanist","/c/en/plant","/c/en/being","/c/en/exist"],"weight":0.22433999999999824},"num_concepts_raised":77946},{"base_id":799,"kind":"bot_words","i1":0,"i2":4,"sol":{"path":["/c/en/botanist","/c/en/plant","/c/en/small","/c/en/small_intestine","/c/en/duodenal"],"weight":0.20862999999999926},"num_concepts_raised":17131},{"base_id":799,"kind":"bot_words","i1":0,"i2":5,"sol":{"path":["/c/en/botanist","/c/mul/cif","/c/fr/pouvoir","/c/fr/humainement","/c/en/humanely"],"weight":0.20874999999999927},"num_concepts_raised":17094},{"base_id":799,"kind":"bot_words","i1":0,"i2":6,"sol":{"path":["/c/en/botanist","/c/en/plant","/c/en/animal","/c/en/reptile","/c/en/bitis"],"weight":0.21359999999999918},"num_concepts_raised":17754},{"base_id":799,"kind":"bot_words","i1":0,"i2":7,"sol":{"path":["/c/en/botanist","/c/en/plant","/c/en/grain","/c/en/one_piece","/c/en/monokini"],"weight":0.20968999999999935},"num_concepts_raised":17321},{"base_id":799,"kind":"bot_words","i1":0,"i2":8,"sol":{"path":["/c/en/botanist","/c/en/naturalist","/c/en/historical","/c/en/balkanization"],"weight":0.20660999999999918},"num_concepts_raised":28304},{"base_id":799,"kind":"bot_words","i1":0,"i2":9,"sol":{"path":["/c/en/botanist","/c/en/plant","/c/en/metamere","/c/en/successive"],"weight":0.20948999999999895},"num_concepts_raised":22486},{"base_id":799,"kind":"bot_words","i1":1,"i2":2,"sol":{"path":["/c/en/goy","/c/en/us","/c/en/um","/c/en/micrometer"],"weight":0.21095000000000025},"num_concepts_raised":23600},{"base_id":799,"kind":"bot_words","i1":1,"i2":3,"sol":{"path":["/c/en/goy","/c/en/us","/c/en/real","/c/en/exist"],"weight":0.21897999999999895},"num_concepts_raised":76385},{"base_id":799,"kind":"bot_words","i1":1,"i2":4,"sol":{"path":["/c/en/goy","/c/en/us","/c/en/union","/c/en/maljunction","/c/en/duodenal"],"weight":0.20365999999999998},"num_concepts_raised":15970},{"base_id":799,"kind":"bot_words","i1":1,"i2":5,"sol":{"path":["/c/en/goy","/c/en/christian","/c/en/human","/c/en/humanly","/c/en/humanely"],"weight":0.20516999999999996},"num_concepts_raised":15929},{"base_id":799,"kind":"bot_words","i1":1,"i2":6,"sol":{"path":["/c/en/goy","/c/fr/gentil","/c/fr/genre","/c/fr/bitis","/c/en/bitis"],"weight":0.21182999999999985},"num_concepts_raised":16592},{"base_id":799,"kind":"bot_words","i1":1,"i2":7,"sol":{"path":["/c/en/goy","/c/en/us","/c/en/thong","/c/en/bikini","/c/en/monokini"],"weight":0.20594000000000007},"num_concepts_raised":16156},{"base_id":799,"kind":"bot_words","i1":1,"i2":8,"sol":{"path":["/c/en/goy","/c/he/גוי","/c/en/nation","/c/en/region","/c/en/balkanization"],"weight":0.2059299999999999},"num_concepts_raised":26930},{"base_id":799,"kind":"bot_words","i1":1,"i2":9,"sol":{"path":["/c/en/goy","/c/en/us","/c/en/series","/c/en/successive"],"weight":0.2047899999999997},"num_concepts_raised":21321},{"base_id":799,"kind":"bot_words","i1":2,"i2":3,"sol":{"path":["/c/en/micrometer","/c/en/range","/c/en/be","/c/en/exist"],"weight":0.23196999999999912},"num_concepts_raised":69405},{"base_id":799,"kind":"bot_words","i1":2,"i2":4,"sol":{"path":["/c/en/micrometer","/c/en/comb","/c/fr/anatomie","/c/fr/duodénal","/c/en/duodenal"],"weight":0.2112900000000002},"num_concepts_raised":8723},{"base_id":799,"kind":"bot_words","i1":2,"i2":5,"sol":{"path":["/c/en/micrometer","/c/en/range","/c/fr/portée","/c/fr/humainement","/c/en/humanely"],"weight":0.21250000000000022},"num_concepts_raised":8690},{"base_id":799,"kind":"bot_words","i1":2,"i2":6,"sol":{"path":["/c/en/micrometer","/c/en/distance","/c/en/scale","/c/en/reptile","/c/en/bitis"],"weight":0.21537000000000012},"num_concepts_raised":9353},{"base_id":799,"kind":"bot_words","i1":2,"i2":7,"sol":{"path":["/c/en/micrometer","/c/en/micron","/c/en/sand","/c/en/swimsuit","/c/en/monokini"],"weight":0.2139900000000003},"num_concepts_raised":8913},{"base_id":799,"kind":"bot_words","i1":2,"i2":8,"sol":{"path":["/c/en/micrometer","/c/en/distance","/c/en/region","/c/en/balkanization"],"weight":0.2103700000000001},"num_concepts_raised":19814},{"base_id":799,"kind":"bot_words","i1":2,"i2":9,"sol":{"path":["/c/en/micrometer","/c/en/range","/c/en/series","/c/en/successive"],"weight":0.21130999999999991},"num_concepts_raised":14017},{"base_id":799,"kind":"bot_words","i1":3,"i2":4,"sol":{"path":["/c/en/exist","/c/en/live","/c/en/liver","/c/en/hepatoduodenal","/c/en/duodenal"],"weight":0.2216499999999989},"num_concepts_raised":62175},{"base_id":799,"kind":"bot_words","i1":3,"i2":5,"sol":{"path":["/c/en/exist","/c/en/live","/c/en/humanity","/c/en/humane","/c/en/humanely"],"weight":0.2228799999999989},"num_concepts_raised":62123},{"base_id":799,"kind":"bot_words","i1":3,"i2":6,"sol":{"path":["/c/en/exist","/c/en/live","/c/en/animal","/c/en/reptile","/c/en/bitis"],"weight":0.2267499999999988},"num_concepts_raised":62771},{"base_id":799,"kind":"bot_words","i1":3,"i2":7,"sol":{"path":["/c/en/exist","/c/en/be","/c/en/two","/c/en/bikini","/c/en/monokini"],"weight":0.22701999999999894},"num_concepts_raised":62351},{"base_id":799,"kind":"bot_words","i1":3,"i2":8,"sol":{"path":["/c/en/exist","/c/en/real","/c/en/historical","/c/en/balkanization"],"weight":0.21843999999999886},"num_concepts_raised":72601},{"base_id":799,"kind":"bot_words","i1":3,"i2":9,"sol":{"path":["/c/en/exist","/c/en/live","/c/en/nest","/c/en/successive"],"weight":0.22259999999999858},"num_concepts_raised":66823},{"base_id":799,"kind":"bot_words","i1":4,"i2":5,"sol":{"path":["/c/en/duodenal","/c/en/valentino's_syndrome","/c/en/pain","/c/en/humane","/c/en/humanely"],"weight":0.20425999999999994},"num_concepts_raised":764},{"base_id":799,"kind":"bot_words","i1":4,"i2":6,"sol":{"path":["/c/en/duodenal","/c/en/duodenum","/c/en/stomach","/c/en/animal","/c/en/reptile","/c/en/bitis"],"weight":0.2129397999999997},"num_concepts_raised":96340},{"base_id":799,"kind":"bot_words","i1":4,"i2":7,"sol":{"path":["/c/en/duodenal","/c/en/duodenum","/c/en/duo","/c/en/bi","/c/en/monokini"],"weight":0.20432000000000003},"num_concepts_raised":994},{"base_id":799,"kind":"bot_words","i1":4,"i2":8,"sol":{"path":["/c/en/duodenal","/c/es/duodeno","/c/en/anatomy","/c/en/region","/c/en/balkanization"],"weight":0.20319999999999988},"num_concepts_raised":12113},{"base_id":799,"kind":"bot_words","i1":4,"i2":9,"sol":{"path":["/c/en/duodenal","/c/en/feingold_syndrome","/c/en/hereditary","/c/en/successive"],"weight":0.20395999999999964},"num_concepts_raised":6279},{"base_id":799,"kind":"bot_words","i1":5,"i2":6,"sol":{"path":["/c/en/humanely","/c/fr/humainement","/c/fr/homme","/c/fr/genre","/c/fr/bitis","/c/en/bitis"],"weight":0.21671039999999975},"num_concepts_raised":65526},{"base_id":799,"kind":"bot_words","i1":5,"i2":7,"sol":{"path":["/c/en/humanely","/c/fr/humainement","/c/fr/homme","/c/fr/femme","/c/fr/monokini","/c/en/monokini"],"weight":0.21442980000000003},"num_concepts_raised":72365},{"base_id":799,"kind":"bot_words","i1":5,"i2":8,"sol":{"path":["/c/en/humanely","/c/en/humane","/c/en/humanist","/c/en/historical","/c/en/balkanization"],"weight":0.20427999999999985},"num_concepts_raised":12077},{"base_id":799,"kind":"bot_words","i1":5,"i2":9,"sol":{"path":["/c/en/humanely","/c/en/humane","/c/en/pain","/c/en/running","/c/en/successive"],"weight":0.20521999999999965},"num_concepts_raised":6251},{"base_id":799,"kind":"bot_words","i1":6,"i2":7,"sol":{"path":["/c/en/bitis","/c/en/reptile","/c/en/lizard","/c/en/beach","/c/en/bikini","/c/en/monokini"],"weight":0.2152096999999998},"num_concepts_raised":90164},{"base_id":799,"kind":"bot_words","i1":6,"i2":8,"sol":{"path":["/c/en/bitis","/c/en/reptile","/c/en/blood","/c/en/historical","/c/en/balkanization"],"weight":0.20805999999999977},"num_concepts_raised":12737},{"base_id":799,"kind":"bot_words","i1":6,"i2":9,"sol":{"path":["/c/en/bitis","/c/en/reptile","/c/en/temporal","/c/en/consecutive","/c/en/successive"],"weight":0.20925999999999956},"num_concepts_raised":6907},{"base_id":799,"kind":"bot_words","i1":7,"i2":8,"sol":{"path":["/c/en/monokini","/c/en/bikini","/c/en/bikini_line","/c/en/region","/c/en/balkanization"],"weight":0.20535999999999996},"num_concepts_raised":12297},{"base_id":799,"kind":"bot_words","i1":7,"i2":9,"sol":{"path":["/c/en/monokini","/c/en/bikini","/c/en/two","/c/en/after","/c/en/successive"],"weight":0.20625999999999972},"num_concepts_raised":6476},{"base_id":799,"kind":"bot_words","i1":8,"i2":9,"sol":{"path":["/c/en/balkanization","/c/en/historical","/c/en/mitrailleuse","/c/en/successive"],"weight":0.20397999999999955},"num_concepts_raised":17482}],[{"base_id":799,"kind":"top_words","i1":0,"i2":1,"sol":{"path":["/c/en/freyr","/c/en/god","/c/en/person","/c/en/welshman"],"weight":0.2085499999999998},"num_concepts_raised":19711},{"base_id":799,"kind":"top_words","i1":0,"i2":2,"sol":{"path":["/c/en/freyr","/c/en/surtur","/c/en/edda","/c/en/taro"],"weight":0.2153899999999997},"num_concepts_raised":7827},{"base_id":799,"kind":"top_words","i1":0,"i2":3,"sol":{"path":["/c/en/freyr","/c/en/god","/c/en/christmas","/c/en/merry","/c/en/jollity"],"weight":0.20834999999999979},"num_concepts_raised":4258},{"base_id":799,"kind":"top_words","i1":0,"i2":4,"sol":{"path":["/c/en/freyr","/c/en/god","/c/en/absolute","/c/en/physics","/c/en/relativistic"],"weight":0.20859999999999973},"num_concepts_raised":13925},{"base_id":799,"kind":"top_words","i1":0,"i2":5,"sol":{"path":["/c/en/freyr","/c/en/fertility","/c/en/crop_rotation","/c/en/agriculture"],"weight":0.22867999999999722},"num_concepts_raised":49573},{"base_id":799,"kind":"top_words","i1":0,"i2":6,"sol":{"path":["/c/en/freyr","/c/en/god","/c/en/good","/c/en/cool","/c/en/phat"],"weight":0.20825999999999978},"num_concepts_raised":29937},{"base_id":799,"kind":"top_words","i1":0,"i2":7,"sol":{"path":["/c/en/freyr","/c/en/god","/c/egx/msdmt","/c/en/mineral","/c/en/greenstone"],"weight":0.20825999999999983},"num_concepts_raised":13111},{"base_id":799,"kind":"top_words","i1":0,"i2":8,"sol":{"path":["/c/en/freyr","/c/en/god","/c/en/person","/c/en/amber","/c/en/kauri"],"weight":0.20823999999999973},"num_concepts_raised":6341},{"base_id":799,"kind":"top_words","i1":0,"i2":9,"sol":{"path":["/c/en/freyr","/c/en/surtur","/c/en/astronomy","/c/en/argo","/c/en/puppis"],"weight":0.21870999999999982},"num_concepts_raised":7527},{"base_id":799,"kind":"top_words","i1":1,"i2":2,"sol":{"path":["/c/en/welshman","/c/en/taff","/c/en/river","/c/en/taro"],"weight":0.21023999999999976},"num_concepts_raised":22963},{"base_id":799,"kind":"top_words","i1":1,"i2":3,"sol":{"path":["/c/en/welshman","/c/en/british","/c/en/jolly","/c/en/jollity"],"weight":0.20432999999999985},"num_concepts_raised":19474},{"base_id":799,"kind":"top_words","i1":1,"i2":4,"sol":{"path":["/c/en/welshman","/c/en/welsh","/c/en/absolute","/c/en/physics","/c/en/relativistic"],"weight":0.20585999999999977},"num_concepts_raised":29135},{"base_id":799,"kind":"top_words","i1":1,"i2":5,"sol":{"path":["/c/en/welshman","/c/en/person","/c/en/farmer","/c/en/agriculture"],"weight":0.22392999999999724},"num_concepts_raised":63862},{"base_id":799,"kind":"top_words","i1":1,"i2":6,"sol":{"path":["/c/en/welshman","/c/en/welcher","/c/en/slang","/c/en/phat"],"weight":0.2031799999999998},"num_concepts_raised":44124},{"base_id":799,"kind":"top_words","i1":1,"i2":7,"sol":{"path":["/c/en/welshman","/c/en/british","/c/en/mineral","/c/en/greenstone"],"weight":0.20323999999999987},"num_concepts_raised":28152},{"base_id":799,"kind":"top_words","i1":1,"i2":8,"sol":{"path":["/c/en/welshman","/c/en/british","/c/en/amber","/c/en/kauri"],"weight":0.2032199999999998},"num_concepts_raised":21446},{"base_id":799,"kind":"top_words","i1":1,"i2":9,"sol":{"path":["/c/en/welshman","/c/en/british","/c/en/northern","/c/en/puppis"],"weight":0.20936999999999986},"num_concepts_raised":22698},{"base_id":799,"kind":"top_words","i1":2,"i2":3,"sol":{"path":["/c/en/taro","/c/en/river","/c/en/orge","/c/en/jollity"],"weight":0.21004999999999976},"num_concepts_raised":7552},{"base_id":799,"kind":"top_words","i1":2,"i2":4,"sol":{"path":["/c/en/taro","/c/en/root","/c/en/science","/c/en/physics","/c/en/relativistic"],"weight":0.2104299999999997},"num_concepts_raised":17233},{"base_id":799,"kind":"top_words","i1":2,"i2":5,"sol":{"path":["/c/en/taro","/c/en/root_vegetable","/c/fr/agriculture","/c/en/agriculture"],"weight":0.23621999999999715},"num_concepts_raised":52546},{"base_id":799,"kind":"top_words","i1":2,"i2":6,"sol":{"path":["/c/en/taro","/c/en/root","/c/en/slang","/c/en/phat"],"weight":0.21005999999999975},"num_concepts_raised":33105},{"base_id":799,"kind":"top_words","i1":2,"i2":7,"sol":{"path":["/c/en/taro","/c/en/root","/c/en/new_zealand","/c/en/greenstone"],"weight":0.2100499999999998},"num_concepts_raised":16353},{"base_id":799,"kind":"top_words","i1":2,"i2":8,"sol":{"path":["/c/en/taro","/c/en/root","/c/en/new_zealand","/c/en/kauri"],"weight":0.2100799999999997},"num_concepts_raised":9590},{"base_id":799,"kind":"top_words","i1":2,"i2":9,"sol":{"path":["/c/en/taro","/c/en/river","/c/en/dove","/c/en/puppis"],"weight":0.2161799999999998},"num_concepts_raised":10774},{"base_id":799,"kind":"top_words","i1":3,"i2":4,"sol":{"path":["/c/en/jollity","/c/fi/iloisuus","/c/en/buoyancy","/c/en/physics","/c/en/relativistic"],"weight":0.20330999999999977},"num_concepts_raised":13679},{"base_id":799,"kind":"top_words","i1":3,"i2":5,"sol":{"path":["/c/en/jollity","/c/en/gathering","/c/en/farm","/c/en/agriculture"],"weight":0.22397999999999726},"num_concepts_raised":49264},{"base_id":799,"kind":"top_words","i1":3,"i2":6,"sol":{"path":["/c/en/jollity","/c/en/jolly","/c/en/slang","/c/en/phat"],"weight":0.2039599999999998},"num_concepts_raised":29605},{"base_id":799,"kind":"top_words","i1":3,"i2":7,"sol":{"path":["/c/en/jollity","/c/en/jolly","/c/en/british","/c/en/mineral","/c/en/greenstone"],"weight":0.20402999999999988},"num_concepts_raised":12831},{"base_id":799,"kind":"top_words","i1":3,"i2":8,"sol":{"path":["/c/en/jollity","/c/en/jolly","/c/en/british","/c/en/amber","/c/en/kauri"],"weight":0.2039999999999998},"num_concepts_raised":6057},{"base_id":799,"kind":"top_words","i1":3,"i2":9,"sol":{"path":["/c/en/jollity","/c/en/enjoyable","/c/nl/dolfijn","/c/en/constellation","/c/en/puppis"],"weight":0.21131999999999987},"num_concepts_raised":7251},{"base_id":799,"kind":"top_words","i1":4,"i2":5,"sol":{"path":["/c/en/relativistic","/c/en/physics","/c/en/class","/c/en/agriculture"],"weight":0.2234999999999972},"num_concepts_raised":58848},{"base_id":799,"kind":"top_words","i1":4,"i2":6,"sol":{"path":["/c/en/relativistic","/c/en/classical","/c/en/music","/c/en/phat"],"weight":0.20301999999999976},"num_concepts_raised":39208},{"base_id":799,"kind":"top_words","i1":4,"i2":7,"sol":{"path":["/c/en/relativistic","/c/en/physics","/c/en/color","/c/en/jade","/c/en/greenstone"],"weight":0.20429999999999982},"num_concepts_raised":22513},{"base_id":799,"kind":"top_words","i1":4,"i2":8,"sol":{"path":["/c/en/relativistic","/c/en/physics","/c/en/resinous","/c/en/kauri"],"weight":0.20317999999999975},"num_concepts_raised":15757},{"base_id":799,"kind":"top_words","i1":4,"i2":9,"sol":{"path":["/c/en/relativistic","/c/en/physics","/c/en/astronomy","/c/en/argo","/c/en/puppis"],"weight":0.2137299999999998},"num_concepts_raised":16954},{"base_id":799,"kind":"top_words","i1":5,"i2":6,"sol":{"path":["/c/en/agriculture","/c/en/silo","/c/en/slang","/c/en/phat"],"weight":0.22338999999999723},"num_concepts_raised":73622},{"base_id":799,"kind":"top_words","i1":5,"i2":7,"sol":{"path":["/c/en/agriculture","/c/en/crop","/c/en/weapon","/c/en/greenstone"],"weight":0.2237399999999973},"num_concepts_raised":57776},{"base_id":799,"kind":"top_words","i1":5,"i2":8,"sol":{"path":["/c/en/agriculture","/c/en/crop","/c/en/wood","/c/en/kauri"],"weight":0.2237899999999972},"num_concepts_raised":51169},{"base_id":799,"kind":"top_words","i1":5,"i2":9,"sol":{"path":["/c/en/agriculture","/c/en/run","/c/en/stern","/c/en/puppis"],"weight":0.2296999999999973},"num_concepts_raised":52365},{"base_id":799,"kind":"top_words","i1":6,"i2":7,"sol":{"path":["/c/en/phat","/c/en/slang","/c/en/tool","/c/en/greenstone"],"weight":0.20282999999999984},"num_concepts_raised":38186},{"base_id":799,"kind":"top_words","i1":6,"i2":8,"sol":{"path":["/c/en/phat","/c/en/slang","/c/en/wood","/c/en/kauri"],"weight":0.20285999999999976},"num_concepts_raised":31521},{"base_id":799,"kind":"top_words","i1":6,"i2":9,"sol":{"path":["/c/en/phat","/c/en/slang","/c/ru/арго","/c/en/argo","/c/en/puppis"],"weight":0.21332999999999985},"num_concepts_raised":32841},{"base_id":799,"kind":"top_words","i1":7,"i2":8,"sol":{"path":["/c/en/greenstone","/c/en/new_zealand","/c/en/kauri"],"weight":0.202},"num_concepts_raised":63},{"base_id":799,"kind":"top_words","i1":7,"i2":9,"sol":{"path":["/c/en/greenstone","/c/en/ornament","/c/en/star","/c/en/carina","/c/en/puppis"],"weight":0.2113899999999999},"num_concepts_raised":16059},{"base_id":799,"kind":"top_words","i1":8,"i2":9,"sol":{"path":["/c/en/kauri","/c/en/varnish","/c/en/dope","/c/fr/poupe","/c/en/puppis"],"weight":0.2132799999999998},"num_concepts_raised":9307}]]