[[{"base_id":630,"kind":"bot_words","i1":0,"i2":1,"sol":{"path":["/c/en/disciplinary","/c/en/punishment","/c/en/being","/c/en/exist"],"weight":0.21922999999999887},"num_concepts_raised":64829},{"base_id":630,"kind":"bot_words","i1":0,"i2":2,"sol":{"path":["/c/en/disciplinary","/c/en/academic","/c/en/class","/c/en/classmate"],"weight":0.20593999999999996},"num_concepts_raised":9269},{"base_id":630,"kind":"bot_words","i1":0,"i2":3,"sol":{"path":["/c/en/disciplinary","/c/en/discipline","/c/en/like","/c/en/bone","/c/en/sternum"],"weight":0.21592999999999957},"num_concepts_raised":6890},{"base_id":630,"kind":"bot_words","i1":0,"i2":4,"sol":{"path":["/c/en/disciplinary","/c/en/discipline","/c/en/like","/c/en/large"],"weight":0.22288999999999531},"num_concepts_raised":184245},{"base_id":630,"kind":"bot_words","i1":0,"i2":5,"sol":{"path":["/c/en/disciplinary","/c/en/discipline","/c/en/like","/c/en/foot","/c/en/footfall"],"weight":0.20716999999999977},"num_concepts_raised":16951},{"base_id":630,"kind":"bot_words","i1":0,"i2":6,"sol":{"path":["/c/en/disciplinary","/c/th/ไล่ออก","/c/en/poor","/c/en/woeful"],"weight":0.2032899999999998},"num_concepts_raised":6449},{"base_id":630,"kind":"bot_words","i1":0,"i2":7,"sol":{"path":["/c/en/disciplinary","/c/en/discipline","/c/en/category","/c/en/mineral","/c/en/pyrrhotite"],"weight":0.21251999999999982},"num_concepts_raised":12929},{"base_id":630,"kind":"bot_words","i1":0,"i2":8,"sol":{"path":["/c/en/disciplinary","/c/en/interdisciplinary","/c/en/computational_linguistics","/c/en/computational"],"weight":0.20485999999999985},"num_concepts_raised":6692},{"base_id":630,"kind":"bot_words","i1":0,"i2":9,"sol":{"path":["/c/en/disciplinary","/c/en/discipline","/c/en/science","/c/en/organic_chemistry","/c/en/transesterification"],"weight":0.20974999999999977},"num_concepts_raised":12105},{"base_id":630,"kind":"bot_words","i1":1,"i2":2,"sol":{"path":["/c/en/exist","/c/en/being","/c/en/class","/c/en/classmate"],"weight":0.22131999999999902},"num_concepts_raised":67284},{"base_id":630,"kind":"bot_words","i1":1,"i2":3,"sol":{"path":["/c/en/exist","/c/en/be","/c/en/make","/c/en/bone","/c/en/sternum"],"weight":0.2360399999999985},"num_concepts_raised":65141},{"base_id":630,"kind":"bot_words","i1":1,"i2":4,"sol":{"path":["/c/en/exist","/c/en/continent","/c/en/large"],"weight":0.20400000000000001},"num_concepts_raised":2001},{"base_id":630,"kind":"bot_words","i1":1,"i2":5,"sol":{"path":["/c/en/exist","/c/en/be","/c/en/fall","/c/en/footfall"],"weight":0.22491999999999873},"num_concepts_raised":74200},{"base_id":630,"kind":"bot_words","i1":1,"i2":6,"sol":{"path":["/c/en/exist","/c/en/being","/c/en/poor","/c/en/woeful"],"weight":0.21869999999999884},"num_concepts_raised":64664},{"base_id":630,"kind":"bot_words","i1":1,"i2":7,"sol":{"path":["/c/en/exist","/c/en/alive","/c/en/mineral","/c/en/pyrrhotite"],"weight":0.22414999999999888},"num_concepts_raised":71184},{"base_id":630,"kind":"bot_words","i1":1,"i2":8,"sol":{"path":["/c/en/exist","/c/en/software","/c/fr/informatique","/c/en/computational"],"weight":0.21744999999999892},"num_concepts_raised":64876},{"base_id":630,"kind":"bot_words","i1":1,"i2":9,"sol":{"path":["/c/en/exist","/c/en/living","/c/en/organic_chemistry","/c/en/transesterification"],"weight":0.2232499999999988},"num_concepts_raised":70356},{"base_id":630,"kind":"bot_words","i1":2,"i2":3,"sol":{"path":["/c/en/classmate","/c/en/class","/c/en/mammal","/c/en/bone","/c/en/sternum"],"weight":0.2167599999999997},"num_concepts_raised":9612},{"base_id":630,"kind":"bot_words","i1":2,"i2":4,"sol":{"path":["/c/en/classmate","/c/en/school","/c/en/big","/c/en/large"],"weight":0.22934999999999534},"num_concepts_raised":186377},{"base_id":630,"kind":"bot_words","i1":2,"i2":5,"sol":{"path":["/c/en/classmate","/c/en/class","/c/en/british","/c/en/footfall"],"weight":0.2057399999999999},"num_concepts_raised":19578},{"base_id":630,"kind":"bot_words","i1":2,"i2":6,"sol":{"path":["/c/en/classmate","/c/en/school","/c/en/trouble","/c/en/woe","/c/en/woeful"],"weight":0.20654999999999996},"num_concepts_raised":9197},{"base_id":630,"kind":"bot_words","i1":2,"i2":7,"sol":{"path":["/c/en/classmate","/c/en/class","/c/en/category","/c/en/mineral","/c/en/pyrrhotite"],"weight":0.21337999999999996},"num_concepts_raised":15658},{"base_id":630,"kind":"bot_words","i1":2,"i2":8,"sol":{"path":["/c/en/classmate","/c/en/class","/c/en/mathematics","/c/fr/computationnel","/c/en/computational"],"weight":0.20803},"num_concepts_raised":9413},{"base_id":630,"kind":"bot_words","i1":2,"i2":9,"sol":{"path":["/c/en/classmate","/c/en/class","/c/en/alcohol","/c/en/transesterification"],"weight":0.21050999999999992},"num_concepts_raised":14802},{"base_id":630,"kind":"bot_words","i1":3,"i2":4,"sol":{"path":["/c/en/sternum","/c/en/bone","/c/en/slang","/c/en/large"],"weight":0.23233999999999505},"num_concepts_raised":184443},{"base_id":630,"kind":"bot_words","i1":3,"i2":5,"sol":{"path":["/c/en/sternum","/c/en/breastbone","/c/en/anatomy","/c/en/foot","/c/en/footfall"],"weight":0.21736999999999945},"num_concepts_raised":17098},{"base_id":630,"kind":"bot_words","i1":3,"i2":6,"sol":{"path":["/c/en/sternum","/c/en/bone","/c/en/skeleton","/c/is/hryggur","/c/en/woeful"],"weight":0.21427999999999953},"num_concepts_raised":6653},{"base_id":630,"kind":"bot_words","i1":3,"i2":7,"sol":{"path":["/c/en/sternum","/c/en/bone","/c/en/animal","/c/en/mineral","/c/en/pyrrhotite"],"weight":0.22198999999999955},"num_concepts_raised":13085},{"base_id":630,"kind":"bot_words","i1":3,"i2":8,"sol":{"path":["/c/en/sternum","/c/en/bone","/c/en/support","/c/fr/informatique","/c/en/computational"],"weight":0.2156299999999996},"num_concepts_raised":6888},{"base_id":630,"kind":"bot_words","i1":3,"i2":9,"sol":{"path":["/c/en/sternum","/c/en/bone","/c/en/material","/c/en/polyester","/c/en/transesterification"],"weight":0.2191399999999995},"num_concepts_raised":12287},{"base_id":630,"kind":"bot_words","i1":4,"i2":5,"sol":{"path":["/c/en/large","/c/en/small","/c/en/foot","/c/en/footfall"],"weight":0.22572999999999527},"num_concepts_raised":191809},{"base_id":630,"kind":"bot_words","i1":4,"i2":6,"sol":{"path":["/c/en/large","/c/en/small","/c/en/paltry","/c/en/woeful"],"weight":0.22318999999999528},"num_concepts_raised":184119},{"base_id":630,"kind":"bot_words","i1":4,"i2":7,"sol":{"path":["/c/en/large","/c/en/small","/c/en/iron","/c/en/pyrrhotite"],"weight":0.2289099999999953},"num_concepts_raised":190309},{"base_id":630,"kind":"bot_words","i1":4,"i2":8,"sol":{"path":["/c/en/large","/c/en/rsa_number","/c/en/computational"],"weight":0.202},"num_concepts_raised":1497},{"base_id":630,"kind":"bot_words","i1":4,"i2":9,"sol":{"path":["/c/en/large","/c/en/high","/c/en/alcohol","/c/en/transesterification"],"weight":0.2257499999999953},"num_concepts_raised":189803},{"base_id":630,"kind":"bot_words","i1":5,"i2":6,"sol":{"path":["/c/en/footfall","/c/en/fall","/c/en/calamity","/c/en/woeful"],"weight":0.20309999999999973},"num_concepts_raised":16733},{"base_id":630,"kind":"bot_words","i1":5,"i2":7,"sol":{"path":["/c/en/footfall","/c/en/british","/c/en/mineral","/c/en/pyrrhotite"],"weight":0.21090999999999976},"num_concepts_raised":23168},{"base_id":630,"kind":"bot_words","i1":5,"i2":8,"sol":{"path":["/c/en/footfall","/c/en/traffic","/c/en/data","/c/en/computational"],"weight":0.2035099999999998},"num_concepts_raised":16845},{"base_id":630,"kind":"bot_words","i1":5,"i2":9,"sol":{"path":["/c/en/footfall","/c/en/footstep","/c/en/carbon","/c/en/ester","/c/en/transesterification"],"weight":0.2104499999999997},"num_concepts_raised":22362},{"base_id":630,"kind":"bot_words","i1":6,"i2":7,"sol":{"path":["/c/en/woeful","/c/en/wretched","/c/en/arm","/c/en/iron","/c/en/pyrrhotite"],"weight":0.2085499999999998},"num_concepts_raised":12687},{"base_id":630,"kind":"bot_words","i1":6,"i2":8,"sol":{"path":["/c/en/woeful","/c/fr/chagrin","/c/fr/porter","/c/fr/informatique","/c/en/computational"],"weight":0.20441999999999982},"num_concepts_raised":6459},{"base_id":630,"kind":"bot_words","i1":6,"i2":9,"sol":{"path":["/c/en/woeful","/c/en/poor","/c/en/fool","/c/en/alcohol","/c/en/transesterification"],"weight":0.20789999999999975},"num_concepts_raised":11859},{"base_id":630,"kind":"bot_words","i1":7,"i2":8,"sol":{"path":["/c/en/pyrrhotite","/c/en/mineral","/c/en/material","/c/en/bremermann's_limit","/c/en/computational"],"weight":0.21119999999999983},"num_concepts_raised":12913},{"base_id":630,"kind":"bot_words","i1":7,"i2":9,"sol":{"path":["/c/en/pyrrhotite","/c/en/mineral","/c/en/selenite","/c/en/ester","/c/en/transesterification"],"weight":0.21575999999999979},"num_concepts_raised":18245},{"base_id":630,"kind":"bot_words","i1":8,"i2":9,"sol":{"path":["/c/en/computational","/c/en/computation","/c/en/dry","/c/en/alcohol","/c/en/transesterification"],"weight":0.2093899999999998},"num_concepts_raised":12095}],[{"base_id":630,"kind":"top_words","i1":0,"i2":1,"sol":{"path":["/c/en/ce","/c/en/bce"],"weight":0.20600000000000002},"num_concepts_raised":216},{"base_id":630,"kind":"top_words","i1":0,"i2":2,"sol":{"path":["/c/en/ce","/c/en/ad","/c/en/han","/c/en/dynasty"],"weight":0.21189999999999892},"num_concepts_raised":22727},{"base_id":630,"kind":"top_words","i1":0,"i2":3,"sol":{"path":["/c/en/ce","/c/en/ad"],"weight":0.20500000000000002},"num_concepts_raised":410},{"base_id":630,"kind":"top_words","i1":0,"i2":4,"sol":{"path":["/c/en/ce","/c/en/ad","/c/en/century","/c/en/centuries"],"weight":0.20751999999999926},"num_concepts_raised":10223},{"base_id":630,"kind":"top_words","i1":0,"i2":5,"sol":{"path":["/c/en/ce","/c/en/ad","/c/en/century"],"weight":0.20400000000000001},"num_concepts_raised":661},{"base_id":630,"kind":"top_words","i1":0,"i2":6,"sol":{"path":["/c/en/ce","/c/en/ad","/c/en/bc"],"weight":0.20500000000000002},"num_concepts_raised":257},{"base_id":630,"kind":"top_words","i1":0,"i2":7,"sol":{"path":["/c/en/ce","/c/en/church_of_england","/c/en/christian","/c/en/romans"],"weight":0.20976999999999918},"num_concepts_raised":10936},{"base_id":630,"kind":"top_words","i1":0,"i2":8,"sol":{"path":["/c/en/ce","/c/la/ad","/c/fr/vers","/c/en/circa"],"weight":0.21230999999999914},"num_concepts_raised":14874},{"base_id":630,"kind":"top_words","i1":0,"i2":9,"sol":{"path":["/c/en/ce","/c/en/ad","/c/en/han","/c/en/dynasty","/c/en/dynasties"],"weight":0.2075199999999993},"num_concepts_raised":6861},{"base_id":630,"kind":"top_words","i1":1,"i2":2,"sol":{"path":["/c/en/bce","/c/en/bc","/c/en/zhou","/c/en/dynasty"],"weight":0.20963999999999944},"num_concepts_raised":18436},{"base_id":630,"kind":"top_words","i1":1,"i2":3,"sol":{"path":["/c/en/bce","/c/en/ce","/c/en/ad"],"weight":0.20500000000000002},"num_concepts_raised":284},{"base_id":630,"kind":"top_words","i1":1,"i2":4,"sol":{"path":["/c/en/bce","/c/en/ce","/c/en/ad","/c/en/century","/c/en/centuries"],"weight":0.2061299999999998},"num_concepts_raised":5880},{"base_id":630,"kind":"top_words","i1":1,"i2":5,"sol":{"path":["/c/en/bce","/c/fr/aec","/c/fr/siècle","/c/en/century"],"weight":0.2164799999999995},"num_concepts_raised":64437},{"base_id":630,"kind":"top_words","i1":1,"i2":6,"sol":{"path":["/c/en/bce","/c/en/bc"],"weight":0.20400000000000001},"num_concepts_raised":117},{"base_id":630,"kind":"top_words","i1":1,"i2":7,"sol":{"path":["/c/en/bce","/c/en/bc","/c/en/ab_urbe_condita","/c/en/roman","/c/en/romans"],"weight":0.2115399999999997},"num_concepts_raised":6548},{"base_id":630,"kind":"top_words","i1":1,"i2":8,"sol":{"path":["/c/en/bce","/c/en/ce","/c/la/ad","/c/fr/vers","/c/en/circa"],"weight":0.21290999999999966},"num_concepts_raised":10539},{"base_id":630,"kind":"top_words","i1":1,"i2":9,"sol":{"path":["/c/en/bce","/c/en/bc","/c/en/zhou","/c/en/dynasty","/c/en/dynasties"],"weight":0.20509999999999984},"num_concepts_raised":2447},{"base_id":630,"kind":"top_words","i1":2,"i2":3,"sol":{"path":["/c/en/dynasty","/c/en/han","/c/en/ad"],"weight":0.203},"num_concepts_raised":544},{"base_id":630,"kind":"top_words","i1":2,"i2":4,"sol":{"path":["/c/en/dynasty","/c/en/zhou","/c/en/century","/c/en/centuries"],"weight":0.20928999999999945},"num_concepts_raised":22338},{"base_id":630,"kind":"top_words","i1":2,"i2":5,"sol":{"path":["/c/en/dynasty","/c/en/zhou","/c/en/century"],"weight":0.203},"num_concepts_raised":779},{"base_id":630,"kind":"top_words","i1":2,"i2":6,"sol":{"path":["/c/en/dynasty","/c/en/han","/c/en/bc"],"weight":0.203},"num_concepts_raised":380},{"base_id":630,"kind":"top_words","i1":2,"i2":7,"sol":{"path":["/c/en/dynasty","/c/en/empire","/c/en/roman","/c/en/romans"],"weight":0.21566999999999936},"num_concepts_raised":23220},{"base_id":630,"kind":"top_words","i1":2,"i2":8,"sol":{"path":["/c/en/dynasty","/c/en/qing","/c/ja/頃","/c/en/circa"],"weight":0.21395999999999932},"num_concepts_raised":27049},{"base_id":630,"kind":"top_words","i1":2,"i2":9,"sol":{"path":["/c/en/dynasty","/c/en/dynasties"],"weight":0.20400000000000001},"num_concepts_raised":318},{"base_id":630,"kind":"top_words","i1":3,"i2":4,"sol":{"path":["/c/en/ad","/c/en/century","/c/en/centuries"],"weight":0.203},"num_concepts_raised":277},{"base_id":630,"kind":"top_words","i1":3,"i2":5,"sol":{"path":["/c/en/ad","/c/en/century"],"weight":0.202},"num_concepts_raised":724},{"base_id":630,"kind":"top_words","i1":3,"i2":6,"sol":{"path":["/c/en/ad","/c/en/bc"],"weight":0.20400000000000001},"num_concepts_raised":318},{"base_id":630,"kind":"top_words","i1":3,"i2":7,"sol":{"path":["/c/en/ad","/c/en/century","/c/en/roman","/c/en/romans"],"weight":0.2132699999999992},"num_concepts_raised":73816},{"base_id":630,"kind":"top_words","i1":3,"i2":8,"sol":{"path":["/c/en/ad","/c/la/ad","/c/fr/vers","/c/en/circa"],"weight":0.2148499999999992},"num_concepts_raised":76972},{"base_id":630,"kind":"top_words","i1":3,"i2":9,"sol":{"path":["/c/en/ad","/c/en/han","/c/en/dynasty","/c/en/dynasties"],"weight":0.20678999999999936},"num_concepts_raised":69963},{"base_id":630,"kind":"top_words","i1":4,"i2":5,"sol":{"path":["/c/en/centuries","/c/en/century"],"weight":0.20400000000000001},"num_concepts_raised":511},{"base_id":630,"kind":"top_words","i1":4,"i2":6,"sol":{"path":["/c/en/centuries","/c/en/century","/c/en/ad","/c/en/bc"],"weight":0.20580999999999972},"num_concepts_raised":26842},{"base_id":630,"kind":"top_words","i1":4,"i2":7,"sol":{"path":["/c/en/centuries","/c/en/century","/c/en/roman","/c/en/romans"],"weight":0.2111899999999997},"num_concepts_raised":10832},{"base_id":630,"kind":"top_words","i1":4,"i2":8,"sol":{"path":["/c/en/centuries","/c/en/century","/c/en/c","/c/en/circa"],"weight":0.20965999999999968},"num_concepts_raised":14777},{"base_id":630,"kind":"top_words","i1":4,"i2":9,"sol":{"path":["/c/en/centuries","/c/en/century","/c/zh/太平","/c/en/dynasties"],"weight":0.20368999999999982},"num_concepts_raised":6760},{"base_id":630,"kind":"top_words","i1":5,"i2":6,"sol":{"path":["/c/en/century","/c/en/ad","/c/en/bc"],"weight":0.203},"num_concepts_raised":563},{"base_id":630,"kind":"top_words","i1":5,"i2":7,"sol":{"path":["/c/en/century","/c/en/roman","/c/en/romans"],"weight":0.20500000000000002},"num_concepts_raised":544},{"base_id":630,"kind":"top_words","i1":5,"i2":8,"sol":{"path":["/c/en/century","/c/en/c","/c/en/circa"],"weight":0.20400000000000001},"num_concepts_raised":576},{"base_id":630,"kind":"top_words","i1":5,"i2":9,"sol":{"path":["/c/en/century","/c/en/taiping","/c/en/dynasties"],"weight":0.202},"num_concepts_raised":507},{"base_id":630,"kind":"top_words","i1":6,"i2":7,"sol":{"path":["/c/en/bc","/c/en/ab_urbe_condita","/c/en/roman","/c/en/romans"],"weight":0.21105999999999964},"num_concepts_raised":27503},{"base_id":630,"kind":"top_words","i1":6,"i2":8,"sol":{"path":["/c/en/bc","/c/en/ac","/c/en/c","/c/en/circa"],"weight":0.21060999999999958},"num_concepts_raised":31212},{"base_id":630,"kind":"top_words","i1":6,"i2":9,"sol":{"path":["/c/en/bc","/c/en/han","/c/en/dynasty","/c/en/dynasties"],"weight":0.20463999999999977},"num_concepts_raised":23473},{"base_id":630,"kind":"top_words","i1":7,"i2":8,"sol":{"path":["/c/en/romans","/c/en/band","/c/en/about","/c/en/circa"],"weight":0.21452999999999955},"num_concepts_raised":15411},{"base_id":630,"kind":"top_words","i1":7,"i2":9,"sol":{"path":["/c/en/romans","/c/en/roman","/c/en/empire","/c/en/dynasty","/c/en/dynasties"],"weight":0.2111899999999997},"num_concepts_raised":7433},{"base_id":630,"kind":"top_words","i1":8,"i2":9,"sol":{"path":["/c/en/circa","/c/en/united_states","/c/en/china","/c/en/dynasties"],"weight":0.2086199999999997},"num_concepts_raised":11399}]]