[[{"base_id":185,"kind":"bot_words","i1":0,"i2":1,"sol":{"path":["/c/en/tarot","/c/en/card_game","/c/en/book","/c/en/tommyknockers"],"weight":0.2144599999999996},"num_concepts_raised":21405},{"base_id":185,"kind":"bot_words","i1":0,"i2":2,"sol":{"path":["/c/en/tarot","/c/en/coin","/c/en/reverse","/c/en/backflip"],"weight":0.2098399999999996},"num_concepts_raised":25694},{"base_id":185,"kind":"bot_words","i1":0,"i2":3,"sol":{"path":["/c/en/tarot","/c/en/suit","/c/en/run","/c/en/afraid"],"weight":0.21494999999999911},"num_concepts_raised":33895},{"base_id":185,"kind":"bot_words","i1":0,"i2":4,"sol":{"path":["/c/en/tarot","/c/en/trump","/c/en/slang","/c/en/lunchbox"],"weight":0.2124999999999996},"num_concepts_raised":50941},{"base_id":185,"kind":"bot_words","i1":0,"i2":5,"sol":{"path":["/c/en/tarot","/c/en/used","/c/en/chair","/c/en/sofa"],"weight":0.2162899999999995},"num_concepts_raised":38761},{"base_id":185,"kind":"bot_words","i1":0,"i2":6,"sol":{"path":["/c/en/tarot","/c/en/trump","/c/en/slang","/c/en/eh"],"weight":0.2122799999999994},"num_concepts_raised":46579},{"base_id":185,"kind":"bot_words","i1":0,"i2":7,"sol":{"path":["/c/en/tarot","/c/en/cup","/c/en/alive","/c/en/extant"],"weight":0.2104799999999996},"num_concepts_raised":21789},{"base_id":185,"kind":"bot_words","i1":0,"i2":8,"sol":{"path":["/c/en/tarot","/c/en/play","/c/en/work","/c/en/bulwark","/c/en/bulwarks"],"weight":0.2125299999999996},"num_concepts_raised":20453},{"base_id":185,"kind":"bot_words","i1":0,"i2":9,"sol":{"path":["/c/en/tarot","/c/en/playing_card","/c/en/cut","/c/en/adulterate","/c/en/adulterant"],"weight":0.21059999999999965},"num_concepts_raised":19729},{"base_id":185,"kind":"bot_words","i1":1,"i2":2,"sol":{"path":["/c/en/tommyknockers","/c/en/book","/c/en/back","/c/en/backflip"],"weight":0.20808999999999983},"num_concepts_raised":11190},{"base_id":185,"kind":"bot_words","i1":1,"i2":3,"sol":{"path":["/c/en/tommyknockers","/c/en/book","/c/en/fear","/c/en/afraid"],"weight":0.2170499999999993},"num_concepts_raised":19468},{"base_id":185,"kind":"bot_words","i1":1,"i2":4,"sol":{"path":["/c/en/tommyknockers","/c/en/book","/c/en/slang","/c/en/lunchbox"],"weight":0.20845999999999984},"num_concepts_raised":37033},{"base_id":185,"kind":"bot_words","i1":1,"i2":5,"sol":{"path":["/c/en/tommyknockers","/c/en/book","/c/en/bed","/c/en/sofa"],"weight":0.21356999999999973},"num_concepts_raised":24564},{"base_id":185,"kind":"bot_words","i1":1,"i2":6,"sol":{"path":["/c/en/tommyknockers","/c/en/book","/c/en/slang","/c/en/eh"],"weight":0.20822999999999967},"num_concepts_raised":32483},{"base_id":185,"kind":"bot_words","i1":1,"i2":7,"sol":{"path":["/c/en/tommyknockers","/c/en/book","/c/en/cunabula","/c/en/extant"],"weight":0.20854999999999985},"num_concepts_raised":7102},{"base_id":185,"kind":"bot_words","i1":1,"i2":8,"sol":{"path":["/c/en/tommyknockers","/c/en/book","/c/en/work","/c/en/bulwark","/c/en/bulwarks"],"weight":0.21072999999999983},"num_concepts_raised":5712},{"base_id":185,"kind":"bot_words","i1":1,"i2":9,"sol":{"path":["/c/en/tommyknockers","/c/en/book","/c/en/material","/c/en/substance","/c/en/adulterant"],"weight":0.20773999999999987},"num_concepts_raised":4983},{"base_id":185,"kind":"bot_words","i1":2,"i2":3,"sol":{"path":["/c/en/backflip","/c/en/backward","/c/en/timid","/c/en/afraid"],"weight":0.20979999999999938},"num_concepts_raised":23828},{"base_id":185,"kind":"bot_words","i1":2,"i2":4,"sol":{"path":["/c/en/backflip","/c/en/flip","/c/en/computing","/c/en/lunchbox"],"weight":0.2048799999999999},"num_concepts_raised":41319},{"base_id":185,"kind":"bot_words","i1":2,"i2":5,"sol":{"path":["/c/en/backflip","/c/en/back","/c/en/chair","/c/en/sofa"],"weight":0.21003999999999978},"num_concepts_raised":28862},{"base_id":185,"kind":"bot_words","i1":2,"i2":6,"sol":{"path":["/c/en/backflip","/c/en/flip","/c/en/slang","/c/en/eh"],"weight":0.20464999999999972},"num_concepts_raised":36778},{"base_id":185,"kind":"bot_words","i1":2,"i2":7,"sol":{"path":["/c/en/backflip","/c/en/back","/c/en/current","/c/en/existent","/c/en/extant"],"weight":0.20640999999999987},"num_concepts_raised":11607},{"base_id":185,"kind":"bot_words","i1":2,"i2":8,"sol":{"path":["/c/en/backflip","/c/en/back","/c/en/ship","/c/en/bulwarks"],"weight":0.20308999999999988},"num_concepts_raised":10209},{"base_id":185,"kind":"bot_words","i1":2,"i2":9,"sol":{"path":["/c/en/backflip","/c/en/u_turn","/c/en/vehicle","/c/en/substance","/c/en/adulterant"],"weight":0.2051099999999999},"num_concepts_raised":9476},{"base_id":185,"kind":"bot_words","i1":3,"i2":4,"sol":{"path":["/c/en/afraid","/c/en/run","/c/en/slang","/c/en/lunchbox"],"weight":0.20891999999999938},"num_concepts_raised":49241},{"base_id":185,"kind":"bot_words","i1":3,"i2":5,"sol":{"path":["/c/en/afraid","/c/en/timid","/c/en/people","/c/en/sofa"],"weight":0.21478999999999926},"num_concepts_raised":37020},{"base_id":185,"kind":"bot_words","i1":3,"i2":6,"sol":{"path":["/c/en/afraid","/c/en/run","/c/en/slang","/c/en/eh"],"weight":0.2086799999999992},"num_concepts_raised":44793},{"base_id":185,"kind":"bot_words","i1":3,"i2":7,"sol":{"path":["/c/en/afraid","/c/fro/esfreer","/c/la/ex","/c/en/extant"],"weight":0.20993999999999935},"num_concepts_raised":19803},{"base_id":185,"kind":"bot_words","i1":3,"i2":8,"sol":{"path":["/c/en/afraid","/c/en/run","/c/en/ship","/c/en/bulwarks"],"weight":0.20809999999999934},"num_concepts_raised":18467},{"base_id":185,"kind":"bot_words","i1":3,"i2":9,"sol":{"path":["/c/en/afraid","/c/en/fear","/c/en/reaction","/c/en/substance","/c/en/adulterant"],"weight":0.21207999999999932},"num_concepts_raised":17743},{"base_id":185,"kind":"bot_words","i1":4,"i2":5,"sol":{"path":["/c/en/lunchbox","/c/en/wiener_dog","/c/en/couch","/c/en/sofa"],"weight":0.21494999999999975},"num_concepts_raised":54149},{"base_id":185,"kind":"bot_words","i1":4,"i2":6,"sol":{"path":["/c/en/lunchbox","/c/en/slang","/c/en/eh"],"weight":0.202},"num_concepts_raised":139},{"base_id":185,"kind":"bot_words","i1":4,"i2":7,"sol":{"path":["/c/en/lunchbox","/c/en/slang","/c/en/real","/c/en/existent","/c/en/extant"],"weight":0.2068699999999999},"num_concepts_raised":37490},{"base_id":185,"kind":"bot_words","i1":4,"i2":8,"sol":{"path":["/c/en/lunchbox","/c/en/lunch","/c/en/work","/c/en/bulwark","/c/en/bulwarks"],"weight":0.20749999999999988},"num_concepts_raised":36105},{"base_id":185,"kind":"bot_words","i1":4,"i2":9,"sol":{"path":["/c/en/lunchbox","/c/en/computer","/c/en/cut","/c/en/adulterate","/c/en/adulterant"],"weight":0.2046199999999999},"num_concepts_raised":35417},{"base_id":185,"kind":"bot_words","i1":5,"i2":6,"sol":{"path":["/c/en/sofa","/c/en/couch","/c/en/canada","/c/en/eh"],"weight":0.21476999999999957},"num_concepts_raised":49671},{"base_id":185,"kind":"bot_words","i1":5,"i2":7,"sol":{"path":["/c/en/sofa","/c/en/couch","/c/en/living","/c/en/extant"],"weight":0.2162899999999997},"num_concepts_raised":24928},{"base_id":185,"kind":"bot_words","i1":5,"i2":8,"sol":{"path":["/c/en/sofa","/c/en/couch","/c/en/big","/c/en/ship","/c/en/bulwarks"],"weight":0.21427999999999972},"num_concepts_raised":23622},{"base_id":185,"kind":"bot_words","i1":5,"i2":9,"sol":{"path":["/c/en/sofa","/c/en/couch","/c/fr/étendre","/c/en/adulterate","/c/en/adulterant"],"weight":0.21533999999999975},"num_concepts_raised":22927},{"base_id":185,"kind":"bot_words","i1":6,"i2":7,"sol":{"path":["/c/en/eh","/c/en/slang","/c/en/real","/c/en/existent","/c/en/extant"],"weight":0.2066399999999997},"num_concepts_raised":32921},{"base_id":185,"kind":"bot_words","i1":6,"i2":8,"sol":{"path":["/c/en/eh","/c/en/internet","/c/en/wall","/c/en/bulwark","/c/en/bulwarks"],"weight":0.2063299999999997},"num_concepts_raised":31508},{"base_id":185,"kind":"bot_words","i1":6,"i2":9,"sol":{"path":["/c/en/eh","/c/en/australia","/c/en/cut","/c/en/adulterate","/c/en/adulterant"],"weight":0.20433999999999974},"num_concepts_raised":30813},{"base_id":185,"kind":"bot_words","i1":7,"i2":8,"sol":{"path":["/c/en/extant","/c/en/living","/c/en/sea","/c/en/bulwark","/c/en/bulwarks"],"weight":0.20769999999999988},"num_concepts_raised":6110},{"base_id":185,"kind":"bot_words","i1":7,"i2":9,"sol":{"path":["/c/en/extant","/c/en/existence","/c/en/substance","/c/en/adulterant"],"weight":0.2037199999999999},"num_concepts_raised":5341},{"base_id":185,"kind":"bot_words","i1":8,"i2":9,"sol":{"path":["/c/en/bulwarks","/c/en/ship","/c/fr/qualité","/c/en/adulterate","/c/en/adulterant"],"weight":0.2037799999999999},"num_concepts_raised":3971}],[{"base_id":185,"kind":"top_words","i1":0,"i2":1,"sol":{"path":["/c/en/kidnapping","/c/en/attack","/c/en/rush","/c/en/spate"],"weight":0.21019999999999994},"num_concepts_raised":15169},{"base_id":185,"kind":"top_words","i1":0,"i2":2,"sol":{"path":["/c/en/kidnapping","/c/en/kidnap"],"weight":0.20700000000000002},"num_concepts_raised":322},{"base_id":185,"kind":"top_words","i1":0,"i2":3,"sol":{"path":["/c/en/kidnapping","/c/en/abduction"],"weight":0.20700000000000002},"num_concepts_raised":225},{"base_id":185,"kind":"top_words","i1":0,"i2":4,"sol":{"path":["/c/en/kidnapping","/c/en/ransom"],"weight":0.20400000000000001},"num_concepts_raised":310},{"base_id":185,"kind":"top_words","i1":0,"i2":5,"sol":{"path":["/c/en/kidnapping","/c/en/kidnap","/c/en/black_hand","/c/en/extortion"],"weight":0.2164299999999999},"num_concepts_raised":24352},{"base_id":185,"kind":"top_words","i1":0,"i2":6,"sol":{"path":["/c/en/kidnapping","/c/en/legal","/c/en/extrajudicial"],"weight":0.20400000000000001},"num_concepts_raised":158},{"base_id":185,"kind":"top_words","i1":0,"i2":7,"sol":{"path":["/c/en/kidnapping","/c/en/kidnap","/c/en/hostage"],"weight":0.20800000000000002},"num_concepts_raised":289},{"base_id":185,"kind":"top_words","i1":0,"i2":8,"sol":{"path":["/c/en/kidnapping","/c/fr/enlèvement","/c/fr/action","/c/fr/décapitation","/c/en/beheading"],"weight":0.21705000000000013},"num_concepts_raised":13641},{"base_id":185,"kind":"top_words","i1":0,"i2":9,"sol":{"path":["/c/en/kidnapping","/c/en/attack","/c/en/violence"],"weight":0.20600000000000002},"num_concepts_raised":587},{"base_id":185,"kind":"top_words","i1":1,"i2":2,"sol":{"path":["/c/en/spate","/c/ja/多発","/c/en/instance","/c/en/kidnap"],"weight":0.2063499999999997},"num_concepts_raised":10617},{"base_id":185,"kind":"top_words","i1":1,"i2":3,"sol":{"path":["/c/en/spate","/c/en/flood","/c/en/person","/c/en/abduction"],"weight":0.20498999999999964},"num_concepts_raised":40834},{"base_id":185,"kind":"top_words","i1":1,"i2":4,"sol":{"path":["/c/en/spate","/c/en/batch","/c/en/uk","/c/en/ransom"],"weight":0.20550999999999958},"num_concepts_raised":36529},{"base_id":185,"kind":"top_words","i1":1,"i2":5,"sol":{"path":["/c/en/spate","/c/en/rush","/c/en/pressure","/c/en/blackmail","/c/en/extortion"],"weight":0.2071899999999997},"num_concepts_raised":15613},{"base_id":185,"kind":"top_words","i1":1,"i2":6,"sol":{"path":["/c/en/spate","/c/en/overflow","/c/en/run","/c/en/illegal","/c/en/extrajudicial"],"weight":0.2041399999999999},"num_concepts_raised":11442},{"base_id":185,"kind":"top_words","i1":1,"i2":7,"sol":{"path":["/c/en/spate","/c/en/flood","/c/en/person","/c/en/hostage"],"weight":0.21184000000000003},"num_concepts_raised":25106},{"base_id":185,"kind":"top_words","i1":1,"i2":8,"sol":{"path":["/c/en/spate","/c/en/rash","/c/en/disease","/c/en/decapitation","/c/en/beheading"],"weight":0.20562999999999998},"num_concepts_raised":4263},{"base_id":185,"kind":"top_words","i1":1,"i2":9,"sol":{"path":["/c/en/spate","/c/en/rush","/c/en/attack","/c/en/violence"],"weight":0.21478999999999882},"num_concepts_raised":48491},{"base_id":185,"kind":"top_words","i1":2,"i2":3,"sol":{"path":["/c/en/kidnap","/c/en/abduction"],"weight":0.202},"num_concepts_raised":347},{"base_id":185,"kind":"top_words","i1":2,"i2":4,"sol":{"path":["/c/en/kidnap","/c/en/ransom"],"weight":0.202},"num_concepts_raised":408},{"base_id":185,"kind":"top_words","i1":2,"i2":5,"sol":{"path":["/c/en/kidnap","/c/en/black_hand","/c/en/extortion"],"weight":0.202},"num_concepts_raised":349},{"base_id":185,"kind":"top_words","i1":2,"i2":6,"sol":{"path":["/c/en/kidnap","/c/en/kidnapping","/c/en/legal","/c/en/extrajudicial"],"weight":0.20829999999999982},"num_concepts_raised":16035},{"base_id":185,"kind":"top_words","i1":2,"i2":7,"sol":{"path":["/c/en/kidnap","/c/en/hostage"],"weight":0.20400000000000001},"num_concepts_raised":387},{"base_id":185,"kind":"top_words","i1":2,"i2":8,"sol":{"path":["/c/en/kidnap","/c/en/crime","/c/en/killing","/c/en/beheading"],"weight":0.2074299999999999},"num_concepts_raised":9076},{"base_id":185,"kind":"top_words","i1":2,"i2":9,"sol":{"path":["/c/en/kidnap","/c/en/abduct","/c/en/violence"],"weight":0.20600000000000002},"num_concepts_raised":684},{"base_id":185,"kind":"top_words","i1":3,"i2":4,"sol":{"path":["/c/en/abduction","/c/en/kidnapping","/c/en/ransom"],"weight":0.20400000000000001},"num_concepts_raised":326},{"base_id":185,"kind":"top_words","i1":3,"i2":5,"sol":{"path":["/c/en/abduction","/c/syc/ܚܛܘܦܝܐ","/c/en/extortion"],"weight":0.202},"num_concepts_raised":264},{"base_id":185,"kind":"top_words","i1":3,"i2":6,"sol":{"path":["/c/en/abduction","/c/en/kidnapping","/c/en/legal","/c/en/extrajudicial"],"weight":0.20802999999999977},"num_concepts_raised":46033},{"base_id":185,"kind":"top_words","i1":3,"i2":7,"sol":{"path":["/c/en/abduction","/c/en/kidnap","/c/en/hostage"],"weight":0.20400000000000001},"num_concepts_raised":303},{"base_id":185,"kind":"top_words","i1":3,"i2":8,"sol":{"path":["/c/en/abduction","/c/en/crime","/c/en/killing","/c/en/beheading"],"weight":0.20571999999999985},"num_concepts_raised":39313},{"base_id":185,"kind":"top_words","i1":3,"i2":9,"sol":{"path":["/c/en/abduction","/c/en/abduct","/c/en/violence"],"weight":0.20500000000000002},"num_concepts_raised":600},{"base_id":185,"kind":"top_words","i1":4,"i2":5,"sol":{"path":["/c/en/ransom","/c/en/money","/c/en/extortion"],"weight":0.202},"num_concepts_raised":320},{"base_id":185,"kind":"top_words","i1":4,"i2":6,"sol":{"path":["/c/en/ransom","/c/en/legal","/c/en/extrajudicial"],"weight":0.202},"num_concepts_raised":229},{"base_id":185,"kind":"top_words","i1":4,"i2":7,"sol":{"path":["/c/en/ransom","/c/en/hostage"],"weight":0.20600000000000002},"num_concepts_raised":354},{"base_id":185,"kind":"top_words","i1":4,"i2":8,"sol":{"path":["/c/en/ransom","/c/en/historical","/c/zh/問斬","/c/en/beheading"],"weight":0.20747999999999978},"num_concepts_raised":35004},{"base_id":185,"kind":"top_words","i1":4,"i2":9,"sol":{"path":["/c/en/ransom","/c/en/legal","/c/en/force","/c/en/violence"],"weight":0.22245999999999858},"num_concepts_raised":77344},{"base_id":185,"kind":"top_words","i1":5,"i2":6,"sol":{"path":["/c/en/extortion","/c/en/illegal","/c/en/extrajudicial"],"weight":0.203},"num_concepts_raised":164},{"base_id":185,"kind":"top_words","i1":5,"i2":7,"sol":{"path":["/c/en/extortion","/c/en/extort","/c/en/take","/c/en/hostage"],"weight":0.21555},"num_concepts_raised":34380},{"base_id":185,"kind":"top_words","i1":5,"i2":8,"sol":{"path":["/c/en/extortion","/c/en/blackmail","/c/en/historical","/c/zh/問斬","/c/en/beheading"],"weight":0.20911999999999992},"num_concepts_raised":14080},{"base_id":185,"kind":"top_words","i1":5,"i2":9,"sol":{"path":["/c/en/extortion","/c/en/force","/c/en/violence"],"weight":0.20600000000000002},"num_concepts_raised":591},{"base_id":185,"kind":"top_words","i1":6,"i2":7,"sol":{"path":["/c/en/extrajudicial","/c/en/legal","/c/en/ransom","/c/en/hostage"],"weight":0.2140600000000002},"num_concepts_raised":30410},{"base_id":185,"kind":"top_words","i1":6,"i2":8,"sol":{"path":["/c/en/extrajudicial","/c/fil/vigilante","/c/en/killing","/c/en/beheading"],"weight":0.20407000000000008},"num_concepts_raised":9880},{"base_id":185,"kind":"top_words","i1":6,"i2":9,"sol":{"path":["/c/en/extrajudicial","/c/en/legal","/c/en/force","/c/en/violence"],"weight":0.2200399999999989},"num_concepts_raised":53726},{"base_id":185,"kind":"top_words","i1":7,"i2":8,"sol":{"path":["/c/en/hostage","/c/en/make","/c/en/heading","/c/en/beheading"],"weight":0.21244000000000024},"num_concepts_raised":23584},{"base_id":185,"kind":"top_words","i1":7,"i2":9,"sol":{"path":["/c/en/hostage","/c/en/terrorist","/c/en/violence"],"weight":0.20600000000000002},"num_concepts_raised":634},{"base_id":185,"kind":"top_words","i1":8,"i2":9,"sol":{"path":["/c/en/beheading","/c/en/killing","/c/en/war","/c/en/violence"],"weight":0.21814999999999898},"num_concepts_raised":46916}]]