[[{"base_id":747,"kind":"bot_words","i1":0,"i2":1,"sol":{"path":["/c/en/hydrazine","/c/en/monomethylhydrazine","/c/en/chemistry","/c/en/physics","/c/en/viscoelasticity"],"weight":0.21664999999999973},"num_concepts_raised":26408},{"base_id":747,"kind":"bot_words","i1":0,"i2":2,"sol":{"path":["/c/en/hydrazine","/c/en/liquid","/c/en/spray","/c/en/spraying"],"weight":0.2105199999999997},"num_concepts_raised":19353},{"base_id":747,"kind":"bot_words","i1":0,"i2":3,"sol":{"path":["/c/en/hydrazine","/c/en/arylhydrazine","/c/en/organic_chemistry","/c/en/aaa"],"weight":0.21131999999999973},"num_concepts_raised":51889},{"base_id":747,"kind":"bot_words","i1":0,"i2":4,"sol":{"path":["/c/en/hydrazine","/c/en/compound","/c/en/legal","/c/en/tenth","/c/en/10th"],"weight":0.2106499999999998},"num_concepts_raised":18019},{"base_id":747,"kind":"bot_words","i1":0,"i2":5,"sol":{"path":["/c/en/hydrazine","/c/en/liquid","/c/en/like","/c/en/brethren"],"weight":0.2101299999999997},"num_concepts_raised":24417},{"base_id":747,"kind":"bot_words","i1":0,"i2":6,"sol":{"path":["/c/en/hydrazine","/c/en/compound","/c/en/wax","/c/en/romantic"],"weight":0.21510999999999864},"num_concepts_raised":54638},{"base_id":747,"kind":"bot_words","i1":0,"i2":7,"sol":{"path":["/c/en/hydrazine","/c/en/liquid","/c/en/skin","/c/en/erythema"],"weight":0.20976999999999973},"num_concepts_raised":20546},{"base_id":747,"kind":"bot_words","i1":0,"i2":8,"sol":{"path":["/c/en/hydrazine","/c/en/base","/c/en/transmutation","/c/en/supposed","/c/en/purported"],"weight":0.20929999999999976},"num_concepts_raised":17907},{"base_id":747,"kind":"bot_words","i1":0,"i2":9,"sol":{"path":["/c/en/hydrazine","/c/en/liquid","/c/en/cry","/c/en/gale"],"weight":0.21713999999999942},"num_concepts_raised":45563},{"base_id":747,"kind":"bot_words","i1":1,"i2":2,"sol":{"path":["/c/en/viscoelasticity","/c/en/physics","/c/en/jet","/c/en/spray","/c/en/spraying"],"weight":0.20902999999999977},"num_concepts_raised":11324},{"base_id":747,"kind":"bot_words","i1":1,"i2":3,"sol":{"path":["/c/en/viscoelasticity","/c/en/viscous","/c/en/size","/c/en/aaa"],"weight":0.2077199999999998},"num_concepts_raised":44619},{"base_id":747,"kind":"bot_words","i1":1,"i2":4,"sol":{"path":["/c/en/viscoelasticity","/c/en/physics","/c/en/omega","/c/en/ordinal","/c/en/10th"],"weight":0.20886999999999986},"num_concepts_raised":9938},{"base_id":747,"kind":"bot_words","i1":1,"i2":5,"sol":{"path":["/c/en/viscoelasticity","/c/en/physics","/c/en/daughter","/c/en/brother","/c/en/brethren"],"weight":0.21196999999999977},"num_concepts_raised":16422},{"base_id":747,"kind":"bot_words","i1":1,"i2":6,"sol":{"path":["/c/en/viscoelasticity","/c/en/physics","/c/fr/couple","/c/en/romantic"],"weight":0.2134799999999987},"num_concepts_raised":46783},{"base_id":747,"kind":"bot_words","i1":1,"i2":7,"sol":{"path":["/c/en/viscoelasticity","/c/en/elastic","/c/en/skin","/c/en/erythema"],"weight":0.2082299999999998},"num_concepts_raised":12510},{"base_id":747,"kind":"bot_words","i1":1,"i2":8,"sol":{"path":["/c/en/viscoelasticity","/c/en/physics","/c/en/transmutation","/c/en/supposed","/c/en/purported"],"weight":0.20781999999999984},"num_concepts_raised":9812},{"base_id":747,"kind":"bot_words","i1":1,"i2":9,"sol":{"path":["/c/en/viscoelasticity","/c/en/physics","/c/en/charm","/c/en/gale"],"weight":0.21547999999999945},"num_concepts_raised":37571},{"base_id":747,"kind":"bot_words","i1":2,"i2":3,"sol":{"path":["/c/en/spraying","/c/en/spray","/c/en/medicine","/c/en/aaa"],"weight":0.20390999999999976},"num_concepts_raised":37596},{"base_id":747,"kind":"bot_words","i1":2,"i2":4,"sol":{"path":["/c/en/spraying","/c/en/spray","/c/en/sequence","/c/en/ordinal","/c/en/10th"],"weight":0.20497999999999983},"num_concepts_raised":2802},{"base_id":747,"kind":"bot_words","i1":2,"i2":5,"sol":{"path":["/c/en/spraying","/c/en/spray","/c/en/hair","/c/en/sister","/c/en/brethren"],"weight":0.20488999999999974},"num_concepts_raised":9300},{"base_id":747,"kind":"bot_words","i1":2,"i2":6,"sol":{"path":["/c/en/spraying","/c/en/spray","/c/en/mist","/c/en/romantic"],"weight":0.20964999999999867},"num_concepts_raised":39717},{"base_id":747,"kind":"bot_words","i1":2,"i2":7,"sol":{"path":["/c/en/spraying","/c/en/spray","/c/en/computing","/c/en/skin","/c/en/erythema"],"weight":0.20438999999999977},"num_concepts_raised":5368},{"base_id":747,"kind":"bot_words","i1":2,"i2":8,"sol":{"path":["/c/en/spraying","/c/en/irrigation","/c/en/used","/c/en/assumed","/c/en/purported"],"weight":0.2027799999999998},"num_concepts_raised":2680},{"base_id":747,"kind":"bot_words","i1":2,"i2":9,"sol":{"path":["/c/en/spraying","/c/en/flowing","/c/en/cry","/c/en/gale"],"weight":0.2106099999999994},"num_concepts_raised":30495},{"base_id":747,"kind":"bot_words","i1":3,"i2":4,"sol":{"path":["/c/en/aaa","/c/en/finance","/c/en/number","/c/en/tenth","/c/en/10th"],"weight":0.20403999999999986},"num_concepts_raised":36274},{"base_id":747,"kind":"bot_words","i1":3,"i2":5,"sol":{"path":["/c/en/aaa","/c/en/size","/c/en/like","/c/en/brethren"],"weight":0.20347999999999977},"num_concepts_raised":42462},{"base_id":747,"kind":"bot_words","i1":3,"i2":6,"sol":{"path":["/c/en/aaa","/c/en/sports","/c/it/rosa","/c/en/romantic"],"weight":0.20931999999999867},"num_concepts_raised":71993},{"base_id":747,"kind":"bot_words","i1":3,"i2":7,"sol":{"path":["/c/en/aaa","/c/en/video_game","/c/en/skin","/c/en/erythema"],"weight":0.2031399999999998},"num_concepts_raised":38563},{"base_id":747,"kind":"bot_words","i1":3,"i2":8,"sol":{"path":["/c/en/aaa","/c/en/map","/c/en/phantom_island","/c/en/purported"],"weight":0.20259999999999984},"num_concepts_raised":36160},{"base_id":747,"kind":"bot_words","i1":3,"i2":9,"sol":{"path":["/c/en/aaa","/c/en/military","/c/en/storm","/c/en/gale"],"weight":0.21332999999999944},"num_concepts_raised":63047},{"base_id":747,"kind":"bot_words","i1":4,"i2":5,"sol":{"path":["/c/en/10th","/c/en/ordinal","/c/en/roman_catholic","/c/en/brother","/c/en/brethren"],"weight":0.20790999999999982},"num_concepts_raised":7918},{"base_id":747,"kind":"bot_words","i1":4,"i2":6,"sol":{"path":["/c/en/10th","/c/en/tenth","/c/en/historical","/c/en/romantic"],"weight":0.20974999999999877},"num_concepts_raised":38405},{"base_id":747,"kind":"bot_words","i1":4,"i2":7,"sol":{"path":["/c/en/10th","/c/en/tenth","/c/en/scale","/c/en/skin","/c/en/erythema"],"weight":0.20443999999999987},"num_concepts_raised":3980},{"base_id":747,"kind":"bot_words","i1":4,"i2":8,"sol":{"path":["/c/en/10th","/c/en/tenth","/c/en/music","/c/en/cry_blues","/c/en/purported"],"weight":0.20389999999999991},"num_concepts_raised":1272},{"base_id":747,"kind":"bot_words","i1":4,"i2":9,"sol":{"path":["/c/en/10th","/c/en/tenth","/c/en/scale","/c/en/beaufort_scale","/c/en/gale"],"weight":0.21384999999999954},"num_concepts_raised":29154},{"base_id":747,"kind":"bot_words","i1":5,"i2":6,"sol":{"path":["/c/en/brethren","/c/en/brother","/c/en/relationship","/c/en/romantic"],"weight":0.21316999999999864},"num_concepts_raised":44200},{"base_id":747,"kind":"bot_words","i1":5,"i2":7,"sol":{"path":["/c/en/brethren","/c/en/brother","/c/en/human","/c/en/skin","/c/en/erythema"],"weight":0.20730999999999974},"num_concepts_raised":10447},{"base_id":747,"kind":"bot_words","i1":5,"i2":8,"sol":{"path":["/c/en/brethren","/c/en/like","/c/en/believe","/c/en/putative","/c/en/purported"],"weight":0.2045699999999998},"num_concepts_raised":7795},{"base_id":747,"kind":"bot_words","i1":5,"i2":9,"sol":{"path":["/c/en/brethren","/c/en/like","/c/en/wind","/c/en/gale"],"weight":0.21394999999999942},"num_concepts_raised":35271},{"base_id":747,"kind":"bot_words","i1":6,"i2":7,"sol":{"path":["/c/en/romantic","/c/en/romance","/c/en/person","/c/en/sunburn","/c/en/erythema"],"weight":0.21247999999999867},"num_concepts_raised":40893},{"base_id":747,"kind":"bot_words","i1":6,"i2":8,"sol":{"path":["/c/en/romantic","/c/en/fictitious","/c/en/assumed","/c/en/purported"],"weight":0.20830999999999872},"num_concepts_raised":38275},{"base_id":747,"kind":"bot_words","i1":6,"i2":9,"sol":{"path":["/c/en/romantic","/c/en/romance","/c/en/song","/c/en/gale"],"weight":0.21977999999999834},"num_concepts_raised":64694},{"base_id":747,"kind":"bot_words","i1":7,"i2":8,"sol":{"path":["/c/en/erythema","/c/en/skin","/c/en/covering","/c/en/purport","/c/en/purported"],"weight":0.20307999999999984},"num_concepts_raised":3859},{"base_id":747,"kind":"bot_words","i1":7,"i2":9,"sol":{"path":["/c/en/erythema","/c/en/inflammation","/c/en/wind","/c/en/gale"],"weight":0.21342999999999945},"num_concepts_raised":31660},{"base_id":747,"kind":"bot_words","i1":8,"i2":9,"sol":{"path":["/c/en/purported","/c/en/cry_blues","/c/en/sing","/c/en/gale"],"weight":0.2103899999999995},"num_concepts_raised":29036}],[{"base_id":747,"kind":"top_words","i1":0,"i2":1,"sol":{"path":["/c/en/circumnavigate","/c/fr/circumnaviguer","/c/fr/faire","/c/fr/scrupule","/c/en/qualm"],"weight":0.20609999999999984},"num_concepts_raised":19158},{"base_id":747,"kind":"top_words","i1":0,"i2":2,"sol":{"path":["/c/en/circumnavigate","/c/en/compass","/c/en/point","/c/en/succinct","/c/en/compendious"],"weight":0.2061099999999999},"num_concepts_raised":11993},{"base_id":747,"kind":"top_words","i1":0,"i2":3,"sol":{"path":["/c/en/circumnavigate","/c/en/world","/c/en/person","/c/en/clergyperson","/c/en/clergywoman"],"weight":0.20493999999999998},"num_concepts_raised":13619},{"base_id":747,"kind":"top_words","i1":0,"i2":4,"sol":{"path":["/c/en/circumnavigate","/c/en/circle","/c/en/coin","/c/en/payphone"],"weight":0.20395000000000002},"num_concepts_raised":10106},{"base_id":747,"kind":"top_words","i1":0,"i2":5,"sol":{"path":["/c/en/circumnavigate","/c/en/around","/c/en/bone","/c/en/metacarpal"],"weight":0.20643999999999996},"num_concepts_raised":10303},{"base_id":747,"kind":"top_words","i1":0,"i2":6,"sol":{"path":["/c/en/circumnavigate","/c/en/circle","/c/en/square","/c/en/tessera"],"weight":0.20381999999999995},"num_concepts_raised":15803},{"base_id":747,"kind":"top_words","i1":0,"i2":7,"sol":{"path":["/c/en/circumnavigate","/c/en/sail","/c/en/blade","/c/en/homosexual","/c/en/homophile"],"weight":0.20618},"num_concepts_raised":18096},{"base_id":747,"kind":"top_words","i1":0,"i2":8,"sol":{"path":["/c/en/circumnavigate","/c/en/navigate","/c/en/journey","/c/en/date","/c/en/lightbulb"],"weight":0.20470999999999995},"num_concepts_raised":12928},{"base_id":747,"kind":"top_words","i1":0,"i2":9,"sol":{"path":["/c/en/circumnavigate","/c/en/circle","/c/en/ball","/c/en/hailstone"],"weight":0.20483999999999997},"num_concepts_raised":12321},{"base_id":747,"kind":"top_words","i1":1,"i2":2,"sol":{"path":["/c/en/qualm","/c/en/uk","/c/fr/compact","/c/en/compendious"],"weight":0.20331999999999967},"num_concepts_raised":14641},{"base_id":747,"kind":"top_words","i1":1,"i2":3,"sol":{"path":["/c/en/qualm","/c/en/plague","/c/en/person","/c/en/clergyperson","/c/en/clergywoman"],"weight":0.20448999999999973},"num_concepts_raised":16221},{"base_id":747,"kind":"top_words","i1":1,"i2":4,"sol":{"path":["/c/en/qualm","/c/en/uk","/c/en/pip","/c/en/payphone"],"weight":0.20331999999999978},"num_concepts_raised":12750},{"base_id":747,"kind":"top_words","i1":1,"i2":5,"sol":{"path":["/c/en/qualm","/c/en/scruple","/c/en/unit","/c/en/bone","/c/en/metacarpal"],"weight":0.2060499999999997},"num_concepts_raised":12965},{"base_id":747,"kind":"top_words","i1":1,"i2":6,"sol":{"path":["/c/en/qualm","/c/en/uk","/c/en/glass","/c/en/tessera"],"weight":0.2031899999999997},"num_concepts_raised":18447},{"base_id":747,"kind":"top_words","i1":1,"i2":7,"sol":{"path":["/c/en/qualm","/c/en/uk","/c/en/queer","/c/en/homophile"],"weight":0.20330999999999974},"num_concepts_raised":20571},{"base_id":747,"kind":"top_words","i1":1,"i2":8,"sol":{"path":["/c/en/qualm","/c/fr/scrupule","/c/fr/observer","/c/fr/ampoule","/c/en/lightbulb"],"weight":0.2041799999999997},"num_concepts_raised":15555},{"base_id":747,"kind":"top_words","i1":1,"i2":9,"sol":{"path":["/c/en/qualm","/c/fr/scrupule","/c/fr/grain","/c/fr/grêlon","/c/en/hailstone"],"weight":0.20751999999999973},"num_concepts_raised":14987},{"base_id":747,"kind":"top_words","i1":2,"i2":3,"sol":{"path":["/c/en/compendious","/c/en/summary","/c/en/presentation","/c/en/clergyman","/c/en/clergywoman"],"weight":0.20424999999999982},"num_concepts_raised":9006},{"base_id":747,"kind":"top_words","i1":2,"i2":4,"sol":{"path":["/c/en/compendious","/c/en/succinct","/c/en/point","/c/en/coin","/c/en/payphone"],"weight":0.20434999999999987},"num_concepts_raised":5495},{"base_id":747,"kind":"top_words","i1":2,"i2":5,"sol":{"path":["/c/en/compendious","/c/en/compendium","/c/en/item","/c/en/bone","/c/en/metacarpal"],"weight":0.20675999999999978},"num_concepts_raised":5686},{"base_id":747,"kind":"top_words","i1":2,"i2":6,"sol":{"path":["/c/en/compendious","/c/en/concise","/c/ja/しょうし","/c/en/glass","/c/en/tessera"],"weight":0.2042199999999998},"num_concepts_raised":11271},{"base_id":747,"kind":"top_words","i1":2,"i2":7,"sol":{"path":["/c/en/compendious","/c/en/compendium","/c/en/list","/c/en/gay","/c/en/homophile"],"weight":0.20538999999999985},"num_concepts_raised":13542},{"base_id":747,"kind":"top_words","i1":2,"i2":8,"sol":{"path":["/c/en/compendious","/c/en/compendium","/c/en/item","/c/en/couple","/c/en/lightbulb"],"weight":0.20396999999999976},"num_concepts_raised":8346},{"base_id":747,"kind":"top_words","i1":2,"i2":9,"sol":{"path":["/c/en/compendious","/c/en/compact","/c/en/small","/c/en/hail","/c/en/hailstone"],"weight":0.20596999999999982},"num_concepts_raised":7778},{"base_id":747,"kind":"top_words","i1":3,"i2":4,"sol":{"path":["/c/en/clergywoman","/c/en/minister","/c/en/red_box","/c/en/payphone"],"weight":0.20308999999999994},"num_concepts_raised":7114},{"base_id":747,"kind":"top_words","i1":3,"i2":5,"sol":{"path":["/c/en/clergywoman","/c/en/priest","/c/en/fish","/c/en/bone","/c/en/metacarpal"],"weight":0.20578999999999986},"num_concepts_raised":7304},{"base_id":747,"kind":"top_words","i1":3,"i2":6,"sol":{"path":["/c/en/clergywoman","/c/en/clergyperson","/c/en/person","/c/en/square","/c/en/tessera"],"weight":0.20408999999999985},"num_concepts_raised":12911},{"base_id":747,"kind":"top_words","i1":3,"i2":7,"sol":{"path":["/c/en/clergywoman","/c/en/female","/c/en/lesbian","/c/en/homophile"],"weight":0.20301999999999992},"num_concepts_raised":15017},{"base_id":747,"kind":"top_words","i1":3,"i2":8,"sol":{"path":["/c/en/clergywoman","/c/en/female","/c/en/fridge","/c/en/lightbulb"],"weight":0.20271999999999984},"num_concepts_raised":9944},{"base_id":747,"kind":"top_words","i1":3,"i2":9,"sol":{"path":["/c/en/clergywoman","/c/en/christian","/c/de/übertragen","/c/en/hail","/c/en/hailstone"],"weight":0.2057799999999999},"num_concepts_raised":9399},{"base_id":747,"kind":"top_words","i1":4,"i2":5,"sol":{"path":["/c/en/payphone","/c/en/tickey_box","/c/en/slang","/c/en/bone","/c/en/metacarpal"],"weight":0.2067799999999999},"num_concepts_raised":3805},{"base_id":747,"kind":"top_words","i1":4,"i2":6,"sol":{"path":["/c/en/payphone","/c/en/pip","/c/en/stone","/c/en/tessera"],"weight":0.20301999999999992},"num_concepts_raised":9375},{"base_id":747,"kind":"top_words","i1":4,"i2":7,"sol":{"path":["/c/en/payphone","/c/en/tickey_box","/c/en/slang","/c/en/gay","/c/en/homophile"],"weight":0.20540999999999995},"num_concepts_raised":11537},{"base_id":747,"kind":"top_words","i1":4,"i2":8,"sol":{"path":["/c/en/payphone","/c/en/coin","/c/en/two","/c/en/date","/c/en/lightbulb"],"weight":0.20299999999999987},"num_concepts_raised":6455},{"base_id":747,"kind":"top_words","i1":4,"i2":9,"sol":{"path":["/c/en/payphone","/c/en/telephone_booth","/c/en/call","/c/en/hail","/c/en/hailstone"],"weight":0.20596999999999993},"num_concepts_raised":5876},{"base_id":747,"kind":"top_words","i1":5,"i2":6,"sol":{"path":["/c/en/metacarpal","/c/en/bone","/c/en/ivory","/c/en/tessera"],"weight":0.20561999999999986},"num_concepts_raised":9546},{"base_id":747,"kind":"top_words","i1":5,"i2":7,"sol":{"path":["/c/en/metacarpal","/c/en/bone","/c/en/human","/c/en/homosexual","/c/en/homophile"],"weight":0.2079499999999999},"num_concepts_raised":11842},{"base_id":747,"kind":"top_words","i1":5,"i2":8,"sol":{"path":["/c/en/metacarpal","/c/en/bone","/c/en/socket","/c/en/light_bulb","/c/en/lightbulb"],"weight":0.2055699999999998},"num_concepts_raised":6644},{"base_id":747,"kind":"top_words","i1":5,"i2":9,"sol":{"path":["/c/en/metacarpal","/c/en/bone","/c/en/hard","/c/en/hail","/c/en/hailstone"],"weight":0.20846999999999988},"num_concepts_raised":6073},{"base_id":747,"kind":"top_words","i1":6,"i2":7,"sol":{"path":["/c/en/tessera","/c/en/stone","/c/en/lgbt","/c/en/homosexual","/c/en/homophile"],"weight":0.20530999999999988},"num_concepts_raised":17383},{"base_id":747,"kind":"top_words","i1":6,"i2":8,"sol":{"path":["/c/en/tessera","/c/en/stone","/c/en/singapore","/c/en/lightbulb"],"weight":0.2027899999999998},"num_concepts_raised":12215},{"base_id":747,"kind":"top_words","i1":6,"i2":9,"sol":{"path":["/c/en/tessera","/c/en/glass","/c/en/ice","/c/en/hailstone"],"weight":0.20398999999999987},"num_concepts_raised":11550},{"base_id":747,"kind":"top_words","i1":7,"i2":8,"sol":{"path":["/c/en/homophile","/c/en/gay","/c/en/bright","/c/en/lightbulb"],"weight":0.20404999999999984},"num_concepts_raised":14430},{"base_id":747,"kind":"top_words","i1":7,"i2":9,"sol":{"path":["/c/en/homophile","/c/en/historical","/c/en/ball","/c/en/hailstone"],"weight":0.2039299999999999},"num_concepts_raised":13925},{"base_id":747,"kind":"top_words","i1":8,"i2":9,"sol":{"path":["/c/en/lightbulb","/c/en/fridge","/c/en/ice","/c/en/hailstone"],"weight":0.20380999999999982},"num_concepts_raised":8699}]]