[[{"base_id":688,"kind":"bot_words","i1":0,"i2":1,"sol":{"path":["/c/en/drumbeat","/c/en/sound","/c/en/yield","/c/en/vintage"],"weight":0.20459999999999953},"num_concepts_raised":32058},{"base_id":688,"kind":"bot_words","i1":0,"i2":2,"sol":{"path":["/c/en/drumbeat","/c/en/sound","/c/en/like","/c/en/unlike"],"weight":0.2046499999999996},"num_concepts_raised":23362},{"base_id":688,"kind":"bot_words","i1":0,"i2":3,"sol":{"path":["/c/en/drumbeat","/c/en/cause","/c/en/affect","/c/en/retro"],"weight":0.20343999999999965},"num_concepts_raised":20696},{"base_id":688,"kind":"bot_words","i1":0,"i2":4,"sol":{"path":["/c/en/drumbeat","/c/en/advocacy","/c/en/offer","/c/en/counteroffer"],"weight":0.20268999999999981},"num_concepts_raised":14292},{"base_id":688,"kind":"bot_words","i1":0,"i2":5,"sol":{"path":["/c/en/drumbeat","/c/en/military","/c/en/defense","/c/en/apologia"],"weight":0.20288999999999985},"num_concepts_raised":17675},{"base_id":688,"kind":"bot_words","i1":0,"i2":6,"sol":{"path":["/c/en/drumbeat","/c/en/drum","/c/en/slang","/c/en/mincer"],"weight":0.20413999999999982},"num_concepts_raised":34154},{"base_id":688,"kind":"bot_words","i1":0,"i2":7,"sol":{"path":["/c/en/drumbeat","/c/en/sound","/c/en/abstract","/c/en/abstractness"],"weight":0.20408999999999994},"num_concepts_raised":14001},{"base_id":688,"kind":"bot_words","i1":0,"i2":8,"sol":{"path":["/c/en/drumbeat","/c/en/sound","/c/en/medicine","/c/en/dehydroepiandrosterone"],"weight":0.20812999999999976},"num_concepts_raised":32594},{"base_id":688,"kind":"bot_words","i1":0,"i2":9,"sol":{"path":["/c/en/drumbeat","/c/en/sound","/c/en/fish","/c/en/zander"],"weight":0.2090599999999999},"num_concepts_raised":18006},{"base_id":688,"kind":"bot_words","i1":1,"i2":2,"sol":{"path":["/c/en/vintage","/c/fr/année","/c/fr/différent","/c/en/unlike"],"weight":0.20762999999999937},"num_concepts_raised":29000},{"base_id":688,"kind":"bot_words","i1":1,"i2":3,"sol":{"path":["/c/en/vintage","/c/en/classic","/c/en/midnight_movie","/c/en/retro"],"weight":0.20610999999999943},"num_concepts_raised":26307},{"base_id":688,"kind":"bot_words","i1":1,"i2":4,"sol":{"path":["/c/en/vintage","/c/en/place","/c/en/offer","/c/en/counteroffer"],"weight":0.2042999999999996},"num_concepts_raised":20014},{"base_id":688,"kind":"bot_words","i1":1,"i2":5,"sol":{"path":["/c/en/vintage","/c/en/place","/c/en/position","/c/en/apologia"],"weight":0.20444999999999963},"num_concepts_raised":23245},{"base_id":688,"kind":"bot_words","i1":1,"i2":6,"sol":{"path":["/c/en/vintage","/c/en/wine","/c/en/british","/c/en/mincer"],"weight":0.20565999999999962},"num_concepts_raised":40102},{"base_id":688,"kind":"bot_words","i1":1,"i2":7,"sol":{"path":["/c/en/vintage","/c/en/classic","/c/en/art","/c/en/abstract","/c/en/abstractness"],"weight":0.2066399999999997},"num_concepts_raised":19752},{"base_id":688,"kind":"bot_words","i1":1,"i2":8,"sol":{"path":["/c/en/vintage","/c/en/crop","/c/en/group","/c/en/dehydroepiandrosteronesulfate","/c/en/dehydroepiandrosterone"],"weight":0.2117099999999995},"num_concepts_raised":38374},{"base_id":688,"kind":"bot_words","i1":1,"i2":9,"sol":{"path":["/c/en/vintage","/c/en/place","/c/en/fish","/c/en/zander"],"weight":0.21053999999999967},"num_concepts_raised":23712},{"base_id":688,"kind":"bot_words","i1":2,"i2":3,"sol":{"path":["/c/en/unlike","/c/en/different","/c/en/opposite","/c/en/retro"],"weight":0.20723999999999948},"num_concepts_raised":17448},{"base_id":688,"kind":"bot_words","i1":2,"i2":4,"sol":{"path":["/c/en/unlike","/c/en/like","/c/en/offer","/c/en/counteroffer"],"weight":0.20438999999999968},"num_concepts_raised":11119},{"base_id":688,"kind":"bot_words","i1":2,"i2":5,"sol":{"path":["/c/en/unlike","/c/en/against","/c/en/position","/c/en/apologia"],"weight":0.20435999999999968},"num_concepts_raised":14533},{"base_id":688,"kind":"bot_words","i1":2,"i2":6,"sol":{"path":["/c/en/unlike","/c/en/like","/c/en/slang","/c/en/mincer"],"weight":0.20452999999999966},"num_concepts_raised":31099},{"base_id":688,"kind":"bot_words","i1":2,"i2":7,"sol":{"path":["/c/en/unlike","/c/en/different","/c/en/separate","/c/en/abstract","/c/en/abstractness"],"weight":0.2077699999999998},"num_concepts_raised":10810},{"base_id":688,"kind":"bot_words","i1":2,"i2":8,"sol":{"path":["/c/en/unlike","/c/en/diverse","/c/en/group","/c/en/dehydroepiandrosteronesulfate","/c/en/dehydroepiandrosterone"],"weight":0.2117899999999996},"num_concepts_raised":29531},{"base_id":688,"kind":"bot_words","i1":2,"i2":9,"sol":{"path":["/c/en/unlike","/c/en/diverse","/c/en/fish","/c/en/zander"],"weight":0.21078999999999976},"num_concepts_raised":14813},{"base_id":688,"kind":"bot_words","i1":3,"i2":4,"sol":{"path":["/c/en/retro","/c/en/retroactive","/c/en/time","/c/en/offer","/c/en/counteroffer"],"weight":0.20441999999999974},"num_concepts_raised":8426},{"base_id":688,"kind":"bot_words","i1":3,"i2":5,"sol":{"path":["/c/en/retro","/c/en/back","/c/en/position","/c/en/apologia"],"weight":0.20353999999999975},"num_concepts_raised":11823},{"base_id":688,"kind":"bot_words","i1":3,"i2":6,"sol":{"path":["/c/en/retro","/c/en/back","/c/en/slang","/c/en/mincer"],"weight":0.20361999999999975},"num_concepts_raised":28708},{"base_id":688,"kind":"bot_words","i1":3,"i2":7,"sol":{"path":["/c/en/retro","/c/en/fashion","/c/en/abstract","/c/en/abstractness"],"weight":0.20459999999999984},"num_concepts_raised":8116},{"base_id":688,"kind":"bot_words","i1":3,"i2":8,"sol":{"path":["/c/en/retro","/c/en/retropharyngeal","/c/en/medicine","/c/en/dehydroepiandrosterone"],"weight":0.20860999999999963},"num_concepts_raised":26804},{"base_id":688,"kind":"bot_words","i1":3,"i2":9,"sol":{"path":["/c/en/retro","/c/en/past","/c/en/historical","/c/en/sander","/c/en/zander"],"weight":0.2116199999999998},"num_concepts_raised":12157},{"base_id":688,"kind":"bot_words","i1":4,"i2":5,"sol":{"path":["/c/en/counteroffer","/c/en/offer","/c/en/position","/c/en/apologia"],"weight":0.20262999999999992},"num_concepts_raised":5350},{"base_id":688,"kind":"bot_words","i1":4,"i2":6,"sol":{"path":["/c/en/counteroffer","/c/en/offer","/c/en/sacrifice","/c/en/slang","/c/en/mincer"],"weight":0.2027299999999999},"num_concepts_raised":22321},{"base_id":688,"kind":"bot_words","i1":4,"i2":7,"sol":{"path":["/c/en/counteroffer","/c/en/offer","/c/en/proposition","/c/en/abstract","/c/en/abstractness"],"weight":0.20385000000000003},"num_concepts_raised":1517},{"base_id":688,"kind":"bot_words","i1":4,"i2":8,"sol":{"path":["/c/en/counteroffer","/c/en/offer","/c/en/present","/c/en/medicine","/c/en/dehydroepiandrosterone"],"weight":0.20786999999999983},"num_concepts_raised":20301},{"base_id":688,"kind":"bot_words","i1":4,"i2":9,"sol":{"path":["/c/en/counteroffer","/c/en/offer","/c/en/place","/c/en/fish","/c/en/zander"],"weight":0.20881999999999998},"num_concepts_raised":5574},{"base_id":688,"kind":"bot_words","i1":5,"i2":6,"sol":{"path":["/c/en/apologia","/c/en/apology","/c/en/fauxpology","/c/en/slang","/c/en/mincer"],"weight":0.2039799999999999},"num_concepts_raised":25763},{"base_id":688,"kind":"bot_words","i1":5,"i2":7,"sol":{"path":["/c/en/apologia","/c/fr/idée","/c/fr/abstraction","/c/eo/abstrakteco","/c/en/abstractness"],"weight":0.20398000000000005},"num_concepts_raised":5047},{"base_id":688,"kind":"bot_words","i1":5,"i2":8,"sol":{"path":["/c/en/apologia","/c/en/defense","/c/en/attack","/c/en/medicine","/c/en/dehydroepiandrosterone"],"weight":0.20800999999999983},"num_concepts_raised":23813},{"base_id":688,"kind":"bot_words","i1":5,"i2":9,"sol":{"path":["/c/en/apologia","/c/en/position","/c/en/perch","/c/en/zander"],"weight":0.20886},"num_concepts_raised":9095},{"base_id":688,"kind":"bot_words","i1":6,"i2":7,"sol":{"path":["/c/en/mincer","/c/en/british","/c/en/remove","/c/en/abstract","/c/en/abstractness"],"weight":0.20401000000000002},"num_concepts_raised":22015},{"base_id":688,"kind":"bot_words","i1":6,"i2":8,"sol":{"path":["/c/en/mincer","/c/en/slang","/c/en/medicine","/c/en/dehydroepiandrosterone"],"weight":0.20798999999999981},"num_concepts_raised":40581},{"base_id":688,"kind":"bot_words","i1":6,"i2":9,"sol":{"path":["/c/en/mincer","/c/en/slang","/c/en/fish","/c/en/zander"],"weight":0.20894999999999997},"num_concepts_raised":25921},{"base_id":688,"kind":"bot_words","i1":7,"i2":8,"sol":{"path":["/c/en/abstractness","/c/en/abstract","/c/en/practice","/c/en/medicine","/c/en/dehydroepiandrosterone"],"weight":0.20912999999999993},"num_concepts_raised":20001},{"base_id":688,"kind":"bot_words","i1":7,"i2":9,"sol":{"path":["/c/en/abstractness","/c/en/abstract","/c/en/sound","/c/en/fish","/c/en/zander"],"weight":0.2100700000000001},"num_concepts_raised":5267},{"base_id":688,"kind":"bot_words","i1":8,"i2":9,"sol":{"path":["/c/en/dehydroepiandrosterone","/c/en/medicine","/c/en/cabinet","/c/en/sander","/c/en/zander"],"weight":0.21612999999999988},"num_concepts_raised":24026}],[{"base_id":688,"kind":"top_words","i1":0,"i2":1,"sol":{"path":["/c/en/waxing","/c/en/wax","/c/en/waxed"],"weight":0.20500000000000002},"num_concepts_raised":112},{"base_id":688,"kind":"top_words","i1":0,"i2":2,"sol":{"path":["/c/en/waxing","/c/en/waning"],"weight":0.202},"num_concepts_raised":168},{"base_id":688,"kind":"top_words","i1":0,"i2":3,"sol":{"path":["/c/en/waxing","/c/en/wax"],"weight":0.20900000000000002},"num_concepts_raised":1079},{"base_id":688,"kind":"top_words","i1":0,"i2":4,"sol":{"path":["/c/en/waxing","/c/en/wax","/c/en/moon"],"weight":0.20800000000000002},"num_concepts_raised":1328},{"base_id":688,"kind":"top_words","i1":0,"i2":5,"sol":{"path":["/c/en/waxing","/c/mul/🌔","/c/en/gibbous"],"weight":0.202},"num_concepts_raised":116},{"base_id":688,"kind":"top_words","i1":0,"i2":6,"sol":{"path":["/c/en/waxing","/c/en/polish","/c/ja/練る","/c/en/knead"],"weight":0.2090899999999995},"num_concepts_raised":23429},{"base_id":688,"kind":"top_words","i1":0,"i2":7,"sol":{"path":["/c/en/waxing","/c/en/wax","/c/en/compound","/c/en/aldrin"],"weight":0.21074999999999966},"num_concepts_raised":11954},{"base_id":688,"kind":"top_words","i1":0,"i2":8,"sol":{"path":["/c/en/waxing","/c/en/wax","/c/en/new_moon","/c/ar/محرم","/c/en/muharram"],"weight":0.20686999999999972},"num_concepts_raised":9702},{"base_id":688,"kind":"top_words","i1":0,"i2":9,"sol":{"path":["/c/en/waxing","/c/en/wax","/c/en/wax_poetic","/c/en/poetic"],"weight":0.20754999999999954},"num_concepts_raised":14749},{"base_id":688,"kind":"top_words","i1":1,"i2":2,"sol":{"path":["/c/en/waxed","/c/en/wax","/c/en/wane","/c/en/waning"],"weight":0.20566999999999963},"num_concepts_raised":8293},{"base_id":688,"kind":"top_words","i1":1,"i2":3,"sol":{"path":["/c/en/waxed","/c/en/wax"],"weight":0.20800000000000002},"num_concepts_raised":1031},{"base_id":688,"kind":"top_words","i1":1,"i2":4,"sol":{"path":["/c/en/waxed","/c/en/wax","/c/en/moon"],"weight":0.20700000000000002},"num_concepts_raised":1279},{"base_id":688,"kind":"top_words","i1":1,"i2":5,"sol":{"path":["/c/en/waxed","/c/en/wax","/c/en/moon","/c/en/gibbous"],"weight":0.20404999999999984},"num_concepts_raised":11967},{"base_id":688,"kind":"top_words","i1":1,"i2":6,"sol":{"path":["/c/en/waxed","/c/en/treat","/c/en/massage","/c/en/knead"],"weight":0.20758999999999966},"num_concepts_raised":20374},{"base_id":688,"kind":"top_words","i1":1,"i2":7,"sol":{"path":["/c/en/waxed","/c/en/wax","/c/en/compound","/c/en/aldrin"],"weight":0.20900999999999983},"num_concepts_raised":8837},{"base_id":688,"kind":"top_words","i1":1,"i2":8,"sol":{"path":["/c/en/waxed","/c/en/wax","/c/en/new_moon","/c/ar/محرم","/c/en/muharram"],"weight":0.20508999999999988},"num_concepts_raised":6598},{"base_id":688,"kind":"top_words","i1":1,"i2":9,"sol":{"path":["/c/en/waxed","/c/en/wax","/c/en/wax_poetic","/c/en/poetic"],"weight":0.20581999999999973},"num_concepts_raised":11650},{"base_id":688,"kind":"top_words","i1":2,"i2":3,"sol":{"path":["/c/en/waning","/c/en/wane","/c/en/wax"],"weight":0.20800000000000002},"num_concepts_raised":1092},{"base_id":688,"kind":"top_words","i1":2,"i2":4,"sol":{"path":["/c/en/waning","/c/en/earth","/c/en/moon"],"weight":0.20800000000000002},"num_concepts_raised":1328},{"base_id":688,"kind":"top_words","i1":2,"i2":5,"sol":{"path":["/c/en/waning","/c/mul/🌖","/c/en/gibbous"],"weight":0.202},"num_concepts_raised":122},{"base_id":688,"kind":"top_words","i1":2,"i2":6,"sol":{"path":["/c/en/waning","/c/en/waxing","/c/en/polish","/c/ja/練る","/c/en/knead"],"weight":0.20893999999999946},"num_concepts_raised":20495},{"base_id":688,"kind":"top_words","i1":2,"i2":7,"sol":{"path":["/c/en/waning","/c/en/wane","/c/en/wax","/c/en/compound","/c/en/aldrin"],"weight":0.20967999999999964},"num_concepts_raised":8879},{"base_id":688,"kind":"top_words","i1":2,"i2":8,"sol":{"path":["/c/en/waning","/c/ja/十六夜","/c/en/month","/c/en/muharram"],"weight":0.20348999999999967},"num_concepts_raised":6578},{"base_id":688,"kind":"top_words","i1":2,"i2":9,"sol":{"path":["/c/en/waning","/c/en/wane","/c/en/literary","/c/en/poem","/c/en/poetic"],"weight":0.2077999999999995},"num_concepts_raised":11671},{"base_id":688,"kind":"top_words","i1":3,"i2":4,"sol":{"path":["/c/en/wax","/c/en/moon"],"weight":0.21000000000000002},"num_concepts_raised":2241},{"base_id":688,"kind":"top_words","i1":3,"i2":5,"sol":{"path":["/c/en/wax","/c/en/moon","/c/en/gibbous"],"weight":0.20600000000000002},"num_concepts_raised":1039},{"base_id":688,"kind":"top_words","i1":3,"i2":6,"sol":{"path":["/c/en/wax","/c/en/compound","/c/en/knead"],"weight":0.20600000000000002},"num_concepts_raised":1230},{"base_id":688,"kind":"top_words","i1":3,"i2":7,"sol":{"path":["/c/en/wax","/c/en/compound","/c/en/aldrin"],"weight":0.20800000000000002},"num_concepts_raised":1038},{"base_id":688,"kind":"top_words","i1":3,"i2":8,"sol":{"path":["/c/en/wax","/c/en/new_moon","/c/ar/محرم","/c/en/muharram"],"weight":0.22846999999999698},"num_concepts_raised":142582},{"base_id":688,"kind":"top_words","i1":3,"i2":9,"sol":{"path":["/c/en/wax","/c/en/wax_poetic","/c/en/poetic"],"weight":0.20600000000000002},"num_concepts_raised":1155},{"base_id":688,"kind":"top_words","i1":4,"i2":5,"sol":{"path":["/c/en/moon","/c/en/gibbous"],"weight":0.20600000000000002},"num_concepts_raised":1278},{"base_id":688,"kind":"top_words","i1":4,"i2":6,"sol":{"path":["/c/en/moon","/c/en/moonlight","/c/en/work","/c/en/knead"],"weight":0.23986000000000135},"num_concepts_raised":124499},{"base_id":688,"kind":"top_words","i1":4,"i2":7,"sol":{"path":["/c/en/moon","/c/en/wax","/c/en/compound","/c/en/aldrin"],"weight":0.23665000000000153},"num_concepts_raised":114310},{"base_id":688,"kind":"top_words","i1":4,"i2":8,"sol":{"path":["/c/en/moon","/c/en/month","/c/en/muharram"],"weight":0.20800000000000002},"num_concepts_raised":1280},{"base_id":688,"kind":"top_words","i1":4,"i2":9,"sol":{"path":["/c/en/moon","/c/en/night","/c/en/dance","/c/en/poetic"],"weight":0.23593000000000136},"num_concepts_raised":116443},{"base_id":688,"kind":"top_words","i1":5,"i2":6,"sol":{"path":["/c/en/gibbous","/c/fr/gibbeux","/c/fr/forme","/c/fr/pétrir","/c/en/knead"],"weight":0.20865999999999965},"num_concepts_raised":24151},{"base_id":688,"kind":"top_words","i1":5,"i2":7,"sol":{"path":["/c/en/gibbous","/c/en/moon","/c/en/white","/c/en/naphthalene","/c/en/aldrin"],"weight":0.20807999999999982},"num_concepts_raised":12565},{"base_id":688,"kind":"top_words","i1":5,"i2":8,"sol":{"path":["/c/en/gibbous","/c/en/moon","/c/en/month","/c/en/muharram"],"weight":0.2031099999999999},"num_concepts_raised":10124},{"base_id":688,"kind":"top_words","i1":5,"i2":9,"sol":{"path":["/c/en/gibbous","/c/en/planet","/c/en/venus","/c/en/poetry","/c/en/poetic"],"weight":0.2063499999999997},"num_concepts_raised":15329},{"base_id":688,"kind":"top_words","i1":6,"i2":7,"sol":{"path":["/c/en/knead","/c/en/compound","/c/en/aldrin"],"weight":0.20400000000000001},"num_concepts_raised":257},{"base_id":688,"kind":"top_words","i1":6,"i2":8,"sol":{"path":["/c/en/knead","/c/ja/練る","/c/en/march","/c/en/month","/c/en/muharram"],"weight":0.20843999999999968},"num_concepts_raised":18817},{"base_id":688,"kind":"top_words","i1":6,"i2":9,"sol":{"path":["/c/en/knead","/c/en/work","/c/th/กานท์","/c/en/poetic"],"weight":0.20856999999999953},"num_concepts_raised":23663},{"base_id":688,"kind":"top_words","i1":7,"i2":8,"sol":{"path":["/c/en/aldrin","/c/en/compound","/c/en/one","/c/en/month","/c/en/muharram"],"weight":0.2080399999999999},"num_concepts_raised":7156},{"base_id":688,"kind":"top_words","i1":7,"i2":9,"sol":{"path":["/c/en/aldrin","/c/en/compound","/c/en/octave","/c/en/poetry","/c/en/poetic"],"weight":0.2113399999999997},"num_concepts_raised":12246},{"base_id":688,"kind":"top_words","i1":8,"i2":9,"sol":{"path":["/c/en/muharram","/c/en/month","/c/en/measure","/c/en/poetry","/c/en/poetic"],"weight":0.20634999999999976},"num_concepts_raised":9962}]]