[[{"base_id":326,"kind":"bot_words","i1":0,"i2":1,"sol":{"path":["/c/en/logistics","/c/en/consumption","/c/en/disease","/c/en/anorexia"],"weight":0.21177000000000012},"num_concepts_raised":19670},{"base_id":326,"kind":"bot_words","i1":0,"i2":2,"sol":{"path":["/c/en/logistics","/c/en/effective","/c/en/real","/c/en/genuine"],"weight":0.22051999999999922},"num_concepts_raised":32893},{"base_id":326,"kind":"bot_words","i1":0,"i2":3,"sol":{"path":["/c/en/logistics","/c/en/supply","/c/fi/välittää","/c/en/bother"],"weight":0.21629999999999872},"num_concepts_raised":33679},{"base_id":326,"kind":"bot_words","i1":0,"i2":4,"sol":{"path":["/c/en/logistics","/c/en/transportation","/c/en/7_7","/c/en/july","/c/en/julius"],"weight":0.21144999999999994},"num_concepts_raised":15274},{"base_id":326,"kind":"bot_words","i1":0,"i2":5,"sol":{"path":["/c/en/logistics","/c/en/effective","/c/en/economy","/c/en/industrialism"],"weight":0.21016},"num_concepts_raised":17999},{"base_id":326,"kind":"bot_words","i1":0,"i2":6,"sol":{"path":["/c/en/logistics","/c/en/control","/c/ru/ведать","/c/en/know"],"weight":0.22656999999999833},"num_concepts_raised":66678},{"base_id":326,"kind":"bot_words","i1":0,"i2":7,"sol":{"path":["/c/en/logistics","/c/en/provision","/c/en/computing","/c/en/backup"],"weight":0.21303999999999973},"num_concepts_raised":40760},{"base_id":326,"kind":"bot_words","i1":0,"i2":8,"sol":{"path":["/c/en/logistics","/c/fr/loger","/c/en/room","/c/en/scullery"],"weight":0.2105},"num_concepts_raised":27349},{"base_id":326,"kind":"bot_words","i1":0,"i2":9,"sol":{"path":["/c/en/logistics","/c/en/supply","/c/en/carry","/c/en/lug"],"weight":0.21903999999999957},"num_concepts_raised":83622},{"base_id":326,"kind":"bot_words","i1":1,"i2":2,"sol":{"path":["/c/en/anorexia","/c/en/ana","/c/en/slang","/c/en/real","/c/en/genuine"],"weight":0.21575999999999934},"num_concepts_raised":23842},{"base_id":326,"kind":"bot_words","i1":1,"i2":3,"sol":{"path":["/c/en/anorexia","/c/en/disease","/c/en/trouble","/c/en/bother"],"weight":0.21463999999999878},"num_concepts_raised":24332},{"base_id":326,"kind":"bot_words","i1":1,"i2":4,"sol":{"path":["/c/en/anorexia","/c/en/disease","/c/en/general","/c/hu/gyula","/c/en/julius"],"weight":0.20456000000000008},"num_concepts_raised":5772},{"base_id":326,"kind":"bot_words","i1":1,"i2":5,"sol":{"path":["/c/en/anorexia","/c/en/satisfying_appetites_with_minimum_effort","/c/en/economy","/c/en/industrialism"],"weight":0.2043200000000001},"num_concepts_raised":8715},{"base_id":326,"kind":"bot_words","i1":1,"i2":6,"sol":{"path":["/c/en/anorexia","/c/en/appetite","/c/en/taste","/c/en/know"],"weight":0.21990999999999847},"num_concepts_raised":58266},{"base_id":326,"kind":"bot_words","i1":1,"i2":7,"sol":{"path":["/c/en/anorexia","/c/en/eating_disorder","/c/en/pica","/c/en/computing","/c/en/backup"],"weight":0.20837999999999984},"num_concepts_raised":32220},{"base_id":326,"kind":"bot_words","i1":1,"i2":8,"sol":{"path":["/c/en/anorexia","/c/en/ana","/c/en/place","/c/en/kitchen","/c/en/scullery"],"weight":0.20571000000000011},"num_concepts_raised":18428},{"base_id":326,"kind":"bot_words","i1":1,"i2":9,"sol":{"path":["/c/en/anorexia","/c/en/ana","/c/en/slang","/c/en/lug"],"weight":0.21209999999999968},"num_concepts_raised":75934},{"base_id":326,"kind":"bot_words","i1":2,"i2":3,"sol":{"path":["/c/en/genuine","/c/ar/حر","/c/en/trouble","/c/en/bother"],"weight":0.2188099999999979},"num_concepts_raised":37698},{"base_id":326,"kind":"bot_words","i1":2,"i2":4,"sol":{"path":["/c/en/genuine","/c/en/real","/c/en/historical","/c/hu/gyula","/c/en/julius"],"weight":0.21323999999999915},"num_concepts_raised":19453},{"base_id":326,"kind":"bot_words","i1":2,"i2":5,"sol":{"path":["/c/en/genuine","/c/en/manufactured","/c/en/industrialism"],"weight":0.202},"num_concepts_raised":428},{"base_id":326,"kind":"bot_words","i1":2,"i2":6,"sol":{"path":["/c/en/genuine","/c/en/acknowledge","/c/en/know"],"weight":0.202},"num_concepts_raised":1385},{"base_id":326,"kind":"bot_words","i1":2,"i2":7,"sol":{"path":["/c/en/genuine","/c/en/real","/c/en/flow","/c/en/backup"],"weight":0.21455999999999895},"num_concepts_raised":45056},{"base_id":326,"kind":"bot_words","i1":2,"i2":8,"sol":{"path":["/c/en/genuine","/c/en/real","/c/en/historical","/c/en/scullery"],"weight":0.2133499999999992},"num_concepts_raised":31807},{"base_id":326,"kind":"bot_words","i1":2,"i2":9,"sol":{"path":["/c/en/genuine","/c/en/real","/c/en/slang","/c/en/lug"],"weight":0.21994999999999876},"num_concepts_raised":88280},{"base_id":326,"kind":"bot_words","i1":3,"i2":4,"sol":{"path":["/c/en/bother","/c/en/aggro","/c/fr/argot","/c/fr/jules","/c/en/julius"],"weight":0.21106999999999865},"num_concepts_raised":20047},{"base_id":326,"kind":"bot_words","i1":3,"i2":5,"sol":{"path":["/c/en/bother","/c/en/trouble","/c/en/action","/c/en/economy","/c/en/industrialism"],"weight":0.21293999999999866},"num_concepts_raised":22942},{"base_id":326,"kind":"bot_words","i1":3,"i2":6,"sol":{"path":["/c/en/bother","/c/en/being","/c/en/know"],"weight":0.202},"num_concepts_raised":1469},{"base_id":326,"kind":"bot_words","i1":3,"i2":7,"sol":{"path":["/c/en/bother","/c/en/disturb","/c/en/flow","/c/en/backup"],"weight":0.21300999999999842},"num_concepts_raised":45935},{"base_id":326,"kind":"bot_words","i1":3,"i2":8,"sol":{"path":["/c/en/bother","/c/en/aggro","/c/en/united_kingdom","/c/en/scullery"],"weight":0.20910999999999869},"num_concepts_raised":32530},{"base_id":326,"kind":"bot_words","i1":3,"i2":9,"sol":{"path":["/c/en/bother","/c/en/trouble","/c/en/stuff","/c/en/lug"],"weight":0.2195699999999982},"num_concepts_raised":89037},{"base_id":326,"kind":"bot_words","i1":4,"i2":5,"sol":{"path":["/c/en/julius","/c/en/july","/c/en/7_7","/c/en/system","/c/en/industrialism"],"weight":0.20409999999999995},"num_concepts_raised":4262},{"base_id":326,"kind":"bot_words","i1":4,"i2":6,"sol":{"path":["/c/en/julius","/c/hu/gyula","/c/en/judge","/c/en/know"],"weight":0.21819999999999828},"num_concepts_raised":53973},{"base_id":326,"kind":"bot_words","i1":4,"i2":7,"sol":{"path":["/c/en/julius","/c/en/julian","/c/en/roman","/c/en/computing","/c/en/backup"],"weight":0.20686999999999967},"num_concepts_raised":27865},{"base_id":326,"kind":"bot_words","i1":4,"i2":8,"sol":{"path":["/c/en/julius","/c/hu/gyula","/c/en/historical","/c/en/scullery"],"weight":0.20313999999999993},"num_concepts_raised":13985},{"base_id":326,"kind":"bot_words","i1":4,"i2":9,"sol":{"path":["/c/en/julius","/c/fr/jules","/c/fr/argot","/c/en/ear","/c/en/lug"],"weight":0.2137999999999995},"num_concepts_raised":71765},{"base_id":326,"kind":"bot_words","i1":5,"i2":6,"sol":{"path":["/c/en/industrialism","/c/en/industrial","/c/ja/こうしょう","/c/en/know"],"weight":0.21893999999999833},"num_concepts_raised":56729},{"base_id":326,"kind":"bot_words","i1":5,"i2":7,"sol":{"path":["/c/en/industrialism","/c/en/system","/c/en/computer_science","/c/en/backup"],"weight":0.20423999999999973},"num_concepts_raised":30549},{"base_id":326,"kind":"bot_words","i1":5,"i2":8,"sol":{"path":["/c/en/industrialism","/c/en/industrial","/c/en/scale","/c/en/kitchen","/c/en/scullery"],"weight":0.20406999999999997},"num_concepts_raised":16821},{"base_id":326,"kind":"bot_words","i1":5,"i2":9,"sol":{"path":["/c/en/industrialism","/c/en/system","/c/en/yard","/c/en/lug"],"weight":0.20944999999999955},"num_concepts_raised":74257},{"base_id":326,"kind":"bot_words","i1":6,"i2":7,"sol":{"path":["/c/en/know","/c/en/information","/c/en/computing","/c/en/backup"],"weight":0.22336999999999807},"num_concepts_raised":78628},{"base_id":326,"kind":"bot_words","i1":6,"i2":8,"sol":{"path":["/c/en/know","/c/en/can","/c/en/kitchen","/c/en/scullery"],"weight":0.2190499999999983},"num_concepts_raised":65869},{"base_id":326,"kind":"bot_words","i1":6,"i2":9,"sol":{"path":["/c/en/know","/c/en/knowledge","/c/en/uk","/c/en/lug"],"weight":0.23048999999999786},"num_concepts_raised":120332},{"base_id":326,"kind":"bot_words","i1":7,"i2":8,"sol":{"path":["/c/en/backup","/c/en/computing","/c/en/office","/c/en/scullery"],"weight":0.20593999999999973},"num_concepts_raised":39990},{"base_id":326,"kind":"bot_words","i1":7,"i2":9,"sol":{"path":["/c/en/backup","/c/en/computing","/c/en/lug"],"weight":0.20500000000000002},"num_concepts_raised":265},{"base_id":326,"kind":"bot_words","i1":8,"i2":9,"sol":{"path":["/c/en/scullery","/c/en/room","/c/en/nautical","/c/en/lug"],"weight":0.21176999999999954},"num_concepts_raised":82873}],[{"base_id":326,"kind":"top_words","i1":0,"i2":1,"sol":{"path":["/c/en/nome","/c/en/us","/c/ca/quilòmetre","/c/en/kilometer"],"weight":0.20517999999999958},"num_concepts_raised":27372},{"base_id":326,"kind":"top_words","i1":0,"i2":2,"sol":{"path":["/c/en/nome","/c/en/us","/c/en/sled"],"weight":0.202},"num_concepts_raised":200},{"base_id":326,"kind":"top_words","i1":0,"i2":3,"sol":{"path":["/c/en/nome","/c/en/us","/c/en/aryan"],"weight":0.20500000000000002},"num_concepts_raised":183},{"base_id":326,"kind":"top_words","i1":0,"i2":4,"sol":{"path":["/c/en/nome","/c/en/expression","/c/en/sound","/c/en/clop"],"weight":0.20283999999999974},"num_concepts_raised":22665},{"base_id":326,"kind":"top_words","i1":0,"i2":5,"sol":{"path":["/c/en/nome","/c/en/term","/c/en/sound","/c/en/bleep"],"weight":0.20439999999999978},"num_concepts_raised":50732},{"base_id":326,"kind":"top_words","i1":0,"i2":6,"sol":{"path":["/c/en/nome","/c/en/expression","/c/en/genetics","/c/en/spliceosome"],"weight":0.2080799999999997},"num_concepts_raised":22152},{"base_id":326,"kind":"top_words","i1":0,"i2":7,"sol":{"path":["/c/en/nome","/c/en/no","/c/en/wag"],"weight":0.202},"num_concepts_raised":228},{"base_id":326,"kind":"top_words","i1":0,"i2":8,"sol":{"path":["/c/en/nome","/c/en/musical","/c/en/grease","/c/en/smoothly","/c/en/swimmingly"],"weight":0.20303999999999972},"num_concepts_raised":19303},{"base_id":326,"kind":"top_words","i1":0,"i2":9,"sol":{"path":["/c/en/nome","/c/en/house","/c/en/air","/c/en/airtight","/c/en/hermetically"],"weight":0.2029399999999998},"num_concepts_raised":17233},{"base_id":326,"kind":"top_words","i1":1,"i2":2,"sol":{"path":["/c/en/kilometer","/c/ca/quilòmetre","/c/en/us","/c/en/sled"],"weight":0.20762999999999937},"num_concepts_raised":27122},{"base_id":326,"kind":"top_words","i1":1,"i2":3,"sol":{"path":["/c/en/kilometer","/c/ca/quilòmetre","/c/en/us","/c/en/aryan"],"weight":0.21409999999999949},"num_concepts_raised":35101},{"base_id":326,"kind":"top_words","i1":1,"i2":4,"sol":{"path":["/c/en/kilometer","/c/fr/kilomètre","/c/en/click","/c/en/sound","/c/en/clop"],"weight":0.20658999999999964},"num_concepts_raised":16422},{"base_id":326,"kind":"top_words","i1":1,"i2":5,"sol":{"path":["/c/en/kilometer","/c/en/klick","/c/en/slang","/c/en/bleep"],"weight":0.20541999999999966},"num_concepts_raised":46241},{"base_id":326,"kind":"top_words","i1":1,"i2":6,"sol":{"path":["/c/en/kilometer","/c/en/mile","/c/en/foot","/c/en/protein","/c/en/spliceosome"],"weight":0.20927999999999958},"num_concepts_raised":15809},{"base_id":326,"kind":"top_words","i1":1,"i2":7,"sol":{"path":["/c/en/kilometer","/c/ca/quilòmetre","/c/en/us","/c/en/wag"],"weight":0.20730999999999927},"num_concepts_raised":55338},{"base_id":326,"kind":"top_words","i1":1,"i2":8,"sol":{"path":["/c/en/kilometer","/c/en/mile","/c/en/equal","/c/ja/とんとん","/c/en/swimmingly"],"weight":0.20412999999999962},"num_concepts_raised":12906},{"base_id":326,"kind":"top_words","i1":1,"i2":9,"sol":{"path":["/c/en/kilometer","/c/en/distance","/c/en/point","/c/en/airtight","/c/en/hermetically"],"weight":0.20406999999999967},"num_concepts_raised":10809},{"base_id":326,"kind":"top_words","i1":2,"i2":3,"sol":{"path":["/c/en/sled","/c/en/us","/c/en/aryan"],"weight":0.20500000000000002},"num_concepts_raised":298},{"base_id":326,"kind":"top_words","i1":2,"i2":4,"sol":{"path":["/c/en/sled","/c/en/runner","/c/en/horse","/c/en/clop"],"weight":0.20536999999999955},"num_concepts_raised":22332},{"base_id":326,"kind":"top_words","i1":2,"i2":5,"sol":{"path":["/c/en/sled","/c/en/sport","/c/en/slang","/c/en/bleep"],"weight":0.20582999999999957},"num_concepts_raised":50754},{"base_id":326,"kind":"top_words","i1":2,"i2":6,"sol":{"path":["/c/en/sled","/c/en/sledge","/c/en/dan","/c/en/protein","/c/en/spliceosome"],"weight":0.21350999999999948},"num_concepts_raised":21944},{"base_id":326,"kind":"top_words","i1":2,"i2":7,"sol":{"path":["/c/en/sled","/c/en/us","/c/en/wag"],"weight":0.202},"num_concepts_raised":343},{"base_id":326,"kind":"top_words","i1":2,"i2":8,"sol":{"path":["/c/en/sled","/c/fr/toboggan","/c/fr/circulation","/c/fr/bien","/c/en/swimmingly"],"weight":0.20638999999999952},"num_concepts_raised":19024},{"base_id":326,"kind":"top_words","i1":2,"i2":9,"sol":{"path":["/c/en/sled","/c/en/us","/c/en/air","/c/en/airtight","/c/en/hermetically"],"weight":0.20533999999999958},"num_concepts_raised":16953},{"base_id":326,"kind":"top_words","i1":3,"i2":4,"sol":{"path":["/c/en/aryan","/c/en/us","/c/en/horse","/c/en/clop"],"weight":0.21176999999999968},"num_concepts_raised":30288},{"base_id":326,"kind":"top_words","i1":3,"i2":5,"sol":{"path":["/c/en/aryan","/c/en/euphemistic","/c/en/bleep"],"weight":0.20500000000000002},"num_concepts_raised":185},{"base_id":326,"kind":"top_words","i1":3,"i2":6,"sol":{"path":["/c/en/aryan","/c/en/indo_iranian","/c/en/family","/c/en/genetics","/c/en/spliceosome"],"weight":0.21911999999999962},"num_concepts_raised":29892},{"base_id":326,"kind":"top_words","i1":3,"i2":7,"sol":{"path":["/c/en/aryan","/c/en/us","/c/en/wag"],"weight":0.20500000000000002},"num_concepts_raised":327},{"base_id":326,"kind":"top_words","i1":3,"i2":8,"sol":{"path":["/c/en/aryan","/c/en/racist","/c/en/person","/c/en/difficulty","/c/en/swimmingly"],"weight":0.21189999999999964},"num_concepts_raised":27011},{"base_id":326,"kind":"top_words","i1":3,"i2":9,"sol":{"path":["/c/en/aryan","/c/en/us","/c/en/point","/c/en/airtight","/c/en/hermetically"],"weight":0.21180999999999972},"num_concepts_raised":24940},{"base_id":326,"kind":"top_words","i1":4,"i2":5,"sol":{"path":["/c/en/clop","/c/en/sound","/c/en/bleep"],"weight":0.203},"num_concepts_raised":72},{"base_id":326,"kind":"top_words","i1":4,"i2":6,"sol":{"path":["/c/en/clop","/c/en/sound","/c/en/noise","/c/en/genetics","/c/en/spliceosome"],"weight":0.20802999999999977},"num_concepts_raised":11155},{"base_id":326,"kind":"top_words","i1":4,"i2":7,"sol":{"path":["/c/en/clop","/c/en/horse","/c/en/tail","/c/en/wag"],"weight":0.20604999999999946},"num_concepts_raised":50336},{"base_id":326,"kind":"top_words","i1":4,"i2":8,"sol":{"path":["/c/en/clop","/c/fi/kopista","/c/en/knock","/c/ja/とんとん","/c/en/swimmingly"],"weight":0.20376999999999978},"num_concepts_raised":8249},{"base_id":326,"kind":"top_words","i1":4,"i2":9,"sol":{"path":["/c/en/clop","/c/en/sound","/c/en/leakproof","/c/en/hermetic","/c/en/hermetically"],"weight":0.20382999999999984},"num_concepts_raised":6148},{"base_id":326,"kind":"top_words","i1":5,"i2":6,"sol":{"path":["/c/en/bleep","/c/en/sound","/c/en/noise","/c/en/genetics","/c/en/spliceosome"],"weight":0.20957999999999982},"num_concepts_raised":41103},{"base_id":326,"kind":"top_words","i1":5,"i2":7,"sol":{"path":["/c/en/bleep","/c/en/slang","/c/en/wag"],"weight":0.202},"num_concepts_raised":232},{"base_id":326,"kind":"top_words","i1":5,"i2":8,"sol":{"path":["/c/en/bleep","/c/en/sound","/c/en/good","/c/en/favorable","/c/en/swimmingly"],"weight":0.20436999999999983},"num_concepts_raised":38191},{"base_id":326,"kind":"top_words","i1":5,"i2":9,"sol":{"path":["/c/en/bleep","/c/en/sound","/c/en/leakproof","/c/en/hermetic","/c/en/hermetically"],"weight":0.2053399999999999},"num_concepts_raised":36146},{"base_id":326,"kind":"top_words","i1":6,"i2":7,"sol":{"path":["/c/en/spliceosome","/c/en/some","/c/en/no","/c/en/wag"],"weight":0.2101099999999994},"num_concepts_raised":50149},{"base_id":326,"kind":"top_words","i1":6,"i2":8,"sol":{"path":["/c/en/spliceosome","/c/en/genetics","/c/zh/上位","/c/en/successfully","/c/en/swimmingly"],"weight":0.20803999999999975},"num_concepts_raised":7578},{"base_id":326,"kind":"top_words","i1":6,"i2":9,"sol":{"path":["/c/en/spliceosome","/c/en/protein","/c/en/food","/c/it/bindello","/c/en/hermetically"],"weight":0.20797999999999983},"num_concepts_raised":5472},{"base_id":326,"kind":"top_words","i1":7,"i2":8,"sol":{"path":["/c/en/wag","/c/en/tail","/c/en/way","/c/fr/bien","/c/en/swimmingly"],"weight":0.20607999999999943},"num_concepts_raised":47250},{"base_id":326,"kind":"top_words","i1":7,"i2":9,"sol":{"path":["/c/en/wag","/c/ja/振る","/c/en/point","/c/en/airtight","/c/en/hermetically"],"weight":0.20714999999999947},"num_concepts_raised":45235},{"base_id":326,"kind":"top_words","i1":8,"i2":9,"sol":{"path":["/c/en/swimmingly","/c/fr/bien","/c/en/tight","/c/en/hermetic","/c/en/hermetically"],"weight":0.20389999999999986},"num_concepts_raised":2564}]]