[[{"base_id":819,"kind":"bot_words","i1":0,"i2":1,"sol":{"path":["/c/en/hortatory","/c/en/advice","/c/en/council","/c/en/city","/c/en/xiamen"],"weight":0.21324999999999913},"num_concepts_raised":7428},{"base_id":819,"kind":"bot_words","i1":0,"i2":2,"sol":{"path":["/c/en/hortatory","/c/en/exhort","/c/la/ex","/c/en/exceed","/c/en/overshoot"],"weight":0.20421999999999974},"num_concepts_raised":8936},{"base_id":819,"kind":"bot_words","i1":0,"i2":3,"sol":{"path":["/c/en/hortatory","/c/en/advice","/c/en/knowledge","/c/en/power","/c/en/manpower"],"weight":0.2050199999999998},"num_concepts_raised":10923},{"base_id":819,"kind":"bot_words","i1":0,"i2":4,"sol":{"path":["/c/en/hortatory","/c/en/encouragement","/c/en/book","/c/en/fatherland","/c/en/motherland"],"weight":0.2127099999999997},"num_concepts_raised":10646},{"base_id":819,"kind":"bot_words","i1":0,"i2":5,"sol":{"path":["/c/en/hortatory","/c/en/advice","/c/en/legal","/c/en/kidnapping","/c/en/kidnap"],"weight":0.20888999999999971},"num_concepts_raised":9719},{"base_id":819,"kind":"bot_words","i1":0,"i2":6,"sol":{"path":["/c/en/hortatory","/c/en/advice","/c/en/intelligence","/c/en/understand","/c/en/gotcha"],"weight":0.20419999999999972},"num_concepts_raised":16212},{"base_id":819,"kind":"bot_words","i1":0,"i2":7,"sol":{"path":["/c/en/hortatory","/c/en/encourage","/c/en/egg","/c/en/bird","/c/en/curassow"],"weight":0.2041899999999999},"num_concepts_raised":7912},{"base_id":819,"kind":"bot_words","i1":0,"i2":8,"sol":{"path":["/c/en/hortatory","/c/en/advice","/c/en/legal","/c/en/addition","/c/en/methylated"],"weight":0.2040299999999997},"num_concepts_raised":14087},{"base_id":819,"kind":"bot_words","i1":0,"i2":9,"sol":{"path":["/c/en/hortatory","/c/en/advice","/c/en/help","/c/en/helper's_high","/c/en/endorphin","/c/en/endorphins"],"weight":0.21283789999999964},"num_concepts_raised":116175},{"base_id":819,"kind":"bot_words","i1":1,"i2":2,"sol":{"path":["/c/en/xiamen","/c/zh/上頭","/c/en/over","/c/en/overshoot"],"weight":0.21045999999999904},"num_concepts_raised":12369},{"base_id":819,"kind":"bot_words","i1":1,"i2":3,"sol":{"path":["/c/en/xiamen","/c/zh/天日","/c/en/power","/c/en/manpower"],"weight":0.21136999999999911},"num_concepts_raised":14271},{"base_id":819,"kind":"bot_words","i1":1,"i2":4,"sol":{"path":["/c/en/xiamen","/c/en/city","/c/en/country","/c/en/motherland"],"weight":0.21929999999999902},"num_concepts_raised":13880},{"base_id":819,"kind":"bot_words","i1":1,"i2":5,"sol":{"path":["/c/en/xiamen","/c/zh/掠包","/c/en/snatch","/c/en/kidnap"],"weight":0.21427999999999903},"num_concepts_raised":13128},{"base_id":819,"kind":"bot_words","i1":1,"i2":6,"sol":{"path":["/c/en/xiamen","/c/zh/撇步","/c/en/trick","/c/en/gotcha"],"weight":0.21052999999999902},"num_concepts_raised":19623},{"base_id":819,"kind":"bot_words","i1":1,"i2":7,"sol":{"path":["/c/en/xiamen","/c/en/city","/c/en/pigeon","/c/en/bird","/c/en/curassow"],"weight":0.2135999999999992},"num_concepts_raised":11351},{"base_id":819,"kind":"bot_words","i1":1,"i2":8,"sol":{"path":["/c/en/xiamen","/c/en/city","/c/en/group","/c/en/methylation","/c/en/methylated"],"weight":0.21260999999999902},"num_concepts_raised":17563},{"base_id":819,"kind":"bot_words","i1":1,"i2":9,"sol":{"path":["/c/en/xiamen","/c/en/city","/c/en/state","/c/en/end","/c/en/endorphin","/c/en/endorphins"],"weight":0.2255465999999979},"num_concepts_raised":581163},{"base_id":819,"kind":"bot_words","i1":2,"i2":3,"sol":{"path":["/c/en/overshoot","/c/en/shoot","/c/en/project","/c/en/workforce","/c/en/manpower"],"weight":0.2055899999999997},"num_concepts_raised":15814},{"base_id":819,"kind":"bot_words","i1":2,"i2":4,"sol":{"path":["/c/en/overshoot","/c/en/undershoot","/c/en/land","/c/en/motherland"],"weight":0.21004999999999963},"num_concepts_raised":15521},{"base_id":819,"kind":"bot_words","i1":2,"i2":5,"sol":{"path":["/c/en/overshoot","/c/en/miss","/c/tr/kaçırmak","/c/en/kidnap"],"weight":0.2087999999999996},"num_concepts_raised":14602},{"base_id":819,"kind":"bot_words","i1":2,"i2":6,"sol":{"path":["/c/en/overshoot","/c/en/miss","/c/en/understand","/c/en/gotcha"],"weight":0.20457999999999962},"num_concepts_raised":21083},{"base_id":819,"kind":"bot_words","i1":2,"i2":7,"sol":{"path":["/c/en/overshoot","/c/en/miss","/c/en/girl","/c/en/bird","/c/en/curassow"],"weight":0.20548999999999978},"num_concepts_raised":12862},{"base_id":819,"kind":"bot_words","i1":2,"i2":8,"sol":{"path":["/c/en/overshoot","/c/en/shoot","/c/en/sprout","/c/en/biochanin","/c/en/methylated"],"weight":0.20443999999999962},"num_concepts_raised":19053},{"base_id":819,"kind":"bot_words","i1":2,"i2":9,"sol":{"path":["/c/en/overshoot","/c/en/aim","/c/en/end","/c/en/endorphin","/c/en/endorphins"],"weight":0.20840999999999965},"num_concepts_raised":7125},{"base_id":819,"kind":"bot_words","i1":3,"i2":4,"sol":{"path":["/c/en/manpower","/c/en/power","/c/en/person","/c/en/mother","/c/en/motherland"],"weight":0.2130299999999997},"num_concepts_raised":17440},{"base_id":819,"kind":"bot_words","i1":3,"i2":5,"sol":{"path":["/c/en/manpower","/c/en/worker","/c/en/instance","/c/en/kidnap"],"weight":0.20661999999999967},"num_concepts_raised":16609},{"base_id":819,"kind":"bot_words","i1":3,"i2":6,"sol":{"path":["/c/en/manpower","/c/en/worker","/c/en/computing","/c/en/gotcha"],"weight":0.20335999999999965},"num_concepts_raised":23016},{"base_id":819,"kind":"bot_words","i1":3,"i2":7,"sol":{"path":["/c/en/manpower","/c/en/man","/c/en/bird","/c/en/curassow"],"weight":0.20433999999999986},"num_concepts_raised":14834},{"base_id":819,"kind":"bot_words","i1":3,"i2":8,"sol":{"path":["/c/en/manpower","/c/en/number","/c/en/addition","/c/en/methylated"],"weight":0.20321999999999968},"num_concepts_raised":20987},{"base_id":819,"kind":"bot_words","i1":3,"i2":9,"sol":{"path":["/c/en/manpower","/c/en/power","/c/en/person","/c/en/end","/c/en/endorphin","/c/en/endorphins"],"weight":0.21381899999999912},"num_concepts_raised":630945},{"base_id":819,"kind":"bot_words","i1":4,"i2":5,"sol":{"path":["/c/en/motherland","/c/en/mother","/c/en/slang","/c/fi/siepata","/c/en/kidnap"],"weight":0.21747999999999962},"num_concepts_raised":16317},{"base_id":819,"kind":"bot_words","i1":4,"i2":6,"sol":{"path":["/c/en/motherland","/c/en/fatherland","/c/en/home","/c/en/computing","/c/en/gotcha"],"weight":0.2131599999999996},"num_concepts_raised":22829},{"base_id":819,"kind":"bot_words","i1":4,"i2":7,"sol":{"path":["/c/en/motherland","/c/en/colony","/c/en/bird","/c/en/curassow"],"weight":0.2109099999999998},"num_concepts_raised":14526},{"base_id":819,"kind":"bot_words","i1":4,"i2":8,"sol":{"path":["/c/en/motherland","/c/en/mother","/c/en/air","/c/en/chemistry","/c/en/methylated"],"weight":0.2120099999999996},"num_concepts_raised":20765},{"base_id":819,"kind":"bot_words","i1":4,"i2":9,"sol":{"path":["/c/en/motherland","/c/en/fatherland","/c/en/home","/c/en/end","/c/en/endorphin","/c/en/endorphins"],"weight":0.22645249999999947},"num_concepts_raised":645945},{"base_id":819,"kind":"bot_words","i1":5,"i2":6,"sol":{"path":["/c/en/kidnap","/c/fr/enlever","/c/en/capture","/c/en/gotcha"],"weight":0.20922999999999958},"num_concepts_raised":21606},{"base_id":819,"kind":"bot_words","i1":5,"i2":7,"sol":{"path":["/c/en/kidnap","/c/en/abduct","/c/en/birdnap","/c/en/bird","/c/en/curassow"],"weight":0.21113999999999977},"num_concepts_raised":13660},{"base_id":819,"kind":"bot_words","i1":5,"i2":8,"sol":{"path":["/c/en/kidnap","/c/fr/enlever","/c/en/strip","/c/en/chemistry","/c/en/methylated"],"weight":0.20905999999999958},"num_concepts_raised":19861},{"base_id":819,"kind":"bot_words","i1":5,"i2":9,"sol":{"path":["/c/en/kidnap","/c/fa/گرفتن","/c/en/end","/c/en/endorphin","/c/en/endorphins"],"weight":0.2116999999999996},"num_concepts_raised":7914},{"base_id":819,"kind":"bot_words","i1":6,"i2":7,"sol":{"path":["/c/en/gotcha","/c/en/understand","/c/en/parrot","/c/en/bird","/c/en/curassow"],"weight":0.20451999999999979},"num_concepts_raised":20166},{"base_id":819,"kind":"bot_words","i1":6,"i2":8,"sol":{"path":["/c/en/gotcha","/c/en/computing","/c/en/group","/c/en/methylation","/c/en/methylated"],"weight":0.20350999999999958},"num_concepts_raised":26282},{"base_id":819,"kind":"bot_words","i1":6,"i2":9,"sol":{"path":["/c/en/gotcha","/c/en/understand","/c/en/brain","/c/en/endorphin","/c/en/endorphins"],"weight":0.20846999999999963},"num_concepts_raised":14425},{"base_id":819,"kind":"bot_words","i1":7,"i2":8,"sol":{"path":["/c/en/curassow","/c/en/species","/c/en/europinidin","/c/en/methylated"],"weight":0.20318999999999976},"num_concepts_raised":18021},{"base_id":819,"kind":"bot_words","i1":7,"i2":9,"sol":{"path":["/c/en/curassow","/c/en/bird","/c/en/animal","/c/en/brain","/c/en/endorphin","/c/en/endorphins"],"weight":0.2143766999999988},"num_concepts_raised":335645},{"base_id":819,"kind":"bot_words","i1":8,"i2":9,"sol":{"path":["/c/en/methylated","/c/en/chemistry","/c/en/biochemistry","/c/en/endorphin","/c/en/endorphins"],"weight":0.2084699999999996},"num_concepts_raised":12267}],[{"base_id":819,"kind":"top_words","i1":0,"i2":1,"sol":{"path":["/c/en/princess","/c/en/fairy","/c/en/fable","/c/en/koan"],"weight":0.21388999999999975},"num_concepts_raised":52976},{"base_id":819,"kind":"top_words","i1":0,"i2":2,"sol":{"path":["/c/en/princess","/c/en/female","/c/en/mammal","/c/en/pichi"],"weight":0.22102999999999973},"num_concepts_raised":50742},{"base_id":819,"kind":"top_words","i1":0,"i2":3,"sol":{"path":["/c/en/princess","/c/en/female","/c/it/ondina","/c/en/wavelet"],"weight":0.21602999999999972},"num_concepts_raised":58464},{"base_id":819,"kind":"top_words","i1":0,"i2":4,"sol":{"path":["/c/en/princess","/c/en/person","/c/en/siamese","/c/en/thai"],"weight":0.21934999999999952},"num_concepts_raised":65002},{"base_id":819,"kind":"top_words","i1":0,"i2":5,"sol":{"path":["/c/en/princess","/c/en/prince","/c/en/maharaja"],"weight":0.20700000000000002},"num_concepts_raised":380},{"base_id":819,"kind":"top_words","i1":0,"i2":6,"sol":{"path":["/c/en/princess","/c/en/female","/c/en/leaderene","/c/en/ine"],"weight":0.2159499999999997},"num_concepts_raised":69947},{"base_id":819,"kind":"top_words","i1":0,"i2":7,"sol":{"path":["/c/en/princess","/c/en/queen","/c/en/country","/c/en/thailand"],"weight":0.22918999999999976},"num_concepts_raised":55552},{"base_id":819,"kind":"top_words","i1":0,"i2":8,"sol":{"path":["/c/en/princess","/c/en/prince","/c/en/state","/c/en/taiping"],"weight":0.22045999999999966},"num_concepts_raised":71965},{"base_id":819,"kind":"top_words","i1":0,"i2":9,"sol":{"path":["/c/en/princess","/c/en/title","/c/en/ab","/c/en/mab"],"weight":0.22143999999999947},"num_concepts_raised":62168},{"base_id":819,"kind":"top_words","i1":1,"i2":2,"sol":{"path":["/c/en/koan","/c/en/buddhism","/c/en/lama","/c/en/mammal","/c/en/pichi"],"weight":0.20835999999999985},"num_concepts_raised":8544},{"base_id":819,"kind":"top_words","i1":1,"i2":3,"sol":{"path":["/c/en/koan","/c/en/reflection","/c/en/mathematics","/c/en/wavelet"],"weight":0.20332999999999984},"num_concepts_raised":16360},{"base_id":819,"kind":"top_words","i1":1,"i2":4,"sol":{"path":["/c/en/koan","/c/zh/公案","/c/en/legal","/c/en/thai"],"weight":0.20615999999999965},"num_concepts_raised":23930},{"base_id":819,"kind":"top_words","i1":1,"i2":5,"sol":{"path":["/c/en/koan","/c/fr/bouddhisme","/c/fr/inde","/c/fr/maharaja","/c/en/maharaja"],"weight":0.20500000000000002},"num_concepts_raised":7556},{"base_id":819,"kind":"top_words","i1":1,"i2":6,"sol":{"path":["/c/en/koan","/c/zh/公案","/c/en/legal","/c/en/in","/c/en/ine"],"weight":0.20432999999999982},"num_concepts_raised":27789},{"base_id":819,"kind":"top_words","i1":1,"i2":7,"sol":{"path":["/c/en/koan","/c/en/buddhism","/c/en/southeast_asia","/c/en/thailand"],"weight":0.2161999999999999},"num_concepts_raised":13715},{"base_id":819,"kind":"top_words","i1":1,"i2":8,"sol":{"path":["/c/en/koan","/c/zh/公案","/c/en/issue","/c/en/state","/c/en/taiping"],"weight":0.20429999999999982},"num_concepts_raised":31588},{"base_id":819,"kind":"top_words","i1":1,"i2":9,"sol":{"path":["/c/en/koan","/c/zh/公案","/c/en/legal","/c/en/e","/c/en/mab"],"weight":0.2098999999999996},"num_concepts_raised":20454},{"base_id":819,"kind":"top_words","i1":2,"i2":3,"sol":{"path":["/c/en/pichi","/c/en/mammal","/c/en/axis","/c/en/mathematics","/c/en/wavelet"],"weight":0.20818999999999982},"num_concepts_raised":14121},{"base_id":819,"kind":"top_words","i1":2,"i2":4,"sol":{"path":["/c/en/pichi","/c/en/mammal","/c/en/human","/c/en/thai"],"weight":0.20996999999999963},"num_concepts_raised":21598},{"base_id":819,"kind":"top_words","i1":2,"i2":5,"sol":{"path":["/c/en/pichi","/c/en/mammal","/c/en/bird","/c/th/มหาราช","/c/en/maharaja"],"weight":0.20964999999999998},"num_concepts_raised":5209},{"base_id":819,"kind":"top_words","i1":2,"i2":6,"sol":{"path":["/c/en/pichi","/c/en/mammal","/c/en/thylacine","/c/en/ine"],"weight":0.2080599999999998},"num_concepts_raised":25569},{"base_id":819,"kind":"top_words","i1":2,"i2":7,"sol":{"path":["/c/en/pichi","/c/en/mammal","/c/en/monkey","/c/en/thailand"],"weight":0.21883999999999987},"num_concepts_raised":11332},{"base_id":819,"kind":"top_words","i1":2,"i2":8,"sol":{"path":["/c/en/pichi","/c/en/mammal","/c/en/kingdom","/c/en/taiping"],"weight":0.20794999999999977},"num_concepts_raised":29290},{"base_id":819,"kind":"top_words","i1":2,"i2":9,"sol":{"path":["/c/en/pichi","/c/en/mammal","/c/en/a","/c/en/mab"],"weight":0.2136799999999996},"num_concepts_raised":18124},{"base_id":819,"kind":"top_words","i1":3,"i2":4,"sol":{"path":["/c/en/wavelet","/c/en/wave","/c/en/sin","/c/en/thai"],"weight":0.20502999999999963},"num_concepts_raised":29402},{"base_id":819,"kind":"top_words","i1":3,"i2":5,"sol":{"path":["/c/en/wavelet","/c/en/mathematics","/c/en/be","/c/th/มหาราช","/c/en/maharaja"],"weight":0.20472999999999997},"num_concepts_raised":13152},{"base_id":819,"kind":"top_words","i1":3,"i2":6,"sol":{"path":["/c/en/wavelet","/c/en/mathematics","/c/en/physics","/c/en/chemistry","/c/en/ine"],"weight":0.20326999999999978},"num_concepts_raised":33299},{"base_id":819,"kind":"top_words","i1":3,"i2":7,"sol":{"path":["/c/en/wavelet","/c/en/mathematics","/c/en/monic","/c/en/thailand"],"weight":0.21388999999999986},"num_concepts_raised":19267},{"base_id":819,"kind":"top_words","i1":3,"i2":8,"sol":{"path":["/c/en/wavelet","/c/en/mathematics","/c/en/state","/c/en/taiping"],"weight":0.20312999999999976},"num_concepts_raised":37015},{"base_id":819,"kind":"top_words","i1":3,"i2":9,"sol":{"path":["/c/en/wavelet","/c/en/mathematics","/c/en/e","/c/en/mab"],"weight":0.20874999999999957},"num_concepts_raised":25872},{"base_id":819,"kind":"top_words","i1":4,"i2":5,"sol":{"path":["/c/en/thai","/c/en/thailand","/c/th/ในหลวง","/c/en/monarch","/c/en/maharaja"],"weight":0.2069099999999998},"num_concepts_raised":20652},{"base_id":819,"kind":"top_words","i1":4,"i2":6,"sol":{"path":["/c/en/thai","/c/en/legal","/c/en/in","/c/en/ine"],"weight":0.20492999999999958},"num_concepts_raised":40859},{"base_id":819,"kind":"top_words","i1":4,"i2":7,"sol":{"path":["/c/en/thai","/c/en/thailand"],"weight":0.20700000000000002},"num_concepts_raised":440},{"base_id":819,"kind":"top_words","i1":4,"i2":8,"sol":{"path":["/c/en/thai","/c/en/human","/c/en/china","/c/en/taiping"],"weight":0.20499999999999957},"num_concepts_raised":44115},{"base_id":819,"kind":"top_words","i1":4,"i2":9,"sol":{"path":["/c/en/thai","/c/en/human","/c/en/xi","/c/en/mab"],"weight":0.21056999999999937},"num_concepts_raised":33297},{"base_id":819,"kind":"top_words","i1":5,"i2":6,"sol":{"path":["/c/en/maharaja","/c/fr/maharajah","/c/fr/titre","/c/en/chemistry","/c/en/ine"],"weight":0.20475999999999994},"num_concepts_raised":24612},{"base_id":819,"kind":"top_words","i1":5,"i2":7,"sol":{"path":["/c/en/maharaja","/c/en/monarch","/c/th/ในหลวง","/c/en/thailand"],"weight":0.21439000000000002},"num_concepts_raised":10386},{"base_id":819,"kind":"top_words","i1":5,"i2":8,"sol":{"path":["/c/en/maharaja","/c/th/มหาราช","/c/en/historical","/c/en/taiping"],"weight":0.20453999999999994},"num_concepts_raised":28218},{"base_id":819,"kind":"top_words","i1":5,"i2":9,"sol":{"path":["/c/en/maharaja","/c/th/มหาราช","/c/en/title","/c/en/ab","/c/en/mab"],"weight":0.21219999999999972},"num_concepts_raised":17166},{"base_id":819,"kind":"top_words","i1":6,"i2":7,"sol":{"path":["/c/en/ine","/c/en/in","/c/en/legal","/c/en/thai","/c/en/thailand"],"weight":0.21821999999999983},"num_concepts_raised":30744},{"base_id":819,"kind":"top_words","i1":6,"i2":8,"sol":{"path":["/c/en/ine","/c/en/in","/c/en/member","/c/en/taiping"],"weight":0.20292999999999972},"num_concepts_raised":48561},{"base_id":819,"kind":"top_words","i1":6,"i2":9,"sol":{"path":["/c/en/ine","/c/en/non_productive","/c/en/ab","/c/en/mab"],"weight":0.21054999999999954},"num_concepts_raised":37303},{"base_id":819,"kind":"top_words","i1":7,"i2":8,"sol":{"path":["/c/en/thailand","/c/en/siam","/c/en/historical","/c/en/taiping"],"weight":0.2178899999999998},"num_concepts_raised":33671},{"base_id":819,"kind":"top_words","i1":7,"i2":9,"sol":{"path":["/c/en/thailand","/c/en/country","/c/en/a","/c/en/mab"],"weight":0.21945999999999963},"num_concepts_raised":23211},{"base_id":819,"kind":"top_words","i1":8,"i2":9,"sol":{"path":["/c/en/taiping","/c/en/victoria","/c/fr/astronomie","/c/en/mab"],"weight":0.20872999999999953},"num_concepts_raised":40873}]]