[[{"base_id":519,"kind":"bot_words","i1":0,"i2":1,"sol":{"path":["/c/en/vernon","/c/en/michigan","/c/en/blanket","/c/en/thorough","/c/en/thoroughness"],"weight":0.20392999999999986},"num_concepts_raised":10536},{"base_id":519,"kind":"bot_words","i1":0,"i2":2,"sol":{"path":["/c/en/vernon","/c/en/colorado","/c/en/historical","/c/en/phlogiston"],"weight":0.20376999999999998},"num_concepts_raised":31134},{"base_id":519,"kind":"bot_words","i1":0,"i2":3,"sol":{"path":["/c/en/vernon","/c/en/alabama","/c/en/fiddle","/c/en/classical"],"weight":0.21556999999999932},"num_concepts_raised":44117},{"base_id":519,"kind":"bot_words","i1":0,"i2":4,"sol":{"path":["/c/en/vernon","/c/en/lamar_county","/c/en/paris","/c/en/plant","/c/en/actaea"],"weight":0.20890999999999976},"num_concepts_raised":16061},{"base_id":519,"kind":"bot_words","i1":0,"i2":5,"sol":{"path":["/c/en/vernon","/c/en/texas","/c/en/road","/c/en/ballast"],"weight":0.2051199999999997},"num_concepts_raised":36649},{"base_id":519,"kind":"bot_words","i1":0,"i2":6,"sol":{"path":["/c/en/vernon","/c/en/colorado","/c/en/mountain","/c/en/breast","/c/en/mammogram"],"weight":0.20285999999999985},"num_concepts_raised":11276},{"base_id":519,"kind":"bot_words","i1":0,"i2":7,"sol":{"path":["/c/en/vernon","/c/en/michigan","/c/en/blanket","/c/en/textile"],"weight":0.21190999999999902},"num_concepts_raised":26841},{"base_id":519,"kind":"bot_words","i1":0,"i2":8,"sol":{"path":["/c/en/vernon","/c/en/usa","/c/en/slang","/c/en/tink"],"weight":0.2026399999999999},"num_concepts_raised":27808},{"base_id":519,"kind":"bot_words","i1":0,"i2":9,"sol":{"path":["/c/en/vernon","/c/en/alabama","/c/en/athens","/c/en/procne","/c/en/philomela"],"weight":0.21008999999999978},"num_concepts_raised":34166},{"base_id":519,"kind":"bot_words","i1":1,"i2":2,"sol":{"path":["/c/en/thoroughness","/c/en/thorough","/c/en/water","/c/en/substance","/c/en/phlogiston"],"weight":0.20495000000000002},"num_concepts_raised":24478},{"base_id":519,"kind":"bot_words","i1":1,"i2":3,"sol":{"path":["/c/en/thoroughness","/c/en/attention","/c/en/album","/c/en/classical"],"weight":0.21578999999999932},"num_concepts_raised":37451},{"base_id":519,"kind":"bot_words","i1":1,"i2":4,"sol":{"path":["/c/en/thoroughness","/c/en/thorough","/c/en/dialect","/c/en/plant","/c/en/actaea"],"weight":0.20912999999999976},"num_concepts_raised":9303},{"base_id":519,"kind":"bot_words","i1":1,"i2":5,"sol":{"path":["/c/en/thoroughness","/c/en/attention","/c/en/mind","/c/en/ballast"],"weight":0.2052299999999997},"num_concepts_raised":29952},{"base_id":519,"kind":"bot_words","i1":1,"i2":6,"sol":{"path":["/c/en/thoroughness","/c/en/thorough","/c/en/grilling","/c/en/intelligent_agent_activity","/c/en/mammogram"],"weight":0.20402999999999988},"num_concepts_raised":4485},{"base_id":519,"kind":"bot_words","i1":1,"i2":7,"sol":{"path":["/c/en/thoroughness","/c/en/thorough","/c/en/blanket","/c/en/textile"],"weight":0.21321999999999902},"num_concepts_raised":20171},{"base_id":519,"kind":"bot_words","i1":1,"i2":8,"sol":{"path":["/c/en/thoroughness","/c/en/thorough","/c/en/uk","/c/en/tinkle","/c/en/tink"],"weight":0.2049499999999999},"num_concepts_raised":21364},{"base_id":519,"kind":"bot_words","i1":1,"i2":9,"sol":{"path":["/c/en/thoroughness","/c/en/thorough","/c/en/uk","/c/en/bird","/c/en/philomela"],"weight":0.2092699999999998},"num_concepts_raised":27457},{"base_id":519,"kind":"bot_words","i1":2,"i2":3,"sol":{"path":["/c/en/phlogiston","/c/en/principle","/c/en/classical"],"weight":0.20600000000000002},"num_concepts_raised":316},{"base_id":519,"kind":"bot_words","i1":2,"i2":4,"sol":{"path":["/c/en/phlogiston","/c/en/chemistry","/c/en/tree","/c/en/plant","/c/en/actaea"],"weight":0.20917999999999987},"num_concepts_raised":29974},{"base_id":519,"kind":"bot_words","i1":2,"i2":5,"sol":{"path":["/c/en/phlogiston","/c/en/chemistry","/c/en/balloon","/c/en/ballast"],"weight":0.2063199999999998},"num_concepts_raised":50154},{"base_id":519,"kind":"bot_words","i1":2,"i2":6,"sol":{"path":["/c/en/phlogiston","/c/en/chemistry","/c/en/microprobe","/c/en/x_ray","/c/en/mammogram"],"weight":0.20517999999999997},"num_concepts_raised":25229},{"base_id":519,"kind":"bot_words","i1":2,"i2":7,"sol":{"path":["/c/en/phlogiston","/c/en/chemistry","/c/en/sodium_hydroxide","/c/en/textile"],"weight":0.21319999999999917},"num_concepts_raised":40505},{"base_id":519,"kind":"bot_words","i1":2,"i2":8,"sol":{"path":["/c/en/phlogiston","/c/en/historical","/c/en/british","/c/en/tink"],"weight":0.20370000000000005},"num_concepts_raised":41743},{"base_id":519,"kind":"bot_words","i1":2,"i2":9,"sol":{"path":["/c/en/phlogiston","/c/en/historical","/c/en/rape","/c/en/philomela"],"weight":0.2089999999999999},"num_concepts_raised":47827},{"base_id":519,"kind":"bot_words","i1":3,"i2":4,"sol":{"path":["/c/en/classical","/c/en/classic","/c/en/book","/c/en/plant","/c/en/actaea"],"weight":0.2275599999999992},"num_concepts_raised":42952},{"base_id":519,"kind":"bot_words","i1":3,"i2":5,"sol":{"path":["/c/en/classical","/c/en/music","/c/en/aggregate","/c/en/ballast"],"weight":0.2224699999999991},"num_concepts_raised":62699},{"base_id":519,"kind":"bot_words","i1":3,"i2":6,"sol":{"path":["/c/en/classical","/c/en/physics","/c/en/thermography","/c/en/mammogram"],"weight":0.21564999999999931},"num_concepts_raised":38178},{"base_id":519,"kind":"bot_words","i1":3,"i2":7,"sol":{"path":["/c/en/classical","/c/en/music","/c/en/kitchen","/c/en/textile"],"weight":0.22936999999999846},"num_concepts_raised":53220},{"base_id":519,"kind":"bot_words","i1":3,"i2":8,"sol":{"path":["/c/en/classical","/c/en/literature","/c/en/british","/c/en/tink"],"weight":0.21565999999999935},"num_concepts_raised":54413},{"base_id":519,"kind":"bot_words","i1":3,"i2":9,"sol":{"path":["/c/en/classical","/c/en/literature","/c/en/literary","/c/en/philomela"],"weight":0.22095999999999924},"num_concepts_raised":60700},{"base_id":519,"kind":"bot_words","i1":4,"i2":5,"sol":{"path":["/c/en/actaea","/c/en/plant","/c/en/bed","/c/en/ballast"],"weight":0.21021999999999957},"num_concepts_raised":35479},{"base_id":519,"kind":"bot_words","i1":4,"i2":6,"sol":{"path":["/c/en/actaea","/c/en/plant","/c/en/outplant","/c/en/breast","/c/en/mammogram"],"weight":0.20796999999999977},"num_concepts_raised":10047},{"base_id":519,"kind":"bot_words","i1":4,"i2":7,"sol":{"path":["/c/en/actaea","/c/en/plant","/c/en/cotton","/c/en/textile"],"weight":0.21739999999999893},"num_concepts_raised":25567},{"base_id":519,"kind":"bot_words","i1":4,"i2":8,"sol":{"path":["/c/en/actaea","/c/en/plant","/c/en/slang","/c/en/tink"],"weight":0.20780999999999983},"num_concepts_raised":26856},{"base_id":519,"kind":"bot_words","i1":4,"i2":9,"sol":{"path":["/c/en/actaea","/c/en/plant","/c/en/animal","/c/en/bird","/c/en/philomela"],"weight":0.2132299999999997},"num_concepts_raised":32915},{"base_id":519,"kind":"bot_words","i1":5,"i2":6,"sol":{"path":["/c/en/ballast","/c/en/balloon","/c/en/breast","/c/en/mammogram"],"weight":0.20512999999999967},"num_concepts_raised":30743},{"base_id":519,"kind":"bot_words","i1":5,"i2":7,"sol":{"path":["/c/en/ballast","/c/en/material","/c/fr/textile","/c/en/textile"],"weight":0.2211699999999988},"num_concepts_raised":45228},{"base_id":519,"kind":"bot_words","i1":5,"i2":8,"sol":{"path":["/c/en/ballast","/c/en/road","/c/en/british","/c/en/tink"],"weight":0.20508999999999972},"num_concepts_raised":46688},{"base_id":519,"kind":"bot_words","i1":5,"i2":9,"sol":{"path":["/c/en/ballast","/c/en/bed","/c/en/nightingale","/c/en/philomela"],"weight":0.21031999999999962},"num_concepts_raised":53388},{"base_id":519,"kind":"bot_words","i1":6,"i2":7,"sol":{"path":["/c/en/mammogram","/c/en/mammary","/c/en/biology","/c/pt/tecido","/c/en/textile"],"weight":0.216229999999999},"num_concepts_raised":20911},{"base_id":519,"kind":"bot_words","i1":6,"i2":8,"sol":{"path":["/c/en/mammogram","/c/en/intelligent_agent_activity","/c/en/knitting","/c/en/tink"],"weight":0.2027399999999999},"num_concepts_raised":22007},{"base_id":519,"kind":"bot_words","i1":6,"i2":9,"sol":{"path":["/c/en/mammogram","/c/en/x_ray","/c/en/ray","/c/en/zoology","/c/en/philomela"],"weight":0.2091699999999998},"num_concepts_raised":28176},{"base_id":519,"kind":"bot_words","i1":7,"i2":8,"sol":{"path":["/c/en/textile","/c/en/fabric","/c/en/knit","/c/en/tink"],"weight":0.21500999999999904},"num_concepts_raised":37143},{"base_id":519,"kind":"bot_words","i1":7,"i2":9,"sol":{"path":["/c/en/textile","/c/en/silk","/c/en/female","/c/en/philomela"],"weight":0.21739999999999893},"num_concepts_raised":43640},{"base_id":519,"kind":"bot_words","i1":8,"i2":9,"sol":{"path":["/c/en/tink","/c/en/slang","/c/en/bird","/c/en/philomela"],"weight":0.20797999999999983},"num_concepts_raised":44681}],[{"base_id":519,"kind":"top_words","i1":0,"i2":1,"sol":{"path":["/c/en/surviving","/c/en/survive"],"weight":0.20500000000000002},"num_concepts_raised":438},{"base_id":519,"kind":"top_words","i1":0,"i2":2,"sol":{"path":["/c/en/surviving","/c/en/survive","/c/en/be","/c/en/insect","/c/en/nepticulidae"],"weight":0.21023999999999982},"num_concepts_raised":5518},{"base_id":519,"kind":"top_words","i1":0,"i2":3,"sol":{"path":["/c/en/surviving","/c/en/extant"],"weight":0.20400000000000001},"num_concepts_raised":116},{"base_id":519,"kind":"top_words","i1":0,"i2":4,"sol":{"path":["/c/en/surviving","/c/en/living","/c/lv/dzīvs","/c/en/intact"],"weight":0.2059899999999996},"num_concepts_raised":9945},{"base_id":519,"kind":"top_words","i1":0,"i2":5,"sol":{"path":["/c/en/surviving","/c/hy/կանգուն","/c/en/unscathed","/c/en/unhurt"],"weight":0.20486999999999989},"num_concepts_raised":4365},{"base_id":519,"kind":"top_words","i1":0,"i2":6,"sol":{"path":["/c/en/surviving","/c/en/living","/c/en/die","/c/en/dies"],"weight":0.20771999999999977},"num_concepts_raised":10466},{"base_id":519,"kind":"top_words","i1":0,"i2":7,"sol":{"path":["/c/en/surviving","/c/en/living","/c/en/plant","/c/en/sapotaceae"],"weight":0.20973999999999976},"num_concepts_raised":10550},{"base_id":519,"kind":"top_words","i1":0,"i2":8,"sol":{"path":["/c/en/surviving","/c/hy/կանգուն","/c/en/unscathed"],"weight":0.202},"num_concepts_raised":111},{"base_id":519,"kind":"top_words","i1":0,"i2":9,"sol":{"path":["/c/en/surviving","/c/en/living","/c/en/planet","/c/en/heavenly","/c/en/miraculously"],"weight":0.20456999999999992},"num_concepts_raised":3469},{"base_id":519,"kind":"top_words","i1":1,"i2":2,"sol":{"path":["/c/en/survive","/c/en/be","/c/en/insect","/c/en/nepticulidae"],"weight":0.21373999999999924},"num_concepts_raised":38661},{"base_id":519,"kind":"top_words","i1":1,"i2":3,"sol":{"path":["/c/en/survive","/c/en/surviving","/c/en/extant"],"weight":0.20400000000000001},"num_concepts_raised":459},{"base_id":519,"kind":"top_words","i1":1,"i2":4,"sol":{"path":["/c/en/survive","/c/en/live","/c/lv/dzīvs","/c/en/intact"],"weight":0.212919999999999},"num_concepts_raised":42701},{"base_id":519,"kind":"top_words","i1":1,"i2":5,"sol":{"path":["/c/en/survive","/c/ms/terselamat","/c/en/unscathed","/c/en/unhurt"],"weight":0.21003999999999928},"num_concepts_raised":37468},{"base_id":519,"kind":"top_words","i1":1,"i2":6,"sol":{"path":["/c/en/survive","/c/en/live","/c/en/die","/c/en/dies"],"weight":0.21481999999999918},"num_concepts_raised":43174},{"base_id":519,"kind":"top_words","i1":1,"i2":7,"sol":{"path":["/c/en/survive","/c/en/alive","/c/en/plant","/c/en/sapotaceae"],"weight":0.2140099999999992},"num_concepts_raised":43596},{"base_id":519,"kind":"top_words","i1":1,"i2":8,"sol":{"path":["/c/en/survive","/c/ms/terselamat","/c/en/unscathed"],"weight":0.202},"num_concepts_raised":455},{"base_id":519,"kind":"top_words","i1":1,"i2":9,"sol":{"path":["/c/en/survive","/c/en/live","/c/en/immortal","/c/en/heavenly","/c/en/miraculously"],"weight":0.21149999999999936},"num_concepts_raised":36629},{"base_id":519,"kind":"top_words","i1":2,"i2":3,"sol":{"path":["/c/en/nepticulidae","/c/en/insect","/c/en/animal","/c/en/living","/c/en/extant"],"weight":0.20970999999999984},"num_concepts_raised":6228},{"base_id":519,"kind":"top_words","i1":2,"i2":4,"sol":{"path":["/c/en/nepticulidae","/c/en/insect","/c/en/virgin","/c/la/intactus","/c/en/intact"],"weight":0.21160999999999958},"num_concepts_raised":9453},{"base_id":519,"kind":"top_words","i1":2,"i2":5,"sol":{"path":["/c/en/nepticulidae","/c/en/insect","/c/en/animal","/c/en/hurt","/c/en/unhurt"],"weight":0.20904999999999987},"num_concepts_raised":3832},{"base_id":519,"kind":"top_words","i1":2,"i2":6,"sol":{"path":["/c/en/nepticulidae","/c/en/insect","/c/en/animal","/c/en/die","/c/en/dies"],"weight":0.21103999999999978},"num_concepts_raised":9994},{"base_id":519,"kind":"top_words","i1":2,"i2":7,"sol":{"path":["/c/en/nepticulidae","/c/en/insect","/c/en/animal","/c/en/plant","/c/en/sapotaceae"],"weight":0.21312999999999976},"num_concepts_raised":9991},{"base_id":519,"kind":"top_words","i1":2,"i2":8,"sol":{"path":["/c/en/nepticulidae","/c/en/insect","/c/en/ground","/c/en/whole","/c/en/unscathed"],"weight":0.2085999999999999},"num_concepts_raised":4129},{"base_id":519,"kind":"top_words","i1":2,"i2":9,"sol":{"path":["/c/en/nepticulidae","/c/en/insect","/c/en/nectar","/c/en/god","/c/en/miraculous","/c/en/miraculously"],"weight":0.21213539999999964},"num_concepts_raised":137396},{"base_id":519,"kind":"top_words","i1":3,"i2":4,"sol":{"path":["/c/en/extant","/c/en/living","/c/lv/dzīvs","/c/en/intact"],"weight":0.20635999999999963},"num_concepts_raised":10649},{"base_id":519,"kind":"top_words","i1":3,"i2":5,"sol":{"path":["/c/en/extant","/c/en/living","/c/hy/սաղ","/c/en/unhurt"],"weight":0.2050899999999999},"num_concepts_raised":5084},{"base_id":519,"kind":"top_words","i1":3,"i2":6,"sol":{"path":["/c/en/extant","/c/en/living","/c/en/die","/c/en/dies"],"weight":0.2080999999999998},"num_concepts_raised":11181},{"base_id":519,"kind":"top_words","i1":3,"i2":7,"sol":{"path":["/c/en/extant","/c/en/living","/c/en/plant","/c/en/sapotaceae"],"weight":0.2100999999999998},"num_concepts_raised":11246},{"base_id":519,"kind":"top_words","i1":3,"i2":8,"sol":{"path":["/c/en/extant","/c/en/living","/c/hy/սաղ","/c/en/unscathed"],"weight":0.2056099999999999},"num_concepts_raised":5375},{"base_id":519,"kind":"top_words","i1":3,"i2":9,"sol":{"path":["/c/en/extant","/c/en/living","/c/en/body","/c/en/heavenly","/c/en/miraculously"],"weight":0.20491999999999996},"num_concepts_raised":4185},{"base_id":519,"kind":"top_words","i1":4,"i2":5,"sol":{"path":["/c/en/intact","/c/en/uninjured","/c/en/unhurt"],"weight":0.203},"num_concepts_raised":179},{"base_id":519,"kind":"top_words","i1":4,"i2":6,"sol":{"path":["/c/en/intact","/c/en/entire","/c/en/good","/c/en/die","/c/en/dies"],"weight":0.20914999999999956},"num_concepts_raised":14392},{"base_id":519,"kind":"top_words","i1":4,"i2":7,"sol":{"path":["/c/en/intact","/c/en/entire","/c/en/botany","/c/en/plant","/c/en/sapotaceae"],"weight":0.21120999999999956},"num_concepts_raised":14485},{"base_id":519,"kind":"top_words","i1":4,"i2":8,"sol":{"path":["/c/en/intact","/c/en/uninjured","/c/en/unscathed"],"weight":0.20400000000000001},"num_concepts_raised":194},{"base_id":519,"kind":"top_words","i1":4,"i2":9,"sol":{"path":["/c/en/intact","/c/en/entire","/c/en/body","/c/en/heavenly","/c/en/miraculously"],"weight":0.20603999999999972},"num_concepts_raised":7412},{"base_id":519,"kind":"top_words","i1":5,"i2":6,"sol":{"path":["/c/en/unhurt","/c/en/hurt","/c/en/kill","/c/en/dies"],"weight":0.20438999999999985},"num_concepts_raised":8834},{"base_id":519,"kind":"top_words","i1":5,"i2":7,"sol":{"path":["/c/en/unhurt","/c/en/hurt","/c/en/bruise","/c/en/plant","/c/en/sapotaceae"],"weight":0.20946999999999982},"num_concepts_raised":8898},{"base_id":519,"kind":"top_words","i1":5,"i2":8,"sol":{"path":["/c/en/unhurt","/c/en/unscathed"],"weight":0.20500000000000002},"num_concepts_raised":86},{"base_id":519,"kind":"top_words","i1":5,"i2":9,"sol":{"path":["/c/en/unhurt","/c/en/hurt","/c/fr/faire_mal","/c/fr/façon","/c/fr/miraculeusement","/c/en/miraculously"],"weight":0.2126528999999998},"num_concepts_raised":138322},{"base_id":519,"kind":"top_words","i1":6,"i2":7,"sol":{"path":["/c/en/dies","/c/en/die","/c/en/plant","/c/en/sapotaceae"],"weight":0.21143999999999974},"num_concepts_raised":15021},{"base_id":519,"kind":"top_words","i1":6,"i2":8,"sol":{"path":["/c/en/dies","/c/en/die","/c/en/dead","/c/hy/սաղ","/c/en/unscathed"],"weight":0.20702999999999983},"num_concepts_raised":9145},{"base_id":519,"kind":"top_words","i1":6,"i2":9,"sol":{"path":["/c/en/dies","/c/en/die","/c/en/body","/c/en/heavenly","/c/en/miraculously"],"weight":0.2062799999999999},"num_concepts_raised":7954},{"base_id":519,"kind":"top_words","i1":7,"i2":8,"sol":{"path":["/c/en/sapotaceae","/c/en/plant","/c/en/free","/c/it/immune","/c/en/unscathed"],"weight":0.20991999999999983},"num_concepts_raised":9188},{"base_id":519,"kind":"top_words","i1":7,"i2":9,"sol":{"path":["/c/en/sapotaceae","/c/en/plant","/c/fr/mettre","/c/fr/façon","/c/fr/miraculeusement","/c/en/miraculously"],"weight":0.2161190999999987},"num_concepts_raised":392900},{"base_id":519,"kind":"top_words","i1":8,"i2":9,"sol":{"path":["/c/en/unscathed","/c/en/whole","/c/en/holy","/c/en/mandylion","/c/en/miraculously"],"weight":0.20384999999999998},"num_concepts_raised":2076}]]