[[{"base_id":648,"kind":"bot_words","i1":0,"i2":1,"sol":{"path":["/c/en/displayed","/c/en/display","/c/en/computing","/c/en/ghost","/c/en/wendigo"],"weight":0.2078299999999998},"num_concepts_raised":4888},{"base_id":648,"kind":"bot_words","i1":0,"i2":2,"sol":{"path":["/c/en/displayed","/c/en/heraldry","/c/es/lema","/c/fr/linguistique","/c/en/bambara"],"weight":0.20438999999999963},"num_concepts_raised":18961},{"base_id":648,"kind":"bot_words","i1":0,"i2":3,"sol":{"path":["/c/en/displayed","/c/en/wing","/c/en/chicken","/c/en/cluck"],"weight":0.20442999999999958},"num_concepts_raised":35107},{"base_id":648,"kind":"bot_words","i1":0,"i2":4,"sol":{"path":["/c/en/displayed","/c/en/display","/c/en/statue","/c/en/david","/c/en/goliath"],"weight":0.21523999999999976},"num_concepts_raised":12664},{"base_id":648,"kind":"bot_words","i1":0,"i2":5,"sol":{"path":["/c/en/displayed","/c/en/heraldry","/c/en/color","/c/en/mustard","/c/en/brassicaceae"],"weight":0.20826999999999962},"num_concepts_raised":12335},{"base_id":648,"kind":"bot_words","i1":0,"i2":6,"sol":{"path":["/c/en/displayed","/c/la/explicatus","/c/en/certain","/c/en/stonewall"],"weight":0.20809999999999973},"num_concepts_raised":30165},{"base_id":648,"kind":"bot_words","i1":0,"i2":7,"sol":{"path":["/c/en/displayed","/c/en/on_clock","/c/en/game","/c/en/lotto"],"weight":0.2084599999999998},"num_concepts_raised":10514},{"base_id":648,"kind":"bot_words","i1":0,"i2":8,"sol":{"path":["/c/en/displayed","/c/en/display","/c/en/render","/c/en/return"],"weight":0.22848999999999708},"num_concepts_raised":120780},{"base_id":648,"kind":"bot_words","i1":0,"i2":9,"sol":{"path":["/c/en/displayed","/c/en/wing","/c/en/chicken","/c/en/afraid","/c/en/petrified"],"weight":0.2027599999999998},"num_concepts_raised":4892},{"base_id":648,"kind":"bot_words","i1":1,"i2":2,"sol":{"path":["/c/en/wendigo","/c/en/windigo","/c/en/cree","/c/fr/linguistique","/c/en/bambara"],"weight":0.21139999999999964},"num_concepts_raised":15722},{"base_id":648,"kind":"bot_words","i1":1,"i2":3,"sol":{"path":["/c/en/wendigo","/c/en/ghost","/c/en/slang","/c/en/cluck"],"weight":0.20930999999999958},"num_concepts_raised":31982},{"base_id":648,"kind":"bot_words","i1":1,"i2":4,"sol":{"path":["/c/en/wendigo","/c/oj/wiindigoo","/c/en/giant","/c/en/goliath"],"weight":0.21818999999999977},"num_concepts_raised":9465},{"base_id":648,"kind":"bot_words","i1":1,"i2":5,"sol":{"path":["/c/en/wendigo","/c/en/ghost","/c/en/person","/c/en/plant","/c/en/brassicaceae"],"weight":0.21323999999999962},"num_concepts_raised":9079},{"base_id":648,"kind":"bot_words","i1":1,"i2":6,"sol":{"path":["/c/en/wendigo","/c/en/ghost","/c/en/internet","/c/en/wall","/c/en/stonewall"],"weight":0.2152999999999997},"num_concepts_raised":27041},{"base_id":648,"kind":"bot_words","i1":1,"i2":7,"sol":{"path":["/c/en/wendigo","/c/en/ghost","/c/en/game","/c/en/lotto"],"weight":0.2134999999999998},"num_concepts_raised":7305},{"base_id":648,"kind":"bot_words","i1":1,"i2":8,"sol":{"path":["/c/en/wendigo","/c/en/ghost","/c/en/computing","/c/en/return"],"weight":0.23325999999999708},"num_concepts_raised":118129},{"base_id":648,"kind":"bot_words","i1":1,"i2":9,"sol":{"path":["/c/en/wendigo","/c/en/ghost","/c/en/fear","/c/en/afraid","/c/en/petrified"],"weight":0.2077899999999998},"num_concepts_raised":1609},{"base_id":648,"kind":"bot_words","i1":2,"i2":3,"sol":{"path":["/c/en/bambara","/c/fr/linguistique","/c/fr/clic","/c/en/cluck"],"weight":0.20585999999999943},"num_concepts_raised":45726},{"base_id":648,"kind":"bot_words","i1":2,"i2":4,"sol":{"path":["/c/en/bambara","/c/en/people","/c/en/company","/c/en/goliath"],"weight":0.21370999999999962},"num_concepts_raised":23406},{"base_id":648,"kind":"bot_words","i1":2,"i2":5,"sol":{"path":["/c/en/bambara","/c/fr/linguistique","/c/la/lingua","/c/en/plant","/c/en/brassicaceae"],"weight":0.20976999999999946},"num_concepts_raised":23131},{"base_id":648,"kind":"bot_words","i1":2,"i2":6,"sol":{"path":["/c/en/bambara","/c/en/people","/c/en/drink","/c/en/stonewall"],"weight":0.20875999999999956},"num_concepts_raised":40785},{"base_id":648,"kind":"bot_words","i1":2,"i2":7,"sol":{"path":["/c/en/bambara","/c/en/people","/c/en/house","/c/en/lotto"],"weight":0.20906999999999965},"num_concepts_raised":21275},{"base_id":648,"kind":"bot_words","i1":2,"i2":8,"sol":{"path":["/c/en/bambara","/c/fr/linguistique","/c/en/back","/c/en/return"],"weight":0.2304799999999969},"num_concepts_raised":131372},{"base_id":648,"kind":"bot_words","i1":2,"i2":9,"sol":{"path":["/c/en/bambara","/c/fr/linguistique","/c/en/linguistics","/c/ga/sioctha","/c/en/petrified"],"weight":0.20433999999999963},"num_concepts_raised":15733},{"base_id":648,"kind":"bot_words","i1":3,"i2":4,"sol":{"path":["/c/en/cluck","/c/en/slang","/c/en/bottle","/c/en/goliath"],"weight":0.2146199999999996},"num_concepts_raised":39381},{"base_id":648,"kind":"bot_words","i1":3,"i2":5,"sol":{"path":["/c/en/cluck","/c/en/slang","/c/en/plant","/c/en/brassicaceae"],"weight":0.2097099999999994},"num_concepts_raised":39292},{"base_id":648,"kind":"bot_words","i1":3,"i2":6,"sol":{"path":["/c/en/cluck","/c/en/clock","/c/en/wall","/c/en/stonewall"],"weight":0.21173999999999954},"num_concepts_raised":55582},{"base_id":648,"kind":"bot_words","i1":3,"i2":7,"sol":{"path":["/c/en/cluck","/c/en/slang","/c/en/bingo","/c/en/lotto"],"weight":0.2122399999999996},"num_concepts_raised":37340},{"base_id":648,"kind":"bot_words","i1":3,"i2":8,"sol":{"path":["/c/en/cluck","/c/en/click","/c/en/computing","/c/en/return"],"weight":0.23070999999999686},"num_concepts_raised":144514},{"base_id":648,"kind":"bot_words","i1":3,"i2":9,"sol":{"path":["/c/en/cluck","/c/en/chicken","/c/en/afraid","/c/en/petrified"],"weight":0.20433999999999958},"num_concepts_raised":31989},{"base_id":648,"kind":"bot_words","i1":4,"i2":5,"sol":{"path":["/c/en/goliath","/c/en/company","/c/en/broccoli","/c/en/brassicaceae"],"weight":0.2185499999999996},"num_concepts_raised":16873},{"base_id":648,"kind":"bot_words","i1":4,"i2":6,"sol":{"path":["/c/en/goliath","/c/en/company","/c/en/apple","/c/en/stonewall"],"weight":0.21852999999999972},"num_concepts_raised":34439},{"base_id":648,"kind":"bot_words","i1":4,"i2":7,"sol":{"path":["/c/en/goliath","/c/en/car","/c/en/lot","/c/en/lotto"],"weight":0.2188199999999998},"num_concepts_raised":14968},{"base_id":648,"kind":"bot_words","i1":4,"i2":8,"sol":{"path":["/c/en/goliath","/c/en/steel","/c/en/back","/c/en/return"],"weight":0.23930999999999703},"num_concepts_raised":124790},{"base_id":648,"kind":"bot_words","i1":4,"i2":9,"sol":{"path":["/c/en/goliath","/c/en/steel","/c/en/wood","/c/en/petrify","/c/en/petrified"],"weight":0.21414999999999978},"num_concepts_raised":9477},{"base_id":648,"kind":"bot_words","i1":5,"i2":6,"sol":{"path":["/c/en/brassicaceae","/c/en/plant","/c/en/apple","/c/en/stonewall"],"weight":0.21360999999999955},"num_concepts_raised":34349},{"base_id":648,"kind":"bot_words","i1":5,"i2":7,"sol":{"path":["/c/en/brassicaceae","/c/en/plant","/c/en/house","/c/en/lotto"],"weight":0.21390999999999963},"num_concepts_raised":14727},{"base_id":648,"kind":"bot_words","i1":5,"i2":8,"sol":{"path":["/c/en/brassicaceae","/c/en/plant","/c/en/leave","/c/en/return"],"weight":0.2316899999999969},"num_concepts_raised":125263},{"base_id":648,"kind":"bot_words","i1":5,"i2":9,"sol":{"path":["/c/en/brassicaceae","/c/en/plant","/c/en/petrification","/c/en/petrify","/c/en/petrified"],"weight":0.20927999999999963},"num_concepts_raised":9073},{"base_id":648,"kind":"bot_words","i1":6,"i2":7,"sol":{"path":["/c/en/stonewall","/c/en/wall","/c/en/house","/c/en/lotto"],"weight":0.21597999999999973},"num_concepts_raised":32350},{"base_id":648,"kind":"bot_words","i1":6,"i2":8,"sol":{"path":["/c/en/stonewall","/c/en/uk","/c/en/return"],"weight":0.20600000000000002},"num_concepts_raised":1341},{"base_id":648,"kind":"bot_words","i1":6,"i2":9,"sol":{"path":["/c/en/stonewall","/c/en/stone","/c/ru/каменеть","/c/en/petrified"],"weight":0.20816999999999974},"num_concepts_raised":27048},{"base_id":648,"kind":"bot_words","i1":7,"i2":8,"sol":{"path":["/c/en/lotto","/c/en/game","/c/en/take","/c/en/return"],"weight":0.23436999999999708},"num_concepts_raised":122370},{"base_id":648,"kind":"bot_words","i1":7,"i2":9,"sol":{"path":["/c/en/lotto","/c/en/house","/c/en/wood","/c/en/petrify","/c/en/petrified"],"weight":0.20951999999999982},"num_concepts_raised":7315},{"base_id":648,"kind":"bot_words","i1":8,"i2":9,"sol":{"path":["/c/en/return","/c/en/turn","/c/ru/каменеть","/c/en/petrified"],"weight":0.2268699999999971},"num_concepts_raised":118182}],[{"base_id":648,"kind":"top_words","i1":0,"i2":1,"sol":{"path":["/c/en/sanction","/c/en/sanctioned"],"weight":0.20400000000000001},"num_concepts_raised":263},{"base_id":648,"kind":"top_words","i1":0,"i2":2,"sol":{"path":["/c/en/sanction","/c/fr/donner","/c/fr/action","/c/en/sponsoring"],"weight":0.2060299999999994},"num_concepts_raised":28631},{"base_id":648,"kind":"top_words","i1":0,"i2":3,"sol":{"path":["/c/en/sanction","/c/en/body","/c/en/corporeal"],"weight":0.203},"num_concepts_raised":332},{"base_id":648,"kind":"top_words","i1":0,"i2":4,"sol":{"path":["/c/en/sanction","/c/en/name","/c/en/main","/c/en/cockfighting"],"weight":0.2065399999999994},"num_concepts_raised":25290},{"base_id":648,"kind":"top_words","i1":0,"i2":5,"sol":{"path":["/c/en/sanction","/c/en/body"],"weight":0.20400000000000001},"num_concepts_raised":2935},{"base_id":648,"kind":"top_words","i1":0,"i2":6,"sol":{"path":["/c/en/sanction","/c/en/name","/c/en/computing","/c/en/arf"],"weight":0.2060599999999994},"num_concepts_raised":36136},{"base_id":648,"kind":"top_words","i1":0,"i2":7,"sol":{"path":["/c/en/sanction","/c/en/punishment","/c/en/discipline","/c/en/regulating"],"weight":0.2073699999999994},"num_concepts_raised":24589},{"base_id":648,"kind":"top_words","i1":0,"i2":8,"sol":{"path":["/c/en/sanction","/c/en/valid","/c/en/legitimate","/c/en/legitimize"],"weight":0.20965999999999946},"num_concepts_raised":23973},{"base_id":648,"kind":"top_words","i1":0,"i2":9,"sol":{"path":["/c/en/sanction","/c/en/countenance","/c/en/support","/c/en/sponsorship"],"weight":0.20894999999999941},"num_concepts_raised":26021},{"base_id":648,"kind":"top_words","i1":1,"i2":2,"sol":{"path":["/c/en/sanctioned","/c/fr/canonique","/c/fr/action","/c/en/sponsoring"],"weight":0.20272999999999988},"num_concepts_raised":12711},{"base_id":648,"kind":"top_words","i1":1,"i2":3,"sol":{"path":["/c/en/sanctioned","/c/en/legal","/c/en/corporation","/c/en/corporeal"],"weight":0.20740999999999982},"num_concepts_raised":18430},{"base_id":648,"kind":"top_words","i1":1,"i2":4,"sol":{"path":["/c/en/sanctioned","/c/en/legal","/c/en/contest","/c/en/cockfight","/c/en/cockfighting"],"weight":0.20671999999999985},"num_concepts_raised":9259},{"base_id":648,"kind":"top_words","i1":1,"i2":5,"sol":{"path":["/c/en/sanctioned","/c/en/sanction","/c/en/body"],"weight":0.20500000000000002},"num_concepts_raised":2726},{"base_id":648,"kind":"top_words","i1":1,"i2":6,"sol":{"path":["/c/en/sanctioned","/c/en/canonical","/c/en/computing","/c/en/arf"],"weight":0.20289999999999989},"num_concepts_raised":20249},{"base_id":648,"kind":"top_words","i1":1,"i2":7,"sol":{"path":["/c/en/sanctioned","/c/en/legal","/c/en/zoning","/c/en/regulating"],"weight":0.20568999999999987},"num_concepts_raised":8675},{"base_id":648,"kind":"top_words","i1":1,"i2":8,"sol":{"path":["/c/en/sanctioned","/c/en/legal","/c/en/legitimate","/c/en/legitimize"],"weight":0.20750999999999992},"num_concepts_raised":7818},{"base_id":648,"kind":"top_words","i1":1,"i2":9,"sol":{"path":["/c/en/sanctioned","/c/en/legal","/c/en/patronage","/c/en/sponsorship"],"weight":0.20569999999999988},"num_concepts_raised":10084},{"base_id":648,"kind":"top_words","i1":2,"i2":3,"sol":{"path":["/c/en/sponsoring","/c/fr/action","/c/fr/corps","/c/en/corporeal"],"weight":0.20416999999999982},"num_concepts_raised":17174},{"base_id":648,"kind":"top_words","i1":2,"i2":4,"sol":{"path":["/c/en/sponsoring","/c/en/sponsor","/c/en/person","/c/en/rooster","/c/en/cockfighting"],"weight":0.20419999999999988},"num_concepts_raised":8034},{"base_id":648,"kind":"top_words","i1":2,"i2":5,"sol":{"path":["/c/en/sponsoring","/c/fr/action","/c/fr/corps","/c/en/body"],"weight":0.2512800000000106},"num_concepts_raised":322631},{"base_id":648,"kind":"top_words","i1":2,"i2":6,"sol":{"path":["/c/en/sponsoring","/c/fr/sponsoring","/c/en/support","/c/en/computing","/c/en/arf"],"weight":0.2027199999999999},"num_concepts_raised":19172},{"base_id":648,"kind":"top_words","i1":2,"i2":7,"sol":{"path":["/c/en/sponsoring","/c/fr/action","/c/fr/gouvernement","/c/en/regulation","/c/en/regulating"],"weight":0.20261999999999986},"num_concepts_raised":7480},{"base_id":648,"kind":"top_words","i1":2,"i2":8,"sol":{"path":["/c/en/sponsoring","/c/fr/action","/c/fr/légitimation","/c/fr/légitimer","/c/en/legitimize"],"weight":0.20418999999999993},"num_concepts_raised":6644},{"base_id":648,"kind":"top_words","i1":2,"i2":9,"sol":{"path":["/c/en/sponsoring","/c/fr/mécénat","/c/en/sponsorship"],"weight":0.203},"num_concepts_raised":81},{"base_id":648,"kind":"top_words","i1":3,"i2":4,"sol":{"path":["/c/en/corporeal","/c/en/body","/c/en/main","/c/en/cockfighting"],"weight":0.2060599999999998},"num_concepts_raised":13801},{"base_id":648,"kind":"top_words","i1":3,"i2":5,"sol":{"path":["/c/en/corporeal","/c/en/body"],"weight":0.20700000000000002},"num_concepts_raised":2771},{"base_id":648,"kind":"top_words","i1":3,"i2":6,"sol":{"path":["/c/en/corporeal","/c/en/physical","/c/en/computing","/c/en/arf"],"weight":0.20441999999999982},"num_concepts_raised":24804},{"base_id":648,"kind":"top_words","i1":3,"i2":7,"sol":{"path":["/c/en/corporeal","/c/en/bodily","/c/en/voice","/c/en/regulate","/c/en/regulating"],"weight":0.2064999999999998},"num_concepts_raised":13319},{"base_id":648,"kind":"top_words","i1":3,"i2":8,"sol":{"path":["/c/en/corporeal","/c/en/bodily","/c/en/real","/c/en/legitimate","/c/en/legitimize"],"weight":0.20918999999999988},"num_concepts_raised":12525},{"base_id":648,"kind":"top_words","i1":3,"i2":9,"sol":{"path":["/c/en/corporeal","/c/en/material","/c/en/backing","/c/en/sponsorship"],"weight":0.20619999999999983},"num_concepts_raised":14676},{"base_id":648,"kind":"top_words","i1":4,"i2":5,"sol":{"path":["/c/en/cockfighting","/c/en/main","/c/en/body"],"weight":0.20500000000000002},"num_concepts_raised":2752},{"base_id":648,"kind":"top_words","i1":4,"i2":6,"sol":{"path":["/c/en/cockfighting","/c/en/cock","/c/en/british","/c/en/arf"],"weight":0.20332999999999987},"num_concepts_raised":15663},{"base_id":648,"kind":"top_words","i1":4,"i2":7,"sol":{"path":["/c/en/cockfighting","/c/en/rooster","/c/en/bat","/c/en/regulation","/c/en/regulating"],"weight":0.20421999999999985},"num_concepts_raised":4013},{"base_id":648,"kind":"top_words","i1":4,"i2":8,"sol":{"path":["/c/en/cockfighting","/c/en/main","/c/en/state","/c/en/legitimate","/c/en/legitimize"],"weight":0.2057599999999999},"num_concepts_raised":3175},{"base_id":648,"kind":"top_words","i1":4,"i2":9,"sol":{"path":["/c/en/cockfighting","/c/fil/pintakasi","/c/en/aid","/c/en/sponsorship"],"weight":0.20388999999999985},"num_concepts_raised":5414},{"base_id":648,"kind":"top_words","i1":5,"i2":6,"sol":{"path":["/c/en/body","/c/en/person","/c/en/british","/c/en/arf"],"weight":0.2497100000000106},"num_concepts_raised":327864},{"base_id":648,"kind":"top_words","i1":5,"i2":7,"sol":{"path":["/c/en/body","/c/en/system","/c/en/discipline","/c/en/regulating"],"weight":0.24364000000001063},"num_concepts_raised":319044},{"base_id":648,"kind":"top_words","i1":5,"i2":8,"sol":{"path":["/c/en/body","/c/en/government","/c/en/legitimate","/c/en/legitimize"],"weight":0.24562000000001072},"num_concepts_raised":318672},{"base_id":648,"kind":"top_words","i1":5,"i2":9,"sol":{"path":["/c/en/body","/c/en/person","/c/en/sponsor","/c/en/sponsorship"],"weight":0.25112000000001056},"num_concepts_raised":319886},{"base_id":648,"kind":"top_words","i1":6,"i2":7,"sol":{"path":["/c/en/arf","/c/en/computing","/c/it/ordinatore","/c/en/regulating"],"weight":0.20266999999999985},"num_concepts_raised":15156},{"base_id":648,"kind":"top_words","i1":6,"i2":8,"sol":{"path":["/c/en/arf","/c/en/computing","/c/en/logical","/c/en/legitimate","/c/en/legitimize"],"weight":0.20529999999999993},"num_concepts_raised":14335},{"base_id":648,"kind":"top_words","i1":6,"i2":9,"sol":{"path":["/c/en/arf","/c/en/computing","/c/en/support","/c/en/sponsorship"],"weight":0.20351999999999987},"num_concepts_raised":16520},{"base_id":648,"kind":"top_words","i1":7,"i2":8,"sol":{"path":["/c/en/regulating","/c/en/zoning","/c/en/legal","/c/en/legitimate","/c/en/legitimize"],"weight":0.2063199999999999},"num_concepts_raised":2620},{"base_id":648,"kind":"top_words","i1":7,"i2":9,"sol":{"path":["/c/en/regulating","/c/en/discipline","/c/fr/condition","/c/fr/patronage","/c/en/sponsorship"],"weight":0.20534999999999987},"num_concepts_raised":4879},{"base_id":648,"kind":"top_words","i1":8,"i2":9,"sol":{"path":["/c/en/legitimize","/c/fr/légitimer","/c/fr/enfant","/c/fr/patronage","/c/en/sponsorship"],"weight":0.20696999999999988},"num_concepts_raised":4050}]]