[[{"base_id":203,"kind":"bot_words","i1":0,"i2":1,"sol":{"path":["/c/en/discriminant","/c/en/real","/c/en/common","/c/en/banal"],"weight":0.20451999999999995},"num_concepts_raised":15508},{"base_id":203,"kind":"bot_words","i1":0,"i2":2,"sol":{"path":["/c/en/discriminant","/c/en/algebra","/c/en/union","/c/en/chemical_compound","/c/en/tetrodotoxin"],"weight":0.20840999999999985},"num_concepts_raised":12324},{"base_id":203,"kind":"bot_words","i1":0,"i2":3,"sol":{"path":["/c/en/discriminant","/c/en/complex","/c/en/chemistry","/c/en/galvanise"],"weight":0.20292999999999983},"num_concepts_raised":26453},{"base_id":203,"kind":"bot_words","i1":0,"i2":4,"sol":{"path":["/c/en/discriminant","/c/en/real","/c/en/germany","/c/en/denazification"],"weight":0.20300999999999986},"num_concepts_raised":11397},{"base_id":203,"kind":"bot_words","i1":0,"i2":5,"sol":{"path":["/c/en/discriminant","/c/en/root","/c/en/turnip","/c/en/swede","/c/en/swedes"],"weight":0.2104799999999997},"num_concepts_raised":10576},{"base_id":203,"kind":"bot_words","i1":0,"i2":6,"sol":{"path":["/c/en/discriminant","/c/en/complex","/c/en/organism","/c/en/phylogenetics"],"weight":0.20877999999999977},"num_concepts_raised":14419},{"base_id":203,"kind":"bot_words","i1":0,"i2":7,"sol":{"path":["/c/en/discriminant","/c/fr/discriminant","/c/en/mathematics","/c/ru/кортеж","/c/en/motorcade"],"weight":0.20450999999999991},"num_concepts_raised":9685},{"base_id":203,"kind":"bot_words","i1":0,"i2":8,"sol":{"path":["/c/en/discriminant","/c/en/complex","/c/en/life","/c/en/bestir"],"weight":0.2030399999999998},"num_concepts_raised":13239},{"base_id":203,"kind":"bot_words","i1":0,"i2":9,"sol":{"path":["/c/en/discriminant","/c/en/real","/c/en/god","/c/en/monotheism"],"weight":0.2145600000000003},"num_concepts_raised":19292},{"base_id":203,"kind":"bot_words","i1":1,"i2":2,"sol":{"path":["/c/en/banal","/c/en/commonplace","/c/en/bromide","/c/en/chemical_compound","/c/en/tetrodotoxin"],"weight":0.21106999999999992},"num_concepts_raised":9790},{"base_id":203,"kind":"bot_words","i1":1,"i2":3,"sol":{"path":["/c/en/banal","/c/en/corny","/c/en/uk","/c/en/galvanise"],"weight":0.20421999999999993},"num_concepts_raised":24019},{"base_id":203,"kind":"bot_words","i1":1,"i2":4,"sol":{"path":["/c/en/banal","/c/en/ban","/c/en/europe","/c/en/germany","/c/en/denazification"],"weight":0.20530999999999994},"num_concepts_raised":8858},{"base_id":203,"kind":"bot_words","i1":1,"i2":5,"sol":{"path":["/c/en/banal","/c/en/pedestrianism","/c/en/professional","/c/en/swede","/c/en/swedes"],"weight":0.21167999999999978},"num_concepts_raised":8031},{"base_id":203,"kind":"bot_words","i1":1,"i2":6,"sol":{"path":["/c/en/banal","/c/en/common","/c/en/cladogram","/c/en/phylogenetics"],"weight":0.21011999999999986},"num_concepts_raised":11917},{"base_id":203,"kind":"bot_words","i1":1,"i2":7,"sol":{"path":["/c/en/banal","/c/fr/banal","/c/en/legal","/c/en/procession","/c/en/motorcade"],"weight":0.20831},"num_concepts_raised":7141},{"base_id":203,"kind":"bot_words","i1":1,"i2":8,"sol":{"path":["/c/en/banal","/c/en/everyday","/c/en/life","/c/en/bestir"],"weight":0.20435999999999988},"num_concepts_raised":10674},{"base_id":203,"kind":"bot_words","i1":1,"i2":9,"sol":{"path":["/c/en/banal","/c/en/mundane","/c/fr/religion","/c/fr/monothéisme","/c/en/monotheism"],"weight":0.2178800000000004},"num_concepts_raised":16769},{"base_id":203,"kind":"bot_words","i1":2,"i2":3,"sol":{"path":["/c/en/tetrodotoxin","/c/en/chemical_compound","/c/en/chemistry","/c/en/galvanise"],"weight":0.2080999999999998},"num_concepts_raised":20483},{"base_id":203,"kind":"bot_words","i1":2,"i2":4,"sol":{"path":["/c/en/tetrodotoxin","/c/en/chemical_compound","/c/en/hexanitrodiphenylamine","/c/en/world_war_ii","/c/en/denazification"],"weight":0.20816999999999986},"num_concepts_raised":5540},{"base_id":203,"kind":"bot_words","i1":2,"i2":5,"sol":{"path":["/c/en/tetrodotoxin","/c/en/chemical_compound","/c/en/opiorphin","/c/en/human","/c/en/swede","/c/en/swedes"],"weight":0.2189659999999991},"num_concepts_raised":177256},{"base_id":203,"kind":"bot_words","i1":2,"i2":6,"sol":{"path":["/c/en/tetrodotoxin","/c/en/toxin","/c/fr/biologie","/c/en/phylogenetics"],"weight":0.21391999999999975},"num_concepts_raised":8615},{"base_id":203,"kind":"bot_words","i1":2,"i2":7,"sol":{"path":["/c/en/tetrodotoxin","/c/en/pufferfish","/c/en/fish","/c/en/cade","/c/en/motorcade"],"weight":0.20841999999999988},"num_concepts_raised":3810},{"base_id":203,"kind":"bot_words","i1":2,"i2":8,"sol":{"path":["/c/en/tetrodotoxin","/c/en/chemical_compound","/c/en/water","/c/en/life","/c/en/bestir"],"weight":0.20822999999999978},"num_concepts_raised":7444},{"base_id":203,"kind":"bot_words","i1":2,"i2":9,"sol":{"path":["/c/en/tetrodotoxin","/c/en/chemical_compound","/c/en/carene","/c/en/religion","/c/en/monotheism"],"weight":0.2176600000000003},"num_concepts_raised":13526},{"base_id":203,"kind":"bot_words","i1":3,"i2":4,"sol":{"path":["/c/en/galvanise","/c/en/zinc","/c/en/steelie","/c/en/world_war_ii","/c/en/denazification"],"weight":0.20283999999999985},"num_concepts_raised":19844},{"base_id":203,"kind":"bot_words","i1":3,"i2":5,"sol":{"path":["/c/en/galvanise","/c/en/uk","/c/en/british","/c/en/swede","/c/en/swedes"],"weight":0.21019999999999966},"num_concepts_raised":19047},{"base_id":203,"kind":"bot_words","i1":3,"i2":6,"sol":{"path":["/c/en/galvanise","/c/en/chemistry","/c/en/evolution","/c/en/phylogeny","/c/en/phylogenetics"],"weight":0.21092999999999973},"num_concepts_raised":22902},{"base_id":203,"kind":"bot_words","i1":3,"i2":7,"sol":{"path":["/c/en/galvanise","/c/en/chemistry","/c/en/group","/c/en/procession","/c/en/motorcade"],"weight":0.20408999999999988},"num_concepts_raised":18157},{"base_id":203,"kind":"bot_words","i1":3,"i2":8,"sol":{"path":["/c/en/galvanise","/c/en/startle","/c/ms/merangsangkan","/c/en/bestir"],"weight":0.20278999999999978},"num_concepts_raised":21696},{"base_id":203,"kind":"bot_words","i1":3,"i2":9,"sol":{"path":["/c/en/galvanise","/c/en/uk","/c/en/single","/c/en/monotheism"],"weight":0.21183000000000027},"num_concepts_raised":27767},{"base_id":203,"kind":"bot_words","i1":4,"i2":5,"sol":{"path":["/c/en/denazification","/c/en/austria","/c/en/human","/c/en/swede","/c/en/swedes"],"weight":0.2102899999999997},"num_concepts_raised":3769},{"base_id":203,"kind":"bot_words","i1":4,"i2":6,"sol":{"path":["/c/en/denazification","/c/en/germany","/c/en/historical","/c/en/phylogeny","/c/en/phylogenetics"],"weight":0.21091999999999977},"num_concepts_raised":7698},{"base_id":203,"kind":"bot_words","i1":4,"i2":7,"sol":{"path":["/c/en/denazification","/c/en/removal","/c/en/process","/c/en/procession","/c/en/motorcade"],"weight":0.2041599999999999},"num_concepts_raised":2894},{"base_id":203,"kind":"bot_words","i1":4,"i2":8,"sol":{"path":["/c/en/denazification","/c/en/removal","/c/en/move","/c/en/rouse","/c/en/bestir"],"weight":0.2039399999999998},"num_concepts_raised":6517},{"base_id":203,"kind":"bot_words","i1":4,"i2":9,"sol":{"path":["/c/en/denazification","/c/en/nazi","/c/en/person","/c/en/god","/c/en/monotheism"],"weight":0.21446000000000032},"num_concepts_raised":12593},{"base_id":203,"kind":"bot_words","i1":5,"i2":6,"sol":{"path":["/c/en/swedes","/c/en/ethnic_group","/c/en/identify","/c/en/organism","/c/en/phylogenetics"],"weight":0.2139999999999996},"num_concepts_raised":6863},{"base_id":203,"kind":"bot_words","i1":5,"i2":7,"sol":{"path":["/c/en/swedes","/c/en/swede","/c/en/ireland","/c/en/convoy","/c/en/motorcade"],"weight":0.21054999999999974},"num_concepts_raised":2049},{"base_id":203,"kind":"bot_words","i1":5,"i2":8,"sol":{"path":["/c/en/swedes","/c/en/swede","/c/en/british","/c/en/rouse","/c/en/bestir"],"weight":0.21131999999999962},"num_concepts_raised":5684},{"base_id":203,"kind":"bot_words","i1":5,"i2":9,"sol":{"path":["/c/en/swedes","/c/en/norwegians","/c/en/religion","/c/en/monotheism"],"weight":0.21773000000000015},"num_concepts_raised":11742},{"base_id":203,"kind":"bot_words","i1":6,"i2":7,"sol":{"path":["/c/en/phylogenetics","/c/fr/biologie","/c/en/vip","/c/en/motorcade"],"weight":0.2087899999999998},"num_concepts_raised":5968},{"base_id":203,"kind":"bot_words","i1":6,"i2":8,"sol":{"path":["/c/en/phylogenetics","/c/en/organism","/c/en/life","/c/en/bestir"],"weight":0.20869999999999972},"num_concepts_raised":9558},{"base_id":203,"kind":"bot_words","i1":6,"i2":9,"sol":{"path":["/c/en/phylogenetics","/c/en/systematics","/c/en/religion","/c/en/monotheism"],"weight":0.2181100000000002},"num_concepts_raised":15646},{"base_id":203,"kind":"bot_words","i1":7,"i2":8,"sol":{"path":["/c/en/motorcade","/c/en/procession","/c/en/time","/c/en/life","/c/en/bestir"],"weight":0.20419999999999983},"num_concepts_raised":4795},{"base_id":203,"kind":"bot_words","i1":7,"i2":9,"sol":{"path":["/c/en/motorcade","/c/en/procession","/c/fr/religion","/c/fr/monothéisme","/c/en/monotheism"],"weight":0.21774000000000032},"num_concepts_raised":10873},{"base_id":203,"kind":"bot_words","i1":8,"i2":9,"sol":{"path":["/c/en/bestir","/c/en/life","/c/en/god","/c/en/monotheism"],"weight":0.21447000000000022},"num_concepts_raised":14443}],[{"base_id":203,"kind":"top_words","i1":0,"i2":1,"sol":{"path":["/c/en/teller","/c/en/bank","/c/en/atm"],"weight":0.203},"num_concepts_raised":248},{"base_id":203,"kind":"top_words","i1":0,"i2":2,"sol":{"path":["/c/en/teller","/c/mul/🏧","/c/en/automated"],"weight":0.202},"num_concepts_raised":174},{"base_id":203,"kind":"top_words","i1":0,"i2":3,"sol":{"path":["/c/en/teller","/c/en/bank","/c/en/machines"],"weight":0.203},"num_concepts_raised":177},{"base_id":203,"kind":"top_words","i1":0,"i2":4,"sol":{"path":["/c/en/teller","/c/de/bankautomat","/c/fr/automatique","/c/en/automatic"],"weight":0.21378999999999881},"num_concepts_raised":56511},{"base_id":203,"kind":"top_words","i1":0,"i2":5,"sol":{"path":["/c/en/teller","/c/en/tell","/c/en/surname","/c/en/turing"],"weight":0.20989999999999953},"num_concepts_raised":34615},{"base_id":203,"kind":"top_words","i1":0,"i2":6,"sol":{"path":["/c/en/teller","/c/en/us","/c/en/machine"],"weight":0.20600000000000002},"num_concepts_raised":1528},{"base_id":203,"kind":"top_words","i1":0,"i2":7,"sol":{"path":["/c/en/teller","/c/en/cashier"],"weight":0.20400000000000001},"num_concepts_raised":243},{"base_id":203,"kind":"top_words","i1":0,"i2":8,"sol":{"path":["/c/en/teller","/c/en/money","/c/en/debit"],"weight":0.202},"num_concepts_raised":234},{"base_id":203,"kind":"top_words","i1":0,"i2":9,"sol":{"path":["/c/en/teller","/c/en/money","/c/en/sale","/c/en/vending"],"weight":0.2042699999999995},"num_concepts_raised":26148},{"base_id":203,"kind":"top_words","i1":1,"i2":2,"sol":{"path":["/c/en/atm","/c/mul/🏧","/c/en/automated"],"weight":0.202},"num_concepts_raised":176},{"base_id":203,"kind":"top_words","i1":1,"i2":3,"sol":{"path":["/c/en/atm","/c/en/bank","/c/en/machines"],"weight":0.202},"num_concepts_raised":179},{"base_id":203,"kind":"top_words","i1":1,"i2":4,"sol":{"path":["/c/en/atm","/c/en/computing","/c/en/automatic"],"weight":0.202},"num_concepts_raised":516},{"base_id":203,"kind":"top_words","i1":1,"i2":5,"sol":{"path":["/c/en/atm","/c/en/computing","/c/en/turing"],"weight":0.20400000000000001},"num_concepts_raised":155},{"base_id":203,"kind":"top_words","i1":1,"i2":6,"sol":{"path":["/c/en/atm","/c/en/mechanical_device","/c/en/machine"],"weight":0.20700000000000002},"num_concepts_raised":1531},{"base_id":203,"kind":"top_words","i1":1,"i2":7,"sol":{"path":["/c/en/atm","/c/en/bank","/c/en/cashier"],"weight":0.202},"num_concepts_raised":269},{"base_id":203,"kind":"top_words","i1":1,"i2":8,"sol":{"path":["/c/en/atm","/c/en/personal_identification_number","/c/en/debit_card","/c/en/debit"],"weight":0.20744999999999958},"num_concepts_raised":35216},{"base_id":203,"kind":"top_words","i1":1,"i2":9,"sol":{"path":["/c/en/atm","/c/en/mechanical_device","/c/en/vending_machine","/c/en/vending"],"weight":0.2041299999999996},"num_concepts_raised":27374},{"base_id":203,"kind":"top_words","i1":2,"i2":3,"sol":{"path":["/c/en/automated","/c/en/machine","/c/en/machines"],"weight":0.20400000000000001},"num_concepts_raised":103},{"base_id":203,"kind":"top_words","i1":2,"i2":4,"sol":{"path":["/c/en/automated","/c/en/automatic"],"weight":0.202},"num_concepts_raised":437},{"base_id":203,"kind":"top_words","i1":2,"i2":5,"sol":{"path":["/c/en/automated","/c/en/machine","/c/en/turing_machine","/c/en/turing"],"weight":0.20809999999999973},"num_concepts_raised":12925},{"base_id":203,"kind":"top_words","i1":2,"i2":6,"sol":{"path":["/c/en/automated","/c/en/machine"],"weight":0.20600000000000002},"num_concepts_raised":1455},{"base_id":203,"kind":"top_words","i1":2,"i2":7,"sol":{"path":["/c/en/automated","/c/mul/🏧","/c/ms/juruwang","/c/en/cashier"],"weight":0.20733999999999977},"num_concepts_raised":33426},{"base_id":203,"kind":"top_words","i1":2,"i2":8,"sol":{"path":["/c/en/automated","/c/en/machine","/c/en/card","/c/en/credit","/c/en/debit"],"weight":0.20673999999999967},"num_concepts_raised":12611},{"base_id":203,"kind":"top_words","i1":2,"i2":9,"sol":{"path":["/c/en/automated","/c/en/machine","/c/en/vending_machine","/c/en/vending"],"weight":0.20309999999999967},"num_concepts_raised":4344},{"base_id":203,"kind":"top_words","i1":3,"i2":4,"sol":{"path":["/c/en/machines","/c/en/automate","/c/en/automatic"],"weight":0.202},"num_concepts_raised":443},{"base_id":203,"kind":"top_words","i1":3,"i2":5,"sol":{"path":["/c/en/machines","/c/en/machine","/c/en/turing_machine","/c/en/turing"],"weight":0.2103399999999997},"num_concepts_raised":25053},{"base_id":203,"kind":"top_words","i1":3,"i2":6,"sol":{"path":["/c/en/machines","/c/en/machine"],"weight":0.20900000000000002},"num_concepts_raised":1450},{"base_id":203,"kind":"top_words","i1":3,"i2":7,"sol":{"path":["/c/en/machines","/c/en/bank","/c/en/cashier"],"weight":0.202},"num_concepts_raised":197},{"base_id":203,"kind":"top_words","i1":3,"i2":8,"sol":{"path":["/c/en/machines","/c/en/bank","/c/en/account","/c/en/debit"],"weight":0.20566999999999966},"num_concepts_raised":24507},{"base_id":203,"kind":"top_words","i1":3,"i2":9,"sol":{"path":["/c/en/machines","/c/en/machine","/c/en/vending_machine","/c/en/vending"],"weight":0.20532999999999968},"num_concepts_raised":16538},{"base_id":203,"kind":"top_words","i1":4,"i2":5,"sol":{"path":["/c/en/automatic","/c/en/computing","/c/en/turing"],"weight":0.20400000000000001},"num_concepts_raised":420},{"base_id":203,"kind":"top_words","i1":4,"i2":6,"sol":{"path":["/c/en/automatic","/c/en/manual","/c/en/machine"],"weight":0.20800000000000002},"num_concepts_raised":1781},{"base_id":203,"kind":"top_words","i1":4,"i2":7,"sol":{"path":["/c/en/automatic","/c/en/manual","/c/en/worker","/c/en/cashier"],"weight":0.21317999999999912},"num_concepts_raised":62939},{"base_id":203,"kind":"top_words","i1":4,"i2":8,"sol":{"path":["/c/en/automatic","/c/fr/armement","/c/en/charge","/c/en/debit"],"weight":0.211259999999999},"num_concepts_raised":42687},{"base_id":203,"kind":"top_words","i1":4,"i2":9,"sol":{"path":["/c/en/automatic","/c/en/vending_machine","/c/en/vending"],"weight":0.202},"num_concepts_raised":429},{"base_id":203,"kind":"top_words","i1":5,"i2":6,"sol":{"path":["/c/en/turing","/c/en/computing","/c/en/machine"],"weight":0.20800000000000002},"num_concepts_raised":1436},{"base_id":203,"kind":"top_words","i1":5,"i2":7,"sol":{"path":["/c/en/turing","/c/en/computing","/c/en/worker","/c/en/cashier"],"weight":0.21015999999999985},"num_concepts_raised":41152},{"base_id":203,"kind":"top_words","i1":5,"i2":8,"sol":{"path":["/c/en/turing","/c/en/computing","/c/ar/حسب","/c/en/debit"],"weight":0.20915999999999974},"num_concepts_raised":20351},{"base_id":203,"kind":"top_words","i1":5,"i2":9,"sol":{"path":["/c/en/turing","/c/en/computing","/c/en/broker","/c/en/sale","/c/en/vending"],"weight":0.20800999999999975},"num_concepts_raised":12194},{"base_id":203,"kind":"top_words","i1":6,"i2":7,"sol":{"path":["/c/en/machine","/c/en/person","/c/en/cashier"],"weight":0.20600000000000002},"num_concepts_raised":1551},{"base_id":203,"kind":"top_words","i1":6,"i2":8,"sol":{"path":["/c/en/machine","/c/fr/machine","/c/fr/débit","/c/en/debit"],"weight":0.24320999999999987},"num_concepts_raised":179521},{"base_id":203,"kind":"top_words","i1":6,"i2":9,"sol":{"path":["/c/en/machine","/c/en/vend","/c/en/vending"],"weight":0.20600000000000002},"num_concepts_raised":1445},{"base_id":203,"kind":"top_words","i1":7,"i2":8,"sol":{"path":["/c/en/cashier","/c/en/payment","/c/en/debit"],"weight":0.202},"num_concepts_raised":253},{"base_id":203,"kind":"top_words","i1":7,"i2":9,"sol":{"path":["/c/en/cashier","/c/en/cash","/c/en/sale","/c/en/vending"],"weight":0.2065899999999998},"num_concepts_raised":32550},{"base_id":203,"kind":"top_words","i1":8,"i2":9,"sol":{"path":["/c/en/debit","/c/fr/débiter","/c/en/sell","/c/en/vending"],"weight":0.20527999999999974},"num_concepts_raised":11723}]]