[[{"base_id":848,"kind":"bot_words","i1":0,"i2":1,"sol":{"path":["/c/en/brilliance","/c/en/brilliant","/c/en/saturated","/c/en/compound","/c/en/isoprenoid"],"weight":0.2072199999999992},"num_concepts_raised":35326},{"base_id":848,"kind":"bot_words","i1":0,"i2":2,"sol":{"path":["/c/en/brilliance","/c/en/british","/c/en/casual","/c/en/insouciant"],"weight":0.2053599999999992},"num_concepts_raised":18936},{"base_id":848,"kind":"bot_words","i1":0,"i2":3,"sol":{"path":["/c/en/brilliance","/c/en/light","/c/en/comedy","/c/en/tragicomedy"],"weight":0.2116299999999993},"num_concepts_raised":17708},{"base_id":848,"kind":"bot_words","i1":0,"i2":4,"sol":{"path":["/c/en/brilliance","/c/en/light","/c/en/square","/c/en/tokyo"],"weight":0.21547999999999945},"num_concepts_raised":34804},{"base_id":848,"kind":"bot_words","i1":0,"i2":5,"sol":{"path":["/c/en/brilliance","/c/en/extraordinary","/c/en/plain","/c/en/prairie"],"weight":0.21297999999999911},"num_concepts_raised":43295},{"base_id":848,"kind":"bot_words","i1":0,"i2":6,"sol":{"path":["/c/en/brilliance","/c/en/british","/c/en/village","/c/en/crick"],"weight":0.20550999999999914},"num_concepts_raised":135279},{"base_id":848,"kind":"bot_words","i1":0,"i2":7,"sol":{"path":["/c/en/brilliance","/c/en/quality","/c/en/mass","/c/en/cyst"],"weight":0.21267999999999904},"num_concepts_raised":43702},{"base_id":848,"kind":"bot_words","i1":0,"i2":8,"sol":{"path":["/c/en/brilliance","/c/en/british","/c/en/historical","/c/en/sudan","/c/en/khartoum"],"weight":0.21700999999999926},"num_concepts_raised":17527},{"base_id":848,"kind":"bot_words","i1":0,"i2":9,"sol":{"path":["/c/en/brilliance","/c/sa/शोभा","/c/en/desire","/c/en/vindictiveness"],"weight":0.20492999999999922},"num_concepts_raised":18668},{"base_id":848,"kind":"bot_words","i1":1,"i2":2,"sol":{"path":["/c/en/isoprenoid","/c/en/organic_chemistry","/c/en/chemistry","/c/en/indifferent","/c/en/insouciant"],"weight":0.20329999999999987},"num_concepts_raised":21157},{"base_id":848,"kind":"bot_words","i1":1,"i2":3,"sol":{"path":["/c/en/isoprenoid","/c/en/terpene","/c/en/class","/c/en/drama","/c/en/tragicomedy"],"weight":0.20900999999999992},"num_concepts_raised":19898},{"base_id":848,"kind":"bot_words","i1":1,"i2":4,"sol":{"path":["/c/en/isoprenoid","/c/en/compound","/c/en/enamel","/c/en/japan","/c/en/tokyo"],"weight":0.2170200000000001},"num_concepts_raised":37167},{"base_id":848,"kind":"bot_words","i1":1,"i2":5,"sol":{"path":["/c/en/isoprenoid","/c/fr/chimie","/c/fr/vert","/c/fr/prairie","/c/en/prairie"],"weight":0.21682999999999975},"num_concepts_raised":46010},{"base_id":848,"kind":"bot_words","i1":1,"i2":6,"sol":{"path":["/c/en/isoprenoid","/c/en/organic_chemistry","/c/en/des","/c/en/spasm","/c/en/crick"],"weight":0.20539999999999978},"num_concepts_raised":137873},{"base_id":848,"kind":"bot_words","i1":1,"i2":7,"sol":{"path":["/c/en/isoprenoid","/c/en/steroid","/c/en/medicine","/c/en/cyst"],"weight":0.21071999999999969},"num_concepts_raised":46076},{"base_id":848,"kind":"bot_words","i1":1,"i2":8,"sol":{"path":["/c/en/isoprenoid","/c/fr/chimie","/c/fr/nil","/c/en/nile","/c/en/khartoum"],"weight":0.2126699999999999},"num_concepts_raised":19694},{"base_id":848,"kind":"bot_words","i1":1,"i2":9,"sol":{"path":["/c/en/isoprenoid","/c/en/organic_chemistry","/c/en/contain","/c/en/desire","/c/en/vindictiveness"],"weight":0.2027999999999999},"num_concepts_raised":20861},{"base_id":848,"kind":"bot_words","i1":2,"i2":3,"sol":{"path":["/c/en/insouciant","/c/en/casual","/c/en/slang","/c/en/drama","/c/en/tragicomedy"],"weight":0.20930999999999994},"num_concepts_raised":3516},{"base_id":848,"kind":"bot_words","i1":2,"i2":4,"sol":{"path":["/c/en/insouciant","/c/en/happy_go_lucky","/c/en/film","/c/en/tokyo"],"weight":0.2144100000000001},"num_concepts_raised":20844},{"base_id":848,"kind":"bot_words","i1":2,"i2":5,"sol":{"path":["/c/en/insouciant","/c/en/casual","/c/en/slang","/c/en/prairie_dog","/c/en/prairie"],"weight":0.21279999999999974},"num_concepts_raised":29696},{"base_id":848,"kind":"bot_words","i1":2,"i2":6,"sol":{"path":["/c/en/insouciant","/c/fr/insouciant","/c/fr/rien","/c/fr/village","/c/en/crick"],"weight":0.2057199999999998},"num_concepts_raised":121511},{"base_id":848,"kind":"bot_words","i1":2,"i2":7,"sol":{"path":["/c/en/insouciant","/c/en/casual","/c/en/slang","/c/en/pouch","/c/en/cyst"],"weight":0.21285999999999966},"num_concepts_raised":29865},{"base_id":848,"kind":"bot_words","i1":2,"i2":8,"sol":{"path":["/c/en/insouciant","/c/en/happy_go_lucky","/c/en/film","/c/en/english_language","/c/en/sudan","/c/en/khartoum"],"weight":0.2216992999999997},"num_concepts_raised":195728},{"base_id":848,"kind":"bot_words","i1":2,"i2":9,"sol":{"path":["/c/en/insouciant","/c/fr/souci","/c/ja/念い","/c/en/desire","/c/en/vindictiveness"],"weight":0.20308999999999988},"num_concepts_raised":4475},{"base_id":848,"kind":"bot_words","i1":3,"i2":4,"sol":{"path":["/c/en/tragicomedy","/c/en/comedy","/c/en/historical","/c/en/edo","/c/en/tokyo"],"weight":0.2233800000000002},"num_concepts_raised":19557},{"base_id":848,"kind":"bot_words","i1":3,"i2":5,"sol":{"path":["/c/en/tragicomedy","/c/en/tragedy","/c/en/character","/c/en/plain","/c/en/prairie"],"weight":0.21900999999999982},"num_concepts_raised":28445},{"base_id":848,"kind":"bot_words","i1":3,"i2":6,"sol":{"path":["/c/en/tragicomedy","/c/en/tragedy","/c/en/play","/c/en/catch","/c/en/crick"],"weight":0.21246999999999988},"num_concepts_raised":120252},{"base_id":848,"kind":"bot_words","i1":3,"i2":7,"sol":{"path":["/c/en/tragicomedy","/c/en/tragedy","/c/en/sad","/c/en/medicine","/c/en/cyst"],"weight":0.21899999999999975},"num_concepts_raised":28593},{"base_id":848,"kind":"bot_words","i1":3,"i2":8,"sol":{"path":["/c/en/tragicomedy","/c/en/comedy","/c/en/historical","/c/en/sudan","/c/en/khartoum"],"weight":0.22103999999999996},"num_concepts_raised":2041},{"base_id":848,"kind":"bot_words","i1":3,"i2":9,"sol":{"path":["/c/en/tragicomedy","/c/en/tragedy","/c/en/extreme","/c/en/desire","/c/en/vindictiveness"],"weight":0.21094999999999997},"num_concepts_raised":3208},{"base_id":848,"kind":"bot_words","i1":4,"i2":5,"sol":{"path":["/c/en/tokyo","/c/fr/géographie","/c/en/prairie"],"weight":0.20600000000000002},"num_concepts_raised":421},{"base_id":848,"kind":"bot_words","i1":4,"i2":6,"sol":{"path":["/c/en/tokyo","/c/en/edo","/c/fr/localités","/c/en/crick"],"weight":0.21750000000000003},"num_concepts_raised":136852},{"base_id":848,"kind":"bot_words","i1":4,"i2":7,"sol":{"path":["/c/en/tokyo","/c/ja/東京","/c/ja/群衆","/c/en/mass","/c/en/cyst"],"weight":0.22688999999999993},"num_concepts_raised":45747},{"base_id":848,"kind":"bot_words","i1":4,"i2":8,"sol":{"path":["/c/en/tokyo","/c/en/japan","/c/en/country","/c/en/sudan","/c/en/khartoum"],"weight":0.22917000000000015},"num_concepts_raised":19365},{"base_id":848,"kind":"bot_words","i1":4,"i2":9,"sol":{"path":["/c/en/tokyo","/c/en/city","/c/en/like","/c/en/desire","/c/en/vindictiveness"],"weight":0.21503000000000014},"num_concepts_raised":20549},{"base_id":848,"kind":"bot_words","i1":5,"i2":6,"sol":{"path":["/c/en/prairie","/c/en/flat","/c/en/twist","/c/en/crick"],"weight":0.21096999999999966},"num_concepts_raised":145607},{"base_id":848,"kind":"bot_words","i1":5,"i2":7,"sol":{"path":["/c/en/prairie","/c/en/field","/c/en/medicine","/c/en/cyst"],"weight":0.21843999999999958},"num_concepts_raised":54374},{"base_id":848,"kind":"bot_words","i1":5,"i2":8,"sol":{"path":["/c/en/prairie","/c/en/steppe","/c/en/gazelle","/c/en/sudan","/c/en/khartoum"],"weight":0.22472999999999976},"num_concepts_raised":28257},{"base_id":848,"kind":"bot_words","i1":5,"i2":9,"sol":{"path":["/c/en/prairie","/c/en/land","/c/en/seek","/c/en/vindictive","/c/en/vindictiveness"],"weight":0.21150999999999975},"num_concepts_raised":29418},{"base_id":848,"kind":"bot_words","i1":6,"i2":7,"sol":{"path":["/c/en/crick","/c/en/spasm","/c/en/pathology","/c/en/cyst"],"weight":0.2131499999999996},"num_concepts_raised":146362},{"base_id":848,"kind":"bot_words","i1":6,"i2":8,"sol":{"path":["/c/en/crick","/c/en/united_kingdom","/c/en/anglo_egyptian_sudan","/c/en/khartoum"],"weight":0.2131199999999998},"num_concepts_raised":120033},{"base_id":848,"kind":"bot_words","i1":6,"i2":9,"sol":{"path":["/c/en/crick","/c/en/spasm","/c/en/emotion","/c/en/desire","/c/en/vindictiveness"],"weight":0.2053099999999998},"num_concepts_raised":121209},{"base_id":848,"kind":"bot_words","i1":7,"i2":8,"sol":{"path":["/c/en/cyst","/c/grc/κυστισ","/c/en/hose","/c/ar/خرطوم","/c/en/khartoum"],"weight":0.2225099999999997},"num_concepts_raised":28407},{"base_id":848,"kind":"bot_words","i1":7,"i2":9,"sol":{"path":["/c/en/cyst","/c/en/pouch","/c/en/like","/c/en/desire","/c/en/vindictiveness"],"weight":0.21246999999999971},"num_concepts_raised":29552},{"base_id":848,"kind":"bot_words","i1":8,"i2":9,"sol":{"path":["/c/en/khartoum","/c/fr/toponyme","/c/en/miss","/c/en/desire","/c/en/vindictiveness"],"weight":0.21269999999999992},"num_concepts_raised":3002}],[{"base_id":848,"kind":"top_words","i1":0,"i2":1,"sol":{"path":["/c/en/edm","/c/en/dance","/c/en/dirty","/c/en/unsportsmanlike"],"weight":0.20334999999999978},"num_concepts_raised":30664},{"base_id":848,"kind":"top_words","i1":0,"i2":2,"sol":{"path":["/c/en/edm","/c/en/dance","/c/en/trip","/c/en/tripping"],"weight":0.2040199999999998},"num_concepts_raised":52909},{"base_id":848,"kind":"top_words","i1":0,"i2":3,"sol":{"path":["/c/en/edm","/c/en/motion","/c/en/intervention","/c/en/interference"],"weight":0.21108999999999928},"num_concepts_raised":68826},{"base_id":848,"kind":"top_words","i1":0,"i2":4,"sol":{"path":["/c/en/edm","/c/en/motion","/c/en/phi"],"weight":0.202},"num_concepts_raised":87},{"base_id":848,"kind":"top_words","i1":0,"i2":5,"sol":{"path":["/c/en/edm","/c/en/music","/c/en/uvula","/c/en/prostate","/c/en/prostatic"],"weight":0.2038099999999999},"num_concepts_raised":40019},{"base_id":848,"kind":"top_words","i1":0,"i2":6,"sol":{"path":["/c/en/edm","/c/en/music","/c/en/base","/c/en/pho"],"weight":0.20844999999999986},"num_concepts_raised":36929},{"base_id":848,"kind":"top_words","i1":0,"i2":7,"sol":{"path":["/c/en/edm","/c/en/dance","/c/en/german","/c/en/luxembourg","/c/en/luxembourgish"],"weight":0.20522999999999986},"num_concepts_raised":28154},{"base_id":848,"kind":"top_words","i1":0,"i2":8,"sol":{"path":["/c/en/edm","/c/en/computing","/c/en/stick","/c/en/sticking"],"weight":0.20386999999999983},"num_concepts_raised":32981},{"base_id":848,"kind":"top_words","i1":0,"i2":9,"sol":{"path":["/c/en/edm","/c/en/computing","/c/en/tb"],"weight":0.202},"num_concepts_raised":65},{"base_id":848,"kind":"top_words","i1":1,"i2":2,"sol":{"path":["/c/en/unsportsmanlike","/c/en/dirty","/c/en/slang","/c/en/tripping"],"weight":0.2035199999999997},"num_concepts_raised":29872},{"base_id":848,"kind":"top_words","i1":1,"i2":3,"sol":{"path":["/c/en/unsportsmanlike","/c/en/dirty","/c/en/illegal","/c/en/interference"],"weight":0.21132999999999919},"num_concepts_raised":46847},{"base_id":848,"kind":"top_words","i1":1,"i2":4,"sol":{"path":["/c/en/unsportsmanlike","/c/en/foul","/c/en/sports","/c/en/phi"],"weight":0.20406999999999986},"num_concepts_raised":24798},{"base_id":848,"kind":"top_words","i1":1,"i2":5,"sol":{"path":["/c/en/unsportsmanlike","/c/en/dirty","/c/en/base","/c/en/anatomy","/c/en/prostatic"],"weight":0.20336999999999983},"num_concepts_raised":16012},{"base_id":848,"kind":"top_words","i1":1,"i2":6,"sol":{"path":["/c/en/unsportsmanlike","/c/en/dirty","/c/en/base","/c/en/pho"],"weight":0.20907999999999977},"num_concepts_raised":13055},{"base_id":848,"kind":"top_words","i1":1,"i2":7,"sol":{"path":["/c/en/unsportsmanlike","/c/fr/sale","/c/fr/localités","/c/en/luxembourg","/c/en/luxembourgish"],"weight":0.20559999999999978},"num_concepts_raised":4028},{"base_id":848,"kind":"top_words","i1":1,"i2":8,"sol":{"path":["/c/en/unsportsmanlike","/c/en/dirty","/c/en/slang","/c/en/stick","/c/en/sticking"],"weight":0.20453999999999972},"num_concepts_raised":9284},{"base_id":848,"kind":"top_words","i1":1,"i2":9,"sol":{"path":["/c/en/unsportsmanlike","/c/en/dirty","/c/en/computing","/c/en/tb"],"weight":0.20376999999999978},"num_concepts_raised":27130},{"base_id":848,"kind":"top_words","i1":2,"i2":3,"sol":{"path":["/c/en/tripping","/c/en/trip","/c/en/beat","/c/en/interference"],"weight":0.2120199999999992},"num_concepts_raised":67798},{"base_id":848,"kind":"top_words","i1":2,"i2":4,"sol":{"path":["/c/en/tripping","/c/en/trip","/c/en/motion","/c/en/phi"],"weight":0.20488999999999985},"num_concepts_raised":47389},{"base_id":848,"kind":"top_words","i1":2,"i2":5,"sol":{"path":["/c/en/tripping","/c/en/trip","/c/en/foot","/c/en/anatomy","/c/en/prostatic"],"weight":0.20402999999999988},"num_concepts_raised":39228},{"base_id":848,"kind":"top_words","i1":2,"i2":6,"sol":{"path":["/c/en/tripping","/c/en/slang","/c/en/chicken","/c/en/pho"],"weight":0.20873999999999976},"num_concepts_raised":35963},{"base_id":848,"kind":"top_words","i1":2,"i2":7,"sol":{"path":["/c/en/tripping","/c/en/slang","/c/en/dutch","/c/en/luxembourg","/c/en/luxembourgish"],"weight":0.2053399999999998},"num_concepts_raised":27376},{"base_id":848,"kind":"top_words","i1":2,"i2":8,"sol":{"path":["/c/en/tripping","/c/en/fall","/c/en/stick","/c/en/sticking"],"weight":0.20419999999999977},"num_concepts_raised":32311},{"base_id":848,"kind":"top_words","i1":2,"i2":9,"sol":{"path":["/c/en/tripping","/c/en/event","/c/en/computing","/c/en/tb"],"weight":0.2032899999999998},"num_concepts_raised":49630},{"base_id":848,"kind":"top_words","i1":3,"i2":4,"sol":{"path":["/c/en/interference","/c/en/sports","/c/en/phi"],"weight":0.20400000000000001},"num_concepts_raised":312},{"base_id":848,"kind":"top_words","i1":3,"i2":5,"sol":{"path":["/c/en/interference","/c/ru/помеха","/c/en/radio","/c/en/anatomy","/c/en/prostatic"],"weight":0.2128999999999993},"num_concepts_raised":56263},{"base_id":848,"kind":"top_words","i1":3,"i2":6,"sol":{"path":["/c/en/interference","/c/en/beat","/c/en/food","/c/en/pho"],"weight":0.21653999999999923},"num_concepts_raised":52970},{"base_id":848,"kind":"top_words","i1":3,"i2":7,"sol":{"path":["/c/en/interference","/c/en/noise","/c/en/city","/c/en/luxembourg","/c/en/luxembourgish"],"weight":0.21335999999999927},"num_concepts_raised":44423},{"base_id":848,"kind":"top_words","i1":3,"i2":8,"sol":{"path":["/c/en/interference","/c/en/grass","/c/en/stick","/c/en/sticking"],"weight":0.21192999999999923},"num_concepts_raised":49128},{"base_id":848,"kind":"top_words","i1":3,"i2":9,"sol":{"path":["/c/en/interference","/c/en/sports","/c/en/tb"],"weight":0.20400000000000001},"num_concepts_raised":290},{"base_id":848,"kind":"top_words","i1":4,"i2":5,"sol":{"path":["/c/en/phi","/c/en/mathematics","/c/en/science","/c/en/anatomy","/c/en/prostatic"],"weight":0.20368999999999998},"num_concepts_raised":34171},{"base_id":848,"kind":"top_words","i1":4,"i2":6,"sol":{"path":["/c/en/phi","/c/en/light","/c/en/soup","/c/en/pho"],"weight":0.2094199999999999},"num_concepts_raised":31040},{"base_id":848,"kind":"top_words","i1":4,"i2":7,"sol":{"path":["/c/en/phi","/c/en/letter","/c/en/capital","/c/en/luxembourg","/c/en/luxembourgish"],"weight":0.20605999999999994},"num_concepts_raised":22295},{"base_id":848,"kind":"top_words","i1":4,"i2":8,"sol":{"path":["/c/en/phi","/c/en/sports","/c/en/stick","/c/en/sticking"],"weight":0.20474999999999988},"num_concepts_raised":27245},{"base_id":848,"kind":"top_words","i1":4,"i2":9,"sol":{"path":["/c/en/phi","/c/en/sports","/c/en/tb"],"weight":0.202},"num_concepts_raised":103},{"base_id":848,"kind":"top_words","i1":5,"i2":6,"sol":{"path":["/c/en/prostatic","/c/en/anatomy","/c/en/base","/c/en/pho"],"weight":0.2084499999999999},"num_concepts_raised":22377},{"base_id":848,"kind":"top_words","i1":5,"i2":7,"sol":{"path":["/c/en/prostatic","/c/en/anatomy","/c/fr/langue","/c/fr/luxembourgeois","/c/en/luxembourgish"],"weight":0.20414999999999994},"num_concepts_raised":13331},{"base_id":848,"kind":"top_words","i1":5,"i2":8,"sol":{"path":["/c/en/prostatic","/c/en/anatomy","/c/en/rod","/c/en/stick","/c/en/sticking"],"weight":0.20390999999999987},"num_concepts_raised":18595},{"base_id":848,"kind":"top_words","i1":5,"i2":9,"sol":{"path":["/c/en/prostatic","/c/en/prostatic_adenocarcinoma","/c/en/pathology","/c/en/tb"],"weight":0.2030599999999999},"num_concepts_raised":36451},{"base_id":848,"kind":"top_words","i1":6,"i2":7,"sol":{"path":["/c/en/pho","/c/en/chicken","/c/en/country","/c/en/luxembourg","/c/en/luxembourgish"],"weight":0.21097999999999983},"num_concepts_raised":10467},{"base_id":848,"kind":"top_words","i1":6,"i2":8,"sol":{"path":["/c/en/pho","/c/en/chicken","/c/en/drumstick","/c/en/sticking"],"weight":0.20863999999999977},"num_concepts_raised":15554},{"base_id":848,"kind":"top_words","i1":6,"i2":9,"sol":{"path":["/c/en/pho","/c/en/base","/c/en/baseball","/c/en/tb"],"weight":0.20883999999999983},"num_concepts_raised":33421},{"base_id":848,"kind":"top_words","i1":7,"i2":8,"sol":{"path":["/c/en/luxembourgish","/c/en/luxembourg","/c/en/german","/c/en/point","/c/en/stick","/c/en/sticking"],"weight":0.21320359999999935},"num_concepts_raised":658123},{"base_id":848,"kind":"top_words","i1":7,"i2":9,"sol":{"path":["/c/en/luxembourgish","/c/no/luxembourgsk","/c/en/language","/c/en/computing","/c/en/tb"],"weight":0.20448999999999987},"num_concepts_raised":24599},{"base_id":848,"kind":"top_words","i1":8,"i2":9,"sol":{"path":["/c/en/sticking","/c/en/stick","/c/en/computing","/c/en/tb"],"weight":0.20435999999999982},"num_concepts_raised":29636}]]