[[{"base_id":645,"kind":"bot_words","i1":0,"i2":1,"sol":{"path":["/c/en/anuran","/c/en/frog","/c/en/switch","/c/en/change","/c/en/disqualify"],"weight":0.20462999999999992},"num_concepts_raised":14674},{"base_id":645,"kind":"bot_words","i1":0,"i2":2,"sol":{"path":["/c/en/anuran","/c/en/frog","/c/en/water","/c/en/medicine","/c/en/eosinophilia"],"weight":0.20906000000000002},"num_concepts_raised":24513},{"base_id":645,"kind":"bot_words","i1":0,"i2":3,"sol":{"path":["/c/en/anuran","/c/en/zoology","/c/en/fly","/c/en/airborne"],"weight":0.20417999999999986},"num_concepts_raised":22995},{"base_id":645,"kind":"bot_words","i1":0,"i2":4,"sol":{"path":["/c/en/anuran","/c/en/frog","/c/en/knot","/c/en/burr","/c/en/bur"],"weight":0.20844999999999986},"num_concepts_raised":22353},{"base_id":645,"kind":"bot_words","i1":0,"i2":5,"sol":{"path":["/c/en/anuran","/c/en/toadly","/c/en/uk","/c/en/town","/c/en/dingle"],"weight":0.2100399999999999},"num_concepts_raised":12372},{"base_id":645,"kind":"bot_words","i1":0,"i2":6,"sol":{"path":["/c/en/anuran","/c/en/frogly","/c/en/humorous","/c/en/pleasing","/c/en/resplendent"],"weight":0.20566999999999985},"num_concepts_raised":19889},{"base_id":645,"kind":"bot_words","i1":0,"i2":7,"sol":{"path":["/c/en/anuran","/c/en/froggy","/c/en/offensive","/c/en/indecent"],"weight":0.2072699999999998},"num_concepts_raised":19220},{"base_id":645,"kind":"bot_words","i1":0,"i2":8,"sol":{"path":["/c/en/anuran","/c/en/toadly","/c/en/gentle","/c/en/steep","/c/en/bluff"],"weight":0.20893999999999946},"num_concepts_raised":37682},{"base_id":645,"kind":"bot_words","i1":0,"i2":9,"sol":{"path":["/c/en/anuran","/c/en/amphibian","/c/en/nest","/c/en/pasta","/c/en/linguine"],"weight":0.21145000000000008},"num_concepts_raised":14946},{"base_id":645,"kind":"bot_words","i1":1,"i2":2,"sol":{"path":["/c/en/disqualify","/c/en/change","/c/en/symptom","/c/en/eosinophilia"],"weight":0.2087199999999998},"num_concepts_raised":19851},{"base_id":645,"kind":"bot_words","i1":1,"i2":3,"sol":{"path":["/c/en/disqualify","/c/en/change","/c/en/fly","/c/en/airborne"],"weight":0.2043199999999996},"num_concepts_raised":18282},{"base_id":645,"kind":"bot_words","i1":1,"i2":4,"sol":{"path":["/c/en/disqualify","/c/ar/استبعد","/c/en/remove","/c/en/bur"],"weight":0.20406999999999964},"num_concepts_raised":17659},{"base_id":645,"kind":"bot_words","i1":1,"i2":5,"sol":{"path":["/c/en/disqualify","/c/fi/jäävätä","/c/en/legal","/c/en/town","/c/en/dingle"],"weight":0.20889999999999967},"num_concepts_raised":7721},{"base_id":645,"kind":"bot_words","i1":1,"i2":6,"sol":{"path":["/c/en/disqualify","/c/en/change","/c/en/mathematics","/c/en/resplendent"],"weight":0.20450999999999964},"num_concepts_raised":15176},{"base_id":645,"kind":"bot_words","i1":1,"i2":7,"sol":{"path":["/c/en/disqualify","/c/en/unfit","/c/en/improper","/c/en/indecent"],"weight":0.20952999999999958},"num_concepts_raised":14468},{"base_id":645,"kind":"bot_words","i1":1,"i2":8,"sol":{"path":["/c/en/disqualify","/c/en/change","/c/en/move","/c/en/bluff"],"weight":0.20665999999999923},"num_concepts_raised":32785},{"base_id":645,"kind":"bot_words","i1":1,"i2":9,"sol":{"path":["/c/en/disqualify","/c/en/change","/c/en/sauce","/c/en/pasta","/c/en/linguine"],"weight":0.21147999999999986},"num_concepts_raised":10295},{"base_id":645,"kind":"bot_words","i1":2,"i2":3,"sol":{"path":["/c/en/eosinophilia","/c/en/medicine","/c/en/oxygen","/c/en/airborne"],"weight":0.20874999999999974},"num_concepts_raised":28109},{"base_id":645,"kind":"bot_words","i1":2,"i2":4,"sol":{"path":["/c/en/eosinophilia","/c/en/medicine","/c/en/sharp","/c/en/burr","/c/en/bur"],"weight":0.21260999999999977},"num_concepts_raised":27481},{"base_id":645,"kind":"bot_words","i1":2,"i2":5,"sol":{"path":["/c/en/eosinophilia","/c/en/medicine","/c/en/type","/c/en/dell","/c/en/dingle"],"weight":0.21541999999999978},"num_concepts_raised":17593},{"base_id":645,"kind":"bot_words","i1":2,"i2":6,"sol":{"path":["/c/en/eosinophilia","/c/en/medicine","/c/en/negative","/c/en/bright","/c/en/resplendent"],"weight":0.20936999999999972},"num_concepts_raised":25050},{"base_id":645,"kind":"bot_words","i1":2,"i2":7,"sol":{"path":["/c/en/eosinophilia","/c/en/medicine","/c/en/soil","/c/en/dirty","/c/en/indecent"],"weight":0.21309999999999968},"num_concepts_raised":24398},{"base_id":645,"kind":"bot_words","i1":2,"i2":8,"sol":{"path":["/c/en/eosinophilia","/c/en/disease","/c/fi/kuru","/c/fi/jyrkänne","/c/en/bluff"],"weight":0.21311999999999937},"num_concepts_raised":42734},{"base_id":645,"kind":"bot_words","i1":2,"i2":9,"sol":{"path":["/c/en/eosinophilia","/c/en/medicine","/c/en/rice","/c/en/pasta","/c/en/linguine"],"weight":0.21594999999999998},"num_concepts_raised":20152},{"base_id":645,"kind":"bot_words","i1":3,"i2":4,"sol":{"path":["/c/en/airborne","/c/en/dust","/c/en/remove","/c/en/bur"],"weight":0.20404999999999962},"num_concepts_raised":25948},{"base_id":645,"kind":"bot_words","i1":3,"i2":5,"sol":{"path":["/c/en/airborne","/c/en/cloud","/c/en/maker","/c/en/dell","/c/en/dingle"],"weight":0.21094999999999964},"num_concepts_raised":16078},{"base_id":645,"kind":"bot_words","i1":3,"i2":6,"sol":{"path":["/c/en/airborne","/c/en/jump","/c/en/mathematics","/c/en/resplendent"],"weight":0.2045199999999996},"num_concepts_raised":23486},{"base_id":645,"kind":"bot_words","i1":3,"i2":7,"sol":{"path":["/c/en/airborne","/c/en/fly","/c/en/dirty","/c/en/indecent"],"weight":0.20858999999999953},"num_concepts_raised":22756},{"base_id":645,"kind":"bot_words","i1":3,"i2":8,"sol":{"path":["/c/en/airborne","/c/en/air","/c/en/us","/c/en/bluff"],"weight":0.2078499999999992},"num_concepts_raised":40890},{"base_id":645,"kind":"bot_words","i1":3,"i2":9,"sol":{"path":["/c/en/airborne","/c/en/fly","/c/en/food","/c/en/linguine"],"weight":0.2094599999999998},"num_concepts_raised":18606},{"base_id":645,"kind":"bot_words","i1":4,"i2":5,"sol":{"path":["/c/en/bur","/c/en/borough","/c/en/town","/c/en/dingle"],"weight":0.20981999999999965},"num_concepts_raised":15389},{"base_id":645,"kind":"bot_words","i1":4,"i2":6,"sol":{"path":["/c/en/bur","/c/en/pearl","/c/en/shiny","/c/en/resplendent"],"weight":0.2043199999999996},"num_concepts_raised":22898},{"base_id":645,"kind":"bot_words","i1":4,"i2":7,"sol":{"path":["/c/en/bur","/c/en/bit","/c/en/moral","/c/en/indecent"],"weight":0.20572999999999952},"num_concepts_raised":22211},{"base_id":645,"kind":"bot_words","i1":4,"i2":8,"sol":{"path":["/c/en/bur","/c/en/rub","/c/en/hand","/c/en/bluff"],"weight":0.2074599999999992},"num_concepts_raised":40193},{"base_id":645,"kind":"bot_words","i1":4,"i2":9,"sol":{"path":["/c/en/bur","/c/en/fortify","/c/en/food","/c/en/linguine"],"weight":0.20926999999999985},"num_concepts_raised":17904},{"base_id":645,"kind":"bot_words","i1":5,"i2":6,"sol":{"path":["/c/en/dingle","/c/en/dell","/c/en/area","/c/en/mathematics","/c/en/resplendent"],"weight":0.21115999999999963},"num_concepts_raised":12938},{"base_id":645,"kind":"bot_words","i1":5,"i2":7,"sol":{"path":["/c/en/dingle","/c/en/dell","/c/en/farmer","/c/en/dirty","/c/en/indecent"],"weight":0.21524999999999955},"num_concepts_raised":12271},{"base_id":645,"kind":"bot_words","i1":5,"i2":8,"sol":{"path":["/c/en/dingle","/c/en/town","/c/en/bank","/c/en/bluff"],"weight":0.21128999999999926},"num_concepts_raised":30670},{"base_id":645,"kind":"bot_words","i1":5,"i2":9,"sol":{"path":["/c/en/dingle","/c/en/dell","/c/en/type","/c/en/pasta","/c/en/linguine"],"weight":0.21811999999999987},"num_concepts_raised":7995},{"base_id":645,"kind":"bot_words","i1":6,"i2":7,"sol":{"path":["/c/en/resplendent","/c/en/bright","/c/en/dirty","/c/en/indecent"],"weight":0.2091499999999995},"num_concepts_raised":19569},{"base_id":645,"kind":"bot_words","i1":6,"i2":8,"sol":{"path":["/c/en/resplendent","/c/en/mathematics","/c/en/direct","/c/en/bluff"],"weight":0.20780999999999916},"num_concepts_raised":38082},{"base_id":645,"kind":"bot_words","i1":6,"i2":9,"sol":{"path":["/c/en/resplendent","/c/en/bright","/c/en/ribbon","/c/en/linguine"],"weight":0.2099599999999998},"num_concepts_raised":15504},{"base_id":645,"kind":"bot_words","i1":7,"i2":8,"sol":{"path":["/c/en/indecent","/c/en/hollywood","/c/en/wood","/c/en/bluff"],"weight":0.20932999999999913},"num_concepts_raised":37197},{"base_id":645,"kind":"bot_words","i1":7,"i2":9,"sol":{"path":["/c/en/indecent","/c/en/taste","/c/en/food","/c/en/linguine"],"weight":0.21115999999999976},"num_concepts_raised":14791},{"base_id":645,"kind":"bot_words","i1":8,"i2":9,"sol":{"path":["/c/en/bluff","/c/en/hand","/c/en/food","/c/en/linguine"],"weight":0.21284999999999943},"num_concepts_raised":33128}],[{"base_id":645,"kind":"top_words","i1":0,"i2":1,"sol":{"path":["/c/en/x","/c/en/slang","/c/en/bag","/c/en/luggage"],"weight":0.21976999999999947},"num_concepts_raised":55184},{"base_id":645,"kind":"top_words","i1":0,"i2":2,"sol":{"path":["/c/en/x","/c/en/slang","/c/en/angle","/c/en/backscatter"],"weight":0.21607999999999955},"num_concepts_raised":66937},{"base_id":645,"kind":"top_words","i1":0,"i2":3,"sol":{"path":["/c/en/x","/c/en/film","/c/en/scanners"],"weight":0.20800000000000002},"num_concepts_raised":172},{"base_id":645,"kind":"top_words","i1":0,"i2":4,"sol":{"path":["/c/en/x","/c/en/slang","/c/en/bone","/c/en/tailbone"],"weight":0.21725999999999981},"num_concepts_raised":41536},{"base_id":645,"kind":"top_words","i1":0,"i2":5,"sol":{"path":["/c/en/x","/c/en/manga","/c/en/mm"],"weight":0.20800000000000002},"num_concepts_raised":200},{"base_id":645,"kind":"top_words","i1":0,"i2":6,"sol":{"path":["/c/en/x","/c/en/x_ray","/c/en/scanner"],"weight":0.20600000000000002},"num_concepts_raised":299},{"base_id":645,"kind":"top_words","i1":0,"i2":7,"sol":{"path":["/c/en/x","/c/en/x_ray","/c/en/examine","/c/en/examined"],"weight":0.2147099999999995},"num_concepts_raised":40078},{"base_id":645,"kind":"top_words","i1":0,"i2":8,"sol":{"path":["/c/en/x","/c/en/north_america","/c/en/checked"],"weight":0.20600000000000002},"num_concepts_raised":192},{"base_id":645,"kind":"top_words","i1":0,"i2":9,"sol":{"path":["/c/en/x","/c/en/slang","/c/en/apple","/c/en/malus"],"weight":0.22167999999999943},"num_concepts_raised":50721},{"base_id":645,"kind":"top_words","i1":1,"i2":2,"sol":{"path":["/c/en/luggage","/c/en/baggage","/c/en/military","/c/en/backscatter"],"weight":0.20991999999999972},"num_concepts_raised":46452},{"base_id":645,"kind":"top_words","i1":1,"i2":3,"sol":{"path":["/c/en/luggage","/c/en/airplane","/c/en/film","/c/en/scanners"],"weight":0.21125999999999973},"num_concepts_raised":19835},{"base_id":645,"kind":"top_words","i1":1,"i2":4,"sol":{"path":["/c/en/luggage","/c/en/container","/c/en/bone","/c/en/tailbone"],"weight":0.20762999999999998},"num_concepts_raised":20152},{"base_id":645,"kind":"top_words","i1":1,"i2":5,"sol":{"path":["/c/en/luggage","/c/en/a","/c/en/music","/c/en/mm"],"weight":0.2114699999999996},"num_concepts_raised":31991},{"base_id":645,"kind":"top_words","i1":1,"i2":6,"sol":{"path":["/c/en/luggage","/c/en/case","/c/en/device","/c/en/scanner"],"weight":0.2091099999999998},"num_concepts_raised":30370},{"base_id":645,"kind":"top_words","i1":1,"i2":7,"sol":{"path":["/c/en/luggage","/c/en/baggage","/c/en/military","/c/la/lustratus","/c/en/examined"],"weight":0.20981999999999967},"num_concepts_raised":18643},{"base_id":645,"kind":"top_words","i1":1,"i2":8,"sol":{"path":["/c/en/luggage","/c/en/carry","/c/en/checked"],"weight":0.202},"num_concepts_raised":274},{"base_id":645,"kind":"top_words","i1":1,"i2":9,"sol":{"path":["/c/en/luggage","/c/en/case","/c/en/business","/c/en/malus"],"weight":0.2119699999999996},"num_concepts_raised":29545},{"base_id":645,"kind":"top_words","i1":2,"i2":3,"sol":{"path":["/c/en/backscatter","/c/en/break_up","/c/en/film","/c/en/scanners"],"weight":0.20787999999999981},"num_concepts_raised":32024},{"base_id":645,"kind":"top_words","i1":2,"i2":4,"sol":{"path":["/c/en/backscatter","/c/en/address","/c/en/formal","/c/en/coccyx","/c/en/tailbone"],"weight":0.2068200000000001},"num_concepts_raised":32408},{"base_id":645,"kind":"top_words","i1":2,"i2":5,"sol":{"path":["/c/en/backscatter","/c/en/particle","/c/en/sand","/c/en/mm"],"weight":0.2082299999999997},"num_concepts_raised":44024},{"base_id":645,"kind":"top_words","i1":2,"i2":6,"sol":{"path":["/c/en/backscatter","/c/en/radiation","/c/en/scanner"],"weight":0.202},"num_concepts_raised":188},{"base_id":645,"kind":"top_words","i1":2,"i2":7,"sol":{"path":["/c/en/backscatter","/c/en/computing","/c/en/unchecked","/c/en/examined"],"weight":0.20301999999999976},"num_concepts_raised":30889},{"base_id":645,"kind":"top_words","i1":2,"i2":8,"sol":{"path":["/c/en/backscatter","/c/en/computing","/c/en/carry","/c/en/checked"],"weight":0.20312999999999976},"num_concepts_raised":35317},{"base_id":645,"kind":"top_words","i1":2,"i2":9,"sol":{"path":["/c/en/backscatter","/c/en/computing","/c/en/apple","/c/en/malus"],"weight":0.2087299999999997},"num_concepts_raised":41764},{"base_id":645,"kind":"top_words","i1":3,"i2":4,"sol":{"path":["/c/en/scanners","/c/en/film","/c/en/skin","/c/en/bone","/c/en/tailbone"],"weight":0.20909000000000008},"num_concepts_raised":5114},{"base_id":645,"kind":"top_words","i1":3,"i2":5,"sol":{"path":["/c/en/scanners","/c/en/film","/c/en/master","/c/en/mm"],"weight":0.2129599999999997},"num_concepts_raised":17231},{"base_id":645,"kind":"top_words","i1":3,"i2":6,"sol":{"path":["/c/en/scanners","/c/en/scanner"],"weight":0.20400000000000001},"num_concepts_raised":173},{"base_id":645,"kind":"top_words","i1":3,"i2":7,"sol":{"path":["/c/en/scanners","/c/en/film","/c/en/search","/c/en/examine","/c/en/examined"],"weight":0.20880999999999977},"num_concepts_raised":3555},{"base_id":645,"kind":"top_words","i1":3,"i2":8,"sol":{"path":["/c/en/scanners","/c/en/film","/c/en/carry_on","/c/en/checked"],"weight":0.20789999999999978},"num_concepts_raised":8185},{"base_id":645,"kind":"top_words","i1":3,"i2":9,"sol":{"path":["/c/en/scanners","/c/en/film","/c/en/record","/c/en/apple","/c/en/malus"],"weight":0.2135099999999997},"num_concepts_raised":14741},{"base_id":645,"kind":"top_words","i1":4,"i2":5,"sol":{"path":["/c/en/tailbone","/c/nv/atseeʼ","/c/en/tail","/c/en/music","/c/en/mm"],"weight":0.21031999999999995},"num_concepts_raised":17574},{"base_id":645,"kind":"top_words","i1":4,"i2":6,"sol":{"path":["/c/en/tailbone","/c/en/bone","/c/en/tissue","/c/en/scanner"],"weight":0.20668000000000014},"num_concepts_raised":16088},{"base_id":645,"kind":"top_words","i1":4,"i2":7,"sol":{"path":["/c/en/tailbone","/c/en/bone","/c/en/reason","/c/en/examine","/c/en/examined"],"weight":0.20519000000000004},"num_concepts_raised":3884},{"base_id":645,"kind":"top_words","i1":4,"i2":8,"sol":{"path":["/c/en/tailbone","/c/en/coccyx","/c/en/formal","/c/en/test","/c/en/checked"],"weight":0.20681000000000005},"num_concepts_raised":8524},{"base_id":645,"kind":"top_words","i1":4,"i2":9,"sol":{"path":["/c/en/tailbone","/c/en/bone","/c/fr/pomme","/c/fr/pommier","/c/en/malus"],"weight":0.21200999999999992},"num_concepts_raised":15060},{"base_id":645,"kind":"top_words","i1":5,"i2":6,"sol":{"path":["/c/en/mm","/c/en/master","/c/en/device","/c/en/scanner"],"weight":0.2107099999999998},"num_concepts_raised":27931},{"base_id":645,"kind":"top_words","i1":5,"i2":7,"sol":{"path":["/c/en/mm","/c/en/music","/c/en/sound","/c/en/examine","/c/en/examined"],"weight":0.20910999999999966},"num_concepts_raised":16070},{"base_id":645,"kind":"top_words","i1":5,"i2":8,"sol":{"path":["/c/en/mm","/c/en/gravel","/c/en/check","/c/en/checked"],"weight":0.20920999999999967},"num_concepts_raised":20541},{"base_id":645,"kind":"top_words","i1":5,"i2":9,"sol":{"path":["/c/en/mm","/c/en/music","/c/en/performance","/c/en/malus"],"weight":0.21361999999999956},"num_concepts_raised":26998},{"base_id":645,"kind":"top_words","i1":6,"i2":7,"sol":{"path":["/c/en/scanner","/c/en/scan","/c/en/examine","/c/en/examined"],"weight":0.20757999999999985},"num_concepts_raised":14559},{"base_id":645,"kind":"top_words","i1":6,"i2":8,"sol":{"path":["/c/en/scanner","/c/en/diagnostic","/c/en/test","/c/en/checked"],"weight":0.20550999999999986},"num_concepts_raised":19043},{"base_id":645,"kind":"top_words","i1":6,"i2":9,"sol":{"path":["/c/en/scanner","/c/en/digital","/c/en/apple","/c/en/malus"],"weight":0.21111999999999975},"num_concepts_raised":25565},{"base_id":645,"kind":"top_words","i1":7,"i2":8,"sol":{"path":["/c/en/examined","/c/en/unchecked","/c/en/checked"],"weight":0.202},"num_concepts_raised":83},{"base_id":645,"kind":"top_words","i1":7,"i2":9,"sol":{"path":["/c/en/examined","/c/el/αθεώρητοσ","/c/en/us","/c/en/clawback","/c/en/malus"],"weight":0.21045999999999965},"num_concepts_raised":13535},{"base_id":645,"kind":"top_words","i1":8,"i2":9,"sol":{"path":["/c/en/checked","/c/en/check","/c/en/us","/c/en/clawback","/c/en/malus"],"weight":0.21162999999999965},"num_concepts_raised":18061}]]