[[{"base_id":541,"kind":"bot_words","i1":0,"i2":1,"sol":{"path":["/c/en/aerosol","/c/en/air","/c/ur/سر","/c/en/swordfish"],"weight":0.21731000000000017},"num_concepts_raised":25348},{"base_id":541,"kind":"bot_words","i1":0,"i2":2,"sol":{"path":["/c/en/aerosol","/c/en/smoke","/c/en/cigarette","/c/en/united_states","/c/en/ithaca"],"weight":0.20640999999999976},"num_concepts_raised":26182},{"base_id":541,"kind":"bot_words","i1":0,"i2":3,"sol":{"path":["/c/en/aerosol","/c/en/smoke","/c/en/incense","/c/en/censer","/c/en/thurible"],"weight":0.20736999999999978},"num_concepts_raised":20083},{"base_id":541,"kind":"bot_words","i1":0,"i2":4,"sol":{"path":["/c/en/aerosol","/c/en/solid","/c/en/bread","/c/gu/રોટલી","/c/en/roti"],"weight":0.20622999999999977},"num_concepts_raised":20951},{"base_id":541,"kind":"bot_words","i1":0,"i2":5,"sol":{"path":["/c/en/aerosol","/c/en/physics","/c/en/time","/c/en/childhood"],"weight":0.21627999999999942},"num_concepts_raised":42035},{"base_id":541,"kind":"bot_words","i1":0,"i2":6,"sol":{"path":["/c/en/aerosol","/c/en/cloud","/c/en/cover","/c/en/modesty","/c/en/immodestly"],"weight":0.2059999999999999},"num_concepts_raised":20210},{"base_id":541,"kind":"bot_words","i1":0,"i2":7,"sol":{"path":["/c/en/aerosol","/c/en/air","/c/en/radio","/c/en/radiolarian"],"weight":0.20505999999999985},"num_concepts_raised":22697},{"base_id":541,"kind":"bot_words","i1":0,"i2":8,"sol":{"path":["/c/en/aerosol","/c/en/colloid","/c/en/mixture","/c/en/oxyacetylene"],"weight":0.2058499999999998},"num_concepts_raised":26641},{"base_id":541,"kind":"bot_words","i1":0,"i2":9,"sol":{"path":["/c/en/aerosol","/c/en/smoke","/c/en/chatting_with_friends","/c/en/gossip","/c/en/gossipy"],"weight":0.20637999999999973},"num_concepts_raised":20886},{"base_id":541,"kind":"bot_words","i1":1,"i2":2,"sol":{"path":["/c/en/swordfish","/c/en/fish","/c/en/island","/c/en/ithaca"],"weight":0.2218400000000002},"num_concepts_raised":12091},{"base_id":541,"kind":"bot_words","i1":1,"i2":3,"sol":{"path":["/c/en/swordfish","/c/en/fish","/c/en/slang","/c/sh/kadionica","/c/en/thurible"],"weight":0.2215900000000002},"num_concepts_raised":5967},{"base_id":541,"kind":"bot_words","i1":1,"i2":4,"sol":{"path":["/c/en/swordfish","/c/en/fish","/c/en/food","/c/en/flatbread","/c/en/roti"],"weight":0.2217600000000002},"num_concepts_raised":6842},{"base_id":541,"kind":"bot_words","i1":1,"i2":5,"sol":{"path":["/c/en/swordfish","/c/en/fish","/c/en/play","/c/en/childhood"],"weight":0.23102999999999985},"num_concepts_raised":28302},{"base_id":541,"kind":"bot_words","i1":1,"i2":6,"sol":{"path":["/c/en/swordfish","/c/en/fish","/c/en/water","/c/en/important","/c/en/immodest","/c/en/immodestly"],"weight":0.2352529999999985},"num_concepts_raised":362177},{"base_id":541,"kind":"bot_words","i1":1,"i2":7,"sol":{"path":["/c/en/swordfish","/c/en/fish","/c/en/marine","/c/en/radiolarian"],"weight":0.22169000000000028},"num_concepts_raised":8562},{"base_id":541,"kind":"bot_words","i1":1,"i2":8,"sol":{"path":["/c/en/swordfish","/c/en/sword","/c/en/metal","/c/en/oxyacetylene"],"weight":0.21743000000000023},"num_concepts_raised":12955},{"base_id":541,"kind":"bot_words","i1":1,"i2":9,"sol":{"path":["/c/en/swordfish","/c/en/fish","/c/en/derogatory","/c/zh/三八","/c/en/gossipy"],"weight":0.22181000000000017},"num_concepts_raised":6781},{"base_id":541,"kind":"bot_words","i1":2,"i2":3,"sol":{"path":["/c/en/ithaca","/c/en/new_york","/c/fr/localités","/c/en/ible","/c/en/thurible"],"weight":0.2031099999999998},"num_concepts_raised":6789},{"base_id":541,"kind":"bot_words","i1":2,"i2":4,"sol":{"path":["/c/en/ithaca","/c/en/united_states","/c/en/tart","/c/en/pastry","/c/en/roti"],"weight":0.2032899999999998},"num_concepts_raised":7666},{"base_id":541,"kind":"bot_words","i1":2,"i2":5,"sol":{"path":["/c/en/ithaca","/c/en/united_states","/c/en/adolescence","/c/en/childhood"],"weight":0.21266999999999942},"num_concepts_raised":29155},{"base_id":541,"kind":"bot_words","i1":2,"i2":6,"sol":{"path":["/c/en/ithaca","/c/en/wisconsin","/c/en/reserve","/c/en/modesty","/c/en/immodestly"],"weight":0.2030999999999999},"num_concepts_raised":6913},{"base_id":541,"kind":"bot_words","i1":2,"i2":7,"sol":{"path":["/c/en/ithaca","/c/en/united_states","/c/en/marine","/c/en/radiolarian"],"weight":0.20329999999999987},"num_concepts_raised":9472},{"base_id":541,"kind":"bot_words","i1":2,"i2":8,"sol":{"path":["/c/en/ithaca","/c/en/united_states","/c/en/country","/c/en/metal","/c/en/oxyacetylene"],"weight":0.20319999999999983},"num_concepts_raised":13819},{"base_id":541,"kind":"bot_words","i1":2,"i2":9,"sol":{"path":["/c/en/ithaca","/c/en/united_states","/c/en/us","/c/en/biddy","/c/en/gossipy"],"weight":0.20337999999999973},"num_concepts_raised":7606},{"base_id":541,"kind":"bot_words","i1":3,"i2":4,"sol":{"path":["/c/en/thurible","/c/en/censer","/c/en/vessel","/c/en/pan","/c/en/pancake","/c/en/roti"],"weight":0.20827829999999972},"num_concepts_raised":215797},{"base_id":541,"kind":"bot_words","i1":3,"i2":5,"sol":{"path":["/c/en/thurible","/c/fr/encensoir","/c/fr/petit","/c/en/child","/c/en/childhood"],"weight":0.21462999999999943},"num_concepts_raised":23115},{"base_id":541,"kind":"bot_words","i1":3,"i2":6,"sol":{"path":["/c/en/thurible","/c/en/censer","/c/en/vessel","/c/syc/ܟܘܙܐ","/c/en/modesty","/c/en/immodestly"],"weight":0.20817029999999984},"num_concepts_raised":164473},{"base_id":541,"kind":"bot_words","i1":3,"i2":7,"sol":{"path":["/c/en/thurible","/c/en/navicula","/c/en/boat","/c/en/marine","/c/en/radiolarian"],"weight":0.20294999999999985},"num_concepts_raised":3314},{"base_id":541,"kind":"bot_words","i1":3,"i2":8,"sol":{"path":["/c/en/thurible","/c/en/censer","/c/en/vessel","/c/en/metal","/c/en/oxyacetylene"],"weight":0.20412999999999984},"num_concepts_raised":7664},{"base_id":541,"kind":"bot_words","i1":3,"i2":9,"sol":{"path":["/c/en/thurible","/c/en/censer","/c/en/vessel","/c/en/dish","/c/en/gossip","/c/en/gossipy"],"weight":0.20890649999999966},"num_concepts_raised":224588},{"base_id":541,"kind":"bot_words","i1":4,"i2":5,"sol":{"path":["/c/en/roti","/c/en/curry","/c/en/process","/c/en/child","/c/en/childhood"],"weight":0.21460999999999944},"num_concepts_raised":23985},{"base_id":541,"kind":"bot_words","i1":4,"i2":6,"sol":{"path":["/c/en/roti","/c/gu/રોટલી","/c/en/bread","/c/en/cover","/c/en/modesty","/c/en/immodestly"],"weight":0.20787979999999986},"num_concepts_raised":85038},{"base_id":541,"kind":"bot_words","i1":4,"i2":7,"sol":{"path":["/c/en/roti","/c/en/curry","/c/en/computing","/c/en/skeleton","/c/en/radiolarian"],"weight":0.20308999999999988},"num_concepts_raised":4202},{"base_id":541,"kind":"bot_words","i1":4,"i2":8,"sol":{"path":["/c/en/roti","/c/gu/રોટલી","/c/en/bread","/c/en/mixture","/c/en/oxyacetylene"],"weight":0.20415999999999984},"num_concepts_raised":8541},{"base_id":541,"kind":"bot_words","i1":4,"i2":9,"sol":{"path":["/c/en/roti","/c/en/curry","/c/en/dish","/c/en/gossip","/c/en/gossipy"],"weight":0.20332999999999976},"num_concepts_raised":2315},{"base_id":541,"kind":"bot_words","i1":5,"i2":6,"sol":{"path":["/c/en/childhood","/c/en/child","/c/en/specifically","/c/en/modesty","/c/en/immodestly"],"weight":0.21445999999999954},"num_concepts_raised":23236},{"base_id":541,"kind":"bot_words","i1":5,"i2":7,"sol":{"path":["/c/en/childhood","/c/en/toy","/c/en/radio","/c/en/radiolarian"],"weight":0.2123599999999995},"num_concepts_raised":25748},{"base_id":541,"kind":"bot_words","i1":5,"i2":8,"sol":{"path":["/c/en/childhood","/c/en/time","/c/en/slang","/c/en/oxy","/c/en/oxyacetylene"],"weight":0.2153499999999995},"num_concepts_raised":29966},{"base_id":541,"kind":"bot_words","i1":5,"i2":9,"sol":{"path":["/c/en/childhood","/c/en/youth","/c/en/girl","/c/en/biddy","/c/en/gossipy"],"weight":0.21488999999999936},"num_concepts_raised":23912},{"base_id":541,"kind":"bot_words","i1":6,"i2":7,"sol":{"path":["/c/en/immodestly","/c/en/immodest","/c/en/important","/c/en/key","/c/en/skeleton","/c/en/radiolarian"],"weight":0.2078727999999998},"num_concepts_raised":202557},{"base_id":541,"kind":"bot_words","i1":6,"i2":8,"sol":{"path":["/c/en/immodestly","/c/en/immodest","/c/sv/fräck","/c/en/slang","/c/en/oxy","/c/en/oxyacetylene"],"weight":0.20939219999999992},"num_concepts_raised":410722},{"base_id":541,"kind":"bot_words","i1":6,"i2":9,"sol":{"path":["/c/en/immodestly","/c/en/immodest","/c/en/important","/c/en/news","/c/en/newsy","/c/en/gossipy"],"weight":0.20976229999999985},"num_concepts_raised":96416},{"base_id":541,"kind":"bot_words","i1":7,"i2":8,"sol":{"path":["/c/en/radiolarian","/c/en/skeleton","/c/en/celestite","/c/en/oxygen","/c/en/oxyacetylene"],"weight":0.20303999999999991},"num_concepts_raised":10339},{"base_id":541,"kind":"bot_words","i1":7,"i2":9,"sol":{"path":["/c/en/radiolarian","/c/en/radio","/c/en/news","/c/en/newsy","/c/en/gossipy"],"weight":0.2042199999999998},"num_concepts_raised":4126},{"base_id":541,"kind":"bot_words","i1":8,"i2":9,"sol":{"path":["/c/en/oxyacetylene","/c/en/temperature","/c/en/critical","/c/ja/口さがない","/c/en/gossipy"],"weight":0.2030499999999998},"num_concepts_raised":8484}],[{"base_id":541,"kind":"top_words","i1":0,"i2":1,"sol":{"path":["/c/en/reseed","/c/en/plant","/c/en/object","/c/en/exhibit","/c/en/exhibitor"],"weight":0.20498999999999978},"num_concepts_raised":23239},{"base_id":541,"kind":"top_words","i1":0,"i2":2,"sol":{"path":["/c/en/reseed","/c/en/again","/c/en/gain","/c/en/softener"],"weight":0.2027199999999998},"num_concepts_raised":34421},{"base_id":541,"kind":"top_words","i1":0,"i2":3,"sol":{"path":["/c/en/reseed","/c/en/plant","/c/en/slang","/c/en/bugger","/c/en/sodomize"],"weight":0.20442999999999972},"num_concepts_raised":24156},{"base_id":541,"kind":"top_words","i1":0,"i2":4,"sol":{"path":["/c/en/reseed","/c/en/plant","/c/sa/अर्जुन","/c/en/arjun"],"weight":0.20783999999999975},"num_concepts_raised":22524},{"base_id":541,"kind":"top_words","i1":0,"i2":5,"sol":{"path":["/c/en/reseed","/c/en/computing","/c/en/machine","/c/en/lapping"],"weight":0.20282999999999973},"num_concepts_raised":25540},{"base_id":541,"kind":"top_words","i1":0,"i2":6,"sol":{"path":["/c/en/reseed","/c/en/plant","/c/en/forcing","/c/en/climatology","/c/en/climatological"],"weight":0.20393999999999995},"num_concepts_raised":21506},{"base_id":541,"kind":"top_words","i1":0,"i2":7,"sol":{"path":["/c/en/reseed","/c/en/plant","/c/en/free","/c/en/unchain"],"weight":0.20434999999999987},"num_concepts_raised":24326},{"base_id":541,"kind":"top_words","i1":0,"i2":8,"sol":{"path":["/c/en/reseed","/c/en/computing","/c/en/fence","/c/en/prevaricate"],"weight":0.20326999999999978},"num_concepts_raised":41698},{"base_id":541,"kind":"top_words","i1":0,"i2":9,"sol":{"path":["/c/en/reseed","/c/en/computing","/c/en/print","/c/en/republish"],"weight":0.20280999999999977},"num_concepts_raised":26709},{"base_id":541,"kind":"top_words","i1":1,"i2":2,"sol":{"path":["/c/en/exhibitor","/c/en/exhibit","/c/en/inhibit","/c/en/chemistry","/c/en/softener"],"weight":0.2049399999999998},"num_concepts_raised":15294},{"base_id":541,"kind":"top_words","i1":1,"i2":3,"sol":{"path":["/c/en/exhibitor","/c/en/exhibit","/c/en/legal","/c/en/bugger","/c/en/sodomize"],"weight":0.20640999999999973},"num_concepts_raised":4902},{"base_id":541,"kind":"top_words","i1":1,"i2":4,"sol":{"path":["/c/en/exhibitor","/c/en/exhibition","/c/en/wapinschaw","/c/en/weapon","/c/en/arjun"],"weight":0.20801999999999976},"num_concepts_raised":3242},{"base_id":541,"kind":"top_words","i1":1,"i2":5,"sol":{"path":["/c/en/exhibitor","/c/en/exhibit","/c/en/object","/c/en/machine","/c/en/lapping"],"weight":0.20499999999999977},"num_concepts_raised":6484},{"base_id":541,"kind":"top_words","i1":1,"i2":6,"sol":{"path":["/c/en/exhibitor","/c/en/exhibit","/c/en/medicine","/c/en/science","/c/en/climatology","/c/en/climatological"],"weight":0.21188699999999994},"num_concepts_raised":253554},{"base_id":541,"kind":"top_words","i1":1,"i2":7,"sol":{"path":["/c/en/exhibitor","/c/en/exhibit","/c/en/legal","/c/en/free","/c/en/unchain"],"weight":0.20647999999999989},"num_concepts_raised":5093},{"base_id":541,"kind":"top_words","i1":1,"i2":8,"sol":{"path":["/c/en/exhibitor","/c/en/exhibit","/c/en/legal","/c/en/prevaricate"],"weight":0.20549999999999982},"num_concepts_raised":22766},{"base_id":541,"kind":"top_words","i1":1,"i2":9,"sol":{"path":["/c/en/exhibitor","/c/en/shower","/c/en/distribute","/c/en/republish"],"weight":0.2029399999999998},"num_concepts_raised":7571},{"base_id":541,"kind":"top_words","i1":2,"i2":3,"sol":{"path":["/c/en/softener","/c/en/chemical","/c/en/slang","/c/en/bugger","/c/en/sodomize"],"weight":0.20436999999999972},"num_concepts_raised":16235},{"base_id":541,"kind":"top_words","i1":2,"i2":4,"sol":{"path":["/c/en/softener","/c/en/water_softener","/c/en/device","/c/en/weapon","/c/en/arjun"],"weight":0.20881999999999976},"num_concepts_raised":14560},{"base_id":541,"kind":"top_words","i1":2,"i2":5,"sol":{"path":["/c/en/softener","/c/en/conditioner","/c/en/machine","/c/en/lapping"],"weight":0.20282999999999976},"num_concepts_raised":17749},{"base_id":541,"kind":"top_words","i1":2,"i2":6,"sol":{"path":["/c/en/softener","/c/en/chemistry","/c/en/science","/c/en/climatology","/c/en/climatological"],"weight":0.20395999999999997},"num_concepts_raised":13522},{"base_id":541,"kind":"top_words","i1":2,"i2":7,"sol":{"path":["/c/en/softener","/c/en/chemistry","/c/en/free","/c/en/unchain"],"weight":0.2043499999999999},"num_concepts_raised":16365},{"base_id":541,"kind":"top_words","i1":2,"i2":8,"sol":{"path":["/c/en/softener","/c/en/gain","/c/en/direct","/c/en/prevaricate"],"weight":0.20327999999999982},"num_concepts_raised":34053},{"base_id":541,"kind":"top_words","i1":2,"i2":9,"sol":{"path":["/c/en/softener","/c/en/chemistry","/c/en/medium","/c/en/publish","/c/en/republish"],"weight":0.2038899999999998},"num_concepts_raised":18892},{"base_id":541,"kind":"top_words","i1":3,"i2":4,"sol":{"path":["/c/en/sodomize","/c/en/sod","/c/en/grass","/c/sa/अर्जुन","/c/en/arjun"],"weight":0.2081599999999997},"num_concepts_raised":4162},{"base_id":541,"kind":"top_words","i1":3,"i2":5,"sol":{"path":["/c/en/sodomize","/c/en/bugger","/c/en/us","/c/en/machine","/c/en/lapping"],"weight":0.2043499999999997},"num_concepts_raised":7406},{"base_id":541,"kind":"top_words","i1":3,"i2":6,"sol":{"path":["/c/en/sodomize","/c/en/bugger","/c/en/uk","/c/en/absolute_drought","/c/en/climatology","/c/en/climatological"],"weight":0.21052339999999992},"num_concepts_raised":265540},{"base_id":541,"kind":"top_words","i1":3,"i2":7,"sol":{"path":["/c/en/sodomize","/c/en/bugger","/c/en/uk","/c/en/free","/c/en/unchain"],"weight":0.20581999999999984},"num_concepts_raised":6012},{"base_id":541,"kind":"top_words","i1":3,"i2":8,"sol":{"path":["/c/en/sodomize","/c/en/bugger","/c/en/legal","/c/en/prevaricate"],"weight":0.20482999999999973},"num_concepts_raised":23682},{"base_id":541,"kind":"top_words","i1":3,"i2":9,"sol":{"path":["/c/en/sodomize","/c/en/rear","/c/en/revive","/c/en/republish"],"weight":0.20308999999999972},"num_concepts_raised":8513},{"base_id":541,"kind":"top_words","i1":4,"i2":5,"sol":{"path":["/c/en/arjun","/c/en/weapon","/c/en/gun","/c/en/machine","/c/en/lapping"],"weight":0.20791999999999972},"num_concepts_raised":5735},{"base_id":541,"kind":"top_words","i1":4,"i2":6,"sol":{"path":["/c/en/arjun","/c/en/weapon","/c/en/control","/c/en/climatology","/c/en/climatological"],"weight":0.20891999999999994},"num_concepts_raised":1437},{"base_id":541,"kind":"top_words","i1":4,"i2":7,"sol":{"path":["/c/en/arjun","/c/sa/अर्जुन","/c/en/clear","/c/en/free","/c/en/unchain"],"weight":0.20937999999999984},"num_concepts_raised":4343},{"base_id":541,"kind":"top_words","i1":4,"i2":8,"sol":{"path":["/c/en/arjun","/c/sa/अर्जुन","/c/en/white","/c/en/lie","/c/en/prevaricate"],"weight":0.20940999999999976},"num_concepts_raised":22075},{"base_id":541,"kind":"top_words","i1":4,"i2":9,"sol":{"path":["/c/en/arjun","/c/en/weapon","/c/en/device","/c/en/print","/c/en/republish"],"weight":0.20785999999999977},"num_concepts_raised":6853},{"base_id":541,"kind":"top_words","i1":5,"i2":6,"sol":{"path":["/c/en/lapping","/c/en/machine","/c/en/computer","/c/en/control","/c/en/climatology","/c/en/climatological"],"weight":0.20782689999999976},"num_concepts_raised":430708},{"base_id":541,"kind":"top_words","i1":5,"i2":7,"sol":{"path":["/c/en/lapping","/c/en/lap","/c/en/loose","/c/en/free","/c/en/unchain"],"weight":0.20441999999999985},"num_concepts_raised":7598},{"base_id":541,"kind":"top_words","i1":5,"i2":8,"sol":{"path":["/c/en/lapping","/c/en/lap","/c/en/lie","/c/en/prevaricate"],"weight":0.20442999999999978},"num_concepts_raised":25213},{"base_id":541,"kind":"top_words","i1":5,"i2":9,"sol":{"path":["/c/en/lapping","/c/en/machine","/c/en/print","/c/en/republish"],"weight":0.20293999999999973},"num_concepts_raised":10029},{"base_id":541,"kind":"top_words","i1":6,"i2":7,"sol":{"path":["/c/en/climatological","/c/en/climatology","/c/en/control","/c/en/free","/c/en/unchain"],"weight":0.20541000000000004},"num_concepts_raised":3304},{"base_id":541,"kind":"top_words","i1":6,"i2":8,"sol":{"path":["/c/en/climatological","/c/en/climatology","/c/en/control","/c/en/direct","/c/en/prevaricate"],"weight":0.20440999999999998},"num_concepts_raised":21066},{"base_id":541,"kind":"top_words","i1":6,"i2":9,"sol":{"path":["/c/en/climatological","/c/en/climatology","/c/en/science","/c/en/academic","/c/en/publish","/c/en/republish"],"weight":0.20970649999999985},"num_concepts_raised":464308},{"base_id":541,"kind":"top_words","i1":7,"i2":8,"sol":{"path":["/c/en/unchain","/c/en/free","/c/en/legal","/c/en/prevaricate"],"weight":0.2048899999999999},"num_concepts_raised":23854},{"base_id":541,"kind":"top_words","i1":7,"i2":9,"sol":{"path":["/c/en/unchain","/c/fr/déchaîner","/c/en/bring_out","/c/en/publish","/c/en/republish"],"weight":0.2063699999999999},"num_concepts_raised":8671},{"base_id":541,"kind":"top_words","i1":8,"i2":9,"sol":{"path":["/c/en/prevaricate","/c/en/legal","/c/en/law","/c/en/republish"],"weight":0.2034599999999998},"num_concepts_raised":25742}]]