[[{"base_id":618,"kind":"bot_words","i1":0,"i2":1,"sol":{"path":["/c/en/haverhill","/c/en/usa","/c/en/slang","/c/en/toke"],"weight":0.20386999999999988},"num_concepts_raised":140480},{"base_id":618,"kind":"bot_words","i1":0,"i2":2,"sol":{"path":["/c/en/haverhill","/c/en/massachusetts","/c/en/industrial_revolution","/c/en/replacement","/c/en/substitution"],"weight":0.20800999999999933},"num_concepts_raised":144104},{"base_id":618,"kind":"bot_words","i1":0,"i2":3,"sol":{"path":["/c/en/haverhill","/c/fr/localités","/c/en/law","/c/en/litigant"],"weight":0.20333999999999985},"num_concepts_raised":129099},{"base_id":618,"kind":"bot_words","i1":0,"i2":4,"sol":{"path":["/c/en/haverhill","/c/en/usa","/c/en/golden","/c/en/fortunate","/c/en/fortunately"],"weight":0.2051199999999998},"num_concepts_raised":118240},{"base_id":618,"kind":"bot_words","i1":0,"i2":5,"sol":{"path":["/c/en/haverhill","/c/en/england","/c/en/dove","/c/en/hawk","/c/en/hawkish"],"weight":0.2042499999999999},"num_concepts_raised":118164},{"base_id":618,"kind":"bot_words","i1":0,"i2":6,"sol":{"path":["/c/en/haverhill","/c/en/england","/c/en/wash","/c/en/laundry"],"weight":0.21728999999999932},"num_concepts_raised":141640},{"base_id":618,"kind":"bot_words","i1":0,"i2":7,"sol":{"path":["/c/en/haverhill","/c/fr/localités","/c/en/shelf","/c/en/retable"],"weight":0.20280999999999988},"num_concepts_raised":120761},{"base_id":618,"kind":"bot_words","i1":0,"i2":8,"sol":{"path":["/c/en/haverhill","/c/en/market_town","/c/en/right","/c/en/dexter"],"weight":0.20421999999999985},"num_concepts_raised":127473},{"base_id":618,"kind":"bot_words","i1":0,"i2":9,"sol":{"path":["/c/en/haverhill","/c/en/england","/c/en/cow","/c/en/woman","/c/en/inamorata"],"weight":0.20274999999999982},"num_concepts_raised":123000},{"base_id":618,"kind":"bot_words","i1":1,"i2":2,"sol":{"path":["/c/en/toke","/c/en/slang","/c/en/switch","/c/en/substitution"],"weight":0.20654999999999937},"num_concepts_raised":52009},{"base_id":618,"kind":"bot_words","i1":1,"i2":3,"sol":{"path":["/c/en/toke","/c/en/slang","/c/en/law","/c/en/litigant"],"weight":0.2044799999999999},"num_concepts_raised":36832},{"base_id":618,"kind":"bot_words","i1":1,"i2":4,"sol":{"path":["/c/en/toke","/c/en/slang","/c/en/golden","/c/en/fortunate","/c/en/fortunately"],"weight":0.20616999999999985},"num_concepts_raised":26473},{"base_id":618,"kind":"bot_words","i1":1,"i2":5,"sol":{"path":["/c/en/toke","/c/en/slang","/c/en/bird","/c/en/hawk","/c/en/hawkish"],"weight":0.20529999999999993},"num_concepts_raised":26415},{"base_id":618,"kind":"bot_words","i1":1,"i2":6,"sol":{"path":["/c/en/toke","/c/en/us","/c/en/lavatory","/c/en/laundry"],"weight":0.21553999999999937},"num_concepts_raised":49095},{"base_id":618,"kind":"bot_words","i1":1,"i2":7,"sol":{"path":["/c/en/toke","/c/en/us","/c/en/table","/c/en/retable"],"weight":0.2038799999999999},"num_concepts_raised":28813},{"base_id":618,"kind":"bot_words","i1":1,"i2":8,"sol":{"path":["/c/en/toke","/c/en/us","/c/en/right","/c/en/dexter"],"weight":0.20525999999999991},"num_concepts_raised":35387},{"base_id":618,"kind":"bot_words","i1":1,"i2":9,"sol":{"path":["/c/en/toke","/c/en/slang","/c/en/man","/c/en/woman","/c/en/inamorata"],"weight":0.20383999999999988},"num_concepts_raised":30907},{"base_id":618,"kind":"bot_words","i1":2,"i2":3,"sol":{"path":["/c/en/substitution","/c/en/subrogation","/c/en/legal","/c/en/litigant"],"weight":0.20705999999999936},"num_concepts_raised":40526},{"base_id":618,"kind":"bot_words","i1":2,"i2":4,"sol":{"path":["/c/en/substitution","/c/fr/substitution","/c/fr/bien","/c/fr/heureusement","/c/en/fortunately"],"weight":0.20906999999999926},"num_concepts_raised":29889},{"base_id":618,"kind":"bot_words","i1":2,"i2":5,"sol":{"path":["/c/en/substitution","/c/fr/changement","/c/fr/force","/c/fr/va_t_en_guerre","/c/en/hawkish"],"weight":0.20769999999999936},"num_concepts_raised":29805},{"base_id":618,"kind":"bot_words","i1":2,"i2":6,"sol":{"path":["/c/en/substitution","/c/en/change","/c/en/launder","/c/en/laundry"],"weight":0.21972999999999882},"num_concepts_raised":52824},{"base_id":618,"kind":"bot_words","i1":2,"i2":7,"sol":{"path":["/c/en/substitution","/c/en/atom","/c/en/object","/c/en/retable"],"weight":0.20549999999999935},"num_concepts_raised":32292},{"base_id":618,"kind":"bot_words","i1":2,"i2":8,"sol":{"path":["/c/en/substitution","/c/en/change","/c/en/right","/c/en/dexter"],"weight":0.20731999999999934},"num_concepts_raised":39086},{"base_id":618,"kind":"bot_words","i1":2,"i2":9,"sol":{"path":["/c/en/substitution","/c/en/tertiary","/c/en/woman","/c/en/inamorata"],"weight":0.2052299999999993},"num_concepts_raised":34647},{"base_id":618,"kind":"bot_words","i1":3,"i2":4,"sol":{"path":["/c/en/litigant","/c/en/party","/c/en/happy","/c/en/happily","/c/en/fortunately"],"weight":0.2059299999999998},"num_concepts_raised":14886},{"base_id":618,"kind":"bot_words","i1":3,"i2":5,"sol":{"path":["/c/en/litigant","/c/fr/plaideur","/c/fr/aimer","/c/fr/batailleur","/c/en/hawkish"],"weight":0.2065999999999999},"num_concepts_raised":14810},{"base_id":618,"kind":"bot_words","i1":3,"i2":6,"sol":{"path":["/c/en/litigant","/c/en/party","/c/en/room","/c/en/laundry"],"weight":0.21306999999999934},"num_concepts_raised":38078},{"base_id":618,"kind":"bot_words","i1":3,"i2":7,"sol":{"path":["/c/en/litigant","/c/en/legal","/c/fr/pièce","/c/fr/retable","/c/en/retable"],"weight":0.20469999999999988},"num_concepts_raised":17329},{"base_id":618,"kind":"bot_words","i1":3,"i2":8,"sol":{"path":["/c/en/litigant","/c/en/law","/c/en/right","/c/en/dexter"],"weight":0.20495999999999986},"num_concepts_raised":23901},{"base_id":618,"kind":"bot_words","i1":3,"i2":9,"sol":{"path":["/c/en/litigant","/c/en/litigation","/c/en/suitor","/c/en/mistress","/c/en/inamorata"],"weight":0.20429999999999984},"num_concepts_raised":19628},{"base_id":618,"kind":"bot_words","i1":4,"i2":5,"sol":{"path":["/c/en/fortunately","/c/en/fortunate","/c/en/seel","/c/en/hawk","/c/en/hawkish"],"weight":0.20652999999999982},"num_concepts_raised":3908},{"base_id":618,"kind":"bot_words","i1":4,"i2":6,"sol":{"path":["/c/en/fortunately","/c/en/unfortunately","/c/en/event","/c/en/wash","/c/en/laundry"],"weight":0.21951999999999927},"num_concepts_raised":27535},{"base_id":618,"kind":"bot_words","i1":4,"i2":7,"sol":{"path":["/c/en/fortunately","/c/en/unfortunate","/c/en/person","/c/en/object","/c/en/retable"],"weight":0.2051499999999998},"num_concepts_raised":6509},{"base_id":618,"kind":"bot_words","i1":4,"i2":8,"sol":{"path":["/c/en/fortunately","/c/en/fortunate","/c/la/dexter","/c/en/dexter"],"weight":0.2055599999999998},"num_concepts_raised":13397},{"base_id":618,"kind":"bot_words","i1":4,"i2":9,"sol":{"path":["/c/en/fortunately","/c/en/fortunate","/c/en/single","/c/en/woman","/c/en/inamorata"],"weight":0.2050499999999998},"num_concepts_raised":8748},{"base_id":618,"kind":"bot_words","i1":5,"i2":6,"sol":{"path":["/c/en/hawkish","/c/fr/finance","/c/fr/service","/c/fr/linge","/c/en/laundry"],"weight":0.21907999999999936},"num_concepts_raised":27484},{"base_id":618,"kind":"bot_words","i1":5,"i2":7,"sol":{"path":["/c/en/hawkish","/c/en/hawk","/c/en/point","/c/en/table","/c/en/retable"],"weight":0.20434999999999992},"num_concepts_raised":6456},{"base_id":618,"kind":"bot_words","i1":5,"i2":8,"sol":{"path":["/c/en/hawkish","/c/en/hawk","/c/en/point","/c/en/heraldry","/c/en/dexter"],"weight":0.2057699999999999},"num_concepts_raised":13343},{"base_id":618,"kind":"bot_words","i1":5,"i2":9,"sol":{"path":["/c/en/hawkish","/c/en/hawk","/c/en/falcon","/c/en/female","/c/en/inamorata"],"weight":0.2041699999999999},"num_concepts_raised":8685},{"base_id":618,"kind":"bot_words","i1":6,"i2":7,"sol":{"path":["/c/en/laundry","/c/en/room","/c/en/table","/c/en/retable"],"weight":0.21267999999999934},"num_concepts_raised":29749},{"base_id":618,"kind":"bot_words","i1":6,"i2":8,"sol":{"path":["/c/en/laundry","/c/en/office","/c/en/right","/c/en/dexter"],"weight":0.21391999999999933},"num_concepts_raised":36526},{"base_id":618,"kind":"bot_words","i1":6,"i2":9,"sol":{"path":["/c/en/laundry","/c/en/laundrywoman","/c/en/woman","/c/en/inamorata"],"weight":0.2143999999999993},"num_concepts_raised":32177},{"base_id":618,"kind":"bot_words","i1":7,"i2":8,"sol":{"path":["/c/en/retable","/c/fr/retable","/c/fr/pièce","/c/en/heraldry","/c/en/dexter"],"weight":0.20563999999999988},"num_concepts_raised":15827},{"base_id":618,"kind":"bot_words","i1":7,"i2":9,"sol":{"path":["/c/en/retable","/c/en/object","/c/en/love","/c/en/lover","/c/en/inamorata"],"weight":0.20291999999999982},"num_concepts_raised":11271},{"base_id":618,"kind":"bot_words","i1":8,"i2":9,"sol":{"path":["/c/en/dexter","/c/en/milk","/c/en/female","/c/en/inamorata"],"weight":0.20308999999999985},"num_concepts_raised":18121}],[{"base_id":618,"kind":"top_words","i1":0,"i2":1,"sol":{"path":["/c/en/decompression","/c/en/decompression_sickness","/c/en/pathology","/c/en/embolism"],"weight":0.21045999999999998},"num_concepts_raised":28079},{"base_id":618,"kind":"top_words","i1":0,"i2":2,"sol":{"path":["/c/en/decompression","/c/en/medicine","/c/en/disease","/c/en/sickness"],"weight":0.21295999999999915},"num_concepts_raised":52399},{"base_id":618,"kind":"top_words","i1":0,"i2":3,"sol":{"path":["/c/en/decompression","/c/en/compression"],"weight":0.20400000000000001},"num_concepts_raised":246},{"base_id":618,"kind":"top_words","i1":0,"i2":4,"sol":{"path":["/c/en/decompression","/c/en/medicine","/c/fr/narcose","/c/en/narcosis"],"weight":0.20536999999999986},"num_concepts_raised":25901},{"base_id":618,"kind":"top_words","i1":0,"i2":5,"sol":{"path":["/c/en/decompression","/c/en/medicine","/c/en/barotrauma"],"weight":0.20400000000000001},"num_concepts_raised":85},{"base_id":618,"kind":"top_words","i1":0,"i2":6,"sol":{"path":["/c/en/decompression","/c/en/medicine","/c/en/hydrops","/c/en/edema"],"weight":0.21304999999999982},"num_concepts_raised":52724},{"base_id":618,"kind":"top_words","i1":0,"i2":7,"sol":{"path":["/c/en/decompression","/c/en/medicine","/c/en/pathology","/c/en/thrombosis"],"weight":0.21045999999999976},"num_concepts_raised":27543},{"base_id":618,"kind":"top_words","i1":0,"i2":8,"sol":{"path":["/c/en/decompression","/c/en/medicine","/c/en/asphyxia","/c/en/hypoxia"],"weight":0.2120599999999999},"num_concepts_raised":38747},{"base_id":618,"kind":"top_words","i1":0,"i2":9,"sol":{"path":["/c/en/decompression","/c/en/compression","/c/en/fuel","/c/en/combustion"],"weight":0.21552999999999956},"num_concepts_raised":52817},{"base_id":618,"kind":"top_words","i1":1,"i2":2,"sol":{"path":["/c/en/embolism","/c/en/disease","/c/en/sickness"],"weight":0.20600000000000002},"num_concepts_raised":416},{"base_id":618,"kind":"top_words","i1":1,"i2":3,"sol":{"path":["/c/en/embolism","/c/en/intercalation","/c/ar/كبس","/c/en/compression"],"weight":0.2142999999999997},"num_concepts_raised":53160},{"base_id":618,"kind":"top_words","i1":1,"i2":4,"sol":{"path":["/c/en/embolism","/c/en/pathology","/c/en/narcosis"],"weight":0.20400000000000001},"num_concepts_raised":128},{"base_id":618,"kind":"top_words","i1":1,"i2":5,"sol":{"path":["/c/en/embolism","/c/en/disease","/c/en/barotrauma"],"weight":0.20600000000000002},"num_concepts_raised":132},{"base_id":618,"kind":"top_words","i1":1,"i2":6,"sol":{"path":["/c/en/embolism","/c/en/pathology","/c/en/edema"],"weight":0.20600000000000002},"num_concepts_raised":257},{"base_id":618,"kind":"top_words","i1":1,"i2":7,"sol":{"path":["/c/en/embolism","/c/en/thrombosis"],"weight":0.20600000000000002},"num_concepts_raised":206},{"base_id":618,"kind":"top_words","i1":1,"i2":8,"sol":{"path":["/c/en/embolism","/c/en/pathology","/c/en/hypoxia"],"weight":0.20600000000000002},"num_concepts_raised":184},{"base_id":618,"kind":"top_words","i1":1,"i2":9,"sol":{"path":["/c/en/embolism","/c/en/intercalation","/c/en/chemistry","/c/en/combustion"],"weight":0.22080999999999976},"num_concepts_raised":49447},{"base_id":618,"kind":"top_words","i1":2,"i2":3,"sol":{"path":["/c/en/sickness","/c/en/disease","/c/en/carpal_tunnel_syndrome","/c/en/compression"],"weight":0.21482999999999886},"num_concepts_raised":76456},{"base_id":618,"kind":"top_words","i1":2,"i2":4,"sol":{"path":["/c/en/sickness","/c/en/disease","/c/en/nitrogen_narcosis","/c/en/narcosis"],"weight":0.2134099999999992},"num_concepts_raised":46893},{"base_id":618,"kind":"top_words","i1":2,"i2":5,"sol":{"path":["/c/en/sickness","/c/en/disease","/c/en/barotrauma"],"weight":0.20600000000000002},"num_concepts_raised":349},{"base_id":618,"kind":"top_words","i1":2,"i2":6,"sol":{"path":["/c/en/sickness","/c/en/body","/c/en/edema"],"weight":0.20400000000000001},"num_concepts_raised":474},{"base_id":618,"kind":"top_words","i1":2,"i2":7,"sol":{"path":["/c/en/sickness","/c/en/disease","/c/en/thrombosis"],"weight":0.20600000000000002},"num_concepts_raised":431},{"base_id":618,"kind":"top_words","i1":2,"i2":8,"sol":{"path":["/c/en/sickness","/c/en/disease","/c/en/asphyxia","/c/en/hypoxia"],"weight":0.22105999999999926},"num_concepts_raised":59287},{"base_id":618,"kind":"top_words","i1":2,"i2":9,"sol":{"path":["/c/en/sickness","/c/en/up","/c/en/combustion"],"weight":0.20400000000000001},"num_concepts_raised":552},{"base_id":618,"kind":"top_words","i1":3,"i2":4,"sol":{"path":["/c/en/compression","/c/en/pressure","/c/en/nitrogen_narcosis","/c/en/narcosis"],"weight":0.20679999999999957},"num_concepts_raised":51121},{"base_id":618,"kind":"top_words","i1":3,"i2":5,"sol":{"path":["/c/en/compression","/c/en/pressure","/c/en/barotrauma"],"weight":0.20400000000000001},"num_concepts_raised":229},{"base_id":618,"kind":"top_words","i1":3,"i2":6,"sol":{"path":["/c/en/compression","/c/en/may_thurner_syndrome","/c/en/swelling","/c/en/edema"],"weight":0.21506999999999954},"num_concepts_raised":76774},{"base_id":618,"kind":"top_words","i1":3,"i2":7,"sol":{"path":["/c/en/compression","/c/en/may_thurner_syndrome","/c/en/deep_vein_thrombosis","/c/en/thrombosis"],"weight":0.21417999999999945},"num_concepts_raised":52706},{"base_id":618,"kind":"top_words","i1":3,"i2":8,"sol":{"path":["/c/en/compression","/c/en/compress","/c/fr/médecine","/c/en/hypoxia"],"weight":0.21441999999999958},"num_concepts_raised":63833},{"base_id":618,"kind":"top_words","i1":3,"i2":9,"sol":{"path":["/c/en/compression","/c/en/engine","/c/en/combustion"],"weight":0.20500000000000002},"num_concepts_raised":428},{"base_id":618,"kind":"top_words","i1":4,"i2":5,"sol":{"path":["/c/en/narcosis","/c/fr/narcose","/c/en/medicine","/c/en/barotrauma"],"weight":0.2101499999999999},"num_concepts_raised":25303},{"base_id":618,"kind":"top_words","i1":4,"i2":6,"sol":{"path":["/c/en/narcosis","/c/en/pathology","/c/en/edema"],"weight":0.20400000000000001},"num_concepts_raised":186},{"base_id":618,"kind":"top_words","i1":4,"i2":7,"sol":{"path":["/c/en/narcosis","/c/en/pathology","/c/en/thrombosis"],"weight":0.20400000000000001},"num_concepts_raised":144},{"base_id":618,"kind":"top_words","i1":4,"i2":8,"sol":{"path":["/c/en/narcosis","/c/en/pathology","/c/en/hypoxia"],"weight":0.20400000000000001},"num_concepts_raised":113},{"base_id":618,"kind":"top_words","i1":4,"i2":9,"sol":{"path":["/c/en/narcosis","/c/en/drug","/c/en/chemical","/c/en/combustion"],"weight":0.21193999999999963},"num_concepts_raised":47335},{"base_id":618,"kind":"top_words","i1":5,"i2":6,"sol":{"path":["/c/en/barotrauma","/c/en/tissue","/c/en/edema"],"weight":0.20600000000000002},"num_concepts_raised":190},{"base_id":618,"kind":"top_words","i1":5,"i2":7,"sol":{"path":["/c/en/barotrauma","/c/en/disease","/c/en/thrombosis"],"weight":0.20600000000000002},"num_concepts_raised":148},{"base_id":618,"kind":"top_words","i1":5,"i2":8,"sol":{"path":["/c/en/barotrauma","/c/en/tissue","/c/en/hypoxia"],"weight":0.20600000000000002},"num_concepts_raised":117},{"base_id":618,"kind":"top_words","i1":5,"i2":9,"sol":{"path":["/c/en/barotrauma","/c/en/medicine","/c/de/verbrennung","/c/en/combustion"],"weight":0.2190199999999996},"num_concepts_raised":52677},{"base_id":618,"kind":"top_words","i1":6,"i2":7,"sol":{"path":["/c/en/edema","/c/en/pathology","/c/en/thrombosis"],"weight":0.20600000000000002},"num_concepts_raised":273},{"base_id":618,"kind":"top_words","i1":6,"i2":8,"sol":{"path":["/c/en/edema","/c/en/pathology","/c/en/hypoxia"],"weight":0.20600000000000002},"num_concepts_raised":241},{"base_id":618,"kind":"top_words","i1":6,"i2":9,"sol":{"path":["/c/en/edema","/c/en/water","/c/en/fire","/c/en/combustion"],"weight":0.22415999999999958},"num_concepts_raised":73066},{"base_id":618,"kind":"top_words","i1":7,"i2":8,"sol":{"path":["/c/en/thrombosis","/c/en/pathology","/c/en/hypoxia"],"weight":0.20600000000000002},"num_concepts_raised":200},{"base_id":618,"kind":"top_words","i1":7,"i2":9,"sol":{"path":["/c/en/thrombosis","/c/en/disease","/c/en/burn","/c/en/combustion"],"weight":0.21932999999999953},"num_concepts_raised":48981},{"base_id":618,"kind":"top_words","i1":8,"i2":9,"sol":{"path":["/c/en/hypoxia","/c/en/oxygen","/c/en/combustion"],"weight":0.20600000000000002},"num_concepts_raised":320}]]