[[{"base_id":822,"kind":"bot_words","i1":0,"i2":1,"sol":{"path":["/c/en/rifleman","/c/en/marksman","/c/en/person","/c/en/jurist"],"weight":0.2148599999999995},"num_concepts_raised":30706},{"base_id":822,"kind":"bot_words","i1":0,"i2":2,"sol":{"path":["/c/en/rifleman","/c/en/bird","/c/en/plane","/c/en/hull","/c/en/multihull"],"weight":0.20962999999999984},"num_concepts_raised":11046},{"base_id":822,"kind":"bot_words","i1":0,"i2":3,"sol":{"path":["/c/en/rifleman","/c/en/bird","/c/en/seed","/c/en/fruit"],"weight":0.24903000000000697},"num_concepts_raised":126278},{"base_id":822,"kind":"bot_words","i1":0,"i2":4,"sol":{"path":["/c/en/rifleman","/c/en/bird","/c/en/mammal","/c/en/basilosaurus"],"weight":0.21360999999999966},"num_concepts_raised":11711},{"base_id":822,"kind":"bot_words","i1":0,"i2":5,"sol":{"path":["/c/en/rifleman","/c/en/bird","/c/en/tree","/c/en/ficus"],"weight":0.21586999999999923},"num_concepts_raised":55710},{"base_id":822,"kind":"bot_words","i1":0,"i2":6,"sol":{"path":["/c/en/rifleman","/c/en/fusilier","/c/en/british","/c/en/georgian","/c/en/kartvelian"],"weight":0.2115199999999998},"num_concepts_raised":9521},{"base_id":822,"kind":"bot_words","i1":0,"i2":7,"sol":{"path":["/c/en/rifleman","/c/en/soldier","/c/en/section","/c/en/immunohistochemistry"],"weight":0.20846999999999974},"num_concepts_raised":28085},{"base_id":822,"kind":"bot_words","i1":0,"i2":8,"sol":{"path":["/c/en/rifleman","/c/en/endemic","/c/fr/médecine","/c/fr/désorganisation","/c/en/disorganization"],"weight":0.20966999999999975},"num_concepts_raised":12602},{"base_id":822,"kind":"bot_words","i1":0,"i2":9,"sol":{"path":["/c/en/rifleman","/c/en/bird","/c/en/man","/c/en/homunculus"],"weight":0.2139999999999997},"num_concepts_raised":31532},{"base_id":822,"kind":"bot_words","i1":1,"i2":2,"sol":{"path":["/c/en/jurist","/c/en/law","/c/fr/localités","/c/en/hull","/c/en/multihull"],"weight":0.21032999999999974},"num_concepts_raised":23547},{"base_id":822,"kind":"bot_words","i1":1,"i2":3,"sol":{"path":["/c/en/jurist","/c/fr/droit","/c/fr/fruit","/c/en/fruit"],"weight":0.2522200000000068},"num_concepts_raised":138009},{"base_id":822,"kind":"bot_words","i1":1,"i2":4,"sol":{"path":["/c/en/jurist","/c/en/person","/c/en/mammal","/c/en/basilosaurus"],"weight":0.21415999999999955},"num_concepts_raised":24277},{"base_id":822,"kind":"bot_words","i1":1,"i2":5,"sol":{"path":["/c/en/jurist","/c/en/person","/c/en/plant","/c/en/ficus"],"weight":0.21649999999999914},"num_concepts_raised":67859},{"base_id":822,"kind":"bot_words","i1":1,"i2":6,"sol":{"path":["/c/en/jurist","/c/en/person","/c/en/georgian","/c/en/kartvelian"],"weight":0.2100099999999997},"num_concepts_raised":22024},{"base_id":822,"kind":"bot_words","i1":1,"i2":7,"sol":{"path":["/c/en/jurist","/c/en/person","/c/en/biology","/c/en/immunohistochemistry"],"weight":0.2090899999999996},"num_concepts_raised":40520},{"base_id":822,"kind":"bot_words","i1":1,"i2":8,"sol":{"path":["/c/en/jurist","/c/en/judge","/c/en/system","/c/en/disorganization"],"weight":0.20938999999999963},"num_concepts_raised":24993},{"base_id":822,"kind":"bot_words","i1":1,"i2":9,"sol":{"path":["/c/en/jurist","/c/en/person","/c/en/homunculus"],"weight":0.20600000000000002},"num_concepts_raised":161},{"base_id":822,"kind":"bot_words","i1":2,"i2":3,"sol":{"path":["/c/en/multihull","/c/en/hull","/c/en/fruit"],"weight":0.20700000000000002},"num_concepts_raised":1823},{"base_id":822,"kind":"bot_words","i1":2,"i2":4,"sol":{"path":["/c/en/multihull","/c/en/catamaran","/c/en/cat","/c/en/mammal","/c/en/basilosaurus"],"weight":0.20902999999999988},"num_concepts_raised":4452},{"base_id":822,"kind":"bot_words","i1":2,"i2":5,"sol":{"path":["/c/en/multihull","/c/en/hull","/c/en/canada","/c/en/ficus"],"weight":0.21091999999999947},"num_concepts_raised":48737},{"base_id":822,"kind":"bot_words","i1":2,"i2":6,"sol":{"path":["/c/en/multihull","/c/en/hull","/c/en/united_kingdom","/c/en/georgian","/c/en/kartvelian"],"weight":0.20481000000000005},"num_concepts_raised":2182},{"base_id":822,"kind":"bot_words","i1":2,"i2":7,"sol":{"path":["/c/en/multihull","/c/en/boat","/c/en/chemistry","/c/en/immunohistochemistry"],"weight":0.20390999999999998},"num_concepts_raised":20810},{"base_id":822,"kind":"bot_words","i1":2,"i2":8,"sol":{"path":["/c/en/multihull","/c/en/hull","/c/en/structure","/c/en/organization","/c/en/disorganization"],"weight":0.20407999999999998},"num_concepts_raised":5291},{"base_id":822,"kind":"bot_words","i1":2,"i2":9,"sol":{"path":["/c/en/multihull","/c/en/boat","/c/en/human","/c/en/homunculus"],"weight":0.20829999999999993},"num_concepts_raised":24373},{"base_id":822,"kind":"bot_words","i1":3,"i2":4,"sol":{"path":["/c/en/fruit","/c/en/bear","/c/en/mammal","/c/en/basilosaurus"],"weight":0.24511000000000704},"num_concepts_raised":120198},{"base_id":822,"kind":"bot_words","i1":3,"i2":5,"sol":{"path":["/c/en/fruit","/c/en/tree","/c/en/ficus"],"weight":0.20900000000000002},"num_concepts_raised":1997},{"base_id":822,"kind":"bot_words","i1":3,"i2":6,"sol":{"path":["/c/en/fruit","/c/fr/fruit","/c/fr/architecture","/c/en/georgian","/c/en/kartvelian"],"weight":0.24679000000000714},"num_concepts_raised":118209},{"base_id":822,"kind":"bot_words","i1":3,"i2":7,"sol":{"path":["/c/en/fruit","/c/en/tree","/c/en/chemistry","/c/en/immunohistochemistry"],"weight":0.24251000000000708},"num_concepts_raised":135285},{"base_id":822,"kind":"bot_words","i1":3,"i2":8,"sol":{"path":["/c/en/fruit","/c/en/container","/c/en/organization","/c/en/disorganization"],"weight":0.2377800000000071},"num_concepts_raised":120927},{"base_id":822,"kind":"bot_words","i1":3,"i2":9,"sol":{"path":["/c/en/fruit","/c/en/seed","/c/en/sperm","/c/en/homunculus"],"weight":0.25044000000000705},"num_concepts_raised":137931},{"base_id":822,"kind":"bot_words","i1":4,"i2":5,"sol":{"path":["/c/en/basilosaurus","/c/en/mammal","/c/en/animal","/c/en/plant","/c/en/ficus"],"weight":0.21530999999999928},"num_concepts_raised":49523},{"base_id":822,"kind":"bot_words","i1":4,"i2":6,"sol":{"path":["/c/en/basilosaurus","/c/en/mammal","/c/en/human","/c/en/georgian","/c/en/kartvelian"],"weight":0.20878999999999986},"num_concepts_raised":2903},{"base_id":822,"kind":"bot_words","i1":4,"i2":7,"sol":{"path":["/c/en/basilosaurus","/c/en/mammal","/c/en/class","/c/en/chemistry","/c/en/immunohistochemistry"],"weight":0.2088899999999998},"num_concepts_raised":21513},{"base_id":822,"kind":"bot_words","i1":4,"i2":8,"sol":{"path":["/c/en/basilosaurus","/c/en/mammal","/c/en/animal","/c/en/system","/c/en/disorganization"],"weight":0.20803999999999978},"num_concepts_raised":6021},{"base_id":822,"kind":"bot_words","i1":4,"i2":9,"sol":{"path":["/c/en/basilosaurus","/c/en/mammal","/c/en/human","/c/en/homunculus"],"weight":0.21328999999999976},"num_concepts_raised":25091},{"base_id":822,"kind":"bot_words","i1":5,"i2":6,"sol":{"path":["/c/en/ficus","/c/en/plant","/c/en/person","/c/en/georgian","/c/en/kartvelian"],"weight":0.21112999999999943},"num_concepts_raised":47373},{"base_id":822,"kind":"bot_words","i1":5,"i2":7,"sol":{"path":["/c/en/ficus","/c/en/tree","/c/en/chemistry","/c/en/immunohistochemistry"],"weight":0.21114999999999937},"num_concepts_raised":65127},{"base_id":822,"kind":"bot_words","i1":5,"i2":8,"sol":{"path":["/c/en/ficus","/c/en/container","/c/en/organization","/c/en/disorganization"],"weight":0.21013999999999938},"num_concepts_raised":50187},{"base_id":822,"kind":"bot_words","i1":5,"i2":9,"sol":{"path":["/c/en/ficus","/c/en/plant","/c/en/person","/c/en/homunculus"],"weight":0.21560999999999933},"num_concepts_raised":68266},{"base_id":822,"kind":"bot_words","i1":6,"i2":7,"sol":{"path":["/c/en/kartvelian","/c/en/georgian","/c/en/native","/c/en/biology","/c/en/immunohistochemistry"],"weight":0.20371999999999996},"num_concepts_raised":19276},{"base_id":822,"kind":"bot_words","i1":6,"i2":8,"sol":{"path":["/c/en/kartvelian","/c/en/laz","/c/en/language","/c/en/system","/c/en/disorganization"],"weight":0.20393999999999993},"num_concepts_raised":3744},{"base_id":822,"kind":"bot_words","i1":6,"i2":9,"sol":{"path":["/c/en/kartvelian","/c/en/georgian","/c/en/human","/c/en/homunculus"],"weight":0.2091299999999999},"num_concepts_raised":22895},{"base_id":822,"kind":"bot_words","i1":7,"i2":8,"sol":{"path":["/c/en/immunohistochemistry","/c/en/chemistry","/c/en/group","/c/en/organization","/c/en/disorganization"],"weight":0.20402999999999988},"num_concepts_raised":22303},{"base_id":822,"kind":"bot_words","i1":7,"i2":9,"sol":{"path":["/c/en/immunohistochemistry","/c/en/chemistry","/c/en/sperm","/c/en/homunculus"],"weight":0.21113999999999983},"num_concepts_raised":41183},{"base_id":822,"kind":"bot_words","i1":8,"i2":9,"sol":{"path":["/c/en/disorganization","/c/en/system","/c/en/man","/c/en/homunculus"],"weight":0.2083999999999998},"num_concepts_raised":25769}],[{"base_id":822,"kind":"top_words","i1":0,"i2":1,"sol":{"path":["/c/en/combing","/c/en/comb","/c/en/search","/c/en/scouring"],"weight":0.2048799999999998},"num_concepts_raised":7596},{"base_id":822,"kind":"top_words","i1":0,"i2":2,"sol":{"path":["/c/en/combing","/c/en/comb"],"weight":0.20600000000000002},"num_concepts_raised":632},{"base_id":822,"kind":"top_words","i1":0,"i2":3,"sol":{"path":["/c/en/combing","/c/en/hair","/c/en/nose","/c/en/sniffer"],"weight":0.20497999999999988},"num_concepts_raised":22909},{"base_id":822,"kind":"top_words","i1":0,"i2":4,"sol":{"path":["/c/en/combing","/c/en/comb","/c/it/setacciare","/c/en/sift","/c/en/sifting"],"weight":0.20477999999999985},"num_concepts_raised":5205},{"base_id":822,"kind":"top_words","i1":0,"i2":5,"sol":{"path":["/c/en/combing","/c/en/hair","/c/en/part","/c/en/wreckage"],"weight":0.20444999999999985},"num_concepts_raised":8466},{"base_id":822,"kind":"top_words","i1":0,"i2":6,"sol":{"path":["/c/en/combing","/c/en/comb","/c/en/search","/c/en/scour"],"weight":0.20703999999999942},"num_concepts_raised":36087},{"base_id":822,"kind":"top_words","i1":0,"i2":7,"sol":{"path":["/c/en/combing","/c/en/comb","/c/en/tooth","/c/en/film","/c/en/rescuers"],"weight":0.21032999999999968},"num_concepts_raised":7052},{"base_id":822,"kind":"top_words","i1":0,"i2":8,"sol":{"path":["/c/en/combing","/c/en/shell","/c/en/print","/c/en/neatly"],"weight":0.20323999999999978},"num_concepts_raised":8437},{"base_id":822,"kind":"top_words","i1":0,"i2":9,"sol":{"path":["/c/en/combing","/c/fi/haravointi","/c/en/searching"],"weight":0.202},"num_concepts_raised":111},{"base_id":822,"kind":"top_words","i1":1,"i2":2,"sol":{"path":["/c/en/scouring","/c/en/search","/c/en/comb"],"weight":0.203},"num_concepts_raised":655},{"base_id":822,"kind":"top_words","i1":1,"i2":3,"sol":{"path":["/c/en/scouring","/c/en/clean","/c/en/person","/c/en/sniffer"],"weight":0.20285999999999976},"num_concepts_raised":21409},{"base_id":822,"kind":"top_words","i1":1,"i2":4,"sol":{"path":["/c/en/scouring","/c/en/clean","/c/it/mondare","/c/en/winnow","/c/en/sifting"],"weight":0.20277999999999977},"num_concepts_raised":3592},{"base_id":822,"kind":"top_words","i1":1,"i2":5,"sol":{"path":["/c/en/scouring","/c/en/scour","/c/en/debris","/c/en/wreckage"],"weight":0.20474999999999977},"num_concepts_raised":6938},{"base_id":822,"kind":"top_words","i1":1,"i2":6,"sol":{"path":["/c/en/scouring","/c/en/scour"],"weight":0.202},"num_concepts_raised":225},{"base_id":822,"kind":"top_words","i1":1,"i2":7,"sol":{"path":["/c/en/scouring","/c/en/search","/c/en/film","/c/en/rescuers"],"weight":0.20829999999999957},"num_concepts_raised":5458},{"base_id":822,"kind":"top_words","i1":1,"i2":8,"sol":{"path":["/c/en/scouring","/c/en/clean","/c/en/tidy","/c/en/neatly"],"weight":0.2037999999999997},"num_concepts_raised":6723},{"base_id":822,"kind":"top_words","i1":1,"i2":9,"sol":{"path":["/c/en/scouring","/c/en/search","/c/en/searching"],"weight":0.20400000000000001},"num_concepts_raised":129},{"base_id":822,"kind":"top_words","i1":2,"i2":3,"sol":{"path":["/c/en/comb","/c/en/tool","/c/en/sniffer"],"weight":0.203},"num_concepts_raised":650},{"base_id":822,"kind":"top_words","i1":2,"i2":4,"sol":{"path":["/c/en/comb","/c/it/setacciare","/c/en/sift","/c/en/sifting"],"weight":0.21357999999999894},"num_concepts_raised":59095},{"base_id":822,"kind":"top_words","i1":2,"i2":5,"sol":{"path":["/c/en/comb","/c/en/hair","/c/en/part","/c/en/wreckage"],"weight":0.21479999999999896},"num_concepts_raised":61791},{"base_id":822,"kind":"top_words","i1":2,"i2":6,"sol":{"path":["/c/en/comb","/c/en/search","/c/en/scour"],"weight":0.203},"num_concepts_raised":806},{"base_id":822,"kind":"top_words","i1":2,"i2":7,"sol":{"path":["/c/en/comb","/c/en/tooth","/c/en/film","/c/en/rescuers"],"weight":0.22046999999999875},"num_concepts_raised":60790},{"base_id":822,"kind":"top_words","i1":2,"i2":8,"sol":{"path":["/c/en/comb","/c/en/search","/c/en/tosh","/c/en/neatly"],"weight":0.21434999999999887},"num_concepts_raised":61917},{"base_id":822,"kind":"top_words","i1":2,"i2":9,"sol":{"path":["/c/en/comb","/c/en/search","/c/en/searching"],"weight":0.20500000000000002},"num_concepts_raised":709},{"base_id":822,"kind":"top_words","i1":3,"i2":4,"sol":{"path":["/c/en/sniffer","/c/en/nose","/c/en/blow","/c/en/winnow","/c/en/sifting"],"weight":0.2038199999999998},"num_concepts_raised":19003},{"base_id":822,"kind":"top_words","i1":3,"i2":5,"sol":{"path":["/c/en/sniffer","/c/en/nose","/c/en/part","/c/en/wreckage"],"weight":0.20443999999999984},"num_concepts_raised":22160},{"base_id":822,"kind":"top_words","i1":3,"i2":6,"sol":{"path":["/c/en/sniffer","/c/en/person","/c/en/polish","/c/en/scour"],"weight":0.20608999999999938},"num_concepts_raised":49555},{"base_id":822,"kind":"top_words","i1":3,"i2":7,"sol":{"path":["/c/en/sniffer","/c/en/person","/c/en/rescuer","/c/en/rescuers"],"weight":0.2082399999999996},"num_concepts_raised":20792},{"base_id":822,"kind":"top_words","i1":3,"i2":8,"sol":{"path":["/c/en/sniffer","/c/en/person","/c/en/neat","/c/en/neatly"],"weight":0.20354999999999973},"num_concepts_raised":22079},{"base_id":822,"kind":"top_words","i1":3,"i2":9,"sol":{"path":["/c/en/sniffer","/c/en/person","/c/en/intelligent","/c/en/searching"],"weight":0.20455999999999963},"num_concepts_raised":29125},{"base_id":822,"kind":"top_words","i1":4,"i2":5,"sol":{"path":["/c/en/sifting","/c/en/sift","/c/en/bran","/c/en/rubble","/c/en/wreckage"],"weight":0.2033999999999998},"num_concepts_raised":4469},{"base_id":822,"kind":"top_words","i1":4,"i2":6,"sol":{"path":["/c/en/sifting","/c/en/winnow","/c/en/current","/c/en/scour"],"weight":0.20471999999999935},"num_concepts_raised":32332},{"base_id":822,"kind":"top_words","i1":4,"i2":7,"sol":{"path":["/c/en/sifting","/c/en/winnow","/c/en/separation","/c/en/film","/c/en/rescuers"],"weight":0.2081999999999996},"num_concepts_raised":2974},{"base_id":822,"kind":"top_words","i1":4,"i2":8,"sol":{"path":["/c/en/sifting","/c/en/sift","/c/en/carefully","/c/fr/soigneusement","/c/en/neatly"],"weight":0.20533999999999972},"num_concepts_raised":4394},{"base_id":822,"kind":"top_words","i1":4,"i2":9,"sol":{"path":["/c/en/sifting","/c/en/sift","/c/en/examine","/c/en/search","/c/en/searching"],"weight":0.20589999999999964},"num_concepts_raised":11625},{"base_id":822,"kind":"top_words","i1":5,"i2":6,"sol":{"path":["/c/en/wreckage","/c/en/debris","/c/en/scour"],"weight":0.203},"num_concepts_raised":251},{"base_id":822,"kind":"top_words","i1":5,"i2":7,"sol":{"path":["/c/en/wreckage","/c/en/debris","/c/en/dust","/c/en/film","/c/en/rescuers"],"weight":0.21015999999999962},"num_concepts_raised":6309},{"base_id":822,"kind":"top_words","i1":5,"i2":8,"sol":{"path":["/c/en/wreckage","/c/en/part","/c/th/คัด","/c/en/neatly"],"weight":0.20382999999999973},"num_concepts_raised":7701},{"base_id":822,"kind":"top_words","i1":5,"i2":9,"sol":{"path":["/c/en/wreckage","/c/en/part","/c/en/flash","/c/en/searching"],"weight":0.20403999999999964},"num_concepts_raised":14891},{"base_id":822,"kind":"top_words","i1":6,"i2":7,"sol":{"path":["/c/en/scour","/c/en/search","/c/en/film","/c/en/rescuers"],"weight":0.21041999999999916},"num_concepts_raised":34151},{"base_id":822,"kind":"top_words","i1":6,"i2":8,"sol":{"path":["/c/en/scour","/c/ru/чистить","/c/ru/чисто","/c/en/neatly"],"weight":0.20636999999999928},"num_concepts_raised":35283},{"base_id":822,"kind":"top_words","i1":6,"i2":9,"sol":{"path":["/c/en/scour","/c/en/search","/c/en/searching"],"weight":0.20400000000000001},"num_concepts_raised":285},{"base_id":822,"kind":"top_words","i1":7,"i2":8,"sol":{"path":["/c/en/rescuers","/c/en/film","/c/en/print","/c/en/neatly"],"weight":0.20877999999999952},"num_concepts_raised":6228},{"base_id":822,"kind":"top_words","i1":7,"i2":9,"sol":{"path":["/c/en/rescuers","/c/en/film","/c/en/search","/c/en/searching"],"weight":0.21140999999999943},"num_concepts_raised":13450},{"base_id":822,"kind":"top_words","i1":8,"i2":9,"sol":{"path":["/c/en/neatly","/c/en/tosh","/c/en/search","/c/en/searching"],"weight":0.20649999999999955},"num_concepts_raised":14767}]]