[[{"base_id":793,"kind":"bot_words","i1":0,"i2":1,"sol":{"path":["/c/en/spendthrift","/c/en/money","/c/en/jack","/c/en/cobble"],"weight":0.20518999999999954},"num_concepts_raised":13648},{"base_id":793,"kind":"bot_words","i1":0,"i2":2,"sol":{"path":["/c/en/spendthrift","/c/en/miser","/c/en/pejorative","/c/en/missionary"],"weight":0.21775999999999973},"num_concepts_raised":20066},{"base_id":793,"kind":"bot_words","i1":0,"i2":3,"sol":{"path":["/c/en/spendthrift","/c/en/money","/c/en/strike","/c/en/strikebreaker"],"weight":0.2095999999999998},"num_concepts_raised":11141},{"base_id":793,"kind":"bot_words","i1":0,"i2":4,"sol":{"path":["/c/en/spendthrift","/c/en/prodigal","/c/en/film","/c/en/cardinal","/c/en/ten_thousand","/c/en/10000"],"weight":0.2153806999999995},"num_concepts_raised":384640},{"base_id":793,"kind":"bot_words","i1":0,"i2":5,"sol":{"path":["/c/en/spendthrift","/c/en/money","/c/en/scratch","/c/en/cycling","/c/en/bmx"],"weight":0.20524999999999982},"num_concepts_raised":8194},{"base_id":793,"kind":"bot_words","i1":0,"i2":6,"sol":{"path":["/c/en/spendthrift","/c/en/prodigal","/c/en/television_episode","/c/en/moth","/c/en/coleophoridae"],"weight":0.2102999999999997},"num_concepts_raised":7885},{"base_id":793,"kind":"bot_words","i1":0,"i2":7,"sol":{"path":["/c/en/spendthrift","/c/en/money","/c/en/having_haircut","/c/en/conformity","/c/en/conformance"],"weight":0.20526999999999976},"num_concepts_raised":6280},{"base_id":793,"kind":"bot_words","i1":0,"i2":8,"sol":{"path":["/c/en/spendthrift","/c/zh/大頭","/c/en/person","/c/en/explorer"],"weight":0.2055899999999995},"num_concepts_raised":34788},{"base_id":793,"kind":"bot_words","i1":0,"i2":9,"sol":{"path":["/c/en/spendthrift","/c/en/money","/c/en/medium","/c/en/subsonic","/c/en/transonic"],"weight":0.20530999999999988},"num_concepts_raised":7176},{"base_id":793,"kind":"bot_words","i1":1,"i2":2,"sol":{"path":["/c/en/cobble","/c/en/cobblestone","/c/en/stone","/c/en/missile","/c/en/missionary"],"weight":0.22225999999999962},"num_concepts_raised":22933},{"base_id":793,"kind":"bot_words","i1":1,"i2":3,"sol":{"path":["/c/en/cobble","/c/en/geology","/c/en/strike","/c/en/strikebreaker"],"weight":0.20963999999999972},"num_concepts_raised":13978},{"base_id":793,"kind":"bot_words","i1":1,"i2":4,"sol":{"path":["/c/en/cobble","/c/fr/pavé","/c/fr/nombreux","/c/en/myriad","/c/en/ten_thousand","/c/en/10000"],"weight":0.2147126999999994},"num_concepts_raised":485729},{"base_id":793,"kind":"bot_words","i1":1,"i2":5,"sol":{"path":["/c/en/cobble","/c/en/cobblestone","/c/en/stone","/c/en/california","/c/en/bmx"],"weight":0.20951999999999973},"num_concepts_raised":11042},{"base_id":793,"kind":"bot_words","i1":1,"i2":6,"sol":{"path":["/c/en/cobble","/c/es/zapatero","/c/en/insects","/c/en/insect","/c/en/coleophoridae"],"weight":0.20898999999999962},"num_concepts_raised":10747},{"base_id":793,"kind":"bot_words","i1":1,"i2":7,"sol":{"path":["/c/en/cobble","/c/en/geology","/c/en/nonconformity","/c/en/conformity","/c/en/conformance"],"weight":0.2053399999999997},"num_concepts_raised":9149},{"base_id":793,"kind":"bot_words","i1":1,"i2":8,"sol":{"path":["/c/en/cobble","/c/en/pave","/c/en/travel","/c/en/explorer"],"weight":0.20580999999999944},"num_concepts_raised":37600},{"base_id":793,"kind":"bot_words","i1":1,"i2":9,"sol":{"path":["/c/en/cobble","/c/en/repair","/c/en/condition","/c/en/speed_of_sound","/c/en/transonic"],"weight":0.2053399999999998},"num_concepts_raised":10022},{"base_id":793,"kind":"bot_words","i1":2,"i2":3,"sol":{"path":["/c/en/missionary","/c/en/worker","/c/en/strikebreaker"],"weight":0.20800000000000002},"num_concepts_raised":251},{"base_id":793,"kind":"bot_words","i1":2,"i2":4,"sol":{"path":["/c/en/missionary","/c/fr/christianisme","/c/en/cardinal","/c/en/ten_thousand","/c/en/10000"],"weight":0.22073999999999977},"num_concepts_raised":14970},{"base_id":793,"kind":"bot_words","i1":2,"i2":5,"sol":{"path":["/c/en/missionary","/c/en/pejorative","/c/en/flatlander","/c/en/bmx"],"weight":0.2157199999999999},"num_concepts_raised":17512},{"base_id":793,"kind":"bot_words","i1":2,"i2":6,"sol":{"path":["/c/en/missionary","/c/en/worker","/c/en/insect","/c/en/coleophoridae"],"weight":0.22054999999999983},"num_concepts_raised":17223},{"base_id":793,"kind":"bot_words","i1":2,"i2":7,"sol":{"path":["/c/en/missionary","/c/en/religion","/c/ar/دين","/c/en/conformance"],"weight":0.21598999999999988},"num_concepts_raised":15593},{"base_id":793,"kind":"bot_words","i1":2,"i2":8,"sol":{"path":["/c/en/missionary","/c/en/missile","/c/en/navigator","/c/en/explorer"],"weight":0.21829999999999963},"num_concepts_raised":43607},{"base_id":793,"kind":"bot_words","i1":2,"i2":9,"sol":{"path":["/c/en/missionary","/c/en/position","/c/en/above","/c/en/transonic"],"weight":0.21572},"num_concepts_raised":16499},{"base_id":793,"kind":"bot_words","i1":3,"i2":4,"sol":{"path":["/c/en/strikebreaker","/c/en/strike","/c/en/baseball","/c/en/cardinal","/c/en/ten_thousand","/c/en/10000"],"weight":0.21672739999999946},"num_concepts_raised":443361},{"base_id":793,"kind":"bot_words","i1":3,"i2":5,"sol":{"path":["/c/en/strikebreaker","/c/it/crumiro","/c/en/pejorative","/c/en/flatlander","/c/en/bmx"],"weight":0.21258999999999997},"num_concepts_raised":8543},{"base_id":793,"kind":"bot_words","i1":3,"i2":6,"sol":{"path":["/c/en/strikebreaker","/c/en/worker","/c/en/insect","/c/en/coleophoridae"],"weight":0.21333999999999986},"num_concepts_raised":8252},{"base_id":793,"kind":"bot_words","i1":3,"i2":7,"sol":{"path":["/c/en/strikebreaker","/c/en/strike","/c/en/standard","/c/en/conformity","/c/en/conformance"],"weight":0.2097199999999999},"num_concepts_raised":6664},{"base_id":793,"kind":"bot_words","i1":3,"i2":8,"sol":{"path":["/c/en/strikebreaker","/c/en/worker","/c/en/scout","/c/en/explorer"],"weight":0.2102899999999997},"num_concepts_raised":34976},{"base_id":793,"kind":"bot_words","i1":3,"i2":9,"sol":{"path":["/c/en/strikebreaker","/c/en/scab","/c/en/over","/c/en/above","/c/en/transonic"],"weight":0.21075000000000005},"num_concepts_raised":7555},{"base_id":793,"kind":"bot_words","i1":4,"i2":5,"sol":{"path":["/c/en/10000","/c/en/ten_thousand","/c/en/cardinal","/c/en/ordinary","/c/en/bicycle","/c/en/bmx"],"weight":0.21316599999999963},"num_concepts_raised":264972},{"base_id":793,"kind":"bot_words","i1":4,"i2":6,"sol":{"path":["/c/en/10000","/c/en/ten_thousand","/c/en/cardinal","/c/en/six","/c/en/insect","/c/en/coleophoridae"],"weight":0.2147738999999994},"num_concepts_raised":113813},{"base_id":793,"kind":"bot_words","i1":4,"i2":7,"sol":{"path":["/c/en/10000","/c/en/ten_thousand","/c/zh/千秋萬歲","/c/en/live","/c/en/conformity","/c/en/conformance"],"weight":0.2128689999999997},"num_concepts_raised":110365},{"base_id":793,"kind":"bot_words","i1":4,"i2":8,"sol":{"path":["/c/en/10000","/c/en/ten_thousand","/c/egx/ḏbꜥ","/c/en/point","/c/en/explorer"],"weight":0.20955999999999958},"num_concepts_raised":29821},{"base_id":793,"kind":"bot_words","i1":4,"i2":9,"sol":{"path":["/c/en/10000","/c/en/ten_thousand","/c/en/cardinal_number","/c/en/frequency","/c/en/subsonic","/c/en/transonic"],"weight":0.2128283999999998},"num_concepts_raised":226124},{"base_id":793,"kind":"bot_words","i1":5,"i2":6,"sol":{"path":["/c/en/bmx","/c/en/cycling","/c/en/roller","/c/en/insect","/c/en/coleophoridae"],"weight":0.20901999999999993},"num_concepts_raised":5262},{"base_id":793,"kind":"bot_words","i1":5,"i2":7,"sol":{"path":["/c/en/bmx","/c/en/california","/c/en/concord","/c/de/übereinstimmung","/c/en/conformance"],"weight":0.20307999999999995},"num_concepts_raised":3663},{"base_id":793,"kind":"bot_words","i1":5,"i2":8,"sol":{"path":["/c/en/bmx","/c/en/bicycle","/c/en/travel","/c/en/explorer"],"weight":0.2057299999999997},"num_concepts_raised":32309},{"base_id":793,"kind":"bot_words","i1":5,"i2":9,"sol":{"path":["/c/en/bmx","/c/en/bicycle","/c/en/travel","/c/en/transonics","/c/en/transonic"],"weight":0.2051400000000001},"num_concepts_raised":4568},{"base_id":793,"kind":"bot_words","i1":6,"i2":7,"sol":{"path":["/c/en/coleophoridae","/c/en/insect","/c/en/fly","/c/en/line","/c/en/conformity","/c/en/conformance"],"weight":0.21262299999999956},"num_concepts_raised":207180},{"base_id":793,"kind":"bot_words","i1":6,"i2":8,"sol":{"path":["/c/en/coleophoridae","/c/en/insect","/c/en/worker","/c/en/scout","/c/en/explorer"],"weight":0.20964999999999961},"num_concepts_raised":32049},{"base_id":793,"kind":"bot_words","i1":6,"i2":9,"sol":{"path":["/c/en/coleophoridae","/c/en/insect","/c/en/fly","/c/en/above","/c/en/transonic"],"weight":0.20787},"num_concepts_raised":4265},{"base_id":793,"kind":"bot_words","i1":7,"i2":8,"sol":{"path":["/c/en/conformance","/c/fr/conformité","/c/fr/nouveau","/c/fr/explorateur","/c/en/explorer"],"weight":0.20806999999999964},"num_concepts_raised":30460},{"base_id":793,"kind":"bot_words","i1":7,"i2":9,"sol":{"path":["/c/en/conformance","/c/en/conform","/c/en/pressure","/c/en/subsonic","/c/en/transonic"],"weight":0.20523000000000002},"num_concepts_raised":2670},{"base_id":793,"kind":"bot_words","i1":8,"i2":9,"sol":{"path":["/c/en/explorer","/c/en/travel","/c/en/transonics","/c/en/transonic"],"weight":0.20555999999999977},"num_concepts_raised":31285}],[{"base_id":793,"kind":"top_words","i1":0,"i2":1,"sol":{"path":["/c/en/sow","/c/en/sowing"],"weight":0.20500000000000002},"num_concepts_raised":586},{"base_id":793,"kind":"top_words","i1":0,"i2":2,"sol":{"path":["/c/en/sow","/c/en/sown"],"weight":0.202},"num_concepts_raised":544},{"base_id":793,"kind":"top_words","i1":0,"i2":3,"sol":{"path":["/c/en/sow","/c/ar/آكل","/c/en/discord"],"weight":0.202},"num_concepts_raised":764},{"base_id":793,"kind":"top_words","i1":0,"i2":4,"sol":{"path":["/c/en/sow","/c/en/disperse","/c/en/fomentation","/c/en/foment"],"weight":0.2158699999999995},"num_concepts_raised":72088},{"base_id":793,"kind":"top_words","i1":0,"i2":5,"sol":{"path":["/c/en/sow","/c/zh/反間","/c/en/dissension"],"weight":0.202},"num_concepts_raised":560},{"base_id":793,"kind":"top_words","i1":0,"i2":6,"sol":{"path":["/c/en/sow","/c/en/seed","/c/en/egg","/c/en/incite"],"weight":0.21930999999999876},"num_concepts_raised":77772},{"base_id":793,"kind":"top_words","i1":0,"i2":7,"sol":{"path":["/c/en/sow","/c/la/sero","/c/en/excite","/c/en/inflame"],"weight":0.2150499999999992},"num_concepts_raised":75322},{"base_id":793,"kind":"top_words","i1":0,"i2":8,"sol":{"path":["/c/en/sow","/c/en/pig","/c/en/us","/c/en/ah"],"weight":0.21661999999999926},"num_concepts_raised":87301},{"base_id":793,"kind":"top_words","i1":0,"i2":9,"sol":{"path":["/c/en/sow","/c/en/inseminate","/c/en/change","/c/en/mutate"],"weight":0.21513999999999966},"num_concepts_raised":62628},{"base_id":793,"kind":"top_words","i1":1,"i2":2,"sol":{"path":["/c/en/sowing","/c/en/sow","/c/en/sown"],"weight":0.20500000000000002},"num_concepts_raised":132},{"base_id":793,"kind":"top_words","i1":1,"i2":3,"sol":{"path":["/c/en/sowing","/c/en/sow","/c/zh/搬弄","/c/en/discord"],"weight":0.21454999999999919},"num_concepts_raised":35353},{"base_id":793,"kind":"top_words","i1":1,"i2":4,"sol":{"path":["/c/en/sowing","/c/en/stitch","/c/en/medicine","/c/en/foment"],"weight":0.2093199999999994},"num_concepts_raised":18653},{"base_id":793,"kind":"top_words","i1":1,"i2":5,"sol":{"path":["/c/en/sowing","/c/en/sow","/c/zh/反間","/c/en/dissension"],"weight":0.21091999999999944},"num_concepts_raised":5688},{"base_id":793,"kind":"top_words","i1":1,"i2":6,"sol":{"path":["/c/en/sowing","/c/en/seed","/c/en/egg","/c/en/incite"],"weight":0.21309999999999868},"num_concepts_raised":25125},{"base_id":793,"kind":"top_words","i1":1,"i2":7,"sol":{"path":["/c/en/sowing","/c/en/sow","/c/en/slang","/c/en/fire","/c/en/inflame"],"weight":0.21294999999999908},"num_concepts_raised":22337},{"base_id":793,"kind":"top_words","i1":1,"i2":8,"sol":{"path":["/c/en/sowing","/c/en/stitch","/c/en/unit","/c/en/ah"],"weight":0.21017999999999917},"num_concepts_raised":36620},{"base_id":793,"kind":"top_words","i1":1,"i2":9,"sol":{"path":["/c/en/sowing","/c/en/sow","/c/en/inseminate","/c/en/change","/c/en/mutate"],"weight":0.21169999999999956},"num_concepts_raised":8958},{"base_id":793,"kind":"top_words","i1":2,"i2":3,"sol":{"path":["/c/en/sown","/c/en/sow","/c/zh/搬弄","/c/en/discord"],"weight":0.20677999999999946},"num_concepts_raised":34303},{"base_id":793,"kind":"top_words","i1":2,"i2":4,"sol":{"path":["/c/en/sown","/c/en/stitch","/c/en/medicine","/c/en/foment"],"weight":0.2036499999999996},"num_concepts_raised":17565},{"base_id":793,"kind":"top_words","i1":2,"i2":5,"sol":{"path":["/c/en/sown","/c/en/sow","/c/zh/反間","/c/en/dissension"],"weight":0.2031499999999997},"num_concepts_raised":4595},{"base_id":793,"kind":"top_words","i1":2,"i2":6,"sol":{"path":["/c/en/sown","/c/en/stitch","/c/en/move","/c/en/incite"],"weight":0.20733999999999891},"num_concepts_raised":24059},{"base_id":793,"kind":"top_words","i1":2,"i2":7,"sol":{"path":["/c/en/sown","/c/en/seed","/c/en/shell","/c/en/ignite","/c/en/inflame"],"weight":0.20640999999999932},"num_concepts_raised":21253},{"base_id":793,"kind":"top_words","i1":2,"i2":8,"sol":{"path":["/c/en/sown","/c/en/stitch","/c/en/unit","/c/en/ah"],"weight":0.2045499999999994},"num_concepts_raised":35563},{"base_id":793,"kind":"top_words","i1":2,"i2":9,"sol":{"path":["/c/en/sown","/c/en/planted","/c/en/action","/c/en/change","/c/en/mutate"],"weight":0.20498999999999978},"num_concepts_raised":7872},{"base_id":793,"kind":"top_words","i1":3,"i2":4,"sol":{"path":["/c/en/discord","/c/en/music","/c/en/medicine","/c/en/foment"],"weight":0.20768999999999938},"num_concepts_raised":45329},{"base_id":793,"kind":"top_words","i1":3,"i2":5,"sol":{"path":["/c/en/discord","/c/en/dissension"],"weight":0.20400000000000001},"num_concepts_raised":296},{"base_id":793,"kind":"top_words","i1":3,"i2":6,"sol":{"path":["/c/en/discord","/c/zh/搬弄","/c/en/instigate","/c/en/incite"],"weight":0.21286999999999862},"num_concepts_raised":51438},{"base_id":793,"kind":"top_words","i1":3,"i2":7,"sol":{"path":["/c/en/discord","/c/en/music","/c/en/flame","/c/en/inflame"],"weight":0.20991999999999905},"num_concepts_raised":48911},{"base_id":793,"kind":"top_words","i1":3,"i2":8,"sol":{"path":["/c/en/discord","/c/en/harmony","/c/en/fandom_slang","/c/en/ah"],"weight":0.20941999999999916},"num_concepts_raised":61922},{"base_id":793,"kind":"top_words","i1":3,"i2":9,"sol":{"path":["/c/en/discord","/c/en/harmonize","/c/en/change","/c/en/mutate"],"weight":0.20773999999999954},"num_concepts_raised":35784},{"base_id":793,"kind":"top_words","i1":4,"i2":5,"sol":{"path":["/c/en/foment","/c/en/fomentation","/c/en/application","/c/en/disagreement","/c/en/dissension"],"weight":0.20706999999999962},"num_concepts_raised":15910},{"base_id":793,"kind":"top_words","i1":4,"i2":6,"sol":{"path":["/c/en/foment","/c/en/incite"],"weight":0.202},"num_concepts_raised":421},{"base_id":793,"kind":"top_words","i1":4,"i2":7,"sol":{"path":["/c/en/foment","/c/fi/lietsoa","/c/en/inflame"],"weight":0.202},"num_concepts_raised":260},{"base_id":793,"kind":"top_words","i1":4,"i2":8,"sol":{"path":["/c/en/foment","/c/en/medicine","/c/en/a","/c/en/ah"],"weight":0.20533999999999933},"num_concepts_raised":46626},{"base_id":793,"kind":"top_words","i1":4,"i2":9,"sol":{"path":["/c/en/foment","/c/en/ferment","/c/en/change","/c/en/mutate"],"weight":0.2045199999999997},"num_concepts_raised":19094},{"base_id":793,"kind":"top_words","i1":5,"i2":6,"sol":{"path":["/c/en/dissension","/c/en/discord","/c/zh/搬弄","/c/en/instigate","/c/en/incite"],"weight":0.21063999999999888},"num_concepts_raised":22470},{"base_id":793,"kind":"top_words","i1":5,"i2":7,"sol":{"path":["/c/en/dissension","/c/en/discord","/c/en/person","/c/en/flame","/c/en/inflame"],"weight":0.20742999999999928},"num_concepts_raised":19621},{"base_id":793,"kind":"top_words","i1":5,"i2":8,"sol":{"path":["/c/en/dissension","/c/ja/不和","/c/en/trouble","/c/en/oh","/c/en/ah"],"weight":0.2065499999999994},"num_concepts_raised":33998},{"base_id":793,"kind":"top_words","i1":5,"i2":9,"sol":{"path":["/c/en/dissension","/c/en/discord","/c/en/person","/c/en/change","/c/en/mutate"],"weight":0.20539999999999975},"num_concepts_raised":6180},{"base_id":793,"kind":"top_words","i1":6,"i2":7,"sol":{"path":["/c/en/incite","/c/en/stir_up","/c/en/inflame"],"weight":0.203},"num_concepts_raised":520},{"base_id":793,"kind":"top_words","i1":6,"i2":8,"sol":{"path":["/c/en/incite","/c/en/move","/c/ru/о","/c/en/ah"],"weight":0.2088899999999986},"num_concepts_raised":52700},{"base_id":793,"kind":"top_words","i1":6,"i2":9,"sol":{"path":["/c/en/incite","/c/zh/調","/c/fr/muter","/c/en/mutate"],"weight":0.20964999999999898},"num_concepts_raised":25505},{"base_id":793,"kind":"top_words","i1":7,"i2":8,"sol":{"path":["/c/en/inflame","/c/en/in","/c/el/α","/c/en/ah"],"weight":0.207309999999999},"num_concepts_raised":49996},{"base_id":793,"kind":"top_words","i1":7,"i2":9,"sol":{"path":["/c/en/inflame","/c/en/heat","/c/en/change","/c/en/mutate"],"weight":0.2058799999999994},"num_concepts_raised":22771},{"base_id":793,"kind":"top_words","i1":8,"i2":9,"sol":{"path":["/c/en/ah","/c/en/charge","/c/en/change","/c/en/mutate"],"weight":0.20537999999999948},"num_concepts_raised":37071}]]