[[{"base_id":297,"kind":"bot_words","i1":0,"i2":1,"sol":{"path":["/c/en/gamay","/c/en/grape","/c/en/slang","/c/en/bike"],"weight":0.21496999999999955},"num_concepts_raised":41284},{"base_id":297,"kind":"bot_words","i1":0,"i2":2,"sol":{"path":["/c/en/gamay","/c/en/grape","/c/en/wine","/c/en/software","/c/en/ibooks"],"weight":0.21710999999999978},"num_concepts_raised":4193},{"base_id":297,"kind":"bot_words","i1":0,"i2":3,"sol":{"path":["/c/en/gamay","/c/en/grape","/c/en/water","/c/en/caisson"],"weight":0.2126999999999997},"num_concepts_raised":28649},{"base_id":297,"kind":"bot_words","i1":0,"i2":4,"sol":{"path":["/c/en/gamay","/c/en/grape","/c/en/picture","/c/en/frame"],"weight":0.22403999999999707},"num_concepts_raised":138157},{"base_id":297,"kind":"bot_words","i1":0,"i2":5,"sol":{"path":["/c/en/gamay","/c/en/grape","/c/en/black","/c/en/historical","/c/en/cacique"],"weight":0.21219999999999978},"num_concepts_raised":16842},{"base_id":297,"kind":"bot_words","i1":0,"i2":6,"sol":{"path":["/c/en/gamay","/c/en/grape","/c/en/food","/c/en/kheer"],"weight":0.2170499999999998},"num_concepts_raised":6376},{"base_id":297,"kind":"bot_words","i1":0,"i2":7,"sol":{"path":["/c/en/gamay","/c/en/grape","/c/en/green","/c/en/significant"],"weight":0.21653999999999893},"num_concepts_raised":31404},{"base_id":297,"kind":"bot_words","i1":0,"i2":8,"sol":{"path":["/c/en/gamay","/c/en/grape","/c/en/field","/c/en/bled"],"weight":0.21695999999999982},"num_concepts_raised":6570},{"base_id":297,"kind":"bot_words","i1":0,"i2":9,"sol":{"path":["/c/en/gamay","/c/en/red","/c/en/heat","/c/en/flatulence"],"weight":0.2101899999999997},"num_concepts_raised":17039},{"base_id":297,"kind":"bot_words","i1":1,"i2":2,"sol":{"path":["/c/en/bike","/c/en/grip","/c/en/software","/c/en/ibooks"],"weight":0.21060999999999958},"num_concepts_raised":40348},{"base_id":297,"kind":"bot_words","i1":1,"i2":3,"sol":{"path":["/c/en/bike","/c/en/bicycle","/c/en/vehicle","/c/en/caisson"],"weight":0.2118899999999994},"num_concepts_raised":62981},{"base_id":297,"kind":"bot_words","i1":1,"i2":4,"sol":{"path":["/c/en/bike","/c/en/slang","/c/en/frame"],"weight":0.202},"num_concepts_raised":1045},{"base_id":297,"kind":"bot_words","i1":1,"i2":5,"sol":{"path":["/c/en/bike","/c/en/ant","/c/en/ornithology","/c/en/cacique"],"weight":0.20670999999999956},"num_concepts_raised":52396},{"base_id":297,"kind":"bot_words","i1":1,"i2":6,"sol":{"path":["/c/en/bike","/c/en/ant","/c/en/food","/c/en/kheer"],"weight":0.21160999999999958},"num_concepts_raised":42429},{"base_id":297,"kind":"bot_words","i1":1,"i2":7,"sol":{"path":["/c/en/bike","/c/en/ant","/c/en/important","/c/en/significant"],"weight":0.21478999999999868},"num_concepts_raised":66449},{"base_id":297,"kind":"bot_words","i1":1,"i2":8,"sol":{"path":["/c/en/bike","/c/en/slang","/c/en/band","/c/en/bled"],"weight":0.2106699999999996},"num_concepts_raised":42578},{"base_id":297,"kind":"bot_words","i1":1,"i2":9,"sol":{"path":["/c/en/bike","/c/en/slang","/c/en/gas","/c/en/flatulence"],"weight":0.21056999999999948},"num_concepts_raised":52434},{"base_id":297,"kind":"bot_words","i1":2,"i2":3,"sol":{"path":["/c/en/ibooks","/c/en/software","/c/en/case","/c/it/cassone","/c/en/caisson"],"weight":0.2114999999999997},"num_concepts_raised":27731},{"base_id":297,"kind":"bot_words","i1":2,"i2":4,"sol":{"path":["/c/en/ibooks","/c/en/software","/c/en/framework","/c/en/frame"],"weight":0.2194699999999971},"num_concepts_raised":136818},{"base_id":297,"kind":"bot_words","i1":2,"i2":5,"sol":{"path":["/c/en/ibooks","/c/en/software","/c/en/computer","/c/en/historical","/c/en/cacique"],"weight":0.20792999999999978},"num_concepts_raised":15954},{"base_id":297,"kind":"bot_words","i1":2,"i2":6,"sol":{"path":["/c/en/ibooks","/c/en/software","/c/en/sugar","/c/en/rice_pudding","/c/en/kheer"],"weight":0.21279999999999982},"num_concepts_raised":5496},{"base_id":297,"kind":"bot_words","i1":2,"i2":7,"sol":{"path":["/c/en/ibooks","/c/en/software","/c/en/mate","/c/en/significant"],"weight":0.21229999999999893},"num_concepts_raised":30561},{"base_id":297,"kind":"bot_words","i1":2,"i2":8,"sol":{"path":["/c/en/ibooks","/c/en/software","/c/en/patch","/c/en/field","/c/en/bled"],"weight":0.21270999999999982},"num_concepts_raised":5661},{"base_id":297,"kind":"bot_words","i1":2,"i2":9,"sol":{"path":["/c/en/ibooks","/c/en/software","/c/en/steam","/c/en/gas","/c/en/flatulence"],"weight":0.2125599999999997},"num_concepts_raised":16162},{"base_id":297,"kind":"bot_words","i1":3,"i2":4,"sol":{"path":["/c/en/caisson","/c/en/engineering","/c/en/frame"],"weight":0.202},"num_concepts_raised":914},{"base_id":297,"kind":"bot_words","i1":3,"i2":5,"sol":{"path":["/c/en/caisson","/c/en/engineering","/c/en/leader","/c/en/cacique"],"weight":0.2035699999999997},"num_concepts_raised":39700},{"base_id":297,"kind":"bot_words","i1":3,"i2":6,"sol":{"path":["/c/en/caisson","/c/en/water","/c/en/food","/c/en/kheer"],"weight":0.20848999999999973},"num_concepts_raised":29873},{"base_id":297,"kind":"bot_words","i1":3,"i2":7,"sol":{"path":["/c/en/caisson","/c/en/water","/c/en/important","/c/en/significant"],"weight":0.21168999999999882},"num_concepts_raised":54023},{"base_id":297,"kind":"bot_words","i1":3,"i2":8,"sol":{"path":["/c/en/caisson","/c/en/architecture","/c/en/band","/c/en/bled"],"weight":0.20840999999999976},"num_concepts_raised":29913},{"base_id":297,"kind":"bot_words","i1":3,"i2":9,"sol":{"path":["/c/en/caisson","/c/en/tank","/c/en/gas","/c/en/flatulence"],"weight":0.2081399999999996},"num_concepts_raised":39908},{"base_id":297,"kind":"bot_words","i1":4,"i2":5,"sol":{"path":["/c/en/frame","/c/en/border","/c/en/political","/c/en/cacique"],"weight":0.2145699999999971},"num_concepts_raised":148354},{"base_id":297,"kind":"bot_words","i1":4,"i2":6,"sol":{"path":["/c/en/frame","/c/en/body","/c/en/food","/c/en/kheer"],"weight":0.21860999999999714},"num_concepts_raised":139210},{"base_id":297,"kind":"bot_words","i1":4,"i2":7,"sol":{"path":["/c/en/frame","/c/en/knowledge","/c/en/significant"],"weight":0.202},"num_concepts_raised":1206},{"base_id":297,"kind":"bot_words","i1":4,"i2":8,"sol":{"path":["/c/en/frame","/c/en/computing","/c/en/field","/c/en/bled"],"weight":0.21758999999999712},"num_concepts_raised":139071},{"base_id":297,"kind":"bot_words","i1":4,"i2":9,"sol":{"path":["/c/en/frame","/c/en/window","/c/en/wind","/c/en/flatulence"],"weight":0.217539999999997},"num_concepts_raised":148129},{"base_id":297,"kind":"bot_words","i1":5,"i2":6,"sol":{"path":["/c/en/cacique","/c/en/latin_america","/c/en/ecuador","/c/en/food","/c/en/kheer"],"weight":0.2079599999999998},"num_concepts_raised":18147},{"base_id":297,"kind":"bot_words","i1":5,"i2":7,"sol":{"path":["/c/en/cacique","/c/en/chief","/c/en/important","/c/en/significant"],"weight":0.2112599999999989},"num_concepts_raised":42799},{"base_id":297,"kind":"bot_words","i1":5,"i2":8,"sol":{"path":["/c/en/cacique","/c/en/ornithology","/c/en/band","/c/en/bled"],"weight":0.2078399999999998},"num_concepts_raised":18228},{"base_id":297,"kind":"bot_words","i1":5,"i2":9,"sol":{"path":["/c/en/cacique","/c/en/historical","/c/en/trap","/c/en/flatulence"],"weight":0.20503999999999967},"num_concepts_raised":28619},{"base_id":297,"kind":"bot_words","i1":6,"i2":7,"sol":{"path":["/c/en/kheer","/c/en/food","/c/en/good","/c/en/important","/c/en/significant"],"weight":0.21610999999999891},"num_concepts_raised":32692},{"base_id":297,"kind":"bot_words","i1":6,"i2":8,"sol":{"path":["/c/en/kheer","/c/en/food","/c/en/blood","/c/en/bleed","/c/en/bled"],"weight":0.21476999999999985},"num_concepts_raised":7861},{"base_id":297,"kind":"bot_words","i1":6,"i2":9,"sol":{"path":["/c/en/kheer","/c/en/food","/c/en/heat","/c/en/flatulence"],"weight":0.21004999999999974},"num_concepts_raised":18243},{"base_id":297,"kind":"bot_words","i1":7,"i2":8,"sol":{"path":["/c/en/significant","/c/en/large","/c/en/field","/c/en/bled"],"weight":0.21357999999999897},"num_concepts_raised":32772},{"base_id":297,"kind":"bot_words","i1":7,"i2":9,"sol":{"path":["/c/en/significant","/c/en/big","/c/en/gas","/c/en/flatulence"],"weight":0.21237999999999885},"num_concepts_raised":42785},{"base_id":297,"kind":"bot_words","i1":8,"i2":9,"sol":{"path":["/c/en/bled","/c/en/field","/c/en/wind","/c/en/flatulence"],"weight":0.21151999999999974},"num_concepts_raised":18447}],[{"base_id":297,"kind":"top_words","i1":0,"i2":1,"sol":{"path":["/c/en/bloc","/c/en/block","/c/en/human","/c/en/shiite"],"weight":0.20503999999999967},"num_concepts_raised":28059},{"base_id":297,"kind":"top_words","i1":0,"i2":2,"sol":{"path":["/c/en/bloc","/c/en/common","/c/en/water","/c/en/gush"],"weight":0.20591999999999927},"num_concepts_raised":29343},{"base_id":297,"kind":"top_words","i1":0,"i2":3,"sol":{"path":["/c/en/bloc","/c/en/block","/c/en/human","/c/en/kurdish"],"weight":0.20622999999999955},"num_concepts_raised":36489},{"base_id":297,"kind":"top_words","i1":0,"i2":4,"sol":{"path":["/c/en/bloc","/c/en/politician","/c/en/person","/c/en/sunni"],"weight":0.20567999999999975},"num_concepts_raised":27954},{"base_id":297,"kind":"top_words","i1":0,"i2":5,"sol":{"path":["/c/en/bloc","/c/en/politics","/c/en/disengagement"],"weight":0.202},"num_concepts_raised":167},{"base_id":297,"kind":"top_words","i1":0,"i2":6,"sol":{"path":["/c/en/bloc","/c/en/politics","/c/en/party","/c/en/parties"],"weight":0.20605999999999955},"num_concepts_raised":32955},{"base_id":297,"kind":"top_words","i1":0,"i2":7,"sol":{"path":["/c/en/bloc","/c/en/politics","/c/ar/فتح","/c/en/fatah"],"weight":0.21191999999999983},"num_concepts_raised":14299},{"base_id":297,"kind":"top_words","i1":0,"i2":8,"sol":{"path":["/c/en/bloc","/c/en/axis","/c/en/english","/c/en/arabic","/c/en/arabs"],"weight":0.2109099999999995},"num_concepts_raised":14052},{"base_id":297,"kind":"top_words","i1":0,"i2":9,"sol":{"path":["/c/en/bloc","/c/en/bloc_québécois","/c/en/political_party","/c/en/likud"],"weight":0.21345999999999965},"num_concepts_raised":12687},{"base_id":297,"kind":"top_words","i1":1,"i2":2,"sol":{"path":["/c/en/shiite","/c/en/person","/c/en/water","/c/en/gush"],"weight":0.20509999999999923},"num_concepts_raised":34036},{"base_id":297,"kind":"top_words","i1":1,"i2":3,"sol":{"path":["/c/en/shiite","/c/en/human","/c/en/kurdish"],"weight":0.202},"num_concepts_raised":171},{"base_id":297,"kind":"top_words","i1":1,"i2":4,"sol":{"path":["/c/en/shiite","/c/en/sunni"],"weight":0.202},"num_concepts_raised":167},{"base_id":297,"kind":"top_words","i1":1,"i2":5,"sol":{"path":["/c/en/shiite","/c/en/person","/c/en/agreement","/c/en/disengagement"],"weight":0.20356999999999956},"num_concepts_raised":48372},{"base_id":297,"kind":"top_words","i1":1,"i2":6,"sol":{"path":["/c/en/shiite","/c/en/person","/c/en/party","/c/en/parties"],"weight":0.20508999999999952},"num_concepts_raised":37822},{"base_id":297,"kind":"top_words","i1":1,"i2":7,"sol":{"path":["/c/en/shiite","/c/en/person","/c/en/party","/c/en/fatah"],"weight":0.2088699999999998},"num_concepts_raised":19139},{"base_id":297,"kind":"top_words","i1":1,"i2":8,"sol":{"path":["/c/en/shiite","/c/en/islam","/c/en/sayyid","/c/en/arabs"],"weight":0.20885999999999946},"num_concepts_raised":18679},{"base_id":297,"kind":"top_words","i1":1,"i2":9,"sol":{"path":["/c/en/shiite","/c/en/person","/c/en/rightist","/c/en/likud"],"weight":0.20840999999999965},"num_concepts_raised":17477},{"base_id":297,"kind":"top_words","i1":2,"i2":3,"sol":{"path":["/c/en/gush","/c/en/water","/c/en/person","/c/en/kurdish"],"weight":0.20624999999999913},"num_concepts_raised":42469},{"base_id":297,"kind":"top_words","i1":2,"i2":4,"sol":{"path":["/c/en/gush","/c/en/water","/c/en/person","/c/en/sunni"],"weight":0.20632999999999935},"num_concepts_raised":33967},{"base_id":297,"kind":"top_words","i1":2,"i2":5,"sol":{"path":["/c/en/gush","/c/en/flow","/c/en/influence","/c/en/disengagement"],"weight":0.20617999999999914},"num_concepts_raised":49460},{"base_id":297,"kind":"top_words","i1":2,"i2":6,"sol":{"path":["/c/en/gush","/c/en/rave","/c/en/party","/c/en/parties"],"weight":0.2063699999999991},"num_concepts_raised":39038},{"base_id":297,"kind":"top_words","i1":2,"i2":7,"sol":{"path":["/c/en/gush","/c/en/rave","/c/en/party","/c/en/fatah"],"weight":0.21017999999999937},"num_concepts_raised":20471},{"base_id":297,"kind":"top_words","i1":2,"i2":8,"sol":{"path":["/c/en/gush","/c/en/flow","/c/en/group","/c/en/ethnic_group","/c/en/arabs"],"weight":0.21147999999999906},"num_concepts_raised":20094},{"base_id":297,"kind":"top_words","i1":2,"i2":9,"sol":{"path":["/c/en/gush","/c/en/water","/c/en/bath","/c/en/political_party","/c/en/likud"],"weight":0.2120199999999992},"num_concepts_raised":18794},{"base_id":297,"kind":"top_words","i1":3,"i2":4,"sol":{"path":["/c/en/kurdish","/c/en/person","/c/en/sunni"],"weight":0.202},"num_concepts_raised":234},{"base_id":297,"kind":"top_words","i1":3,"i2":5,"sol":{"path":["/c/en/kurdish","/c/en/person","/c/en/agreement","/c/en/disengagement"],"weight":0.20472999999999944},"num_concepts_raised":56802},{"base_id":297,"kind":"top_words","i1":3,"i2":6,"sol":{"path":["/c/en/kurdish","/c/en/person","/c/en/party","/c/en/parties"],"weight":0.20623999999999942},"num_concepts_raised":46290},{"base_id":297,"kind":"top_words","i1":3,"i2":7,"sol":{"path":["/c/en/kurdish","/c/en/human","/c/en/party","/c/en/fatah"],"weight":0.21001999999999968},"num_concepts_raised":27611},{"base_id":297,"kind":"top_words","i1":3,"i2":8,"sol":{"path":["/c/en/kurdish","/c/en/kurd","/c/en/ethnic_group","/c/en/arabs"],"weight":0.21137999999999935},"num_concepts_raised":27090},{"base_id":297,"kind":"top_words","i1":3,"i2":9,"sol":{"path":["/c/en/kurdish","/c/en/person","/c/en/rightist","/c/en/likud"],"weight":0.20955999999999952},"num_concepts_raised":25943},{"base_id":297,"kind":"top_words","i1":4,"i2":5,"sol":{"path":["/c/en/sunni","/c/en/person","/c/en/agreement","/c/en/disengagement"],"weight":0.20479999999999965},"num_concepts_raised":48304},{"base_id":297,"kind":"top_words","i1":4,"i2":6,"sol":{"path":["/c/en/sunni","/c/en/person","/c/en/party","/c/en/parties"],"weight":0.2063099999999996},"num_concepts_raised":37729},{"base_id":297,"kind":"top_words","i1":4,"i2":7,"sol":{"path":["/c/en/sunni","/c/en/person","/c/en/party","/c/en/fatah"],"weight":0.2100899999999999},"num_concepts_raised":18989},{"base_id":297,"kind":"top_words","i1":4,"i2":8,"sol":{"path":["/c/en/sunni","/c/en/islam","/c/en/sayyid","/c/en/arabs"],"weight":0.21037999999999957},"num_concepts_raised":18589},{"base_id":297,"kind":"top_words","i1":4,"i2":9,"sol":{"path":["/c/en/sunni","/c/en/hamas","/c/en/political_party","/c/en/likud"],"weight":0.2116899999999997},"num_concepts_raised":17345},{"base_id":297,"kind":"top_words","i1":5,"i2":6,"sol":{"path":["/c/en/disengagement","/c/en/military","/c/en/party","/c/en/parties"],"weight":0.20507999999999943},"num_concepts_raised":53077},{"base_id":297,"kind":"top_words","i1":5,"i2":7,"sol":{"path":["/c/en/disengagement","/c/en/politics","/c/ar/فتح","/c/en/fatah"],"weight":0.2108999999999997},"num_concepts_raised":34779},{"base_id":297,"kind":"top_words","i1":5,"i2":8,"sol":{"path":["/c/en/disengagement","/c/en/medicine","/c/en/arabist","/c/en/arabic","/c/en/arabs"],"weight":0.20888999999999935},"num_concepts_raised":34608},{"base_id":297,"kind":"top_words","i1":5,"i2":9,"sol":{"path":["/c/en/disengagement","/c/en/politics","/c/en/rightist","/c/en/likud"],"weight":0.20838999999999952},"num_concepts_raised":33253},{"base_id":297,"kind":"top_words","i1":6,"i2":7,"sol":{"path":["/c/en/parties","/c/en/party","/c/en/fatah"],"weight":0.20500000000000002},"num_concepts_raised":139},{"base_id":297,"kind":"top_words","i1":6,"i2":8,"sol":{"path":["/c/en/parties","/c/en/party","/c/en/people","/c/en/ethnic_group","/c/en/arabs"],"weight":0.21037999999999935},"num_concepts_raised":24148},{"base_id":297,"kind":"top_words","i1":6,"i2":9,"sol":{"path":["/c/en/parties","/c/en/party","/c/en/political_party","/c/en/likud"],"weight":0.2119299999999995},"num_concepts_raised":22759},{"base_id":297,"kind":"top_words","i1":7,"i2":8,"sol":{"path":["/c/en/fatah","/c/en/palestine","/c/en/english_language","/c/en/arabs"],"weight":0.21408999999999961},"num_concepts_raised":4973},{"base_id":297,"kind":"top_words","i1":7,"i2":9,"sol":{"path":["/c/en/fatah","/c/en/political_party","/c/en/likud"],"weight":0.20700000000000002},"num_concepts_raised":108},{"base_id":297,"kind":"top_words","i1":8,"i2":9,"sol":{"path":["/c/en/arabs","/c/en/arabic","/c/en/israel","/c/en/likud"],"weight":0.21371999999999947},"num_concepts_raised":3222}]]