[[{"base_id":679,"kind":"bot_words","i1":0,"i2":1,"sol":{"path":["/c/en/behaviour","/c/en/manner","/c/en/description","/c/en/topography","/c/en/topographer"],"weight":0.21151999999999865},"num_concepts_raised":45570},{"base_id":679,"kind":"bot_words","i1":0,"i2":2,"sol":{"path":["/c/en/behaviour","/c/en/posturing","/c/en/bird","/c/en/peacock"],"weight":0.2147599999999989},"num_concepts_raised":53268},{"base_id":679,"kind":"bot_words","i1":0,"i2":3,"sol":{"path":["/c/en/behaviour","/c/en/act","/c/en/turn","/c/en/turnout"],"weight":0.2121299999999985},"num_concepts_raised":63565},{"base_id":679,"kind":"bot_words","i1":0,"i2":4,"sol":{"path":["/c/en/behaviour","/c/en/behavior","/c/en/biology","/c/en/osteocalcin"],"weight":0.2186799999999985},"num_concepts_raised":56660},{"base_id":679,"kind":"bot_words","i1":0,"i2":5,"sol":{"path":["/c/en/behaviour","/c/en/study","/c/en/chemistry","/c/en/isomer"],"weight":0.21235999999999777},"num_concepts_raised":70477},{"base_id":679,"kind":"bot_words","i1":0,"i2":6,"sol":{"path":["/c/en/behaviour","/c/en/good","/c/en/comfort","/c/en/comforting"],"weight":0.21162999999999843},"num_concepts_raised":47706},{"base_id":679,"kind":"bot_words","i1":0,"i2":7,"sol":{"path":["/c/en/behaviour","/c/en/flamboyant","/c/en/tree","/c/en/maté"],"weight":0.20891999999999858},"num_concepts_raised":50816},{"base_id":679,"kind":"bot_words","i1":0,"i2":8,"sol":{"path":["/c/en/behaviour","/c/en/behavior","/c/en/biology","/c/en/avicularium","/c/en/avicularia"],"weight":0.21854999999999847},"num_concepts_raised":45854},{"base_id":679,"kind":"bot_words","i1":0,"i2":9,"sol":{"path":["/c/en/behaviour","/c/en/effeminate","/c/en/fruit","/c/en/hazelnut"],"weight":0.2174399999999988},"num_concepts_raised":51752},{"base_id":679,"kind":"bot_words","i1":1,"i2":2,"sol":{"path":["/c/en/topographer","/c/en/topography","/c/en/shape","/c/sa/अर्जुन","/c/en/peacock"],"weight":0.2087300000000003},"num_concepts_raised":8399},{"base_id":679,"kind":"bot_words","i1":1,"i2":3,"sol":{"path":["/c/en/topographer","/c/en/topography","/c/en/description","/c/en/turn","/c/en/turnout"],"weight":0.2055399999999999},"num_concepts_raised":20144},{"base_id":679,"kind":"bot_words","i1":1,"i2":4,"sol":{"path":["/c/en/topographer","/c/en/topography","/c/en/surveying","/c/en/bone","/c/en/osteocalcin"],"weight":0.20900999999999997},"num_concepts_raised":11848},{"base_id":679,"kind":"bot_words","i1":1,"i2":5,"sol":{"path":["/c/en/topographer","/c/en/topography","/c/en/chinook","/c/en/physics","/c/en/isomer"],"weight":0.20703999999999917},"num_concepts_raised":25950},{"base_id":679,"kind":"bot_words","i1":1,"i2":6,"sol":{"path":["/c/en/topographer","/c/en/topography","/c/zh/地勢","/c/en/relief","/c/en/comfort","/c/en/comforting"],"weight":0.2126115999999998},"num_concepts_raised":236991},{"base_id":679,"kind":"bot_words","i1":1,"i2":7,"sol":{"path":["/c/en/topographer","/c/en/topography","/c/en/mountain","/c/en/tree","/c/en/maté"],"weight":0.20409},"num_concepts_raised":5901},{"base_id":679,"kind":"bot_words","i1":1,"i2":8,"sol":{"path":["/c/en/topographer","/c/en/topography","/c/en/shoulder","/c/en/soldier","/c/en/arachnid","/c/en/avicularia"],"weight":0.21190499999999984},"num_concepts_raised":47554},{"base_id":679,"kind":"bot_words","i1":1,"i2":9,"sol":{"path":["/c/en/topographer","/c/en/topography","/c/en/mountain","/c/en/tree","/c/en/hazelnut"],"weight":0.21260000000000023},"num_concepts_raised":6814},{"base_id":679,"kind":"bot_words","i1":2,"i2":3,"sol":{"path":["/c/en/peacock","/c/en/bird","/c/en/us","/c/en/turnout"],"weight":0.20937000000000017},"num_concepts_raised":27880},{"base_id":679,"kind":"bot_words","i1":2,"i2":4,"sol":{"path":["/c/en/peacock","/c/en/eyespot","/c/en/biology","/c/en/osteocalcin"],"weight":0.2127400000000002},"num_concepts_raised":19755},{"base_id":679,"kind":"bot_words","i1":2,"i2":5,"sol":{"path":["/c/en/peacock","/c/fr/paon","/c/vi/công","/c/en/physics","/c/en/isomer"],"weight":0.2143299999999994},"num_concepts_raised":33863},{"base_id":679,"kind":"bot_words","i1":2,"i2":6,"sol":{"path":["/c/en/peacock","/c/en/pea","/c/en/soup","/c/en/comforting"],"weight":0.2082700000000001},"num_concepts_raised":10700},{"base_id":679,"kind":"bot_words","i1":2,"i2":7,"sol":{"path":["/c/en/peacock","/c/en/bird","/c/en/tree","/c/en/maté"],"weight":0.20901000000000025},"num_concepts_raised":13773},{"base_id":679,"kind":"bot_words","i1":2,"i2":8,"sol":{"path":["/c/en/peacock","/c/ms/merak","/c/fr/zoologie","/c/en/arachnid","/c/en/avicularia"],"weight":0.2138800000000002},"num_concepts_raised":8675},{"base_id":679,"kind":"bot_words","i1":2,"i2":9,"sol":{"path":["/c/en/peacock","/c/en/bird","/c/en/tree","/c/en/hazelnut"],"weight":0.2175200000000005},"num_concepts_raised":14693},{"base_id":679,"kind":"bot_words","i1":3,"i2":4,"sol":{"path":["/c/en/turnout","/c/en/part","/c/en/bone","/c/en/osteocalcin"],"weight":0.2085199999999998},"num_concepts_raised":31400},{"base_id":679,"kind":"bot_words","i1":3,"i2":5,"sol":{"path":["/c/en/turnout","/c/en/rotation","/c/en/conformational_isomerism","/c/en/isomer"],"weight":0.206269999999999},"num_concepts_raised":45265},{"base_id":679,"kind":"bot_words","i1":3,"i2":6,"sol":{"path":["/c/en/turnout","/c/en/us","/c/en/comfortable","/c/en/comforting"],"weight":0.20387999999999967},"num_concepts_raised":22401},{"base_id":679,"kind":"bot_words","i1":3,"i2":7,"sol":{"path":["/c/en/turnout","/c/en/turn","/c/en/tea","/c/en/maté"],"weight":0.20464999999999983},"num_concepts_raised":25386},{"base_id":679,"kind":"bot_words","i1":3,"i2":8,"sol":{"path":["/c/en/turnout","/c/en/crowd","/c/en/large","/c/en/tarantula","/c/en/avicularia"],"weight":0.20841999999999977},"num_concepts_raised":20432},{"base_id":679,"kind":"bot_words","i1":3,"i2":9,"sol":{"path":["/c/en/turnout","/c/en/us","/c/en/nut","/c/en/hazelnut"],"weight":0.21433000000000002},"num_concepts_raised":26301},{"base_id":679,"kind":"bot_words","i1":4,"i2":5,"sol":{"path":["/c/en/osteocalcin","/c/en/protein","/c/en/alanine","/c/en/isomer"],"weight":0.21285999999999908},"num_concepts_raised":36738},{"base_id":679,"kind":"bot_words","i1":4,"i2":6,"sol":{"path":["/c/en/osteocalcin","/c/en/biology","/c/en/soup","/c/en/comforting"],"weight":0.20830999999999975},"num_concepts_raised":14175},{"base_id":679,"kind":"bot_words","i1":4,"i2":7,"sol":{"path":["/c/en/osteocalcin","/c/en/protein","/c/en/meat","/c/en/mate","/c/en/maté"],"weight":0.2103199999999999},"num_concepts_raised":17277},{"base_id":679,"kind":"bot_words","i1":4,"i2":8,"sol":{"path":["/c/en/osteocalcin","/c/en/biology","/c/en/avicularium","/c/en/avicularia"],"weight":0.21284999999999984},"num_concepts_raised":12121},{"base_id":679,"kind":"bot_words","i1":4,"i2":9,"sol":{"path":["/c/en/osteocalcin","/c/en/biology","/c/fr/noyau","/c/fr/noisette","/c/en/hazelnut"],"weight":0.2217500000000001},"num_concepts_raised":18179},{"base_id":679,"kind":"bot_words","i1":5,"i2":6,"sol":{"path":["/c/en/isomer","/c/en/physics","/c/en/physical","/c/en/comfort","/c/en/comforting"],"weight":0.20842999999999895},"num_concepts_raised":28270},{"base_id":679,"kind":"bot_words","i1":5,"i2":7,"sol":{"path":["/c/en/isomer","/c/en/chemistry","/c/en/tree","/c/en/maté"],"weight":0.2065599999999991},"num_concepts_raised":31339},{"base_id":679,"kind":"bot_words","i1":5,"i2":8,"sol":{"path":["/c/en/isomer","/c/en/chemistry","/c/en/meta","/c/en/arachnid","/c/en/avicularia"],"weight":0.21139999999999906},"num_concepts_raised":26237},{"base_id":679,"kind":"bot_words","i1":5,"i2":9,"sol":{"path":["/c/en/isomer","/c/en/chemistry","/c/en/tree","/c/en/hazelnut"],"weight":0.21506999999999932},"num_concepts_raised":32244},{"base_id":679,"kind":"bot_words","i1":6,"i2":7,"sol":{"path":["/c/en/comforting","/c/en/comfort","/c/en/you","/c/en/mate","/c/en/maté"],"weight":0.20563999999999977},"num_concepts_raised":8206},{"base_id":679,"kind":"bot_words","i1":6,"i2":8,"sol":{"path":["/c/en/comforting","/c/en/soup","/c/en/biology","/c/en/avicularium","/c/en/avicularia"],"weight":0.2081799999999997},"num_concepts_raised":3033},{"base_id":679,"kind":"bot_words","i1":6,"i2":9,"sol":{"path":["/c/en/comforting","/c/en/comfort","/c/en/sustain","/c/en/nut","/c/en/hazelnut"],"weight":0.21622999999999998},"num_concepts_raised":9120},{"base_id":679,"kind":"bot_words","i1":7,"i2":8,"sol":{"path":["/c/en/maté","/c/en/mate","/c/fr/zoologie","/c/en/arachnid","/c/en/avicularia"],"weight":0.2081599999999999},"num_concepts_raised":6180},{"base_id":679,"kind":"bot_words","i1":7,"i2":9,"sol":{"path":["/c/en/maté","/c/en/tree","/c/en/hazelnut"],"weight":0.20400000000000001},"num_concepts_raised":225},{"base_id":679,"kind":"bot_words","i1":8,"i2":9,"sol":{"path":["/c/en/avicularia","/c/en/arachnid","/c/en/spider","/c/en/cob","/c/en/hazelnut"],"weight":0.2184600000000001},"num_concepts_raised":7093}],[{"base_id":679,"kind":"top_words","i1":0,"i2":1,"sol":{"path":["/c/en/swap","/c/en/exchange","/c/en/exchanged"],"weight":0.20600000000000002},"num_concepts_raised":245},{"base_id":679,"kind":"top_words","i1":0,"i2":2,"sol":{"path":["/c/en/swap","/c/en/shift","/c/en/thermal_radiation","/c/en/frequencies"],"weight":0.2113999999999997},"num_concepts_raised":36510},{"base_id":679,"kind":"top_words","i1":0,"i2":3,"sol":{"path":["/c/en/swap","/c/en/change","/c/en/mutate"],"weight":0.20400000000000001},"num_concepts_raised":278},{"base_id":679,"kind":"top_words","i1":0,"i2":4,"sol":{"path":["/c/en/swap","/c/en/computing","/c/en/spin","/c/en/spun"],"weight":0.21386999999999962},"num_concepts_raised":39105},{"base_id":679,"kind":"top_words","i1":0,"i2":5,"sol":{"path":["/c/en/swap","/c/en/trade","/c/en/slang","/c/en/jostle"],"weight":0.21796999999999936},"num_concepts_raised":59299},{"base_id":679,"kind":"top_words","i1":0,"i2":6,"sol":{"path":["/c/en/swap","/c/en/finance","/c/en/unwind","/c/en/unwound"],"weight":0.21629999999999966},"num_concepts_raised":34900},{"base_id":679,"kind":"top_words","i1":0,"i2":7,"sol":{"path":["/c/en/swap","/c/en/exchange"],"weight":0.20800000000000002},"num_concepts_raised":1139},{"base_id":679,"kind":"top_words","i1":0,"i2":8,"sol":{"path":["/c/en/swap","/c/en/shift","/c/en/trick","/c/en/juggle"],"weight":0.21340999999999943},"num_concepts_raised":45741},{"base_id":679,"kind":"top_words","i1":0,"i2":9,"sol":{"path":["/c/en/swap","/c/fr/échanger","/c/en/share","/c/en/shares"],"weight":0.21811999999999968},"num_concepts_raised":35481},{"base_id":679,"kind":"top_words","i1":1,"i2":2,"sol":{"path":["/c/en/exchanged","/c/en/exchange","/c/en/rate","/c/en/frequency","/c/en/frequencies"],"weight":0.20479999999999984},"num_concepts_raised":6109},{"base_id":679,"kind":"top_words","i1":1,"i2":3,"sol":{"path":["/c/en/exchanged","/c/en/exchange","/c/la/muto","/c/en/mutate"],"weight":0.20571999999999985},"num_concepts_raised":6576},{"base_id":679,"kind":"top_words","i1":1,"i2":4,"sol":{"path":["/c/en/exchanged","/c/en/exchange","/c/en/action","/c/en/spin","/c/en/spun"],"weight":0.20618999999999982},"num_concepts_raised":8970},{"base_id":679,"kind":"top_words","i1":1,"i2":5,"sol":{"path":["/c/en/exchanged","/c/en/eye_sex","/c/en/slang","/c/en/jostle"],"weight":0.20468999999999954},"num_concepts_raised":31000},{"base_id":679,"kind":"top_words","i1":1,"i2":6,"sol":{"path":["/c/en/exchanged","/c/en/wedding_ring","/c/en/band","/c/en/unwound"],"weight":0.20769999999999983},"num_concepts_raised":4310},{"base_id":679,"kind":"top_words","i1":1,"i2":7,"sol":{"path":["/c/en/exchanged","/c/en/exchange"],"weight":0.20600000000000002},"num_concepts_raised":1062},{"base_id":679,"kind":"top_words","i1":1,"i2":8,"sol":{"path":["/c/en/exchanged","/c/en/wedding_ring","/c/en/ring","/c/en/juggle"],"weight":0.2045299999999996},"num_concepts_raised":16000},{"base_id":679,"kind":"top_words","i1":1,"i2":9,"sol":{"path":["/c/en/exchanged","/c/en/exchange","/c/en/stock","/c/en/shares"],"weight":0.20374999999999988},"num_concepts_raised":5011},{"base_id":679,"kind":"top_words","i1":2,"i2":3,"sol":{"path":["/c/en/frequencies","/c/en/frequency","/c/en/pitch","/c/en/change","/c/en/mutate"],"weight":0.20478999999999986},"num_concepts_raised":8713},{"base_id":679,"kind":"top_words","i1":2,"i2":4,"sol":{"path":["/c/en/frequencies","/c/en/frequency","/c/en/airplay","/c/en/spin","/c/en/spun"],"weight":0.20614999999999978},"num_concepts_raised":10830},{"base_id":679,"kind":"top_words","i1":2,"i2":5,"sol":{"path":["/c/en/frequencies","/c/en/sound","/c/en/slang","/c/en/jostle"],"weight":0.2047699999999995},"num_concepts_raised":32741},{"base_id":679,"kind":"top_words","i1":2,"i2":6,"sol":{"path":["/c/en/frequencies","/c/en/sideband","/c/en/band","/c/en/unwound"],"weight":0.20768999999999982},"num_concepts_raised":6171},{"base_id":679,"kind":"top_words","i1":2,"i2":7,"sol":{"path":["/c/en/frequencies","/c/en/frequency","/c/en/rate","/c/en/exchange"],"weight":0.2243099999999977},"num_concepts_raised":77744},{"base_id":679,"kind":"top_words","i1":2,"i2":8,"sol":{"path":["/c/en/frequencies","/c/en/sound","/c/en/ring","/c/en/juggle"],"weight":0.2045799999999996},"num_concepts_raised":17797},{"base_id":679,"kind":"top_words","i1":2,"i2":9,"sol":{"path":["/c/en/frequencies","/c/en/frequency","/c/en/distribution","/c/en/share","/c/en/shares"],"weight":0.20582999999999985},"num_concepts_raised":6963},{"base_id":679,"kind":"top_words","i1":3,"i2":4,"sol":{"path":["/c/en/mutate","/c/en/mutant","/c/en/computing","/c/en/spin","/c/en/spun"],"weight":0.2068899999999998},"num_concepts_raised":11564},{"base_id":679,"kind":"top_words","i1":3,"i2":5,"sol":{"path":["/c/en/mutate","/c/en/change","/c/en/shake","/c/en/jostle"],"weight":0.20570999999999953},"num_concepts_raised":33484},{"base_id":679,"kind":"top_words","i1":3,"i2":6,"sol":{"path":["/c/en/mutate","/c/la/muto","/c/en/move","/c/en/unwind","/c/en/unwound"],"weight":0.20952999999999983},"num_concepts_raised":6953},{"base_id":679,"kind":"top_words","i1":3,"i2":7,"sol":{"path":["/c/en/mutate","/c/en/change","/c/en/exchange"],"weight":0.20700000000000002},"num_concepts_raised":1094},{"base_id":679,"kind":"top_words","i1":3,"i2":8,"sol":{"path":["/c/en/mutate","/c/en/change","/c/en/think","/c/fr/jongler","/c/en/juggle"],"weight":0.20898999999999962},"num_concepts_raised":18575},{"base_id":679,"kind":"top_words","i1":3,"i2":9,"sol":{"path":["/c/en/mutate","/c/nl/mangelen","/c/en/share","/c/en/shares"],"weight":0.20542999999999983},"num_concepts_raised":7669},{"base_id":679,"kind":"top_words","i1":4,"i2":5,"sol":{"path":["/c/en/spun","/c/en/record","/c/en/make","/c/en/jostle"],"weight":0.2050399999999995},"num_concepts_raised":35458},{"base_id":679,"kind":"top_words","i1":4,"i2":6,"sol":{"path":["/c/en/spun","/c/en/spin","/c/en/play","/c/en/band","/c/en/unwound"],"weight":0.21014999999999978},"num_concepts_raised":9056},{"base_id":679,"kind":"top_words","i1":4,"i2":7,"sol":{"path":["/c/en/spun","/c/en/record","/c/en/transaction","/c/en/exchange"],"weight":0.22795999999999766},"num_concepts_raised":80203},{"base_id":679,"kind":"top_words","i1":4,"i2":8,"sol":{"path":["/c/en/spun","/c/en/mouse","/c/en/manipulate","/c/en/juggle"],"weight":0.20491999999999955},"num_concepts_raised":20571},{"base_id":679,"kind":"top_words","i1":4,"i2":9,"sol":{"path":["/c/en/spun","/c/en/staple","/c/ko/주식","/c/en/shares"],"weight":0.2029399999999998},"num_concepts_raised":9808},{"base_id":679,"kind":"top_words","i1":5,"i2":6,"sol":{"path":["/c/en/jostle","/c/en/slang","/c/en/band","/c/en/unwound"],"weight":0.20968999999999952},"num_concepts_raised":31020},{"base_id":679,"kind":"top_words","i1":5,"i2":7,"sol":{"path":["/c/en/jostle","/c/en/make","/c/en/change","/c/en/exchange"],"weight":0.23476999999999726},"num_concepts_raised":100069},{"base_id":679,"kind":"top_words","i1":5,"i2":8,"sol":{"path":["/c/en/jostle","/c/en/joggle","/c/en/juggling","/c/en/juggle"],"weight":0.2100499999999993},"num_concepts_raised":41940},{"base_id":679,"kind":"top_words","i1":5,"i2":9,"sol":{"path":["/c/en/jostle","/c/en/push","/c/en/action","/c/en/share","/c/en/shares"],"weight":0.2084299999999995},"num_concepts_raised":31811},{"base_id":679,"kind":"top_words","i1":6,"i2":7,"sol":{"path":["/c/en/unwound","/c/en/band","/c/en/money","/c/en/exchange"],"weight":0.23116999999999766},"num_concepts_raised":76151},{"base_id":679,"kind":"top_words","i1":6,"i2":8,"sol":{"path":["/c/en/unwound","/c/en/band","/c/en/ring","/c/en/juggle"],"weight":0.20958999999999958},"num_concepts_raised":16047},{"base_id":679,"kind":"top_words","i1":6,"i2":9,"sol":{"path":["/c/en/unwound","/c/en/run_down","/c/en/stock","/c/en/shares"],"weight":0.20764999999999983},"num_concepts_raised":5170},{"base_id":679,"kind":"top_words","i1":7,"i2":8,"sol":{"path":["/c/en/exchange","/c/en/switch","/c/en/throw","/c/en/juggle"],"weight":0.22826999999999745},"num_concepts_raised":86377},{"base_id":679,"kind":"top_words","i1":7,"i2":9,"sol":{"path":["/c/en/exchange","/c/en/stock","/c/en/shares"],"weight":0.20400000000000001},"num_concepts_raised":1060},{"base_id":679,"kind":"top_words","i1":8,"i2":9,"sol":{"path":["/c/en/juggle","/c/en/handle","/c/en/stock","/c/en/shares"],"weight":0.2045399999999996},"num_concepts_raised":16834}]]