[[{"base_id":887,"kind":"bot_words","i1":0,"i2":1,"sol":{"path":["/c/en/dramaturgy","/c/en/stage","/c/en/set","/c/en/meager"],"weight":0.21408999999999945},"num_concepts_raised":27031},{"base_id":887,"kind":"bot_words","i1":0,"i2":2,"sol":{"path":["/c/en/dramaturgy","/c/en/stage","/c/en/stead","/c/en/kindred"],"weight":0.21303999999999934},"num_concepts_raised":26445},{"base_id":887,"kind":"bot_words","i1":0,"i2":3,"sol":{"path":["/c/en/dramaturgy","/c/en/theater","/c/en/audience","/c/en/plant","/c/en/thujone"],"weight":0.21708999999999962},"num_concepts_raised":31720},{"base_id":887,"kind":"bot_words","i1":0,"i2":4,"sol":{"path":["/c/en/dramaturgy","/c/en/theater","/c/syc/ܡܫܟܢܐ","/c/en/tabernacle"],"weight":0.21809999999999952},"num_concepts_raised":40805},{"base_id":887,"kind":"bot_words","i1":0,"i2":5,"sol":{"path":["/c/en/dramaturgy","/c/en/theater","/c/en/audience","/c/en/plant","/c/en/lythraceae"],"weight":0.21746999999999966},"num_concepts_raised":21979},{"base_id":887,"kind":"bot_words","i1":0,"i2":6,"sol":{"path":["/c/en/dramaturgy","/c/en/stage","/c/en/music","/c/en/ghana","/c/en/ghanaian"],"weight":0.21311999999999975},"num_concepts_raised":14998},{"base_id":887,"kind":"bot_words","i1":0,"i2":7,"sol":{"path":["/c/en/dramaturgy","/c/en/stage","/c/en/space","/c/en/expanse"],"weight":0.21452999999999955},"num_concepts_raised":34022},{"base_id":887,"kind":"bot_words","i1":0,"i2":8,"sol":{"path":["/c/en/dramaturgy","/c/en/enter","/c/en/figure","/c/en/sulphide"],"weight":0.20970999999999962},"num_concepts_raised":37245},{"base_id":887,"kind":"bot_words","i1":0,"i2":9,"sol":{"path":["/c/en/dramaturgy","/c/en/stage","/c/en/music","/c/en/brutal","/c/en/brutally"],"weight":0.21304999999999974},"num_concepts_raised":15288},{"base_id":887,"kind":"bot_words","i1":1,"i2":2,"sol":{"path":["/c/en/meager","/c/en/set","/c/en/family","/c/en/kindred"],"weight":0.20678999999999925},"num_concepts_raised":24719},{"base_id":887,"kind":"bot_words","i1":1,"i2":3,"sol":{"path":["/c/en/meager","/c/en/thin","/c/en/plant","/c/en/thujone"],"weight":0.21059999999999954},"num_concepts_raised":29907},{"base_id":887,"kind":"bot_words","i1":1,"i2":4,"sol":{"path":["/c/en/meager","/c/en/meagerness","/c/en/us","/c/en/tabernacle"],"weight":0.21222999999999947},"num_concepts_raised":39411},{"base_id":887,"kind":"bot_words","i1":1,"i2":5,"sol":{"path":["/c/en/meager","/c/en/thin","/c/en/plant","/c/en/lythraceae"],"weight":0.21097999999999956},"num_concepts_raised":20166},{"base_id":887,"kind":"bot_words","i1":1,"i2":6,"sol":{"path":["/c/en/meager","/c/en/lean","/c/en/hip_hop","/c/en/hiplife","/c/en/ghanaian"],"weight":0.20690999999999965},"num_concepts_raised":13181},{"base_id":887,"kind":"bot_words","i1":1,"i2":7,"sol":{"path":["/c/en/meager","/c/en/set","/c/en/space","/c/en/expanse"],"weight":0.20781999999999945},"num_concepts_raised":32493},{"base_id":887,"kind":"bot_words","i1":1,"i2":8,"sol":{"path":["/c/en/meager","/c/en/mineralogy","/c/en/laurite","/c/en/sulphide"],"weight":0.2054399999999995},"num_concepts_raised":35420},{"base_id":887,"kind":"bot_words","i1":1,"i2":9,"sol":{"path":["/c/en/meager","/c/en/scarce","/c/en/hard","/c/en/brutal","/c/en/brutally"],"weight":0.20760999999999966},"num_concepts_raised":13459},{"base_id":887,"kind":"bot_words","i1":2,"i2":3,"sol":{"path":["/c/en/kindred","/c/en/kin","/c/en/like","/c/en/plant","/c/en/thujone"],"weight":0.21179999999999943},"num_concepts_raised":29154},{"base_id":887,"kind":"bot_words","i1":2,"i2":4,"sol":{"path":["/c/en/kindred","/c/cy/cenedl","/c/en/bible","/c/en/tabernacle"],"weight":0.21036999999999934},"num_concepts_raised":38785},{"base_id":887,"kind":"bot_words","i1":2,"i2":5,"sol":{"path":["/c/en/kindred","/c/en/family","/c/en/decaline","/c/en/lythraceae"],"weight":0.20988999999999947},"num_concepts_raised":19434},{"base_id":887,"kind":"bot_words","i1":2,"i2":6,"sol":{"path":["/c/en/kindred","/c/en/kin","/c/en/person","/c/en/ghanese","/c/en/ghanaian"],"weight":0.20675999999999956},"num_concepts_raised":12578},{"base_id":887,"kind":"bot_words","i1":2,"i2":7,"sol":{"path":["/c/en/kindred","/c/en/similar","/c/en/sea","/c/en/expanse"],"weight":0.20775999999999933},"num_concepts_raised":31947},{"base_id":887,"kind":"bot_words","i1":2,"i2":8,"sol":{"path":["/c/en/kindred","/c/en/related","/c/en/chemistry","/c/en/sulphide"],"weight":0.20579999999999937},"num_concepts_raised":34836},{"base_id":887,"kind":"bot_words","i1":2,"i2":9,"sol":{"path":["/c/en/kindred","/c/en/kind","/c/en/brutal","/c/en/brutally"],"weight":0.20549999999999952},"num_concepts_raised":12863},{"base_id":887,"kind":"bot_words","i1":3,"i2":4,"sol":{"path":["/c/en/thujone","/c/en/plant","/c/en/book","/c/en/tabernacle"],"weight":0.2141299999999996},"num_concepts_raised":44128},{"base_id":887,"kind":"bot_words","i1":3,"i2":5,"sol":{"path":["/c/en/thujone","/c/en/plant","/c/en/lythraceae"],"weight":0.20600000000000002},"num_concepts_raised":90},{"base_id":887,"kind":"bot_words","i1":3,"i2":6,"sol":{"path":["/c/en/thujone","/c/en/plant","/c/en/spice","/c/en/shito","/c/en/ghanaian"],"weight":0.2081099999999998},"num_concepts_raised":17638},{"base_id":887,"kind":"bot_words","i1":3,"i2":7,"sol":{"path":["/c/en/thujone","/c/en/plant","/c/en/grow","/c/en/expand","/c/en/expanse"],"weight":0.21134999999999962},"num_concepts_raised":37207},{"base_id":887,"kind":"bot_words","i1":3,"i2":8,"sol":{"path":["/c/en/thujone","/c/en/chemical_compound","/c/en/sulfide","/c/en/sulphide"],"weight":0.20932999999999968},"num_concepts_raised":39186},{"base_id":887,"kind":"bot_words","i1":3,"i2":9,"sol":{"path":["/c/en/thujone","/c/en/plant","/c/en/life","/c/en/brutal","/c/en/brutally"],"weight":0.2091199999999998},"num_concepts_raised":17930},{"base_id":887,"kind":"bot_words","i1":4,"i2":5,"sol":{"path":["/c/en/tabernacle","/c/en/book","/c/en/plant","/c/en/lythraceae"],"weight":0.21450999999999965},"num_concepts_raised":34409},{"base_id":887,"kind":"bot_words","i1":4,"i2":6,"sol":{"path":["/c/en/tabernacle","/c/en/synagogue","/c/en/person","/c/en/ghanese","/c/en/ghanaian"],"weight":0.21142999999999973},"num_concepts_raised":27540},{"base_id":887,"kind":"bot_words","i1":4,"i2":7,"sol":{"path":["/c/en/tabernacle","/c/en/place","/c/en/space","/c/en/expanse"],"weight":0.21188999999999955},"num_concepts_raised":45982},{"base_id":887,"kind":"bot_words","i1":4,"i2":8,"sol":{"path":["/c/en/tabernacle","/c/fr/tabernacle","/c/fr/marbre","/c/en/marble","/c/en/sulphide"],"weight":0.21336999999999956},"num_concepts_raised":49781},{"base_id":887,"kind":"bot_words","i1":4,"i2":9,"sol":{"path":["/c/en/tabernacle","/c/en/book","/c/en/beastly","/c/en/brutal","/c/en/brutally"],"weight":0.21030999999999972},"num_concepts_raised":27827},{"base_id":887,"kind":"bot_words","i1":5,"i2":6,"sol":{"path":["/c/en/lythraceae","/c/en/plant","/c/en/tomato","/c/en/shito","/c/en/ghanaian"],"weight":0.20848999999999984},"num_concepts_raised":7886},{"base_id":887,"kind":"bot_words","i1":5,"i2":7,"sol":{"path":["/c/en/lythraceae","/c/en/plant","/c/en/grow","/c/en/expand","/c/en/expanse"],"weight":0.21172999999999964},"num_concepts_raised":27470},{"base_id":887,"kind":"bot_words","i1":5,"i2":8,"sol":{"path":["/c/en/lythraceae","/c/en/plant","/c/en/tree","/c/en/chemistry","/c/en/sulphide"],"weight":0.2087399999999997},"num_concepts_raised":30282},{"base_id":887,"kind":"bot_words","i1":5,"i2":9,"sol":{"path":["/c/en/lythraceae","/c/en/plant","/c/en/life","/c/en/brutal","/c/en/brutally"],"weight":0.20949999999999985},"num_concepts_raised":8177},{"base_id":887,"kind":"bot_words","i1":6,"i2":7,"sol":{"path":["/c/en/ghanaian","/c/en/sub_saharan","/c/en/desert","/c/en/expanse"],"weight":0.20434999999999975},"num_concepts_raised":20566},{"base_id":887,"kind":"bot_words","i1":6,"i2":8,"sol":{"path":["/c/en/ghanaian","/c/en/ghana","/c/en/music","/c/en/figure","/c/en/sulphide"],"weight":0.2043599999999998},"num_concepts_raised":23270},{"base_id":887,"kind":"bot_words","i1":6,"i2":9,"sol":{"path":["/c/en/ghanaian","/c/en/ghana","/c/en/music","/c/en/brutal","/c/en/brutally"],"weight":0.20534999999999992},"num_concepts_raised":1093},{"base_id":887,"kind":"bot_words","i1":7,"i2":8,"sol":{"path":["/c/en/expanse","/c/en/expand","/c/en/balloon","/c/en/chemistry","/c/en/sulphide"],"weight":0.2066399999999996},"num_concepts_raised":42831},{"base_id":887,"kind":"bot_words","i1":7,"i2":9,"sol":{"path":["/c/en/expanse","/c/en/space","/c/en/music","/c/en/brutal","/c/en/brutally"],"weight":0.20672999999999975},"num_concepts_raised":20854},{"base_id":887,"kind":"bot_words","i1":8,"i2":9,"sol":{"path":["/c/en/sulphide","/c/en/figure","/c/en/music","/c/en/brutal","/c/en/brutally"],"weight":0.20428999999999978},"num_concepts_raised":23561}],[{"base_id":887,"kind":"top_words","i1":0,"i2":1,"sol":{"path":["/c/en/toot","/c/en/horn","/c/he/קרן","/c/en/biochemistry","/c/en/pah"],"weight":0.20560999999999977},"num_concepts_raised":47229},{"base_id":887,"kind":"top_words","i1":0,"i2":2,"sol":{"path":["/c/en/toot","/c/en/see","/c/en/primate"],"weight":0.20600000000000002},"num_concepts_raised":375},{"base_id":887,"kind":"top_words","i1":0,"i2":3,"sol":{"path":["/c/en/toot","/c/en/slang","/c/en/step","/c/en/gree"],"weight":0.20460999999999976},"num_concepts_raised":39167},{"base_id":887,"kind":"top_words","i1":0,"i2":4,"sol":{"path":["/c/en/toot","/c/en/sound","/c/en/octavate","/c/en/octal"],"weight":0.20489999999999986},"num_concepts_raised":41837},{"base_id":887,"kind":"top_words","i1":0,"i2":5,"sol":{"path":["/c/en/toot","/c/en/slang","/c/en/er","/c/en/uh"],"weight":0.20652999999999974},"num_concepts_raised":33946},{"base_id":887,"kind":"top_words","i1":0,"i2":6,"sol":{"path":["/c/en/toot","/c/en/australia","/c/en/island","/c/en/gozo"],"weight":0.20897999999999972},"num_concepts_raised":33303},{"base_id":887,"kind":"top_words","i1":0,"i2":7,"sol":{"path":["/c/en/toot","/c/en/horn","/c/en/bull","/c/en/samson"],"weight":0.21176999999999982},"num_concepts_raised":37268},{"base_id":887,"kind":"top_words","i1":0,"i2":8,"sol":{"path":["/c/en/toot","/c/en/sound","/c/en/city","/c/en/mau"],"weight":0.20971999999999974},"num_concepts_raised":42071},{"base_id":887,"kind":"top_words","i1":0,"i2":9,"sol":{"path":["/c/en/toot","/c/en/slang","/c/en/bacteria","/c/en/pilus"],"weight":0.2047399999999998},"num_concepts_raised":39872},{"base_id":887,"kind":"top_words","i1":1,"i2":2,"sol":{"path":["/c/en/pah","/c/en/biochemistry","/c/en/english_language","/c/en/monkey","/c/en/primate"],"weight":0.22119999999999929},"num_concepts_raised":57967},{"base_id":887,"kind":"top_words","i1":1,"i2":3,"sol":{"path":["/c/en/pah","/c/en/biochemistry","/c/en/lysis","/c/en/step","/c/en/gree"],"weight":0.20266999999999985},"num_concepts_raised":24187},{"base_id":887,"kind":"top_words","i1":1,"i2":4,"sol":{"path":["/c/en/pah","/c/en/biochemistry","/c/en/base","/c/en/octal"],"weight":0.20512999999999992},"num_concepts_raised":27483},{"base_id":887,"kind":"top_words","i1":1,"i2":5,"sol":{"path":["/c/en/pah","/c/en/outrage","/c/en/trouble","/c/en/uh"],"weight":0.2032299999999998},"num_concepts_raised":18605},{"base_id":887,"kind":"top_words","i1":1,"i2":6,"sol":{"path":["/c/en/pah","/c/en/pathology","/c/en/ait","/c/en/island","/c/en/gozo"],"weight":0.20817999999999978},"num_concepts_raised":17888},{"base_id":887,"kind":"top_words","i1":1,"i2":7,"sol":{"path":["/c/en/pah","/c/en/biochemistry","/c/en/nonsense","/c/en/bull","/c/en/samson"],"weight":0.2087999999999999},"num_concepts_raised":22020},{"base_id":887,"kind":"top_words","i1":1,"i2":8,"sol":{"path":["/c/en/pah","/c/en/biochemistry","/c/en/living","/c/en/city","/c/en/mau"],"weight":0.2077499999999998},"num_concepts_raised":27771},{"base_id":887,"kind":"top_words","i1":1,"i2":9,"sol":{"path":["/c/en/pah","/c/en/biochemistry","/c/en/protein","/c/en/pilus"],"weight":0.20271999999999984},"num_concepts_raised":23987},{"base_id":887,"kind":"top_words","i1":2,"i2":3,"sol":{"path":["/c/en/primate","/c/en/order","/c/en/degree","/c/en/gree"],"weight":0.21761999999999931},"num_concepts_raised":50025},{"base_id":887,"kind":"top_words","i1":2,"i2":4,"sol":{"path":["/c/en/primate","/c/en/nest","/c/en/computing","/c/en/octal"],"weight":0.21799999999999942},"num_concepts_raised":53414},{"base_id":887,"kind":"top_words","i1":2,"i2":5,"sol":{"path":["/c/en/primate","/c/en/human","/c/en/ah","/c/en/uh"],"weight":0.22176999999999927},"num_concepts_raised":44761},{"base_id":887,"kind":"top_words","i1":2,"i2":6,"sol":{"path":["/c/en/primate","/c/en/monkey","/c/en/book","/c/en/island","/c/en/gozo"],"weight":0.22682999999999925},"num_concepts_raised":44095},{"base_id":887,"kind":"top_words","i1":2,"i2":7,"sol":{"path":["/c/en/primate","/c/en/animal","/c/en/bull","/c/en/samson"],"weight":0.22321999999999936},"num_concepts_raised":47973},{"base_id":887,"kind":"top_words","i1":2,"i2":8,"sol":{"path":["/c/en/primate","/c/en/human","/c/en/city","/c/en/mau"],"weight":0.22626999999999925},"num_concepts_raised":53570},{"base_id":887,"kind":"top_words","i1":2,"i2":9,"sol":{"path":["/c/en/primate","/c/en/human","/c/en/hair","/c/en/pilus"],"weight":0.22132999999999933},"num_concepts_raised":50449},{"base_id":887,"kind":"top_words","i1":3,"i2":4,"sol":{"path":["/c/en/gree","/c/en/degree","/c/en/mathematics","/c/en/base","/c/en/octal"],"weight":0.20632999999999993},"num_concepts_raised":19730},{"base_id":887,"kind":"top_words","i1":3,"i2":5,"sol":{"path":["/c/en/gree","/c/en/degree","/c/en/more","/c/en/er","/c/en/uh"],"weight":0.20560999999999982},"num_concepts_raised":10919},{"base_id":887,"kind":"top_words","i1":3,"i2":6,"sol":{"path":["/c/en/gree","/c/en/pleasure","/c/es/gozo","/c/en/gozo"],"weight":0.2081699999999998},"num_concepts_raised":10192},{"base_id":887,"kind":"top_words","i1":3,"i2":7,"sol":{"path":["/c/en/gree","/c/en/degree","/c/en/strength","/c/en/samson"],"weight":0.2097899999999999},"num_concepts_raised":14277},{"base_id":887,"kind":"top_words","i1":3,"i2":8,"sol":{"path":["/c/en/gree","/c/en/degree","/c/en/scale","/c/en/computing","/c/en/mau"],"weight":0.20881999999999978},"num_concepts_raised":19991},{"base_id":887,"kind":"top_words","i1":3,"i2":9,"sol":{"path":["/c/en/gree","/c/en/degree","/c/la/gradus","/c/en/hair","/c/en/pilus"],"weight":0.20389999999999986},"num_concepts_raised":16868},{"base_id":887,"kind":"top_words","i1":4,"i2":5,"sol":{"path":["/c/en/octal","/c/en/base","/c/en/oh","/c/en/uh"],"weight":0.20584999999999992},"num_concepts_raised":14286},{"base_id":887,"kind":"top_words","i1":4,"i2":6,"sol":{"path":["/c/en/octal","/c/en/base","/c/en/statue","/c/en/island","/c/en/gozo"],"weight":0.21073999999999987},"num_concepts_raised":13588},{"base_id":887,"kind":"top_words","i1":4,"i2":7,"sol":{"path":["/c/en/octal","/c/en/base","/c/en/military","/c/en/bull","/c/en/samson"],"weight":0.21133},"num_concepts_raised":17683},{"base_id":887,"kind":"top_words","i1":4,"i2":8,"sol":{"path":["/c/en/octal","/c/en/computing","/c/en/mau"],"weight":0.20500000000000002},"num_concepts_raised":64},{"base_id":887,"kind":"top_words","i1":4,"i2":9,"sol":{"path":["/c/en/octal","/c/en/base","/c/en/biology","/c/ja/線毛","/c/en/pilus"],"weight":0.20625999999999994},"num_concepts_raised":20178},{"base_id":887,"kind":"top_words","i1":5,"i2":6,"sol":{"path":["/c/en/uh","/c/en/er","/c/en/ist","/c/en/island","/c/en/gozo"],"weight":0.21015999999999976},"num_concepts_raised":4674},{"base_id":887,"kind":"top_words","i1":5,"i2":7,"sol":{"path":["/c/en/uh","/c/en/um","/c/en/surname","/c/en/samson"],"weight":0.21052999999999988},"num_concepts_raised":8795},{"base_id":887,"kind":"top_words","i1":5,"i2":8,"sol":{"path":["/c/en/uh","/c/en/er","/c/en/and","/c/en/city","/c/en/mau"],"weight":0.2096599999999998},"num_concepts_raised":14558},{"base_id":887,"kind":"top_words","i1":5,"i2":9,"sol":{"path":["/c/en/uh","/c/en/er","/c/en/a","/c/en/bacteria","/c/en/pilus"],"weight":0.20475999999999983},"num_concepts_raised":11336},{"base_id":887,"kind":"top_words","i1":6,"i2":7,"sol":{"path":["/c/en/gozo","/c/en/island","/c/en/type","/c/en/old_testament","/c/en/samson"],"weight":0.21436999999999987},"num_concepts_raised":8071},{"base_id":887,"kind":"top_words","i1":6,"i2":8,"sol":{"path":["/c/en/gozo","/c/en/malta","/c/en/state","/c/en/city","/c/en/mau"],"weight":0.21334999999999976},"num_concepts_raised":13815},{"base_id":887,"kind":"top_words","i1":6,"i2":9,"sol":{"path":["/c/en/gozo","/c/en/island","/c/en/mass","/c/en/hair","/c/en/pilus"],"weight":0.20837999999999982},"num_concepts_raised":10608},{"base_id":887,"kind":"top_words","i1":7,"i2":8,"sol":{"path":["/c/en/samson","/c/en/bull","/c/en/uk","/c/en/city","/c/en/mau"],"weight":0.21391999999999986},"num_concepts_raised":17929},{"base_id":887,"kind":"top_words","i1":7,"i2":9,"sol":{"path":["/c/en/samson","/c/en/bull","/c/en/fuzz","/c/en/hair","/c/en/pilus"],"weight":0.2089899999999999},"num_concepts_raised":14732},{"base_id":887,"kind":"top_words","i1":8,"i2":9,"sol":{"path":["/c/en/mau","/c/en/city","/c/en/fringe","/c/en/fimbria","/c/en/pilus"],"weight":0.20885999999999982},"num_concepts_raised":20455}]]