[[{"base_id":638,"kind":"bot_words","i1":0,"i2":1,"sol":{"path":["/c/en/eugenic","/c/en/offspring","/c/en/chick","/c/en/ladies","/c/en/gents"],"weight":0.20492999999999995},"num_concepts_raised":7807},{"base_id":638,"kind":"bot_words","i1":0,"i2":2,"sol":{"path":["/c/en/eugenic","/c/en/offspring","/c/en/computing","/c/fr/pixel","/c/en/pixel"],"weight":0.20843999999999985},"num_concepts_raised":14280},{"base_id":638,"kind":"bot_words","i1":0,"i2":3,"sol":{"path":["/c/en/eugenic","/c/en/genetics","/c/en/genethics","/c/en/ethics","/c/en/communitarianism"],"weight":0.20797999999999983},"num_concepts_raised":3837},{"base_id":638,"kind":"bot_words","i1":0,"i2":4,"sol":{"path":["/c/en/eugenic","/c/en/eugenics","/c/en/biology","/c/en/abortive","/c/en/imperfectly"],"weight":0.20514999999999992},"num_concepts_raised":6541},{"base_id":638,"kind":"bot_words","i1":0,"i2":5,"sol":{"path":["/c/en/eugenic","/c/en/offspring","/c/en/computing","/c/pt/secretária","/c/en/secretary"],"weight":0.21871999999999978},"num_concepts_raised":44838},{"base_id":638,"kind":"bot_words","i1":0,"i2":6,"sol":{"path":["/c/en/eugenic","/c/en/offspring","/c/ar/خلف","/c/en/abaft"],"weight":0.20366999999999985},"num_concepts_raised":20703},{"base_id":638,"kind":"bot_words","i1":0,"i2":7,"sol":{"path":["/c/en/eugenic","/c/en/eugenics","/c/en/biology","/c/en/corona","/c/en/soccer_player","/c/en/dante"],"weight":0.2154429999999996},"num_concepts_raised":141929},{"base_id":638,"kind":"bot_words","i1":0,"i2":8,"sol":{"path":["/c/en/eugenic","/c/en/offspring","/c/en/rabbit","/c/en/mammal","/c/en/gelada"],"weight":0.20856999999999998},"num_concepts_raised":4831},{"base_id":638,"kind":"bot_words","i1":0,"i2":9,"sol":{"path":["/c/en/eugenic","/c/en/offspring","/c/en/get","/c/en/assume","/c/en/arrogate"],"weight":0.2048799999999999},"num_concepts_raised":12671},{"base_id":638,"kind":"bot_words","i1":1,"i2":2,"sol":{"path":["/c/en/gents","/c/en/use","/c/en/point","/c/en/pixel"],"weight":0.20668999999999982},"num_concepts_raised":16866},{"base_id":638,"kind":"bot_words","i1":1,"i2":3,"sol":{"path":["/c/en/gents","/c/en/men","/c/en/people","/c/en/community","/c/en/communitarianism"],"weight":0.2091099999999998},"num_concepts_raised":6539},{"base_id":638,"kind":"bot_words","i1":1,"i2":4,"sol":{"path":["/c/en/gents","/c/en/all","/c/en/completely","/c/en/imperfectly"],"weight":0.2029999999999999},"num_concepts_raised":9134},{"base_id":638,"kind":"bot_words","i1":1,"i2":5,"sol":{"path":["/c/en/gents","/c/en/ladies","/c/en/department","/c/en/secretary"],"weight":0.21666999999999975},"num_concepts_raised":47093},{"base_id":638,"kind":"bot_words","i1":1,"i2":6,"sol":{"path":["/c/en/gents","/c/en/crew","/c/en/nautical","/c/en/abaft"],"weight":0.2048299999999998},"num_concepts_raised":23168},{"base_id":638,"kind":"bot_words","i1":1,"i2":7,"sol":{"path":["/c/en/gents","/c/en/men","/c/en/fire","/c/en/inferno","/c/en/dante"],"weight":0.20936999999999972},"num_concepts_raised":5750},{"base_id":638,"kind":"bot_words","i1":1,"i2":8,"sol":{"path":["/c/en/gents","/c/en/crew","/c/en/slang","/c/pt/gelada","/c/en/gelada"],"weight":0.21044999999999997},"num_concepts_raised":7540},{"base_id":638,"kind":"bot_words","i1":1,"i2":9,"sol":{"path":["/c/en/gents","/c/en/use","/c/en/claim","/c/en/arrogate"],"weight":0.2049599999999999},"num_concepts_raised":15189},{"base_id":638,"kind":"bot_words","i1":2,"i2":3,"sol":{"path":["/c/en/pixel","/c/is/díll","/c/en/agreement","/c/en/community","/c/en/communitarianism"],"weight":0.2116299999999997},"num_concepts_raised":13043},{"base_id":638,"kind":"bot_words","i1":2,"i2":4,"sol":{"path":["/c/en/pixel","/c/en/resolution","/c/en/degree","/c/en/imperfectly"],"weight":0.2058499999999998},"num_concepts_raised":15612},{"base_id":638,"kind":"bot_words","i1":2,"i2":5,"sol":{"path":["/c/en/pixel","/c/en/computer","/c/en/desk","/c/en/secretary"],"weight":0.21967999999999965},"num_concepts_raised":53195},{"base_id":638,"kind":"bot_words","i1":2,"i2":6,"sol":{"path":["/c/en/pixel","/c/en/point","/c/en/nautical","/c/en/abaft"],"weight":0.20772999999999972},"num_concepts_raised":29446},{"base_id":638,"kind":"bot_words","i1":2,"i2":7,"sol":{"path":["/c/en/pixel","/c/en/computer","/c/en/software","/c/en/inferno","/c/en/dante"],"weight":0.21104999999999963},"num_concepts_raised":12254},{"base_id":638,"kind":"bot_words","i1":2,"i2":8,"sol":{"path":["/c/en/pixel","/c/is/díll","/c/en/slang","/c/pt/gelada","/c/en/gelada"],"weight":0.21426999999999988},"num_concepts_raised":14039},{"base_id":638,"kind":"bot_words","i1":2,"i2":9,"sol":{"path":["/c/en/pixel","/c/fr/pixel","/c/fr/définition","/c/fr/attribuer","/c/en/arrogate"],"weight":0.2087199999999998},"num_concepts_raised":21690},{"base_id":638,"kind":"bot_words","i1":3,"i2":4,"sol":{"path":["/c/en/communitarianism","/c/en/ethics","/c/en/wrong","/c/en/ill","/c/en/imperfectly"],"weight":0.20809999999999976},"num_concepts_raised":5275},{"base_id":638,"kind":"bot_words","i1":3,"i2":5,"sol":{"path":["/c/en/communitarianism","/c/en/community","/c/en/school","/c/en/desk","/c/en/secretary"],"weight":0.2219599999999996},"num_concepts_raised":43565},{"base_id":638,"kind":"bot_words","i1":3,"i2":6,"sol":{"path":["/c/en/communitarianism","/c/en/community","/c/en/attitude","/c/en/nautical","/c/en/abaft"],"weight":0.21002999999999966},"num_concepts_raised":19480},{"base_id":638,"kind":"bot_words","i1":3,"i2":7,"sol":{"path":["/c/en/communitarianism","/c/en/community","/c/en/communist","/c/en/politician","/c/en/dante_alighieri","/c/en/dante"],"weight":0.21598579999999934},"num_concepts_raised":187228},{"base_id":638,"kind":"bot_words","i1":3,"i2":8,"sol":{"path":["/c/en/communitarianism","/c/en/community","/c/en/people","/c/en/mammal","/c/en/gelada"],"weight":0.21362999999999982},"num_concepts_raised":3579},{"base_id":638,"kind":"bot_words","i1":3,"i2":9,"sol":{"path":["/c/en/communitarianism","/c/en/ethics","/c/en/right","/c/en/arrogate"],"weight":0.20886999999999978},"num_concepts_raised":11385},{"base_id":638,"kind":"bot_words","i1":4,"i2":5,"sol":{"path":["/c/en/imperfectly","/c/en/ill","/c/en/person","/c/en/secretary"],"weight":0.2147699999999997},"num_concepts_raised":46087},{"base_id":638,"kind":"bot_words","i1":4,"i2":6,"sol":{"path":["/c/en/imperfectly","/c/en/degree","/c/en/after","/c/en/abaft"],"weight":0.20516999999999977},"num_concepts_raised":22053},{"base_id":638,"kind":"bot_words","i1":4,"i2":7,"sol":{"path":["/c/en/imperfectly","/c/en/degree","/c/en/heat","/c/en/inferno","/c/en/dante"],"weight":0.20837999999999968},"num_concepts_raised":4474},{"base_id":638,"kind":"bot_words","i1":4,"i2":8,"sol":{"path":["/c/en/imperfectly","/c/en/ill","/c/en/slang","/c/pt/gelada","/c/en/gelada"],"weight":0.21069999999999992},"num_concepts_raised":6274},{"base_id":638,"kind":"bot_words","i1":4,"i2":9,"sol":{"path":["/c/en/imperfectly","/c/en/ill","/c/en/unjust","/c/en/arrogation","/c/en/arrogate"],"weight":0.20591999999999983},"num_concepts_raised":14039},{"base_id":638,"kind":"bot_words","i1":5,"i2":6,"sol":{"path":["/c/en/secretary","/c/en/desk","/c/en/object","/c/en/abaft"],"weight":0.21764999999999962},"num_concepts_raised":59365},{"base_id":638,"kind":"bot_words","i1":5,"i2":7,"sol":{"path":["/c/en/secretary","/c/en/desk","/c/en/writer","/c/en/dante_alighieri","/c/en/dante"],"weight":0.22244999999999954},"num_concepts_raised":42829},{"base_id":638,"kind":"bot_words","i1":5,"i2":8,"sol":{"path":["/c/en/secretary","/c/en/person","/c/en/mammal","/c/en/gelada"],"weight":0.22033999999999979},"num_concepts_raised":44554},{"base_id":638,"kind":"bot_words","i1":5,"i2":9,"sol":{"path":["/c/en/secretary","/c/en/office","/c/en/claim","/c/en/arrogate"],"weight":0.21574999999999972},"num_concepts_raised":51933},{"base_id":638,"kind":"bot_words","i1":6,"i2":7,"sol":{"path":["/c/en/abaft","/c/fr/marine","/c/en/hulk","/c/en/soccer_player","/c/en/dante"],"weight":0.21097999999999958},"num_concepts_raised":18687},{"base_id":638,"kind":"bot_words","i1":6,"i2":8,"sol":{"path":["/c/en/abaft","/c/en/a","/c/en/mammal","/c/en/gelada"],"weight":0.20929999999999982},"num_concepts_raised":20456},{"base_id":638,"kind":"bot_words","i1":6,"i2":9,"sol":{"path":["/c/en/abaft","/c/en/nautical","/c/en/lay","/c/en/arrogate"],"weight":0.20580999999999977},"num_concepts_raised":27956},{"base_id":638,"kind":"bot_words","i1":7,"i2":8,"sol":{"path":["/c/en/dante","/c/it/dante","/c/it/dare","/c/en/bear","/c/en/mammal","/c/en/gelada"],"weight":0.2199121999999993},"num_concepts_raised":202065},{"base_id":638,"kind":"bot_words","i1":7,"i2":9,"sol":{"path":["/c/en/dante","/c/it/dante","/c/it/dare","/c/en/bear","/c/en/assume","/c/en/arrogate"],"weight":0.21719499999999942},"num_concepts_raised":565574},{"base_id":638,"kind":"bot_words","i1":8,"i2":9,"sol":{"path":["/c/en/gelada","/c/pt/gelada","/c/en/slang","/c/la/arrogo","/c/en/arrogate"],"weight":0.21259999999999993},"num_concepts_raised":12412}],[{"base_id":638,"kind":"top_words","i1":0,"i2":1,"sol":{"path":["/c/en/brno","/c/en/czech_republic","/c/en/czech","/c/en/czechoslovak"],"weight":0.21240999999999982},"num_concepts_raised":114001},{"base_id":638,"kind":"top_words","i1":0,"i2":2,"sol":{"path":["/c/en/brno","/c/en/city","/c/en/ostrava"],"weight":0.20500000000000002},"num_concepts_raised":105},{"base_id":638,"kind":"top_words","i1":0,"i2":3,"sol":{"path":["/c/en/brno","/c/en/czech_republic","/c/en/olomouc"],"weight":0.20600000000000002},"num_concepts_raised":108},{"base_id":638,"kind":"top_words","i1":0,"i2":4,"sol":{"path":["/c/en/brno","/c/en/czech_republic","/c/en/czechoslovakia"],"weight":0.20800000000000002},"num_concepts_raised":209},{"base_id":638,"kind":"top_words","i1":0,"i2":5,"sol":{"path":["/c/en/brno","/c/en/city","/c/en/province","/c/en/circuit"],"weight":0.22340999999999844},"num_concepts_raised":204774},{"base_id":638,"kind":"top_words","i1":0,"i2":6,"sol":{"path":["/c/en/brno","/c/en/city","/c/ja/弥勒","/c/en/buddhism","/c/en/arhat"],"weight":0.2167599999999998},"num_concepts_raised":116414},{"base_id":638,"kind":"top_words","i1":0,"i2":7,"sol":{"path":["/c/en/brno","/c/en/city","/c/en/center","/c/en/ptc"],"weight":0.21080999999999983},"num_concepts_raised":142446},{"base_id":638,"kind":"top_words","i1":0,"i2":8,"sol":{"path":["/c/en/brno","/c/en/czech_republic","/c/en/bohemia","/c/en/sudetenland"],"weight":0.21900000000000003},"num_concepts_raised":114390},{"base_id":638,"kind":"top_words","i1":0,"i2":9,"sol":{"path":["/c/en/brno","/c/en/city","/c/en/market","/c/en/food","/c/en/poutine"],"weight":0.21611999999999976},"num_concepts_raised":121377},{"base_id":638,"kind":"top_words","i1":1,"i2":2,"sol":{"path":["/c/en/czechoslovak","/c/en/czech","/c/en/czech_republic","/c/en/ostrava"],"weight":0.20426999999999987},"num_concepts_raised":4397},{"base_id":638,"kind":"top_words","i1":1,"i2":3,"sol":{"path":["/c/en/czechoslovak","/c/en/czech","/c/en/czech_republic","/c/en/olomouc"],"weight":0.20551999999999992},"num_concepts_raised":2439},{"base_id":638,"kind":"top_words","i1":1,"i2":4,"sol":{"path":["/c/en/czechoslovak","/c/en/czechoslovakia"],"weight":0.20400000000000001},"num_concepts_raised":163},{"base_id":638,"kind":"top_words","i1":1,"i2":5,"sol":{"path":["/c/en/czechoslovak","/c/en/czechoslovakia","/c/en/country","/c/en/circuit"],"weight":0.21362999999999852},"num_concepts_raised":93868},{"base_id":638,"kind":"top_words","i1":1,"i2":6,"sol":{"path":["/c/en/czechoslovak","/c/pt/checoslovaco","/c/en/historical","/c/en/spiritual","/c/en/arhat"],"weight":0.20891999999999983},"num_concepts_raised":4557},{"base_id":638,"kind":"top_words","i1":1,"i2":7,"sol":{"path":["/c/en/czechoslovak","/c/en/czechoslovakian","/c/en/person","/c/en/education","/c/en/ptc"],"weight":0.20521999999999985},"num_concepts_raised":30743},{"base_id":638,"kind":"top_words","i1":1,"i2":8,"sol":{"path":["/c/en/czechoslovak","/c/en/czechoslovakia","/c/en/bohemia","/c/en/sudetenland"],"weight":0.21125000000000008},"num_concepts_raised":2580},{"base_id":638,"kind":"top_words","i1":1,"i2":9,"sol":{"path":["/c/en/czechoslovak","/c/en/european","/c/en/edible_dormouse","/c/en/food","/c/en/poutine"],"weight":0.2083199999999998},"num_concepts_raised":9773},{"base_id":638,"kind":"top_words","i1":2,"i2":3,"sol":{"path":["/c/en/ostrava","/c/en/czech_republic","/c/en/olomouc"],"weight":0.203},"num_concepts_raised":51},{"base_id":638,"kind":"top_words","i1":2,"i2":4,"sol":{"path":["/c/en/ostrava","/c/en/czech_republic","/c/en/czechoslovakia"],"weight":0.20500000000000002},"num_concepts_raised":152},{"base_id":638,"kind":"top_words","i1":2,"i2":5,"sol":{"path":["/c/en/ostrava","/c/en/city","/c/en/province","/c/en/circuit"],"weight":0.2152599999999985},"num_concepts_raised":95426},{"base_id":638,"kind":"top_words","i1":2,"i2":6,"sol":{"path":["/c/en/ostrava","/c/en/city","/c/ja/弥勒","/c/en/buddhism","/c/en/arhat"],"weight":0.20860999999999985},"num_concepts_raised":6809},{"base_id":638,"kind":"top_words","i1":2,"i2":7,"sol":{"path":["/c/en/ostrava","/c/en/city","/c/en/center","/c/en/ptc"],"weight":0.20265999999999984},"num_concepts_raised":32873},{"base_id":638,"kind":"top_words","i1":2,"i2":8,"sol":{"path":["/c/en/ostrava","/c/en/czech_republic","/c/en/bohemia","/c/en/sudetenland"],"weight":0.21084000000000008},"num_concepts_raised":4791},{"base_id":638,"kind":"top_words","i1":2,"i2":9,"sol":{"path":["/c/en/ostrava","/c/en/city","/c/en/market","/c/en/food","/c/en/poutine"],"weight":0.2079599999999998},"num_concepts_raised":11911},{"base_id":638,"kind":"top_words","i1":3,"i2":4,"sol":{"path":["/c/en/olomouc","/c/en/czech_republic","/c/en/czechoslovakia"],"weight":0.20600000000000002},"num_concepts_raised":154},{"base_id":638,"kind":"top_words","i1":3,"i2":5,"sol":{"path":["/c/en/olomouc","/c/en/district","/c/en/circuit"],"weight":0.20400000000000001},"num_concepts_raised":489},{"base_id":638,"kind":"top_words","i1":3,"i2":6,"sol":{"path":["/c/en/olomouc","/c/en/district","/c/sa/विजय","/c/sa/अर्हत्","/c/en/arhat"],"weight":0.21064999999999987},"num_concepts_raised":4843},{"base_id":638,"kind":"top_words","i1":3,"i2":7,"sol":{"path":["/c/en/olomouc","/c/en/czech_republic","/c/en/cr","/c/en/medicine","/c/en/ptc"],"weight":0.2038899999999999},"num_concepts_raised":31012},{"base_id":638,"kind":"top_words","i1":3,"i2":8,"sol":{"path":["/c/en/olomouc","/c/en/czech_republic","/c/en/bohemia","/c/en/sudetenland"],"weight":0.21210000000000012},"num_concepts_raised":2747},{"base_id":638,"kind":"top_words","i1":3,"i2":9,"sol":{"path":["/c/en/olomouc","/c/en/olomouc_cheese","/c/en/cheese","/c/en/poutine"],"weight":0.20900999999999986},"num_concepts_raised":10055},{"base_id":638,"kind":"top_words","i1":4,"i2":5,"sol":{"path":["/c/en/czechoslovakia","/c/en/country","/c/en/circuit"],"weight":0.20700000000000002},"num_concepts_raised":589},{"base_id":638,"kind":"top_words","i1":4,"i2":6,"sol":{"path":["/c/en/czechoslovakia","/c/en/historical","/c/en/spiritual","/c/en/arhat"],"weight":0.21649000000000018},"num_concepts_raised":16280},{"base_id":638,"kind":"top_words","i1":4,"i2":7,"sol":{"path":["/c/en/czechoslovakia","/c/en/central","/c/en/center","/c/en/ptc"],"weight":0.21041000000000018},"num_concepts_raised":42103},{"base_id":638,"kind":"top_words","i1":4,"i2":8,"sol":{"path":["/c/en/czechoslovakia","/c/en/bohemia","/c/en/sudetenland"],"weight":0.20800000000000002},"num_concepts_raised":190},{"base_id":638,"kind":"top_words","i1":4,"i2":9,"sol":{"path":["/c/en/czechoslovakia","/c/en/country","/c/en/canada","/c/en/poutine"],"weight":0.21777000000000013},"num_concepts_raised":21360},{"base_id":638,"kind":"top_words","i1":5,"i2":6,"sol":{"path":["/c/en/circuit","/c/en/revolution","/c/en/evolution","/c/en/arhat"],"weight":0.21886999999999848},"num_concepts_raised":96023},{"base_id":638,"kind":"top_words","i1":5,"i2":7,"sol":{"path":["/c/en/circuit","/c/en/bridge","/c/en/chemistry","/c/en/ptc"],"weight":0.21519999999999848},"num_concepts_raised":120135},{"base_id":638,"kind":"top_words","i1":5,"i2":8,"sol":{"path":["/c/en/circuit","/c/en/province","/c/en/region","/c/en/sudetenland"],"weight":0.2214199999999987},"num_concepts_raised":93745},{"base_id":638,"kind":"top_words","i1":5,"i2":9,"sol":{"path":["/c/en/circuit","/c/en/circuitry","/c/en/cheese","/c/en/poutine"],"weight":0.22010999999999845},"num_concepts_raised":100645},{"base_id":638,"kind":"top_words","i1":6,"i2":7,"sol":{"path":["/c/en/arhat","/c/en/buddhist","/c/en/teacher","/c/en/ptc"],"weight":0.20841999999999983},"num_concepts_raised":33045},{"base_id":638,"kind":"top_words","i1":6,"i2":8,"sol":{"path":["/c/en/arhat","/c/sa/अर्हत्","/c/en/rank","/c/en/region","/c/en/sudetenland"],"weight":0.21659000000000006},"num_concepts_raised":4969},{"base_id":638,"kind":"top_words","i1":6,"i2":9,"sol":{"path":["/c/en/arhat","/c/en/buddhism","/c/en/katsu","/c/en/food","/c/en/poutine"],"weight":0.21380999999999978},"num_concepts_raised":12133},{"base_id":638,"kind":"top_words","i1":7,"i2":8,"sol":{"path":["/c/en/ptc","/c/en/center","/c/en/central_europe","/c/en/sudeten","/c/en/sudetenland"],"weight":0.21074000000000004},"num_concepts_raised":31134},{"base_id":638,"kind":"top_words","i1":7,"i2":9,"sol":{"path":["/c/en/ptc","/c/en/principal","/c/en/canada","/c/en/poutine"],"weight":0.20775999999999978},"num_concepts_raised":38168},{"base_id":638,"kind":"top_words","i1":8,"i2":9,"sol":{"path":["/c/en/sudetenland","/c/en/bohemia","/c/en/home","/c/en/food","/c/en/poutine"],"weight":0.21602000000000002},"num_concepts_raised":10176}]]