[[{"base_id":927,"kind":"bot_words","i1":0,"i2":1,"sol":{"path":["/c/en/decatur","/c/en/county_seat","/c/en/liberty","/c/en/famous","/c/en/famously"],"weight":0.20299999999999993},"num_concepts_raised":6608},{"base_id":927,"kind":"bot_words","i1":0,"i2":2,"sol":{"path":["/c/en/decatur","/c/en/newton_county","/c/en/jasper","/c/en/uk","/c/en/galvanise"],"weight":0.20397999999999994},"num_concepts_raised":23247},{"base_id":927,"kind":"bot_words","i1":0,"i2":3,"sol":{"path":["/c/en/decatur","/c/en/united_states","/c/en/state","/c/en/death","/c/en/suicide"],"weight":0.2200099999999992},"num_concepts_raised":30267},{"base_id":927,"kind":"bot_words","i1":0,"i2":4,"sol":{"path":["/c/en/decatur","/c/en/united_states","/c/en/atlas","/c/en/detailed"],"weight":0.20560999999999974},"num_concepts_raised":14337},{"base_id":927,"kind":"bot_words","i1":0,"i2":5,"sol":{"path":["/c/en/decatur","/c/en/united_states","/c/en/us","/c/en/verse"],"weight":0.21091999999999833},"num_concepts_raised":84196},{"base_id":927,"kind":"bot_words","i1":0,"i2":6,"sol":{"path":["/c/en/decatur","/c/en/united_states","/c/en/breakdown","/c/en/bilirubin"],"weight":0.20954999999999996},"num_concepts_raised":13441},{"base_id":927,"kind":"bot_words","i1":0,"i2":7,"sol":{"path":["/c/en/decatur","/c/en/united_states","/c/en/country","/c/en/champa"],"weight":0.20832999999999988},"num_concepts_raised":8331},{"base_id":927,"kind":"bot_words","i1":0,"i2":8,"sol":{"path":["/c/en/decatur","/c/en/united_states","/c/en/state","/c/en/motionlessness","/c/en/lifelessness"],"weight":0.20321},"num_concepts_raised":6241},{"base_id":927,"kind":"bot_words","i1":0,"i2":9,"sol":{"path":["/c/en/decatur","/c/en/united_states","/c/en/populuxe","/c/en/luxury","/c/en/luxurious"],"weight":0.20630999999999955},"num_concepts_raised":12738},{"base_id":927,"kind":"bot_words","i1":1,"i2":2,"sol":{"path":["/c/en/famously","/c/en/rapport","/c/en/chemistry","/c/en/galvanise"],"weight":0.20265999999999984},"num_concepts_raised":18467},{"base_id":927,"kind":"bot_words","i1":1,"i2":3,"sol":{"path":["/c/en/famously","/c/en/celebrated","/c/en/person","/c/en/commit_suicide","/c/en/suicide"],"weight":0.21975999999999912},"num_concepts_raised":25494},{"base_id":927,"kind":"bot_words","i1":1,"i2":4,"sol":{"path":["/c/en/famously","/c/fr/fameusement","/c/en/very","/c/en/detail","/c/en/detailed"],"weight":0.20735999999999966},"num_concepts_raised":9521},{"base_id":927,"kind":"bot_words","i1":1,"i2":5,"sol":{"path":["/c/en/famously","/c/en/famous","/c/en/write","/c/en/verse"],"weight":0.21068999999999827},"num_concepts_raised":79674},{"base_id":927,"kind":"bot_words","i1":1,"i2":6,"sol":{"path":["/c/en/famously","/c/en/rapport","/c/en/chemistry","/c/en/biochemistry","/c/en/bilirubin"],"weight":0.20940999999999987},"num_concepts_raised":8629},{"base_id":927,"kind":"bot_words","i1":1,"i2":7,"sol":{"path":["/c/en/famously","/c/en/famous","/c/en/well","/c/en/country","/c/en/champa"],"weight":0.2078999999999998},"num_concepts_raised":3598},{"base_id":927,"kind":"bot_words","i1":1,"i2":8,"sol":{"path":["/c/en/famously","/c/en/famous","/c/en/spirit","/c/en/nonspirit","/c/en/lifelessness"],"weight":0.20270999999999995},"num_concepts_raised":1423},{"base_id":927,"kind":"bot_words","i1":1,"i2":9,"sol":{"path":["/c/en/famously","/c/en/famous","/c/en/rich","/c/en/luxurious"],"weight":0.20579999999999948},"num_concepts_raised":7913},{"base_id":927,"kind":"bot_words","i1":2,"i2":3,"sol":{"path":["/c/en/galvanise","/c/en/startle","/c/en/start","/c/en/suicide"],"weight":0.2173199999999991},"num_concepts_raised":41805},{"base_id":927,"kind":"bot_words","i1":2,"i2":4,"sol":{"path":["/c/en/galvanise","/c/en/uk","/c/en/thorough","/c/en/detail","/c/en/detailed"],"weight":0.20669999999999966},"num_concepts_raised":26124},{"base_id":927,"kind":"bot_words","i1":2,"i2":5,"sol":{"path":["/c/en/galvanise","/c/en/chemistry","/c/fi/jae","/c/en/verse"],"weight":0.21149999999999824},"num_concepts_raised":94691},{"base_id":927,"kind":"bot_words","i1":2,"i2":6,"sol":{"path":["/c/en/galvanise","/c/en/chemistry","/c/en/biochemistry","/c/en/bilirubin"],"weight":0.20947999999999983},"num_concepts_raised":24860},{"base_id":927,"kind":"bot_words","i1":2,"i2":7,"sol":{"path":["/c/en/galvanise","/c/en/uk","/c/en/country","/c/en/champa"],"weight":0.20790999999999976},"num_concepts_raised":20241},{"base_id":927,"kind":"bot_words","i1":2,"i2":8,"sol":{"path":["/c/en/galvanise","/c/en/uk","/c/en/dead","/c/en/lifeless","/c/en/lifelessness"],"weight":0.20378999999999992},"num_concepts_raised":18108},{"base_id":927,"kind":"bot_words","i1":2,"i2":9,"sol":{"path":["/c/en/galvanise","/c/en/chemistry","/c/en/rich","/c/en/luxurious"],"weight":0.20583999999999944},"num_concepts_raised":24517},{"base_id":927,"kind":"bot_words","i1":3,"i2":4,"sol":{"path":["/c/en/suicide","/c/en/run","/c/en/plan","/c/en/detailed"],"weight":0.2199199999999989},"num_concepts_raised":32880},{"base_id":927,"kind":"bot_words","i1":3,"i2":5,"sol":{"path":["/c/en/suicide","/c/en/boring","/c/en/poetry","/c/en/verse"],"weight":0.23004999999999748},"num_concepts_raised":101091},{"base_id":927,"kind":"bot_words","i1":3,"i2":6,"sol":{"path":["/c/en/suicide","/c/en/disease","/c/en/jaundice","/c/en/bilirubin"],"weight":0.2259099999999991},"num_concepts_raised":32108},{"base_id":927,"kind":"bot_words","i1":3,"i2":7,"sol":{"path":["/c/en/suicide","/c/en/killing","/c/en/war","/c/en/vietnam","/c/en/champa"],"weight":0.22489999999999905},"num_concepts_raised":27237},{"base_id":927,"kind":"bot_words","i1":3,"i2":8,"sol":{"path":["/c/en/suicide","/c/en/depression","/c/fr/abattement","/c/en/lifelessness"],"weight":0.21835999999999917},"num_concepts_raised":25101},{"base_id":927,"kind":"bot_words","i1":3,"i2":9,"sol":{"path":["/c/en/suicide","/c/en/suicides","/c/en/cliff","/c/en/high","/c/en/luxurious"],"weight":0.2232799999999987},"num_concepts_raised":31419},{"base_id":927,"kind":"bot_words","i1":4,"i2":5,"sol":{"path":["/c/en/detailed","/c/vi/nét","/c/en/line","/c/en/verse"],"weight":0.21593999999999808},"num_concepts_raised":86452},{"base_id":927,"kind":"bot_words","i1":4,"i2":6,"sol":{"path":["/c/en/detailed","/c/en/detail","/c/en/breakdown","/c/en/bilirubin"],"weight":0.21284999999999968},"num_concepts_raised":16341},{"base_id":927,"kind":"bot_words","i1":4,"i2":7,"sol":{"path":["/c/en/detailed","/c/en/atlas","/c/en/country","/c/en/champa"],"weight":0.2104699999999996},"num_concepts_raised":11317},{"base_id":927,"kind":"bot_words","i1":4,"i2":8,"sol":{"path":["/c/en/detailed","/c/en/attention","/c/en/alarm","/c/fr/abattement","/c/en/lifelessness"],"weight":0.20634999999999973},"num_concepts_raised":9170},{"base_id":927,"kind":"bot_words","i1":4,"i2":9,"sol":{"path":["/c/en/detailed","/c/fi/yksityiskohtainen","/c/en/luxuriant","/c/en/luxurious"],"weight":0.20931999999999928},"num_concepts_raised":15523},{"base_id":927,"kind":"bot_words","i1":5,"i2":6,"sol":{"path":["/c/en/verse","/c/en/component","/c/en/heme","/c/en/bilirubin"],"weight":0.21912999999999827},"num_concepts_raised":86346},{"base_id":927,"kind":"bot_words","i1":5,"i2":7,"sol":{"path":["/c/en/verse","/c/en/music","/c/en/country","/c/en/champa"],"weight":0.2163199999999982},"num_concepts_raised":81265},{"base_id":927,"kind":"bot_words","i1":5,"i2":8,"sol":{"path":["/c/en/verse","/c/en/line","/c/en/business","/c/fr/abattement","/c/en/lifelessness"],"weight":0.21449999999999833},"num_concepts_raised":79366},{"base_id":927,"kind":"bot_words","i1":5,"i2":9,"sol":{"path":["/c/en/verse","/c/en/like","/c/en/rich","/c/en/luxurious"],"weight":0.21384999999999788},"num_concepts_raised":85071},{"base_id":927,"kind":"bot_words","i1":6,"i2":7,"sol":{"path":["/c/en/bilirubin","/c/en/biochemistry","/c/en/living","/c/en/country","/c/en/champa"],"weight":0.2146399999999998},"num_concepts_raised":10430},{"base_id":927,"kind":"bot_words","i1":6,"i2":8,"sol":{"path":["/c/en/bilirubin","/c/en/breakdown","/c/nl/stilstand","/c/fr/abattement","/c/en/lifelessness"],"weight":0.21025999999999995},"num_concepts_raised":8261},{"base_id":927,"kind":"bot_words","i1":6,"i2":9,"sol":{"path":["/c/en/bilirubin","/c/en/heme","/c/en/oxygen","/c/en/rich","/c/en/luxurious"],"weight":0.21443999999999946},"num_concepts_raised":14777},{"base_id":927,"kind":"bot_words","i1":7,"i2":8,"sol":{"path":["/c/en/champa","/c/en/country","/c/en/state","/c/en/motionlessness","/c/en/lifelessness"],"weight":0.20798999999999984},"num_concepts_raised":3235},{"base_id":927,"kind":"bot_words","i1":7,"i2":9,"sol":{"path":["/c/en/champa","/c/en/country","/c/en/like","/c/en/rich","/c/en/luxurious"],"weight":0.2110899999999994},"num_concepts_raised":9721},{"base_id":927,"kind":"bot_words","i1":8,"i2":9,"sol":{"path":["/c/en/lifelessness","/c/en/lifeless","/c/en/dull","/c/en/fancy","/c/en/luxurious"],"weight":0.20576999999999954},"num_concepts_raised":7585}],[{"base_id":927,"kind":"top_words","i1":0,"i2":1,"sol":{"path":["/c/en/songun","/c/en/dprk","/c/fr/pays","/c/en/earth","/c/en/name","/c/en/mononym"],"weight":0.20996669999999962},"num_concepts_raised":497882},{"base_id":927,"kind":"top_words","i1":0,"i2":2,"sol":{"path":["/c/en/songun","/c/en/dprk","/c/fr/pays","/c/fr/pair","/c/en/peer"],"weight":0.21405999999999928},"num_concepts_raised":43669},{"base_id":927,"kind":"top_words","i1":0,"i2":3,"sol":{"path":["/c/en/songun","/c/en/dprk","/c/fr/pays","/c/en/home","/c/en/food","/c/en/tteok"],"weight":0.21414689999999925},"num_concepts_raised":253795},{"base_id":927,"kind":"top_words","i1":0,"i2":4,"sol":{"path":["/c/en/songun","/c/en/dprk","/c/fr/pays","/c/en/canada","/c/en/athlete","/c/en/hurdler"],"weight":0.2093304999999998},"num_concepts_raised":72666},{"base_id":927,"kind":"top_words","i1":0,"i2":5,"sol":{"path":["/c/en/songun","/c/en/dprk","/c/fr/pays","/c/en/russia","/c/en/irtysh"],"weight":0.2076099999999998},"num_concepts_raised":1058},{"base_id":927,"kind":"top_words","i1":0,"i2":6,"sol":{"path":["/c/en/songun","/c/en/dprk","/c/fr/pays","/c/en/mold","/c/en/fungus","/c/en/ringworm","/c/en/tinea"],"weight":0.21491599999999977},"num_concepts_raised":188508},{"base_id":927,"kind":"top_words","i1":0,"i2":7,"sol":{"path":["/c/en/songun","/c/en/dprk","/c/fr/pays","/c/en/china","/c/en/botany","/c/en/gametophyte"],"weight":0.21181289999999905},"num_concepts_raised":721460},{"base_id":927,"kind":"top_words","i1":0,"i2":8,"sol":{"path":["/c/en/songun","/c/en/dprk","/c/fr/pays","/c/fr/géographie","/c/en/mouth","/c/en/guttermouth"],"weight":0.21667999999999948},"num_concepts_raised":382247},{"base_id":927,"kind":"top_words","i1":0,"i2":9,"sol":{"path":["/c/en/songun","/c/en/dprk","/c/fr/pays","/c/fr/coiffure","/c/fr/bigoudi","/c/en/curler"],"weight":0.21193599999999968},"num_concepts_raised":558915},{"base_id":927,"kind":"top_words","i1":1,"i2":2,"sol":{"path":["/c/en/mononym","/c/en/term","/c/en/equal","/c/en/peer"],"weight":0.2095899999999994},"num_concepts_raised":47607},{"base_id":927,"kind":"top_words","i1":1,"i2":3,"sol":{"path":["/c/en/mononym","/c/en/name","/c/en/animal","/c/en/food","/c/en/tteok"],"weight":0.20778999999999992},"num_concepts_raised":8489},{"base_id":927,"kind":"top_words","i1":1,"i2":4,"sol":{"path":["/c/en/mononym","/c/en/name","/c/en/person","/c/en/athlete","/c/en/hurdler"],"weight":0.20292},"num_concepts_raised":5298},{"base_id":927,"kind":"top_words","i1":1,"i2":5,"sol":{"path":["/c/en/mononym","/c/en/name","/c/en/nation","/c/en/russia","/c/en/irtysh"],"weight":0.20275999999999988},"num_concepts_raised":5739},{"base_id":927,"kind":"top_words","i1":1,"i2":6,"sol":{"path":["/c/en/mononym","/c/en/term","/c/en/disease","/c/en/tinea_corporis","/c/en/tinea"],"weight":0.20441999999999988},"num_concepts_raised":11876},{"base_id":927,"kind":"top_words","i1":1,"i2":7,"sol":{"path":["/c/en/mononym","/c/en/synonym","/c/en/botany","/c/en/gametophyte"],"weight":0.20357999999999998},"num_concepts_raised":28493},{"base_id":927,"kind":"top_words","i1":1,"i2":8,"sol":{"path":["/c/en/mononym","/c/en/name","/c/en/person","/c/en/mouth","/c/en/guttermouth"],"weight":0.21001999999999996},"num_concepts_raised":8963},{"base_id":927,"kind":"top_words","i1":1,"i2":9,"sol":{"path":["/c/en/mononym","/c/en/name","/c/en/proper_noun","/c/en/curl","/c/en/curler"],"weight":0.20420999999999984},"num_concepts_raised":12486},{"base_id":927,"kind":"top_words","i1":2,"i2":3,"sol":{"path":["/c/en/peer","/c/en/person","/c/en/cake","/c/ko/떡","/c/en/tteok"],"weight":0.2151199999999993},"num_concepts_raised":47225},{"base_id":927,"kind":"top_words","i1":2,"i2":4,"sol":{"path":["/c/en/peer","/c/en/person","/c/en/athlete","/c/en/hurdler"],"weight":0.20821999999999935},"num_concepts_raised":44126},{"base_id":927,"kind":"top_words","i1":2,"i2":5,"sol":{"path":["/c/en/peer","/c/en/equal","/c/en/even","/c/en/siberia","/c/en/irtysh"],"weight":0.20983999999999928},"num_concepts_raised":44592},{"base_id":927,"kind":"top_words","i1":2,"i2":6,"sol":{"path":["/c/en/peer","/c/en/person","/c/en/athlete's_foot","/c/en/tinea"],"weight":0.20884999999999923},"num_concepts_raised":50672},{"base_id":927,"kind":"top_words","i1":2,"i2":7,"sol":{"path":["/c/en/peer","/c/en/person","/c/en/plant","/c/en/gametophyte"],"weight":0.20884999999999937},"num_concepts_raised":66983},{"base_id":927,"kind":"top_words","i1":2,"i2":8,"sol":{"path":["/c/en/peer","/c/en/person","/c/en/mouth","/c/en/guttermouth"],"weight":0.21529999999999933},"num_concepts_raised":47518},{"base_id":927,"kind":"top_words","i1":2,"i2":9,"sol":{"path":["/c/en/peer","/c/en/lady","/c/en/curler"],"weight":0.202},"num_concepts_raised":361},{"base_id":927,"kind":"top_words","i1":3,"i2":4,"sol":{"path":["/c/en/tteok","/c/en/food","/c/en/bar","/c/en/hurdle","/c/en/hurdler"],"weight":0.20778999999999995},"num_concepts_raised":4378},{"base_id":927,"kind":"top_words","i1":3,"i2":5,"sol":{"path":["/c/en/tteok","/c/en/food","/c/en/polish","/c/en/russia","/c/en/irtysh"],"weight":0.20765999999999984},"num_concepts_raised":4818},{"base_id":927,"kind":"top_words","i1":3,"i2":6,"sol":{"path":["/c/en/tteok","/c/en/food","/c/en/fungus","/c/en/ringworm","/c/en/tinea"],"weight":0.21053999999999978},"num_concepts_raised":10952},{"base_id":927,"kind":"top_words","i1":3,"i2":7,"sol":{"path":["/c/en/tteok","/c/en/food","/c/en/plant","/c/en/gametophyte"],"weight":0.2084299999999999},"num_concepts_raised":27601},{"base_id":927,"kind":"top_words","i1":3,"i2":8,"sol":{"path":["/c/en/tteok","/c/en/food","/c/en/mouth","/c/en/guttermouth"],"weight":0.2149199999999999},"num_concepts_raised":8050},{"base_id":927,"kind":"top_words","i1":3,"i2":9,"sol":{"path":["/c/en/tteok","/c/en/food","/c/en/hair","/c/en/curler"],"weight":0.20811999999999978},"num_concepts_raised":11603},{"base_id":927,"kind":"top_words","i1":4,"i2":5,"sol":{"path":["/c/en/hurdler","/c/en/hurdle","/c/en/race","/c/en/country","/c/en/russia","/c/en/irtysh"],"weight":0.2052566999999998},"num_concepts_raised":108130},{"base_id":927,"kind":"top_words","i1":4,"i2":6,"sol":{"path":["/c/en/hurdler","/c/en/athlete","/c/en/athlete's_foot","/c/en/tinea"],"weight":0.20351999999999987},"num_concepts_raised":7714},{"base_id":927,"kind":"top_words","i1":4,"i2":7,"sol":{"path":["/c/en/hurdler","/c/en/hurdle","/c/en/sport","/c/en/botany","/c/en/gametophyte"],"weight":0.20371999999999996},"num_concepts_raised":24453},{"base_id":927,"kind":"top_words","i1":4,"i2":8,"sol":{"path":["/c/en/hurdler","/c/en/hurdle","/c/en/bar","/c/en/mouth","/c/en/guttermouth"],"weight":0.20997999999999994},"num_concepts_raised":4860},{"base_id":927,"kind":"top_words","i1":4,"i2":9,"sol":{"path":["/c/en/hurdler","/c/en/hurdle","/c/en/sport","/c/en/curl","/c/en/curler"],"weight":0.20426999999999984},"num_concepts_raised":8395},{"base_id":927,"kind":"top_words","i1":5,"i2":6,"sol":{"path":["/c/en/irtysh","/c/en/russia","/c/en/polish","/c/en/fingernail","/c/en/tinea_unguium","/c/en/tinea"],"weight":0.2082011999999997},"num_concepts_raised":223977},{"base_id":927,"kind":"top_words","i1":5,"i2":7,"sol":{"path":["/c/en/irtysh","/c/en/siberia","/c/en/ob","/c/en/botany","/c/en/gametophyte"],"weight":0.20357999999999987},"num_concepts_raised":24901},{"base_id":927,"kind":"top_words","i1":5,"i2":8,"sol":{"path":["/c/en/irtysh","/c/en/russia","/c/en/karelia","/c/en/band","/c/en/guttermouth"],"weight":0.20774999999999985},"num_concepts_raised":5303},{"base_id":927,"kind":"top_words","i1":5,"i2":9,"sol":{"path":["/c/en/irtysh","/c/en/russia","/c/en/perm","/c/en/hair","/c/en/curler"],"weight":0.20310999999999974},"num_concepts_raised":8852},{"base_id":927,"kind":"top_words","i1":6,"i2":7,"sol":{"path":["/c/en/tinea","/c/en/athlete's_foot","/c/en/foot","/c/en/gametophyte"],"weight":0.20415999999999984},"num_concepts_raised":30935},{"base_id":927,"kind":"top_words","i1":6,"i2":8,"sol":{"path":["/c/en/tinea","/c/en/athlete's_foot","/c/en/person","/c/en/mouth","/c/en/guttermouth"],"weight":0.21062999999999982},"num_concepts_raised":11434},{"base_id":927,"kind":"top_words","i1":6,"i2":9,"sol":{"path":["/c/en/tinea","/c/en/kerion","/c/en/hair","/c/en/curler"],"weight":0.2037499999999997},"num_concepts_raised":14970},{"base_id":927,"kind":"top_words","i1":7,"i2":8,"sol":{"path":["/c/en/gametophyte","/c/en/gametangium","/c/en/organ","/c/en/mouth","/c/en/guttermouth"],"weight":0.21159999999999995},"num_concepts_raised":28104},{"base_id":927,"kind":"top_words","i1":7,"i2":9,"sol":{"path":["/c/en/gametophyte","/c/en/botany","/c/en/hair","/c/en/curler"],"weight":0.2040199999999998},"num_concepts_raised":31555},{"base_id":927,"kind":"top_words","i1":8,"i2":9,"sol":{"path":["/c/en/guttermouth","/c/en/mouth","/c/en/slang","/c/en/roller","/c/en/curler"],"weight":0.2103899999999998},"num_concepts_raised":12030}]]