[[{"base_id":839,"kind":"bot_words","i1":0,"i2":1,"sol":{"path":["/c/en/retired","/c/en/retire","/c/en/stop","/c/en/pots"],"weight":0.20537999999999976},"num_concepts_raised":29345},{"base_id":839,"kind":"bot_words","i1":0,"i2":2,"sol":{"path":["/c/en/retired","/c/en/inactive","/c/en/epitestosterone","/c/en/drug","/c/en/stanozolol"],"weight":0.2103299999999997},"num_concepts_raised":9188},{"base_id":839,"kind":"bot_words","i1":0,"i2":3,"sol":{"path":["/c/en/retired","/c/ja/きゅういん","/c/en/drink","/c/en/glass","/c/en/glassware"],"weight":0.20744999999999955},"num_concepts_raised":10561},{"base_id":839,"kind":"bot_words","i1":0,"i2":4,"sol":{"path":["/c/en/retired","/c/en/retire","/c/en/circulation","/c/en/blood","/c/en/bloodstream"],"weight":0.20778999999999953},"num_concepts_raised":13912},{"base_id":839,"kind":"bot_words","i1":0,"i2":5,"sol":{"path":["/c/en/retired","/c/en/retire","/c/en/bed","/c/en/plant","/c/en/rhizophora"],"weight":0.21059999999999973},"num_concepts_raised":12211},{"base_id":839,"kind":"bot_words","i1":0,"i2":6,"sol":{"path":["/c/en/retired","/c/en/private","/c/en/member","/c/en/parliamentarian"],"weight":0.20413999999999977},"num_concepts_raised":8800},{"base_id":839,"kind":"bot_words","i1":0,"i2":7,"sol":{"path":["/c/en/retired","/c/en/inactive","/c/en/service","/c/en/productive","/c/en/productively"],"weight":0.2066199999999997},"num_concepts_raised":5126},{"base_id":839,"kind":"bot_words","i1":0,"i2":8,"sol":{"path":["/c/en/retired","/c/en/retire","/c/en/call","/c/en/name","/c/en/ethnonym"],"weight":0.2056699999999998},"num_concepts_raised":10695},{"base_id":839,"kind":"bot_words","i1":0,"i2":9,"sol":{"path":["/c/en/retired","/c/en/employment","/c/en/application"],"weight":0.202},"num_concepts_raised":765},{"base_id":839,"kind":"bot_words","i1":1,"i2":2,"sol":{"path":["/c/en/pots","/c/en/pot","/c/en/drug","/c/en/stanozolol"],"weight":0.20988999999999985},"num_concepts_raised":28986},{"base_id":839,"kind":"bot_words","i1":1,"i2":3,"sol":{"path":["/c/en/pots","/c/en/cupboard","/c/en/glassware"],"weight":0.202},"num_concepts_raised":96},{"base_id":839,"kind":"bot_words","i1":1,"i2":4,"sol":{"path":["/c/en/pots","/c/en/medicine","/c/en/blood","/c/en/bloodstream"],"weight":0.20526999999999967},"num_concepts_raised":33571},{"base_id":839,"kind":"bot_words","i1":1,"i2":5,"sol":{"path":["/c/en/pots","/c/en/plant","/c/en/rhizophora"],"weight":0.20400000000000001},"num_concepts_raised":56},{"base_id":839,"kind":"bot_words","i1":1,"i2":6,"sol":{"path":["/c/en/pots","/c/en/pot","/c/en/historical","/c/en/parliament","/c/en/parliamentarian"],"weight":0.20668999999999987},"num_concepts_raised":29112},{"base_id":839,"kind":"bot_words","i1":1,"i2":7,"sol":{"path":["/c/en/pots","/c/en/medicine","/c/en/productive","/c/en/productively"],"weight":0.20402999999999982},"num_concepts_raised":25437},{"base_id":839,"kind":"bot_words","i1":1,"i2":8,"sol":{"path":["/c/en/pots","/c/en/pot","/c/en/name","/c/en/ethnonym"],"weight":0.20502999999999993},"num_concepts_raised":30915},{"base_id":839,"kind":"bot_words","i1":1,"i2":9,"sol":{"path":["/c/en/pots","/c/en/pot","/c/en/use","/c/en/application"],"weight":0.21479999999999796},"num_concepts_raised":103286},{"base_id":839,"kind":"bot_words","i1":2,"i2":3,"sol":{"path":["/c/en/stanozolol","/c/en/drug","/c/en/laboratory","/c/en/glassware"],"weight":0.20844999999999966},"num_concepts_raised":10580},{"base_id":839,"kind":"bot_words","i1":2,"i2":4,"sol":{"path":["/c/en/stanozolol","/c/en/anabolic_steroid","/c/en/hormone","/c/en/bloodstream"],"weight":0.20891999999999963},"num_concepts_raised":13899},{"base_id":839,"kind":"bot_words","i1":2,"i2":5,"sol":{"path":["/c/en/stanozolol","/c/en/drug","/c/en/pot","/c/en/plant","/c/en/rhizophora"],"weight":0.21294999999999983},"num_concepts_raised":12236},{"base_id":839,"kind":"bot_words","i1":2,"i2":6,"sol":{"path":["/c/en/stanozolol","/c/en/drug","/c/en/head","/c/en/roundhead","/c/en/parliamentarian"],"weight":0.20950999999999986},"num_concepts_raised":8858},{"base_id":839,"kind":"bot_words","i1":2,"i2":7,"sol":{"path":["/c/en/stanozolol","/c/en/drug","/c/en/medicine","/c/en/productive","/c/en/productively"],"weight":0.20907999999999977},"num_concepts_raised":5143},{"base_id":839,"kind":"bot_words","i1":2,"i2":8,"sol":{"path":["/c/en/stanozolol","/c/en/drug","/c/en/generic","/c/en/nation","/c/en/ethnonym"],"weight":0.20800999999999992},"num_concepts_raised":10756},{"base_id":839,"kind":"bot_words","i1":2,"i2":9,"sol":{"path":["/c/en/stanozolol","/c/en/drug","/c/en/use","/c/en/application"],"weight":0.2177699999999979},"num_concepts_raised":84809},{"base_id":839,"kind":"bot_words","i1":3,"i2":4,"sol":{"path":["/c/en/glassware","/c/en/male","/c/en/animal","/c/en/bloodstream"],"weight":0.2044999999999995},"num_concepts_raised":15240},{"base_id":839,"kind":"bot_words","i1":3,"i2":5,"sol":{"path":["/c/en/glassware","/c/en/glasshouse","/c/en/plant","/c/en/rhizophora"],"weight":0.2085799999999997},"num_concepts_raised":13595},{"base_id":839,"kind":"bot_words","i1":3,"i2":6,"sol":{"path":["/c/en/glassware","/c/en/glass","/c/en/round","/c/en/roundhead","/c/en/parliamentarian"],"weight":0.2085299999999997},"num_concepts_raised":10207},{"base_id":839,"kind":"bot_words","i1":3,"i2":7,"sol":{"path":["/c/en/glassware","/c/en/tableware","/c/en/service","/c/en/productive","/c/en/productively"],"weight":0.20567999999999964},"num_concepts_raised":6552},{"base_id":839,"kind":"bot_words","i1":3,"i2":8,"sol":{"path":["/c/en/glassware","/c/en/crystal","/c/en/name","/c/en/ethnonym"],"weight":0.20475999999999975},"num_concepts_raised":12111},{"base_id":839,"kind":"bot_words","i1":3,"i2":9,"sol":{"path":["/c/en/glassware","/c/en/glass","/c/en/covering","/c/en/application"],"weight":0.21498999999999774},"num_concepts_raised":85794},{"base_id":839,"kind":"bot_words","i1":4,"i2":5,"sol":{"path":["/c/en/bloodstream","/c/en/blood","/c/en/plant","/c/en/rhizophora"],"weight":0.21028999999999964},"num_concepts_raised":16824},{"base_id":839,"kind":"bot_words","i1":4,"i2":6,"sol":{"path":["/c/en/bloodstream","/c/en/body_part","/c/en/member","/c/en/parliamentarian"],"weight":0.20470999999999967},"num_concepts_raised":13575},{"base_id":839,"kind":"bot_words","i1":4,"i2":7,"sol":{"path":["/c/en/bloodstream","/c/en/blood","/c/en/medicine","/c/en/productive","/c/en/productively"],"weight":0.2065699999999996},"num_concepts_raised":9924},{"base_id":839,"kind":"bot_words","i1":4,"i2":8,"sol":{"path":["/c/en/bloodstream","/c/en/animal","/c/en/name","/c/en/ethnonym"],"weight":0.2041599999999997},"num_concepts_raised":15448},{"base_id":839,"kind":"bot_words","i1":4,"i2":9,"sol":{"path":["/c/en/bloodstream","/c/en/flow","/c/en/computing","/c/en/application"],"weight":0.21332999999999774},"num_concepts_raised":88950},{"base_id":839,"kind":"bot_words","i1":5,"i2":6,"sol":{"path":["/c/en/rhizophora","/c/en/plant","/c/en/hill","/c/en/parliament","/c/en/parliamentarian"],"weight":0.20978999999999987},"num_concepts_raised":11897},{"base_id":839,"kind":"bot_words","i1":5,"i2":7,"sol":{"path":["/c/en/rhizophora","/c/en/plant","/c/en/amentiferous","/c/en/productive","/c/en/productively"],"weight":0.2092399999999998},"num_concepts_raised":8191},{"base_id":839,"kind":"bot_words","i1":5,"i2":8,"sol":{"path":["/c/en/rhizophora","/c/en/plant","/c/en/earth","/c/en/nation","/c/en/ethnonym"],"weight":0.2081999999999999},"num_concepts_raised":13756},{"base_id":839,"kind":"bot_words","i1":5,"i2":9,"sol":{"path":["/c/en/rhizophora","/c/en/plant","/c/en/action","/c/en/application"],"weight":0.21638999999999795},"num_concepts_raised":87650},{"base_id":839,"kind":"bot_words","i1":6,"i2":7,"sol":{"path":["/c/en/parliamentarian","/c/en/member","/c/en/logic","/c/en/productive","/c/en/productively"],"weight":0.20482999999999982},"num_concepts_raised":4799},{"base_id":839,"kind":"bot_words","i1":6,"i2":8,"sol":{"path":["/c/en/parliamentarian","/c/en/parliament","/c/en/government","/c/en/nation","/c/en/ethnonym"],"weight":0.20489999999999992},"num_concepts_raised":10327},{"base_id":839,"kind":"bot_words","i1":6,"i2":9,"sol":{"path":["/c/en/parliamentarian","/c/en/member","/c/en/apply","/c/en/application"],"weight":0.21330999999999795},"num_concepts_raised":84210},{"base_id":839,"kind":"bot_words","i1":7,"i2":8,"sol":{"path":["/c/en/productively","/c/en/productive","/c/en/linguistics","/c/en/autonym","/c/en/ethnonym"],"weight":0.20536999999999986},"num_concepts_raised":6703},{"base_id":839,"kind":"bot_words","i1":7,"i2":9,"sol":{"path":["/c/en/productively","/c/en/make_use","/c/en/use","/c/en/application"],"weight":0.2128699999999979},"num_concepts_raised":80868},{"base_id":839,"kind":"bot_words","i1":8,"i2":9,"sol":{"path":["/c/en/ethnonym","/c/en/name","/c/en/computing","/c/en/application"],"weight":0.21244999999999797},"num_concepts_raised":85892}],[{"base_id":839,"kind":"top_words","i1":0,"i2":1,"sol":{"path":["/c/en/yawning","/c/en/open","/c/en/gaping"],"weight":0.20400000000000001},"num_concepts_raised":88},{"base_id":839,"kind":"top_words","i1":0,"i2":2,"sol":{"path":["/c/en/yawning","/c/syc/ܦܥܪܐ","/c/en/chasm"],"weight":0.202},"num_concepts_raised":204},{"base_id":839,"kind":"top_words","i1":0,"i2":3,"sol":{"path":["/c/en/yawning","/c/en/open","/c/en/gap"],"weight":0.20500000000000002},"num_concepts_raised":563},{"base_id":839,"kind":"top_words","i1":0,"i2":4,"sol":{"path":["/c/en/yawning","/c/en/stretch","/c/en/widen","/c/en/widening"],"weight":0.20535999999999976},"num_concepts_raised":7480},{"base_id":839,"kind":"top_words","i1":0,"i2":5,"sol":{"path":["/c/en/yawning","/c/en/yawn","/c/en/wide","/c/en/narrow","/c/en/narrowing"],"weight":0.20538999999999974},"num_concepts_raised":7689},{"base_id":839,"kind":"top_words","i1":0,"i2":6,"sol":{"path":["/c/en/yawning","/c/en/open","/c/en/gap","/c/en/disparity"],"weight":0.20500999999999972},"num_concepts_raised":8345},{"base_id":839,"kind":"top_words","i1":0,"i2":7,"sol":{"path":["/c/en/yawning","/c/ja/欠","/c/en/lack","/c/en/deficit"],"weight":0.20518999999999954},"num_concepts_raised":15976},{"base_id":839,"kind":"top_words","i1":0,"i2":8,"sol":{"path":["/c/en/yawning","/c/en/stretch","/c/en/widen"],"weight":0.20500000000000002},"num_concepts_raised":260},{"base_id":839,"kind":"top_words","i1":0,"i2":9,"sol":{"path":["/c/en/yawning","/c/en/stretch","/c/en/force","/c/en/disequilibrium","/c/en/imbalance"],"weight":0.20503999999999975},"num_concepts_raised":7212},{"base_id":839,"kind":"top_words","i1":1,"i2":2,"sol":{"path":["/c/en/gaping","/c/en/gape","/c/en/gap","/c/en/chasm"],"weight":0.20899999999999969},"num_concepts_raised":16567},{"base_id":839,"kind":"top_words","i1":1,"i2":3,"sol":{"path":["/c/en/gaping","/c/en/gape","/c/en/gap"],"weight":0.20700000000000002},"num_concepts_raised":580},{"base_id":839,"kind":"top_words","i1":1,"i2":4,"sol":{"path":["/c/en/gaping","/c/en/agape","/c/en/wide","/c/en/widen","/c/en/widening"],"weight":0.20795999999999976},"num_concepts_raised":8027},{"base_id":839,"kind":"top_words","i1":1,"i2":5,"sol":{"path":["/c/en/gaping","/c/en/agape","/c/en/wide","/c/en/narrow","/c/en/narrowing"],"weight":0.20679999999999973},"num_concepts_raised":8145},{"base_id":839,"kind":"top_words","i1":1,"i2":6,"sol":{"path":["/c/en/gaping","/c/en/gape","/c/en/gap","/c/en/disparity"],"weight":0.20644999999999972},"num_concepts_raised":8754},{"base_id":839,"kind":"top_words","i1":1,"i2":7,"sol":{"path":["/c/en/gaping","/c/en/hole","/c/en/defect","/c/en/deficit"],"weight":0.20643999999999957},"num_concepts_raised":16401},{"base_id":839,"kind":"top_words","i1":1,"i2":8,"sol":{"path":["/c/en/gaping","/c/en/agape","/c/en/wide","/c/en/widen"],"weight":0.21745999999999943},"num_concepts_raised":18138},{"base_id":839,"kind":"top_words","i1":1,"i2":9,"sol":{"path":["/c/en/gaping","/c/en/wide_open","/c/en/situation","/c/en/imbalance"],"weight":0.20418999999999976},"num_concepts_raised":7678},{"base_id":839,"kind":"top_words","i1":2,"i2":3,"sol":{"path":["/c/en/chasm","/c/en/gap"],"weight":0.20600000000000002},"num_concepts_raised":673},{"base_id":839,"kind":"top_words","i1":2,"i2":4,"sol":{"path":["/c/en/chasm","/c/en/opening","/c/eu/zabaltze","/c/en/widening"],"weight":0.20543999999999968},"num_concepts_raised":15594},{"base_id":839,"kind":"top_words","i1":2,"i2":5,"sol":{"path":["/c/en/chasm","/c/en/chasma","/c/en/narrow","/c/en/narrowing"],"weight":0.20743999999999962},"num_concepts_raised":15675},{"base_id":839,"kind":"top_words","i1":2,"i2":6,"sol":{"path":["/c/en/chasm","/c/en/difference","/c/en/disparity"],"weight":0.203},"num_concepts_raised":260},{"base_id":839,"kind":"top_words","i1":2,"i2":7,"sol":{"path":["/c/en/chasm","/c/en/gap","/c/fr/déficit","/c/en/deficit"],"weight":0.21138999999999944},"num_concepts_raised":23857},{"base_id":839,"kind":"top_words","i1":2,"i2":8,"sol":{"path":["/c/en/chasm","/c/en/deep","/c/en/wide","/c/en/widen"],"weight":0.21727999999999936},"num_concepts_raised":25641},{"base_id":839,"kind":"top_words","i1":2,"i2":9,"sol":{"path":["/c/en/chasm","/c/en/gap","/c/fr/manque","/c/fr/déséquilibre","/c/en/imbalance"],"weight":0.20930999999999964},"num_concepts_raised":15213},{"base_id":839,"kind":"top_words","i1":3,"i2":4,"sol":{"path":["/c/en/gap","/c/en/opening","/c/eu/zabaltze","/c/en/widening"],"weight":0.21599999999999853},"num_concepts_raised":41717},{"base_id":839,"kind":"top_words","i1":3,"i2":5,"sol":{"path":["/c/en/gap","/c/en/space","/c/en/narrow","/c/en/narrowing"],"weight":0.21888999999999847},"num_concepts_raised":41875},{"base_id":839,"kind":"top_words","i1":3,"i2":6,"sol":{"path":["/c/en/gap","/c/en/disparity"],"weight":0.20400000000000001},"num_concepts_raised":613},{"base_id":839,"kind":"top_words","i1":3,"i2":7,"sol":{"path":["/c/en/gap","/c/fr/déficit","/c/en/deficit"],"weight":0.20700000000000002},"num_concepts_raised":680},{"base_id":839,"kind":"top_words","i1":3,"i2":8,"sol":{"path":["/c/en/gap","/c/en/space","/c/en/wide","/c/en/widen"],"weight":0.22965999999999817},"num_concepts_raised":50968},{"base_id":839,"kind":"top_words","i1":3,"i2":9,"sol":{"path":["/c/en/gap","/c/en/space","/c/en/sanpaku","/c/en/imbalance"],"weight":0.21844999999999848},"num_concepts_raised":41506},{"base_id":839,"kind":"top_words","i1":4,"i2":5,"sol":{"path":["/c/en/widening","/c/en/change_of_shape","/c/en/narrowing"],"weight":0.202},"num_concepts_raised":107},{"base_id":839,"kind":"top_words","i1":4,"i2":6,"sol":{"path":["/c/en/widening","/c/en/widen","/c/en/change","/c/en/difference","/c/en/disparity"],"weight":0.20764999999999967},"num_concepts_raised":7595},{"base_id":839,"kind":"top_words","i1":4,"i2":7,"sol":{"path":["/c/en/widening","/c/en/increase","/c/en/amount","/c/en/deficit"],"weight":0.20500999999999953},"num_concepts_raised":15220},{"base_id":839,"kind":"top_words","i1":4,"i2":8,"sol":{"path":["/c/en/widening","/c/en/widen"],"weight":0.20700000000000002},"num_concepts_raised":275},{"base_id":839,"kind":"top_words","i1":4,"i2":9,"sol":{"path":["/c/en/widening","/c/en/widen","/c/en/size","/c/en/situation","/c/en/imbalance"],"weight":0.20611999999999972},"num_concepts_raised":6457},{"base_id":839,"kind":"top_words","i1":5,"i2":6,"sol":{"path":["/c/en/narrowing","/c/en/narrow","/c/en/distance","/c/en/difference","/c/en/disparity"],"weight":0.20649999999999963},"num_concepts_raised":7707},{"base_id":839,"kind":"top_words","i1":5,"i2":7,"sol":{"path":["/c/en/narrowing","/c/en/taper","/c/en/short","/c/en/deficit"],"weight":0.2049199999999995},"num_concepts_raised":15328},{"base_id":839,"kind":"top_words","i1":5,"i2":8,"sol":{"path":["/c/en/narrowing","/c/en/narrow","/c/en/wide","/c/en/widen"],"weight":0.21617999999999937},"num_concepts_raised":17062},{"base_id":839,"kind":"top_words","i1":5,"i2":9,"sol":{"path":["/c/en/narrowing","/c/en/arteriosclerosis","/c/en/pathology","/c/it/scompenso","/c/en/imbalance"],"weight":0.2059299999999997},"num_concepts_raised":6555},{"base_id":839,"kind":"top_words","i1":6,"i2":7,"sol":{"path":["/c/en/disparity","/c/en/gap","/c/fr/déficit","/c/en/deficit"],"weight":0.20885999999999946},"num_concepts_raised":15961},{"base_id":839,"kind":"top_words","i1":6,"i2":8,"sol":{"path":["/c/en/disparity","/c/en/by_long_shot","/c/en/wide","/c/en/widen"],"weight":0.21565999999999935},"num_concepts_raised":17795},{"base_id":839,"kind":"top_words","i1":6,"i2":9,"sol":{"path":["/c/en/disparity","/c/ja/不均等","/c/en/imbalance"],"weight":0.203},"num_concepts_raised":171},{"base_id":839,"kind":"top_words","i1":7,"i2":8,"sol":{"path":["/c/en/deficit","/c/en/quality","/c/en/stretch","/c/en/widen"],"weight":0.21494999999999917},"num_concepts_raised":25221},{"base_id":839,"kind":"top_words","i1":7,"i2":9,"sol":{"path":["/c/en/deficit","/c/it/spareggio","/c/en/imbalance"],"weight":0.202},"num_concepts_raised":237},{"base_id":839,"kind":"top_words","i1":8,"i2":9,"sol":{"path":["/c/en/widen","/c/en/size","/c/en/situation","/c/en/imbalance"],"weight":0.2114699999999994},"num_concepts_raised":16723}]]