[[{"base_id":802,"kind":"bot_words","i1":0,"i2":1,"sol":{"path":["/c/en/gently","/c/en/softly","/c/en/low","/c/en/revolution","/c/en/rev"],"weight":0.20792999999999964},"num_concepts_raised":9811},{"base_id":802,"kind":"bot_words","i1":0,"i2":2,"sol":{"path":["/c/en/gently","/c/en/rub","/c/en/foot","/c/en/protein","/c/en/brain_derived_neurotrophic_factor","/c/en/neuroplasticity"],"weight":0.2151234999999994},"num_concepts_raised":394501},{"base_id":802,"kind":"bot_words","i1":0,"i2":3,"sol":{"path":["/c/en/gently","/c/en/gentle","/c/en/like","/c/en/atom","/c/en/arsenide"],"weight":0.2125199999999995},"num_concepts_raised":12414},{"base_id":802,"kind":"bot_words","i1":0,"i2":4,"sol":{"path":["/c/en/gently","/c/en/gentle","/c/en/touch","/c/zh/叩頭","/c/en/taos"],"weight":0.20698999999999962},"num_concepts_raised":8276},{"base_id":802,"kind":"bot_words","i1":0,"i2":5,"sol":{"path":["/c/en/gently","/c/en/silly","/c/en/person","/c/en/chairperson"],"weight":0.21439999999999954},"num_concepts_raised":24775},{"base_id":802,"kind":"bot_words","i1":0,"i2":6,"sol":{"path":["/c/en/gently","/c/fr/doucement","/c/fr/bénin","/c/fr/pays","/c/fr/arubéen","/c/en/aruban"],"weight":0.21529809999999966},"num_concepts_raised":407139},{"base_id":802,"kind":"bot_words","i1":0,"i2":7,"sol":{"path":["/c/en/gently","/c/en/dolly","/c/en/pile","/c/en/spear","/c/en/atlatl"],"weight":0.2056799999999997},"num_concepts_raised":5996},{"base_id":802,"kind":"bot_words","i1":0,"i2":8,"sol":{"path":["/c/en/gently","/c/en/dolly","/c/en/attractive","/c/en/sightly"],"weight":0.20609999999999953},"num_concepts_raised":8732},{"base_id":802,"kind":"bot_words","i1":0,"i2":9,"sol":{"path":["/c/en/gently","/c/en/wigwag","/c/en/us","/c/en/java","/c/en/javan"],"weight":0.20777999999999966},"num_concepts_raised":6819},{"base_id":802,"kind":"bot_words","i1":1,"i2":2,"sol":{"path":["/c/en/rev","/c/en/increase","/c/en/growth","/c/en/neurotrophin","/c/en/brain_derived_neurotrophic_factor","/c/en/neuroplasticity"],"weight":0.21032979999999962},"num_concepts_raised":382498},{"base_id":802,"kind":"bot_words","i1":1,"i2":3,"sol":{"path":["/c/en/rev","/c/en/revolution","/c/en/type","/c/en/atom","/c/en/arsenide"],"weight":0.2096499999999997},"num_concepts_raised":12176},{"base_id":802,"kind":"bot_words","i1":1,"i2":4,"sol":{"path":["/c/en/rev","/c/en/revolution","/c/en/independence","/c/en/county_seat","/c/en/taos"],"weight":0.20409999999999984},"num_concepts_raised":8045},{"base_id":802,"kind":"bot_words","i1":1,"i2":5,"sol":{"path":["/c/en/rev","/c/en/speed","/c/en/person","/c/en/chairperson"],"weight":0.21166999999999975},"num_concepts_raised":24523},{"base_id":802,"kind":"bot_words","i1":1,"i2":6,"sol":{"path":["/c/en/rev","/c/en/revolution","/c/fr/révolution","/c/fr/pays","/c/fr/arubéen","/c/en/aruban"],"weight":0.21006969999999986},"num_concepts_raised":395486},{"base_id":802,"kind":"bot_words","i1":1,"i2":7,"sol":{"path":["/c/en/rev","/c/en/revolution","/c/en/bayonet","/c/en/spear","/c/en/atlatl"],"weight":0.20401999999999992},"num_concepts_raised":5761},{"base_id":802,"kind":"bot_words","i1":1,"i2":8,"sol":{"path":["/c/en/rev","/c/en/revolution","/c/en/dance","/c/en/beautiful","/c/en/sightly"],"weight":0.20565999999999976},"num_concepts_raised":8583},{"base_id":802,"kind":"bot_words","i1":1,"i2":9,"sol":{"path":["/c/en/rev","/c/en/revolution","/c/en/dance","/c/en/java","/c/en/javan"],"weight":0.20612999999999987},"num_concepts_raised":6593},{"base_id":802,"kind":"bot_words","i1":2,"i2":3,"sol":{"path":["/c/en/neuroplasticity","/c/en/brain_derived_neurotrophic_factor","/c/en/protein","/c/en/molecule","/c/en/atom","/c/en/arsenide"],"weight":0.2168171999999994},"num_concepts_raised":458289},{"base_id":802,"kind":"bot_words","i1":2,"i2":4,"sol":{"path":["/c/en/neuroplasticity","/c/fi/neuroplastisuus","/c/fi/keskushermosto","/c/en/anatomy","/c/en/eminence","/c/en/county_seat","/c/en/taos"],"weight":0.21244249999999942},"num_concepts_raised":152686},{"base_id":802,"kind":"bot_words","i1":2,"i2":5,"sol":{"path":["/c/en/neuroplasticity","/c/en/brain_derived_neurotrophic_factor","/c/en/protein","/c/en/foot","/c/en/chair","/c/en/chairperson"],"weight":0.22553579999999954},"num_concepts_raised":991045},{"base_id":802,"kind":"bot_words","i1":2,"i2":6,"sol":{"path":["/c/en/neuroplasticity","/c/en/brain_derived_neurotrophic_factor","/c/en/protein","/c/en/domain","/c/fr/pays","/c/fr/arubéen","/c/en/aruban"],"weight":0.2123863999999998},"num_concepts_raised":19309},{"base_id":802,"kind":"bot_words","i1":2,"i2":7,"sol":{"path":["/c/en/neuroplasticity","/c/en/brain_derived_neurotrophic_factor","/c/en/protein","/c/en/fish","/c/en/spear","/c/en/atlatl"],"weight":0.21020919999999976},"num_concepts_raised":71192},{"base_id":802,"kind":"bot_words","i1":2,"i2":8,"sol":{"path":["/c/en/neuroplasticity","/c/en/brain_derived_neurotrophic_factor","/c/en/protein","/c/en/chicken","/c/en/attractive","/c/en/sightly"],"weight":0.21100599999999958},"num_concepts_raised":286107},{"base_id":802,"kind":"bot_words","i1":2,"i2":9,"sol":{"path":["/c/en/neuroplasticity","/c/en/brain_derived_neurotrophic_factor","/c/en/protein","/c/en/chicken","/c/en/java","/c/en/javan"],"weight":0.2145616999999998},"num_concepts_raised":135671},{"base_id":802,"kind":"bot_words","i1":3,"i2":4,"sol":{"path":["/c/en/arsenide","/c/en/atom","/c/en/union","/c/en/county_seat","/c/en/taos"],"weight":0.2085099999999997},"num_concepts_raised":10620},{"base_id":802,"kind":"bot_words","i1":3,"i2":5,"sol":{"path":["/c/en/arsenide","/c/en/electron","/c/en/leader","/c/en/chairperson"],"weight":0.21512999999999957},"num_concepts_raised":27191},{"base_id":802,"kind":"bot_words","i1":3,"i2":6,"sol":{"path":["/c/en/arsenide","/c/en/atom","/c/fr/physique","/c/fr/géographie","/c/fr/arubéen","/c/en/aruban"],"weight":0.21414559999999958},"num_concepts_raised":471815},{"base_id":802,"kind":"bot_words","i1":3,"i2":7,"sol":{"path":["/c/en/arsenide","/c/en/atom","/c/en/small","/c/en/dart","/c/en/atlatl"],"weight":0.20838999999999974},"num_concepts_raised":8349},{"base_id":802,"kind":"bot_words","i1":3,"i2":8,"sol":{"path":["/c/en/arsenide","/c/en/atom","/c/en/description","/c/en/beautiful","/c/en/sightly"],"weight":0.2100699999999996},"num_concepts_raised":11157},{"base_id":802,"kind":"bot_words","i1":3,"i2":9,"sol":{"path":["/c/en/arsenide","/c/en/chemical_compound","/c/en/proscribed","/c/en/java","/c/en/javan"],"weight":0.21048999999999973},"num_concepts_raised":9175},{"base_id":802,"kind":"bot_words","i1":4,"i2":5,"sol":{"path":["/c/en/taos","/c/en/county_seat","/c/en/government","/c/en/chairman","/c/en/chairperson"],"weight":0.2146999999999997},"num_concepts_raised":23056},{"base_id":802,"kind":"bot_words","i1":4,"i2":6,"sol":{"path":["/c/en/taos","/c/fr/taos","/c/fr/géographie","/c/fr/arubéen","/c/en/aruban"],"weight":0.20487999999999992},"num_concepts_raised":3390},{"base_id":802,"kind":"bot_words","i1":4,"i2":7,"sol":{"path":["/c/en/taos","/c/en/pueblo","/c/en/game","/c/en/dart","/c/en/atlatl"],"weight":0.2028199999999999},"num_concepts_raised":4191},{"base_id":802,"kind":"bot_words","i1":4,"i2":8,"sol":{"path":["/c/en/taos","/c/en/county_seat","/c/en/bucyrus","/c/en/beautiful","/c/en/sightly"],"weight":0.20451999999999976},"num_concepts_raised":7014},{"base_id":802,"kind":"bot_words","i1":4,"i2":9,"sol":{"path":["/c/en/taos","/c/fr/taos","/c/fr/états_unis","/c/fr/javanais","/c/en/javan"],"weight":0.20488999999999988},"num_concepts_raised":5001},{"base_id":802,"kind":"bot_words","i1":5,"i2":6,"sol":{"path":["/c/en/chairperson","/c/zh/主席","/c/en/country","/c/en/aruba","/c/en/aruban"],"weight":0.2125299999999998},"num_concepts_raised":20043},{"base_id":802,"kind":"bot_words","i1":5,"i2":7,"sol":{"path":["/c/en/chairperson","/c/en/board","/c/en/dart","/c/en/atlatl"],"weight":0.20936999999999978},"num_concepts_raised":20818},{"base_id":802,"kind":"bot_words","i1":5,"i2":8,"sol":{"path":["/c/en/chairperson","/c/en/person","/c/en/fair","/c/en/sightly"],"weight":0.21195999999999965},"num_concepts_raised":23522},{"base_id":802,"kind":"bot_words","i1":5,"i2":9,"sol":{"path":["/c/en/chairperson","/c/en/person","/c/en/japheth","/c/en/javan"],"weight":0.21150999999999975},"num_concepts_raised":21611},{"base_id":802,"kind":"bot_words","i1":6,"i2":7,"sol":{"path":["/c/en/aruban","/c/fr/arubéen","/c/fr/pays","/c/en/australia","/c/en/woomera","/c/en/atlatl"],"weight":0.20966519999999994},"num_concepts_raised":84992},{"base_id":802,"kind":"bot_words","i1":6,"i2":8,"sol":{"path":["/c/en/aruban","/c/en/aruba","/c/en/country","/c/en/fair","/c/en/sightly"],"weight":0.20413999999999982},"num_concepts_raised":3941},{"base_id":802,"kind":"bot_words","i1":6,"i2":9,"sol":{"path":["/c/en/aruban","/c/en/aruba","/c/fr/îles","/c/en/java","/c/en/javan"],"weight":0.20585999999999993},"num_concepts_raised":1943},{"base_id":802,"kind":"bot_words","i1":7,"i2":8,"sol":{"path":["/c/en/atlatl","/c/en/spear","/c/en/horse","/c/en/beautiful","/c/en/sightly"],"weight":0.20444999999999983},"num_concepts_raised":4739},{"base_id":802,"kind":"bot_words","i1":7,"i2":9,"sol":{"path":["/c/en/atlatl","/c/en/dart","/c/en/c_sharp","/c/en/java","/c/en/javan"],"weight":0.20493999999999996},"num_concepts_raised":2742},{"base_id":802,"kind":"bot_words","i1":8,"i2":9,"sol":{"path":["/c/en/sightly","/c/en/beautiful","/c/en/dance","/c/en/java","/c/en/javan"],"weight":0.20656999999999978},"num_concepts_raised":5565}],[{"base_id":802,"kind":"top_words","i1":0,"i2":1,"sol":{"path":["/c/en/reticulum","/c/en/calsequestrin","/c/en/protein","/c/en/leucine"],"weight":0.21619999999999975},"num_concepts_raised":26611},{"base_id":802,"kind":"top_words","i1":0,"i2":2,"sol":{"path":["/c/en/reticulum","/c/en/pattern","/c/en/garment","/c/en/frock","/c/en/defrock"],"weight":0.21054999999999965},"num_concepts_raised":16346},{"base_id":802,"kind":"top_words","i1":0,"i2":3,"sol":{"path":["/c/en/reticulum","/c/en/reticulate","/c/en/change","/c/en/hydrolyze"],"weight":0.2097499999999996},"num_concepts_raised":30156},{"base_id":802,"kind":"top_words","i1":0,"i2":4,"sol":{"path":["/c/en/reticulum","/c/en/network","/c/en/computing","/c/en/error"],"weight":0.2269999999999982},"num_concepts_raised":73677},{"base_id":802,"kind":"top_words","i1":0,"i2":5,"sol":{"path":["/c/en/reticulum","/c/en/asterism","/c/en/typographical"],"weight":0.20400000000000001},"num_concepts_raised":187},{"base_id":802,"kind":"top_words","i1":0,"i2":6,"sol":{"path":["/c/en/reticulum","/c/en/stomach","/c/en/stand","/c/en/handstand"],"weight":0.20981999999999967},"num_concepts_raised":19887},{"base_id":802,"kind":"top_words","i1":0,"i2":7,"sol":{"path":["/c/en/reticulum","/c/en/pattern","/c/en/us","/c/el/εκατόλιτρο","/c/en/hectoliter"],"weight":0.20961999999999958},"num_concepts_raised":15962},{"base_id":802,"kind":"top_words","i1":0,"i2":8,"sol":{"path":["/c/en/reticulum","/c/en/calsequestrin","/c/en/bind","/c/en/heme"],"weight":0.21549999999999953},"num_concepts_raised":29083},{"base_id":802,"kind":"top_words","i1":0,"i2":9,"sol":{"path":["/c/en/reticulum","/c/en/constellation","/c/en/star","/c/en/hydrogen","/c/en/dehydrogenase"],"weight":0.2171299999999997},"num_concepts_raised":20450},{"base_id":802,"kind":"top_words","i1":1,"i2":2,"sol":{"path":["/c/en/leucine","/c/en/animal","/c/en/frog","/c/en/frock","/c/en/defrock"],"weight":0.21048},"num_concepts_raised":11736},{"base_id":802,"kind":"top_words","i1":1,"i2":3,"sol":{"path":["/c/en/leucine","/c/en/amino_acid","/c/en/hydrolysis","/c/en/hydrolyze"],"weight":0.21298999999999996},"num_concepts_raised":25061},{"base_id":802,"kind":"top_words","i1":1,"i2":4,"sol":{"path":["/c/en/leucine","/c/en/animal","/c/en/drop","/c/en/error"],"weight":0.2242599999999986},"num_concepts_raised":69280},{"base_id":802,"kind":"top_words","i1":1,"i2":5,"sol":{"path":["/c/en/leucine","/c/en/essential_amino_acid","/c/en/body","/c/en/printing","/c/en/typographical"],"weight":0.21210000000000007},"num_concepts_raised":13130},{"base_id":802,"kind":"top_words","i1":1,"i2":6,"sol":{"path":["/c/en/leucine","/c/en/amino_acid","/c/en/sequence","/c/en/gymnastics","/c/en/handstand"],"weight":0.21201000000000003},"num_concepts_raised":15303},{"base_id":802,"kind":"top_words","i1":1,"i2":7,"sol":{"path":["/c/en/leucine","/c/mul/l","/c/en/litre","/c/en/hectolitre","/c/en/hectoliter"],"weight":0.21168999999999996},"num_concepts_raised":11349},{"base_id":802,"kind":"top_words","i1":1,"i2":8,"sol":{"path":["/c/en/leucine","/c/en/chemical_compound","/c/en/heme"],"weight":0.20600000000000002},"num_concepts_raised":171},{"base_id":802,"kind":"top_words","i1":1,"i2":9,"sol":{"path":["/c/en/leucine","/c/en/protein","/c/en/enzyme","/c/en/dehydrogenase"],"weight":0.2150700000000001},"num_concepts_raised":15633},{"base_id":802,"kind":"top_words","i1":2,"i2":3,"sol":{"path":["/c/en/defrock","/c/en/frock","/c/en/dress","/c/en/change","/c/en/hydrolyze"],"weight":0.20416999999999988},"num_concepts_raised":15049},{"base_id":802,"kind":"top_words","i1":2,"i2":4,"sol":{"path":["/c/en/defrock","/c/en/frock","/c/en/garment","/c/en/wrong","/c/en/error"],"weight":0.22154999999999847},"num_concepts_raised":59140},{"base_id":802,"kind":"top_words","i1":2,"i2":5,"sol":{"path":["/c/en/defrock","/c/en/clergy","/c/en/lay","/c/en/printing","/c/en/typographical"],"weight":0.20344999999999996},"num_concepts_raised":2578},{"base_id":802,"kind":"top_words","i1":2,"i2":6,"sol":{"path":["/c/en/defrock","/c/fr/défroquer","/c/fr/état","/c/fr/équilibre","/c/en/handstand"],"weight":0.20511999999999997},"num_concepts_raised":4792},{"base_id":802,"kind":"top_words","i1":2,"i2":7,"sol":{"path":["/c/en/defrock","/c/fr/défroquer","/c/fr/argent","/c/fr/symbole","/c/fr/hectolitre","/c/en/hectoliter"],"weight":0.21398719999999993},"num_concepts_raised":71278},{"base_id":802,"kind":"top_words","i1":2,"i2":8,"sol":{"path":["/c/en/defrock","/c/en/clergy","/c/en/cloth","/c/en/iron","/c/en/heme"],"weight":0.21108999999999983},"num_concepts_raised":14009},{"base_id":802,"kind":"top_words","i1":2,"i2":9,"sol":{"path":["/c/en/defrock","/c/fr/défroquer","/c/fr/état","/c/fr/chimie","/c/en/hydrogen","/c/en/dehydrogenase"],"weight":0.21553679999999958},"num_concepts_raised":155644},{"base_id":802,"kind":"top_words","i1":3,"i2":4,"sol":{"path":["/c/en/hydrolyze","/c/en/change","/c/en/make","/c/en/error"],"weight":0.21807999999999844},"num_concepts_raised":72386},{"base_id":802,"kind":"top_words","i1":3,"i2":5,"sol":{"path":["/c/en/hydrolyze","/c/en/chemistry","/c/en/type","/c/en/typography","/c/en/typographical"],"weight":0.2047099999999999},"num_concepts_raised":16441},{"base_id":802,"kind":"top_words","i1":3,"i2":6,"sol":{"path":["/c/en/hydrolyze","/c/en/chemistry","/c/en/digest","/c/en/stand","/c/en/handstand"],"weight":0.20345999999999992},"num_concepts_raised":18624},{"base_id":802,"kind":"top_words","i1":3,"i2":7,"sol":{"path":["/c/en/hydrolyze","/c/en/hydrolysis","/c/en/water","/c/en/volume","/c/en/hectolitre","/c/en/hectoliter"],"weight":0.21249309999999977},"num_concepts_raised":500745},{"base_id":802,"kind":"top_words","i1":3,"i2":8,"sol":{"path":["/c/en/hydrolyze","/c/en/chemistry","/c/en/iron","/c/en/heme"],"weight":0.21139999999999975},"num_concepts_raised":26803},{"base_id":802,"kind":"top_words","i1":3,"i2":9,"sol":{"path":["/c/en/hydrolyze","/c/en/hydrolysis","/c/en/hydrogen","/c/en/dehydrogenase"],"weight":0.20950999999999992},"num_concepts_raised":18735},{"base_id":802,"kind":"top_words","i1":4,"i2":5,"sol":{"path":["/c/en/error","/c/zh/正誤","/c/en/typographical"],"weight":0.20400000000000001},"num_concepts_raised":743},{"base_id":802,"kind":"top_words","i1":4,"i2":6,"sol":{"path":["/c/en/error","/c/en/slip","/c/en/stand","/c/en/handstand"],"weight":0.22056999999999852},"num_concepts_raised":62344},{"base_id":802,"kind":"top_words","i1":4,"i2":7,"sol":{"path":["/c/en/error","/c/en/computing","/c/en/volume","/c/en/hectolitre","/c/en/hectoliter"],"weight":0.22227999999999842},"num_concepts_raised":58781},{"base_id":802,"kind":"top_words","i1":4,"i2":8,"sol":{"path":["/c/en/error","/c/en/wrong","/c/en/iron","/c/en/heme"],"weight":0.22869999999999835},"num_concepts_raised":71434},{"base_id":802,"kind":"top_words","i1":4,"i2":9,"sol":{"path":["/c/en/error","/c/en/fault","/c/en/tangible_thing","/c/en/enzyme","/c/en/dehydrogenase"],"weight":0.22689999999999852},"num_concepts_raised":63248},{"base_id":802,"kind":"top_words","i1":5,"i2":6,"sol":{"path":["/c/en/typographical","/c/en/typographic","/c/en/letter","/c/en/hand","/c/en/handstand"],"weight":0.20475999999999997},"num_concepts_raised":6172},{"base_id":802,"kind":"top_words","i1":5,"i2":7,"sol":{"path":["/c/en/typographical","/c/en/typography","/c/en/comma","/c/fr/métrologie","/c/en/hectolitre","/c/en/hectoliter"],"weight":0.2132039999999997},"num_concepts_raised":239353},{"base_id":802,"kind":"top_words","i1":5,"i2":8,"sol":{"path":["/c/en/typographical","/c/en/typography","/c/en/ring","/c/en/heme"],"weight":0.21040999999999982},"num_concepts_raised":15380},{"base_id":802,"kind":"top_words","i1":5,"i2":9,"sol":{"path":["/c/en/typographical","/c/en/printing","/c/en/star","/c/en/hydrogen","/c/en/dehydrogenase"],"weight":0.20883000000000002},"num_concepts_raised":6687},{"base_id":802,"kind":"top_words","i1":6,"i2":7,"sol":{"path":["/c/en/handstand","/c/fa/بالانس","/c/fr/métrologie","/c/en/hectolitre","/c/en/hectoliter"],"weight":0.2053999999999999},"num_concepts_raised":4407},{"base_id":802,"kind":"top_words","i1":6,"i2":8,"sol":{"path":["/c/en/handstand","/c/en/hand","/c/en/molecule","/c/en/heme"],"weight":0.20919999999999983},"num_concepts_raised":17556},{"base_id":802,"kind":"top_words","i1":6,"i2":9,"sol":{"path":["/c/en/handstand","/c/en/hand","/c/en/star","/c/en/hydrogen","/c/en/dehydrogenase"],"weight":0.20855},"num_concepts_raised":8906},{"base_id":802,"kind":"top_words","i1":7,"i2":8,"sol":{"path":["/c/en/hectoliter","/c/el/εκατόλιτρο","/c/en/uk","/c/en/ring","/c/en/heme"],"weight":0.20896999999999977},"num_concepts_raised":13622},{"base_id":802,"kind":"top_words","i1":7,"i2":9,"sol":{"path":["/c/en/hectoliter","/c/en/hectolitre","/c/fr/royaume_uni","/c/en/arse","/c/en/enzyme","/c/en/dehydrogenase"],"weight":0.21627249999999967},"num_concepts_raised":129765},{"base_id":802,"kind":"top_words","i1":8,"i2":9,"sol":{"path":["/c/en/heme","/c/en/protoporphyrinogen_oxidase","/c/en/enzyme","/c/en/dehydrogenase"],"weight":0.21438999999999986},"num_concepts_raised":16333}]]