[[{"base_id":94,"kind":"bot_words","i1":0,"i2":1,"sol":{"path":["/c/en/mishnah","/c/en/torah","/c/en/genesis","/c/en/music","/c/en/sinfonietta"],"weight":0.21310999999999974},"num_concepts_raised":8646},{"base_id":94,"kind":"bot_words","i1":0,"i2":2,"sol":{"path":["/c/en/mishnah","/c/en/torah","/c/en/numbers","/c/en/even","/c/en/fully"],"weight":0.21116999999999908},"num_concepts_raised":13281},{"base_id":94,"kind":"bot_words","i1":0,"i2":3,"sol":{"path":["/c/en/mishnah","/c/en/torah","/c/en/book","/c/en/turn","/c/en/divert","/c/en/diverting"],"weight":0.21532179999999962},"num_concepts_raised":180207},{"base_id":94,"kind":"bot_words","i1":0,"i2":4,"sol":{"path":["/c/en/mishnah","/c/en/mishnaic","/c/en/talmudic","/c/he/חבר","/c/en/boyfriend"],"weight":0.22490999999999978},"num_concepts_raised":19394},{"base_id":94,"kind":"bot_words","i1":0,"i2":5,"sol":{"path":["/c/en/mishnah","/c/en/torah","/c/en/book","/c/en/uk","/c/en/blimey"],"weight":0.20836999999999972},"num_concepts_raised":9110},{"base_id":94,"kind":"bot_words","i1":0,"i2":6,"sol":{"path":["/c/en/mishnah","/c/en/torah","/c/en/ark","/c/en/animal","/c/en/dog","/c/en/sheepdog"],"weight":0.21736579999999966},"num_concepts_raised":328999},{"base_id":94,"kind":"bot_words","i1":0,"i2":7,"sol":{"path":["/c/en/mishnah","/c/he/משנה","/c/en/double","/c/en/military","/c/en/fighter"],"weight":0.21729999999999935},"num_concepts_raised":21395},{"base_id":94,"kind":"bot_words","i1":0,"i2":8,"sol":{"path":["/c/en/mishnah","/c/en/torah","/c/en/book","/c/en/face","/c/en/octahedron","/c/en/octahedral"],"weight":0.2124091999999997},"num_concepts_raised":50524},{"base_id":94,"kind":"bot_words","i1":0,"i2":9,"sol":{"path":["/c/en/mishnah","/c/en/torah","/c/en/ark","/c/en/animal","/c/en/bird","/c/en/sterna"],"weight":0.21636789999999906},"num_concepts_raised":265522},{"base_id":94,"kind":"bot_words","i1":1,"i2":2,"sol":{"path":["/c/en/sinfonietta","/c/en/music","/c/en/fill","/c/en/fully"],"weight":0.21124999999999922},"num_concepts_raised":20838},{"base_id":94,"kind":"bot_words","i1":1,"i2":3,"sol":{"path":["/c/en/sinfonietta","/c/en/music","/c/en/fun","/c/fr/divertissant","/c/en/diverting"],"weight":0.21065999999999985},"num_concepts_raised":10227},{"base_id":94,"kind":"bot_words","i1":1,"i2":4,"sol":{"path":["/c/en/sinfonietta","/c/en/music","/c/en/contemporary_r_b","/c/en/boyfriend"],"weight":0.2227999999999999},"num_concepts_raised":26897},{"base_id":94,"kind":"bot_words","i1":1,"i2":5,"sol":{"path":["/c/en/sinfonietta","/c/en/music","/c/fr/disque","/c/fr/mince","/c/en/blimey"],"weight":0.20928999999999987},"num_concepts_raised":16696},{"base_id":94,"kind":"bot_words","i1":1,"i2":6,"sol":{"path":["/c/en/sinfonietta","/c/en/music","/c/en/wolf","/c/en/dog","/c/en/sheepdog"],"weight":0.2112},"num_concepts_raised":11946},{"base_id":94,"kind":"bot_words","i1":1,"i2":7,"sol":{"path":["/c/en/sinfonietta","/c/en/music","/c/en/person","/c/en/warrior","/c/en/fighter"],"weight":0.21988999999999947},"num_concepts_raised":28888},{"base_id":94,"kind":"bot_words","i1":1,"i2":8,"sol":{"path":["/c/en/sinfonietta","/c/en/music","/c/en/triangle","/c/en/octahedron","/c/en/octahedral"],"weight":0.2089399999999999},"num_concepts_raised":8377},{"base_id":94,"kind":"bot_words","i1":1,"i2":9,"sol":{"path":["/c/en/sinfonietta","/c/en/music","/c/en/sing","/c/en/bird","/c/en/sterna"],"weight":0.21323999999999982},"num_concepts_raised":12913},{"base_id":94,"kind":"bot_words","i1":2,"i2":3,"sol":{"path":["/c/en/fully","/c/en/full","/c/en/rich","/c/en/amusing","/c/en/diverting"],"weight":0.21051999999999915},"num_concepts_raised":14867},{"base_id":94,"kind":"bot_words","i1":2,"i2":4,"sol":{"path":["/c/en/fully","/c/en/adult","/c/en/man","/c/en/boyfriend"],"weight":0.2235099999999992},"num_concepts_raised":31326},{"base_id":94,"kind":"bot_words","i1":2,"i2":5,"sol":{"path":["/c/en/fully","/c/en/half","/c/en/uk","/c/en/blimey"],"weight":0.2063699999999992},"num_concepts_raised":21253},{"base_id":94,"kind":"bot_words","i1":2,"i2":6,"sol":{"path":["/c/en/fully","/c/en/adult","/c/en/sheep","/c/en/sheepdog"],"weight":0.2090699999999993},"num_concepts_raised":16533},{"base_id":94,"kind":"bot_words","i1":2,"i2":7,"sol":{"path":["/c/en/fully","/c/en/full","/c/en/hurricane","/c/en/fighter"],"weight":0.2177599999999988},"num_concepts_raised":33374},{"base_id":94,"kind":"bot_words","i1":2,"i2":8,"sol":{"path":["/c/en/fully","/c/en/entire","/c/en/face","/c/en/octahedron","/c/en/octahedral"],"weight":0.2070999999999992},"num_concepts_raised":13007},{"base_id":94,"kind":"bot_words","i1":2,"i2":9,"sol":{"path":["/c/en/fully","/c/en/completely","/c/en/bone","/c/en/sternum","/c/en/sterna"],"weight":0.21573999999999915},"num_concepts_raised":17527},{"base_id":94,"kind":"bot_words","i1":3,"i2":4,"sol":{"path":["/c/en/diverting","/c/en/watching_movie","/c/en/date","/c/en/boyfriend"],"weight":0.21816999999999986},"num_concepts_raised":20949},{"base_id":94,"kind":"bot_words","i1":3,"i2":5,"sol":{"path":["/c/en/diverting","/c/en/divert","/c/en/turn","/c/en/gee","/c/en/blimey"],"weight":0.20576999999999984},"num_concepts_raised":10706},{"base_id":94,"kind":"bot_words","i1":3,"i2":6,"sol":{"path":["/c/en/diverting","/c/fr/divertissant","/c/en/fun","/c/en/dog","/c/en/sheepdog"],"weight":0.20869999999999994},"num_concepts_raised":5895},{"base_id":94,"kind":"bot_words","i1":3,"i2":7,"sol":{"path":["/c/en/diverting","/c/en/entertaining","/c/en/fight","/c/en/fighter"],"weight":0.21570999999999946},"num_concepts_raised":22964},{"base_id":94,"kind":"bot_words","i1":3,"i2":8,"sol":{"path":["/c/en/diverting","/c/en/interesting","/c/en/edge","/c/en/cubooctahedron","/c/en/octahedral"],"weight":0.20415999999999984},"num_concepts_raised":2302},{"base_id":94,"kind":"bot_words","i1":3,"i2":9,"sol":{"path":["/c/en/diverting","/c/en/entertaining","/c/en/sing","/c/en/bird","/c/en/sterna"],"weight":0.20977999999999977},"num_concepts_raised":6852},{"base_id":94,"kind":"bot_words","i1":4,"i2":5,"sol":{"path":["/c/en/boyfriend","/c/en/boy","/c/nl/amai","/c/en/blimey"],"weight":0.22078999999999988},"num_concepts_raised":27250},{"base_id":94,"kind":"bot_words","i1":4,"i2":6,"sol":{"path":["/c/en/boyfriend","/c/en/boy","/c/en/dog","/c/en/sheepdog"],"weight":0.22369},"num_concepts_raised":22534},{"base_id":94,"kind":"bot_words","i1":4,"i2":7,"sol":{"path":["/c/en/boyfriend","/c/cs/stíhačka","/c/en/fighter"],"weight":0.20800000000000002},"num_concepts_raised":618},{"base_id":94,"kind":"bot_words","i1":4,"i2":8,"sol":{"path":["/c/en/boyfriend","/c/en/fellow","/c/en/regular","/c/en/octahedron","/c/en/octahedral"],"weight":0.21889999999999987},"num_concepts_raised":19127},{"base_id":94,"kind":"bot_words","i1":4,"i2":9,"sol":{"path":["/c/en/boyfriend","/c/en/man","/c/en/bird","/c/en/sterna"],"weight":0.2255999999999998},"num_concepts_raised":23573},{"base_id":94,"kind":"bot_words","i1":5,"i2":6,"sol":{"path":["/c/en/blimey","/c/en/australia","/c/en/kelpie","/c/en/sheepdog"],"weight":0.20414999999999997},"num_concepts_raised":12331},{"base_id":94,"kind":"bot_words","i1":5,"i2":7,"sol":{"path":["/c/en/blimey","/c/en/new_zealand","/c/en/soldier","/c/en/fighter"],"weight":0.21457999999999944},"num_concepts_raised":29165},{"base_id":94,"kind":"bot_words","i1":5,"i2":8,"sol":{"path":["/c/en/blimey","/c/en/uk","/c/en/regular","/c/en/octahedron","/c/en/octahedral"],"weight":0.20418999999999987},"num_concepts_raised":8839},{"base_id":94,"kind":"bot_words","i1":5,"i2":9,"sol":{"path":["/c/en/blimey","/c/en/uk","/c/en/bird","/c/en/sterna"],"weight":0.2084899999999998},"num_concepts_raised":13291},{"base_id":94,"kind":"bot_words","i1":6,"i2":7,"sol":{"path":["/c/en/sheepdog","/c/en/dog","/c/en/soldier","/c/en/fighter"],"weight":0.21735999999999958},"num_concepts_raised":24603},{"base_id":94,"kind":"bot_words","i1":6,"i2":8,"sol":{"path":["/c/en/sheepdog","/c/en/dog","/c/en/animal","/c/en/face","/c/en/octahedron","/c/en/octahedral"],"weight":0.21440469999999984},"num_concepts_raised":324660},{"base_id":94,"kind":"bot_words","i1":6,"i2":9,"sol":{"path":["/c/en/sheepdog","/c/en/dog","/c/en/bone","/c/en/sternum","/c/en/sterna"],"weight":0.2133199999999999},"num_concepts_raised":8543},{"base_id":94,"kind":"bot_words","i1":7,"i2":8,"sol":{"path":["/c/en/fighter","/c/en/soldier","/c/en/regular","/c/en/octahedron","/c/en/octahedral"],"weight":0.21521999999999947},"num_concepts_raised":21127},{"base_id":94,"kind":"bot_words","i1":7,"i2":9,"sol":{"path":["/c/en/fighter","/c/en/airplane","/c/en/bird","/c/en/sterna"],"weight":0.2171399999999994},"num_concepts_raised":25595},{"base_id":94,"kind":"bot_words","i1":8,"i2":9,"sol":{"path":["/c/en/octahedral","/c/en/octahedron","/c/en/solid","/c/en/bone","/c/en/sternum","/c/en/sterna"],"weight":0.21478699999999967},"num_concepts_raised":260583}],[{"base_id":94,"kind":"top_words","i1":0,"i2":1,"sol":{"path":["/c/en/fend","/c/en/responsibility","/c/en/success","/c/en/successfully"],"weight":0.20489999999999975},"num_concepts_raised":18061},{"base_id":94,"kind":"top_words","i1":0,"i2":2,"sol":{"path":["/c/en/fend","/c/en/fend_away","/c/en/turn","/c/en/deflect"],"weight":0.20568999999999954},"num_concepts_raised":28908},{"base_id":94,"kind":"top_words","i1":0,"i2":3,"sol":{"path":["/c/en/fend","/c/en/uk","/c/en/soft","/c/en/brushed"],"weight":0.20397999999999983},"num_concepts_raised":17642},{"base_id":94,"kind":"top_words","i1":0,"i2":4,"sol":{"path":["/c/en/fend","/c/en/responsibility","/c/en/place","/c/en/lob"],"weight":0.2040099999999996},"num_concepts_raised":42109},{"base_id":94,"kind":"top_words","i1":0,"i2":5,"sol":{"path":["/c/en/fend","/c/en/fiend","/c/en/slang","/c/en/stump","/c/en/stumped"],"weight":0.2050599999999998},"num_concepts_raised":16047},{"base_id":94,"kind":"top_words","i1":0,"i2":6,"sol":{"path":["/c/en/fend","/c/en/responsibility","/c/en/success","/c/en/unsuccessfully"],"weight":0.20309999999999984},"num_concepts_raised":14340},{"base_id":94,"kind":"top_words","i1":0,"i2":7,"sol":{"path":["/c/en/fend","/c/en/enemy","/c/en/us","/c/en/eurodollar"],"weight":0.20298999999999984},"num_concepts_raised":23614},{"base_id":94,"kind":"top_words","i1":0,"i2":8,"sol":{"path":["/c/en/fend","/c/en/fiend","/c/en/slang","/c/en/brush","/c/en/brushing"],"weight":0.2062699999999998},"num_concepts_raised":21220},{"base_id":94,"kind":"top_words","i1":0,"i2":9,"sol":{"path":["/c/en/fend","/c/en/resist","/c/en/outbrave","/c/en/bravely"],"weight":0.2036899999999997},"num_concepts_raised":14908},{"base_id":94,"kind":"top_words","i1":1,"i2":2,"sol":{"path":["/c/en/successfully","/c/en/success","/c/en/make","/c/en/deflect"],"weight":0.2061799999999995},"num_concepts_raised":21067},{"base_id":94,"kind":"top_words","i1":1,"i2":3,"sol":{"path":["/c/en/successfully","/c/en/successful","/c/ja/甘い","/c/en/soft","/c/en/brushed"],"weight":0.20583999999999983},"num_concepts_raised":9635},{"base_id":94,"kind":"top_words","i1":1,"i2":4,"sol":{"path":["/c/en/successfully","/c/en/success","/c/en/hit","/c/en/lob"],"weight":0.20583999999999958},"num_concepts_raised":34497},{"base_id":94,"kind":"top_words","i1":1,"i2":5,"sol":{"path":["/c/en/successfully","/c/en/find","/c/en/out","/c/en/stumped"],"weight":0.20365999999999976},"num_concepts_raised":8023},{"base_id":94,"kind":"top_words","i1":1,"i2":6,"sol":{"path":["/c/en/successfully","/c/en/unsuccessfully"],"weight":0.202},"num_concepts_raised":115},{"base_id":94,"kind":"top_words","i1":1,"i2":7,"sol":{"path":["/c/en/successfully","/c/en/successful","/c/en/profit","/c/en/bank","/c/en/eurodollar"],"weight":0.20482999999999985},"num_concepts_raised":16520},{"base_id":94,"kind":"top_words","i1":1,"i2":8,"sol":{"path":["/c/en/successfully","/c/ja/まんまと","/c/en/clean","/c/en/brush","/c/en/brushing"],"weight":0.20689999999999978},"num_concepts_raised":13253},{"base_id":94,"kind":"top_words","i1":1,"i2":9,"sol":{"path":["/c/en/successfully","/c/fr/avec","/c/fr/valeureusement","/c/en/bravely"],"weight":0.20432999999999968},"num_concepts_raised":6811},{"base_id":94,"kind":"top_words","i1":2,"i2":3,"sol":{"path":["/c/en/deflect","/c/en/tool","/c/en/brush","/c/en/brushed"],"weight":0.20531999999999961},"num_concepts_raised":20590},{"base_id":94,"kind":"top_words","i1":2,"i2":4,"sol":{"path":["/c/en/deflect","/c/en/intercept","/c/fr/sport","/c/en/lob"],"weight":0.20621999999999938},"num_concepts_raised":44564},{"base_id":94,"kind":"top_words","i1":2,"i2":5,"sol":{"path":["/c/en/deflect","/c/en/cut","/c/en/stump","/c/en/stumped"],"weight":0.20516999999999955},"num_concepts_raised":18975},{"base_id":94,"kind":"top_words","i1":2,"i2":6,"sol":{"path":["/c/en/deflect","/c/en/make","/c/en/success","/c/en/unsuccessfully"],"weight":0.2043699999999996},"num_concepts_raised":17366},{"base_id":94,"kind":"top_words","i1":2,"i2":7,"sol":{"path":["/c/en/deflect","/c/en/turn","/c/en/bank","/c/en/eurodollar"],"weight":0.20450999999999964},"num_concepts_raised":27392},{"base_id":94,"kind":"top_words","i1":2,"i2":8,"sol":{"path":["/c/en/deflect","/c/en/tool","/c/en/brush","/c/en/brushing"],"weight":0.20638999999999957},"num_concepts_raised":24121},{"base_id":94,"kind":"top_words","i1":2,"i2":9,"sol":{"path":["/c/en/deflect","/c/en/make","/c/en/film","/c/en/brave","/c/en/bravely"],"weight":0.20614999999999944},"num_concepts_raised":17953},{"base_id":94,"kind":"top_words","i1":3,"i2":4,"sol":{"path":["/c/en/brushed","/c/en/paint","/c/en/put","/c/en/lob"],"weight":0.2038799999999997},"num_concepts_raised":34072},{"base_id":94,"kind":"top_words","i1":3,"i2":5,"sol":{"path":["/c/en/brushed","/c/en/brush","/c/en/slang","/c/en/stump","/c/en/stumped"],"weight":0.20497999999999988},"num_concepts_raised":7555},{"base_id":94,"kind":"top_words","i1":3,"i2":6,"sol":{"path":["/c/en/brushed","/c/en/soft","/c/en/washout","/c/en/unsuccessful","/c/en/unsuccessfully"],"weight":0.20494999999999994},"num_concepts_raised":5785},{"base_id":94,"kind":"top_words","i1":3,"i2":7,"sol":{"path":["/c/en/brushed","/c/en/brush","/c/en/slang","/c/en/bank","/c/en/eurodollar"],"weight":0.20397999999999997},"num_concepts_raised":16011},{"base_id":94,"kind":"top_words","i1":3,"i2":8,"sol":{"path":["/c/en/brushed","/c/en/brush","/c/en/brushing"],"weight":0.20500000000000002},"num_concepts_raised":48},{"base_id":94,"kind":"top_words","i1":3,"i2":9,"sol":{"path":["/c/en/brushed","/c/en/brush","/c/en/video_game","/c/en/brave","/c/en/bravely"],"weight":0.2058399999999998},"num_concepts_raised":6347},{"base_id":94,"kind":"top_words","i1":4,"i2":5,"sol":{"path":["/c/en/lob","/c/fr/sport","/c/fr/cricket","/c/en/stumped"],"weight":0.20488999999999963},"num_concepts_raised":32298},{"base_id":94,"kind":"top_words","i1":4,"i2":6,"sol":{"path":["/c/en/lob","/c/en/hit","/c/en/success","/c/en/unsuccessfully"],"weight":0.2040099999999997},"num_concepts_raised":30851},{"base_id":94,"kind":"top_words","i1":4,"i2":7,"sol":{"path":["/c/en/lob","/c/en/cob","/c/en/us","/c/en/eurodollar"],"weight":0.2047899999999997},"num_concepts_raised":40395},{"base_id":94,"kind":"top_words","i1":4,"i2":8,"sol":{"path":["/c/en/lob","/c/en/put","/c/en/paint","/c/en/brushing"],"weight":0.20387999999999964},"num_concepts_raised":37545},{"base_id":94,"kind":"top_words","i1":4,"i2":9,"sol":{"path":["/c/en/lob","/c/en/fish","/c/en/beard","/c/en/bravely"],"weight":0.20455999999999952},"num_concepts_raised":31458},{"base_id":94,"kind":"top_words","i1":5,"i2":6,"sol":{"path":["/c/en/stumped","/c/en/out","/c/en/unsuccessful","/c/en/unsuccessfully"],"weight":0.20395999999999986},"num_concepts_raised":4193},{"base_id":94,"kind":"top_words","i1":5,"i2":7,"sol":{"path":["/c/en/stumped","/c/en/stump","/c/en/us","/c/en/eurodollar"],"weight":0.2037699999999999},"num_concepts_raised":14396},{"base_id":94,"kind":"top_words","i1":5,"i2":8,"sol":{"path":["/c/en/stumped","/c/en/stump","/c/en/slang","/c/en/brush","/c/en/brushing"],"weight":0.20602999999999982},"num_concepts_raised":11154},{"base_id":94,"kind":"top_words","i1":5,"i2":9,"sol":{"path":["/c/en/stumped","/c/en/stump","/c/en/stand_up","/c/en/brave","/c/en/bravely"],"weight":0.2057299999999997},"num_concepts_raised":4765},{"base_id":94,"kind":"top_words","i1":6,"i2":7,"sol":{"path":["/c/en/unsuccessfully","/c/en/unsuccessful","/c/en/fail","/c/en/us","/c/en/eurodollar"],"weight":0.20389999999999994},"num_concepts_raised":12699},{"base_id":94,"kind":"top_words","i1":6,"i2":8,"sol":{"path":["/c/en/unsuccessfully","/c/en/unsuccessful","/c/en/person","/c/en/light","/c/en/brushing"],"weight":0.20390999999999987},"num_concepts_raised":9410},{"base_id":94,"kind":"top_words","i1":6,"i2":9,"sol":{"path":["/c/en/unsuccessfully","/c/en/unsuccessful","/c/en/person","/c/en/beard","/c/en/bravely"],"weight":0.20463999999999977},"num_concepts_raised":2959},{"base_id":94,"kind":"top_words","i1":7,"i2":8,"sol":{"path":["/c/en/eurodollar","/c/en/united_states","/c/en/light","/c/en/brushing"],"weight":0.2027799999999999},"num_concepts_raised":19572},{"base_id":94,"kind":"top_words","i1":7,"i2":9,"sol":{"path":["/c/en/eurodollar","/c/en/bank","/c/en/home","/c/en/brave","/c/en/bravely"],"weight":0.2047299999999998},"num_concepts_raised":13263},{"base_id":94,"kind":"top_words","i1":8,"i2":9,"sol":{"path":["/c/en/brushing","/c/en/hair","/c/en/beard","/c/en/bravely"],"weight":0.20361999999999972},"num_concepts_raised":9940}]]