[[{"base_id":435,"kind":"bot_words","i1":0,"i2":1,"sol":{"path":["/c/en/pradesh","/c/hi/प्रदेश","/c/en/land","/c/en/person","/c/en/dishonor"],"weight":0.20602999999999935},"num_concepts_raised":21948},{"base_id":435,"kind":"bot_words","i1":0,"i2":2,"sol":{"path":["/c/en/pradesh","/c/en/andhra_pradesh","/c/en/port","/c/en/scotland","/c/en/humble","/c/en/humbly"],"weight":0.20791719999999964},"num_concepts_raised":106828},{"base_id":435,"kind":"bot_words","i1":0,"i2":3,"sol":{"path":["/c/en/pradesh","/c/en/uttar_pradesh","/c/en/loo","/c/en/urge","/c/en/hearten"],"weight":0.20299999999999974},"num_concepts_raised":2936},{"base_id":435,"kind":"bot_words","i1":0,"i2":4,"sol":{"path":["/c/en/pradesh","/c/bn/প্রদেশ","/c/en/state","/c/en/wild","/c/en/zoo"],"weight":0.21820000000000012},"num_concepts_raised":77853},{"base_id":435,"kind":"bot_words","i1":0,"i2":5,"sol":{"path":["/c/en/pradesh","/c/bn/প্রদেশ","/c/en/state","/c/en/heat","/c/en/bakelite"],"weight":0.20858999999999991},"num_concepts_raised":6597},{"base_id":435,"kind":"bot_words","i1":0,"i2":6,"sol":{"path":["/c/en/pradesh","/c/hi/प्रदेश","/c/en/province","/c/en/route","/c/en/internet","/c/en/nginx"],"weight":0.21209509999999934},"num_concepts_raised":245475},{"base_id":435,"kind":"bot_words","i1":0,"i2":7,"sol":{"path":["/c/en/pradesh","/c/bn/প্রদেশ","/c/en/state","/c/en/mercenary","/c/en/freebooter"],"weight":0.20288999999999985},"num_concepts_raised":1868},{"base_id":435,"kind":"bot_words","i1":0,"i2":8,"sol":{"path":["/c/en/pradesh","/c/hi/प्रदेश","/c/en/province","/c/en/newspaper","/c/en/copy","/c/en/copywriter"],"weight":0.21018509999999963},"num_concepts_raised":255330},{"base_id":435,"kind":"bot_words","i1":0,"i2":9,"sol":{"path":["/c/en/pradesh","/c/hi/प्रदेश","/c/en/land","/c/en/object","/c/en/metaphor"],"weight":0.2135599999999997},"num_concepts_raised":20135},{"base_id":435,"kind":"bot_words","i1":1,"i2":2,"sol":{"path":["/c/en/dishonor","/c/en/humiliation","/c/en/humble","/c/en/humbly"],"weight":0.20668999999999937},"num_concepts_raised":23019},{"base_id":435,"kind":"bot_words","i1":1,"i2":3,"sol":{"path":["/c/en/dishonor","/c/en/gusset","/c/en/strengthen","/c/en/hearten"],"weight":0.2051499999999993},"num_concepts_raised":24169},{"base_id":435,"kind":"bot_words","i1":1,"i2":4,"sol":{"path":["/c/en/dishonor","/c/en/person","/c/en/zoo"],"weight":0.20400000000000001},"num_concepts_raised":508},{"base_id":435,"kind":"bot_words","i1":1,"i2":5,"sol":{"path":["/c/en/dishonor","/c/en/shame","/c/en/feeling","/c/en/heat","/c/en/bakelite"],"weight":0.21472999999999945},"num_concepts_raised":27776},{"base_id":435,"kind":"bot_words","i1":1,"i2":6,"sol":{"path":["/c/en/dishonor","/c/en/shame","/c/en/donglegate","/c/en/internet","/c/en/nginx"],"weight":0.2139199999999993},"num_concepts_raised":25778},{"base_id":435,"kind":"bot_words","i1":1,"i2":7,"sol":{"path":["/c/en/dishonor","/c/en/rape","/c/en/plunder","/c/en/freebooter"],"weight":0.20539999999999942},"num_concepts_raised":23086},{"base_id":435,"kind":"bot_words","i1":1,"i2":8,"sol":{"path":["/c/en/dishonor","/c/en/person","/c/en/advertisement","/c/en/copywriter"],"weight":0.20549999999999938},"num_concepts_raised":25064},{"base_id":435,"kind":"bot_words","i1":1,"i2":9,"sol":{"path":["/c/en/dishonor","/c/en/person","/c/en/target","/c/en/metaphor"],"weight":0.21497999999999926},"num_concepts_raised":40664},{"base_id":435,"kind":"bot_words","i1":2,"i2":3,"sol":{"path":["/c/en/humbly","/c/en/humble","/c/en/change","/c/en/strengthen","/c/en/hearten"],"weight":0.20448999999999978},"num_concepts_raised":4059},{"base_id":435,"kind":"bot_words","i1":2,"i2":4,"sol":{"path":["/c/en/humbly","/c/en/beg","/c/en/people","/c/en/zoo"],"weight":0.21464000000000014},"num_concepts_raised":78952},{"base_id":435,"kind":"bot_words","i1":2,"i2":5,"sol":{"path":["/c/en/humbly","/c/en/humble","/c/en/arrogant","/c/en/plastic","/c/en/bakelite"],"weight":0.21010999999999994},"num_concepts_raised":7725},{"base_id":435,"kind":"bot_words","i1":2,"i2":6,"sol":{"path":["/c/en/humbly","/c/en/humble","/c/en/mean","/c/en/software","/c/en/nginx"],"weight":0.20935999999999982},"num_concepts_raised":5730},{"base_id":435,"kind":"bot_words","i1":2,"i2":7,"sol":{"path":["/c/en/humbly","/c/en/beg","/c/en/action","/c/en/filibuster","/c/en/freebooter"],"weight":0.2054899999999999},"num_concepts_raised":3002},{"base_id":435,"kind":"bot_words","i1":2,"i2":8,"sol":{"path":["/c/en/humbly","/c/en/beg","/c/en/action","/c/en/copy","/c/en/copywriter"],"weight":0.2047099999999999},"num_concepts_raised":5023},{"base_id":435,"kind":"bot_words","i1":2,"i2":9,"sol":{"path":["/c/en/humbly","/c/en/humble","/c/ja/じゃま","/c/en/metaphor"],"weight":0.2140199999999997},"num_concepts_raised":21238},{"base_id":435,"kind":"bot_words","i1":3,"i2":4,"sol":{"path":["/c/en/hearten","/c/en/encourage","/c/en/train","/c/en/zoo"],"weight":0.21459000000000006},"num_concepts_raised":80039},{"base_id":435,"kind":"bot_words","i1":3,"i2":5,"sol":{"path":["/c/en/hearten","/c/fr/réconforter","/c/fi/lämmittää","/c/en/heat","/c/en/bakelite"],"weight":0.20990999999999987},"num_concepts_raised":8855},{"base_id":435,"kind":"bot_words","i1":3,"i2":6,"sol":{"path":["/c/en/hearten","/c/en/encourage","/c/en/point","/c/en/internet","/c/en/nginx"],"weight":0.20850999999999975},"num_concepts_raised":6859},{"base_id":435,"kind":"bot_words","i1":3,"i2":7,"sol":{"path":["/c/en/hearten","/c/en/encourage","/c/en/motivate","/c/en/mercenary","/c/en/freebooter"],"weight":0.2035699999999998},"num_concepts_raised":4140},{"base_id":435,"kind":"bot_words","i1":3,"i2":8,"sol":{"path":["/c/en/hearten","/c/en/cheer","/c/es/recrear","/c/en/copy","/c/en/copywriter"],"weight":0.2045499999999998},"num_concepts_raised":6154},{"base_id":435,"kind":"bot_words","i1":3,"i2":9,"sol":{"path":["/c/en/hearten","/c/pt/animar","/c/en/art","/c/en/trope","/c/en/metaphor"],"weight":0.21507999999999963},"num_concepts_raised":22368},{"base_id":435,"kind":"bot_words","i1":4,"i2":5,"sol":{"path":["/c/en/zoo","/c/en/people","/c/en/heat","/c/en/bakelite"],"weight":0.2199900000000002},"num_concepts_raised":83463},{"base_id":435,"kind":"bot_words","i1":4,"i2":6,"sol":{"path":["/c/en/zoo","/c/en/park","/c/en/internet","/c/en/nginx"],"weight":0.2212300000000001},"num_concepts_raised":81505},{"base_id":435,"kind":"bot_words","i1":4,"i2":7,"sol":{"path":["/c/en/zoo","/c/en/animal","/c/en/slang","/c/en/plunder","/c/en/freebooter"],"weight":0.21916000000000013},"num_concepts_raised":78984},{"base_id":435,"kind":"bot_words","i1":4,"i2":8,"sol":{"path":["/c/en/zoo","/c/en/cage","/c/en/advertising","/c/en/copywriter"],"weight":0.21656000000000014},"num_concepts_raised":80811},{"base_id":435,"kind":"bot_words","i1":4,"i2":9,"sol":{"path":["/c/en/zoo","/c/en/live","/c/en/metaphor"],"weight":0.20600000000000002},"num_concepts_raised":603},{"base_id":435,"kind":"bot_words","i1":5,"i2":6,"sol":{"path":["/c/en/bakelite","/c/en/heat","/c/en/lamp","/c/en/web_server","/c/en/nginx"],"weight":0.2156499999999999},"num_concepts_raised":10506},{"base_id":435,"kind":"bot_words","i1":5,"i2":7,"sol":{"path":["/c/en/bakelite","/c/en/heat","/c/en/action","/c/en/filibuster","/c/en/freebooter"],"weight":0.21082999999999996},"num_concepts_raised":7798},{"base_id":435,"kind":"bot_words","i1":5,"i2":8,"sol":{"path":["/c/en/bakelite","/c/en/plastic","/c/en/carbon","/c/en/copy","/c/en/copywriter"],"weight":0.21010999999999996},"num_concepts_raised":9797},{"base_id":435,"kind":"bot_words","i1":5,"i2":9,"sol":{"path":["/c/en/bakelite","/c/en/heat","/c/en/time","/c/en/metaphor"],"weight":0.2183799999999998},"num_concepts_raised":25923},{"base_id":435,"kind":"bot_words","i1":6,"i2":7,"sol":{"path":["/c/en/nginx","/c/en/web_server","/c/en/computing","/c/en/freebooting","/c/en/freebooter"],"weight":0.21096999999999982},"num_concepts_raised":5794},{"base_id":435,"kind":"bot_words","i1":6,"i2":8,"sol":{"path":["/c/en/nginx","/c/en/web_server","/c/en/computing","/c/en/copy","/c/en/copywriter"],"weight":0.2113199999999998},"num_concepts_raised":7722},{"base_id":435,"kind":"bot_words","i1":6,"i2":9,"sol":{"path":["/c/en/nginx","/c/en/web_server","/c/en/computer","/c/en/metaphor"],"weight":0.21963999999999967},"num_concepts_raised":23660},{"base_id":435,"kind":"bot_words","i1":7,"i2":8,"sol":{"path":["/c/en/freebooter","/c/en/filibuster","/c/en/action","/c/en/copy","/c/en/copywriter"],"weight":0.20645999999999987},"num_concepts_raised":5089},{"base_id":435,"kind":"bot_words","i1":7,"i2":9,"sol":{"path":["/c/en/freebooter","/c/en/filibuster","/c/en/speech","/c/ar/مجاز","/c/en/metaphor"],"weight":0.21679999999999974},"num_concepts_raised":21294},{"base_id":435,"kind":"bot_words","i1":8,"i2":9,"sol":{"path":["/c/en/copywriter","/c/en/copy","/c/en/computer","/c/en/metaphor"],"weight":0.21400999999999976},"num_concepts_raised":23137}],[{"base_id":435,"kind":"top_words","i1":0,"i2":1,"sol":{"path":["/c/en/airbus","/c/en/jet","/c/en/twinjet"],"weight":0.20500000000000002},"num_concepts_raised":123},{"base_id":435,"kind":"top_words","i1":0,"i2":2,"sol":{"path":["/c/en/airbus","/c/en/bus","/c/en/car","/c/en/sedan"],"weight":0.21270999999999946},"num_concepts_raised":31714},{"base_id":435,"kind":"top_words","i1":0,"i2":3,"sol":{"path":["/c/en/airbus","/c/en/air","/c/en/clear","/c/en/redeem","/c/en/redeemer"],"weight":0.21079999999999965},"num_concepts_raised":8889},{"base_id":435,"kind":"top_words","i1":0,"i2":4,"sol":{"path":["/c/en/airbus","/c/fr/airbus","/c/fr/transport","/c/en/wheelbase"],"weight":0.21114999999999973},"num_concepts_raised":17921},{"base_id":435,"kind":"top_words","i1":0,"i2":5,"sol":{"path":["/c/en/airbus","/c/en/company","/c/en/tatra","/c/en/mountain_range","/c/en/taunus"],"weight":0.21614999999999968},"num_concepts_raised":8356},{"base_id":435,"kind":"top_words","i1":0,"i2":6,"sol":{"path":["/c/en/airbus","/c/en/european","/c/en/basque","/c/en/corset"],"weight":0.21886999999999976},"num_concepts_raised":27126},{"base_id":435,"kind":"top_words","i1":0,"i2":7,"sol":{"path":["/c/en/airbus","/c/en/european","/c/en/europe","/c/en/saker"],"weight":0.20902999999999972},"num_concepts_raised":10043},{"base_id":435,"kind":"top_words","i1":0,"i2":8,"sol":{"path":["/c/en/airbus","/c/en/bus","/c/en/car","/c/en/vw"],"weight":0.2091199999999997},"num_concepts_raised":9640},{"base_id":435,"kind":"top_words","i1":0,"i2":9,"sol":{"path":["/c/en/airbus","/c/en/company","/c/en/toyota","/c/en/corolla"],"weight":0.21032999999999963},"num_concepts_raised":20031},{"base_id":435,"kind":"top_words","i1":1,"i2":2,"sol":{"path":["/c/en/twinjet","/c/en/jet","/c/en/oklahoma","/c/en/sedan"],"weight":0.20513999999999966},"num_concepts_raised":35597},{"base_id":435,"kind":"top_words","i1":1,"i2":3,"sol":{"path":["/c/en/twinjet","/c/en/aircraft","/c/en/bail_out","/c/en/redeem","/c/en/redeemer"],"weight":0.20443999999999982},"num_concepts_raised":12478},{"base_id":435,"kind":"top_words","i1":1,"i2":4,"sol":{"path":["/c/en/twinjet","/c/en/jet_engine","/c/en/front","/c/en/wheelbase"],"weight":0.20295999999999992},"num_concepts_raised":21617},{"base_id":435,"kind":"top_words","i1":1,"i2":5,"sol":{"path":["/c/en/twinjet","/c/en/jet","/c/en/plane","/c/en/range","/c/en/mountain_range","/c/en/taunus"],"weight":0.2144404999999996},"num_concepts_raised":385170},{"base_id":435,"kind":"top_words","i1":1,"i2":6,"sol":{"path":["/c/en/twinjet","/c/en/physics","/c/fr/ventre","/c/fr/corset","/c/en/corset"],"weight":0.21745999999999993},"num_concepts_raised":30801},{"base_id":435,"kind":"top_words","i1":1,"i2":7,"sol":{"path":["/c/en/twinjet","/c/en/jet","/c/en/discharge","/c/en/cannon","/c/en/saker"],"weight":0.2038199999999999},"num_concepts_raised":13666},{"base_id":435,"kind":"top_words","i1":1,"i2":8,"sol":{"path":["/c/en/twinjet","/c/en/jet","/c/en/engine","/c/en/car","/c/en/vw"],"weight":0.20393999999999987},"num_concepts_raised":13353},{"base_id":435,"kind":"top_words","i1":1,"i2":9,"sol":{"path":["/c/en/twinjet","/c/en/jet","/c/en/part","/c/en/petal","/c/en/corolla"],"weight":0.20848999999999981},"num_concepts_raised":23642},{"base_id":435,"kind":"top_words","i1":2,"i2":3,"sol":{"path":["/c/en/sedan","/c/en/car","/c/en/deliver","/c/en/redeem","/c/en/redeemer"],"weight":0.20809999999999954},"num_concepts_raised":25365},{"base_id":435,"kind":"top_words","i1":2,"i2":4,"sol":{"path":["/c/en/sedan","/c/en/limousine","/c/en/wheelbase"],"weight":0.202},"num_concepts_raised":159},{"base_id":435,"kind":"top_words","i1":2,"i2":5,"sol":{"path":["/c/en/sedan","/c/en/car","/c/en/tatra","/c/en/mountain_range","/c/en/taunus"],"weight":0.21348999999999957},"num_concepts_raised":24811},{"base_id":435,"kind":"top_words","i1":2,"i2":6,"sol":{"path":["/c/en/sedan","/c/fr/berline","/c/en/historical","/c/en/corset"],"weight":0.21403999999999965},"num_concepts_raised":42957},{"base_id":435,"kind":"top_words","i1":2,"i2":7,"sol":{"path":["/c/en/sedan","/c/en/france","/c/en/europe","/c/en/saker"],"weight":0.2041999999999996},"num_concepts_raised":26446},{"base_id":435,"kind":"top_words","i1":2,"i2":8,"sol":{"path":["/c/en/sedan","/c/en/car","/c/en/vw"],"weight":0.20400000000000001},"num_concepts_raised":161},{"base_id":435,"kind":"top_words","i1":2,"i2":9,"sol":{"path":["/c/en/sedan","/c/en/car","/c/en/coil","/c/en/corolla"],"weight":0.20768999999999954},"num_concepts_raised":36290},{"base_id":435,"kind":"top_words","i1":3,"i2":4,"sol":{"path":["/c/en/redeemer","/c/fr/rédempteur","/c/fr/autre","/c/fr/transport","/c/en/wheelbase"],"weight":0.2056599999999998},"num_concepts_raised":11383},{"base_id":435,"kind":"top_words","i1":3,"i2":5,"sol":{"path":["/c/en/redeemer","/c/en/redeem","/c/en/state","/c/en/hesse","/c/en/taunus"],"weight":0.20955999999999975},"num_concepts_raised":1488},{"base_id":435,"kind":"top_words","i1":3,"i2":6,"sol":{"path":["/c/en/redeemer","/c/en/redeem","/c/en/convert","/c/en/dress","/c/en/corset"],"weight":0.21243999999999982},"num_concepts_raised":20468},{"base_id":435,"kind":"top_words","i1":3,"i2":7,"sol":{"path":["/c/en/redeemer","/c/fr/rédempteur","/c/fr/christ","/c/fr/sacre","/c/en/saker"],"weight":0.2055199999999998},"num_concepts_raised":3224},{"base_id":435,"kind":"top_words","i1":3,"i2":8,"sol":{"path":["/c/en/redeemer","/c/en/redeem","/c/en/deliver","/c/en/car","/c/en/vw"],"weight":0.20457999999999976},"num_concepts_raised":2934},{"base_id":435,"kind":"top_words","i1":3,"i2":9,"sol":{"path":["/c/en/redeemer","/c/en/redeem","/c/en/compound","/c/en/botany","/c/en/corolla"],"weight":0.20658999999999972},"num_concepts_raised":13296},{"base_id":435,"kind":"top_words","i1":4,"i2":5,"sol":{"path":["/c/en/wheelbase","/c/it/passo","/c/fr/géographie","/c/en/mountain_range","/c/en/taunus"],"weight":0.21009999999999984},"num_concepts_raised":10845},{"base_id":435,"kind":"top_words","i1":4,"i2":6,"sol":{"path":["/c/en/wheelbase","/c/en/rail","/c/en/dress","/c/en/corset"],"weight":0.21095999999999993},"num_concepts_raised":29458},{"base_id":435,"kind":"top_words","i1":4,"i2":7,"sol":{"path":["/c/en/wheelbase","/c/en/base","/c/en/cannon","/c/en/saker"],"weight":0.20294999999999988},"num_concepts_raised":12544},{"base_id":435,"kind":"top_words","i1":4,"i2":8,"sol":{"path":["/c/en/wheelbase","/c/en/road","/c/en/car","/c/en/vw"],"weight":0.20315999999999984},"num_concepts_raised":12026},{"base_id":435,"kind":"top_words","i1":4,"i2":9,"sol":{"path":["/c/en/wheelbase","/c/en/base","/c/en/botany","/c/en/corolla"],"weight":0.2050399999999998},"num_concepts_raised":22364},{"base_id":435,"kind":"top_words","i1":5,"i2":6,"sol":{"path":["/c/en/taunus","/c/en/mountain_range","/c/en/pyrenees","/c/en/basque","/c/en/corset"],"weight":0.21981999999999985},"num_concepts_raised":19941},{"base_id":435,"kind":"top_words","i1":5,"i2":7,"sol":{"path":["/c/en/taunus","/c/en/mountain_range","/c/en/caucasus","/c/en/europe","/c/en/saker"],"weight":0.2099299999999998},"num_concepts_raised":2681},{"base_id":435,"kind":"top_words","i1":5,"i2":8,"sol":{"path":["/c/en/taunus","/c/en/mountain_range","/c/en/tatra","/c/en/car","/c/en/vw"],"weight":0.20996999999999977},"num_concepts_raised":2396},{"base_id":435,"kind":"top_words","i1":5,"i2":9,"sol":{"path":["/c/en/taunus","/c/en/mountain_range","/c/fr/géographie","/c/la/corona","/c/en/corolla"],"weight":0.21127999999999975},"num_concepts_raised":12761},{"base_id":435,"kind":"top_words","i1":6,"i2":7,"sol":{"path":["/c/en/corset","/c/en/historical","/c/en/asia","/c/en/saker"],"weight":0.2106499999999999},"num_concepts_raised":21542},{"base_id":435,"kind":"top_words","i1":6,"i2":8,"sol":{"path":["/c/en/corset","/c/en/basque","/c/en/people","/c/en/car","/c/en/vw"],"weight":0.21273999999999987},"num_concepts_raised":21326},{"base_id":435,"kind":"top_words","i1":6,"i2":9,"sol":{"path":["/c/en/corset","/c/fr/gaine","/c/en/botany","/c/en/corolla"],"weight":0.21277999999999983},"num_concepts_raised":31433},{"base_id":435,"kind":"top_words","i1":7,"i2":8,"sol":{"path":["/c/en/saker","/c/en/falcon","/c/en/lisp","/c/en/car","/c/en/vw"],"weight":0.20293999999999984},"num_concepts_raised":4127},{"base_id":435,"kind":"top_words","i1":7,"i2":9,"sol":{"path":["/c/en/saker","/c/fr/sacre","/c/fr/calice","/c/fr/corolle","/c/en/corolla"],"weight":0.2062699999999998},"num_concepts_raised":14463},{"base_id":435,"kind":"top_words","i1":8,"i2":9,"sol":{"path":["/c/en/vw","/c/en/car","/c/en/coil","/c/en/corolla"],"weight":0.20415999999999976},"num_concepts_raised":14155}]]