[[{"base_id":756,"kind":"bot_words","i1":0,"i2":1,"sol":{"path":["/c/en/regal","/c/en/king","/c/en/head","/c/en/unclear"],"weight":0.2141599999999994},"num_concepts_raised":26793},{"base_id":756,"kind":"bot_words","i1":0,"i2":2,"sol":{"path":["/c/en/regal","/c/en/royal","/c/en/common","/c/en/bread","/c/en/naan"],"weight":0.22518999999999978},"num_concepts_raised":16741},{"base_id":756,"kind":"bot_words","i1":0,"i2":3,"sol":{"path":["/c/en/regal","/c/en/noble","/c/en/us","/c/en/ausa"],"weight":0.21874999999999972},"num_concepts_raised":24874},{"base_id":756,"kind":"bot_words","i1":0,"i2":4,"sol":{"path":["/c/en/regal","/c/en/king","/c/en/empire","/c/en/akkadian"],"weight":0.21257999999999969},"num_concepts_raised":18769},{"base_id":756,"kind":"bot_words","i1":0,"i2":5,"sol":{"path":["/c/en/regal","/c/en/royal","/c/en/inch","/c/en/accent","/c/en/accentuate"],"weight":0.21822999999999965},"num_concepts_raised":14419},{"base_id":756,"kind":"bot_words","i1":0,"i2":6,"sol":{"path":["/c/en/regal","/c/en/queen","/c/en/cat","/c/en/manx"],"weight":0.21823999999999968},"num_concepts_raised":19741},{"base_id":756,"kind":"bot_words","i1":0,"i2":7,"sol":{"path":["/c/en/regal","/c/en/royal","/c/en/uk","/c/en/mortal","/c/en/mortally"],"weight":0.2168499999999997},"num_concepts_raised":15048},{"base_id":756,"kind":"bot_words","i1":0,"i2":8,"sol":{"path":["/c/en/regal","/c/en/crown","/c/en/corona","/c/en/lager"],"weight":0.2161199999999997},"num_concepts_raised":14842},{"base_id":756,"kind":"bot_words","i1":0,"i2":9,"sol":{"path":["/c/en/regal","/c/en/royal","/c/en/england","/c/en/hertfordshire"],"weight":0.22562999999999953},"num_concepts_raised":16982},{"base_id":756,"kind":"bot_words","i1":1,"i2":2,"sol":{"path":["/c/en/unclear","/c/en/pig","/c/en/food","/c/en/naan"],"weight":0.21095999999999965},"num_concepts_raised":21313},{"base_id":756,"kind":"bot_words","i1":1,"i2":3,"sol":{"path":["/c/en/unclear","/c/en/see","/c/en/city","/c/en/ausa"],"weight":0.20997999999999953},"num_concepts_raised":29477},{"base_id":756,"kind":"bot_words","i1":1,"i2":4,"sol":{"path":["/c/en/unclear","/c/en/vague","/c/en/abstract","/c/en/sin","/c/en/akkadian"],"weight":0.2084499999999995},"num_concepts_raised":23413},{"base_id":756,"kind":"bot_words","i1":1,"i2":5,"sol":{"path":["/c/en/unclear","/c/en/clearly","/c/en/distinctly","/c/en/accentuate"],"weight":0.20615999999999948},"num_concepts_raised":18925},{"base_id":756,"kind":"bot_words","i1":1,"i2":6,"sol":{"path":["/c/en/unclear","/c/en/head","/c/en/tail","/c/en/manx"],"weight":0.2115299999999995},"num_concepts_raised":24270},{"base_id":756,"kind":"bot_words","i1":1,"i2":7,"sol":{"path":["/c/en/unclear","/c/en/vague","/c/en/passing","/c/en/death","/c/en/mortally"],"weight":0.20778999999999956},"num_concepts_raised":19662},{"base_id":756,"kind":"bot_words","i1":1,"i2":8,"sol":{"path":["/c/en/unclear","/c/en/opaque","/c/en/light","/c/en/pilsner","/c/en/lager"],"weight":0.2176199999999995},"num_concepts_raised":19476},{"base_id":756,"kind":"bot_words","i1":1,"i2":9,"sol":{"path":["/c/en/unclear","/c/ko/흐리다","/c/en/pure","/c/en/hertfordshire"],"weight":0.21122999999999936},"num_concepts_raised":21587},{"base_id":756,"kind":"bot_words","i1":2,"i2":3,"sol":{"path":["/c/en/naan","/c/fa/نان","/c/en/boodle","/c/en/us","/c/en/ausa"],"weight":0.21780999999999992},"num_concepts_raised":19328},{"base_id":756,"kind":"bot_words","i1":2,"i2":4,"sol":{"path":["/c/en/naan","/c/en/bread","/c/en/good","/c/en/sin","/c/en/akkadian"],"weight":0.21178999999999987},"num_concepts_raised":13210},{"base_id":756,"kind":"bot_words","i1":2,"i2":5,"sol":{"path":["/c/en/naan","/c/fa/نان","/c/de/übertragen","/c/es/acentuar","/c/en/accentuate"],"weight":0.2150599999999999},"num_concepts_raised":8791},{"base_id":756,"kind":"bot_words","i1":2,"i2":6,"sol":{"path":["/c/en/naan","/c/en/bread","/c/en/coat","/c/en/manx"],"weight":0.2175299999999999},"num_concepts_raised":14144},{"base_id":756,"kind":"bot_words","i1":2,"i2":7,"sol":{"path":["/c/en/naan","/c/en/bread","/c/en/life","/c/en/death","/c/en/mortally"],"weight":0.21116999999999994},"num_concepts_raised":9404},{"base_id":756,"kind":"bot_words","i1":2,"i2":8,"sol":{"path":["/c/en/naan","/c/en/bread","/c/en/beer","/c/en/lager"],"weight":0.21783999999999987},"num_concepts_raised":9192},{"base_id":756,"kind":"bot_words","i1":2,"i2":9,"sol":{"path":["/c/en/naan","/c/en/bread","/c/en/rye","/c/en/england","/c/en/hertfordshire"],"weight":0.21985999999999975},"num_concepts_raised":11442},{"base_id":756,"kind":"bot_words","i1":3,"i2":4,"sol":{"path":["/c/en/ausa","/c/en/law","/c/en/sin","/c/en/akkadian"],"weight":0.20841999999999977},"num_concepts_raised":21402},{"base_id":756,"kind":"bot_words","i1":3,"i2":5,"sol":{"path":["/c/en/ausa","/c/en/law","/c/en/legal","/c/en/stress","/c/en/accentuate"],"weight":0.2094999999999998},"num_concepts_raised":17099},{"base_id":756,"kind":"bot_words","i1":3,"i2":6,"sol":{"path":["/c/en/ausa","/c/en/city","/c/en/country","/c/en/isle_of_man","/c/en/manx"],"weight":0.2184399999999998},"num_concepts_raised":22356},{"base_id":756,"kind":"bot_words","i1":3,"i2":7,"sol":{"path":["/c/en/ausa","/c/en/us","/c/en/doom","/c/en/fatally","/c/en/mortally"],"weight":0.20874999999999982},"num_concepts_raised":17701},{"base_id":756,"kind":"bot_words","i1":3,"i2":8,"sol":{"path":["/c/en/ausa","/c/en/us","/c/en/malt","/c/en/lager"],"weight":0.2140999999999998},"num_concepts_raised":17527},{"base_id":756,"kind":"bot_words","i1":3,"i2":9,"sol":{"path":["/c/en/ausa","/c/en/city","/c/en/county","/c/en/hertfordshire"],"weight":0.21404999999999968},"num_concepts_raised":19519},{"base_id":756,"kind":"bot_words","i1":4,"i2":5,"sol":{"path":["/c/en/akkadian","/c/en/language","/c/en/accent","/c/en/accentuate"],"weight":0.20481999999999975},"num_concepts_raised":10844},{"base_id":756,"kind":"bot_words","i1":4,"i2":6,"sol":{"path":["/c/en/akkadian","/c/en/language","/c/en/manx"],"weight":0.20400000000000001},"num_concepts_raised":147},{"base_id":756,"kind":"bot_words","i1":4,"i2":7,"sol":{"path":["/c/en/akkadian","/c/en/sin","/c/en/death","/c/en/mortally"],"weight":0.20354999999999981},"num_concepts_raised":11467},{"base_id":756,"kind":"bot_words","i1":4,"i2":8,"sol":{"path":["/c/en/akkadian","/c/en/shamash","/c/en/light","/c/en/pilsner","/c/en/lager"],"weight":0.21391999999999978},"num_concepts_raised":11339},{"base_id":756,"kind":"bot_words","i1":4,"i2":9,"sol":{"path":["/c/en/akkadian","/c/en/empire","/c/en/england","/c/en/hertfordshire"],"weight":0.21216999999999964},"num_concepts_raised":13463},{"base_id":756,"kind":"bot_words","i1":5,"i2":6,"sol":{"path":["/c/en/accentuate","/c/en/accent","/c/en/language","/c/en/manx"],"weight":0.21060999999999974},"num_concepts_raised":11842},{"base_id":756,"kind":"bot_words","i1":5,"i2":7,"sol":{"path":["/c/en/accentuate","/c/en/stress","/c/en/killer","/c/en/death","/c/en/mortally"],"weight":0.2045699999999998},"num_concepts_raised":7076},{"base_id":756,"kind":"bot_words","i1":5,"i2":8,"sol":{"path":["/c/en/accentuate","/c/en/highlight","/c/en/light","/c/en/pilsner","/c/en/lager"],"weight":0.21449999999999975},"num_concepts_raised":6920},{"base_id":756,"kind":"bot_words","i1":5,"i2":9,"sol":{"path":["/c/en/accentuate","/c/en/stress","/c/en/scotland","/c/en/england","/c/en/hertfordshire"],"weight":0.21329999999999963},"num_concepts_raised":9112},{"base_id":756,"kind":"bot_words","i1":6,"i2":7,"sol":{"path":["/c/en/manx","/c/en/cat","/c/en/slang","/c/en/mortal","/c/en/mortally"],"weight":0.21134999999999982},"num_concepts_raised":12499},{"base_id":756,"kind":"bot_words","i1":6,"i2":8,"sol":{"path":["/c/en/manx","/c/en/cobby","/c/en/stout","/c/en/lager"],"weight":0.21561999999999976},"num_concepts_raised":12314},{"base_id":756,"kind":"bot_words","i1":6,"i2":9,"sol":{"path":["/c/en/manx","/c/en/coat","/c/en/ware","/c/en/hertfordshire"],"weight":0.21540999999999963},"num_concepts_raised":14455},{"base_id":756,"kind":"bot_words","i1":7,"i2":8,"sol":{"path":["/c/en/mortally","/c/en/death","/c/en/arval","/c/en/ale","/c/en/lager"],"weight":0.21124999999999983},"num_concepts_raised":7563},{"base_id":756,"kind":"bot_words","i1":7,"i2":9,"sol":{"path":["/c/en/mortally","/c/en/death","/c/en/capital","/c/en/england","/c/en/hertfordshire"],"weight":0.2115599999999997},"num_concepts_raised":9753},{"base_id":756,"kind":"bot_words","i1":8,"i2":9,"sol":{"path":["/c/en/lager","/c/en/beer","/c/en/england","/c/en/hertfordshire"],"weight":0.2182499999999996},"num_concepts_raised":9558}],[{"base_id":756,"kind":"top_words","i1":0,"i2":1,"sol":{"path":["/c/en/piste","/c/en/downhill"],"weight":0.202},"num_concepts_raised":174},{"base_id":756,"kind":"top_words","i1":0,"i2":2,"sol":{"path":["/c/en/piste","/c/en/skiing","/c/en/mountain","/c/en/jungfrau"],"weight":0.2083799999999998},"num_concepts_raised":9651},{"base_id":756,"kind":"top_words","i1":0,"i2":3,"sol":{"path":["/c/en/piste","/c/en/field","/c/en/computing","/c/en/turing"],"weight":0.2080999999999998},"num_concepts_raised":17723},{"base_id":756,"kind":"top_words","i1":0,"i2":4,"sol":{"path":["/c/en/piste","/c/en/skiing","/c/en/slalom"],"weight":0.202},"num_concepts_raised":109},{"base_id":756,"kind":"top_words","i1":0,"i2":5,"sol":{"path":["/c/en/piste","/c/it/pista","/c/en/slang","/c/en/whiteface"],"weight":0.20430999999999994},"num_concepts_raised":33026},{"base_id":756,"kind":"top_words","i1":0,"i2":6,"sol":{"path":["/c/en/piste","/c/fr/piste","/c/en/track","/c/en/artifact","/c/en/liposome"],"weight":0.2045499999999998},"num_concepts_raised":15427},{"base_id":756,"kind":"top_words","i1":0,"i2":7,"sol":{"path":["/c/en/piste","/c/fr/piste","/c/en/racecourse","/c/en/flemington"],"weight":0.20420999999999984},"num_concepts_raised":17351},{"base_id":756,"kind":"top_words","i1":0,"i2":8,"sol":{"path":["/c/en/piste","/c/en/field","/c/en/medicine","/c/en/refractory"],"weight":0.2043599999999996},"num_concepts_raised":53779},{"base_id":756,"kind":"top_words","i1":0,"i2":9,"sol":{"path":["/c/en/piste","/c/fr/piste","/c/en/path","/c/en/twist","/c/en/twisty"],"weight":0.2053399999999999},"num_concepts_raised":9474},{"base_id":756,"kind":"top_words","i1":1,"i2":2,"sol":{"path":["/c/en/downhill","/c/en/slope","/c/en/mountain","/c/en/jungfrau"],"weight":0.2118699999999995},"num_concepts_raised":17120},{"base_id":756,"kind":"top_words","i1":1,"i2":3,"sol":{"path":["/c/en/downhill","/c/en/flow","/c/en/computing","/c/en/turing"],"weight":0.20932999999999954},"num_concepts_raised":25391},{"base_id":756,"kind":"top_words","i1":1,"i2":4,"sol":{"path":["/c/en/downhill","/c/en/slope","/c/en/slalom"],"weight":0.20400000000000001},"num_concepts_raised":192},{"base_id":756,"kind":"top_words","i1":1,"i2":5,"sol":{"path":["/c/en/downhill","/c/en/down","/c/en/slang","/c/en/whiteface"],"weight":0.20458999999999966},"num_concepts_raised":40584},{"base_id":756,"kind":"top_words","i1":1,"i2":6,"sol":{"path":["/c/en/downhill","/c/en/slope","/c/en/form","/c/en/membrane","/c/en/liposome"],"weight":0.20684999999999953},"num_concepts_raised":23158},{"base_id":756,"kind":"top_words","i1":1,"i2":7,"sol":{"path":["/c/en/downhill","/c/en/alpine","/c/en/australia","/c/en/flemington"],"weight":0.20431999999999956},"num_concepts_raised":25008},{"base_id":756,"kind":"top_words","i1":1,"i2":8,"sol":{"path":["/c/en/downhill","/c/en/uphill","/c/en/difficult","/c/en/refractory"],"weight":0.20760999999999935},"num_concepts_raised":61288},{"base_id":756,"kind":"top_words","i1":1,"i2":9,"sol":{"path":["/c/en/downhill","/c/en/roll","/c/en/twist","/c/en/twisty"],"weight":0.20533999999999963},"num_concepts_raised":17149},{"base_id":756,"kind":"top_words","i1":2,"i2":3,"sol":{"path":["/c/en/jungfrau","/c/en/switzerland","/c/en/aar","/c/en/computing","/c/en/turing"],"weight":0.21505999999999975},"num_concepts_raised":12759},{"base_id":756,"kind":"top_words","i1":2,"i2":4,"sol":{"path":["/c/en/jungfrau","/c/en/mountain","/c/en/skiing","/c/en/slalom"],"weight":0.20905999999999986},"num_concepts_raised":13784},{"base_id":756,"kind":"top_words","i1":2,"i2":5,"sol":{"path":["/c/en/jungfrau","/c/en/switzerland","/c/en/dom","/c/en/slang","/c/en/whiteface"],"weight":0.21018999999999982},"num_concepts_raised":28237},{"base_id":756,"kind":"top_words","i1":2,"i2":6,"sol":{"path":["/c/en/jungfrau","/c/en/switzerland","/c/en/commune","/c/en/tangible_thing","/c/en/liposome"],"weight":0.21024999999999971},"num_concepts_raised":10412},{"base_id":756,"kind":"top_words","i1":2,"i2":7,"sol":{"path":["/c/en/jungfrau","/c/en/mountain","/c/en/pennsylvania","/c/en/flemington"],"weight":0.20795999999999976},"num_concepts_raised":12393},{"base_id":756,"kind":"top_words","i1":2,"i2":8,"sol":{"path":["/c/en/jungfrau","/c/en/switzerland","/c/en/castor","/c/en/medicine","/c/en/refractory"],"weight":0.21132999999999952},"num_concepts_raised":48908},{"base_id":756,"kind":"top_words","i1":2,"i2":9,"sol":{"path":["/c/en/jungfrau","/c/en/mountain","/c/en/rock","/c/en/twist","/c/en/twisty"],"weight":0.20909999999999984},"num_concepts_raised":4434},{"base_id":756,"kind":"top_words","i1":3,"i2":4,"sol":{"path":["/c/en/turing","/c/en/computing","/c/en/race","/c/en/slalom"],"weight":0.20980999999999989},"num_concepts_raised":21804},{"base_id":756,"kind":"top_words","i1":3,"i2":5,"sol":{"path":["/c/en/turing","/c/en/computing","/c/en/face","/c/en/whiteface"],"weight":0.20795999999999987},"num_concepts_raised":35991},{"base_id":756,"kind":"top_words","i1":3,"i2":6,"sol":{"path":["/c/en/turing","/c/en/computing","/c/en/artifact","/c/en/liposome"],"weight":0.20803999999999975},"num_concepts_raised":18499},{"base_id":756,"kind":"top_words","i1":3,"i2":7,"sol":{"path":["/c/en/turing","/c/en/computing","/c/en/native","/c/en/australia","/c/en/flemington"],"weight":0.2078999999999998},"num_concepts_raised":20449},{"base_id":756,"kind":"top_words","i1":3,"i2":8,"sol":{"path":["/c/en/turing","/c/en/computing","/c/en/brick","/c/en/refractory"],"weight":0.20901999999999957},"num_concepts_raised":56762},{"base_id":756,"kind":"top_words","i1":3,"i2":9,"sol":{"path":["/c/en/turing","/c/en/computing","/c/en/spin","/c/en/twist","/c/en/twisty"],"weight":0.20894999999999986},"num_concepts_raised":12549},{"base_id":756,"kind":"top_words","i1":4,"i2":5,"sol":{"path":["/c/en/slalom","/c/en/race","/c/en/brownface","/c/en/whiteface"],"weight":0.20597999999999997},"num_concepts_raised":37024},{"base_id":756,"kind":"top_words","i1":4,"i2":6,"sol":{"path":["/c/en/slalom","/c/en/gate","/c/en/biochemistry","/c/en/liposome"],"weight":0.20395999999999986},"num_concepts_raised":19584},{"base_id":756,"kind":"top_words","i1":4,"i2":7,"sol":{"path":["/c/en/slalom","/c/en/race","/c/en/racecourse","/c/en/flemington"],"weight":0.20477999999999988},"num_concepts_raised":21496},{"base_id":756,"kind":"top_words","i1":4,"i2":8,"sol":{"path":["/c/en/slalom","/c/en/race","/c/en/heat","/c/en/refractory"],"weight":0.20598999999999967},"num_concepts_raised":57801},{"base_id":756,"kind":"top_words","i1":4,"i2":9,"sol":{"path":["/c/en/slalom","/c/en/zigzag","/c/en/twist","/c/en/twisty"],"weight":0.20572999999999997},"num_concepts_raised":13613},{"base_id":756,"kind":"top_words","i1":5,"i2":6,"sol":{"path":["/c/en/whiteface","/c/en/bird","/c/en/albuminin","/c/en/biochemistry","/c/en/liposome"],"weight":0.20323999999999987},"num_concepts_raised":33965},{"base_id":756,"kind":"top_words","i1":5,"i2":7,"sol":{"path":["/c/en/whiteface","/c/en/slang","/c/en/usa","/c/en/flemington"],"weight":0.2029699999999999},"num_concepts_raised":35319},{"base_id":756,"kind":"top_words","i1":5,"i2":8,"sol":{"path":["/c/en/whiteface","/c/en/slang","/c/en/medicine","/c/en/refractory"],"weight":0.20424999999999968},"num_concepts_raised":72010},{"base_id":756,"kind":"top_words","i1":5,"i2":9,"sol":{"path":["/c/en/whiteface","/c/en/slang","/c/en/twist","/c/en/twisty"],"weight":0.20401999999999998},"num_concepts_raised":28013},{"base_id":756,"kind":"top_words","i1":6,"i2":7,"sol":{"path":["/c/en/liposome","/c/en/tangible_thing","/c/en/county_seat","/c/en/flemington"],"weight":0.2030599999999998},"num_concepts_raised":18182},{"base_id":756,"kind":"top_words","i1":6,"i2":8,"sol":{"path":["/c/en/liposome","/c/fr/liposome","/c/fr/chimie","/c/en/refractory"],"weight":0.20521999999999957},"num_concepts_raised":54280},{"base_id":756,"kind":"top_words","i1":6,"i2":9,"sol":{"path":["/c/en/liposome","/c/en/biochemistry","/c/en/dna","/c/en/twist","/c/en/twisty"],"weight":0.20418999999999984},"num_concepts_raised":10211},{"base_id":756,"kind":"top_words","i1":7,"i2":8,"sol":{"path":["/c/en/flemington","/c/en/georgia","/c/en/bulldog","/c/en/refractory"],"weight":0.2039699999999996},"num_concepts_raised":56601},{"base_id":756,"kind":"top_words","i1":7,"i2":9,"sol":{"path":["/c/en/flemington","/c/en/australia","/c/en/shout","/c/en/twist","/c/en/twisty"],"weight":0.2039499999999999},"num_concepts_raised":12227},{"base_id":756,"kind":"top_words","i1":8,"i2":9,"sol":{"path":["/c/en/refractory","/c/fr/physique","/c/en/twist","/c/en/twisty"],"weight":0.20507999999999965},"num_concepts_raised":48684}]]