[[{"base_id":383,"kind":"bot_words","i1":0,"i2":1,"sol":{"path":["/c/en/colic","/c/en/pain","/c/en/experience","/c/en/hypnosis","/c/en/hypnotise"],"weight":0.2050899999999998},"num_concepts_raised":9872},{"base_id":383,"kind":"bot_words","i1":0,"i2":2,"sol":{"path":["/c/en/colic","/c/fi/ähky","/c/en/veterinary_medicine","/c/en/debark","/c/en/disembark"],"weight":0.20815999999999965},"num_concepts_raised":21588},{"base_id":383,"kind":"bot_words","i1":0,"i2":3,"sol":{"path":["/c/en/colic","/c/en/pain","/c/en/kill","/c/en/saber"],"weight":0.20485999999999965},"num_concepts_raised":11712},{"base_id":383,"kind":"bot_words","i1":0,"i2":4,"sol":{"path":["/c/en/colic","/c/en/colon","/c/en/settler","/c/en/british","/c/en/chequered"],"weight":0.20508999999999977},"num_concepts_raised":12991},{"base_id":383,"kind":"bot_words","i1":0,"i2":5,"sol":{"path":["/c/en/colic","/c/en/colon","/c/en/body","/c/en/vegetable","/c/en/burgoo"],"weight":0.20495999999999975},"num_concepts_raised":24629},{"base_id":383,"kind":"bot_words","i1":0,"i2":6,"sol":{"path":["/c/en/colic","/c/en/pain","/c/en/animal","/c/en/mineral","/c/en/apatite"],"weight":0.21317000000000003},"num_concepts_raised":16456},{"base_id":383,"kind":"bot_words","i1":0,"i2":7,"sol":{"path":["/c/en/colic","/c/en/colon","/c/en/colonial","/c/en/tonkin"],"weight":0.2102299999999997},"num_concepts_raised":18708},{"base_id":383,"kind":"bot_words","i1":0,"i2":8,"sol":{"path":["/c/en/colic","/c/en/pain","/c/en/attack","/c/en/privateer"],"weight":0.21023999999999976},"num_concepts_raised":25900},{"base_id":383,"kind":"bot_words","i1":0,"i2":9,"sol":{"path":["/c/en/colic","/c/en/colon","/c/en/segment","/c/en/mathematics","/c/en/abelian"],"weight":0.2060899999999998},"num_concepts_raised":27700},{"base_id":383,"kind":"bot_words","i1":1,"i2":2,"sol":{"path":["/c/en/hypnotise","/c/en/induce","/c/en/bring","/c/fr/débarquer","/c/en/disembark"],"weight":0.20620999999999973},"num_concepts_raised":13558},{"base_id":383,"kind":"bot_words","i1":1,"i2":3,"sol":{"path":["/c/en/hypnotise","/c/en/hypnotist","/c/en/entertainment","/c/en/fencing","/c/en/saber"],"weight":0.2038099999999997},"num_concepts_raised":3678},{"base_id":383,"kind":"bot_words","i1":1,"i2":4,"sol":{"path":["/c/en/hypnotise","/c/en/induce","/c/en/verbal","/c/en/british","/c/en/chequered"],"weight":0.2029599999999998},"num_concepts_raised":4945},{"base_id":383,"kind":"bot_words","i1":1,"i2":5,"sol":{"path":["/c/en/hypnotise","/c/en/hypnotize","/c/en/entrance","/c/en/nautical","/c/en/burgoo"],"weight":0.2039599999999998},"num_concepts_raised":16632},{"base_id":383,"kind":"bot_words","i1":1,"i2":6,"sol":{"path":["/c/en/hypnotise","/c/en/induce","/c/en/lead","/c/en/mineral","/c/en/apatite"],"weight":0.21204000000000012},"num_concepts_raised":8417},{"base_id":383,"kind":"bot_words","i1":1,"i2":7,"sol":{"path":["/c/en/hypnotise","/c/en/hypnosis","/c/en/experience","/c/en/history","/c/en/tonkin"],"weight":0.20927999999999977},"num_concepts_raised":10700},{"base_id":383,"kind":"bot_words","i1":1,"i2":8,"sol":{"path":["/c/en/hypnotise","/c/en/hypnosis","/c/en/human_activity","/c/en/piracy","/c/en/privateer"],"weight":0.2102299999999998},"num_concepts_raised":17900},{"base_id":383,"kind":"bot_words","i1":1,"i2":9,"sol":{"path":["/c/en/hypnotise","/c/en/hypnosis","/c/en/statuvolism","/c/en/historical","/c/en/abelian"],"weight":0.20484999999999987},"num_concepts_raised":19678},{"base_id":383,"kind":"bot_words","i1":2,"i2":3,"sol":{"path":["/c/en/disembark","/c/en/get_off","/c/en/uk","/c/en/sabre","/c/en/saber"],"weight":0.21033999999999953},"num_concepts_raised":15381},{"base_id":383,"kind":"bot_words","i1":2,"i2":4,"sol":{"path":["/c/en/disembark","/c/en/gate","/c/en/square","/c/en/checkered","/c/en/chequered"],"weight":0.2072799999999997},"num_concepts_raised":16562},{"base_id":383,"kind":"bot_words","i1":2,"i2":5,"sol":{"path":["/c/en/disembark","/c/en/land","/c/en/nautical","/c/en/burgoo"],"weight":0.20440999999999968},"num_concepts_raised":27397},{"base_id":383,"kind":"bot_words","i1":2,"i2":6,"sol":{"path":["/c/en/disembark","/c/en/land","/c/en/water","/c/en/mineral","/c/en/apatite"],"weight":0.21365999999999996},"num_concepts_raised":20154},{"base_id":383,"kind":"bot_words","i1":2,"i2":7,"sol":{"path":["/c/en/disembark","/c/en/train","/c/en/thomas","/c/en/tonkin"],"weight":0.2113599999999996},"num_concepts_raised":21882},{"base_id":383,"kind":"bot_words","i1":2,"i2":8,"sol":{"path":["/c/en/disembark","/c/en/ship","/c/en/privateer"],"weight":0.20400000000000001},"num_concepts_raised":200},{"base_id":383,"kind":"bot_words","i1":2,"i2":9,"sol":{"path":["/c/en/disembark","/c/en/land","/c/en/claim","/c/en/abelian"],"weight":0.2052999999999997},"num_concepts_raised":31064},{"base_id":383,"kind":"bot_words","i1":3,"i2":4,"sol":{"path":["/c/en/saber","/c/en/sabre","/c/en/uk","/c/en/british","/c/en/chequered"],"weight":0.20905999999999964},"num_concepts_raised":6795},{"base_id":383,"kind":"bot_words","i1":3,"i2":5,"sol":{"path":["/c/en/saber","/c/en/sabre","/c/en/canada","/c/en/sugar","/c/en/burgoo"],"weight":0.20889999999999964},"num_concepts_raised":18449},{"base_id":383,"kind":"bot_words","i1":3,"i2":6,"sol":{"path":["/c/en/saber","/c/ja/剣","/c/en/tooth","/c/en/fluorapatite","/c/en/apatite"],"weight":0.21365999999999996},"num_concepts_raised":10283},{"base_id":383,"kind":"bot_words","i1":3,"i2":7,"sol":{"path":["/c/en/saber","/c/en/sabre","/c/en/canada","/c/en/country","/c/en/tonkin"],"weight":0.21424999999999955},"num_concepts_raised":12530},{"base_id":383,"kind":"bot_words","i1":3,"i2":8,"sol":{"path":["/c/en/saber","/c/en/kill","/c/en/attack","/c/en/privateer"],"weight":0.21000999999999964},"num_concepts_raised":19661},{"base_id":383,"kind":"bot_words","i1":3,"i2":9,"sol":{"path":["/c/en/saber","/c/en/kill","/c/en/mathematics","/c/en/abelian"],"weight":0.20482999999999968},"num_concepts_raised":21508},{"base_id":383,"kind":"bot_words","i1":4,"i2":5,"sol":{"path":["/c/en/chequered","/c/en/checkered","/c/en/square","/c/en/nautical","/c/en/burgoo"],"weight":0.20598999999999978},"num_concepts_raised":19592},{"base_id":383,"kind":"bot_words","i1":4,"i2":6,"sol":{"path":["/c/en/chequered","/c/en/british","/c/en/mineral","/c/en/apatite"],"weight":0.2121200000000001},"num_concepts_raised":11534},{"base_id":383,"kind":"bot_words","i1":4,"i2":7,"sol":{"path":["/c/en/chequered","/c/en/british","/c/en/history","/c/en/tonkin"],"weight":0.20828999999999973},"num_concepts_raised":13716},{"base_id":383,"kind":"bot_words","i1":4,"i2":8,"sol":{"path":["/c/en/chequered","/c/en/checked","/c/en/north_america","/c/en/privateer"],"weight":0.20929999999999976},"num_concepts_raised":20806},{"base_id":383,"kind":"bot_words","i1":4,"i2":9,"sol":{"path":["/c/en/chequered","/c/en/british","/c/en/historical","/c/en/abelian"],"weight":0.2038499999999998},"num_concepts_raised":22666},{"base_id":383,"kind":"bot_words","i1":5,"i2":6,"sol":{"path":["/c/en/burgoo","/c/en/vegetable","/c/en/mineral","/c/en/apatite"],"weight":0.21202000000000004},"num_concepts_raised":23110},{"base_id":383,"kind":"bot_words","i1":5,"i2":7,"sol":{"path":["/c/en/burgoo","/c/en/day","/c/en/part","/c/en/tonkin"],"weight":0.20809999999999973},"num_concepts_raised":25236},{"base_id":383,"kind":"bot_words","i1":5,"i2":8,"sol":{"path":["/c/en/burgoo","/c/en/nautical","/c/fi/kaapparilaiva","/c/en/privateer"],"weight":0.21316999999999975},"num_concepts_raised":31848},{"base_id":383,"kind":"bot_words","i1":5,"i2":9,"sol":{"path":["/c/en/burgoo","/c/en/stew","/c/en/historical","/c/en/abelian"],"weight":0.20369999999999983},"num_concepts_raised":34194},{"base_id":383,"kind":"bot_words","i1":6,"i2":7,"sol":{"path":["/c/en/apatite","/c/en/mineral","/c/en/element","/c/en/part","/c/en/tonkin"],"weight":0.21737},"num_concepts_raised":17278},{"base_id":383,"kind":"bot_words","i1":6,"i2":8,"sol":{"path":["/c/en/apatite","/c/en/mineral","/c/en/mine","/c/en/ship","/c/en/privateer"],"weight":0.21842000000000006},"num_concepts_raised":24484},{"base_id":383,"kind":"bot_words","i1":6,"i2":9,"sol":{"path":["/c/en/apatite","/c/en/mineral","/c/en/category","/c/en/mathematics","/c/en/abelian"],"weight":0.2131100000000001},"num_concepts_raised":26266},{"base_id":383,"kind":"bot_words","i1":7,"i2":8,"sol":{"path":["/c/en/tonkin","/c/en/region","/c/en/historical","/c/en/privateer"],"weight":0.21442999999999973},"num_concepts_raised":26117},{"base_id":383,"kind":"bot_words","i1":7,"i2":9,"sol":{"path":["/c/en/tonkin","/c/en/history","/c/en/abelite","/c/en/abelian"],"weight":0.21022999999999975},"num_concepts_raised":27860},{"base_id":383,"kind":"bot_words","i1":8,"i2":9,"sol":{"path":["/c/en/privateer","/c/en/historical","/c/en/abelian"],"weight":0.20400000000000001},"num_concepts_raised":171}],[{"base_id":383,"kind":"top_words","i1":0,"i2":1,"sol":{"path":["/c/en/endowment","/c/en/talent","/c/en/art","/c/en/humanities"],"weight":0.21105999999999897},"num_concepts_raised":14323},{"base_id":383,"kind":"top_words","i1":0,"i2":2,"sol":{"path":["/c/en/endowment","/c/hu/alapítvány","/c/en/foundation"],"weight":0.20500000000000002},"num_concepts_raised":867},{"base_id":383,"kind":"top_words","i1":0,"i2":3,"sol":{"path":["/c/en/endowment","/c/en/gift","/c/en/person","/c/en/fellowship"],"weight":0.2073499999999991},"num_concepts_raised":43724},{"base_id":383,"kind":"top_words","i1":0,"i2":4,"sol":{"path":["/c/en/endowment","/c/en/dotation","/c/en/eleemosynary","/c/en/charitable"],"weight":0.20812999999999904},"num_concepts_raised":20715},{"base_id":383,"kind":"top_words","i1":0,"i2":5,"sol":{"path":["/c/en/endowment","/c/fr/dotation","/c/en/allowance","/c/en/scholarship"],"weight":0.2144799999999994},"num_concepts_raised":21987},{"base_id":383,"kind":"top_words","i1":0,"i2":6,"sol":{"path":["/c/en/endowment","/c/en/giving","/c/en/philanthropy"],"weight":0.20400000000000001},"num_concepts_raised":275},{"base_id":383,"kind":"top_words","i1":0,"i2":7,"sol":{"path":["/c/en/endowment","/c/en/capital","/c/en/business","/c/en/nonprofit"],"weight":0.2043699999999995},"num_concepts_raised":9544},{"base_id":383,"kind":"top_words","i1":0,"i2":8,"sol":{"path":["/c/en/endowment","/c/en/gift","/c/en/bequest"],"weight":0.203},"num_concepts_raised":245},{"base_id":383,"kind":"top_words","i1":0,"i2":9,"sol":{"path":["/c/en/endowment","/c/th/กองทุน","/c/en/fund"],"weight":0.203},"num_concepts_raised":464},{"base_id":383,"kind":"top_words","i1":1,"i2":2,"sol":{"path":["/c/en/humanities","/c/en/art","/c/en/ground","/c/en/foundation"],"weight":0.22404999999999758},"num_concepts_raised":55346},{"base_id":383,"kind":"top_words","i1":1,"i2":3,"sol":{"path":["/c/en/humanities","/c/en/humanity","/c/en/people","/c/en/fellowship"],"weight":0.21492999999999896},"num_concepts_raised":45990},{"base_id":383,"kind":"top_words","i1":1,"i2":4,"sol":{"path":["/c/en/humanities","/c/en/humanity","/c/en/benevolent","/c/en/charitable"],"weight":0.21652999999999892},"num_concepts_raised":23080},{"base_id":383,"kind":"top_words","i1":1,"i2":5,"sol":{"path":["/c/en/humanities","/c/en/humanist","/c/en/scholar","/c/en/scholarship"],"weight":0.22170999999999924},"num_concepts_raised":24047},{"base_id":383,"kind":"top_words","i1":1,"i2":6,"sol":{"path":["/c/en/humanities","/c/en/humanity","/c/en/benevolent","/c/en/philanthropy"],"weight":0.22036999999999923},"num_concepts_raised":14149},{"base_id":383,"kind":"top_words","i1":1,"i2":7,"sol":{"path":["/c/en/humanities","/c/en/art","/c/en/business","/c/en/nonprofit"],"weight":0.20949999999999935},"num_concepts_raised":11815},{"base_id":383,"kind":"top_words","i1":1,"i2":8,"sol":{"path":["/c/en/humanities","/c/th/ศิลปศาสตร์","/c/en/law","/c/en/bequest"],"weight":0.21027999999999913},"num_concepts_raised":18620},{"base_id":383,"kind":"top_words","i1":1,"i2":9,"sol":{"path":["/c/en/humanities","/c/en/archaeology","/c/en/hoard","/c/en/fund"],"weight":0.21348999999999874},"num_concepts_raised":33295},{"base_id":383,"kind":"top_words","i1":2,"i2":3,"sol":{"path":["/c/en/foundation","/c/en/structure","/c/en/company","/c/en/fellowship"],"weight":0.22110999999999767},"num_concepts_raised":83365},{"base_id":383,"kind":"top_words","i1":2,"i2":4,"sol":{"path":["/c/en/foundation","/c/en/philanthropy","/c/en/charitable"],"weight":0.20400000000000001},"num_concepts_raised":898},{"base_id":383,"kind":"top_words","i1":2,"i2":5,"sol":{"path":["/c/en/foundation","/c/en/commoner","/c/en/scholarship"],"weight":0.20600000000000002},"num_concepts_raised":917},{"base_id":383,"kind":"top_words","i1":2,"i2":6,"sol":{"path":["/c/en/foundation","/c/en/philanthropy"],"weight":0.20600000000000002},"num_concepts_raised":845},{"base_id":383,"kind":"top_words","i1":2,"i2":7,"sol":{"path":["/c/en/foundation","/c/fr/fondation","/c/en/business","/c/en/nonprofit"],"weight":0.22229999999999808},"num_concepts_raised":50660},{"base_id":383,"kind":"top_words","i1":2,"i2":8,"sol":{"path":["/c/en/foundation","/c/en/support","/c/en/giving","/c/en/bequest"],"weight":0.22138999999999787},"num_concepts_raised":57268},{"base_id":383,"kind":"top_words","i1":2,"i2":9,"sol":{"path":["/c/en/foundation","/c/fr/fond","/c/en/fund"],"weight":0.20600000000000002},"num_concepts_raised":1026},{"base_id":383,"kind":"top_words","i1":3,"i2":4,"sol":{"path":["/c/en/fellowship","/c/en/people","/c/en/charitable"],"weight":0.202},"num_concepts_raised":330},{"base_id":383,"kind":"top_words","i1":3,"i2":5,"sol":{"path":["/c/en/fellowship","/c/en/scholarship"],"weight":0.20400000000000001},"num_concepts_raised":342},{"base_id":383,"kind":"top_words","i1":3,"i2":6,"sol":{"path":["/c/en/fellowship","/c/en/financial_aid","/c/en/philanthropy"],"weight":0.20400000000000001},"num_concepts_raised":279},{"base_id":383,"kind":"top_words","i1":3,"i2":7,"sol":{"path":["/c/en/fellowship","/c/en/company","/c/en/business","/c/en/nonprofit"],"weight":0.2048099999999995},"num_concepts_raised":41089},{"base_id":383,"kind":"top_words","i1":3,"i2":8,"sol":{"path":["/c/en/fellowship","/c/syc/ܫܘܬܦܘܬܐ","/c/en/donation","/c/en/bequest"],"weight":0.20618999999999926},"num_concepts_raised":47746},{"base_id":383,"kind":"top_words","i1":3,"i2":9,"sol":{"path":["/c/en/fellowship","/c/en/company","/c/he/קרן","/c/en/fund"],"weight":0.21082999999999882},"num_concepts_raised":61753},{"base_id":383,"kind":"top_words","i1":4,"i2":5,"sol":{"path":["/c/en/charitable","/c/en/people","/c/en/student","/c/en/scholarship"],"weight":0.21316999999999933},"num_concepts_raised":30606},{"base_id":383,"kind":"top_words","i1":4,"i2":6,"sol":{"path":["/c/en/charitable","/c/en/philanthropy"],"weight":0.20400000000000001},"num_concepts_raised":299},{"base_id":383,"kind":"top_words","i1":4,"i2":7,"sol":{"path":["/c/en/charitable","/c/en/organization","/c/en/nonprofit"],"weight":0.202},"num_concepts_raised":214},{"base_id":383,"kind":"top_words","i1":4,"i2":8,"sol":{"path":["/c/en/charitable","/c/en/give","/c/en/bequest"],"weight":0.202},"num_concepts_raised":276},{"base_id":383,"kind":"top_words","i1":4,"i2":9,"sol":{"path":["/c/en/charitable","/c/en/organization","/c/en/fund"],"weight":0.202},"num_concepts_raised":497},{"base_id":383,"kind":"top_words","i1":5,"i2":6,"sol":{"path":["/c/en/scholarship","/c/en/financial_aid","/c/en/philanthropy"],"weight":0.20600000000000002},"num_concepts_raised":323},{"base_id":383,"kind":"top_words","i1":5,"i2":7,"sol":{"path":["/c/en/scholarship","/c/en/school","/c/en/organization","/c/en/nonprofit"],"weight":0.21133999999999978},"num_concepts_raised":19563},{"base_id":383,"kind":"top_words","i1":5,"i2":8,"sol":{"path":["/c/en/scholarship","/c/en/grant_in_aid","/c/en/giving","/c/en/bequest"],"weight":0.21496999999999955},"num_concepts_raised":26208},{"base_id":383,"kind":"top_words","i1":5,"i2":9,"sol":{"path":["/c/en/scholarship","/c/fi/stipendirahasto","/c/en/fund"],"weight":0.20400000000000001},"num_concepts_raised":515},{"base_id":383,"kind":"top_words","i1":6,"i2":7,"sol":{"path":["/c/en/philanthropy","/c/en/charity","/c/en/organization","/c/en/nonprofit"],"weight":0.21019999999999975},"num_concepts_raised":9495},{"base_id":383,"kind":"top_words","i1":6,"i2":8,"sol":{"path":["/c/en/philanthropy","/c/en/giving","/c/en/bequest"],"weight":0.20500000000000002},"num_concepts_raised":224},{"base_id":383,"kind":"top_words","i1":6,"i2":9,"sol":{"path":["/c/en/philanthropy","/c/en/foundation","/c/ja/基金","/c/en/fund"],"weight":0.21619999999999912},"num_concepts_raised":30774},{"base_id":383,"kind":"top_words","i1":7,"i2":8,"sol":{"path":["/c/en/nonprofit","/c/en/organization","/c/en/money","/c/en/bequest"],"weight":0.20398999999999967},"num_concepts_raised":13777},{"base_id":383,"kind":"top_words","i1":7,"i2":9,"sol":{"path":["/c/en/nonprofit","/c/en/organization","/c/en/fund"],"weight":0.202},"num_concepts_raised":355},{"base_id":383,"kind":"top_words","i1":8,"i2":9,"sol":{"path":["/c/en/bequest","/c/en/money","/c/en/fund"],"weight":0.202},"num_concepts_raised":415}]]