[[{"base_id":463,"kind":"bot_words","i1":0,"i2":1,"sol":{"path":["/c/en/hyoscyamine","/c/en/pain","/c/en/torture","/c/en/martyrdom"],"weight":0.2100699999999998},"num_concepts_raised":22389},{"base_id":463,"kind":"bot_words","i1":0,"i2":2,"sol":{"path":["/c/en/hyoscyamine","/c/en/poison","/c/en/medicine","/c/en/ablation","/c/en/ablate"],"weight":0.20935999999999982},"num_concepts_raised":24694},{"base_id":463,"kind":"bot_words","i1":0,"i2":3,"sol":{"path":["/c/en/hyoscyamine","/c/en/atropine","/c/en/atropa_belladonna","/c/en/plant","/c/en/typha"],"weight":0.21352999999999972},"num_concepts_raised":26363},{"base_id":463,"kind":"bot_words","i1":0,"i2":4,"sol":{"path":["/c/en/hyoscyamine","/c/en/pain","/c/en/bodily","/c/en/corporeal","/c/en/embodied"],"weight":0.20918999999999982},"num_concepts_raised":19461},{"base_id":463,"kind":"bot_words","i1":0,"i2":5,"sol":{"path":["/c/en/hyoscyamine","/c/en/poison","/c/en/injury","/c/en/sustain","/c/en/sustained"],"weight":0.2094999999999997},"num_concepts_raised":32777},{"base_id":463,"kind":"bot_words","i1":0,"i2":6,"sol":{"path":["/c/en/hyoscyamine","/c/en/chemistry","/c/en/build","/c/en/wainwright","/c/en/wain"],"weight":0.2093099999999999},"num_concepts_raised":26780},{"base_id":463,"kind":"bot_words","i1":0,"i2":7,"sol":{"path":["/c/en/hyoscyamine","/c/en/alkaloid","/c/en/nicotine","/c/en/person","/c/en/hammurabi"],"weight":0.2135899999999996},"num_concepts_raised":31075},{"base_id":463,"kind":"bot_words","i1":0,"i2":8,"sol":{"path":["/c/en/hyoscyamine","/c/en/chemistry","/c/en/order","/c/en/enjoin"],"weight":0.20926999999999973},"num_concepts_raised":43121},{"base_id":463,"kind":"bot_words","i1":0,"i2":9,"sol":{"path":["/c/en/hyoscyamine","/c/en/chemistry","/c/fr/sel","/c/fr/alléluia","/c/en/hallelujah"],"weight":0.2136699999999998},"num_concepts_raised":20608},{"base_id":463,"kind":"bot_words","i1":1,"i2":2,"sol":{"path":["/c/en/martyrdom","/c/en/torture","/c/en/rack","/c/en/operation","/c/en/ablate"],"weight":0.20490999999999981},"num_concepts_raised":10060},{"base_id":463,"kind":"bot_words","i1":1,"i2":3,"sol":{"path":["/c/en/martyrdom","/c/en/torture","/c/en/boot","/c/en/plant","/c/en/typha"],"weight":0.2101199999999997},"num_concepts_raised":11736},{"base_id":463,"kind":"bot_words","i1":1,"i2":4,"sol":{"path":["/c/en/martyrdom","/c/fr/martyre","/c/fr/corps","/c/en/corporeal","/c/en/embodied"],"weight":0.2056799999999998},"num_concepts_raised":4741},{"base_id":463,"kind":"bot_words","i1":1,"i2":5,"sol":{"path":["/c/en/martyrdom","/c/fr/martyre","/c/fr/endurer","/c/en/sustain","/c/en/sustained"],"weight":0.20604999999999968},"num_concepts_raised":18162},{"base_id":463,"kind":"bot_words","i1":1,"i2":6,"sol":{"path":["/c/en/martyrdom","/c/en/torture","/c/en/literary","/c/en/wain"],"weight":0.2049299999999999},"num_concepts_raised":12042},{"base_id":463,"kind":"bot_words","i1":1,"i2":7,"sol":{"path":["/c/en/martyrdom","/c/en/torture","/c/en/distress","/c/en/person","/c/en/hammurabi"],"weight":0.21021999999999957},"num_concepts_raised":16375},{"base_id":463,"kind":"bot_words","i1":1,"i2":8,"sol":{"path":["/c/en/martyrdom","/c/en/torture","/c/en/literary","/c/en/enjoin"],"weight":0.20548999999999973},"num_concepts_raised":28444},{"base_id":463,"kind":"bot_words","i1":1,"i2":9,"sol":{"path":["/c/en/martyrdom","/c/fr/martyre","/c/fr/religion","/c/fr/alléluia","/c/en/hallelujah"],"weight":0.21029999999999976},"num_concepts_raised":5891},{"base_id":463,"kind":"bot_words","i1":2,"i2":3,"sol":{"path":["/c/en/ablate","/c/en/remove","/c/en/stem","/c/en/plant","/c/en/typha"],"weight":0.2084099999999997},"num_concepts_raised":13857},{"base_id":463,"kind":"bot_words","i1":2,"i2":4,"sol":{"path":["/c/en/ablate","/c/en/remove","/c/en/head","/c/en/corporal","/c/en/embodied"],"weight":0.20299999999999982},"num_concepts_raised":6895},{"base_id":463,"kind":"bot_words","i1":2,"i2":5,"sol":{"path":["/c/en/ablate","/c/en/operation","/c/en/drive","/c/en/sustained"],"weight":0.20326999999999967},"num_concepts_raised":20138},{"base_id":463,"kind":"bot_words","i1":2,"i2":6,"sol":{"path":["/c/en/ablate","/c/en/remove","/c/en/cart","/c/en/wain"],"weight":0.2034099999999999},"num_concepts_raised":14169},{"base_id":463,"kind":"bot_words","i1":2,"i2":7,"sol":{"path":["/c/en/ablate","/c/en/ablation","/c/en/progressive","/c/en/person","/c/en/hammurabi"],"weight":0.2094699999999996},"num_concepts_raised":18553},{"base_id":463,"kind":"bot_words","i1":2,"i2":8,"sol":{"path":["/c/en/ablate","/c/en/operation","/c/en/join","/c/en/enjoin"],"weight":0.2038099999999997},"num_concepts_raised":30497},{"base_id":463,"kind":"bot_words","i1":2,"i2":9,"sol":{"path":["/c/en/ablate","/c/en/operation","/c/en/activity","/c/en/praise","/c/en/hallelujah"],"weight":0.2043299999999998},"num_concepts_raised":8057},{"base_id":463,"kind":"bot_words","i1":3,"i2":4,"sol":{"path":["/c/en/typha","/c/en/plant","/c/en/thing","/c/en/corporeal","/c/en/embodied"],"weight":0.20925999999999972},"num_concepts_raised":8565},{"base_id":463,"kind":"bot_words","i1":3,"i2":5,"sol":{"path":["/c/en/typha","/c/en/plant","/c/en/botany","/c/en/continuous","/c/en/sustained"],"weight":0.20964999999999961},"num_concepts_raised":21966},{"base_id":463,"kind":"bot_words","i1":3,"i2":6,"sol":{"path":["/c/en/typha","/c/en/plant","/c/en/slang","/c/en/wagon","/c/en/wain"],"weight":0.20885999999999982},"num_concepts_raised":15888},{"base_id":463,"kind":"bot_words","i1":3,"i2":7,"sol":{"path":["/c/en/typha","/c/en/plant","/c/en/person","/c/en/hammurabi"],"weight":0.2136899999999995},"num_concepts_raised":20219},{"base_id":463,"kind":"bot_words","i1":3,"i2":8,"sol":{"path":["/c/en/typha","/c/en/cattail","/c/en/cat","/c/en/command","/c/en/enjoin"],"weight":0.21051999999999965},"num_concepts_raised":32322},{"base_id":463,"kind":"bot_words","i1":3,"i2":9,"sol":{"path":["/c/en/typha","/c/fr/typha","/c/fr/plante","/c/fr/alléluia","/c/en/hallelujah"],"weight":0.21590999999999969},"num_concepts_raised":9713},{"base_id":463,"kind":"bot_words","i1":4,"i2":5,"sol":{"path":["/c/en/embodied","/c/en/corporeal","/c/en/intangible","/c/en/music","/c/en/sustained"],"weight":0.20427999999999968},"num_concepts_raised":15027},{"base_id":463,"kind":"bot_words","i1":4,"i2":6,"sol":{"path":["/c/en/embodied","/c/en/corporal","/c/en/wagonway","/c/en/wagon","/c/en/wain"],"weight":0.20346999999999993},"num_concepts_raised":8899},{"base_id":463,"kind":"bot_words","i1":4,"i2":7,"sol":{"path":["/c/en/embodied","/c/en/corporeal","/c/en/body","/c/en/person","/c/en/hammurabi"],"weight":0.2094199999999996},"num_concepts_raised":13262},{"base_id":463,"kind":"bot_words","i1":4,"i2":8,"sol":{"path":["/c/en/embodied","/c/en/incarnate","/c/la/in","/c/en/enjoin"],"weight":0.2036399999999997},"num_concepts_raised":25391},{"base_id":463,"kind":"bot_words","i1":4,"i2":9,"sol":{"path":["/c/en/embodied","/c/fr/corporal","/c/fr/religion","/c/fr/alléluia","/c/en/hallelujah"],"weight":0.2084399999999998},"num_concepts_raised":2711},{"base_id":463,"kind":"bot_words","i1":5,"i2":6,"sol":{"path":["/c/en/sustained","/c/en/continuous","/c/en/open","/c/en/cart","/c/en/wain"],"weight":0.2046699999999998},"num_concepts_raised":22252},{"base_id":463,"kind":"bot_words","i1":5,"i2":7,"sol":{"path":["/c/en/sustained","/c/en/music","/c/en/person","/c/en/hammurabi"],"weight":0.20872999999999947},"num_concepts_raised":26584},{"base_id":463,"kind":"bot_words","i1":5,"i2":8,"sol":{"path":["/c/en/sustained","/c/en/drive","/c/en/command","/c/en/enjoin"],"weight":0.2053599999999996},"num_concepts_raised":38373},{"base_id":463,"kind":"bot_words","i1":5,"i2":9,"sol":{"path":["/c/en/sustained","/c/en/music","/c/ru/аллилуйя","/c/en/hallelujah"],"weight":0.20563999999999966},"num_concepts_raised":16166},{"base_id":463,"kind":"bot_words","i1":6,"i2":7,"sol":{"path":["/c/en/wain","/c/en/big_dipper","/c/en/big","/c/en/person","/c/en/hammurabi"],"weight":0.2096399999999997},"num_concepts_raised":20529},{"base_id":463,"kind":"bot_words","i1":6,"i2":8,"sol":{"path":["/c/en/wain","/c/en/literary","/c/en/enjoin"],"weight":0.202},"num_concepts_raised":122},{"base_id":463,"kind":"bot_words","i1":6,"i2":9,"sol":{"path":["/c/en/wain","/c/en/big_dipper","/c/en/big","/c/en/praise","/c/en/hallelujah"],"weight":0.2055499999999999},"num_concepts_raised":10038},{"base_id":463,"kind":"bot_words","i1":7,"i2":8,"sol":{"path":["/c/en/hammurabi","/c/en/person","/c/en/order","/c/en/enjoin"],"weight":0.2095299999999995},"num_concepts_raised":36726},{"base_id":463,"kind":"bot_words","i1":7,"i2":9,"sol":{"path":["/c/en/hammurabi","/c/en/person","/c/en/praise","/c/en/hallelujah"],"weight":0.20964999999999956},"num_concepts_raised":14405},{"base_id":463,"kind":"bot_words","i1":8,"i2":9,"sol":{"path":["/c/en/enjoin","/c/en/order","/c/fr/religion","/c/fr/alléluia","/c/en/hallelujah"],"weight":0.20969999999999972},"num_concepts_raised":26538}],[{"base_id":463,"kind":"top_words","i1":0,"i2":1,"sol":{"path":["/c/en/trousers","/c/en/pants","/c/en/garment","/c/en/sleeveless"],"weight":0.2198299999999983},"num_concepts_raised":23795},{"base_id":463,"kind":"top_words","i1":0,"i2":2,"sol":{"path":["/c/en/trousers","/c/en/pants"],"weight":0.20800000000000002},"num_concepts_raised":665},{"base_id":463,"kind":"top_words","i1":0,"i2":3,"sol":{"path":["/c/en/trousers","/c/en/dress","/c/en/chiffon"],"weight":0.20400000000000001},"num_concepts_raised":442},{"base_id":463,"kind":"top_words","i1":0,"i2":4,"sol":{"path":["/c/en/trousers","/c/en/clothing","/c/en/blouse"],"weight":0.20600000000000002},"num_concepts_raised":573},{"base_id":463,"kind":"top_words","i1":0,"i2":5,"sol":{"path":["/c/en/trousers","/c/en/slacks"],"weight":0.20800000000000002},"num_concepts_raised":414},{"base_id":463,"kind":"top_words","i1":0,"i2":6,"sol":{"path":["/c/en/trousers","/c/en/clothing","/c/en/tunic"],"weight":0.20700000000000002},"num_concepts_raised":568},{"base_id":463,"kind":"top_words","i1":0,"i2":7,"sol":{"path":["/c/en/trousers","/c/en/waist","/c/en/tights"],"weight":0.20400000000000001},"num_concepts_raised":486},{"base_id":463,"kind":"top_words","i1":0,"i2":8,"sol":{"path":["/c/en/trousers","/c/bg/клин","/c/en/leggings"],"weight":0.20400000000000001},"num_concepts_raised":437},{"base_id":463,"kind":"top_words","i1":0,"i2":9,"sol":{"path":["/c/en/trousers","/c/en/jeans"],"weight":0.20800000000000002},"num_concepts_raised":568},{"base_id":463,"kind":"top_words","i1":1,"i2":2,"sol":{"path":["/c/en/sleeveless","/c/en/garment","/c/en/pants"],"weight":0.203},"num_concepts_raised":508},{"base_id":463,"kind":"top_words","i1":1,"i2":3,"sol":{"path":["/c/en/sleeveless","/c/en/garment","/c/en/dress","/c/en/chiffon"],"weight":0.20389999999999978},"num_concepts_raised":9732},{"base_id":463,"kind":"top_words","i1":1,"i2":4,"sol":{"path":["/c/en/sleeveless","/c/en/bodice","/c/en/blouse"],"weight":0.20400000000000001},"num_concepts_raised":247},{"base_id":463,"kind":"top_words","i1":1,"i2":5,"sol":{"path":["/c/en/sleeveless","/c/en/garment","/c/en/suit","/c/en/slacks"],"weight":0.20463999999999977},"num_concepts_raised":8395},{"base_id":463,"kind":"top_words","i1":1,"i2":6,"sol":{"path":["/c/en/sleeveless","/c/en/gymslip","/c/en/tunic"],"weight":0.20500000000000002},"num_concepts_raised":240},{"base_id":463,"kind":"top_words","i1":1,"i2":7,"sol":{"path":["/c/en/sleeveless","/c/en/garment","/c/en/tights"],"weight":0.202},"num_concepts_raised":161},{"base_id":463,"kind":"top_words","i1":1,"i2":8,"sol":{"path":["/c/en/sleeveless","/c/en/garment","/c/en/legging","/c/en/leggings"],"weight":0.20347999999999966},"num_concepts_raised":8624},{"base_id":463,"kind":"top_words","i1":1,"i2":9,"sol":{"path":["/c/en/sleeveless","/c/no/ermeløs","/c/en/clothing","/c/en/jeans"],"weight":0.2116199999999991},"num_concepts_raised":20451},{"base_id":463,"kind":"top_words","i1":2,"i2":3,"sol":{"path":["/c/en/pants","/c/en/dress","/c/en/chiffon"],"weight":0.202},"num_concepts_raised":491},{"base_id":463,"kind":"top_words","i1":2,"i2":4,"sol":{"path":["/c/en/pants","/c/en/clothing","/c/en/blouse"],"weight":0.20400000000000001},"num_concepts_raised":619},{"base_id":463,"kind":"top_words","i1":2,"i2":5,"sol":{"path":["/c/en/pants","/c/en/slacks"],"weight":0.203},"num_concepts_raised":465},{"base_id":463,"kind":"top_words","i1":2,"i2":6,"sol":{"path":["/c/en/pants","/c/en/clothing","/c/en/tunic"],"weight":0.20500000000000002},"num_concepts_raised":614},{"base_id":463,"kind":"top_words","i1":2,"i2":7,"sol":{"path":["/c/en/pants","/c/en/garment","/c/en/tights"],"weight":0.203},"num_concepts_raised":533},{"base_id":463,"kind":"top_words","i1":2,"i2":8,"sol":{"path":["/c/en/pants","/c/en/trousers","/c/en/treggings","/c/en/leggings"],"weight":0.21456999999999932},"num_concepts_raised":64127},{"base_id":463,"kind":"top_words","i1":2,"i2":9,"sol":{"path":["/c/en/pants","/c/en/jeans"],"weight":0.20400000000000001},"num_concepts_raised":617},{"base_id":463,"kind":"top_words","i1":3,"i2":4,"sol":{"path":["/c/en/chiffon","/c/en/dress","/c/en/blouse"],"weight":0.202},"num_concepts_raised":233},{"base_id":463,"kind":"top_words","i1":3,"i2":5,"sol":{"path":["/c/en/chiffon","/c/en/dress","/c/en/trousers","/c/en/slacks"],"weight":0.2057199999999999},"num_concepts_raised":6134},{"base_id":463,"kind":"top_words","i1":3,"i2":6,"sol":{"path":["/c/en/chiffon","/c/en/dress","/c/en/tunic"],"weight":0.20500000000000002},"num_concepts_raised":226},{"base_id":463,"kind":"top_words","i1":3,"i2":7,"sol":{"path":["/c/en/chiffon","/c/en/chip","/c/en/rock","/c/en/tights"],"weight":0.20449999999999985},"num_concepts_raised":14045},{"base_id":463,"kind":"top_words","i1":3,"i2":8,"sol":{"path":["/c/en/chiffon","/c/en/dress","/c/en/women's_clothing","/c/en/leggings"],"weight":0.2033299999999998},"num_concepts_raised":6423},{"base_id":463,"kind":"top_words","i1":3,"i2":9,"sol":{"path":["/c/en/chiffon","/c/en/fabric","/c/en/denim","/c/en/jeans"],"weight":0.21497999999999917},"num_concepts_raised":18215},{"base_id":463,"kind":"top_words","i1":4,"i2":5,"sol":{"path":["/c/en/blouse","/c/en/clothing","/c/en/trousers","/c/en/slacks"],"weight":0.20963999999999983},"num_concepts_raised":30452},{"base_id":463,"kind":"top_words","i1":4,"i2":6,"sol":{"path":["/c/en/blouse","/c/en/shirt","/c/en/tunic"],"weight":0.20600000000000002},"num_concepts_raised":355},{"base_id":463,"kind":"top_words","i1":4,"i2":7,"sol":{"path":["/c/en/blouse","/c/en/waist","/c/en/tights"],"weight":0.202},"num_concepts_raised":277},{"base_id":463,"kind":"top_words","i1":4,"i2":8,"sol":{"path":["/c/en/blouse","/c/en/women's_clothing","/c/en/leggings"],"weight":0.202},"num_concepts_raised":229},{"base_id":463,"kind":"top_words","i1":4,"i2":9,"sol":{"path":["/c/en/blouse","/c/en/clothing","/c/en/jeans"],"weight":0.20500000000000002},"num_concepts_raised":368},{"base_id":463,"kind":"top_words","i1":5,"i2":6,"sol":{"path":["/c/en/slacks","/c/en/trousers","/c/en/dress","/c/en/tunic"],"weight":0.21531999999999968},"num_concepts_raised":23775},{"base_id":463,"kind":"top_words","i1":5,"i2":7,"sol":{"path":["/c/en/slacks","/c/gv/troosyn","/c/en/tights"],"weight":0.202},"num_concepts_raised":128},{"base_id":463,"kind":"top_words","i1":5,"i2":8,"sol":{"path":["/c/en/slacks","/c/en/long_pants","/c/en/leggings"],"weight":0.202},"num_concepts_raised":79},{"base_id":463,"kind":"top_words","i1":5,"i2":9,"sol":{"path":["/c/en/slacks","/c/en/trousers","/c/en/jeans"],"weight":0.20700000000000002},"num_concepts_raised":217},{"base_id":463,"kind":"top_words","i1":6,"i2":7,"sol":{"path":["/c/en/tunic","/c/en/garment","/c/en/tights"],"weight":0.20400000000000001},"num_concepts_raised":271},{"base_id":463,"kind":"top_words","i1":6,"i2":8,"sol":{"path":["/c/en/tunic","/c/en/dress","/c/en/women's_clothing","/c/en/leggings"],"weight":0.21291999999999955},"num_concepts_raised":24117},{"base_id":463,"kind":"top_words","i1":6,"i2":9,"sol":{"path":["/c/en/tunic","/c/en/clothing","/c/en/jeans"],"weight":0.20600000000000002},"num_concepts_raised":363},{"base_id":463,"kind":"top_words","i1":7,"i2":8,"sol":{"path":["/c/en/tights","/c/ca/malla","/c/en/leggings"],"weight":0.202},"num_concepts_raised":134},{"base_id":463,"kind":"top_words","i1":7,"i2":9,"sol":{"path":["/c/en/tights","/c/en/waist","/c/en/jeans"],"weight":0.20400000000000001},"num_concepts_raised":281},{"base_id":463,"kind":"top_words","i1":8,"i2":9,"sol":{"path":["/c/en/leggings","/c/en/long_pants","/c/en/jeans"],"weight":0.20400000000000001},"num_concepts_raised":231}]]