[[{"base_id":85,"kind":"bot_words","i1":0,"i2":1,"sol":{"path":["/c/en/moravians","/c/en/ethnic_group","/c/en/austrians","/c/en/austrian","/c/en/austria","/c/en/karawanks"],"weight":0.21458679999999958},"num_concepts_raised":80301},{"base_id":85,"kind":"bot_words","i1":0,"i2":2,"sol":{"path":["/c/en/moravians","/c/en/ethnic_group","/c/en/people","/c/en/mammal","/c/en/canidae"],"weight":0.21362999999999965},"num_concepts_raised":4356},{"base_id":85,"kind":"bot_words","i1":0,"i2":3,"sol":{"path":["/c/en/moravians","/c/en/ethnic_group","/c/en/ethnopharmacology","/c/en/medicine","/c/en/anaesthesia"],"weight":0.21409999999999976},"num_concepts_raised":14750},{"base_id":85,"kind":"bot_words","i1":0,"i2":4,"sol":{"path":["/c/en/moravians","/c/en/ethnic_group","/c/en/people","/c/en/free","/c/en/emancipated"],"weight":0.20896999999999982},"num_concepts_raised":2631},{"base_id":85,"kind":"bot_words","i1":0,"i2":5,"sol":{"path":["/c/en/moravians","/c/en/ethnic_group","/c/pt/raça","/c/en/brood","/c/en/hatch"],"weight":0.21381999999999918},"num_concepts_raised":68965},{"base_id":85,"kind":"bot_words","i1":0,"i2":6,"sol":{"path":["/c/en/moravians","/c/en/ethnic_group","/c/en/group","/c/en/business","/c/en/rally"],"weight":0.21229999999999905},"num_concepts_raised":27899},{"base_id":85,"kind":"bot_words","i1":0,"i2":7,"sol":{"path":["/c/en/moravians","/c/en/ethnic_group","/c/en/people","/c/en/middle","/c/en/intermediate"],"weight":0.212919999999999},"num_concepts_raised":33031},{"base_id":85,"kind":"bot_words","i1":0,"i2":8,"sol":{"path":["/c/en/moravians","/c/en/ethnic_group","/c/en/people","/c/en/city","/c/en/khorramshahr"],"weight":0.21303999999999979},"num_concepts_raised":4302},{"base_id":85,"kind":"bot_words","i1":0,"i2":9,"sol":{"path":["/c/en/moravians","/c/en/ethnic_group","/c/en/rade","/c/en/scotland","/c/en/strapping"],"weight":0.20829999999999974},"num_concepts_raised":6694},{"base_id":85,"kind":"bot_words","i1":1,"i2":2,"sol":{"path":["/c/en/karawanks","/c/en/austria","/c/en/human","/c/en/canine","/c/en/canidae"],"weight":0.21371999999999966},"num_concepts_raised":4485},{"base_id":85,"kind":"bot_words","i1":1,"i2":3,"sol":{"path":["/c/en/karawanks","/c/en/austria","/c/en/a","/c/en/medicine","/c/en/anaesthesia"],"weight":0.21413999999999977},"num_concepts_raised":14882},{"base_id":85,"kind":"bot_words","i1":1,"i2":4,"sol":{"path":["/c/en/karawanks","/c/en/austria","/c/en/country","/c/en/independent","/c/en/free","/c/en/emancipated"],"weight":0.2129992999999994},"num_concepts_raised":234799},{"base_id":85,"kind":"bot_words","i1":1,"i2":5,"sol":{"path":["/c/en/karawanks","/c/en/austria","/c/de/schliefen","/c/de/schlüpfen","/c/en/hatch"],"weight":0.21346999999999916},"num_concepts_raised":69078},{"base_id":85,"kind":"bot_words","i1":1,"i2":6,"sol":{"path":["/c/en/karawanks","/c/en/austria","/c/en/australia","/c/en/muster","/c/en/rally"],"weight":0.21228999999999904},"num_concepts_raised":28030},{"base_id":85,"kind":"bot_words","i1":1,"i2":7,"sol":{"path":["/c/en/karawanks","/c/en/mountain_range","/c/en/range","/c/en/intermediate"],"weight":0.212179999999999},"num_concepts_raised":33118},{"base_id":85,"kind":"bot_words","i1":1,"i2":8,"sol":{"path":["/c/en/karawanks","/c/en/austria","/c/en/country","/c/en/city","/c/en/khorramshahr"],"weight":0.2130999999999998},"num_concepts_raised":4433},{"base_id":85,"kind":"bot_words","i1":1,"i2":9,"sol":{"path":["/c/en/karawanks","/c/en/austria","/c/en/country","/c/en/scotland","/c/en/strapping"],"weight":0.2083599999999997},"num_concepts_raised":6823},{"base_id":85,"kind":"bot_words","i1":2,"i2":3,"sol":{"path":["/c/en/canidae","/c/en/mammal","/c/en/xylazine","/c/en/anaesthesia"],"weight":0.21461999999999964},"num_concepts_raised":17420},{"base_id":85,"kind":"bot_words","i1":2,"i2":4,"sol":{"path":["/c/en/canidae","/c/en/mammal","/c/en/person","/c/en/free","/c/en/emancipated"],"weight":0.20980999999999972},"num_concepts_raised":5322},{"base_id":85,"kind":"bot_words","i1":2,"i2":5,"sol":{"path":["/c/en/canidae","/c/en/fox","/c/en/slang","/c/en/hatch"],"weight":0.21352999999999905},"num_concepts_raised":71351},{"base_id":85,"kind":"bot_words","i1":2,"i2":6,"sol":{"path":["/c/en/canidae","/c/mul/canidae","/c/fr/chien","/c/fr/rallier","/c/en/rally"],"weight":0.21342999999999895},"num_concepts_raised":30533},{"base_id":85,"kind":"bot_words","i1":2,"i2":7,"sol":{"path":["/c/en/canidae","/c/en/fox","/c/en/us","/c/en/moderate","/c/en/intermediate"],"weight":0.21518999999999888},"num_concepts_raised":35634},{"base_id":85,"kind":"bot_words","i1":2,"i2":8,"sol":{"path":["/c/en/canidae","/c/en/canine","/c/en/human","/c/en/city","/c/en/khorramshahr"],"weight":0.21392999999999968},"num_concepts_raised":6982},{"base_id":85,"kind":"bot_words","i1":2,"i2":9,"sol":{"path":["/c/en/canidae","/c/en/fox","/c/en/slang","/c/en/strap","/c/en/strapping"],"weight":0.21020999999999962},"num_concepts_raised":9356},{"base_id":85,"kind":"bot_words","i1":3,"i2":4,"sol":{"path":["/c/en/anaesthesia","/c/en/medicine","/c/en/take","/c/en/free","/c/en/emancipated"],"weight":0.2102899999999998},"num_concepts_raised":15696},{"base_id":85,"kind":"bot_words","i1":3,"i2":5,"sol":{"path":["/c/en/anaesthesia","/c/en/medicine","/c/en/slang","/c/en/hatch"],"weight":0.21391999999999917},"num_concepts_raised":81583},{"base_id":85,"kind":"bot_words","i1":3,"i2":6,"sol":{"path":["/c/en/anaesthesia","/c/en/medicine","/c/en/gathering","/c/en/rally"],"weight":0.21267999999999904},"num_concepts_raised":40684},{"base_id":85,"kind":"bot_words","i1":3,"i2":7,"sol":{"path":["/c/en/anaesthesia","/c/en/anaesthetic","/c/en/substance","/c/en/intermediate"],"weight":0.215299999999999},"num_concepts_raised":45613},{"base_id":85,"kind":"bot_words","i1":3,"i2":8,"sol":{"path":["/c/en/anaesthesia","/c/en/medicine","/c/en/local","/c/en/city","/c/en/khorramshahr"],"weight":0.21435999999999977},"num_concepts_raised":17372},{"base_id":85,"kind":"bot_words","i1":3,"i2":9,"sol":{"path":["/c/en/anaesthesia","/c/en/medicine","/c/en/strap","/c/en/strapping"],"weight":0.2106299999999997},"num_concepts_raised":19699},{"base_id":85,"kind":"bot_words","i1":4,"i2":5,"sol":{"path":["/c/en/emancipated","/c/en/free","/c/en/drop","/c/en/egg","/c/en/hatch"],"weight":0.21003999999999923},"num_concepts_raised":69812},{"base_id":85,"kind":"bot_words","i1":4,"i2":6,"sol":{"path":["/c/en/emancipated","/c/en/free","/c/en/business","/c/en/rally"],"weight":0.20838999999999908},"num_concepts_raised":28787},{"base_id":85,"kind":"bot_words","i1":4,"i2":7,"sol":{"path":["/c/en/emancipated","/c/en/free","/c/en/chemistry","/c/en/intermediate"],"weight":0.20858999999999905},"num_concepts_raised":33801},{"base_id":85,"kind":"bot_words","i1":4,"i2":8,"sol":{"path":["/c/en/emancipated","/c/en/free","/c/en/freeway","/c/en/city","/c/en/khorramshahr"],"weight":0.20921999999999985},"num_concepts_raised":5267},{"base_id":85,"kind":"bot_words","i1":4,"i2":9,"sol":{"path":["/c/en/emancipated","/c/en/free","/c/en/adjective","/c/fr/fort","/c/en/strapping"],"weight":0.20555999999999977},"num_concepts_raised":7649},{"base_id":85,"kind":"bot_words","i1":5,"i2":6,"sol":{"path":["/c/en/hatch","/c/en/slang","/c/en/business","/c/en/rally"],"weight":0.21208999999999845},"num_concepts_raised":92859},{"base_id":85,"kind":"bot_words","i1":5,"i2":7,"sol":{"path":["/c/en/hatch","/c/en/vehicle","/c/en/medium","/c/en/intermediate"],"weight":0.21339999999999842},"num_concepts_raised":98176},{"base_id":85,"kind":"bot_words","i1":5,"i2":8,"sol":{"path":["/c/en/hatch","/c/en/structure","/c/en/city","/c/en/khorramshahr"],"weight":0.21273999999999918},"num_concepts_raised":71343},{"base_id":85,"kind":"bot_words","i1":5,"i2":9,"sol":{"path":["/c/en/hatch","/c/en/scotland","/c/en/strapping"],"weight":0.202},"num_concepts_raised":407},{"base_id":85,"kind":"bot_words","i1":6,"i2":7,"sol":{"path":["/c/en/rally","/c/fr/commerce","/c/fr/intermédiaire","/c/en/intermediate"],"weight":0.2148299999999983},"num_concepts_raised":58162},{"base_id":85,"kind":"bot_words","i1":6,"i2":8,"sol":{"path":["/c/en/rally","/c/en/business","/c/en/city","/c/en/khorramshahr"],"weight":0.21245999999999904},"num_concepts_raised":30429},{"base_id":85,"kind":"bot_words","i1":6,"i2":9,"sol":{"path":["/c/en/rally","/c/ms/pukulan","/c/en/beating","/c/en/strapping"],"weight":0.206639999999999},"num_concepts_raised":32679},{"base_id":85,"kind":"bot_words","i1":7,"i2":8,"sol":{"path":["/c/en/intermediate","/c/en/interposit","/c/en/city","/c/en/khorramshahr"],"weight":0.21230999999999903},"num_concepts_raised":35588},{"base_id":85,"kind":"bot_words","i1":7,"i2":9,"sol":{"path":["/c/en/intermediate","/c/en/substance","/c/en/adhesive","/c/en/strapping"],"weight":0.20765999999999896},"num_concepts_raised":37782},{"base_id":85,"kind":"bot_words","i1":8,"i2":9,"sol":{"path":["/c/en/khorramshahr","/c/en/city","/c/en/high","/c/fr/fort","/c/en/strapping"],"weight":0.20963999999999974},"num_concepts_raised":9305}],[{"base_id":85,"kind":"top_words","i1":0,"i2":1,"sol":{"path":["/c/en/potshot","/c/en/shot","/c/en/lead"],"weight":0.20500000000000002},"num_concepts_raised":2176},{"base_id":85,"kind":"top_words","i1":0,"i2":2,"sol":{"path":["/c/en/potshot","/c/en/pot","/c/en/water","/c/en/arsenic_acid","/c/en/arsenate"],"weight":0.21188999999999975},"num_concepts_raised":20915},{"base_id":85,"kind":"top_words","i1":0,"i2":3,"sol":{"path":["/c/en/potshot","/c/en/pot","/c/en/plant","/c/en/saltworks"],"weight":0.20364999999999994},"num_concepts_raised":14629},{"base_id":85,"kind":"top_words","i1":0,"i2":4,"sol":{"path":["/c/en/potshot","/c/en/shot","/c/en/smash","/c/en/smooch"],"weight":0.20408999999999977},"num_concepts_raised":11593},{"base_id":85,"kind":"top_words","i1":0,"i2":5,"sol":{"path":["/c/en/potshot","/c/en/shot","/c/en/break","/c/en/intermission"],"weight":0.20831999999999978},"num_concepts_raised":22536},{"base_id":85,"kind":"top_words","i1":0,"i2":6,"sol":{"path":["/c/en/potshot","/c/en/pot","/c/en/grow","/c/en/mushroom","/c/en/toadstool"],"weight":0.2067299999999999},"num_concepts_raised":8864},{"base_id":85,"kind":"top_words","i1":0,"i2":7,"sol":{"path":["/c/en/potshot","/c/en/fire","/c/en/light","/c/en/backlight"],"weight":0.21016999999999983},"num_concepts_raised":14344},{"base_id":85,"kind":"top_words","i1":0,"i2":8,"sol":{"path":["/c/en/potshot","/c/en/pot","/c/en/drug","/c/en/pristinamycin","/c/en/streptococcal"],"weight":0.20369999999999994},"num_concepts_raised":4968},{"base_id":85,"kind":"top_words","i1":0,"i2":9,"sol":{"path":["/c/en/potshot","/c/en/pot","/c/en/round","/c/en/crenate"],"weight":0.20373999999999998},"num_concepts_raised":26414},{"base_id":85,"kind":"top_words","i1":1,"i2":2,"sol":{"path":["/c/en/lead","/c/en/mimetite","/c/en/arsenate"],"weight":0.20600000000000002},"num_concepts_raised":2240},{"base_id":85,"kind":"top_words","i1":1,"i2":3,"sol":{"path":["/c/en/lead","/c/en/mineral","/c/en/salt","/c/en/saltworks"],"weight":0.24574000000000537},"num_concepts_raised":327903},{"base_id":85,"kind":"top_words","i1":1,"i2":4,"sol":{"path":["/c/en/lead","/c/en/music","/c/en/neck","/c/en/smooch"],"weight":0.2434300000000054},"num_concepts_raised":325099},{"base_id":85,"kind":"top_words","i1":1,"i2":5,"sol":{"path":["/c/en/lead","/c/en/music","/c/en/break","/c/en/intermission"],"weight":0.24782000000000542},"num_concepts_raised":332777},{"base_id":85,"kind":"top_words","i1":1,"i2":6,"sol":{"path":["/c/en/lead","/c/en/poisonous","/c/en/toadstool"],"weight":0.20400000000000001},"num_concepts_raised":2215},{"base_id":85,"kind":"top_words","i1":1,"i2":7,"sol":{"path":["/c/en/lead","/c/en/pencil","/c/en/light","/c/en/backlight"],"weight":0.25022000000000544},"num_concepts_raised":326394},{"base_id":85,"kind":"top_words","i1":1,"i2":8,"sol":{"path":["/c/en/lead","/c/en/music","/c/en/signature","/c/en/scarlet_fever","/c/en/streptococcal"],"weight":0.24281000000000552},"num_concepts_raised":319512},{"base_id":85,"kind":"top_words","i1":1,"i2":9,"sol":{"path":["/c/en/lead","/c/en/mineral","/c/en/salt","/c/en/crenate"],"weight":0.24482000000000537},"num_concepts_raised":337378},{"base_id":85,"kind":"top_words","i1":2,"i2":3,"sol":{"path":["/c/en/arsenate","/c/en/salt","/c/en/saltworks"],"weight":0.20500000000000002},"num_concepts_raised":105},{"base_id":85,"kind":"top_words","i1":2,"i2":4,"sol":{"path":["/c/en/arsenate","/c/en/salt","/c/en/like","/c/en/kiss","/c/en/smooch"],"weight":0.21082999999999957},"num_concepts_raised":23284},{"base_id":85,"kind":"top_words","i1":2,"i2":5,"sol":{"path":["/c/en/arsenate","/c/en/chemistry","/c/en/crack","/c/en/break","/c/en/intermission"],"weight":0.2135199999999996},"num_concepts_raised":34264},{"base_id":85,"kind":"top_words","i1":2,"i2":6,"sol":{"path":["/c/en/arsenate","/c/en/arsenic_acid","/c/en/poisonous","/c/en/toadstool"],"weight":0.21152999999999972},"num_concepts_raised":20432},{"base_id":85,"kind":"top_words","i1":2,"i2":7,"sol":{"path":["/c/en/arsenate","/c/en/chemistry","/c/en/light","/c/en/backlight"],"weight":0.21625999999999962},"num_concepts_raised":26047},{"base_id":85,"kind":"top_words","i1":2,"i2":8,"sol":{"path":["/c/en/arsenate","/c/en/chemistry","/c/en/biochemistry","/c/en/streptodornase","/c/en/streptococcal"],"weight":0.20884999999999973},"num_concepts_raised":16583},{"base_id":85,"kind":"top_words","i1":2,"i2":9,"sol":{"path":["/c/en/arsenate","/c/en/chemistry","/c/en/crenate"],"weight":0.20400000000000001},"num_concepts_raised":107},{"base_id":85,"kind":"top_words","i1":3,"i2":4,"sol":{"path":["/c/en/saltworks","/c/en/plant","/c/en/love","/c/en/smooch"],"weight":0.20315999999999976},"num_concepts_raised":17001},{"base_id":85,"kind":"top_words","i1":3,"i2":5,"sol":{"path":["/c/en/saltworks","/c/en/plant","/c/en/perennial","/c/en/intermission"],"weight":0.2045499999999998},"num_concepts_raised":27868},{"base_id":85,"kind":"top_words","i1":3,"i2":6,"sol":{"path":["/c/en/saltworks","/c/en/plant","/c/en/stool","/c/en/toadstool"],"weight":0.2032399999999999},"num_concepts_raised":14095},{"base_id":85,"kind":"top_words","i1":3,"i2":7,"sol":{"path":["/c/en/saltworks","/c/en/salt","/c/en/white","/c/en/light","/c/en/backlight"],"weight":0.2111799999999998},"num_concepts_raised":19787},{"base_id":85,"kind":"top_words","i1":3,"i2":8,"sol":{"path":["/c/en/saltworks","/c/en/plant","/c/en/species","/c/en/streptococcus","/c/en/streptococcal"],"weight":0.2026699999999999},"num_concepts_raised":10324},{"base_id":85,"kind":"top_words","i1":3,"i2":9,"sol":{"path":["/c/en/saltworks","/c/en/salt","/c/en/crenate"],"weight":0.203},"num_concepts_raised":47},{"base_id":85,"kind":"top_words","i1":4,"i2":5,"sol":{"path":["/c/en/smooch","/c/fr/baiser","/c/en/break","/c/en/intermission"],"weight":0.20790999999999965},"num_concepts_raised":24694},{"base_id":85,"kind":"top_words","i1":4,"i2":6,"sol":{"path":["/c/en/smooch","/c/en/smack","/c/ca/bolet","/c/en/mushroom","/c/en/toadstool"],"weight":0.20732999999999974},"num_concepts_raised":11209},{"base_id":85,"kind":"top_words","i1":4,"i2":7,"sol":{"path":["/c/en/smooch","/c/en/neck","/c/en/back","/c/en/backlight"],"weight":0.20852999999999966},"num_concepts_raised":16738},{"base_id":85,"kind":"top_words","i1":4,"i2":8,"sol":{"path":["/c/en/smooch","/c/fr/cuillère","/c/fr/liquide","/c/fr/impétigo","/c/fr/streptococcique","/c/en/streptococcal"],"weight":0.21012259999999977},"num_concepts_raised":515743},{"base_id":85,"kind":"top_words","i1":4,"i2":9,"sol":{"path":["/c/en/smooch","/c/en/neck","/c/en/botany","/c/en/crenate"],"weight":0.2033899999999998},"num_concepts_raised":28784},{"base_id":85,"kind":"top_words","i1":5,"i2":6,"sol":{"path":["/c/en/intermission","/c/en/long","/c/en/toad","/c/en/toadstool"],"weight":0.20620999999999978},"num_concepts_raised":22215},{"base_id":85,"kind":"top_words","i1":5,"i2":7,"sol":{"path":["/c/en/intermission","/c/en/break","/c/en/subject","/c/en/backlight"],"weight":0.21251999999999968},"num_concepts_raised":27352},{"base_id":85,"kind":"top_words","i1":5,"i2":8,"sol":{"path":["/c/en/intermission","/c/en/intermittent","/c/en/disease","/c/en/scarlet_fever","/c/en/streptococcal"],"weight":0.2046599999999998},"num_concepts_raised":18355},{"base_id":85,"kind":"top_words","i1":5,"i2":9,"sol":{"path":["/c/en/intermission","/c/en/perennial","/c/en/botany","/c/en/crenate"],"weight":0.2048099999999998},"num_concepts_raised":39630},{"base_id":85,"kind":"top_words","i1":6,"i2":7,"sol":{"path":["/c/en/toadstool","/c/en/stool","/c/en/back","/c/en/backlight"],"weight":0.20859999999999979},"num_concepts_raised":14044},{"base_id":85,"kind":"top_words","i1":6,"i2":8,"sol":{"path":["/c/en/toadstool","/c/de/schwamm","/c/en/disease","/c/en/scarlet_fever","/c/en/streptococcal"],"weight":0.2033899999999999},"num_concepts_raised":4503},{"base_id":85,"kind":"top_words","i1":6,"i2":9,"sol":{"path":["/c/en/toadstool","/c/en/mushroom","/c/it/micete","/c/en/botany","/c/en/crenate"],"weight":0.2059499999999999},"num_concepts_raised":25987},{"base_id":85,"kind":"top_words","i1":7,"i2":8,"sol":{"path":["/c/en/backlight","/c/en/subject","/c/en/biology","/c/en/leucocidin","/c/en/streptococcal"],"weight":0.2078999999999998},"num_concepts_raised":10149},{"base_id":85,"kind":"top_words","i1":7,"i2":9,"sol":{"path":["/c/en/backlight","/c/en/light","/c/en/chemistry","/c/en/crenate"],"weight":0.21019999999999983},"num_concepts_raised":31521},{"base_id":85,"kind":"top_words","i1":8,"i2":9,"sol":{"path":["/c/en/streptococcal","/c/en/leucocidin","/c/en/biology","/c/en/botany","/c/en/crenate"],"weight":0.20287999999999992},"num_concepts_raised":22150}]]