[[{"base_id":94,"kind":"bot_words","i1":0,"i2":1,"sol":{"path":["/c/en/oldest","/c/ar/أقدم","/c/en/dare","/c/en/terrify"],"weight":0.20486999999999972},"num_concepts_raised":9022},{"base_id":94,"kind":"bot_words","i1":0,"i2":2,"sol":{"path":["/c/en/oldest","/c/en/old","/c/en/wrinkle","/c/en/lined","/c/en/bordered"],"weight":0.20530999999999994},"num_concepts_raised":6288},{"base_id":94,"kind":"bot_words","i1":0,"i2":3,"sol":{"path":["/c/en/oldest","/c/en/old","/c/en/venerable","/c/en/august","/c/en/realisation"],"weight":0.2042299999999998},"num_concepts_raised":4141},{"base_id":94,"kind":"bot_words","i1":0,"i2":4,"sol":{"path":["/c/en/oldest","/c/en/old","/c/en/tradition","/c/en/ritual","/c/en/ritualistic"],"weight":0.20531999999999986},"num_concepts_raised":4058},{"base_id":94,"kind":"bot_words","i1":0,"i2":5,"sol":{"path":["/c/en/oldest","/c/en/eldest","/c/en/age","/c/en/boy","/c/en/yob"],"weight":0.2059399999999998},"num_concepts_raised":14010},{"base_id":94,"kind":"bot_words","i1":0,"i2":6,"sol":{"path":["/c/en/oldest","/c/en/old","/c/pt/velho","/c/en/offensive","/c/en/offensiveness"],"weight":0.20505999999999985},"num_concepts_raised":4363},{"base_id":94,"kind":"bot_words","i1":0,"i2":7,"sol":{"path":["/c/en/oldest","/c/fr/aîné","/c/fr/tige","/c/en/stalk","/c/en/peduncle"],"weight":0.20606999999999973},"num_concepts_raised":35150},{"base_id":94,"kind":"bot_words","i1":0,"i2":8,"sol":{"path":["/c/en/oldest","/c/en/old","/c/en/oxide","/c/en/clinker"],"weight":0.20989999999999964},"num_concepts_raised":18716},{"base_id":94,"kind":"bot_words","i1":0,"i2":9,"sol":{"path":["/c/en/oldest","/c/en/old","/c/en/history","/c/en/medicine","/c/en/anaesthesia"],"weight":0.21043999999999977},"num_concepts_raised":16511},{"base_id":94,"kind":"bot_words","i1":1,"i2":2,"sol":{"path":["/c/en/terrify","/c/en/terror","/c/en/war","/c/en/country","/c/en/bordered"],"weight":0.20628999999999986},"num_concepts_raised":10107},{"base_id":94,"kind":"bot_words","i1":1,"i2":3,"sol":{"path":["/c/en/terrify","/c/en/boggard","/c/en/real","/c/en/realization","/c/en/realisation"],"weight":0.2058499999999997},"num_concepts_raised":7954},{"base_id":94,"kind":"bot_words","i1":1,"i2":4,"sol":{"path":["/c/en/terrify","/c/en/dare","/c/en/act","/c/en/ritual","/c/en/ritualistic"],"weight":0.20585999999999977},"num_concepts_raised":7872},{"base_id":94,"kind":"bot_words","i1":1,"i2":5,"sol":{"path":["/c/en/terrify","/c/en/terrorize","/c/en/bully","/c/en/yob"],"weight":0.20768999999999965},"num_concepts_raised":17811},{"base_id":94,"kind":"bot_words","i1":1,"i2":6,"sol":{"path":["/c/en/terrify","/c/en/terrorize","/c/en/attack","/c/en/offensive","/c/en/offensiveness"],"weight":0.20787999999999973},"num_concepts_raised":8165},{"base_id":94,"kind":"bot_words","i1":1,"i2":7,"sol":{"path":["/c/en/terrify","/c/en/panic","/c/en/botany","/c/en/peduncle"],"weight":0.2056499999999996},"num_concepts_raised":38952},{"base_id":94,"kind":"bot_words","i1":1,"i2":8,"sol":{"path":["/c/en/terrify","/c/en/terrorize","/c/en/weapon","/c/en/iron","/c/en/clinker"],"weight":0.21270999999999954},"num_concepts_raised":22516},{"base_id":94,"kind":"bot_words","i1":1,"i2":9,"sol":{"path":["/c/en/terrify","/c/en/terrible","/c/en/pain","/c/en/anaesthesia"],"weight":0.21079999999999965},"num_concepts_raised":20276},{"base_id":94,"kind":"bot_words","i1":2,"i2":3,"sol":{"path":["/c/en/bordered","/c/en/country","/c/en/recognition","/c/en/realization","/c/en/realisation"],"weight":0.20424999999999993},"num_concepts_raised":5233},{"base_id":94,"kind":"bot_words","i1":2,"i2":4,"sol":{"path":["/c/en/bordered","/c/en/country","/c/sa/मण्डल","/c/en/mandala","/c/en/ritualistic"],"weight":0.20304},"num_concepts_raised":5149},{"base_id":94,"kind":"bot_words","i1":2,"i2":5,"sol":{"path":["/c/en/bordered","/c/en/country","/c/en/australia","/c/en/yob"],"weight":0.20357999999999993},"num_concepts_raised":15095},{"base_id":94,"kind":"bot_words","i1":2,"i2":6,"sol":{"path":["/c/en/bordered","/c/en/edged","/c/en/sharp","/c/en/offensive","/c/en/offensiveness"],"weight":0.20493999999999998},"num_concepts_raised":5459},{"base_id":94,"kind":"bot_words","i1":2,"i2":7,"sol":{"path":["/c/en/bordered","/c/en/border","/c/en/plant","/c/en/stalk","/c/en/peduncle"],"weight":0.20495999999999986},"num_concepts_raised":36189},{"base_id":94,"kind":"bot_words","i1":2,"i2":8,"sol":{"path":["/c/en/bordered","/c/en/country","/c/en/netherlands","/c/en/clinker"],"weight":0.20879999999999976},"num_concepts_raised":19777},{"base_id":94,"kind":"bot_words","i1":2,"i2":9,"sol":{"path":["/c/en/bordered","/c/en/edged","/c/en/sharp","/c/en/medicine","/c/en/anaesthesia"],"weight":0.21033999999999992},"num_concepts_raised":17594},{"base_id":94,"kind":"bot_words","i1":3,"i2":4,"sol":{"path":["/c/en/realisation","/c/ja/実行","/c/en/practice","/c/en/ritual","/c/en/ritualistic"],"weight":0.20412999999999987},"num_concepts_raised":2981},{"base_id":94,"kind":"bot_words","i1":3,"i2":5,"sol":{"path":["/c/en/realisation","/c/th/ออ","/c/en/man","/c/en/boy","/c/en/yob"],"weight":0.20448999999999978},"num_concepts_raised":13018},{"base_id":94,"kind":"bot_words","i1":3,"i2":6,"sol":{"path":["/c/en/realisation","/c/th/ออ","/c/en/crowd","/c/en/unpleasantness","/c/en/offensiveness"],"weight":0.20278999999999983},"num_concepts_raised":3293},{"base_id":94,"kind":"bot_words","i1":3,"i2":7,"sol":{"path":["/c/en/realisation","/c/en/realization","/c/en/perception","/c/en/brain","/c/en/peduncle"],"weight":0.2047899999999997},"num_concepts_raised":34093},{"base_id":94,"kind":"bot_words","i1":3,"i2":8,"sol":{"path":["/c/en/realisation","/c/th/ออ","/c/en/man","/c/en/slag","/c/en/clinker"],"weight":0.21074999999999963},"num_concepts_raised":17699},{"base_id":94,"kind":"bot_words","i1":3,"i2":9,"sol":{"path":["/c/en/realisation","/c/en/british_spelling","/c/en/anaesthesia"],"weight":0.20400000000000001},"num_concepts_raised":128},{"base_id":94,"kind":"bot_words","i1":4,"i2":5,"sol":{"path":["/c/en/ritualistic","/c/en/ritual","/c/en/service","/c/en/boy","/c/en/yob"],"weight":0.20558999999999983},"num_concepts_raised":12918},{"base_id":94,"kind":"bot_words","i1":4,"i2":6,"sol":{"path":["/c/en/ritualistic","/c/en/behavior","/c/en/mean","/c/en/offensive","/c/en/offensiveness"],"weight":0.20373999999999992},"num_concepts_raised":3211},{"base_id":94,"kind":"bot_words","i1":4,"i2":7,"sol":{"path":["/c/en/ritualistic","/c/en/ritual","/c/en/habit","/c/en/botany","/c/en/peduncle"],"weight":0.2049499999999998},"num_concepts_raised":34011},{"base_id":94,"kind":"bot_words","i1":4,"i2":8,"sol":{"path":["/c/en/ritualistic","/c/en/ritual","/c/en/service","/c/en/nautical","/c/en/clinker"],"weight":0.2098399999999997},"num_concepts_raised":17616},{"base_id":94,"kind":"bot_words","i1":4,"i2":9,"sol":{"path":["/c/en/ritualistic","/c/en/ritual","/c/en/practice","/c/en/medicine","/c/en/anaesthesia"],"weight":0.21029999999999982},"num_concepts_raised":15346},{"base_id":94,"kind":"bot_words","i1":5,"i2":6,"sol":{"path":["/c/en/yob","/c/en/boy","/c/en/offensive","/c/en/offensiveness"],"weight":0.2053399999999998},"num_concepts_raised":13117},{"base_id":94,"kind":"bot_words","i1":5,"i2":7,"sol":{"path":["/c/en/yob","/c/en/boy","/c/en/seed","/c/en/stalk","/c/en/peduncle"],"weight":0.2062499999999997},"num_concepts_raised":43920},{"base_id":94,"kind":"bot_words","i1":5,"i2":8,"sol":{"path":["/c/en/yob","/c/en/pejorative","/c/en/slag","/c/en/clinker"],"weight":0.2112799999999996},"num_concepts_raised":27337},{"base_id":94,"kind":"bot_words","i1":5,"i2":9,"sol":{"path":["/c/en/yob","/c/en/british","/c/en/surgery","/c/en/anaesthetic","/c/en/anaesthesia"],"weight":0.21147999999999972},"num_concepts_raised":25348},{"base_id":94,"kind":"bot_words","i1":6,"i2":7,"sol":{"path":["/c/en/offensiveness","/c/en/offensive","/c/de/kraut","/c/en/botany","/c/en/peduncle"],"weight":0.20460999999999976},"num_concepts_raised":34323},{"base_id":94,"kind":"bot_words","i1":6,"i2":8,"sol":{"path":["/c/en/offensiveness","/c/en/offensive","/c/en/iron","/c/en/clinker"],"weight":0.20948999999999968},"num_concepts_raised":17924},{"base_id":94,"kind":"bot_words","i1":6,"i2":9,"sol":{"path":["/c/en/offensiveness","/c/en/unpleasantness","/c/en/pain","/c/en/anaesthesia"],"weight":0.2087799999999998},"num_concepts_raised":15663},{"base_id":94,"kind":"bot_words","i1":7,"i2":8,"sol":{"path":["/c/en/peduncle","/c/en/anatomy","/c/en/clinkers","/c/en/clinker"],"weight":0.21131999999999956},"num_concepts_raised":48423},{"base_id":94,"kind":"bot_words","i1":7,"i2":9,"sol":{"path":["/c/en/peduncle","/c/en/polyp","/c/en/medicine","/c/en/anaesthesia"],"weight":0.2097899999999997},"num_concepts_raised":45979},{"base_id":94,"kind":"bot_words","i1":8,"i2":9,"sol":{"path":["/c/en/clinker","/c/en/slag","/c/en/slang","/c/en/medicine","/c/en/anaesthesia"],"weight":0.21705999999999961},"num_concepts_raised":29890}],[{"base_id":94,"kind":"top_words","i1":0,"i2":1,"sol":{"path":["/c/en/painting","/c/en/painter","/c/en/impressionist"],"weight":0.20400000000000001},"num_concepts_raised":1013},{"base_id":94,"kind":"top_words","i1":0,"i2":2,"sol":{"path":["/c/en/painting","/c/en/painter"],"weight":0.20400000000000001},"num_concepts_raised":1352},{"base_id":94,"kind":"top_words","i1":0,"i2":3,"sol":{"path":["/c/en/painting","/c/en/art","/c/en/person","/c/en/titian"],"weight":0.2331099999999975},"num_concepts_raised":76427},{"base_id":94,"kind":"top_words","i1":0,"i2":4,"sol":{"path":["/c/en/painting","/c/en/brush","/c/en/remove","/c/en/degas"],"weight":0.2230199999999974},"num_concepts_raised":67973},{"base_id":94,"kind":"top_words","i1":0,"i2":5,"sol":{"path":["/c/en/painting","/c/en/watercolor"],"weight":0.20500000000000002},"num_concepts_raised":1031},{"base_id":94,"kind":"top_words","i1":0,"i2":6,"sol":{"path":["/c/en/painting","/c/en/artist","/c/en/cubist"],"weight":0.20500000000000002},"num_concepts_raised":1000},{"base_id":94,"kind":"top_words","i1":0,"i2":7,"sol":{"path":["/c/en/painting","/c/en/art","/c/en/rembrandt"],"weight":0.20800000000000002},"num_concepts_raised":1070},{"base_id":94,"kind":"top_words","i1":0,"i2":8,"sol":{"path":["/c/en/painting","/c/en/watercolour"],"weight":0.20400000000000001},"num_concepts_raised":1033},{"base_id":94,"kind":"top_words","i1":0,"i2":9,"sol":{"path":["/c/en/painting","/c/en/frank_stella","/c/en/caravaggio"],"weight":0.20600000000000002},"num_concepts_raised":1039},{"base_id":94,"kind":"top_words","i1":1,"i2":2,"sol":{"path":["/c/en/impressionist","/c/en/painter"],"weight":0.202},"num_concepts_raised":463},{"base_id":94,"kind":"top_words","i1":1,"i2":3,"sol":{"path":["/c/en/impressionist","/c/en/painter","/c/en/person","/c/en/titian"],"weight":0.21033000000000002},"num_concepts_raised":15299},{"base_id":94,"kind":"top_words","i1":1,"i2":4,"sol":{"path":["/c/en/impressionist","/c/en/impressionism","/c/en/matter","/c/en/gas","/c/en/degas"],"weight":0.20364999999999983},"num_concepts_raised":6397},{"base_id":94,"kind":"top_words","i1":1,"i2":5,"sol":{"path":["/c/en/impressionist","/c/fr/impressionniste","/c/en/arts","/c/en/watercolor"],"weight":0.20860999999999974},"num_concepts_raised":14159},{"base_id":94,"kind":"top_words","i1":1,"i2":6,"sol":{"path":["/c/en/impressionist","/c/en/painter","/c/en/cubist"],"weight":0.202},"num_concepts_raised":86},{"base_id":94,"kind":"top_words","i1":1,"i2":7,"sol":{"path":["/c/en/impressionist","/c/en/painter","/c/en/rembrandt"],"weight":0.20400000000000001},"num_concepts_raised":157},{"base_id":94,"kind":"top_words","i1":1,"i2":8,"sol":{"path":["/c/en/impressionist","/c/en/painter","/c/en/paint","/c/en/watercolour"],"weight":0.20495999999999992},"num_concepts_raised":12721},{"base_id":94,"kind":"top_words","i1":1,"i2":9,"sol":{"path":["/c/en/impressionist","/c/en/painter","/c/en/person","/c/en/caravaggio"],"weight":0.20889999999999959},"num_concepts_raised":15101},{"base_id":94,"kind":"top_words","i1":2,"i2":3,"sol":{"path":["/c/en/painter","/c/en/person","/c/en/titian"],"weight":0.20400000000000001},"num_concepts_raised":524},{"base_id":94,"kind":"top_words","i1":2,"i2":4,"sol":{"path":["/c/en/painter","/c/en/brush","/c/en/remove","/c/en/degas"],"weight":0.20952999999999955},"num_concepts_raised":52434},{"base_id":94,"kind":"top_words","i1":2,"i2":5,"sol":{"path":["/c/en/painter","/c/en/paint","/c/en/watercolor"],"weight":0.20400000000000001},"num_concepts_raised":490},{"base_id":94,"kind":"top_words","i1":2,"i2":6,"sol":{"path":["/c/en/painter","/c/en/cubist"],"weight":0.202},"num_concepts_raised":447},{"base_id":94,"kind":"top_words","i1":2,"i2":7,"sol":{"path":["/c/en/painter","/c/en/rembrandt"],"weight":0.20400000000000001},"num_concepts_raised":520},{"base_id":94,"kind":"top_words","i1":2,"i2":8,"sol":{"path":["/c/en/painter","/c/en/art","/c/en/watercolour"],"weight":0.203},"num_concepts_raised":489},{"base_id":94,"kind":"top_words","i1":2,"i2":9,"sol":{"path":["/c/en/painter","/c/en/person","/c/en/caravaggio"],"weight":0.20400000000000001},"num_concepts_raised":489},{"base_id":94,"kind":"top_words","i1":3,"i2":4,"sol":{"path":["/c/en/titian","/c/en/person","/c/en/air","/c/scn/sbintari","/c/en/degas"],"weight":0.21069000000000004},"num_concepts_raised":16236},{"base_id":94,"kind":"top_words","i1":3,"i2":5,"sol":{"path":["/c/en/titian","/c/en/person","/c/en/water","/c/en/watercolor"],"weight":0.21162999999999998},"num_concepts_raised":23929},{"base_id":94,"kind":"top_words","i1":3,"i2":6,"sol":{"path":["/c/en/titian","/c/en/person","/c/en/artist","/c/en/cubist"],"weight":0.2100500000000001},"num_concepts_raised":14645},{"base_id":94,"kind":"top_words","i1":3,"i2":7,"sol":{"path":["/c/en/titian","/c/en/person","/c/en/art","/c/en/rembrandt"],"weight":0.2154799999999997},"num_concepts_raised":14980},{"base_id":94,"kind":"top_words","i1":3,"i2":8,"sol":{"path":["/c/en/titian","/c/en/person","/c/en/art","/c/en/watercolour"],"weight":0.21103000000000013},"num_concepts_raised":22504},{"base_id":94,"kind":"top_words","i1":3,"i2":9,"sol":{"path":["/c/en/titian","/c/en/person","/c/en/caravaggio"],"weight":0.20600000000000002},"num_concepts_raised":184},{"base_id":94,"kind":"top_words","i1":4,"i2":5,"sol":{"path":["/c/en/degas","/c/en/remove","/c/en/wash","/c/en/watercolor"],"weight":0.2036699999999998},"num_concepts_raised":15075},{"base_id":94,"kind":"top_words","i1":4,"i2":6,"sol":{"path":["/c/en/degas","/c/en/gas","/c/en/natural","/c/en/cubism","/c/en/cubist"],"weight":0.20429999999999993},"num_concepts_raised":5750},{"base_id":94,"kind":"top_words","i1":4,"i2":7,"sol":{"path":["/c/en/degas","/c/en/gas","/c/en/oil","/c/en/art","/c/en/rembrandt"],"weight":0.2087099999999995},"num_concepts_raised":6099},{"base_id":94,"kind":"top_words","i1":4,"i2":8,"sol":{"path":["/c/en/degas","/c/fr/gaz","/c/fr/possible","/c/fr/aquarelle","/c/en/watercolour"],"weight":0.20657999999999996},"num_concepts_raised":13648},{"base_id":94,"kind":"top_words","i1":4,"i2":9,"sol":{"path":["/c/en/degas","/c/scn/sbintari","/c/en/air","/c/en/person","/c/en/caravaggio"],"weight":0.20925999999999967},"num_concepts_raised":16039},{"base_id":94,"kind":"top_words","i1":5,"i2":6,"sol":{"path":["/c/en/watercolor","/c/en/arts","/c/en/cubist"],"weight":0.202},"num_concepts_raised":115},{"base_id":94,"kind":"top_words","i1":5,"i2":7,"sol":{"path":["/c/en/watercolor","/c/en/watercolour","/c/en/art","/c/en/rembrandt"],"weight":0.21221999999999944},"num_concepts_raised":13671},{"base_id":94,"kind":"top_words","i1":5,"i2":8,"sol":{"path":["/c/en/watercolor","/c/en/watercolour"],"weight":0.20600000000000002},"num_concepts_raised":126},{"base_id":94,"kind":"top_words","i1":5,"i2":9,"sol":{"path":["/c/en/watercolor","/c/en/water","/c/en/person","/c/en/caravaggio"],"weight":0.21019999999999955},"num_concepts_raised":23734},{"base_id":94,"kind":"top_words","i1":6,"i2":7,"sol":{"path":["/c/en/cubist","/c/en/painter","/c/en/rembrandt"],"weight":0.20400000000000001},"num_concepts_raised":144},{"base_id":94,"kind":"top_words","i1":6,"i2":8,"sol":{"path":["/c/en/cubist","/c/en/arts","/c/en/watercolor","/c/en/watercolour"],"weight":0.20704},"num_concepts_raised":11953},{"base_id":94,"kind":"top_words","i1":6,"i2":9,"sol":{"path":["/c/en/cubist","/c/en/artist","/c/en/person","/c/en/caravaggio"],"weight":0.2086299999999997},"num_concepts_raised":14446},{"base_id":94,"kind":"top_words","i1":7,"i2":8,"sol":{"path":["/c/en/rembrandt","/c/en/art","/c/en/watercolour"],"weight":0.20400000000000001},"num_concepts_raised":187},{"base_id":94,"kind":"top_words","i1":7,"i2":9,"sol":{"path":["/c/en/rembrandt","/c/en/art","/c/en/person","/c/en/caravaggio"],"weight":0.2140499999999993},"num_concepts_raised":14779},{"base_id":94,"kind":"top_words","i1":8,"i2":9,"sol":{"path":["/c/en/watercolour","/c/en/art","/c/en/person","/c/en/caravaggio"],"weight":0.20959999999999973},"num_concepts_raised":22305}]]