[[{"base_id":584,"kind":"bot_words","i1":0,"i2":1,"sol":{"path":["/c/en/ecliptic","/c/en/eclipse","/c/en/algol","/c/en/programming_language","/c/en/vbscript"],"weight":0.21027999999999972},"num_concepts_raised":19480},{"base_id":584,"kind":"bot_words","i1":0,"i2":2,"sol":{"path":["/c/en/ecliptic","/c/ja/こうどう","/c/en/behavior","/c/en/deportment"],"weight":0.20581999999999973},"num_concepts_raised":22456},{"base_id":584,"kind":"bot_words","i1":0,"i2":3,"sol":{"path":["/c/en/ecliptic","/c/en/eclipse","/c/en/ship","/c/en/bounty","/c/en/liberally"],"weight":0.2049999999999998},"num_concepts_raised":11106},{"base_id":584,"kind":"bot_words","i1":0,"i2":4,"sol":{"path":["/c/en/ecliptic","/c/fr/écliptique","/c/fr/plan","/c/en/design","/c/en/architectural"],"weight":0.20787999999999976},"num_concepts_raised":20844},{"base_id":584,"kind":"bot_words","i1":0,"i2":5,"sol":{"path":["/c/en/ecliptic","/c/en/node","/c/en/engineering","/c/en/interceptor"],"weight":0.20400999999999983},"num_concepts_raised":29260},{"base_id":584,"kind":"bot_words","i1":0,"i2":6,"sol":{"path":["/c/en/ecliptic","/c/en/eclipse","/c/en/shadow","/c/en/politics","/c/en/g8"],"weight":0.2111599999999996},"num_concepts_raised":26091},{"base_id":584,"kind":"bot_words","i1":0,"i2":7,"sol":{"path":["/c/en/ecliptic","/c/en/astronomy","/c/en/synod"],"weight":0.20400000000000001},"num_concepts_raised":177},{"base_id":584,"kind":"bot_words","i1":0,"i2":8,"sol":{"path":["/c/en/ecliptic","/c/en/astronomy","/c/en/study","/c/en/multidisciplinary"],"weight":0.2046299999999998},"num_concepts_raised":14707},{"base_id":584,"kind":"bot_words","i1":0,"i2":9,"sol":{"path":["/c/en/ecliptic","/c/en/zodiac","/c/en/house","/c/en/living_room","/c/en/parlour"],"weight":0.20561999999999983},"num_concepts_raised":13273},{"base_id":584,"kind":"bot_words","i1":1,"i2":2,"sol":{"path":["/c/en/vbscript","/c/en/computing","/c/en/train","/c/en/deportment"],"weight":0.20849999999999963},"num_concepts_raised":21484},{"base_id":584,"kind":"bot_words","i1":1,"i2":3,"sol":{"path":["/c/en/vbscript","/c/en/computing","/c/en/war","/c/en/bounty","/c/en/liberally"],"weight":0.20785999999999974},"num_concepts_raised":10165},{"base_id":584,"kind":"bot_words","i1":1,"i2":4,"sol":{"path":["/c/en/vbscript","/c/en/computing","/c/en/architecture","/c/en/architectural"],"weight":0.2105799999999997},"num_concepts_raised":19792},{"base_id":584,"kind":"bot_words","i1":1,"i2":5,"sol":{"path":["/c/en/vbscript","/c/en/computing","/c/en/interceptor"],"weight":0.20400000000000001},"num_concepts_raised":75},{"base_id":584,"kind":"bot_words","i1":1,"i2":6,"sol":{"path":["/c/en/vbscript","/c/en/programming_language","/c/en/language","/c/en/nation","/c/en/g8"],"weight":0.21404999999999952},"num_concepts_raised":25164},{"base_id":584,"kind":"bot_words","i1":1,"i2":7,"sol":{"path":["/c/en/vbscript","/c/en/programming_language","/c/en/assembly","/c/en/synod"],"weight":0.21457999999999983},"num_concepts_raised":21181},{"base_id":584,"kind":"bot_words","i1":1,"i2":8,"sol":{"path":["/c/en/vbscript","/c/en/computing","/c/en/field","/c/en/interdisciplinary","/c/en/multidisciplinary"],"weight":0.20929999999999976},"num_concepts_raised":13829},{"base_id":584,"kind":"bot_words","i1":1,"i2":9,"sol":{"path":["/c/en/vbscript","/c/en/computing","/c/en/bridge","/c/en/parlour"],"weight":0.20814999999999978},"num_concepts_raised":12317},{"base_id":584,"kind":"bot_words","i1":2,"i2":3,"sol":{"path":["/c/en/deportment","/c/en/bearing","/c/fr/manière","/c/fr/libéralement","/c/en/liberally"],"weight":0.2046699999999997},"num_concepts_raised":13154},{"base_id":584,"kind":"bot_words","i1":2,"i2":4,"sol":{"path":["/c/en/deportment","/c/en/bearing","/c/en/architecture","/c/en/architectural"],"weight":0.2062999999999997},"num_concepts_raised":22669},{"base_id":584,"kind":"bot_words","i1":2,"i2":5,"sol":{"path":["/c/en/deportment","/c/en/bearing","/c/en/architecture","/c/en/interceptor"],"weight":0.20371999999999973},"num_concepts_raised":31140},{"base_id":584,"kind":"bot_words","i1":2,"i2":6,"sol":{"path":["/c/en/deportment","/c/en/train","/c/en/canada","/c/en/g8"],"weight":0.2093199999999995},"num_concepts_raised":27969},{"base_id":584,"kind":"bot_words","i1":2,"i2":7,"sol":{"path":["/c/en/deportment","/c/en/school","/c/en/body","/c/en/synod"],"weight":0.20995999999999976},"num_concepts_raised":23958},{"base_id":584,"kind":"bot_words","i1":2,"i2":8,"sol":{"path":["/c/en/deportment","/c/en/discipline","/c/en/multidisciplinary"],"weight":0.202},"num_concepts_raised":112},{"base_id":584,"kind":"bot_words","i1":2,"i2":9,"sol":{"path":["/c/en/deportment","/c/en/behaviour","/c/en/social","/c/en/living_room","/c/en/parlour"],"weight":0.20611999999999975},"num_concepts_raised":15260},{"base_id":584,"kind":"bot_words","i1":3,"i2":4,"sol":{"path":["/c/en/liberally","/c/en/bounty","/c/en/nautical","/c/en/plan","/c/en/architectural"],"weight":0.20403999999999978},"num_concepts_raised":11565},{"base_id":584,"kind":"bot_words","i1":3,"i2":5,"sol":{"path":["/c/en/liberally","/c/en/bounty","/c/en/war","/c/en/computing","/c/en/interceptor"],"weight":0.2027999999999998},"num_concepts_raised":20100},{"base_id":584,"kind":"bot_words","i1":3,"i2":6,"sol":{"path":["/c/en/liberally","/c/en/liberal","/c/en/politics","/c/en/g8"],"weight":0.2088099999999996},"num_concepts_raised":16721},{"base_id":584,"kind":"bot_words","i1":3,"i2":7,"sol":{"path":["/c/en/liberally","/c/en/bounty","/c/en/authority","/c/en/synod"],"weight":0.20927999999999988},"num_concepts_raised":12801},{"base_id":584,"kind":"bot_words","i1":3,"i2":8,"sol":{"path":["/c/en/liberally","/c/en/bounty","/c/en/authority","/c/en/discipline","/c/en/multidisciplinary"],"weight":0.20297999999999983},"num_concepts_raised":5386},{"base_id":584,"kind":"bot_words","i1":3,"i2":9,"sol":{"path":["/c/en/liberally","/c/en/broadly","/c/fr/ordinairement","/c/fr/salon","/c/en/parlour"],"weight":0.20407999999999984},"num_concepts_raised":3843},{"base_id":584,"kind":"bot_words","i1":4,"i2":5,"sol":{"path":["/c/en/architectural","/c/en/architecture","/c/en/interceptor"],"weight":0.203},"num_concepts_raised":135},{"base_id":584,"kind":"bot_words","i1":4,"i2":6,"sol":{"path":["/c/en/architectural","/c/en/draft","/c/en/politics","/c/en/g8"],"weight":0.21011999999999958},"num_concepts_raised":26470},{"base_id":584,"kind":"bot_words","i1":4,"i2":7,"sol":{"path":["/c/en/architectural","/c/en/frame","/c/en/body","/c/en/synod"],"weight":0.21065999999999985},"num_concepts_raised":22446},{"base_id":584,"kind":"bot_words","i1":4,"i2":8,"sol":{"path":["/c/en/architectural","/c/en/architecture","/c/en/discipline","/c/en/multidisciplinary"],"weight":0.2056699999999998},"num_concepts_raised":15115},{"base_id":584,"kind":"bot_words","i1":4,"i2":9,"sol":{"path":["/c/en/architectural","/c/en/architecture","/c/en/bridge","/c/en/parlour"],"weight":0.20560999999999982},"num_concepts_raised":13651},{"base_id":584,"kind":"bot_words","i1":5,"i2":6,"sol":{"path":["/c/en/interceptor","/c/en/enemy","/c/en/nation","/c/en/g8"],"weight":0.20883999999999964},"num_concepts_raised":34928},{"base_id":584,"kind":"bot_words","i1":5,"i2":7,"sol":{"path":["/c/en/interceptor","/c/en/computing","/c/en/assembly","/c/en/synod"],"weight":0.2094499999999999},"num_concepts_raised":30883},{"base_id":584,"kind":"bot_words","i1":5,"i2":8,"sol":{"path":["/c/en/interceptor","/c/en/architecture","/c/en/discipline","/c/en/multidisciplinary"],"weight":0.20310999999999985},"num_concepts_raised":23652},{"base_id":584,"kind":"bot_words","i1":5,"i2":9,"sol":{"path":["/c/en/interceptor","/c/en/computing","/c/en/bridge","/c/en/parlour"],"weight":0.20309999999999986},"num_concepts_raised":22160},{"base_id":584,"kind":"bot_words","i1":6,"i2":7,"sol":{"path":["/c/en/g8","/c/en/meeting","/c/en/council","/c/en/synod"],"weight":0.21752999999999967},"num_concepts_raised":27432},{"base_id":584,"kind":"bot_words","i1":6,"i2":8,"sol":{"path":["/c/en/g8","/c/en/nation","/c/en/area","/c/en/multidisciplinary"],"weight":0.20903999999999962},"num_concepts_raised":20353},{"base_id":584,"kind":"bot_words","i1":6,"i2":9,"sol":{"path":["/c/en/g8","/c/en/meeting","/c/en/parlor","/c/en/parlour"],"weight":0.21019999999999964},"num_concepts_raised":18897},{"base_id":584,"kind":"bot_words","i1":7,"i2":8,"sol":{"path":["/c/en/synod","/c/en/authority","/c/en/discipline","/c/en/multidisciplinary"],"weight":0.20961999999999992},"num_concepts_raised":16378},{"base_id":584,"kind":"bot_words","i1":7,"i2":9,"sol":{"path":["/c/en/synod","/c/en/council","/c/en/meeting","/c/en/parlor","/c/en/parlour"],"weight":0.21295999999999993},"num_concepts_raised":14958},{"base_id":584,"kind":"bot_words","i1":8,"i2":9,"sol":{"path":["/c/en/multidisciplinary","/c/en/study","/c/en/house","/c/en/living_room","/c/en/parlour"],"weight":0.2045399999999999},"num_concepts_raised":7532}],[{"base_id":584,"kind":"top_words","i1":0,"i2":1,"sol":{"path":["/c/en/overtime","/c/en/sports","/c/en/bar","/c/en/food","/c/en/cannelloni"],"weight":0.21523999999999976},"num_concepts_raised":16294},{"base_id":584,"kind":"top_words","i1":0,"i2":2,"sol":{"path":["/c/en/overtime","/c/en/sports","/c/en/ot"],"weight":0.20400000000000001},"num_concepts_raised":153},{"base_id":584,"kind":"top_words","i1":0,"i2":3,"sol":{"path":["/c/en/overtime","/c/en/sports","/c/en/net","/c/en/enmesh"],"weight":0.21022999999999958},"num_concepts_raised":14591},{"base_id":584,"kind":"top_words","i1":0,"i2":4,"sol":{"path":["/c/en/overtime","/c/en/sports","/c/en/cricket","/c/en/buzzer"],"weight":0.2104399999999997},"num_concepts_raised":41663},{"base_id":584,"kind":"top_words","i1":0,"i2":5,"sol":{"path":["/c/en/overtime","/c/en/sports","/c/en/time","/c/en/contemporaneously"],"weight":0.20979999999999976},"num_concepts_raised":15245},{"base_id":584,"kind":"top_words","i1":0,"i2":6,"sol":{"path":["/c/en/overtime","/c/en/ice_hockey","/c/en/video_game","/c/en/kaboom"],"weight":0.2147799999999997},"num_concepts_raised":15432},{"base_id":584,"kind":"top_words","i1":0,"i2":7,"sol":{"path":["/c/en/overtime","/c/en/sports","/c/en/boxing","/c/en/clinch"],"weight":0.21193999999999946},"num_concepts_raised":36645},{"base_id":584,"kind":"top_words","i1":0,"i2":8,"sol":{"path":["/c/en/overtime","/c/en/sports","/c/en/loose","/c/en/laxity","/c/en/laxness"],"weight":0.21087999999999968},"num_concepts_raised":11535},{"base_id":584,"kind":"top_words","i1":0,"i2":9,"sol":{"path":["/c/en/overtime","/c/fr/sport","/c/fi/purkaa","/c/en/decommission"],"weight":0.2097899999999997},"num_concepts_raised":15855},{"base_id":584,"kind":"top_words","i1":1,"i2":2,"sol":{"path":["/c/en/cannelloni","/c/en/stuffing","/c/en/internet","/c/en/ot"],"weight":0.20812999999999987},"num_concepts_raised":18854},{"base_id":584,"kind":"top_words","i1":1,"i2":3,"sol":{"path":["/c/en/cannelloni","/c/en/food","/c/en/bread","/c/en/mesh","/c/en/enmesh"],"weight":0.21068999999999977},"num_concepts_raised":9590},{"base_id":584,"kind":"top_words","i1":1,"i2":4,"sol":{"path":["/c/en/cannelloni","/c/en/baked","/c/en/slang","/c/en/buzzer"],"weight":0.2087799999999999},"num_concepts_raised":36872},{"base_id":584,"kind":"top_words","i1":1,"i2":5,"sol":{"path":["/c/en/cannelloni","/c/en/food","/c/en/dinner","/c/en/time","/c/en/contemporaneously"],"weight":0.20818999999999993},"num_concepts_raised":10409},{"base_id":584,"kind":"top_words","i1":1,"i2":6,"sol":{"path":["/c/en/cannelloni","/c/en/food","/c/en/solid","/c/fi/jytky","/c/en/kaboom"],"weight":0.21533999999999986},"num_concepts_raised":10413},{"base_id":584,"kind":"top_words","i1":1,"i2":7,"sol":{"path":["/c/en/cannelloni","/c/en/tube","/c/en/vessel","/c/en/clinch"],"weight":0.2092499999999996},"num_concepts_raised":32000},{"base_id":584,"kind":"top_words","i1":1,"i2":8,"sol":{"path":["/c/en/cannelloni","/c/en/stuffing","/c/en/legal","/c/en/negligence","/c/en/laxness"],"weight":0.20829999999999987},"num_concepts_raised":6491},{"base_id":584,"kind":"top_words","i1":1,"i2":9,"sol":{"path":["/c/en/cannelloni","/c/en/food","/c/en/order","/c/en/commission","/c/en/decommission"],"weight":0.20834999999999987},"num_concepts_raised":10907},{"base_id":584,"kind":"top_words","i1":2,"i2":3,"sol":{"path":["/c/en/ot","/c/en/internet","/c/en/net","/c/en/enmesh"],"weight":0.2032699999999997},"num_concepts_raised":17127},{"base_id":584,"kind":"top_words","i1":2,"i2":4,"sol":{"path":["/c/en/ot","/c/en/ear","/c/en/slang","/c/en/buzzer"],"weight":0.20343999999999984},"num_concepts_raised":44016},{"base_id":584,"kind":"top_words","i1":2,"i2":5,"sol":{"path":["/c/en/ot","/c/en/sports","/c/en/time","/c/en/contemporaneously"],"weight":0.20274999999999987},"num_concepts_raised":17943},{"base_id":584,"kind":"top_words","i1":2,"i2":6,"sol":{"path":["/c/en/ot","/c/en/ear","/c/en/sound","/c/en/kaboom"],"weight":0.2079599999999998},"num_concepts_raised":17886},{"base_id":584,"kind":"top_words","i1":2,"i2":7,"sol":{"path":["/c/en/ot","/c/en/sports","/c/en/boxing","/c/en/clinch"],"weight":0.20493999999999957},"num_concepts_raised":39350},{"base_id":584,"kind":"top_words","i1":2,"i2":8,"sol":{"path":["/c/en/ot","/c/en/sports","/c/en/loose","/c/en/laxity","/c/en/laxness"],"weight":0.2038799999999998},"num_concepts_raised":14107},{"base_id":584,"kind":"top_words","i1":2,"i2":9,"sol":{"path":["/c/en/ot","/c/en/assistance","/c/en/out","/c/en/decommission"],"weight":0.2028499999999998},"num_concepts_raised":18439},{"base_id":584,"kind":"top_words","i1":3,"i2":4,"sol":{"path":["/c/en/enmesh","/c/en/mesh","/c/en/catch","/c/en/cricket","/c/en/buzzer"],"weight":0.20594999999999974},"num_concepts_raised":35448},{"base_id":584,"kind":"top_words","i1":3,"i2":5,"sol":{"path":["/c/en/enmesh","/c/en/mesh","/c/en/space","/c/en/time","/c/en/contemporaneously"],"weight":0.20518999999999976},"num_concepts_raised":8723},{"base_id":584,"kind":"top_words","i1":3,"i2":6,"sol":{"path":["/c/en/enmesh","/c/en/mesh","/c/en/engage","/c/en/conversation","/c/en/kaboom"],"weight":0.2103799999999997},"num_concepts_raised":8729},{"base_id":584,"kind":"top_words","i1":3,"i2":7,"sol":{"path":["/c/en/enmesh","/c/en/mesh","/c/en/interlock","/c/en/clinch"],"weight":0.20635999999999943},"num_concepts_raised":30221},{"base_id":584,"kind":"top_words","i1":3,"i2":8,"sol":{"path":["/c/en/enmesh","/c/en/difficulty","/c/en/condition","/c/en/laxity","/c/en/laxness"],"weight":0.2041899999999997},"num_concepts_raised":4788},{"base_id":584,"kind":"top_words","i1":3,"i2":9,"sol":{"path":["/c/en/enmesh","/c/en/mesh","/c/fr/informatique","/c/fi/purkaa","/c/en/decommission"],"weight":0.2053399999999997},"num_concepts_raised":9200},{"base_id":584,"kind":"top_words","i1":4,"i2":5,"sol":{"path":["/c/en/buzzer","/c/en/bell","/c/en/time","/c/en/contemporaneously"],"weight":0.20349999999999988},"num_concepts_raised":36182},{"base_id":584,"kind":"top_words","i1":4,"i2":6,"sol":{"path":["/c/en/buzzer","/c/en/bell","/c/en/sound","/c/en/kaboom"],"weight":0.20869999999999983},"num_concepts_raised":35984},{"base_id":584,"kind":"top_words","i1":4,"i2":7,"sol":{"path":["/c/en/buzzer","/c/en/bell","/c/en/boxing","/c/en/clinch"],"weight":0.20566999999999958},"num_concepts_raised":56847},{"base_id":584,"kind":"top_words","i1":4,"i2":8,"sol":{"path":["/c/en/buzzer","/c/en/slang","/c/en/lax","/c/en/laxness"],"weight":0.20344999999999985},"num_concepts_raised":32447},{"base_id":584,"kind":"top_words","i1":4,"i2":9,"sol":{"path":["/c/en/buzzer","/c/en/cricket","/c/en/out","/c/en/decommission"],"weight":0.20357999999999984},"num_concepts_raised":36548},{"base_id":584,"kind":"top_words","i1":5,"i2":6,"sol":{"path":["/c/en/contemporaneously","/c/en/time","/c/en/music","/c/en/sound","/c/en/kaboom"],"weight":0.20794999999999986},"num_concepts_raised":9500},{"base_id":584,"kind":"top_words","i1":5,"i2":7,"sol":{"path":["/c/en/contemporaneously","/c/en/time","/c/en/double","/c/en/clench","/c/en/clinch"],"weight":0.2069099999999996},"num_concepts_raised":31137},{"base_id":584,"kind":"top_words","i1":5,"i2":8,"sol":{"path":["/c/en/contemporaneously","/c/en/time","/c/ga/faill","/c/en/negligence","/c/en/laxness"],"weight":0.20289999999999986},"num_concepts_raised":5616},{"base_id":584,"kind":"top_words","i1":5,"i2":9,"sol":{"path":["/c/en/contemporaneously","/c/en/time","/c/en/out","/c/en/decommission"],"weight":0.20286999999999988},"num_concepts_raised":10019},{"base_id":584,"kind":"top_words","i1":6,"i2":7,"sol":{"path":["/c/en/kaboom","/c/en/video_game","/c/en/bolt","/c/en/clinch"],"weight":0.20905999999999955},"num_concepts_raised":31141},{"base_id":584,"kind":"top_words","i1":6,"i2":8,"sol":{"path":["/c/en/kaboom","/c/en/sound","/c/en/legal","/c/en/negligence","/c/en/laxness"],"weight":0.20808999999999983},"num_concepts_raised":5635},{"base_id":584,"kind":"top_words","i1":6,"i2":9,"sol":{"path":["/c/en/kaboom","/c/en/explosion","/c/en/discharge","/c/en/out","/c/en/decommission"],"weight":0.20807999999999982},"num_concepts_raised":10040},{"base_id":584,"kind":"top_words","i1":7,"i2":8,"sol":{"path":["/c/en/clinch","/c/en/clench","/c/en/tight","/c/en/lax","/c/en/laxness"],"weight":0.20698999999999956},"num_concepts_raised":27355},{"base_id":584,"kind":"top_words","i1":7,"i2":9,"sol":{"path":["/c/en/clinch","/c/en/nautical","/c/en/render","/c/en/decommission"],"weight":0.20405999999999958},"num_concepts_raised":31429},{"base_id":584,"kind":"top_words","i1":8,"i2":9,"sol":{"path":["/c/en/laxness","/c/en/negligence","/c/en/care","/c/en/out","/c/en/decommission"],"weight":0.2030699999999998},"num_concepts_raised":6125}]]