[[{"base_id":982,"kind":"bot_words","i1":0,"i2":1,"sol":{"path":["/c/en/bitterly","/c/en/bitter","/c/en/united_kingdom","/c/en/country","/c/en/guyana"],"weight":0.21605000000000013},"num_concepts_raised":15601},{"base_id":982,"kind":"bot_words","i1":0,"i2":2,"sol":{"path":["/c/en/bitterly","/c/en/vitriol","/c/fr/chimie","/c/en/lithium"],"weight":0.22065},"num_concepts_raised":31175},{"base_id":982,"kind":"bot_words","i1":0,"i2":3,"sol":{"path":["/c/en/bitterly","/c/fr/bitter","/c/en/slang","/c/en/usa","/c/en/cimarron"],"weight":0.20344999999999977},"num_concepts_raised":6374},{"base_id":982,"kind":"bot_words","i1":0,"i2":4,"sol":{"path":["/c/en/bitterly","/c/en/bitter","/c/en/lupulin","/c/en/plant","/c/en/hypericum"],"weight":0.21043999999999963},"num_concepts_raised":16145},{"base_id":982,"kind":"bot_words","i1":0,"i2":5,"sol":{"path":["/c/en/bitterly","/c/fr/bitter","/c/fr/plantes","/c/fr/phalaris","/c/en/phalaris"],"weight":0.21487999999999965},"num_concepts_raised":10282},{"base_id":982,"kind":"bot_words","i1":0,"i2":6,"sol":{"path":["/c/en/bitterly","/c/en/bitter","/c/en/computing","/c/en/statement","/c/en/restatement"],"weight":0.2056099999999998},"num_concepts_raised":8845},{"base_id":982,"kind":"bot_words","i1":0,"i2":7,"sol":{"path":["/c/en/bitterly","/c/en/bitter","/c/en/mouth","/c/en/speaker","/c/en/ranter"],"weight":0.2045599999999998},"num_concepts_raised":7598},{"base_id":982,"kind":"bot_words","i1":0,"i2":8,"sol":{"path":["/c/en/bitterly","/c/en/bitter","/c/en/beer","/c/en/water","/c/en/natron"],"weight":0.20469999999999977},"num_concepts_raised":14430},{"base_id":982,"kind":"bot_words","i1":0,"i2":9,"sol":{"path":["/c/en/bitterly","/c/en/bitter","/c/en/nautical","/c/en/maritime","/c/en/maritimes"],"weight":0.2118899999999998},"num_concepts_raised":5217},{"base_id":982,"kind":"bot_words","i1":1,"i2":2,"sol":{"path":["/c/en/guyana","/c/en/country","/c/en/metal","/c/en/lithium"],"weight":0.23092000000000046},"num_concepts_raised":43538},{"base_id":982,"kind":"bot_words","i1":1,"i2":3,"sol":{"path":["/c/en/guyana","/c/en/country","/c/en/usa","/c/en/cimarron"],"weight":0.2142200000000002},"num_concepts_raised":18663},{"base_id":982,"kind":"bot_words","i1":1,"i2":4,"sol":{"path":["/c/en/guyana","/c/en/country","/c/en/division","/c/en/plant","/c/en/hypericum"],"weight":0.21997000000000008},"num_concepts_raised":28535},{"base_id":982,"kind":"bot_words","i1":1,"i2":5,"sol":{"path":["/c/en/guyana","/c/en/country","/c/en/grass","/c/en/phalaris"],"weight":0.2235700000000001},"num_concepts_raised":22672},{"base_id":982,"kind":"bot_words","i1":1,"i2":6,"sol":{"path":["/c/en/guyana","/c/en/state","/c/en/restate","/c/en/restatement"],"weight":0.21198000000000022},"num_concepts_raised":21178},{"base_id":982,"kind":"bot_words","i1":1,"i2":7,"sol":{"path":["/c/en/guyana","/c/en/british_guiana","/c/en/historical","/c/en/ranterism","/c/en/ranter"],"weight":0.21707000000000023},"num_concepts_raised":19996},{"base_id":982,"kind":"bot_words","i1":1,"i2":8,"sol":{"path":["/c/en/guyana","/c/en/state","/c/en/water","/c/en/natron"],"weight":0.2120800000000002},"num_concepts_raised":26839},{"base_id":982,"kind":"bot_words","i1":1,"i2":9,"sol":{"path":["/c/en/guyana","/c/en/country","/c/en/place","/c/en/maritimes"],"weight":0.21941000000000022},"num_concepts_raised":17504},{"base_id":982,"kind":"bot_words","i1":2,"i2":3,"sol":{"path":["/c/en/lithium","/c/en/lithic","/c/en/stone","/c/en/usa","/c/en/cimarron"],"weight":0.22155000000000008},"num_concepts_raised":34052},{"base_id":982,"kind":"bot_words","i1":2,"i2":4,"sol":{"path":["/c/en/lithium","/c/en/drug","/c/en/hyperforin","/c/en/hypericum"],"weight":0.22509},"num_concepts_raised":44120},{"base_id":982,"kind":"bot_words","i1":2,"i2":5,"sol":{"path":["/c/en/lithium","/c/en/lithiophilite","/c/en/mineral","/c/en/plant","/c/en/phalaris"],"weight":0.23182},"num_concepts_raised":38285},{"base_id":982,"kind":"bot_words","i1":2,"i2":6,"sol":{"path":["/c/en/lithium","/c/en/lithiophilite","/c/en/mineralogy","/c/en/treatise","/c/en/restatement"],"weight":0.22190000000000012},"num_concepts_raised":36850},{"base_id":982,"kind":"bot_words","i1":2,"i2":7,"sol":{"path":["/c/en/lithium","/c/mul/li","/c/fr/linguistique","/c/en/speaker","/c/en/ranter"],"weight":0.22153000000000012},"num_concepts_raised":35635},{"base_id":982,"kind":"bot_words","i1":2,"i2":8,"sol":{"path":["/c/en/lithium","/c/en/alkali_metal","/c/en/sodium","/c/en/natron"],"weight":0.22312000000000012},"num_concepts_raised":41856},{"base_id":982,"kind":"bot_words","i1":2,"i2":9,"sol":{"path":["/c/en/lithium","/c/en/lithiophorite","/c/en/deposit","/c/en/place","/c/en/maritimes"],"weight":0.22671000000000013},"num_concepts_raised":33200},{"base_id":982,"kind":"bot_words","i1":3,"i2":4,"sol":{"path":["/c/en/cimarron","/c/en/county_seat","/c/en/paris","/c/en/plant","/c/en/hypericum"],"weight":0.2085799999999997},"num_concepts_raised":19374},{"base_id":982,"kind":"bot_words","i1":3,"i2":5,"sol":{"path":["/c/en/cimarron","/c/fr/cimarron","/c/fr/plantes","/c/fr/phalaris","/c/en/phalaris"],"weight":0.21410999999999974},"num_concepts_raised":13509},{"base_id":982,"kind":"bot_words","i1":3,"i2":6,"sol":{"path":["/c/en/cimarron","/c/en/kansas","/c/en/well","/c/en/statement","/c/en/restatement"],"weight":0.20370999999999986},"num_concepts_raised":12081},{"base_id":982,"kind":"bot_words","i1":3,"i2":7,"sol":{"path":["/c/en/cimarron","/c/en/county_seat","/c/en/morris","/c/en/rant","/c/en/ranter"],"weight":0.20369999999999985},"num_concepts_raised":10817},{"base_id":982,"kind":"bot_words","i1":3,"i2":8,"sol":{"path":["/c/en/cimarron","/c/en/california","/c/en/burkeite","/c/en/sodium","/c/en/natron"],"weight":0.20380999999999985},"num_concepts_raised":17664},{"base_id":982,"kind":"bot_words","i1":3,"i2":9,"sol":{"path":["/c/en/cimarron","/c/en/county_seat","/c/en/new_brunswick","/c/en/maritimes"],"weight":0.20807999999999988},"num_concepts_raised":8326},{"base_id":982,"kind":"bot_words","i1":4,"i2":5,"sol":{"path":["/c/en/hypericum","/c/en/plant","/c/en/phalaris"],"weight":0.20800000000000002},"num_concepts_raised":127},{"base_id":982,"kind":"bot_words","i1":4,"i2":6,"sol":{"path":["/c/en/hypericum","/c/en/botany","/c/en/treatise","/c/en/restatement"],"weight":0.20833999999999975},"num_concepts_raised":21829},{"base_id":982,"kind":"bot_words","i1":4,"i2":7,"sol":{"path":["/c/en/hypericum","/c/en/botany","/c/en/column","/c/en/rant","/c/en/ranter"],"weight":0.20934999999999976},"num_concepts_raised":20592},{"base_id":982,"kind":"bot_words","i1":4,"i2":8,"sol":{"path":["/c/en/hypericum","/c/en/plant","/c/en/water","/c/en/natron"],"weight":0.20856999999999976},"num_concepts_raised":27321},{"base_id":982,"kind":"bot_words","i1":4,"i2":9,"sol":{"path":["/c/en/hypericum","/c/en/plant","/c/en/turnip","/c/en/atlantic_canada","/c/en/maritimes"],"weight":0.21593999999999974},"num_concepts_raised":18176},{"base_id":982,"kind":"bot_words","i1":5,"i2":6,"sol":{"path":["/c/en/phalaris","/c/en/plant","/c/en/thing","/c/en/statement","/c/en/restatement"],"weight":0.21316999999999975},"num_concepts_raised":15980},{"base_id":982,"kind":"bot_words","i1":5,"i2":7,"sol":{"path":["/c/en/phalaris","/c/en/plant","/c/en/animal","/c/en/boisterous","/c/en/ranter"],"weight":0.21212999999999976},"num_concepts_raised":14733},{"base_id":982,"kind":"bot_words","i1":5,"i2":8,"sol":{"path":["/c/en/phalaris","/c/en/plant","/c/en/water","/c/en/natron"],"weight":0.21223999999999976},"num_concepts_raised":21473},{"base_id":982,"kind":"bot_words","i1":5,"i2":9,"sol":{"path":["/c/en/phalaris","/c/en/plant","/c/en/turnip","/c/en/atlantic_canada","/c/en/maritimes"],"weight":0.21959999999999974},"num_concepts_raised":12305},{"base_id":982,"kind":"bot_words","i1":6,"i2":7,"sol":{"path":["/c/en/restatement","/c/en/legal","/c/en/derogatory","/c/en/ranter"],"weight":0.20256999999999986},"num_concepts_raised":13262},{"base_id":982,"kind":"bot_words","i1":6,"i2":8,"sol":{"path":["/c/en/restatement","/c/en/statement","/c/en/finance","/c/en/water","/c/en/natron"],"weight":0.20374999999999988},"num_concepts_raised":20137},{"base_id":982,"kind":"bot_words","i1":6,"i2":9,"sol":{"path":["/c/en/restatement","/c/en/legal","/c/en/canada","/c/en/maritime_provinces","/c/en/maritimes"],"weight":0.2101499999999999},"num_concepts_raised":10873},{"base_id":982,"kind":"bot_words","i1":7,"i2":8,"sol":{"path":["/c/en/ranter","/c/en/rant","/c/en/spout","/c/en/water","/c/en/natron"],"weight":0.20369999999999988},"num_concepts_raised":18887},{"base_id":982,"kind":"bot_words","i1":7,"i2":9,"sol":{"path":["/c/en/ranter","/c/en/church","/c/en/place","/c/en/maritimes"],"weight":0.20790999999999987},"num_concepts_raised":9639},{"base_id":982,"kind":"bot_words","i1":8,"i2":9,"sol":{"path":["/c/en/natron","/c/fr/natron","/c/fr/marin","/c/en/maritime","/c/en/maritimes"],"weight":0.2110099999999999},"num_concepts_raised":16488}],[{"base_id":982,"kind":"top_words","i1":0,"i2":1,"sol":{"path":["/c/en/king","/c/en/man","/c/en/moon","/c/en/elara"],"weight":0.23606999999999823},"num_concepts_raised":141240},{"base_id":982,"kind":"top_words","i1":0,"i2":2,"sol":{"path":["/c/en/king","/c/en/ahaz"],"weight":0.20600000000000002},"num_concepts_raised":1297},{"base_id":982,"kind":"top_words","i1":0,"i2":3,"sol":{"path":["/c/en/king","/c/en/monarch","/c/en/sennacherib"],"weight":0.20800000000000002},"num_concepts_raised":1304},{"base_id":982,"kind":"top_words","i1":0,"i2":4,"sol":{"path":["/c/en/king","/c/en/genseric"],"weight":0.20600000000000002},"num_concepts_raised":1304},{"base_id":982,"kind":"top_words","i1":0,"i2":5,"sol":{"path":["/c/en/king","/c/en/royalty","/c/en/eadwig"],"weight":0.20700000000000002},"num_concepts_raised":1305},{"base_id":982,"kind":"top_words","i1":0,"i2":6,"sol":{"path":["/c/en/king","/c/en/royalty","/c/en/rehoboam"],"weight":0.20700000000000002},"num_concepts_raised":1303},{"base_id":982,"kind":"top_words","i1":0,"i2":7,"sol":{"path":["/c/en/king","/c/en/uk","/c/en/gorm"],"weight":0.20400000000000001},"num_concepts_raised":1282},{"base_id":982,"kind":"top_words","i1":0,"i2":8,"sol":{"path":["/c/en/king","/c/en/crown","/c/en/historical","/c/en/canute"],"weight":0.23542999999999836},"num_concepts_raised":137345},{"base_id":982,"kind":"top_words","i1":0,"i2":9,"sol":{"path":["/c/en/king","/c/en/zedekiah"],"weight":0.20600000000000002},"num_concepts_raised":1293},{"base_id":982,"kind":"top_words","i1":1,"i2":2,"sol":{"path":["/c/en/elara","/c/en/planet","/c/en/oberon","/c/en/king","/c/en/ahaz"],"weight":0.2134099999999997},"num_concepts_raised":12737},{"base_id":982,"kind":"top_words","i1":1,"i2":3,"sol":{"path":["/c/en/elara","/c/en/astronomy","/c/en/au","/c/en/monarch","/c/en/sennacherib"],"weight":0.21336999999999964},"num_concepts_raised":11896},{"base_id":982,"kind":"top_words","i1":1,"i2":4,"sol":{"path":["/c/en/elara","/c/en/planet","/c/en/oberon","/c/en/king","/c/en/genseric"],"weight":0.21369999999999972},"num_concepts_raised":13143},{"base_id":982,"kind":"top_words","i1":1,"i2":5,"sol":{"path":["/c/en/elara","/c/en/jupiter","/c/en/jovian","/c/en/royalty","/c/en/eadwig"],"weight":0.21337999999999963},"num_concepts_raised":11734},{"base_id":982,"kind":"top_words","i1":1,"i2":6,"sol":{"path":["/c/en/elara","/c/en/jupiter","/c/en/vinalia","/c/en/wine","/c/en/rehoboam"],"weight":0.21337999999999963},"num_concepts_raised":14325},{"base_id":982,"kind":"top_words","i1":1,"i2":7,"sol":{"path":["/c/en/elara","/c/en/moon","/c/en/us","/c/en/gorm"],"weight":0.20820999999999973},"num_concepts_raised":29113},{"base_id":982,"kind":"top_words","i1":1,"i2":8,"sol":{"path":["/c/en/elara","/c/en/planet","/c/en/historical","/c/en/canute"],"weight":0.20809999999999979},"num_concepts_raised":20011},{"base_id":982,"kind":"top_words","i1":1,"i2":9,"sol":{"path":["/c/en/elara","/c/en/planet","/c/en/ariel","/c/en/biblical","/c/en/zedekiah"],"weight":0.21322999999999964},"num_concepts_raised":13623},{"base_id":982,"kind":"top_words","i1":2,"i2":3,"sol":{"path":["/c/en/ahaz","/c/en/king","/c/en/monarch","/c/en/sennacherib"],"weight":0.2133199999999998},"num_concepts_raised":1837},{"base_id":982,"kind":"top_words","i1":2,"i2":4,"sol":{"path":["/c/en/ahaz","/c/en/king","/c/en/genseric"],"weight":0.20600000000000002},"num_concepts_raised":91},{"base_id":982,"kind":"top_words","i1":2,"i2":5,"sol":{"path":["/c/en/ahaz","/c/en/king","/c/en/royalty","/c/en/eadwig"],"weight":0.21324999999999977},"num_concepts_raised":1763},{"base_id":982,"kind":"top_words","i1":2,"i2":6,"sol":{"path":["/c/en/ahaz","/c/en/king","/c/en/royalty","/c/en/rehoboam"],"weight":0.21316999999999975},"num_concepts_raised":4348},{"base_id":982,"kind":"top_words","i1":2,"i2":7,"sol":{"path":["/c/en/ahaz","/c/en/king","/c/en/uk","/c/en/gorm"],"weight":0.20810999999999985},"num_concepts_raised":19208},{"base_id":982,"kind":"top_words","i1":2,"i2":8,"sol":{"path":["/c/en/ahaz","/c/en/king","/c/en/crown","/c/en/historical","/c/en/canute"],"weight":0.20800999999999986},"num_concepts_raised":10095},{"base_id":982,"kind":"top_words","i1":2,"i2":9,"sol":{"path":["/c/en/ahaz","/c/en/judah","/c/en/zedekiah"],"weight":0.20600000000000002},"num_concepts_raised":76},{"base_id":982,"kind":"top_words","i1":3,"i2":4,"sol":{"path":["/c/en/sennacherib","/c/en/monarch","/c/en/genseric"],"weight":0.20600000000000002},"num_concepts_raised":97},{"base_id":982,"kind":"top_words","i1":3,"i2":5,"sol":{"path":["/c/en/sennacherib","/c/en/monarch","/c/en/royalty","/c/en/eadwig"],"weight":0.21324999999999972},"num_concepts_raised":929},{"base_id":982,"kind":"top_words","i1":3,"i2":6,"sol":{"path":["/c/en/sennacherib","/c/en/monarch","/c/en/royalty","/c/en/rehoboam"],"weight":0.2131699999999997},"num_concepts_raised":3527},{"base_id":982,"kind":"top_words","i1":3,"i2":7,"sol":{"path":["/c/en/sennacherib","/c/en/monarch","/c/en/king","/c/en/uk","/c/en/gorm"],"weight":0.2081499999999998},"num_concepts_raised":18405},{"base_id":982,"kind":"top_words","i1":3,"i2":8,"sol":{"path":["/c/en/sennacherib","/c/en/monarch","/c/en/prince","/c/en/historical","/c/en/canute"],"weight":0.20800999999999986},"num_concepts_raised":9283},{"base_id":982,"kind":"top_words","i1":3,"i2":9,"sol":{"path":["/c/en/sennacherib","/c/en/monarch","/c/en/king","/c/en/zedekiah"],"weight":0.21313999999999972},"num_concepts_raised":2729},{"base_id":982,"kind":"top_words","i1":4,"i2":5,"sol":{"path":["/c/en/genseric","/c/en/king","/c/en/royalty","/c/en/eadwig"],"weight":0.2135499999999998},"num_concepts_raised":2168},{"base_id":982,"kind":"top_words","i1":4,"i2":6,"sol":{"path":["/c/en/genseric","/c/en/king","/c/en/royalty","/c/en/rehoboam"],"weight":0.21346999999999977},"num_concepts_raised":4758},{"base_id":982,"kind":"top_words","i1":4,"i2":7,"sol":{"path":["/c/en/genseric","/c/en/king","/c/en/uk","/c/en/gorm"],"weight":0.20839999999999992},"num_concepts_raised":19606},{"base_id":982,"kind":"top_words","i1":4,"i2":8,"sol":{"path":["/c/en/genseric","/c/en/vandal","/c/en/historical","/c/en/canute"],"weight":0.20820999999999992},"num_concepts_raised":10481},{"base_id":982,"kind":"top_words","i1":4,"i2":9,"sol":{"path":["/c/en/genseric","/c/en/king","/c/en/zedekiah"],"weight":0.20600000000000002},"num_concepts_raised":87},{"base_id":982,"kind":"top_words","i1":5,"i2":6,"sol":{"path":["/c/en/eadwig","/c/en/royalty","/c/en/rehoboam"],"weight":0.20600000000000002},"num_concepts_raised":93},{"base_id":982,"kind":"top_words","i1":5,"i2":7,"sol":{"path":["/c/en/eadwig","/c/en/royalty","/c/en/king","/c/en/uk","/c/en/gorm"],"weight":0.20808999999999978},"num_concepts_raised":18239},{"base_id":982,"kind":"top_words","i1":5,"i2":8,"sol":{"path":["/c/en/eadwig","/c/en/royalty","/c/en/writer","/c/en/historical","/c/en/canute"],"weight":0.2079499999999998},"num_concepts_raised":9130},{"base_id":982,"kind":"top_words","i1":5,"i2":9,"sol":{"path":["/c/en/eadwig","/c/en/royalty","/c/en/king","/c/en/zedekiah"],"weight":0.2130699999999997},"num_concepts_raised":2657},{"base_id":982,"kind":"top_words","i1":6,"i2":7,"sol":{"path":["/c/en/rehoboam","/c/en/bottle","/c/en/dialectal","/c/en/gorm"],"weight":0.20802999999999977},"num_concepts_raised":20738},{"base_id":982,"kind":"top_words","i1":6,"i2":8,"sol":{"path":["/c/en/rehoboam","/c/en/wine","/c/en/red","/c/en/oklahoma","/c/en/canute"],"weight":0.2079999999999998},"num_concepts_raised":11683},{"base_id":982,"kind":"top_words","i1":6,"i2":9,"sol":{"path":["/c/en/rehoboam","/c/en/royalty","/c/en/king","/c/en/zedekiah"],"weight":0.21298999999999968},"num_concepts_raised":5240},{"base_id":982,"kind":"top_words","i1":7,"i2":8,"sol":{"path":["/c/en/gorm","/c/en/gaum","/c/en/bit","/c/en/historical","/c/en/canute"],"weight":0.20491999999999994},"num_concepts_raised":26138},{"base_id":982,"kind":"top_words","i1":7,"i2":9,"sol":{"path":["/c/en/gorm","/c/en/uk","/c/en/king","/c/en/zedekiah"],"weight":0.2079299999999998},"num_concepts_raised":20083},{"base_id":982,"kind":"top_words","i1":8,"i2":9,"sol":{"path":["/c/en/canute","/c/en/historical","/c/en/crown","/c/en/king","/c/en/zedekiah"],"weight":0.20782999999999985},"num_concepts_raised":10963}]]