[[{"base_id":433,"kind":"bot_words","i1":0,"i2":1,"sol":{"path":["/c/en/sharpshooter","/c/en/marksman","/c/en/person","/c/en/job","/c/en/retrain"],"weight":0.20496999999999987},"num_concepts_raised":7136},{"base_id":433,"kind":"bot_words","i1":0,"i2":2,"sol":{"path":["/c/en/sharpshooter","/c/en/marksman","/c/en/person","/c/en/family","/c/en/leguminous"],"weight":0.20538999999999968},"num_concepts_raised":7789},{"base_id":433,"kind":"bot_words","i1":0,"i2":3,"sol":{"path":["/c/en/sharpshooter","/c/en/sniper","/c/en/skilled_worker","/c/en/plater"],"weight":0.20474999999999993},"num_concepts_raised":17248},{"base_id":433,"kind":"bot_words","i1":0,"i2":4,"sol":{"path":["/c/en/sharpshooter","/c/en/marksman","/c/en/film","/c/en/brave"],"weight":0.22526999999999908},"num_concepts_raised":35070},{"base_id":433,"kind":"bot_words","i1":0,"i2":5,"sol":{"path":["/c/en/sharpshooter","/c/en/shooter","/c/en/fountain","/c/en/architecture"],"weight":0.24006000000000727},"num_concepts_raised":130375},{"base_id":433,"kind":"bot_words","i1":0,"i2":6,"sol":{"path":["/c/en/sharpshooter","/c/en/athlete","/c/en/us","/c/en/united_states","/c/en/delaware"],"weight":0.21219999999999967},"num_concepts_raised":17793},{"base_id":433,"kind":"bot_words","i1":0,"i2":7,"sol":{"path":["/c/en/sharpshooter","/c/fr/tireur_d’_élite","/c/fr/personne","/c/fr/arménien","/c/en/armenian"],"weight":0.21163999999999963},"num_concepts_raised":18325},{"base_id":433,"kind":"bot_words","i1":0,"i2":8,"sol":{"path":["/c/en/sharpshooter","/c/en/rifle_pit","/c/en/trench","/c/en/archaeology","/c/en/nuraghe"],"weight":0.20335},"num_concepts_raised":2486},{"base_id":433,"kind":"bot_words","i1":0,"i2":9,"sol":{"path":["/c/en/sharpshooter","/c/en/marksman","/c/en/person","/c/en/luxury","/c/la/sybaris","/c/en/sybaris"],"weight":0.21633089999999983},"num_concepts_raised":186521},{"base_id":433,"kind":"bot_words","i1":1,"i2":2,"sol":{"path":["/c/en/retrain","/c/en/train","/c/en/string","/c/en/leguminous"],"weight":0.2033199999999996},"num_concepts_raised":11590},{"base_id":433,"kind":"bot_words","i1":1,"i2":3,"sol":{"path":["/c/en/retrain","/c/en/study","/c/en/horse","/c/en/plater"],"weight":0.20282999999999984},"num_concepts_raised":20990},{"base_id":433,"kind":"bot_words","i1":1,"i2":4,"sol":{"path":["/c/en/retrain","/c/en/train","/c/en/people","/c/en/brave"],"weight":0.22328999999999896},"num_concepts_raised":38720},{"base_id":433,"kind":"bot_words","i1":1,"i2":5,"sol":{"path":["/c/en/retrain","/c/en/train","/c/en/computing","/c/en/architecture"],"weight":0.24033000000000718},"num_concepts_raised":133390},{"base_id":433,"kind":"bot_words","i1":1,"i2":6,"sol":{"path":["/c/en/retrain","/c/en/train","/c/en/canada","/c/en/grape","/c/en/delaware"],"weight":0.21165999999999954},"num_concepts_raised":21554},{"base_id":433,"kind":"bot_words","i1":1,"i2":7,"sol":{"path":["/c/en/retrain","/c/en/subject","/c/en/language","/c/en/armenian"],"weight":0.20524999999999954},"num_concepts_raised":22068},{"base_id":433,"kind":"bot_words","i1":1,"i2":8,"sol":{"path":["/c/en/retrain","/c/en/train","/c/en/mining","/c/en/sardinia","/c/en/nuraghe"],"weight":0.20286999999999988},"num_concepts_raised":6332},{"base_id":433,"kind":"bot_words","i1":1,"i2":9,"sol":{"path":["/c/en/retrain","/c/en/train","/c/en/seat","/c/en/sybian_saddle","/c/en/sybaris"],"weight":0.20791999999999983},"num_concepts_raised":5612},{"base_id":433,"kind":"bot_words","i1":2,"i2":3,"sol":{"path":["/c/en/leguminous","/c/en/family","/c/en/horse","/c/en/plater"],"weight":0.20330999999999966},"num_concepts_raised":21583},{"base_id":433,"kind":"bot_words","i1":2,"i2":4,"sol":{"path":["/c/en/leguminous","/c/en/bean","/c/en/baseball","/c/en/brave"],"weight":0.22378999999999877},"num_concepts_raised":39271},{"base_id":433,"kind":"bot_words","i1":2,"i2":5,"sol":{"path":["/c/en/leguminous","/c/en/string","/c/en/architecture"],"weight":0.20600000000000002},"num_concepts_raised":2404},{"base_id":433,"kind":"bot_words","i1":2,"i2":6,"sol":{"path":["/c/en/leguminous","/c/en/pencil_flower","/c/en/american","/c/en/delaware"],"weight":0.20982999999999935},"num_concepts_raised":22160},{"base_id":433,"kind":"bot_words","i1":2,"i2":7,"sol":{"path":["/c/en/leguminous","/c/en/family","/c/en/indo_european","/c/en/armenian"],"weight":0.20565999999999934},"num_concepts_raised":22659},{"base_id":433,"kind":"bot_words","i1":2,"i2":8,"sol":{"path":["/c/en/leguminous","/c/en/bean","/c/en/village","/c/en/sardinia","/c/en/nuraghe"],"weight":0.2034199999999997},"num_concepts_raised":6975},{"base_id":433,"kind":"bot_words","i1":2,"i2":9,"sol":{"path":["/c/en/leguminous","/c/en/family","/c/en/people","/c/en/inhabitant","/c/la/sybaris","/c/en/sybaris"],"weight":0.21311739999999924},"num_concepts_raised":581013},{"base_id":433,"kind":"bot_words","i1":3,"i2":4,"sol":{"path":["/c/en/plater","/c/en/horse","/c/en/tall","/c/en/brave"],"weight":0.223279999999999},"num_concepts_raised":48453},{"base_id":433,"kind":"bot_words","i1":3,"i2":5,"sol":{"path":["/c/en/plater","/c/en/cell","/c/en/architecture"],"weight":0.20600000000000002},"num_concepts_raised":2348},{"base_id":433,"kind":"bot_words","i1":3,"i2":6,"sol":{"path":["/c/en/plater","/c/en/horse_racing","/c/en/united_states","/c/en/delaware"],"weight":0.2115099999999996},"num_concepts_raised":31537},{"base_id":433,"kind":"bot_words","i1":3,"i2":7,"sol":{"path":["/c/en/plater","/c/en/cell","/c/en/human","/c/en/armenian"],"weight":0.20511999999999958},"num_concepts_raised":32090},{"base_id":433,"kind":"bot_words","i1":3,"i2":8,"sol":{"path":["/c/en/plater","/c/en/horse","/c/en/mining","/c/en/sardinia","/c/en/nuraghe"],"weight":0.2028399999999999},"num_concepts_raised":16456},{"base_id":433,"kind":"bot_words","i1":3,"i2":9,"sol":{"path":["/c/en/plater","/c/en/horse","/c/en/historical","/c/pt/sibarita","/c/en/sybaris"],"weight":0.20794999999999988},"num_concepts_raised":15743},{"base_id":433,"kind":"bot_words","i1":4,"i2":5,"sol":{"path":["/c/en/brave","/c/en/bold","/c/en/building","/c/en/architecture"],"weight":0.2675000000000063},"num_concepts_raised":157905},{"base_id":433,"kind":"bot_words","i1":4,"i2":6,"sol":{"path":["/c/en/brave","/c/en/native_american","/c/en/delaware"],"weight":0.20800000000000002},"num_concepts_raised":842},{"base_id":433,"kind":"bot_words","i1":4,"i2":7,"sol":{"path":["/c/en/brave","/c/en/fear","/c/en/human","/c/en/armenian"],"weight":0.2277399999999987},"num_concepts_raised":49483},{"base_id":433,"kind":"bot_words","i1":4,"i2":8,"sol":{"path":["/c/en/brave","/c/ba/батыр","/c/en/man","/c/en/archaeology","/c/en/nuraghe"],"weight":0.22542999999999905},"num_concepts_raised":34344},{"base_id":433,"kind":"bot_words","i1":4,"i2":9,"sol":{"path":["/c/en/brave","/c/en/people","/c/en/inhabitant","/c/la/sybaris","/c/en/sybaris"],"weight":0.230329999999999},"num_concepts_raised":33633},{"base_id":433,"kind":"bot_words","i1":5,"i2":6,"sol":{"path":["/c/en/architecture","/c/en/structure","/c/en/river","/c/en/delaware"],"weight":0.24899000000000693},"num_concepts_raised":143283},{"base_id":433,"kind":"bot_words","i1":5,"i2":7,"sol":{"path":["/c/en/architecture","/c/en/building","/c/en/human","/c/en/armenian"],"weight":0.24520000000000688},"num_concepts_raised":144388},{"base_id":433,"kind":"bot_words","i1":5,"i2":8,"sol":{"path":["/c/en/architecture","/c/en/blade","/c/en/archaeology","/c/en/nuraghe"],"weight":0.23948000000000727},"num_concepts_raised":129643},{"base_id":433,"kind":"bot_words","i1":5,"i2":9,"sol":{"path":["/c/en/architecture","/c/en/seat","/c/en/sybian_saddle","/c/en/sybaris"],"weight":0.24459000000000725},"num_concepts_raised":129012},{"base_id":433,"kind":"bot_words","i1":6,"i2":7,"sol":{"path":["/c/en/delaware","/c/en/algonquin","/c/en/language","/c/en/armenian"],"weight":0.2118599999999993},"num_concepts_raised":32424},{"base_id":433,"kind":"bot_words","i1":6,"i2":8,"sol":{"path":["/c/en/delaware","/c/en/ohio","/c/en/sardinia","/c/en/nuraghe"],"weight":0.20968999999999965},"num_concepts_raised":16987},{"base_id":433,"kind":"bot_words","i1":6,"i2":9,"sol":{"path":["/c/en/delaware","/c/en/dover","/c/fr/ville","/c/la/sybaris","/c/en/sybaris"],"weight":0.2185499999999996},"num_concepts_raised":16271},{"base_id":433,"kind":"bot_words","i1":7,"i2":8,"sol":{"path":["/c/en/armenian","/c/en/human","/c/en/civilization","/c/en/nuragic","/c/en/nuraghe"],"weight":0.20612999999999962},"num_concepts_raised":17506},{"base_id":433,"kind":"bot_words","i1":7,"i2":9,"sol":{"path":["/c/en/armenian","/c/en/armenia","/c/en/historical","/c/pt/sibarita","/c/en/sybaris"],"weight":0.2126399999999996},"num_concepts_raised":16793},{"base_id":433,"kind":"bot_words","i1":8,"i2":9,"sol":{"path":["/c/en/nuraghe","/c/it/nuraghe","/c/en/tower","/c/en/historical","/c/pt/sibarita","/c/en/sybaris"],"weight":0.21224119999999988},"num_concepts_raised":65017}],[{"base_id":433,"kind":"top_words","i1":0,"i2":1,"sol":{"path":["/c/en/negotiations","/c/en/negotiation","/c/en/talks"],"weight":0.203},"num_concepts_raised":55},{"base_id":433,"kind":"top_words","i1":0,"i2":2,"sol":{"path":["/c/en/negotiations","/c/en/negotiation","/c/en/mitchell_principles","/c/en/disarmament"],"weight":0.20964999999999995},"num_concepts_raised":10115},{"base_id":433,"kind":"top_words","i1":0,"i2":3,"sol":{"path":["/c/en/negotiations","/c/fi/rauhanneuvottelu","/c/en/peace"],"weight":0.20400000000000001},"num_concepts_raised":847},{"base_id":433,"kind":"top_words","i1":0,"i2":4,"sol":{"path":["/c/en/negotiations","/c/en/negotiation","/c/en/dialogue"],"weight":0.20500000000000002},"num_concepts_raised":332},{"base_id":433,"kind":"top_words","i1":0,"i2":5,"sol":{"path":["/c/en/negotiations","/c/en/negotiation","/c/en/activity","/c/en/start","/c/en/resumption"],"weight":0.20403999999999983},"num_concepts_raised":6811},{"base_id":433,"kind":"top_words","i1":0,"i2":6,"sol":{"path":["/c/en/negotiations","/c/en/negotiation","/c/en/transaction","/c/en/atomic","/c/en/nuclear"],"weight":0.2102099999999989},"num_concepts_raised":36570},{"base_id":433,"kind":"top_words","i1":0,"i2":7,"sol":{"path":["/c/en/negotiations","/c/en/negotiation","/c/en/business","/c/en/city","/c/en/pyongyang"],"weight":0.21169000000000016},"num_concepts_raised":7047},{"base_id":433,"kind":"top_words","i1":0,"i2":8,"sol":{"path":["/c/en/negotiations","/c/en/negotiation","/c/sv/vapenstilleståndsförhandling","/c/en/armistice","/c/en/ceasefire"],"weight":0.2070300000000001},"num_concepts_raised":2572},{"base_id":433,"kind":"top_words","i1":0,"i2":9,"sol":{"path":["/c/en/negotiations","/c/en/negotiation","/c/en/agreement","/c/en/accord"],"weight":0.211819999999999},"num_concepts_raised":52707},{"base_id":433,"kind":"top_words","i1":1,"i2":2,"sol":{"path":["/c/en/talks","/c/fi/aseidenriisuntaneuvottelu","/c/en/disarmament"],"weight":0.20400000000000001},"num_concepts_raised":103},{"base_id":433,"kind":"top_words","i1":1,"i2":3,"sol":{"path":["/c/en/talks","/c/fi/rauhanneuvottelu","/c/en/peace"],"weight":0.20400000000000001},"num_concepts_raised":862},{"base_id":433,"kind":"top_words","i1":1,"i2":4,"sol":{"path":["/c/en/talks","/c/en/talk","/c/en/dialogue"],"weight":0.20700000000000002},"num_concepts_raised":352},{"base_id":433,"kind":"top_words","i1":1,"i2":5,"sol":{"path":["/c/en/talks","/c/en/talk","/c/en/repeat","/c/it/ripresa","/c/en/resumption"],"weight":0.20618999999999976},"num_concepts_raised":9072},{"base_id":433,"kind":"top_words","i1":1,"i2":6,"sol":{"path":["/c/en/talks","/c/en/talk","/c/en/tongue","/c/ja/核","/c/en/nuclear"],"weight":0.21002999999999883},"num_concepts_raised":38800},{"base_id":433,"kind":"top_words","i1":1,"i2":7,"sol":{"path":["/c/en/talks","/c/en/talk","/c/en/people","/c/en/city","/c/en/pyongyang"],"weight":0.2128700000000001},"num_concepts_raised":9322},{"base_id":433,"kind":"top_words","i1":1,"i2":8,"sol":{"path":["/c/en/talks","/c/fi/aseleponeuvottelu","/c/en/armistice","/c/en/ceasefire"],"weight":0.20613000000000004},"num_concepts_raised":4861},{"base_id":433,"kind":"top_words","i1":1,"i2":9,"sol":{"path":["/c/en/talks","/c/fr/pourparlers","/c/fr/accord","/c/en/accord"],"weight":0.21118999999999893},"num_concepts_raised":54755},{"base_id":433,"kind":"top_words","i1":2,"i2":3,"sol":{"path":["/c/en/disarmament","/c/en/war","/c/en/peace"],"weight":0.20800000000000002},"num_concepts_raised":892},{"base_id":433,"kind":"top_words","i1":2,"i2":4,"sol":{"path":["/c/en/disarmament","/c/en/mitchell_principles","/c/en/negotiation","/c/en/dialogue"],"weight":0.21971999999999983},"num_concepts_raised":52065},{"base_id":433,"kind":"top_words","i1":2,"i2":5,"sol":{"path":["/c/en/disarmament","/c/en/abolition","/c/en/australia","/c/en/resumption"],"weight":0.20897999999999994},"num_concepts_raised":15135},{"base_id":433,"kind":"top_words","i1":2,"i2":6,"sol":{"path":["/c/en/disarmament","/c/fi/ydinaseriisunta","/c/en/nuclear"],"weight":0.20400000000000001},"num_concepts_raised":422},{"base_id":433,"kind":"top_words","i1":2,"i2":7,"sol":{"path":["/c/en/disarmament","/c/en/war","/c/en/city","/c/en/pyongyang"],"weight":0.21671000000000024},"num_concepts_raised":15377},{"base_id":433,"kind":"top_words","i1":2,"i2":8,"sol":{"path":["/c/en/disarmament","/c/en/military","/c/en/cease_fire","/c/en/ceasefire"],"weight":0.21230000000000018},"num_concepts_raised":10867},{"base_id":433,"kind":"top_words","i1":2,"i2":9,"sol":{"path":["/c/en/disarmament","/c/en/war","/c/en/treaty","/c/en/accord"],"weight":0.21558999999999912},"num_concepts_raised":60451},{"base_id":433,"kind":"top_words","i1":3,"i2":4,"sol":{"path":["/c/en/peace","/c/en/quiet","/c/en/talk","/c/en/dialogue"],"weight":0.2407799999999988},"num_concepts_raised":122494},{"base_id":433,"kind":"top_words","i1":3,"i2":5,"sol":{"path":["/c/en/peace","/c/en/state","/c/en/beginning","/c/en/resumption"],"weight":0.22205999999999892},"num_concepts_raised":88702},{"base_id":433,"kind":"top_words","i1":3,"i2":6,"sol":{"path":["/c/en/peace","/c/en/war","/c/en/destruction","/c/en/nuclear"],"weight":0.23047999999999796},"num_concepts_raised":116768},{"base_id":433,"kind":"top_words","i1":3,"i2":7,"sol":{"path":["/c/en/peace","/c/en/war","/c/en/city","/c/en/pyongyang"],"weight":0.2342799999999992},"num_concepts_raised":89248},{"base_id":433,"kind":"top_words","i1":3,"i2":8,"sol":{"path":["/c/en/peace","/c/en/truce","/c/en/ceasefire"],"weight":0.20600000000000002},"num_concepts_raised":904},{"base_id":433,"kind":"top_words","i1":3,"i2":9,"sol":{"path":["/c/en/peace","/c/en/accord"],"weight":0.20400000000000001},"num_concepts_raised":1154},{"base_id":433,"kind":"top_words","i1":4,"i2":5,"sol":{"path":["/c/en/dialogue","/c/en/computing","/c/en/restart","/c/en/resumption"],"weight":0.2139399999999997},"num_concepts_raised":48958},{"base_id":433,"kind":"top_words","i1":4,"i2":6,"sol":{"path":["/c/en/dialogue","/c/en/computing","/c/en/atomic","/c/en/nuclear"],"weight":0.22015999999999875},"num_concepts_raised":77750},{"base_id":433,"kind":"top_words","i1":4,"i2":7,"sol":{"path":["/c/en/dialogue","/c/en/person","/c/en/sport","/c/en/pyongyang"],"weight":0.22153000000000003},"num_concepts_raised":49284},{"base_id":433,"kind":"top_words","i1":4,"i2":8,"sol":{"path":["/c/en/dialogue","/c/en/discourse","/c/en/purpose","/c/en/ceasefire"],"weight":0.21515999999999996},"num_concepts_raised":44944},{"base_id":433,"kind":"top_words","i1":4,"i2":9,"sol":{"path":["/c/en/dialogue","/c/fa/گفتگو","/c/en/controversy","/c/en/accord"],"weight":0.2219599999999989},"num_concepts_raised":92075},{"base_id":433,"kind":"top_words","i1":5,"i2":6,"sol":{"path":["/c/en/resumption","/c/en/start","/c/en/button","/c/en/nuclear"],"weight":0.20718999999999882},"num_concepts_raised":41460},{"base_id":433,"kind":"top_words","i1":5,"i2":7,"sol":{"path":["/c/en/resumption","/c/en/australia","/c/en/city","/c/en/pyongyang"],"weight":0.21102000000000012},"num_concepts_raised":12048},{"base_id":433,"kind":"top_words","i1":5,"i2":8,"sol":{"path":["/c/en/resumption","/c/de/wiederaufnahme","/c/de/unterbrechung","/c/de/waffenstillstand","/c/en/ceasefire"],"weight":0.20662000000000005},"num_concepts_raised":7669},{"base_id":433,"kind":"top_words","i1":5,"i2":9,"sol":{"path":["/c/en/resumption","/c/en/eminent_domain","/c/en/legal","/c/en/accord"],"weight":0.20855999999999902},"num_concepts_raised":57386},{"base_id":433,"kind":"top_words","i1":6,"i2":7,"sol":{"path":["/c/en/nuclear","/c/en/central","/c/en/city","/c/en/pyongyang"],"weight":0.21587999999999916},"num_concepts_raised":41691},{"base_id":433,"kind":"top_words","i1":6,"i2":8,"sol":{"path":["/c/en/nuclear","/c/en/conventional_warfare","/c/en/warfare","/c/en/ceasefire"],"weight":0.2082999999999991},"num_concepts_raised":37376},{"base_id":433,"kind":"top_words","i1":6,"i2":9,"sol":{"path":["/c/en/nuclear","/c/fi/ydinsulkusopimus","/c/en/treaty","/c/en/accord"],"weight":0.21361999999999803},"num_concepts_raised":85973},{"base_id":433,"kind":"top_words","i1":7,"i2":8,"sol":{"path":["/c/en/pyongyang","/c/en/sport","/c/en/fight","/c/en/truce","/c/en/ceasefire"],"weight":0.2137600000000004},"num_concepts_raised":7909},{"base_id":433,"kind":"top_words","i1":7,"i2":9,"sol":{"path":["/c/en/pyongyang","/c/en/sport","/c/en/legal","/c/en/accord"],"weight":0.21620999999999932},"num_concepts_raised":57715},{"base_id":433,"kind":"top_words","i1":8,"i2":9,"sol":{"path":["/c/en/ceasefire","/c/en/truce","/c/en/agreement","/c/en/accord"],"weight":0.21395999999999926},"num_concepts_raised":53405}]]