[[{"base_id":706,"kind":"bot_words","i1":0,"i2":1,"sol":{"path":["/c/en/empathic","/c/en/vicariance","/c/en/geographic","/c/en/gazetteer"],"weight":0.20324999999999993},"num_concepts_raised":6388},{"base_id":706,"kind":"bot_words","i1":0,"i2":2,"sol":{"path":["/c/en/empathic","/c/en/science_fiction","/c/en/organic","/c/en/saturated"],"weight":0.20578999999999925},"num_concepts_raised":30219},{"base_id":706,"kind":"bot_words","i1":0,"i2":3,"sol":{"path":["/c/en/empathic","/c/en/science_fiction","/c/en/science","/c/en/meteorology","/c/en/isotherm"],"weight":0.20367000000000007},"num_concepts_raised":4265},{"base_id":706,"kind":"bot_words","i1":0,"i2":4,"sol":{"path":["/c/en/empathic","/c/en/empathy","/c/en/care","/c/en/overhaul","/c/en/inspection"],"weight":0.2078899999999995},"num_concepts_raised":9283},{"base_id":706,"kind":"bot_words","i1":0,"i2":5,"sol":{"path":["/c/en/empathic","/c/en/science_fiction","/c/en/space","/c/en/umbilicus","/c/en/bellybutton"],"weight":0.20293},"num_concepts_raised":3137},{"base_id":706,"kind":"bot_words","i1":0,"i2":6,"sol":{"path":["/c/en/empathic","/c/en/empathy","/c/en/cold_fish","/c/en/slang","/c/en/shuck"],"weight":0.2054399999999999},"num_concepts_raised":21935},{"base_id":706,"kind":"bot_words","i1":0,"i2":7,"sol":{"path":["/c/en/empathic","/c/en/empathy","/c/en/feel","/c/en/vague"],"weight":0.20866999999999936},"num_concepts_raised":17874},{"base_id":706,"kind":"bot_words","i1":0,"i2":8,"sol":{"path":["/c/en/empathic","/c/en/empathy","/c/en/comfort_friend","/c/en/sex","/c/en/sexualization"],"weight":0.20415000000000005},"num_concepts_raised":3564},{"base_id":706,"kind":"bot_words","i1":0,"i2":9,"sol":{"path":["/c/en/empathic","/c/en/empathetic","/c/en/feeling","/c/en/smooth","/c/en/smoothly","/c/en/swimmingly"],"weight":0.20828089999999988},"num_concepts_raised":234725},{"base_id":706,"kind":"bot_words","i1":1,"i2":2,"sol":{"path":["/c/en/gazetteer","/c/fr/gazetier","/c/fr/composer","/c/en/compound","/c/en/saturated"],"weight":0.20897999999999906},"num_concepts_raised":33944},{"base_id":706,"kind":"bot_words","i1":1,"i2":3,"sol":{"path":["/c/en/gazetteer","/c/en/geography","/c/en/isothermal","/c/en/isotherm"],"weight":0.2048799999999999},"num_concepts_raised":8059},{"base_id":706,"kind":"bot_words","i1":1,"i2":4,"sol":{"path":["/c/en/gazetteer","/c/en/atlas","/c/en/us","/c/en/check","/c/en/inspection"],"weight":0.20863999999999933},"num_concepts_raised":13014},{"base_id":706,"kind":"bot_words","i1":1,"i2":5,"sol":{"path":["/c/en/gazetteer","/c/en/atlas","/c/en/anatomy","/c/en/navel","/c/en/bellybutton"],"weight":0.20441999999999982},"num_concepts_raised":6944},{"base_id":706,"kind":"bot_words","i1":1,"i2":6,"sol":{"path":["/c/en/gazetteer","/c/en/geography","/c/en/slang","/c/en/shuck"],"weight":0.20457999999999976},"num_concepts_raised":25673},{"base_id":706,"kind":"bot_words","i1":1,"i2":7,"sol":{"path":["/c/en/gazetteer","/c/en/describe","/c/en/vague"],"weight":0.202},"num_concepts_raised":382},{"base_id":706,"kind":"bot_words","i1":1,"i2":8,"sol":{"path":["/c/en/gazetteer","/c/en/geography","/c/en/book","/c/en/sex","/c/en/sexualization"],"weight":0.2033299999999999},"num_concepts_raised":7390},{"base_id":706,"kind":"bot_words","i1":1,"i2":9,"sol":{"path":["/c/en/gazetteer","/c/fr/gazetier","/c/fr/composer","/c/fr/bien","/c/en/swimmingly"],"weight":0.20616999999999977},"num_concepts_raised":7447},{"base_id":706,"kind":"bot_words","i1":2,"i2":3,"sol":{"path":["/c/en/saturated","/c/en/temperature","/c/en/isotherm"],"weight":0.202},"num_concepts_raised":313},{"base_id":706,"kind":"bot_words","i1":2,"i2":4,"sol":{"path":["/c/en/saturated","/c/en/contain","/c/en/check","/c/en/inspection"],"weight":0.21097999999999864},"num_concepts_raised":36713},{"base_id":706,"kind":"bot_words","i1":2,"i2":5,"sol":{"path":["/c/en/saturated","/c/en/chemistry","/c/en/bump","/c/en/navel","/c/en/bellybutton"],"weight":0.20711999999999917},"num_concepts_raised":30756},{"base_id":706,"kind":"bot_words","i1":2,"i2":6,"sol":{"path":["/c/en/saturated","/c/en/chemistry","/c/en/shell","/c/en/shuck"],"weight":0.20647999999999905},"num_concepts_raised":49106},{"base_id":706,"kind":"bot_words","i1":2,"i2":7,"sol":{"path":["/c/en/saturated","/c/en/deep","/c/en/obscure","/c/en/vague"],"weight":0.21194999999999853},"num_concepts_raised":44794},{"base_id":706,"kind":"bot_words","i1":2,"i2":8,"sol":{"path":["/c/en/saturated","/c/en/unsaturated","/c/en/hexadecadienal","/c/en/sex","/c/en/sexualization"],"weight":0.2068599999999992},"num_concepts_raised":31199},{"base_id":706,"kind":"bot_words","i1":2,"i2":9,"sol":{"path":["/c/en/saturated","/c/en/intense","/c/en/bright","/c/en/favorable","/c/en/swimmingly"],"weight":0.2066899999999991},"num_concepts_raised":31225},{"base_id":706,"kind":"bot_words","i1":3,"i2":4,"sol":{"path":["/c/en/isotherm","/c/fr/ligne","/c/fr/revue","/c/en/inspection"],"weight":0.20733999999999947},"num_concepts_raised":10949},{"base_id":706,"kind":"bot_words","i1":3,"i2":5,"sol":{"path":["/c/en/isotherm","/c/en/isochore","/c/en/point","/c/en/navel","/c/en/bellybutton"],"weight":0.20468999999999998},"num_concepts_raised":4826},{"base_id":706,"kind":"bot_words","i1":3,"i2":6,"sol":{"path":["/c/en/isotherm","/c/en/isobar","/c/en/line","/c/en/slang","/c/en/shuck"],"weight":0.20596999999999993},"num_concepts_raised":23606},{"base_id":706,"kind":"bot_words","i1":3,"i2":7,"sol":{"path":["/c/en/isotherm","/c/en/meteorology","/c/en/clear","/c/en/vague"],"weight":0.20929999999999938},"num_concepts_raised":19535},{"base_id":706,"kind":"bot_words","i1":3,"i2":8,"sol":{"path":["/c/en/isotherm","/c/en/isochore","/c/en/gene","/c/en/sex","/c/en/sexualization"],"weight":0.20359000000000005},"num_concepts_raised":5268},{"base_id":706,"kind":"bot_words","i1":3,"i2":9,"sol":{"path":["/c/en/isotherm","/c/en/isobar","/c/en/equal","/c/ja/とんとん","/c/en/swimmingly"],"weight":0.20458999999999994},"num_concepts_raised":5311},{"base_id":706,"kind":"bot_words","i1":4,"i2":5,"sol":{"path":["/c/en/inspection","/c/en/check","/c/my/ချက်","/c/en/navel","/c/en/bellybutton"],"weight":0.20940999999999943},"num_concepts_raised":9832},{"base_id":706,"kind":"bot_words","i1":4,"i2":6,"sol":{"path":["/c/en/inspection","/c/en/nfg","/c/en/slang","/c/en/shuck"],"weight":0.2078999999999993},"num_concepts_raised":28507},{"base_id":706,"kind":"bot_words","i1":4,"i2":7,"sol":{"path":["/c/en/inspection","/c/en/check","/c/en/clear","/c/en/vague"],"weight":0.21397999999999878},"num_concepts_raised":24290},{"base_id":706,"kind":"bot_words","i1":4,"i2":8,"sol":{"path":["/c/en/inspection","/c/en/check","/c/en/us","/c/en/sex","/c/en/sexualization"],"weight":0.20835999999999943},"num_concepts_raised":10267},{"base_id":706,"kind":"bot_words","i1":4,"i2":9,"sol":{"path":["/c/en/inspection","/c/fr/inspection","/c/fr/soin","/c/fr/bien","/c/en/swimmingly"],"weight":0.20907999999999932},"num_concepts_raised":10311},{"base_id":706,"kind":"bot_words","i1":5,"i2":6,"sol":{"path":["/c/en/bellybutton","/c/en/belly","/c/en/slang","/c/en/shuck"],"weight":0.20416999999999985},"num_concepts_raised":22433},{"base_id":706,"kind":"bot_words","i1":5,"i2":7,"sol":{"path":["/c/en/bellybutton","/c/en/fluff","/c/en/fuzzy","/c/en/vague"],"weight":0.20867999999999928},"num_concepts_raised":18400},{"base_id":706,"kind":"bot_words","i1":5,"i2":8,"sol":{"path":["/c/en/bellybutton","/c/en/belly","/c/en/slang","/c/en/sex","/c/en/sexualization"],"weight":0.20287999999999995},"num_concepts_raised":4132},{"base_id":706,"kind":"bot_words","i1":5,"i2":9,"sol":{"path":["/c/en/bellybutton","/c/en/belly_button","/c/en/person","/c/en/difficulty","/c/en/swimmingly"],"weight":0.20279999999999987},"num_concepts_raised":4190},{"base_id":706,"kind":"bot_words","i1":6,"i2":7,"sol":{"path":["/c/en/shuck","/c/en/slang","/c/en/fuzzy","/c/en/vague"],"weight":0.2101499999999992},"num_concepts_raised":36753},{"base_id":706,"kind":"bot_words","i1":6,"i2":8,"sol":{"path":["/c/en/shuck","/c/en/slang","/c/en/sex","/c/en/sexualization"],"weight":0.2042899999999999},"num_concepts_raised":22722},{"base_id":706,"kind":"bot_words","i1":6,"i2":9,"sol":{"path":["/c/en/shuck","/c/en/slang","/c/en/grease","/c/en/smoothly","/c/en/swimmingly"],"weight":0.20438999999999977},"num_concepts_raised":22968},{"base_id":706,"kind":"bot_words","i1":7,"i2":8,"sol":{"path":["/c/en/vague","/c/es/vago","/c/en/bum","/c/en/sex","/c/en/sexualization"],"weight":0.20958999999999933},"num_concepts_raised":18841},{"base_id":706,"kind":"bot_words","i1":7,"i2":9,"sol":{"path":["/c/en/vague","/c/en/clear","/c/ms/lancar","/c/en/swimmingly"],"weight":0.20860999999999924},"num_concepts_raised":18894},{"base_id":706,"kind":"bot_words","i1":8,"i2":9,"sol":{"path":["/c/en/sexualization","/c/en/sex","/c/en/good","/c/en/favorable","/c/en/swimmingly"],"weight":0.2029599999999999},"num_concepts_raised":4621}],[{"base_id":706,"kind":"top_words","i1":0,"i2":1,"sol":{"path":["/c/en/airbus","/c/en/jet","/c/en/twinjet"],"weight":0.20500000000000002},"num_concepts_raised":123},{"base_id":706,"kind":"top_words","i1":0,"i2":2,"sol":{"path":["/c/en/airbus","/c/en/company","/c/en/boeing"],"weight":0.20600000000000002},"num_concepts_raised":189},{"base_id":706,"kind":"top_words","i1":0,"i2":3,"sol":{"path":["/c/en/airbus","/c/en/company","/c/en/legal","/c/en/peremptory"],"weight":0.20998999999999954},"num_concepts_raised":27561},{"base_id":706,"kind":"top_words","i1":0,"i2":4,"sol":{"path":["/c/en/airbus","/c/en/company","/c/en/body","/c/en/bodied"],"weight":0.2104699999999999},"num_concepts_raised":11012},{"base_id":706,"kind":"top_words","i1":0,"i2":5,"sol":{"path":["/c/en/airbus","/c/en/air","/c/en/supermarket","/c/en/aisle"],"weight":0.21192999999999926},"num_concepts_raised":31096},{"base_id":706,"kind":"top_words","i1":0,"i2":6,"sol":{"path":["/c/en/airbus","/c/en/aircraft","/c/en/bomber","/c/en/bombardier"],"weight":0.21049999999999972},"num_concepts_raised":14608},{"base_id":706,"kind":"top_words","i1":0,"i2":7,"sol":{"path":["/c/en/airbus","/c/en/airplane","/c/en/plane","/c/en/planes"],"weight":0.21154999999999968},"num_concepts_raised":19859},{"base_id":706,"kind":"top_words","i1":0,"i2":8,"sol":{"path":["/c/en/airbus","/c/en/airplane","/c/en/airplanes"],"weight":0.20500000000000002},"num_concepts_raised":159},{"base_id":706,"kind":"top_words","i1":0,"i2":9,"sol":{"path":["/c/en/airbus","/c/en/aircraft","/c/fr/aéronef","/c/fr/navigabilité","/c/en/airworthiness"],"weight":0.21029999999999976},"num_concepts_raised":8029},{"base_id":706,"kind":"top_words","i1":1,"i2":2,"sol":{"path":["/c/en/twinjet","/c/en/aviation","/c/en/boeing"],"weight":0.20400000000000001},"num_concepts_raised":106},{"base_id":706,"kind":"top_words","i1":1,"i2":3,"sol":{"path":["/c/en/twinjet","/c/en/physics","/c/en/absolute","/c/en/peremptory"],"weight":0.20464999999999972},"num_concepts_raised":31257},{"base_id":706,"kind":"top_words","i1":1,"i2":4,"sol":{"path":["/c/en/twinjet","/c/en/physics","/c/en/body","/c/en/bodied"],"weight":0.2041900000000001},"num_concepts_raised":14626},{"base_id":706,"kind":"top_words","i1":1,"i2":5,"sol":{"path":["/c/en/twinjet","/c/en/aircraft","/c/en/corridor","/c/en/aisle"],"weight":0.20493999999999946},"num_concepts_raised":34785},{"base_id":706,"kind":"top_words","i1":1,"i2":6,"sol":{"path":["/c/en/twinjet","/c/en/aircraft","/c/en/bomber","/c/en/bombardier"],"weight":0.2041499999999999},"num_concepts_raised":18301},{"base_id":706,"kind":"top_words","i1":1,"i2":7,"sol":{"path":["/c/en/twinjet","/c/en/jet","/c/en/plane","/c/en/planes"],"weight":0.20612999999999987},"num_concepts_raised":23741},{"base_id":706,"kind":"top_words","i1":1,"i2":8,"sol":{"path":["/c/en/twinjet","/c/en/jet","/c/en/airplane","/c/en/airplanes"],"weight":0.2053899999999998},"num_concepts_raised":24448},{"base_id":706,"kind":"top_words","i1":1,"i2":9,"sol":{"path":["/c/en/twinjet","/c/en/aviation","/c/de/flugtauglichkeit","/c/en/airworthiness"],"weight":0.20395999999999992},"num_concepts_raised":11611},{"base_id":706,"kind":"top_words","i1":2,"i2":3,"sol":{"path":["/c/en/boeing","/c/en/company","/c/en/legal","/c/en/peremptory"],"weight":0.20964999999999961},"num_concepts_raised":23248},{"base_id":706,"kind":"top_words","i1":2,"i2":4,"sol":{"path":["/c/en/boeing","/c/en/company","/c/en/body","/c/en/bodied"],"weight":0.21013999999999997},"num_concepts_raised":6650},{"base_id":706,"kind":"top_words","i1":2,"i2":5,"sol":{"path":["/c/en/boeing","/c/en/aviation","/c/en/wing","/c/en/aisle"],"weight":0.2105699999999993},"num_concepts_raised":26935},{"base_id":706,"kind":"top_words","i1":2,"i2":6,"sol":{"path":["/c/en/boeing","/c/en/aviation","/c/en/ski","/c/en/bombardier"],"weight":0.2088799999999998},"num_concepts_raised":10345},{"base_id":706,"kind":"top_words","i1":2,"i2":7,"sol":{"path":["/c/en/boeing","/c/en/aviation","/c/en/fly","/c/en/planes"],"weight":0.21004999999999974},"num_concepts_raised":15869},{"base_id":706,"kind":"top_words","i1":2,"i2":8,"sol":{"path":["/c/en/boeing","/c/en/boeing_747","/c/en/airplane","/c/en/airplanes"],"weight":0.21015999999999968},"num_concepts_raised":16733},{"base_id":706,"kind":"top_words","i1":2,"i2":9,"sol":{"path":["/c/en/boeing","/c/en/aviation","/c/de/flugtauglichkeit","/c/en/airworthiness"],"weight":0.20990999999999982},"num_concepts_raised":3599},{"base_id":706,"kind":"top_words","i1":3,"i2":4,"sol":{"path":["/c/en/peremptory","/c/en/opinion","/c/en/body","/c/en/bodied"],"weight":0.20505999999999985},"num_concepts_raised":23078},{"base_id":706,"kind":"top_words","i1":3,"i2":5,"sol":{"path":["/c/en/peremptory","/c/en/imperative","/c/en/down","/c/en/aisle"],"weight":0.20627999999999924},"num_concepts_raised":42988},{"base_id":706,"kind":"top_words","i1":3,"i2":6,"sol":{"path":["/c/en/peremptory","/c/en/legal","/c/en/canada","/c/en/bombardier"],"weight":0.20391999999999966},"num_concepts_raised":26816},{"base_id":706,"kind":"top_words","i1":3,"i2":7,"sol":{"path":["/c/en/peremptory","/c/en/flat","/c/en/plane","/c/en/planes"],"weight":0.20588999999999966},"num_concepts_raised":32177},{"base_id":706,"kind":"top_words","i1":3,"i2":8,"sol":{"path":["/c/en/peremptory","/c/en/absolute","/c/en/altitude","/c/en/airplanes"],"weight":0.20496999999999957},"num_concepts_raised":33228},{"base_id":706,"kind":"top_words","i1":3,"i2":9,"sol":{"path":["/c/en/peremptory","/c/en/absolute","/c/en/condition","/c/en/soundness","/c/en/airworthiness"],"weight":0.20488999999999974},"num_concepts_raised":20158},{"base_id":706,"kind":"top_words","i1":4,"i2":5,"sol":{"path":["/c/en/bodied","/c/en/body","/c/en/church","/c/en/aisle"],"weight":0.20616999999999958},"num_concepts_raised":26682},{"base_id":706,"kind":"top_words","i1":4,"i2":6,"sol":{"path":["/c/en/bodied","/c/en/corporeal","/c/en/corporal","/c/en/bombardier"],"weight":0.20560000000000006},"num_concepts_raised":10136},{"base_id":706,"kind":"top_words","i1":4,"i2":7,"sol":{"path":["/c/en/bodied","/c/th/กบ","/c/en/plane","/c/en/planes"],"weight":0.20535000000000003},"num_concepts_raised":15699},{"base_id":706,"kind":"top_words","i1":4,"i2":8,"sol":{"path":["/c/en/bodied","/c/en/body","/c/en/lift","/c/en/airplane","/c/en/airplanes"],"weight":0.2057799999999999},"num_concepts_raised":16668},{"base_id":706,"kind":"top_words","i1":4,"i2":9,"sol":{"path":["/c/en/bodied","/c/en/body","/c/en/solidity","/c/en/soundness","/c/en/airworthiness"],"weight":0.20444000000000007},"num_concepts_raised":3404},{"base_id":706,"kind":"top_words","i1":5,"i2":6,"sol":{"path":["/c/en/aisle","/c/en/wing","/c/en/corporal","/c/en/bombardier"],"weight":0.2058399999999994},"num_concepts_raised":30347},{"base_id":706,"kind":"top_words","i1":5,"i2":7,"sol":{"path":["/c/en/aisle","/c/en/aisles","/c/en/plane","/c/en/planes"],"weight":0.2077599999999994},"num_concepts_raised":35468},{"base_id":706,"kind":"top_words","i1":5,"i2":8,"sol":{"path":["/c/en/aisle","/c/en/wing","/c/en/airplanes"],"weight":0.202},"num_concepts_raised":230},{"base_id":706,"kind":"top_words","i1":5,"i2":9,"sol":{"path":["/c/en/aisle","/c/en/path","/c/fr/cours","/c/fr/navigabilité","/c/en/airworthiness"],"weight":0.20587999999999945},"num_concepts_raised":23900},{"base_id":706,"kind":"top_words","i1":6,"i2":7,"sol":{"path":["/c/en/bombardier","/c/en/vehicle","/c/en/plane","/c/en/planes"],"weight":0.20529999999999982},"num_concepts_raised":19260},{"base_id":706,"kind":"top_words","i1":6,"i2":8,"sol":{"path":["/c/en/bombardier","/c/en/bomb","/c/en/airplanes"],"weight":0.202},"num_concepts_raised":99},{"base_id":706,"kind":"top_words","i1":6,"i2":9,"sol":{"path":["/c/en/bombardier","/c/en/ski","/c/en/aviation","/c/de/flugtauglichkeit","/c/en/airworthiness"],"weight":0.2041699999999999},"num_concepts_raised":7141},{"base_id":706,"kind":"top_words","i1":7,"i2":8,"sol":{"path":["/c/en/planes","/c/en/fly","/c/en/airplanes"],"weight":0.203},"num_concepts_raised":84},{"base_id":706,"kind":"top_words","i1":7,"i2":9,"sol":{"path":["/c/en/planes","/c/en/plane","/c/fr/naviguer","/c/fr/navigabilité","/c/en/airworthiness"],"weight":0.2062899999999999},"num_concepts_raised":12751},{"base_id":706,"kind":"top_words","i1":8,"i2":9,"sol":{"path":["/c/en/airplanes","/c/en/fly","/c/en/unairworthy","/c/en/airworthy","/c/en/airworthiness"],"weight":0.2045099999999998},"num_concepts_raised":13736}]]