[[{"base_id":56,"kind":"bot_words","i1":0,"i2":1,"sol":{"path":["/c/en/sportswoman","/c/en/sport","/c/en/plant","/c/en/konjac"],"weight":0.2083199999999999},"num_concepts_raised":17728},{"base_id":56,"kind":"bot_words","i1":0,"i2":2,"sol":{"path":["/c/en/sportswoman","/c/en/uk","/c/en/cue","/c/en/prompt"],"weight":0.20818999999999918},"num_concepts_raised":60506},{"base_id":56,"kind":"bot_words","i1":0,"i2":3,"sol":{"path":["/c/en/sportswoman","/c/en/uk","/c/en/star","/c/en/polaris"],"weight":0.21260000000000007},"num_concepts_raised":14232},{"base_id":56,"kind":"bot_words","i1":0,"i2":4,"sol":{"path":["/c/en/sportswoman","/c/en/sport","/c/en/crowd","/c/en/spectators"],"weight":0.20330999999999988},"num_concepts_raised":14410},{"base_id":56,"kind":"bot_words","i1":0,"i2":5,"sol":{"path":["/c/en/sportswoman","/c/en/sport","/c/en/pass","/c/en/happen"],"weight":0.22246999999999847},"num_concepts_raised":70476},{"base_id":56,"kind":"bot_words","i1":0,"i2":6,"sol":{"path":["/c/en/sportswoman","/c/en/sport","/c/en/baseball","/c/en/line","/c/en/hotline"],"weight":0.20454999999999998},"num_concepts_raised":17530},{"base_id":56,"kind":"bot_words","i1":0,"i2":7,"sol":{"path":["/c/en/sportswoman","/c/en/sport","/c/en/slang","/c/en/commie"],"weight":0.20459},"num_concepts_raised":40112},{"base_id":56,"kind":"bot_words","i1":0,"i2":8,"sol":{"path":["/c/en/sportswoman","/c/en/sport","/c/en/swordsman","/c/en/enthusiastic","/c/en/enthusiastically"],"weight":0.20630999999999988},"num_concepts_raised":12918},{"base_id":56,"kind":"bot_words","i1":0,"i2":9,"sol":{"path":["/c/en/sportswoman","/c/en/sport","/c/en/box","/c/en/toothpick"],"weight":0.21149000000000018},"num_concepts_raised":23279},{"base_id":56,"kind":"bot_words","i1":1,"i2":2,"sol":{"path":["/c/en/konjac","/c/en/plant","/c/en/quick","/c/en/prompt"],"weight":0.21269999999999903},"num_concepts_raised":58152},{"base_id":56,"kind":"bot_words","i1":1,"i2":3,"sol":{"path":["/c/en/konjac","/c/en/plant","/c/en/submarine","/c/en/polaris"],"weight":0.21512999999999993},"num_concepts_raised":11375},{"base_id":56,"kind":"bot_words","i1":1,"i2":4,"sol":{"path":["/c/en/konjac","/c/en/plant","/c/en/audience","/c/en/spectators"],"weight":0.20806999999999976},"num_concepts_raised":11596},{"base_id":56,"kind":"bot_words","i1":1,"i2":5,"sol":{"path":["/c/en/konjac","/c/en/plant","/c/en/biennial","/c/en/happen"],"weight":0.22429999999999833},"num_concepts_raised":68019},{"base_id":56,"kind":"bot_words","i1":1,"i2":6,"sol":{"path":["/c/en/konjac","/c/en/plant","/c/en/string","/c/en/line","/c/en/hotline"],"weight":0.2091799999999998},"num_concepts_raised":14748},{"base_id":56,"kind":"bot_words","i1":1,"i2":7,"sol":{"path":["/c/en/konjac","/c/en/plant","/c/en/slang","/c/en/commie"],"weight":0.20919999999999983},"num_concepts_raised":38596},{"base_id":56,"kind":"bot_words","i1":1,"i2":8,"sol":{"path":["/c/en/konjac","/c/en/plant","/c/fr/mettre","/c/fr/avec","/c/en/enthusiastically"],"weight":0.20870999999999973},"num_concepts_raised":10046},{"base_id":56,"kind":"bot_words","i1":1,"i2":9,"sol":{"path":["/c/en/konjac","/c/en/plant","/c/en/pick","/c/en/toothpick"],"weight":0.22015},"num_concepts_raised":20536},{"base_id":56,"kind":"bot_words","i1":2,"i2":3,"sol":{"path":["/c/en/prompt","/c/en/lead","/c/en/star","/c/en/polaris"],"weight":0.21650999999999918},"num_concepts_raised":54673},{"base_id":56,"kind":"bot_words","i1":2,"i2":4,"sol":{"path":["/c/en/prompt","/c/en/theater","/c/en/audience","/c/en/spectators"],"weight":0.207189999999999},"num_concepts_raised":54566},{"base_id":56,"kind":"bot_words","i1":2,"i2":5,"sol":{"path":["/c/en/prompt","/c/en/cause","/c/en/happen"],"weight":0.20400000000000001},"num_concepts_raised":1128},{"base_id":56,"kind":"bot_words","i1":2,"i2":6,"sol":{"path":["/c/en/prompt","/c/yi/באלדיק","/c/en/immediate","/c/en/hotline"],"weight":0.20822999999999908},"num_concepts_raised":57483},{"base_id":56,"kind":"bot_words","i1":2,"i2":7,"sol":{"path":["/c/en/prompt","/c/en/computing","/c/en/commie"],"weight":0.202},"num_concepts_raised":374},{"base_id":56,"kind":"bot_words","i1":2,"i2":8,"sol":{"path":["/c/en/prompt","/c/en/cue","/c/en/work_room","/c/en/enthusiastically"],"weight":0.208689999999999},"num_concepts_raised":53312},{"base_id":56,"kind":"bot_words","i1":2,"i2":9,"sol":{"path":["/c/en/prompt","/c/en/person","/c/es/palillo","/c/en/toothpick"],"weight":0.21719999999999928},"num_concepts_raised":63283},{"base_id":56,"kind":"bot_words","i1":3,"i2":4,"sol":{"path":["/c/en/polaris","/c/en/pole_star","/c/en/guide","/c/en/show","/c/en/spectators"],"weight":0.2165999999999999},"num_concepts_raised":8102},{"base_id":56,"kind":"bot_words","i1":3,"i2":5,"sol":{"path":["/c/en/polaris","/c/en/star","/c/en/appear","/c/en/happen"],"weight":0.2291399999999985},"num_concepts_raised":64628},{"base_id":56,"kind":"bot_words","i1":3,"i2":6,"sol":{"path":["/c/en/polaris","/c/en/north_star","/c/en/canada","/c/en/emergency","/c/en/hotline"],"weight":0.21445999999999998},"num_concepts_raised":11263},{"base_id":56,"kind":"bot_words","i1":3,"i2":7,"sol":{"path":["/c/en/polaris","/c/en/north_star","/c/en/australia","/c/en/commie"],"weight":0.21449000000000001},"num_concepts_raised":35159},{"base_id":56,"kind":"bot_words","i1":3,"i2":8,"sol":{"path":["/c/en/polaris","/c/en/star","/c/en/sky","/c/en/sky_high","/c/en/enthusiastically"],"weight":0.2131999999999999},"num_concepts_raised":6547},{"base_id":56,"kind":"bot_words","i1":3,"i2":9,"sol":{"path":["/c/en/polaris","/c/en/star","/c/en/pointy","/c/en/toothpick"],"weight":0.22059000000000017},"num_concepts_raised":17146},{"base_id":56,"kind":"bot_words","i1":4,"i2":5,"sol":{"path":["/c/en/spectators","/c/en/audience","/c/en/happening","/c/en/happen"],"weight":0.22158999999999834},"num_concepts_raised":64404},{"base_id":56,"kind":"bot_words","i1":4,"i2":6,"sol":{"path":["/c/en/spectators","/c/la/circus","/c/en/line","/c/en/hotline"],"weight":0.2040399999999998},"num_concepts_raised":11433},{"base_id":56,"kind":"bot_words","i1":4,"i2":7,"sol":{"path":["/c/en/spectators","/c/en/crowd","/c/en/army","/c/en/commie"],"weight":0.20306999999999983},"num_concepts_raised":35262},{"base_id":56,"kind":"bot_words","i1":4,"i2":8,"sol":{"path":["/c/en/spectators","/c/en/audience","/c/en/work_room","/c/en/enthusiastically"],"weight":0.20381999999999972},"num_concepts_raised":6751},{"base_id":56,"kind":"bot_words","i1":4,"i2":9,"sol":{"path":["/c/en/spectators","/c/en/audience","/c/en/box","/c/en/toothpick"],"weight":0.21122000000000002},"num_concepts_raised":17310},{"base_id":56,"kind":"bot_words","i1":5,"i2":6,"sol":{"path":["/c/en/happen","/c/en/break","/c/en/line","/c/en/hotline"],"weight":0.22077999999999842},"num_concepts_raised":67429},{"base_id":56,"kind":"bot_words","i1":5,"i2":7,"sol":{"path":["/c/en/happen","/c/en/pass","/c/en/slang","/c/en/commie"],"weight":0.22351999999999841},"num_concepts_raised":90414},{"base_id":56,"kind":"bot_words","i1":5,"i2":8,"sol":{"path":["/c/en/happen","/c/en/chance","/c/en/jump_at","/c/en/enthusiastically"],"weight":0.2245799999999983},"num_concepts_raised":63254},{"base_id":56,"kind":"bot_words","i1":5,"i2":9,"sol":{"path":["/c/en/happen","/c/es/pasar","/c/en/food","/c/en/toothpick"],"weight":0.2317599999999986},"num_concepts_raised":73143},{"base_id":56,"kind":"bot_words","i1":6,"i2":7,"sol":{"path":["/c/en/hotline","/c/en/line","/c/en/slang","/c/en/commie"],"weight":0.20541999999999994},"num_concepts_raised":38226},{"base_id":56,"kind":"bot_words","i1":6,"i2":8,"sol":{"path":["/c/en/hotline","/c/en/hot","/c/en/eager","/c/en/enthusiastic","/c/en/enthusiastically"],"weight":0.20614999999999978},"num_concepts_raised":9918},{"base_id":56,"kind":"bot_words","i1":6,"i2":9,"sol":{"path":["/c/en/hotline","/c/en/support","/c/en/stick","/c/en/toothpick"],"weight":0.2113000000000001},"num_concepts_raised":20308},{"base_id":56,"kind":"bot_words","i1":7,"i2":8,"sol":{"path":["/c/en/commie","/c/en/slang","/c/en/wreck_shop","/c/en/enthusiastically"],"weight":0.20493999999999982},"num_concepts_raised":33843},{"base_id":56,"kind":"bot_words","i1":7,"i2":9,"sol":{"path":["/c/en/commie","/c/en/slang","/c/en/mouth","/c/en/toothpick"],"weight":0.2125000000000001},"num_concepts_raised":43810},{"base_id":56,"kind":"bot_words","i1":8,"i2":9,"sol":{"path":["/c/en/enthusiastically","/c/zh/鼓吹","/c/en/music","/c/en/pick","/c/en/toothpick"],"weight":0.21591999999999997},"num_concepts_raised":15827}],[{"base_id":56,"kind":"top_words","i1":0,"i2":1,"sol":{"path":["/c/en/cowry","/c/zh/寶貝","/c/en/literary","/c/en/utterance","/c/en/ahem"],"weight":0.2103799999999999},"num_concepts_raised":3307},{"base_id":56,"kind":"top_words","i1":0,"i2":2,"sol":{"path":["/c/en/cowry","/c/hi/कौड़ी","/c/en/amount","/c/en/whole","/c/en/undivided"],"weight":0.21386999999999984},"num_concepts_raised":5119},{"base_id":56,"kind":"top_words","i1":0,"i2":3,"sol":{"path":["/c/en/cowry","/c/fr/cauri","/c/fr/zoologie","/c/fr/torpeur","/c/en/listlessness"],"weight":0.21062999999999976},"num_concepts_raised":2383},{"base_id":56,"kind":"top_words","i1":0,"i2":4,"sol":{"path":["/c/en/cowry","/c/hi/कौड़ी","/c/en/shell","/c/en/plant","/c/en/myrica"],"weight":0.21767999999999985},"num_concepts_raised":18805},{"base_id":56,"kind":"top_words","i1":0,"i2":5,"sol":{"path":["/c/en/cowry","/c/zh/寶貝","/c/en/person","/c/en/virus","/c/en/parvovirus"],"weight":0.2113099999999999},"num_concepts_raised":5671},{"base_id":56,"kind":"top_words","i1":0,"i2":6,"sol":{"path":["/c/en/cowry","/c/hi/कौड़ी","/c/en/historical","/c/en/cloff","/c/en/tare"],"weight":0.2147399999999998},"num_concepts_raised":21748},{"base_id":56,"kind":"top_words","i1":0,"i2":7,"sol":{"path":["/c/en/cowry","/c/hi/कौड़ी","/c/en/money","/c/en/material","/c/en/fiber"],"weight":0.22133999999999893},"num_concepts_raised":41625},{"base_id":56,"kind":"top_words","i1":0,"i2":8,"sol":{"path":["/c/en/cowry","/c/en/mollusc","/c/en/shellfish","/c/en/scaup"],"weight":0.20830999999999994},"num_concepts_raised":4120},{"base_id":56,"kind":"top_words","i1":0,"i2":9,"sol":{"path":["/c/en/cowry","/c/zh/寶貝","/c/en/person","/c/en/convertible","/c/en/adaptable"],"weight":0.21285000000000004},"num_concepts_raised":2698},{"base_id":56,"kind":"top_words","i1":1,"i2":2,"sol":{"path":["/c/en/ahem","/c/en/attention","/c/zh/面壁","/c/en/undivided"],"weight":0.20331999999999983},"num_concepts_raised":7444},{"base_id":56,"kind":"top_words","i1":1,"i2":3,"sol":{"path":["/c/en/ahem","/c/en/attention","/c/en/inattentive","/c/en/listless","/c/en/listlessness"],"weight":0.2042199999999998},"num_concepts_raised":4691},{"base_id":56,"kind":"top_words","i1":1,"i2":4,"sol":{"path":["/c/en/ahem","/c/en/hem","/c/en/box","/c/en/tree","/c/en/myrica"],"weight":0.20920999999999987},"num_concepts_raised":21137},{"base_id":56,"kind":"top_words","i1":1,"i2":5,"sol":{"path":["/c/en/ahem","/c/en/annoy","/c/en/disease","/c/en/virus","/c/en/parvovirus"],"weight":0.20394999999999994},"num_concepts_raised":8009},{"base_id":56,"kind":"top_words","i1":1,"i2":6,"sol":{"path":["/c/en/ahem","/c/en/attention","/c/en/take_into_account","/c/en/tare"],"weight":0.2042799999999998},"num_concepts_raised":24040},{"base_id":56,"kind":"top_words","i1":1,"i2":7,"sol":{"path":["/c/en/ahem","/c/en/hem","/c/en/fabric","/c/en/fiber"],"weight":0.21296999999999894},"num_concepts_raised":43877},{"base_id":56,"kind":"top_words","i1":1,"i2":8,"sol":{"path":["/c/en/ahem","/c/en/hem","/c/en/fabric","/c/en/duck","/c/en/scaup"],"weight":0.20405999999999996},"num_concepts_raised":6470},{"base_id":56,"kind":"top_words","i1":1,"i2":9,"sol":{"path":["/c/en/ahem","/c/en/attention","/c/en/suit","/c/en/adapt","/c/en/adaptable"],"weight":0.2059100000000001},"num_concepts_raised":5033},{"base_id":56,"kind":"top_words","i1":2,"i2":3,"sol":{"path":["/c/en/undivided","/c/en/exclusive","/c/la/ex","/c/en/emotion","/c/en/listlessness"],"weight":0.2045699999999997},"num_concepts_raised":6528},{"base_id":56,"kind":"top_words","i1":2,"i2":4,"sol":{"path":["/c/en/undivided","/c/en/simple_leaf","/c/en/botany","/c/en/myrica"],"weight":0.20838999999999974},"num_concepts_raised":22860},{"base_id":56,"kind":"top_words","i1":2,"i2":5,"sol":{"path":["/c/en/undivided","/c/en/whole","/c/en/body","/c/en/virus","/c/en/parvovirus"],"weight":0.20538999999999985},"num_concepts_raised":9813},{"base_id":56,"kind":"top_words","i1":2,"i2":6,"sol":{"path":["/c/en/undivided","/c/en/whole","/c/en/gross","/c/en/tare"],"weight":0.20577999999999969},"num_concepts_raised":25688},{"base_id":56,"kind":"top_words","i1":2,"i2":7,"sol":{"path":["/c/en/undivided","/c/en/individual","/c/en/character","/c/en/fiber"],"weight":0.21421999999999886},"num_concepts_raised":45424},{"base_id":56,"kind":"top_words","i1":2,"i2":8,"sol":{"path":["/c/en/undivided","/c/en/individual","/c/en/head","/c/en/scalp","/c/en/scaup"],"weight":0.20544999999999985},"num_concepts_raised":8271},{"base_id":56,"kind":"top_words","i1":2,"i2":9,"sol":{"path":["/c/en/undivided","/c/en/individual","/c/en/adaptive","/c/en/adaptable"],"weight":0.20620999999999995},"num_concepts_raised":6805},{"base_id":56,"kind":"top_words","i1":3,"i2":4,"sol":{"path":["/c/en/listlessness","/c/en/listless","/c/en/energy","/c/en/plant","/c/en/myrica"],"weight":0.20937999999999968},"num_concepts_raised":20226},{"base_id":56,"kind":"top_words","i1":3,"i2":5,"sol":{"path":["/c/en/listlessness","/c/en/languor","/c/en/disease","/c/en/virus","/c/en/parvovirus"],"weight":0.20422999999999977},"num_concepts_raised":7089},{"base_id":56,"kind":"top_words","i1":3,"i2":6,"sol":{"path":["/c/en/listlessness","/c/en/vacuity","/c/en/empty","/c/en/tare"],"weight":0.20447999999999963},"num_concepts_raised":23126},{"base_id":56,"kind":"top_words","i1":3,"i2":7,"sol":{"path":["/c/en/listlessness","/c/en/emotion","/c/en/resolve","/c/en/fiber"],"weight":0.2118999999999988},"num_concepts_raised":42980},{"base_id":56,"kind":"top_words","i1":3,"i2":8,"sol":{"path":["/c/en/listlessness","/c/en/lethargy","/c/en/fog","/c/en/scotland","/c/en/scaup"],"weight":0.2032799999999998},"num_concepts_raised":5553},{"base_id":56,"kind":"top_words","i1":3,"i2":9,"sol":{"path":["/c/en/listlessness","/c/en/emotion","/c/en/fit","/c/en/adapt","/c/en/adaptable"],"weight":0.2062099999999999},"num_concepts_raised":4110},{"base_id":56,"kind":"top_words","i1":4,"i2":5,"sol":{"path":["/c/en/myrica","/c/en/genus","/c/en/parvovirus"],"weight":0.20400000000000001},"num_concepts_raised":61},{"base_id":56,"kind":"top_words","i1":4,"i2":6,"sol":{"path":["/c/en/myrica","/c/en/plant","/c/en/food","/c/en/tare"],"weight":0.20953999999999973},"num_concepts_raised":39272},{"base_id":56,"kind":"top_words","i1":4,"i2":7,"sol":{"path":["/c/en/myrica","/c/en/plant","/c/en/string","/c/en/fiber"],"weight":0.21740999999999888},"num_concepts_raised":58442},{"base_id":56,"kind":"top_words","i1":4,"i2":8,"sol":{"path":["/c/en/myrica","/c/en/genus","/c/en/bluebill","/c/en/scaup"],"weight":0.2091599999999999},"num_concepts_raised":21922},{"base_id":56,"kind":"top_words","i1":4,"i2":9,"sol":{"path":["/c/en/myrica","/c/en/plant","/c/en/domesticate","/c/en/adapt","/c/en/adaptable"],"weight":0.2111},"num_concepts_raised":20517},{"base_id":56,"kind":"top_words","i1":5,"i2":6,"sol":{"path":["/c/en/parvovirus","/c/en/virus","/c/en/computing","/c/en/zero","/c/en/tare"],"weight":0.2062399999999998},"num_concepts_raised":26391},{"base_id":56,"kind":"top_words","i1":5,"i2":7,"sol":{"path":["/c/en/parvovirus","/c/en/virus","/c/en/computing","/c/en/fiber"],"weight":0.21275999999999895},"num_concepts_raised":46126},{"base_id":56,"kind":"top_words","i1":5,"i2":8,"sol":{"path":["/c/en/parvovirus","/c/en/genus","/c/en/bluebill","/c/en/scaup"],"weight":0.20395999999999995},"num_concepts_raised":8830},{"base_id":56,"kind":"top_words","i1":5,"i2":9,"sol":{"path":["/c/en/parvovirus","/c/en/virus","/c/en/vector","/c/en/variable","/c/en/adaptable"],"weight":0.20647000000000004},"num_concepts_raised":7392},{"base_id":56,"kind":"top_words","i1":6,"i2":7,"sol":{"path":["/c/en/tare","/c/en/net","/c/en/cord","/c/en/fiber"],"weight":0.2152299999999988},"num_concepts_raised":61034},{"base_id":56,"kind":"top_words","i1":6,"i2":8,"sol":{"path":["/c/en/tare","/c/en/zero","/c/en/duck","/c/en/scaup"],"weight":0.20535999999999982},"num_concepts_raised":24689},{"base_id":56,"kind":"top_words","i1":6,"i2":9,"sol":{"path":["/c/en/tare","/c/en/zero","/c/en/variable","/c/en/adaptable"],"weight":0.20780999999999994},"num_concepts_raised":23427},{"base_id":56,"kind":"top_words","i1":7,"i2":8,"sol":{"path":["/c/en/fiber","/c/en/solid_object","/c/en/scalp","/c/en/scaup"],"weight":0.21370999999999898},"num_concepts_raised":44585},{"base_id":56,"kind":"top_words","i1":7,"i2":9,"sol":{"path":["/c/en/fiber","/c/en/mathematics","/c/en/variable","/c/en/adaptable"],"weight":0.21435999999999908},"num_concepts_raised":43104},{"base_id":56,"kind":"top_words","i1":8,"i2":9,"sol":{"path":["/c/en/scaup","/c/en/scotland","/c/en/change","/c/en/adapt","/c/en/adaptable"],"weight":0.2059600000000001},"num_concepts_raised":5859}]]