[[{"base_id":958,"kind":"bot_words","i1":0,"i2":1,"sol":{"path":["/c/en/overestimate","/c/en/estimate","/c/en/resection","/c/en/remove","/c/en/removable"],"weight":0.20747999999999994},"num_concepts_raised":5948},{"base_id":958,"kind":"bot_words","i1":0,"i2":2,"sol":{"path":["/c/en/overestimate","/c/en/estimate","/c/en/calculation","/c/en/divide","/c/en/indivisibility"],"weight":0.20546999999999993},"num_concepts_raised":3073},{"base_id":958,"kind":"bot_words","i1":0,"i2":3,"sol":{"path":["/c/en/overestimate","/c/en/underestimate","/c/en/low","/c/en/mound","/c/en/tope"],"weight":0.20659999999999995},"num_concepts_raised":12105},{"base_id":958,"kind":"bot_words","i1":0,"i2":4,"sol":{"path":["/c/en/overestimate","/c/fr/surestimation","/c/fr/valeur","/c/fr/ducat","/c/en/ducat"],"weight":0.20800999999999994},"num_concepts_raised":11804},{"base_id":958,"kind":"bot_words","i1":0,"i2":5,"sol":{"path":["/c/en/overestimate","/c/en/underestimate","/c/en/low","/c/en/dialect","/c/en/nash"],"weight":0.20733999999999986},"num_concepts_raised":125752},{"base_id":958,"kind":"bot_words","i1":0,"i2":6,"sol":{"path":["/c/en/overestimate","/c/en/estimate","/c/en/cost","/c/en/condition","/c/en/paraplegia"],"weight":0.20629999999999996},"num_concepts_raised":9482},{"base_id":958,"kind":"bot_words","i1":0,"i2":7,"sol":{"path":["/c/en/overestimate","/c/fr/surestimer","/c/fr/estimer","/c/en/fancy","/c/en/conceited"],"weight":0.20975999999999947},"num_concepts_raised":10596},{"base_id":958,"kind":"bot_words","i1":0,"i2":8,"sol":{"path":["/c/en/overestimate","/c/en/estimate","/c/en/does","/c/en/crow","/c/en/corvid"],"weight":0.20552999999999996},"num_concepts_raised":7109},{"base_id":958,"kind":"bot_words","i1":0,"i2":9,"sol":{"path":["/c/en/overestimate","/c/fr/majorer","/c/fr/être","/c/fr/accompagnement","/c/en/accompaniment"],"weight":0.21600999999999956},"num_concepts_raised":24687},{"base_id":958,"kind":"bot_words","i1":1,"i2":2,"sol":{"path":["/c/en/removable","/c/en/remove","/c/en/division","/c/en/indivisible","/c/en/indivisibility"],"weight":0.20599999999999996},"num_concepts_raised":5383},{"base_id":958,"kind":"bot_words","i1":1,"i2":3,"sol":{"path":["/c/en/removable","/c/en/remove","/c/en/chisel","/c/ga/gearrthóir","/c/en/tope"],"weight":0.20608},"num_concepts_raised":14397},{"base_id":958,"kind":"bot_words","i1":1,"i2":4,"sol":{"path":["/c/en/removable","/c/en/jumper","/c/en/historical","/c/en/ducat"],"weight":0.20431},"num_concepts_raised":14108},{"base_id":958,"kind":"bot_words","i1":1,"i2":5,"sol":{"path":["/c/en/removable","/c/en/till","/c/en/dialect","/c/en/nash"],"weight":0.2047399999999999},"num_concepts_raised":127920},{"base_id":958,"kind":"bot_words","i1":1,"i2":6,"sol":{"path":["/c/en/removable","/c/en/permanent","/c/en/condition","/c/en/paraplegia"],"weight":0.20467},"num_concepts_raised":11795},{"base_id":958,"kind":"bot_words","i1":1,"i2":7,"sol":{"path":["/c/en/removable","/c/it/rimovibile","/c/en/detachable","/c/en/device","/c/en/conceited"],"weight":0.20831999999999956},"num_concepts_raised":12867},{"base_id":958,"kind":"bot_words","i1":1,"i2":8,"sol":{"path":["/c/en/removable","/c/en/remove","/c/en/murder","/c/en/crow","/c/en/corvid"],"weight":0.20500000000000002},"num_concepts_raised":9434},{"base_id":958,"kind":"bot_words","i1":1,"i2":9,"sol":{"path":["/c/en/removable","/c/fr/enlever","/c/fr/musique","/c/en/accompaniment"],"weight":0.2113499999999996},"num_concepts_raised":26848},{"base_id":958,"kind":"bot_words","i1":2,"i2":3,"sol":{"path":["/c/en/indivisibility","/c/en/divisibility","/c/en/quality","/c/en/drink","/c/en/tope"],"weight":0.20413},"num_concepts_raised":11566},{"base_id":958,"kind":"bot_words","i1":2,"i2":4,"sol":{"path":["/c/en/indivisibility","/c/en/indivisible","/c/en/prime","/c/en/historical","/c/en/ducat"],"weight":0.20437},"num_concepts_raised":11258},{"base_id":958,"kind":"bot_words","i1":2,"i2":5,"sol":{"path":["/c/en/indivisibility","/c/en/indivisible","/c/en/prime","/c/en/dialect","/c/en/nash"],"weight":0.2048199999999999},"num_concepts_raised":125183},{"base_id":958,"kind":"bot_words","i1":2,"i2":6,"sol":{"path":["/c/en/indivisibility","/c/en/divisibility","/c/en/quality","/c/en/condition","/c/en/paraplegia"],"weight":0.20471},"num_concepts_raised":8938},{"base_id":958,"kind":"bot_words","i1":2,"i2":7,"sol":{"path":["/c/en/indivisibility","/c/en/divisibility","/c/grc/διαίρεσισ","/c/en/rhetoric","/c/en/conceited"],"weight":0.20596999999999954},"num_concepts_raised":10062},{"base_id":958,"kind":"bot_words","i1":2,"i2":8,"sol":{"path":["/c/en/indivisibility","/c/en/divide","/c/en/music","/c/en/crow","/c/en/corvid"],"weight":0.20296000000000003},"num_concepts_raised":6562},{"base_id":958,"kind":"bot_words","i1":2,"i2":9,"sol":{"path":["/c/en/indivisibility","/c/en/divide","/c/en/music","/c/en/accompaniment"],"weight":0.2109799999999996},"num_concepts_raised":24065},{"base_id":958,"kind":"bot_words","i1":3,"i2":4,"sol":{"path":["/c/en/tope","/c/en/india","/c/en/historical","/c/en/ducat"],"weight":0.20352000000000003},"num_concepts_raised":20128},{"base_id":958,"kind":"bot_words","i1":3,"i2":5,"sol":{"path":["/c/en/tope","/c/en/tree","/c/en/hard","/c/en/nash"],"weight":0.20291999999999993},"num_concepts_raised":133952},{"base_id":958,"kind":"bot_words","i1":3,"i2":6,"sol":{"path":["/c/en/tope","/c/en/tree","/c/en/limb","/c/en/paralysis","/c/en/paraplegia"],"weight":0.20511000000000001},"num_concepts_raised":17946},{"base_id":958,"kind":"bot_words","i1":3,"i2":7,"sol":{"path":["/c/en/tope","/c/nrf/toper","/c/en/jersey","/c/nrf/ordgilleux","/c/en/conceited"],"weight":0.20708999999999955},"num_concepts_raised":19013},{"base_id":958,"kind":"bot_words","i1":3,"i2":8,"sol":{"path":["/c/en/tope","/c/en/tree","/c/en/bird","/c/en/corvid"],"weight":0.20305},"num_concepts_raised":15540},{"base_id":958,"kind":"bot_words","i1":3,"i2":9,"sol":{"path":["/c/en/tope","/c/en/tree","/c/en/ornament","/c/en/accompaniment"],"weight":0.21044999999999964},"num_concepts_raised":32967},{"base_id":958,"kind":"bot_words","i1":4,"i2":5,"sol":{"path":["/c/en/ducat","/c/en/dollar","/c/en/uk","/c/en/nash"],"weight":0.2031699999999999},"num_concepts_raised":133566},{"base_id":958,"kind":"bot_words","i1":4,"i2":6,"sol":{"path":["/c/en/ducat","/c/en/historical","/c/en/jake_leg","/c/en/paralysis","/c/en/paraplegia"],"weight":0.20535000000000003},"num_concepts_raised":17659},{"base_id":958,"kind":"bot_words","i1":4,"i2":7,"sol":{"path":["/c/en/ducat","/c/en/historical","/c/th/กําแหง","/c/en/conceited"],"weight":0.20541999999999955},"num_concepts_raised":18681},{"base_id":958,"kind":"bot_words","i1":4,"i2":8,"sol":{"path":["/c/en/ducat","/c/en/historical","/c/en/crown","/c/en/crow","/c/en/corvid"],"weight":0.20345000000000002},"num_concepts_raised":15269},{"base_id":958,"kind":"bot_words","i1":4,"i2":9,"sol":{"path":["/c/en/ducat","/c/en/historical","/c/en/minstrel","/c/en/accompaniment"],"weight":0.21071999999999963},"num_concepts_raised":32628},{"base_id":958,"kind":"bot_words","i1":5,"i2":6,"sol":{"path":["/c/en/nash","/c/en/product","/c/en/condition","/c/en/paraplegia"],"weight":0.20353999999999992},"num_concepts_raised":131541},{"base_id":958,"kind":"bot_words","i1":5,"i2":7,"sol":{"path":["/c/en/nash","/c/en/run","/c/en/snotty","/c/en/conceited"],"weight":0.20484999999999948},"num_concepts_raised":132498},{"base_id":958,"kind":"bot_words","i1":5,"i2":8,"sol":{"path":["/c/en/nash","/c/en/uk","/c/en/bird","/c/en/corvid"],"weight":0.2027299999999999},"num_concepts_raised":129177},{"base_id":958,"kind":"bot_words","i1":5,"i2":9,"sol":{"path":["/c/en/nash","/c/en/run","/c/en/music","/c/en/accompaniment"],"weight":0.21087999999999954},"num_concepts_raised":146280},{"base_id":958,"kind":"bot_words","i1":6,"i2":7,"sol":{"path":["/c/en/paraplegia","/c/zh/高位截癱","/c/en/high","/c/en/arrogant","/c/en/conceited"],"weight":0.20635999999999954},"num_concepts_raised":16447},{"base_id":958,"kind":"bot_words","i1":6,"i2":8,"sol":{"path":["/c/en/paraplegia","/c/en/pathology","/c/en/uria","/c/en/bird","/c/en/corvid"],"weight":0.20388},"num_concepts_raised":12972},{"base_id":958,"kind":"bot_words","i1":6,"i2":9,"sol":{"path":["/c/en/paraplegia","/c/en/condition","/c/en/circumstance","/c/en/accompaniment"],"weight":0.21109999999999962},"num_concepts_raised":30428},{"base_id":958,"kind":"bot_words","i1":7,"i2":8,"sol":{"path":["/c/en/conceited","/c/en/conceit","/c/en/posturing","/c/en/bird","/c/en/corvid"],"weight":0.20601999999999954},"num_concepts_raised":14071},{"base_id":958,"kind":"bot_words","i1":7,"i2":9,"sol":{"path":["/c/en/conceited","/c/en/imagination","/c/en/associate","/c/en/accompaniment"],"weight":0.21236999999999917},"num_concepts_raised":31302},{"base_id":958,"kind":"bot_words","i1":8,"i2":9,"sol":{"path":["/c/en/corvid","/c/en/crow","/c/en/music","/c/en/accompaniment"],"weight":0.21103999999999964},"num_concepts_raised":28111}],[{"base_id":958,"kind":"top_words","i1":0,"i2":1,"sol":{"path":["/c/en/bushel","/c/en/gallon","/c/en/measure","/c/en/photometer","/c/en/photometric"],"weight":0.2077499999999998},"num_concepts_raised":22054},{"base_id":958,"kind":"top_words","i1":0,"i2":2,"sol":{"path":["/c/en/bushel","/c/en/peck","/c/en/bill","/c/en/legislature","/c/en/oireachtas"],"weight":0.2119599999999998},"num_concepts_raised":22020},{"base_id":958,"kind":"top_words","i1":0,"i2":3,"sol":{"path":["/c/en/bushel","/c/en/uk","/c/en/stop","/c/en/telegram"],"weight":0.20717999999999986},"num_concepts_raised":26634},{"base_id":958,"kind":"top_words","i1":0,"i2":4,"sol":{"path":["/c/en/bushel","/c/en/quarter","/c/en/pass","/c/en/matriculation"],"weight":0.20592999999999984},"num_concepts_raised":27970},{"base_id":958,"kind":"top_words","i1":0,"i2":5,"sol":{"path":["/c/en/bushel","/c/en/wash","/c/en/spin","/c/en/backspin"],"weight":0.2069599999999998},"num_concepts_raised":37544},{"base_id":958,"kind":"top_words","i1":0,"i2":6,"sol":{"path":["/c/en/bushel","/c/fr/setier","/c/fr/lieu","/c/fr/observatoire","/c/en/observatory"],"weight":0.21913000000000016},"num_concepts_raised":25649},{"base_id":958,"kind":"top_words","i1":0,"i2":7,"sol":{"path":["/c/en/bushel","/c/en/us","/c/en/letter","/c/en/rho"],"weight":0.20509999999999984},"num_concepts_raised":26132},{"base_id":958,"kind":"top_words","i1":0,"i2":8,"sol":{"path":["/c/en/bushel","/c/en/peck","/c/en/key","/c/en/atonal"],"weight":0.2072099999999999},"num_concepts_raised":34234},{"base_id":958,"kind":"top_words","i1":0,"i2":9,"sol":{"path":["/c/en/bushel","/c/en/us","/c/en/ite","/c/en/inositol","/c/en/phosphatidylinositol"],"weight":0.20682999999999985},"num_concepts_raised":32762},{"base_id":958,"kind":"top_words","i1":1,"i2":2,"sol":{"path":["/c/en/photometric","/c/en/decimal_candle","/c/en/historical","/c/en/parliament","/c/en/oireachtas"],"weight":0.20796999999999982},"num_concepts_raised":1371},{"base_id":958,"kind":"top_words","i1":1,"i2":3,"sol":{"path":["/c/en/photometric","/c/en/photo","/c/en/wirephoto","/c/en/wire","/c/en/telegram"],"weight":0.20790999999999993},"num_concepts_raised":6167},{"base_id":958,"kind":"top_words","i1":1,"i2":4,"sol":{"path":["/c/en/photometric","/c/en/photometer","/c/en/physics","/c/en/university","/c/en/matriculation"],"weight":0.20413999999999988},"num_concepts_raised":7893},{"base_id":958,"kind":"top_words","i1":1,"i2":5,"sol":{"path":["/c/en/photometric","/c/en/photometer","/c/en/physics","/c/en/spin","/c/en/backspin"],"weight":0.20617999999999986},"num_concepts_raised":17596},{"base_id":958,"kind":"top_words","i1":1,"i2":6,"sol":{"path":["/c/en/photometric","/c/en/photometer","/c/en/astronomy","/c/de/observatorium","/c/en/observatory"],"weight":0.2140200000000002},"num_concepts_raised":5210},{"base_id":958,"kind":"top_words","i1":1,"i2":7,"sol":{"path":["/c/en/photometric","/c/en/photo","/c/en/photoinhibition","/c/en/protein","/c/en/rho"],"weight":0.20323999999999987},"num_concepts_raised":5579},{"base_id":958,"kind":"top_words","i1":1,"i2":8,"sol":{"path":["/c/en/photometric","/c/en/photometer","/c/en/instrument","/c/en/tone","/c/en/atonal"],"weight":0.20543999999999996},"num_concepts_raised":13920},{"base_id":958,"kind":"top_words","i1":1,"i2":9,"sol":{"path":["/c/en/photometric","/c/en/photometer","/c/en/light","/c/en/chemistry","/c/en/phosphatidylinositol"],"weight":0.2038799999999999},"num_concepts_raised":12141},{"base_id":958,"kind":"top_words","i1":2,"i2":3,"sol":{"path":["/c/en/oireachtas","/c/en/legislature","/c/en/assembly","/c/en/cable","/c/en/telegram"],"weight":0.21214999999999992},"num_concepts_raised":6156},{"base_id":958,"kind":"top_words","i1":2,"i2":4,"sol":{"path":["/c/en/oireachtas","/c/en/parliament","/c/en/institution","/c/en/university","/c/en/matriculation"],"weight":0.20840999999999985},"num_concepts_raised":7866},{"base_id":958,"kind":"top_words","i1":2,"i2":5,"sol":{"path":["/c/en/oireachtas","/c/en/parliament","/c/en/english","/c/en/spin","/c/en/backspin"],"weight":0.21048999999999984},"num_concepts_raised":17584},{"base_id":958,"kind":"top_words","i1":2,"i2":6,"sol":{"path":["/c/en/oireachtas","/c/en/parliament","/c/en/institution","/c/it/osservatorio","/c/en/observatory"],"weight":0.2181200000000002},"num_concepts_raised":5192},{"base_id":958,"kind":"top_words","i1":2,"i2":7,"sol":{"path":["/c/en/oireachtas","/c/en/parliament","/c/en/capital","/c/en/letter","/c/en/rho"],"weight":0.20849999999999985},"num_concepts_raised":5565},{"base_id":958,"kind":"top_words","i1":2,"i2":8,"sol":{"path":["/c/en/oireachtas","/c/en/parliament","/c/en/tenth","/c/en/tone","/c/en/atonal"],"weight":0.20968999999999993},"num_concepts_raised":13914},{"base_id":958,"kind":"top_words","i1":2,"i2":9,"sol":{"path":["/c/en/oireachtas","/c/en/parliament","/c/en/adjective","/c/en/chemistry","/c/en/phosphatidylinositol"],"weight":0.2080999999999999},"num_concepts_raised":12160},{"base_id":958,"kind":"top_words","i1":3,"i2":4,"sol":{"path":["/c/en/telegram","/c/en/wire","/c/en/scotland","/c/en/matriculation"],"weight":0.20819999999999994},"num_concepts_raised":12553},{"base_id":958,"kind":"top_words","i1":3,"i2":5,"sol":{"path":["/c/en/telegram","/c/en/stop","/c/en/backspin"],"weight":0.202},"num_concepts_raised":192},{"base_id":958,"kind":"top_words","i1":3,"i2":6,"sol":{"path":["/c/en/telegram","/c/en/wire","/c/en/device","/c/en/telescope","/c/en/observatory"],"weight":0.2179700000000003},"num_concepts_raised":9951},{"base_id":958,"kind":"top_words","i1":3,"i2":7,"sol":{"path":["/c/en/telegram","/c/en/message","/c/en/letter","/c/en/rho"],"weight":0.20701999999999998},"num_concepts_raised":10263},{"base_id":958,"kind":"top_words","i1":3,"i2":8,"sol":{"path":["/c/en/telegram","/c/en/telegraph","/c/en/key","/c/en/atonal"],"weight":0.20638000000000004},"num_concepts_raised":18569},{"base_id":958,"kind":"top_words","i1":3,"i2":9,"sol":{"path":["/c/en/telegram","/c/zh/來電","/c/en/chemistry","/c/en/phosphatidylinositol"],"weight":0.20538},"num_concepts_raised":16942},{"base_id":958,"kind":"top_words","i1":4,"i2":5,"sol":{"path":["/c/en/matriculation","/c/en/registration","/c/en/music","/c/en/backspin"],"weight":0.2045399999999999},"num_concepts_raised":23829},{"base_id":958,"kind":"top_words","i1":4,"i2":6,"sol":{"path":["/c/en/matriculation","/c/en/college","/c/en/building","/c/en/observatory"],"weight":0.21110000000000023},"num_concepts_raised":11628},{"base_id":958,"kind":"top_words","i1":4,"i2":7,"sol":{"path":["/c/en/matriculation","/c/pt/matrícula","/c/en/number","/c/en/letter","/c/en/rho"],"weight":0.2045499999999999},"num_concepts_raised":12048},{"base_id":958,"kind":"top_words","i1":4,"i2":8,"sol":{"path":["/c/en/matriculation","/c/en/registration","/c/en/music","/c/en/atonal"],"weight":0.20400999999999997},"num_concepts_raised":20298},{"base_id":958,"kind":"top_words","i1":4,"i2":9,"sol":{"path":["/c/en/matriculation","/c/en/graduate","/c/en/chemistry","/c/en/phosphatidylinositol"],"weight":0.20318999999999993},"num_concepts_raised":18646},{"base_id":958,"kind":"top_words","i1":5,"i2":6,"sol":{"path":["/c/en/backspin","/c/en/spin","/c/fr/effet","/c/fr/observatoire","/c/en/observatory"],"weight":0.2197400000000002},"num_concepts_raised":21301},{"base_id":958,"kind":"top_words","i1":5,"i2":7,"sol":{"path":["/c/en/backspin","/c/en/spin","/c/en/card","/c/en/letter","/c/en/rho"],"weight":0.20563999999999988},"num_concepts_raised":21707},{"base_id":958,"kind":"top_words","i1":5,"i2":8,"sol":{"path":["/c/en/backspin","/c/en/music","/c/en/atonal"],"weight":0.203},"num_concepts_raised":77},{"base_id":958,"kind":"top_words","i1":5,"i2":9,"sol":{"path":["/c/en/backspin","/c/en/spin","/c/es/giro","/c/en/chemistry","/c/en/phosphatidylinositol"],"weight":0.2052799999999999},"num_concepts_raised":28304},{"base_id":958,"kind":"top_words","i1":6,"i2":7,"sol":{"path":["/c/en/observatory","/c/en/telescope","/c/en/device","/c/en/letter","/c/en/rho"],"weight":0.21324000000000026},"num_concepts_raised":9394},{"base_id":958,"kind":"top_words","i1":6,"i2":8,"sol":{"path":["/c/en/observatory","/c/en/telescope","/c/en/instrument","/c/en/tone","/c/en/atonal"],"weight":0.21448000000000034},"num_concepts_raised":17689},{"base_id":958,"kind":"top_words","i1":6,"i2":9,"sol":{"path":["/c/en/observatory","/c/en/telescope","/c/en/digest","/c/en/chemistry","/c/en/phosphatidylinositol"],"weight":0.21285000000000026},"num_concepts_raised":15985},{"base_id":958,"kind":"top_words","i1":7,"i2":8,"sol":{"path":["/c/en/rho","/c/fr/rhô","/c/el/ρ","/c/en/linguistics","/c/en/atonal"],"weight":0.20584999999999998},"num_concepts_raised":18027},{"base_id":958,"kind":"top_words","i1":7,"i2":9,"sol":{"path":["/c/en/rho","/c/en/protein","/c/en/glycosylphosphatidylinositol","/c/en/inositol","/c/en/phosphatidylinositol"],"weight":0.20547999999999994},"num_concepts_raised":16323},{"base_id":958,"kind":"top_words","i1":8,"i2":9,"sol":{"path":["/c/en/atonal","/c/en/tone","/c/en/biology","/c/en/chemistry","/c/en/phosphatidylinositol"],"weight":0.20452000000000004},"num_concepts_raised":24611}]]