[[{"base_id":921,"kind":"bot_words","i1":0,"i2":1,"sol":{"path":["/c/en/zahedan","/c/en/sport","/c/en/drive","/c/en/cabriolet"],"weight":0.20855999999999983},"num_concepts_raised":12070},{"base_id":921,"kind":"bot_words","i1":0,"i2":2,"sol":{"path":["/c/en/zahedan","/c/en/education","/c/en/activity","/c/en/coven"],"weight":0.20825999999999972},"num_concepts_raised":13347},{"base_id":921,"kind":"bot_words","i1":0,"i2":3,"sol":{"path":["/c/en/zahedan","/c/en/sport","/c/en/friend","/c/en/ironic","/c/en/ironically"],"weight":0.2097799999999998},"num_concepts_raised":11899},{"base_id":921,"kind":"bot_words","i1":0,"i2":4,"sol":{"path":["/c/en/zahedan","/c/en/iran","/c/en/country","/c/en/alien","/c/en/estrangement"],"weight":0.21072999999999967},"num_concepts_raised":10576},{"base_id":921,"kind":"bot_words","i1":0,"i2":5,"sol":{"path":["/c/en/zahedan","/c/en/iran","/c/en/country","/c/en/georgia","/c/en/borjomi"],"weight":0.21528999999999976},"num_concepts_raised":9948},{"base_id":921,"kind":"bot_words","i1":0,"i2":6,"sol":{"path":["/c/en/zahedan","/c/en/sport","/c/en/plant","/c/en/henbane"],"weight":0.20909999999999976},"num_concepts_raised":25501},{"base_id":921,"kind":"bot_words","i1":0,"i2":7,"sol":{"path":["/c/en/zahedan","/c/en/city","/c/en/see","/c/en/mystical"],"weight":0.20923999999999976},"num_concepts_raised":16996},{"base_id":921,"kind":"bot_words","i1":0,"i2":8,"sol":{"path":["/c/en/zahedan","/c/en/city","/c/en/granada","/c/en/elvira"],"weight":0.21298999999999974},"num_concepts_raised":12815},{"base_id":921,"kind":"bot_words","i1":0,"i2":9,"sol":{"path":["/c/en/zahedan","/c/en/transport","/c/en/historical","/c/en/livery"],"weight":0.20929999999999954},"num_concepts_raised":44407},{"base_id":921,"kind":"bot_words","i1":1,"i2":2,"sol":{"path":["/c/en/cabriolet","/c/en/drive","/c/en/interest","/c/en/coven"],"weight":0.2035899999999999},"num_concepts_raised":8417},{"base_id":921,"kind":"bot_words","i1":1,"i2":3,"sol":{"path":["/c/en/cabriolet","/c/en/cab","/c/en/dry","/c/en/ironic","/c/en/ironically"],"weight":0.20712999999999998},"num_concepts_raised":6900},{"base_id":921,"kind":"bot_words","i1":1,"i2":4,"sol":{"path":["/c/en/cabriolet","/c/en/cab","/c/en/car","/c/en/foreign","/c/en/estrangement"],"weight":0.20598999999999987},"num_concepts_raised":5593},{"base_id":921,"kind":"bot_words","i1":1,"i2":5,"sol":{"path":["/c/en/cabriolet","/c/en/cab","/c/en/homer","/c/en/georgia","/c/en/borjomi"],"weight":0.21056999999999998},"num_concepts_raised":4971},{"base_id":921,"kind":"bot_words","i1":1,"i2":6,"sol":{"path":["/c/en/cabriolet","/c/fr/cabriolet","/c/fr/cuir","/c/en/skin","/c/en/henbane"],"weight":0.20659999999999995},"num_concepts_raised":20543},{"base_id":921,"kind":"bot_words","i1":1,"i2":7,"sol":{"path":["/c/en/cabriolet","/c/en/convertible","/c/en/person","/c/en/mystery","/c/en/mystical"],"weight":0.20705999999999997},"num_concepts_raised":12034},{"base_id":921,"kind":"bot_words","i1":1,"i2":8,"sol":{"path":["/c/en/cabriolet","/c/en/cab","/c/en/passenger","/c/en/bird","/c/en/elvira"],"weight":0.21034999999999995},"num_concepts_raised":7829},{"base_id":921,"kind":"bot_words","i1":1,"i2":9,"sol":{"path":["/c/en/cabriolet","/c/en/cab","/c/en/taxicab","/c/en/livery"],"weight":0.20665999999999973},"num_concepts_raised":39778},{"base_id":921,"kind":"bot_words","i1":2,"i2":3,"sol":{"path":["/c/en/coven","/c/en/interest","/c/zh/叫獸","/c/en/ironic","/c/en/ironically"],"weight":0.2048199999999999},"num_concepts_raised":8142},{"base_id":921,"kind":"bot_words","i1":2,"i2":4,"sol":{"path":["/c/en/coven","/c/en/interest","/c/en/law","/c/en/alienation","/c/en/estrangement"],"weight":0.20488999999999974},"num_concepts_raised":6838},{"base_id":921,"kind":"bot_words","i1":2,"i2":5,"sol":{"path":["/c/en/coven","/c/en/interest","/c/en/money","/c/en/beverage","/c/en/borjomi"],"weight":0.20823999999999987},"num_concepts_raised":6231},{"base_id":921,"kind":"bot_words","i1":2,"i2":6,"sol":{"path":["/c/en/coven","/c/nl/heksenkring","/c/fr/plantes","/c/fr/jusquiame","/c/en/henbane"],"weight":0.20625999999999986},"num_concepts_raised":21771},{"base_id":921,"kind":"bot_words","i1":2,"i2":7,"sol":{"path":["/c/en/coven","/c/fr/cabale","/c/fr/mystique","/c/en/mystical"],"weight":0.20553999999999983},"num_concepts_raised":13125},{"base_id":921,"kind":"bot_words","i1":2,"i2":8,"sol":{"path":["/c/en/coven","/c/en/witch","/c/en/fly","/c/en/bird","/c/en/elvira"],"weight":0.20906999999999984},"num_concepts_raised":9089},{"base_id":921,"kind":"bot_words","i1":2,"i2":9,"sol":{"path":["/c/en/coven","/c/en/magic","/c/en/stable","/c/en/livery"],"weight":0.20421999999999962},"num_concepts_raised":41143},{"base_id":921,"kind":"bot_words","i1":3,"i2":4,"sol":{"path":["/c/en/ironically","/c/en/manner","/c/en/action","/c/en/alienation","/c/en/estrangement"],"weight":0.20518999999999982},"num_concepts_raised":5299},{"base_id":921,"kind":"bot_words","i1":3,"i2":5,"sol":{"path":["/c/en/ironically","/c/en/irony","/c/en/proscribed","/c/hy/բորժոմի","/c/en/borjomi"],"weight":0.20971999999999996},"num_concepts_raised":4679},{"base_id":921,"kind":"bot_words","i1":3,"i2":6,"sol":{"path":["/c/en/ironically","/c/th/แซะ","/c/en/botany","/c/en/hyoscyamus","/c/en/henbane"],"weight":0.20558999999999994},"num_concepts_raised":20265},{"base_id":921,"kind":"bot_words","i1":3,"i2":7,"sol":{"path":["/c/en/ironically","/c/en/not","/c/en/bright","/c/en/mystical"],"weight":0.2044899999999999},"num_concepts_raised":11733},{"base_id":921,"kind":"bot_words","i1":3,"i2":8,"sol":{"path":["/c/en/ironically","/c/en/ironic","/c/en/friend","/c/en/bird","/c/en/elvira"],"weight":0.2094999999999999},"num_concepts_raised":7536},{"base_id":921,"kind":"bot_words","i1":3,"i2":9,"sol":{"path":["/c/en/ironically","/c/en/manner","/c/en/property","/c/en/livery"],"weight":0.2045099999999997},"num_concepts_raised":39814},{"base_id":921,"kind":"bot_words","i1":4,"i2":5,"sol":{"path":["/c/en/estrangement","/c/en/alien","/c/en/country","/c/en/georgia","/c/en/borjomi"],"weight":0.2086199999999998},"num_concepts_raised":3361},{"base_id":921,"kind":"bot_words","i1":4,"i2":6,"sol":{"path":["/c/en/estrangement","/c/en/alien","/c/en/plant","/c/en/henbane"],"weight":0.20446999999999982},"num_concepts_raised":18956},{"base_id":921,"kind":"bot_words","i1":4,"i2":7,"sol":{"path":["/c/en/estrangement","/c/en/estrange","/c/en/strange","/c/en/mystic","/c/en/mystical"],"weight":0.2073899999999998},"num_concepts_raised":10450},{"base_id":921,"kind":"bot_words","i1":4,"i2":8,"sol":{"path":["/c/en/estrangement","/c/en/alien","/c/en/human","/c/en/bird","/c/en/elvira"],"weight":0.20836999999999978},"num_concepts_raised":6221},{"base_id":921,"kind":"bot_words","i1":4,"i2":9,"sol":{"path":["/c/en/estrangement","/c/en/alien","/c/en/legal","/c/en/livery"],"weight":0.20460999999999957},"num_concepts_raised":38534},{"base_id":921,"kind":"bot_words","i1":5,"i2":6,"sol":{"path":["/c/en/borjomi","/c/hy/բորժոմի","/c/en/proscribed","/c/en/plant","/c/en/henbane"],"weight":0.20908999999999994},"num_concepts_raised":18328},{"base_id":921,"kind":"bot_words","i1":5,"i2":7,"sol":{"path":["/c/en/borjomi","/c/en/beverage","/c/en/thing","/c/en/mystique","/c/en/mystical"],"weight":0.20925999999999992},"num_concepts_raised":9828},{"base_id":921,"kind":"bot_words","i1":5,"i2":8,"sol":{"path":["/c/en/borjomi","/c/en/georgia","/c/en/lari","/c/en/bird","/c/en/elvira"],"weight":0.2129399999999999},"num_concepts_raised":5598},{"base_id":921,"kind":"bot_words","i1":5,"i2":9,"sol":{"path":["/c/en/borjomi","/c/en/georgia","/c/en/tiger","/c/en/livery"],"weight":0.2091699999999997},"num_concepts_raised":37957},{"base_id":921,"kind":"bot_words","i1":6,"i2":7,"sol":{"path":["/c/en/henbane","/c/en/plant","/c/ja/霊草","/c/en/mystical"],"weight":0.20502999999999988},"num_concepts_raised":25357},{"base_id":921,"kind":"bot_words","i1":6,"i2":8,"sol":{"path":["/c/en/henbane","/c/en/hen","/c/en/bird","/c/en/elvira"],"weight":0.20873999999999987},"num_concepts_raised":21138},{"base_id":921,"kind":"bot_words","i1":6,"i2":9,"sol":{"path":["/c/en/henbane","/c/en/plant","/c/en/us","/c/en/livery"],"weight":0.20504999999999968},"num_concepts_raised":53148},{"base_id":921,"kind":"bot_words","i1":7,"i2":8,"sol":{"path":["/c/en/mystical","/c/en/mystery","/c/en/time","/c/en/bird","/c/en/elvira"],"weight":0.21018999999999988},"num_concepts_raised":12689},{"base_id":921,"kind":"bot_words","i1":7,"i2":9,"sol":{"path":["/c/en/mystical","/c/en/spiritual","/c/en/historical","/c/en/livery"],"weight":0.20523999999999964},"num_concepts_raised":44849},{"base_id":921,"kind":"bot_words","i1":8,"i2":9,"sol":{"path":["/c/en/elvira","/c/en/bird","/c/en/us","/c/en/livery"],"weight":0.20892999999999964},"num_concepts_raised":40766}],[{"base_id":921,"kind":"top_words","i1":0,"i2":1,"sol":{"path":["/c/en/paratha","/c/en/food","/c/en/zabaione","/c/en/zabaglione"],"weight":0.20901},"num_concepts_raised":12038},{"base_id":921,"kind":"top_words","i1":0,"i2":2,"sol":{"path":["/c/en/paratha","/c/en/chapati"],"weight":0.20600000000000002},"num_concepts_raised":86},{"base_id":921,"kind":"top_words","i1":0,"i2":3,"sol":{"path":["/c/en/paratha","/c/en/food","/c/en/tagliatelle"],"weight":0.20600000000000002},"num_concepts_raised":93},{"base_id":921,"kind":"top_words","i1":0,"i2":4,"sol":{"path":["/c/en/paratha","/c/en/food","/c/en/pâté"],"weight":0.20600000000000002},"num_concepts_raised":111},{"base_id":921,"kind":"top_words","i1":0,"i2":5,"sol":{"path":["/c/en/paratha","/c/en/food","/c/en/farfalle"],"weight":0.20600000000000002},"num_concepts_raised":69},{"base_id":921,"kind":"top_words","i1":0,"i2":6,"sol":{"path":["/c/en/paratha","/c/en/food","/c/en/lavash"],"weight":0.20600000000000002},"num_concepts_raised":96},{"base_id":921,"kind":"top_words","i1":0,"i2":7,"sol":{"path":["/c/en/paratha","/c/en/food","/c/en/cannelloni"],"weight":0.20600000000000002},"num_concepts_raised":80},{"base_id":921,"kind":"top_words","i1":0,"i2":8,"sol":{"path":["/c/en/paratha","/c/en/food","/c/en/wheat","/c/en/semolina"],"weight":0.21087},"num_concepts_raised":10218},{"base_id":921,"kind":"top_words","i1":0,"i2":9,"sol":{"path":["/c/en/paratha","/c/en/food","/c/en/chicken","/c/en/escabeche"],"weight":0.20842},"num_concepts_raised":12361},{"base_id":921,"kind":"top_words","i1":1,"i2":2,"sol":{"path":["/c/en/zabaglione","/c/en/zabaione","/c/en/food","/c/en/chapati"],"weight":0.20886999999999983},"num_concepts_raised":12658},{"base_id":921,"kind":"top_words","i1":1,"i2":3,"sol":{"path":["/c/en/zabaglione","/c/en/egg","/c/en/pasta","/c/en/tagliatelle"],"weight":0.21100999999999992},"num_concepts_raised":9831},{"base_id":921,"kind":"top_words","i1":1,"i2":4,"sol":{"path":["/c/en/zabaglione","/c/fr/cuisine","/c/cs/paštika","/c/en/pâté"],"weight":0.21164000000000008},"num_concepts_raised":16781},{"base_id":921,"kind":"top_words","i1":1,"i2":5,"sol":{"path":["/c/en/zabaglione","/c/en/egg","/c/en/pasta","/c/en/farfalle"],"weight":0.21032999999999985},"num_concepts_raised":9265},{"base_id":921,"kind":"top_words","i1":1,"i2":6,"sol":{"path":["/c/en/zabaglione","/c/en/zabaione","/c/en/food","/c/en/lavash"],"weight":0.20927},"num_concepts_raised":9111},{"base_id":921,"kind":"top_words","i1":1,"i2":7,"sol":{"path":["/c/en/zabaglione","/c/fr/cuisine","/c/it/cannelloni","/c/en/cannelloni"],"weight":0.2126099999999999},"num_concepts_raised":10699},{"base_id":921,"kind":"top_words","i1":1,"i2":8,"sol":{"path":["/c/en/zabaglione","/c/la/sabaia","/c/en/wheat","/c/en/semolina"],"weight":0.20546999999999993},"num_concepts_raised":8831},{"base_id":921,"kind":"top_words","i1":1,"i2":9,"sol":{"path":["/c/en/zabaglione","/c/fr/cuisine","/c/en/ceviche","/c/en/escabeche"],"weight":0.2041599999999999},"num_concepts_raised":10749},{"base_id":921,"kind":"top_words","i1":2,"i2":3,"sol":{"path":["/c/en/chapati","/c/en/food","/c/en/tagliatelle"],"weight":0.20600000000000002},"num_concepts_raised":99},{"base_id":921,"kind":"top_words","i1":2,"i2":4,"sol":{"path":["/c/en/chapati","/c/en/food","/c/en/pâté"],"weight":0.20600000000000002},"num_concepts_raised":118},{"base_id":921,"kind":"top_words","i1":2,"i2":5,"sol":{"path":["/c/en/chapati","/c/en/food","/c/en/farfalle"],"weight":0.20600000000000002},"num_concepts_raised":75},{"base_id":921,"kind":"top_words","i1":2,"i2":6,"sol":{"path":["/c/en/chapati","/c/en/flatbread","/c/en/lavash"],"weight":0.20700000000000002},"num_concepts_raised":101},{"base_id":921,"kind":"top_words","i1":2,"i2":7,"sol":{"path":["/c/en/chapati","/c/en/food","/c/en/cannelloni"],"weight":0.20600000000000002},"num_concepts_raised":86},{"base_id":921,"kind":"top_words","i1":2,"i2":8,"sol":{"path":["/c/en/chapati","/c/en/chapatti","/c/en/flour","/c/en/semolina"],"weight":0.21162999999999985},"num_concepts_raised":10830},{"base_id":921,"kind":"top_words","i1":2,"i2":9,"sol":{"path":["/c/en/chapati","/c/en/food","/c/en/chicken","/c/en/escabeche"],"weight":0.20825999999999983},"num_concepts_raised":12973},{"base_id":921,"kind":"top_words","i1":3,"i2":4,"sol":{"path":["/c/en/tagliatelle","/c/en/food","/c/en/pâté"],"weight":0.20600000000000002},"num_concepts_raised":122},{"base_id":921,"kind":"top_words","i1":3,"i2":5,"sol":{"path":["/c/en/tagliatelle","/c/en/pasta","/c/en/farfalle"],"weight":0.20800000000000002},"num_concepts_raised":78},{"base_id":921,"kind":"top_words","i1":3,"i2":6,"sol":{"path":["/c/en/tagliatelle","/c/en/food","/c/en/lavash"],"weight":0.20600000000000002},"num_concepts_raised":106},{"base_id":921,"kind":"top_words","i1":3,"i2":7,"sol":{"path":["/c/en/tagliatelle","/c/en/pasta","/c/en/cannelloni"],"weight":0.20700000000000002},"num_concepts_raised":89},{"base_id":921,"kind":"top_words","i1":3,"i2":8,"sol":{"path":["/c/en/tagliatelle","/c/en/pasta","/c/en/wheat","/c/en/semolina"],"weight":0.2129799999999999},"num_concepts_raised":8038},{"base_id":921,"kind":"top_words","i1":3,"i2":9,"sol":{"path":["/c/en/tagliatelle","/c/en/food","/c/en/chicken","/c/en/escabeche"],"weight":0.2084499999999999},"num_concepts_raised":10150},{"base_id":921,"kind":"top_words","i1":4,"i2":5,"sol":{"path":["/c/en/pâté","/c/en/food","/c/en/farfalle"],"weight":0.20600000000000002},"num_concepts_raised":98},{"base_id":921,"kind":"top_words","i1":4,"i2":6,"sol":{"path":["/c/en/pâté","/c/en/food","/c/en/lavash"],"weight":0.20600000000000002},"num_concepts_raised":125},{"base_id":921,"kind":"top_words","i1":4,"i2":7,"sol":{"path":["/c/en/pâté","/c/en/food","/c/en/cannelloni"],"weight":0.20600000000000002},"num_concepts_raised":109},{"base_id":921,"kind":"top_words","i1":4,"i2":8,"sol":{"path":["/c/en/pâté","/c/en/food","/c/en/wheat","/c/en/semolina"],"weight":0.21173000000000008},"num_concepts_raised":15071},{"base_id":921,"kind":"top_words","i1":4,"i2":9,"sol":{"path":["/c/en/pâté","/c/en/fish","/c/en/escabeche"],"weight":0.20400000000000001},"num_concepts_raised":93},{"base_id":921,"kind":"top_words","i1":5,"i2":6,"sol":{"path":["/c/en/farfalle","/c/en/food","/c/en/lavash"],"weight":0.20600000000000002},"num_concepts_raised":82},{"base_id":921,"kind":"top_words","i1":5,"i2":7,"sol":{"path":["/c/en/farfalle","/c/en/pasta","/c/en/cannelloni"],"weight":0.20700000000000002},"num_concepts_raised":65},{"base_id":921,"kind":"top_words","i1":5,"i2":8,"sol":{"path":["/c/en/farfalle","/c/en/pasta","/c/en/wheat","/c/en/semolina"],"weight":0.21230999999999986},"num_concepts_raised":7467},{"base_id":921,"kind":"top_words","i1":5,"i2":9,"sol":{"path":["/c/en/farfalle","/c/en/food","/c/en/chicken","/c/en/escabeche"],"weight":0.20782999999999985},"num_concepts_raised":9581},{"base_id":921,"kind":"top_words","i1":6,"i2":7,"sol":{"path":["/c/en/lavash","/c/en/food","/c/en/cannelloni"],"weight":0.20600000000000002},"num_concepts_raised":93},{"base_id":921,"kind":"top_words","i1":6,"i2":8,"sol":{"path":["/c/en/lavash","/c/en/food","/c/en/wheat","/c/en/semolina"],"weight":0.21111000000000002},"num_concepts_raised":7314},{"base_id":921,"kind":"top_words","i1":6,"i2":9,"sol":{"path":["/c/en/lavash","/c/en/food","/c/en/chicken","/c/en/escabeche"],"weight":0.20865999999999998},"num_concepts_raised":9419},{"base_id":921,"kind":"top_words","i1":7,"i2":8,"sol":{"path":["/c/en/cannelloni","/c/en/food","/c/en/wheat","/c/en/semolina"],"weight":0.21065999999999993},"num_concepts_raised":8937},{"base_id":921,"kind":"top_words","i1":7,"i2":9,"sol":{"path":["/c/en/cannelloni","/c/en/food","/c/en/chicken","/c/en/escabeche"],"weight":0.2082099999999999},"num_concepts_raised":11032},{"base_id":921,"kind":"top_words","i1":8,"i2":9,"sol":{"path":["/c/en/semolina","/c/en/meal","/c/en/chicken","/c/en/escabeche"],"weight":0.20398999999999992},"num_concepts_raised":9141}]]