[[{"base_id":189,"kind":"bot_words","i1":0,"i2":1,"sol":{"path":["/c/en/blackening","/c/en/obfuscation","/c/en/computing","/c/en/abstract","/c/en/compendium"],"weight":0.20376999999999973},"num_concepts_raised":10619},{"base_id":189,"kind":"bot_words","i1":0,"i2":2,"sol":{"path":["/c/en/blackening","/c/en/darkening","/c/en/shade","/c/en/type","/c/en/typesetter"],"weight":0.20331999999999986},"num_concepts_raised":3009},{"base_id":189,"kind":"bot_words","i1":0,"i2":3,"sol":{"path":["/c/en/blackening","/c/en/obfuscation","/c/en/confusion","/c/en/hey","/c/es/alá","/c/en/allah"],"weight":0.22563319999999987},"num_concepts_raised":386430},{"base_id":189,"kind":"bot_words","i1":0,"i2":4,"sol":{"path":["/c/en/blackening","/c/en/darkening","/c/en/shade","/c/en/free","/c/en/unaccountable"],"weight":0.2028499999999998},"num_concepts_raised":5868},{"base_id":189,"kind":"bot_words","i1":0,"i2":5,"sol":{"path":["/c/en/blackening","/c/en/nigrescence","/c/en/process","/c/en/cry","/c/en/cackle"],"weight":0.20464999999999967},"num_concepts_raised":9772},{"base_id":189,"kind":"bot_words","i1":0,"i2":6,"sol":{"path":["/c/en/blackening","/c/el/αμαύρωση","/c/en/staining","/c/en/histology"],"weight":0.20994999999999975},"num_concepts_raised":29413},{"base_id":189,"kind":"bot_words","i1":0,"i2":7,"sol":{"path":["/c/en/blackening","/c/en/blacken","/c/en/dirty","/c/en/pigeon","/c/en/columbidae"],"weight":0.20910999999999957},"num_concepts_raised":2016},{"base_id":189,"kind":"bot_words","i1":0,"i2":8,"sol":{"path":["/c/en/blackening","/c/de/schwärze","/c/en/wickedness"],"weight":0.202},"num_concepts_raised":191},{"base_id":189,"kind":"bot_words","i1":0,"i2":9,"sol":{"path":["/c/en/blackening","/c/en/blacken","/c/en/fish","/c/en/woman","/c/en/damsel"],"weight":0.20477999999999974},"num_concepts_raised":9160},{"base_id":189,"kind":"bot_words","i1":1,"i2":2,"sol":{"path":["/c/en/compendium","/c/en/book","/c/en/type","/c/en/typesetter"],"weight":0.20414999999999978},"num_concepts_raised":12671},{"base_id":189,"kind":"bot_words","i1":1,"i2":3,"sol":{"path":["/c/en/compendium","/c/en/complete","/c/en/there","/c/pt/alá","/c/en/allah"],"weight":0.2166100000000002},"num_concepts_raised":20593},{"base_id":189,"kind":"bot_words","i1":1,"i2":4,"sol":{"path":["/c/en/compendium","/c/en/abstract","/c/en/free","/c/en/unaccountable"],"weight":0.20381999999999972},"num_concepts_raised":15505},{"base_id":189,"kind":"bot_words","i1":1,"i2":5,"sol":{"path":["/c/en/compendium","/c/en/item","/c/en/egg","/c/en/cackle"],"weight":0.20542999999999959},"num_concepts_raised":19397},{"base_id":189,"kind":"bot_words","i1":1,"i2":6,"sol":{"path":["/c/en/compendium","/c/en/collection","/c/en/system","/c/en/histology"],"weight":0.21100999999999964},"num_concepts_raised":38787},{"base_id":189,"kind":"bot_words","i1":1,"i2":7,"sol":{"path":["/c/en/compendium","/c/en/collection","/c/en/city","/c/en/pigeon","/c/en/columbidae"],"weight":0.2101499999999995},"num_concepts_raised":11837},{"base_id":189,"kind":"bot_words","i1":1,"i2":8,"sol":{"path":["/c/en/compendium","/c/en/abstract","/c/en/sin","/c/en/wickedness"],"weight":0.20551999999999937},"num_concepts_raised":18259},{"base_id":189,"kind":"bot_words","i1":1,"i2":9,"sol":{"path":["/c/en/compendium","/c/en/book","/c/en/damsel_in_distress","/c/en/damsel"],"weight":0.20552999999999963},"num_concepts_raised":18840},{"base_id":189,"kind":"bot_words","i1":2,"i2":3,"sol":{"path":["/c/en/typesetter","/c/ar/جامع","/c/en/islam","/c/en/allah"],"weight":0.2146200000000003},"num_concepts_raised":13057},{"base_id":189,"kind":"bot_words","i1":2,"i2":4,"sol":{"path":["/c/en/typesetter","/c/en/compositor","/c/en/take","/c/en/free","/c/en/unaccountable"],"weight":0.2045399999999999},"num_concepts_raised":8041},{"base_id":189,"kind":"bot_words","i1":2,"i2":5,"sol":{"path":["/c/en/typesetter","/c/en/type","/c/en/cake","/c/en/cackle"],"weight":0.20503999999999972},"num_concepts_raised":11917},{"base_id":189,"kind":"bot_words","i1":2,"i2":6,"sol":{"path":["/c/en/typesetter","/c/en/type","/c/en/biology","/c/en/histology"],"weight":0.21079999999999977},"num_concepts_raised":31391},{"base_id":189,"kind":"bot_words","i1":2,"i2":7,"sol":{"path":["/c/en/typesetter","/c/en/type","/c/en/bird","/c/en/pigeon","/c/en/columbidae"],"weight":0.20971999999999963},"num_concepts_raised":4227},{"base_id":189,"kind":"bot_words","i1":2,"i2":8,"sol":{"path":["/c/en/typesetter","/c/en/type","/c/en/kind","/c/en/evil","/c/en/wickedness"],"weight":0.2067499999999995},"num_concepts_raised":10722},{"base_id":189,"kind":"bot_words","i1":2,"i2":9,"sol":{"path":["/c/en/typesetter","/c/en/type","/c/en/lady","/c/en/damsel"],"weight":0.2043899999999998},"num_concepts_raised":11316},{"base_id":189,"kind":"bot_words","i1":3,"i2":4,"sol":{"path":["/c/en/allah","/c/en/god","/c/en/control","/c/en/unaccountable"],"weight":0.21395000000000028},"num_concepts_raised":15914},{"base_id":189,"kind":"bot_words","i1":3,"i2":5,"sol":{"path":["/c/en/allah","/c/en/god","/c/en/person","/c/en/laugh","/c/en/cackle"],"weight":0.21794000000000013},"num_concepts_raised":19820},{"base_id":189,"kind":"bot_words","i1":3,"i2":6,"sol":{"path":["/c/en/allah","/c/en/islam","/c/en/azan","/c/en/histology"],"weight":0.2213900000000002},"num_concepts_raised":39402},{"base_id":189,"kind":"bot_words","i1":3,"i2":7,"sol":{"path":["/c/en/allah","/c/en/god","/c/en/symbol","/c/en/dove","/c/en/columbidae"],"weight":0.22029000000000004},"num_concepts_raised":12101},{"base_id":189,"kind":"bot_words","i1":3,"i2":8,"sol":{"path":["/c/en/allah","/c/en/god","/c/en/evil","/c/en/wickedness"],"weight":0.2174199999999999},"num_concepts_raised":18522},{"base_id":189,"kind":"bot_words","i1":3,"i2":9,"sol":{"path":["/c/en/allah","/c/en/islam","/c/en/woman","/c/en/damsel"],"weight":0.21620000000000017},"num_concepts_raised":19160},{"base_id":189,"kind":"bot_words","i1":4,"i2":5,"sol":{"path":["/c/en/unaccountable","/c/en/explain","/c/en/talk","/c/en/cackle"],"weight":0.2045799999999997},"num_concepts_raised":14748},{"base_id":189,"kind":"bot_words","i1":4,"i2":6,"sol":{"path":["/c/en/unaccountable","/c/en/free","/c/en/plant","/c/en/histology"],"weight":0.21007999999999974},"num_concepts_raised":34299},{"base_id":189,"kind":"bot_words","i1":4,"i2":7,"sol":{"path":["/c/en/unaccountable","/c/en/control","/c/en/drive","/c/en/dove","/c/en/columbidae"],"weight":0.2091499999999996},"num_concepts_raised":7099},{"base_id":189,"kind":"bot_words","i1":4,"i2":8,"sol":{"path":["/c/en/unaccountable","/c/en/accountable","/c/en/person","/c/en/evil","/c/en/wickedness"],"weight":0.20742999999999945},"num_concepts_raised":13547},{"base_id":189,"kind":"bot_words","i1":4,"i2":9,"sol":{"path":["/c/en/unaccountable","/c/en/accountable","/c/en/person","/c/en/girl","/c/en/damsel"],"weight":0.20622999999999975},"num_concepts_raised":14176},{"base_id":189,"kind":"bot_words","i1":5,"i2":6,"sol":{"path":["/c/en/cackle","/c/en/egg","/c/en/biology","/c/en/histology"],"weight":0.2120999999999996},"num_concepts_raised":38120},{"base_id":189,"kind":"bot_words","i1":5,"i2":7,"sol":{"path":["/c/en/cackle","/c/en/cluck","/c/en/slang","/c/en/pigeon","/c/en/columbidae"],"weight":0.2143299999999994},"num_concepts_raised":10984},{"base_id":189,"kind":"bot_words","i1":5,"i2":8,"sol":{"path":["/c/en/cackle","/c/en/cluck","/c/en/slang","/c/en/evil","/c/en/wickedness"],"weight":0.2114699999999993},"num_concepts_raised":17446},{"base_id":189,"kind":"bot_words","i1":5,"i2":9,"sol":{"path":["/c/en/cackle","/c/en/hen","/c/en/girl","/c/en/damsel"],"weight":0.2068499999999996},"num_concepts_raised":17993},{"base_id":189,"kind":"bot_words","i1":6,"i2":7,"sol":{"path":["/c/en/histology","/c/en/animal","/c/en/dove","/c/en/columbidae"],"weight":0.2164199999999995},"num_concepts_raised":30620},{"base_id":189,"kind":"bot_words","i1":6,"i2":8,"sol":{"path":["/c/en/histology","/c/en/biology","/c/en/person","/c/en/evil","/c/en/wickedness"],"weight":0.21383999999999936},"num_concepts_raised":36892},{"base_id":189,"kind":"bot_words","i1":6,"i2":9,"sol":{"path":["/c/en/histology","/c/en/animal","/c/ms/gadis","/c/en/damsel"],"weight":0.21096999999999966},"num_concepts_raised":37534},{"base_id":189,"kind":"bot_words","i1":7,"i2":8,"sol":{"path":["/c/en/columbidae","/c/en/pigeon","/c/en/slang","/c/en/evil","/c/en/wickedness"],"weight":0.2126799999999992},"num_concepts_raised":9794},{"base_id":189,"kind":"bot_words","i1":7,"i2":9,"sol":{"path":["/c/en/columbidae","/c/fr/pigeon","/c/fr/gésier","/c/fr/demoiselle","/c/en/damsel"],"weight":0.21215999999999952},"num_concepts_raised":10369},{"base_id":189,"kind":"bot_words","i1":8,"i2":9,"sol":{"path":["/c/en/wickedness","/c/en/ill","/c/en/distress","/c/en/damsel"],"weight":0.20629999999999937},"num_concepts_raised":16800}],[{"base_id":189,"kind":"top_words","i1":0,"i2":1,"sol":{"path":["/c/en/ballet","/c/en/dance","/c/en/choreographer"],"weight":0.20500000000000002},"num_concepts_raised":338},{"base_id":189,"kind":"top_words","i1":0,"i2":2,"sol":{"path":["/c/en/ballet","/c/en/dance","/c/en/troupe"],"weight":0.20500000000000002},"num_concepts_raised":359},{"base_id":189,"kind":"top_words","i1":0,"i2":3,"sol":{"path":["/c/en/ballet","/c/en/dancer"],"weight":0.20400000000000001},"num_concepts_raised":614},{"base_id":189,"kind":"top_words","i1":0,"i2":4,"sol":{"path":["/c/en/ballet","/c/en/choreography"],"weight":0.20600000000000002},"num_concepts_raised":378},{"base_id":189,"kind":"top_words","i1":0,"i2":5,"sol":{"path":["/c/en/ballet","/c/en/dance"],"weight":0.21000000000000002},"num_concepts_raised":2221},{"base_id":189,"kind":"top_words","i1":0,"i2":6,"sol":{"path":["/c/en/ballet","/c/en/dance","/c/en/show","/c/en/burlesque"],"weight":0.2223299999999996},"num_concepts_raised":30441},{"base_id":189,"kind":"top_words","i1":0,"i2":7,"sol":{"path":["/c/en/ballet","/c/en/theatrical","/c/en/vaudeville"],"weight":0.20600000000000002},"num_concepts_raised":372},{"base_id":189,"kind":"top_words","i1":0,"i2":8,"sol":{"path":["/c/en/ballet","/c/en/choreograph"],"weight":0.20400000000000001},"num_concepts_raised":325},{"base_id":189,"kind":"top_words","i1":0,"i2":9,"sol":{"path":["/c/en/ballet","/c/en/mime"],"weight":0.20400000000000001},"num_concepts_raised":415},{"base_id":189,"kind":"top_words","i1":1,"i2":2,"sol":{"path":["/c/en/choreographer","/c/en/dance","/c/en/troupe"],"weight":0.202},"num_concepts_raised":144},{"base_id":189,"kind":"top_words","i1":1,"i2":3,"sol":{"path":["/c/en/choreographer","/c/en/dance","/c/en/dancer"],"weight":0.20400000000000001},"num_concepts_raised":418},{"base_id":189,"kind":"top_words","i1":1,"i2":4,"sol":{"path":["/c/en/choreographer","/c/en/choreography"],"weight":0.20600000000000002},"num_concepts_raised":160},{"base_id":189,"kind":"top_words","i1":1,"i2":5,"sol":{"path":["/c/en/choreographer","/c/en/dance"],"weight":0.20600000000000002},"num_concepts_raised":2038},{"base_id":189,"kind":"top_words","i1":1,"i2":6,"sol":{"path":["/c/en/choreographer","/c/en/dance","/c/en/show","/c/en/burlesque"],"weight":0.2102999999999998},"num_concepts_raised":8632},{"base_id":189,"kind":"top_words","i1":1,"i2":7,"sol":{"path":["/c/en/choreographer","/c/en/dance","/c/en/show","/c/en/vaudeville"],"weight":0.2104099999999999},"num_concepts_raised":20028},{"base_id":189,"kind":"top_words","i1":1,"i2":8,"sol":{"path":["/c/en/choreographer","/c/en/choreograph"],"weight":0.20400000000000001},"num_concepts_raised":108},{"base_id":189,"kind":"top_words","i1":1,"i2":9,"sol":{"path":["/c/en/choreographer","/c/en/choreography","/c/en/ballet","/c/en/mime"],"weight":0.20670999999999962},"num_concepts_raised":13908},{"base_id":189,"kind":"top_words","i1":2,"i2":3,"sol":{"path":["/c/en/troupe","/c/en/dancer"],"weight":0.202},"num_concepts_raised":433},{"base_id":189,"kind":"top_words","i1":2,"i2":4,"sol":{"path":["/c/en/troupe","/c/en/dance","/c/en/choreography"],"weight":0.20500000000000002},"num_concepts_raised":186},{"base_id":189,"kind":"top_words","i1":2,"i2":5,"sol":{"path":["/c/en/troupe","/c/en/dance"],"weight":0.20600000000000002},"num_concepts_raised":2056},{"base_id":189,"kind":"top_words","i1":2,"i2":6,"sol":{"path":["/c/en/troupe","/c/en/minstrel","/c/en/vaudeville","/c/en/burlesque"],"weight":0.21219999999999958},"num_concepts_raised":16169},{"base_id":189,"kind":"top_words","i1":2,"i2":7,"sol":{"path":["/c/en/troupe","/c/en/minstrel","/c/en/vaudeville"],"weight":0.20400000000000001},"num_concepts_raised":175},{"base_id":189,"kind":"top_words","i1":2,"i2":8,"sol":{"path":["/c/en/troupe","/c/en/dance","/c/en/choreograph"],"weight":0.203},"num_concepts_raised":131},{"base_id":189,"kind":"top_words","i1":2,"i2":9,"sol":{"path":["/c/en/troupe","/c/en/actor","/c/en/mime"],"weight":0.202},"num_concepts_raised":222},{"base_id":189,"kind":"top_words","i1":3,"i2":4,"sol":{"path":["/c/en/dancer","/c/en/dance","/c/en/choreography"],"weight":0.20700000000000002},"num_concepts_raised":460},{"base_id":189,"kind":"top_words","i1":3,"i2":5,"sol":{"path":["/c/en/dancer","/c/en/dance"],"weight":0.21000000000000002},"num_concepts_raised":2307},{"base_id":189,"kind":"top_words","i1":3,"i2":6,"sol":{"path":["/c/en/dancer","/c/en/skirt_dance","/c/en/burlesque"],"weight":0.20400000000000001},"num_concepts_raised":458},{"base_id":189,"kind":"top_words","i1":3,"i2":7,"sol":{"path":["/c/en/dancer","/c/en/variety_show","/c/en/vaudeville"],"weight":0.20500000000000002},"num_concepts_raised":449},{"base_id":189,"kind":"top_words","i1":3,"i2":8,"sol":{"path":["/c/en/dancer","/c/en/dance","/c/en/choreograph"],"weight":0.20500000000000002},"num_concepts_raised":405},{"base_id":189,"kind":"top_words","i1":3,"i2":9,"sol":{"path":["/c/en/dancer","/c/en/ballet","/c/en/mime"],"weight":0.202},"num_concepts_raised":492},{"base_id":189,"kind":"top_words","i1":4,"i2":5,"sol":{"path":["/c/en/choreography","/c/en/dance"],"weight":0.21100000000000002},"num_concepts_raised":2070},{"base_id":189,"kind":"top_words","i1":4,"i2":6,"sol":{"path":["/c/en/choreography","/c/en/dance","/c/en/show","/c/en/burlesque"],"weight":0.21875999999999984},"num_concepts_raised":8236},{"base_id":189,"kind":"top_words","i1":4,"i2":7,"sol":{"path":["/c/en/choreography","/c/en/dance","/c/en/show","/c/en/vaudeville"],"weight":0.21886999999999995},"num_concepts_raised":19642},{"base_id":189,"kind":"top_words","i1":4,"i2":8,"sol":{"path":["/c/en/choreography","/c/en/choreograph"],"weight":0.20600000000000002},"num_concepts_raised":147},{"base_id":189,"kind":"top_words","i1":4,"i2":9,"sol":{"path":["/c/en/choreography","/c/en/ballet","/c/en/mime"],"weight":0.20400000000000001},"num_concepts_raised":245},{"base_id":189,"kind":"top_words","i1":5,"i2":6,"sol":{"path":["/c/en/dance","/c/en/show","/c/en/burlesque"],"weight":0.20900000000000002},"num_concepts_raised":2080},{"base_id":189,"kind":"top_words","i1":5,"i2":7,"sol":{"path":["/c/en/dance","/c/en/show","/c/en/vaudeville"],"weight":0.20900000000000002},"num_concepts_raised":2069},{"base_id":189,"kind":"top_words","i1":5,"i2":8,"sol":{"path":["/c/en/dance","/c/en/choreograph"],"weight":0.20800000000000002},"num_concepts_raised":2024},{"base_id":189,"kind":"top_words","i1":5,"i2":9,"sol":{"path":["/c/en/dance","/c/en/ballet","/c/en/mime"],"weight":0.20700000000000002},"num_concepts_raised":2115},{"base_id":189,"kind":"top_words","i1":6,"i2":7,"sol":{"path":["/c/en/burlesque","/c/en/vaudeville"],"weight":0.20800000000000002},"num_concepts_raised":188},{"base_id":189,"kind":"top_words","i1":6,"i2":8,"sol":{"path":["/c/en/burlesque","/c/en/show","/c/en/dance","/c/en/choreograph"],"weight":0.21079999999999968},"num_concepts_raised":13605},{"base_id":189,"kind":"top_words","i1":6,"i2":9,"sol":{"path":["/c/en/burlesque","/c/en/vaudeville","/c/en/entertainment","/c/en/mime"],"weight":0.21323999999999937},"num_concepts_raised":12644},{"base_id":189,"kind":"top_words","i1":7,"i2":8,"sol":{"path":["/c/en/vaudeville","/c/en/show","/c/en/dance","/c/en/choreograph"],"weight":0.2109099999999998},"num_concepts_raised":24909},{"base_id":189,"kind":"top_words","i1":7,"i2":9,"sol":{"path":["/c/en/vaudeville","/c/en/entertainment","/c/en/mime"],"weight":0.20400000000000001},"num_concepts_raised":233},{"base_id":189,"kind":"top_words","i1":8,"i2":9,"sol":{"path":["/c/en/choreograph","/c/en/ballet","/c/en/mime"],"weight":0.202},"num_concepts_raised":190}]]