[[{"base_id":896,"kind":"bot_words","i1":0,"i2":1,"sol":{"path":["/c/en/clumsy","/c/ja/不味い","/c/en/plain","/c/en/vega"],"weight":0.21880999999999906},"num_concepts_raised":27824},{"base_id":896,"kind":"bot_words","i1":0,"i2":2,"sol":{"path":["/c/en/clumsy","/c/fr/gauche","/c/fr/centre","/c/en/pith"],"weight":0.20938999999999894},"num_concepts_raised":55320},{"base_id":896,"kind":"bot_words","i1":0,"i2":3,"sol":{"path":["/c/en/clumsy","/c/ar/ثقيل","/c/en/troubled","/c/en/suffering"],"weight":0.2205999999999976},"num_concepts_raised":43108},{"base_id":896,"kind":"bot_words","i1":0,"i2":4,"sol":{"path":["/c/en/clumsy","/c/en/coordination","/c/en/grammar","/c/en/participial"],"weight":0.20879999999999913},"num_concepts_raised":21637},{"base_id":896,"kind":"bot_words","i1":0,"i2":5,"sol":{"path":["/c/en/clumsy","/c/fr/maladroit","/c/en/bullock","/c/en/new_jersey","/c/en/sopranos"],"weight":0.21560999999999897},"num_concepts_raised":14650},{"base_id":896,"kind":"bot_words","i1":0,"i2":6,"sol":{"path":["/c/en/clumsy","/c/en/elegant","/c/de/gewählt","/c/en/elected"],"weight":0.21415999999999885},"num_concepts_raised":21226},{"base_id":896,"kind":"bot_words","i1":0,"i2":7,"sol":{"path":["/c/en/clumsy","/c/en/trip","/c/en/trigger","/c/en/operated"],"weight":0.20764999999999906},"num_concepts_raised":15787},{"base_id":896,"kind":"bot_words","i1":0,"i2":8,"sol":{"path":["/c/en/clumsy","/c/en/fall","/c/en/formal","/c/en/interrogatory","/c/en/interrogation"],"weight":0.219869999999999},"num_concepts_raised":23421},{"base_id":896,"kind":"bot_words","i1":0,"i2":9,"sol":{"path":["/c/en/clumsy","/c/fr/maladroit","/c/en/ox","/c/en/genus","/c/en/helianthemum"],"weight":0.21563999999999905},"num_concepts_raised":29364},{"base_id":896,"kind":"bot_words","i1":1,"i2":2,"sol":{"path":["/c/en/vega","/c/en/lyra","/c/en/anatomy","/c/en/pith"],"weight":0.21769999999999967},"num_concepts_raised":55886},{"base_id":896,"kind":"bot_words","i1":1,"i2":3,"sol":{"path":["/c/en/vega","/c/en/tobacco","/c/en/burn","/c/en/suffering"],"weight":0.22498999999999833},"num_concepts_raised":44172},{"base_id":896,"kind":"bot_words","i1":1,"i2":4,"sol":{"path":["/c/en/vega","/c/en/star","/c/en/future","/c/en/grammar","/c/en/participial"],"weight":0.21736999999999987},"num_concepts_raised":22264},{"base_id":896,"kind":"bot_words","i1":1,"i2":5,"sol":{"path":["/c/en/vega","/c/en/television_show","/c/en/sopranos"],"weight":0.20800000000000002},"num_concepts_raised":183},{"base_id":896,"kind":"bot_words","i1":1,"i2":6,"sol":{"path":["/c/en/vega","/c/en/star","/c/en/band","/c/en/elected"],"weight":0.22169999999999956},"num_concepts_raised":21790},{"base_id":896,"kind":"bot_words","i1":1,"i2":7,"sol":{"path":["/c/en/vega","/c/en/tract","/c/en/site","/c/en/operated"],"weight":0.21385999999999977},"num_concepts_raised":16377},{"base_id":896,"kind":"bot_words","i1":1,"i2":8,"sol":{"path":["/c/en/vega","/c/en/star","/c/en/interview","/c/en/interrogation"],"weight":0.22612999999999978},"num_concepts_raised":24065},{"base_id":896,"kind":"bot_words","i1":1,"i2":9,"sol":{"path":["/c/en/vega","/c/en/tobacco","/c/en/plant","/c/en/helianthemum"],"weight":0.2192099999999998},"num_concepts_raised":29904},{"base_id":896,"kind":"bot_words","i1":2,"i2":3,"sol":{"path":["/c/en/pith","/c/es/pulpa","/c/en/animal","/c/en/suffering"],"weight":0.2164399999999982},"num_concepts_raised":71312},{"base_id":896,"kind":"bot_words","i1":2,"i2":4,"sol":{"path":["/c/en/pith","/c/fr/noyau","/c/fr/grammaire","/c/en/participial"],"weight":0.20571999999999974},"num_concepts_raised":49774},{"base_id":896,"kind":"bot_words","i1":2,"i2":5,"sol":{"path":["/c/en/pith","/c/en/citrus","/c/en/orange","/c/en/new_jersey","/c/en/sopranos"],"weight":0.21077999999999958},"num_concepts_raised":42863},{"base_id":896,"kind":"bot_words","i1":2,"i2":6,"sol":{"path":["/c/en/pith","/c/en/core","/c/en/council","/c/en/elected"],"weight":0.21028999999999945},"num_concepts_raised":49412},{"base_id":896,"kind":"bot_words","i1":2,"i2":7,"sol":{"path":["/c/en/pith","/c/fi/ydin","/c/en/effect","/c/en/operate","/c/en/operated"],"weight":0.20767999999999964},"num_concepts_raised":44006},{"base_id":896,"kind":"bot_words","i1":2,"i2":8,"sol":{"path":["/c/en/pith","/c/en/plant","/c/en/escape","/c/en/interrogation"],"weight":0.2124199999999996},"num_concepts_raised":51636},{"base_id":896,"kind":"bot_words","i1":2,"i2":9,"sol":{"path":["/c/en/pith","/c/en/botany","/c/en/helianthemum"],"weight":0.20400000000000001},"num_concepts_raised":177},{"base_id":896,"kind":"bot_words","i1":3,"i2":4,"sol":{"path":["/c/en/suffering","/c/en/accident","/c/en/grammar","/c/en/participial"],"weight":0.2150699999999984},"num_concepts_raised":38077},{"base_id":896,"kind":"bot_words","i1":3,"i2":5,"sol":{"path":["/c/en/suffering","/c/en/pain","/c/en/human","/c/en/new_jersey","/c/en/sopranos"],"weight":0.22550999999999816},"num_concepts_raised":31126},{"base_id":896,"kind":"bot_words","i1":3,"i2":6,"sol":{"path":["/c/en/suffering","/c/en/pain","/c/en/band","/c/en/elected"],"weight":0.22569999999999807},"num_concepts_raised":37605},{"base_id":896,"kind":"bot_words","i1":3,"i2":7,"sol":{"path":["/c/en/suffering","/c/en/grief","/c/en/site","/c/en/operated"],"weight":0.21454999999999833},"num_concepts_raised":32230},{"base_id":896,"kind":"bot_words","i1":3,"i2":8,"sol":{"path":["/c/en/suffering","/c/fr/supplice","/c/fr/interrogatoire","/c/en/interrogation"],"weight":0.22618999999999828},"num_concepts_raised":39675},{"base_id":896,"kind":"bot_words","i1":3,"i2":9,"sol":{"path":["/c/en/suffering","/c/en/animal","/c/en/plant","/c/en/helianthemum"],"weight":0.21918999999999833},"num_concepts_raised":45612},{"base_id":896,"kind":"bot_words","i1":4,"i2":5,"sol":{"path":["/c/en/participial","/c/en/participle","/c/en/noun","/c/en/es","/c/en/sopranos"],"weight":0.21020999999999976},"num_concepts_raised":8871},{"base_id":896,"kind":"bot_words","i1":4,"i2":6,"sol":{"path":["/c/en/participial","/c/en/grammar","/c/en/constituent","/c/en/elected"],"weight":0.20960999999999963},"num_concepts_raised":15539},{"base_id":896,"kind":"bot_words","i1":4,"i2":7,"sol":{"path":["/c/en/participial","/c/en/grammar","/c/he/פעל","/c/en/operate","/c/en/operated"],"weight":0.20504999999999984},"num_concepts_raised":10054},{"base_id":896,"kind":"bot_words","i1":4,"i2":8,"sol":{"path":["/c/en/participial","/c/en/grammar","/c/en/question","/c/en/interrogation"],"weight":0.21501999999999982},"num_concepts_raised":17771},{"base_id":896,"kind":"bot_words","i1":4,"i2":9,"sol":{"path":["/c/en/participial","/c/en/participle","/c/en/being","/c/en/plant","/c/en/helianthemum"],"weight":0.21026999999999985},"num_concepts_raised":23647},{"base_id":896,"kind":"bot_words","i1":5,"i2":6,"sol":{"path":["/c/en/sopranos","/c/en/soprano","/c/en/voice","/c/en/elect","/c/en/elected"],"weight":0.21574999999999947},"num_concepts_raised":8532},{"base_id":896,"kind":"bot_words","i1":5,"i2":7,"sol":{"path":["/c/en/sopranos","/c/en/soprano","/c/en/music","/c/en/jukebox","/c/en/operated"],"weight":0.20804999999999968},"num_concepts_raised":3018},{"base_id":896,"kind":"bot_words","i1":5,"i2":8,"sol":{"path":["/c/en/sopranos","/c/en/television_show","/c/en/what","/c/en/question","/c/en/interrogation"],"weight":0.21899999999999964},"num_concepts_raised":10778},{"base_id":896,"kind":"bot_words","i1":5,"i2":9,"sol":{"path":["/c/en/sopranos","/c/en/new_jersey","/c/en/magnolia","/c/en/plant","/c/en/helianthemum"],"weight":0.2133399999999997},"num_concepts_raised":16653},{"base_id":896,"kind":"bot_words","i1":6,"i2":7,"sol":{"path":["/c/en/elected","/c/en/elect","/c/en/office","/c/zh/機關","/c/en/operated"],"weight":0.21060999999999958},"num_concepts_raised":9702},{"base_id":896,"kind":"bot_words","i1":6,"i2":8,"sol":{"path":["/c/en/elected","/c/en/candidate","/c/en/examination","/c/en/interrogation"],"weight":0.21857999999999955},"num_concepts_raised":17379},{"base_id":896,"kind":"bot_words","i1":6,"i2":9,"sol":{"path":["/c/en/elected","/c/en/elect","/c/en/like","/c/en/plant","/c/en/helianthemum"],"weight":0.21586999999999956},"num_concepts_raised":23315},{"base_id":896,"kind":"bot_words","i1":7,"i2":8,"sol":{"path":["/c/en/operated","/c/en/site","/c/en/court","/c/en/interrogatory","/c/en/interrogation"],"weight":0.21497999999999973},"num_concepts_raised":11931},{"base_id":896,"kind":"bot_words","i1":7,"i2":9,"sol":{"path":["/c/en/operated","/c/en/operate","/c/en/stock","/c/en/plant","/c/en/helianthemum"],"weight":0.20912999999999976},"num_concepts_raised":17830},{"base_id":896,"kind":"bot_words","i1":8,"i2":9,"sol":{"path":["/c/en/interrogation","/c/en/escape","/c/en/plant","/c/en/helianthemum"],"weight":0.21598999999999974},"num_concepts_raised":25571}],[{"base_id":896,"kind":"top_words","i1":0,"i2":1,"sol":{"path":["/c/en/seljuk","/c/en/muslim","/c/fr/musulman","/c/fr/sultan","/c/fr/mamelouk","/c/en/mamluk"],"weight":0.21058529999999953},"num_concepts_raised":60309},{"base_id":896,"kind":"top_words","i1":0,"i2":2,"sol":{"path":["/c/en/seljuk","/c/en/dynasty","/c/en/moghul","/c/en/mongol"],"weight":0.20416999999999988},"num_concepts_raised":4600},{"base_id":896,"kind":"top_words","i1":0,"i2":3,"sol":{"path":["/c/en/seljuk","/c/en/muslim","/c/en/khan","/c/en/khanate"],"weight":0.21106999999999998},"num_concepts_raised":7769},{"base_id":896,"kind":"top_words","i1":0,"i2":4,"sol":{"path":["/c/en/seljuk","/c/en/dynasty","/c/en/ottoman"],"weight":0.202},"num_concepts_raised":193},{"base_id":896,"kind":"top_words","i1":0,"i2":5,"sol":{"path":["/c/en/seljuk","/c/en/muslim","/c/en/sultan","/c/en/sultanate"],"weight":0.20590000000000003},"num_concepts_raised":7143},{"base_id":896,"kind":"top_words","i1":0,"i2":6,"sol":{"path":["/c/en/seljuk","/c/en/armenian_kingdom_of_cilicia","/c/en/country","/c/en/seleucid_empire","/c/en/seleucid"],"weight":0.2027299999999999},"num_concepts_raised":9144},{"base_id":896,"kind":"top_words","i1":0,"i2":7,"sol":{"path":["/c/en/seljuk","/c/en/dynasty","/c/en/jin","/c/en/mongols"],"weight":0.20822999999999958},"num_concepts_raised":2027},{"base_id":896,"kind":"top_words","i1":0,"i2":8,"sol":{"path":["/c/en/seljuk","/c/en/muslim","/c/en/caliph","/c/en/caliphate"],"weight":0.21416999999999992},"num_concepts_raised":3609},{"base_id":896,"kind":"top_words","i1":0,"i2":9,"sol":{"path":["/c/en/seljuk","/c/en/muslim","/c/en/isa","/c/en/architecture","/c/en/visigoths"],"weight":0.20815999999999965},"num_concepts_raised":3481},{"base_id":896,"kind":"top_words","i1":1,"i2":2,"sol":{"path":["/c/en/mamluk","/c/en/mameluke","/c/en/slave","/c/en/person","/c/en/mongolian","/c/en/mongol"],"weight":0.2162189999999996},"num_concepts_raised":371107},{"base_id":896,"kind":"top_words","i1":1,"i2":3,"sol":{"path":["/c/en/mamluk","/c/fr/mamelouk","/c/fr/histoire","/c/en/khanate"],"weight":0.21427999999999986},"num_concepts_raised":6992},{"base_id":896,"kind":"top_words","i1":1,"i2":4,"sol":{"path":["/c/en/mamluk","/c/fr/mamelouk","/c/fr/histoire","/c/fr/ottoman","/c/en/ottoman"],"weight":0.2096799999999992},"num_concepts_raised":13373},{"base_id":896,"kind":"top_words","i1":1,"i2":5,"sol":{"path":["/c/en/mamluk","/c/fr/mamelouk","/c/fr/sultan","/c/fr/sultanat","/c/en/sultanate"],"weight":0.2114799999999999},"num_concepts_raised":6403},{"base_id":896,"kind":"top_words","i1":1,"i2":6,"sol":{"path":["/c/en/mamluk","/c/en/mameluke","/c/en/slave","/c/en/person","/c/en/seleucus","/c/en/seleucid"],"weight":0.21258539999999965},"num_concepts_raised":274921},{"base_id":896,"kind":"top_words","i1":1,"i2":7,"sol":{"path":["/c/en/mamluk","/c/en/mameluke","/c/en/slave","/c/en/people","/c/en/ethnic_group","/c/en/mongols"],"weight":0.21683259999999915},"num_concepts_raised":99311},{"base_id":896,"kind":"top_words","i1":1,"i2":8,"sol":{"path":["/c/en/mamluk","/c/fr/mamelouk","/c/fr/calife","/c/fr/califat","/c/en/caliphate"],"weight":0.21961999999999976},"num_concepts_raised":2839},{"base_id":896,"kind":"top_words","i1":1,"i2":9,"sol":{"path":["/c/en/mamluk","/c/fr/mamelouk","/c/fr/ordre","/c/en/architecture","/c/en/visigoths"],"weight":0.21349999999999952},"num_concepts_raised":2693},{"base_id":896,"kind":"top_words","i1":2,"i2":3,"sol":{"path":["/c/en/mongol","/c/en/kurultai","/c/en/khan","/c/en/khanate"],"weight":0.21150000000000005},"num_concepts_raised":10423},{"base_id":896,"kind":"top_words","i1":2,"i2":4,"sol":{"path":["/c/en/mongol","/c/en/moghul","/c/en/dynasty","/c/en/ottoman"],"weight":0.2057799999999994},"num_concepts_raised":16753},{"base_id":896,"kind":"top_words","i1":2,"i2":5,"sol":{"path":["/c/en/mongol","/c/en/mongolia","/c/en/country","/c/en/sultanate"],"weight":0.20572000000000007},"num_concepts_raised":9687},{"base_id":896,"kind":"top_words","i1":2,"i2":6,"sol":{"path":["/c/en/mongol","/c/en/california","/c/en/antioch","/c/en/seleucid"],"weight":0.20319999999999994},"num_concepts_raised":11815},{"base_id":896,"kind":"top_words","i1":2,"i2":7,"sol":{"path":["/c/en/mongol","/c/en/mongols"],"weight":0.20400000000000001},"num_concepts_raised":121},{"base_id":896,"kind":"top_words","i1":2,"i2":8,"sol":{"path":["/c/en/mongol","/c/en/california","/c/en/caliph","/c/en/caliphate"],"weight":0.21461999999999998},"num_concepts_raised":6285},{"base_id":896,"kind":"top_words","i1":2,"i2":9,"sol":{"path":["/c/en/mongol","/c/en/mongolian","/c/en/native","/c/en/architecture","/c/en/visigoths"],"weight":0.21085999999999971},"num_concepts_raised":6153},{"base_id":896,"kind":"top_words","i1":3,"i2":4,"sol":{"path":["/c/en/khanate","/c/en/khan","/c/en/ottoman"],"weight":0.20500000000000002},"num_concepts_raised":236},{"base_id":896,"kind":"top_words","i1":3,"i2":5,"sol":{"path":["/c/en/khanate","/c/en/khan","/c/en/sultan","/c/en/sultanate"],"weight":0.21427000000000018},"num_concepts_raised":12863},{"base_id":896,"kind":"top_words","i1":3,"i2":6,"sol":{"path":["/c/en/khanate","/c/en/domain","/c/en/person","/c/en/seleucus","/c/en/seleucid"],"weight":0.20996000000000004},"num_concepts_raised":14987},{"base_id":896,"kind":"top_words","i1":3,"i2":7,"sol":{"path":["/c/en/khanate","/c/en/khaganate","/c/en/empire","/c/en/jin","/c/en/mongols"],"weight":0.21658999999999978},"num_concepts_raised":7885},{"base_id":896,"kind":"top_words","i1":3,"i2":8,"sol":{"path":["/c/en/khanate","/c/en/position","/c/en/caliphate"],"weight":0.20600000000000002},"num_concepts_raised":183},{"base_id":896,"kind":"top_words","i1":3,"i2":9,"sol":{"path":["/c/en/khanate","/c/fr/histoire","/c/fr/wisigoths","/c/en/visigoths"],"weight":0.21434999999999982},"num_concepts_raised":9308},{"base_id":896,"kind":"top_words","i1":4,"i2":5,"sol":{"path":["/c/en/ottoman","/c/en/ottoman_empire","/c/en/sultanate"],"weight":0.20400000000000001},"num_concepts_raised":227},{"base_id":896,"kind":"top_words","i1":4,"i2":6,"sol":{"path":["/c/en/ottoman","/c/en/ottoman_empire","/c/en/turkey","/c/en/antioch","/c/en/seleucid"],"weight":0.20650999999999942},"num_concepts_raised":21323},{"base_id":896,"kind":"top_words","i1":4,"i2":7,"sol":{"path":["/c/en/ottoman","/c/en/seat","/c/en/jin","/c/en/mongols"],"weight":0.21005999999999914},"num_concepts_raised":14246},{"base_id":896,"kind":"top_words","i1":4,"i2":8,"sol":{"path":["/c/en/ottoman","/c/ar/عثمان","/c/en/caliph","/c/en/caliphate"],"weight":0.21578999999999943},"num_concepts_raised":15652},{"base_id":896,"kind":"top_words","i1":4,"i2":9,"sol":{"path":["/c/en/ottoman","/c/en/seat","/c/en/architecture","/c/en/visigoths"],"weight":0.20996999999999916},"num_concepts_raised":15589},{"base_id":896,"kind":"top_words","i1":5,"i2":6,"sol":{"path":["/c/en/sultanate","/c/en/country","/c/en/seleucid_empire","/c/en/seleucid"],"weight":0.20390000000000008},"num_concepts_raised":14380},{"base_id":896,"kind":"top_words","i1":5,"i2":7,"sol":{"path":["/c/en/sultanate","/c/en/state","/c/en/jin","/c/en/mongols"],"weight":0.2094499999999998},"num_concepts_raised":7263},{"base_id":896,"kind":"top_words","i1":5,"i2":8,"sol":{"path":["/c/en/sultanate","/c/en/sultan","/c/en/caliph","/c/en/caliphate"],"weight":0.2173400000000001},"num_concepts_raised":8728},{"base_id":896,"kind":"top_words","i1":5,"i2":9,"sol":{"path":["/c/en/sultanate","/c/en/state","/c/en/order","/c/en/architecture","/c/en/visigoths"],"weight":0.20936999999999983},"num_concepts_raised":8720},{"base_id":896,"kind":"top_words","i1":6,"i2":7,"sol":{"path":["/c/en/seleucid","/c/en/seleucid_empire","/c/en/country","/c/en/jin","/c/en/mongols"],"weight":0.20825999999999967},"num_concepts_raised":9258},{"base_id":896,"kind":"top_words","i1":6,"i2":8,"sol":{"path":["/c/en/seleucid","/c/en/antioch","/c/en/california","/c/en/caliph","/c/en/caliphate"],"weight":0.21415999999999996},"num_concepts_raised":10832},{"base_id":896,"kind":"top_words","i1":6,"i2":9,"sol":{"path":["/c/en/seleucid","/c/en/zoology","/c/en/science","/c/en/architecture","/c/en/visigoths"],"weight":0.20816999999999972},"num_concepts_raised":10665},{"base_id":896,"kind":"top_words","i1":7,"i2":8,"sol":{"path":["/c/en/mongols","/c/en/mongol","/c/en/california","/c/en/caliph","/c/en/caliphate"],"weight":0.2196599999999997},"num_concepts_raised":3733},{"base_id":896,"kind":"top_words","i1":7,"i2":9,"sol":{"path":["/c/en/mongols","/c/en/jin","/c/en/center","/c/en/architecture","/c/en/visigoths"],"weight":0.21368999999999944},"num_concepts_raised":3595},{"base_id":896,"kind":"top_words","i1":8,"i2":9,"sol":{"path":["/c/en/caliphate","/c/en/jurisdiction","/c/syc/ܟܘܪܣܝܐ","/c/en/architecture","/c/en/visigoths"],"weight":0.21541999999999972},"num_concepts_raised":5168}]]