[[{"base_id":667,"kind":"bot_words","i1":0,"i2":1,"sol":{"path":["/c/en/fanny","/c/en/vulgar","/c/en/rope","/c/en/bouldering"],"weight":0.20835999999999982},"num_concepts_raised":29493},{"base_id":667,"kind":"bot_words","i1":0,"i2":2,"sol":{"path":["/c/en/fanny","/c/en/vulgar","/c/en/rope","/c/en/bouldering"],"weight":0.20835999999999982},"num_concepts_raised":29493},{"base_id":667,"kind":"bot_words","i1":0,"i2":3,"sol":{"path":["/c/en/fanny","/c/en/genitalia","/c/en/genus","/c/en/smilodon"],"weight":0.2135099999999996},"num_concepts_raised":31941},{"base_id":667,"kind":"bot_words","i1":0,"i2":4,"sol":{"path":["/c/en/fanny","/c/en/fanny_fart","/c/en/slang","/c/en/jazz","/c/en/bari"],"weight":0.21052999999999972},"num_concepts_raised":138086},{"base_id":667,"kind":"bot_words","i1":0,"i2":5,"sol":{"path":["/c/en/fanny","/c/en/uk","/c/en/dummy","/c/en/fake"],"weight":0.21473999999999877},"num_concepts_raised":71316},{"base_id":667,"kind":"bot_words","i1":0,"i2":6,"sol":{"path":["/c/en/fanny","/c/en/frances","/c/en/france","/c/en/bourgogne"],"weight":0.2081799999999997},"num_concepts_raised":28842},{"base_id":667,"kind":"bot_words","i1":0,"i2":7,"sol":{"path":["/c/en/fanny","/c/en/uk","/c/en/bread","/c/ja/麩","/c/en/seitan"],"weight":0.20936999999999975},"num_concepts_raised":30494},{"base_id":667,"kind":"bot_words","i1":0,"i2":8,"sol":{"path":["/c/en/fanny","/c/en/british","/c/en/murder","/c/en/tyrannicide"],"weight":0.20821999999999974},"num_concepts_raised":28331},{"base_id":667,"kind":"bot_words","i1":0,"i2":9,"sol":{"path":["/c/en/fanny","/c/en/vulgar","/c/en/vulgarly"],"weight":0.20500000000000002},"num_concepts_raised":99},{"base_id":667,"kind":"bot_words","i1":1,"i2":2,"sol":{"path":["/c/en/bouldering"],"weight":0.1}},{"base_id":667,"kind":"bot_words","i1":1,"i2":3,"sol":{"path":["/c/en/bouldering","/c/en/climbing","/c/en/squirrel","/c/en/mammal","/c/en/smilodon"],"weight":0.2081999999999998},"num_concepts_raised":7135},{"base_id":667,"kind":"bot_words","i1":1,"i2":4,"sol":{"path":["/c/en/bouldering","/c/en/rope","/c/fr/localités","/c/en/bari"],"weight":0.20303999999999994},"num_concepts_raised":113413},{"base_id":667,"kind":"bot_words","i1":1,"i2":5,"sol":{"path":["/c/en/bouldering","/c/en/rope","/c/en/nautical","/c/en/fake"],"weight":0.21022999999999897},"num_concepts_raised":47808},{"base_id":667,"kind":"bot_words","i1":1,"i2":6,"sol":{"path":["/c/en/bouldering","/c/en/rope","/c/fr/localités","/c/fr/bourgogne","/c/en/bourgogne"],"weight":0.20290999999999992},"num_concepts_raised":3895},{"base_id":667,"kind":"bot_words","i1":1,"i2":7,"sol":{"path":["/c/en/bouldering","/c/en/boulder","/c/en/geology","/c/en/gluten","/c/en/seitan"],"weight":0.20592999999999997},"num_concepts_raised":5534},{"base_id":667,"kind":"bot_words","i1":1,"i2":8,"sol":{"path":["/c/en/bouldering","/c/en/boulder","/c/en/like","/c/en/tyrant","/c/en/tyrannicide"],"weight":0.20681999999999998},"num_concepts_raised":3360},{"base_id":667,"kind":"bot_words","i1":1,"i2":9,"sol":{"path":["/c/en/bouldering","/c/en/rope","/c/en/vulgar","/c/en/vulgarly"],"weight":0.20417999999999997},"num_concepts_raised":7723},{"base_id":667,"kind":"bot_words","i1":2,"i2":3,"sol":{"path":["/c/en/bouldering","/c/en/climbing","/c/en/squirrel","/c/en/mammal","/c/en/smilodon"],"weight":0.2081999999999998},"num_concepts_raised":7135},{"base_id":667,"kind":"bot_words","i1":2,"i2":4,"sol":{"path":["/c/en/bouldering","/c/en/rope","/c/fr/localités","/c/en/bari"],"weight":0.20303999999999994},"num_concepts_raised":113413},{"base_id":667,"kind":"bot_words","i1":2,"i2":5,"sol":{"path":["/c/en/bouldering","/c/en/rope","/c/en/nautical","/c/en/fake"],"weight":0.21022999999999897},"num_concepts_raised":47808},{"base_id":667,"kind":"bot_words","i1":2,"i2":6,"sol":{"path":["/c/en/bouldering","/c/en/rope","/c/fr/localités","/c/fr/bourgogne","/c/en/bourgogne"],"weight":0.20290999999999992},"num_concepts_raised":3895},{"base_id":667,"kind":"bot_words","i1":2,"i2":7,"sol":{"path":["/c/en/bouldering","/c/en/boulder","/c/en/geology","/c/en/gluten","/c/en/seitan"],"weight":0.20592999999999997},"num_concepts_raised":5534},{"base_id":667,"kind":"bot_words","i1":2,"i2":8,"sol":{"path":["/c/en/bouldering","/c/en/boulder","/c/en/like","/c/en/tyrant","/c/en/tyrannicide"],"weight":0.20681999999999998},"num_concepts_raised":3360},{"base_id":667,"kind":"bot_words","i1":2,"i2":9,"sol":{"path":["/c/en/bouldering","/c/en/rope","/c/en/vulgar","/c/en/vulgarly"],"weight":0.20417999999999997},"num_concepts_raised":7723},{"base_id":667,"kind":"bot_words","i1":3,"i2":4,"sol":{"path":["/c/en/smilodon","/c/en/mammal","/c/en/axis","/c/en/italy","/c/en/bari"],"weight":0.20926999999999973},"num_concepts_raised":115962},{"base_id":667,"kind":"bot_words","i1":3,"i2":5,"sol":{"path":["/c/en/smilodon","/c/en/genus","/c/en/genuine","/c/en/fake"],"weight":0.21569999999999878},"num_concepts_raised":50712},{"base_id":667,"kind":"bot_words","i1":3,"i2":6,"sol":{"path":["/c/en/smilodon","/c/en/mammal","/c/en/weasel","/c/en/france","/c/en/bourgogne"],"weight":0.20806999999999973},"num_concepts_raised":6437},{"base_id":667,"kind":"bot_words","i1":3,"i2":7,"sol":{"path":["/c/en/smilodon","/c/en/genus","/c/en/wheatgrass","/c/en/wheat","/c/en/seitan"],"weight":0.20819999999999977},"num_concepts_raised":8066},{"base_id":667,"kind":"bot_words","i1":3,"i2":8,"sol":{"path":["/c/en/smilodon","/c/en/mammal","/c/en/bird","/c/en/tyrant","/c/en/tyrannicide"],"weight":0.20908999999999978},"num_concepts_raised":5904},{"base_id":667,"kind":"bot_words","i1":3,"i2":9,"sol":{"path":["/c/en/smilodon","/c/en/genus","/c/en/common","/c/en/vulgar","/c/en/vulgarly"],"weight":0.20946999999999977},"num_concepts_raised":10254},{"base_id":667,"kind":"bot_words","i1":4,"i2":5,"sol":{"path":["/c/en/bari","/c/fr/localités","/c/fr/faux","/c/en/fake"],"weight":0.21079999999999888},"num_concepts_raised":156920},{"base_id":667,"kind":"bot_words","i1":4,"i2":6,"sol":{"path":["/c/en/bari","/c/en/italy","/c/en/france","/c/en/bourgogne"],"weight":0.20390999999999987},"num_concepts_raised":112626},{"base_id":667,"kind":"bot_words","i1":4,"i2":7,"sol":{"path":["/c/en/bari","/c/en/italy","/c/en/foot","/c/en/protein","/c/en/seitan"],"weight":0.20402999999999988},"num_concepts_raised":114366},{"base_id":667,"kind":"bot_words","i1":4,"i2":8,"sol":{"path":["/c/en/bari","/c/fr/localités","/c/en/bury","/c/en/murder","/c/en/tyrannicide"],"weight":0.20291999999999988},"num_concepts_raised":112200},{"base_id":667,"kind":"bot_words","i1":4,"i2":9,"sol":{"path":["/c/en/bari","/c/fr/localités","/c/en/badger","/c/en/vulgar","/c/en/vulgarly"],"weight":0.2043199999999999},"num_concepts_raised":116547},{"base_id":667,"kind":"bot_words","i1":5,"i2":6,"sol":{"path":["/c/en/fake","/c/en/canal","/c/en/france","/c/en/bourgogne"],"weight":0.2090099999999989},"num_concepts_raised":47538},{"base_id":667,"kind":"bot_words","i1":5,"i2":7,"sol":{"path":["/c/en/fake","/c/en/false","/c/en/true","/c/ja/正","/c/en/seitan"],"weight":0.21068999999999893},"num_concepts_raised":49155},{"base_id":667,"kind":"bot_words","i1":5,"i2":8,"sol":{"path":["/c/en/fake","/c/en/sports","/c/en/murder","/c/en/tyrannicide"],"weight":0.20898999999999893},"num_concepts_raised":46967},{"base_id":667,"kind":"bot_words","i1":5,"i2":9,"sol":{"path":["/c/en/fake","/c/en/act","/c/en/vulgarity","/c/en/vulgarly"],"weight":0.21054999999999896},"num_concepts_raised":51089},{"base_id":667,"kind":"bot_words","i1":6,"i2":7,"sol":{"path":["/c/en/bourgogne","/c/en/burgundy","/c/en/colour","/c/en/wheat","/c/en/seitan"],"weight":0.2041299999999999},"num_concepts_raised":4822},{"base_id":667,"kind":"bot_words","i1":6,"i2":8,"sol":{"path":["/c/en/bourgogne","/c/en/france","/c/en/ancient_greece","/c/en/tyrant","/c/en/tyrannicide"],"weight":0.2037199999999999},"num_concepts_raised":2655},{"base_id":667,"kind":"bot_words","i1":6,"i2":9,"sol":{"path":["/c/en/bourgogne","/c/en/france","/c/en/french","/c/en/vulgar","/c/en/vulgarly"],"weight":0.2040899999999999},"num_concepts_raised":7018},{"base_id":667,"kind":"bot_words","i1":7,"i2":8,"sol":{"path":["/c/en/seitan","/c/ja/生","/c/en/birth","/c/en/murder","/c/en/tyrannicide"],"weight":0.20275999999999994},"num_concepts_raised":4295},{"base_id":667,"kind":"bot_words","i1":7,"i2":9,"sol":{"path":["/c/en/seitan","/c/en/wheat","/c/en/hamburger","/c/en/vulgar","/c/en/vulgarly"],"weight":0.20423999999999995},"num_concepts_raised":8654},{"base_id":667,"kind":"bot_words","i1":8,"i2":9,"sol":{"path":["/c/en/tyrannicide","/c/en/murder","/c/ceb/bugha","/c/en/vulgar","/c/en/vulgarly"],"weight":0.20405999999999996},"num_concepts_raised":6485}],[{"base_id":667,"kind":"top_words","i1":0,"i2":1,"sol":{"path":["/c/en/whitlow","/c/en/infection","/c/en/dissect","/c/en/analyze","/c/en/analyst"],"weight":0.2124299999999999},"num_concepts_raised":20419},{"base_id":667,"kind":"top_words","i1":0,"i2":2,"sol":{"path":["/c/en/whitlow","/c/en/cuticle","/c/en/plant","/c/en/leontopodium_alpinum","/c/en/edelweiss"],"weight":0.2036499999999999},"num_concepts_raised":2762},{"base_id":667,"kind":"top_words","i1":0,"i2":3,"sol":{"path":["/c/en/whitlow","/c/en/hangnail","/c/en/person","/c/en/giant","/c/en/giga"],"weight":0.21069},"num_concepts_raised":20172},{"base_id":667,"kind":"top_words","i1":0,"i2":4,"sol":{"path":["/c/en/whitlow","/c/en/cuticle","/c/fr/botanique","/c/fr/ovule","/c/en/ovum"],"weight":0.20790999999999973},"num_concepts_raised":15361},{"base_id":667,"kind":"top_words","i1":0,"i2":5,"sol":{"path":["/c/en/whitlow","/c/en/wicklow","/c/en/town","/c/en/china","/c/en/brics"],"weight":0.20984999999999987},"num_concepts_raised":11381},{"base_id":667,"kind":"top_words","i1":0,"i2":6,"sol":{"path":["/c/en/whitlow","/c/fr/panaris","/c/en/pathology","/c/en/myeloma"],"weight":0.20424999999999993},"num_concepts_raised":7415},{"base_id":667,"kind":"top_words","i1":0,"i2":7,"sol":{"path":["/c/en/whitlow","/c/en/felon","/c/en/legal","/c/en/bucket_shop","/c/en/brokerage"],"weight":0.20463999999999977},"num_concepts_raised":4785},{"base_id":667,"kind":"top_words","i1":0,"i2":8,"sol":{"path":["/c/en/whitlow","/c/en/felon","/c/en/criminal","/c/ru/лихой","/c/en/intrepid","/c/en/intrepidity"],"weight":0.20999349999999983},"num_concepts_raised":175869},{"base_id":667,"kind":"top_words","i1":0,"i2":9,"sol":{"path":["/c/en/whitlow","/c/en/felon","/c/en/legal","/c/en/outpost","/c/en/outstation"],"weight":0.2050999999999999},"num_concepts_raised":5519},{"base_id":667,"kind":"top_words","i1":1,"i2":2,"sol":{"path":["/c/en/analyst","/c/en/mathematics","/c/en/bouquet","/c/fr/fleurs","/c/en/edelweiss"],"weight":0.21068999999999982},"num_concepts_raised":20256},{"base_id":667,"kind":"top_words","i1":1,"i2":3,"sol":{"path":["/c/en/analyst","/c/en/computing","/c/en/giga"],"weight":0.20600000000000002},"num_concepts_raised":193},{"base_id":667,"kind":"top_words","i1":1,"i2":4,"sol":{"path":["/c/en/analyst","/c/cs/analytička","/c/en/female","/c/en/ovum"],"weight":0.21260999999999966},"num_concepts_raised":32676},{"base_id":667,"kind":"top_words","i1":1,"i2":5,"sol":{"path":["/c/en/analyst","/c/fr/analyste","/c/fr/politique","/c/en/politics","/c/en/brics"],"weight":0.22244999999999981},"num_concepts_raised":28723},{"base_id":667,"kind":"top_words","i1":1,"i2":6,"sol":{"path":["/c/en/analyst","/c/en/analyze","/c/en/dissect","/c/en/pathology","/c/en/myeloma"],"weight":0.21236999999999984},"num_concepts_raised":24964},{"base_id":667,"kind":"top_words","i1":1,"i2":7,"sol":{"path":["/c/en/analyst","/c/en/computing","/c/en/broker","/c/en/brokerage"],"weight":0.21180999999999972},"num_concepts_raised":22174},{"base_id":667,"kind":"top_words","i1":1,"i2":8,"sol":{"path":["/c/en/analyst","/c/en/mathematics","/c/en/weight","/c/en/boldness","/c/en/intrepidity"],"weight":0.2100899999999999},"num_concepts_raised":19526},{"base_id":667,"kind":"top_words","i1":1,"i2":9,"sol":{"path":["/c/en/analyst","/c/en/computing","/c/en/post","/c/en/outstation"],"weight":0.21009999999999984},"num_concepts_raised":22853},{"base_id":667,"kind":"top_words","i1":2,"i2":3,"sol":{"path":["/c/en/edelweiss","/c/en/alpine","/c/en/company","/c/en/giga"],"weight":0.2088899999999999},"num_concepts_raised":20007},{"base_id":667,"kind":"top_words","i1":2,"i2":4,"sol":{"path":["/c/en/edelweiss","/c/fr/édelweiss","/c/fr/montagne","/c/is/egg","/c/en/ovum"],"weight":0.20921999999999968},"num_concepts_raised":15201},{"base_id":667,"kind":"top_words","i1":2,"i2":5,"sol":{"path":["/c/en/edelweiss","/c/de/weiss","/c/de/gelb","/c/en/politics","/c/en/brics"],"weight":0.20912999999999982},"num_concepts_raised":11196},{"base_id":667,"kind":"top_words","i1":2,"i2":6,"sol":{"path":["/c/en/edelweiss","/c/de/edelweiss","/c/de/botanik","/c/de/krätze","/c/en/pathology","/c/en/myeloma"],"weight":0.21143209999999907},"num_concepts_raised":213368},{"base_id":667,"kind":"top_words","i1":2,"i2":7,"sol":{"path":["/c/en/edelweiss","/c/en/alpine","/c/en/company","/c/en/bucket_shop","/c/en/brokerage"],"weight":0.2038499999999997},"num_concepts_raised":4616},{"base_id":667,"kind":"top_words","i1":2,"i2":8,"sol":{"path":["/c/en/edelweiss","/c/fr/édelweiss","/c/fr/vivace","/c/en/hardy","/c/en/intrepid","/c/en/intrepidity"],"weight":0.21287779999999984},"num_concepts_raised":132708},{"base_id":667,"kind":"top_words","i1":2,"i2":9,"sol":{"path":["/c/en/edelweiss","/c/de/edel","/c/en/base","/c/en/post","/c/en/outstation"],"weight":0.20330999999999985},"num_concepts_raised":5346},{"base_id":667,"kind":"top_words","i1":3,"i2":4,"sol":{"path":["/c/en/giga","/c/en/giant","/c/en/animal","/c/en/ovum"],"weight":0.21293999999999974},"num_concepts_raised":32362},{"base_id":667,"kind":"top_words","i1":3,"i2":5,"sol":{"path":["/c/en/giga","/c/en/japan","/c/en/china","/c/en/brics"],"weight":0.2141599999999999},"num_concepts_raised":28419},{"base_id":667,"kind":"top_words","i1":3,"i2":6,"sol":{"path":["/c/en/giga","/c/en/computing","/c/en/wart","/c/en/pathology","/c/en/myeloma"],"weight":0.20865999999999996},"num_concepts_raised":24738},{"base_id":667,"kind":"top_words","i1":3,"i2":7,"sol":{"path":["/c/en/giga","/c/en/computing","/c/en/broker","/c/en/brokerage"],"weight":0.21013999999999977},"num_concepts_raised":21747},{"base_id":667,"kind":"top_words","i1":3,"i2":8,"sol":{"path":["/c/en/giga","/c/en/giant","/c/en/astronomy","/c/en/trepidation","/c/en/intrepidity"],"weight":0.21030999999999994},"num_concepts_raised":19281},{"base_id":667,"kind":"top_words","i1":3,"i2":9,"sol":{"path":["/c/en/giga","/c/en/computing","/c/en/post","/c/en/outstation"],"weight":0.20843999999999996},"num_concepts_raised":22588},{"base_id":667,"kind":"top_words","i1":4,"i2":5,"sol":{"path":["/c/en/ovum","/c/en/egg","/c/en/person","/c/en/china","/c/en/brics"],"weight":0.21308999999999967},"num_concepts_raised":23729},{"base_id":667,"kind":"top_words","i1":4,"i2":6,"sol":{"path":["/c/en/ovum","/c/en/cytology","/c/en/pathology","/c/en/myeloma"],"weight":0.20569999999999972},"num_concepts_raised":19894},{"base_id":667,"kind":"top_words","i1":4,"i2":7,"sol":{"path":["/c/en/ovum","/c/en/egg","/c/en/slang","/c/en/business","/c/en/brokerage"],"weight":0.20786999999999956},"num_concepts_raised":17196},{"base_id":667,"kind":"top_words","i1":4,"i2":8,"sol":{"path":["/c/en/ovum","/c/en/egg","/c/en/sphere","/c/en/trepidation","/c/en/intrepidity"],"weight":0.20716999999999972},"num_concepts_raised":14482},{"base_id":667,"kind":"top_words","i1":4,"i2":9,"sol":{"path":["/c/en/ovum","/c/en/egg","/c/en/chick","/c/en/post","/c/en/outstation"],"weight":0.2072799999999997},"num_concepts_raised":17880},{"base_id":667,"kind":"top_words","i1":5,"i2":6,"sol":{"path":["/c/en/brics","/c/en/china","/c/en/pandas","/c/en/pathology","/c/en/myeloma"],"weight":0.20878999999999986},"num_concepts_raised":15945},{"base_id":667,"kind":"top_words","i1":5,"i2":7,"sol":{"path":["/c/en/brics","/c/en/economics","/c/en/business","/c/en/brokerage"],"weight":0.20909999999999968},"num_concepts_raised":13114},{"base_id":667,"kind":"top_words","i1":5,"i2":8,"sol":{"path":["/c/en/brics","/c/en/china","/c/en/state","/c/la/audacia","/c/en/intrepidity"],"weight":0.20848999999999987},"num_concepts_raised":10478},{"base_id":667,"kind":"top_words","i1":5,"i2":9,"sol":{"path":["/c/en/brics","/c/en/india","/c/en/out_of_station","/c/en/out_of_town","/c/en/outstation"],"weight":0.20947999999999983},"num_concepts_raised":13921},{"base_id":667,"kind":"top_words","i1":6,"i2":7,"sol":{"path":["/c/en/myeloma","/c/en/pathology","/c/en/carrier","/c/en/business","/c/en/brokerage"],"weight":0.20351999999999976},"num_concepts_raised":9351},{"base_id":667,"kind":"top_words","i1":6,"i2":8,"sol":{"path":["/c/en/myeloma","/c/en/pathology","/c/en/indolent","/c/la/in","/c/en/intrepid","/c/en/intrepidity"],"weight":0.20813899999999902},"num_concepts_raised":153027},{"base_id":667,"kind":"top_words","i1":6,"i2":9,"sol":{"path":["/c/en/myeloma","/c/en/pathology","/c/en/postdrome","/c/en/post","/c/en/outstation"],"weight":0.20297999999999988},"num_concepts_raised":10085},{"base_id":667,"kind":"top_words","i1":7,"i2":8,"sol":{"path":["/c/en/brokerage","/c/en/business","/c/en/concern","/c/en/trepidation","/c/en/intrepidity"],"weight":0.20324999999999976},"num_concepts_raised":3878},{"base_id":667,"kind":"top_words","i1":7,"i2":9,"sol":{"path":["/c/en/brokerage","/c/en/commission","/c/en/military","/c/en/outpost","/c/en/outstation"],"weight":0.20541999999999971},"num_concepts_raised":7300},{"base_id":667,"kind":"top_words","i1":8,"i2":9,"sol":{"path":["/c/en/intrepidity","/c/ar/نجدة","/c/en/support","/c/en/post","/c/en/outstation"],"weight":0.2026499999999999},"num_concepts_raised":4618}]]