[[{"base_id":521,"kind":"bot_words","i1":0,"i2":1,"sol":{"path":["/c/en/urinalysis","/c/en/analysis","/c/en/process","/c/en/mobilization"],"weight":0.2154899999999998},"num_concepts_raised":33702},{"base_id":521,"kind":"bot_words","i1":0,"i2":2,"sol":{"path":["/c/en/urinalysis","/c/en/urine","/c/en/stale","/c/en/nubile","/c/en/nuptial"],"weight":0.2099399999999998},"num_concepts_raised":15294},{"base_id":521,"kind":"bot_words","i1":0,"i2":3,"sol":{"path":["/c/en/urinalysis","/c/en/analysis","/c/en/chemistry","/c/en/endosulfan"],"weight":0.21326999999999977},"num_concepts_raised":28458},{"base_id":521,"kind":"bot_words","i1":0,"i2":4,"sol":{"path":["/c/en/urinalysis","/c/en/medicine","/c/en/erosion","/c/en/geomorphology"],"weight":0.21473999999999951},"num_concepts_raised":20007},{"base_id":521,"kind":"bot_words","i1":0,"i2":5,"sol":{"path":["/c/en/urinalysis","/c/en/medicine","/c/en/tympany","/c/en/turgidness","/c/en/turgid"],"weight":0.20972999999999986},"num_concepts_raised":15545},{"base_id":521,"kind":"bot_words","i1":0,"i2":6,"sol":{"path":["/c/en/urinalysis","/c/en/medicine","/c/en/field","/c/fr/lieu","/c/en/pollack"],"weight":0.21356999999999976},"num_concepts_raised":15007},{"base_id":521,"kind":"bot_words","i1":0,"i2":7,"sol":{"path":["/c/en/urinalysis","/c/en/medicine","/c/en/dresser","/c/en/hoosier"],"weight":0.20821999999999982},"num_concepts_raised":44589},{"base_id":521,"kind":"bot_words","i1":0,"i2":8,"sol":{"path":["/c/en/urinalysis","/c/en/medicine","/c/en/simple","/c/en/duplicity"],"weight":0.21410999999999974},"num_concepts_raised":16519},{"base_id":521,"kind":"bot_words","i1":0,"i2":9,"sol":{"path":["/c/en/urinalysis","/c/en/medicine","/c/en/water","/c/en/food","/c/en/cannoli"],"weight":0.21403000000000003},"num_concepts_raised":17246},{"base_id":521,"kind":"bot_words","i1":1,"i2":2,"sol":{"path":["/c/en/mobilization","/c/en/social_event","/c/en/wedding","/c/en/nuptial"],"weight":0.21094999999999983},"num_concepts_raised":23259},{"base_id":521,"kind":"bot_words","i1":1,"i2":3,"sol":{"path":["/c/en/mobilization","/c/en/unit","/c/en/new_zealand","/c/en/endosulfan"],"weight":0.21511999999999978},"num_concepts_raised":36422},{"base_id":521,"kind":"bot_words","i1":1,"i2":4,"sol":{"path":["/c/en/mobilization","/c/en/geology","/c/fr/géologie","/c/en/geomorphology"],"weight":0.21721999999999952},"num_concepts_raised":27575},{"base_id":521,"kind":"bot_words","i1":1,"i2":5,"sol":{"path":["/c/en/mobilization","/c/en/mobile","/c/en/fluid","/c/en/turgid"],"weight":0.21479999999999988},"num_concepts_raised":23552},{"base_id":521,"kind":"bot_words","i1":1,"i2":6,"sol":{"path":["/c/en/mobilization","/c/fr/mobilisation","/c/fr/faire","/c/fr/lieu","/c/en/pollack"],"weight":0.22171999999999975},"num_concepts_raised":22987},{"base_id":521,"kind":"bot_words","i1":1,"i2":7,"sol":{"path":["/c/en/mobilization","/c/en/rock","/c/en/us","/c/en/hoosier"],"weight":0.21011999999999983},"num_concepts_raised":51917},{"base_id":521,"kind":"bot_words","i1":1,"i2":8,"sol":{"path":["/c/en/mobilization","/c/en/unit","/c/en/duplex","/c/en/duplicity"],"weight":0.21597999999999978},"num_concepts_raised":24422},{"base_id":521,"kind":"bot_words","i1":1,"i2":9,"sol":{"path":["/c/en/mobilization","/c/en/preparation","/c/en/food","/c/en/cannoli"],"weight":0.21583000000000002},"num_concepts_raised":25170},{"base_id":521,"kind":"bot_words","i1":2,"i2":3,"sol":{"path":["/c/en/nuptial","/c/en/marriage","/c/en/ring","/c/en/chemistry","/c/en/endosulfan"],"weight":0.2088099999999998},"num_concepts_raised":18016},{"base_id":521,"kind":"bot_words","i1":2,"i2":4,"sol":{"path":["/c/en/nuptial","/c/fr/nuptial","/c/fr/poêle","/c/cs/pánev","/c/en/geomorphology"],"weight":0.21107999999999955},"num_concepts_raised":9429},{"base_id":521,"kind":"bot_words","i1":2,"i2":5,"sol":{"path":["/c/en/nuptial","/c/en/marriage","/c/en/blood","/c/en/fluid","/c/en/turgid"],"weight":0.2042599999999999},"num_concepts_raised":4941},{"base_id":521,"kind":"bot_words","i1":2,"i2":6,"sol":{"path":["/c/en/nuptial","/c/en/wedding","/c/en/food","/c/en/pollock","/c/en/pollack"],"weight":0.21511999999999976},"num_concepts_raised":4306},{"base_id":521,"kind":"bot_words","i1":2,"i2":7,"sol":{"path":["/c/en/nuptial","/c/en/prenuptial","/c/en/us","/c/en/hoosier"],"weight":0.20349999999999985},"num_concepts_raised":34084},{"base_id":521,"kind":"bot_words","i1":2,"i2":8,"sol":{"path":["/c/en/nuptial","/c/it/matrimoniale","/c/en/double","/c/pt/duplicidade","/c/en/duplicity"],"weight":0.21142999999999978},"num_concepts_raised":5855},{"base_id":521,"kind":"bot_words","i1":2,"i2":9,"sol":{"path":["/c/en/nuptial","/c/en/wedding","/c/en/food","/c/en/cannoli"],"weight":0.20947000000000005},"num_concepts_raised":6567},{"base_id":521,"kind":"bot_words","i1":3,"i2":4,"sol":{"path":["/c/en/endosulfan","/c/en/chemistry","/c/en/history","/c/en/geomorphology"],"weight":0.2143299999999995},"num_concepts_raised":22813},{"base_id":521,"kind":"bot_words","i1":3,"i2":5,"sol":{"path":["/c/en/endosulfan","/c/en/chemistry","/c/en/air","/c/en/inflated","/c/en/turgid"],"weight":0.20842999999999984},"num_concepts_raised":18317},{"base_id":521,"kind":"bot_words","i1":3,"i2":6,"sol":{"path":["/c/en/endosulfan","/c/en/chemistry","/c/fr/eau","/c/fr/lieu","/c/en/pollack"],"weight":0.21316999999999975},"num_concepts_raised":17734},{"base_id":521,"kind":"bot_words","i1":3,"i2":7,"sol":{"path":["/c/en/endosulfan","/c/en/new_zealand","/c/en/hamilton","/c/en/indiana","/c/en/hoosier"],"weight":0.2089299999999998},"num_concepts_raised":47218},{"base_id":521,"kind":"bot_words","i1":3,"i2":8,"sol":{"path":["/c/en/endosulfan","/c/en/chemistry","/c/en/simple","/c/en/duplicity"],"weight":0.21370999999999973},"num_concepts_raised":19248},{"base_id":521,"kind":"bot_words","i1":3,"i2":9,"sol":{"path":["/c/en/endosulfan","/c/en/chemistry","/c/en/substance","/c/en/food","/c/en/cannoli"],"weight":0.21361000000000002},"num_concepts_raised":19950},{"base_id":521,"kind":"bot_words","i1":4,"i2":5,"sol":{"path":["/c/en/geomorphology","/c/ja/営力","/c/en/agent","/c/en/turgid"],"weight":0.2097199999999996},"num_concepts_raised":9769},{"base_id":521,"kind":"bot_words","i1":4,"i2":6,"sol":{"path":["/c/en/geomorphology","/c/en/declivity","/c/en/lean","/c/en/pollock","/c/en/pollack"],"weight":0.22068999999999947},"num_concepts_raised":9130},{"base_id":521,"kind":"bot_words","i1":4,"i2":7,"sol":{"path":["/c/en/geomorphology","/c/en/history","/c/en/american","/c/en/hoosier"],"weight":0.20933999999999955},"num_concepts_raised":38796},{"base_id":521,"kind":"bot_words","i1":4,"i2":8,"sol":{"path":["/c/en/geomorphology","/c/en/origin","/c/en/software","/c/en/duplicity"],"weight":0.2151399999999995},"num_concepts_raised":10655},{"base_id":521,"kind":"bot_words","i1":4,"i2":9,"sol":{"path":["/c/en/geomorphology","/c/fr/géologie","/c/en/crust","/c/en/pastry","/c/en/cannoli"],"weight":0.21549999999999975},"num_concepts_raised":11398},{"base_id":521,"kind":"bot_words","i1":5,"i2":6,"sol":{"path":["/c/en/turgid","/c/en/fluid","/c/en/field","/c/fr/lieu","/c/en/pollack"],"weight":0.20865999999999985},"num_concepts_raised":4653},{"base_id":521,"kind":"bot_words","i1":5,"i2":7,"sol":{"path":["/c/en/turgid","/c/en/turgor","/c/en/state","/c/en/indiana","/c/en/hoosier"],"weight":0.2044199999999999},"num_concepts_raised":34404},{"base_id":521,"kind":"bot_words","i1":5,"i2":8,"sol":{"path":["/c/en/turgid","/c/en/agent","/c/en/double","/c/pt/duplicidade","/c/en/duplicity"],"weight":0.21125999999999984},"num_concepts_raised":6193},{"base_id":521,"kind":"bot_words","i1":5,"i2":9,"sol":{"path":["/c/en/turgid","/c/en/inflated","/c/en/cost","/c/en/food","/c/en/cannoli"],"weight":0.2091400000000001},"num_concepts_raised":6905},{"base_id":521,"kind":"bot_words","i1":6,"i2":7,"sol":{"path":["/c/en/pollack","/c/en/pollock","/c/en/cod","/c/en/slang","/c/en/hoosier"],"weight":0.21424999999999977},"num_concepts_raised":33828},{"base_id":521,"kind":"bot_words","i1":6,"i2":8,"sol":{"path":["/c/en/pollack","/c/en/sydney_pollack","/c/en/person","/c/en/deception","/c/en/duplicity"],"weight":0.2140099999999997},"num_concepts_raised":5572},{"base_id":521,"kind":"bot_words","i1":6,"i2":9,"sol":{"path":["/c/en/pollack","/c/en/pollock","/c/en/food","/c/en/cannoli"],"weight":0.21997},"num_concepts_raised":6279},{"base_id":521,"kind":"bot_words","i1":7,"i2":8,"sol":{"path":["/c/en/hoosier","/c/en/us","/c/en/duplex","/c/en/duplicity"],"weight":0.2086699999999998},"num_concepts_raised":35220},{"base_id":521,"kind":"bot_words","i1":7,"i2":9,"sol":{"path":["/c/en/hoosier","/c/en/cupboard","/c/en/food","/c/en/cannoli"],"weight":0.20854000000000006},"num_concepts_raised":35831},{"base_id":521,"kind":"bot_words","i1":8,"i2":9,"sol":{"path":["/c/en/duplicity","/c/en/simple","/c/en/bread","/c/en/food","/c/en/cannoli"],"weight":0.21447},"num_concepts_raised":7831}],[{"base_id":521,"kind":"top_words","i1":0,"i2":1,"sol":{"path":["/c/en/isdn","/c/en/plain_old_telephone_service","/c/en/telephony"],"weight":0.20400000000000001},"num_concepts_raised":153},{"base_id":521,"kind":"top_words","i1":0,"i2":2,"sol":{"path":["/c/en/isdn","/c/en/telecommunications","/c/en/telecommunication","/c/en/wimax"],"weight":0.2081099999999997},"num_concepts_raised":12497},{"base_id":521,"kind":"top_words","i1":0,"i2":3,"sol":{"path":["/c/en/isdn","/c/en/telecommunications","/c/en/wire","/c/en/landline"],"weight":0.20374999999999988},"num_concepts_raised":22673},{"base_id":521,"kind":"top_words","i1":0,"i2":4,"sol":{"path":["/c/en/isdn","/c/en/chemistry","/c/en/mac","/c/en/ethernet"],"weight":0.20899999999999969},"num_concepts_raised":14504},{"base_id":521,"kind":"top_words","i1":0,"i2":5,"sol":{"path":["/c/en/isdn","/c/en/telecommunications","/c/en/broadband"],"weight":0.203},"num_concepts_raised":81},{"base_id":521,"kind":"top_words","i1":0,"i2":6,"sol":{"path":["/c/en/isdn","/c/ja/サービス_統合_ディジタル_網","/c/en/computer_terminology","/c/ja/lte","/c/en/lte"],"weight":0.20792999999999973},"num_concepts_raised":11706},{"base_id":521,"kind":"top_words","i1":0,"i2":7,"sol":{"path":["/c/en/isdn","/c/en/telecommunications","/c/nl/bandbreedte","/c/en/bandwidth"],"weight":0.2138699999999999},"num_concepts_raised":21143},{"base_id":521,"kind":"top_words","i1":0,"i2":8,"sol":{"path":["/c/en/isdn","/c/el/ψδευ","/c/en/computing","/c/en/paging"],"weight":0.2081799999999997},"num_concepts_raised":21887},{"base_id":521,"kind":"top_words","i1":0,"i2":9,"sol":{"path":["/c/en/isdn","/c/en/telecommunications","/c/en/wire","/c/en/wireless"],"weight":0.2104699999999996},"num_concepts_raised":20486},{"base_id":521,"kind":"top_words","i1":1,"i2":2,"sol":{"path":["/c/en/telephony","/c/en/telephone","/c/en/telecommunication","/c/en/wimax"],"weight":0.2168199999999995},"num_concepts_raised":10621},{"base_id":521,"kind":"top_words","i1":1,"i2":3,"sol":{"path":["/c/en/telephony","/c/en/telephone","/c/en/landline"],"weight":0.20500000000000002},"num_concepts_raised":191},{"base_id":521,"kind":"top_words","i1":1,"i2":4,"sol":{"path":["/c/en/telephony","/c/en/port","/c/en/hub","/c/en/ethernet"],"weight":0.21542999999999948},"num_concepts_raised":12581},{"base_id":521,"kind":"top_words","i1":1,"i2":5,"sol":{"path":["/c/en/telephony","/c/en/electromagnetic","/c/en/broadband"],"weight":0.20400000000000001},"num_concepts_raised":175},{"base_id":521,"kind":"top_words","i1":1,"i2":6,"sol":{"path":["/c/en/telephony","/c/en/mobile","/c/en/long_term_evolution","/c/ja/lte","/c/en/lte"],"weight":0.21435999999999952},"num_concepts_raised":9840},{"base_id":521,"kind":"top_words","i1":1,"i2":7,"sol":{"path":["/c/en/telephony","/c/en/electromagnetic","/c/en/broadband","/c/en/bandwidth"],"weight":0.21812999999999966},"num_concepts_raised":19037},{"base_id":521,"kind":"top_words","i1":1,"i2":8,"sol":{"path":["/c/en/telephony","/c/en/machine","/c/en/computing","/c/en/paging"],"weight":0.21468999999999952},"num_concepts_raised":19846},{"base_id":521,"kind":"top_words","i1":1,"i2":9,"sol":{"path":["/c/en/telephony","/c/ja/電話","/c/ja/無線","/c/en/wireless"],"weight":0.2208999999999994},"num_concepts_raised":18335},{"base_id":521,"kind":"top_words","i1":2,"i2":3,"sol":{"path":["/c/en/wimax","/c/en/wireless","/c/en/landline"],"weight":0.20400000000000001},"num_concepts_raised":129},{"base_id":521,"kind":"top_words","i1":2,"i2":4,"sol":{"path":["/c/en/wimax","/c/en/wi_fi","/c/en/local_area_network","/c/en/ethernet"],"weight":0.21647999999999956},"num_concepts_raised":3857},{"base_id":521,"kind":"top_words","i1":2,"i2":5,"sol":{"path":["/c/en/wimax","/c/en/telecommunication","/c/fi/laajakaista","/c/en/broadband"],"weight":0.21105999999999983},"num_concepts_raised":7317},{"base_id":521,"kind":"top_words","i1":2,"i2":6,"sol":{"path":["/c/en/wimax","/c/en/telecommunication","/c/en/communication","/c/en/long_term_evolution","/c/ja/lte","/c/en/lte"],"weight":0.2157599999999994},"num_concepts_raised":67051},{"base_id":521,"kind":"top_words","i1":2,"i2":7,"sol":{"path":["/c/en/wimax","/c/en/telecommunication","/c/fr/télécommunications","/c/en/bandwidth"],"weight":0.21509999999999976},"num_concepts_raised":10591},{"base_id":521,"kind":"top_words","i1":2,"i2":8,"sol":{"path":["/c/en/wimax","/c/en/wi_fi","/c/en/computing","/c/en/paging"],"weight":0.2156599999999996},"num_concepts_raised":11313},{"base_id":521,"kind":"top_words","i1":2,"i2":9,"sol":{"path":["/c/en/wimax","/c/en/wireless"],"weight":0.20600000000000002},"num_concepts_raised":228},{"base_id":521,"kind":"top_words","i1":3,"i2":4,"sol":{"path":["/c/en/landline","/c/en/cable","/c/en/10base2","/c/en/ethernet"],"weight":0.20999999999999974},"num_concepts_raised":13996},{"base_id":521,"kind":"top_words","i1":3,"i2":5,"sol":{"path":["/c/en/landline","/c/en/wire","/c/en/telecommunications","/c/en/broadband"],"weight":0.20575000000000002},"num_concepts_raised":17298},{"base_id":521,"kind":"top_words","i1":3,"i2":6,"sol":{"path":["/c/en/landline","/c/en/mobile","/c/en/long_term_evolution","/c/ja/lte","/c/en/lte"],"weight":0.2088899999999998},"num_concepts_raised":11280},{"base_id":521,"kind":"top_words","i1":3,"i2":7,"sol":{"path":["/c/en/landline","/c/en/line","/c/en/band","/c/en/bandwidth"],"weight":0.21078999999999992},"num_concepts_raised":20506},{"base_id":521,"kind":"top_words","i1":3,"i2":8,"sol":{"path":["/c/en/landline","/c/en/mobile","/c/en/page","/c/en/paging"],"weight":0.20913999999999977},"num_concepts_raised":21252},{"base_id":521,"kind":"top_words","i1":3,"i2":9,"sol":{"path":["/c/en/landline","/c/en/wireless"],"weight":0.20400000000000001},"num_concepts_raised":238},{"base_id":521,"kind":"top_words","i1":4,"i2":5,"sol":{"path":["/c/en/ethernet","/c/en/mac","/c/en/telecommunications","/c/en/broadband"],"weight":0.2109799999999998},"num_concepts_raised":9309},{"base_id":521,"kind":"top_words","i1":4,"i2":6,"sol":{"path":["/c/en/ethernet","/c/ja/イーサネット","/c/en/computer_terminology","/c/ja/lte","/c/en/lte"],"weight":0.21827999999999956},"num_concepts_raised":3043},{"base_id":521,"kind":"top_words","i1":4,"i2":7,"sol":{"path":["/c/en/ethernet","/c/en/always","/c/en/frequency","/c/en/bandwidth"],"weight":0.21604999999999974},"num_concepts_raised":12502},{"base_id":521,"kind":"top_words","i1":4,"i2":8,"sol":{"path":["/c/en/ethernet","/c/en/10base2","/c/en/computing","/c/en/paging"],"weight":0.2145899999999996},"num_concepts_raised":13245},{"base_id":521,"kind":"top_words","i1":4,"i2":9,"sol":{"path":["/c/en/ethernet","/c/en/packet","/c/en/network","/c/en/wireless"],"weight":0.21670999999999946},"num_concepts_raised":11867},{"base_id":521,"kind":"top_words","i1":5,"i2":6,"sol":{"path":["/c/en/broadband","/c/ja/広帯域","/c/en/computer_terminology","/c/ja/lte","/c/en/lte"],"weight":0.20974999999999983},"num_concepts_raised":6558},{"base_id":521,"kind":"top_words","i1":5,"i2":7,"sol":{"path":["/c/en/broadband","/c/en/bandwidth"],"weight":0.20600000000000002},"num_concepts_raised":141},{"base_id":521,"kind":"top_words","i1":5,"i2":8,"sol":{"path":["/c/en/broadband","/c/en/telecommunications","/c/en/capcode","/c/en/paging"],"weight":0.21006999999999987},"num_concepts_raised":16451},{"base_id":521,"kind":"top_words","i1":5,"i2":9,"sol":{"path":["/c/en/broadband","/c/fr/télécommunications","/c/fr/sans_fil","/c/en/wireless"],"weight":0.2185099999999997},"num_concepts_raised":15033},{"base_id":521,"kind":"top_words","i1":6,"i2":7,"sol":{"path":["/c/en/lte","/c/ja/lte","/c/en/computer_terminology","/c/ja/バンド_幅","/c/en/bandwidth"],"weight":0.21480999999999978},"num_concepts_raised":9810},{"base_id":521,"kind":"top_words","i1":6,"i2":8,"sol":{"path":["/c/en/lte","/c/ja/lte","/c/en/computer_terminology","/c/ja/ページング","/c/en/paging"],"weight":0.21531999999999962},"num_concepts_raised":10527},{"base_id":521,"kind":"top_words","i1":6,"i2":9,"sol":{"path":["/c/en/lte","/c/ja/lte","/c/en/long_term_evolution","/c/en/communication","/c/en/wireless"],"weight":0.2156399999999995},"num_concepts_raised":9168},{"base_id":521,"kind":"top_words","i1":7,"i2":8,"sol":{"path":["/c/en/bandwidth","/c/el/εύροσ_ζώνησ","/c/en/computing","/c/en/paging"],"weight":0.21716999999999978},"num_concepts_raised":19830},{"base_id":521,"kind":"top_words","i1":7,"i2":9,"sol":{"path":["/c/en/bandwidth","/c/fr/télécommunications","/c/fr/sans_fil","/c/en/wireless"],"weight":0.22356999999999966},"num_concepts_raised":18328},{"base_id":521,"kind":"top_words","i1":8,"i2":9,"sol":{"path":["/c/en/paging","/c/fr/radiomessagerie","/c/fr/radio","/c/en/wireless"],"weight":0.2178599999999995},"num_concepts_raised":19059}]]