[[{"base_id":697,"kind":"bot_words","i1":0,"i2":1,"sol":{"path":["/c/en/insistent","/c/en/persistent","/c/en/mathematics","/c/en/fibre","/c/en/sisal"],"weight":0.20390999999999965},"num_concepts_raised":15617},{"base_id":697,"kind":"bot_words","i1":0,"i2":2,"sol":{"path":["/c/en/insistent","/c/en/stand","/c/en/repulsion","/c/en/repulse"],"weight":0.2077399999999996},"num_concepts_raised":20227},{"base_id":697,"kind":"bot_words","i1":0,"i2":3,"sol":{"path":["/c/en/insistent","/c/en/persistent","/c/en/easterly","/c/en/eastern","/c/en/easterner"],"weight":0.20499999999999968},"num_concepts_raised":17741},{"base_id":697,"kind":"bot_words","i1":0,"i2":4,"sol":{"path":["/c/en/insistent","/c/en/base","/c/en/pan","/c/en/evaporate","/c/en/evaporator"],"weight":0.2056499999999997},"num_concepts_raised":18591},{"base_id":697,"kind":"bot_words","i1":0,"i2":5,"sol":{"path":["/c/en/insistent","/c/en/stand","/c/en/repulsion","/c/en/standoff"],"weight":0.20366999999999968},"num_concepts_raised":22901},{"base_id":697,"kind":"bot_words","i1":0,"i2":6,"sol":{"path":["/c/en/insistent","/c/en/stand","/c/en/bed","/c/en/comfort","/c/en/comforting"],"weight":0.20620999999999956},"num_concepts_raised":17082},{"base_id":697,"kind":"bot_words","i1":0,"i2":7,"sol":{"path":["/c/en/insistent","/c/en/repetitive","/c/en/practice","/c/en/mock","/c/en/mockingly"],"weight":0.2045899999999997},"num_concepts_raised":15511},{"base_id":697,"kind":"bot_words","i1":0,"i2":8,"sol":{"path":["/c/en/insistent","/c/en/base","/c/en/chemistry","/c/en/progestin"],"weight":0.20391999999999957},"num_concepts_raised":26445},{"base_id":697,"kind":"bot_words","i1":0,"i2":9,"sol":{"path":["/c/en/insistent","/c/en/base","/c/en/low","/c/en/understate"],"weight":0.20404999999999962},"num_concepts_raised":22697},{"base_id":697,"kind":"bot_words","i1":1,"i2":2,"sol":{"path":["/c/en/sisal","/c/en/mat","/c/en/slang","/c/en/reject","/c/en/repulse"],"weight":0.20396999999999973},"num_concepts_raised":6755},{"base_id":697,"kind":"bot_words","i1":1,"i2":3,"sol":{"path":["/c/en/sisal","/c/es/ayate","/c/en/historical","/c/en/east","/c/en/easterner"],"weight":0.20308999999999983},"num_concepts_raised":4170},{"base_id":697,"kind":"bot_words","i1":1,"i2":4,"sol":{"path":["/c/en/sisal","/c/en/mat","/c/en/equipment","/c/en/evaporator"],"weight":0.20290999999999984},"num_concepts_raised":5078},{"base_id":697,"kind":"bot_words","i1":1,"i2":5,"sol":{"path":["/c/en/sisal","/c/en/mat","/c/en/sign","/c/en/standoff"],"weight":0.20293999999999984},"num_concepts_raised":9648},{"base_id":697,"kind":"bot_words","i1":1,"i2":6,"sol":{"path":["/c/en/sisal","/c/en/mat","/c/en/bed","/c/en/comfort","/c/en/comforting"],"weight":0.2054399999999997},"num_concepts_raised":3558},{"base_id":697,"kind":"bot_words","i1":1,"i2":7,"sol":{"path":["/c/en/sisal","/c/en/fibre","/c/en/tease","/c/en/mock","/c/en/mockingly"],"weight":0.20382999999999984},"num_concepts_raised":1899},{"base_id":697,"kind":"bot_words","i1":1,"i2":8,"sol":{"path":["/c/en/sisal","/c/en/hecogenin","/c/en/drug","/c/en/progesterone","/c/en/progestin"],"weight":0.20439999999999975},"num_concepts_raised":12975},{"base_id":697,"kind":"bot_words","i1":1,"i2":9,"sol":{"path":["/c/en/sisal","/c/en/fibre","/c/en/computing","/c/en/minimize","/c/en/understate"],"weight":0.2035499999999998},"num_concepts_raised":9433},{"base_id":697,"kind":"bot_words","i1":2,"i2":3,"sol":{"path":["/c/en/repulse","/c/xcl/հարուած","/c/en/blow","/c/en/eastern","/c/en/easterner"],"weight":0.20473999999999978},"num_concepts_raised":8898},{"base_id":697,"kind":"bot_words","i1":2,"i2":4,"sol":{"path":["/c/en/repulse","/c/en/repel","/c/en/wear","/c/en/equipment","/c/en/evaporator"],"weight":0.20614999999999978},"num_concepts_raised":9786},{"base_id":697,"kind":"bot_words","i1":2,"i2":5,"sol":{"path":["/c/en/repulse","/c/en/repulsion","/c/en/standoff"],"weight":0.20500000000000002},"num_concepts_raised":104},{"base_id":697,"kind":"bot_words","i1":2,"i2":6,"sol":{"path":["/c/en/repulse","/c/en/disgust","/c/en/emotion","/c/en/comfort","/c/en/comforting"],"weight":0.20625999999999964},"num_concepts_raised":8281},{"base_id":697,"kind":"bot_words","i1":2,"i2":7,"sol":{"path":["/c/en/repulse","/c/en/repulsion","/c/en/film","/c/en/ridicule","/c/en/mockingly"],"weight":0.2068299999999998},"num_concepts_raised":6606},{"base_id":697,"kind":"bot_words","i1":2,"i2":8,"sol":{"path":["/c/en/repulse","/c/en/repulsion","/c/en/physics","/c/en/chemistry","/c/en/progestin"],"weight":0.20726999999999968},"num_concepts_raised":17685},{"base_id":697,"kind":"bot_words","i1":2,"i2":9,"sol":{"path":["/c/en/repulse","/c/ar/رد","/c/en/state","/c/en/understate"],"weight":0.20410999999999974},"num_concepts_raised":14079},{"base_id":697,"kind":"bot_words","i1":3,"i2":4,"sol":{"path":["/c/en/easterner","/c/en/eastern","/c/en/rice","/c/en/refrigerator","/c/en/evaporator"],"weight":0.20397999999999988},"num_concepts_raised":7231},{"base_id":697,"kind":"bot_words","i1":3,"i2":5,"sol":{"path":["/c/en/easterner","/c/en/united_states","/c/en/us","/c/en/stand_off","/c/en/standoff"],"weight":0.2049299999999999},"num_concepts_raised":11808},{"base_id":697,"kind":"bot_words","i1":3,"i2":6,"sol":{"path":["/c/en/easterner","/c/en/eastern","/c/en/southern","/c/en/comfort","/c/en/comforting"],"weight":0.20645999999999975},"num_concepts_raised":5703},{"base_id":697,"kind":"bot_words","i1":3,"i2":7,"sol":{"path":["/c/en/easterner","/c/en/westerner","/c/en/person","/c/en/ridicule","/c/en/mockingly"],"weight":0.2028199999999999},"num_concepts_raised":4045},{"base_id":697,"kind":"bot_words","i1":3,"i2":8,"sol":{"path":["/c/en/easterner","/c/en/united_states","/c/en/breakdown","/c/en/chemistry","/c/en/progestin"],"weight":0.2031899999999998},"num_concepts_raised":15140},{"base_id":697,"kind":"bot_words","i1":3,"i2":9,"sol":{"path":["/c/en/easterner","/c/en/east","/c/en/state","/c/en/understate"],"weight":0.20346999999999985},"num_concepts_raised":11459},{"base_id":697,"kind":"bot_words","i1":4,"i2":5,"sol":{"path":["/c/en/evaporator","/c/en/equipment","/c/en/device","/c/en/standoff"],"weight":0.2027999999999999},"num_concepts_raised":12550},{"base_id":697,"kind":"bot_words","i1":4,"i2":6,"sol":{"path":["/c/en/evaporator","/c/en/heat","/c/en/soup","/c/en/comforting"],"weight":0.20326999999999976},"num_concepts_raised":6572},{"base_id":697,"kind":"bot_words","i1":4,"i2":7,"sol":{"path":["/c/en/evaporator","/c/en/heat","/c/en/action","/c/en/mocking","/c/en/mockingly"],"weight":0.20278999999999991},"num_concepts_raised":4960},{"base_id":697,"kind":"bot_words","i1":4,"i2":8,"sol":{"path":["/c/en/evaporator","/c/en/rotary_evaporator","/c/en/chemistry","/c/en/progestin"],"weight":0.20418999999999982},"num_concepts_raised":15816},{"base_id":697,"kind":"bot_words","i1":4,"i2":9,"sol":{"path":["/c/en/evaporator","/c/en/heat","/c/en/state","/c/en/understate"],"weight":0.20329999999999984},"num_concepts_raised":12400},{"base_id":697,"kind":"bot_words","i1":5,"i2":6,"sol":{"path":["/c/en/standoff","/c/en/draw","/c/en/soup","/c/en/comforting"],"weight":0.20324999999999976},"num_concepts_raised":11183},{"base_id":697,"kind":"bot_words","i1":5,"i2":7,"sol":{"path":["/c/en/standoff","/c/en/draw","/c/pt/tirar","/c/en/mock","/c/en/mockingly"],"weight":0.2037699999999999},"num_concepts_raised":9557},{"base_id":697,"kind":"bot_words","i1":5,"i2":8,"sol":{"path":["/c/en/standoff","/c/en/device","/c/en/contraceptive","/c/en/progesterone","/c/en/progestin"],"weight":0.2042999999999998},"num_concepts_raised":20567},{"base_id":697,"kind":"bot_words","i1":5,"i2":9,"sol":{"path":["/c/en/standoff","/c/en/stand_off","/c/en/us","/c/en/state","/c/en/understate"],"weight":0.20531999999999984},"num_concepts_raised":16910},{"base_id":697,"kind":"bot_words","i1":6,"i2":7,"sol":{"path":["/c/en/comforting","/c/en/soup","/c/en/mock_turtle_soup","/c/en/mock","/c/en/mockingly"],"weight":0.20415999999999976},"num_concepts_raised":3436},{"base_id":697,"kind":"bot_words","i1":6,"i2":8,"sol":{"path":["/c/en/comforting","/c/en/satisfying","/c/en/solid","/c/en/chemistry","/c/en/progestin"],"weight":0.20455999999999963},"num_concepts_raised":14523},{"base_id":697,"kind":"bot_words","i1":6,"i2":9,"sol":{"path":["/c/en/comforting","/c/en/comfort","/c/en/state","/c/en/understate"],"weight":0.2057399999999997},"num_concepts_raised":10938},{"base_id":697,"kind":"bot_words","i1":7,"i2":8,"sol":{"path":["/c/en/mockingly","/c/en/mock","/c/en/counterfeit","/c/en/synthetic","/c/en/progestin"],"weight":0.20414999999999978},"num_concepts_raised":12865},{"base_id":697,"kind":"bot_words","i1":7,"i2":9,"sol":{"path":["/c/en/mockingly","/c/en/ridicule","/c/fi/vähätellä","/c/en/understate"],"weight":0.20527999999999985},"num_concepts_raised":9293},{"base_id":697,"kind":"bot_words","i1":8,"i2":9,"sol":{"path":["/c/en/progestin","/c/en/chemistry","/c/fr/réduire","/c/en/understate"],"weight":0.20355999999999974},"num_concepts_raised":20351}],[{"base_id":697,"kind":"top_words","i1":0,"i2":1,"sol":{"path":["/c/en/eredivisie","/c/en/soccer_league","/c/en/serie"],"weight":0.20900000000000002},"num_concepts_raised":132},{"base_id":697,"kind":"top_words","i1":0,"i2":2,"sol":{"path":["/c/en/eredivisie","/c/en/football","/c/en/sub","/c/en/layer","/c/en/tier"],"weight":0.21084999999999948},"num_concepts_raised":28127},{"base_id":697,"kind":"top_words","i1":0,"i2":3,"sol":{"path":["/c/en/eredivisie","/c/en/soccer_league","/c/en/bundesliga"],"weight":0.20900000000000002},"num_concepts_raised":144},{"base_id":697,"kind":"top_words","i1":0,"i2":4,"sol":{"path":["/c/en/eredivisie","/c/en/football","/c/en/australia","/c/en/arabic","/c/en/gimel"],"weight":0.20815999999999976},"num_concepts_raised":4383},{"base_id":697,"kind":"top_words","i1":0,"i2":5,"sol":{"path":["/c/en/eredivisie","/c/nl/eredivisie","/c/en/sports","/c/en/relegate","/c/en/relegation"],"weight":0.20912999999999973},"num_concepts_raised":3855},{"base_id":697,"kind":"top_words","i1":0,"i2":6,"sol":{"path":["/c/en/eredivisie","/c/en/football","/c/en/canada","/c/en/diary","/c/en/daybook"],"weight":0.20985999999999963},"num_concepts_raised":8326},{"base_id":697,"kind":"top_words","i1":0,"i2":7,"sol":{"path":["/c/en/eredivisie","/c/en/football","/c/en/round","/c/en/medicine","/c/en/amphotericin"],"weight":0.20802999999999977},"num_concepts_raised":13084},{"base_id":697,"kind":"top_words","i1":0,"i2":8,"sol":{"path":["/c/en/eredivisie","/c/en/football","/c/en/quarter","/c/en/quartile"],"weight":0.20813999999999966},"num_concepts_raised":9188},{"base_id":697,"kind":"top_words","i1":0,"i2":9,"sol":{"path":["/c/en/eredivisie","/c/en/football","/c/en/run","/c/en/ladder"],"weight":0.21724999999999955},"num_concepts_raised":32306},{"base_id":697,"kind":"top_words","i1":1,"i2":2,"sol":{"path":["/c/en/serie","/c/en/series","/c/fr/rang","/c/en/tier"],"weight":0.2152699999999995},"num_concepts_raised":28120},{"base_id":697,"kind":"top_words","i1":1,"i2":3,"sol":{"path":["/c/en/serie","/c/en/soccer_league","/c/en/bundesliga"],"weight":0.21200000000000002},"num_concepts_raised":166},{"base_id":697,"kind":"top_words","i1":1,"i2":4,"sol":{"path":["/c/en/serie","/c/en/series","/c/en/number","/c/en/arabic","/c/en/gimel"],"weight":0.21277999999999977},"num_concepts_raised":4493},{"base_id":697,"kind":"top_words","i1":1,"i2":5,"sol":{"path":["/c/en/serie","/c/en/soccer_league","/c/en/league","/c/en/relegate","/c/en/relegation"],"weight":0.21568999999999977},"num_concepts_raised":3983},{"base_id":697,"kind":"top_words","i1":1,"i2":6,"sol":{"path":["/c/en/serie","/c/en/series","/c/en/periodical","/c/en/journal","/c/en/daybook"],"weight":0.21535999999999966},"num_concepts_raised":8456},{"base_id":697,"kind":"top_words","i1":1,"i2":7,"sol":{"path":["/c/en/serie","/c/en/series","/c/de/faszikel","/c/en/medicine","/c/en/amphotericin"],"weight":0.2126099999999998},"num_concepts_raised":13210},{"base_id":697,"kind":"top_words","i1":1,"i2":8,"sol":{"path":["/c/en/serie","/c/en/soccer_league","/c/en/premier_league","/c/en/statistics","/c/en/quartile"],"weight":0.2149399999999997},"num_concepts_raised":9297},{"base_id":697,"kind":"top_words","i1":1,"i2":9,"sol":{"path":["/c/en/serie","/c/en/series","/c/en/scale","/c/en/ladder"],"weight":0.21989999999999954},"num_concepts_raised":32326},{"base_id":697,"kind":"top_words","i1":2,"i2":3,"sol":{"path":["/c/en/tier","/c/en/layer","/c/en/sub","/c/en/football","/c/en/bundesliga"],"weight":0.21544999999999942},"num_concepts_raised":28205},{"base_id":697,"kind":"top_words","i1":2,"i2":4,"sol":{"path":["/c/en/tier","/c/en/rank","/c/en/third","/c/en/gimel"],"weight":0.20447999999999966},"num_concepts_raised":30401},{"base_id":697,"kind":"top_words","i1":2,"i2":5,"sol":{"path":["/c/en/tier","/c/en/rank","/c/en/relegate","/c/en/relegation"],"weight":0.20545999999999964},"num_concepts_raised":29803},{"base_id":697,"kind":"top_words","i1":2,"i2":6,"sol":{"path":["/c/en/tier","/c/en/computing","/c/en/journal","/c/en/daybook"],"weight":0.20693999999999954},"num_concepts_raised":33973},{"base_id":697,"kind":"top_words","i1":2,"i2":7,"sol":{"path":["/c/en/tier","/c/en/grade","/c/en/medicine","/c/en/amphotericin"],"weight":0.20429999999999965},"num_concepts_raised":39055},{"base_id":697,"kind":"top_words","i1":2,"i2":8,"sol":{"path":["/c/en/tier","/c/en/level","/c/en/mark","/c/en/quartile"],"weight":0.2047399999999996},"num_concepts_raised":34697},{"base_id":697,"kind":"top_words","i1":2,"i2":9,"sol":{"path":["/c/en/tier","/c/en/sequence","/c/en/ladder"],"weight":0.202},"num_concepts_raised":521},{"base_id":697,"kind":"top_words","i1":3,"i2":4,"sol":{"path":["/c/en/bundesliga","/c/en/football","/c/en/australia","/c/en/arabic","/c/en/gimel"],"weight":0.21275999999999973},"num_concepts_raised":4460},{"base_id":697,"kind":"top_words","i1":3,"i2":5,"sol":{"path":["/c/en/bundesliga","/c/en/soccer_league","/c/en/league","/c/en/relegate","/c/en/relegation"],"weight":0.2157399999999997},"num_concepts_raised":3933},{"base_id":697,"kind":"top_words","i1":3,"i2":6,"sol":{"path":["/c/en/bundesliga","/c/en/football","/c/en/canada","/c/en/diary","/c/en/daybook"],"weight":0.2144599999999996},"num_concepts_raised":8403},{"base_id":697,"kind":"top_words","i1":3,"i2":7,"sol":{"path":["/c/en/bundesliga","/c/en/football","/c/en/round","/c/en/medicine","/c/en/amphotericin"],"weight":0.2126299999999997},"num_concepts_raised":13161},{"base_id":697,"kind":"top_words","i1":3,"i2":8,"sol":{"path":["/c/en/bundesliga","/c/en/football","/c/en/quarter","/c/en/quartile"],"weight":0.21273999999999962},"num_concepts_raised":9266},{"base_id":697,"kind":"top_words","i1":3,"i2":9,"sol":{"path":["/c/en/bundesliga","/c/en/football","/c/en/run","/c/en/ladder"],"weight":0.2218499999999995},"num_concepts_raised":32383},{"base_id":697,"kind":"top_words","i1":4,"i2":5,"sol":{"path":["/c/en/gimel","/c/en/syriac","/c/en/person","/c/en/relegate","/c/en/relegation"],"weight":0.20399999999999993},"num_concepts_raised":6241},{"base_id":697,"kind":"top_words","i1":4,"i2":6,"sol":{"path":["/c/en/gimel","/c/en/hebrew","/c/en/log","/c/en/journal","/c/en/daybook"],"weight":0.2057299999999998},"num_concepts_raised":10717},{"base_id":697,"kind":"top_words","i1":4,"i2":7,"sol":{"path":["/c/en/gimel","/c/en/third","/c/en/base","/c/en/amphoteric","/c/en/amphotericin"],"weight":0.20380999999999996},"num_concepts_raised":15468},{"base_id":697,"kind":"top_words","i1":4,"i2":8,"sol":{"path":["/c/en/gimel","/c/en/letter","/c/en/point","/c/en/quartile"],"weight":0.20306999999999986},"num_concepts_raised":11503},{"base_id":697,"kind":"top_words","i1":4,"i2":9,"sol":{"path":["/c/en/gimel","/c/en/third","/c/en/scale","/c/en/ladder"],"weight":0.21011999999999972},"num_concepts_raised":34590},{"base_id":697,"kind":"top_words","i1":5,"i2":6,"sol":{"path":["/c/en/relegation","/c/en/drop","/c/en/nautical","/c/en/daybook"],"weight":0.2032199999999998},"num_concepts_raised":10173},{"base_id":697,"kind":"top_words","i1":5,"i2":7,"sol":{"path":["/c/en/relegation","/c/en/religation","/c/en/ligation","/c/en/medicine","/c/en/amphotericin"],"weight":0.20384999999999992},"num_concepts_raised":14944},{"base_id":697,"kind":"top_words","i1":5,"i2":8,"sol":{"path":["/c/en/relegation","/c/en/drop","/c/en/point","/c/en/quartile"],"weight":0.20303999999999983},"num_concepts_raised":10982},{"base_id":697,"kind":"top_words","i1":5,"i2":9,"sol":{"path":["/c/en/relegation","/c/en/drop","/c/en/go","/c/en/ladder"],"weight":0.2097999999999997},"num_concepts_raised":33903},{"base_id":697,"kind":"top_words","i1":6,"i2":7,"sol":{"path":["/c/en/daybook","/c/en/journal","/c/en/pin","/c/en/medicine","/c/en/amphotericin"],"weight":0.20550999999999983},"num_concepts_raised":19398},{"base_id":697,"kind":"top_words","i1":6,"i2":8,"sol":{"path":["/c/en/daybook","/c/en/nautical","/c/en/square","/c/en/quartile"],"weight":0.20340999999999976},"num_concepts_raised":15409},{"base_id":697,"kind":"top_words","i1":6,"i2":9,"sol":{"path":["/c/en/daybook","/c/en/nautical","/c/en/run","/c/en/ladder"],"weight":0.21255999999999958},"num_concepts_raised":38215},{"base_id":697,"kind":"top_words","i1":7,"i2":8,"sol":{"path":["/c/en/amphotericin","/c/en/medicine","/c/en/point","/c/en/quartile"],"weight":0.20297999999999988},"num_concepts_raised":20233},{"base_id":697,"kind":"top_words","i1":7,"i2":9,"sol":{"path":["/c/en/amphotericin","/c/en/medicine","/c/en/round","/c/en/ladder"],"weight":0.20958999999999972},"num_concepts_raised":43241},{"base_id":697,"kind":"top_words","i1":8,"i2":9,"sol":{"path":["/c/en/quartile","/c/en/point","/c/en/run","/c/en/ladder"],"weight":0.21222999999999964},"num_concepts_raised":38821}]]