[[{"base_id":843,"kind":"bot_words","i1":0,"i2":1,"sol":{"path":["/c/en/wolframite","/c/en/iron","/c/en/symbol","/c/en/trefot","/c/en/norns"],"weight":0.2135899999999998},"num_concepts_raised":9131},{"base_id":843,"kind":"bot_words","i1":0,"i2":2,"sol":{"path":["/c/en/wolframite","/c/en/oxygen","/c/en/medicine","/c/es/trombocitopenia","/c/en/thrombocytopenia"],"weight":0.21865000000000004},"num_concepts_raised":13171},{"base_id":843,"kind":"bot_words","i1":0,"i2":3,"sol":{"path":["/c/en/wolframite","/c/en/mineral","/c/en/water","/c/en/island","/c/en/nias"],"weight":0.2179499999999998},"num_concepts_raised":13094},{"base_id":843,"kind":"bot_words","i1":0,"i2":4,"sol":{"path":["/c/en/wolframite","/c/en/mineral","/c/en/molecule","/c/en/dimer"],"weight":0.21157999999999988},"num_concepts_raised":24366},{"base_id":843,"kind":"bot_words","i1":0,"i2":5,"sol":{"path":["/c/en/wolframite","/c/en/mineral","/c/en/plant","/c/en/ragwort"],"weight":0.21080999999999983},"num_concepts_raised":20173},{"base_id":843,"kind":"bot_words","i1":0,"i2":6,"sol":{"path":["/c/en/wolframite","/c/en/iron","/c/en/blacksmith","/c/en/pacific"],"weight":0.2107499999999995},"num_concepts_raised":29627},{"base_id":843,"kind":"bot_words","i1":0,"i2":7,"sol":{"path":["/c/en/wolframite","/c/en/mineral","/c/en/animal","/c/en/fish","/c/en/pomacentridae"],"weight":0.21595999999999987},"num_concepts_raised":12833},{"base_id":843,"kind":"bot_words","i1":0,"i2":8,"sol":{"path":["/c/en/wolframite","/c/en/oxygen","/c/en/book","/c/en/prestige"],"weight":0.2161999999999996},"num_concepts_raised":33703},{"base_id":843,"kind":"bot_words","i1":0,"i2":9,"sol":{"path":["/c/en/wolframite","/c/en/mineral","/c/en/canker","/c/en/venomous","/c/en/malicious"],"weight":0.21554999999999946},"num_concepts_raised":17935},{"base_id":843,"kind":"bot_words","i1":1,"i2":2,"sol":{"path":["/c/en/norns","/c/en/norn","/c/en/language","/c/en/sign","/c/en/disease","/c/en/thrombocytopenia"],"weight":0.21825529999999915},"num_concepts_raised":199088},{"base_id":843,"kind":"bot_words","i1":1,"i2":3,"sol":{"path":["/c/en/norns","/c/en/norn","/c/en/orkney_islands","/c/en/island","/c/en/nias"],"weight":0.21517999999999968},"num_concepts_raised":4274},{"base_id":843,"kind":"bot_words","i1":1,"i2":4,"sol":{"path":["/c/en/norns","/c/en/trefot","/c/en/symbol","/c/en/atom","/c/en/dimer"],"weight":0.20875999999999975},"num_concepts_raised":15886},{"base_id":843,"kind":"bot_words","i1":1,"i2":5,"sol":{"path":["/c/en/norns","/c/de/nornen","/c/de/norne","/c/en/plant","/c/en/ragwort"],"weight":0.2080699999999997},"num_concepts_raised":11399},{"base_id":843,"kind":"bot_words","i1":1,"i2":6,"sol":{"path":["/c/en/norns","/c/en/trefot","/c/en/symbol","/c/en/peace","/c/en/pacific"],"weight":0.21146999999999935},"num_concepts_raised":20862},{"base_id":843,"kind":"bot_words","i1":1,"i2":7,"sol":{"path":["/c/en/norns","/c/is/norn","/c/en/witch","/c/en/fish","/c/en/pomacentridae"],"weight":0.21316999999999975},"num_concepts_raised":4012},{"base_id":843,"kind":"bot_words","i1":1,"i2":8,"sol":{"path":["/c/en/norns","/c/en/norn","/c/en/language","/c/en/sociolinguistics","/c/en/prestige"],"weight":0.21560999999999947},"num_concepts_raised":24965},{"base_id":843,"kind":"bot_words","i1":1,"i2":9,"sol":{"path":["/c/en/norns","/c/en/norn","/c/en/propose","/c/en/mean","/c/en/malicious"],"weight":0.21200999999999934},"num_concepts_raised":9132},{"base_id":843,"kind":"bot_words","i1":2,"i2":3,"sol":{"path":["/c/en/thrombocytopenia","/c/en/disease","/c/en/isolation","/c/en/island","/c/en/nias"],"weight":0.21616999999999992},"num_concepts_raised":8334},{"base_id":843,"kind":"bot_words","i1":2,"i2":4,"sol":{"path":["/c/en/thrombocytopenia","/c/es/trombocitopenia","/c/en/medicine","/c/en/bridge","/c/en/dimer"],"weight":0.2138},"num_concepts_raised":19926},{"base_id":843,"kind":"bot_words","i1":2,"i2":5,"sol":{"path":["/c/en/thrombocytopenia","/c/en/hematology","/c/en/blood","/c/en/plant","/c/en/ragwort"],"weight":0.20913999999999994},"num_concepts_raised":15397},{"base_id":843,"kind":"bot_words","i1":2,"i2":6,"sol":{"path":["/c/en/thrombocytopenia","/c/es/trombocitopenia","/c/en/medicine","/c/en/ptc","/c/en/pacific"],"weight":0.21516999999999958},"num_concepts_raised":24894},{"base_id":843,"kind":"bot_words","i1":2,"i2":7,"sol":{"path":["/c/en/thrombocytopenia","/c/en/disease","/c/en/atlantic_cod","/c/en/fish","/c/en/pomacentridae"],"weight":0.21416999999999997},"num_concepts_raised":8063},{"base_id":843,"kind":"bot_words","i1":2,"i2":8,"sol":{"path":["/c/en/thrombocytopenia","/c/es/trombocitopenia","/c/en/medicine","/c/en/status","/c/en/prestige"],"weight":0.22080999999999967},"num_concepts_raised":28914},{"base_id":843,"kind":"bot_words","i1":2,"i2":9,"sol":{"path":["/c/en/thrombocytopenia","/c/en/disease","/c/en/evil","/c/en/malicious"],"weight":0.21463999999999955},"num_concepts_raised":13103},{"base_id":843,"kind":"bot_words","i1":3,"i2":4,"sol":{"path":["/c/en/nias","/c/en/island","/c/en/tangible_thing","/c/en/polymer","/c/en/dimer"],"weight":0.21211999999999975},"num_concepts_raised":19843},{"base_id":843,"kind":"bot_words","i1":3,"i2":5,"sol":{"path":["/c/en/nias","/c/en/island","/c/en/water","/c/en/plant","/c/en/ragwort"],"weight":0.2102999999999997},"num_concepts_raised":15338},{"base_id":843,"kind":"bot_words","i1":3,"i2":6,"sol":{"path":["/c/en/nias","/c/en/island","/c/en/pacific_ocean","/c/en/pacific"],"weight":0.21716999999999934},"num_concepts_raised":24572},{"base_id":843,"kind":"bot_words","i1":3,"i2":7,"sol":{"path":["/c/en/nias","/c/en/island","/c/en/fish","/c/en/pomacentridae"],"weight":0.21536999999999973},"num_concepts_raised":7959},{"base_id":843,"kind":"bot_words","i1":3,"i2":8,"sol":{"path":["/c/en/nias","/c/en/island","/c/en/book","/c/en/prestige"],"weight":0.21778999999999946},"num_concepts_raised":28820},{"base_id":843,"kind":"bot_words","i1":3,"i2":9,"sol":{"path":["/c/en/nias","/c/en/island","/c/en/trees","/c/en/evil","/c/en/malicious"],"weight":0.21581999999999935},"num_concepts_raised":13087},{"base_id":843,"kind":"bot_words","i1":4,"i2":5,"sol":{"path":["/c/en/dimer","/c/fr/dimère","/c/fr/composé","/c/fr/séneçon","/c/en/ragwort"],"weight":0.20679999999999976},"num_concepts_raised":26846},{"base_id":843,"kind":"bot_words","i1":4,"i2":6,"sol":{"path":["/c/en/dimer","/c/en/chemistry","/c/en/ptc","/c/en/pacific"],"weight":0.20612999999999942},"num_concepts_raised":36335},{"base_id":843,"kind":"bot_words","i1":4,"i2":7,"sol":{"path":["/c/en/dimer","/c/en/bridge","/c/en/fish","/c/en/pomacentridae"],"weight":0.20892999999999978},"num_concepts_raised":19569},{"base_id":843,"kind":"bot_words","i1":4,"i2":8,"sol":{"path":["/c/en/dimer","/c/en/bridge","/c/en/high","/c/en/prestige"],"weight":0.21134999999999954},"num_concepts_raised":40331},{"base_id":843,"kind":"bot_words","i1":4,"i2":9,"sol":{"path":["/c/en/dimer","/c/en/chemistry","/c/en/radical","/c/en/evil","/c/en/malicious"],"weight":0.2096599999999994},"num_concepts_raised":24668},{"base_id":843,"kind":"bot_words","i1":5,"i2":6,"sol":{"path":["/c/en/ragwort","/c/en/wild","/c/en/calm","/c/en/pacific"],"weight":0.20541999999999938},"num_concepts_raised":31818},{"base_id":843,"kind":"bot_words","i1":5,"i2":7,"sol":{"path":["/c/en/ragwort","/c/en/plant","/c/en/animal","/c/en/fish","/c/en/pomacentridae"],"weight":0.20831999999999976},"num_concepts_raised":15065},{"base_id":843,"kind":"bot_words","i1":5,"i2":8,"sol":{"path":["/c/en/ragwort","/c/en/plant","/c/en/person","/c/en/prestige"],"weight":0.21072999999999947},"num_concepts_raised":35786},{"base_id":843,"kind":"bot_words","i1":5,"i2":9,"sol":{"path":["/c/en/ragwort","/c/en/rag","/c/en/prank","/c/en/malicious"],"weight":0.20664999999999933},"num_concepts_raised":20157},{"base_id":843,"kind":"bot_words","i1":6,"i2":7,"sol":{"path":["/c/en/pacific","/c/en/shark","/c/en/fish","/c/en/pomacentridae"],"weight":0.2105499999999994},"num_concepts_raised":24399},{"base_id":843,"kind":"bot_words","i1":6,"i2":8,"sol":{"path":["/c/en/pacific","/c/en/peaceful","/c/en/person","/c/en/prestige"],"weight":0.21447999999999914},"num_concepts_raised":45108},{"base_id":843,"kind":"bot_words","i1":6,"i2":9,"sol":{"path":["/c/en/pacific","/c/en/bocaccio","/c/en/venomous","/c/en/malicious"],"weight":0.20994999999999903},"num_concepts_raised":29553},{"base_id":843,"kind":"bot_words","i1":7,"i2":8,"sol":{"path":["/c/en/pomacentridae","/c/en/fish","/c/en/person","/c/en/prestige"],"weight":0.2158099999999995},"num_concepts_raised":28581},{"base_id":843,"kind":"bot_words","i1":7,"i2":9,"sol":{"path":["/c/en/pomacentridae","/c/en/fish","/c/en/person","/c/en/evil","/c/en/malicious"],"weight":0.2139799999999994},"num_concepts_raised":12828},{"base_id":843,"kind":"bot_words","i1":8,"i2":9,"sol":{"path":["/c/en/prestige","/c/en/person","/c/en/evil","/c/en/malicious"],"weight":0.21643999999999913},"num_concepts_raised":33336}],[{"base_id":843,"kind":"top_words","i1":0,"i2":1,"sol":{"path":["/c/en/vicuña","/c/en/mammal","/c/en/donkey","/c/en/jennet"],"weight":0.20835999999999968},"num_concepts_raised":6552},{"base_id":843,"kind":"top_words","i1":0,"i2":2,"sol":{"path":["/c/en/vicuña","/c/en/mammal","/c/en/dog","/c/en/god","/c/en/lares"],"weight":0.2132199999999997},"num_concepts_raised":5088},{"base_id":843,"kind":"top_words","i1":0,"i2":3,"sol":{"path":["/c/en/vicuña","/c/en/mammal","/c/en/bird","/c/en/junco"],"weight":0.2157899999999997},"num_concepts_raised":7625},{"base_id":843,"kind":"top_words","i1":0,"i2":4,"sol":{"path":["/c/en/vicuña","/c/en/mammal","/c/en/person","/c/en/eleazar"],"weight":0.21345999999999973},"num_concepts_raised":15256},{"base_id":843,"kind":"top_words","i1":0,"i2":5,"sol":{"path":["/c/en/vicuña","/c/en/mammal","/c/en/person","/c/en/youth","/c/en/hebe"],"weight":0.2163699999999995},"num_concepts_raised":38264},{"base_id":843,"kind":"top_words","i1":0,"i2":6,"sol":{"path":["/c/en/vicuña","/c/en/camel","/c/en/desert","/c/en/island","/c/en/coll"],"weight":0.21568999999999955},"num_concepts_raised":128702},{"base_id":843,"kind":"top_words","i1":0,"i2":7,"sol":{"path":["/c/en/vicuña","/c/en/camel","/c/en/vessel","/c/en/tube","/c/en/cannula"],"weight":0.20968999999999968},"num_concepts_raised":21444},{"base_id":843,"kind":"top_words","i1":0,"i2":8,"sol":{"path":["/c/en/vicuña","/c/en/mammal","/c/fr/mammifère","/c/fr/défense","/c/en/proscription"],"weight":0.2083999999999997},"num_concepts_raised":6236},{"base_id":843,"kind":"top_words","i1":0,"i2":9,"sol":{"path":["/c/en/vicuña","/c/en/mammal","/c/en/person","/c/en/adele","/c/en/adela"],"weight":0.2156099999999997},"num_concepts_raised":5104},{"base_id":843,"kind":"top_words","i1":1,"i2":2,"sol":{"path":["/c/en/jennet","/c/en/horse","/c/en/family","/c/en/household_deity","/c/en/lares"],"weight":0.20972999999999986},"num_concepts_raised":6078},{"base_id":843,"kind":"top_words","i1":1,"i2":3,"sol":{"path":["/c/en/jennet","/c/en/donkey","/c/en/nautical","/c/es/junco","/c/en/junco"],"weight":0.21431999999999984},"num_concepts_raised":8622},{"base_id":843,"kind":"top_words","i1":1,"i2":4,"sol":{"path":["/c/en/jennet","/c/en/spanish","/c/en/person","/c/en/eleazar"],"weight":0.2079399999999999},"num_concepts_raised":16204},{"base_id":843,"kind":"top_words","i1":1,"i2":5,"sol":{"path":["/c/en/jennet","/c/en/horse","/c/en/slang","/c/en/hebe"],"weight":0.20879999999999965},"num_concepts_raised":39018},{"base_id":843,"kind":"top_words","i1":1,"i2":6,"sol":{"path":["/c/en/jennet","/c/en/spanish","/c/en/english","/c/en/coll"],"weight":0.20800999999999975},"num_concepts_raised":129628},{"base_id":843,"kind":"top_words","i1":1,"i2":7,"sol":{"path":["/c/en/jennet","/c/en/ass","/c/en/body","/c/en/cannula"],"weight":0.20316999999999985},"num_concepts_raised":22400},{"base_id":843,"kind":"top_words","i1":1,"i2":8,"sol":{"path":["/c/en/jennet","/c/en/horse","/c/en/history","/c/en/proscription"],"weight":0.20286999999999983},"num_concepts_raised":7227},{"base_id":843,"kind":"top_words","i1":1,"i2":9,"sol":{"path":["/c/en/jennet","/c/en/jenny","/c/de/englisch","/c/en/adelaide","/c/en/adela"],"weight":0.21108999999999983},"num_concepts_raised":6105},{"base_id":843,"kind":"top_words","i1":2,"i2":3,"sol":{"path":["/c/en/lares","/c/en/artificial_satellite","/c/en/bird","/c/en/junco"],"weight":0.21520999999999985},"num_concepts_raised":7124},{"base_id":843,"kind":"top_words","i1":2,"i2":4,"sol":{"path":["/c/en/lares","/c/en/god","/c/en/person","/c/en/eleazar"],"weight":0.2129799999999999},"num_concepts_raised":14641},{"base_id":843,"kind":"top_words","i1":2,"i2":5,"sol":{"path":["/c/en/lares","/c/en/roman","/c/en/hebe"],"weight":0.20600000000000002},"num_concepts_raised":110},{"base_id":843,"kind":"top_words","i1":2,"i2":6,"sol":{"path":["/c/en/lares","/c/en/roman","/c/en/legal","/c/en/coll"],"weight":0.21297999999999975},"num_concepts_raised":128131},{"base_id":843,"kind":"top_words","i1":2,"i2":7,"sol":{"path":["/c/en/lares","/c/en/god","/c/en/body","/c/en/cannula"],"weight":0.20813999999999988},"num_concepts_raised":20911},{"base_id":843,"kind":"top_words","i1":2,"i2":8,"sol":{"path":["/c/en/lares","/c/en/household_deity","/c/en/mythology","/c/en/history","/c/en/proscription"],"weight":0.20981999999999987},"num_concepts_raised":5687},{"base_id":843,"kind":"top_words","i1":2,"i2":9,"sol":{"path":["/c/en/lares","/c/en/god","/c/en/person","/c/en/adele","/c/en/adela"],"weight":0.21511999999999987},"num_concepts_raised":4582},{"base_id":843,"kind":"top_words","i1":3,"i2":4,"sol":{"path":["/c/en/junco","/c/en/north_american","/c/en/person","/c/en/eleazar"],"weight":0.2133299999999999},"num_concepts_raised":17266},{"base_id":843,"kind":"top_words","i1":3,"i2":5,"sol":{"path":["/c/en/junco","/c/en/snowbird","/c/en/slang","/c/en/hebe"],"weight":0.2182199999999997},"num_concepts_raised":40177},{"base_id":843,"kind":"top_words","i1":3,"i2":6,"sol":{"path":["/c/en/junco","/c/en/north_american","/c/en/english","/c/en/coll"],"weight":0.21339999999999976},"num_concepts_raised":130717},{"base_id":843,"kind":"top_words","i1":3,"i2":7,"sol":{"path":["/c/en/junco","/c/en/bird","/c/en/aviation","/c/en/cannula"],"weight":0.21069999999999983},"num_concepts_raised":23465},{"base_id":843,"kind":"top_words","i1":3,"i2":8,"sol":{"path":["/c/en/junco","/c/es/junco","/c/en/nautical","/c/fr/défense","/c/en/proscription"],"weight":0.21435999999999986},"num_concepts_raised":8277},{"base_id":843,"kind":"top_words","i1":3,"i2":9,"sol":{"path":["/c/en/junco","/c/en/bird","/c/en/ring","/c/en/adele","/c/en/adela"],"weight":0.21766999999999984},"num_concepts_raised":7119},{"base_id":843,"kind":"top_words","i1":4,"i2":5,"sol":{"path":["/c/en/eleazar","/c/en/person","/c/en/youth","/c/en/hebe"],"weight":0.21612999999999974},"num_concepts_raised":47388},{"base_id":843,"kind":"top_words","i1":4,"i2":6,"sol":{"path":["/c/en/eleazar","/c/en/person","/c/en/hug","/c/en/coll"],"weight":0.2154299999999998},"num_concepts_raised":138062},{"base_id":843,"kind":"top_words","i1":4,"i2":7,"sol":{"path":["/c/en/eleazar","/c/en/person","/c/en/body","/c/en/cannula"],"weight":0.2084399999999999},"num_concepts_raised":30875},{"base_id":843,"kind":"top_words","i1":4,"i2":8,"sol":{"path":["/c/en/eleazar","/c/en/person","/c/en/prescription","/c/en/proscription"],"weight":0.20802999999999988},"num_concepts_raised":15856},{"base_id":843,"kind":"top_words","i1":4,"i2":9,"sol":{"path":["/c/en/eleazar","/c/en/person","/c/en/adele","/c/en/adela"],"weight":0.2153699999999999},"num_concepts_raised":14764},{"base_id":843,"kind":"top_words","i1":5,"i2":6,"sol":{"path":["/c/en/hebe","/c/en/counterpart","/c/en/legal","/c/en/coll"],"weight":0.21407999999999958},"num_concepts_raised":160662},{"base_id":843,"kind":"top_words","i1":5,"i2":7,"sol":{"path":["/c/en/hebe","/c/en/slang","/c/en/tube","/c/en/cannula"],"weight":0.21018999999999968},"num_concepts_raised":53628},{"base_id":843,"kind":"top_words","i1":5,"i2":8,"sol":{"path":["/c/en/hebe","/c/en/youth","/c/en/time_period","/c/en/prohibition","/c/en/proscription"],"weight":0.2111099999999997},"num_concepts_raised":38860},{"base_id":843,"kind":"top_words","i1":5,"i2":9,"sol":{"path":["/c/en/hebe","/c/en/slang","/c/en/alice","/c/en/adela"],"weight":0.21401999999999968},"num_concepts_raised":37728},{"base_id":843,"kind":"top_words","i1":6,"i2":7,"sol":{"path":["/c/en/coll","/c/en/island","/c/en/tangible_thing","/c/en/cannula"],"weight":0.21059999999999976},"num_concepts_raised":144275},{"base_id":843,"kind":"top_words","i1":6,"i2":8,"sol":{"path":["/c/en/coll","/c/en/legal","/c/fr/défense","/c/en/proscription"],"weight":0.20821999999999974},"num_concepts_raised":129205},{"base_id":843,"kind":"top_words","i1":6,"i2":9,"sol":{"path":["/c/en/coll","/c/en/given_name","/c/en/adele","/c/en/adela"],"weight":0.21549999999999975},"num_concepts_raised":128180},{"base_id":843,"kind":"top_words","i1":7,"i2":8,"sol":{"path":["/c/en/cannula","/c/en/medicine","/c/en/history","/c/en/proscription"],"weight":0.20341999999999988},"num_concepts_raised":22017},{"base_id":843,"kind":"top_words","i1":7,"i2":9,"sol":{"path":["/c/en/cannula","/c/en/tube","/c/en/australia","/c/en/adelaide","/c/en/adela"],"weight":0.21150999999999986},"num_concepts_raised":20954},{"base_id":843,"kind":"top_words","i1":8,"i2":9,"sol":{"path":["/c/en/proscription","/c/en/prescription","/c/en/person","/c/en/adele","/c/en/adela"],"weight":0.21017999999999987},"num_concepts_raised":5740}]]