[[{"base_id":967,"kind":"bot_words","i1":0,"i2":1,"sol":{"path":["/c/en/kipchak","/c/en/cuman","/c/en/historical","/c/en/exempt","/c/en/immune"],"weight":0.20626999999999956},"num_concepts_raised":27967},{"base_id":967,"kind":"bot_words","i1":0,"i2":2,"sol":{"path":["/c/en/kipchak","/c/en/cuman","/c/en/historical","/c/en/navel","/c/en/abdomen"],"weight":0.21929999999999936},"num_concepts_raised":51929},{"base_id":967,"kind":"bot_words","i1":0,"i2":3,"sol":{"path":["/c/en/kipchak","/c/en/steppe","/c/en/open","/c/en/park","/c/en/ballpark"],"weight":0.20568999999999976},"num_concepts_raised":24452},{"base_id":967,"kind":"bot_words","i1":0,"i2":4,"sol":{"path":["/c/en/kipchak","/c/en/steppe","/c/en/rock","/c/en/person","/c/en/unfortunate","/c/en/unlucky"],"weight":0.2162082999999992},"num_concepts_raised":426342},{"base_id":967,"kind":"bot_words","i1":0,"i2":5,"sol":{"path":["/c/en/kipchak","/c/en/steppe","/c/en/rock","/c/en/bug","/c/en/schizophrenic"],"weight":0.20380999999999982},"num_concepts_raised":12667},{"base_id":967,"kind":"bot_words","i1":0,"i2":6,"sol":{"path":["/c/en/kipchak","/c/en/eurasian","/c/en/ruffe","/c/en/species","/c/en/coevolution"],"weight":0.20812999999999982},"num_concepts_raised":7765},{"base_id":967,"kind":"bot_words","i1":0,"i2":7,"sol":{"path":["/c/en/kipchak","/c/en/steppe","/c/en/gazelle","/c/en/mammal","/c/en/adrenal_gland","/c/en/adrenal"],"weight":0.20759819999999982},"num_concepts_raised":166074},{"base_id":967,"kind":"bot_words","i1":0,"i2":8,"sol":{"path":["/c/en/kipchak","/c/en/cuman","/c/en/historical","/c/en/vortex","/c/en/contrail"],"weight":0.20988999999999985},"num_concepts_raised":6966},{"base_id":967,"kind":"bot_words","i1":0,"i2":9,"sol":{"path":["/c/en/kipchak","/c/en/turkic","/c/fr/linguistique","/c/en/linguistics","/c/en/salience"],"weight":0.2030499999999998},"num_concepts_raised":8938},{"base_id":967,"kind":"bot_words","i1":1,"i2":2,"sol":{"path":["/c/en/immune","/c/en/person","/c/en/body","/c/en/abdomen"],"weight":0.22007999999999908},"num_concepts_raised":77693},{"base_id":967,"kind":"bot_words","i1":1,"i2":3,"sol":{"path":["/c/en/immune","/c/en/medicine","/c/en/ball","/c/en/ballpark"],"weight":0.20607999999999949},"num_concepts_raised":50817},{"base_id":967,"kind":"bot_words","i1":1,"i2":4,"sol":{"path":["/c/en/immune","/c/en/person","/c/en/unfortunate","/c/en/unlucky"],"weight":0.20979999999999896},"num_concepts_raised":31462},{"base_id":967,"kind":"bot_words","i1":1,"i2":5,"sol":{"path":["/c/en/immune","/c/fr/immunitaire","/c/fr/médecine","/c/en/schizophrenic"],"weight":0.20731999999999956},"num_concepts_raised":39122},{"base_id":967,"kind":"bot_words","i1":1,"i2":6,"sol":{"path":["/c/en/immune","/c/en/medicine","/c/en/species","/c/en/coevolution"],"weight":0.20972999999999956},"num_concepts_raised":34689},{"base_id":967,"kind":"bot_words","i1":1,"i2":7,"sol":{"path":["/c/en/immune","/c/en/medicine","/c/en/steroid","/c/en/adrenal"],"weight":0.20450999999999958},"num_concepts_raised":29552},{"base_id":967,"kind":"bot_words","i1":1,"i2":8,"sol":{"path":["/c/en/immune","/c/en/medicine","/c/en/moist","/c/en/contrail"],"weight":0.2103999999999996},"num_concepts_raised":33906},{"base_id":967,"kind":"bot_words","i1":1,"i2":9,"sol":{"path":["/c/en/immune","/c/en/person","/c/en/relative","/c/en/salience"],"weight":0.20447999999999952},"num_concepts_raised":35707},{"base_id":967,"kind":"bot_words","i1":2,"i2":3,"sol":{"path":["/c/en/abdomen","/c/en/stomach","/c/en/stand","/c/en/ballpark"],"weight":0.22476999999999925},"num_concepts_raised":74143},{"base_id":967,"kind":"bot_words","i1":2,"i2":4,"sol":{"path":["/c/en/abdomen","/c/ko/복","/c/en/luck","/c/en/unlucky"],"weight":0.21965999999999875},"num_concepts_raised":55433},{"base_id":967,"kind":"bot_words","i1":2,"i2":5,"sol":{"path":["/c/en/abdomen","/c/vi/bụng","/c/en/personality","/c/en/schizophrenic"],"weight":0.21911999999999937},"num_concepts_raised":63240},{"base_id":967,"kind":"bot_words","i1":2,"i2":6,"sol":{"path":["/c/en/abdomen","/c/en/body","/c/en/organism","/c/en/coevolution"],"weight":0.22400999999999938},"num_concepts_raised":58403},{"base_id":967,"kind":"bot_words","i1":2,"i2":7,"sol":{"path":["/c/en/abdomen","/c/en/body","/c/en/kidney","/c/en/adrenal"],"weight":0.21876999999999938},"num_concepts_raised":53372},{"base_id":967,"kind":"bot_words","i1":2,"i2":8,"sol":{"path":["/c/en/abdomen","/c/en/waist","/c/en/aircraft","/c/en/contrail"],"weight":0.2223599999999994},"num_concepts_raised":57713},{"base_id":967,"kind":"bot_words","i1":2,"i2":9,"sol":{"path":["/c/en/abdomen","/c/en/anatomy","/c/en/superdominant","/c/en/salience"],"weight":0.21752999999999934},"num_concepts_raised":59633},{"base_id":967,"kind":"bot_words","i1":3,"i2":4,"sol":{"path":["/c/en/ballpark","/c/en/estimate","/c/en/job","/c/en/unfortunate","/c/en/unlucky"],"weight":0.20997999999999917},"num_concepts_raised":27950},{"base_id":967,"kind":"bot_words","i1":3,"i2":5,"sol":{"path":["/c/en/ballpark","/c/en/us","/c/en/bug","/c/en/schizophrenic"],"weight":0.20447999999999977},"num_concepts_raised":36161},{"base_id":967,"kind":"bot_words","i1":3,"i2":6,"sol":{"path":["/c/en/ballpark","/c/en/general","/c/en/evolution","/c/en/coevolution"],"weight":0.21088999999999974},"num_concepts_raised":31260},{"base_id":967,"kind":"bot_words","i1":3,"i2":7,"sol":{"path":["/c/en/ballpark","/c/en/us","/c/en/steroid","/c/en/adrenal"],"weight":0.20359999999999978},"num_concepts_raised":26100},{"base_id":967,"kind":"bot_words","i1":3,"i2":8,"sol":{"path":["/c/en/ballpark","/c/en/park","/c/en/trail","/c/en/contrail"],"weight":0.21177999999999977},"num_concepts_raised":30278},{"base_id":967,"kind":"bot_words","i1":3,"i2":9,"sol":{"path":["/c/en/ballpark","/c/en/close","/c/en/linguistics","/c/en/salience"],"weight":0.20473999999999976},"num_concepts_raised":32230},{"base_id":967,"kind":"bot_words","i1":4,"i2":5,"sol":{"path":["/c/en/unlucky","/c/fr/fâcheux","/c/fr/personne","/c/fr/schizophrène","/c/en/schizophrenic"],"weight":0.2105799999999992},"num_concepts_raised":16247},{"base_id":967,"kind":"bot_words","i1":4,"i2":6,"sol":{"path":["/c/en/unlucky","/c/en/unfortunate","/c/en/person","/c/en/organism","/c/en/coevolution"],"weight":0.21380999999999922},"num_concepts_raised":11370},{"base_id":967,"kind":"bot_words","i1":4,"i2":7,"sol":{"path":["/c/en/unlucky","/c/th/อุบาทว์","/c/en/slang","/c/en/kidney","/c/en/adrenal"],"weight":0.20559999999999926},"num_concepts_raised":6105},{"base_id":967,"kind":"bot_words","i1":4,"i2":8,"sol":{"path":["/c/en/unlucky","/c/en/unfortunate","/c/en/lose","/c/en/trail","/c/en/contrail"],"weight":0.21446999999999922},"num_concepts_raised":10548},{"base_id":967,"kind":"bot_words","i1":4,"i2":9,"sol":{"path":["/c/en/unlucky","/c/en/unfortunate","/c/en/fortune","/c/en/condition","/c/en/salience"],"weight":0.20881999999999917},"num_concepts_raised":12499},{"base_id":967,"kind":"bot_words","i1":5,"i2":6,"sol":{"path":["/c/en/schizophrenic","/c/fr/médecine","/c/fr/évolution","/c/en/evolution","/c/en/coevolution"],"weight":0.21248999999999985},"num_concepts_raised":19435},{"base_id":967,"kind":"bot_words","i1":5,"i2":7,"sol":{"path":["/c/en/schizophrenic","/c/en/schizo","/c/en/slang","/c/en/kidney","/c/en/adrenal"],"weight":0.20614999999999986},"num_concepts_raised":14298},{"base_id":967,"kind":"bot_words","i1":5,"i2":8,"sol":{"path":["/c/en/schizophrenic","/c/en/schizo","/c/en/slang","/c/en/cloud","/c/en/contrail"],"weight":0.21211999999999986},"num_concepts_raised":18742},{"base_id":967,"kind":"bot_words","i1":5,"i2":9,"sol":{"path":["/c/en/schizophrenic","/c/en/schizophrenia","/c/en/condition","/c/en/salience"],"weight":0.20426999999999979},"num_concepts_raised":20681},{"base_id":967,"kind":"bot_words","i1":6,"i2":7,"sol":{"path":["/c/en/coevolution","/c/en/evolution","/c/en/sports","/c/en/steroid","/c/en/adrenal"],"weight":0.21047999999999983},"num_concepts_raised":9398},{"base_id":967,"kind":"bot_words","i1":6,"i2":8,"sol":{"path":["/c/en/coevolution","/c/en/evolution","/c/en/change","/c/en/cloud","/c/en/contrail"],"weight":0.21647999999999984},"num_concepts_raised":13842},{"base_id":967,"kind":"bot_words","i1":6,"i2":9,"sol":{"path":["/c/en/coevolution","/c/en/organism","/c/en/relative","/c/en/salience"],"weight":0.2084999999999998},"num_concepts_raised":15781},{"base_id":967,"kind":"bot_words","i1":7,"i2":8,"sol":{"path":["/c/en/adrenal","/c/en/kidney","/c/en/slang","/c/en/cloud","/c/en/contrail"],"weight":0.20918999999999988},"num_concepts_raised":8606},{"base_id":967,"kind":"bot_words","i1":7,"i2":9,"sol":{"path":["/c/en/adrenal","/c/en/adrenal_gland","/c/en/anatomy","/c/en/superdominant","/c/en/salience"],"weight":0.20437999999999984},"num_concepts_raised":10588},{"base_id":967,"kind":"bot_words","i1":8,"i2":9,"sol":{"path":["/c/en/contrail","/c/en/cloud","/c/en/condition","/c/en/salience"],"weight":0.20919999999999983},"num_concepts_raised":14980}],[{"base_id":967,"kind":"top_words","i1":0,"i2":1,"sol":{"path":["/c/en/kilogram","/c/en/ton","/c/en/tons"],"weight":0.20400000000000001},"num_concepts_raised":326},{"base_id":967,"kind":"top_words","i1":0,"i2":2,"sol":{"path":["/c/en/kilogram","/c/en/kg"],"weight":0.20600000000000002},"num_concepts_raised":281},{"base_id":967,"kind":"top_words","i1":0,"i2":3,"sol":{"path":["/c/en/kilogram","/c/en/kilo","/c/en/metric"],"weight":0.20700000000000002},"num_concepts_raised":474},{"base_id":967,"kind":"top_words","i1":0,"i2":4,"sol":{"path":["/c/en/kilogram","/c/en/liter","/c/en/cubic"],"weight":0.20400000000000001},"num_concepts_raised":398},{"base_id":967,"kind":"top_words","i1":0,"i2":5,"sol":{"path":["/c/en/kilogram","/c/en/ton"],"weight":0.20600000000000002},"num_concepts_raised":469},{"base_id":967,"kind":"top_words","i1":0,"i2":6,"sol":{"path":["/c/en/kilogram","/c/en/tonne"],"weight":0.20400000000000001},"num_concepts_raised":307},{"base_id":967,"kind":"top_words","i1":0,"i2":7,"sol":{"path":["/c/en/kilogram","/c/en/liter"],"weight":0.20400000000000001},"num_concepts_raised":421},{"base_id":967,"kind":"top_words","i1":0,"i2":8,"sol":{"path":["/c/en/kilogram","/c/en/kilo"],"weight":0.20900000000000002},"num_concepts_raised":325},{"base_id":967,"kind":"top_words","i1":0,"i2":9,"sol":{"path":["/c/en/kilogram","/c/en/liter","/c/en/gallon"],"weight":0.20500000000000002},"num_concepts_raised":457},{"base_id":967,"kind":"top_words","i1":1,"i2":2,"sol":{"path":["/c/en/tons","/c/en/ton","/c/en/kilogram","/c/en/kg"],"weight":0.20430999999999974},"num_concepts_raised":4387},{"base_id":967,"kind":"top_words","i1":1,"i2":3,"sol":{"path":["/c/en/tons","/c/ms/banyak","/c/en/measure","/c/en/metric"],"weight":0.2088099999999993},"num_concepts_raised":49249},{"base_id":967,"kind":"top_words","i1":1,"i2":4,"sol":{"path":["/c/en/tons","/c/en/lot","/c/en/square","/c/en/cubic"],"weight":0.2076499999999996},"num_concepts_raised":21446},{"base_id":967,"kind":"top_words","i1":1,"i2":5,"sol":{"path":["/c/en/tons","/c/en/ton"],"weight":0.20400000000000001},"num_concepts_raised":278},{"base_id":967,"kind":"top_words","i1":1,"i2":6,"sol":{"path":["/c/en/tons","/c/en/ton","/c/en/tonne"],"weight":0.202},"num_concepts_raised":118},{"base_id":967,"kind":"top_words","i1":1,"i2":7,"sol":{"path":["/c/en/tons","/c/en/lot","/c/en/unit","/c/en/liter"],"weight":0.20615999999999926},"num_concepts_raised":22968},{"base_id":967,"kind":"top_words","i1":1,"i2":8,"sol":{"path":["/c/en/tons","/c/en/ton","/c/en/kilogram","/c/en/kilo"],"weight":0.20862999999999982},"num_concepts_raised":21250},{"base_id":967,"kind":"top_words","i1":1,"i2":9,"sol":{"path":["/c/en/tons","/c/en/lot","/c/en/unit","/c/en/gallon"],"weight":0.2087899999999995},"num_concepts_raised":45390},{"base_id":967,"kind":"top_words","i1":2,"i2":3,"sol":{"path":["/c/en/kg","/c/en/kilogram","/c/en/metric_system","/c/en/metric"],"weight":0.20783999999999941},"num_concepts_raised":47350},{"base_id":967,"kind":"top_words","i1":2,"i2":4,"sol":{"path":["/c/en/kg","/c/en/kilogram","/c/en/liter","/c/en/cubic"],"weight":0.20558999999999972},"num_concepts_raised":19546},{"base_id":967,"kind":"top_words","i1":2,"i2":5,"sol":{"path":["/c/en/kg","/c/en/kilogram","/c/en/ton"],"weight":0.20500000000000002},"num_concepts_raised":241},{"base_id":967,"kind":"top_words","i1":2,"i2":6,"sol":{"path":["/c/en/kg","/c/en/kilogram","/c/en/tonne"],"weight":0.203},"num_concepts_raised":76},{"base_id":967,"kind":"top_words","i1":2,"i2":7,"sol":{"path":["/c/en/kg","/c/en/kilogram","/c/en/liter"],"weight":0.203},"num_concepts_raised":188},{"base_id":967,"kind":"top_words","i1":2,"i2":8,"sol":{"path":["/c/en/kg","/c/en/kilogram","/c/en/kilo"],"weight":0.20500000000000002},"num_concepts_raised":132},{"base_id":967,"kind":"top_words","i1":2,"i2":9,"sol":{"path":["/c/en/kg","/c/en/kilogram","/c/en/liter","/c/en/gallon"],"weight":0.2078499999999996},"num_concepts_raised":43810},{"base_id":967,"kind":"top_words","i1":3,"i2":4,"sol":{"path":["/c/en/metric","/c/en/mathematics","/c/en/cubic"],"weight":0.203},"num_concepts_raised":355},{"base_id":967,"kind":"top_words","i1":3,"i2":5,"sol":{"path":["/c/en/metric","/c/en/measurement","/c/en/ton"],"weight":0.20600000000000002},"num_concepts_raised":433},{"base_id":967,"kind":"top_words","i1":3,"i2":6,"sol":{"path":["/c/en/metric","/c/en/tonne"],"weight":0.202},"num_concepts_raised":269},{"base_id":967,"kind":"top_words","i1":3,"i2":7,"sol":{"path":["/c/en/metric","/c/en/liter"],"weight":0.202},"num_concepts_raised":376},{"base_id":967,"kind":"top_words","i1":3,"i2":8,"sol":{"path":["/c/en/metric","/c/en/kilo"],"weight":0.202},"num_concepts_raised":322},{"base_id":967,"kind":"top_words","i1":3,"i2":9,"sol":{"path":["/c/en/metric","/c/en/measurement","/c/en/gallon"],"weight":0.20400000000000001},"num_concepts_raised":412},{"base_id":967,"kind":"top_words","i1":4,"i2":5,"sol":{"path":["/c/en/cubic","/c/en/mathematics","/c/en/ton"],"weight":0.20400000000000001},"num_concepts_raised":355},{"base_id":967,"kind":"top_words","i1":4,"i2":6,"sol":{"path":["/c/en/cubic","/c/en/solid","/c/th/ตัน","/c/en/tonne"],"weight":0.20725999999999975},"num_concepts_raised":20720},{"base_id":967,"kind":"top_words","i1":4,"i2":7,"sol":{"path":["/c/en/cubic","/c/en/liter"],"weight":0.202},"num_concepts_raised":298},{"base_id":967,"kind":"top_words","i1":4,"i2":8,"sol":{"path":["/c/en/cubic","/c/en/liter","/c/en/kilogram","/c/en/kilo"],"weight":0.2099099999999998},"num_concepts_raised":35702},{"base_id":967,"kind":"top_words","i1":4,"i2":9,"sol":{"path":["/c/en/cubic","/c/en/gallon"],"weight":0.202},"num_concepts_raised":334},{"base_id":967,"kind":"top_words","i1":5,"i2":6,"sol":{"path":["/c/en/ton","/c/en/tonne"],"weight":0.20400000000000001},"num_concepts_raised":235},{"base_id":967,"kind":"top_words","i1":5,"i2":7,"sol":{"path":["/c/en/ton","/c/en/measurement","/c/en/liter"],"weight":0.20400000000000001},"num_concepts_raised":378},{"base_id":967,"kind":"top_words","i1":5,"i2":8,"sol":{"path":["/c/en/ton","/c/en/kilogram","/c/en/kilo"],"weight":0.20600000000000002},"num_concepts_raised":320},{"base_id":967,"kind":"top_words","i1":5,"i2":9,"sol":{"path":["/c/en/ton","/c/en/unit","/c/en/gallon"],"weight":0.20500000000000002},"num_concepts_raised":409},{"base_id":967,"kind":"top_words","i1":6,"i2":7,"sol":{"path":["/c/en/tonne","/c/en/kilogram","/c/en/liter"],"weight":0.202},"num_concepts_raised":214},{"base_id":967,"kind":"top_words","i1":6,"i2":8,"sol":{"path":["/c/en/tonne","/c/en/kilogram","/c/en/kilo"],"weight":0.20400000000000001},"num_concepts_raised":158},{"base_id":967,"kind":"top_words","i1":6,"i2":9,"sol":{"path":["/c/en/tonne","/c/en/ton","/c/en/unit","/c/en/gallon"],"weight":0.20815999999999962},"num_concepts_raised":44876},{"base_id":967,"kind":"top_words","i1":7,"i2":8,"sol":{"path":["/c/en/liter","/c/en/kilogram","/c/en/kilo"],"weight":0.20400000000000001},"num_concepts_raised":268},{"base_id":967,"kind":"top_words","i1":7,"i2":9,"sol":{"path":["/c/en/liter","/c/en/gallon"],"weight":0.203},"num_concepts_raised":339},{"base_id":967,"kind":"top_words","i1":8,"i2":9,"sol":{"path":["/c/en/kilo","/c/en/unit","/c/en/gallon"],"weight":0.203},"num_concepts_raised":306}]]