[[{"base_id":593,"kind":"bot_words","i1":0,"i2":1,"sol":{"path":["/c/en/nuzzle","/c/en/nurse","/c/en/care","/c/en/watchfulness"],"weight":0.20498999999999978},"num_concepts_raised":13072},{"base_id":593,"kind":"bot_words","i1":0,"i2":2,"sol":{"path":["/c/en/nuzzle","/c/en/house","/c/en/bell","/c/en/sousaphone"],"weight":0.20336999999999988},"num_concepts_raised":14114},{"base_id":593,"kind":"bot_words","i1":0,"i2":3,"sol":{"path":["/c/en/nuzzle","/c/en/foster","/c/en/protect","/c/en/protectionist"],"weight":0.20429999999999987},"num_concepts_raised":12481},{"base_id":593,"kind":"bot_words","i1":0,"i2":4,"sol":{"path":["/c/en/nuzzle","/c/en/nose","/c/en/move","/c/en/glide"],"weight":0.20800999999999925},"num_concepts_raised":38763},{"base_id":593,"kind":"bot_words","i1":0,"i2":5,"sol":{"path":["/c/en/nuzzle","/c/en/nose","/c/en/air","/c/en/apparently","/c/en/seemingly"],"weight":0.20636999999999955},"num_concepts_raised":11784},{"base_id":593,"kind":"bot_words","i1":0,"i2":6,"sol":{"path":["/c/en/nuzzle","/c/en/nest","/c/en/geology","/c/en/acadian","/c/en/acadia"],"weight":0.21290999999999963},"num_concepts_raised":17232},{"base_id":593,"kind":"bot_words","i1":0,"i2":7,"sol":{"path":["/c/en/nuzzle","/c/en/nursle","/c/en/train","/c/en/siemens"],"weight":0.21619999999999967},"num_concepts_raised":22299},{"base_id":593,"kind":"bot_words","i1":0,"i2":8,"sol":{"path":["/c/en/nuzzle","/c/en/excavate","/c/la/ex","/c/en/extempore"],"weight":0.20296999999999976},"num_concepts_raised":11498},{"base_id":593,"kind":"bot_words","i1":0,"i2":9,"sol":{"path":["/c/en/nuzzle","/c/en/house","/c/en/material","/c/en/immunization"],"weight":0.2037699999999997},"num_concepts_raised":23501},{"base_id":593,"kind":"bot_words","i1":1,"i2":2,"sol":{"path":["/c/en/watchfulness","/c/en/attention","/c/en/bell","/c/en/sousaphone"],"weight":0.20485999999999996},"num_concepts_raised":7067},{"base_id":593,"kind":"bot_words","i1":1,"i2":3,"sol":{"path":["/c/en/watchfulness","/c/en/care","/c/en/protect","/c/en/protectionist"],"weight":0.20481999999999997},"num_concepts_raised":5355},{"base_id":593,"kind":"bot_words","i1":1,"i2":4,"sol":{"path":["/c/en/watchfulness","/c/en/vigilance","/c/en/guard","/c/en/coast","/c/en/glide"],"weight":0.21153999999999934},"num_concepts_raised":31962},{"base_id":593,"kind":"bot_words","i1":1,"i2":5,"sol":{"path":["/c/en/watchfulness","/c/en/attention","/c/en/arm_candy","/c/en/seemingly"],"weight":0.20518999999999965},"num_concepts_raised":4676},{"base_id":593,"kind":"bot_words","i1":1,"i2":6,"sol":{"path":["/c/en/watchfulness","/c/en/vigilance","/c/en/alert","/c/en/canada","/c/en/acadia"],"weight":0.21165999999999974},"num_concepts_raised":10204},{"base_id":593,"kind":"bot_words","i1":1,"i2":7,"sol":{"path":["/c/en/watchfulness","/c/en/care","/c/en/unit","/c/mul/s","/c/en/siemens"],"weight":0.21706999999999976},"num_concepts_raised":15323},{"base_id":593,"kind":"bot_words","i1":1,"i2":8,"sol":{"path":["/c/en/watchfulness","/c/en/vigilance","/c/xcl/պատրաստութիւն","/c/en/preparation","/c/en/extempore"],"weight":0.20571999999999985},"num_concepts_raised":4381},{"base_id":593,"kind":"bot_words","i1":1,"i2":9,"sol":{"path":["/c/en/watchfulness","/c/en/care","/c/en/protection","/c/en/immunization"],"weight":0.2042199999999998},"num_concepts_raised":16544},{"base_id":593,"kind":"bot_words","i1":2,"i2":3,"sol":{"path":["/c/en/sousaphone","/c/en/brass","/c/en/lip","/c/en/protect","/c/en/protectionist"],"weight":0.20533000000000007},"num_concepts_raised":6442},{"base_id":593,"kind":"bot_words","i1":2,"i2":4,"sol":{"path":["/c/en/sousaphone","/c/en/phone","/c/en/semivowel","/c/en/glide"],"weight":0.20758999999999944},"num_concepts_raised":32909},{"base_id":593,"kind":"bot_words","i1":2,"i2":5,"sol":{"path":["/c/en/sousaphone","/c/en/brass","/c/en/like","/c/zh/貌似","/c/en/seemingly"],"weight":0.2047899999999997},"num_concepts_raised":5707},{"base_id":593,"kind":"bot_words","i1":2,"i2":6,"sol":{"path":["/c/en/sousaphone","/c/en/bell","/c/en/canada","/c/en/acadia"],"weight":0.20879999999999982},"num_concepts_raised":11221},{"base_id":593,"kind":"bot_words","i1":2,"i2":7,"sol":{"path":["/c/en/sousaphone","/c/en/bell","/c/en/time","/c/mul/s","/c/en/siemens"],"weight":0.21647999999999984},"num_concepts_raised":16346},{"base_id":593,"kind":"bot_words","i1":2,"i2":8,"sol":{"path":["/c/en/sousaphone","/c/en/brass","/c/en/music","/c/en/impromptu","/c/en/extempore"],"weight":0.2042799999999999},"num_concepts_raised":5423},{"base_id":593,"kind":"bot_words","i1":2,"i2":9,"sol":{"path":["/c/en/sousaphone","/c/en/bell","/c/en/us","/c/en/immunization"],"weight":0.20363999999999988},"num_concepts_raised":17599},{"base_id":593,"kind":"bot_words","i1":3,"i2":4,"sol":{"path":["/c/en/protectionist","/c/en/protect","/c/en/travel","/c/en/glide"],"weight":0.20765999999999946},"num_concepts_raised":31343},{"base_id":593,"kind":"bot_words","i1":3,"i2":5,"sol":{"path":["/c/en/protectionist","/c/en/protect","/c/en/look","/c/en/seem","/c/en/seemingly"],"weight":0.20467999999999975},"num_concepts_raised":4063},{"base_id":593,"kind":"bot_words","i1":3,"i2":6,"sol":{"path":["/c/en/protectionist","/c/en/protect","/c/en/henson_trust","/c/en/canada","/c/en/acadia"],"weight":0.20975999999999984},"num_concepts_raised":9588},{"base_id":593,"kind":"bot_words","i1":3,"i2":7,"sol":{"path":["/c/en/protectionist","/c/en/protectionism","/c/en/economics","/c/en/finance","/c/en/siemens"],"weight":0.21613999999999986},"num_concepts_raised":14712},{"base_id":593,"kind":"bot_words","i1":3,"i2":8,"sol":{"path":["/c/en/protectionist","/c/en/protect","/c/en/action","/c/en/preparation","/c/en/extempore"],"weight":0.20388999999999996},"num_concepts_raised":3768},{"base_id":593,"kind":"bot_words","i1":3,"i2":9,"sol":{"path":["/c/en/protectionist","/c/en/protection","/c/en/immunization"],"weight":0.202},"num_concepts_raised":88},{"base_id":593,"kind":"bot_words","i1":4,"i2":5,"sol":{"path":["/c/en/glide","/c/en/kite","/c/en/air","/c/en/apparently","/c/en/seemingly"],"weight":0.21077999999999913},"num_concepts_raised":30645},{"base_id":593,"kind":"bot_words","i1":4,"i2":6,"sol":{"path":["/c/en/glide","/c/en/leg","/c/en/canada","/c/en/acadia"],"weight":0.2121099999999992},"num_concepts_raised":36006},{"base_id":593,"kind":"bot_words","i1":4,"i2":7,"sol":{"path":["/c/en/glide","/c/en/cap","/c/fr/électricité","/c/en/siemens"],"weight":0.21800999999999926},"num_concepts_raised":40917},{"base_id":593,"kind":"bot_words","i1":4,"i2":8,"sol":{"path":["/c/en/glide","/c/en/soar","/c/la/ex","/c/en/extempore"],"weight":0.2067299999999993},"num_concepts_raised":30358},{"base_id":593,"kind":"bot_words","i1":4,"i2":9,"sol":{"path":["/c/en/glide","/c/en/kite","/c/en/us","/c/en/immunization"],"weight":0.20928999999999928},"num_concepts_raised":42090},{"base_id":593,"kind":"bot_words","i1":5,"i2":6,"sol":{"path":["/c/en/seemingly","/c/zh/貌似","/c/en/like","/c/en/history","/c/en/acadia"],"weight":0.20915999999999946},"num_concepts_raised":8857},{"base_id":593,"kind":"bot_words","i1":5,"i2":7,"sol":{"path":["/c/en/seemingly","/c/en/axiom","/c/en/mathematics","/c/mul/s","/c/en/siemens"],"weight":0.21680999999999953},"num_concepts_raised":13985},{"base_id":593,"kind":"bot_words","i1":5,"i2":8,"sol":{"path":["/c/en/seemingly","/c/en/foreign_accent_syndrome","/c/en/speak","/c/en/extemporize","/c/en/extempore"],"weight":0.2032999999999996},"num_concepts_raised":3031},{"base_id":593,"kind":"bot_words","i1":5,"i2":9,"sol":{"path":["/c/en/seemingly","/c/en/apparently","/c/en/air","/c/en/material","/c/en/immunization"],"weight":0.20550999999999958},"num_concepts_raised":15253},{"base_id":593,"kind":"bot_words","i1":6,"i2":7,"sol":{"path":["/c/en/acadia","/c/en/canada","/c/en/train","/c/en/siemens"],"weight":0.21964999999999962},"num_concepts_raised":19444},{"base_id":593,"kind":"bot_words","i1":6,"i2":8,"sol":{"path":["/c/en/acadia","/c/fr/frette","/c/en/music","/c/en/impromptu","/c/en/extempore"],"weight":0.20851999999999968},"num_concepts_raised":8565},{"base_id":593,"kind":"bot_words","i1":6,"i2":9,"sol":{"path":["/c/en/acadia","/c/en/parish","/c/en/us","/c/en/immunization"],"weight":0.20910999999999966},"num_concepts_raised":20318},{"base_id":593,"kind":"bot_words","i1":7,"i2":8,"sol":{"path":["/c/en/siemens","/c/mul/s","/c/en/time","/c/la/tempus","/c/en/extempore"],"weight":0.21613999999999972},"num_concepts_raised":13687},{"base_id":593,"kind":"bot_words","i1":7,"i2":9,"sol":{"path":["/c/en/siemens","/c/en/finance","/c/fr/finance","/c/en/immunization"],"weight":0.2145999999999997},"num_concepts_raised":25539},{"base_id":593,"kind":"bot_words","i1":8,"i2":9,"sol":{"path":["/c/en/extempore","/c/en/preparation","/c/en/substance","/c/en/inoculation","/c/en/immunization"],"weight":0.20352999999999977},"num_concepts_raised":14960}],[{"base_id":593,"kind":"top_words","i1":0,"i2":1,"sol":{"path":["/c/en/settee","/c/en/vessel","/c/en/wine_glass","/c/en/wineglass"],"weight":0.20417999999999978},"num_concepts_raised":8209},{"base_id":593,"kind":"top_words","i1":0,"i2":2,"sol":{"path":["/c/en/settee","/c/en/couch","/c/en/bed","/c/en/pillowcase"],"weight":0.2051699999999997},"num_concepts_raised":10525},{"base_id":593,"kind":"top_words","i1":0,"i2":3,"sol":{"path":["/c/en/settee","/c/en/seat","/c/fi/pukki","/c/en/sawhorse"],"weight":0.2057799999999998},"num_concepts_raised":13287},{"base_id":593,"kind":"top_words","i1":0,"i2":4,"sol":{"path":["/c/en/settee","/c/en/seat","/c/en/footstool"],"weight":0.202},"num_concepts_raised":159},{"base_id":593,"kind":"top_words","i1":0,"i2":5,"sol":{"path":["/c/en/settee","/c/en/chair","/c/en/board","/c/en/kneeler"],"weight":0.2030999999999998},"num_concepts_raised":19454},{"base_id":593,"kind":"top_words","i1":0,"i2":6,"sol":{"path":["/c/en/settee","/c/en/couch","/c/en/needle","/c/en/steel","/c/en/sharpener"],"weight":0.20553999999999983},"num_concepts_raised":9273},{"base_id":593,"kind":"top_words","i1":0,"i2":7,"sol":{"path":["/c/en/settee","/c/en/divan","/c/en/floor","/c/en/doorstop"],"weight":0.20340999999999973},"num_concepts_raised":25425},{"base_id":593,"kind":"top_words","i1":0,"i2":8,"sol":{"path":["/c/en/settee","/c/en/couch","/c/en/lounge","/c/en/lounger"],"weight":0.20476999999999979},"num_concepts_raised":6755},{"base_id":593,"kind":"top_words","i1":0,"i2":9,"sol":{"path":["/c/en/settee","/c/en/chair","/c/en/non_powered_device","/c/en/clothespin"],"weight":0.20344999999999974},"num_concepts_raised":8452},{"base_id":593,"kind":"top_words","i1":1,"i2":2,"sol":{"path":["/c/en/wineglass","/c/en/glass","/c/en/case","/c/en/pillowcase"],"weight":0.2040499999999998},"num_concepts_raised":7371},{"base_id":593,"kind":"top_words","i1":1,"i2":3,"sol":{"path":["/c/en/wineglass","/c/en/glass","/c/en/wood","/c/en/sawbuck","/c/en/sawhorse"],"weight":0.20546999999999987},"num_concepts_raised":10050},{"base_id":593,"kind":"top_words","i1":1,"i2":4,"sol":{"path":["/c/en/wineglass","/c/en/shank","/c/en/foot","/c/en/footstool"],"weight":0.20439999999999986},"num_concepts_raised":9241},{"base_id":593,"kind":"top_words","i1":1,"i2":5,"sol":{"path":["/c/en/wineglass","/c/en/wine_glass","/c/en/vessel","/c/en/person","/c/en/kneeler"],"weight":0.20380999999999988},"num_concepts_raised":16229},{"base_id":593,"kind":"top_words","i1":1,"i2":6,"sol":{"path":["/c/en/wineglass","/c/en/glass","/c/en/sharp","/c/en/sharpener"],"weight":0.2035199999999999},"num_concepts_raised":5935},{"base_id":593,"kind":"top_words","i1":1,"i2":7,"sol":{"path":["/c/en/wineglass","/c/en/glass","/c/en/wall","/c/en/doorstop"],"weight":0.2029799999999998},"num_concepts_raised":22310},{"base_id":593,"kind":"top_words","i1":1,"i2":8,"sol":{"path":["/c/en/wineglass","/c/en/glass","/c/mul/🍸","/c/en/lounge","/c/en/lounger"],"weight":0.20277999999999988},"num_concepts_raised":3445},{"base_id":593,"kind":"top_words","i1":1,"i2":9,"sol":{"path":["/c/en/wineglass","/c/en/shank","/c/en/pin","/c/en/clothespin"],"weight":0.2029799999999998},"num_concepts_raised":5141},{"base_id":593,"kind":"top_words","i1":2,"i2":3,"sol":{"path":["/c/en/pillowcase","/c/en/case","/c/en/framework","/c/en/sawhorse"],"weight":0.20451999999999979},"num_concepts_raised":12453},{"base_id":593,"kind":"top_words","i1":2,"i2":4,"sol":{"path":["/c/en/pillowcase","/c/en/case","/c/en/furniture","/c/en/footstool"],"weight":0.20579999999999982},"num_concepts_raised":11544},{"base_id":593,"kind":"top_words","i1":2,"i2":5,"sol":{"path":["/c/en/pillowcase","/c/en/case","/c/en/person","/c/en/kneeler"],"weight":0.20391999999999982},"num_concepts_raised":18603},{"base_id":593,"kind":"top_words","i1":2,"i2":6,"sol":{"path":["/c/en/pillowcase","/c/en/decoration","/c/en/steel","/c/en/sharpener"],"weight":0.20368999999999982},"num_concepts_raised":8403},{"base_id":593,"kind":"top_words","i1":2,"i2":7,"sol":{"path":["/c/en/pillowcase","/c/en/case","/c/en/book","/c/en/doorstop"],"weight":0.20414999999999972},"num_concepts_raised":24541},{"base_id":593,"kind":"top_words","i1":2,"i2":8,"sol":{"path":["/c/en/pillowcase","/c/en/bed","/c/en/sunbed","/c/en/lounger"],"weight":0.20303999999999978},"num_concepts_raised":5912},{"base_id":593,"kind":"top_words","i1":2,"i2":9,"sol":{"path":["/c/en/pillowcase","/c/en/case","/c/en/clothes","/c/en/clothespin"],"weight":0.20431999999999972},"num_concepts_raised":7586},{"base_id":593,"kind":"top_words","i1":3,"i2":4,"sol":{"path":["/c/en/sawhorse","/c/fi/pukki","/c/en/seat","/c/en/footstool"],"weight":0.20705999999999986},"num_concepts_raised":14241},{"base_id":593,"kind":"top_words","i1":3,"i2":5,"sol":{"path":["/c/en/sawhorse","/c/en/support","/c/en/person","/c/en/kneeler"],"weight":0.20313999999999988},"num_concepts_raised":21236},{"base_id":593,"kind":"top_words","i1":3,"i2":6,"sol":{"path":["/c/en/sawhorse","/c/en/support","/c/en/steel","/c/en/sharpener"],"weight":0.20397999999999988},"num_concepts_raised":11046},{"base_id":593,"kind":"top_words","i1":3,"i2":7,"sol":{"path":["/c/en/sawhorse","/c/en/buck","/c/en/object","/c/en/doorstop"],"weight":0.2034899999999998},"num_concepts_raised":27207},{"base_id":593,"kind":"top_words","i1":3,"i2":8,"sol":{"path":["/c/en/sawhorse","/c/en/timber","/c/en/bunk","/c/es/tumbona","/c/en/lounger"],"weight":0.20418999999999987},"num_concepts_raised":8581},{"base_id":593,"kind":"top_words","i1":3,"i2":9,"sol":{"path":["/c/en/sawhorse","/c/en/buck","/c/en/clothes","/c/en/clothespin"],"weight":0.20363999999999982},"num_concepts_raised":10248},{"base_id":593,"kind":"top_words","i1":4,"i2":5,"sol":{"path":["/c/en/footstool","/c/hu/zsámoly","/c/hu/imazsámoly","/c/en/kneeler"],"weight":0.2052699999999999},"num_concepts_raised":20404},{"base_id":593,"kind":"top_words","i1":4,"i2":6,"sol":{"path":["/c/en/footstool","/c/en/desk","/c/en/pencil_sharpener","/c/en/sharpener"],"weight":0.20625999999999994},"num_concepts_raised":10280},{"base_id":593,"kind":"top_words","i1":4,"i2":7,"sol":{"path":["/c/en/footstool","/c/en/furniture","/c/en/floor","/c/en/doorstop"],"weight":0.20474999999999982},"num_concepts_raised":26295},{"base_id":593,"kind":"top_words","i1":4,"i2":8,"sol":{"path":["/c/en/footstool","/c/en/living_room","/c/en/lounge","/c/en/lounger"],"weight":0.2043899999999999},"num_concepts_raised":7786},{"base_id":593,"kind":"top_words","i1":4,"i2":9,"sol":{"path":["/c/en/footstool","/c/en/desk","/c/en/clip","/c/en/clothespin"],"weight":0.20460999999999982},"num_concepts_raised":9462},{"base_id":593,"kind":"top_words","i1":5,"i2":6,"sol":{"path":["/c/en/kneeler","/c/en/person","/c/en/desk","/c/en/pencil_sharpener","/c/en/sharpener"],"weight":0.20458999999999994},"num_concepts_raised":17248},{"base_id":593,"kind":"top_words","i1":5,"i2":7,"sol":{"path":["/c/en/kneeler","/c/en/kneel","/c/en/motion","/c/en/doorstop"],"weight":0.20374999999999982},"num_concepts_raised":33139},{"base_id":593,"kind":"top_words","i1":5,"i2":8,"sol":{"path":["/c/en/kneeler","/c/en/person","/c/la/ambulator","/c/en/lounger"],"weight":0.20264999999999989},"num_concepts_raised":14755},{"base_id":593,"kind":"top_words","i1":5,"i2":9,"sol":{"path":["/c/en/kneeler","/c/en/person","/c/en/clothes","/c/en/clothespin"],"weight":0.20296999999999982},"num_concepts_raised":16445},{"base_id":593,"kind":"top_words","i1":6,"i2":7,"sol":{"path":["/c/en/sharpener","/c/en/grinder","/c/en/australia","/c/en/doorstop"],"weight":0.20367999999999986},"num_concepts_raised":23285},{"base_id":593,"kind":"top_words","i1":6,"i2":8,"sol":{"path":["/c/en/sharpener","/c/en/pencil_sharpener","/c/en/office","/c/en/lounge","/c/en/lounger"],"weight":0.20464999999999992},"num_concepts_raised":4464},{"base_id":593,"kind":"top_words","i1":6,"i2":9,"sol":{"path":["/c/en/sharpener","/c/en/sharp","/c/en/pin","/c/en/clothespin"],"weight":0.20372999999999986},"num_concepts_raised":6162},{"base_id":593,"kind":"top_words","i1":7,"i2":8,"sol":{"path":["/c/en/doorstop","/c/en/british","/c/en/bunk","/c/es/tumbona","/c/en/lounger"],"weight":0.2038499999999998},"num_concepts_raised":20932},{"base_id":593,"kind":"top_words","i1":7,"i2":9,"sol":{"path":["/c/en/doorstop","/c/en/british","/c/en/clothes_peg","/c/en/clothespin"],"weight":0.20557999999999976},"num_concepts_raised":22464},{"base_id":593,"kind":"top_words","i1":8,"i2":9,"sol":{"path":["/c/en/lounger","/c/en/loungewear","/c/en/clothing","/c/en/clothes","/c/en/clothespin"],"weight":0.2030699999999998},"num_concepts_raised":3655}]]