[[{"base_id":219,"kind":"bot_words","i1":0,"i2":1,"sol":{"path":["/c/en/artaxerxes","/c/en/historical","/c/vi/an_tôn","/c/en/anthony","/c/en/tony"],"weight":0.21045999999999976},"num_concepts_raised":13898},{"base_id":219,"kind":"bot_words","i1":0,"i2":2,"sol":{"path":["/c/en/artaxerxes","/c/en/historical","/c/en/roman","/c/en/athenaeum"],"weight":0.2081199999999997},"num_concepts_raised":27175},{"base_id":219,"kind":"bot_words","i1":0,"i2":3,"sol":{"path":["/c/en/artaxerxes","/c/en/historical","/c/en/primer","/c/en/enzyme","/c/en/coenzyme"],"weight":0.2154599999999997},"num_concepts_raised":18577},{"base_id":219,"kind":"bot_words","i1":0,"i2":4,"sol":{"path":["/c/en/artaxerxes","/c/en/historical","/c/en/pot","/c/en/drug","/c/en/nystatin"],"weight":0.2099399999999998},"num_concepts_raised":13100},{"base_id":219,"kind":"bot_words","i1":0,"i2":5,"sol":{"path":["/c/en/artaxerxes","/c/en/historical","/c/en/horse","/c/en/gymnastics","/c/en/springboard"],"weight":0.20393999999999984},"num_concepts_raised":15903},{"base_id":219,"kind":"bot_words","i1":0,"i2":6,"sol":{"path":["/c/en/artaxerxes","/c/en/historical","/c/en/chemitypy","/c/en/melt","/c/en/melting"],"weight":0.2051799999999996},"num_concepts_raised":24252},{"base_id":219,"kind":"bot_words","i1":0,"i2":7,"sol":{"path":["/c/en/artaxerxes","/c/en/historical","/c/en/romance","/c/en/harlequin"],"weight":0.20366999999999985},"num_concepts_raised":9714},{"base_id":219,"kind":"bot_words","i1":0,"i2":8,"sol":{"path":["/c/en/artaxerxes","/c/en/historical","/c/en/shifter"],"weight":0.202},"num_concepts_raised":99},{"base_id":219,"kind":"bot_words","i1":0,"i2":9,"sol":{"path":["/c/en/artaxerxes","/c/en/historical","/c/en/base","/c/en/game","/c/en/boggle"],"weight":0.20854999999999968},"num_concepts_raised":26963},{"base_id":219,"kind":"bot_words","i1":1,"i2":2,"sol":{"path":["/c/en/tony","/c/en/tone","/c/en/literature","/c/en/athenaeum"],"weight":0.2135899999999996},"num_concepts_raised":24530},{"base_id":219,"kind":"bot_words","i1":1,"i2":3,"sol":{"path":["/c/en/tony","/c/en/given_name","/c/en/ada","/c/en/enzyme","/c/en/coenzyme"],"weight":0.22080999999999962},"num_concepts_raised":15662},{"base_id":219,"kind":"bot_words","i1":1,"i2":4,"sol":{"path":["/c/en/tony","/c/en/singing","/c/en/party","/c/en/drug","/c/en/nystatin"],"weight":0.21532999999999974},"num_concepts_raised":10186},{"base_id":219,"kind":"bot_words","i1":1,"i2":5,"sol":{"path":["/c/en/tony","/c/en/singing","/c/en/activity","/c/en/gymnastics","/c/en/springboard"],"weight":0.20936999999999975},"num_concepts_raised":12989},{"base_id":219,"kind":"bot_words","i1":1,"i2":6,"sol":{"path":["/c/en/tony","/c/en/singing","/c/en/wax","/c/en/melting"],"weight":0.20945999999999954},"num_concepts_raised":21392},{"base_id":219,"kind":"bot_words","i1":1,"i2":7,"sol":{"path":["/c/en/tony","/c/en/simpleton","/c/la/maccus","/c/fr/arlequin","/c/en/harlequin"],"weight":0.21266999999999975},"num_concepts_raised":6793},{"base_id":219,"kind":"bot_words","i1":1,"i2":8,"sol":{"path":["/c/en/tony","/c/en/tone","/c/en/linguistics","/c/en/shifter"],"weight":0.20861999999999964},"num_concepts_raised":46927},{"base_id":219,"kind":"bot_words","i1":1,"i2":9,"sol":{"path":["/c/en/tony","/c/en/singing","/c/en/us","/c/en/boggle"],"weight":0.2139099999999996},"num_concepts_raised":24128},{"base_id":219,"kind":"bot_words","i1":2,"i2":3,"sol":{"path":["/c/en/athenaeum","/c/en/literature","/c/en/catalyst","/c/en/enzyme","/c/en/coenzyme"],"weight":0.22065999999999958},"num_concepts_raised":29315},{"base_id":219,"kind":"bot_words","i1":2,"i2":4,"sol":{"path":["/c/en/athenaeum","/c/en/science","/c/en/medicine","/c/en/drug","/c/en/nystatin"],"weight":0.21518999999999966},"num_concepts_raised":23884},{"base_id":219,"kind":"bot_words","i1":2,"i2":5,"sol":{"path":["/c/en/athenaeum","/c/en/room","/c/en/vault","/c/en/springboard"],"weight":0.2090699999999997},"num_concepts_raised":26455},{"base_id":219,"kind":"bot_words","i1":2,"i2":6,"sol":{"path":["/c/en/athenaeum","/c/en/any","/c/en/heat","/c/en/melting"],"weight":0.2091999999999995},"num_concepts_raised":34757},{"base_id":219,"kind":"bot_words","i1":2,"i2":7,"sol":{"path":["/c/en/athenaeum","/c/en/literature","/c/en/romance","/c/en/harlequin"],"weight":0.20888999999999974},"num_concepts_raised":20482},{"base_id":219,"kind":"bot_words","i1":2,"i2":8,"sol":{"path":["/c/en/athenaeum","/c/en/science","/c/en/engineering","/c/en/shifter"],"weight":0.2084699999999996},"num_concepts_raised":59672},{"base_id":219,"kind":"bot_words","i1":2,"i2":9,"sol":{"path":["/c/en/athenaeum","/c/en/learning","/c/en/game","/c/en/boggle"],"weight":0.21370999999999957},"num_concepts_raised":37572},{"base_id":219,"kind":"bot_words","i1":3,"i2":4,"sol":{"path":["/c/en/coenzyme","/c/en/enzyme","/c/en/statin","/c/en/nystatin"],"weight":0.2203499999999997},"num_concepts_raised":14708},{"base_id":219,"kind":"bot_words","i1":3,"i2":5,"sol":{"path":["/c/en/coenzyme","/c/en/adenosine_triphosphate","/c/en/energy","/c/en/springboard"],"weight":0.21422999999999973},"num_concepts_raised":17633},{"base_id":219,"kind":"bot_words","i1":3,"i2":6,"sol":{"path":["/c/en/coenzyme","/c/en/chemical_compound","/c/en/substance","/c/en/melting"],"weight":0.2144599999999995},"num_concepts_raised":25919},{"base_id":219,"kind":"bot_words","i1":3,"i2":7,"sol":{"path":["/c/en/coenzyme","/c/en/biochemistry","/c/en/vip","/c/fr/personnage","/c/fr/arlequin","/c/en/harlequin"],"weight":0.2278448999999994},"num_concepts_raised":485827},{"base_id":219,"kind":"bot_words","i1":3,"i2":8,"sol":{"path":["/c/en/coenzyme","/c/en/biochemistry","/c/en/loop","/c/en/shifter"],"weight":0.21378999999999962},"num_concepts_raised":51828},{"base_id":219,"kind":"bot_words","i1":3,"i2":9,"sol":{"path":["/c/en/coenzyme","/c/en/enzyme","/c/en/competitive","/c/en/game","/c/en/boggle"],"weight":0.22099999999999959},"num_concepts_raised":28928},{"base_id":219,"kind":"bot_words","i1":4,"i2":5,"sol":{"path":["/c/en/nystatin","/c/en/drug","/c/en/action","/c/en/beginning","/c/en/springboard"],"weight":0.21085999999999983},"num_concepts_raised":12213},{"base_id":219,"kind":"bot_words","i1":4,"i2":6,"sol":{"path":["/c/en/nystatin","/c/en/drug","/c/en/substance","/c/en/melting"],"weight":0.2109999999999996},"num_concepts_raised":20646},{"base_id":219,"kind":"bot_words","i1":4,"i2":7,"sol":{"path":["/c/en/nystatin","/c/en/drug","/c/en/party","/c/en/clown","/c/en/harlequin"],"weight":0.21085999999999985},"num_concepts_raised":5978},{"base_id":219,"kind":"bot_words","i1":4,"i2":8,"sol":{"path":["/c/en/nystatin","/c/en/drug","/c/en/cook","/c/en/shifter"],"weight":0.21015999999999968},"num_concepts_raised":46424},{"base_id":219,"kind":"bot_words","i1":4,"i2":9,"sol":{"path":["/c/en/nystatin","/c/en/drug","/c/fr/stupéfiant","/c/en/mindboggling","/c/en/boggle"],"weight":0.21751999999999966},"num_concepts_raised":23461},{"base_id":219,"kind":"bot_words","i1":5,"i2":6,"sol":{"path":["/c/en/springboard","/c/en/energy","/c/en/heat","/c/en/melting"],"weight":0.2050299999999996},"num_concepts_raised":23215},{"base_id":219,"kind":"bot_words","i1":5,"i2":7,"sol":{"path":["/c/en/springboard","/c/en/board","/c/en/medieval","/c/en/jester","/c/en/harlequin"],"weight":0.20578999999999986},"num_concepts_raised":8843},{"base_id":219,"kind":"bot_words","i1":5,"i2":8,"sol":{"path":["/c/en/springboard","/c/en/launch","/c/en/ship","/c/en/shifter"],"weight":0.2041399999999997},"num_concepts_raised":48712},{"base_id":219,"kind":"bot_words","i1":5,"i2":9,"sol":{"path":["/c/en/springboard","/c/en/board","/c/en/game","/c/en/boggle"],"weight":0.2093999999999997},"num_concepts_raised":26057},{"base_id":219,"kind":"bot_words","i1":6,"i2":7,"sol":{"path":["/c/en/melting","/c/en/ice","/c/fr/argot","/c/fr/arlequin","/c/en/harlequin"],"weight":0.20832999999999963},"num_concepts_raised":17319},{"base_id":219,"kind":"bot_words","i1":6,"i2":8,"sol":{"path":["/c/en/melting","/c/en/heat","/c/en/cook","/c/en/shifter"],"weight":0.2043499999999995},"num_concepts_raised":56702},{"base_id":219,"kind":"bot_words","i1":6,"i2":9,"sol":{"path":["/c/en/melting","/c/en/melt","/c/ca/confondre's","/c/en/boggle"],"weight":0.21066999999999947},"num_concepts_raised":34321},{"base_id":219,"kind":"bot_words","i1":7,"i2":8,"sol":{"path":["/c/en/harlequin","/c/en/romance","/c/en/cook","/c/en/shifter"],"weight":0.20391999999999977},"num_concepts_raised":43028},{"base_id":219,"kind":"bot_words","i1":7,"i2":9,"sol":{"path":["/c/en/harlequin","/c/fr/arlequin","/c/fr/arlequinade","/c/fr/être","/c/en/boggle"],"weight":0.21280999999999972},"num_concepts_raised":20086},{"base_id":219,"kind":"bot_words","i1":8,"i2":9,"sol":{"path":["/c/en/shifter","/c/en/us","/c/en/boggle"],"weight":0.20400000000000001},"num_concepts_raised":140}],[{"base_id":219,"kind":"top_words","i1":0,"i2":1,"sol":{"path":["/c/en/saskatoon","/c/en/city","/c/en/coquitlam"],"weight":0.20600000000000002},"num_concepts_raised":120},{"base_id":219,"kind":"top_words","i1":0,"i2":2,"sol":{"path":["/c/en/saskatoon","/c/en/city","/c/en/burnaby"],"weight":0.20600000000000002},"num_concepts_raised":130},{"base_id":219,"kind":"top_words","i1":0,"i2":3,"sol":{"path":["/c/en/saskatoon","/c/en/saskatchewan"],"weight":0.20800000000000002},"num_concepts_raised":326},{"base_id":219,"kind":"top_words","i1":0,"i2":4,"sol":{"path":["/c/en/saskatoon","/c/en/city","/c/en/joliette"],"weight":0.20600000000000002},"num_concepts_raised":111},{"base_id":219,"kind":"top_words","i1":0,"i2":5,"sol":{"path":["/c/en/saskatoon","/c/en/canada","/c/en/ontario"],"weight":0.20800000000000002},"num_concepts_raised":421},{"base_id":219,"kind":"top_words","i1":0,"i2":6,"sol":{"path":["/c/en/saskatoon","/c/en/city","/c/en/mississauga"],"weight":0.20600000000000002},"num_concepts_raised":144},{"base_id":219,"kind":"top_words","i1":0,"i2":7,"sol":{"path":["/c/en/saskatoon","/c/en/city","/c/en/nanaimo"],"weight":0.20600000000000002},"num_concepts_raised":124},{"base_id":219,"kind":"top_words","i1":0,"i2":8,"sol":{"path":["/c/en/saskatoon","/c/en/saskatchewan","/c/en/lloydminster"],"weight":0.20800000000000002},"num_concepts_raised":113},{"base_id":219,"kind":"top_words","i1":0,"i2":9,"sol":{"path":["/c/en/saskatoon","/c/en/city","/c/en/rimouski"],"weight":0.20600000000000002},"num_concepts_raised":115},{"base_id":219,"kind":"top_words","i1":1,"i2":2,"sol":{"path":["/c/en/coquitlam","/c/en/city","/c/en/burnaby"],"weight":0.20600000000000002},"num_concepts_raised":72},{"base_id":219,"kind":"top_words","i1":1,"i2":3,"sol":{"path":["/c/en/coquitlam","/c/en/canada","/c/en/saskatchewan"],"weight":0.20600000000000002},"num_concepts_raised":274},{"base_id":219,"kind":"top_words","i1":1,"i2":4,"sol":{"path":["/c/en/coquitlam","/c/en/city","/c/en/joliette"],"weight":0.20600000000000002},"num_concepts_raised":55},{"base_id":219,"kind":"top_words","i1":1,"i2":5,"sol":{"path":["/c/en/coquitlam","/c/en/canada","/c/en/ontario"],"weight":0.20800000000000002},"num_concepts_raised":365},{"base_id":219,"kind":"top_words","i1":1,"i2":6,"sol":{"path":["/c/en/coquitlam","/c/en/city","/c/en/mississauga"],"weight":0.20600000000000002},"num_concepts_raised":88},{"base_id":219,"kind":"top_words","i1":1,"i2":7,"sol":{"path":["/c/en/coquitlam","/c/en/british_columbia","/c/en/nanaimo"],"weight":0.20700000000000002},"num_concepts_raised":67},{"base_id":219,"kind":"top_words","i1":1,"i2":8,"sol":{"path":["/c/en/coquitlam","/c/en/city","/c/en/lloydminster"],"weight":0.20600000000000002},"num_concepts_raised":58},{"base_id":219,"kind":"top_words","i1":1,"i2":9,"sol":{"path":["/c/en/coquitlam","/c/en/city","/c/en/rimouski"],"weight":0.20600000000000002},"num_concepts_raised":59},{"base_id":219,"kind":"top_words","i1":2,"i2":3,"sol":{"path":["/c/en/burnaby","/c/en/city","/c/en/saskatoon","/c/en/saskatchewan"],"weight":0.21842999999999935},"num_concepts_raised":24721},{"base_id":219,"kind":"top_words","i1":2,"i2":4,"sol":{"path":["/c/en/burnaby","/c/en/city","/c/en/joliette"],"weight":0.20600000000000002},"num_concepts_raised":65},{"base_id":219,"kind":"top_words","i1":2,"i2":5,"sol":{"path":["/c/en/burnaby","/c/en/british_columbia","/c/en/canada","/c/en/ontario"],"weight":0.22257999999999872},"num_concepts_raised":141886},{"base_id":219,"kind":"top_words","i1":2,"i2":6,"sol":{"path":["/c/en/burnaby","/c/en/city","/c/en/mississauga"],"weight":0.20600000000000002},"num_concepts_raised":97},{"base_id":219,"kind":"top_words","i1":2,"i2":7,"sol":{"path":["/c/en/burnaby","/c/en/british_columbia","/c/en/nanaimo"],"weight":0.20700000000000002},"num_concepts_raised":76},{"base_id":219,"kind":"top_words","i1":2,"i2":8,"sol":{"path":["/c/en/burnaby","/c/en/city","/c/en/lloydminster"],"weight":0.20600000000000002},"num_concepts_raised":68},{"base_id":219,"kind":"top_words","i1":2,"i2":9,"sol":{"path":["/c/en/burnaby","/c/en/city","/c/en/rimouski"],"weight":0.20600000000000002},"num_concepts_raised":69},{"base_id":219,"kind":"top_words","i1":3,"i2":4,"sol":{"path":["/c/en/saskatchewan","/c/en/canada","/c/en/joliette"],"weight":0.20600000000000002},"num_concepts_raised":265},{"base_id":219,"kind":"top_words","i1":3,"i2":5,"sol":{"path":["/c/en/saskatchewan","/c/en/canada","/c/en/ontario"],"weight":0.20800000000000002},"num_concepts_raised":570},{"base_id":219,"kind":"top_words","i1":3,"i2":6,"sol":{"path":["/c/en/saskatchewan","/c/en/canada","/c/en/ontario","/c/en/mississauga"],"weight":0.21971999999999936},"num_concepts_raised":24827},{"base_id":219,"kind":"top_words","i1":3,"i2":7,"sol":{"path":["/c/en/saskatchewan","/c/en/canada","/c/en/british_columbia","/c/en/nanaimo"],"weight":0.21938999999999945},"num_concepts_raised":24664},{"base_id":219,"kind":"top_words","i1":3,"i2":8,"sol":{"path":["/c/en/saskatchewan","/c/en/lloydminster"],"weight":0.20700000000000002},"num_concepts_raised":266},{"base_id":219,"kind":"top_words","i1":3,"i2":9,"sol":{"path":["/c/en/saskatchewan","/c/en/canada","/c/en/rimouski"],"weight":0.20600000000000002},"num_concepts_raised":269},{"base_id":219,"kind":"top_words","i1":4,"i2":5,"sol":{"path":["/c/en/joliette","/c/en/canada","/c/en/ontario"],"weight":0.20800000000000002},"num_concepts_raised":356},{"base_id":219,"kind":"top_words","i1":4,"i2":6,"sol":{"path":["/c/en/joliette","/c/en/city","/c/en/mississauga"],"weight":0.20600000000000002},"num_concepts_raised":79},{"base_id":219,"kind":"top_words","i1":4,"i2":7,"sol":{"path":["/c/en/joliette","/c/en/city","/c/en/nanaimo"],"weight":0.20600000000000002},"num_concepts_raised":59},{"base_id":219,"kind":"top_words","i1":4,"i2":8,"sol":{"path":["/c/en/joliette","/c/en/city","/c/en/lloydminster"],"weight":0.20600000000000002},"num_concepts_raised":49},{"base_id":219,"kind":"top_words","i1":4,"i2":9,"sol":{"path":["/c/en/joliette","/c/en/city","/c/en/rimouski"],"weight":0.20600000000000002},"num_concepts_raised":49},{"base_id":219,"kind":"top_words","i1":5,"i2":6,"sol":{"path":["/c/en/ontario","/c/en/mississauga"],"weight":0.20700000000000002},"num_concepts_raised":386},{"base_id":219,"kind":"top_words","i1":5,"i2":7,"sol":{"path":["/c/en/ontario","/c/en/canada","/c/en/british_columbia","/c/en/nanaimo"],"weight":0.22467999999999883},"num_concepts_raised":141829},{"base_id":219,"kind":"top_words","i1":5,"i2":8,"sol":{"path":["/c/en/ontario","/c/en/canada","/c/en/lloydminster"],"weight":0.20800000000000002},"num_concepts_raised":359},{"base_id":219,"kind":"top_words","i1":5,"i2":9,"sol":{"path":["/c/en/ontario","/c/en/canada","/c/en/rimouski"],"weight":0.20800000000000002},"num_concepts_raised":360},{"base_id":219,"kind":"top_words","i1":6,"i2":7,"sol":{"path":["/c/en/mississauga","/c/en/city","/c/en/nanaimo"],"weight":0.20600000000000002},"num_concepts_raised":91},{"base_id":219,"kind":"top_words","i1":6,"i2":8,"sol":{"path":["/c/en/mississauga","/c/en/city","/c/en/lloydminster"],"weight":0.20600000000000002},"num_concepts_raised":82},{"base_id":219,"kind":"top_words","i1":6,"i2":9,"sol":{"path":["/c/en/mississauga","/c/en/city","/c/en/rimouski"],"weight":0.20600000000000002},"num_concepts_raised":83},{"base_id":219,"kind":"top_words","i1":7,"i2":8,"sol":{"path":["/c/en/nanaimo","/c/en/city","/c/en/lloydminster"],"weight":0.20600000000000002},"num_concepts_raised":62},{"base_id":219,"kind":"top_words","i1":7,"i2":9,"sol":{"path":["/c/en/nanaimo","/c/en/city","/c/en/rimouski"],"weight":0.20600000000000002},"num_concepts_raised":63},{"base_id":219,"kind":"top_words","i1":8,"i2":9,"sol":{"path":["/c/en/lloydminster","/c/en/city","/c/en/rimouski"],"weight":0.20600000000000002},"num_concepts_raised":53}]]