[[{"base_id":20,"kind":"bot_words","i1":0,"i2":1,"sol":{"path":["/c/en/revisionism","/c/en/view","/c/ja/伸びる","/c/en/lengthen"],"weight":0.2110799999999997},"num_concepts_raised":27071},{"base_id":20,"kind":"bot_words","i1":0,"i2":2,"sol":{"path":["/c/en/revisionism","/c/en/derogatory","/c/en/fish","/c/en/glassfish"],"weight":0.20824999999999994},"num_concepts_raised":21370},{"base_id":20,"kind":"bot_words","i1":0,"i2":3,"sol":{"path":["/c/en/revisionism","/c/en/historical","/c/fr/maillot","/c/en/swimsuit"],"weight":0.21457000000000015},"num_concepts_raised":23603},{"base_id":20,"kind":"bot_words","i1":0,"i2":4,"sol":{"path":["/c/en/revisionism","/c/en/derogatory","/c/en/legal","/c/en/peppercorn"],"weight":0.20335999999999993},"num_concepts_raised":26225},{"base_id":20,"kind":"bot_words","i1":0,"i2":5,"sol":{"path":["/c/en/revisionism","/c/en/theory","/c/en/mathematics","/c/en/congruence"],"weight":0.20401999999999987},"num_concepts_raised":33696},{"base_id":20,"kind":"bot_words","i1":0,"i2":6,"sol":{"path":["/c/en/revisionism","/c/en/revision","/c/en/uk","/c/en/district","/c/en/gangnam"],"weight":0.21136999999999995},"num_concepts_raised":17223},{"base_id":20,"kind":"bot_words","i1":0,"i2":7,"sol":{"path":["/c/en/revisionism","/c/en/view","/c/en/cover","/c/en/shielding"],"weight":0.2035499999999999},"num_concepts_raised":46725},{"base_id":20,"kind":"bot_words","i1":0,"i2":8,"sol":{"path":["/c/en/revisionism","/c/en/historical","/c/en/smyrna","/c/en/i̇zmir"],"weight":0.2087899999999997},"num_concepts_raised":20095},{"base_id":20,"kind":"bot_words","i1":0,"i2":9,"sol":{"path":["/c/en/revisionism","/c/en/derogatory","/c/en/housemaid","/c/en/maidservant"],"weight":0.20456000000000008},"num_concepts_raised":21045},{"base_id":20,"kind":"bot_words","i1":1,"i2":2,"sol":{"path":["/c/en/lengthen","/c/en/shorten","/c/en/software","/c/en/glassfish"],"weight":0.21773999999999963},"num_concepts_raised":16931},{"base_id":20,"kind":"bot_words","i1":1,"i2":3,"sol":{"path":["/c/en/lengthen","/c/en/stretch","/c/en/tight","/c/en/bathing_suit","/c/en/swimsuit"],"weight":0.22475999999999985},"num_concepts_raised":19129},{"base_id":20,"kind":"bot_words","i1":1,"i2":4,"sol":{"path":["/c/en/lengthen","/c/en/extend","/c/en/contract","/c/en/peppercorn"],"weight":0.21383999999999959},"num_concepts_raised":21870},{"base_id":20,"kind":"bot_words","i1":1,"i2":5,"sol":{"path":["/c/en/lengthen","/c/en/length","/c/en/mathematics","/c/en/congruence"],"weight":0.21555999999999953},"num_concepts_raised":29119},{"base_id":20,"kind":"bot_words","i1":1,"i2":6,"sol":{"path":["/c/en/lengthen","/c/en/length","/c/en/area","/c/en/district","/c/en/gangnam"],"weight":0.22178999999999965},"num_concepts_raised":12843},{"base_id":20,"kind":"bot_words","i1":1,"i2":7,"sol":{"path":["/c/en/lengthen","/c/en/extend","/c/en/cover","/c/en/shielding"],"weight":0.21396999999999955},"num_concepts_raised":42206},{"base_id":20,"kind":"bot_words","i1":1,"i2":8,"sol":{"path":["/c/en/lengthen","/c/fr/prolonger","/c/fr/porter","/c/en/transport","/c/en/i̇zmir"],"weight":0.22039999999999937},"num_concepts_raised":15739},{"base_id":20,"kind":"bot_words","i1":1,"i2":9,"sol":{"path":["/c/en/lengthen","/c/en/servile","/c/en/servant","/c/en/maidservant"],"weight":0.21397999999999978},"num_concepts_raised":16698},{"base_id":20,"kind":"bot_words","i1":2,"i2":3,"sol":{"path":["/c/en/glassfish","/c/en/fish","/c/en/swimming","/c/en/swimsuit"],"weight":0.2170600000000001},"num_concepts_raised":13394},{"base_id":20,"kind":"bot_words","i1":2,"i2":4,"sol":{"path":["/c/en/glassfish","/c/en/software","/c/en/spice","/c/en/peppercorn"],"weight":0.20804999999999985},"num_concepts_raised":16259},{"base_id":20,"kind":"bot_words","i1":2,"i2":5,"sol":{"path":["/c/en/glassfish","/c/en/fish","/c/en/flat","/c/en/congruent","/c/en/congruence"],"weight":0.2094199999999998},"num_concepts_raised":23617},{"base_id":20,"kind":"bot_words","i1":2,"i2":6,"sol":{"path":["/c/en/glassfish","/c/en/fish","/c/en/market","/c/en/district","/c/en/gangnam"],"weight":0.2148299999999999},"num_concepts_raised":7047},{"base_id":20,"kind":"bot_words","i1":2,"i2":7,"sol":{"path":["/c/en/glassfish","/c/en/software","/c/en/action","/c/en/shielding"],"weight":0.20803999999999984},"num_concepts_raised":36805},{"base_id":20,"kind":"bot_words","i1":2,"i2":8,"sol":{"path":["/c/en/glassfish","/c/en/fish","/c/en/water","/c/en/city","/c/en/i̇zmir"],"weight":0.21333999999999964},"num_concepts_raised":10005},{"base_id":20,"kind":"bot_words","i1":2,"i2":9,"sol":{"path":["/c/en/glassfish","/c/en/fish","/c/en/woman","/c/en/servant","/c/en/maidservant"],"weight":0.21135000000000004},"num_concepts_raised":10934},{"base_id":20,"kind":"bot_words","i1":3,"i2":4,"sol":{"path":["/c/en/swimsuit","/c/en/suit","/c/en/legal","/c/en/peppercorn"],"weight":0.2120100000000001},"num_concepts_raised":18492},{"base_id":20,"kind":"bot_words","i1":3,"i2":5,"sol":{"path":["/c/en/swimsuit","/c/en/suit","/c/la/congruo","/c/en/congruence"],"weight":0.21253000000000002},"num_concepts_raised":25793},{"base_id":20,"kind":"bot_words","i1":3,"i2":6,"sol":{"path":["/c/en/swimsuit","/c/en/togs","/c/en/uk","/c/en/district","/c/en/gangnam"],"weight":0.22093000000000013},"num_concepts_raised":9331},{"base_id":20,"kind":"bot_words","i1":3,"i2":7,"sol":{"path":["/c/en/swimsuit","/c/fr/vêtements","/c/en/body","/c/en/shielding"],"weight":0.21218000000000004},"num_concepts_raised":38799},{"base_id":20,"kind":"bot_words","i1":3,"i2":8,"sol":{"path":["/c/en/swimsuit","/c/en/swim","/c/en/transport","/c/en/i̇zmir"],"weight":0.21736999999999984},"num_concepts_raised":12267},{"base_id":20,"kind":"bot_words","i1":3,"i2":9,"sol":{"path":["/c/en/swimsuit","/c/en/bra","/c/en/female","/c/en/maidservant"],"weight":0.21312000000000025},"num_concepts_raised":13180},{"base_id":20,"kind":"bot_words","i1":4,"i2":5,"sol":{"path":["/c/en/peppercorn","/c/en/legal","/c/en/appropriate","/c/en/congruence"],"weight":0.2034999999999998},"num_concepts_raised":28542},{"base_id":20,"kind":"bot_words","i1":4,"i2":6,"sol":{"path":["/c/en/peppercorn","/c/en/pepper","/c/en/uk","/c/en/district","/c/en/gangnam"],"weight":0.21211999999999986},"num_concepts_raised":12171},{"base_id":20,"kind":"bot_words","i1":4,"i2":7,"sol":{"path":["/c/en/peppercorn","/c/en/contract","/c/en/cover","/c/en/shielding"],"weight":0.2032799999999998},"num_concepts_raised":41640},{"base_id":20,"kind":"bot_words","i1":4,"i2":8,"sol":{"path":["/c/en/peppercorn","/c/en/pepper","/c/en/uk","/c/en/city","/c/en/i̇zmir"],"weight":0.21060999999999963},"num_concepts_raised":15108},{"base_id":20,"kind":"bot_words","i1":4,"i2":9,"sol":{"path":["/c/en/peppercorn","/c/en/legal","/c/syc/ܡܫܡܫܢܝܬܐ","/c/en/maidservant"],"weight":0.20501000000000003},"num_concepts_raised":16041},{"base_id":20,"kind":"bot_words","i1":5,"i2":6,"sol":{"path":["/c/en/congruence","/c/en/mathematics","/c/en/division","/c/en/district","/c/en/gangnam"],"weight":0.2106199999999998},"num_concepts_raised":19503},{"base_id":20,"kind":"bot_words","i1":5,"i2":7,"sol":{"path":["/c/en/congruence","/c/en/mathematics","/c/en/physics","/c/en/shielding"],"weight":0.20384999999999975},"num_concepts_raised":48455},{"base_id":20,"kind":"bot_words","i1":5,"i2":8,"sol":{"path":["/c/en/congruence","/c/en/congruent","/c/en/flat","/c/en/city","/c/en/i̇zmir"],"weight":0.20990999999999954},"num_concepts_raised":22445},{"base_id":20,"kind":"bot_words","i1":5,"i2":9,"sol":{"path":["/c/en/congruence","/c/en/equivalence_relation","/c/en/relation","/c/en/servant","/c/en/maidservant"],"weight":0.20775999999999994},"num_concepts_raised":23402},{"base_id":20,"kind":"bot_words","i1":6,"i2":7,"sol":{"path":["/c/en/gangnam","/c/en/district","/c/en/place","/c/en/shield","/c/en/shielding"],"weight":0.21120999999999984},"num_concepts_raised":32790},{"base_id":20,"kind":"bot_words","i1":6,"i2":8,"sol":{"path":["/c/en/gangnam","/c/en/seoul","/c/en/city","/c/en/i̇zmir"],"weight":0.21533999999999964},"num_concepts_raised":5772},{"base_id":20,"kind":"bot_words","i1":6,"i2":9,"sol":{"path":["/c/en/gangnam","/c/en/district","/c/en/boss","/c/en/servant","/c/en/maidservant"],"weight":0.21326000000000006},"num_concepts_raised":6810},{"base_id":20,"kind":"bot_words","i1":7,"i2":8,"sol":{"path":["/c/en/shielding","/c/en/shield","/c/en/transport","/c/en/i̇zmir"],"weight":0.20966999999999958},"num_concepts_raised":35622},{"base_id":20,"kind":"bot_words","i1":7,"i2":9,"sol":{"path":["/c/en/shielding","/c/en/shield","/c/en/hand","/c/en/servant","/c/en/maidservant"],"weight":0.20767999999999998},"num_concepts_raised":36600},{"base_id":20,"kind":"bot_words","i1":8,"i2":9,"sol":{"path":["/c/en/i̇zmir","/c/en/city","/c/en/people","/c/en/servant","/c/en/maidservant"],"weight":0.21178999999999978},"num_concepts_raised":9766}],[{"base_id":20,"kind":"top_words","i1":0,"i2":1,"sol":{"path":["/c/en/occupancy","/c/en/use","/c/en/epicene","/c/en/intersexual"],"weight":0.20360999999999968},"num_concepts_raised":23816},{"base_id":20,"kind":"top_words","i1":0,"i2":2,"sol":{"path":["/c/en/occupancy","/c/en/land","/c/en/water","/c/en/wellhead"],"weight":0.20350999999999966},"num_concepts_raised":23579},{"base_id":20,"kind":"top_words","i1":0,"i2":3,"sol":{"path":["/c/en/occupancy","/c/en/rent","/c/en/give","/c/en/communicate","/c/en/communicant"],"weight":0.20528999999999975},"num_concepts_raised":12696},{"base_id":20,"kind":"top_words","i1":0,"i2":4,"sol":{"path":["/c/en/occupancy","/c/en/land","/c/en/person"],"weight":0.20400000000000001},"num_concepts_raised":12296},{"base_id":20,"kind":"top_words","i1":0,"i2":5,"sol":{"path":["/c/en/occupancy","/c/en/time","/c/fr/calculer","/c/fr/calculable","/c/en/computable"],"weight":0.2056899999999997},"num_concepts_raised":20840},{"base_id":20,"kind":"top_words","i1":0,"i2":6,"sol":{"path":["/c/en/occupancy","/c/en/period","/c/en/disease","/c/en/salmonellosis"],"weight":0.21108999999999978},"num_concepts_raised":20820},{"base_id":20,"kind":"top_words","i1":0,"i2":7,"sol":{"path":["/c/en/occupancy","/c/en/time","/c/en/music","/c/en/ictus"],"weight":0.20351999999999967},"num_concepts_raised":42384},{"base_id":20,"kind":"top_words","i1":0,"i2":8,"sol":{"path":["/c/en/occupancy","/c/en/time","/c/en/finite","/c/en/countable"],"weight":0.20565999999999965},"num_concepts_raised":31131},{"base_id":20,"kind":"top_words","i1":0,"i2":9,"sol":{"path":["/c/en/occupancy","/c/en/rent","/c/it/canone","/c/en/printing","/c/en/colophon"],"weight":0.20475999999999972},"num_concepts_raised":17755},{"base_id":20,"kind":"top_words","i1":1,"i2":2,"sol":{"path":["/c/en/intersexual","/c/en/sexual","/c/en/glory_hole","/c/en/wellhead"],"weight":0.20509999999999978},"num_concepts_raised":25129},{"base_id":20,"kind":"top_words","i1":1,"i2":3,"sol":{"path":["/c/en/intersexual","/c/en/sexual","/c/en/rapture","/c/en/christian","/c/en/communicant"],"weight":0.20493999999999984},"num_concepts_raised":14151},{"base_id":20,"kind":"top_words","i1":1,"i2":4,"sol":{"path":["/c/en/intersexual","/c/en/female","/c/en/person"],"weight":0.20500000000000002},"num_concepts_raised":12257},{"base_id":20,"kind":"top_words","i1":1,"i2":5,"sol":{"path":["/c/en/intersexual","/c/en/androgynous","/c/en/feature","/c/en/computing","/c/en/computable"],"weight":0.2055399999999998},"num_concepts_raised":22350},{"base_id":20,"kind":"top_words","i1":1,"i2":6,"sol":{"path":["/c/en/intersexual","/c/en/transsexual","/c/en/disease","/c/en/salmonellosis"],"weight":0.2108099999999999},"num_concepts_raised":22185},{"base_id":20,"kind":"top_words","i1":1,"i2":7,"sol":{"path":["/c/en/intersexual","/c/en/biology","/c/en/stress","/c/en/ictus"],"weight":0.2030499999999998},"num_concepts_raised":43953},{"base_id":20,"kind":"top_words","i1":1,"i2":8,"sol":{"path":["/c/en/intersexual","/c/en/male","/c/en/count","/c/en/countable"],"weight":0.20545999999999975},"num_concepts_raised":32685},{"base_id":20,"kind":"top_words","i1":1,"i2":9,"sol":{"path":["/c/en/intersexual","/c/en/intersex","/c/en/inter","/c/en/internet","/c/en/colophon"],"weight":0.20555999999999985},"num_concepts_raised":19213},{"base_id":20,"kind":"top_words","i1":2,"i2":3,"sol":{"path":["/c/en/wellhead","/c/en/source","/c/en/information","/c/en/communicate","/c/en/communicant"],"weight":0.2050199999999998},"num_concepts_raised":14091},{"base_id":20,"kind":"top_words","i1":2,"i2":4,"sol":{"path":["/c/en/wellhead","/c/en/source","/c/en/person"],"weight":0.20500000000000002},"num_concepts_raised":12264},{"base_id":20,"kind":"top_words","i1":2,"i2":5,"sol":{"path":["/c/en/wellhead","/c/en/source","/c/en/computing","/c/en/computable"],"weight":0.2045499999999998},"num_concepts_raised":22210},{"base_id":20,"kind":"top_words","i1":2,"i2":6,"sol":{"path":["/c/en/wellhead","/c/en/well","/c/en/disease","/c/en/salmonellosis"],"weight":0.21087999999999987},"num_concepts_raised":22172},{"base_id":20,"kind":"top_words","i1":2,"i2":7,"sol":{"path":["/c/en/wellhead","/c/en/water","/c/en/stroke","/c/en/ictus"],"weight":0.20306999999999975},"num_concepts_raised":43858},{"base_id":20,"kind":"top_words","i1":2,"i2":8,"sol":{"path":["/c/en/wellhead","/c/en/structure","/c/en/mathematics","/c/en/countable"],"weight":0.20433999999999974},"num_concepts_raised":32668},{"base_id":20,"kind":"top_words","i1":2,"i2":9,"sol":{"path":["/c/en/wellhead","/c/en/stream","/c/en/internet","/c/en/colophon"],"weight":0.2032299999999998},"num_concepts_raised":19119},{"base_id":20,"kind":"top_words","i1":3,"i2":4,"sol":{"path":["/c/en/communicant","/c/en/communicate","/c/en/person"],"weight":0.20500000000000002},"num_concepts_raised":12247},{"base_id":20,"kind":"top_words","i1":3,"i2":5,"sol":{"path":["/c/en/communicant","/c/en/communicate","/c/en/using_computer","/c/en/compute","/c/en/computable"],"weight":0.20510999999999985},"num_concepts_raised":11202},{"base_id":20,"kind":"top_words","i1":3,"i2":6,"sol":{"path":["/c/en/communicant","/c/en/communicate","/c/en/disease","/c/en/salmonellosis"],"weight":0.21149999999999994},"num_concepts_raised":11060},{"base_id":20,"kind":"top_words","i1":3,"i2":7,"sol":{"path":["/c/en/communicant","/c/en/communicate","/c/en/voice","/c/en/ictus"],"weight":0.20361999999999983},"num_concepts_raised":33102},{"base_id":20,"kind":"top_words","i1":3,"i2":8,"sol":{"path":["/c/en/communicant","/c/en/communicate","/c/en/information","/c/en/uncountable","/c/en/countable"],"weight":0.2061199999999998},"num_concepts_raised":21702},{"base_id":20,"kind":"top_words","i1":3,"i2":9,"sol":{"path":["/c/en/communicant","/c/en/communicate","/c/en/internet","/c/en/colophon"],"weight":0.20400999999999986},"num_concepts_raised":8029},{"base_id":20,"kind":"top_words","i1":4,"i2":5,"sol":{"path":["/c/en/person","/c/en/child","/c/en/computing","/c/en/computable"],"weight":0.3487800000000892},"num_concepts_raised":664494},{"base_id":20,"kind":"top_words","i1":4,"i2":6,"sol":{"path":["/c/en/person","/c/en/people","/c/en/disease","/c/en/salmonellosis"],"weight":0.3573700000000891},"num_concepts_raised":664958},{"base_id":20,"kind":"top_words","i1":4,"i2":7,"sol":{"path":["/c/en/person","/c/en/music","/c/en/ictus"],"weight":0.20400000000000001},"num_concepts_raised":12253},{"base_id":20,"kind":"top_words","i1":4,"i2":8,"sol":{"path":["/c/en/person","/c/en/grammar","/c/en/countable"],"weight":0.20400000000000001},"num_concepts_raised":12329},{"base_id":20,"kind":"top_words","i1":4,"i2":9,"sol":{"path":["/c/en/person","/c/en/technology","/c/en/colophon"],"weight":0.20400000000000001},"num_concepts_raised":12268},{"base_id":20,"kind":"top_words","i1":5,"i2":6,"sol":{"path":["/c/en/computable","/c/en/compute","/c/en/power","/c/en/disease","/c/en/salmonellosis"],"weight":0.2120199999999999},"num_concepts_raised":19339},{"base_id":20,"kind":"top_words","i1":5,"i2":7,"sol":{"path":["/c/en/computable","/c/en/compute","/c/en/value","/c/en/music","/c/en/ictus"],"weight":0.2043399999999998},"num_concepts_raised":41080},{"base_id":20,"kind":"top_words","i1":5,"i2":8,"sol":{"path":["/c/en/computable","/c/en/calculable","/c/en/denumerable","/c/en/countable"],"weight":0.20662999999999979},"num_concepts_raised":29542},{"base_id":20,"kind":"top_words","i1":5,"i2":9,"sol":{"path":["/c/en/computable","/c/en/computing","/c/en/internet","/c/en/colophon"],"weight":0.20353999999999983},"num_concepts_raised":15973},{"base_id":20,"kind":"top_words","i1":6,"i2":7,"sol":{"path":["/c/en/salmonellosis","/c/en/disease","/c/en/stroke","/c/en/ictus"],"weight":0.21074999999999988},"num_concepts_raised":40546},{"base_id":20,"kind":"top_words","i1":6,"i2":8,"sol":{"path":["/c/en/salmonellosis","/c/en/salmonella","/c/en/rod","/c/en/mathematics","/c/en/countable"],"weight":0.21409999999999985},"num_concepts_raised":29820},{"base_id":20,"kind":"top_words","i1":6,"i2":9,"sol":{"path":["/c/en/salmonellosis","/c/en/disease","/c/en/stroke","/c/en/coronis","/c/en/colophon"],"weight":0.21199999999999994},"num_concepts_raised":16175},{"base_id":20,"kind":"top_words","i1":7,"i2":8,"sol":{"path":["/c/en/ictus","/c/en/music","/c/en/infinite","/c/en/countable"],"weight":0.20434999999999975},"num_concepts_raised":51321},{"base_id":20,"kind":"top_words","i1":7,"i2":9,"sol":{"path":["/c/en/ictus","/c/en/stroke","/c/en/coronis","/c/en/colophon"],"weight":0.2042399999999998},"num_concepts_raised":38047},{"base_id":20,"kind":"top_words","i1":8,"i2":9,"sol":{"path":["/c/en/countable","/c/en/grammar","/c/en/coronis","/c/en/colophon"],"weight":0.2055999999999998},"num_concepts_raised":26722}]]