[[{"base_id":350,"kind":"bot_words","i1":0,"i2":1,"sol":{"path":["/c/en/vexation","/c/en/cross","/c/en/christianity","/c/en/catholicos"],"weight":0.2092499999999996},"num_concepts_raised":14316},{"base_id":350,"kind":"bot_words","i1":0,"i2":2,"sol":{"path":["/c/en/vexation","/c/en/concern","/c/fr/économie","/c/fr/soutenabilité","/c/en/sustainability"],"weight":0.21407999999999955},"num_concepts_raised":15956},{"base_id":350,"kind":"bot_words","i1":0,"i2":3,"sol":{"path":["/c/en/vexation","/c/en/trouble","/c/en/predicament"],"weight":0.202},"num_concepts_raised":241},{"base_id":350,"kind":"bot_words","i1":0,"i2":4,"sol":{"path":["/c/en/vexation","/c/pt/obsessão","/c/en/possession","/c/en/acquisitiveness"],"weight":0.20371999999999965},"num_concepts_raised":14982},{"base_id":350,"kind":"bot_words","i1":0,"i2":5,"sol":{"path":["/c/en/vexation","/c/en/irritation","/c/en/pollen","/c/en/granular"],"weight":0.20497999999999947},"num_concepts_raised":16007},{"base_id":350,"kind":"bot_words","i1":0,"i2":6,"sol":{"path":["/c/en/vexation","/c/en/annoyance","/c/en/bosh"],"weight":0.203},"num_concepts_raised":136},{"base_id":350,"kind":"bot_words","i1":0,"i2":7,"sol":{"path":["/c/en/vexation","/c/en/annoyance","/c/en/person","/c/en/luxemburger","/c/en/luxembourger"],"weight":0.2079599999999996},"num_concepts_raised":12003},{"base_id":350,"kind":"bot_words","i1":0,"i2":8,"sol":{"path":["/c/en/vexation","/c/en/trouble","/c/en/care","/c/en/babysitting"],"weight":0.2045099999999997},"num_concepts_raised":14636},{"base_id":350,"kind":"bot_words","i1":0,"i2":9,"sol":{"path":["/c/en/vexation","/c/en/hag","/c/ca/harpia","/c/en/harpy"],"weight":0.2144999999999995},"num_concepts_raised":16731},{"base_id":350,"kind":"bot_words","i1":1,"i2":2,"sol":{"path":["/c/en/catholicos","/c/en/bishop","/c/en/property","/c/en/sustainability"],"weight":0.21436999999999973},"num_concepts_raised":8581},{"base_id":350,"kind":"bot_words","i1":1,"i2":3,"sol":{"path":["/c/en/catholicos","/c/en/bishop","/c/en/uk","/c/en/situation","/c/en/predicament"],"weight":0.2107099999999995},"num_concepts_raised":21919},{"base_id":350,"kind":"bot_words","i1":1,"i2":4,"sol":{"path":["/c/en/catholicos","/c/en/bishop","/c/en/property","/c/en/acquisitiveness"],"weight":0.20820999999999984},"num_concepts_raised":7625},{"base_id":350,"kind":"bot_words","i1":1,"i2":5,"sol":{"path":["/c/en/catholicos","/c/en/bishop","/c/en/sugar","/c/en/granular"],"weight":0.20932999999999966},"num_concepts_raised":8670},{"base_id":350,"kind":"bot_words","i1":1,"i2":6,"sol":{"path":["/c/en/catholicos","/c/en/bishop","/c/en/uk","/c/en/british","/c/en/bosh"],"weight":0.2092699999999998},"num_concepts_raised":24734},{"base_id":350,"kind":"bot_words","i1":1,"i2":7,"sol":{"path":["/c/en/catholicos","/c/en/christianity","/c/en/citizen","/c/en/luxemburger","/c/en/luxembourger"],"weight":0.2108399999999998},"num_concepts_raised":4579},{"base_id":350,"kind":"bot_words","i1":1,"i2":8,"sol":{"path":["/c/en/catholicos","/c/en/bishop","/c/en/children","/c/en/babysitting"],"weight":0.20862999999999987},"num_concepts_raised":7384},{"base_id":350,"kind":"bot_words","i1":1,"i2":9,"sol":{"path":["/c/en/catholicos","/c/en/christianity","/c/fr/caractère","/c/fr/chipie","/c/en/harpy"],"weight":0.2169099999999997},"num_concepts_raised":9376},{"base_id":350,"kind":"bot_words","i1":2,"i2":3,"sol":{"path":["/c/en/sustainability","/c/en/ecology","/c/en/human","/c/en/predicament"],"weight":0.21022999999999947},"num_concepts_raised":23387},{"base_id":350,"kind":"bot_words","i1":2,"i2":4,"sol":{"path":["/c/en/sustainability","/c/en/property","/c/en/acquisitiveness"],"weight":0.20400000000000001},"num_concepts_raised":109},{"base_id":350,"kind":"bot_words","i1":2,"i2":5,"sol":{"path":["/c/en/sustainability","/c/fr/durabilité","/c/fr/susceptible","/c/fr/abrasif","/c/en/granular"],"weight":0.2139099999999996},"num_concepts_raised":10271},{"base_id":350,"kind":"bot_words","i1":2,"i2":6,"sol":{"path":["/c/en/sustainability","/c/en/sustain","/c/en/aid","/c/en/british","/c/en/bosh"],"weight":0.21196999999999977},"num_concepts_raised":26306},{"base_id":350,"kind":"bot_words","i1":2,"i2":7,"sol":{"path":["/c/en/sustainability","/c/en/sustainable_development","/c/en/france","/c/en/luxembourg","/c/en/luxembourger"],"weight":0.21064999999999973},"num_concepts_raised":6209},{"base_id":350,"kind":"bot_words","i1":2,"i2":8,"sol":{"path":["/c/en/sustainability","/c/en/sustain","/c/en/bear","/c/en/care","/c/en/babysitting"],"weight":0.21138999999999983},"num_concepts_raised":8967},{"base_id":350,"kind":"bot_words","i1":2,"i2":9,"sol":{"path":["/c/en/sustainability","/c/en/property","/c/fr/bien","/c/fr/harpie","/c/en/harpy"],"weight":0.22187999999999963},"num_concepts_raised":10996},{"base_id":350,"kind":"bot_words","i1":3,"i2":4,"sol":{"path":["/c/en/predicament","/c/en/situation","/c/en/situate","/c/en/acquire","/c/en/acquisitiveness"],"weight":0.20626999999999956},"num_concepts_raised":22495},{"base_id":350,"kind":"bot_words","i1":3,"i2":5,"sol":{"path":["/c/en/predicament","/c/en/category","/c/en/grain","/c/en/granular"],"weight":0.20622999999999939},"num_concepts_raised":23545},{"base_id":350,"kind":"bot_words","i1":3,"i2":6,"sol":{"path":["/c/en/predicament","/c/en/bad","/c/en/british","/c/en/bosh"],"weight":0.20496999999999954},"num_concepts_raised":39052},{"base_id":350,"kind":"bot_words","i1":3,"i2":7,"sol":{"path":["/c/en/predicament","/c/en/human","/c/en/european","/c/en/luxembourger"],"weight":0.20457999999999954},"num_concepts_raised":19552},{"base_id":350,"kind":"bot_words","i1":3,"i2":8,"sol":{"path":["/c/en/predicament","/c/en/care","/c/en/babysitting"],"weight":0.202},"num_concepts_raised":168},{"base_id":350,"kind":"bot_words","i1":3,"i2":9,"sol":{"path":["/c/en/predicament","/c/en/box","/c/en/fruit_bat","/c/en/harpy"],"weight":0.21062999999999943},"num_concepts_raised":24205},{"base_id":350,"kind":"bot_words","i1":4,"i2":5,"sol":{"path":["/c/en/acquisitiveness","/c/en/acquire","/c/en/garner","/c/en/grain","/c/en/granular"],"weight":0.2059999999999997},"num_concepts_raised":9327},{"base_id":350,"kind":"bot_words","i1":4,"i2":6,"sol":{"path":["/c/en/acquisitiveness","/c/en/acquire","/c/en/have","/c/en/british","/c/en/bosh"],"weight":0.20482999999999985},"num_concepts_raised":25363},{"base_id":350,"kind":"bot_words","i1":4,"i2":7,"sol":{"path":["/c/en/acquisitiveness","/c/en/property","/c/en/lot","/c/en/european","/c/en/luxembourger"],"weight":0.20333999999999985},"num_concepts_raised":5254},{"base_id":350,"kind":"bot_words","i1":4,"i2":8,"sol":{"path":["/c/en/acquisitiveness","/c/en/acquire","/c/en/have","/c/en/care","/c/en/babysitting"],"weight":0.20423999999999992},"num_concepts_raised":8022},{"base_id":350,"kind":"bot_words","i1":4,"i2":9,"sol":{"path":["/c/en/acquisitiveness","/c/en/desire","/c/en/ravenous","/c/en/harpy"],"weight":0.20936999999999972},"num_concepts_raised":10023},{"base_id":350,"kind":"bot_words","i1":5,"i2":6,"sol":{"path":["/c/en/granular","/c/en/sugar","/c/en/slang","/c/en/bosh"],"weight":0.20381999999999967},"num_concepts_raised":26323},{"base_id":350,"kind":"bot_words","i1":5,"i2":7,"sol":{"path":["/c/en/granular","/c/en/sugar","/c/en/person","/c/en/luxemburger","/c/en/luxembourger"],"weight":0.20645999999999964},"num_concepts_raised":6294},{"base_id":350,"kind":"bot_words","i1":5,"i2":8,"sol":{"path":["/c/en/granular","/c/en/grain","/c/en/corn","/c/en/children","/c/en/babysitting"],"weight":0.20541999999999977},"num_concepts_raised":9083},{"base_id":350,"kind":"bot_words","i1":5,"i2":9,"sol":{"path":["/c/en/granular","/c/en/grain","/c/en/animal","/c/en/vulture","/c/en/harpy"],"weight":0.21166999999999958},"num_concepts_raised":11068},{"base_id":350,"kind":"bot_words","i1":6,"i2":7,"sol":{"path":["/c/en/bosh","/c/en/british","/c/en/european","/c/en/luxembourger"],"weight":0.2043499999999998},"num_concepts_raised":22362},{"base_id":350,"kind":"bot_words","i1":6,"i2":8,"sol":{"path":["/c/en/bosh","/c/en/british","/c/en/guard","/c/en/babysit","/c/en/babysitting"],"weight":0.20512999999999992},"num_concepts_raised":25074},{"base_id":350,"kind":"bot_words","i1":6,"i2":9,"sol":{"path":["/c/en/bosh","/c/en/british","/c/en/european","/c/en/harpy"],"weight":0.21038999999999972},"num_concepts_raised":26996},{"base_id":350,"kind":"bot_words","i1":7,"i2":8,"sol":{"path":["/c/en/luxembourger","/c/en/luxemburger","/c/en/person","/c/en/care","/c/en/babysitting"],"weight":0.20579999999999987},"num_concepts_raised":5010},{"base_id":350,"kind":"bot_words","i1":7,"i2":9,"sol":{"path":["/c/en/luxembourger","/c/en/european","/c/en/harpy"],"weight":0.20400000000000001},"num_concepts_raised":175},{"base_id":350,"kind":"bot_words","i1":8,"i2":9,"sol":{"path":["/c/en/babysitting","/c/en/baby","/c/en/bird","/c/de/harpyie","/c/en/harpy"],"weight":0.21186999999999978},"num_concepts_raised":9794}],[{"base_id":350,"kind":"top_words","i1":0,"i2":1,"sol":{"path":["/c/en/stake","/c/en/post","/c/en/record","/c/en/rollback"],"weight":0.21355999999999908},"num_concepts_raised":76289},{"base_id":350,"kind":"top_words","i1":0,"i2":2,"sol":{"path":["/c/en/stake","/c/en/pawn","/c/en/sacrifice","/c/en/immolate"],"weight":0.21085999999999916},"num_concepts_raised":53117},{"base_id":350,"kind":"top_words","i1":0,"i2":3,"sol":{"path":["/c/en/stake","/c/en/stick","/c/en/bone","/c/en/rostral_bone","/c/en/ceratopsian"],"weight":0.21136999999999911},"num_concepts_raised":51150},{"base_id":350,"kind":"top_words","i1":0,"i2":4,"sol":{"path":["/c/en/stake","/c/en/wager","/c/en/legal","/c/en/tenant","/c/en/subtenant"],"weight":0.21469999999999922},"num_concepts_raised":51006},{"base_id":350,"kind":"top_words","i1":0,"i2":5,"sol":{"path":["/c/en/stake","/c/en/blucher","/c/en/treble"],"weight":0.202},"num_concepts_raised":579},{"base_id":350,"kind":"top_words","i1":0,"i2":6,"sol":{"path":["/c/en/stake","/c/en/support","/c/en/hold","/c/en/toehold"],"weight":0.2111099999999991},"num_concepts_raised":56156},{"base_id":350,"kind":"top_words","i1":0,"i2":7,"sol":{"path":["/c/en/stake","/c/en/pool","/c/en/area","/c/en/acreage"],"weight":0.21240999999999916},"num_concepts_raised":57907},{"base_id":350,"kind":"top_words","i1":0,"i2":8,"sol":{"path":["/c/en/stake","/c/en/game","/c/en/monopoly","/c/en/monopolist"],"weight":0.21148999999999918},"num_concepts_raised":51149},{"base_id":350,"kind":"top_words","i1":0,"i2":9,"sol":{"path":["/c/en/stake","/c/en/post","/c/en/column","/c/en/newel"],"weight":0.21353999999999906},"num_concepts_raised":58989},{"base_id":350,"kind":"top_words","i1":1,"i2":2,"sol":{"path":["/c/en/rollback","/c/en/containment","/c/fr/politique","/c/fr/immoler","/c/en/immolate"],"weight":0.20687999999999984},"num_concepts_raised":30810},{"base_id":350,"kind":"top_words","i1":1,"i2":3,"sol":{"path":["/c/en/rollback","/c/en/politics","/c/en/dino","/c/en/dinosaur","/c/en/ceratopsian"],"weight":0.2031199999999998},"num_concepts_raised":28747},{"base_id":350,"kind":"top_words","i1":1,"i2":4,"sol":{"path":["/c/en/rollback","/c/en/containment","/c/en/hold","/c/en/tenant","/c/en/subtenant"],"weight":0.20532999999999993},"num_concepts_raised":28605},{"base_id":350,"kind":"top_words","i1":1,"i2":5,"sol":{"path":["/c/en/rollback","/c/en/us","/c/en/triple","/c/en/treble"],"weight":0.2062499999999997},"num_concepts_raised":51684},{"base_id":350,"kind":"top_words","i1":1,"i2":6,"sol":{"path":["/c/en/rollback","/c/en/containment","/c/en/hold","/c/en/toehold"],"weight":0.2041899999999998},"num_concepts_raised":34218},{"base_id":350,"kind":"top_words","i1":1,"i2":7,"sol":{"path":["/c/en/rollback","/c/en/state","/c/en/area","/c/en/acreage"],"weight":0.20349999999999985},"num_concepts_raised":36138},{"base_id":350,"kind":"top_words","i1":1,"i2":8,"sol":{"path":["/c/en/rollback","/c/en/politics","/c/en/government","/c/en/monopoly","/c/en/monopolist"],"weight":0.20452999999999988},"num_concepts_raised":28754},{"base_id":350,"kind":"top_words","i1":1,"i2":9,"sol":{"path":["/c/en/rollback","/c/en/record","/c/en/column","/c/en/newel"],"weight":0.20339999999999975},"num_concepts_raised":37139},{"base_id":350,"kind":"top_words","i1":2,"i2":3,"sol":{"path":["/c/en/immolate","/c/en/sacrifice","/c/en/animal","/c/en/dinosaur","/c/en/ceratopsian"],"weight":0.20359999999999986},"num_concepts_raised":3278},{"base_id":350,"kind":"top_words","i1":2,"i2":4,"sol":{"path":["/c/en/immolate","/c/en/sacrifice","/c/en/film","/c/en/tenant","/c/en/subtenant"],"weight":0.20475},"num_concepts_raised":3146},{"base_id":350,"kind":"top_words","i1":2,"i2":5,"sol":{"path":["/c/en/immolate","/c/fr/immoler","/c/fr/messe","/c/fr/musique","/c/en/treble"],"weight":0.20728999999999975},"num_concepts_raised":27334},{"base_id":350,"kind":"top_words","i1":2,"i2":6,"sol":{"path":["/c/en/immolate","/c/fr/immoler","/c/fr/devoir","/c/en/hold","/c/en/toehold"],"weight":0.20531999999999984},"num_concepts_raised":9266},{"base_id":350,"kind":"top_words","i1":2,"i2":7,"sol":{"path":["/c/en/immolate","/c/en/sacrifice","/c/en/slang","/c/en/area","/c/en/acreage"],"weight":0.2039899999999999},"num_concepts_raised":11288},{"base_id":350,"kind":"top_words","i1":2,"i2":8,"sol":{"path":["/c/en/immolate","/c/en/destroy","/c/en/property","/c/en/monopoly","/c/en/monopolist"],"weight":0.20453999999999992},"num_concepts_raised":3303},{"base_id":350,"kind":"top_words","i1":2,"i2":9,"sol":{"path":["/c/en/immolate","/c/fr/immoler","/c/fr/sacrifice","/c/fr/chose","/c/en/newel"],"weight":0.20558999999999983},"num_concepts_raised":12178},{"base_id":350,"kind":"top_words","i1":3,"i2":4,"sol":{"path":["/c/en/ceratopsian","/c/en/dinosaur","/c/en/bird","/c/en/occupant","/c/en/tenant","/c/en/subtenant"],"weight":0.20734769999999986},"num_concepts_raised":49476},{"base_id":350,"kind":"top_words","i1":3,"i2":5,"sol":{"path":["/c/en/ceratopsian","/c/en/agathaumid","/c/en/family","/c/en/music","/c/en/treble"],"weight":0.20475999999999972},"num_concepts_raised":25244},{"base_id":350,"kind":"top_words","i1":3,"i2":6,"sol":{"path":["/c/en/ceratopsian","/c/en/dinosaur","/c/en/animal","/c/en/foot","/c/en/toehold"],"weight":0.20268999999999981},"num_concepts_raised":7170},{"base_id":350,"kind":"top_words","i1":3,"i2":7,"sol":{"path":["/c/en/ceratopsian","/c/en/dinosaur","/c/en/animal","/c/en/field","/c/en/acreage"],"weight":0.2028799999999999},"num_concepts_raised":9190},{"base_id":350,"kind":"top_words","i1":3,"i2":8,"sol":{"path":["/c/en/ceratopsian","/c/en/dinosaur","/c/en/animal","/c/en/game","/c/en/monopoly","/c/en/monopolist"],"weight":0.20781529999999976},"num_concepts_raised":75403},{"base_id":350,"kind":"top_words","i1":3,"i2":9,"sol":{"path":["/c/en/ceratopsian","/c/en/triceratops","/c/en/genus","/c/en/spindle","/c/en/newel"],"weight":0.20286999999999977},"num_concepts_raised":10075},{"base_id":350,"kind":"top_words","i1":4,"i2":5,"sol":{"path":["/c/en/subtenant","/c/fr/sous_locataire","/c/fr/partie","/c/en/treble"],"weight":0.20354999999999984},"num_concepts_raised":25105},{"base_id":350,"kind":"top_words","i1":4,"i2":6,"sol":{"path":["/c/en/subtenant","/c/en/tenant","/c/en/hold","/c/en/toehold"],"weight":0.20379999999999995},"num_concepts_raised":7029},{"base_id":350,"kind":"top_words","i1":4,"i2":7,"sol":{"path":["/c/en/subtenant","/c/en/tenant","/c/en/land","/c/en/acreage"],"weight":0.20400000000000001},"num_concepts_raised":9036},{"base_id":350,"kind":"top_words","i1":4,"i2":8,"sol":{"path":["/c/en/subtenant","/c/en/tenant","/c/en/holder","/c/en/monopoly","/c/en/monopolist"],"weight":0.20517000000000002},"num_concepts_raised":1035},{"base_id":350,"kind":"top_words","i1":4,"i2":9,"sol":{"path":["/c/en/subtenant","/c/en/tenant","/c/en/verge","/c/en/architecture","/c/en/newel"],"weight":0.2040899999999999},"num_concepts_raised":9940},{"base_id":350,"kind":"top_words","i1":5,"i2":6,"sol":{"path":["/c/en/treble","/c/en/music","/c/en/foot","/c/en/toehold"],"weight":0.2048499999999997},"num_concepts_raised":30903},{"base_id":350,"kind":"top_words","i1":5,"i2":7,"sol":{"path":["/c/en/treble","/c/en/triple","/c/en/a","/c/en/acreage"],"weight":0.20592999999999978},"num_concepts_raised":32886},{"base_id":350,"kind":"top_words","i1":5,"i2":8,"sol":{"path":["/c/en/treble","/c/en/music","/c/en/play","/c/en/monopoly","/c/en/monopolist"],"weight":0.2062399999999998},"num_concepts_raised":25254},{"base_id":350,"kind":"top_words","i1":5,"i2":9,"sol":{"path":["/c/en/treble","/c/en/ring","/c/en/pillar","/c/en/newel"],"weight":0.2037399999999997},"num_concepts_raised":33620},{"base_id":350,"kind":"top_words","i1":6,"i2":7,"sol":{"path":["/c/en/toehold","/c/en/foot","/c/en/ground","/c/ba/майҙан","/c/en/acreage"],"weight":0.20390999999999987},"num_concepts_raised":15024},{"base_id":350,"kind":"top_words","i1":6,"i2":8,"sol":{"path":["/c/en/toehold","/c/en/foot","/c/en/holder","/c/en/monopoly","/c/en/monopolist"],"weight":0.20406999999999986},"num_concepts_raised":7188},{"base_id":350,"kind":"top_words","i1":6,"i2":9,"sol":{"path":["/c/en/toehold","/c/en/toe","/c/en/spindle","/c/en/newel"],"weight":0.20292999999999978},"num_concepts_raised":15929},{"base_id":350,"kind":"top_words","i1":7,"i2":8,"sol":{"path":["/c/en/acreage","/c/en/area","/c/en/property","/c/en/monopoly","/c/en/monopolist"],"weight":0.20445999999999992},"num_concepts_raised":9201},{"base_id":350,"kind":"top_words","i1":7,"i2":9,"sol":{"path":["/c/en/acreage","/c/fr/aire","/c/en/architecture","/c/en/newel"],"weight":0.20408999999999983},"num_concepts_raised":17918},{"base_id":350,"kind":"top_words","i1":8,"i2":9,"sol":{"path":["/c/en/monopolist","/c/en/monopoly","/c/en/product","/c/en/architecture","/c/en/newel"],"weight":0.20431999999999984},"num_concepts_raised":10097}]]