[[{"base_id":812,"kind":"bot_words","i1":0,"i2":1,"sol":{"path":["/c/en/grevenmacher","/c/en/city","/c/en/bar","/c/en/granola_bar","/c/en/granola"],"weight":0.21756999999999982},"num_concepts_raised":7555},{"base_id":812,"kind":"bot_words","i1":0,"i2":2,"sol":{"path":["/c/en/grevenmacher","/c/en/city","/c/en/new","/c/en/sour","/c/en/soured"],"weight":0.2100099999999998},"num_concepts_raised":5699},{"base_id":812,"kind":"bot_words","i1":0,"i2":3,"sol":{"path":["/c/en/grevenmacher","/c/en/city","/c/en/block","/c/en/massif"],"weight":0.2083299999999998},"num_concepts_raised":11218},{"base_id":812,"kind":"bot_words","i1":0,"i2":4,"sol":{"path":["/c/en/grevenmacher","/c/en/east","/c/en/historical","/c/en/kilt"],"weight":0.20912999999999976},"num_concepts_raised":23630},{"base_id":812,"kind":"bot_words","i1":0,"i2":5,"sol":{"path":["/c/en/grevenmacher","/c/en/city","/c/en/like","/c/en/loving","/c/en/lovable"],"weight":0.2103099999999998},"num_concepts_raised":10002},{"base_id":812,"kind":"bot_words","i1":0,"i2":6,"sol":{"path":["/c/en/grevenmacher","/c/en/city","/c/en/busy","/c/en/occupy"],"weight":0.21291999999999883},"num_concepts_raised":48558},{"base_id":812,"kind":"bot_words","i1":0,"i2":7,"sol":{"path":["/c/en/grevenmacher","/c/en/city","/c/en/civilize","/c/en/civilized"],"weight":0.2126599999999997},"num_concepts_raised":8338},{"base_id":812,"kind":"bot_words","i1":0,"i2":8,"sol":{"path":["/c/en/grevenmacher","/c/fr/grevenmacher","/c/fr/localités","/c/en/foulness","/c/en/filth"],"weight":0.21590999999999932},"num_concepts_raised":55312},{"base_id":812,"kind":"bot_words","i1":0,"i2":9,"sol":{"path":["/c/en/grevenmacher","/c/en/east","/c/en/historical","/c/en/phrenitis","/c/en/encephalitis"],"weight":0.2172899999999999},"num_concepts_raised":16475},{"base_id":812,"kind":"bot_words","i1":1,"i2":2,"sol":{"path":["/c/en/granola","/c/en/granule","/c/en/sugar","/c/en/sour","/c/en/soured"],"weight":0.2103499999999999},"num_concepts_raised":3696},{"base_id":812,"kind":"bot_words","i1":1,"i2":3,"sol":{"path":["/c/en/granola","/c/en/granola_bar","/c/en/bar","/c/en/block","/c/en/massif"],"weight":0.2127299999999999},"num_concepts_raised":9267},{"base_id":812,"kind":"bot_words","i1":1,"i2":4,"sol":{"path":["/c/en/granola","/c/en/granola_bar","/c/en/backpack","/c/en/clothing","/c/en/kilt"],"weight":0.21375999999999984},"num_concepts_raised":21842},{"base_id":812,"kind":"bot_words","i1":1,"i2":5,"sol":{"path":["/c/en/granola","/c/en/granola_bar","/c/en/cookie","/c/en/endearing","/c/en/lovable"],"weight":0.21462999999999988},"num_concepts_raised":8014},{"base_id":812,"kind":"bot_words","i1":1,"i2":6,"sol":{"path":["/c/en/granola","/c/en/consist","/c/en/be","/c/en/occupy"],"weight":0.21309999999999893},"num_concepts_raised":46788},{"base_id":812,"kind":"bot_words","i1":1,"i2":7,"sol":{"path":["/c/en/granola","/c/en/loose","/c/en/change","/c/en/civilize","/c/en/civilized"],"weight":0.2128899999999998},"num_concepts_raised":6378},{"base_id":812,"kind":"bot_words","i1":1,"i2":8,"sol":{"path":["/c/en/granola","/c/en/granola_head","/c/en/slang","/c/en/filth"],"weight":0.21222999999999942},"num_concepts_raised":53354},{"base_id":812,"kind":"bot_words","i1":1,"i2":9,"sol":{"path":["/c/en/granola","/c/en/oat","/c/de/eiter","/c/en/pathology","/c/en/encephalitis"],"weight":0.21597},"num_concepts_raised":14475},{"base_id":812,"kind":"bot_words","i1":2,"i2":3,"sol":{"path":["/c/en/soured","/c/en/sour","/c/en/music","/c/en/mass","/c/en/massif"],"weight":0.20532999999999985},"num_concepts_raised":7438},{"base_id":812,"kind":"bot_words","i1":2,"i2":4,"sol":{"path":["/c/en/soured","/c/en/sour","/c/en/prick","/c/en/dress","/c/en/kilt"],"weight":0.2072399999999998},"num_concepts_raised":20035},{"base_id":812,"kind":"bot_words","i1":2,"i2":5,"sol":{"path":["/c/en/soured","/c/en/sour","/c/fr/acide","/c/fr/aimable","/c/en/lovable"],"weight":0.20822999999999986},"num_concepts_raised":6153},{"base_id":812,"kind":"bot_words","i1":2,"i2":6,"sol":{"path":["/c/en/soured","/c/en/sour","/c/en/work","/c/en/fill","/c/en/occupy"],"weight":0.2111399999999989},"num_concepts_raised":45092},{"base_id":812,"kind":"bot_words","i1":2,"i2":7,"sol":{"path":["/c/en/soured","/c/en/sour","/c/en/sugar","/c/en/refined","/c/en/civilized"],"weight":0.20733999999999977},"num_concepts_raised":4520},{"base_id":812,"kind":"bot_words","i1":2,"i2":8,"sol":{"path":["/c/en/soured","/c/en/soured_cream","/c/en/british","/c/en/filth"],"weight":0.20656999999999937},"num_concepts_raised":51654},{"base_id":812,"kind":"bot_words","i1":2,"i2":9,"sol":{"path":["/c/en/soured","/c/en/sour","/c/en/acidity","/c/en/pathology","/c/en/encephalitis"],"weight":0.21249999999999997},"num_concepts_raised":12622},{"base_id":812,"kind":"bot_words","i1":3,"i2":4,"sol":{"path":["/c/en/massif","/c/en/mountain","/c/en/fell","/c/en/kilt"],"weight":0.20444999999999983},"num_concepts_raised":25416},{"base_id":812,"kind":"bot_words","i1":3,"i2":5,"sol":{"path":["/c/en/massif","/c/fr/massif","/c/fr/précieux","/c/en/dear","/c/en/lovable"],"weight":0.20678999999999986},"num_concepts_raised":11735},{"base_id":812,"kind":"bot_words","i1":3,"i2":6,"sol":{"path":["/c/en/massif","/c/en/block","/c/en/hold","/c/en/occupy"],"weight":0.2082099999999989},"num_concepts_raised":50053},{"base_id":812,"kind":"bot_words","i1":3,"i2":7,"sol":{"path":["/c/en/massif","/c/en/block","/c/en/city","/c/en/civilize","/c/en/civilized"],"weight":0.20780999999999977},"num_concepts_raised":10108},{"base_id":812,"kind":"bot_words","i1":3,"i2":8,"sol":{"path":["/c/en/massif","/c/en/mountain","/c/en/dirt","/c/en/filth"],"weight":0.20996999999999938},"num_concepts_raised":56816},{"base_id":812,"kind":"bot_words","i1":3,"i2":9,"sol":{"path":["/c/en/massif","/c/en/mass","/c/en/medicine","/c/fi/enkefaliitti","/c/en/encephalitis"],"weight":0.21482999999999997},"num_concepts_raised":18175},{"base_id":812,"kind":"bot_words","i1":4,"i2":5,"sol":{"path":["/c/en/kilt","/c/en/man","/c/ar/محبوب","/c/en/lovable"],"weight":0.2051999999999998},"num_concepts_raised":24250},{"base_id":812,"kind":"bot_words","i1":4,"i2":6,"sol":{"path":["/c/en/kilt","/c/en/skirt","/c/en/sexual_intercourse","/c/en/occupy"],"weight":0.20977999999999886},"num_concepts_raised":61706},{"base_id":812,"kind":"bot_words","i1":4,"i2":7,"sol":{"path":["/c/en/kilt","/c/en/fell","/c/en/savage","/c/en/civilized"],"weight":0.20539999999999975},"num_concepts_raised":22606},{"base_id":812,"kind":"bot_words","i1":4,"i2":8,"sol":{"path":["/c/en/kilt","/c/en/skirt","/c/en/slang","/c/en/filth"],"weight":0.21016999999999933},"num_concepts_raised":67846},{"base_id":812,"kind":"bot_words","i1":4,"i2":9,"sol":{"path":["/c/en/kilt","/c/en/historical","/c/en/phrenitis","/c/en/encephalitis"],"weight":0.2133799999999999},"num_concepts_raised":30736},{"base_id":812,"kind":"bot_words","i1":5,"i2":6,"sol":{"path":["/c/en/lovable","/c/en/love","/c/en/live","/c/en/occupy"],"weight":0.20832999999999888},"num_concepts_raised":49185},{"base_id":812,"kind":"bot_words","i1":5,"i2":7,"sol":{"path":["/c/en/lovable","/c/en/amicable","/c/en/civil","/c/en/civilized"],"weight":0.20860999999999974},"num_concepts_raised":8783},{"base_id":812,"kind":"bot_words","i1":5,"i2":8,"sol":{"path":["/c/en/lovable","/c/en/loving","/c/en/person","/c/en/filth"],"weight":0.20892999999999934},"num_concepts_raised":55753},{"base_id":812,"kind":"bot_words","i1":5,"i2":9,"sol":{"path":["/c/en/lovable","/c/en/affection","/c/en/medicine","/c/fi/enkefaliitti","/c/en/encephalitis"],"weight":0.21547999999999995},"num_concepts_raised":16915},{"base_id":812,"kind":"bot_words","i1":6,"i2":7,"sol":{"path":["/c/en/occupy","/c/en/fill","/c/ar/عمر","/c/en/civilized"],"weight":0.21023999999999882},"num_concepts_raised":47566},{"base_id":812,"kind":"bot_words","i1":6,"i2":8,"sol":{"path":["/c/en/occupy","/c/en/fill","/c/en/slang","/c/en/filth"],"weight":0.2128699999999984},"num_concepts_raised":91660},{"base_id":812,"kind":"bot_words","i1":6,"i2":9,"sol":{"path":["/c/en/occupy","/c/en/people","/c/en/disease","/c/en/encephalitis"],"weight":0.213999999999999},"num_concepts_raised":55692},{"base_id":812,"kind":"bot_words","i1":7,"i2":8,"sol":{"path":["/c/en/civilized","/c/en/civil","/c/en/police","/c/en/filth"],"weight":0.21027999999999927},"num_concepts_raised":54162},{"base_id":812,"kind":"bot_words","i1":7,"i2":9,"sol":{"path":["/c/en/civilized","/c/en/civil","/c/en/complaint","/c/en/disease","/c/en/encephalitis"],"weight":0.21393999999999988},"num_concepts_raised":15298},{"base_id":812,"kind":"bot_words","i1":8,"i2":9,"sol":{"path":["/c/en/filth","/c/en/crud","/c/en/disease","/c/en/encephalitis"],"weight":0.21513999999999944},"num_concepts_raised":62183}],[{"base_id":812,"kind":"top_words","i1":0,"i2":1,"sol":{"path":["/c/en/wire","/c/en/slang","/c/en/plastic"],"weight":0.21000000000000002},"num_concepts_raised":1320},{"base_id":812,"kind":"top_words","i1":0,"i2":2,"sol":{"path":["/c/en/wire","/c/en/rope"],"weight":0.20800000000000002},"num_concepts_raised":1633},{"base_id":812,"kind":"top_words","i1":0,"i2":3,"sol":{"path":["/c/en/wire","/c/en/slang","/c/en/bed"],"weight":0.20900000000000002},"num_concepts_raised":2416},{"base_id":812,"kind":"top_words","i1":0,"i2":4,"sol":{"path":["/c/en/wire","/c/en/metal"],"weight":0.20900000000000002},"num_concepts_raised":2492},{"base_id":812,"kind":"top_words","i1":0,"i2":5,"sol":{"path":["/c/en/wire","/c/en/metal","/c/en/wooden"],"weight":0.20700000000000002},"num_concepts_raised":1231},{"base_id":812,"kind":"top_words","i1":0,"i2":6,"sol":{"path":["/c/en/wire","/c/en/slang","/c/en/bag"],"weight":0.20800000000000002},"num_concepts_raised":1711},{"base_id":812,"kind":"top_words","i1":0,"i2":7,"sol":{"path":["/c/en/wire","/c/en/cable","/c/en/undergird","/c/en/underneath"],"weight":0.23270999999999836},"num_concepts_raised":96964},{"base_id":812,"kind":"top_words","i1":0,"i2":8,"sol":{"path":["/c/en/wire","/c/en/small","/c/en/dirt"],"weight":0.20600000000000002},"num_concepts_raised":1304},{"base_id":812,"kind":"top_words","i1":0,"i2":9,"sol":{"path":["/c/en/wire","/c/en/cable","/c/en/nautical","/c/en/canvas"],"weight":0.23491999999999835},"num_concepts_raised":100030},{"base_id":812,"kind":"top_words","i1":1,"i2":2,"sol":{"path":["/c/en/plastic","/c/en/slang","/c/en/rope"],"weight":0.20700000000000002},"num_concepts_raised":1589},{"base_id":812,"kind":"top_words","i1":1,"i2":3,"sol":{"path":["/c/en/plastic","/c/en/waterbed","/c/en/bed"],"weight":0.20800000000000002},"num_concepts_raised":2344},{"base_id":812,"kind":"top_words","i1":1,"i2":4,"sol":{"path":["/c/en/plastic","/c/en/metal"],"weight":0.20600000000000002},"num_concepts_raised":2411},{"base_id":812,"kind":"top_words","i1":1,"i2":5,"sol":{"path":["/c/en/plastic","/c/en/wood","/c/en/wooden"],"weight":0.20500000000000002},"num_concepts_raised":1159},{"base_id":812,"kind":"top_words","i1":1,"i2":6,"sol":{"path":["/c/en/plastic","/c/en/bag"],"weight":0.20500000000000002},"num_concepts_raised":1617},{"base_id":812,"kind":"top_words","i1":1,"i2":7,"sol":{"path":["/c/en/plastic","/c/en/slang","/c/fr/sous","/c/en/underneath"],"weight":0.2239299999999983},"num_concepts_raised":121982},{"base_id":812,"kind":"top_words","i1":1,"i2":8,"sol":{"path":["/c/en/plastic","/c/en/oil","/c/en/dirt"],"weight":0.20500000000000002},"num_concepts_raised":1234},{"base_id":812,"kind":"top_words","i1":1,"i2":9,"sol":{"path":["/c/en/plastic","/c/en/art","/c/en/canvas"],"weight":0.20500000000000002},"num_concepts_raised":921},{"base_id":812,"kind":"top_words","i1":2,"i2":3,"sol":{"path":["/c/en/rope","/c/en/lay","/c/en/bed"],"weight":0.20800000000000002},"num_concepts_raised":2675},{"base_id":812,"kind":"top_words","i1":2,"i2":4,"sol":{"path":["/c/en/rope","/c/en/jewelry","/c/en/metal"],"weight":0.20600000000000002},"num_concepts_raised":2778},{"base_id":812,"kind":"top_words","i1":2,"i2":5,"sol":{"path":["/c/en/rope","/c/en/tie","/c/en/wooden"],"weight":0.20500000000000002},"num_concepts_raised":1489},{"base_id":812,"kind":"top_words","i1":2,"i2":6,"sol":{"path":["/c/en/rope","/c/en/backpack","/c/en/bag"],"weight":0.20500000000000002},"num_concepts_raised":1973},{"base_id":812,"kind":"top_words","i1":2,"i2":7,"sol":{"path":["/c/en/rope","/c/en/undergird","/c/en/underneath"],"weight":0.20400000000000001},"num_concepts_raised":1159},{"base_id":812,"kind":"top_words","i1":2,"i2":8,"sol":{"path":["/c/en/rope","/c/en/soap","/c/en/dirt"],"weight":0.20400000000000001},"num_concepts_raised":1567},{"base_id":812,"kind":"top_words","i1":2,"i2":9,"sol":{"path":["/c/en/rope","/c/en/hemp","/c/en/canvas"],"weight":0.20400000000000001},"num_concepts_raised":1252},{"base_id":812,"kind":"top_words","i1":3,"i2":4,"sol":{"path":["/c/en/bed","/c/en/ore","/c/en/metal"],"weight":0.20800000000000002},"num_concepts_raised":3519},{"base_id":812,"kind":"top_words","i1":3,"i2":5,"sol":{"path":["/c/en/bed","/c/en/wooden"],"weight":0.20400000000000001},"num_concepts_raised":2242},{"base_id":812,"kind":"top_words","i1":3,"i2":6,"sol":{"path":["/c/en/bed","/c/en/bag"],"weight":0.20400000000000001},"num_concepts_raised":2722},{"base_id":812,"kind":"top_words","i1":3,"i2":7,"sol":{"path":["/c/en/bed","/c/en/under","/c/en/underneath"],"weight":0.20600000000000002},"num_concepts_raised":1912},{"base_id":812,"kind":"top_words","i1":3,"i2":8,"sol":{"path":["/c/en/bed","/c/en/dirt"],"weight":0.20400000000000001},"num_concepts_raised":2310},{"base_id":812,"kind":"top_words","i1":3,"i2":9,"sol":{"path":["/c/en/bed","/c/en/mat","/c/en/canvas"],"weight":0.20400000000000001},"num_concepts_raised":2011},{"base_id":812,"kind":"top_words","i1":4,"i2":5,"sol":{"path":["/c/en/metal","/c/en/wooden"],"weight":0.20400000000000001},"num_concepts_raised":2341},{"base_id":812,"kind":"top_words","i1":4,"i2":6,"sol":{"path":["/c/en/metal","/c/en/plastic","/c/en/bag"],"weight":0.20500000000000002},"num_concepts_raised":2830},{"base_id":812,"kind":"top_words","i1":4,"i2":7,"sol":{"path":["/c/en/metal","/c/en/ground","/c/en/underneath"],"weight":0.20400000000000001},"num_concepts_raised":2021},{"base_id":812,"kind":"top_words","i1":4,"i2":8,"sol":{"path":["/c/en/metal","/c/en/ground","/c/en/dirt"],"weight":0.20500000000000002},"num_concepts_raised":2420},{"base_id":812,"kind":"top_words","i1":4,"i2":9,"sol":{"path":["/c/en/metal","/c/en/coat","/c/en/canvas"],"weight":0.20400000000000001},"num_concepts_raised":2115},{"base_id":812,"kind":"top_words","i1":5,"i2":6,"sol":{"path":["/c/en/wooden","/c/en/paper","/c/en/bag"],"weight":0.20400000000000001},"num_concepts_raised":1544},{"base_id":812,"kind":"top_words","i1":5,"i2":7,"sol":{"path":["/c/en/wooden","/c/en/chair","/c/en/under","/c/en/underneath"],"weight":0.2149199999999978},"num_concepts_raised":67742},{"base_id":812,"kind":"top_words","i1":5,"i2":8,"sol":{"path":["/c/en/wooden","/c/en/bed","/c/en/dirt"],"weight":0.202},"num_concepts_raised":1134},{"base_id":812,"kind":"top_words","i1":5,"i2":9,"sol":{"path":["/c/en/wooden","/c/en/deck_chair","/c/en/canvas"],"weight":0.202},"num_concepts_raised":823},{"base_id":812,"kind":"top_words","i1":6,"i2":7,"sol":{"path":["/c/en/bag","/c/en/base","/c/en/underneath"],"weight":0.203},"num_concepts_raised":1211},{"base_id":812,"kind":"top_words","i1":6,"i2":8,"sol":{"path":["/c/en/bag","/c/en/bed","/c/en/dirt"],"weight":0.202},"num_concepts_raised":1614},{"base_id":812,"kind":"top_words","i1":6,"i2":9,"sol":{"path":["/c/en/bag","/c/en/cloth","/c/en/canvas"],"weight":0.203},"num_concepts_raised":1304},{"base_id":812,"kind":"top_words","i1":7,"i2":8,"sol":{"path":["/c/en/underneath","/c/en/under","/c/en/dirt"],"weight":0.20400000000000001},"num_concepts_raised":800},{"base_id":812,"kind":"top_words","i1":7,"i2":9,"sol":{"path":["/c/en/underneath","/c/en/cover","/c/en/canvas"],"weight":0.202},"num_concepts_raised":489},{"base_id":812,"kind":"top_words","i1":8,"i2":9,"sol":{"path":["/c/en/dirt","/c/en/ground","/c/en/art","/c/en/canvas"],"weight":0.2181799999999977},"num_concepts_raised":120493}]]