[[{"base_id":984,"kind":"bot_words","i1":0,"i2":1,"sol":{"path":["/c/en/surrounded","/c/en/through","/c/en/side","/c/en/obverse"],"weight":0.20901999999999954},"num_concepts_raised":25062},{"base_id":984,"kind":"bot_words","i1":0,"i2":2,"sol":{"path":["/c/en/surrounded","/c/en/album","/c/en/dead","/c/en/stillborn"],"weight":0.2106299999999996},"num_concepts_raised":9924},{"base_id":984,"kind":"bot_words","i1":0,"i2":3,"sol":{"path":["/c/en/surrounded","/c/en/isle","/c/en/name","/c/en/rhombus","/c/en/rhombic"],"weight":0.20859999999999967},"num_concepts_raised":5296},{"base_id":984,"kind":"bot_words","i1":0,"i2":4,"sol":{"path":["/c/en/surrounded","/c/en/enclosed","/c/en/room","/c/en/candle","/c/en/waxy"],"weight":0.21354999999999946},"num_concepts_raised":11518},{"base_id":984,"kind":"bot_words","i1":0,"i2":5,"sol":{"path":["/c/en/surrounded","/c/en/enclosed","/c/en/walk","/c/en/ambulant"],"weight":0.2126899999999996},"num_concepts_raised":7619},{"base_id":984,"kind":"bot_words","i1":0,"i2":6,"sol":{"path":["/c/en/surrounded","/c/en/yolk","/c/en/sun","/c/en/inferior","/c/en/deplorable"],"weight":0.2104699999999995},"num_concepts_raised":8475},{"base_id":984,"kind":"bot_words","i1":0,"i2":7,"sol":{"path":["/c/en/surrounded","/c/en/enclosed","/c/en/lake","/c/en/camping"],"weight":0.2142999999999995},"num_concepts_raised":14008},{"base_id":984,"kind":"bot_words","i1":0,"i2":8,"sol":{"path":["/c/en/surrounded","/c/en/island","/c/en/state","/c/en/old","/c/en/nonagenarian"],"weight":0.21020999999999973},"num_concepts_raised":7542},{"base_id":984,"kind":"bot_words","i1":0,"i2":9,"sol":{"path":["/c/en/surrounded","/c/en/surround","/c/en/british","/c/en/chipper"],"weight":0.21089999999999948},"num_concepts_raised":42412},{"base_id":984,"kind":"bot_words","i1":1,"i2":2,"sol":{"path":["/c/en/obverse","/c/en/botany","/c/fr/abortif","/c/en/stillborn"],"weight":0.2043799999999998},"num_concepts_raised":25304},{"base_id":984,"kind":"bot_words","i1":1,"i2":3,"sol":{"path":["/c/en/obverse","/c/en/side","/c/en/trirhomboidal","/c/en/rhombic"],"weight":0.20337999999999987},"num_concepts_raised":20780},{"base_id":984,"kind":"bot_words","i1":1,"i2":4,"sol":{"path":["/c/en/obverse","/c/en/head","/c/en/apple","/c/en/waxy"],"weight":0.2041299999999997},"num_concepts_raised":26894},{"base_id":984,"kind":"bot_words","i1":1,"i2":5,"sol":{"path":["/c/en/obverse","/c/en/side","/c/en/walk","/c/en/ambulant"],"weight":0.20329999999999981},"num_concepts_raised":23059},{"base_id":984,"kind":"bot_words","i1":1,"i2":6,"sol":{"path":["/c/en/obverse","/c/en/botany","/c/en/inferior","/c/en/deplorable"],"weight":0.20526999999999967},"num_concepts_raised":23923},{"base_id":984,"kind":"bot_words","i1":1,"i2":7,"sol":{"path":["/c/en/obverse","/c/en/head","/c/en/lake","/c/en/camping"],"weight":0.2048999999999997},"num_concepts_raised":29329},{"base_id":984,"kind":"bot_words","i1":1,"i2":8,"sol":{"path":["/c/en/obverse","/c/fr/avers","/c/fr/localités","/c/en/old","/c/en/nonagenarian"],"weight":0.20602999999999994},"num_concepts_raised":22986},{"base_id":984,"kind":"bot_words","i1":1,"i2":9,"sol":{"path":["/c/en/obverse","/c/en/coin","/c/en/chip","/c/en/chipper"],"weight":0.20485999999999965},"num_concepts_raised":57159},{"base_id":984,"kind":"bot_words","i1":2,"i2":3,"sol":{"path":["/c/en/stillborn","/c/en/birth","/c/en/name","/c/en/rhombus","/c/en/rhombic"],"weight":0.20390999999999995},"num_concepts_raised":5554},{"base_id":984,"kind":"bot_words","i1":2,"i2":4,"sol":{"path":["/c/en/stillborn","/c/en/dead","/c/en/adipocere","/c/en/waxy"],"weight":0.20566999999999977},"num_concepts_raised":11758},{"base_id":984,"kind":"bot_words","i1":2,"i2":5,"sol":{"path":["/c/en/stillborn","/c/en/unsuccessful","/c/en/person","/c/en/mobile","/c/en/ambulant"],"weight":0.20590999999999987},"num_concepts_raised":7874},{"base_id":984,"kind":"bot_words","i1":2,"i2":6,"sol":{"path":["/c/en/stillborn","/c/en/unsuccessful","/c/en/unfortunate","/c/en/deplorable"],"weight":0.20601999999999976},"num_concepts_raised":8693},{"base_id":984,"kind":"bot_words","i1":2,"i2":7,"sol":{"path":["/c/en/stillborn","/c/en/dead","/c/en/living","/c/en/tent","/c/en/camping"],"weight":0.2076299999999998},"num_concepts_raised":14280},{"base_id":984,"kind":"bot_words","i1":2,"i2":8,"sol":{"path":["/c/en/stillborn","/c/en/baby","/c/en/old","/c/en/nonagenarian"],"weight":0.20546},"num_concepts_raised":7760},{"base_id":984,"kind":"bot_words","i1":2,"i2":9,"sol":{"path":["/c/en/stillborn","/c/en/dead","/c/en/slang","/c/en/chipper"],"weight":0.20535999999999976},"num_concepts_raised":42633},{"base_id":984,"kind":"bot_words","i1":3,"i2":4,"sol":{"path":["/c/en/rhombic","/c/en/rhombus","/c/en/like","/c/en/wax","/c/en/waxy"],"weight":0.20498999999999984},"num_concepts_raised":7161},{"base_id":984,"kind":"bot_words","i1":3,"i2":5,"sol":{"path":["/c/en/rhombic","/c/en/rhomboid","/c/en/muscle","/c/en/walk","/c/en/ambulant"],"weight":0.20281999999999994},"num_concepts_raised":3244},{"base_id":984,"kind":"bot_words","i1":3,"i2":6,"sol":{"path":["/c/en/rhombic","/c/en/clinorhombic","/c/en/base","/c/en/inferior","/c/en/deplorable"],"weight":0.20485999999999982},"num_concepts_raised":4078},{"base_id":984,"kind":"bot_words","i1":3,"i2":7,"sol":{"path":["/c/en/rhombic","/c/en/rhombus","/c/en/sides","/c/en/tent","/c/en/camping"],"weight":0.20549999999999985},"num_concepts_raised":9733},{"base_id":984,"kind":"bot_words","i1":3,"i2":8,"sol":{"path":["/c/en/rhombic","/c/fr/losangique","/c/en/lozenge","/c/en/length","/c/en/old","/c/en/nonagenarian"],"weight":0.21089129999999964},"num_concepts_raised":341939},{"base_id":984,"kind":"bot_words","i1":3,"i2":9,"sol":{"path":["/c/en/rhombic","/c/en/rhombus","/c/en/shape","/c/en/chip","/c/en/chipper"],"weight":0.20432999999999982},"num_concepts_raised":38256},{"base_id":984,"kind":"bot_words","i1":4,"i2":5,"sol":{"path":["/c/en/waxy","/c/en/wax","/c/en/car","/c/en/mobile","/c/en/ambulant"],"weight":0.20586999999999978},"num_concepts_raised":9493},{"base_id":984,"kind":"bot_words","i1":4,"i2":6,"sol":{"path":["/c/en/waxy","/c/en/waxiness","/c/en/quality","/c/en/execrable","/c/en/deplorable"],"weight":0.20655999999999963},"num_concepts_raised":10319},{"base_id":984,"kind":"bot_words","i1":4,"i2":7,"sol":{"path":["/c/en/waxy","/c/en/wax","/c/en/fire","/c/en/camping"],"weight":0.20651999999999965},"num_concepts_raised":15849},{"base_id":984,"kind":"bot_words","i1":4,"i2":8,"sol":{"path":["/c/en/waxy","/c/en/candle","/c/en/old","/c/en/nonagenarian"],"weight":0.2052199999999999},"num_concepts_raised":9390},{"base_id":984,"kind":"bot_words","i1":4,"i2":9,"sol":{"path":["/c/en/waxy","/c/en/wax","/c/en/slang","/c/en/chipper"],"weight":0.20535999999999965},"num_concepts_raised":44004},{"base_id":984,"kind":"bot_words","i1":5,"i2":6,"sol":{"path":["/c/en/ambulant","/c/en/mobile","/c/en/toy","/c/en/inferior","/c/en/deplorable"],"weight":0.20569999999999974},"num_concepts_raised":6423},{"base_id":984,"kind":"bot_words","i1":5,"i2":7,"sol":{"path":["/c/en/ambulant","/c/en/mobile","/c/en/canteen","/c/en/camping"],"weight":0.20522999999999977},"num_concepts_raised":12001},{"base_id":984,"kind":"bot_words","i1":5,"i2":8,"sol":{"path":["/c/en/ambulant","/c/en/mobile","/c/en/person","/c/en/sexagenarian","/c/en/nonagenarian"],"weight":0.20561},"num_concepts_raised":5492},{"base_id":984,"kind":"bot_words","i1":5,"i2":9,"sol":{"path":["/c/en/ambulant","/c/en/mobile","/c/en/uk","/c/en/chipper"],"weight":0.20411999999999975},"num_concepts_raised":40450},{"base_id":984,"kind":"bot_words","i1":6,"i2":7,"sol":{"path":["/c/en/deplorable","/c/en/inferior","/c/en/base","/c/en/camp","/c/en/camping"],"weight":0.20693999999999965},"num_concepts_raised":12887},{"base_id":984,"kind":"bot_words","i1":6,"i2":8,"sol":{"path":["/c/en/deplorable","/c/en/lamentable","/c/en/regret","/c/en/old","/c/en/nonagenarian"],"weight":0.2067699999999999},"num_concepts_raised":6323},{"base_id":984,"kind":"bot_words","i1":6,"i2":9,"sol":{"path":["/c/en/deplorable","/c/en/miserable","/c/en/cheerful","/c/en/chipper"],"weight":0.2044199999999996},"num_concepts_raised":41316},{"base_id":984,"kind":"bot_words","i1":7,"i2":8,"sol":{"path":["/c/en/camping","/c/en/fire","/c/en/old","/c/en/nonagenarian"],"weight":0.2060099999999999},"num_concepts_raised":11942},{"base_id":984,"kind":"bot_words","i1":7,"i2":9,"sol":{"path":["/c/en/camping","/c/en/tent","/c/en/uk","/c/en/chipper"],"weight":0.20588999999999963},"num_concepts_raised":46430},{"base_id":984,"kind":"bot_words","i1":8,"i2":9,"sol":{"path":["/c/en/nonagenarian","/c/en/decade","/c/en/historical","/c/en/chip","/c/en/chipper"],"weight":0.20593999999999987},"num_concepts_raised":40390}],[{"base_id":984,"kind":"top_words","i1":0,"i2":1,"sol":{"path":["/c/en/corny","/c/el/τετριμμενοσ","/c/en/trite"],"weight":0.20400000000000001},"num_concepts_raised":173},{"base_id":984,"kind":"top_words","i1":0,"i2":2,"sol":{"path":["/c/en/corny","/c/en/mushy","/c/en/sappy"],"weight":0.203},"num_concepts_raised":107},{"base_id":984,"kind":"top_words","i1":0,"i2":3,"sol":{"path":["/c/en/corny","/c/en/hackneyed","/c/en/conventional","/c/en/formulaic"],"weight":0.20445999999999984},"num_concepts_raised":30442},{"base_id":984,"kind":"top_words","i1":0,"i2":4,"sol":{"path":["/c/en/corny","/c/en/hackneyed"],"weight":0.202},"num_concepts_raised":135},{"base_id":984,"kind":"top_words","i1":0,"i2":5,"sol":{"path":["/c/en/corny","/c/ja/寒い","/c/nl/flauw","/c/en/inane"],"weight":0.2047399999999997},"num_concepts_raised":32248},{"base_id":984,"kind":"top_words","i1":0,"i2":6,"sol":{"path":["/c/en/corny","/c/en/hokey"],"weight":0.202},"num_concepts_raised":80},{"base_id":984,"kind":"top_words","i1":0,"i2":7,"sol":{"path":["/c/en/corny","/c/it/melodrammatico","/c/en/melodramatic"],"weight":0.203},"num_concepts_raised":113},{"base_id":984,"kind":"top_words","i1":0,"i2":8,"sol":{"path":["/c/en/corny","/c/en/corn","/c/en/sweet","/c/en/cloying"],"weight":0.2044999999999998},"num_concepts_raised":28577},{"base_id":984,"kind":"top_words","i1":0,"i2":9,"sol":{"path":["/c/en/corny","/c/en/slang","/c/en/slap","/c/en/slapstick"],"weight":0.20380999999999974},"num_concepts_raised":32440},{"base_id":984,"kind":"top_words","i1":1,"i2":2,"sol":{"path":["/c/en/trite","/c/en/cheesy","/c/en/sappy"],"weight":0.20400000000000001},"num_concepts_raised":179},{"base_id":984,"kind":"top_words","i1":1,"i2":3,"sol":{"path":["/c/en/trite","/c/en/conventional","/c/en/formulaic"],"weight":0.20500000000000002},"num_concepts_raised":158},{"base_id":984,"kind":"top_words","i1":1,"i2":4,"sol":{"path":["/c/en/trite","/c/en/hackneyed"],"weight":0.20400000000000001},"num_concepts_raised":172},{"base_id":984,"kind":"top_words","i1":1,"i2":5,"sol":{"path":["/c/en/trite","/c/de/nichtssagend","/c/de/inhaltsleer","/c/en/inane"],"weight":0.21174999999999955},"num_concepts_raised":24399},{"base_id":984,"kind":"top_words","i1":1,"i2":6,"sol":{"path":["/c/en/trite","/c/en/cheesy","/c/en/hokey"],"weight":0.20400000000000001},"num_concepts_raised":153},{"base_id":984,"kind":"top_words","i1":1,"i2":7,"sol":{"path":["/c/en/trite","/c/en/cliché","/c/en/cheese","/c/en/melodramatic"],"weight":0.21193999999999963},"num_concepts_raised":21367},{"base_id":984,"kind":"top_words","i1":1,"i2":8,"sol":{"path":["/c/en/trite","/c/fr/banal","/c/fr/mièvre","/c/en/cloying"],"weight":0.20966999999999963},"num_concepts_raised":20743},{"base_id":984,"kind":"top_words","i1":1,"i2":9,"sol":{"path":["/c/en/trite","/c/en/bathos","/c/en/humorous","/c/en/slapstick"],"weight":0.2106899999999996},"num_concepts_raised":24933},{"base_id":984,"kind":"top_words","i1":2,"i2":3,"sol":{"path":["/c/en/sappy","/c/en/space","/c/en/form","/c/en/formulaic"],"weight":0.20340999999999984},"num_concepts_raised":17582},{"base_id":984,"kind":"top_words","i1":2,"i2":4,"sol":{"path":["/c/en/sappy","/c/en/mushy","/c/en/corny","/c/en/hackneyed"],"weight":0.2051099999999997},"num_concepts_raised":16277},{"base_id":984,"kind":"top_words","i1":2,"i2":5,"sol":{"path":["/c/en/sappy","/c/en/space","/c/en/empty","/c/en/inane"],"weight":0.20404999999999973},"num_concepts_raised":19396},{"base_id":984,"kind":"top_words","i1":2,"i2":6,"sol":{"path":["/c/en/sappy","/c/nl/melig","/c/en/hokey"],"weight":0.203},"num_concepts_raised":82},{"base_id":984,"kind":"top_words","i1":2,"i2":7,"sol":{"path":["/c/en/sappy","/c/en/emotional","/c/en/melodramatic"],"weight":0.202},"num_concepts_raised":116},{"base_id":984,"kind":"top_words","i1":2,"i2":8,"sol":{"path":["/c/en/sappy","/c/fi/imelä","/c/en/cloying"],"weight":0.203},"num_concepts_raised":89},{"base_id":984,"kind":"top_words","i1":2,"i2":9,"sol":{"path":["/c/en/sappy","/c/en/us","/c/en/stick","/c/en/slapstick"],"weight":0.20368999999999976},"num_concepts_raised":19860},{"base_id":984,"kind":"top_words","i1":3,"i2":4,"sol":{"path":["/c/en/formulaic","/c/en/conventional","/c/en/hackneyed"],"weight":0.203},"num_concepts_raised":124},{"base_id":984,"kind":"top_words","i1":3,"i2":5,"sol":{"path":["/c/en/formulaic","/c/en/form","/c/en/meaning","/c/en/inane"],"weight":0.2036099999999998},"num_concepts_raised":10744},{"base_id":984,"kind":"top_words","i1":3,"i2":6,"sol":{"path":["/c/en/formulaic","/c/en/pattern","/c/en/us","/c/en/hokey"],"weight":0.20294999999999988},"num_concepts_raised":13363},{"base_id":984,"kind":"top_words","i1":3,"i2":7,"sol":{"path":["/c/en/formulaic","/c/en/formula","/c/en/milk","/c/en/cheese","/c/en/melodramatic"],"weight":0.20566999999999985},"num_concepts_raised":7666},{"base_id":984,"kind":"top_words","i1":3,"i2":8,"sol":{"path":["/c/en/formulaic","/c/en/stereotype","/c/en/exaggerated","/c/en/cloying"],"weight":0.20307999999999987},"num_concepts_raised":7013},{"base_id":984,"kind":"top_words","i1":3,"i2":9,"sol":{"path":["/c/en/formulaic","/c/en/form","/c/en/physical","/c/en/slapstick"],"weight":0.2035599999999998},"num_concepts_raised":11259},{"base_id":984,"kind":"top_words","i1":4,"i2":5,"sol":{"path":["/c/en/hackneyed","/c/de/abgenutzt","/c/de/inhaltsleer","/c/en/inane"],"weight":0.20420999999999967},"num_concepts_raised":9454},{"base_id":984,"kind":"top_words","i1":4,"i2":6,"sol":{"path":["/c/en/hackneyed","/c/en/corny","/c/en/hokey"],"weight":0.202},"num_concepts_raised":119},{"base_id":984,"kind":"top_words","i1":4,"i2":7,"sol":{"path":["/c/en/hackneyed","/c/en/corny","/c/it/melodrammatico","/c/en/melodramatic"],"weight":0.20531999999999972},"num_concepts_raised":6361},{"base_id":984,"kind":"top_words","i1":4,"i2":8,"sol":{"path":["/c/en/hackneyed","/c/fr/banal","/c/fr/mièvre","/c/en/cloying"],"weight":0.20510999999999974},"num_concepts_raised":5685},{"base_id":984,"kind":"top_words","i1":4,"i2":9,"sol":{"path":["/c/en/hackneyed","/c/fr/tarte","/c/en/slap","/c/en/slapstick"],"weight":0.20412999999999967},"num_concepts_raised":9977},{"base_id":984,"kind":"top_words","i1":5,"i2":6,"sol":{"path":["/c/en/inane","/c/nl/flauw","/c/en/hokey"],"weight":0.202},"num_concepts_raised":101},{"base_id":984,"kind":"top_words","i1":5,"i2":7,"sol":{"path":["/c/en/inane","/c/en/void","/c/en/effect","/c/en/dramatic","/c/en/melodramatic"],"weight":0.20516999999999974},"num_concepts_raised":9537},{"base_id":984,"kind":"top_words","i1":5,"i2":8,"sol":{"path":["/c/en/inane","/c/de/sinnfrei","/c/de/unsinnig","/c/de/übertrieben","/c/en/cloying"],"weight":0.20449999999999974},"num_concepts_raised":8867},{"base_id":984,"kind":"top_words","i1":5,"i2":9,"sol":{"path":["/c/en/inane","/c/en/silly","/c/en/clown","/c/en/slapstick"],"weight":0.20405999999999969},"num_concepts_raised":13116},{"base_id":984,"kind":"top_words","i1":6,"i2":7,"sol":{"path":["/c/en/hokey","/c/en/sentimental","/c/en/melodramatic"],"weight":0.202},"num_concepts_raised":90},{"base_id":984,"kind":"top_words","i1":6,"i2":8,"sol":{"path":["/c/en/hokey","/c/en/schmaltzy","/c/fi/imelä","/c/en/cloying"],"weight":0.20393999999999984},"num_concepts_raised":11452},{"base_id":984,"kind":"top_words","i1":6,"i2":9,"sol":{"path":["/c/en/hokey","/c/en/us","/c/en/stick","/c/en/slapstick"],"weight":0.20330999999999977},"num_concepts_raised":15692},{"base_id":984,"kind":"top_words","i1":7,"i2":8,"sol":{"path":["/c/en/melodramatic","/c/en/theatrical","/c/en/exaggerated","/c/en/cloying"],"weight":0.20455999999999983},"num_concepts_raised":5723},{"base_id":984,"kind":"top_words","i1":7,"i2":9,"sol":{"path":["/c/en/melodramatic","/c/en/melodrama","/c/en/comedy","/c/en/slapstick"],"weight":0.20616999999999977},"num_concepts_raised":10008},{"base_id":984,"kind":"top_words","i1":8,"i2":9,"sol":{"path":["/c/en/cloying","/c/en/sweet","/c/en/pleasing","/c/en/humorous","/c/en/slapstick"],"weight":0.20457999999999976},"num_concepts_raised":9391}]]