[[{"base_id":917,"kind":"bot_words","i1":0,"i2":1,"sol":{"path":["/c/en/enchanting","/c/th/การเวก","/c/en/turn","/c/en/deflect"],"weight":0.20547999999999944},"num_concepts_raised":18400},{"base_id":917,"kind":"bot_words","i1":0,"i2":2,"sol":{"path":["/c/en/enchanting","/c/en/magic","/c/en/manipulate"],"weight":0.202},"num_concepts_raised":368},{"base_id":917,"kind":"bot_words","i1":0,"i2":3,"sol":{"path":["/c/en/enchanting","/c/en/magic","/c/en/medicine","/c/en/toxic","/c/en/chlordane"],"weight":0.20887999999999968},"num_concepts_raised":12670},{"base_id":917,"kind":"bot_words","i1":0,"i2":4,"sol":{"path":["/c/en/enchanting","/c/en/magic","/c/en/force","/c/en/load","/c/en/lade"],"weight":0.21194999999999953},"num_concepts_raised":31491},{"base_id":917,"kind":"bot_words","i1":0,"i2":5,"sol":{"path":["/c/en/enchanting","/c/en/enchant","/c/ms/membawa","/c/en/grow","/c/en/overgrow"],"weight":0.20701999999999965},"num_concepts_raised":4612},{"base_id":917,"kind":"bot_words","i1":0,"i2":6,"sol":{"path":["/c/en/enchanting","/c/en/enchantment","/c/en/ward","/c/en/child","/c/en/toddler"],"weight":0.2085199999999995},"num_concepts_raised":12672},{"base_id":917,"kind":"bot_words","i1":0,"i2":7,"sol":{"path":["/c/en/enchanting","/c/th/การเวก","/c/en/long","/c/en/length"],"weight":0.21574999999999833},"num_concepts_raised":83773},{"base_id":917,"kind":"bot_words","i1":0,"i2":8,"sol":{"path":["/c/en/enchanting","/c/en/magic","/c/en/maya","/c/en/mary","/c/en/theotokos"],"weight":0.2091499999999996},"num_concepts_raised":2872},{"base_id":917,"kind":"bot_words","i1":0,"i2":9,"sol":{"path":["/c/en/enchanting","/c/en/delightful","/c/en/pleasure","/c/en/puritan","/c/en/puritanism"],"weight":0.20614999999999972},"num_concepts_raised":9827},{"base_id":917,"kind":"bot_words","i1":1,"i2":2,"sol":{"path":["/c/en/deflect","/c/ja/誤魔化す","/c/en/manipulate"],"weight":0.202},"num_concepts_raised":406},{"base_id":917,"kind":"bot_words","i1":1,"i2":3,"sol":{"path":["/c/en/deflect","/c/en/turn_away","/c/en/body","/c/en/toxic","/c/en/chlordane"],"weight":0.2102699999999995},"num_concepts_raised":26646},{"base_id":917,"kind":"bot_words","i1":1,"i2":4,"sol":{"path":["/c/en/deflect","/c/en/turn","/c/en/lead","/c/en/lade"],"weight":0.2101899999999994},"num_concepts_raised":44400},{"base_id":917,"kind":"bot_words","i1":1,"i2":5,"sol":{"path":["/c/en/deflect","/c/en/turn","/c/en/grow","/c/en/overgrow"],"weight":0.2057299999999995},"num_concepts_raised":18363},{"base_id":917,"kind":"bot_words","i1":1,"i2":6,"sol":{"path":["/c/en/deflect","/c/en/address","/c/en/baby","/c/en/toddler"],"weight":0.20662999999999937},"num_concepts_raised":26339},{"base_id":917,"kind":"bot_words","i1":1,"i2":7,"sol":{"path":["/c/en/deflect","/c/en/deviate","/c/en/measure","/c/en/length"],"weight":0.21716999999999817},"num_concepts_raised":95657},{"base_id":917,"kind":"bot_words","i1":1,"i2":8,"sol":{"path":["/c/en/deflect","/c/en/turn","/c/en/about","/c/en/mary","/c/en/theotokos"],"weight":0.20975999999999945},"num_concepts_raised":16851},{"base_id":917,"kind":"bot_words","i1":1,"i2":9,"sol":{"path":["/c/en/deflect","/c/en/make","/c/en/religious","/c/en/puritanism"],"weight":0.20448999999999962},"num_concepts_raised":23616},{"base_id":917,"kind":"bot_words","i1":2,"i2":3,"sol":{"path":["/c/en/manipulate","/c/en/body","/c/en/toxic","/c/en/chlordane"],"weight":0.21125999999999925},"num_concepts_raised":58935},{"base_id":917,"kind":"bot_words","i1":2,"i2":4,"sol":{"path":["/c/en/manipulate","/c/en/handle","/c/en/mouth","/c/en/lade"],"weight":0.2145299999999991},"num_concepts_raised":75476},{"base_id":917,"kind":"bot_words","i1":2,"i2":5,"sol":{"path":["/c/en/manipulate","/c/en/material","/c/en/containment","/c/en/overgrow"],"weight":0.20634999999999923},"num_concepts_raised":50824},{"base_id":917,"kind":"bot_words","i1":2,"i2":6,"sol":{"path":["/c/en/manipulate","/c/en/play","/c/en/child","/c/en/toddler"],"weight":0.21020999999999912},"num_concepts_raised":58394},{"base_id":917,"kind":"bot_words","i1":2,"i2":7,"sol":{"path":["/c/en/manipulate","/c/en/use","/c/en/measure","/c/en/length"],"weight":0.2203699999999979},"num_concepts_raised":125648},{"base_id":917,"kind":"bot_words","i1":2,"i2":8,"sol":{"path":["/c/en/manipulate","/c/en/handle","/c/en/us","/c/en/mary","/c/en/theotokos"],"weight":0.21403999999999918},"num_concepts_raised":49298},{"base_id":917,"kind":"bot_words","i1":2,"i2":9,"sol":{"path":["/c/en/manipulate","/c/en/control","/c/en/conduct","/c/en/puritanism"],"weight":0.20843999999999932},"num_concepts_raised":55684},{"base_id":917,"kind":"bot_words","i1":3,"i2":4,"sol":{"path":["/c/en/chlordane","/c/en/chemical_compound","/c/en/water","/c/en/lade"],"weight":0.21350999999999964},"num_concepts_raised":39674},{"base_id":917,"kind":"bot_words","i1":3,"i2":5,"sol":{"path":["/c/en/chlordane","/c/en/hydrocarbon","/c/en/wax","/c/en/grow","/c/en/overgrow"],"weight":0.20900999999999975},"num_concepts_raised":12820},{"base_id":917,"kind":"bot_words","i1":3,"i2":6,"sol":{"path":["/c/en/chlordane","/c/en/hydrocarbon","/c/en/rubber","/c/en/traffic_cone","/c/en/toddler"],"weight":0.20978999999999964},"num_concepts_raised":20894},{"base_id":917,"kind":"bot_words","i1":3,"i2":7,"sol":{"path":["/c/en/chlordane","/c/en/insecticide","/c/en/suicide","/c/en/length"],"weight":0.2175399999999984},"num_concepts_raised":92028},{"base_id":917,"kind":"bot_words","i1":3,"i2":8,"sol":{"path":["/c/en/chlordane","/c/en/organic_compound","/c/en/tris","/c/en/us","/c/en/mary","/c/en/theotokos"],"weight":0.21583179999999863},"num_concepts_raised":224007},{"base_id":917,"kind":"bot_words","i1":3,"i2":9,"sol":{"path":["/c/en/chlordane","/c/en/organic_compound","/c/en/glacial_acetic_acid","/c/en/pure","/c/en/puritanism"],"weight":0.20807999999999982},"num_concepts_raised":18069},{"base_id":917,"kind":"bot_words","i1":4,"i2":5,"sol":{"path":["/c/en/lade","/c/en/fill","/c/en/change_state","/c/en/overgrow"],"weight":0.20859999999999962},"num_concepts_raised":31549},{"base_id":917,"kind":"bot_words","i1":4,"i2":6,"sol":{"path":["/c/en/lade","/c/en/uk","/c/en/tot","/c/en/toddler"],"weight":0.2105599999999995},"num_concepts_raised":39347},{"base_id":917,"kind":"bot_words","i1":4,"i2":7,"sol":{"path":["/c/en/lade","/c/en/river","/c/en/length"],"weight":0.20400000000000001},"num_concepts_raised":758},{"base_id":917,"kind":"bot_words","i1":4,"i2":8,"sol":{"path":["/c/en/lade","/c/en/water","/c/en/washing_car","/c/en/mary","/c/en/theotokos"],"weight":0.21376999999999957},"num_concepts_raised":29950},{"base_id":917,"kind":"bot_words","i1":4,"i2":9,"sol":{"path":["/c/en/lade","/c/en/lead","/c/en/conduct","/c/en/puritanism"],"weight":0.20871999999999974},"num_concepts_raised":36527},{"base_id":917,"kind":"bot_words","i1":5,"i2":6,"sol":{"path":["/c/en/overgrow","/c/en/grow","/c/en/small","/c/en/child","/c/en/toddler"],"weight":0.2077899999999996},"num_concepts_raised":12793},{"base_id":917,"kind":"bot_words","i1":5,"i2":7,"sol":{"path":["/c/en/overgrow","/c/en/grow","/c/en/size","/c/en/length"],"weight":0.2164199999999984},"num_concepts_raised":83657},{"base_id":917,"kind":"bot_words","i1":5,"i2":8,"sol":{"path":["/c/en/overgrow","/c/en/grow","/c/en/poll","/c/en/mary","/c/en/theotokos"],"weight":0.20921999999999966},"num_concepts_raised":3026},{"base_id":917,"kind":"bot_words","i1":5,"i2":9,"sol":{"path":["/c/en/overgrow","/c/en/grow","/c/en/outgrow","/c/en/belief","/c/en/puritanism"],"weight":0.2042899999999998},"num_concepts_raised":9986},{"base_id":917,"kind":"bot_words","i1":6,"i2":7,"sol":{"path":["/c/en/toddler","/c/en/year","/c/en/measure","/c/en/length"],"weight":0.21784999999999827},"num_concepts_raised":90772},{"base_id":917,"kind":"bot_words","i1":6,"i2":8,"sol":{"path":["/c/en/toddler","/c/en/child","/c/en/kids","/c/en/mary","/c/en/theotokos"],"weight":0.21167999999999954},"num_concepts_raised":11092},{"base_id":917,"kind":"bot_words","i1":6,"i2":9,"sol":{"path":["/c/en/toddler","/c/en/baby","/c/en/sex","/c/en/puritan","/c/en/puritanism"],"weight":0.2075199999999997},"num_concepts_raised":18017},{"base_id":917,"kind":"bot_words","i1":7,"i2":8,"sol":{"path":["/c/en/length","/c/en/measure","/c/en/the","/c/grc/θεοσ","/c/en/theotokos"],"weight":0.2207199999999983},"num_concepts_raised":82291},{"base_id":917,"kind":"bot_words","i1":7,"i2":9,"sol":{"path":["/c/en/length","/c/en/line","/c/en/conduct","/c/en/puritanism"],"weight":0.21327999999999847},"num_concepts_raised":88690},{"base_id":917,"kind":"bot_words","i1":8,"i2":9,"sol":{"path":["/c/en/theotokos","/c/grc/θεοσ","/c/en/theology","/c/en/puritanism"],"weight":0.20823999999999976},"num_concepts_raised":8256}],[{"base_id":917,"kind":"top_words","i1":0,"i2":1,"sol":{"path":["/c/en/blond","/c/en/person","/c/en/beard","/c/en/goatee"],"weight":0.21063999999999988},"num_concepts_raised":29290},{"base_id":917,"kind":"top_words","i1":0,"i2":2,"sol":{"path":["/c/en/blond","/c/fr/coiffure","/c/fr/ébouriffé","/c/en/tousled"],"weight":0.20691999999999955},"num_concepts_raised":27778},{"base_id":917,"kind":"top_words","i1":0,"i2":3,"sol":{"path":["/c/en/blond","/c/en/blonde","/c/en/haired"],"weight":0.20700000000000002},"num_concepts_raised":288},{"base_id":917,"kind":"top_words","i1":0,"i2":4,"sol":{"path":["/c/en/blond","/c/fr/coiffure","/c/fr/moustache","/c/en/mustache"],"weight":0.21184999999999934},"num_concepts_raised":29377},{"base_id":917,"kind":"top_words","i1":0,"i2":5,"sol":{"path":["/c/en/blond","/c/en/person","/c/en/shave","/c/en/shaven"],"weight":0.20799999999999966},"num_concepts_raised":27783},{"base_id":917,"kind":"top_words","i1":0,"i2":6,"sol":{"path":["/c/en/blond","/c/en/color","/c/en/cloud","/c/en/bushy"],"weight":0.2086899999999995},"num_concepts_raised":32004},{"base_id":917,"kind":"top_words","i1":0,"i2":7,"sol":{"path":["/c/en/blond","/c/en/color","/c/en/text","/c/en/stringy"],"weight":0.20829999999999965},"num_concepts_raised":33591},{"base_id":917,"kind":"top_words","i1":0,"i2":8,"sol":{"path":["/c/en/blond","/c/en/fair","/c/en/feague","/c/en/unkempt"],"weight":0.20882999999999935},"num_concepts_raised":30840},{"base_id":917,"kind":"top_words","i1":0,"i2":9,"sol":{"path":["/c/en/blond","/c/en/color","/c/en/typography","/c/en/curly"],"weight":0.21097999999999956},"num_concepts_raised":35724},{"base_id":917,"kind":"top_words","i1":1,"i2":2,"sol":{"path":["/c/en/goatee","/c/fr/barbiche","/c/fr/coiffure","/c/fr/ébouriffé","/c/en/tousled"],"weight":0.20664},"num_concepts_raised":2877},{"base_id":917,"kind":"top_words","i1":1,"i2":3,"sol":{"path":["/c/en/goatee","/c/en/beard","/c/en/hair","/c/en/haired"],"weight":0.20711999999999992},"num_concepts_raised":7125},{"base_id":917,"kind":"top_words","i1":1,"i2":4,"sol":{"path":["/c/en/goatee","/c/en/beard","/c/en/mustache"],"weight":0.20400000000000001},"num_concepts_raised":214},{"base_id":917,"kind":"top_words","i1":1,"i2":5,"sol":{"path":["/c/en/goatee","/c/en/vandyke","/c/en/shave","/c/en/shaven"],"weight":0.20442000000000007},"num_concepts_raised":2879},{"base_id":917,"kind":"top_words","i1":1,"i2":6,"sol":{"path":["/c/en/goatee","/c/en/beard","/c/gd/ròibean","/c/en/bushy"],"weight":0.20614999999999992},"num_concepts_raised":7319},{"base_id":917,"kind":"top_words","i1":1,"i2":7,"sol":{"path":["/c/en/goatee","/c/en/beard","/c/en/hair","/c/en/thin","/c/en/stringy"],"weight":0.2069600000000001},"num_concepts_raised":8955},{"base_id":917,"kind":"top_words","i1":1,"i2":8,"sol":{"path":["/c/en/goatee","/c/en/beard","/c/fi/risuparta","/c/en/unkempt"],"weight":0.20714999999999975},"num_concepts_raised":6073},{"base_id":917,"kind":"top_words","i1":1,"i2":9,"sol":{"path":["/c/en/goatee","/c/en/goat","/c/en/sheep","/c/en/curly"],"weight":0.20751999999999998},"num_concepts_raised":11037},{"base_id":917,"kind":"top_words","i1":2,"i2":3,"sol":{"path":["/c/en/tousled","/c/en/dishevelled","/c/fr/cheveu","/c/en/hair","/c/en/haired"],"weight":0.2046999999999996},"num_concepts_raised":5567},{"base_id":917,"kind":"top_words","i1":2,"i2":4,"sol":{"path":["/c/en/tousled","/c/en/unkempt","/c/fi/amisviikset","/c/en/mustache"],"weight":0.20425999999999947},"num_concepts_raised":2964},{"base_id":917,"kind":"top_words","i1":2,"i2":5,"sol":{"path":["/c/en/tousled","/c/en/unkempt","/c/en/unshaven","/c/en/shaved","/c/en/shaven"],"weight":0.20308999999999977},"num_concepts_raised":1275},{"base_id":917,"kind":"top_words","i1":2,"i2":6,"sol":{"path":["/c/en/tousled","/c/ja/もしゃもしゃ","/c/en/bushy"],"weight":0.202},"num_concepts_raised":126},{"base_id":917,"kind":"top_words","i1":2,"i2":7,"sol":{"path":["/c/en/tousled","/c/en/unkempt","/c/en/scratty","/c/en/thin","/c/en/stringy"],"weight":0.20426999999999979},"num_concepts_raised":7353},{"base_id":917,"kind":"top_words","i1":2,"i2":8,"sol":{"path":["/c/en/tousled","/c/en/unkempt"],"weight":0.202},"num_concepts_raised":192},{"base_id":917,"kind":"top_words","i1":2,"i2":9,"sol":{"path":["/c/en/tousled","/c/en/unkempt","/c/en/frizzies","/c/en/curly"],"weight":0.20582999999999968},"num_concepts_raised":9549},{"base_id":917,"kind":"top_words","i1":3,"i2":4,"sol":{"path":["/c/en/haired","/c/en/hair","/c/en/beard","/c/en/mustache"],"weight":0.2074999999999994},"num_concepts_raised":7189},{"base_id":917,"kind":"top_words","i1":3,"i2":5,"sol":{"path":["/c/en/haired","/c/en/hair","/c/en/shave","/c/en/shaven"],"weight":0.20441999999999966},"num_concepts_raised":5565},{"base_id":917,"kind":"top_words","i1":3,"i2":6,"sol":{"path":["/c/en/haired","/c/en/hair","/c/en/squirrel","/c/en/bushy"],"weight":0.20499999999999952},"num_concepts_raised":9897},{"base_id":917,"kind":"top_words","i1":3,"i2":7,"sol":{"path":["/c/en/haired","/c/en/hair","/c/en/thin","/c/en/stringy"],"weight":0.20565999999999968},"num_concepts_raised":11585},{"base_id":917,"kind":"top_words","i1":3,"i2":8,"sol":{"path":["/c/en/haired","/c/en/hair","/c/en/kempt","/c/en/unkempt"],"weight":0.20697999999999936},"num_concepts_raised":8676},{"base_id":917,"kind":"top_words","i1":3,"i2":9,"sol":{"path":["/c/en/haired","/c/ru/курчавый","/c/en/curly"],"weight":0.203},"num_concepts_raised":270},{"base_id":917,"kind":"top_words","i1":4,"i2":5,"sol":{"path":["/c/en/mustache","/c/en/whisker","/c/en/whiskerless","/c/en/shaven"],"weight":0.20659999999999956},"num_concepts_raised":2961},{"base_id":917,"kind":"top_words","i1":4,"i2":6,"sol":{"path":["/c/en/mustache","/c/en/beaglepuss","/c/en/bushy"],"weight":0.202},"num_concepts_raised":213},{"base_id":917,"kind":"top_words","i1":4,"i2":7,"sol":{"path":["/c/en/mustache","/c/en/whisker","/c/en/string","/c/en/stringy"],"weight":0.20576999999999956},"num_concepts_raised":9028},{"base_id":917,"kind":"top_words","i1":4,"i2":8,"sol":{"path":["/c/en/mustache","/c/fi/amisviikset","/c/en/unkempt"],"weight":0.202},"num_concepts_raised":288},{"base_id":917,"kind":"top_words","i1":4,"i2":9,"sol":{"path":["/c/en/mustache","/c/en/lip","/c/en/smile","/c/en/curly"],"weight":0.20710999999999946},"num_concepts_raised":11191},{"base_id":917,"kind":"top_words","i1":5,"i2":6,"sol":{"path":["/c/en/shaven","/c/it/sbarbato","/c/fr/botanique","/c/en/bush","/c/en/bushy"],"weight":0.2056899999999997},"num_concepts_raised":5748},{"base_id":917,"kind":"top_words","i1":5,"i2":7,"sol":{"path":["/c/en/shaven","/c/en/shave","/c/en/thin","/c/en/stringy"],"weight":0.20426999999999984},"num_concepts_raised":7356},{"base_id":917,"kind":"top_words","i1":5,"i2":8,"sol":{"path":["/c/en/shaven","/c/en/shaved","/c/en/unshaven","/c/en/unkempt"],"weight":0.20456999999999953},"num_concepts_raised":4476},{"base_id":917,"kind":"top_words","i1":5,"i2":9,"sol":{"path":["/c/en/shaven","/c/it/sbarbato","/c/fr/botanique","/c/it/riccio","/c/en/curly"],"weight":0.20801999999999976},"num_concepts_raised":9563},{"base_id":917,"kind":"top_words","i1":6,"i2":7,"sol":{"path":["/c/en/bushy","/c/en/cade","/c/en/mother","/c/en/stringy"],"weight":0.20366999999999968},"num_concepts_raised":11740},{"base_id":917,"kind":"top_words","i1":6,"i2":8,"sol":{"path":["/c/en/bushy","/c/ja/もしゃもしゃ","/c/en/unkempt"],"weight":0.202},"num_concepts_raised":238},{"base_id":917,"kind":"top_words","i1":6,"i2":9,"sol":{"path":["/c/en/bushy","/c/gd/dualach","/c/en/curly"],"weight":0.202},"num_concepts_raised":287},{"base_id":917,"kind":"top_words","i1":7,"i2":8,"sol":{"path":["/c/en/stringy","/c/en/thin","/c/en/scratty","/c/en/unkempt"],"weight":0.20574999999999954},"num_concepts_raised":10482},{"base_id":917,"kind":"top_words","i1":7,"i2":9,"sol":{"path":["/c/en/stringy","/c/en/thin","/c/en/picky_head","/c/en/curly"],"weight":0.20705999999999977},"num_concepts_raised":15499},{"base_id":917,"kind":"top_words","i1":8,"i2":9,"sol":{"path":["/c/en/unkempt","/c/en/frizzies","/c/en/curly"],"weight":0.202},"num_concepts_raised":360}]]