[[{"base_id":530,"kind":"bot_words","i1":0,"i2":1,"sol":{"path":["/c/en/schlep","/c/en/drag","/c/en/fish","/c/en/priest","/c/en/flamen"],"weight":0.2043799999999999},"num_concepts_raised":10411},{"base_id":530,"kind":"bot_words","i1":0,"i2":2,"sol":{"path":["/c/en/schlep","/c/en/carry","/c/en/getting","/c/en/disease","/c/en/pneumoconiosis"],"weight":0.21167999999999995},"num_concepts_raised":13360},{"base_id":530,"kind":"bot_words","i1":0,"i2":3,"sol":{"path":["/c/en/schlep","/c/en/go","/c/en/join","/c/en/union"],"weight":0.22707999999999845},"num_concepts_raised":102033},{"base_id":530,"kind":"bot_words","i1":0,"i2":4,"sol":{"path":["/c/en/schlep","/c/en/schlepper","/c/en/pejorative","/c/sq/drang","/c/en/gheg"],"weight":0.20579999999999976},"num_concepts_raised":10498},{"base_id":530,"kind":"bot_words","i1":0,"i2":5,"sol":{"path":["/c/en/schlep","/c/en/go","/c/ang/þurhsmugan","/c/en/painstakingly"],"weight":0.2032299999999999},"num_concepts_raised":9754},{"base_id":530,"kind":"bot_words","i1":0,"i2":6,"sol":{"path":["/c/en/schlep","/c/en/task","/c/en/process","/c/en/radiography"],"weight":0.2042599999999998},"num_concepts_raised":14127},{"base_id":530,"kind":"bot_words","i1":0,"i2":7,"sol":{"path":["/c/en/schlep","/c/en/drag","/c/en/draw","/c/en/gun","/c/en/gunsight"],"weight":0.20560999999999985},"num_concepts_raised":16100},{"base_id":530,"kind":"bot_words","i1":0,"i2":8,"sol":{"path":["/c/en/schlep","/c/en/slip","/c/en/counterfeit","/c/en/mock"],"weight":0.2101899999999986},"num_concepts_raised":25748},{"base_id":530,"kind":"bot_words","i1":0,"i2":9,"sol":{"path":["/c/en/schlep","/c/en/drag","/c/en/computing","/c/en/name","/c/en/matronymic"],"weight":0.20470999999999995},"num_concepts_raised":15762},{"base_id":530,"kind":"bot_words","i1":1,"i2":2,"sol":{"path":["/c/en/flamen","/c/en/mars","/c/bo/མིག_དམར","/c/en/disease","/c/en/pneumoconiosis"],"weight":0.2111099999999999},"num_concepts_raised":6284},{"base_id":530,"kind":"bot_words","i1":1,"i2":3,"sol":{"path":["/c/en/flamen","/c/en/priest","/c/en/marry","/c/en/union"],"weight":0.21990999999999844},"num_concepts_raised":95978},{"base_id":530,"kind":"bot_words","i1":1,"i2":4,"sol":{"path":["/c/en/flamen","/c/en/mars","/c/en/bar","/c/en/montenegro","/c/en/gheg"],"weight":0.2032999999999997},"num_concepts_raised":3410},{"base_id":530,"kind":"bot_words","i1":1,"i2":5,"sol":{"path":["/c/en/flamen","/c/fr/flamine","/c/fr/attaché","/c/en/fast","/c/en/slowly","/c/en/painstakingly"],"weight":0.20927929999999978},"num_concepts_raised":141795},{"base_id":530,"kind":"bot_words","i1":1,"i2":6,"sol":{"path":["/c/en/flamen","/c/en/jupiter","/c/en/astronomy","/c/en/science","/c/en/radiography"],"weight":0.20383999999999974},"num_concepts_raised":7131},{"base_id":530,"kind":"bot_words","i1":1,"i2":7,"sol":{"path":["/c/en/flamen","/c/en/priest","/c/en/tool","/c/en/gun","/c/en/gunsight"],"weight":0.2039599999999998},"num_concepts_raised":9173},{"base_id":530,"kind":"bot_words","i1":1,"i2":8,"sol":{"path":["/c/en/flamen","/c/en/priest","/c/en/person","/c/en/ridicule","/c/en/mock"],"weight":0.20871999999999857},"num_concepts_raised":18905},{"base_id":530,"kind":"bot_words","i1":1,"i2":9,"sol":{"path":["/c/en/flamen","/c/en/mars","/c/en/martial","/c/en/given_name","/c/en/matronymic"],"weight":0.2040499999999999},"num_concepts_raised":8717},{"base_id":530,"kind":"bot_words","i1":2,"i2":3,"sol":{"path":["/c/en/pneumoconiosis","/c/en/disease","/c/en/being","/c/en/join","/c/en/union"],"weight":0.23496999999999846},"num_concepts_raised":98818},{"base_id":530,"kind":"bot_words","i1":2,"i2":4,"sol":{"path":["/c/en/pneumoconiosis","/c/en/disease","/c/sq/sëmundje","/c/sq/sëmunë","/c/en/gheg"],"weight":0.21163999999999974},"num_concepts_raised":6374},{"base_id":530,"kind":"bot_words","i1":2,"i2":5,"sol":{"path":["/c/en/pneumoconiosis","/c/en/disease","/c/en/ease","/c/en/carefully","/c/en/painstakingly"],"weight":0.2111299999999999},"num_concepts_raised":5647},{"base_id":530,"kind":"bot_words","i1":2,"i2":6,"sol":{"path":["/c/en/pneumoconiosis","/c/en/disease","/c/fr/médecine","/c/it/radiografia","/c/en/radiography"],"weight":0.21318999999999982},"num_concepts_raised":10051},{"base_id":530,"kind":"bot_words","i1":2,"i2":7,"sol":{"path":["/c/en/pneumoconiosis","/c/en/disease","/c/en/killing","/c/en/gun","/c/en/gunsight"],"weight":0.21228999999999984},"num_concepts_raised":12130},{"base_id":530,"kind":"bot_words","i1":2,"i2":8,"sol":{"path":["/c/en/pneumoconiosis","/c/en/lung","/c/en/smoke","/c/en/mock"],"weight":0.2136299999999986},"num_concepts_raised":21798},{"base_id":530,"kind":"bot_words","i1":2,"i2":9,"sol":{"path":["/c/en/pneumoconiosis","/c/en/disease","/c/en/gord","/c/en/given_name","/c/en/matronymic"],"weight":0.2123899999999999},"num_concepts_raised":11679},{"base_id":530,"kind":"bot_words","i1":3,"i2":4,"sol":{"path":["/c/en/union","/c/en/historical","/c/en/albania","/c/en/gheg"],"weight":0.22034999999999827},"num_concepts_raised":96084},{"base_id":530,"kind":"bot_words","i1":3,"i2":5,"sol":{"path":["/c/en/union","/c/en/work","/c/zh/苦心","/c/en/painstakingly"],"weight":0.21968999999999841},"num_concepts_raised":95420},{"base_id":530,"kind":"bot_words","i1":3,"i2":6,"sol":{"path":["/c/en/union","/c/en/state","/c/en/process","/c/en/radiography"],"weight":0.2234199999999983},"num_concepts_raised":99102},{"base_id":530,"kind":"bot_words","i1":3,"i2":7,"sol":{"path":["/c/en/union","/c/en/join","/c/en/line","/c/en/gunsight"],"weight":0.22677999999999834},"num_concepts_raised":100719},{"base_id":530,"kind":"bot_words","i1":3,"i2":8,"sol":{"path":["/c/en/union","/c/en/marriage","/c/fi/näennäisavioliitto","/c/en/mock"],"weight":0.2309199999999971},"num_concepts_raised":110425},{"base_id":530,"kind":"bot_words","i1":3,"i2":9,"sol":{"path":["/c/en/union","/c/en/us","/c/en/given_name","/c/en/matronymic"],"weight":0.22308999999999846},"num_concepts_raised":100662},{"base_id":530,"kind":"bot_words","i1":4,"i2":5,"sol":{"path":["/c/en/gheg","/c/en/geg","/c/en/walk","/c/en/slowly","/c/en/painstakingly"],"weight":0.20327999999999968},"num_concepts_raised":2774},{"base_id":530,"kind":"bot_words","i1":4,"i2":6,"sol":{"path":["/c/en/gheg","/c/en/albanian","/c/en/human","/c/en/gynoroentgenology","/c/en/radiography"],"weight":0.2053699999999996},"num_concepts_raised":7222},{"base_id":530,"kind":"bot_words","i1":4,"i2":7,"sol":{"path":["/c/en/gheg","/c/en/serbia","/c/sh/šica","/c/en/gun","/c/en/gunsight"],"weight":0.20447999999999963},"num_concepts_raised":9266},{"base_id":530,"kind":"bot_words","i1":4,"i2":8,"sol":{"path":["/c/en/gheg","/c/en/montenegro","/c/en/bar","/c/en/foo","/c/en/mock"],"weight":0.2079999999999984},"num_concepts_raised":18993},{"base_id":530,"kind":"bot_words","i1":4,"i2":9,"sol":{"path":["/c/en/gheg","/c/sq/emën","/c/en/name","/c/en/matronymic"],"weight":0.20355999999999974},"num_concepts_raised":8815},{"base_id":530,"kind":"bot_words","i1":5,"i2":6,"sol":{"path":["/c/en/painstakingly","/c/en/painstaking","/c/en/nice","/c/en/process","/c/en/radiography"],"weight":0.20481999999999975},"num_concepts_raised":6493},{"base_id":530,"kind":"bot_words","i1":5,"i2":7,"sol":{"path":["/c/en/painstakingly","/c/en/carefully","/c/ar/حرر","/c/en/gun","/c/en/gunsight"],"weight":0.20392999999999978},"num_concepts_raised":8544},{"base_id":530,"kind":"bot_words","i1":5,"i2":8,"sol":{"path":["/c/en/painstakingly","/c/en/painstaking","/c/en/effort","/c/en/practice","/c/en/mock"],"weight":0.20843999999999854},"num_concepts_raised":18263},{"base_id":530,"kind":"bot_words","i1":5,"i2":9,"sol":{"path":["/c/en/painstakingly","/c/zh/苦","/c/en/pain","/c/en/surname","/c/en/matronymic"],"weight":0.20311999999999986},"num_concepts_raised":8103},{"base_id":530,"kind":"bot_words","i1":6,"i2":7,"sol":{"path":["/c/en/radiography","/c/en/photography","/c/fr/viseur","/c/en/gunsight"],"weight":0.2039599999999997},"num_concepts_raised":12863},{"base_id":530,"kind":"bot_words","i1":6,"i2":8,"sol":{"path":["/c/en/radiography","/c/en/science","/c/en/practice","/c/en/mock"],"weight":0.20845999999999845},"num_concepts_raised":22560},{"base_id":530,"kind":"bot_words","i1":6,"i2":9,"sol":{"path":["/c/en/radiography","/c/en/science","/c/en/name","/c/en/matronymic"],"weight":0.20409999999999978},"num_concepts_raised":12509},{"base_id":530,"kind":"bot_words","i1":7,"i2":8,"sol":{"path":["/c/en/gunsight","/c/en/line","/c/en/slant","/c/en/mock"],"weight":0.20751999999999848},"num_concepts_raised":24579},{"base_id":530,"kind":"bot_words","i1":7,"i2":9,"sol":{"path":["/c/en/gunsight","/c/en/line","/c/en/ancestor","/c/en/matronymic"],"weight":0.2030099999999998},"num_concepts_raised":14536},{"base_id":530,"kind":"bot_words","i1":8,"i2":9,"sol":{"path":["/c/en/mock","/c/en/smoke","/c/en/name","/c/en/matronymic"],"weight":0.20769999999999858},"num_concepts_raised":24236}],[{"base_id":530,"kind":"top_words","i1":0,"i2":1,"sol":{"path":["/c/en/mallrats","/c/en/film","/c/en/shoot","/c/en/fire","/c/en/backdraft"],"weight":0.20889999999999992},"num_concepts_raised":10053},{"base_id":530,"kind":"top_words","i1":0,"i2":2,"sol":{"path":["/c/en/mallrats","/c/en/film","/c/en/flatliners"],"weight":0.20600000000000002},"num_concepts_raised":60},{"base_id":530,"kind":"top_words","i1":0,"i2":3,"sol":{"path":["/c/en/mallrats","/c/en/film","/c/en/english_language","/c/en/firestarter"],"weight":0.21286999999999978},"num_concepts_raised":8649},{"base_id":530,"kind":"top_words","i1":0,"i2":4,"sol":{"path":["/c/en/mallrats","/c/en/film","/c/en/develop","/c/en/chess","/c/en/desperado"],"weight":0.2079099999999998},"num_concepts_raised":9857},{"base_id":530,"kind":"top_words","i1":0,"i2":5,"sol":{"path":["/c/en/mallrats","/c/en/film","/c/en/videodrome"],"weight":0.20700000000000002},"num_concepts_raised":46},{"base_id":530,"kind":"top_words","i1":0,"i2":6,"sol":{"path":["/c/en/mallrats","/c/en/film","/c/en/ladykillers"],"weight":0.20600000000000002},"num_concepts_raised":47},{"base_id":530,"kind":"top_words","i1":0,"i2":7,"sol":{"path":["/c/en/mallrats","/c/en/film","/c/en/mad","/c/en/insane","/c/en/moonstruck"],"weight":0.20911999999999986},"num_concepts_raised":6998},{"base_id":530,"kind":"top_words","i1":0,"i2":8,"sol":{"path":["/c/en/mallrats","/c/en/film","/c/en/ninotchka"],"weight":0.20600000000000002},"num_concepts_raised":55},{"base_id":530,"kind":"top_words","i1":0,"i2":9,"sol":{"path":["/c/en/mallrats","/c/en/film","/c/en/make","/c/en/slang","/c/en/dookie"],"weight":0.21507999999999977},"num_concepts_raised":32253},{"base_id":530,"kind":"top_words","i1":1,"i2":2,"sol":{"path":["/c/en/backdraft","/c/fr/états_unis","/c/en/movie","/c/en/flatliners"],"weight":0.20782999999999985},"num_concepts_raised":12340},{"base_id":530,"kind":"top_words","i1":1,"i2":3,"sol":{"path":["/c/en/backdraft","/c/en/fire","/c/en/firestarter"],"weight":0.20600000000000002},"num_concepts_raised":59},{"base_id":530,"kind":"top_words","i1":1,"i2":4,"sol":{"path":["/c/en/backdraft","/c/fr/états_unis","/c/en/check","/c/en/desperado"],"weight":0.2028499999999999},"num_concepts_raised":15368},{"base_id":530,"kind":"top_words","i1":1,"i2":5,"sol":{"path":["/c/en/backdraft","/c/en/fire","/c/en/shoot","/c/en/film","/c/en/videodrome"],"weight":0.21101999999999993},"num_concepts_raised":11185},{"base_id":530,"kind":"top_words","i1":1,"i2":6,"sol":{"path":["/c/en/backdraft","/c/en/fire","/c/en/shoot","/c/en/film","/c/en/ladykillers"],"weight":0.2089199999999999},"num_concepts_raised":10061},{"base_id":530,"kind":"top_words","i1":1,"i2":7,"sol":{"path":["/c/en/backdraft","/c/en/fire","/c/en/wood","/c/en/insane","/c/en/moonstruck"],"weight":0.20518999999999998},"num_concepts_raised":12529},{"base_id":530,"kind":"top_words","i1":1,"i2":8,"sol":{"path":["/c/en/backdraft","/c/en/fire","/c/en/shoot","/c/en/film","/c/en/ninotchka"],"weight":0.20906999999999992},"num_concepts_raised":10116},{"base_id":530,"kind":"top_words","i1":1,"i2":9,"sol":{"path":["/c/en/backdraft","/c/en/fire","/c/en/slang","/c/en/dookie"],"weight":0.21118999999999985},"num_concepts_raised":37628},{"base_id":530,"kind":"top_words","i1":2,"i2":3,"sol":{"path":["/c/en/flatliners","/c/en/film","/c/en/english_language","/c/en/firestarter"],"weight":0.2130599999999997},"num_concepts_raised":10907},{"base_id":530,"kind":"top_words","i1":2,"i2":4,"sol":{"path":["/c/en/flatliners","/c/en/film","/c/en/musical","/c/en/chess","/c/en/desperado"],"weight":0.20809999999999973},"num_concepts_raised":12124},{"base_id":530,"kind":"top_words","i1":2,"i2":5,"sol":{"path":["/c/en/flatliners","/c/en/film","/c/en/videodrome"],"weight":0.20700000000000002},"num_concepts_raised":61},{"base_id":530,"kind":"top_words","i1":2,"i2":6,"sol":{"path":["/c/en/flatliners","/c/en/film","/c/en/ladykillers"],"weight":0.20600000000000002},"num_concepts_raised":62},{"base_id":530,"kind":"top_words","i1":2,"i2":7,"sol":{"path":["/c/en/flatliners","/c/en/band","/c/en/lunatic","/c/en/moonstruck"],"weight":0.20810999999999982},"num_concepts_raised":9293},{"base_id":530,"kind":"top_words","i1":2,"i2":8,"sol":{"path":["/c/en/flatliners","/c/en/film","/c/en/ninotchka"],"weight":0.20600000000000002},"num_concepts_raised":70},{"base_id":530,"kind":"top_words","i1":2,"i2":9,"sol":{"path":["/c/en/flatliners","/c/en/punk_rock","/c/en/dookie"],"weight":0.20600000000000002},"num_concepts_raised":85},{"base_id":530,"kind":"top_words","i1":3,"i2":4,"sol":{"path":["/c/en/firestarter","/c/en/english_language","/c/en/united_states","/c/en/desperado"],"weight":0.20799999999999974},"num_concepts_raised":14025},{"base_id":530,"kind":"top_words","i1":3,"i2":5,"sol":{"path":["/c/en/firestarter","/c/en/english_language","/c/en/film","/c/en/videodrome"],"weight":0.21497999999999978},"num_concepts_raised":9773},{"base_id":530,"kind":"top_words","i1":3,"i2":6,"sol":{"path":["/c/en/firestarter","/c/en/english_language","/c/en/film","/c/en/ladykillers"],"weight":0.21288999999999975},"num_concepts_raised":8657},{"base_id":530,"kind":"top_words","i1":3,"i2":7,"sol":{"path":["/c/en/firestarter","/c/en/fire","/c/en/wood","/c/en/insane","/c/en/moonstruck"],"weight":0.21134999999999982},"num_concepts_raised":11207},{"base_id":530,"kind":"top_words","i1":3,"i2":8,"sol":{"path":["/c/en/firestarter","/c/en/english_language","/c/en/film","/c/en/ninotchka"],"weight":0.21303999999999976},"num_concepts_raised":8712},{"base_id":530,"kind":"top_words","i1":3,"i2":9,"sol":{"path":["/c/en/firestarter","/c/en/fire","/c/en/slang","/c/en/dookie"],"weight":0.2173499999999997},"num_concepts_raised":36299},{"base_id":530,"kind":"top_words","i1":4,"i2":5,"sol":{"path":["/c/en/desperado","/c/en/chess","/c/en/develop","/c/en/film","/c/en/videodrome"],"weight":0.2100199999999998},"num_concepts_raised":10981},{"base_id":530,"kind":"top_words","i1":4,"i2":6,"sol":{"path":["/c/en/desperado","/c/en/chess","/c/en/develop","/c/en/film","/c/en/ladykillers"],"weight":0.20792999999999978},"num_concepts_raised":9865},{"base_id":530,"kind":"top_words","i1":4,"i2":7,"sol":{"path":["/c/en/desperado","/c/en/chess","/c/fr/fou","/c/en/insane","/c/en/moonstruck"],"weight":0.20431999999999984},"num_concepts_raised":12352},{"base_id":530,"kind":"top_words","i1":4,"i2":8,"sol":{"path":["/c/en/desperado","/c/en/chess","/c/en/develop","/c/en/film","/c/en/ninotchka"],"weight":0.20807999999999977},"num_concepts_raised":9919},{"base_id":530,"kind":"top_words","i1":4,"i2":9,"sol":{"path":["/c/en/desperado","/c/en/chess","/c/en/us","/c/en/dookie"],"weight":0.21020999999999973},"num_concepts_raised":37230},{"base_id":530,"kind":"top_words","i1":5,"i2":6,"sol":{"path":["/c/en/videodrome","/c/en/film","/c/en/ladykillers"],"weight":0.20700000000000002},"num_concepts_raised":48},{"base_id":530,"kind":"top_words","i1":5,"i2":7,"sol":{"path":["/c/en/videodrome","/c/en/film","/c/en/mad","/c/en/insane","/c/en/moonstruck"],"weight":0.21122999999999986},"num_concepts_raised":8128},{"base_id":530,"kind":"top_words","i1":5,"i2":8,"sol":{"path":["/c/en/videodrome","/c/en/film","/c/en/ninotchka"],"weight":0.20700000000000002},"num_concepts_raised":56},{"base_id":530,"kind":"top_words","i1":5,"i2":9,"sol":{"path":["/c/en/videodrome","/c/en/theatre","/c/en/us","/c/en/dookie"],"weight":0.21496999999999977},"num_concepts_raised":33326},{"base_id":530,"kind":"top_words","i1":6,"i2":7,"sol":{"path":["/c/en/ladykillers","/c/en/film","/c/en/mad","/c/en/insane","/c/en/moonstruck"],"weight":0.20913999999999988},"num_concepts_raised":7005},{"base_id":530,"kind":"top_words","i1":6,"i2":8,"sol":{"path":["/c/en/ladykillers","/c/en/film","/c/en/ninotchka"],"weight":0.20600000000000002},"num_concepts_raised":57},{"base_id":530,"kind":"top_words","i1":6,"i2":9,"sol":{"path":["/c/en/ladykillers","/c/en/film","/c/en/make","/c/en/slang","/c/en/dookie"],"weight":0.21509999999999974},"num_concepts_raised":32259},{"base_id":530,"kind":"top_words","i1":7,"i2":8,"sol":{"path":["/c/en/moonstruck","/c/en/insane","/c/en/mad","/c/en/film","/c/en/ninotchka"],"weight":0.20928999999999987},"num_concepts_raised":7060},{"base_id":530,"kind":"top_words","i1":7,"i2":9,"sol":{"path":["/c/en/moonstruck","/c/en/crazy","/c/en/slang","/c/en/dookie"],"weight":0.2102899999999998},"num_concepts_raised":34591},{"base_id":530,"kind":"top_words","i1":8,"i2":9,"sol":{"path":["/c/en/ninotchka","/c/en/film","/c/en/make","/c/en/slang","/c/en/dookie"],"weight":0.21524999999999975},"num_concepts_raised":32317}]]