[[{"base_id":402,"kind":"bot_words","i1":0,"i2":1,"sol":{"path":["/c/en/sulphurous","/c/en/hot","/c/en/popular","/c/en/music","/c/en/cello","/c/en/violoncello"],"weight":0.21134829999999966},"num_concepts_raised":226084},{"base_id":402,"kind":"bot_words","i1":0,"i2":2,"sol":{"path":["/c/en/sulphurous","/c/en/hot","/c/en/cold","/c/it/siderale","/c/en/sidereal"],"weight":0.2066199999999999},"num_concepts_raised":16073},{"base_id":402,"kind":"bot_words","i1":0,"i2":3,"sol":{"path":["/c/en/sulphurous","/c/en/hot","/c/en/person","/c/en/grandfather"],"weight":0.21283},"num_concepts_raised":32038},{"base_id":402,"kind":"bot_words","i1":0,"i2":4,"sol":{"path":["/c/en/sulphurous","/c/en/hot","/c/en/iron","/c/en/restraint","/c/en/immobilization"],"weight":0.20379999999999987},"num_concepts_raised":3098},{"base_id":402,"kind":"bot_words","i1":0,"i2":5,"sol":{"path":["/c/en/sulphurous","/c/en/hot","/c/en/eager","/c/en/strenuous"],"weight":0.20482999999999962},"num_concepts_raised":11976},{"base_id":402,"kind":"bot_words","i1":0,"i2":6,"sol":{"path":["/c/en/sulphurous","/c/en/hot","/c/fr/piquant","/c/en/poignant"],"weight":0.20460999999999965},"num_concepts_raised":11830},{"base_id":402,"kind":"bot_words","i1":0,"i2":7,"sol":{"path":["/c/en/sulphurous","/c/en/hot","/c/zh/熱可可","/c/en/cocoa"],"weight":0.2057499999999995},"num_concepts_raised":14994},{"base_id":402,"kind":"bot_words","i1":0,"i2":8,"sol":{"path":["/c/en/sulphurous","/c/en/hot","/c/en/general","/c/en/goddess","/c/en/pomona"],"weight":0.20891999999999977},"num_concepts_raised":10463},{"base_id":402,"kind":"bot_words","i1":0,"i2":9,"sol":{"path":["/c/en/sulphurous","/c/en/hot","/c/en/unpleasant","/c/en/funny"],"weight":0.20991999999999966},"num_concepts_raised":35692},{"base_id":402,"kind":"bot_words","i1":1,"i2":2,"sol":{"path":["/c/en/violoncello","/c/en/cello","/c/en/band","/c/en/star","/c/en/sidereal"],"weight":0.2054699999999999},"num_concepts_raised":16293},{"base_id":402,"kind":"bot_words","i1":1,"i2":3,"sol":{"path":["/c/en/violoncello","/c/en/musical_instruments","/c/en/grand","/c/en/grandfather"],"weight":0.21191},"num_concepts_raised":32265},{"base_id":402,"kind":"bot_words","i1":1,"i2":4,"sol":{"path":["/c/en/violoncello","/c/en/cello","/c/en/band","/c/en/restraint","/c/en/immobilization"],"weight":0.20437999999999987},"num_concepts_raised":3306},{"base_id":402,"kind":"bot_words","i1":1,"i2":5,"sol":{"path":["/c/en/violoncello","/c/en/cello","/c/en/music","/c/en/dance","/c/en/strenuous"],"weight":0.20550999999999964},"num_concepts_raised":12272},{"base_id":402,"kind":"bot_words","i1":1,"i2":6,"sol":{"path":["/c/en/violoncello","/c/en/cello","/c/en/music","/c/en/sharp","/c/en/poignant"],"weight":0.20547999999999966},"num_concepts_raised":12147},{"base_id":402,"kind":"bot_words","i1":1,"i2":7,"sol":{"path":["/c/en/violoncello","/c/en/violin","/c/en/brown","/c/en/chocolate","/c/en/cocoa"],"weight":0.2089399999999995},"num_concepts_raised":15221},{"base_id":402,"kind":"bot_words","i1":1,"i2":8,"sol":{"path":["/c/en/violoncello","/c/en/violin","/c/xcl/էշ","/c/en/astronomy","/c/en/pomona"],"weight":0.2091799999999998},"num_concepts_raised":10674},{"base_id":402,"kind":"bot_words","i1":1,"i2":9,"sol":{"path":["/c/en/violoncello","/c/en/stringed_instrument","/c/en/fun","/c/en/funny"],"weight":0.2115699999999997},"num_concepts_raised":35936},{"base_id":402,"kind":"bot_words","i1":2,"i2":3,"sol":{"path":["/c/en/sidereal","/c/en/relative","/c/en/grandfather"],"weight":0.202},"num_concepts_raised":545},{"base_id":402,"kind":"bot_words","i1":2,"i2":4,"sol":{"path":["/c/en/sidereal","/c/en/star","/c/en/uk","/c/el/ακινητοποίηση","/c/en/immobilization"],"weight":0.20389999999999986},"num_concepts_raised":15738},{"base_id":402,"kind":"bot_words","i1":2,"i2":5,"sol":{"path":["/c/en/sidereal","/c/en/time","/c/en/energy","/c/en/strenuous"],"weight":0.20470999999999964},"num_concepts_raised":24493},{"base_id":402,"kind":"bot_words","i1":2,"i2":6,"sol":{"path":["/c/en/sidereal","/c/en/astronomy","/c/en/physical","/c/en/poignant"],"weight":0.20437999999999967},"num_concepts_raised":24382},{"base_id":402,"kind":"bot_words","i1":2,"i2":7,"sol":{"path":["/c/en/sidereal","/c/en/relative","/c/en/computing","/c/en/cocoa"],"weight":0.20551999999999948},"num_concepts_raised":27407},{"base_id":402,"kind":"bot_words","i1":2,"i2":8,"sol":{"path":["/c/en/sidereal","/c/en/astronomy","/c/en/pomona"],"weight":0.20400000000000001},"num_concepts_raised":103},{"base_id":402,"kind":"bot_words","i1":2,"i2":9,"sol":{"path":["/c/en/sidereal","/c/en/time","/c/en/game","/c/en/funny"],"weight":0.20981999999999967},"num_concepts_raised":47818},{"base_id":402,"kind":"bot_words","i1":3,"i2":4,"sol":{"path":["/c/en/grandfather","/c/en/man","/c/en/bear","/c/en/prevent","/c/en/immobilization"],"weight":0.21303999999999995},"num_concepts_raised":31708},{"base_id":402,"kind":"bot_words","i1":3,"i2":5,"sol":{"path":["/c/en/grandfather","/c/ar/جد","/c/en/earnest","/c/en/strenuous"],"weight":0.21577999999999975},"num_concepts_raised":40310},{"base_id":402,"kind":"bot_words","i1":3,"i2":6,"sol":{"path":["/c/en/grandfather","/c/en/person","/c/en/keen","/c/en/poignant"],"weight":0.21264999999999976},"num_concepts_raised":40171},{"base_id":402,"kind":"bot_words","i1":3,"i2":7,"sol":{"path":["/c/en/grandfather","/c/fr/famille","/c/fr/cacaoyer","/c/en/cocoa"],"weight":0.21415999999999957},"num_concepts_raised":43354},{"base_id":402,"kind":"bot_words","i1":3,"i2":8,"sol":{"path":["/c/en/grandfather","/c/en/person","/c/en/ancient_roman","/c/en/pomona"],"weight":0.21689999999999987},"num_concepts_raised":38911},{"base_id":402,"kind":"bot_words","i1":3,"i2":9,"sol":{"path":["/c/en/grandfather","/c/en/gramps","/c/en/humorous","/c/en/funny"],"weight":0.22190999999999977},"num_concepts_raised":63076},{"base_id":402,"kind":"bot_words","i1":4,"i2":5,"sol":{"path":["/c/en/immobilization","/c/fr/immobilisation","/c/fr/actif","/c/en/vigorous","/c/en/strenuous"],"weight":0.20499999999999963},"num_concepts_raised":11715},{"base_id":402,"kind":"bot_words","i1":4,"i2":6,"sol":{"path":["/c/en/immobilization","/c/en/immobilize","/c/en/pain","/c/en/poignant"],"weight":0.20360999999999962},"num_concepts_raised":11582},{"base_id":402,"kind":"bot_words","i1":4,"i2":7,"sol":{"path":["/c/en/immobilization","/c/en/restraint","/c/en/band","/c/en/coco","/c/en/cocoa"],"weight":0.20580999999999944},"num_concepts_raised":14666},{"base_id":402,"kind":"bot_words","i1":4,"i2":8,"sol":{"path":["/c/en/immobilization","/c/en/soil_science","/c/en/sol","/c/en/goddess","/c/en/pomona"],"weight":0.20789999999999975},"num_concepts_raised":10127},{"base_id":402,"kind":"bot_words","i1":4,"i2":9,"sol":{"path":["/c/en/immobilization","/c/en/polyvagal","/c/en/theory","/c/en/fun","/c/en/funny"],"weight":0.21139999999999964},"num_concepts_raised":35393},{"base_id":402,"kind":"bot_words","i1":5,"i2":6,"sol":{"path":["/c/en/strenuous","/c/en/energetic","/c/en/physical","/c/en/poignant"],"weight":0.2055999999999994},"num_concepts_raised":20025},{"base_id":402,"kind":"bot_words","i1":5,"i2":7,"sol":{"path":["/c/en/strenuous","/c/en/energetic","/c/en/caffeinated","/c/en/cocoa"],"weight":0.20687999999999923},"num_concepts_raised":23500},{"base_id":402,"kind":"bot_words","i1":5,"i2":8,"sol":{"path":["/c/en/strenuous","/c/en/energetic","/c/en/active","/c/en/astronomy","/c/en/pomona"],"weight":0.21006999999999953},"num_concepts_raised":19038},{"base_id":402,"kind":"bot_words","i1":5,"i2":9,"sol":{"path":["/c/en/strenuous","/c/en/dance","/c/en/funny"],"weight":0.202},"num_concepts_raised":493},{"base_id":402,"kind":"bot_words","i1":6,"i2":7,"sol":{"path":["/c/en/poignant","/c/en/physical","/c/en/computing","/c/en/cocoa"],"weight":0.20539999999999925},"num_concepts_raised":23353},{"base_id":402,"kind":"bot_words","i1":6,"i2":8,"sol":{"path":["/c/en/poignant","/c/en/physical","/c/en/astronomy","/c/en/pomona"],"weight":0.20849999999999957},"num_concepts_raised":18932},{"base_id":402,"kind":"bot_words","i1":6,"i2":9,"sol":{"path":["/c/en/poignant","/c/en/smart","/c/en/humorous","/c/en/funny"],"weight":0.21247999999999945},"num_concepts_raised":43549},{"base_id":402,"kind":"bot_words","i1":7,"i2":8,"sol":{"path":["/c/en/cocoa","/c/en/chocolate","/c/en/day","/c/en/astronomy","/c/en/pomona"],"weight":0.21259999999999937},"num_concepts_raised":21989},{"base_id":402,"kind":"bot_words","i1":7,"i2":9,"sol":{"path":["/c/en/cocoa","/c/en/chocolate","/c/en/movies","/c/en/funny"],"weight":0.21356999999999926},"num_concepts_raised":46745},{"base_id":402,"kind":"bot_words","i1":8,"i2":9,"sol":{"path":["/c/en/pomona","/c/en/religion","/c/en/bishop","/c/en/funny"],"weight":0.21396999999999958},"num_concepts_raised":42619}],[{"base_id":402,"kind":"top_words","i1":0,"i2":1,"sol":{"path":["/c/en/foot","/c/en/inch","/c/en/united_states","/c/en/billionth"],"weight":0.24165000000000364},"num_concepts_raised":185109},{"base_id":402,"kind":"top_words","i1":0,"i2":2,"sol":{"path":["/c/en/foot","/c/fr/pied","/c/fr/réflexologie","/c/en/reflexology"],"weight":0.2519400000000035},"num_concepts_raised":194242},{"base_id":402,"kind":"top_words","i1":0,"i2":3,"sol":{"path":["/c/en/foot","/c/en/treadle"],"weight":0.20600000000000002},"num_concepts_raised":1571},{"base_id":402,"kind":"top_words","i1":0,"i2":4,"sol":{"path":["/c/en/foot","/c/en/shoeplay","/c/en/fetishist"],"weight":0.20600000000000002},"num_concepts_raised":1554},{"base_id":402,"kind":"top_words","i1":0,"i2":5,"sol":{"path":["/c/en/foot","/c/en/five","/c/en/quintuple"],"weight":0.20600000000000002},"num_concepts_raised":1570},{"base_id":402,"kind":"top_words","i1":0,"i2":6,"sol":{"path":["/c/en/foot","/c/en/patten","/c/en/stilt"],"weight":0.20800000000000002},"num_concepts_raised":1683},{"base_id":402,"kind":"top_words","i1":0,"i2":7,"sol":{"path":["/c/en/foot","/c/en/centimetre"],"weight":0.20600000000000002},"num_concepts_raised":1627},{"base_id":402,"kind":"top_words","i1":0,"i2":8,"sol":{"path":["/c/en/foot","/c/en/toe","/c/en/toed"],"weight":0.21000000000000002},"num_concepts_raised":1554},{"base_id":402,"kind":"top_words","i1":0,"i2":9,"sol":{"path":["/c/en/foot","/c/en/anatomy","/c/en/tarsal"],"weight":0.20700000000000002},"num_concepts_raised":1569},{"base_id":402,"kind":"top_words","i1":1,"i2":2,"sol":{"path":["/c/en/billionth","/c/en/united_states","/c/en/ophthalmology","/c/en/logy","/c/en/reflexology"],"weight":0.21052999999999972},"num_concepts_raised":16723},{"base_id":402,"kind":"top_words","i1":1,"i2":3,"sol":{"path":["/c/en/billionth","/c/en/rank","/c/en/pedal","/c/en/treadle"],"weight":0.20346999999999982},"num_concepts_raised":13546},{"base_id":402,"kind":"top_words","i1":1,"i2":4,"sol":{"path":["/c/en/billionth","/c/en/billion","/c/en/us","/c/en/fetish","/c/en/fetishist"],"weight":0.20595999999999987},"num_concepts_raised":4882},{"base_id":402,"kind":"top_words","i1":1,"i2":5,"sol":{"path":["/c/en/billionth","/c/fr/milliardième","/c/fr/élément","/c/fr/quintuple","/c/en/quintuple"],"weight":0.20732999999999985},"num_concepts_raised":7732},{"base_id":402,"kind":"top_words","i1":1,"i2":6,"sol":{"path":["/c/en/billionth","/c/en/rank","/c/en/genus","/c/de/stelze","/c/en/stilt"],"weight":0.2140599999999997},"num_concepts_raised":23697},{"base_id":402,"kind":"top_words","i1":1,"i2":7,"sol":{"path":["/c/en/billionth","/c/en/united_states","/c/en/inch","/c/en/centimetre"],"weight":0.20484000000000008},"num_concepts_raised":13998},{"base_id":402,"kind":"top_words","i1":1,"i2":8,"sol":{"path":["/c/en/billionth","/c/en/united_states","/c/en/quarter","/c/en/toe","/c/en/toed"],"weight":0.20508999999999988},"num_concepts_raised":7002},{"base_id":402,"kind":"top_words","i1":1,"i2":9,"sol":{"path":["/c/en/billionth","/c/en/billion","/c/en/us","/c/en/bone","/c/en/tarsal"],"weight":0.20549999999999985},"num_concepts_raised":17609},{"base_id":402,"kind":"top_words","i1":2,"i2":3,"sol":{"path":["/c/en/reflexology","/c/en/logy","/c/en/biology","/c/en/treadle"],"weight":0.21059999999999973},"num_concepts_raised":23302},{"base_id":402,"kind":"top_words","i1":2,"i2":4,"sol":{"path":["/c/en/reflexology","/c/en/medicine","/c/en/disorder","/c/en/fetish","/c/en/fetishist"],"weight":0.2104399999999998},"num_concepts_raised":14848},{"base_id":402,"kind":"top_words","i1":2,"i2":5,"sol":{"path":["/c/en/reflexology","/c/en/medicine","/c/fr/quint","/c/fr/quintuple","/c/en/quintuple"],"weight":0.21079999999999977},"num_concepts_raised":17751},{"base_id":402,"kind":"top_words","i1":2,"i2":6,"sol":{"path":["/c/en/reflexology","/c/en/medicine","/c/en/water","/c/en/stilt"],"weight":0.21545999999999957},"num_concepts_raised":33584},{"base_id":402,"kind":"top_words","i1":2,"i2":7,"sol":{"path":["/c/en/reflexology","/c/fr/réflexologie","/c/fr/pied","/c/en/centimetre"],"weight":0.21215999999999996},"num_concepts_raised":24065},{"base_id":402,"kind":"top_words","i1":2,"i2":8,"sol":{"path":["/c/en/reflexology","/c/en/medicine","/c/en/ainhum","/c/en/toe","/c/en/toed"],"weight":0.2105499999999998},"num_concepts_raised":16952},{"base_id":402,"kind":"top_words","i1":2,"i2":9,"sol":{"path":["/c/en/reflexology","/c/en/logy","/c/en/zoology","/c/en/tarsus","/c/en/tarsal"],"weight":0.21298999999999974},"num_concepts_raised":27353},{"base_id":402,"kind":"top_words","i1":3,"i2":4,"sol":{"path":["/c/en/treadle","/c/en/foot","/c/en/shoeplay","/c/en/fetishist"],"weight":0.20307999999999987},"num_concepts_raised":11678},{"base_id":402,"kind":"top_words","i1":3,"i2":5,"sol":{"path":["/c/en/treadle","/c/en/pedal","/c/en/part","/c/en/quintuple"],"weight":0.20366999999999985},"num_concepts_raised":14527},{"base_id":402,"kind":"top_words","i1":3,"i2":6,"sol":{"path":["/c/en/treadle","/c/en/tread","/c/en/bird","/c/en/stilt"],"weight":0.21343999999999969},"num_concepts_raised":30155},{"base_id":402,"kind":"top_words","i1":3,"i2":7,"sol":{"path":["/c/en/treadle","/c/en/foot","/c/en/centimetre"],"weight":0.202},"num_concepts_raised":145},{"base_id":402,"kind":"top_words","i1":3,"i2":8,"sol":{"path":["/c/en/treadle","/c/en/foot","/c/en/toe","/c/en/toed"],"weight":0.20534999999999987},"num_concepts_raised":13603},{"base_id":402,"kind":"top_words","i1":3,"i2":9,"sol":{"path":["/c/en/treadle","/c/en/foot","/c/en/anatomy","/c/en/tarsal"],"weight":0.20464999999999983},"num_concepts_raised":24159},{"base_id":402,"kind":"top_words","i1":4,"i2":5,"sol":{"path":["/c/en/fetishist","/c/en/fetish","/c/en/us","/c/en/five","/c/en/quintuple"],"weight":0.20517999999999992},"num_concepts_raised":5966},{"base_id":402,"kind":"top_words","i1":4,"i2":6,"sol":{"path":["/c/en/fetishist","/c/en/fetish","/c/en/us","/c/en/bird","/c/en/stilt"],"weight":0.21416999999999972},"num_concepts_raised":21910},{"base_id":402,"kind":"top_words","i1":4,"i2":7,"sol":{"path":["/c/en/fetishist","/c/en/shoeplay","/c/en/foot","/c/en/centimetre"],"weight":0.20466000000000012},"num_concepts_raised":12287},{"base_id":402,"kind":"top_words","i1":4,"i2":8,"sol":{"path":["/c/en/fetishist","/c/en/shoeplay","/c/en/foot","/c/en/toe","/c/en/toed"],"weight":0.20498999999999995},"num_concepts_raised":5133},{"base_id":402,"kind":"top_words","i1":4,"i2":9,"sol":{"path":["/c/en/fetishist","/c/en/fetish","/c/en/us","/c/en/bone","/c/en/tarsal"],"weight":0.2063799999999999},"num_concepts_raised":15731},{"base_id":402,"kind":"top_words","i1":5,"i2":6,"sol":{"path":["/c/en/quintuple","/c/en/five","/c/en/bill","/c/en/stilt"],"weight":0.21024999999999971},"num_concepts_raised":24617},{"base_id":402,"kind":"top_words","i1":5,"i2":7,"sol":{"path":["/c/en/quintuple","/c/en/five","/c/en/foot","/c/en/centimetre"],"weight":0.2050500000000001},"num_concepts_raised":15061},{"base_id":402,"kind":"top_words","i1":5,"i2":8,"sol":{"path":["/c/en/quintuple","/c/en/five","/c/en/toe","/c/en/toed"],"weight":0.2053099999999999},"num_concepts_raised":7985},{"base_id":402,"kind":"top_words","i1":5,"i2":9,"sol":{"path":["/c/en/quintuple","/c/en/part","/c/en/bone","/c/en/tarsal"],"weight":0.20462999999999987},"num_concepts_raised":18578},{"base_id":402,"kind":"top_words","i1":6,"i2":7,"sol":{"path":["/c/en/stilt","/c/fr/échasse","/c/fr/pied","/c/en/centimetre"],"weight":0.2160499999999999},"num_concepts_raised":30754},{"base_id":402,"kind":"top_words","i1":6,"i2":8,"sol":{"path":["/c/en/stilt","/c/en/post","/c/en/construction","/c/en/toed"],"weight":0.20992999999999973},"num_concepts_raised":23763},{"base_id":402,"kind":"top_words","i1":6,"i2":9,"sol":{"path":["/c/en/stilt","/c/en/bird","/c/en/taxaspidean","/c/en/tarsal"],"weight":0.2124499999999997},"num_concepts_raised":34368},{"base_id":402,"kind":"top_words","i1":7,"i2":8,"sol":{"path":["/c/en/centimetre","/c/en/foot","/c/en/toe","/c/en/toed"],"weight":0.2069300000000001},"num_concepts_raised":14125},{"base_id":402,"kind":"top_words","i1":7,"i2":9,"sol":{"path":["/c/en/centimetre","/c/en/foot","/c/en/anatomy","/c/en/tarsal"],"weight":0.2062400000000001},"num_concepts_raised":24828},{"base_id":402,"kind":"top_words","i1":8,"i2":9,"sol":{"path":["/c/en/toed","/c/en/toe","/c/fr/anatomie","/c/fr/tarsien","/c/en/tarsal"],"weight":0.20845999999999992},"num_concepts_raised":17692}]]