[[{"base_id":70,"kind":"bot_words","i1":0,"i2":1,"sol":{"path":["/c/en/cricetidae","/c/en/mammal","/c/en/person","/c/en/jew","/c/en/jewess"],"weight":0.21131999999999967},"num_concepts_raised":3327},{"base_id":70,"kind":"bot_words","i1":0,"i2":2,"sol":{"path":["/c/en/cricetidae","/c/en/oldfield_mouse","/c/en/united_states","/c/en/country","/c/en/midland"],"weight":0.20853999999999967},"num_concepts_raised":20804},{"base_id":70,"kind":"bot_words","i1":0,"i2":3,"sol":{"path":["/c/en/cricetidae","/c/en/mammal","/c/en/lamia","/c/en/greece","/c/en/igoumenitsa"],"weight":0.21528999999999968},"num_concepts_raised":3243},{"base_id":70,"kind":"bot_words","i1":0,"i2":4,"sol":{"path":["/c/en/cricetidae","/c/en/mammal","/c/en/mink","/c/en/rich","/c/en/opulent"],"weight":0.20865999999999962},"num_concepts_raised":6299},{"base_id":70,"kind":"bot_words","i1":0,"i2":5,"sol":{"path":["/c/en/cricetidae","/c/en/mammal","/c/en/milk","/c/en/protein","/c/en/cadherin"],"weight":0.21535999999999972},"num_concepts_raised":6210},{"base_id":70,"kind":"bot_words","i1":0,"i2":6,"sol":{"path":["/c/en/cricetidae","/c/en/mammal","/c/en/people","/c/en/monk","/c/en/monastic"],"weight":0.21225999999999973},"num_concepts_raised":10928},{"base_id":70,"kind":"bot_words","i1":0,"i2":7,"sol":{"path":["/c/en/cricetidae","/c/en/mammal","/c/en/people","/c/en/dance","/c/en/shimmy"],"weight":0.20996999999999966},"num_concepts_raised":17199},{"base_id":70,"kind":"bot_words","i1":0,"i2":8,"sol":{"path":["/c/en/cricetidae","/c/en/mammal","/c/en/blooded","/c/en/descendant","/c/en/descendent"],"weight":0.21022999999999975},"num_concepts_raised":5555},{"base_id":70,"kind":"bot_words","i1":0,"i2":9,"sol":{"path":["/c/en/cricetidae","/c/en/mammal","/c/en/sheep","/c/en/ship","/c/en/steerage"],"weight":0.2092899999999997},"num_concepts_raised":8840},{"base_id":70,"kind":"bot_words","i1":1,"i2":2,"sol":{"path":["/c/en/jewess","/c/en/jew","/c/en/israel","/c/en/country","/c/en/midland"],"weight":0.20616999999999974},"num_concepts_raised":19697},{"base_id":70,"kind":"bot_words","i1":1,"i2":3,"sol":{"path":["/c/en/jewess","/c/en/jew","/c/en/grecian","/c/en/greece","/c/en/igoumenitsa"],"weight":0.21304999999999974},"num_concepts_raised":2119},{"base_id":70,"kind":"bot_words","i1":1,"i2":4,"sol":{"path":["/c/en/jewess","/c/en/jew","/c/en/person","/c/en/rich","/c/en/opulent"],"weight":0.2064599999999997},"num_concepts_raised":5182},{"base_id":70,"kind":"bot_words","i1":1,"i2":5,"sol":{"path":["/c/en/jewess","/c/en/israelite","/c/en/dan","/c/en/protein","/c/en/cadherin"],"weight":0.21175999999999978},"num_concepts_raised":5096},{"base_id":70,"kind":"bot_words","i1":1,"i2":6,"sol":{"path":["/c/en/jewess","/c/en/jew","/c/fr/religion","/c/en/monastic"],"weight":0.20760999999999974},"num_concepts_raised":9778},{"base_id":70,"kind":"bot_words","i1":1,"i2":7,"sol":{"path":["/c/en/jewess","/c/en/jew","/c/en/person","/c/en/dance","/c/en/shimmy"],"weight":0.2077399999999997},"num_concepts_raised":16104},{"base_id":70,"kind":"bot_words","i1":1,"i2":8,"sol":{"path":["/c/en/jewess","/c/en/israelite","/c/en/descendant","/c/en/descendent"],"weight":0.20664999999999983},"num_concepts_raised":4429},{"base_id":70,"kind":"bot_words","i1":1,"i2":9,"sol":{"path":["/c/en/jewess","/c/en/jew","/c/en/moses","/c/en/ship","/c/en/steerage"],"weight":0.20703999999999978},"num_concepts_raised":7732},{"base_id":70,"kind":"bot_words","i1":2,"i2":3,"sol":{"path":["/c/en/midland","/c/en/country","/c/en/greece","/c/en/igoumenitsa"],"weight":0.21011999999999975},"num_concepts_raised":19512},{"base_id":70,"kind":"bot_words","i1":2,"i2":4,"sol":{"path":["/c/en/midland","/c/en/inside","/c/en/crown","/c/en/opulent"],"weight":0.20321999999999968},"num_concepts_raised":22612},{"base_id":70,"kind":"bot_words","i1":2,"i2":5,"sol":{"path":["/c/en/midland","/c/en/interior","/c/en/in","/c/en/cadherin"],"weight":0.2080499999999998},"num_concepts_raised":22468},{"base_id":70,"kind":"bot_words","i1":2,"i2":6,"sol":{"path":["/c/en/midland","/c/en/country","/c/en/order","/c/en/monk","/c/en/monastic"],"weight":0.20722999999999975},"num_concepts_raised":27201},{"base_id":70,"kind":"bot_words","i1":2,"i2":7,"sol":{"path":["/c/en/midland","/c/en/michigan","/c/en/wheel","/c/en/shimmy"],"weight":0.2034499999999997},"num_concepts_raised":33235},{"base_id":70,"kind":"bot_words","i1":2,"i2":8,"sol":{"path":["/c/en/midland","/c/en/country","/c/syc/ܒܪܐ","/c/en/descendant","/c/en/descendent"],"weight":0.20504999999999982},"num_concepts_raised":21865},{"base_id":70,"kind":"bot_words","i1":2,"i2":9,"sol":{"path":["/c/en/midland","/c/en/inside","/c/en/passenger","/c/en/steerage"],"weight":0.20297999999999977},"num_concepts_raised":25093},{"base_id":70,"kind":"bot_words","i1":3,"i2":4,"sol":{"path":["/c/en/igoumenitsa","/c/en/greece","/c/en/turkey","/c/en/crown","/c/en/opulent"],"weight":0.21019999999999966},"num_concepts_raised":5098},{"base_id":70,"kind":"bot_words","i1":3,"i2":5,"sol":{"path":["/c/en/igoumenitsa","/c/en/greece","/c/en/iot","/c/en/in","/c/en/cadherin"],"weight":0.21499999999999975},"num_concepts_raised":5008},{"base_id":70,"kind":"bot_words","i1":3,"i2":6,"sol":{"path":["/c/en/igoumenitsa","/c/en/greece","/c/en/greek","/c/en/cenobite","/c/en/monastic"],"weight":0.21159999999999973},"num_concepts_raised":9723},{"base_id":70,"kind":"bot_words","i1":3,"i2":7,"sol":{"path":["/c/en/igoumenitsa","/c/en/greece","/c/en/frappe","/c/en/shake","/c/en/shimmy"],"weight":0.2115699999999997},"num_concepts_raised":16026},{"base_id":70,"kind":"bot_words","i1":3,"i2":8,"sol":{"path":["/c/en/igoumenitsa","/c/en/greece","/c/en/dodonaean","/c/en/related","/c/en/descendent"],"weight":0.2108999999999998},"num_concepts_raised":4355},{"base_id":70,"kind":"bot_words","i1":3,"i2":9,"sol":{"path":["/c/en/igoumenitsa","/c/en/greece","/c/en/column","/c/en/section","/c/en/steerage"],"weight":0.20992999999999976},"num_concepts_raised":7649},{"base_id":70,"kind":"bot_words","i1":4,"i2":5,"sol":{"path":["/c/en/opulent","/c/en/rich","/c/en/histone","/c/en/protein","/c/en/cadherin"],"weight":0.21049999999999972},"num_concepts_raised":8059},{"base_id":70,"kind":"bot_words","i1":4,"i2":6,"sol":{"path":["/c/en/opulent","/c/la/ops","/c/fr/religion","/c/en/monastic"],"weight":0.2047399999999997},"num_concepts_raised":12749},{"base_id":70,"kind":"bot_words","i1":4,"i2":7,"sol":{"path":["/c/en/opulent","/c/en/crown","/c/en/video_games","/c/en/shimmy"],"weight":0.20359999999999964},"num_concepts_raised":18974},{"base_id":70,"kind":"bot_words","i1":4,"i2":8,"sol":{"path":["/c/en/opulent","/c/en/copy","/c/en/source","/c/en/descendant","/c/en/descendent"],"weight":0.20514999999999978},"num_concepts_raised":7396},{"base_id":70,"kind":"bot_words","i1":4,"i2":9,"sol":{"path":["/c/en/opulent","/c/en/rich","/c/en/yacht","/c/en/ship","/c/en/steerage"],"weight":0.2044099999999997},"num_concepts_raised":10640},{"base_id":70,"kind":"bot_words","i1":5,"i2":6,"sol":{"path":["/c/en/cadherin","/c/en/protein","/c/en/codon","/c/en/monk","/c/en/monastic"],"weight":0.2140699999999998},"num_concepts_raised":12692},{"base_id":70,"kind":"bot_words","i1":5,"i2":7,"sol":{"path":["/c/en/cadherin","/c/en/protein","/c/en/expression","/c/en/dance","/c/en/shimmy"],"weight":0.21171999999999974},"num_concepts_raised":18949},{"base_id":70,"kind":"bot_words","i1":5,"i2":8,"sol":{"path":["/c/en/cadherin","/c/en/protein","/c/en/adipophilin","/c/en/related","/c/en/descendent"],"weight":0.21096999999999985},"num_concepts_raised":7316},{"base_id":70,"kind":"bot_words","i1":5,"i2":9,"sol":{"path":["/c/en/cadherin","/c/en/protein","/c/en/a1","/c/en/ship","/c/en/steerage"],"weight":0.2110999999999998},"num_concepts_raised":10595},{"base_id":70,"kind":"bot_words","i1":6,"i2":7,"sol":{"path":["/c/en/monastic","/c/es/tumbo","/c/en/shake","/c/en/shimmy"],"weight":0.2060199999999997},"num_concepts_raised":23576},{"base_id":70,"kind":"bot_words","i1":6,"i2":8,"sol":{"path":["/c/en/monastic","/c/en/monastery","/c/en/house","/c/en/descendant","/c/en/descendent"],"weight":0.20877999999999985},"num_concepts_raised":12019},{"base_id":70,"kind":"bot_words","i1":6,"i2":9,"sol":{"path":["/c/en/monastic","/c/en/monk","/c/en/mine","/c/en/ship","/c/en/steerage"],"weight":0.2079999999999998},"num_concepts_raised":15273},{"base_id":70,"kind":"bot_words","i1":7,"i2":8,"sol":{"path":["/c/en/shimmy","/c/en/dance","/c/en/related","/c/en/descendent"],"weight":0.2054999999999998},"num_concepts_raised":18252},{"base_id":70,"kind":"bot_words","i1":7,"i2":9,"sol":{"path":["/c/en/shimmy","/c/en/vehicle","/c/en/ship","/c/en/steerage"],"weight":0.20449999999999974},"num_concepts_raised":21283},{"base_id":70,"kind":"bot_words","i1":8,"i2":9,"sol":{"path":["/c/en/descendent","/c/en/descendant","/c/en/line","/c/en/ship","/c/en/steerage"],"weight":0.20598999999999984},"num_concepts_raised":9918}],[{"base_id":70,"kind":"top_words","i1":0,"i2":1,"sol":{"path":["/c/en/peter","/c/en/slang","/c/en/tosh"],"weight":0.20500000000000002},"num_concepts_raised":344},{"base_id":70,"kind":"top_words","i1":0,"i2":2,"sol":{"path":["/c/en/peter","/c/fr/pierre","/c/en/stone","/c/en/wailer"],"weight":0.21349999999999938},"num_concepts_raised":50525},{"base_id":70,"kind":"top_words","i1":0,"i2":3,"sol":{"path":["/c/en/peter","/c/en/rabbit","/c/en/cottontail"],"weight":0.20400000000000001},"num_concepts_raised":259},{"base_id":70,"kind":"top_words","i1":0,"i2":4,"sol":{"path":["/c/en/peter","/c/en/slang","/c/en/band","/c/en/withe"],"weight":0.21135999999999933},"num_concepts_raised":50484},{"base_id":70,"kind":"top_words","i1":0,"i2":5,"sol":{"path":["/c/en/peter","/c/en/dick","/c/en/schmuck"],"weight":0.20400000000000001},"num_concepts_raised":286},{"base_id":70,"kind":"top_words","i1":0,"i2":6,"sol":{"path":["/c/en/peter","/c/en/slang","/c/nl/flikker","/c/en/mender"],"weight":0.21082999999999935},"num_concepts_raised":38649},{"base_id":70,"kind":"top_words","i1":0,"i2":7,"sol":{"path":["/c/en/peter","/c/en/slang","/c/en/woody","/c/en/fust"],"weight":0.21080999999999936},"num_concepts_raised":50251},{"base_id":70,"kind":"top_words","i1":0,"i2":8,"sol":{"path":["/c/en/peter","/c/grc/πετρα","/c/en/petrol","/c/en/stihl"],"weight":0.21578999999999937},"num_concepts_raised":41089},{"base_id":70,"kind":"top_words","i1":0,"i2":9,"sol":{"path":["/c/en/peter","/c/en/slang","/c/th/นักต้มตุ๋น","/c/en/conman"],"weight":0.21835999999999933},"num_concepts_raised":40864},{"base_id":70,"kind":"top_words","i1":1,"i2":2,"sol":{"path":["/c/en/tosh","/c/en/slang","/c/en/wail","/c/en/wailer"],"weight":0.20620999999999975},"num_concepts_raised":66914},{"base_id":70,"kind":"top_words","i1":1,"i2":3,"sol":{"path":["/c/en/tosh","/c/en/british","/c/en/rabbit","/c/en/cottontail"],"weight":0.2051699999999998},"num_concepts_raised":56486},{"base_id":70,"kind":"top_words","i1":1,"i2":4,"sol":{"path":["/c/en/tosh","/c/en/scotland","/c/en/twig","/c/en/withe"],"weight":0.20652999999999966},"num_concepts_raised":66765},{"base_id":70,"kind":"top_words","i1":1,"i2":5,"sol":{"path":["/c/en/tosh","/c/en/slang","/c/en/dick","/c/en/schmuck"],"weight":0.2057399999999997},"num_concepts_raised":71131},{"base_id":70,"kind":"top_words","i1":1,"i2":6,"sol":{"path":["/c/en/tosh","/c/en/slang","/c/nl/flikker","/c/en/mender"],"weight":0.20520999999999973},"num_concepts_raised":55636},{"base_id":70,"kind":"top_words","i1":1,"i2":7,"sol":{"path":["/c/en/tosh","/c/en/slang","/c/en/woody","/c/en/fust"],"weight":0.20518999999999973},"num_concepts_raised":66541},{"base_id":70,"kind":"top_words","i1":1,"i2":8,"sol":{"path":["/c/en/tosh","/c/en/slang","/c/en/grinder","/c/en/stihl"],"weight":0.21015999999999974},"num_concepts_raised":57983},{"base_id":70,"kind":"top_words","i1":1,"i2":9,"sol":{"path":["/c/en/tosh","/c/en/slang","/c/th/นักต้มตุ๋น","/c/en/conman"],"weight":0.21273999999999968},"num_concepts_raised":57808},{"base_id":70,"kind":"top_words","i1":2,"i2":3,"sol":{"path":["/c/en/wailer","/c/en/wail","/c/en/like","/c/en/rabbit","/c/en/cottontail"],"weight":0.20384999999999992},"num_concepts_raised":15110},{"base_id":70,"kind":"top_words","i1":2,"i2":4,"sol":{"path":["/c/en/wailer","/c/en/historical","/c/la/vitis","/c/en/withe"],"weight":0.2041399999999998},"num_concepts_raised":26348},{"base_id":70,"kind":"top_words","i1":2,"i2":5,"sol":{"path":["/c/en/wailer","/c/en/historical","/c/en/prick","/c/en/schmuck"],"weight":0.2030199999999998},"num_concepts_raised":35082},{"base_id":70,"kind":"top_words","i1":2,"i2":6,"sol":{"path":["/c/en/wailer","/c/en/screen","/c/it/riparare","/c/en/mend","/c/en/mender"],"weight":0.20371999999999985},"num_concepts_raised":14204},{"base_id":70,"kind":"top_words","i1":2,"i2":7,"sol":{"path":["/c/en/wailer","/c/en/historical","/c/en/fust"],"weight":0.202},"num_concepts_raised":54},{"base_id":70,"kind":"top_words","i1":2,"i2":8,"sol":{"path":["/c/en/wailer","/c/en/historical","/c/en/germany","/c/en/stihl"],"weight":0.20763999999999982},"num_concepts_raised":16686},{"base_id":70,"kind":"top_words","i1":2,"i2":9,"sol":{"path":["/c/en/wailer","/c/en/screen","/c/en/film","/c/en/conman"],"weight":0.20818999999999982},"num_concepts_raised":16517},{"base_id":70,"kind":"top_words","i1":3,"i2":4,"sol":{"path":["/c/en/cottontail","/c/en/tan","/c/en/twig","/c/en/withe"],"weight":0.20329999999999987},"num_concepts_raised":15058},{"base_id":70,"kind":"top_words","i1":3,"i2":5,"sol":{"path":["/c/en/cottontail","/c/en/rabbit","/c/en/us","/c/en/schmuck"],"weight":0.20317999999999992},"num_concepts_raised":23783},{"base_id":70,"kind":"top_words","i1":3,"i2":6,"sol":{"path":["/c/en/cottontail","/c/en/tan","/c/es/curar","/c/en/mend","/c/en/mender"],"weight":0.2037399999999999},"num_concepts_raised":2495},{"base_id":70,"kind":"top_words","i1":3,"i2":7,"sol":{"path":["/c/en/cottontail","/c/en/rabbit","/c/en/old","/c/en/musty","/c/en/fust"],"weight":0.2038899999999999},"num_concepts_raised":14680},{"base_id":70,"kind":"top_words","i1":3,"i2":8,"sol":{"path":["/c/en/cottontail","/c/en/rabbit","/c/en/two","/c/en/company","/c/en/stihl"],"weight":0.20784999999999992},"num_concepts_raised":5093},{"base_id":70,"kind":"top_words","i1":3,"i2":9,"sol":{"path":["/c/en/cottontail","/c/en/tan","/c/en/person","/c/en/con_artist","/c/en/conman"],"weight":0.20850999999999986},"num_concepts_raised":4893},{"base_id":70,"kind":"top_words","i1":4,"i2":5,"sol":{"path":["/c/en/withe","/c/en/nautical","/c/en/prick","/c/en/schmuck"],"weight":0.20355999999999974},"num_concepts_raised":35067},{"base_id":70,"kind":"top_words","i1":4,"i2":6,"sol":{"path":["/c/en/withe","/c/en/band","/c/en/act","/c/en/mend","/c/en/mender"],"weight":0.20423999999999976},"num_concepts_raised":14157},{"base_id":70,"kind":"top_words","i1":4,"i2":7,"sol":{"path":["/c/en/withe","/c/en/architecture","/c/en/fust"],"weight":0.202},"num_concepts_raised":89},{"base_id":70,"kind":"top_words","i1":4,"i2":8,"sol":{"path":["/c/en/withe","/c/en/nautical","/c/en/company","/c/en/stihl"],"weight":0.20821999999999977},"num_concepts_raised":16638},{"base_id":70,"kind":"top_words","i1":4,"i2":9,"sol":{"path":["/c/en/withe","/c/en/nautical","/c/en/con","/c/en/conman"],"weight":0.20872999999999975},"num_concepts_raised":16446},{"base_id":70,"kind":"top_words","i1":5,"i2":6,"sol":{"path":["/c/en/schmuck","/c/en/pejorative","/c/nl/flikker","/c/en/mender"],"weight":0.20307999999999976},"num_concepts_raised":22904},{"base_id":70,"kind":"top_words","i1":5,"i2":7,"sol":{"path":["/c/en/schmuck","/c/en/vulgar","/c/en/woody","/c/en/fust"],"weight":0.2030699999999998},"num_concepts_raised":34625},{"base_id":70,"kind":"top_words","i1":5,"i2":8,"sol":{"path":["/c/en/schmuck","/c/en/us","/c/en/grinder","/c/en/stihl"],"weight":0.2079999999999998},"num_concepts_raised":25404},{"base_id":70,"kind":"top_words","i1":5,"i2":9,"sol":{"path":["/c/en/schmuck","/c/fr/argot","/c/en/con_artist","/c/en/conman"],"weight":0.20879999999999976},"num_concepts_raised":25198},{"base_id":70,"kind":"top_words","i1":6,"i2":7,"sol":{"path":["/c/en/mender","/c/en/mend","/c/en/place","/c/en/column","/c/en/fust"],"weight":0.2037399999999998},"num_concepts_raised":13776},{"base_id":70,"kind":"top_words","i1":6,"i2":8,"sol":{"path":["/c/en/mender","/c/en/mend","/c/en/place","/c/en/company","/c/en/stihl"],"weight":0.2087199999999998},"num_concepts_raised":4175},{"base_id":70,"kind":"top_words","i1":6,"i2":9,"sol":{"path":["/c/en/mender","/c/nl/flikker","/c/en/slang","/c/th/นักต้มตุ๋น","/c/en/conman"],"weight":0.21024999999999977},"num_concepts_raised":3967},{"base_id":70,"kind":"top_words","i1":7,"i2":8,"sol":{"path":["/c/en/fust","/c/en/acquire","/c/en/company","/c/en/stihl"],"weight":0.2077199999999998},"num_concepts_raised":16254},{"base_id":70,"kind":"top_words","i1":7,"i2":9,"sol":{"path":["/c/en/fust","/c/en/woody","/c/en/slang","/c/th/นักต้มตุ๋น","/c/en/conman"],"weight":0.21022999999999978},"num_concepts_raised":16118},{"base_id":70,"kind":"top_words","i1":8,"i2":9,"sol":{"path":["/c/en/stihl","/c/en/grinder","/c/en/slang","/c/th/นักต้มตุ๋น","/c/en/conman"],"weight":0.21519999999999978},"num_concepts_raised":6557}]]