[[{"base_id":474,"kind":"bot_words","i1":0,"i2":1,"sol":{"path":["/c/en/overcrowded","/c/en/occupant","/c/en/furnish","/c/en/deliver","/c/en/delivering"],"weight":0.2038899999999998},"num_concepts_raised":4912},{"base_id":474,"kind":"bot_words","i1":0,"i2":2,"sol":{"path":["/c/en/overcrowded","/c/en/overcrowd","/c/en/information","/c/en/music","/c/en/anacrusis"],"weight":0.2032799999999999},"num_concepts_raised":12681},{"base_id":474,"kind":"bot_words","i1":0,"i2":3,"sol":{"path":["/c/en/overcrowded","/c/en/occupant","/c/en/plate","/c/en/geology","/c/en/paleogene"],"weight":0.2107399999999997},"num_concepts_raised":6640},{"base_id":474,"kind":"bot_words","i1":0,"i2":4,"sol":{"path":["/c/en/overcrowded","/c/en/pelican","/c/en/bill","/c/en/pee","/c/en/poo"],"weight":0.2064499999999997},"num_concepts_raised":24096},{"base_id":474,"kind":"bot_words","i1":0,"i2":5,"sol":{"path":["/c/en/overcrowded","/c/en/pelican","/c/en/chemistry","/c/en/abstraction","/c/en/withdrawing"],"weight":0.20287999999999984},"num_concepts_raised":3537},{"base_id":474,"kind":"bot_words","i1":0,"i2":6,"sol":{"path":["/c/en/overcrowded","/c/en/pelican","/c/en/bird","/c/en/slang","/c/en/sundowner"],"weight":0.20297999999999977},"num_concepts_raised":43222},{"base_id":474,"kind":"bot_words","i1":0,"i2":7,"sol":{"path":["/c/en/overcrowded","/c/en/pelican","/c/en/bird","/c/en/human","/c/en/kurd","/c/en/peshmerga"],"weight":0.21142799999999967},"num_concepts_raised":119028},{"base_id":474,"kind":"bot_words","i1":0,"i2":8,"sol":{"path":["/c/en/overcrowded","/c/en/warren","/c/en/united_states","/c/en/english_language","/c/en/christine"],"weight":0.20809999999999979},"num_concepts_raised":13340},{"base_id":474,"kind":"bot_words","i1":0,"i2":9,"sol":{"path":["/c/en/overcrowded","/c/es/atestado","/c/en/legal","/c/en/convict","/c/en/convicted"],"weight":0.20296999999999976},"num_concepts_raised":1695},{"base_id":474,"kind":"bot_words","i1":1,"i2":2,"sol":{"path":["/c/en/delivering","/c/en/deliver","/c/en/post","/c/en/music","/c/en/anacrusis"],"weight":0.2042299999999999},"num_concepts_raised":15709},{"base_id":474,"kind":"bot_words","i1":1,"i2":3,"sol":{"path":["/c/en/delivering","/c/en/deliver","/c/en/pitch","/c/en/geology","/c/en/paleogene"],"weight":0.21168999999999966},"num_concepts_raised":9709},{"base_id":474,"kind":"bot_words","i1":1,"i2":4,"sol":{"path":["/c/en/delivering","/c/en/deliver","/c/en/bear","/c/en/shit","/c/en/poo"],"weight":0.20686999999999967},"num_concepts_raised":27051},{"base_id":474,"kind":"bot_words","i1":1,"i2":5,"sol":{"path":["/c/en/delivering","/c/en/deliver","/c/en/rescue","/c/en/withdraw","/c/en/withdrawing"],"weight":0.2048199999999998},"num_concepts_raised":6591},{"base_id":474,"kind":"bot_words","i1":1,"i2":6,"sol":{"path":["/c/en/delivering","/c/en/deliver","/c/en/medicine","/c/en/sundowner"],"weight":0.20384999999999975},"num_concepts_raised":46048},{"base_id":474,"kind":"bot_words","i1":1,"i2":7,"sol":{"path":["/c/en/delivering","/c/en/transport","/c/en/military","/c/en/military_unit","/c/en/peshmerga"],"weight":0.20831999999999984},"num_concepts_raised":4343},{"base_id":474,"kind":"bot_words","i1":1,"i2":8,"sol":{"path":["/c/en/delivering","/c/en/deliver","/c/en/postman","/c/en/english_language","/c/en/christine"],"weight":0.20902999999999977},"num_concepts_raised":16391},{"base_id":474,"kind":"bot_words","i1":1,"i2":9,"sol":{"path":["/c/en/delivering","/c/en/transport","/c/en/convict","/c/en/convicted"],"weight":0.20287999999999975},"num_concepts_raised":4761},{"base_id":474,"kind":"bot_words","i1":2,"i2":3,"sol":{"path":["/c/en/anacrusis","/c/en/music","/c/en/rock","/c/en/geology","/c/en/paleogene"],"weight":0.21106999999999976},"num_concepts_raised":17405},{"base_id":474,"kind":"bot_words","i1":2,"i2":4,"sol":{"path":["/c/en/anacrusis","/c/en/music","/c/en/doo","/c/en/poo"],"weight":0.20464999999999978},"num_concepts_raised":34628},{"base_id":474,"kind":"bot_words","i1":2,"i2":5,"sol":{"path":["/c/en/anacrusis","/c/en/note","/c/en/account","/c/en/withdrawing"],"weight":0.20291999999999988},"num_concepts_raised":14324},{"base_id":474,"kind":"bot_words","i1":2,"i2":6,"sol":{"path":["/c/en/anacrusis","/c/en/music","/c/en/medicine","/c/en/sundowner"],"weight":0.20322999999999986},"num_concepts_raised":53527},{"base_id":474,"kind":"bot_words","i1":2,"i2":7,"sol":{"path":["/c/en/anacrusis","/c/en/beat","/c/en/military","/c/en/military_unit","/c/en/peshmerga"],"weight":0.20852999999999994},"num_concepts_raised":12109},{"base_id":474,"kind":"bot_words","i1":2,"i2":8,"sol":{"path":["/c/en/anacrusis","/c/en/note","/c/en/book","/c/en/christine"],"weight":0.20811999999999986},"num_concepts_raised":24077},{"base_id":474,"kind":"bot_words","i1":2,"i2":9,"sol":{"path":["/c/en/anacrusis","/c/en/music","/c/en/face_music","/c/en/convict","/c/en/convicted"],"weight":0.20323999999999987},"num_concepts_raised":12530},{"base_id":474,"kind":"bot_words","i1":3,"i2":4,"sol":{"path":["/c/en/paleogene","/c/en/geology","/c/en/slide","/c/en/pee","/c/en/poo"],"weight":0.21420999999999957},"num_concepts_raised":28854},{"base_id":474,"kind":"bot_words","i1":3,"i2":5,"sol":{"path":["/c/en/paleogene","/c/en/geology","/c/en/abstraction","/c/en/withdrawing"],"weight":0.21062999999999968},"num_concepts_raised":8326},{"base_id":474,"kind":"bot_words","i1":3,"i2":6,"sol":{"path":["/c/en/paleogene","/c/en/period","/c/en/medicine","/c/en/sundowner"],"weight":0.20854999999999962},"num_concepts_raised":47885},{"base_id":474,"kind":"bot_words","i1":3,"i2":7,"sol":{"path":["/c/en/paleogene","/c/en/geology","/c/en/unit","/c/en/military_unit","/c/en/peshmerga"],"weight":0.2161699999999997},"num_concepts_raised":6063},{"base_id":474,"kind":"bot_words","i1":3,"i2":8,"sol":{"path":["/c/en/paleogene","/c/en/geology","/c/en/ring_of_fire","/c/en/english_language","/c/en/christine"],"weight":0.21584999999999965},"num_concepts_raised":18132},{"base_id":474,"kind":"bot_words","i1":3,"i2":9,"sol":{"path":["/c/en/paleogene","/c/en/geology","/c/en/strike","/c/en/attaint","/c/en/convicted"],"weight":0.21063999999999966},"num_concepts_raised":6499},{"base_id":474,"kind":"bot_words","i1":4,"i2":5,"sol":{"path":["/c/en/poo","/c/zh/大號","/c/en/account","/c/en/withdrawing"],"weight":0.20420999999999967},"num_concepts_raised":25748},{"base_id":474,"kind":"bot_words","i1":4,"i2":6,"sol":{"path":["/c/en/poo","/c/en/slang","/c/en/sundowner"],"weight":0.202},"num_concepts_raised":158},{"base_id":474,"kind":"bot_words","i1":4,"i2":7,"sol":{"path":["/c/en/poo","/c/en/slang","/c/en/pre","/c/ku/pêş","/c/en/peshmerga"],"weight":0.20987999999999968},"num_concepts_raised":23538},{"base_id":474,"kind":"bot_words","i1":4,"i2":8,"sol":{"path":["/c/en/poo","/c/en/slang","/c/en/book","/c/en/christine"],"weight":0.20952999999999963},"num_concepts_raised":35458},{"base_id":474,"kind":"bot_words","i1":4,"i2":9,"sol":{"path":["/c/en/poo","/c/en/slang","/c/en/convict","/c/en/convicted"],"weight":0.20443999999999962},"num_concepts_raised":23950},{"base_id":474,"kind":"bot_words","i1":5,"i2":6,"sol":{"path":["/c/en/withdrawing","/c/it/recesso","/c/en/medicine","/c/en/sundowner"],"weight":0.20281999999999978},"num_concepts_raised":44843},{"base_id":474,"kind":"bot_words","i1":5,"i2":7,"sol":{"path":["/c/en/withdrawing","/c/en/departure","/c/en/death","/c/ku/merg","/c/en/peshmerga"],"weight":0.2082899999999998},"num_concepts_raised":2958},{"base_id":474,"kind":"bot_words","i1":5,"i2":8,"sol":{"path":["/c/en/withdrawing","/c/en/withdraw","/c/en/void","/c/en/book","/c/en/christine"],"weight":0.20892999999999978},"num_concepts_raised":15003},{"base_id":474,"kind":"bot_words","i1":5,"i2":9,"sol":{"path":["/c/en/withdrawing","/c/it/recessione","/c/en/legal","/c/en/convict","/c/en/convicted"],"weight":0.20288999999999976},"num_concepts_raised":3396},{"base_id":474,"kind":"bot_words","i1":6,"i2":7,"sol":{"path":["/c/en/sundowner","/c/en/slang","/c/en/turkey","/c/en/kurd","/c/en/peshmerga"],"weight":0.20834999999999979},"num_concepts_raised":42686},{"base_id":474,"kind":"bot_words","i1":6,"i2":8,"sol":{"path":["/c/en/sundowner","/c/en/slang","/c/en/book","/c/en/christine"],"weight":0.20800999999999972},"num_concepts_raised":54433},{"base_id":474,"kind":"bot_words","i1":6,"i2":9,"sol":{"path":["/c/en/sundowner","/c/en/slang","/c/en/convict","/c/en/convicted"],"weight":0.20289999999999972},"num_concepts_raised":43071},{"base_id":474,"kind":"bot_words","i1":7,"i2":8,"sol":{"path":["/c/en/peshmerga","/c/en/military_unit","/c/en/unit","/c/en/book","/c/en/christine"],"weight":0.21344999999999978},"num_concepts_raised":12769},{"base_id":474,"kind":"bot_words","i1":7,"i2":9,"sol":{"path":["/c/en/peshmerga","/c/ku/merg","/c/en/death","/c/en/attaint","/c/en/convicted"],"weight":0.20829999999999976},"num_concepts_raised":1114},{"base_id":474,"kind":"bot_words","i1":8,"i2":9,"sol":{"path":["/c/en/christine","/c/en/english_language","/c/en/crime","/c/en/convict","/c/en/convicted"],"weight":0.2080699999999997},"num_concepts_raised":13195}],[{"base_id":474,"kind":"top_words","i1":0,"i2":1,"sol":{"path":["/c/en/relations","/c/en/relation","/c/en/translation","/c/en/crossing","/c/en/transatlantic"],"weight":0.2046899999999997},"num_concepts_raised":7943},{"base_id":474,"kind":"top_words","i1":0,"i2":2,"sol":{"path":["/c/en/relations","/c/en/relation","/c/en/people","/c/la/sinae","/c/en/sino"],"weight":0.20469999999999955},"num_concepts_raised":8239},{"base_id":474,"kind":"top_words","i1":0,"i2":3,"sol":{"path":["/c/en/relations","/c/en/relation","/c/fr/voisinage","/c/en/neighbourly"],"weight":0.2044499999999997},"num_concepts_raised":13926},{"base_id":474,"kind":"top_words","i1":0,"i2":4,"sol":{"path":["/c/en/relations","/c/en/relation","/c/en/cognatic","/c/en/bilateral"],"weight":0.20594999999999963},"num_concepts_raised":11744},{"base_id":474,"kind":"top_words","i1":0,"i2":5,"sol":{"path":["/c/en/relations","/c/fr/rapport","/c/fr/interracial","/c/en/interracial"],"weight":0.20353999999999967},"num_concepts_raised":8896},{"base_id":474,"kind":"top_words","i1":0,"i2":6,"sol":{"path":["/c/en/relations","/c/en/family","/c/en/indo_european","/c/en/indo"],"weight":0.20454999999999968},"num_concepts_raised":9951},{"base_id":474,"kind":"top_words","i1":0,"i2":7,"sol":{"path":["/c/en/relations","/c/en/relation","/c/en/relationship"],"weight":0.20500000000000002},"num_concepts_raised":922},{"base_id":474,"kind":"top_words","i1":0,"i2":8,"sol":{"path":["/c/en/relations","/c/en/structure","/c/en/ecosystem","/c/en/ecosystems","/c/en/ecotone"],"weight":0.2088299999999998},"num_concepts_raised":7506},{"base_id":474,"kind":"top_words","i1":0,"i2":9,"sol":{"path":["/c/en/relations","/c/en/relation","/c/en/correspondence","/c/en/reciprocal","/c/en/trilateral"],"weight":0.20550999999999964},"num_concepts_raised":9985},{"base_id":474,"kind":"top_words","i1":1,"i2":2,"sol":{"path":["/c/en/transatlantic","/c/en/atlantic_ocean","/c/en/europe","/c/en/euro","/c/en/sino"],"weight":0.20312999999999987},"num_concepts_raised":1652},{"base_id":474,"kind":"top_words","i1":1,"i2":3,"sol":{"path":["/c/en/transatlantic","/c/fr/transatlantique","/c/fr/atlantique","/c/fr/voisinage","/c/en/neighbourly"],"weight":0.20511},"num_concepts_raised":7436},{"base_id":474,"kind":"top_words","i1":1,"i2":4,"sol":{"path":["/c/en/transatlantic","/c/en/crossing","/c/en/point","/c/en/multilateral","/c/en/bilateral"],"weight":0.2054499999999999},"num_concepts_raised":5294},{"base_id":474,"kind":"top_words","i1":1,"i2":5,"sol":{"path":["/c/en/transatlantic","/c/en/crossing","/c/en/line","/c/en/race","/c/en/interracial"],"weight":0.20330999999999994},"num_concepts_raised":2376},{"base_id":474,"kind":"top_words","i1":1,"i2":6,"sol":{"path":["/c/en/transatlantic","/c/en/atlantic_ocean","/c/en/earth","/c/en/india","/c/en/indo"],"weight":0.20416999999999996},"num_concepts_raised":3370},{"base_id":474,"kind":"top_words","i1":1,"i2":7,"sol":{"path":["/c/en/transatlantic","/c/fr/clipper","/c/en/ship","/c/en/relationship"],"weight":0.2133599999999975},"num_concepts_raised":72679},{"base_id":474,"kind":"top_words","i1":1,"i2":8,"sol":{"path":["/c/en/transatlantic","/c/fr/transatlantique","/c/fr/atlantique","/c/fr/zone","/c/fr/écotone","/c/en/ecotone"],"weight":0.2189657000000001},"num_concepts_raised":87614},{"base_id":474,"kind":"top_words","i1":1,"i2":9,"sol":{"path":["/c/en/transatlantic","/c/en/crossing","/c/en/line","/c/en/triangle","/c/en/trilateral"],"weight":0.20307999999999993},"num_concepts_raised":3449},{"base_id":474,"kind":"top_words","i1":2,"i2":3,"sol":{"path":["/c/en/sino","/c/la/sinae","/c/en/people","/c/en/friendly","/c/en/neighbourly"],"weight":0.20394999999999985},"num_concepts_raised":7732},{"base_id":474,"kind":"top_words","i1":2,"i2":4,"sol":{"path":["/c/en/sino","/c/ja/中","/c/en/middle","/c/en/side","/c/en/bilateral"],"weight":0.20449999999999974},"num_concepts_raised":5582},{"base_id":474,"kind":"top_words","i1":2,"i2":5,"sol":{"path":["/c/en/sino","/c/la/sinae","/c/en/people","/c/en/race","/c/en/interracial"],"weight":0.2032599999999998},"num_concepts_raised":2678},{"base_id":474,"kind":"top_words","i1":2,"i2":6,"sol":{"path":["/c/en/sino","/c/en/euro","/c/en/indo"],"weight":0.202},"num_concepts_raised":68},{"base_id":474,"kind":"top_words","i1":2,"i2":7,"sol":{"path":["/c/en/sino","/c/la/sinae","/c/en/relate","/c/en/relationship"],"weight":0.21564999999999734},"num_concepts_raised":72893},{"base_id":474,"kind":"top_words","i1":2,"i2":8,"sol":{"path":["/c/en/sino","/c/ja/中","/c/en/center","/c/en/geographical_region","/c/en/ecotone"],"weight":0.2084399999999999},"num_concepts_raised":1200},{"base_id":474,"kind":"top_words","i1":2,"i2":9,"sol":{"path":["/c/en/sino","/c/ja/中","/c/en/three","/c/en/triangle","/c/en/trilateral"],"weight":0.2029999999999998},"num_concepts_raised":3740},{"base_id":474,"kind":"top_words","i1":3,"i2":4,"sol":{"path":["/c/en/neighbourly","/c/en/british","/c/en/side","/c/en/bilateral"],"weight":0.2043199999999999},"num_concepts_raised":11320},{"base_id":474,"kind":"top_words","i1":3,"i2":5,"sol":{"path":["/c/en/neighbourly","/c/en/friendly","/c/en/good_old_boy","/c/en/racial","/c/en/interracial"],"weight":0.2059999999999999},"num_concepts_raised":8446},{"base_id":474,"kind":"top_words","i1":3,"i2":6,"sol":{"path":["/c/en/neighbourly","/c/en/friendly","/c/en/homely","/c/en/india","/c/en/indo"],"weight":0.20495999999999995},"num_concepts_raised":9395},{"base_id":474,"kind":"top_words","i1":3,"i2":7,"sol":{"path":["/c/en/neighbourly","/c/en/neighbour","/c/en/relationship"],"weight":0.203},"num_concepts_raised":881},{"base_id":474,"kind":"top_words","i1":3,"i2":8,"sol":{"path":["/c/en/neighbourly","/c/en/canada","/c/en/country","/c/en/geographical_region","/c/en/ecotone"],"weight":0.20827000000000007},"num_concepts_raised":6995},{"base_id":474,"kind":"top_words","i1":3,"i2":9,"sol":{"path":["/c/en/neighbourly","/c/en/canada","/c/en/triangle","/c/en/trilateral"],"weight":0.20280999999999988},"num_concepts_raised":9488},{"base_id":474,"kind":"top_words","i1":4,"i2":5,"sol":{"path":["/c/en/bilateral","/c/en/anthropology","/c/de/rassenkunde","/c/en/racial","/c/en/interracial"],"weight":0.20646999999999985},"num_concepts_raised":6288},{"base_id":474,"kind":"top_words","i1":4,"i2":6,"sol":{"path":["/c/en/bilateral","/c/en/side","/c/en/country","/c/en/india","/c/en/indo"],"weight":0.20554999999999987},"num_concepts_raised":7306},{"base_id":474,"kind":"top_words","i1":4,"i2":7,"sol":{"path":["/c/en/bilateral","/c/en/cognatic","/c/en/relation","/c/en/relationship"],"weight":0.21905999999999737},"num_concepts_raised":75817},{"base_id":474,"kind":"top_words","i1":4,"i2":8,"sol":{"path":["/c/en/bilateral","/c/en/side","/c/en/center","/c/en/geographical_region","/c/en/ecotone"],"weight":0.20987999999999998},"num_concepts_raised":4847},{"base_id":474,"kind":"top_words","i1":4,"i2":9,"sol":{"path":["/c/en/bilateral","/c/en/reciprocal","/c/en/trilateral"],"weight":0.20400000000000001},"num_concepts_raised":131},{"base_id":474,"kind":"top_words","i1":5,"i2":6,"sol":{"path":["/c/en/interracial","/c/en/race","/c/en/indian","/c/en/indo"],"weight":0.2031699999999999},"num_concepts_raised":4394},{"base_id":474,"kind":"top_words","i1":5,"i2":7,"sol":{"path":["/c/en/interracial","/c/fr/interracial","/c/fr/rapport","/c/en/relationship"],"weight":0.21578999999999743},"num_concepts_raised":73479},{"base_id":474,"kind":"top_words","i1":5,"i2":8,"sol":{"path":["/c/en/interracial","/c/en/race","/c/en/country","/c/en/geographical_region","/c/en/ecotone"],"weight":0.20864000000000005},"num_concepts_raised":1931},{"base_id":474,"kind":"top_words","i1":5,"i2":9,"sol":{"path":["/c/en/interracial","/c/en/integrated","/c/en/us","/c/en/triangle","/c/en/trilateral"],"weight":0.20404999999999987},"num_concepts_raised":4465},{"base_id":474,"kind":"top_words","i1":6,"i2":7,"sol":{"path":["/c/en/indo","/c/en/indo_european","/c/en/family","/c/en/relationship"],"weight":0.21482999999999747},"num_concepts_raised":74574},{"base_id":474,"kind":"top_words","i1":6,"i2":8,"sol":{"path":["/c/en/indo","/c/en/india","/c/en/country","/c/en/geographical_region","/c/en/ecotone"],"weight":0.20951000000000003},"num_concepts_raised":2922},{"base_id":474,"kind":"top_words","i1":6,"i2":9,"sol":{"path":["/c/en/indo","/c/en/india","/c/en/historical","/c/en/triangle","/c/en/trilateral"],"weight":0.2040399999999999},"num_concepts_raised":5470},{"base_id":474,"kind":"top_words","i1":7,"i2":8,"sol":{"path":["/c/en/relationship","/c/ja/辺","/c/fr/zone","/c/fr/écotone","/c/en/ecotone"],"weight":0.22098999999999758},"num_concepts_raised":72268},{"base_id":474,"kind":"top_words","i1":7,"i2":9,"sol":{"path":["/c/en/relationship","/c/en/correlation","/c/en/reciprocal","/c/en/trilateral"],"weight":0.2143599999999974},"num_concepts_raised":74342},{"base_id":474,"kind":"top_words","i1":8,"i2":9,"sol":{"path":["/c/en/ecotone","/c/en/geographical_region","/c/en/region","/c/en/side","/c/en/trilateral"],"weight":0.20834},"num_concepts_raised":3000}]]