[[{"base_id":763,"kind":"bot_words","i1":0,"i2":1,"sol":{"path":["/c/en/phlegmatic","/c/en/watery","/c/en/bucket","/c/en/allocation"],"weight":0.20458999999999972},"num_concepts_raised":7266},{"base_id":763,"kind":"bot_words","i1":0,"i2":2,"sol":{"path":["/c/en/phlegmatic","/c/en/watery","/c/en/river","/c/en/geographical"],"weight":0.2048099999999995},"num_concepts_raised":27119},{"base_id":763,"kind":"bot_words","i1":0,"i2":3,"sol":{"path":["/c/en/phlegmatic","/c/en/watery","/c/fr/eau","/c/fr/pays","/c/en/kosovo"],"weight":0.21418000000000065},"num_concepts_raised":11301},{"base_id":763,"kind":"bot_words","i1":0,"i2":4,"sol":{"path":["/c/en/phlegmatic","/c/en/phlegm","/c/en/historical","/c/en/germany","/c/en/duisburg"],"weight":0.20993999999999982},"num_concepts_raised":5788},{"base_id":763,"kind":"bot_words","i1":0,"i2":5,"sol":{"path":["/c/en/phlegmatic","/c/fr/flegmatique","/c/ar/بارد","/c/en/right","/c/en/righter"],"weight":0.20568999999999996},"num_concepts_raised":3907},{"base_id":763,"kind":"bot_words","i1":0,"i2":6,"sol":{"path":["/c/en/phlegmatic","/c/en/disposition","/c/en/order","/c/en/concatenation"],"weight":0.20405999999999985},"num_concepts_raised":11951},{"base_id":763,"kind":"bot_words","i1":0,"i2":7,"sol":{"path":["/c/en/phlegmatic","/c/ru/флегма","/c/en/person","/c/en/philosopher","/c/en/heraclitus"],"weight":0.20988999999999997},"num_concepts_raised":3572},{"base_id":763,"kind":"bot_words","i1":0,"i2":8,"sol":{"path":["/c/en/phlegmatic","/c/en/phlegm","/c/en/historical","/c/en/transport","/c/en/delivering"],"weight":0.20446999999999993},"num_concepts_raised":5786},{"base_id":763,"kind":"bot_words","i1":0,"i2":9,"sol":{"path":["/c/en/phlegmatic","/c/en/disposition","/c/en/order","/c/ja/序","/c/en/foreword"],"weight":0.20605999999999985},"num_concepts_raised":5244},{"base_id":763,"kind":"bot_words","i1":1,"i2":2,"sol":{"path":["/c/en/allocation","/c/gv/rheynn","/c/en/geography","/c/en/geographical"],"weight":0.2077299999999992},"num_concepts_raised":30574},{"base_id":763,"kind":"bot_words","i1":1,"i2":3,"sol":{"path":["/c/en/allocation","/c/en/assignment","/c/en/education","/c/en/pristina","/c/en/kosovo"],"weight":0.2173000000000003},"num_concepts_raised":14960},{"base_id":763,"kind":"bot_words","i1":1,"i2":4,"sol":{"path":["/c/en/allocation","/c/en/allotment","/c/en/potato","/c/en/germany","/c/en/duisburg"],"weight":0.2099999999999995},"num_concepts_raised":9460},{"base_id":763,"kind":"bot_words","i1":1,"i2":5,"sol":{"path":["/c/en/allocation","/c/en/assignment","/c/en/right","/c/en/righter"],"weight":0.20631999999999961},"num_concepts_raised":7583},{"base_id":763,"kind":"bot_words","i1":1,"i2":6,"sol":{"path":["/c/en/allocation","/c/en/assignment","/c/en/operation","/c/en/concatenation"],"weight":0.20596999999999951},"num_concepts_raised":15534},{"base_id":763,"kind":"bot_words","i1":1,"i2":7,"sol":{"path":["/c/en/allocation","/c/en/computer_science","/c/en/science","/c/en/philosopher","/c/en/heraclitus"],"weight":0.2104499999999996},"num_concepts_raised":7269},{"base_id":763,"kind":"bot_words","i1":1,"i2":8,"sol":{"path":["/c/en/allocation","/c/en/deal","/c/en/deliver","/c/en/delivering"],"weight":0.2051099999999996},"num_concepts_raised":9404},{"base_id":763,"kind":"bot_words","i1":1,"i2":9,"sol":{"path":["/c/en/allocation","/c/en/schedule","/c/fa/برنامه","/c/en/foreword"],"weight":0.20556999999999953},"num_concepts_raised":8883},{"base_id":763,"kind":"bot_words","i1":2,"i2":3,"sol":{"path":["/c/en/geographical","/c/en/balkans","/c/en/kosovo"],"weight":0.20500000000000002},"num_concepts_raised":350},{"base_id":763,"kind":"bot_words","i1":2,"i2":4,"sol":{"path":["/c/en/geographical","/c/en/city","/c/en/duisburg"],"weight":0.20400000000000001},"num_concepts_raised":217},{"base_id":763,"kind":"bot_words","i1":2,"i2":5,"sol":{"path":["/c/en/geographical","/c/en/east","/c/en/right","/c/en/righter"],"weight":0.20501999999999942},"num_concepts_raised":27409},{"base_id":763,"kind":"bot_words","i1":2,"i2":6,"sol":{"path":["/c/en/geographical","/c/en/country","/c/en/order","/c/en/concatenation"],"weight":0.2050699999999993},"num_concepts_raised":35206},{"base_id":763,"kind":"bot_words","i1":2,"i2":7,"sol":{"path":["/c/en/geographical","/c/en/cliff","/c/fr/prénom","/c/fr/héraclite","/c/en/heraclitus"],"weight":0.21451999999999938},"num_concepts_raised":27143},{"base_id":763,"kind":"bot_words","i1":2,"i2":8,"sol":{"path":["/c/en/geographical","/c/en/land","/c/en/deliver","/c/en/delivering"],"weight":0.20538999999999935},"num_concepts_raised":29147},{"base_id":763,"kind":"bot_words","i1":2,"i2":9,"sol":{"path":["/c/en/geographical","/c/en/scienda","/c/en/conclusion","/c/en/foreword"],"weight":0.20568999999999932},"num_concepts_raised":28697},{"base_id":763,"kind":"bot_words","i1":3,"i2":4,"sol":{"path":["/c/en/kosovo","/c/en/pristina","/c/en/city","/c/en/duisburg"],"weight":0.22028000000000042},"num_concepts_raised":13338},{"base_id":763,"kind":"bot_words","i1":3,"i2":5,"sol":{"path":["/c/en/kosovo","/c/fr/pays","/c/en/australia","/c/en/right","/c/en/righter"],"weight":0.21456000000000053},"num_concepts_raised":11620},{"base_id":763,"kind":"bot_words","i1":3,"i2":6,"sol":{"path":["/c/en/kosovo","/c/en/country","/c/en/order","/c/en/concatenation"],"weight":0.2133800000000004},"num_concepts_raised":19710},{"base_id":763,"kind":"bot_words","i1":3,"i2":7,"sol":{"path":["/c/en/kosovo","/c/en/country","/c/en/republic","/c/en/plato","/c/en/heraclitus"],"weight":0.2191400000000005},"num_concepts_raised":11294},{"base_id":763,"kind":"bot_words","i1":3,"i2":8,"sol":{"path":["/c/en/kosovo","/c/en/serbia","/c/en/region","/c/en/transport","/c/en/delivering"],"weight":0.2148700000000005},"num_concepts_raised":13467},{"base_id":763,"kind":"bot_words","i1":3,"i2":9,"sol":{"path":["/c/en/kosovo","/c/en/country","/c/en/mass","/c/en/preface","/c/en/foreword"],"weight":0.21655000000000046},"num_concepts_raised":12962},{"base_id":763,"kind":"bot_words","i1":4,"i2":5,"sol":{"path":["/c/en/duisburg","/c/en/city","/c/en/settlement","/c/en/right","/c/en/righter"],"weight":0.2092799999999997},"num_concepts_raised":6110},{"base_id":763,"kind":"bot_words","i1":4,"i2":6,"sol":{"path":["/c/en/duisburg","/c/en/city","/c/en/mayor","/c/en/chain","/c/en/concatenation"],"weight":0.2091799999999996},"num_concepts_raised":14199},{"base_id":763,"kind":"bot_words","i1":4,"i2":7,"sol":{"path":["/c/en/duisburg","/c/en/city","/c/en/brand","/c/en/logos","/c/en/heraclitus"],"weight":0.2145799999999997},"num_concepts_raised":5780},{"base_id":763,"kind":"bot_words","i1":4,"i2":8,"sol":{"path":["/c/en/duisburg","/c/en/city","/c/en/transport","/c/en/delivering"],"weight":0.2083399999999997},"num_concepts_raised":7942},{"base_id":763,"kind":"bot_words","i1":4,"i2":9,"sol":{"path":["/c/en/duisburg","/c/en/city","/c/en/book","/c/en/preface","/c/en/foreword"],"weight":0.21220999999999962},"num_concepts_raised":7444},{"base_id":763,"kind":"bot_words","i1":5,"i2":6,"sol":{"path":["/c/en/righter","/c/en/right","/c/en/command","/c/en/chain","/c/en/concatenation"],"weight":0.20465999999999973},"num_concepts_raised":12339},{"base_id":763,"kind":"bot_words","i1":5,"i2":7,"sol":{"path":["/c/en/righter","/c/en/right","/c/en/ethicist","/c/en/philosopher","/c/en/heraclitus"],"weight":0.21018999999999982},"num_concepts_raised":3899},{"base_id":763,"kind":"bot_words","i1":5,"i2":8,"sol":{"path":["/c/en/righter","/c/en/right","/c/en/hand","/c/en/deliver","/c/en/delivering"],"weight":0.20479999999999982},"num_concepts_raised":6108},{"base_id":763,"kind":"bot_words","i1":5,"i2":9,"sol":{"path":["/c/en/righter","/c/en/right","/c/en/last_word","/c/en/foreword"],"weight":0.20531999999999975},"num_concepts_raised":5559},{"base_id":763,"kind":"bot_words","i1":6,"i2":7,"sol":{"path":["/c/en/concatenation","/c/en/chain","/c/en/mathematics","/c/en/pythagoras","/c/en/heraclitus"],"weight":0.21008999999999972},"num_concepts_raised":12029},{"base_id":763,"kind":"bot_words","i1":6,"i2":8,"sol":{"path":["/c/en/concatenation","/c/en/connection","/c/en/transport","/c/en/delivering"],"weight":0.20358999999999972},"num_concepts_raised":14152},{"base_id":763,"kind":"bot_words","i1":6,"i2":9,"sol":{"path":["/c/en/concatenation","/c/en/order","/c/ja/序","/c/en/foreword"],"weight":0.20610999999999963},"num_concepts_raised":13542},{"base_id":763,"kind":"bot_words","i1":7,"i2":8,"sol":{"path":["/c/en/heraclitus","/c/en/philosopher","/c/ar/حكم","/c/en/deliver","/c/en/delivering"],"weight":0.21023999999999982},"num_concepts_raised":5784},{"base_id":763,"kind":"bot_words","i1":7,"i2":9,"sol":{"path":["/c/en/heraclitus","/c/en/philosopher","/c/en/person","/c/en/introduction","/c/en/foreword"],"weight":0.21147999999999972},"num_concepts_raised":5232},{"base_id":763,"kind":"bot_words","i1":8,"i2":9,"sol":{"path":["/c/en/delivering","/c/en/transport","/c/en/forward","/c/en/foreword"],"weight":0.2044199999999997},"num_concepts_raised":7417}],[{"base_id":763,"kind":"top_words","i1":0,"i2":1,"sol":{"path":["/c/en/jenever","/c/en/gin","/c/en/base","/c/en/chemistry","/c/en/niter"],"weight":0.20315999999999979},"num_concepts_raised":23796},{"base_id":763,"kind":"top_words","i1":0,"i2":2,"sol":{"path":["/c/en/jenever","/c/en/spirit","/c/ro/strigă","/c/en/barn_owl","/c/en/tyto"],"weight":0.20818999999999982},"num_concepts_raised":8164},{"base_id":763,"kind":"top_words","i1":0,"i2":3,"sol":{"path":["/c/en/jenever","/c/en/gin","/c/en/mining","/c/en/cockle","/c/en/ked"],"weight":0.2029499999999999},"num_concepts_raised":4471},{"base_id":763,"kind":"top_words","i1":0,"i2":4,"sol":{"path":["/c/en/jenever","/c/en/gin","/c/en/instrument","/c/en/musical_instrument","/c/en/gusle"],"weight":0.20838999999999983},"num_concepts_raised":6812},{"base_id":763,"kind":"top_words","i1":0,"i2":5,"sol":{"path":["/c/en/jenever","/c/en/juniper","/c/en/plant","/c/en/euterpe"],"weight":0.21287999999999985},"num_concepts_raised":16775},{"base_id":763,"kind":"top_words","i1":0,"i2":6,"sol":{"path":["/c/en/jenever","/c/en/juniper","/c/en/plant","/c/en/galega"],"weight":0.20797999999999983},"num_concepts_raised":10554},{"base_id":763,"kind":"top_words","i1":0,"i2":7,"sol":{"path":["/c/en/jenever","/c/en/juniper","/c/en/plant","/c/en/raphanus"],"weight":0.20803999999999984},"num_concepts_raised":10729},{"base_id":763,"kind":"top_words","i1":0,"i2":8,"sol":{"path":["/c/en/jenever","/c/en/spirit","/c/en/religion","/c/en/samsara","/c/en/saṃsāra"],"weight":0.20816999999999974},"num_concepts_raised":3167},{"base_id":763,"kind":"top_words","i1":0,"i2":9,"sol":{"path":["/c/en/jenever","/c/en/gin","/c/en/hunt","/c/en/laelaps"],"weight":0.20782999999999985},"num_concepts_raised":6874},{"base_id":763,"kind":"top_words","i1":1,"i2":2,"sol":{"path":["/c/en/niter","/c/en/us","/c/en/bird","/c/en/tyto"],"weight":0.20812999999999973},"num_concepts_raised":25985},{"base_id":763,"kind":"top_words","i1":1,"i2":3,"sol":{"path":["/c/en/niter","/c/en/chemistry","/c/en/biology","/c/en/parasite","/c/en/ked"],"weight":0.20304999999999981},"num_concepts_raised":22346},{"base_id":763,"kind":"top_words","i1":1,"i2":4,"sol":{"path":["/c/en/niter","/c/en/nitrogen","/c/en/bend","/c/en/bow","/c/en/gusle"],"weight":0.20941999999999975},"num_concepts_raised":24643},{"base_id":763,"kind":"top_words","i1":1,"i2":5,"sol":{"path":["/c/en/niter","/c/en/us","/c/en/plant","/c/en/euterpe"],"weight":0.21288999999999975},"num_concepts_raised":34529},{"base_id":763,"kind":"top_words","i1":1,"i2":6,"sol":{"path":["/c/en/niter","/c/en/us","/c/en/plant","/c/en/galega"],"weight":0.20798999999999973},"num_concepts_raised":28360},{"base_id":763,"kind":"top_words","i1":1,"i2":7,"sol":{"path":["/c/en/niter","/c/en/us","/c/en/plant","/c/en/raphanus"],"weight":0.2080499999999998},"num_concepts_raised":28536},{"base_id":763,"kind":"top_words","i1":1,"i2":8,"sol":{"path":["/c/en/niter","/c/en/chemistry","/c/en/course","/c/sa/संसार","/c/en/samsara","/c/en/saṃsāra"],"weight":0.21252999999999794},"num_concepts_raised":702521},{"base_id":763,"kind":"top_words","i1":1,"i2":9,"sol":{"path":["/c/en/niter","/c/en/chemistry","/c/en/wet","/c/en/dog","/c/en/laelaps"],"weight":0.20794999999999977},"num_concepts_raised":24708},{"base_id":763,"kind":"top_words","i1":2,"i2":3,"sol":{"path":["/c/en/tyto","/c/en/bird","/c/en/fly","/c/en/hippoboscidae","/c/en/ked"],"weight":0.20807999999999982},"num_concepts_raised":6651},{"base_id":763,"kind":"top_words","i1":2,"i2":4,"sol":{"path":["/c/en/tyto","/c/en/bird","/c/en/sound","/c/en/musical_instrument","/c/en/gusle"],"weight":0.21343999999999974},"num_concepts_raised":8994},{"base_id":763,"kind":"top_words","i1":2,"i2":5,"sol":{"path":["/c/en/tyto","/c/en/bird","/c/en/phoebe","/c/en/greek_god","/c/en/euterpe"],"weight":0.21807999999999977},"num_concepts_raised":18939},{"base_id":763,"kind":"top_words","i1":2,"i2":6,"sol":{"path":["/c/en/tyto","/c/en/bird","/c/en/animal","/c/en/plant","/c/en/galega"],"weight":0.21314999999999973},"num_concepts_raised":12727},{"base_id":763,"kind":"top_words","i1":2,"i2":7,"sol":{"path":["/c/en/tyto","/c/en/bird","/c/en/animal","/c/en/plant","/c/en/raphanus"],"weight":0.2132099999999998},"num_concepts_raised":12903},{"base_id":763,"kind":"top_words","i1":2,"i2":8,"sol":{"path":["/c/en/tyto","/c/en/bird","/c/en/egg","/c/en/birth","/c/en/samsara","/c/en/saṃsāra"],"weight":0.2165132999999991},"num_concepts_raised":265087},{"base_id":763,"kind":"top_words","i1":2,"i2":9,"sol":{"path":["/c/en/tyto","/c/en/bird","/c/en/animal","/c/en/dog","/c/en/laelaps"],"weight":0.21300999999999976},"num_concepts_raised":9030},{"base_id":763,"kind":"top_words","i1":3,"i2":4,"sol":{"path":["/c/en/ked","/c/en/kendrick_extrication_device","/c/en/device","/c/en/musical_instrument","/c/en/gusle"],"weight":0.20819999999999983},"num_concepts_raised":5304},{"base_id":763,"kind":"top_words","i1":3,"i2":5,"sol":{"path":["/c/en/ked","/c/en/parasite","/c/en/plant","/c/en/euterpe"],"weight":0.21280999999999983},"num_concepts_raised":15287},{"base_id":763,"kind":"top_words","i1":3,"i2":6,"sol":{"path":["/c/en/ked","/c/en/parasite","/c/en/plant","/c/en/galega"],"weight":0.20790999999999982},"num_concepts_raised":9053},{"base_id":763,"kind":"top_words","i1":3,"i2":7,"sol":{"path":["/c/en/ked","/c/en/parasite","/c/en/plant","/c/en/raphanus"],"weight":0.20796999999999988},"num_concepts_raised":9227},{"base_id":763,"kind":"top_words","i1":3,"i2":8,"sol":{"path":["/c/en/ked","/c/en/parasite","/c/en/organism","/c/en/death","/c/en/samsara","/c/en/saṃsāra"],"weight":0.21090499999999965},"num_concepts_raised":95241},{"base_id":763,"kind":"top_words","i1":3,"i2":9,"sol":{"path":["/c/en/ked","/c/en/parasite","/c/en/flea","/c/en/dog","/c/en/laelaps"],"weight":0.20778999999999986},"num_concepts_raised":5380},{"base_id":763,"kind":"top_words","i1":4,"i2":5,"sol":{"path":["/c/en/gusle","/c/fr/lahute","/c/fr/musique","/c/fr/euterpe","/c/en/euterpe"],"weight":0.22034999999999977},"num_concepts_raised":17603},{"base_id":763,"kind":"top_words","i1":4,"i2":6,"sol":{"path":["/c/en/gusle","/c/en/stringed_instrument","/c/en/string","/c/en/plant","/c/en/galega"],"weight":0.21331999999999976},"num_concepts_raised":11390},{"base_id":763,"kind":"top_words","i1":4,"i2":7,"sol":{"path":["/c/en/gusle","/c/en/stringed_instrument","/c/en/string","/c/en/plant","/c/en/raphanus"],"weight":0.2133799999999998},"num_concepts_raised":11566},{"base_id":763,"kind":"top_words","i1":4,"i2":8,"sol":{"path":["/c/en/gusle","/c/en/musical_instrument","/c/en/music","/c/en/cycle","/c/en/samsara","/c/en/saṃsāra"],"weight":0.21678119999999945},"num_concepts_raised":332282},{"base_id":763,"kind":"top_words","i1":4,"i2":9,"sol":{"path":["/c/en/gusle","/c/en/bow","/c/en/dog","/c/en/laelaps"],"weight":0.21308999999999978},"num_concepts_raised":7709},{"base_id":763,"kind":"top_words","i1":5,"i2":6,"sol":{"path":["/c/en/euterpe","/c/en/plant","/c/en/galega"],"weight":0.20800000000000002},"num_concepts_raised":107},{"base_id":763,"kind":"top_words","i1":5,"i2":7,"sol":{"path":["/c/en/euterpe","/c/en/plant","/c/en/raphanus"],"weight":0.20800000000000002},"num_concepts_raised":107},{"base_id":763,"kind":"top_words","i1":5,"i2":8,"sol":{"path":["/c/en/euterpe","/c/en/plant","/c/en/botany","/c/en/cycle","/c/en/samsara","/c/en/saṃsāra"],"weight":0.2229168999999987},"num_concepts_raised":529453},{"base_id":763,"kind":"top_words","i1":5,"i2":9,"sol":{"path":["/c/en/euterpe","/c/en/greek_mythology","/c/en/laelaps"],"weight":0.20800000000000002},"num_concepts_raised":95},{"base_id":763,"kind":"top_words","i1":6,"i2":7,"sol":{"path":["/c/en/galega","/c/en/plant","/c/en/raphanus"],"weight":0.20600000000000002},"num_concepts_raised":69},{"base_id":763,"kind":"top_words","i1":6,"i2":8,"sol":{"path":["/c/en/galega","/c/en/plant","/c/en/botany","/c/en/cycle","/c/en/samsara","/c/en/saṃsāra"],"weight":0.2164429999999985},"num_concepts_raised":374335},{"base_id":763,"kind":"top_words","i1":6,"i2":9,"sol":{"path":["/c/en/galega","/c/en/plant","/c/en/animal","/c/en/dog","/c/en/laelaps"],"weight":0.21283999999999978},"num_concepts_raised":11458},{"base_id":763,"kind":"top_words","i1":7,"i2":8,"sol":{"path":["/c/en/raphanus","/c/en/plant","/c/en/botany","/c/en/cycle","/c/en/samsara","/c/en/saṃsāra"],"weight":0.21662529999999852},"num_concepts_raised":375009},{"base_id":763,"kind":"top_words","i1":7,"i2":9,"sol":{"path":["/c/en/raphanus","/c/en/radish","/c/en/food","/c/en/dog","/c/en/laelaps"],"weight":0.21291999999999983},"num_concepts_raised":11633},{"base_id":763,"kind":"top_words","i1":8,"i2":9,"sol":{"path":["/c/en/saṃsāra","/c/en/samsara","/c/en/religion","/c/en/god","/c/en/dog","/c/en/laelaps"],"weight":0.2152652999999993},"num_concepts_raised":288377}]]