[[{"base_id":204,"kind":"bot_words","i1":0,"i2":1,"sol":{"path":["/c/en/figurehead","/c/en/nautical","/c/en/coaster","/c/en/rollercoaster"],"weight":0.2049399999999999},"num_concepts_raised":33018},{"base_id":204,"kind":"bot_words","i1":0,"i2":2,"sol":{"path":["/c/en/figurehead","/c/en/queen","/c/en/sovereign"],"weight":0.202},"num_concepts_raised":442},{"base_id":204,"kind":"bot_words","i1":0,"i2":3,"sol":{"path":["/c/en/figurehead","/c/en/head","/c/en/hair","/c/en/angora"],"weight":0.20412999999999976},"num_concepts_raised":34626},{"base_id":204,"kind":"bot_words","i1":0,"i2":4,"sol":{"path":["/c/en/figurehead","/c/en/nautical","/c/en/bell","/c/en/vesper"],"weight":0.2050599999999998},"num_concepts_raised":34325},{"base_id":204,"kind":"bot_words","i1":0,"i2":5,"sol":{"path":["/c/en/figurehead","/c/en/person","/c/en/heir","/c/en/heredity"],"weight":0.2106799999999997},"num_concepts_raised":37985},{"base_id":204,"kind":"bot_words","i1":0,"i2":6,"sol":{"path":["/c/en/figurehead","/c/en/front","/c/en/tip","/c/en/tipped"],"weight":0.2038299999999999},"num_concepts_raised":31554},{"base_id":204,"kind":"bot_words","i1":0,"i2":7,"sol":{"path":["/c/en/figurehead","/c/en/figure","/c/en/woman","/c/en/tits"],"weight":0.20582999999999982},"num_concepts_raised":68626},{"base_id":204,"kind":"bot_words","i1":0,"i2":8,"sol":{"path":["/c/en/figurehead","/c/en/person","/c/en/soul","/c/en/noemi"],"weight":0.2093899999999996},"num_concepts_raised":32245},{"base_id":204,"kind":"bot_words","i1":0,"i2":9,"sol":{"path":["/c/en/figurehead","/c/en/person","/c/en/introduce","/c/en/acquaint"],"weight":0.20592999999999972},"num_concepts_raised":42570},{"base_id":204,"kind":"bot_words","i1":1,"i2":2,"sol":{"path":["/c/en/rollercoaster","/c/en/switchback","/c/en/uk","/c/en/sovereign"],"weight":0.20956999999999915},"num_concepts_raised":54661},{"base_id":204,"kind":"bot_words","i1":1,"i2":3,"sol":{"path":["/c/en/rollercoaster","/c/en/roller_coaster","/c/en/fair","/c/en/hair","/c/en/angora"],"weight":0.20575999999999992},"num_concepts_raised":6639},{"base_id":204,"kind":"bot_words","i1":1,"i2":4,"sol":{"path":["/c/en/rollercoaster","/c/en/big_dipper","/c/en/big","/c/en/bell","/c/en/vesper"],"weight":0.20591999999999994},"num_concepts_raised":6283},{"base_id":204,"kind":"bot_words","i1":1,"i2":5,"sol":{"path":["/c/en/rollercoaster","/c/en/rollback","/c/en/state","/c/ga/dúchas","/c/en/heredity"],"weight":0.21243999999999985},"num_concepts_raised":10108},{"base_id":204,"kind":"bot_words","i1":1,"i2":6,"sol":{"path":["/c/en/rollercoaster","/c/en/switchback","/c/en/uk","/c/en/tip","/c/en/tipped"],"weight":0.20479000000000003},"num_concepts_raised":3390},{"base_id":204,"kind":"bot_words","i1":1,"i2":7,"sol":{"path":["/c/en/rollercoaster","/c/en/coaster","/c/en/slang","/c/en/tits"],"weight":0.20481999999999995},"num_concepts_raised":42140},{"base_id":204,"kind":"bot_words","i1":1,"i2":8,"sol":{"path":["/c/en/rollercoaster","/c/en/roller_coaster","/c/en/rita","/c/en/pop_music","/c/en/noemi"],"weight":0.21090999999999974},"num_concepts_raised":4127},{"base_id":204,"kind":"bot_words","i1":1,"i2":9,"sol":{"path":["/c/en/rollercoaster","/c/fr/montagnes_russes","/c/fr/descente","/c/fr/faire","/c/en/acquaint"],"weight":0.20593999999999985},"num_concepts_raised":14783},{"base_id":204,"kind":"bot_words","i1":2,"i2":3,"sol":{"path":["/c/en/sovereign","/c/en/bottle","/c/en/hair","/c/en/angora"],"weight":0.20767999999999903},"num_concepts_raised":56295},{"base_id":204,"kind":"bot_words","i1":2,"i2":4,"sol":{"path":["/c/en/sovereign","/c/en/slang","/c/en/bell","/c/en/vesper"],"weight":0.20865999999999907},"num_concepts_raised":55904},{"base_id":204,"kind":"bot_words","i1":2,"i2":5,"sol":{"path":["/c/en/sovereign","/c/en/state","/c/ga/dúchas","/c/en/heredity"],"weight":0.21686999999999895},"num_concepts_raised":59448},{"base_id":204,"kind":"bot_words","i1":2,"i2":6,"sol":{"path":["/c/en/sovereign","/c/en/crown","/c/en/tip","/c/en/tipped"],"weight":0.20775999999999917},"num_concepts_raised":53250},{"base_id":204,"kind":"bot_words","i1":2,"i2":7,"sol":{"path":["/c/en/sovereign","/c/en/slang","/c/en/tits"],"weight":0.203},"num_concepts_raised":380},{"base_id":204,"kind":"bot_words","i1":2,"i2":8,"sol":{"path":["/c/en/sovereign","/c/en/prince","/c/en/musical_artist","/c/en/noemi"],"weight":0.21335999999999888},"num_concepts_raised":53918},{"base_id":204,"kind":"bot_words","i1":2,"i2":9,"sol":{"path":["/c/en/sovereign","/c/en/slang","/c/fr/faire","/c/en/acquaint"],"weight":0.20842999999999895},"num_concepts_raised":64189},{"base_id":204,"kind":"bot_words","i1":3,"i2":4,"sol":{"path":["/c/en/angora","/c/en/ankara","/c/en/capital","/c/en/bell","/c/en/vesper"],"weight":0.20412999999999987},"num_concepts_raised":8001},{"base_id":204,"kind":"bot_words","i1":3,"i2":5,"sol":{"path":["/c/en/angora","/c/en/hair","/c/en/coat","/c/en/heredity"],"weight":0.20967999999999976},"num_concepts_raised":11771},{"base_id":204,"kind":"bot_words","i1":3,"i2":6,"sol":{"path":["/c/en/angora","/c/en/hair","/c/en/tip","/c/en/tipped"],"weight":0.20301999999999992},"num_concepts_raised":5107},{"base_id":204,"kind":"bot_words","i1":3,"i2":7,"sol":{"path":["/c/en/angora","/c/en/rabbit","/c/en/us","/c/en/tits"],"weight":0.20398999999999984},"num_concepts_raised":43757},{"base_id":204,"kind":"bot_words","i1":3,"i2":8,"sol":{"path":["/c/en/angora","/c/en/rabbit","/c/en/velvet","/c/en/pop_music","/c/en/noemi"],"weight":0.20848999999999962},"num_concepts_raised":5834},{"base_id":204,"kind":"bot_words","i1":3,"i2":9,"sol":{"path":["/c/en/angora","/c/en/hair","/c/en/tip","/c/en/inform","/c/en/acquaint"],"weight":0.20513999999999974},"num_concepts_raised":16503},{"base_id":204,"kind":"bot_words","i1":4,"i2":5,"sol":{"path":["/c/en/vesper","/c/en/service","/c/fr/office","/c/fr/hérédité","/c/en/heredity"],"weight":0.21161999999999978},"num_concepts_raised":11439},{"base_id":204,"kind":"bot_words","i1":4,"i2":6,"sol":{"path":["/c/en/vesper","/c/en/bell","/c/en/ring","/c/en/tip","/c/en/tipped"],"weight":0.20389},"num_concepts_raised":4745},{"base_id":204,"kind":"bot_words","i1":4,"i2":7,"sol":{"path":["/c/en/vesper","/c/en/bell","/c/en/slang","/c/en/tits"],"weight":0.20495999999999992},"num_concepts_raised":43412},{"base_id":204,"kind":"bot_words","i1":4,"i2":8,"sol":{"path":["/c/en/vesper","/c/en/vespers","/c/fr/religion","/c/fr/noémie","/c/en/noemi"],"weight":0.2113999999999997},"num_concepts_raised":5482},{"base_id":204,"kind":"bot_words","i1":4,"i2":9,"sol":{"path":["/c/en/vesper","/c/en/bell","/c/fr/avertir","/c/fr/informer","/c/en/acquaint"],"weight":0.2067999999999998},"num_concepts_raised":16123},{"base_id":204,"kind":"bot_words","i1":5,"i2":6,"sol":{"path":["/c/en/heredity","/c/en/inheritance","/c/en/fee","/c/en/tip","/c/en/tipped"],"weight":0.20993999999999988},"num_concepts_raised":8591},{"base_id":204,"kind":"bot_words","i1":5,"i2":7,"sol":{"path":["/c/en/heredity","/c/en/inherit","/c/en/legal","/c/en/tits"],"weight":0.20956999999999978},"num_concepts_raised":46969},{"base_id":204,"kind":"bot_words","i1":5,"i2":8,"sol":{"path":["/c/en/heredity","/c/en/heir","/c/en/person","/c/en/soul","/c/en/noemi"],"weight":0.21499999999999958},"num_concepts_raised":9310},{"base_id":204,"kind":"bot_words","i1":5,"i2":9,"sol":{"path":["/c/en/heredity","/c/en/transmit","/c/en/communicate","/c/en/acquaint"],"weight":0.21028999999999967},"num_concepts_raised":19892},{"base_id":204,"kind":"bot_words","i1":6,"i2":7,"sol":{"path":["/c/en/tipped","/c/en/tip","/c/en/slang","/c/en/tits"],"weight":0.20389999999999997},"num_concepts_raised":40696},{"base_id":204,"kind":"bot_words","i1":6,"i2":8,"sol":{"path":["/c/en/tipped","/c/en/tip","/c/en/music","/c/en/pop_music","/c/en/noemi"],"weight":0.20823999999999976},"num_concepts_raised":2578},{"base_id":204,"kind":"bot_words","i1":6,"i2":9,"sol":{"path":["/c/en/tipped","/c/en/tip","/c/en/inform","/c/en/acquaint"],"weight":0.20489999999999986},"num_concepts_raised":13261},{"base_id":204,"kind":"bot_words","i1":7,"i2":8,"sol":{"path":["/c/en/tits","/c/en/slang","/c/en/pop","/c/en/pop_music","/c/en/noemi"],"weight":0.20935999999999969},"num_concepts_raised":41379},{"base_id":204,"kind":"bot_words","i1":7,"i2":9,"sol":{"path":["/c/en/tits","/c/en/slang","/c/fr/faire","/c/en/acquaint"],"weight":0.2046899999999998},"num_concepts_raised":51729},{"base_id":204,"kind":"bot_words","i1":8,"i2":9,"sol":{"path":["/c/en/noemi","/c/fr/noémie","/c/fr/religion","/c/fr/faire","/c/en/acquaint"],"weight":0.21109999999999957},"num_concepts_raised":13993}],[{"base_id":204,"kind":"top_words","i1":0,"i2":1,"sol":{"path":["/c/en/drubbing","/c/en/thrashing","/c/en/slang","/c/en/squeaker"],"weight":0.20295999999999986},"num_concepts_raised":41252},{"base_id":204,"kind":"top_words","i1":0,"i2":2,"sol":{"path":["/c/en/drubbing","/c/en/thrashing"],"weight":0.202},"num_concepts_raised":123},{"base_id":204,"kind":"top_words","i1":0,"i2":3,"sol":{"path":["/c/en/drubbing","/c/en/beating","/c/en/war","/c/en/town","/c/en/valkeakoski"],"weight":0.20792999999999984},"num_concepts_raised":6052},{"base_id":204,"kind":"top_words","i1":0,"i2":4,"sol":{"path":["/c/en/drubbing","/c/en/defeat","/c/en/rout"],"weight":0.203},"num_concepts_raised":203},{"base_id":204,"kind":"top_words","i1":0,"i2":5,"sol":{"path":["/c/en/drubbing","/c/en/drub","/c/en/shellac","/c/en/insect","/c/en/silverfish"],"weight":0.21271},"num_concepts_raised":5911},{"base_id":204,"kind":"top_words","i1":0,"i2":6,"sol":{"path":["/c/en/drubbing","/c/en/drub","/c/de/treffen","/c/en/meeting","/c/en/conventicle"],"weight":0.20390999999999987},"num_concepts_raised":6626},{"base_id":204,"kind":"top_words","i1":0,"i2":7,"sol":{"path":["/c/en/drubbing","/c/en/defeat","/c/en/whitewash"],"weight":0.202},"num_concepts_raised":209},{"base_id":204,"kind":"top_words","i1":0,"i2":8,"sol":{"path":["/c/en/drubbing","/c/en/fibbing","/c/en/head","/c/en/roundhead"],"weight":0.20495999999999992},"num_concepts_raised":30197},{"base_id":204,"kind":"top_words","i1":0,"i2":9,"sol":{"path":["/c/en/drubbing","/c/en/fibbing","/c/en/lie","/c/en/prevaricate"],"weight":0.20436999999999989},"num_concepts_raised":24143},{"base_id":204,"kind":"top_words","i1":1,"i2":2,"sol":{"path":["/c/en/squeaker","/c/en/slang","/c/en/thrashing"],"weight":0.202},"num_concepts_raised":141},{"base_id":204,"kind":"top_words","i1":1,"i2":3,"sol":{"path":["/c/en/squeaker","/c/en/game","/c/en/lake","/c/en/finland","/c/en/valkeakoski"],"weight":0.20994999999999975},"num_concepts_raised":40600},{"base_id":204,"kind":"top_words","i1":1,"i2":4,"sol":{"path":["/c/en/squeaker","/c/en/party_puffer","/c/en/blow","/c/en/rout"],"weight":0.20674999999999935},"num_concepts_raised":74962},{"base_id":204,"kind":"top_words","i1":1,"i2":5,"sol":{"path":["/c/en/squeaker","/c/en/chat","/c/en/insect","/c/en/silverfish"],"weight":0.2116699999999999},"num_concepts_raised":40439},{"base_id":204,"kind":"top_words","i1":1,"i2":6,"sol":{"path":["/c/en/squeaker","/c/en/party","/c/en/meeting","/c/en/conventicle"],"weight":0.20291999999999977},"num_concepts_raised":41130},{"base_id":204,"kind":"top_words","i1":1,"i2":7,"sol":{"path":["/c/en/squeaker","/c/en/slang","/c/en/whitewash"],"weight":0.202},"num_concepts_raised":220},{"base_id":204,"kind":"top_words","i1":1,"i2":8,"sol":{"path":["/c/en/squeaker","/c/en/slang","/c/en/head","/c/en/roundhead"],"weight":0.20514999999999983},"num_concepts_raised":63267},{"base_id":204,"kind":"top_words","i1":1,"i2":9,"sol":{"path":["/c/en/squeaker","/c/en/informer","/c/en/prevaricate"],"weight":0.202},"num_concepts_raised":93},{"base_id":204,"kind":"top_words","i1":2,"i2":3,"sol":{"path":["/c/en/thrashing","/c/en/computing","/c/sv/hårdskiva","/c/en/finland","/c/en/valkeakoski"],"weight":0.21096999999999966},"num_concepts_raised":35392},{"base_id":204,"kind":"top_words","i1":2,"i2":4,"sol":{"path":["/c/en/thrashing","/c/en/defeat","/c/en/rout"],"weight":0.203},"num_concepts_raised":284},{"base_id":204,"kind":"top_words","i1":2,"i2":5,"sol":{"path":["/c/en/thrashing","/c/en/slang","/c/en/shiner","/c/en/silverfish"],"weight":0.2105999999999998},"num_concepts_raised":35265},{"base_id":204,"kind":"top_words","i1":2,"i2":6,"sol":{"path":["/c/en/thrashing","/c/en/event","/c/en/convention","/c/en/conventicle"],"weight":0.20401999999999967},"num_concepts_raised":35860},{"base_id":204,"kind":"top_words","i1":2,"i2":7,"sol":{"path":["/c/en/thrashing","/c/en/defeat","/c/en/whitewash"],"weight":0.202},"num_concepts_raised":291},{"base_id":204,"kind":"top_words","i1":2,"i2":8,"sol":{"path":["/c/en/thrashing","/c/en/slang","/c/en/head","/c/en/roundhead"],"weight":0.2061099999999997},"num_concepts_raised":58342},{"base_id":204,"kind":"top_words","i1":2,"i2":9,"sol":{"path":["/c/en/thrashing","/c/en/action","/c/en/lie","/c/en/prevaricate"],"weight":0.2055399999999997},"num_concepts_raised":52065},{"base_id":204,"kind":"top_words","i1":3,"i2":4,"sol":{"path":["/c/en/valkeakoski","/c/en/town","/c/en/legal","/c/en/rout"],"weight":0.20969999999999933},"num_concepts_raised":41687},{"base_id":204,"kind":"top_words","i1":3,"i2":5,"sol":{"path":["/c/en/valkeakoski","/c/en/town","/c/en/orange","/c/en/goldfish","/c/en/silverfish"],"weight":0.2146199999999999},"num_concepts_raised":5164},{"base_id":204,"kind":"top_words","i1":3,"i2":6,"sol":{"path":["/c/en/valkeakoski","/c/en/town","/c/en/house","/c/en/meetinghouse","/c/en/conventicle"],"weight":0.20891999999999977},"num_concepts_raised":5859},{"base_id":204,"kind":"top_words","i1":3,"i2":7,"sol":{"path":["/c/en/valkeakoski","/c/en/town","/c/en/fence","/c/en/whitewash"],"weight":0.2102199999999994},"num_concepts_raised":56579},{"base_id":204,"kind":"top_words","i1":3,"i2":8,"sol":{"path":["/c/en/valkeakoski","/c/en/town","/c/en/historical","/c/en/roundhead"],"weight":0.20791999999999983},"num_concepts_raised":29428},{"base_id":204,"kind":"top_words","i1":3,"i2":9,"sol":{"path":["/c/en/valkeakoski","/c/en/town","/c/en/legal","/c/en/prevaricate"],"weight":0.20841999999999977},"num_concepts_raised":23446},{"base_id":204,"kind":"top_words","i1":4,"i2":5,"sol":{"path":["/c/en/rout","/c/en/group","/c/en/insect","/c/en/silverfish"],"weight":0.21358999999999947},"num_concepts_raised":41579},{"base_id":204,"kind":"top_words","i1":4,"i2":6,"sol":{"path":["/c/en/rout","/c/en/assemble","/c/en/meetinghouse","/c/en/conventicle"],"weight":0.20569999999999936},"num_concepts_raised":42115},{"base_id":204,"kind":"top_words","i1":4,"i2":7,"sol":{"path":["/c/en/rout","/c/en/defeat","/c/en/whitewash"],"weight":0.203},"num_concepts_raised":367},{"base_id":204,"kind":"top_words","i1":4,"i2":8,"sol":{"path":["/c/en/rout","/c/en/stroke","/c/en/head","/c/en/roundhead"],"weight":0.2069299999999994},"num_concepts_raised":64527},{"base_id":204,"kind":"top_words","i1":4,"i2":9,"sol":{"path":["/c/en/rout","/c/en/legal","/c/en/prevaricate"],"weight":0.202},"num_concepts_raised":239},{"base_id":204,"kind":"top_words","i1":5,"i2":6,"sol":{"path":["/c/en/silverfish","/c/en/insect","/c/syc/ܛܝܪܐ","/c/en/convent","/c/en/conventicle"],"weight":0.2117699999999999},"num_concepts_raised":5742},{"base_id":204,"kind":"top_words","i1":5,"i2":7,"sol":{"path":["/c/en/silverfish","/c/en/shiner","/c/en/slang","/c/en/whitewash"],"weight":0.21196999999999955},"num_concepts_raised":56472},{"base_id":204,"kind":"top_words","i1":5,"i2":8,"sol":{"path":["/c/en/silverfish","/c/en/bristletail","/c/en/tail","/c/en/head","/c/en/roundhead"],"weight":0.21407999999999994},"num_concepts_raised":29349},{"base_id":204,"kind":"top_words","i1":5,"i2":9,"sol":{"path":["/c/en/silverfish","/c/en/insect","/c/en/be","/c/en/lie","/c/en/prevaricate"],"weight":0.21327999999999994},"num_concepts_raised":23364},{"base_id":204,"kind":"top_words","i1":6,"i2":7,"sol":{"path":["/c/en/conventicle","/c/en/meeting","/c/en/us","/c/en/whitewash"],"weight":0.20521999999999943},"num_concepts_raised":57101},{"base_id":204,"kind":"top_words","i1":6,"i2":8,"sol":{"path":["/c/en/conventicle","/c/fi/konventikkeli","/c/en/historical","/c/en/roundhead"],"weight":0.20391999999999982},"num_concepts_raised":29913},{"base_id":204,"kind":"top_words","i1":6,"i2":9,"sol":{"path":["/c/en/conventicle","/c/en/autem_cackle_tub","/c/en/uk","/c/en/prevaricate"],"weight":0.20333999999999983},"num_concepts_raised":23978},{"base_id":204,"kind":"top_words","i1":7,"i2":8,"sol":{"path":["/c/en/whitewash","/c/en/white","/c/en/person","/c/en/roundhead"],"weight":0.20871999999999946},"num_concepts_raised":78620},{"base_id":204,"kind":"top_words","i1":7,"i2":9,"sol":{"path":["/c/en/whitewash","/c/en/fence","/c/en/prevaricate"],"weight":0.202},"num_concepts_raised":244},{"base_id":204,"kind":"top_words","i1":8,"i2":9,"sol":{"path":["/c/en/roundhead","/c/en/head","/c/en/lie","/c/en/prevaricate"],"weight":0.20659999999999984},"num_concepts_raised":46742}]]