[[{"base_id":205,"kind":"bot_words","i1":0,"i2":1,"sol":{"path":["/c/en/courtyard","/c/en/yard","/c/fi/alue","/c/en/russia","/c/en/kemerovo"],"weight":0.20919999999999966},"num_concepts_raised":19841},{"base_id":205,"kind":"bot_words","i1":0,"i2":2,"sol":{"path":["/c/en/courtyard","/c/en/yard","/c/en/bee","/c/en/beeline"],"weight":0.2091799999999997},"num_concepts_raised":31693},{"base_id":205,"kind":"bot_words","i1":0,"i2":3,"sol":{"path":["/c/en/courtyard","/c/en/court","/c/en/brief","/c/en/transient"],"weight":0.21205999999999936},"num_concepts_raised":51006},{"base_id":205,"kind":"bot_words","i1":0,"i2":4,"sol":{"path":["/c/en/courtyard","/c/en/building","/c/en/heat","/c/en/evaporator"],"weight":0.20610999999999974},"num_concepts_raised":22748},{"base_id":205,"kind":"bot_words","i1":0,"i2":5,"sol":{"path":["/c/en/courtyard","/c/en/unnatural_thing","/c/en/hypnosis","/c/en/hypnotic"],"weight":0.21539999999999931},"num_concepts_raised":26064},{"base_id":205,"kind":"bot_words","i1":0,"i2":6,"sol":{"path":["/c/en/courtyard","/c/en/sit","/c/en/see","/c/en/prophesy"],"weight":0.20771999999999957},"num_concepts_raised":31912},{"base_id":205,"kind":"bot_words","i1":0,"i2":7,"sol":{"path":["/c/en/courtyard","/c/en/villa","/c/en/wick"],"weight":0.202},"num_concepts_raised":497},{"base_id":205,"kind":"bot_words","i1":0,"i2":8,"sol":{"path":["/c/en/courtyard","/c/en/yard","/c/en/fence","/c/en/finial"],"weight":0.20921999999999974},"num_concepts_raised":22476},{"base_id":205,"kind":"bot_words","i1":0,"i2":9,"sol":{"path":["/c/en/courtyard","/c/en/court","/c/es/corte","/c/en/embarrassment","/c/en/bashfulness"],"weight":0.20918999999999968},"num_concepts_raised":19452},{"base_id":205,"kind":"bot_words","i1":1,"i2":2,"sol":{"path":["/c/en/kemerovo","/c/en/russia","/c/en/historical","/c/en/beeline"],"weight":0.2028499999999998},"num_concepts_raised":14480},{"base_id":205,"kind":"bot_words","i1":1,"i2":3,"sol":{"path":["/c/en/kemerovo","/c/en/russia","/c/en/perm","/c/en/permanent","/c/en/transient"],"weight":0.20680999999999947},"num_concepts_raised":34031},{"base_id":205,"kind":"bot_words","i1":1,"i2":4,"sol":{"path":["/c/en/kemerovo","/c/en/russia","/c/en/perm","/c/en/heat","/c/en/evaporator"],"weight":0.20290999999999984},"num_concepts_raised":5109},{"base_id":205,"kind":"bot_words","i1":1,"i2":5,"sol":{"path":["/c/en/kemerovo","/c/en/russia","/c/en/archangel","/c/en/power","/c/en/hypnotic"],"weight":0.2101099999999994},"num_concepts_raised":8527},{"base_id":205,"kind":"bot_words","i1":1,"i2":6,"sol":{"path":["/c/en/kemerovo","/c/en/russia","/c/en/historical","/c/en/prophesying","/c/en/prophesy"],"weight":0.20463999999999966},"num_concepts_raised":14395},{"base_id":205,"kind":"bot_words","i1":1,"i2":7,"sol":{"path":["/c/en/kemerovo","/c/en/russia","/c/en/country","/c/en/village","/c/en/wick"],"weight":0.20837999999999943},"num_concepts_raised":177357},{"base_id":205,"kind":"bot_words","i1":1,"i2":8,"sol":{"path":["/c/en/kemerovo","/c/en/russia","/c/en/historical","/c/en/post","/c/en/finial"],"weight":0.20288999999999985},"num_concepts_raised":5102},{"base_id":205,"kind":"bot_words","i1":1,"i2":9,"sol":{"path":["/c/en/kemerovo","/c/en/russia","/c/en/pale","/c/en/blush","/c/ar/حياء","/c/en/bashfulness"],"weight":0.20738989999999968},"num_concepts_raised":99780},{"base_id":205,"kind":"bot_words","i1":2,"i2":3,"sol":{"path":["/c/en/beeline","/c/en/historical","/c/en/brief","/c/en/transient"],"weight":0.20573999999999948},"num_concepts_raised":45908},{"base_id":205,"kind":"bot_words","i1":2,"i2":4,"sol":{"path":["/c/en/beeline","/c/en/fuse","/c/en/heat","/c/en/evaporator"],"weight":0.20285999999999987},"num_concepts_raised":17462},{"base_id":205,"kind":"bot_words","i1":2,"i2":5,"sol":{"path":["/c/en/beeline","/c/en/trip","/c/en/drug","/c/en/soporific","/c/en/hypnotic"],"weight":0.21296999999999944},"num_concepts_raised":20832},{"base_id":205,"kind":"bot_words","i1":2,"i2":6,"sol":{"path":["/c/en/beeline","/c/en/direct","/c/en/predict","/c/en/prophesy"],"weight":0.20636999999999966},"num_concepts_raised":26640},{"base_id":205,"kind":"bot_words","i1":2,"i2":7,"sol":{"path":["/c/en/beeline","/c/en/quick","/c/en/wick"],"weight":0.203},"num_concepts_raised":313},{"base_id":205,"kind":"bot_words","i1":2,"i2":8,"sol":{"path":["/c/en/beeline","/c/en/historical","/c/en/post","/c/en/finial"],"weight":0.20281999999999983},"num_concepts_raised":17410},{"base_id":205,"kind":"bot_words","i1":2,"i2":9,"sol":{"path":["/c/en/beeline","/c/en/historical","/c/en/thing","/c/ar/حياء","/c/en/bashfulness"],"weight":0.2037899999999998},"num_concepts_raised":14123},{"base_id":205,"kind":"bot_words","i1":3,"i2":4,"sol":{"path":["/c/en/transient","/c/en/time","/c/en/heat","/c/en/evaporator"],"weight":0.20576999999999954},"num_concepts_raised":36732},{"base_id":205,"kind":"bot_words","i1":3,"i2":5,"sol":{"path":["/c/en/transient","/c/la/transeo","/c/en/trance","/c/en/hypnotic"],"weight":0.2150099999999991},"num_concepts_raised":39968},{"base_id":205,"kind":"bot_words","i1":3,"i2":6,"sol":{"path":["/c/en/transient","/c/en/time","/c/en/see","/c/en/prophesy"],"weight":0.20752999999999933},"num_concepts_raised":46074},{"base_id":205,"kind":"bot_words","i1":3,"i2":7,"sol":{"path":["/c/en/transient","/c/en/temporary","/c/en/wike","/c/en/wick"],"weight":0.21123999999999912},"num_concepts_raised":207270},{"base_id":205,"kind":"bot_words","i1":3,"i2":8,"sol":{"path":["/c/en/transient","/c/en/attack","/c/en/fence","/c/en/finial"],"weight":0.20562999999999954},"num_concepts_raised":36859},{"base_id":205,"kind":"bot_words","i1":3,"i2":9,"sol":{"path":["/c/en/transient","/c/en/physics","/c/en/poise","/c/en/embarrassment","/c/en/bashfulness"],"weight":0.20673999999999948},"num_concepts_raised":33635},{"base_id":205,"kind":"bot_words","i1":4,"i2":5,"sol":{"path":["/c/en/evaporator","/c/en/heat","/c/en/power","/c/en/hypnotic"],"weight":0.2100899999999995},"num_concepts_raised":11471},{"base_id":205,"kind":"bot_words","i1":4,"i2":6,"sol":{"path":["/c/en/evaporator","/c/en/evaporate","/c/en/event","/c/en/predict","/c/en/prophesy"],"weight":0.20841999999999972},"num_concepts_raised":17399},{"base_id":205,"kind":"bot_words","i1":4,"i2":7,"sol":{"path":["/c/en/evaporator","/c/en/heat","/c/en/candle","/c/en/wick"],"weight":0.2096899999999995},"num_concepts_raised":179909},{"base_id":205,"kind":"bot_words","i1":4,"i2":8,"sol":{"path":["/c/en/evaporator","/c/en/rotary_evaporator","/c/en/biochemistry","/c/en/decoration","/c/en/finial"],"weight":0.2038299999999999},"num_concepts_raised":8099},{"base_id":205,"kind":"bot_words","i1":4,"i2":9,"sol":{"path":["/c/en/evaporator","/c/en/evaporate","/c/en/liquid","/c/syc/ܟܘܙܐ","/c/en/bashfulness"],"weight":0.20486999999999983},"num_concepts_raised":4718},{"base_id":205,"kind":"bot_words","i1":5,"i2":6,"sol":{"path":["/c/en/hypnotic","/c/en/power","/c/en/predict","/c/en/prophesy"],"weight":0.21361999999999928},"num_concepts_raised":20730},{"base_id":205,"kind":"bot_words","i1":5,"i2":7,"sol":{"path":["/c/en/hypnotic","/c/en/trance","/c/en/traverse","/c/en/wick"],"weight":0.21635999999999905},"num_concepts_raised":183122},{"base_id":205,"kind":"bot_words","i1":5,"i2":8,"sol":{"path":["/c/en/hypnotic","/c/en/power","/c/en/post","/c/en/finial"],"weight":0.21006999999999948},"num_concepts_raised":11502},{"base_id":205,"kind":"bot_words","i1":5,"i2":9,"sol":{"path":["/c/en/hypnotic","/c/en/quality","/c/en/thing","/c/ar/حياء","/c/en/bashfulness"],"weight":0.21101999999999943},"num_concepts_raised":8131},{"base_id":205,"kind":"bot_words","i1":6,"i2":7,"sol":{"path":["/c/en/prophesy","/c/en/speak","/c/en/slang","/c/en/wick"],"weight":0.2090599999999993},"num_concepts_raised":189065},{"base_id":205,"kind":"bot_words","i1":6,"i2":8,"sol":{"path":["/c/en/prophesy","/c/en/write","/c/en/post","/c/en/finial"],"weight":0.2046299999999997},"num_concepts_raised":17363},{"base_id":205,"kind":"bot_words","i1":6,"i2":9,"sol":{"path":["/c/en/prophesy","/c/en/forecast","/c/en/rain","/c/ar/حياء","/c/en/bashfulness"],"weight":0.20587999999999965},"num_concepts_raised":14002},{"base_id":205,"kind":"bot_words","i1":7,"i2":8,"sol":{"path":["/c/en/wick","/c/en/candle","/c/en/decoration","/c/en/finial"],"weight":0.20948999999999945},"num_concepts_raised":179839},{"base_id":205,"kind":"bot_words","i1":7,"i2":9,"sol":{"path":["/c/en/wick","/c/en/capillary_action","/c/en/liquid","/c/syc/ܟܘܙܐ","/c/en/bashfulness"],"weight":0.20913999999999944},"num_concepts_raised":176960},{"base_id":205,"kind":"bot_words","i1":8,"i2":9,"sol":{"path":["/c/en/finial","/c/en/crop","/c/en/produce","/c/ar/حياء","/c/en/bashfulness"],"weight":0.20377999999999982},"num_concepts_raised":4716}],[{"base_id":205,"kind":"top_words","i1":0,"i2":1,"sol":{"path":["/c/en/lectionary","/c/en/worship","/c/en/temple","/c/en/peristyle"],"weight":0.20799999999999993},"num_concepts_raised":3895},{"base_id":205,"kind":"top_words","i1":0,"i2":2,"sol":{"path":["/c/en/lectionary","/c/en/christian","/c/en/fail","/c/en/wrong","/c/en/amiss"],"weight":0.2097999999999997},"num_concepts_raised":4748},{"base_id":205,"kind":"top_words","i1":0,"i2":3,"sol":{"path":["/c/en/lectionary","/c/en/lector","/c/en/lay","/c/en/rise","/c/en/liftoff"],"weight":0.2098699999999999},"num_concepts_raised":7287},{"base_id":205,"kind":"top_words","i1":0,"i2":4,"sol":{"path":["/c/en/lectionary","/c/en/lector","/c/en/person","/c/en/rearm"],"weight":0.2099399999999999},"num_concepts_raised":21785},{"base_id":205,"kind":"top_words","i1":0,"i2":5,"sol":{"path":["/c/en/lectionary","/c/en/lector","/c/en/church","/c/el/πολίτησ","/c/en/polites"],"weight":0.21479999999999982},"num_concepts_raised":2137},{"base_id":205,"kind":"top_words","i1":0,"i2":6,"sol":{"path":["/c/en/lectionary","/c/en/lector","/c/en/us","/c/en/depression","/c/en/selective_serotonin_reuptake_inhibitor","/c/en/ssri"],"weight":0.21412839999999977},"num_concepts_raised":145301},{"base_id":205,"kind":"top_words","i1":0,"i2":7,"sol":{"path":["/c/en/lectionary","/c/en/christian","/c/en/christianity","/c/en/patriarchate"],"weight":0.20808999999999994},"num_concepts_raised":4724},{"base_id":205,"kind":"top_words","i1":0,"i2":8,"sol":{"path":["/c/en/lectionary","/c/en/worship","/c/en/circle","/c/en/bubble","/c/en/foamy"],"weight":0.20829999999999987},"num_concepts_raised":4218},{"base_id":205,"kind":"top_words","i1":0,"i2":9,"sol":{"path":["/c/en/lectionary","/c/en/lector","/c/en/us","/c/en/torpedo","/c/en/detonator"],"weight":0.2182099999999998},"num_concepts_raised":14869},{"base_id":205,"kind":"top_words","i1":1,"i2":2,"sol":{"path":["/c/en/peristyle","/c/en/column","/c/en/place","/c/en/wrong","/c/en/amiss"],"weight":0.20494999999999974},"num_concepts_raised":5605},{"base_id":205,"kind":"top_words","i1":1,"i2":3,"sol":{"path":["/c/en/peristyle","/c/fr/péristyle","/c/en/architecture","/c/en/jump","/c/en/liftoff"],"weight":0.20508999999999988},"num_concepts_raised":8117},{"base_id":205,"kind":"top_words","i1":1,"i2":4,"sol":{"path":["/c/en/peristyle","/c/en/column","/c/en/army","/c/en/rearm"],"weight":0.20303999999999991},"num_concepts_raised":22598},{"base_id":205,"kind":"top_words","i1":1,"i2":5,"sol":{"path":["/c/en/peristyle","/c/en/temple","/c/en/church","/c/el/πολίτησ","/c/en/polites"],"weight":0.20791999999999988},"num_concepts_raised":3000},{"base_id":205,"kind":"top_words","i1":1,"i2":6,"sol":{"path":["/c/en/peristyle","/c/en/colonnade","/c/en/structure","/c/en/mental","/c/en/selective_serotonin_reuptake_inhibitor","/c/en/ssri"],"weight":0.20986779999999988},"num_concepts_raised":341862},{"base_id":205,"kind":"top_words","i1":1,"i2":7,"sol":{"path":["/c/en/peristyle","/c/en/column","/c/en/head","/c/en/patriarchy","/c/en/patriarchate"],"weight":0.20443999999999996},"num_concepts_raised":5675},{"base_id":205,"kind":"top_words","i1":1,"i2":8,"sol":{"path":["/c/en/peristyle","/c/en/column","/c/en/head","/c/en/foam","/c/en/foamy"],"weight":0.2045299999999999},"num_concepts_raised":5056},{"base_id":205,"kind":"top_words","i1":1,"i2":9,"sol":{"path":["/c/en/peristyle","/c/fr/péristyle","/c/en/architecture","/c/en/cap","/c/en/detonator"],"weight":0.21135999999999983},"num_concepts_raised":15681},{"base_id":205,"kind":"top_words","i1":2,"i2":3,"sol":{"path":["/c/en/amiss","/c/en/fault","/c/en/jump","/c/en/liftoff"],"weight":0.2034699999999997},"num_concepts_raised":8952},{"base_id":205,"kind":"top_words","i1":2,"i2":4,"sol":{"path":["/c/en/amiss","/c/en/wrong","/c/en/right","/c/en/person","/c/en/rearm"],"weight":0.2048999999999997},"num_concepts_raised":23423},{"base_id":205,"kind":"top_words","i1":2,"i2":5,"sol":{"path":["/c/en/amiss","/c/en/wrong","/c/en/proper","/c/en/polite","/c/en/polites"],"weight":0.20965999999999968},"num_concepts_raised":3820},{"base_id":205,"kind":"top_words","i1":2,"i2":6,"sol":{"path":["/c/en/amiss","/c/es/mal","/c/en/illness","/c/en/selective_serotonin_reuptake_inhibitor","/c/en/ssri"],"weight":0.2044299999999997},"num_concepts_raised":3492},{"base_id":205,"kind":"top_words","i1":2,"i2":7,"sol":{"path":["/c/en/amiss","/c/en/wrong","/c/en/authority","/c/en/patriarchy","/c/en/patriarchate"],"weight":0.20617999999999975},"num_concepts_raised":6515},{"base_id":205,"kind":"top_words","i1":2,"i2":8,"sol":{"path":["/c/en/amiss","/c/en/wrong","/c/en/squirrel","/c/en/foamy"],"weight":0.20513999999999968},"num_concepts_raised":5891},{"base_id":205,"kind":"top_words","i1":2,"i2":9,"sol":{"path":["/c/en/amiss","/c/en/wrong","/c/en/damage","/c/pt/detonador","/c/en/detonator"],"weight":0.21497999999999962},"num_concepts_raised":16508},{"base_id":205,"kind":"top_words","i1":3,"i2":4,"sol":{"path":["/c/en/liftoff","/c/en/jump","/c/en/body","/c/en/rearm"],"weight":0.20290999999999987},"num_concepts_raised":25886},{"base_id":205,"kind":"top_words","i1":3,"i2":5,"sol":{"path":["/c/en/liftoff","/c/en/launch","/c/en/smooth","/c/en/polite","/c/en/polites"],"weight":0.20768999999999982},"num_concepts_raised":6361},{"base_id":205,"kind":"top_words","i1":3,"i2":6,"sol":{"path":["/c/en/liftoff","/c/en/lift_off","/c/en/lift","/c/en/uptake","/c/en/selective_serotonin_reuptake_inhibitor","/c/en/ssri"],"weight":0.2096349999999998},"num_concepts_raised":524990},{"base_id":205,"kind":"top_words","i1":3,"i2":7,"sol":{"path":["/c/en/liftoff","/c/en/rocket","/c/en/head","/c/en/patriarchy","/c/en/patriarchate"],"weight":0.2042799999999999},"num_concepts_raised":9044},{"base_id":205,"kind":"top_words","i1":3,"i2":8,"sol":{"path":["/c/en/liftoff","/c/en/rise","/c/en/bubble","/c/en/foamy"],"weight":0.20328999999999986},"num_concepts_raised":8405},{"base_id":205,"kind":"top_words","i1":3,"i2":9,"sol":{"path":["/c/en/liftoff","/c/en/jump","/c/en/bomb","/c/en/detonator"],"weight":0.2091399999999998},"num_concepts_raised":18868},{"base_id":205,"kind":"top_words","i1":4,"i2":5,"sol":{"path":["/c/en/rearm","/c/en/person","/c/en/polish","/c/en/polite","/c/en/polites"],"weight":0.20782999999999985},"num_concepts_raised":20902},{"base_id":205,"kind":"top_words","i1":4,"i2":6,"sol":{"path":["/c/en/rearm","/c/en/body","/c/en/drug","/c/en/selective_serotonin_reuptake_inhibitor","/c/en/ssri"],"weight":0.20400999999999986},"num_concepts_raised":20590},{"base_id":205,"kind":"top_words","i1":4,"i2":7,"sol":{"path":["/c/en/rearm","/c/en/body","/c/en/head","/c/en/patriarchy","/c/en/patriarchate"],"weight":0.20436999999999994},"num_concepts_raised":23521},{"base_id":205,"kind":"top_words","i1":4,"i2":8,"sol":{"path":["/c/en/rearm","/c/en/body","/c/en/head","/c/en/foam","/c/en/foamy"],"weight":0.20445999999999986},"num_concepts_raised":22888},{"base_id":205,"kind":"top_words","i1":4,"i2":9,"sol":{"path":["/c/en/rearm","/c/en/arm","/c/en/gun","/c/en/detonator"],"weight":0.2091999999999998},"num_concepts_raised":33148},{"base_id":205,"kind":"top_words","i1":5,"i2":6,"sol":{"path":["/c/en/polites","/c/en/polite","/c/zh/費神","/c/en/mental","/c/en/selective_serotonin_reuptake_inhibitor","/c/en/ssri"],"weight":0.21171399999999968},"num_concepts_raised":40356},{"base_id":205,"kind":"top_words","i1":5,"i2":7,"sol":{"path":["/c/en/polites","/c/el/πολίτησ","/c/en/church","/c/en/christianity","/c/en/patriarchate"],"weight":0.2079299999999999},"num_concepts_raised":3904},{"base_id":205,"kind":"top_words","i1":5,"i2":8,"sol":{"path":["/c/en/polites","/c/el/πολίτησ","/c/en/city","/c/en/squirrel","/c/en/foamy"],"weight":0.20812999999999982},"num_concepts_raised":3287},{"base_id":205,"kind":"top_words","i1":5,"i2":9,"sol":{"path":["/c/en/polites","/c/en/polite","/c/en/ask","/c/en/uk","/c/en/detonator"],"weight":0.21390999999999977},"num_concepts_raised":13959},{"base_id":205,"kind":"top_words","i1":6,"i2":7,"sol":{"path":["/c/en/ssri","/c/en/selective_serotonin_reuptake_inhibitor","/c/en/drug","/c/en/head","/c/en/patriarchy","/c/en/patriarchate"],"weight":0.21057639999999986},"num_concepts_raised":148810},{"base_id":205,"kind":"top_words","i1":6,"i2":8,"sol":{"path":["/c/en/ssri","/c/en/selective_serotonin_reuptake_inhibitor","/c/en/drug","/c/en/head","/c/en/foam","/c/en/foamy"],"weight":0.21079699999999973},"num_concepts_raised":258370},{"base_id":205,"kind":"top_words","i1":6,"i2":9,"sol":{"path":["/c/en/ssri","/c/en/selective_serotonin_reuptake_inhibitor","/c/en/mental","/c/en/uk","/c/en/detonator"],"weight":0.2100299999999998},"num_concepts_raised":13632},{"base_id":205,"kind":"top_words","i1":7,"i2":8,"sol":{"path":["/c/en/patriarchate","/c/en/patriarchy","/c/en/head","/c/en/foam","/c/en/foamy"],"weight":0.20576999999999993},"num_concepts_raised":5984},{"base_id":205,"kind":"top_words","i1":7,"i2":9,"sol":{"path":["/c/en/patriarchate","/c/en/patriarchy","/c/en/head","/c/en/cap","/c/en/detonator"],"weight":0.21053999999999984},"num_concepts_raised":16636},{"base_id":205,"kind":"top_words","i1":8,"i2":9,"sol":{"path":["/c/en/foamy","/c/en/white_horse","/c/en/slang","/c/en/torpedo","/c/en/detonator"],"weight":0.21162999999999976},"num_concepts_raised":15942}]]