[[{"base_id":546,"kind":"bot_words","i1":0,"i2":1,"sol":{"path":["/c/en/intercultural","/c/en/culture","/c/en/computing","/c/en/unbalanced","/c/en/dizzy"],"weight":0.20577999999999955},"num_concepts_raised":8430},{"base_id":546,"kind":"bot_words","i1":0,"i2":2,"sol":{"path":["/c/en/intercultural","/c/en/culture","/c/en/computing","/c/en/flood","/c/en/flooding"],"weight":0.2048399999999997},"num_concepts_raised":8136},{"base_id":546,"kind":"bot_words","i1":0,"i2":3,"sol":{"path":["/c/en/intercultural","/c/en/culture","/c/en/name","/c/en/asclepius","/c/en/aratus"],"weight":0.20830999999999977},"num_concepts_raised":18123},{"base_id":546,"kind":"bot_words","i1":0,"i2":4,"sol":{"path":["/c/en/intercultural","/c/en/culture","/c/en/literature","/c/en/hyperbole","/c/en/overstatement"],"weight":0.20392999999999997},"num_concepts_raised":2731},{"base_id":546,"kind":"bot_words","i1":0,"i2":5,"sol":{"path":["/c/en/intercultural","/c/en/culture","/c/en/belief","/c/en/opinion"],"weight":0.21774999999999767},"num_concepts_raised":88097},{"base_id":546,"kind":"bot_words","i1":0,"i2":6,"sol":{"path":["/c/en/intercultural","/c/en/culture","/c/en/wheel","/c/en/rollerblade"],"weight":0.20856999999999995},"num_concepts_raised":6446},{"base_id":546,"kind":"bot_words","i1":0,"i2":7,"sol":{"path":["/c/en/intercultural","/c/en/culture","/c/en/body","/c/en/woman","/c/en/womyn"],"weight":0.20397},"num_concepts_raised":7658},{"base_id":546,"kind":"bot_words","i1":0,"i2":8,"sol":{"path":["/c/en/intercultural","/c/en/culture","/c/en/art","/c/en/heraldry","/c/en/engrailed"],"weight":0.20802999999999994},"num_concepts_raised":11776},{"base_id":546,"kind":"bot_words","i1":0,"i2":9,"sol":{"path":["/c/en/intercultural","/c/en/culture","/c/en/medium","/c/en/caloric","/c/en/calorie"],"weight":0.21244999999999986},"num_concepts_raised":36377},{"base_id":546,"kind":"bot_words","i1":1,"i2":2,"sol":{"path":["/c/en/dizzy","/c/en/drizzle","/c/en/rain","/c/en/flooding"],"weight":0.20547999999999927},"num_concepts_raised":13601},{"base_id":546,"kind":"bot_words","i1":1,"i2":3,"sol":{"path":["/c/en/dizzy","/c/en/change","/c/en/person","/c/en/aratus"],"weight":0.21010999999999935},"num_concepts_raised":23691},{"base_id":546,"kind":"bot_words","i1":1,"i2":4,"sol":{"path":["/c/en/dizzy","/c/en/change","/c/en/increase","/c/en/exaggeration","/c/en/overstatement"],"weight":0.20598999999999956},"num_concepts_raised":8373},{"base_id":546,"kind":"bot_words","i1":1,"i2":5,"sol":{"path":["/c/en/dizzy","/c/en/change","/c/en/think","/c/en/opinion"],"weight":0.21982999999999725},"num_concepts_raised":93060},{"base_id":546,"kind":"bot_words","i1":1,"i2":6,"sol":{"path":["/c/en/dizzy","/c/en/whirl","/c/en/wheel","/c/en/rollerblade"],"weight":0.2105999999999995},"num_concepts_raised":12044},{"base_id":546,"kind":"bot_words","i1":1,"i2":7,"sol":{"path":["/c/en/dizzy","/c/en/totty","/c/en/women","/c/en/womyn"],"weight":0.2058599999999996},"num_concepts_raised":13292},{"base_id":546,"kind":"bot_words","i1":1,"i2":8,"sol":{"path":["/c/en/dizzy","/c/en/light_headed","/c/en/light","/c/en/moon","/c/en/engrailed"],"weight":0.2110399999999995},"num_concepts_raised":17348},{"base_id":546,"kind":"bot_words","i1":1,"i2":9,"sol":{"path":["/c/en/dizzy","/c/en/sensation","/c/en/heat","/c/en/calorie"],"weight":0.21245999999999943},"num_concepts_raised":41758},{"base_id":546,"kind":"bot_words","i1":2,"i2":3,"sol":{"path":["/c/en/flooding","/c/en/flood","/c/en/person","/c/en/aratus"],"weight":0.2101599999999995},"num_concepts_raised":23417},{"base_id":546,"kind":"bot_words","i1":2,"i2":4,"sol":{"path":["/c/en/flooding","/c/en/flood","/c/en/computing","/c/en/statement","/c/en/overstatement"],"weight":0.2048799999999997},"num_concepts_raised":8060},{"base_id":546,"kind":"bot_words","i1":2,"i2":5,"sol":{"path":["/c/en/flooding","/c/en/flood","/c/en/person","/c/en/opinion"],"weight":0.2182399999999974},"num_concepts_raised":92968},{"base_id":546,"kind":"bot_words","i1":2,"i2":6,"sol":{"path":["/c/en/flooding","/c/en/rain","/c/en/boot","/c/en/roller_skate","/c/en/rollerblade"],"weight":0.21336999999999967},"num_concepts_raised":11721},{"base_id":546,"kind":"bot_words","i1":2,"i2":7,"sol":{"path":["/c/en/flooding","/c/en/flood","/c/en/person","/c/en/woman","/c/en/womyn"],"weight":0.20604999999999973},"num_concepts_raised":12987},{"base_id":546,"kind":"bot_words","i1":2,"i2":8,"sol":{"path":["/c/en/flooding","/c/en/rain","/c/en/point","/c/en/engrailed"],"weight":0.20858999999999966},"num_concepts_raised":17019},{"base_id":546,"kind":"bot_words","i1":2,"i2":9,"sol":{"path":["/c/en/flooding","/c/en/flood","/c/en/water","/c/en/calorie"],"weight":0.21250999999999962},"num_concepts_raised":41337},{"base_id":546,"kind":"bot_words","i1":3,"i2":4,"sol":{"path":["/c/en/aratus","/c/en/person","/c/en/misrepresentation","/c/en/exaggeration","/c/en/overstatement"],"weight":0.20934999999999976},"num_concepts_raised":18103},{"base_id":546,"kind":"bot_words","i1":3,"i2":5,"sol":{"path":["/c/en/aratus","/c/en/person","/c/en/opinion"],"weight":0.20400000000000001},"num_concepts_raised":1045},{"base_id":546,"kind":"bot_words","i1":3,"i2":6,"sol":{"path":["/c/en/aratus","/c/en/person","/c/en/company","/c/en/rollerblade"],"weight":0.21384999999999976},"num_concepts_raised":21693},{"base_id":546,"kind":"bot_words","i1":3,"i2":7,"sol":{"path":["/c/en/aratus","/c/en/person","/c/en/woman","/c/en/womyn"],"weight":0.20937999999999984},"num_concepts_raised":22579},{"base_id":546,"kind":"bot_words","i1":3,"i2":8,"sol":{"path":["/c/en/aratus","/c/en/epione","/c/en/insect","/c/en/engrailed"],"weight":0.21344999999999975},"num_concepts_raised":26929},{"base_id":546,"kind":"bot_words","i1":3,"i2":9,"sol":{"path":["/c/en/aratus","/c/en/person","/c/en/energy","/c/en/calorie"],"weight":0.21587999999999968},"num_concepts_raised":51430},{"base_id":546,"kind":"bot_words","i1":4,"i2":5,"sol":{"path":["/c/en/overstatement","/c/en/statement","/c/en/opinion"],"weight":0.203},"num_concepts_raised":1011},{"base_id":546,"kind":"bot_words","i1":4,"i2":6,"sol":{"path":["/c/en/overstatement","/c/en/statement","/c/en/computing","/c/en/blade","/c/en/rollerblade"],"weight":0.21069999999999994},"num_concepts_raised":6396},{"base_id":546,"kind":"bot_words","i1":4,"i2":7,"sol":{"path":["/c/en/overstatement","/c/zh/大話","/c/en/big","/c/en/woman","/c/en/womyn"],"weight":0.20395000000000002},"num_concepts_raised":7615},{"base_id":546,"kind":"bot_words","i1":4,"i2":8,"sol":{"path":["/c/en/overstatement","/c/en/hyperbolism","/c/en/point","/c/en/engrailed"],"weight":0.2079499999999999},"num_concepts_raised":11721},{"base_id":546,"kind":"bot_words","i1":4,"i2":9,"sol":{"path":["/c/en/overstatement","/c/en/auxesis","/c/en/chemistry","/c/en/calorie"],"weight":0.21032999999999985},"num_concepts_raised":36308},{"base_id":546,"kind":"bot_words","i1":5,"i2":6,"sol":{"path":["/c/en/opinion","/c/en/point","/c/en/blade","/c/en/rollerblade"],"weight":0.22494999999999765},"num_concepts_raised":91343},{"base_id":546,"kind":"bot_words","i1":5,"i2":7,"sol":{"path":["/c/en/opinion","/c/en/person","/c/en/woman","/c/en/womyn"],"weight":0.21747999999999773},"num_concepts_raised":92398},{"base_id":546,"kind":"bot_words","i1":5,"i2":8,"sol":{"path":["/c/en/opinion","/c/en/point","/c/en/engrailed"],"weight":0.20500000000000002},"num_concepts_raised":1018},{"base_id":546,"kind":"bot_words","i1":5,"i2":9,"sol":{"path":["/c/en/opinion","/c/en/point","/c/en/unit","/c/en/calorie"],"weight":0.2246099999999976},"num_concepts_raised":119856},{"base_id":546,"kind":"bot_words","i1":6,"i2":7,"sol":{"path":["/c/en/rollerblade","/c/en/blade","/c/en/male","/c/en/woman","/c/en/womyn"],"weight":0.21181999999999998},"num_concepts_raised":11284},{"base_id":546,"kind":"bot_words","i1":6,"i2":8,"sol":{"path":["/c/en/rollerblade","/c/en/blade","/c/en/edge","/c/en/engrailed"],"weight":0.2158699999999999},"num_concepts_raised":15272},{"base_id":546,"kind":"bot_words","i1":6,"i2":9,"sol":{"path":["/c/en/rollerblade","/c/en/company","/c/en/unit","/c/en/calorie"],"weight":0.21598999999999985},"num_concepts_raised":39885},{"base_id":546,"kind":"bot_words","i1":7,"i2":8,"sol":{"path":["/c/en/womyn","/c/en/man","/c/en/moon","/c/en/engrailed"],"weight":0.20800999999999997},"num_concepts_raised":16612},{"base_id":546,"kind":"bot_words","i1":7,"i2":9,"sol":{"path":["/c/en/womyn","/c/en/woman","/c/zh/好人","/c/zh/卡","/c/en/calorie"],"weight":0.21345999999999993},"num_concepts_raised":41176},{"base_id":546,"kind":"bot_words","i1":8,"i2":9,"sol":{"path":["/c/en/engrailed","/c/en/point","/c/en/unit","/c/en/calorie"],"weight":0.21537999999999985},"num_concepts_raised":45050}],[{"base_id":546,"kind":"top_words","i1":0,"i2":1,"sol":{"path":["/c/en/anggun","/c/en/musical_artist","/c/en/pitbull"],"weight":0.20600000000000002},"num_concepts_raised":142},{"base_id":546,"kind":"top_words","i1":0,"i2":2,"sol":{"path":["/c/en/anggun","/c/en/musical_artist","/c/en/ben","/c/en/ireland","/c/en/jedward"],"weight":0.21360999999999944},"num_concepts_raised":9888},{"base_id":546,"kind":"top_words","i1":0,"i2":3,"sol":{"path":["/c/en/anggun","/c/en/musical_artist","/c/en/melody","/c/en/music","/c/en/rapper"],"weight":0.20920999999999956},"num_concepts_raised":11984},{"base_id":546,"kind":"top_words","i1":0,"i2":4,"sol":{"path":["/c/en/anggun","/c/en/musical_artist","/c/en/diplo"],"weight":0.20600000000000002},"num_concepts_raised":122},{"base_id":546,"kind":"top_words","i1":0,"i2":5,"sol":{"path":["/c/en/anggun","/c/en/musical_artist","/c/en/buckethead"],"weight":0.20600000000000002},"num_concepts_raised":124},{"base_id":546,"kind":"top_words","i1":0,"i2":6,"sol":{"path":["/c/en/anggun","/c/en/musical_artist","/c/en/anastacia"],"weight":0.20600000000000002},"num_concepts_raised":164},{"base_id":546,"kind":"top_words","i1":0,"i2":7,"sol":{"path":["/c/en/anggun","/c/en/musical_artist","/c/en/robert","/c/en/unhappy","/c/en/wretch"],"weight":0.21047999999999928},"num_concepts_raised":6843},{"base_id":546,"kind":"top_words","i1":0,"i2":8,"sol":{"path":["/c/en/anggun","/c/en/musical_artist","/c/en/juno","/c/en/mandopop"],"weight":0.21389999999999967},"num_concepts_raised":3424},{"base_id":546,"kind":"top_words","i1":0,"i2":9,"sol":{"path":["/c/en/anggun","/c/en/musical_artist","/c/en/momo","/c/en/momos","/c/en/momus"],"weight":0.21344999999999953},"num_concepts_raised":717},{"base_id":546,"kind":"top_words","i1":1,"i2":2,"sol":{"path":["/c/en/pitbull","/c/en/person","/c/en/irish","/c/en/jedward"],"weight":0.2132999999999996},"num_concepts_raised":23954},{"base_id":546,"kind":"top_words","i1":1,"i2":3,"sol":{"path":["/c/en/pitbull","/c/en/dog","/c/en/rap","/c/en/rapper"],"weight":0.20894999999999972},"num_concepts_raised":26135},{"base_id":546,"kind":"top_words","i1":1,"i2":4,"sol":{"path":["/c/en/pitbull","/c/en/musical_artist","/c/en/diplo"],"weight":0.20600000000000002},"num_concepts_raised":87},{"base_id":546,"kind":"top_words","i1":1,"i2":5,"sol":{"path":["/c/en/pitbull","/c/en/musical_artist","/c/en/buckethead"],"weight":0.20600000000000002},"num_concepts_raised":89},{"base_id":546,"kind":"top_words","i1":1,"i2":6,"sol":{"path":["/c/en/pitbull","/c/en/musical_artist","/c/en/anastacia"],"weight":0.20600000000000002},"num_concepts_raised":129},{"base_id":546,"kind":"top_words","i1":1,"i2":7,"sol":{"path":["/c/en/pitbull","/c/en/person","/c/en/miserable","/c/en/wretch"],"weight":0.21145999999999943},"num_concepts_raised":20931},{"base_id":546,"kind":"top_words","i1":1,"i2":8,"sol":{"path":["/c/en/pitbull","/c/en/musical_artist","/c/en/juno","/c/en/mandopop"],"weight":0.21359999999999982},"num_concepts_raised":17710},{"base_id":546,"kind":"top_words","i1":1,"i2":9,"sol":{"path":["/c/en/pitbull","/c/en/musical_artist","/c/en/momo","/c/en/momos","/c/en/momus"],"weight":0.21314999999999967},"num_concepts_raised":15077},{"base_id":546,"kind":"top_words","i1":2,"i2":3,"sol":{"path":["/c/en/jedward","/c/en/band","/c/en/music","/c/en/rapper"],"weight":0.2089399999999997},"num_concepts_raised":20292},{"base_id":546,"kind":"top_words","i1":2,"i2":4,"sol":{"path":["/c/en/jedward","/c/en/sing","/c/en/double","/c/en/diplo"],"weight":0.21309999999999968},"num_concepts_raised":10801},{"base_id":546,"kind":"top_words","i1":2,"i2":5,"sol":{"path":["/c/en/jedward","/c/en/band","/c/en/music","/c/en/funk_metal","/c/en/buckethead"],"weight":0.21308999999999967},"num_concepts_raised":9967},{"base_id":546,"kind":"top_words","i1":2,"i2":6,"sol":{"path":["/c/en/jedward","/c/en/pop_music","/c/en/anastacia"],"weight":0.20600000000000002},"num_concepts_raised":125},{"base_id":546,"kind":"top_words","i1":2,"i2":7,"sol":{"path":["/c/en/jedward","/c/en/band","/c/en/boy","/c/en/wretch"],"weight":0.20999999999999944},"num_concepts_raised":15490},{"base_id":546,"kind":"top_words","i1":2,"i2":8,"sol":{"path":["/c/en/jedward","/c/en/pop_music","/c/en/k_pop","/c/en/mandopop"],"weight":0.2157799999999998},"num_concepts_raised":12099},{"base_id":546,"kind":"top_words","i1":2,"i2":9,"sol":{"path":["/c/en/jedward","/c/en/uk","/c/en/book","/c/en/momo","/c/en/momos","/c/en/momus"],"weight":0.21555789999999875},"num_concepts_raised":606992},{"base_id":546,"kind":"top_words","i1":3,"i2":4,"sol":{"path":["/c/en/rapper","/c/en/music","/c/en/double","/c/en/diplo"],"weight":0.2087799999999998},"num_concepts_raised":12894},{"base_id":546,"kind":"top_words","i1":3,"i2":5,"sol":{"path":["/c/en/rapper","/c/en/music","/c/en/funk_metal","/c/en/buckethead"],"weight":0.20867999999999975},"num_concepts_raised":12090},{"base_id":546,"kind":"top_words","i1":3,"i2":6,"sol":{"path":["/c/en/rapper","/c/en/music","/c/en/contemporary_r_b","/c/en/anastacia"],"weight":0.20917999999999964},"num_concepts_raised":12861},{"base_id":546,"kind":"top_words","i1":3,"i2":7,"sol":{"path":["/c/en/rapper","/c/en/music","/c/en/mean","/c/en/wretched","/c/en/wretch"],"weight":0.20811999999999953},"num_concepts_raised":17528},{"base_id":546,"kind":"top_words","i1":3,"i2":8,"sol":{"path":["/c/en/rapper","/c/en/rap_music","/c/en/music_genre","/c/en/mandopop"],"weight":0.2122099999999999},"num_concepts_raised":13981},{"base_id":546,"kind":"top_words","i1":3,"i2":9,"sol":{"path":["/c/en/rapper","/c/fr/rappeur","/c/fr/personne","/c/fr/dieu","/c/fr/momos","/c/en/momus"],"weight":0.21347309999999964},"num_concepts_raised":570804},{"base_id":546,"kind":"top_words","i1":4,"i2":5,"sol":{"path":["/c/en/diplo","/c/en/musical_artist","/c/en/buckethead"],"weight":0.20600000000000002},"num_concepts_raised":69},{"base_id":546,"kind":"top_words","i1":4,"i2":6,"sol":{"path":["/c/en/diplo","/c/en/musical_artist","/c/en/anastacia"],"weight":0.20600000000000002},"num_concepts_raised":109},{"base_id":546,"kind":"top_words","i1":4,"i2":7,"sol":{"path":["/c/en/diplo","/c/en/double","/c/en/person","/c/en/miserable","/c/en/wretch"],"weight":0.2113099999999995},"num_concepts_raised":7807},{"base_id":546,"kind":"top_words","i1":4,"i2":8,"sol":{"path":["/c/en/diplo","/c/en/electronic_dance_music","/c/en/music_genre","/c/en/mandopop"],"weight":0.21551999999999988},"num_concepts_raised":4367},{"base_id":546,"kind":"top_words","i1":4,"i2":9,"sol":{"path":["/c/en/diplo","/c/en/musical_artist","/c/en/momo","/c/en/momos","/c/en/momus"],"weight":0.21294999999999975},"num_concepts_raised":1694},{"base_id":546,"kind":"top_words","i1":5,"i2":6,"sol":{"path":["/c/en/buckethead","/c/en/musical_artist","/c/en/anastacia"],"weight":0.20600000000000002},"num_concepts_raised":111},{"base_id":546,"kind":"top_words","i1":5,"i2":7,"sol":{"path":["/c/en/buckethead","/c/en/musical_artist","/c/en/robert","/c/en/unhappy","/c/en/wretch"],"weight":0.20994999999999947},"num_concepts_raised":6953},{"base_id":546,"kind":"top_words","i1":5,"i2":8,"sol":{"path":["/c/en/buckethead","/c/en/funk_metal","/c/en/music_genre","/c/en/mandopop"],"weight":0.21551999999999988},"num_concepts_raised":3527},{"base_id":546,"kind":"top_words","i1":5,"i2":9,"sol":{"path":["/c/en/buckethead","/c/en/musical_artist","/c/en/momo","/c/en/momos","/c/en/momus"],"weight":0.21291999999999972},"num_concepts_raised":830},{"base_id":546,"kind":"top_words","i1":6,"i2":7,"sol":{"path":["/c/en/anastacia","/c/en/contemporary_r_b","/c/en/boy","/c/en/wretch"],"weight":0.21030999999999933},"num_concepts_raised":7831},{"base_id":546,"kind":"top_words","i1":6,"i2":8,"sol":{"path":["/c/en/anastacia","/c/en/pop_music","/c/en/k_pop","/c/en/mandopop"],"weight":0.21608999999999973},"num_concepts_raised":4318},{"base_id":546,"kind":"top_words","i1":6,"i2":9,"sol":{"path":["/c/en/anastacia","/c/en/musical_artist","/c/en/momo","/c/en/momos","/c/en/momus"],"weight":0.2133499999999996},"num_concepts_raised":1715},{"base_id":546,"kind":"top_words","i1":7,"i2":8,"sol":{"path":["/c/en/wretch","/c/en/boy","/c/en/contemporary_r_b","/c/en/music_genre","/c/en/mandopop"],"weight":0.2124799999999996},"num_concepts_raised":9024},{"base_id":546,"kind":"top_words","i1":7,"i2":9,"sol":{"path":["/c/en/wretch","/c/fr/misérable","/c/fi/madonluku","/c/fr/mythologie","/c/fr/momos","/c/en/momus"],"weight":0.21353349999999938},"num_concepts_raised":350289},{"base_id":546,"kind":"top_words","i1":8,"i2":9,"sol":{"path":["/c/en/mandopop","/c/en/j_pop","/c/en/momo","/c/en/momos","/c/en/momus"],"weight":0.21559999999999988},"num_concepts_raised":2928}]]