[[{"base_id":950,"kind":"bot_words","i1":0,"i2":1,"sol":{"path":["/c/en/diuresis","/c/en/medicine","/c/en/rice","/c/en/rise","/c/en/uplifting"],"weight":0.20392999999999986},"num_concepts_raised":16525},{"base_id":950,"kind":"bot_words","i1":0,"i2":2,"sol":{"path":["/c/en/diuresis","/c/en/symptom","/c/en/scar","/c/en/wem"],"weight":0.20398999999999984},"num_concepts_raised":30537},{"base_id":950,"kind":"bot_words","i1":0,"i2":3,"sol":{"path":["/c/en/diuresis","/c/en/medicine","/c/en/md","/c/en/maryland"],"weight":0.21158999999999922},"num_concepts_raised":138989},{"base_id":950,"kind":"bot_words","i1":0,"i2":4,"sol":{"path":["/c/en/diuresis","/c/en/medicine","/c/en/period","/c/en/month","/c/en/june"],"weight":0.22092000000000028},"num_concepts_raised":20741},{"base_id":950,"kind":"bot_words","i1":0,"i2":5,"sol":{"path":["/c/en/diuresis","/c/en/medicine","/c/en/attack","/c/en/jump","/c/en/skydive"],"weight":0.20529999999999993},"num_concepts_raised":17654},{"base_id":950,"kind":"bot_words","i1":0,"i2":6,"sol":{"path":["/c/en/diuresis","/c/en/medicine","/c/en/field","/c/en/barry"],"weight":0.2028299999999998},"num_concepts_raised":135162},{"base_id":950,"kind":"bot_words","i1":0,"i2":7,"sol":{"path":["/c/en/diuresis","/c/en/medicine","/c/fi/luovuttaa","/c/en/concede"],"weight":0.20674999999999927},"num_concepts_raised":41247},{"base_id":950,"kind":"bot_words","i1":0,"i2":8,"sol":{"path":["/c/en/diuresis","/c/en/medicine","/c/en/adenovirus"],"weight":0.202},"num_concepts_raised":57},{"base_id":950,"kind":"bot_words","i1":0,"i2":9,"sol":{"path":["/c/en/diuresis","/c/en/medicine","/c/en/sign","/c/en/crossroad"],"weight":0.2031599999999999},"num_concepts_raised":21130},{"base_id":950,"kind":"bot_words","i1":1,"i2":2,"sol":{"path":["/c/en/uplifting","/c/en/rise","/c/en/uk","/c/en/wem"],"weight":0.20502999999999988},"num_concepts_raised":19726},{"base_id":950,"kind":"bot_words","i1":1,"i2":3,"sol":{"path":["/c/en/uplifting","/c/en/rise","/c/fr/localités","/c/en/maryland"],"weight":0.21285999999999922},"num_concepts_raised":128073},{"base_id":950,"kind":"bot_words","i1":1,"i2":4,"sol":{"path":["/c/en/uplifting","/c/en/rise","/c/en/matariki","/c/en/june"],"weight":0.21962000000000031},"num_concepts_raised":9766},{"base_id":950,"kind":"bot_words","i1":1,"i2":5,"sol":{"path":["/c/en/uplifting","/c/en/rise","/c/en/jump","/c/en/skydive"],"weight":0.20631999999999992},"num_concepts_raised":6619},{"base_id":950,"kind":"bot_words","i1":1,"i2":6,"sol":{"path":["/c/en/uplifting","/c/en/rise","/c/fr/localités","/c/en/barry"],"weight":0.20388999999999982},"num_concepts_raised":124247},{"base_id":950,"kind":"bot_words","i1":1,"i2":7,"sol":{"path":["/c/en/uplifting","/c/en/rise","/c/en/run","/c/en/concede"],"weight":0.20679999999999926},"num_concepts_raised":30321},{"base_id":950,"kind":"bot_words","i1":1,"i2":8,"sol":{"path":["/c/en/uplifting","/c/en/rise","/c/en/rice","/c/en/medicine","/c/en/adenovirus"],"weight":0.20412999999999992},"num_concepts_raised":18251},{"base_id":950,"kind":"bot_words","i1":1,"i2":9,"sol":{"path":["/c/en/uplifting","/c/en/rise","/c/en/travel","/c/en/road","/c/en/crossroad"],"weight":0.2064499999999999},"num_concepts_raised":10233},{"base_id":950,"kind":"bot_words","i1":2,"i2":3,"sol":{"path":["/c/en/wem","/c/en/spot","/c/en/united_states","/c/en/maryland"],"weight":0.2141099999999992},"num_concepts_raised":141914},{"base_id":950,"kind":"bot_words","i1":2,"i2":4,"sol":{"path":["/c/en/wem","/c/en/uk","/c/en/may_week","/c/en/june"],"weight":0.21967000000000028},"num_concepts_raised":23886},{"base_id":950,"kind":"bot_words","i1":2,"i2":5,"sol":{"path":["/c/en/wem","/c/en/fault","/c/en/jump","/c/en/skydive"],"weight":0.2054099999999999},"num_concepts_raised":20821},{"base_id":950,"kind":"bot_words","i1":2,"i2":6,"sol":{"path":["/c/en/wem","/c/en/mark","/c/en/town","/c/en/barry"],"weight":0.2042199999999998},"num_concepts_raised":137988},{"base_id":950,"kind":"bot_words","i1":2,"i2":7,"sol":{"path":["/c/en/wem","/c/en/fault","/c/en/admit","/c/en/concede"],"weight":0.20764999999999925},"num_concepts_raised":43952},{"base_id":950,"kind":"bot_words","i1":2,"i2":8,"sol":{"path":["/c/en/wem","/c/en/bruise","/c/en/medicine","/c/en/adenovirus"],"weight":0.20323999999999992},"num_concepts_raised":32274},{"base_id":950,"kind":"bot_words","i1":2,"i2":9,"sol":{"path":["/c/en/wem","/c/en/uk","/c/en/road","/c/en/crossroad"],"weight":0.20644999999999988},"num_concepts_raised":24000},{"base_id":950,"kind":"bot_words","i1":3,"i2":4,"sol":{"path":["/c/en/maryland","/c/en/state","/c/en/juneteenth","/c/en/june"],"weight":0.22952999999999962},"num_concepts_raised":132209},{"base_id":950,"kind":"bot_words","i1":3,"i2":5,"sol":{"path":["/c/en/maryland","/c/en/aviation","/c/en/parachute","/c/en/skydive"],"weight":0.21192999999999926},"num_concepts_raised":129033},{"base_id":950,"kind":"bot_words","i1":3,"i2":6,"sol":{"path":["/c/en/maryland","/c/fr/autorité_unitaire","/c/en/barry"],"weight":0.20400000000000001},"num_concepts_raised":327},{"base_id":950,"kind":"bot_words","i1":3,"i2":7,"sol":{"path":["/c/en/maryland","/c/en/united_states","/c/en/grant","/c/en/concede"],"weight":0.2184499999999986},"num_concepts_raised":152485},{"base_id":950,"kind":"bot_words","i1":3,"i2":8,"sol":{"path":["/c/en/maryland","/c/en/md","/c/en/medicine","/c/en/adenovirus"],"weight":0.21178999999999928},"num_concepts_raised":140722},{"base_id":950,"kind":"bot_words","i1":3,"i2":9,"sol":{"path":["/c/en/maryland","/c/fr/localités","/c/en/crossway","/c/en/crossroad"],"weight":0.21200999999999925},"num_concepts_raised":132633},{"base_id":950,"kind":"bot_words","i1":4,"i2":5,"sol":{"path":["/c/en/june","/c/en/fiction","/c/en/spacedive","/c/en/skydive"],"weight":0.21865000000000034},"num_concepts_raised":10882},{"base_id":950,"kind":"bot_words","i1":4,"i2":6,"sol":{"path":["/c/en/june","/c/en/month","/c/en/part","/c/en/barry"],"weight":0.22082000000000024},"num_concepts_raised":128376},{"base_id":950,"kind":"bot_words","i1":4,"i2":7,"sol":{"path":["/c/en/june","/c/en/may","/c/en/allow","/c/en/concede"],"weight":0.22446999999999967},"num_concepts_raised":34537},{"base_id":950,"kind":"bot_words","i1":4,"i2":8,"sol":{"path":["/c/en/june","/c/en/month","/c/en/body","/c/en/virus","/c/en/adenovirus"],"weight":0.22211000000000036},"num_concepts_raised":22457},{"base_id":950,"kind":"bot_words","i1":4,"i2":9,"sol":{"path":["/c/en/june","/c/th/มิถุนายน","/c/en/under","/c/en/road","/c/en/crossroad"],"weight":0.22513000000000033},"num_concepts_raised":14425},{"base_id":950,"kind":"bot_words","i1":5,"i2":6,"sol":{"path":["/c/en/skydive","/c/en/jump","/c/en/jumper","/c/en/wales","/c/en/barry"],"weight":0.20533999999999986},"num_concepts_raised":125319},{"base_id":950,"kind":"bot_words","i1":5,"i2":7,"sol":{"path":["/c/en/skydive","/c/en/jump","/c/en/sports","/c/en/concede"],"weight":0.2081599999999993},"num_concepts_raised":31449},{"base_id":950,"kind":"bot_words","i1":5,"i2":8,"sol":{"path":["/c/en/skydive","/c/en/jump","/c/en/computing","/c/en/virus","/c/en/adenovirus"],"weight":0.20651999999999998},"num_concepts_raised":19372},{"base_id":950,"kind":"bot_words","i1":5,"i2":9,"sol":{"path":["/c/en/skydive","/c/en/jump","/c/en/line","/c/en/road","/c/en/crossroad"],"weight":0.20781999999999995},"num_concepts_raised":11338},{"base_id":950,"kind":"bot_words","i1":6,"i2":7,"sol":{"path":["/c/en/barry","/c/en/field","/c/en/yield","/c/en/concede"],"weight":0.20738999999999919},"num_concepts_raised":148623},{"base_id":950,"kind":"bot_words","i1":6,"i2":8,"sol":{"path":["/c/en/barry","/c/en/field","/c/en/medicine","/c/en/adenovirus"],"weight":0.20302999999999988},"num_concepts_raised":136873},{"base_id":950,"kind":"bot_words","i1":6,"i2":9,"sol":{"path":["/c/en/barry","/c/en/town","/c/en/road","/c/en/crossroad"],"weight":0.20532999999999985},"num_concepts_raised":128717},{"base_id":950,"kind":"bot_words","i1":7,"i2":8,"sol":{"path":["/c/en/concede","/c/fi/luovuttaa","/c/en/medicine","/c/en/adenovirus"],"weight":0.20694999999999933},"num_concepts_raised":43017},{"base_id":950,"kind":"bot_words","i1":7,"i2":9,"sol":{"path":["/c/en/concede","/c/en/concession","/c/en/road","/c/en/crossroad"],"weight":0.20836999999999928},"num_concepts_raised":34692},{"base_id":950,"kind":"bot_words","i1":8,"i2":9,"sol":{"path":["/c/en/adenovirus","/c/en/medicine","/c/en/sign","/c/en/crossroad"],"weight":0.20333999999999997},"num_concepts_raised":22895}],[{"base_id":950,"kind":"top_words","i1":0,"i2":1,"sol":{"path":["/c/en/w","/c/en/l"],"weight":0.20400000000000001},"num_concepts_raised":155},{"base_id":950,"kind":"top_words","i1":0,"i2":2,"sol":{"path":["/c/en/w","/c/en/h"],"weight":0.20400000000000001},"num_concepts_raised":174},{"base_id":950,"kind":"top_words","i1":0,"i2":3,"sol":{"path":["/c/en/w","/c/en/t","/c/en/n"],"weight":0.20500000000000002},"num_concepts_raised":233},{"base_id":950,"kind":"top_words","i1":0,"i2":4,"sol":{"path":["/c/en/w","/c/en/e","/c/en/f"],"weight":0.20700000000000002},"num_concepts_raised":233},{"base_id":950,"kind":"top_words","i1":0,"i2":5,"sol":{"path":["/c/en/w","/c/en/alphabet","/c/en/u"],"weight":0.202},"num_concepts_raised":189},{"base_id":950,"kind":"top_words","i1":0,"i2":6,"sol":{"path":["/c/en/w","/c/en/alphabet","/c/en/k"],"weight":0.20400000000000001},"num_concepts_raised":210},{"base_id":950,"kind":"top_words","i1":0,"i2":7,"sol":{"path":["/c/en/w","/c/en/internet","/c/en/bbs","/c/en/bb"],"weight":0.20447999999999975},"num_concepts_raised":46905},{"base_id":950,"kind":"top_words","i1":0,"i2":8,"sol":{"path":["/c/en/w","/c/en/letter","/c/en/paper","/c/en/b1"],"weight":0.2084599999999997},"num_concepts_raised":35238},{"base_id":950,"kind":"top_words","i1":0,"i2":9,"sol":{"path":["/c/en/w","/c/en/alphabet","/c/en/g"],"weight":0.20400000000000001},"num_concepts_raised":261},{"base_id":950,"kind":"top_words","i1":1,"i2":2,"sol":{"path":["/c/en/l","/c/en/letter","/c/en/h"],"weight":0.20500000000000002},"num_concepts_raised":194},{"base_id":950,"kind":"top_words","i1":1,"i2":3,"sol":{"path":["/c/en/l","/c/en/letter","/c/en/n"],"weight":0.20700000000000002},"num_concepts_raised":248},{"base_id":950,"kind":"top_words","i1":1,"i2":4,"sol":{"path":["/c/en/l","/c/en/letter","/c/en/f"],"weight":0.20900000000000002},"num_concepts_raised":250},{"base_id":950,"kind":"top_words","i1":1,"i2":5,"sol":{"path":["/c/en/l","/c/en/letter","/c/en/u"],"weight":0.20500000000000002},"num_concepts_raised":206},{"base_id":950,"kind":"top_words","i1":1,"i2":6,"sol":{"path":["/c/en/l","/c/en/letter","/c/en/k"],"weight":0.20700000000000002},"num_concepts_raised":225},{"base_id":950,"kind":"top_words","i1":1,"i2":7,"sol":{"path":["/c/en/l","/c/en/internet_slang","/c/en/bb"],"weight":0.20400000000000001},"num_concepts_raised":120},{"base_id":950,"kind":"top_words","i1":1,"i2":8,"sol":{"path":["/c/en/l","/c/en/letter","/c/en/paper","/c/en/b1"],"weight":0.2155799999999996},"num_concepts_raised":17842},{"base_id":950,"kind":"top_words","i1":1,"i2":9,"sol":{"path":["/c/en/l","/c/en/letter","/c/en/g"],"weight":0.20700000000000002},"num_concepts_raised":275},{"base_id":950,"kind":"top_words","i1":2,"i2":3,"sol":{"path":["/c/en/h","/c/en/alphabet","/c/en/n"],"weight":0.20400000000000001},"num_concepts_raised":269},{"base_id":950,"kind":"top_words","i1":2,"i2":4,"sol":{"path":["/c/en/h","/c/en/alphabet","/c/en/f"],"weight":0.20600000000000002},"num_concepts_raised":266},{"base_id":950,"kind":"top_words","i1":2,"i2":5,"sol":{"path":["/c/en/h","/c/en/slang","/c/en/u"],"weight":0.203},"num_concepts_raised":221},{"base_id":950,"kind":"top_words","i1":2,"i2":6,"sol":{"path":["/c/en/h","/c/en/alphabet","/c/en/k"],"weight":0.20400000000000001},"num_concepts_raised":243},{"base_id":950,"kind":"top_words","i1":2,"i2":7,"sol":{"path":["/c/en/h","/c/en/slang","/c/en/shot","/c/en/bb"],"weight":0.20479999999999962},"num_concepts_raised":69780},{"base_id":950,"kind":"top_words","i1":2,"i2":8,"sol":{"path":["/c/en/h","/c/en/slang","/c/en/paper","/c/en/b1"],"weight":0.2097499999999996},"num_concepts_raised":58503},{"base_id":950,"kind":"top_words","i1":2,"i2":9,"sol":{"path":["/c/en/h","/c/en/slang","/c/en/g"],"weight":0.20500000000000002},"num_concepts_raised":294},{"base_id":950,"kind":"top_words","i1":3,"i2":4,"sol":{"path":["/c/en/n","/c/en/f"],"weight":0.20800000000000002},"num_concepts_raised":322},{"base_id":950,"kind":"top_words","i1":3,"i2":5,"sol":{"path":["/c/en/n","/c/en/y","/c/en/u"],"weight":0.20500000000000002},"num_concepts_raised":280},{"base_id":950,"kind":"top_words","i1":3,"i2":6,"sol":{"path":["/c/en/n","/c/en/alphabet","/c/en/k"],"weight":0.20600000000000002},"num_concepts_raised":300},{"base_id":950,"kind":"top_words","i1":3,"i2":7,"sol":{"path":["/c/en/n","/c/en/iso","/c/en/computing","/c/en/bb"],"weight":0.20970999999999956},"num_concepts_raised":56861},{"base_id":950,"kind":"top_words","i1":3,"i2":8,"sol":{"path":["/c/en/n","/c/en/letter","/c/en/paper","/c/en/b1"],"weight":0.21478999999999954},"num_concepts_raised":44648},{"base_id":950,"kind":"top_words","i1":3,"i2":9,"sol":{"path":["/c/en/n","/c/en/alphabet","/c/en/g"],"weight":0.20600000000000002},"num_concepts_raised":351},{"base_id":950,"kind":"top_words","i1":4,"i2":5,"sol":{"path":["/c/en/f","/c/en/alphabet","/c/en/u"],"weight":0.20600000000000002},"num_concepts_raised":280},{"base_id":950,"kind":"top_words","i1":4,"i2":6,"sol":{"path":["/c/en/f","/c/en/alphabet","/c/en/k"],"weight":0.20800000000000002},"num_concepts_raised":299},{"base_id":950,"kind":"top_words","i1":4,"i2":7,"sol":{"path":["/c/en/f","/c/en/c","/c/en/internet_slang","/c/en/bb"],"weight":0.21399999999999955},"num_concepts_raised":49203},{"base_id":950,"kind":"top_words","i1":4,"i2":8,"sol":{"path":["/c/en/f","/c/en/folio","/c/en/paper","/c/en/b1"],"weight":0.22084999999999952},"num_concepts_raised":37125},{"base_id":950,"kind":"top_words","i1":4,"i2":9,"sol":{"path":["/c/en/f","/c/en/alphabet","/c/en/g"],"weight":0.20800000000000002},"num_concepts_raised":348},{"base_id":950,"kind":"top_words","i1":5,"i2":6,"sol":{"path":["/c/en/u","/c/en/alphabet","/c/en/k"],"weight":0.20400000000000001},"num_concepts_raised":256},{"base_id":950,"kind":"top_words","i1":5,"i2":7,"sol":{"path":["/c/en/u","/c/en/usd","/c/en/computing","/c/en/bb"],"weight":0.20525999999999972},"num_concepts_raised":64408},{"base_id":950,"kind":"top_words","i1":5,"i2":8,"sol":{"path":["/c/en/u","/c/en/letter","/c/en/paper","/c/en/b1"],"weight":0.2092499999999997},"num_concepts_raised":52946},{"base_id":950,"kind":"top_words","i1":5,"i2":9,"sol":{"path":["/c/en/u","/c/en/us","/c/en/g"],"weight":0.20500000000000002},"num_concepts_raised":305},{"base_id":950,"kind":"top_words","i1":6,"i2":7,"sol":{"path":["/c/en/k","/c/en/computing","/c/en/bb"],"weight":0.20400000000000001},"num_concepts_raised":171},{"base_id":950,"kind":"top_words","i1":6,"i2":8,"sol":{"path":["/c/en/k","/c/en/letter","/c/en/paper","/c/en/b1"],"weight":0.2140799999999994},"num_concepts_raised":32776},{"base_id":950,"kind":"top_words","i1":6,"i2":9,"sol":{"path":["/c/en/k","/c/en/alphabet","/c/en/g"],"weight":0.20600000000000002},"num_concepts_raised":324},{"base_id":950,"kind":"top_words","i1":7,"i2":8,"sol":{"path":["/c/en/bb","/c/en/bbcode","/c/en/post","/c/en/paper","/c/en/b1"],"weight":0.20882999999999985},"num_concepts_raised":15965},{"base_id":950,"kind":"top_words","i1":7,"i2":9,"sol":{"path":["/c/en/bb","/c/en/electronics","/c/en/g"],"weight":0.20400000000000001},"num_concepts_raised":222},{"base_id":950,"kind":"top_words","i1":8,"i2":9,"sol":{"path":["/c/en/b1","/c/en/paper","/c/en/slang","/c/en/g"],"weight":0.21485999999999938},"num_concepts_raised":76691}]]