[[{"base_id":92,"kind":"bot_words","i1":0,"i2":1,"sol":{"path":["/c/en/gaunt","/c/en/thin","/c/en/plant","/c/en/grown"],"weight":0.20498999999999937},"num_concepts_raised":55691},{"base_id":92,"kind":"bot_words","i1":0,"i2":2,"sol":{"path":["/c/en/gaunt","/c/en/thin","/c/en/cotton","/c/en/ticking"],"weight":0.20430999999999966},"num_concepts_raised":20301},{"base_id":92,"kind":"bot_words","i1":0,"i2":3,"sol":{"path":["/c/en/gaunt","/c/en/desolate","/c/en/waste","/c/en/dilapidation"],"weight":0.2041499999999996},"num_concepts_raised":18841},{"base_id":92,"kind":"bot_words","i1":0,"i2":4,"sol":{"path":["/c/en/gaunt","/c/en/haggard","/c/en/dialect","/c/en/sahidic"],"weight":0.20562999999999887},"num_concepts_raised":9605},{"base_id":92,"kind":"bot_words","i1":0,"i2":5,"sol":{"path":["/c/en/gaunt","/c/en/thin","/c/en/plant","/c/en/bromelia"],"weight":0.20885999999999968},"num_concepts_raised":13009},{"base_id":92,"kind":"bot_words","i1":0,"i2":6,"sol":{"path":["/c/en/gaunt","/c/fr/anguleux","/c/fr/difficile","/c/en/arduous"],"weight":0.20560999999999957},"num_concepts_raised":11583},{"base_id":92,"kind":"bot_words","i1":0,"i2":7,"sol":{"path":["/c/en/gaunt","/c/de/abkommen","/c/fr/traité","/c/en/treatise","/c/en/disquisition"],"weight":0.20485999999999976},"num_concepts_raised":7308},{"base_id":92,"kind":"bot_words","i1":0,"i2":8,"sol":{"path":["/c/en/gaunt","/c/en/lean","/c/en/slang","/c/en/iffy"],"weight":0.20385999999999968},"num_concepts_raised":22998},{"base_id":92,"kind":"bot_words","i1":0,"i2":9,"sol":{"path":["/c/en/gaunt","/c/en/thin","/c/en/line","/c/en/term","/c/en/midterm"],"weight":0.20604999999999968},"num_concepts_raised":10022},{"base_id":92,"kind":"bot_words","i1":1,"i2":2,"sol":{"path":["/c/en/grown","/c/en/cotton","/c/en/ticking"],"weight":0.202},"num_concepts_raised":162},{"base_id":92,"kind":"bot_words","i1":1,"i2":3,"sol":{"path":["/c/en/grown","/c/en/produce","/c/en/ruin","/c/en/dilapidation"],"weight":0.20452999999999943},"num_concepts_raised":62761},{"base_id":92,"kind":"bot_words","i1":1,"i2":4,"sol":{"path":["/c/en/grown","/c/en/plant","/c/en/dialect","/c/en/sahidic"],"weight":0.2060099999999987},"num_concepts_raised":54072},{"base_id":92,"kind":"bot_words","i1":1,"i2":5,"sol":{"path":["/c/en/grown","/c/en/plant","/c/en/bromelia"],"weight":0.20400000000000001},"num_concepts_raised":141},{"base_id":92,"kind":"bot_words","i1":1,"i2":6,"sol":{"path":["/c/en/grown","/c/en/plant","/c/en/energy","/c/en/arduous"],"weight":0.2057299999999994},"num_concepts_raised":56258},{"base_id":92,"kind":"bot_words","i1":1,"i2":7,"sol":{"path":["/c/en/grown","/c/en/produce","/c/en/discourse","/c/en/disquisition"],"weight":0.2039499999999996},"num_concepts_raised":52243},{"base_id":92,"kind":"bot_words","i1":1,"i2":8,"sol":{"path":["/c/en/grown","/c/en/plant","/c/en/slang","/c/en/iffy"],"weight":0.20425999999999953},"num_concepts_raised":65873},{"base_id":92,"kind":"bot_words","i1":1,"i2":9,"sol":{"path":["/c/en/grown","/c/en/plant","/c/en/term","/c/en/midterm"],"weight":0.20624999999999954},"num_concepts_raised":54625},{"base_id":92,"kind":"bot_words","i1":2,"i2":3,"sol":{"path":["/c/en/ticking","/c/en/tick","/c/en/british","/c/en/dilapidation"],"weight":0.20709999999999976},"num_concepts_raised":28076},{"base_id":92,"kind":"bot_words","i1":2,"i2":4,"sol":{"path":["/c/en/ticking","/c/en/time","/c/cop/ⲁϫⲡ","/c/en/sahidic"],"weight":0.205419999999999},"num_concepts_raised":18932},{"base_id":92,"kind":"bot_words","i1":2,"i2":5,"sol":{"path":["/c/en/ticking","/c/en/cotton","/c/en/plant","/c/en/bromelia"],"weight":0.20838999999999985},"num_concepts_raised":22361},{"base_id":92,"kind":"bot_words","i1":2,"i2":6,"sol":{"path":["/c/en/ticking","/c/en/time","/c/en/energy","/c/en/arduous"],"weight":0.2051899999999997},"num_concepts_raised":20862},{"base_id":92,"kind":"bot_words","i1":2,"i2":7,"sol":{"path":["/c/en/ticking","/c/en/cover","/c/en/discourse","/c/en/disquisition"],"weight":0.20352999999999993},"num_concepts_raised":16685},{"base_id":92,"kind":"bot_words","i1":2,"i2":8,"sol":{"path":["/c/en/ticking","/c/en/tick","/c/en/slang","/c/en/iffy"],"weight":0.20672999999999986},"num_concepts_raised":32114},{"base_id":92,"kind":"bot_words","i1":2,"i2":9,"sol":{"path":["/c/en/ticking","/c/en/time","/c/en/term","/c/en/midterm"],"weight":0.20569999999999983},"num_concepts_raised":19190},{"base_id":92,"kind":"bot_words","i1":3,"i2":4,"sol":{"path":["/c/en/dilapidation","/c/en/decay","/c/en/bog","/c/en/dialect","/c/en/sahidic"],"weight":0.20662999999999893},"num_concepts_raised":17501},{"base_id":92,"kind":"bot_words","i1":3,"i2":5,"sol":{"path":["/c/en/dilapidation","/c/en/decay","/c/en/down","/c/en/plant","/c/en/bromelia"],"weight":0.20967999999999976},"num_concepts_raised":20963},{"base_id":92,"kind":"bot_words","i1":3,"i2":6,"sol":{"path":["/c/en/dilapidation","/c/en/british","/c/en/beast","/c/en/arduous"],"weight":0.20509999999999967},"num_concepts_raised":19523},{"base_id":92,"kind":"bot_words","i1":3,"i2":7,"sol":{"path":["/c/en/dilapidation","/c/en/dilapidate","/c/la/dis","/c/pt/dissertação","/c/en/disquisition"],"weight":0.20570999999999987},"num_concepts_raised":15270},{"base_id":92,"kind":"bot_words","i1":3,"i2":8,"sol":{"path":["/c/en/dilapidation","/c/en/waste","/c/en/slang","/c/en/iffy"],"weight":0.20357999999999976},"num_concepts_raised":30314},{"base_id":92,"kind":"bot_words","i1":3,"i2":9,"sol":{"path":["/c/en/dilapidation","/c/en/legal","/c/en/term","/c/en/midterm"],"weight":0.20556999999999975},"num_concepts_raised":17893},{"base_id":92,"kind":"bot_words","i1":4,"i2":5,"sol":{"path":["/c/en/sahidic","/c/en/dialect","/c/en/plant","/c/en/bromelia"],"weight":0.20987999999999904},"num_concepts_raised":11671},{"base_id":92,"kind":"bot_words","i1":4,"i2":6,"sol":{"path":["/c/en/sahidic","/c/en/dialect","/c/en/cow","/c/en/difficult","/c/en/arduous"],"weight":0.20830999999999894},"num_concepts_raised":10270},{"base_id":92,"kind":"bot_words","i1":4,"i2":7,"sol":{"path":["/c/en/sahidic","/c/en/dialect","/c/syc/ܡܡܠܠܐ","/c/en/treatise","/c/en/disquisition"],"weight":0.20610999999999913},"num_concepts_raised":5965},{"base_id":92,"kind":"bot_words","i1":4,"i2":8,"sol":{"path":["/c/en/sahidic","/c/en/dialect","/c/en/slang","/c/en/iffy"],"weight":0.20499999999999902},"num_concepts_raised":21564},{"base_id":92,"kind":"bot_words","i1":4,"i2":9,"sol":{"path":["/c/en/sahidic","/c/en/dialect","/c/en/language","/c/en/term","/c/en/midterm"],"weight":0.20709999999999906},"num_concepts_raised":8671},{"base_id":92,"kind":"bot_words","i1":5,"i2":6,"sol":{"path":["/c/en/bromelia","/c/en/plant","/c/en/energy","/c/en/arduous"],"weight":0.20960999999999974},"num_concepts_raised":13671},{"base_id":92,"kind":"bot_words","i1":5,"i2":7,"sol":{"path":["/c/en/bromelia","/c/en/plant","/c/en/botany","/c/en/treatise","/c/en/disquisition"],"weight":0.20914999999999992},"num_concepts_raised":9368},{"base_id":92,"kind":"bot_words","i1":5,"i2":8,"sol":{"path":["/c/en/bromelia","/c/en/plant","/c/en/slang","/c/en/iffy"],"weight":0.20802999999999985},"num_concepts_raised":25074},{"base_id":92,"kind":"bot_words","i1":5,"i2":9,"sol":{"path":["/c/en/bromelia","/c/en/plant","/c/en/term","/c/en/midterm"],"weight":0.21008999999999983},"num_concepts_raised":12098},{"base_id":92,"kind":"bot_words","i1":6,"i2":7,"sol":{"path":["/c/en/arduous","/c/en/difficult","/c/la/dis","/c/pt/dissertação","/c/en/disquisition"],"weight":0.20751999999999982},"num_concepts_raised":7953},{"base_id":92,"kind":"bot_words","i1":6,"i2":8,"sol":{"path":["/c/en/arduous","/c/en/beast","/c/en/slang","/c/en/iffy"],"weight":0.20473999999999976},"num_concepts_raised":23595},{"base_id":92,"kind":"bot_words","i1":6,"i2":9,"sol":{"path":["/c/en/arduous","/c/en/difficult","/c/en/test","/c/en/term","/c/en/midterm"],"weight":0.20859999999999973},"num_concepts_raised":10632},{"base_id":92,"kind":"bot_words","i1":7,"i2":8,"sol":{"path":["/c/en/disquisition","/c/en/treatise","/c/en/subject","/c/en/uncertain","/c/en/iffy"],"weight":0.20437999999999995},"num_concepts_raised":19414},{"base_id":92,"kind":"bot_words","i1":7,"i2":9,"sol":{"path":["/c/en/disquisition","/c/en/essay","/c/en/term","/c/en/midterm"],"weight":0.20524999999999993},"num_concepts_raised":6353},{"base_id":92,"kind":"bot_words","i1":8,"i2":9,"sol":{"path":["/c/en/iffy","/c/en/slang","/c/en/point","/c/en/midterm"],"weight":0.20318999999999987},"num_concepts_raised":22054}],[{"base_id":92,"kind":"top_words","i1":0,"i2":1,"sol":{"path":["/c/en/hang","/c/en/action","/c/en/military","/c/en/paragliding"],"weight":0.22604999999999792},"num_concepts_raised":144592},{"base_id":92,"kind":"top_words","i1":0,"i2":2,"sol":{"path":["/c/en/hang","/c/en/call","/c/en/communication","/c/en/intercommunication"],"weight":0.22277999999999784},"num_concepts_raised":138059},{"base_id":92,"kind":"top_words","i1":0,"i2":3,"sol":{"path":["/c/en/hang","/c/en/bang","/c/en/sound","/c/en/soundlessly"],"weight":0.22193999999999786},"num_concepts_raised":139937},{"base_id":92,"kind":"top_words","i1":0,"i2":4,"sol":{"path":["/c/en/hang","/c/en/clothing","/c/en/seersucker"],"weight":0.20400000000000001},"num_concepts_raised":923},{"base_id":92,"kind":"top_words","i1":0,"i2":5,"sol":{"path":["/c/en/hang","/c/en/drop","/c/en/drug","/c/en/pemoline"],"weight":0.2251199999999978},"num_concepts_raised":141581},{"base_id":92,"kind":"top_words","i1":0,"i2":6,"sol":{"path":["/c/en/hang","/c/en/rope","/c/en/nautical","/c/en/topgallant"],"weight":0.22363999999999784},"num_concepts_raised":143075},{"base_id":92,"kind":"top_words","i1":0,"i2":7,"sol":{"path":["/c/en/hang","/c/en/computing","/c/en/interpolate"],"weight":0.20500000000000002},"num_concepts_raised":971},{"base_id":92,"kind":"top_words","i1":0,"i2":8,"sol":{"path":["/c/en/hang","/c/en/activity","/c/en/parasailing"],"weight":0.20400000000000001},"num_concepts_raised":924},{"base_id":92,"kind":"top_words","i1":0,"i2":9,"sol":{"path":["/c/en/hang","/c/en/slang","/c/en/medicine","/c/en/splanchnic"],"weight":0.22014999999999785},"num_concepts_raised":148162},{"base_id":92,"kind":"top_words","i1":1,"i2":2,"sol":{"path":["/c/en/paragliding","/c/en/transport","/c/ja/交通","/c/en/communication","/c/en/intercommunication"],"weight":0.20983},"num_concepts_raised":10257},{"base_id":92,"kind":"top_words","i1":1,"i2":3,"sol":{"path":["/c/en/paragliding","/c/en/parasailing","/c/en/activity","/c/en/sound","/c/en/soundlessly"],"weight":0.20898},"num_concepts_raised":12528},{"base_id":92,"kind":"top_words","i1":1,"i2":4,"sol":{"path":["/c/en/paragliding","/c/en/military","/c/en/make","/c/en/seersucker"],"weight":0.20893},"num_concepts_raised":18243},{"base_id":92,"kind":"top_words","i1":1,"i2":5,"sol":{"path":["/c/en/paragliding","/c/en/parasailing","/c/en/recreational","/c/en/drug","/c/en/pemoline"],"weight":0.21384999999999993},"num_concepts_raised":13760},{"base_id":92,"kind":"top_words","i1":1,"i2":6,"sol":{"path":["/c/en/paragliding","/c/fr/abattée","/c/en/nautical","/c/en/topgallant"],"weight":0.21031999999999995},"num_concepts_raised":16147},{"base_id":92,"kind":"top_words","i1":1,"i2":7,"sol":{"path":["/c/en/paragliding","/c/en/paraglider","/c/en/glider","/c/en/mathematics","/c/en/interpolate"],"weight":0.21395999999999984},"num_concepts_raised":31620},{"base_id":92,"kind":"top_words","i1":1,"i2":8,"sol":{"path":["/c/en/paragliding","/c/en/parasailing"],"weight":0.20400000000000001},"num_concepts_raised":91},{"base_id":92,"kind":"top_words","i1":1,"i2":9,"sol":{"path":["/c/en/paragliding","/c/en/transport","/c/en/body","/c/en/visceral","/c/en/splanchnic"],"weight":0.20976},"num_concepts_raised":20766},{"base_id":92,"kind":"top_words","i1":2,"i2":3,"sol":{"path":["/c/en/intercommunication","/c/en/communication","/c/en/sound","/c/en/soundlessly"],"weight":0.20380999999999994},"num_concepts_raised":4760},{"base_id":92,"kind":"top_words","i1":2,"i2":4,"sol":{"path":["/c/en/intercommunication","/c/en/communication","/c/en/paper","/c/en/cotton","/c/en/seersucker"],"weight":0.20389999999999991},"num_concepts_raised":10598},{"base_id":92,"kind":"top_words","i1":2,"i2":5,"sol":{"path":["/c/en/intercommunication","/c/en/communication","/c/en/line","/c/en/drug","/c/en/pemoline"],"weight":0.20867999999999987},"num_concepts_raised":6004},{"base_id":92,"kind":"top_words","i1":2,"i2":6,"sol":{"path":["/c/en/intercommunication","/c/en/communication","/c/en/channel","/c/en/nautical","/c/en/topgallant"],"weight":0.20529999999999993},"num_concepts_raised":8667},{"base_id":92,"kind":"top_words","i1":2,"i2":7,"sol":{"path":["/c/en/intercommunication","/c/en/communication","/c/en/information","/c/en/extrapolate","/c/en/interpolate"],"weight":0.2065699999999998},"num_concepts_raised":24047},{"base_id":92,"kind":"top_words","i1":2,"i2":8,"sol":{"path":["/c/en/intercommunication","/c/en/communication","/c/en/art","/c/en/activity","/c/en/parasailing"],"weight":0.20383999999999994},"num_concepts_raised":3285},{"base_id":92,"kind":"top_words","i1":2,"i2":9,"sol":{"path":["/c/en/intercommunication","/c/en/communication","/c/en/anatomy","/c/en/visceral","/c/en/splanchnic"],"weight":0.20468999999999993},"num_concepts_raised":13077},{"base_id":92,"kind":"top_words","i1":3,"i2":4,"sol":{"path":["/c/en/soundlessly","/c/en/sound","/c/en/make","/c/en/seersucker"],"weight":0.20294999999999996},"num_concepts_raised":12758},{"base_id":92,"kind":"top_words","i1":3,"i2":5,"sol":{"path":["/c/en/soundlessly","/c/en/sound","/c/en/medicine","/c/en/drug","/c/en/pemoline"],"weight":0.2078699999999999},"num_concepts_raised":8256},{"base_id":92,"kind":"top_words","i1":3,"i2":6,"sol":{"path":["/c/en/soundlessly","/c/en/sound","/c/en/top","/c/en/topmast","/c/en/topgallant"],"weight":0.20519999999999994},"num_concepts_raised":10893},{"base_id":92,"kind":"top_words","i1":3,"i2":7,"sol":{"path":["/c/en/soundlessly","/c/en/sound","/c/en/mathematics","/c/en/interpolate"],"weight":0.2037199999999998},"num_concepts_raised":26257},{"base_id":92,"kind":"top_words","i1":3,"i2":8,"sol":{"path":["/c/en/soundlessly","/c/en/sound","/c/en/activity","/c/en/parasailing"],"weight":0.20292999999999994},"num_concepts_raised":5530},{"base_id":92,"kind":"top_words","i1":3,"i2":9,"sol":{"path":["/c/en/soundlessly","/c/en/sound","/c/en/medicine","/c/en/splanchnic"],"weight":0.20279999999999992},"num_concepts_raised":15303},{"base_id":92,"kind":"top_words","i1":4,"i2":5,"sol":{"path":["/c/en/seersucker","/c/en/cotton","/c/en/medicine","/c/en/drug","/c/en/pemoline"],"weight":0.2079299999999999},"num_concepts_raised":14076},{"base_id":92,"kind":"top_words","i1":4,"i2":6,"sol":{"path":["/c/en/seersucker","/c/en/wear","/c/en/nautical","/c/en/topgallant"],"weight":0.20441999999999994},"num_concepts_raised":16611},{"base_id":92,"kind":"top_words","i1":4,"i2":7,"sol":{"path":["/c/en/seersucker","/c/en/fabric","/c/en/computing","/c/en/interpolate"],"weight":0.2036999999999998},"num_concepts_raised":31921},{"base_id":92,"kind":"top_words","i1":4,"i2":8,"sol":{"path":["/c/en/seersucker","/c/en/fabric","/c/en/parachute","/c/en/parasailing"],"weight":0.20307999999999995},"num_concepts_raised":11301},{"base_id":92,"kind":"top_words","i1":4,"i2":9,"sol":{"path":["/c/en/seersucker","/c/en/cotton","/c/en/medicine","/c/en/splanchnic"],"weight":0.20285999999999996},"num_concepts_raised":21102},{"base_id":92,"kind":"top_words","i1":5,"i2":6,"sol":{"path":["/c/en/pemoline","/c/en/drug","/c/en/high","/c/en/nautical","/c/en/topgallant"],"weight":0.20926999999999985},"num_concepts_raised":12151},{"base_id":92,"kind":"top_words","i1":5,"i2":7,"sol":{"path":["/c/en/pemoline","/c/en/drug","/c/en/fix","/c/en/mathematics","/c/en/interpolate"],"weight":0.20859999999999973},"num_concepts_raised":27569},{"base_id":92,"kind":"top_words","i1":5,"i2":8,"sol":{"path":["/c/en/pemoline","/c/en/drug","/c/en/recreational","/c/en/parasailing"],"weight":0.20780999999999988},"num_concepts_raised":6753},{"base_id":92,"kind":"top_words","i1":5,"i2":9,"sol":{"path":["/c/en/pemoline","/c/en/drug","/c/en/medicine","/c/en/splanchnic"],"weight":0.2077599999999999},"num_concepts_raised":16006},{"base_id":92,"kind":"top_words","i1":6,"i2":7,"sol":{"path":["/c/en/topgallant","/c/en/nautical","/c/en/variable","/c/en/extrapolate","/c/en/interpolate"],"weight":0.20718999999999976},"num_concepts_raised":30099},{"base_id":92,"kind":"top_words","i1":6,"i2":8,"sol":{"path":["/c/en/topgallant","/c/en/kite","/c/en/glide","/c/en/parasailing"],"weight":0.2032299999999999},"num_concepts_raised":9367},{"base_id":92,"kind":"top_words","i1":6,"i2":9,"sol":{"path":["/c/en/topgallant","/c/en/nautical","/c/en/carcass","/c/en/viscera","/c/en/splanchnic"],"weight":0.20430999999999994},"num_concepts_raised":19195},{"base_id":92,"kind":"top_words","i1":7,"i2":8,"sol":{"path":["/c/en/interpolate","/c/en/function","/c/en/wing","/c/en/parasail","/c/en/parasailing"],"weight":0.2056599999999998},"num_concepts_raised":24768},{"base_id":92,"kind":"top_words","i1":7,"i2":9,"sol":{"path":["/c/en/interpolate","/c/en/interpolation","/c/en/approximation","/c/en/medicine","/c/en/splanchnic"],"weight":0.2045299999999998},"num_concepts_raised":34476},{"base_id":92,"kind":"top_words","i1":8,"i2":9,"sol":{"path":["/c/en/parasailing","/c/en/parachute","/c/en/para","/c/en/medicine","/c/en/splanchnic"],"weight":0.20289999999999997},"num_concepts_raised":13835}]]