[[{"base_id":873,"kind":"bot_words","i1":0,"i2":1,"sol":{"path":["/c/en/martinez","/c/en/singing","/c/en/us","/c/en/bodacious"],"weight":0.2087699999999999},"num_concepts_raised":28811},{"base_id":873,"kind":"bot_words","i1":0,"i2":2,"sol":{"path":["/c/en/martinez","/c/en/person","/c/en/distress","/c/en/distressful","/c/en/troubling"],"weight":0.20768999999999987},"num_concepts_raised":18722},{"base_id":873,"kind":"bot_words","i1":0,"i2":3,"sol":{"path":["/c/en/martinez","/c/en/person","/c/en/dirty","/c/en/unsanitary"],"weight":0.20780999999999983},"num_concepts_raised":18410},{"base_id":873,"kind":"bot_words","i1":0,"i2":4,"sol":{"path":["/c/en/martinez","/c/en/person","/c/en/egg","/c/en/lay"],"weight":0.23256999999999778},"num_concepts_raised":137466},{"base_id":873,"kind":"bot_words","i1":0,"i2":5,"sol":{"path":["/c/en/martinez","/c/en/person","/c/en/king","/c/en/monarch","/c/en/heraclius"],"weight":0.21327999999999972},"num_concepts_raised":17548},{"base_id":873,"kind":"bot_words","i1":0,"i2":6,"sol":{"path":["/c/en/martinez","/c/en/person","/c/en/goldie"],"weight":0.20600000000000002},"num_concepts_raised":45},{"base_id":873,"kind":"bot_words","i1":0,"i2":7,"sol":{"path":["/c/en/martinez","/c/en/singing","/c/en/art","/c/en/topiary"],"weight":0.20798999999999984},"num_concepts_raised":20145},{"base_id":873,"kind":"bot_words","i1":0,"i2":8,"sol":{"path":["/c/en/martinez","/c/en/singing","/c/en/music","/c/en/downbeat"],"weight":0.20817999999999987},"num_concepts_raised":33332},{"base_id":873,"kind":"bot_words","i1":0,"i2":9,"sol":{"path":["/c/en/martinez","/c/en/actor","/c/en/plant","/c/en/composite"],"weight":0.21072999999999936},"num_concepts_raised":57665},{"base_id":873,"kind":"bot_words","i1":1,"i2":2,"sol":{"path":["/c/en/bodacious","/c/en/us","/c/en/heavy","/c/en/distressful","/c/en/troubling"],"weight":0.20366999999999985},"num_concepts_raised":14034},{"base_id":873,"kind":"bot_words","i1":1,"i2":3,"sol":{"path":["/c/en/bodacious","/c/en/us","/c/en/ill","/c/en/unhealthy","/c/en/unsanitary"],"weight":0.20392999999999986},"num_concepts_raised":13692},{"base_id":873,"kind":"bot_words","i1":1,"i2":4,"sol":{"path":["/c/en/bodacious","/c/en/us","/c/en/make","/c/en/lay"],"weight":0.22646999999999778},"num_concepts_raised":131781},{"base_id":873,"kind":"bot_words","i1":1,"i2":5,"sol":{"path":["/c/en/bodacious","/c/en/unmitigated","/c/en/absolute","/c/en/monarch","/c/en/heraclius"],"weight":0.20930999999999975},"num_concepts_raised":12845},{"base_id":873,"kind":"bot_words","i1":1,"i2":6,"sol":{"path":["/c/en/bodacious","/c/en/bold","/c/en/person","/c/en/goldie"],"weight":0.20780999999999986},"num_concepts_raised":25643},{"base_id":873,"kind":"bot_words","i1":1,"i2":7,"sol":{"path":["/c/en/bodacious","/c/en/us","/c/en/plant","/c/en/espalier","/c/en/topiary"],"weight":0.20509999999999987},"num_concepts_raised":15453},{"base_id":873,"kind":"bot_words","i1":1,"i2":8,"sol":{"path":["/c/en/bodacious","/c/en/us","/c/en/sad","/c/en/downbeat"],"weight":0.20396999999999987},"num_concepts_raised":28609},{"base_id":873,"kind":"bot_words","i1":1,"i2":9,"sol":{"path":["/c/en/bodacious","/c/en/us","/c/en/plant","/c/en/composite"],"weight":0.20683999999999936},"num_concepts_raised":52966},{"base_id":873,"kind":"bot_words","i1":2,"i2":3,"sol":{"path":["/c/en/troubling","/c/en/trouble","/c/en/bad","/c/en/unhealthy","/c/en/unsanitary"],"weight":0.2027999999999998},"num_concepts_raised":3307},{"base_id":873,"kind":"bot_words","i1":2,"i2":4,"sol":{"path":["/c/en/troubling","/c/en/trouble","/c/en/make","/c/en/lay"],"weight":0.22515999999999775},"num_concepts_raised":123996},{"base_id":873,"kind":"bot_words","i1":2,"i2":5,"sol":{"path":["/c/en/troubling","/c/en/trouble","/c/en/president","/c/en/monarch","/c/en/heraclius"],"weight":0.20816999999999972},"num_concepts_raised":2437},{"base_id":873,"kind":"bot_words","i1":2,"i2":6,"sol":{"path":["/c/en/troubling","/c/en/distressful","/c/en/distress","/c/en/person","/c/en/goldie"],"weight":0.20768999999999982},"num_concepts_raised":15468},{"base_id":873,"kind":"bot_words","i1":2,"i2":7,"sol":{"path":["/c/en/troubling","/c/en/trouble","/c/en/being","/c/en/art","/c/en/topiary"],"weight":0.20289999999999983},"num_concepts_raised":5112},{"base_id":873,"kind":"bot_words","i1":2,"i2":8,"sol":{"path":["/c/en/troubling","/c/en/distressing","/c/fr/triste","/c/en/downbeat"],"weight":0.20282999999999984},"num_concepts_raised":18442},{"base_id":873,"kind":"bot_words","i1":2,"i2":9,"sol":{"path":["/c/en/troubling","/c/en/trouble","/c/ja/煩雑","/c/en/complex","/c/en/composite"],"weight":0.20873999999999934},"num_concepts_raised":42991},{"base_id":873,"kind":"bot_words","i1":3,"i2":4,"sol":{"path":["/c/en/unsanitary","/c/en/dirty","/c/en/bed","/c/en/lay"],"weight":0.22522999999999777},"num_concepts_raised":123720},{"base_id":873,"kind":"bot_words","i1":3,"i2":5,"sol":{"path":["/c/en/unsanitary","/c/en/dirty","/c/en/slang","/c/en/monarch","/c/en/heraclius"],"weight":0.2083799999999997},"num_concepts_raised":2100},{"base_id":873,"kind":"bot_words","i1":3,"i2":6,"sol":{"path":["/c/en/unsanitary","/c/en/dirty","/c/en/person","/c/en/goldie"],"weight":0.20780999999999983},"num_concepts_raised":15152},{"base_id":873,"kind":"bot_words","i1":3,"i2":7,"sol":{"path":["/c/en/unsanitary","/c/en/dirty","/c/en/ground","/c/en/art","/c/en/topiary"],"weight":0.2031299999999998},"num_concepts_raised":4781},{"base_id":873,"kind":"bot_words","i1":3,"i2":8,"sol":{"path":["/c/en/unsanitary","/c/en/unhygienic","/c/en/skank","/c/fr/musique","/c/en/downbeat"],"weight":0.20410999999999985},"num_concepts_raised":18144},{"base_id":873,"kind":"bot_words","i1":3,"i2":9,"sol":{"path":["/c/en/unsanitary","/c/en/dirty","/c/en/wax","/c/en/composite"],"weight":0.2056199999999993},"num_concepts_raised":42651},{"base_id":873,"kind":"bot_words","i1":4,"i2":5,"sol":{"path":["/c/en/lay","/c/en/slang","/c/en/monarch","/c/en/heraclius"],"weight":0.23062999999999764},"num_concepts_raised":122992},{"base_id":873,"kind":"bot_words","i1":4,"i2":6,"sol":{"path":["/c/en/lay","/c/en/egg","/c/en/person","/c/en/goldie"],"weight":0.23256999999999775},"num_concepts_raised":134463},{"base_id":873,"kind":"bot_words","i1":4,"i2":7,"sol":{"path":["/c/en/lay","/c/en/bed","/c/en/garden","/c/en/topiary"],"weight":0.22538999999999776},"num_concepts_raised":125198},{"base_id":873,"kind":"bot_words","i1":4,"i2":8,"sol":{"path":["/c/en/lay","/c/fr/poser","/c/fr/musique","/c/en/downbeat"],"weight":0.22782999999999778},"num_concepts_raised":136615},{"base_id":873,"kind":"bot_words","i1":4,"i2":9,"sol":{"path":["/c/en/lay","/c/en/prime","/c/en/composite"],"weight":0.20700000000000002},"num_concepts_raised":1039},{"base_id":873,"kind":"bot_words","i1":5,"i2":6,"sol":{"path":["/c/en/heraclius","/c/en/monarch","/c/en/au","/c/en/gold","/c/en/goldie"],"weight":0.21331999999999968},"num_concepts_raised":14290},{"base_id":873,"kind":"bot_words","i1":5,"i2":7,"sol":{"path":["/c/en/heraclius","/c/en/monarch","/c/en/absolute","/c/en/art","/c/en/topiary"],"weight":0.2085399999999997},"num_concepts_raised":3914},{"base_id":873,"kind":"bot_words","i1":5,"i2":8,"sol":{"path":["/c/en/heraclius","/c/en/monarch","/c/en/post","/c/en/music","/c/en/downbeat"],"weight":0.2086799999999997},"num_concepts_raised":17298},{"base_id":873,"kind":"bot_words","i1":5,"i2":9,"sol":{"path":["/c/en/heraclius","/c/en/monarch","/c/th/พิษณุโลก","/c/en/complex","/c/en/composite"],"weight":0.2143399999999992},"num_concepts_raised":41823},{"base_id":873,"kind":"bot_words","i1":6,"i2":7,"sol":{"path":["/c/en/goldie","/c/en/person","/c/en/art","/c/en/topiary"],"weight":0.20796999999999982},"num_concepts_raised":16896},{"base_id":873,"kind":"bot_words","i1":6,"i2":8,"sol":{"path":["/c/en/goldie","/c/en/person","/c/en/music","/c/en/downbeat"],"weight":0.20811999999999983},"num_concepts_raised":30159},{"base_id":873,"kind":"bot_words","i1":6,"i2":9,"sol":{"path":["/c/en/goldie","/c/en/person","/c/en/plant","/c/en/composite"],"weight":0.21071999999999932},"num_concepts_raised":54450},{"base_id":873,"kind":"bot_words","i1":7,"i2":8,"sol":{"path":["/c/en/topiary","/c/en/art","/c/en/music","/c/en/downbeat"],"weight":0.20342999999999983},"num_concepts_raised":19804},{"base_id":873,"kind":"bot_words","i1":7,"i2":9,"sol":{"path":["/c/en/topiary","/c/en/espalier","/c/en/plant","/c/en/composite"],"weight":0.2070699999999993},"num_concepts_raised":44142},{"base_id":873,"kind":"bot_words","i1":8,"i2":9,"sol":{"path":["/c/en/downbeat","/c/en/music","/c/en/compound","/c/en/composite"],"weight":0.20864999999999934},"num_concepts_raised":57026}],[{"base_id":873,"kind":"top_words","i1":0,"i2":1,"sol":{"path":["/c/en/amenia","/c/en/new_york","/c/en/cortland"],"weight":0.20400000000000001},"num_concepts_raised":51},{"base_id":873,"kind":"top_words","i1":0,"i2":2,"sol":{"path":["/c/en/amenia","/c/en/new_york","/c/en/ithaca"],"weight":0.20400000000000001},"num_concepts_raised":72},{"base_id":873,"kind":"top_words","i1":0,"i2":3,"sol":{"path":["/c/en/amenia","/c/en/new_york","/c/en/dutchess_county","/c/en/dutchess"],"weight":0.21479999999999977},"num_concepts_raised":18275},{"base_id":873,"kind":"top_words","i1":0,"i2":4,"sol":{"path":["/c/en/amenia","/c/en/person","/c/en/plant","/c/en/croton"],"weight":0.2133199999999997},"num_concepts_raised":26502},{"base_id":873,"kind":"top_words","i1":0,"i2":5,"sol":{"path":["/c/en/amenia","/c/en/new_york","/c/en/rockland"],"weight":0.20400000000000001},"num_concepts_raised":58},{"base_id":873,"kind":"top_words","i1":0,"i2":6,"sol":{"path":["/c/en/amenia","/c/en/new_york","/c/fr/localités","/c/en/millbrook"],"weight":0.21681999999999982},"num_concepts_raised":127433},{"base_id":873,"kind":"top_words","i1":0,"i2":7,"sol":{"path":["/c/en/amenia","/c/en/person","/c/en/plant","/c/en/roselle"],"weight":0.21353999999999979},"num_concepts_raised":26147},{"base_id":873,"kind":"top_words","i1":0,"i2":8,"sol":{"path":["/c/en/amenia","/c/en/new_york","/c/en/morristown"],"weight":0.20400000000000001},"num_concepts_raised":58},{"base_id":873,"kind":"top_words","i1":0,"i2":9,"sol":{"path":["/c/en/amenia","/c/en/new_york","/c/en/ny"],"weight":0.20400000000000001},"num_concepts_raised":52},{"base_id":873,"kind":"top_words","i1":1,"i2":2,"sol":{"path":["/c/en/cortland","/c/en/nebraska","/c/en/ithaca"],"weight":0.202},"num_concepts_raised":67},{"base_id":873,"kind":"top_words","i1":1,"i2":3,"sol":{"path":["/c/en/cortland","/c/en/county_seat","/c/en/dutchess_county","/c/en/dutchess"],"weight":0.20985999999999982},"num_concepts_raised":5725},{"base_id":873,"kind":"top_words","i1":1,"i2":4,"sol":{"path":["/c/en/cortland","/c/en/county_seat","/c/en/evergreen","/c/en/croton"],"weight":0.20834999999999973},"num_concepts_raised":14005},{"base_id":873,"kind":"top_words","i1":1,"i2":5,"sol":{"path":["/c/en/cortland","/c/en/county_seat","/c/en/rockland"],"weight":0.202},"num_concepts_raised":52},{"base_id":873,"kind":"top_words","i1":1,"i2":6,"sol":{"path":["/c/en/cortland","/c/en/new_york","/c/fr/localités","/c/en/millbrook"],"weight":0.21182999999999985},"num_concepts_raised":115049},{"base_id":873,"kind":"top_words","i1":1,"i2":7,"sol":{"path":["/c/en/cortland","/c/en/new_york","/c/en/blossom","/c/en/sorrel","/c/en/roselle"],"weight":0.2126699999999998},"num_concepts_raised":13646},{"base_id":873,"kind":"top_words","i1":1,"i2":8,"sol":{"path":["/c/en/cortland","/c/en/county_seat","/c/en/morristown"],"weight":0.202},"num_concepts_raised":51},{"base_id":873,"kind":"top_words","i1":1,"i2":9,"sol":{"path":["/c/en/cortland","/c/en/new_york","/c/en/ny"],"weight":0.202},"num_concepts_raised":50},{"base_id":873,"kind":"top_words","i1":2,"i2":3,"sol":{"path":["/c/en/ithaca","/c/en/new_york","/c/en/dutchess_county","/c/en/dutchess"],"weight":0.2100999999999998},"num_concepts_raised":7164},{"base_id":873,"kind":"top_words","i1":2,"i2":4,"sol":{"path":["/c/en/ithaca","/c/en/wisconsin","/c/en/evergreen","/c/en/croton"],"weight":0.2085799999999997},"num_concepts_raised":15417},{"base_id":873,"kind":"top_words","i1":2,"i2":5,"sol":{"path":["/c/en/ithaca","/c/en/new_york","/c/en/rockland"],"weight":0.202},"num_concepts_raised":76},{"base_id":873,"kind":"top_words","i1":2,"i2":6,"sol":{"path":["/c/en/ithaca","/c/en/new_york","/c/fr/localités","/c/en/millbrook"],"weight":0.2121199999999998},"num_concepts_raised":116585},{"base_id":873,"kind":"top_words","i1":2,"i2":7,"sol":{"path":["/c/en/ithaca","/c/en/island","/c/en/jamaica","/c/en/roselle"],"weight":0.2088799999999998},"num_concepts_raised":15066},{"base_id":873,"kind":"top_words","i1":2,"i2":8,"sol":{"path":["/c/en/ithaca","/c/en/new_york","/c/en/morristown"],"weight":0.202},"num_concepts_raised":76},{"base_id":873,"kind":"top_words","i1":2,"i2":9,"sol":{"path":["/c/en/ithaca","/c/en/new_york","/c/en/ny"],"weight":0.202},"num_concepts_raised":71},{"base_id":873,"kind":"top_words","i1":3,"i2":4,"sol":{"path":["/c/en/dutchess","/c/en/dutchess_county","/c/en/county_seat","/c/en/evergreen","/c/en/croton"],"weight":0.2152899999999997},"num_concepts_raised":9681},{"base_id":873,"kind":"top_words","i1":3,"i2":5,"sol":{"path":["/c/en/dutchess","/c/en/dutchess_county","/c/en/county_seat","/c/en/rockland"],"weight":0.2099599999999998},"num_concepts_raised":8794},{"base_id":873,"kind":"top_words","i1":3,"i2":6,"sol":{"path":["/c/en/dutchess","/c/en/dutchess_county","/c/en/new_york","/c/fr/localités","/c/en/millbrook"],"weight":0.21881999999999982},"num_concepts_raised":111017},{"base_id":873,"kind":"top_words","i1":3,"i2":7,"sol":{"path":["/c/en/dutchess","/c/en/album","/c/en/iris","/c/en/plant","/c/en/roselle"],"weight":0.21358999999999978},"num_concepts_raised":9326},{"base_id":873,"kind":"top_words","i1":3,"i2":8,"sol":{"path":["/c/en/dutchess","/c/en/dutchess_county","/c/en/county_seat","/c/en/morristown"],"weight":0.2099499999999998},"num_concepts_raised":7677},{"base_id":873,"kind":"top_words","i1":3,"i2":9,"sol":{"path":["/c/en/dutchess","/c/en/dutchess_county","/c/en/new_york","/c/en/ny"],"weight":0.20993999999999982},"num_concepts_raised":8409},{"base_id":873,"kind":"top_words","i1":4,"i2":5,"sol":{"path":["/c/en/croton","/c/en/evergreen","/c/en/county_seat","/c/en/rockland"],"weight":0.20844999999999972},"num_concepts_raised":17048},{"base_id":873,"kind":"top_words","i1":4,"i2":6,"sol":{"path":["/c/en/croton","/c/en/plant","/c/en/cotton","/c/fr/localités","/c/en/millbrook"],"weight":0.21739999999999976},"num_concepts_raised":119288},{"base_id":873,"kind":"top_words","i1":4,"i2":7,"sol":{"path":["/c/en/croton","/c/en/plant","/c/en/roselle"],"weight":0.20600000000000002},"num_concepts_raised":131},{"base_id":873,"kind":"top_words","i1":4,"i2":8,"sol":{"path":["/c/en/croton","/c/en/evergreen","/c/en/county_seat","/c/en/morristown"],"weight":0.20843999999999974},"num_concepts_raised":15941},{"base_id":873,"kind":"top_words","i1":4,"i2":9,"sol":{"path":["/c/en/croton","/c/en/plant","/c/en/root","/c/en/new_york","/c/en/ny"],"weight":0.20850999999999975},"num_concepts_raised":16676},{"base_id":873,"kind":"top_words","i1":5,"i2":6,"sol":{"path":["/c/en/rockland","/c/en/ontario","/c/fr/localités","/c/en/millbrook"],"weight":0.21191999999999983},"num_concepts_raised":117985},{"base_id":873,"kind":"top_words","i1":5,"i2":7,"sol":{"path":["/c/en/rockland","/c/en/victoria","/c/en/plant","/c/en/roselle"],"weight":0.2086199999999998},"num_concepts_raised":16690},{"base_id":873,"kind":"top_words","i1":5,"i2":8,"sol":{"path":["/c/en/rockland","/c/en/canada","/c/en/morristown"],"weight":0.202},"num_concepts_raised":58},{"base_id":873,"kind":"top_words","i1":5,"i2":9,"sol":{"path":["/c/en/rockland","/c/en/new_york","/c/en/ny"],"weight":0.202},"num_concepts_raised":57},{"base_id":873,"kind":"top_words","i1":6,"i2":7,"sol":{"path":["/c/en/millbrook","/c/fr/localités","/c/en/kingston","/c/en/jamaica","/c/en/roselle"],"weight":0.2176499999999998},"num_concepts_raised":118930},{"base_id":873,"kind":"top_words","i1":6,"i2":8,"sol":{"path":["/c/en/millbrook","/c/fr/localités","/c/en/new_york","/c/en/morristown"],"weight":0.21188999999999986},"num_concepts_raised":116935},{"base_id":873,"kind":"top_words","i1":6,"i2":9,"sol":{"path":["/c/en/millbrook","/c/fr/localités","/c/en/new_york","/c/en/ny"],"weight":0.21195999999999987},"num_concepts_raised":117057},{"base_id":873,"kind":"top_words","i1":7,"i2":8,"sol":{"path":["/c/en/roselle","/c/en/jamaica","/c/en/middlesex_county","/c/en/morristown"],"weight":0.20862999999999982},"num_concepts_raised":15586},{"base_id":873,"kind":"top_words","i1":7,"i2":9,"sol":{"path":["/c/en/roselle","/c/en/sorrel","/c/en/blossom","/c/en/new_york","/c/en/ny"],"weight":0.21279999999999982},"num_concepts_raised":16319},{"base_id":873,"kind":"top_words","i1":8,"i2":9,"sol":{"path":["/c/en/morristown","/c/en/new_york","/c/en/ny"],"weight":0.202},"num_concepts_raised":57}]]