[[{"base_id":330,"kind":"bot_words","i1":0,"i2":1,"sol":{"path":["/c/en/sinew","/c/en/strength","/c/en/person","/c/en/dreamer"],"weight":0.20600999999999953},"num_concepts_raised":50167},{"base_id":330,"kind":"bot_words","i1":0,"i2":2,"sol":{"path":["/c/en/sinew","/c/en/nerve","/c/en/cell","/c/en/honeycomb"],"weight":0.2100599999999993},"num_concepts_raised":50758},{"base_id":330,"kind":"bot_words","i1":0,"i2":3,"sol":{"path":["/c/en/sinew","/c/en/anatomy","/c/en/region","/c/en/administrative_region","/c/en/evenes"],"weight":0.20952999999999955},"num_concepts_raised":25115},{"base_id":330,"kind":"bot_words","i1":0,"i2":4,"sol":{"path":["/c/en/sinew","/c/en/energy","/c/en/state","/c/en/louisiana"],"weight":0.22154999999999903},"num_concepts_raised":45863},{"base_id":330,"kind":"bot_words","i1":0,"i2":5,"sol":{"path":["/c/en/sinew","/c/en/nerve","/c/en/human","/c/en/sheik","/c/en/1920s"],"weight":0.2113399999999993},"num_concepts_raised":27915},{"base_id":330,"kind":"bot_words","i1":0,"i2":6,"sol":{"path":["/c/en/sinew","/c/en/together","/c/en/year","/c/en/triennium"],"weight":0.20432999999999968},"num_concepts_raised":27442},{"base_id":330,"kind":"bot_words","i1":0,"i2":7,"sol":{"path":["/c/en/sinew","/c/en/tendon","/c/en/band","/c/en/sideband"],"weight":0.2063499999999996},"num_concepts_raised":26877},{"base_id":330,"kind":"bot_words","i1":0,"i2":8,"sol":{"path":["/c/en/sinew","/c/en/chord","/c/en/vocal","/c/en/inaudible"],"weight":0.2068499999999999},"num_concepts_raised":28421},{"base_id":330,"kind":"bot_words","i1":0,"i2":9,"sol":{"path":["/c/en/sinew","/c/en/nerve","/c/en/grain","/c/en/graining"],"weight":0.2066999999999996},"num_concepts_raised":32225},{"base_id":330,"kind":"bot_words","i1":1,"i2":2,"sol":{"path":["/c/en/dreamer","/c/en/person","/c/en/cell","/c/en/honeycomb"],"weight":0.20868999999999954},"num_concepts_raised":52305},{"base_id":330,"kind":"bot_words","i1":1,"i2":3,"sol":{"path":["/c/en/dreamer","/c/en/dream","/c/en/event","/c/en/evene","/c/en/evenes"],"weight":0.21045999999999976},"num_concepts_raised":26673},{"base_id":330,"kind":"bot_words","i1":1,"i2":4,"sol":{"path":["/c/en/dreamer","/c/en/dream","/c/en/state","/c/en/louisiana"],"weight":0.22266999999999929},"num_concepts_raised":46943},{"base_id":330,"kind":"bot_words","i1":1,"i2":5,"sol":{"path":["/c/en/dreamer","/c/en/realist","/c/en/literature","/c/en/1920s"],"weight":0.21088999999999955},"num_concepts_raised":29269},{"base_id":330,"kind":"bot_words","i1":1,"i2":6,"sol":{"path":["/c/en/dreamer","/c/en/dream","/c/en/time","/c/en/year","/c/en/triennium"],"weight":0.20561999999999991},"num_concepts_raised":28948},{"base_id":330,"kind":"bot_words","i1":1,"i2":7,"sol":{"path":["/c/en/dreamer","/c/en/dream","/c/en/band","/c/en/sideband"],"weight":0.20548999999999984},"num_concepts_raised":28522},{"base_id":330,"kind":"bot_words","i1":1,"i2":8,"sol":{"path":["/c/en/dreamer","/c/en/person","/c/en/quiet","/c/en/inaudible"],"weight":0.20679000000000014},"num_concepts_raised":29926},{"base_id":330,"kind":"bot_words","i1":1,"i2":9,"sol":{"path":["/c/en/dreamer","/c/en/person","/c/en/fish","/c/en/graining"],"weight":0.2043499999999998},"num_concepts_raised":33662},{"base_id":330,"kind":"bot_words","i1":2,"i2":3,"sol":{"path":["/c/en/honeycomb","/c/en/honeycomb_conjecture","/c/en/region","/c/en/administrative_region","/c/en/evenes"],"weight":0.2118199999999995},"num_concepts_raised":27647},{"base_id":330,"kind":"bot_words","i1":2,"i2":4,"sol":{"path":["/c/en/honeycomb","/c/en/bee","/c/en/united_states","/c/en/louisiana"],"weight":0.223349999999999},"num_concepts_raised":48041},{"base_id":330,"kind":"bot_words","i1":2,"i2":5,"sol":{"path":["/c/en/honeycomb","/c/en/bee","/c/en/united_states","/c/en/1920s"],"weight":0.2116599999999993},"num_concepts_raised":30416},{"base_id":330,"kind":"bot_words","i1":2,"i2":6,"sol":{"path":["/c/en/honeycomb","/c/en/cell","/c/en/plant","/c/en/triennial","/c/en/triennium"],"weight":0.20817999999999967},"num_concepts_raised":29942},{"base_id":330,"kind":"bot_words","i1":2,"i2":7,"sol":{"path":["/c/en/honeycomb","/c/en/hives","/c/en/band","/c/en/sideband"],"weight":0.2058699999999996},"num_concepts_raised":29465},{"base_id":330,"kind":"bot_words","i1":2,"i2":8,"sol":{"path":["/c/en/honeycomb","/c/en/try","/c/en/hear","/c/en/inaudible"],"weight":0.2072699999999999},"num_concepts_raised":30943},{"base_id":330,"kind":"bot_words","i1":2,"i2":9,"sol":{"path":["/c/en/honeycomb","/c/en/food","/c/en/grain","/c/en/graining"],"weight":0.20705999999999958},"num_concepts_raised":34442},{"base_id":330,"kind":"bot_words","i1":3,"i2":4,"sol":{"path":["/c/en/evenes","/c/en/administrative_region","/c/en/louisiana"],"weight":0.20900000000000002},"num_concepts_raised":397},{"base_id":330,"kind":"bot_words","i1":3,"i2":5,"sol":{"path":["/c/en/evenes","/c/en/administrative_region","/c/en/country","/c/en/united_states","/c/en/1920s"],"weight":0.21342999999999956},"num_concepts_raised":3866},{"base_id":330,"kind":"bot_words","i1":3,"i2":6,"sol":{"path":["/c/en/evenes","/c/en/evene","/c/en/happen","/c/en/triennial","/c/en/triennium"],"weight":0.2087199999999999},"num_concepts_raised":3444},{"base_id":330,"kind":"bot_words","i1":3,"i2":7,"sol":{"path":["/c/en/evenes","/c/en/evene","/c/en/occur","/c/en/frequency","/c/en/sideband"],"weight":0.20776999999999984},"num_concepts_raised":3019},{"base_id":330,"kind":"bot_words","i1":3,"i2":8,"sol":{"path":["/c/en/evenes","/c/en/administrative_region","/c/en/norfolk","/c/fr/linguistique","/c/en/voiceless","/c/en/inaudible"],"weight":0.2161014},"num_concepts_raised":314298},{"base_id":330,"kind":"bot_words","i1":3,"i2":9,"sol":{"path":["/c/en/evenes","/c/en/administrative_region","/c/en/utah","/c/en/salt","/c/en/graining"],"weight":0.20780999999999983},"num_concepts_raised":8338},{"base_id":330,"kind":"bot_words","i1":4,"i2":5,"sol":{"path":["/c/en/louisiana","/c/en/united_states","/c/en/1920s"],"weight":0.20900000000000002},"num_concepts_raised":460},{"base_id":330,"kind":"bot_words","i1":4,"i2":6,"sol":{"path":["/c/en/louisiana","/c/en/dot","/c/en/period","/c/en/triennium"],"weight":0.21771999999999941},"num_concepts_raised":24426},{"base_id":330,"kind":"bot_words","i1":4,"i2":7,"sol":{"path":["/c/en/louisiana","/c/en/american_english","/c/en/band","/c/en/sideband"],"weight":0.21770999999999935},"num_concepts_raised":24040},{"base_id":330,"kind":"bot_words","i1":4,"i2":8,"sol":{"path":["/c/en/louisiana","/c/en/new_orleans","/c/en/human","/c/en/hear","/c/en/inaudible"],"weight":0.22339999999999965},"num_concepts_raised":25505},{"base_id":330,"kind":"bot_words","i1":4,"i2":9,"sol":{"path":["/c/en/louisiana","/c/en/lafayette","/c/en/fish","/c/en/graining"],"weight":0.21985999999999933},"num_concepts_raised":29214},{"base_id":330,"kind":"bot_words","i1":5,"i2":6,"sol":{"path":["/c/en/1920s","/c/en/decade","/c/en/year","/c/en/triennium"],"weight":0.2085999999999997},"num_concepts_raised":6266},{"base_id":330,"kind":"bot_words","i1":5,"i2":7,"sol":{"path":["/c/en/1920s","/c/en/decade","/c/en/period","/c/en/frequency","/c/en/sideband"],"weight":0.20851999999999965},"num_concepts_raised":5846},{"base_id":330,"kind":"bot_words","i1":5,"i2":8,"sol":{"path":["/c/en/1920s","/c/en/rock_and_roll","/c/en/music","/c/en/silent","/c/en/inaudible"],"weight":0.21102999999999994},"num_concepts_raised":7318},{"base_id":330,"kind":"bot_words","i1":5,"i2":9,"sol":{"path":["/c/en/1920s","/c/en/literature","/c/en/material","/c/en/grain","/c/en/graining"],"weight":0.20949999999999963},"num_concepts_raised":11158},{"base_id":330,"kind":"bot_words","i1":6,"i2":7,"sol":{"path":["/c/en/triennium","/c/en/period","/c/en/frequency","/c/en/sideband"],"weight":0.20281999999999997},"num_concepts_raised":5383},{"base_id":330,"kind":"bot_words","i1":6,"i2":8,"sol":{"path":["/c/en/triennium","/c/en/quadrennium","/c/en/astronomy","/c/en/quiet","/c/en/inaudible"],"weight":0.20625000000000027},"num_concepts_raised":6846},{"base_id":330,"kind":"bot_words","i1":6,"i2":9,"sol":{"path":["/c/en/triennium","/c/en/triennial","/c/en/plant","/c/en/grain","/c/en/graining"],"weight":0.20480999999999996},"num_concepts_raised":10705},{"base_id":330,"kind":"bot_words","i1":7,"i2":8,"sol":{"path":["/c/en/sideband","/c/en/frequencies","/c/en/infrasonic","/c/en/inaudible"],"weight":0.2051400000000002},"num_concepts_raised":6394},{"base_id":330,"kind":"bot_words","i1":7,"i2":9,"sol":{"path":["/c/en/sideband","/c/nl/enkelzijbandmodulatie","/c/en/single","/c/en/grain","/c/en/graining"],"weight":0.2038199999999999},"num_concepts_raised":10273},{"base_id":330,"kind":"bot_words","i1":8,"i2":9,"sol":{"path":["/c/en/inaudible","/c/en/quiet","/c/en/little","/c/en/grain","/c/en/graining"],"weight":0.2063100000000002},"num_concepts_raised":11731}],[{"base_id":330,"kind":"top_words","i1":0,"i2":1,"sol":{"path":["/c/en/pinto","/c/en/horse","/c/en/slang","/c/en/da"],"weight":0.20454999999999984},"num_concepts_raised":47304},{"base_id":330,"kind":"top_words","i1":0,"i2":2,"sol":{"path":["/c/en/pinto","/c/es/pinto","/c/en/latin_america","/c/en/portuguese"],"weight":0.21191999999999933},"num_concepts_raised":42477},{"base_id":330,"kind":"top_words","i1":0,"i2":3,"sol":{"path":["/c/en/pinto","/c/en/mexico","/c/en/album","/c/en/dos"],"weight":0.2089999999999996},"num_concepts_raised":34693},{"base_id":330,"kind":"top_words","i1":0,"i2":4,"sol":{"path":["/c/en/pinto","/c/en/spain","/c/en/lusitania","/c/en/portugal"],"weight":0.22211999999999865},"num_concepts_raised":36114},{"base_id":330,"kind":"top_words","i1":0,"i2":5,"sol":{"path":["/c/en/pinto","/c/en/white","/c/en/wax","/c/en/brazilian"],"weight":0.2063899999999994},"num_concepts_raised":35955},{"base_id":330,"kind":"top_words","i1":0,"i2":6,"sol":{"path":["/c/en/pinto","/c/en/bean","/c/en/food","/c/en/bento"],"weight":0.20869999999999972},"num_concepts_raised":25967},{"base_id":330,"kind":"top_words","i1":0,"i2":7,"sol":{"path":["/c/en/pinto","/c/en/white","/c/en/person","/c/en/aristides"],"weight":0.20811999999999972},"num_concepts_raised":30369},{"base_id":330,"kind":"top_words","i1":0,"i2":8,"sol":{"path":["/c/en/pinto","/c/en/mexico","/c/en/county_seat","/c/en/lisbon"],"weight":0.21124},"num_concepts_raised":26610},{"base_id":330,"kind":"top_words","i1":0,"i2":9,"sol":{"path":["/c/en/pinto","/c/en/mexico","/c/fr/pays","/c/fr/angolais","/c/en/angolan"],"weight":0.20729999999999982},"num_concepts_raised":19325},{"base_id":330,"kind":"top_words","i1":1,"i2":2,"sol":{"path":["/c/en/da","/c/en/slang","/c/en/language","/c/en/portuguese"],"weight":0.21440999999999946},"num_concepts_raised":53331},{"base_id":330,"kind":"top_words","i1":1,"i2":3,"sol":{"path":["/c/en/da","/c/en/internet","/c/en/dos"],"weight":0.20400000000000001},"num_concepts_raised":147},{"base_id":330,"kind":"top_words","i1":1,"i2":4,"sol":{"path":["/c/en/da","/c/en/ireland","/c/en/europe","/c/en/portugal"],"weight":0.22007999999999878},"num_concepts_raised":47415},{"base_id":330,"kind":"top_words","i1":1,"i2":5,"sol":{"path":["/c/en/da","/c/en/slang","/c/en/wax","/c/en/brazilian"],"weight":0.2076599999999995},"num_concepts_raised":46682},{"base_id":330,"kind":"top_words","i1":1,"i2":6,"sol":{"path":["/c/en/da","/c/en/slang","/c/en/box","/c/en/bento"],"weight":0.20993999999999985},"num_concepts_raised":37139},{"base_id":330,"kind":"top_words","i1":1,"i2":7,"sol":{"path":["/c/en/da","/c/en/dad","/c/en/person","/c/en/aristides"],"weight":0.20840999999999985},"num_concepts_raised":41396},{"base_id":330,"kind":"top_words","i1":1,"i2":8,"sol":{"path":["/c/en/da","/c/en/slang","/c/en/usa","/c/en/lisbon"],"weight":0.21245000000000014},"num_concepts_raised":37870},{"base_id":330,"kind":"top_words","i1":1,"i2":9,"sol":{"path":["/c/en/da","/c/en/slang","/c/en/usa","/c/en/angola","/c/en/angolan"],"weight":0.20726999999999995},"num_concepts_raised":30694},{"base_id":330,"kind":"top_words","i1":2,"i2":3,"sol":{"path":["/c/en/portuguese","/c/en/language","/c/en/computing","/c/en/dos"],"weight":0.21890999999999922},"num_concepts_raised":40946},{"base_id":330,"kind":"top_words","i1":2,"i2":4,"sol":{"path":["/c/en/portuguese","/c/en/portugal"],"weight":0.21100000000000002},"num_concepts_raised":820},{"base_id":330,"kind":"top_words","i1":2,"i2":5,"sol":{"path":["/c/en/portuguese","/c/en/brazil","/c/en/brazilian"],"weight":0.20500000000000002},"num_concepts_raised":367},{"base_id":330,"kind":"top_words","i1":2,"i2":6,"sol":{"path":["/c/en/portuguese","/c/en/language","/c/en/japanese","/c/en/bento"],"weight":0.21855999999999937},"num_concepts_raised":32455},{"base_id":330,"kind":"top_words","i1":2,"i2":7,"sol":{"path":["/c/en/portuguese","/c/en/person","/c/en/aristides"],"weight":0.20600000000000002},"num_concepts_raised":241},{"base_id":330,"kind":"top_words","i1":2,"i2":8,"sol":{"path":["/c/en/portuguese","/c/en/portugal","/c/en/lisbon"],"weight":0.21100000000000002},"num_concepts_raised":352},{"base_id":330,"kind":"top_words","i1":2,"i2":9,"sol":{"path":["/c/en/portuguese","/c/en/person_with_nationality","/c/en/angolan"],"weight":0.20400000000000001},"num_concepts_raised":246},{"base_id":330,"kind":"top_words","i1":3,"i2":4,"sol":{"path":["/c/en/dos","/c/en/computing","/c/en/port","/c/en/portugal"],"weight":0.22354999999999853},"num_concepts_raised":34581},{"base_id":330,"kind":"top_words","i1":3,"i2":5,"sol":{"path":["/c/en/dos","/c/en/album","/c/en/one","/c/en/brazilian"],"weight":0.2110499999999993},"num_concepts_raised":34250},{"base_id":330,"kind":"top_words","i1":3,"i2":6,"sol":{"path":["/c/en/dos","/c/en/computing","/c/en/box","/c/en/bento"],"weight":0.21447999999999962},"num_concepts_raised":24300},{"base_id":330,"kind":"top_words","i1":3,"i2":7,"sol":{"path":["/c/en/dos","/c/en/ms_dos","/c/en/personal_computer","/c/en/person","/c/en/aristides"],"weight":0.21593999999999958},"num_concepts_raised":28659},{"base_id":330,"kind":"top_words","i1":3,"i2":8,"sol":{"path":["/c/en/dos","/c/en/computing","/c/en/port","/c/en/portugal","/c/en/lisbon"],"weight":0.22117999999999988},"num_concepts_raised":25063},{"base_id":330,"kind":"top_words","i1":3,"i2":9,"sol":{"path":["/c/en/dos","/c/en/department_of_state","/c/en/state","/c/en/angola","/c/en/angolan"],"weight":0.21176999999999968},"num_concepts_raised":17715},{"base_id":330,"kind":"top_words","i1":4,"i2":5,"sol":{"path":["/c/en/portugal","/c/en/portuguese","/c/en/brazil","/c/en/brazilian"],"weight":0.22549999999999834},"num_concepts_raised":35775},{"base_id":330,"kind":"top_words","i1":4,"i2":6,"sol":{"path":["/c/en/portugal","/c/en/country","/c/en/box","/c/en/bento"],"weight":0.2251599999999987},"num_concepts_raised":26061},{"base_id":330,"kind":"top_words","i1":4,"i2":7,"sol":{"path":["/c/en/portugal","/c/en/portuguese","/c/en/person","/c/en/aristides"],"weight":0.22671999999999864},"num_concepts_raised":30410},{"base_id":330,"kind":"top_words","i1":4,"i2":8,"sol":{"path":["/c/en/portugal","/c/en/lisbon"],"weight":0.21000000000000002},"num_concepts_raised":772},{"base_id":330,"kind":"top_words","i1":4,"i2":9,"sol":{"path":["/c/en/portugal","/c/en/country","/c/en/angola","/c/en/angolan"],"weight":0.22253999999999874},"num_concepts_raised":19363},{"base_id":330,"kind":"top_words","i1":5,"i2":6,"sol":{"path":["/c/en/brazilian","/c/en/person_with_nationality","/c/en/japanese","/c/en/bento"],"weight":0.21068999999999943},"num_concepts_raised":25680},{"base_id":330,"kind":"top_words","i1":5,"i2":7,"sol":{"path":["/c/en/brazilian","/c/en/person","/c/en/aristides"],"weight":0.20400000000000001},"num_concepts_raised":207},{"base_id":330,"kind":"top_words","i1":5,"i2":8,"sol":{"path":["/c/en/brazilian","/c/en/brazil","/c/en/county_seat","/c/en/lisbon"],"weight":0.2143699999999997},"num_concepts_raised":26355},{"base_id":330,"kind":"top_words","i1":5,"i2":9,"sol":{"path":["/c/en/brazilian","/c/en/person_with_nationality","/c/en/angolan"],"weight":0.202},"num_concepts_raised":212},{"base_id":330,"kind":"top_words","i1":6,"i2":7,"sol":{"path":["/c/en/bento","/c/ja/弁当","/c/ja/人","/c/en/person","/c/en/aristides"],"weight":0.21766999999999975},"num_concepts_raised":20056},{"base_id":330,"kind":"top_words","i1":6,"i2":8,"sol":{"path":["/c/en/bento","/c/en/food","/c/en/wine","/c/en/lisbon"],"weight":0.21669000000000005},"num_concepts_raised":16384},{"base_id":330,"kind":"top_words","i1":6,"i2":9,"sol":{"path":["/c/en/bento","/c/en/japanese","/c/en/person_with_nationality","/c/en/angolan"],"weight":0.20925999999999984},"num_concepts_raised":8991},{"base_id":330,"kind":"top_words","i1":7,"i2":8,"sol":{"path":["/c/en/aristides","/c/en/person","/c/en/place","/c/en/lisbon"],"weight":0.21609},"num_concepts_raised":20747},{"base_id":330,"kind":"top_words","i1":7,"i2":9,"sol":{"path":["/c/en/aristides","/c/en/person","/c/en/african","/c/en/angolan"],"weight":0.20876999999999982},"num_concepts_raised":13208},{"base_id":330,"kind":"top_words","i1":8,"i2":9,"sol":{"path":["/c/en/lisbon","/c/en/county_seat","/c/en/angola","/c/en/angolan"],"weight":0.2140200000000001},"num_concepts_raised":9696}]]