[[{"base_id":794,"kind":"bot_words","i1":0,"i2":1,"sol":{"path":["/c/en/pansexual","/c/en/gender","/c/en/male","/c/en/hub","/c/en/concentrator"],"weight":0.20387999999999992},"num_concepts_raised":17834},{"base_id":794,"kind":"bot_words","i1":0,"i2":2,"sol":{"path":["/c/en/pansexual","/c/en/pan","/c/en/legal","/c/en/gamesmanship"],"weight":0.20389},"num_concepts_raised":24486},{"base_id":794,"kind":"bot_words","i1":0,"i2":3,"sol":{"path":["/c/en/pansexual","/c/en/pan","/c/en/rock","/c/en/afrikaner","/c/en/frisians"],"weight":0.21139999999999978},"num_concepts_raised":15043},{"base_id":794,"kind":"bot_words","i1":0,"i2":4,"sol":{"path":["/c/en/pansexual","/c/en/person","/c/en/age","/c/en/paleolithic","/c/en/lascaux"],"weight":0.2083399999999998},"num_concepts_raised":15320},{"base_id":794,"kind":"bot_words","i1":0,"i2":5,"sol":{"path":["/c/en/pansexual","/c/en/gender","/c/en/generic","/c/en/disease","/c/en/goiter"],"weight":0.20432999999999985},"num_concepts_raised":17877},{"base_id":794,"kind":"bot_words","i1":0,"i2":6,"sol":{"path":["/c/en/pansexual","/c/en/person","/c/en/plant","/c/en/aeonium"],"weight":0.2103299999999999},"num_concepts_raised":25388},{"base_id":794,"kind":"bot_words","i1":0,"i2":7,"sol":{"path":["/c/en/pansexual","/c/en/person","/c/en/communication","/c/en/exhortation"],"weight":0.20368999999999976},"num_concepts_raised":16465},{"base_id":794,"kind":"bot_words","i1":0,"i2":8,"sol":{"path":["/c/en/pansexual","/c/en/gender","/c/en/kind","/c/en/makeshift","/c/en/stopgap"],"weight":0.20525999999999994},"num_concepts_raised":19354},{"base_id":794,"kind":"bot_words","i1":0,"i2":9,"sol":{"path":["/c/en/pansexual","/c/en/person","/c/en/land","/c/en/territory"],"weight":0.21966999999999864},"num_concepts_raised":57551},{"base_id":794,"kind":"bot_words","i1":1,"i2":2,"sol":{"path":["/c/en/concentrator","/c/en/separation","/c/en/legal","/c/en/gamesmanship"],"weight":0.2025899999999999},"num_concepts_raised":15125},{"base_id":794,"kind":"bot_words","i1":1,"i2":3,"sol":{"path":["/c/en/concentrator","/c/en/mining","/c/en/rock","/c/en/afrikaner","/c/en/frisians"],"weight":0.2101299999999997},"num_concepts_raised":5527},{"base_id":794,"kind":"bot_words","i1":1,"i2":4,"sol":{"path":["/c/en/concentrator","/c/en/mining","/c/en/country","/c/en/france","/c/en/lascaux"],"weight":0.20811999999999975},"num_concepts_raised":5776},{"base_id":794,"kind":"bot_words","i1":1,"i2":5,"sol":{"path":["/c/en/concentrator","/c/en/firearms","/c/en/neck","/c/en/goitre","/c/en/goiter"],"weight":0.20545999999999975},"num_concepts_raised":8401},{"base_id":794,"kind":"bot_words","i1":1,"i2":6,"sol":{"path":["/c/en/concentrator","/c/en/ore","/c/en/bed","/c/en/plant","/c/en/aeonium"],"weight":0.21013999999999983},"num_concepts_raised":15964},{"base_id":794,"kind":"bot_words","i1":1,"i2":7,"sol":{"path":["/c/en/concentrator","/c/en/mining","/c/en/bede","/c/en/exhort","/c/en/exhortation"],"weight":0.2045799999999997},"num_concepts_raised":6922},{"base_id":794,"kind":"bot_words","i1":1,"i2":8,"sol":{"path":["/c/en/concentrator","/c/en/hub","/c/en/temporary","/c/en/stopgap"],"weight":0.20395999999999986},"num_concepts_raised":9823},{"base_id":794,"kind":"bot_words","i1":1,"i2":9,"sol":{"path":["/c/en/concentrator","/c/en/mining","/c/en/country","/c/en/territory"],"weight":0.21934999999999855},"num_concepts_raised":48369},{"base_id":794,"kind":"bot_words","i1":2,"i2":3,"sol":{"path":["/c/en/gamesmanship","/c/en/game","/c/en/group","/c/en/ethnic_group","/c/en/frisians"],"weight":0.20925999999999978},"num_concepts_raised":12382},{"base_id":794,"kind":"bot_words","i1":2,"i2":4,"sol":{"path":["/c/en/gamesmanship","/c/en/game","/c/en/quail","/c/en/france","/c/en/lascaux"],"weight":0.20926999999999982},"num_concepts_raised":12632},{"base_id":794,"kind":"bot_words","i1":2,"i2":5,"sol":{"path":["/c/en/gamesmanship","/c/en/game","/c/en/term","/c/en/disease","/c/en/goiter"],"weight":0.20419999999999983},"num_concepts_raised":15234},{"base_id":794,"kind":"bot_words","i1":2,"i2":6,"sol":{"path":["/c/en/gamesmanship","/c/en/game","/c/en/set","/c/en/plant","/c/en/aeonium"],"weight":0.2113299999999999},"num_concepts_raised":22781},{"base_id":794,"kind":"bot_words","i1":2,"i2":7,"sol":{"path":["/c/en/gamesmanship","/c/en/game","/c/en/line","/c/en/persuasion","/c/en/exhortation"],"weight":0.20471999999999976},"num_concepts_raised":13736},{"base_id":794,"kind":"bot_words","i1":2,"i2":8,"sol":{"path":["/c/en/gamesmanship","/c/en/game","/c/en/break","/c/en/temporary","/c/en/stopgap"],"weight":0.20523999999999992},"num_concepts_raised":16607},{"base_id":794,"kind":"bot_words","i1":2,"i2":9,"sol":{"path":["/c/en/gamesmanship","/c/en/legal","/c/en/terrier","/c/en/territory"],"weight":0.21830999999999867},"num_concepts_raised":54445},{"base_id":794,"kind":"bot_words","i1":3,"i2":4,"sol":{"path":["/c/en/frisians","/c/en/frisian","/c/en/germany","/c/en/france","/c/en/lascaux"],"weight":0.21558999999999962},"num_concepts_raised":2921},{"base_id":794,"kind":"bot_words","i1":3,"i2":5,"sol":{"path":["/c/en/frisians","/c/en/dutch_people","/c/en/dutch","/c/en/disease","/c/en/goiter"],"weight":0.20855999999999963},"num_concepts_raised":5557},{"base_id":794,"kind":"bot_words","i1":3,"i2":6,"sol":{"path":["/c/en/frisians","/c/en/afrikaner","/c/en/rock","/c/en/plant","/c/en/aeonium"],"weight":0.2176599999999997},"num_concepts_raised":13177},{"base_id":794,"kind":"bot_words","i1":3,"i2":7,"sol":{"path":["/c/en/frisians","/c/en/frisian","/c/en/language","/c/en/communication","/c/en/exhortation"],"weight":0.21095999999999956},"num_concepts_raised":4109},{"base_id":794,"kind":"bot_words","i1":3,"i2":8,"sol":{"path":["/c/en/frisians","/c/en/ethnic_group","/c/en/blin","/c/en/stop","/c/en/stopgap"],"weight":0.20838999999999974},"num_concepts_raised":7065},{"base_id":794,"kind":"bot_words","i1":3,"i2":9,"sol":{"path":["/c/en/frisians","/c/en/dutch_people","/c/en/nation","/c/en/territory"],"weight":0.22169999999999848},"num_concepts_raised":45792},{"base_id":794,"kind":"bot_words","i1":4,"i2":5,"sol":{"path":["/c/en/lascaux","/c/en/paleolithic","/c/en/period","/c/en/disease","/c/en/goiter"],"weight":0.2085599999999997},"num_concepts_raised":5807},{"base_id":794,"kind":"bot_words","i1":4,"i2":6,"sol":{"path":["/c/en/lascaux","/c/en/france","/c/en/paris","/c/en/plant","/c/en/aeonium"],"weight":0.21566999999999972},"num_concepts_raised":13425},{"base_id":794,"kind":"bot_words","i1":4,"i2":7,"sol":{"path":["/c/en/lascaux","/c/en/france","/c/fr/crosse","/c/fr/religion","/c/fr/exhortation","/c/en/exhortation"],"weight":0.2170626999999994},"num_concepts_raised":306744},{"base_id":794,"kind":"bot_words","i1":4,"i2":8,"sol":{"path":["/c/en/lascaux","/c/en/france","/c/fr/métro","/c/en/measure","/c/en/stopgap"],"weight":0.20841999999999977},"num_concepts_raised":7312},{"base_id":794,"kind":"bot_words","i1":4,"i2":9,"sol":{"path":["/c/en/lascaux","/c/en/france","/c/en/country","/c/en/territory"],"weight":0.22499999999999845},"num_concepts_raised":45997},{"base_id":794,"kind":"bot_words","i1":5,"i2":6,"sol":{"path":["/c/en/goiter","/c/en/goitre","/c/en/neck","/c/en/stem","/c/en/aeonium"],"weight":0.21091999999999975},"num_concepts_raised":15971},{"base_id":794,"kind":"bot_words","i1":5,"i2":7,"sol":{"path":["/c/en/goiter","/c/en/disease","/c/en/example","/c/en/admonition","/c/en/exhortation"],"weight":0.20409999999999962},"num_concepts_raised":6983},{"base_id":794,"kind":"bot_words","i1":5,"i2":8,"sol":{"path":["/c/en/goiter","/c/en/goitre","/c/en/neck","/c/en/gap","/c/en/stopgap"],"weight":0.2057499999999998},"num_concepts_raised":9931},{"base_id":794,"kind":"bot_words","i1":5,"i2":9,"sol":{"path":["/c/en/goiter","/c/en/goitre","/c/en/neck","/c/en/land","/c/en/territory"],"weight":0.2223099999999985},"num_concepts_raised":48663},{"base_id":794,"kind":"bot_words","i1":6,"i2":7,"sol":{"path":["/c/en/aeonium","/c/en/plant","/c/en/book","/c/en/persuasion","/c/en/exhortation"],"weight":0.21107999999999966},"num_concepts_raised":14602},{"base_id":794,"kind":"bot_words","i1":6,"i2":8,"sol":{"path":["/c/en/aeonium","/c/en/stem","/c/en/stop","/c/en/stopgap"],"weight":0.20828999999999984},"num_concepts_raised":17468},{"base_id":794,"kind":"bot_words","i1":6,"i2":9,"sol":{"path":["/c/en/aeonium","/c/en/plant","/c/en/terrestrial","/c/en/territory"],"weight":0.2257199999999986},"num_concepts_raised":55895},{"base_id":794,"kind":"bot_words","i1":7,"i2":8,"sol":{"path":["/c/en/exhortation","/c/fr/exhortation","/c/fr/action","/c/fr/solution","/c/en/stopgap"],"weight":0.2059099999999997},"num_concepts_raised":8472},{"base_id":794,"kind":"bot_words","i1":7,"i2":9,"sol":{"path":["/c/en/exhortation","/c/en/communication","/c/en/song","/c/en/territory"],"weight":0.21673999999999846},"num_concepts_raised":47144},{"base_id":794,"kind":"bot_words","i1":8,"i2":9,"sol":{"path":["/c/en/stopgap","/c/en/gap","/c/en/terrace","/c/en/territory"],"weight":0.21841999999999862},"num_concepts_raised":49717}],[{"base_id":794,"kind":"top_words","i1":0,"i2":1,"sol":{"path":["/c/en/propitious","/c/en/advantageous","/c/en/positive","/c/en/blood","/c/en/thromboplastin"],"weight":0.20407999999999984},"num_concepts_raised":11927},{"base_id":794,"kind":"top_words","i1":0,"i2":2,"sol":{"path":["/c/en/propitious","/c/fr/propice","/c/en/opportune","/c/en/inopportune"],"weight":0.2078799999999998},"num_concepts_raised":14012},{"base_id":794,"kind":"top_words","i1":0,"i2":3,"sol":{"path":["/c/en/propitious","/c/en/bad","/c/en/rank","/c/en/protein","/c/en/prothrombin"],"weight":0.20415999999999987},"num_concepts_raised":11692},{"base_id":794,"kind":"top_words","i1":0,"i2":4,"sol":{"path":["/c/en/propitious","/c/en/bad","/c/en/accident","/c/en/rubbernecking"],"weight":0.20891999999999983},"num_concepts_raised":10924},{"base_id":794,"kind":"top_words","i1":0,"i2":5,"sol":{"path":["/c/en/propitious","/c/en/auspicious","/c/en/good","/c/en/art","/c/en/homiletics"],"weight":0.20641999999999983},"num_concepts_raised":11229},{"base_id":794,"kind":"top_words","i1":0,"i2":6,"sol":{"path":["/c/en/propitious","/c/en/present","/c/en/frame","/c/en/dagger","/c/en/khanjar"],"weight":0.2046099999999999},"num_concepts_raised":8637},{"base_id":794,"kind":"top_words","i1":0,"i2":7,"sol":{"path":["/c/en/propitious","/c/en/advantageous","/c/en/fruit","/c/en/tangible_thing","/c/en/oled"],"weight":0.20928999999999973},"num_concepts_raised":11127},{"base_id":794,"kind":"top_words","i1":0,"i2":8,"sol":{"path":["/c/en/propitious","/c/en/bad","/c/en/inferior","/c/en/maundy"],"weight":0.20376999999999984},"num_concepts_raised":17996},{"base_id":794,"kind":"top_words","i1":0,"i2":9,"sol":{"path":["/c/en/propitious","/c/fr/bon","/c/en/nice","/c/en/busybody","/c/en/meddler"],"weight":0.2054299999999998},"num_concepts_raised":8962},{"base_id":794,"kind":"top_words","i1":1,"i2":2,"sol":{"path":["/c/en/thromboplastin","/c/en/blood","/c/en/negative","/c/en/disadvantageous","/c/en/inopportune"],"weight":0.20435999999999982},"num_concepts_raised":9852},{"base_id":794,"kind":"top_words","i1":1,"i2":3,"sol":{"path":["/c/en/thromboplastin","/c/en/prothrombin"],"weight":0.202},"num_concepts_raised":54},{"base_id":794,"kind":"top_words","i1":1,"i2":4,"sol":{"path":["/c/en/thromboplastin","/c/en/blood","/c/en/us","/c/en/rubberneck","/c/en/rubbernecking"],"weight":0.20991999999999988},"num_concepts_raised":6564},{"base_id":794,"kind":"top_words","i1":1,"i2":5,"sol":{"path":["/c/en/thromboplastin","/c/en/blood","/c/en/color","/c/en/art","/c/en/homiletics"],"weight":0.20275999999999988},"num_concepts_raised":6881},{"base_id":794,"kind":"top_words","i1":1,"i2":6,"sol":{"path":["/c/en/thromboplastin","/c/en/blood","/c/fr/anatomie","/c/fr/lame","/c/fr/kandjar","/c/en/khanjar"],"weight":0.20814499999999975},"num_concepts_raised":204178},{"base_id":794,"kind":"top_words","i1":1,"i2":7,"sol":{"path":["/c/en/thromboplastin","/c/en/enzyme","/c/en/tangible_thing","/c/en/oled"],"weight":0.2080299999999998},"num_concepts_raised":6722},{"base_id":794,"kind":"top_words","i1":1,"i2":8,"sol":{"path":["/c/en/thromboplastin","/c/en/thrombin","/c/en/protein","/c/en/foot","/c/en/maundy"],"weight":0.20273999999999986},"num_concepts_raised":13810},{"base_id":794,"kind":"top_words","i1":1,"i2":9,"sol":{"path":["/c/en/thromboplastin","/c/en/blood","/c/en/body","/c/en/busybody","/c/en/meddler"],"weight":0.20441999999999988},"num_concepts_raised":4575},{"base_id":794,"kind":"top_words","i1":2,"i2":3,"sol":{"path":["/c/en/inopportune","/c/en/time","/c/en/sequence","/c/en/protein","/c/en/prothrombin"],"weight":0.20375999999999989},"num_concepts_raised":9617},{"base_id":794,"kind":"top_words","i1":2,"i2":4,"sol":{"path":["/c/en/inopportune","/c/en/inappropriate","/c/en/unseemly","/c/en/rubbernecking"],"weight":0.20850999999999983},"num_concepts_raised":8801},{"base_id":794,"kind":"top_words","i1":2,"i2":5,"sol":{"path":["/c/en/inopportune","/c/en/time","/c/en/art","/c/en/homiletics"],"weight":0.2034099999999998},"num_concepts_raised":9142},{"base_id":794,"kind":"top_words","i1":2,"i2":6,"sol":{"path":["/c/en/inopportune","/c/en/purpose","/c/en/steel","/c/en/dagger","/c/en/khanjar"],"weight":0.2041099999999999},"num_concepts_raised":6558},{"base_id":794,"kind":"top_words","i1":2,"i2":7,"sol":{"path":["/c/en/inopportune","/c/en/disadvantageous","/c/en/fruit","/c/en/tangible_thing","/c/en/oled"],"weight":0.20958999999999972},"num_concepts_raised":9050},{"base_id":794,"kind":"top_words","i1":2,"i2":8,"sol":{"path":["/c/en/inopportune","/c/en/time","/c/en/lord","/c/en/maundy"],"weight":0.20335999999999982},"num_concepts_raised":15986},{"base_id":794,"kind":"top_words","i1":2,"i2":9,"sol":{"path":["/c/en/inopportune","/c/it/importuno","/c/fr/importun","/c/en/buttinsky","/c/en/meddler"],"weight":0.20574999999999982},"num_concepts_raised":6881},{"base_id":794,"kind":"top_words","i1":3,"i2":4,"sol":{"path":["/c/en/prothrombin","/c/en/protein","/c/en/expression","/c/en/vehicle","/c/en/rubbernecking"],"weight":0.20813999999999994},"num_concepts_raised":6332},{"base_id":794,"kind":"top_words","i1":3,"i2":5,"sol":{"path":["/c/en/prothrombin","/c/en/protein","/c/en/expression","/c/en/art","/c/en/homiletics"],"weight":0.2030499999999999},"num_concepts_raised":6646},{"base_id":794,"kind":"top_words","i1":3,"i2":6,"sol":{"path":["/c/en/prothrombin","/c/en/liver","/c/fr/anatomie","/c/fr/lame","/c/fr/kandjar","/c/en/khanjar"],"weight":0.20837519999999987},"num_concepts_raised":184527},{"base_id":794,"kind":"top_words","i1":3,"i2":7,"sol":{"path":["/c/en/prothrombin","/c/en/thrombin","/c/en/enzyme","/c/en/tangible_thing","/c/en/oled"],"weight":0.21040999999999982},"num_concepts_raised":6477},{"base_id":794,"kind":"top_words","i1":3,"i2":8,"sol":{"path":["/c/en/prothrombin","/c/en/protein","/c/en/foot","/c/en/maundy"],"weight":0.2029999999999999},"num_concepts_raised":13575},{"base_id":794,"kind":"top_words","i1":3,"i2":9,"sol":{"path":["/c/en/prothrombin","/c/en/liver","/c/en/body","/c/en/busybody","/c/en/meddler"],"weight":0.2046199999999999},"num_concepts_raised":4331},{"base_id":794,"kind":"top_words","i1":4,"i2":5,"sol":{"path":["/c/en/rubbernecking","/c/en/observation","/c/en/art","/c/en/homiletics"],"weight":0.20774999999999988},"num_concepts_raised":5891},{"base_id":794,"kind":"top_words","i1":4,"i2":6,"sol":{"path":["/c/en/rubbernecking","/c/en/vehicle","/c/en/ship","/c/en/dagger","/c/en/khanjar"],"weight":0.20858999999999994},"num_concepts_raised":3265},{"base_id":794,"kind":"top_words","i1":4,"i2":7,"sol":{"path":["/c/en/rubbernecking","/c/en/accident","/c/en/case","/c/fr/électronique","/c/en/oled"],"weight":0.2131799999999998},"num_concepts_raised":5765},{"base_id":794,"kind":"top_words","i1":4,"i2":8,"sol":{"path":["/c/en/rubbernecking","/c/en/accident","/c/en/death","/c/en/last_supper","/c/en/maundy"],"weight":0.20780999999999988},"num_concepts_raised":12801},{"base_id":794,"kind":"top_words","i1":4,"i2":9,"sol":{"path":["/c/en/rubbernecking","/c/en/rubberneck","/c/en/us","/c/en/meddle","/c/en/meddler"],"weight":0.21127999999999988},"num_concepts_raised":3589},{"base_id":794,"kind":"top_words","i1":5,"i2":6,"sol":{"path":["/c/en/homiletics","/c/en/art","/c/en/frame","/c/en/dagger","/c/en/khanjar"],"weight":0.2034999999999999},"num_concepts_raised":3581},{"base_id":794,"kind":"top_words","i1":5,"i2":7,"sol":{"path":["/c/en/homiletics","/c/en/art","/c/en/collector","/c/fr/électronique","/c/en/oled"],"weight":0.20805999999999975},"num_concepts_raised":6078},{"base_id":794,"kind":"top_words","i1":5,"i2":8,"sol":{"path":["/c/en/homiletics","/c/en/theology","/c/en/god","/c/en/christ","/c/en/maundy"],"weight":0.20269999999999988},"num_concepts_raised":13067},{"base_id":794,"kind":"top_words","i1":5,"i2":9,"sol":{"path":["/c/en/homiletics","/c/en/art","/c/en/monkey","/c/en/meddle","/c/en/meddler"],"weight":0.20411999999999986},"num_concepts_raised":3911},{"base_id":794,"kind":"top_words","i1":6,"i2":7,"sol":{"path":["/c/en/khanjar","/c/en/dagger","/c/en/knife","/c/en/chopper","/c/fr/électronique","/c/en/oled"],"weight":0.21240799999999965},"num_concepts_raised":173623},{"base_id":794,"kind":"top_words","i1":6,"i2":8,"sol":{"path":["/c/en/khanjar","/c/en/dagger","/c/en/small","/c/en/foot","/c/en/maundy"],"weight":0.20344999999999994},"num_concepts_raised":10526},{"base_id":794,"kind":"top_words","i1":6,"i2":9,"sol":{"path":["/c/en/khanjar","/c/en/dagger","/c/en/bayonet","/c/en/bore","/c/it/impiccione","/c/en/meddler"],"weight":0.21158159999999984},"num_concepts_raised":108469},{"base_id":794,"kind":"top_words","i1":7,"i2":8,"sol":{"path":["/c/en/oled","/c/en/tangible_thing","/c/en/ceremony","/c/en/maundy"],"weight":0.2079399999999998},"num_concepts_raised":13004},{"base_id":794,"kind":"top_words","i1":7,"i2":9,"sol":{"path":["/c/en/oled","/c/en/light_emitting_diode","/c/en/physics","/c/en/interfere","/c/en/meddler"],"weight":0.20846999999999977},"num_concepts_raised":3770},{"base_id":794,"kind":"top_words","i1":8,"i2":9,"sol":{"path":["/c/en/maundy","/c/en/foot","/c/en/body","/c/en/busybody","/c/en/meddler"],"weight":0.20432999999999985},"num_concepts_raised":10855}]]