[[{"base_id":203,"kind":"bot_words","i1":0,"i2":1,"sol":{"path":["/c/en/floorball","/c/en/sport","/c/en/person","/c/en/romanian","/c/en/aromanian"],"weight":0.20973000000000006},"num_concepts_raised":9675},{"base_id":203,"kind":"bot_words","i1":0,"i2":2,"sol":{"path":["/c/en/floorball","/c/en/sport","/c/en/kill","/c/en/sword","/c/en/pata"],"weight":0.21367999999999995},"num_concepts_raised":4950},{"base_id":203,"kind":"bot_words","i1":0,"i2":3,"sol":{"path":["/c/en/floorball","/c/en/sport","/c/en/person","/c/en/apicius"],"weight":0.21774},"num_concepts_raised":14225},{"base_id":203,"kind":"bot_words","i1":0,"i2":4,"sol":{"path":["/c/en/floorball","/c/en/hockey","/c/en/flyer","/c/en/kangaroo"],"weight":0.21316000000000035},"num_concepts_raised":12799},{"base_id":203,"kind":"bot_words","i1":0,"i2":5,"sol":{"path":["/c/en/floorball","/c/en/sport","/c/en/glass","/c/en/vaseline"],"weight":0.20899000000000012},"num_concepts_raised":5399},{"base_id":203,"kind":"bot_words","i1":0,"i2":6,"sol":{"path":["/c/en/floorball","/c/en/sport","/c/en/turf","/c/en/territory"],"weight":0.22191999999999878},"num_concepts_raised":46199},{"base_id":203,"kind":"bot_words","i1":0,"i2":7,"sol":{"path":["/c/en/floorball","/c/en/sport","/c/en/field","/c/en/plain","/c/en/lament","/c/en/lamented"],"weight":0.21450929999999951},"num_concepts_raised":236310},{"base_id":203,"kind":"bot_words","i1":0,"i2":8,"sol":{"path":["/c/en/floorball","/c/en/sport","/c/en/st_louis","/c/en/france","/c/en/loire"],"weight":0.21492},"num_concepts_raised":7066},{"base_id":203,"kind":"bot_words","i1":0,"i2":9,"sol":{"path":["/c/en/floorball","/c/en/sport","/c/en/person","/c/en/jezebel"],"weight":0.2146900000000001},"num_concepts_raised":22252},{"base_id":203,"kind":"bot_words","i1":1,"i2":2,"sol":{"path":["/c/en/aromanian","/c/en/romanian","/c/en/language","/c/en/tool","/c/en/weapon","/c/en/pata"],"weight":0.2125662999999996},"num_concepts_raised":444845},{"base_id":203,"kind":"bot_words","i1":1,"i2":3,"sol":{"path":["/c/en/aromanian","/c/en/romanian","/c/en/person","/c/en/apicius"],"weight":0.21306999999999984},"num_concepts_raised":20075},{"base_id":203,"kind":"bot_words","i1":1,"i2":4,"sol":{"path":["/c/en/aromanian","/c/fr/linguistique","/c/fr/marsupial","/c/fr/kangourou","/c/en/kangaroo"],"weight":0.21088000000000023},"num_concepts_raised":18725},{"base_id":203,"kind":"bot_words","i1":1,"i2":5,"sol":{"path":["/c/en/aromanian","/c/fr/linguistique","/c/de/gehoben","/c/de/wasser","/c/en/vaseline"],"weight":0.20317999999999997},"num_concepts_raised":11246},{"base_id":203,"kind":"bot_words","i1":1,"i2":6,"sol":{"path":["/c/en/aromanian","/c/en/republic_of_macedonia","/c/en/country","/c/en/territory"],"weight":0.2195199999999986},"num_concepts_raised":52166},{"base_id":203,"kind":"bot_words","i1":1,"i2":7,"sol":{"path":["/c/en/aromanian","/c/en/romanian","/c/en/person","/c/en/sorrow","/c/en/lament","/c/en/lamented"],"weight":0.2097464999999997},"num_concepts_raised":262266},{"base_id":203,"kind":"bot_words","i1":1,"i2":8,"sol":{"path":["/c/en/aromanian","/c/fr/linguistique","/c/fr/français","/c/fr/loire","/c/en/loire"],"weight":0.2161199999999998},"num_concepts_raised":12901},{"base_id":203,"kind":"bot_words","i1":1,"i2":9,"sol":{"path":["/c/en/aromanian","/c/en/romanian","/c/en/person","/c/en/jezebel"],"weight":0.21001999999999998},"num_concepts_raised":28106},{"base_id":203,"kind":"bot_words","i1":2,"i2":3,"sol":{"path":["/c/en/pata","/c/en/sword","/c/en/edge","/c/en/person","/c/en/apicius"],"weight":0.21701999999999977},"num_concepts_raised":15310},{"base_id":203,"kind":"bot_words","i1":2,"i2":4,"sol":{"path":["/c/en/pata","/c/en/heavy_metal_music","/c/en/animal","/c/en/marsupial","/c/en/kangaroo"],"weight":0.21464000000000014},"num_concepts_raised":13964},{"base_id":203,"kind":"bot_words","i1":2,"i2":5,"sol":{"path":["/c/en/pata","/c/en/sword","/c/en/metal","/c/en/glass","/c/en/vaseline"],"weight":0.2082599999999999},"num_concepts_raised":6519},{"base_id":203,"kind":"bot_words","i1":2,"i2":6,"sol":{"path":["/c/en/pata","/c/en/kiput","/c/en/province","/c/en/territory"],"weight":0.22331999999999852},"num_concepts_raised":47403},{"base_id":203,"kind":"bot_words","i1":2,"i2":7,"sol":{"path":["/c/en/pata","/c/en/rock_music","/c/en/song","/c/en/lament","/c/en/lamented"],"weight":0.20880999999999977},"num_concepts_raised":3928},{"base_id":203,"kind":"bot_words","i1":2,"i2":8,"sol":{"path":["/c/en/pata","/c/en/sword","/c/en/lay","/c/en/france","/c/en/loire"],"weight":0.21418999999999977},"num_concepts_raised":8186},{"base_id":203,"kind":"bot_words","i1":2,"i2":9,"sol":{"path":["/c/en/pata","/c/en/musical_artist","/c/en/princess","/c/en/jezebel"],"weight":0.2138799999999999},"num_concepts_raised":23333},{"base_id":203,"kind":"bot_words","i1":3,"i2":4,"sol":{"path":["/c/en/apicius","/c/en/person","/c/en/jacket","/c/en/kangaroo"],"weight":0.21654000000000018},"num_concepts_raised":23095},{"base_id":203,"kind":"bot_words","i1":3,"i2":5,"sol":{"path":["/c/en/apicius","/c/en/person","/c/en/water","/c/en/glass","/c/en/vaseline"],"weight":0.2123699999999999},"num_concepts_raised":15784},{"base_id":203,"kind":"bot_words","i1":3,"i2":6,"sol":{"path":["/c/en/apicius","/c/en/person","/c/en/land","/c/en/territory"],"weight":0.22869999999999852},"num_concepts_raised":56247},{"base_id":203,"kind":"bot_words","i1":3,"i2":7,"sol":{"path":["/c/en/apicius","/c/en/person","/c/en/sorrow","/c/en/lament","/c/en/lamented"],"weight":0.2129399999999998},"num_concepts_raised":13223},{"base_id":203,"kind":"bot_words","i1":3,"i2":8,"sol":{"path":["/c/en/apicius","/c/la/apis","/c/fr/localités","/c/fr/loire","/c/en/loire"],"weight":0.22518999999999975},"num_concepts_raised":17460},{"base_id":203,"kind":"bot_words","i1":3,"i2":9,"sol":{"path":["/c/en/apicius","/c/en/person","/c/en/jezebel"],"weight":0.20800000000000002},"num_concepts_raised":92},{"base_id":203,"kind":"bot_words","i1":4,"i2":5,"sol":{"path":["/c/en/kangaroo","/c/fr/kangourou","/c/de/übertragen","/c/de/wasser","/c/en/vaseline"],"weight":0.2109400000000003},"num_concepts_raised":14370},{"base_id":203,"kind":"bot_words","i1":4,"i2":6,"sol":{"path":["/c/en/kangaroo","/c/en/canada","/c/en/territory"],"weight":0.20400000000000001},"num_concepts_raised":811},{"base_id":203,"kind":"bot_words","i1":4,"i2":7,"sol":{"path":["/c/en/kangaroo","/c/th/จิงโจ้","/c/en/cry","/c/en/lament","/c/en/lamented"],"weight":0.2103900000000002},"num_concepts_raised":11871},{"base_id":203,"kind":"bot_words","i1":4,"i2":8,"sol":{"path":["/c/en/kangaroo","/c/en/pocket","/c/en/river","/c/en/loire"],"weight":0.21368000000000015},"num_concepts_raised":15966},{"base_id":203,"kind":"bot_words","i1":4,"i2":9,"sol":{"path":["/c/en/kangaroo","/c/en/jacket","/c/en/person","/c/en/jezebel"],"weight":0.2134900000000003},"num_concepts_raised":31022},{"base_id":203,"kind":"bot_words","i1":5,"i2":6,"sol":{"path":["/c/en/vaseline","/c/en/glass","/c/en/part","/c/en/territory"],"weight":0.21657999999999872},"num_concepts_raised":47786},{"base_id":203,"kind":"bot_words","i1":5,"i2":7,"sol":{"path":["/c/en/vaseline","/c/en/glass","/c/en/water","/c/en/cry","/c/en/lament","/c/en/lamented"],"weight":0.20831829999999962},"num_concepts_raised":325855},{"base_id":203,"kind":"bot_words","i1":5,"i2":8,"sol":{"path":["/c/en/vaseline","/c/en/glass","/c/en/water","/c/en/river","/c/en/loire"],"weight":0.2095399999999999},"num_concepts_raised":8625},{"base_id":203,"kind":"bot_words","i1":5,"i2":9,"sol":{"path":["/c/en/vaseline","/c/pl/wazelina","/c/en/pejorative","/c/en/jezebel"],"weight":0.20917000000000002},"num_concepts_raised":23804},{"base_id":203,"kind":"bot_words","i1":6,"i2":7,"sol":{"path":["/c/en/territory","/c/en/song","/c/en/lament","/c/en/lamented"],"weight":0.2169299999999986},"num_concepts_raised":45422},{"base_id":203,"kind":"bot_words","i1":6,"i2":8,"sol":{"path":["/c/en/territory","/c/en/country","/c/en/river","/c/en/loire"],"weight":0.22595999999999855},"num_concepts_raised":49165},{"base_id":203,"kind":"bot_words","i1":6,"i2":9,"sol":{"path":["/c/en/territory","/c/en/land","/c/en/person","/c/en/jezebel"],"weight":0.22564999999999866},"num_concepts_raised":64081},{"base_id":203,"kind":"bot_words","i1":7,"i2":8,"sol":{"path":["/c/en/lamented","/c/en/lament","/c/en/song","/c/en/river","/c/en/loire"],"weight":0.2100699999999998},"num_concepts_raised":6049},{"base_id":203,"kind":"bot_words","i1":7,"i2":9,"sol":{"path":["/c/en/lamented","/c/en/lament","/c/en/sorrow","/c/en/person","/c/en/jezebel"],"weight":0.20988999999999994},"num_concepts_raised":21261},{"base_id":203,"kind":"bot_words","i1":8,"i2":9,"sol":{"path":["/c/en/loire","/c/fr/loire","/c/fr/lorette","/c/en/woman","/c/en/jezebel"],"weight":0.22213999999999987},"num_concepts_raised":25480}],[{"base_id":203,"kind":"top_words","i1":0,"i2":1,"sol":{"path":["/c/en/sorption","/c/en/movement","/c/en/advection"],"weight":0.202},"num_concepts_raised":78},{"base_id":203,"kind":"top_words","i1":0,"i2":2,"sol":{"path":["/c/en/sorption","/c/en/adsorption","/c/fr/chimie","/c/en/deflagration"],"weight":0.20556999999999997},"num_concepts_raised":15225},{"base_id":203,"kind":"top_words","i1":0,"i2":3,"sol":{"path":["/c/en/sorption","/c/en/absorption","/c/en/physics","/c/en/fugacity"],"weight":0.2042799999999999},"num_concepts_raised":20960},{"base_id":203,"kind":"top_words","i1":0,"i2":4,"sol":{"path":["/c/en/sorption","/c/en/absorption","/c/en/physics","/c/en/supersaturation"],"weight":0.20430999999999996},"num_concepts_raised":13289},{"base_id":203,"kind":"top_words","i1":0,"i2":5,"sol":{"path":["/c/en/sorption","/c/en/natural_process","/c/en/transpiration"],"weight":0.20400000000000001},"num_concepts_raised":151},{"base_id":203,"kind":"top_words","i1":0,"i2":6,"sol":{"path":["/c/en/sorption","/c/en/natural_process","/c/en/diffusion","/c/en/diffusive"],"weight":0.20302999999999988},"num_concepts_raised":3288},{"base_id":203,"kind":"top_words","i1":0,"i2":7,"sol":{"path":["/c/en/sorption","/c/en/natural_process","/c/en/decay","/c/en/masker"],"weight":0.20308999999999994},"num_concepts_raised":9338},{"base_id":203,"kind":"top_words","i1":0,"i2":8,"sol":{"path":["/c/en/sorption","/c/en/sciences","/c/en/realism","/c/en/external","/c/en/externality"],"weight":0.21047999999999983},"num_concepts_raised":5886},{"base_id":203,"kind":"top_words","i1":0,"i2":9,"sol":{"path":["/c/en/sorption","/c/en/adsorption","/c/en/gas","/c/en/state","/c/en/heterozygosity"],"weight":0.20522999999999997},"num_concepts_raised":5479},{"base_id":203,"kind":"top_words","i1":1,"i2":2,"sol":{"path":["/c/en/advection","/c/en/chemistry","/c/en/combustion","/c/en/deflagration"],"weight":0.20468999999999998},"num_concepts_raised":30918},{"base_id":203,"kind":"top_words","i1":1,"i2":3,"sol":{"path":["/c/en/advection","/c/en/fluid","/c/en/fugacity"],"weight":0.202},"num_concepts_raised":69},{"base_id":203,"kind":"top_words","i1":1,"i2":4,"sol":{"path":["/c/en/advection","/c/en/chemistry","/c/en/supersaturated","/c/en/supersaturation"],"weight":0.20436999999999994},"num_concepts_raised":28466},{"base_id":203,"kind":"top_words","i1":1,"i2":5,"sol":{"path":["/c/en/advection","/c/en/fluid","/c/en/perspiration","/c/en/transpiration"],"weight":0.20968999999999968},"num_concepts_raised":44056},{"base_id":203,"kind":"top_words","i1":1,"i2":6,"sol":{"path":["/c/en/advection","/c/en/movement","/c/en/diffusion","/c/en/diffusive"],"weight":0.20319999999999988},"num_concepts_raised":19739},{"base_id":203,"kind":"top_words","i1":1,"i2":7,"sol":{"path":["/c/en/advection","/c/en/chemistry","/c/en/decay","/c/en/masker"],"weight":0.20326999999999992},"num_concepts_raised":25745},{"base_id":203,"kind":"top_words","i1":1,"i2":8,"sol":{"path":["/c/en/advection","/c/en/chemistry","/c/en/exothermic","/c/en/external","/c/en/externality"],"weight":0.21065999999999982},"num_concepts_raised":22328},{"base_id":203,"kind":"top_words","i1":1,"i2":9,"sol":{"path":["/c/en/advection","/c/en/motion","/c/en/state","/c/en/heterozygosity"],"weight":0.20318999999999995},"num_concepts_raised":21881},{"base_id":203,"kind":"top_words","i1":2,"i2":3,"sol":{"path":["/c/en/deflagration","/c/en/deflagrate","/c/en/physics","/c/en/fugacity"],"weight":0.20409999999999995},"num_concepts_raised":31113},{"base_id":203,"kind":"top_words","i1":2,"i2":4,"sol":{"path":["/c/en/deflagration","/c/en/deflagrate","/c/en/physics","/c/en/supersaturation"],"weight":0.20411999999999997},"num_concepts_raised":23402},{"base_id":203,"kind":"top_words","i1":2,"i2":5,"sol":{"path":["/c/en/deflagration","/c/en/combustion","/c/en/gas","/c/en/transpiration"],"weight":0.21044999999999972},"num_concepts_raised":38333},{"base_id":203,"kind":"top_words","i1":2,"i2":6,"sol":{"path":["/c/en/deflagration","/c/en/combustion","/c/en/heat","/c/en/diffusivity","/c/en/diffusive"],"weight":0.20409999999999992},"num_concepts_raised":13431},{"base_id":203,"kind":"top_words","i1":2,"i2":7,"sol":{"path":["/c/en/deflagration","/c/en/fire","/c/en/cover","/c/en/mask","/c/en/masker"],"weight":0.20432999999999996},"num_concepts_raised":19447},{"base_id":203,"kind":"top_words","i1":2,"i2":8,"sol":{"path":["/c/en/deflagration","/c/en/combustion","/c/en/internal","/c/en/external","/c/en/externality"],"weight":0.21153999999999987},"num_concepts_raised":16007},{"base_id":203,"kind":"top_words","i1":2,"i2":9,"sol":{"path":["/c/en/deflagration","/c/en/combustion","/c/en/heat","/c/en/state","/c/en/heterozygosity"],"weight":0.20416},"num_concepts_raised":15630},{"base_id":203,"kind":"top_words","i1":3,"i2":4,"sol":{"path":["/c/en/fugacity","/c/en/physics","/c/en/supersaturation"],"weight":0.202},"num_concepts_raised":51},{"base_id":203,"kind":"top_words","i1":3,"i2":5,"sol":{"path":["/c/en/fugacity","/c/en/plant","/c/en/transpiration"],"weight":0.20400000000000001},"num_concepts_raised":142},{"base_id":203,"kind":"top_words","i1":3,"i2":6,"sol":{"path":["/c/en/fugacity","/c/en/physics","/c/en/diffusion","/c/en/diffusive"],"weight":0.20274999999999982},"num_concepts_raised":19262},{"base_id":203,"kind":"top_words","i1":3,"i2":7,"sol":{"path":["/c/en/fugacity","/c/en/physics","/c/en/decay","/c/en/masker"],"weight":0.20277999999999988},"num_concepts_raised":25280},{"base_id":203,"kind":"top_words","i1":3,"i2":8,"sol":{"path":["/c/en/fugacity","/c/en/physics","/c/en/perturbation","/c/en/external","/c/en/externality"],"weight":0.21016999999999977},"num_concepts_raised":21870},{"base_id":203,"kind":"top_words","i1":3,"i2":9,"sol":{"path":["/c/en/fugacity","/c/en/phase","/c/en/genetics","/c/en/heterozygous","/c/en/heterozygosity"],"weight":0.2037299999999999},"num_concepts_raised":21443},{"base_id":203,"kind":"top_words","i1":4,"i2":5,"sol":{"path":["/c/en/supersaturation","/c/en/physiology","/c/en/transpiration"],"weight":0.20400000000000001},"num_concepts_raised":137},{"base_id":203,"kind":"top_words","i1":4,"i2":6,"sol":{"path":["/c/en/supersaturation","/c/en/physics","/c/en/diffusion","/c/en/diffusive"],"weight":0.20275999999999988},"num_concepts_raised":11573},{"base_id":203,"kind":"top_words","i1":4,"i2":7,"sol":{"path":["/c/en/supersaturation","/c/en/physics","/c/en/decay","/c/en/masker"],"weight":0.20279999999999992},"num_concepts_raised":17615},{"base_id":203,"kind":"top_words","i1":4,"i2":8,"sol":{"path":["/c/en/supersaturation","/c/en/physics","/c/en/perturbation","/c/en/external","/c/en/externality"],"weight":0.21018999999999982},"num_concepts_raised":14161},{"base_id":203,"kind":"top_words","i1":4,"i2":9,"sol":{"path":["/c/en/supersaturation","/c/en/physics","/c/en/energy","/c/en/state","/c/en/heterozygosity"],"weight":0.20276999999999995},"num_concepts_raised":13750},{"base_id":203,"kind":"top_words","i1":5,"i2":6,"sol":{"path":["/c/en/transpiration","/c/en/water","/c/en/diffuse","/c/en/diffusive"],"weight":0.20899999999999963},"num_concepts_raised":26619},{"base_id":203,"kind":"top_words","i1":5,"i2":7,"sol":{"path":["/c/en/transpiration","/c/en/natural_process","/c/en/decay","/c/en/masker"],"weight":0.20898999999999968},"num_concepts_raised":32521},{"base_id":203,"kind":"top_words","i1":5,"i2":8,"sol":{"path":["/c/en/transpiration","/c/en/botany","/c/en/shell","/c/en/external","/c/en/externality"],"weight":0.21660999999999958},"num_concepts_raised":29169},{"base_id":203,"kind":"top_words","i1":5,"i2":9,"sol":{"path":["/c/en/transpiration","/c/en/water","/c/en/state","/c/en/heterozygosity"],"weight":0.2090499999999997},"num_concepts_raised":28765},{"base_id":203,"kind":"top_words","i1":6,"i2":7,"sol":{"path":["/c/en/diffusive","/c/en/diffusion","/c/en/linguistic","/c/en/dialectal","/c/en/masker"],"weight":0.20272999999999988},"num_concepts_raised":7534},{"base_id":203,"kind":"top_words","i1":6,"i2":8,"sol":{"path":["/c/en/diffusive","/c/en/diffusion","/c/en/spread","/c/en/economics","/c/en/externality"],"weight":0.20815999999999976},"num_concepts_raised":4068},{"base_id":203,"kind":"top_words","i1":6,"i2":9,"sol":{"path":["/c/en/diffusive","/c/en/diffusion","/c/en/medium","/c/en/state","/c/en/heterozygosity"],"weight":0.2026399999999999},"num_concepts_raised":3684},{"base_id":203,"kind":"top_words","i1":7,"i2":8,"sol":{"path":["/c/en/masker","/c/en/choke","/c/en/die","/c/en/external","/c/en/externality"],"weight":0.2101699999999998},"num_concepts_raised":10131},{"base_id":203,"kind":"top_words","i1":7,"i2":9,"sol":{"path":["/c/en/masker","/c/en/decay","/c/en/state","/c/en/heterozygosity"],"weight":0.20270999999999995},"num_concepts_raised":9720},{"base_id":203,"kind":"top_words","i1":8,"i2":9,"sol":{"path":["/c/en/externality","/c/en/external","/c/ar/وضع","/c/en/state","/c/en/heterozygosity"],"weight":0.21008999999999983},"num_concepts_raised":6268}]]