[[{"base_id":585,"kind":"bot_words","i1":0,"i2":1,"sol":{"path":["/c/en/satin","/c/en/fabric","/c/en/pouf","/c/en/onomatopoeia"],"weight":0.21373999999999957},"num_concepts_raised":13687},{"base_id":585,"kind":"bot_words","i1":0,"i2":2,"sol":{"path":["/c/en/satin","/c/en/silk","/c/en/condition","/c/en/ply"],"weight":0.21479999999999919},"num_concepts_raised":37143},{"base_id":585,"kind":"bot_words","i1":0,"i2":3,"sol":{"path":["/c/en/satin","/c/en/silk","/c/en/hair","/c/en/horse","/c/en/equidae"],"weight":0.21926999999999947},"num_concepts_raised":13393},{"base_id":585,"kind":"bot_words","i1":0,"i2":4,"sol":{"path":["/c/en/satin","/c/en/prom","/c/en/electronics","/c/en/demodulation"],"weight":0.2091899999999996},"num_concepts_raised":11776},{"base_id":585,"kind":"bot_words","i1":0,"i2":5,"sol":{"path":["/c/en/satin","/c/en/fabric","/c/en/cover","/c/en/headpiece"],"weight":0.21167999999999954},"num_concepts_raised":17369},{"base_id":585,"kind":"bot_words","i1":0,"i2":6,"sol":{"path":["/c/en/satin","/c/en/silk","/c/en/insect","/c/en/leafhopper"],"weight":0.2188199999999995},"num_concepts_raised":10814},{"base_id":585,"kind":"bot_words","i1":0,"i2":7,"sol":{"path":["/c/en/satin","/c/en/silk","/c/en/light","/c/en/shadow","/c/en/uninvited"],"weight":0.21377999999999958},"num_concepts_raised":9774},{"base_id":585,"kind":"bot_words","i1":0,"i2":8,"sol":{"path":["/c/en/satin","/c/en/dress","/c/en/cooking","/c/en/frizzle"],"weight":0.20944999999999953},"num_concepts_raised":12799},{"base_id":585,"kind":"bot_words","i1":0,"i2":9,"sol":{"path":["/c/en/satin","/c/en/dress","/c/en/change","/c/en/internationalize"],"weight":0.20961999999999964},"num_concepts_raised":14345},{"base_id":585,"kind":"bot_words","i1":1,"i2":2,"sol":{"path":["/c/en/onomatopoeia","/c/en/word","/c/en/ply"],"weight":0.202},"num_concepts_raised":286},{"base_id":585,"kind":"bot_words","i1":1,"i2":3,"sol":{"path":["/c/en/onomatopoeia","/c/en/rhetoric","/c/en/art","/c/en/horse","/c/en/equidae"],"weight":0.21075999999999978},"num_concepts_raised":9636},{"base_id":585,"kind":"bot_words","i1":1,"i2":4,"sol":{"path":["/c/en/onomatopoeia","/c/zh/擬聲","/c/en/sound","/c/en/signal","/c/en/demodulation"],"weight":0.2061199999999999},"num_concepts_raised":7981},{"base_id":585,"kind":"bot_words","i1":1,"i2":5,"sol":{"path":["/c/en/onomatopoeia","/c/en/word","/c/en/head","/c/en/headpiece"],"weight":0.20636999999999983},"num_concepts_raised":13906},{"base_id":585,"kind":"bot_words","i1":1,"i2":6,"sol":{"path":["/c/en/onomatopoeia","/c/en/rhetoric","/c/en/worker","/c/en/insect","/c/en/leafhopper"],"weight":0.21034999999999981},"num_concepts_raised":7014},{"base_id":585,"kind":"bot_words","i1":1,"i2":7,"sol":{"path":["/c/en/onomatopoeia","/c/en/rhetoric","/c/la/imago","/c/en/shadow","/c/en/uninvited"],"weight":0.20528999999999992},"num_concepts_raised":5967},{"base_id":585,"kind":"bot_words","i1":1,"i2":8,"sol":{"path":["/c/en/onomatopoeia","/c/en/onomatopoeic","/c/zh/泠泠","/c/en/crisp","/c/en/frizzle"],"weight":0.20614999999999983},"num_concepts_raised":9045},{"base_id":585,"kind":"bot_words","i1":1,"i2":9,"sol":{"path":["/c/en/onomatopoeia","/c/de/lautmalerei","/c/en/linguistics","/c/en/control","/c/en/internationalize"],"weight":0.20642999999999995},"num_concepts_raised":10576},{"base_id":585,"kind":"bot_words","i1":2,"i2":3,"sol":{"path":["/c/en/ply","/c/en/run","/c/en/horse","/c/en/equidae"],"weight":0.2108699999999994},"num_concepts_raised":33463},{"base_id":585,"kind":"bot_words","i1":2,"i2":4,"sol":{"path":["/c/en/ply","/c/en/strand","/c/en/electronics","/c/en/demodulation"],"weight":0.20401999999999954},"num_concepts_raised":31812},{"base_id":585,"kind":"bot_words","i1":2,"i2":5,"sol":{"path":["/c/en/ply","/c/en/use","/c/en/head","/c/en/headpiece"],"weight":0.20644999999999947},"num_concepts_raised":37223},{"base_id":585,"kind":"bot_words","i1":2,"i2":6,"sol":{"path":["/c/en/ply","/c/en/layer","/c/en/insect","/c/en/leafhopper"],"weight":0.20934999999999943},"num_concepts_raised":31004},{"base_id":585,"kind":"bot_words","i1":2,"i2":7,"sol":{"path":["/c/en/ply","/c/en/run","/c/en/waste","/c/en/unwanted","/c/en/uninvited"],"weight":0.2065099999999995},"num_concepts_raised":29961},{"base_id":585,"kind":"bot_words","i1":2,"i2":8,"sol":{"path":["/c/en/ply","/c/en/condition","/c/en/frizz","/c/en/frizzle"],"weight":0.20505999999999944},"num_concepts_raised":32868},{"base_id":585,"kind":"bot_words","i1":2,"i2":9,"sol":{"path":["/c/en/ply","/c/en/run","/c/en/control","/c/en/internationalize"],"weight":0.20547999999999955},"num_concepts_raised":34066},{"base_id":585,"kind":"bot_words","i1":3,"i2":4,"sol":{"path":["/c/en/equidae","/c/en/horse","/c/en/carrier","/c/en/demodulation"],"weight":0.2082899999999998},"num_concepts_raised":7718},{"base_id":585,"kind":"bot_words","i1":3,"i2":5,"sol":{"path":["/c/en/equidae","/c/en/horse","/c/en/headgear","/c/en/headpiece"],"weight":0.20859999999999973},"num_concepts_raised":13599},{"base_id":585,"kind":"bot_words","i1":3,"i2":6,"sol":{"path":["/c/en/equidae","/c/en/horse","/c/en/animal","/c/en/insect","/c/en/leafhopper"],"weight":0.2136799999999997},"num_concepts_raised":6716},{"base_id":585,"kind":"bot_words","i1":3,"i2":7,"sol":{"path":["/c/en/equidae","/c/en/mammal","/c/en/person","/c/en/unwanted","/c/en/uninvited"],"weight":0.2094899999999998},"num_concepts_raised":5673},{"base_id":585,"kind":"bot_words","i1":3,"i2":8,"sol":{"path":["/c/en/equidae","/c/en/horse","/c/en/hair","/c/en/frizz","/c/en/frizzle"],"weight":0.20953999999999973},"num_concepts_raised":8772},{"base_id":585,"kind":"bot_words","i1":3,"i2":9,"sol":{"path":["/c/en/equidae","/c/en/horse","/c/en/war","/c/en/international","/c/en/internationalize"],"weight":0.20969999999999983},"num_concepts_raised":10323},{"base_id":585,"kind":"bot_words","i1":4,"i2":5,"sol":{"path":["/c/en/demodulation","/c/en/electronics","/c/en/cap","/c/en/head","/c/en/headpiece"],"weight":0.20408999999999983},"num_concepts_raised":12021},{"base_id":585,"kind":"bot_words","i1":4,"i2":6,"sol":{"path":["/c/en/demodulation","/c/en/electronics","/c/en/space_shuttle","/c/en/hopper","/c/en/leafhopper"],"weight":0.20793999999999982},"num_concepts_raised":5094},{"base_id":585,"kind":"bot_words","i1":4,"i2":7,"sol":{"path":["/c/en/demodulation","/c/en/reception","/c/en/welcome","/c/en/unwelcome","/c/en/uninvited"],"weight":0.2039299999999999},"num_concepts_raised":4037},{"base_id":585,"kind":"bot_words","i1":4,"i2":8,"sol":{"path":["/c/en/demodulation","/c/en/signal","/c/en/wave","/c/en/curl","/c/en/frizzle"],"weight":0.20288999999999985},"num_concepts_raised":7123},{"base_id":585,"kind":"bot_words","i1":4,"i2":9,"sol":{"path":["/c/en/demodulation","/c/en/signal","/c/en/control","/c/en/internationalize"],"weight":0.20290999999999992},"num_concepts_raised":8650},{"base_id":585,"kind":"bot_words","i1":5,"i2":6,"sol":{"path":["/c/en/headpiece","/c/en/corselet","/c/en/insect","/c/en/leafhopper"],"weight":0.20807999999999977},"num_concepts_raised":11051},{"base_id":585,"kind":"bot_words","i1":5,"i2":7,"sol":{"path":["/c/en/headpiece","/c/en/head","/c/en/person","/c/en/unwanted","/c/en/uninvited"],"weight":0.20530999999999983},"num_concepts_raised":10011},{"base_id":585,"kind":"bot_words","i1":5,"i2":8,"sol":{"path":["/c/en/headpiece","/c/en/head","/c/en/hair","/c/en/frizz","/c/en/frizzle"],"weight":0.20520999999999978},"num_concepts_raised":13054},{"base_id":585,"kind":"bot_words","i1":5,"i2":9,"sol":{"path":["/c/en/headpiece","/c/en/cover","/c/en/control","/c/en/internationalize"],"weight":0.20316999999999988},"num_concepts_raised":14559},{"base_id":585,"kind":"bot_words","i1":6,"i2":7,"sol":{"path":["/c/en/leafhopper","/c/en/insect","/c/en/pest","/c/en/unwanted","/c/en/uninvited"],"weight":0.20920999999999979},"num_concepts_raised":3041},{"base_id":585,"kind":"bot_words","i1":6,"i2":8,"sol":{"path":["/c/en/leafhopper","/c/en/insect","/c/en/ringlet","/c/en/curl","/c/en/frizzle"],"weight":0.20819999999999972},"num_concepts_raised":6146},{"base_id":585,"kind":"bot_words","i1":6,"i2":9,"sol":{"path":["/c/en/leafhopper","/c/en/insect","/c/en/generic","/c/en/nation","/c/en/internationalize"],"weight":0.20827999999999985},"num_concepts_raised":7721},{"base_id":585,"kind":"bot_words","i1":7,"i2":8,"sol":{"path":["/c/en/uninvited","/c/en/unwanted","/c/en/need","/c/en/lock","/c/en/frizzle"],"weight":0.20409999999999984},"num_concepts_raised":5101},{"base_id":585,"kind":"bot_words","i1":7,"i2":9,"sol":{"path":["/c/en/uninvited","/c/en/unwanted","/c/en/person","/c/en/change","/c/en/internationalize"],"weight":0.20422999999999994},"num_concepts_raised":6661},{"base_id":585,"kind":"bot_words","i1":8,"i2":9,"sol":{"path":["/c/en/frizzle","/c/en/lock","/c/en/control","/c/en/internationalize"],"weight":0.20307999999999987},"num_concepts_raised":9723}],[{"base_id":585,"kind":"top_words","i1":0,"i2":1,"sol":{"path":["/c/en/persuade","/c/en/accept","/c/en/refuse"],"weight":0.203},"num_concepts_raised":1035},{"base_id":585,"kind":"top_words","i1":0,"i2":2,"sol":{"path":["/c/en/persuade","/c/en/urge"],"weight":0.202},"num_concepts_raised":839},{"base_id":585,"kind":"top_words","i1":0,"i2":3,"sol":{"path":["/c/en/persuade","/c/en/convince"],"weight":0.20400000000000001},"num_concepts_raised":479},{"base_id":585,"kind":"top_words","i1":0,"i2":4,"sol":{"path":["/c/en/persuade","/c/en/carry","/c/en/leave","/c/en/abandon"],"weight":0.21917999999999765},"num_concepts_raised":55714},{"base_id":585,"kind":"top_words","i1":0,"i2":5,"sol":{"path":["/c/en/persuade","/c/en/rhetoric","/c/en/intend"],"weight":0.202},"num_concepts_raised":781},{"base_id":585,"kind":"top_words","i1":0,"i2":6,"sol":{"path":["/c/en/persuade","/c/en/accept","/c/en/deny","/c/en/renounce"],"weight":0.21210999999999902},"num_concepts_raised":41159},{"base_id":585,"kind":"top_words","i1":0,"i2":7,"sol":{"path":["/c/en/persuade","/c/en/cajole","/c/en/reluctant"],"weight":0.202},"num_concepts_raised":529},{"base_id":585,"kind":"top_words","i1":0,"i2":8,"sol":{"path":["/c/en/persuade","/c/en/plead","/c/en/declare"],"weight":0.202},"num_concepts_raised":876},{"base_id":585,"kind":"top_words","i1":0,"i2":9,"sol":{"path":["/c/en/persuade","/c/zh/勸退","/c/en/withdraw"],"weight":0.202},"num_concepts_raised":887},{"base_id":585,"kind":"top_words","i1":1,"i2":2,"sol":{"path":["/c/en/refuse","/c/en/want","/c/en/urge"],"weight":0.203},"num_concepts_raised":1210},{"base_id":585,"kind":"top_words","i1":1,"i2":3,"sol":{"path":["/c/en/refuse","/c/en/accept","/c/en/persuade","/c/en/convince"],"weight":0.2188999999999981},"num_concepts_raised":61755},{"base_id":585,"kind":"top_words","i1":1,"i2":4,"sol":{"path":["/c/en/refuse","/c/en/reject","/c/en/abandon"],"weight":0.20500000000000002},"num_concepts_raised":1343},{"base_id":585,"kind":"top_words","i1":1,"i2":5,"sol":{"path":["/c/en/refuse","/c/en/want","/c/en/intend"],"weight":0.203},"num_concepts_raised":1130},{"base_id":585,"kind":"top_words","i1":1,"i2":6,"sol":{"path":["/c/en/refuse","/c/en/decline","/c/en/renounce"],"weight":0.20500000000000002},"num_concepts_raised":899},{"base_id":585,"kind":"top_words","i1":1,"i2":7,"sol":{"path":["/c/en/refuse","/c/ms/enggan","/c/en/reluctant"],"weight":0.203},"num_concepts_raised":877},{"base_id":585,"kind":"top_words","i1":1,"i2":8,"sol":{"path":["/c/en/refuse","/c/en/want","/c/en/declare"],"weight":0.203},"num_concepts_raised":1221},{"base_id":585,"kind":"top_words","i1":1,"i2":9,"sol":{"path":["/c/en/refuse","/c/eu/baztertu","/c/en/withdraw"],"weight":0.203},"num_concepts_raised":1228},{"base_id":585,"kind":"top_words","i1":2,"i2":3,"sol":{"path":["/c/en/urge","/c/en/persuade","/c/en/convince"],"weight":0.203},"num_concepts_raised":729},{"base_id":585,"kind":"top_words","i1":2,"i2":4,"sol":{"path":["/c/en/urge","/c/en/move","/c/en/leave","/c/en/abandon"],"weight":0.22037999999999686},"num_concepts_raised":66354},{"base_id":585,"kind":"top_words","i1":2,"i2":5,"sol":{"path":["/c/en/urge","/c/en/argument","/c/en/intend"],"weight":0.202},"num_concepts_raised":954},{"base_id":585,"kind":"top_words","i1":2,"i2":6,"sol":{"path":["/c/en/urge","/c/en/desire","/c/en/deny_oneself","/c/en/renounce"],"weight":0.21353999999999823},"num_concepts_raised":51896},{"base_id":585,"kind":"top_words","i1":2,"i2":7,"sol":{"path":["/c/en/urge","/c/en/press","/c/en/action","/c/en/reluctant"],"weight":0.2136499999999984},"num_concepts_raised":39998},{"base_id":585,"kind":"top_words","i1":2,"i2":8,"sol":{"path":["/c/en/urge","/c/en/want","/c/en/declare"],"weight":0.202},"num_concepts_raised":1050},{"base_id":585,"kind":"top_words","i1":2,"i2":9,"sol":{"path":["/c/en/urge","/c/en/push","/c/en/draw","/c/en/withdraw"],"weight":0.2188999999999971},"num_concepts_raised":62221},{"base_id":585,"kind":"top_words","i1":3,"i2":4,"sol":{"path":["/c/en/convince","/c/pt/ceder","/c/fr/abandonner","/c/en/abandon"],"weight":0.21829999999999777},"num_concepts_raised":45116},{"base_id":585,"kind":"top_words","i1":3,"i2":5,"sol":{"path":["/c/en/convince","/c/en/argument","/c/en/intend"],"weight":0.202},"num_concepts_raised":652},{"base_id":585,"kind":"top_words","i1":3,"i2":6,"sol":{"path":["/c/en/convince","/c/pt/ceder","/c/en/give_up","/c/en/renounce"],"weight":0.21022999999999922},"num_concepts_raised":29851},{"base_id":585,"kind":"top_words","i1":3,"i2":7,"sol":{"path":["/c/en/convince","/c/en/persuade","/c/en/cajole","/c/en/reluctant"],"weight":0.21035999999999938},"num_concepts_raised":17992},{"base_id":585,"kind":"top_words","i1":3,"i2":8,"sol":{"path":["/c/en/convince","/c/dum/lien","/c/en/declare"],"weight":0.202},"num_concepts_raised":746},{"base_id":585,"kind":"top_words","i1":3,"i2":9,"sol":{"path":["/c/en/convince","/c/en/persuade","/c/zh/勸退","/c/en/withdraw"],"weight":0.21424999999999805},"num_concepts_raised":40958},{"base_id":585,"kind":"top_words","i1":4,"i2":5,"sol":{"path":["/c/en/abandon","/c/en/desert","/c/en/pan","/c/en/intend"],"weight":0.22003999999999715},"num_concepts_raised":73893},{"base_id":585,"kind":"top_words","i1":4,"i2":6,"sol":{"path":["/c/en/abandon","/c/en/renounce"],"weight":0.20400000000000001},"num_concepts_raised":837},{"base_id":585,"kind":"top_words","i1":4,"i2":7,"sol":{"path":["/c/en/abandon","/c/en/leave","/c/en/action","/c/en/reluctant"],"weight":0.21654999999999797},"num_concepts_raised":41068},{"base_id":585,"kind":"top_words","i1":4,"i2":8,"sol":{"path":["/c/en/abandon","/c/en/maintain","/c/en/declare"],"weight":0.203},"num_concepts_raised":1192},{"base_id":585,"kind":"top_words","i1":4,"i2":9,"sol":{"path":["/c/en/abandon","/c/en/withdraw"],"weight":0.202},"num_concepts_raised":1189},{"base_id":585,"kind":"top_words","i1":5,"i2":6,"sol":{"path":["/c/en/intend","/c/en/purpose","/c/en/drop","/c/en/renounce"],"weight":0.21446999999999855},"num_concepts_raised":59543},{"base_id":585,"kind":"top_words","i1":5,"i2":7,"sol":{"path":["/c/en/intend","/c/en/will","/c/en/unwilling","/c/en/reluctant"],"weight":0.21437999999999874},"num_concepts_raised":47995},{"base_id":585,"kind":"top_words","i1":5,"i2":8,"sol":{"path":["/c/en/intend","/c/en/want","/c/en/declare"],"weight":0.202},"num_concepts_raised":967},{"base_id":585,"kind":"top_words","i1":5,"i2":9,"sol":{"path":["/c/en/intend","/c/en/design","/c/en/draw","/c/en/withdraw"],"weight":0.21960999999999742},"num_concepts_raised":69955},{"base_id":585,"kind":"top_words","i1":6,"i2":7,"sol":{"path":["/c/en/renounce","/c/en/reject","/c/ms/enggan","/c/en/reluctant"],"weight":0.20990999999999937},"num_concepts_raised":25880},{"base_id":585,"kind":"top_words","i1":6,"i2":8,"sol":{"path":["/c/en/renounce","/c/en/declaration","/c/en/declare"],"weight":0.20400000000000001},"num_concepts_raised":761},{"base_id":585,"kind":"top_words","i1":6,"i2":9,"sol":{"path":["/c/en/renounce","/c/en/abjure","/c/en/withdraw"],"weight":0.20400000000000001},"num_concepts_raised":767},{"base_id":585,"kind":"top_words","i1":7,"i2":8,"sol":{"path":["/c/en/reluctant","/c/en/swear","/c/en/declare"],"weight":0.203},"num_concepts_raised":718},{"base_id":585,"kind":"top_words","i1":7,"i2":9,"sol":{"path":["/c/en/reluctant","/c/en/backward","/c/en/retreat","/c/en/withdraw"],"weight":0.2150699999999982},"num_concepts_raised":36798},{"base_id":585,"kind":"top_words","i1":8,"i2":9,"sol":{"path":["/c/en/declare","/c/la/de","/c/en/withdraw"],"weight":0.202},"num_concepts_raised":1076}]]