[[{"base_id":835,"kind":"bot_words","i1":0,"i2":1,"sol":{"path":["/c/en/turncoat","/c/en/traitor","/c/en/war","/c/en/love","/c/en/doting"],"weight":0.2051099999999998},"num_concepts_raised":7442},{"base_id":835,"kind":"bot_words","i1":0,"i2":2,"sol":{"path":["/c/en/turncoat","/c/en/turn","/c/en/deflect","/c/en/bremsstrahlung"],"weight":0.20883999999999978},"num_concepts_raised":5737},{"base_id":835,"kind":"bot_words","i1":0,"i2":3,"sol":{"path":["/c/en/turncoat","/c/es/tránsfuga","/c/en/fugitive","/c/en/tower","/c/it/nuraghe","/c/en/nuraghe"],"weight":0.21091189999999982},"num_concepts_raised":341603},{"base_id":835,"kind":"bot_words","i1":0,"i2":4,"sol":{"path":["/c/en/turncoat","/c/en/traitor","/c/en/friend","/c/en/cold","/c/en/cryo"],"weight":0.20497999999999983},"num_concepts_raised":5416},{"base_id":835,"kind":"bot_words","i1":0,"i2":5,"sol":{"path":["/c/en/turncoat","/c/en/turn","/c/en/side","/c/en/turkey","/c/en/mersin"],"weight":0.21111999999999975},"num_concepts_raised":7581},{"base_id":835,"kind":"bot_words","i1":0,"i2":6,"sol":{"path":["/c/en/turncoat","/c/en/traitor","/c/en/war","/c/en/particular","/c/en/fastidious"],"weight":0.20846999999999963},"num_concepts_raised":11904},{"base_id":835,"kind":"bot_words","i1":0,"i2":7,"sol":{"path":["/c/en/turncoat","/c/en/traitor","/c/en/person","/c/en/agreement","/c/en/according"],"weight":0.20563999999999966},"num_concepts_raised":11109},{"base_id":835,"kind":"bot_words","i1":0,"i2":8,"sol":{"path":["/c/en/turncoat","/c/fr/retourner_sa_veste","/c/fr/intérêt","/c/en/importance"],"weight":0.21040999999999888},"num_concepts_raised":37618},{"base_id":835,"kind":"bot_words","i1":0,"i2":9,"sol":{"path":["/c/en/turncoat","/c/en/sell_out","/c/en/principle","/c/en/nihilism","/c/en/nihilistic"],"weight":0.20476999999999995},"num_concepts_raised":3799},{"base_id":835,"kind":"bot_words","i1":1,"i2":2,"sol":{"path":["/c/en/doting","/c/en/love","/c/en/live","/c/en/charged","/c/en/bremsstrahlung"],"weight":0.20815999999999973},"num_concepts_raised":6049},{"base_id":835,"kind":"bot_words","i1":1,"i2":3,"sol":{"path":["/c/en/doting","/c/en/reverence","/c/en/context","/c/en/archaeology","/c/en/nuraghe"],"weight":0.20272999999999988},"num_concepts_raised":4704},{"base_id":835,"kind":"bot_words","i1":1,"i2":4,"sol":{"path":["/c/en/doting","/c/en/love","/c/en/like","/c/en/cold","/c/en/cryo"],"weight":0.20296999999999982},"num_concepts_raised":5696},{"base_id":835,"kind":"bot_words","i1":1,"i2":5,"sol":{"path":["/c/en/doting","/c/en/love","/c/en/heart","/c/en/turkey","/c/en/mersin"],"weight":0.21037999999999973},"num_concepts_raised":7870},{"base_id":835,"kind":"bot_words","i1":1,"i2":6,"sol":{"path":["/c/en/doting","/c/en/sely","/c/en/fine","/c/en/finical","/c/en/fastidious"],"weight":0.2073399999999996},"num_concepts_raised":12157},{"base_id":835,"kind":"bot_words","i1":1,"i2":7,"sol":{"path":["/c/en/doting","/c/en/love","/c/en/like","/c/en/accord","/c/en/according"],"weight":0.2046499999999996},"num_concepts_raised":11400},{"base_id":835,"kind":"bot_words","i1":1,"i2":8,"sol":{"path":["/c/en/doting","/c/en/love","/c/en/value","/c/en/importance"],"weight":0.21012999999999885},"num_concepts_raised":37814},{"base_id":835,"kind":"bot_words","i1":1,"i2":9,"sol":{"path":["/c/en/doting","/c/en/love","/c/en/philosophy","/c/en/nihilism","/c/en/nihilistic"],"weight":0.2041199999999999},"num_concepts_raised":4083},{"base_id":835,"kind":"bot_words","i1":2,"i2":3,"sol":{"path":["/c/en/bremsstrahlung","/c/en/electron","/c/en/hole","/c/en/archaeology","/c/en/nuraghe"],"weight":0.20804999999999985},"num_concepts_raised":3011},{"base_id":835,"kind":"bot_words","i1":2,"i2":4,"sol":{"path":["/c/en/bremsstrahlung","/c/de/bremsstrahlung","/c/en/physics","/c/en/freezing","/c/en/cryo"],"weight":0.2101199999999998},"num_concepts_raised":4012},{"base_id":835,"kind":"bot_words","i1":2,"i2":5,"sol":{"path":["/c/en/bremsstrahlung","/c/en/electron","/c/en/bird","/c/en/turkey","/c/en/mersin"],"weight":0.21546999999999972},"num_concepts_raised":6192},{"base_id":835,"kind":"bot_words","i1":2,"i2":6,"sol":{"path":["/c/en/bremsstrahlung","/c/en/particle","/c/en/particular","/c/en/fastidious"],"weight":0.2115099999999996},"num_concepts_raised":10511},{"base_id":835,"kind":"bot_words","i1":2,"i2":7,"sol":{"path":["/c/en/bremsstrahlung","/c/en/particle","/c/en/as","/c/en/according"],"weight":0.20855999999999958},"num_concepts_raised":9741},{"base_id":835,"kind":"bot_words","i1":2,"i2":8,"sol":{"path":["/c/en/bremsstrahlung","/c/en/particle","/c/la/momentum","/c/en/importance"],"weight":0.21465999999999882},"num_concepts_raised":36321},{"base_id":835,"kind":"bot_words","i1":2,"i2":9,"sol":{"path":["/c/en/bremsstrahlung","/c/de/bremsstrahlung","/c/en/physics","/c/en/principle","/c/en/nihilism","/c/en/nihilistic"],"weight":0.2149343999999998},"num_concepts_raised":153778},{"base_id":835,"kind":"bot_words","i1":3,"i2":4,"sol":{"path":["/c/en/nuraghe","/c/en/archaeology","/c/en/logy","/c/en/cryology","/c/en/cryo"],"weight":0.2027799999999999},"num_concepts_raised":2667},{"base_id":835,"kind":"bot_words","i1":3,"i2":5,"sol":{"path":["/c/en/nuraghe","/c/en/sardinia","/c/en/mediterranean","/c/en/turkey","/c/en/mersin"],"weight":0.21025999999999984},"num_concepts_raised":4833},{"base_id":835,"kind":"bot_words","i1":3,"i2":6,"sol":{"path":["/c/en/nuraghe","/c/en/archaeology","/c/en/logy","/c/en/particular","/c/en/fastidious"],"weight":0.2062999999999997},"num_concepts_raised":9182},{"base_id":835,"kind":"bot_words","i1":3,"i2":7,"sol":{"path":["/c/en/nuraghe","/c/en/archaeology","/c/en/cut","/c/en/per","/c/en/according"],"weight":0.20333999999999972},"num_concepts_raised":8421},{"base_id":835,"kind":"bot_words","i1":3,"i2":8,"sol":{"path":["/c/en/nuraghe","/c/en/archaeology","/c/en/feature","/c/en/importance"],"weight":0.20840999999999896},"num_concepts_raised":35087},{"base_id":835,"kind":"bot_words","i1":3,"i2":9,"sol":{"path":["/c/en/nuraghe","/c/it/nuraghe","/c/en/tower","/c/en/historical","/c/en/nihilism","/c/en/nihilistic"],"weight":0.2097563},"num_concepts_raised":50918},{"base_id":835,"kind":"bot_words","i1":4,"i2":5,"sol":{"path":["/c/en/cryo","/c/en/cold","/c/en/fridge","/c/en/turkey","/c/en/mersin"],"weight":0.21022999999999975},"num_concepts_raised":5841},{"base_id":835,"kind":"bot_words","i1":4,"i2":6,"sol":{"path":["/c/en/cryo","/c/en/cold","/c/en/like","/c/en/particular","/c/en/fastidious"],"weight":0.20631999999999964},"num_concepts_raised":10166},{"base_id":835,"kind":"bot_words","i1":4,"i2":7,"sol":{"path":["/c/en/cryo","/c/en/cold","/c/en/like","/c/en/accord","/c/en/according"],"weight":0.20447999999999966},"num_concepts_raised":9408},{"base_id":835,"kind":"bot_words","i1":4,"i2":8,"sol":{"path":["/c/en/cryo","/c/en/cold","/c/en/zero","/c/en/importance"],"weight":0.20840999999999887},"num_concepts_raised":36017},{"base_id":835,"kind":"bot_words","i1":4,"i2":9,"sol":{"path":["/c/en/cryo","/c/en/cold","/c/en/fire","/c/en/philosophy","/c/en/nihilism","/c/en/nihilistic"],"weight":0.20782359999999972},"num_concepts_raised":184055},{"base_id":835,"kind":"bot_words","i1":5,"i2":6,"sol":{"path":["/c/en/mersin","/c/en/turkey","/c/en/us","/c/en/persnickety","/c/en/fastidious"],"weight":0.21456999999999954},"num_concepts_raised":12338},{"base_id":835,"kind":"bot_words","i1":5,"i2":7,"sol":{"path":["/c/en/mersin","/c/en/city","/c/en/auc","/c/en/according"],"weight":0.20865999999999957},"num_concepts_raised":11565},{"base_id":835,"kind":"bot_words","i1":5,"i2":8,"sol":{"path":["/c/en/mersin","/c/en/city","/c/en/chief","/c/en/importance"],"weight":0.2139499999999988},"num_concepts_raised":37933},{"base_id":835,"kind":"bot_words","i1":5,"i2":9,"sol":{"path":["/c/en/mersin","/c/en/turkey","/c/en/asia","/c/en/historical","/c/en/nihilism","/c/en/nihilistic"],"weight":0.21575439999999957},"num_concepts_raised":330829},{"base_id":835,"kind":"bot_words","i1":6,"i2":7,"sol":{"path":["/c/en/fastidious","/c/en/particular","/c/en/like","/c/en/accord","/c/en/according"],"weight":0.20799999999999946},"num_concepts_raised":15820},{"base_id":835,"kind":"bot_words","i1":6,"i2":8,"sol":{"path":["/c/en/fastidious","/c/en/critical","/c/en/important","/c/en/importance"],"weight":0.2134999999999987},"num_concepts_raised":41959},{"base_id":835,"kind":"bot_words","i1":6,"i2":9,"sol":{"path":["/c/en/fastidious","/c/en/particular","/c/en/philosophy","/c/en/nihilism","/c/en/nihilistic"],"weight":0.20748999999999976},"num_concepts_raised":8566},{"base_id":835,"kind":"bot_words","i1":7,"i2":8,"sol":{"path":["/c/en/according","/c/la/pro","/c/en/prominence","/c/en/importance"],"weight":0.2111499999999987},"num_concepts_raised":41169},{"base_id":835,"kind":"bot_words","i1":7,"i2":9,"sol":{"path":["/c/en/according","/c/en/accordance","/c/en/historical","/c/en/nihilism","/c/en/nihilistic"],"weight":0.20463999999999977},"num_concepts_raised":7799},{"base_id":835,"kind":"bot_words","i1":8,"i2":9,"sol":{"path":["/c/en/importance","/c/en/significance","/c/en/moral","/c/en/nihilism","/c/en/nihilistic"],"weight":0.212929999999999},"num_concepts_raised":34476}],[{"base_id":835,"kind":"top_words","i1":0,"i2":1,"sol":{"path":["/c/en/nabilone","/c/en/pain","/c/en/nothing","/c/en/empty","/c/en/toom"],"weight":0.20886999999999986},"num_concepts_raised":17987},{"base_id":835,"kind":"top_words","i1":0,"i2":2,"sol":{"path":["/c/en/nabilone","/c/en/pain","/c/en/pleasure","/c/en/gree"],"weight":0.20768999999999982},"num_concepts_raised":17059},{"base_id":835,"kind":"top_words","i1":0,"i2":3,"sol":{"path":["/c/en/nabilone","/c/en/tangible_thing","/c/en/corner","/c/en/quoin"],"weight":0.20807999999999982},"num_concepts_raised":20118},{"base_id":835,"kind":"top_words","i1":0,"i2":4,"sol":{"path":["/c/en/nabilone","/c/en/pain","/c/pt/dor","/c/en/er","/c/en/eer"],"weight":0.20881999999999984},"num_concepts_raised":10611},{"base_id":835,"kind":"top_words","i1":0,"i2":5,"sol":{"path":["/c/en/nabilone","/c/en/drug","/c/en/bromantane","/c/en/russia","/c/en/abakan"],"weight":0.20764999999999983},"num_concepts_raised":10057},{"base_id":835,"kind":"top_words","i1":0,"i2":6,"sol":{"path":["/c/en/nabilone","/c/en/tangible_thing","/c/en/metal","/c/en/peen"],"weight":0.20779999999999982},"num_concepts_raised":32519},{"base_id":835,"kind":"top_words","i1":0,"i2":7,"sol":{"path":["/c/en/nabilone","/c/en/pain","/c/en/animal","/c/en/zooid","/c/en/zoon"],"weight":0.2147799999999998},"num_concepts_raised":15737},{"base_id":835,"kind":"top_words","i1":0,"i2":8,"sol":{"path":["/c/en/nabilone","/c/en/pain","/c/en/punishment","/c/en/reward","/c/en/meed"],"weight":0.2093499999999999},"num_concepts_raised":21739},{"base_id":835,"kind":"top_words","i1":0,"i2":9,"sol":{"path":["/c/en/nabilone","/c/en/pain","/c/en/physical","/c/en/astronomy","/c/en/hesperia"],"weight":0.2127299999999998},"num_concepts_raised":16929},{"base_id":835,"kind":"top_words","i1":1,"i2":2,"sol":{"path":["/c/en/toom","/c/en/ground","/c/en/step","/c/en/gree"],"weight":0.20265999999999987},"num_concepts_raised":17030},{"base_id":835,"kind":"top_words","i1":1,"i2":3,"sol":{"path":["/c/en/toom","/c/en/ground","/c/en/coin","/c/en/quoin"],"weight":0.20407999999999987},"num_concepts_raised":20250},{"base_id":835,"kind":"top_words","i1":1,"i2":4,"sol":{"path":["/c/en/toom","/c/en/dialectal","/c/en/more","/c/en/er","/c/en/eer"],"weight":0.2047799999999999},"num_concepts_raised":10917},{"base_id":835,"kind":"top_words","i1":1,"i2":5,"sol":{"path":["/c/en/toom","/c/en/dialectal","/c/en/ming","/c/en/russia","/c/en/abakan"],"weight":0.2036499999999999},"num_concepts_raised":10377},{"base_id":835,"kind":"top_words","i1":1,"i2":6,"sol":{"path":["/c/en/toom","/c/en/waste","/c/en/slang","/c/en/peen"],"weight":0.20287999999999984},"num_concepts_raised":32593},{"base_id":835,"kind":"top_words","i1":1,"i2":7,"sol":{"path":["/c/en/toom","/c/en/leisure","/c/en/person","/c/en/zooid","/c/en/zoon"],"weight":0.20974999999999983},"num_concepts_raised":16051},{"base_id":835,"kind":"top_words","i1":1,"i2":8,"sol":{"path":["/c/en/toom","/c/en/waste","/c/en/desert","/c/en/meed"],"weight":0.20306999999999992},"num_concepts_raised":21858},{"base_id":835,"kind":"top_words","i1":1,"i2":9,"sol":{"path":["/c/en/toom","/c/en/ground","/c/en/insect","/c/en/hesperia"],"weight":0.20767999999999986},"num_concepts_raised":17220},{"base_id":835,"kind":"top_words","i1":2,"i2":3,"sol":{"path":["/c/en/gree","/c/en/step","/c/en/block","/c/en/quoin"],"weight":0.20304999999999984},"num_concepts_raised":19333},{"base_id":835,"kind":"top_words","i1":2,"i2":4,"sol":{"path":["/c/en/gree","/c/en/degree","/c/en/more","/c/en/er","/c/en/eer"],"weight":0.20480999999999988},"num_concepts_raised":9995},{"base_id":835,"kind":"top_words","i1":2,"i2":5,"sol":{"path":["/c/en/gree","/c/en/scotland","/c/en/country","/c/en/russia","/c/en/abakan"],"weight":0.20265999999999984},"num_concepts_raised":9454},{"base_id":835,"kind":"top_words","i1":2,"i2":6,"sol":{"path":["/c/en/gree","/c/en/degree","/c/en/part","/c/en/peen"],"weight":0.2038399999999998},"num_concepts_raised":31705},{"base_id":835,"kind":"top_words","i1":2,"i2":7,"sol":{"path":["/c/en/gree","/c/en/step","/c/en/locomotion","/c/en/zooid","/c/en/zoon"],"weight":0.20974999999999983},"num_concepts_raised":15111},{"base_id":835,"kind":"top_words","i1":2,"i2":8,"sol":{"path":["/c/en/gree","/c/en/degree","/c/en/reward","/c/en/meed"],"weight":0.20528999999999992},"num_concepts_raised":20990},{"base_id":835,"kind":"top_words","i1":2,"i2":9,"sol":{"path":["/c/en/gree","/c/en/degree","/c/syc/ܡܘܪܐ","/c/en/greek_mythology","/c/en/hesperia"],"weight":0.20876999999999984},"num_concepts_raised":16276},{"base_id":835,"kind":"top_words","i1":3,"i2":4,"sol":{"path":["/c/en/quoin","/c/en/coin","/c/en/slang","/c/en/er","/c/en/eer"],"weight":0.20519999999999988},"num_concepts_raised":13054},{"base_id":835,"kind":"top_words","i1":3,"i2":5,"sol":{"path":["/c/en/quoin","/c/en/type","/c/en/republic","/c/en/khakassia","/c/en/abakan"],"weight":0.20406999999999986},"num_concepts_raised":12510},{"base_id":835,"kind":"top_words","i1":3,"i2":6,"sol":{"path":["/c/en/quoin","/c/en/coin","/c/en/slang","/c/en/peen"],"weight":0.20431999999999984},"num_concepts_raised":34262},{"base_id":835,"kind":"top_words","i1":3,"i2":7,"sol":{"path":["/c/en/quoin","/c/en/type","/c/en/biology","/c/en/zoon"],"weight":0.20810999999999985},"num_concepts_raised":18137},{"base_id":835,"kind":"top_words","i1":3,"i2":8,"sol":{"path":["/c/en/quoin","/c/en/coin","/c/en/recompense","/c/en/meed"],"weight":0.20548999999999992},"num_concepts_raised":24072},{"base_id":835,"kind":"top_words","i1":3,"i2":9,"sol":{"path":["/c/en/quoin","/c/en/coin","/c/en/metal","/c/en/astronomy","/c/en/hesperia"],"weight":0.20917999999999984},"num_concepts_raised":19319},{"base_id":835,"kind":"top_words","i1":4,"i2":5,"sol":{"path":["/c/en/eer","/c/en/er","/c/en/a","/c/en/country","/c/en/russia","/c/en/abakan"],"weight":0.20756299999999966},"num_concepts_raised":335077},{"base_id":835,"kind":"top_words","i1":4,"i2":6,"sol":{"path":["/c/en/eer","/c/en/er","/c/en/slang","/c/en/peen"],"weight":0.20396999999999982},"num_concepts_raised":25575},{"base_id":835,"kind":"top_words","i1":4,"i2":7,"sol":{"path":["/c/en/eer","/c/en/er","/c/en/person","/c/en/zooid","/c/en/zoon"],"weight":0.21085999999999983},"num_concepts_raised":8641},{"base_id":835,"kind":"top_words","i1":4,"i2":8,"sol":{"path":["/c/en/eer","/c/en/er","/c/en/person","/c/en/reward","/c/en/meed"],"weight":0.20537999999999992},"num_concepts_raised":14666},{"base_id":835,"kind":"top_words","i1":4,"i2":9,"sol":{"path":["/c/en/eer","/c/en/er","/c/es/ido","/c/en/astronomy","/c/en/hesperia"],"weight":0.20881999999999984},"num_concepts_raised":9817},{"base_id":835,"kind":"top_words","i1":5,"i2":6,"sol":{"path":["/c/en/abakan","/c/en/russia","/c/en/pale","/c/en/strike","/c/en/peen"],"weight":0.20383999999999983},"num_concepts_raised":25075},{"base_id":835,"kind":"top_words","i1":5,"i2":7,"sol":{"path":["/c/en/abakan","/c/he/אבקן","/c/en/botany","/c/en/biology","/c/en/zoon"],"weight":0.20769999999999983},"num_concepts_raised":8086},{"base_id":835,"kind":"top_words","i1":5,"i2":8,"sol":{"path":["/c/en/abakan","/c/en/russia","/c/en/country","/c/en/desert","/c/en/meed"],"weight":0.20306999999999992},"num_concepts_raised":14117},{"base_id":835,"kind":"top_words","i1":5,"i2":9,"sol":{"path":["/c/en/abakan","/c/en/khakassia","/c/en/republic","/c/en/michigan","/c/en/hesperia"],"weight":0.20872999999999983},"num_concepts_raised":9256},{"base_id":835,"kind":"top_words","i1":6,"i2":7,"sol":{"path":["/c/en/peen","/c/en/hammerhead","/c/en/zoology","/c/en/zooid","/c/en/zoon"],"weight":0.21095999999999981},"num_concepts_raised":30653},{"base_id":835,"kind":"top_words","i1":6,"i2":8,"sol":{"path":["/c/en/peen","/c/en/strike","/c/en/money","/c/en/reward","/c/en/meed"],"weight":0.20552999999999988},"num_concepts_raised":36547},{"base_id":835,"kind":"top_words","i1":6,"i2":9,"sol":{"path":["/c/en/peen","/c/en/metal","/c/en/astronomy","/c/en/hesperia"],"weight":0.20786999999999983},"num_concepts_raised":31828},{"base_id":835,"kind":"top_words","i1":7,"i2":8,"sol":{"path":["/c/en/zoon","/c/en/album","/c/en/literary","/c/en/meed"],"weight":0.2079799999999999},"num_concepts_raised":19802},{"base_id":835,"kind":"top_words","i1":7,"i2":9,"sol":{"path":["/c/en/zoon","/c/en/zooid","/c/en/zoology","/c/en/asteroid","/c/en/hesperia"],"weight":0.21486999999999984},"num_concepts_raised":14900},{"base_id":835,"kind":"top_words","i1":8,"i2":9,"sol":{"path":["/c/en/meed","/c/en/reward","/c/en/argonaut","/c/en/greek_mythology","/c/en/hesperia"],"weight":0.2093299999999999},"num_concepts_raised":20953}]]