[[{"base_id":577,"kind":"bot_words","i1":0,"i2":1,"sol":{"path":["/c/en/str","/c/en/computing","/c/en/fat","/c/en/obese"],"weight":0.2067799999999997},"num_concepts_raised":57033},{"base_id":577,"kind":"bot_words","i1":0,"i2":2,"sol":{"path":["/c/en/str","/c/en/equivalent","/c/en/justiciary"],"weight":0.202},"num_concepts_raised":110},{"base_id":577,"kind":"bot_words","i1":0,"i2":3,"sol":{"path":["/c/en/str","/c/en/area","/c/en/city","/c/en/luanda"],"weight":0.20909999999999973},"num_concepts_raised":44492},{"base_id":577,"kind":"bot_words","i1":0,"i2":4,"sol":{"path":["/c/en/str","/c/en/unit","/c/en/measure","/c/en/operationalize","/c/en/operationalization"],"weight":0.20980999999999983},"num_concepts_raised":39894},{"base_id":577,"kind":"bot_words","i1":0,"i2":5,"sol":{"path":["/c/en/str","/c/en/music","/c/en/study","/c/en/academic"],"weight":0.20957999999999852},"num_concepts_raised":84121},{"base_id":577,"kind":"bot_words","i1":0,"i2":6,"sol":{"path":["/c/en/str","/c/en/ram","/c/en/animal","/c/en/deer"],"weight":0.22383999999999932},"num_concepts_raised":81099},{"base_id":577,"kind":"bot_words","i1":0,"i2":7,"sol":{"path":["/c/en/str","/c/en/historical","/c/en/wales","/c/en/pembrokeshire"],"weight":0.20807999999999977},"num_concepts_raised":47277},{"base_id":577,"kind":"bot_words","i1":0,"i2":8,"sol":{"path":["/c/en/str","/c/en/unit","/c/en/arm","/c/en/elbow"],"weight":0.22174999999999984},"num_concepts_raised":88635},{"base_id":577,"kind":"bot_words","i1":0,"i2":9,"sol":{"path":["/c/en/str","/c/en/area","/c/fr/espace","/c/fr/astrophysicien","/c/en/astrophysicist"],"weight":0.20431999999999995},"num_concepts_raised":40408},{"base_id":577,"kind":"bot_words","i1":1,"i2":2,"sol":{"path":["/c/en/obese","/c/en/person","/c/en/justice","/c/en/justiciary"],"weight":0.20824999999999969},"num_concepts_raised":57444},{"base_id":577,"kind":"bot_words","i1":1,"i2":3,"sol":{"path":["/c/en/obese","/c/en/fat","/c/en/people","/c/en/city","/c/en/luanda"],"weight":0.21316999999999958},"num_concepts_raised":23067},{"base_id":577,"kind":"bot_words","i1":1,"i2":4,"sol":{"path":["/c/en/obese","/c/en/weight","/c/en/measure","/c/en/operationalize","/c/en/operationalization"],"weight":0.21180999999999967},"num_concepts_raised":18088},{"base_id":577,"kind":"bot_words","i1":1,"i2":5,"sol":{"path":["/c/en/obese","/c/en/person","/c/en/study","/c/en/academic"],"weight":0.21163999999999838},"num_concepts_raised":64202},{"base_id":577,"kind":"bot_words","i1":1,"i2":6,"sol":{"path":["/c/en/obese","/c/en/person","/c/en/animal","/c/en/deer"],"weight":0.2259399999999992},"num_concepts_raised":59974},{"base_id":577,"kind":"bot_words","i1":1,"i2":7,"sol":{"path":["/c/en/obese","/c/en/fat","/c/en/slang","/c/en/hook","/c/en/pembrokeshire"],"weight":0.21234999999999965},"num_concepts_raised":25574},{"base_id":577,"kind":"bot_words","i1":1,"i2":8,"sol":{"path":["/c/en/obese","/c/en/person","/c/en/arm","/c/en/elbow"],"weight":0.22375999999999968},"num_concepts_raised":68073},{"base_id":577,"kind":"bot_words","i1":1,"i2":9,"sol":{"path":["/c/en/obese","/c/en/corpulent","/c/en/physical","/c/en/astronomer","/c/en/astrophysicist"],"weight":0.2055299999999998},"num_concepts_raised":18599},{"base_id":577,"kind":"bot_words","i1":2,"i2":3,"sol":{"path":["/c/en/justiciary","/c/en/court","/c/en/city","/c/en/luanda"],"weight":0.2103799999999997},"num_concepts_raised":45320},{"base_id":577,"kind":"bot_words","i1":2,"i2":4,"sol":{"path":["/c/en/justiciary","/c/en/law","/c/en/concept","/c/en/operationalize","/c/en/operationalization"],"weight":0.21209999999999982},"num_concepts_raised":40827},{"base_id":577,"kind":"bot_words","i1":2,"i2":5,"sol":{"path":["/c/en/justiciary","/c/en/law","/c/en/study","/c/en/academic"],"weight":0.21190999999999852},"num_concepts_raised":84244},{"base_id":577,"kind":"bot_words","i1":2,"i2":6,"sol":{"path":["/c/en/justiciary","/c/en/body","/c/en/animal","/c/en/deer"],"weight":0.22485999999999934},"num_concepts_raised":81706},{"base_id":577,"kind":"bot_words","i1":2,"i2":7,"sol":{"path":["/c/en/justiciary","/c/en/historical","/c/en/wales","/c/en/pembrokeshire"],"weight":0.20909999999999976},"num_concepts_raised":48063},{"base_id":577,"kind":"bot_words","i1":2,"i2":8,"sol":{"path":["/c/en/justiciary","/c/en/body","/c/en/elbow"],"weight":0.20400000000000001},"num_concepts_raised":544},{"base_id":577,"kind":"bot_words","i1":2,"i2":9,"sol":{"path":["/c/en/justiciary","/c/en/law","/c/en/physical","/c/en/astronomer","/c/en/astrophysicist"],"weight":0.20562999999999992},"num_concepts_raised":41342},{"base_id":577,"kind":"bot_words","i1":3,"i2":4,"sol":{"path":["/c/en/luanda","/c/en/city","/c/en/big","/c/en/measure","/c/en/operationalize","/c/en/operationalization"],"weight":0.22061609999999923},"num_concepts_raised":468290},{"base_id":577,"kind":"bot_words","i1":3,"i2":5,"sol":{"path":["/c/en/luanda","/c/en/city","/c/en/school","/c/en/academic"],"weight":0.2148699999999984},"num_concepts_raised":52091},{"base_id":577,"kind":"bot_words","i1":3,"i2":6,"sol":{"path":["/c/en/luanda","/c/en/capital","/c/en/head","/c/en/deer"],"weight":0.22528999999999927},"num_concepts_raised":47808},{"base_id":577,"kind":"bot_words","i1":3,"i2":7,"sol":{"path":["/c/en/luanda","/c/en/city","/c/en/st_david's","/c/en/pembrokeshire"],"weight":0.21436999999999967},"num_concepts_raised":12686},{"base_id":577,"kind":"bot_words","i1":3,"i2":8,"sol":{"path":["/c/en/luanda","/c/en/capital","/c/en/us","/c/en/elbow"],"weight":0.22336999999999974},"num_concepts_raised":55928},{"base_id":577,"kind":"bot_words","i1":3,"i2":9,"sol":{"path":["/c/en/luanda","/c/en/capital","/c/en/star","/c/en/astronomer","/c/en/astrophysicist"],"weight":0.20958999999999983},"num_concepts_raised":5732},{"base_id":577,"kind":"bot_words","i1":4,"i2":5,"sol":{"path":["/c/en/operationalization","/c/it/operazionismo","/c/en/philosophy","/c/en/academic"],"weight":0.21311999999999853},"num_concepts_raised":47338},{"base_id":577,"kind":"bot_words","i1":4,"i2":6,"sol":{"path":["/c/en/operationalization","/c/en/operationalize","/c/en/measure","/c/en/yard","/c/en/deer"],"weight":0.22587999999999936},"num_concepts_raised":43066},{"base_id":577,"kind":"bot_words","i1":4,"i2":7,"sol":{"path":["/c/en/operationalization","/c/en/operationalize","/c/en/measure","/c/en/angle","/c/fr/autorité_unitaire","/c/en/pembrokeshire"],"weight":0.21770719999999877},"num_concepts_raised":325022},{"base_id":577,"kind":"bot_words","i1":4,"i2":8,"sol":{"path":["/c/en/operationalization","/c/en/operationalize","/c/en/concept","/c/en/part","/c/en/elbow"],"weight":0.22421999999999984},"num_concepts_raised":51158},{"base_id":577,"kind":"bot_words","i1":4,"i2":9,"sol":{"path":["/c/en/operationalization","/c/it/operazionismo","/c/en/philosophy","/c/en/matter","/c/en/astrophysics","/c/en/astrophysicist"],"weight":0.21051049999999988},"num_concepts_raised":40155},{"base_id":577,"kind":"bot_words","i1":5,"i2":6,"sol":{"path":["/c/en/academic","/c/en/scientific","/c/en/animal","/c/en/deer"],"weight":0.23011999999999802},"num_concepts_raised":88452},{"base_id":577,"kind":"bot_words","i1":5,"i2":7,"sol":{"path":["/c/en/academic","/c/en/academy","/c/en/uk","/c/en/wales","/c/en/pembrokeshire"],"weight":0.21586999999999845},"num_concepts_raised":54766},{"base_id":577,"kind":"bot_words","i1":5,"i2":8,"sol":{"path":["/c/en/academic","/c/en/academy","/c/en/body","/c/en/elbow"],"weight":0.22487999999999853},"num_concepts_raised":96070},{"base_id":577,"kind":"bot_words","i1":5,"i2":9,"sol":{"path":["/c/en/academic","/c/en/lowndean","/c/en/astronomer","/c/en/astrophysicist"],"weight":0.2085299999999986},"num_concepts_raised":47831},{"base_id":577,"kind":"bot_words","i1":6,"i2":7,"sol":{"path":["/c/en/deer","/c/en/cape","/c/en/hook","/c/en/pembrokeshire"],"weight":0.22412999999999927},"num_concepts_raised":50451},{"base_id":577,"kind":"bot_words","i1":6,"i2":8,"sol":{"path":["/c/en/deer","/c/en/moose","/c/en/us","/c/en/elbow"],"weight":0.2400099999999994},"num_concepts_raised":91104},{"base_id":577,"kind":"bot_words","i1":6,"i2":9,"sol":{"path":["/c/en/deer","/c/en/animal","/c/en/matter","/c/en/astrophysics","/c/en/astrophysicist"],"weight":0.22431999999999944},"num_concepts_raised":43586},{"base_id":577,"kind":"bot_words","i1":7,"i2":8,"sol":{"path":["/c/en/pembrokeshire","/c/en/hook","/c/en/bend","/c/en/elbow"],"weight":0.22460999999999975},"num_concepts_raised":58514},{"base_id":577,"kind":"bot_words","i1":7,"i2":9,"sol":{"path":["/c/en/pembrokeshire","/c/en/wales","/c/en/star","/c/en/astronomer","/c/en/astrophysicist"],"weight":0.20863999999999988},"num_concepts_raised":8194},{"base_id":577,"kind":"bot_words","i1":8,"i2":9,"sol":{"path":["/c/en/elbow","/c/en/bend","/c/en/physical","/c/en/astronomer","/c/en/astrophysicist"],"weight":0.21984999999999993},"num_concepts_raised":51676}],[{"base_id":577,"kind":"top_words","i1":0,"i2":1,"sol":{"path":["/c/en/eh","/c/en/slang","/c/en/grass","/c/en/ground_cover","/c/en/groundcover"],"weight":0.20431999999999964},"num_concepts_raised":29814},{"base_id":577,"kind":"top_words","i1":0,"i2":2,"sol":{"path":["/c/en/eh","/c/en/slang","/c/en/chemical","/c/en/teratogen"],"weight":0.20333999999999972},"num_concepts_raised":37605},{"base_id":577,"kind":"top_words","i1":0,"i2":3,"sol":{"path":["/c/en/eh","/c/en/slang","/c/en/pyro","/c/en/pyrophoric"],"weight":0.20428999999999964},"num_concepts_raised":40185},{"base_id":577,"kind":"top_words","i1":0,"i2":4,"sol":{"path":["/c/en/eh","/c/en/australia","/c/en/beaver","/c/en/rodent","/c/en/capybara"],"weight":0.21273999999999982},"num_concepts_raised":32194},{"base_id":577,"kind":"top_words","i1":0,"i2":5,"sol":{"path":["/c/en/eh","/c/en/slang","/c/en/medicine","/c/en/vasodilator"],"weight":0.2048199999999994},"num_concepts_raised":48639},{"base_id":577,"kind":"top_words","i1":0,"i2":6,"sol":{"path":["/c/en/eh","/c/en/internet","/c/en/old","/c/en/ol"],"weight":0.20350999999999964},"num_concepts_raised":45424},{"base_id":577,"kind":"top_words","i1":0,"i2":7,"sol":{"path":["/c/en/eh","/c/en/slang","/c/en/smoke","/c/en/carcinogen"],"weight":0.20985999999999966},"num_concepts_raised":36494},{"base_id":577,"kind":"top_words","i1":0,"i2":8,"sol":{"path":["/c/en/eh","/c/en/slang","/c/en/colloquial","/c/en/colloquially"],"weight":0.20451999999999973},"num_concepts_raised":30644},{"base_id":577,"kind":"top_words","i1":0,"i2":9,"sol":{"path":["/c/en/eh","/c/fr/tsé","/c/en/know","/c/en/known"],"weight":0.20939999999999873},"num_concepts_raised":68824},{"base_id":577,"kind":"top_words","i1":1,"i2":2,"sol":{"path":["/c/en/groundcover","/c/en/ground_cover","/c/en/sand","/c/en/substance","/c/en/teratogen"],"weight":0.20395999999999984},"num_concepts_raised":9155},{"base_id":577,"kind":"top_words","i1":1,"i2":3,"sol":{"path":["/c/en/groundcover","/c/en/ground_cover","/c/en/forest","/c/en/fire","/c/en/pyrophoric"],"weight":0.20394999999999974},"num_concepts_raised":11815},{"base_id":577,"kind":"top_words","i1":1,"i2":4,"sol":{"path":["/c/en/groundcover","/c/en/vegetation","/c/en/tree","/c/en/rodent","/c/en/capybara"],"weight":0.21217999999999992},"num_concepts_raised":3584},{"base_id":577,"kind":"top_words","i1":1,"i2":5,"sol":{"path":["/c/en/groundcover","/c/en/ground_cover","/c/en/erosion","/c/en/medicine","/c/en/vasodilator"],"weight":0.2053699999999995},"num_concepts_raised":20410},{"base_id":577,"kind":"top_words","i1":1,"i2":6,"sol":{"path":["/c/en/groundcover","/c/en/ground_cover","/c/en/sand","/c/en/old","/c/en/ol"],"weight":0.20403999999999972},"num_concepts_raised":17022},{"base_id":577,"kind":"top_words","i1":1,"i2":7,"sol":{"path":["/c/en/groundcover","/c/en/ground_cover","/c/en/sand","/c/en/substance","/c/en/carcinogen"],"weight":0.21041999999999975},"num_concepts_raised":8145},{"base_id":577,"kind":"top_words","i1":1,"i2":8,"sol":{"path":["/c/en/groundcover","/c/en/paxistima","/c/en/plant","/c/el/γουλί","/c/en/colloquially"],"weight":0.20312999999999984},"num_concepts_raised":2045},{"base_id":577,"kind":"top_words","i1":1,"i2":9,"sol":{"path":["/c/en/groundcover","/c/en/vegetation","/c/en/garden","/c/en/familiar","/c/en/known"],"weight":0.21135999999999883},"num_concepts_raised":41586},{"base_id":577,"kind":"top_words","i1":2,"i2":3,"sol":{"path":["/c/en/teratogen","/c/en/substance","/c/en/fire","/c/en/pyrophoric"],"weight":0.20306999999999986},"num_concepts_raised":19702},{"base_id":577,"kind":"top_words","i1":2,"i2":4,"sol":{"path":["/c/en/teratogen","/c/en/embryo","/c/en/animal","/c/en/rodent","/c/en/capybara"],"weight":0.21228000000000002},"num_concepts_raised":11601},{"base_id":577,"kind":"top_words","i1":2,"i2":5,"sol":{"path":["/c/en/teratogen","/c/en/drug","/c/en/vasodilator"],"weight":0.202},"num_concepts_raised":166},{"base_id":577,"kind":"top_words","i1":2,"i2":6,"sol":{"path":["/c/en/teratogen","/c/en/diethylstilbestrol","/c/en/phenol","/c/en/ol"],"weight":0.2030699999999998},"num_concepts_raised":24900},{"base_id":577,"kind":"top_words","i1":2,"i2":7,"sol":{"path":["/c/en/teratogen","/c/en/carcinogen"],"weight":0.20400000000000001},"num_concepts_raised":130},{"base_id":577,"kind":"top_words","i1":2,"i2":8,"sol":{"path":["/c/en/teratogen","/c/en/chemical","/c/en/slang","/c/en/colloquial","/c/en/colloquially"],"weight":0.20409999999999992},"num_concepts_raised":10051},{"base_id":577,"kind":"top_words","i1":2,"i2":9,"sol":{"path":["/c/en/teratogen","/c/en/agent","/c/en/person","/c/en/known"],"weight":0.20800999999999892},"num_concepts_raised":49351},{"base_id":577,"kind":"top_words","i1":3,"i2":4,"sol":{"path":["/c/en/pyrophoric","/c/en/air","/c/en/mammal","/c/en/capybara"],"weight":0.21017999999999998},"num_concepts_raised":14260},{"base_id":577,"kind":"top_words","i1":3,"i2":5,"sol":{"path":["/c/en/pyrophoric","/c/en/oxygen","/c/en/medicine","/c/en/vasodilator"],"weight":0.20440999999999954},"num_concepts_raised":30809},{"base_id":577,"kind":"top_words","i1":3,"i2":6,"sol":{"path":["/c/en/pyrophoric","/c/en/fire","/c/en/old","/c/en/ol"],"weight":0.20310999999999974},"num_concepts_raised":27550},{"base_id":577,"kind":"top_words","i1":3,"i2":7,"sol":{"path":["/c/en/pyrophoric","/c/en/fire","/c/en/substance","/c/en/carcinogen"],"weight":0.20955999999999975},"num_concepts_raised":18573},{"base_id":577,"kind":"top_words","i1":3,"i2":8,"sol":{"path":["/c/en/pyrophoric","/c/en/pyro","/c/en/slang","/c/en/colloquial","/c/en/colloquially"],"weight":0.20504999999999984},"num_concepts_raised":12706},{"base_id":577,"kind":"top_words","i1":3,"i2":9,"sol":{"path":["/c/en/pyrophoric","/c/en/air","/c/en/person","/c/en/known"],"weight":0.20797999999999883},"num_concepts_raised":51670},{"base_id":577,"kind":"top_words","i1":4,"i2":5,"sol":{"path":["/c/en/capybara","/c/en/rodent","/c/en/loxtidine","/c/en/medicine","/c/en/vasodilator"],"weight":0.21368999999999969},"num_concepts_raised":22838},{"base_id":577,"kind":"top_words","i1":4,"i2":6,"sol":{"path":["/c/en/capybara","/c/en/rodent","/c/en/rabbit","/c/en/old","/c/en/ol"],"weight":0.21240999999999993},"num_concepts_raised":19468},{"base_id":577,"kind":"top_words","i1":4,"i2":7,"sol":{"path":["/c/en/capybara","/c/en/rodent","/c/en/aristolochic_acid","/c/en/carcinogen"],"weight":0.21870999999999993},"num_concepts_raised":10598},{"base_id":577,"kind":"top_words","i1":4,"i2":8,"sol":{"path":["/c/en/capybara","/c/en/mammal","/c/en/bone","/c/tr/çatlak","/c/en/colloquially"],"weight":0.21034000000000003},"num_concepts_raised":4501},{"base_id":577,"kind":"top_words","i1":4,"i2":9,"sol":{"path":["/c/en/capybara","/c/en/mammal","/c/en/person","/c/en/known"],"weight":0.21522999999999903},"num_concepts_raised":43986},{"base_id":577,"kind":"top_words","i1":5,"i2":6,"sol":{"path":["/c/en/vasodilator","/c/en/medicine","/c/en/affection","/c/en/ol"],"weight":0.20446999999999949},"num_concepts_raised":36085},{"base_id":577,"kind":"top_words","i1":5,"i2":7,"sol":{"path":["/c/en/vasodilator","/c/en/drug","/c/en/substance","/c/en/carcinogen"],"weight":0.2110599999999995},"num_concepts_raised":26948},{"base_id":577,"kind":"top_words","i1":5,"i2":8,"sol":{"path":["/c/en/vasodilator","/c/en/vessel","/c/en/mug","/c/en/colloquially"],"weight":0.2043199999999996},"num_concepts_raised":21272},{"base_id":577,"kind":"top_words","i1":5,"i2":9,"sol":{"path":["/c/en/vasodilator","/c/en/medicine","/c/en/algebra","/c/en/known"],"weight":0.20925999999999859},"num_concepts_raised":60454},{"base_id":577,"kind":"top_words","i1":6,"i2":7,"sol":{"path":["/c/en/ol","/c/en/nape","/c/en/zoology","/c/en/carcinology","/c/en/carcinogen"],"weight":0.21154999999999974},"num_concepts_raised":23921},{"base_id":577,"kind":"top_words","i1":6,"i2":8,"sol":{"path":["/c/en/ol","/c/en/organic_chemistry","/c/fi/asetaatti","/c/en/colloquially"],"weight":0.20329999999999981},"num_concepts_raised":17906},{"base_id":577,"kind":"top_words","i1":6,"i2":9,"sol":{"path":["/c/en/ol","/c/en/old","/c/en/familiar","/c/en/known"],"weight":0.2116099999999988},"num_concepts_raised":57089},{"base_id":577,"kind":"top_words","i1":7,"i2":8,"sol":{"path":["/c/en/carcinogen","/c/en/carcinology","/c/en/zoology","/c/fi/korppikotka","/c/en/colloquially"],"weight":0.21159999999999984},"num_concepts_raised":9041},{"base_id":577,"kind":"top_words","i1":7,"i2":9,"sol":{"path":["/c/en/carcinogen","/c/en/cancer","/c/en/person","/c/en/known"],"weight":0.2145599999999988},"num_concepts_raised":48095},{"base_id":577,"kind":"top_words","i1":8,"i2":9,"sol":{"path":["/c/en/colloquially","/c/en/colloquial","/c/en/familiar","/c/en/known"],"weight":0.2125099999999989},"num_concepts_raised":42401}]]