[[{"base_id":829,"kind":"bot_words","i1":0,"i2":1,"sol":{"path":["/c/en/photojournalist","/c/sh/fotoreporter","/c/en/photographer","/c/en/wedding","/c/en/marry"],"weight":0.21376999999999852},"num_concepts_raised":66593},{"base_id":829,"kind":"bot_words","i1":0,"i2":2,"sol":{"path":["/c/en/photojournalist","/c/en/photojournalism","/c/en/image","/c/en/face","/c/en/dignity"],"weight":0.2162799999999993},"num_concepts_raised":35228},{"base_id":829,"kind":"bot_words","i1":0,"i2":3,"sol":{"path":["/c/en/photojournalist","/c/en/photojournalism","/c/en/image","/c/en/anamorphic","/c/en/mycology"],"weight":0.21659999999999818},"num_concepts_raised":15802},{"base_id":829,"kind":"bot_words","i1":0,"i2":4,"sol":{"path":["/c/en/photojournalist","/c/en/journalist","/c/en/current","/c/en/cauterize","/c/en/sear"],"weight":0.20523999999999964},"num_concepts_raised":23753},{"base_id":829,"kind":"bot_words","i1":0,"i2":5,"sol":{"path":["/c/en/photojournalist","/c/en/photojournalism","/c/en/story","/c/en/bungalow"],"weight":0.21089999999999992},"num_concepts_raised":14204},{"base_id":829,"kind":"bot_words","i1":0,"i2":6,"sol":{"path":["/c/en/photojournalist","/c/en/journalist","/c/en/journalese","/c/en/language","/c/en/speaking"],"weight":0.20842999999999867},"num_concepts_raised":46470},{"base_id":829,"kind":"bot_words","i1":0,"i2":7,"sol":{"path":["/c/en/photojournalist","/c/en/photojournalism","/c/en/abbas","/c/en/person","/c/en/offended"],"weight":0.20439999999999975},"num_concepts_raised":15809},{"base_id":829,"kind":"bot_words","i1":0,"i2":8,"sol":{"path":["/c/en/photojournalist","/c/en/photojournalism","/c/en/photograph","/c/en/cabinet","/c/en/armoire"],"weight":0.20505999999999985},"num_concepts_raised":7718},{"base_id":829,"kind":"bot_words","i1":0,"i2":9,"sol":{"path":["/c/en/photojournalist","/c/en/photojournalism","/c/fr/journalisme","/c/fr/brève","/c/en/bird","/c/en/bulbul"],"weight":0.21566529999999906},"num_concepts_raised":349070},{"base_id":829,"kind":"bot_words","i1":1,"i2":2,"sol":{"path":["/c/en/marry","/c/en/state","/c/en/dignity"],"weight":0.20400000000000001},"num_concepts_raised":1121},{"base_id":829,"kind":"bot_words","i1":1,"i2":3,"sol":{"path":["/c/en/marry","/c/en/join","/c/en/anastomose","/c/en/mycology"],"weight":0.2274499999999968},"num_concepts_raised":80850},{"base_id":829,"kind":"bot_words","i1":1,"i2":4,"sol":{"path":["/c/en/marry","/c/en/action","/c/en/burn","/c/en/sear"],"weight":0.21625999999999823},"num_concepts_raised":88043},{"base_id":829,"kind":"bot_words","i1":1,"i2":5,"sol":{"path":["/c/en/marry","/c/en/single","/c/en/bungalow"],"weight":0.20400000000000001},"num_concepts_raised":794},{"base_id":829,"kind":"bot_words","i1":1,"i2":6,"sol":{"path":["/c/en/marry","/c/en/sentence","/c/en/speech","/c/en/speaking"],"weight":0.21930999999999726},"num_concepts_raised":108270},{"base_id":829,"kind":"bot_words","i1":1,"i2":7,"sol":{"path":["/c/en/marry","/c/en/adult","/c/en/person","/c/en/offended"],"weight":0.21392999999999834},"num_concepts_raised":80019},{"base_id":829,"kind":"bot_words","i1":1,"i2":8,"sol":{"path":["/c/en/marry","/c/en/husband","/c/en/house","/c/en/armoire"],"weight":0.21369999999999847},"num_concepts_raised":72838},{"base_id":829,"kind":"bot_words","i1":1,"i2":9,"sol":{"path":["/c/en/marry","/c/en/man","/c/en/bird","/c/en/bulbul"],"weight":0.21847999999999834},"num_concepts_raised":71961},{"base_id":829,"kind":"bot_words","i1":2,"i2":3,"sol":{"path":["/c/en/dignity","/c/en/respect","/c/en/bonnet","/c/en/mycology"],"weight":0.22995999999999756},"num_concepts_raised":49833},{"base_id":829,"kind":"bot_words","i1":2,"i2":4,"sol":{"path":["/c/en/dignity","/c/en/person","/c/en/burn","/c/en/sear"],"weight":0.21899999999999903},"num_concepts_raised":57301},{"base_id":829,"kind":"bot_words","i1":2,"i2":5,"sol":{"path":["/c/en/dignity","/c/en/office","/c/en/house","/c/en/bungalow"],"weight":0.2246199999999993},"num_concepts_raised":47745},{"base_id":829,"kind":"bot_words","i1":2,"i2":6,"sol":{"path":["/c/en/dignity","/c/en/person","/c/en/speaking"],"weight":0.20400000000000001},"num_concepts_raised":823},{"base_id":829,"kind":"bot_words","i1":2,"i2":7,"sol":{"path":["/c/en/dignity","/c/en/person","/c/en/offended"],"weight":0.20400000000000001},"num_concepts_raised":523},{"base_id":829,"kind":"bot_words","i1":2,"i2":8,"sol":{"path":["/c/en/dignity","/c/en/office","/c/en/wardrobe","/c/en/armoire"],"weight":0.21535999999999927},"num_concepts_raised":41724},{"base_id":829,"kind":"bot_words","i1":2,"i2":9,"sol":{"path":["/c/en/dignity","/c/syc/ܕܪܓܐ","/c/en/bird","/c/en/bulbul"],"weight":0.22091999999999914},"num_concepts_raised":40709},{"base_id":829,"kind":"bot_words","i1":3,"i2":4,"sol":{"path":["/c/en/mycology","/c/en/gill","/c/en/burn","/c/en/sear"],"weight":0.21950999999999793},"num_concepts_raised":38467},{"base_id":829,"kind":"bot_words","i1":3,"i2":5,"sol":{"path":["/c/en/mycology","/c/en/botany","/c/en/single","/c/en/bungalow"],"weight":0.2229999999999982},"num_concepts_raised":29092},{"base_id":829,"kind":"bot_words","i1":3,"i2":6,"sol":{"path":["/c/en/mycology","/c/en/botany","/c/en/lip","/c/en/speaking"],"weight":0.21988999999999698},"num_concepts_raised":61054},{"base_id":829,"kind":"bot_words","i1":3,"i2":7,"sol":{"path":["/c/en/mycology","/c/en/free","/c/en/person","/c/en/offended"],"weight":0.215969999999998},"num_concepts_raised":30761},{"base_id":829,"kind":"bot_words","i1":3,"i2":8,"sol":{"path":["/c/en/mycology","/c/en/botany","/c/fr/baie","/c/fr/armoire","/c/en/armoire"],"weight":0.21806999999999815},"num_concepts_raised":22703},{"base_id":829,"kind":"bot_words","i1":3,"i2":9,"sol":{"path":["/c/en/mycology","/c/en/annulus","/c/en/astronomy","/c/fa/شباهنگ","/c/en/bulbul"],"weight":0.22371999999999803},"num_concepts_raised":21392},{"base_id":829,"kind":"bot_words","i1":4,"i2":5,"sol":{"path":["/c/en/sear","/c/en/scorch","/c/en/building","/c/en/bungalow"],"weight":0.21256999999999965},"num_concepts_raised":36767},{"base_id":829,"kind":"bot_words","i1":4,"i2":6,"sol":{"path":["/c/en/sear","/c/en/burn","/c/en/person","/c/en/speaking"],"weight":0.2107099999999984},"num_concepts_raised":68320},{"base_id":829,"kind":"bot_words","i1":4,"i2":7,"sol":{"path":["/c/en/sear","/c/en/burn","/c/en/person","/c/en/offended"],"weight":0.20721999999999946},"num_concepts_raised":38495},{"base_id":829,"kind":"bot_words","i1":4,"i2":8,"sol":{"path":["/c/en/sear","/c/en/burn","/c/en/paper","/c/en/cabinet","/c/en/armoire"],"weight":0.2079099999999996},"num_concepts_raised":30444},{"base_id":829,"kind":"bot_words","i1":4,"i2":9,"sol":{"path":["/c/en/sear","/c/en/heat","/c/en/africa","/c/en/bulbul"],"weight":0.21015999999999949},"num_concepts_raised":29288},{"base_id":829,"kind":"bot_words","i1":5,"i2":6,"sol":{"path":["/c/en/bungalow","/c/en/house","/c/en/speaker","/c/en/speaking"],"weight":0.21635999999999866},"num_concepts_raised":59002},{"base_id":829,"kind":"bot_words","i1":5,"i2":7,"sol":{"path":["/c/en/bungalow","/c/en/building","/c/en/person","/c/en/offended"],"weight":0.21047999999999972},"num_concepts_raised":28958},{"base_id":829,"kind":"bot_words","i1":5,"i2":8,"sol":{"path":["/c/en/bungalow","/c/en/house","/c/en/armoire"],"weight":0.20500000000000002},"num_concepts_raised":152},{"base_id":829,"kind":"bot_words","i1":5,"i2":9,"sol":{"path":["/c/en/bungalow","/c/en/bed","/c/en/nightingale","/c/en/bulbul"],"weight":0.21600999999999976},"num_concepts_raised":19733},{"base_id":829,"kind":"bot_words","i1":6,"i2":7,"sol":{"path":["/c/en/speaking","/c/en/person","/c/en/offended"],"weight":0.202},"num_concepts_raised":445},{"base_id":829,"kind":"bot_words","i1":6,"i2":8,"sol":{"path":["/c/en/speaking","/c/en/speaker","/c/en/house","/c/en/armoire"],"weight":0.20707999999999863},"num_concepts_raised":53059},{"base_id":829,"kind":"bot_words","i1":6,"i2":9,"sol":{"path":["/c/en/speaking","/c/en/word","/c/en/bird","/c/en/bulbul"],"weight":0.21306999999999854},"num_concepts_raised":51924},{"base_id":829,"kind":"bot_words","i1":7,"i2":8,"sol":{"path":["/c/en/offended","/c/en/person","/c/en/clothes","/c/en/armoire"],"weight":0.2033499999999997},"num_concepts_raised":22654},{"base_id":829,"kind":"bot_words","i1":7,"i2":9,"sol":{"path":["/c/en/offended","/c/en/person","/c/en/disorder","/c/ar/بلبل","/c/en/bulbul"],"weight":0.21324999999999958},"num_concepts_raised":21387},{"base_id":829,"kind":"bot_words","i1":8,"i2":9,"sol":{"path":["/c/en/armoire","/c/en/cabinet","/c/en/small","/c/en/bird","/c/en/bulbul"],"weight":0.2099699999999997},"num_concepts_raised":13331}],[{"base_id":829,"kind":"top_words","i1":0,"i2":1,"sol":{"path":["/c/en/joseph","/c/en/rachel","/c/en/person","/c/en/mythology","/c/en/mythologist"],"weight":0.2157699999999999},"num_concepts_raised":9266},{"base_id":829,"kind":"top_words","i1":0,"i2":2,"sol":{"path":["/c/en/joseph","/c/en/joe"],"weight":0.20800000000000002},"num_concepts_raised":207},{"base_id":829,"kind":"top_words","i1":0,"i2":3,"sol":{"path":["/c/en/joseph","/c/en/joe","/c/en/us","/c/en/ass_licker","/c/en/licker"],"weight":0.21653999999999993},"num_concepts_raised":8627},{"base_id":829,"kind":"top_words","i1":0,"i2":4,"sol":{"path":["/c/en/joseph","/c/en/christianity","/c/en/catechist"],"weight":0.20600000000000002},"num_concepts_raised":186},{"base_id":829,"kind":"top_words","i1":0,"i2":5,"sol":{"path":["/c/en/joseph","/c/en/joe","/c/en/us","/c/en/prang"],"weight":0.21661999999999987},"num_concepts_raised":41583},{"base_id":829,"kind":"top_words","i1":0,"i2":6,"sol":{"path":["/c/en/joseph","/c/en/given_name","/c/en/don","/c/en/river","/c/en/angara"],"weight":0.21971999999999983},"num_concepts_raised":11328},{"base_id":829,"kind":"top_words","i1":0,"i2":7,"sol":{"path":["/c/en/joseph","/c/en/given_name","/c/en/susy","/c/en/physics","/c/en/anyon"],"weight":0.21950999999999982},"num_concepts_raised":18808},{"base_id":829,"kind":"top_words","i1":0,"i2":8,"sol":{"path":["/c/en/joseph","/c/fr/joseph","/c/fr/argot","/c/en/tea","/c/en/cuppa"],"weight":0.2210599999999998},"num_concepts_raised":10459},{"base_id":829,"kind":"top_words","i1":0,"i2":9,"sol":{"path":["/c/en/joseph","/c/en/qur","/c/en/fig","/c/en/fike"],"weight":0.21673999999999977},"num_concepts_raised":23430},{"base_id":829,"kind":"top_words","i1":1,"i2":2,"sol":{"path":["/c/en/mythologist","/c/en/mythology","/c/en/person","/c/en/joe_schmoe","/c/en/joe"],"weight":0.2056199999999998},"num_concepts_raised":21674},{"base_id":829,"kind":"top_words","i1":1,"i2":3,"sol":{"path":["/c/en/mythologist","/c/en/expert","/c/ja/上手い","/c/de/lecker","/c/en/licker"],"weight":0.20393999999999998},"num_concepts_raised":2669},{"base_id":829,"kind":"top_words","i1":1,"i2":4,"sol":{"path":["/c/en/mythologist","/c/en/mythology","/c/en/baal","/c/en/christianity","/c/en/catechist"],"weight":0.2043099999999999},"num_concepts_raised":5781},{"base_id":829,"kind":"top_words","i1":1,"i2":5,"sol":{"path":["/c/en/mythologist","/c/en/mythology","/c/en/person","/c/en/crash","/c/en/prang"],"weight":0.2052799999999999},"num_concepts_raised":35861},{"base_id":829,"kind":"top_words","i1":1,"i2":6,"sol":{"path":["/c/en/mythologist","/c/en/mythology","/c/en/titan","/c/en/rocket","/c/en/angara"],"weight":0.2092199999999999},"num_concepts_raised":5388},{"base_id":829,"kind":"top_words","i1":1,"i2":7,"sol":{"path":["/c/en/mythologist","/c/en/mythology","/c/en/body","/c/en/physics","/c/en/anyon"],"weight":0.20901999999999987},"num_concepts_raised":12868},{"base_id":829,"kind":"top_words","i1":1,"i2":8,"sol":{"path":["/c/en/mythologist","/c/en/mythology","/c/en/holy_grail","/c/en/cup","/c/en/cuppa"],"weight":0.2039299999999999},"num_concepts_raised":4527},{"base_id":829,"kind":"top_words","i1":1,"i2":9,"sol":{"path":["/c/en/mythologist","/c/en/mythology","/c/en/person","/c/en/move","/c/en/fike"],"weight":0.2042799999999998},"num_concepts_raised":17590},{"base_id":829,"kind":"top_words","i1":2,"i2":3,"sol":{"path":["/c/en/joe","/c/en/us","/c/en/ass_licker","/c/en/licker"],"weight":0.20335999999999985},"num_concepts_raised":21005},{"base_id":829,"kind":"top_words","i1":2,"i2":4,"sol":{"path":["/c/en/joe","/c/en/joseph","/c/en/christianity","/c/en/catechist"],"weight":0.2046599999999998},"num_concepts_raised":24096},{"base_id":829,"kind":"top_words","i1":2,"i2":5,"sol":{"path":["/c/en/joe","/c/en/us","/c/en/prang"],"weight":0.202},"num_concepts_raised":99},{"base_id":829,"kind":"top_words","i1":2,"i2":6,"sol":{"path":["/c/en/joe","/c/en/given_name","/c/en/don","/c/en/river","/c/en/angara"],"weight":0.20858999999999978},"num_concepts_raised":23671},{"base_id":829,"kind":"top_words","i1":2,"i2":7,"sol":{"path":["/c/en/joe","/c/en/joe_schmoe","/c/en/person","/c/en/any","/c/en/anyon"],"weight":0.2093299999999997},"num_concepts_raised":31129},{"base_id":829,"kind":"top_words","i1":2,"i2":8,"sol":{"path":["/c/en/joe","/c/en/us","/c/en/tea","/c/en/cuppa"],"weight":0.20337999999999976},"num_concepts_raised":22702},{"base_id":829,"kind":"top_words","i1":2,"i2":9,"sol":{"path":["/c/en/joe","/c/en/sex","/c/en/motion","/c/en/fike"],"weight":0.20352999999999966},"num_concepts_raised":34426},{"base_id":829,"kind":"top_words","i1":3,"i2":4,"sol":{"path":["/c/en/licker","/c/en/liquor","/c/en/general","/c/en/christianity","/c/en/catechist"],"weight":0.20307999999999993},"num_concepts_raised":5157},{"base_id":829,"kind":"top_words","i1":3,"i2":5,"sol":{"path":["/c/en/licker","/c/en/ass_licker","/c/en/slang","/c/en/prang"],"weight":0.20403999999999994},"num_concepts_raised":35175},{"base_id":829,"kind":"top_words","i1":3,"i2":6,"sol":{"path":["/c/en/licker","/c/en/lick","/c/en/slang","/c/en/rocket","/c/en/angara"],"weight":0.2080399999999999},"num_concepts_raised":4736},{"base_id":829,"kind":"top_words","i1":3,"i2":7,"sol":{"path":["/c/en/licker","/c/de/lecker","/c/en/attractive","/c/en/physics","/c/en/anyon"],"weight":0.2087899999999999},"num_concepts_raised":12208},{"base_id":829,"kind":"top_words","i1":3,"i2":8,"sol":{"path":["/c/en/licker","/c/en/lick","/c/en/slang","/c/en/tea","/c/en/cuppa"],"weight":0.2028799999999999},"num_concepts_raised":3860},{"base_id":829,"kind":"top_words","i1":3,"i2":9,"sol":{"path":["/c/en/licker","/c/fr/lécheur","/c/en/sycophant","/c/en/fig","/c/en/fike"],"weight":0.2061699999999998},"num_concepts_raised":16895},{"base_id":829,"kind":"top_words","i1":4,"i2":5,"sol":{"path":["/c/en/catechist","/c/en/teacher","/c/en/buddhist","/c/en/prang"],"weight":0.20313999999999988},"num_concepts_raised":38299},{"base_id":829,"kind":"top_words","i1":4,"i2":6,"sol":{"path":["/c/en/catechist","/c/en/christianity","/c/en/mass","/c/en/river","/c/en/angara"],"weight":0.20828999999999986},"num_concepts_raised":7875},{"base_id":829,"kind":"top_words","i1":4,"i2":7,"sol":{"path":["/c/en/catechist","/c/en/christianity","/c/pt/partícula","/c/en/physics","/c/en/anyon"],"weight":0.20810999999999982},"num_concepts_raised":15338},{"base_id":829,"kind":"top_words","i1":4,"i2":8,"sol":{"path":["/c/en/catechist","/c/en/christianity","/c/en/information","/c/en/tea","/c/en/cuppa"],"weight":0.20310999999999985},"num_concepts_raised":7001},{"base_id":829,"kind":"top_words","i1":4,"i2":9,"sol":{"path":["/c/en/catechist","/c/en/christianity","/c/en/bishop","/c/en/move","/c/en/fike"],"weight":0.20334999999999975},"num_concepts_raised":20042},{"base_id":829,"kind":"top_words","i1":5,"i2":6,"sol":{"path":["/c/en/prang","/c/en/slang","/c/en/rocket","/c/en/angara"],"weight":0.20918999999999985},"num_concepts_raised":37778},{"base_id":829,"kind":"top_words","i1":5,"i2":7,"sol":{"path":["/c/en/prang","/c/en/crash","/c/en/force","/c/en/physics","/c/en/anyon"],"weight":0.20906999999999984},"num_concepts_raised":45250},{"base_id":829,"kind":"top_words","i1":5,"i2":8,"sol":{"path":["/c/en/prang","/c/en/united_kingdom","/c/en/cuppa"],"weight":0.202},"num_concepts_raised":59},{"base_id":829,"kind":"top_words","i1":5,"i2":9,"sol":{"path":["/c/en/prang","/c/en/crash","/c/en/move","/c/en/fike"],"weight":0.20428999999999975},"num_concepts_raised":47737},{"base_id":829,"kind":"top_words","i1":6,"i2":7,"sol":{"path":["/c/en/angara","/c/en/rocket","/c/en/jet","/c/en/physics","/c/en/anyon"],"weight":0.2129999999999998},"num_concepts_raised":14914},{"base_id":829,"kind":"top_words","i1":6,"i2":8,"sol":{"path":["/c/en/angara","/c/en/rocket","/c/en/slang","/c/en/tea","/c/en/cuppa"],"weight":0.20803999999999984},"num_concepts_raised":6575},{"base_id":829,"kind":"top_words","i1":6,"i2":9,"sol":{"path":["/c/en/angara","/c/en/river","/c/en/movement","/c/en/move","/c/en/fike"],"weight":0.20827999999999974},"num_concepts_raised":19565},{"base_id":829,"kind":"top_words","i1":7,"i2":8,"sol":{"path":["/c/en/anyon","/c/en/physics","/c/en/moment","/c/en/tea","/c/en/cuppa"],"weight":0.2078099999999998},"num_concepts_raised":14052},{"base_id":829,"kind":"top_words","i1":7,"i2":9,"sol":{"path":["/c/en/anyon","/c/en/physics","/c/en/motion","/c/en/fike"],"weight":0.2080099999999997},"num_concepts_raised":26967},{"base_id":829,"kind":"top_words","i1":8,"i2":9,"sol":{"path":["/c/en/cuppa","/c/en/tea","/c/en/uk","/c/en/fike"],"weight":0.20300999999999975},"num_concepts_raised":18600}]]