[[{"base_id":750,"kind":"bot_words","i1":0,"i2":1,"sol":{"path":["/c/en/frankly","/c/ru/прямо","/c/en/right","/c/en/unscrupulous","/c/en/unscrupulously"],"weight":0.20489999999999978},"num_concepts_raised":6456},{"base_id":750,"kind":"bot_words","i1":0,"i2":2,"sol":{"path":["/c/en/frankly","/c/ko/솔까말","/c/en/slang","/c/en/swine"],"weight":0.20622999999999939},"num_concepts_raised":145853},{"base_id":750,"kind":"bot_words","i1":0,"i2":3,"sol":{"path":["/c/en/frankly","/c/en/fair","/c/en/clear","/c/en/thicken","/c/en/thickener"],"weight":0.20607999999999976},"num_concepts_raised":6567},{"base_id":750,"kind":"bot_words","i1":0,"i2":4,"sol":{"path":["/c/en/frankly","/c/en/freely","/c/en/noble","/c/en/rank","/c/en/baronetcy"],"weight":0.20497999999999977},"num_concepts_raised":8433},{"base_id":750,"kind":"bot_words","i1":0,"i2":5,"sol":{"path":["/c/en/frankly","/c/en/open","/c/en/solid","/c/en/embedded"],"weight":0.20456999999999959},"num_concepts_raised":23879},{"base_id":750,"kind":"bot_words","i1":0,"i2":6,"sol":{"path":["/c/en/frankly","/c/en/honest","/c/en/work","/c/en/boondoggle"],"weight":0.20410999999999974},"num_concepts_raised":25963},{"base_id":750,"kind":"bot_words","i1":0,"i2":7,"sol":{"path":["/c/en/frankly","/c/en/fair","/c/en/clear","/c/en/definite"],"weight":0.208859999999999},"num_concepts_raised":40793},{"base_id":750,"kind":"bot_words","i1":0,"i2":8,"sol":{"path":["/c/en/frankly","/c/en/open","/c/en/lead","/c/en/graphite"],"weight":0.21692999999999973},"num_concepts_raised":23926},{"base_id":750,"kind":"bot_words","i1":0,"i2":9,"sol":{"path":["/c/en/frankly","/c/en/fair","/c/en/nautical","/c/en/outpoint"],"weight":0.20388999999999974},"num_concepts_raised":21501},{"base_id":750,"kind":"bot_words","i1":1,"i2":2,"sol":{"path":["/c/en/unscrupulously","/c/en/unscrupulous","/c/fr/malhonnête","/c/fr/cochon","/c/en/swine"],"weight":0.20794999999999947},"num_concepts_raised":140370},{"base_id":750,"kind":"bot_words","i1":1,"i2":3,"sol":{"path":["/c/en/unscrupulously","/c/en/scruple","/c/en/unit","/c/en/thick","/c/en/thicken","/c/en/thickener"],"weight":0.20956659999999983},"num_concepts_raised":84395},{"base_id":750,"kind":"bot_words","i1":1,"i2":4,"sol":{"path":["/c/en/unscrupulously","/c/en/scruple","/c/en/unit","/c/en/title","/c/en/baronetcy"],"weight":0.2026399999999999},"num_concepts_raised":2795},{"base_id":750,"kind":"bot_words","i1":1,"i2":5,"sol":{"path":["/c/en/unscrupulously","/c/en/unscrupulous","/c/en/upstanding","/c/en/solid","/c/en/embedded"],"weight":0.2033399999999997},"num_concepts_raised":18358},{"base_id":750,"kind":"bot_words","i1":1,"i2":6,"sol":{"path":["/c/en/unscrupulously","/c/en/scruple","/c/en/hour","/c/en/time","/c/en/boondoggle"],"weight":0.20283999999999985},"num_concepts_raised":20515},{"base_id":750,"kind":"bot_words","i1":1,"i2":7,"sol":{"path":["/c/en/unscrupulously","/c/en/scrupulously","/c/en/careful","/c/en/certain","/c/en/definite"],"weight":0.20871999999999907},"num_concepts_raised":35632},{"base_id":750,"kind":"bot_words","i1":1,"i2":8,"sol":{"path":["/c/en/unscrupulously","/c/en/scruple","/c/en/weight","/c/en/lead","/c/en/graphite"],"weight":0.21568999999999985},"num_concepts_raised":18347},{"base_id":750,"kind":"bot_words","i1":1,"i2":9,"sol":{"path":["/c/en/unscrupulously","/c/en/trump_card","/c/en/win","/c/en/beat","/c/en/outpoint"],"weight":0.20267999999999986},"num_concepts_raised":16016},{"base_id":750,"kind":"bot_words","i1":2,"i2":3,"sol":{"path":["/c/en/swine","/c/en/pig","/c/en/food","/c/en/thickening_agent","/c/en/thickener"],"weight":0.20924999999999944},"num_concepts_raised":140481},{"base_id":750,"kind":"bot_words","i1":2,"i2":4,"sol":{"path":["/c/en/swine","/c/en/pig","/c/en/military","/c/en/barony","/c/en/baronetcy"],"weight":0.20827999999999947},"num_concepts_raised":142300},{"base_id":750,"kind":"bot_words","i1":2,"i2":5,"sol":{"path":["/c/en/swine","/c/en/sow","/c/en/plant","/c/en/embedded"],"weight":0.2078999999999993},"num_concepts_raised":157309},{"base_id":750,"kind":"bot_words","i1":2,"i2":6,"sol":{"path":["/c/en/swine","/c/en/pig","/c/en/us","/c/en/boondoggle"],"weight":0.20822999999999944},"num_concepts_raised":158119},{"base_id":750,"kind":"bot_words","i1":2,"i2":7,"sol":{"path":["/c/en/swine","/c/en/hog","/c/en/coin","/c/en/definite"],"weight":0.20946999999999869},"num_concepts_raised":174336},{"base_id":750,"kind":"bot_words","i1":2,"i2":8,"sol":{"path":["/c/en/swine","/c/en/slang","/c/en/lead","/c/en/graphite"],"weight":0.21816999999999945},"num_concepts_raised":157472},{"base_id":750,"kind":"bot_words","i1":2,"i2":9,"sol":{"path":["/c/en/swine","/c/en/hog","/c/en/nautical","/c/en/outpoint"],"weight":0.20598999999999945},"num_concepts_raised":154825},{"base_id":750,"kind":"bot_words","i1":3,"i2":4,"sol":{"path":["/c/en/thickener","/c/en/thicken","/c/en/thick","/c/en/number","/c/en/barony","/c/en/baronetcy"],"weight":0.20986089999999988},"num_concepts_raised":296115},{"base_id":750,"kind":"bot_words","i1":3,"i2":5,"sol":{"path":["/c/en/thickener","/c/en/thicken","/c/en/thick","/c/en/solid","/c/en/embedded"],"weight":0.20553999999999967},"num_concepts_raised":18448},{"base_id":750,"kind":"bot_words","i1":3,"i2":6,"sol":{"path":["/c/en/thickener","/c/en/thicken","/c/en/change","/c/en/money","/c/en/boondoggle"],"weight":0.20497999999999983},"num_concepts_raised":20625},{"base_id":750,"kind":"bot_words","i1":3,"i2":7,"sol":{"path":["/c/en/thickener","/c/en/thicken","/c/en/clear","/c/en/definite"],"weight":0.2096799999999991},"num_concepts_raised":35746},{"base_id":750,"kind":"bot_words","i1":3,"i2":8,"sol":{"path":["/c/en/thickener","/c/en/thickening","/c/en/material","/c/en/lead","/c/en/graphite"],"weight":0.21591999999999983},"num_concepts_raised":18450},{"base_id":750,"kind":"bot_words","i1":3,"i2":9,"sol":{"path":["/c/en/thickener","/c/en/thicken","/c/en/clear","/c/en/wind","/c/en/outpoint"],"weight":0.20479999999999984},"num_concepts_raised":16119},{"base_id":750,"kind":"bot_words","i1":4,"i2":5,"sol":{"path":["/c/en/baronetcy","/c/en/rank","/c/en/room","/c/en/enclosed","/c/en/embedded"],"weight":0.2043999999999997},"num_concepts_raised":20301},{"base_id":750,"kind":"bot_words","i1":4,"i2":6,"sol":{"path":["/c/en/baronetcy","/c/en/rank","/c/en/us","/c/en/boondoggle"],"weight":0.20276999999999987},"num_concepts_raised":22395},{"base_id":750,"kind":"bot_words","i1":4,"i2":7,"sol":{"path":["/c/en/baronetcy","/c/en/rank","/c/en/open_ended","/c/en/definite"],"weight":0.20611999999999908},"num_concepts_raised":37492},{"base_id":750,"kind":"bot_words","i1":4,"i2":8,"sol":{"path":["/c/en/baronetcy","/c/en/rank","/c/en/moderator","/c/en/graphite"],"weight":0.21126999999999987},"num_concepts_raised":20299},{"base_id":750,"kind":"bot_words","i1":4,"i2":9,"sol":{"path":["/c/en/baronetcy","/c/en/rank","/c/en/score","/c/en/outpoint"],"weight":0.20266999999999985},"num_concepts_raised":17913},{"base_id":750,"kind":"bot_words","i1":5,"i2":6,"sol":{"path":["/c/en/embedded","/c/en/integrated","/c/en/us","/c/en/boondoggle"],"weight":0.20446999999999965},"num_concepts_raised":37576},{"base_id":750,"kind":"bot_words","i1":5,"i2":7,"sol":{"path":["/c/en/embedded","/c/ar/استقر","/c/en/certain","/c/en/definite"],"weight":0.2093499999999989},"num_concepts_raised":52506},{"base_id":750,"kind":"bot_words","i1":5,"i2":8,"sol":{"path":["/c/en/embedded","/c/en/solid","/c/en/lead","/c/en/graphite"],"weight":0.21647999999999967},"num_concepts_raised":35386},{"base_id":750,"kind":"bot_words","i1":5,"i2":9,"sol":{"path":["/c/en/embedded","/c/en/earth","/c/en/wind","/c/en/outpoint"],"weight":0.20335999999999965},"num_concepts_raised":33175},{"base_id":750,"kind":"bot_words","i1":6,"i2":7,"sol":{"path":["/c/en/boondoggle","/c/en/time","/c/en/grammar","/c/en/definite"],"weight":0.20664999999999906},"num_concepts_raised":54342},{"base_id":750,"kind":"bot_words","i1":6,"i2":8,"sol":{"path":["/c/en/boondoggle","/c/en/time","/c/en/atom","/c/en/graphite"],"weight":0.21144999999999983},"num_concepts_raised":37659},{"base_id":750,"kind":"bot_words","i1":6,"i2":9,"sol":{"path":["/c/en/boondoggle","/c/en/time","/c/en/beat","/c/en/outpoint"],"weight":0.20289999999999983},"num_concepts_raised":34936},{"base_id":750,"kind":"bot_words","i1":7,"i2":8,"sol":{"path":["/c/en/definite","/c/en/mineral","/c/en/graphite"],"weight":0.20500000000000002},"num_concepts_raised":489},{"base_id":750,"kind":"bot_words","i1":7,"i2":9,"sol":{"path":["/c/en/definite","/c/en/clear","/c/en/wind","/c/en/outpoint"],"weight":0.20755999999999905},"num_concepts_raised":50251},{"base_id":750,"kind":"bot_words","i1":8,"i2":9,"sol":{"path":["/c/en/graphite","/c/en/pencil","/c/en/point","/c/en/outpoint"],"weight":0.2178399999999998},"num_concepts_raised":33121}],[{"base_id":750,"kind":"top_words","i1":0,"i2":1,"sol":{"path":["/c/en/sweden","/c/en/uppsala"],"weight":0.20400000000000001},"num_concepts_raised":397},{"base_id":750,"kind":"top_words","i1":0,"i2":2,"sol":{"path":["/c/en/sweden","/c/en/gothenburg"],"weight":0.20400000000000001},"num_concepts_raised":404},{"base_id":750,"kind":"top_words","i1":0,"i2":3,"sol":{"path":["/c/en/sweden","/c/en/stockholm"],"weight":0.20700000000000002},"num_concepts_raised":424},{"base_id":750,"kind":"top_words","i1":0,"i2":4,"sol":{"path":["/c/en/sweden","/c/en/gotland"],"weight":0.20400000000000001},"num_concepts_raised":368},{"base_id":750,"kind":"top_words","i1":0,"i2":5,"sol":{"path":["/c/en/sweden","/c/en/country","/c/en/switzerland","/c/en/aare"],"weight":0.2203},"num_concepts_raised":12831},{"base_id":750,"kind":"top_words","i1":0,"i2":6,"sol":{"path":["/c/en/sweden","/c/en/scania"],"weight":0.20700000000000002},"num_concepts_raised":370},{"base_id":750,"kind":"top_words","i1":0,"i2":7,"sol":{"path":["/c/en/sweden","/c/en/country","/c/en/place","/c/en/locality"],"weight":0.21670999999999968},"num_concepts_raised":37806},{"base_id":750,"kind":"top_words","i1":0,"i2":8,"sol":{"path":["/c/en/sweden","/c/en/malmö"],"weight":0.20400000000000001},"num_concepts_raised":362},{"base_id":750,"kind":"top_words","i1":0,"i2":9,"sol":{"path":["/c/en/sweden","/c/en/country","/c/en/town","/c/en/kičevo"],"weight":0.21983000000000008},"num_concepts_raised":11740},{"base_id":750,"kind":"top_words","i1":1,"i2":2,"sol":{"path":["/c/en/uppsala","/c/en/sweden","/c/en/gothenburg"],"weight":0.202},"num_concepts_raised":121},{"base_id":750,"kind":"top_words","i1":1,"i2":3,"sol":{"path":["/c/en/uppsala","/c/en/sweden","/c/en/stockholm"],"weight":0.203},"num_concepts_raised":141},{"base_id":750,"kind":"top_words","i1":1,"i2":4,"sol":{"path":["/c/en/uppsala","/c/en/sweden","/c/en/gotland"],"weight":0.202},"num_concepts_raised":84},{"base_id":750,"kind":"top_words","i1":1,"i2":5,"sol":{"path":["/c/en/uppsala","/c/en/sweden","/c/en/country","/c/en/river","/c/en/aare"],"weight":0.20875999999999978},"num_concepts_raised":3576},{"base_id":750,"kind":"top_words","i1":1,"i2":6,"sol":{"path":["/c/en/uppsala","/c/en/sweden","/c/en/scania"],"weight":0.20500000000000002},"num_concepts_raised":90},{"base_id":750,"kind":"top_words","i1":1,"i2":7,"sol":{"path":["/c/en/uppsala","/c/en/sweden","/c/en/country","/c/en/place","/c/en/locality"],"weight":0.20519999999999947},"num_concepts_raised":29108},{"base_id":750,"kind":"top_words","i1":1,"i2":8,"sol":{"path":["/c/en/uppsala","/c/en/sweden","/c/en/malmö"],"weight":0.202},"num_concepts_raised":81},{"base_id":750,"kind":"top_words","i1":1,"i2":9,"sol":{"path":["/c/en/uppsala","/c/en/sweden","/c/en/country","/c/en/town","/c/en/kičevo"],"weight":0.20830999999999983},"num_concepts_raised":2521},{"base_id":750,"kind":"top_words","i1":2,"i2":3,"sol":{"path":["/c/en/gothenburg","/c/en/sweden","/c/en/stockholm"],"weight":0.203},"num_concepts_raised":150},{"base_id":750,"kind":"top_words","i1":2,"i2":4,"sol":{"path":["/c/en/gothenburg","/c/en/sweden","/c/en/gotland"],"weight":0.202},"num_concepts_raised":92},{"base_id":750,"kind":"top_words","i1":2,"i2":5,"sol":{"path":["/c/en/gothenburg","/c/en/sweden","/c/en/country","/c/en/river","/c/en/aare"],"weight":0.2087599999999997},"num_concepts_raised":3685},{"base_id":750,"kind":"top_words","i1":2,"i2":6,"sol":{"path":["/c/en/gothenburg","/c/en/sweden","/c/en/scania"],"weight":0.20500000000000002},"num_concepts_raised":98},{"base_id":750,"kind":"top_words","i1":2,"i2":7,"sol":{"path":["/c/en/gothenburg","/c/en/sweden","/c/en/country","/c/en/place","/c/en/locality"],"weight":0.20519999999999938},"num_concepts_raised":29216},{"base_id":750,"kind":"top_words","i1":2,"i2":8,"sol":{"path":["/c/en/gothenburg","/c/en/sweden","/c/en/malmö"],"weight":0.202},"num_concepts_raised":89},{"base_id":750,"kind":"top_words","i1":2,"i2":9,"sol":{"path":["/c/en/gothenburg","/c/en/sweden","/c/en/country","/c/en/town","/c/en/kičevo"],"weight":0.20830999999999975},"num_concepts_raised":2630},{"base_id":750,"kind":"top_words","i1":3,"i2":4,"sol":{"path":["/c/en/stockholm","/c/en/sweden","/c/en/gotland"],"weight":0.203},"num_concepts_raised":113},{"base_id":750,"kind":"top_words","i1":3,"i2":5,"sol":{"path":["/c/en/stockholm","/c/en/sweden","/c/en/country","/c/en/river","/c/en/aare"],"weight":0.21035999999999974},"num_concepts_raised":4273},{"base_id":750,"kind":"top_words","i1":3,"i2":6,"sol":{"path":["/c/en/stockholm","/c/en/sweden","/c/en/scania"],"weight":0.20600000000000002},"num_concepts_raised":119},{"base_id":750,"kind":"top_words","i1":3,"i2":7,"sol":{"path":["/c/en/stockholm","/c/en/sweden","/c/en/country","/c/en/place","/c/en/locality"],"weight":0.20679999999999943},"num_concepts_raised":29789},{"base_id":750,"kind":"top_words","i1":3,"i2":8,"sol":{"path":["/c/en/stockholm","/c/en/sweden","/c/en/malmö"],"weight":0.203},"num_concepts_raised":110},{"base_id":750,"kind":"top_words","i1":3,"i2":9,"sol":{"path":["/c/en/stockholm","/c/en/sweden","/c/en/country","/c/en/town","/c/en/kičevo"],"weight":0.2099099999999998},"num_concepts_raised":3215},{"base_id":750,"kind":"top_words","i1":4,"i2":5,"sol":{"path":["/c/en/gotland","/c/en/goth","/c/en/music","/c/en/aar","/c/en/aare"],"weight":0.2104499999999998},"num_concepts_raised":3843},{"base_id":750,"kind":"top_words","i1":4,"i2":6,"sol":{"path":["/c/en/gotland","/c/en/sweden","/c/en/scania"],"weight":0.20500000000000002},"num_concepts_raised":61},{"base_id":750,"kind":"top_words","i1":4,"i2":7,"sol":{"path":["/c/en/gotland","/c/en/alva","/c/fr/localités","/c/fr/localité","/c/en/locality"],"weight":0.20494999999999947},"num_concepts_raised":29374},{"base_id":750,"kind":"top_words","i1":4,"i2":8,"sol":{"path":["/c/en/gotland","/c/en/sweden","/c/en/malmö"],"weight":0.202},"num_concepts_raised":52},{"base_id":750,"kind":"top_words","i1":4,"i2":9,"sol":{"path":["/c/en/gotland","/c/en/sweden","/c/en/country","/c/en/town","/c/en/kičevo"],"weight":0.20786999999999986},"num_concepts_raised":2792},{"base_id":750,"kind":"top_words","i1":5,"i2":6,"sol":{"path":["/c/en/aare","/c/en/aar","/c/en/music","/c/en/sound","/c/en/scania"],"weight":0.21566999999999975},"num_concepts_raised":6293},{"base_id":750,"kind":"top_words","i1":5,"i2":7,"sol":{"path":["/c/en/aare","/c/en/aar","/c/en/computing","/c/en/locality"],"weight":0.2115399999999994},"num_concepts_raised":31646},{"base_id":750,"kind":"top_words","i1":5,"i2":8,"sol":{"path":["/c/en/aare","/c/en/switzerland","/c/en/bellevue","/c/en/malmö"],"weight":0.20829999999999982},"num_concepts_raised":3691},{"base_id":750,"kind":"top_words","i1":5,"i2":9,"sol":{"path":["/c/en/aare","/c/en/river","/c/en/town","/c/en/kičevo"],"weight":0.21334999999999976},"num_concepts_raised":5206},{"base_id":750,"kind":"top_words","i1":6,"i2":7,"sol":{"path":["/c/en/scania","/c/en/sound","/c/en/activity","/c/en/locality"],"weight":0.20901999999999943},"num_concepts_raised":31667},{"base_id":750,"kind":"top_words","i1":6,"i2":8,"sol":{"path":["/c/en/scania","/c/en/malmö"],"weight":0.20400000000000001},"num_concepts_raised":56},{"base_id":750,"kind":"top_words","i1":6,"i2":9,"sol":{"path":["/c/en/scania","/c/en/sweden","/c/en/country","/c/en/town","/c/en/kičevo"],"weight":0.21513999999999983},"num_concepts_raised":5256},{"base_id":750,"kind":"top_words","i1":7,"i2":8,"sol":{"path":["/c/en/locality","/c/fr/localité","/c/fr/localités","/c/fr/malmö","/c/en/malmö"],"weight":0.2050199999999995},"num_concepts_raised":29223},{"base_id":750,"kind":"top_words","i1":7,"i2":9,"sol":{"path":["/c/en/locality","/c/en/local","/c/en/town","/c/en/kičevo"],"weight":0.21018999999999943},"num_concepts_raised":30518},{"base_id":750,"kind":"top_words","i1":8,"i2":9,"sol":{"path":["/c/en/malmö","/c/en/sweden","/c/en/country","/c/en/town","/c/en/kičevo"],"weight":0.2079299999999999},"num_concepts_raised":2642}]]