[[{"base_id":881,"kind":"bot_words","i1":0,"i2":1,"sol":{"path":["/c/en/gallinago","/c/en/bird","/c/en/bat","/c/en/dark","/c/en/cimmerian"],"weight":0.2093199999999998},"num_concepts_raised":20790},{"base_id":881,"kind":"bot_words","i1":0,"i2":2,"sol":{"path":["/c/en/gallinago","/c/en/bird","/c/en/human","/c/en/chi"],"weight":0.21005999999999958},"num_concepts_raised":52088},{"base_id":881,"kind":"bot_words","i1":0,"i2":3,"sol":{"path":["/c/en/gallinago","/c/en/bird","/c/en/flock","/c/en/sift"],"weight":0.21071999999999957},"num_concepts_raised":20634},{"base_id":881,"kind":"bot_words","i1":0,"i2":4,"sol":{"path":["/c/en/gallinago","/c/en/bird","/c/en/ornithology","/c/en/axial"],"weight":0.20907999999999985},"num_concepts_raised":14221},{"base_id":881,"kind":"bot_words","i1":0,"i2":5,"sol":{"path":["/c/en/gallinago","/c/en/bird","/c/en/slang","/c/en/dolly"],"weight":0.21457999999999944},"num_concepts_raised":38859},{"base_id":881,"kind":"bot_words","i1":0,"i2":6,"sol":{"path":["/c/en/gallinago","/c/en/capella","/c/en/star","/c/en/light","/c/en/photometer"],"weight":0.21028999999999987},"num_concepts_raised":24532},{"base_id":881,"kind":"bot_words","i1":0,"i2":7,"sol":{"path":["/c/en/gallinago","/c/en/bird","/c/en/parcel","/c/en/bundle"],"weight":0.21640999999999871},"num_concepts_raised":95035},{"base_id":881,"kind":"bot_words","i1":0,"i2":8,"sol":{"path":["/c/en/gallinago","/c/en/bird","/c/en/ruff","/c/en/haughtiness","/c/en/arrogance"],"weight":0.2155099999999996},"num_concepts_raised":12559},{"base_id":881,"kind":"bot_words","i1":0,"i2":9,"sol":{"path":["/c/en/gallinago","/c/en/bird","/c/en/hawfinch","/c/en/grosbeak"],"weight":0.20933999999999975},"num_concepts_raised":12907},{"base_id":881,"kind":"bot_words","i1":1,"i2":2,"sol":{"path":["/c/en/cimmerian","/c/en/language","/c/en/chinese","/c/en/chi"],"weight":0.20483999999999974},"num_concepts_raised":61846},{"base_id":881,"kind":"bot_words","i1":1,"i2":3,"sol":{"path":["/c/en/cimmerian","/c/en/historical","/c/en/range","/c/en/sift"],"weight":0.2053199999999997},"num_concepts_raised":31532},{"base_id":881,"kind":"bot_words","i1":1,"i2":4,"sol":{"path":["/c/en/cimmerian","/c/en/dark","/c/en/evil","/c/en/axis","/c/en/axial"],"weight":0.206},"num_concepts_raised":25197},{"base_id":881,"kind":"bot_words","i1":1,"i2":5,"sol":{"path":["/c/en/cimmerian","/c/en/language","/c/en/slang","/c/en/dolly"],"weight":0.20922999999999958},"num_concepts_raised":49518},{"base_id":881,"kind":"bot_words","i1":1,"i2":6,"sol":{"path":["/c/en/cimmerian","/c/en/dark","/c/en/light","/c/en/photometer"],"weight":0.20606},"num_concepts_raised":35110},{"base_id":881,"kind":"bot_words","i1":1,"i2":7,"sol":{"path":["/c/en/cimmerian","/c/en/language","/c/en/bundle"],"weight":0.202},"num_concepts_raised":591},{"base_id":881,"kind":"bot_words","i1":1,"i2":8,"sol":{"path":["/c/en/cimmerian","/c/en/dark","/c/en/pitch","/c/en/pride","/c/en/arrogance"],"weight":0.2110499999999997},"num_concepts_raised":23468},{"base_id":881,"kind":"bot_words","i1":1,"i2":9,"sol":{"path":["/c/en/cimmerian","/c/en/historical","/c/en/cardinal","/c/en/grosbeak"],"weight":0.20285999999999993},"num_concepts_raised":23930},{"base_id":881,"kind":"bot_words","i1":2,"i2":3,"sol":{"path":["/c/en/chi","/c/en/sports","/c/en/sieve","/c/en/sift"],"weight":0.2100799999999995},"num_concepts_raised":62152},{"base_id":881,"kind":"bot_words","i1":2,"i2":4,"sol":{"path":["/c/en/chi","/c/en/length","/c/en/lengthwise","/c/en/axial"],"weight":0.20640999999999976},"num_concepts_raised":56377},{"base_id":881,"kind":"bot_words","i1":2,"i2":5,"sol":{"path":["/c/en/chi","/c/en/slang","/c/en/dolly"],"weight":0.20400000000000001},"num_concepts_raised":272},{"base_id":881,"kind":"bot_words","i1":2,"i2":6,"sol":{"path":["/c/en/chi","/c/vi/khí","/c/en/physics","/c/en/photometer"],"weight":0.20664999999999978},"num_concepts_raised":66082},{"base_id":881,"kind":"bot_words","i1":2,"i2":7,"sol":{"path":["/c/en/chi","/c/en/base","/c/en/bundle"],"weight":0.202},"num_concepts_raised":702},{"base_id":881,"kind":"bot_words","i1":2,"i2":8,"sol":{"path":["/c/en/chi","/c/en/slang","/c/en/swell","/c/en/arrogance"],"weight":0.20933999999999947},"num_concepts_raised":54472},{"base_id":881,"kind":"bot_words","i1":2,"i2":9,"sol":{"path":["/c/en/chi","/c/en/slang","/c/en/bill","/c/en/grosbeak"],"weight":0.20458999999999972},"num_concepts_raised":55204},{"base_id":881,"kind":"bot_words","i1":3,"i2":4,"sol":{"path":["/c/en/sift","/c/en/bolt","/c/en/botany","/c/en/axial"],"weight":0.20627999999999974},"num_concepts_raised":25016},{"base_id":881,"kind":"bot_words","i1":3,"i2":5,"sol":{"path":["/c/en/sift","/c/en/winnow","/c/en/contrivance","/c/en/dolly"],"weight":0.2126199999999993},"num_concepts_raised":49082},{"base_id":881,"kind":"bot_words","i1":3,"i2":6,"sol":{"path":["/c/en/sift","/c/en/strain","/c/en/physics","/c/en/photometer"],"weight":0.20761999999999975},"num_concepts_raised":34991},{"base_id":881,"kind":"bot_words","i1":3,"i2":7,"sol":{"path":["/c/en/sift","/c/en/travel","/c/en/pack","/c/en/bundle"],"weight":0.2157699999999986},"num_concepts_raised":104339},{"base_id":881,"kind":"bot_words","i1":3,"i2":8,"sol":{"path":["/c/en/sift","/c/en/travel","/c/en/bag","/c/en/arrogance"],"weight":0.20992999999999945},"num_concepts_raised":23220},{"base_id":881,"kind":"bot_words","i1":3,"i2":9,"sol":{"path":["/c/en/sift","/c/nl/zeven","/c/en/cardinal","/c/en/grosbeak"],"weight":0.20542999999999967},"num_concepts_raised":23766},{"base_id":881,"kind":"bot_words","i1":4,"i2":5,"sol":{"path":["/c/en/axial","/c/en/axis","/c/en/dolly"],"weight":0.20500000000000002},"num_concepts_raised":195},{"base_id":881,"kind":"bot_words","i1":4,"i2":6,"sol":{"path":["/c/en/axial","/c/en/paraxial","/c/en/physics","/c/en/photometer"],"weight":0.20468000000000003},"num_concepts_raised":28844},{"base_id":881,"kind":"bot_words","i1":4,"i2":7,"sol":{"path":["/c/en/axial","/c/en/botany","/c/en/nerve","/c/en/bundle"],"weight":0.21246999999999888},"num_concepts_raised":98975},{"base_id":881,"kind":"bot_words","i1":4,"i2":8,"sol":{"path":["/c/en/axial","/c/en/botany","/c/pt/potra","/c/en/arrogance"],"weight":0.20841999999999972},"num_concepts_raised":16975},{"base_id":881,"kind":"bot_words","i1":4,"i2":9,"sol":{"path":["/c/en/axial","/c/en/axis","/c/en/anatomy","/c/fr/bec","/c/en/grosbeak"],"weight":0.20488999999999996},"num_concepts_raised":17401},{"base_id":881,"kind":"bot_words","i1":5,"i2":6,"sol":{"path":["/c/en/dolly","/c/en/beam","/c/en/light","/c/en/photometer"],"weight":0.2110699999999996},"num_concepts_raised":52899},{"base_id":881,"kind":"bot_words","i1":5,"i2":7,"sol":{"path":["/c/en/dolly","/c/en/pile","/c/en/bundle"],"weight":0.20500000000000002},"num_concepts_raised":693},{"base_id":881,"kind":"bot_words","i1":5,"i2":8,"sol":{"path":["/c/en/dolly","/c/en/slang","/c/en/swell","/c/en/arrogance"],"weight":0.21385999999999933},"num_concepts_raised":41460},{"base_id":881,"kind":"bot_words","i1":5,"i2":9,"sol":{"path":["/c/en/dolly","/c/en/film","/c/en/cardinal","/c/en/grosbeak"],"weight":0.2090999999999995},"num_concepts_raised":42013},{"base_id":881,"kind":"bot_words","i1":6,"i2":7,"sol":{"path":["/c/en/photometer","/c/en/astronomy","/c/en/cluster","/c/en/bundle"],"weight":0.2127799999999989},"num_concepts_raised":108535},{"base_id":881,"kind":"bot_words","i1":6,"i2":8,"sol":{"path":["/c/en/photometer","/c/en/light","/c/la/spiritus","/c/en/arrogance"],"weight":0.20946999999999974},"num_concepts_raised":27154},{"base_id":881,"kind":"bot_words","i1":6,"i2":9,"sol":{"path":["/c/en/photometer","/c/en/measure","/c/en/bill","/c/en/grosbeak"],"weight":0.20369999999999994},"num_concepts_raised":27664},{"base_id":881,"kind":"bot_words","i1":7,"i2":8,"sol":{"path":["/c/en/bundle","/c/en/pack","/c/en/bag","/c/en/arrogance"],"weight":0.21814999999999862},"num_concepts_raised":97225},{"base_id":881,"kind":"bot_words","i1":7,"i2":9,"sol":{"path":["/c/en/bundle","/c/en/slang","/c/en/bill","/c/en/grosbeak"],"weight":0.2107099999999988},"num_concepts_raised":97941},{"base_id":881,"kind":"bot_words","i1":8,"i2":9,"sol":{"path":["/c/en/arrogance","/c/en/pride","/c/en/cardinal","/c/en/grosbeak"],"weight":0.20994999999999966},"num_concepts_raised":15670}],[{"base_id":881,"kind":"top_words","i1":0,"i2":1,"sol":{"path":["/c/en/finish","/c/en/polish","/c/en/roughen"],"weight":0.203},"num_concepts_raised":1023},{"base_id":881,"kind":"top_words","i1":0,"i2":2,"sol":{"path":["/c/en/finish","/c/en/coat","/c/en/crumb","/c/en/crumbling"],"weight":0.21592999999999696},"num_concepts_raised":69803},{"base_id":881,"kind":"top_words","i1":0,"i2":3,"sol":{"path":["/c/en/finish","/c/en/stop","/c/en/post","/c/en/bedpost"],"weight":0.21749999999999708},"num_concepts_raised":72957},{"base_id":881,"kind":"top_words","i1":0,"i2":4,"sol":{"path":["/c/en/finish","/c/en/line","/c/en/historical","/c/en/homage"],"weight":0.2170499999999969},"num_concepts_raised":82131},{"base_id":881,"kind":"top_words","i1":0,"i2":5,"sol":{"path":["/c/en/finish","/c/en/completion","/c/en/legal","/c/en/recognizance"],"weight":0.21619999999999706},"num_concepts_raised":79858},{"base_id":881,"kind":"top_words","i1":0,"i2":6,"sol":{"path":["/c/en/finish","/c/en/end","/c/en/endophlebitis","/c/en/phlebitis"],"weight":0.22121999999999697},"num_concepts_raised":75198},{"base_id":881,"kind":"top_words","i1":0,"i2":7,"sol":{"path":["/c/en/finish","/c/fr/finir","/c/en/drop","/c/en/distil"],"weight":0.21950999999999687},"num_concepts_raised":76474},{"base_id":881,"kind":"top_words","i1":0,"i2":8,"sol":{"path":["/c/en/finish","/c/hu/kidolgozás","/c/en/workmanship"],"weight":0.202},"num_concepts_raised":1050},{"base_id":881,"kind":"top_words","i1":0,"i2":9,"sol":{"path":["/c/en/finish","/c/fi/maali","/c/en/military","/c/en/defilement"],"weight":0.216869999999997},"num_concepts_raised":74615},{"base_id":881,"kind":"top_words","i1":1,"i2":2,"sol":{"path":["/c/en/roughen","/c/en/rough","/c/en/scrabbly","/c/en/crumbling"],"weight":0.20520999999999973},"num_concepts_raised":4598},{"base_id":881,"kind":"top_words","i1":1,"i2":3,"sol":{"path":["/c/en/roughen","/c/en/rough","/c/en/military","/c/en/post","/c/en/bedpost"],"weight":0.20614999999999983},"num_concepts_raised":8391},{"base_id":881,"kind":"top_words","i1":1,"i2":4,"sol":{"path":["/c/en/roughen","/c/en/rough","/c/en/military","/c/en/respect","/c/en/homage"],"weight":0.20649999999999968},"num_concepts_raised":17757},{"base_id":881,"kind":"top_words","i1":1,"i2":5,"sol":{"path":["/c/en/roughen","/c/en/polish","/c/en/pledge","/c/en/recognizance"],"weight":0.2030199999999998},"num_concepts_raised":15636},{"base_id":881,"kind":"top_words","i1":1,"i2":6,"sol":{"path":["/c/en/roughen","/c/en/rough","/c/en/botany","/c/en/vein","/c/en/phlebitis"],"weight":0.20635999999999988},"num_concepts_raised":9890},{"base_id":881,"kind":"top_words","i1":1,"i2":7,"sol":{"path":["/c/en/roughen","/c/en/polish","/c/en/substance","/c/en/distil"],"weight":0.20356999999999964},"num_concepts_raised":12065},{"base_id":881,"kind":"top_words","i1":1,"i2":8,"sol":{"path":["/c/en/roughen","/c/en/polish","/c/en/making","/c/en/workmanship"],"weight":0.20345999999999964},"num_concepts_raised":13253},{"base_id":881,"kind":"top_words","i1":1,"i2":9,"sol":{"path":["/c/en/roughen","/c/en/rough","/c/en/military","/c/en/defilement"],"weight":0.20515999999999976},"num_concepts_raised":10038},{"base_id":881,"kind":"top_words","i1":2,"i2":3,"sol":{"path":["/c/en/crumbling","/c/en/crumb","/c/en/part","/c/en/post","/c/en/bedpost"],"weight":0.20502999999999977},"num_concepts_raised":7315},{"base_id":881,"kind":"top_words","i1":2,"i2":4,"sol":{"path":["/c/en/crumbling","/c/en/ruin","/c/en/historical","/c/en/homage"],"weight":0.20418999999999965},"num_concepts_raised":16707},{"base_id":881,"kind":"top_words","i1":2,"i2":5,"sol":{"path":["/c/en/crumbling","/c/en/crumb","/c/en/slang","/c/en/bail","/c/en/recognizance"],"weight":0.20512999999999976},"num_concepts_raised":14563},{"base_id":881,"kind":"top_words","i1":2,"i2":6,"sol":{"path":["/c/en/crumbling","/c/en/scrabbly","/c/en/rock","/c/en/vein","/c/en/phlebitis"],"weight":0.20417999999999983},"num_concepts_raised":8810},{"base_id":881,"kind":"top_words","i1":2,"i2":7,"sol":{"path":["/c/en/crumbling","/c/en/crumb","/c/en/slang","/c/en/drop","/c/en/distil"],"weight":0.2047599999999996},"num_concepts_raised":11000},{"base_id":881,"kind":"top_words","i1":2,"i2":8,"sol":{"path":["/c/en/crumbling","/c/en/crumb","/c/en/chocolate","/c/en/quality","/c/en/workmanship"],"weight":0.2054799999999996},"num_concepts_raised":12230},{"base_id":881,"kind":"top_words","i1":2,"i2":9,"sol":{"path":["/c/en/crumbling","/c/en/ruin","/c/en/bad","/c/en/pollution","/c/en/defilement"],"weight":0.20416999999999974},"num_concepts_raised":8961},{"base_id":881,"kind":"top_words","i1":3,"i2":4,"sol":{"path":["/c/en/bedpost","/c/en/post","/c/en/historical","/c/en/homage"],"weight":0.20508999999999977},"num_concepts_raised":20361},{"base_id":881,"kind":"top_words","i1":3,"i2":5,"sol":{"path":["/c/en/bedpost","/c/en/post","/c/en/stump","/c/en/bail","/c/en/recognizance"],"weight":0.2050399999999999},"num_concepts_raised":18209},{"base_id":881,"kind":"top_words","i1":3,"i2":6,"sol":{"path":["/c/en/bedpost","/c/en/post","/c/en/wood","/c/en/vein","/c/en/phlebitis"],"weight":0.20511999999999994},"num_concepts_raised":12600},{"base_id":881,"kind":"top_words","i1":3,"i2":7,"sol":{"path":["/c/en/bedpost","/c/en/post","/c/en/express","/c/en/drop","/c/en/distil"],"weight":0.20463999999999974},"num_concepts_raised":14725},{"base_id":881,"kind":"top_words","i1":3,"i2":8,"sol":{"path":["/c/en/bedpost","/c/en/post","/c/en/making","/c/en/workmanship"],"weight":0.20437999999999973},"num_concepts_raised":15882},{"base_id":881,"kind":"top_words","i1":3,"i2":9,"sol":{"path":["/c/en/bedpost","/c/en/post","/c/en/military","/c/en/defilement"],"weight":0.20392999999999983},"num_concepts_raised":12631},{"base_id":881,"kind":"top_words","i1":4,"i2":5,"sol":{"path":["/c/en/homage","/c/en/tribute","/c/en/acknowledgment","/c/en/recognizance"],"weight":0.20434999999999975},"num_concepts_raised":26924},{"base_id":881,"kind":"top_words","i1":4,"i2":6,"sol":{"path":["/c/en/homage","/c/en/respect","/c/en/quality","/c/en/vein","/c/en/phlebitis"],"weight":0.2054599999999998},"num_concepts_raised":21990},{"base_id":881,"kind":"top_words","i1":4,"i2":7,"sol":{"path":["/c/en/homage","/c/en/manred","/c/en/substance","/c/en/distil"],"weight":0.20559999999999962},"num_concepts_raised":24095},{"base_id":881,"kind":"top_words","i1":4,"i2":8,"sol":{"path":["/c/en/homage","/c/en/respect","/c/en/quality","/c/en/workmanship"],"weight":0.2057099999999996},"num_concepts_raised":25116},{"base_id":881,"kind":"top_words","i1":4,"i2":9,"sol":{"path":["/c/en/homage","/c/fr/hommage","/c/en/protection","/c/en/defilement"],"weight":0.2053199999999997},"num_concepts_raised":21782},{"base_id":881,"kind":"top_words","i1":5,"i2":6,"sol":{"path":["/c/en/recognizance","/c/en/bail","/c/en/bar","/c/en/vein","/c/en/phlebitis"],"weight":0.2052299999999999},"num_concepts_raised":19843},{"base_id":881,"kind":"top_words","i1":5,"i2":7,"sol":{"path":["/c/en/recognizance","/c/en/bail","/c/en/water","/c/en/drip","/c/en/distil"],"weight":0.2047799999999997},"num_concepts_raised":21929},{"base_id":881,"kind":"top_words","i1":5,"i2":8,"sol":{"path":["/c/en/recognizance","/c/en/profession","/c/en/work","/c/en/workmanship"],"weight":0.20358999999999972},"num_concepts_raised":22949},{"base_id":881,"kind":"top_words","i1":5,"i2":9,"sol":{"path":["/c/en/recognizance","/c/en/legal","/c/en/military","/c/en/defilement"],"weight":0.20303999999999983},"num_concepts_raised":19773},{"base_id":881,"kind":"top_words","i1":6,"i2":7,"sol":{"path":["/c/en/phlebitis","/c/en/vein","/c/en/flow","/c/en/drip","/c/en/distil"],"weight":0.20484999999999978},"num_concepts_raised":16305},{"base_id":881,"kind":"top_words","i1":6,"i2":8,"sol":{"path":["/c/en/phlebitis","/c/en/vein","/c/en/quality","/c/en/workmanship"],"weight":0.20556999999999975},"num_concepts_raised":17515},{"base_id":881,"kind":"top_words","i1":6,"i2":9,"sol":{"path":["/c/en/phlebitis","/c/en/pathology","/c/en/medicine","/c/en/pollution","/c/en/defilement"],"weight":0.20426999999999987},"num_concepts_raised":14249},{"base_id":881,"kind":"top_words","i1":7,"i2":8,"sol":{"path":["/c/en/distil","/c/en/concentrate","/c/en/work","/c/en/workmanship"],"weight":0.20411999999999955},"num_concepts_raised":19539},{"base_id":881,"kind":"top_words","i1":7,"i2":9,"sol":{"path":["/c/en/distil","/c/en/substance","/c/en/pollution","/c/en/defilement"],"weight":0.20463999999999966},"num_concepts_raised":16403},{"base_id":881,"kind":"top_words","i1":8,"i2":9,"sol":{"path":["/c/en/workmanship","/c/en/work","/c/en/fortification","/c/en/defilement"],"weight":0.20359999999999967},"num_concepts_raised":17558}]]