[[{"base_id":336,"kind":"bot_words","i1":0,"i2":1,"sol":{"path":["/c/en/caw","/c/en/utter","/c/en/outside","/c/en/gate"],"weight":0.22228999999999868},"num_concepts_raised":99456},{"base_id":336,"kind":"bot_words","i1":0,"i2":2,"sol":{"path":["/c/en/caw","/c/en/crow","/c/en/music","/c/en/cycle","/c/en/recycle"],"weight":0.21036999999999967},"num_concepts_raised":15453},{"base_id":336,"kind":"bot_words","i1":0,"i2":3,"sol":{"path":["/c/en/caw","/c/en/crow","/c/en/music","/c/en/cadenza"],"weight":0.20610999999999982},"num_concepts_raised":13047},{"base_id":336,"kind":"bot_words","i1":0,"i2":4,"sol":{"path":["/c/en/caw","/c/en/crow","/c/en/animal","/c/en/mother","/c/en/matron"],"weight":0.20689999999999964},"num_concepts_raised":22678},{"base_id":336,"kind":"bot_words","i1":0,"i2":5,"sol":{"path":["/c/en/caw","/c/en/utter","/c/ja/見事","/c/en/splendiferous"],"weight":0.20442999999999956},"num_concepts_raised":6010},{"base_id":336,"kind":"bot_words","i1":0,"i2":6,"sol":{"path":["/c/en/caw","/c/en/cry","/c/en/activity","/c/en/epicentre","/c/en/epicenter"],"weight":0.21576999999999974},"num_concepts_raised":13516},{"base_id":336,"kind":"bot_words","i1":0,"i2":7,"sol":{"path":["/c/en/caw","/c/en/crow","/c/en/shrill","/c/en/strident"],"weight":0.20898999999999968},"num_concepts_raised":14840},{"base_id":336,"kind":"bot_words","i1":0,"i2":8,"sol":{"path":["/c/en/caw","/c/en/cry","/c/en/person","/c/en/environmentalist","/c/en/conservationist"],"weight":0.2070699999999998},"num_concepts_raised":9716},{"base_id":336,"kind":"bot_words","i1":0,"i2":9,"sol":{"path":["/c/en/caw","/c/en/crow","/c/en/universe","/c/ar/عالم","/c/en/alim"],"weight":0.20708999999999983},"num_concepts_raised":3927},{"base_id":336,"kind":"bot_words","i1":1,"i2":2,"sol":{"path":["/c/en/gate","/c/en/waste","/c/en/recycle"],"weight":0.20400000000000001},"num_concepts_raised":893},{"base_id":336,"kind":"bot_words","i1":1,"i2":3,"sol":{"path":["/c/en/gate","/c/en/passage","/c/en/cadenza"],"weight":0.20500000000000002},"num_concepts_raised":775},{"base_id":336,"kind":"bot_words","i1":1,"i2":4,"sol":{"path":["/c/en/gate","/c/fi/portti","/c/en/us","/c/en/matron"],"weight":0.22439999999999866},"num_concepts_raised":114065},{"base_id":336,"kind":"bot_words","i1":1,"i2":5,"sol":{"path":["/c/en/gate","/c/en/garden","/c/en/beautiful","/c/en/splendiferous"],"weight":0.2210599999999986},"num_concepts_raised":99112},{"base_id":336,"kind":"bot_words","i1":1,"i2":6,"sol":{"path":["/c/en/gate","/c/fi/portti","/c/en/us","/c/en/epicenter"],"weight":0.22973999999999875},"num_concepts_raised":105264},{"base_id":336,"kind":"bot_words","i1":1,"i2":7,"sol":{"path":["/c/en/gate","/c/en/wicket","/c/en/pitch","/c/en/strident"],"weight":0.22227999999999867},"num_concepts_raised":106925},{"base_id":336,"kind":"bot_words","i1":1,"i2":8,"sol":{"path":["/c/en/gate","/c/en/door","/c/en/area","/c/en/conservationist"],"weight":0.22453999999999874},"num_concepts_raised":101707},{"base_id":336,"kind":"bot_words","i1":1,"i2":9,"sol":{"path":["/c/en/gate","/c/en/lock","/c/en/master","/c/en/scholar","/c/en/alim"],"weight":0.2260399999999988},"num_concepts_raised":97104},{"base_id":336,"kind":"bot_words","i1":2,"i2":3,"sol":{"path":["/c/en/recycle","/c/en/cycle","/c/en/music","/c/en/cadenza"],"weight":0.2073399999999998},"num_concepts_raised":21872},{"base_id":336,"kind":"bot_words","i1":2,"i2":4,"sol":{"path":["/c/en/recycle","/c/en/material","/c/la/mater","/c/en/matron"],"weight":0.20716999999999963},"num_concepts_raised":31419},{"base_id":336,"kind":"bot_words","i1":2,"i2":5,"sol":{"path":["/c/en/recycle","/c/en/cycle","/c/en/music","/c/en/beautiful","/c/en/splendiferous"],"weight":0.20889999999999956},"num_concepts_raised":15006},{"base_id":336,"kind":"bot_words","i1":2,"i2":6,"sol":{"path":["/c/en/recycle","/c/en/trash","/c/en/us","/c/en/epicenter"],"weight":0.21122999999999975},"num_concepts_raised":22213},{"base_id":336,"kind":"bot_words","i1":2,"i2":7,"sol":{"path":["/c/en/recycle","/c/en/place","/c/en/pitch","/c/en/strident"],"weight":0.20578999999999967},"num_concepts_raised":23775},{"base_id":336,"kind":"bot_words","i1":2,"i2":8,"sol":{"path":["/c/en/recycle","/c/en/waste","/c/en/environmentalist","/c/en/conservationist"],"weight":0.2074999999999998},"num_concepts_raised":18423},{"base_id":336,"kind":"bot_words","i1":2,"i2":9,"sol":{"path":["/c/en/recycle","/c/en/place","/c/en/world","/c/ar/عالم","/c/en/alim"],"weight":0.20621999999999985},"num_concepts_raised":12927},{"base_id":336,"kind":"bot_words","i1":3,"i2":4,"sol":{"path":["/c/en/cadenza","/c/en/chance","/c/en/person","/c/en/nurse","/c/en/matron"],"weight":0.2057799999999998},"num_concepts_raised":29101},{"base_id":336,"kind":"bot_words","i1":3,"i2":5,"sol":{"path":["/c/en/cadenza","/c/en/music","/c/en/beautiful","/c/en/splendiferous"],"weight":0.2046399999999997},"num_concepts_raised":12563},{"base_id":336,"kind":"bot_words","i1":3,"i2":6,"sol":{"path":["/c/en/cadenza","/c/en/cadence","/c/en/military","/c/en/epicentre","/c/en/epicenter"],"weight":0.21401999999999988},"num_concepts_raised":19974},{"base_id":336,"kind":"bot_words","i1":3,"i2":7,"sol":{"path":["/c/en/cadenza","/c/en/music","/c/en/loud","/c/en/strident"],"weight":0.2037899999999998},"num_concepts_raised":21185},{"base_id":336,"kind":"bot_words","i1":3,"i2":8,"sol":{"path":["/c/en/cadenza","/c/en/music","/c/en/natural","/c/en/conservationist"],"weight":0.20306999999999994},"num_concepts_raised":16213},{"base_id":336,"kind":"bot_words","i1":3,"i2":9,"sol":{"path":["/c/en/cadenza","/c/en/chance","/c/en/person","/c/ar/عالم","/c/en/alim"],"weight":0.20504999999999998},"num_concepts_raised":10506},{"base_id":336,"kind":"bot_words","i1":4,"i2":5,"sol":{"path":["/c/en/matron","/c/en/woman","/c/en/beautiful","/c/en/splendiferous"],"weight":0.20545999999999953},"num_concepts_raised":22133},{"base_id":336,"kind":"bot_words","i1":4,"i2":6,"sol":{"path":["/c/en/matron","/c/en/us","/c/en/epicenter"],"weight":0.20400000000000001},"num_concepts_raised":158},{"base_id":336,"kind":"bot_words","i1":4,"i2":7,"sol":{"path":["/c/en/matron","/c/en/us","/c/en/s","/c/en/strident"],"weight":0.20426999999999962},"num_concepts_raised":30937},{"base_id":336,"kind":"bot_words","i1":4,"i2":8,"sol":{"path":["/c/en/matron","/c/en/us","/c/en/conservative","/c/en/conservationist"],"weight":0.20363999999999977},"num_concepts_raised":25719},{"base_id":336,"kind":"bot_words","i1":4,"i2":9,"sol":{"path":["/c/en/matron","/c/en/nurse","/c/en/person","/c/ar/عالم","/c/en/alim"],"weight":0.2057499999999998},"num_concepts_raised":20120},{"base_id":336,"kind":"bot_words","i1":5,"i2":6,"sol":{"path":["/c/en/splendiferous","/c/en/magniferous","/c/en/geology","/c/fi/episentrumi","/c/en/epicenter"],"weight":0.21156999999999962},"num_concepts_raised":13052},{"base_id":336,"kind":"bot_words","i1":5,"i2":7,"sol":{"path":["/c/en/splendiferous","/c/en/beautiful","/c/en/voice","/c/en/shrill","/c/en/strident"],"weight":0.20754999999999954},"num_concepts_raised":14427},{"base_id":336,"kind":"bot_words","i1":5,"i2":8,"sol":{"path":["/c/en/splendiferous","/c/en/splendid","/c/en/panoply","/c/en/protect","/c/en/conservationist"],"weight":0.20471999999999968},"num_concepts_raised":9234},{"base_id":336,"kind":"bot_words","i1":5,"i2":9,"sol":{"path":["/c/en/splendiferous","/c/en/beautiful","/c/en/world","/c/ar/عالم","/c/en/alim"],"weight":0.2056599999999997},"num_concepts_raised":3442},{"base_id":336,"kind":"bot_words","i1":6,"i2":7,"sol":{"path":["/c/en/epicenter","/c/en/site","/c/en/rough","/c/en/strident"],"weight":0.20961999999999975},"num_concepts_raised":21821},{"base_id":336,"kind":"bot_words","i1":6,"i2":8,"sol":{"path":["/c/en/epicenter","/c/en/us","/c/en/conservative","/c/en/conservationist"],"weight":0.20897999999999986},"num_concepts_raised":16588},{"base_id":336,"kind":"bot_words","i1":6,"i2":9,"sol":{"path":["/c/en/epicenter","/c/fr/géologie","/c/fr/science","/c/ar/علم","/c/en/alim"],"weight":0.2089599999999999},"num_concepts_raised":10958},{"base_id":336,"kind":"bot_words","i1":7,"i2":8,"sol":{"path":["/c/en/strident","/c/en/shrill","/c/en/sharp","/c/en/natural","/c/en/conservationist"],"weight":0.2060599999999998},"num_concepts_raised":18086},{"base_id":336,"kind":"bot_words","i1":7,"i2":9,"sol":{"path":["/c/en/strident","/c/en/imperative","/c/en/mark","/c/ar/علم","/c/en/alim"],"weight":0.20452999999999982},"num_concepts_raised":12380},{"base_id":336,"kind":"bot_words","i1":8,"i2":9,"sol":{"path":["/c/en/conservationist","/c/en/environmentalist","/c/en/person","/c/ar/عالم","/c/en/alim"],"weight":0.20615999999999995},"num_concepts_raised":7147}],[{"base_id":336,"kind":"top_words","i1":0,"i2":1,"sol":{"path":["/c/en/integer","/c/fr/entier","/c/fr/mathématiques","/c/en/eigenvector"],"weight":0.22153999999999982},"num_concepts_raised":35004},{"base_id":336,"kind":"top_words","i1":0,"i2":2,"sol":{"path":["/c/en/integer","/c/en/zero","/c/en/nonzero"],"weight":0.20500000000000002},"num_concepts_raised":356},{"base_id":336,"kind":"top_words","i1":0,"i2":3,"sol":{"path":["/c/en/integer","/c/en/set","/c/en/tuple"],"weight":0.20600000000000002},"num_concepts_raised":414},{"base_id":336,"kind":"top_words","i1":0,"i2":4,"sol":{"path":["/c/en/integer","/c/en/number","/c/en/numerator"],"weight":0.20600000000000002},"num_concepts_raised":405},{"base_id":336,"kind":"top_words","i1":0,"i2":5,"sol":{"path":["/c/en/integer","/c/fr/entier","/c/fr/mathématiques","/c/en/eigenvalue"],"weight":0.2217899999999997},"num_concepts_raised":27605},{"base_id":336,"kind":"top_words","i1":0,"i2":6,"sol":{"path":["/c/en/integer","/c/en/set","/c/en/orthonormal"],"weight":0.20400000000000001},"num_concepts_raised":350},{"base_id":336,"kind":"top_words","i1":0,"i2":7,"sol":{"path":["/c/en/integer","/c/en/index","/c/en/vector"],"weight":0.20400000000000001},"num_concepts_raised":637},{"base_id":336,"kind":"top_words","i1":0,"i2":8,"sol":{"path":["/c/en/integer","/c/fr/entier","/c/en/mathematics","/c/en/invertible"],"weight":0.22179999999999975},"num_concepts_raised":39923},{"base_id":336,"kind":"top_words","i1":0,"i2":9,"sol":{"path":["/c/en/integer","/c/en/infinite_series","/c/en/nonnegative"],"weight":0.20400000000000001},"num_concepts_raised":363},{"base_id":336,"kind":"top_words","i1":1,"i2":2,"sol":{"path":["/c/en/eigenvector","/c/en/eigenfunction","/c/en/mathematics","/c/en/nonzero"],"weight":0.20498000000000005},"num_concepts_raised":22405},{"base_id":336,"kind":"top_words","i1":1,"i2":3,"sol":{"path":["/c/en/eigenvector","/c/en/vector","/c/en/tuple"],"weight":0.20400000000000001},"num_concepts_raised":149},{"base_id":336,"kind":"top_words","i1":1,"i2":4,"sol":{"path":["/c/en/eigenvector","/c/fr/mathématiques","/c/en/numerator"],"weight":0.202},"num_concepts_raised":145},{"base_id":336,"kind":"top_words","i1":1,"i2":5,"sol":{"path":["/c/en/eigenvector","/c/en/eigenvalue"],"weight":0.20400000000000001},"num_concepts_raised":134},{"base_id":336,"kind":"top_words","i1":1,"i2":6,"sol":{"path":["/c/en/eigenvector","/c/en/vector","/c/en/orthonormal"],"weight":0.202},"num_concepts_raised":85},{"base_id":336,"kind":"top_words","i1":1,"i2":7,"sol":{"path":["/c/en/eigenvector","/c/en/vector"],"weight":0.202},"num_concepts_raised":368},{"base_id":336,"kind":"top_words","i1":1,"i2":8,"sol":{"path":["/c/en/eigenvector","/c/fr/mathématiques","/c/fr/inversible","/c/en/invertible"],"weight":0.20581000000000005},"num_concepts_raised":30377},{"base_id":336,"kind":"top_words","i1":1,"i2":9,"sol":{"path":["/c/en/eigenvector","/c/fr/mathématiques","/c/en/nonnegative"],"weight":0.202},"num_concepts_raised":99},{"base_id":336,"kind":"top_words","i1":2,"i2":3,"sol":{"path":["/c/en/nonzero","/c/en/mathematics","/c/en/tuple"],"weight":0.20400000000000001},"num_concepts_raised":115},{"base_id":336,"kind":"top_words","i1":2,"i2":4,"sol":{"path":["/c/en/nonzero","/c/en/mathematics","/c/fr/numérateur","/c/en/numerator"],"weight":0.2070900000000001},"num_concepts_raised":19259},{"base_id":336,"kind":"top_words","i1":2,"i2":5,"sol":{"path":["/c/en/nonzero","/c/en/mathematics","/c/de/eigenwert","/c/en/eigenvalue"],"weight":0.20537999999999995},"num_concepts_raised":15266},{"base_id":336,"kind":"top_words","i1":2,"i2":6,"sol":{"path":["/c/en/nonzero","/c/en/mathematics","/c/en/orthonormal"],"weight":0.202},"num_concepts_raised":51},{"base_id":336,"kind":"top_words","i1":2,"i2":7,"sol":{"path":["/c/en/nonzero","/c/en/mathematics","/c/en/vector"],"weight":0.202},"num_concepts_raised":338},{"base_id":336,"kind":"top_words","i1":2,"i2":8,"sol":{"path":["/c/en/nonzero","/c/en/mathematics","/c/en/invertible"],"weight":0.202},"num_concepts_raised":54},{"base_id":336,"kind":"top_words","i1":2,"i2":9,"sol":{"path":["/c/en/nonzero","/c/en/nonnegative"],"weight":0.20400000000000001},"num_concepts_raised":59},{"base_id":336,"kind":"top_words","i1":3,"i2":4,"sol":{"path":["/c/en/tuple","/c/en/term","/c/en/number","/c/en/numerator"],"weight":0.21381000000000006},"num_concepts_raised":37548},{"base_id":336,"kind":"top_words","i1":3,"i2":5,"sol":{"path":["/c/en/tuple","/c/en/vector","/c/en/eigenvalue"],"weight":0.20400000000000001},"num_concepts_raised":174},{"base_id":336,"kind":"top_words","i1":3,"i2":6,"sol":{"path":["/c/en/tuple","/c/en/mathematics","/c/en/orthonormal"],"weight":0.20400000000000001},"num_concepts_raised":107},{"base_id":336,"kind":"top_words","i1":3,"i2":7,"sol":{"path":["/c/en/tuple","/c/en/vector"],"weight":0.20400000000000001},"num_concepts_raised":393},{"base_id":336,"kind":"top_words","i1":3,"i2":8,"sol":{"path":["/c/en/tuple","/c/en/mathematics","/c/en/invertible"],"weight":0.20400000000000001},"num_concepts_raised":112},{"base_id":336,"kind":"top_words","i1":3,"i2":9,"sol":{"path":["/c/en/tuple","/c/en/mathematics","/c/en/nonnegative"],"weight":0.20400000000000001},"num_concepts_raised":123},{"base_id":336,"kind":"top_words","i1":4,"i2":5,"sol":{"path":["/c/en/numerator","/c/fr/mathématiques","/c/en/eigenvalue"],"weight":0.202},"num_concepts_raised":170},{"base_id":336,"kind":"top_words","i1":4,"i2":6,"sol":{"path":["/c/en/numerator","/c/fr/numérateur","/c/en/mathematics","/c/en/orthonormal"],"weight":0.2070300000000001},"num_concepts_raised":20855},{"base_id":336,"kind":"top_words","i1":4,"i2":7,"sol":{"path":["/c/en/numerator","/c/fr/numérateur","/c/en/mathematics","/c/en/vector"],"weight":0.21224999999999958},"num_concepts_raised":66132},{"base_id":336,"kind":"top_words","i1":4,"i2":8,"sol":{"path":["/c/en/numerator","/c/fr/numérateur","/c/en/mathematics","/c/en/invertible"],"weight":0.20717000000000013},"num_concepts_raised":27847},{"base_id":336,"kind":"top_words","i1":4,"i2":9,"sol":{"path":["/c/en/numerator","/c/fr/mathématiques","/c/en/nonnegative"],"weight":0.202},"num_concepts_raised":119},{"base_id":336,"kind":"top_words","i1":5,"i2":6,"sol":{"path":["/c/en/eigenvalue","/c/en/vector","/c/en/orthonormal"],"weight":0.202},"num_concepts_raised":110},{"base_id":336,"kind":"top_words","i1":5,"i2":7,"sol":{"path":["/c/en/eigenvalue","/c/en/vector"],"weight":0.202},"num_concepts_raised":393},{"base_id":336,"kind":"top_words","i1":5,"i2":8,"sol":{"path":["/c/en/eigenvalue","/c/fr/mathématiques","/c/fr/inversible","/c/en/invertible"],"weight":0.20605999999999997},"num_concepts_raised":23883},{"base_id":336,"kind":"top_words","i1":5,"i2":9,"sol":{"path":["/c/en/eigenvalue","/c/fr/mathématiques","/c/en/nonnegative"],"weight":0.202},"num_concepts_raised":124},{"base_id":336,"kind":"top_words","i1":6,"i2":7,"sol":{"path":["/c/en/orthonormal","/c/en/vector"],"weight":0.202},"num_concepts_raised":328},{"base_id":336,"kind":"top_words","i1":6,"i2":8,"sol":{"path":["/c/en/orthonormal","/c/en/mathematics","/c/en/invertible"],"weight":0.202},"num_concepts_raised":48},{"base_id":336,"kind":"top_words","i1":6,"i2":9,"sol":{"path":["/c/en/orthonormal","/c/en/mathematics","/c/en/nonnegative"],"weight":0.202},"num_concepts_raised":59},{"base_id":336,"kind":"top_words","i1":7,"i2":8,"sol":{"path":["/c/en/vector","/c/en/mathematics","/c/en/invertible"],"weight":0.202},"num_concepts_raised":335},{"base_id":336,"kind":"top_words","i1":7,"i2":9,"sol":{"path":["/c/en/vector","/c/en/mathematics","/c/en/nonnegative"],"weight":0.202},"num_concepts_raised":346},{"base_id":336,"kind":"top_words","i1":8,"i2":9,"sol":{"path":["/c/en/invertible","/c/en/mathematics","/c/en/nonnegative"],"weight":0.202},"num_concepts_raised":62}]]