[[{"base_id":126,"kind":"bot_words","i1":0,"i2":1,"sol":{"path":["/c/en/bole","/c/en/soil","/c/en/plant","/c/en/amelanchier"],"weight":0.20888999999999963},"num_concepts_raised":136358},{"base_id":126,"kind":"bot_words","i1":0,"i2":2,"sol":{"path":["/c/en/bole","/c/en/scotland","/c/en/eme"],"weight":0.202},"num_concepts_raised":126},{"base_id":126,"kind":"bot_words","i1":0,"i2":3,"sol":{"path":["/c/en/bole","/c/en/england","/c/en/crook"],"weight":0.202},"num_concepts_raised":390},{"base_id":126,"kind":"bot_words","i1":0,"i2":4,"sol":{"path":["/c/en/bole","/c/en/cotton","/c/en/medicine","/c/en/emesis"],"weight":0.20355999999999963},"num_concepts_raised":140555},{"base_id":126,"kind":"bot_words","i1":0,"i2":5,"sol":{"path":["/c/en/bole","/c/en/trunk","/c/en/tree","/c/en/treeless"],"weight":0.20387999999999973},"num_concepts_raised":131540},{"base_id":126,"kind":"bot_words","i1":0,"i2":6,"sol":{"path":["/c/en/bole","/c/en/clay","/c/en/slip","/c/en/skating"],"weight":0.20560999999999935},"num_concepts_raised":148362},{"base_id":126,"kind":"bot_words","i1":0,"i2":7,"sol":{"path":["/c/en/bole","/c/en/china","/c/en/united_states","/c/en/jackson"],"weight":0.20495999999999953},"num_concepts_raised":151489},{"base_id":126,"kind":"bot_words","i1":0,"i2":8,"sol":{"path":["/c/en/bole","/c/en/scotland","/c/en/change","/c/en/transform","/c/en/transformable"],"weight":0.20463999999999966},"num_concepts_raised":129365},{"base_id":126,"kind":"bot_words","i1":0,"i2":9,"sol":{"path":["/c/en/bole","/c/fr/botanique","/c/fr/serré","/c/en/tight","/c/en/tightness"],"weight":0.20477999999999963},"num_concepts_raised":131102},{"base_id":126,"kind":"bot_words","i1":1,"i2":2,"sol":{"path":["/c/en/amelanchier","/c/en/plant","/c/en/house","/c/en/uncle","/c/en/eme"],"weight":0.2092699999999998},"num_concepts_raised":11792},{"base_id":126,"kind":"bot_words","i1":1,"i2":3,"sol":{"path":["/c/en/amelanchier","/c/en/plant","/c/en/slang","/c/en/crook"],"weight":0.211639999999999},"num_concepts_raised":172507},{"base_id":126,"kind":"bot_words","i1":1,"i2":4,"sol":{"path":["/c/en/amelanchier","/c/en/plant","/c/en/boot","/c/en/vomit","/c/en/emesis"],"weight":0.2082499999999998},"num_concepts_raised":20190},{"base_id":126,"kind":"bot_words","i1":1,"i2":5,"sol":{"path":["/c/en/amelanchier","/c/en/plant","/c/en/tree","/c/en/treeless"],"weight":0.20818999999999988},"num_concepts_raised":11073},{"base_id":126,"kind":"bot_words","i1":1,"i2":6,"sol":{"path":["/c/en/amelanchier","/c/en/plant","/c/en/sport","/c/en/skating"],"weight":0.21134999999999948},"num_concepts_raised":28223},{"base_id":126,"kind":"bot_words","i1":1,"i2":7,"sol":{"path":["/c/en/amelanchier","/c/en/plant","/c/en/us","/c/en/jackson"],"weight":0.2090899999999997},"num_concepts_raised":31864},{"base_id":126,"kind":"bot_words","i1":1,"i2":8,"sol":{"path":["/c/en/amelanchier","/c/en/rose","/c/en/mathematics","/c/en/transform","/c/en/transformable"],"weight":0.2092499999999998},"num_concepts_raised":8904},{"base_id":126,"kind":"bot_words","i1":1,"i2":9,"sol":{"path":["/c/en/amelanchier","/c/en/plant","/c/en/slang","/c/en/tight","/c/en/tightness"],"weight":0.20932999999999977},"num_concepts_raised":10683},{"base_id":126,"kind":"bot_words","i1":2,"i2":3,"sol":{"path":["/c/en/eme","/c/en/uncle","/c/en/slang","/c/en/crook"],"weight":0.20750999999999903},"num_concepts_raised":167773},{"base_id":126,"kind":"bot_words","i1":2,"i2":4,"sol":{"path":["/c/en/eme","/c/en/phoneme","/c/en/sound","/c/en/medicine","/c/en/emesis"],"weight":0.20416999999999982},"num_concepts_raised":15711},{"base_id":126,"kind":"bot_words","i1":2,"i2":5,"sol":{"path":["/c/en/eme","/c/en/phoneme","/c/en/unit","/c/en/tree","/c/en/treeless"],"weight":0.20423999999999992},"num_concepts_raised":6822},{"base_id":126,"kind":"bot_words","i1":2,"i2":6,"sol":{"path":["/c/en/eme","/c/en/uncle","/c/en/fun","/c/en/skating"],"weight":0.20605999999999952},"num_concepts_raised":23736},{"base_id":126,"kind":"bot_words","i1":2,"i2":7,"sol":{"path":["/c/en/eme","/c/en/phoneme","/c/en/unit","/c/en/state","/c/en/jackson"],"weight":0.2055299999999997},"num_concepts_raised":27277},{"base_id":126,"kind":"bot_words","i1":2,"i2":8,"sol":{"path":["/c/en/eme","/c/en/scotland","/c/en/change","/c/en/transform","/c/en/transformable"],"weight":0.20402999999999982},"num_concepts_raised":4380},{"base_id":126,"kind":"bot_words","i1":2,"i2":9,"sol":{"path":["/c/en/eme","/c/en/uncle","/c/en/slang","/c/en/tight","/c/en/tightness"],"weight":0.2052199999999998},"num_concepts_raised":6152},{"base_id":126,"kind":"bot_words","i1":3,"i2":4,"sol":{"path":["/c/en/crook","/c/en/bend","/c/en/medicine","/c/en/emesis"],"weight":0.20801999999999904},"num_concepts_raised":176336},{"base_id":126,"kind":"bot_words","i1":3,"i2":5,"sol":{"path":["/c/en/crook","/c/en/standard","/c/en/tree","/c/en/treeless"],"weight":0.2062299999999991},"num_concepts_raised":167588},{"base_id":126,"kind":"bot_words","i1":3,"i2":6,"sol":{"path":["/c/en/crook","/c/en/music","/c/en/skate","/c/en/skating"],"weight":0.20998999999999873},"num_concepts_raised":183269},{"base_id":126,"kind":"bot_words","i1":3,"i2":7,"sol":{"path":["/c/en/crook","/c/en/australia","/c/en/jackson"],"weight":0.202},"num_concepts_raised":396},{"base_id":126,"kind":"bot_words","i1":3,"i2":8,"sol":{"path":["/c/en/crook","/c/en/bend","/c/en/condition","/c/en/transform","/c/en/transformable"],"weight":0.20908999999999905},"num_concepts_raised":165313},{"base_id":126,"kind":"bot_words","i1":3,"i2":9,"sol":{"path":["/c/en/crook","/c/en/slang","/c/en/tight","/c/en/tightness"],"weight":0.20756999999999898},"num_concepts_raised":166969},{"base_id":126,"kind":"bot_words","i1":4,"i2":5,"sol":{"path":["/c/en/emesis","/c/en/medicine","/c/zu/umuthi","/c/en/tree","/c/en/treeless"],"weight":0.20288999999999988},"num_concepts_raised":15264},{"base_id":126,"kind":"bot_words","i1":4,"i2":6,"sol":{"path":["/c/en/emesis","/c/en/medicine","/c/en/slip","/c/en/skating"],"weight":0.2049199999999995},"num_concepts_raised":32041},{"base_id":126,"kind":"bot_words","i1":4,"i2":7,"sol":{"path":["/c/en/emesis","/c/en/vomit","/c/en/york","/c/en/jackson_county","/c/en/jackson"],"weight":0.20514999999999972},"num_concepts_raised":35803},{"base_id":126,"kind":"bot_words","i1":4,"i2":8,"sol":{"path":["/c/en/emesis","/c/en/medicine","/c/en/translate","/c/en/transform","/c/en/transformable"],"weight":0.2039599999999998},"num_concepts_raised":12828},{"base_id":126,"kind":"bot_words","i1":4,"i2":9,"sol":{"path":["/c/en/emesis","/c/en/medicine","/c/en/fit","/c/en/tightness"],"weight":0.20303999999999978},"num_concepts_raised":14570},{"base_id":126,"kind":"bot_words","i1":5,"i2":6,"sol":{"path":["/c/en/treeless","/c/en/tree","/c/en/figure","/c/en/skating"],"weight":0.20489999999999958},"num_concepts_raised":23276},{"base_id":126,"kind":"bot_words","i1":5,"i2":7,"sol":{"path":["/c/en/treeless","/c/en/tree","/c/en/jack","/c/en/jackson"],"weight":0.2038399999999998},"num_concepts_raised":26905},{"base_id":126,"kind":"bot_words","i1":5,"i2":8,"sol":{"path":["/c/en/treeless","/c/en/tree","/c/en/nature","/c/en/transform","/c/en/transformable"],"weight":0.2039499999999999},"num_concepts_raised":3938},{"base_id":126,"kind":"bot_words","i1":5,"i2":9,"sol":{"path":["/c/en/treeless","/c/en/tree","/c/en/strict","/c/en/tight","/c/en/tightness"],"weight":0.20409999999999986},"num_concepts_raised":5719},{"base_id":126,"kind":"bot_words","i1":6,"i2":7,"sol":{"path":["/c/en/skating","/c/en/hockey","/c/en/us","/c/en/jackson"],"weight":0.2068399999999994},"num_concepts_raised":43381},{"base_id":126,"kind":"bot_words","i1":6,"i2":8,"sol":{"path":["/c/en/skating","/c/en/sport","/c/en/biology","/c/en/transform","/c/en/transformable"],"weight":0.2071499999999995},"num_concepts_raised":20921},{"base_id":126,"kind":"bot_words","i1":6,"i2":9,"sol":{"path":["/c/en/skating","/c/en/exercise","/c/en/fit","/c/en/tightness"],"weight":0.20511999999999947},"num_concepts_raised":22593},{"base_id":126,"kind":"bot_words","i1":7,"i2":8,"sol":{"path":["/c/en/jackson","/c/en/state","/c/en/transmute","/c/en/transform","/c/en/transformable"],"weight":0.20526999999999973},"num_concepts_raised":24599},{"base_id":126,"kind":"bot_words","i1":7,"i2":9,"sol":{"path":["/c/en/jackson","/c/en/state","/c/en/fit","/c/en/tightness"],"weight":0.20427999999999968},"num_concepts_raised":26328},{"base_id":126,"kind":"bot_words","i1":8,"i2":9,"sol":{"path":["/c/en/transformable","/c/en/transform","/c/en/physics","/c/en/density","/c/en/tightness"],"weight":0.2041399999999998},"num_concepts_raised":3263}],[{"base_id":126,"kind":"top_words","i1":0,"i2":1,"sol":{"path":["/c/en/romandy","/c/en/switzerland","/c/de/verhalten","/c/en/sport","/c/en/slopestyle"],"weight":0.21293999999999974},"num_concepts_raised":8202},{"base_id":126,"kind":"top_words","i1":0,"i2":2,"sol":{"path":["/c/en/romandy","/c/en/french","/c/en/cut","/c/en/three","/c/en/triennial"],"weight":0.20934999999999987},"num_concepts_raised":13735},{"base_id":126,"kind":"top_words","i1":0,"i2":3,"sol":{"path":["/c/en/romandy","/c/en/switzerland","/c/de/eiss","/c/en/running","/c/en/ultramarathon"],"weight":0.20774999999999988},"num_concepts_raised":2212},{"base_id":126,"kind":"top_words","i1":0,"i2":4,"sol":{"path":["/c/en/romandy","/c/en/switzerland","/c/en/first","/c/en/race","/c/en/racecourse"],"weight":0.21070999999999976},"num_concepts_raised":14194},{"base_id":126,"kind":"top_words","i1":0,"i2":5,"sol":{"path":["/c/en/romandy","/c/en/french","/c/en/iron_harvest","/c/en/annual","/c/en/biannual","/c/en/biyearly"],"weight":0.21242499999999973},"num_concepts_raised":215644},{"base_id":126,"kind":"top_words","i1":0,"i2":6,"sol":{"path":["/c/en/romandy","/c/en/switzerland","/c/en/energy","/c/en/oil","/c/en/lube"],"weight":0.20795999999999987},"num_concepts_raised":3302},{"base_id":126,"kind":"top_words","i1":0,"i2":7,"sol":{"path":["/c/en/romandy","/c/en/switzerland","/c/en/country","/c/en/music","/c/en/music_festival","/c/en/ozzfest"],"weight":0.2143705999999996},"num_concepts_raised":183545},{"base_id":126,"kind":"top_words","i1":0,"i2":8,"sol":{"path":["/c/en/romandy","/c/en/french","/c/en/person","/c/en/conference","/c/en/colloquium"],"weight":0.20838999999999974},"num_concepts_raised":12718},{"base_id":126,"kind":"top_words","i1":0,"i2":9,"sol":{"path":["/c/en/romandy","/c/en/switzerland","/c/en/country","/c/en/croatia","/c/en/opatija"],"weight":0.21499999999999975},"num_concepts_raised":4465},{"base_id":126,"kind":"top_words","i1":1,"i2":2,"sol":{"path":["/c/en/slopestyle","/c/en/sport","/c/en/plant","/c/en/triennial"],"weight":0.20830999999999988},"num_concepts_raised":19150},{"base_id":126,"kind":"top_words","i1":1,"i2":3,"sol":{"path":["/c/en/slopestyle","/c/en/sport","/c/en/running","/c/en/ultramarathon"],"weight":0.20780999999999986},"num_concepts_raised":7687},{"base_id":126,"kind":"top_words","i1":1,"i2":4,"sol":{"path":["/c/en/slopestyle","/c/en/course","/c/en/racecourse"],"weight":0.20500000000000002},"num_concepts_raised":95},{"base_id":126,"kind":"top_words","i1":1,"i2":5,"sol":{"path":["/c/en/slopestyle","/c/en/sport","/c/en/botany","/c/en/biennial","/c/en/biyearly"],"weight":0.2079499999999999},"num_concepts_raised":7247},{"base_id":126,"kind":"top_words","i1":1,"i2":6,"sol":{"path":["/c/en/slopestyle","/c/en/pipe","/c/en/oil","/c/en/lube"],"weight":0.20790999999999984},"num_concepts_raised":8800},{"base_id":126,"kind":"top_words","i1":1,"i2":7,"sol":{"path":["/c/en/slopestyle","/c/en/course","/c/en/music","/c/en/music_festival","/c/en/ozzfest"],"weight":0.21280999999999975},"num_concepts_raised":6962},{"base_id":126,"kind":"top_words","i1":1,"i2":8,"sol":{"path":["/c/en/slopestyle","/c/en/sport","/c/en/legal","/c/en/colloquium"],"weight":0.20832999999999974},"num_concepts_raised":18072},{"base_id":126,"kind":"top_words","i1":1,"i2":9,"sol":{"path":["/c/en/slopestyle","/c/en/slope","/c/en/coast","/c/en/croatia","/c/en/opatija"],"weight":0.21493999999999974},"num_concepts_raised":9987},{"base_id":126,"kind":"top_words","i1":2,"i2":3,"sol":{"path":["/c/en/triennial","/c/en/year","/c/en/activity","/c/en/marathon","/c/en/ultramarathon"],"weight":0.20537999999999995},"num_concepts_raised":13260},{"base_id":126,"kind":"top_words","i1":2,"i2":4,"sol":{"path":["/c/en/triennial","/c/en/last","/c/en/race","/c/en/racecourse"],"weight":0.20604999999999987},"num_concepts_raised":25033},{"base_id":126,"kind":"top_words","i1":2,"i2":5,"sol":{"path":["/c/en/triennial","/c/en/biennial","/c/en/biyearly"],"weight":0.202},"num_concepts_raised":56},{"base_id":126,"kind":"top_words","i1":2,"i2":6,"sol":{"path":["/c/en/triennial","/c/en/plant","/c/en/surface","/c/en/lubricant","/c/en/lube"],"weight":0.20542},"num_concepts_raised":14316},{"base_id":126,"kind":"top_words","i1":2,"i2":7,"sol":{"path":["/c/en/triennial","/c/en/periodic","/c/en/music","/c/en/music_festival","/c/en/ozzfest"],"weight":0.20918999999999988},"num_concepts_raised":12488},{"base_id":126,"kind":"top_words","i1":2,"i2":8,"sol":{"path":["/c/en/triennial","/c/en/three","/c/en/trialogue","/c/en/colloquy","/c/en/colloquium"],"weight":0.20592999999999984},"num_concepts_raised":23656},{"base_id":126,"kind":"top_words","i1":2,"i2":9,"sol":{"path":["/c/en/triennial","/c/en/year","/c/sh/jar","/c/en/croatia","/c/en/opatija"],"weight":0.21151999999999985},"num_concepts_raised":15518},{"base_id":126,"kind":"top_words","i1":3,"i2":4,"sol":{"path":["/c/en/ultramarathon","/c/en/marathon","/c/en/race","/c/en/racecourse"],"weight":0.20666999999999985},"num_concepts_raised":13591},{"base_id":126,"kind":"top_words","i1":3,"i2":5,"sol":{"path":["/c/en/ultramarathon","/c/en/running","/c/en/botany","/c/en/biennial","/c/en/biyearly"],"weight":0.20275000000000004},"num_concepts_raised":1240},{"base_id":126,"kind":"top_words","i1":3,"i2":6,"sol":{"path":["/c/en/ultramarathon","/c/en/running","/c/en/sweat","/c/en/oil","/c/en/lube"],"weight":0.20279999999999998},"num_concepts_raised":2834},{"base_id":126,"kind":"top_words","i1":3,"i2":7,"sol":{"path":["/c/en/ultramarathon","/c/en/running","/c/en/event","/c/en/music_festival","/c/en/ozzfest"],"weight":0.20766999999999988},"num_concepts_raised":956},{"base_id":126,"kind":"top_words","i1":3,"i2":8,"sol":{"path":["/c/en/ultramarathon","/c/en/running","/c/en/council","/c/en/discussion","/c/en/colloquium"],"weight":0.20321999999999985},"num_concepts_raised":12238},{"base_id":126,"kind":"top_words","i1":3,"i2":9,"sol":{"path":["/c/en/ultramarathon","/c/en/running","/c/ar/حاضر","/c/en/town","/c/en/opatija"],"weight":0.20776999999999984},"num_concepts_raised":4007},{"base_id":126,"kind":"top_words","i1":4,"i2":5,"sol":{"path":["/c/en/racecourse","/c/en/race","/c/en/last","/c/en/biennial","/c/en/biyearly"],"weight":0.20568999999999993},"num_concepts_raised":13242},{"base_id":126,"kind":"top_words","i1":4,"i2":6,"sol":{"path":["/c/en/racecourse","/c/en/race","/c/en/line","/c/en/oil","/c/en/lube"],"weight":0.20580999999999985},"num_concepts_raised":14785},{"base_id":126,"kind":"top_words","i1":4,"i2":7,"sol":{"path":["/c/en/racecourse","/c/en/race","/c/en/event","/c/en/music_festival","/c/en/ozzfest"],"weight":0.21061999999999975},"num_concepts_raised":12960},{"base_id":126,"kind":"top_words","i1":4,"i2":8,"sol":{"path":["/c/en/racecourse","/c/en/course","/c/en/seminar","/c/en/colloquium"],"weight":0.2049199999999997},"num_concepts_raised":23963},{"base_id":126,"kind":"top_words","i1":4,"i2":9,"sol":{"path":["/c/en/racecourse","/c/en/race","/c/en/country","/c/en/croatia","/c/en/opatija"],"weight":0.21277999999999975},"num_concepts_raised":15947},{"base_id":126,"kind":"top_words","i1":5,"i2":6,"sol":{"path":["/c/en/biyearly","/c/en/biannual","/c/en/two","/c/en/be","/c/en/lubricate","/c/en/lube"],"weight":0.212146},"num_concepts_raised":209292},{"base_id":126,"kind":"top_words","i1":5,"i2":7,"sol":{"path":["/c/en/biyearly","/c/en/biannual","/c/en/occur","/c/en/event","/c/en/music_festival","/c/en/ozzfest"],"weight":0.21201109999999984},"num_concepts_raised":59592},{"base_id":126,"kind":"top_words","i1":5,"i2":8,"sol":{"path":["/c/en/biyearly","/c/en/biannual","/c/cy/daered","/c/en/legal","/c/en/colloquium"],"weight":0.2043199999999999},"num_concepts_raised":11752},{"base_id":126,"kind":"top_words","i1":5,"i2":9,"sol":{"path":["/c/en/biyearly","/c/en/biannual","/c/en/year","/c/sh/jar","/c/en/croatia","/c/en/opatija"],"weight":0.2149402999999995},"num_concepts_raised":272977},{"base_id":126,"kind":"top_words","i1":6,"i2":7,"sol":{"path":["/c/en/lube","/c/en/lubricate","/c/en/fill","/c/en/music","/c/en/music_festival","/c/en/ozzfest"],"weight":0.2140935999999998},"num_concepts_raised":179347},{"base_id":126,"kind":"top_words","i1":6,"i2":8,"sol":{"path":["/c/en/lube","/c/en/oil","/c/en/controversy","/c/en/discussion","/c/en/colloquium"],"weight":0.20339999999999986},"num_concepts_raised":13328},{"base_id":126,"kind":"top_words","i1":6,"i2":9,"sol":{"path":["/c/en/lube","/c/en/oil","/c/en/war","/c/en/town","/c/en/opatija"],"weight":0.20797999999999983},"num_concepts_raised":5100},{"base_id":126,"kind":"top_words","i1":7,"i2":8,"sol":{"path":["/c/en/ozzfest","/c/en/music_festival","/c/en/united_states","/c/en/meeting","/c/en/colloquium"],"weight":0.20825999999999975},"num_concepts_raised":11469},{"base_id":126,"kind":"top_words","i1":7,"i2":9,"sol":{"path":["/c/en/ozzfest","/c/en/music_festival","/c/en/michigan","/c/en/town","/c/en/opatija"],"weight":0.21283999999999975},"num_concepts_raised":3222},{"base_id":126,"kind":"top_words","i1":8,"i2":9,"sol":{"path":["/c/en/colloquium","/c/en/legal","/c/en/town","/c/en/opatija"],"weight":0.20831999999999973},"num_concepts_raised":14481}]]