[[{"base_id":366,"kind":"bot_words","i1":0,"i2":1,"sol":{"path":["/c/en/enlarge","/c/en/magnify","/c/en/slang","/c/en/stinker"],"weight":0.20877999999999958},"num_concepts_raised":45551},{"base_id":366,"kind":"bot_words","i1":0,"i2":2,"sol":{"path":["/c/en/enlarge","/c/en/release","/c/en/historical","/c/en/cacique"],"weight":0.2065999999999995},"num_concepts_raised":39909},{"base_id":366,"kind":"bot_words","i1":0,"i2":3,"sol":{"path":["/c/en/enlarge","/c/en/enlargement","/c/en/state","/c/en/bangladesh"],"weight":0.21936999999999968},"num_concepts_raised":44721},{"base_id":366,"kind":"bot_words","i1":0,"i2":4,"sol":{"path":["/c/en/enlarge","/c/en/magnify","/c/en/power","/c/en/heyday"],"weight":0.2087099999999995},"num_concepts_raised":36118},{"base_id":366,"kind":"bot_words","i1":0,"i2":5,"sol":{"path":["/c/en/enlarge","/c/en/legal","/c/en/protestant","/c/en/nonconformist"],"weight":0.2087299999999994},"num_concepts_raised":35743},{"base_id":366,"kind":"bot_words","i1":0,"i2":6,"sol":{"path":["/c/en/enlarge","/c/en/grow","/c/en/natural","/c/en/drainage"],"weight":0.20965999999999918},"num_concepts_raised":36547},{"base_id":366,"kind":"bot_words","i1":0,"i2":7,"sol":{"path":["/c/en/enlarge","/c/en/imp","/c/en/elf","/c/en/elvish"],"weight":0.2066299999999996},"num_concepts_raised":28472},{"base_id":366,"kind":"bot_words","i1":0,"i2":8,"sol":{"path":["/c/en/enlarge","/c/en/legal","/c/en/master","/c/en/mistress"],"weight":0.22317999999999866},"num_concepts_raised":48467},{"base_id":366,"kind":"bot_words","i1":0,"i2":9,"sol":{"path":["/c/en/enlarge","/c/la/auctifico","/c/en/offering","/c/en/oblation"],"weight":0.2094499999999993},"num_concepts_raised":34042},{"base_id":366,"kind":"bot_words","i1":1,"i2":2,"sol":{"path":["/c/en/stinker","/c/en/slang","/c/en/chief","/c/en/cacique"],"weight":0.20336999999999986},"num_concepts_raised":34078},{"base_id":366,"kind":"bot_words","i1":1,"i2":3,"sol":{"path":["/c/en/stinker","/c/en/slang","/c/en/indo_pak","/c/en/bangladesh"],"weight":0.21398000000000003},"num_concepts_raised":38831},{"base_id":366,"kind":"bot_words","i1":1,"i2":4,"sol":{"path":["/c/en/stinker","/c/en/thing","/c/en/flower","/c/en/heyday"],"weight":0.20374999999999988},"num_concepts_raised":30256},{"base_id":366,"kind":"bot_words","i1":1,"i2":5,"sol":{"path":["/c/en/stinker","/c/en/slang","/c/en/bohemian","/c/en/nonconformist"],"weight":0.20532999999999973},"num_concepts_raised":29905},{"base_id":366,"kind":"bot_words","i1":1,"i2":6,"sol":{"path":["/c/en/stinker","/c/en/slang","/c/en/strudel","/c/en/drainage"],"weight":0.20483999999999952},"num_concepts_raised":30758},{"base_id":366,"kind":"bot_words","i1":1,"i2":7,"sol":{"path":["/c/en/stinker","/c/en/slang","/c/en/fantasy","/c/en/elvish"],"weight":0.20334999999999992},"num_concepts_raised":22522},{"base_id":366,"kind":"bot_words","i1":1,"i2":8,"sol":{"path":["/c/en/stinker","/c/en/slang","/c/en/lady","/c/en/mistress"],"weight":0.21638999999999903},"num_concepts_raised":42297},{"base_id":366,"kind":"bot_words","i1":1,"i2":9,"sol":{"path":["/c/en/stinker","/c/en/slang","/c/en/bread","/c/en/oblation"],"weight":0.20398999999999967},"num_concepts_raised":28179},{"base_id":366,"kind":"bot_words","i1":2,"i2":3,"sol":{"path":["/c/en/cacique","/c/en/historical","/c/en/east_pakistan","/c/en/bangladesh"],"weight":0.21584999999999993},"num_concepts_raised":32596},{"base_id":366,"kind":"bot_words","i1":2,"i2":4,"sol":{"path":["/c/en/cacique","/c/en/historical","/c/en/prime","/c/en/heyday"],"weight":0.20347999999999977},"num_concepts_raised":24447},{"base_id":366,"kind":"bot_words","i1":2,"i2":5,"sol":{"path":["/c/en/cacique","/c/en/political","/c/en/protestant","/c/en/nonconformist"],"weight":0.20507999999999965},"num_concepts_raised":23976},{"base_id":366,"kind":"bot_words","i1":2,"i2":6,"sol":{"path":["/c/en/cacique","/c/en/historical","/c/en/sewer","/c/en/drainage"],"weight":0.20463999999999943},"num_concepts_raised":25146},{"base_id":366,"kind":"bot_words","i1":2,"i2":7,"sol":{"path":["/c/en/cacique","/c/en/historical","/c/en/urchin","/c/en/elfin","/c/en/elvish"],"weight":0.20407999999999982},"num_concepts_raised":16737},{"base_id":366,"kind":"bot_words","i1":2,"i2":8,"sol":{"path":["/c/en/cacique","/c/en/chief","/c/en/master","/c/en/mistress"],"weight":0.2196599999999989},"num_concepts_raised":36628},{"base_id":366,"kind":"bot_words","i1":2,"i2":9,"sol":{"path":["/c/en/cacique","/c/en/historical","/c/en/artotyrite","/c/en/oblation"],"weight":0.20361999999999958},"num_concepts_raised":22482},{"base_id":366,"kind":"bot_words","i1":3,"i2":4,"sol":{"path":["/c/en/bangladesh","/c/en/country","/c/en/prime","/c/en/heyday"],"weight":0.21427999999999997},"num_concepts_raised":29115},{"base_id":366,"kind":"bot_words","i1":3,"i2":5,"sol":{"path":["/c/en/bangladesh","/c/en/religion","/c/en/protestant","/c/en/nonconformist"],"weight":0.21598999999999982},"num_concepts_raised":28401},{"base_id":366,"kind":"bot_words","i1":3,"i2":6,"sol":{"path":["/c/en/bangladesh","/c/en/state","/c/en/water","/c/en/drainage"],"weight":0.2153699999999996},"num_concepts_raised":29790},{"base_id":366,"kind":"bot_words","i1":3,"i2":7,"sol":{"path":["/c/en/bangladesh","/c/en/ganges","/c/en/ganga","/c/fr/mythologie","/c/en/elvish"],"weight":0.21574000000000002},"num_concepts_raised":21374},{"base_id":366,"kind":"bot_words","i1":3,"i2":8,"sol":{"path":["/c/en/bangladesh","/c/en/madrasa","/c/en/woman","/c/en/mistress"],"weight":0.22625999999999907},"num_concepts_raised":41623},{"base_id":366,"kind":"bot_words","i1":3,"i2":9,"sol":{"path":["/c/en/bangladesh","/c/en/india","/c/sa/भारत","/c/en/oblation"],"weight":0.21469999999999975},"num_concepts_raised":26966},{"base_id":366,"kind":"bot_words","i1":4,"i2":5,"sol":{"path":["/c/en/heyday","/c/en/prime","/c/en/christianity","/c/en/nonconformist"],"weight":0.20448999999999967},"num_concepts_raised":20176},{"base_id":366,"kind":"bot_words","i1":4,"i2":6,"sol":{"path":["/c/en/heyday","/c/en/flower","/c/en/flush","/c/en/drainage"],"weight":0.20492999999999945},"num_concepts_raised":21208},{"base_id":366,"kind":"bot_words","i1":4,"i2":7,"sol":{"path":["/c/en/heyday","/c/fr/âge_d’_or","/c/fr/mythologie","/c/en/elvish"],"weight":0.20332999999999984},"num_concepts_raised":12792},{"base_id":366,"kind":"bot_words","i1":4,"i2":8,"sol":{"path":["/c/en/heyday","/c/en/power","/c/en/master","/c/en/mistress"],"weight":0.21991999999999895},"num_concepts_raised":32931},{"base_id":366,"kind":"bot_words","i1":4,"i2":9,"sol":{"path":["/c/en/heyday","/c/en/flower","/c/en/bread","/c/en/oblation"],"weight":0.2040899999999996},"num_concepts_raised":18541},{"base_id":366,"kind":"bot_words","i1":5,"i2":6,"sol":{"path":["/c/en/nonconformist","/c/en/dissenter","/c/en/uk","/c/en/drain","/c/en/drainage"],"weight":0.20694999999999933},"num_concepts_raised":20860},{"base_id":366,"kind":"bot_words","i1":5,"i2":7,"sol":{"path":["/c/en/nonconformist","/c/en/bohemian","/c/en/slang","/c/en/fantasy","/c/en/elvish"],"weight":0.20495999999999973},"num_concepts_raised":12356},{"base_id":366,"kind":"bot_words","i1":5,"i2":8,"sol":{"path":["/c/en/nonconformist","/c/en/church","/c/en/lady","/c/en/mistress"],"weight":0.21695999999999876},"num_concepts_raised":32721},{"base_id":366,"kind":"bot_words","i1":5,"i2":9,"sol":{"path":["/c/en/nonconformist","/c/en/christianity","/c/en/mass","/c/en/oblation"],"weight":0.20488999999999946},"num_concepts_raised":17970},{"base_id":366,"kind":"bot_words","i1":6,"i2":7,"sol":{"path":["/c/en/drainage","/c/en/drain","/c/en/electronics","/c/en/elf","/c/en/elvish"],"weight":0.2058799999999995},"num_concepts_raised":13405},{"base_id":366,"kind":"bot_words","i1":6,"i2":8,"sol":{"path":["/c/en/drainage","/c/en/water","/c/en/boss","/c/en/mistress"],"weight":0.2148699999999986},"num_concepts_raised":33771},{"base_id":366,"kind":"bot_words","i1":6,"i2":9,"sol":{"path":["/c/en/drainage","/c/en/water","/c/en/wine","/c/en/oblation"],"weight":0.20532999999999924},"num_concepts_raised":19096},{"base_id":366,"kind":"bot_words","i1":7,"i2":8,"sol":{"path":["/c/en/elvish","/c/fr/mythologie","/c/la/nympha","/c/en/mistress"],"weight":0.212999999999999},"num_concepts_raised":25449},{"base_id":366,"kind":"bot_words","i1":7,"i2":9,"sol":{"path":["/c/en/elvish","/c/fr/mythologie","/c/fr/dieu","/c/fr/oblation","/c/en/oblation"],"weight":0.20570999999999967},"num_concepts_raised":10733},{"base_id":366,"kind":"bot_words","i1":8,"i2":9,"sol":{"path":["/c/en/mistress","/c/ja/い","/c/en/offering","/c/en/oblation"],"weight":0.21588999999999875},"num_concepts_raised":31137}],[{"base_id":366,"kind":"top_words","i1":0,"i2":1,"sol":{"path":["/c/en/restatement","/c/en/legal","/c/fr/masse","/c/fr/quintal","/c/en/quintal"],"weight":0.20518999999999987},"num_concepts_raised":17514},{"base_id":366,"kind":"top_words","i1":0,"i2":2,"sol":{"path":["/c/en/restatement","/c/en/legal","/c/en/admortization","/c/en/amortization"],"weight":0.20330999999999994},"num_concepts_raised":10056},{"base_id":366,"kind":"top_words","i1":0,"i2":3,"sol":{"path":["/c/en/restatement","/c/en/legal","/c/fr/masse","/c/fr/quintal","/c/en/hundredweight"],"weight":0.20573999999999992},"num_concepts_raised":13091},{"base_id":366,"kind":"top_words","i1":0,"i2":4,"sol":{"path":["/c/en/restatement","/c/en/legal","/c/en/company","/c/en/fon"],"weight":0.2079899999999998},"num_concepts_raised":14960},{"base_id":366,"kind":"top_words","i1":0,"i2":5,"sol":{"path":["/c/en/restatement","/c/en/legal","/c/en/accretion","/c/en/geology","/c/en/oligocene"],"weight":0.21063999999999983},"num_concepts_raised":14196},{"base_id":366,"kind":"top_words","i1":0,"i2":6,"sol":{"path":["/c/en/restatement","/c/en/legal","/c/it/comma","/c/en/subsection"],"weight":0.2053899999999998},"num_concepts_raised":11883},{"base_id":366,"kind":"top_words","i1":0,"i2":7,"sol":{"path":["/c/en/restatement","/c/en/legal","/c/en/accretion","/c/en/geology","/c/en/ordovician"],"weight":0.2107699999999998},"num_concepts_raised":12777},{"base_id":366,"kind":"top_words","i1":0,"i2":8,"sol":{"path":["/c/en/restatement","/c/en/legal","/c/en/execution","/c/en/decapitation"],"weight":0.2094599999999998},"num_concepts_raised":21522},{"base_id":366,"kind":"top_words","i1":0,"i2":9,"sol":{"path":["/c/en/restatement","/c/en/legal","/c/en/accretion","/c/en/geology","/c/en/paleocene"],"weight":0.21060999999999977},"num_concepts_raised":15205},{"base_id":366,"kind":"top_words","i1":1,"i2":2,"sol":{"path":["/c/en/quintal","/c/en/india","/c/en/pagri","/c/en/payment","/c/en/amortization"],"weight":0.20380999999999994},"num_concepts_raised":13300},{"base_id":366,"kind":"top_words","i1":1,"i2":3,"sol":{"path":["/c/en/quintal","/c/en/hundredweight"],"weight":0.20500000000000002},"num_concepts_raised":99},{"base_id":366,"kind":"top_words","i1":1,"i2":4,"sol":{"path":["/c/en/quintal","/c/en/historical","/c/en/dahomey","/c/en/fon"],"weight":0.2083999999999998},"num_concepts_raised":18055},{"base_id":366,"kind":"top_words","i1":1,"i2":5,"sol":{"path":["/c/en/quintal","/c/en/historical","/c/en/period","/c/en/oligocene"],"weight":0.20890999999999982},"num_concepts_raised":17309},{"base_id":366,"kind":"top_words","i1":1,"i2":6,"sol":{"path":["/c/en/quintal","/c/en/historical","/c/en/department","/c/en/subsection"],"weight":0.20378999999999975},"num_concepts_raised":15082},{"base_id":366,"kind":"top_words","i1":1,"i2":7,"sol":{"path":["/c/en/quintal","/c/en/historical","/c/en/period","/c/en/ordovician"],"weight":0.2091299999999998},"num_concepts_raised":15874},{"base_id":366,"kind":"top_words","i1":1,"i2":8,"sol":{"path":["/c/en/quintal","/c/en/historical","/c/zh/問斬","/c/en/decapitation"],"weight":0.2099099999999998},"num_concepts_raised":24601},{"base_id":366,"kind":"top_words","i1":1,"i2":9,"sol":{"path":["/c/en/quintal","/c/en/historical","/c/en/period","/c/en/paleocene"],"weight":0.20889999999999975},"num_concepts_raised":18296},{"base_id":366,"kind":"top_words","i1":2,"i2":3,"sol":{"path":["/c/en/amortization","/c/fr/amortissement","/c/fr/histoire","/c/en/hundred","/c/en/hundredweight"],"weight":0.20666999999999996},"num_concepts_raised":8747},{"base_id":366,"kind":"top_words","i1":2,"i2":4,"sol":{"path":["/c/en/amortization","/c/fr/amortissement","/c/en/disparagement","/c/en/fun","/c/en/fon"],"weight":0.21096999999999985},"num_concepts_raised":10662},{"base_id":366,"kind":"top_words","i1":2,"i2":5,"sol":{"path":["/c/en/amortization","/c/fr/amortissement","/c/fr/corniche","/c/en/geology","/c/en/oligocene"],"weight":0.21361999999999987},"num_concepts_raised":9816},{"base_id":366,"kind":"top_words","i1":2,"i2":6,"sol":{"path":["/c/en/amortization","/c/fr/amortissement","/c/fr/droit","/c/fr/subdivision","/c/en/subsection"],"weight":0.2063499999999998},"num_concepts_raised":7600},{"base_id":366,"kind":"top_words","i1":2,"i2":7,"sol":{"path":["/c/en/amortization","/c/fr/amortissement","/c/fr/corniche","/c/en/geology","/c/en/ordovician"],"weight":0.21374999999999983},"num_concepts_raised":8391},{"base_id":366,"kind":"top_words","i1":2,"i2":8,"sol":{"path":["/c/en/amortization","/c/ru/амортизация","/c/en/buffer","/c/en/politics","/c/en/decapitation"],"weight":0.21131999999999984},"num_concepts_raised":17309},{"base_id":366,"kind":"top_words","i1":2,"i2":9,"sol":{"path":["/c/en/amortization","/c/fr/amortissement","/c/fr/corniche","/c/en/geology","/c/en/paleocene"],"weight":0.21358999999999984},"num_concepts_raised":10823},{"base_id":366,"kind":"top_words","i1":3,"i2":4,"sol":{"path":["/c/en/hundredweight","/c/en/quintal","/c/en/historical","/c/en/dahomey","/c/en/fon"],"weight":0.21127999999999986},"num_concepts_raised":13620},{"base_id":366,"kind":"top_words","i1":3,"i2":5,"sol":{"path":["/c/en/hundredweight","/c/en/measure","/c/en/geology","/c/en/oligocene"],"weight":0.21161999999999986},"num_concepts_raised":12757},{"base_id":366,"kind":"top_words","i1":3,"i2":6,"sol":{"path":["/c/en/hundredweight","/c/en/hundred","/c/en/subdivision","/c/en/subsection"],"weight":0.2045399999999998},"num_concepts_raised":10504},{"base_id":366,"kind":"top_words","i1":3,"i2":7,"sol":{"path":["/c/en/hundredweight","/c/en/measure","/c/en/geology","/c/en/ordovician"],"weight":0.21174999999999983},"num_concepts_raised":11340},{"base_id":366,"kind":"top_words","i1":3,"i2":8,"sol":{"path":["/c/en/hundredweight","/c/en/weight","/c/en/body","/c/en/decapitation"],"weight":0.2115599999999998},"num_concepts_raised":20227},{"base_id":366,"kind":"top_words","i1":3,"i2":9,"sol":{"path":["/c/en/hundredweight","/c/en/measure","/c/en/geology","/c/en/paleocene"],"weight":0.21158999999999978},"num_concepts_raised":13763},{"base_id":366,"kind":"top_words","i1":4,"i2":5,"sol":{"path":["/c/en/fon","/c/en/human","/c/en/climate","/c/en/oligocene"],"weight":0.21384999999999976},"num_concepts_raised":14699},{"base_id":366,"kind":"top_words","i1":4,"i2":6,"sol":{"path":["/c/en/fon","/c/en/company","/c/en/department","/c/en/subsection"],"weight":0.2087899999999997},"num_concepts_raised":12399},{"base_id":366,"kind":"top_words","i1":4,"i2":7,"sol":{"path":["/c/en/fon","/c/en/company","/c/en/boss","/c/en/geology","/c/en/ordovician"],"weight":0.21618999999999972},"num_concepts_raised":13300},{"base_id":366,"kind":"top_words","i1":4,"i2":8,"sol":{"path":["/c/en/fon","/c/en/company","/c/en/body","/c/en/decapitation"],"weight":0.21492999999999973},"num_concepts_raised":21856},{"base_id":366,"kind":"top_words","i1":4,"i2":9,"sol":{"path":["/c/en/fon","/c/en/human","/c/en/mammal","/c/en/paleocene"],"weight":0.21385999999999972},"num_concepts_raised":15665},{"base_id":366,"kind":"top_words","i1":5,"i2":6,"sol":{"path":["/c/en/oligocene","/c/en/geology","/c/en/section","/c/en/subsection"],"weight":0.21145999999999973},"num_concepts_raised":11582},{"base_id":366,"kind":"top_words","i1":5,"i2":7,"sol":{"path":["/c/en/oligocene","/c/en/geology","/c/en/ordovician"],"weight":0.20800000000000002},"num_concepts_raised":152},{"base_id":366,"kind":"top_words","i1":5,"i2":8,"sol":{"path":["/c/en/oligocene","/c/en/period","/c/en/disease","/c/en/decapitation"],"weight":0.21538999999999975},"num_concepts_raised":21330},{"base_id":366,"kind":"top_words","i1":5,"i2":9,"sol":{"path":["/c/en/oligocene","/c/en/geology","/c/en/paleocene"],"weight":0.20800000000000002},"num_concepts_raised":142},{"base_id":366,"kind":"top_words","i1":6,"i2":7,"sol":{"path":["/c/en/subsection","/c/en/section","/c/en/geology","/c/en/ordovician"],"weight":0.2115899999999997},"num_concepts_raised":10174},{"base_id":366,"kind":"top_words","i1":6,"i2":8,"sol":{"path":["/c/en/subsection","/c/en/department","/c/en/government","/c/en/decapitation"],"weight":0.21032999999999968},"num_concepts_raised":18949},{"base_id":366,"kind":"top_words","i1":6,"i2":9,"sol":{"path":["/c/en/subsection","/c/en/section","/c/en/geology","/c/en/paleocene"],"weight":0.21142999999999967},"num_concepts_raised":12570},{"base_id":366,"kind":"top_words","i1":7,"i2":8,"sol":{"path":["/c/en/ordovician","/c/en/period","/c/en/disease","/c/en/decapitation"],"weight":0.21560999999999972},"num_concepts_raised":19943},{"base_id":366,"kind":"top_words","i1":7,"i2":9,"sol":{"path":["/c/en/ordovician","/c/en/geology","/c/en/paleocene"],"weight":0.20800000000000002},"num_concepts_raised":153},{"base_id":366,"kind":"top_words","i1":8,"i2":9,"sol":{"path":["/c/en/decapitation","/c/en/disease","/c/en/period","/c/en/paleocene"],"weight":0.21537999999999968},"num_concepts_raised":22326}]]