[[{"base_id":619,"kind":"bot_words","i1":0,"i2":1,"sol":{"path":["/c/en/plagiarist","/c/en/plagiarize","/c/en/crime","/c/en/decriminalize"],"weight":0.20456999999999997},"num_concepts_raised":3549},{"base_id":619,"kind":"bot_words","i1":0,"i2":2,"sol":{"path":["/c/en/plagiarist","/c/en/plagiarism","/c/en/piracy","/c/en/law","/c/en/legality"],"weight":0.20681999999999995},"num_concepts_raised":12843},{"base_id":619,"kind":"bot_words","i1":0,"i2":3,"sol":{"path":["/c/en/plagiarist","/c/en/author","/c/en/us","/c/fr/collant","/c/en/clingy"],"weight":0.20471999999999999},"num_concepts_raised":6157},{"base_id":619,"kind":"bot_words","i1":0,"i2":4,"sol":{"path":["/c/en/plagiarist","/c/en/plagiarize","/c/en/lift","/c/en/historical","/c/en/stasi"],"weight":0.20989999999999986},"num_concepts_raised":11906},{"base_id":619,"kind":"bot_words","i1":0,"i2":5,"sol":{"path":["/c/en/plagiarist","/c/en/plagiarism","/c/en/writing","/c/en/end","/c/en/closing"],"weight":0.20800999999999953},"num_concepts_raised":32735},{"base_id":619,"kind":"bot_words","i1":0,"i2":6,"sol":{"path":["/c/en/plagiarist","/c/en/pirate","/c/en/marble","/c/en/rock","/c/en/tuff"],"weight":0.21007999999999993},"num_concepts_raised":4830},{"base_id":619,"kind":"bot_words","i1":0,"i2":7,"sol":{"path":["/c/en/plagiarist","/c/en/pirate","/c/en/sports","/c/ru/дуатлон","/c/en/duathlon"],"weight":0.21076},"num_concepts_raised":4005},{"base_id":619,"kind":"bot_words","i1":0,"i2":8,"sol":{"path":["/c/en/plagiarist","/c/en/plagiarize","/c/en/speech","/c/en/conjunction"],"weight":0.21399999999999952},"num_concepts_raised":39402},{"base_id":619,"kind":"bot_words","i1":0,"i2":9,"sol":{"path":["/c/en/plagiarist","/c/en/author","/c/en/paper","/c/en/pulp"],"weight":0.21481999999999907},"num_concepts_raised":36585},{"base_id":619,"kind":"bot_words","i1":1,"i2":2,"sol":{"path":["/c/en/decriminalize","/c/en/legalize","/c/en/legality"],"weight":0.202},"num_concepts_raised":98},{"base_id":619,"kind":"bot_words","i1":1,"i2":3,"sol":{"path":["/c/en/decriminalize","/c/en/crime","/c/en/person","/c/en/significant_other","/c/en/clingy"],"weight":0.20286999999999994},"num_concepts_raised":5278},{"base_id":619,"kind":"bot_words","i1":1,"i2":4,"sol":{"path":["/c/en/decriminalize","/c/en/crime","/c/cy/gorfodog","/c/en/historical","/c/en/stasi"],"weight":0.2080499999999998},"num_concepts_raised":11027},{"base_id":619,"kind":"bot_words","i1":1,"i2":5,"sol":{"path":["/c/en/decriminalize","/c/en/crime","/c/en/person","/c/en/end","/c/en/closing"],"weight":0.20606999999999948},"num_concepts_raised":31850},{"base_id":619,"kind":"bot_words","i1":1,"i2":6,"sol":{"path":["/c/en/decriminalize","/c/en/crime","/c/en/person","/c/en/rock","/c/en/tuff"],"weight":0.20916999999999988},"num_concepts_raised":3949},{"base_id":619,"kind":"bot_words","i1":1,"i2":7,"sol":{"path":["/c/en/decriminalize","/c/en/crime","/c/en/run","/c/en/running","/c/en/duathlon"],"weight":0.20785999999999993},"num_concepts_raised":3119},{"base_id":619,"kind":"bot_words","i1":1,"i2":8,"sol":{"path":["/c/en/decriminalize","/c/en/crime","/c/en/act","/c/en/conjunction"],"weight":0.21219999999999944},"num_concepts_raised":38511},{"base_id":619,"kind":"bot_words","i1":1,"i2":9,"sol":{"path":["/c/en/decriminalize","/c/en/legalize","/c/en/legal","/c/en/paper","/c/en/pulp"],"weight":0.21400999999999898},"num_concepts_raised":35746},{"base_id":619,"kind":"bot_words","i1":2,"i2":3,"sol":{"path":["/c/en/legality","/c/en/legal","/c/en/derogatory","/c/en/clingy"],"weight":0.2040099999999999},"num_concepts_raised":14551},{"base_id":619,"kind":"bot_words","i1":2,"i2":4,"sol":{"path":["/c/en/legality","/c/en/citizen","/c/en/historical","/c/en/stasi"],"weight":0.20898999999999976},"num_concepts_raised":20033},{"base_id":619,"kind":"bot_words","i1":2,"i2":5,"sol":{"path":["/c/en/legality","/c/en/law","/c/en/record","/c/en/closing"],"weight":0.20659999999999945},"num_concepts_raised":40586},{"base_id":619,"kind":"bot_words","i1":2,"i2":6,"sol":{"path":["/c/en/legality","/c/en/law","/c/en/rule","/c/en/rock","/c/en/tuff"],"weight":0.21133999999999986},"num_concepts_raised":13230},{"base_id":619,"kind":"bot_words","i1":2,"i2":7,"sol":{"path":["/c/en/legality","/c/en/legal","/c/en/contest","/c/en/duathlon"],"weight":0.2089899999999999},"num_concepts_raised":12403},{"base_id":619,"kind":"bot_words","i1":2,"i2":8,"sol":{"path":["/c/en/legality","/c/en/facet_collection","/c/en/part_of_speech","/c/en/conjunction"],"weight":0.21529999999999944},"num_concepts_raised":47213},{"base_id":619,"kind":"bot_words","i1":2,"i2":9,"sol":{"path":["/c/en/legality","/c/en/legal","/c/en/paper","/c/en/pulp"],"weight":0.21519999999999895},"num_concepts_raised":44658},{"base_id":619,"kind":"bot_words","i1":3,"i2":4,"sol":{"path":["/c/en/clingy","/c/en/cling","/c/en/touch","/c/en/historical","/c/en/stasi"],"weight":0.2092199999999998},"num_concepts_raised":13578},{"base_id":619,"kind":"bot_words","i1":3,"i2":5,"sol":{"path":["/c/en/clingy","/c/fr/collant","/c/fr/forme","/c/fr/conclusion","/c/en/closing"],"weight":0.20661999999999947},"num_concepts_raised":34418},{"base_id":619,"kind":"bot_words","i1":3,"i2":6,"sol":{"path":["/c/en/clingy","/c/en/derogatory","/c/en/rock","/c/en/tuff"],"weight":0.2092899999999999},"num_concepts_raised":6530},{"base_id":619,"kind":"bot_words","i1":3,"i2":7,"sol":{"path":["/c/en/clingy","/c/en/wet_t_shirt_competition","/c/en/contest","/c/en/duathlon"],"weight":0.20793999999999993},"num_concepts_raised":5710},{"base_id":619,"kind":"bot_words","i1":3,"i2":8,"sol":{"path":["/c/en/clingy","/c/en/possessive","/c/en/grammar","/c/en/conjunction"],"weight":0.21355999999999947},"num_concepts_raised":41053},{"base_id":619,"kind":"bot_words","i1":3,"i2":9,"sol":{"path":["/c/en/clingy","/c/en/cling","/c/en/fruit","/c/en/pulp"],"weight":0.21498999999999902},"num_concepts_raised":38237},{"base_id":619,"kind":"bot_words","i1":4,"i2":5,"sol":{"path":["/c/en/stasi","/c/en/historical","/c/en/record","/c/en/closing"],"weight":0.20981999999999934},"num_concepts_raised":39948},{"base_id":619,"kind":"bot_words","i1":4,"i2":6,"sol":{"path":["/c/en/stasi","/c/en/historical","/c/en/tuft","/c/en/tuff"],"weight":0.21440999999999977},"num_concepts_raised":12284},{"base_id":619,"kind":"bot_words","i1":4,"i2":7,"sol":{"path":["/c/en/stasi","/c/en/historical","/c/en/triathlon","/c/en/biathlon","/c/en/duathlon"],"weight":0.2132299999999998},"num_concepts_raised":11458},{"base_id":619,"kind":"bot_words","i1":4,"i2":8,"sol":{"path":["/c/en/stasi","/c/en/germany","/c/en/together","/c/en/conjunction"],"weight":0.21757999999999933},"num_concepts_raised":46656},{"base_id":619,"kind":"bot_words","i1":4,"i2":9,"sol":{"path":["/c/en/stasi","/c/en/historical","/c/en/fiction","/c/en/pulp"],"weight":0.21689999999999887},"num_concepts_raised":43786},{"base_id":619,"kind":"bot_words","i1":5,"i2":6,"sol":{"path":["/c/en/closing","/c/fr/fin","/c/fr/dur","/c/fr/tuf","/c/en/tuff"],"weight":0.21311999999999948},"num_concepts_raised":33057},{"base_id":619,"kind":"bot_words","i1":5,"i2":7,"sol":{"path":["/c/en/closing","/c/en/final","/c/en/contest","/c/en/duathlon"],"weight":0.2097099999999995},"num_concepts_raised":32202},{"base_id":619,"kind":"bot_words","i1":5,"i2":8,"sol":{"path":["/c/en/closing","/c/en/close","/c/en/join","/c/en/conjunction"],"weight":0.21657999999999902},"num_concepts_raised":65776},{"base_id":619,"kind":"bot_words","i1":5,"i2":9,"sol":{"path":["/c/en/closing","/c/en/document","/c/en/paper","/c/en/pulp"],"weight":0.21581999999999857},"num_concepts_raised":63190},{"base_id":619,"kind":"bot_words","i1":6,"i2":7,"sol":{"path":["/c/en/tuff","/c/en/rock","/c/en/ground","/c/en/running","/c/en/duathlon"],"weight":0.21429999999999988},"num_concepts_raised":4378},{"base_id":619,"kind":"bot_words","i1":6,"i2":8,"sol":{"path":["/c/en/tuff","/c/en/tufa","/c/en/lime","/c/en/but","/c/en/conjunction"],"weight":0.22286999999999943},"num_concepts_raised":39732},{"base_id":619,"kind":"bot_words","i1":6,"i2":9,"sol":{"path":["/c/en/tuff","/c/en/rock","/c/en/paper","/c/en/pulp"],"weight":0.22060999999999897},"num_concepts_raised":36805},{"base_id":619,"kind":"bot_words","i1":7,"i2":8,"sol":{"path":["/c/en/duathlon","/c/fr/duathlon","/c/fr/deux","/c/fr/conjonction","/c/en/conjunction"],"weight":0.22401999999999944},"num_concepts_raised":38913},{"base_id":619,"kind":"bot_words","i1":7,"i2":9,"sol":{"path":["/c/en/duathlon","/c/en/contest","/c/en/draw","/c/en/paper","/c/en/pulp"],"weight":0.21916999999999898},"num_concepts_raised":36129},{"base_id":619,"kind":"bot_words","i1":8,"i2":9,"sol":{"path":["/c/en/conjunction","/c/en/meeting","/c/en/paper","/c/en/pulp"],"weight":0.22351999999999855},"num_concepts_raised":70046}],[{"base_id":619,"kind":"top_words","i1":0,"i2":1,"sol":{"path":["/c/en/hundredfold","/c/en/increase","/c/en/fourfold"],"weight":0.202},"num_concepts_raised":79},{"base_id":619,"kind":"top_words","i1":0,"i2":2,"sol":{"path":["/c/en/hundredfold","/c/en/multiply","/c/en/times","/c/en/sixfold"],"weight":0.20271999999999987},"num_concepts_raised":3522},{"base_id":619,"kind":"top_words","i1":0,"i2":3,"sol":{"path":["/c/en/hundredfold","/c/en/hundred","/c/en/british","/c/en/nap","/c/en/catnap"],"weight":0.20629999999999987},"num_concepts_raised":6037},{"base_id":619,"kind":"top_words","i1":0,"i2":4,"sol":{"path":["/c/en/hundredfold","/c/en/increase"],"weight":0.202},"num_concepts_raised":1327},{"base_id":619,"kind":"top_words","i1":0,"i2":5,"sol":{"path":["/c/en/hundredfold","/c/en/hundred","/c/en/bill","/c/en/pickaxe","/c/en/pickax"],"weight":0.20384999999999984},"num_concepts_raised":3426},{"base_id":619,"kind":"top_words","i1":0,"i2":6,"sol":{"path":["/c/en/hundredfold","/c/en/increase","/c/en/astronomy","/c/en/meteoroid"],"weight":0.2040699999999998},"num_concepts_raised":15040},{"base_id":619,"kind":"top_words","i1":0,"i2":7,"sol":{"path":["/c/en/hundredfold","/c/en/multiply","/c/en/quintuple","/c/en/fivefold"],"weight":0.20412999999999987},"num_concepts_raised":2729},{"base_id":619,"kind":"top_words","i1":0,"i2":8,"sol":{"path":["/c/en/hundredfold","/c/en/multiply","/c/en/breed","/c/en/toy_dog","/c/en/pekinese"],"weight":0.2027199999999999},"num_concepts_raised":2580},{"base_id":619,"kind":"top_words","i1":0,"i2":9,"sol":{"path":["/c/en/hundredfold","/c/en/increase","/c/en/tenfold"],"weight":0.202},"num_concepts_raised":63},{"base_id":619,"kind":"top_words","i1":1,"i2":2,"sol":{"path":["/c/en/fourfold","/c/en/four","/c/en/six","/c/en/sixfold"],"weight":0.2050899999999998},"num_concepts_raised":12764},{"base_id":619,"kind":"top_words","i1":1,"i2":3,"sol":{"path":["/c/en/fourfold","/c/en/four","/c/en/cat","/c/en/catnap"],"weight":0.2053899999999998},"num_concepts_raised":15269},{"base_id":619,"kind":"top_words","i1":1,"i2":4,"sol":{"path":["/c/en/fourfold","/c/en/increase"],"weight":0.202},"num_concepts_raised":1350},{"base_id":619,"kind":"top_words","i1":1,"i2":5,"sol":{"path":["/c/en/fourfold","/c/en/four","/c/en/basketball","/c/en/pick","/c/en/pickax"],"weight":0.20413999999999977},"num_concepts_raised":12703},{"base_id":619,"kind":"top_words","i1":1,"i2":6,"sol":{"path":["/c/en/fourfold","/c/en/increase","/c/en/astronomy","/c/en/meteoroid"],"weight":0.20426999999999973},"num_concepts_raised":24169},{"base_id":619,"kind":"top_words","i1":1,"i2":7,"sol":{"path":["/c/en/fourfold","/c/en/multiply","/c/en/quintuple","/c/en/fivefold"],"weight":0.20440999999999981},"num_concepts_raised":12003},{"base_id":619,"kind":"top_words","i1":1,"i2":8,"sol":{"path":["/c/en/fourfold","/c/en/four","/c/en/dog","/c/en/toy_dog","/c/en/pekinese"],"weight":0.2040499999999998},"num_concepts_raised":11862},{"base_id":619,"kind":"top_words","i1":1,"i2":9,"sol":{"path":["/c/en/fourfold","/c/en/increase","/c/en/tenfold"],"weight":0.202},"num_concepts_raised":84},{"base_id":619,"kind":"top_words","i1":2,"i2":3,"sol":{"path":["/c/en/sixfold","/c/en/sextuple","/c/en/blucher","/c/en/nap","/c/en/catnap"],"weight":0.20725999999999994},"num_concepts_raised":4814},{"base_id":619,"kind":"top_words","i1":2,"i2":4,"sol":{"path":["/c/en/sixfold","/c/en/times","/c/en/multiply","/c/en/increase"],"weight":0.22415999999999658},"num_concepts_raised":93547},{"base_id":619,"kind":"top_words","i1":2,"i2":5,"sol":{"path":["/c/en/sixfold","/c/en/sextuple","/c/en/music","/c/en/pick","/c/en/pickax"],"weight":0.2038299999999999},"num_concepts_raised":2204},{"base_id":619,"kind":"top_words","i1":2,"i2":6,"sol":{"path":["/c/en/sixfold","/c/en/six","/c/en/digit","/c/en/astronomy","/c/en/meteoroid"],"weight":0.20508999999999986},"num_concepts_raised":13824},{"base_id":619,"kind":"top_words","i1":2,"i2":7,"sol":{"path":["/c/en/sixfold","/c/en/six","/c/en/five","/c/en/quintuple","/c/en/fivefold"],"weight":0.2052299999999999},"num_concepts_raised":1506},{"base_id":619,"kind":"top_words","i1":2,"i2":8,"sol":{"path":["/c/en/sixfold","/c/en/sextate","/c/en/peak","/c/en/peke","/c/en/pekinese"],"weight":0.2036699999999999},"num_concepts_raised":1353},{"base_id":619,"kind":"top_words","i1":2,"i2":9,"sol":{"path":["/c/en/sixfold","/c/en/times","/c/en/multiply","/c/en/tenfold"],"weight":0.2028599999999999},"num_concepts_raised":3446},{"base_id":619,"kind":"top_words","i1":3,"i2":4,"sol":{"path":["/c/en/catnap","/c/en/sleep","/c/en/up","/c/en/increase"],"weight":0.22431999999999663},"num_concepts_raised":95786},{"base_id":619,"kind":"top_words","i1":3,"i2":5,"sol":{"path":["/c/en/catnap","/c/en/sleep","/c/en/plant","/c/en/pick","/c/en/pickax"],"weight":0.2043399999999999},"num_concepts_raised":4695},{"base_id":619,"kind":"top_words","i1":3,"i2":6,"sol":{"path":["/c/en/catnap","/c/en/nap","/c/en/soft","/c/en/sand","/c/en/meteoroid"],"weight":0.20735999999999988},"num_concepts_raised":16291},{"base_id":619,"kind":"top_words","i1":3,"i2":7,"sol":{"path":["/c/en/catnap","/c/en/sleep","/c/en/time","/c/hu/ötszörös","/c/en/fivefold"],"weight":0.20547999999999994},"num_concepts_raised":4008},{"base_id":619,"kind":"top_words","i1":3,"i2":8,"sol":{"path":["/c/en/catnap","/c/en/cat","/c/en/dog","/c/en/toy_dog","/c/en/pekinese"],"weight":0.20405999999999996},"num_concepts_raised":3846},{"base_id":619,"kind":"top_words","i1":3,"i2":9,"sol":{"path":["/c/en/catnap","/c/en/nap","/c/en/card","/c/en/ten","/c/en/tenfold"],"weight":0.2074199999999999},"num_concepts_raised":5955},{"base_id":619,"kind":"top_words","i1":4,"i2":5,"sol":{"path":["/c/en/increase","/c/en/getting","/c/en/pick","/c/en/pickax"],"weight":0.2205299999999966},"num_concepts_raised":93324},{"base_id":619,"kind":"top_words","i1":4,"i2":6,"sol":{"path":["/c/en/increase","/c/en/astronomy","/c/en/meteoroid"],"weight":0.202},"num_concepts_raised":1381},{"base_id":619,"kind":"top_words","i1":4,"i2":7,"sol":{"path":["/c/en/increase","/c/fr/quintuplement","/c/en/fivefold"],"weight":0.202},"num_concepts_raised":1337},{"base_id":619,"kind":"top_words","i1":4,"i2":8,"sol":{"path":["/c/en/increase","/c/en/raise","/c/en/breed","/c/en/toy_dog","/c/en/pekinese"],"weight":0.22611999999999655},"num_concepts_raised":92673},{"base_id":619,"kind":"top_words","i1":4,"i2":9,"sol":{"path":["/c/en/increase","/c/en/tenfold"],"weight":0.202},"num_concepts_raised":1333},{"base_id":619,"kind":"top_words","i1":5,"i2":6,"sol":{"path":["/c/en/pickax","/c/en/pick","/c/en/metal","/c/en/astronomy","/c/en/meteoroid"],"weight":0.20414999999999983},"num_concepts_raised":13694},{"base_id":619,"kind":"top_words","i1":5,"i2":7,"sol":{"path":["/c/en/pickax","/c/en/pick","/c/en/music","/c/hu/ötös","/c/en/fivefold"],"weight":0.20302999999999988},"num_concepts_raised":1391},{"base_id":619,"kind":"top_words","i1":5,"i2":8,"sol":{"path":["/c/en/pickax","/c/en/pickaxe","/c/es/pico","/c/en/peak","/c/en/peke","/c/en/pekinese"],"weight":0.20959859999999986},"num_concepts_raised":127173},{"base_id":619,"kind":"top_words","i1":5,"i2":9,"sol":{"path":["/c/en/pickax","/c/en/pick","/c/en/finger","/c/en/ten","/c/en/tenfold"],"weight":0.20394999999999988},"num_concepts_raised":3341},{"base_id":619,"kind":"top_words","i1":6,"i2":7,"sol":{"path":["/c/en/meteoroid","/c/en/sand","/c/en/part","/c/en/quintuple","/c/en/fivefold"],"weight":0.20518999999999984},"num_concepts_raised":13011},{"base_id":619,"kind":"top_words","i1":6,"i2":8,"sol":{"path":["/c/en/meteoroid","/c/fr/astronomie","/c/en/dog","/c/en/toy_dog","/c/en/pekinese"],"weight":0.20387999999999984},"num_concepts_raised":12850},{"base_id":619,"kind":"top_words","i1":6,"i2":9,"sol":{"path":["/c/en/meteoroid","/c/en/astronomy","/c/en/increase","/c/en/tenfold"],"weight":0.20420999999999984},"num_concepts_raised":14953},{"base_id":619,"kind":"top_words","i1":7,"i2":8,"sol":{"path":["/c/en/fivefold","/c/en/quintuple","/c/en/multiply","/c/en/breed","/c/en/toy_dog","/c/en/pekinese"],"weight":0.20772839999999992},"num_concepts_raised":52347},{"base_id":619,"kind":"top_words","i1":7,"i2":9,"sol":{"path":["/c/en/fivefold","/c/en/quintuple","/c/en/multiply","/c/en/tenfold"],"weight":0.2042699999999999},"num_concepts_raised":2647},{"base_id":619,"kind":"top_words","i1":8,"i2":9,"sol":{"path":["/c/en/pekinese","/c/en/toy_dog","/c/en/breed","/c/en/multiply","/c/en/tenfold"],"weight":0.20285999999999993},"num_concepts_raised":2498}]]