[[{"base_id":824,"kind":"bot_words","i1":0,"i2":1,"sol":{"path":["/c/en/aquarius","/c/en/fish","/c/en/fresh","/c/en/freshen"],"weight":0.21408999999999967},"num_concepts_raised":36286},{"base_id":824,"kind":"bot_words","i1":0,"i2":2,"sol":{"path":["/c/en/aquarius","/c/en/person","/c/en/force","/c/en/impulsive","/c/en/impulsiveness"],"weight":0.21514999999999987},"num_concepts_raised":23520},{"base_id":824,"kind":"bot_words","i1":0,"i2":3,"sol":{"path":["/c/en/aquarius","/c/en/age_of_aquarius","/c/en/historical","/c/en/basmachi"],"weight":0.21237999999999974},"num_concepts_raised":31420},{"base_id":824,"kind":"bot_words","i1":0,"i2":4,"sol":{"path":["/c/en/aquarius","/c/en/astrology","/c/syc/ܩܢܝܐ","/c/en/trachea","/c/en/bronchus"],"weight":0.22211999999999973},"num_concepts_raised":24546},{"base_id":824,"kind":"bot_words","i1":0,"i2":5,"sol":{"path":["/c/en/aquarius","/c/en/person","/c/en/grammar","/c/en/grammatical"],"weight":0.21638999999999936},"num_concepts_raised":42307},{"base_id":824,"kind":"bot_words","i1":0,"i2":6,"sol":{"path":["/c/en/aquarius","/c/en/sculptor","/c/en/plastic","/c/en/moulder"],"weight":0.21243999999999974},"num_concepts_raised":25485},{"base_id":824,"kind":"bot_words","i1":0,"i2":7,"sol":{"path":["/c/en/aquarius","/c/en/person","/c/en/care","/c/en/negligence"],"weight":0.22335999999999956},"num_concepts_raised":34947},{"base_id":824,"kind":"bot_words","i1":0,"i2":8,"sol":{"path":["/c/en/aquarius","/c/en/zodiac","/c/en/sun","/c/en/sunstroke"],"weight":0.21480999999999986},"num_concepts_raised":40059},{"base_id":824,"kind":"bot_words","i1":0,"i2":9,"sol":{"path":["/c/en/aquarius","/c/en/aquarium","/c/en/tank","/c/en/strong","/c/en/strengthened"],"weight":0.2158999999999997},"num_concepts_raised":24839},{"base_id":824,"kind":"bot_words","i1":1,"i2":2,"sol":{"path":["/c/en/freshen","/c/en/air","/c/en/force","/c/en/impulsive","/c/en/impulsiveness"],"weight":0.20586999999999983},"num_concepts_raised":14684},{"base_id":824,"kind":"bot_words","i1":1,"i2":3,"sol":{"path":["/c/en/freshen","/c/en/air","/c/en/historical","/c/en/basmachi"],"weight":0.2031599999999997},"num_concepts_raised":22673},{"base_id":824,"kind":"bot_words","i1":1,"i2":4,"sol":{"path":["/c/en/freshen","/c/en/air","/c/en/lung","/c/en/bronchus"],"weight":0.2104999999999997},"num_concepts_raised":15693},{"base_id":824,"kind":"bot_words","i1":1,"i2":5,"sol":{"path":["/c/en/freshen","/c/en/salty","/c/en/linguistics","/c/en/grammatical"],"weight":0.20630999999999933},"num_concepts_raised":33575},{"base_id":824,"kind":"bot_words","i1":1,"i2":6,"sol":{"path":["/c/en/freshen","/c/en/change","/c/en/decay","/c/en/moulder"],"weight":0.20327999999999968},"num_concepts_raised":16612},{"base_id":824,"kind":"bot_words","i1":1,"i2":7,"sol":{"path":["/c/en/freshen","/c/en/change","/c/en/damage","/c/en/negligence"],"weight":0.21180999999999953},"num_concepts_raised":26212},{"base_id":824,"kind":"bot_words","i1":1,"i2":8,"sol":{"path":["/c/en/freshen","/c/en/fresh","/c/en/hot","/c/en/sun","/c/en/sunstroke"],"weight":0.20643999999999985},"num_concepts_raised":31245},{"base_id":824,"kind":"bot_words","i1":1,"i2":9,"sol":{"path":["/c/en/freshen","/c/en/fresh","/c/en/strong","/c/en/strengthened"],"weight":0.20533999999999972},"num_concepts_raised":15989},{"base_id":824,"kind":"bot_words","i1":2,"i2":3,"sol":{"path":["/c/en/impulsiveness","/c/en/impulse","/c/en/lift","/c/en/historical","/c/en/basmachi"],"weight":0.20428999999999992},"num_concepts_raised":9669},{"base_id":824,"kind":"bot_words","i1":2,"i2":4,"sol":{"path":["/c/en/impulsiveness","/c/en/attention_deficit_hyperactivity_disorder","/c/en/disease","/c/en/bronchitis","/c/en/bronchus"],"weight":0.21234999999999993},"num_concepts_raised":2572},{"base_id":824,"kind":"bot_words","i1":2,"i2":5,"sol":{"path":["/c/en/impulsiveness","/c/en/impulsive","/c/en/dynamic","/c/en/grammar","/c/en/grammatical"],"weight":0.20910999999999955},"num_concepts_raised":20733},{"base_id":824,"kind":"bot_words","i1":2,"i2":6,"sol":{"path":["/c/en/impulsiveness","/c/en/impulsive","/c/en/transient","/c/en/decay","/c/en/moulder"],"weight":0.2053399999999999},"num_concepts_raised":3527},{"base_id":824,"kind":"bot_words","i1":2,"i2":7,"sol":{"path":["/c/en/impulsiveness","/c/en/unthoughtfulness","/c/ja/不注意","/c/en/negligence"],"weight":0.21173999999999976},"num_concepts_raised":13250},{"base_id":824,"kind":"bot_words","i1":2,"i2":8,"sol":{"path":["/c/en/impulsiveness","/c/en/attention_deficit_hyperactivity_disorder","/c/fr/médecine","/c/en/sunstroke"],"weight":0.20421000000000006},"num_concepts_raised":18212},{"base_id":824,"kind":"bot_words","i1":2,"i2":9,"sol":{"path":["/c/en/impulsiveness","/c/en/impulsive","/c/en/force","/c/en/strong","/c/en/strengthened"],"weight":0.20642999999999992},"num_concepts_raised":2875},{"base_id":824,"kind":"bot_words","i1":3,"i2":4,"sol":{"path":["/c/en/basmachi","/c/en/historical","/c/en/air","/c/en/lung","/c/en/bronchus"],"weight":0.2099199999999998},"num_concepts_raised":10710},{"base_id":824,"kind":"bot_words","i1":3,"i2":5,"sol":{"path":["/c/en/basmachi","/c/en/historical","/c/en/historic","/c/en/grammatical"],"weight":0.20535999999999943},"num_concepts_raised":28721},{"base_id":824,"kind":"bot_words","i1":3,"i2":6,"sol":{"path":["/c/en/basmachi","/c/en/historical","/c/en/waste","/c/en/rot","/c/en/moulder"],"weight":0.20274999999999976},"num_concepts_raised":11663},{"base_id":824,"kind":"bot_words","i1":3,"i2":7,"sol":{"path":["/c/en/basmachi","/c/en/historical","/c/en/keep","/c/en/care","/c/en/negligence"],"weight":0.21347999999999961},"num_concepts_raised":21202},{"base_id":824,"kind":"bot_words","i1":3,"i2":8,"sol":{"path":["/c/en/basmachi","/c/en/historical","/c/en/unit","/c/en/insolation","/c/en/sunstroke"],"weight":0.2048699999999999},"num_concepts_raised":26327},{"base_id":824,"kind":"bot_words","i1":3,"i2":9,"sol":{"path":["/c/en/basmachi","/c/en/historical","/c/en/horse","/c/en/strong","/c/en/strengthened"],"weight":0.20370999999999978},"num_concepts_raised":11015},{"base_id":824,"kind":"bot_words","i1":4,"i2":5,"sol":{"path":["/c/en/bronchus","/c/fr/bronche","/c/fr/air","/c/en/aspect","/c/en/grammatical"],"weight":0.2169399999999994},"num_concepts_raised":21773},{"base_id":824,"kind":"bot_words","i1":4,"i2":6,"sol":{"path":["/c/en/bronchus","/c/en/bronchitis","/c/en/disease","/c/en/rot","/c/en/moulder"],"weight":0.21206999999999976},"num_concepts_raised":4581},{"base_id":824,"kind":"bot_words","i1":4,"i2":7,"sol":{"path":["/c/en/bronchus","/c/fr/bronche","/c/en/anatomy","/c/syc/ܡܫܟܐ","/c/en/negligence"],"weight":0.2231099999999996},"num_concepts_raised":14315},{"base_id":824,"kind":"bot_words","i1":4,"i2":8,"sol":{"path":["/c/en/bronchus","/c/en/broncholith","/c/en/pathology","/c/en/sunstroke"],"weight":0.21091999999999994},"num_concepts_raised":19201},{"base_id":824,"kind":"bot_words","i1":4,"i2":9,"sol":{"path":["/c/en/bronchus","/c/en/lung","/c/en/tongue","/c/en/strong","/c/en/strengthened"],"weight":0.2110099999999998},"num_concepts_raised":3926},{"base_id":824,"kind":"bot_words","i1":5,"i2":6,"sol":{"path":["/c/en/grammatical","/c/en/recast","/c/en/mould","/c/en/moulder"],"weight":0.20539999999999942},"num_concepts_raised":22685},{"base_id":824,"kind":"bot_words","i1":5,"i2":7,"sol":{"path":["/c/en/grammatical","/c/en/sentence","/c/en/care","/c/en/negligence"],"weight":0.21627999999999922},"num_concepts_raised":32104},{"base_id":824,"kind":"bot_words","i1":5,"i2":8,"sol":{"path":["/c/en/grammatical","/c/en/linguistics","/c/en/stroke","/c/en/sunstroke"],"weight":0.20794999999999955},"num_concepts_raised":37320},{"base_id":824,"kind":"bot_words","i1":5,"i2":9,"sol":{"path":["/c/en/grammatical","/c/en/grammar","/c/en/strong","/c/en/strengthened"],"weight":0.20757999999999943},"num_concepts_raised":22044},{"base_id":824,"kind":"bot_words","i1":6,"i2":7,"sol":{"path":["/c/en/moulder","/c/en/decay","/c/en/fail","/c/en/neglect","/c/en/negligence"],"weight":0.21603999999999957},"num_concepts_raised":15224},{"base_id":824,"kind":"bot_words","i1":6,"i2":8,"sol":{"path":["/c/en/moulder","/c/en/plastic","/c/fr/médecine","/c/en/sunstroke"],"weight":0.2038099999999999},"num_concepts_raised":20204},{"base_id":824,"kind":"bot_words","i1":6,"i2":9,"sol":{"path":["/c/en/moulder","/c/en/decay","/c/en/weak","/c/en/strong","/c/en/strengthened"],"weight":0.20384999999999975},"num_concepts_raised":4874},{"base_id":824,"kind":"bot_words","i1":7,"i2":8,"sol":{"path":["/c/en/negligence","/c/en/neglect","/c/en/action","/c/en/stroke","/c/en/sunstroke"],"weight":0.21808999999999973},"num_concepts_raised":29886},{"base_id":824,"kind":"bot_words","i1":7,"i2":9,"sol":{"path":["/c/en/negligence","/c/en/neglect","/c/en/respect","/c/en/strong","/c/en/strengthened"],"weight":0.2170099999999996},"num_concepts_raised":14597},{"base_id":824,"kind":"bot_words","i1":8,"i2":9,"sol":{"path":["/c/en/sunstroke","/c/en/insolation","/c/en/energy","/c/en/strong","/c/en/strengthened"],"weight":0.20601999999999993},"num_concepts_raised":19567}],[{"base_id":824,"kind":"top_words","i1":0,"i2":1,"sol":{"path":["/c/en/perplexed","/c/en/bewildered"],"weight":0.20500000000000002},"num_concepts_raised":232},{"base_id":824,"kind":"top_words","i1":0,"i2":2,"sol":{"path":["/c/en/perplexed","/c/de/belämmert","/c/en/disheartened"],"weight":0.202},"num_concepts_raised":170},{"base_id":824,"kind":"top_words","i1":0,"i2":3,"sol":{"path":["/c/en/perplexed","/c/en/puzzled"],"weight":0.20400000000000001},"num_concepts_raised":165},{"base_id":824,"kind":"top_words","i1":0,"i2":4,"sol":{"path":["/c/en/perplexed","/c/en/person","/c/en/disgusting","/c/en/disgusted"],"weight":0.20599999999999957},"num_concepts_raised":19329},{"base_id":824,"kind":"top_words","i1":0,"i2":5,"sol":{"path":["/c/en/perplexed","/c/en/graveled","/c/en/annoyed"],"weight":0.202},"num_concepts_raised":323},{"base_id":824,"kind":"top_words","i1":0,"i2":6,"sol":{"path":["/c/en/perplexed","/c/en/nonplussed","/c/en/abashed","/c/en/dismayed"],"weight":0.20696999999999988},"num_concepts_raised":17355},{"base_id":824,"kind":"top_words","i1":0,"i2":7,"sol":{"path":["/c/en/perplexed","/c/zh/惶惑","/c/en/apprehensive"],"weight":0.202},"num_concepts_raised":230},{"base_id":824,"kind":"top_words","i1":0,"i2":8,"sol":{"path":["/c/en/perplexed","/c/en/person","/c/en/happy","/c/en/elated"],"weight":0.20688999999999963},"num_concepts_raised":19740},{"base_id":824,"kind":"top_words","i1":0,"i2":9,"sol":{"path":["/c/en/perplexed","/c/en/bewildered","/c/en/baffled"],"weight":0.20400000000000001},"num_concepts_raised":161},{"base_id":824,"kind":"top_words","i1":1,"i2":2,"sol":{"path":["/c/en/bewildered","/c/en/perplexed","/c/de/belämmert","/c/en/disheartened"],"weight":0.20676999999999945},"num_concepts_raised":5184},{"base_id":824,"kind":"top_words","i1":1,"i2":3,"sol":{"path":["/c/en/bewildered","/c/en/perplexed","/c/en/puzzled"],"weight":0.20500000000000002},"num_concepts_raised":192},{"base_id":824,"kind":"top_words","i1":1,"i2":4,"sol":{"path":["/c/en/bewildered","/c/fr/abasourdi","/c/en/flabbergasted","/c/en/disgusted"],"weight":0.20568999999999937},"num_concepts_raised":7491},{"base_id":824,"kind":"top_words","i1":1,"i2":5,"sol":{"path":["/c/en/bewildered","/c/en/perplexed","/c/en/graveled","/c/en/annoyed"],"weight":0.208749999999999},"num_concepts_raised":12697},{"base_id":824,"kind":"top_words","i1":1,"i2":6,"sol":{"path":["/c/en/bewildered","/c/en/confused","/c/en/abashed","/c/en/dismayed"],"weight":0.20604999999999968},"num_concepts_raised":5429},{"base_id":824,"kind":"top_words","i1":1,"i2":7,"sol":{"path":["/c/en/bewildered","/c/en/perplexed","/c/zh/惶惑","/c/en/apprehensive"],"weight":0.20752999999999933},"num_concepts_raised":8477},{"base_id":824,"kind":"top_words","i1":1,"i2":8,"sol":{"path":["/c/en/bewildered","/c/en/drunk","/c/en/elated"],"weight":0.202},"num_concepts_raised":232},{"base_id":824,"kind":"top_words","i1":1,"i2":9,"sol":{"path":["/c/en/bewildered","/c/en/baffled"],"weight":0.20400000000000001},"num_concepts_raised":189},{"base_id":824,"kind":"top_words","i1":2,"i2":3,"sol":{"path":["/c/en/disheartened","/c/de/belämmert","/c/en/perplexed","/c/en/puzzled"],"weight":0.20524999999999977},"num_concepts_raised":2880},{"base_id":824,"kind":"top_words","i1":2,"i2":4,"sol":{"path":["/c/en/disheartened","/c/en/discouraged","/c/en/person","/c/en/disgusting","/c/en/disgusted"],"weight":0.2069599999999996},"num_concepts_raised":4927},{"base_id":824,"kind":"top_words","i1":2,"i2":5,"sol":{"path":["/c/en/disheartened","/c/es/deshecho","/c/en/tired","/c/en/annoyed"],"weight":0.2055099999999992},"num_concepts_raised":10218},{"base_id":824,"kind":"top_words","i1":2,"i2":6,"sol":{"path":["/c/en/disheartened","/c/en/dejected","/c/la/deiectus","/c/en/dismayed"],"weight":0.20567999999999992},"num_concepts_raised":2880},{"base_id":824,"kind":"top_words","i1":2,"i2":7,"sol":{"path":["/c/en/disheartened","/c/en/discouraged","/c/en/person","/c/en/worried","/c/en/apprehensive"],"weight":0.2068499999999996},"num_concepts_raised":5914},{"base_id":824,"kind":"top_words","i1":2,"i2":8,"sol":{"path":["/c/en/disheartened","/c/en/discouraged","/c/en/person","/c/en/happy","/c/en/elated"],"weight":0.20784999999999967},"num_concepts_raised":5275},{"base_id":824,"kind":"top_words","i1":2,"i2":9,"sol":{"path":["/c/en/disheartened","/c/ka/გულგატეხილი","/c/en/baffled"],"weight":0.202},"num_concepts_raised":116},{"base_id":824,"kind":"top_words","i1":3,"i2":4,"sol":{"path":["/c/en/puzzled","/c/de/verblüfft","/c/en/flabbergasted","/c/en/disgusted"],"weight":0.20410999999999965},"num_concepts_raised":5201},{"base_id":824,"kind":"top_words","i1":3,"i2":5,"sol":{"path":["/c/en/puzzled","/c/en/graveled","/c/en/annoyed"],"weight":0.202},"num_concepts_raised":278},{"base_id":824,"kind":"top_words","i1":3,"i2":6,"sol":{"path":["/c/en/puzzled","/c/de/verdutzt","/c/it/sbigottito","/c/en/dismayed"],"weight":0.20588999999999996},"num_concepts_raised":3156},{"base_id":824,"kind":"top_words","i1":3,"i2":7,"sol":{"path":["/c/en/puzzled","/c/en/perplexed","/c/zh/惶惑","/c/en/apprehensive"],"weight":0.20598999999999962},"num_concepts_raised":6197},{"base_id":824,"kind":"top_words","i1":3,"i2":8,"sol":{"path":["/c/en/puzzled","/c/en/perplexed","/c/en/person","/c/en/happy","/c/en/elated"],"weight":0.20743999999999974},"num_concepts_raised":5561},{"base_id":824,"kind":"top_words","i1":3,"i2":9,"sol":{"path":["/c/en/puzzled","/c/en/baffled"],"weight":0.202},"num_concepts_raised":125},{"base_id":824,"kind":"top_words","i1":4,"i2":5,"sol":{"path":["/c/en/disgusted","/c/en/irritated","/c/en/annoyed"],"weight":0.203},"num_concepts_raised":279},{"base_id":824,"kind":"top_words","i1":4,"i2":6,"sol":{"path":["/c/en/disgusted","/c/en/disgust","/c/en/shock","/c/en/dismayed"],"weight":0.20592999999999984},"num_concepts_raised":5219},{"base_id":824,"kind":"top_words","i1":4,"i2":7,"sol":{"path":["/c/en/disgusted","/c/en/uncomfortable","/c/en/anxious","/c/en/apprehensive"],"weight":0.2059199999999995},"num_concepts_raised":8174},{"base_id":824,"kind":"top_words","i1":4,"i2":8,"sol":{"path":["/c/en/disgusted","/c/en/displeased","/c/en/elated"],"weight":0.203},"num_concepts_raised":174},{"base_id":824,"kind":"top_words","i1":4,"i2":9,"sol":{"path":["/c/en/disgusted","/c/en/flabbergasted","/c/fi/ymmällään","/c/en/baffled"],"weight":0.2047499999999996},"num_concepts_raised":9288},{"base_id":824,"kind":"top_words","i1":5,"i2":6,"sol":{"path":["/c/en/annoyed","/c/en/troubled","/c/fr/troublé","/c/en/dismayed"],"weight":0.20548999999999942},"num_concepts_raised":10475},{"base_id":824,"kind":"top_words","i1":5,"i2":7,"sol":{"path":["/c/en/annoyed","/c/en/troubled","/c/en/anxious","/c/en/apprehensive"],"weight":0.20785999999999907},"num_concepts_raised":13369},{"base_id":824,"kind":"top_words","i1":5,"i2":8,"sol":{"path":["/c/en/annoyed","/c/en/irritated","/c/en/displeased","/c/en/elated"],"weight":0.20798999999999918},"num_concepts_raised":12806},{"base_id":824,"kind":"top_words","i1":5,"i2":9,"sol":{"path":["/c/en/annoyed","/c/en/graveled","/c/en/baffled"],"weight":0.202},"num_concepts_raised":269},{"base_id":824,"kind":"top_words","i1":6,"i2":7,"sol":{"path":["/c/en/dismayed","/c/ka/შეშფოთებული","/c/en/apprehensive"],"weight":0.203},"num_concepts_raised":146},{"base_id":824,"kind":"top_words","i1":6,"i2":8,"sol":{"path":["/c/en/dismayed","/c/xcl/պակնում","/c/en/giddy","/c/en/elated"],"weight":0.20423999999999987},"num_concepts_raised":5598},{"base_id":824,"kind":"top_words","i1":6,"i2":9,"sol":{"path":["/c/en/dismayed","/c/it/sbigottito","/c/de/verdutzt","/c/en/baffled"],"weight":0.20556999999999992},"num_concepts_raised":7247},{"base_id":824,"kind":"top_words","i1":7,"i2":8,"sol":{"path":["/c/en/apprehensive","/c/en/anxious","/c/en/one_common_emotion","/c/en/ecstatic","/c/en/elated"],"weight":0.20763999999999955},"num_concepts_raised":8594},{"base_id":824,"kind":"top_words","i1":7,"i2":9,"sol":{"path":["/c/en/apprehensive","/c/en/fear","/c/en/confuse","/c/en/baffle","/c/en/baffled"],"weight":0.20660999999999957},"num_concepts_raised":10294},{"base_id":824,"kind":"top_words","i1":8,"i2":9,"sol":{"path":["/c/en/elated","/c/en/happy","/c/en/people","/c/en/baffled"],"weight":0.20578999999999967},"num_concepts_raised":9641}]]