[[{"base_id":98,"kind":"bot_words","i1":0,"i2":1,"sol":{"path":["/c/en/seaton","/c/en/england","/c/en/spider","/c/en/insect","/c/en/phasmatodea"],"weight":0.20809999999999967},"num_concepts_raised":122901},{"base_id":98,"kind":"bot_words","i1":0,"i2":2,"sol":{"path":["/c/en/seaton","/c/en/australia","/c/en/pipe","/c/en/meerschaum"],"weight":0.20291999999999982},"num_concepts_raised":127608},{"base_id":98,"kind":"bot_words","i1":0,"i2":3,"sol":{"path":["/c/en/seaton","/c/en/victoria","/c/en/transport","/c/en/respiratory_pigment","/c/en/hemocyanin"],"weight":0.21003999999999978},"num_concepts_raised":127904},{"base_id":98,"kind":"bot_words","i1":0,"i2":4,"sol":{"path":["/c/en/seaton","/c/en/england","/c/en/reading","/c/en/performance","/c/en/showmanship"],"weight":0.2028299999999998},"num_concepts_raised":125478},{"base_id":98,"kind":"bot_words","i1":0,"i2":5,"sol":{"path":["/c/en/seaton","/c/en/australia","/c/en/turkey","/c/en/poultry"],"weight":0.2137999999999996},"num_concepts_raised":143811},{"base_id":98,"kind":"bot_words","i1":0,"i2":6,"sol":{"path":["/c/en/seaton","/c/en/england","/c/en/street","/c/en/close","/c/en/closemouthed"],"weight":0.20437999999999984},"num_concepts_raised":123309},{"base_id":98,"kind":"bot_words","i1":0,"i2":7,"sol":{"path":["/c/en/seaton","/c/en/england","/c/en/rapid","/c/en/swift"],"weight":0.21790999999999877},"num_concepts_raised":145522},{"base_id":98,"kind":"bot_words","i1":0,"i2":8,"sol":{"path":["/c/en/seaton","/c/fr/localités","/c/en/lead","/c/en/tinfoil"],"weight":0.20318999999999993},"num_concepts_raised":125285},{"base_id":98,"kind":"bot_words","i1":0,"i2":9,"sol":{"path":["/c/en/seaton","/c/en/england","/c/en/english_language","/c/en/aleut"],"weight":0.20853999999999961},"num_concepts_raised":127541},{"base_id":98,"kind":"bot_words","i1":1,"i2":2,"sol":{"path":["/c/en/phasmatodea","/c/en/insect","/c/en/harmonia","/c/en/aphrodite","/c/en/meerschaum"],"weight":0.20926999999999973},"num_concepts_raised":9294},{"base_id":98,"kind":"bot_words","i1":1,"i2":3,"sol":{"path":["/c/en/phasmatodea","/c/en/insect","/c/en/arthropod","/c/en/hemocyanin"],"weight":0.21330999999999967},"num_concepts_raised":9537},{"base_id":98,"kind":"bot_words","i1":1,"i2":4,"sol":{"path":["/c/en/phasmatodea","/c/en/walking_stick","/c/en/leg","/c/en/stage","/c/en/showmanship"],"weight":0.2080099999999997},"num_concepts_raised":7186},{"base_id":98,"kind":"bot_words","i1":1,"i2":5,"sol":{"path":["/c/en/phasmatodea","/c/en/insect","/c/en/animal","/c/en/chicken","/c/en/poultry"],"weight":0.22187999999999947},"num_concepts_raised":26544},{"base_id":98,"kind":"bot_words","i1":1,"i2":6,"sol":{"path":["/c/en/phasmatodea","/c/en/insect","/c/en/flower","/c/en/close","/c/en/closemouthed"],"weight":0.20954999999999974},"num_concepts_raised":4986},{"base_id":98,"kind":"bot_words","i1":1,"i2":7,"sol":{"path":["/c/en/phasmatodea","/c/en/insect","/c/en/swallow","/c/en/swift"],"weight":0.21792999999999868},"num_concepts_raised":27437},{"base_id":98,"kind":"bot_words","i1":1,"i2":8,"sol":{"path":["/c/en/phasmatodea","/c/en/walking_stick","/c/en/slang","/c/en/tin","/c/en/tinfoil"],"weight":0.2096999999999998},"num_concepts_raised":7003},{"base_id":98,"kind":"bot_words","i1":1,"i2":9,"sol":{"path":["/c/en/phasmatodea","/c/en/insect","/c/en/tongue","/c/en/language","/c/en/aleut"],"weight":0.21379999999999952},"num_concepts_raised":9492},{"base_id":98,"kind":"bot_words","i1":2,"i2":3,"sol":{"path":["/c/en/meerschaum","/c/en/mineral","/c/en/copper","/c/en/hemocyanin"],"weight":0.2083199999999998},"num_concepts_raised":13783},{"base_id":98,"kind":"bot_words","i1":2,"i2":4,"sol":{"path":["/c/en/meerschaum","/c/en/aphrodite","/c/en/beauty","/c/en/quality","/c/en/showmanship"],"weight":0.20394999999999985},"num_concepts_raised":11902},{"base_id":98,"kind":"bot_words","i1":2,"i2":5,"sol":{"path":["/c/en/meerschaum","/c/en/pipe","/c/en/bird","/c/en/poultry"],"weight":0.2145299999999996},"num_concepts_raised":31267},{"base_id":98,"kind":"bot_words","i1":2,"i2":6,"sol":{"path":["/c/en/meerschaum","/c/en/mineral","/c/en/british","/c/en/close","/c/en/closemouthed"],"weight":0.2045799999999999},"num_concepts_raised":9698},{"base_id":98,"kind":"bot_words","i1":2,"i2":7,"sol":{"path":["/c/en/meerschaum","/c/en/pipe","/c/en/bird","/c/en/swift"],"weight":0.21293999999999885},"num_concepts_raised":32142},{"base_id":98,"kind":"bot_words","i1":2,"i2":8,"sol":{"path":["/c/en/meerschaum","/c/en/mineral","/c/en/tin","/c/en/tinfoil"],"weight":0.20472999999999997},"num_concepts_raised":11201},{"base_id":98,"kind":"bot_words","i1":2,"i2":9,"sol":{"path":["/c/en/meerschaum","/c/en/pipe","/c/en/language","/c/en/aleut"],"weight":0.20870999999999967},"num_concepts_raised":14194},{"base_id":98,"kind":"bot_words","i1":3,"i2":4,"sol":{"path":["/c/en/hemocyanin","/c/en/biochemistry","/c/en/dermorphin","/c/en/performance","/c/en/showmanship"],"weight":0.20806999999999978},"num_concepts_raised":12190},{"base_id":98,"kind":"bot_words","i1":3,"i2":5,"sol":{"path":["/c/en/hemocyanin","/c/en/protein","/c/en/chicken","/c/en/poultry"],"weight":0.22174999999999956},"num_concepts_raised":31544},{"base_id":98,"kind":"bot_words","i1":3,"i2":6,"sol":{"path":["/c/en/hemocyanin","/c/en/biochemistry","/c/en/zipper","/c/en/close","/c/en/closemouthed"],"weight":0.20962999999999982},"num_concepts_raised":9986},{"base_id":98,"kind":"bot_words","i1":3,"i2":7,"sol":{"path":["/c/en/hemocyanin","/c/en/respiratory_pigment","/c/en/tissue","/c/en/quick","/c/en/swift"],"weight":0.2277499999999987},"num_concepts_raised":32453},{"base_id":98,"kind":"bot_words","i1":3,"i2":8,"sol":{"path":["/c/en/hemocyanin","/c/en/copper","/c/en/tin","/c/en/tinfoil"],"weight":0.20968999999999988},"num_concepts_raised":11778},{"base_id":98,"kind":"bot_words","i1":3,"i2":9,"sol":{"path":["/c/en/hemocyanin","/c/en/biochemistry","/c/en/english_language","/c/en/aleut"],"weight":0.2137999999999996},"num_concepts_raised":14482},{"base_id":98,"kind":"bot_words","i1":4,"i2":5,"sol":{"path":["/c/en/showmanship","/c/en/skill","/c/en/slang","/c/en/chicken","/c/en/poultry"],"weight":0.21654999999999958},"num_concepts_raised":29073},{"base_id":98,"kind":"bot_words","i1":4,"i2":6,"sol":{"path":["/c/en/showmanship","/c/en/presence","/c/en/close","/c/en/closemouthed"],"weight":0.20422999999999986},"num_concepts_raised":7580},{"base_id":98,"kind":"bot_words","i1":4,"i2":7,"sol":{"path":["/c/en/showmanship","/c/en/quality","/c/en/high","/c/en/swift"],"weight":0.2124699999999988},"num_concepts_raised":29875},{"base_id":98,"kind":"bot_words","i1":4,"i2":8,"sol":{"path":["/c/en/showmanship","/c/en/quality","/c/en/silver","/c/en/tin","/c/en/tinfoil"],"weight":0.2044399999999999},"num_concepts_raised":9565},{"base_id":98,"kind":"bot_words","i1":4,"i2":9,"sol":{"path":["/c/en/showmanship","/c/en/performance","/c/en/human","/c/en/eskimo","/c/en/aleut"],"weight":0.21058999999999964},"num_concepts_raised":12072},{"base_id":98,"kind":"bot_words","i1":5,"i2":6,"sol":{"path":["/c/en/poultry","/c/en/street","/c/en/close","/c/en/closemouthed"],"weight":0.21314999999999965},"num_concepts_raised":26972},{"base_id":98,"kind":"bot_words","i1":5,"i2":7,"sol":{"path":["/c/en/poultry","/c/en/bird","/c/en/swift"],"weight":0.20700000000000002},"num_concepts_raised":635},{"base_id":98,"kind":"bot_words","i1":5,"i2":8,"sol":{"path":["/c/en/poultry","/c/en/food","/c/en/tin","/c/en/tinfoil"],"weight":0.2134999999999997},"num_concepts_raised":28879},{"base_id":98,"kind":"bot_words","i1":5,"i2":9,"sol":{"path":["/c/en/poultry","/c/en/chicken","/c/en/alaska","/c/en/aleut"],"weight":0.2221799999999994},"num_concepts_raised":31339},{"base_id":98,"kind":"bot_words","i1":6,"i2":7,"sol":{"path":["/c/en/closemouthed","/c/en/close","/c/en/fast","/c/en/swift"],"weight":0.2194199999999988},"num_concepts_raised":27836},{"base_id":98,"kind":"bot_words","i1":6,"i2":8,"sol":{"path":["/c/en/closemouthed","/c/en/reticent","/c/en/proscribed","/c/en/tinfoil"],"weight":0.20372999999999997},"num_concepts_raised":7399},{"base_id":98,"kind":"bot_words","i1":6,"i2":9,"sol":{"path":["/c/en/closemouthed","/c/en/close","/c/en/proximate","/c/en/language","/c/en/aleut"],"weight":0.21008999999999967},"num_concepts_raised":9895},{"base_id":98,"kind":"bot_words","i1":7,"i2":8,"sol":{"path":["/c/en/swift","/c/en/slash","/c/en/proscribed","/c/en/tinfoil"],"weight":0.2129799999999989},"num_concepts_raised":29772},{"base_id":98,"kind":"bot_words","i1":7,"i2":9,"sol":{"path":["/c/en/swift","/c/en/speedy","/c/en/community","/c/en/aleut"],"weight":0.2188599999999986},"num_concepts_raised":32254},{"base_id":98,"kind":"bot_words","i1":8,"i2":9,"sol":{"path":["/c/en/tinfoil","/c/en/tin","/c/en/cold","/c/en/alaska","/c/en/aleut"],"weight":0.21020999999999973},"num_concepts_raised":11907}],[{"base_id":98,"kind":"top_words","i1":0,"i2":1,"sol":{"path":["/c/en/fax","/c/en/print","/c/en/republish"],"weight":0.20400000000000001},"num_concepts_raised":207},{"base_id":98,"kind":"top_words","i1":0,"i2":2,"sol":{"path":["/c/en/fax","/c/en/head","/c/en/people","/c/en/schaghticoke"],"weight":0.21750000000000025},"num_concepts_raised":20224},{"base_id":98,"kind":"top_words","i1":0,"i2":3,"sol":{"path":["/c/en/fax","/c/en/telecommunicate","/c/en/telex"],"weight":0.20600000000000002},"num_concepts_raised":220},{"base_id":98,"kind":"top_words","i1":0,"i2":4,"sol":{"path":["/c/en/fax","/c/en/fax_machine","/c/en/work","/c/en/desk"],"weight":0.22867999999999872},"num_concepts_raised":121095},{"base_id":98,"kind":"top_words","i1":0,"i2":5,"sol":{"path":["/c/en/fax","/c/pt/fax","/c/pt/contato","/c/en/contact"],"weight":0.2355399999999986},"num_concepts_raised":56576},{"base_id":98,"kind":"top_words","i1":0,"i2":6,"sol":{"path":["/c/en/fax","/c/en/fax_machine","/c/en/office","/c/en/syndicate"],"weight":0.21793000000000012},"num_concepts_raised":33103},{"base_id":98,"kind":"top_words","i1":0,"i2":7,"sol":{"path":["/c/en/fax","/c/en/facsimile","/c/en/send","/c/en/telegram"],"weight":0.21953000000000045},"num_concepts_raised":13386},{"base_id":98,"kind":"top_words","i1":0,"i2":8,"sol":{"path":["/c/en/fax","/c/en/document","/c/en/contract","/c/en/abate"],"weight":0.2162799999999998},"num_concepts_raised":39823},{"base_id":98,"kind":"top_words","i1":0,"i2":9,"sol":{"path":["/c/en/fax","/c/en/hair","/c/en/finger","/c/en/blame","/c/en/incrimination"],"weight":0.2124400000000003},"num_concepts_raised":9318},{"base_id":98,"kind":"top_words","i1":1,"i2":2,"sol":{"path":["/c/en/republish","/c/en/distribute","/c/en/tribe","/c/en/schaghticoke"],"weight":0.20798999999999968},"num_concepts_raised":17862},{"base_id":98,"kind":"top_words","i1":1,"i2":3,"sol":{"path":["/c/en/republish","/c/en/publish","/c/en/internet","/c/en/telecommunicate","/c/en/telex"],"weight":0.20937999999999984},"num_concepts_raised":5873},{"base_id":98,"kind":"top_words","i1":1,"i2":4,"sol":{"path":["/c/en/republish","/c/en/distribute","/c/en/table","/c/en/desk"],"weight":0.21620999999999813},"num_concepts_raised":119319},{"base_id":98,"kind":"top_words","i1":1,"i2":5,"sol":{"path":["/c/en/republish","/c/en/print","/c/en/communication","/c/en/contact"],"weight":0.22238999999999803},"num_concepts_raised":54471},{"base_id":98,"kind":"top_words","i1":1,"i2":6,"sol":{"path":["/c/en/republish","/c/en/publish","/c/en/syndicate"],"weight":0.203},"num_concepts_raised":161},{"base_id":98,"kind":"top_words","i1":1,"i2":7,"sol":{"path":["/c/en/republish","/c/en/publish","/c/zh/通電","/c/en/telegram"],"weight":0.2063699999999999},"num_concepts_raised":10982},{"base_id":98,"kind":"top_words","i1":1,"i2":8,"sol":{"path":["/c/en/republish","/c/en/law","/c/en/legal","/c/en/abate"],"weight":0.20692999999999923},"num_concepts_raised":37049},{"base_id":98,"kind":"top_words","i1":1,"i2":9,"sol":{"path":["/c/en/republish","/c/en/law","/c/en/charge","/c/en/accusation","/c/en/incrimination"],"weight":0.20310999999999974},"num_concepts_raised":6846},{"base_id":98,"kind":"top_words","i1":2,"i2":3,"sol":{"path":["/c/en/schaghticoke","/c/en/people","/c/en/telephone","/c/en/teleprinter","/c/en/telex"],"weight":0.2136699999999998},"num_concepts_raised":12637},{"base_id":98,"kind":"top_words","i1":2,"i2":4,"sol":{"path":["/c/en/schaghticoke","/c/en/people","/c/en/work","/c/en/desk"],"weight":0.22052999999999812},"num_concepts_raised":125192},{"base_id":98,"kind":"top_words","i1":2,"i2":5,"sol":{"path":["/c/en/schaghticoke","/c/en/association","/c/ja/接触","/c/en/contact"],"weight":0.22958999999999796},"num_concepts_raised":60899},{"base_id":98,"kind":"top_words","i1":2,"i2":6,"sol":{"path":["/c/en/schaghticoke","/c/en/united_states","/c/en/mafia","/c/en/syndicate"],"weight":0.2105999999999995},"num_concepts_raised":36860},{"base_id":98,"kind":"top_words","i1":2,"i2":7,"sol":{"path":["/c/en/schaghticoke","/c/en/people","/c/en/telephone","/c/en/wire","/c/en/telegram"],"weight":0.21325999999999984},"num_concepts_raised":17762},{"base_id":98,"kind":"top_words","i1":2,"i2":8,"sol":{"path":["/c/en/schaghticoke","/c/en/settled","/c/en/calm","/c/en/abate"],"weight":0.21223999999999915},"num_concepts_raised":44088},{"base_id":98,"kind":"top_words","i1":2,"i2":9,"sol":{"path":["/c/en/schaghticoke","/c/en/people","/c/en/information","/c/en/accusation","/c/en/incrimination"],"weight":0.20818999999999968},"num_concepts_raised":13617},{"base_id":98,"kind":"top_words","i1":3,"i2":4,"sol":{"path":["/c/en/telex","/c/en/teleprinter","/c/en/computer","/c/en/desk"],"weight":0.21847999999999826},"num_concepts_raised":114926},{"base_id":98,"kind":"top_words","i1":3,"i2":5,"sol":{"path":["/c/en/telex","/c/en/teletypewriter","/c/en/communication","/c/en/contact"],"weight":0.22785999999999812},"num_concepts_raised":49589},{"base_id":98,"kind":"top_words","i1":3,"i2":6,"sol":{"path":["/c/en/telex","/c/fr/télex","/c/fr/système","/c/grc/συν","/c/en/syndicate"],"weight":0.21181999999999968},"num_concepts_raised":25870},{"base_id":98,"kind":"top_words","i1":3,"i2":7,"sol":{"path":["/c/en/telex","/c/zh/電傳","/c/en/send","/c/en/telegram"],"weight":0.21294999999999997},"num_concepts_raised":5721},{"base_id":98,"kind":"top_words","i1":3,"i2":8,"sol":{"path":["/c/en/telex","/c/zh/電傳","/c/en/send","/c/en/remit","/c/en/abate"],"weight":0.21529999999999933},"num_concepts_raised":32473},{"base_id":98,"kind":"top_words","i1":3,"i2":9,"sol":{"path":["/c/en/telex","/c/en/telecommunicate","/c/en/call","/c/ms/dakwaan","/c/en/incrimination"],"weight":0.20833999999999983},"num_concepts_raised":1518},{"base_id":98,"kind":"top_words","i1":4,"i2":5,"sol":{"path":["/c/en/desk","/c/en/put","/c/en/contact"],"weight":0.20600000000000002},"num_concepts_raised":1322},{"base_id":98,"kind":"top_words","i1":4,"i2":6,"sol":{"path":["/c/en/desk","/c/en/office","/c/en/syndicate"],"weight":0.203},"num_concepts_raised":841},{"base_id":98,"kind":"top_words","i1":4,"i2":7,"sol":{"path":["/c/en/desk","/c/en/cable","/c/en/telegram"],"weight":0.203},"num_concepts_raised":866},{"base_id":98,"kind":"top_words","i1":4,"i2":8,"sol":{"path":["/c/en/desk","/c/en/table","/c/en/bar","/c/en/abate"],"weight":0.2204799999999976},"num_concepts_raised":142779},{"base_id":98,"kind":"top_words","i1":4,"i2":9,"sol":{"path":["/c/en/desk","/c/en/table","/c/en/computing","/c/en/blame","/c/en/incrimination"],"weight":0.2167499999999981},"num_concepts_raised":115842},{"base_id":98,"kind":"top_words","i1":5,"i2":6,"sol":{"path":["/c/en/contact","/c/en/touch","/c/en/body","/c/en/syndicate"],"weight":0.2312599999999978},"num_concepts_raised":72622},{"base_id":98,"kind":"top_words","i1":5,"i2":7,"sol":{"path":["/c/en/contact","/c/en/touch","/c/en/stop","/c/en/telegram"],"weight":0.2323899999999981},"num_concepts_raised":54062},{"base_id":98,"kind":"top_words","i1":5,"i2":8,"sol":{"path":["/c/en/contact","/c/en/touch","/c/en/level","/c/en/abate"],"weight":0.23368999999999746},"num_concepts_raised":79205},{"base_id":98,"kind":"top_words","i1":5,"i2":9,"sol":{"path":["/c/en/contact","/c/en/call","/c/ms/dakwaan","/c/en/incrimination"],"weight":0.22015999999999802},"num_concepts_raised":50523},{"base_id":98,"kind":"top_words","i1":6,"i2":7,"sol":{"path":["/c/en/syndicate","/c/en/unit","/c/en/cable","/c/en/telegram"],"weight":0.2084399999999997},"num_concepts_raised":30783},{"base_id":98,"kind":"top_words","i1":6,"i2":8,"sol":{"path":["/c/en/syndicate","/c/en/release","/c/fi/hellittää","/c/en/abate"],"weight":0.20912999999999904},"num_concepts_raised":56339},{"base_id":98,"kind":"top_words","i1":6,"i2":9,"sol":{"path":["/c/en/syndicate","/c/en/mafia","/c/en/film","/c/en/accusation","/c/en/incrimination"],"weight":0.20554999999999954},"num_concepts_raised":26838},{"base_id":98,"kind":"top_words","i1":7,"i2":8,"sol":{"path":["/c/en/telegram","/c/en/send","/c/en/remit","/c/en/abate"],"weight":0.21029999999999935},"num_concepts_raised":37201},{"base_id":98,"kind":"top_words","i1":7,"i2":9,"sol":{"path":["/c/en/telegram","/c/en/wire","/c/en/pick","/c/en/blame","/c/en/incrimination"],"weight":0.20805999999999986},"num_concepts_raised":6730},{"base_id":98,"kind":"top_words","i1":8,"i2":9,"sol":{"path":["/c/en/abate","/c/en/legal","/c/en/accusation","/c/en/incrimination"],"weight":0.2070099999999992},"num_concepts_raised":33378}]]