[[{"base_id":106,"kind":"bot_words","i1":0,"i2":1,"sol":{"path":["/c/en/hedera","/c/en/plant","/c/en/biology","/c/fr/afférent","/c/en/afferent"],"weight":0.20993999999999974},"num_concepts_raised":10485},{"base_id":106,"kind":"bot_words","i1":0,"i2":2,"sol":{"path":["/c/en/hedera","/c/fr/lierre","/c/fr/belgique","/c/nl/rijkswacht","/c/en/gendarmerie"],"weight":0.2103799999999998},"num_concepts_raised":14624},{"base_id":106,"kind":"bot_words","i1":0,"i2":3,"sol":{"path":["/c/en/hedera","/c/en/ivy","/c/en/long","/c/en/phonetics","/c/en/pharyngeal"],"weight":0.2147599999999997},"num_concepts_raised":10885},{"base_id":106,"kind":"bot_words","i1":0,"i2":4,"sol":{"path":["/c/en/hedera","/c/en/ivy","/c/en/expensive","/c/en/mink"],"weight":0.22460999999999964},"num_concepts_raised":54941},{"base_id":106,"kind":"bot_words","i1":0,"i2":5,"sol":{"path":["/c/en/hedera","/c/en/ivy","/c/en/fast","/c/en/blitzkrieg"],"weight":0.21897999999999976},"num_concepts_raised":22850},{"base_id":106,"kind":"bot_words","i1":0,"i2":6,"sol":{"path":["/c/en/hedera","/c/en/plant","/c/en/power","/c/en/strong"],"weight":0.22818999999999656},"num_concepts_raised":146192},{"base_id":106,"kind":"bot_words","i1":0,"i2":7,"sol":{"path":["/c/en/hedera","/c/en/plant","/c/en/dialect","/c/en/woggle"],"weight":0.20856999999999987},"num_concepts_raised":14507},{"base_id":106,"kind":"bot_words","i1":0,"i2":8,"sol":{"path":["/c/en/hedera","/c/en/ivy","/c/en/tree","/c/en/solution","/c/en/decipher"],"weight":0.21484999999999976},"num_concepts_raised":16555},{"base_id":106,"kind":"bot_words","i1":0,"i2":9,"sol":{"path":["/c/en/hedera","/c/en/plant","/c/en/slang","/c/en/gargle"],"weight":0.2099899999999996},"num_concepts_raised":35646},{"base_id":106,"kind":"bot_words","i1":1,"i2":2,"sol":{"path":["/c/en/afferent","/c/fr/afférent","/c/fr/droit","/c/en/police","/c/en/gendarmerie"],"weight":0.2050999999999999},"num_concepts_raised":8642},{"base_id":106,"kind":"bot_words","i1":1,"i2":3,"sol":{"path":["/c/en/afferent","/c/fi/afferentti","/c/en/anatomy","/c/en/pharynx","/c/en/pharyngeal"],"weight":0.2075699999999998},"num_concepts_raised":4876},{"base_id":106,"kind":"bot_words","i1":1,"i2":4,"sol":{"path":["/c/en/afferent","/c/la/ferre","/c/en/bear","/c/en/fur","/c/en/mink"],"weight":0.21963999999999972},"num_concepts_raised":49330},{"base_id":106,"kind":"bot_words","i1":1,"i2":5,"sol":{"path":["/c/en/afferent","/c/en/centripetal","/c/en/moving","/c/en/fast","/c/en/blitzkrieg"],"weight":0.21149999999999985},"num_concepts_raised":16906},{"base_id":106,"kind":"bot_words","i1":1,"i2":6,"sol":{"path":["/c/en/afferent","/c/en/physiology","/c/en/virile","/c/en/strong"],"weight":0.22240999999999667},"num_concepts_raised":140487},{"base_id":106,"kind":"bot_words","i1":1,"i2":7,"sol":{"path":["/c/en/afferent","/c/en/physiology","/c/en/concentric","/c/en/ring","/c/en/woggle"],"weight":0.20343999999999995},"num_concepts_raised":8547},{"base_id":106,"kind":"bot_words","i1":1,"i2":8,"sol":{"path":["/c/en/afferent","/c/la/ad","/c/en/accord","/c/en/read","/c/en/decipher"],"weight":0.20644999999999986},"num_concepts_raised":10566},{"base_id":106,"kind":"bot_words","i1":1,"i2":9,"sol":{"path":["/c/en/afferent","/c/en/centripetal","/c/en/sensory","/c/en/sound","/c/en/gargle"],"weight":0.20785999999999968},"num_concepts_raised":29750},{"base_id":106,"kind":"bot_words","i1":2,"i2":3,"sol":{"path":["/c/en/gendarmerie","/c/en/military","/c/en/cluster","/c/en/phonetics","/c/en/pharyngeal"],"weight":0.20563999999999988},"num_concepts_raised":9043},{"base_id":106,"kind":"bot_words","i1":2,"i2":4,"sol":{"path":["/c/en/gendarmerie","/c/en/military","/c/en/fur","/c/en/mink"],"weight":0.2198899999999998},"num_concepts_raised":52988},{"base_id":106,"kind":"bot_words","i1":2,"i2":5,"sol":{"path":["/c/en/gendarmerie","/c/en/military","/c/en/blitzkrieg"],"weight":0.20400000000000001},"num_concepts_raised":145},{"base_id":106,"kind":"bot_words","i1":2,"i2":6,"sol":{"path":["/c/en/gendarmerie","/c/en/military","/c/en/strong"],"weight":0.202},"num_concepts_raised":1396},{"base_id":106,"kind":"bot_words","i1":2,"i2":7,"sol":{"path":["/c/en/gendarmerie","/c/en/military","/c/en/us","/c/en/boondoggle","/c/en/woggle"],"weight":0.20583},"num_concepts_raised":12638},{"base_id":106,"kind":"bot_words","i1":2,"i2":8,"sol":{"path":["/c/en/gendarmerie","/c/en/military","/c/en/zero","/c/en/cipher","/c/en/decipher"],"weight":0.20784999999999992},"num_concepts_raised":14682},{"base_id":106,"kind":"bot_words","i1":2,"i2":9,"sol":{"path":["/c/en/gendarmerie","/c/fr/gendarmerie","/c/fr/poulaille","/c/en/slang","/c/en/gargle"],"weight":0.20834999999999973},"num_concepts_raised":33540},{"base_id":106,"kind":"bot_words","i1":3,"i2":4,"sol":{"path":["/c/en/pharyngeal","/c/en/articulate","/c/en/animal","/c/en/mink"],"weight":0.21886999999999973},"num_concepts_raised":49691},{"base_id":106,"kind":"bot_words","i1":3,"i2":5,"sol":{"path":["/c/en/pharyngeal","/c/en/articulate","/c/en/attack","/c/en/blitz","/c/en/blitzkrieg"],"weight":0.21515999999999985},"num_concepts_raised":17294},{"base_id":106,"kind":"bot_words","i1":3,"i2":6,"sol":{"path":["/c/en/pharyngeal","/c/en/phonetics","/c/en/hard","/c/en/strong"],"weight":0.2266199999999966},"num_concepts_raised":140701},{"base_id":106,"kind":"bot_words","i1":3,"i2":7,"sol":{"path":["/c/en/pharyngeal","/c/en/phonetics","/c/en/slide","/c/en/woggle"],"weight":0.2049499999999999},"num_concepts_raised":8922},{"base_id":106,"kind":"bot_words","i1":3,"i2":8,"sol":{"path":["/c/en/pharyngeal","/c/en/articulate","/c/en/music","/c/en/cipher","/c/en/decipher"],"weight":0.20887999999999984},"num_concepts_raised":10949},{"base_id":106,"kind":"bot_words","i1":3,"i2":9,"sol":{"path":["/c/en/pharyngeal","/c/en/phonetics","/c/en/sound","/c/en/gargle"],"weight":0.20740999999999965},"num_concepts_raised":30000},{"base_id":106,"kind":"bot_words","i1":4,"i2":5,"sol":{"path":["/c/en/mink","/c/en/fur","/c/en/military","/c/en/blitzkrieg"],"weight":0.22540999999999978},"num_concepts_raised":60365},{"base_id":106,"kind":"bot_words","i1":4,"i2":6,"sol":{"path":["/c/en/mink","/c/en/slang","/c/en/strong"],"weight":0.20600000000000002},"num_concepts_raised":1496},{"base_id":106,"kind":"bot_words","i1":4,"i2":7,"sol":{"path":["/c/en/mink","/c/en/animal","/c/en/leather","/c/en/woggle"],"weight":0.21721999999999986},"num_concepts_raised":52774},{"base_id":106,"kind":"bot_words","i1":4,"i2":8,"sol":{"path":["/c/en/mink","/c/en/person","/c/en/make_sense","/c/en/decipher"],"weight":0.2168299999999998},"num_concepts_raised":55068},{"base_id":106,"kind":"bot_words","i1":4,"i2":9,"sol":{"path":["/c/en/mink","/c/en/slang","/c/en/gargle"],"weight":0.20600000000000002},"num_concepts_raised":286},{"base_id":106,"kind":"bot_words","i1":5,"i2":6,"sol":{"path":["/c/en/blitzkrieg","/c/en/military","/c/en/strong"],"weight":0.20400000000000001},"num_concepts_raised":1416},{"base_id":106,"kind":"bot_words","i1":5,"i2":7,"sol":{"path":["/c/en/blitzkrieg","/c/en/blitz","/c/en/rush","/c/en/dialect","/c/en/woggle"],"weight":0.21342},"num_concepts_raised":20801},{"base_id":106,"kind":"bot_words","i1":5,"i2":8,"sol":{"path":["/c/en/blitzkrieg","/c/en/war","/c/en/problem","/c/en/decipher"],"weight":0.21117999999999992},"num_concepts_raised":22849},{"base_id":106,"kind":"bot_words","i1":5,"i2":9,"sol":{"path":["/c/en/blitzkrieg","/c/en/air","/c/en/sound","/c/en/gargle"],"weight":0.21166999999999972},"num_concepts_raised":41164},{"base_id":106,"kind":"bot_words","i1":6,"i2":7,"sol":{"path":["/c/en/strong","/c/en/us","/c/en/boondoggle","/c/en/woggle"],"weight":0.2233699999999968},"num_concepts_raised":143525},{"base_id":106,"kind":"bot_words","i1":6,"i2":8,"sol":{"path":["/c/en/strong","/c/en/solution","/c/en/decipher"],"weight":0.202},"num_concepts_raised":1462},{"base_id":106,"kind":"bot_words","i1":6,"i2":9,"sol":{"path":["/c/en/strong","/c/en/sound","/c/en/gargle"],"weight":0.20400000000000001},"num_concepts_raised":1455},{"base_id":106,"kind":"bot_words","i1":7,"i2":8,"sol":{"path":["/c/en/woggle","/c/en/boondoggle","/c/en/activity","/c/en/read","/c/en/decipher"],"weight":0.20820999999999998},"num_concepts_raised":14566},{"base_id":106,"kind":"bot_words","i1":7,"i2":9,"sol":{"path":["/c/en/woggle","/c/en/ring","/c/en/sound","/c/en/gargle"],"weight":0.20559999999999978},"num_concepts_raised":33411},{"base_id":106,"kind":"bot_words","i1":8,"i2":9,"sol":{"path":["/c/en/decipher","/c/en/solution","/c/en/gargle"],"weight":0.202},"num_concepts_raised":252}],[{"base_id":106,"kind":"top_words","i1":0,"i2":1,"sol":{"path":["/c/en/versus","/c/en/legal","/c/en/poll","/c/en/canvasser"],"weight":0.20380999999999974},"num_concepts_raised":22681},{"base_id":106,"kind":"top_words","i1":0,"i2":2,"sol":{"path":["/c/en/versus","/c/en/convert","/c/es/marcar","/c/en/hankering"],"weight":0.20383999999999974},"num_concepts_raised":22263},{"base_id":106,"kind":"top_words","i1":0,"i2":3,"sol":{"path":["/c/en/versus","/c/en/nature","/c/en/sum","/c/en/subtotal"],"weight":0.20402999999999982},"num_concepts_raised":21934},{"base_id":106,"kind":"top_words","i1":0,"i2":4,"sol":{"path":["/c/en/versus","/c/en/quality","/c/en/success","/c/en/unsuccessfully"],"weight":0.20387999999999984},"num_concepts_raised":20826},{"base_id":106,"kind":"top_words","i1":0,"i2":5,"sol":{"path":["/c/en/versus","/c/en/legal","/c/en/available","/c/en/disposable"],"weight":0.20615999999999965},"num_concepts_raised":25790},{"base_id":106,"kind":"top_words","i1":0,"i2":6,"sol":{"path":["/c/en/versus","/c/en/action","/c/en/spring","/c/en/fountain","/c/en/fount"],"weight":0.2068299999999998},"num_concepts_raised":25571},{"base_id":106,"kind":"top_words","i1":0,"i2":7,"sol":{"path":["/c/en/versus","/c/en/convert","/c/en/sponge","/c/en/scrounge"],"weight":0.2042999999999997},"num_concepts_raised":22663},{"base_id":106,"kind":"top_words","i1":0,"i2":8,"sol":{"path":["/c/en/versus","/c/en/against","/c/en/physical","/c/en/holotype","/c/en/lectotype"],"weight":0.20642999999999986},"num_concepts_raised":22398},{"base_id":106,"kind":"top_words","i1":0,"i2":9,"sol":{"path":["/c/en/versus","/c/en/v","/c/en/sports","/c/en/mil","/c/en/milliliter"],"weight":0.20527999999999966},"num_concepts_raised":20408},{"base_id":106,"kind":"top_words","i1":1,"i2":2,"sol":{"path":["/c/en/canvasser","/c/en/vote","/c/en/divide","/c/en/yen","/c/en/hankering"],"weight":0.2039399999999998},"num_concepts_raised":5814},{"base_id":106,"kind":"top_words","i1":1,"i2":3,"sol":{"path":["/c/en/canvasser","/c/en/conducting","/c/en/intelligent_agent_activity","/c/en/subtotal"],"weight":0.20286999999999983},"num_concepts_raised":5523},{"base_id":106,"kind":"top_words","i1":1,"i2":4,"sol":{"path":["/c/en/canvasser","/c/en/election","/c/en/michigan","/c/en/success","/c/en/unsuccessfully"],"weight":0.20298999999999986},"num_concepts_raised":4349},{"base_id":106,"kind":"top_words","i1":1,"i2":5,"sol":{"path":["/c/en/canvasser","/c/en/region","/c/en/waste","/c/en/disposable"],"weight":0.20402999999999968},"num_concepts_raised":9521},{"base_id":106,"kind":"top_words","i1":1,"i2":6,"sol":{"path":["/c/en/canvasser","/c/en/election","/c/en/michigan","/c/en/fountain","/c/en/fount"],"weight":0.2055599999999998},"num_concepts_raised":9270},{"base_id":106,"kind":"top_words","i1":1,"i2":7,"sol":{"path":["/c/en/canvasser","/c/en/poll","/c/en/uk","/c/en/cadge","/c/en/scrounge"],"weight":0.2033599999999997},"num_concepts_raised":6198},{"base_id":106,"kind":"top_words","i1":1,"i2":8,"sol":{"path":["/c/en/canvasser","/c/en/election","/c/en/race","/c/en/taxonomy","/c/en/lectotype"],"weight":0.2029699999999999},"num_concepts_raised":5955},{"base_id":106,"kind":"top_words","i1":1,"i2":9,"sol":{"path":["/c/en/canvasser","/c/en/poll","/c/en/bowl","/c/en/tablespoon","/c/en/milliliter"],"weight":0.2031899999999997},"num_concepts_raised":3902},{"base_id":106,"kind":"top_words","i1":2,"i2":3,"sol":{"path":["/c/en/hankering","/c/en/longing","/c/ja/しょうけい","/c/en/subtotal"],"weight":0.20320999999999984},"num_concepts_raised":5052},{"base_id":106,"kind":"top_words","i1":2,"i2":4,"sol":{"path":["/c/en/hankering","/c/en/desire","/c/en/feeling","/c/en/success","/c/en/unsuccessfully"],"weight":0.20326999999999987},"num_concepts_raised":3859},{"base_id":106,"kind":"top_words","i1":2,"i2":5,"sol":{"path":["/c/en/hankering","/c/ga/caitheamh","/c/en/waste","/c/en/disposable"],"weight":0.20415999999999968},"num_concepts_raised":9055},{"base_id":106,"kind":"top_words","i1":2,"i2":6,"sol":{"path":["/c/en/hankering","/c/en/yen","/c/en/coin","/c/en/fountain","/c/en/fount"],"weight":0.20664999999999983},"num_concepts_raised":8823},{"base_id":106,"kind":"top_words","i1":2,"i2":7,"sol":{"path":["/c/en/hankering","/c/en/desire","/c/en/seek","/c/zh/揩油","/c/en/scrounge"],"weight":0.20360999999999974},"num_concepts_raised":5722},{"base_id":106,"kind":"top_words","i1":2,"i2":8,"sol":{"path":["/c/en/hankering","/c/en/longing","/c/en/boy","/c/en/species","/c/en/lectotype"],"weight":0.2030899999999999},"num_concepts_raised":5486},{"base_id":106,"kind":"top_words","i1":2,"i2":9,"sol":{"path":["/c/en/hankering","/c/en/desire","/c/en/two","/c/en/pint","/c/en/millilitre","/c/en/milliliter"],"weight":0.21160979999999951},"num_concepts_raised":214645},{"base_id":106,"kind":"top_words","i1":3,"i2":4,"sol":{"path":["/c/en/subtotal","/c/en/total","/c/en/profit","/c/en/successful","/c/en/unsuccessfully"],"weight":0.20525999999999994},"num_concepts_raised":3578},{"base_id":106,"kind":"top_words","i1":3,"i2":5,"sol":{"path":["/c/en/subtotal","/c/en/total","/c/my/တံ","/c/en/liquid","/c/en/disposable"],"weight":0.20732999999999974},"num_concepts_raised":8756},{"base_id":106,"kind":"top_words","i1":3,"i2":6,"sol":{"path":["/c/en/subtotal","/c/en/total","/c/en/us","/c/en/fountain","/c/en/fount"],"weight":0.2077699999999999},"num_concepts_raised":8524},{"base_id":106,"kind":"top_words","i1":3,"i2":7,"sol":{"path":["/c/en/subtotal","/c/en/total","/c/en/slang","/c/en/cadge","/c/en/scrounge"],"weight":0.20566999999999977},"num_concepts_raised":5440},{"base_id":106,"kind":"top_words","i1":3,"i2":8,"sol":{"path":["/c/en/subtotal","/c/en/total","/c/en/division","/c/en/taxonomy","/c/en/lectotype"],"weight":0.20515999999999995},"num_concepts_raised":5194},{"base_id":106,"kind":"top_words","i1":3,"i2":9,"sol":{"path":["/c/en/subtotal","/c/en/total","/c/en/us","/c/en/tablespoon","/c/en/milliliter"],"weight":0.20546999999999976},"num_concepts_raised":3128},{"base_id":106,"kind":"top_words","i1":4,"i2":5,"sol":{"path":["/c/en/unsuccessfully","/c/en/unsuccessful","/c/en/out","/c/en/available","/c/en/disposable"],"weight":0.20625999999999978},"num_concepts_raised":7590},{"base_id":106,"kind":"top_words","i1":4,"i2":6,"sol":{"path":["/c/en/unsuccessfully","/c/en/success","/c/en/michigan","/c/en/fountain","/c/en/fount"],"weight":0.2056699999999999},"num_concepts_raised":7349},{"base_id":106,"kind":"top_words","i1":4,"i2":7,"sol":{"path":["/c/en/unsuccessfully","/c/en/successful","/c/en/find","/c/it/accattare","/c/en/scrounge"],"weight":0.2034899999999998},"num_concepts_raised":4255},{"base_id":106,"kind":"top_words","i1":4,"i2":8,"sol":{"path":["/c/en/unsuccessfully","/c/en/success","/c/en/baldwin_effect","/c/en/species","/c/en/lectotype"],"weight":0.20295999999999997},"num_concepts_raised":4006},{"base_id":106,"kind":"top_words","i1":4,"i2":9,"sol":{"path":["/c/en/unsuccessfully","/c/en/success","/c/en/canada","/c/en/tablespoon","/c/en/milliliter"],"weight":0.20334999999999978},"num_concepts_raised":1941},{"base_id":106,"kind":"top_words","i1":5,"i2":6,"sol":{"path":["/c/en/disposable","/c/en/liquid","/c/en/fountain","/c/en/fount"],"weight":0.20779999999999973},"num_concepts_raised":12442},{"base_id":106,"kind":"top_words","i1":5,"i2":7,"sol":{"path":["/c/en/disposable","/c/en/item","/c/en/sponge","/c/en/scrounge"],"weight":0.20452999999999963},"num_concepts_raised":9424},{"base_id":106,"kind":"top_words","i1":5,"i2":8,"sol":{"path":["/c/en/disposable","/c/en/item","/c/en/specimen","/c/en/lectotype"],"weight":0.2040299999999998},"num_concepts_raised":9198},{"base_id":106,"kind":"top_words","i1":5,"i2":9,"sol":{"path":["/c/en/disposable","/c/en/liquid","/c/en/fluid_ounce","/c/en/milliliter"],"weight":0.20542999999999959},"num_concepts_raised":7135},{"base_id":106,"kind":"top_words","i1":6,"i2":7,"sol":{"path":["/c/en/fount","/c/en/british","/c/en/cadge","/c/en/scrounge"],"weight":0.20372999999999977},"num_concepts_raised":9180},{"base_id":106,"kind":"top_words","i1":6,"i2":8,"sol":{"path":["/c/en/fount","/c/en/typography","/c/grc/τυποσ","/c/en/lectotype"],"weight":0.20317999999999994},"num_concepts_raised":8956},{"base_id":106,"kind":"top_words","i1":6,"i2":9,"sol":{"path":["/c/en/fount","/c/en/fountain","/c/en/us","/c/en/tablespoon","/c/en/milliliter"],"weight":0.20593999999999973},"num_concepts_raised":6896},{"base_id":106,"kind":"top_words","i1":7,"i2":8,"sol":{"path":["/c/en/scrounge","/c/en/sponge","/c/en/item","/c/en/specimen","/c/en/lectotype"],"weight":0.20337999999999984},"num_concepts_raised":5865},{"base_id":106,"kind":"top_words","i1":7,"i2":9,"sol":{"path":["/c/en/scrounge","/c/en/scrooge","/c/fr/royaume_uni","/c/en/millilitre","/c/en/milliliter"],"weight":0.20593999999999962},"num_concepts_raised":3805},{"base_id":106,"kind":"top_words","i1":8,"i2":9,"sol":{"path":["/c/en/lectotype","/c/en/taxonomy","/c/en/specific","/c/en/tablespoon","/c/en/milliliter"],"weight":0.20329999999999981},"num_concepts_raised":3558}]]