[[{"base_id":57,"kind":"bot_words","i1":0,"i2":1,"sol":{"path":["/c/en/dracunculus","/c/en/plant","/c/en/hormone","/c/en/pharmacology"],"weight":0.2235599999999972},"num_concepts_raised":57460},{"base_id":57,"kind":"bot_words","i1":0,"i2":2,"sol":{"path":["/c/en/dracunculus","/c/en/plant","/c/en/factory","/c/en/russia","/c/en/abakan"],"weight":0.20785999999999977},"num_concepts_raised":13100},{"base_id":57,"kind":"bot_words","i1":0,"i2":3,"sol":{"path":["/c/en/dracunculus","/c/en/plant","/c/syc/ܛܪܦܐ","/c/en/ear_lobe","/c/en/earlobe"],"weight":0.2093599999999997},"num_concepts_raised":14629},{"base_id":57,"kind":"bot_words","i1":0,"i2":4,"sol":{"path":["/c/en/dracunculus","/c/en/fish","/c/en/sea","/c/en/lost","/c/en/indelible"],"weight":0.20869999999999989},"num_concepts_raised":15094},{"base_id":57,"kind":"bot_words","i1":0,"i2":5,"sol":{"path":["/c/en/dracunculus","/c/en/plant","/c/en/action","/c/la/abdicatio","/c/en/renunciation"],"weight":0.21007999999999977},"num_concepts_raised":15192},{"base_id":57,"kind":"bot_words","i1":0,"i2":6,"sol":{"path":["/c/en/dracunculus","/c/en/fish","/c/en/pope","/c/en/religious","/c/en/ananda"],"weight":0.2129599999999997},"num_concepts_raised":12971},{"base_id":57,"kind":"bot_words","i1":0,"i2":7,"sol":{"path":["/c/en/dracunculus","/c/en/fish","/c/en/attempt","/c/en/stab"],"weight":0.21366999999999875},"num_concepts_raised":46193},{"base_id":57,"kind":"bot_words","i1":0,"i2":8,"sol":{"path":["/c/en/dracunculus","/c/en/plant","/c/en/action","/c/en/lunge"],"weight":0.20918999999999954},"num_concepts_raised":30526},{"base_id":57,"kind":"bot_words","i1":0,"i2":9,"sol":{"path":["/c/en/dracunculus","/c/en/fish","/c/en/game","/c/en/puzzle","/c/en/cryptogram"],"weight":0.2152399999999998},"num_concepts_raised":16675},{"base_id":57,"kind":"bot_words","i1":1,"i2":2,"sol":{"path":["/c/en/pharmacology","/c/en/drug","/c/en/bromantane","/c/en/russia","/c/en/abakan"],"weight":0.2193799999999973},"num_concepts_raised":46985},{"base_id":57,"kind":"bot_words","i1":1,"i2":3,"sol":{"path":["/c/en/pharmacology","/c/en/medicine","/c/en/pulse_oximetry","/c/en/earlobe"],"weight":0.21958999999999723},"num_concepts_raised":48458},{"base_id":57,"kind":"bot_words","i1":1,"i2":4,"sol":{"path":["/c/en/pharmacology","/c/en/medicine","/c/en/efface","/c/en/indelible"],"weight":0.2200699999999974},"num_concepts_raised":48876},{"base_id":57,"kind":"bot_words","i1":1,"i2":5,"sol":{"path":["/c/en/pharmacology","/c/en/medicine","/c/en/rejection","/c/en/renunciation"],"weight":0.22074999999999728},"num_concepts_raised":48971},{"base_id":57,"kind":"bot_words","i1":1,"i2":6,"sol":{"path":["/c/en/pharmacology","/c/en/pharmacy","/c/en/mass","/c/en/religious","/c/en/ananda"],"weight":0.22579999999999723},"num_concepts_raised":46845},{"base_id":57,"kind":"bot_words","i1":1,"i2":7,"sol":{"path":["/c/en/pharmacology","/c/fr/médecine","/c/en/jab","/c/en/stab"],"weight":0.2249999999999963},"num_concepts_raised":79396},{"base_id":57,"kind":"bot_words","i1":1,"i2":8,"sol":{"path":["/c/en/pharmacology","/c/en/go","/c/en/move","/c/en/lunge"],"weight":0.2209499999999971},"num_concepts_raised":63734},{"base_id":57,"kind":"bot_words","i1":1,"i2":9,"sol":{"path":["/c/en/pharmacology","/c/en/medicine","/c/en/code","/c/en/cryptograph","/c/en/cryptogram"],"weight":0.22666999999999732},"num_concepts_raised":50437},{"base_id":57,"kind":"bot_words","i1":2,"i2":3,"sol":{"path":["/c/en/abakan","/c/he/אבקן","/c/en/botany","/c/en/auricle","/c/en/earlobe"],"weight":0.2040799999999998},"num_concepts_raised":3959},{"base_id":57,"kind":"bot_words","i1":2,"i2":4,"sol":{"path":["/c/en/abakan","/c/en/russia","/c/en/perm","/c/en/permanent","/c/en/indelible"],"weight":0.20352999999999993},"num_concepts_raised":4402},{"base_id":57,"kind":"bot_words","i1":2,"i2":5,"sol":{"path":["/c/en/abakan","/c/en/russia","/c/en/archierey","/c/en/ecclesiastical","/c/en/renunciation"],"weight":0.20385999999999985},"num_concepts_raised":4469},{"base_id":57,"kind":"bot_words","i1":2,"i2":6,"sol":{"path":["/c/en/abakan","/c/en/russia","/c/en/sabbatarian","/c/en/religious","/c/en/ananda"],"weight":0.20778999999999975},"num_concepts_raised":2236},{"base_id":57,"kind":"bot_words","i1":2,"i2":7,"sol":{"path":["/c/en/abakan","/c/en/russia","/c/en/kindjal","/c/en/dagger","/c/en/stab"],"weight":0.20877999999999883},"num_concepts_raised":35858},{"base_id":57,"kind":"bot_words","i1":2,"i2":8,"sol":{"path":["/c/en/abakan","/c/en/russia","/c/en/cosmism","/c/en/movement","/c/en/lunge"],"weight":0.20499999999999963},"num_concepts_raised":20034},{"base_id":57,"kind":"bot_words","i1":2,"i2":9,"sol":{"path":["/c/en/abakan","/c/en/russia","/c/en/cosmism","/c/en/writing","/c/en/cryptogram"],"weight":0.20794999999999986},"num_concepts_raised":5992},{"base_id":57,"kind":"bot_words","i1":3,"i2":4,"sol":{"path":["/c/en/earlobe","/c/en/ear","/c/en/head","/c/en/remove","/c/en/indelible"],"weight":0.2040999999999999},"num_concepts_raised":5967},{"base_id":57,"kind":"bot_words","i1":3,"i2":5,"sol":{"path":["/c/en/earlobe","/c/fr/lobe","/c/fr/anatomie","/c/ms/pelepasan","/c/en/renunciation"],"weight":0.20530999999999977},"num_concepts_raised":6051},{"base_id":57,"kind":"bot_words","i1":3,"i2":6,"sol":{"path":["/c/en/earlobe","/c/en/ear","/c/en/canon","/c/en/religious","/c/en/ananda"],"weight":0.2083299999999997},"num_concepts_raised":3828},{"base_id":57,"kind":"bot_words","i1":3,"i2":7,"sol":{"path":["/c/en/earlobe","/c/ceb/tuli","/c/en/pierce","/c/en/stab"],"weight":0.20849999999999877},"num_concepts_raised":37218},{"base_id":57,"kind":"bot_words","i1":3,"i2":8,"sol":{"path":["/c/en/earlobe","/c/en/body_part","/c/en/leg","/c/en/lunge"],"weight":0.20422999999999958},"num_concepts_raised":21466},{"base_id":57,"kind":"bot_words","i1":3,"i2":9,"sol":{"path":["/c/en/earlobe","/c/en/ear","/c/en/device","/c/en/cryptograph","/c/en/cryptogram"],"weight":0.21052999999999983},"num_concepts_raised":7563},{"base_id":57,"kind":"bot_words","i1":4,"i2":5,"sol":{"path":["/c/en/indelible","/c/en/remove","/c/en/invalid","/c/en/renunciation"],"weight":0.20468999999999993},"num_concepts_raised":6450},{"base_id":57,"kind":"bot_words","i1":4,"i2":6,"sol":{"path":["/c/en/indelible","/c/en/permanent","/c/en/fast","/c/en/religious","/c/en/ananda"],"weight":0.20862999999999987},"num_concepts_raised":4271},{"base_id":57,"kind":"bot_words","i1":4,"i2":7,"sol":{"path":["/c/en/indelible","/c/en/remove","/c/en/cut","/c/en/stab"],"weight":0.20867999999999892},"num_concepts_raised":37687},{"base_id":57,"kind":"bot_words","i1":4,"i2":8,"sol":{"path":["/c/en/indelible","/c/en/remove","/c/en/move","/c/en/lunge"],"weight":0.2059599999999997},"num_concepts_raised":21816},{"base_id":57,"kind":"bot_words","i1":4,"i2":9,"sol":{"path":["/c/en/indelible","/c/en/lost","/c/en/maze","/c/en/puzzle","/c/en/cryptogram"],"weight":0.21086999999999995},"num_concepts_raised":7985},{"base_id":57,"kind":"bot_words","i1":5,"i2":6,"sol":{"path":["/c/en/renunciation","/c/en/apostasy","/c/en/religion","/c/en/religious","/c/en/ananda"],"weight":0.21024999999999977},"num_concepts_raised":4312},{"base_id":57,"kind":"bot_words","i1":5,"i2":7,"sol":{"path":["/c/en/renunciation","/c/en/reject","/c/en/cut","/c/en/stab"],"weight":0.20907999999999882},"num_concepts_raised":37817},{"base_id":57,"kind":"bot_words","i1":5,"i2":8,"sol":{"path":["/c/en/renunciation","/c/la/abdicatio","/c/en/action","/c/en/lunge"],"weight":0.2062499999999996},"num_concepts_raised":21990},{"base_id":57,"kind":"bot_words","i1":5,"i2":9,"sol":{"path":["/c/en/renunciation","/c/en/relinquishment","/c/en/termination","/c/en/word","/c/en/cryptogram"],"weight":0.21133999999999986},"num_concepts_raised":8063},{"base_id":57,"kind":"bot_words","i1":6,"i2":7,"sol":{"path":["/c/en/ananda","/c/en/religious","/c/en/prod","/c/en/stab"],"weight":0.21283999999999875},"num_concepts_raised":35689},{"base_id":57,"kind":"bot_words","i1":6,"i2":8,"sol":{"path":["/c/en/ananda","/c/en/religious","/c/en/fast","/c/en/move","/c/en/lunge"],"weight":0.21023999999999954},"num_concepts_raised":19849},{"base_id":57,"kind":"bot_words","i1":6,"i2":9,"sol":{"path":["/c/en/ananda","/c/bn/আনন্দ","/c/en/fun","/c/en/puzzle","/c/en/cryptogram"],"weight":0.21514999999999979},"num_concepts_raised":5849},{"base_id":57,"kind":"bot_words","i1":7,"i2":8,"sol":{"path":["/c/en/stab","/c/en/lunge"],"weight":0.202},"num_concepts_raised":495},{"base_id":57,"kind":"bot_words","i1":7,"i2":9,"sol":{"path":["/c/en/stab","/c/en/stick","/c/en/puzzle","/c/en/cryptogram"],"weight":0.21520999999999885},"num_concepts_raised":39107},{"base_id":57,"kind":"bot_words","i1":8,"i2":9,"sol":{"path":["/c/en/lunge","/c/en/move","/c/en/writing","/c/en/cryptogram"],"weight":0.21037999999999965},"num_concepts_raised":23434}],[{"base_id":57,"kind":"top_words","i1":0,"i2":1,"sol":{"path":["/c/en/kumite","/c/en/karate","/c/fr/sport","/c/en/sailboard"],"weight":0.20789999999999986},"num_concepts_raised":7047},{"base_id":57,"kind":"top_words","i1":0,"i2":2,"sol":{"path":["/c/en/kumite","/c/en/train","/c/en/rail","/c/en/rattle","/c/en/kg"],"weight":0.2077299999999998},"num_concepts_raised":3391},{"base_id":57,"kind":"top_words","i1":0,"i2":3,"sol":{"path":["/c/en/kumite","/c/en/train","/c/en/exercise","/c/en/weightlifting"],"weight":0.2099299999999995},"num_concepts_raised":26967},{"base_id":57,"kind":"top_words","i1":0,"i2":4,"sol":{"path":["/c/en/kumite","/c/en/train","/c/en/computing","/c/en/kilo","/c/en/kilogram"],"weight":0.2262100000000002},"num_concepts_raised":16712},{"base_id":57,"kind":"top_words","i1":0,"i2":5,"sol":{"path":["/c/en/kumite","/c/en/train","/c/en/slang","/c/en/snatch"],"weight":0.21168999999999888},"num_concepts_raised":42613},{"base_id":57,"kind":"top_words","i1":0,"i2":6,"sol":{"path":["/c/en/kumite","/c/en/karate","/c/fr/sport","/c/en/windsurfer"],"weight":0.2079899999999998},"num_concepts_raised":8413},{"base_id":57,"kind":"top_words","i1":0,"i2":7,"sol":{"path":["/c/en/kumite","/c/en/karate","/c/en/chop","/c/en/wind","/c/en/mistral"],"weight":0.21318999999999982},"num_concepts_raised":5432},{"base_id":57,"kind":"top_words","i1":0,"i2":8,"sol":{"path":["/c/en/kumite","/c/en/train","/c/en/slang","/c/en/weight","/c/en/flyweight"],"weight":0.20786999999999978},"num_concepts_raised":13505},{"base_id":57,"kind":"top_words","i1":0,"i2":9,"sol":{"path":["/c/en/kumite","/c/en/adversary","/c/en/competitor","/c/en/bantamweight"],"weight":0.20775999999999983},"num_concepts_raised":4284},{"base_id":57,"kind":"top_words","i1":1,"i2":2,"sol":{"path":["/c/en/sailboard","/c/en/sail","/c/en/large","/c/ota/چكی","/c/en/kg"],"weight":0.20489999999999992},"num_concepts_raised":6111},{"base_id":57,"kind":"top_words","i1":1,"i2":3,"sol":{"path":["/c/en/sailboard","/c/en/sail","/c/en/sport","/c/en/weightlifting"],"weight":0.20683999999999964},"num_concepts_raised":29126},{"base_id":57,"kind":"top_words","i1":1,"i2":4,"sol":{"path":["/c/en/sailboard","/c/fr/sport","/c/fr/physique","/c/fr/kilogramme","/c/en/kilogram"],"weight":0.2217900000000003},"num_concepts_raised":19345},{"base_id":57,"kind":"top_words","i1":1,"i2":5,"sol":{"path":["/c/en/sailboard","/c/en/sail","/c/en/catch","/c/en/snatch"],"weight":0.210369999999999},"num_concepts_raised":45086},{"base_id":57,"kind":"top_words","i1":1,"i2":6,"sol":{"path":["/c/en/sailboard","/c/en/windsurfer"],"weight":0.202},"num_concepts_raised":50},{"base_id":57,"kind":"top_words","i1":1,"i2":7,"sol":{"path":["/c/en/sailboard","/c/en/sail","/c/en/wind","/c/en/mistral"],"weight":0.2103899999999999},"num_concepts_raised":8111},{"base_id":57,"kind":"top_words","i1":1,"i2":8,"sol":{"path":["/c/en/sailboard","/c/fr/sport","/c/fr/boxe","/c/en/flyweight"],"weight":0.2029299999999999},"num_concepts_raised":16089},{"base_id":57,"kind":"top_words","i1":1,"i2":9,"sol":{"path":["/c/en/sailboard","/c/fr/sport","/c/en/wrestler","/c/en/bantamweight"],"weight":0.20291999999999993},"num_concepts_raised":7008},{"base_id":57,"kind":"top_words","i1":2,"i2":3,"sol":{"path":["/c/en/kg","/c/en/kilogram","/c/en/weight","/c/en/weightlifting"],"weight":0.20694999999999958},"num_concepts_raised":26119},{"base_id":57,"kind":"top_words","i1":2,"i2":4,"sol":{"path":["/c/en/kg","/c/en/kilogram"],"weight":0.20600000000000002},"num_concepts_raised":281},{"base_id":57,"kind":"top_words","i1":2,"i2":5,"sol":{"path":["/c/en/kg","/c/ru/пуд","/c/en/slang","/c/en/snatch"],"weight":0.20660999999999893},"num_concepts_raised":41674},{"base_id":57,"kind":"top_words","i1":2,"i2":6,"sol":{"path":["/c/en/kg","/c/ru/пуд","/c/en/kettlebell","/c/fr/sport","/c/en/windsurfer"],"weight":0.20290999999999987},"num_concepts_raised":7489},{"base_id":57,"kind":"top_words","i1":2,"i2":7,"sol":{"path":["/c/en/kg","/c/en/batman","/c/fr/officier","/c/fr/mistral","/c/en/mistral"],"weight":0.21009999999999984},"num_concepts_raised":4474},{"base_id":57,"kind":"top_words","i1":2,"i2":8,"sol":{"path":["/c/en/kg","/c/en/kilogram","/c/en/flyweight"],"weight":0.203},"num_concepts_raised":58},{"base_id":57,"kind":"top_words","i1":2,"i2":9,"sol":{"path":["/c/en/kg","/c/en/kilogram","/c/en/weight","/c/en/bantamweight"],"weight":0.2039699999999999},"num_concepts_raised":3296},{"base_id":57,"kind":"top_words","i1":3,"i2":4,"sol":{"path":["/c/en/weightlifting","/c/en/weight","/c/en/kilogram"],"weight":0.20600000000000002},"num_concepts_raised":402},{"base_id":57,"kind":"top_words","i1":3,"i2":5,"sol":{"path":["/c/en/weightlifting","/c/en/snatch"],"weight":0.20500000000000002},"num_concepts_raised":479},{"base_id":57,"kind":"top_words","i1":3,"i2":6,"sol":{"path":["/c/en/weightlifting","/c/en/sport","/c/en/windsurfing","/c/en/windsurfer"],"weight":0.20694999999999958},"num_concepts_raised":30549},{"base_id":57,"kind":"top_words","i1":3,"i2":7,"sol":{"path":["/c/en/weightlifting","/c/en/clean","/c/en/weapon","/c/en/mistral"],"weight":0.20984999999999956},"num_concepts_raised":28080},{"base_id":57,"kind":"top_words","i1":3,"i2":8,"sol":{"path":["/c/en/weightlifting","/c/en/weight","/c/en/flyweight"],"weight":0.203},"num_concepts_raised":175},{"base_id":57,"kind":"top_words","i1":3,"i2":9,"sol":{"path":["/c/en/weightlifting","/c/en/weight","/c/en/bantamweight"],"weight":0.203},"num_concepts_raised":166},{"base_id":57,"kind":"top_words","i1":4,"i2":5,"sol":{"path":["/c/en/kilogram","/c/en/kilo","/c/en/kip","/c/en/snatch"],"weight":0.22496999999999934},"num_concepts_raised":54531},{"base_id":57,"kind":"top_words","i1":4,"i2":6,"sol":{"path":["/c/en/kilogram","/c/fr/kilogramme","/c/fr/physique","/c/fr/sport","/c/en/windsurfer"],"weight":0.22188000000000024},"num_concepts_raised":20751},{"base_id":57,"kind":"top_words","i1":4,"i2":7,"sol":{"path":["/c/en/kilogram","/c/en/stone","/c/en/weapon","/c/en/mistral"],"weight":0.21935000000000027},"num_concepts_raised":17765},{"base_id":57,"kind":"top_words","i1":4,"i2":8,"sol":{"path":["/c/en/kilogram","/c/en/flyweight"],"weight":0.20400000000000001},"num_concepts_raised":291},{"base_id":57,"kind":"top_words","i1":4,"i2":9,"sol":{"path":["/c/en/kilogram","/c/en/weight","/c/en/bantamweight"],"weight":0.20500000000000002},"num_concepts_raised":282},{"base_id":57,"kind":"top_words","i1":5,"i2":6,"sol":{"path":["/c/en/snatch","/c/en/catch","/c/fr/sport","/c/en/windsurfer"],"weight":0.20834999999999895},"num_concepts_raised":46484},{"base_id":57,"kind":"top_words","i1":5,"i2":7,"sol":{"path":["/c/en/snatch","/c/en/slang","/c/en/wind","/c/en/mistral"],"weight":0.21206999999999893},"num_concepts_raised":43606},{"base_id":57,"kind":"top_words","i1":5,"i2":8,"sol":{"path":["/c/en/snatch","/c/en/weightlifting","/c/en/weight","/c/en/flyweight"],"weight":0.20772999999999892},"num_concepts_raised":51226},{"base_id":57,"kind":"top_words","i1":5,"i2":9,"sol":{"path":["/c/en/snatch","/c/en/weightlifting","/c/en/weight","/c/en/bantamweight"],"weight":0.207709999999999},"num_concepts_raised":42510},{"base_id":57,"kind":"top_words","i1":6,"i2":7,"sol":{"path":["/c/en/windsurfer","/c/en/wind","/c/en/mistral"],"weight":0.20400000000000001},"num_concepts_raised":78},{"base_id":57,"kind":"top_words","i1":6,"i2":8,"sol":{"path":["/c/en/windsurfer","/c/fr/sport","/c/fr/boxe","/c/en/flyweight"],"weight":0.20301999999999984},"num_concepts_raised":17474},{"base_id":57,"kind":"top_words","i1":6,"i2":9,"sol":{"path":["/c/en/windsurfer","/c/fr/sport","/c/en/wrestler","/c/en/bantamweight"],"weight":0.2030299999999999},"num_concepts_raised":8366},{"base_id":57,"kind":"top_words","i1":7,"i2":8,"sol":{"path":["/c/en/mistral","/c/en/wind","/c/en/light","/c/en/flyweight"],"weight":0.2082299999999998},"num_concepts_raised":14543},{"base_id":57,"kind":"top_words","i1":7,"i2":9,"sol":{"path":["/c/en/mistral","/c/en/weapon","/c/en/boxer","/c/en/bantamweight"],"weight":0.2081799999999999},"num_concepts_raised":5379},{"base_id":57,"kind":"top_words","i1":8,"i2":9,"sol":{"path":["/c/en/flyweight","/c/en/bantamweight"],"weight":0.202},"num_concepts_raised":53}]]