[[{"base_id":961,"kind":"bot_words","i1":0,"i2":1,"sol":{"path":["/c/en/sacerdotal","/c/en/religion","/c/en/archdevil","/c/en/dormant","/c/en/dormition"],"weight":0.20396999999999996},"num_concepts_raised":9066},{"base_id":961,"kind":"bot_words","i1":0,"i2":2,"sol":{"path":["/c/en/sacerdotal","/c/en/religion","/c/en/prejudice","/c/en/pride","/c/en/proud"],"weight":0.21176999999999951},"num_concepts_raised":17767},{"base_id":961,"kind":"bot_words","i1":0,"i2":3,"sol":{"path":["/c/en/sacerdotal","/c/en/religion","/c/en/miracle","/c/en/marvel"],"weight":0.20574999999999938},"num_concepts_raised":18603},{"base_id":961,"kind":"bot_words","i1":0,"i2":4,"sol":{"path":["/c/en/sacerdotal","/c/en/religion","/c/en/crown","/c/en/royal"],"weight":0.21286999999999845},"num_concepts_raised":81738},{"base_id":961,"kind":"bot_words","i1":0,"i2":5,"sol":{"path":["/c/en/sacerdotal","/c/en/religion","/c/en/bishop","/c/en/developed"],"weight":0.2040499999999998},"num_concepts_raised":11483},{"base_id":961,"kind":"bot_words","i1":0,"i2":6,"sol":{"path":["/c/en/sacerdotal","/c/en/religion","/c/en/hindu","/c/en/vermilion","/c/en/vermillion"],"weight":0.2052599999999999},"num_concepts_raised":9439},{"base_id":961,"kind":"bot_words","i1":0,"i2":7,"sol":{"path":["/c/en/sacerdotal","/c/en/religion","/c/en/denomination","/c/en/dunker"],"weight":0.2027799999999999},"num_concepts_raised":6322},{"base_id":961,"kind":"bot_words","i1":0,"i2":8,"sol":{"path":["/c/en/sacerdotal","/c/en/religion","/c/fr/barrette","/c/en/brooch"],"weight":0.20528000000000002},"num_concepts_raised":8627},{"base_id":961,"kind":"bot_words","i1":0,"i2":9,"sol":{"path":["/c/en/sacerdotal","/c/en/religion","/c/en/washing","/c/en/linen","/c/en/linseed"],"weight":0.20355999999999996},"num_concepts_raised":4446},{"base_id":961,"kind":"bot_words","i1":1,"i2":2,"sol":{"path":["/c/en/dormition","/c/en/august","/c/en/noble","/c/en/proud"],"weight":0.20917999999999948},"num_concepts_raised":20503},{"base_id":961,"kind":"bot_words","i1":1,"i2":3,"sol":{"path":["/c/en/dormition","/c/en/assumption","/c/en/miracle","/c/en/marvel"],"weight":0.20575999999999936},"num_concepts_raised":21367},{"base_id":961,"kind":"bot_words","i1":1,"i2":4,"sol":{"path":["/c/en/dormition","/c/en/august","/c/en/noble","/c/en/royal"],"weight":0.2149799999999984},"num_concepts_raised":84227},{"base_id":961,"kind":"bot_words","i1":1,"i2":5,"sol":{"path":["/c/en/dormition","/c/en/dormitory","/c/en/building","/c/en/develop","/c/en/developed"],"weight":0.20536999999999977},"num_concepts_raised":14298},{"base_id":961,"kind":"bot_words","i1":1,"i2":6,"sol":{"path":["/c/en/dormition","/c/en/capitalized","/c/en/red","/c/en/vermillion"],"weight":0.20327999999999985},"num_concepts_raised":12253},{"base_id":961,"kind":"bot_words","i1":1,"i2":7,"sol":{"path":["/c/en/dormition","/c/en/sleep","/c/en/time","/c/en/biscuit","/c/en/dunker"],"weight":0.2028899999999999},"num_concepts_raised":9286},{"base_id":961,"kind":"bot_words","i1":1,"i2":8,"sol":{"path":["/c/en/dormition","/c/en/dormitive","/c/en/medicine","/c/en/pin","/c/en/brooch"],"weight":0.20799},"num_concepts_raised":11438},{"base_id":961,"kind":"bot_words","i1":1,"i2":9,"sol":{"path":["/c/en/dormition","/c/en/sleep","/c/en/plant","/c/en/flax","/c/en/linseed"],"weight":0.20484999999999992},"num_concepts_raised":7269},{"base_id":961,"kind":"bot_words","i1":2,"i2":3,"sol":{"path":["/c/en/proud","/c/en/glory","/c/en/wonder","/c/en/marvel"],"weight":0.21573999999999888},"num_concepts_raised":29695},{"base_id":961,"kind":"bot_words","i1":2,"i2":4,"sol":{"path":["/c/en/proud","/c/en/noble","/c/en/royal"],"weight":0.20500000000000002},"num_concepts_raised":1007},{"base_id":961,"kind":"bot_words","i1":2,"i2":5,"sol":{"path":["/c/en/proud","/c/en/high","/c/en/advanced","/c/en/developed"],"weight":0.21063999999999933},"num_concepts_raised":22824},{"base_id":961,"kind":"bot_words","i1":2,"i2":6,"sol":{"path":["/c/en/proud","/c/en/pride","/c/en/cardinal","/c/en/red","/c/en/vermillion"],"weight":0.21218999999999943},"num_concepts_raised":20887},{"base_id":961,"kind":"bot_words","i1":2,"i2":7,"sol":{"path":["/c/en/proud","/c/en/high","/c/en/denomination","/c/en/dunker"],"weight":0.20919999999999944},"num_concepts_raised":17907},{"base_id":961,"kind":"bot_words","i1":2,"i2":8,"sol":{"path":["/c/en/proud","/c/en/stay","/c/en/clasp","/c/en/brooch"],"weight":0.21171999999999958},"num_concepts_raised":20023},{"base_id":961,"kind":"bot_words","i1":2,"i2":9,"sol":{"path":["/c/en/proud","/c/en/high","/c/en/oil","/c/en/flax","/c/en/linseed"],"weight":0.21121999999999952},"num_concepts_raised":15968},{"base_id":961,"kind":"bot_words","i1":3,"i2":4,"sol":{"path":["/c/en/marvel","/c/en/wonder","/c/en/uk","/c/en/royal"],"weight":0.2178299999999978},"num_concepts_raised":92378},{"base_id":961,"kind":"bot_words","i1":3,"i2":5,"sol":{"path":["/c/en/marvel","/c/en/book","/c/en/city","/c/en/developed"],"weight":0.2062899999999992},"num_concepts_raised":23657},{"base_id":961,"kind":"bot_words","i1":3,"i2":6,"sol":{"path":["/c/en/marvel","/c/en/wonder","/c/en/uk","/c/en/red","/c/en/vermillion"],"weight":0.21000999999999925},"num_concepts_raised":21727},{"base_id":961,"kind":"bot_words","i1":3,"i2":7,"sol":{"path":["/c/en/marvel","/c/en/wonder","/c/en/uk","/c/en/tea","/c/en/dunker"],"weight":0.20952999999999927},"num_concepts_raised":18759},{"base_id":961,"kind":"bot_words","i1":3,"i2":8,"sol":{"path":["/c/en/marvel","/c/te/చిత్తరువు","/c/en/painting","/c/en/brooch"],"weight":0.20753999999999945},"num_concepts_raised":20873},{"base_id":961,"kind":"bot_words","i1":3,"i2":9,"sol":{"path":["/c/en/marvel","/c/en/splendor","/c/hi/उमा","/c/en/linseed"],"weight":0.20572999999999936},"num_concepts_raised":16815},{"base_id":961,"kind":"bot_words","i1":4,"i2":5,"sol":{"path":["/c/en/royal","/c/en/king","/c/en/bishop","/c/en/developed"],"weight":0.21458999999999828},"num_concepts_raised":86173},{"base_id":961,"kind":"bot_words","i1":4,"i2":6,"sol":{"path":["/c/en/royal","/c/en/blue","/c/en/red","/c/en/vermillion"],"weight":0.21271999999999835},"num_concepts_raised":84419},{"base_id":961,"kind":"bot_words","i1":4,"i2":7,"sol":{"path":["/c/en/royal","/c/en/title","/c/en/denomination","/c/en/dunker"],"weight":0.21244999999999836},"num_concepts_raised":81678},{"base_id":961,"kind":"bot_words","i1":4,"i2":8,"sol":{"path":["/c/en/royal","/c/en/staple","/c/fr/broche","/c/en/brooch"],"weight":0.2169599999999985},"num_concepts_raised":83635},{"base_id":961,"kind":"bot_words","i1":4,"i2":9,"sol":{"path":["/c/en/royal","/c/en/paper","/c/en/linen","/c/en/linseed"],"weight":0.21184999999999843},"num_concepts_raised":80033},{"base_id":961,"kind":"bot_words","i1":5,"i2":6,"sol":{"path":["/c/en/developed","/c/en/modern","/c/en/red","/c/en/vermillion"],"weight":0.2044499999999997},"num_concepts_raised":14482},{"base_id":961,"kind":"bot_words","i1":5,"i2":7,"sol":{"path":["/c/en/developed","/c/en/city","/c/en/tea","/c/en/dunker"],"weight":0.20399999999999974},"num_concepts_raised":11665},{"base_id":961,"kind":"bot_words","i1":5,"i2":8,"sol":{"path":["/c/en/developed","/c/en/advanced","/c/fr/pointe","/c/fr/broche","/c/en/brooch"],"weight":0.21011999999999986},"num_concepts_raised":13830},{"base_id":961,"kind":"bot_words","i1":5,"i2":9,"sol":{"path":["/c/en/developed","/c/en/full_grown","/c/en/seed","/c/en/flaxseed","/c/en/linseed"],"weight":0.20613999999999977},"num_concepts_raised":9700},{"base_id":961,"kind":"bot_words","i1":6,"i2":7,"sol":{"path":["/c/en/vermillion","/c/en/south_dakota","/c/en/tea","/c/en/dunker"],"weight":0.2029899999999998},"num_concepts_raised":9625},{"base_id":961,"kind":"bot_words","i1":6,"i2":8,"sol":{"path":["/c/en/vermillion","/c/en/red","/c/en/sepia","/c/en/brooch"],"weight":0.20573999999999995},"num_concepts_raised":11767},{"base_id":961,"kind":"bot_words","i1":6,"i2":9,"sol":{"path":["/c/en/vermillion","/c/en/lake","/c/en/linen","/c/en/linseed"],"weight":0.20375999999999986},"num_concepts_raised":7617},{"base_id":961,"kind":"bot_words","i1":7,"i2":8,"sol":{"path":["/c/en/dunker","/c/en/biscuit","/c/fr/cuisine","/c/fr/broche","/c/en/brooch"],"weight":0.20872999999999997},"num_concepts_raised":8823},{"base_id":961,"kind":"bot_words","i1":7,"i2":9,"sol":{"path":["/c/en/dunker","/c/en/tea","/c/en/oil","/c/en/flax","/c/en/linseed"],"weight":0.20472999999999988},"num_concepts_raised":4652},{"base_id":961,"kind":"bot_words","i1":8,"i2":9,"sol":{"path":["/c/en/brooch","/c/fr/broche","/c/fr/méchoir","/c/fr/lin","/c/en/linseed"],"weight":0.20956000000000002},"num_concepts_raised":6786}],[{"base_id":961,"kind":"top_words","i1":0,"i2":1,"sol":{"path":["/c/en/lepoglava","/c/en/city","/c/en/town","/c/en/ahaus"],"weight":0.21278999999999976},"num_concepts_raised":5642},{"base_id":961,"kind":"top_words","i1":0,"i2":2,"sol":{"path":["/c/en/lepoglava","/c/en/city","/c/en/cemetery","/c/en/genizah"],"weight":0.20784999999999978},"num_concepts_raised":10139},{"base_id":961,"kind":"top_words","i1":0,"i2":3,"sol":{"path":["/c/en/lepoglava","/c/en/city","/c/en/bunkyō"],"weight":0.20600000000000002},"num_concepts_raised":75},{"base_id":961,"kind":"top_words","i1":0,"i2":4,"sol":{"path":["/c/en/lepoglava","/c/en/croatia","/c/en/jastrebarsko"],"weight":0.20600000000000002},"num_concepts_raised":52},{"base_id":961,"kind":"top_words","i1":0,"i2":5,"sol":{"path":["/c/en/lepoglava","/c/en/city","/c/en/country","/c/en/south_africa","/c/en/shebeen"],"weight":0.20776999999999982},"num_concepts_raised":9266},{"base_id":961,"kind":"top_words","i1":0,"i2":6,"sol":{"path":["/c/en/lepoglava","/c/en/city","/c/en/mtskheta"],"weight":0.20600000000000002},"num_concepts_raised":79},{"base_id":961,"kind":"top_words","i1":0,"i2":7,"sol":{"path":["/c/en/lepoglava","/c/en/city","/c/en/capital","/c/en/pretoria"],"weight":0.20813999999999988},"num_concepts_raised":6407},{"base_id":961,"kind":"top_words","i1":0,"i2":8,"sol":{"path":["/c/en/lepoglava","/c/en/city","/c/en/country","/c/en/greece","/c/en/nemea"],"weight":0.2128899999999998},"num_concepts_raised":4843},{"base_id":961,"kind":"top_words","i1":0,"i2":9,"sol":{"path":["/c/en/lepoglava","/c/en/city","/c/en/blida"],"weight":0.20600000000000002},"num_concepts_raised":70},{"base_id":961,"kind":"top_words","i1":1,"i2":2,"sol":{"path":["/c/en/ahaus","/c/en/town","/c/en/bury","/c/en/genizah"],"weight":0.20788999999999974},"num_concepts_raised":7919},{"base_id":961,"kind":"top_words","i1":1,"i2":3,"sol":{"path":["/c/en/ahaus","/c/en/town","/c/en/city","/c/en/bunkyō"],"weight":0.2132799999999998},"num_concepts_raised":4847},{"base_id":961,"kind":"top_words","i1":1,"i2":4,"sol":{"path":["/c/en/ahaus","/c/en/town","/c/en/jastrebarsko"],"weight":0.20600000000000002},"num_concepts_raised":57},{"base_id":961,"kind":"top_words","i1":1,"i2":5,"sol":{"path":["/c/en/ahaus","/c/en/town","/c/en/scotland","/c/en/shebeen"],"weight":0.2077199999999998},"num_concepts_raised":7042},{"base_id":961,"kind":"top_words","i1":1,"i2":6,"sol":{"path":["/c/en/ahaus","/c/en/town","/c/en/city","/c/en/mtskheta"],"weight":0.21330999999999978},"num_concepts_raised":5276},{"base_id":961,"kind":"top_words","i1":1,"i2":7,"sol":{"path":["/c/en/ahaus","/c/en/town","/c/en/capital","/c/en/pretoria"],"weight":0.20815999999999985},"num_concepts_raised":4363},{"base_id":961,"kind":"top_words","i1":1,"i2":8,"sol":{"path":["/c/en/ahaus","/c/fr/ahaus","/c/fr/localités","/c/fr/némée","/c/en/nemea"],"weight":0.2148799999999998},"num_concepts_raised":2613},{"base_id":961,"kind":"top_words","i1":1,"i2":9,"sol":{"path":["/c/en/ahaus","/c/en/town","/c/en/city","/c/en/blida"],"weight":0.21311999999999975},"num_concepts_raised":4787},{"base_id":961,"kind":"top_words","i1":2,"i2":3,"sol":{"path":["/c/en/genizah","/c/en/cemetery","/c/en/city","/c/en/bunkyō"],"weight":0.2083399999999998},"num_concepts_raised":9305},{"base_id":961,"kind":"top_words","i1":2,"i2":4,"sol":{"path":["/c/en/genizah","/c/en/bury","/c/en/town","/c/en/jastrebarsko"],"weight":0.20784999999999976},"num_concepts_raised":9030},{"base_id":961,"kind":"top_words","i1":2,"i2":5,"sol":{"path":["/c/en/genizah","/c/en/law","/c/en/scotland","/c/en/shebeen"],"weight":0.2028399999999998},"num_concepts_raised":11064},{"base_id":961,"kind":"top_words","i1":2,"i2":6,"sol":{"path":["/c/en/genizah","/c/en/cemetery","/c/en/city","/c/en/mtskheta"],"weight":0.20836999999999978},"num_concepts_raised":9740},{"base_id":961,"kind":"top_words","i1":2,"i2":7,"sol":{"path":["/c/en/genizah","/c/en/cemetery","/c/en/country","/c/en/south_africa","/c/en/pretoria"],"weight":0.20537999999999984},"num_concepts_raised":8418},{"base_id":961,"kind":"top_words","i1":2,"i2":8,"sol":{"path":["/c/en/genizah","/c/en/law","/c/fr/localités","/c/fr/némée","/c/en/nemea"],"weight":0.2100299999999998},"num_concepts_raised":6651},{"base_id":961,"kind":"top_words","i1":2,"i2":9,"sol":{"path":["/c/en/genizah","/c/en/cemetery","/c/en/city","/c/en/blida"],"weight":0.20817999999999975},"num_concepts_raised":9245},{"base_id":961,"kind":"top_words","i1":3,"i2":4,"sol":{"path":["/c/en/bunkyō","/c/en/city","/c/en/town","/c/en/jastrebarsko"],"weight":0.21323999999999982},"num_concepts_raised":5922},{"base_id":961,"kind":"top_words","i1":3,"i2":5,"sol":{"path":["/c/en/bunkyō","/c/en/tokyo","/c/de/historisch","/c/en/speakeasy","/c/en/shebeen"],"weight":0.21043999999999985},"num_concepts_raised":8430},{"base_id":961,"kind":"top_words","i1":3,"i2":6,"sol":{"path":["/c/en/bunkyō","/c/en/city","/c/en/mtskheta"],"weight":0.20600000000000002},"num_concepts_raised":103},{"base_id":961,"kind":"top_words","i1":3,"i2":7,"sol":{"path":["/c/en/bunkyō","/c/en/tokyo","/c/en/capital","/c/en/pretoria"],"weight":0.2108399999999999},"num_concepts_raised":5568},{"base_id":961,"kind":"top_words","i1":3,"i2":8,"sol":{"path":["/c/en/bunkyō","/c/en/city","/c/en/country","/c/en/greece","/c/en/nemea"],"weight":0.21336999999999984},"num_concepts_raised":4010},{"base_id":961,"kind":"top_words","i1":3,"i2":9,"sol":{"path":["/c/en/bunkyō","/c/en/city","/c/en/blida"],"weight":0.20600000000000002},"num_concepts_raised":94},{"base_id":961,"kind":"top_words","i1":4,"i2":5,"sol":{"path":["/c/en/jastrebarsko","/c/en/town","/c/en/scotland","/c/en/shebeen"],"weight":0.2076799999999998},"num_concepts_raised":8153},{"base_id":961,"kind":"top_words","i1":4,"i2":6,"sol":{"path":["/c/en/jastrebarsko","/c/en/town","/c/en/city","/c/en/mtskheta"],"weight":0.2132699999999998},"num_concepts_raised":6351},{"base_id":961,"kind":"top_words","i1":4,"i2":7,"sol":{"path":["/c/en/jastrebarsko","/c/en/town","/c/en/capital","/c/en/pretoria"],"weight":0.20811999999999986},"num_concepts_raised":5473},{"base_id":961,"kind":"top_words","i1":4,"i2":8,"sol":{"path":["/c/en/jastrebarsko","/c/en/town","/c/en/country","/c/en/greece","/c/en/nemea"],"weight":0.2128799999999998},"num_concepts_raised":3724},{"base_id":961,"kind":"top_words","i1":4,"i2":9,"sol":{"path":["/c/en/jastrebarsko","/c/en/town","/c/en/city","/c/en/blida"],"weight":0.21307999999999977},"num_concepts_raised":5862},{"base_id":961,"kind":"top_words","i1":5,"i2":6,"sol":{"path":["/c/en/shebeen","/c/en/south_africa","/c/en/country","/c/en/georgia","/c/en/mtskheta"],"weight":0.2103399999999998},"num_concepts_raised":8852},{"base_id":961,"kind":"top_words","i1":5,"i2":7,"sol":{"path":["/c/en/shebeen","/c/en/south_africa","/c/en/pretoria"],"weight":0.20400000000000001},"num_concepts_raised":66},{"base_id":961,"kind":"top_words","i1":5,"i2":8,"sol":{"path":["/c/en/shebeen","/c/en/ireland","/c/en/europe","/c/en/greece","/c/en/nemea"],"weight":0.20789999999999983},"num_concepts_raised":5787},{"base_id":961,"kind":"top_words","i1":5,"i2":9,"sol":{"path":["/c/en/shebeen","/c/en/south_africa","/c/en/country","/c/en/city","/c/en/blida"],"weight":0.20809999999999979},"num_concepts_raised":8368},{"base_id":961,"kind":"top_words","i1":6,"i2":7,"sol":{"path":["/c/en/mtskheta","/c/en/georgia","/c/en/danville","/c/en/pretoria"],"weight":0.21066999999999986},"num_concepts_raised":5991},{"base_id":961,"kind":"top_words","i1":6,"i2":8,"sol":{"path":["/c/en/mtskheta","/c/en/georgia","/c/en/athens","/c/en/greece","/c/en/nemea"],"weight":0.21547999999999984},"num_concepts_raised":4443},{"base_id":961,"kind":"top_words","i1":6,"i2":9,"sol":{"path":["/c/en/mtskheta","/c/en/city","/c/en/blida"],"weight":0.20600000000000002},"num_concepts_raised":98},{"base_id":961,"kind":"top_words","i1":7,"i2":8,"sol":{"path":["/c/en/pretoria","/c/en/south_africa","/c/en/country","/c/en/greece","/c/en/nemea"],"weight":0.21039999999999986},"num_concepts_raised":3118},{"base_id":961,"kind":"top_words","i1":7,"i2":9,"sol":{"path":["/c/en/pretoria","/c/en/capital","/c/en/city","/c/en/blida"],"weight":0.20846999999999985},"num_concepts_raised":5510},{"base_id":961,"kind":"top_words","i1":8,"i2":9,"sol":{"path":["/c/en/nemea","/c/en/greece","/c/en/country","/c/en/city","/c/en/blida"],"weight":0.2132199999999998},"num_concepts_raised":3949}]]