[[{"base_id":259,"kind":"bot_words","i1":0,"i2":1,"sol":{"path":["/c/en/millisecond","/c/en/second","/c/en/uk","/c/en/pig","/c/en/boar"],"weight":0.2094799999999995},"num_concepts_raised":19407},{"base_id":259,"kind":"bot_words","i1":0,"i2":2,"sol":{"path":["/c/en/millisecond","/c/en/lock_time","/c/en/lock","/c/en/shim"],"weight":0.20885999999999977},"num_concepts_raised":25384},{"base_id":259,"kind":"bot_words","i1":0,"i2":3,"sol":{"path":["/c/en/millisecond","/c/en/second","/c/en/be","/c/en/expectant"],"weight":0.20511999999999986},"num_concepts_raised":25136},{"base_id":259,"kind":"bot_words","i1":0,"i2":4,"sol":{"path":["/c/en/millisecond","/c/en/second","/c/en/uk","/c/en/ouster","/c/en/oust"],"weight":0.21333999999999947},"num_concepts_raised":15939},{"base_id":259,"kind":"bot_words","i1":0,"i2":5,"sol":{"path":["/c/en/millisecond","/c/en/second","/c/en/music","/c/en/pathogenic","/c/en/bordetella"],"weight":0.20960999999999985},"num_concepts_raised":9220},{"base_id":259,"kind":"bot_words","i1":0,"i2":6,"sol":{"path":["/c/en/millisecond","/c/en/day","/c/en/event","/c/en/tail_shedding","/c/en/autotomy"],"weight":0.21136999999999995},"num_concepts_raised":17760},{"base_id":259,"kind":"bot_words","i1":0,"i2":7,"sol":{"path":["/c/en/millisecond","/c/en/second","/c/en/music","/c/en/symphony"],"weight":0.2157300000000001},"num_concepts_raised":31690},{"base_id":259,"kind":"bot_words","i1":0,"i2":8,"sol":{"path":["/c/en/millisecond","/c/en/day","/c/en/baby","/c/en/hungry","/c/en/peckish"],"weight":0.2048199999999999},"num_concepts_raised":9766},{"base_id":259,"kind":"bot_words","i1":0,"i2":9,"sol":{"path":["/c/en/millisecond","/c/en/second","/c/en/burn","/c/en/disease","/c/en/neurasthenia","/c/en/neurasthenic"],"weight":0.21344339999999978},"num_concepts_raised":273899},{"base_id":259,"kind":"bot_words","i1":1,"i2":2,"sol":{"path":["/c/en/boar","/c/en/swine","/c/en/derogatory","/c/en/shim"],"weight":0.2113399999999994},"num_concepts_raised":30101},{"base_id":259,"kind":"bot_words","i1":1,"i2":3,"sol":{"path":["/c/en/boar","/c/en/animal","/c/en/with_young","/c/en/expectant"],"weight":0.20544999999999947},"num_concepts_raised":30014},{"base_id":259,"kind":"bot_words","i1":1,"i2":4,"sol":{"path":["/c/en/boar","/c/en/barrow","/c/en/river","/c/en/oust"],"weight":0.2115099999999991},"num_concepts_raised":20838},{"base_id":259,"kind":"bot_words","i1":1,"i2":5,"sol":{"path":["/c/en/boar","/c/en/animal","/c/en/species","/c/en/bordetella"],"weight":0.20993999999999946},"num_concepts_raised":14154},{"base_id":259,"kind":"bot_words","i1":1,"i2":6,"sol":{"path":["/c/en/boar","/c/en/pig","/c/en/tail","/c/en/autotomy"],"weight":0.21331999999999957},"num_concepts_raised":22463},{"base_id":259,"kind":"bot_words","i1":1,"i2":7,"sol":{"path":["/c/en/boar","/c/en/pig","/c/en/us","/c/en/symphony"],"weight":0.2158999999999997},"num_concepts_raised":36364},{"base_id":259,"kind":"bot_words","i1":1,"i2":8,"sol":{"path":["/c/en/boar","/c/en/pig","/c/en/united_kingdom","/c/en/peckish"],"weight":0.20762999999999948},"num_concepts_raised":14727},{"base_id":259,"kind":"bot_words","i1":1,"i2":9,"sol":{"path":["/c/en/boar","/c/xcl/խոզ","/c/en/disease","/c/en/neurasthenia","/c/en/neurasthenic"],"weight":0.20719999999999958},"num_concepts_raised":12430},{"base_id":259,"kind":"bot_words","i1":2,"i2":3,"sol":{"path":["/c/en/shim","/c/en/computing","/c/es/pantalla","/c/fr/enceinte","/c/en/expectant"],"weight":0.21171999999999974},"num_concepts_raised":35936},{"base_id":259,"kind":"bot_words","i1":2,"i2":4,"sol":{"path":["/c/en/shim","/c/en/pick","/c/en/remove","/c/en/oust"],"weight":0.21500999999999937},"num_concepts_raised":26743},{"base_id":259,"kind":"bot_words","i1":2,"i2":5,"sol":{"path":["/c/en/shim","/c/en/computing","/c/en/cow","/c/en/species","/c/en/bordetella"],"weight":0.21514999999999973},"num_concepts_raised":20238},{"base_id":259,"kind":"bot_words","i1":2,"i2":6,"sol":{"path":["/c/en/shim","/c/en/lock","/c/en/limb","/c/en/autotomy"],"weight":0.21386999999999984},"num_concepts_raised":28646},{"base_id":259,"kind":"bot_words","i1":2,"i2":7,"sol":{"path":["/c/en/shim","/c/en/pick","/c/en/music","/c/en/symphony"],"weight":0.21910999999999997},"num_concepts_raised":42003},{"base_id":259,"kind":"bot_words","i1":2,"i2":8,"sol":{"path":["/c/en/shim","/c/en/pick","/c/en/peck","/c/en/peckish"],"weight":0.20813999999999977},"num_concepts_raised":20727},{"base_id":259,"kind":"bot_words","i1":2,"i2":9,"sol":{"path":["/c/en/shim","/c/en/transsexual","/c/en/disease","/c/en/neurasthenia","/c/en/neurasthenic"],"weight":0.21039999999999986},"num_concepts_raised":18454},{"base_id":259,"kind":"bot_words","i1":3,"i2":4,"sol":{"path":["/c/en/expectant","/c/en/advance","/c/en/throw_out","/c/en/oust"],"weight":0.2099999999999994},"num_concepts_raised":26545},{"base_id":259,"kind":"bot_words","i1":3,"i2":5,"sol":{"path":["/c/en/expectant","/c/en/medicine","/c/en/bacteriology","/c/en/bordetella"],"weight":0.2082899999999998},"num_concepts_raised":19949},{"base_id":259,"kind":"bot_words","i1":3,"i2":6,"sol":{"path":["/c/en/expectant","/c/en/with_young","/c/en/animal","/c/en/tail_shedding","/c/en/autotomy"],"weight":0.21107999999999988},"num_concepts_raised":28408},{"base_id":259,"kind":"bot_words","i1":3,"i2":7,"sol":{"path":["/c/en/expectant","/c/en/medicine","/c/en/music","/c/en/symphony"],"weight":0.21435000000000004},"num_concepts_raised":42197},{"base_id":259,"kind":"bot_words","i1":3,"i2":8,"sol":{"path":["/c/en/expectant","/c/en/pregnant","/c/en/fertile","/c/en/hungry","/c/en/peckish"],"weight":0.20463999999999985},"num_concepts_raised":20502},{"base_id":259,"kind":"bot_words","i1":3,"i2":9,"sol":{"path":["/c/en/expectant","/c/en/medicine","/c/en/anagnosasthenia","/c/en/neurasthenic"],"weight":0.20353999999999994},"num_concepts_raised":18158},{"base_id":259,"kind":"bot_words","i1":4,"i2":5,"sol":{"path":["/c/en/oust","/c/fr/expulser","/c/vi/loại","/c/en/species","/c/en/bordetella"],"weight":0.2165799999999994},"num_concepts_raised":10781},{"base_id":259,"kind":"bot_words","i1":4,"i2":6,"sol":{"path":["/c/en/oust","/c/en/remove","/c/en/removal","/c/en/autotomy"],"weight":0.2154799999999995},"num_concepts_raised":19234},{"base_id":259,"kind":"bot_words","i1":4,"i2":7,"sol":{"path":["/c/en/oust","/c/en/river","/c/en/movement","/c/en/symphony"],"weight":0.21787999999999966},"num_concepts_raised":33102},{"base_id":259,"kind":"bot_words","i1":4,"i2":8,"sol":{"path":["/c/en/oust","/c/en/ouster","/c/en/uk","/c/en/united_kingdom","/c/en/peckish"],"weight":0.21158999999999945},"num_concepts_raised":11305},{"base_id":259,"kind":"bot_words","i1":4,"i2":9,"sol":{"path":["/c/en/oust","/c/en/remove","/c/en/invalid","/c/en/sick_person","/c/en/neurasthenic"],"weight":0.20995999999999956},"num_concepts_raised":8971},{"base_id":259,"kind":"bot_words","i1":5,"i2":6,"sol":{"path":["/c/en/bordetella","/c/en/species","/c/en/animal","/c/en/tail_shedding","/c/en/autotomy"],"weight":0.21556999999999987},"num_concepts_raised":12513},{"base_id":259,"kind":"bot_words","i1":5,"i2":7,"sol":{"path":["/c/en/bordetella","/c/en/pathogenic","/c/en/music","/c/en/symphony"],"weight":0.21876},"num_concepts_raised":26585},{"base_id":259,"kind":"bot_words","i1":5,"i2":8,"sol":{"path":["/c/en/bordetella","/c/en/species","/c/en/fish","/c/en/hungry","/c/en/peckish"],"weight":0.20896999999999982},"num_concepts_raised":4574},{"base_id":259,"kind":"bot_words","i1":5,"i2":9,"sol":{"path":["/c/en/bordetella","/c/en/bacteriology","/c/en/disease","/c/en/neurasthenia","/c/en/neurasthenic"],"weight":0.21008999999999994},"num_concepts_raised":2207},{"base_id":259,"kind":"bot_words","i1":6,"i2":7,"sol":{"path":["/c/en/autotomy","/c/en/tail","/c/en/music","/c/en/symphony"],"weight":0.2195700000000001},"num_concepts_raised":34988},{"base_id":259,"kind":"bot_words","i1":6,"i2":8,"sol":{"path":["/c/en/autotomy","/c/en/zoology","/c/en/fish","/c/en/hungry","/c/en/peckish"],"weight":0.2097799999999999},"num_concepts_raised":13127},{"base_id":259,"kind":"bot_words","i1":6,"i2":9,"sol":{"path":["/c/en/autotomy","/c/de/autotomie","/c/de/medizin","/c/de/neurasthenisch","/c/en/neurasthenic"],"weight":0.21179000000000003},"num_concepts_raised":10768},{"base_id":259,"kind":"bot_words","i1":7,"i2":8,"sol":{"path":["/c/en/symphony","/c/en/us","/c/en/london","/c/en/peckish"],"weight":0.21126000000000006},"num_concepts_raised":27085},{"base_id":259,"kind":"bot_words","i1":7,"i2":9,"sol":{"path":["/c/en/symphony","/c/en/music","/c/en/heal","/c/en/sick_person","/c/en/neurasthenic"],"weight":0.21406000000000017},"num_concepts_raised":24841},{"base_id":259,"kind":"bot_words","i1":8,"i2":9,"sol":{"path":["/c/en/peckish","/c/en/irritable","/c/en/grouch","/c/it/nevrastenico","/c/en/neurasthenic"],"weight":0.20616999999999996},"num_concepts_raised":2762}],[{"base_id":259,"kind":"top_words","i1":0,"i2":1,"sol":{"path":["/c/en/gompa","/c/en/learning","/c/en/eye","/c/en/canthus"],"weight":0.2029499999999999},"num_concepts_raised":27101},{"base_id":259,"kind":"top_words","i1":0,"i2":2,"sol":{"path":["/c/en/gompa","/c/en/fortification","/c/en/moon","/c/en/umbriel"],"weight":0.2083899999999998},"num_concepts_raised":12220},{"base_id":259,"kind":"top_words","i1":0,"i2":3,"sol":{"path":["/c/en/gompa","/c/en/india","/c/en/country","/c/en/ethiopia","/c/en/teff"],"weight":0.20293999999999995},"num_concepts_raised":6850},{"base_id":259,"kind":"top_words","i1":0,"i2":4,"sol":{"path":["/c/en/gompa","/c/bo/དགོན_པ","/c/en/abbey","/c/en/uk","/c/en/knap"],"weight":0.20487999999999984},"num_concepts_raised":20824},{"base_id":259,"kind":"top_words","i1":0,"i2":5,"sol":{"path":["/c/en/gompa","/c/en/india","/c/en/hinduism","/c/en/shukra"],"weight":0.20782999999999988},"num_concepts_raised":6243},{"base_id":259,"kind":"top_words","i1":0,"i2":6,"sol":{"path":["/c/en/gompa","/c/en/buddhism","/c/en/mind","/c/en/brain","/c/en/uncus"],"weight":0.20786999999999986},"num_concepts_raised":33127},{"base_id":259,"kind":"top_words","i1":0,"i2":7,"sol":{"path":["/c/en/gompa","/c/en/learning","/c/en/pain","/c/en/epione","/c/en/hygiea"],"weight":0.2030099999999999},"num_concepts_raised":12761},{"base_id":259,"kind":"top_words","i1":0,"i2":8,"sol":{"path":["/c/en/gompa","/c/en/india","/c/en/country","/c/en/town","/c/en/labin"],"weight":0.20785999999999988},"num_concepts_raised":7940},{"base_id":259,"kind":"top_words","i1":0,"i2":9,"sol":{"path":["/c/en/gompa","/c/en/learning","/c/en/calexcitin","/c/en/protein","/c/en/resistin"],"weight":0.20768999999999993},"num_concepts_raised":7819},{"base_id":259,"kind":"top_words","i1":1,"i2":2,"sol":{"path":["/c/en/canthus","/c/fr/anatomie","/c/fr/satellite","/c/fr/umbriel","/c/en/umbriel"],"weight":0.21325999999999973},"num_concepts_raised":29513},{"base_id":259,"kind":"top_words","i1":1,"i2":3,"sol":{"path":["/c/en/canthus","/c/en/eye","/c/en/box","/c/en/cereal","/c/en/teff"],"weight":0.2031499999999999},"num_concepts_raised":24181},{"base_id":259,"kind":"top_words","i1":1,"i2":4,"sol":{"path":["/c/en/canthus","/c/en/corner","/c/en/edge","/c/en/knap"],"weight":0.20307999999999982},"num_concepts_raised":37867},{"base_id":259,"kind":"top_words","i1":1,"i2":5,"sol":{"path":["/c/en/canthus","/c/en/eye","/c/en/white","/c/sa/शुक्र","/c/en/shukra"],"weight":0.21002999999999983},"num_concepts_raised":23724},{"base_id":259,"kind":"top_words","i1":1,"i2":6,"sol":{"path":["/c/en/canthus","/c/en/anatomy","/c/en/uncus"],"weight":0.20400000000000001},"num_concepts_raised":63},{"base_id":259,"kind":"top_words","i1":1,"i2":7,"sol":{"path":["/c/en/canthus","/c/en/eye","/c/en/iris","/c/en/greek_god","/c/en/hygiea"],"weight":0.20320999999999984},"num_concepts_raised":30064},{"base_id":259,"kind":"top_words","i1":1,"i2":8,"sol":{"path":["/c/en/canthus","/c/en/anatomy","/c/en/wall","/c/en/town","/c/en/labin"],"weight":0.2079999999999998},"num_concepts_raised":25312},{"base_id":259,"kind":"top_words","i1":1,"i2":9,"sol":{"path":["/c/en/canthus","/c/en/eye","/c/en/crystallin","/c/en/protein","/c/en/resistin"],"weight":0.20794999999999986},"num_concepts_raised":25145},{"base_id":259,"kind":"top_words","i1":2,"i2":3,"sol":{"path":["/c/en/umbriel","/c/fr/astronomie","/c/en/ceres","/c/en/cereal","/c/en/teff"],"weight":0.20878999999999978},"num_concepts_raised":9290},{"base_id":259,"kind":"top_words","i1":2,"i2":4,"sol":{"path":["/c/en/umbriel","/c/fr/astronomie","/c/en/earth","/c/en/hill","/c/en/knap"],"weight":0.20876999999999968},"num_concepts_raised":23277},{"base_id":259,"kind":"top_words","i1":2,"i2":5,"sol":{"path":["/c/en/umbriel","/c/fr/astronomie","/c/en/venus","/c/en/shukra"],"weight":0.21372999999999973},"num_concepts_raised":8701},{"base_id":259,"kind":"top_words","i1":2,"i2":6,"sol":{"path":["/c/en/umbriel","/c/fr/astronomie","/c/en/pan","/c/en/brain","/c/en/uncus"],"weight":0.2136799999999997},"num_concepts_raised":35596},{"base_id":259,"kind":"top_words","i1":2,"i2":7,"sol":{"path":["/c/en/umbriel","/c/fr/astronomie","/c/en/astronomy","/c/en/hygiea"],"weight":0.20879999999999974},"num_concepts_raised":14318},{"base_id":259,"kind":"top_words","i1":2,"i2":8,"sol":{"path":["/c/en/umbriel","/c/fr/astronomie","/c/sh/europa","/c/en/croatia","/c/en/labin"],"weight":0.2136299999999997},"num_concepts_raised":10410},{"base_id":259,"kind":"top_words","i1":2,"i2":9,"sol":{"path":["/c/en/umbriel","/c/en/moon","/c/en/body","/c/en/adipose","/c/en/resistin"],"weight":0.21333999999999975},"num_concepts_raised":10259},{"base_id":259,"kind":"top_words","i1":3,"i2":4,"sol":{"path":["/c/en/teff","/c/en/eragrostis_tef","/c/en/plant","/c/en/dialect","/c/en/knap"],"weight":0.20402999999999982},"num_concepts_raised":17907},{"base_id":259,"kind":"top_words","i1":3,"i2":5,"sol":{"path":["/c/en/teff","/c/en/love_grass","/c/en/love","/c/en/venus","/c/en/shukra"],"weight":0.20889999999999986},"num_concepts_raised":3443},{"base_id":259,"kind":"top_words","i1":3,"i2":6,"sol":{"path":["/c/en/teff","/c/en/eragrostis_tef","/c/en/plant","/c/en/biology","/c/en/uncus"],"weight":0.20894999999999986},"num_concepts_raised":30234},{"base_id":259,"kind":"top_words","i1":3,"i2":7,"sol":{"path":["/c/en/teff","/c/en/cereal","/c/en/ceres","/c/en/goddess","/c/en/hygiea"],"weight":0.20306999999999986},"num_concepts_raised":9846},{"base_id":259,"kind":"top_words","i1":3,"i2":8,"sol":{"path":["/c/en/teff","/c/en/cereal","/c/en/rye","/c/en/town","/c/en/labin"],"weight":0.20792999999999984},"num_concepts_raised":5031},{"base_id":259,"kind":"top_words","i1":3,"i2":9,"sol":{"path":["/c/en/teff","/c/en/eragrostis_tef","/c/en/plant","/c/en/hormone","/c/en/resistin"],"weight":0.20889999999999992},"num_concepts_raised":4876},{"base_id":259,"kind":"top_words","i1":4,"i2":5,"sol":{"path":["/c/en/knap","/c/en/blow","/c/en/bright","/c/sa/शुक्र","/c/en/shukra"],"weight":0.20983999999999975},"num_concepts_raised":17497},{"base_id":259,"kind":"top_words","i1":4,"i2":6,"sol":{"path":["/c/en/knap","/c/en/uk","/c/en/hook","/c/en/uncus"],"weight":0.20788999999999977},"num_concepts_raised":43947},{"base_id":259,"kind":"top_words","i1":4,"i2":7,"sol":{"path":["/c/en/knap","/c/en/point","/c/en/medicine","/c/en/asclepius","/c/en/hygiea"],"weight":0.20312999999999976},"num_concepts_raised":23783},{"base_id":259,"kind":"top_words","i1":4,"i2":8,"sol":{"path":["/c/en/knap","/c/en/uk","/c/en/town","/c/en/labin"],"weight":0.20786999999999978},"num_concepts_raised":19028},{"base_id":259,"kind":"top_words","i1":4,"i2":9,"sol":{"path":["/c/en/knap","/c/en/edge","/c/en/trail","/c/en/protein","/c/en/resistin"],"weight":0.2078399999999998},"num_concepts_raised":18940},{"base_id":259,"kind":"top_words","i1":5,"i2":6,"sol":{"path":["/c/en/shukra","/c/sa/शुक्र","/c/en/white","/c/en/anatomy","/c/en/uncus"],"weight":0.21480999999999978},"num_concepts_raised":29778},{"base_id":259,"kind":"top_words","i1":5,"i2":7,"sol":{"path":["/c/en/shukra","/c/en/venus","/c/en/goddess","/c/en/hygiea"],"weight":0.2079799999999998},"num_concepts_raised":9305},{"base_id":259,"kind":"top_words","i1":5,"i2":8,"sol":{"path":["/c/en/shukra","/c/en/venus","/c/en/statue","/c/en/town","/c/en/labin"],"weight":0.2128199999999998},"num_concepts_raised":4556},{"base_id":259,"kind":"top_words","i1":5,"i2":9,"sol":{"path":["/c/en/shukra","/c/sa/शुक्र","/c/en/white","/c/en/albumin","/c/en/protein","/c/en/resistin"],"weight":0.21637449999999947},"num_concepts_raised":135463},{"base_id":259,"kind":"top_words","i1":6,"i2":7,"sol":{"path":["/c/en/uncus","/c/en/zoology","/c/en/asteroid","/c/en/hygiea"],"weight":0.20786999999999978},"num_concepts_raised":36083},{"base_id":259,"kind":"top_words","i1":6,"i2":8,"sol":{"path":["/c/en/uncus","/c/en/hook","/c/en/hooker","/c/en/town","/c/en/labin"],"weight":0.21280999999999978},"num_concepts_raised":31373},{"base_id":259,"kind":"top_words","i1":6,"i2":9,"sol":{"path":["/c/en/uncus","/c/en/brain","/c/en/amyloid_beta","/c/en/protein","/c/en/resistin"],"weight":0.21274999999999983},"num_concepts_raised":31131},{"base_id":259,"kind":"top_words","i1":7,"i2":8,"sol":{"path":["/c/en/hygiea","/c/en/greek_god","/c/la/arethusa","/c/en/town","/c/en/labin"],"weight":0.20791999999999977},"num_concepts_raised":10964},{"base_id":259,"kind":"top_words","i1":7,"i2":9,"sol":{"path":["/c/en/hygiea","/c/en/health","/c/en/fat","/c/en/protein","/c/en/resistin"],"weight":0.20784999999999984},"num_concepts_raised":10823},{"base_id":259,"kind":"top_words","i1":8,"i2":9,"sol":{"path":["/c/en/labin","/c/en/town","/c/en/domain","/c/en/protein","/c/en/resistin"],"weight":0.21271999999999983},"num_concepts_raised":6003}]]