[[{"base_id":351,"kind":"bot_words","i1":0,"i2":1,"sol":{"path":["/c/en/planetarium","/c/fr/planétarium","/c/fr/spectacle","/c/fr/rama","/c/en/rama"],"weight":0.22141000000000002},"num_concepts_raised":8073},{"base_id":351,"kind":"bot_words","i1":0,"i2":2,"sol":{"path":["/c/en/planetarium","/c/en/building","/c/en/flat","/c/en/uninteresting","/c/en/unexciting"],"weight":0.21015000000000006},"num_concepts_raised":7234},{"base_id":351,"kind":"bot_words","i1":0,"i2":3,"sol":{"path":["/c/en/planetarium","/c/en/sky","/c/en/place","/c/en/contestant","/c/en/contender"],"weight":0.21047999999999997},"num_concepts_raised":8028},{"base_id":351,"kind":"bot_words","i1":0,"i2":4,"sol":{"path":["/c/en/planetarium","/c/en/optical_device","/c/en/eye","/c/en/heddle"],"weight":0.21048000000000003},"num_concepts_raised":12460},{"base_id":351,"kind":"bot_words","i1":0,"i2":5,"sol":{"path":["/c/en/planetarium","/c/en/building","/c/en/bridge","/c/en/galvanometer"],"weight":0.20950999999999997},"num_concepts_raised":24161},{"base_id":351,"kind":"bot_words","i1":0,"i2":6,"sol":{"path":["/c/en/planetarium","/c/en/dome","/c/en/slang","/c/en/swine"],"weight":0.2113299999999996},"num_concepts_raised":146098},{"base_id":351,"kind":"bot_words","i1":0,"i2":7,"sol":{"path":["/c/en/planetarium","/c/en/sky","/c/en/water","/c/en/boggy","/c/en/marshy"],"weight":0.21104999999999982},"num_concepts_raised":8845},{"base_id":351,"kind":"bot_words","i1":0,"i2":8,"sol":{"path":["/c/en/planetarium","/c/en/star","/c/en/space","/c/en/music","/c/en/tala"],"weight":0.20905},"num_concepts_raised":15502},{"base_id":351,"kind":"bot_words","i1":0,"i2":9,"sol":{"path":["/c/en/planetarium","/c/en/museum","/c/en/old","/c/en/familiar"],"weight":0.2200999999999978},"num_concepts_raised":53352},{"base_id":351,"kind":"bot_words","i1":1,"i2":2,"sol":{"path":["/c/en/rama","/c/en/lakshmi","/c/en/person","/c/en/yawner","/c/en/unexciting"],"weight":0.21103999999999998},"num_concepts_raised":2693},{"base_id":351,"kind":"bot_words","i1":1,"i2":3,"sol":{"path":["/c/en/rama","/c/en/lakshmi","/c/en/person","/c/en/contestant","/c/en/contender"],"weight":0.21244999999999986},"num_concepts_raised":3491},{"base_id":351,"kind":"bot_words","i1":1,"i2":4,"sol":{"path":["/c/en/rama","/c/ru/рама","/c/en/frame","/c/en/loom","/c/en/heddle"],"weight":0.21143999999999993},"num_concepts_raised":7997},{"base_id":351,"kind":"bot_words","i1":1,"i2":5,"sol":{"path":["/c/en/rama","/c/de/rama","/c/pl/przyrząd","/c/en/device","/c/en/galvanometer"],"weight":0.2113699999999999},"num_concepts_raised":19894},{"base_id":351,"kind":"bot_words","i1":1,"i2":6,"sol":{"path":["/c/en/rama","/c/es/ramera","/c/en/pejorative","/c/en/swine"],"weight":0.2110399999999995},"num_concepts_raised":141738},{"base_id":351,"kind":"bot_words","i1":1,"i2":7,"sol":{"path":["/c/en/rama","/c/en/lakshmi","/c/en/person","/c/en/malaria","/c/en/marshy"],"weight":0.21231999999999973},"num_concepts_raised":4330},{"base_id":351,"kind":"bot_words","i1":1,"i2":8,"sol":{"path":["/c/en/rama","/c/en/lakshmi","/c/en/person","/c/en/music","/c/en/tala"],"weight":0.21097999999999995},"num_concepts_raised":11037},{"base_id":351,"kind":"bot_words","i1":1,"i2":9,"sol":{"path":["/c/en/rama","/c/en/lakshmi","/c/en/person","/c/en/known","/c/en/familiar"],"weight":0.2238699999999977},"num_concepts_raised":49281},{"base_id":351,"kind":"bot_words","i1":2,"i2":3,"sol":{"path":["/c/en/unexciting","/c/en/yawner","/c/en/person","/c/en/contestant","/c/en/contender"],"weight":0.20434999999999992},"num_concepts_raised":2637},{"base_id":351,"kind":"bot_words","i1":2,"i2":4,"sol":{"path":["/c/en/unexciting","/c/en/tame","/c/en/change","/c/en/warp","/c/en/heddle"],"weight":0.20550999999999997},"num_concepts_raised":7138},{"base_id":351,"kind":"bot_words","i1":2,"i2":5,"sol":{"path":["/c/en/unexciting","/c/en/tame","/c/en/mathematics","/c/en/physics","/c/en/galvanometer"],"weight":0.20450999999999997},"num_concepts_raised":19032},{"base_id":351,"kind":"bot_words","i1":2,"i2":6,"sol":{"path":["/c/en/unexciting","/c/en/tame","/c/la/porcus","/c/en/swine"],"weight":0.20633999999999952},"num_concepts_raised":140863},{"base_id":351,"kind":"bot_words","i1":2,"i2":7,"sol":{"path":["/c/en/unexciting","/c/en/tame","/c/en/england","/c/en/fenland","/c/en/marshy"],"weight":0.20530999999999977},"num_concepts_raised":3475},{"base_id":351,"kind":"bot_words","i1":2,"i2":8,"sol":{"path":["/c/en/unexciting","/c/en/uninteresting","/c/en/flat","/c/en/music","/c/en/tala"],"weight":0.20396999999999998},"num_concepts_raised":10189},{"base_id":351,"kind":"bot_words","i1":2,"i2":9,"sol":{"path":["/c/en/unexciting","/c/en/tame","/c/en/homely","/c/en/familiar"],"weight":0.21303999999999776},"num_concepts_raised":48389},{"base_id":351,"kind":"bot_words","i1":3,"i2":4,"sol":{"path":["/c/en/contender","/c/en/contestant","/c/en/place","/c/en/warp","/c/en/heddle"],"weight":0.20583999999999988},"num_concepts_raised":7942},{"base_id":351,"kind":"bot_words","i1":3,"i2":5,"sol":{"path":["/c/en/contender","/c/en/contestant","/c/en/game","/c/en/bridge","/c/en/galvanometer"],"weight":0.20478999999999986},"num_concepts_raised":19817},{"base_id":351,"kind":"bot_words","i1":3,"i2":6,"sol":{"path":["/c/en/contender","/c/en/contestant","/c/en/game","/c/en/pig","/c/en/swine"],"weight":0.20966999999999944},"num_concepts_raised":141671},{"base_id":351,"kind":"bot_words","i1":3,"i2":7,"sol":{"path":["/c/en/contender","/c/en/contestant","/c/en/game","/c/en/moor","/c/en/marshy"],"weight":0.20567999999999967},"num_concepts_raised":4271},{"base_id":351,"kind":"bot_words","i1":3,"i2":8,"sol":{"path":["/c/en/contender","/c/en/contestant","/c/en/player","/c/en/music","/c/en/tala"],"weight":0.2043199999999999},"num_concepts_raised":10972},{"base_id":351,"kind":"bot_words","i1":3,"i2":9,"sol":{"path":["/c/en/contender","/c/en/contestant","/c/en/person","/c/en/known","/c/en/familiar"],"weight":0.21717999999999765},"num_concepts_raised":49184},{"base_id":351,"kind":"bot_words","i1":4,"i2":5,"sol":{"path":["/c/en/heddle","/c/en/eye","/c/en/device","/c/en/galvanometer"],"weight":0.20478999999999992},"num_concepts_raised":24098},{"base_id":351,"kind":"bot_words","i1":4,"i2":6,"sol":{"path":["/c/en/heddle","/c/en/eye","/c/fr/localités","/c/en/swine"],"weight":0.2064099999999995},"num_concepts_raised":145898},{"base_id":351,"kind":"bot_words","i1":4,"i2":7,"sol":{"path":["/c/en/heddle","/c/en/strand","/c/en/brook","/c/en/marshy"],"weight":0.20456999999999972},"num_concepts_raised":8748},{"base_id":351,"kind":"bot_words","i1":4,"i2":8,"sol":{"path":["/c/en/heddle","/c/ja/文","/c/en/currency","/c/en/tala"],"weight":0.20323999999999992},"num_concepts_raised":15405},{"base_id":351,"kind":"bot_words","i1":4,"i2":9,"sol":{"path":["/c/en/heddle","/c/en/simple","/c/en/common","/c/en/familiar"],"weight":0.2157099999999977},"num_concepts_raised":53248},{"base_id":351,"kind":"bot_words","i1":5,"i2":6,"sol":{"path":["/c/en/galvanometer","/c/en/product","/c/en/pork","/c/en/swine"],"weight":0.20583999999999947},"num_concepts_raised":157609},{"base_id":351,"kind":"bot_words","i1":5,"i2":7,"sol":{"path":["/c/en/galvanometer","/c/en/bridge","/c/en/brook","/c/en/marshy"],"weight":0.2046299999999997},"num_concepts_raised":20620},{"base_id":351,"kind":"bot_words","i1":5,"i2":8,"sol":{"path":["/c/en/galvanometer","/c/en/bridge","/c/en/music","/c/en/tala"],"weight":0.2033399999999999},"num_concepts_raised":27068},{"base_id":351,"kind":"bot_words","i1":5,"i2":9,"sol":{"path":["/c/en/galvanometer","/c/en/presence","/c/en/close","/c/en/familiar"],"weight":0.2137899999999977},"num_concepts_raised":64674},{"base_id":351,"kind":"bot_words","i1":6,"i2":7,"sol":{"path":["/c/en/swine","/c/en/hog","/c/en/hoggy","/c/en/marshy"],"weight":0.2074199999999993},"num_concepts_raised":142417},{"base_id":351,"kind":"bot_words","i1":6,"i2":8,"sol":{"path":["/c/en/swine","/c/fr/localités","/c/en/dollar","/c/en/tala"],"weight":0.20484999999999948},"num_concepts_raised":148920},{"base_id":351,"kind":"bot_words","i1":6,"i2":9,"sol":{"path":["/c/en/swine","/c/en/pig","/c/en/like","/c/en/familiar"],"weight":0.2174799999999973},"num_concepts_raised":185528},{"base_id":351,"kind":"bot_words","i1":7,"i2":8,"sol":{"path":["/c/en/marshy","/c/en/marsh","/c/xcl/խաղ","/c/en/music","/c/en/tala"],"weight":0.2042999999999997},"num_concepts_raised":11802},{"base_id":351,"kind":"bot_words","i1":7,"i2":9,"sol":{"path":["/c/en/marshy","/c/en/brook","/c/en/like","/c/en/familiar"],"weight":0.21337999999999752},"num_concepts_raised":49975},{"base_id":351,"kind":"bot_words","i1":8,"i2":9,"sol":{"path":["/c/en/tala","/c/en/music","/c/en/close","/c/en/familiar"],"weight":0.2133799999999977},"num_concepts_raised":56342}],[{"base_id":351,"kind":"top_words","i1":0,"i2":1,"sol":{"path":["/c/en/hawkmoth","/c/en/moth","/c/en/insect","/c/en/roller","/c/en/brayer"],"weight":0.20379999999999987},"num_concepts_raised":13588},{"base_id":351,"kind":"top_words","i1":0,"i2":2,"sol":{"path":["/c/en/hawkmoth","/c/en/convolvulus","/c/en/plant","/c/en/bromelia"],"weight":0.20779999999999987},"num_concepts_raised":9887},{"base_id":351,"kind":"top_words","i1":0,"i2":3,"sol":{"path":["/c/en/hawkmoth","/c/en/moth","/c/en/like","/c/en/yell","/c/en/kiai"],"weight":0.20880999999999983},"num_concepts_raised":5154},{"base_id":351,"kind":"top_words","i1":0,"i2":4,"sol":{"path":["/c/en/hawkmoth","/c/en/moth","/c/en/sugar","/c/en/pepsi","/c/en/mirinda"],"weight":0.20892999999999984},"num_concepts_raised":3170},{"base_id":351,"kind":"top_words","i1":0,"i2":5,"sol":{"path":["/c/en/hawkmoth","/c/en/moth","/c/en/lamps","/c/en/light","/c/en/nightlight"],"weight":0.20512999999999992},"num_concepts_raised":22254},{"base_id":351,"kind":"top_words","i1":0,"i2":6,"sol":{"path":["/c/en/hawkmoth","/c/en/hummingbird_moth","/c/en/genus","/c/en/serviceberry"],"weight":0.20267999999999992},"num_concepts_raised":6077},{"base_id":351,"kind":"top_words","i1":0,"i2":7,"sol":{"path":["/c/en/hawkmoth","/c/en/entomology","/c/en/zoology","/c/en/aurochs"],"weight":0.2099099999999999},"num_concepts_raised":14151},{"base_id":351,"kind":"top_words","i1":0,"i2":8,"sol":{"path":["/c/en/hawkmoth","/c/en/moth","/c/en/ugly","/c/en/corrupt","/c/en/depravation"],"weight":0.2038399999999999},"num_concepts_raised":3934},{"base_id":351,"kind":"top_words","i1":0,"i2":9,"sol":{"path":["/c/en/hawkmoth","/c/en/moth","/c/en/animal","/c/en/mineral","/c/en/montmorillonite"],"weight":0.21120999999999976},"num_concepts_raised":9971},{"base_id":351,"kind":"top_words","i1":1,"i2":2,"sol":{"path":["/c/en/brayer","/c/en/thin","/c/en/plant","/c/en/bromelia"],"weight":0.20777999999999985},"num_concepts_raised":18709},{"base_id":351,"kind":"top_words","i1":1,"i2":3,"sol":{"path":["/c/en/brayer","/c/en/design","/c/en/attack","/c/en/kiai"],"weight":0.20757999999999982},"num_concepts_raised":13977},{"base_id":351,"kind":"top_words","i1":1,"i2":4,"sol":{"path":["/c/en/brayer","/c/en/bray","/c/en/crush","/c/en/fanta","/c/en/mirinda"],"weight":0.21083999999999983},"num_concepts_raised":12046},{"base_id":351,"kind":"top_words","i1":1,"i2":5,"sol":{"path":["/c/en/brayer","/c/en/thin","/c/en/light","/c/en/nightlight"],"weight":0.2039999999999999},"num_concepts_raised":30740},{"base_id":351,"kind":"top_words","i1":1,"i2":6,"sol":{"path":["/c/en/brayer","/c/fr/main","/c/fr/feuille","/c/fr/amélanchier","/c/en/serviceberry"],"weight":0.20364999999999994},"num_concepts_raised":14961},{"base_id":351,"kind":"top_words","i1":1,"i2":7,"sol":{"path":["/c/en/brayer","/c/en/donkey","/c/en/ox","/c/en/aurochs"],"weight":0.2139899999999999},"num_concepts_raised":22997},{"base_id":351,"kind":"top_words","i1":1,"i2":8,"sol":{"path":["/c/en/brayer","/c/en/design","/c/la/de","/c/en/deprave","/c/en/depravation"],"weight":0.20364999999999994},"num_concepts_raised":12808},{"base_id":351,"kind":"top_words","i1":1,"i2":9,"sol":{"path":["/c/en/brayer","/c/en/bray","/c/en/british","/c/en/mineral","/c/en/montmorillonite"],"weight":0.21100999999999975},"num_concepts_raised":18781},{"base_id":351,"kind":"top_words","i1":2,"i2":3,"sol":{"path":["/c/en/bromelia","/c/en/plant","/c/en/like","/c/en/yell","/c/en/kiai"],"weight":0.21282999999999982},"num_concepts_raised":10336},{"base_id":351,"kind":"top_words","i1":2,"i2":4,"sol":{"path":["/c/en/bromelia","/c/en/plant","/c/en/water","/c/en/pepsi","/c/en/mirinda"],"weight":0.21294999999999983},"num_concepts_raised":8349},{"base_id":351,"kind":"top_words","i1":2,"i2":5,"sol":{"path":["/c/en/bromelia","/c/en/plant","/c/en/person","/c/en/nightlight"],"weight":0.2079699999999999},"num_concepts_raised":27333},{"base_id":351,"kind":"top_words","i1":2,"i2":6,"sol":{"path":["/c/en/bromelia","/c/en/plant","/c/en/amelanchier","/c/en/serviceberry"],"weight":0.20797999999999994},"num_concepts_raised":10766},{"base_id":351,"kind":"top_words","i1":2,"i2":7,"sol":{"path":["/c/en/bromelia","/c/en/plant","/c/en/animal","/c/en/ox","/c/en/aurochs"],"weight":0.21925999999999987},"num_concepts_raised":19350},{"base_id":351,"kind":"top_words","i1":2,"i2":8,"sol":{"path":["/c/en/bromelia","/c/en/plant","/c/en/canker","/c/en/corrupt","/c/en/depravation"],"weight":0.20785999999999993},"num_concepts_raised":9117},{"base_id":351,"kind":"top_words","i1":2,"i2":9,"sol":{"path":["/c/en/bromelia","/c/en/plant","/c/en/mineral","/c/en/montmorillonite"],"weight":0.21517999999999976},"num_concepts_raised":15117},{"base_id":351,"kind":"top_words","i1":3,"i2":4,"sol":{"path":["/c/en/kiai","/c/en/yell","/c/en/dry","/c/en/beverage","/c/en/mirinda"],"weight":0.21281999999999981},"num_concepts_raised":3597},{"base_id":351,"kind":"top_words","i1":3,"i2":5,"sol":{"path":["/c/en/kiai","/c/en/shout","/c/en/person","/c/en/nightlight"],"weight":0.20784999999999987},"num_concepts_raised":22646},{"base_id":351,"kind":"top_words","i1":3,"i2":6,"sol":{"path":["/c/en/kiai","/c/en/shout","/c/en/twist","/c/en/berry","/c/en/serviceberry"],"weight":0.2077799999999999},"num_concepts_raised":6533},{"base_id":351,"kind":"top_words","i1":3,"i2":7,"sol":{"path":["/c/en/kiai","/c/en/shout","/c/fr/appeler","/c/fr/aurochs","/c/en/aurochs"],"weight":0.21909999999999985},"num_concepts_raised":14635},{"base_id":351,"kind":"top_words","i1":3,"i2":8,"sol":{"path":["/c/en/kiai","/c/en/attack","/c/en/revile","/c/en/deprave","/c/en/depravation"],"weight":0.2087199999999999},"num_concepts_raised":4355},{"base_id":351,"kind":"top_words","i1":3,"i2":9,"sol":{"path":["/c/en/kiai","/c/en/attack","/c/en/technical","/c/en/montmorillonite"],"weight":0.21289999999999973},"num_concepts_raised":10387},{"base_id":351,"kind":"top_words","i1":4,"i2":5,"sol":{"path":["/c/en/mirinda","/c/en/beverage","/c/en/case","/c/en/light","/c/en/nightlight"],"weight":0.2091499999999999},"num_concepts_raised":20724},{"base_id":351,"kind":"top_words","i1":4,"i2":6,"sol":{"path":["/c/en/mirinda","/c/en/beverage","/c/en/food","/c/en/berry","/c/en/serviceberry"],"weight":0.2078899999999999},"num_concepts_raised":4553},{"base_id":351,"kind":"top_words","i1":4,"i2":7,"sol":{"path":["/c/en/mirinda","/c/en/beverage","/c/en/milk","/c/en/mammal","/c/en/aurochs"],"weight":0.21503999999999987},"num_concepts_raised":12666},{"base_id":351,"kind":"top_words","i1":4,"i2":8,"sol":{"path":["/c/en/mirinda","/c/en/beverage","/c/en/poison","/c/en/corrupt","/c/en/depravation"],"weight":0.2078699999999999},"num_concepts_raised":2374},{"base_id":351,"kind":"top_words","i1":4,"i2":9,"sol":{"path":["/c/en/mirinda","/c/en/pepsi","/c/en/glass","/c/en/mineral","/c/en/montmorillonite"],"weight":0.21520999999999973},"num_concepts_raised":8411},{"base_id":351,"kind":"top_words","i1":5,"i2":6,"sol":{"path":["/c/en/nightlight","/c/en/small","/c/en/berry","/c/en/serviceberry"],"weight":0.20286999999999997},"num_concepts_raised":23621},{"base_id":351,"kind":"top_words","i1":5,"i2":7,"sol":{"path":["/c/en/nightlight","/c/en/person","/c/en/mammal","/c/en/aurochs"],"weight":0.21003999999999995},"num_concepts_raised":31623},{"base_id":351,"kind":"top_words","i1":5,"i2":8,"sol":{"path":["/c/en/nightlight","/c/en/light","/c/en/fair","/c/en/corrupt","/c/en/depravation"],"weight":0.20407999999999998},"num_concepts_raised":21473},{"base_id":351,"kind":"top_words","i1":5,"i2":9,"sol":{"path":["/c/en/nightlight","/c/en/light","/c/en/sand","/c/en/mineral","/c/en/montmorillonite"],"weight":0.2114199999999998},"num_concepts_raised":27485},{"base_id":351,"kind":"top_words","i1":6,"i2":7,"sol":{"path":["/c/en/serviceberry","/c/en/genus","/c/en/ox","/c/en/aurochs"],"weight":0.21403999999999995},"num_concepts_raised":15374},{"base_id":351,"kind":"top_words","i1":6,"i2":8,"sol":{"path":["/c/en/serviceberry","/c/en/genus","/c/en/degenerate","/c/en/depravation"],"weight":0.2027},"num_concepts_raised":5307},{"base_id":351,"kind":"top_words","i1":6,"i2":9,"sol":{"path":["/c/en/serviceberry","/c/en/amelanchier","/c/en/plant","/c/en/mineral","/c/en/montmorillonite"],"weight":0.21023999999999982},"num_concepts_raised":11347},{"base_id":351,"kind":"top_words","i1":7,"i2":8,"sol":{"path":["/c/en/aurochs","/c/en/ox","/c/en/genus","/c/en/degenerate","/c/en/depravation"],"weight":0.21403999999999995},"num_concepts_raised":13428},{"base_id":351,"kind":"top_words","i1":7,"i2":9,"sol":{"path":["/c/en/aurochs","/c/en/ox","/c/en/animal","/c/en/mineral","/c/en/montmorillonite"],"weight":0.22154999999999977},"num_concepts_raised":19462},{"base_id":351,"kind":"top_words","i1":8,"i2":9,"sol":{"path":["/c/en/depravation","/c/en/corrupt","/c/en/canker","/c/en/mineral","/c/en/montmorillonite"],"weight":0.2101199999999998},"num_concepts_raised":9174}]]