[[{"base_id":887,"kind":"bot_words","i1":0,"i2":1,"sol":{"path":["/c/en/pigmented","/c/en/pigment","/c/sa/रुचि","/c/en/coitus"],"weight":0.20323999999999967},"num_concepts_raised":10362},{"base_id":887,"kind":"bot_words","i1":0,"i2":2,"sol":{"path":["/c/en/pigmented","/c/en/paint","/c/en/covering","/c/en/resist","/c/en/resistible"],"weight":0.20301999999999995},"num_concepts_raised":3946},{"base_id":887,"kind":"bot_words","i1":0,"i2":3,"sol":{"path":["/c/en/pigmented","/c/en/paint","/c/en/cover_up","/c/en/swimsuit","/c/en/swimwear"],"weight":0.2051699999999998},"num_concepts_raised":7611},{"base_id":887,"kind":"bot_words","i1":0,"i2":4,"sol":{"path":["/c/en/pigmented","/c/en/paint","/c/en/slang","/c/en/skiff"],"weight":0.2034099999999997},"num_concepts_raised":26562},{"base_id":887,"kind":"bot_words","i1":0,"i2":5,"sol":{"path":["/c/en/pigmented","/c/en/paint","/c/en/computing","/c/en/workgroup"],"weight":0.20273999999999984},"num_concepts_raised":16853},{"base_id":887,"kind":"bot_words","i1":0,"i2":6,"sol":{"path":["/c/en/pigmented","/c/en/paint","/c/en/protect","/c/en/enshrine"],"weight":0.20303999999999972},"num_concepts_raised":11896},{"base_id":887,"kind":"bot_words","i1":0,"i2":7,"sol":{"path":["/c/en/pigmented","/c/en/scale","/c/en/standard","/c/en/ethics","/c/en/speciesism"],"weight":0.20305999999999985},"num_concepts_raised":9660},{"base_id":887,"kind":"bot_words","i1":0,"i2":8,"sol":{"path":["/c/en/pigmented","/c/en/paint","/c/en/run","/c/en/eddy","/c/en/countercurrent"],"weight":0.20386999999999986},"num_concepts_raised":5874},{"base_id":887,"kind":"bot_words","i1":0,"i2":9,"sol":{"path":["/c/en/pigmented","/c/en/paint","/c/en/use","/c/en/netty"],"weight":0.20276999999999978},"num_concepts_raised":14370},{"base_id":887,"kind":"bot_words","i1":1,"i2":2,"sol":{"path":["/c/en/coitus","/c/en/sexual_intercourse","/c/en/action","/c/en/resist","/c/en/resistible"],"weight":0.20500999999999986},"num_concepts_raised":7625},{"base_id":887,"kind":"bot_words","i1":1,"i2":3,"sol":{"path":["/c/en/coitus","/c/en/formal","/c/en/suit","/c/en/swimsuit","/c/en/swimwear"],"weight":0.20575999999999972},"num_concepts_raised":11282},{"base_id":887,"kind":"bot_words","i1":1,"i2":4,"sol":{"path":["/c/en/coitus","/c/en/formal","/c/en/ship","/c/en/skiff"],"weight":0.20415999999999962},"num_concepts_raised":29894},{"base_id":887,"kind":"bot_words","i1":1,"i2":5,"sol":{"path":["/c/en/coitus","/c/en/humorous","/c/hu/banda","/c/en/workgroup"],"weight":0.20316999999999974},"num_concepts_raised":20467},{"base_id":887,"kind":"bot_words","i1":1,"i2":6,"sol":{"path":["/c/en/coitus","/c/en/congress","/c/en/law","/c/en/enshrine"],"weight":0.2036199999999996},"num_concepts_raised":15513},{"base_id":887,"kind":"bot_words","i1":1,"i2":7,"sol":{"path":["/c/en/coitus","/c/en/sexual_intercourse","/c/zh/人道","/c/en/ethics","/c/en/speciesism"],"weight":0.20506999999999972},"num_concepts_raised":13312},{"base_id":887,"kind":"bot_words","i1":1,"i2":8,"sol":{"path":["/c/en/coitus","/c/en/sexual_intercourse","/c/en/tailing","/c/en/current","/c/en/countercurrent"],"weight":0.20580999999999977},"num_concepts_raised":9544},{"base_id":887,"kind":"bot_words","i1":1,"i2":9,"sol":{"path":["/c/en/coitus","/c/en/formal","/c/en/well","/c/en/netty"],"weight":0.20328999999999967},"num_concepts_raised":18031},{"base_id":887,"kind":"bot_words","i1":2,"i2":3,"sol":{"path":["/c/en/resistible","/c/en/resist","/c/en/covering","/c/en/clothing","/c/en/swimwear"],"weight":0.20329},"num_concepts_raised":4871},{"base_id":887,"kind":"bot_words","i1":2,"i2":4,"sol":{"path":["/c/en/resistible","/c/fr/résistible","/c/fr/résister","/c/en/weather","/c/en/skiff"],"weight":0.20574999999999988},"num_concepts_raised":23930},{"base_id":887,"kind":"bot_words","i1":2,"i2":5,"sol":{"path":["/c/en/resistible","/c/en/resist","/c/en/protest","/c/en/group","/c/en/workgroup"],"weight":0.20298000000000002},"num_concepts_raised":14178},{"base_id":887,"kind":"bot_words","i1":2,"i2":6,"sol":{"path":["/c/en/resistible","/c/en/resist","/c/en/action","/c/en/preserve","/c/en/enshrine"],"weight":0.20335999999999987},"num_concepts_raised":9175},{"base_id":887,"kind":"bot_words","i1":2,"i2":7,"sol":{"path":["/c/en/resistible","/c/en/resist","/c/en/conservative","/c/en/right","/c/en/speciesism"],"weight":0.20333},"num_concepts_raised":6916},{"base_id":887,"kind":"bot_words","i1":2,"i2":8,"sol":{"path":["/c/en/resistible","/c/en/resist","/c/en/resistance","/c/en/current","/c/en/countercurrent"],"weight":0.20411000000000004},"num_concepts_raised":3114},{"base_id":887,"kind":"bot_words","i1":2,"i2":9,"sol":{"path":["/c/en/resistible","/c/en/resist","/c/en/covering","/c/en/toilet","/c/en/netty"],"weight":0.20315999999999995},"num_concepts_raised":11731},{"base_id":887,"kind":"bot_words","i1":3,"i2":4,"sol":{"path":["/c/en/swimwear","/c/en/wear","/c/en/stern","/c/en/skiff"],"weight":0.20369999999999977},"num_concepts_raised":27439},{"base_id":887,"kind":"bot_words","i1":3,"i2":5,"sol":{"path":["/c/en/swimwear","/c/en/swimsuit","/c/en/suit","/c/hu/banda","/c/en/workgroup"],"weight":0.20512999999999987},"num_concepts_raised":17812},{"base_id":887,"kind":"bot_words","i1":3,"i2":6,"sol":{"path":["/c/en/swimwear","/c/en/wear","/c/en/protect","/c/en/enshrine"],"weight":0.20328999999999975},"num_concepts_raised":12807},{"base_id":887,"kind":"bot_words","i1":3,"i2":7,"sol":{"path":["/c/en/swimwear","/c/en/swimming","/c/en/water","/c/en/philosophy","/c/en/speciesism"],"weight":0.20334999999999986},"num_concepts_raised":10597},{"base_id":887,"kind":"bot_words","i1":3,"i2":8,"sol":{"path":["/c/en/swimwear","/c/en/swimming","/c/en/stream","/c/en/current","/c/en/countercurrent"],"weight":0.2041299999999999},"num_concepts_raised":6806},{"base_id":887,"kind":"bot_words","i1":3,"i2":9,"sol":{"path":["/c/en/swimwear","/c/en/wear","/c/en/use","/c/en/netty"],"weight":0.20302999999999982},"num_concepts_raised":15272},{"base_id":887,"kind":"bot_words","i1":4,"i2":5,"sol":{"path":["/c/en/skiff","/c/en/ship","/c/en/company","/c/en/working_group","/c/en/workgroup"],"weight":0.2046399999999998},"num_concepts_raised":36381},{"base_id":887,"kind":"bot_words","i1":4,"i2":6,"sol":{"path":["/c/en/skiff","/c/en/bow","/c/en/reverence","/c/en/enshrine"],"weight":0.20374999999999965},"num_concepts_raised":31696},{"base_id":887,"kind":"bot_words","i1":4,"i2":7,"sol":{"path":["/c/en/skiff","/c/en/boat","/c/en/movement","/c/en/animal_liberation","/c/en/speciesism"],"weight":0.2050299999999998},"num_concepts_raised":29586},{"base_id":887,"kind":"bot_words","i1":4,"i2":8,"sol":{"path":["/c/en/skiff","/c/en/weather","/c/en/current","/c/en/countercurrent"],"weight":0.2045199999999998},"num_concepts_raised":25785},{"base_id":887,"kind":"bot_words","i1":4,"i2":9,"sol":{"path":["/c/en/skiff","/c/en/boat","/c/en/net","/c/en/netty"],"weight":0.2037499999999997},"num_concepts_raised":33918},{"base_id":887,"kind":"bot_words","i1":5,"i2":6,"sol":{"path":["/c/en/workgroup","/c/sv/lag","/c/en/law","/c/en/enshrine"],"weight":0.20302999999999977},"num_concepts_raised":21990},{"base_id":887,"kind":"bot_words","i1":5,"i2":7,"sol":{"path":["/c/en/workgroup","/c/en/group","/c/en/right","/c/en/speciesism"],"weight":0.2029999999999999},"num_concepts_raised":19818},{"base_id":887,"kind":"bot_words","i1":5,"i2":8,"sol":{"path":["/c/en/workgroup","/c/en/computing","/c/en/rip","/c/en/countercurrent"],"weight":0.20271999999999993},"num_concepts_raised":16044},{"base_id":887,"kind":"bot_words","i1":5,"i2":9,"sol":{"path":["/c/en/workgroup","/c/en/computing","/c/en/net","/c/en/netty"],"weight":0.20282999999999984},"num_concepts_raised":24305},{"base_id":887,"kind":"bot_words","i1":6,"i2":7,"sol":{"path":["/c/en/enshrine","/c/en/law","/c/en/right","/c/en/speciesism"],"weight":0.20337999999999978},"num_concepts_raised":14709},{"base_id":887,"kind":"bot_words","i1":6,"i2":8,"sol":{"path":["/c/en/enshrine","/c/en/chest","/c/en/strife","/c/en/countercurrent"],"weight":0.2030199999999998},"num_concepts_raised":11069},{"base_id":887,"kind":"bot_words","i1":6,"i2":9,"sol":{"path":["/c/en/enshrine","/c/en/preserve","/c/en/place","/c/en/netty"],"weight":0.2031399999999997},"num_concepts_raised":19446},{"base_id":887,"kind":"bot_words","i1":7,"i2":8,"sol":{"path":["/c/en/speciesism","/c/en/right","/c/en/current","/c/en/countercurrent"],"weight":0.2041199999999999},"num_concepts_raised":8819},{"base_id":887,"kind":"bot_words","i1":7,"i2":9,"sol":{"path":["/c/en/speciesism","/c/en/right","/c/en/office","/c/en/outhouse","/c/en/netty"],"weight":0.20416999999999982},"num_concepts_raised":17273},{"base_id":887,"kind":"bot_words","i1":8,"i2":9,"sol":{"path":["/c/en/countercurrent","/c/en/current","/c/en/place","/c/en/netty"],"weight":0.20389999999999986},"num_concepts_raised":13573}],[{"base_id":887,"kind":"top_words","i1":0,"i2":1,"sol":{"path":["/c/en/cheapness","/c/en/popularity","/c/en/vulgarity","/c/en/coarseness"],"weight":0.20659999999999962},"num_concepts_raised":3285},{"base_id":887,"kind":"top_words","i1":0,"i2":2,"sol":{"path":["/c/en/cheapness","/c/en/cheap","/c/ja/安い","/c/en/peaceful","/c/en/peacefulness"],"weight":0.2058499999999998},"num_concepts_raised":11580},{"base_id":887,"kind":"top_words","i1":0,"i2":3,"sol":{"path":["/c/en/cheapness","/c/en/cheap","/c/en/quality","/c/en/docility","/c/en/rebelliousness"],"weight":0.20521999999999996},"num_concepts_raised":2511},{"base_id":887,"kind":"top_words","i1":0,"i2":4,"sol":{"path":["/c/en/cheapness","/c/en/cheap","/c/ja/薄っぺら","/c/en/shallow","/c/en/shallowness"],"weight":0.20431999999999995},"num_concepts_raised":2242},{"base_id":887,"kind":"top_words","i1":0,"i2":5,"sol":{"path":["/c/en/cheapness","/c/en/cheap","/c/en/quality","/c/en/unnaturalness","/c/en/artificiality"],"weight":0.20418999999999987},"num_concepts_raised":2130},{"base_id":887,"kind":"top_words","i1":0,"i2":6,"sol":{"path":["/c/en/cheapness","/c/en/cheap","/c/en/tin","/c/en/play","/c/en/looseness"],"weight":0.2047499999999997},"num_concepts_raised":8709},{"base_id":887,"kind":"top_words","i1":0,"i2":7,"sol":{"path":["/c/en/cheapness","/c/en/cheap","/c/en/little","/c/en/narrow","/c/en/narrowness"],"weight":0.20583999999999983},"num_concepts_raised":4741},{"base_id":887,"kind":"top_words","i1":0,"i2":8,"sol":{"path":["/c/en/cheapness","/c/en/cheap","/c/en/slang","/c/en/casual","/c/en/casualness"],"weight":0.20539999999999975},"num_concepts_raised":4041},{"base_id":887,"kind":"top_words","i1":0,"i2":9,"sol":{"path":["/c/en/cheapness","/c/ar/حط","/c/en/place","/c/es/lejanía","/c/en/remoteness"],"weight":0.20473999999999998},"num_concepts_raised":2354},{"base_id":887,"kind":"top_words","i1":1,"i2":2,"sol":{"path":["/c/en/coarseness","/c/en/roughness","/c/eo/maltrankvileco","/c/eo/trankvileco","/c/en/peacefulness"],"weight":0.20677999999999963},"num_concepts_raised":12086},{"base_id":887,"kind":"top_words","i1":1,"i2":3,"sol":{"path":["/c/en/coarseness","/c/en/vulgarity","/c/en/expression","/c/en/emotion","/c/en/rebelliousness"],"weight":0.20625999999999978},"num_concepts_raised":3012},{"base_id":887,"kind":"top_words","i1":1,"i2":4,"sol":{"path":["/c/en/coarseness","/c/en/vulgarity","/c/en/expression","/c/grc/βραχύτησ","/c/en/shallowness"],"weight":0.20630999999999974},"num_concepts_raised":2741},{"base_id":887,"kind":"top_words","i1":1,"i2":5,"sol":{"path":["/c/en/coarseness","/c/en/vulgarity","/c/en/act","/c/ja/作為","/c/en/artificiality"],"weight":0.20620999999999967},"num_concepts_raised":2629},{"base_id":887,"kind":"top_words","i1":1,"i2":6,"sol":{"path":["/c/en/coarseness","/c/fi/rivous","/c/en/licentiousness","/c/en/looseness"],"weight":0.2043999999999995},"num_concepts_raised":9199},{"base_id":887,"kind":"top_words","i1":1,"i2":7,"sol":{"path":["/c/en/coarseness","/c/la/pinguitudo","/c/en/broadness","/c/en/narrowness"],"weight":0.20434999999999964},"num_concepts_raised":5239},{"base_id":887,"kind":"top_words","i1":1,"i2":8,"sol":{"path":["/c/en/coarseness","/c/en/rudeness","/c/en/off_handedness","/c/en/casualness"],"weight":0.20419999999999955},"num_concepts_raised":4528},{"base_id":887,"kind":"top_words","i1":1,"i2":9,"sol":{"path":["/c/en/coarseness","/c/en/coarse","/c/en/backwoods","/c/en/remote","/c/en/remoteness"],"weight":0.2066099999999998},"num_concepts_raised":2858},{"base_id":887,"kind":"top_words","i1":2,"i2":3,"sol":{"path":["/c/en/peacefulness","/c/en/calm","/c/en/emotion","/c/en/rebelliousness"],"weight":0.20361999999999997},"num_concepts_raised":11265},{"base_id":887,"kind":"top_words","i1":2,"i2":4,"sol":{"path":["/c/en/peacefulness","/c/en/calm","/c/en/lake","/c/lv/seklums","/c/en/shallowness"],"weight":0.2047299999999999},"num_concepts_raised":11047},{"base_id":887,"kind":"top_words","i1":2,"i2":5,"sol":{"path":["/c/en/peacefulness","/c/en/calm","/c/en/nature","/c/en/artificial","/c/en/artificiality"],"weight":0.20361999999999986},"num_concepts_raised":10940},{"base_id":887,"kind":"top_words","i1":2,"i2":6,"sol":{"path":["/c/en/peacefulness","/c/en/calm","/c/en/relaxation","/c/en/looseness"],"weight":0.20416999999999969},"num_concepts_raised":17220},{"base_id":887,"kind":"top_words","i1":2,"i2":7,"sol":{"path":["/c/en/peacefulness","/c/en/calm","/c/en/trouble","/c/es/estrechez","/c/en/narrowness"],"weight":0.2060599999999998},"num_concepts_raised":13502},{"base_id":887,"kind":"top_words","i1":2,"i2":8,"sol":{"path":["/c/en/peacefulness","/c/en/calm","/c/en/relaxed","/c/en/casualness"],"weight":0.20378999999999975},"num_concepts_raised":12760},{"base_id":887,"kind":"top_words","i1":2,"i2":9,"sol":{"path":["/c/en/peacefulness","/c/en/peaceful","/c/zh/幽","/c/en/remote","/c/en/remoteness"],"weight":0.20603999999999997},"num_concepts_raised":11162},{"base_id":887,"kind":"top_words","i1":3,"i2":4,"sol":{"path":["/c/en/rebelliousness","/c/en/emotion","/c/en/flippancy","/c/ja/軽薄","/c/en/shallowness"],"weight":0.20390000000000008},"num_concepts_raised":1954},{"base_id":887,"kind":"top_words","i1":3,"i2":5,"sol":{"path":["/c/en/rebelliousness","/c/en/docility","/c/en/quality","/c/en/unnaturalness","/c/en/artificiality"],"weight":0.20377},"num_concepts_raised":1840},{"base_id":887,"kind":"top_words","i1":3,"i2":6,"sol":{"path":["/c/en/rebelliousness","/c/en/emotion","/c/en/relaxation","/c/en/looseness"],"weight":0.20327999999999982},"num_concepts_raised":8412},{"base_id":887,"kind":"top_words","i1":3,"i2":7,"sol":{"path":["/c/en/rebelliousness","/c/en/emotion","/c/en/fit","/c/en/narrow","/c/en/narrowness"],"weight":0.20442999999999995},"num_concepts_raised":4464},{"base_id":887,"kind":"top_words","i1":3,"i2":8,"sol":{"path":["/c/en/rebelliousness","/c/en/emotion","/c/en/relief","/c/en/casual","/c/en/casualness"],"weight":0.20400999999999986},"num_concepts_raised":3746},{"base_id":887,"kind":"top_words","i1":3,"i2":9,"sol":{"path":["/c/en/rebelliousness","/c/en/emotion","/c/en/remote","/c/en/remoteness"],"weight":0.20447000000000015},"num_concepts_raised":2067},{"base_id":887,"kind":"top_words","i1":4,"i2":5,"sol":{"path":["/c/en/shallowness","/c/en/shallow","/c/en/lake_dwelling","/c/en/artificial","/c/en/artificiality"],"weight":0.20292},"num_concepts_raised":1566},{"base_id":887,"kind":"top_words","i1":4,"i2":6,"sol":{"path":["/c/en/shallowness","/c/lv/seklums","/c/en/lake","/c/en/play","/c/en/looseness"],"weight":0.2044799999999998},"num_concepts_raised":8159},{"base_id":887,"kind":"top_words","i1":4,"i2":7,"sol":{"path":["/c/en/shallowness","/c/en/depth","/c/en/narrow","/c/en/narrowness"],"weight":0.20450999999999991},"num_concepts_raised":4152},{"base_id":887,"kind":"top_words","i1":4,"i2":8,"sol":{"path":["/c/en/shallowness","/c/en/depth","/c/en/snorkel","/c/en/casualness"],"weight":0.20300999999999986},"num_concepts_raised":3481},{"base_id":887,"kind":"top_words","i1":4,"i2":9,"sol":{"path":["/c/en/shallowness","/c/en/depth","/c/en/remote","/c/en/remoteness"],"weight":0.20455000000000012},"num_concepts_raised":1789},{"base_id":887,"kind":"top_words","i1":5,"i2":6,"sol":{"path":["/c/en/artificiality","/c/en/unnaturalness","/c/en/restraint","/c/en/looseness"],"weight":0.20323999999999973},"num_concepts_raised":8043},{"base_id":887,"kind":"top_words","i1":5,"i2":7,"sol":{"path":["/c/en/artificiality","/c/en/artificial","/c/en/adjective","/c/en/narrow","/c/en/narrowness"],"weight":0.20442999999999983},"num_concepts_raised":4075},{"base_id":887,"kind":"top_words","i1":5,"i2":8,"sol":{"path":["/c/en/artificiality","/c/en/artificial","/c/en/affectation","/c/en/attitude","/c/en/casualness"],"weight":0.20294999999999977},"num_concepts_raised":3371},{"base_id":887,"kind":"top_words","i1":5,"i2":9,"sol":{"path":["/c/en/artificiality","/c/en/artificial","/c/en/near","/c/en/remote","/c/en/remoteness"],"weight":0.20449},"num_concepts_raised":1682},{"base_id":887,"kind":"top_words","i1":6,"i2":7,"sol":{"path":["/c/en/looseness","/c/en/tight","/c/en/narrow","/c/en/narrowness"],"weight":0.20499999999999968},"num_concepts_raised":10501},{"base_id":887,"kind":"top_words","i1":6,"i2":8,"sol":{"path":["/c/en/looseness","/c/en/relaxed","/c/en/casualness"],"weight":0.202},"num_concepts_raised":125},{"base_id":887,"kind":"top_words","i1":6,"i2":9,"sol":{"path":["/c/en/looseness","/c/en/play","/c/en/pause","/c/en/remote","/c/en/remoteness"],"weight":0.20502999999999985},"num_concepts_raised":8269},{"base_id":887,"kind":"top_words","i1":7,"i2":8,"sol":{"path":["/c/en/narrowness","/c/es/estrechez","/c/en/relationship","/c/fr/abord","/c/en/casualness"],"weight":0.2053599999999997},"num_concepts_raised":5985},{"base_id":887,"kind":"top_words","i1":7,"i2":9,"sol":{"path":["/c/en/narrowness","/c/es/estrechez","/c/en/close","/c/en/remote","/c/en/remoteness"],"weight":0.20694999999999997},"num_concepts_raised":4288},{"base_id":887,"kind":"top_words","i1":8,"i2":9,"sol":{"path":["/c/en/casualness","/c/en/casual","/c/en/nodding_acquaintance","/c/en/remote","/c/en/remoteness"],"weight":0.2056699999999999},"num_concepts_raised":3591}]]