[[{"base_id":707,"kind":"bot_words","i1":0,"i2":1,"sol":{"path":["/c/en/existentialism","/c/en/exist","/c/en/person","/c/en/sexy","/c/en/lubricious"],"weight":0.21605000000000008},"num_concepts_raised":10883},{"base_id":707,"kind":"bot_words","i1":0,"i2":2,"sol":{"path":["/c/en/existentialism","/c/en/movement","/c/en/walk","/c/en/lameness"],"weight":0.21100999999999992},"num_concepts_raised":16063},{"base_id":707,"kind":"bot_words","i1":0,"i2":3,"sol":{"path":["/c/en/existentialism","/c/en/movement","/c/en/backup"],"weight":0.20400000000000001},"num_concepts_raised":241},{"base_id":707,"kind":"bot_words","i1":0,"i2":4,"sol":{"path":["/c/en/existentialism","/c/en/philosophy","/c/en/logic","/c/en/obverse"],"weight":0.21139999999999998},"num_concepts_raised":28363},{"base_id":707,"kind":"bot_words","i1":0,"i2":5,"sol":{"path":["/c/en/existentialism","/c/en/movement","/c/en/animal","/c/en/actinomycete"],"weight":0.21089},"num_concepts_raised":13429},{"base_id":707,"kind":"bot_words","i1":0,"i2":6,"sol":{"path":["/c/en/existentialism","/c/en/exist","/c/en/real","/c/en/agent","/c/en/antifungal"],"weight":0.22216999999999934},"num_concepts_raised":13597},{"base_id":707,"kind":"bot_words","i1":0,"i2":7,"sol":{"path":["/c/en/existentialism","/c/en/fall","/c/en/edge","/c/en/scouting","/c/en/oa"],"weight":0.21553000000000005},"num_concepts_raised":8592},{"base_id":707,"kind":"bot_words","i1":0,"i2":8,"sol":{"path":["/c/en/existentialism","/c/en/exist","/c/en/real","/c/en/slang","/c/en/mincer"],"weight":0.21488000000000007},"num_concepts_raised":29619},{"base_id":707,"kind":"bot_words","i1":0,"i2":9,"sol":{"path":["/c/en/existentialism","/c/en/exist","/c/en/god","/c/en/mashallah"],"weight":0.21473000000000003},"num_concepts_raised":10883},{"base_id":707,"kind":"bot_words","i1":1,"i2":2,"sol":{"path":["/c/en/lubricious","/c/en/sexy","/c/en/slang","/c/en/lame","/c/en/lameness"],"weight":0.20560999999999974},"num_concepts_raised":10354},{"base_id":707,"kind":"bot_words","i1":1,"i2":3,"sol":{"path":["/c/en/lubricious","/c/en/smooth","/c/en/file","/c/en/backup"],"weight":0.2045099999999997},"num_concepts_raised":29665},{"base_id":707,"kind":"bot_words","i1":1,"i2":4,"sol":{"path":["/c/en/lubricious","/c/en/smooth","/c/en/botany","/c/en/obverse"],"weight":0.2035099999999998},"num_concepts_raised":22843},{"base_id":707,"kind":"bot_words","i1":1,"i2":5,"sol":{"path":["/c/en/lubricious","/c/en/smooth","/c/en/animal","/c/en/actinomycete"],"weight":0.20332999999999982},"num_concepts_raised":7650},{"base_id":707,"kind":"bot_words","i1":1,"i2":6,"sol":{"path":["/c/en/lubricious","/c/en/smooth","/c/en/medicine","/c/fr/antifongique","/c/en/antifungal"],"weight":0.21448999999999915},"num_concepts_raised":7790},{"base_id":707,"kind":"bot_words","i1":1,"i2":7,"sol":{"path":["/c/en/lubricious","/c/en/sexy","/c/en/slang","/c/en/oaer","/c/en/oa"],"weight":0.20891999999999988},"num_concepts_raised":2768},{"base_id":707,"kind":"bot_words","i1":1,"i2":8,"sol":{"path":["/c/en/lubricious","/c/en/sexy","/c/en/slang","/c/en/mincer"],"weight":0.2040299999999999},"num_concepts_raised":23853},{"base_id":707,"kind":"bot_words","i1":1,"i2":9,"sol":{"path":["/c/en/lubricious","/c/en/salacious","/c/en/desire","/c/en/will","/c/en/mashallah"],"weight":0.20398999999999984},"num_concepts_raised":5170},{"base_id":707,"kind":"bot_words","i1":2,"i2":3,"sol":{"path":["/c/en/lameness","/c/en/halt","/c/en/back_up","/c/en/backup"],"weight":0.20771999999999952},"num_concepts_raised":34652},{"base_id":707,"kind":"bot_words","i1":2,"i2":4,"sol":{"path":["/c/en/lameness","/c/en/walk","/c/en/side","/c/en/obverse"],"weight":0.20378999999999964},"num_concepts_raised":27985},{"base_id":707,"kind":"bot_words","i1":2,"i2":5,"sol":{"path":["/c/en/lameness","/c/fr/argot","/c/fi/sieni","/c/fi/sädesieni","/c/en/actinomycete"],"weight":0.20549999999999963},"num_concepts_raised":12886},{"base_id":707,"kind":"bot_words","i1":2,"i2":6,"sol":{"path":["/c/en/lameness","/c/en/lame","/c/en/efficient","/c/en/agent","/c/en/antifungal"],"weight":0.211649999999999},"num_concepts_raised":13059},{"base_id":707,"kind":"bot_words","i1":2,"i2":7,"sol":{"path":["/c/en/lameness","/c/en/lame","/c/en/slang","/c/en/oaer","/c/en/oa"],"weight":0.2093099999999997},"num_concepts_raised":8051},{"base_id":707,"kind":"bot_words","i1":2,"i2":8,"sol":{"path":["/c/en/lameness","/c/en/lame","/c/en/slang","/c/en/mincer"],"weight":0.20441999999999974},"num_concepts_raised":28317},{"base_id":707,"kind":"bot_words","i1":2,"i2":9,"sol":{"path":["/c/en/lameness","/c/en/gimp","/c/en/leader","/c/en/god","/c/en/mashallah"],"weight":0.2032399999999997},"num_concepts_raised":10431},{"base_id":707,"kind":"bot_words","i1":3,"i2":4,"sol":{"path":["/c/en/backup","/c/en/computing","/c/ja/表","/c/en/obverse"],"weight":0.20720999999999962},"num_concepts_raised":46534},{"base_id":707,"kind":"bot_words","i1":3,"i2":5,"sol":{"path":["/c/en/backup","/c/en/destroy","/c/en/antibiotic","/c/en/actinomycete"],"weight":0.20456999999999959},"num_concepts_raised":32151},{"base_id":707,"kind":"bot_words","i1":3,"i2":6,"sol":{"path":["/c/en/backup","/c/en/computing","/c/en/agent","/c/en/antifungal"],"weight":0.21297999999999895},"num_concepts_raised":32363},{"base_id":707,"kind":"bot_words","i1":3,"i2":7,"sol":{"path":["/c/en/backup","/c/en/computing","/c/en/dib","/c/en/scouting","/c/en/oa"],"weight":0.21059999999999962},"num_concepts_raised":27443},{"base_id":707,"kind":"bot_words","i1":3,"i2":8,"sol":{"path":["/c/en/backup","/c/en/file","/c/en/slang","/c/en/mincer"],"weight":0.2043399999999997},"num_concepts_raised":47706},{"base_id":707,"kind":"bot_words","i1":3,"i2":9,"sol":{"path":["/c/en/backup","/c/en/ghost","/c/en/god","/c/en/mashallah"],"weight":0.2041499999999996},"num_concepts_raised":29754},{"base_id":707,"kind":"bot_words","i1":4,"i2":5,"sol":{"path":["/c/en/obverse","/c/en/head","/c/en/animal","/c/en/actinomycete"],"weight":0.20371999999999973},"num_concepts_raised":25277},{"base_id":707,"kind":"bot_words","i1":4,"i2":6,"sol":{"path":["/c/en/obverse","/c/en/principal","/c/en/agent","/c/en/antifungal"],"weight":0.21063999999999908},"num_concepts_raised":25519},{"base_id":707,"kind":"bot_words","i1":4,"i2":7,"sol":{"path":["/c/en/obverse","/c/ja/表","/c/en/computer_terminology","/c/ja/オーエー","/c/en/oa"],"weight":0.20920999999999976},"num_concepts_raised":20577},{"base_id":707,"kind":"bot_words","i1":4,"i2":8,"sol":{"path":["/c/en/obverse","/c/en/coin","/c/en/slang","/c/en/mincer"],"weight":0.20341999999999982},"num_concepts_raised":41187},{"base_id":707,"kind":"bot_words","i1":4,"i2":9,"sol":{"path":["/c/en/obverse","/c/vi/phải","/c/fr/être","/c/en/will","/c/en/mashallah"],"weight":0.20416999999999977},"num_concepts_raised":22898},{"base_id":707,"kind":"bot_words","i1":5,"i2":6,"sol":{"path":["/c/en/actinomycete","/c/en/filipin","/c/en/antifungal"],"weight":0.20400000000000001},"num_concepts_raised":269},{"base_id":707,"kind":"bot_words","i1":5,"i2":7,"sol":{"path":["/c/en/actinomycete","/c/en/bacteria","/c/en/slang","/c/en/oaer","/c/en/oa"],"weight":0.20807999999999977},"num_concepts_raised":5347},{"base_id":707,"kind":"bot_words","i1":5,"i2":8,"sol":{"path":["/c/en/actinomycete","/c/en/bacteria","/c/en/slang","/c/en/mincer"],"weight":0.20318999999999982},"num_concepts_raised":26350},{"base_id":707,"kind":"bot_words","i1":5,"i2":9,"sol":{"path":["/c/en/actinomycete","/c/en/bacteria","/c/en/everywhere","/c/en/god","/c/en/mashallah"],"weight":0.20307999999999976},"num_concepts_raised":7729},{"base_id":707,"kind":"bot_words","i1":6,"i2":7,"sol":{"path":["/c/en/antifungal","/c/en/fungus","/c/ja/芝","/c/en/scouting","/c/en/oa"],"weight":0.21504999999999913},"num_concepts_raised":5475},{"base_id":707,"kind":"bot_words","i1":6,"i2":8,"sol":{"path":["/c/en/antifungal","/c/fr/antifongique","/c/en/medicine","/c/en/slang","/c/en/mincer"],"weight":0.21428999999999915},"num_concepts_raised":26606},{"base_id":707,"kind":"bot_words","i1":6,"i2":9,"sol":{"path":["/c/en/antifungal","/c/en/fungicidal","/c/en/control","/c/en/god","/c/en/mashallah"],"weight":0.21009999999999912},"num_concepts_raised":7869},{"base_id":707,"kind":"bot_words","i1":7,"i2":8,"sol":{"path":["/c/en/oa","/c/en/oaer","/c/en/slang","/c/en/mincer"],"weight":0.20772999999999986},"num_concepts_raised":21640},{"base_id":707,"kind":"bot_words","i1":7,"i2":9,"sol":{"path":["/c/en/oa","/c/sw/oa","/c/en/marry","/c/en/will","/c/en/mashallah"],"weight":0.2076199999999998},"num_concepts_raised":2844},{"base_id":707,"kind":"bot_words","i1":8,"i2":9,"sol":{"path":["/c/en/mincer","/c/en/mince","/c/en/min","/c/en/god","/c/en/mashallah"],"weight":0.20373999999999987},"num_concepts_raised":23987}],[{"base_id":707,"kind":"top_words","i1":0,"i2":1,"sol":{"path":["/c/en/d6","/c/en/d4"],"weight":0.20400000000000001},"num_concepts_raised":53},{"base_id":707,"kind":"top_words","i1":0,"i2":2,"sol":{"path":["/c/en/d6","/c/en/dice","/c/en/bone","/c/en/bonesetter"],"weight":0.2039799999999999},"num_concepts_raised":5580},{"base_id":707,"kind":"top_words","i1":0,"i2":3,"sol":{"path":["/c/en/d6","/c/en/die","/c/en/life","/c/en/magazine","/c/en/g3"],"weight":0.20803999999999984},"num_concepts_raised":5071},{"base_id":707,"kind":"top_words","i1":0,"i2":4,"sol":{"path":["/c/en/d6","/c/fr/jeux","/c/fr/matador","/c/en/matador","/c/en/picador"],"weight":0.20410999999999996},"num_concepts_raised":3596},{"base_id":707,"kind":"top_words","i1":0,"i2":5,"sol":{"path":["/c/en/d6","/c/en/die","/c/en/family","/c/en/baltic","/c/en/balt"],"weight":0.20522999999999986},"num_concepts_raised":13008},{"base_id":707,"kind":"top_words","i1":0,"i2":6,"sol":{"path":["/c/en/d6","/c/en/die","/c/en/rest","/c/en/computing","/c/en/decompress"],"weight":0.2036099999999998},"num_concepts_raised":17824},{"base_id":707,"kind":"top_words","i1":0,"i2":7,"sol":{"path":["/c/en/d6","/c/en/die","/c/en/animal","/c/en/bird","/c/en/wallcreeper"],"weight":0.2084599999999998},"num_concepts_raised":7406},{"base_id":707,"kind":"top_words","i1":0,"i2":8,"sol":{"path":["/c/en/d6","/c/fr/jeux","/c/fr/chat","/c/en/pussycat"],"weight":0.2030599999999999},"num_concepts_raised":16442},{"base_id":707,"kind":"top_words","i1":0,"i2":9,"sol":{"path":["/c/en/d6","/c/en/die","/c/en/plant","/c/en/botany","/c/en/drupal"],"weight":0.20833999999999972},"num_concepts_raised":12341},{"base_id":707,"kind":"top_words","i1":1,"i2":2,"sol":{"path":["/c/en/d4","/c/en/d6","/c/en/dice","/c/en/bone","/c/en/bonesetter"],"weight":0.20518999999999996},"num_concepts_raised":5378},{"base_id":707,"kind":"top_words","i1":1,"i2":3,"sol":{"path":["/c/en/d4","/c/en/die","/c/en/life","/c/en/magazine","/c/en/g3"],"weight":0.20801999999999987},"num_concepts_raised":4866},{"base_id":707,"kind":"top_words","i1":1,"i2":4,"sol":{"path":["/c/en/d4","/c/fr/jeux","/c/fr/matador","/c/en/matador","/c/en/picador"],"weight":0.20414},"num_concepts_raised":3391},{"base_id":707,"kind":"top_words","i1":1,"i2":5,"sol":{"path":["/c/en/d4","/c/en/die","/c/en/family","/c/en/baltic","/c/en/balt"],"weight":0.2052099999999999},"num_concepts_raised":12803},{"base_id":707,"kind":"top_words","i1":1,"i2":6,"sol":{"path":["/c/en/d4","/c/en/die","/c/en/rest","/c/en/computing","/c/en/decompress"],"weight":0.20358999999999983},"num_concepts_raised":17624},{"base_id":707,"kind":"top_words","i1":1,"i2":7,"sol":{"path":["/c/en/d4","/c/en/die","/c/en/animal","/c/en/bird","/c/en/wallcreeper"],"weight":0.20843999999999985},"num_concepts_raised":7201},{"base_id":707,"kind":"top_words","i1":1,"i2":8,"sol":{"path":["/c/en/d4","/c/fr/jeux","/c/fr/chat","/c/en/pussycat"],"weight":0.20308999999999994},"num_concepts_raised":16237},{"base_id":707,"kind":"top_words","i1":1,"i2":9,"sol":{"path":["/c/en/d4","/c/en/die","/c/en/plant","/c/en/botany","/c/en/drupal"],"weight":0.20831999999999976},"num_concepts_raised":12135},{"base_id":707,"kind":"top_words","i1":2,"i2":3,"sol":{"path":["/c/en/bonesetter","/c/en/bone","/c/en/material","/c/en/magazine","/c/en/g3"],"weight":0.20890999999999982},"num_concepts_raised":4815},{"base_id":707,"kind":"top_words","i1":2,"i2":4,"sol":{"path":["/c/en/bonesetter","/c/en/bone","/c/en/domino","/c/en/matador","/c/en/picador"],"weight":0.20495999999999992},"num_concepts_raised":3339},{"base_id":707,"kind":"top_words","i1":2,"i2":5,"sol":{"path":["/c/en/bonesetter","/c/en/bone","/c/en/slang","/c/en/baltic","/c/en/balt"],"weight":0.20610999999999985},"num_concepts_raised":12746},{"base_id":707,"kind":"top_words","i1":2,"i2":6,"sol":{"path":["/c/en/bonesetter","/c/en/bone","/c/en/break","/c/en/computing","/c/en/decompress"],"weight":0.20447999999999977},"num_concepts_raised":17557},{"base_id":707,"kind":"top_words","i1":2,"i2":7,"sol":{"path":["/c/en/bonesetter","/c/pt/alcatraz","/c/fr/oiseaux","/c/de/mauerläufer","/c/en/wallcreeper"],"weight":0.2101799999999998},"num_concepts_raised":7123},{"base_id":707,"kind":"top_words","i1":2,"i2":8,"sol":{"path":["/c/en/bonesetter","/c/en/broken","/c/en/person","/c/en/pussycat"],"weight":0.2027899999999999},"num_concepts_raised":16200},{"base_id":707,"kind":"top_words","i1":2,"i2":9,"sol":{"path":["/c/en/bonesetter","/c/en/broken","/c/en/community","/c/en/drupal"],"weight":0.2080599999999997},"num_concepts_raised":12052},{"base_id":707,"kind":"top_words","i1":3,"i2":4,"sol":{"path":["/c/en/g3","/c/en/magazine","/c/fr/militaire","/c/fr/pique","/c/fr/picador","/c/en/picador"],"weight":0.21423359999999977},"num_concepts_raised":287972},{"base_id":707,"kind":"top_words","i1":3,"i2":5,"sol":{"path":["/c/en/g3","/c/en/magazine","/c/en/europe","/c/en/baltic","/c/en/balt"],"weight":0.2100599999999998},"num_concepts_raised":12207},{"base_id":707,"kind":"top_words","i1":3,"i2":6,"sol":{"path":["/c/en/g3","/c/en/magazine","/c/en/chamber","/c/en/depressurize","/c/en/decompress"],"weight":0.2091399999999997},"num_concepts_raised":17008},{"base_id":707,"kind":"top_words","i1":3,"i2":7,"sol":{"path":["/c/en/g3","/c/en/magazine","/c/en/egg","/c/en/bird","/c/en/wallcreeper"],"weight":0.21325999999999973},"num_concepts_raised":6623},{"base_id":707,"kind":"top_words","i1":3,"i2":8,"sol":{"path":["/c/en/g3","/c/en/product","/c/en/slang","/c/en/pussy","/c/en/pussycat"],"weight":0.21000999999999984},"num_concepts_raised":15650},{"base_id":707,"kind":"top_words","i1":3,"i2":9,"sol":{"path":["/c/en/g3","/c/en/magazine","/c/en/cheese","/c/en/software","/c/en/drupal"],"weight":0.21311999999999964},"num_concepts_raised":11528},{"base_id":707,"kind":"top_words","i1":4,"i2":5,"sol":{"path":["/c/en/picador","/c/en/horseman","/c/en/uk","/c/en/baltic","/c/en/balt"],"weight":0.2049899999999999},"num_concepts_raised":10771},{"base_id":707,"kind":"top_words","i1":4,"i2":6,"sol":{"path":["/c/en/picador","/c/en/matador","/c/en/athlete","/c/en/diver","/c/en/decompress"],"weight":0.2042299999999998},"num_concepts_raised":15621},{"base_id":707,"kind":"top_words","i1":4,"i2":7,"sol":{"path":["/c/en/picador","/c/en/bullfighting","/c/en/animal","/c/en/bird","/c/en/wallcreeper"],"weight":0.20841999999999983},"num_concepts_raised":5149},{"base_id":707,"kind":"top_words","i1":4,"i2":8,"sol":{"path":["/c/en/picador","/c/en/bullfighter","/c/en/person","/c/en/pussycat"],"weight":0.20284999999999992},"num_concepts_raised":14238},{"base_id":707,"kind":"top_words","i1":4,"i2":9,"sol":{"path":["/c/en/picador","/c/en/bullfighting","/c/fr/véronique","/c/en/botany","/c/en/drupal"],"weight":0.20827999999999974},"num_concepts_raised":10088},{"base_id":707,"kind":"top_words","i1":5,"i2":6,"sol":{"path":["/c/en/balt","/c/en/legal","/c/fi/purkaa","/c/en/decompress"],"weight":0.2031399999999997},"num_concepts_raised":24842},{"base_id":707,"kind":"top_words","i1":5,"i2":7,"sol":{"path":["/c/en/balt","/c/en/baltic","/c/en/slang","/c/en/bird","/c/en/wallcreeper"],"weight":0.21042999999999976},"num_concepts_raised":14560},{"base_id":707,"kind":"top_words","i1":5,"i2":8,"sol":{"path":["/c/en/balt","/c/en/lithuanian","/c/en/person","/c/en/pussycat"],"weight":0.20289999999999986},"num_concepts_raised":23460},{"base_id":707,"kind":"top_words","i1":5,"i2":9,"sol":{"path":["/c/en/balt","/c/en/baltic","/c/en/language","/c/en/community","/c/en/drupal"],"weight":0.21040999999999965},"num_concepts_raised":19439},{"base_id":707,"kind":"top_words","i1":6,"i2":7,"sol":{"path":["/c/en/decompress","/c/en/depressurize","/c/en/air","/c/en/bird","/c/en/wallcreeper"],"weight":0.20958999999999967},"num_concepts_raised":19393},{"base_id":707,"kind":"top_words","i1":6,"i2":8,"sol":{"path":["/c/en/decompress","/c/en/pressure","/c/en/person","/c/en/pussycat"],"weight":0.20317999999999975},"num_concepts_raised":28307},{"base_id":707,"kind":"top_words","i1":6,"i2":9,"sol":{"path":["/c/en/decompress","/c/en/computing","/c/en/software","/c/en/drupal"],"weight":0.20866999999999958},"num_concepts_raised":23825},{"base_id":707,"kind":"top_words","i1":7,"i2":8,"sol":{"path":["/c/en/wallcreeper","/c/en/bird","/c/en/slang","/c/en/pussy","/c/en/pussycat"],"weight":0.2104499999999998},"num_concepts_raised":17997},{"base_id":707,"kind":"top_words","i1":7,"i2":9,"sol":{"path":["/c/en/wallcreeper","/c/en/bird","/c/en/chicken","/c/en/software","/c/en/drupal"],"weight":0.21354999999999963},"num_concepts_raised":13871},{"base_id":707,"kind":"top_words","i1":8,"i2":9,"sol":{"path":["/c/en/pussycat","/c/en/pussy","/c/en/slang","/c/en/blog","/c/en/drupal"],"weight":0.21031999999999973},"num_concepts_raised":22883}]]