[[{"base_id":445,"kind":"bot_words","i1":0,"i2":1,"sol":{"path":["/c/en/logogram","/c/en/character","/c/en/mathematics","/c/en/tau"],"weight":0.21741999999999975},"num_concepts_raised":29389},{"base_id":445,"kind":"bot_words","i1":0,"i2":2,"sol":{"path":["/c/en/logogram","/c/en/logo","/c/en/sign","/c/en/disease","/c/en/babesiosis"],"weight":0.2100399999999999},"num_concepts_raised":15500},{"base_id":445,"kind":"bot_words","i1":0,"i2":3,"sol":{"path":["/c/en/logogram","/c/en/logo","/c/en/apple","/c/en/berry","/c/en/wolfberry"],"weight":0.2046199999999999},"num_concepts_raised":6866},{"base_id":445,"kind":"bot_words","i1":0,"i2":4,"sol":{"path":["/c/en/logogram","/c/en/word","/c/en/abridge","/c/en/lessen"],"weight":0.20619999999999944},"num_concepts_raised":20084},{"base_id":445,"kind":"bot_words","i1":0,"i2":5,"sol":{"path":["/c/en/logogram","/c/en/word","/c/en/slang","/c/en/pitty"],"weight":0.20848999999999981},"num_concepts_raised":22377},{"base_id":445,"kind":"bot_words","i1":0,"i2":6,"sol":{"path":["/c/en/logogram","/c/en/word","/c/en/hey","/c/en/greeting"],"weight":0.21340999999999946},"num_concepts_raised":27853},{"base_id":445,"kind":"bot_words","i1":0,"i2":7,"sol":{"path":["/c/en/logogram","/c/en/logo","/c/en/element","/c/en/air","/c/en/sylph"],"weight":0.21018999999999977},"num_concepts_raised":15084},{"base_id":445,"kind":"bot_words","i1":0,"i2":8,"sol":{"path":["/c/en/logogram","/c/en/character","/c/en/open","/c/he/פתח","/c/en/ptah"],"weight":0.20906999999999976},"num_concepts_raised":6495},{"base_id":445,"kind":"bot_words","i1":0,"i2":9,"sol":{"path":["/c/en/logogram","/c/en/puzzle","/c/en/tangram"],"weight":0.20400000000000001},"num_concepts_raised":103},{"base_id":445,"kind":"bot_words","i1":1,"i2":2,"sol":{"path":["/c/en/tau","/c/en/tauopathy","/c/en/disease","/c/en/babesiosis"],"weight":0.21996999999999983},"num_concepts_raised":32821},{"base_id":445,"kind":"bot_words","i1":1,"i2":3,"sol":{"path":["/c/en/tau","/c/en/mathematics","/c/en/type","/c/en/berry","/c/en/wolfberry"],"weight":0.21671999999999983},"num_concepts_raised":24345},{"base_id":445,"kind":"bot_words","i1":1,"i2":4,"sol":{"path":["/c/en/tau","/c/en/mathematics","/c/en/reduce","/c/en/lessen"],"weight":0.22122999999999937},"num_concepts_raised":37391},{"base_id":445,"kind":"bot_words","i1":1,"i2":5,"sol":{"path":["/c/en/tau","/c/no/tau","/c/en/rope","/c/en/slang","/c/en/pitty"],"weight":0.22354999999999975},"num_concepts_raised":39755},{"base_id":445,"kind":"bot_words","i1":1,"i2":6,"sol":{"path":["/c/en/tau","/c/en/letter","/c/en/greeting"],"weight":0.20800000000000002},"num_concepts_raised":446},{"base_id":445,"kind":"bot_words","i1":1,"i2":7,"sol":{"path":["/c/en/tau","/c/no/tau","/c/en/physics","/c/en/sublime","/c/en/sylph"],"weight":0.22422999999999968},"num_concepts_raised":32462},{"base_id":445,"kind":"bot_words","i1":1,"i2":8,"sol":{"path":["/c/en/tau","/c/en/mathematics","/c/en/set","/c/en/egyptian_mythology","/c/en/ptah"],"weight":0.2221099999999997},"num_concepts_raised":23977},{"base_id":445,"kind":"bot_words","i1":1,"i2":9,"sol":{"path":["/c/en/tau","/c/en/mathematics","/c/en/square","/c/en/tangram"],"weight":0.22222999999999987},"num_concepts_raised":26381},{"base_id":445,"kind":"bot_words","i1":2,"i2":3,"sol":{"path":["/c/en/babesiosis","/c/en/pathology","/c/syc/ܥܢܒܬܐ","/c/en/berry","/c/en/wolfberry"],"weight":0.20833},"num_concepts_raised":10039},{"base_id":445,"kind":"bot_words","i1":2,"i2":4,"sol":{"path":["/c/en/babesiosis","/c/en/disease","/c/en/ease","/c/en/lessen"],"weight":0.21099999999999952},"num_concepts_raised":23329},{"base_id":445,"kind":"bot_words","i1":2,"i2":5,"sol":{"path":["/c/en/babesiosis","/c/en/disease","/c/en/flea","/c/en/alternative_rock","/c/en/pitty"],"weight":0.21318999999999988},"num_concepts_raised":25630},{"base_id":445,"kind":"bot_words","i1":2,"i2":6,"sol":{"path":["/c/en/babesiosis","/c/en/pathology","/c/en/dr","/c/en/salutation","/c/en/greeting"],"weight":0.22300999999999954},"num_concepts_raised":31488},{"base_id":445,"kind":"bot_words","i1":2,"i2":7,"sol":{"path":["/c/en/babesiosis","/c/en/malaria","/c/en/air","/c/en/sylph"],"weight":0.21382999999999983},"num_concepts_raised":18301},{"base_id":445,"kind":"bot_words","i1":2,"i2":8,"sol":{"path":["/c/en/babesiosis","/c/en/disease","/c/en/plague","/c/en/sekhmet","/c/en/ptah"],"weight":0.21376999999999982},"num_concepts_raised":9665},{"base_id":445,"kind":"bot_words","i1":2,"i2":9,"sol":{"path":["/c/en/babesiosis","/c/en/disease","/c/en/power","/c/en/square","/c/en/tangram"],"weight":0.21387},"num_concepts_raised":12270},{"base_id":445,"kind":"bot_words","i1":3,"i2":4,"sol":{"path":["/c/en/wolfberry","/c/en/berry","/c/en/small","/c/en/reduce","/c/en/lessen"],"weight":0.20757999999999954},"num_concepts_raised":14744},{"base_id":445,"kind":"bot_words","i1":3,"i2":5,"sol":{"path":["/c/en/wolfberry","/c/en/berry","/c/en/musical_artist","/c/en/pitty"],"weight":0.20780999999999988},"num_concepts_raised":17023},{"base_id":445,"kind":"bot_words","i1":3,"i2":6,"sol":{"path":["/c/en/wolfberry","/c/en/berry","/c/en/military","/c/it/saluto","/c/en/greeting"],"weight":0.21691999999999956},"num_concepts_raised":22899},{"base_id":445,"kind":"bot_words","i1":3,"i2":7,"sol":{"path":["/c/en/wolfberry","/c/en/berry","/c/en/blue","/c/en/woman","/c/en/sylph"],"weight":0.20853999999999984},"num_concepts_raised":9691},{"base_id":445,"kind":"bot_words","i1":3,"i2":8,"sol":{"path":["/c/en/wolfberry","/c/en/berry","/c/ja/果実","/c/en/nut","/c/en/egyptian_mythology","/c/en/ptah"],"weight":0.21156549999999982},"num_concepts_raised":97384},{"base_id":445,"kind":"bot_words","i1":3,"i2":9,"sol":{"path":["/c/en/wolfberry","/c/en/berry","/c/en/military","/c/en/square","/c/en/tangram"],"weight":0.20852000000000004},"num_concepts_raised":3626},{"base_id":445,"kind":"bot_words","i1":4,"i2":5,"sol":{"path":["/c/en/lessen","/c/en/shrink","/c/en/slang","/c/en/pitty"],"weight":0.21048999999999946},"num_concepts_raised":30164},{"base_id":445,"kind":"bot_words","i1":4,"i2":6,"sol":{"path":["/c/en/lessen","/c/en/lower","/c/en/letter","/c/en/greeting"],"weight":0.2163399999999991},"num_concepts_raised":35845},{"base_id":445,"kind":"bot_words","i1":4,"i2":7,"sol":{"path":["/c/en/lessen","/c/th/ร้า","/c/en/woman","/c/en/sylph"],"weight":0.21099999999999938},"num_concepts_raised":22906},{"base_id":445,"kind":"bot_words","i1":4,"i2":8,"sol":{"path":["/c/en/lessen","/c/en/reduce","/c/en/ash","/c/en/egyptian_mythology","/c/en/ptah"],"weight":0.2128699999999994},"num_concepts_raised":14377},{"base_id":445,"kind":"bot_words","i1":4,"i2":9,"sol":{"path":["/c/en/lessen","/c/en/reduce","/c/en/square","/c/en/tangram"],"weight":0.21299999999999958},"num_concepts_raised":16901},{"base_id":445,"kind":"bot_words","i1":5,"i2":6,"sol":{"path":["/c/en/pitty","/c/en/slang","/c/is/halló","/c/en/greeting"],"weight":0.21748999999999946},"num_concepts_raised":38019},{"base_id":445,"kind":"bot_words","i1":5,"i2":7,"sol":{"path":["/c/en/pitty","/c/en/slang","/c/en/girl","/c/en/sylph"],"weight":0.21332999999999974},"num_concepts_raised":24922},{"base_id":445,"kind":"bot_words","i1":5,"i2":8,"sol":{"path":["/c/en/pitty","/c/en/slang","/c/en/cat","/c/en/bastet","/c/en/ptah"],"weight":0.21319999999999975},"num_concepts_raised":16664},{"base_id":445,"kind":"bot_words","i1":5,"i2":9,"sol":{"path":["/c/en/pitty","/c/en/slang","/c/en/square","/c/en/tangram"],"weight":0.21332999999999994},"num_concepts_raised":19194},{"base_id":445,"kind":"bot_words","i1":6,"i2":7,"sol":{"path":["/c/en/greeting","/c/en/kiss","/c/en/magazine","/c/en/sylph"],"weight":0.2181499999999994},"num_concepts_raised":30900},{"base_id":445,"kind":"bot_words","i1":6,"i2":8,"sol":{"path":["/c/en/greeting","/c/en/salutation","/c/en/opening","/c/he/פתח","/c/en/ptah"],"weight":0.22305999999999937},"num_concepts_raised":22529},{"base_id":445,"kind":"bot_words","i1":6,"i2":9,"sol":{"path":["/c/en/greeting","/c/en/card","/c/en/square","/c/en/tangram"],"weight":0.21812999999999957},"num_concepts_raised":24983},{"base_id":445,"kind":"bot_words","i1":7,"i2":8,"sol":{"path":["/c/en/sylph","/c/fr/sylphe","/c/fr/mythologie","/c/eo/ptaho","/c/en/ptah"],"weight":0.21813999999999967},"num_concepts_raised":9317},{"base_id":445,"kind":"bot_words","i1":7,"i2":9,"sol":{"path":["/c/en/sylph","/c/en/mythology","/c/en/person","/c/en/square","/c/en/tangram"],"weight":0.2140899999999999},"num_concepts_raised":11885},{"base_id":445,"kind":"bot_words","i1":8,"i2":9,"sol":{"path":["/c/en/ptah","/c/en/egyptian_mythology","/c/en/nut","/c/en/square","/c/en/tangram"],"weight":0.21388999999999986},"num_concepts_raised":3254}],[{"base_id":445,"kind":"top_words","i1":0,"i2":1,"sol":{"path":["/c/en/cortex","/c/en/cerebral_cortex","/c/en/neuron","/c/en/neuronal"],"weight":0.20671999999999965},"num_concepts_raised":24766},{"base_id":445,"kind":"top_words","i1":0,"i2":2,"sol":{"path":["/c/en/cortex","/c/en/cortical"],"weight":0.20400000000000001},"num_concepts_raised":178},{"base_id":445,"kind":"top_words","i1":0,"i2":3,"sol":{"path":["/c/en/cortex","/c/en/brain","/c/en/synapse","/c/en/synaptic"],"weight":0.2121899999999995},"num_concepts_raised":26922},{"base_id":445,"kind":"top_words","i1":0,"i2":4,"sol":{"path":["/c/en/cortex","/c/en/cerebral_cortex","/c/en/neuron"],"weight":0.20700000000000002},"num_concepts_raised":502},{"base_id":445,"kind":"top_words","i1":0,"i2":5,"sol":{"path":["/c/en/cortex","/c/en/anatomy","/c/fi/afferentti","/c/en/afferent"],"weight":0.20706999999999964},"num_concepts_raised":26196},{"base_id":445,"kind":"top_words","i1":0,"i2":6,"sol":{"path":["/c/en/cortex","/c/en/brain","/c/en/hippocampus"],"weight":0.20500000000000002},"num_concepts_raised":244},{"base_id":445,"kind":"top_words","i1":0,"i2":7,"sol":{"path":["/c/en/cortex","/c/en/anatomy","/c/en/hypothalamus"],"weight":0.20400000000000001},"num_concepts_raised":232},{"base_id":445,"kind":"top_words","i1":0,"i2":8,"sol":{"path":["/c/en/cortex","/c/en/cerebral_cortex","/c/en/thalamus"],"weight":0.20500000000000002},"num_concepts_raised":245},{"base_id":445,"kind":"top_words","i1":0,"i2":9,"sol":{"path":["/c/en/cortex","/c/en/anatomy","/c/en/sympathetic","/c/en/parasympathetic"],"weight":0.20676999999999968},"num_concepts_raised":25212},{"base_id":445,"kind":"top_words","i1":1,"i2":2,"sol":{"path":["/c/en/neuronal","/c/en/neuron","/c/en/brain","/c/en/cortical"],"weight":0.20485999999999982},"num_concepts_raised":39091},{"base_id":445,"kind":"top_words","i1":1,"i2":3,"sol":{"path":["/c/en/neuronal","/c/en/neuron","/c/en/synapse","/c/en/synaptic"],"weight":0.2120999999999998},"num_concepts_raised":3603},{"base_id":445,"kind":"top_words","i1":1,"i2":4,"sol":{"path":["/c/en/neuronal","/c/en/neuron"],"weight":0.20800000000000002},"num_concepts_raised":407},{"base_id":445,"kind":"top_words","i1":1,"i2":5,"sol":{"path":["/c/en/neuronal","/c/en/neuron","/c/en/interneuron","/c/en/afferent"],"weight":0.20456999999999986},"num_concepts_raised":2972},{"base_id":445,"kind":"top_words","i1":1,"i2":6,"sol":{"path":["/c/en/neuronal","/c/en/neuron","/c/en/brain","/c/en/hippocampus"],"weight":0.21284999999999968},"num_concepts_raised":24083},{"base_id":445,"kind":"top_words","i1":1,"i2":7,"sol":{"path":["/c/en/neuronal","/c/en/neuron","/c/en/brain","/c/en/hypothalamus"],"weight":0.21171000000000006},"num_concepts_raised":22275},{"base_id":445,"kind":"top_words","i1":1,"i2":8,"sol":{"path":["/c/en/neuronal","/c/en/neuron","/c/en/brain","/c/en/thalamus"],"weight":0.2118},"num_concepts_raised":24433},{"base_id":445,"kind":"top_words","i1":1,"i2":9,"sol":{"path":["/c/en/neuronal","/c/en/depressant","/c/en/inhibit","/c/en/parasympathetic"],"weight":0.20306999999999992},"num_concepts_raised":1899},{"base_id":445,"kind":"top_words","i1":2,"i2":3,"sol":{"path":["/c/en/cortical","/c/en/brain","/c/en/synapse","/c/en/synaptic"],"weight":0.21133999999999967},"num_concepts_raised":41234},{"base_id":445,"kind":"top_words","i1":2,"i2":4,"sol":{"path":["/c/en/cortical","/c/en/brain","/c/en/neuron"],"weight":0.20600000000000002},"num_concepts_raised":442},{"base_id":445,"kind":"top_words","i1":2,"i2":5,"sol":{"path":["/c/en/cortical","/c/en/anatomy","/c/fi/afferentti","/c/en/afferent"],"weight":0.2061099999999998},"num_concepts_raised":40499},{"base_id":445,"kind":"top_words","i1":2,"i2":6,"sol":{"path":["/c/en/cortical","/c/en/brain","/c/en/hippocampus"],"weight":0.20500000000000002},"num_concepts_raised":187},{"base_id":445,"kind":"top_words","i1":2,"i2":7,"sol":{"path":["/c/en/cortical","/c/en/anatomy","/c/en/hypothalamus"],"weight":0.20400000000000001},"num_concepts_raised":172},{"base_id":445,"kind":"top_words","i1":2,"i2":8,"sol":{"path":["/c/en/cortical","/c/en/thalamocortical","/c/en/thalamus"],"weight":0.20500000000000002},"num_concepts_raised":187},{"base_id":445,"kind":"top_words","i1":2,"i2":9,"sol":{"path":["/c/en/cortical","/c/en/anatomy","/c/en/sympathetic","/c/en/parasympathetic"],"weight":0.20580999999999983},"num_concepts_raised":39531},{"base_id":445,"kind":"top_words","i1":3,"i2":4,"sol":{"path":["/c/en/synaptic","/c/en/synapse","/c/en/neuron"],"weight":0.21000000000000002},"num_concepts_raised":447},{"base_id":445,"kind":"top_words","i1":3,"i2":5,"sol":{"path":["/c/en/synaptic","/c/en/merkel_cell","/c/en/afferent"],"weight":0.20400000000000001},"num_concepts_raised":124},{"base_id":445,"kind":"top_words","i1":3,"i2":6,"sol":{"path":["/c/en/synaptic","/c/en/synapse","/c/en/brain","/c/en/hippocampus"],"weight":0.21934999999999955},"num_concepts_raised":26262},{"base_id":445,"kind":"top_words","i1":3,"i2":7,"sol":{"path":["/c/en/synaptic","/c/en/synapse","/c/en/brain","/c/en/hypothalamus"],"weight":0.2182099999999999},"num_concepts_raised":24447},{"base_id":445,"kind":"top_words","i1":3,"i2":8,"sol":{"path":["/c/en/synaptic","/c/en/synapse","/c/en/brain","/c/en/thalamus"],"weight":0.21827999999999984},"num_concepts_raised":26591},{"base_id":445,"kind":"top_words","i1":3,"i2":9,"sol":{"path":["/c/en/synaptic","/c/en/synapse","/c/en/brain","/c/en/parasympathetic_nervous_system","/c/en/parasympathetic"],"weight":0.21191999999999978},"num_concepts_raised":4059},{"base_id":445,"kind":"top_words","i1":4,"i2":5,"sol":{"path":["/c/en/neuron","/c/en/interneuron","/c/en/afferent"],"weight":0.20600000000000002},"num_concepts_raised":425},{"base_id":445,"kind":"top_words","i1":4,"i2":6,"sol":{"path":["/c/en/neuron","/c/en/brain","/c/en/hippocampus"],"weight":0.20900000000000002},"num_concepts_raised":497},{"base_id":445,"kind":"top_words","i1":4,"i2":7,"sol":{"path":["/c/en/neuron","/c/en/brain","/c/en/hypothalamus"],"weight":0.20800000000000002},"num_concepts_raised":481},{"base_id":445,"kind":"top_words","i1":4,"i2":8,"sol":{"path":["/c/en/neuron","/c/en/brain","/c/en/thalamus"],"weight":0.20800000000000002},"num_concepts_raised":495},{"base_id":445,"kind":"top_words","i1":4,"i2":9,"sol":{"path":["/c/en/neuron","/c/en/nervous_system","/c/en/parasympathetic_nervous_system","/c/en/parasympathetic"],"weight":0.22056999999999927},"num_concepts_raised":22928},{"base_id":445,"kind":"top_words","i1":5,"i2":6,"sol":{"path":["/c/en/afferent","/c/fi/afferentti","/c/en/anatomy","/c/en/hippocampus"],"weight":0.21210999999999963},"num_concepts_raised":25554},{"base_id":445,"kind":"top_words","i1":5,"i2":7,"sol":{"path":["/c/en/afferent","/c/fi/afferentti","/c/en/anatomy","/c/en/hypothalamus"],"weight":0.21296},"num_concepts_raised":23735},{"base_id":445,"kind":"top_words","i1":5,"i2":8,"sol":{"path":["/c/en/afferent","/c/fi/afferentti","/c/en/anatomy","/c/en/thalamus"],"weight":0.21301999999999993},"num_concepts_raised":25889},{"base_id":445,"kind":"top_words","i1":5,"i2":9,"sol":{"path":["/c/en/afferent","/c/en/physiology","/c/en/sympathetic","/c/en/parasympathetic"],"weight":0.20547999999999988},"num_concepts_raised":3390},{"base_id":445,"kind":"top_words","i1":6,"i2":7,"sol":{"path":["/c/en/hippocampus","/c/en/brain","/c/en/hypothalamus"],"weight":0.20700000000000002},"num_concepts_raised":222},{"base_id":445,"kind":"top_words","i1":6,"i2":8,"sol":{"path":["/c/en/hippocampus","/c/en/brain","/c/en/thalamus"],"weight":0.20700000000000002},"num_concepts_raised":240},{"base_id":445,"kind":"top_words","i1":6,"i2":9,"sol":{"path":["/c/en/hippocampus","/c/en/brain","/c/en/parasympathetic_nervous_system","/c/en/parasympathetic"],"weight":0.2127299999999997},"num_concepts_raised":24523},{"base_id":445,"kind":"top_words","i1":7,"i2":8,"sol":{"path":["/c/en/hypothalamus","/c/en/thalamus"],"weight":0.20800000000000002},"num_concepts_raised":216},{"base_id":445,"kind":"top_words","i1":7,"i2":9,"sol":{"path":["/c/en/hypothalamus","/c/en/autonomic_nervous_system","/c/en/parasympathetic"],"weight":0.20400000000000001},"num_concepts_raised":132},{"base_id":445,"kind":"top_words","i1":8,"i2":9,"sol":{"path":["/c/en/thalamus","/c/en/anatomy","/c/en/sympathetic","/c/en/parasympathetic"],"weight":0.21272000000000002},"num_concepts_raised":24874}]]