[[{"base_id":468,"kind":"bot_words","i1":0,"i2":1,"sol":{"path":["/c/en/polarized","/c/en/us","/c/en/depression","/c/en/ennui"],"weight":0.20371999999999968},"num_concepts_raised":13983},{"base_id":468,"kind":"bot_words","i1":0,"i2":2,"sol":{"path":["/c/en/polarized","/c/en/us","/c/en/tie","/c/en/marry","/c/en/remarry"],"weight":0.2052899999999997},"num_concepts_raised":11276},{"base_id":468,"kind":"bot_words","i1":0,"i2":3,"sol":{"path":["/c/en/polarized","/c/en/anode","/c/en/plate","/c/en/plates"],"weight":0.2050499999999998},"num_concepts_raised":22768},{"base_id":468,"kind":"bot_words","i1":0,"i2":4,"sol":{"path":["/c/en/polarized","/c/en/us","/c/en/college","/c/en/shandong","/c/en/jinan"],"weight":0.21242999999999965},"num_concepts_raised":13436},{"base_id":468,"kind":"bot_words","i1":0,"i2":5,"sol":{"path":["/c/en/polarized","/c/en/us","/c/en/peckerwood"],"weight":0.202},"num_concepts_raised":57},{"base_id":468,"kind":"bot_words","i1":0,"i2":6,"sol":{"path":["/c/en/polarized","/c/en/polarization","/c/en/physics","/c/en/string","/c/en/syntagma"],"weight":0.2031599999999998},"num_concepts_raised":11957},{"base_id":468,"kind":"bot_words","i1":0,"i2":7,"sol":{"path":["/c/en/polarized","/c/en/us","/c/en/esophagus","/c/en/gastroesophageal_reflux","/c/en/mucosal"],"weight":0.2026799999999998},"num_concepts_raised":9448},{"base_id":468,"kind":"bot_words","i1":0,"i2":8,"sol":{"path":["/c/en/polarized","/c/en/polarize","/c/en/change","/c/en/regenerate","/c/en/revitalize"],"weight":0.2042299999999998},"num_concepts_raised":10551},{"base_id":468,"kind":"bot_words","i1":0,"i2":9,"sol":{"path":["/c/en/polarized","/c/en/us","/c/en/tailback","/c/en/backup"],"weight":0.2051399999999996},"num_concepts_raised":35832},{"base_id":468,"kind":"bot_words","i1":1,"i2":2,"sol":{"path":["/c/en/ennui","/c/fr/ennui","/c/en/hitch","/c/en/marry","/c/en/remarry"],"weight":0.20857999999999965},"num_concepts_raised":7161},{"base_id":468,"kind":"bot_words","i1":1,"i2":3,"sol":{"path":["/c/en/ennui","/c/en/boredom","/c/en/work","/c/en/table","/c/en/plates"],"weight":0.20740999999999973},"num_concepts_raised":18865},{"base_id":468,"kind":"bot_words","i1":1,"i2":4,"sol":{"path":["/c/en/ennui","/c/en/boredom","/c/en/person","/c/en/china","/c/en/jinan"],"weight":0.21177999999999958},"num_concepts_raised":9407},{"base_id":468,"kind":"bot_words","i1":1,"i2":5,"sol":{"path":["/c/en/ennui","/c/en/depression","/c/en/us","/c/en/peckerwood"],"weight":0.2037699999999998},"num_concepts_raised":35555},{"base_id":468,"kind":"bot_words","i1":1,"i2":6,"sol":{"path":["/c/en/ennui","/c/en/boredom","/c/en/fly_kite","/c/en/string","/c/en/syntagma"],"weight":0.20642999999999975},"num_concepts_raised":7855},{"base_id":468,"kind":"bot_words","i1":1,"i2":7,"sol":{"path":["/c/en/ennui","/c/en/problem","/c/en/ulcer","/c/en/mucous_membrane","/c/en/mucosal"],"weight":0.20371999999999973},"num_concepts_raised":5315},{"base_id":468,"kind":"bot_words","i1":1,"i2":8,"sol":{"path":["/c/en/ennui","/c/en/trouble","/c/en/life","/c/en/revitalise","/c/en/revitalize"],"weight":0.20518999999999976},"num_concepts_raised":6429},{"base_id":468,"kind":"bot_words","i1":1,"i2":9,"sol":{"path":["/c/en/ennui","/c/en/boredom","/c/en/child","/c/en/computing","/c/en/backup"],"weight":0.20905999999999955},"num_concepts_raised":31955},{"base_id":468,"kind":"bot_words","i1":2,"i2":3,"sol":{"path":["/c/en/remarry","/c/en/marry","/c/en/block","/c/en/plate","/c/en/plates"],"weight":0.20753999999999975},"num_concepts_raised":16170},{"base_id":468,"kind":"bot_words","i1":2,"i2":4,"sol":{"path":["/c/en/remarry","/c/en/marry","/c/en/people","/c/en/city","/c/en/jinan"],"weight":0.2129199999999996},"num_concepts_raised":6684},{"base_id":468,"kind":"bot_words","i1":2,"i2":5,"sol":{"path":["/c/en/remarry","/c/en/marry","/c/en/knot","/c/en/wood","/c/en/peckerwood"],"weight":0.20638999999999985},"num_concepts_raised":32955},{"base_id":468,"kind":"bot_words","i1":2,"i2":6,"sol":{"path":["/c/en/remarry","/c/en/subsequent","/c/en/sequence","/c/en/syntagma"],"weight":0.20342999999999978},"num_concepts_raised":5124},{"base_id":468,"kind":"bot_words","i1":2,"i2":7,"sol":{"path":["/c/en/remarry","/c/en/marry","/c/en/process","/c/en/anatomy","/c/en/mucous_membrane","/c/en/mucosal"],"weight":0.21036539999999967},"num_concepts_raised":247997},{"base_id":468,"kind":"bot_words","i1":2,"i2":8,"sol":{"path":["/c/en/remarry","/c/en/marry","/c/en/life","/c/en/revitalise","/c/en/revitalize"],"weight":0.20667999999999978},"num_concepts_raised":3709},{"base_id":468,"kind":"bot_words","i1":2,"i2":9,"sol":{"path":["/c/en/remarry","/c/en/second","/c/en/copy","/c/en/backup"],"weight":0.20482999999999957},"num_concepts_raised":29308},{"base_id":468,"kind":"bot_words","i1":3,"i2":4,"sol":{"path":["/c/en/plates","/c/en/china","/c/en/jinan"],"weight":0.20400000000000001},"num_concepts_raised":102},{"base_id":468,"kind":"bot_words","i1":3,"i2":5,"sol":{"path":["/c/en/plates","/c/en/table","/c/en/wood","/c/en/peckerwood"],"weight":0.2051699999999999},"num_concepts_raised":44015},{"base_id":468,"kind":"bot_words","i1":3,"i2":6,"sol":{"path":["/c/en/plates","/c/en/scale","/c/en/sequence","/c/en/syntagma"],"weight":0.20313999999999988},"num_concepts_raised":16825},{"base_id":468,"kind":"bot_words","i1":3,"i2":7,"sol":{"path":["/c/en/plates","/c/en/plate","/c/en/skin","/c/en/pramiconazole","/c/en/mucosal"],"weight":0.20497999999999983},"num_concepts_raised":14348},{"base_id":468,"kind":"bot_words","i1":3,"i2":8,"sol":{"path":["/c/en/plates","/c/en/plate","/c/en/form","/c/en/regenerate","/c/en/revitalize"],"weight":0.20648999999999987},"num_concepts_raised":15467},{"base_id":468,"kind":"bot_words","i1":3,"i2":9,"sol":{"path":["/c/en/plates","/c/en/bowl","/c/en/back_up","/c/en/backup"],"weight":0.20746999999999965},"num_concepts_raised":40395},{"base_id":468,"kind":"bot_words","i1":4,"i2":5,"sol":{"path":["/c/en/jinan","/c/en/city","/c/en/prison","/c/en/peckerwood"],"weight":0.21041999999999977},"num_concepts_raised":35055},{"base_id":468,"kind":"bot_words","i1":4,"i2":6,"sol":{"path":["/c/en/jinan","/c/en/city","/c/en/base","/c/en/string","/c/en/syntagma"],"weight":0.21066999999999972},"num_concepts_raised":7380},{"base_id":468,"kind":"bot_words","i1":4,"i2":7,"sol":{"path":["/c/en/jinan","/c/en/city","/c/en/protection","/c/en/cytoprotectant","/c/en/mucosal"],"weight":0.21030999999999972},"num_concepts_raised":4836},{"base_id":468,"kind":"bot_words","i1":4,"i2":8,"sol":{"path":["/c/en/jinan","/c/en/city","/c/en/new","/c/fi/elvyttää","/c/en/revitalize"],"weight":0.21177999999999975},"num_concepts_raised":5951},{"base_id":468,"kind":"bot_words","i1":4,"i2":9,"sol":{"path":["/c/en/jinan","/c/en/shandong","/c/en/wine","/c/en/reserve","/c/en/backup"],"weight":0.2149799999999995},"num_concepts_raised":31550},{"base_id":468,"kind":"bot_words","i1":5,"i2":6,"sol":{"path":["/c/en/peckerwood","/c/en/slang","/c/en/string","/c/en/syntagma"],"weight":0.20311999999999994},"num_concepts_raised":33601},{"base_id":468,"kind":"bot_words","i1":5,"i2":7,"sol":{"path":["/c/en/peckerwood","/c/en/pecker","/c/en/nose","/c/en/nasosorption","/c/en/mucosal"],"weight":0.20376999999999992},"num_concepts_raised":31167},{"base_id":468,"kind":"bot_words","i1":5,"i2":8,"sol":{"path":["/c/en/peckerwood","/c/en/wood","/c/en/make","/c/en/regenerate","/c/en/revitalize"],"weight":0.20530999999999994},"num_concepts_raised":32271},{"base_id":468,"kind":"bot_words","i1":5,"i2":9,"sol":{"path":["/c/en/peckerwood","/c/en/wood","/c/en/material","/c/en/backup"],"weight":0.20527999999999974},"num_concepts_raised":56780},{"base_id":468,"kind":"bot_words","i1":6,"i2":7,"sol":{"path":["/c/en/syntagma","/c/en/sequence","/c/en/protein","/c/en/lactoferrin","/c/en/mucosal"],"weight":0.20293999999999984},"num_concepts_raised":3290},{"base_id":468,"kind":"bot_words","i1":6,"i2":8,"sol":{"path":["/c/en/syntagma","/c/en/string","/c/en/change","/c/en/regenerate","/c/en/revitalize"],"weight":0.20445999999999986},"num_concepts_raised":4406},{"base_id":468,"kind":"bot_words","i1":6,"i2":9,"sol":{"path":["/c/en/syntagma","/c/en/string","/c/en/computing","/c/en/backup"],"weight":0.2059499999999997},"num_concepts_raised":29844},{"base_id":468,"kind":"bot_words","i1":7,"i2":8,"sol":{"path":["/c/en/mucosal","/c/en/submucosal","/c/en/tissue","/c/en/regenerate","/c/en/revitalize"],"weight":0.20410999999999985},"num_concepts_raised":1848},{"base_id":468,"kind":"bot_words","i1":7,"i2":9,"sol":{"path":["/c/en/mucosal","/c/en/cytoprotectant","/c/en/protection","/c/en/computing","/c/en/backup"],"weight":0.20556999999999964},"num_concepts_raised":27580},{"base_id":468,"kind":"bot_words","i1":8,"i2":9,"sol":{"path":["/c/en/revitalize","/c/en/refresh","/c/en/computing","/c/en/backup"],"weight":0.20604999999999968},"num_concepts_raised":28555}],[{"base_id":468,"kind":"top_words","i1":0,"i2":1,"sol":{"path":["/c/en/kafir","/c/en/kaffir","/c/en/historical","/c/en/pipe","/c/en/gote"],"weight":0.21336999999999998},"num_concepts_raised":15083},{"base_id":468,"kind":"top_words","i1":0,"i2":2,"sol":{"path":["/c/en/kafir","/c/en/kefir","/c/en/food","/c/en/dear","/c/ja/可愛い","/c/en/kawaii"],"weight":0.2271465999999998},"num_concepts_raised":199848},{"base_id":468,"kind":"top_words","i1":0,"i2":3,"sol":{"path":["/c/en/kafir","/c/en/kefir","/c/en/drink","/c/en/ice","/c/en/frappé"],"weight":0.21138999999999997},"num_concepts_raised":11556},{"base_id":468,"kind":"top_words","i1":0,"i2":4,"sol":{"path":["/c/en/kafir","/c/en/kaffir","/c/en/black","/c/en/cream","/c/en/nard"],"weight":0.21378999999999987},"num_concepts_raised":49583},{"base_id":468,"kind":"top_words","i1":0,"i2":5,"sol":{"path":["/c/en/kafir","/c/en/kaffir","/c/en/black","/c/en/pass","/c/en/stoma"],"weight":0.22464999999999985},"num_concepts_raised":38036},{"base_id":468,"kind":"top_words","i1":0,"i2":6,"sol":{"path":["/c/en/kafir","/c/ar/كافر","/c/fr/religion","/c/en/buddhism","/c/en/paramita"],"weight":0.21159},"num_concepts_raised":4793},{"base_id":468,"kind":"top_words","i1":0,"i2":7,"sol":{"path":["/c/en/kafir","/c/en/muslim","/c/en/meaning","/c/en/philosophy","/c/en/noumenon"],"weight":0.21161999999999992},"num_concepts_raised":7349},{"base_id":468,"kind":"top_words","i1":0,"i2":8,"sol":{"path":["/c/en/kafir","/c/en/jew","/c/en/jewish","/c/en/derma"],"weight":0.2093},"num_concepts_raised":11745},{"base_id":468,"kind":"top_words","i1":0,"i2":9,"sol":{"path":["/c/en/kafir","/c/en/islam","/c/en/woman","/c/en/termagant"],"weight":0.20961999999999997},"num_concepts_raised":9452},{"base_id":468,"kind":"top_words","i1":1,"i2":2,"sol":{"path":["/c/en/gote","/c/en/uk","/c/en/nice","/c/ja/可愛い","/c/en/kawaii"],"weight":0.21248999999999996},"num_concepts_raised":12280},{"base_id":468,"kind":"top_words","i1":1,"i2":3,"sol":{"path":["/c/en/gote","/c/en/uk","/c/en/cocktail","/c/en/frappé"],"weight":0.20260999999999985},"num_concepts_raised":19386},{"base_id":468,"kind":"top_words","i1":1,"i2":4,"sol":{"path":["/c/en/gote","/c/en/pipe","/c/en/slang","/c/en/nard"],"weight":0.20309999999999975},"num_concepts_raised":55639},{"base_id":468,"kind":"top_words","i1":1,"i2":5,"sol":{"path":["/c/en/gote","/c/en/pipe","/c/en/mouth","/c/en/stoma"],"weight":0.21413999999999972},"num_concepts_raised":45383},{"base_id":468,"kind":"top_words","i1":1,"i2":6,"sol":{"path":["/c/en/gote","/c/en/uk","/c/en/sit","/c/en/buddhism","/c/en/paramita"],"weight":0.2027199999999999},"num_concepts_raised":12762},{"base_id":468,"kind":"top_words","i1":1,"i2":7,"sol":{"path":["/c/en/gote","/c/en/uk","/c/en/content","/c/en/noumenon"],"weight":0.20272999999999983},"num_concepts_raised":15288},{"base_id":468,"kind":"top_words","i1":1,"i2":8,"sol":{"path":["/c/en/gote","/c/en/uk","/c/en/skin","/c/en/derma"],"weight":0.2038999999999999},"num_concepts_raised":19663},{"base_id":468,"kind":"top_words","i1":1,"i2":9,"sol":{"path":["/c/en/gote","/c/en/uk","/c/en/nasty","/c/ja/鬼婆","/c/en/termagant"],"weight":0.20377999999999988},"num_concepts_raised":17354},{"base_id":468,"kind":"top_words","i1":2,"i2":3,"sol":{"path":["/c/en/kawaii","/c/ja/可愛い","/c/en/sweet","/c/en/dessert","/c/en/frappé"],"weight":0.21254999999999996},"num_concepts_raised":8737},{"base_id":468,"kind":"top_words","i1":2,"i2":4,"sol":{"path":["/c/en/kawaii","/c/en/desu","/c/en/slang","/c/en/nard"],"weight":0.21079999999999982},"num_concepts_raised":46840},{"base_id":468,"kind":"top_words","i1":2,"i2":5,"sol":{"path":["/c/en/kawaii","/c/ja/可愛い","/c/en/tiny","/c/en/stoma"],"weight":0.2237399999999998},"num_concepts_raised":35228},{"base_id":468,"kind":"top_words","i1":2,"i2":6,"sol":{"path":["/c/en/kawaii","/c/ja/可愛い","/c/fr/mignon","/c/en/mind","/c/en/buddhism","/c/en/paramita"],"weight":0.21668079999999973},"num_concepts_raised":110484},{"base_id":468,"kind":"top_words","i1":2,"i2":7,"sol":{"path":["/c/en/kawaii","/c/en/adorable","/c/th/อร","/c/en/content","/c/en/noumenon"],"weight":0.20858999999999994},"num_concepts_raised":4542},{"base_id":468,"kind":"top_words","i1":2,"i2":8,"sol":{"path":["/c/en/kawaii","/c/en/desu","/c/en/slang","/c/en/skin","/c/en/derma"],"weight":0.21169},"num_concepts_raised":9007},{"base_id":468,"kind":"top_words","i1":2,"i2":9,"sol":{"path":["/c/en/kawaii","/c/ja/可愛い","/c/en/pretty","/c/en/woman","/c/en/termagant"],"weight":0.21265999999999996},"num_concepts_raised":6657},{"base_id":468,"kind":"top_words","i1":3,"i2":4,"sol":{"path":["/c/en/frappé","/c/en/ice","/c/en/slang","/c/en/nard"],"weight":0.20315999999999973},"num_concepts_raised":53489},{"base_id":468,"kind":"top_words","i1":3,"i2":5,"sol":{"path":["/c/en/frappé","/c/en/fruit","/c/en/botany","/c/en/stoma"],"weight":0.21414999999999973},"num_concepts_raised":42058},{"base_id":468,"kind":"top_words","i1":3,"i2":6,"sol":{"path":["/c/en/frappé","/c/en/fruit","/c/en/breadfruit","/c/zh/波羅蜜","/c/en/paramita"],"weight":0.20369999999999988},"num_concepts_raised":9217},{"base_id":468,"kind":"top_words","i1":3,"i2":7,"sol":{"path":["/c/en/frappé","/c/en/ice","/c/en/water","/c/en/philosophy","/c/en/noumenon"],"weight":0.20300999999999983},"num_concepts_raised":11750},{"base_id":468,"kind":"top_words","i1":3,"i2":8,"sol":{"path":["/c/en/frappé","/c/en/fruit","/c/en/skin","/c/en/derma"],"weight":0.2039399999999999},"num_concepts_raised":16123},{"base_id":468,"kind":"top_words","i1":3,"i2":9,"sol":{"path":["/c/en/frappé","/c/en/fruit","/c/en/hag","/c/ja/鬼婆","/c/en/termagant"],"weight":0.20381999999999986},"num_concepts_raised":13878},{"base_id":468,"kind":"top_words","i1":4,"i2":5,"sol":{"path":["/c/en/nard","/c/en/medicine","/c/es/estoma","/c/en/stoma"],"weight":0.2185099999999996},"num_concepts_raised":78213},{"base_id":468,"kind":"top_words","i1":4,"i2":6,"sol":{"path":["/c/en/nard","/c/en/plant","/c/en/jackfruit","/c/zh/波羅蜜","/c/en/paramita"],"weight":0.20417999999999975},"num_concepts_raised":47330},{"base_id":468,"kind":"top_words","i1":4,"i2":7,"sol":{"path":["/c/en/nard","/c/en/oil","/c/en/potential","/c/en/noumenon"],"weight":0.2031399999999997},"num_concepts_raised":49794},{"base_id":468,"kind":"top_words","i1":4,"i2":8,"sol":{"path":["/c/en/nard","/c/en/slang","/c/en/skin","/c/en/derma"],"weight":0.20441999999999977},"num_concepts_raised":53370},{"base_id":468,"kind":"top_words","i1":4,"i2":9,"sol":{"path":["/c/en/nard","/c/en/slang","/c/en/bitch","/c/ja/鬼婆","/c/en/termagant"],"weight":0.20427999999999974},"num_concepts_raised":51657},{"base_id":468,"kind":"top_words","i1":5,"i2":6,"sol":{"path":["/c/en/stoma","/c/en/mouth","/c/ja/口","/c/en/buddhism","/c/en/paramita"],"weight":0.21427999999999975},"num_concepts_raised":35699},{"base_id":468,"kind":"top_words","i1":5,"i2":7,"sol":{"path":["/c/en/stoma","/c/en/water","/c/en/philosophy","/c/en/noumenon"],"weight":0.2142399999999997},"num_concepts_raised":38178},{"base_id":468,"kind":"top_words","i1":5,"i2":8,"sol":{"path":["/c/en/stoma","/c/en/pore","/c/en/skin","/c/en/derma"],"weight":0.21750999999999976},"num_concepts_raised":42298},{"base_id":468,"kind":"top_words","i1":5,"i2":9,"sol":{"path":["/c/en/stoma","/c/en/pore","/c/en/body","/c/en/woman","/c/en/termagant"],"weight":0.2163499999999997},"num_concepts_raised":40299},{"base_id":468,"kind":"top_words","i1":6,"i2":7,"sol":{"path":["/c/en/paramita","/c/en/buddhism","/c/en/buddhist","/c/en/philosophy","/c/en/noumenon"],"weight":0.20302999999999985},"num_concepts_raised":5009},{"base_id":468,"kind":"top_words","i1":6,"i2":8,"sol":{"path":["/c/en/paramita","/c/en/buddhism","/c/en/religion","/c/en/jewish","/c/en/derma"],"weight":0.20281999999999992},"num_concepts_raised":9493},{"base_id":468,"kind":"top_words","i1":6,"i2":9,"sol":{"path":["/c/en/paramita","/c/en/buddhism","/c/ja/喝","/c/en/scolding","/c/en/termagant"],"weight":0.20386999999999988},"num_concepts_raised":7143},{"base_id":468,"kind":"top_words","i1":7,"i2":8,"sol":{"path":["/c/en/noumenon","/c/en/philosophy","/c/en/appearance","/c/en/skin","/c/en/derma"],"weight":0.20420999999999984},"num_concepts_raised":12040},{"base_id":468,"kind":"top_words","i1":7,"i2":9,"sol":{"path":["/c/en/noumenon","/c/en/philosophy","/c/en/being","/c/en/woman","/c/en/termagant"],"weight":0.20306999999999983},"num_concepts_raised":9708},{"base_id":468,"kind":"top_words","i1":8,"i2":9,"sol":{"path":["/c/en/derma","/c/en/skin","/c/en/mole","/c/en/shrew","/c/en/termagant"],"weight":0.20414999999999991},"num_concepts_raised":14142}]]