[[{"base_id":842,"kind":"bot_words","i1":0,"i2":1,"sol":{"path":["/c/en/unfairness","/c/en/injustice","/c/en/person","/c/en/contempt","/c/en/contemptuously"],"weight":0.20696999999999993},"num_concepts_raised":3133},{"base_id":842,"kind":"bot_words","i1":0,"i2":2,"sol":{"path":["/c/en/unfairness","/c/en/justice","/c/en/court","/c/en/squash"],"weight":0.21560999999999905},"num_concepts_raised":54919},{"base_id":842,"kind":"bot_words","i1":0,"i2":3,"sol":{"path":["/c/en/unfairness","/c/en/comfort","/c/en/house","/c/en/publishing_house","/c/en/publisher"],"weight":0.20919999999999989},"num_concepts_raised":9733},{"base_id":842,"kind":"bot_words","i1":0,"i2":4,"sol":{"path":["/c/en/unfairness","/c/en/comfort","/c/en/feeling","/c/en/ingenuous"],"weight":0.20458999999999977},"num_concepts_raised":8695},{"base_id":842,"kind":"bot_words","i1":0,"i2":5,"sol":{"path":["/c/en/unfairness","/c/en/justice","/c/en/punishment","/c/en/hello","/c/en/lo"],"weight":0.23742999999999803},"num_concepts_raised":19574},{"base_id":842,"kind":"bot_words","i1":0,"i2":6,"sol":{"path":["/c/en/unfairness","/c/en/injustice","/c/en/person","/c/en/mattathias"],"weight":0.21059999999999984},"num_concepts_raised":17961},{"base_id":842,"kind":"bot_words","i1":0,"i2":7,"sol":{"path":["/c/en/unfairness","/c/fi/epäoikeudenmukaisuus","/c/en/play","/c/en/board","/c/en/srb"],"weight":0.21068999999999982},"num_concepts_raised":7970},{"base_id":842,"kind":"bot_words","i1":0,"i2":8,"sol":{"path":["/c/en/unfairness","/c/en/injustice","/c/en/person","/c/en/osteoporosis","/c/en/osteopenia"],"weight":0.20551999999999992},"num_concepts_raised":3415},{"base_id":842,"kind":"bot_words","i1":0,"i2":9,"sol":{"path":["/c/en/unfairness","/c/zh/不平","/c/en/smooth","/c/en/stone","/c/en/menhir"],"weight":0.21111999999999997},"num_concepts_raised":4687},{"base_id":842,"kind":"bot_words","i1":1,"i2":2,"sol":{"path":["/c/en/contemptuously","/c/en/bullirag","/c/en/rally","/c/en/squash"],"weight":0.21713999999999903},"num_concepts_raised":53867},{"base_id":842,"kind":"bot_words","i1":1,"i2":3,"sol":{"path":["/c/en/contemptuously","/c/fr/mépris","/c/fr/personne","/c/fr/éditeur","/c/en/publisher"],"weight":0.20872999999999986},"num_concepts_raised":8602},{"base_id":842,"kind":"bot_words","i1":1,"i2":4,"sol":{"path":["/c/en/contemptuously","/c/en/disdainfully","/c/en/disdain","/c/en/feeling","/c/en/ingenuous"],"weight":0.20661999999999975},"num_concepts_raised":7591},{"base_id":842,"kind":"bot_words","i1":1,"i2":5,"sol":{"path":["/c/en/contemptuously","/c/fi/halveksuvasti","/c/fi/halveksua","/c/en/look","/c/en/lo"],"weight":0.23715999999999804},"num_concepts_raised":18433},{"base_id":842,"kind":"bot_words","i1":1,"i2":6,"sol":{"path":["/c/en/contemptuously","/c/en/contempt","/c/en/person","/c/en/mattathias"],"weight":0.20940999999999982},"num_concepts_raised":16844},{"base_id":842,"kind":"bot_words","i1":1,"i2":7,"sol":{"path":["/c/en/contemptuously","/c/en/contempt","/c/en/respect","/c/fr/comité","/c/en/srb"],"weight":0.20933999999999986},"num_concepts_raised":6825},{"base_id":842,"kind":"bot_words","i1":1,"i2":8,"sol":{"path":["/c/en/contemptuously","/c/en/contempt","/c/en/person","/c/en/osteoporosis","/c/en/osteopenia"],"weight":0.20432999999999993},"num_concepts_raised":2262},{"base_id":842,"kind":"bot_words","i1":1,"i2":9,"sol":{"path":["/c/en/contemptuously","/c/ga/cailleach","/c/en/stone","/c/en/menhir"],"weight":0.20967999999999992},"num_concepts_raised":3538},{"base_id":842,"kind":"bot_words","i1":2,"i2":3,"sol":{"path":["/c/en/squash","/c/en/press","/c/en/publisher"],"weight":0.20500000000000002},"num_concepts_raised":648},{"base_id":842,"kind":"bot_words","i1":2,"i2":4,"sol":{"path":["/c/en/squash","/c/en/cut","/c/en/open","/c/en/ingenuous"],"weight":0.21687999999999888},"num_concepts_raised":59093},{"base_id":842,"kind":"bot_words","i1":2,"i2":5,"sol":{"path":["/c/en/squash","/c/it/schiacciare","/c/it/schiacciandolo","/c/en/lo"],"weight":0.24847999999999715},"num_concepts_raised":69807},{"base_id":842,"kind":"bot_words","i1":2,"i2":6,"sol":{"path":["/c/en/squash","/c/en/sport","/c/en/person","/c/en/mattathias"],"weight":0.22216999999999892},"num_concepts_raised":67897},{"base_id":842,"kind":"bot_words","i1":2,"i2":7,"sol":{"path":["/c/en/squash","/c/en/slang","/c/en/bacteria","/c/en/srb"],"weight":0.21988999999999895},"num_concepts_raised":58331},{"base_id":842,"kind":"bot_words","i1":2,"i2":8,"sol":{"path":["/c/en/squash","/c/en/suppress","/c/en/low","/c/en/osteopenia"],"weight":0.21480999999999906},"num_concepts_raised":54081},{"base_id":842,"kind":"bot_words","i1":2,"i2":9,"sol":{"path":["/c/en/squash","/c/en/fruit","/c/en/stone","/c/en/menhir"],"weight":0.22339999999999904},"num_concepts_raised":55295},{"base_id":842,"kind":"bot_words","i1":3,"i2":4,"sol":{"path":["/c/en/publisher","/c/fr/éditeur","/c/fr/personne","/c/fr/naïf","/c/en/ingenuous"],"weight":0.2114699999999997},"num_concepts_raised":14135},{"base_id":842,"kind":"bot_words","i1":3,"i2":5,"sol":{"path":["/c/en/publisher","/c/fr/éditeur","/c/fr/personne","/c/fr/voilà","/c/en/lo"],"weight":0.239999999999998},"num_concepts_raised":24975},{"base_id":842,"kind":"bot_words","i1":3,"i2":6,"sol":{"path":["/c/en/publisher","/c/en/editor","/c/en/person","/c/en/mattathias"],"weight":0.21124999999999977},"num_concepts_raised":23288},{"base_id":842,"kind":"bot_words","i1":3,"i2":7,"sol":{"path":["/c/en/publisher","/c/en/publishing_house","/c/en/house","/c/en/village","/c/en/srb"],"weight":0.21346999999999983},"num_concepts_raised":13332},{"base_id":842,"kind":"bot_words","i1":3,"i2":8,"sol":{"path":["/c/en/publisher","/c/en/publish","/c/en/sale","/c/en/low","/c/en/osteopenia"],"weight":0.20690999999999987},"num_concepts_raised":8858},{"base_id":842,"kind":"bot_words","i1":3,"i2":9,"sol":{"path":["/c/en/publisher","/c/en/publishing_house","/c/en/house","/c/en/stone","/c/en/menhir"],"weight":0.21490999999999993},"num_concepts_raised":10114},{"base_id":842,"kind":"bot_words","i1":4,"i2":5,"sol":{"path":["/c/en/ingenuous","/c/en/open","/c/en/look","/c/en/lo"],"weight":0.2368999999999979},"num_concepts_raised":23948},{"base_id":842,"kind":"bot_words","i1":4,"i2":6,"sol":{"path":["/c/en/ingenuous","/c/en/sincere","/c/en/person","/c/en/mattathias"],"weight":0.21010999999999963},"num_concepts_raised":22290},{"base_id":842,"kind":"bot_words","i1":4,"i2":7,"sol":{"path":["/c/en/ingenuous","/c/fr/naïf","/c/fr/personne","/c/fr/senior","/c/en/srb"],"weight":0.21102999999999966},"num_concepts_raised":12388},{"base_id":842,"kind":"bot_words","i1":4,"i2":8,"sol":{"path":["/c/en/ingenuous","/c/en/sincere","/c/en/person","/c/en/osteoporosis","/c/en/osteopenia"],"weight":0.20502999999999977},"num_concepts_raised":7857},{"base_id":842,"kind":"bot_words","i1":4,"i2":9,"sol":{"path":["/c/en/ingenuous","/c/fr/ingénu","/c/fr/homme","/c/br/peulvan","/c/en/menhir"],"weight":0.2134299999999998},"num_concepts_raised":9140},{"base_id":842,"kind":"bot_words","i1":5,"i2":6,"sol":{"path":["/c/en/lo","/c/en/see","/c/en/person","/c/en/mattathias"],"weight":0.23977999999999794},"num_concepts_raised":33187},{"base_id":842,"kind":"bot_words","i1":5,"i2":7,"sol":{"path":["/c/en/lo","/c/en/look","/c/en/review","/c/en/srb"],"weight":0.23971999999999793},"num_concepts_raised":23176},{"base_id":842,"kind":"bot_words","i1":5,"i2":8,"sol":{"path":["/c/en/lo","/c/en/low","/c/en/osteopenia"],"weight":0.20400000000000001},"num_concepts_raised":2697},{"base_id":842,"kind":"bot_words","i1":5,"i2":9,"sol":{"path":["/c/en/lo","/c/en/hello","/c/en/earth","/c/en/stone","/c/en/menhir"],"weight":0.24304999999999805},"num_concepts_raised":19965},{"base_id":842,"kind":"bot_words","i1":6,"i2":7,"sol":{"path":["/c/en/mattathias","/c/en/person","/c/fr/senior","/c/en/srb"],"weight":0.21289999999999973},"num_concepts_raised":21616},{"base_id":842,"kind":"bot_words","i1":6,"i2":8,"sol":{"path":["/c/en/mattathias","/c/en/person","/c/en/osteoporosis","/c/en/osteopenia"],"weight":0.2079599999999998},"num_concepts_raised":17113},{"base_id":842,"kind":"bot_words","i1":6,"i2":9,"sol":{"path":["/c/en/mattathias","/c/en/person","/c/en/memorial","/c/en/megalith","/c/en/menhir"],"weight":0.21652999999999983},"num_concepts_raised":18368},{"base_id":842,"kind":"bot_words","i1":7,"i2":8,"sol":{"path":["/c/en/srb","/c/en/bacteria","/c/en/disease","/c/en/osteoporosis","/c/en/osteopenia"],"weight":0.20788999999999985},"num_concepts_raised":7093},{"base_id":842,"kind":"bot_words","i1":7,"i2":9,"sol":{"path":["/c/en/srb","/c/fr/supérieur","/c/fr/hauteur","/c/fr/menhir","/c/en/menhir"],"weight":0.21857999999999983},"num_concepts_raised":8340},{"base_id":842,"kind":"bot_words","i1":8,"i2":9,"sol":{"path":["/c/en/osteopenia","/c/en/low","/c/en/barrow","/c/en/dolmen","/c/en/menhir"],"weight":0.20932999999999996},"num_concepts_raised":3805}],[{"base_id":842,"kind":"top_words","i1":0,"i2":1,"sol":{"path":["/c/en/tipperary","/c/en/tipperarian","/c/en/ireland","/c/en/galway"],"weight":0.2102999999999997},"num_concepts_raised":3691},{"base_id":842,"kind":"top_words","i1":0,"i2":2,"sol":{"path":["/c/en/tipperary","/c/en/munster","/c/en/limerick"],"weight":0.20600000000000002},"num_concepts_raised":126},{"base_id":842,"kind":"top_words","i1":0,"i2":3,"sol":{"path":["/c/en/tipperary","/c/en/town","/c/en/kildare"],"weight":0.20600000000000002},"num_concepts_raised":67},{"base_id":842,"kind":"top_words","i1":0,"i2":4,"sol":{"path":["/c/en/tipperary","/c/en/republic_of_ireland","/c/en/wicklow"],"weight":0.20700000000000002},"num_concepts_raised":73},{"base_id":842,"kind":"top_words","i1":0,"i2":5,"sol":{"path":["/c/en/tipperary","/c/en/munster","/c/en/cork"],"weight":0.20700000000000002},"num_concepts_raised":428},{"base_id":842,"kind":"top_words","i1":0,"i2":6,"sol":{"path":["/c/en/tipperary","/c/en/town","/c/en/donegal"],"weight":0.20600000000000002},"num_concepts_raised":65},{"base_id":842,"kind":"top_words","i1":0,"i2":7,"sol":{"path":["/c/en/tipperary","/c/en/republic_of_ireland","/c/en/sligo"],"weight":0.20700000000000002},"num_concepts_raised":85},{"base_id":842,"kind":"top_words","i1":0,"i2":8,"sol":{"path":["/c/en/tipperary","/c/en/republic_of_ireland","/c/en/carlow"],"weight":0.20700000000000002},"num_concepts_raised":72},{"base_id":842,"kind":"top_words","i1":0,"i2":9,"sol":{"path":["/c/en/tipperary","/c/en/town","/c/en/cavan"],"weight":0.20600000000000002},"num_concepts_raised":72},{"base_id":842,"kind":"top_words","i1":1,"i2":2,"sol":{"path":["/c/en/galway","/c/en/ireland","/c/en/limerick"],"weight":0.20400000000000001},"num_concepts_raised":149},{"base_id":842,"kind":"top_words","i1":1,"i2":3,"sol":{"path":["/c/en/galway","/c/en/newbridge","/c/en/kildare"],"weight":0.20400000000000001},"num_concepts_raised":90},{"base_id":842,"kind":"top_words","i1":1,"i2":4,"sol":{"path":["/c/en/galway","/c/en/ireland","/c/en/republic_of_ireland","/c/en/wicklow"],"weight":0.2103999999999997},"num_concepts_raised":3487},{"base_id":842,"kind":"top_words","i1":1,"i2":5,"sol":{"path":["/c/en/galway","/c/en/ireland","/c/en/cork"],"weight":0.20500000000000002},"num_concepts_raised":451},{"base_id":842,"kind":"top_words","i1":1,"i2":6,"sol":{"path":["/c/en/galway","/c/en/ireland","/c/en/ulster","/c/en/donegal"],"weight":0.20824999999999969},"num_concepts_raised":4583},{"base_id":842,"kind":"top_words","i1":1,"i2":7,"sol":{"path":["/c/en/galway","/c/en/connacht","/c/en/sligo"],"weight":0.20400000000000001},"num_concepts_raised":108},{"base_id":842,"kind":"top_words","i1":1,"i2":8,"sol":{"path":["/c/en/galway","/c/en/ireland","/c/en/republic_of_ireland","/c/en/carlow"],"weight":0.21031999999999967},"num_concepts_raised":3367},{"base_id":842,"kind":"top_words","i1":1,"i2":9,"sol":{"path":["/c/en/galway","/c/en/ireland","/c/en/ulster","/c/en/cavan"],"weight":0.20832999999999968},"num_concepts_raised":3538},{"base_id":842,"kind":"top_words","i1":2,"i2":3,"sol":{"path":["/c/en/limerick","/c/en/republic_of_ireland","/c/en/kildare"],"weight":0.20600000000000002},"num_concepts_raised":128},{"base_id":842,"kind":"top_words","i1":2,"i2":4,"sol":{"path":["/c/en/limerick","/c/en/republic_of_ireland","/c/en/wicklow"],"weight":0.20700000000000002},"num_concepts_raised":134},{"base_id":842,"kind":"top_words","i1":2,"i2":5,"sol":{"path":["/c/en/limerick","/c/en/city","/c/en/cork"],"weight":0.20700000000000002},"num_concepts_raised":486},{"base_id":842,"kind":"top_words","i1":2,"i2":6,"sol":{"path":["/c/en/limerick","/c/en/republic_of_ireland","/c/en/donegal"],"weight":0.20600000000000002},"num_concepts_raised":126},{"base_id":842,"kind":"top_words","i1":2,"i2":7,"sol":{"path":["/c/en/limerick","/c/en/republic_of_ireland","/c/en/sligo"],"weight":0.20700000000000002},"num_concepts_raised":146},{"base_id":842,"kind":"top_words","i1":2,"i2":8,"sol":{"path":["/c/en/limerick","/c/en/republic_of_ireland","/c/en/carlow"],"weight":0.20700000000000002},"num_concepts_raised":133},{"base_id":842,"kind":"top_words","i1":2,"i2":9,"sol":{"path":["/c/en/limerick","/c/en/republic_of_ireland","/c/en/cavan"],"weight":0.20600000000000002},"num_concepts_raised":133},{"base_id":842,"kind":"top_words","i1":3,"i2":4,"sol":{"path":["/c/en/kildare","/c/en/republic_of_ireland","/c/en/wicklow"],"weight":0.20700000000000002},"num_concepts_raised":73},{"base_id":842,"kind":"top_words","i1":3,"i2":5,"sol":{"path":["/c/en/kildare","/c/en/republic_of_ireland","/c/en/cork"],"weight":0.20700000000000002},"num_concepts_raised":430},{"base_id":842,"kind":"top_words","i1":3,"i2":6,"sol":{"path":["/c/en/kildare","/c/en/town","/c/en/donegal"],"weight":0.20600000000000002},"num_concepts_raised":66},{"base_id":842,"kind":"top_words","i1":3,"i2":7,"sol":{"path":["/c/en/kildare","/c/en/republic_of_ireland","/c/en/sligo"],"weight":0.20700000000000002},"num_concepts_raised":87},{"base_id":842,"kind":"top_words","i1":3,"i2":8,"sol":{"path":["/c/en/kildare","/c/en/republic_of_ireland","/c/en/carlow"],"weight":0.20700000000000002},"num_concepts_raised":72},{"base_id":842,"kind":"top_words","i1":3,"i2":9,"sol":{"path":["/c/en/kildare","/c/en/town","/c/en/cavan"],"weight":0.20600000000000002},"num_concepts_raised":73},{"base_id":842,"kind":"top_words","i1":4,"i2":5,"sol":{"path":["/c/en/wicklow","/c/en/republic_of_ireland","/c/en/cork"],"weight":0.20800000000000002},"num_concepts_raised":436},{"base_id":842,"kind":"top_words","i1":4,"i2":6,"sol":{"path":["/c/en/wicklow","/c/en/republic_of_ireland","/c/en/donegal"],"weight":0.20700000000000002},"num_concepts_raised":72},{"base_id":842,"kind":"top_words","i1":4,"i2":7,"sol":{"path":["/c/en/wicklow","/c/en/republic_of_ireland","/c/en/sligo"],"weight":0.20800000000000002},"num_concepts_raised":93},{"base_id":842,"kind":"top_words","i1":4,"i2":8,"sol":{"path":["/c/en/wicklow","/c/en/republic_of_ireland","/c/en/carlow"],"weight":0.20800000000000002},"num_concepts_raised":78},{"base_id":842,"kind":"top_words","i1":4,"i2":9,"sol":{"path":["/c/en/wicklow","/c/en/republic_of_ireland","/c/en/cavan"],"weight":0.20700000000000002},"num_concepts_raised":79},{"base_id":842,"kind":"top_words","i1":5,"i2":6,"sol":{"path":["/c/en/cork","/c/en/republic_of_ireland","/c/en/donegal"],"weight":0.20700000000000002},"num_concepts_raised":428},{"base_id":842,"kind":"top_words","i1":5,"i2":7,"sol":{"path":["/c/en/cork","/c/en/republic_of_ireland","/c/en/sligo"],"weight":0.20800000000000002},"num_concepts_raised":447},{"base_id":842,"kind":"top_words","i1":5,"i2":8,"sol":{"path":["/c/en/cork","/c/en/republic_of_ireland","/c/en/carlow"],"weight":0.20800000000000002},"num_concepts_raised":435},{"base_id":842,"kind":"top_words","i1":5,"i2":9,"sol":{"path":["/c/en/cork","/c/en/republic_of_ireland","/c/en/cavan"],"weight":0.20700000000000002},"num_concepts_raised":435},{"base_id":842,"kind":"top_words","i1":6,"i2":7,"sol":{"path":["/c/en/donegal","/c/en/republic_of_ireland","/c/en/sligo"],"weight":0.20700000000000002},"num_concepts_raised":85},{"base_id":842,"kind":"top_words","i1":6,"i2":8,"sol":{"path":["/c/en/donegal","/c/en/republic_of_ireland","/c/en/carlow"],"weight":0.20700000000000002},"num_concepts_raised":71},{"base_id":842,"kind":"top_words","i1":6,"i2":9,"sol":{"path":["/c/en/donegal","/c/en/town","/c/en/cavan"],"weight":0.20600000000000002},"num_concepts_raised":70},{"base_id":842,"kind":"top_words","i1":7,"i2":8,"sol":{"path":["/c/en/sligo","/c/en/republic_of_ireland","/c/en/carlow"],"weight":0.20800000000000002},"num_concepts_raised":92},{"base_id":842,"kind":"top_words","i1":7,"i2":9,"sol":{"path":["/c/en/sligo","/c/en/republic_of_ireland","/c/en/cavan"],"weight":0.20700000000000002},"num_concepts_raised":92},{"base_id":842,"kind":"top_words","i1":8,"i2":9,"sol":{"path":["/c/en/carlow","/c/en/republic_of_ireland","/c/en/cavan"],"weight":0.20700000000000002},"num_concepts_raised":78}]]