[[{"base_id":223,"kind":"bot_words","i1":0,"i2":1,"sol":{"path":["/c/en/melody","/c/en/music","/c/en/wood","/c/en/kauri"],"weight":0.22213999999999964},"num_concepts_raised":41100},{"base_id":223,"kind":"bot_words","i1":0,"i2":2,"sol":{"path":["/c/en/melody","/c/en/music","/c/en/record","/c/en/saving"],"weight":0.2241099999999993},"num_concepts_raised":56544},{"base_id":223,"kind":"bot_words","i1":0,"i2":3,"sol":{"path":["/c/en/melody","/c/en/music","/c/en/intangible","/c/en/saleable"],"weight":0.2226699999999998},"num_concepts_raised":40422},{"base_id":223,"kind":"bot_words","i1":0,"i2":4,"sol":{"path":["/c/en/melody","/c/en/melodious","/c/en/sound","/c/en/undergird","/c/en/succour"],"weight":0.22301999999999972},"num_concepts_raised":38894},{"base_id":223,"kind":"bot_words","i1":0,"i2":5,"sol":{"path":["/c/en/melody","/c/en/music","/c/en/country","/c/en/bolivia","/c/en/illimani"],"weight":0.22935999999999976},"num_concepts_raised":39195},{"base_id":223,"kind":"bot_words","i1":0,"i2":6,"sol":{"path":["/c/en/melody","/c/en/head","/c/en/chador"],"weight":0.20600000000000002},"num_concepts_raised":423},{"base_id":223,"kind":"bot_words","i1":0,"i2":7,"sol":{"path":["/c/en/melody","/c/en/music","/c/en/orchestra","/c/en/immediately","/c/en/forthwith"],"weight":0.2231899999999996},"num_concepts_raised":40095},{"base_id":223,"kind":"bot_words","i1":0,"i2":8,"sol":{"path":["/c/en/melody","/c/en/music","/c/en/plate","/c/en/broccoli"],"weight":0.2349099999999999},"num_concepts_raised":49517},{"base_id":223,"kind":"bot_words","i1":0,"i2":9,"sol":{"path":["/c/en/melody","/c/en/lead","/c/fr/localités","/c/fr/coblence","/c/en/koblenz"],"weight":0.23230999999999963},"num_concepts_raised":40103},{"base_id":223,"kind":"bot_words","i1":1,"i2":2,"sol":{"path":["/c/en/kauri","/c/en/amber","/c/en/preserve","/c/en/saving"],"weight":0.20480999999999938},"num_concepts_raised":24504},{"base_id":223,"kind":"bot_words","i1":1,"i2":3,"sol":{"path":["/c/en/kauri","/c/en/wood","/c/en/us","/c/en/salable","/c/en/saleable"],"weight":0.20456999999999992},"num_concepts_raised":7377},{"base_id":223,"kind":"bot_words","i1":1,"i2":4,"sol":{"path":["/c/en/kauri","/c/en/new_zealand","/c/en/lift","/c/en/aid","/c/en/succour"],"weight":0.20331999999999972},"num_concepts_raised":5794},{"base_id":223,"kind":"bot_words","i1":1,"i2":5,"sol":{"path":["/c/en/kauri","/c/en/new_zealand","/c/en/country","/c/en/bolivia","/c/en/illimani"],"weight":0.21009999999999984},"num_concepts_raised":6082},{"base_id":223,"kind":"bot_words","i1":1,"i2":6,"sol":{"path":["/c/en/kauri","/c/en/wood","/c/en/head","/c/en/chador"],"weight":0.20376999999999984},"num_concepts_raised":11813},{"base_id":223,"kind":"bot_words","i1":1,"i2":7,"sol":{"path":["/c/en/kauri","/c/en/wood","/c/en/floor","/c/en/right_now","/c/en/forthwith"],"weight":0.20341999999999968},"num_concepts_raised":7002},{"base_id":223,"kind":"bot_words","i1":1,"i2":8,"sol":{"path":["/c/en/kauri","/c/en/wood","/c/en/flower","/c/en/broccoli"],"weight":0.21564},"num_concepts_raised":16842},{"base_id":223,"kind":"bot_words","i1":1,"i2":9,"sol":{"path":["/c/en/kauri","/c/en/new_zealand","/c/en/country","/c/en/germany","/c/en/koblenz"],"weight":0.21259999999999965},"num_concepts_raised":7000},{"base_id":223,"kind":"bot_words","i1":2,"i2":3,"sol":{"path":["/c/en/saving","/c/en/money","/c/en/sale","/c/en/saleable"],"weight":0.20647999999999958},"num_concepts_raised":23543},{"base_id":223,"kind":"bot_words","i1":2,"i2":4,"sol":{"path":["/c/en/saving","/c/en/rescue","/c/fr/secourir","/c/en/succour"],"weight":0.2072599999999994},"num_concepts_raised":21854},{"base_id":223,"kind":"bot_words","i1":2,"i2":5,"sol":{"path":["/c/en/saving","/c/en/economy","/c/en/country","/c/en/bolivia","/c/en/illimani"],"weight":0.2121499999999995},"num_concepts_raised":22538},{"base_id":223,"kind":"bot_words","i1":2,"i2":6,"sol":{"path":["/c/en/saving","/c/en/stitch","/c/en/covering","/c/en/chador"],"weight":0.2055799999999995},"num_concepts_raised":28083},{"base_id":223,"kind":"bot_words","i1":2,"i2":7,"sol":{"path":["/c/en/saving","/c/en/except","/c/en/without","/c/en/forthwith"],"weight":0.20516999999999935},"num_concepts_raised":23372},{"base_id":223,"kind":"bot_words","i1":2,"i2":8,"sol":{"path":["/c/en/saving","/c/en/money","/c/en/green","/c/en/broccoli"],"weight":0.21772999999999967},"num_concepts_raised":33021},{"base_id":223,"kind":"bot_words","i1":2,"i2":9,"sol":{"path":["/c/en/saving","/c/en/bank","/c/en/town","/c/en/koblenz"],"weight":0.21441999999999933},"num_concepts_raised":23444},{"base_id":223,"kind":"bot_words","i1":3,"i2":4,"sol":{"path":["/c/en/saleable","/c/en/sale","/c/en/activity","/c/en/aid","/c/en/succour"],"weight":0.2048899999999999},"num_concepts_raised":5039},{"base_id":223,"kind":"bot_words","i1":3,"i2":5,"sol":{"path":["/c/en/saleable","/c/en/sale","/c/en/amount","/c/en/mountain","/c/en/illimani"],"weight":0.20963000000000004},"num_concepts_raised":5332},{"base_id":223,"kind":"bot_words","i1":3,"i2":6,"sol":{"path":["/c/en/saleable","/c/en/salable","/c/en/us","/c/en/robe","/c/en/chador"],"weight":0.20549000000000003},"num_concepts_raised":11094},{"base_id":223,"kind":"bot_words","i1":3,"i2":7,"sol":{"path":["/c/en/saleable","/c/en/worth","/c/ja/直","/c/fr/immédiatement","/c/en/forthwith"],"weight":0.20522999999999986},"num_concepts_raised":6235},{"base_id":223,"kind":"bot_words","i1":3,"i2":8,"sol":{"path":["/c/en/saleable","/c/en/sale","/c/en/market","/c/en/cabbage","/c/en/broccoli"],"weight":0.2195600000000002},"num_concepts_raised":16130},{"base_id":223,"kind":"bot_words","i1":3,"i2":9,"sol":{"path":["/c/en/saleable","/c/en/sale","/c/fr/ville","/c/fr/coblence","/c/en/koblenz"],"weight":0.21827999999999984},"num_concepts_raised":6249},{"base_id":223,"kind":"bot_words","i1":4,"i2":5,"sol":{"path":["/c/en/succour","/c/en/relief","/c/en/mountain","/c/en/illimani"],"weight":0.20823999999999984},"num_concepts_raised":3746},{"base_id":223,"kind":"bot_words","i1":4,"i2":6,"sol":{"path":["/c/en/succour","/c/en/aid","/c/en/bed","/c/hi/चादर","/c/en/chador"],"weight":0.20526999999999984},"num_concepts_raised":9506},{"base_id":223,"kind":"bot_words","i1":4,"i2":7,"sol":{"path":["/c/en/succour","/c/en/succor","/c/en/current","/c/en/right_now","/c/en/forthwith"],"weight":0.2046399999999997},"num_concepts_raised":4643},{"base_id":223,"kind":"bot_words","i1":4,"i2":8,"sol":{"path":["/c/en/succour","/c/syc/ܣܝܥܬܐ","/c/en/company","/c/en/broccoli"],"weight":0.21572000000000002},"num_concepts_raised":14591},{"base_id":223,"kind":"bot_words","i1":4,"i2":9,"sol":{"path":["/c/en/succour","/c/en/aid","/c/en/historical","/c/en/germany","/c/en/koblenz"],"weight":0.21300999999999964},"num_concepts_raised":4678},{"base_id":223,"kind":"bot_words","i1":5,"i2":6,"sol":{"path":["/c/en/illimani","/c/en/bolivia","/c/en/country","/c/en/iran","/c/en/chador"],"weight":0.21097999999999995},"num_concepts_raised":9796},{"base_id":223,"kind":"bot_words","i1":5,"i2":7,"sol":{"path":["/c/en/illimani","/c/en/mountain","/c/en/want","/c/en/without","/c/en/forthwith"],"weight":0.2084999999999998},"num_concepts_raised":4946},{"base_id":223,"kind":"bot_words","i1":5,"i2":8,"sol":{"path":["/c/en/illimani","/c/en/mountain","/c/en/like","/c/en/cabbage","/c/en/broccoli"],"weight":0.2231300000000001},"num_concepts_raised":14869},{"base_id":223,"kind":"bot_words","i1":5,"i2":9,"sol":{"path":["/c/en/illimani","/c/en/bolivia","/c/en/country","/c/en/germany","/c/en/koblenz"],"weight":0.21979999999999977},"num_concepts_raised":4941},{"base_id":223,"kind":"bot_words","i1":6,"i2":7,"sol":{"path":["/c/en/chador","/c/en/combination","/c/en/without","/c/en/forthwith"],"weight":0.2042399999999998},"num_concepts_raised":10702},{"base_id":223,"kind":"bot_words","i1":6,"i2":8,"sol":{"path":["/c/en/chador","/c/en/head","/c/en/cabbage","/c/en/broccoli"],"weight":0.21888000000000013},"num_concepts_raised":20464},{"base_id":223,"kind":"bot_words","i1":6,"i2":9,"sol":{"path":["/c/en/chador","/c/en/loose","/c/fr/localités","/c/fr/coblence","/c/en/koblenz"],"weight":0.21754999999999977},"num_concepts_raised":10721},{"base_id":223,"kind":"bot_words","i1":7,"i2":8,"sol":{"path":["/c/en/forthwith","/c/en/delay","/c/en/put","/c/en/green","/c/en/broccoli"],"weight":0.21615999999999996},"num_concepts_raised":15799},{"base_id":223,"kind":"bot_words","i1":7,"i2":9,"sol":{"path":["/c/en/forthwith","/c/en/immediately","/c/en/successor","/c/en/germany","/c/en/koblenz"],"weight":0.21359999999999962},"num_concepts_raised":5872},{"base_id":223,"kind":"bot_words","i1":8,"i2":9,"sol":{"path":["/c/en/broccoli","/c/fr/broc","/c/fr/localités","/c/fr/coblence","/c/en/koblenz"],"weight":0.22939999999999994},"num_concepts_raised":15771}],[{"base_id":223,"kind":"top_words","i1":0,"i2":1,"sol":{"path":["/c/en/hearken","/c/en/listen","/c/en/record","/c/en/datasheet"],"weight":0.20474999999999985},"num_concepts_raised":23188},{"base_id":223,"kind":"top_words","i1":0,"i2":2,"sol":{"path":["/c/en/hearken","/c/en/listen","/c/en/person","/c/en/scratcher"],"weight":0.2047699999999998},"num_concepts_raised":49241},{"base_id":223,"kind":"top_words","i1":0,"i2":3,"sol":{"path":["/c/en/hearken","/c/en/en","/c/en/wind","/c/en/running"],"weight":0.21611999999999804},"num_concepts_raised":94680},{"base_id":223,"kind":"top_words","i1":0,"i2":4,"sol":{"path":["/c/en/hearken","/c/en/harken","/c/en/us","/c/en/tailback"],"weight":0.20345999999999986},"num_concepts_raised":24419},{"base_id":223,"kind":"top_words","i1":0,"i2":5,"sol":{"path":["/c/en/hearken","/c/en/listen","/c/en/music","/c/mul/i","/c/en/unrounded"],"weight":0.2045699999999998},"num_concepts_raised":5376},{"base_id":223,"kind":"top_words","i1":0,"i2":6,"sol":{"path":["/c/en/hearken","/c/en/hear","/c/en/bear","/c/en/quadruped"],"weight":0.20638999999999963},"num_concepts_raised":31014},{"base_id":223,"kind":"top_words","i1":0,"i2":7,"sol":{"path":["/c/en/hearken","/c/en/listen","/c/en/relax","/c/en/massage","/c/en/massager"],"weight":0.20569999999999988},"num_concepts_raised":8533},{"base_id":223,"kind":"top_words","i1":0,"i2":8,"sol":{"path":["/c/en/hearken","/c/en/en","/c/en/dialectal","/c/en/ran"],"weight":0.20321999999999982},"num_concepts_raised":21509},{"base_id":223,"kind":"top_words","i1":0,"i2":9,"sol":{"path":["/c/en/hearken","/c/en/listen","/c/en/ear","/c/en/head","/c/en/headlong"],"weight":0.20712999999999965},"num_concepts_raised":12495},{"base_id":223,"kind":"top_words","i1":1,"i2":2,"sol":{"path":["/c/en/datasheet","/c/en/computing","/c/en/scratch","/c/en/scratcher"],"weight":0.2040999999999999},"num_concepts_raised":61479},{"base_id":223,"kind":"top_words","i1":1,"i2":3,"sol":{"path":["/c/en/datasheet","/c/en/row","/c/en/exercise","/c/en/running"],"weight":0.21836999999999812},"num_concepts_raised":106601},{"base_id":223,"kind":"top_words","i1":1,"i2":4,"sol":{"path":["/c/en/datasheet","/c/en/record","/c/en/back","/c/en/tailback"],"weight":0.20423999999999995},"num_concepts_raised":37058},{"base_id":223,"kind":"top_words","i1":1,"i2":5,"sol":{"path":["/c/en/datasheet","/c/en/computing","/c/mul/e","/c/en/unrounded"],"weight":0.20277999999999985},"num_concepts_raised":18782},{"base_id":223,"kind":"top_words","i1":1,"i2":6,"sol":{"path":["/c/en/datasheet","/c/en/table","/c/la/pes","/c/en/quadruped"],"weight":0.2048399999999997},"num_concepts_raised":44096},{"base_id":223,"kind":"top_words","i1":1,"i2":7,"sol":{"path":["/c/en/datasheet","/c/en/data","/c/en/massage","/c/en/massager"],"weight":0.20489999999999992},"num_concepts_raised":21627},{"base_id":223,"kind":"top_words","i1":1,"i2":8,"sol":{"path":["/c/en/datasheet","/c/en/table","/c/en/nautical","/c/en/ran"],"weight":0.20308999999999988},"num_concepts_raised":34579},{"base_id":223,"kind":"top_words","i1":1,"i2":9,"sol":{"path":["/c/en/datasheet","/c/en/column","/c/en/head","/c/en/headlong"],"weight":0.2051899999999997},"num_concepts_raised":25725},{"base_id":223,"kind":"top_words","i1":2,"i2":3,"sol":{"path":["/c/en/scratcher","/c/en/person","/c/en/run","/c/en/running"],"weight":0.21970999999999802},"num_concepts_raised":131128},{"base_id":223,"kind":"top_words","i1":2,"i2":4,"sol":{"path":["/c/en/scratcher","/c/en/backscratcher","/c/en/back","/c/en/tailback"],"weight":0.20520999999999995},"num_concepts_raised":61453},{"base_id":223,"kind":"top_words","i1":2,"i2":5,"sol":{"path":["/c/en/scratcher","/c/en/programming","/c/mul/i","/c/en/unrounded"],"weight":0.20281999999999983},"num_concepts_raised":44938},{"base_id":223,"kind":"top_words","i1":2,"i2":6,"sol":{"path":["/c/en/scratcher","/c/en/bird","/c/en/tetrapod","/c/en/quadruped"],"weight":0.20617999999999964},"num_concepts_raised":69054},{"base_id":223,"kind":"top_words","i1":2,"i2":7,"sol":{"path":["/c/en/scratcher","/c/en/device","/c/en/massager"],"weight":0.202},"num_concepts_raised":55},{"base_id":223,"kind":"top_words","i1":2,"i2":8,"sol":{"path":["/c/en/scratcher","/c/en/slang","/c/en/run","/c/en/ran"],"weight":0.20513999999999988},"num_concepts_raised":59886},{"base_id":223,"kind":"top_words","i1":2,"i2":9,"sol":{"path":["/c/en/scratcher","/c/en/head_scratcher","/c/en/head","/c/en/headlong"],"weight":0.20625999999999967},"num_concepts_raised":51502},{"base_id":223,"kind":"top_words","i1":3,"i2":4,"sol":{"path":["/c/en/running","/c/en/football","/c/en/tailback"],"weight":0.20400000000000001},"num_concepts_raised":576},{"base_id":223,"kind":"top_words","i1":3,"i2":5,"sol":{"path":["/c/en/running","/c/en/botany","/c/en/rounded","/c/en/unrounded"],"weight":0.21454999999999808},"num_concepts_raised":90646},{"base_id":223,"kind":"top_words","i1":3,"i2":6,"sol":{"path":["/c/en/running","/c/en/ambulating","/c/en/quadruped"],"weight":0.20400000000000001},"num_concepts_raised":694},{"base_id":223,"kind":"top_words","i1":3,"i2":7,"sol":{"path":["/c/en/running","/c/en/action","/c/en/device","/c/en/massager"],"weight":0.21408999999999812},"num_concepts_raised":93295},{"base_id":223,"kind":"top_words","i1":3,"i2":8,"sol":{"path":["/c/en/running","/c/en/run","/c/en/ran"],"weight":0.20800000000000002},"num_concepts_raised":567},{"base_id":223,"kind":"top_words","i1":3,"i2":9,"sol":{"path":["/c/en/running","/c/en/run","/c/en/forward","/c/en/headlong"],"weight":0.22172999999999787},"num_concepts_raised":96419},{"base_id":223,"kind":"top_words","i1":4,"i2":5,"sol":{"path":["/c/en/tailback","/c/en/back","/c/mul/ɑ","/c/en/unrounded"],"weight":0.2040799999999999},"num_concepts_raised":20014},{"base_id":223,"kind":"top_words","i1":4,"i2":6,"sol":{"path":["/c/en/tailback","/c/en/back","/c/en/animal","/c/en/quadruped"],"weight":0.20668999999999974},"num_concepts_raised":44987},{"base_id":223,"kind":"top_words","i1":4,"i2":7,"sol":{"path":["/c/en/tailback","/c/en/back","/c/en/massage","/c/en/massager"],"weight":0.20515999999999995},"num_concepts_raised":23021},{"base_id":223,"kind":"top_words","i1":4,"i2":8,"sol":{"path":["/c/en/tailback","/c/en/american_football","/c/en/run","/c/en/ran"],"weight":0.20534999999999992},"num_concepts_raised":34622},{"base_id":223,"kind":"top_words","i1":4,"i2":9,"sol":{"path":["/c/en/tailback","/c/en/back","/c/en/forward","/c/en/headlong"],"weight":0.20654999999999973},"num_concepts_raised":26777},{"base_id":223,"kind":"top_words","i1":5,"i2":6,"sol":{"path":["/c/en/unrounded","/c/en/rounded","/c/en/smooth","/c/en/animal","/c/en/quadruped"],"weight":0.20623999999999965},"num_concepts_raised":26570},{"base_id":223,"kind":"top_words","i1":5,"i2":7,"sol":{"path":["/c/en/unrounded","/c/mul/ɑ","/c/en/back","/c/en/massage","/c/en/massager"],"weight":0.2038199999999999},"num_concepts_raised":4059},{"base_id":223,"kind":"top_words","i1":5,"i2":8,"sol":{"path":["/c/en/unrounded","/c/mul/i","/c/en/music","/c/en/run","/c/en/ran"],"weight":0.20491999999999982},"num_concepts_raised":17125},{"base_id":223,"kind":"top_words","i1":5,"i2":9,"sol":{"path":["/c/en/unrounded","/c/en/rounded","/c/en/round","/c/en/head","/c/en/headlong"],"weight":0.20614999999999967},"num_concepts_raised":8038},{"base_id":223,"kind":"top_words","i1":6,"i2":7,"sol":{"path":["/c/en/quadruped","/c/en/knuckle","/c/en/massage","/c/en/massager"],"weight":0.20572999999999972},"num_concepts_raised":29651},{"base_id":223,"kind":"top_words","i1":6,"i2":8,"sol":{"path":["/c/en/quadruped","/c/en/horse","/c/en/run","/c/en/ran"],"weight":0.2071199999999997},"num_concepts_raised":42327},{"base_id":223,"kind":"top_words","i1":6,"i2":9,"sol":{"path":["/c/en/quadruped","/c/en/animal","/c/en/head","/c/en/headlong"],"weight":0.20767999999999948},"num_concepts_raised":33459},{"base_id":223,"kind":"top_words","i1":7,"i2":8,"sol":{"path":["/c/en/massager","/c/en/masseuse","/c/en/nonstandard","/c/en/ran"],"weight":0.2048799999999999},"num_concepts_raised":20159},{"base_id":223,"kind":"top_words","i1":7,"i2":9,"sol":{"path":["/c/en/massager","/c/en/device","/c/en/restraint","/c/en/headlong"],"weight":0.20392999999999972},"num_concepts_raised":11149},{"base_id":223,"kind":"top_words","i1":8,"i2":9,"sol":{"path":["/c/en/ran","/c/en/run","/c/en/forward","/c/en/headlong"],"weight":0.20738999999999969},"num_concepts_raised":23965}]]