[[{"base_id":496,"kind":"bot_words","i1":0,"i2":1,"sol":{"path":["/c/en/witney","/c/en/historical","/c/en/homer","/c/en/iliad"],"weight":0.21436999999999967},"num_concepts_raised":128366},{"base_id":496,"kind":"bot_words","i1":0,"i2":2,"sol":{"path":["/c/en/witney","/c/en/historical","/c/en/skald"],"weight":0.20600000000000002},"num_concepts_raised":62},{"base_id":496,"kind":"bot_words","i1":0,"i2":3,"sol":{"path":["/c/en/witney","/c/fr/localités","/c/fr/forêt","/c/fr/boisement","/c/en/afforestation"],"weight":0.2101199999999999},"num_concepts_raised":122420},{"base_id":496,"kind":"bot_words","i1":0,"i2":4,"sol":{"path":["/c/en/witney","/c/fr/localités","/c/en/rise","/c/en/proof","/c/en/fireproof"],"weight":0.21090999999999976},"num_concepts_raised":126344},{"base_id":496,"kind":"bot_words","i1":0,"i2":5,"sol":{"path":["/c/en/witney","/c/fr/ville","/c/fr/emprunt","/c/en/debt","/c/en/arrears"],"weight":0.20799999999999974},"num_concepts_raised":123401},{"base_id":496,"kind":"bot_words","i1":0,"i2":6,"sol":{"path":["/c/en/witney","/c/en/historical","/c/en/enthusiasm","/c/en/aah"],"weight":0.20901999999999982},"num_concepts_raised":126403},{"base_id":496,"kind":"bot_words","i1":0,"i2":7,"sol":{"path":["/c/en/witney","/c/en/cloth","/c/en/clean","/c/en/exact"],"weight":0.2130199999999995},"num_concepts_raised":156131},{"base_id":496,"kind":"bot_words","i1":0,"i2":8,"sol":{"path":["/c/en/witney","/c/en/historical","/c/nl/leerdicht","/c/en/didactic"],"weight":0.2088499999999998},"num_concepts_raised":139432},{"base_id":496,"kind":"bot_words","i1":0,"i2":9,"sol":{"path":["/c/en/witney","/c/en/england","/c/en/chew","/c/en/gnaw","/c/en/gnawing"],"weight":0.2098099999999998},"num_concepts_raised":124378},{"base_id":496,"kind":"bot_words","i1":1,"i2":2,"sol":{"path":["/c/en/iliad","/c/en/homer","/c/en/poet","/c/en/skald"],"weight":0.2149899999999998},"num_concepts_raised":16078},{"base_id":496,"kind":"bot_words","i1":1,"i2":3,"sol":{"path":["/c/en/iliad","/c/en/phoenix","/c/en/plant","/c/en/afforest","/c/en/afforestation"],"weight":0.21077999999999975},"num_concepts_raised":8005},{"base_id":496,"kind":"bot_words","i1":1,"i2":4,"sol":{"path":["/c/en/iliad","/c/en/device","/c/en/fire","/c/en/fireproof"],"weight":0.2106899999999996},"num_concepts_raised":11918},{"base_id":496,"kind":"bot_words","i1":1,"i2":5,"sol":{"path":["/c/en/iliad","/c/en/long","/c/en/behind","/c/en/arrears"],"weight":0.20953999999999956},"num_concepts_raised":8979},{"base_id":496,"kind":"bot_words","i1":1,"i2":6,"sol":{"path":["/c/en/iliad","/c/en/homer","/c/en/about","/c/en/surprise","/c/en/aah"],"weight":0.21085999999999966},"num_concepts_raised":11960},{"base_id":496,"kind":"bot_words","i1":1,"i2":7,"sol":{"path":["/c/en/iliad","/c/en/story","/c/en/truth","/c/en/exact"],"weight":0.2157099999999993},"num_concepts_raised":41773},{"base_id":496,"kind":"bot_words","i1":1,"i2":8,"sol":{"path":["/c/en/iliad","/c/en/epic","/c/en/hero","/c/en/didactic"],"weight":0.21061999999999964},"num_concepts_raised":25058},{"base_id":496,"kind":"bot_words","i1":1,"i2":9,"sol":{"path":["/c/en/iliad","/c/en/long","/c/en/squirrel","/c/en/gnawing"],"weight":0.20941999999999963},"num_concepts_raised":9947},{"base_id":496,"kind":"bot_words","i1":2,"i2":3,"sol":{"path":["/c/en/skald","/c/en/historical","/c/en/forest","/c/en/deforestation","/c/en/afforestation"],"weight":0.20972000000000002},"num_concepts_raised":10113},{"base_id":496,"kind":"bot_words","i1":2,"i2":4,"sol":{"path":["/c/en/skald","/c/en/poet","/c/en/person","/c/en/proof","/c/en/fireproof"],"weight":0.2114799999999999},"num_concepts_raised":14045},{"base_id":496,"kind":"bot_words","i1":2,"i2":5,"sol":{"path":["/c/en/skald","/c/en/poet","/c/en/house","/c/en/debt","/c/en/arrears"],"weight":0.20853999999999986},"num_concepts_raised":11093},{"base_id":496,"kind":"bot_words","i1":2,"i2":6,"sol":{"path":["/c/en/skald","/c/en/historical","/c/en/enthusiasm","/c/en/aah"],"weight":0.20950999999999992},"num_concepts_raised":14094},{"base_id":496,"kind":"bot_words","i1":2,"i2":7,"sol":{"path":["/c/en/skald","/c/en/historical","/c/zh/地支","/c/en/exact"],"weight":0.21344999999999958},"num_concepts_raised":43981},{"base_id":496,"kind":"bot_words","i1":2,"i2":8,"sol":{"path":["/c/en/skald","/c/en/poet","/c/en/aratus","/c/en/didactic"],"weight":0.20945999999999992},"num_concepts_raised":27163},{"base_id":496,"kind":"bot_words","i1":2,"i2":9,"sol":{"path":["/c/en/skald","/c/en/historical","/c/en/waste","/c/en/gnaw","/c/en/gnawing"],"weight":0.21023999999999993},"num_concepts_raised":12083},{"base_id":496,"kind":"bot_words","i1":3,"i2":4,"sol":{"path":["/c/en/afforestation","/c/en/conversion","/c/en/change","/c/en/proof","/c/en/fireproof"],"weight":0.20630999999999983},"num_concepts_raised":5868},{"base_id":496,"kind":"bot_words","i1":3,"i2":5,"sol":{"path":["/c/en/afforestation","/c/fr/sylviculture","/c/fr/remise","/c/fr/retard","/c/en/arrears"],"weight":0.20427999999999982},"num_concepts_raised":2888},{"base_id":496,"kind":"bot_words","i1":3,"i2":6,"sol":{"path":["/c/en/afforestation","/c/en/conversion","/c/en/event","/c/en/surprise","/c/en/aah"],"weight":0.20451999999999987},"num_concepts_raised":5901},{"base_id":496,"kind":"bot_words","i1":3,"i2":7,"sol":{"path":["/c/en/afforestation","/c/en/conversion","/c/en/change","/c/en/exact"],"weight":0.20832999999999952},"num_concepts_raised":36069},{"base_id":496,"kind":"bot_words","i1":3,"i2":8,"sol":{"path":["/c/en/afforestation","/c/ru/лесонасаждение","/c/en/tract","/c/en/treatise","/c/en/didactic"],"weight":0.2052699999999999},"num_concepts_raised":19097},{"base_id":496,"kind":"bot_words","i1":3,"i2":9,"sol":{"path":["/c/en/afforestation","/c/en/deforestation","/c/en/forest","/c/en/squirrel","/c/en/gnawing"],"weight":0.20432999999999987},"num_concepts_raised":3872},{"base_id":496,"kind":"bot_words","i1":4,"i2":5,"sol":{"path":["/c/en/fireproof","/c/en/proof","/c/fr/gage","/c/fr/dette","/c/en/arrears"],"weight":0.2061199999999997},"num_concepts_raised":6861},{"base_id":496,"kind":"bot_words","i1":4,"i2":6,"sol":{"path":["/c/en/fireproof","/c/en/proof","/c/en/change","/c/en/surprise","/c/en/aah"],"weight":0.20737999999999976},"num_concepts_raised":9854},{"base_id":496,"kind":"bot_words","i1":4,"i2":7,"sol":{"path":["/c/en/fireproof","/c/en/proof","/c/en/mathematical","/c/en/exact"],"weight":0.21223999999999943},"num_concepts_raised":39880},{"base_id":496,"kind":"bot_words","i1":4,"i2":8,"sol":{"path":["/c/en/fireproof","/c/en/proof","/c/en/demonstration","/c/en/didactic"],"weight":0.20715999999999973},"num_concepts_raised":22981},{"base_id":496,"kind":"bot_words","i1":4,"i2":9,"sol":{"path":["/c/en/fireproof","/c/en/heat_resistant","/c/en/intense","/c/en/gnawing"],"weight":0.20392999999999975},"num_concepts_raised":7799},{"base_id":496,"kind":"bot_words","i1":5,"i2":6,"sol":{"path":["/c/en/arrears","/c/en/debt","/c/en/action","/c/en/surprise","/c/en/aah"],"weight":0.20444999999999974},"num_concepts_raised":6879},{"base_id":496,"kind":"bot_words","i1":5,"i2":7,"sol":{"path":["/c/en/arrears","/c/en/debt","/c/en/payment","/c/en/exact"],"weight":0.2082699999999994},"num_concepts_raised":36951},{"base_id":496,"kind":"bot_words","i1":5,"i2":8,"sol":{"path":["/c/en/arrears","/c/grc/πρᾶξισ","/c/en/treatise","/c/en/didactic"],"weight":0.20403999999999972},"num_concepts_raised":20084},{"base_id":496,"kind":"bot_words","i1":5,"i2":9,"sol":{"path":["/c/en/arrears","/c/en/debt","/c/ar/قرض","/c/en/gnawing"],"weight":0.20306999999999972},"num_concepts_raised":4848},{"base_id":496,"kind":"bot_words","i1":6,"i2":7,"sol":{"path":["/c/en/aah","/c/en/surprise","/c/en/change","/c/en/exact"],"weight":0.20938999999999947},"num_concepts_raised":39906},{"base_id":496,"kind":"bot_words","i1":6,"i2":8,"sol":{"path":["/c/en/aah","/c/en/pleasure","/c/en/entertainment","/c/en/didacticism","/c/en/didactic"],"weight":0.2066899999999998},"num_concepts_raised":23015},{"base_id":496,"kind":"bot_words","i1":6,"i2":9,"sol":{"path":["/c/en/aah","/c/en/surprise","/c/en/shock","/c/en/intense","/c/en/gnawing"],"weight":0.2043099999999998},"num_concepts_raised":7817},{"base_id":496,"kind":"bot_words","i1":7,"i2":8,"sol":{"path":["/c/en/exact","/c/en/mathematical","/c/en/demonstration","/c/en/didactic"],"weight":0.21020999999999945},"num_concepts_raised":52749},{"base_id":496,"kind":"bot_words","i1":7,"i2":9,"sol":{"path":["/c/en/exact","/c/en/strict","/c/en/severe","/c/en/gnawing"],"weight":0.20944999999999944},"num_concepts_raised":37838},{"base_id":496,"kind":"bot_words","i1":8,"i2":9,"sol":{"path":["/c/en/didactic","/c/en/didact","/c/en/person","/c/en/distress","/c/en/gnawing"],"weight":0.2062699999999998},"num_concepts_raised":21040}],[{"base_id":496,"kind":"top_words","i1":0,"i2":1,"sol":{"path":["/c/en/airport","/c/en/domodedovo"],"weight":0.20400000000000001},"num_concepts_raised":519},{"base_id":496,"kind":"top_words","i1":0,"i2":2,"sol":{"path":["/c/en/airport","/c/en/sheremetyevo"],"weight":0.20400000000000001},"num_concepts_raised":534},{"base_id":496,"kind":"top_words","i1":0,"i2":3,"sol":{"path":["/c/en/airport","/c/en/aircraft","/c/en/waist","/c/en/lungi"],"weight":0.21661999999999954},"num_concepts_raised":32545},{"base_id":496,"kind":"top_words","i1":0,"i2":4,"sol":{"path":["/c/en/airport","/c/en/city","/c/en/dorval"],"weight":0.20800000000000002},"num_concepts_raised":519},{"base_id":496,"kind":"top_words","i1":0,"i2":5,"sol":{"path":["/c/en/airport","/c/en/baggage","/c/en/trunk","/c/en/bole"],"weight":0.21721999999999933},"num_concepts_raised":156932},{"base_id":496,"kind":"top_words","i1":0,"i2":6,"sol":{"path":["/c/en/airport","/c/en/city","/c/en/federal","/c/en/federalize"],"weight":0.2172899999999996},"num_concepts_raised":30544},{"base_id":496,"kind":"top_words","i1":0,"i2":7,"sol":{"path":["/c/en/airport","/c/en/international"],"weight":0.20400000000000001},"num_concepts_raised":788},{"base_id":496,"kind":"top_words","i1":0,"i2":8,"sol":{"path":["/c/en/airport","/c/en/city","/c/en/village","/c/en/slatina"],"weight":0.22133999999999948},"num_concepts_raised":31565},{"base_id":496,"kind":"top_words","i1":0,"i2":9,"sol":{"path":["/c/en/airport","/c/en/city","/c/en/country","/c/en/administrative_region","/c/en/evenes"],"weight":0.22131999999999946},"num_concepts_raised":29850},{"base_id":496,"kind":"top_words","i1":1,"i2":2,"sol":{"path":["/c/en/domodedovo","/c/en/airport","/c/en/sheremetyevo"],"weight":0.202},"num_concepts_raised":68},{"base_id":496,"kind":"top_words","i1":1,"i2":3,"sol":{"path":["/c/en/domodedovo","/c/en/russia","/c/en/country","/c/en/india","/c/en/lungi"],"weight":0.2029899999999999},"num_concepts_raised":4922},{"base_id":496,"kind":"top_words","i1":1,"i2":4,"sol":{"path":["/c/en/domodedovo","/c/en/airport","/c/en/city","/c/en/dorval"],"weight":0.21186999999999984},"num_concepts_raised":7787},{"base_id":496,"kind":"top_words","i1":1,"i2":5,"sol":{"path":["/c/en/domodedovo","/c/en/moscow","/c/fr/localités","/c/en/bole"],"weight":0.20347999999999966},"num_concepts_raised":130075},{"base_id":496,"kind":"top_words","i1":1,"i2":6,"sol":{"path":["/c/en/domodedovo","/c/en/moscow","/c/en/government","/c/en/federal","/c/en/federalize"],"weight":0.2037699999999999},"num_concepts_raised":2721},{"base_id":496,"kind":"top_words","i1":1,"i2":7,"sol":{"path":["/c/en/domodedovo","/c/en/airport","/c/en/international"],"weight":0.202},"num_concepts_raised":326},{"base_id":496,"kind":"top_words","i1":1,"i2":8,"sol":{"path":["/c/en/domodedovo","/c/en/moscow","/c/en/human","/c/en/village","/c/en/slatina"],"weight":0.20775999999999983},"num_concepts_raised":3843},{"base_id":496,"kind":"top_words","i1":1,"i2":9,"sol":{"path":["/c/en/domodedovo","/c/en/moscow","/c/en/administrative_region","/c/en/evenes"],"weight":0.2077399999999998},"num_concepts_raised":1989},{"base_id":496,"kind":"top_words","i1":2,"i2":3,"sol":{"path":["/c/en/sheremetyevo","/c/en/russia","/c/en/country","/c/en/india","/c/en/lungi"],"weight":0.2031099999999998},"num_concepts_raised":4936},{"base_id":496,"kind":"top_words","i1":2,"i2":4,"sol":{"path":["/c/en/sheremetyevo","/c/en/airport","/c/en/city","/c/en/dorval"],"weight":0.21198999999999976},"num_concepts_raised":7801},{"base_id":496,"kind":"top_words","i1":2,"i2":5,"sol":{"path":["/c/en/sheremetyevo","/c/en/moscow","/c/fr/localités","/c/en/bole"],"weight":0.20359999999999961},"num_concepts_raised":130089},{"base_id":496,"kind":"top_words","i1":2,"i2":6,"sol":{"path":["/c/en/sheremetyevo","/c/en/moscow","/c/en/government","/c/en/federal","/c/en/federalize"],"weight":0.20388999999999985},"num_concepts_raised":2735},{"base_id":496,"kind":"top_words","i1":2,"i2":7,"sol":{"path":["/c/en/sheremetyevo","/c/en/airport","/c/en/international"],"weight":0.202},"num_concepts_raised":341},{"base_id":496,"kind":"top_words","i1":2,"i2":8,"sol":{"path":["/c/en/sheremetyevo","/c/en/moscow","/c/en/human","/c/en/village","/c/en/slatina"],"weight":0.20787999999999976},"num_concepts_raised":3857},{"base_id":496,"kind":"top_words","i1":2,"i2":9,"sol":{"path":["/c/en/sheremetyevo","/c/en/moscow","/c/en/administrative_region","/c/en/evenes"],"weight":0.20785999999999977},"num_concepts_raised":2003},{"base_id":496,"kind":"top_words","i1":3,"i2":4,"sol":{"path":["/c/en/lungi","/c/en/india","/c/en/country","/c/en/city","/c/en/dorval"],"weight":0.21212999999999987},"num_concepts_raised":9650},{"base_id":496,"kind":"top_words","i1":3,"i2":5,"sol":{"path":["/c/en/lungi","/c/en/india","/c/en/china","/c/en/bole"],"weight":0.20366999999999968},"num_concepts_raised":131918},{"base_id":496,"kind":"top_words","i1":3,"i2":6,"sol":{"path":["/c/en/lungi","/c/en/india","/c/en/state","/c/en/federal","/c/en/federalize"],"weight":0.20393999999999995},"num_concepts_raised":4671},{"base_id":496,"kind":"top_words","i1":3,"i2":7,"sol":{"path":["/c/en/lungi","/c/en/sarong","/c/en/ethnic","/c/en/foreign","/c/en/international"],"weight":0.2116199999999998},"num_concepts_raised":21057},{"base_id":496,"kind":"top_words","i1":3,"i2":8,"sol":{"path":["/c/en/lungi","/c/en/india","/c/en/country","/c/en/village","/c/en/slatina"],"weight":0.20794999999999986},"num_concepts_raised":5783},{"base_id":496,"kind":"top_words","i1":3,"i2":9,"sol":{"path":["/c/en/lungi","/c/en/india","/c/en/country","/c/en/administrative_region","/c/en/evenes"],"weight":0.20794999999999983},"num_concepts_raised":3954},{"base_id":496,"kind":"top_words","i1":4,"i2":5,"sol":{"path":["/c/en/dorval","/c/en/canada","/c/en/trunk","/c/en/bole"],"weight":0.21284999999999965},"num_concepts_raised":134345},{"base_id":496,"kind":"top_words","i1":4,"i2":6,"sol":{"path":["/c/en/dorval","/c/en/city","/c/en/federal","/c/en/federalize"],"weight":0.2128699999999999},"num_concepts_raised":7538},{"base_id":496,"kind":"top_words","i1":4,"i2":7,"sol":{"path":["/c/en/dorval","/c/en/city","/c/en/nation","/c/en/international"],"weight":0.21877999999999975},"num_concepts_raised":23747},{"base_id":496,"kind":"top_words","i1":4,"i2":8,"sol":{"path":["/c/en/dorval","/c/en/city","/c/en/village","/c/en/slatina"],"weight":0.21689999999999982},"num_concepts_raised":8563},{"base_id":496,"kind":"top_words","i1":4,"i2":9,"sol":{"path":["/c/en/dorval","/c/en/quebec","/c/en/gatineau","/c/en/administrative_region","/c/en/evenes"],"weight":0.21690999999999977},"num_concepts_raised":6817},{"base_id":496,"kind":"top_words","i1":5,"i2":6,"sol":{"path":["/c/en/bole","/c/en/trunk","/c/en/us","/c/en/federal","/c/en/federalize"],"weight":0.20470999999999973},"num_concepts_raised":129843},{"base_id":496,"kind":"top_words","i1":5,"i2":7,"sol":{"path":["/c/en/bole","/c/en/china","/c/en/nation","/c/en/international"],"weight":0.2103499999999996},"num_concepts_raised":145897},{"base_id":496,"kind":"top_words","i1":5,"i2":8,"sol":{"path":["/c/en/bole","/c/en/england","/c/en/village","/c/en/slatina"],"weight":0.20844999999999964},"num_concepts_raised":130834},{"base_id":496,"kind":"top_words","i1":5,"i2":9,"sol":{"path":["/c/en/bole","/c/en/china","/c/en/country","/c/en/administrative_region","/c/en/evenes"],"weight":0.20854999999999962},"num_concepts_raised":129092},{"base_id":496,"kind":"top_words","i1":6,"i2":7,"sol":{"path":["/c/en/federalize","/c/en/federal","/c/en/national","/c/en/international"],"weight":0.20945999999999987},"num_concepts_raised":18855},{"base_id":496,"kind":"top_words","i1":6,"i2":8,"sol":{"path":["/c/en/federalize","/c/en/federal","/c/en/city","/c/en/village","/c/en/slatina"],"weight":0.2087299999999999},"num_concepts_raised":3581},{"base_id":496,"kind":"top_words","i1":6,"i2":9,"sol":{"path":["/c/en/federalize","/c/en/federal","/c/en/victoria","/c/en/administrative_region","/c/en/evenes"],"weight":0.20870999999999987},"num_concepts_raised":1755},{"base_id":496,"kind":"top_words","i1":7,"i2":8,"sol":{"path":["/c/en/international","/c/en/foreign","/c/en/country","/c/en/village","/c/en/slatina"],"weight":0.21568999999999977},"num_concepts_raised":20002},{"base_id":496,"kind":"top_words","i1":7,"i2":9,"sol":{"path":["/c/en/international","/c/en/foreign","/c/en/country","/c/en/administrative_region","/c/en/evenes"],"weight":0.21568999999999974},"num_concepts_raised":18204},{"base_id":496,"kind":"top_words","i1":8,"i2":9,"sol":{"path":["/c/en/slatina","/c/en/village","/c/en/country","/c/en/administrative_region","/c/en/evenes"],"weight":0.2127199999999998},"num_concepts_raised":2873}]]