[[{"base_id":459,"kind":"bot_words","i1":0,"i2":1,"sol":{"path":["/c/en/autonomism","/c/en/social","/c/en/us","/c/en/marvelous","/c/en/marvellous"],"weight":0.2096999999999996},"num_concepts_raised":12728},{"base_id":459,"kind":"bot_words","i1":0,"i2":2,"sol":{"path":["/c/en/autonomism","/c/en/political","/c/en/country","/c/en/morocco","/c/en/tangiers"],"weight":0.20774999999999988},"num_concepts_raised":2918},{"base_id":459,"kind":"bot_words","i1":0,"i2":3,"sol":{"path":["/c/en/autonomism","/c/en/political","/c/en/art","/c/en/shade","/c/en/sunshade"],"weight":0.20878999999999992},"num_concepts_raised":5909},{"base_id":459,"kind":"bot_words","i1":0,"i2":4,"sol":{"path":["/c/en/autonomism","/c/en/political","/c/en/power","/c/en/physics","/c/en/memristor"],"weight":0.21321999999999972},"num_concepts_raised":13854},{"base_id":459,"kind":"bot_words","i1":0,"i2":5,"sol":{"path":["/c/en/autonomism","/c/en/social","/c/en/school","/c/en/learn","/c/en/lear"],"weight":0.21708999999999984},"num_concepts_raised":7424},{"base_id":459,"kind":"bot_words","i1":0,"i2":6,"sol":{"path":["/c/en/autonomism","/c/en/social","/c/en/cut","/c/en/stroke","/c/en/brushstroke"],"weight":0.20883999999999991},"num_concepts_raised":5404},{"base_id":459,"kind":"bot_words","i1":0,"i2":7,"sol":{"path":["/c/en/autonomism","/c/en/social","/c/en/british","/c/en/shako"],"weight":0.20786999999999983},"num_concepts_raised":15578},{"base_id":459,"kind":"bot_words","i1":0,"i2":8,"sol":{"path":["/c/en/autonomism","/c/en/squatting","/c/en/india","/c/en/gravy"],"weight":0.2125899999999994},"num_concepts_raised":29211},{"base_id":459,"kind":"bot_words","i1":0,"i2":9,"sol":{"path":["/c/en/autonomism","/c/en/social","/c/en/british","/c/en/reheat"],"weight":0.20836999999999986},"num_concepts_raised":9424},{"base_id":459,"kind":"bot_words","i1":1,"i2":2,"sol":{"path":["/c/en/marvellous","/c/en/tall","/c/en/tree","/c/en/tangerine","/c/en/tangiers"],"weight":0.2034599999999997},"num_concepts_raised":10864},{"base_id":459,"kind":"bot_words","i1":1,"i2":3,"sol":{"path":["/c/en/marvellous","/c/en/uk","/c/en/cocktail","/c/en/parasol","/c/en/sunshade"],"weight":0.20689999999999975},"num_concepts_raised":13770},{"base_id":459,"kind":"bot_words","i1":1,"i2":4,"sol":{"path":["/c/en/marvellous","/c/en/marvel","/c/en/super","/c/en/physics","/c/en/memristor"],"weight":0.20993999999999954},"num_concepts_raised":21731},{"base_id":459,"kind":"bot_words","i1":1,"i2":5,"sol":{"path":["/c/en/marvellous","/c/en/uk","/c/en/scotland","/c/en/lear"],"weight":0.21054999999999965},"num_concepts_raised":15154},{"base_id":459,"kind":"bot_words","i1":1,"i2":6,"sol":{"path":["/c/en/marvellous","/c/en/uk","/c/en/stroke","/c/en/brushstroke"],"weight":0.20446999999999974},"num_concepts_raised":13296},{"base_id":459,"kind":"bot_words","i1":1,"i2":7,"sol":{"path":["/c/en/marvellous","/c/en/uk","/c/en/metal","/c/en/shako"],"weight":0.20354999999999968},"num_concepts_raised":23181},{"base_id":459,"kind":"bot_words","i1":1,"i2":8,"sol":{"path":["/c/en/marvellous","/c/en/uk","/c/en/gravy"],"weight":0.202},"num_concepts_raised":306},{"base_id":459,"kind":"bot_words","i1":1,"i2":9,"sol":{"path":["/c/en/marvellous","/c/en/uk","/c/en/british","/c/en/reheat"],"weight":0.20401999999999967},"num_concepts_raised":17143},{"base_id":459,"kind":"bot_words","i1":2,"i2":3,"sol":{"path":["/c/en/tangiers","/c/en/tangerine","/c/en/small","/c/en/parasol","/c/en/sunshade"],"weight":0.20626},"num_concepts_raised":3998},{"base_id":459,"kind":"bot_words","i1":2,"i2":4,"sol":{"path":["/c/en/tangiers","/c/en/morocco","/c/en/diabat","/c/en/physics","/c/en/memristor"],"weight":0.2081399999999998},"num_concepts_raised":11960},{"base_id":459,"kind":"bot_words","i1":2,"i2":5,"sol":{"path":["/c/en/tangiers","/c/en/tangerine","/c/en/juice","/c/en/scotland","/c/en/lear"],"weight":0.20989999999999992},"num_concepts_raised":5554},{"base_id":459,"kind":"bot_words","i1":2,"i2":6,"sol":{"path":["/c/en/tangiers","/c/en/morocco","/c/en/dirham","/c/en/weight","/c/en/brushstroke"],"weight":0.20276},"num_concepts_raised":3496},{"base_id":459,"kind":"bot_words","i1":2,"i2":7,"sol":{"path":["/c/en/tangiers","/c/en/tangerine","/c/en/colour","/c/en/mantis","/c/en/shako"],"weight":0.2028899999999999},"num_concepts_raised":13755},{"base_id":459,"kind":"bot_words","i1":2,"i2":8,"sol":{"path":["/c/en/tangiers","/c/en/tangerine","/c/en/juice","/c/en/gravy"],"weight":0.20688999999999946},"num_concepts_raised":27416},{"base_id":459,"kind":"bot_words","i1":2,"i2":9,"sol":{"path":["/c/en/tangiers","/c/en/tangerine","/c/en/mandarin","/c/en/british","/c/en/reheat"],"weight":0.20337999999999992},"num_concepts_raised":7555},{"base_id":459,"kind":"bot_words","i1":3,"i2":4,"sol":{"path":["/c/en/sunshade","/c/en/parasol","/c/en/light","/c/en/physics","/c/en/memristor"],"weight":0.2116999999999999},"num_concepts_raised":14903},{"base_id":459,"kind":"bot_words","i1":3,"i2":5,"sol":{"path":["/c/en/sunshade","/c/en/shade","/c/en/think","/c/en/learn","/c/en/lear"],"weight":0.21304999999999996},"num_concepts_raised":8536},{"base_id":459,"kind":"bot_words","i1":3,"i2":6,"sol":{"path":["/c/en/sunshade","/c/en/parasol","/c/en/light","/c/en/weight","/c/en/brushstroke"],"weight":0.20631000000000005},"num_concepts_raised":6466},{"base_id":459,"kind":"bot_words","i1":3,"i2":7,"sol":{"path":["/c/en/sunshade","/c/zh/遮陽板","/c/en/visor","/c/en/shako"],"weight":0.20473},"num_concepts_raised":16650},{"base_id":459,"kind":"bot_words","i1":3,"i2":8,"sol":{"path":["/c/en/sunshade","/c/en/shade","/c/en/dark","/c/en/gravy"],"weight":0.20651999999999954},"num_concepts_raised":30238},{"base_id":459,"kind":"bot_words","i1":3,"i2":9,"sol":{"path":["/c/en/sunshade","/c/en/shade","/c/en/heat","/c/en/reheat"],"weight":0.20476},"num_concepts_raised":10453},{"base_id":459,"kind":"bot_words","i1":4,"i2":5,"sol":{"path":["/c/en/memristor","/c/en/physics","/c/en/absorb","/c/en/learn","/c/en/lear"],"weight":0.21743999999999974},"num_concepts_raised":16470},{"base_id":459,"kind":"bot_words","i1":4,"i2":6,"sol":{"path":["/c/en/memristor","/c/en/physics","/c/en/weight","/c/en/brushstroke"],"weight":0.20817999999999984},"num_concepts_raised":14380},{"base_id":459,"kind":"bot_words","i1":4,"i2":7,"sol":{"path":["/c/en/memristor","/c/en/element","/c/en/metal","/c/en/shako"],"weight":0.20820999999999978},"num_concepts_raised":24492},{"base_id":459,"kind":"bot_words","i1":4,"i2":8,"sol":{"path":["/c/en/memristor","/c/en/physics","/c/en/dip","/c/en/sauce","/c/en/gravy"],"weight":0.21418999999999933},"num_concepts_raised":38182},{"base_id":459,"kind":"bot_words","i1":4,"i2":9,"sol":{"path":["/c/en/memristor","/c/en/electrical_resistance","/c/en/heat","/c/en/reheat"],"weight":0.2090499999999998},"num_concepts_raised":18342},{"base_id":459,"kind":"bot_words","i1":5,"i2":6,"sol":{"path":["/c/en/lear","/c/en/learn","/c/en/action","/c/en/stroke","/c/en/brushstroke"],"weight":0.21307999999999994},"num_concepts_raised":8022},{"base_id":459,"kind":"bot_words","i1":5,"i2":7,"sol":{"path":["/c/en/lear","/c/en/learn","/c/en/read","/c/en/british","/c/en/shako"],"weight":0.21217999999999987},"num_concepts_raised":18172},{"base_id":459,"kind":"bot_words","i1":5,"i2":8,"sol":{"path":["/c/en/lear","/c/en/scotland","/c/en/juice","/c/en/gravy"],"weight":0.21401999999999943},"num_concepts_raised":31572},{"base_id":459,"kind":"bot_words","i1":5,"i2":9,"sol":{"path":["/c/en/lear","/c/en/learn","/c/en/study","/c/en/heat","/c/en/reheat"],"weight":0.2131099999999999},"num_concepts_raised":12012},{"base_id":459,"kind":"bot_words","i1":6,"i2":7,"sol":{"path":["/c/en/brushstroke","/c/en/weight","/c/en/metal","/c/en/shako"],"weight":0.20292999999999994},"num_concepts_raised":16113},{"base_id":459,"kind":"bot_words","i1":6,"i2":8,"sol":{"path":["/c/en/brushstroke","/c/en/stroke","/c/en/uk","/c/en/gravy"],"weight":0.20660999999999952},"num_concepts_raised":29725},{"base_id":459,"kind":"bot_words","i1":6,"i2":9,"sol":{"path":["/c/en/brushstroke","/c/en/stroke","/c/en/heat","/c/en/reheat"],"weight":0.20477999999999996},"num_concepts_raised":9978},{"base_id":459,"kind":"bot_words","i1":7,"i2":8,"sol":{"path":["/c/en/shako","/c/en/plate","/c/en/sauce","/c/en/gravy"],"weight":0.20889999999999945},"num_concepts_raised":39123},{"base_id":459,"kind":"bot_words","i1":7,"i2":9,"sol":{"path":["/c/en/shako","/c/en/british","/c/en/reheat"],"weight":0.202},"num_concepts_raised":87},{"base_id":459,"kind":"bot_words","i1":8,"i2":9,"sol":{"path":["/c/en/gravy","/c/en/meat","/c/en/heat","/c/en/reheat"],"weight":0.20779999999999949},"num_concepts_raised":33371}],[{"base_id":459,"kind":"top_words","i1":0,"i2":1,"sol":{"path":["/c/en/de","/c/en/us","/c/en/country","/c/en/france"],"weight":0.23062999999999698},"num_concepts_raised":107074},{"base_id":459,"kind":"top_words","i1":0,"i2":2,"sol":{"path":["/c/en/de","/c/en/us","/c/en/car","/c/en/van"],"weight":0.21247999999999911},"num_concepts_raised":191918},{"base_id":459,"kind":"top_words","i1":0,"i2":3,"sol":{"path":["/c/en/de","/c/en/computing","/c/en/queue","/c/en/line"],"weight":0.24909000000000486},"num_concepts_raised":291817},{"base_id":459,"kind":"top_words","i1":0,"i2":4,"sol":{"path":["/c/en/de","/c/en/galaxy","/c/en/world"],"weight":0.20600000000000002},"num_concepts_raised":1473},{"base_id":459,"kind":"top_words","i1":0,"i2":5,"sol":{"path":["/c/en/de","/c/fro/del","/c/en/le"],"weight":0.202},"num_concepts_raised":2682},{"base_id":459,"kind":"top_words","i1":0,"i2":6,"sol":{"path":["/c/en/de","/c/en/do","/c/en/la"],"weight":0.203},"num_concepts_raised":2714},{"base_id":459,"kind":"top_words","i1":0,"i2":7,"sol":{"path":["/c/en/de","/c/en/computing","/c/en/san"],"weight":0.20400000000000001},"num_concepts_raised":239},{"base_id":459,"kind":"top_words","i1":0,"i2":8,"sol":{"path":["/c/en/de","/c/en/us","/c/en/tall","/c/en/high"],"weight":0.231449999999996},"num_concepts_raised":195951},{"base_id":459,"kind":"top_words","i1":0,"i2":9,"sol":{"path":["/c/en/de","/c/fr/quelque_chose","/c/fr/long","/c/en/long"],"weight":0.23174999999999613},"num_concepts_raised":203663},{"base_id":459,"kind":"top_words","i1":1,"i2":2,"sol":{"path":["/c/en/france","/c/fr/france","/c/fr/van","/c/en/van"],"weight":0.23927999999999705},"num_concepts_raised":225319},{"base_id":459,"kind":"top_words","i1":1,"i2":3,"sol":{"path":["/c/en/france","/c/en/italy","/c/en/line"],"weight":0.20600000000000002},"num_concepts_raised":3676},{"base_id":459,"kind":"top_words","i1":1,"i2":4,"sol":{"path":["/c/en/france","/c/en/country","/c/en/world"],"weight":0.21000000000000002},"num_concepts_raised":2463},{"base_id":459,"kind":"top_words","i1":1,"i2":5,"sol":{"path":["/c/en/france","/c/en/somme","/c/en/the","/c/en/le"],"weight":0.25113999999998815},"num_concepts_raised":91093},{"base_id":459,"kind":"top_words","i1":1,"i2":6,"sol":{"path":["/c/en/france","/c/fr/france","/c/fr/géographie","/c/en/la"],"weight":0.2588999999999893},"num_concepts_raised":137918},{"base_id":459,"kind":"top_words","i1":1,"i2":7,"sol":{"path":["/c/en/france","/c/en/country","/c/en/river","/c/en/san"],"weight":0.23506999999999734},"num_concepts_raised":104085},{"base_id":459,"kind":"top_words","i1":1,"i2":8,"sol":{"path":["/c/en/france","/c/en/gas","/c/en/high"],"weight":0.20400000000000001},"num_concepts_raised":2554},{"base_id":459,"kind":"top_words","i1":1,"i2":9,"sol":{"path":["/c/en/france","/c/en/canal","/c/en/long"],"weight":0.20400000000000001},"num_concepts_raised":2666},{"base_id":459,"kind":"top_words","i1":2,"i2":3,"sol":{"path":["/c/en/van","/c/en/square","/c/en/line"],"weight":0.20500000000000002},"num_concepts_raised":2853},{"base_id":459,"kind":"top_words","i1":2,"i2":4,"sol":{"path":["/c/en/van","/c/en/big","/c/en/world"],"weight":0.20600000000000002},"num_concepts_raised":1639},{"base_id":459,"kind":"top_words","i1":2,"i2":5,"sol":{"path":["/c/en/van","/c/en/truck","/c/en/truckle","/c/en/le"],"weight":0.2355299999999903},"num_concepts_raised":176893},{"base_id":459,"kind":"top_words","i1":2,"i2":6,"sol":{"path":["/c/en/van","/c/en/british","/c/en/la"],"weight":0.202},"num_concepts_raised":2882},{"base_id":459,"kind":"top_words","i1":2,"i2":7,"sol":{"path":["/c/en/van","/c/fr/localités","/c/fr/san","/c/en/san"],"weight":0.21788999999999947},"num_concepts_raised":190341},{"base_id":459,"kind":"top_words","i1":2,"i2":8,"sol":{"path":["/c/en/van","/c/en/large","/c/en/high"],"weight":0.202},"num_concepts_raised":1732},{"base_id":459,"kind":"top_words","i1":2,"i2":9,"sol":{"path":["/c/en/van","/c/en/long"],"weight":0.202},"num_concepts_raised":1842},{"base_id":459,"kind":"top_words","i1":3,"i2":4,"sol":{"path":["/c/en/line","/c/en/part","/c/en/world"],"weight":0.21000000000000002},"num_concepts_raised":3813},{"base_id":459,"kind":"top_words","i1":3,"i2":5,"sol":{"path":["/c/en/line","/c/nl/lijn","/c/en/diminutive","/c/en/le"],"weight":0.27074999999999605},"num_concepts_raised":281060},{"base_id":459,"kind":"top_words","i1":3,"i2":6,"sol":{"path":["/c/en/line","/c/en/slang","/c/en/la"],"weight":0.20400000000000001},"num_concepts_raised":5062},{"base_id":459,"kind":"top_words","i1":3,"i2":7,"sol":{"path":["/c/en/line","/c/en/river","/c/en/san"],"weight":0.20600000000000002},"num_concepts_raised":2587},{"base_id":459,"kind":"top_words","i1":3,"i2":8,"sol":{"path":["/c/en/line","/c/en/straight","/c/en/high"],"weight":0.20600000000000002},"num_concepts_raised":3890},{"base_id":459,"kind":"top_words","i1":3,"i2":9,"sol":{"path":["/c/en/line","/c/en/long"],"weight":0.20400000000000001},"num_concepts_raised":3988},{"base_id":459,"kind":"top_words","i1":4,"i2":5,"sol":{"path":["/c/en/world","/c/en/earth","/c/en/the","/c/en/le"],"weight":0.263309999999992},"num_concepts_raised":125624},{"base_id":459,"kind":"top_words","i1":4,"i2":6,"sol":{"path":["/c/en/world","/c/en/woman","/c/en/la"],"weight":0.20600000000000002},"num_concepts_raised":3848},{"base_id":459,"kind":"top_words","i1":4,"i2":7,"sol":{"path":["/c/en/world","/c/en/human","/c/en/bushman","/c/en/san"],"weight":0.24014000000000124},"num_concepts_raised":138223},{"base_id":459,"kind":"top_words","i1":4,"i2":8,"sol":{"path":["/c/en/world","/c/en/great","/c/en/high"],"weight":0.20700000000000002},"num_concepts_raised":2692},{"base_id":459,"kind":"top_words","i1":4,"i2":9,"sol":{"path":["/c/en/world","/c/en/great","/c/en/long"],"weight":0.20700000000000002},"num_concepts_raised":2804},{"base_id":459,"kind":"top_words","i1":5,"i2":6,"sol":{"path":["/c/en/le","/c/fr/la","/c/en/la"],"weight":0.20500000000000002},"num_concepts_raised":5058},{"base_id":459,"kind":"top_words","i1":5,"i2":7,"sol":{"path":["/c/en/le","/c/en/internet","/c/en/computing","/c/en/san"],"weight":0.2334999999999905},"num_concepts_raised":53130},{"base_id":459,"kind":"top_words","i1":5,"i2":8,"sol":{"path":["/c/en/le","/c/en/er","/c/en/slang","/c/en/high"],"weight":0.24973999999998725},"num_concepts_raised":182717},{"base_id":459,"kind":"top_words","i1":5,"i2":9,"sol":{"path":["/c/en/le","/c/en/ling","/c/en/long"],"weight":0.203},"num_concepts_raised":4023},{"base_id":459,"kind":"top_words","i1":6,"i2":7,"sol":{"path":["/c/en/la","/c/fr/ville","/c/fr/san","/c/en/san"],"weight":0.23833999999999173},"num_concepts_raised":101852},{"base_id":459,"kind":"top_words","i1":6,"i2":8,"sol":{"path":["/c/en/la","/c/en/slang","/c/en/high"],"weight":0.202},"num_concepts_raised":3938},{"base_id":459,"kind":"top_words","i1":6,"i2":9,"sol":{"path":["/c/en/la","/c/en/british","/c/en/long"],"weight":0.202},"num_concepts_raised":4051},{"base_id":459,"kind":"top_words","i1":7,"i2":8,"sol":{"path":["/c/en/san","/c/en/short","/c/en/high"],"weight":0.20400000000000001},"num_concepts_raised":1464},{"base_id":459,"kind":"top_words","i1":7,"i2":9,"sol":{"path":["/c/en/san","/c/en/short","/c/en/long"],"weight":0.20700000000000002},"num_concepts_raised":1578},{"base_id":459,"kind":"top_words","i1":8,"i2":9,"sol":{"path":["/c/en/high","/c/en/tall","/c/en/long"],"weight":0.20700000000000002},"num_concepts_raised":2863}]]