[[{"base_id":623,"kind":"bot_words","i1":0,"i2":1,"sol":{"path":["/c/en/ailanthus","/c/en/tree","/c/en/source","/c/en/sinew","/c/en/sinewy"],"weight":0.2093699999999998},"num_concepts_raised":12829},{"base_id":623,"kind":"bot_words","i1":0,"i2":2,"sol":{"path":["/c/en/ailanthus","/c/en/plant","/c/ru/культурный","/c/en/civilized","/c/en/civilised"],"weight":0.20943999999999985},"num_concepts_raised":12570},{"base_id":623,"kind":"bot_words","i1":0,"i2":3,"sol":{"path":["/c/en/ailanthus","/c/en/tree","/c/en/linden","/c/en/germany","/c/en/reichstag"],"weight":0.2136099999999998},"num_concepts_raised":12688},{"base_id":623,"kind":"bot_words","i1":0,"i2":4,"sol":{"path":["/c/en/ailanthus","/c/en/tree","/c/en/fell","/c/en/uk","/c/en/rine"],"weight":0.20920999999999984},"num_concepts_raised":24760},{"base_id":623,"kind":"bot_words","i1":0,"i2":5,"sol":{"path":["/c/en/ailanthus","/c/en/plant","/c/en/croton"],"weight":0.20600000000000002},"num_concepts_raised":111},{"base_id":623,"kind":"bot_words","i1":0,"i2":6,"sol":{"path":["/c/en/ailanthus","/c/en/tree","/c/en/seed","/c/en/internet","/c/en/cyberattack"],"weight":0.20825999999999983},"num_concepts_raised":15710},{"base_id":623,"kind":"bot_words","i1":0,"i2":7,"sol":{"path":["/c/en/ailanthus","/c/en/tree","/c/en/climb","/c/en/moving","/c/en/wriggling"],"weight":0.2091599999999998},"num_concepts_raised":11235},{"base_id":623,"kind":"bot_words","i1":0,"i2":8,"sol":{"path":["/c/en/ailanthus","/c/en/tree","/c/en/stem","/c/en/typography","/c/en/typographical"],"weight":0.20978999999999987},"num_concepts_raised":12512},{"base_id":623,"kind":"bot_words","i1":0,"i2":9,"sol":{"path":["/c/en/ailanthus","/c/en/tree","/c/en/nature","/c/en/monophysite","/c/en/monophysitism"],"weight":0.2160499999999998},"num_concepts_raised":13673},{"base_id":623,"kind":"bot_words","i1":1,"i2":2,"sol":{"path":["/c/en/sinewy","/c/en/strength","/c/en/metal","/c/en/refined","/c/en/civilised"],"weight":0.20400999999999989},"num_concepts_raised":4390},{"base_id":623,"kind":"bot_words","i1":1,"i2":3,"sol":{"path":["/c/en/sinewy","/c/en/sinew","/c/en/together","/c/en/germany","/c/en/reichstag"],"weight":0.20935999999999982},"num_concepts_raised":4497},{"base_id":623,"kind":"bot_words","i1":1,"i2":4,"sol":{"path":["/c/en/sinewy","/c/en/tough","/c/en/rind","/c/en/rine"],"weight":0.20397999999999988},"num_concepts_raised":16667},{"base_id":623,"kind":"bot_words","i1":1,"i2":5,"sol":{"path":["/c/en/sinewy","/c/en/white_horse","/c/en/oil","/c/en/croton_oil","/c/en/croton"],"weight":0.21044999999999975},"num_concepts_raised":11301},{"base_id":623,"kind":"bot_words","i1":1,"i2":6,"sol":{"path":["/c/en/sinewy","/c/en/rugged","/c/en/computing","/c/ru/кибератака","/c/en/cyberattack"],"weight":0.20390999999999987},"num_concepts_raised":7525},{"base_id":623,"kind":"bot_words","i1":1,"i2":7,"sol":{"path":["/c/en/sinewy","/c/en/sinew","/c/en/muscle","/c/en/moving","/c/en/wriggling"],"weight":0.20493999999999984},"num_concepts_raised":3023},{"base_id":623,"kind":"bot_words","i1":1,"i2":8,"sol":{"path":["/c/en/sinewy","/c/ru/поджарый","/c/en/lean","/c/en/printing","/c/en/typographical"],"weight":0.20453999999999992},"num_concepts_raised":4324},{"base_id":623,"kind":"bot_words","i1":1,"i2":9,"sol":{"path":["/c/en/sinewy","/c/en/tough","/c/en/person","/c/en/heresy","/c/en/monophysitism"],"weight":0.20888999999999983},"num_concepts_raised":5481},{"base_id":623,"kind":"bot_words","i1":2,"i2":3,"sol":{"path":["/c/en/civilised","/c/th/เมือง","/c/en/state","/c/en/bundestag","/c/en/reichstag"],"weight":0.21020999999999987},"num_concepts_raised":4223},{"base_id":623,"kind":"bot_words","i1":2,"i2":4,"sol":{"path":["/c/en/civilised","/c/en/civilized","/c/en/savage","/c/en/uk","/c/en/rine"],"weight":0.20500999999999991},"num_concepts_raised":16423},{"base_id":623,"kind":"bot_words","i1":2,"i2":5,"sol":{"path":["/c/en/civilised","/c/en/refined","/c/en/oil","/c/en/croton_oil","/c/en/croton"],"weight":0.2113799999999998},"num_concepts_raised":11039},{"base_id":623,"kind":"bot_words","i1":2,"i2":6,"sol":{"path":["/c/en/civilised","/c/en/civilized","/c/en/yahoo","/c/en/internet","/c/en/cyberattack"],"weight":0.20406999999999992},"num_concepts_raised":7268},{"base_id":623,"kind":"bot_words","i1":2,"i2":7,"sol":{"path":["/c/en/civilised","/c/en/civilization","/c/en/progress","/c/en/moving","/c/en/wriggling"],"weight":0.2038799999999999},"num_concepts_raised":2774},{"base_id":623,"kind":"bot_words","i1":2,"i2":8,"sol":{"path":["/c/en/civilised","/c/en/refined","/c/en/process","/c/en/printing","/c/en/typographical"],"weight":0.20444999999999997},"num_concepts_raised":4064},{"base_id":623,"kind":"bot_words","i1":2,"i2":9,"sol":{"path":["/c/en/civilised","/c/en/civilize","/c/en/citizen","/c/en/christianity","/c/en/monophysitism"],"weight":0.20881999999999987},"num_concepts_raised":5215},{"base_id":623,"kind":"bot_words","i1":3,"i2":4,"sol":{"path":["/c/en/reichstag","/c/en/germany","/c/en/rhine","/c/en/uk","/c/en/rine"],"weight":0.20916999999999986},"num_concepts_raised":16527},{"base_id":623,"kind":"bot_words","i1":3,"i2":5,"sol":{"path":["/c/en/reichstag","/c/en/germany","/c/en/kingdom","/c/en/plant","/c/en/croton"],"weight":0.21375999999999973},"num_concepts_raised":11153},{"base_id":623,"kind":"bot_words","i1":3,"i2":6,"sol":{"path":["/c/en/reichstag","/c/de/reichstag","/c/fr/politique","/c/fr/informatique","/c/en/cyberattack"],"weight":0.21217999999999987},"num_concepts_raised":7372},{"base_id":623,"kind":"bot_words","i1":3,"i2":7,"sol":{"path":["/c/en/reichstag","/c/en/berlin","/c/en/body","/c/en/moving","/c/en/wriggling"],"weight":0.20910999999999982},"num_concepts_raised":2875},{"base_id":623,"kind":"bot_words","i1":3,"i2":8,"sol":{"path":["/c/en/reichstag","/c/en/germany","/c/en/black","/c/en/typography","/c/en/typographical"],"weight":0.2097599999999999},"num_concepts_raised":4163},{"base_id":623,"kind":"bot_words","i1":3,"i2":9,"sol":{"path":["/c/en/reichstag","/c/de/reichstag","/c/fr/histoire","/c/fr/monophysisme","/c/en/monophysitism"],"weight":0.22202999999999984},"num_concepts_raised":5317},{"base_id":623,"kind":"bot_words","i1":4,"i2":5,"sol":{"path":["/c/en/rine","/c/en/dialectal","/c/en/seed","/c/en/croton_oil","/c/en/croton"],"weight":0.21123999999999976},"num_concepts_raised":23285},{"base_id":623,"kind":"bot_words","i1":4,"i2":6,"sol":{"path":["/c/en/rine","/c/en/touch","/c/en/computing","/c/ru/кибератака","/c/en/cyberattack"],"weight":0.2038399999999999},"num_concepts_raised":19531},{"base_id":623,"kind":"bot_words","i1":4,"i2":7,"sol":{"path":["/c/en/rine","/c/en/fall","/c/en/moving","/c/en/wriggling"],"weight":0.20373999999999987},"num_concepts_raised":15048},{"base_id":623,"kind":"bot_words","i1":4,"i2":8,"sol":{"path":["/c/en/rine","/c/en/uk","/c/en/kern","/c/en/typography","/c/en/typographical"],"weight":0.20533999999999994},"num_concepts_raised":16326},{"base_id":623,"kind":"bot_words","i1":4,"i2":9,"sol":{"path":["/c/en/rine","/c/en/uk","/c/en/bishop","/c/en/christianity","/c/en/monophysitism"],"weight":0.20958999999999983},"num_concepts_raised":17527},{"base_id":623,"kind":"bot_words","i1":5,"i2":6,"sol":{"path":["/c/en/croton","/c/en/croton_oil","/c/en/seed","/c/en/internet","/c/en/cyberattack"],"weight":0.2103499999999998},"num_concepts_raised":14185},{"base_id":623,"kind":"bot_words","i1":5,"i2":7,"sol":{"path":["/c/en/croton","/c/en/plant","/c/en/transplant","/c/en/moving","/c/en/wriggling"],"weight":0.20931999999999973},"num_concepts_raised":9700},{"base_id":623,"kind":"bot_words","i1":5,"i2":8,"sol":{"path":["/c/en/croton","/c/en/plant","/c/en/stem","/c/en/typography","/c/en/typographical"],"weight":0.2099399999999998},"num_concepts_raised":10987},{"base_id":623,"kind":"bot_words","i1":5,"i2":9,"sol":{"path":["/c/en/croton","/c/en/plant","/c/en/nature","/c/en/monophysite","/c/en/monophysitism"],"weight":0.21619999999999973},"num_concepts_raised":12140},{"base_id":623,"kind":"bot_words","i1":6,"i2":7,"sol":{"path":["/c/en/cyberattack","/c/en/internet","/c/en/mobile","/c/en/moving","/c/en/wriggling"],"weight":0.20380999999999988},"num_concepts_raised":5896},{"base_id":623,"kind":"bot_words","i1":6,"i2":8,"sol":{"path":["/c/en/cyberattack","/c/en/internet","/c/fr/filet","/c/en/typography","/c/en/typographical"],"weight":0.20441999999999994},"num_concepts_raised":7169},{"base_id":623,"kind":"bot_words","i1":6,"i2":9,"sol":{"path":["/c/en/cyberattack","/c/en/internet","/c/en/communicate","/c/en/christianity","/c/en/monophysitism"],"weight":0.20866999999999986},"num_concepts_raised":8349},{"base_id":623,"kind":"bot_words","i1":7,"i2":8,"sol":{"path":["/c/en/wriggling","/c/en/moving","/c/en/come","/c/en/typography","/c/en/typographical"],"weight":0.2053199999999999},"num_concepts_raised":2699},{"base_id":623,"kind":"bot_words","i1":7,"i2":9,"sol":{"path":["/c/en/wriggling","/c/en/moving","/c/en/ark","/c/en/christianity","/c/en/monophysitism"],"weight":0.2095699999999998},"num_concepts_raised":3855},{"base_id":623,"kind":"bot_words","i1":8,"i2":9,"sol":{"path":["/c/en/typographical","/c/en/printing","/c/en/philosophy","/c/en/heresy","/c/en/monophysitism"],"weight":0.20919999999999989},"num_concepts_raised":5153}],[{"base_id":623,"kind":"top_words","i1":0,"i2":1,"sol":{"path":["/c/en/prices","/c/en/profit","/c/en/return","/c/en/rebound"],"weight":0.20967999999999937},"num_concepts_raised":26918},{"base_id":623,"kind":"top_words","i1":0,"i2":2,"sol":{"path":["/c/en/prices","/c/en/profit","/c/en/stocks"],"weight":0.202},"num_concepts_raised":111},{"base_id":623,"kind":"top_words","i1":0,"i2":3,"sol":{"path":["/c/en/prices","/c/en/price","/c/en/object","/c/en/class","/c/en/expectations"],"weight":0.20492999999999983},"num_concepts_raised":10677},{"base_id":623,"kind":"top_words","i1":0,"i2":4,"sol":{"path":["/c/en/prices","/c/en/gas","/c/en/inflation"],"weight":0.20400000000000001},"num_concepts_raised":294},{"base_id":623,"kind":"top_words","i1":0,"i2":5,"sol":{"path":["/c/en/prices","/c/en/profit","/c/en/earnings"],"weight":0.202},"num_concepts_raised":149},{"base_id":623,"kind":"top_words","i1":0,"i2":6,"sol":{"path":["/c/en/prices","/c/en/price","/c/en/love","/c/en/stronger","/c/en/weaker"],"weight":0.20617999999999972},"num_concepts_raised":10030},{"base_id":623,"kind":"top_words","i1":0,"i2":7,"sol":{"path":["/c/en/prices","/c/en/price","/c/hi/भाव","/c/en/sentiment"],"weight":0.2065999999999995},"num_concepts_raised":18989},{"base_id":623,"kind":"top_words","i1":0,"i2":8,"sol":{"path":["/c/en/prices","/c/en/price","/c/en/exchange","/c/en/outlook"],"weight":0.20602999999999944},"num_concepts_raised":16853},{"base_id":623,"kind":"top_words","i1":0,"i2":9,"sol":{"path":["/c/en/prices","/c/en/vary","/c/en/decline"],"weight":0.20400000000000001},"num_concepts_raised":798},{"base_id":623,"kind":"top_words","i1":1,"i2":2,"sol":{"path":["/c/en/rebound","/c/en/crossbar","/c/en/stock","/c/en/stocks"],"weight":0.21336999999999923},"num_concepts_raised":41749},{"base_id":623,"kind":"top_words","i1":1,"i2":3,"sol":{"path":["/c/en/rebound","/c/en/strike","/c/ja/当て","/c/en/expectations"],"weight":0.2094699999999994},"num_concepts_raised":24709},{"base_id":623,"kind":"top_words","i1":1,"i2":4,"sol":{"path":["/c/en/rebound","/c/en/recovery","/c/en/economics","/c/en/inflation"],"weight":0.21913999999999895},"num_concepts_raised":38204},{"base_id":623,"kind":"top_words","i1":1,"i2":5,"sol":{"path":["/c/en/rebound","/c/en/return","/c/en/income","/c/en/earnings"],"weight":0.2116199999999993},"num_concepts_raised":34148},{"base_id":623,"kind":"top_words","i1":1,"i2":6,"sol":{"path":["/c/en/rebound","/c/en/bound","/c/en/logic","/c/en/weaker"],"weight":0.2159899999999993},"num_concepts_raised":24092},{"base_id":623,"kind":"top_words","i1":1,"i2":7,"sol":{"path":["/c/en/rebound","/c/en/health","/c/en/feeling","/c/en/sentiment"],"weight":0.2128999999999991},"num_concepts_raised":32640},{"base_id":623,"kind":"top_words","i1":1,"i2":8,"sol":{"path":["/c/en/rebound","/c/en/back","/c/en/future","/c/en/outlook"],"weight":0.21077999999999902},"num_concepts_raised":30783},{"base_id":623,"kind":"top_words","i1":1,"i2":9,"sol":{"path":["/c/en/rebound","/c/en/rally","/c/en/decline"],"weight":0.20600000000000002},"num_concepts_raised":925},{"base_id":623,"kind":"top_words","i1":2,"i2":3,"sol":{"path":["/c/en/stocks","/c/en/market","/c/en/class","/c/en/expectations"],"weight":0.20446999999999965},"num_concepts_raised":26044},{"base_id":623,"kind":"top_words","i1":2,"i2":4,"sol":{"path":["/c/en/stocks","/c/en/stock","/c/en/finance","/c/en/inflation"],"weight":0.21574999999999922},"num_concepts_raised":39227},{"base_id":623,"kind":"top_words","i1":2,"i2":5,"sol":{"path":["/c/en/stocks","/c/en/profit","/c/en/earnings"],"weight":0.202},"num_concepts_raised":195},{"base_id":623,"kind":"top_words","i1":2,"i2":6,"sol":{"path":["/c/en/stocks","/c/en/stock_exchange","/c/en/weak","/c/en/weaker"],"weight":0.20371999999999957},"num_concepts_raised":25495},{"base_id":623,"kind":"top_words","i1":2,"i2":7,"sol":{"path":["/c/en/stocks","/c/fr/action","/c/fr/sentiment","/c/en/sentiment"],"weight":0.20658999999999933},"num_concepts_raised":34064},{"base_id":623,"kind":"top_words","i1":2,"i2":8,"sol":{"path":["/c/en/stocks","/c/en/exchange","/c/en/outlook"],"weight":0.202},"num_concepts_raised":206},{"base_id":623,"kind":"top_words","i1":2,"i2":9,"sol":{"path":["/c/en/stocks","/c/en/nautical","/c/en/drop","/c/en/decline"],"weight":0.22400999999999766},"num_concepts_raised":73396},{"base_id":623,"kind":"top_words","i1":3,"i2":4,"sol":{"path":["/c/en/expectations","/c/en/great","/c/en/good","/c/en/inflation"],"weight":0.2116099999999994},"num_concepts_raised":22097},{"base_id":623,"kind":"top_words","i1":3,"i2":5,"sol":{"path":["/c/en/expectations","/c/en/great","/c/en/gross","/c/en/earnings"],"weight":0.20402999999999977},"num_concepts_raised":18163},{"base_id":623,"kind":"top_words","i1":3,"i2":6,"sol":{"path":["/c/en/expectations","/c/en/great","/c/en/stronger","/c/en/weaker"],"weight":0.20381999999999975},"num_concepts_raised":7648},{"base_id":623,"kind":"top_words","i1":3,"i2":7,"sol":{"path":["/c/en/expectations","/c/en/expectation","/c/en/feeling","/c/en/sentiment"],"weight":0.2060499999999995},"num_concepts_raised":16425},{"base_id":623,"kind":"top_words","i1":3,"i2":8,"sol":{"path":["/c/en/expectations","/c/en/expectation","/c/en/outlook"],"weight":0.202},"num_concepts_raised":151},{"base_id":623,"kind":"top_words","i1":3,"i2":9,"sol":{"path":["/c/en/expectations","/c/en/class","/c/en/declension","/c/en/decline"],"weight":0.22211999999999787},"num_concepts_raised":56800},{"base_id":623,"kind":"top_words","i1":4,"i2":5,"sol":{"path":["/c/en/inflation","/c/en/finance","/c/en/earnings"],"weight":0.20400000000000001},"num_concepts_raised":377},{"base_id":623,"kind":"top_words","i1":4,"i2":6,"sol":{"path":["/c/en/inflation","/c/en/deflationary","/c/en/logic","/c/en/weaker"],"weight":0.2120499999999993},"num_concepts_raised":21584},{"base_id":623,"kind":"top_words","i1":4,"i2":7,"sol":{"path":["/c/en/inflation","/c/en/good","/c/en/feeling","/c/en/sentiment"],"weight":0.2150799999999991},"num_concepts_raised":30292},{"base_id":623,"kind":"top_words","i1":4,"i2":8,"sol":{"path":["/c/en/inflation","/c/en/deflationary","/c/en/philosophy","/c/en/outlook"],"weight":0.212899999999999},"num_concepts_raised":28230},{"base_id":623,"kind":"top_words","i1":4,"i2":9,"sol":{"path":["/c/en/inflation","/c/en/grade_inflation","/c/en/decline"],"weight":0.20600000000000002},"num_concepts_raised":1028},{"base_id":623,"kind":"top_words","i1":5,"i2":6,"sol":{"path":["/c/en/earnings","/c/en/wage","/c/en/legal","/c/la/deduco","/c/en/weaker"],"weight":0.20549999999999966},"num_concepts_raised":17595},{"base_id":623,"kind":"top_words","i1":5,"i2":7,"sol":{"path":["/c/en/earnings","/c/en/pay","/c/en/tender","/c/en/sentiment"],"weight":0.20610999999999946},"num_concepts_raised":26378},{"base_id":623,"kind":"top_words","i1":5,"i2":8,"sol":{"path":["/c/en/earnings","/c/en/pay","/c/en/exchange","/c/en/outlook"],"weight":0.20552999999999938},"num_concepts_raised":24248},{"base_id":623,"kind":"top_words","i1":5,"i2":9,"sol":{"path":["/c/en/earnings","/c/en/yield","/c/en/fall","/c/en/decline"],"weight":0.22311999999999776},"num_concepts_raised":65800},{"base_id":623,"kind":"top_words","i1":6,"i2":7,"sol":{"path":["/c/en/weaker","/c/en/stronger","/c/en/strong","/c/en/sentiment"],"weight":0.20558999999999944},"num_concepts_raised":15989},{"base_id":623,"kind":"top_words","i1":6,"i2":8,"sol":{"path":["/c/en/weaker","/c/en/logic","/c/en/philosophy","/c/en/outlook"],"weight":0.20405999999999935},"num_concepts_raised":13839},{"base_id":623,"kind":"top_words","i1":6,"i2":9,"sol":{"path":["/c/en/weaker","/c/en/weak","/c/en/decline"],"weight":0.20400000000000001},"num_concepts_raised":813},{"base_id":623,"kind":"top_words","i1":7,"i2":8,"sol":{"path":["/c/en/sentiment","/c/fr/opinion","/c/en/view","/c/en/outlook"],"weight":0.20808999999999916},"num_concepts_raised":22456},{"base_id":623,"kind":"top_words","i1":7,"i2":9,"sol":{"path":["/c/en/sentiment","/c/bo/ཉམས","/c/en/decline"],"weight":0.20400000000000001},"num_concepts_raised":924},{"base_id":623,"kind":"top_words","i1":8,"i2":9,"sol":{"path":["/c/en/outlook","/c/en/point_of_view","/c/en/incline","/c/en/decline"],"weight":0.2245099999999975},"num_concepts_raised":62590}]]