[[{"base_id":852,"kind":"bot_words","i1":0,"i2":1,"sol":{"path":["/c/en/power","/c/en/locomotive","/c/en/slang","/c/en/casper"],"weight":0.24081999999999643},"num_concepts_raised":217647},{"base_id":852,"kind":"bot_words","i1":0,"i2":2,"sol":{"path":["/c/en/power","/c/en/quality","/c/en/humor"],"weight":0.20400000000000001},"num_concepts_raised":2161},{"base_id":852,"kind":"bot_words","i1":0,"i2":3,"sol":{"path":["/c/en/power","/c/en/energy","/c/en/milk","/c/en/barfi"],"weight":0.23709999999999648},"num_concepts_raised":205551},{"base_id":852,"kind":"bot_words","i1":0,"i2":4,"sol":{"path":["/c/en/power","/c/en/engine","/c/en/fin","/c/en/tailfin"],"weight":0.2375699999999966},"num_concepts_raised":203357},{"base_id":852,"kind":"bot_words","i1":0,"i2":5,"sol":{"path":["/c/en/power","/c/en/person","/c/en/estonian","/c/en/uralic"],"weight":0.2319099999999965},"num_concepts_raised":202306},{"base_id":852,"kind":"bot_words","i1":0,"i2":6,"sol":{"path":["/c/en/power","/c/en/control","/c/en/run","/c/en/ern"],"weight":0.2397899999999964},"num_concepts_raised":217768},{"base_id":852,"kind":"bot_words","i1":0,"i2":7,"sol":{"path":["/c/en/power","/c/en/control","/c/en/design","/c/en/decor"],"weight":0.23848999999999643},"num_concepts_raised":208617},{"base_id":852,"kind":"bot_words","i1":0,"i2":8,"sol":{"path":["/c/en/power","/c/en/king","/c/en/marriage","/c/en/matrimonial"],"weight":0.23241999999999652},"num_concepts_raised":205020},{"base_id":852,"kind":"bot_words","i1":0,"i2":9,"sol":{"path":["/c/en/power","/c/en/make","/c/en/wed","/c/en/wedded"],"weight":0.23329999999999654},"num_concepts_raised":203438},{"base_id":852,"kind":"bot_words","i1":1,"i2":2,"sol":{"path":["/c/en/casper","/c/en/offensive","/c/en/joke","/c/en/humor"],"weight":0.20993999999999927},"num_concepts_raised":33455},{"base_id":852,"kind":"bot_words","i1":1,"i2":3,"sol":{"path":["/c/en/casper","/c/en/slang","/c/en/milk","/c/en/barfi"],"weight":0.2077899999999998},"num_concepts_raised":23919},{"base_id":852,"kind":"bot_words","i1":1,"i2":4,"sol":{"path":["/c/en/casper","/c/en/slang","/c/en/fin","/c/en/tailfin"],"weight":0.20798999999999987},"num_concepts_raised":21426},{"base_id":852,"kind":"bot_words","i1":1,"i2":5,"sol":{"path":["/c/en/casper","/c/en/slang","/c/en/language","/c/en/finno_ugric","/c/en/uralic"],"weight":0.21022999999999978},"num_concepts_raised":20113},{"base_id":852,"kind":"bot_words","i1":1,"i2":6,"sol":{"path":["/c/en/casper","/c/en/slang","/c/en/run","/c/en/ern"],"weight":0.20920999999999973},"num_concepts_raised":37978},{"base_id":852,"kind":"bot_words","i1":1,"i2":7,"sol":{"path":["/c/en/casper","/c/en/slang","/c/en/set","/c/en/decor"],"weight":0.20819999999999977},"num_concepts_raised":28562},{"base_id":852,"kind":"bot_words","i1":1,"i2":8,"sol":{"path":["/c/en/casper","/c/en/slang","/c/en/king","/c/en/marriage","/c/en/matrimonial"],"weight":0.2091999999999998},"num_concepts_raised":23406},{"base_id":852,"kind":"bot_words","i1":1,"i2":9,"sol":{"path":["/c/en/casper","/c/en/slang","/c/en/gage","/c/en/wed","/c/en/wedded"],"weight":0.20997999999999983},"num_concepts_raised":21442},{"base_id":852,"kind":"bot_words","i1":2,"i2":3,"sol":{"path":["/c/en/humor","/c/en/temper","/c/en/spice","/c/en/barfi"],"weight":0.20500999999999936},"num_concepts_raised":19183},{"base_id":852,"kind":"bot_words","i1":2,"i2":4,"sol":{"path":["/c/en/humor","/c/en/satire","/c/en/exaggeration","/c/ja/尾鰭","/c/en/tailfin"],"weight":0.2058899999999994},"num_concepts_raised":16683},{"base_id":852,"kind":"bot_words","i1":2,"i2":5,"sol":{"path":["/c/en/humor","/c/en/writing","/c/en/language","/c/en/finno_ugric","/c/en/uralic"],"weight":0.20712999999999931},"num_concepts_raised":15291},{"base_id":852,"kind":"bot_words","i1":2,"i2":6,"sol":{"path":["/c/en/humor","/c/en/humorous","/c/en/smart","/c/en/ern"],"weight":0.20513999999999927},"num_concepts_raised":33967},{"base_id":852,"kind":"bot_words","i1":2,"i2":7,"sol":{"path":["/c/en/humor","/c/en/quality","/c/en/design","/c/en/decor"],"weight":0.2050099999999993},"num_concepts_raised":23720},{"base_id":852,"kind":"bot_words","i1":2,"i2":8,"sol":{"path":["/c/en/humor","/c/en/humour","/c/en/blood","/c/en/marriage","/c/en/matrimonial"],"weight":0.2106099999999993},"num_concepts_raised":18614},{"base_id":852,"kind":"bot_words","i1":2,"i2":9,"sol":{"path":["/c/en/humor","/c/en/quality","/c/zh/上房","/c/en/wedded"],"weight":0.20473999999999937},"num_concepts_raised":16620},{"base_id":852,"kind":"bot_words","i1":3,"i2":4,"sol":{"path":["/c/en/barfi","/c/en/fruit","/c/en/decoration","/c/en/tail_fin","/c/en/tailfin"],"weight":0.20390999999999995},"num_concepts_raised":6678},{"base_id":852,"kind":"bot_words","i1":3,"i2":5,"sol":{"path":["/c/en/barfi","/c/en/indian","/c/en/moksha","/c/en/uralic"],"weight":0.20295999999999986},"num_concepts_raised":5255},{"base_id":852,"kind":"bot_words","i1":3,"i2":6,"sol":{"path":["/c/en/barfi","/c/en/indian","/c/en/uk","/c/en/ern"],"weight":0.2029399999999998},"num_concepts_raised":24271},{"base_id":852,"kind":"bot_words","i1":3,"i2":7,"sol":{"path":["/c/en/barfi","/c/en/fruit","/c/en/decoration","/c/en/decor"],"weight":0.20422999999999986},"num_concepts_raised":13906},{"base_id":852,"kind":"bot_words","i1":3,"i2":8,"sol":{"path":["/c/en/barfi","/c/en/milk","/c/en/two","/c/en/marriage","/c/en/matrimonial"],"weight":0.2040399999999999},"num_concepts_raised":8653},{"base_id":852,"kind":"bot_words","i1":3,"i2":9,"sol":{"path":["/c/en/barfi","/c/en/spice","/c/en/spouse","/c/en/wed","/c/en/wedded"],"weight":0.20486999999999989},"num_concepts_raised":6610},{"base_id":852,"kind":"bot_words","i1":4,"i2":5,"sol":{"path":["/c/en/tailfin","/c/en/fin","/c/en/slang","/c/en/language","/c/en/finno_ugric","/c/en/uralic"],"weight":0.21028159999999987},"num_concepts_raised":258751},{"base_id":852,"kind":"bot_words","i1":4,"i2":6,"sol":{"path":["/c/en/tailfin","/c/en/caudal_fin","/c/en/fish","/c/en/run","/c/en/ern"],"weight":0.20540999999999987},"num_concepts_raised":21793},{"base_id":852,"kind":"bot_words","i1":4,"i2":7,"sol":{"path":["/c/en/tailfin","/c/en/tail_fin","/c/en/decoration","/c/en/decor"],"weight":0.2054399999999999},"num_concepts_raised":11398},{"base_id":852,"kind":"bot_words","i1":4,"i2":8,"sol":{"path":["/c/en/tailfin","/c/en/tail","/c/en/splice","/c/en/marriage","/c/en/matrimonial"],"weight":0.20417999999999994},"num_concepts_raised":6117},{"base_id":852,"kind":"bot_words","i1":4,"i2":9,"sol":{"path":["/c/en/tailfin","/c/en/tail","/c/en/splice","/c/en/marriage","/c/en/wedded"],"weight":0.20299999999999996},"num_concepts_raised":4068},{"base_id":852,"kind":"bot_words","i1":5,"i2":6,"sol":{"path":["/c/en/uralic","/c/en/finno_ugric","/c/en/language","/c/en/nonstandard","/c/en/ern"],"weight":0.20534999999999975},"num_concepts_raised":20442},{"base_id":852,"kind":"bot_words","i1":5,"i2":7,"sol":{"path":["/c/en/uralic","/c/en/ural_mountains","/c/en/range","/c/en/set","/c/en/decor"],"weight":0.2033499999999998},"num_concepts_raised":10009},{"base_id":852,"kind":"bot_words","i1":5,"i2":8,"sol":{"path":["/c/en/uralic","/c/en/subitive","/c/en/action","/c/en/marry","/c/en/matrimonial"],"weight":0.20319999999999985},"num_concepts_raised":4705},{"base_id":852,"kind":"bot_words","i1":5,"i2":9,"sol":{"path":["/c/en/uralic","/c/en/estonian","/c/en/person","/c/en/married","/c/en/wedded"],"weight":0.20413999999999988},"num_concepts_raised":2641},{"base_id":852,"kind":"bot_words","i1":6,"i2":7,"sol":{"path":["/c/en/ern","/c/en/run","/c/en/paint","/c/en/decor"],"weight":0.20434999999999975},"num_concepts_raised":28885},{"base_id":852,"kind":"bot_words","i1":6,"i2":8,"sol":{"path":["/c/en/ern","/c/en/uk","/c/en/ring","/c/en/matrimonial"],"weight":0.2031199999999998},"num_concepts_raised":23749},{"base_id":852,"kind":"bot_words","i1":6,"i2":9,"sol":{"path":["/c/en/ern","/c/en/scotland","/c/en/wed","/c/en/wedded"],"weight":0.20510999999999982},"num_concepts_raised":21754},{"base_id":852,"kind":"bot_words","i1":7,"i2":8,"sol":{"path":["/c/en/decor","/c/en/decoration","/c/en/ring","/c/en/matrimonial"],"weight":0.20440999999999981},"num_concepts_raised":13301},{"base_id":852,"kind":"bot_words","i1":7,"i2":9,"sol":{"path":["/c/en/decor","/c/en/decoration","/c/en/ring","/c/en/married","/c/en/wedded"],"weight":0.20540999999999987},"num_concepts_raised":11329},{"base_id":852,"kind":"bot_words","i1":8,"i2":9,"sol":{"path":["/c/en/matrimonial","/c/en/marriage","/c/en/wedded"],"weight":0.203},"num_concepts_raised":55}],[{"base_id":852,"kind":"top_words","i1":0,"i2":1,"sol":{"path":["/c/en/cupronickel","/c/en/nickel","/c/en/metal","/c/en/rail","/c/en/inveigh"],"weight":0.2042999999999999},"num_concepts_raised":19139},{"base_id":852,"kind":"top_words","i1":0,"i2":2,"sol":{"path":["/c/en/cupronickel","/c/en/nickel","/c/en/coin","/c/en/food","/c/ja/鰹節","/c/en/katsuobushi"],"weight":0.21432369999999976},"num_concepts_raised":244740},{"base_id":852,"kind":"top_words","i1":0,"i2":3,"sol":{"path":["/c/en/cupronickel","/c/en/alloy","/c/en/marriage","/c/en/proposal","/c/en/counterproposal"],"weight":0.20388999999999996},"num_concepts_raised":12007},{"base_id":852,"kind":"top_words","i1":0,"i2":4,"sol":{"path":["/c/en/cupronickel","/c/fr/chimie","/c/en/acid","/c/en/shrub","/c/en/subshrub"],"weight":0.2044999999999997},"num_concepts_raised":14869},{"base_id":852,"kind":"top_words","i1":0,"i2":5,"sol":{"path":["/c/en/cupronickel","/c/en/nickel","/c/en/metal","/c/en/music_genre","/c/en/siciliana"],"weight":0.2089399999999999},"num_concepts_raised":14214},{"base_id":852,"kind":"top_words","i1":0,"i2":6,"sol":{"path":["/c/en/cupronickel","/c/en/nickel","/c/en/metal","/c/en/pot","/c/en/potbelly"],"weight":0.20671999999999996},"num_concepts_raised":14460},{"base_id":852,"kind":"top_words","i1":0,"i2":7,"sol":{"path":["/c/en/cupronickel","/c/fr/chimie","/c/fr/radical","/c/en/stemming"],"weight":0.20277999999999993},"num_concepts_raised":28028},{"base_id":852,"kind":"top_words","i1":0,"i2":8,"sol":{"path":["/c/en/cupronickel","/c/fr/chimie","/c/en/chemistry","/c/en/diazomethane"],"weight":0.2080699999999998},"num_concepts_raised":35029},{"base_id":852,"kind":"top_words","i1":0,"i2":9,"sol":{"path":["/c/en/cupronickel","/c/en/nickel","/c/en/slang","/c/en/sausage","/c/en/mortadella"],"weight":0.20514999999999997},"num_concepts_raised":14833},{"base_id":852,"kind":"top_words","i1":1,"i2":2,"sol":{"path":["/c/en/inveigh","/c/en/vehicle","/c/ja/だし","/c/ja/鰹節","/c/en/katsuobushi"],"weight":0.21005999999999986},"num_concepts_raised":7603},{"base_id":852,"kind":"top_words","i1":1,"i2":3,"sol":{"path":["/c/en/inveigh","/c/la/in","/c/en/bid","/c/en/proposal","/c/en/counterproposal"],"weight":0.20404999999999995},"num_concepts_raised":7836},{"base_id":852,"kind":"top_words","i1":1,"i2":4,"sol":{"path":["/c/en/inveigh","/c/en/vehicle","/c/en/broom","/c/en/shrub","/c/en/subshrub"],"weight":0.20472999999999966},"num_concepts_raised":10687},{"base_id":852,"kind":"top_words","i1":1,"i2":5,"sol":{"path":["/c/en/inveigh","/c/en/invective","/c/en/expression","/c/en/dance","/c/en/siciliana"],"weight":0.20902999999999985},"num_concepts_raised":10008},{"base_id":852,"kind":"top_words","i1":1,"i2":6,"sol":{"path":["/c/en/inveigh","/c/en/rail","/c/en/pot","/c/en/potbelly"],"weight":0.20578999999999992},"num_concepts_raised":10249},{"base_id":852,"kind":"top_words","i1":1,"i2":7,"sol":{"path":["/c/en/inveigh","/c/de/gehoben","/c/fr/linguistique","/c/en/stemming"],"weight":0.20297999999999988},"num_concepts_raised":23811},{"base_id":852,"kind":"top_words","i1":1,"i2":8,"sol":{"path":["/c/en/inveigh","/c/en/vehicle","/c/en/gas","/c/en/diazomethane"],"weight":0.20817999999999978},"num_concepts_raised":31980},{"base_id":852,"kind":"top_words","i1":1,"i2":9,"sol":{"path":["/c/en/inveigh","/c/en/complain","/c/en/beef","/c/en/bologna","/c/en/mortadella"],"weight":0.20428999999999992},"num_concepts_raised":10655},{"base_id":852,"kind":"top_words","i1":2,"i2":3,"sol":{"path":["/c/en/katsuobushi","/c/ja/鰹節","/c/en/food","/c/en/ring","/c/en/proposal","/c/en/counterproposal"],"weight":0.21394219999999983},"num_concepts_raised":32024},{"base_id":852,"kind":"top_words","i1":2,"i2":4,"sol":{"path":["/c/en/katsuobushi","/c/ja/鰹節","/c/en/food","/c/en/plant","/c/en/shrub","/c/en/subshrub"],"weight":0.21527219999999941},"num_concepts_raised":216612},{"base_id":852,"kind":"top_words","i1":2,"i2":5,"sol":{"path":["/c/en/katsuobushi","/c/ja/鰹節","/c/en/food","/c/en/party","/c/en/dance","/c/en/siciliana"],"weight":0.21645439999999952},"num_concepts_raised":220745},{"base_id":852,"kind":"top_words","i1":2,"i2":6,"sol":{"path":["/c/en/katsuobushi","/c/ja/鰹節","/c/en/food","/c/en/pot","/c/en/potbelly"],"weight":0.2125499999999999},"num_concepts_raised":2912},{"base_id":852,"kind":"top_words","i1":2,"i2":7,"sol":{"path":["/c/en/katsuobushi","/c/ja/鰹節","/c/en/food","/c/en/tongue","/c/fr/linguistique","/c/en/stemming"],"weight":0.2126181999999987},"num_concepts_raised":795388},{"base_id":852,"kind":"top_words","i1":2,"i2":8,"sol":{"path":["/c/en/katsuobushi","/c/ja/鰹節","/c/en/food","/c/en/organic","/c/en/chemistry","/c/en/diazomethane"],"weight":0.2181531999999982},"num_concepts_raised":589823},{"base_id":852,"kind":"top_words","i1":2,"i2":9,"sol":{"path":["/c/en/katsuobushi","/c/ja/鰹節","/c/en/food","/c/en/sausage","/c/en/mortadella"],"weight":0.21105999999999991},"num_concepts_raised":3280},{"base_id":852,"kind":"top_words","i1":3,"i2":4,"sol":{"path":["/c/en/counterproposal","/c/en/proposal","/c/en/tender","/c/en/plant","/c/en/shrub","/c/en/subshrub"],"weight":0.2109242999999995},"num_concepts_raised":236361},{"base_id":852,"kind":"top_words","i1":3,"i2":5,"sol":{"path":["/c/en/counterproposal","/c/en/proposal","/c/en/motion","/c/en/dance","/c/en/siciliana"],"weight":0.20878999999999992},"num_concepts_raised":2890},{"base_id":852,"kind":"top_words","i1":3,"i2":6,"sol":{"path":["/c/en/counterproposal","/c/nl/tegenbegroting","/c/en/budget","/c/en/belly","/c/en/potbelly"],"weight":0.2037},"num_concepts_raised":3147},{"base_id":852,"kind":"top_words","i1":3,"i2":7,"sol":{"path":["/c/en/counterproposal","/c/en/proposal","/c/en/plan","/c/en/nautical","/c/en/stemming"],"weight":0.20377999999999996},"num_concepts_raised":16856},{"base_id":852,"kind":"top_words","i1":3,"i2":8,"sol":{"path":["/c/en/counterproposal","/c/en/proposal","/c/en/ring","/c/en/chemistry","/c/en/diazomethane"],"weight":0.20896999999999988},"num_concepts_raised":24905},{"base_id":852,"kind":"top_words","i1":3,"i2":9,"sol":{"path":["/c/en/counterproposal","/c/en/proposal","/c/en/spouse","/c/en/spice","/c/en/mortadella"],"weight":0.20390000000000003},"num_concepts_raised":3515},{"base_id":852,"kind":"top_words","i1":4,"i2":5,"sol":{"path":["/c/en/subshrub","/c/en/shrub","/c/en/wallflower","/c/en/dance","/c/en/siciliana"],"weight":0.20941999999999966},"num_concepts_raised":5753},{"base_id":852,"kind":"top_words","i1":4,"i2":6,"sol":{"path":["/c/en/subshrub","/c/en/shrub","/c/en/plant","/c/en/pot","/c/en/potbelly"],"weight":0.20732999999999974},"num_concepts_raised":6001},{"base_id":852,"kind":"top_words","i1":4,"i2":7,"sol":{"path":["/c/en/subshrub","/c/en/turtleback","/c/en/nautical","/c/en/stemming"],"weight":0.20331999999999972},"num_concepts_raised":19674},{"base_id":852,"kind":"top_words","i1":4,"i2":8,"sol":{"path":["/c/en/subshrub","/c/en/shrub","/c/en/acid","/c/en/chemistry","/c/en/diazomethane"],"weight":0.2096399999999996},"num_concepts_raised":27731},{"base_id":852,"kind":"top_words","i1":4,"i2":9,"sol":{"path":["/c/en/subshrub","/c/en/shrub","/c/en/plant","/c/en/spice","/c/en/mortadella"],"weight":0.20466999999999974},"num_concepts_raised":6367},{"base_id":852,"kind":"top_words","i1":5,"i2":6,"sol":{"path":["/c/en/siciliana","/c/en/dance","/c/en/can","/c/en/pot","/c/en/potbelly"],"weight":0.21048999999999993},"num_concepts_raised":5336},{"base_id":852,"kind":"top_words","i1":5,"i2":7,"sol":{"path":["/c/en/siciliana","/c/en/sicilian","/c/fr/linguistique","/c/en/stemming"],"weight":0.20769999999999988},"num_concepts_raised":19005},{"base_id":852,"kind":"top_words","i1":5,"i2":8,"sol":{"path":["/c/en/siciliana","/c/en/dance","/c/en/music","/c/en/analysis","/c/en/diazomethane"],"weight":0.21291999999999978},"num_concepts_raised":27095},{"base_id":852,"kind":"top_words","i1":5,"i2":9,"sol":{"path":["/c/en/siciliana","/c/en/sicilian","/c/en/italian","/c/en/mortadella"],"weight":0.20780999999999994},"num_concepts_raised":5706},{"base_id":852,"kind":"top_words","i1":6,"i2":7,"sol":{"path":["/c/en/potbelly","/c/en/pot","/c/en/hold","/c/en/stemming"],"weight":0.20543999999999996},"num_concepts_raised":19229},{"base_id":852,"kind":"top_words","i1":6,"i2":8,"sol":{"path":["/c/en/potbelly","/c/en/pot","/c/en/pan","/c/en/organic_compound","/c/en/diazomethane"],"weight":0.21067999999999987},"num_concepts_raised":27323},{"base_id":852,"kind":"top_words","i1":6,"i2":9,"sol":{"path":["/c/en/potbelly","/c/nl/bierbuik","/c/en/fat","/c/en/mortadella"],"weight":0.20462},"num_concepts_raised":5936},{"base_id":852,"kind":"top_words","i1":7,"i2":8,"sol":{"path":["/c/en/stemming","/c/en/stem","/c/en/compound","/c/en/chemistry","/c/en/diazomethane"],"weight":0.20795999999999987},"num_concepts_raised":40937},{"base_id":852,"kind":"top_words","i1":7,"i2":9,"sol":{"path":["/c/en/stemming","/c/fr/linguistique","/c/fr/vulgaire","/c/en/sausage","/c/en/mortadella"],"weight":0.20396999999999998},"num_concepts_raised":19660},{"base_id":852,"kind":"top_words","i1":8,"i2":9,"sol":{"path":["/c/en/diazomethane","/c/en/gas","/c/en/station","/c/en/bologna","/c/en/mortadella"],"weight":0.20917999999999987},"num_concepts_raised":27674}]]