[[{"base_id":249,"kind":"bot_words","i1":0,"i2":1,"sol":{"path":["/c/en/hemorrhoid","/c/en/disease","/c/en/sign","/c/en/city","/c/en/longueuil"],"weight":0.2150999999999998},"num_concepts_raised":9040},{"base_id":249,"kind":"bot_words","i1":0,"i2":2,"sol":{"path":["/c/en/hemorrhoid","/c/fr/hémorroïde","/c/fr/temps","/c/fr/contemporain","/c/en/pamphlet"],"weight":0.21548999999999963},"num_concepts_raised":10844},{"base_id":249,"kind":"bot_words","i1":0,"i2":3,"sol":{"path":["/c/en/hemorrhoid","/c/en/disease","/c/en/fall","/c/en/land","/c/en/overland"],"weight":0.21124999999999985},"num_concepts_raised":12430},{"base_id":249,"kind":"bot_words","i1":0,"i2":4,"sol":{"path":["/c/en/hemorrhoid","/c/fi/peräpukama","/c/en/medicine","/c/en/drink","/c/en/restaurants"],"weight":0.21435999999999975},"num_concepts_raised":21824},{"base_id":249,"kind":"bot_words","i1":0,"i2":5,"sol":{"path":["/c/en/hemorrhoid","/c/syc/ܬܘܬܐ","/c/en/sycamore","/c/en/egypt"],"weight":0.21971999999999914},"num_concepts_raised":25719},{"base_id":249,"kind":"bot_words","i1":0,"i2":6,"sol":{"path":["/c/en/hemorrhoid","/c/fr/hémorroïde","/c/fr/temps","/c/fr/dictateur","/c/en/authoritarian"],"weight":0.21600999999999976},"num_concepts_raised":10622},{"base_id":249,"kind":"bot_words","i1":0,"i2":7,"sol":{"path":["/c/en/hemorrhoid","/c/fr/hémorroïde","/c/fr/anus","/c/fr/localités","/c/en/regensburg"],"weight":0.22538999999999998},"num_concepts_raised":118620},{"base_id":249,"kind":"bot_words","i1":0,"i2":8,"sol":{"path":["/c/en/hemorrhoid","/c/en/pile","/c/en/reverse","/c/en/opposite","/c/en/antipode"],"weight":0.21052999999999988},"num_concepts_raised":15341},{"base_id":249,"kind":"bot_words","i1":0,"i2":9,"sol":{"path":["/c/en/hemorrhoid","/c/fr/hémorroïde","/c/fr/quantité","/c/fr/linguistique","/c/en/aromanian"],"weight":0.2145299999999999},"num_concepts_raised":13724},{"base_id":249,"kind":"bot_words","i1":1,"i2":2,"sol":{"path":["/c/en/longueuil","/c/en/city","/c/en/book","/c/en/booklet","/c/en/pamphlet"],"weight":0.2117499999999996},"num_concepts_raised":7953},{"base_id":249,"kind":"bot_words","i1":1,"i2":3,"sol":{"path":["/c/en/longueuil","/c/en/city","/c/grc/σῖναι","/c/en/overland"],"weight":0.2078199999999998},"num_concepts_raised":9488},{"base_id":249,"kind":"bot_words","i1":1,"i2":4,"sol":{"path":["/c/en/longueuil","/c/en/city","/c/en/restaurant","/c/en/restaurants"],"weight":0.2081799999999997},"num_concepts_raised":18905},{"base_id":249,"kind":"bot_words","i1":1,"i2":5,"sol":{"path":["/c/en/longueuil","/c/en/city","/c/ar/مصر","/c/en/egypt"],"weight":0.21997999999999907},"num_concepts_raised":22576},{"base_id":249,"kind":"bot_words","i1":1,"i2":6,"sol":{"path":["/c/en/longueuil","/c/en/city","/c/en/government","/c/en/authority","/c/en/authoritarian"],"weight":0.21156999999999973},"num_concepts_raised":7722},{"base_id":249,"kind":"bot_words","i1":1,"i2":7,"sol":{"path":["/c/en/longueuil","/c/en/city","/c/en/germany","/c/en/regensburg"],"weight":0.22066999999999992},"num_concepts_raised":115066},{"base_id":249,"kind":"bot_words","i1":1,"i2":8,"sol":{"path":["/c/en/longueuil","/c/en/city","/c/en/government","/c/en/opposition","/c/en/antipode"],"weight":0.20820999999999987},"num_concepts_raised":12420},{"base_id":249,"kind":"bot_words","i1":1,"i2":9,"sol":{"path":["/c/en/longueuil","/c/en/city","/c/en/human","/c/en/romanian","/c/en/aromanian"],"weight":0.20895999999999984},"num_concepts_raised":10822},{"base_id":249,"kind":"bot_words","i1":2,"i2":3,"sol":{"path":["/c/en/pamphlet","/c/en/tract","/c/fr/terre","/c/en/overland"],"weight":0.20510999999999965},"num_concepts_raised":11244},{"base_id":249,"kind":"bot_words","i1":2,"i2":4,"sol":{"path":["/c/en/pamphlet","/c/en/circular","/c/en/bill","/c/en/restaurants"],"weight":0.20540999999999954},"num_concepts_raised":20531},{"base_id":249,"kind":"bot_words","i1":2,"i2":5,"sol":{"path":["/c/en/pamphlet","/c/en/mail","/c/en/historical","/c/en/egypt"],"weight":0.2137599999999989},"num_concepts_raised":24556},{"base_id":249,"kind":"bot_words","i1":2,"i2":6,"sol":{"path":["/c/en/pamphlet","/c/en/booklet","/c/en/book","/c/en/authority","/c/en/authoritarian"],"weight":0.21040999999999957},"num_concepts_raised":9534},{"base_id":249,"kind":"bot_words","i1":2,"i2":7,"sol":{"path":["/c/en/pamphlet","/c/en/tract","/c/en/region","/c/en/germany","/c/en/regensburg"],"weight":0.21780999999999978},"num_concepts_raised":117532},{"base_id":249,"kind":"bot_words","i1":2,"i2":8,"sol":{"path":["/c/en/pamphlet","/c/en/booklet","/c/fr/livre","/c/fr/géographie","/c/en/antipode"],"weight":0.2069299999999997},"num_concepts_raised":14246},{"base_id":249,"kind":"bot_words","i1":2,"i2":9,"sol":{"path":["/c/en/pamphlet","/c/en/flyer","/c/en/person","/c/en/romanian","/c/en/aromanian"],"weight":0.2053099999999997},"num_concepts_raised":12656},{"base_id":249,"kind":"bot_words","i1":3,"i2":4,"sol":{"path":["/c/en/overland","/c/en/land","/c/en/plate","/c/en/restaurants"],"weight":0.20415999999999973},"num_concepts_raised":22204},{"base_id":249,"kind":"bot_words","i1":3,"i2":5,"sol":{"path":["/c/en/overland","/c/en/land","/c/en/country","/c/en/egypt"],"weight":0.21606999999999912},"num_concepts_raised":25787},{"base_id":249,"kind":"bot_words","i1":3,"i2":6,"sol":{"path":["/c/en/overland","/c/en/land","/c/en/person","/c/en/authority","/c/en/authoritarian"],"weight":0.20769999999999977},"num_concepts_raised":11114},{"base_id":249,"kind":"bot_words","i1":3,"i2":7,"sol":{"path":["/c/en/overland","/c/en/over","/c/fr/localités","/c/en/regensburg"],"weight":0.2137},"num_concepts_raised":119019},{"base_id":249,"kind":"bot_words","i1":3,"i2":8,"sol":{"path":["/c/en/overland","/c/fr/terre","/c/fr/antipode","/c/en/antipode"],"weight":0.20442999999999992},"num_concepts_raised":15711},{"base_id":249,"kind":"bot_words","i1":3,"i2":9,"sol":{"path":["/c/en/overland","/c/en/land","/c/fr/géographie","/c/en/romanian","/c/en/aromanian"],"weight":0.20513999999999988},"num_concepts_raised":14228},{"base_id":249,"kind":"bot_words","i1":4,"i2":5,"sol":{"path":["/c/en/restaurants","/c/en/order","/c/en/country","/c/en/egypt"],"weight":0.214919999999999},"num_concepts_raised":35288},{"base_id":249,"kind":"bot_words","i1":4,"i2":6,"sol":{"path":["/c/en/restaurants","/c/en/chief","/c/en/authority","/c/en/authoritarian"],"weight":0.20664999999999967},"num_concepts_raised":20463},{"base_id":249,"kind":"bot_words","i1":4,"i2":7,"sol":{"path":["/c/en/restaurants","/c/en/potato","/c/en/germany","/c/en/regensburg"],"weight":0.21581999999999985},"num_concepts_raised":128486},{"base_id":249,"kind":"bot_words","i1":4,"i2":8,"sol":{"path":["/c/en/restaurants","/c/en/bar","/c/fr/géographie","/c/en/antipode"],"weight":0.20333999999999977},"num_concepts_raised":25284},{"base_id":249,"kind":"bot_words","i1":4,"i2":9,"sol":{"path":["/c/en/restaurants","/c/en/alcohol","/c/en/person","/c/en/romanian","/c/en/aromanian"],"weight":0.20417999999999975},"num_concepts_raised":23712},{"base_id":249,"kind":"bot_words","i1":5,"i2":6,"sol":{"path":["/c/en/egypt","/c/ar/عريف","/c/en/authority","/c/en/authoritarian"],"weight":0.21617999999999904},"num_concepts_raised":24345},{"base_id":249,"kind":"bot_words","i1":5,"i2":7,"sol":{"path":["/c/en/egypt","/c/en/administrative_region","/c/en/regensburg"],"weight":0.20800000000000002},"num_concepts_raised":466},{"base_id":249,"kind":"bot_words","i1":5,"i2":8,"sol":{"path":["/c/en/egypt","/c/en/country","/c/fr/géographie","/c/en/antipode"],"weight":0.21505999999999917},"num_concepts_raised":29029},{"base_id":249,"kind":"bot_words","i1":5,"i2":9,"sol":{"path":["/c/en/egypt","/c/en/country","/c/en/republic_of_macedonia","/c/en/aromanian"],"weight":0.21475999999999917},"num_concepts_raised":27507},{"base_id":249,"kind":"bot_words","i1":6,"i2":7,"sol":{"path":["/c/en/authoritarian","/c/en/authority","/c/en/capital","/c/en/germany","/c/en/regensburg"],"weight":0.21930999999999992},"num_concepts_raised":117306},{"base_id":249,"kind":"bot_words","i1":6,"i2":8,"sol":{"path":["/c/en/authoritarian","/c/en/authority","/c/en/power","/c/en/opposition","/c/en/antipode"],"weight":0.20693999999999985},"num_concepts_raised":14023},{"base_id":249,"kind":"bot_words","i1":6,"i2":9,"sol":{"path":["/c/en/authoritarian","/c/en/authority","/c/en/person","/c/en/romanian","/c/en/aromanian"],"weight":0.20764999999999983},"num_concepts_raised":12414},{"base_id":249,"kind":"bot_words","i1":7,"i2":8,"sol":{"path":["/c/en/regensburg","/c/fr/ratisbonne","/c/fr/allemagne","/c/fr/géographie","/c/en/antipode"],"weight":0.21652000000000005},"num_concepts_raised":121787},{"base_id":249,"kind":"bot_words","i1":7,"i2":9,"sol":{"path":["/c/en/regensburg","/c/en/germany","/c/en/country","/c/en/republic_of_macedonia","/c/en/aromanian"],"weight":0.21571},"num_concepts_raised":120389},{"base_id":249,"kind":"bot_words","i1":8,"i2":9,"sol":{"path":["/c/en/antipode","/c/fr/géographie","/c/en/romanian","/c/en/aromanian"],"weight":0.20424999999999993},"num_concepts_raised":16827}],[{"base_id":249,"kind":"top_words","i1":0,"i2":1,"sol":{"path":["/c/en/astana","/c/en/city","/c/en/united_kingdom","/c/en/giro"],"weight":0.21591000000000016},"num_concepts_raised":13345},{"base_id":249,"kind":"top_words","i1":0,"i2":2,"sol":{"path":["/c/en/astana","/c/en/city","/c/en/uk","/c/en/rider"],"weight":0.2145799999999996},"num_concepts_raised":60553},{"base_id":249,"kind":"top_words","i1":0,"i2":3,"sol":{"path":["/c/en/astana","/c/en/city","/c/en/group","/c/en/peloton"],"weight":0.21076000000000022},"num_concepts_raised":15979},{"base_id":249,"kind":"top_words","i1":0,"i2":4,"sol":{"path":["/c/en/astana","/c/fa/استانه","/c/en/threshold","/c/en/door","/c/en/cyclist"],"weight":0.21536000000000016},"num_concepts_raised":12829},{"base_id":249,"kind":"top_words","i1":0,"i2":5,"sol":{"path":["/c/en/astana","/c/en/kazakhstan","/c/en/country","/c/en/race","/c/en/prologue"],"weight":0.21615000000000018},"num_concepts_raised":32749},{"base_id":249,"kind":"top_words","i1":0,"i2":6,"sol":{"path":["/c/en/astana","/c/en/city","/c/en/water","/c/en/cycle","/c/en/cycling"],"weight":0.22513999999999923},"num_concepts_raised":29878},{"base_id":249,"kind":"top_words","i1":0,"i2":7,"sol":{"path":["/c/en/astana","/c/en/city","/c/en/people","/c/en/dance","/c/en/quickstep"],"weight":0.2105400000000002},"num_concepts_raised":7142},{"base_id":249,"kind":"top_words","i1":0,"i2":8,"sol":{"path":["/c/en/astana","/c/en/city","/c/en/company","/c/en/subaru"],"weight":0.21606000000000014},"num_concepts_raised":11109},{"base_id":249,"kind":"top_words","i1":0,"i2":9,"sol":{"path":["/c/en/astana","/c/en/kazakhstan","/c/en/country","/c/en/race","/c/en/slipstream"],"weight":0.21506000000000014},"num_concepts_raised":24647},{"base_id":249,"kind":"top_words","i1":1,"i2":2,"sol":{"path":["/c/en/giro","/c/en/check","/c/fr/cavalier","/c/en/rider"],"weight":0.2147299999999992},"num_concepts_raised":64282},{"base_id":249,"kind":"top_words","i1":1,"i2":3,"sol":{"path":["/c/en/giro","/c/en/cycling","/c/en/peloton"],"weight":0.20400000000000001},"num_concepts_raised":87},{"base_id":249,"kind":"top_words","i1":1,"i2":4,"sol":{"path":["/c/en/giro","/c/en/cycling","/c/en/cyclist"],"weight":0.20400000000000001},"num_concepts_raised":231},{"base_id":249,"kind":"top_words","i1":1,"i2":5,"sol":{"path":["/c/en/giro","/c/en/cycling","/c/en/prologue"],"weight":0.20400000000000001},"num_concepts_raised":155},{"base_id":249,"kind":"top_words","i1":1,"i2":6,"sol":{"path":["/c/en/giro","/c/en/cycling"],"weight":0.20600000000000002},"num_concepts_raised":453},{"base_id":249,"kind":"top_words","i1":1,"i2":7,"sol":{"path":["/c/en/giro","/c/es/giro","/c/en/twist","/c/en/dance","/c/en/quickstep"],"weight":0.21025999999999978},"num_concepts_raised":11905},{"base_id":249,"kind":"top_words","i1":1,"i2":8,"sol":{"path":["/c/en/giro","/c/en/girocheque","/c/en/finance","/c/en/company","/c/en/subaru"],"weight":0.21582999999999972},"num_concepts_raised":15818},{"base_id":249,"kind":"top_words","i1":1,"i2":9,"sol":{"path":["/c/en/giro","/c/en/cycling","/c/en/guttered","/c/en/slipstream"],"weight":0.2085799999999997},"num_concepts_raised":29164},{"base_id":249,"kind":"top_words","i1":2,"i2":3,"sol":{"path":["/c/en/rider","/c/en/peloton"],"weight":0.202},"num_concepts_raised":344},{"base_id":249,"kind":"top_words","i1":2,"i2":4,"sol":{"path":["/c/en/rider","/c/cs/cyklista","/c/en/cyclist"],"weight":0.203},"num_concepts_raised":484},{"base_id":249,"kind":"top_words","i1":2,"i2":5,"sol":{"path":["/c/en/rider","/c/en/prologue"],"weight":0.202},"num_concepts_raised":412},{"base_id":249,"kind":"top_words","i1":2,"i2":6,"sol":{"path":["/c/en/rider","/c/en/trainer","/c/en/cycling"],"weight":0.20400000000000001},"num_concepts_raised":686},{"base_id":249,"kind":"top_words","i1":2,"i2":7,"sol":{"path":["/c/en/rider","/c/en/person","/c/en/dance","/c/en/quickstep"],"weight":0.20706999999999923},"num_concepts_raised":59072},{"base_id":249,"kind":"top_words","i1":2,"i2":8,"sol":{"path":["/c/en/rider","/c/en/passenger","/c/en/car","/c/en/subaru"],"weight":0.21498999999999918},"num_concepts_raised":62635},{"base_id":249,"kind":"top_words","i1":2,"i2":9,"sol":{"path":["/c/en/rider","/c/en/driver","/c/en/computing","/c/en/slipstream"],"weight":0.20858999999999916},"num_concepts_raised":75360},{"base_id":249,"kind":"top_words","i1":3,"i2":4,"sol":{"path":["/c/en/peloton","/c/en/cycling","/c/en/cyclist"],"weight":0.202},"num_concepts_raised":216},{"base_id":249,"kind":"top_words","i1":3,"i2":5,"sol":{"path":["/c/en/peloton","/c/en/cycling","/c/en/prologue"],"weight":0.202},"num_concepts_raised":140},{"base_id":249,"kind":"top_words","i1":3,"i2":6,"sol":{"path":["/c/en/peloton","/c/en/cycling"],"weight":0.20400000000000001},"num_concepts_raised":429},{"base_id":249,"kind":"top_words","i1":3,"i2":7,"sol":{"path":["/c/en/peloton","/c/en/breakaway","/c/en/dance","/c/en/quickstep"],"weight":0.20293999999999984},"num_concepts_raised":14525},{"base_id":249,"kind":"top_words","i1":3,"i2":8,"sol":{"path":["/c/en/peloton","/c/en/platoon","/c/en/company","/c/en/subaru"],"weight":0.20865999999999976},"num_concepts_raised":18275},{"base_id":249,"kind":"top_words","i1":3,"i2":9,"sol":{"path":["/c/en/peloton","/c/en/group","/c/en/race","/c/en/slipstream"],"weight":0.2035599999999998},"num_concepts_raised":31698},{"base_id":249,"kind":"top_words","i1":4,"i2":5,"sol":{"path":["/c/en/cyclist","/c/en/cycling","/c/en/prologue"],"weight":0.202},"num_concepts_raised":285},{"base_id":249,"kind":"top_words","i1":4,"i2":6,"sol":{"path":["/c/en/cyclist","/c/en/cycling"],"weight":0.20400000000000001},"num_concepts_raised":562},{"base_id":249,"kind":"top_words","i1":4,"i2":7,"sol":{"path":["/c/en/cyclist","/c/en/cycle","/c/en/music","/c/en/dance","/c/en/quickstep"],"weight":0.20665999999999973},"num_concepts_raised":11353},{"base_id":249,"kind":"top_words","i1":4,"i2":8,"sol":{"path":["/c/en/cyclist","/c/en/door","/c/en/car","/c/en/subaru"],"weight":0.21107999999999968},"num_concepts_raised":15270},{"base_id":249,"kind":"top_words","i1":4,"i2":9,"sol":{"path":["/c/en/cyclist","/c/en/software","/c/en/slipstream"],"weight":0.202},"num_concepts_raised":237},{"base_id":249,"kind":"top_words","i1":5,"i2":6,"sol":{"path":["/c/en/prologue","/c/en/cycling"],"weight":0.20400000000000001},"num_concepts_raised":508},{"base_id":249,"kind":"top_words","i1":5,"i2":7,"sol":{"path":["/c/en/prologue","/c/en/stage","/c/en/dance","/c/en/quickstep"],"weight":0.2043499999999998},"num_concepts_raised":31203},{"base_id":249,"kind":"top_words","i1":5,"i2":8,"sol":{"path":["/c/en/prologue","/c/en/computing","/c/en/car","/c/en/subaru"],"weight":0.20989999999999973},"num_concepts_raised":35091},{"base_id":249,"kind":"top_words","i1":5,"i2":9,"sol":{"path":["/c/en/prologue","/c/en/computing","/c/en/slipstream"],"weight":0.202},"num_concepts_raised":160},{"base_id":249,"kind":"top_words","i1":6,"i2":7,"sol":{"path":["/c/en/cycling","/c/en/sport","/c/en/dance","/c/en/quickstep"],"weight":0.21350999999999887},"num_concepts_raised":28328},{"base_id":249,"kind":"top_words","i1":6,"i2":8,"sol":{"path":["/c/en/cycling","/c/en/ride","/c/en/car","/c/en/subaru"],"weight":0.2188999999999988},"num_concepts_raised":32155},{"base_id":249,"kind":"top_words","i1":6,"i2":9,"sol":{"path":["/c/en/cycling","/c/en/guttered","/c/en/slipstream"],"weight":0.20400000000000001},"num_concepts_raised":461},{"base_id":249,"kind":"top_words","i1":7,"i2":8,"sol":{"path":["/c/en/quickstep","/c/en/quick","/c/en/company","/c/en/subaru"],"weight":0.20830999999999975},"num_concepts_raised":9699},{"base_id":249,"kind":"top_words","i1":7,"i2":9,"sol":{"path":["/c/en/quickstep","/c/en/quick","/c/en/race","/c/en/slipstream"],"weight":0.20319999999999977},"num_concepts_raised":23117},{"base_id":249,"kind":"top_words","i1":8,"i2":9,"sol":{"path":["/c/en/subaru","/c/en/car","/c/en/wash","/c/en/slipstream"],"weight":0.2087899999999997},"num_concepts_raised":27020}]]