[[{"base_id":731,"kind":"bot_words","i1":0,"i2":1,"sol":{"path":["/c/en/harpist","/c/en/musician","/c/en/person","/c/en/stranger"],"weight":0.21817999999999926},"num_concepts_raised":53663},{"base_id":731,"kind":"bot_words","i1":0,"i2":2,"sol":{"path":["/c/en/harpist","/c/fr/musique","/c/fr/genre","/c/fr/panthère","/c/en/panther"],"weight":0.21703999999999996},"num_concepts_raised":17045},{"base_id":731,"kind":"bot_words","i1":0,"i2":3,"sol":{"path":["/c/en/harpist","/c/en/musician","/c/en/person","/c/en/dinner"],"weight":0.21657999999999947},"num_concepts_raised":68443},{"base_id":731,"kind":"bot_words","i1":0,"i2":4,"sol":{"path":["/c/en/harpist","/c/en/harper","/c/en/coin","/c/en/caroline"],"weight":0.20595999999999992},"num_concepts_raised":16380},{"base_id":731,"kind":"bot_words","i1":0,"i2":5,"sol":{"path":["/c/en/harpist","/c/fr/musique","/c/fr/corde","/c/en/lasso"],"weight":0.20540999999999993},"num_concepts_raised":24509},{"base_id":731,"kind":"bot_words","i1":0,"i2":6,"sol":{"path":["/c/en/harpist","/c/en/musician","/c/en/burial","/c/en/mortuary"],"weight":0.20550999999999986},"num_concepts_raised":24365},{"base_id":731,"kind":"bot_words","i1":0,"i2":7,"sol":{"path":["/c/en/harpist","/c/fr/musique","/c/fr/ensemble","/c/fr/plancton","/c/en/plankton"],"weight":0.21538999999999994},"num_concepts_raised":12365},{"base_id":731,"kind":"bot_words","i1":0,"i2":8,"sol":{"path":["/c/en/harpist","/c/en/musician","/c/en/artist","/c/en/scientist","/c/en/paleoanthropologist"],"weight":0.20468000000000003},"num_concepts_raised":6010},{"base_id":731,"kind":"bot_words","i1":0,"i2":9,"sol":{"path":["/c/en/harpist","/c/en/harper","/c/en/irish","/c/en/cider"],"weight":0.20840999999999996},"num_concepts_raised":32718},{"base_id":731,"kind":"bot_words","i1":1,"i2":2,"sol":{"path":["/c/en/stranger","/c/en/person","/c/en/cougar","/c/en/panther"],"weight":0.2234199999999992},"num_concepts_raised":59655},{"base_id":731,"kind":"bot_words","i1":1,"i2":3,"sol":{"path":["/c/en/stranger","/c/en/person","/c/en/dinner"],"weight":0.20700000000000002},"num_concepts_raised":859},{"base_id":731,"kind":"bot_words","i1":1,"i2":4,"sol":{"path":["/c/en/stranger","/c/ca/estrany","/c/en/historical","/c/en/caroline"],"weight":0.21655999999999914},"num_concepts_raised":59125},{"base_id":731,"kind":"bot_words","i1":1,"i2":5,"sol":{"path":["/c/en/stranger","/c/en/friend","/c/en/function","/c/en/lasso"],"weight":0.21973999999999916},"num_concepts_raised":67196},{"base_id":731,"kind":"bot_words","i1":1,"i2":6,"sol":{"path":["/c/en/stranger","/c/en/store","/c/en/mortuary"],"weight":0.20400000000000001},"num_concepts_raised":498},{"base_id":731,"kind":"bot_words","i1":1,"i2":7,"sol":{"path":["/c/en/stranger","/c/en/person","/c/en/water","/c/en/plankton"],"weight":0.22398999999999913},"num_concepts_raised":55601},{"base_id":731,"kind":"bot_words","i1":1,"i2":8,"sol":{"path":["/c/en/stranger","/c/en/person","/c/en/scientist","/c/en/paleoanthropologist"],"weight":0.21643999999999924},"num_concepts_raised":49574},{"base_id":731,"kind":"bot_words","i1":1,"i2":9,"sol":{"path":["/c/en/stranger","/c/en/person","/c/en/alcoholic","/c/en/cider"],"weight":0.22036999999999915},"num_concepts_raised":74326},{"base_id":731,"kind":"bot_words","i1":2,"i2":3,"sol":{"path":["/c/en/panther","/c/en/us","/c/en/lunch","/c/en/dinner"],"weight":0.2268299999999994},"num_concepts_raised":74442},{"base_id":731,"kind":"bot_words","i1":2,"i2":4,"sol":{"path":["/c/en/panther","/c/en/black_panther","/c/en/historical","/c/en/caroline"],"weight":0.20992999999999984},"num_concepts_raised":22989},{"base_id":731,"kind":"bot_words","i1":2,"i2":5,"sol":{"path":["/c/en/panther","/c/en/painter","/c/en/rope","/c/en/lasso"],"weight":0.21443999999999988},"num_concepts_raised":31266},{"base_id":731,"kind":"bot_words","i1":2,"i2":6,"sol":{"path":["/c/en/panther","/c/en/us","/c/en/lavatory","/c/en/mortuary"],"weight":0.21130999999999983},"num_concepts_raised":30807},{"base_id":731,"kind":"bot_words","i1":2,"i2":7,"sol":{"path":["/c/en/panther","/c/fr/animaux","/c/fr/plancton","/c/en/plankton"],"weight":0.22133999999999987},"num_concepts_raised":19143},{"base_id":731,"kind":"bot_words","i1":2,"i2":8,"sol":{"path":["/c/en/panther","/c/fr/animaux","/c/fr/paléontologie","/c/fr/paléoanthropologue","/c/en/paleoanthropologist"],"weight":0.21061},"num_concepts_raised":12913},{"base_id":731,"kind":"bot_words","i1":2,"i2":9,"sol":{"path":["/c/en/panther","/c/en/us","/c/en/cider"],"weight":0.20400000000000001},"num_concepts_raised":283},{"base_id":731,"kind":"bot_words","i1":3,"i2":4,"sol":{"path":["/c/en/dinner","/c/en/food","/c/en/coin","/c/en/caroline"],"weight":0.21802999999999934},"num_concepts_raised":74034},{"base_id":731,"kind":"bot_words","i1":3,"i2":5,"sol":{"path":["/c/en/dinner","/c/en/table","/c/en/computing","/c/en/lasso"],"weight":0.21878999999999935},"num_concepts_raised":81685},{"base_id":731,"kind":"bot_words","i1":3,"i2":6,"sol":{"path":["/c/en/dinner","/c/en/party","/c/en/funeral","/c/en/mortuary"],"weight":0.21879999999999927},"num_concepts_raised":80855},{"base_id":731,"kind":"bot_words","i1":3,"i2":7,"sol":{"path":["/c/en/dinner","/c/en/food","/c/en/water","/c/en/plankton"],"weight":0.22545999999999936},"num_concepts_raised":70162},{"base_id":731,"kind":"bot_words","i1":3,"i2":8,"sol":{"path":["/c/en/dinner","/c/en/person","/c/en/scientist","/c/en/paleoanthropologist"],"weight":0.21482999999999947},"num_concepts_raised":64447},{"base_id":731,"kind":"bot_words","i1":3,"i2":9,"sol":{"path":["/c/en/dinner","/c/en/lunch","/c/en/apple","/c/en/cider"],"weight":0.22498999999999936},"num_concepts_raised":88467},{"base_id":731,"kind":"bot_words","i1":4,"i2":5,"sol":{"path":["/c/en/caroline","/c/en/italy","/c/en/line","/c/en/rope","/c/en/lasso"],"weight":0.2079999999999998},"num_concepts_raised":30708},{"base_id":731,"kind":"bot_words","i1":4,"i2":6,"sol":{"path":["/c/en/caroline","/c/en/historical","/c/en/mortuary"],"weight":0.202},"num_concepts_raised":121},{"base_id":731,"kind":"bot_words","i1":4,"i2":7,"sol":{"path":["/c/en/caroline","/c/en/silver","/c/en/metal","/c/en/water","/c/en/plankton"],"weight":0.2107299999999998},"num_concepts_raised":18497},{"base_id":731,"kind":"bot_words","i1":4,"i2":8,"sol":{"path":["/c/en/caroline","/c/en/historical","/c/en/calorist","/c/en/scientist","/c/en/paleoanthropologist"],"weight":0.20307999999999993},"num_concepts_raised":12227},{"base_id":731,"kind":"bot_words","i1":4,"i2":9,"sol":{"path":["/c/en/caroline","/c/en/coin","/c/en/us","/c/en/cider"],"weight":0.20585999999999982},"num_concepts_raised":38352},{"base_id":731,"kind":"bot_words","i1":5,"i2":6,"sol":{"path":["/c/en/lasso","/c/en/noose","/c/en/human","/c/en/mortuary"],"weight":0.20742999999999975},"num_concepts_raised":38395},{"base_id":731,"kind":"bot_words","i1":5,"i2":7,"sol":{"path":["/c/en/lasso","/c/fr/corde","/c/fr/courant","/c/fr/plancton","/c/en/plankton"],"weight":0.21635999999999983},"num_concepts_raised":26690},{"base_id":731,"kind":"bot_words","i1":5,"i2":8,"sol":{"path":["/c/en/lasso","/c/en/noose","/c/en/human","/c/en/scientist","/c/en/paleoanthropologist"],"weight":0.20678999999999992},"num_concepts_raised":20505},{"base_id":731,"kind":"bot_words","i1":5,"i2":9,"sol":{"path":["/c/en/lasso","/c/en/rope","/c/en/racking","/c/en/cider"],"weight":0.21035999999999985},"num_concepts_raised":46621},{"base_id":731,"kind":"bot_words","i1":6,"i2":7,"sol":{"path":["/c/en/mortuary","/c/en/death","/c/en/organism","/c/en/plankton"],"weight":0.21327999999999978},"num_concepts_raised":26360},{"base_id":731,"kind":"bot_words","i1":6,"i2":8,"sol":{"path":["/c/en/mortuary","/c/en/human","/c/en/scientist","/c/en/paleoanthropologist"],"weight":0.2035399999999999},"num_concepts_raised":20239},{"base_id":731,"kind":"bot_words","i1":6,"i2":9,"sol":{"path":["/c/en/mortuary","/c/en/funeral","/c/en/black","/c/en/cider"],"weight":0.20741999999999977},"num_concepts_raised":45955},{"base_id":731,"kind":"bot_words","i1":7,"i2":8,"sol":{"path":["/c/en/plankton","/c/en/planktology","/c/en/logy","/c/en/paleoanthropology","/c/en/paleoanthropologist"],"weight":0.21134999999999995},"num_concepts_raised":8189},{"base_id":731,"kind":"bot_words","i1":7,"i2":9,"sol":{"path":["/c/en/plankton","/c/en/water","/c/en/beverage","/c/en/cider"],"weight":0.21441999999999986},"num_concepts_raised":34533},{"base_id":731,"kind":"bot_words","i1":8,"i2":9,"sol":{"path":["/c/en/paleoanthropologist","/c/en/scientist","/c/en/isaac_newton","/c/en/apple","/c/en/cider"],"weight":0.20788999999999996},"num_concepts_raised":28642}],[{"base_id":731,"kind":"top_words","i1":0,"i2":1,"sol":{"path":["/c/en/war","/c/en/wars"],"weight":0.21000000000000002},"num_concepts_raised":1413},{"base_id":731,"kind":"top_words","i1":0,"i2":2,"sol":{"path":["/c/en/war","/c/en/action","/c/fi/teko","/c/en/phoney"],"weight":0.2356700000000051},"num_concepts_raised":166808},{"base_id":731,"kind":"top_words","i1":0,"i2":3,"sol":{"path":["/c/en/war","/c/en/punic_war","/c/en/punic"],"weight":0.20600000000000002},"num_concepts_raised":1420},{"base_id":731,"kind":"top_words","i1":0,"i2":4,"sol":{"path":["/c/en/war","/c/en/country","/c/en/language","/c/en/vandalic"],"weight":0.2392500000000053},"num_concepts_raised":168346},{"base_id":731,"kind":"top_words","i1":0,"i2":5,"sol":{"path":["/c/en/war","/c/en/vietnam_war","/c/en/agent_orange","/c/en/defoliant"],"weight":0.2346500000000053},"num_concepts_raised":165996},{"base_id":731,"kind":"top_words","i1":0,"i2":6,"sol":{"path":["/c/en/war","/c/en/vietnam","/c/en/indochina"],"weight":0.20900000000000002},"num_concepts_raised":1472},{"base_id":731,"kind":"top_words","i1":0,"i2":7,"sol":{"path":["/c/en/war","/c/en/wargasm","/c/en/pejorative","/c/en/profiteer"],"weight":0.23728000000000515},"num_concepts_raised":169031},{"base_id":731,"kind":"top_words","i1":0,"i2":8,"sol":{"path":["/c/en/war","/c/en/country","/c/xcl/շինական","/c/en/uncivil"],"weight":0.23971000000000503},"num_concepts_raised":165859},{"base_id":731,"kind":"top_words","i1":0,"i2":9,"sol":{"path":["/c/en/war","/c/en/historical","/c/en/ifni"],"weight":0.20800000000000002},"num_concepts_raised":1429},{"base_id":731,"kind":"top_words","i1":1,"i2":2,"sol":{"path":["/c/en/wars","/c/en/war","/c/en/feint","/c/en/fake","/c/en/phoney"],"weight":0.20609999999999973},"num_concepts_raised":24106},{"base_id":731,"kind":"top_words","i1":1,"i2":3,"sol":{"path":["/c/en/wars","/c/en/war","/c/en/punic_war","/c/en/punic"],"weight":0.20529999999999982},"num_concepts_raised":21948},{"base_id":731,"kind":"top_words","i1":1,"i2":4,"sol":{"path":["/c/en/wars","/c/en/damage","/c/en/vandal","/c/en/vandalic"],"weight":0.2052399999999999},"num_concepts_raised":25911},{"base_id":731,"kind":"top_words","i1":1,"i2":5,"sol":{"path":["/c/en/wars","/c/en/war","/c/en/vietnam_war","/c/en/agent_orange","/c/en/defoliant"],"weight":0.2053199999999999},"num_concepts_raised":23146},{"base_id":731,"kind":"top_words","i1":1,"i2":6,"sol":{"path":["/c/en/wars","/c/en/war","/c/en/vietnam","/c/en/indochina"],"weight":0.2083099999999998},"num_concepts_raised":25156},{"base_id":731,"kind":"top_words","i1":1,"i2":7,"sol":{"path":["/c/en/wars","/c/en/war","/c/en/loss","/c/en/profit","/c/en/profiteer"],"weight":0.20611999999999972},"num_concepts_raised":26686},{"base_id":731,"kind":"top_words","i1":1,"i2":8,"sol":{"path":["/c/en/wars","/c/en/general","/c/ms/kasar","/c/en/uncivil"],"weight":0.20354999999999962},"num_concepts_raised":23127},{"base_id":731,"kind":"top_words","i1":1,"i2":9,"sol":{"path":["/c/en/wars","/c/en/war","/c/en/historical","/c/en/ifni"],"weight":0.21029999999999974},"num_concepts_raised":31800},{"base_id":731,"kind":"top_words","i1":2,"i2":3,"sol":{"path":["/c/en/phoney","/c/fr/fichu","/c/en/historical","/c/en/phoenician","/c/en/punic"],"weight":0.20531999999999978},"num_concepts_raised":3430},{"base_id":731,"kind":"top_words","i1":2,"i2":4,"sol":{"path":["/c/en/phoney","/c/fr/fichu","/c/en/historical","/c/en/vandal","/c/en/vandalic"],"weight":0.20562999999999984},"num_concepts_raised":7482},{"base_id":731,"kind":"top_words","i1":2,"i2":5,"sol":{"path":["/c/en/phoney","/c/en/counterfeit","/c/en/synthetic","/c/en/compound","/c/en/defoliant"],"weight":0.20466999999999985},"num_concepts_raised":4660},{"base_id":731,"kind":"top_words","i1":2,"i2":6,"sol":{"path":["/c/en/phoney","/c/en/bastard","/c/en/color","/c/fr/indochine","/c/en/indochina"],"weight":0.20739999999999975},"num_concepts_raised":6704},{"base_id":731,"kind":"top_words","i1":2,"i2":7,"sol":{"path":["/c/en/phoney","/c/en/bastard","/c/en/pejorative","/c/en/profiteer"],"weight":0.2040199999999997},"num_concepts_raised":8202},{"base_id":731,"kind":"top_words","i1":2,"i2":8,"sol":{"path":["/c/en/phoney","/c/en/bastard","/c/en/rude","/c/en/uncivil"],"weight":0.2043099999999996},"num_concepts_raised":4633},{"base_id":731,"kind":"top_words","i1":2,"i2":9,"sol":{"path":["/c/en/phoney","/c/fr/fichu","/c/en/historical","/c/en/ifni"],"weight":0.2082799999999997},"num_concepts_raised":13759},{"base_id":731,"kind":"top_words","i1":3,"i2":4,"sol":{"path":["/c/en/punic","/c/en/phoenician","/c/en/historical","/c/en/vandal","/c/en/vandalic"],"weight":0.20718999999999999},"num_concepts_raised":5287},{"base_id":731,"kind":"top_words","i1":3,"i2":5,"sol":{"path":["/c/en/punic","/c/en/phoenician","/c/fr/linguistique","/c/fr/composé","/c/en/compound","/c/en/defoliant"],"weight":0.20950149999999967},"num_concepts_raised":189487},{"base_id":731,"kind":"top_words","i1":3,"i2":6,"sol":{"path":["/c/en/punic","/c/en/phoenician","/c/en/country","/c/en/vietnam","/c/en/indochina"],"weight":0.2079299999999999},"num_concepts_raised":4510},{"base_id":731,"kind":"top_words","i1":3,"i2":7,"sol":{"path":["/c/en/punic","/c/en/phoenician","/c/en/baal","/c/en/pejorative","/c/en/profiteer"],"weight":0.20552999999999982},"num_concepts_raised":6076},{"base_id":731,"kind":"top_words","i1":3,"i2":8,"sol":{"path":["/c/en/punic","/c/en/phoenician","/c/en/civilisation","/c/en/civil","/c/en/uncivil"],"weight":0.20749999999999974},"num_concepts_raised":2455},{"base_id":731,"kind":"top_words","i1":3,"i2":9,"sol":{"path":["/c/en/punic","/c/en/phoenician","/c/en/historical","/c/en/ifni"],"weight":0.2098399999999998},"num_concepts_raised":11554},{"base_id":731,"kind":"top_words","i1":4,"i2":5,"sol":{"path":["/c/en/vandalic","/c/en/language","/c/en/symbol","/c/en/smokey_bear","/c/en/defoliant"],"weight":0.20294},"num_concepts_raised":6514},{"base_id":731,"kind":"top_words","i1":4,"i2":6,"sol":{"path":["/c/en/vandalic","/c/en/language","/c/en/french","/c/en/indochina"],"weight":0.20382999999999993},"num_concepts_raised":8476},{"base_id":731,"kind":"top_words","i1":4,"i2":7,"sol":{"path":["/c/en/vandalic","/c/en/vandal","/c/en/savage","/c/en/pejorative","/c/en/profiteer"],"weight":0.20580999999999985},"num_concepts_raised":10110},{"base_id":731,"kind":"top_words","i1":4,"i2":8,"sol":{"path":["/c/en/vandalic","/c/en/vandal","/c/en/savage","/c/en/civilized","/c/en/uncivil"],"weight":0.20580999999999977},"num_concepts_raised":6500},{"base_id":731,"kind":"top_words","i1":4,"i2":9,"sol":{"path":["/c/en/vandalic","/c/en/vandal","/c/en/historical","/c/en/ifni"],"weight":0.2101499999999999},"num_concepts_raised":15525},{"base_id":731,"kind":"top_words","i1":5,"i2":6,"sol":{"path":["/c/en/defoliant","/c/en/compound","/c/en/colonial","/c/en/indochina"],"weight":0.20367999999999992},"num_concepts_raised":5730},{"base_id":731,"kind":"top_words","i1":5,"i2":7,"sol":{"path":["/c/en/defoliant","/c/fr/défoliant","/c/fr/produit","/c/fr/profit","/c/en/profiteer"],"weight":0.20557999999999985},"num_concepts_raised":7302},{"base_id":731,"kind":"top_words","i1":5,"i2":8,"sol":{"path":["/c/en/defoliant","/c/en/compound","/c/en/compounder","/c/en/civil","/c/en/uncivil"],"weight":0.20546999999999976},"num_concepts_raised":3677},{"base_id":731,"kind":"top_words","i1":5,"i2":9,"sol":{"path":["/c/en/defoliant","/c/en/smokey_bear","/c/en/highway","/c/en/coast","/c/en/ifni"],"weight":0.20785999999999988},"num_concepts_raised":12802},{"base_id":731,"kind":"top_words","i1":6,"i2":7,"sol":{"path":["/c/en/indochina","/c/en/peninsula","/c/en/land","/c/en/profit","/c/en/profiteer"],"weight":0.20447999999999977},"num_concepts_raised":9342},{"base_id":731,"kind":"top_words","i1":6,"i2":8,"sol":{"path":["/c/en/indochina","/c/en/vietnam","/c/en/country","/c/xcl/շինական","/c/en/uncivil"],"weight":0.20649999999999968},"num_concepts_raised":5726},{"base_id":731,"kind":"top_words","i1":6,"i2":9,"sol":{"path":["/c/en/indochina","/c/en/asia","/c/en/administrative_region","/c/en/ifni"],"weight":0.2087299999999998},"num_concepts_raised":14626},{"base_id":731,"kind":"top_words","i1":7,"i2":8,"sol":{"path":["/c/en/profiteer","/c/en/capitalist","/c/fi/porvarillinen","/c/en/civil","/c/en/uncivil"],"weight":0.20610999999999963},"num_concepts_raised":7256},{"base_id":731,"kind":"top_words","i1":7,"i2":9,"sol":{"path":["/c/en/profiteer","/c/en/profit","/c/en/price","/c/en/coast","/c/en/ifni"],"weight":0.2086099999999997},"num_concepts_raised":16326},{"base_id":731,"kind":"top_words","i1":8,"i2":9,"sol":{"path":["/c/en/uncivil","/c/en/civil","/c/en/union","/c/en/province","/c/en/ifni"],"weight":0.2104799999999996},"num_concepts_raised":12767}]]