[[{"base_id":244,"kind":"bot_words","i1":0,"i2":1,"sol":{"path":["/c/en/dosimetry","/c/en/measurement","/c/en/pound","/c/en/chisel"],"weight":0.20787999999999968},"num_concepts_raised":24180},{"base_id":244,"kind":"bot_words","i1":0,"i2":2,"sol":{"path":["/c/en/dosimetry","/c/en/science","/c/en/atom","/c/en/rhenium"],"weight":0.2116100000000002},"num_concepts_raised":6500},{"base_id":244,"kind":"bot_words","i1":0,"i2":3,"sol":{"path":["/c/en/dosimetry","/c/en/science","/c/en/television_station","/c/en/bravo"],"weight":0.20887999999999957},"num_concepts_raised":7744},{"base_id":244,"kind":"bot_words","i1":0,"i2":4,"sol":{"path":["/c/en/dosimetry","/c/en/science","/c/en/religion","/c/en/judaism","/c/en/chabad"],"weight":0.20793999999999982},"num_concepts_raised":3511},{"base_id":244,"kind":"bot_words","i1":0,"i2":5,"sol":{"path":["/c/en/dosimetry","/c/en/science","/c/en/area","/c/en/city","/c/en/rawalpindi"],"weight":0.21052999999999986},"num_concepts_raised":6017},{"base_id":244,"kind":"bot_words","i1":0,"i2":6,"sol":{"path":["/c/en/dosimetry","/c/en/science","/c/en/architecture","/c/en/pilaster"],"weight":0.20318999999999984},"num_concepts_raised":12660},{"base_id":244,"kind":"bot_words","i1":0,"i2":7,"sol":{"path":["/c/en/dosimetry","/c/en/science","/c/en/architecture","/c/en/revel","/c/en/revelry"],"weight":0.2042699999999998},"num_concepts_raised":4452},{"base_id":244,"kind":"bot_words","i1":0,"i2":8,"sol":{"path":["/c/en/dosimetry","/c/en/science","/c/en/person","/c/en/autodidact"],"weight":0.20353},"num_concepts_raised":15133},{"base_id":244,"kind":"bot_words","i1":0,"i2":9,"sol":{"path":["/c/en/dosimetry","/c/en/measurement","/c/en/time","/c/en/foregoing"],"weight":0.20299999999999987},"num_concepts_raised":11209},{"base_id":244,"kind":"bot_words","i1":1,"i2":2,"sol":{"path":["/c/en/chisel","/c/en/metal","/c/en/chemical_element","/c/en/rhenium"],"weight":0.21692999999999996},"num_concepts_raised":25697},{"base_id":244,"kind":"bot_words","i1":1,"i2":3,"sol":{"path":["/c/en/chisel","/c/ga/gearrthóir","/c/en/cutter","/c/en/bravo"],"weight":0.21517999999999937},"num_concepts_raised":26867},{"base_id":244,"kind":"bot_words","i1":1,"i2":4,"sol":{"path":["/c/en/chisel","/c/en/tool","/c/en/work","/c/en/tanya","/c/en/chabad"],"weight":0.21554999999999963},"num_concepts_raised":22847},{"base_id":244,"kind":"bot_words","i1":1,"i2":5,"sol":{"path":["/c/en/chisel","/c/en/tool","/c/en/building","/c/en/city","/c/en/rawalpindi"],"weight":0.21822999999999965},"num_concepts_raised":25285},{"base_id":244,"kind":"bot_words","i1":1,"i2":6,"sol":{"path":["/c/en/chisel","/c/en/blade","/c/en/architecture","/c/en/pilaster"],"weight":0.20856999999999964},"num_concepts_raised":31493},{"base_id":244,"kind":"bot_words","i1":1,"i2":7,"sol":{"path":["/c/en/chisel","/c/en/tool","/c/en/slang","/c/en/bambosh","/c/en/revelry"],"weight":0.21095999999999962},"num_concepts_raised":23742},{"base_id":244,"kind":"bot_words","i1":1,"i2":8,"sol":{"path":["/c/en/chisel","/c/en/edge","/c/en/person","/c/en/autodidact"],"weight":0.2088099999999998},"num_concepts_raised":34228},{"base_id":244,"kind":"bot_words","i1":1,"i2":9,"sol":{"path":["/c/en/chisel","/c/en/handle","/c/en/place","/c/en/foregoing"],"weight":0.2083399999999997},"num_concepts_raised":30290},{"base_id":244,"kind":"bot_words","i1":2,"i2":3,"sol":{"path":["/c/en/rhenium","/c/fr/éléments","/c/en/oxygen","/c/en/television_station","/c/en/bravo"],"weight":0.21797999999999987},"num_concepts_raised":9325},{"base_id":244,"kind":"bot_words","i1":2,"i2":4,"sol":{"path":["/c/en/rhenium","/c/en/atom","/c/en/part","/c/en/judaism","/c/en/chabad"],"weight":0.21689000000000014},"num_concepts_raised":5088},{"base_id":244,"kind":"bot_words","i1":2,"i2":5,"sol":{"path":["/c/en/rhenium","/c/fr/éléments","/c/en/sulphur","/c/en/city","/c/en/rawalpindi"],"weight":0.21956000000000017},"num_concepts_raised":7586},{"base_id":244,"kind":"bot_words","i1":2,"i2":6,"sol":{"path":["/c/en/rhenium","/c/mul/re","/c/en/mathematics","/c/en/support","/c/en/pilaster"],"weight":0.21403000000000016},"num_concepts_raised":14269},{"base_id":244,"kind":"bot_words","i1":2,"i2":7,"sol":{"path":["/c/en/rhenium","/c/en/atom","/c/en/time","/c/en/revel","/c/en/revelry"],"weight":0.2132500000000001},"num_concepts_raised":6025},{"base_id":244,"kind":"bot_words","i1":2,"i2":8,"sol":{"path":["/c/en/rhenium","/c/fr/éléments","/c/en/gold","/c/en/person","/c/en/autodidact"],"weight":0.21260000000000032},"num_concepts_raised":16739},{"base_id":244,"kind":"bot_words","i1":2,"i2":9,"sol":{"path":["/c/en/rhenium","/c/en/atom","/c/en/time","/c/en/foregoing"],"weight":0.21199000000000018},"num_concepts_raised":12854},{"base_id":244,"kind":"bot_words","i1":3,"i2":4,"sol":{"path":["/c/en/bravo","/c/en/soldier","/c/en/work","/c/en/tanya","/c/en/chabad"],"weight":0.2140999999999995},"num_concepts_raised":6329},{"base_id":244,"kind":"bot_words","i1":3,"i2":5,"sol":{"path":["/c/en/bravo","/c/en/magazine","/c/en/people","/c/en/city","/c/en/rawalpindi"],"weight":0.21682999999999958},"num_concepts_raised":8814},{"base_id":244,"kind":"bot_words","i1":3,"i2":6,"sol":{"path":["/c/en/bravo","/c/en/magazine","/c/en/column","/c/en/pilaster"],"weight":0.20933999999999953},"num_concepts_raised":15434},{"base_id":244,"kind":"bot_words","i1":3,"i2":7,"sol":{"path":["/c/en/bravo","/c/it/bravo","/c/en/wild","/c/en/riot","/c/en/revelry"],"weight":0.2136399999999995},"num_concepts_raised":7234},{"base_id":244,"kind":"bot_words","i1":3,"i2":8,"sol":{"path":["/c/en/bravo","/c/en/bully","/c/en/person","/c/en/autodidact"],"weight":0.20986999999999967},"num_concepts_raised":17832},{"base_id":244,"kind":"bot_words","i1":3,"i2":9,"sol":{"path":["/c/en/bravo","/c/en/magazine","/c/en/time","/c/en/foregoing"],"weight":0.20931999999999956},"num_concepts_raised":14002},{"base_id":244,"kind":"bot_words","i1":4,"i2":5,"sol":{"path":["/c/en/chabad","/c/en/judaism","/c/en/bima","/c/en/city","/c/en/rawalpindi"],"weight":0.21578999999999982},"num_concepts_raised":4578},{"base_id":244,"kind":"bot_words","i1":4,"i2":6,"sol":{"path":["/c/en/chabad","/c/en/judaism","/c/en/raphael","/c/en/architecture","/c/en/pilaster"],"weight":0.2084599999999998},"num_concepts_raised":11284},{"base_id":244,"kind":"bot_words","i1":4,"i2":7,"sol":{"path":["/c/en/chabad","/c/en/judaism","/c/en/religion","/c/en/saturnalia","/c/en/revelry"],"weight":0.2084999999999998},"num_concepts_raised":3008},{"base_id":244,"kind":"bot_words","i1":4,"i2":8,"sol":{"path":["/c/en/chabad","/c/en/judaism","/c/en/jew","/c/en/person","/c/en/autodidact"],"weight":0.20880999999999997},"num_concepts_raised":13734},{"base_id":244,"kind":"bot_words","i1":4,"i2":9,"sol":{"path":["/c/en/chabad","/c/en/judaism","/c/en/posek","/c/en/precedent","/c/en/foregoing"],"weight":0.20845999999999987},"num_concepts_raised":9882},{"base_id":244,"kind":"bot_words","i1":5,"i2":6,"sol":{"path":["/c/en/rawalpindi","/c/en/city","/c/en/building","/c/en/architecture","/c/en/pilaster"],"weight":0.21113999999999983},"num_concepts_raised":13712},{"base_id":244,"kind":"bot_words","i1":5,"i2":7,"sol":{"path":["/c/en/rawalpindi","/c/en/city","/c/en/people","/c/en/riot","/c/en/revelry"],"weight":0.2111099999999998},"num_concepts_raised":5511},{"base_id":244,"kind":"bot_words","i1":5,"i2":8,"sol":{"path":["/c/en/rawalpindi","/c/en/city","/c/en/human","/c/en/person","/c/en/autodidact"],"weight":0.21145999999999998},"num_concepts_raised":16212},{"base_id":244,"kind":"bot_words","i1":5,"i2":9,"sol":{"path":["/c/en/rawalpindi","/c/en/city","/c/en/place","/c/en/foregoing"],"weight":0.21089999999999987},"num_concepts_raised":12278},{"base_id":244,"kind":"bot_words","i1":6,"i2":7,"sol":{"path":["/c/en/pilaster","/c/en/architecture","/c/en/revel","/c/en/revelry"],"weight":0.20481999999999978},"num_concepts_raised":12202},{"base_id":244,"kind":"bot_words","i1":6,"i2":8,"sol":{"path":["/c/en/pilaster","/c/en/support","/c/en/person","/c/en/autodidact"],"weight":0.20387999999999998},"num_concepts_raised":22801},{"base_id":244,"kind":"bot_words","i1":6,"i2":9,"sol":{"path":["/c/en/pilaster","/c/en/column","/c/en/place","/c/en/foregoing"],"weight":0.20339999999999986},"num_concepts_raised":18841},{"base_id":244,"kind":"bot_words","i1":7,"i2":8,"sol":{"path":["/c/en/revelry","/c/en/revel","/c/en/celebrate","/c/en/person","/c/en/autodidact"],"weight":0.20520999999999995},"num_concepts_raised":14650},{"base_id":244,"kind":"bot_words","i1":7,"i2":9,"sol":{"path":["/c/en/revelry","/c/en/revel","/c/en/time","/c/en/foregoing"],"weight":0.20465999999999984},"num_concepts_raised":10795},{"base_id":244,"kind":"bot_words","i1":8,"i2":9,"sol":{"path":["/c/en/autodidact","/c/en/person","/c/en/time","/c/en/foregoing"],"weight":0.20393},"num_concepts_raised":21298}],[{"base_id":244,"kind":"top_words","i1":0,"i2":1,"sol":{"path":["/c/en/bunny","/c/en/dust_bunny","/c/fi/villakoira","/c/en/poodle"],"weight":0.21711999999999998},"num_concepts_raised":158712},{"base_id":244,"kind":"top_words","i1":0,"i2":2,"sol":{"path":["/c/en/bunny","/c/en/bunny_girl","/c/en/slang","/c/en/porky"],"weight":0.20745999999999964},"num_concepts_raised":157653},{"base_id":244,"kind":"top_words","i1":0,"i2":3,"sol":{"path":["/c/en/bunny","/c/en/uk","/c/en/bulldog"],"weight":0.20400000000000001},"num_concepts_raised":338},{"base_id":244,"kind":"top_words","i1":0,"i2":4,"sol":{"path":["/c/en/bunny","/c/en/squirrel","/c/en/critter"],"weight":0.202},"num_concepts_raised":198},{"base_id":244,"kind":"top_words","i1":0,"i2":5,"sol":{"path":["/c/en/bunny","/c/en/bridge","/c/en/hobo"],"weight":0.202},"num_concepts_raised":241},{"base_id":244,"kind":"top_words","i1":0,"i2":6,"sol":{"path":["/c/en/bunny","/c/en/carrot","/c/en/snowman"],"weight":0.20400000000000001},"num_concepts_raised":297},{"base_id":244,"kind":"top_words","i1":0,"i2":7,"sol":{"path":["/c/en/bunny","/c/en/rabbit","/c/en/kitten"],"weight":0.20500000000000002},"num_concepts_raised":551},{"base_id":244,"kind":"top_words","i1":0,"i2":8,"sol":{"path":["/c/en/bunny","/c/en/rabbit","/c/en/cat","/c/en/pussy"],"weight":0.21304999999999907},"num_concepts_raised":178798},{"base_id":244,"kind":"top_words","i1":0,"i2":9,"sol":{"path":["/c/en/bunny","/c/fi/pupu","/c/en/childish","/c/en/doggie"],"weight":0.20718999999999965},"num_concepts_raised":142842},{"base_id":244,"kind":"top_words","i1":1,"i2":2,"sol":{"path":["/c/en/poodle","/c/en/dog","/c/en/pig","/c/en/porky"],"weight":0.21530000000000016},"num_concepts_raised":41905},{"base_id":244,"kind":"top_words","i1":1,"i2":3,"sol":{"path":["/c/en/poodle","/c/en/dog","/c/en/bulldog"],"weight":0.21000000000000002},"num_concepts_raised":299},{"base_id":244,"kind":"top_words","i1":1,"i2":4,"sol":{"path":["/c/en/poodle","/c/en/dog","/c/en/critter"],"weight":0.20600000000000002},"num_concepts_raised":164},{"base_id":244,"kind":"top_words","i1":1,"i2":5,"sol":{"path":["/c/en/poodle","/c/it/barbone","/c/en/bum","/c/en/hobo"],"weight":0.21695000000000006},"num_concepts_raised":28882},{"base_id":244,"kind":"top_words","i1":1,"i2":6,"sol":{"path":["/c/en/poodle","/c/en/dog","/c/en/slang","/c/en/snowman"],"weight":0.22329000000000046},"num_concepts_raised":45996},{"base_id":244,"kind":"top_words","i1":1,"i2":7,"sol":{"path":["/c/en/poodle","/c/en/dog","/c/en/kitten"],"weight":0.20600000000000002},"num_concepts_raised":523},{"base_id":244,"kind":"top_words","i1":1,"i2":8,"sol":{"path":["/c/en/poodle","/c/en/dog","/c/en/slang","/c/en/pussy"],"weight":0.2206299999999996},"num_concepts_raised":63329},{"base_id":244,"kind":"top_words","i1":1,"i2":9,"sol":{"path":["/c/en/poodle","/c/en/dog","/c/en/doggie"],"weight":0.20600000000000002},"num_concepts_raised":152},{"base_id":244,"kind":"top_words","i1":2,"i2":3,"sol":{"path":["/c/en/porky","/c/en/slang","/c/en/dog","/c/en/bulldog"],"weight":0.21505999999999958},"num_concepts_raised":61975},{"base_id":244,"kind":"top_words","i1":2,"i2":4,"sol":{"path":["/c/en/porky","/c/en/slang","/c/en/animal","/c/en/critter"],"weight":0.2048499999999999},"num_concepts_raised":37939},{"base_id":244,"kind":"top_words","i1":2,"i2":5,"sol":{"path":["/c/en/porky","/c/en/slang","/c/en/bum","/c/en/hobo"],"weight":0.20501999999999973},"num_concepts_raised":27906},{"base_id":244,"kind":"top_words","i1":2,"i2":6,"sol":{"path":["/c/en/porky","/c/en/slang","/c/en/snowman"],"weight":0.20400000000000001},"num_concepts_raised":172},{"base_id":244,"kind":"top_words","i1":2,"i2":7,"sol":{"path":["/c/en/porky","/c/en/slang","/c/en/cat","/c/en/kitten"],"weight":0.2125799999999995},"num_concepts_raised":68505},{"base_id":244,"kind":"top_words","i1":2,"i2":8,"sol":{"path":["/c/en/porky","/c/en/slang","/c/en/pussy"],"weight":0.203},"num_concepts_raised":318},{"base_id":244,"kind":"top_words","i1":2,"i2":9,"sol":{"path":["/c/en/porky","/c/en/pig","/c/en/dog","/c/en/doggie"],"weight":0.20314999999999986},"num_concepts_raised":25940},{"base_id":244,"kind":"top_words","i1":3,"i2":4,"sol":{"path":["/c/en/bulldog","/c/en/dog","/c/en/critter"],"weight":0.20600000000000002},"num_concepts_raised":216},{"base_id":244,"kind":"top_words","i1":3,"i2":5,"sol":{"path":["/c/en/bulldog","/c/en/uk","/c/en/bum","/c/en/hobo"],"weight":0.21253999999999945},"num_concepts_raised":50730},{"base_id":244,"kind":"top_words","i1":3,"i2":6,"sol":{"path":["/c/en/bulldog","/c/en/dog","/c/en/slang","/c/en/snowman"],"weight":0.22307999999999986},"num_concepts_raised":65974},{"base_id":244,"kind":"top_words","i1":3,"i2":7,"sol":{"path":["/c/en/bulldog","/c/en/dog","/c/en/kitten"],"weight":0.20600000000000002},"num_concepts_raised":575},{"base_id":244,"kind":"top_words","i1":3,"i2":8,"sol":{"path":["/c/en/bulldog","/c/en/dog","/c/en/slang","/c/en/pussy"],"weight":0.220419999999999},"num_concepts_raised":83154},{"base_id":244,"kind":"top_words","i1":3,"i2":9,"sol":{"path":["/c/en/bulldog","/c/en/dog","/c/en/doggie"],"weight":0.20600000000000002},"num_concepts_raised":205},{"base_id":244,"kind":"top_words","i1":4,"i2":5,"sol":{"path":["/c/en/critter","/c/en/fish","/c/en/bridge","/c/en/hobo"],"weight":0.20395999999999975},"num_concepts_raised":24617},{"base_id":244,"kind":"top_words","i1":4,"i2":6,"sol":{"path":["/c/en/critter","/c/en/animal","/c/en/slang","/c/en/snowman"],"weight":0.21282000000000018},"num_concepts_raised":42054},{"base_id":244,"kind":"top_words","i1":4,"i2":7,"sol":{"path":["/c/en/critter","/c/en/animal","/c/en/kitten"],"weight":0.20400000000000001},"num_concepts_raised":434},{"base_id":244,"kind":"top_words","i1":4,"i2":8,"sol":{"path":["/c/en/critter","/c/en/creature","/c/en/cat","/c/en/pussy"],"weight":0.21029999999999932},"num_concepts_raised":59439},{"base_id":244,"kind":"top_words","i1":4,"i2":9,"sol":{"path":["/c/en/critter","/c/en/dog","/c/en/doggie"],"weight":0.202},"num_concepts_raised":65},{"base_id":244,"kind":"top_words","i1":5,"i2":6,"sol":{"path":["/c/en/hobo","/c/en/pejorative","/c/pl/bałwan","/c/en/snowman"],"weight":0.21574},"num_concepts_raised":32040},{"base_id":244,"kind":"top_words","i1":5,"i2":7,"sol":{"path":["/c/en/hobo","/c/en/jungle","/c/en/cat","/c/en/kitten"],"weight":0.21277999999999936},"num_concepts_raised":55881},{"base_id":244,"kind":"top_words","i1":5,"i2":8,"sol":{"path":["/c/en/hobo","/c/en/bum","/c/en/slang","/c/en/pussy"],"weight":0.21031999999999917},"num_concepts_raised":49355},{"base_id":244,"kind":"top_words","i1":5,"i2":9,"sol":{"path":["/c/en/hobo","/c/en/bummy","/c/en/childish","/c/en/doggie"],"weight":0.20345999999999975},"num_concepts_raised":12418},{"base_id":244,"kind":"top_words","i1":6,"i2":7,"sol":{"path":["/c/en/snowman","/c/en/slang","/c/en/cat","/c/en/kitten"],"weight":0.22059999999999977},"num_concepts_raised":72383},{"base_id":244,"kind":"top_words","i1":6,"i2":8,"sol":{"path":["/c/en/snowman","/c/en/slang","/c/en/pussy"],"weight":0.20500000000000002},"num_concepts_raised":421},{"base_id":244,"kind":"top_words","i1":6,"i2":9,"sol":{"path":["/c/en/snowman","/c/en/slang","/c/en/dog","/c/en/doggie"],"weight":0.21114000000000016},"num_concepts_raised":30128},{"base_id":244,"kind":"top_words","i1":7,"i2":8,"sol":{"path":["/c/en/kitten","/c/en/cat","/c/en/pussy"],"weight":0.20500000000000002},"num_concepts_raised":669},{"base_id":244,"kind":"top_words","i1":7,"i2":9,"sol":{"path":["/c/en/kitten","/c/en/bed","/c/en/doggie"],"weight":0.202},"num_concepts_raised":422},{"base_id":244,"kind":"top_words","i1":8,"i2":9,"sol":{"path":["/c/en/pussy","/c/en/slang","/c/en/dog","/c/en/doggie"],"weight":0.2084799999999993},"num_concepts_raised":47604}]]