[[{"base_id":473,"kind":"bot_words","i1":0,"i2":1,"sol":{"path":["/c/en/wuxi","/c/en/city","/c/en/core","/c/en/corncob"],"weight":0.2091199999999998},"num_concepts_raised":20278},{"base_id":473,"kind":"bot_words","i1":0,"i2":2,"sol":{"path":["/c/en/wuxi","/c/en/jiangsu","/c/en/china","/c/en/crystal","/c/en/piezoelectricity"],"weight":0.21054999999999977},"num_concepts_raised":20054},{"base_id":473,"kind":"bot_words","i1":0,"i2":3,"sol":{"path":["/c/en/wuxi","/c/en/city","/c/fa/نیلی","/c/en/azure"],"weight":0.21804999999999963},"num_concepts_raised":12633},{"base_id":473,"kind":"bot_words","i1":0,"i2":4,"sol":{"path":["/c/en/wuxi","/c/en/city","/c/ja/弥勒","/c/en/buddhism","/c/en/theravada"],"weight":0.21662999999999963},"num_concepts_raised":9557},{"base_id":473,"kind":"bot_words","i1":0,"i2":5,"sol":{"path":["/c/en/wuxi","/c/en/city","/c/en/location","/c/en/forward_link","/c/en/uplink"],"weight":0.20923999999999982},"num_concepts_raised":5831},{"base_id":473,"kind":"bot_words","i1":0,"i2":6,"sol":{"path":["/c/en/wuxi","/c/en/city","/c/en/cars","/c/en/doughnut","/c/en/toroidal"],"weight":0.20824999999999977},"num_concepts_raised":5212},{"base_id":473,"kind":"bot_words","i1":0,"i2":7,"sol":{"path":["/c/en/wuxi","/c/en/city","/c/en/san_diego","/c/en/jacob","/c/en/reuben"],"weight":0.21411999999999978},"num_concepts_raised":7454},{"base_id":473,"kind":"bot_words","i1":0,"i2":8,"sol":{"path":["/c/en/wuxi","/c/en/city","/c/en/soccer","/c/en/ball"],"weight":0.24679000000000512},"num_concepts_raised":208225},{"base_id":473,"kind":"bot_words","i1":0,"i2":9,"sol":{"path":["/c/en/wuxi","/c/en/city","/c/en/new","/c/en/idea","/c/en/ideas"],"weight":0.2094999999999997},"num_concepts_raised":20862},{"base_id":473,"kind":"bot_words","i1":1,"i2":2,"sol":{"path":["/c/en/corncob","/c/en/disintegrate","/c/en/physics","/c/en/piezoelectricity"],"weight":0.20413999999999988},"num_concepts_raised":33327},{"base_id":473,"kind":"bot_words","i1":1,"i2":3,"sol":{"path":["/c/en/corncob","/c/en/yellow","/c/en/blue","/c/en/azure"],"weight":0.2191599999999997},"num_concepts_raised":25783},{"base_id":473,"kind":"bot_words","i1":1,"i2":4,"sol":{"path":["/c/en/corncob","/c/es/tusa","/c/en/woman","/c/en/theravada"],"weight":0.21079999999999977},"num_concepts_raised":23021},{"base_id":473,"kind":"bot_words","i1":1,"i2":5,"sol":{"path":["/c/en/corncob","/c/en/core","/c/en/data","/c/en/uplink"],"weight":0.2036999999999999},"num_concepts_raised":19276},{"base_id":473,"kind":"bot_words","i1":1,"i2":6,"sol":{"path":["/c/en/corncob","/c/en/axis","/c/en/toroid","/c/en/toroidal"],"weight":0.20478999999999986},"num_concepts_raised":18614},{"base_id":473,"kind":"bot_words","i1":1,"i2":7,"sol":{"path":["/c/en/corncob","/c/en/corn","/c/en/corned_beef","/c/en/reuben"],"weight":0.2107599999999999},"num_concepts_raised":20866},{"base_id":473,"kind":"bot_words","i1":1,"i2":8,"sol":{"path":["/c/en/corncob","/c/en/us","/c/en/football","/c/en/ball"],"weight":0.24512000000000522},"num_concepts_raised":217593},{"base_id":473,"kind":"bot_words","i1":1,"i2":9,"sol":{"path":["/c/en/corncob","/c/en/us","/c/en/plan","/c/en/ideas"],"weight":0.2040499999999998},"num_concepts_raised":33951},{"base_id":473,"kind":"bot_words","i1":2,"i2":3,"sol":{"path":["/c/en/piezoelectricity","/c/en/physics","/c/en/color","/c/en/azure"],"weight":0.21342999999999973},"num_concepts_raised":25704},{"base_id":473,"kind":"bot_words","i1":2,"i2":4,"sol":{"path":["/c/en/piezoelectricity","/c/en/physics","/c/ja/力","/c/en/buddhism","/c/en/theravada"],"weight":0.21169999999999972},"num_concepts_raised":22742},{"base_id":473,"kind":"bot_words","i1":2,"i2":5,"sol":{"path":["/c/en/piezoelectricity","/c/en/voltage","/c/en/relay","/c/en/reverse_link","/c/en/uplink"],"weight":0.20419999999999988},"num_concepts_raised":18963},{"base_id":473,"kind":"bot_words","i1":2,"i2":6,"sol":{"path":["/c/en/piezoelectricity","/c/en/physics","/c/en/ringhole","/c/en/toroidal"],"weight":0.20327999999999982},"num_concepts_raised":18315},{"base_id":473,"kind":"bot_words","i1":2,"i2":7,"sol":{"path":["/c/en/piezoelectricity","/c/en/piezoelectric","/c/en/material","/c/en/sandwich","/c/en/reuben"],"weight":0.21000999999999986},"num_concepts_raised":20642},{"base_id":473,"kind":"bot_words","i1":2,"i2":8,"sol":{"path":["/c/en/piezoelectricity","/c/en/crystal","/c/en/slang","/c/en/ball"],"weight":0.24071000000000514},"num_concepts_raised":220260},{"base_id":473,"kind":"bot_words","i1":2,"i2":9,"sol":{"path":["/c/en/piezoelectricity","/c/en/physics","/c/en/light","/c/en/ideas"],"weight":0.20356999999999975},"num_concepts_raised":33622},{"base_id":473,"kind":"bot_words","i1":3,"i2":4,"sol":{"path":["/c/en/azure","/c/en/blue","/c/en/woman","/c/en/theravada"],"weight":0.22416999999999954},"num_concepts_raised":15336},{"base_id":473,"kind":"bot_words","i1":3,"i2":5,"sol":{"path":["/c/en/azure","/c/en/a","/c/en/data","/c/en/uplink"],"weight":0.21059999999999973},"num_concepts_raised":11591},{"base_id":473,"kind":"bot_words","i1":3,"i2":6,"sol":{"path":["/c/en/azure","/c/en/blue","/c/en/ring","/c/en/toroid","/c/en/toroidal"],"weight":0.21922999999999965},"num_concepts_raised":10947},{"base_id":473,"kind":"bot_words","i1":3,"i2":7,"sol":{"path":["/c/en/azure","/c/en/a","/c/en/biblical","/c/en/reuben"],"weight":0.21647999999999973},"num_concepts_raised":13224},{"base_id":473,"kind":"bot_words","i1":3,"i2":8,"sol":{"path":["/c/en/azure","/c/en/blue","/c/en/slang","/c/en/ball"],"weight":0.255780000000005},"num_concepts_raised":212560},{"base_id":473,"kind":"bot_words","i1":3,"i2":9,"sol":{"path":["/c/en/azure","/c/en/blue","/c/en/light","/c/en/ideas"],"weight":0.21840999999999958},"num_concepts_raised":26262},{"base_id":473,"kind":"bot_words","i1":4,"i2":5,"sol":{"path":["/c/en/theravada","/c/en/buddhist","/c/en/follower","/c/en/satellite","/c/en/uplink"],"weight":0.20897999999999978},"num_concepts_raised":8544},{"base_id":473,"kind":"bot_words","i1":4,"i2":6,"sol":{"path":["/c/en/theravada","/c/en/buddhism","/c/ja/色","/c/en/shape","/c/en/toroidal"],"weight":0.21128999999999967},"num_concepts_raised":7906},{"base_id":473,"kind":"bot_words","i1":4,"i2":7,"sol":{"path":["/c/en/theravada","/c/en/buddhism","/c/en/nat","/c/en/given_name","/c/en/reuben"],"weight":0.21710999999999972},"num_concepts_raised":10164},{"base_id":473,"kind":"bot_words","i1":4,"i2":8,"sol":{"path":["/c/en/theravada","/c/en/woman","/c/en/balloon","/c/en/ball"],"weight":0.24513000000000507},"num_concepts_raised":210660},{"base_id":473,"kind":"bot_words","i1":4,"i2":9,"sol":{"path":["/c/en/theravada","/c/en/buddhism","/c/en/mind","/c/en/idea","/c/en/ideas"],"weight":0.2127399999999996},"num_concepts_raised":23566},{"base_id":473,"kind":"bot_words","i1":5,"i2":6,"sol":{"path":["/c/en/uplink","/c/en/data","/c/en/shape","/c/en/toroidal"],"weight":0.20280999999999988},"num_concepts_raised":4151},{"base_id":473,"kind":"bot_words","i1":5,"i2":7,"sol":{"path":["/c/en/uplink","/c/en/satellite","/c/en/state","/c/en/tribe","/c/en/reuben"],"weight":0.2087199999999999},"num_concepts_raised":6428},{"base_id":473,"kind":"bot_words","i1":5,"i2":8,"sol":{"path":["/c/en/uplink","/c/en/link","/c/en/round","/c/en/ball"],"weight":0.2396100000000052},"num_concepts_raised":207187},{"base_id":473,"kind":"bot_words","i1":5,"i2":9,"sol":{"path":["/c/en/uplink","/c/en/data","/c/en/idea","/c/en/ideas"],"weight":0.2040799999999998},"num_concepts_raised":19769},{"base_id":473,"kind":"bot_words","i1":6,"i2":7,"sol":{"path":["/c/en/toroidal","/c/en/shape","/c/en/form","/c/en/sandwich","/c/en/reuben"],"weight":0.20876999999999982},"num_concepts_raised":5792},{"base_id":473,"kind":"bot_words","i1":6,"i2":8,"sol":{"path":["/c/en/toroidal","/c/en/shape","/c/en/ball"],"weight":0.20600000000000002},"num_concepts_raised":1730},{"base_id":473,"kind":"bot_words","i1":6,"i2":9,"sol":{"path":["/c/en/toroidal","/c/en/shape","/c/en/idea","/c/en/ideas"],"weight":0.20414999999999972},"num_concepts_raised":19125},{"base_id":473,"kind":"bot_words","i1":7,"i2":8,"sol":{"path":["/c/en/reuben","/c/en/sandwich","/c/en/roll","/c/en/ball"],"weight":0.24890000000000517},"num_concepts_raised":208854},{"base_id":473,"kind":"bot_words","i1":7,"i2":9,"sol":{"path":["/c/en/reuben","/c/he/ראה","/c/en/consider","/c/en/idea","/c/en/ideas"],"weight":0.21005999999999975},"num_concepts_raised":21454},{"base_id":473,"kind":"bot_words","i1":8,"i2":9,"sol":{"path":["/c/en/ball","/c/en/roll","/c/en/change","/c/en/ideas"],"weight":0.2434900000000051},"num_concepts_raised":219355}],[{"base_id":473,"kind":"top_words","i1":0,"i2":1,"sol":{"path":["/c/en/hobnob","/c/en/informal","/c/en/dress","/c/en/oneself"],"weight":0.2117899999999972},"num_concepts_raised":50260},{"base_id":473,"kind":"top_words","i1":0,"i2":2,"sol":{"path":["/c/en/hobnob","/c/en/socialize","/c/en/speak","/c/en/state","/c/en/dhimmi"],"weight":0.20803999999999978},"num_concepts_raised":15556},{"base_id":473,"kind":"top_words","i1":0,"i2":3,"sol":{"path":["/c/en/hobnob","/c/en/socialize","/c/en/go_to_pub","/c/en/awake","/c/en/awaking"],"weight":0.2052299999999997},"num_concepts_raised":8950},{"base_id":473,"kind":"top_words","i1":0,"i2":4,"sol":{"path":["/c/en/hobnob","/c/en/socialize","/c/en/change","/c/en/decimalization","/c/en/decimalisation"],"weight":0.2098999999999998},"num_concepts_raised":3678},{"base_id":473,"kind":"top_words","i1":0,"i2":5,"sol":{"path":["/c/en/hobnob","/c/en/informal","/c/en/slang","/c/en/sacrifice","/c/en/immolate"],"weight":0.20361999999999986},"num_concepts_raised":4052},{"base_id":473,"kind":"top_words","i1":0,"i2":6,"sol":{"path":["/c/en/hobnob","/c/en/chat","/c/en/potato","/c/en/apartment","/c/en/kitchenette"],"weight":0.2041599999999998},"num_concepts_raised":7527},{"base_id":473,"kind":"top_words","i1":0,"i2":7,"sol":{"path":["/c/en/hobnob","/c/en/informal","/c/en/locker_room","/c/en/showering"],"weight":0.20260999999999985},"num_concepts_raised":8690},{"base_id":473,"kind":"top_words","i1":0,"i2":8,"sol":{"path":["/c/en/hobnob","/c/en/informal","/c/en/dress","/c/en/medicine","/c/en/medicate"],"weight":0.20570999999999978},"num_concepts_raised":29157},{"base_id":473,"kind":"top_words","i1":0,"i2":9,"sol":{"path":["/c/en/hobnob","/c/en/socialize","/c/en/dance","/c/en/person","/c/en/eumenes"],"weight":0.2078799999999998},"num_concepts_raised":13865},{"base_id":473,"kind":"top_words","i1":1,"i2":2,"sol":{"path":["/c/en/oneself","/c/en/self","/c/en/subject","/c/en/dhimmi"],"weight":0.2205699999999971},"num_concepts_raised":62415},{"base_id":473,"kind":"top_words","i1":1,"i2":3,"sol":{"path":["/c/en/oneself","/c/en/self","/c/en/consciousness","/c/en/awaking"],"weight":0.21559999999999702},"num_concepts_raised":56065},{"base_id":473,"kind":"top_words","i1":1,"i2":4,"sol":{"path":["/c/en/oneself","/c/en/self","/c/en/poverty_trap","/c/en/united_kingdom","/c/en/decimalisation"],"weight":0.22036999999999715},"num_concepts_raised":51209},{"base_id":473,"kind":"top_words","i1":1,"i2":5,"sol":{"path":["/c/en/oneself","/c/zh/捨命","/c/en/sacrifice","/c/en/immolate"],"weight":0.2126799999999972},"num_concepts_raised":51557},{"base_id":473,"kind":"top_words","i1":1,"i2":6,"sol":{"path":["/c/en/oneself","/c/en/person","/c/en/cook","/c/en/kitchenette"],"weight":0.21274999999999716},"num_concepts_raised":54645},{"base_id":473,"kind":"top_words","i1":1,"i2":7,"sol":{"path":["/c/en/oneself","/c/en/shower","/c/en/showering"],"weight":0.203},"num_concepts_raised":842},{"base_id":473,"kind":"top_words","i1":1,"i2":8,"sol":{"path":["/c/en/oneself","/c/en/soap","/c/en/medicine","/c/en/medicate"],"weight":0.21489999999999715},"num_concepts_raised":76240},{"base_id":473,"kind":"top_words","i1":1,"i2":9,"sol":{"path":["/c/en/oneself","/c/en/person","/c/en/eumenes"],"weight":0.20400000000000001},"num_concepts_raised":862},{"base_id":473,"kind":"top_words","i1":2,"i2":3,"sol":{"path":["/c/en/dhimmi","/c/en/state","/c/en/shock","/c/en/awaking"],"weight":0.2084599999999996},"num_concepts_raised":21723},{"base_id":473,"kind":"top_words","i1":2,"i2":4,"sol":{"path":["/c/en/dhimmi","/c/en/historical","/c/en/penny","/c/en/decimalisation"],"weight":0.21327999999999975},"num_concepts_raised":16420},{"base_id":473,"kind":"top_words","i1":2,"i2":5,"sol":{"path":["/c/en/dhimmi","/c/en/islam","/c/fr/religion","/c/fr/immoler","/c/en/immolate"],"weight":0.2107999999999998},"num_concepts_raised":16888},{"base_id":473,"kind":"top_words","i1":2,"i2":6,"sol":{"path":["/c/en/dhimmi","/c/en/state","/c/en/unit","/c/en/apartment","/c/en/kitchenette"],"weight":0.20955999999999975},"num_concepts_raised":20286},{"base_id":473,"kind":"top_words","i1":2,"i2":7,"sol":{"path":["/c/en/dhimmi","/c/en/state","/c/en/water","/c/en/showering"],"weight":0.20807999999999977},"num_concepts_raised":21462},{"base_id":473,"kind":"top_words","i1":2,"i2":8,"sol":{"path":["/c/en/dhimmi","/c/en/subject","/c/en/treat","/c/en/medicate"],"weight":0.2086599999999997},"num_concepts_raised":41832},{"base_id":473,"kind":"top_words","i1":2,"i2":9,"sol":{"path":["/c/en/dhimmi","/c/en/subject","/c/en/person","/c/en/eumenes"],"weight":0.2132299999999997},"num_concepts_raised":26479},{"base_id":473,"kind":"top_words","i1":3,"i2":4,"sol":{"path":["/c/en/awaking","/c/en/shock","/c/en/old","/c/en/penny","/c/en/decimalisation"],"weight":0.20835999999999966},"num_concepts_raised":9922},{"base_id":473,"kind":"top_words","i1":3,"i2":5,"sol":{"path":["/c/en/awaking","/c/en/stretch","/c/en/give","/c/fi/uhrata","/c/en/immolate"],"weight":0.20464999999999972},"num_concepts_raised":10303},{"base_id":473,"kind":"top_words","i1":3,"i2":6,"sol":{"path":["/c/en/awaking","/c/en/protection","/c/en/house","/c/en/kitchenette"],"weight":0.20354999999999968},"num_concepts_raised":13712},{"base_id":473,"kind":"top_words","i1":3,"i2":7,"sol":{"path":["/c/en/awaking","/c/en/coffee","/c/en/water","/c/en/showering"],"weight":0.2031399999999997},"num_concepts_raised":14828},{"base_id":473,"kind":"top_words","i1":3,"i2":8,"sol":{"path":["/c/en/awaking","/c/en/irritability","/c/en/medicine","/c/en/medicate"],"weight":0.20607999999999965},"num_concepts_raised":35186},{"base_id":473,"kind":"top_words","i1":3,"i2":9,"sol":{"path":["/c/en/awaking","/c/en/stretch","/c/en/person","/c/en/eumenes"],"weight":0.20833999999999964},"num_concepts_raised":20009},{"base_id":473,"kind":"top_words","i1":4,"i2":5,"sol":{"path":["/c/en/decimalisation","/c/en/penny","/c/en/slang","/c/en/sacrifice","/c/en/immolate"],"weight":0.20887999999999984},"num_concepts_raised":5034},{"base_id":473,"kind":"top_words","i1":4,"i2":6,"sol":{"path":["/c/en/decimalisation","/c/en/decimalization","/c/en/change","/c/en/cook","/c/en/kitchenette"],"weight":0.21042999999999978},"num_concepts_raised":8476},{"base_id":473,"kind":"top_words","i1":4,"i2":7,"sol":{"path":["/c/en/decimalisation","/c/en/decimalization","/c/en/tosh","/c/en/wash","/c/en/showering"],"weight":0.20987999999999984},"num_concepts_raised":9654},{"base_id":473,"kind":"top_words","i1":4,"i2":8,"sol":{"path":["/c/en/decimalisation","/c/en/penny","/c/en/slang","/c/en/medicine","/c/en/medicate"],"weight":0.21095999999999976},"num_concepts_raised":30128},{"base_id":473,"kind":"top_words","i1":4,"i2":9,"sol":{"path":["/c/en/decimalisation","/c/en/decimalization","/c/en/change","/c/en/person","/c/en/eumenes"],"weight":0.21508999999999978},"num_concepts_raised":14841},{"base_id":473,"kind":"top_words","i1":5,"i2":6,"sol":{"path":["/c/en/immolate","/c/en/sacrifice","/c/en/film","/c/en/apartment","/c/en/kitchenette"],"weight":0.20510999999999985},"num_concepts_raised":8874},{"base_id":473,"kind":"top_words","i1":5,"i2":7,"sol":{"path":["/c/en/immolate","/c/fi/uhrata","/c/en/give","/c/en/shower","/c/en/showering"],"weight":0.20523999999999987},"num_concepts_raised":10041},{"base_id":473,"kind":"top_words","i1":5,"i2":8,"sol":{"path":["/c/en/immolate","/c/en/sacrifice","/c/en/slang","/c/en/medicine","/c/en/medicate"],"weight":0.20665999999999982},"num_concepts_raised":30506},{"base_id":473,"kind":"top_words","i1":5,"i2":9,"sol":{"path":["/c/en/immolate","/c/fr/immoler","/c/fr/quelqu’_un","/c/en/person","/c/en/eumenes"],"weight":0.21051999999999982},"num_concepts_raised":15218},{"base_id":473,"kind":"top_words","i1":6,"i2":7,"sol":{"path":["/c/en/kitchenette","/c/en/house","/c/en/shower","/c/en/showering"],"weight":0.20419999999999985},"num_concepts_raised":13381},{"base_id":473,"kind":"top_words","i1":6,"i2":8,"sol":{"path":["/c/en/kitchenette","/c/en/cook","/c/en/drug","/c/en/medicate"],"weight":0.2039399999999998},"num_concepts_raised":33915},{"base_id":473,"kind":"top_words","i1":6,"i2":9,"sol":{"path":["/c/en/kitchenette","/c/en/cook","/c/en/person","/c/en/eumenes"],"weight":0.20839999999999978},"num_concepts_raised":18582},{"base_id":473,"kind":"top_words","i1":7,"i2":8,"sol":{"path":["/c/en/showering","/c/en/water","/c/en/medicine","/c/en/medicate"],"weight":0.20575999999999983},"num_concepts_raised":35008},{"base_id":473,"kind":"top_words","i1":7,"i2":9,"sol":{"path":["/c/en/showering","/c/en/water","/c/en/person","/c/en/eumenes"],"weight":0.20791999999999983},"num_concepts_raised":19767},{"base_id":473,"kind":"top_words","i1":8,"i2":9,"sol":{"path":["/c/en/medicate","/c/en/drugs","/c/en/person","/c/en/eumenes"],"weight":0.20845999999999976},"num_concepts_raised":40232}]]