[[{"base_id":795,"kind":"bot_words","i1":0,"i2":1,"sol":{"path":["/c/en/dendrochronology","/c/en/biology","/c/en/acclimatization"],"weight":0.202},"num_concepts_raised":115},{"base_id":795,"kind":"bot_words","i1":0,"i2":2,"sol":{"path":["/c/en/dendrochronology","/c/en/growth_ring","/c/en/trunk","/c/en/insect","/c/en/gelechiidae"],"weight":0.20966000000000007},"num_concepts_raised":17466},{"base_id":795,"kind":"bot_words","i1":0,"i2":3,"sol":{"path":["/c/en/dendrochronology","/c/en/biology","/c/ru/материк","/c/en/mainland","/c/en/mainlander"],"weight":0.2047500000000001},"num_concepts_raised":16644},{"base_id":795,"kind":"bot_words","i1":0,"i2":4,"sol":{"path":["/c/en/dendrochronology","/c/en/biology","/c/en/genus","/c/en/foxglove"],"weight":0.20469000000000015},"num_concepts_raised":27250},{"base_id":795,"kind":"bot_words","i1":0,"i2":5,"sol":{"path":["/c/en/dendrochronology","/c/en/exact","/c/en/loose","/c/en/loosen"],"weight":0.21904999999999947},"num_concepts_raised":30941},{"base_id":795,"kind":"bot_words","i1":0,"i2":6,"sol":{"path":["/c/en/dendrochronology","/c/en/year","/c/en/group","/c/en/bunch"],"weight":0.21216999999999922},"num_concepts_raised":71429},{"base_id":795,"kind":"bot_words","i1":0,"i2":7,"sol":{"path":["/c/en/dendrochronology","/c/en/science","/c/en/person","/c/en/bermudian"],"weight":0.2037000000000001},"num_concepts_raised":27592},{"base_id":795,"kind":"bot_words","i1":0,"i2":8,"sol":{"path":["/c/en/dendrochronology","/c/en/science","/c/en/person","/c/en/troglodyte"],"weight":0.2042500000000001},"num_concepts_raised":39731},{"base_id":795,"kind":"bot_words","i1":0,"i2":9,"sol":{"path":["/c/en/dendrochronology","/c/en/dendroclimatology","/c/en/historical","/c/en/nyasaland","/c/en/malawi"],"weight":0.2149400000000004},"num_concepts_raised":26105},{"base_id":795,"kind":"bot_words","i1":1,"i2":2,"sol":{"path":["/c/en/acclimatization","/c/en/adaptation","/c/en/domatium","/c/en/insect","/c/en/gelechiidae"],"weight":0.2088299999999999},"num_concepts_raised":9969},{"base_id":795,"kind":"bot_words","i1":1,"i2":3,"sol":{"path":["/c/en/acclimatization","/c/en/biology","/c/ru/материк","/c/en/mainland","/c/en/mainlander"],"weight":0.2047599999999999},"num_concepts_raised":9139},{"base_id":795,"kind":"bot_words","i1":1,"i2":4,"sol":{"path":["/c/en/acclimatization","/c/en/organism","/c/en/genus","/c/en/foxglove"],"weight":0.20471999999999996},"num_concepts_raised":20037},{"base_id":795,"kind":"bot_words","i1":1,"i2":5,"sol":{"path":["/c/en/acclimatization","/c/en/adaptation","/c/en/change","/c/en/loosen"],"weight":0.2128399999999993},"num_concepts_raised":23563},{"base_id":795,"kind":"bot_words","i1":1,"i2":6,"sol":{"path":["/c/en/acclimatization","/c/en/biology","/c/en/bundle","/c/en/bunch"],"weight":0.21124999999999902},"num_concepts_raised":64752},{"base_id":795,"kind":"bot_words","i1":1,"i2":7,"sol":{"path":["/c/en/acclimatization","/c/en/organism","/c/en/person","/c/en/bermudian"],"weight":0.20367999999999992},"num_concepts_raised":20191},{"base_id":795,"kind":"bot_words","i1":1,"i2":8,"sol":{"path":["/c/en/acclimatization","/c/en/organism","/c/en/person","/c/en/troglodyte"],"weight":0.2042299999999999},"num_concepts_raised":32509},{"base_id":795,"kind":"bot_words","i1":1,"i2":9,"sol":{"path":["/c/en/acclimatization","/c/fr/acclimatation","/c/fr/acclimater","/c/fr/pays","/c/en/malawi"],"weight":0.21492000000000022},"num_concepts_raised":18685},{"base_id":795,"kind":"bot_words","i1":2,"i2":3,"sol":{"path":["/c/en/gelechiidae","/c/en/insect","/c/en/fly","/c/en/land","/c/en/mainland","/c/en/mainlander"],"weight":0.21217019999999956},"num_concepts_raised":285500},{"base_id":795,"kind":"bot_words","i1":2,"i2":4,"sol":{"path":["/c/en/gelechiidae","/c/en/arthropod_family","/c/en/family","/c/en/digitalis","/c/en/foxglove"],"weight":0.21135999999999994},"num_concepts_raised":15365},{"base_id":795,"kind":"bot_words","i1":2,"i2":5,"sol":{"path":["/c/en/gelechiidae","/c/en/insect","/c/en/bug","/c/en/tease","/c/en/loosen"],"weight":0.21693999999999924},"num_concepts_raised":18898},{"base_id":795,"kind":"bot_words","i1":2,"i2":6,"sol":{"path":["/c/en/gelechiidae","/c/en/insect","/c/en/group","/c/en/bunch"],"weight":0.216409999999999},"num_concepts_raised":60377},{"base_id":795,"kind":"bot_words","i1":2,"i2":7,"sol":{"path":["/c/en/gelechiidae","/c/en/insect","/c/en/animal","/c/en/person","/c/en/bermudian"],"weight":0.20784999999999987},"num_concepts_raised":15493},{"base_id":795,"kind":"bot_words","i1":2,"i2":8,"sol":{"path":["/c/en/gelechiidae","/c/en/insect","/c/en/animal","/c/nl/holbewoner","/c/en/troglodyte"],"weight":0.20943999999999988},"num_concepts_raised":27911},{"base_id":795,"kind":"bot_words","i1":2,"i2":9,"sol":{"path":["/c/en/gelechiidae","/c/en/insect","/c/en/generic","/c/en/country","/c/en/malawi"],"weight":0.21631000000000017},"num_concepts_raised":13992},{"base_id":795,"kind":"bot_words","i1":3,"i2":4,"sol":{"path":["/c/en/mainlander","/c/en/mainland","/c/en/continent","/c/en/old_world","/c/en/foxglove"],"weight":0.20488999999999996},"num_concepts_raised":14551},{"base_id":795,"kind":"bot_words","i1":3,"i2":5,"sol":{"path":["/c/en/mainlander","/c/en/hong_kong","/c/fr/localités","/c/en/loose","/c/en/loosen"],"weight":0.21840999999999927},"num_concepts_raised":18028},{"base_id":795,"kind":"bot_words","i1":3,"i2":6,"sol":{"path":["/c/en/mainlander","/c/en/mainland","/c/en/land","/c/en/lot","/c/en/bunch"],"weight":0.21266999999999903},"num_concepts_raised":59571},{"base_id":795,"kind":"bot_words","i1":3,"i2":7,"sol":{"path":["/c/en/mainlander","/c/en/mainland","/c/en/country","/c/en/bermuda","/c/en/bermudian"],"weight":0.2048799999999999},"num_concepts_raised":14634},{"base_id":795,"kind":"bot_words","i1":3,"i2":8,"sol":{"path":["/c/en/mainlander","/c/en/mainland","/c/zh/軟件","/c/en/software","/c/en/troglodyte"],"weight":0.2044499999999999},"num_concepts_raised":27039},{"base_id":795,"kind":"bot_words","i1":3,"i2":9,"sol":{"path":["/c/en/mainlander","/c/en/mainland","/c/en/country","/c/en/malawi"],"weight":0.2123500000000002},"num_concepts_raised":13056},{"base_id":795,"kind":"bot_words","i1":4,"i2":5,"sol":{"path":["/c/en/foxglove","/c/en/genus","/c/en/ruffle","/c/en/loosen"],"weight":0.21273999999999935},"num_concepts_raised":28985},{"base_id":795,"kind":"bot_words","i1":4,"i2":6,"sol":{"path":["/c/en/foxglove","/c/fr/botanique","/c/fr/grappe","/c/en/bunch"],"weight":0.21358999999999906},"num_concepts_raised":69870},{"base_id":795,"kind":"bot_words","i1":4,"i2":7,"sol":{"path":["/c/en/foxglove","/c/en/digitalis","/c/en/plant","/c/en/person","/c/en/bermudian"],"weight":0.20639999999999994},"num_concepts_raised":25590},{"base_id":795,"kind":"bot_words","i1":4,"i2":8,"sol":{"path":["/c/en/foxglove","/c/fr/digitale","/c/fr/famille","/c/fr/troglodyte","/c/en/troglodyte"],"weight":0.20785999999999996},"num_concepts_raised":37947},{"base_id":795,"kind":"bot_words","i1":4,"i2":9,"sol":{"path":["/c/en/foxglove","/c/en/fox","/c/en/english_language","/c/en/malawi"],"weight":0.21220000000000028},"num_concepts_raised":24061},{"base_id":795,"kind":"bot_words","i1":5,"i2":6,"sol":{"path":["/c/en/loosen","/c/en/knot","/c/en/bunch"],"weight":0.20500000000000002},"num_concepts_raised":758},{"base_id":795,"kind":"bot_words","i1":5,"i2":7,"sol":{"path":["/c/en/loosen","/c/en/change","/c/en/person","/c/en/bermudian"],"weight":0.21184999999999926},"num_concepts_raised":28932},{"base_id":795,"kind":"bot_words","i1":5,"i2":8,"sol":{"path":["/c/en/loosen","/c/hy/թուլանալ","/c/en/cave","/c/en/troglodyte"],"weight":0.2124399999999993},"num_concepts_raised":41114},{"base_id":795,"kind":"bot_words","i1":5,"i2":9,"sol":{"path":["/c/en/loosen","/c/en/ease","/c/en/state","/c/en/malawi"],"weight":0.2203899999999996},"num_concepts_raised":27475},{"base_id":795,"kind":"bot_words","i1":6,"i2":7,"sol":{"path":["/c/en/bunch","/c/en/group","/c/en/person","/c/en/bermudian"],"weight":0.211499999999999},"num_concepts_raised":69837},{"base_id":795,"kind":"bot_words","i1":6,"i2":8,"sol":{"path":["/c/en/bunch","/c/en/cluster","/c/en/computing","/c/en/troglodyte"],"weight":0.215249999999999},"num_concepts_raised":81311},{"base_id":795,"kind":"bot_words","i1":6,"i2":9,"sol":{"path":["/c/en/bunch","/c/en/group","/c/en/country","/c/en/malawi"],"weight":0.2199199999999993},"num_concepts_raised":68475},{"base_id":795,"kind":"bot_words","i1":7,"i2":8,"sol":{"path":["/c/en/bermudian","/c/en/person","/c/en/troglodyte"],"weight":0.202},"num_concepts_raised":82},{"base_id":795,"kind":"bot_words","i1":7,"i2":9,"sol":{"path":["/c/en/bermudian","/c/en/bermuda","/c/en/country","/c/en/malawi"],"weight":0.2122800000000002},"num_concepts_raised":24048},{"base_id":795,"kind":"bot_words","i1":8,"i2":9,"sol":{"path":["/c/en/troglodyte","/c/en/person","/c/en/malawian","/c/en/malawi"],"weight":0.2116800000000002},"num_concepts_raised":36374}],[{"base_id":795,"kind":"top_words","i1":0,"i2":1,"sol":{"path":["/c/en/california","/c/en/alameda"],"weight":0.20600000000000002},"num_concepts_raised":805},{"base_id":795,"kind":"top_words","i1":0,"i2":2,"sol":{"path":["/c/en/california","/c/en/bishop","/c/en/religion","/c/en/pomona"],"weight":0.22332999999999809},"num_concepts_raised":156832},{"base_id":795,"kind":"top_words","i1":0,"i2":3,"sol":{"path":["/c/en/california","/c/fr/localités","/c/en/hill","/c/en/foothill"],"weight":0.2201999999999982},"num_concepts_raised":153597},{"base_id":795,"kind":"top_words","i1":0,"i2":4,"sol":{"path":["/c/en/california","/c/en/chatsworth"],"weight":0.20400000000000001},"num_concepts_raised":805},{"base_id":795,"kind":"top_words","i1":0,"i2":5,"sol":{"path":["/c/en/california","/c/en/united_states","/c/en/santa_claus","/c/en/santa"],"weight":0.22207999999999814},"num_concepts_raised":153906},{"base_id":795,"kind":"top_words","i1":0,"i2":6,"sol":{"path":["/c/en/california","/c/en/mojave"],"weight":0.20400000000000001},"num_concepts_raised":802},{"base_id":795,"kind":"top_words","i1":0,"i2":7,"sol":{"path":["/c/en/california","/c/en/bellflower"],"weight":0.20400000000000001},"num_concepts_raised":830},{"base_id":795,"kind":"top_words","i1":0,"i2":8,"sol":{"path":["/c/en/california","/c/en/mariposa"],"weight":0.20400000000000001},"num_concepts_raised":799},{"base_id":795,"kind":"top_words","i1":0,"i2":9,"sol":{"path":["/c/en/california","/c/en/forest","/c/en/plant","/c/en/larkspur"],"weight":0.21864999999999818},"num_concepts_raised":166550},{"base_id":795,"kind":"top_words","i1":1,"i2":2,"sol":{"path":["/c/en/alameda","/c/en/oregon","/c/en/religion","/c/en/pomona"],"weight":0.21295999999999976},"num_concepts_raised":20353},{"base_id":795,"kind":"top_words","i1":1,"i2":3,"sol":{"path":["/c/en/alameda","/c/en/canada","/c/en/hill","/c/en/foothill"],"weight":0.20928999999999987},"num_concepts_raised":18403},{"base_id":795,"kind":"top_words","i1":1,"i2":4,"sol":{"path":["/c/en/alameda","/c/en/california","/c/en/chatsworth"],"weight":0.20400000000000001},"num_concepts_raised":60},{"base_id":795,"kind":"top_words","i1":1,"i2":5,"sol":{"path":["/c/en/alameda","/c/en/tree","/c/en/christmas","/c/en/santa"],"weight":0.20794999999999983},"num_concepts_raised":17429},{"base_id":795,"kind":"top_words","i1":1,"i2":6,"sol":{"path":["/c/en/alameda","/c/en/california","/c/en/mojave"],"weight":0.20400000000000001},"num_concepts_raised":57},{"base_id":795,"kind":"top_words","i1":1,"i2":7,"sol":{"path":["/c/en/alameda","/c/en/california","/c/en/bellflower"],"weight":0.20400000000000001},"num_concepts_raised":84},{"base_id":795,"kind":"top_words","i1":1,"i2":8,"sol":{"path":["/c/en/alameda","/c/en/california","/c/en/mariposa"],"weight":0.20400000000000001},"num_concepts_raised":52},{"base_id":795,"kind":"top_words","i1":1,"i2":9,"sol":{"path":["/c/en/alameda","/c/en/tree","/c/en/plant","/c/en/larkspur"],"weight":0.20828999999999984},"num_concepts_raised":30096},{"base_id":795,"kind":"top_words","i1":2,"i2":3,"sol":{"path":["/c/en/pomona","/c/en/myth","/c/en/foot","/c/en/foothill"],"weight":0.20936999999999978},"num_concepts_raised":15598},{"base_id":795,"kind":"top_words","i1":2,"i2":4,"sol":{"path":["/c/en/pomona","/c/en/asteroid","/c/en/victoria","/c/en/county_seat","/c/en/chatsworth"],"weight":0.20801999999999976},"num_concepts_raised":129150},{"base_id":795,"kind":"top_words","i1":2,"i2":5,"sol":{"path":["/c/en/pomona","/c/en/religion","/c/en/christmas","/c/en/santa"],"weight":0.20793999999999976},"num_concepts_raised":14592},{"base_id":795,"kind":"top_words","i1":2,"i2":6,"sol":{"path":["/c/en/pomona","/c/en/asteroid","/c/en/fortuna","/c/en/arizona","/c/en/mojave"],"weight":0.20786999999999978},"num_concepts_raised":9895},{"base_id":795,"kind":"top_words","i1":2,"i2":7,"sol":{"path":["/c/en/pomona","/c/en/religion","/c/en/church","/c/en/bell","/c/en/bellflower"],"weight":0.2097599999999999},"num_concepts_raised":22696},{"base_id":795,"kind":"top_words","i1":2,"i2":8,"sol":{"path":["/c/en/pomona","/c/en/asteroid","/c/en/aurora","/c/en/ontario","/c/en/mariposa"],"weight":0.20795999999999976},"num_concepts_raised":14997},{"base_id":795,"kind":"top_words","i1":2,"i2":9,"sol":{"path":["/c/en/pomona","/c/en/astronomy","/c/en/blue","/c/en/larkspur"],"weight":0.20824999999999977},"num_concepts_raised":27568},{"base_id":795,"kind":"top_words","i1":3,"i2":4,"sol":{"path":["/c/en/foothill","/c/en/hill","/c/en/canada","/c/en/chatsworth"],"weight":0.20423999999999987},"num_concepts_raised":126001},{"base_id":795,"kind":"top_words","i1":3,"i2":5,"sol":{"path":["/c/en/foothill","/c/en/base","/c/en/coal","/c/en/santa"],"weight":0.20322999999999986},"num_concepts_raised":12716},{"base_id":795,"kind":"top_words","i1":3,"i2":6,"sol":{"path":["/c/en/foothill","/c/en/foot","/c/en/gem","/c/en/california","/c/en/mojave"],"weight":0.20425999999999989},"num_concepts_raised":8022},{"base_id":795,"kind":"top_words","i1":3,"i2":7,"sol":{"path":["/c/en/foothill","/c/en/foot","/c/en/plant","/c/en/bellflower"],"weight":0.20501999999999998},"num_concepts_raised":20765},{"base_id":795,"kind":"top_words","i1":3,"i2":8,"sol":{"path":["/c/en/foothill","/c/en/hill","/c/en/canada","/c/en/mariposa"],"weight":0.20420999999999986},"num_concepts_raised":13111},{"base_id":795,"kind":"top_words","i1":3,"i2":9,"sol":{"path":["/c/en/foothill","/c/en/foot","/c/en/plant","/c/en/larkspur"],"weight":0.20467999999999986},"num_concepts_raised":25659},{"base_id":795,"kind":"top_words","i1":4,"i2":5,"sol":{"path":["/c/en/chatsworth","/c/en/georgia","/c/en/santa_claus","/c/en/santa"],"weight":0.20393999999999984},"num_concepts_raised":126254},{"base_id":795,"kind":"top_words","i1":4,"i2":6,"sol":{"path":["/c/en/chatsworth","/c/en/california","/c/en/mojave"],"weight":0.202},"num_concepts_raised":58},{"base_id":795,"kind":"top_words","i1":4,"i2":7,"sol":{"path":["/c/en/chatsworth","/c/en/california","/c/en/bellflower"],"weight":0.202},"num_concepts_raised":84},{"base_id":795,"kind":"top_words","i1":4,"i2":8,"sol":{"path":["/c/en/chatsworth","/c/en/california","/c/en/mariposa"],"weight":0.202},"num_concepts_raised":52},{"base_id":795,"kind":"top_words","i1":4,"i2":9,"sol":{"path":["/c/en/chatsworth","/c/en/australia","/c/en/blue","/c/en/larkspur"],"weight":0.2031799999999998},"num_concepts_raised":139172},{"base_id":795,"kind":"top_words","i1":5,"i2":6,"sol":{"path":["/c/en/santa","/c/en/santa_claus","/c/en/united_states","/c/en/california","/c/en/mojave"],"weight":0.20393999999999984},"num_concepts_raised":7084},{"base_id":795,"kind":"top_words","i1":5,"i2":7,"sol":{"path":["/c/en/santa","/c/en/christmas","/c/en/bell","/c/en/bellflower"],"weight":0.20467999999999997},"num_concepts_raised":19826},{"base_id":795,"kind":"top_words","i1":5,"i2":8,"sol":{"path":["/c/en/santa","/c/en/santa_claus","/c/en/united_states","/c/en/california","/c/en/mariposa"],"weight":0.20397999999999986},"num_concepts_raised":12156},{"base_id":795,"kind":"top_words","i1":5,"i2":9,"sol":{"path":["/c/en/santa","/c/en/christmas","/c/en/tree","/c/en/flower","/c/en/larkspur"],"weight":0.20325999999999983},"num_concepts_raised":24726},{"base_id":795,"kind":"top_words","i1":6,"i2":7,"sol":{"path":["/c/en/mojave","/c/en/california","/c/en/bellflower"],"weight":0.202},"num_concepts_raised":80},{"base_id":795,"kind":"top_words","i1":6,"i2":8,"sol":{"path":["/c/en/mojave","/c/en/california","/c/en/mariposa"],"weight":0.202},"num_concepts_raised":51},{"base_id":795,"kind":"top_words","i1":6,"i2":9,"sol":{"path":["/c/en/mojave","/c/en/california","/c/en/dandelion","/c/en/flower","/c/en/larkspur"],"weight":0.20311999999999986},"num_concepts_raised":20037},{"base_id":795,"kind":"top_words","i1":7,"i2":8,"sol":{"path":["/c/en/bellflower","/c/en/california","/c/en/mariposa"],"weight":0.202},"num_concepts_raised":78},{"base_id":795,"kind":"top_words","i1":7,"i2":9,"sol":{"path":["/c/en/bellflower","/c/en/flower","/c/en/larkspur"],"weight":0.202},"num_concepts_raised":96},{"base_id":795,"kind":"top_words","i1":8,"i2":9,"sol":{"path":["/c/en/mariposa","/c/en/canada","/c/fr/bleu","/c/en/blue","/c/en/larkspur"],"weight":0.20316999999999985},"num_concepts_raised":25108}]]