[[{"base_id":333,"kind":"bot_words","i1":0,"i2":1,"sol":{"path":["/c/en/harmoniously","/c/en/harmonious","/c/en/peace","/c/en/middle_east","/c/en/casbah"],"weight":0.20385999999999996},"num_concepts_raised":4437},{"base_id":333,"kind":"bot_words","i1":0,"i2":2,"sol":{"path":["/c/en/harmoniously","/c/fr/harmonieusement","/c/fr/manière","/c/fr/singe","/c/en/ape"],"weight":0.22406999999999977},"num_concepts_raised":34834},{"base_id":333,"kind":"bot_words","i1":0,"i2":3,"sol":{"path":["/c/en/harmoniously","/c/ar/توافق","/c/en/agreement","/c/en/free","/c/en/giveaway"],"weight":0.20386999999999986},"num_concepts_raised":6779},{"base_id":333,"kind":"bot_words","i1":0,"i2":4,"sol":{"path":["/c/en/harmoniously","/c/en/harmonious","/c/zh/伉儷","/c/en/historical","/c/en/hispania"],"weight":0.2091299999999998},"num_concepts_raised":11036},{"base_id":333,"kind":"bot_words","i1":0,"i2":5,"sol":{"path":["/c/en/harmoniously","/c/en/harmonious","/c/en/action","/c/en/walking"],"weight":0.20900999999999853},"num_concepts_raised":67907},{"base_id":333,"kind":"bot_words","i1":0,"i2":6,"sol":{"path":["/c/en/harmoniously","/c/en/harmonious","/c/en/action","/c/en/energy","/c/en/endothermic"],"weight":0.20462999999999987},"num_concepts_raised":32146},{"base_id":333,"kind":"bot_words","i1":0,"i2":7,"sol":{"path":["/c/en/harmoniously","/c/ar/توافق","/c/en/fit","/c/en/worthy"],"weight":0.2097199999999993},"num_concepts_raised":40317},{"base_id":333,"kind":"bot_words","i1":0,"i2":8,"sol":{"path":["/c/en/harmoniously","/c/en/harmonious","/c/gd/binn","/c/en/law","/c/en/caveat"],"weight":0.20580999999999977},"num_concepts_raised":15912},{"base_id":333,"kind":"bot_words","i1":0,"i2":9,"sol":{"path":["/c/en/harmoniously","/c/en/harmonious","/c/en/action","/c/en/faith","/c/en/proselytize"],"weight":0.2044099999999998},"num_concepts_raised":12775},{"base_id":333,"kind":"bot_words","i1":1,"i2":2,"sol":{"path":["/c/en/casbah","/c/en/city","/c/en/human","/c/en/ape"],"weight":0.21634999999999988},"num_concepts_raised":38276},{"base_id":333,"kind":"bot_words","i1":1,"i2":3,"sol":{"path":["/c/en/casbah","/c/en/city","/c/en/market","/c/en/free","/c/en/giveaway"],"weight":0.2038399999999999},"num_concepts_raised":10337},{"base_id":333,"kind":"bot_words","i1":1,"i2":4,"sol":{"path":["/c/en/casbah","/c/en/city","/c/en/country","/c/en/hispania"],"weight":0.20810999999999985},"num_concepts_raised":14346},{"base_id":333,"kind":"bot_words","i1":1,"i2":5,"sol":{"path":["/c/en/casbah","/c/en/city","/c/en/human","/c/en/walking"],"weight":0.2089699999999986},"num_concepts_raised":71190},{"base_id":333,"kind":"bot_words","i1":1,"i2":6,"sol":{"path":["/c/en/casbah","/c/ar/قصبة","/c/en/anatomy","/c/en/body","/c/en/endothermic"],"weight":0.2045599999999999},"num_concepts_raised":35647},{"base_id":333,"kind":"bot_words","i1":1,"i2":7,"sol":{"path":["/c/en/casbah","/c/en/kasbah","/c/en/quarter","/c/en/value","/c/en/worthy"],"weight":0.21107999999999935},"num_concepts_raised":43816},{"base_id":333,"kind":"bot_words","i1":1,"i2":8,"sol":{"path":["/c/en/casbah","/c/en/city","/c/en/book","/c/en/caution","/c/en/caveat"],"weight":0.20488999999999982},"num_concepts_raised":19452},{"base_id":333,"kind":"bot_words","i1":1,"i2":9,"sol":{"path":["/c/en/casbah","/c/en/city","/c/en/street","/c/en/proselytize"],"weight":0.20327999999999985},"num_concepts_raised":16213},{"base_id":333,"kind":"bot_words","i1":2,"i2":3,"sol":{"path":["/c/en/ape","/c/en/large","/c/en/event","/c/en/giveaway"],"weight":0.2137899999999998},"num_concepts_raised":40548},{"base_id":333,"kind":"bot_words","i1":2,"i2":4,"sol":{"path":["/c/en/ape","/c/sv/apa","/c/en/historical","/c/en/hispania"],"weight":0.22334999999999972},"num_concepts_raised":44588},{"base_id":333,"kind":"bot_words","i1":2,"i2":5,"sol":{"path":["/c/en/ape","/c/en/human","/c/en/walking"],"weight":0.20600000000000002},"num_concepts_raised":770},{"base_id":333,"kind":"bot_words","i1":2,"i2":6,"sol":{"path":["/c/en/ape","/c/en/animal","/c/en/endothermic"],"weight":0.20500000000000002},"num_concepts_raised":385},{"base_id":333,"kind":"bot_words","i1":2,"i2":7,"sol":{"path":["/c/en/ape","/c/fr/singe","/c/fr/personne","/c/en/worthy"],"weight":0.2275499999999992},"num_concepts_raised":72661},{"base_id":333,"kind":"bot_words","i1":2,"i2":8,"sol":{"path":["/c/en/ape","/c/en/animal","/c/en/system","/c/en/caveat"],"weight":0.2181499999999997},"num_concepts_raised":49520},{"base_id":333,"kind":"bot_words","i1":2,"i2":9,"sol":{"path":["/c/en/ape","/c/en/animal","/c/en/movement","/c/en/proselytize"],"weight":0.2167799999999997},"num_concepts_raised":46284},{"base_id":333,"kind":"bot_words","i1":3,"i2":4,"sol":{"path":["/c/en/giveaway","/c/en/free","/c/en/independent","/c/en/country","/c/en/hispania"],"weight":0.20911999999999975},"num_concepts_raised":16842},{"base_id":333,"kind":"bot_words","i1":3,"i2":5,"sol":{"path":["/c/en/giveaway","/c/en/free","/c/en/run","/c/en/walking"],"weight":0.2092499999999985},"num_concepts_raised":73196},{"base_id":333,"kind":"bot_words","i1":3,"i2":6,"sol":{"path":["/c/en/giveaway","/c/en/free","/c/en/chemistry","/c/en/endothermic"],"weight":0.2045199999999998},"num_concepts_raised":37889},{"base_id":333,"kind":"bot_words","i1":3,"i2":7,"sol":{"path":["/c/en/giveaway","/c/en/swag","/c/en/valuable","/c/en/worthy"],"weight":0.21073999999999926},"num_concepts_raised":45736},{"base_id":333,"kind":"bot_words","i1":3,"i2":8,"sol":{"path":["/c/en/giveaway","/c/en/free","/c/en/legal","/c/en/law","/c/en/caveat"],"weight":0.20584999999999973},"num_concepts_raised":21635},{"base_id":333,"kind":"bot_words","i1":3,"i2":9,"sol":{"path":["/c/en/giveaway","/c/en/event","/c/en/cause","/c/en/proselytize"],"weight":0.20315999999999973},"num_concepts_raised":18451},{"base_id":333,"kind":"bot_words","i1":4,"i2":5,"sol":{"path":["/c/en/hispania","/c/en/historical","/c/en/walk","/c/en/walking"],"weight":0.21782999999999836},"num_concepts_raised":77314},{"base_id":333,"kind":"bot_words","i1":4,"i2":6,"sol":{"path":["/c/en/hispania","/c/en/country","/c/en/humans","/c/en/warm_blooded","/c/en/endothermic"],"weight":0.20977999999999974},"num_concepts_raised":42045},{"base_id":333,"kind":"bot_words","i1":4,"i2":7,"sol":{"path":["/c/en/hispania","/c/en/historical","/c/en/venerable","/c/en/worthy"],"weight":0.2137299999999992},"num_concepts_raised":50100},{"base_id":333,"kind":"bot_words","i1":4,"i2":8,"sol":{"path":["/c/en/hispania","/c/en/historical","/c/en/caveat_emptor","/c/en/caveat"],"weight":0.20987999999999968},"num_concepts_raised":25852},{"base_id":333,"kind":"bot_words","i1":4,"i2":9,"sol":{"path":["/c/en/hispania","/c/en/country","/c/en/organization","/c/en/proselytize"],"weight":0.20854999999999968},"num_concepts_raised":22662},{"base_id":333,"kind":"bot_words","i1":5,"i2":6,"sol":{"path":["/c/en/walking","/c/en/energy","/c/en/endothermic"],"weight":0.202},"num_concepts_raised":491},{"base_id":333,"kind":"bot_words","i1":5,"i2":7,"sol":{"path":["/c/en/walking","/c/en/suitable","/c/en/worthy"],"weight":0.202},"num_concepts_raised":818},{"base_id":333,"kind":"bot_words","i1":5,"i2":8,"sol":{"path":["/c/en/walking","/c/en/move","/c/en/law","/c/en/caveat"],"weight":0.2111499999999984},"num_concepts_raised":81877},{"base_id":333,"kind":"bot_words","i1":5,"i2":9,"sol":{"path":["/c/en/walking","/c/en/movement","/c/en/proselytize"],"weight":0.202},"num_concepts_raised":499},{"base_id":333,"kind":"bot_words","i1":6,"i2":7,"sol":{"path":["/c/en/endothermic","/c/en/heat","/c/en/value","/c/en/worthy"],"weight":0.21075999999999925},"num_concepts_raised":70714},{"base_id":333,"kind":"bot_words","i1":6,"i2":8,"sol":{"path":["/c/en/endothermic","/c/en/animal","/c/en/system","/c/en/caveat"],"weight":0.20535999999999974},"num_concepts_raised":46801},{"base_id":333,"kind":"bot_words","i1":6,"i2":9,"sol":{"path":["/c/en/endothermic","/c/en/chemistry","/c/en/convert","/c/en/proselytize"],"weight":0.20415999999999976},"num_concepts_raised":43534},{"base_id":333,"kind":"bot_words","i1":7,"i2":8,"sol":{"path":["/c/en/worthy","/c/en/merit","/c/en/system","/c/en/caveat"],"weight":0.21162999999999915},"num_concepts_raised":54325},{"base_id":333,"kind":"bot_words","i1":7,"i2":9,"sol":{"path":["/c/en/worthy","/c/en/value","/c/en/convert","/c/en/proselytize"],"weight":0.21068999999999918},"num_concepts_raised":51287},{"base_id":333,"kind":"bot_words","i1":8,"i2":9,"sol":{"path":["/c/en/caveat","/c/en/system","/c/en/organization","/c/en/proselytize"],"weight":0.20517999999999964},"num_concepts_raised":27340}],[{"base_id":333,"kind":"top_words","i1":0,"i2":1,"sol":{"path":["/c/en/crore","/c/en/lakh"],"weight":0.20400000000000001},"num_concepts_raised":90},{"base_id":333,"kind":"top_words","i1":0,"i2":2,"sol":{"path":["/c/en/crore","/c/en/money","/c/en/volume","/c/en/hectolitre","/c/en/hectoliter"],"weight":0.20508999999999983},"num_concepts_raised":4988},{"base_id":333,"kind":"top_words","i1":0,"i2":3,"sol":{"path":["/c/en/crore","/c/en/india","/c/en/historical","/c/en/atom","/c/en/antihydrogen"],"weight":0.20294999999999994},"num_concepts_raised":15508},{"base_id":333,"kind":"top_words","i1":0,"i2":4,"sol":{"path":["/c/en/crore","/c/en/lakh","/c/en/thousand","/c/en/year","/c/en/biennium"],"weight":0.20379999999999987},"num_concepts_raised":8025},{"base_id":333,"kind":"top_words","i1":0,"i2":5,"sol":{"path":["/c/en/crore","/c/en/money","/c/en/buying_food","/c/en/aggravation"],"weight":0.20398999999999956},"num_concepts_raised":21321},{"base_id":333,"kind":"top_words","i1":0,"i2":6,"sol":{"path":["/c/en/crore","/c/en/india","/c/en/up","/c/en/software","/c/en/tk"],"weight":0.20776999999999982},"num_concepts_raised":7892},{"base_id":333,"kind":"top_words","i1":0,"i2":7,"sol":{"path":["/c/en/crore","/c/en/money","/c/en/change","/c/en/estrange"],"weight":0.20431999999999972},"num_concepts_raised":15121},{"base_id":333,"kind":"top_words","i1":0,"i2":8,"sol":{"path":["/c/en/crore","/c/en/money","/c/en/change","/c/en/inflexible","/c/en/obduracy"],"weight":0.20271999999999984},"num_concepts_raised":5380},{"base_id":333,"kind":"top_words","i1":0,"i2":9,"sol":{"path":["/c/en/crore","/c/en/india","/c/en/gompa","/c/en/buddhism","/c/en/tulku"],"weight":0.20785999999999977},"num_concepts_raised":6295},{"base_id":333,"kind":"top_words","i1":1,"i2":2,"sol":{"path":["/c/en/lakh","/c/en/money","/c/en/volume","/c/en/hectolitre","/c/en/hectoliter"],"weight":0.20597999999999994},"num_concepts_raised":7101},{"base_id":333,"kind":"top_words","i1":1,"i2":3,"sol":{"path":["/c/en/lakh","/c/en/hundred","/c/mul/d","/c/en/hydrogen","/c/en/antihydrogen"],"weight":0.20478000000000007},"num_concepts_raised":17612},{"base_id":333,"kind":"top_words","i1":1,"i2":4,"sol":{"path":["/c/en/lakh","/c/en/hundred","/c/en/year","/c/en/biennium"],"weight":0.20367},"num_concepts_raised":10105},{"base_id":333,"kind":"top_words","i1":1,"i2":5,"sol":{"path":["/c/en/lakh","/c/en/money","/c/en/buying_food","/c/en/aggravation"],"weight":0.20487999999999967},"num_concepts_raised":23411},{"base_id":333,"kind":"top_words","i1":1,"i2":6,"sol":{"path":["/c/en/lakh","/c/th/หลัก","/c/en/basis","/c/en/come","/c/en/tk"],"weight":0.20956999999999992},"num_concepts_raised":10003},{"base_id":333,"kind":"top_words","i1":1,"i2":7,"sol":{"path":["/c/en/lakh","/c/en/money","/c/en/change","/c/en/estrange"],"weight":0.20520999999999984},"num_concepts_raised":17227},{"base_id":333,"kind":"top_words","i1":1,"i2":8,"sol":{"path":["/c/en/lakh","/c/en/money","/c/en/change","/c/en/inflexible","/c/en/obduracy"],"weight":0.20360999999999999},"num_concepts_raised":7494},{"base_id":333,"kind":"top_words","i1":1,"i2":9,"sol":{"path":["/c/en/lakh","/c/en/india","/c/en/gompa","/c/en/buddhism","/c/en/tulku"],"weight":0.20878999999999992},"num_concepts_raised":8406},{"base_id":333,"kind":"top_words","i1":2,"i2":3,"sol":{"path":["/c/en/hectoliter","/c/fr/hectolitre","/c/fr/symbole","/c/fr/hydrogène","/c/en/antihydrogen"],"weight":0.20517999999999992},"num_concepts_raised":10914},{"base_id":333,"kind":"top_words","i1":2,"i2":4,"sol":{"path":["/c/en/hectoliter","/c/en/hectolitre","/c/fr/métrologie","/c/mul/a","/c/en/year","/c/en/biennium"],"weight":0.21044069999999976},"num_concepts_raised":235177},{"base_id":333,"kind":"top_words","i1":2,"i2":5,"sol":{"path":["/c/en/hectoliter","/c/en/hectolitre","/c/fr/royaume_uni","/c/en/aggro","/c/en/aggravation"],"weight":0.20732999999999957},"num_concepts_raised":16856},{"base_id":333,"kind":"top_words","i1":2,"i2":6,"sol":{"path":["/c/en/hectoliter","/c/en/hectolitre","/c/fr/métrologie","/c/en/terakelvin","/c/en/tk"],"weight":0.21003999999999978},"num_concepts_raised":3302},{"base_id":333,"kind":"top_words","i1":2,"i2":7,"sol":{"path":["/c/en/hectoliter","/c/el/εκατόλιτρο","/c/en/us","/c/en/deadbeat_dad","/c/en/estrange"],"weight":0.20438999999999974},"num_concepts_raised":10624},{"base_id":333,"kind":"top_words","i1":2,"i2":8,"sol":{"path":["/c/en/hectoliter","/c/nl/mud","/c/en/liquid","/c/en/steel","/c/en/obdurate","/c/en/obduracy"],"weight":0.20738659999999984},"num_concepts_raised":80740},{"base_id":333,"kind":"top_words","i1":2,"i2":9,"sol":{"path":["/c/en/hectoliter","/c/en/hectolitre","/c/en/volume","/c/ja/しょう","/c/en/buddhism","/c/en/tulku"],"weight":0.2145955999999996},"num_concepts_raised":64095},{"base_id":333,"kind":"top_words","i1":3,"i2":4,"sol":{"path":["/c/en/antihydrogen","/c/en/hydrogen","/c/en/sun","/c/en/year","/c/en/biennium"],"weight":0.20394999999999996},"num_concepts_raised":13950},{"base_id":333,"kind":"top_words","i1":3,"i2":5,"sol":{"path":["/c/en/antihydrogen","/c/fr/physique","/c/fr/action","/c/fr/aggravation","/c/en/aggravation"],"weight":0.2052899999999997},"num_concepts_raised":27328},{"base_id":333,"kind":"top_words","i1":3,"i2":6,"sol":{"path":["/c/en/antihydrogen","/c/fr/physique","/c/en/terakelvin","/c/en/tk"],"weight":0.20784999999999992},"num_concepts_raised":13826},{"base_id":333,"kind":"top_words","i1":3,"i2":7,"sol":{"path":["/c/en/antihydrogen","/c/de/antiwasserstoff","/c/en/physics","/c/en/strange","/c/en/estrange"],"weight":0.20774999999999982},"num_concepts_raised":21088},{"base_id":333,"kind":"top_words","i1":3,"i2":8,"sol":{"path":["/c/en/antihydrogen","/c/en/hydrogen","/c/en/salt","/c/en/petrification","/c/en/obduracy"],"weight":0.20383999999999997},"num_concepts_raised":11303},{"base_id":333,"kind":"top_words","i1":3,"i2":9,"sol":{"path":["/c/en/antihydrogen","/c/fr/physique","/c/ja/オーム","/c/en/buddhism","/c/en/tulku"],"weight":0.20796999999999988},"num_concepts_raised":12225},{"base_id":333,"kind":"top_words","i1":4,"i2":5,"sol":{"path":["/c/en/biennium","/c/en/period","/c/en/disease","/c/en/exacerbation","/c/en/aggravation"],"weight":0.2050599999999996},"num_concepts_raised":19852},{"base_id":333,"kind":"top_words","i1":4,"i2":6,"sol":{"path":["/c/en/biennium","/c/en/biennial","/c/en/happen","/c/en/come","/c/en/tk"],"weight":0.20864999999999984},"num_concepts_raised":6352},{"base_id":333,"kind":"top_words","i1":4,"i2":7,"sol":{"path":["/c/en/biennium","/c/en/year","/c/en/new","/c/en/strange","/c/en/estrange"],"weight":0.20653999999999978},"num_concepts_raised":13640},{"base_id":333,"kind":"top_words","i1":4,"i2":8,"sol":{"path":["/c/en/biennium","/c/en/biennial","/c/en/plant","/c/en/petrification","/c/en/obduracy"],"weight":0.2036699999999999},"num_concepts_raised":3828},{"base_id":333,"kind":"top_words","i1":4,"i2":9,"sol":{"path":["/c/en/biennium","/c/en/period","/c/zh/開山","/c/en/buddhism","/c/en/tulku"],"weight":0.20775999999999983},"num_concepts_raised":4751},{"base_id":333,"kind":"top_words","i1":5,"i2":6,"sol":{"path":["/c/en/aggravation","/c/en/annoyance","/c/en/come","/c/en/tk"],"weight":0.20911999999999958},"num_concepts_raised":19691},{"base_id":333,"kind":"top_words","i1":5,"i2":7,"sol":{"path":["/c/en/aggravation","/c/en/person","/c/en/stranger","/c/en/estrange"],"weight":0.20788999999999946},"num_concepts_raised":26835},{"base_id":333,"kind":"top_words","i1":5,"i2":8,"sol":{"path":["/c/en/aggravation","/c/en/guilt","/c/en/wrongdoing","/c/en/obdurate","/c/en/obduracy"],"weight":0.2049599999999996},"num_concepts_raised":17230},{"base_id":333,"kind":"top_words","i1":5,"i2":9,"sol":{"path":["/c/en/aggravation","/c/fr/aggravation","/c/fr/religion","/c/en/lama","/c/en/tulku"],"weight":0.21017999999999953},"num_concepts_raised":18131},{"base_id":333,"kind":"top_words","i1":6,"i2":7,"sol":{"path":["/c/en/tk","/c/en/software","/c/en/alien","/c/en/estrange"],"weight":0.2095499999999997},"num_concepts_raised":13436},{"base_id":333,"kind":"top_words","i1":6,"i2":8,"sol":{"path":["/c/en/tk","/c/en/software","/c/en/compilation","/c/sa/खिल","/c/en/obduracy"],"weight":0.20763999999999985},"num_concepts_raised":3689},{"base_id":333,"kind":"top_words","i1":6,"i2":9,"sol":{"path":["/c/en/tk","/c/en/software","/c/en/enlightenment","/c/en/buddhism","/c/en/tulku"],"weight":0.21273999999999976},"num_concepts_raised":4607},{"base_id":333,"kind":"top_words","i1":7,"i2":8,"sol":{"path":["/c/en/estrange","/c/en/change","/c/en/inflexible","/c/en/obduracy"],"weight":0.20421999999999974},"num_concepts_raised":11001},{"base_id":333,"kind":"top_words","i1":7,"i2":9,"sol":{"path":["/c/en/estrange","/c/en/strange","/c/ja/みょう","/c/en/buddhism","/c/en/tulku"],"weight":0.21152999999999966},"num_concepts_raised":11926},{"base_id":333,"kind":"top_words","i1":8,"i2":9,"sol":{"path":["/c/en/obduracy","/c/en/inflexible","/c/en/stiff","/c/ja/凡夫","/c/en/buddhism","/c/en/tulku"],"weight":0.20973689999999956},"num_concepts_raised":97341}]]