[[{"base_id":730,"kind":"bot_words","i1":0,"i2":1,"sol":{"path":["/c/en/immunosuppressive","/c/en/pharmacology","/c/en/generic_name","/c/en/genus","/c/en/kaka"],"weight":0.20412999999999987},"num_concepts_raised":9257},{"base_id":730,"kind":"bot_words","i1":0,"i2":2,"sol":{"path":["/c/en/immunosuppressive","/c/en/immunosuppression","/c/en/medicine","/c/en/species","/c/en/karyotype"],"weight":0.20551999999999987},"num_concepts_raised":8095},{"base_id":730,"kind":"bot_words","i1":0,"i2":3,"sol":{"path":["/c/en/immunosuppressive","/c/en/immunosuppressant","/c/en/controlled_vocabulary_types","/c/en/lateral"],"weight":0.2070699999999991},"num_concepts_raised":41623},{"base_id":730,"kind":"bot_words","i1":0,"i2":4,"sol":{"path":["/c/en/immunosuppressive","/c/en/pharmacology","/c/en/drug","/c/en/smoke"],"weight":0.22500999999999677},"num_concepts_raised":155867},{"base_id":730,"kind":"bot_words","i1":0,"i2":5,"sol":{"path":["/c/en/immunosuppressive","/c/en/pharmacology","/c/en/ma","/c/en/mas"],"weight":0.20431999999999978},"num_concepts_raised":11094},{"base_id":730,"kind":"bot_words","i1":0,"i2":6,"sol":{"path":["/c/en/immunosuppressive","/c/en/immunosuppression","/c/en/medicine","/c/en/water","/c/en/elemental"],"weight":0.2061299999999996},"num_concepts_raised":46873},{"base_id":730,"kind":"bot_words","i1":0,"i2":7,"sol":{"path":["/c/en/immunosuppressive","/c/en/immune_system","/c/fr/biologie","/c/fr/plancton","/c/en/plankton"],"weight":0.21491999999999983},"num_concepts_raised":8639},{"base_id":730,"kind":"bot_words","i1":0,"i2":8,"sol":{"path":["/c/en/immunosuppressive","/c/en/immunosuppression","/c/en/medicine","/c/en/burden","/c/en/unburden"],"weight":0.20646999999999974},"num_concepts_raised":8156},{"base_id":730,"kind":"bot_words","i1":0,"i2":9,"sol":{"path":["/c/en/immunosuppressive","/c/en/immunosuppression","/c/en/active","/c/en/grammar","/c/en/ergativity"],"weight":0.20518999999999982},"num_concepts_raised":23819},{"base_id":730,"kind":"bot_words","i1":1,"i2":2,"sol":{"path":["/c/en/kaka","/c/en/parrot","/c/en/species","/c/en/karyotype"],"weight":0.20312999999999992},"num_concepts_raised":14247},{"base_id":730,"kind":"bot_words","i1":1,"i2":3,"sol":{"path":["/c/en/kaka","/c/en/bird","/c/en/laterosphenoid","/c/en/lateral"],"weight":0.20561999999999914},"num_concepts_raised":47882},{"base_id":730,"kind":"bot_words","i1":1,"i2":4,"sol":{"path":["/c/en/kaka","/c/en/bird","/c/en/pipe","/c/en/smoke"],"weight":0.22580999999999685},"num_concepts_raised":161131},{"base_id":730,"kind":"bot_words","i1":1,"i2":5,"sol":{"path":["/c/en/kaka","/c/en/bird","/c/en/us","/c/en/bas","/c/en/mas"],"weight":0.20384999999999984},"num_concepts_raised":17542},{"base_id":730,"kind":"bot_words","i1":1,"i2":6,"sol":{"path":["/c/en/kaka","/c/en/bird","/c/en/air","/c/en/elemental"],"weight":0.20363999999999965},"num_concepts_raised":53212},{"base_id":730,"kind":"bot_words","i1":1,"i2":7,"sol":{"path":["/c/en/kaka","/c/en/genus","/c/en/organism","/c/en/plankton"],"weight":0.21024999999999988},"num_concepts_raised":15070},{"base_id":730,"kind":"bot_words","i1":1,"i2":8,"sol":{"path":["/c/en/kaka","/c/en/bird","/c/en/albatross","/c/en/burden","/c/en/unburden"],"weight":0.20401999999999978},"num_concepts_raised":14635},{"base_id":730,"kind":"bot_words","i1":1,"i2":9,"sol":{"path":["/c/en/kaka","/c/en/parrot","/c/en/speech","/c/en/grammar","/c/en/ergativity"],"weight":0.20287999999999987},"num_concepts_raised":30221},{"base_id":730,"kind":"bot_words","i1":2,"i2":3,"sol":{"path":["/c/en/karyotype","/c/en/record","/c/en/side","/c/en/lateral"],"weight":0.20763999999999916},"num_concepts_raised":46647},{"base_id":730,"kind":"bot_words","i1":2,"i2":4,"sol":{"path":["/c/en/karyotype","/c/en/genetics","/c/en/particulate","/c/en/smoke"],"weight":0.22468999999999684},"num_concepts_raised":160512},{"base_id":730,"kind":"bot_words","i1":2,"i2":5,"sol":{"path":["/c/en/karyotype","/c/en/individual","/c/en/multi_agent_system","/c/en/mas"],"weight":0.20319999999999985},"num_concepts_raised":16334},{"base_id":730,"kind":"bot_words","i1":2,"i2":6,"sol":{"path":["/c/en/karyotype","/c/en/constitution","/c/en/element","/c/en/elemental"],"weight":0.20613999999999966},"num_concepts_raised":51911},{"base_id":730,"kind":"bot_words","i1":2,"i2":7,"sol":{"path":["/c/en/karyotype","/c/en/individual","/c/en/organism","/c/en/plankton"],"weight":0.2106799999999999},"num_concepts_raised":13841},{"base_id":730,"kind":"bot_words","i1":2,"i2":8,"sol":{"path":["/c/en/karyotype","/c/en/record","/c/en/take","/c/en/unburden"],"weight":0.2033899999999998},"num_concepts_raised":13439},{"base_id":730,"kind":"bot_words","i1":2,"i2":9,"sol":{"path":["/c/en/karyotype","/c/en/inversion","/c/en/grammar","/c/en/ergativity"],"weight":0.20316999999999988},"num_concepts_raised":28860},{"base_id":730,"kind":"bot_words","i1":3,"i2":4,"sol":{"path":["/c/en/lateral","/c/en/occlusion","/c/en/gas","/c/en/smoke"],"weight":0.22889999999999605},"num_concepts_raised":190199},{"base_id":730,"kind":"bot_words","i1":3,"i2":5,"sol":{"path":["/c/en/lateral","/c/en/anatomy","/c/en/science","/c/en/mas"],"weight":0.20649999999999907},"num_concepts_raised":49403},{"base_id":730,"kind":"bot_words","i1":3,"i2":6,"sol":{"path":["/c/en/lateral","/c/en/front","/c/en/element","/c/en/elemental"],"weight":0.20880999999999889},"num_concepts_raised":84464},{"base_id":730,"kind":"bot_words","i1":3,"i2":7,"sol":{"path":["/c/en/lateral","/c/en/level","/c/en/water","/c/en/plankton"],"weight":0.21325999999999912},"num_concepts_raised":47246},{"base_id":730,"kind":"bot_words","i1":3,"i2":8,"sol":{"path":["/c/en/lateral","/c/en/right","/c/en/relieve","/c/en/unburden"],"weight":0.206129999999999},"num_concepts_raised":46689},{"base_id":730,"kind":"bot_words","i1":3,"i2":9,"sol":{"path":["/c/en/lateral","/c/en/linguistics","/c/en/ergativity"],"weight":0.202},"num_concepts_raised":293},{"base_id":730,"kind":"bot_words","i1":4,"i2":5,"sol":{"path":["/c/en/smoke","/c/en/cloud","/c/en/mass","/c/en/mas"],"weight":0.22636999999999674},"num_concepts_raised":162915},{"base_id":730,"kind":"bot_words","i1":4,"i2":6,"sol":{"path":["/c/en/smoke","/c/en/element","/c/en/elemental"],"weight":0.20400000000000001},"num_concepts_raised":1515},{"base_id":730,"kind":"bot_words","i1":4,"i2":7,"sol":{"path":["/c/en/smoke","/c/en/cloud","/c/en/water","/c/en/plankton"],"weight":0.2343599999999968},"num_concepts_raised":160495},{"base_id":730,"kind":"bot_words","i1":4,"i2":8,"sol":{"path":["/c/en/smoke","/c/en/steam","/c/fi/purkaa","/c/en/unburden"],"weight":0.22568999999999673},"num_concepts_raised":160053},{"base_id":730,"kind":"bot_words","i1":4,"i2":9,"sol":{"path":["/c/en/smoke","/c/en/particle","/c/en/ergativity"],"weight":0.202},"num_concepts_raised":1456},{"base_id":730,"kind":"bot_words","i1":5,"i2":6,"sol":{"path":["/c/en/mas","/c/en/science","/c/en/earth","/c/en/elemental"],"weight":0.2039099999999996},"num_concepts_raised":54724},{"base_id":730,"kind":"bot_words","i1":5,"i2":7,"sol":{"path":["/c/en/mas","/c/en/mass","/c/en/ocean","/c/en/plankton"],"weight":0.2105099999999998},"num_concepts_raised":16865},{"base_id":730,"kind":"bot_words","i1":5,"i2":8,"sol":{"path":["/c/en/mas","/c/en/mass","/c/en/weight","/c/en/burden","/c/en/unburden"],"weight":0.2042999999999997},"num_concepts_raised":16428},{"base_id":730,"kind":"bot_words","i1":5,"i2":9,"sol":{"path":["/c/en/mas","/c/en/masc","/c/en/grammar","/c/en/ergativity"],"weight":0.20398999999999978},"num_concepts_raised":31768},{"base_id":730,"kind":"bot_words","i1":6,"i2":7,"sol":{"path":["/c/en/elemental","/c/en/water","/c/en/plankton"],"weight":0.20400000000000001},"num_concepts_raised":215},{"base_id":730,"kind":"bot_words","i1":6,"i2":8,"sol":{"path":["/c/en/elemental","/c/en/fire","/c/fr/décharger","/c/en/unburden"],"weight":0.20506999999999953},"num_concepts_raised":51981},{"base_id":730,"kind":"bot_words","i1":6,"i2":9,"sol":{"path":["/c/en/elemental","/c/en/element","/c/en/object","/c/en/ergativity"],"weight":0.20579999999999962},"num_concepts_raised":66902},{"base_id":730,"kind":"bot_words","i1":7,"i2":8,"sol":{"path":["/c/en/plankton","/c/en/water","/c/en/weight","/c/en/burden","/c/en/unburden"],"weight":0.21170999999999976},"num_concepts_raised":13980},{"base_id":730,"kind":"bot_words","i1":7,"i2":9,"sol":{"path":["/c/en/plankton","/c/en/water","/c/en/case","/c/en/ergativity"],"weight":0.21027999999999983},"num_concepts_raised":29529},{"base_id":730,"kind":"bot_words","i1":8,"i2":9,"sol":{"path":["/c/en/unburden","/c/en/take","/c/en/grammar","/c/en/ergativity"],"weight":0.20308999999999974},"num_concepts_raised":29033}],[{"base_id":730,"kind":"top_words","i1":0,"i2":1,"sol":{"path":["/c/en/seconds","/c/en/second","/c/en/date","/c/en/meeting","/c/en/quakerism"],"weight":0.20525999999999975},"num_concepts_raised":26383},{"base_id":730,"kind":"top_words","i1":0,"i2":2,"sol":{"path":["/c/en/seconds","/c/en/time","/c/en/dance","/c/en/moonwalk"],"weight":0.20459999999999984},"num_concepts_raised":29745},{"base_id":730,"kind":"top_words","i1":0,"i2":3,"sol":{"path":["/c/en/seconds","/c/en/time","/c/en/metaphor","/c/en/afire"],"weight":0.20325999999999983},"num_concepts_raised":22364},{"base_id":730,"kind":"top_words","i1":0,"i2":4,"sol":{"path":["/c/en/seconds","/c/en/time","/c/en/bird","/c/en/merops"],"weight":0.21264999999999967},"num_concepts_raised":23811},{"base_id":730,"kind":"top_words","i1":0,"i2":5,"sol":{"path":["/c/en/seconds","/c/en/second","/c/en/atom","/c/en/chemistry","/c/en/thermite"],"weight":0.21090999999999976},"num_concepts_raised":32815},{"base_id":730,"kind":"top_words","i1":0,"i2":6,"sol":{"path":["/c/en/seconds","/c/en/second","/c/en/burn","/c/en/flame","/c/en/aflame"],"weight":0.2065799999999998},"num_concepts_raised":21806},{"base_id":730,"kind":"top_words","i1":0,"i2":7,"sol":{"path":["/c/en/seconds","/c/fr/personne","/c/fr/spécialiste","/c/fr/anesthésiste","/c/en/anesthetist"],"weight":0.20419999999999988},"num_concepts_raised":19933},{"base_id":730,"kind":"top_words","i1":0,"i2":8,"sol":{"path":["/c/en/seconds","/c/en/food","/c/en/napkin"],"weight":0.202},"num_concepts_raised":533},{"base_id":730,"kind":"top_words","i1":0,"i2":9,"sol":{"path":["/c/en/seconds","/c/en/time","/c/en/light","/c/en/alight"],"weight":0.20797999999999947},"num_concepts_raised":41588},{"base_id":730,"kind":"top_words","i1":1,"i2":2,"sol":{"path":["/c/en/quakerism","/c/en/christian","/c/en/human","/c/en/dance","/c/en/moonwalk"],"weight":0.20407999999999987},"num_concepts_raised":17797},{"base_id":730,"kind":"top_words","i1":1,"i2":3,"sol":{"path":["/c/en/quakerism","/c/en/meeting","/c/en/event","/c/en/fire","/c/en/afire"],"weight":0.2028199999999999},"num_concepts_raised":10296},{"base_id":730,"kind":"top_words","i1":1,"i2":4,"sol":{"path":["/c/en/quakerism","/c/en/quaker","/c/en/friend","/c/en/bird","/c/en/merops"],"weight":0.2131299999999997},"num_concepts_raised":11714},{"base_id":730,"kind":"top_words","i1":1,"i2":5,"sol":{"path":["/c/en/quakerism","/c/en/meeting","/c/en/group","/c/en/chemistry","/c/en/thermite"],"weight":0.20836999999999983},"num_concepts_raised":20806},{"base_id":730,"kind":"top_words","i1":1,"i2":6,"sol":{"path":["/c/en/quakerism","/c/en/derogatory","/c/en/red","/c/en/flame","/c/en/aflame"],"weight":0.20393999999999984},"num_concepts_raised":9708},{"base_id":730,"kind":"top_words","i1":1,"i2":7,"sol":{"path":["/c/en/quakerism","/c/en/unity","/c/en/operation","/c/en/anesthesia","/c/en/anesthetist"],"weight":0.20285999999999993},"num_concepts_raised":7790},{"base_id":730,"kind":"top_words","i1":1,"i2":8,"sol":{"path":["/c/en/quakerism","/c/en/christian","/c/en/napkin"],"weight":0.202},"num_concepts_raised":510},{"base_id":730,"kind":"top_words","i1":1,"i2":9,"sol":{"path":["/c/en/quakerism","/c/en/quaker","/c/en/friend","/c/en/light","/c/en/alight"],"weight":0.20841999999999952},"num_concepts_raised":30162},{"base_id":730,"kind":"top_words","i1":2,"i2":3,"sol":{"path":["/c/en/moonwalk","/c/en/dance","/c/pt/dançar","/c/en/fire","/c/en/afire"],"weight":0.20417999999999997},"num_concepts_raised":13758},{"base_id":730,"kind":"top_words","i1":2,"i2":4,"sol":{"path":["/c/en/moonwalk","/c/en/dance","/c/en/human","/c/en/bird","/c/en/merops"],"weight":0.2134499999999998},"num_concepts_raised":15187},{"base_id":730,"kind":"top_words","i1":2,"i2":5,"sol":{"path":["/c/en/moonwalk","/c/en/dance","/c/en/activity","/c/en/chemistry","/c/en/thermite"],"weight":0.20969999999999991},"num_concepts_raised":24251},{"base_id":730,"kind":"top_words","i1":2,"i2":6,"sol":{"path":["/c/en/moonwalk","/c/en/dance","/c/en/person","/c/en/flame","/c/en/aflame"],"weight":0.20536999999999994},"num_concepts_raised":13171},{"base_id":730,"kind":"top_words","i1":2,"i2":7,"sol":{"path":["/c/en/moonwalk","/c/en/moonwalker","/c/en/film","/c/fr/médecine","/c/pt/anestesista","/c/en/anesthetist"],"weight":0.21211089999999996},"num_concepts_raised":519287},{"base_id":730,"kind":"top_words","i1":2,"i2":8,"sol":{"path":["/c/en/moonwalk","/c/en/dance","/c/en/foot","/c/en/napkin"],"weight":0.2107899999999989},"num_concepts_raised":93432},{"base_id":730,"kind":"top_words","i1":2,"i2":9,"sol":{"path":["/c/en/moonwalk","/c/en/walk","/c/en/light","/c/en/alight"],"weight":0.20870999999999962},"num_concepts_raised":33315},{"base_id":730,"kind":"top_words","i1":3,"i2":4,"sol":{"path":["/c/en/afire","/c/en/fire","/c/en/air","/c/en/bird","/c/en/merops"],"weight":0.21221999999999983},"num_concepts_raised":7665},{"base_id":730,"kind":"top_words","i1":3,"i2":5,"sol":{"path":["/c/en/afire","/c/en/fire","/c/en/incendiary","/c/en/thermite"],"weight":0.20837999999999993},"num_concepts_raised":16698},{"base_id":730,"kind":"top_words","i1":3,"i2":6,"sol":{"path":["/c/en/afire","/c/en/aflame"],"weight":0.20400000000000001},"num_concepts_raised":46},{"base_id":730,"kind":"top_words","i1":3,"i2":7,"sol":{"path":["/c/en/afire","/c/de/brand","/c/fr/médecine","/c/pt/anestesista","/c/en/anesthetist"],"weight":0.20385999999999999},"num_concepts_raised":3725},{"base_id":730,"kind":"top_words","i1":3,"i2":8,"sol":{"path":["/c/en/afire","/c/en/fire","/c/en/food","/c/en/napkin"],"weight":0.2097099999999989},"num_concepts_raised":86244},{"base_id":730,"kind":"top_words","i1":3,"i2":9,"sol":{"path":["/c/en/afire","/c/en/on_fire","/c/en/alight"],"weight":0.20400000000000001},"num_concepts_raised":196},{"base_id":730,"kind":"top_words","i1":4,"i2":5,"sol":{"path":["/c/en/merops","/c/en/bird","/c/en/group","/c/en/chemistry","/c/en/thermite"],"weight":0.21774999999999978},"num_concepts_raised":18173},{"base_id":730,"kind":"top_words","i1":4,"i2":6,"sol":{"path":["/c/en/merops","/c/en/bird","/c/en/flamingo","/c/en/flame","/c/en/aflame"],"weight":0.21334999999999976},"num_concepts_raised":7076},{"base_id":730,"kind":"top_words","i1":4,"i2":7,"sol":{"path":["/c/en/merops","/c/en/bird","/c/en/us","/c/en/specialist","/c/en/anesthesiologist","/c/en/anesthetist"],"weight":0.2158720999999995},"num_concepts_raised":272622},{"base_id":730,"kind":"top_words","i1":4,"i2":8,"sol":{"path":["/c/en/merops","/c/en/bird","/c/en/ring","/c/en/napkin"],"weight":0.21868999999999872},"num_concepts_raised":87740},{"base_id":730,"kind":"top_words","i1":4,"i2":9,"sol":{"path":["/c/en/merops","/c/en/bird","/c/en/perch","/c/en/alight"],"weight":0.21430999999999945},"num_concepts_raised":27546},{"base_id":730,"kind":"top_words","i1":5,"i2":6,"sol":{"path":["/c/en/thermite","/c/grc/θερμοσ","/c/fr/ardent","/c/en/aflame"],"weight":0.20940999999999987},"num_concepts_raised":16149},{"base_id":730,"kind":"top_words","i1":5,"i2":7,"sol":{"path":["/c/en/thermite","/c/en/chemistry","/c/en/freezing","/c/en/anesthesia","/c/en/anesthetist"],"weight":0.20849999999999996},"num_concepts_raised":14242},{"base_id":730,"kind":"top_words","i1":5,"i2":8,"sol":{"path":["/c/en/thermite","/c/en/metal","/c/en/fork","/c/en/napkin"],"weight":0.21601999999999882},"num_concepts_raised":96206},{"base_id":730,"kind":"top_words","i1":5,"i2":9,"sol":{"path":["/c/en/thermite","/c/en/chemistry","/c/en/light","/c/en/alight"],"weight":0.21303999999999956},"num_concepts_raised":36470},{"base_id":730,"kind":"top_words","i1":6,"i2":7,"sol":{"path":["/c/en/aflame","/c/en/anger","/c/en/pain","/c/en/anaesthesia","/c/en/anesthetist"],"weight":0.20302999999999993},"num_concepts_raised":3130},{"base_id":730,"kind":"top_words","i1":6,"i2":8,"sol":{"path":["/c/en/aflame","/c/en/anger","/c/en/face","/c/en/napkin"],"weight":0.20948999999999884},"num_concepts_raised":85822},{"base_id":730,"kind":"top_words","i1":6,"i2":9,"sol":{"path":["/c/en/aflame","/c/en/on_fire","/c/en/alight"],"weight":0.20400000000000001},"num_concepts_raised":210},{"base_id":730,"kind":"top_words","i1":7,"i2":8,"sol":{"path":["/c/en/anesthetist","/c/en/anaesthetist","/c/en/doctor","/c/en/table","/c/en/napkin"],"weight":0.20995999999999893},"num_concepts_raised":84060},{"base_id":730,"kind":"top_words","i1":7,"i2":9,"sol":{"path":["/c/en/anesthetist","/c/en/american_spelling","/c/en/matte","/c/en/light","/c/en/alight"],"weight":0.20749999999999963},"num_concepts_raised":23690},{"base_id":730,"kind":"top_words","i1":8,"i2":9,"sol":{"path":["/c/en/napkin","/c/en/square","/c/en/light","/c/en/alight"],"weight":0.21413999999999853},"num_concepts_raised":103681}]]