[[{"base_id":4,"kind":"bot_words","i1":0,"i2":1,"sol":{"path":["/c/en/internationality","/c/en/scope","/c/en/slang","/c/en/leg","/c/en/crus"],"weight":0.20378999999999992},"num_concepts_raised":2562},{"base_id":4,"kind":"bot_words","i1":0,"i2":2,"sol":{"path":["/c/en/internationality","/c/en/internationalism","/c/en/language","/c/en/human","/c/en/mammal","/c/en/rupicapra"],"weight":0.21094789999999952},"num_concepts_raised":241070},{"base_id":4,"kind":"bot_words","i1":0,"i2":3,"sol":{"path":["/c/en/internationality","/c/en/internationalism","/c/en/linguistics","/c/en/rhyme","/c/en/alliteration"],"weight":0.21015},"num_concepts_raised":2683},{"base_id":4,"kind":"bot_words","i1":0,"i2":4,"sol":{"path":["/c/en/internationality","/c/en/scope","/c/en/area","/c/en/river","/c/en/riverboat"],"weight":0.2048599999999999},"num_concepts_raised":5871},{"base_id":4,"kind":"bot_words","i1":0,"i2":5,"sol":{"path":["/c/en/internationality","/c/en/internationalism","/c/en/linguistics","/c/en/disambiguate","/c/en/disambiguation"],"weight":0.20552999999999988},"num_concepts_raised":1278},{"base_id":4,"kind":"bot_words","i1":0,"i2":6,"sol":{"path":["/c/en/internationality","/c/en/scope","/c/en/computing","/c/en/exploit"],"weight":0.2065599999999989},"num_concepts_raised":38053},{"base_id":4,"kind":"bot_words","i1":0,"i2":7,"sol":{"path":["/c/en/internationality","/c/fr/internationalisme","/c/fr/droit","/c/en/charge"],"weight":0.2222599999999953},"num_concepts_raised":175379},{"base_id":4,"kind":"bot_words","i1":0,"i2":8,"sol":{"path":["/c/en/internationality","/c/en/internationalism","/c/en/cooperation","/c/en/pass","/c/en/contretemps"],"weight":0.20306999999999986},"num_concepts_raised":6520},{"base_id":4,"kind":"bot_words","i1":0,"i2":9,"sol":{"path":["/c/en/internationality","/c/en/internationalism","/c/en/linguistics","/c/en/transcription","/c/en/antisense"],"weight":0.20289999999999994},"num_concepts_raised":3684},{"base_id":4,"kind":"bot_words","i1":1,"i2":2,"sol":{"path":["/c/en/crus","/c/en/leg","/c/en/feet","/c/en/mammal","/c/en/rupicapra"],"weight":0.20900999999999983},"num_concepts_raised":4434},{"base_id":4,"kind":"bot_words","i1":1,"i2":3,"sol":{"path":["/c/en/crus","/c/en/leg","/c/en/foot","/c/en/shid","/c/en/alliteration"],"weight":0.21101999999999996},"num_concepts_raised":4147},{"base_id":4,"kind":"bot_words","i1":1,"i2":4,"sol":{"path":["/c/en/crus","/c/en/leg","/c/en/body","/c/en/river","/c/en/riverboat"],"weight":0.20601999999999987},"num_concepts_raised":7291},{"base_id":4,"kind":"bot_words","i1":1,"i2":5,"sol":{"path":["/c/en/crus","/c/en/shank","/c/en/remove","/c/en/disambiguate","/c/en/disambiguation"],"weight":0.20537999999999984},"num_concepts_raised":2745},{"base_id":4,"kind":"bot_words","i1":1,"i2":6,"sol":{"path":["/c/en/crus","/c/en/leg","/c/en/use","/c/en/exploit"],"weight":0.20998999999999887},"num_concepts_raised":39404},{"base_id":4,"kind":"bot_words","i1":1,"i2":7,"sol":{"path":["/c/en/crus","/c/en/leg","/c/en/military","/c/en/charge"],"weight":0.22597999999999524},"num_concepts_raised":176521},{"base_id":4,"kind":"bot_words","i1":1,"i2":8,"sol":{"path":["/c/en/crus","/c/en/leg","/c/en/distance","/c/en/setback","/c/en/contretemps"],"weight":0.20504999999999984},"num_concepts_raised":7941},{"base_id":4,"kind":"bot_words","i1":1,"i2":9,"sol":{"path":["/c/en/crus","/c/en/leg","/c/en/arm","/c/en/genetics","/c/en/antisense"],"weight":0.20384999999999992},"num_concepts_raised":5146},{"base_id":4,"kind":"bot_words","i1":2,"i2":3,"sol":{"path":["/c/en/rupicapra","/c/en/mammal","/c/en/drill","/c/fr/répétition","/c/en/alliteration"],"weight":0.21513999999999991},"num_concepts_raised":4570},{"base_id":4,"kind":"bot_words","i1":2,"i2":4,"sol":{"path":["/c/en/rupicapra","/c/en/mammal","/c/en/fish","/c/en/river","/c/en/riverboat"],"weight":0.21014999999999984},"num_concepts_raised":7740},{"base_id":4,"kind":"bot_words","i1":2,"i2":5,"sol":{"path":["/c/en/rupicapra","/c/en/mammal","/c/en/animal","/c/en/form","/c/en/disambiguate","/c/en/disambiguation"],"weight":0.21559999999999946},"num_concepts_raised":205315},{"base_id":4,"kind":"bot_words","i1":2,"i2":6,"sol":{"path":["/c/en/rupicapra","/c/en/mammal","/c/en/milk","/c/en/exploit"],"weight":0.21280999999999883},"num_concepts_raised":39922},{"base_id":4,"kind":"bot_words","i1":2,"i2":7,"sol":{"path":["/c/en/rupicapra","/c/en/mammal","/c/en/cat","/c/en/charge"],"weight":0.2273299999999952},"num_concepts_raised":177198},{"base_id":4,"kind":"bot_words","i1":2,"i2":8,"sol":{"path":["/c/en/rupicapra","/c/en/chamois","/c/en/garage","/c/en/brush","/c/en/contretemps"],"weight":0.2081799999999998},"num_concepts_raised":8403},{"base_id":4,"kind":"bot_words","i1":2,"i2":9,"sol":{"path":["/c/en/rupicapra","/c/en/mammal","/c/en/air","/c/en/sense","/c/en/antisense"],"weight":0.20792999999999986},"num_concepts_raised":5570},{"base_id":4,"kind":"bot_words","i1":3,"i2":4,"sol":{"path":["/c/en/alliteration","/c/la/ad","/c/en/agger","/c/en/river","/c/en/riverboat"],"weight":0.21207999999999996},"num_concepts_raised":7458},{"base_id":4,"kind":"bot_words","i1":3,"i2":5,"sol":{"path":["/c/en/alliteration","/c/en/rhyme","/c/fr/linguistique","/c/fr/désambiguïsation","/c/en/disambiguation"],"weight":0.21271999999999994},"num_concepts_raised":2865},{"base_id":4,"kind":"bot_words","i1":3,"i2":6,"sol":{"path":["/c/en/alliteration","/c/la/ad","/c/en/advantage","/c/en/exploit"],"weight":0.21375999999999895},"num_concepts_raised":39582},{"base_id":4,"kind":"bot_words","i1":3,"i2":7,"sol":{"path":["/c/en/alliteration","/c/fi/alkusointu","/c/en/attack","/c/en/charge"],"weight":0.23620999999999534},"num_concepts_raised":176744},{"base_id":4,"kind":"bot_words","i1":3,"i2":8,"sol":{"path":["/c/en/alliteration","/c/fi/alkusointu","/c/en/attack","/c/en/event","/c/en/contretemps"],"weight":0.21411999999999992},"num_concepts_raised":8098},{"base_id":4,"kind":"bot_words","i1":3,"i2":9,"sol":{"path":["/c/en/alliteration","/c/en/rhyme","/c/en/reason","/c/en/sense","/c/en/antisense"],"weight":0.20995999999999998},"num_concepts_raised":5268},{"base_id":4,"kind":"bot_words","i1":4,"i2":5,"sol":{"path":["/c/en/riverboat","/c/en/river","/c/en/clear","/c/en/ambiguous","/c/en/disambiguation"],"weight":0.20662999999999987},"num_concepts_raised":6053},{"base_id":4,"kind":"bot_words","i1":4,"i2":6,"sol":{"path":["/c/en/riverboat","/c/en/ship","/c/en/mine","/c/en/exploit"],"weight":0.20661999999999886},"num_concepts_raised":42598},{"base_id":4,"kind":"bot_words","i1":4,"i2":7,"sol":{"path":["/c/en/riverboat","/c/en/river","/c/en/battle","/c/en/charge"],"weight":0.22442999999999524},"num_concepts_raised":179325},{"base_id":4,"kind":"bot_words","i1":4,"i2":8,"sol":{"path":["/c/en/riverboat","/c/en/ship","/c/en/pass","/c/en/contretemps"],"weight":0.20305999999999982},"num_concepts_raised":11226},{"base_id":4,"kind":"bot_words","i1":4,"i2":9,"sol":{"path":["/c/en/riverboat","/c/en/river","/c/en/sense","/c/en/antisense"],"weight":0.2048899999999999},"num_concepts_raised":8448},{"base_id":4,"kind":"bot_words","i1":5,"i2":6,"sol":{"path":["/c/en/disambiguation","/c/en/ambiguity","/c/en/loophole","/c/en/exploit"],"weight":0.20809999999999884},"num_concepts_raised":38256},{"base_id":4,"kind":"bot_words","i1":5,"i2":7,"sol":{"path":["/c/en/disambiguation","/c/en/clarification","/c/en/free","/c/en/charge"],"weight":0.22307999999999523},"num_concepts_raised":175593},{"base_id":4,"kind":"bot_words","i1":5,"i2":8,"sol":{"path":["/c/en/disambiguation","/c/en/disambiguate","/c/en/remove","/c/en/brush","/c/en/contretemps"],"weight":0.20552999999999982},"num_concepts_raised":6700},{"base_id":4,"kind":"bot_words","i1":5,"i2":9,"sol":{"path":["/c/en/disambiguation","/c/en/disambiguate","/c/en/linguistics","/c/en/transcription","/c/en/antisense"],"weight":0.2053299999999999},"num_concepts_raised":3864},{"base_id":4,"kind":"bot_words","i1":6,"i2":7,"sol":{"path":["/c/en/exploit","/c/en/use","/c/en/charge"],"weight":0.20400000000000001},"num_concepts_raised":1902},{"base_id":4,"kind":"bot_words","i1":6,"i2":8,"sol":{"path":["/c/en/exploit","/c/fr/forfait","/c/en/pass","/c/en/contretemps"],"weight":0.20760999999999882},"num_concepts_raised":43014},{"base_id":4,"kind":"bot_words","i1":6,"i2":9,"sol":{"path":["/c/en/exploit","/c/en/use","/c/en/act","/c/en/transcription","/c/en/antisense"],"weight":0.20917999999999892},"num_concepts_raised":40574},{"base_id":4,"kind":"bot_words","i1":7,"i2":8,"sol":{"path":["/c/en/charge","/c/en/military","/c/en/pass","/c/en/contretemps"],"weight":0.2253399999999952},"num_concepts_raised":179442},{"base_id":4,"kind":"bot_words","i1":7,"i2":9,"sol":{"path":["/c/en/charge","/c/en/lay","/c/en/sense","/c/en/antisense"],"weight":0.22216999999999532},"num_concepts_raised":177654},{"base_id":4,"kind":"bot_words","i1":8,"i2":9,"sol":{"path":["/c/en/contretemps","/c/fr/contretemps","/c/en/reverse","/c/en/genetics","/c/en/antisense"],"weight":0.20505999999999988},"num_concepts_raised":9096}],[{"base_id":4,"kind":"top_words","i1":0,"i2":1,"sol":{"path":["/c/en/saturdays","/c/en/saturday","/c/en/weekday"],"weight":0.20600000000000002},"num_concepts_raised":153},{"base_id":4,"kind":"top_words","i1":0,"i2":2,"sol":{"path":["/c/en/saturdays","/c/en/us","/c/en/right","/c/en/o'clock"],"weight":0.20923999999999954},"num_concepts_raised":21391},{"base_id":4,"kind":"top_words","i1":0,"i2":3,"sol":{"path":["/c/en/saturdays","/c/en/saturday","/c/en/day","/c/en/afternoon","/c/en/p.m"],"weight":0.21065999999999982},"num_concepts_raised":12656},{"base_id":4,"kind":"top_words","i1":0,"i2":4,"sol":{"path":["/c/en/saturdays","/c/en/saturday","/c/en/day","/c/en/maundy_thursday","/c/en/maundy"],"weight":0.21085999999999983},"num_concepts_raised":21288},{"base_id":4,"kind":"top_words","i1":0,"i2":5,"sol":{"path":["/c/en/saturdays","/c/en/us","/c/en/sundown","/c/en/dusk"],"weight":0.21422999999999964},"num_concepts_raised":30279},{"base_id":4,"kind":"top_words","i1":0,"i2":6,"sol":{"path":["/c/en/saturdays","/c/en/saturday","/c/en/day","/c/en/daylight"],"weight":0.2153899999999994},"num_concepts_raised":37411},{"base_id":4,"kind":"top_words","i1":0,"i2":7,"sol":{"path":["/c/en/saturdays","/c/en/saturday","/c/en/day","/c/en/daybreak"],"weight":0.21322999999999975},"num_concepts_raised":22368},{"base_id":4,"kind":"top_words","i1":0,"i2":8,"sol":{"path":["/c/en/saturdays","/c/en/band","/c/en/air","/c/en/airs"],"weight":0.20905999999999975},"num_concepts_raised":15481},{"base_id":4,"kind":"top_words","i1":0,"i2":9,"sol":{"path":["/c/en/saturdays","/c/en/saturday","/c/fr/samedi","/c/fr/matin","/c/en/matinee"],"weight":0.21040999999999985},"num_concepts_raised":14649},{"base_id":4,"kind":"top_words","i1":1,"i2":2,"sol":{"path":["/c/en/weekday","/c/en/week","/c/en/time","/c/en/o'clock"],"weight":0.20803999999999975},"num_concepts_raised":18753},{"base_id":4,"kind":"top_words","i1":1,"i2":3,"sol":{"path":["/c/en/weekday","/c/en/workday","/c/en/nine_to_five","/c/en/p.m"],"weight":0.20762000000000003},"num_concepts_raised":10059},{"base_id":4,"kind":"top_words","i1":1,"i2":4,"sol":{"path":["/c/en/weekday","/c/en/day","/c/en/maundy_thursday","/c/en/maundy"],"weight":0.20619000000000004},"num_concepts_raised":18768},{"base_id":4,"kind":"top_words","i1":1,"i2":5,"sol":{"path":["/c/en/weekday","/c/en/day","/c/en/dusk"],"weight":0.202},"num_concepts_raised":374},{"base_id":4,"kind":"top_words","i1":1,"i2":6,"sol":{"path":["/c/en/weekday","/c/en/day","/c/en/daylight"],"weight":0.20400000000000001},"num_concepts_raised":310},{"base_id":4,"kind":"top_words","i1":1,"i2":7,"sol":{"path":["/c/en/weekday","/c/en/day","/c/en/daybreak"],"weight":0.202},"num_concepts_raised":333},{"base_id":4,"kind":"top_words","i1":1,"i2":8,"sol":{"path":["/c/en/weekday","/c/en/work","/c/en/manner","/c/en/airs"],"weight":0.20493999999999996},"num_concepts_raised":12953},{"base_id":4,"kind":"top_words","i1":1,"i2":9,"sol":{"path":["/c/en/weekday","/c/en/day","/c/en/afternoon","/c/en/matinee"],"weight":0.20570000000000005},"num_concepts_raised":12109},{"base_id":4,"kind":"top_words","i1":2,"i2":3,"sol":{"path":["/c/en/o'clock","/c/en/noon","/c/en/a.m","/c/en/p.m"],"weight":0.2068199999999996},"num_concepts_raised":11070},{"base_id":4,"kind":"top_words","i1":2,"i2":4,"sol":{"path":["/c/en/o'clock","/c/en/time","/c/en/supper","/c/en/maundy"],"weight":0.20444999999999958},"num_concepts_raised":19869},{"base_id":4,"kind":"top_words","i1":2,"i2":5,"sol":{"path":["/c/en/o'clock","/c/en/time","/c/en/dusk"],"weight":0.202},"num_concepts_raised":391},{"base_id":4,"kind":"top_words","i1":2,"i2":6,"sol":{"path":["/c/en/o'clock","/c/en/midnight","/c/en/day","/c/en/daylight"],"weight":0.21092999999999915},"num_concepts_raised":35700},{"base_id":4,"kind":"top_words","i1":2,"i2":7,"sol":{"path":["/c/en/o'clock","/c/en/time","/c/en/dawn","/c/en/daybreak"],"weight":0.21209999999999946},"num_concepts_raised":20669},{"base_id":4,"kind":"top_words","i1":2,"i2":8,"sol":{"path":["/c/en/o'clock","/c/en/right","/c/en/manner","/c/en/airs"],"weight":0.2042899999999995},"num_concepts_raised":13973},{"base_id":4,"kind":"top_words","i1":2,"i2":9,"sol":{"path":["/c/en/o'clock","/c/en/time","/c/en/afternoon","/c/en/matinee"],"weight":0.20495999999999961},"num_concepts_raised":13124},{"base_id":4,"kind":"top_words","i1":3,"i2":4,"sol":{"path":["/c/en/p.m","/c/en/a.m","/c/en/noon","/c/en/supper","/c/en/maundy"],"weight":0.20522999999999988},"num_concepts_raised":11154},{"base_id":4,"kind":"top_words","i1":3,"i2":5,"sol":{"path":["/c/en/p.m","/c/en/afternoon","/c/en/night","/c/en/dusk"],"weight":0.2103199999999997},"num_concepts_raised":19926},{"base_id":4,"kind":"top_words","i1":3,"i2":6,"sol":{"path":["/c/en/p.m","/c/en/afternoon","/c/en/day","/c/en/daylight"],"weight":0.20921999999999946},"num_concepts_raised":27219},{"base_id":4,"kind":"top_words","i1":3,"i2":7,"sol":{"path":["/c/en/p.m","/c/en/afternoon","/c/en/morning","/c/en/daybreak"],"weight":0.20831999999999978},"num_concepts_raised":12049},{"base_id":4,"kind":"top_words","i1":3,"i2":8,"sol":{"path":["/c/en/p.m","/c/en/afternoon","/c/en/a","/c/en/air","/c/en/airs"],"weight":0.20470999999999978},"num_concepts_raised":5156},{"base_id":4,"kind":"top_words","i1":3,"i2":9,"sol":{"path":["/c/en/p.m","/c/en/afternoon","/c/en/matinee"],"weight":0.202},"num_concepts_raised":92},{"base_id":4,"kind":"top_words","i1":4,"i2":5,"sol":{"path":["/c/en/maundy","/c/en/supper","/c/en/sunset","/c/en/dusk"],"weight":0.2096699999999997},"num_concepts_raised":28738},{"base_id":4,"kind":"top_words","i1":4,"i2":6,"sol":{"path":["/c/en/maundy","/c/en/maundy_thursday","/c/en/day","/c/en/daylight"],"weight":0.20920999999999945},"num_concepts_raised":35939},{"base_id":4,"kind":"top_words","i1":4,"i2":7,"sol":{"path":["/c/en/maundy","/c/en/maundy_thursday","/c/en/day","/c/en/daybreak"],"weight":0.2070499999999998},"num_concepts_raised":20897},{"base_id":4,"kind":"top_words","i1":4,"i2":8,"sol":{"path":["/c/en/maundy","/c/en/ceremony","/c/xcl/նազիմ","/c/en/airs"],"weight":0.2027299999999998},"num_concepts_raised":13968},{"base_id":4,"kind":"top_words","i1":4,"i2":9,"sol":{"path":["/c/en/maundy","/c/en/office","/c/en/performance","/c/en/matinee"],"weight":0.2030999999999999},"num_concepts_raised":13166},{"base_id":4,"kind":"top_words","i1":5,"i2":6,"sol":{"path":["/c/en/dusk","/c/en/dawn","/c/en/daylight"],"weight":0.20600000000000002},"num_concepts_raised":434},{"base_id":4,"kind":"top_words","i1":5,"i2":7,"sol":{"path":["/c/en/dusk","/c/en/daybreak"],"weight":0.202},"num_concepts_raised":459},{"base_id":4,"kind":"top_words","i1":5,"i2":8,"sol":{"path":["/c/en/dusk","/c/en/fume","/c/en/air","/c/en/airs"],"weight":0.2078599999999996},"num_concepts_raised":22941},{"base_id":4,"kind":"top_words","i1":5,"i2":9,"sol":{"path":["/c/en/dusk","/c/en/dawn","/c/fr/matinée","/c/en/matinee"],"weight":0.2117699999999997},"num_concepts_raised":21991},{"base_id":4,"kind":"top_words","i1":6,"i2":7,"sol":{"path":["/c/en/daylight","/c/en/daybreak"],"weight":0.202},"num_concepts_raised":386},{"base_id":4,"kind":"top_words","i1":6,"i2":8,"sol":{"path":["/c/en/daylight","/c/en/light","/c/en/air","/c/en/airs"],"weight":0.20818999999999938},"num_concepts_raised":30051},{"base_id":4,"kind":"top_words","i1":6,"i2":9,"sol":{"path":["/c/en/daylight","/c/en/morning","/c/fr/matinée","/c/en/matinee"],"weight":0.2103599999999995},"num_concepts_raised":29113},{"base_id":4,"kind":"top_words","i1":7,"i2":8,"sol":{"path":["/c/en/daybreak","/c/en/dawn","/c/en/light","/c/en/air","/c/en/airs"],"weight":0.21158999999999967},"num_concepts_raised":14951},{"base_id":4,"kind":"top_words","i1":7,"i2":9,"sol":{"path":["/c/en/daybreak","/c/en/dawn","/c/fr/matinée","/c/en/matinee"],"weight":0.21285999999999977},"num_concepts_raised":14023},{"base_id":4,"kind":"top_words","i1":8,"i2":9,"sol":{"path":["/c/en/airs","/c/it/aria","/c/fr/spectacle","/c/fr/matinée","/c/en/matinee"],"weight":0.20547999999999983},"num_concepts_raised":7211}]]