[[{"base_id":228,"kind":"bot_words","i1":0,"i2":1,"sol":{"path":["/c/en/onions","/c/en/table","/c/en/structure","/c/en/otology"],"weight":0.20327999999999982},"num_concepts_raised":29817},{"base_id":228,"kind":"bot_words","i1":0,"i2":2,"sol":{"path":["/c/en/onions","/c/en/onion","/c/nrf/ouongnon","/c/en/jersey","/c/nrf/pieusement","/c/en/piously"],"weight":0.21000279999999993},"num_concepts_raised":635991},{"base_id":228,"kind":"bot_words","i1":0,"i2":3,"sol":{"path":["/c/en/onions","/c/en/market","/c/en/town","/c/en/brighton"],"weight":0.20288999999999985},"num_concepts_raised":125762},{"base_id":228,"kind":"bot_words","i1":0,"i2":4,"sol":{"path":["/c/en/onions","/c/en/skin","/c/en/pox","/c/en/purulent"],"weight":0.20331999999999986},"num_concepts_raised":21082},{"base_id":228,"kind":"bot_words","i1":0,"i2":5,"sol":{"path":["/c/en/onions","/c/en/table","/c/en/surface","/c/en/dent","/c/en/dint"],"weight":0.2050699999999998},"num_concepts_raised":16462},{"base_id":228,"kind":"bot_words","i1":0,"i2":6,"sol":{"path":["/c/en/onions","/c/en/liver","/c/en/body","/c/en/drug","/c/en/bleomycin"],"weight":0.20987999999999984},"num_concepts_raised":23145},{"base_id":228,"kind":"bot_words","i1":0,"i2":7,"sol":{"path":["/c/en/onions","/c/en/skin","/c/en/australia","/c/en/swag"],"weight":0.20495999999999961},"num_concepts_raised":46455},{"base_id":228,"kind":"bot_words","i1":0,"i2":8,"sol":{"path":["/c/en/onions","/c/en/chop","/c/en/cut","/c/en/shorten"],"weight":0.21854999999999963},"num_concepts_raised":36832},{"base_id":228,"kind":"bot_words","i1":0,"i2":9,"sol":{"path":["/c/en/onions","/c/en/liver","/c/en/animal","/c/en/insect","/c/en/pyralidae"],"weight":0.2081699999999998},"num_concepts_raised":11783},{"base_id":228,"kind":"bot_words","i1":1,"i2":2,"sol":{"path":["/c/en/otology","/c/en/medicine","/c/en/disease","/c/en/dreadful","/c/en/pious","/c/en/piously"],"weight":0.2103244999999984},"num_concepts_raised":709955},{"base_id":228,"kind":"bot_words","i1":1,"i2":3,"sol":{"path":["/c/en/otology","/c/en/medicine","/c/en/bridge","/c/en/england","/c/en/brighton"],"weight":0.20455999999999988},"num_concepts_raised":137763},{"base_id":228,"kind":"bot_words","i1":1,"i2":4,"sol":{"path":["/c/en/otology","/c/en/medicine","/c/en/purulent"],"weight":0.202},"num_concepts_raised":100},{"base_id":228,"kind":"bot_words","i1":1,"i2":5,"sol":{"path":["/c/en/otology","/c/en/medicine","/c/en/stroke","/c/en/dint"],"weight":0.20354999999999984},"num_concepts_raised":28320},{"base_id":228,"kind":"bot_words","i1":1,"i2":6,"sol":{"path":["/c/en/otology","/c/en/medicine","/c/en/drug","/c/en/bleomycin"],"weight":0.21056999999999987},"num_concepts_raised":33801},{"base_id":228,"kind":"bot_words","i1":1,"i2":7,"sol":{"path":["/c/en/otology","/c/en/structure","/c/en/fabric","/c/en/swag"],"weight":0.20519999999999966},"num_concepts_raised":58425},{"base_id":228,"kind":"bot_words","i1":1,"i2":8,"sol":{"path":["/c/en/otology","/c/en/function","/c/en/cut","/c/en/shorten"],"weight":0.21887999999999969},"num_concepts_raised":48743},{"base_id":228,"kind":"bot_words","i1":1,"i2":9,"sol":{"path":["/c/en/otology","/c/en/medicine","/c/en/ant","/c/en/insect","/c/en/pyralidae"],"weight":0.20872999999999983},"num_concepts_raised":23719},{"base_id":228,"kind":"bot_words","i1":2,"i2":3,"sol":{"path":["/c/en/piously","/c/nrf/pieusement","/c/en/jersey","/c/en/england","/c/en/brighton"],"weight":0.20510000000000006},"num_concepts_raised":117213},{"base_id":228,"kind":"bot_words","i1":2,"i2":4,"sol":{"path":["/c/en/piously","/c/en/pious","/c/en/god_botherer","/c/en/slang","/c/en/pussy","/c/en/purulent"],"weight":0.2132941000000001},"num_concepts_raised":393614},{"base_id":228,"kind":"bot_words","i1":2,"i2":5,"sol":{"path":["/c/en/piously","/c/fr/pieusement","/c/fr/façon","/c/en/means","/c/en/dint"],"weight":0.20419000000000004},"num_concepts_raised":7921},{"base_id":228,"kind":"bot_words","i1":2,"i2":6,"sol":{"path":["/c/en/piously","/c/en/pious","/c/hi/क्रिया","/c/en/use","/c/en/drug","/c/en/bleomycin"],"weight":0.21531629999999907},"num_concepts_raised":305695},{"base_id":228,"kind":"bot_words","i1":2,"i2":7,"sol":{"path":["/c/en/piously","/c/en/pious","/c/en/god_botherer","/c/en/australia","/c/en/swag"],"weight":0.20615999999999984},"num_concepts_raised":38417},{"base_id":228,"kind":"bot_words","i1":2,"i2":8,"sol":{"path":["/c/en/piously","/c/en/pious","/c/en/silly","/c/en/short","/c/en/shorten"],"weight":0.21942999999999985},"num_concepts_raised":28733},{"base_id":228,"kind":"bot_words","i1":2,"i2":9,"sol":{"path":["/c/en/piously","/c/en/pious","/c/fr/religion","/c/en/archon","/c/en/insect","/c/en/pyralidae"],"weight":0.21327579999999968},"num_concepts_raised":136383},{"base_id":228,"kind":"bot_words","i1":3,"i2":4,"sol":{"path":["/c/en/brighton","/c/en/town","/c/en/cat","/c/en/pussy","/c/en/purulent"],"weight":0.20559999999999992},"num_concepts_raised":128866},{"base_id":228,"kind":"bot_words","i1":3,"i2":5,"sol":{"path":["/c/en/brighton","/c/en/england","/c/en/dent","/c/en/dint"],"weight":0.20607999999999987},"num_concepts_raised":124131},{"base_id":228,"kind":"bot_words","i1":3,"i2":6,"sol":{"path":["/c/en/brighton","/c/en/england","/c/en/deal","/c/en/drug","/c/en/bleomycin"],"weight":0.2109299999999999},"num_concepts_raised":130788},{"base_id":228,"kind":"bot_words","i1":3,"i2":7,"sol":{"path":["/c/en/brighton","/c/en/england","/c/en/sway","/c/en/swag"],"weight":0.20491999999999966},"num_concepts_raised":154134},{"base_id":228,"kind":"bot_words","i1":3,"i2":8,"sol":{"path":["/c/en/brighton","/c/en/england","/c/en/lord","/c/en/shorten"],"weight":0.21698999999999968},"num_concepts_raised":144795},{"base_id":228,"kind":"bot_words","i1":3,"i2":9,"sol":{"path":["/c/en/brighton","/c/en/england","/c/en/wing","/c/en/insect","/c/en/pyralidae"],"weight":0.20919999999999983},"num_concepts_raised":119419},{"base_id":228,"kind":"bot_words","i1":4,"i2":5,"sol":{"path":["/c/en/purulent","/c/en/medicine","/c/en/stroke","/c/en/dint"],"weight":0.2035999999999999},"num_concepts_raised":19488},{"base_id":228,"kind":"bot_words","i1":4,"i2":6,"sol":{"path":["/c/en/purulent","/c/en/medicine","/c/en/drug","/c/en/bleomycin"],"weight":0.21062999999999993},"num_concepts_raised":25260},{"base_id":228,"kind":"bot_words","i1":4,"i2":7,"sol":{"path":["/c/en/purulent","/c/en/pussy","/c/en/slang","/c/en/swag"],"weight":0.2067399999999997},"num_concepts_raised":49746},{"base_id":228,"kind":"bot_words","i1":4,"i2":8,"sol":{"path":["/c/en/purulent","/c/en/medicine","/c/en/reduce","/c/en/shorten"],"weight":0.21726999999999974},"num_concepts_raised":40107},{"base_id":228,"kind":"bot_words","i1":4,"i2":9,"sol":{"path":["/c/en/purulent","/c/en/medicine","/c/en/ant","/c/en/insect","/c/en/pyralidae"],"weight":0.20878999999999986},"num_concepts_raised":14809},{"base_id":228,"kind":"bot_words","i1":5,"i2":6,"sol":{"path":["/c/en/dint","/c/en/blow","/c/en/drug","/c/en/bleomycin"],"weight":0.20992999999999984},"num_concepts_raised":21478},{"base_id":228,"kind":"bot_words","i1":5,"i2":7,"sol":{"path":["/c/en/dint","/c/en/blow","/c/en/slang","/c/en/swag"],"weight":0.20413999999999966},"num_concepts_raised":44788},{"base_id":228,"kind":"bot_words","i1":5,"i2":8,"sol":{"path":["/c/en/dint","/c/en/stroke","/c/en/cut","/c/en/shorten"],"weight":0.21851999999999966},"num_concepts_raised":35237},{"base_id":228,"kind":"bot_words","i1":5,"i2":9,"sol":{"path":["/c/en/dint","/c/en/blow","/c/en/bat","/c/en/insect","/c/en/pyralidae"],"weight":0.2082199999999998},"num_concepts_raised":10123},{"base_id":228,"kind":"bot_words","i1":6,"i2":7,"sol":{"path":["/c/en/bleomycin","/c/en/drug","/c/en/stuff","/c/en/australia","/c/en/swag"],"weight":0.21198999999999968},"num_concepts_raised":51768},{"base_id":228,"kind":"bot_words","i1":6,"i2":8,"sol":{"path":["/c/en/bleomycin","/c/fr/médecine","/c/fr/rétracter","/c/fr/raccourcir","/c/en/shorten"],"weight":0.22568999999999967},"num_concepts_raised":42213},{"base_id":228,"kind":"bot_words","i1":6,"i2":9,"sol":{"path":["/c/en/bleomycin","/c/en/drug","/c/en/dichlorvos","/c/en/insect","/c/en/pyralidae"],"weight":0.21508999999999984},"num_concepts_raised":16738},{"base_id":228,"kind":"bot_words","i1":7,"i2":8,"sol":{"path":["/c/en/swag","/c/en/australia","/c/en/cut","/c/en/shorten"],"weight":0.22055999999999948},"num_concepts_raised":64547},{"base_id":228,"kind":"bot_words","i1":7,"i2":9,"sol":{"path":["/c/en/swag","/c/en/australia","/c/en/spider","/c/en/insect","/c/en/pyralidae"],"weight":0.2102499999999996},"num_concepts_raised":40554},{"base_id":228,"kind":"bot_words","i1":8,"i2":9,"sol":{"path":["/c/en/shorten","/c/en/cut","/c/en/be","/c/en/insect","/c/en/pyralidae"],"weight":0.22372999999999962},"num_concepts_raised":30903}],[{"base_id":228,"kind":"top_words","i1":0,"i2":1,"sol":{"path":["/c/en/envoy","/c/en/ambassador"],"weight":0.20400000000000001},"num_concepts_raised":338},{"base_id":228,"kind":"top_words","i1":0,"i2":2,"sol":{"path":["/c/en/envoy","/c/en/ambassador","/c/en/government","/c/en/undersecretary"],"weight":0.20600999999999953},"num_concepts_raised":19395},{"base_id":228,"kind":"top_words","i1":0,"i2":3,"sol":{"path":["/c/en/envoy","/c/en/delegate","/c/en/computing","/c/en/troubleshooter"],"weight":0.20450999999999941},"num_concepts_raised":29788},{"base_id":228,"kind":"top_words","i1":0,"i2":4,"sol":{"path":["/c/en/envoy","/c/en/messenger","/c/en/legal","/c/en/rapporteur"],"weight":0.20477999999999946},"num_concepts_raised":28119},{"base_id":228,"kind":"top_words","i1":0,"i2":5,"sol":{"path":["/c/en/envoy","/c/en/diplomat"],"weight":0.20700000000000002},"num_concepts_raised":314},{"base_id":228,"kind":"top_words","i1":0,"i2":6,"sol":{"path":["/c/en/envoy","/c/en/short","/c/en/char","/c/en/charlene"],"weight":0.20909999999999948},"num_concepts_raised":17434},{"base_id":228,"kind":"top_words","i1":0,"i2":7,"sol":{"path":["/c/en/envoy","/c/en/diplomat","/c/en/mediator"],"weight":0.203},"num_concepts_raised":359},{"base_id":228,"kind":"top_words","i1":0,"i2":8,"sol":{"path":["/c/en/envoy","/c/en/law","/c/en/slang","/c/en/doss"],"weight":0.20549999999999946},"num_concepts_raised":41395},{"base_id":228,"kind":"top_words","i1":0,"i2":9,"sol":{"path":["/c/en/envoy","/c/en/representative"],"weight":0.202},"num_concepts_raised":526},{"base_id":228,"kind":"top_words","i1":1,"i2":2,"sol":{"path":["/c/en/ambassador","/c/en/government","/c/en/undersecretary"],"weight":0.202},"num_concepts_raised":260},{"base_id":228,"kind":"top_words","i1":1,"i2":3,"sol":{"path":["/c/en/ambassador","/c/en/agent","/c/en/computing","/c/en/troubleshooter"],"weight":0.20673999999999976},"num_concepts_raised":28368},{"base_id":228,"kind":"top_words","i1":1,"i2":4,"sol":{"path":["/c/en/ambassador","/c/en/embassy","/c/en/legal","/c/en/rapporteur"],"weight":0.20868999999999982},"num_concepts_raised":26950},{"base_id":228,"kind":"top_words","i1":1,"i2":5,"sol":{"path":["/c/en/ambassador","/c/en/diplomat"],"weight":0.20800000000000002},"num_concepts_raised":384},{"base_id":228,"kind":"top_words","i1":1,"i2":6,"sol":{"path":["/c/en/ambassador","/c/en/country","/c/en/country_music","/c/en/charlene"],"weight":0.21162999999999982},"num_concepts_raised":15964},{"base_id":228,"kind":"top_words","i1":1,"i2":7,"sol":{"path":["/c/en/ambassador","/c/en/diplomat","/c/en/mediator"],"weight":0.20400000000000001},"num_concepts_raised":436},{"base_id":228,"kind":"top_words","i1":1,"i2":8,"sol":{"path":["/c/en/ambassador","/c/en/job","/c/en/slang","/c/en/doss"],"weight":0.20783999999999977},"num_concepts_raised":39909},{"base_id":228,"kind":"top_words","i1":1,"i2":9,"sol":{"path":["/c/en/ambassador","/c/en/representative"],"weight":0.203},"num_concepts_raised":606},{"base_id":228,"kind":"top_words","i1":2,"i2":3,"sol":{"path":["/c/en/undersecretary","/c/en/government","/c/en/trouble","/c/en/troubleshooter"],"weight":0.20309999999999986},"num_concepts_raised":18052},{"base_id":228,"kind":"top_words","i1":2,"i2":4,"sol":{"path":["/c/en/undersecretary","/c/en/government","/c/en/politics","/c/en/rapporteur"],"weight":0.20307999999999993},"num_concepts_raised":16737},{"base_id":228,"kind":"top_words","i1":2,"i2":5,"sol":{"path":["/c/en/undersecretary","/c/en/government","/c/en/diplomat"],"weight":0.20400000000000001},"num_concepts_raised":215},{"base_id":228,"kind":"top_words","i1":2,"i2":6,"sol":{"path":["/c/en/undersecretary","/c/en/government","/c/en/person","/c/en/charlie","/c/en/charlene"],"weight":0.20808999999999991},"num_concepts_raised":5435},{"base_id":228,"kind":"top_words","i1":2,"i2":7,"sol":{"path":["/c/en/undersecretary","/c/en/government","/c/en/ombudsman","/c/en/mediator"],"weight":0.20629999999999976},"num_concepts_raised":10295},{"base_id":228,"kind":"top_words","i1":2,"i2":8,"sol":{"path":["/c/en/undersecretary","/c/en/government","/c/en/office","/c/en/slang","/c/en/doss"],"weight":0.2043799999999999},"num_concepts_raised":29665},{"base_id":228,"kind":"top_words","i1":2,"i2":9,"sol":{"path":["/c/en/undersecretary","/c/en/government","/c/en/agent","/c/en/representative"],"weight":0.21099999999999894},"num_concepts_raised":49610},{"base_id":228,"kind":"top_words","i1":3,"i2":4,"sol":{"path":["/c/en/troubleshooter","/c/en/problem","/c/en/issue","/c/en/rapporteur"],"weight":0.20268999999999981},"num_concepts_raised":27224},{"base_id":228,"kind":"top_words","i1":3,"i2":5,"sol":{"path":["/c/en/troubleshooter","/c/en/trouble","/c/en/government","/c/en/diplomat"],"weight":0.21149999999999985},"num_concepts_raised":25265},{"base_id":228,"kind":"top_words","i1":3,"i2":6,"sol":{"path":["/c/en/troubleshooter","/c/en/computing","/c/en/char","/c/en/charlene"],"weight":0.20766999999999983},"num_concepts_raised":15987},{"base_id":228,"kind":"top_words","i1":3,"i2":7,"sol":{"path":["/c/en/troubleshooter","/c/ja/まとめ役","/c/en/mediator"],"weight":0.202},"num_concepts_raised":244},{"base_id":228,"kind":"top_words","i1":3,"i2":8,"sol":{"path":["/c/en/troubleshooter","/c/en/cause","/c/en/slang","/c/en/doss"],"weight":0.2039699999999998},"num_concepts_raised":39682},{"base_id":228,"kind":"top_words","i1":3,"i2":9,"sol":{"path":["/c/en/troubleshooter","/c/en/computing","/c/en/agent","/c/en/representative"],"weight":0.21048999999999884},"num_concepts_raised":59729},{"base_id":228,"kind":"top_words","i1":4,"i2":5,"sol":{"path":["/c/en/rapporteur","/c/en/politics","/c/en/diplomacy","/c/en/diplomat"],"weight":0.2137199999999999},"num_concepts_raised":23834},{"base_id":228,"kind":"top_words","i1":4,"i2":6,"sol":{"path":["/c/en/rapporteur","/c/en/body","/c/en/person","/c/en/charlie","/c/en/charlene"],"weight":0.20767999999999986},"num_concepts_raised":14860},{"base_id":228,"kind":"top_words","i1":4,"i2":7,"sol":{"path":["/c/en/rapporteur","/c/en/politics","/c/fr/médiateur","/c/en/mediator"],"weight":0.20808999999999972},"num_concepts_raised":19594},{"base_id":228,"kind":"top_words","i1":4,"i2":8,"sol":{"path":["/c/en/rapporteur","/c/fr/rapporteur","/c/en/telltale","/c/en/slang","/c/en/doss"],"weight":0.20488999999999985},"num_concepts_raised":38696},{"base_id":228,"kind":"top_words","i1":4,"i2":9,"sol":{"path":["/c/en/rapporteur","/c/en/body","/c/en/representative"],"weight":0.202},"num_concepts_raised":416},{"base_id":228,"kind":"top_words","i1":5,"i2":6,"sol":{"path":["/c/en/diplomat","/c/fr/diplomate","/c/fr/cuisine","/c/en/char","/c/en/charlene"],"weight":0.2230999999999999},"num_concepts_raised":12742},{"base_id":228,"kind":"top_words","i1":5,"i2":7,"sol":{"path":["/c/en/diplomat","/c/en/mediator"],"weight":0.20400000000000001},"num_concepts_raised":390},{"base_id":228,"kind":"top_words","i1":5,"i2":8,"sol":{"path":["/c/en/diplomat","/c/en/skill","/c/en/slang","/c/en/doss"],"weight":0.21267999999999987},"num_concepts_raised":36802},{"base_id":228,"kind":"top_words","i1":5,"i2":9,"sol":{"path":["/c/en/diplomat","/c/en/ambassador","/c/en/representative"],"weight":0.20600000000000002},"num_concepts_raised":565},{"base_id":228,"kind":"top_words","i1":6,"i2":7,"sol":{"path":["/c/en/charlene","/c/en/singing","/c/en/sound","/c/en/medium","/c/en/mediator"],"weight":0.21219999999999972},"num_concepts_raised":8209},{"base_id":228,"kind":"top_words","i1":6,"i2":8,"sol":{"path":["/c/en/charlene","/c/en/charlie","/c/en/slang","/c/en/doss"],"weight":0.20896999999999985},"num_concepts_raised":27590},{"base_id":228,"kind":"top_words","i1":6,"i2":9,"sol":{"path":["/c/en/charlene","/c/en/charlie","/c/en/person","/c/en/representative"],"weight":0.21288999999999889},"num_concepts_raised":47929},{"base_id":228,"kind":"top_words","i1":7,"i2":8,"sol":{"path":["/c/en/mediator","/c/en/medium","/c/en/ireland","/c/en/doss"],"weight":0.20741999999999972},"num_concepts_raised":32399},{"base_id":228,"kind":"top_words","i1":7,"i2":9,"sol":{"path":["/c/en/mediator","/c/en/mean","/c/en/representative"],"weight":0.203},"num_concepts_raised":606},{"base_id":228,"kind":"top_words","i1":8,"i2":9,"sol":{"path":["/c/en/doss","/c/en/slang","/c/en/proxy","/c/en/representative"],"weight":0.20945999999999887},"num_concepts_raised":69809}]]