[[{"base_id":992,"kind":"bot_words","i1":0,"i2":1,"sol":{"path":["/c/en/pune","/c/en/india","/c/en/historical","/c/en/wildfire","/c/en/hotshot"],"weight":0.21066999999999986},"num_concepts_raised":7288},{"base_id":992,"kind":"bot_words","i1":0,"i2":2,"sol":{"path":["/c/en/pune","/c/en/india","/c/en/puree","/c/en/purée"],"weight":0.2117999999999998},"num_concepts_raised":7416},{"base_id":992,"kind":"bot_words","i1":0,"i2":3,"sol":{"path":["/c/en/pune","/c/en/india","/c/en/indian","/c/en/amerindian"],"weight":0.2131999999999999},"num_concepts_raised":7848},{"base_id":992,"kind":"bot_words","i1":0,"i2":4,"sol":{"path":["/c/en/pune","/c/en/india","/c/en/sc","/c/en/biology","/c/en/nucleated"],"weight":0.2107099999999998},"num_concepts_raised":11365},{"base_id":992,"kind":"bot_words","i1":0,"i2":5,"sol":{"path":["/c/en/pune","/c/en/india","/c/en/country","/c/en/bermuda"],"weight":0.21858999999999984},"num_concepts_raised":13136},{"base_id":992,"kind":"bot_words","i1":0,"i2":6,"sol":{"path":["/c/en/pune","/c/en/india","/c/en/country","/c/en/guam"],"weight":0.2180099999999999},"num_concepts_raised":12391},{"base_id":992,"kind":"bot_words","i1":0,"i2":7,"sol":{"path":["/c/en/pune","/c/en/india","/c/en/support","/c/en/bone","/c/en/pubis"],"weight":0.22037999999999974},"num_concepts_raised":9487},{"base_id":992,"kind":"bot_words","i1":0,"i2":8,"sol":{"path":["/c/en/pune","/c/en/india","/c/en/college","/c/en/physics","/c/en/interphase"],"weight":0.21602999999999978},"num_concepts_raised":29617},{"base_id":992,"kind":"bot_words","i1":0,"i2":9,"sol":{"path":["/c/en/pune","/c/en/india","/c/en/wallah","/c/en/slang","/c/en/nutcase"],"weight":0.21100999999999978},"num_concepts_raised":29584},{"base_id":992,"kind":"bot_words","i1":1,"i2":2,"sol":{"path":["/c/en/hotshot","/c/en/fiend","/c/en/fool","/c/en/purée"],"weight":0.20262999999999984},"num_concepts_raised":4775},{"base_id":992,"kind":"bot_words","i1":1,"i2":3,"sol":{"path":["/c/en/hotshot","/c/en/firefighter","/c/en/chief","/c/en/indian","/c/en/amerindian"],"weight":0.20620999999999995},"num_concepts_raised":5283},{"base_id":992,"kind":"bot_words","i1":1,"i2":4,"sol":{"path":["/c/en/hotshot","/c/en/talent","/c/en/magic","/c/en/nucleus","/c/en/nucleated"],"weight":0.20275999999999988},"num_concepts_raised":8732},{"base_id":992,"kind":"bot_words","i1":1,"i2":5,"sol":{"path":["/c/en/hotshot","/c/en/talent","/c/en/person","/c/en/bermudian","/c/en/bermuda"],"weight":0.21245999999999993},"num_concepts_raised":10671},{"base_id":992,"kind":"bot_words","i1":1,"i2":6,"sol":{"path":["/c/en/hotshot","/c/en/firefighter","/c/en/company","/c/en/country","/c/en/guam"],"weight":0.21096999999999996},"num_concepts_raised":9992},{"base_id":992,"kind":"bot_words","i1":1,"i2":7,"sol":{"path":["/c/en/hotshot","/c/en/skill","/c/en/slang","/c/en/bone","/c/en/pubis"],"weight":0.2124099999999998},"num_concepts_raised":6850},{"base_id":992,"kind":"bot_words","i1":1,"i2":8,"sol":{"path":["/c/en/hotshot","/c/en/firefighter","/c/en/bob","/c/en/physics","/c/en/interphase"],"weight":0.20906999999999987},"num_concepts_raised":26999},{"base_id":992,"kind":"bot_words","i1":1,"i2":9,"sol":{"path":["/c/en/hotshot","/c/en/skill","/c/en/slang","/c/en/nutcase"],"weight":0.20300999999999986},"num_concepts_raised":26904},{"base_id":992,"kind":"bot_words","i1":2,"i2":3,"sol":{"path":["/c/en/purée","/c/en/puree","/c/en/india","/c/en/indian","/c/en/amerindian"],"weight":0.20633999999999986},"num_concepts_raised":5410},{"base_id":992,"kind":"bot_words","i1":2,"i2":4,"sol":{"path":["/c/en/purée","/c/en/soup","/c/en/biology","/c/en/nucleated"],"weight":0.20275999999999977},"num_concepts_raised":8866},{"base_id":992,"kind":"bot_words","i1":2,"i2":5,"sol":{"path":["/c/en/purée","/c/en/soup","/c/en/onion","/c/en/bermuda"],"weight":0.21053999999999984},"num_concepts_raised":10778},{"base_id":992,"kind":"bot_words","i1":2,"i2":6,"sol":{"path":["/c/en/purée","/c/en/puree","/c/en/india","/c/en/country","/c/en/guam"],"weight":0.2111099999999999},"num_concepts_raised":10138},{"base_id":992,"kind":"bot_words","i1":2,"i2":7,"sol":{"path":["/c/en/purée","/c/en/soup","/c/en/food","/c/en/bone","/c/en/pubis"],"weight":0.21244999999999975},"num_concepts_raised":6990},{"base_id":992,"kind":"bot_words","i1":2,"i2":8,"sol":{"path":["/c/en/purée","/c/en/soup","/c/en/situation","/c/en/interphase"],"weight":0.2079899999999998},"num_concepts_raised":27145},{"base_id":992,"kind":"bot_words","i1":2,"i2":9,"sol":{"path":["/c/en/purée","/c/en/fool","/c/en/slang","/c/en/nutcase"],"weight":0.20306999999999975},"num_concepts_raised":26918},{"base_id":992,"kind":"bot_words","i1":3,"i2":4,"sol":{"path":["/c/en/amerindian","/c/en/indian","/c/en/native","/c/en/biology","/c/en/nucleated"],"weight":0.2052699999999999},"num_concepts_raised":9362},{"base_id":992,"kind":"bot_words","i1":3,"i2":5,"sol":{"path":["/c/en/amerindian","/c/en/red","/c/en/green","/c/en/bermuda"],"weight":0.21070999999999995},"num_concepts_raised":11201},{"base_id":992,"kind":"bot_words","i1":3,"i2":6,"sol":{"path":["/c/en/amerindian","/c/en/american_indian","/c/en/united_states","/c/en/guam"],"weight":0.21138},"num_concepts_raised":10567},{"base_id":992,"kind":"bot_words","i1":3,"i2":7,"sol":{"path":["/c/en/amerindian","/c/en/red","/c/en/blood","/c/en/bone","/c/en/pubis"],"weight":0.21264999999999984},"num_concepts_raised":7492},{"base_id":992,"kind":"bot_words","i1":3,"i2":8,"sol":{"path":["/c/en/amerindian","/c/en/red","/c/en/cell","/c/en/interphase"],"weight":0.20821999999999988},"num_concepts_raised":27638},{"base_id":992,"kind":"bot_words","i1":3,"i2":9,"sol":{"path":["/c/en/amerindian","/c/en/desert_fruit_cake","/c/en/nut","/c/en/nutcase"],"weight":0.20517999999999986},"num_concepts_raised":27600},{"base_id":992,"kind":"bot_words","i1":4,"i2":5,"sol":{"path":["/c/en/nucleated","/c/en/biology","/c/en/person","/c/en/bermudian","/c/en/bermuda"],"weight":0.21253999999999984},"num_concepts_raised":14745},{"base_id":992,"kind":"bot_words","i1":4,"i2":6,"sol":{"path":["/c/en/nucleated","/c/en/nucleus","/c/en/cell","/c/en/english_language","/c/en/guam"],"weight":0.2100499999999999},"num_concepts_raised":14042},{"base_id":992,"kind":"bot_words","i1":4,"i2":7,"sol":{"path":["/c/en/nucleated","/c/fr/nucléé","/c/fr/anatomie","/c/fr/pubis","/c/en/pubis"],"weight":0.21442999999999973},"num_concepts_raised":10909},{"base_id":992,"kind":"bot_words","i1":4,"i2":8,"sol":{"path":["/c/en/nucleated","/c/en/nucleus","/c/en/cell","/c/en/interphase"],"weight":0.2082299999999998},"num_concepts_raised":30239},{"base_id":992,"kind":"bot_words","i1":4,"i2":9,"sol":{"path":["/c/en/nucleated","/c/en/nucleus","/c/la/nux","/c/en/nut","/c/en/nutcase"],"weight":0.2051999999999998},"num_concepts_raised":31070},{"base_id":992,"kind":"bot_words","i1":5,"i2":6,"sol":{"path":["/c/en/bermuda","/c/en/country","/c/en/guam"],"weight":0.20600000000000002},"num_concepts_raised":279},{"base_id":992,"kind":"bot_words","i1":5,"i2":7,"sol":{"path":["/c/en/bermuda","/c/en/country","/c/en/australia","/c/en/bone","/c/en/pubis"],"weight":0.2202699999999998},"num_concepts_raised":12861},{"base_id":992,"kind":"bot_words","i1":5,"i2":8,"sol":{"path":["/c/en/bermuda","/c/en/grass","/c/en/physics","/c/en/interphase"],"weight":0.21584999999999985},"num_concepts_raised":32955},{"base_id":992,"kind":"bot_words","i1":5,"i2":9,"sol":{"path":["/c/en/bermuda","/c/en/grass","/c/en/slang","/c/en/nutcase"],"weight":0.21085999999999983},"num_concepts_raised":32809},{"base_id":992,"kind":"bot_words","i1":6,"i2":7,"sol":{"path":["/c/en/guam","/c/en/country","/c/en/us","/c/en/bone","/c/en/pubis"],"weight":0.21968999999999983},"num_concepts_raised":12202},{"base_id":992,"kind":"bot_words","i1":6,"i2":8,"sol":{"path":["/c/en/guam","/c/en/energy","/c/en/physics","/c/en/interphase"],"weight":0.2152599999999999},"num_concepts_raised":32076},{"base_id":992,"kind":"bot_words","i1":6,"i2":9,"sol":{"path":["/c/en/guam","/c/en/ukraine","/c/en/bug","/c/en/nutcase"],"weight":0.21012999999999987},"num_concepts_raised":32188},{"base_id":992,"kind":"bot_words","i1":7,"i2":8,"sol":{"path":["/c/en/pubis","/c/en/bone","/c/en/composite","/c/en/interphase"],"weight":0.21766999999999972},"num_concepts_raised":29161},{"base_id":992,"kind":"bot_words","i1":7,"i2":9,"sol":{"path":["/c/en/pubis","/c/en/bone","/c/en/slang","/c/en/nutcase"],"weight":0.2127399999999997},"num_concepts_raised":29124},{"base_id":992,"kind":"bot_words","i1":8,"i2":9,"sol":{"path":["/c/en/interphase","/c/en/situation","/c/en/case","/c/en/nutcase"],"weight":0.20813999999999977},"num_concepts_raised":49083}],[{"base_id":992,"kind":"top_words","i1":0,"i2":1,"sol":{"path":["/c/en/ore","/c/en/copper"],"weight":0.20700000000000002},"num_concepts_raised":1780},{"base_id":992,"kind":"top_words","i1":0,"i2":2,"sol":{"path":["/c/en/ore","/c/en/bauxite"],"weight":0.20600000000000002},"num_concepts_raised":617},{"base_id":992,"kind":"top_words","i1":0,"i2":3,"sol":{"path":["/c/en/ore","/c/en/smelting"],"weight":0.20400000000000001},"num_concepts_raised":589},{"base_id":992,"kind":"top_words","i1":0,"i2":4,"sol":{"path":["/c/en/ore","/c/en/mining"],"weight":0.20600000000000002},"num_concepts_raised":1224},{"base_id":992,"kind":"top_words","i1":0,"i2":5,"sol":{"path":["/c/en/ore","/c/en/metal","/c/en/nickel"],"weight":0.20900000000000002},"num_concepts_raised":1034},{"base_id":992,"kind":"top_words","i1":0,"i2":6,"sol":{"path":["/c/en/ore","/c/en/zinc"],"weight":0.20600000000000002},"num_concepts_raised":1099},{"base_id":992,"kind":"top_words","i1":0,"i2":7,"sol":{"path":["/c/en/ore","/c/en/coal"],"weight":0.20600000000000002},"num_concepts_raised":1353},{"base_id":992,"kind":"top_words","i1":0,"i2":8,"sol":{"path":["/c/en/ore","/c/en/uraninite","/c/en/uranium"],"weight":0.20700000000000002},"num_concepts_raised":965},{"base_id":992,"kind":"top_words","i1":0,"i2":9,"sol":{"path":["/c/en/ore","/c/en/molybdenite","/c/en/molybdenum"],"weight":0.20700000000000002},"num_concepts_raised":769},{"base_id":992,"kind":"top_words","i1":1,"i2":2,"sol":{"path":["/c/en/copper","/c/en/ore","/c/en/bauxite"],"weight":0.20600000000000002},"num_concepts_raised":1368},{"base_id":992,"kind":"top_words","i1":1,"i2":3,"sol":{"path":["/c/en/copper","/c/en/metal","/c/en/smelting"],"weight":0.20700000000000002},"num_concepts_raised":1342},{"base_id":992,"kind":"top_words","i1":1,"i2":4,"sol":{"path":["/c/en/copper","/c/en/metal","/c/en/mining"],"weight":0.20800000000000002},"num_concepts_raised":2073},{"base_id":992,"kind":"top_words","i1":1,"i2":5,"sol":{"path":["/c/en/copper","/c/en/metal","/c/en/nickel"],"weight":0.21000000000000002},"num_concepts_raised":1729},{"base_id":992,"kind":"top_words","i1":1,"i2":6,"sol":{"path":["/c/en/copper","/c/en/metal","/c/en/zinc"],"weight":0.20800000000000002},"num_concepts_raised":1749},{"base_id":992,"kind":"top_words","i1":1,"i2":7,"sol":{"path":["/c/en/copper","/c/en/ore","/c/en/coal"],"weight":0.20600000000000002},"num_concepts_raised":2112},{"base_id":992,"kind":"top_words","i1":1,"i2":8,"sol":{"path":["/c/en/copper","/c/en/element","/c/en/uranium"],"weight":0.20700000000000002},"num_concepts_raised":1702},{"base_id":992,"kind":"top_words","i1":1,"i2":9,"sol":{"path":["/c/en/copper","/c/en/transition_metal","/c/en/molybdenum"],"weight":0.20700000000000002},"num_concepts_raised":1504},{"base_id":992,"kind":"top_words","i1":2,"i2":3,"sol":{"path":["/c/en/bauxite","/c/en/ore","/c/en/smelting"],"weight":0.20400000000000001},"num_concepts_raised":155},{"base_id":992,"kind":"top_words","i1":2,"i2":4,"sol":{"path":["/c/en/bauxite","/c/ja/ボーキサイト","/c/en/mining"],"weight":0.20800000000000002},"num_concepts_raised":883},{"base_id":992,"kind":"top_words","i1":2,"i2":5,"sol":{"path":["/c/en/bauxite","/c/en/aluminium","/c/en/metal","/c/en/nickel"],"weight":0.23065999999999964},"num_concepts_raised":54477},{"base_id":992,"kind":"top_words","i1":2,"i2":6,"sol":{"path":["/c/en/bauxite","/c/en/ore","/c/en/zinc"],"weight":0.20600000000000002},"num_concepts_raised":667},{"base_id":992,"kind":"top_words","i1":2,"i2":7,"sol":{"path":["/c/en/bauxite","/c/en/mineral","/c/en/coal"],"weight":0.20600000000000002},"num_concepts_raised":927},{"base_id":992,"kind":"top_words","i1":2,"i2":8,"sol":{"path":["/c/en/bauxite","/c/en/mineral","/c/en/uraninite","/c/en/uranium"],"weight":0.22689999999999977},"num_concepts_raised":14088},{"base_id":992,"kind":"top_words","i1":2,"i2":9,"sol":{"path":["/c/en/bauxite","/c/en/mineral","/c/en/molybdenite","/c/en/molybdenum"],"weight":0.22245000000000026},"num_concepts_raised":12512},{"base_id":992,"kind":"top_words","i1":3,"i2":4,"sol":{"path":["/c/en/smelting","/c/en/metal","/c/en/mining"],"weight":0.20500000000000002},"num_concepts_raised":860},{"base_id":992,"kind":"top_words","i1":3,"i2":5,"sol":{"path":["/c/en/smelting","/c/en/metal","/c/en/nickel"],"weight":0.20700000000000002},"num_concepts_raised":575},{"base_id":992,"kind":"top_words","i1":3,"i2":6,"sol":{"path":["/c/en/smelting","/c/en/metal","/c/en/zinc"],"weight":0.20500000000000002},"num_concepts_raised":642},{"base_id":992,"kind":"top_words","i1":3,"i2":7,"sol":{"path":["/c/en/smelting","/c/en/furnace","/c/en/coal"],"weight":0.20500000000000002},"num_concepts_raised":903},{"base_id":992,"kind":"top_words","i1":3,"i2":8,"sol":{"path":["/c/en/smelting","/c/en/ore","/c/en/uraninite","/c/en/uranium"],"weight":0.21840999999999947},"num_concepts_raised":12747},{"base_id":992,"kind":"top_words","i1":3,"i2":9,"sol":{"path":["/c/en/smelting","/c/en/ore","/c/en/molybdenite","/c/en/molybdenum"],"weight":0.21545999999999998},"num_concepts_raised":10984},{"base_id":992,"kind":"top_words","i1":4,"i2":5,"sol":{"path":["/c/en/mining","/c/en/metal","/c/en/nickel"],"weight":0.20800000000000002},"num_concepts_raised":1307},{"base_id":992,"kind":"top_words","i1":4,"i2":6,"sol":{"path":["/c/en/mining","/c/en/ore","/c/en/zinc"],"weight":0.20600000000000002},"num_concepts_raised":1372},{"base_id":992,"kind":"top_words","i1":4,"i2":7,"sol":{"path":["/c/en/mining","/c/en/coal"],"weight":0.20600000000000002},"num_concepts_raised":1584},{"base_id":992,"kind":"top_words","i1":4,"i2":8,"sol":{"path":["/c/en/mining","/c/en/navajo_neuropathy","/c/en/uranium"],"weight":0.20600000000000002},"num_concepts_raised":1238},{"base_id":992,"kind":"top_words","i1":4,"i2":9,"sol":{"path":["/c/en/mining","/c/de/molybdänbergbau","/c/en/molybdenum"],"weight":0.20600000000000002},"num_concepts_raised":1036},{"base_id":992,"kind":"top_words","i1":5,"i2":6,"sol":{"path":["/c/en/nickel","/c/en/metal","/c/en/zinc"],"weight":0.20800000000000002},"num_concepts_raised":1063},{"base_id":992,"kind":"top_words","i1":5,"i2":7,"sol":{"path":["/c/en/nickel","/c/en/naturally_occurring_tangible_substance","/c/en/coal"],"weight":0.20600000000000002},"num_concepts_raised":1347},{"base_id":992,"kind":"top_words","i1":5,"i2":8,"sol":{"path":["/c/en/nickel","/c/en/chemical_element","/c/en/uranium"],"weight":0.20600000000000002},"num_concepts_raised":946},{"base_id":992,"kind":"top_words","i1":5,"i2":9,"sol":{"path":["/c/en/nickel","/c/en/atomic_number","/c/en/molybdenum"],"weight":0.20600000000000002},"num_concepts_raised":742},{"base_id":992,"kind":"top_words","i1":6,"i2":7,"sol":{"path":["/c/en/zinc","/c/en/ore","/c/en/coal"],"weight":0.20600000000000002},"num_concepts_raised":1416},{"base_id":992,"kind":"top_words","i1":6,"i2":8,"sol":{"path":["/c/en/zinc","/c/en/chemical_element","/c/en/uranium"],"weight":0.20700000000000002},"num_concepts_raised":1013},{"base_id":992,"kind":"top_words","i1":6,"i2":9,"sol":{"path":["/c/en/zinc","/c/en/chemical_element","/c/en/molybdenum"],"weight":0.20700000000000002},"num_concepts_raised":808},{"base_id":992,"kind":"top_words","i1":7,"i2":8,"sol":{"path":["/c/en/coal","/c/en/bhp_billiton","/c/en/uranium"],"weight":0.20600000000000002},"num_concepts_raised":1280},{"base_id":992,"kind":"top_words","i1":7,"i2":9,"sol":{"path":["/c/en/coal","/c/en/carbon","/c/fr/éléments","/c/en/molybdenum"],"weight":0.23783999999999936},"num_concepts_raised":100886},{"base_id":992,"kind":"top_words","i1":8,"i2":9,"sol":{"path":["/c/en/uranium","/c/en/chemical_element","/c/en/molybdenum"],"weight":0.20600000000000002},"num_concepts_raised":668}]]