[[{"base_id":652,"kind":"bot_words","i1":0,"i2":1,"sol":{"path":["/c/en/fourthly","/c/fr/quatrième","/c/fr/élément","/c/fr/feuille","/c/en/leaf"],"weight":0.24854000000000984},"num_concepts_raised":120561},{"base_id":652,"kind":"bot_words","i1":0,"i2":2,"sol":{"path":["/c/en/fourthly","/c/en/fourth","/c/en/us","/c/en/tie","/c/en/tied"],"weight":0.20846999999999966},"num_concepts_raised":13484},{"base_id":652,"kind":"bot_words","i1":0,"i2":3,"sol":{"path":["/c/en/fourthly","/c/en/fourth","/c/en/class","/c/en/common","/c/en/commonplace"],"weight":0.20885999999999952},"num_concepts_raised":12206},{"base_id":652,"kind":"bot_words","i1":0,"i2":4,"sol":{"path":["/c/en/fourthly","/c/en/fourth","/c/en/us","/c/en/foreign","/c/en/contamination"],"weight":0.20719999999999983},"num_concepts_raised":12243},{"base_id":652,"kind":"bot_words","i1":0,"i2":5,"sol":{"path":["/c/en/fourthly","/c/en/fourth","/c/en/quarter","/c/en/line","/c/en/conformity","/c/en/conformism"],"weight":0.21352560000000004},"num_concepts_raised":259585},{"base_id":652,"kind":"bot_words","i1":0,"i2":6,"sol":{"path":["/c/en/fourthly","/c/en/fourth","/c/en/class","/c/en/phenol","/c/en/chalconoid","/c/en/chalcone"],"weight":0.21780949999999982},"num_concepts_raised":365178},{"base_id":652,"kind":"bot_words","i1":0,"i2":7,"sol":{"path":["/c/en/fourthly","/c/fr/quatrième","/c/fr/même","/c/ja/一つ","/c/en/tentatively"],"weight":0.20326999999999995},"num_concepts_raised":992},{"base_id":652,"kind":"bot_words","i1":0,"i2":8,"sol":{"path":["/c/en/fourthly","/c/en/fourth","/c/en/us","/c/hu/ortopédia","/c/en/orthopedics"],"weight":0.20700000000000005},"num_concepts_raised":26854},{"base_id":652,"kind":"bot_words","i1":0,"i2":9,"sol":{"path":["/c/en/fourthly","/c/en/fourth","/c/en/status","/c/en/crown","/c/en/coronet"],"weight":0.20715999999999987},"num_concepts_raised":5581},{"base_id":652,"kind":"bot_words","i1":1,"i2":2,"sol":{"path":["/c/en/leaf","/c/en/plant","/c/en/free","/c/en/tied"],"weight":0.2456700000000095},"num_concepts_raised":130820},{"base_id":652,"kind":"bot_words","i1":1,"i2":3,"sol":{"path":["/c/en/leaf","/c/en/plant","/c/en/stock","/c/en/commonplace"],"weight":0.24761000000000938},"num_concepts_raised":130157},{"base_id":652,"kind":"bot_words","i1":1,"i2":4,"sol":{"path":["/c/en/leaf","/c/en/tree","/c/en/make","/c/en/contamination"],"weight":0.2458000000000097},"num_concepts_raised":130295},{"base_id":652,"kind":"bot_words","i1":1,"i2":5,"sol":{"path":["/c/en/leaf","/c/en/tree","/c/en/standard","/c/en/conformity","/c/en/conformism"],"weight":0.24531000000000996},"num_concepts_raised":120615},{"base_id":652,"kind":"bot_words","i1":1,"i2":6,"sol":{"path":["/c/en/leaf","/c/en/pan","/c/en/organic_compound","/c/en/chalcone"],"weight":0.2439300000000098},"num_concepts_raised":135123},{"base_id":652,"kind":"bot_words","i1":1,"i2":7,"sol":{"path":["/c/en/leaf","/c/fr/feuille","/c/fr/trombone","/c/fr/temporairement","/c/en/tentatively"],"weight":0.24813000000000973},"num_concepts_raised":120417},{"base_id":652,"kind":"bot_words","i1":1,"i2":8,"sol":{"path":["/c/en/leaf","/c/en/node","/c/en/medicine","/c/en/orthopedics"],"weight":0.24161000000000996},"num_concepts_raised":144349},{"base_id":652,"kind":"bot_words","i1":1,"i2":9,"sol":{"path":["/c/en/leaf","/c/en/tree","/c/en/crown","/c/en/coronet"],"weight":0.24592000000000974},"num_concepts_raised":124142},{"base_id":652,"kind":"bot_words","i1":2,"i2":3,"sol":{"path":["/c/en/tied","/c/en/free","/c/en/common","/c/en/commonplace"],"weight":0.20719999999999916},"num_concepts_raised":24220},{"base_id":652,"kind":"bot_words","i1":2,"i2":4,"sol":{"path":["/c/en/tied","/c/en/bundle","/c/en/linguistics","/c/en/contamination"],"weight":0.20566999999999946},"num_concepts_raised":24278},{"base_id":652,"kind":"bot_words","i1":2,"i2":5,"sol":{"path":["/c/en/tied","/c/en/tie","/c/en/line","/c/en/conformity","/c/en/conformism"],"weight":0.2073299999999997},"num_concepts_raised":13523},{"base_id":652,"kind":"bot_words","i1":2,"i2":6,"sol":{"path":["/c/en/tied","/c/en/tie","/c/en/bond","/c/en/chemical_compound","/c/en/chalcone"],"weight":0.21113999999999952},"num_concepts_raised":28463},{"base_id":652,"kind":"bot_words","i1":2,"i2":7,"sol":{"path":["/c/en/tied","/c/en/even","/c/ja/一つ","/c/en/tentatively"],"weight":0.20378999999999953},"num_concepts_raised":13295},{"base_id":652,"kind":"bot_words","i1":2,"i2":8,"sol":{"path":["/c/en/tied","/c/en/united","/c/en/joint","/c/en/orthopedics"],"weight":0.20537999999999967},"num_concepts_raised":38859},{"base_id":652,"kind":"bot_words","i1":2,"i2":9,"sol":{"path":["/c/en/tied","/c/ja/かんたい","/c/en/crown","/c/en/coronet"],"weight":0.2054999999999995},"num_concepts_raised":17773},{"base_id":652,"kind":"bot_words","i1":3,"i2":4,"sol":{"path":["/c/en/commonplace","/c/en/ordinary","/c/en/undesirable","/c/en/contamination"],"weight":0.2107299999999993},"num_concepts_raised":22976},{"base_id":652,"kind":"bot_words","i1":3,"i2":5,"sol":{"path":["/c/en/commonplace","/c/en/ordinary","/c/en/offbeat","/c/en/conform","/c/en/conformism"],"weight":0.21015999999999957},"num_concepts_raised":12232},{"base_id":652,"kind":"bot_words","i1":3,"i2":6,"sol":{"path":["/c/en/commonplace","/c/en/bromide","/c/en/chemical_compound","/c/en/chalcone"],"weight":0.2108799999999994},"num_concepts_raised":27168},{"base_id":652,"kind":"bot_words","i1":3,"i2":7,"sol":{"path":["/c/en/commonplace","/c/fi/tavanomainen","/c/fr/peu","/c/fr/passagèrement","/c/en/tentatively"],"weight":0.2078099999999994},"num_concepts_raised":12024},{"base_id":652,"kind":"bot_words","i1":3,"i2":8,"sol":{"path":["/c/en/commonplace","/c/en/common","/c/en/joint","/c/en/orthopedics"],"weight":0.20699999999999952},"num_concepts_raised":37614},{"base_id":652,"kind":"bot_words","i1":3,"i2":9,"sol":{"path":["/c/en/commonplace","/c/en/ordinary","/c/en/heraldry","/c/en/coronet"],"weight":0.20946999999999935},"num_concepts_raised":16459},{"base_id":652,"kind":"bot_words","i1":4,"i2":5,"sol":{"path":["/c/en/contamination","/c/en/linguistics","/c/en/agreement","/c/en/conformity","/c/en/conformism"],"weight":0.2060899999999999},"num_concepts_raised":12281},{"base_id":652,"kind":"bot_words","i1":4,"i2":6,"sol":{"path":["/c/en/contamination","/c/en/pollution","/c/en/living","/c/en/organic_chemistry","/c/en/chalcone"],"weight":0.2121599999999997},"num_concepts_raised":27215},{"base_id":652,"kind":"bot_words","i1":4,"i2":7,"sol":{"path":["/c/en/contamination","/c/en/taint","/c/en/food","/c/en/chinese_restaurant_syndrome","/c/en/tentatively"],"weight":0.20578999999999975},"num_concepts_raised":12063},{"base_id":652,"kind":"bot_words","i1":4,"i2":8,"sol":{"path":["/c/en/contamination","/c/en/pollution","/c/en/medicine","/c/en/orthopedics"],"weight":0.20784999999999987},"num_concepts_raised":37657},{"base_id":652,"kind":"bot_words","i1":4,"i2":9,"sol":{"path":["/c/en/contamination","/c/en/pollution","/c/en/medicine","/c/en/crown","/c/en/coronet"],"weight":0.2087899999999997},"num_concepts_raised":16580},{"base_id":652,"kind":"bot_words","i1":5,"i2":6,"sol":{"path":["/c/en/conformism","/c/en/conformity","/c/en/normalization","/c/en/natural","/c/en/chalconoid","/c/en/chalcone"],"weight":0.21513299999999988},"num_concepts_raised":216567},{"base_id":652,"kind":"bot_words","i1":5,"i2":7,"sol":{"path":["/c/en/conformism","/c/en/conformity","/c/fr/adéquation","/c/fr/essai","/c/en/tentative","/c/en/tentatively"],"weight":0.21019739999999992},"num_concepts_raised":87806},{"base_id":652,"kind":"bot_words","i1":5,"i2":8,"sol":{"path":["/c/en/conformism","/c/en/conformity","/c/en/compliance","/c/en/medicine","/c/en/orthopedics"],"weight":0.20510000000000012},"num_concepts_raised":26903},{"base_id":652,"kind":"bot_words","i1":5,"i2":9,"sol":{"path":["/c/en/conformism","/c/fr/conformisme","/c/fr/milieu","/c/en/crown","/c/en/coronet"],"weight":0.20597999999999994},"num_concepts_raised":5630},{"base_id":652,"kind":"bot_words","i1":6,"i2":7,"sol":{"path":["/c/en/chalcone","/c/en/chemical_compound","/c/en/monosodium_glutamate","/c/en/chinese_restaurant_syndrome","/c/en/tentatively"],"weight":0.2080499999999998},"num_concepts_raised":15976},{"base_id":652,"kind":"bot_words","i1":6,"i2":8,"sol":{"path":["/c/en/chalcone","/c/en/organic_compound","/c/en/benzene","/c/en/ortho","/c/en/orthopedics"],"weight":0.2096899999999999},"num_concepts_raised":41656},{"base_id":652,"kind":"bot_words","i1":6,"i2":9,"sol":{"path":["/c/en/chalcone","/c/en/organic_chemistry","/c/en/chemistry","/c/en/crown","/c/en/coronet"],"weight":0.20990999999999974},"num_concepts_raised":20568},{"base_id":652,"kind":"bot_words","i1":7,"i2":8,"sol":{"path":["/c/en/tentatively","/c/en/tentative","/c/en/firm_up","/c/en/muscle","/c/en/orthopedics"],"weight":0.20452999999999993},"num_concepts_raised":26677},{"base_id":652,"kind":"bot_words","i1":7,"i2":9,"sol":{"path":["/c/en/tentatively","/c/en/tentative","/c/en/green_paper","/c/en/crown","/c/en/coronet"],"weight":0.20574999999999977},"num_concepts_raised":5407},{"base_id":652,"kind":"bot_words","i1":8,"i2":9,"sol":{"path":["/c/en/orthopedics","/c/en/medicine","/c/en/crown","/c/en/coronet"],"weight":0.2055599999999999},"num_concepts_raised":31171}],[{"base_id":652,"kind":"top_words","i1":0,"i2":1,"sol":{"path":["/c/en/clapping","/c/hy/ծափահարում","/c/en/cheering"],"weight":0.202},"num_concepts_raised":103},{"base_id":652,"kind":"top_words","i1":0,"i2":2,"sol":{"path":["/c/en/clapping","/c/en/acting_in_play","/c/en/crying","/c/en/sobbing"],"weight":0.20432999999999982},"num_concepts_raised":5753},{"base_id":652,"kind":"top_words","i1":0,"i2":3,"sol":{"path":["/c/en/clapping","/c/en/clap","/c/en/slang","/c/en/screaming"],"weight":0.20445999999999973},"num_concepts_raised":26423},{"base_id":652,"kind":"top_words","i1":0,"i2":4,"sol":{"path":["/c/en/clapping","/c/xcl/կայթիւն","/c/en/shouting"],"weight":0.202},"num_concepts_raised":117},{"base_id":652,"kind":"top_words","i1":0,"i2":5,"sol":{"path":["/c/en/clapping","/c/ru/аплодисменты","/c/en/cheers"],"weight":0.20600000000000002},"num_concepts_raised":269},{"base_id":652,"kind":"top_words","i1":0,"i2":6,"sol":{"path":["/c/en/clapping","/c/en/acting_in_play","/c/en/crying","/c/en/weeping"],"weight":0.20434999999999953},"num_concepts_raised":7637},{"base_id":652,"kind":"top_words","i1":0,"i2":7,"sol":{"path":["/c/en/clapping","/c/en/clap","/c/en/sound","/c/en/yelling"],"weight":0.20427999999999968},"num_concepts_raised":122778},{"base_id":652,"kind":"top_words","i1":0,"i2":8,"sol":{"path":["/c/en/clapping","/c/en/hand","/c/en/waving"],"weight":0.202},"num_concepts_raised":95},{"base_id":652,"kind":"top_words","i1":0,"i2":9,"sol":{"path":["/c/en/clapping","/c/en/acting_in_play","/c/en/crying"],"weight":0.20600000000000002},"num_concepts_raised":293},{"base_id":652,"kind":"top_words","i1":1,"i2":2,"sol":{"path":["/c/en/cheering","/c/en/noise","/c/en/cry","/c/en/sobbing"],"weight":0.20367999999999975},"num_concepts_raised":10552},{"base_id":652,"kind":"top_words","i1":1,"i2":3,"sol":{"path":["/c/en/cheering","/c/en/vocalizing","/c/en/screaming"],"weight":0.202},"num_concepts_raised":125},{"base_id":652,"kind":"top_words","i1":1,"i2":4,"sol":{"path":["/c/en/cheering","/c/en/shouting"],"weight":0.202},"num_concepts_raised":142},{"base_id":652,"kind":"top_words","i1":1,"i2":5,"sol":{"path":["/c/en/cheering","/c/en/cheer","/c/en/cheers"],"weight":0.20900000000000002},"num_concepts_raised":296},{"base_id":652,"kind":"top_words","i1":1,"i2":6,"sol":{"path":["/c/en/cheering","/c/en/support","/c/en/pendulous","/c/en/weeping"],"weight":0.20503999999999944},"num_concepts_raised":12407},{"base_id":652,"kind":"top_words","i1":1,"i2":7,"sol":{"path":["/c/en/cheering","/c/en/yell","/c/en/yelling"],"weight":0.203},"num_concepts_raised":119},{"base_id":652,"kind":"top_words","i1":1,"i2":8,"sol":{"path":["/c/en/cheering","/c/en/noise","/c/en/wave","/c/en/waving"],"weight":0.2045399999999996},"num_concepts_raised":20261},{"base_id":652,"kind":"top_words","i1":1,"i2":9,"sol":{"path":["/c/en/cheering","/c/en/noise","/c/en/cry","/c/en/crying"],"weight":0.22070999999999907},"num_concepts_raised":41740},{"base_id":652,"kind":"top_words","i1":2,"i2":3,"sol":{"path":["/c/en/sobbing","/c/en/cry","/c/en/scream","/c/en/screaming"],"weight":0.20493999999999976},"num_concepts_raised":24843},{"base_id":652,"kind":"top_words","i1":2,"i2":4,"sol":{"path":["/c/en/sobbing","/c/en/cry","/c/en/shouting"],"weight":0.202},"num_concepts_raised":124},{"base_id":652,"kind":"top_words","i1":2,"i2":5,"sol":{"path":["/c/en/sobbing","/c/en/crying","/c/en/going_to_movie","/c/en/cheer","/c/en/cheers"],"weight":0.2216800000000001},"num_concepts_raised":15168},{"base_id":652,"kind":"top_words","i1":2,"i2":6,"sol":{"path":["/c/en/sobbing","/c/en/crying","/c/en/weeping"],"weight":0.203},"num_concepts_raised":143},{"base_id":652,"kind":"top_words","i1":2,"i2":7,"sol":{"path":["/c/en/sobbing","/c/en/cry","/c/en/yelling"],"weight":0.202},"num_concepts_raised":101},{"base_id":652,"kind":"top_words","i1":2,"i2":8,"sol":{"path":["/c/en/sobbing","/c/en/cry","/c/en/surrender","/c/en/waving"],"weight":0.20342999999999972},"num_concepts_raised":14054},{"base_id":652,"kind":"top_words","i1":2,"i2":9,"sol":{"path":["/c/en/sobbing","/c/en/crying"],"weight":0.20800000000000002},"num_concepts_raised":290},{"base_id":652,"kind":"top_words","i1":3,"i2":4,"sol":{"path":["/c/en/screaming","/c/en/surprise","/c/en/shouting"],"weight":0.202},"num_concepts_raised":133},{"base_id":652,"kind":"top_words","i1":3,"i2":5,"sol":{"path":["/c/en/screaming","/c/en/slang","/c/en/toast","/c/en/cheers"],"weight":0.21887},"num_concepts_raised":34962},{"base_id":652,"kind":"top_words","i1":3,"i2":6,"sol":{"path":["/c/en/screaming","/c/en/scream","/c/en/cry","/c/en/weeping"],"weight":0.20572999999999947},"num_concepts_raised":26696},{"base_id":652,"kind":"top_words","i1":3,"i2":7,"sol":{"path":["/c/en/screaming","/c/en/scream","/c/en/yelling"],"weight":0.203},"num_concepts_raised":112},{"base_id":652,"kind":"top_words","i1":3,"i2":8,"sol":{"path":["/c/en/screaming","/c/en/slang","/c/en/arm","/c/en/waving"],"weight":0.20351999999999965},"num_concepts_raised":34463},{"base_id":652,"kind":"top_words","i1":3,"i2":9,"sol":{"path":["/c/en/screaming","/c/la/tinniens","/c/en/crying"],"weight":0.20600000000000002},"num_concepts_raised":314},{"base_id":652,"kind":"top_words","i1":4,"i2":5,"sol":{"path":["/c/en/shouting","/c/xcl/կայթիւն","/c/en/cheers"],"weight":0.20600000000000002},"num_concepts_raised":309},{"base_id":652,"kind":"top_words","i1":4,"i2":6,"sol":{"path":["/c/en/shouting","/c/en/cry","/c/en/weeping"],"weight":0.202},"num_concepts_raised":188},{"base_id":652,"kind":"top_words","i1":4,"i2":7,"sol":{"path":["/c/en/shouting","/c/en/yelling"],"weight":0.202},"num_concepts_raised":123},{"base_id":652,"kind":"top_words","i1":4,"i2":8,"sol":{"path":["/c/en/shouting","/c/en/voice","/c/en/movement","/c/en/waving"],"weight":0.2036099999999995},"num_concepts_raised":18134},{"base_id":652,"kind":"top_words","i1":4,"i2":9,"sol":{"path":["/c/en/shouting","/c/en/cry","/c/en/crying"],"weight":0.20800000000000002},"num_concepts_raised":329},{"base_id":652,"kind":"top_words","i1":5,"i2":6,"sol":{"path":["/c/en/cheers","/c/en/cheer","/c/en/going_to_movie","/c/en/crying","/c/en/weeping"],"weight":0.22170999999999982},"num_concepts_raised":17014},{"base_id":652,"kind":"top_words","i1":5,"i2":7,"sol":{"path":["/c/en/cheers","/c/fr/santé","/c/fr/localités","/c/en/yelling"],"weight":0.21892999999999999},"num_concepts_raised":131855},{"base_id":652,"kind":"top_words","i1":5,"i2":8,"sol":{"path":["/c/en/cheers","/c/en/goodbye","/c/en/wave","/c/en/waving"],"weight":0.21753},"num_concepts_raised":24671},{"base_id":652,"kind":"top_words","i1":5,"i2":9,"sol":{"path":["/c/en/cheers","/c/en/cheer","/c/en/going_to_movie","/c/en/crying"],"weight":0.2322799999999995},"num_concepts_raised":46619},{"base_id":652,"kind":"top_words","i1":6,"i2":7,"sol":{"path":["/c/en/weeping","/c/en/cry","/c/en/yelling"],"weight":0.202},"num_concepts_raised":165},{"base_id":652,"kind":"top_words","i1":6,"i2":8,"sol":{"path":["/c/en/weeping","/c/en/cry","/c/en/surrender","/c/en/waving"],"weight":0.20420999999999945},"num_concepts_raised":15908},{"base_id":652,"kind":"top_words","i1":6,"i2":9,"sol":{"path":["/c/en/weeping","/c/en/crying"],"weight":0.20600000000000002},"num_concepts_raised":314},{"base_id":652,"kind":"top_words","i1":7,"i2":8,"sol":{"path":["/c/en/yelling","/c/en/sound","/c/en/wave","/c/en/waving"],"weight":0.2044799999999996},"num_concepts_raised":130890},{"base_id":652,"kind":"top_words","i1":7,"i2":9,"sol":{"path":["/c/en/yelling","/c/en/cry","/c/en/crying"],"weight":0.20800000000000002},"num_concepts_raised":307},{"base_id":652,"kind":"top_words","i1":8,"i2":9,"sol":{"path":["/c/en/waving","/c/en/surrender","/c/en/cry","/c/en/crying"],"weight":0.2203399999999991},"num_concepts_raised":45329}]]