[[{"base_id":184,"kind":"bot_words","i1":0,"i2":1,"sol":{"path":["/c/en/barefaced","/c/en/open","/c/en/door_pump","/c/en/hydraulic","/c/en/hydraulics"],"weight":0.21143999999999996},"num_concepts_raised":14245},{"base_id":184,"kind":"bot_words","i1":0,"i2":2,"sol":{"path":["/c/en/barefaced","/c/en/open","/c/en/circus","/c/en/bird_genus","/c/en/silvia"],"weight":0.2030199999999998},"num_concepts_raised":3786},{"base_id":184,"kind":"bot_words","i1":0,"i2":3,"sol":{"path":["/c/en/barefaced","/c/en/open","/c/en/move","/c/en/convey","/c/en/conveyed"],"weight":0.20392999999999983},"num_concepts_raised":4435},{"base_id":184,"kind":"bot_words","i1":0,"i2":4,"sol":{"path":["/c/en/barefaced","/c/en/overt","/c/gd/soilleir","/c/en/light","/c/en/bioluminescent"],"weight":0.20517999999999986},"num_concepts_raised":16749},{"base_id":184,"kind":"bot_words","i1":0,"i2":5,"sol":{"path":["/c/en/barefaced","/c/en/open","/c/en/country","/c/en/city","/c/en/jinan"],"weight":0.2106699999999997},"num_concepts_raised":7633},{"base_id":184,"kind":"bot_words","i1":0,"i2":6,"sol":{"path":["/c/en/barefaced","/c/en/open","/c/en/box","/c/en/noisemaker"],"weight":0.20301999999999984},"num_concepts_raised":11206},{"base_id":184,"kind":"bot_words","i1":0,"i2":7,"sol":{"path":["/c/en/barefaced","/c/en/bare","/c/en/british","/c/en/shilling","/c/en/schilling"],"weight":0.2054899999999999},"num_concepts_raised":4614},{"base_id":184,"kind":"bot_words","i1":0,"i2":8,"sol":{"path":["/c/en/barefaced","/c/en/bare","/c/en/slang","/c/en/dog","/c/en/terrier"],"weight":0.20711999999999975},"num_concepts_raised":34876},{"base_id":184,"kind":"bot_words","i1":0,"i2":9,"sol":{"path":["/c/en/barefaced","/c/en/open","/c/en/cut","/c/en/archaeology","/c/en/lunate"],"weight":0.20292999999999983},"num_concepts_raised":4700},{"base_id":184,"kind":"bot_words","i1":1,"i2":2,"sol":{"path":["/c/en/hydraulics","/c/en/science","/c/en/astronomy","/c/en/sylvia","/c/en/silvia"],"weight":0.20919999999999994},"num_concepts_raised":11716},{"base_id":184,"kind":"bot_words","i1":1,"i2":3,"sol":{"path":["/c/en/hydraulics","/c/en/liquid","/c/en/medium","/c/en/convey","/c/en/conveyed"],"weight":0.21004999999999996},"num_concepts_raised":12349},{"base_id":184,"kind":"bot_words","i1":1,"i2":4,"sol":{"path":["/c/en/hydraulics","/c/fr/physique","/c/en/light","/c/en/bioluminescent"],"weight":0.21027},"num_concepts_raised":24528},{"base_id":184,"kind":"bot_words","i1":1,"i2":5,"sol":{"path":["/c/en/hydraulics","/c/en/hydraulic","/c/en/water","/c/en/city","/c/en/jinan"],"weight":0.2188899999999998},"num_concepts_raised":15537},{"base_id":184,"kind":"bot_words","i1":1,"i2":6,"sol":{"path":["/c/en/hydraulics","/c/en/liquid","/c/en/horn","/c/en/noisemaker"],"weight":0.20920999999999995},"num_concepts_raised":18992},{"base_id":184,"kind":"bot_words","i1":1,"i2":7,"sol":{"path":["/c/en/hydraulics","/c/en/liquid","/c/en/like","/c/en/shilling","/c/en/schilling"],"weight":0.21165},"num_concepts_raised":12536},{"base_id":184,"kind":"bot_words","i1":1,"i2":8,"sol":{"path":["/c/en/hydraulics","/c/en/science","/c/en/earth","/c/fr/terrier","/c/en/terrier"],"weight":0.21415999999999985},"num_concepts_raised":42581},{"base_id":184,"kind":"bot_words","i1":1,"i2":9,"sol":{"path":["/c/en/hydraulics","/c/en/science","/c/en/anatomy","/c/en/lunate_bone","/c/en/lunate"],"weight":0.20910999999999996},"num_concepts_raised":12606},{"base_id":184,"kind":"bot_words","i1":2,"i2":3,"sol":{"path":["/c/en/silvia","/c/fr/sylvie","/c/fr/donné","/c/fr/donner","/c/en/convey","/c/en/conveyed"],"weight":0.20907819999999971},"num_concepts_raised":139667},{"base_id":184,"kind":"bot_words","i1":2,"i2":4,"sol":{"path":["/c/en/silvia","/c/fr/sylvie","/c/fr/genre","/c/en/biology","/c/en/bioluminescent"],"weight":0.20390999999999987},"num_concepts_raised":14222},{"base_id":184,"kind":"bot_words","i1":2,"i2":5,"sol":{"path":["/c/en/silvia","/c/en/sylvia","/c/en/rome","/c/en/city","/c/en/jinan"],"weight":0.2104999999999997},"num_concepts_raised":5079},{"base_id":184,"kind":"bot_words","i1":2,"i2":6,"sol":{"path":["/c/en/silvia","/c/en/bird_genus","/c/en/genus","/c/en/box","/c/en/noisemaker"],"weight":0.20280999999999982},"num_concepts_raised":8695},{"base_id":184,"kind":"bot_words","i1":2,"i2":7,"sol":{"path":["/c/en/silvia","/c/en/silvius","/c/en/historical","/c/en/shilling","/c/en/schilling"],"weight":0.20532999999999987},"num_concepts_raised":2048},{"base_id":184,"kind":"bot_words","i1":2,"i2":8,"sol":{"path":["/c/en/silvia","/c/en/silvius","/c/en/historical","/c/en/terrier"],"weight":0.2052899999999997},"num_concepts_raised":32415},{"base_id":184,"kind":"bot_words","i1":2,"i2":9,"sol":{"path":["/c/en/silvia","/c/en/sylvia","/c/en/astronomy","/c/en/lunar","/c/en/lunate"],"weight":0.20277999999999985},"num_concepts_raised":2135},{"base_id":184,"kind":"bot_words","i1":3,"i2":4,"sol":{"path":["/c/en/conveyed","/c/en/convey","/c/en/flash","/c/en/light","/c/en/bioluminescent"],"weight":0.20491999999999988},"num_concepts_raised":14801},{"base_id":184,"kind":"bot_words","i1":3,"i2":5,"sol":{"path":["/c/en/conveyed","/c/en/convey","/c/en/transport","/c/en/city","/c/en/jinan"],"weight":0.21130999999999972},"num_concepts_raised":5737},{"base_id":184,"kind":"bot_words","i1":3,"i2":6,"sol":{"path":["/c/en/conveyed","/c/en/convey","/c/en/report","/c/en/noise","/c/en/noisemaker"],"weight":0.20477999999999985},"num_concepts_raised":9335},{"base_id":184,"kind":"bot_words","i1":3,"i2":7,"sol":{"path":["/c/en/conveyed","/c/en/title_deed","/c/en/document","/c/en/currency","/c/en/schilling"],"weight":0.2029399999999999},"num_concepts_raised":2705},{"base_id":184,"kind":"bot_words","i1":3,"i2":8,"sol":{"path":["/c/en/conveyed","/c/en/convey","/c/en/legal","/c/en/terrier"],"weight":0.20621999999999974},"num_concepts_raised":33027},{"base_id":184,"kind":"bot_words","i1":3,"i2":9,"sol":{"path":["/c/en/conveyed","/c/en/convey","/c/en/tell","/c/en/archaeology","/c/en/lunate"],"weight":0.20361999999999986},"num_concepts_raised":2792},{"base_id":184,"kind":"bot_words","i1":4,"i2":5,"sol":{"path":["/c/en/bioluminescent","/c/en/bioluminescence","/c/en/living","/c/en/city","/c/en/jinan"],"weight":0.21255999999999975},"num_concepts_raised":18053},{"base_id":184,"kind":"bot_words","i1":4,"i2":6,"sol":{"path":["/c/en/bioluminescent","/c/en/light","/c/en/sound","/c/en/noise","/c/en/noisemaker"],"weight":0.20512999999999987},"num_concepts_raised":21561},{"base_id":184,"kind":"bot_words","i1":4,"i2":7,"sol":{"path":["/c/en/bioluminescent","/c/en/light","/c/en/united_states","/c/en/shilling","/c/en/schilling"],"weight":0.20647999999999994},"num_concepts_raised":15047},{"base_id":184,"kind":"bot_words","i1":4,"i2":8,"sol":{"path":["/c/en/bioluminescent","/c/en/biology","/c/en/territorial","/c/en/terrier"],"weight":0.20656999999999975},"num_concepts_raised":45135},{"base_id":184,"kind":"bot_words","i1":4,"i2":9,"sol":{"path":["/c/en/bioluminescent","/c/en/biology","/c/en/artifact","/c/en/lunate"],"weight":0.20274999999999987},"num_concepts_raised":15116},{"base_id":184,"kind":"bot_words","i1":5,"i2":6,"sol":{"path":["/c/en/jinan","/c/en/city","/c/en/noise","/c/en/noisemaker"],"weight":0.2114699999999997},"num_concepts_raised":12486},{"base_id":184,"kind":"bot_words","i1":5,"i2":7,"sol":{"path":["/c/en/jinan","/c/en/eastern","/c/en/austria","/c/en/schilling"],"weight":0.20850999999999975},"num_concepts_raised":5895},{"base_id":184,"kind":"bot_words","i1":5,"i2":8,"sol":{"path":["/c/en/jinan","/c/en/city","/c/en/book","/c/en/terrier"],"weight":0.21293999999999957},"num_concepts_raised":35917},{"base_id":184,"kind":"bot_words","i1":5,"i2":9,"sol":{"path":["/c/en/jinan","/c/en/city","/c/en/industry","/c/en/archaeology","/c/en/lunate"],"weight":0.2103499999999997},"num_concepts_raised":5982},{"base_id":184,"kind":"bot_words","i1":6,"i2":7,"sol":{"path":["/c/en/noisemaker","/c/en/noise","/c/en/pound","/c/en/shilling","/c/en/schilling"],"weight":0.2063699999999999},"num_concepts_raised":9505},{"base_id":184,"kind":"bot_words","i1":6,"i2":8,"sol":{"path":["/c/en/noisemaker","/c/en/ratchet","/c/en/dog","/c/en/terrier"],"weight":0.20689999999999972},"num_concepts_raised":39336},{"base_id":184,"kind":"bot_words","i1":6,"i2":9,"sol":{"path":["/c/en/noisemaker","/c/en/device","/c/en/artifact","/c/en/lunate"],"weight":0.20271999999999984},"num_concepts_raised":9574},{"base_id":184,"kind":"bot_words","i1":7,"i2":8,"sol":{"path":["/c/en/schilling","/c/en/shilling","/c/en/historical","/c/en/terrier"],"weight":0.2077799999999998},"num_concepts_raised":33127},{"base_id":184,"kind":"bot_words","i1":7,"i2":9,"sol":{"path":["/c/en/schilling","/c/en/shilling","/c/en/historical","/c/en/artifact","/c/en/lunate"],"weight":0.2052099999999999},"num_concepts_raised":2964},{"base_id":184,"kind":"bot_words","i1":8,"i2":9,"sol":{"path":["/c/en/terrier","/c/en/terra","/c/en/lunar","/c/en/lunate"],"weight":0.20537999999999973},"num_concepts_raised":33252}],[{"base_id":184,"kind":"top_words","i1":0,"i2":1,"sol":{"path":["/c/en/vladimir","/c/en/vlad","/c/en/bikie","/c/en/slang","/c/en/yuri"],"weight":0.20962999999999987},"num_concepts_raised":18521},{"base_id":184,"kind":"top_words","i1":0,"i2":2,"sol":{"path":["/c/en/vladimir","/c/cu/владь","/c/cs/vladislav","/c/fr/prénom","/c/fr/dimitri","/c/en/dmitry"],"weight":0.2056658999999998},"num_concepts_raised":15527},{"base_id":184,"kind":"top_words","i1":0,"i2":3,"sol":{"path":["/c/en/vladimir","/c/en/vlad","/c/en/law","/c/en/government","/c/en/kremlin"],"weight":0.2100799999999997},"num_concepts_raised":6657},{"base_id":184,"kind":"top_words","i1":0,"i2":4,"sol":{"path":["/c/en/vladimir","/c/ru/владимир","/c/ru/владимирский","/c/fr/nom_de_famille","/c/la/sergius","/c/en/sergey"],"weight":0.2080211999999999},"num_concepts_raised":21669},{"base_id":184,"kind":"top_words","i1":0,"i2":5,"sol":{"path":["/c/en/vladimir","/c/ru/владимир","/c/ru/владимирский","/c/fr/russe","/c/en/russian"],"weight":0.22163999999999867},"num_concepts_raised":24867},{"base_id":184,"kind":"top_words","i1":0,"i2":6,"sol":{"path":["/c/en/vladimir","/c/en/vlad","/c/en/queensland","/c/en/australia","/c/en/given_name","/c/en/igor"],"weight":0.21311349999999968},"num_concepts_raised":73291},{"base_id":184,"kind":"top_words","i1":0,"i2":7,"sol":{"path":["/c/en/vladimir","/c/en/vlad","/c/en/bikie","/c/en/slang","/c/en/boris"],"weight":0.20946999999999982},"num_concepts_raised":24598},{"base_id":184,"kind":"top_words","i1":0,"i2":8,"sol":{"path":["/c/en/vladimir","/c/en/vlad","/c/en/law","/c/en/scotland","/c/en/tass"],"weight":0.2042399999999998},"num_concepts_raised":8211},{"base_id":184,"kind":"top_words","i1":0,"i2":9,"sol":{"path":["/c/en/vladimir","/c/en/vlad","/c/en/law","/c/en/legislature","/c/en/duma"],"weight":0.20490999999999981},"num_concepts_raised":7049},{"base_id":184,"kind":"top_words","i1":1,"i2":2,"sol":{"path":["/c/en/yuri","/c/en/slang","/c/en/dimitri","/c/fr/dimitri","/c/en/dmitry"],"weight":0.20816999999999986},"num_concepts_raised":18502},{"base_id":184,"kind":"top_words","i1":1,"i2":3,"sol":{"path":["/c/en/yuri","/c/en/romance","/c/en/historical","/c/sh/kremlj","/c/en/kremlin"],"weight":0.21613999999999975},"num_concepts_raised":24729},{"base_id":184,"kind":"top_words","i1":1,"i2":4,"sol":{"path":["/c/en/yuri","/c/en/yaoi","/c/ja/やおい","/c/fr/masculin","/c/ru/сергей","/c/en/sergey"],"weight":0.2155261999999999},"num_concepts_raised":832320},{"base_id":184,"kind":"top_words","i1":1,"i2":5,"sol":{"path":["/c/en/yuri","/c/en/slang","/c/en/language","/c/en/russian"],"weight":0.2230699999999987},"num_concepts_raised":42534},{"base_id":184,"kind":"top_words","i1":1,"i2":6,"sol":{"path":["/c/en/yuri","/c/en/anime","/c/en/moe","/c/en/given_name","/c/en/igor"],"weight":0.21357999999999988},"num_concepts_raised":19591},{"base_id":184,"kind":"top_words","i1":1,"i2":7,"sol":{"path":["/c/en/yuri","/c/en/slang","/c/en/boris"],"weight":0.20600000000000002},"num_concepts_raised":85},{"base_id":184,"kind":"top_words","i1":1,"i2":8,"sol":{"path":["/c/en/yuri","/c/ja/百合","/c/fr/argot","/c/fr/tasse","/c/en/tass"],"weight":0.21248999999999985},"num_concepts_raised":26115},{"base_id":184,"kind":"top_words","i1":1,"i2":9,"sol":{"path":["/c/en/yuri","/c/en/slang","/c/en/dom","/c/ru/дума","/c/en/duma"],"weight":0.21116999999999986},"num_concepts_raised":25137},{"base_id":184,"kind":"top_words","i1":2,"i2":3,"sol":{"path":["/c/en/dmitry","/c/ru/дмитрий","/c/de/russisch","/c/en/russian","/c/en/kremlin"],"weight":0.20966999999999972},"num_concepts_raised":6636},{"base_id":184,"kind":"top_words","i1":2,"i2":4,"sol":{"path":["/c/en/dmitry","/c/bg/димитър","/c/fr/masculin","/c/ru/сергей","/c/en/sergey"],"weight":0.20365999999999984},"num_concepts_raised":213},{"base_id":184,"kind":"top_words","i1":2,"i2":5,"sol":{"path":["/c/en/dmitry","/c/ru/дмитрий","/c/de/russisch","/c/en/russian"],"weight":0.21635999999999866},"num_concepts_raised":24846},{"base_id":184,"kind":"top_words","i1":2,"i2":6,"sol":{"path":["/c/en/dmitry","/c/fr/dimitri","/c/fr/prénom","/c/fr/igor","/c/en/igor"],"weight":0.20814999999999986},"num_concepts_raised":1445},{"base_id":184,"kind":"top_words","i1":2,"i2":7,"sol":{"path":["/c/en/dmitry","/c/fr/dimitri","/c/fr/masculin","/c/en/boris"],"weight":0.20807999999999982},"num_concepts_raised":24575},{"base_id":184,"kind":"top_words","i1":2,"i2":8,"sol":{"path":["/c/en/dmitry","/c/ru/дмитрий","/c/lv/dmitrijs","/c/en/rather","/c/en/dialectal","/c/en/tass"],"weight":0.20791469999999918},"num_concepts_raised":404985},{"base_id":184,"kind":"top_words","i1":2,"i2":9,"sol":{"path":["/c/en/dmitry","/c/ru/дмитрий","/c/de/russisch","/c/en/russian","/c/en/duma"],"weight":0.20449999999999982},"num_concepts_raised":7030},{"base_id":184,"kind":"top_words","i1":3,"i2":4,"sol":{"path":["/c/en/kremlin","/c/fr/kremlin","/c/fr/russe","/c/fr/sergueï","/c/en/sergey"],"weight":0.21476999999999977},"num_concepts_raised":6587},{"base_id":184,"kind":"top_words","i1":3,"i2":5,"sol":{"path":["/c/en/kremlin","/c/en/russian"],"weight":0.20600000000000002},"num_concepts_raised":501},{"base_id":184,"kind":"top_words","i1":3,"i2":6,"sol":{"path":["/c/en/kremlin","/c/en/russia","/c/en/don","/c/en/given_name","/c/en/igor"],"weight":0.21397999999999978},"num_concepts_raised":7813},{"base_id":184,"kind":"top_words","i1":3,"i2":7,"sol":{"path":["/c/en/kremlin","/c/en/russian","/c/en/boris"],"weight":0.20600000000000002},"num_concepts_raised":119},{"base_id":184,"kind":"top_words","i1":3,"i2":8,"sol":{"path":["/c/en/kremlin","/c/sh/kremlj","/c/en/historical","/c/en/cup","/c/en/tass"],"weight":0.2108499999999997},"num_concepts_raised":14487},{"base_id":184,"kind":"top_words","i1":3,"i2":9,"sol":{"path":["/c/en/kremlin","/c/en/russian","/c/en/duma"],"weight":0.20400000000000001},"num_concepts_raised":147},{"base_id":184,"kind":"top_words","i1":4,"i2":5,"sol":{"path":["/c/en/sergey","/c/fr/sergueï","/c/fr/russe","/c/en/russian"],"weight":0.2200599999999987},"num_concepts_raised":24794},{"base_id":184,"kind":"top_words","i1":4,"i2":6,"sol":{"path":["/c/en/sergey","/c/ru/сергей","/c/fr/masculin","/c/fr/igor","/c/en/igor"],"weight":0.2091599999999999},"num_concepts_raised":1396},{"base_id":184,"kind":"top_words","i1":4,"i2":7,"sol":{"path":["/c/en/sergey","/c/ru/сергей","/c/fr/masculin","/c/en/boris"],"weight":0.2090899999999999},"num_concepts_raised":24520},{"base_id":184,"kind":"top_words","i1":4,"i2":8,"sol":{"path":["/c/en/sergey","/c/ru/сергей","/c/fr/masculin","/c/is/bolli","/c/en/cup","/c/en/tass"],"weight":0.20779879999999978},"num_concepts_raised":410916},{"base_id":184,"kind":"top_words","i1":4,"i2":9,"sol":{"path":["/c/en/sergey","/c/fr/sergueï","/c/fr/russe","/c/en/russian","/c/en/duma"],"weight":0.20346999999999987},"num_concepts_raised":6981},{"base_id":184,"kind":"top_words","i1":5,"i2":6,"sol":{"path":["/c/en/russian","/c/en/boris","/c/en/given_name","/c/en/igor"],"weight":0.21843999999999872},"num_concepts_raised":26001},{"base_id":184,"kind":"top_words","i1":5,"i2":7,"sol":{"path":["/c/en/russian","/c/en/boris"],"weight":0.20600000000000002},"num_concepts_raised":464},{"base_id":184,"kind":"top_words","i1":5,"i2":8,"sol":{"path":["/c/en/russian","/c/en/language","/c/en/tool","/c/en/tas","/c/en/tass"],"weight":0.21858999999999867},"num_concepts_raised":32581},{"base_id":184,"kind":"top_words","i1":5,"i2":9,"sol":{"path":["/c/en/russian","/c/en/duma"],"weight":0.20400000000000001},"num_concepts_raised":491},{"base_id":184,"kind":"top_words","i1":6,"i2":7,"sol":{"path":["/c/en/igor","/c/en/given_name","/c/en/boris"],"weight":0.20600000000000002},"num_concepts_raised":73},{"base_id":184,"kind":"top_words","i1":6,"i2":8,"sol":{"path":["/c/en/igor","/c/en/given_name","/c/en/australia","/c/en/tas","/c/en/tass"],"weight":0.20909999999999984},"num_concepts_raised":9351},{"base_id":184,"kind":"top_words","i1":6,"i2":9,"sol":{"path":["/c/en/igor","/c/en/given_name","/c/en/us","/c/en/doom","/c/en/duma"],"weight":0.20882999999999985},"num_concepts_raised":8209},{"base_id":184,"kind":"top_words","i1":7,"i2":8,"sol":{"path":["/c/en/boris","/c/en/slang","/c/en/tool","/c/en/tas","/c/en/tass"],"weight":0.2091799999999998},"num_concepts_raised":32194},{"base_id":184,"kind":"top_words","i1":7,"i2":9,"sol":{"path":["/c/en/boris","/c/en/russian","/c/en/duma"],"weight":0.20400000000000001},"num_concepts_raised":109},{"base_id":184,"kind":"top_words","i1":8,"i2":9,"sol":{"path":["/c/en/tass","/c/en/cup","/c/en/wine","/c/en/duma"],"weight":0.20365999999999979},"num_concepts_raised":14886}]]