[[{"base_id":275,"kind":"bot_words","i1":0,"i2":1,"sol":{"path":["/c/en/embrasure","/c/en/port","/c/en/europe","/c/en/austria","/c/en/albertina"],"weight":0.20969999999999983},"num_concepts_raised":20764},{"base_id":275,"kind":"bot_words","i1":0,"i2":2,"sol":{"path":["/c/en/embrasure","/c/en/port","/c/en/historical","/c/en/coup"],"weight":0.20515999999999973},"num_concepts_raised":35582},{"base_id":275,"kind":"bot_words","i1":0,"i2":3,"sol":{"path":["/c/en/embrasure","/c/en/sole","/c/en/plant","/c/en/mammillaria"],"weight":0.20859999999999992},"num_concepts_raised":27180},{"base_id":275,"kind":"bot_words","i1":0,"i2":4,"sol":{"path":["/c/en/embrasure","/c/en/port","/c/en/europe","/c/en/greece","/c/en/kavala"],"weight":0.21268000000000026},"num_concepts_raised":13108},{"base_id":275,"kind":"bot_words","i1":0,"i2":5,"sol":{"path":["/c/en/embrasure","/c/fr/embrasure","/c/fr/canon","/c/en/religion","/c/en/apotropaic"],"weight":0.20555},"num_concepts_raised":16835},{"base_id":275,"kind":"bot_words","i1":0,"i2":6,"sol":{"path":["/c/en/embrasure","/c/en/military","/c/en/boot","/c/en/compensation"],"weight":0.2078299999999993},"num_concepts_raised":28357},{"base_id":275,"kind":"bot_words","i1":0,"i2":7,"sol":{"path":["/c/en/embrasure","/c/en/military","/c/en/push","/c/en/pushed"],"weight":0.20435999999999993},"num_concepts_raised":26299},{"base_id":275,"kind":"bot_words","i1":0,"i2":8,"sol":{"path":["/c/en/embrasure","/c/en/port","/c/en/city","/c/en/győr"],"weight":0.21016999999999986},"num_concepts_raised":15346},{"base_id":275,"kind":"bot_words","i1":0,"i2":9,"sol":{"path":["/c/en/embrasure","/c/en/military","/c/en/country","/c/en/cao"],"weight":0.2083799999999999},"num_concepts_raised":30403},{"base_id":275,"kind":"bot_words","i1":1,"i2":2,"sol":{"path":["/c/en/albertina","/c/en/museum","/c/en/historical","/c/en/coup"],"weight":0.20860999999999957},"num_concepts_raised":33228},{"base_id":275,"kind":"bot_words","i1":1,"i2":3,"sol":{"path":["/c/en/albertina","/c/en/austria","/c/en/australia","/c/en/cactus","/c/en/mammillaria"],"weight":0.21533999999999975},"num_concepts_raised":24084},{"base_id":275,"kind":"bot_words","i1":1,"i2":4,"sol":{"path":["/c/en/albertina","/c/en/austria","/c/en/europe","/c/en/greece","/c/en/kavala"],"weight":0.21620000000000011},"num_concepts_raised":9805},{"base_id":275,"kind":"bot_words","i1":1,"i2":5,"sol":{"path":["/c/en/albertina","/c/fr/prénom","/c/ar/سعيد","/c/en/lucky","/c/en/apotropaic"],"weight":0.20900999999999986},"num_concepts_raised":13570},{"base_id":275,"kind":"bot_words","i1":1,"i2":6,"sol":{"path":["/c/en/albertina","/c/fr/prénom","/c/en/bill","/c/en/pay","/c/en/compensation"],"weight":0.21387999999999915},"num_concepts_raised":25408},{"base_id":275,"kind":"bot_words","i1":1,"i2":7,"sol":{"path":["/c/en/albertina","/c/en/museum","/c/en/objects","/c/en/push","/c/en/pushed"],"weight":0.20889999999999978},"num_concepts_raised":23205},{"base_id":275,"kind":"bot_words","i1":1,"i2":8,"sol":{"path":["/c/en/albertina","/c/en/museum","/c/en/city","/c/en/győr"],"weight":0.21364999999999973},"num_concepts_raised":12117},{"base_id":275,"kind":"bot_words","i1":1,"i2":9,"sol":{"path":["/c/en/albertina","/c/en/austria","/c/en/country","/c/en/cao"],"weight":0.21295999999999973},"num_concepts_raised":27440},{"base_id":275,"kind":"bot_words","i1":2,"i2":3,"sol":{"path":["/c/en/coup","/c/en/us","/c/en/plant","/c/en/mammillaria"],"weight":0.2086899999999997},"num_concepts_raised":39675},{"base_id":275,"kind":"bot_words","i1":2,"i2":4,"sol":{"path":["/c/en/coup","/c/en/us","/c/en/greek","/c/en/greece","/c/en/kavala"],"weight":0.21163000000000004},"num_concepts_raised":25573},{"base_id":275,"kind":"bot_words","i1":2,"i2":5,"sol":{"path":["/c/en/coup","/c/en/success","/c/en/lucky","/c/en/apotropaic"],"weight":0.20447999999999977},"num_concepts_raised":29258},{"base_id":275,"kind":"bot_words","i1":2,"i2":6,"sol":{"path":["/c/en/coup","/c/en/success","/c/en/reward","/c/en/compensation"],"weight":0.20942999999999906},"num_concepts_raised":40514},{"base_id":275,"kind":"bot_words","i1":2,"i2":7,"sol":{"path":["/c/en/coup","/c/en/roll","/c/en/push","/c/en/pushed"],"weight":0.20438999999999968},"num_concepts_raised":38518},{"base_id":275,"kind":"bot_words","i1":2,"i2":8,"sol":{"path":["/c/en/coup","/c/en/coop","/c/en/hungary","/c/en/győr"],"weight":0.21113999999999963},"num_concepts_raised":27717},{"base_id":275,"kind":"bot_words","i1":2,"i2":9,"sol":{"path":["/c/en/coup","/c/en/us","/c/en/college","/c/en/cao"],"weight":0.20840999999999965},"num_concepts_raised":42386},{"base_id":275,"kind":"bot_words","i1":3,"i2":4,"sol":{"path":["/c/en/mammillaria","/c/en/plant","/c/en/haberlea","/c/en/greece","/c/en/kavala"],"weight":0.21625000000000016},"num_concepts_raised":16418},{"base_id":275,"kind":"bot_words","i1":3,"i2":5,"sol":{"path":["/c/en/mammillaria","/c/en/cactus","/c/en/slang","/c/en/evil","/c/en/apotropaic"],"weight":0.21021999999999996},"num_concepts_raised":20155},{"base_id":275,"kind":"bot_words","i1":3,"i2":6,"sol":{"path":["/c/en/mammillaria","/c/en/plant","/c/en/boot","/c/en/compensation"],"weight":0.21245999999999926},"num_concepts_raised":31906},{"base_id":275,"kind":"bot_words","i1":3,"i2":7,"sol":{"path":["/c/en/mammillaria","/c/en/plant","/c/en/person","/c/en/pushed"],"weight":0.20795999999999987},"num_concepts_raised":29707},{"base_id":275,"kind":"bot_words","i1":3,"i2":8,"sol":{"path":["/c/en/mammillaria","/c/en/cactus","/c/en/water","/c/en/city","/c/en/győr"],"weight":0.21581999999999982},"num_concepts_raised":18728},{"base_id":275,"kind":"bot_words","i1":3,"i2":9,"sol":{"path":["/c/en/mammillaria","/c/en/cactus","/c/en/australia","/c/en/college","/c/en/cao"],"weight":0.21513999999999983},"num_concepts_raised":33810},{"base_id":275,"kind":"bot_words","i1":4,"i2":5,"sol":{"path":["/c/en/kavala","/c/en/administrative_region","/c/en/kentucky","/c/en/religion","/c/en/apotropaic"],"weight":0.2090100000000003},"num_concepts_raised":5902},{"base_id":275,"kind":"bot_words","i1":4,"i2":6,"sol":{"path":["/c/en/kavala","/c/en/greece","/c/en/gree","/c/en/satisfaction","/c/en/compensation"],"weight":0.21542999999999957},"num_concepts_raised":17763},{"base_id":275,"kind":"bot_words","i1":4,"i2":7,"sol":{"path":["/c/en/kavala","/c/en/greece","/c/en/greek","/c/en/person","/c/en/pushed"],"weight":0.2109000000000002},"num_concepts_raised":15569},{"base_id":275,"kind":"bot_words","i1":4,"i2":8,"sol":{"path":["/c/en/kavala","/c/en/greece","/c/en/country","/c/en/hungary","/c/en/győr"],"weight":0.21872000000000014},"num_concepts_raised":4435},{"base_id":275,"kind":"bot_words","i1":4,"i2":9,"sol":{"path":["/c/en/kavala","/c/en/greece","/c/en/country","/c/en/cao"],"weight":0.21595000000000014},"num_concepts_raised":19789},{"base_id":275,"kind":"bot_words","i1":5,"i2":6,"sol":{"path":["/c/en/apotropaic","/c/en/religion","/c/ar/دين","/c/en/compensation"],"weight":0.20733999999999936},"num_concepts_raised":21390},{"base_id":275,"kind":"bot_words","i1":5,"i2":7,"sol":{"path":["/c/en/apotropaic","/c/en/evil","/c/en/person","/c/en/pushed"],"weight":0.20278999999999997},"num_concepts_raised":19210},{"base_id":275,"kind":"bot_words","i1":5,"i2":8,"sol":{"path":["/c/en/apotropaic","/c/en/religion","/c/en/church","/c/en/city","/c/en/győr"],"weight":0.2086099999999999},"num_concepts_raised":8221},{"base_id":275,"kind":"bot_words","i1":5,"i2":9,"sol":{"path":["/c/en/apotropaic","/c/en/apotropaism","/c/en/magic","/c/en/medicine","/c/en/cao"],"weight":0.20883999999999994},"num_concepts_raised":23473},{"base_id":275,"kind":"bot_words","i1":6,"i2":7,"sol":{"path":["/c/en/compensation","/c/en/reward","/c/en/person","/c/en/pushed"],"weight":0.20868999999999926},"num_concepts_raised":30727},{"base_id":275,"kind":"bot_words","i1":6,"i2":8,"sol":{"path":["/c/en/compensation","/c/en/pay","/c/en/tar","/c/en/hungary","/c/en/győr"],"weight":0.2163899999999992},"num_concepts_raised":20022},{"base_id":275,"kind":"bot_words","i1":6,"i2":9,"sol":{"path":["/c/en/compensation","/c/en/restitution","/c/en/medicine","/c/en/cao"],"weight":0.21325999999999923},"num_concepts_raised":35018},{"base_id":275,"kind":"bot_words","i1":7,"i2":8,"sol":{"path":["/c/en/pushed","/c/en/crowd","/c/en/city","/c/en/győr"],"weight":0.20840999999999982},"num_concepts_raised":17837},{"base_id":275,"kind":"bot_words","i1":7,"i2":9,"sol":{"path":["/c/en/pushed","/c/en/crowd","/c/en/body","/c/en/cao"],"weight":0.20770999999999984},"num_concepts_raised":32798},{"base_id":275,"kind":"bot_words","i1":8,"i2":9,"sol":{"path":["/c/en/győr","/c/en/hungary","/c/en/country","/c/en/cao"],"weight":0.21548999999999977},"num_concepts_raised":21953}],[{"base_id":275,"kind":"top_words","i1":0,"i2":1,"sol":{"path":["/c/en/mathematical","/c/en/statistics","/c/en/stochastic"],"weight":0.202},"num_concepts_raised":302},{"base_id":275,"kind":"top_words","i1":0,"i2":2,"sol":{"path":["/c/en/mathematical","/c/en/computer","/c/en/computation"],"weight":0.202},"num_concepts_raised":364},{"base_id":275,"kind":"top_words","i1":0,"i2":3,"sol":{"path":["/c/en/mathematical","/c/en/base_case","/c/en/algorithm"],"weight":0.20400000000000001},"num_concepts_raised":591},{"base_id":275,"kind":"top_words","i1":0,"i2":4,"sol":{"path":["/c/en/mathematical","/c/en/mathematics","/c/en/probabilistic"],"weight":0.203},"num_concepts_raised":271},{"base_id":275,"kind":"top_words","i1":0,"i2":5,"sol":{"path":["/c/en/mathematical","/c/en/mathematics","/c/en/space","/c/en/spatial"],"weight":0.21128999999999923},"num_concepts_raised":44914},{"base_id":275,"kind":"top_words","i1":0,"i2":6,"sol":{"path":["/c/en/mathematical","/c/en/statistics","/c/en/bayesian"],"weight":0.202},"num_concepts_raised":265},{"base_id":275,"kind":"top_words","i1":0,"i2":7,"sol":{"path":["/c/en/mathematical","/c/en/numerical"],"weight":0.202},"num_concepts_raised":390},{"base_id":275,"kind":"top_words","i1":0,"i2":8,"sol":{"path":["/c/en/mathematical","/c/en/dry_lab","/c/en/computational"],"weight":0.202},"num_concepts_raised":294},{"base_id":275,"kind":"top_words","i1":0,"i2":9,"sol":{"path":["/c/en/mathematical","/c/en/statistics","/c/en/regression"],"weight":0.202},"num_concepts_raised":376},{"base_id":275,"kind":"top_words","i1":1,"i2":2,"sol":{"path":["/c/en/stochastic","/c/en/random","/c/en/computing","/c/en/computation"],"weight":0.20715999999999968},"num_concepts_raised":17335},{"base_id":275,"kind":"top_words","i1":1,"i2":3,"sol":{"path":["/c/en/stochastic","/c/en/random","/c/en/pseudorandom","/c/en/algorithm"],"weight":0.21720999999999985},"num_concepts_raised":17303},{"base_id":275,"kind":"top_words","i1":1,"i2":4,"sol":{"path":["/c/en/stochastic","/c/en/probabilistic"],"weight":0.20400000000000001},"num_concepts_raised":87},{"base_id":275,"kind":"top_words","i1":1,"i2":5,"sol":{"path":["/c/en/stochastic","/c/en/random","/c/en/mathematics","/c/en/space","/c/en/spatial"],"weight":0.2091299999999997},"num_concepts_raised":12891},{"base_id":275,"kind":"top_words","i1":1,"i2":6,"sol":{"path":["/c/en/stochastic","/c/en/statistics","/c/en/bayesian"],"weight":0.202},"num_concepts_raised":82},{"base_id":275,"kind":"top_words","i1":1,"i2":7,"sol":{"path":["/c/en/stochastic","/c/en/random","/c/en/monte_carlo_method","/c/en/numerical"],"weight":0.20770999999999973},"num_concepts_raised":19497},{"base_id":275,"kind":"top_words","i1":1,"i2":8,"sol":{"path":["/c/en/stochastic","/c/en/statistics","/c/en/data","/c/en/computational"],"weight":0.2040899999999999},"num_concepts_raised":5085},{"base_id":275,"kind":"top_words","i1":1,"i2":9,"sol":{"path":["/c/en/stochastic","/c/en/statistics","/c/en/regression"],"weight":0.202},"num_concepts_raised":193},{"base_id":275,"kind":"top_words","i1":2,"i2":3,"sol":{"path":["/c/en/computation","/c/en/calculation","/c/en/algorithm"],"weight":0.20400000000000001},"num_concepts_raised":471},{"base_id":275,"kind":"top_words","i1":2,"i2":4,"sol":{"path":["/c/en/computation","/c/it/calcolo","/c/en/mathematics","/c/en/probabilistic"],"weight":0.20535999999999968},"num_concepts_raised":26650},{"base_id":275,"kind":"top_words","i1":2,"i2":5,"sol":{"path":["/c/en/computation","/c/en/computer","/c/en/space","/c/en/spatial"],"weight":0.20743999999999946},"num_concepts_raised":26322},{"base_id":275,"kind":"top_words","i1":2,"i2":6,"sol":{"path":["/c/en/computation","/c/it/calcolo","/c/en/mathematics","/c/en/probability","/c/en/bayesian"],"weight":0.20527999999999966},"num_concepts_raised":16969},{"base_id":275,"kind":"top_words","i1":2,"i2":7,"sol":{"path":["/c/en/computation","/c/en/fortran","/c/en/numerical"],"weight":0.202},"num_concepts_raised":281},{"base_id":275,"kind":"top_words","i1":2,"i2":8,"sol":{"path":["/c/en/computation","/c/en/computational"],"weight":0.20400000000000001},"num_concepts_raised":168},{"base_id":275,"kind":"top_words","i1":2,"i2":9,"sol":{"path":["/c/en/computation","/c/it/calcolo","/c/en/medicine","/c/en/regression"],"weight":0.2067599999999994},"num_concepts_raised":46379},{"base_id":275,"kind":"top_words","i1":3,"i2":4,"sol":{"path":["/c/en/algorithm","/c/zh/算法","/c/en/mathematics","/c/en/probabilistic"],"weight":0.21685999999999983},"num_concepts_raised":26432},{"base_id":275,"kind":"top_words","i1":3,"i2":5,"sol":{"path":["/c/en/algorithm","/c/en/k_d_tree","/c/en/space","/c/en/spatial"],"weight":0.21761999999999962},"num_concepts_raised":26164},{"base_id":275,"kind":"top_words","i1":3,"i2":6,"sol":{"path":["/c/en/algorithm","/c/en/gibbs_sampling","/c/en/statistics","/c/en/bayesian"],"weight":0.21430999999999983},"num_concepts_raised":16949},{"base_id":275,"kind":"top_words","i1":3,"i2":7,"sol":{"path":["/c/en/algorithm","/c/en/arabic_numeral","/c/en/number","/c/en/numerical"],"weight":0.2189599999999996},"num_concepts_raised":32628},{"base_id":275,"kind":"top_words","i1":3,"i2":8,"sol":{"path":["/c/en/algorithm","/c/en/bremermann's_limit","/c/en/computational"],"weight":0.20400000000000001},"num_concepts_raised":403},{"base_id":275,"kind":"top_words","i1":3,"i2":9,"sol":{"path":["/c/en/algorithm","/c/en/software","/c/en/regression"],"weight":0.20400000000000001},"num_concepts_raised":485},{"base_id":275,"kind":"top_words","i1":4,"i2":5,"sol":{"path":["/c/en/probabilistic","/c/en/mathematics","/c/en/space","/c/en/spatial"],"weight":0.20626999999999973},"num_concepts_raised":22373},{"base_id":275,"kind":"top_words","i1":4,"i2":6,"sol":{"path":["/c/en/probabilistic","/c/en/probability","/c/en/bayesian"],"weight":0.202},"num_concepts_raised":51},{"base_id":275,"kind":"top_words","i1":4,"i2":7,"sol":{"path":["/c/en/probabilistic","/c/en/mathematics","/c/en/number","/c/en/numerical"],"weight":0.2077299999999997},"num_concepts_raised":28686},{"base_id":275,"kind":"top_words","i1":4,"i2":8,"sol":{"path":["/c/en/probabilistic","/c/en/mathematics","/c/fr/computationnel","/c/en/computational"],"weight":0.20545999999999992},"num_concepts_raised":14806},{"base_id":275,"kind":"top_words","i1":4,"i2":9,"sol":{"path":["/c/en/probabilistic","/c/en/stochastic","/c/en/statistics","/c/en/regression"],"weight":0.20562999999999965},"num_concepts_raised":42703},{"base_id":275,"kind":"top_words","i1":5,"i2":6,"sol":{"path":["/c/en/spatial","/c/en/event","/c/en/probability","/c/en/bayesian"],"weight":0.20469999999999972},"num_concepts_raised":12513},{"base_id":275,"kind":"top_words","i1":5,"i2":7,"sol":{"path":["/c/en/spatial","/c/en/seismometry","/c/en/numerical"],"weight":0.202},"num_concepts_raised":306},{"base_id":275,"kind":"top_words","i1":5,"i2":8,"sol":{"path":["/c/en/spatial","/c/en/geospatial","/c/en/data","/c/en/computational"],"weight":0.20621999999999968},"num_concepts_raised":14413},{"base_id":275,"kind":"top_words","i1":5,"i2":9,"sol":{"path":["/c/en/spatial","/c/en/space","/c/en/time","/c/en/regression"],"weight":0.20791999999999944},"num_concepts_raised":42446},{"base_id":275,"kind":"top_words","i1":6,"i2":7,"sol":{"path":["/c/en/bayesian","/c/en/probability","/c/en/number","/c/en/numerical"],"weight":0.2073999999999997},"num_concepts_raised":19123},{"base_id":275,"kind":"top_words","i1":6,"i2":8,"sol":{"path":["/c/en/bayesian","/c/en/statistics","/c/en/data","/c/en/computational"],"weight":0.2033299999999999},"num_concepts_raised":4695},{"base_id":275,"kind":"top_words","i1":6,"i2":9,"sol":{"path":["/c/en/bayesian","/c/en/statistics","/c/en/regression"],"weight":0.202},"num_concepts_raised":156},{"base_id":275,"kind":"top_words","i1":7,"i2":8,"sol":{"path":["/c/en/numerical","/c/fr/numéricien","/c/en/computational"],"weight":0.202},"num_concepts_raised":211},{"base_id":275,"kind":"top_words","i1":7,"i2":9,"sol":{"path":["/c/en/numerical","/c/en/number","/c/en/measure","/c/en/regression"],"weight":0.20911999999999942},"num_concepts_raised":48953},{"base_id":275,"kind":"top_words","i1":8,"i2":9,"sol":{"path":["/c/en/computational","/c/fr/informatique","/c/fr/régression","/c/en/regression"],"weight":0.2069799999999996},"num_concepts_raised":35305}]]