[[{"base_id":663,"kind":"bot_words","i1":0,"i2":1,"sol":{"path":["/c/en/seychelles","/c/en/country","/c/en/music","/c/en/electropop"],"weight":0.22044999999999995},"num_concepts_raised":23463},{"base_id":663,"kind":"bot_words","i1":0,"i2":2,"sol":{"path":["/c/en/seychelles","/c/en/victoria","/c/en/plenty","/c/en/sufficiently","/c/en/adequately"],"weight":0.2179500000000001},"num_concepts_raised":13807},{"base_id":663,"kind":"bot_words","i1":0,"i2":3,"sol":{"path":["/c/en/seychelles","/c/en/english_language","/c/en/irish_people","/c/en/vikings"],"weight":0.22072999999999982},"num_concepts_raised":11188},{"base_id":663,"kind":"bot_words","i1":0,"i2":4,"sol":{"path":["/c/en/seychelles","/c/en/woman","/c/en/jurywoman","/c/en/juror"],"weight":0.2175100000000001},"num_concepts_raised":12969},{"base_id":663,"kind":"bot_words","i1":0,"i2":5,"sol":{"path":["/c/en/seychelles","/c/en/victoria","/c/en/historical","/c/en/atom","/c/en/atomize"],"weight":0.21876000000000007},"num_concepts_raised":17162},{"base_id":663,"kind":"bot_words","i1":0,"i2":6,"sol":{"path":["/c/en/seychelles","/c/en/victoria","/c/en/company","/c/en/concern"],"weight":0.2316699999999981},"num_concepts_raised":75683},{"base_id":663,"kind":"bot_words","i1":0,"i2":7,"sol":{"path":["/c/en/seychelles","/c/en/religion","/c/en/scientology","/c/en/engram"],"weight":0.22052000000000005},"num_concepts_raised":18967},{"base_id":663,"kind":"bot_words","i1":0,"i2":8,"sol":{"path":["/c/en/seychelles","/c/en/crab","/c/en/fish","/c/en/halibut"],"weight":0.22363000000000022},"num_concepts_raised":15690},{"base_id":663,"kind":"bot_words","i1":0,"i2":9,"sol":{"path":["/c/en/seychelles","/c/en/victoria","/c/en/plant","/c/en/fungi","/c/en/fungicidal"],"weight":0.21744000000000008},"num_concepts_raised":16183},{"base_id":663,"kind":"bot_words","i1":1,"i2":2,"sol":{"path":["/c/en/electropop","/c/en/gain","/c/en/suitably","/c/fr/convenablement","/c/en/adequately"],"weight":0.2108899999999997},"num_concepts_raised":16268},{"base_id":663,"kind":"bot_words","i1":1,"i2":3,"sol":{"path":["/c/en/electropop","/c/en/music","/c/en/viking_metal","/c/en/viking","/c/en/vikings"],"weight":0.21389999999999942},"num_concepts_raised":13678},{"base_id":663,"kind":"bot_words","i1":1,"i2":4,"sol":{"path":["/c/en/electropop","/c/en/dev","/c/en/legal","/c/en/jurat","/c/en/juror"],"weight":0.2116799999999997},"num_concepts_raised":15454},{"base_id":663,"kind":"bot_words","i1":1,"i2":5,"sol":{"path":["/c/en/electropop","/c/en/gain","/c/en/reduce","/c/en/atomize"],"weight":0.2084899999999997},"num_concepts_raised":19564},{"base_id":663,"kind":"bot_words","i1":1,"i2":6,"sol":{"path":["/c/en/electropop","/c/en/gain","/c/en/interest","/c/en/concern"],"weight":0.22919999999999768},"num_concepts_raised":77780},{"base_id":663,"kind":"bot_words","i1":1,"i2":7,"sol":{"path":["/c/en/electropop","/c/en/gain","/c/en/clear","/c/en/engram"],"weight":0.21337999999999963},"num_concepts_raised":21342},{"base_id":663,"kind":"bot_words","i1":1,"i2":8,"sol":{"path":["/c/en/electropop","/c/en/miss","/c/en/fish","/c/en/halibut"],"weight":0.2164999999999998},"num_concepts_raised":18197},{"base_id":663,"kind":"bot_words","i1":1,"i2":9,"sol":{"path":["/c/en/electropop","/c/en/music","/c/en/fungi","/c/en/fungicidal"],"weight":0.2083099999999997},"num_concepts_raised":18616},{"base_id":663,"kind":"bot_words","i1":2,"i2":3,"sol":{"path":["/c/en/adequately","/c/en/adequate","/c/en/plenty","/c/en/canada","/c/en/viking","/c/en/vikings"],"weight":0.21365829999999938},"num_concepts_raised":270192},{"base_id":663,"kind":"bot_words","i1":2,"i2":4,"sol":{"path":["/c/en/adequately","/c/en/well_fed","/c/en/person","/c/en/jurat","/c/en/juror"],"weight":0.2067399999999998},"num_concepts_raised":5661},{"base_id":663,"kind":"bot_words","i1":2,"i2":5,"sol":{"path":["/c/en/adequately","/c/en/properly","/c/en/break","/c/en/take_apart","/c/en/atomize"],"weight":0.20508999999999983},"num_concepts_raised":9855},{"base_id":663,"kind":"bot_words","i1":2,"i2":6,"sol":{"path":["/c/en/adequately","/c/en/content","/c/en/feeling","/c/en/concern"],"weight":0.21785999999999783},"num_concepts_raised":68663},{"base_id":663,"kind":"bot_words","i1":2,"i2":7,"sol":{"path":["/c/en/adequately","/c/en/appropriately","/c/en/clearheaded","/c/en/clear","/c/en/engram"],"weight":0.20992999999999978},"num_concepts_raised":11689},{"base_id":663,"kind":"bot_words","i1":2,"i2":8,"sol":{"path":["/c/en/adequately","/c/en/sufficient","/c/ms/tahan","/c/en/fish","/c/en/halibut"],"weight":0.21188999999999994},"num_concepts_raised":8454},{"base_id":663,"kind":"bot_words","i1":2,"i2":9,"sol":{"path":["/c/en/adequately","/c/en/appropriately","/c/en/clearheaded","/c/en/ability","/c/en/fungicidal"],"weight":0.2047399999999998},"num_concepts_raised":8869},{"base_id":663,"kind":"bot_words","i1":3,"i2":4,"sol":{"path":["/c/en/vikings","/c/en/viking","/c/en/historical","/c/en/jurat","/c/en/juror"],"weight":0.21199999999999955},"num_concepts_raised":3047},{"base_id":663,"kind":"bot_words","i1":3,"i2":5,"sol":{"path":["/c/en/vikings","/c/en/viking","/c/en/historical","/c/en/atom","/c/en/atomize"],"weight":0.21013999999999955},"num_concepts_raised":7246},{"base_id":663,"kind":"bot_words","i1":3,"i2":6,"sol":{"path":["/c/en/vikings","/c/en/row_boat","/c/en/human","/c/en/care","/c/en/concern"],"weight":0.22847999999999752},"num_concepts_raised":66365},{"base_id":663,"kind":"bot_words","i1":3,"i2":7,"sol":{"path":["/c/en/vikings","/c/en/viking","/c/en/settle","/c/en/clear","/c/en/engram"],"weight":0.2139499999999995},"num_concepts_raised":9121},{"base_id":663,"kind":"bot_words","i1":3,"i2":8,"sol":{"path":["/c/en/vikings","/c/en/viking","/c/en/boat","/c/en/fish","/c/en/halibut"],"weight":0.21706999999999965},"num_concepts_raised":5829},{"base_id":663,"kind":"bot_words","i1":3,"i2":9,"sol":{"path":["/c/en/vikings","/c/en/old_norse","/c/en/old","/c/en/fungus","/c/en/fungicidal"],"weight":0.20867999999999953},"num_concepts_raised":6275},{"base_id":663,"kind":"bot_words","i1":4,"i2":5,"sol":{"path":["/c/en/juror","/c/en/jurat","/c/en/part","/c/en/atom","/c/en/atomize"],"weight":0.20774999999999982},"num_concepts_raised":9039},{"base_id":663,"kind":"bot_words","i1":4,"i2":6,"sol":{"path":["/c/en/juror","/c/en/jurat","/c/en/concern"],"weight":0.20600000000000002},"num_concepts_raised":843},{"base_id":663,"kind":"bot_words","i1":4,"i2":7,"sol":{"path":["/c/en/juror","/c/it/giurato","/c/en/law","/c/en/physical","/c/en/engram"],"weight":0.2116599999999998},"num_concepts_raised":10893},{"base_id":663,"kind":"bot_words","i1":4,"i2":8,"sol":{"path":["/c/en/juror","/c/en/jurat","/c/en/person","/c/en/fish","/c/en/halibut"],"weight":0.21468999999999994},"num_concepts_raised":7634},{"base_id":663,"kind":"bot_words","i1":4,"i2":9,"sol":{"path":["/c/en/juror","/c/en/jurisdiction","/c/en/control","/c/en/fungicidal"],"weight":0.20432999999999982},"num_concepts_raised":8048},{"base_id":663,"kind":"bot_words","i1":5,"i2":6,"sol":{"path":["/c/en/atomize","/c/en/atom","/c/en/matter","/c/en/concern"],"weight":0.22322999999999782},"num_concepts_raised":71782},{"base_id":663,"kind":"bot_words","i1":5,"i2":7,"sol":{"path":["/c/en/atomize","/c/en/atom","/c/en/physical","/c/en/engram"],"weight":0.20962999999999976},"num_concepts_raised":14943},{"base_id":663,"kind":"bot_words","i1":5,"i2":8,"sol":{"path":["/c/en/atomize","/c/en/atom","/c/en/object","/c/en/fish","/c/en/halibut"],"weight":0.21281999999999995},"num_concepts_raised":11813},{"base_id":663,"kind":"bot_words","i1":5,"i2":9,"sol":{"path":["/c/en/atomize","/c/en/spray","/c/en/burgundy_mixture","/c/en/fungicidal"],"weight":0.20357999999999982},"num_concepts_raised":12172},{"base_id":663,"kind":"bot_words","i1":6,"i2":7,"sol":{"path":["/c/en/concern","/c/en/matter","/c/en/change","/c/en/engram"],"weight":0.22705999999999776},"num_concepts_raised":73251},{"base_id":663,"kind":"bot_words","i1":6,"i2":8,"sol":{"path":["/c/en/concern","/c/en/part","/c/en/butt","/c/en/halibut"],"weight":0.22757999999999795},"num_concepts_raised":70713},{"base_id":663,"kind":"bot_words","i1":6,"i2":9,"sol":{"path":["/c/en/concern","/c/en/mind","/c/en/control","/c/en/fungicidal"],"weight":0.2175899999999978},"num_concepts_raised":70956},{"base_id":663,"kind":"bot_words","i1":7,"i2":8,"sol":{"path":["/c/en/engram","/c/en/clear","/c/en/water","/c/en/fish","/c/en/halibut"],"weight":0.2166599999999999},"num_concepts_raised":13653},{"base_id":663,"kind":"bot_words","i1":7,"i2":9,"sol":{"path":["/c/en/engram","/c/en/memory","/c/en/ability","/c/en/fungicidal"],"weight":0.20827999999999977},"num_concepts_raised":14029},{"base_id":663,"kind":"bot_words","i1":8,"i2":9,"sol":{"path":["/c/en/halibut","/c/en/fish","/c/en/food","/c/en/fungus","/c/en/fungicidal"],"weight":0.21155999999999991},"num_concepts_raised":10852}],[{"base_id":663,"kind":"top_words","i1":0,"i2":1,"sol":{"path":["/c/en/quadri","/c/en/four","/c/en/case","/c/en/peel","/c/en/rind"],"weight":0.20862999999999965},"num_concepts_raised":18208},{"base_id":663,"kind":"top_words","i1":0,"i2":2,"sol":{"path":["/c/en/quadri","/c/en/four","/c/en/rank","/c/en/khan"],"weight":0.2155800000000001},"num_concepts_raised":6312},{"base_id":663,"kind":"top_words","i1":0,"i2":3,"sol":{"path":["/c/en/quadri","/c/en/tetra","/c/en/tetrarchy","/c/en/historical","/c/en/nawab"],"weight":0.2039699999999999},"num_concepts_raised":11748},{"base_id":663,"kind":"top_words","i1":0,"i2":4,"sol":{"path":["/c/en/quadri","/c/en/quad","/c/en/line","/c/en/turkish_language","/c/en/zaman"],"weight":0.20884999999999987},"num_concepts_raised":3039},{"base_id":663,"kind":"top_words","i1":0,"i2":5,"sol":{"path":["/c/en/quadri","/c/en/tetra","/c/en/germany","/c/en/norse_mythology","/c/en/vali"],"weight":0.2037699999999999},"num_concepts_raised":3202},{"base_id":663,"kind":"top_words","i1":0,"i2":6,"sol":{"path":["/c/en/quadri","/c/en/quadriceps","/c/en/anatomy","/c/en/ali"],"weight":0.21400999999999942},"num_concepts_raised":40840},{"base_id":663,"kind":"top_words","i1":0,"i2":7,"sol":{"path":["/c/en/quadri","/c/en/quad","/c/en/slang","/c/en/hajji"],"weight":0.20439999999999986},"num_concepts_raised":27306},{"base_id":663,"kind":"top_words","i1":0,"i2":8,"sol":{"path":["/c/en/quadri","/c/en/quad","/c/fr/anatomie","/c/en/throat","/c/en/gullet"],"weight":0.2087599999999999},"num_concepts_raised":16095},{"base_id":663,"kind":"top_words","i1":0,"i2":9,"sol":{"path":["/c/en/quadri","/c/en/tetra","/c/en/tetradrachm","/c/en/historical","/c/en/abbasi"],"weight":0.20395999999999992},"num_concepts_raised":14022},{"base_id":663,"kind":"top_words","i1":1,"i2":2,"sol":{"path":["/c/en/rind","/c/en/iron","/c/en/house","/c/fa/خان","/c/en/khan"],"weight":0.22451999999999983},"num_concepts_raised":21423},{"base_id":663,"kind":"top_words","i1":1,"i2":3,"sol":{"path":["/c/en/rind","/c/en/peel","/c/en/case","/c/en/historical","/c/en/nawab"],"weight":0.20860999999999963},"num_concepts_raised":26801},{"base_id":663,"kind":"top_words","i1":1,"i2":4,"sol":{"path":["/c/en/rind","/c/en/material","/c/en/newspaper","/c/en/zaman"],"weight":0.21051999999999954},"num_concepts_raised":18163},{"base_id":663,"kind":"top_words","i1":1,"i2":5,"sol":{"path":["/c/en/rind","/c/en/skin","/c/en/supreme","/c/en/hinduism","/c/en/vali"],"weight":0.20683999999999964},"num_concepts_raised":18373},{"base_id":663,"kind":"top_words","i1":1,"i2":6,"sol":{"path":["/c/en/rind","/c/en/bark","/c/en/person","/c/en/ali"],"weight":0.21926999999999916},"num_concepts_raised":55415},{"base_id":663,"kind":"top_words","i1":1,"i2":7,"sol":{"path":["/c/en/rind","/c/en/peel","/c/en/us","/c/en/hajji"],"weight":0.20902999999999955},"num_concepts_raised":41943},{"base_id":663,"kind":"top_words","i1":1,"i2":8,"sol":{"path":["/c/en/rind","/c/en/peel","/c/en/blade","/c/en/gullet"],"weight":0.2102499999999996},"num_concepts_raised":30756},{"base_id":663,"kind":"top_words","i1":1,"i2":9,"sol":{"path":["/c/en/rind","/c/en/hard","/c/en/coin","/c/en/abbasi"],"weight":0.20565999999999962},"num_concepts_raised":28982},{"base_id":663,"kind":"top_words","i1":2,"i2":3,"sol":{"path":["/c/en/khan","/c/en/ruler","/c/en/nabob","/c/en/nawab"],"weight":0.2177400000000001},"num_concepts_raised":14781},{"base_id":663,"kind":"top_words","i1":2,"i2":4,"sol":{"path":["/c/en/khan","/c/fa/خان","/c/en/house","/c/en/newspaper","/c/en/zaman"],"weight":0.22672000000000003},"num_concepts_raised":6304},{"base_id":663,"kind":"top_words","i1":2,"i2":5,"sol":{"path":["/c/en/khan","/c/en/caravan","/c/en/vehicle","/c/en/hinduism","/c/en/vali"],"weight":0.2154600000000001},"num_concepts_raised":6454},{"base_id":663,"kind":"top_words","i1":2,"i2":6,"sol":{"path":["/c/en/khan","/c/en/muslim","/c/en/ali"],"weight":0.21000000000000002},"num_concepts_raised":337},{"base_id":663,"kind":"top_words","i1":2,"i2":7,"sol":{"path":["/c/en/khan","/c/en/muslim","/c/en/hajji"],"weight":0.20600000000000002},"num_concepts_raised":208},{"base_id":663,"kind":"top_words","i1":2,"i2":8,"sol":{"path":["/c/en/khan","/c/mn/хан","/c/en/little","/c/en/cut","/c/en/gullet"],"weight":0.22349000000000008},"num_concepts_raised":19316},{"base_id":663,"kind":"top_words","i1":2,"i2":9,"sol":{"path":["/c/en/khan","/c/en/muslim","/c/en/abbasi"],"weight":0.20600000000000002},"num_concepts_raised":169},{"base_id":663,"kind":"top_words","i1":3,"i2":4,"sol":{"path":["/c/en/nawab","/c/en/india","/c/en/keema","/c/en/pea","/c/en/zaman"],"weight":0.20788999999999982},"num_concepts_raised":11724},{"base_id":663,"kind":"top_words","i1":3,"i2":5,"sol":{"path":["/c/en/nawab","/c/en/india","/c/en/hinduism","/c/en/vali"],"weight":0.20282999999999987},"num_concepts_raised":11848},{"base_id":663,"kind":"top_words","i1":3,"i2":6,"sol":{"path":["/c/en/nawab","/c/en/governor","/c/en/person","/c/en/ali"],"weight":0.2141499999999994},"num_concepts_raised":49320},{"base_id":663,"kind":"top_words","i1":3,"i2":7,"sol":{"path":["/c/en/nawab","/c/en/historical","/c/en/pilgrim","/c/en/hajji"],"weight":0.20346999999999982},"num_concepts_raised":35583},{"base_id":663,"kind":"top_words","i1":3,"i2":8,"sol":{"path":["/c/en/nawab","/c/en/india","/c/en/passage","/c/en/throat","/c/en/gullet"],"weight":0.20767999999999986},"num_concepts_raised":24718},{"base_id":663,"kind":"top_words","i1":3,"i2":9,"sol":{"path":["/c/en/nawab","/c/en/historical","/c/en/abbasi"],"weight":0.202},"num_concepts_raised":59},{"base_id":663,"kind":"top_words","i1":4,"i2":5,"sol":{"path":["/c/en/zaman","/c/en/newspaper","/c/en/hindu","/c/en/hinduism","/c/en/vali"],"weight":0.20771999999999982},"num_concepts_raised":3161},{"base_id":663,"kind":"top_words","i1":4,"i2":6,"sol":{"path":["/c/en/zaman","/c/tr/zaman","/c/en/time","/c/en/person","/c/en/ali"],"weight":0.21910999999999936},"num_concepts_raised":40861},{"base_id":663,"kind":"top_words","i1":4,"i2":7,"sol":{"path":["/c/en/zaman","/c/tr/zaman","/c/en/time","/c/en/slang","/c/en/hajji"],"weight":0.20836999999999978},"num_concepts_raised":27289},{"base_id":663,"kind":"top_words","i1":4,"i2":8,"sol":{"path":["/c/en/zaman","/c/en/pea","/c/en/eating","/c/en/throat","/c/en/gullet"],"weight":0.21256999999999981},"num_concepts_raised":16075},{"base_id":663,"kind":"top_words","i1":4,"i2":9,"sol":{"path":["/c/en/zaman","/c/en/pea","/c/en/color","/c/en/silver","/c/en/abbasi"],"weight":0.20789999999999983},"num_concepts_raised":14019},{"base_id":663,"kind":"top_words","i1":5,"i2":6,"sol":{"path":["/c/en/vali","/c/en/hinduism","/c/en/form","/c/en/person","/c/en/ali"],"weight":0.21400999999999942},"num_concepts_raised":41026},{"base_id":663,"kind":"top_words","i1":5,"i2":7,"sol":{"path":["/c/en/vali","/c/en/hinduism","/c/en/religion","/c/en/muslim","/c/en/hajji"],"weight":0.20329999999999981},"num_concepts_raised":27505},{"base_id":663,"kind":"top_words","i1":5,"i2":8,"sol":{"path":["/c/en/vali","/c/en/hinduism","/c/en/form","/c/en/saw","/c/en/gullet"],"weight":0.20451999999999987},"num_concepts_raised":16269},{"base_id":663,"kind":"top_words","i1":5,"i2":9,"sol":{"path":["/c/en/vali","/c/en/hinduism","/c/en/caste","/c/en/abbasi"],"weight":0.2027199999999999},"num_concepts_raised":14174},{"base_id":663,"kind":"top_words","i1":6,"i2":7,"sol":{"path":["/c/en/ali","/c/en/muslim","/c/en/hajji"],"weight":0.20600000000000002},"num_concepts_raised":262},{"base_id":663,"kind":"top_words","i1":6,"i2":8,"sol":{"path":["/c/en/ali","/c/en/anatomy","/c/la/gula","/c/en/gullet"],"weight":0.2181999999999994},"num_concepts_raised":53223},{"base_id":663,"kind":"top_words","i1":6,"i2":9,"sol":{"path":["/c/en/ali","/c/en/muslim","/c/en/abbasi"],"weight":0.20600000000000002},"num_concepts_raised":223},{"base_id":663,"kind":"top_words","i1":7,"i2":8,"sol":{"path":["/c/en/hajji","/c/en/us","/c/en/esophagus","/c/en/gullet"],"weight":0.20671999999999982},"num_concepts_raised":39918},{"base_id":663,"kind":"top_words","i1":7,"i2":9,"sol":{"path":["/c/en/hajji","/c/en/muslim","/c/en/abbasi"],"weight":0.202},"num_concepts_raised":94},{"base_id":663,"kind":"top_words","i1":8,"i2":9,"sol":{"path":["/c/en/gullet","/c/en/throat","/c/en/eating","/c/en/silver","/c/en/abbasi"],"weight":0.20761999999999986},"num_concepts_raised":26939}]]