[[{"base_id":415,"kind":"bot_words","i1":0,"i2":1,"sol":{"path":["/c/en/lactic","/c/en/milk","/c/en/slang","/c/en/rake"],"weight":0.2094899999999993},"num_concepts_raised":71909},{"base_id":415,"kind":"bot_words","i1":0,"i2":2,"sol":{"path":["/c/en/lactic","/c/en/lactation","/c/en/mammal","/c/en/person","/c/en/prophet","/c/en/elisha"],"weight":0.2149215},"num_concepts_raised":267573},{"base_id":415,"kind":"bot_words","i1":0,"i2":3,"sol":{"path":["/c/en/lactic","/c/en/milk","/c/en/slang","/c/en/gee","/c/en/gosh"],"weight":0.20388999999999982},"num_concepts_raised":6368},{"base_id":415,"kind":"bot_words","i1":0,"i2":4,"sol":{"path":["/c/en/lactic","/c/fr/lactique","/c/fr/chimie","/c/en/iodide"],"weight":0.21081999999999967},"num_concepts_raised":20213},{"base_id":415,"kind":"bot_words","i1":0,"i2":5,"sol":{"path":["/c/en/lactic","/c/en/milk","/c/en/cookie","/c/en/condescending"],"weight":0.20427999999999996},"num_concepts_raised":5625},{"base_id":415,"kind":"bot_words","i1":0,"i2":6,"sol":{"path":["/c/en/lactic","/c/en/milk","/c/en/slang","/c/en/fly","/c/en/flying"],"weight":0.20881999999999915},"num_concepts_raised":44094},{"base_id":415,"kind":"bot_words","i1":0,"i2":7,"sol":{"path":["/c/en/lactic","/c/en/lactate","/c/en/chemistry","/c/en/chain","/c/en/undergird"],"weight":0.20424999999999988},"num_concepts_raised":15074},{"base_id":415,"kind":"bot_words","i1":0,"i2":8,"sol":{"path":["/c/en/lactic","/c/en/milk","/c/en/black","/c/en/germany","/c/en/magdeburg"],"weight":0.21054999999999996},"num_concepts_raised":18053},{"base_id":415,"kind":"bot_words","i1":0,"i2":9,"sol":{"path":["/c/en/lactic","/c/en/ic","/c/en/omics"],"weight":0.202},"num_concepts_raised":58},{"base_id":415,"kind":"bot_words","i1":1,"i2":2,"sol":{"path":["/c/en/rake","/c/en/uk","/c/en/saint","/c/en/elisha"],"weight":0.21458999999999923},"num_concepts_raised":71462},{"base_id":415,"kind":"bot_words","i1":1,"i2":3,"sol":{"path":["/c/en/rake","/c/en/slang","/c/en/gee","/c/en/gosh"],"weight":0.20964999999999911},"num_concepts_raised":74159},{"base_id":415,"kind":"bot_words","i1":1,"i2":4,"sol":{"path":["/c/en/rake","/c/en/consist","/c/en/element","/c/en/iodide"],"weight":0.21650999999999895},"num_concepts_raised":87960},{"base_id":415,"kind":"bot_words","i1":1,"i2":5,"sol":{"path":["/c/en/rake","/c/en/poker","/c/en/superior","/c/en/condescending"],"weight":0.21085999999999921},"num_concepts_raised":73327},{"base_id":415,"kind":"bot_words","i1":1,"i2":6,"sol":{"path":["/c/en/rake","/c/en/yard","/c/en/flying"],"weight":0.202},"num_concepts_raised":668},{"base_id":415,"kind":"bot_words","i1":1,"i2":7,"sol":{"path":["/c/en/rake","/c/en/tool","/c/en/rope","/c/en/undergird"],"weight":0.21016999999999914},"num_concepts_raised":81784},{"base_id":415,"kind":"bot_words","i1":1,"i2":8,"sol":{"path":["/c/en/rake","/c/en/blood","/c/en/historical","/c/en/magdeburg"],"weight":0.21507999999999924},"num_concepts_raised":84767},{"base_id":415,"kind":"bot_words","i1":1,"i2":9,"sol":{"path":["/c/en/rake","/c/en/slang","/c/en/ic","/c/en/omics"],"weight":0.20900999999999928},"num_concepts_raised":81242},{"base_id":415,"kind":"bot_words","i1":2,"i2":3,"sol":{"path":["/c/en/elisha","/c/fi/elisa","/c/fr/religion","/c/fr/bon_dieu","/c/en/gosh"],"weight":0.21101999999999976},"num_concepts_raised":5759},{"base_id":415,"kind":"bot_words","i1":2,"i2":4,"sol":{"path":["/c/en/elisha","/c/en/prophet","/c/en/ether","/c/fr/chimie","/c/en/iodide"],"weight":0.2152999999999996},"num_concepts_raised":19698},{"base_id":415,"kind":"bot_words","i1":2,"i2":5,"sol":{"path":["/c/en/elisha","/c/en/saint","/c/en/nonstandard","/c/en/condescend","/c/en/condescending"],"weight":0.21167999999999987},"num_concepts_raised":5058},{"base_id":415,"kind":"bot_words","i1":2,"i2":6,"sol":{"path":["/c/en/elisha","/c/en/saint","/c/en/angel","/c/en/flying"],"weight":0.21108999999999908},"num_concepts_raised":43522},{"base_id":415,"kind":"bot_words","i1":2,"i2":7,"sol":{"path":["/c/en/elisha","/c/en/prophet","/c/en/person","/c/en/support","/c/en/undergird"],"weight":0.20873999999999981},"num_concepts_raised":14517},{"base_id":415,"kind":"bot_words","i1":2,"i2":8,"sol":{"path":["/c/en/elisha","/c/en/saint","/c/en/people","/c/en/germany","/c/en/magdeburg"],"weight":0.2158099999999999},"num_concepts_raised":17477},{"base_id":415,"kind":"bot_words","i1":2,"i2":9,"sol":{"path":["/c/en/elisha","/c/en/prophet","/c/en/person","/c/en/biology","/c/en/omics"],"weight":0.20864999999999992},"num_concepts_raised":13224},{"base_id":415,"kind":"bot_words","i1":3,"i2":4,"sol":{"path":["/c/en/gosh","/c/fr/bon_sang","/c/fr/excitation","/c/fr/chimie","/c/en/iodide"],"weight":0.2110399999999995},"num_concepts_raised":22628},{"base_id":415,"kind":"bot_words","i1":3,"i2":5,"sol":{"path":["/c/en/gosh","/c/en/god","/c/en/superior","/c/en/condescending"],"weight":0.20537999999999976},"num_concepts_raised":7974},{"base_id":415,"kind":"bot_words","i1":3,"i2":6,"sol":{"path":["/c/en/gosh","/c/en/god","/c/en/sky","/c/en/flying"],"weight":0.20603999999999895},"num_concepts_raised":46302},{"base_id":415,"kind":"bot_words","i1":3,"i2":7,"sol":{"path":["/c/en/gosh","/c/hil/aba","/c/en/back","/c/en/support","/c/en/undergird"],"weight":0.20448999999999967},"num_concepts_raised":17416},{"base_id":415,"kind":"bot_words","i1":3,"i2":8,"sol":{"path":["/c/en/gosh","/c/en/god","/c/en/nation","/c/en/germany","/c/en/magdeburg"],"weight":0.21064999999999978},"num_concepts_raised":20355},{"base_id":415,"kind":"bot_words","i1":3,"i2":9,"sol":{"path":["/c/en/gosh","/c/hil/aba","/c/en/well","/c/en/biology","/c/en/omics"],"weight":0.20435999999999982},"num_concepts_raised":16147},{"base_id":415,"kind":"bot_words","i1":4,"i2":5,"sol":{"path":["/c/en/iodide","/c/en/iodine","/c/en/treat","/c/en/cookie","/c/en/condescending"],"weight":0.2147399999999996},"num_concepts_raised":21893},{"base_id":415,"kind":"bot_words","i1":4,"i2":6,"sol":{"path":["/c/en/iodide","/c/en/element","/c/en/wind","/c/en/flying"],"weight":0.21208999999999884},"num_concepts_raised":60207},{"base_id":415,"kind":"bot_words","i1":4,"i2":7,"sol":{"path":["/c/en/iodide","/c/fi/jodidi","/c/en/chemistry","/c/en/chain","/c/en/undergird"],"weight":0.21393999999999952},"num_concepts_raised":31252},{"base_id":415,"kind":"bot_words","i1":4,"i2":8,"sol":{"path":["/c/en/iodide","/c/en/iodine","/c/lv/jods","/c/en/realm","/c/en/magdeburg"],"weight":0.21883999999999962},"num_concepts_raised":34260},{"base_id":415,"kind":"bot_words","i1":4,"i2":9,"sol":{"path":["/c/en/iodide","/c/en/element","/c/en/chrome","/c/en/omics"],"weight":0.2094999999999997},"num_concepts_raised":29871},{"base_id":415,"kind":"bot_words","i1":5,"i2":6,"sol":{"path":["/c/en/condescending","/c/en/condescend","/c/en/talk_down","/c/en/flying"],"weight":0.20844999999999908},"num_concepts_raised":45559},{"base_id":415,"kind":"bot_words","i1":5,"i2":7,"sol":{"path":["/c/en/condescending","/c/en/arch","/c/en/support","/c/en/undergird"],"weight":0.20397999999999983},"num_concepts_raised":16628},{"base_id":415,"kind":"bot_words","i1":5,"i2":8,"sol":{"path":["/c/en/condescending","/c/en/superior","/c/en/capital","/c/en/magdeburg"],"weight":0.2100499999999999},"num_concepts_raised":19622},{"base_id":415,"kind":"bot_words","i1":5,"i2":9,"sol":{"path":["/c/en/condescending","/c/en/superior","/c/en/astronomy","/c/en/totality","/c/en/omics"],"weight":0.20584999999999992},"num_concepts_raised":15410},{"base_id":415,"kind":"bot_words","i1":6,"i2":7,"sol":{"path":["/c/en/flying","/c/en/bird","/c/en/sound","/c/en/undergird"],"weight":0.205869999999999},"num_concepts_raised":54154},{"base_id":415,"kind":"bot_words","i1":6,"i2":8,"sol":{"path":["/c/en/flying","/c/en/fly","/c/en/historical","/c/en/magdeburg"],"weight":0.21337999999999913},"num_concepts_raised":57510},{"base_id":415,"kind":"bot_words","i1":6,"i2":9,"sol":{"path":["/c/en/flying","/c/en/bird","/c/en/drome","/c/en/omics"],"weight":0.20567999999999914},"num_concepts_raised":53689},{"base_id":415,"kind":"bot_words","i1":7,"i2":8,"sol":{"path":["/c/en/undergird","/c/en/sound","/c/en/city","/c/en/magdeburg"],"weight":0.2081199999999998},"num_concepts_raised":28903},{"base_id":415,"kind":"bot_words","i1":7,"i2":9,"sol":{"path":["/c/en/undergird","/c/en/strengthen","/c/en/line","/c/en/genomics","/c/en/omics"],"weight":0.20401999999999987},"num_concepts_raised":24794},{"base_id":415,"kind":"bot_words","i1":8,"i2":9,"sol":{"path":["/c/en/magdeburg","/c/en/geography","/c/en/study","/c/en/omics"],"weight":0.20792999999999995},"num_concepts_raised":27721}],[{"base_id":415,"kind":"top_words","i1":0,"i2":1,"sol":{"path":["/c/en/frolicsome","/c/en/sportive","/c/en/gay","/c/ja/放蕩","/c/en/prodigality"],"weight":0.20471999999999999},"num_concepts_raised":3558},{"base_id":415,"kind":"top_words","i1":0,"i2":2,"sol":{"path":["/c/en/frolicsome","/c/fi/elävä","/c/en/life","/c/en/zestful"],"weight":0.20346000000000003},"num_concepts_raised":5453},{"base_id":415,"kind":"top_words","i1":0,"i2":3,"sol":{"path":["/c/en/frolicsome","/c/fi/leikkisä","/c/en/jocular","/c/en/formal","/c/en/ceremonious"],"weight":0.20606999999999992},"num_concepts_raised":7725},{"base_id":415,"kind":"top_words","i1":0,"i2":4,"sol":{"path":["/c/en/frolicsome","/c/en/playful","/c/en/cavort","/c/en/vault","/c/en/cesspit"],"weight":0.20498999999999995},"num_concepts_raised":4776},{"base_id":415,"kind":"top_words","i1":0,"i2":5,"sol":{"path":["/c/en/frolicsome","/c/en/some","/c/en/body","/c/en/carcase"],"weight":0.2036599999999999},"num_concepts_raised":5934},{"base_id":415,"kind":"top_words","i1":0,"i2":6,"sol":{"path":["/c/en/frolicsome","/c/en/sportive","/c/en/sport","/c/en/kill","/c/en/flyswatter"],"weight":0.2051600000000001},"num_concepts_raised":4909},{"base_id":415,"kind":"top_words","i1":0,"i2":7,"sol":{"path":["/c/en/frolicsome","/c/en/frolic","/c/en/behave","/c/en/polite","/c/en/complaisant"],"weight":0.20600999999999986},"num_concepts_raised":5880},{"base_id":415,"kind":"top_words","i1":0,"i2":8,"sol":{"path":["/c/en/frolicsome","/c/en/playful","/c/en/play","/c/en/fish","/c/en/ichthyology","/c/en/ichthyological"],"weight":0.21171769999999995},"num_concepts_raised":411235},{"base_id":415,"kind":"top_words","i1":0,"i2":9,"sol":{"path":["/c/en/frolicsome","/c/fr/folâtre","/c/fr/aimer","/c/fr/pointilleux","/c/en/punctilious"],"weight":0.20622000000000001},"num_concepts_raised":8420},{"base_id":415,"kind":"top_words","i1":1,"i2":2,"sol":{"path":["/c/en/prodigality","/c/en/extravagance","/c/en/superfluous","/c/fi/järjetön","/c/en/zestful"],"weight":0.20400999999999994},"num_concepts_raised":3609},{"base_id":415,"kind":"top_words","i1":1,"i2":3,"sol":{"path":["/c/en/prodigality","/c/en/wasteful","/c/zh/侈靡","/c/en/formal","/c/en/ceremonious"],"weight":0.2044899999999998},"num_concepts_raised":5868},{"base_id":415,"kind":"top_words","i1":1,"i2":4,"sol":{"path":["/c/en/prodigality","/c/en/extravagance","/c/en/waste","/c/en/septic_tank","/c/en/cesspit"],"weight":0.20546999999999982},"num_concepts_raised":2900},{"base_id":415,"kind":"top_words","i1":1,"i2":5,"sol":{"path":["/c/en/prodigality","/c/en/extravagance","/c/en/waste","/c/en/body","/c/en/carcase"],"weight":0.20429999999999982},"num_concepts_raised":4069},{"base_id":415,"kind":"top_words","i1":1,"i2":6,"sol":{"path":["/c/en/prodigality","/c/en/extravagance","/c/en/waste","/c/en/kill","/c/en/flyswatter"],"weight":0.20467},"num_concepts_raised":3035},{"base_id":415,"kind":"top_words","i1":1,"i2":7,"sol":{"path":["/c/en/prodigality","/c/en/generosity","/c/gd/suairceas","/c/en/complaisance","/c/en/complaisant"],"weight":0.20533999999999977},"num_concepts_raised":4019},{"base_id":415,"kind":"top_words","i1":1,"i2":8,"sol":{"path":["/c/en/prodigality","/c/fr/prodigalité","/c/fr/action","/c/fr/rapport","/c/fr/ichthyologique","/c/en/ichthyological"],"weight":0.21004929999999994},"num_concepts_raised":58438},{"base_id":415,"kind":"top_words","i1":1,"i2":9,"sol":{"path":["/c/en/prodigality","/c/en/profusion","/c/en/detail","/c/en/punctilious"],"weight":0.2036699999999999},"num_concepts_raised":6561},{"base_id":415,"kind":"top_words","i1":2,"i2":3,"sol":{"path":["/c/en/zestful","/c/es/brioso","/c/en/stuffy","/c/en/formal","/c/en/ceremonious"],"weight":0.20540999999999987},"num_concepts_raised":7764},{"base_id":415,"kind":"top_words","i1":2,"i2":4,"sol":{"path":["/c/en/zestful","/c/en/life","/c/en/water","/c/en/septic_tank","/c/en/cesspit"],"weight":0.2042399999999999},"num_concepts_raised":4819},{"base_id":415,"kind":"top_words","i1":2,"i2":5,"sol":{"path":["/c/en/zestful","/c/en/spirited","/c/en/spirit","/c/en/body","/c/en/carcase"],"weight":0.20407999999999987},"num_concepts_raised":5931},{"base_id":415,"kind":"top_words","i1":2,"i2":6,"sol":{"path":["/c/en/zestful","/c/en/life","/c/en/kill","/c/en/flyswatter"],"weight":0.20344000000000007},"num_concepts_raised":4940},{"base_id":415,"kind":"top_words","i1":2,"i2":7,"sol":{"path":["/c/en/zestful","/c/en/eager","/c/fr/complaisant","/c/en/complaisant"],"weight":0.20331999999999983},"num_concepts_raised":5927},{"base_id":415,"kind":"top_words","i1":2,"i2":8,"sol":{"path":["/c/en/zestful","/c/en/life","/c/en/fish","/c/en/ichthyology","/c/en/ichthyological"],"weight":0.20403000000000004},"num_concepts_raised":3067},{"base_id":415,"kind":"top_words","i1":2,"i2":9,"sol":{"path":["/c/en/zestful","/c/en/life","/c/en/period","/c/en/punctuation","/c/en/punctilious"],"weight":0.20465999999999995},"num_concepts_raised":8444},{"base_id":415,"kind":"top_words","i1":3,"i2":4,"sol":{"path":["/c/en/ceremonious","/c/en/formal","/c/en/treatment","/c/en/septic_tank","/c/en/cesspit"],"weight":0.20575999999999978},"num_concepts_raised":7066},{"base_id":415,"kind":"top_words","i1":3,"i2":5,"sol":{"path":["/c/en/ceremonious","/c/en/formal","/c/en/structure","/c/en/carcass","/c/en/carcase"],"weight":0.20560999999999974},"num_concepts_raised":8200},{"base_id":415,"kind":"top_words","i1":3,"i2":6,"sol":{"path":["/c/en/ceremonious","/c/en/formal","/c/en/slang","/c/fr/tapette","/c/en/flyswatter"],"weight":0.2060599999999999},"num_concepts_raised":7200},{"base_id":415,"kind":"top_words","i1":3,"i2":7,"sol":{"path":["/c/en/ceremonious","/c/en/mannerly","/c/en/complaisant"],"weight":0.202},"num_concepts_raised":114},{"base_id":415,"kind":"top_words","i1":3,"i2":8,"sol":{"path":["/c/en/ceremonious","/c/en/formal","/c/fr/langage","/c/fr/rapport","/c/fr/ichthyologique","/c/en/ichthyological"],"weight":0.21155509999999927},"num_concepts_raised":345171},{"base_id":415,"kind":"top_words","i1":3,"i2":9,"sol":{"path":["/c/en/ceremonious","/c/en/punctilious"],"weight":0.202},"num_concepts_raised":115},{"base_id":415,"kind":"top_words","i1":4,"i2":5,"sol":{"path":["/c/en/cesspit","/c/en/cesspool","/c/en/pool","/c/en/body","/c/en/carcase"],"weight":0.20459999999999975},"num_concepts_raised":5237},{"base_id":415,"kind":"top_words","i1":4,"i2":6,"sol":{"path":["/c/en/cesspit","/c/en/septic_tank","/c/en/ground","/c/en/kill","/c/en/flyswatter"],"weight":0.20479999999999995},"num_concepts_raised":4238},{"base_id":415,"kind":"top_words","i1":4,"i2":7,"sol":{"path":["/c/en/cesspit","/c/en/pit","/c/en/well","/c/en/please","/c/en/complaisant"],"weight":0.20358999999999972},"num_concepts_raised":5233},{"base_id":415,"kind":"top_words","i1":4,"i2":8,"sol":{"path":["/c/en/cesspit","/c/en/midden","/c/en/prehistoric","/c/en/palaeoichthyological","/c/en/ichthyological"],"weight":0.20314999999999994},"num_concepts_raised":2359},{"base_id":415,"kind":"top_words","i1":4,"i2":9,"sol":{"path":["/c/en/cesspit","/c/en/vault","/c/en/act","/c/en/punctuation","/c/en/punctilious"],"weight":0.20481999999999986},"num_concepts_raised":7734},{"base_id":415,"kind":"top_words","i1":5,"i2":6,"sol":{"path":["/c/en/carcase","/c/en/body","/c/en/kill","/c/en/flyswatter"],"weight":0.20362999999999992},"num_concepts_raised":5387},{"base_id":415,"kind":"top_words","i1":5,"i2":7,"sol":{"path":["/c/en/carcase","/c/enm/hold","/c/en/friendly","/c/en/obliging","/c/en/complaisant"],"weight":0.2044399999999997},"num_concepts_raised":6395},{"base_id":415,"kind":"top_words","i1":5,"i2":8,"sol":{"path":["/c/en/carcase","/c/th/เนื้อ","/c/en/zoology","/c/en/ichthyology","/c/en/ichthyological"],"weight":0.20404999999999993},"num_concepts_raised":3529},{"base_id":415,"kind":"top_words","i1":5,"i2":9,"sol":{"path":["/c/en/carcase","/c/en/body","/c/en/detail","/c/en/punctilious"],"weight":0.2037399999999998},"num_concepts_raised":8866},{"base_id":415,"kind":"top_words","i1":6,"i2":7,"sol":{"path":["/c/en/flyswatter","/c/fr/tapette","/c/en/slang","/c/nl/aan","/c/en/complaisant"],"weight":0.20486999999999989},"num_concepts_raised":5365},{"base_id":415,"kind":"top_words","i1":6,"i2":8,"sol":{"path":["/c/en/flyswatter","/c/en/swatter","/c/en/fly","/c/en/zoology","/c/en/ichthyology","/c/en/ichthyological"],"weight":0.21099450000000003},"num_concepts_raised":266878},{"base_id":415,"kind":"top_words","i1":6,"i2":9,"sol":{"path":["/c/en/flyswatter","/c/fr/tapette","/c/en/slang","/c/en/point","/c/en/punctilious"],"weight":0.20527},"num_concepts_raised":7878},{"base_id":415,"kind":"top_words","i1":7,"i2":8,"sol":{"path":["/c/en/complaisant","/c/en/accommodating","/c/en/kind","/c/en/fish","/c/en/ichthyology","/c/en/ichthyological"],"weight":0.2109851999999998},"num_concepts_raised":225430},{"base_id":415,"kind":"top_words","i1":7,"i2":9,"sol":{"path":["/c/en/complaisant","/c/en/polite","/c/en/attentive","/c/en/punctilious"],"weight":0.2049999999999998},"num_concepts_raised":8830},{"base_id":415,"kind":"top_words","i1":8,"i2":9,"sol":{"path":["/c/en/ichthyological","/c/fr/ichthyologique","/c/fr/rapport","/c/fr/exact","/c/en/punctual","/c/en/punctilious"],"weight":0.21171489999999998},"num_concepts_raised":482623}]]