[[{"base_id":609,"kind":"bot_words","i1":0,"i2":1,"sol":{"path":["/c/en/hampshire","/c/en/wiltshire","/c/en/administrative_region","/c/en/kalmykia"],"weight":0.21777999999999959},"num_concepts_raised":10050},{"base_id":609,"kind":"bot_words","i1":0,"i2":2,"sol":{"path":["/c/en/hampshire","/c/en/hook","/c/en/leg","/c/en/decapod"],"weight":0.2109899999999996},"num_concepts_raised":25427},{"base_id":609,"kind":"bot_words","i1":0,"i2":3,"sol":{"path":["/c/en/hampshire","/c/en/winchester","/c/en/usa","/c/en/money","/c/en/overspend"],"weight":0.21383999999999959},"num_concepts_raised":24619},{"base_id":609,"kind":"bot_words","i1":0,"i2":4,"sol":{"path":["/c/en/hampshire","/c/en/winchester","/c/en/rifle","/c/en/gun","/c/en/gunsmoke"],"weight":0.21860999999999958},"num_concepts_raised":10500},{"base_id":609,"kind":"bot_words","i1":0,"i2":5,"sol":{"path":["/c/en/hampshire","/c/en/hamble","/c/en/cut","/c/en/chive"],"weight":0.21139999999999987},"num_concepts_raised":14909},{"base_id":609,"kind":"bot_words","i1":0,"i2":6,"sol":{"path":["/c/en/hampshire","/c/en/england","/c/en/uk","/c/en/biscuit","/c/en/biscotti"],"weight":0.21960999999999958},"num_concepts_raised":12251},{"base_id":609,"kind":"bot_words","i1":0,"i2":7,"sol":{"path":["/c/en/hampshire","/c/en/winchester","/c/en/virginia","/c/en/fries"],"weight":0.2137299999999996},"num_concepts_raised":13335},{"base_id":609,"kind":"bot_words","i1":0,"i2":8,"sol":{"path":["/c/en/hampshire","/c/en/wiltshire","/c/en/administrative_region","/c/en/metsovo"],"weight":0.21687999999999957},"num_concepts_raised":9169},{"base_id":609,"kind":"bot_words","i1":0,"i2":9,"sol":{"path":["/c/en/hampshire","/c/en/winchester","/c/en/county_seat","/c/en/eugene","/c/en/eugenius"],"weight":0.22552999999999962},"num_concepts_raised":20962},{"base_id":609,"kind":"bot_words","i1":1,"i2":2,"sol":{"path":["/c/en/kalmykia","/c/en/republic","/c/en/like","/c/en/leg","/c/en/decapod"],"weight":0.21003999999999978},"num_concepts_raised":19353},{"base_id":609,"kind":"bot_words","i1":1,"i2":3,"sol":{"path":["/c/en/kalmykia","/c/en/republic","/c/en/like","/c/en/money","/c/en/overspend"],"weight":0.2088099999999998},"num_concepts_raised":18494},{"base_id":609,"kind":"bot_words","i1":1,"i2":4,"sol":{"path":["/c/en/kalmykia","/c/en/russia","/c/en/factory","/c/en/smoke","/c/en/gunsmoke"],"weight":0.2136199999999998},"num_concepts_raised":4263},{"base_id":609,"kind":"bot_words","i1":1,"i2":5,"sol":{"path":["/c/en/kalmykia","/c/en/administrative_region","/c/en/asia","/c/en/spring_onion","/c/en/chive"],"weight":0.21159000000000008},"num_concepts_raised":8752},{"base_id":609,"kind":"bot_words","i1":1,"i2":6,"sol":{"path":["/c/en/kalmykia","/c/en/republic","/c/en/like","/c/en/biscuit","/c/en/biscotti"],"weight":0.21778999999999982},"num_concepts_raised":6025},{"base_id":609,"kind":"bot_words","i1":1,"i2":7,"sol":{"path":["/c/en/kalmykia","/c/en/administrative_region","/c/en/virginia","/c/en/fries"],"weight":0.20864999999999984},"num_concepts_raised":7176},{"base_id":609,"kind":"bot_words","i1":1,"i2":8,"sol":{"path":["/c/en/kalmykia","/c/en/administrative_region","/c/en/metsovo"],"weight":0.20600000000000002},"num_concepts_raised":108},{"base_id":609,"kind":"bot_words","i1":1,"i2":9,"sol":{"path":["/c/en/kalmykia","/c/en/republic","/c/en/monarch","/c/en/eugenius"],"weight":0.21821999999999983},"num_concepts_raised":14786},{"base_id":609,"kind":"bot_words","i1":2,"i2":3,"sol":{"path":["/c/en/decapod","/c/en/animal","/c/en/person","/c/en/overspend"],"weight":0.2032899999999998},"num_concepts_raised":33632},{"base_id":609,"kind":"bot_words","i1":2,"i2":4,"sol":{"path":["/c/en/decapod","/c/en/train","/c/en/gun","/c/en/gunsmoke"],"weight":0.2080099999999998},"num_concepts_raised":19668},{"base_id":609,"kind":"bot_words","i1":2,"i2":5,"sol":{"path":["/c/en/decapod","/c/en/leg","/c/en/cut","/c/en/chive"],"weight":0.2059200000000001},"num_concepts_raised":24050},{"base_id":609,"kind":"bot_words","i1":2,"i2":6,"sol":{"path":["/c/en/decapod","/c/en/crab","/c/en/food","/c/en/biscotti"],"weight":0.20826999999999984},"num_concepts_raised":21339},{"base_id":609,"kind":"bot_words","i1":2,"i2":7,"sol":{"path":["/c/en/decapod","/c/en/crab","/c/en/virginia","/c/en/fries"],"weight":0.20323999999999984},"num_concepts_raised":22579},{"base_id":609,"kind":"bot_words","i1":2,"i2":8,"sol":{"path":["/c/en/decapod","/c/en/animal","/c/en/hydra","/c/en/greece","/c/en/metsovo"],"weight":0.20823999999999981},"num_concepts_raised":18466},{"base_id":609,"kind":"bot_words","i1":2,"i2":9,"sol":{"path":["/c/en/decapod","/c/en/animal","/c/en/person","/c/en/eugenius"],"weight":0.21277999999999986},"num_concepts_raised":29997},{"base_id":609,"kind":"bot_words","i1":3,"i2":4,"sol":{"path":["/c/en/overspend","/c/en/spend","/c/en/waste","/c/en/smoke","/c/en/gunsmoke"],"weight":0.20879999999999982},"num_concepts_raised":18803},{"base_id":609,"kind":"bot_words","i1":3,"i2":5,"sol":{"path":["/c/en/overspend","/c/en/person","/c/en/garlic","/c/en/chive"],"weight":0.2046800000000001},"num_concepts_raised":23221},{"base_id":609,"kind":"bot_words","i1":3,"i2":6,"sol":{"path":["/c/en/overspend","/c/en/money","/c/en/bread","/c/en/biscuit","/c/en/biscotti"],"weight":0.21202999999999983},"num_concepts_raised":20517},{"base_id":609,"kind":"bot_words","i1":3,"i2":7,"sol":{"path":["/c/en/overspend","/c/en/earn","/c/en/uk","/c/en/fry","/c/en/fries"],"weight":0.20493999999999984},"num_concepts_raised":21754},{"base_id":609,"kind":"bot_words","i1":3,"i2":8,"sol":{"path":["/c/en/overspend","/c/en/person","/c/en/greek","/c/en/greece","/c/en/metsovo"],"weight":0.20781999999999978},"num_concepts_raised":17617},{"base_id":609,"kind":"bot_words","i1":3,"i2":9,"sol":{"path":["/c/en/overspend","/c/en/person","/c/en/eugenius"],"weight":0.20600000000000002},"num_concepts_raised":69},{"base_id":609,"kind":"bot_words","i1":4,"i2":5,"sol":{"path":["/c/en/gunsmoke","/c/en/gun","/c/en/knife","/c/en/chive"],"weight":0.20955000000000013},"num_concepts_raised":9075},{"base_id":609,"kind":"bot_words","i1":4,"i2":6,"sol":{"path":["/c/en/gunsmoke","/c/en/smoke","/c/en/slang","/c/en/biscuit","/c/en/biscotti"],"weight":0.2167799999999998},"num_concepts_raised":6382},{"base_id":609,"kind":"bot_words","i1":4,"i2":7,"sol":{"path":["/c/en/gunsmoke","/c/en/smoke","/c/en/burn","/c/en/fry","/c/en/fries"],"weight":0.20976999999999985},"num_concepts_raised":7545},{"base_id":609,"kind":"bot_words","i1":4,"i2":8,"sol":{"path":["/c/en/gunsmoke","/c/en/smoke","/c/en/slang","/c/en/greek","/c/en/greece","/c/en/metsovo"],"weight":0.21424999999999947},"num_concepts_raised":278248},{"base_id":609,"kind":"bot_words","i1":4,"i2":9,"sol":{"path":["/c/en/gunsmoke","/c/en/gun","/c/en/shoot","/c/en/person","/c/en/eugenius"],"weight":0.21722999999999984},"num_concepts_raised":15132},{"base_id":609,"kind":"bot_words","i1":5,"i2":6,"sol":{"path":["/c/en/chive","/c/en/garlic","/c/en/food","/c/en/biscotti"],"weight":0.20968000000000012},"num_concepts_raised":10783},{"base_id":609,"kind":"bot_words","i1":5,"i2":7,"sol":{"path":["/c/en/chive","/c/en/cut","/c/en/chip","/c/en/fries"],"weight":0.2047000000000001},"num_concepts_raised":11916},{"base_id":609,"kind":"bot_words","i1":5,"i2":8,"sol":{"path":["/c/en/chive","/c/en/spring_onion","/c/en/asia","/c/en/administrative_region","/c/en/metsovo"],"weight":0.2106900000000001},"num_concepts_raised":7859},{"base_id":609,"kind":"bot_words","i1":5,"i2":9,"sol":{"path":["/c/en/chive","/c/en/garlic","/c/en/person","/c/en/eugenius"],"weight":0.21418000000000015},"num_concepts_raised":19583},{"base_id":609,"kind":"bot_words","i1":6,"i2":7,"sol":{"path":["/c/en/biscotti","/c/en/food","/c/en/french_fries","/c/en/fries"],"weight":0.20897999999999986},"num_concepts_raised":9175},{"base_id":609,"kind":"bot_words","i1":6,"i2":8,"sol":{"path":["/c/en/biscotti","/c/en/food","/c/en/turkey","/c/en/greece","/c/en/metsovo"],"weight":0.2127899999999998},"num_concepts_raised":5130},{"base_id":609,"kind":"bot_words","i1":6,"i2":9,"sol":{"path":["/c/en/biscotti","/c/en/biscuit","/c/en/cake","/c/en/person","/c/en/eugenius"],"weight":0.22143999999999986},"num_concepts_raised":16872},{"base_id":609,"kind":"bot_words","i1":7,"i2":8,"sol":{"path":["/c/en/fries","/c/en/virginia","/c/en/administrative_region","/c/en/metsovo"],"weight":0.20774999999999982},"num_concepts_raised":6287},{"base_id":609,"kind":"bot_words","i1":7,"i2":9,"sol":{"path":["/c/en/fries","/c/en/chip","/c/en/given_name","/c/en/eugene","/c/en/eugenius"],"weight":0.21467999999999987},"num_concepts_raised":18082},{"base_id":609,"kind":"bot_words","i1":8,"i2":9,"sol":{"path":["/c/en/metsovo","/c/en/administrative_region","/c/en/oregon","/c/en/eugene","/c/en/eugenius"],"weight":0.2195499999999998},"num_concepts_raised":13914}],[{"base_id":609,"kind":"top_words","i1":0,"i2":1,"sol":{"path":["/c/en/sridevi","/c/en/actor","/c/en/asin"],"weight":0.20600000000000002},"num_concepts_raised":65},{"base_id":609,"kind":"top_words","i1":0,"i2":2,"sol":{"path":["/c/en/sridevi","/c/en/person","/c/en/man","/c/en/bird","/c/en/koel"],"weight":0.21280999999999978},"num_concepts_raised":16997},{"base_id":609,"kind":"top_words","i1":0,"i2":3,"sol":{"path":["/c/en/sridevi","/c/en/person","/c/en/pest","/c/en/rodenticide"],"weight":0.20792999999999975},"num_concepts_raised":15827},{"base_id":609,"kind":"top_words","i1":0,"i2":4,"sol":{"path":["/c/en/sridevi","/c/en/person","/c/ko/뒹굴다","/c/en/thresh"],"weight":0.20992000000000005},"num_concepts_raised":27859},{"base_id":609,"kind":"top_words","i1":0,"i2":5,"sol":{"path":["/c/en/sridevi","/c/en/person","/c/en/body","/c/en/drug","/c/en/desipramine"],"weight":0.2148299999999998},"num_concepts_raised":18228},{"base_id":609,"kind":"top_words","i1":0,"i2":6,"sol":{"path":["/c/en/sridevi","/c/en/person","/c/en/power","/c/en/titanic","/c/en/titanate"],"weight":0.20775999999999983},"num_concepts_raised":26709},{"base_id":609,"kind":"top_words","i1":0,"i2":7,"sol":{"path":["/c/en/sridevi","/c/en/actor","/c/en/tabu"],"weight":0.20600000000000002},"num_concepts_raised":70},{"base_id":609,"kind":"top_words","i1":0,"i2":8,"sol":{"path":["/c/en/sridevi","/c/en/person","/c/en/heresy","/c/en/marcionism"],"weight":0.21325999999999984},"num_concepts_raised":16338},{"base_id":609,"kind":"top_words","i1":0,"i2":9,"sol":{"path":["/c/en/sridevi","/c/en/actor","/c/en/star","/c/fr/astronomie","/c/en/trinculo"],"weight":0.2132199999999997},"num_concepts_raised":21959},{"base_id":609,"kind":"top_words","i1":1,"i2":2,"sol":{"path":["/c/en/asin","/c/en/person","/c/en/man","/c/en/bird","/c/en/koel"],"weight":0.2128199999999998},"num_concepts_raised":17022},{"base_id":609,"kind":"top_words","i1":1,"i2":3,"sol":{"path":["/c/en/asin","/c/en/person","/c/en/pest","/c/en/rodenticide"],"weight":0.20793999999999974},"num_concepts_raised":15852},{"base_id":609,"kind":"top_words","i1":1,"i2":4,"sol":{"path":["/c/en/asin","/c/en/person","/c/ko/뒹굴다","/c/en/thresh"],"weight":0.20993000000000003},"num_concepts_raised":27883},{"base_id":609,"kind":"top_words","i1":1,"i2":5,"sol":{"path":["/c/en/asin","/c/en/person","/c/en/body","/c/en/drug","/c/en/desipramine"],"weight":0.2148399999999998},"num_concepts_raised":18253},{"base_id":609,"kind":"top_words","i1":1,"i2":6,"sol":{"path":["/c/en/asin","/c/ms/asin","/c/en/salt","/c/en/titanate"],"weight":0.2077099999999998},"num_concepts_raised":26728},{"base_id":609,"kind":"top_words","i1":1,"i2":7,"sol":{"path":["/c/en/asin","/c/en/actor","/c/en/tabu"],"weight":0.20600000000000002},"num_concepts_raised":71},{"base_id":609,"kind":"top_words","i1":1,"i2":8,"sol":{"path":["/c/en/asin","/c/en/person","/c/en/heresy","/c/en/marcionism"],"weight":0.21326999999999982},"num_concepts_raised":16363},{"base_id":609,"kind":"top_words","i1":1,"i2":9,"sol":{"path":["/c/en/asin","/c/en/actor","/c/en/star","/c/fr/astronomie","/c/en/trinculo"],"weight":0.2132299999999997},"num_concepts_raised":21984},{"base_id":609,"kind":"top_words","i1":2,"i2":3,"sol":{"path":["/c/en/koel","/c/en/bird","/c/en/animal","/c/en/rodent","/c/en/rodenticide"],"weight":0.2079199999999998},"num_concepts_raised":7114},{"base_id":609,"kind":"top_words","i1":2,"i2":4,"sol":{"path":["/c/en/koel","/c/en/bird","/c/en/thrasher","/c/en/thrash","/c/en/thresh"],"weight":0.2113000000000001},"num_concepts_raised":19210},{"base_id":609,"kind":"top_words","i1":2,"i2":5,"sol":{"path":["/c/en/koel","/c/en/bird","/c/en/high","/c/en/drug","/c/en/desipramine"],"weight":0.21473999999999985},"num_concepts_raised":9478},{"base_id":609,"kind":"top_words","i1":2,"i2":6,"sol":{"path":["/c/en/koel","/c/en/bird","/c/en/airplane","/c/en/titanium","/c/en/titanate"],"weight":0.20765999999999984},"num_concepts_raised":17973},{"base_id":609,"kind":"top_words","i1":2,"i2":7,"sol":{"path":["/c/en/koel","/c/en/bird","/c/en/phoenix","/c/en/sacred","/c/en/tabu"],"weight":0.2149899999999998},"num_concepts_raised":18271},{"base_id":609,"kind":"top_words","i1":2,"i2":8,"sol":{"path":["/c/en/koel","/c/en/bird","/c/en/group","/c/en/trinity","/c/en/marcionism"],"weight":0.21318999999999988},"num_concepts_raised":7625},{"base_id":609,"kind":"top_words","i1":2,"i2":9,"sol":{"path":["/c/en/koel","/c/en/bird","/c/en/satellite","/c/fr/astronomie","/c/en/trinculo"],"weight":0.21310999999999974},"num_concepts_raised":13195},{"base_id":609,"kind":"top_words","i1":3,"i2":4,"sol":{"path":["/c/en/rodenticide","/c/en/kill","/c/en/defeat","/c/en/thrash","/c/en/thresh"],"weight":0.20653000000000005},"num_concepts_raised":18031},{"base_id":609,"kind":"top_words","i1":3,"i2":5,"sol":{"path":["/c/en/rodenticide","/c/en/tioclomarol","/c/en/drug","/c/en/desipramine"],"weight":0.20984999999999981},"num_concepts_raised":8296},{"base_id":609,"kind":"top_words","i1":3,"i2":6,"sol":{"path":["/c/en/rodenticide","/c/en/paris_green","/c/en/chemical_compound","/c/en/chemistry","/c/en/titanate"],"weight":0.20291999999999982},"num_concepts_raised":16793},{"base_id":609,"kind":"top_words","i1":3,"i2":7,"sol":{"path":["/c/en/rodenticide","/c/en/pest","/c/en/person","/c/en/tabu"],"weight":0.20812999999999976},"num_concepts_raised":17101},{"base_id":609,"kind":"top_words","i1":3,"i2":8,"sol":{"path":["/c/en/rodenticide","/c/en/kill","/c/en/create","/c/en/demiurge","/c/en/marcionism"],"weight":0.20834999999999984},"num_concepts_raised":6471},{"base_id":609,"kind":"top_words","i1":3,"i2":9,"sol":{"path":["/c/en/rodenticide","/c/en/toxic","/c/en/mercury","/c/fr/astronomie","/c/en/trinculo"],"weight":0.2082999999999997},"num_concepts_raised":12057},{"base_id":609,"kind":"top_words","i1":4,"i2":5,"sol":{"path":["/c/en/thresh","/c/en/thrash","/c/en/blow","/c/en/drug","/c/en/desipramine"],"weight":0.2133100000000001},"num_concepts_raised":20454},{"base_id":609,"kind":"top_words","i1":4,"i2":6,"sol":{"path":["/c/en/thresh","/c/en/grain","/c/en/salt","/c/en/titanate"],"weight":0.2048900000000001},"num_concepts_raised":28860},{"base_id":609,"kind":"top_words","i1":4,"i2":7,"sol":{"path":["/c/en/thresh","/c/ko/뒹굴다","/c/en/person","/c/en/tabu"],"weight":0.21012000000000006},"num_concepts_raised":29132},{"base_id":609,"kind":"top_words","i1":4,"i2":8,"sol":{"path":["/c/en/thresh","/c/en/agriculture","/c/el/φάτνη","/c/en/christianity","/c/en/marcionism"],"weight":0.2104800000000001},"num_concepts_raised":18593},{"base_id":609,"kind":"top_words","i1":4,"i2":9,"sol":{"path":["/c/en/thresh","/c/en/literary","/c/fr/lune","/c/fr/trinculo","/c/en/trinculo"],"weight":0.21444999999999997},"num_concepts_raised":24154},{"base_id":609,"kind":"top_words","i1":5,"i2":6,"sol":{"path":["/c/en/desipramine","/c/en/heterocyclic","/c/en/chemistry","/c/en/titanate"],"weight":0.20767999999999986},"num_concepts_raised":19092},{"base_id":609,"kind":"top_words","i1":5,"i2":7,"sol":{"path":["/c/en/desipramine","/c/en/drug","/c/en/agent","/c/en/actor","/c/en/tabu"],"weight":0.21503999999999984},"num_concepts_raised":19508},{"base_id":609,"kind":"top_words","i1":5,"i2":8,"sol":{"path":["/c/en/desipramine","/c/en/depression","/c/en/elevation","/c/en/christianity","/c/en/marcionism"],"weight":0.21318999999999988},"num_concepts_raised":8834},{"base_id":609,"kind":"top_words","i1":5,"i2":9,"sol":{"path":["/c/en/desipramine","/c/en/drug","/c/en/body","/c/en/planet","/c/en/trinculo"],"weight":0.21500999999999978},"num_concepts_raised":14410},{"base_id":609,"kind":"top_words","i1":6,"i2":7,"sol":{"path":["/c/en/titanate","/c/en/chemistry","/c/en/inhibition","/c/en/taboo","/c/en/tabu"],"weight":0.2123799999999998},"num_concepts_raised":27983},{"base_id":609,"kind":"top_words","i1":6,"i2":8,"sol":{"path":["/c/en/titanate","/c/en/chemistry","/c/en/group","/c/en/trinity","/c/en/marcionism"],"weight":0.20816999999999988},"num_concepts_raised":17331},{"base_id":609,"kind":"top_words","i1":6,"i2":9,"sol":{"path":["/c/en/titanate","/c/en/titanic","/c/en/titan","/c/fr/astronomie","/c/en/trinculo"],"weight":0.20813999999999977},"num_concepts_raised":22861},{"base_id":609,"kind":"top_words","i1":7,"i2":8,"sol":{"path":["/c/en/tabu","/c/en/person","/c/en/heresy","/c/en/marcionism"],"weight":0.21345999999999984},"num_concepts_raised":17600},{"base_id":609,"kind":"top_words","i1":7,"i2":9,"sol":{"path":["/c/en/tabu","/c/en/sacred","/c/la/corvus","/c/fr/astronomie","/c/en/trinculo"],"weight":0.21538999999999975},"num_concepts_raised":23234},{"base_id":609,"kind":"top_words","i1":8,"i2":9,"sol":{"path":["/c/en/marcionism","/c/en/christianity","/c/fr/ascension","/c/fr/astronomie","/c/en/trinculo"],"weight":0.2135699999999998},"num_concepts_raised":12553}]]