[[{"base_id":120,"kind":"bot_words","i1":0,"i2":1,"sol":{"path":["/c/en/cyclohexanone","/c/en/organic_compound","/c/en/prop","/c/ga/ursain","/c/en/doorjamb"],"weight":0.20929999999999982},"num_concepts_raised":10452},{"base_id":120,"kind":"bot_words","i1":0,"i2":2,"sol":{"path":["/c/en/cyclohexanone","/c/en/chemical_compound","/c/en/fluoride","/c/en/biotite"],"weight":0.21445999999999998},"num_concepts_raised":18430},{"base_id":120,"kind":"bot_words","i1":0,"i2":3,"sol":{"path":["/c/en/cyclohexanone","/c/en/cyclohexane","/c/en/atom","/c/en/set","/c/en/ritualism"],"weight":0.20995999999999987},"num_concepts_raised":13844},{"base_id":120,"kind":"bot_words","i1":0,"i2":4,"sol":{"path":["/c/en/cyclohexanone","/c/en/organic_compound","/c/en/pan","/c/en/sluice"],"weight":0.21760999999999947},"num_concepts_raised":33803},{"base_id":120,"kind":"bot_words","i1":0,"i2":5,"sol":{"path":["/c/en/cyclohexanone","/c/en/chemical_compound","/c/en/bond","/c/en/band","/c/en/pixies"],"weight":0.2131899999999997},"num_concepts_raised":11989},{"base_id":120,"kind":"bot_words","i1":0,"i2":6,"sol":{"path":["/c/en/cyclohexanone","/c/en/chemical_compound","/c/en/water","/c/en/gutter","/c/en/eave"],"weight":0.2079499999999998},"num_concepts_raised":10918},{"base_id":120,"kind":"bot_words","i1":0,"i2":7,"sol":{"path":["/c/en/cyclohexanone","/c/en/organic_compound","/c/en/methyl_jasmonate","/c/en/defense"],"weight":0.219419999999999},"num_concepts_raised":60942},{"base_id":120,"kind":"bot_words","i1":0,"i2":8,"sol":{"path":["/c/en/cyclohexanone","/c/en/organic_compound","/c/en/dimethyl_sulfoxide","/c/en/skin","/c/en/whitehead"],"weight":0.21322999999999975},"num_concepts_raised":16998},{"base_id":120,"kind":"bot_words","i1":0,"i2":9,"sol":{"path":["/c/en/cyclohexanone","/c/en/chemical_compound","/c/en/dimethylamine"],"weight":0.20600000000000002},"num_concepts_raised":71},{"base_id":120,"kind":"bot_words","i1":1,"i2":2,"sol":{"path":["/c/en/doorjamb","/c/fr/jambage","/c/fr/chaîne","/c/en/iron","/c/en/biotite"],"weight":0.20954},"num_concepts_raised":8975},{"base_id":120,"kind":"bot_words","i1":1,"i2":3,"sol":{"path":["/c/en/doorjamb","/c/fr/jambage","/c/fr/poser","/c/en/set","/c/en/ritualism"],"weight":0.20291999999999988},"num_concepts_raised":4315},{"base_id":120,"kind":"bot_words","i1":1,"i2":4,"sol":{"path":["/c/en/doorjamb","/c/en/jamb","/c/en/mining","/c/en/sluice"],"weight":0.21165999999999946},"num_concepts_raised":24296},{"base_id":120,"kind":"bot_words","i1":1,"i2":5,"sol":{"path":["/c/en/doorjamb","/c/en/jamb","/c/en/architecture","/c/en/band","/c/en/pixies"],"weight":0.20931999999999973},"num_concepts_raised":2455},{"base_id":120,"kind":"bot_words","i1":1,"i2":6,"sol":{"path":["/c/en/doorjamb","/c/en/jamb","/c/en/wall","/c/en/eaves","/c/en/eave"],"weight":0.20421999999999985},"num_concepts_raised":1381},{"base_id":120,"kind":"bot_words","i1":1,"i2":7,"sol":{"path":["/c/en/doorjamb","/c/en/jamb","/c/en/wall","/c/en/defense"],"weight":0.215599999999999},"num_concepts_raised":51390},{"base_id":120,"kind":"bot_words","i1":1,"i2":8,"sol":{"path":["/c/en/doorjamb","/c/fi/pieli","/c/en/nautical","/c/en/skin","/c/en/whitehead"],"weight":0.20823999999999976},"num_concepts_raised":7472},{"base_id":120,"kind":"bot_words","i1":1,"i2":9,"sol":{"path":["/c/en/doorjamb","/c/en/doorpost","/c/en/post","/c/en/base","/c/en/dimethylamine"],"weight":0.21017999999999976},"num_concepts_raised":11643},{"base_id":120,"kind":"bot_words","i1":2,"i2":3,"sol":{"path":["/c/en/biotite","/c/en/mineral","/c/en/element","/c/en/set","/c/en/ritualism"],"weight":0.21170000000000005},"num_concepts_raised":12354},{"base_id":120,"kind":"bot_words","i1":2,"i2":4,"sol":{"path":["/c/en/biotite","/c/en/mineral","/c/en/water","/c/en/sluice"],"weight":0.21943999999999964},"num_concepts_raised":32161},{"base_id":120,"kind":"bot_words","i1":2,"i2":5,"sol":{"path":["/c/en/biotite","/c/en/mineral","/c/en/rock","/c/en/alternative_rock","/c/en/pixies"],"weight":0.21696999999999989},"num_concepts_raised":10491},{"base_id":120,"kind":"bot_words","i1":2,"i2":6,"sol":{"path":["/c/en/biotite","/c/en/mineral","/c/en/water","/c/en/gutter","/c/en/eave"],"weight":0.21167999999999998},"num_concepts_raised":9432},{"base_id":120,"kind":"bot_words","i1":2,"i2":7,"sol":{"path":["/c/en/biotite","/c/en/mica","/c/en/weapon","/c/en/defense"],"weight":0.22285999999999917},"num_concepts_raised":59308},{"base_id":120,"kind":"bot_words","i1":2,"i2":8,"sol":{"path":["/c/en/biotite","/c/en/mineral","/c/en/animal","/c/en/skin","/c/en/whitehead"],"weight":0.2169399999999999},"num_concepts_raised":15509},{"base_id":120,"kind":"bot_words","i1":2,"i2":9,"sol":{"path":["/c/en/biotite","/c/en/iron","/c/en/base","/c/en/dimethylamine"],"weight":0.21439999999999992},"num_concepts_raised":19608},{"base_id":120,"kind":"bot_words","i1":3,"i2":4,"sol":{"path":["/c/en/ritualism","/c/en/set","/c/en/flow","/c/en/sluice"],"weight":0.21030999999999955},"num_concepts_raised":27539},{"base_id":120,"kind":"bot_words","i1":3,"i2":5,"sol":{"path":["/c/en/ritualism","/c/en/set","/c/en/band","/c/en/pixies"],"weight":0.2078799999999998},"num_concepts_raised":5809},{"base_id":120,"kind":"bot_words","i1":3,"i2":6,"sol":{"path":["/c/en/ritualism","/c/en/practice","/c/en/sports","/c/es/alero","/c/en/eave"],"weight":0.2036099999999999},"num_concepts_raised":4774},{"base_id":120,"kind":"bot_words","i1":3,"i2":7,"sol":{"path":["/c/en/ritualism","/c/en/set","/c/en/attack","/c/en/defense"],"weight":0.21657999999999905},"num_concepts_raised":54310},{"base_id":120,"kind":"bot_words","i1":3,"i2":8,"sol":{"path":["/c/en/ritualism","/c/en/set","/c/en/slang","/c/en/pimple","/c/en/whitehead"],"weight":0.20988999999999985},"num_concepts_raised":10843},{"base_id":120,"kind":"bot_words","i1":3,"i2":9,"sol":{"path":["/c/en/ritualism","/c/en/set","/c/en/base","/c/en/dimethylamine"],"weight":0.20776999999999984},"num_concepts_raised":15017},{"base_id":120,"kind":"bot_words","i1":4,"i2":5,"sol":{"path":["/c/en/sluice","/c/en/dam","/c/en/band","/c/en/pixies"],"weight":0.21562999999999938},"num_concepts_raised":25786},{"base_id":120,"kind":"bot_words","i1":4,"i2":6,"sol":{"path":["/c/en/sluice","/c/en/water","/c/en/gutter","/c/en/eave"],"weight":0.2105399999999995},"num_concepts_raised":24691},{"base_id":120,"kind":"bot_words","i1":4,"i2":7,"sol":{"path":["/c/en/sluice","/c/en/mining","/c/en/defense"],"weight":0.20600000000000002},"num_concepts_raised":650},{"base_id":120,"kind":"bot_words","i1":4,"i2":8,"sol":{"path":["/c/en/sluice","/c/en/flush","/c/en/bird","/c/en/whitehead"],"weight":0.21547999999999945},"num_concepts_raised":30692},{"base_id":120,"kind":"bot_words","i1":4,"i2":9,"sol":{"path":["/c/en/sluice","/c/en/linguistics","/c/en/base","/c/en/dimethylamine"],"weight":0.2174399999999994},"num_concepts_raised":34864},{"base_id":120,"kind":"bot_words","i1":5,"i2":6,"sol":{"path":["/c/en/pixies","/c/en/band","/c/en/architecture","/c/en/rafter","/c/en/eave"],"weight":0.20789999999999972},"num_concepts_raised":2919},{"base_id":120,"kind":"bot_words","i1":5,"i2":7,"sol":{"path":["/c/en/pixies","/c/en/band","/c/en/team","/c/en/defense"],"weight":0.2194499999999989},"num_concepts_raised":52744},{"base_id":120,"kind":"bot_words","i1":5,"i2":8,"sol":{"path":["/c/en/pixies","/c/en/alternative_rock","/c/en/skin","/c/en/whitehead"],"weight":0.2131199999999997},"num_concepts_raised":8973},{"base_id":120,"kind":"bot_words","i1":5,"i2":9,"sol":{"path":["/c/en/pixies","/c/en/alternative_rock","/c/en/camp","/c/en/base","/c/en/dimethylamine"],"weight":0.21307999999999966},"num_concepts_raised":13172},{"base_id":120,"kind":"bot_words","i1":6,"i2":7,"sol":{"path":["/c/en/eave","/c/es/alero","/c/en/sports","/c/en/defense"],"weight":0.215409999999999},"num_concepts_raised":51831},{"base_id":120,"kind":"bot_words","i1":6,"i2":8,"sol":{"path":["/c/en/eave","/c/th/สาหร่าย","/c/en/slang","/c/en/pimple","/c/en/whitehead"],"weight":0.20990999999999976},"num_concepts_raised":7934},{"base_id":120,"kind":"bot_words","i1":6,"i2":9,"sol":{"path":["/c/en/eave","/c/en/gutter","/c/en/water","/c/en/chemical_compound","/c/en/dimethylamine"],"weight":0.20782999999999974},"num_concepts_raised":12109},{"base_id":120,"kind":"bot_words","i1":7,"i2":8,"sol":{"path":["/c/en/defense","/c/en/attack","/c/en/torpedo","/c/en/whitehead"],"weight":0.22172999999999893},"num_concepts_raised":57635},{"base_id":120,"kind":"bot_words","i1":7,"i2":9,"sol":{"path":["/c/en/defense","/c/en/shield","/c/en/base","/c/en/dimethylamine"],"weight":0.21975999999999896},"num_concepts_raised":61896},{"base_id":120,"kind":"bot_words","i1":8,"i2":9,"sol":{"path":["/c/en/whitehead","/c/en/skin","/c/en/foundation","/c/en/base","/c/en/dimethylamine"],"weight":0.21304999999999968},"num_concepts_raised":18169}],[{"base_id":120,"kind":"top_words","i1":0,"i2":1,"sol":{"path":["/c/en/0","/c/en/zero","/c/en/point","/c/en/scoreless"],"weight":0.21439999999999948},"num_concepts_raised":15504},{"base_id":120,"kind":"top_words","i1":0,"i2":2,"sol":{"path":["/c/en/0","/c/en/zero","/c/en/slang","/c/en/skunk","/c/en/shutout"],"weight":0.2217199999999994},"num_concepts_raised":16046},{"base_id":120,"kind":"top_words","i1":0,"i2":3,"sol":{"path":["/c/en/0","/c/en/zero","/c/en/pair","/c/en/innings"],"weight":0.2146899999999993},"num_concepts_raised":34218},{"base_id":120,"kind":"top_words","i1":0,"i2":4,"sol":{"path":["/c/en/0","/c/en/zero","/c/en/mathematics","/c/en/aggregate"],"weight":0.22333999999999854},"num_concepts_raised":69523},{"base_id":120,"kind":"top_words","i1":0,"i2":5,"sol":{"path":["/c/en/0","/c/en/internet_slang","/c/en/vine","/c/en/trailing"],"weight":0.2094999999999994},"num_concepts_raised":19167},{"base_id":120,"kind":"top_words","i1":0,"i2":6,"sol":{"path":["/c/en/0","/c/en/cardinal","/c/en/baseball","/c/en/inning"],"weight":0.21363999999999944},"num_concepts_raised":24047},{"base_id":120,"kind":"top_words","i1":0,"i2":7,"sol":{"path":["/c/en/0","/c/en/electrical_engineering","/c/en/telecommunication","/c/en/bt"],"weight":0.21447999999999934},"num_concepts_raised":13907},{"base_id":120,"kind":"top_words","i1":0,"i2":8,"sol":{"path":["/c/en/0","/c/en/zero","/c/en/root","/c/en/rout"],"weight":0.21738999999999897},"num_concepts_raised":49598},{"base_id":120,"kind":"top_words","i1":0,"i2":9,"sol":{"path":["/c/en/0","/c/en/zero","/c/en/free","/c/en/tied","/c/en/tiebreaker"],"weight":0.21969999999999942},"num_concepts_raised":11338},{"base_id":120,"kind":"top_words","i1":1,"i2":2,"sol":{"path":["/c/en/scoreless","/c/en/goalless","/c/en/sports","/c/en/shutout"],"weight":0.21016999999999986},"num_concepts_raised":9864},{"base_id":120,"kind":"top_words","i1":1,"i2":3,"sol":{"path":["/c/en/scoreless","/c/en/point","/c/en/cricket","/c/en/innings"],"weight":0.20371999999999973},"num_concepts_raised":27999},{"base_id":120,"kind":"top_words","i1":1,"i2":4,"sol":{"path":["/c/en/scoreless","/c/en/goalless","/c/en/sports","/c/en/aggregate"],"weight":0.21370999999999896},"num_concepts_raised":63211},{"base_id":120,"kind":"top_words","i1":1,"i2":5,"sol":{"path":["/c/en/scoreless","/c/en/point","/c/en/animal","/c/en/trailing"],"weight":0.2031299999999998},"num_concepts_raised":13108},{"base_id":120,"kind":"top_words","i1":1,"i2":6,"sol":{"path":["/c/en/scoreless","/c/en/point","/c/en/baseball","/c/en/inning"],"weight":0.20497999999999988},"num_concepts_raised":17765},{"base_id":120,"kind":"top_words","i1":1,"i2":7,"sol":{"path":["/c/en/scoreless","/c/en/score","/c/en/music","/c/en/breakbeat","/c/en/bt"],"weight":0.20831999999999978},"num_concepts_raised":7896},{"base_id":120,"kind":"top_words","i1":1,"i2":8,"sol":{"path":["/c/en/scoreless","/c/en/score","/c/en/defeat","/c/en/rout"],"weight":0.20600999999999944},"num_concepts_raised":43525},{"base_id":120,"kind":"top_words","i1":1,"i2":9,"sol":{"path":["/c/en/scoreless","/c/en/goalless","/c/en/sports","/c/en/tiebreak","/c/en/tiebreaker"],"weight":0.21234999999999987},"num_concepts_raised":5333},{"base_id":120,"kind":"top_words","i1":2,"i2":3,"sol":{"path":["/c/en/shutout","/c/fr/blanchissage","/c/fr/baseball","/c/en/innings"],"weight":0.21035999999999963},"num_concepts_raised":28504},{"base_id":120,"kind":"top_words","i1":2,"i2":4,"sol":{"path":["/c/en/shutout","/c/en/sports","/c/en/aggregate"],"weight":0.20600000000000002},"num_concepts_raised":366},{"base_id":120,"kind":"top_words","i1":2,"i2":5,"sol":{"path":["/c/en/shutout","/c/en/skunk","/c/en/animal","/c/en/trailing"],"weight":0.2103799999999997},"num_concepts_raised":13613},{"base_id":120,"kind":"top_words","i1":2,"i2":6,"sol":{"path":["/c/en/shutout","/c/fr/blanchissage","/c/fr/baseball","/c/en/inning"],"weight":0.21079999999999977},"num_concepts_raised":18263},{"base_id":120,"kind":"top_words","i1":2,"i2":7,"sol":{"path":["/c/en/shutout","/c/en/skunk","/c/en/black","/c/en/musical_artist","/c/en/bt"],"weight":0.21533999999999967},"num_concepts_raised":8370},{"base_id":120,"kind":"top_words","i1":2,"i2":8,"sol":{"path":["/c/en/shutout","/c/en/defeat","/c/en/rout"],"weight":0.20500000000000002},"num_concepts_raised":223},{"base_id":120,"kind":"top_words","i1":2,"i2":9,"sol":{"path":["/c/en/shutout","/c/en/sports","/c/en/tiebreak","/c/en/tiebreaker"],"weight":0.21549999999999978},"num_concepts_raised":5773},{"base_id":120,"kind":"top_words","i1":3,"i2":4,"sol":{"path":["/c/en/innings","/c/en/tie","/c/en/concrete","/c/en/aggregate"],"weight":0.21417999999999876},"num_concepts_raised":80856},{"base_id":120,"kind":"top_words","i1":3,"i2":5,"sol":{"path":["/c/en/innings","/c/en/bat","/c/en/animal","/c/en/trailing"],"weight":0.2035399999999996},"num_concepts_raised":31480},{"base_id":120,"kind":"top_words","i1":3,"i2":6,"sol":{"path":["/c/en/innings","/c/en/inning"],"weight":0.20400000000000001},"num_concepts_raised":121},{"base_id":120,"kind":"top_words","i1":3,"i2":7,"sol":{"path":["/c/en/innings","/c/en/british","/c/en/btss","/c/en/bt"],"weight":0.20838999999999958},"num_concepts_raised":26594},{"base_id":120,"kind":"top_words","i1":3,"i2":8,"sol":{"path":["/c/en/innings","/c/en/bat","/c/en/blow","/c/en/rout"],"weight":0.20622999999999922},"num_concepts_raised":61028},{"base_id":120,"kind":"top_words","i1":3,"i2":9,"sol":{"path":["/c/en/innings","/c/en/tie","/c/en/tied","/c/en/tiebreaker"],"weight":0.2085599999999997},"num_concepts_raised":24117},{"base_id":120,"kind":"top_words","i1":4,"i2":5,"sol":{"path":["/c/en/aggregate","/c/en/mathematics","/c/en/converge","/c/en/trailing"],"weight":0.21197999999999884},"num_concepts_raised":66895},{"base_id":120,"kind":"top_words","i1":4,"i2":6,"sol":{"path":["/c/en/aggregate","/c/en/multiple","/c/en/part","/c/en/inning"],"weight":0.2143999999999989},"num_concepts_raised":70968},{"base_id":120,"kind":"top_words","i1":4,"i2":7,"sol":{"path":["/c/en/aggregate","/c/en/music","/c/en/singing","/c/en/bt"],"weight":0.2171099999999988},"num_concepts_raised":61955},{"base_id":120,"kind":"top_words","i1":4,"i2":8,"sol":{"path":["/c/en/aggregate","/c/en/multiple","/c/en/crowd","/c/en/rout"],"weight":0.21673999999999843},"num_concepts_raised":95171},{"base_id":120,"kind":"top_words","i1":4,"i2":9,"sol":{"path":["/c/en/aggregate","/c/en/sports","/c/en/tiebreak","/c/en/tiebreaker"],"weight":0.2190399999999989},"num_concepts_raised":59754},{"base_id":120,"kind":"top_words","i1":5,"i2":6,"sol":{"path":["/c/en/trailing","/c/en/side","/c/en/baseball","/c/en/inning"],"weight":0.20529999999999976},"num_concepts_raised":21464},{"base_id":120,"kind":"top_words","i1":5,"i2":7,"sol":{"path":["/c/en/trailing","/c/en/facing","/c/en/edge","/c/en/musical_artist","/c/en/bt"],"weight":0.20931999999999962},"num_concepts_raised":11514},{"base_id":120,"kind":"top_words","i1":5,"i2":8,"sol":{"path":["/c/en/trailing","/c/fr/alignement_des_pales","/c/fr/militaire","/c/en/rout"],"weight":0.20598999999999928},"num_concepts_raised":46971},{"base_id":120,"kind":"top_words","i1":5,"i2":9,"sol":{"path":["/c/en/trailing","/c/en/side","/c/en/sports","/c/en/tiebreak","/c/en/tiebreaker"],"weight":0.21050999999999975},"num_concepts_raised":8973},{"base_id":120,"kind":"top_words","i1":6,"i2":7,"sol":{"path":["/c/en/inning","/c/en/players","/c/en/orchestra","/c/en/bt"],"weight":0.2086799999999997},"num_concepts_raised":16428},{"base_id":120,"kind":"top_words","i1":6,"i2":8,"sol":{"path":["/c/en/inning","/c/en/baseball","/c/en/crowd","/c/en/rout"],"weight":0.20786999999999936},"num_concepts_raised":51322},{"base_id":120,"kind":"top_words","i1":6,"i2":9,"sol":{"path":["/c/en/inning","/c/fr/manche","/c/fr/jeu_décisif","/c/en/tiebreaker"],"weight":0.2098199999999998},"num_concepts_raised":13921},{"base_id":120,"kind":"top_words","i1":7,"i2":8,"sol":{"path":["/c/en/bt","/c/en/orchestra","/c/en/group","/c/en/rout"],"weight":0.20998999999999926},"num_concepts_raised":42058},{"base_id":120,"kind":"top_words","i1":7,"i2":9,"sol":{"path":["/c/en/bt","/c/en/newspaper","/c/en/paper","/c/en/rock_paper_scissors","/c/en/tiebreaker"],"weight":0.2134299999999997},"num_concepts_raised":3638},{"base_id":120,"kind":"top_words","i1":8,"i2":9,"sol":{"path":["/c/en/rout","/c/en/defeat","/c/en/sports","/c/en/tiebreak","/c/en/tiebreaker"],"weight":0.21339999999999937},"num_concepts_raised":39640}]]