[[{"base_id":239,"kind":"bot_words","i1":0,"i2":1,"sol":{"path":["/c/en/zhang","/c/en/length","/c/en/stretch"],"weight":0.202},"num_concepts_raised":1034},{"base_id":239,"kind":"bot_words","i1":0,"i2":2,"sol":{"path":["/c/en/zhang","/c/en/li","/c/en/lithium","/c/en/drug","/c/en/scopolamine"],"weight":0.20839999999999986},"num_concepts_raised":13596},{"base_id":239,"kind":"bot_words","i1":0,"i2":3,"sol":{"path":["/c/en/zhang","/c/en/unit","/c/en/mass","/c/en/christianity","/c/en/christendom"],"weight":0.2135599999999997},"num_concepts_raised":16560},{"base_id":239,"kind":"bot_words","i1":0,"i2":4,"sol":{"path":["/c/en/zhang","/c/en/unit","/c/en/military","/c/en/tactical","/c/en/tactically"],"weight":0.20374999999999988},"num_concepts_raised":9195},{"base_id":239,"kind":"bot_words","i1":0,"i2":5,"sol":{"path":["/c/en/zhang","/c/en/traditional","/c/en/dock_leaf","/c/en/remedy","/c/en/irremediably"],"weight":0.20289999999999997},"num_concepts_raised":7496},{"base_id":239,"kind":"bot_words","i1":0,"i2":6,"sol":{"path":["/c/en/zhang","/c/zh/方丈","/c/en/square","/c/en/quadrate"],"weight":0.20780999999999966},"num_concepts_raised":31502},{"base_id":239,"kind":"bot_words","i1":0,"i2":7,"sol":{"path":["/c/en/zhang","/c/en/traditional","/c/en/music","/c/en/lyre"],"weight":0.21088999999999994},"num_concepts_raised":22172},{"base_id":239,"kind":"bot_words","i1":0,"i2":8,"sol":{"path":["/c/en/zhang","/c/zh/方丈","/c/en/sea","/c/en/baltic_sea","/c/en/usedom"],"weight":0.21488999999999994},"num_concepts_raised":10606},{"base_id":239,"kind":"bot_words","i1":0,"i2":9,"sol":{"path":["/c/en/zhang","/c/en/chinese","/c/en/wall","/c/en/pegasus"],"weight":0.21227999999999975},"num_concepts_raised":30151},{"base_id":239,"kind":"bot_words","i1":1,"i2":2,"sol":{"path":["/c/en/stretch","/c/en/long","/c/en/examination","/c/en/scopolamine"],"weight":0.22411999999999727},"num_concepts_raised":129851},{"base_id":239,"kind":"bot_words","i1":1,"i2":3,"sol":{"path":["/c/en/stretch","/c/en/body","/c/en/christendom"],"weight":0.20400000000000001},"num_concepts_raised":1094},{"base_id":239,"kind":"bot_words","i1":1,"i2":4,"sol":{"path":["/c/en/stretch","/c/en/homestretch","/c/en/end","/c/en/tactically"],"weight":0.2191299999999973},"num_concepts_raised":125382},{"base_id":239,"kind":"bot_words","i1":1,"i2":5,"sol":{"path":["/c/en/stretch","/c/en/touch","/c/en/cure","/c/en/irremediably"],"weight":0.2165399999999974},"num_concepts_raised":124027},{"base_id":239,"kind":"bot_words","i1":1,"i2":6,"sol":{"path":["/c/en/stretch","/c/en/nautical","/c/en/square","/c/en/quadrate"],"weight":0.22154999999999708},"num_concepts_raised":145575},{"base_id":239,"kind":"bot_words","i1":1,"i2":7,"sol":{"path":["/c/en/stretch","/c/en/arm","/c/en/harp","/c/en/lyre"],"weight":0.22879999999999734},"num_concepts_raised":136681},{"base_id":239,"kind":"bot_words","i1":1,"i2":8,"sol":{"path":["/c/en/stretch","/c/en/extension","/c/en/germany","/c/en/usedom"],"weight":0.22866999999999738},"num_concepts_raised":127018},{"base_id":239,"kind":"bot_words","i1":1,"i2":9,"sol":{"path":["/c/en/stretch","/c/en/long","/c/en/horse","/c/en/pegasus"],"weight":0.2282599999999972},"num_concepts_raised":144729},{"base_id":239,"kind":"bot_words","i1":2,"i2":3,"sol":{"path":["/c/en/scopolamine","/c/en/drug","/c/en/body","/c/en/christendom"],"weight":0.21436999999999973},"num_concepts_raised":17752},{"base_id":239,"kind":"bot_words","i1":2,"i2":4,"sol":{"path":["/c/en/scopolamine","/c/en/alkaloid","/c/fr/chimie","/c/fr/tactique","/c/en/tactically"],"weight":0.2083899999999999},"num_concepts_raised":10341},{"base_id":239,"kind":"bot_words","i1":2,"i2":5,"sol":{"path":["/c/en/scopolamine","/c/it/scopolamina","/c/en/medicine","/c/en/remedy","/c/en/irremediably"],"weight":0.21064999999999998},"num_concepts_raised":8577},{"base_id":239,"kind":"bot_words","i1":2,"i2":6,"sol":{"path":["/c/en/scopolamine","/c/en/pupil","/c/en/anatomy","/c/en/quadrate"],"weight":0.2089499999999997},"num_concepts_raised":32714},{"base_id":239,"kind":"bot_words","i1":2,"i2":7,"sol":{"path":["/c/en/scopolamine","/c/en/drug","/c/syc/ܟܢܪܐ","/c/en/lyre"],"weight":0.21622999999999995},"num_concepts_raised":23442},{"base_id":239,"kind":"bot_words","i1":2,"i2":8,"sol":{"path":["/c/en/scopolamine","/c/en/drug","/c/en/deal","/c/en/town","/c/en/usedom"],"weight":0.21842999999999996},"num_concepts_raised":11775},{"base_id":239,"kind":"bot_words","i1":2,"i2":9,"sol":{"path":["/c/en/scopolamine","/c/en/sedative","/c/en/horse","/c/en/pegasus"],"weight":0.21787999999999974},"num_concepts_raised":31510},{"base_id":239,"kind":"bot_words","i1":3,"i2":4,"sol":{"path":["/c/en/christendom","/c/en/christianity","/c/en/armageddon","/c/en/end","/c/en/tactically"],"weight":0.21336999999999973},"num_concepts_raised":13379},{"base_id":239,"kind":"bot_words","i1":3,"i2":5,"sol":{"path":["/c/en/christendom","/c/fr/christianisme","/c/en/curate","/c/en/cure","/c/en/irremediably"],"weight":0.21129999999999985},"num_concepts_raised":11674},{"base_id":239,"kind":"bot_words","i1":3,"i2":6,"sol":{"path":["/c/en/christendom","/c/en/body","/c/en/geometry","/c/en/quadrate"],"weight":0.20946999999999957},"num_concepts_raised":35521},{"base_id":239,"kind":"bot_words","i1":3,"i2":7,"sol":{"path":["/c/en/christendom","/c/en/body","/c/en/shell","/c/en/lyre"],"weight":0.21667999999999982},"num_concepts_raised":26292},{"base_id":239,"kind":"bot_words","i1":3,"i2":8,"sol":{"path":["/c/en/christendom","/c/en/church","/c/en/town","/c/en/usedom"],"weight":0.2189499999999998},"num_concepts_raised":14747},{"base_id":239,"kind":"bot_words","i1":3,"i2":9,"sol":{"path":["/c/en/christendom","/c/en/church","/c/en/historical","/c/en/pegasus"],"weight":0.21834999999999966},"num_concepts_raised":34254},{"base_id":239,"kind":"bot_words","i1":4,"i2":5,"sol":{"path":["/c/en/tactically","/c/en/end","/c/ar/رفع","/c/en/remedy","/c/en/irremediably"],"weight":0.20287000000000005},"num_concepts_raised":4236},{"base_id":239,"kind":"bot_words","i1":4,"i2":6,"sol":{"path":["/c/en/tactically","/c/en/end","/c/en/surface","/c/en/quadrate"],"weight":0.20323999999999975},"num_concepts_raised":28343},{"base_id":239,"kind":"bot_words","i1":4,"i2":7,"sol":{"path":["/c/en/tactically","/c/en/tactical","/c/en/sharp","/c/en/music","/c/en/lyre"],"weight":0.21189},"num_concepts_raised":19040},{"base_id":239,"kind":"bot_words","i1":4,"i2":8,"sol":{"path":["/c/en/tactically","/c/en/tactical","/c/en/local","/c/en/town","/c/en/usedom"],"weight":0.21378999999999998},"num_concepts_raised":7379},{"base_id":239,"kind":"bot_words","i1":4,"i2":9,"sol":{"path":["/c/en/tactically","/c/en/tactical","/c/en/military","/c/en/horse","/c/en/pegasus"],"weight":0.21325999999999978},"num_concepts_raised":27132},{"base_id":239,"kind":"bot_words","i1":5,"i2":6,"sol":{"path":["/c/en/irremediably","/c/en/correction","/c/en/book","/c/en/square","/c/en/quadrate"],"weight":0.20793999999999982},"num_concepts_raised":26697},{"base_id":239,"kind":"bot_words","i1":5,"i2":7,"sol":{"path":["/c/en/irremediably","/c/en/remedial","/c/fr/médecine","/c/en/music","/c/en/lyre"],"weight":0.2121000000000001},"num_concepts_raised":17372},{"base_id":239,"kind":"bot_words","i1":5,"i2":8,"sol":{"path":["/c/en/irremediably","/c/en/remedy","/c/en/legal","/c/en/town","/c/en/usedom"],"weight":0.21300000000000008},"num_concepts_raised":5666},{"base_id":239,"kind":"bot_words","i1":5,"i2":9,"sol":{"path":["/c/en/irremediably","/c/en/remedial","/c/en/alterative","/c/en/historical","/c/en/pegasus"],"weight":0.2133999999999999},"num_concepts_raised":25458},{"base_id":239,"kind":"bot_words","i1":6,"i2":7,"sol":{"path":["/c/en/quadrate","/c/en/anatomy","/c/en/lyra","/c/en/lyre"],"weight":0.21391999999999978},"num_concepts_raised":41025},{"base_id":239,"kind":"bot_words","i1":6,"i2":8,"sol":{"path":["/c/en/quadrate","/c/en/square","/c/en/town","/c/en/usedom"],"weight":0.21796999999999978},"num_concepts_raised":29797},{"base_id":239,"kind":"bot_words","i1":6,"i2":9,"sol":{"path":["/c/en/quadrate","/c/en/astrology","/c/en/constellation","/c/en/pegasus"],"weight":0.21303999999999962},"num_concepts_raised":48743},{"base_id":239,"kind":"bot_words","i1":7,"i2":8,"sol":{"path":["/c/en/lyre","/c/en/medieval","/c/en/germany","/c/en/usedom"],"weight":0.22067000000000003},"num_concepts_raised":20446},{"base_id":239,"kind":"bot_words","i1":7,"i2":9,"sol":{"path":["/c/en/lyre","/c/en/harp","/c/en/wood","/c/en/pegasus"],"weight":0.22459999999999986},"num_concepts_raised":39708},{"base_id":239,"kind":"bot_words","i1":8,"i2":9,"sol":{"path":["/c/en/usedom","/c/en/town","/c/en/wall","/c/en/pegasus"],"weight":0.22236999999999985},"num_concepts_raised":28365}],[{"base_id":239,"kind":"top_words","i1":0,"i2":1,"sol":{"path":["/c/en/federation","/c/en/confederation","/c/en/concacaf","/c/en/fifa"],"weight":0.22054999999999975},"num_concepts_raised":21907},{"base_id":239,"kind":"top_words","i1":0,"i2":2,"sol":{"path":["/c/en/federation","/c/en/confederation","/c/en/canada","/c/en/caf"],"weight":0.2202999999999999},"num_concepts_raised":29838},{"base_id":239,"kind":"top_words","i1":0,"i2":3,"sol":{"path":["/c/en/federation","/c/en/confederation","/c/en/concacaf","/c/en/uefa"],"weight":0.22067999999999982},"num_concepts_raised":23192},{"base_id":239,"kind":"top_words","i1":0,"i2":4,"sol":{"path":["/c/en/federation","/c/de/bund","/c/de/und","/c/en/wtf"],"weight":0.21281999999999998},"num_concepts_raised":25512},{"base_id":239,"kind":"top_words","i1":0,"i2":5,"sol":{"path":["/c/en/federation","/c/en/state","/c/en/discipline","/c/en/disciplinary"],"weight":0.21434999999999998},"num_concepts_raised":24682},{"base_id":239,"kind":"top_words","i1":0,"i2":6,"sol":{"path":["/c/en/federation","/c/en/state","/c/en/parenthood"],"weight":0.20400000000000001},"num_concepts_raised":284},{"base_id":239,"kind":"top_words","i1":0,"i2":7,"sol":{"path":["/c/en/federation","/c/en/provider","/c/en/sheep","/c/en/baa"],"weight":0.21583000000000002},"num_concepts_raised":25883},{"base_id":239,"kind":"top_words","i1":0,"i2":8,"sol":{"path":["/c/en/federation","/c/en/confederation"],"weight":0.20800000000000002},"num_concepts_raised":414},{"base_id":239,"kind":"top_words","i1":0,"i2":9,"sol":{"path":["/c/en/federation","/c/fr/fédération","/c/fr/commune","/c/fr/fa","/c/en/fa"],"weight":0.22184000000000004},"num_concepts_raised":39364},{"base_id":239,"kind":"top_words","i1":1,"i2":2,"sol":{"path":["/c/en/fifa","/c/en/concacaf","/c/en/caf"],"weight":0.20600000000000002},"num_concepts_raised":141},{"base_id":239,"kind":"top_words","i1":1,"i2":3,"sol":{"path":["/c/en/fifa","/c/en/organisation","/c/en/uefa"],"weight":0.20600000000000002},"num_concepts_raised":178},{"base_id":239,"kind":"top_words","i1":1,"i2":4,"sol":{"path":["/c/en/fifa","/c/en/organisation","/c/en/organization","/c/en/who","/c/en/wtf"],"weight":0.20877999999999955},"num_concepts_raised":4707},{"base_id":239,"kind":"top_words","i1":1,"i2":5,"sol":{"path":["/c/en/fifa","/c/en/organisation","/c/en/bundobust","/c/en/discipline","/c/en/disciplinary"],"weight":0.21023999999999957},"num_concepts_raised":3898},{"base_id":239,"kind":"top_words","i1":1,"i2":6,"sol":{"path":["/c/en/fifa","/c/en/organisation","/c/en/organization","/c/en/parent","/c/en/parenthood"],"weight":0.20981999999999956},"num_concepts_raised":5690},{"base_id":239,"kind":"top_words","i1":1,"i2":7,"sol":{"path":["/c/en/fifa","/c/en/concacaf","/c/en/soccer","/c/en/ram","/c/en/sheep","/c/en/baa"],"weight":0.21923909999999933},"num_concepts_raised":366961},{"base_id":239,"kind":"top_words","i1":1,"i2":8,"sol":{"path":["/c/en/fifa","/c/en/concacaf","/c/en/confederation"],"weight":0.20600000000000002},"num_concepts_raised":298},{"base_id":239,"kind":"top_words","i1":1,"i2":9,"sol":{"path":["/c/en/fifa","/c/en/organisation","/c/en/security_service","/c/en/mi","/c/en/fa"],"weight":0.2101299999999996},"num_concepts_raised":18875},{"base_id":239,"kind":"top_words","i1":2,"i2":3,"sol":{"path":["/c/en/caf","/c/en/concacaf","/c/en/uefa"],"weight":0.20600000000000002},"num_concepts_raised":139},{"base_id":239,"kind":"top_words","i1":2,"i2":4,"sol":{"path":["/c/en/caf","/c/en/cafeteria","/c/en/plate","/c/en/what","/c/en/wtf"],"weight":0.21277999999999975},"num_concepts_raised":13074},{"base_id":239,"kind":"top_words","i1":2,"i2":5,"sol":{"path":["/c/en/caf","/c/en/cafeteria","/c/en/school","/c/en/punishment","/c/en/disciplinary"],"weight":0.21283999999999975},"num_concepts_raised":12261},{"base_id":239,"kind":"top_words","i1":2,"i2":6,"sol":{"path":["/c/en/caf","/c/en/canada","/c/en/state","/c/en/parenthood"],"weight":0.20845999999999976},"num_concepts_raised":14026},{"base_id":239,"kind":"top_words","i1":2,"i2":7,"sol":{"path":["/c/en/caf","/c/en/cafeteria","/c/en/bar","/c/en/characteristic","/c/en/baa"],"weight":0.21351999999999977},"num_concepts_raised":13496},{"base_id":239,"kind":"top_words","i1":2,"i2":8,"sol":{"path":["/c/en/caf","/c/en/canada","/c/en/confederation"],"weight":0.20600000000000002},"num_concepts_raised":257},{"base_id":239,"kind":"top_words","i1":2,"i2":9,"sol":{"path":["/c/en/caf","/c/en/cafeteria","/c/en/bar","/c/en/music","/c/en/fa"],"weight":0.2132499999999998},"num_concepts_raised":27139},{"base_id":239,"kind":"top_words","i1":3,"i2":4,"sol":{"path":["/c/en/uefa","/c/en/english_language","/c/en/why","/c/en/wtf"],"weight":0.20890999999999962},"num_concepts_raised":6114},{"base_id":239,"kind":"top_words","i1":3,"i2":5,"sol":{"path":["/c/en/uefa","/c/en/german_language","/c/en/correction","/c/en/discipline","/c/en/disciplinary"],"weight":0.21041999999999966},"num_concepts_raised":5304},{"base_id":239,"kind":"top_words","i1":3,"i2":6,"sol":{"path":["/c/en/uefa","/c/en/english_language","/c/en/guardian","/c/en/parent","/c/en/parenthood"],"weight":0.20994999999999966},"num_concepts_raised":7046},{"base_id":239,"kind":"top_words","i1":3,"i2":7,"sol":{"path":["/c/en/uefa","/c/en/europe","/c/en/scotland","/c/en/sheep","/c/en/baa"],"weight":0.21206999999999965},"num_concepts_raised":6535},{"base_id":239,"kind":"top_words","i1":3,"i2":8,"sol":{"path":["/c/en/uefa","/c/en/concacaf","/c/en/confederation"],"weight":0.20600000000000002},"num_concepts_raised":296},{"base_id":239,"kind":"top_words","i1":3,"i2":9,"sol":{"path":["/c/en/uefa","/c/en/europe","/c/en/uk","/c/en/do","/c/en/fa"],"weight":0.21041999999999972},"num_concepts_raised":20271},{"base_id":239,"kind":"top_words","i1":4,"i2":5,"sol":{"path":["/c/en/wtf","/c/en/fuck","/c/en/sexual","/c/en/discipline","/c/en/disciplinary"],"weight":0.20608999999999983},"num_concepts_raised":7511},{"base_id":239,"kind":"top_words","i1":4,"i2":6,"sol":{"path":["/c/en/wtf","/c/en/fuck","/c/en/person","/c/en/parent","/c/en/parenthood"],"weight":0.20565999999999984},"num_concepts_raised":9290},{"base_id":239,"kind":"top_words","i1":4,"i2":7,"sol":{"path":["/c/en/wtf","/c/en/why","/c/en/cry","/c/en/baa"],"weight":0.20553999999999983},"num_concepts_raised":8714},{"base_id":239,"kind":"top_words","i1":4,"i2":8,"sol":{"path":["/c/en/wtf","/c/de/und","/c/de/bund","/c/en/confederation"],"weight":0.21402999999999983},"num_concepts_raised":16237},{"base_id":239,"kind":"top_words","i1":4,"i2":9,"sol":{"path":["/c/en/wtf","/c/en/what","/c/ko/바","/c/en/fa"],"weight":0.20389999999999986},"num_concepts_raised":22354},{"base_id":239,"kind":"top_words","i1":5,"i2":6,"sol":{"path":["/c/en/disciplinary","/c/en/discipline","/c/en/state","/c/en/parenthood"],"weight":0.20501999999999984},"num_concepts_raised":8476},{"base_id":239,"kind":"top_words","i1":5,"i2":7,"sol":{"path":["/c/en/disciplinary","/c/en/discipline","/c/en/like","/c/en/sheep","/c/en/baa"],"weight":0.20821999999999985},"num_concepts_raised":7923},{"base_id":239,"kind":"top_words","i1":5,"i2":8,"sol":{"path":["/c/en/disciplinary","/c/en/discipline","/c/en/state","/c/en/confederation"],"weight":0.21354999999999985},"num_concepts_raised":15434},{"base_id":239,"kind":"top_words","i1":5,"i2":9,"sol":{"path":["/c/en/disciplinary","/c/en/punishment","/c/en/music","/c/en/fa"],"weight":0.20434999999999987},"num_concepts_raised":21621},{"base_id":239,"kind":"top_words","i1":6,"i2":7,"sol":{"path":["/c/en/parenthood","/c/en/parent","/c/en/sheep","/c/en/baa"],"weight":0.20774999999999988},"num_concepts_raised":9682},{"base_id":239,"kind":"top_words","i1":6,"i2":8,"sol":{"path":["/c/en/parenthood","/c/en/state","/c/en/confederation"],"weight":0.20400000000000001},"num_concepts_raised":254},{"base_id":239,"kind":"top_words","i1":6,"i2":9,"sol":{"path":["/c/en/parenthood","/c/en/parent","/c/en/act","/c/en/do","/c/en/fa"],"weight":0.2061299999999999},"num_concepts_raised":23384},{"base_id":239,"kind":"top_words","i1":7,"i2":8,"sol":{"path":["/c/en/baa","/c/en/cry","/c/en/state","/c/en/confederation"],"weight":0.21400999999999987},"num_concepts_raised":16638},{"base_id":239,"kind":"top_words","i1":7,"i2":9,"sol":{"path":["/c/en/baa","/c/en/cry","/c/en/do","/c/en/fa"],"weight":0.2069599999999999},"num_concepts_raised":22848},{"base_id":239,"kind":"top_words","i1":8,"i2":9,"sol":{"path":["/c/en/confederation","/c/en/confederationist","/c/en/movement","/c/en/music","/c/en/fa"],"weight":0.21651999999999993},"num_concepts_raised":30251}]]