[[{"base_id":655,"kind":"bot_words","i1":0,"i2":1,"sol":{"path":["/c/en/flatland","/c/en/plain","/c/fr/cuisine","/c/fr/injera","/c/en/injera"],"weight":0.21580999999999978},"num_concepts_raised":17777},{"base_id":655,"kind":"bot_words","i1":0,"i2":2,"sol":{"path":["/c/en/flatland","/c/en/land","/c/en/port","/c/en/portage"],"weight":0.21628999999999954},"num_concepts_raised":32976},{"base_id":655,"kind":"bot_words","i1":0,"i2":3,"sol":{"path":["/c/en/flatland","/c/en/plain","/c/en/paper","/c/en/flexible"],"weight":0.2142699999999991},"num_concepts_raised":36936},{"base_id":655,"kind":"bot_words","i1":0,"i2":4,"sol":{"path":["/c/en/flatland","/c/en/hill","/c/en/gill","/c/en/lamella"],"weight":0.20958999999999972},"num_concepts_raised":16645},{"base_id":655,"kind":"bot_words","i1":0,"i2":5,"sol":{"path":["/c/en/flatland","/c/en/flat","/c/fr/surface","/c/fr/périscope","/c/en/periscope"],"weight":0.21109999999999995},"num_concepts_raised":14606},{"base_id":655,"kind":"bot_words","i1":0,"i2":6,"sol":{"path":["/c/en/flatland","/c/en/flat","/c/en/pig","/c/en/bristle"],"weight":0.21214999999999912},"num_concepts_raised":47318},{"base_id":655,"kind":"bot_words","i1":0,"i2":7,"sol":{"path":["/c/en/flatland","/c/en/flat","/c/en/music","/c/en/phrasing"],"weight":0.20854999999999976},"num_concepts_raised":23302},{"base_id":655,"kind":"bot_words","i1":0,"i2":8,"sol":{"path":["/c/en/flatland","/c/en/flatlander","/c/en/pejorative","/c/en/plutonomy","/c/en/plutocrat"],"weight":0.2105699999999999},"num_concepts_raised":11253},{"base_id":655,"kind":"bot_words","i1":0,"i2":9,"sol":{"path":["/c/en/flatland","/c/en/hill","/c/en/form","/c/en/forming"],"weight":0.20962999999999965},"num_concepts_raised":15972},{"base_id":655,"kind":"bot_words","i1":1,"i2":2,"sol":{"path":["/c/en/injera","/c/en/food","/c/en/carry","/c/en/portage"],"weight":0.2163299999999996},"num_concepts_raised":29690},{"base_id":655,"kind":"bot_words","i1":1,"i2":3,"sol":{"path":["/c/en/injera","/c/en/food","/c/en/tin","/c/en/flexible"],"weight":0.21417999999999915},"num_concepts_raised":33633},{"base_id":655,"kind":"bot_words","i1":1,"i2":4,"sol":{"path":["/c/en/injera","/c/en/food","/c/en/plate","/c/en/lamella"],"weight":0.20873999999999976},"num_concepts_raised":13012},{"base_id":655,"kind":"bot_words","i1":1,"i2":5,"sol":{"path":["/c/en/injera","/c/en/food","/c/en/range","/c/en/scope","/c/en/periscope"],"weight":0.21014},"num_concepts_raised":10991},{"base_id":655,"kind":"bot_words","i1":1,"i2":6,"sol":{"path":["/c/en/injera","/c/en/food","/c/en/hair","/c/en/bristle"],"weight":0.21268999999999916},"num_concepts_raised":43940},{"base_id":655,"kind":"bot_words","i1":1,"i2":7,"sol":{"path":["/c/en/injera","/c/en/food","/c/en/extender","/c/en/phrase","/c/en/phrasing"],"weight":0.2105099999999998},"num_concepts_raised":19819},{"base_id":655,"kind":"bot_words","i1":1,"i2":8,"sol":{"path":["/c/en/injera","/c/en/bread","/c/fr/argent","/c/fr/ploutocrate","/c/en/plutocrat"],"weight":0.21070999999999995},"num_concepts_raised":7576},{"base_id":655,"kind":"bot_words","i1":1,"i2":9,"sol":{"path":["/c/en/injera","/c/en/bread","/c/en/form","/c/en/forming"],"weight":0.2097799999999997},"num_concepts_raised":12420},{"base_id":655,"kind":"bot_words","i1":2,"i2":3,"sol":{"path":["/c/en/portage","/c/en/nautical","/c/en/limber","/c/en/flexible"],"weight":0.2167099999999989},"num_concepts_raised":48605},{"base_id":655,"kind":"bot_words","i1":2,"i2":4,"sol":{"path":["/c/en/portage","/c/en/nautical","/c/en/parting","/c/en/lamella"],"weight":0.20901999999999954},"num_concepts_raised":28583},{"base_id":655,"kind":"bot_words","i1":2,"i2":5,"sol":{"path":["/c/en/portage","/c/en/boat","/c/en/submarine","/c/en/periscope"],"weight":0.20950999999999978},"num_concepts_raised":26465},{"base_id":655,"kind":"bot_words","i1":2,"i2":6,"sol":{"path":["/c/en/portage","/c/en/wisconsin","/c/en/brush","/c/en/bristle"],"weight":0.21408999999999895},"num_concepts_raised":58416},{"base_id":655,"kind":"bot_words","i1":2,"i2":7,"sol":{"path":["/c/en/portage","/c/en/track","/c/en/music","/c/en/phrasing"],"weight":0.20892999999999956},"num_concepts_raised":35193},{"base_id":655,"kind":"bot_words","i1":2,"i2":8,"sol":{"path":["/c/en/portage","/c/en/county_seat","/c/en/government","/c/en/plutocracy","/c/en/plutocrat"],"weight":0.2113299999999997},"num_concepts_raised":23199},{"base_id":655,"kind":"bot_words","i1":2,"i2":9,"sol":{"path":["/c/en/portage","/c/en/package_manager","/c/en/dependency","/c/en/forming"],"weight":0.20897999999999944},"num_concepts_raised":27870},{"base_id":655,"kind":"bot_words","i1":3,"i2":4,"sol":{"path":["/c/en/flexible","/c/en/membrane","/c/en/lamella"],"weight":0.202},"num_concepts_raised":470},{"base_id":655,"kind":"bot_words","i1":3,"i2":5,"sol":{"path":["/c/en/flexible","/c/en/flexecutive","/c/en/internet","/c/en/periscope"],"weight":0.21040999999999932},"num_concepts_raised":30532},{"base_id":655,"kind":"bot_words","i1":3,"i2":6,"sol":{"path":["/c/en/flexible","/c/fr/flexible","/c/fr/poil","/c/en/bristle"],"weight":0.2140999999999985},"num_concepts_raised":62454},{"base_id":655,"kind":"bot_words","i1":3,"i2":7,"sol":{"path":["/c/en/flexible","/c/en/whip","/c/en/music","/c/en/phrasing"],"weight":0.20899999999999913},"num_concepts_raised":39112},{"base_id":655,"kind":"bot_words","i1":3,"i2":8,"sol":{"path":["/c/en/flexible","/c/fr/flexible","/c/fr/économie","/c/fr/ploutocrate","/c/en/plutocrat"],"weight":0.21345999999999926},"num_concepts_raised":27222},{"base_id":655,"kind":"bot_words","i1":3,"i2":9,"sol":{"path":["/c/en/flexible","/c/en/pliable","/c/en/form","/c/en/forming"],"weight":0.212079999999999},"num_concepts_raised":31755},{"base_id":655,"kind":"bot_words","i1":4,"i2":5,"sol":{"path":["/c/en/lamella","/c/en/gill","/c/en/breathing","/c/en/snorkel","/c/en/periscope"],"weight":0.20503999999999994},"num_concepts_raised":9883},{"base_id":655,"kind":"bot_words","i1":4,"i2":6,"sol":{"path":["/c/en/lamella","/c/en/bone","/c/en/slang","/c/en/bristle"],"weight":0.2061899999999991},"num_concepts_raised":42918},{"base_id":655,"kind":"bot_words","i1":4,"i2":7,"sol":{"path":["/c/en/lamella","/c/en/plate","/c/en/music","/c/en/phrasing"],"weight":0.20350999999999975},"num_concepts_raised":18690},{"base_id":655,"kind":"bot_words","i1":4,"i2":8,"sol":{"path":["/c/en/lamella","/c/en/plate","/c/fr/argent","/c/fr/ploutocrate","/c/en/plutocrat"],"weight":0.20558999999999988},"num_concepts_raised":6473},{"base_id":655,"kind":"bot_words","i1":4,"i2":9,"sol":{"path":["/c/en/lamella","/c/en/plate","/c/en/form","/c/en/forming"],"weight":0.2046999999999996},"num_concepts_raised":11253},{"base_id":655,"kind":"bot_words","i1":5,"i2":6,"sol":{"path":["/c/en/periscope","/c/en/scope","/c/en/slang","/c/en/bristle"],"weight":0.20762999999999934},"num_concepts_raised":40765},{"base_id":655,"kind":"bot_words","i1":5,"i2":7,"sol":{"path":["/c/en/periscope","/c/en/submarine","/c/en/head","/c/en/phrase","/c/en/phrasing"],"weight":0.20586},"num_concepts_raised":16579},{"base_id":655,"kind":"bot_words","i1":5,"i2":8,"sol":{"path":["/c/en/periscope","/c/en/peer","/c/en/group","/c/en/oligarch","/c/en/plutocrat"],"weight":0.2050300000000001},"num_concepts_raised":4339},{"base_id":655,"kind":"bot_words","i1":5,"i2":9,"sol":{"path":["/c/en/periscope","/c/en/internet","/c/en/information","/c/en/forming"],"weight":0.20402999999999985},"num_concepts_raised":9173},{"base_id":655,"kind":"bot_words","i1":6,"i2":7,"sol":{"path":["/c/en/bristle","/c/en/brush","/c/en/music","/c/en/phrasing"],"weight":0.20852999999999916},"num_concepts_raised":49452},{"base_id":655,"kind":"bot_words","i1":6,"i2":8,"sol":{"path":["/c/en/bristle","/c/en/slang","/c/en/crat","/c/en/plutocrat"],"weight":0.2061899999999993},"num_concepts_raised":37670},{"base_id":655,"kind":"bot_words","i1":6,"i2":9,"sol":{"path":["/c/en/bristle","/c/en/distance","/c/en/form","/c/en/forming"],"weight":0.20716999999999902},"num_concepts_raised":42274},{"base_id":655,"kind":"bot_words","i1":7,"i2":8,"sol":{"path":["/c/en/phrasing","/c/en/phrase","/c/en/derive","/c/en/merchant_prince","/c/en/plutocrat"],"weight":0.20537999999999992},"num_concepts_raised":13219},{"base_id":655,"kind":"bot_words","i1":7,"i2":9,"sol":{"path":["/c/en/phrasing","/c/en/music","/c/en/form","/c/en/forming"],"weight":0.20463999999999966},"num_concepts_raised":17938},{"base_id":655,"kind":"bot_words","i1":8,"i2":9,"sol":{"path":["/c/en/plutocrat","/c/en/rich_person","/c/en/person","/c/en/form","/c/en/forming"],"weight":0.2046599999999998},"num_concepts_raised":5802}],[{"base_id":655,"kind":"top_words","i1":0,"i2":1,"sol":{"path":["/c/en/glow","/c/en/light","/c/en/fluorescent"],"weight":0.20400000000000001},"num_concepts_raised":492},{"base_id":655,"kind":"top_words","i1":0,"i2":2,"sol":{"path":["/c/en/glow","/c/fr/briller","/c/en/twinkle","/c/en/flickering"],"weight":0.21006999999999879},"num_concepts_raised":25742},{"base_id":655,"kind":"top_words","i1":0,"i2":3,"sol":{"path":["/c/en/glow","/c/en/glowing","/c/en/bright","/c/en/twinkling"],"weight":0.21192999999999879},"num_concepts_raised":32298},{"base_id":655,"kind":"top_words","i1":0,"i2":4,"sol":{"path":["/c/en/glow","/c/en/light","/c/en/lights"],"weight":0.20700000000000002},"num_concepts_raised":446},{"base_id":655,"kind":"top_words","i1":0,"i2":5,"sol":{"path":["/c/en/glow","/c/en/glower","/c/en/glare"],"weight":0.20500000000000002},"num_concepts_raised":570},{"base_id":655,"kind":"top_words","i1":0,"i2":6,"sol":{"path":["/c/en/glow","/c/en/light","/c/en/sunlight"],"weight":0.20600000000000002},"num_concepts_raised":694},{"base_id":655,"kind":"top_words","i1":0,"i2":7,"sol":{"path":["/c/en/glow","/c/en/light","/c/en/incandescent"],"weight":0.203},"num_concepts_raised":441},{"base_id":655,"kind":"top_words","i1":0,"i2":8,"sol":{"path":["/c/en/glow","/c/en/light"],"weight":0.20900000000000002},"num_concepts_raised":3635},{"base_id":655,"kind":"top_words","i1":0,"i2":9,"sol":{"path":["/c/en/glow","/c/en/light","/c/en/ultraviolet"],"weight":0.20600000000000002},"num_concepts_raised":567},{"base_id":655,"kind":"top_words","i1":1,"i2":2,"sol":{"path":["/c/en/fluorescent","/c/en/light","/c/en/flicker","/c/en/flickering"],"weight":0.20573999999999937},"num_concepts_raised":7870},{"base_id":655,"kind":"top_words","i1":1,"i2":3,"sol":{"path":["/c/en/fluorescent","/c/en/light","/c/en/bright","/c/en/twinkling"],"weight":0.20789999999999934},"num_concepts_raised":14966},{"base_id":655,"kind":"top_words","i1":1,"i2":4,"sol":{"path":["/c/en/fluorescent","/c/en/light","/c/en/lights"],"weight":0.20700000000000002},"num_concepts_raised":197},{"base_id":655,"kind":"top_words","i1":1,"i2":5,"sol":{"path":["/c/en/fluorescent","/c/en/light","/c/en/glare"],"weight":0.203},"num_concepts_raised":340},{"base_id":655,"kind":"top_words","i1":1,"i2":6,"sol":{"path":["/c/en/fluorescent","/c/en/light","/c/en/sunlight"],"weight":0.20600000000000002},"num_concepts_raised":441},{"base_id":655,"kind":"top_words","i1":1,"i2":7,"sol":{"path":["/c/en/fluorescent","/c/en/incandescent"],"weight":0.20400000000000001},"num_concepts_raised":193},{"base_id":655,"kind":"top_words","i1":1,"i2":8,"sol":{"path":["/c/en/fluorescent","/c/en/light"],"weight":0.21000000000000002},"num_concepts_raised":3415},{"base_id":655,"kind":"top_words","i1":1,"i2":9,"sol":{"path":["/c/en/fluorescent","/c/en/ultraviolet"],"weight":0.20400000000000001},"num_concepts_raised":314},{"base_id":655,"kind":"top_words","i1":2,"i2":3,"sol":{"path":["/c/en/flickering","/c/en/twinkle","/c/en/twinkling"],"weight":0.202},"num_concepts_raised":118},{"base_id":655,"kind":"top_words","i1":2,"i2":4,"sol":{"path":["/c/en/flickering","/c/en/flicker","/c/en/light","/c/en/lights"],"weight":0.21320999999999948},"num_concepts_raised":21119},{"base_id":655,"kind":"top_words","i1":2,"i2":5,"sol":{"path":["/c/en/flickering","/c/en/twinkle","/c/en/bright","/c/en/glare"],"weight":0.20695999999999912},"num_concepts_raised":29304},{"base_id":655,"kind":"top_words","i1":2,"i2":6,"sol":{"path":["/c/en/flickering","/c/en/flicker","/c/en/light","/c/en/sunlight"],"weight":0.2154999999999991},"num_concepts_raised":35707},{"base_id":655,"kind":"top_words","i1":2,"i2":7,"sol":{"path":["/c/en/flickering","/c/en/flicker","/c/en/light","/c/en/incandescent"],"weight":0.2041899999999996},"num_concepts_raised":10996},{"base_id":655,"kind":"top_words","i1":2,"i2":8,"sol":{"path":["/c/en/flickering","/c/en/candlelight","/c/en/light"],"weight":0.20800000000000002},"num_concepts_raised":3375},{"base_id":655,"kind":"top_words","i1":2,"i2":9,"sol":{"path":["/c/en/flickering","/c/en/flicker","/c/en/light","/c/en/ultraviolet"],"weight":0.21409999999999943},"num_concepts_raised":14332},{"base_id":655,"kind":"top_words","i1":3,"i2":4,"sol":{"path":["/c/en/twinkling","/c/en/bright","/c/en/lights"],"weight":0.20600000000000002},"num_concepts_raised":139},{"base_id":655,"kind":"top_words","i1":3,"i2":5,"sol":{"path":["/c/en/twinkling","/c/en/bright","/c/en/glare"],"weight":0.20500000000000002},"num_concepts_raised":282},{"base_id":655,"kind":"top_words","i1":3,"i2":6,"sol":{"path":["/c/en/twinkling","/c/en/bright","/c/en/sunlight"],"weight":0.20600000000000002},"num_concepts_raised":385},{"base_id":655,"kind":"top_words","i1":3,"i2":7,"sol":{"path":["/c/en/twinkling","/c/en/shining","/c/en/incandescent"],"weight":0.202},"num_concepts_raised":137},{"base_id":655,"kind":"top_words","i1":3,"i2":8,"sol":{"path":["/c/en/twinkling","/c/en/bright","/c/en/light"],"weight":0.21100000000000002},"num_concepts_raised":3368},{"base_id":655,"kind":"top_words","i1":3,"i2":9,"sol":{"path":["/c/en/twinkling","/c/en/bright","/c/en/light","/c/en/ultraviolet"],"weight":0.21623999999999943},"num_concepts_raised":21425},{"base_id":655,"kind":"top_words","i1":4,"i2":5,"sol":{"path":["/c/en/lights","/c/en/light","/c/en/glare"],"weight":0.20600000000000002},"num_concepts_raised":293},{"base_id":655,"kind":"top_words","i1":4,"i2":6,"sol":{"path":["/c/en/lights","/c/en/light","/c/en/sunlight"],"weight":0.20900000000000002},"num_concepts_raised":396},{"base_id":655,"kind":"top_words","i1":4,"i2":7,"sol":{"path":["/c/en/lights","/c/en/light","/c/en/incandescent"],"weight":0.20600000000000002},"num_concepts_raised":149},{"base_id":655,"kind":"top_words","i1":4,"i2":8,"sol":{"path":["/c/en/lights","/c/en/light"],"weight":0.21300000000000002},"num_concepts_raised":3375},{"base_id":655,"kind":"top_words","i1":4,"i2":9,"sol":{"path":["/c/en/lights","/c/en/light","/c/en/ultraviolet"],"weight":0.20900000000000002},"num_concepts_raised":270},{"base_id":655,"kind":"top_words","i1":5,"i2":6,"sol":{"path":["/c/en/glare","/c/en/sun","/c/en/sunlight"],"weight":0.20700000000000002},"num_concepts_raised":535},{"base_id":655,"kind":"top_words","i1":5,"i2":7,"sol":{"path":["/c/en/glare","/c/en/intense","/c/en/incandescent"],"weight":0.202},"num_concepts_raised":290},{"base_id":655,"kind":"top_words","i1":5,"i2":8,"sol":{"path":["/c/en/glare","/c/en/light"],"weight":0.20700000000000002},"num_concepts_raised":3510},{"base_id":655,"kind":"top_words","i1":5,"i2":9,"sol":{"path":["/c/en/glare","/c/en/light","/c/en/ultraviolet"],"weight":0.20500000000000002},"num_concepts_raised":413},{"base_id":655,"kind":"top_words","i1":6,"i2":7,"sol":{"path":["/c/en/sunlight","/c/en/light","/c/en/incandescent"],"weight":0.20500000000000002},"num_concepts_raised":395},{"base_id":655,"kind":"top_words","i1":6,"i2":8,"sol":{"path":["/c/en/sunlight","/c/en/light"],"weight":0.21200000000000002},"num_concepts_raised":3600},{"base_id":655,"kind":"top_words","i1":6,"i2":9,"sol":{"path":["/c/en/sunlight","/c/en/ultraviolet"],"weight":0.20600000000000002},"num_concepts_raised":510},{"base_id":655,"kind":"top_words","i1":7,"i2":8,"sol":{"path":["/c/en/incandescent","/c/en/light"],"weight":0.20700000000000002},"num_concepts_raised":3373},{"base_id":655,"kind":"top_words","i1":7,"i2":9,"sol":{"path":["/c/en/incandescent","/c/en/fluorescent","/c/en/ultraviolet"],"weight":0.20500000000000002},"num_concepts_raised":267},{"base_id":655,"kind":"top_words","i1":8,"i2":9,"sol":{"path":["/c/en/light","/c/en/ultraviolet"],"weight":0.21100000000000002},"num_concepts_raised":3484}]]