[[{"base_id":77,"kind":"bot_words","i1":0,"i2":1,"sol":{"path":["/c/en/quicksilver","/c/en/song","/c/en/write","/c/en/illiterate"],"weight":0.21368999999999994},"num_concepts_raised":41177},{"base_id":77,"kind":"bot_words","i1":0,"i2":2,"sol":{"path":["/c/en/quicksilver","/c/en/software","/c/en/quiet","/c/en/appease"],"weight":0.2134199999999996},"num_concepts_raised":18313},{"base_id":77,"kind":"bot_words","i1":0,"i2":3,"sol":{"path":["/c/en/quicksilver","/c/en/mercury","/c/en/us","/c/en/repeater","/c/en/recidivist"],"weight":0.21503999999999987},"num_concepts_raised":11713},{"base_id":77,"kind":"bot_words","i1":0,"i2":4,"sol":{"path":["/c/en/quicksilver","/c/en/treat","/c/en/use","/c/en/engage"],"weight":0.21644999999999856},"num_concepts_raised":60454},{"base_id":77,"kind":"bot_words","i1":0,"i2":5,"sol":{"path":["/c/en/quicksilver","/c/en/mercury","/c/en/us","/c/en/school","/c/en/schoolyard"],"weight":0.21553999999999984},"num_concepts_raised":14728},{"base_id":77,"kind":"bot_words","i1":0,"i2":6,"sol":{"path":["/c/en/quicksilver","/c/en/spirit","/c/en/peri"],"weight":0.20600000000000002},"num_concepts_raised":225},{"base_id":77,"kind":"bot_words","i1":0,"i2":7,"sol":{"path":["/c/en/quicksilver","/c/en/song","/c/en/independent","/c/en/realism"],"weight":0.21241999999999975},"num_concepts_raised":19475},{"base_id":77,"kind":"bot_words","i1":0,"i2":8,"sol":{"path":["/c/en/quicksilver","/c/en/mercury","/c/en/historical","/c/en/refusenik"],"weight":0.21959999999999985},"num_concepts_raised":37737},{"base_id":77,"kind":"bot_words","i1":0,"i2":9,"sol":{"path":["/c/en/quicksilver","/c/en/software","/c/en/quiet","/c/en/peaceable"],"weight":0.21141999999999983},"num_concepts_raised":13964},{"base_id":77,"kind":"bot_words","i1":1,"i2":2,"sol":{"path":["/c/en/illiterate","/c/en/reading","/c/en/quiet","/c/en/appease"],"weight":0.20920999999999967},"num_concepts_raised":40462},{"base_id":77,"kind":"bot_words","i1":1,"i2":3,"sol":{"path":["/c/en/illiterate","/c/en/person","/c/en/criminal","/c/en/recidivist"],"weight":0.20665999999999995},"num_concepts_raised":33920},{"base_id":77,"kind":"bot_words","i1":1,"i2":4,"sol":{"path":["/c/en/illiterate","/c/en/read","/c/en/use","/c/en/engage"],"weight":0.21342999999999862},"num_concepts_raised":81082},{"base_id":77,"kind":"bot_words","i1":1,"i2":5,"sol":{"path":["/c/en/illiterate","/c/en/read","/c/en/school","/c/en/schoolyard"],"weight":0.20834999999999992},"num_concepts_raised":36762},{"base_id":77,"kind":"bot_words","i1":1,"i2":6,"sol":{"path":["/c/en/illiterate","/c/en/person","/c/en/fairy","/c/en/peri"],"weight":0.21197999999999975},"num_concepts_raised":41090},{"base_id":77,"kind":"bot_words","i1":1,"i2":7,"sol":{"path":["/c/en/illiterate","/c/en/literature","/c/en/realist","/c/en/realism"],"weight":0.2093399999999998},"num_concepts_raised":41320},{"base_id":77,"kind":"bot_words","i1":1,"i2":8,"sol":{"path":["/c/en/illiterate","/c/en/ignorant","/c/en/slang","/c/en/refusenik"],"weight":0.2114299999999999},"num_concepts_raised":59474},{"base_id":77,"kind":"bot_words","i1":1,"i2":9,"sol":{"path":["/c/en/illiterate","/c/en/person","/c/en/peaceful","/c/en/peaceable"],"weight":0.21049999999999985},"num_concepts_raised":36132},{"base_id":77,"kind":"bot_words","i1":2,"i2":3,"sol":{"path":["/c/en/appease","/c/la/expio","/c/en/criminal","/c/en/recidivist"],"weight":0.20592999999999964},"num_concepts_raised":10796},{"base_id":77,"kind":"bot_words","i1":2,"i2":4,"sol":{"path":["/c/en/appease","/c/en/pacify","/c/en/fight","/c/en/engage"],"weight":0.2125599999999983},"num_concepts_raised":59598},{"base_id":77,"kind":"bot_words","i1":2,"i2":5,"sol":{"path":["/c/en/appease","/c/en/calm","/c/en/like","/c/en/school","/c/en/schoolyard"],"weight":0.2081999999999996},"num_concepts_raised":13860},{"base_id":77,"kind":"bot_words","i1":2,"i2":6,"sol":{"path":["/c/en/appease","/c/ar/نفس","/c/en/spirit","/c/en/peri"],"weight":0.21098999999999946},"num_concepts_raised":18278},{"base_id":77,"kind":"bot_words","i1":2,"i2":7,"sol":{"path":["/c/en/appease","/c/en/sooth","/c/en/reality","/c/en/realism"],"weight":0.20773999999999948},"num_concepts_raised":18593},{"base_id":77,"kind":"bot_words","i1":2,"i2":8,"sol":{"path":["/c/en/appease","/c/en/peace","/c/en/slang","/c/en/refusenik"],"weight":0.21053999999999962},"num_concepts_raised":37107},{"base_id":77,"kind":"bot_words","i1":2,"i2":9,"sol":{"path":["/c/en/appease","/c/en/peace","/c/en/peaceable"],"weight":0.203},"num_concepts_raised":272},{"base_id":77,"kind":"bot_words","i1":3,"i2":4,"sol":{"path":["/c/en/recidivist","/c/en/criminal","/c/en/prosecute","/c/en/engage"],"weight":0.2082999999999986},"num_concepts_raised":53352},{"base_id":77,"kind":"bot_words","i1":3,"i2":5,"sol":{"path":["/c/en/recidivist","/c/en/recidivous","/c/en/medical","/c/en/yard","/c/en/schoolyard"],"weight":0.2064499999999999},"num_concepts_raised":7205},{"base_id":77,"kind":"bot_words","i1":3,"i2":6,"sol":{"path":["/c/en/recidivist","/c/en/criminal","/c/en/person","/c/en/fairy","/c/en/peri"],"weight":0.20929999999999974},"num_concepts_raised":11658},{"base_id":77,"kind":"bot_words","i1":3,"i2":7,"sol":{"path":["/c/en/recidivist","/c/en/repeat","/c/en/action","/c/en/pragmatism","/c/en/realism"],"weight":0.2057699999999998},"num_concepts_raised":11991},{"base_id":77,"kind":"bot_words","i1":3,"i2":8,"sol":{"path":["/c/en/recidivist","/c/en/grypsera","/c/en/russian","/c/en/soviet_union","/c/en/refusenik"],"weight":0.2104099999999999},"num_concepts_raised":30459},{"base_id":77,"kind":"bot_words","i1":3,"i2":9,"sol":{"path":["/c/en/recidivist","/c/en/offender","/c/en/inoffensive","/c/en/peaceable"],"weight":0.20418999999999987},"num_concepts_raised":6403},{"base_id":77,"kind":"bot_words","i1":4,"i2":5,"sol":{"path":["/c/en/engage","/c/en/book","/c/en/school","/c/en/schoolyard"],"weight":0.20877999999999858},"num_concepts_raised":56103},{"base_id":77,"kind":"bot_words","i1":4,"i2":6,"sol":{"path":["/c/en/engage","/c/en/ring","/c/en/around","/c/en/peri"],"weight":0.2134799999999984},"num_concepts_raised":60311},{"base_id":77,"kind":"bot_words","i1":4,"i2":7,"sol":{"path":["/c/en/engage","/c/en/war","/c/en/particular","/c/en/realism"],"weight":0.21006999999999845},"num_concepts_raised":60805},{"base_id":77,"kind":"bot_words","i1":4,"i2":8,"sol":{"path":["/c/en/engage","/c/en/war","/c/en/historical","/c/en/refusenik"],"weight":0.21307999999999858},"num_concepts_raised":78471},{"base_id":77,"kind":"bot_words","i1":4,"i2":9,"sol":{"path":["/c/en/engage","/c/en/war","/c/en/peaceful","/c/en/peaceable"],"weight":0.2124599999999985},"num_concepts_raised":55530},{"base_id":77,"kind":"bot_words","i1":5,"i2":6,"sol":{"path":["/c/en/schoolyard","/c/en/field","/c/en/around","/c/en/peri"],"weight":0.2084999999999997},"num_concepts_raised":14643},{"base_id":77,"kind":"bot_words","i1":5,"i2":7,"sol":{"path":["/c/en/schoolyard","/c/en/school","/c/en/philosophy","/c/en/realism"],"weight":0.20607999999999976},"num_concepts_raised":14982},{"base_id":77,"kind":"bot_words","i1":5,"i2":8,"sol":{"path":["/c/en/schoolyard","/c/en/yard","/c/en/slang","/c/en/refusenik"],"weight":0.2088299999999999},"num_concepts_raised":33408},{"base_id":77,"kind":"bot_words","i1":5,"i2":9,"sol":{"path":["/c/en/schoolyard","/c/en/field","/c/en/sheep","/c/en/peaceful","/c/en/peaceable"],"weight":0.20725999999999983},"num_concepts_raised":9482},{"base_id":77,"kind":"bot_words","i1":6,"i2":7,"sol":{"path":["/c/en/peri","/c/en/supernatural","/c/en/naturalism","/c/en/realism"],"weight":0.2107899999999996},"num_concepts_raised":19366},{"base_id":77,"kind":"bot_words","i1":6,"i2":8,"sol":{"path":["/c/en/peri","/c/en/persia","/c/en/historical","/c/en/refusenik"],"weight":0.21347999999999973},"num_concepts_raised":37662},{"base_id":77,"kind":"bot_words","i1":6,"i2":9,"sol":{"path":["/c/en/peri","/c/en/fairy","/c/sga/sídach","/c/en/peaceable"],"weight":0.20952999999999966},"num_concepts_raised":13898},{"base_id":77,"kind":"bot_words","i1":7,"i2":8,"sol":{"path":["/c/en/realism","/c/en/real","/c/en/historical","/c/en/refusenik"],"weight":0.21007999999999974},"num_concepts_raised":38184},{"base_id":77,"kind":"bot_words","i1":7,"i2":9,"sol":{"path":["/c/en/realism","/c/en/philosophy","/c/en/nonviolence","/c/en/peaceful","/c/en/peaceable"],"weight":0.2094999999999997},"num_concepts_raised":14247},{"base_id":77,"kind":"bot_words","i1":8,"i2":9,"sol":{"path":["/c/en/refusenik","/c/en/slang","/c/en/peace","/c/en/peaceable"],"weight":0.2099599999999998},"num_concepts_raised":32747}],[{"base_id":77,"kind":"top_words","i1":0,"i2":1,"sol":{"path":["/c/en/apsis","/c/en/dome","/c/en/slang","/c/en/ivan","/c/en/ivanovich"],"weight":0.2101399999999996},"num_concepts_raised":26722},{"base_id":77,"kind":"top_words","i1":0,"i2":2,"sol":{"path":["/c/en/apsis","/c/fr/abside","/c/fr/partie","/c/fr/revanche","/c/en/revanchist"],"weight":0.2126199999999997},"num_concepts_raised":26859},{"base_id":77,"kind":"top_words","i1":0,"i2":3,"sol":{"path":["/c/en/apsis","/c/en/architecture","/c/en/crop","/c/en/triticale"],"weight":0.21455999999999958},"num_concepts_raised":45092},{"base_id":77,"kind":"top_words","i1":0,"i2":4,"sol":{"path":["/c/en/apsis","/c/en/sun","/c/en/snow","/c/en/nival"],"weight":0.21608999999999962},"num_concepts_raised":30021},{"base_id":77,"kind":"top_words","i1":0,"i2":5,"sol":{"path":["/c/en/apsis","/c/en/planet","/c/en/historical","/c/en/gabae","/c/en/sogdiana"],"weight":0.20909999999999962},"num_concepts_raised":26682},{"base_id":77,"kind":"top_words","i1":0,"i2":6,"sol":{"path":["/c/en/apsis","/c/fr/architecture","/c/fr/cuisine","/c/en/dumpling","/c/en/pelmeni"],"weight":0.21039999999999967},"num_concepts_raised":27475},{"base_id":77,"kind":"top_words","i1":0,"i2":7,"sol":{"path":["/c/en/apsis","/c/en/planet","/c/en/historical","/c/en/tsar","/c/en/tsarevich"],"weight":0.21004999999999968},"num_concepts_raised":27519},{"base_id":77,"kind":"top_words","i1":0,"i2":8,"sol":{"path":["/c/en/apsis","/c/en/planet","/c/en/historical","/c/en/anatolius","/c/en/anatoli"],"weight":0.21451999999999954},"num_concepts_raised":27149},{"base_id":77,"kind":"top_words","i1":0,"i2":9,"sol":{"path":["/c/en/apsis","/c/en/astronomy","/c/en/fish","/c/en/stonefish"],"weight":0.2093299999999997},"num_concepts_raised":40492},{"base_id":77,"kind":"top_words","i1":1,"i2":2,"sol":{"path":["/c/en/ivanovich","/c/en/ivan","/c/en/slang","/c/fr/chercher","/c/fr/revanchard","/c/en/revanchist"],"weight":0.21033169999999984},"num_concepts_raised":63076},{"base_id":77,"kind":"top_words","i1":1,"i2":3,"sol":{"path":["/c/en/ivanovich","/c/en/ivan","/c/en/van","/c/en/grain","/c/en/triticale"],"weight":0.20956999999999978},"num_concepts_raised":18984},{"base_id":77,"kind":"top_words","i1":1,"i2":4,"sol":{"path":["/c/en/ivanovich","/c/en/ivan","/c/en/slang","/c/en/snow","/c/en/nival"],"weight":0.21110999999999983},"num_concepts_raised":3685},{"base_id":77,"kind":"top_words","i1":1,"i2":5,"sol":{"path":["/c/en/ivanovich","/c/en/ivan_ivanovitch","/c/en/man","/c/en/historical","/c/en/gabae","/c/en/sogdiana"],"weight":0.2055486999999998},"num_concepts_raised":35573},{"base_id":77,"kind":"top_words","i1":1,"i2":6,"sol":{"path":["/c/en/ivanovich","/c/en/ivan_ivanovitch","/c/en/russian","/c/en/pelmeni"],"weight":0.20320999999999986},"num_concepts_raised":1031},{"base_id":77,"kind":"top_words","i1":1,"i2":7,"sol":{"path":["/c/en/ivanovich","/c/en/ivan","/c/en/slang","/c/mk/цар","/c/en/tsar","/c/en/tsarevich"],"weight":0.20986809999999978},"num_concepts_raised":78731},{"base_id":77,"kind":"top_words","i1":1,"i2":8,"sol":{"path":["/c/en/ivanovich","/c/en/ivan","/c/en/john","/c/en/sex","/c/en/anatoly","/c/en/anatoli"],"weight":0.2131199999999997},"num_concepts_raised":82466},{"base_id":77,"kind":"top_words","i1":1,"i2":9,"sol":{"path":["/c/en/ivanovich","/c/en/ivan","/c/en/slang","/c/en/fish","/c/en/stonefish"],"weight":0.20424999999999993},"num_concepts_raised":14262},{"base_id":77,"kind":"top_words","i1":2,"i2":3,"sol":{"path":["/c/en/revanchist","/c/de/reichsbürger","/c/en/border","/c/en/plant","/c/en/triticale"],"weight":0.20870999999999987},"num_concepts_raised":19134},{"base_id":77,"kind":"top_words","i1":2,"i2":4,"sol":{"path":["/c/en/revanchist","/c/fr/revanche","/c/en/payback","/c/en/company","/c/en/nival"],"weight":0.20929999999999993},"num_concepts_raised":3834},{"base_id":77,"kind":"top_words","i1":2,"i2":5,"sol":{"path":["/c/en/revanchist","/c/fr/revanchard","/c/fr/histoire","/c/fr/sogdiane","/c/en/sogdiana"],"weight":0.20558999999999994},"num_concepts_raised":376},{"base_id":77,"kind":"top_words","i1":2,"i2":6,"sol":{"path":["/c/en/revanchist","/c/fr/revanche","/c/fr/action","/c/fr/cuisine","/c/en/dumpling","/c/en/pelmeni"],"weight":0.2111587999999999},"num_concepts_raised":93085},{"base_id":77,"kind":"top_words","i1":2,"i2":7,"sol":{"path":["/c/en/revanchist","/c/fr/revanchard","/c/fr/histoire","/c/en/tsar","/c/en/tsarevich"],"weight":0.20530999999999994},"num_concepts_raised":1229},{"base_id":77,"kind":"top_words","i1":2,"i2":8,"sol":{"path":["/c/en/revanchist","/c/de/reichsbürger","/c/en/historical","/c/en/anatolius","/c/en/anatoli"],"weight":0.20871999999999985},"num_concepts_raised":861},{"base_id":77,"kind":"top_words","i1":2,"i2":9,"sol":{"path":["/c/en/revanchist","/c/fr/revanche","/c/fr/partie","/c/fr/zoologie","/c/en/stonefish"],"weight":0.20453},"num_concepts_raised":14412},{"base_id":77,"kind":"top_words","i1":3,"i2":4,"sol":{"path":["/c/en/triticale","/c/en/wheat","/c/en/white","/c/en/snow","/c/en/nival"],"weight":0.2155199999999998},"num_concepts_raised":22326},{"base_id":77,"kind":"top_words","i1":3,"i2":5,"sol":{"path":["/c/en/triticale","/c/en/plant","/c/fr/plante","/c/fr/histoire","/c/fr/sogdiane","/c/en/sogdiana"],"weight":0.21512679999999879},"num_concepts_raised":778336},{"base_id":77,"kind":"top_words","i1":3,"i2":6,"sol":{"path":["/c/en/triticale","/c/en/wheat","/c/en/food","/c/en/jiaozi","/c/en/pelmeni"],"weight":0.20983999999999986},"num_concepts_raised":19738},{"base_id":77,"kind":"top_words","i1":3,"i2":7,"sol":{"path":["/c/en/triticale","/c/en/rye","/c/en/us","/c/en/tsar","/c/en/tsarevich"],"weight":0.20941999999999983},"num_concepts_raised":19794},{"base_id":77,"kind":"top_words","i1":3,"i2":8,"sol":{"path":["/c/en/triticale","/c/en/rye","/c/en/east_sussex","/c/en/administrative_region","/c/en/anatoli"],"weight":0.21360999999999974},"num_concepts_raised":19427},{"base_id":77,"kind":"top_words","i1":3,"i2":9,"sol":{"path":["/c/en/triticale","/c/en/wheat","/c/en/food","/c/en/fish","/c/en/stonefish"],"weight":0.20866999999999988},"num_concepts_raised":32571},{"base_id":77,"kind":"top_words","i1":4,"i2":5,"sol":{"path":["/c/en/nival","/c/en/snow","/c/en/blow","/c/en/extinct","/c/en/sogdian","/c/en/sogdiana"],"weight":0.21464919999999954},"num_concepts_raised":317954},{"base_id":77,"kind":"top_words","i1":4,"i2":6,"sol":{"path":["/c/en/nival","/c/en/snow","/c/en/potatoes","/c/en/pierogi","/c/en/pelmeni"],"weight":0.21022999999999992},"num_concepts_raised":4444},{"base_id":77,"kind":"top_words","i1":4,"i2":7,"sol":{"path":["/c/en/nival","/c/en/snow","/c/en/musical_artist","/c/en/prince","/c/en/tsarevich"],"weight":0.20991999999999988},"num_concepts_raised":4494},{"base_id":77,"kind":"top_words","i1":4,"i2":8,"sol":{"path":["/c/en/nival","/c/en/snow","/c/en/alaska","/c/en/administrative_region","/c/en/anatoli"],"weight":0.21514999999999979},"num_concepts_raised":4125},{"base_id":77,"kind":"top_words","i1":4,"i2":9,"sol":{"path":["/c/en/nival","/c/en/snow","/c/en/water","/c/en/fish","/c/en/stonefish"],"weight":0.21017999999999995},"num_concepts_raised":17643},{"base_id":77,"kind":"top_words","i1":5,"i2":6,"sol":{"path":["/c/en/sogdiana","/c/fr/sogdiane","/c/fr/sogdien","/c/fr/langue","/c/en/russian","/c/en/pelmeni"],"weight":0.20841609999999985},"num_concepts_raised":66113},{"base_id":77,"kind":"top_words","i1":5,"i2":7,"sol":{"path":["/c/en/sogdiana","/c/fr/sogdiane","/c/fr/histoire","/c/en/tsar","/c/en/tsarevich"],"weight":0.20519999999999988},"num_concepts_raised":1039},{"base_id":77,"kind":"top_words","i1":5,"i2":8,"sol":{"path":["/c/en/sogdiana","/c/en/gabae","/c/en/historical","/c/en/anatolius","/c/en/anatoli"],"weight":0.20845999999999978},"num_concepts_raised":671},{"base_id":77,"kind":"top_words","i1":5,"i2":9,"sol":{"path":["/c/en/sogdiana","/c/fr/sogdiane","/c/fr/histoire","/c/fr/aile","/c/fr/zoologie","/c/en/stonefish"],"weight":0.20904939999999855},"num_concepts_raised":438036},{"base_id":77,"kind":"top_words","i1":6,"i2":7,"sol":{"path":["/c/en/pelmeni","/c/en/russian","/c/en/white_russian","/c/en/tsar","/c/en/tsarevich"],"weight":0.20412999999999992},"num_concepts_raised":1844},{"base_id":77,"kind":"top_words","i1":6,"i2":8,"sol":{"path":["/c/en/pelmeni","/c/en/russian","/c/en/dagestan","/c/en/administrative_region","/c/en/anatoli"],"weight":0.2083199999999998},"num_concepts_raised":1476},{"base_id":77,"kind":"top_words","i1":6,"i2":9,"sol":{"path":["/c/en/pelmeni","/c/en/dumpling","/c/en/quenelle","/c/en/fish","/c/en/stonefish"],"weight":0.20448},"num_concepts_raised":15014},{"base_id":77,"kind":"top_words","i1":7,"i2":8,"sol":{"path":["/c/en/tsarevich","/c/en/tsar","/c/en/historical","/c/en/anatolius","/c/en/anatoli"],"weight":0.20940999999999982},"num_concepts_raised":1524},{"base_id":77,"kind":"top_words","i1":7,"i2":9,"sol":{"path":["/c/en/tsarevich","/c/en/prince","/c/en/musical_artist","/c/en/fish","/c/en/stonefish"],"weight":0.20305999999999996},"num_concepts_raised":15074},{"base_id":77,"kind":"top_words","i1":8,"i2":9,"sol":{"path":["/c/en/anatoli","/c/en/administrative_region","/c/en/asia","/c/en/indian_ocean","/c/en/stonefish"],"weight":0.20828999999999986},"num_concepts_raised":14701}]]