[[{"base_id":265,"kind":"bot_words","i1":0,"i2":1,"sol":{"path":["/c/en/farmer","/c/en/plant","/c/en/shrub","/c/en/subshrub"],"weight":0.22310999999999842},"num_concepts_raised":93097},{"base_id":265,"kind":"bot_words","i1":0,"i2":2,"sol":{"path":["/c/en/farmer","/c/en/person","/c/en/bum","/c/en/sodomize"],"weight":0.2236999999999985},"num_concepts_raised":92990},{"base_id":265,"kind":"bot_words","i1":0,"i2":3,"sol":{"path":["/c/en/farmer","/c/en/farm","/c/en/space","/c/en/shuttle"],"weight":0.2287999999999983},"num_concepts_raised":111271},{"base_id":265,"kind":"bot_words","i1":0,"i2":4,"sol":{"path":["/c/en/farmer","/c/en/farm","/c/en/pig","/c/en/ingot"],"weight":0.23391999999999852},"num_concepts_raised":97748},{"base_id":265,"kind":"bot_words","i1":0,"i2":5,"sol":{"path":["/c/en/farmer","/c/en/person","/c/en/danger","/c/en/imperil"],"weight":0.22354999999999858},"num_concepts_raised":92227},{"base_id":265,"kind":"bot_words","i1":0,"i2":6,"sol":{"path":["/c/en/farmer","/c/en/person","/c/en/fugitive","/c/en/runaway"],"weight":0.22676999999999836},"num_concepts_raised":97485},{"base_id":265,"kind":"bot_words","i1":0,"i2":7,"sol":{"path":["/c/en/farmer","/c/en/crop","/c/en/wood","/c/en/nog"],"weight":0.22378999999999855},"num_concepts_raised":108190},{"base_id":265,"kind":"bot_words","i1":0,"i2":8,"sol":{"path":["/c/en/farmer","/c/en/person","/c/en/bed","/c/en/bedsheet"],"weight":0.2253199999999987},"num_concepts_raised":93974},{"base_id":265,"kind":"bot_words","i1":0,"i2":9,"sol":{"path":["/c/en/farmer","/c/en/plant","/c/en/conifer","/c/en/agathis"],"weight":0.2266299999999986},"num_concepts_raised":90850},{"base_id":265,"kind":"bot_words","i1":1,"i2":2,"sol":{"path":["/c/en/subshrub","/c/en/cube","/c/en/uk","/c/en/bugger","/c/en/sodomize"],"weight":0.20487999999999956},"num_concepts_raised":6117},{"base_id":265,"kind":"bot_words","i1":1,"i2":3,"sol":{"path":["/c/en/subshrub","/c/en/burdock","/c/fr/plantes","/c/fr/navette","/c/en/shuttle"],"weight":0.20862999999999943},"num_concepts_raised":26888},{"base_id":265,"kind":"bot_words","i1":1,"i2":4,"sol":{"path":["/c/en/subshrub","/c/en/cube","/c/en/brick","/c/en/ingot"],"weight":0.21056999999999965},"num_concepts_raised":11655},{"base_id":265,"kind":"bot_words","i1":1,"i2":5,"sol":{"path":["/c/en/subshrub","/c/en/shrub","/c/en/hedge","/c/en/risk","/c/en/imperil"],"weight":0.20472999999999966},"num_concepts_raised":5319},{"base_id":265,"kind":"bot_words","i1":1,"i2":6,"sol":{"path":["/c/en/subshrub","/c/en/shrub","/c/en/plant","/c/en/escape","/c/en/runaway"],"weight":0.20565999999999945},"num_concepts_raised":11365},{"base_id":265,"kind":"bot_words","i1":1,"i2":7,"sol":{"path":["/c/en/subshrub","/c/en/cube","/c/en/brick","/c/en/nog"],"weight":0.2035899999999996},"num_concepts_raised":23321},{"base_id":265,"kind":"bot_words","i1":1,"i2":8,"sol":{"path":["/c/en/subshrub","/c/en/shrub","/c/en/cotton","/c/en/sheet","/c/en/bedsheet"],"weight":0.2088799999999998},"num_concepts_raised":7309},{"base_id":265,"kind":"bot_words","i1":1,"i2":9,"sol":{"path":["/c/en/subshrub","/c/en/shrub","/c/en/plant","/c/en/conifer","/c/en/agathis"],"weight":0.20991999999999966},"num_concepts_raised":3718},{"base_id":265,"kind":"bot_words","i1":2,"i2":3,"sol":{"path":["/c/en/sodomize","/c/fr/enculer","/c/en/cock","/c/en/shuttle"],"weight":0.20552999999999955},"num_concepts_raised":26548},{"base_id":265,"kind":"bot_words","i1":2,"i2":4,"sol":{"path":["/c/en/sodomize","/c/en/bugger","/c/en/slang","/c/en/pig","/c/en/ingot"],"weight":0.21171999999999974},"num_concepts_raised":11387},{"base_id":265,"kind":"bot_words","i1":2,"i2":5,"sol":{"path":["/c/en/sodomize","/c/en/bugger","/c/en/dismay","/c/en/danger","/c/en/imperil"],"weight":0.20446999999999976},"num_concepts_raised":5016},{"base_id":265,"kind":"bot_words","i1":2,"i2":6,"sol":{"path":["/c/en/sodomize","/c/en/rear","/c/en/military","/c/fr/fuyard","/c/en/runaway"],"weight":0.20714999999999956},"num_concepts_raised":11019},{"base_id":265,"kind":"bot_words","i1":2,"i2":7,"sol":{"path":["/c/en/sodomize","/c/en/bum","/c/en/au","/c/en/nog"],"weight":0.20320999999999972},"num_concepts_raised":23031},{"base_id":265,"kind":"bot_words","i1":2,"i2":8,"sol":{"path":["/c/en/sodomize","/c/en/sod","/c/en/cover","/c/en/sheet","/c/en/bedsheet"],"weight":0.2076599999999999},"num_concepts_raised":7004},{"base_id":265,"kind":"bot_words","i1":2,"i2":9,"sol":{"path":["/c/en/sodomize","/c/en/bugger","/c/en/new_zealand","/c/en/kauri","/c/en/agathis"],"weight":0.20957999999999977},"num_concepts_raised":3433},{"base_id":265,"kind":"bot_words","i1":3,"i2":4,"sol":{"path":["/c/en/shuttle","/c/en/metal","/c/en/ingot"],"weight":0.20400000000000001},"num_concepts_raised":291},{"base_id":265,"kind":"bot_words","i1":3,"i2":5,"sol":{"path":["/c/en/shuttle","/c/en/loom","/c/fr/menacer","/c/en/imperil"],"weight":0.2052499999999996},"num_concepts_raised":25758},{"base_id":265,"kind":"bot_words","i1":3,"i2":6,"sol":{"path":["/c/en/shuttle","/c/en/vehicle","/c/en/runaway"],"weight":0.202},"num_concepts_raised":258},{"base_id":265,"kind":"bot_words","i1":3,"i2":7,"sol":{"path":["/c/en/shuttle","/c/en/warp","/c/en/wood","/c/en/nog"],"weight":0.20538999999999957},"num_concepts_raised":42802},{"base_id":265,"kind":"bot_words","i1":3,"i2":8,"sol":{"path":["/c/en/shuttle","/c/en/metal","/c/en/sheet","/c/en/bedsheet"],"weight":0.20942999999999973},"num_concepts_raised":27558},{"base_id":265,"kind":"bot_words","i1":3,"i2":9,"sol":{"path":["/c/en/shuttle","/c/en/shoot","/c/en/plant","/c/en/conifer","/c/en/agathis"],"weight":0.2113599999999996},"num_concepts_raised":24268},{"base_id":265,"kind":"bot_words","i1":4,"i2":5,"sol":{"path":["/c/en/ingot","/c/en/metal","/c/ja/ようかい","/c/en/peril","/c/en/imperil"],"weight":0.2111499999999998},"num_concepts_raised":10579},{"base_id":265,"kind":"bot_words","i1":4,"i2":6,"sol":{"path":["/c/en/ingot","/c/fr/lingot","/c/en/charge","/c/en/duty","/c/en/runaway"],"weight":0.21532999999999958},"num_concepts_raised":16522},{"base_id":265,"kind":"bot_words","i1":4,"i2":7,"sol":{"path":["/c/en/ingot","/c/en/block","/c/en/nog"],"weight":0.20400000000000001},"num_concepts_raised":169},{"base_id":265,"kind":"bot_words","i1":4,"i2":8,"sol":{"path":["/c/en/ingot","/c/en/metal","/c/en/sheet","/c/en/bedsheet"],"weight":0.21439999999999992},"num_concepts_raised":12448},{"base_id":265,"kind":"bot_words","i1":4,"i2":9,"sol":{"path":["/c/en/ingot","/c/it/massello","/c/en/wood","/c/en/kauri","/c/en/agathis"],"weight":0.21724999999999983},"num_concepts_raised":9021},{"base_id":265,"kind":"bot_words","i1":5,"i2":6,"sol":{"path":["/c/en/imperil","/c/en/danger","/c/en/run_away","/c/en/runaway"],"weight":0.20499999999999963},"num_concepts_raised":10237},{"base_id":265,"kind":"bot_words","i1":5,"i2":7,"sol":{"path":["/c/en/imperil","/c/en/danger","/c/en/signal","/c/en/noggin","/c/en/nog"],"weight":0.2041099999999998},"num_concepts_raised":22290},{"base_id":265,"kind":"bot_words","i1":5,"i2":8,"sol":{"path":["/c/en/imperil","/c/en/risk","/c/en/board","/c/en/sheet","/c/en/bedsheet"],"weight":0.20749999999999996},"num_concepts_raised":6209},{"base_id":265,"kind":"bot_words","i1":5,"i2":9,"sol":{"path":["/c/en/imperil","/c/en/peril","/c/en/present","/c/en/tree","/c/en/conifer","/c/en/agathis"],"weight":0.21324029999999966},"num_concepts_raised":221024},{"base_id":265,"kind":"bot_words","i1":6,"i2":7,"sol":{"path":["/c/en/runaway","/c/en/train","/c/en/wood","/c/en/nog"],"weight":0.20398999999999956},"num_concepts_raised":28092},{"base_id":265,"kind":"bot_words","i1":6,"i2":8,"sol":{"path":["/c/en/runaway","/c/en/fugitive","/c/en/lake","/c/nl/laken","/c/en/bedsheet"],"weight":0.20913999999999974},"num_concepts_raised":12219},{"base_id":265,"kind":"bot_words","i1":6,"i2":9,"sol":{"path":["/c/en/runaway","/c/en/escape","/c/en/plant","/c/en/conifer","/c/en/agathis"],"weight":0.2091999999999996},"num_concepts_raised":8697},{"base_id":265,"kind":"bot_words","i1":7,"i2":8,"sol":{"path":["/c/en/nog","/c/en/wood","/c/en/bed","/c/en/bedsheet"],"weight":0.2049399999999999},"num_concepts_raised":24091},{"base_id":265,"kind":"bot_words","i1":7,"i2":9,"sol":{"path":["/c/en/nog","/c/en/wood","/c/en/kauri","/c/en/agathis"],"weight":0.20830999999999977},"num_concepts_raised":20745},{"base_id":265,"kind":"bot_words","i1":8,"i2":9,"sol":{"path":["/c/en/bedsheet","/c/en/sheet","/c/en/dam","/c/en/dammer","/c/en/agathis"],"weight":0.21249999999999997},"num_concepts_raised":4628}],[{"base_id":265,"kind":"top_words","i1":0,"i2":1,"sol":{"path":["/c/en/ratio","/c/fr/rapport","/c/fr/toucher","/c/en/affect"],"weight":0.21943999999999764},"num_concepts_raised":98409},{"base_id":265,"kind":"top_words","i1":0,"i2":2,"sol":{"path":["/c/en/ratio","/c/fr/mathématiques","/c/en/factor"],"weight":0.203},"num_concepts_raised":735},{"base_id":265,"kind":"top_words","i1":0,"i2":3,"sol":{"path":["/c/en/ratio","/c/en/efficiency","/c/en/effect","/c/en/effects"],"weight":0.210519999999999},"num_concepts_raised":38359},{"base_id":265,"kind":"top_words","i1":0,"i2":4,"sol":{"path":["/c/en/ratio","/c/en/proportion","/c/en/measurement","/c/en/measured"],"weight":0.21031999999999876},"num_concepts_raised":47851},{"base_id":265,"kind":"top_words","i1":0,"i2":5,"sol":{"path":["/c/en/ratio","/c/en/efficiency","/c/en/effect","/c/en/impact"],"weight":0.2130299999999984},"num_concepts_raised":62575},{"base_id":265,"kind":"top_words","i1":0,"i2":6,"sol":{"path":["/c/en/ratio","/c/en/proportion","/c/en/relative"],"weight":0.203},"num_concepts_raised":1136},{"base_id":265,"kind":"top_words","i1":0,"i2":7,"sol":{"path":["/c/en/ratio","/c/en/number","/c/en/temperature"],"weight":0.20400000000000001},"num_concepts_raised":1197},{"base_id":265,"kind":"top_words","i1":0,"i2":8,"sol":{"path":["/c/en/ratio","/c/en/number","/c/en/decline","/c/en/decrease"],"weight":0.22355999999999754},"num_concepts_raised":69949},{"base_id":265,"kind":"top_words","i1":0,"i2":9,"sol":{"path":["/c/en/ratio","/c/fr/proportion","/c/fr/justement","/c/en/accurately"],"weight":0.21218999999999905},"num_concepts_raised":38431},{"base_id":265,"kind":"top_words","i1":1,"i2":2,"sol":{"path":["/c/en/affect","/c/en/cause","/c/en/factor"],"weight":0.203},"num_concepts_raised":992},{"base_id":265,"kind":"top_words","i1":1,"i2":3,"sol":{"path":["/c/en/affect","/c/en/effect","/c/en/effects"],"weight":0.20400000000000001},"num_concepts_raised":641},{"base_id":265,"kind":"top_words","i1":1,"i2":4,"sol":{"path":["/c/en/affect","/c/en/influence","/c/en/weight","/c/en/measured"],"weight":0.21436999999999803},"num_concepts_raised":84942},{"base_id":265,"kind":"top_words","i1":1,"i2":5,"sol":{"path":["/c/en/affect","/c/en/impact"],"weight":0.203},"num_concepts_raised":857},{"base_id":265,"kind":"top_words","i1":1,"i2":6,"sol":{"path":["/c/en/affect","/c/en/relate","/c/en/relative"],"weight":0.20400000000000001},"num_concepts_raised":1387},{"base_id":265,"kind":"top_words","i1":1,"i2":7,"sol":{"path":["/c/en/affect","/c/en/affection","/c/en/coldness","/c/en/temperature"],"weight":0.2362599999999968},"num_concepts_raised":106329},{"base_id":265,"kind":"top_words","i1":1,"i2":8,"sol":{"path":["/c/en/affect","/c/en/change","/c/en/decrease"],"weight":0.203},"num_concepts_raised":1296},{"base_id":265,"kind":"top_words","i1":1,"i2":9,"sol":{"path":["/c/en/affect","/c/en/hit","/c/en/error","/c/en/accurately"],"weight":0.21322999999999837},"num_concepts_raised":75626},{"base_id":265,"kind":"top_words","i1":2,"i2":3,"sol":{"path":["/c/en/factor","/c/en/cause","/c/en/effects"],"weight":0.203},"num_concepts_raised":449},{"base_id":265,"kind":"top_words","i1":2,"i2":4,"sol":{"path":["/c/en/factor","/c/en/measure","/c/en/measured"],"weight":0.202},"num_concepts_raised":518},{"base_id":265,"kind":"top_words","i1":2,"i2":5,"sol":{"path":["/c/en/factor","/c/en/shock","/c/en/impact"],"weight":0.203},"num_concepts_raised":683},{"base_id":265,"kind":"top_words","i1":2,"i2":6,"sol":{"path":["/c/en/factor","/c/ja/因","/c/en/relative"],"weight":0.203},"num_concepts_raised":1195},{"base_id":265,"kind":"top_words","i1":2,"i2":7,"sol":{"path":["/c/en/factor","/c/en/comfort_zone","/c/en/temperature"],"weight":0.20500000000000002},"num_concepts_raised":1253},{"base_id":265,"kind":"top_words","i1":2,"i2":8,"sol":{"path":["/c/en/factor","/c/en/subtraction","/c/en/decrease"],"weight":0.203},"num_concepts_raised":1102},{"base_id":265,"kind":"top_words","i1":2,"i2":9,"sol":{"path":["/c/en/factor","/c/en/fact","/c/en/accurate","/c/en/accurately"],"weight":0.2112799999999988},"num_concepts_raised":64426},{"base_id":265,"kind":"top_words","i1":3,"i2":4,"sol":{"path":["/c/en/effects","/c/en/effect","/c/en/weight","/c/en/measured"],"weight":0.2060499999999994},"num_concepts_raised":23869},{"base_id":265,"kind":"top_words","i1":3,"i2":5,"sol":{"path":["/c/en/effects","/c/en/effect","/c/en/impact"],"weight":0.20500000000000002},"num_concepts_raised":331},{"base_id":265,"kind":"top_words","i1":3,"i2":6,"sol":{"path":["/c/en/effects","/c/en/effect","/c/en/what","/c/en/relative"],"weight":0.21600999999999765},"num_concepts_raised":106137},{"base_id":265,"kind":"top_words","i1":3,"i2":7,"sol":{"path":["/c/en/effects","/c/en/weather","/c/en/temperature"],"weight":0.20500000000000002},"num_concepts_raised":904},{"base_id":265,"kind":"top_words","i1":3,"i2":8,"sol":{"path":["/c/en/effects","/c/en/effect","/c/en/drop","/c/en/decrease"],"weight":0.21852999999999823},"num_concepts_raised":46466},{"base_id":265,"kind":"top_words","i1":3,"i2":9,"sol":{"path":["/c/en/effects","/c/en/cause","/c/fi/juuri","/c/fr/précisément","/c/en/accurately"],"weight":0.2066899999999997},"num_concepts_raised":13570},{"base_id":265,"kind":"top_words","i1":4,"i2":5,"sol":{"path":["/c/en/measured","/c/en/deliberate","/c/en/consequence","/c/en/impact"],"weight":0.2091799999999988},"num_concepts_raised":48229},{"base_id":265,"kind":"top_words","i1":4,"i2":6,"sol":{"path":["/c/en/measured","/c/en/size","/c/en/relative"],"weight":0.202},"num_concepts_raised":912},{"base_id":265,"kind":"top_words","i1":4,"i2":7,"sol":{"path":["/c/en/measured","/c/en/temperature"],"weight":0.20400000000000001},"num_concepts_raised":969},{"base_id":265,"kind":"top_words","i1":4,"i2":8,"sol":{"path":["/c/en/measured","/c/ar/خفض","/c/en/decrease"],"weight":0.203},"num_concepts_raised":821},{"base_id":265,"kind":"top_words","i1":4,"i2":9,"sol":{"path":["/c/en/measured","/c/en/error","/c/en/accurately"],"weight":0.202},"num_concepts_raised":220},{"base_id":265,"kind":"top_words","i1":5,"i2":6,"sol":{"path":["/c/en/impact","/c/vi/hệ_luỵ","/c/en/relation","/c/en/relative"],"weight":0.22060999999999698},"num_concepts_raised":129231},{"base_id":265,"kind":"top_words","i1":5,"i2":7,"sol":{"path":["/c/en/impact","/c/en/medicine","/c/en/cold","/c/en/temperature"],"weight":0.22934999999999756},"num_concepts_raised":70300},{"base_id":265,"kind":"top_words","i1":5,"i2":8,"sol":{"path":["/c/en/impact","/c/en/erosion","/c/en/decline","/c/en/decrease"],"weight":0.2220599999999976},"num_concepts_raised":69962},{"base_id":265,"kind":"top_words","i1":5,"i2":9,"sol":{"path":["/c/en/impact","/c/en/significant","/c/en/well","/c/en/accurately"],"weight":0.2071399999999991},"num_concepts_raised":38436},{"base_id":265,"kind":"top_words","i1":6,"i2":7,"sol":{"path":["/c/en/relative","/c/en/cold","/c/en/temperature"],"weight":0.20600000000000002},"num_concepts_raised":1648},{"base_id":265,"kind":"top_words","i1":6,"i2":8,"sol":{"path":["/c/en/relative","/c/en/increase","/c/en/decrease"],"weight":0.20400000000000001},"num_concepts_raised":1496},{"base_id":265,"kind":"top_words","i1":6,"i2":9,"sol":{"path":["/c/en/relative","/c/en/conditional","/c/en/true","/c/en/accurately"],"weight":0.21547999999999767},"num_concepts_raised":106179},{"base_id":265,"kind":"top_words","i1":7,"i2":8,"sol":{"path":["/c/en/temperature","/c/en/increase","/c/en/decrease"],"weight":0.20600000000000002},"num_concepts_raised":1554},{"base_id":265,"kind":"top_words","i1":7,"i2":9,"sol":{"path":["/c/en/temperature","/c/en/degree","/c/en/well","/c/en/accurately"],"weight":0.2227899999999982},"num_concepts_raised":46552},{"base_id":265,"kind":"top_words","i1":8,"i2":9,"sol":{"path":["/c/en/decrease","/c/en/drop","/c/en/error","/c/en/accurately"],"weight":0.21743999999999827},"num_concepts_raised":46575}]]