[[{"base_id":985,"kind":"bot_words","i1":0,"i2":1,"sol":{"path":["/c/en/centrosome","/c/it/centrosoma","/c/it/centro","/c/en/city","/c/en/utsunomiya"],"weight":0.21086},"num_concepts_raised":6617},{"base_id":985,"kind":"bot_words","i1":0,"i2":2,"sol":{"path":["/c/en/centrosome","/c/it/centrosoma","/c/en/biology","/c/en/metaplasia"],"weight":0.21035999999999977},"num_concepts_raised":13760},{"base_id":985,"kind":"bot_words","i1":0,"i2":3,"sol":{"path":["/c/en/centrosome","/c/en/cytology","/c/en/blast","/c/en/baseball","/c/en/submariner"],"weight":0.20327999999999985},"num_concepts_raised":12656},{"base_id":985,"kind":"bot_words","i1":0,"i2":4,"sol":{"path":["/c/en/centrosome","/c/en/nucleus","/c/en/nuclear_physics","/c/en/banana","/c/en/nimby"],"weight":0.2042399999999999},"num_concepts_raised":22587},{"base_id":985,"kind":"bot_words","i1":0,"i2":5,"sol":{"path":["/c/en/centrosome","/c/en/cytology","/c/vi/nhân","/c/en/mortal"],"weight":0.20679999999999957},"num_concepts_raised":54570},{"base_id":985,"kind":"bot_words","i1":0,"i2":6,"sol":{"path":["/c/en/centrosome","/c/en/cytology","/c/en/cell","/c/en/punishment","/c/en/custodial"],"weight":0.20328999999999986},"num_concepts_raised":6251},{"base_id":985,"kind":"bot_words","i1":0,"i2":7,"sol":{"path":["/c/en/centrosome","/c/en/nucleus","/c/en/chemistry","/c/en/mixture"],"weight":0.21558999999999806},"num_concepts_raised":59195},{"base_id":985,"kind":"bot_words","i1":0,"i2":8,"sol":{"path":["/c/en/centrosome","/c/it/centrosoma","/c/it/centro","/c/en/city","/c/en/mtskheta"],"weight":0.21063999999999983},"num_concepts_raised":6370},{"base_id":985,"kind":"bot_words","i1":0,"i2":9,"sol":{"path":["/c/en/centrosome","/c/en/some","/c/en/body","/c/en/mouth"],"weight":0.2357800000000052},"num_concepts_raised":165021},{"base_id":985,"kind":"bot_words","i1":1,"i2":2,"sol":{"path":["/c/en/utsunomiya","/c/en/prefecture","/c/en/division","/c/en/biology","/c/en/metaplasia"],"weight":0.21369999999999986},"num_concepts_raised":15394},{"base_id":985,"kind":"bot_words","i1":1,"i2":3,"sol":{"path":["/c/en/utsunomiya","/c/en/city","/c/en/human","/c/en/submarine","/c/en/submariner"],"weight":0.21069999999999997},"num_concepts_raised":14041},{"base_id":985,"kind":"bot_words","i1":1,"i2":4,"sol":{"path":["/c/en/utsunomiya","/c/en/city","/c/en/uk","/c/en/nimby"],"weight":0.20853},"num_concepts_raised":23955},{"base_id":985,"kind":"bot_words","i1":1,"i2":5,"sol":{"path":["/c/en/utsunomiya","/c/en/city","/c/en/human","/c/en/mortal"],"weight":0.21463999999999966},"num_concepts_raised":55886},{"base_id":985,"kind":"bot_words","i1":1,"i2":6,"sol":{"path":["/c/en/utsunomiya","/c/en/city","/c/en/protection","/c/en/custodial"],"weight":0.20858999999999994},"num_concepts_raised":7702},{"base_id":985,"kind":"bot_words","i1":1,"i2":7,"sol":{"path":["/c/en/utsunomiya","/c/en/japan","/c/en/asphalt","/c/en/mixture"],"weight":0.2205099999999982},"num_concepts_raised":60524},{"base_id":985,"kind":"bot_words","i1":1,"i2":8,"sol":{"path":["/c/en/utsunomiya","/c/en/city","/c/en/mtskheta"],"weight":0.20600000000000002},"num_concepts_raised":107},{"base_id":985,"kind":"bot_words","i1":1,"i2":9,"sol":{"path":["/c/en/utsunomiya","/c/en/city","/c/en/water","/c/en/mouth"],"weight":0.2412100000000053},"num_concepts_raised":166188},{"base_id":985,"kind":"bot_words","i1":2,"i2":3,"sol":{"path":["/c/en/metaplasia","/c/en/barrett's_esophagus","/c/en/us","/c/en/submariner"],"weight":0.20795999999999976},"num_concepts_raised":21379},{"base_id":985,"kind":"bot_words","i1":2,"i2":4,"sol":{"path":["/c/en/metaplasia","/c/en/barrett's_esophagus","/c/en/us","/c/en/nimby"],"weight":0.2079399999999998},"num_concepts_raised":31290},{"base_id":985,"kind":"bot_words","i1":2,"i2":5,"sol":{"path":["/c/en/metaplasia","/c/en/disease","/c/en/death","/c/en/mortal"],"weight":0.2142999999999995},"num_concepts_raised":62843},{"base_id":985,"kind":"bot_words","i1":2,"i2":6,"sol":{"path":["/c/en/metaplasia","/c/en/disease","/c/en/prophylactic","/c/en/protective","/c/en/custodial"],"weight":0.20903999999999973},"num_concepts_raised":14999},{"base_id":985,"kind":"bot_words","i1":2,"i2":7,"sol":{"path":["/c/en/metaplasia","/c/en/biology","/c/en/chemistry","/c/en/mixture"],"weight":0.22049999999999798},"num_concepts_raised":67437},{"base_id":985,"kind":"bot_words","i1":2,"i2":8,"sol":{"path":["/c/en/metaplasia","/c/en/biology","/c/en/population","/c/en/city","/c/en/mtskheta"],"weight":0.21345999999999973},"num_concepts_raised":15151},{"base_id":985,"kind":"bot_words","i1":2,"i2":9,"sol":{"path":["/c/en/metaplasia","/c/en/tissue","/c/en/lip","/c/en/mouth"],"weight":0.2429900000000051},"num_concepts_raised":172543},{"base_id":985,"kind":"bot_words","i1":3,"i2":4,"sol":{"path":["/c/en/submariner","/c/en/us","/c/en/nimby"],"weight":0.202},"num_concepts_raised":59},{"base_id":985,"kind":"bot_words","i1":3,"i2":5,"sol":{"path":["/c/en/submariner","/c/en/submarine","/c/en/human","/c/en/mortal"],"weight":0.21106999999999956},"num_concepts_raised":59691},{"base_id":985,"kind":"bot_words","i1":3,"i2":6,"sol":{"path":["/c/en/submariner","/c/en/us","/c/en/custodian","/c/en/custodial"],"weight":0.20393999999999984},"num_concepts_raised":13699},{"base_id":985,"kind":"bot_words","i1":3,"i2":7,"sol":{"path":["/c/en/submariner","/c/en/submarine","/c/en/steel","/c/en/mixture"],"weight":0.21705999999999806},"num_concepts_raised":65983},{"base_id":985,"kind":"bot_words","i1":3,"i2":8,"sol":{"path":["/c/en/submariner","/c/en/submarine","/c/en/human","/c/en/city","/c/en/mtskheta"],"weight":0.21047999999999983},"num_concepts_raised":13782},{"base_id":985,"kind":"bot_words","i1":3,"i2":9,"sol":{"path":["/c/en/submariner","/c/en/submarine","/c/en/head","/c/en/mouth"],"weight":0.23981000000000516},"num_concepts_raised":170190},{"base_id":985,"kind":"bot_words","i1":4,"i2":5,"sol":{"path":["/c/en/nimby","/c/en/uk","/c/en/mortal"],"weight":0.202},"num_concepts_raised":263},{"base_id":985,"kind":"bot_words","i1":4,"i2":6,"sol":{"path":["/c/en/nimby","/c/en/us","/c/en/custodian","/c/en/custodial"],"weight":0.20391999999999988},"num_concepts_raised":23591},{"base_id":985,"kind":"bot_words","i1":4,"i2":7,"sol":{"path":["/c/en/nimby","/c/en/us","/c/en/mixer","/c/en/mixture"],"weight":0.2170099999999981},"num_concepts_raised":75487},{"base_id":985,"kind":"bot_words","i1":4,"i2":8,"sol":{"path":["/c/en/nimby","/c/en/uk","/c/en/city","/c/en/mtskheta"],"weight":0.20830999999999988},"num_concepts_raised":23704},{"base_id":985,"kind":"bot_words","i1":4,"i2":9,"sol":{"path":["/c/en/nimby","/c/en/not","/c/en/mouth"],"weight":0.20600000000000002},"num_concepts_raised":1497},{"base_id":985,"kind":"bot_words","i1":5,"i2":6,"sol":{"path":["/c/en/mortal","/c/en/human","/c/en/care","/c/en/custodial"],"weight":0.20903999999999956},"num_concepts_raised":55394},{"base_id":985,"kind":"bot_words","i1":5,"i2":7,"sol":{"path":["/c/en/mortal","/c/en/human","/c/en/milk","/c/en/mixture"],"weight":0.2211099999999978},"num_concepts_raised":105857},{"base_id":985,"kind":"bot_words","i1":5,"i2":8,"sol":{"path":["/c/en/mortal","/c/en/human","/c/en/city","/c/en/mtskheta"],"weight":0.21441999999999956},"num_concepts_raised":55657},{"base_id":985,"kind":"bot_words","i1":5,"i2":9,"sol":{"path":["/c/en/mortal","/c/en/human","/c/en/mouth"],"weight":0.20800000000000002},"num_concepts_raised":1701},{"base_id":985,"kind":"bot_words","i1":6,"i2":7,"sol":{"path":["/c/en/custodial","/c/en/care","/c/en/stuff","/c/en/mixture"],"weight":0.21708999999999806},"num_concepts_raised":60173},{"base_id":985,"kind":"bot_words","i1":6,"i2":8,"sol":{"path":["/c/en/custodial","/c/en/protection","/c/en/city","/c/en/mtskheta"],"weight":0.20836999999999983},"num_concepts_raised":7453},{"base_id":985,"kind":"bot_words","i1":6,"i2":9,"sol":{"path":["/c/en/custodial","/c/en/protection","/c/en/mouthpiece","/c/en/mouth"],"weight":0.2394300000000052},"num_concepts_raised":165813},{"base_id":985,"kind":"bot_words","i1":7,"i2":8,"sol":{"path":["/c/en/mixture","/c/en/collection","/c/en/city","/c/en/mtskheta"],"weight":0.22027999999999803},"num_concepts_raised":60307},{"base_id":985,"kind":"bot_words","i1":7,"i2":9,"sol":{"path":["/c/en/mixture","/c/en/paste","/c/en/mouth"],"weight":0.20900000000000002},"num_concepts_raised":2059},{"base_id":985,"kind":"bot_words","i1":8,"i2":9,"sol":{"path":["/c/en/mtskheta","/c/en/georgia","/c/en/rosebud","/c/en/mouth"],"weight":0.24233000000000515},"num_concepts_raised":165979}],[{"base_id":985,"kind":"top_words","i1":0,"i2":1,"sol":{"path":["/c/en/monomial","/c/en/mathematics","/c/en/topology","/c/en/homotopic"],"weight":0.20302999999999993},"num_concepts_raised":11577},{"base_id":985,"kind":"top_words","i1":0,"i2":2,"sol":{"path":["/c/en/monomial","/c/en/mathematics","/c/en/set","/c/en/multiset"],"weight":0.21284999999999998},"num_concepts_raised":16762},{"base_id":985,"kind":"top_words","i1":0,"i2":3,"sol":{"path":["/c/en/monomial","/c/en/polynomial","/c/en/semisimple","/c/en/summand"],"weight":0.20492999999999992},"num_concepts_raised":15134},{"base_id":985,"kind":"top_words","i1":0,"i2":4,"sol":{"path":["/c/en/monomial","/c/en/mathematics","/c/en/normal","/c/en/subnormal"],"weight":0.20440999999999993},"num_concepts_raised":18817},{"base_id":985,"kind":"top_words","i1":0,"i2":5,"sol":{"path":["/c/en/monomial","/c/en/mathematics","/c/en/monomorphism"],"weight":0.202},"num_concepts_raised":55},{"base_id":985,"kind":"top_words","i1":0,"i2":6,"sol":{"path":["/c/en/monomial","/c/en/mathematics","/c/en/supremum"],"weight":0.202},"num_concepts_raised":70},{"base_id":985,"kind":"top_words","i1":0,"i2":7,"sol":{"path":["/c/en/monomial","/c/en/mathematics","/c/en/morphism","/c/en/epimorphism"],"weight":0.20425000000000001},"num_concepts_raised":13406},{"base_id":985,"kind":"top_words","i1":0,"i2":8,"sol":{"path":["/c/en/monomial","/c/en/term","/c/en/geometry","/c/en/parallelepiped"],"weight":0.20497999999999994},"num_concepts_raised":14331},{"base_id":985,"kind":"top_words","i1":0,"i2":9,"sol":{"path":["/c/en/monomial","/c/en/polynomial","/c/en/poly","/c/en/polyomino"],"weight":0.20538},"num_concepts_raised":15710},{"base_id":985,"kind":"top_words","i1":1,"i2":2,"sol":{"path":["/c/en/homotopic","/c/en/interval","/c/en/set","/c/en/multiset"],"weight":0.21246000000000004},"num_concepts_raised":7436},{"base_id":985,"kind":"top_words","i1":1,"i2":3,"sol":{"path":["/c/en/homotopic","/c/en/topology","/c/en/mathematics","/c/en/addend","/c/en/summand"],"weight":0.20395999999999997},"num_concepts_raised":5678},{"base_id":985,"kind":"top_words","i1":1,"i2":4,"sol":{"path":["/c/en/homotopic","/c/en/topology","/c/en/normal","/c/en/subnormal"],"weight":0.20414},"num_concepts_raised":9561},{"base_id":985,"kind":"top_words","i1":1,"i2":5,"sol":{"path":["/c/en/homotopic","/c/en/topology","/c/en/mathematics","/c/en/monomorphism"],"weight":0.20290999999999998},"num_concepts_raised":15557},{"base_id":985,"kind":"top_words","i1":1,"i2":6,"sol":{"path":["/c/en/homotopic","/c/en/topology","/c/en/mathematics","/c/en/supremum"],"weight":0.20306999999999986},"num_concepts_raised":10828},{"base_id":985,"kind":"top_words","i1":1,"i2":7,"sol":{"path":["/c/en/homotopic","/c/en/interval","/c/fr/mathématiques","/c/en/epimorphism"],"weight":0.20287000000000005},"num_concepts_raised":4250},{"base_id":985,"kind":"top_words","i1":1,"i2":8,"sol":{"path":["/c/en/homotopic","/c/en/topology","/c/en/mathematics","/c/en/geometry","/c/en/parallelepiped"],"weight":0.20392},"num_concepts_raised":4838},{"base_id":985,"kind":"top_words","i1":1,"i2":9,"sol":{"path":["/c/en/homotopic","/c/en/topology","/c/en/arrangement","/c/en/polyomino"],"weight":0.20314000000000007},"num_concepts_raised":6368},{"base_id":985,"kind":"top_words","i1":2,"i2":3,"sol":{"path":["/c/en/multiset","/c/en/combination","/c/en/division","/c/en/summand"],"weight":0.20847},"num_concepts_raised":11116},{"base_id":985,"kind":"top_words","i1":2,"i2":4,"sol":{"path":["/c/en/multiset","/c/en/set_theory","/c/en/normal","/c/en/subnormal"],"weight":0.20983000000000002},"num_concepts_raised":14928},{"base_id":985,"kind":"top_words","i1":2,"i2":5,"sol":{"path":["/c/en/multiset","/c/en/set","/c/en/mathematics","/c/en/monomorphism"],"weight":0.21272000000000002},"num_concepts_raised":20784},{"base_id":985,"kind":"top_words","i1":2,"i2":6,"sol":{"path":["/c/en/multiset","/c/en/element","/c/en/supremum"],"weight":0.20400000000000001},"num_concepts_raised":79},{"base_id":985,"kind":"top_words","i1":2,"i2":7,"sol":{"path":["/c/en/multiset","/c/en/set","/c/fr/mathématiques","/c/en/epimorphism"],"weight":0.2127400000000001},"num_concepts_raised":9686},{"base_id":985,"kind":"top_words","i1":2,"i2":8,"sol":{"path":["/c/en/multiset","/c/en/star","/c/en/geometry","/c/en/parallelepiped"],"weight":0.20942000000000005},"num_concepts_raised":10304},{"base_id":985,"kind":"top_words","i1":2,"i2":9,"sol":{"path":["/c/en/multiset","/c/en/star","/c/en/geometry","/c/en/polyomino"],"weight":0.2090200000000001},"num_concepts_raised":11771},{"base_id":985,"kind":"top_words","i1":3,"i2":4,"sol":{"path":["/c/en/summand","/c/en/division","/c/en/line","/c/en/subnormal"],"weight":0.20317999999999997},"num_concepts_raised":13235},{"base_id":985,"kind":"top_words","i1":3,"i2":5,"sol":{"path":["/c/en/summand","/c/en/addend","/c/en/mathematics","/c/en/monomorphism"],"weight":0.20403999999999997},"num_concepts_raised":19113},{"base_id":985,"kind":"top_words","i1":3,"i2":6,"sol":{"path":["/c/en/summand","/c/en/addend","/c/en/mathematics","/c/en/supremum"],"weight":0.20419999999999985},"num_concepts_raised":14399},{"base_id":985,"kind":"top_words","i1":3,"i2":7,"sol":{"path":["/c/en/summand","/c/en/tilting","/c/en/morphism","/c/en/epimorphism"],"weight":0.20390000000000003},"num_concepts_raised":7890},{"base_id":985,"kind":"top_words","i1":3,"i2":8,"sol":{"path":["/c/en/summand","/c/en/addend","/c/en/mathematics","/c/en/geometry","/c/en/parallelepiped"],"weight":0.20505999999999996},"num_concepts_raised":8550},{"base_id":985,"kind":"top_words","i1":3,"i2":9,"sol":{"path":["/c/en/summand","/c/en/division","/c/en/country","/c/en/domino","/c/en/polyomino"],"weight":0.20530000000000004},"num_concepts_raised":10049},{"base_id":985,"kind":"top_words","i1":4,"i2":5,"sol":{"path":["/c/en/subnormal","/c/en/normal","/c/en/morphism","/c/en/monomorphism"],"weight":0.20526999999999998},"num_concepts_raised":22805},{"base_id":985,"kind":"top_words","i1":4,"i2":6,"sol":{"path":["/c/en/subnormal","/c/en/normal","/c/en/mathematics","/c/en/supremum"],"weight":0.20444999999999988},"num_concepts_raised":18083},{"base_id":985,"kind":"top_words","i1":4,"i2":7,"sol":{"path":["/c/en/subnormal","/c/en/normal","/c/en/morphism","/c/en/epimorphism"],"weight":0.20532000000000006},"num_concepts_raised":11760},{"base_id":985,"kind":"top_words","i1":4,"i2":8,"sol":{"path":["/c/en/subnormal","/c/en/geometry","/c/en/parallelepiped"],"weight":0.202},"num_concepts_raised":94},{"base_id":985,"kind":"top_words","i1":4,"i2":9,"sol":{"path":["/c/en/subnormal","/c/en/geometry","/c/en/polyomino"],"weight":0.202},"num_concepts_raised":68},{"base_id":985,"kind":"top_words","i1":5,"i2":6,"sol":{"path":["/c/en/monomorphism","/c/en/mathematics","/c/en/supremum"],"weight":0.202},"num_concepts_raised":62},{"base_id":985,"kind":"top_words","i1":5,"i2":7,"sol":{"path":["/c/en/monomorphism","/c/en/epimorphism"],"weight":0.20400000000000001},"num_concepts_raised":40},{"base_id":985,"kind":"top_words","i1":5,"i2":8,"sol":{"path":["/c/en/monomorphism","/c/en/mathematics","/c/en/geometry","/c/en/parallelepiped"],"weight":0.20402},"num_concepts_raised":18277},{"base_id":985,"kind":"top_words","i1":5,"i2":9,"sol":{"path":["/c/en/monomorphism","/c/en/mathematics","/c/en/geometry","/c/en/polyomino"],"weight":0.20364000000000007},"num_concepts_raised":19718},{"base_id":985,"kind":"top_words","i1":6,"i2":7,"sol":{"path":["/c/en/supremum","/c/en/mathematics","/c/en/morphism","/c/en/epimorphism"],"weight":0.20428999999999994},"num_concepts_raised":12645},{"base_id":985,"kind":"top_words","i1":6,"i2":8,"sol":{"path":["/c/en/supremum","/c/en/mathematics","/c/en/geometry","/c/en/parallelepiped"],"weight":0.20417999999999992},"num_concepts_raised":13549},{"base_id":985,"kind":"top_words","i1":6,"i2":9,"sol":{"path":["/c/en/supremum","/c/en/mathematics","/c/en/geometry","/c/en/polyomino"],"weight":0.20379999999999998},"num_concepts_raised":15024},{"base_id":985,"kind":"top_words","i1":7,"i2":8,"sol":{"path":["/c/en/epimorphism","/c/fr/mathématiques","/c/en/geometry","/c/en/parallelepiped"],"weight":0.20401000000000005},"num_concepts_raised":7057},{"base_id":985,"kind":"top_words","i1":7,"i2":9,"sol":{"path":["/c/en/epimorphism","/c/fr/mathématiques","/c/en/geometry","/c/en/polyomino"],"weight":0.20364000000000013},"num_concepts_raised":8577},{"base_id":985,"kind":"top_words","i1":8,"i2":9,"sol":{"path":["/c/en/parallelepiped","/c/en/geometry","/c/en/polyomino"],"weight":0.202},"num_concepts_raised":81}]]