[[{"base_id":300,"kind":"bot_words","i1":0,"i2":1,"sol":{"path":["/c/en/morone","/c/en/fish","/c/en/rainbow","/c/en/arc","/c/en/arcus"],"weight":0.2079899999999999},"num_concepts_raised":19509},{"base_id":300,"kind":"bot_words","i1":0,"i2":2,"sol":{"path":["/c/en/morone","/c/en/fish","/c/en/kind","/c/en/christian","/c/en/churchy"],"weight":0.20883999999999991},"num_concepts_raised":8479},{"base_id":300,"kind":"bot_words","i1":0,"i2":3,"sol":{"path":["/c/en/morone","/c/en/fish","/c/en/dry","/c/en/unproductive","/c/en/unprofitable"],"weight":0.20977999999999986},"num_concepts_raised":9434},{"base_id":300,"kind":"bot_words","i1":0,"i2":4,"sol":{"path":["/c/en/morone","/c/en/fish","/c/en/sea","/c/en/billow"],"weight":0.21002999999999952},"num_concepts_raised":25575},{"base_id":300,"kind":"bot_words","i1":0,"i2":5,"sol":{"path":["/c/en/morone","/c/en/fish","/c/en/nape","/c/en/head","/c/en/balaclava"],"weight":0.21406999999999993},"num_concepts_raised":13100},{"base_id":300,"kind":"bot_words","i1":0,"i2":6,"sol":{"path":["/c/en/morone","/c/en/fish","/c/en/island","/c/en/delos"],"weight":0.2134499999999998},"num_concepts_raised":6119},{"base_id":300,"kind":"bot_words","i1":0,"i2":7,"sol":{"path":["/c/en/morone","/c/en/fish","/c/en/ketotestosterone","/c/en/keto"],"weight":0.20780999999999988},"num_concepts_raised":22154},{"base_id":300,"kind":"bot_words","i1":0,"i2":8,"sol":{"path":["/c/en/morone","/c/en/fish","/c/en/astronomy","/c/en/frigga","/c/en/frigg"],"weight":0.21567999999999984},"num_concepts_raised":8111},{"base_id":300,"kind":"bot_words","i1":0,"i2":9,"sol":{"path":["/c/en/morone","/c/en/fish","/c/en/person","/c/en/pressure","/c/en/pressurized"],"weight":0.20795999999999992},"num_concepts_raised":6081},{"base_id":300,"kind":"bot_words","i1":1,"i2":2,"sol":{"path":["/c/en/arcus","/c/en/cloud","/c/en/mass","/c/en/christian","/c/en/churchy"],"weight":0.20375999999999986},"num_concepts_raised":19821},{"base_id":300,"kind":"bot_words","i1":1,"i2":3,"sol":{"path":["/c/en/arcus","/c/pt/arco","/c/en/bend","/c/en/lean","/c/en/unprofitable"],"weight":0.20557999999999982},"num_concepts_raised":20723},{"base_id":300,"kind":"bot_words","i1":1,"i2":4,"sol":{"path":["/c/en/arcus","/c/en/cloud","/c/en/billow"],"weight":0.203},"num_concepts_raised":200},{"base_id":300,"kind":"bot_words","i1":1,"i2":5,"sol":{"path":["/c/en/arcus","/c/en/medicine","/c/en/cap","/c/en/balaclava"],"weight":0.20889999999999986},"num_concepts_raised":24309},{"base_id":300,"kind":"bot_words","i1":1,"i2":6,"sol":{"path":["/c/en/arcus","/c/en/arc","/c/en/circle","/c/en/island","/c/en/delos"],"weight":0.20841999999999977},"num_concepts_raised":17460},{"base_id":300,"kind":"bot_words","i1":1,"i2":7,"sol":{"path":["/c/en/arcus","/c/en/medicine","/c/en/organic","/c/en/ketone","/c/en/keto"],"weight":0.20382999999999987},"num_concepts_raised":33277},{"base_id":300,"kind":"bot_words","i1":1,"i2":8,"sol":{"path":["/c/en/arcus","/c/en/cloud","/c/en/home","/c/en/frigg"],"weight":0.20840999999999982},"num_concepts_raised":19417},{"base_id":300,"kind":"bot_words","i1":1,"i2":9,"sol":{"path":["/c/en/arcus","/c/en/cloud","/c/en/steam","/c/en/pressurized"],"weight":0.20277999999999988},"num_concepts_raised":17329},{"base_id":300,"kind":"bot_words","i1":2,"i2":3,"sol":{"path":["/c/en/churchy","/c/en/pejorative","/c/en/useless","/c/en/unprofitable"],"weight":0.20460999999999985},"num_concepts_raised":9722},{"base_id":300,"kind":"bot_words","i1":2,"i2":4,"sol":{"path":["/c/en/churchy","/c/en/christian","/c/en/mass","/c/en/billow"],"weight":0.2057099999999995},"num_concepts_raised":26007},{"base_id":300,"kind":"bot_words","i1":2,"i2":5,"sol":{"path":["/c/en/churchy","/c/en/christian","/c/en/human","/c/en/head","/c/en/balaclava"],"weight":0.2098799999999999},"num_concepts_raised":13402},{"base_id":300,"kind":"bot_words","i1":2,"i2":6,"sol":{"path":["/c/en/churchy","/c/en/christian","/c/en/mass","/c/en/island","/c/en/delos"],"weight":0.2092799999999998},"num_concepts_raised":6417},{"base_id":300,"kind":"bot_words","i1":2,"i2":7,"sol":{"path":["/c/en/churchy","/c/en/christian","/c/en/type","/c/en/chemistry","/c/en/keto"],"weight":0.20372999999999988},"num_concepts_raised":22452},{"base_id":300,"kind":"bot_words","i1":2,"i2":8,"sol":{"path":["/c/en/churchy","/c/en/christian","/c/en/god","/c/en/baldur","/c/en/frigg"],"weight":0.20937999999999982},"num_concepts_raised":8415},{"base_id":300,"kind":"bot_words","i1":2,"i2":9,"sol":{"path":["/c/en/churchy","/c/en/christian","/c/en/type","/c/en/steam","/c/en/pressurized"],"weight":0.20368999999999987},"num_concepts_raised":6380},{"base_id":300,"kind":"bot_words","i1":3,"i2":4,"sol":{"path":["/c/en/unprofitable","/c/en/dead","/c/en/sea","/c/en/billow"],"weight":0.20666999999999947},"num_concepts_raised":26859},{"base_id":300,"kind":"bot_words","i1":3,"i2":5,"sol":{"path":["/c/en/unprofitable","/c/en/useless","/c/en/use","/c/en/head","/c/en/balaclava"],"weight":0.21085999999999985},"num_concepts_raised":14339},{"base_id":300,"kind":"bot_words","i1":3,"i2":6,"sol":{"path":["/c/en/unprofitable","/c/en/dead","/c/en/state","/c/en/island","/c/en/delos"],"weight":0.21012999999999976},"num_concepts_raised":7384},{"base_id":300,"kind":"bot_words","i1":3,"i2":7,"sol":{"path":["/c/en/unprofitable","/c/en/unproductive","/c/en/dry","/c/en/chemistry","/c/en/keto"],"weight":0.20466999999999985},"num_concepts_raised":23409},{"base_id":300,"kind":"bot_words","i1":3,"i2":8,"sol":{"path":["/c/en/unprofitable","/c/ru/дефицитный","/c/en/a","/c/en/frigga","/c/en/frigg"],"weight":0.21130999999999978},"num_concepts_raised":9356},{"base_id":300,"kind":"bot_words","i1":3,"i2":9,"sol":{"path":["/c/en/unprofitable","/c/en/dead","/c/en/uk","/c/en/pressurize","/c/en/pressurized"],"weight":0.20657999999999985},"num_concepts_raised":7323},{"base_id":300,"kind":"bot_words","i1":4,"i2":5,"sol":{"path":["/c/en/billow","/c/en/swell","/c/en/neck","/c/en/balaclava"],"weight":0.21226999999999951},"num_concepts_raised":30243},{"base_id":300,"kind":"bot_words","i1":4,"i2":6,"sol":{"path":["/c/en/billow","/c/en/sea","/c/en/island","/c/en/delos"],"weight":0.2104399999999994},"num_concepts_raised":23660},{"base_id":300,"kind":"bot_words","i1":4,"i2":7,"sol":{"path":["/c/en/billow","/c/en/balloon","/c/en/chemistry","/c/en/keto"],"weight":0.2047599999999995},"num_concepts_raised":39510},{"base_id":300,"kind":"bot_words","i1":4,"i2":8,"sol":{"path":["/c/en/billow","/c/en/cloud","/c/en/home","/c/en/frigg"],"weight":0.21143999999999943},"num_concepts_raised":25543},{"base_id":300,"kind":"bot_words","i1":4,"i2":9,"sol":{"path":["/c/en/billow","/c/en/cloud","/c/en/steam","/c/en/pressurized"],"weight":0.2059099999999995},"num_concepts_raised":23435},{"base_id":300,"kind":"bot_words","i1":5,"i2":6,"sol":{"path":["/c/en/balaclava","/c/en/head","/c/en/phrase","/c/en/island","/c/en/delos"],"weight":0.21446999999999983},"num_concepts_raised":11059},{"base_id":300,"kind":"bot_words","i1":5,"i2":7,"sol":{"path":["/c/en/balaclava","/c/en/canada","/c/en/hydro","/c/en/keto"],"weight":0.2087699999999999},"num_concepts_raised":27082},{"base_id":300,"kind":"bot_words","i1":5,"i2":8,"sol":{"path":["/c/en/balaclava","/c/en/canada","/c/en/friday","/c/en/frigg"],"weight":0.21445999999999982},"num_concepts_raised":12999},{"base_id":300,"kind":"bot_words","i1":5,"i2":9,"sol":{"path":["/c/en/balaclava","/c/en/head","/c/en/pressure","/c/en/pressurized"],"weight":0.2089799999999999},"num_concepts_raised":10997},{"base_id":300,"kind":"bot_words","i1":6,"i2":7,"sol":{"path":["/c/en/delos","/c/en/island","/c/en/isolate","/c/en/chemistry","/c/en/keto"],"weight":0.2083399999999998},"num_concepts_raised":20092},{"base_id":300,"kind":"bot_words","i1":6,"i2":8,"sol":{"path":["/c/en/delos","/c/en/island","/c/en/statue","/c/en/venus","/c/en/frigg"],"weight":0.21396999999999974},"num_concepts_raised":6050},{"base_id":300,"kind":"bot_words","i1":6,"i2":9,"sol":{"path":["/c/en/delos","/c/en/island","/c/en/area","/c/en/pressure","/c/en/pressurized"],"weight":0.2083899999999998},"num_concepts_raised":4017},{"base_id":300,"kind":"bot_words","i1":7,"i2":8,"sol":{"path":["/c/en/keto","/c/en/chemistry","/c/en/a","/c/en/frigga","/c/en/frigg"],"weight":0.2105699999999998},"num_concepts_raised":22084},{"base_id":300,"kind":"bot_words","i1":7,"i2":9,"sol":{"path":["/c/en/keto","/c/en/ketone","/c/en/molecules","/c/en/steam","/c/en/pressurized"],"weight":0.20375999999999989},"num_concepts_raised":20009},{"base_id":300,"kind":"bot_words","i1":8,"i2":9,"sol":{"path":["/c/en/frigg","/c/en/home","/c/en/uk","/c/en/pressurize","/c/en/pressurized"],"weight":0.21037999999999984},"num_concepts_raised":6008}],[{"base_id":300,"kind":"top_words","i1":0,"i2":1,"sol":{"path":["/c/en/palace","/c/ja/宮","/c/en/music","/c/en/zarzuela"],"weight":0.2239699999999995},"num_concepts_raised":31727},{"base_id":300,"kind":"top_words","i1":0,"i2":2,"sol":{"path":["/c/en/palace","/c/en/castle","/c/en/fortress","/c/en/zwinger"],"weight":0.22745999999999944},"num_concepts_raised":26659},{"base_id":300,"kind":"top_words","i1":0,"i2":3,"sol":{"path":["/c/en/palace","/c/en/tuileries"],"weight":0.20600000000000002},"num_concepts_raised":542},{"base_id":300,"kind":"top_words","i1":0,"i2":4,"sol":{"path":["/c/en/palace","/c/en/home","/c/en/street","/c/en/mews"],"weight":0.21892999999999957},"num_concepts_raised":37389},{"base_id":300,"kind":"top_words","i1":0,"i2":5,"sol":{"path":["/c/en/palace","/c/syc/ܐܦܕܢܐ","/c/en/apadana"],"weight":0.20500000000000002},"num_concepts_raised":524},{"base_id":300,"kind":"top_words","i1":0,"i2":6,"sol":{"path":["/c/en/palace","/c/en/castle","/c/en/england","/c/en/buckingham"],"weight":0.2222899999999995},"num_concepts_raised":143098},{"base_id":300,"kind":"top_words","i1":0,"i2":7,"sol":{"path":["/c/en/palace","/c/en/residence"],"weight":0.20500000000000002},"num_concepts_raised":1044},{"base_id":300,"kind":"top_words","i1":0,"i2":8,"sol":{"path":["/c/en/palace","/c/fr/palais","/c/fr/alhambra","/c/en/alhambra"],"weight":0.23674999999999938},"num_concepts_raised":25456},{"base_id":300,"kind":"top_words","i1":0,"i2":9,"sol":{"path":["/c/en/palace","/c/en/home","/c/en/villa","/c/en/dacha"],"weight":0.22788999999999976},"num_concepts_raised":25567},{"base_id":300,"kind":"top_words","i1":1,"i2":2,"sol":{"path":["/c/en/zarzuela","/c/en/music","/c/en/country","/c/en/city","/c/en/zwinger"],"weight":0.21308999999999975},"num_concepts_raised":11741},{"base_id":300,"kind":"top_words","i1":1,"i2":3,"sol":{"path":["/c/en/zarzuela","/c/fr/zarzuela","/c/fr/localités","/c/en/paris","/c/en/tuileries"],"weight":0.21520999999999973},"num_concepts_raised":11074},{"base_id":300,"kind":"top_words","i1":1,"i2":4,"sol":{"path":["/c/en/zarzuela","/c/en/music","/c/en/mews"],"weight":0.20400000000000001},"num_concepts_raised":58},{"base_id":300,"kind":"top_words","i1":1,"i2":5,"sol":{"path":["/c/en/zarzuela","/c/en/music","/c/en/language","/c/en/persian","/c/en/apadana"],"weight":0.2079899999999999},"num_concepts_raised":8668},{"base_id":300,"kind":"top_words","i1":1,"i2":6,"sol":{"path":["/c/en/zarzuela","/c/fr/zarzuela","/c/fr/localités","/c/en/buckingham"],"weight":0.2100499999999998},"num_concepts_raised":128308},{"base_id":300,"kind":"top_words","i1":1,"i2":7,"sol":{"path":["/c/en/zarzuela","/c/en/opera","/c/en/building","/c/en/residence"],"weight":0.21600999999999848},"num_concepts_raised":39923},{"base_id":300,"kind":"top_words","i1":1,"i2":8,"sol":{"path":["/c/en/zarzuela","/c/en/music","/c/en/theatre","/c/en/alhambra"],"weight":0.21791999999999967},"num_concepts_raised":10202},{"base_id":300,"kind":"top_words","i1":1,"i2":9,"sol":{"path":["/c/en/zarzuela","/c/en/music","/c/en/family","/c/en/villa","/c/en/dacha"],"weight":0.21682000000000004},"num_concepts_raised":10315},{"base_id":300,"kind":"top_words","i1":2,"i2":3,"sol":{"path":["/c/en/zwinger","/c/en/city","/c/en/paris","/c/en/tuileries"],"weight":0.21299999999999975},"num_concepts_raised":6173},{"base_id":300,"kind":"top_words","i1":2,"i2":4,"sol":{"path":["/c/en/zwinger","/c/en/city","/c/en/street","/c/en/mews"],"weight":0.20778999999999986},"num_concepts_raised":17829},{"base_id":300,"kind":"top_words","i1":2,"i2":5,"sol":{"path":["/c/en/zwinger","/c/en/citadel","/c/peo/𐎠𐎱𐎭𐎠𐎴","/c/en/apadana"],"weight":0.2098799999999999},"num_concepts_raised":3822},{"base_id":300,"kind":"top_words","i1":2,"i2":6,"sol":{"path":["/c/en/zwinger","/c/en/city","/c/en/county_seat","/c/en/buckingham"],"weight":0.2079199999999998},"num_concepts_raised":122751},{"base_id":300,"kind":"top_words","i1":2,"i2":7,"sol":{"path":["/c/en/zwinger","/c/en/city","/c/en/home","/c/en/residence"],"weight":0.22031999999999846},"num_concepts_raised":34946},{"base_id":300,"kind":"top_words","i1":2,"i2":8,"sol":{"path":["/c/en/zwinger","/c/en/city","/c/en/granada","/c/en/alhambra"],"weight":0.2177199999999997},"num_concepts_raised":5415},{"base_id":300,"kind":"top_words","i1":2,"i2":9,"sol":{"path":["/c/en/zwinger","/c/en/city","/c/en/countryside","/c/en/dacha"],"weight":0.21442000000000003},"num_concepts_raised":5432},{"base_id":300,"kind":"top_words","i1":3,"i2":4,"sol":{"path":["/c/en/tuileries","/c/en/tuileries_palace","/c/en/building","/c/en/street","/c/en/mews"],"weight":0.20794999999999983},"num_concepts_raised":17228},{"base_id":300,"kind":"top_words","i1":3,"i2":5,"sol":{"path":["/c/en/tuileries","/c/en/palace","/c/syc/ܐܦܕܢܐ","/c/en/apadana"],"weight":0.20895999999999987},"num_concepts_raised":3148},{"base_id":300,"kind":"top_words","i1":3,"i2":6,"sol":{"path":["/c/en/tuileries","/c/en/paris","/c/en/county_seat","/c/en/buckingham"],"weight":0.20803999999999978},"num_concepts_raised":122647},{"base_id":300,"kind":"top_words","i1":3,"i2":7,"sol":{"path":["/c/en/tuileries","/c/en/palace","/c/en/residence"],"weight":0.20500000000000002},"num_concepts_raised":600},{"base_id":300,"kind":"top_words","i1":3,"i2":8,"sol":{"path":["/c/en/tuileries","/c/en/paris","/c/fr/localités","/c/fr/alhambra","/c/en/alhambra"],"weight":0.22195999999999966},"num_concepts_raised":4748},{"base_id":300,"kind":"top_words","i1":3,"i2":9,"sol":{"path":["/c/en/tuileries","/c/en/tuileries_palace","/c/en/building","/c/en/villa","/c/en/dacha"],"weight":0.21679000000000004},"num_concepts_raised":4785},{"base_id":300,"kind":"top_words","i1":4,"i2":5,"sol":{"path":["/c/en/mews","/c/en/mew","/c/en/cat","/c/en/persian","/c/en/apadana"],"weight":0.20468},"num_concepts_raised":14891},{"base_id":300,"kind":"top_words","i1":4,"i2":6,"sol":{"path":["/c/en/mews","/c/en/street","/c/en/england","/c/en/buckingham"],"weight":0.2028299999999999},"num_concepts_raised":134084},{"base_id":300,"kind":"top_words","i1":4,"i2":7,"sol":{"path":["/c/en/mews","/c/en/street","/c/en/home","/c/en/residence"],"weight":0.21508999999999856},"num_concepts_raised":45540},{"base_id":300,"kind":"top_words","i1":4,"i2":8,"sol":{"path":["/c/en/mews","/c/en/music","/c/en/theatre","/c/en/alhambra"],"weight":0.2125999999999998},"num_concepts_raised":16414},{"base_id":300,"kind":"top_words","i1":4,"i2":9,"sol":{"path":["/c/en/mews","/c/en/street","/c/en/villa","/c/en/dacha"],"weight":0.21153000000000013},"num_concepts_raised":16494},{"base_id":300,"kind":"top_words","i1":5,"i2":6,"sol":{"path":["/c/en/apadana","/c/en/persian","/c/en/canada","/c/en/buckingham"],"weight":0.20277999999999996},"num_concepts_raised":120450},{"base_id":300,"kind":"top_words","i1":5,"i2":7,"sol":{"path":["/c/en/apadana","/c/syc/ܐܦܕܢܐ","/c/en/palace","/c/en/residence"],"weight":0.21268999999999863},"num_concepts_raised":32290},{"base_id":300,"kind":"top_words","i1":5,"i2":8,"sol":{"path":["/c/en/apadana","/c/pt/apadana","/c/en/architecture","/c/en/alhambresque","/c/en/alhambra"],"weight":0.21365999999999985},"num_concepts_raised":2332},{"base_id":300,"kind":"top_words","i1":5,"i2":9,"sol":{"path":["/c/en/apadana","/c/en/great_hall","/c/en/country_house","/c/en/dacha"],"weight":0.20941000000000018},"num_concepts_raised":2375},{"base_id":300,"kind":"top_words","i1":6,"i2":7,"sol":{"path":["/c/en/buckingham","/c/en/buckingham_palace","/c/en/residence"],"weight":0.202},"num_concepts_raised":590},{"base_id":300,"kind":"top_words","i1":6,"i2":8,"sol":{"path":["/c/en/buckingham","/c/fr/localités","/c/fr/alhambra","/c/en/alhambra"],"weight":0.21679999999999974},"num_concepts_raised":122017},{"base_id":300,"kind":"top_words","i1":6,"i2":9,"sol":{"path":["/c/en/buckingham","/c/en/england","/c/en/villa","/c/en/dacha"],"weight":0.2116300000000001},"num_concepts_raised":122025},{"base_id":300,"kind":"top_words","i1":7,"i2":8,"sol":{"path":["/c/en/residence","/c/en/house","/c/en/theatre","/c/en/alhambra"],"weight":0.22315999999999842},"num_concepts_raised":33757},{"base_id":300,"kind":"top_words","i1":7,"i2":9,"sol":{"path":["/c/en/residence","/c/en/country_house","/c/en/dacha"],"weight":0.20400000000000001},"num_concepts_raised":627},{"base_id":300,"kind":"top_words","i1":8,"i2":9,"sol":{"path":["/c/en/alhambra","/c/fr/alhambra","/c/fr/localités","/c/en/summerhouse","/c/en/dacha"],"weight":0.22340999999999997},"num_concepts_raised":3982}]]