[[{"base_id":556,"kind":"bot_words","i1":0,"i2":1,"sol":{"path":["/c/en/democracy","/c/en/government","/c/en/nation","/c/en/nationally"],"weight":0.2201500000000004},"num_concepts_raised":37410},{"base_id":556,"kind":"bot_words","i1":0,"i2":2,"sol":{"path":["/c/en/democracy","/c/en/us","/c/en/plant","/c/en/galax"],"weight":0.2222700000000003},"num_concepts_raised":45312},{"base_id":556,"kind":"bot_words","i1":0,"i2":3,"sol":{"path":["/c/en/democracy","/c/en/people","/c/en/order","/c/en/reorder"],"weight":0.21857000000000026},"num_concepts_raised":40515},{"base_id":556,"kind":"bot_words","i1":0,"i2":4,"sol":{"path":["/c/en/democracy","/c/en/freedom","/c/en/king"],"weight":0.20700000000000002},"num_concepts_raised":1580},{"base_id":556,"kind":"bot_words","i1":0,"i2":5,"sol":{"path":["/c/en/democracy","/c/en/people","/c/en/angry","/c/en/scowl"],"weight":0.21984000000000015},"num_concepts_raised":49147},{"base_id":556,"kind":"bot_words","i1":0,"i2":6,"sol":{"path":["/c/en/democracy","/c/en/government","/c/en/revolution","/c/en/upheaval","/c/en/cataclysmic"],"weight":0.2198700000000004},"num_concepts_raised":38081},{"base_id":556,"kind":"bot_words","i1":0,"i2":7,"sol":{"path":["/c/en/democracy","/c/en/people","/c/en/animal","/c/en/springtail"],"weight":0.22304000000000018},"num_concepts_raised":42261},{"base_id":556,"kind":"bot_words","i1":0,"i2":8,"sol":{"path":["/c/en/democracy","/c/en/liberty","/c/en/liver","/c/en/prothrombin"],"weight":0.21553000000000033},"num_concepts_raised":40367},{"base_id":556,"kind":"bot_words","i1":0,"i2":9,"sol":{"path":["/c/en/democracy","/c/en/people","/c/en/insane","/c/en/frantic"],"weight":0.2193000000000001},"num_concepts_raised":45488},{"base_id":556,"kind":"bot_words","i1":1,"i2":2,"sol":{"path":["/c/en/nationally","/c/en/nation","/c/en/group","/c/en/galaxy","/c/en/galax"],"weight":0.20792999999999995},"num_concepts_raised":9655},{"base_id":556,"kind":"bot_words","i1":1,"i2":3,"sol":{"path":["/c/en/nationally","/c/en/nation","/c/en/organization","/c/en/order","/c/en/reorder"],"weight":0.20403999999999994},"num_concepts_raised":4976},{"base_id":556,"kind":"bot_words","i1":1,"i2":4,"sol":{"path":["/c/en/nationally","/c/en/nation","/c/en/king"],"weight":0.20400000000000001},"num_concepts_raised":1284},{"base_id":556,"kind":"bot_words","i1":1,"i2":5,"sol":{"path":["/c/en/nationally","/c/en/nation","/c/en/like","/c/en/scowl"],"weight":0.20433999999999977},"num_concepts_raised":14051},{"base_id":556,"kind":"bot_words","i1":1,"i2":6,"sol":{"path":["/c/en/nationally","/c/en/nation","/c/en/earth","/c/en/cataclysm","/c/en/cataclysmic"],"weight":0.20413000000000003},"num_concepts_raised":2197},{"base_id":556,"kind":"bot_words","i1":1,"i2":7,"sol":{"path":["/c/en/nationally","/c/en/nation","/c/en/people","/c/en/animal","/c/en/springtail"],"weight":0.20850999999999986},"num_concepts_raised":6710},{"base_id":556,"kind":"bot_words","i1":1,"i2":8,"sol":{"path":["/c/en/nationally","/c/en/nation","/c/en/liberty","/c/en/liver","/c/en/prothrombin"],"weight":0.20313},"num_concepts_raised":4506},{"base_id":556,"kind":"bot_words","i1":1,"i2":9,"sol":{"path":["/c/en/nationally","/c/en/nation","/c/en/people","/c/en/insane","/c/en/frantic"],"weight":0.20479999999999976},"num_concepts_raised":9874},{"base_id":556,"kind":"bot_words","i1":2,"i2":3,"sol":{"path":["/c/en/galax","/c/en/plant","/c/en/product","/c/en/order","/c/en/reorder"],"weight":0.2088699999999998},"num_concepts_raised":12673},{"base_id":556,"kind":"bot_words","i1":2,"i2":4,"sol":{"path":["/c/en/galax","/c/en/plant","/c/en/kingdom","/c/en/king"],"weight":0.23768999999999832},"num_concepts_raised":138657},{"base_id":556,"kind":"bot_words","i1":2,"i2":5,"sol":{"path":["/c/en/galax","/c/en/plant","/c/en/like","/c/en/scowl"],"weight":0.20916999999999966},"num_concepts_raised":21709},{"base_id":556,"kind":"bot_words","i1":2,"i2":6,"sol":{"path":["/c/en/galax","/c/en/plant","/c/en/earth","/c/en/cataclysm","/c/en/cataclysmic"],"weight":0.20897999999999992},"num_concepts_raised":9922},{"base_id":556,"kind":"bot_words","i1":2,"i2":7,"sol":{"path":["/c/en/galax","/c/en/plant","/c/en/animal","/c/en/springtail"],"weight":0.21336999999999973},"num_concepts_raised":14246},{"base_id":556,"kind":"bot_words","i1":2,"i2":8,"sol":{"path":["/c/en/galax","/c/en/plant","/c/en/blood","/c/en/thrombin","/c/en/prothrombin"],"weight":0.21017999999999987},"num_concepts_raised":12207},{"base_id":556,"kind":"bot_words","i1":2,"i2":9,"sol":{"path":["/c/en/galax","/c/en/plant","/c/en/panic","/c/en/frantic"],"weight":0.20940999999999962},"num_concepts_raised":17535},{"base_id":556,"kind":"bot_words","i1":3,"i2":4,"sol":{"path":["/c/en/reorder","/c/en/order","/c/en/person","/c/en/king"],"weight":0.2320999999999983},"num_concepts_raised":133750},{"base_id":556,"kind":"bot_words","i1":3,"i2":5,"sol":{"path":["/c/en/reorder","/c/en/rate","/c/en/like","/c/en/scowl"],"weight":0.20422999999999966},"num_concepts_raised":17009},{"base_id":556,"kind":"bot_words","i1":3,"i2":6,"sol":{"path":["/c/en/reorder","/c/en/reverse","/c/en/whammy","/c/en/devastating","/c/en/cataclysmic"],"weight":0.20402999999999993},"num_concepts_raised":5243},{"base_id":556,"kind":"bot_words","i1":3,"i2":7,"sol":{"path":["/c/en/reorder","/c/en/reverse","/c/en/tail","/c/en/springtail"],"weight":0.2082999999999997},"num_concepts_raised":9718},{"base_id":556,"kind":"bot_words","i1":3,"i2":8,"sol":{"path":["/c/en/reorder","/c/en/order","/c/en/sequence","/c/en/protein","/c/en/prothrombin"],"weight":0.20422999999999988},"num_concepts_raised":7549},{"base_id":556,"kind":"bot_words","i1":3,"i2":9,"sol":{"path":["/c/en/reorder","/c/en/order","/c/en/rush","/c/en/frantic"],"weight":0.20549999999999963},"num_concepts_raised":12876},{"base_id":556,"kind":"bot_words","i1":4,"i2":5,"sol":{"path":["/c/en/king","/c/en/crown","/c/en/like","/c/en/scowl"],"weight":0.23663999999999819},"num_concepts_raised":141637},{"base_id":556,"kind":"bot_words","i1":4,"i2":6,"sol":{"path":["/c/en/king","/c/en/queen","/c/en/cat","/c/en/catastrophic","/c/en/cataclysmic"],"weight":0.23333999999999844},"num_concepts_raised":131684},{"base_id":556,"kind":"bot_words","i1":4,"i2":7,"sol":{"path":["/c/en/king","/c/en/kingdom","/c/en/animal","/c/en/springtail"],"weight":0.2384999999999982},"num_concepts_raised":135336},{"base_id":556,"kind":"bot_words","i1":4,"i2":8,"sol":{"path":["/c/en/king","/c/en/person","/c/en/bleeding","/c/en/prothrombin"],"weight":0.23108999999999838},"num_concepts_raised":133985},{"base_id":556,"kind":"bot_words","i1":4,"i2":9,"sol":{"path":["/c/en/king","/c/fr/roi","/c/fr/fou","/c/en/frantic"],"weight":0.2369299999999981},"num_concepts_raised":138514},{"base_id":556,"kind":"bot_words","i1":5,"i2":6,"sol":{"path":["/c/en/scowl","/c/en/like","/c/en/war","/c/en/devastating","/c/en/cataclysmic"],"weight":0.20544999999999977},"num_concepts_raised":14312},{"base_id":556,"kind":"bot_words","i1":5,"i2":7,"sol":{"path":["/c/en/scowl","/c/en/face","/c/en/animal","/c/en/springtail"],"weight":0.20977999999999958},"num_concepts_raised":18667},{"base_id":556,"kind":"bot_words","i1":5,"i2":8,"sol":{"path":["/c/en/scowl","/c/en/expression","/c/en/protein","/c/en/prothrombin"],"weight":0.20460999999999974},"num_concepts_raised":16605},{"base_id":556,"kind":"bot_words","i1":5,"i2":9,"sol":{"path":["/c/en/scowl","/c/en/frown","/c/en/worry","/c/en/frantic"],"weight":0.20959999999999945},"num_concepts_raised":21529},{"base_id":556,"kind":"bot_words","i1":6,"i2":7,"sol":{"path":["/c/en/cataclysmic","/c/en/catastrophic","/c/en/cat","/c/en/animal","/c/en/springtail"],"weight":0.20966999999999986},"num_concepts_raised":6979},{"base_id":556,"kind":"bot_words","i1":6,"i2":8,"sol":{"path":["/c/en/cataclysmic","/c/en/upheaval","/c/en/process","/c/en/liver","/c/en/prothrombin"],"weight":0.20314},"num_concepts_raised":4760},{"base_id":556,"kind":"bot_words","i1":6,"i2":9,"sol":{"path":["/c/en/cataclysmic","/c/en/cataclysm","/c/en/violent","/c/zh/狂暴","/c/en/frantic"],"weight":0.20672999999999975},"num_concepts_raised":10114},{"base_id":556,"kind":"bot_words","i1":7,"i2":8,"sol":{"path":["/c/en/springtail","/c/en/animal","/c/en/liver","/c/en/prothrombin"],"weight":0.2085599999999998},"num_concepts_raised":9239},{"base_id":556,"kind":"bot_words","i1":7,"i2":9,"sol":{"path":["/c/en/springtail","/c/en/animal","/c/en/wild","/c/en/frantic"],"weight":0.21016999999999952},"num_concepts_raised":14524},{"base_id":556,"kind":"bot_words","i1":8,"i2":9,"sol":{"path":["/c/en/prothrombin","/c/en/protein","/c/en/energy","/c/en/frenetic","/c/en/frantic"],"weight":0.2060299999999997},"num_concepts_raised":12430}],[{"base_id":556,"kind":"top_words","i1":0,"i2":1,"sol":{"path":["/c/en/cento","/c/fr/centon","/c/fr/ouvrage","/c/fr/attelle","/c/en/hame"],"weight":0.20493999999999984},"num_concepts_raised":9782},{"base_id":556,"kind":"top_words","i1":0,"i2":2,"sol":{"path":["/c/en/cento","/c/en/patchwork","/c/en/derogatory","/c/en/wagon","/c/en/waggon"],"weight":0.20615999999999987},"num_concepts_raised":8821},{"base_id":556,"kind":"top_words","i1":0,"i2":3,"sol":{"path":["/c/en/cento","/c/en/italy","/c/en/urbana","/c/en/illinois","/c/en/il"],"weight":0.20391999999999982},"num_concepts_raised":15264},{"base_id":556,"kind":"top_words","i1":0,"i2":4,"sol":{"path":["/c/en/cento","/c/en/mixture","/c/en/salmagundi","/c/en/olio"],"weight":0.2026399999999999},"num_concepts_raised":2843},{"base_id":556,"kind":"top_words","i1":0,"i2":5,"sol":{"path":["/c/en/cento","/c/en/mixture","/c/en/art","/c/en/pasticcio"],"weight":0.20773999999999992},"num_concepts_raised":4637},{"base_id":556,"kind":"top_words","i1":0,"i2":6,"sol":{"path":["/c/en/cento","/c/fr/centon","/c/fr/pièce","/c/en/heraldry","/c/en/engrailed"],"weight":0.20891999999999994},"num_concepts_raised":11888},{"base_id":556,"kind":"top_words","i1":0,"i2":7,"sol":{"path":["/c/en/cento","/c/en/mixture","/c/en/coffee","/c/en/java","/c/en/gambas"],"weight":0.20778999999999986},"num_concepts_raised":2249},{"base_id":556,"kind":"top_words","i1":0,"i2":8,"sol":{"path":["/c/en/cento","/c/en/italy","/c/en/cremona","/c/en/violin","/c/en/violoncello"],"weight":0.20401999999999995},"num_concepts_raised":3421},{"base_id":556,"kind":"top_words","i1":0,"i2":9,"sol":{"path":["/c/en/cento","/c/en/centonism","/c/en/composition","/c/en/music","/c/en/andante"],"weight":0.20655},"num_concepts_raised":11387},{"base_id":556,"kind":"top_words","i1":1,"i2":2,"sol":{"path":["/c/en/hame","/c/en/home","/c/en/uk","/c/en/waggon"],"weight":0.20531999999999978},"num_concepts_raised":15480},{"base_id":556,"kind":"top_words","i1":1,"i2":3,"sol":{"path":["/c/en/hame","/c/en/home","/c/en/computing","/c/en/il"],"weight":0.20419999999999972},"num_concepts_raised":21870},{"base_id":556,"kind":"top_words","i1":1,"i2":4,"sol":{"path":["/c/en/hame","/c/en/home","/c/en/mouse","/c/en/stew","/c/en/olio"],"weight":0.20399999999999976},"num_concepts_raised":9665},{"base_id":556,"kind":"top_words","i1":1,"i2":5,"sol":{"path":["/c/en/hame","/c/en/home","/c/en/pie","/c/it/pasticcio","/c/en/pasticcio"],"weight":0.21102999999999977},"num_concepts_raised":11413},{"base_id":556,"kind":"top_words","i1":1,"i2":6,"sol":{"path":["/c/en/hame","/c/en/heaven","/c/en/moon","/c/en/engrailed"],"weight":0.20812999999999982},"num_concepts_raised":18459},{"base_id":556,"kind":"top_words","i1":1,"i2":7,"sol":{"path":["/c/en/hame","/c/en/home","/c/en/computing","/c/en/programming_language","/c/en/gambas"],"weight":0.20913999999999972},"num_concepts_raised":9059},{"base_id":556,"kind":"top_words","i1":1,"i2":8,"sol":{"path":["/c/en/hame","/c/en/neck","/c/en/cello","/c/en/violoncello"],"weight":0.20460999999999982},"num_concepts_raised":10208},{"base_id":556,"kind":"top_words","i1":1,"i2":9,"sol":{"path":["/c/en/hame","/c/en/neck","/c/en/music","/c/en/andante"],"weight":0.20582999999999987},"num_concepts_raised":18089},{"base_id":556,"kind":"top_words","i1":2,"i2":3,"sol":{"path":["/c/en/waggon","/c/en/cart","/c/en/video_games","/c/en/il"],"weight":0.20336999999999972},"num_concepts_raised":20934},{"base_id":556,"kind":"top_words","i1":2,"i2":4,"sol":{"path":["/c/en/waggon","/c/en/wagon","/c/en/cow","/c/en/stew","/c/en/olio"],"weight":0.2061599999999998},"num_concepts_raised":8701},{"base_id":556,"kind":"top_words","i1":2,"i2":5,"sol":{"path":["/c/en/waggon","/c/en/wagon","/c/en/field","/c/en/art","/c/en/pasticcio"],"weight":0.21124999999999983},"num_concepts_raised":10485},{"base_id":556,"kind":"top_words","i1":2,"i2":6,"sol":{"path":["/c/en/waggon","/c/en/uk","/c/en/point","/c/en/engrailed"],"weight":0.20914999999999984},"num_concepts_raised":17580},{"base_id":556,"kind":"top_words","i1":2,"i2":7,"sol":{"path":["/c/en/waggon","/c/en/wagon","/c/en/us","/c/en/java","/c/en/gambas"],"weight":0.21130999999999975},"num_concepts_raised":8098},{"base_id":556,"kind":"top_words","i1":2,"i2":8,"sol":{"path":["/c/en/waggon","/c/en/uk","/c/en/back","/c/en/cello","/c/en/violoncello"],"weight":0.20559999999999984},"num_concepts_raised":9259},{"base_id":556,"kind":"top_words","i1":2,"i2":9,"sol":{"path":["/c/en/waggon","/c/ja/わごん","/c/en/music","/c/en/andante"],"weight":0.20584999999999987},"num_concepts_raised":17120},{"base_id":556,"kind":"top_words","i1":3,"i2":4,"sol":{"path":["/c/en/il","/c/en/illinois","/c/en/bath","/c/en/stew","/c/en/olio"],"weight":0.20387999999999973},"num_concepts_raised":15150},{"base_id":556,"kind":"top_words","i1":3,"i2":5,"sol":{"path":["/c/en/il","/c/en/computing","/c/en/architecture","/c/it/pasticcio","/c/en/pasticcio"],"weight":0.20986999999999978},"num_concepts_raised":16870},{"base_id":556,"kind":"top_words","i1":3,"i2":6,"sol":{"path":["/c/en/il","/c/en/level","/c/en/edge","/c/en/engrailed"],"weight":0.20807999999999977},"num_concepts_raised":23946},{"base_id":556,"kind":"top_words","i1":3,"i2":7,"sol":{"path":["/c/en/il","/c/en/computing","/c/en/programming_language","/c/en/gambas"],"weight":0.2079599999999997},"num_concepts_raised":14424},{"base_id":556,"kind":"top_words","i1":3,"i2":8,"sol":{"path":["/c/en/il","/c/en/illinois","/c/en/viola","/c/en/violin","/c/en/violoncello"],"weight":0.2053299999999998},"num_concepts_raised":15702},{"base_id":556,"kind":"top_words","i1":3,"i2":9,"sol":{"path":["/c/en/il","/c/en/illinois","/c/en/clarion","/c/en/music","/c/en/andante"],"weight":0.20678999999999984},"num_concepts_raised":23450},{"base_id":556,"kind":"top_words","i1":4,"i2":5,"sol":{"path":["/c/en/olio","/c/en/pasticcio"],"weight":0.20400000000000001},"num_concepts_raised":48},{"base_id":556,"kind":"top_words","i1":4,"i2":6,"sol":{"path":["/c/en/olio","/c/en/stew","/c/en/like","/c/en/edge","/c/en/engrailed"],"weight":0.20792999999999984},"num_concepts_raised":11770},{"base_id":556,"kind":"top_words","i1":4,"i2":7,"sol":{"path":["/c/en/olio","/c/en/minstrel","/c/en/dance","/c/en/java","/c/en/gambas"],"weight":0.20772999999999978},"num_concepts_raised":2130},{"base_id":556,"kind":"top_words","i1":4,"i2":8,"sol":{"path":["/c/en/olio","/c/en/minstrel","/c/en/music","/c/en/cello","/c/en/violoncello"],"weight":0.20434999999999987},"num_concepts_raised":3297},{"base_id":556,"kind":"top_words","i1":4,"i2":9,"sol":{"path":["/c/en/olio","/c/en/minstrel","/c/en/music","/c/en/andante"],"weight":0.20550999999999991},"num_concepts_raised":11265},{"base_id":556,"kind":"top_words","i1":5,"i2":6,"sol":{"path":["/c/en/pasticcio","/c/en/art","/c/en/heraldry","/c/en/engrailed"],"weight":0.21298999999999985},"num_concepts_raised":13510},{"base_id":556,"kind":"top_words","i1":5,"i2":7,"sol":{"path":["/c/en/pasticcio","/c/en/art","/c/en/dance","/c/en/java","/c/en/gambas"],"weight":0.2128899999999998},"num_concepts_raised":3935},{"base_id":556,"kind":"top_words","i1":5,"i2":8,"sol":{"path":["/c/en/pasticcio","/c/en/art","/c/en/music","/c/en/cello","/c/en/violoncello"],"weight":0.20949999999999988},"num_concepts_raised":5103},{"base_id":556,"kind":"top_words","i1":5,"i2":9,"sol":{"path":["/c/en/pasticcio","/c/en/art","/c/en/music","/c/en/andante"],"weight":0.2106699999999999},"num_concepts_raised":12954},{"base_id":556,"kind":"top_words","i1":6,"i2":7,"sol":{"path":["/c/en/engrailed","/c/en/edge","/c/en/sharp","/c/en/programming_language","/c/en/gambas"],"weight":0.2130599999999998},"num_concepts_raised":11157},{"base_id":556,"kind":"top_words","i1":6,"i2":8,"sol":{"path":["/c/en/engrailed","/c/en/edge","/c/en/instrument","/c/en/cello","/c/en/violoncello"],"weight":0.2096599999999999},"num_concepts_raised":12323},{"base_id":556,"kind":"top_words","i1":6,"i2":9,"sol":{"path":["/c/en/engrailed","/c/en/point","/c/en/music","/c/en/andante"],"weight":0.21070999999999995},"num_concepts_raised":20142},{"base_id":556,"kind":"top_words","i1":7,"i2":8,"sol":{"path":["/c/en/gambas","/c/en/java","/c/en/c","/c/en/cello","/c/en/violoncello"],"weight":0.20943999999999982},"num_concepts_raised":2672},{"base_id":556,"kind":"top_words","i1":7,"i2":9,"sol":{"path":["/c/en/gambas","/c/en/java","/c/en/c","/c/en/music","/c/en/andante"],"weight":0.21068999999999988},"num_concepts_raised":10653},{"base_id":556,"kind":"top_words","i1":8,"i2":9,"sol":{"path":["/c/en/violoncello","/c/en/cello","/c/en/music","/c/en/andante"],"weight":0.20724999999999996},"num_concepts_raised":11676}]]