[[{"base_id":822,"kind":"bot_words","i1":0,"i2":1,"sol":{"path":["/c/en/alacrity","/c/en/avidity","/c/en/protein","/c/en/flavoprotein"],"weight":0.2090199999999997},"num_concepts_raised":10743},{"base_id":822,"kind":"bot_words","i1":0,"i2":2,"sol":{"path":["/c/en/alacrity","/c/en/apathy","/c/en/person","/c/en/peacemaker"],"weight":0.20932999999999974},"num_concepts_raised":20295},{"base_id":822,"kind":"bot_words","i1":0,"i2":3,"sol":{"path":["/c/en/alacrity","/c/fi/into","/c/en/gusto"],"weight":0.203},"num_concepts_raised":140},{"base_id":822,"kind":"bot_words","i1":0,"i2":4,"sol":{"path":["/c/en/alacrity","/c/en/enthusiasm","/c/en/sound","/c/en/city","/c/en/i̇skenderun"],"weight":0.2090799999999997},"num_concepts_raised":6724},{"base_id":822,"kind":"bot_words","i1":0,"i2":5,"sol":{"path":["/c/en/alacrity","/c/en/promptness","/c/en/characteristic","/c/en/genetics","/c/en/diploid"],"weight":0.20659999999999973},"num_concepts_raised":15062},{"base_id":822,"kind":"bot_words","i1":0,"i2":6,"sol":{"path":["/c/en/alacrity","/c/cs/čilost","/c/en/activity","/c/en/cut","/c/en/dissect"],"weight":0.20626999999999973},"num_concepts_raised":47424},{"base_id":822,"kind":"bot_words","i1":0,"i2":7,"sol":{"path":["/c/en/alacrity","/c/la/itas","/c/en/ship","/c/en/wreck"],"weight":0.20781999999999923},"num_concepts_raised":36086},{"base_id":822,"kind":"bot_words","i1":0,"i2":8,"sol":{"path":["/c/en/alacrity","/c/en/eagerness","/c/en/desire","/c/en/stomach","/c/en/gastrointestinal"],"weight":0.2044699999999997},"num_concepts_raised":5682},{"base_id":822,"kind":"bot_words","i1":0,"i2":9,"sol":{"path":["/c/en/alacrity","/c/en/alacritous","/c/en/fast","/c/en/river","/c/en/luo"],"weight":0.2049399999999998},"num_concepts_raised":16761},{"base_id":822,"kind":"bot_words","i1":1,"i2":2,"sol":{"path":["/c/en/flavoprotein","/c/en/biochemistry","/c/en/in","/c/en/peace","/c/en/peacemaker"],"weight":0.21764999999999968},"num_concepts_raised":23890},{"base_id":822,"kind":"bot_words","i1":1,"i2":3,"sol":{"path":["/c/en/flavoprotein","/c/en/protein","/c/en/energy","/c/fr/vigueur","/c/en/gusto"],"weight":0.21052999999999966},"num_concepts_raised":9070},{"base_id":822,"kind":"bot_words","i1":1,"i2":4,"sol":{"path":["/c/en/flavoprotein","/c/en/biochemistry","/c/en/english_language","/c/en/city","/c/en/i̇skenderun"],"weight":0.21323999999999965},"num_concepts_raised":10254},{"base_id":822,"kind":"bot_words","i1":1,"i2":5,"sol":{"path":["/c/en/flavoprotein","/c/en/protein","/c/en/chromosome","/c/en/diploid"],"weight":0.2096199999999997},"num_concepts_raised":18183},{"base_id":822,"kind":"bot_words","i1":1,"i2":6,"sol":{"path":["/c/en/flavoprotein","/c/en/biochemistry","/c/en/organism","/c/en/dissect"],"weight":0.20936999999999967},"num_concepts_raised":50771},{"base_id":822,"kind":"bot_words","i1":1,"i2":7,"sol":{"path":["/c/en/flavoprotein","/c/en/protein","/c/en/pull_down","/c/en/destroy","/c/en/wreck"],"weight":0.21298999999999915},"num_concepts_raised":39750},{"base_id":822,"kind":"bot_words","i1":1,"i2":8,"sol":{"path":["/c/en/flavoprotein","/c/en/protein","/c/en/prokineticin","/c/en/gastrointestinal"],"weight":0.20843999999999963},"num_concepts_raised":9184},{"base_id":822,"kind":"bot_words","i1":1,"i2":9,"sol":{"path":["/c/en/flavoprotein","/c/en/protein","/c/en/silk","/c/en/china","/c/en/luo"],"weight":0.20825999999999972},"num_concepts_raised":20277},{"base_id":822,"kind":"bot_words","i1":2,"i2":3,"sol":{"path":["/c/en/peacemaker","/c/en/peace","/c/en/joy","/c/en/enjoyment","/c/en/gusto"],"weight":0.21298999999999968},"num_concepts_raised":18647},{"base_id":822,"kind":"bot_words","i1":2,"i2":4,"sol":{"path":["/c/en/peacemaker","/c/en/peace","/c/en/war","/c/en/city","/c/en/i̇skenderun"],"weight":0.21782999999999966},"num_concepts_raised":19821},{"base_id":822,"kind":"bot_words","i1":2,"i2":5,"sol":{"path":["/c/en/peacemaker","/c/en/person","/c/en/cell","/c/en/diploid"],"weight":0.2098899999999997},"num_concepts_raised":27990},{"base_id":822,"kind":"bot_words","i1":2,"i2":6,"sol":{"path":["/c/en/peacemaker","/c/en/person","/c/en/animal","/c/en/dissect"],"weight":0.2098499999999997},"num_concepts_raised":60011},{"base_id":822,"kind":"bot_words","i1":2,"i2":7,"sol":{"path":["/c/en/peacemaker","/c/en/peace","/c/en/make","/c/en/wreck"],"weight":0.21575999999999917},"num_concepts_raised":48503},{"base_id":822,"kind":"bot_words","i1":2,"i2":8,"sol":{"path":["/c/en/peacemaker","/c/en/person","/c/en/diarrhea","/c/en/gastrointestinal"],"weight":0.20881999999999967},"num_concepts_raised":18824},{"base_id":822,"kind":"bot_words","i1":2,"i2":9,"sol":{"path":["/c/en/peacemaker","/c/en/peace","/c/en/human","/c/en/luo"],"weight":0.21264999999999973},"num_concepts_raised":29327},{"base_id":822,"kind":"bot_words","i1":3,"i2":4,"sol":{"path":["/c/en/gusto","/c/fr/vigueur","/c/en/zip","/c/en/city","/c/en/i̇skenderun"],"weight":0.21051999999999965},"num_concepts_raised":5051},{"base_id":822,"kind":"bot_words","i1":3,"i2":5,"sol":{"path":["/c/en/gusto","/c/it/gusto","/c/en/fancy","/c/en/class","/c/en/diploid"],"weight":0.20662999999999965},"num_concepts_raised":13402},{"base_id":822,"kind":"bot_words","i1":3,"i2":6,"sol":{"path":["/c/en/gusto","/c/fr/vigueur","/c/en/activity","/c/en/cut","/c/en/dissect"],"weight":0.20681999999999967},"num_concepts_raised":45769},{"base_id":822,"kind":"bot_words","i1":3,"i2":7,"sol":{"path":["/c/en/gusto","/c/en/enjoyment","/c/en/legal","/c/en/wreck"],"weight":0.20630999999999916},"num_concepts_raised":34488},{"base_id":822,"kind":"bot_words","i1":3,"i2":8,"sol":{"path":["/c/en/gusto","/c/en/relish","/c/en/appetite","/c/en/stomach","/c/en/gastrointestinal"],"weight":0.20378999999999964},"num_concepts_raised":4011},{"base_id":822,"kind":"bot_words","i1":3,"i2":9,"sol":{"path":["/c/en/gusto","/c/it/gusto","/c/en/taste","/c/en/human","/c/en/luo"],"weight":0.20558999999999972},"num_concepts_raised":15109},{"base_id":822,"kind":"bot_words","i1":4,"i2":5,"sol":{"path":["/c/en/i̇skenderun","/c/en/city","/c/en/code","/c/en/genetics","/c/en/diploid"],"weight":0.21081999999999965},"num_concepts_raised":14558},{"base_id":822,"kind":"bot_words","i1":4,"i2":6,"sol":{"path":["/c/en/i̇skenderun","/c/en/city","/c/en/human","/c/en/cut","/c/en/dissect"],"weight":0.20963999999999966},"num_concepts_raised":46928},{"base_id":822,"kind":"bot_words","i1":4,"i2":7,"sol":{"path":["/c/en/i̇skenderun","/c/en/city","/c/en/ruin","/c/en/wreck"],"weight":0.2143599999999991},"num_concepts_raised":35632},{"base_id":822,"kind":"bot_words","i1":4,"i2":8,"sol":{"path":["/c/en/i̇skenderun","/c/en/city","/c/en/uk","/c/en/diarrhea","/c/en/gastrointestinal"],"weight":0.20852999999999963},"num_concepts_raised":5194},{"base_id":822,"kind":"bot_words","i1":4,"i2":9,"sol":{"path":["/c/en/i̇skenderun","/c/en/city","/c/en/human","/c/en/luo"],"weight":0.2082399999999997},"num_concepts_raised":16067},{"base_id":822,"kind":"bot_words","i1":5,"i2":6,"sol":{"path":["/c/en/diploid","/c/en/organism","/c/en/dissect"],"weight":0.202},"num_concepts_raised":211},{"base_id":822,"kind":"bot_words","i1":5,"i2":7,"sol":{"path":["/c/en/diploid","/c/en/class","/c/en/break","/c/en/wreck"],"weight":0.20779999999999915},"num_concepts_raised":43775},{"base_id":822,"kind":"bot_words","i1":5,"i2":8,"sol":{"path":["/c/en/diploid","/c/en/diploe","/c/en/anatomy","/c/it/gastrointestinale","/c/en/gastrointestinal"],"weight":0.20661999999999964},"num_concepts_raised":13533},{"base_id":822,"kind":"bot_words","i1":5,"i2":9,"sol":{"path":["/c/en/diploid","/c/en/cell","/c/en/human","/c/en/luo"],"weight":0.20444999999999972},"num_concepts_raised":24446},{"base_id":822,"kind":"bot_words","i1":6,"i2":7,"sol":{"path":["/c/en/dissect","/c/en/architecture","/c/en/ruin","/c/en/wreck"],"weight":0.21044999999999914},"num_concepts_raised":75342},{"base_id":822,"kind":"bot_words","i1":6,"i2":8,"sol":{"path":["/c/en/dissect","/c/en/anatomy","/c/it/gastrointestinale","/c/en/gastrointestinal"],"weight":0.20665999999999962},"num_concepts_raised":45633},{"base_id":822,"kind":"bot_words","i1":6,"i2":9,"sol":{"path":["/c/en/dissect","/c/en/cut","/c/en/human","/c/en/luo"],"weight":0.20450999999999972},"num_concepts_raised":56360},{"base_id":822,"kind":"bot_words","i1":7,"i2":8,"sol":{"path":["/c/en/wreck","/c/en/ruin","/c/en/upset","/c/en/stomach","/c/en/gastrointestinal"],"weight":0.20954999999999913},"num_concepts_raised":34683},{"base_id":822,"kind":"bot_words","i1":7,"i2":9,"sol":{"path":["/c/en/wreck","/c/en/disaster","/c/en/china","/c/en/luo"],"weight":0.2061199999999992},"num_concepts_raised":45377},{"base_id":822,"kind":"bot_words","i1":8,"i2":9,"sol":{"path":["/c/en/gastrointestinal","/c/en/diarrhea","/c/en/person","/c/en/china","/c/en/luo"],"weight":0.2035699999999997},"num_concepts_raised":15253}],[{"base_id":822,"kind":"top_words","i1":0,"i2":1,"sol":{"path":["/c/en/restaurant","/c/en/pizzeria"],"weight":0.20700000000000002},"num_concepts_raised":789},{"base_id":822,"kind":"top_words","i1":0,"i2":2,"sol":{"path":["/c/en/restaurant","/c/th/ร้านอาหาร","/c/en/delicatessen"],"weight":0.20800000000000002},"num_concepts_raised":832},{"base_id":822,"kind":"top_words","i1":0,"i2":3,"sol":{"path":["/c/en/restaurant","/c/en/bar","/c/en/cake","/c/en/bakery"],"weight":0.2382499999999993},"num_concepts_raised":83527},{"base_id":822,"kind":"top_words","i1":0,"i2":4,"sol":{"path":["/c/en/restaurant","/c/en/restaurants"],"weight":0.20600000000000002},"num_concepts_raised":752},{"base_id":822,"kind":"top_words","i1":0,"i2":5,"sol":{"path":["/c/en/restaurant","/c/en/food","/c/en/kebab"],"weight":0.20800000000000002},"num_concepts_raised":860},{"base_id":822,"kind":"top_words","i1":0,"i2":6,"sol":{"path":["/c/en/restaurant","/c/en/brasserie"],"weight":0.20700000000000002},"num_concepts_raised":734},{"base_id":822,"kind":"top_words","i1":0,"i2":7,"sol":{"path":["/c/en/restaurant","/c/en/steakhouse"],"weight":0.20800000000000002},"num_concepts_raised":759},{"base_id":822,"kind":"top_words","i1":0,"i2":8,"sol":{"path":["/c/en/restaurant","/c/en/chef"],"weight":0.20800000000000002},"num_concepts_raised":995},{"base_id":822,"kind":"top_words","i1":0,"i2":9,"sol":{"path":["/c/en/restaurant","/c/en/kfc"],"weight":0.20800000000000002},"num_concepts_raised":765},{"base_id":822,"kind":"top_words","i1":1,"i2":2,"sol":{"path":["/c/en/pizzeria","/c/en/shop","/c/en/delicatessen"],"weight":0.203},"num_concepts_raised":208},{"base_id":822,"kind":"top_words","i1":1,"i2":3,"sol":{"path":["/c/en/pizzeria","/c/en/shop","/c/en/bakery"],"weight":0.20400000000000001},"num_concepts_raised":292},{"base_id":822,"kind":"top_words","i1":1,"i2":4,"sol":{"path":["/c/en/pizzeria","/c/en/restaurant","/c/en/restaurants"],"weight":0.203},"num_concepts_raised":138},{"base_id":822,"kind":"top_words","i1":1,"i2":5,"sol":{"path":["/c/en/pizzeria","/c/en/pizza_parlor","/c/en/us","/c/en/kebab"],"weight":0.21377000000000002},"num_concepts_raised":50650},{"base_id":822,"kind":"top_words","i1":1,"i2":6,"sol":{"path":["/c/en/pizzeria","/c/en/restaurant","/c/en/brasserie"],"weight":0.203},"num_concepts_raised":113},{"base_id":822,"kind":"top_words","i1":1,"i2":7,"sol":{"path":["/c/en/pizzeria","/c/en/restaurant","/c/en/steakhouse"],"weight":0.20400000000000001},"num_concepts_raised":141},{"base_id":822,"kind":"top_words","i1":1,"i2":8,"sol":{"path":["/c/en/pizzeria","/c/en/restaurant","/c/en/chef"],"weight":0.20500000000000002},"num_concepts_raised":377},{"base_id":822,"kind":"top_words","i1":1,"i2":9,"sol":{"path":["/c/en/pizzeria","/c/en/restaurant","/c/en/kfc"],"weight":0.20500000000000002},"num_concepts_raised":140},{"base_id":822,"kind":"top_words","i1":2,"i2":3,"sol":{"path":["/c/en/delicatessen","/c/en/shop","/c/en/bakery"],"weight":0.20500000000000002},"num_concepts_raised":329},{"base_id":822,"kind":"top_words","i1":2,"i2":4,"sol":{"path":["/c/en/delicatessen","/c/en/deli","/c/en/restaurant","/c/en/restaurants"],"weight":0.2070299999999996},"num_concepts_raised":26260},{"base_id":822,"kind":"top_words","i1":2,"i2":5,"sol":{"path":["/c/en/delicatessen","/c/en/food","/c/en/kebab"],"weight":0.20400000000000001},"num_concepts_raised":272},{"base_id":822,"kind":"top_words","i1":2,"i2":6,"sol":{"path":["/c/en/delicatessen","/c/en/food","/c/en/brasserie"],"weight":0.202},"num_concepts_raised":151},{"base_id":822,"kind":"top_words","i1":2,"i2":7,"sol":{"path":["/c/en/delicatessen","/c/en/michigan","/c/en/steakhouse"],"weight":0.202},"num_concepts_raised":180},{"base_id":822,"kind":"top_words","i1":2,"i2":8,"sol":{"path":["/c/en/delicatessen","/c/en/cook","/c/en/chef"],"weight":0.20600000000000002},"num_concepts_raised":415},{"base_id":822,"kind":"top_words","i1":2,"i2":9,"sol":{"path":["/c/en/delicatessen","/c/en/deli","/c/en/restaurant","/c/en/kfc"],"weight":0.2119699999999996},"num_concepts_raised":12963},{"base_id":822,"kind":"top_words","i1":3,"i2":4,"sol":{"path":["/c/en/bakery","/c/en/bread","/c/en/stores","/c/en/restaurants"],"weight":0.21482},"num_concepts_raised":30328},{"base_id":822,"kind":"top_words","i1":3,"i2":5,"sol":{"path":["/c/en/bakery","/c/en/bread","/c/en/slang","/c/en/kebab"],"weight":0.2244600000000003},"num_concepts_raised":58008},{"base_id":822,"kind":"top_words","i1":3,"i2":6,"sol":{"path":["/c/en/bakery","/c/en/bread","/c/en/food","/c/en/brasserie"],"weight":0.21480000000000016},"num_concepts_raised":21363},{"base_id":822,"kind":"top_words","i1":3,"i2":7,"sol":{"path":["/c/en/bakery","/c/en/bread","/c/en/eating","/c/en/steakhouse"],"weight":0.2150700000000001},"num_concepts_raised":25300},{"base_id":822,"kind":"top_words","i1":3,"i2":8,"sol":{"path":["/c/en/bakery","/c/en/cake","/c/en/chef"],"weight":0.20700000000000002},"num_concepts_raised":498},{"base_id":822,"kind":"top_words","i1":3,"i2":9,"sol":{"path":["/c/en/bakery","/c/it/forno","/c/en/oven","/c/en/restaurant","/c/en/kfc"],"weight":0.22196000000000005},"num_concepts_raised":17080},{"base_id":822,"kind":"top_words","i1":4,"i2":5,"sol":{"path":["/c/en/restaurants","/c/en/potato","/c/en/slang","/c/en/kebab"],"weight":0.21280999999999986},"num_concepts_raised":59235},{"base_id":822,"kind":"top_words","i1":4,"i2":6,"sol":{"path":["/c/en/restaurants","/c/en/restaurant","/c/en/brasserie"],"weight":0.202},"num_concepts_raised":80},{"base_id":822,"kind":"top_words","i1":4,"i2":7,"sol":{"path":["/c/en/restaurants","/c/en/restaurant","/c/en/steakhouse"],"weight":0.203},"num_concepts_raised":109},{"base_id":822,"kind":"top_words","i1":4,"i2":8,"sol":{"path":["/c/en/restaurants","/c/en/restaurant","/c/en/chef"],"weight":0.20400000000000001},"num_concepts_raised":343},{"base_id":822,"kind":"top_words","i1":4,"i2":9,"sol":{"path":["/c/en/restaurants","/c/en/restaurant","/c/en/kfc"],"weight":0.20400000000000001},"num_concepts_raised":107},{"base_id":822,"kind":"top_words","i1":5,"i2":6,"sol":{"path":["/c/en/kebab","/c/en/food","/c/en/brasserie"],"weight":0.20400000000000001},"num_concepts_raised":176},{"base_id":822,"kind":"top_words","i1":5,"i2":7,"sol":{"path":["/c/en/kebab","/c/en/food","/c/en/restaurant","/c/en/steakhouse"],"weight":0.21220999999999993},"num_concepts_raised":54491},{"base_id":822,"kind":"top_words","i1":5,"i2":8,"sol":{"path":["/c/en/kebab","/c/en/slang","/c/en/chef"],"weight":0.20700000000000002},"num_concepts_raised":440},{"base_id":822,"kind":"top_words","i1":5,"i2":9,"sol":{"path":["/c/en/kebab","/c/en/slang","/c/en/wing","/c/en/kfc"],"weight":0.21780999999999986},"num_concepts_raised":46625},{"base_id":822,"kind":"top_words","i1":6,"i2":7,"sol":{"path":["/c/en/brasserie","/c/en/restaurant","/c/en/steakhouse"],"weight":0.203},"num_concepts_raised":84},{"base_id":822,"kind":"top_words","i1":6,"i2":8,"sol":{"path":["/c/en/brasserie","/c/en/restaurant","/c/en/chef"],"weight":0.20400000000000001},"num_concepts_raised":319},{"base_id":822,"kind":"top_words","i1":6,"i2":9,"sol":{"path":["/c/en/brasserie","/c/en/restaurant","/c/en/kfc"],"weight":0.20400000000000001},"num_concepts_raised":82},{"base_id":822,"kind":"top_words","i1":7,"i2":8,"sol":{"path":["/c/en/steakhouse","/c/en/restaurant","/c/en/chef"],"weight":0.20500000000000002},"num_concepts_raised":347},{"base_id":822,"kind":"top_words","i1":7,"i2":9,"sol":{"path":["/c/en/steakhouse","/c/en/restaurant","/c/en/kfc"],"weight":0.20500000000000002},"num_concepts_raised":111},{"base_id":822,"kind":"top_words","i1":8,"i2":9,"sol":{"path":["/c/en/chef","/c/en/restaurant","/c/en/kfc"],"weight":0.20600000000000002},"num_concepts_raised":346}]]