[[{"base_id":855,"kind":"bot_words","i1":0,"i2":1,"sol":{"path":["/c/en/restlessly","/c/en/restless","/c/en/rest","/c/en/exercise","/c/en/scrimmage"],"weight":0.20396999999999976},"num_concepts_raised":11997},{"base_id":855,"kind":"bot_words","i1":0,"i2":2,"sol":{"path":["/c/en/restlessly","/c/hy/անհանգիստ","/c/en/active","/c/en/nighthawk","/c/en/nighthawks"],"weight":0.20769999999999983},"num_concepts_raised":871},{"base_id":855,"kind":"bot_words","i1":0,"i2":3,"sol":{"path":["/c/en/restlessly","/c/en/restless","/c/en/moving","/c/en/voice"],"weight":0.2204199999999979},"num_concepts_raised":127430},{"base_id":855,"kind":"bot_words","i1":0,"i2":4,"sol":{"path":["/c/en/restlessly","/c/en/restless","/c/en/irritated","/c/en/attitude","/c/en/jingoism"],"weight":0.20418999999999993},"num_concepts_raised":2427},{"base_id":855,"kind":"bot_words","i1":0,"i2":5,"sol":{"path":["/c/en/restlessly","/c/en/restless","/c/en/move","/c/en/concession","/c/en/privilege"],"weight":0.20791999999999924},"num_concepts_raised":52369},{"base_id":855,"kind":"bot_words","i1":0,"i2":6,"sol":{"path":["/c/en/restlessly","/c/en/restless","/c/en/native","/c/en/maize","/c/en/cornmeal"],"weight":0.20442999999999978},"num_concepts_raised":5172},{"base_id":855,"kind":"bot_words","i1":0,"i2":7,"sol":{"path":["/c/en/restlessly","/c/en/restless","/c/it/saetta","/c/en/botany","/c/en/xylem"],"weight":0.20530999999999988},"num_concepts_raised":17719},{"base_id":855,"kind":"bot_words","i1":0,"i2":8,"sol":{"path":["/c/en/restlessly","/c/en/restless","/c/en/native","/c/en/canada","/c/en/langdon"],"weight":0.20371999999999985},"num_concepts_raised":117802},{"base_id":855,"kind":"bot_words","i1":0,"i2":9,"sol":{"path":["/c/en/restlessly","/c/en/restless","/c/en/move","/c/en/punch","/c/en/haymaker"],"weight":0.20497999999999977},"num_concepts_raised":14141},{"base_id":855,"kind":"bot_words","i1":1,"i2":2,"sol":{"path":["/c/en/scrimmage","/c/en/american_football","/c/en/draw","/c/en/artwork","/c/en/nighthawks"],"weight":0.20792999999999973},"num_concepts_raised":11740},{"base_id":855,"kind":"bot_words","i1":1,"i2":3,"sol":{"path":["/c/en/scrimmage","/c/en/snap","/c/en/sound","/c/en/voice"],"weight":0.2280299999999977},"num_concepts_raised":136575},{"base_id":855,"kind":"bot_words","i1":1,"i2":4,"sol":{"path":["/c/en/scrimmage","/c/en/fight","/c/en/aggressive","/c/en/jingoism"],"weight":0.2033999999999998},"num_concepts_raised":13254},{"base_id":855,"kind":"bot_words","i1":1,"i2":5,"sol":{"path":["/c/en/scrimmage","/c/en/sports","/c/en/franchise","/c/en/privilege"],"weight":0.20607999999999915},"num_concepts_raised":62030},{"base_id":855,"kind":"bot_words","i1":1,"i2":6,"sol":{"path":["/c/en/scrimmage","/c/en/snap","/c/en/meal","/c/en/cornmeal"],"weight":0.2054799999999997},"num_concepts_raised":15878},{"base_id":855,"kind":"bot_words","i1":1,"i2":7,"sol":{"path":["/c/en/scrimmage","/c/en/post","/c/en/wood","/c/en/xylem"],"weight":0.2041799999999998},"num_concepts_raised":28407},{"base_id":855,"kind":"bot_words","i1":1,"i2":8,"sol":{"path":["/c/en/scrimmage","/c/en/united_states","/c/en/kansas","/c/en/langdon"],"weight":0.20300999999999975},"num_concepts_raised":128181},{"base_id":855,"kind":"bot_words","i1":1,"i2":9,"sol":{"path":["/c/en/scrimmage","/c/en/fight","/c/en/punch","/c/en/haymaker"],"weight":0.2041899999999997},"num_concepts_raised":24633},{"base_id":855,"kind":"bot_words","i1":2,"i2":3,"sol":{"path":["/c/en/nighthawks","/c/en/artwork","/c/en/scream","/c/en/voice"],"weight":0.22447999999999785},"num_concepts_raised":127171},{"base_id":855,"kind":"bot_words","i1":2,"i2":4,"sol":{"path":["/c/en/nighthawks","/c/en/nighthawk","/c/en/uk","/c/en/nationalism","/c/en/jingoism"],"weight":0.20924999999999988},"num_concepts_raised":2164},{"base_id":855,"kind":"bot_words","i1":2,"i2":5,"sol":{"path":["/c/en/nighthawks","/c/en/nighthawk","/c/en/us","/c/en/privilege"],"weight":0.2107799999999992},"num_concepts_raised":52089},{"base_id":855,"kind":"bot_words","i1":2,"i2":6,"sol":{"path":["/c/en/nighthawks","/c/en/nighthawk","/c/en/uk","/c/en/meal","/c/en/cornmeal"],"weight":0.21029999999999974},"num_concepts_raised":4904},{"base_id":855,"kind":"bot_words","i1":2,"i2":7,"sol":{"path":["/c/en/nighthawks","/c/en/nighthawk","/c/en/us","/c/en/plant","/c/en/xylem"],"weight":0.21001999999999987},"num_concepts_raised":17451},{"base_id":855,"kind":"bot_words","i1":2,"i2":8,"sol":{"path":["/c/en/nighthawks","/c/en/nighthawk","/c/en/uk","/c/en/england","/c/en/langdon"],"weight":0.2077399999999998},"num_concepts_raised":117534},{"base_id":855,"kind":"bot_words","i1":2,"i2":9,"sol":{"path":["/c/en/nighthawks","/c/en/artwork","/c/en/punchwork","/c/en/punch","/c/en/haymaker"],"weight":0.20888999999999974},"num_concepts_raised":13874},{"base_id":855,"kind":"bot_words","i1":3,"i2":4,"sol":{"path":["/c/en/voice","/c/en/flag","/c/en/patriotism","/c/en/jingoism"],"weight":0.22083999999999793},"num_concepts_raised":128500},{"base_id":855,"kind":"bot_words","i1":3,"i2":5,"sol":{"path":["/c/en/voice","/c/en/user","/c/en/privilege"],"weight":0.203},"num_concepts_raised":1362},{"base_id":855,"kind":"bot_words","i1":3,"i2":6,"sol":{"path":["/c/en/voice","/c/en/noise","/c/en/mush","/c/en/cornmeal"],"weight":0.22223999999999783},"num_concepts_raised":130879},{"base_id":855,"kind":"bot_words","i1":3,"i2":7,"sol":{"path":["/c/en/voice","/c/en/music","/c/en/wood","/c/en/xylem"],"weight":0.22250999999999793},"num_concepts_raised":142764},{"base_id":855,"kind":"bot_words","i1":3,"i2":8,"sol":{"path":["/c/en/voice","/c/en/sound","/c/fr/localités","/c/en/langdon"],"weight":0.22782999999999776},"num_concepts_raised":243287},{"base_id":855,"kind":"bot_words","i1":3,"i2":9,"sol":{"path":["/c/en/voice","/c/en/sound","/c/en/blow","/c/en/haymaker"],"weight":0.2281199999999977},"num_concepts_raised":138429},{"base_id":855,"kind":"bot_words","i1":4,"i2":5,"sol":{"path":["/c/en/jingoism","/c/en/aggressive","/c/en/opportunity","/c/en/privilege"],"weight":0.2061899999999993},"num_concepts_raised":53564},{"base_id":855,"kind":"bot_words","i1":4,"i2":6,"sol":{"path":["/c/en/jingoism","/c/en/nationalism","/c/en/uk","/c/en/meal","/c/en/cornmeal"],"weight":0.20686999999999983},"num_concepts_raised":6458},{"base_id":855,"kind":"bot_words","i1":4,"i2":7,"sol":{"path":["/c/en/jingoism","/c/en/chauvinism","/c/en/pejorative","/c/pl/drewno","/c/en/xylem"],"weight":0.20571999999999996},"num_concepts_raised":19005},{"base_id":855,"kind":"bot_words","i1":4,"i2":8,"sol":{"path":["/c/en/jingoism","/c/en/patriotism","/c/en/country","/c/en/england","/c/en/langdon"],"weight":0.2043299999999999},"num_concepts_raised":119082},{"base_id":855,"kind":"bot_words","i1":4,"i2":9,"sol":{"path":["/c/en/jingoism","/c/en/nationalism","/c/en/uk","/c/en/blow","/c/en/haymaker"],"weight":0.20445999999999984},"num_concepts_raised":15395},{"base_id":855,"kind":"bot_words","i1":5,"i2":6,"sol":{"path":["/c/en/privilege","/c/en/ground","/c/en/cornmeal"],"weight":0.202},"num_concepts_raised":325},{"base_id":855,"kind":"bot_words","i1":5,"i2":7,"sol":{"path":["/c/en/privilege","/c/en/us","/c/en/plant","/c/en/xylem"],"weight":0.20813999999999927},"num_concepts_raised":68392},{"base_id":855,"kind":"bot_words","i1":5,"i2":8,"sol":{"path":["/c/en/privilege","/c/en/concession","/c/en/canada","/c/en/langdon"],"weight":0.20684999999999923},"num_concepts_raised":168030},{"base_id":855,"kind":"bot_words","i1":5,"i2":9,"sol":{"path":["/c/en/privilege","/c/en/concession","/c/en/opponent","/c/en/haymaker"],"weight":0.20694999999999916},"num_concepts_raised":64331},{"base_id":855,"kind":"bot_words","i1":6,"i2":7,"sol":{"path":["/c/en/cornmeal","/c/en/corn","/c/en/plant","/c/en/xylem"],"weight":0.20674999999999982},"num_concepts_raised":21569},{"base_id":855,"kind":"bot_words","i1":6,"i2":8,"sol":{"path":["/c/en/cornmeal","/c/en/corn","/c/en/canada","/c/en/langdon"],"weight":0.20442999999999978},"num_concepts_raised":121732},{"base_id":855,"kind":"bot_words","i1":6,"i2":9,"sol":{"path":["/c/en/cornmeal","/c/en/meal","/c/en/animal","/c/en/haymaker"],"weight":0.20547999999999972},"num_concepts_raised":17917},{"base_id":855,"kind":"bot_words","i1":7,"i2":8,"sol":{"path":["/c/en/xylem","/c/fr/xylème","/c/fr/bois","/c/fr/localités","/c/en/langdon"],"weight":0.2061499999999999},"num_concepts_raised":134266},{"base_id":855,"kind":"bot_words","i1":7,"i2":9,"sol":{"path":["/c/en/xylem","/c/en/plant","/c/en/animal","/c/en/haymaker"],"weight":0.20528999999999983},"num_concepts_raised":30147},{"base_id":855,"kind":"bot_words","i1":8,"i2":9,"sol":{"path":["/c/en/langdon","/c/en/england","/c/en/box","/c/en/punch","/c/en/haymaker"],"weight":0.2040499999999998},"num_concepts_raised":130643}],[{"base_id":855,"kind":"top_words","i1":0,"i2":1,"sol":{"path":["/c/en/buccinidae","/c/en/whelk","/c/en/mollusk"],"weight":0.20400000000000001},"num_concepts_raised":211},{"base_id":855,"kind":"top_words","i1":0,"i2":2,"sol":{"path":["/c/en/buccinidae","/c/en/whelk","/c/en/gastropod"],"weight":0.20400000000000001},"num_concepts_raised":191},{"base_id":855,"kind":"top_words","i1":0,"i2":3,"sol":{"path":["/c/en/buccinidae","/c/en/buccinid","/c/en/zoology","/c/en/fly","/c/en/tephritidae"],"weight":0.21290999999999977},"num_concepts_raised":4049},{"base_id":855,"kind":"top_words","i1":0,"i2":4,"sol":{"path":["/c/en/buccinidae","/c/en/mollusca","/c/en/murex"],"weight":0.20600000000000002},"num_concepts_raised":65},{"base_id":855,"kind":"top_words","i1":0,"i2":5,"sol":{"path":["/c/en/buccinidae","/c/en/mollusca","/c/en/snail","/c/en/insect","/c/en/anobiidae"],"weight":0.2130499999999998},"num_concepts_raised":2940},{"base_id":855,"kind":"top_words","i1":0,"i2":6,"sol":{"path":["/c/en/buccinidae","/c/en/mollusca","/c/en/snail","/c/en/insect","/c/en/scarabaeoidea"],"weight":0.21283999999999978},"num_concepts_raised":2758},{"base_id":855,"kind":"top_words","i1":0,"i2":7,"sol":{"path":["/c/en/buccinidae","/c/en/whelk","/c/pt/búzio","/c/en/cowry"],"weight":0.21531999999999984},"num_concepts_raised":835},{"base_id":855,"kind":"top_words","i1":0,"i2":8,"sol":{"path":["/c/en/buccinidae","/c/en/mollusca","/c/en/ampullariidae"],"weight":0.20600000000000002},"num_concepts_raised":55},{"base_id":855,"kind":"top_words","i1":0,"i2":9,"sol":{"path":["/c/en/buccinidae","/c/en/buccinid","/c/en/zoology","/c/en/leptotyphlopid","/c/en/leptotyphlopidae"],"weight":0.2130599999999998},"num_concepts_raised":1241},{"base_id":855,"kind":"top_words","i1":1,"i2":2,"sol":{"path":["/c/en/mollusk","/c/en/gastropod"],"weight":0.203},"num_concepts_raised":322},{"base_id":855,"kind":"top_words","i1":1,"i2":3,"sol":{"path":["/c/en/mollusk","/c/en/snail","/c/en/insect","/c/en/tephritidae"],"weight":0.20971999999999924},"num_concepts_raised":22796},{"base_id":855,"kind":"top_words","i1":1,"i2":4,"sol":{"path":["/c/en/mollusk","/c/en/gastropod","/c/en/murex"],"weight":0.20500000000000002},"num_concepts_raised":214},{"base_id":855,"kind":"top_words","i1":1,"i2":5,"sol":{"path":["/c/en/mollusk","/c/en/snail","/c/en/insect","/c/en/anobiidae"],"weight":0.20988999999999927},"num_concepts_raised":21738},{"base_id":855,"kind":"top_words","i1":1,"i2":6,"sol":{"path":["/c/en/mollusk","/c/en/snail","/c/en/insect","/c/en/scarabaeoidea"],"weight":0.20967999999999926},"num_concepts_raised":21559},{"base_id":855,"kind":"top_words","i1":1,"i2":7,"sol":{"path":["/c/en/mollusk","/c/en/mollusc","/c/en/cowry"],"weight":0.20500000000000002},"num_concepts_raised":226},{"base_id":855,"kind":"top_words","i1":1,"i2":8,"sol":{"path":["/c/en/mollusk","/c/en/gastropod","/c/en/ampullariidae"],"weight":0.20500000000000002},"num_concepts_raised":205},{"base_id":855,"kind":"top_words","i1":1,"i2":9,"sol":{"path":["/c/en/mollusk","/c/en/animal","/c/en/reptile","/c/en/leptotyphlopidae"],"weight":0.20984999999999931},"num_concepts_raised":20117},{"base_id":855,"kind":"top_words","i1":2,"i2":3,"sol":{"path":["/c/en/gastropod","/c/en/snail","/c/en/insect","/c/en/tephritidae"],"weight":0.21074999999999938},"num_concepts_raised":17190},{"base_id":855,"kind":"top_words","i1":2,"i2":4,"sol":{"path":["/c/en/gastropod","/c/en/murex"],"weight":0.20400000000000001},"num_concepts_raised":194},{"base_id":855,"kind":"top_words","i1":2,"i2":5,"sol":{"path":["/c/en/gastropod","/c/en/snail","/c/en/insect","/c/en/anobiidae"],"weight":0.2109199999999994},"num_concepts_raised":16110},{"base_id":855,"kind":"top_words","i1":2,"i2":6,"sol":{"path":["/c/en/gastropod","/c/en/snail","/c/en/insect","/c/en/scarabaeoidea"],"weight":0.2107099999999994},"num_concepts_raised":15928},{"base_id":855,"kind":"top_words","i1":2,"i2":7,"sol":{"path":["/c/en/gastropod","/c/en/cowrie","/c/en/cowry"],"weight":0.20500000000000002},"num_concepts_raised":204},{"base_id":855,"kind":"top_words","i1":2,"i2":8,"sol":{"path":["/c/en/gastropod","/c/en/ampullariidae"],"weight":0.20400000000000001},"num_concepts_raised":184},{"base_id":855,"kind":"top_words","i1":2,"i2":9,"sol":{"path":["/c/en/gastropod","/c/en/univalve","/c/en/zoology","/c/en/leptotyphlopid","/c/en/leptotyphlopidae"],"weight":0.21209999999999946},"num_concepts_raised":14459},{"base_id":855,"kind":"top_words","i1":3,"i2":4,"sol":{"path":["/c/en/tephritidae","/c/en/fly","/c/en/warble_fly","/c/en/genus","/c/en/murex"],"weight":0.21292999999999973},"num_concepts_raised":6787},{"base_id":855,"kind":"top_words","i1":3,"i2":5,"sol":{"path":["/c/en/tephritidae","/c/en/insect","/c/en/anobiidae"],"weight":0.20600000000000002},"num_concepts_raised":73},{"base_id":855,"kind":"top_words","i1":3,"i2":6,"sol":{"path":["/c/en/tephritidae","/c/en/insect","/c/en/scarabaeoidea"],"weight":0.20600000000000002},"num_concepts_raised":61},{"base_id":855,"kind":"top_words","i1":3,"i2":7,"sol":{"path":["/c/en/tephritidae","/c/en/fly","/c/en/historical","/c/hi/कौड़ी","/c/en/cowry"],"weight":0.21741999999999984},"num_concepts_raised":4153},{"base_id":855,"kind":"top_words","i1":3,"i2":8,"sol":{"path":["/c/en/tephritidae","/c/en/fly","/c/en/zoology","/c/en/ampullariid","/c/en/ampullariidae"],"weight":0.21279999999999977},"num_concepts_raised":4073},{"base_id":855,"kind":"top_words","i1":3,"i2":9,"sol":{"path":["/c/en/tephritidae","/c/en/fly","/c/en/animal","/c/en/reptile","/c/en/leptotyphlopidae"],"weight":0.21317999999999976},"num_concepts_raised":4534},{"base_id":855,"kind":"top_words","i1":4,"i2":5,"sol":{"path":["/c/en/murex","/c/syc/ܬܘܠܥܐ","/c/en/firefly","/c/en/beetle","/c/en/anobiidae"],"weight":0.21307999999999974},"num_concepts_raised":5681},{"base_id":855,"kind":"top_words","i1":4,"i2":6,"sol":{"path":["/c/en/murex","/c/en/mollusca","/c/en/snail","/c/en/insect","/c/en/scarabaeoidea"],"weight":0.21284999999999976},"num_concepts_raised":5499},{"base_id":855,"kind":"top_words","i1":4,"i2":7,"sol":{"path":["/c/en/murex","/c/en/gastropod","/c/en/cowrie","/c/en/cowry"],"weight":0.2133999999999998},"num_concepts_raised":3601},{"base_id":855,"kind":"top_words","i1":4,"i2":8,"sol":{"path":["/c/en/murex","/c/en/mollusca","/c/en/ampullariidae"],"weight":0.20600000000000002},"num_concepts_raised":58},{"base_id":855,"kind":"top_words","i1":4,"i2":9,"sol":{"path":["/c/en/murex","/c/en/genus","/c/en/family","/c/en/reptile_family","/c/en/leptotyphlopidae"],"weight":0.21308999999999978},"num_concepts_raised":4014},{"base_id":855,"kind":"top_words","i1":5,"i2":6,"sol":{"path":["/c/en/anobiidae","/c/en/insect","/c/en/scarabaeoidea"],"weight":0.20600000000000002},"num_concepts_raised":68},{"base_id":855,"kind":"top_words","i1":5,"i2":7,"sol":{"path":["/c/en/anobiidae","/c/en/insect","/c/en/derogatory","/c/zh/寶貝","/c/en/cowry"],"weight":0.21547999999999984},"num_concepts_raised":3046},{"base_id":855,"kind":"top_words","i1":5,"i2":8,"sol":{"path":["/c/en/anobiidae","/c/en/insect","/c/en/snail","/c/en/mollusca","/c/en/ampullariidae"],"weight":0.2129599999999998},"num_concepts_raised":2964},{"base_id":855,"kind":"top_words","i1":5,"i2":9,"sol":{"path":["/c/en/anobiidae","/c/en/insect","/c/en/animal","/c/en/reptile","/c/en/leptotyphlopidae"],"weight":0.2132899999999998},"num_concepts_raised":3427},{"base_id":855,"kind":"top_words","i1":6,"i2":7,"sol":{"path":["/c/en/scarabaeoidea","/c/en/insect","/c/en/derogatory","/c/zh/寶貝","/c/en/cowry"],"weight":0.21526999999999985},"num_concepts_raised":2863},{"base_id":855,"kind":"top_words","i1":6,"i2":8,"sol":{"path":["/c/en/scarabaeoidea","/c/en/insect","/c/en/snail","/c/en/mollusca","/c/en/ampullariidae"],"weight":0.21274999999999977},"num_concepts_raised":2782},{"base_id":855,"kind":"top_words","i1":6,"i2":9,"sol":{"path":["/c/en/scarabaeoidea","/c/en/insect","/c/en/animal","/c/en/reptile","/c/en/leptotyphlopidae"],"weight":0.2130799999999998},"num_concepts_raised":3245},{"base_id":855,"kind":"top_words","i1":7,"i2":8,"sol":{"path":["/c/en/cowry","/c/en/cowrie","/c/en/gastropod","/c/en/ampullariidae"],"weight":0.21329999999999985},"num_concepts_raised":848},{"base_id":855,"kind":"top_words","i1":7,"i2":9,"sol":{"path":["/c/en/cowry","/c/zh/寶貝","/c/en/family","/c/en/reptile_family","/c/en/leptotyphlopidae"],"weight":0.21550999999999987},"num_concepts_raised":1351},{"base_id":855,"kind":"top_words","i1":8,"i2":9,"sol":{"path":["/c/en/ampullariidae","/c/en/ampullariid","/c/en/zoology","/c/en/leptotyphlopid","/c/en/leptotyphlopidae"],"weight":0.2129499999999998},"num_concepts_raised":1265}]]