[[{"base_id":255,"kind":"bot_words","i1":0,"i2":1,"sol":{"path":["/c/en/bisque","/c/en/fish","/c/en/bird","/c/en/seabird"],"weight":0.2183999999999997},"num_concepts_raised":37462},{"base_id":255,"kind":"bot_words","i1":0,"i2":2,"sol":{"path":["/c/en/bisque","/c/en/pink","/c/en/fabric","/c/en/alpaca"],"weight":0.21850000000000003},"num_concepts_raised":33355},{"base_id":255,"kind":"bot_words","i1":0,"i2":3,"sol":{"path":["/c/en/bisque","/c/en/point","/c/en/surveying","/c/en/foresight"],"weight":0.2109499999999997},"num_concepts_raised":31687},{"base_id":255,"kind":"bot_words","i1":0,"i2":4,"sol":{"path":["/c/en/bisque","/c/en/colour","/c/en/plain","/c/en/candid"],"weight":0.21191999999999933},"num_concepts_raised":35293},{"base_id":255,"kind":"bot_words","i1":0,"i2":5,"sol":{"path":["/c/en/bisque","/c/en/advantage","/c/en/exploit","/c/en/exploitative"],"weight":0.20861999999999975},"num_concepts_raised":28421},{"base_id":255,"kind":"bot_words","i1":0,"i2":6,"sol":{"path":["/c/en/bisque","/c/en/soup","/c/en/can","/c/en/immortality","/c/en/undying"],"weight":0.2130099999999997},"num_concepts_raised":27818},{"base_id":255,"kind":"bot_words","i1":0,"i2":7,"sol":{"path":["/c/en/bisque","/c/en/point","/c/da/tak","/c/en/thank"],"weight":0.21824999999999947},"num_concepts_raised":46093},{"base_id":255,"kind":"bot_words","i1":0,"i2":8,"sol":{"path":["/c/en/bisque","/c/en/biscuit","/c/en/australia","/c/en/kimberley"],"weight":0.21804999999999963},"num_concepts_raised":145047},{"base_id":255,"kind":"bot_words","i1":0,"i2":9,"sol":{"path":["/c/en/bisque","/c/en/soup","/c/en/stew","/c/en/anxiety"],"weight":0.22699999999999865},"num_concepts_raised":73340},{"base_id":255,"kind":"bot_words","i1":1,"i2":2,"sol":{"path":["/c/en/seabird","/c/en/bird","/c/en/mammal","/c/en/alpaca"],"weight":0.22043000000000007},"num_concepts_raised":17854},{"base_id":255,"kind":"bot_words","i1":1,"i2":3,"sol":{"path":["/c/en/seabird","/c/en/bird","/c/en/uk","/c/en/foresighty","/c/en/foresight"],"weight":0.21583999999999975},"num_concepts_raised":16411},{"base_id":255,"kind":"bot_words","i1":1,"i2":4,"sol":{"path":["/c/en/seabird","/c/en/bird","/c/en/being","/c/en/frank","/c/en/candid"],"weight":0.2152099999999994},"num_concepts_raised":20170},{"base_id":255,"kind":"bot_words","i1":1,"i2":5,"sol":{"path":["/c/en/seabird","/c/en/animal","/c/en/ecology","/c/en/exploitative"],"weight":0.20996999999999982},"num_concepts_raised":13006},{"base_id":255,"kind":"bot_words","i1":1,"i2":6,"sol":{"path":["/c/en/seabird","/c/en/bird","/c/en/human","/c/en/immortality","/c/en/undying"],"weight":0.2126599999999998},"num_concepts_raised":12422},{"base_id":255,"kind":"bot_words","i1":1,"i2":7,"sol":{"path":["/c/en/seabird","/c/en/bird","/c/en/send_letter","/c/en/thank"],"weight":0.22192999999999954},"num_concepts_raised":31184},{"base_id":255,"kind":"bot_words","i1":1,"i2":8,"sol":{"path":["/c/en/seabird","/c/en/gannet","/c/en/south_africa","/c/en/kimberley"],"weight":0.21710999999999972},"num_concepts_raised":129996},{"base_id":255,"kind":"bot_words","i1":1,"i2":9,"sol":{"path":["/c/en/seabird","/c/en/bird","/c/nl/krop","/c/en/anxiety"],"weight":0.22648999999999872},"num_concepts_raised":58675},{"base_id":255,"kind":"bot_words","i1":2,"i2":3,"sol":{"path":["/c/en/alpaca","/c/en/sheep","/c/en/bearing","/c/en/foresight"],"weight":0.21297000000000008},"num_concepts_raised":12045},{"base_id":255,"kind":"bot_words","i1":2,"i2":4,"sol":{"path":["/c/en/alpaca","/c/fr/alpaga","/c/fr/masculin","/c/en/frank","/c/en/candid"],"weight":0.21778999999999973},"num_concepts_raised":15790},{"base_id":255,"kind":"bot_words","i1":2,"i2":5,"sol":{"path":["/c/en/alpaca","/c/en/camel","/c/en/drink","/c/en/consumptive","/c/en/exploitative"],"weight":0.21168000000000015},"num_concepts_raised":8632},{"base_id":255,"kind":"bot_words","i1":2,"i2":6,"sol":{"path":["/c/en/alpaca","/c/en/fabric","/c/en/everlasting","/c/hy/անմեռ","/c/en/undying"],"weight":0.2118600000000001},"num_concepts_raised":8028},{"base_id":255,"kind":"bot_words","i1":2,"i2":7,"sol":{"path":["/c/en/alpaca","/c/en/sheep","/c/sv/tacka","/c/en/thank"],"weight":0.22420999999999985},"num_concepts_raised":26867},{"base_id":255,"kind":"bot_words","i1":2,"i2":8,"sol":{"path":["/c/en/alpaca","/c/en/wool","/c/fr/localités","/c/en/kimberley"],"weight":0.21591000000000005},"num_concepts_raised":125682},{"base_id":255,"kind":"bot_words","i1":2,"i2":9,"sol":{"path":["/c/en/alpaca","/c/en/mammal","/c/en/person","/c/en/anxiety"],"weight":0.22490999999999906},"num_concepts_raised":54546},{"base_id":255,"kind":"bot_words","i1":3,"i2":4,"sol":{"path":["/c/en/foresight","/c/en/prejudice","/c/en/candid"],"weight":0.202},"num_concepts_raised":299},{"base_id":255,"kind":"bot_words","i1":3,"i2":5,"sol":{"path":["/c/en/foresight","/c/en/hindsight","/c/en/nature","/c/en/ecology","/c/en/exploitative"],"weight":0.20618999999999982},"num_concepts_raised":6924},{"base_id":255,"kind":"bot_words","i1":3,"i2":6,"sol":{"path":["/c/en/foresight","/c/en/providence","/c/en/god","/c/en/immortality","/c/en/undying"],"weight":0.20642999999999978},"num_concepts_raised":6313},{"base_id":255,"kind":"bot_words","i1":3,"i2":7,"sol":{"path":["/c/en/foresight","/c/en/forethought","/c/en/thought","/c/en/thank"],"weight":0.21479999999999955},"num_concepts_raised":24960},{"base_id":255,"kind":"bot_words","i1":3,"i2":8,"sol":{"path":["/c/en/foresight","/c/en/providence","/c/en/city","/c/en/kimberley"],"weight":0.2115799999999997},"num_concepts_raised":124042},{"base_id":255,"kind":"bot_words","i1":3,"i2":9,"sol":{"path":["/c/en/foresight","/c/en/jumping_at_chance","/c/en/panic","/c/en/anxiety"],"weight":0.2235499999999987},"num_concepts_raised":52633},{"base_id":255,"kind":"bot_words","i1":4,"i2":5,"sol":{"path":["/c/en/candid","/c/en/frank","/c/en/derogatory","/c/en/cult","/c/en/exploitative"],"weight":0.20556999999999948},"num_concepts_raised":10678},{"base_id":255,"kind":"bot_words","i1":4,"i2":6,"sol":{"path":["/c/en/candid","/c/en/open","/c/en/can","/c/en/immortality","/c/en/undying"],"weight":0.20535999999999943},"num_concepts_raised":10070},{"base_id":255,"kind":"bot_words","i1":4,"i2":7,"sol":{"path":["/c/en/candid","/c/en/sincere","/c/en/thank"],"weight":0.20400000000000001},"num_concepts_raised":409},{"base_id":255,"kind":"bot_words","i1":4,"i2":8,"sol":{"path":["/c/en/candid","/c/fr/rien","/c/fr/localités","/c/en/kimberley"],"weight":0.20909999999999934},"num_concepts_raised":127734},{"base_id":255,"kind":"bot_words","i1":4,"i2":9,"sol":{"path":["/c/en/candid","/c/en/sincere","/c/en/concern","/c/en/anxiety"],"weight":0.22403999999999835},"num_concepts_raised":56333},{"base_id":255,"kind":"bot_words","i1":5,"i2":6,"sol":{"path":["/c/en/exploitative","/c/en/cult","/c/en/religion","/c/en/immortality","/c/en/undying"],"weight":0.20300999999999986},"num_concepts_raised":2884},{"base_id":255,"kind":"bot_words","i1":5,"i2":7,"sol":{"path":["/c/en/exploitative","/c/en/cult","/c/en/admiration","/c/en/appreciation","/c/en/thank"],"weight":0.2144999999999996},"num_concepts_raised":21782},{"base_id":255,"kind":"bot_words","i1":5,"i2":8,"sol":{"path":["/c/en/exploitative","/c/en/cult","/c/en/people","/c/en/city","/c/en/kimberley"],"weight":0.20816999999999974},"num_concepts_raised":120664},{"base_id":255,"kind":"bot_words","i1":5,"i2":9,"sol":{"path":["/c/en/exploitative","/c/en/consumptive","/c/en/pathology","/c/en/anxiety"],"weight":0.21792999999999876},"num_concepts_raised":49516},{"base_id":255,"kind":"bot_words","i1":6,"i2":7,"sol":{"path":["/c/en/undying","/c/en/deathless","/c/en/less","/c/en/much","/c/en/thank"],"weight":0.21340999999999957},"num_concepts_raised":21175},{"base_id":255,"kind":"bot_words","i1":6,"i2":8,"sol":{"path":["/c/en/undying","/c/en/immortality","/c/en/human","/c/en/city","/c/en/kimberley"],"weight":0.20826999999999973},"num_concepts_raised":120069},{"base_id":255,"kind":"bot_words","i1":6,"i2":9,"sol":{"path":["/c/en/undying","/c/en/infinite","/c/en/person","/c/en/anxiety"],"weight":0.21708999999999876},"num_concepts_raised":48930},{"base_id":255,"kind":"bot_words","i1":7,"i2":8,"sol":{"path":["/c/en/thank","/c/en/thanks","/c/en/village","/c/en/city","/c/en/kimberley"],"weight":0.2205699999999995},"num_concepts_raised":138793},{"base_id":255,"kind":"bot_words","i1":7,"i2":9,"sol":{"path":["/c/en/thank","/c/en/smile","/c/en/anxiety"],"weight":0.20600000000000002},"num_concepts_raised":911},{"base_id":255,"kind":"bot_words","i1":8,"i2":9,"sol":{"path":["/c/en/kimberley","/c/fr/localités","/c/fr/angoisse","/c/en/anxiety"],"weight":0.22486999999999865},"num_concepts_raised":166383}],[{"base_id":255,"kind":"top_words","i1":0,"i2":1,"sol":{"path":["/c/en/exhibitionist","/c/en/flasher","/c/en/slang","/c/en/fanfic"],"weight":0.20571999999999982},"num_concepts_raised":20711},{"base_id":255,"kind":"top_words","i1":0,"i2":2,"sol":{"path":["/c/en/exhibitionist","/c/en/flasher","/c/en/slang","/c/zh/宅女","/c/en/homebody"],"weight":0.2068099999999999},"num_concepts_raised":8189},{"base_id":255,"kind":"top_words","i1":0,"i2":3,"sol":{"path":["/c/en/exhibitionist","/c/en/flasher","/c/en/switch","/c/en/twiddle","/c/en/tilde"],"weight":0.20683999999999997},"num_concepts_raised":8960},{"base_id":255,"kind":"top_words","i1":0,"i2":4,"sol":{"path":["/c/en/exhibitionist","/c/en/flasher","/c/en/slang","/c/en/helicopter","/c/en/rotorcraft"],"weight":0.2109799999999998},"num_concepts_raised":8264},{"base_id":255,"kind":"top_words","i1":0,"i2":5,"sol":{"path":["/c/en/exhibitionist","/c/en/expose","/c/en/computing","/c/en/extranet"],"weight":0.20382999999999993},"num_concepts_raised":18982},{"base_id":255,"kind":"top_words","i1":0,"i2":6,"sol":{"path":["/c/en/exhibitionist","/c/en/flasher","/c/en/light","/c/en/answer","/c/en/faq"],"weight":0.20614999999999978},"num_concepts_raised":10853},{"base_id":255,"kind":"top_words","i1":0,"i2":7,"sol":{"path":["/c/en/exhibitionist","/c/en/attention","/c/en/bell","/c/en/mushroom","/c/en/cep"],"weight":0.20496999999999985},"num_concepts_raised":7024},{"base_id":255,"kind":"top_words","i1":0,"i2":8,"sol":{"path":["/c/en/exhibitionist","/c/en/flasher","/c/en/device","/c/en/wiper"],"weight":0.20599999999999968},"num_concepts_raised":18225},{"base_id":255,"kind":"top_words","i1":0,"i2":9,"sol":{"path":["/c/en/exhibitionist","/c/en/attention","/c/en/study","/c/en/arachnology"],"weight":0.20370999999999984},"num_concepts_raised":8510},{"base_id":255,"kind":"top_words","i1":1,"i2":2,"sol":{"path":["/c/en/fanfic","/c/en/slang","/c/zh/宅女","/c/en/homebody"],"weight":0.20392999999999994},"num_concepts_raised":18265},{"base_id":255,"kind":"top_words","i1":1,"i2":3,"sol":{"path":["/c/en/fanfic","/c/en/fan_fiction","/c/en/slash","/c/en/punctuation_mark","/c/en/tilde"],"weight":0.20525},"num_concepts_raised":19044},{"base_id":255,"kind":"top_words","i1":1,"i2":4,"sol":{"path":["/c/en/fanfic","/c/en/slang","/c/en/helicopter","/c/en/rotorcraft"],"weight":0.2080999999999998},"num_concepts_raised":18319},{"base_id":255,"kind":"top_words","i1":1,"i2":5,"sol":{"path":["/c/en/fanfic","/c/en/fan_fiction","/c/en/at","/c/en/internet","/c/en/extranet"],"weight":0.20523999999999992},"num_concepts_raised":28609},{"base_id":255,"kind":"top_words","i1":1,"i2":6,"sol":{"path":["/c/en/fanfic","/c/en/fan_fiction","/c/en/at","/c/en/internet","/c/en/faq"],"weight":0.2045699999999998},"num_concepts_raised":20760},{"base_id":255,"kind":"top_words","i1":1,"i2":7,"sol":{"path":["/c/en/fanfic","/c/en/slang","/c/en/shroom","/c/en/mushroom","/c/en/cep"],"weight":0.20414999999999986},"num_concepts_raised":17082},{"base_id":255,"kind":"top_words","i1":1,"i2":8,"sol":{"path":["/c/en/fanfic","/c/en/fan_fiction","/c/en/ship","/c/en/wiper"],"weight":0.20438999999999974},"num_concepts_raised":27974},{"base_id":255,"kind":"top_words","i1":1,"i2":9,"sol":{"path":["/c/en/fanfic","/c/en/fan_fiction","/c/en/media","/c/en/entomology","/c/en/arachnology"],"weight":0.20415999999999984},"num_concepts_raised":18607},{"base_id":255,"kind":"top_words","i1":2,"i2":3,"sol":{"path":["/c/en/homebody","/c/en/home","/c/en/range","/c/en/tilde"],"weight":0.20396000000000009},"num_concepts_raised":6423},{"base_id":255,"kind":"top_words","i1":2,"i2":4,"sol":{"path":["/c/en/homebody","/c/zh/宅女","/c/en/slang","/c/en/helicopter","/c/en/rotorcraft"],"weight":0.2091899999999999},"num_concepts_raised":5738},{"base_id":255,"kind":"top_words","i1":2,"i2":5,"sol":{"path":["/c/en/homebody","/c/en/home","/c/en/internet","/c/en/extranet"],"weight":0.20400000000000001},"num_concepts_raised":16503},{"base_id":255,"kind":"top_words","i1":2,"i2":6,"sol":{"path":["/c/en/homebody","/c/en/home","/c/en/internet","/c/en/faq"],"weight":0.2033199999999999},"num_concepts_raised":8347},{"base_id":255,"kind":"top_words","i1":2,"i2":7,"sol":{"path":["/c/en/homebody","/c/en/home","/c/en/cloud","/c/en/mushroom","/c/en/cep"],"weight":0.20409999999999995},"num_concepts_raised":4473},{"base_id":255,"kind":"top_words","i1":2,"i2":8,"sol":{"path":["/c/en/homebody","/c/en/home","/c/en/nautical","/c/en/wiper"],"weight":0.2031199999999998},"num_concepts_raised":15719},{"base_id":255,"kind":"top_words","i1":2,"i2":9,"sol":{"path":["/c/en/homebody","/c/en/home","/c/en/mine","/c/en/entomology","/c/en/arachnology"],"weight":0.20290999999999992},"num_concepts_raised":5983},{"base_id":255,"kind":"top_words","i1":3,"i2":4,"sol":{"path":["/c/en/tilde","/c/fi/aaltoviiva","/c/en/line","/c/en/craft","/c/en/rotorcraft"],"weight":0.21032999999999996},"num_concepts_raised":6496},{"base_id":255,"kind":"top_words","i1":3,"i2":5,"sol":{"path":["/c/en/tilde","/c/en/zilde","/c/en/computing","/c/en/extranet"],"weight":0.20520000000000008},"num_concepts_raised":17196},{"base_id":255,"kind":"top_words","i1":3,"i2":6,"sol":{"path":["/c/en/tilde","/c/en/squiggle","/c/en/question","/c/en/faq"],"weight":0.20549999999999996},"num_concepts_raised":9082},{"base_id":255,"kind":"top_words","i1":3,"i2":7,"sol":{"path":["/c/en/tilde","/c/en/logic","/c/en/context","/c/en/mushroom","/c/en/cep"],"weight":0.20532},"num_concepts_raised":5227},{"base_id":255,"kind":"top_words","i1":3,"i2":8,"sol":{"path":["/c/en/tilde","/c/en/range","/c/en/electric","/c/en/wiper"],"weight":0.20426999999999984},"num_concepts_raised":16486},{"base_id":255,"kind":"top_words","i1":3,"i2":9,"sol":{"path":["/c/en/tilde","/c/en/logic","/c/en/study","/c/en/arachnology"],"weight":0.20406},"num_concepts_raised":6721},{"base_id":255,"kind":"top_words","i1":4,"i2":5,"sol":{"path":["/c/en/rotorcraft","/c/en/lift","/c/en/computing","/c/en/extranet"],"weight":0.20818999999999993},"num_concepts_raised":16613},{"base_id":255,"kind":"top_words","i1":4,"i2":6,"sol":{"path":["/c/en/rotorcraft","/c/en/craft","/c/en/list","/c/en/faq"],"weight":0.20847999999999978},"num_concepts_raised":8418},{"base_id":255,"kind":"top_words","i1":4,"i2":7,"sol":{"path":["/c/en/rotorcraft","/c/en/lift","/c/en/rise","/c/en/mushroom","/c/en/cep"],"weight":0.20934999999999984},"num_concepts_raised":4546},{"base_id":255,"kind":"top_words","i1":4,"i2":8,"sol":{"path":["/c/en/rotorcraft","/c/en/lift","/c/en/device","/c/en/wiper"],"weight":0.20837999999999968},"num_concepts_raised":15654},{"base_id":255,"kind":"top_words","i1":4,"i2":9,"sol":{"path":["/c/en/rotorcraft","/c/en/aircraft","/c/en/c","/c/en/entomology","/c/en/arachnology"],"weight":0.2081799999999998},"num_concepts_raised":6061},{"base_id":255,"kind":"top_words","i1":5,"i2":6,"sol":{"path":["/c/en/extranet","/c/en/internet","/c/en/faq"],"weight":0.203},"num_concepts_raised":74},{"base_id":255,"kind":"top_words","i1":5,"i2":7,"sol":{"path":["/c/en/extranet","/c/en/internet","/c/en/cloud","/c/en/mushroom","/c/en/cep"],"weight":0.20530999999999994},"num_concepts_raised":15375},{"base_id":255,"kind":"top_words","i1":5,"i2":8,"sol":{"path":["/c/en/extranet","/c/en/computing","/c/en/wipe","/c/en/wiper"],"weight":0.2043799999999998},"num_concepts_raised":26318},{"base_id":255,"kind":"top_words","i1":5,"i2":9,"sol":{"path":["/c/en/extranet","/c/en/internet","/c/en/connection","/c/en/jumper","/c/en/arachnology"],"weight":0.20405999999999994},"num_concepts_raised":16852},{"base_id":255,"kind":"top_words","i1":6,"i2":7,"sol":{"path":["/c/en/faq","/c/en/internet","/c/en/cloud","/c/en/mushroom","/c/en/cep"],"weight":0.20462999999999984},"num_concepts_raised":7159},{"base_id":255,"kind":"top_words","i1":6,"i2":8,"sol":{"path":["/c/en/faq","/c/en/list","/c/en/nautical","/c/en/wiper"],"weight":0.2036199999999997},"num_concepts_raised":18382},{"base_id":255,"kind":"top_words","i1":6,"i2":9,"sol":{"path":["/c/en/faq","/c/en/frequently_asked_questions","/c/en/subject","/c/en/logy","/c/en/arachnology"],"weight":0.20359999999999984},"num_concepts_raised":8649},{"base_id":255,"kind":"top_words","i1":7,"i2":8,"sol":{"path":["/c/en/cep","/c/ga/ceap","/c/en/shape","/c/en/wipe","/c/en/wiper"],"weight":0.20545999999999975},"num_concepts_raised":14578},{"base_id":255,"kind":"top_words","i1":7,"i2":9,"sol":{"path":["/c/en/cep","/c/en/mushroom","/c/en/mushroom_body","/c/en/entomology","/c/en/arachnology"],"weight":0.20421999999999987},"num_concepts_raised":4780},{"base_id":255,"kind":"top_words","i1":8,"i2":9,"sol":{"path":["/c/en/wiper","/c/en/wipe","/c/en/shot","/c/en/jumper","/c/en/arachnology"],"weight":0.20421999999999974},"num_concepts_raised":16070}]]