[[{"base_id":874,"kind":"bot_words","i1":0,"i2":1,"sol":{"path":["/c/en/chionanthus","/c/en/plant","/c/en/form","/c/en/circle","/c/en/semicircle"],"weight":0.21073999999999993},"num_concepts_raised":19658},{"base_id":874,"kind":"bot_words","i1":0,"i2":2,"sol":{"path":["/c/en/chionanthus","/c/en/plant","/c/en/energy","/c/en/calorific"],"weight":0.2079299999999999},"num_concepts_raised":31553},{"base_id":874,"kind":"bot_words","i1":0,"i2":3,"sol":{"path":["/c/en/chionanthus","/c/en/plant","/c/fr/végétal","/c/fr/ablation","/c/en/ablation"],"weight":0.2208399999999995},"num_concepts_raised":26413},{"base_id":874,"kind":"bot_words","i1":0,"i2":4,"sol":{"path":["/c/en/chionanthus","/c/en/plant","/c/en/public","/c/en/transportation"],"weight":0.21413999999999878},"num_concepts_raised":80786},{"base_id":874,"kind":"bot_words","i1":0,"i2":5,"sol":{"path":["/c/en/chionanthus","/c/en/plant","/c/en/surface","/c/en/forehead"],"weight":0.22049000000000024},"num_concepts_raised":37110},{"base_id":874,"kind":"bot_words","i1":0,"i2":6,"sol":{"path":["/c/en/chionanthus","/c/en/plant","/c/en/person","/c/en/timid"],"weight":0.21267999999999945},"num_concepts_raised":31620},{"base_id":874,"kind":"bot_words","i1":0,"i2":7,"sol":{"path":["/c/en/chionanthus","/c/en/plant","/c/en/division","/c/en/partitioning"],"weight":0.20787999999999987},"num_concepts_raised":10349},{"base_id":874,"kind":"bot_words","i1":0,"i2":8,"sol":{"path":["/c/en/chionanthus","/c/en/plant","/c/en/slang","/c/en/fourpeat","/c/en/consecutively"],"weight":0.2082699999999999},"num_concepts_raised":9350},{"base_id":874,"kind":"bot_words","i1":0,"i2":9,"sol":{"path":["/c/en/chionanthus","/c/en/plant","/c/en/panic","/c/en/terrify","/c/en/terrifying"],"weight":0.21248999999999946},"num_concepts_raised":10173},{"base_id":874,"kind":"bot_words","i1":1,"i2":2,"sol":{"path":["/c/en/semicircle","/c/en/arc","/c/en/hot","/c/en/calorific"],"weight":0.20643999999999996},"num_concepts_raised":35823},{"base_id":874,"kind":"bot_words","i1":1,"i2":3,"sol":{"path":["/c/en/semicircle","/c/en/round","/c/en/medicine","/c/en/ablation"],"weight":0.2111899999999996},"num_concepts_raised":30959},{"base_id":874,"kind":"bot_words","i1":1,"i2":4,"sol":{"path":["/c/en/semicircle","/c/en/arc","/c/en/drive","/c/en/transportation"],"weight":0.21221999999999885},"num_concepts_raised":84432},{"base_id":874,"kind":"bot_words","i1":1,"i2":5,"sol":{"path":["/c/en/semicircle","/c/en/geometry","/c/en/face","/c/en/forehead"],"weight":0.2215900000000003},"num_concepts_raised":40917},{"base_id":874,"kind":"bot_words","i1":1,"i2":6,"sol":{"path":["/c/en/semicircle","/c/en/d","/c/en/person","/c/en/timid"],"weight":0.20911999999999953},"num_concepts_raised":36085},{"base_id":874,"kind":"bot_words","i1":1,"i2":7,"sol":{"path":["/c/en/semicircle","/c/en/type","/c/en/partition","/c/en/partitioning"],"weight":0.20630999999999994},"num_concepts_raised":14937},{"base_id":874,"kind":"bot_words","i1":1,"i2":8,"sol":{"path":["/c/en/semicircle","/c/fr/demi_cercle","/c/fr/sous_garde","/c/fr/suite","/c/en/consecutively"],"weight":0.20697999999999994},"num_concepts_raised":14051},{"base_id":874,"kind":"bot_words","i1":1,"i2":9,"sol":{"path":["/c/en/semicircle","/c/en/semi","/c/en/bogey","/c/en/terrify","/c/en/terrifying"],"weight":0.20892999999999953},"num_concepts_raised":14913},{"base_id":874,"kind":"bot_words","i1":2,"i2":3,"sol":{"path":["/c/en/calorific","/c/en/physics","/c/it/ablazione","/c/en/ablation"],"weight":0.21155999999999953},"num_concepts_raised":42750},{"base_id":874,"kind":"bot_words","i1":2,"i2":4,"sol":{"path":["/c/en/calorific","/c/en/us","/c/en/transportation"],"weight":0.202},"num_concepts_raised":459},{"base_id":874,"kind":"bot_words","i1":2,"i2":5,"sol":{"path":["/c/en/calorific","/c/en/energy","/c/en/head","/c/en/forehead"],"weight":0.21586000000000027},"num_concepts_raised":52981},{"base_id":874,"kind":"bot_words","i1":2,"i2":6,"sol":{"path":["/c/en/calorific","/c/en/heat","/c/en/people","/c/en/timid"],"weight":0.20872999999999947},"num_concepts_raised":47819},{"base_id":874,"kind":"bot_words","i1":2,"i2":7,"sol":{"path":["/c/en/calorific","/c/en/us","/c/en/breakdown","/c/en/partitioning"],"weight":0.2026599999999999},"num_concepts_raised":26925},{"base_id":874,"kind":"bot_words","i1":2,"i2":8,"sol":{"path":["/c/en/calorific","/c/en/us","/c/en/fourpeat","/c/en/consecutively"],"weight":0.20313999999999993},"num_concepts_raised":25973},{"base_id":874,"kind":"bot_words","i1":2,"i2":9,"sol":{"path":["/c/en/calorific","/c/en/heat","/c/en/grill","/c/en/terrify","/c/en/terrifying"],"weight":0.2075699999999995},"num_concepts_raised":26820},{"base_id":874,"kind":"bot_words","i1":3,"i2":4,"sol":{"path":["/c/en/ablation","/c/en/removal","/c/en/move","/c/en/transportation"],"weight":0.21630999999999842},"num_concepts_raised":91328},{"base_id":874,"kind":"bot_words","i1":3,"i2":5,"sol":{"path":["/c/en/ablation","/c/en/erosion","/c/en/face","/c/en/forehead"],"weight":0.22653999999999985},"num_concepts_raised":48007},{"base_id":874,"kind":"bot_words","i1":3,"i2":6,"sol":{"path":["/c/en/ablation","/c/en/operation","/c/en/people","/c/en/timid"],"weight":0.2151999999999991},"num_concepts_raised":43005},{"base_id":874,"kind":"bot_words","i1":3,"i2":7,"sol":{"path":["/c/en/ablation","/c/en/operation","/c/en/division","/c/en/partitioning"],"weight":0.20945999999999948},"num_concepts_raised":21761},{"base_id":874,"kind":"bot_words","i1":3,"i2":8,"sol":{"path":["/c/en/ablation","/c/en/medicine","/c/en/running","/c/en/consecutively"],"weight":0.20993999999999952},"num_concepts_raised":20813},{"base_id":874,"kind":"bot_words","i1":3,"i2":9,"sol":{"path":["/c/en/ablation","/c/en/medicine","/c/en/monster","/c/en/terrifying"],"weight":0.21109999999999912},"num_concepts_raised":21664},{"base_id":874,"kind":"bot_words","i1":4,"i2":5,"sol":{"path":["/c/en/transportation","/c/en/horse","/c/en/face","/c/en/forehead"],"weight":0.22530999999999912},"num_concepts_raised":100527},{"base_id":874,"kind":"bot_words","i1":4,"i2":6,"sol":{"path":["/c/en/transportation","/c/en/transport","/c/en/people","/c/en/timid"],"weight":0.21820999999999832},"num_concepts_raised":95884},{"base_id":874,"kind":"bot_words","i1":4,"i2":7,"sol":{"path":["/c/en/transportation","/c/en/act","/c/en/partition","/c/en/partitioning"],"weight":0.21006999999999876},"num_concepts_raised":76008},{"base_id":874,"kind":"bot_words","i1":4,"i2":8,"sol":{"path":["/c/en/transportation","/c/en/drive","/c/en/running","/c/en/consecutively"],"weight":0.2100099999999988},"num_concepts_raised":75187},{"base_id":874,"kind":"bot_words","i1":4,"i2":9,"sol":{"path":["/c/en/transportation","/c/en/drive","/c/la/proterreo","/c/en/terrify","/c/en/terrifying"],"weight":0.21418999999999838},"num_concepts_raised":76168},{"base_id":874,"kind":"bot_words","i1":5,"i2":6,"sol":{"path":["/c/en/forehead","/c/en/face","/c/en/person","/c/en/timid"],"weight":0.22483999999999982},"num_concepts_raised":53051},{"base_id":874,"kind":"bot_words","i1":5,"i2":7,"sol":{"path":["/c/en/forehead","/c/en/body_part","/c/en/partition","/c/en/partitioning"],"weight":0.2194600000000002},"num_concepts_raised":32324},{"base_id":874,"kind":"bot_words","i1":5,"i2":8,"sol":{"path":["/c/en/forehead","/c/en/face","/c/en/pitch","/c/en/consecutive","/c/en/consecutively"],"weight":0.22126000000000023},"num_concepts_raised":31598},{"base_id":874,"kind":"bot_words","i1":5,"i2":9,"sol":{"path":["/c/en/forehead","/c/en/feature","/c/en/formidable","/c/en/terrifying"],"weight":0.21693999999999983},"num_concepts_raised":32446},{"base_id":874,"kind":"bot_words","i1":6,"i2":7,"sol":{"path":["/c/en/timid","/c/en/people","/c/en/room","/c/en/partition","/c/en/partitioning"],"weight":0.21065999999999946},"num_concepts_raised":26967},{"base_id":874,"kind":"bot_words","i1":6,"i2":8,"sol":{"path":["/c/en/timid","/c/en/shy","/c/en/horse","/c/en/running","/c/en/consecutively"],"weight":0.21033999999999947},"num_concepts_raised":26011},{"base_id":874,"kind":"bot_words","i1":6,"i2":9,"sol":{"path":["/c/en/timid","/c/grc/φοβερόσ","/c/en/terrifying"],"weight":0.202},"num_concepts_raised":467},{"base_id":874,"kind":"bot_words","i1":7,"i2":8,"sol":{"path":["/c/en/partitioning","/c/en/partition","/c/en/music","/c/en/consecutive","/c/en/consecutively"],"weight":0.20619999999999988},"num_concepts_raised":4689},{"base_id":874,"kind":"bot_words","i1":7,"i2":9,"sol":{"path":["/c/en/partitioning","/c/en/division","/c/en/great","/c/en/terrific","/c/en/terrifying"],"weight":0.20661999999999947},"num_concepts_raised":5537},{"base_id":874,"kind":"bot_words","i1":8,"i2":9,"sol":{"path":["/c/en/consecutively","/c/en/running","/c/en/panic","/c/en/terrify","/c/en/terrifying"],"weight":0.2077799999999995},"num_concepts_raised":4517}],[{"base_id":874,"kind":"top_words","i1":0,"i2":1,"sol":{"path":["/c/en/paraná","/c/en/forquilha","/c/en/ceará"],"weight":0.20600000000000002},"num_concepts_raised":42},{"base_id":874,"kind":"top_words","i1":0,"i2":2,"sol":{"path":["/c/en/paraná","/c/en/person","/c/pt/pessoa","/c/pt/praia","/c/en/praia"],"weight":0.21835999999999992},"num_concepts_raised":13311},{"base_id":874,"kind":"top_words","i1":0,"i2":3,"sol":{"path":["/c/en/paraná","/c/en/colorado","/c/en/brazil","/c/en/brasília"],"weight":0.20909999999999984},"num_concepts_raised":18544},{"base_id":874,"kind":"top_words","i1":0,"i2":4,"sol":{"path":["/c/en/paraná","/c/en/colorado","/c/en/united_states","/c/en/military","/c/en/rio"],"weight":0.21286999999999984},"num_concepts_raised":29191},{"base_id":874,"kind":"top_words","i1":0,"i2":5,"sol":{"path":["/c/en/paraná","/c/en/curitiba"],"weight":0.20400000000000001},"num_concepts_raised":76},{"base_id":874,"kind":"top_words","i1":0,"i2":6,"sol":{"path":["/c/en/paraná","/c/en/colorado","/c/en/administrative_region","/c/en/algarve"],"weight":0.21312999999999976},"num_concepts_raised":14111},{"base_id":874,"kind":"top_words","i1":0,"i2":7,"sol":{"path":["/c/en/paraná","/c/en/person","/c/en/victory","/c/la/brigantia","/c/en/bragança"],"weight":0.2087599999999999},"num_concepts_raised":12849},{"base_id":874,"kind":"top_words","i1":0,"i2":8,"sol":{"path":["/c/en/paraná","/c/en/colorado","/c/en/municipality","/c/en/porto"],"weight":0.20775999999999992},"num_concepts_raised":27196},{"base_id":874,"kind":"top_words","i1":0,"i2":9,"sol":{"path":["/c/en/paraná","/c/en/colorado","/c/en/river","/c/en/douro"],"weight":0.2132999999999997},"num_concepts_raised":16724},{"base_id":874,"kind":"top_words","i1":1,"i2":2,"sol":{"path":["/c/en/ceará","/c/en/northeast_region","/c/en/region","/c/ro/plai","/c/pt/praia","/c/en/praia"],"weight":0.22254569999999957},"num_concepts_raised":34647},{"base_id":874,"kind":"top_words","i1":1,"i2":3,"sol":{"path":["/c/en/ceará","/c/en/fortaleza","/c/en/brazil","/c/en/brasília"],"weight":0.2089699999999998},"num_concepts_raised":6202},{"base_id":874,"kind":"top_words","i1":1,"i2":4,"sol":{"path":["/c/en/ceará","/c/en/northeast_region","/c/en/state","/c/en/wisconsin","/c/en/rio"],"weight":0.2127199999999998},"num_concepts_raised":17135},{"base_id":874,"kind":"top_words","i1":1,"i2":5,"sol":{"path":["/c/en/ceará","/c/en/ce","/c/en/brazil","/c/en/curitiba"],"weight":0.20902999999999974},"num_concepts_raised":1626},{"base_id":874,"kind":"top_words","i1":1,"i2":6,"sol":{"path":["/c/en/ceará","/c/en/ce","/c/en/brazil","/c/en/administrative_region","/c/en/algarve"],"weight":0.21302999999999972},"num_concepts_raised":1693},{"base_id":874,"kind":"top_words","i1":1,"i2":7,"sol":{"path":["/c/en/ceará","/c/en/soccer_player","/c/en/lincoln","/c/fr/localités","/c/pt/bragança","/c/en/bragança"],"weight":0.2114185999999998},"num_concepts_raised":136280},{"base_id":874,"kind":"top_words","i1":1,"i2":8,"sol":{"path":["/c/en/ceará","/c/en/ce","/c/fr/suffixe","/c/en/port","/c/en/porto"],"weight":0.20783999999999989},"num_concepts_raised":14841},{"base_id":874,"kind":"top_words","i1":1,"i2":9,"sol":{"path":["/c/en/ceará","/c/en/soccer_player","/c/en/china","/c/en/river","/c/en/douro"],"weight":0.2131899999999997},"num_concepts_raised":4353},{"base_id":874,"kind":"top_words","i1":2,"i2":3,"sol":{"path":["/c/en/praia","/c/en/cape_verde","/c/en/country","/c/en/brazil","/c/en/brasília"],"weight":0.21264999999999984},"num_concepts_raised":6384},{"base_id":874,"kind":"top_words","i1":2,"i2":4,"sol":{"path":["/c/en/praia","/c/pt/praia","/c/pt/diversão","/c/en/military","/c/en/rio"],"weight":0.21832999999999986},"num_concepts_raised":17311},{"base_id":874,"kind":"top_words","i1":2,"i2":5,"sol":{"path":["/c/en/praia","/c/en/cape_verde","/c/en/country","/c/en/brazil","/c/en/curitiba"],"weight":0.2127199999999998},"num_concepts_raised":1811},{"base_id":874,"kind":"top_words","i1":2,"i2":6,"sol":{"path":["/c/en/praia","/c/pt/praia","/c/pt/caranguejo","/c/en/portugal","/c/en/algarve"],"weight":0.21869999999999978},"num_concepts_raised":1864},{"base_id":874,"kind":"top_words","i1":2,"i2":7,"sol":{"path":["/c/en/praia","/c/en/cape_verde","/c/fr/cap_vert","/c/fr/portugais","/c/fr/bragance","/c/en/bragança"],"weight":0.21863189999999966},"num_concepts_raised":124497},{"base_id":874,"kind":"top_words","i1":2,"i2":8,"sol":{"path":["/c/en/praia","/c/pt/praia","/c/pt/caranguejo","/c/en/portugal","/c/en/porto"],"weight":0.21441999999999994},"num_concepts_raised":15014},{"base_id":874,"kind":"top_words","i1":2,"i2":9,"sol":{"path":["/c/en/praia","/c/pt/praia","/c/en/shore","/c/en/river","/c/en/douro"],"weight":0.21888999999999975},"num_concepts_raised":4522},{"base_id":874,"kind":"top_words","i1":3,"i2":4,"sol":{"path":["/c/en/brasília","/c/en/brazil","/c/en/rio_de_janeiro","/c/en/rio"],"weight":0.20902999999999977},"num_concepts_raised":22512},{"base_id":874,"kind":"top_words","i1":3,"i2":5,"sol":{"path":["/c/en/brasília","/c/en/brazil","/c/en/curitiba"],"weight":0.20400000000000001},"num_concepts_raised":97},{"base_id":874,"kind":"top_words","i1":3,"i2":6,"sol":{"path":["/c/en/brasília","/c/en/brazil","/c/en/administrative_region","/c/en/algarve"],"weight":0.20937999999999968},"num_concepts_raised":7135},{"base_id":874,"kind":"top_words","i1":3,"i2":7,"sol":{"path":["/c/en/brasília","/c/en/brasilia","/c/fr/localités","/c/pt/bragança","/c/en/bragança"],"weight":0.20403999999999983},"num_concepts_raised":5922},{"base_id":874,"kind":"top_words","i1":3,"i2":8,"sol":{"path":["/c/en/brasília","/c/en/brazil","/c/en/country","/c/en/portugal","/c/en/porto"],"weight":0.20516999999999985},"num_concepts_raised":20275},{"base_id":874,"kind":"top_words","i1":3,"i2":9,"sol":{"path":["/c/en/brasília","/c/en/brazil","/c/en/country","/c/en/portugal","/c/en/douro"],"weight":0.20964999999999967},"num_concepts_raised":9795},{"base_id":874,"kind":"top_words","i1":4,"i2":5,"sol":{"path":["/c/en/rio","/c/en/rio_de_janeiro","/c/en/brazil","/c/en/curitiba"],"weight":0.20909999999999973},"num_concepts_raised":18050},{"base_id":874,"kind":"top_words","i1":4,"i2":6,"sol":{"path":["/c/en/rio","/c/en/wisconsin","/c/en/administrative_region","/c/en/algarve"],"weight":0.21310999999999972},"num_concepts_raised":18098},{"base_id":874,"kind":"top_words","i1":4,"i2":7,"sol":{"path":["/c/en/rio","/c/en/us","/c/en/wing","/c/fr/localités","/c/pt/bragança","/c/en/bragança"],"weight":0.2125947999999987},"num_concepts_raised":855240},{"base_id":874,"kind":"top_words","i1":4,"i2":8,"sol":{"path":["/c/en/rio","/c/en/military","/c/en/port","/c/en/porto"],"weight":0.2079299999999999},"num_concepts_raised":31138},{"base_id":874,"kind":"top_words","i1":4,"i2":9,"sol":{"path":["/c/en/rio","/c/en/wisconsin","/c/en/river","/c/en/douro"],"weight":0.2132899999999997},"num_concepts_raised":20665},{"base_id":874,"kind":"top_words","i1":5,"i2":6,"sol":{"path":["/c/en/curitiba","/c/en/brazil","/c/en/administrative_region","/c/en/algarve"],"weight":0.20943999999999963},"num_concepts_raised":2578},{"base_id":874,"kind":"top_words","i1":5,"i2":7,"sol":{"path":["/c/en/curitiba","/c/en/brazil","/c/fi/brasilia","/c/fr/localités","/c/pt/bragança","/c/en/bragança"],"weight":0.20991509999999944},"num_concepts_raised":156537},{"base_id":874,"kind":"top_words","i1":5,"i2":8,"sol":{"path":["/c/en/curitiba","/c/en/brazil","/c/en/country","/c/en/portugal","/c/en/porto"],"weight":0.2052399999999998},"num_concepts_raised":15725},{"base_id":874,"kind":"top_words","i1":5,"i2":9,"sol":{"path":["/c/en/curitiba","/c/en/brazil","/c/en/country","/c/en/portugal","/c/en/douro"],"weight":0.20971999999999963},"num_concepts_raised":5239},{"base_id":874,"kind":"top_words","i1":6,"i2":7,"sol":{"path":["/c/en/algarve","/c/fr/algarve","/c/fr/portugal","/c/fr/portugais","/c/fr/bragance","/c/en/bragança"],"weight":0.21304019999999962},"num_concepts_raised":207236},{"base_id":874,"kind":"top_words","i1":6,"i2":8,"sol":{"path":["/c/en/algarve","/c/en/portugal","/c/en/porto"],"weight":0.20500000000000002},"num_concepts_raised":80},{"base_id":874,"kind":"top_words","i1":6,"i2":9,"sol":{"path":["/c/en/algarve","/c/en/portugal","/c/en/douro"],"weight":0.20600000000000002},"num_concepts_raised":125},{"base_id":874,"kind":"top_words","i1":7,"i2":8,"sol":{"path":["/c/en/bragança","/c/pt/bragança","/c/fr/localités","/c/fr/porto","/c/en/porto"],"weight":0.20495999999999992},"num_concepts_raised":14549},{"base_id":874,"kind":"top_words","i1":7,"i2":9,"sol":{"path":["/c/en/bragança","/c/pt/bragança","/c/fr/localités","/c/en/river","/c/en/douro"],"weight":0.20932999999999974},"num_concepts_raised":4063},{"base_id":874,"kind":"top_words","i1":8,"i2":9,"sol":{"path":["/c/en/porto","/c/en/portugal","/c/en/douro"],"weight":0.20500000000000002},"num_concepts_raised":94}]]