[[{"base_id":269,"kind":"bot_words","i1":0,"i2":1,"sol":{"path":["/c/en/ashkelon","/c/en/israel","/c/en/college","/c/en/apply","/c/en/mascara"],"weight":0.20490999999999998},"num_concepts_raised":6870},{"base_id":269,"kind":"bot_words","i1":0,"i2":2,"sol":{"path":["/c/en/ashkelon","/c/en/israel","/c/en/levant","/c/en/relieve","/c/en/relevant"],"weight":0.20770999999999962},"num_concepts_raised":18469},{"base_id":269,"kind":"bot_words","i1":0,"i2":3,"sol":{"path":["/c/en/ashkelon","/c/en/coast","/c/en/nautical","/c/en/gangplank"],"weight":0.2033999999999998},"num_concepts_raised":13749},{"base_id":269,"kind":"bot_words","i1":0,"i2":4,"sol":{"path":["/c/en/ashkelon","/c/en/city","/c/en/place","/c/en/behalf"],"weight":0.2031999999999997},"num_concepts_raised":15254},{"base_id":269,"kind":"bot_words","i1":0,"i2":5,"sol":{"path":["/c/en/ashkelon","/c/en/coast","/c/en/nautical","/c/en/sheet"],"weight":0.2130099999999977},"num_concepts_raised":200064},{"base_id":269,"kind":"bot_words","i1":0,"i2":6,"sol":{"path":["/c/en/ashkelon","/c/en/city","/c/en/store","/c/en/winter"],"weight":0.22210999999999959},"num_concepts_raised":51744},{"base_id":269,"kind":"bot_words","i1":0,"i2":7,"sol":{"path":["/c/en/ashkelon","/c/en/israel","/c/en/man","/c/en/family","/c/en/paramyxovirus"],"weight":0.2036499999999999},"num_concepts_raised":7417},{"base_id":269,"kind":"bot_words","i1":0,"i2":8,"sol":{"path":["/c/en/ashkelon","/c/en/israel","/c/en/man","/c/en/person","/c/en/praised"],"weight":0.20373999999999987},"num_concepts_raised":17997},{"base_id":269,"kind":"bot_words","i1":0,"i2":9,"sol":{"path":["/c/en/ashkelon","/c/en/city","/c/en/ruin","/c/en/collapse"],"weight":0.21724999999999844},"num_concepts_raised":45211},{"base_id":269,"kind":"bot_words","i1":1,"i2":2,"sol":{"path":["/c/en/mascara","/c/en/apply","/c/en/relevant"],"weight":0.202},"num_concepts_raised":264},{"base_id":269,"kind":"bot_words","i1":1,"i2":3,"sol":{"path":["/c/en/mascara","/c/en/thicken","/c/en/clear","/c/en/gangway","/c/en/gangplank"],"weight":0.20676999999999995},"num_concepts_raised":11401},{"base_id":269,"kind":"bot_words","i1":1,"i2":4,"sol":{"path":["/c/en/mascara","/c/fr/rimmel","/c/fr/produit","/c/fr/nom","/c/en/behalf"],"weight":0.2064399999999998},"num_concepts_raised":12926},{"base_id":269,"kind":"bot_words","i1":1,"i2":5,"sol":{"path":["/c/en/mascara","/c/en/apply","/c/en/paper","/c/en/sheet"],"weight":0.2163499999999978},"num_concepts_raised":197955},{"base_id":269,"kind":"bot_words","i1":1,"i2":6,"sol":{"path":["/c/en/mascara","/c/en/manscara","/c/en/slang","/c/en/cold","/c/en/winter"],"weight":0.22850999999999969},"num_concepts_raised":49473},{"base_id":269,"kind":"bot_words","i1":1,"i2":7,"sol":{"path":["/c/en/mascara","/c/en/makeup","/c/en/cover","/c/en/family","/c/en/paramyxovirus"],"weight":0.20385999999999999},"num_concepts_raised":5019},{"base_id":269,"kind":"bot_words","i1":1,"i2":8,"sol":{"path":["/c/en/mascara","/c/en/apply","/c/en/job","/c/en/praise","/c/en/praised"],"weight":0.20487999999999995},"num_concepts_raised":15611},{"base_id":269,"kind":"bot_words","i1":1,"i2":9,"sol":{"path":["/c/en/mascara","/c/en/apply","/c/en/go","/c/en/collapse"],"weight":0.21832999999999858},"num_concepts_raised":42817},{"base_id":269,"kind":"bot_words","i1":2,"i2":3,"sol":{"path":["/c/en/relevant","/c/en/point","/c/en/nautical","/c/en/gangplank"],"weight":0.2064199999999996},"num_concepts_raised":22833},{"base_id":269,"kind":"bot_words","i1":2,"i2":4,"sol":{"path":["/c/en/relevant","/c/en/relieve","/c/en/aid","/c/en/behalf"],"weight":0.20718999999999946},"num_concepts_raised":24089},{"base_id":269,"kind":"bot_words","i1":2,"i2":5,"sol":{"path":["/c/en/relevant","/c/en/current","/c/en/paper","/c/en/sheet"],"weight":0.21910999999999747},"num_concepts_raised":208061},{"base_id":269,"kind":"bot_words","i1":2,"i2":6,"sol":{"path":["/c/en/relevant","/c/en/relative","/c/en/cold","/c/en/winter"],"weight":0.22998999999999933},"num_concepts_raised":60275},{"base_id":269,"kind":"bot_words","i1":2,"i2":7,"sol":{"path":["/c/en/relevant","/c/en/relative","/c/en/family","/c/en/paramyxovirus"],"weight":0.20555999999999963},"num_concepts_raised":16602},{"base_id":269,"kind":"bot_words","i1":2,"i2":8,"sol":{"path":["/c/en/relevant","/c/en/important","/c/en/person","/c/en/praised"],"weight":0.20579999999999962},"num_concepts_raised":27019},{"base_id":269,"kind":"bot_words","i1":2,"i2":9,"sol":{"path":["/c/en/relevant","/c/en/point","/c/en/break","/c/en/collapse"],"weight":0.2228399999999982},"num_concepts_raised":53521},{"base_id":269,"kind":"bot_words","i1":3,"i2":4,"sol":{"path":["/c/en/gangplank","/c/en/board","/c/en/aid","/c/en/behalf"],"weight":0.20386999999999966},"num_concepts_raised":19747},{"base_id":269,"kind":"bot_words","i1":3,"i2":5,"sol":{"path":["/c/en/gangplank","/c/en/board","/c/en/sheet"],"weight":0.203},"num_concepts_raised":796},{"base_id":269,"kind":"bot_words","i1":3,"i2":6,"sol":{"path":["/c/en/gangplank","/c/en/nautical","/c/en/snow","/c/en/winter"],"weight":0.22585999999999953},"num_concepts_raised":55917},{"base_id":269,"kind":"bot_words","i1":3,"i2":7,"sol":{"path":["/c/en/gangplank","/c/en/nautical","/c/en/home","/c/en/family","/c/en/paramyxovirus"],"weight":0.20339999999999983},"num_concepts_raised":11954},{"base_id":269,"kind":"bot_words","i1":3,"i2":8,"sol":{"path":["/c/en/gangplank","/c/en/gangway","/c/en/crowd","/c/en/person","/c/en/praised"],"weight":0.2055999999999998},"num_concepts_raised":22444},{"base_id":269,"kind":"bot_words","i1":3,"i2":9,"sol":{"path":["/c/en/gangplank","/c/en/nautical","/c/it/sprofondare","/c/en/collapse"],"weight":0.2196599999999984},"num_concepts_raised":49330},{"base_id":269,"kind":"bot_words","i1":4,"i2":5,"sol":{"path":["/c/en/behalf","/c/en/place","/c/en/paper","/c/en/sheet"],"weight":0.2158199999999975},"num_concepts_raised":205493},{"base_id":269,"kind":"bot_words","i1":4,"i2":6,"sol":{"path":["/c/en/behalf","/c/en/place","/c/en/weather","/c/en/winter"],"weight":0.2252399999999994},"num_concepts_raised":57285},{"base_id":269,"kind":"bot_words","i1":4,"i2":7,"sol":{"path":["/c/en/behalf","/c/fr/soutien","/c/en/support","/c/en/family","/c/en/paramyxovirus"],"weight":0.20521999999999968},"num_concepts_raised":13514},{"base_id":269,"kind":"bot_words","i1":4,"i2":8,"sol":{"path":["/c/en/behalf","/c/en/place","/c/en/person","/c/en/praised"],"weight":0.2032299999999997},"num_concepts_raised":23881},{"base_id":269,"kind":"bot_words","i1":4,"i2":9,"sol":{"path":["/c/en/behalf","/c/en/half","/c/en/break","/c/en/collapse"],"weight":0.22030999999999828},"num_concepts_raised":50605},{"base_id":269,"kind":"bot_words","i1":5,"i2":6,"sol":{"path":["/c/en/sheet","/c/en/ice","/c/en/winter"],"weight":0.20500000000000002},"num_concepts_raised":1488},{"base_id":269,"kind":"bot_words","i1":5,"i2":7,"sol":{"path":["/c/en/sheet","/c/en/cover","/c/en/family","/c/en/paramyxovirus"],"weight":0.21422999999999773},"num_concepts_raised":198591},{"base_id":269,"kind":"bot_words","i1":5,"i2":8,"sol":{"path":["/c/en/sheet","/c/en/bed","/c/en/praise","/c/en/praised"],"weight":0.21413999999999772},"num_concepts_raised":208376},{"base_id":269,"kind":"bot_words","i1":5,"i2":9,"sol":{"path":["/c/en/sheet","/c/en/leaf","/c/en/fall","/c/en/collapse"],"weight":0.2321899999999963},"num_concepts_raised":232721},{"base_id":269,"kind":"bot_words","i1":6,"i2":7,"sol":{"path":["/c/en/winter","/c/en/cold","/c/en/virus","/c/en/myxovirus","/c/en/paramyxovirus"],"weight":0.2279999999999996},"num_concepts_raised":50064},{"base_id":269,"kind":"bot_words","i1":6,"i2":8,"sol":{"path":["/c/en/winter","/c/en/hot","/c/en/person","/c/en/praised"],"weight":0.22245999999999957},"num_concepts_raised":60091},{"base_id":269,"kind":"bot_words","i1":6,"i2":9,"sol":{"path":["/c/en/winter","/c/en/fall","/c/en/collapse"],"weight":0.20800000000000002},"num_concepts_raised":1424},{"base_id":269,"kind":"bot_words","i1":7,"i2":8,"sol":{"path":["/c/en/paramyxovirus","/c/en/family","/c/en/person","/c/en/praised"],"weight":0.20263999999999985},"num_concepts_raised":16128},{"base_id":269,"kind":"bot_words","i1":7,"i2":9,"sol":{"path":["/c/en/paramyxovirus","/c/en/family","/c/en/music","/c/en/breakdown","/c/en/collapse"],"weight":0.22125999999999846},"num_concepts_raised":43451},{"base_id":269,"kind":"bot_words","i1":8,"i2":9,"sol":{"path":["/c/en/praised","/c/en/person","/c/en/crash","/c/en/collapse"],"weight":0.21738999999999845},"num_concepts_raised":53547}],[{"base_id":269,"kind":"top_words","i1":0,"i2":1,"sol":{"path":["/c/en/frequency","/c/en/airspace","/c/en/broadcast","/c/en/simulcast"],"weight":0.21619999999999878},"num_concepts_raised":41054},{"base_id":269,"kind":"top_words","i1":0,"i2":2,"sol":{"path":["/c/en/frequency","/c/en/constantly","/c/pt/ininterruptamente","/c/en/uninterruptedly"],"weight":0.21668999999999877},"num_concepts_raised":39809},{"base_id":269,"kind":"top_words","i1":0,"i2":3,"sol":{"path":["/c/en/frequency","/c/en/period","/c/en/term","/c/en/license","/c/en/licensed"],"weight":0.21869999999999873},"num_concepts_raised":39422},{"base_id":269,"kind":"top_words","i1":0,"i2":4,"sol":{"path":["/c/en/frequency","/c/en/superheterodyne_receiver","/c/en/incoming","/c/en/inbound"],"weight":0.2165299999999988},"num_concepts_raised":41076},{"base_id":269,"kind":"top_words","i1":0,"i2":5,"sol":{"path":["/c/en/frequency","/c/en/sound","/c/en/bird","/c/en/lagopus"],"weight":0.22118999999999872},"num_concepts_raised":43220},{"base_id":269,"kind":"top_words","i1":0,"i2":6,"sol":{"path":["/c/en/frequency","/c/en/sound","/c/sa/कल्य","/c/en/admonitory","/c/en/dissuasive"],"weight":0.21674999999999883},"num_concepts_raised":38905},{"base_id":269,"kind":"top_words","i1":0,"i2":7,"sol":{"path":["/c/en/frequency","/c/en/high","/c/en/swift","/c/en/hepialidae"],"weight":0.2203899999999987},"num_concepts_raised":41422},{"base_id":269,"kind":"top_words","i1":0,"i2":8,"sol":{"path":["/c/en/frequency","/c/en/period","/c/en/historical","/c/en/ecbatana"],"weight":0.21751999999999877},"num_concepts_raised":47667},{"base_id":269,"kind":"top_words","i1":0,"i2":9,"sol":{"path":["/c/en/frequency","/c/en/property","/c/en/proprietary","/c/en/branded"],"weight":0.21623999999999877},"num_concepts_raised":39214},{"base_id":269,"kind":"top_words","i1":1,"i2":2,"sol":{"path":["/c/en/simulcast","/c/en/broadcast","/c/en/dead_air","/c/en/interruption","/c/en/uninterruptedly"],"weight":0.20396999999999993},"num_concepts_raised":4279},{"base_id":269,"kind":"top_words","i1":1,"i2":3,"sol":{"path":["/c/en/simulcast","/c/en/program","/c/en/software","/c/en/license","/c/en/licensed"],"weight":0.20386999999999988},"num_concepts_raised":3770},{"base_id":269,"kind":"top_words","i1":1,"i2":4,"sol":{"path":["/c/en/simulcast","/c/en/broadcast","/c/en/direction","/c/en/in","/c/en/inbound"],"weight":0.20395999999999992},"num_concepts_raised":5597},{"base_id":269,"kind":"top_words","i1":1,"i2":5,"sol":{"path":["/c/en/simulcast","/c/en/broadcast","/c/en/air","/c/en/bird","/c/en/lagopus"],"weight":0.20916999999999983},"num_concepts_raised":7656},{"base_id":269,"kind":"top_words","i1":1,"i2":6,"sol":{"path":["/c/en/simulcast","/c/en/program","/c/en/monitor","/c/en/admonitory","/c/en/dissuasive"],"weight":0.20378999999999997},"num_concepts_raised":3207},{"base_id":269,"kind":"top_words","i1":1,"i2":7,"sol":{"path":["/c/en/simulcast","/c/en/broadcast","/c/en/guest","/c/en/insect","/c/en/hepialidae"],"weight":0.20871999999999985},"num_concepts_raised":5790},{"base_id":269,"kind":"top_words","i1":1,"i2":8,"sol":{"path":["/c/en/simulcast","/c/en/broadcast","/c/en/agriculture","/c/en/iran","/c/en/ecbatana"],"weight":0.2038099999999999},"num_concepts_raised":12339},{"base_id":269,"kind":"top_words","i1":1,"i2":9,"sol":{"path":["/c/en/simulcast","/c/en/broadcast","/c/en/raid","/c/en/brand","/c/en/branded"],"weight":0.2035999999999999},"num_concepts_raised":3576},{"base_id":269,"kind":"top_words","i1":2,"i2":3,"sol":{"path":["/c/en/uninterruptedly","/c/en/prescription","/c/en/legal","/c/en/license","/c/en/licensed"],"weight":0.20419999999999988},"num_concepts_raised":2275},{"base_id":269,"kind":"top_words","i1":2,"i2":4,"sol":{"path":["/c/en/uninterruptedly","/c/fi/jatkuvasti","/c/en/away","/c/en/outbound","/c/en/inbound"],"weight":0.20420999999999995},"num_concepts_raised":4107},{"base_id":269,"kind":"top_words","i1":2,"i2":5,"sol":{"path":["/c/en/uninterruptedly","/c/en/interruption","/c/en/time","/c/en/bird","/c/en/lagopus"],"weight":0.20850999999999986},"num_concepts_raised":6165},{"base_id":269,"kind":"top_words","i1":2,"i2":6,"sol":{"path":["/c/en/uninterruptedly","/c/en/interrupt","/c/la/avoco","/c/en/dissuade","/c/en/dissuasive"],"weight":0.20314},"num_concepts_raised":1707},{"base_id":269,"kind":"top_words","i1":2,"i2":7,"sol":{"path":["/c/en/uninterruptedly","/c/en/interrupt","/c/en/computing","/c/en/swift","/c/en/hepialidae"],"weight":0.20808999999999983},"num_concepts_raised":4301},{"base_id":269,"kind":"top_words","i1":2,"i2":8,"sol":{"path":["/c/en/uninterruptedly","/c/en/interrupt","/c/en/computer","/c/en/historical","/c/en/ecbatana"],"weight":0.2031199999999999},"num_concepts_raised":10909},{"base_id":269,"kind":"top_words","i1":2,"i2":9,"sol":{"path":["/c/en/uninterruptedly","/c/en/prescription","/c/en/owner","/c/en/proprietary","/c/en/branded"],"weight":0.20391999999999988},"num_concepts_raised":2079},{"base_id":269,"kind":"top_words","i1":3,"i2":4,"sol":{"path":["/c/en/licensed","/c/en/eligible","/c/en/in","/c/en/inbound"],"weight":0.2030999999999999},"num_concepts_raised":3591},{"base_id":269,"kind":"top_words","i1":3,"i2":5,"sol":{"path":["/c/en/licensed","/c/en/license","/c/en/term","/c/en/bird","/c/en/lagopus"],"weight":0.2093999999999998},"num_concepts_raised":5643},{"base_id":269,"kind":"top_words","i1":3,"i2":6,"sol":{"path":["/c/en/licensed","/c/en/license","/c/en/behaviour","/c/en/disincentive","/c/en/dissuasive"],"weight":0.20399999999999993},"num_concepts_raised":1187},{"base_id":269,"kind":"top_words","i1":3,"i2":7,"sol":{"path":["/c/en/licensed","/c/en/license","/c/fa/پروانه","/c/en/moth","/c/en/hepialidae"],"weight":0.2090299999999998},"num_concepts_raised":3776},{"base_id":269,"kind":"top_words","i1":3,"i2":8,"sol":{"path":["/c/en/licensed","/c/en/bluegown","/c/en/historical","/c/en/ecbatana"],"weight":0.20291999999999988},"num_concepts_raised":10379},{"base_id":269,"kind":"top_words","i1":3,"i2":9,"sol":{"path":["/c/en/licensed","/c/en/license","/c/ja/特許","/c/en/proprietary","/c/en/branded"],"weight":0.20483999999999986},"num_concepts_raised":1559},{"base_id":269,"kind":"top_words","i1":4,"i2":5,"sol":{"path":["/c/en/inbound","/c/en/incoming","/c/en/ring","/c/en/bird","/c/en/lagopus"],"weight":0.20947999999999986},"num_concepts_raised":7472},{"base_id":269,"kind":"top_words","i1":4,"i2":6,"sol":{"path":["/c/en/inbound","/c/en/incoming","/c/en/listening_watch","/c/en/monitor","/c/en/admonitory","/c/en/dissuasive"],"weight":0.20968509999999996},"num_concepts_raised":220967},{"base_id":269,"kind":"top_words","i1":4,"i2":7,"sol":{"path":["/c/en/inbound","/c/en/in","/c/la/in","/c/en/insect","/c/en/hepialidae"],"weight":0.20806999999999987},"num_concepts_raised":5617},{"base_id":269,"kind":"top_words","i1":4,"i2":8,"sol":{"path":["/c/en/inbound","/c/en/incoming","/c/en/future","/c/en/historical","/c/en/ecbatana"],"weight":0.20410999999999993},"num_concepts_raised":12202},{"base_id":269,"kind":"top_words","i1":4,"i2":9,"sol":{"path":["/c/en/inbound","/c/en/inward","/c/en/body","/c/en/proprietary","/c/en/branded"],"weight":0.2038699999999999},"num_concepts_raised":3398},{"base_id":269,"kind":"top_words","i1":5,"i2":6,"sol":{"path":["/c/en/lagopus","/c/en/bird","/c/en/squawk","/c/en/warning","/c/en/admonitory","/c/en/dissuasive"],"weight":0.21382999999999935},"num_concepts_raised":270473},{"base_id":269,"kind":"top_words","i1":5,"i2":7,"sol":{"path":["/c/en/lagopus","/c/en/bird","/c/en/swift","/c/en/hepialidae"],"weight":0.21327999999999975},"num_concepts_raised":7603},{"base_id":269,"kind":"top_words","i1":5,"i2":8,"sol":{"path":["/c/en/lagopus","/c/en/bird","/c/en/blackbird","/c/en/historical","/c/en/ecbatana"],"weight":0.20831999999999984},"num_concepts_raised":14246},{"base_id":269,"kind":"top_words","i1":5,"i2":9,"sol":{"path":["/c/en/lagopus","/c/en/bird","/c/en/owner","/c/en/proprietary","/c/en/branded"],"weight":0.2091499999999998},"num_concepts_raised":5444},{"base_id":269,"kind":"top_words","i1":6,"i2":7,"sol":{"path":["/c/en/dissuasive","/c/en/admonitory","/c/en/exemplary","/c/en/high","/c/en/swift","/c/en/hepialidae"],"weight":0.21192469999999974},"num_concepts_raised":141239},{"base_id":269,"kind":"top_words","i1":6,"i2":8,"sol":{"path":["/c/en/dissuasive","/c/en/admonitory","/c/en/exemplary","/c/en/paradigmatic","/c/en/historical","/c/en/ecbatana"],"weight":0.20838029999999863},"num_concepts_raised":364724},{"base_id":269,"kind":"top_words","i1":6,"i2":9,"sol":{"path":["/c/en/dissuasive","/c/en/discouraging","/c/en/discouraged","/c/en/person","/c/en/proprietary","/c/en/branded"],"weight":0.2090187999999999},"num_concepts_raised":99362},{"base_id":269,"kind":"top_words","i1":7,"i2":8,"sol":{"path":["/c/en/hepialidae","/c/en/insect","/c/en/fly","/c/en/historical","/c/en/ecbatana"],"weight":0.20789999999999983},"num_concepts_raised":12398},{"base_id":269,"kind":"top_words","i1":7,"i2":9,"sol":{"path":["/c/en/hepialidae","/c/en/insect","/c/en/generic","/c/en/unbranded","/c/en/branded"],"weight":0.20769999999999983},"num_concepts_raised":3585},{"base_id":269,"kind":"top_words","i1":8,"i2":9,"sol":{"path":["/c/en/ecbatana","/c/en/hamadan","/c/en/city","/c/en/brand","/c/en/branded"],"weight":0.2038199999999999},"num_concepts_raised":10188}]]