[[{"base_id":111,"kind":"bot_words","i1":0,"i2":1,"sol":{"path":["/c/en/protected","/c/en/programming","/c/en/work","/c/en/use"],"weight":0.2308899999999947},"num_concepts_raised":206657},{"base_id":111,"kind":"bot_words","i1":0,"i2":2,"sol":{"path":["/c/en/protected","/c/en/secure","/c/en/bond","/c/en/adhere"],"weight":0.212729999999999},"num_concepts_raised":32306},{"base_id":111,"kind":"bot_words","i1":0,"i2":3,"sol":{"path":["/c/en/protected","/c/en/immune","/c/en/medicine","/c/en/anaesthesiology"],"weight":0.20474999999999982},"num_concepts_raised":25211},{"base_id":111,"kind":"bot_words","i1":0,"i2":4,"sol":{"path":["/c/en/protected","/c/en/friend","/c/en/bird","/c/en/chachalaca"],"weight":0.21189999999999976},"num_concepts_raised":16321},{"base_id":111,"kind":"bot_words","i1":0,"i2":5,"sol":{"path":["/c/en/protected","/c/en/safe","/c/en/uk","/c/en/niggle"],"weight":0.20507999999999973},"num_concepts_raised":20240},{"base_id":111,"kind":"bot_words","i1":0,"i2":6,"sol":{"path":["/c/en/protected","/c/en/protect","/c/en/umbrella","/c/en/lightweight","/c/en/whippersnapper"],"weight":0.20591999999999977},"num_concepts_raised":14754},{"base_id":111,"kind":"bot_words","i1":0,"i2":7,"sol":{"path":["/c/en/protected","/c/en/snug","/c/en/british","/c/en/muffin"],"weight":0.21291999999999991},"num_concepts_raised":52076},{"base_id":111,"kind":"bot_words","i1":0,"i2":8,"sol":{"path":["/c/en/protected","/c/en/turn","/c/en/taking","/c/en/stocktaking"],"weight":0.2045199999999998},"num_concepts_raised":14675},{"base_id":111,"kind":"bot_words","i1":0,"i2":9,"sol":{"path":["/c/en/protected","/c/en/naked","/c/es/viringo","/c/en/colombia","/c/en/bogota"],"weight":0.20510999999999974},"num_concepts_raised":12424},{"base_id":111,"kind":"bot_words","i1":1,"i2":2,"sol":{"path":["/c/en/use","/c/en/take","/c/en/adhere"],"weight":0.203},"num_concepts_raised":2129},{"base_id":111,"kind":"bot_words","i1":1,"i2":3,"sol":{"path":["/c/en/use","/c/en/administer","/c/en/anaesthesiology"],"weight":0.202},"num_concepts_raised":1803},{"base_id":111,"kind":"bot_words","i1":1,"i2":4,"sol":{"path":["/c/en/use","/c/en/time","/c/en/bird","/c/en/chachalaca"],"weight":0.23345999999999478},"num_concepts_raised":201491},{"base_id":111,"kind":"bot_words","i1":1,"i2":5,"sol":{"path":["/c/en/use","/c/en/practice","/c/en/fiddle","/c/en/niggle"],"weight":0.22889999999999477},"num_concepts_raised":204022},{"base_id":111,"kind":"bot_words","i1":1,"i2":6,"sol":{"path":["/c/en/use","/c/en/enjoy","/c/en/young","/c/en/whippersnapper"],"weight":0.2273099999999948},"num_concepts_raised":199871},{"base_id":111,"kind":"bot_words","i1":1,"i2":7,"sol":{"path":["/c/en/use","/c/en/work","/c/en/slang","/c/en/muffin"],"weight":0.23737999999999498},"num_concepts_raised":231136},{"base_id":111,"kind":"bot_words","i1":1,"i2":8,"sol":{"path":["/c/en/use","/c/en/take","/c/en/taking","/c/en/stocktaking"],"weight":0.22743999999999484},"num_concepts_raised":199411},{"base_id":111,"kind":"bot_words","i1":1,"i2":9,"sol":{"path":["/c/en/use","/c/en/work","/c/es/pega","/c/en/colombia","/c/en/bogota"],"weight":0.22944999999999477},"num_concepts_raised":197921},{"base_id":111,"kind":"bot_words","i1":2,"i2":3,"sol":{"path":["/c/en/adhere","/c/en/adherence","/c/en/medicine","/c/en/anaesthesiology"],"weight":0.20970999999999912},"num_concepts_raised":34212},{"base_id":111,"kind":"bot_words","i1":2,"i2":4,"sol":{"path":["/c/en/adhere","/c/en/stick","/c/en/bat","/c/en/bird","/c/en/chachalaca"],"weight":0.218419999999999},"num_concepts_raised":25410},{"base_id":111,"kind":"bot_words","i1":2,"i2":5,"sol":{"path":["/c/en/adhere","/c/en/bind","/c/en/uk","/c/en/niggle"],"weight":0.20779999999999904},"num_concepts_raised":29205},{"base_id":111,"kind":"bot_words","i1":2,"i2":6,"sol":{"path":["/c/en/adhere","/c/en/break","/c/en/bugger","/c/en/whippersnapper"],"weight":0.20765999999999907},"num_concepts_raised":23816},{"base_id":111,"kind":"bot_words","i1":2,"i2":7,"sol":{"path":["/c/en/adhere","/c/en/stick","/c/en/slang","/c/en/muffin"],"weight":0.21848999999999918},"num_concepts_raised":61278},{"base_id":111,"kind":"bot_words","i1":2,"i2":8,"sol":{"path":["/c/en/adhere","/c/en/stick","/c/en/stock","/c/en/stocktaking"],"weight":0.21101999999999907},"num_concepts_raised":23667},{"base_id":111,"kind":"bot_words","i1":2,"i2":9,"sol":{"path":["/c/en/adhere","/c/en/take","/c/es/coger","/c/en/colombia","/c/en/bogota"],"weight":0.20803999999999903},"num_concepts_raised":21512},{"base_id":111,"kind":"bot_words","i1":3,"i2":4,"sol":{"path":["/c/en/anaesthesiology","/c/en/medicine","/c/en/syrinx","/c/en/bird","/c/en/chachalaca"],"weight":0.21020999999999987},"num_concepts_raised":17909},{"base_id":111,"kind":"bot_words","i1":3,"i2":5,"sol":{"path":["/c/en/anaesthesiology","/c/en/medicine","/c/en/music","/c/en/fiddle","/c/en/niggle"],"weight":0.20301999999999987},"num_concepts_raised":21896},{"base_id":111,"kind":"bot_words","i1":3,"i2":6,"sol":{"path":["/c/en/anaesthesiology","/c/en/medicine","/c/en/slang","/c/en/snapper","/c/en/whippersnapper"],"weight":0.2031499999999999},"num_concepts_raised":16353},{"base_id":111,"kind":"bot_words","i1":3,"i2":7,"sol":{"path":["/c/en/anaesthesiology","/c/en/medicine","/c/en/slang","/c/en/muffin"],"weight":0.21022000000000005},"num_concepts_raised":54411},{"base_id":111,"kind":"bot_words","i1":3,"i2":8,"sol":{"path":["/c/en/anaesthesiology","/c/en/science","/c/en/index","/c/en/take_stock","/c/en/stocktaking"],"weight":0.2037599999999999},"num_concepts_raised":16285},{"base_id":111,"kind":"bot_words","i1":3,"i2":9,"sol":{"path":["/c/en/anaesthesiology","/c/en/medicine","/c/en/cabinet","/c/fr/gouvernement","/c/fr/bogota","/c/en/bogota"],"weight":0.21006739999999807},"num_concepts_raised":615630},{"base_id":111,"kind":"bot_words","i1":4,"i2":5,"sol":{"path":["/c/en/chachalaca","/c/en/bird","/c/en/uk","/c/en/niggle"],"weight":0.21012999999999976},"num_concepts_raised":12985},{"base_id":111,"kind":"bot_words","i1":4,"i2":6,"sol":{"path":["/c/en/chachalaca","/c/en/bird","/c/en/slang","/c/en/snapper","/c/en/whippersnapper"],"weight":0.2103399999999998},"num_concepts_raised":7344},{"base_id":111,"kind":"bot_words","i1":4,"i2":7,"sol":{"path":["/c/en/chachalaca","/c/en/bird","/c/en/slang","/c/en/muffin"],"weight":0.21741999999999995},"num_concepts_raised":45619},{"base_id":111,"kind":"bot_words","i1":4,"i2":8,"sol":{"path":["/c/en/chachalaca","/c/en/bird","/c/en/animal","/c/en/stock","/c/en/stocktaking"],"weight":0.21008999999999983},"num_concepts_raised":7340},{"base_id":111,"kind":"bot_words","i1":4,"i2":9,"sol":{"path":["/c/en/chachalaca","/c/en/bird","/c/en/black_necked_screamer","/c/en/colombia","/c/en/bogota"],"weight":0.21053999999999978},"num_concepts_raised":4992},{"base_id":111,"kind":"bot_words","i1":5,"i2":6,"sol":{"path":["/c/en/niggle","/c/en/uk","/c/en/cheeky","/c/en/whippersnapper"],"weight":0.2030699999999998},"num_concepts_raised":11380},{"base_id":111,"kind":"bot_words","i1":5,"i2":7,"sol":{"path":["/c/en/niggle","/c/en/uk","/c/en/cake","/c/en/muffin"],"weight":0.21031999999999995},"num_concepts_raised":47992},{"base_id":111,"kind":"bot_words","i1":5,"i2":8,"sol":{"path":["/c/en/niggle","/c/en/uk","/c/en/stock","/c/en/stocktaking"],"weight":0.20280999999999982},"num_concepts_raised":11373},{"base_id":111,"kind":"bot_words","i1":5,"i2":9,"sol":{"path":["/c/en/niggle","/c/en/fiddle","/c/en/country","/c/en/colombia","/c/en/bogota"],"weight":0.20332999999999976},"num_concepts_raised":9082},{"base_id":111,"kind":"bot_words","i1":6,"i2":7,"sol":{"path":["/c/en/whippersnapper","/c/en/snapper","/c/en/slang","/c/en/muffin"],"weight":0.21039},"num_concepts_raised":44055},{"base_id":111,"kind":"bot_words","i1":6,"i2":8,"sol":{"path":["/c/en/whippersnapper","/c/ar/قزم","/c/en/stock","/c/en/stocktaking"],"weight":0.20293999999999987},"num_concepts_raised":5765},{"base_id":111,"kind":"bot_words","i1":6,"i2":9,"sol":{"path":["/c/en/whippersnapper","/c/en/young","/c/fr/jeune","/c/fr/gouvernement","/c/fr/bogota","/c/en/bogota"],"weight":0.20885019999999957},"num_concepts_raised":386156},{"base_id":111,"kind":"bot_words","i1":7,"i2":8,"sol":{"path":["/c/en/muffin","/c/en/muff","/c/en/pipe","/c/en/stock","/c/en/stocktaking"],"weight":0.21208000000000002},"num_concepts_raised":44005},{"base_id":111,"kind":"bot_words","i1":7,"i2":9,"sol":{"path":["/c/en/muffin","/c/en/food","/c/en/commissariat","/c/en/colombia","/c/en/bogota"],"weight":0.21063999999999994},"num_concepts_raised":41874},{"base_id":111,"kind":"bot_words","i1":8,"i2":9,"sol":{"path":["/c/en/stocktaking","/c/en/stock","/c/en/festival","/c/en/colombia","/c/en/bogota"],"weight":0.20320999999999984},"num_concepts_raised":3397}],[{"base_id":111,"kind":"top_words","i1":0,"i2":1,"sol":{"path":["/c/en/malayan","/c/en/malay","/c/en/legal","/c/en/property","/c/en/asymptotic"],"weight":0.20696999999999993},"num_concepts_raised":19488},{"base_id":111,"kind":"top_words","i1":0,"i2":2,"sol":{"path":["/c/en/malayan","/c/fr/géographie","/c/en/pass","/c/en/happen","/c/en/betide"],"weight":0.20314999999999983},"num_concepts_raised":10842},{"base_id":111,"kind":"top_words","i1":0,"i2":3,"sol":{"path":["/c/en/malayan","/c/en/malaysia","/c/en/hainanese"],"weight":0.20500000000000002},"num_concepts_raised":64},{"base_id":111,"kind":"top_words","i1":0,"i2":4,"sol":{"path":["/c/en/malayan","/c/en/malay","/c/en/singapore"],"weight":0.21000000000000002},"num_concepts_raised":496},{"base_id":111,"kind":"top_words","i1":0,"i2":5,"sol":{"path":["/c/en/malayan","/c/en/malay","/c/en/legal","/c/en/compound","/c/en/lewisite"],"weight":0.21169999999999978},"num_concepts_raised":13260},{"base_id":111,"kind":"top_words","i1":0,"i2":6,"sol":{"path":["/c/en/malayan","/c/ms/melayu","/c/en/language","/c/en/sext"],"weight":0.2037399999999998},"num_concepts_raised":42483},{"base_id":111,"kind":"top_words","i1":0,"i2":7,"sol":{"path":["/c/en/malayan","/c/en/malaysia","/c/en/state","/c/en/poor","/c/en/poverty"],"weight":0.22176999999999952},"num_concepts_raised":23544},{"base_id":111,"kind":"top_words","i1":0,"i2":8,"sol":{"path":["/c/en/malayan","/c/en/malay","/c/en/legal","/c/en/service","/c/en/serviceability"],"weight":0.20762999999999981},"num_concepts_raised":10445},{"base_id":111,"kind":"top_words","i1":0,"i2":9,"sol":{"path":["/c/en/malayan","/c/en/malay","/c/en/pineapple","/c/en/slang","/c/en/chunder"],"weight":0.20772999999999994},"num_concepts_raised":28266},{"base_id":111,"kind":"top_words","i1":1,"i2":2,"sol":{"path":["/c/en/asymptotic","/c/en/value","/c/en/worth","/c/en/betide"],"weight":0.20306999999999992},"num_concepts_raised":12693},{"base_id":111,"kind":"top_words","i1":1,"i2":3,"sol":{"path":["/c/en/asymptotic","/c/en/mathematics","/c/en/language","/c/en/hainanese"],"weight":0.2082299999999999},"num_concepts_raised":20419},{"base_id":111,"kind":"top_words","i1":1,"i2":4,"sol":{"path":["/c/en/asymptotic","/c/en/mathematics","/c/en/on","/c/en/singapore"],"weight":0.21947999999999934},"num_concepts_raised":30578},{"base_id":111,"kind":"top_words","i1":1,"i2":5,"sol":{"path":["/c/en/asymptotic","/c/en/mathematics","/c/en/complex","/c/en/compound","/c/en/lewisite"],"weight":0.20827999999999985},"num_concepts_raised":15266},{"base_id":111,"kind":"top_words","i1":1,"i2":6,"sol":{"path":["/c/en/asymptotic","/c/en/value","/c/en/six","/c/en/sext"],"weight":0.20462999999999987},"num_concepts_raised":44010},{"base_id":111,"kind":"top_words","i1":1,"i2":7,"sol":{"path":["/c/en/asymptotic","/c/en/property","/c/en/wealth","/c/en/poverty"],"weight":0.2195799999999996},"num_concepts_raised":25289},{"base_id":111,"kind":"top_words","i1":1,"i2":8,"sol":{"path":["/c/en/asymptotic","/c/en/mathematics","/c/en/function","/c/en/service","/c/en/serviceability"],"weight":0.2042199999999999},"num_concepts_raised":12430},{"base_id":111,"kind":"top_words","i1":1,"i2":9,"sol":{"path":["/c/en/asymptotic","/c/en/mathematics","/c/en/upset","/c/en/vomit","/c/en/chunder"],"weight":0.20534000000000002},"num_concepts_raised":30204},{"base_id":111,"kind":"top_words","i1":2,"i2":3,"sol":{"path":["/c/en/betide","/c/en/happen","/c/en/go","/c/en/china","/c/en/hainanese"],"weight":0.2079199999999998},"num_concepts_raised":11824},{"base_id":111,"kind":"top_words","i1":2,"i2":4,"sol":{"path":["/c/en/betide","/c/en/tide","/c/en/sea","/c/en/southeast_asia","/c/en/singapore"],"weight":0.22109999999999924},"num_concepts_raised":22214},{"base_id":111,"kind":"top_words","i1":2,"i2":5,"sol":{"path":["/c/en/betide","/c/en/occur","/c/en/isobutyric_acid","/c/en/chemical_compound","/c/en/lewisite"],"weight":0.20781999999999975},"num_concepts_raised":6631},{"base_id":111,"kind":"top_words","i1":2,"i2":6,"sol":{"path":["/c/en/betide","/c/en/tide","/c/en/time","/c/en/canonical_hour","/c/en/sext"],"weight":0.20423999999999978},"num_concepts_raised":35873},{"base_id":111,"kind":"top_words","i1":2,"i2":7,"sol":{"path":["/c/en/betide","/c/en/happen","/c/en/fortune","/c/en/poverty"],"weight":0.21496999999999955},"num_concepts_raised":16865},{"base_id":111,"kind":"top_words","i1":2,"i2":8,"sol":{"path":["/c/en/betide","/c/en/happen","/c/en/work","/c/en/service","/c/en/serviceability"],"weight":0.2037699999999998},"num_concepts_raised":3810},{"base_id":111,"kind":"top_words","i1":2,"i2":9,"sol":{"path":["/c/en/betide","/c/en/occur","/c/en/run","/c/en/australia","/c/en/chunder"],"weight":0.2038899999999999},"num_concepts_raised":21646},{"base_id":111,"kind":"top_words","i1":3,"i2":4,"sol":{"path":["/c/en/hainanese","/c/en/singapore"],"weight":0.20800000000000002},"num_concepts_raised":494},{"base_id":111,"kind":"top_words","i1":3,"i2":5,"sol":{"path":["/c/en/hainanese","/c/en/china","/c/en/music","/c/en/compound","/c/en/lewisite"],"weight":0.21302999999999972},"num_concepts_raised":14235},{"base_id":111,"kind":"top_words","i1":3,"i2":6,"sol":{"path":["/c/en/hainanese","/c/en/language","/c/en/sext"],"weight":0.20400000000000001},"num_concepts_raised":90},{"base_id":111,"kind":"top_words","i1":3,"i2":7,"sol":{"path":["/c/en/hainanese","/c/en/china","/c/en/fortune","/c/en/poverty"],"weight":0.22015999999999952},"num_concepts_raised":24464},{"base_id":111,"kind":"top_words","i1":3,"i2":8,"sol":{"path":["/c/en/hainanese","/c/en/china","/c/en/tableware","/c/en/service","/c/en/serviceability"],"weight":0.20895999999999978},"num_concepts_raised":11417},{"base_id":111,"kind":"top_words","i1":3,"i2":9,"sol":{"path":["/c/en/hainanese","/c/en/language","/c/en/slang","/c/en/chunder"],"weight":0.2089599999999999},"num_concepts_raised":28953},{"base_id":111,"kind":"top_words","i1":4,"i2":5,"sol":{"path":["/c/en/singapore","/c/en/southeast_asia","/c/en/ternate","/c/en/compound","/c/en/lewisite"],"weight":0.22623999999999916},"num_concepts_raised":24700},{"base_id":111,"kind":"top_words","i1":4,"i2":6,"sol":{"path":["/c/en/singapore","/c/en/singlish","/c/en/language","/c/en/sext"],"weight":0.2216199999999992},"num_concepts_raised":52740},{"base_id":111,"kind":"top_words","i1":4,"i2":7,"sol":{"path":["/c/en/singapore","/c/en/asia","/c/en/slavery","/c/en/poverty"],"weight":0.23123999999999895},"num_concepts_raised":34524},{"base_id":111,"kind":"top_words","i1":4,"i2":8,"sol":{"path":["/c/en/singapore","/c/en/malay","/c/en/legal","/c/en/service","/c/en/serviceability"],"weight":0.2221199999999992},"num_concepts_raised":21847},{"base_id":111,"kind":"top_words","i1":4,"i2":9,"sol":{"path":["/c/en/singapore","/c/en/reach","/c/en/vomit","/c/en/chunder"],"weight":0.22118999999999933},"num_concepts_raised":38669},{"base_id":111,"kind":"top_words","i1":5,"i2":6,"sol":{"path":["/c/en/lewisite","/c/en/compound","/c/en/music","/c/en/sext"],"weight":0.2083499999999997},"num_concepts_raised":38345},{"base_id":111,"kind":"top_words","i1":5,"i2":7,"sol":{"path":["/c/en/lewisite","/c/en/compound","/c/en/botany","/c/it/miseria","/c/en/poverty"],"weight":0.22211999999999948},"num_concepts_raised":19347},{"base_id":111,"kind":"top_words","i1":5,"i2":8,"sol":{"path":["/c/en/lewisite","/c/en/compound","/c/en/account","/c/en/service","/c/en/serviceability"],"weight":0.20886999999999975},"num_concepts_raised":6237},{"base_id":111,"kind":"top_words","i1":5,"i2":9,"sol":{"path":["/c/en/lewisite","/c/en/chemical_compound","/c/en/phenyldichloroarsine","/c/en/vomit","/c/en/chunder"],"weight":0.21003999999999984},"num_concepts_raised":24079},{"base_id":111,"kind":"top_words","i1":6,"i2":7,"sol":{"path":["/c/en/sext","/c/en/two","/c/en/need","/c/en/poverty"],"weight":0.21583999999999948},"num_concepts_raised":48081},{"base_id":111,"kind":"top_words","i1":6,"i2":8,"sol":{"path":["/c/en/sext","/c/en/service","/c/en/serviceability"],"weight":0.203},"num_concepts_raised":88},{"base_id":111,"kind":"top_words","i1":6,"i2":9,"sol":{"path":["/c/en/sext","/c/en/pipe","/c/en/slang","/c/en/chunder"],"weight":0.20435999999999988},"num_concepts_raised":52539},{"base_id":111,"kind":"top_words","i1":7,"i2":8,"sol":{"path":["/c/en/poverty","/c/grc/χρεία","/c/en/service","/c/en/serviceability"],"weight":0.21592999999999954},"num_concepts_raised":16462},{"base_id":111,"kind":"top_words","i1":7,"i2":9,"sol":{"path":["/c/en/poverty","/c/en/povvo","/c/en/slang","/c/en/chunder"],"weight":0.21608999999999962},"num_concepts_raised":34013},{"base_id":111,"kind":"top_words","i1":8,"i2":9,"sol":{"path":["/c/en/serviceability","/c/en/service","/c/en/boot","/c/en/vomit","/c/en/chunder"],"weight":0.20598999999999992},"num_concepts_raised":21255}]]