[[{"base_id":740,"kind":"bot_words","i1":0,"i2":1,"sol":{"path":["/c/en/dispatch","/c/en/discharge","/c/en/medicine","/c/en/intubation"],"weight":0.20902999999999866,"degrees":[585,934,11938,29]},"num_concepts_raised":58925},{"base_id":740,"kind":"bot_words","i1":0,"i2":2,"sol":{"path":["/c/en/dispatch","/c/en/discharge","/c/en/textiles","/c/en/shisha"],"weight":0.2089899999999987,"degrees":[585,934,192,34]},"num_concepts_raised":43233},{"base_id":740,"kind":"bot_words","i1":0,"i2":3,"sol":{"path":["/c/en/dispatch","/c/en/computing","/c/en/language","/c/en/lapp","/c/en/lapland"],"weight":0.2192299999999986,"degrees":[585,9084,4160,48,109]},"num_concepts_raised":41055},{"base_id":740,"kind":"bot_words","i1":0,"i2":4,"sol":{"path":["/c/en/dispatch","/c/en/send","/c/en/turn","/c/en/squint","/c/en/squinting"],"weight":0.21170999999999862,"degrees":[585,990,2413,276,31]},"num_concepts_raised":40196},{"base_id":740,"kind":"bot_words","i1":0,"i2":5,"sol":{"path":["/c/en/dispatch","/c/en/departure","/c/en/difference","/c/en/otherness"],"weight":0.20900999999999864,"degrees":[585,428,693,45]},"num_concepts_raised":40957},{"base_id":740,"kind":"bot_words","i1":0,"i2":6,"sol":{"path":["/c/en/dispatch","/c/en/send","/c/en/tea","/c/en/theism"],"weight":0.21888999999999892,"degrees":[585,990,922,232]},"num_concepts_raised":48879},{"base_id":740,"kind":"bot_words","i1":0,"i2":7,"sol":{"path":["/c/en/dispatch","/c/en/send","/c/en/move","/c/en/whirr"],"weight":0.21139999999999853,"degrees":[585,990,2810,88]},"num_concepts_raised":48271},{"base_id":740,"kind":"bot_words","i1":0,"i2":8,"sol":{"path":["/c/en/dispatch","/c/la/lego","/c/en/selection","/c/en/choice"],"weight":0.21934999999999782,"degrees":[585,424,410,600]},"num_concepts_raised":87113},{"base_id":740,"kind":"bot_words","i1":0,"i2":9,"sol":{"path":["/c/en/dispatch","/c/en/send","/c/en/get_off","/c/en/rude"],"weight":0.21656999999999732,"degrees":[585,990,228,563]},"num_concepts_raised":80134},{"base_id":740,"kind":"bot_words","i1":1,"i2":2,"sol":{"path":["/c/en/intubation","/c/en/medicine","/c/en/water","/c/en/hookah","/c/en/shisha"],"weight":0.20413999999999993,"degrees":[29,11938,4606,211,34]},"num_concepts_raised":25268},{"base_id":740,"kind":"bot_words","i1":1,"i2":3,"sol":{"path":["/c/en/intubation","/c/en/medicine","/c/en/patch","/c/sv/lapp","/c/en/lapp","/c/en/lapland"],"weight":0.21925449999999805,"degrees":[29,11938,642,36,48,109]},"num_concepts_raised":545751},{"base_id":740,"kind":"bot_words","i1":1,"i2":4,"sol":{"path":["/c/en/intubation","/c/fr/médecine","/c/en/squint","/c/en/squinting"],"weight":0.20375999999999983,"degrees":[29,9990,276,31]},"num_concepts_raised":22105},{"base_id":740,"kind":"bot_words","i1":1,"i2":5,"sol":{"path":["/c/en/intubation","/c/en/medicine","/c/en/incompatible","/c/en/different","/c/en/otherness"],"weight":0.20311999999999988,"degrees":[29,11938,191,823,45]},"num_concepts_raised":22951},{"base_id":740,"kind":"bot_words","i1":1,"i2":6,"sol":{"path":["/c/en/intubation","/c/en/medicine","/c/en/ism","/c/en/theism"],"weight":0.21103000000000016,"degrees":[29,11938,209,232]},"num_concepts_raised":30917},{"base_id":740,"kind":"bot_words","i1":1,"i2":7,"sol":{"path":["/c/en/intubation","/c/en/medicine","/c/en/sound","/c/en/whirr"],"weight":0.20363999999999974,"degrees":[29,11938,3218,88]},"num_concepts_raised":30804},{"base_id":740,"kind":"bot_words","i1":1,"i2":8,"sol":{"path":["/c/en/intubation","/c/en/medicine","/c/en/slang","/c/en/choice"],"weight":0.20980999999999908,"degrees":[29,11938,16318,600]},"num_concepts_raised":71978},{"base_id":740,"kind":"bot_words","i1":1,"i2":9,"sol":{"path":["/c/en/intubation","/c/en/medicine","/c/en/insult","/c/en/rude"],"weight":0.20882999999999852,"degrees":[29,11938,575,563]},"num_concepts_raised":63607},{"base_id":740,"kind":"bot_words","i1":2,"i2":3,"sol":{"path":["/c/en/shisha","/c/fr/narguilé","/c/fr/pays","/c/en/russia","/c/en/lapland"],"weight":0.20907999999999988,"degrees":[34,92,5104,984,109]},"num_concepts_raised":7111},{"base_id":740,"kind":"bot_words","i1":2,"i2":4,"sol":{"path":["/c/en/shisha","/c/en/metal","/c/en/bright","/c/en/squint","/c/en/squinting"],"weight":0.20384999999999986,"degrees":[34,2107,1381,276,31]},"num_concepts_raised":6286},{"base_id":740,"kind":"bot_words","i1":2,"i2":5,"sol":{"path":["/c/en/shisha","/c/en/bong","/c/en/pot","/c/en/other","/c/en/otherness"],"weight":0.20317999999999992,"degrees":[34,92,1260,970,45]},"num_concepts_raised":7124},{"base_id":740,"kind":"bot_words","i1":2,"i2":6,"sol":{"path":["/c/en/shisha","/c/en/metal","/c/en/pan","/c/en/pandeism","/c/en/theism"],"weight":0.2153100000000002,"degrees":[34,2107,880,108,232]},"num_concepts_raised":15178},{"base_id":740,"kind":"bot_words","i1":2,"i2":7,"sol":{"path":["/c/en/shisha","/c/en/bong","/c/en/sound","/c/en/whirr"],"weight":0.20373999999999978,"degrees":[34,92,3218,88]},"num_concepts_raised":15017},{"base_id":740,"kind":"bot_words","i1":2,"i2":8,"sol":{"path":["/c/en/shisha","/c/en/metal","/c/en/pick","/c/en/choice"],"weight":0.2111099999999991,"degrees":[34,2107,915,600]},"num_concepts_raised":56170},{"base_id":740,"kind":"bot_words","i1":2,"i2":9,"sol":{"path":["/c/en/shisha","/c/en/metal","/c/en/raw","/c/en/rude"],"weight":0.2090699999999986,"degrees":[34,2107,515,563]},"num_concepts_raised":47812},{"base_id":740,"kind":"bot_words","i1":3,"i2":4,"sol":{"path":["/c/en/lapland","/c/en/russia","/c/en/star","/c/en/mole","/c/en/squinting"],"weight":0.2088699999999998,"degrees":[109,984,2132,1084,31]},"num_concepts_raised":3901},{"base_id":740,"kind":"bot_words","i1":3,"i2":5,"sol":{"path":["/c/en/lapland","/c/en/lapp","/c/en/same","/c/en/different","/c/en/otherness"],"weight":0.21336999999999984,"degrees":[109,48,833,823,45]},"num_concepts_raised":4747},{"base_id":740,"kind":"bot_words","i1":3,"i2":6,"sol":{"path":["/c/en/lapland","/c/en/lapp","/c/en/human","/c/en/anthropotheism","/c/en/theism"],"weight":0.2212600000000001,"degrees":[109,48,2645,8,232]},"num_concepts_raised":12815},{"base_id":740,"kind":"bot_words","i1":3,"i2":7,"sol":{"path":["/c/en/lapland","/c/en/lapp","/c/en/human","/c/en/sound","/c/en/whirr"],"weight":0.21384999999999968,"degrees":[109,48,2645,3218,88]},"num_concepts_raised":12726},{"base_id":740,"kind":"bot_words","i1":3,"i2":8,"sol":{"path":["/c/en/lapland","/c/en/lapp","/c/en/language","/c/en/slang","/c/en/choice"],"weight":0.22004999999999902,"degrees":[109,48,4160,16318,600]},"num_concepts_raised":54127},{"base_id":740,"kind":"bot_words","i1":3,"i2":9,"sol":{"path":["/c/en/lapland","/c/en/lapp","/c/en/human","/c/en/person","/c/en/rude"],"weight":0.21926999999999847,"degrees":[109,48,2645,12935,563]},"num_concepts_raised":45641},{"base_id":740,"kind":"bot_words","i1":4,"i2":5,"sol":{"path":["/c/en/squinting","/c/en/squint","/c/en/different","/c/en/otherness"],"weight":0.20399999999999985,"degrees":[31,276,823,45]},"num_concepts_raised":3915},{"base_id":740,"kind":"bot_words","i1":4,"i2":6,"sol":{"path":["/c/en/squinting","/c/en/mole","/c/fr/physique","/c/fr/théisme","/c/en/theism"],"weight":0.2173400000000001,"degrees":[31,1084,6029,55,232]},"num_concepts_raised":11993},{"base_id":740,"kind":"bot_words","i1":4,"i2":7,"sol":{"path":["/c/en/squinting","/c/en/squint","/c/en/motion","/c/en/whirr"],"weight":0.20437999999999973,"degrees":[31,276,1045,88]},"num_concepts_raised":11867},{"base_id":740,"kind":"bot_words","i1":4,"i2":8,"sol":{"path":["/c/en/squinting","/c/en/mole","/c/en/bad","/c/en/choice"],"weight":0.20964999999999906,"degrees":[31,1084,1728,600]},"num_concepts_raised":53215},{"base_id":740,"kind":"bot_words","i1":4,"i2":9,"sol":{"path":["/c/en/squinting","/c/en/glare","/c/en/mean","/c/en/rude"],"weight":0.2088199999999985,"degrees":[31,253,1314,563]},"num_concepts_raised":44741},{"base_id":740,"kind":"bot_words","i1":5,"i2":6,"sol":{"path":["/c/en/otherness","/c/fr/altérité","/c/fr/philosophie","/c/fr/théisme","/c/en/theism"],"weight":0.21968000000000015,"degrees":[45,40,1482,55,232]},"num_concepts_raised":12816},{"base_id":740,"kind":"bot_words","i1":5,"i2":7,"sol":{"path":["/c/en/otherness","/c/en/distinct","/c/en/bell","/c/en/buzz","/c/en/whirr"],"weight":0.20493999999999973,"degrees":[45,397,1216,366,88]},"num_concepts_raised":12711},{"base_id":740,"kind":"bot_words","i1":5,"i2":8,"sol":{"path":["/c/en/otherness","/c/en/other","/c/en/alternative","/c/en/choice"],"weight":0.21026999999999907,"degrees":[45,970,302,600]},"num_concepts_raised":53789},{"base_id":740,"kind":"bot_words","i1":5,"i2":9,"sol":{"path":["/c/en/otherness","/c/en/different","/c/en/person","/c/en/rude"],"weight":0.20918999999999852,"degrees":[45,823,12935,563]},"num_concepts_raised":45506},{"base_id":740,"kind":"bot_words","i1":6,"i2":7,"sol":{"path":["/c/en/theism","/c/en/pandeism","/c/en/create","/c/en/move","/c/en/whirr"],"weight":0.21585000000000004,"degrees":[232,108,817,2810,88]},"num_concepts_raised":20746},{"base_id":740,"kind":"bot_words","i1":6,"i2":8,"sol":{"path":["/c/en/theism","/c/en/god","/c/en/good","/c/en/choice"],"weight":0.22072999999999934,"degrees":[232,1774,2615,600]},"num_concepts_raised":61623},{"base_id":740,"kind":"bot_words","i1":6,"i2":9,"sol":{"path":["/c/en/theism","/c/en/god","/c/en/person","/c/en/rude"],"weight":0.2199799999999988,"degrees":[232,1774,12935,563]},"num_concepts_raised":53274},{"base_id":740,"kind":"bot_words","i1":7,"i2":8,"sol":{"path":["/c/en/whirr","/c/en/move","/c/en/decision","/c/en/choice"],"weight":0.21264999999999895,"degrees":[88,2810,697,600]},"num_concepts_raised":61087},{"base_id":740,"kind":"bot_words","i1":7,"i2":9,"sol":{"path":["/c/en/whirr","/c/en/move","/c/en/person","/c/en/rude"],"weight":0.20962999999999837,"degrees":[88,2810,12935,563]},"num_concepts_raised":52929},{"base_id":740,"kind":"bot_words","i1":8,"i2":9,"sol":{"path":["/c/en/choice","/c/en/fresh","/c/en/rude"],"weight":0.202,"degrees":[600,880,563]},"num_concepts_raised":980}],[{"base_id":740,"kind":"top_words","i1":0,"i2":1,"sol":{"path":["/c/en/sons","/c/en/son","/c/en/young","/c/en/geology","/c/en/dryas"],"weight":0.20901999999999973,"degrees":[26,1299,1813,3862,53]},"num_concepts_raised":16542},{"base_id":740,"kind":"top_words","i1":0,"i2":2,"sol":{"path":["/c/en/sons","/c/en/children","/c/en/old","/c/en/eldest"],"weight":0.21137999999999946,"degrees":[26,992,2028,154]},"num_concepts_raised":13137},{"base_id":740,"kind":"top_words","i1":0,"i2":3,"sol":{"path":["/c/en/sons","/c/en/father","/c/en/unit","/c/en/atto"],"weight":0.20294999999999996,"degrees":[26,1655,1582,29]},"num_concepts_raised":10266},{"base_id":740,"kind":"top_words","i1":0,"i2":4,"sol":{"path":["/c/en/sons","/c/en/father","/c/en/priest","/c/en/laocoön"],"weight":0.20920000000000022,"degrees":[26,1655,1101,96]},"num_concepts_raised":7327},{"base_id":740,"kind":"top_words","i1":0,"i2":5,"sol":{"path":["/c/en/sons","/c/en/albany","/c/en/city","/c/en/tikrit"],"weight":0.20797999999999972,"degrees":[26,109,3758,59]},"num_concepts_raised":7506},{"base_id":740,"kind":"top_words","i1":0,"i2":6,"sol":{"path":["/c/en/sons","/c/en/son","/c/en/relative","/c/en/shiva","/c/en/siva","/c/en/kartikeya"],"weight":0.21257489999999948,"degrees":[26,1299,931,195,13,45]},"num_concepts_raised":264172},{"base_id":740,"kind":"top_words","i1":0,"i2":7,"sol":{"path":["/c/en/sons","/c/en/son","/c/en/javan","/c/en/japheth"],"weight":0.20964999999999986,"degrees":[26,1299,28,90]},"num_concepts_raised":18222},{"base_id":740,"kind":"top_words","i1":0,"i2":8,"sol":{"path":["/c/en/sons","/c/en/son","/c/en/family","/c/en/rank","/c/en/earldom"],"weight":0.20407999999999976,"degrees":[26,1299,3166,1403,52]},"num_concepts_raised":15569},{"base_id":740,"kind":"top_words","i1":0,"i2":9,"sol":{"path":["/c/en/sons","/c/en/albany","/c/en/city","/c/en/samarra"],"weight":0.21016999999999975,"degrees":[26,109,3758,63]},"num_concepts_raised":8703},{"base_id":740,"kind":"top_words","i1":1,"i2":2,"sol":{"path":["/c/en/dryas","/c/en/plant","/c/en/book","/c/en/eldest"],"weight":0.21435999999999936,"degrees":[53,7959,3239,154]},"num_concepts_raised":21473},{"base_id":740,"kind":"top_words","i1":1,"i2":3,"sol":{"path":["/c/en/dryas","/c/en/geology","/c/en/unit","/c/en/atto"],"weight":0.20812999999999984,"degrees":[53,3862,1582,29]},"num_concepts_raised":18529},{"base_id":740,"kind":"top_words","i1":1,"i2":4,"sol":{"path":["/c/en/dryas","/c/eo/driado","/c/en/greek_mythology","/c/en/laocoön"],"weight":0.2143800000000001,"degrees":[53,7,1305,96]},"num_concepts_raised":15651},{"base_id":740,"kind":"top_words","i1":1,"i2":5,"sol":{"path":["/c/en/dryas","/c/en/plant","/c/en/factory","/c/en/city","/c/en/tikrit"],"weight":0.21330999999999956,"degrees":[53,7959,910,3758,59]},"num_concepts_raised":15785},{"base_id":740,"kind":"top_words","i1":1,"i2":6,"sol":{"path":["/c/en/dryas","/c/en/plant","/c/en/puya","/c/en/hindu","/c/en/siva","/c/en/kartikeya"],"weight":0.21599799999999847,"degrees":[53,7959,29,302,13,45]},"num_concepts_raised":513278},{"base_id":740,"kind":"top_words","i1":1,"i2":7,"sol":{"path":["/c/en/dryas","/c/en/plant","/c/en/person","/c/en/japheth"],"weight":0.21391999999999972,"degrees":[53,7959,12935,90]},"num_concepts_raised":26548},{"base_id":740,"kind":"top_words","i1":1,"i2":8,"sol":{"path":["/c/en/dryas","/c/en/geology","/c/fr/croûte","/c/fr/comté","/c/en/earldom"],"weight":0.20825999999999967,"degrees":[53,3862,196,364,52]},"num_concepts_raised":23793},{"base_id":740,"kind":"top_words","i1":1,"i2":9,"sol":{"path":["/c/en/dryas","/c/en/stage","/c/en/place","/c/en/city","/c/en/samarra"],"weight":0.2154899999999996,"degrees":[53,1366,3314,3758,63]},"num_concepts_raised":16971},{"base_id":740,"kind":"top_words","i1":2,"i2":3,"sol":{"path":["/c/en/eldest","/c/en/age","/c/en/unit","/c/en/atto"],"weight":0.2114199999999996,"degrees":[154,1544,1582,29]},"num_concepts_raised":15248},{"base_id":740,"kind":"top_words","i1":2,"i2":4,"sol":{"path":["/c/en/eldest","/c/en/old","/c/en/ancient","/c/en/trojan","/c/en/laocoön"],"weight":0.21776999999999985,"degrees":[154,2028,1083,148,96]},"num_concepts_raised":12405},{"base_id":740,"kind":"top_words","i1":2,"i2":5,"sol":{"path":["/c/en/eldest","/c/en/book","/c/en/city","/c/en/tikrit"],"weight":0.21443999999999933,"degrees":[154,3239,3758,59]},"num_concepts_raised":12507},{"base_id":740,"kind":"top_words","i1":2,"i2":6,"sol":{"path":["/c/en/eldest","/c/en/english_language","/c/en/hindu","/c/en/siva","/c/en/kartikeya"],"weight":0.21423999999999938,"degrees":[154,579,302,13,45]},"num_concepts_raised":9296},{"base_id":740,"kind":"top_words","i1":2,"i2":7,"sol":{"path":["/c/en/eldest","/c/en/old","/c/en/old_testament","/c/en/japheth"],"weight":0.2172399999999995,"degrees":[154,2028,407,90]},"num_concepts_raised":23083},{"base_id":740,"kind":"top_words","i1":2,"i2":8,"sol":{"path":["/c/en/eldest","/c/en/first","/c/en/rank","/c/en/earldom"],"weight":0.2114799999999994,"degrees":[154,1502,1403,52]},"num_concepts_raised":20493},{"base_id":740,"kind":"top_words","i1":2,"i2":9,"sol":{"path":["/c/en/eldest","/c/en/book","/c/en/city","/c/en/samarra"],"weight":0.21660999999999936,"degrees":[154,3239,3758,63]},"num_concepts_raised":13669},{"base_id":740,"kind":"top_words","i1":3,"i2":4,"sol":{"path":["/c/en/atto","/c/en/unit","/c/en/business","/c/en/trojan_horse","/c/en/laocoön"],"weight":0.20929000000000036,"degrees":[29,1582,2538,248,96]},"num_concepts_raised":9386},{"base_id":740,"kind":"top_words","i1":3,"i2":5,"sol":{"path":["/c/en/atto","/c/en/unit","/c/en/apartment","/c/en/city","/c/en/tikrit"],"weight":0.20821999999999982,"degrees":[29,1582,699,3758,59]},"num_concepts_raised":9502},{"base_id":740,"kind":"top_words","i1":3,"i2":6,"sol":{"path":["/c/en/atto","/c/en/unit","/c/en/person","/c/ja/韋駄天","/c/de/skanda","/c/en/kartikeya"],"weight":0.21061819999999964,"degrees":[29,1582,12935,11,3,45]},"num_concepts_raised":296815},{"base_id":740,"kind":"top_words","i1":3,"i2":7,"sol":{"path":["/c/en/atto","/c/en/unit","/c/en/person","/c/en/japheth"],"weight":0.20884999999999998,"degrees":[29,1582,12935,90]},"num_concepts_raised":20304},{"base_id":740,"kind":"top_words","i1":3,"i2":8,"sol":{"path":["/c/en/atto","/c/en/unit","/c/en/borough","/c/fr/comté","/c/en/earldom"],"weight":0.2031799999999999,"degrees":[29,1582,311,364,52]},"num_concepts_raised":17551},{"base_id":740,"kind":"top_words","i1":3,"i2":9,"sol":{"path":["/c/en/atto","/c/en/unit","/c/en/country","/c/en/city","/c/en/samarra"],"weight":0.21041999999999983,"degrees":[29,1582,2796,3758,63]},"num_concepts_raised":10696},{"base_id":740,"kind":"top_words","i1":4,"i2":5,"sol":{"path":["/c/en/laocoön","/c/en/greek_mythology","/c/en/paris","/c/en/city","/c/en/tikrit"],"weight":0.21452000000000007,"degrees":[96,1305,450,3758,59]},"num_concepts_raised":6624},{"base_id":740,"kind":"top_words","i1":4,"i2":6,"sol":{"path":["/c/en/laocoön","/c/en/priest","/c/fr/religion","/c/en/hindu","/c/en/siva","/c/en/kartikeya"],"weight":0.21878900000000007,"degrees":[96,1101,6634,302,13,45]},"num_concepts_raised":261916},{"base_id":740,"kind":"top_words","i1":4,"i2":7,"sol":{"path":["/c/en/laocoön","/c/en/priest","/c/en/person","/c/en/japheth"],"weight":0.21506000000000022,"degrees":[96,1101,12935,90]},"num_concepts_raised":17417},{"base_id":740,"kind":"top_words","i1":4,"i2":8,"sol":{"path":["/c/en/laocoön","/c/fr/prêtre","/c/th/พระ","/c/en/rank","/c/en/earldom"],"weight":0.2097600000000001,"degrees":[96,525,36,1403,52]},"num_concepts_raised":14679},{"base_id":740,"kind":"top_words","i1":4,"i2":9,"sol":{"path":["/c/en/laocoön","/c/en/greek_mythology","/c/en/paris","/c/en/city","/c/en/samarra"],"weight":0.2167100000000001,"degrees":[96,1305,450,3758,63]},"num_concepts_raised":7827},{"base_id":740,"kind":"top_words","i1":5,"i2":6,"sol":{"path":["/c/en/tikrit","/c/en/city","/c/en/temple","/c/en/hindu","/c/en/siva","/c/en/kartikeya"],"weight":0.2157903999999991,"degrees":[59,3758,1126,302,13,45]},"num_concepts_raised":351511},{"base_id":740,"kind":"top_words","i1":5,"i2":7,"sol":{"path":["/c/en/tikrit","/c/en/city","/c/en/london","/c/en/ham","/c/en/japheth"],"weight":0.21613999999999972,"degrees":[59,3758,612,508,90]},"num_concepts_raised":17569},{"base_id":740,"kind":"top_words","i1":5,"i2":8,"sol":{"path":["/c/en/tikrit","/c/en/city","/c/en/rike","/c/en/earldom"],"weight":0.20823999999999962,"degrees":[59,3758,17,52]},"num_concepts_raised":14796},{"base_id":740,"kind":"top_words","i1":5,"i2":9,"sol":{"path":["/c/en/tikrit","/c/en/city","/c/en/samarra"],"weight":0.20700000000000002,"degrees":[59,3758,63]},"num_concepts_raised":116},{"base_id":740,"kind":"top_words","i1":6,"i2":7,"sol":{"path":["/c/en/kartikeya","/c/de/skanda","/c/ja/韋駄天","/c/en/person","/c/en/japheth"],"weight":0.21381999999999976,"degrees":[45,3,11,12935,90]},"num_concepts_raised":14331},{"base_id":740,"kind":"top_words","i1":6,"i2":8,"sol":{"path":["/c/en/kartikeya","/c/en/siva","/c/en/hindu","/c/en/cow","/c/en/jersey","/c/en/earldom"],"weight":0.21095849999999852,"degrees":[45,13,302,1438,6919,52]},"num_concepts_raised":574947},{"base_id":740,"kind":"top_words","i1":6,"i2":9,"sol":{"path":["/c/en/kartikeya","/c/en/siva","/c/en/hindu","/c/en/temple","/c/en/city","/c/en/samarra"],"weight":0.2187584999999988,"degrees":[45,13,302,1126,3758,63]},"num_concepts_raised":339695},{"base_id":740,"kind":"top_words","i1":7,"i2":8,"sol":{"path":["/c/en/japheth","/c/en/person","/c/en/domain","/c/en/earldom"],"weight":0.20886999999999978,"degrees":[90,12935,559,52]},"num_concepts_raised":25553},{"base_id":740,"kind":"top_words","i1":7,"i2":9,"sol":{"path":["/c/en/japheth","/c/en/ham","/c/en/london","/c/en/city","/c/en/samarra"],"weight":0.21834999999999974,"degrees":[90,508,612,3758,63]},"num_concepts_raised":18751},{"base_id":740,"kind":"top_words","i1":8,"i2":9,"sol":{"path":["/c/en/earldom","/c/en/rike","/c/en/city","/c/en/samarra"],"weight":0.21040999999999965,"degrees":[52,17,3758,63]},"num_concepts_raised":15975}]]