[[{"base_id":233,"kind":"bot_words","i1":0,"i2":1,"sol":{"path":["/c/en/forester","/c/fr/forestier","/c/fr/charge","/c/fr/physique","/c/en/kilovolt"],"weight":0.2063599999999998,"degrees":[116,111,656,6029,43]},"num_concepts_raised":14235},{"base_id":233,"kind":"bot_words","i1":0,"i2":2,"sol":{"path":["/c/en/forester","/c/en/forest","/c/en/desert","/c/en/sweet","/c/en/semisweet"],"weight":0.2051199999999998,"degrees":[116,1500,1105,1309,26]},"num_concepts_raised":7873},{"base_id":233,"kind":"bot_words","i1":0,"i2":3,"sol":{"path":["/c/en/forester","/c/en/forest","/c/en/lake","/c/en/drain","/c/en/draining"],"weight":0.20643999999999962,"degrees":[116,1500,1347,664,71]},"num_concepts_raised":7557},{"base_id":233,"kind":"bot_words","i1":0,"i2":4,"sol":{"path":["/c/en/forester","/c/en/woodsman","/c/en/work","/c/en/dockworker"],"weight":0.20418999999999987,"degrees":[116,58,4013,42]},"num_concepts_raised":9820},{"base_id":233,"kind":"bot_words","i1":0,"i2":5,"sol":{"path":["/c/en/forester","/c/en/forest","/c/en/unit","/c/en/military_unit","/c/en/mujahidin"],"weight":0.20389999999999978,"degrees":[116,1500,1582,150,27]},"num_concepts_raised":5817},{"base_id":233,"kind":"bot_words","i1":0,"i2":6,"sol":{"path":["/c/en/forester","/c/en/forest","/c/en/plant","/c/en/ramp","/c/en/rampage"],"weight":0.20603999999999972,"degrees":[116,1500,7959,306,98]},"num_concepts_raised":12444},{"base_id":233,"kind":"bot_words","i1":0,"i2":7,"sol":{"path":["/c/en/forester","/c/en/forest","/c/en/bird","/c/en/skimmer"],"weight":0.2122499999999996,"degrees":[116,1500,4970,129]},"num_concepts_raised":21506},{"base_id":233,"kind":"bot_words","i1":0,"i2":8,"sol":{"path":["/c/en/forester","/c/en/pupil","/c/en/zoology","/c/en/monotreme"],"weight":0.21094999999999975,"degrees":[116,785,8127,167]},"num_concepts_raised":24791},{"base_id":233,"kind":"bot_words","i1":0,"i2":9,"sol":{"path":["/c/en/forester","/c/en/forest","/c/en/historical","/c/en/fiction","/c/en/narnia"],"weight":0.21005000000000001,"degrees":[116,1500,8415,624,82]},"num_concepts_raised":5794},{"base_id":233,"kind":"bot_words","i1":1,"i2":2,"sol":{"path":["/c/en/kilovolt","/c/en/volt","/c/en/like","/c/en/sweet","/c/en/semisweet"],"weight":0.2061499999999999,"degrees":[43,237,2357,1309,26]},"num_concepts_raised":11741},{"base_id":233,"kind":"bot_words","i1":1,"i2":3,"sol":{"path":["/c/en/kilovolt","/c/fr/électricité","/c/en/drain","/c/en/draining"],"weight":0.2055299999999997,"degrees":[43,1994,664,71]},"num_concepts_raised":11422},{"base_id":233,"kind":"bot_words","i1":1,"i2":4,"sol":{"path":["/c/en/kilovolt","/c/en/volt","/c/en/power","/c/en/work","/c/en/dockworker"],"weight":0.20531999999999997,"degrees":[43,237,2205,4013,42]},"num_concepts_raised":13760},{"base_id":233,"kind":"bot_words","i1":1,"i2":5,"sol":{"path":["/c/en/kilovolt","/c/en/volt","/c/en/unit","/c/en/military_unit","/c/en/mujahidin"],"weight":0.20493999999999987,"degrees":[43,237,1582,150,27]},"num_concepts_raised":9679},{"base_id":233,"kind":"bot_words","i1":1,"i2":6,"sol":{"path":["/c/en/kilovolt","/c/en/volt","/c/en/shock","/c/en/action","/c/en/rampage"],"weight":0.20597999999999983,"degrees":[43,237,1065,2156,98]},"num_concepts_raised":16340},{"base_id":233,"kind":"bot_words","i1":1,"i2":7,"sol":{"path":["/c/en/kilovolt","/c/fr/physique","/c/en/magnetic","/c/en/skimmer"],"weight":0.2091799999999997,"degrees":[43,6029,338,129]},"num_concepts_raised":25344},{"base_id":233,"kind":"bot_words","i1":1,"i2":8,"sol":{"path":["/c/en/kilovolt","/c/fr/physique","/c/en/mole","/c/en/platypus","/c/en/monotreme"],"weight":0.21422999999999986,"degrees":[43,6029,1084,249,167]},"num_concepts_raised":28684},{"base_id":233,"kind":"bot_words","i1":1,"i2":9,"sol":{"path":["/c/en/kilovolt","/c/fr/physique","/c/en/twist","/c/en/fiction","/c/en/narnia"],"weight":0.20912000000000014,"degrees":[43,6029,1250,624,82]},"num_concepts_raised":9658},{"base_id":233,"kind":"bot_words","i1":2,"i2":3,"sol":{"path":["/c/en/semisweet","/c/en/sweet","/c/en/dry","/c/en/drain","/c/en/draining"],"weight":0.2062999999999997,"degrees":[26,1309,1434,664,71]},"num_concepts_raised":5062},{"base_id":233,"kind":"bot_words","i1":2,"i2":4,"sol":{"path":["/c/en/semisweet","/c/en/sweet","/c/en/sour","/c/en/work","/c/en/dockworker"],"weight":0.20417999999999997,"degrees":[26,1309,815,4013,42]},"num_concepts_raised":7414},{"base_id":233,"kind":"bot_words","i1":2,"i2":5,"sol":{"path":["/c/en/semisweet","/c/en/sweet","/c/en/person","/c/en/terrorism","/c/en/mujahidin"],"weight":0.20377999999999985,"degrees":[26,1309,12935,515,27]},"num_concepts_raised":3322},{"base_id":233,"kind":"bot_words","i1":2,"i2":6,"sol":{"path":["/c/en/semisweet","/c/en/tasty","/c/en/violent","/c/en/rampage"],"weight":0.2045899999999998,"degrees":[26,321,655,98]},"num_concepts_raised":9971},{"base_id":233,"kind":"bot_words","i1":2,"i2":7,"sol":{"path":["/c/en/semisweet","/c/en/bittersweet","/c/en/genus","/c/en/skimmer"],"weight":0.20893999999999968,"degrees":[26,161,2240,129]},"num_concepts_raised":19047},{"base_id":233,"kind":"bot_words","i1":2,"i2":8,"sol":{"path":["/c/en/semisweet","/c/en/digestive_biscuit","/c/en/digestive","/c/en/monotreme"],"weight":0.20958999999999983,"degrees":[26,20,128,167]},"num_concepts_raised":22338},{"base_id":233,"kind":"bot_words","i1":2,"i2":9,"sol":{"path":["/c/en/semisweet","/c/en/sweet","/c/en/candy","/c/en/historical","/c/en/fiction","/c/en/narnia"],"weight":0.21563269999999957,"degrees":[26,1309,599,8415,624,82]},"num_concepts_raised":242814},{"base_id":233,"kind":"bot_words","i1":3,"i2":4,"sol":{"path":["/c/en/draining","/c/en/drain","/c/en/water","/c/en/dock","/c/en/dockworker"],"weight":0.2055199999999998,"degrees":[71,664,4606,562,42]},"num_concepts_raised":7077},{"base_id":233,"kind":"bot_words","i1":3,"i2":5,"sol":{"path":["/c/en/draining","/c/en/drain","/c/en/water","/c/en/person","/c/en/terrorism","/c/en/mujahidin"],"weight":0.21012519999999968,"degrees":[71,664,4606,12935,515,27]},"num_concepts_raised":270191},{"base_id":233,"kind":"bot_words","i1":3,"i2":6,"sol":{"path":["/c/en/draining","/c/en/flush","/c/en/action","/c/en/rampage"],"weight":0.20400999999999964,"degrees":[71,458,2156,98]},"num_concepts_raised":9632},{"base_id":233,"kind":"bot_words","i1":3,"i2":7,"sol":{"path":["/c/en/draining","/c/en/flush","/c/en/bird","/c/en/skimmer"],"weight":0.2113499999999995,"degrees":[71,458,4970,129]},"num_concepts_raised":18743},{"base_id":233,"kind":"bot_words","i1":3,"i2":8,"sol":{"path":["/c/en/draining","/c/en/drain","/c/en/mole","/c/en/platypus","/c/en/monotreme"],"weight":0.2163299999999997,"degrees":[71,664,1084,249,167]},"num_concepts_raised":22017},{"base_id":233,"kind":"bot_words","i1":3,"i2":9,"sol":{"path":["/c/en/draining","/c/en/sewer","/c/en/historical","/c/en/fiction","/c/en/narnia"],"weight":0.20924999999999994,"degrees":[71,301,8415,624,82]},"num_concepts_raised":2991},{"base_id":233,"kind":"bot_words","i1":4,"i2":5,"sol":{"path":["/c/en/dockworker","/c/en/work","/c/en/force","/c/en/military_unit","/c/en/mujahidin"],"weight":0.20288999999999993,"degrees":[42,4013,1979,150,27]},"num_concepts_raised":5367},{"base_id":233,"kind":"bot_words","i1":4,"i2":6,"sol":{"path":["/c/en/dockworker","/c/en/work","/c/en/action","/c/en/rampage"],"weight":0.2039299999999999,"degrees":[42,4013,2156,98]},"num_concepts_raised":11727},{"base_id":233,"kind":"bot_words","i1":4,"i2":7,"sol":{"path":["/c/en/dockworker","/c/en/work","/c/en/shell","/c/en/skimmer"],"weight":0.20908999999999978,"degrees":[42,4013,1513,129]},"num_concepts_raised":21004},{"base_id":233,"kind":"bot_words","i1":4,"i2":8,"sol":{"path":["/c/en/dockworker","/c/en/wharfie","/c/en/australia","/c/en/platypus","/c/en/monotreme"],"weight":0.21516999999999992,"degrees":[42,18,2690,249,167]},"num_concepts_raised":24374},{"base_id":233,"kind":"bot_words","i1":4,"i2":9,"sol":{"path":["/c/en/dockworker","/c/en/work","/c/en/time","/c/en/fiction","/c/en/narnia"],"weight":0.2090100000000002,"degrees":[42,4013,4124,624,82]},"num_concepts_raised":5331},{"base_id":233,"kind":"bot_words","i1":5,"i2":6,"sol":{"path":["/c/en/mujahidin","/c/en/terrorism","/c/en/violence","/c/en/riot","/c/en/rampage"],"weight":0.20369999999999977,"degrees":[27,515,595,317,98]},"num_concepts_raised":7930},{"base_id":233,"kind":"bot_words","i1":5,"i2":7,"sol":{"path":["/c/en/mujahidin","/c/en/terrorism","/c/en/nest","/c/en/bird","/c/en/skimmer"],"weight":0.21095999999999965,"degrees":[27,515,1196,4970,129]},"num_concepts_raised":17048},{"base_id":233,"kind":"bot_words","i1":5,"i2":8,"sol":{"path":["/c/en/mujahidin","/c/en/terrorism","/c/en/person","/c/en/mammal","/c/en/monotreme"],"weight":0.20976999999999982,"degrees":[27,515,12935,2187,167]},"num_concepts_raised":20290},{"base_id":233,"kind":"bot_words","i1":5,"i2":9,"sol":{"path":["/c/en/mujahidin","/c/fr/moudjahid","/c/fr/histoire","/c/en/story","/c/en/fiction","/c/en/narnia"],"weight":0.21286799999999978,"degrees":[27,19,4439,1207,624,82]},"num_concepts_raised":101399},{"base_id":233,"kind":"bot_words","i1":6,"i2":7,"sol":{"path":["/c/en/rampage","/c/en/action","/c/en/read","/c/en/skimmer"],"weight":0.20982999999999963,"degrees":[98,2156,1419,129]},"num_concepts_raised":23489},{"base_id":233,"kind":"bot_words","i1":6,"i2":8,"sol":{"path":["/c/en/rampage","/c/en/act","/c/en/bill","/c/en/platypus","/c/en/monotreme"],"weight":0.21480999999999978,"degrees":[98,2503,1413,249,167]},"num_concepts_raised":26938},{"base_id":233,"kind":"bot_words","i1":6,"i2":9,"sol":{"path":["/c/en/rampage","/c/en/action","/c/en/fact","/c/en/fiction","/c/en/narnia"],"weight":0.20971,"degrees":[98,2156,649,624,82]},"num_concepts_raised":7912},{"base_id":233,"kind":"bot_words","i1":7,"i2":8,"sol":{"path":["/c/en/skimmer","/c/en/bird","/c/en/mammal","/c/en/monotreme"],"weight":0.21814999999999965,"degrees":[129,4970,2187,167]},"num_concepts_raised":35448},{"base_id":233,"kind":"bot_words","i1":7,"i2":9,"sol":{"path":["/c/en/skimmer","/c/en/bird","/c/en/time","/c/en/fiction","/c/en/narnia"],"weight":0.2170499999999999,"degrees":[129,4970,4124,624,82]},"num_concepts_raised":17021},{"base_id":233,"kind":"bot_words","i1":8,"i2":9,"sol":{"path":["/c/en/monotreme","/c/en/zoology","/c/en/science","/c/en/fiction","/c/en/narnia"],"weight":0.21587000000000006,"degrees":[167,8127,1674,624,82]},"num_concepts_raised":20265}],[{"base_id":233,"kind":"top_words","i1":0,"i2":1,"sol":{"path":["/c/en/nintendo","/c/en/company","/c/en/capcom"],"weight":0.20600000000000002,"degrees":[108,2258,42]},"num_concepts_raised":126},{"base_id":233,"kind":"top_words","i1":0,"i2":2,"sol":{"path":["/c/en/nintendo","/c/en/company","/c/en/sega"],"weight":0.20600000000000002,"degrees":[108,2258,77]},"num_concepts_raised":144},{"base_id":233,"kind":"top_words","i1":0,"i2":3,"sol":{"path":["/c/en/nintendo","/c/en/video_games","/c/en/playstation"],"weight":0.20600000000000002,"degrees":[108,684,78]},"num_concepts_raised":152},{"base_id":233,"kind":"top_words","i1":0,"i2":4,"sol":{"path":["/c/en/nintendo","/c/fr/jeux_vidéo","/c/en/mmorpg"],"weight":0.20400000000000001,"degrees":[108,179,26]},"num_concepts_raised":106},{"base_id":233,"kind":"top_words","i1":0,"i2":5,"sol":{"path":["/c/en/nintendo","/c/en/nes","/c/en/xbox"],"weight":0.20600000000000002,"degrees":[108,11,76]},"num_concepts_raised":154},{"base_id":233,"kind":"top_words","i1":0,"i2":6,"sol":{"path":["/c/en/nintendo","/c/en/company","/c/en/bungie"],"weight":0.20600000000000002,"degrees":[108,2258,29]},"num_concepts_raised":113},{"base_id":233,"kind":"top_words","i1":0,"i2":7,"sol":{"path":["/c/en/nintendo","/c/en/nes","/c/en/home_video_game_machine","/c/en/gamecube"],"weight":0.21405999999999975,"degrees":[108,11,17,49]},"num_concepts_raised":3943},{"base_id":233,"kind":"top_words","i1":0,"i2":8,"sol":{"path":["/c/en/nintendo","/c/en/company","/c/en/aria","/c/en/manga"],"weight":0.22555000000000036,"degrees":[108,2258,208,479]},"num_concepts_raised":44715},{"base_id":233,"kind":"top_words","i1":0,"i2":9,"sol":{"path":["/c/en/nintendo","/c/en/video_games","/c/en/arcade"],"weight":0.20600000000000002,"degrees":[108,684,154]},"num_concepts_raised":205},{"base_id":233,"kind":"top_words","i1":1,"i2":2,"sol":{"path":["/c/en/capcom","/c/en/company","/c/en/sega"],"weight":0.20600000000000002,"degrees":[42,2258,77]},"num_concepts_raised":100},{"base_id":233,"kind":"top_words","i1":1,"i2":3,"sol":{"path":["/c/en/capcom","/c/en/company","/c/en/boss","/c/en/video_games","/c/en/playstation"],"weight":0.21357999999999971,"degrees":[42,2258,723,684,78]},"num_concepts_raised":13296},{"base_id":233,"kind":"top_words","i1":1,"i2":4,"sol":{"path":["/c/en/capcom","/c/en/company","/c/en/circus","/c/en/video_game","/c/en/mmorpg"],"weight":0.2078399999999998,"degrees":[42,2258,487,754,26]},"num_concepts_raised":13377},{"base_id":233,"kind":"top_words","i1":1,"i2":5,"sol":{"path":["/c/en/capcom","/c/en/company","/c/en/microsoft","/c/en/xbox"],"weight":0.2134199999999996,"degrees":[42,2258,209,76]},"num_concepts_raised":13685},{"base_id":233,"kind":"top_words","i1":1,"i2":6,"sol":{"path":["/c/en/capcom","/c/en/company","/c/en/bungie"],"weight":0.20600000000000002,"degrees":[42,2258,29]},"num_concepts_raised":68},{"base_id":233,"kind":"top_words","i1":1,"i2":7,"sol":{"path":["/c/en/capcom","/c/en/company","/c/en/enterprise","/c/en/information_appliance","/c/en/gamecube"],"weight":0.21306999999999965,"degrees":[42,2258,395,37,49]},"num_concepts_raised":11889},{"base_id":233,"kind":"top_words","i1":1,"i2":8,"sol":{"path":["/c/en/capcom","/c/en/japan","/c/en/anime","/c/en/manga"],"weight":0.22519000000000022,"degrees":[42,915,385,479]},"num_concepts_raised":52117},{"base_id":233,"kind":"top_words","i1":1,"i2":9,"sol":{"path":["/c/en/capcom","/c/en/company","/c/en/structure","/c/en/arcade"],"weight":0.21453999999999962,"degrees":[42,2258,1619,154]},"num_concepts_raised":26915},{"base_id":233,"kind":"top_words","i1":2,"i2":3,"sol":{"path":["/c/en/sega","/c/en/video_games","/c/en/playstation"],"weight":0.20600000000000002,"degrees":[77,684,78]},"num_concepts_raised":126},{"base_id":233,"kind":"top_words","i1":2,"i2":4,"sol":{"path":["/c/en/sega","/c/en/video_games","/c/en/video_game","/c/en/mmorpg"],"weight":0.2084499999999999,"degrees":[77,684,754,26]},"num_concepts_raised":12272},{"base_id":233,"kind":"top_words","i1":2,"i2":5,"sol":{"path":["/c/en/sega","/c/en/home_video_game_machine","/c/en/xbox"],"weight":0.20600000000000002,"degrees":[77,17,76]},"num_concepts_raised":128},{"base_id":233,"kind":"top_words","i1":2,"i2":6,"sol":{"path":["/c/en/sega","/c/en/company","/c/en/bungie"],"weight":0.20600000000000002,"degrees":[77,2258,29]},"num_concepts_raised":87},{"base_id":233,"kind":"top_words","i1":2,"i2":7,"sol":{"path":["/c/en/sega","/c/en/home_video_game_machine","/c/en/gamecube"],"weight":0.20600000000000002,"degrees":[77,17,49]},"num_concepts_raised":106},{"base_id":233,"kind":"top_words","i1":2,"i2":8,"sol":{"path":["/c/en/sega","/c/en/music","/c/en/air","/c/en/manga"],"weight":0.22539000000000037,"degrees":[77,8822,1965,479]},"num_concepts_raised":51251},{"base_id":233,"kind":"top_words","i1":2,"i2":9,"sol":{"path":["/c/en/sega","/c/en/video_games","/c/en/arcade"],"weight":0.20600000000000002,"degrees":[77,684,154]},"num_concepts_raised":179},{"base_id":233,"kind":"top_words","i1":3,"i2":4,"sol":{"path":["/c/en/playstation","/c/en/video_game","/c/en/mmorpg"],"weight":0.20400000000000001,"degrees":[78,754,26]},"num_concepts_raised":87},{"base_id":233,"kind":"top_words","i1":3,"i2":5,"sol":{"path":["/c/en/playstation","/c/en/information_appliance","/c/en/xbox"],"weight":0.20600000000000002,"degrees":[78,37,76]},"num_concepts_raised":135},{"base_id":233,"kind":"top_words","i1":3,"i2":6,"sol":{"path":["/c/en/playstation","/c/en/console","/c/en/television","/c/en/company","/c/en/bungie"],"weight":0.21344999999999978,"degrees":[78,312,1498,2258,29]},"num_concepts_raised":3586},{"base_id":233,"kind":"top_words","i1":3,"i2":7,"sol":{"path":["/c/en/playstation","/c/en/information_appliance","/c/en/gamecube"],"weight":0.20600000000000002,"degrees":[78,37,49]},"num_concepts_raised":114},{"base_id":233,"kind":"top_words","i1":3,"i2":8,"sol":{"path":["/c/en/playstation","/c/en/video_game","/c/en/mouse","/c/en/manga"],"weight":0.2250700000000003,"degrees":[78,754,1280,479]},"num_concepts_raised":42653},{"base_id":233,"kind":"top_words","i1":3,"i2":9,"sol":{"path":["/c/en/playstation","/c/en/video_games","/c/en/arcade"],"weight":0.20600000000000002,"degrees":[78,684,154]},"num_concepts_raised":186},{"base_id":233,"kind":"top_words","i1":4,"i2":5,"sol":{"path":["/c/en/mmorpg","/c/en/video_game","/c/en/video_game_console","/c/en/xbox"],"weight":0.2082599999999997,"degrees":[26,754,142,76]},"num_concepts_raised":3531},{"base_id":233,"kind":"top_words","i1":4,"i2":6,"sol":{"path":["/c/en/mmorpg","/c/en/video_game","/c/en/gravity","/c/en/company","/c/en/bungie"],"weight":0.20770999999999984,"degrees":[26,754,563,2258,29]},"num_concepts_raised":3666},{"base_id":233,"kind":"top_words","i1":4,"i2":7,"sol":{"path":["/c/en/mmorpg","/c/en/video_game","/c/en/computer","/c/en/video_game_platform","/c/en/gamecube"],"weight":0.20788999999999974,"degrees":[26,754,2068,13,49]},"num_concepts_raised":1833},{"base_id":233,"kind":"top_words","i1":4,"i2":8,"sol":{"path":["/c/en/mmorpg","/c/en/video_game","/c/en/mouse","/c/en/manga"],"weight":0.21933000000000036,"degrees":[26,754,1280,479]},"num_concepts_raised":42734},{"base_id":233,"kind":"top_words","i1":4,"i2":9,"sol":{"path":["/c/en/mmorpg","/c/fr/jeux_vidéo","/c/ru/аркада","/c/en/arcade"],"weight":0.21135999999999971,"degrees":[26,179,31,154]},"num_concepts_raised":17016},{"base_id":233,"kind":"top_words","i1":5,"i2":6,"sol":{"path":["/c/en/xbox","/c/en/microsoft","/c/en/company","/c/en/bungie"],"weight":0.21328999999999965,"degrees":[76,209,2258,29]},"num_concepts_raised":3960},{"base_id":233,"kind":"top_words","i1":5,"i2":7,"sol":{"path":["/c/en/xbox","/c/en/home_video_game_machine","/c/en/gamecube"],"weight":0.20600000000000002,"degrees":[76,17,49]},"num_concepts_raised":116},{"base_id":233,"kind":"top_words","i1":5,"i2":8,"sol":{"path":["/c/en/xbox","/c/en/video_games","/c/en/doujinshi","/c/en/manga"],"weight":0.22479000000000018,"degrees":[76,684,18,479]},"num_concepts_raised":43057},{"base_id":233,"kind":"top_words","i1":5,"i2":9,"sol":{"path":["/c/en/xbox","/c/en/video_games","/c/en/arcade"],"weight":0.20600000000000002,"degrees":[76,684,154]},"num_concepts_raised":190},{"base_id":233,"kind":"top_words","i1":6,"i2":7,"sol":{"path":["/c/en/bungie","/c/en/company","/c/en/sega","/c/en/home_video_game_machine","/c/en/gamecube"],"weight":0.2129399999999997,"degrees":[29,2258,77,17,49]},"num_concepts_raised":2127},{"base_id":233,"kind":"top_words","i1":6,"i2":8,"sol":{"path":["/c/en/bungie","/c/en/company","/c/en/aria","/c/en/manga"],"weight":0.2243900000000003,"degrees":[29,2258,208,479]},"num_concepts_raised":42989},{"base_id":233,"kind":"top_words","i1":6,"i2":9,"sol":{"path":["/c/en/bungie","/c/en/company","/c/en/structure","/c/en/arcade"],"weight":0.21440999999999966,"degrees":[29,2258,1619,154]},"num_concepts_raised":17454},{"base_id":233,"kind":"top_words","i1":7,"i2":8,"sol":{"path":["/c/en/gamecube","/c/en/information_appliance","/c/en/airport","/c/en/air","/c/en/manga"],"weight":0.22455000000000022,"degrees":[49,37,644,1965,479]},"num_concepts_raised":41328},{"base_id":233,"kind":"top_words","i1":7,"i2":9,"sol":{"path":["/c/en/gamecube","/c/en/video_game_platform","/c/en/computer","/c/en/game","/c/en/arcade"],"weight":0.2146399999999996,"degrees":[49,13,2068,2308,154]},"num_concepts_raised":15713},{"base_id":233,"kind":"top_words","i1":8,"i2":9,"sol":{"path":["/c/en/manga","/c/en/magazine","/c/en/arch","/c/en/arcade"],"weight":0.2260600000000002,"degrees":[479,978,785,154]},"num_concepts_raised":55835}]]