[[{"base_id":803,"kind":"bot_words","i1":0,"i2":1,"sol":{"path":["/c/en/afterthought","/c/en/action","/c/en/character","/c/en/oberon"],"weight":0.2086399999999996,"degrees":[46,2156,1971,112]},"num_concepts_raised":22863},{"base_id":803,"kind":"bot_words","i1":0,"i2":2,"sol":{"path":["/c/en/afterthought","/c/en/additional","/c/en/unnecessary","/c/en/superfluous","/c/en/superfluity"],"weight":0.20537999999999978,"degrees":[46,256,220,255,56]},"num_concepts_raised":8023},{"base_id":803,"kind":"bot_words","i1":0,"i2":3,"sol":{"path":["/c/en/afterthought","/c/en/action","/c/en/lead","/c/en/symmetrical","/c/en/stellate"],"weight":0.20388999999999985,"degrees":[46,2156,2667,166,26]},"num_concepts_raised":8718},{"base_id":803,"kind":"bot_words","i1":0,"i2":4,"sol":{"path":["/c/en/afterthought","/c/en/action","/c/en/measure","/c/en/value","/c/en/worthlessness"],"weight":0.20338999999999968,"degrees":[46,2156,1837,1699,61]},"num_concepts_raised":10595},{"base_id":803,"kind":"bot_words","i1":0,"i2":5,"sol":{"path":["/c/en/afterthought","/c/en/action","/c/en/say","/c/en/utter"],"weight":0.21330999999999845,"degrees":[46,2156,999,668]},"num_concepts_raised":81349},{"base_id":803,"kind":"bot_words","i1":0,"i2":6,"sol":{"path":["/c/en/afterthought","/c/en/action","/c/en/music","/c/en/rock","/c/en/chondrite"],"weight":0.20854999999999985,"degrees":[46,2156,8822,2349,69]},"num_concepts_raised":7992},{"base_id":803,"kind":"bot_words","i1":0,"i2":7,"sol":{"path":["/c/en/afterthought","/c/en/action","/c/en/play","/c/en/fireman","/c/en/stoker"],"weight":0.2064499999999999,"degrees":[46,2156,3092,177,98]},"num_concepts_raised":8789},{"base_id":803,"kind":"bot_words","i1":0,"i2":8,"sol":{"path":["/c/en/afterthought","/c/en/action","/c/en/charge","/c/en/commission","/c/en/commissioner"],"weight":0.21582999999999958,"degrees":[46,2156,1848,447,173]},"num_concepts_raised":27676},{"base_id":803,"kind":"bot_words","i1":0,"i2":9,"sol":{"path":["/c/en/afterthought","/c/en/action","/c/en/cross","/c/en/snappish"],"weight":0.20326999999999984,"degrees":[46,2156,1512,42]},"num_concepts_raised":9443},{"base_id":803,"kind":"bot_words","i1":1,"i2":2,"sol":{"path":["/c/en/oberon","/c/en/australia","/c/en/redundancy","/c/en/superfluity"],"weight":0.2099099999999996,"degrees":[112,2690,197,56]},"num_concepts_raised":19648},{"base_id":803,"kind":"bot_words","i1":1,"i2":3,"sol":{"path":["/c/en/oberon","/c/en/planet","/c/en/star","/c/en/stellate"],"weight":0.20873999999999965,"degrees":[112,1123,2132,26]},"num_concepts_raised":19763},{"base_id":803,"kind":"bot_words","i1":1,"i2":4,"sol":{"path":["/c/en/oberon","/c/en/character","/c/en/quality","/c/en/worthlessness"],"weight":0.20882999999999952,"degrees":[112,1971,1710,61]},"num_concepts_raised":22163},{"base_id":803,"kind":"bot_words","i1":1,"i2":5,"sol":{"path":["/c/en/oberon","/c/en/character","/c/en/voice","/c/en/utter"],"weight":0.21711999999999826,"degrees":[112,1971,1403,668]},"num_concepts_raised":92987},{"base_id":803,"kind":"bot_words","i1":1,"i2":6,"sol":{"path":["/c/en/oberon","/c/fr/astronomie","/c/fr/chondrite","/c/en/chondrite"],"weight":0.21614999999999968,"degrees":[112,4725,14,69]},"num_concepts_raised":19532},{"base_id":803,"kind":"bot_words","i1":1,"i2":7,"sol":{"path":["/c/en/oberon","/c/en/moon","/c/en/man","/c/en/fireman","/c/en/stoker"],"weight":0.21210999999999974,"degrees":[112,1604,3068,177,98]},"num_concepts_raised":20363},{"base_id":803,"kind":"bot_words","i1":1,"i2":8,"sol":{"path":["/c/en/oberon","/c/en/character","/c/en/person","/c/en/commissioner"],"weight":0.21939999999999943,"degrees":[112,1971,12935,173]},"num_concepts_raised":39130},{"base_id":803,"kind":"bot_words","i1":1,"i2":9,"sol":{"path":["/c/en/oberon","/c/en/australia","/c/en/snap","/c/en/snappish"],"weight":0.21088999999999963,"degrees":[112,2690,634,42]},"num_concepts_raised":21072},{"base_id":803,"kind":"bot_words","i1":2,"i2":3,"sol":{"path":["/c/en/superfluity","/c/en/redundancy","/c/en/uk","/c/en/star","/c/en/stellate"],"weight":0.20420999999999984,"degrees":[56,197,5562,2132,26]},"num_concepts_raised":5412},{"base_id":803,"kind":"bot_words","i1":2,"i2":4,"sol":{"path":["/c/en/superfluity","/c/en/superfluous","/c/en/worthless","/c/en/worthlessness"],"weight":0.2056199999999997,"degrees":[56,255,523,61]},"num_concepts_raised":7311},{"base_id":803,"kind":"bot_words","i1":2,"i2":5,"sol":{"path":["/c/en/superfluity","/c/fr/superfluité","/c/en/literary","/c/en/utter"],"weight":0.21122999999999847,"degrees":[56,18,6728,668]},"num_concepts_raised":78741},{"base_id":803,"kind":"bot_words","i1":2,"i2":6,"sol":{"path":["/c/en/superfluity","/c/en/apheresis","/c/en/medicine","/c/it/condrite","/c/en/chondrite"],"weight":0.21065999999999985,"degrees":[56,105,11938,10,69]},"num_concepts_raised":4671},{"base_id":803,"kind":"bot_words","i1":2,"i2":7,"sol":{"path":["/c/en/superfluity","/c/en/excess","/c/en/steam","/c/en/fireman","/c/en/stoker"],"weight":0.20671999999999993,"degrees":[56,588,1036,177,98]},"num_concepts_raised":5495},{"base_id":803,"kind":"bot_words","i1":2,"i2":8,"sol":{"path":["/c/en/superfluity","/c/en/nun","/c/en/person","/c/en/commissioner"],"weight":0.2139599999999996,"degrees":[56,478,12935,173]},"num_concepts_raised":24540},{"base_id":803,"kind":"bot_words","i1":2,"i2":9,"sol":{"path":["/c/en/superfluity","/c/en/redundancy","/c/en/australia","/c/en/snap","/c/en/snappish"],"weight":0.20653999999999983,"degrees":[56,197,2690,634,42]},"num_concepts_raised":6179},{"base_id":803,"kind":"bot_words","i1":3,"i2":4,"sol":{"path":["/c/en/stellate","/c/en/symmetrical","/c/en/regular","/c/en/quality","/c/en/worthlessness"],"weight":0.20406999999999975,"degrees":[26,166,736,1710,61]},"num_concepts_raised":8053},{"base_id":803,"kind":"bot_words","i1":3,"i2":5,"sol":{"path":["/c/en/stellate","/c/en/star","/c/en/outer","/c/en/utter"],"weight":0.21105999999999853,"degrees":[26,2132,295,668]},"num_concepts_raised":79422},{"base_id":803,"kind":"bot_words","i1":3,"i2":6,"sol":{"path":["/c/en/stellate","/c/en/symmetrical","/c/en/fireball","/c/en/meteorite","/c/en/chondrite"],"weight":0.21140999999999993,"degrees":[26,166,93,338,69]},"num_concepts_raised":5340},{"base_id":803,"kind":"bot_words","i1":3,"i2":7,"sol":{"path":["/c/en/stellate","/c/en/star","/c/en/fire","/c/en/fireman","/c/en/stoker"],"weight":0.20639999999999997,"degrees":[26,2132,2829,177,98]},"num_concepts_raised":6176},{"base_id":803,"kind":"bot_words","i1":3,"i2":8,"sol":{"path":["/c/en/stellate","/c/en/star","/c/en/body","/c/en/commission","/c/en/commissioner"],"weight":0.21575999999999965,"degrees":[26,2132,3170,447,173]},"num_concepts_raised":25226},{"base_id":803,"kind":"bot_words","i1":3,"i2":9,"sol":{"path":["/c/en/stellate","/c/en/star","/c/en/uk","/c/en/snap","/c/en/snappish"],"weight":0.20518999999999987,"degrees":[26,2132,5562,634,42]},"num_concepts_raised":6850},{"base_id":803,"kind":"bot_words","i1":4,"i2":5,"sol":{"path":["/c/en/worthlessness","/c/en/quality","/c/en/say","/c/en/utter"],"weight":0.21335999999999833,"degrees":[61,1710,999,668]},"num_concepts_raised":81048},{"base_id":803,"kind":"bot_words","i1":4,"i2":6,"sol":{"path":["/c/en/worthlessness","/c/en/value","/c/en/object","/c/en/meteorite","/c/en/chondrite"],"weight":0.21088999999999974,"degrees":[61,1699,1642,338,69]},"num_concepts_raised":7304},{"base_id":803,"kind":"bot_words","i1":4,"i2":7,"sol":{"path":["/c/en/worthlessness","/c/en/value","/c/en/heat","/c/en/stoke","/c/en/stoker"],"weight":0.20646999999999982,"degrees":[61,1699,2046,121,98]},"num_concepts_raised":8132},{"base_id":803,"kind":"bot_words","i1":4,"i2":8,"sol":{"path":["/c/en/worthlessness","/c/en/value","/c/en/person","/c/en/commissioner"],"weight":0.21405999999999953,"degrees":[61,1699,12935,173]},"num_concepts_raised":27055},{"base_id":803,"kind":"bot_words","i1":4,"i2":9,"sol":{"path":["/c/en/worthlessness","/c/en/quality","/c/en/bite","/c/en/snappish"],"weight":0.20343999999999973,"degrees":[61,1710,1109,42]},"num_concepts_raised":8808},{"base_id":803,"kind":"bot_words","i1":5,"i2":6,"sol":{"path":["/c/en/utter","/c/en/massive","/c/en/rock","/c/en/chondrite"],"weight":0.21544999999999853,"degrees":[668,221,2349,69]},"num_concepts_raised":78729},{"base_id":803,"kind":"bot_words","i1":5,"i2":7,"sol":{"path":["/c/en/utter","/c/en/out","/c/en/poker","/c/en/stoker"],"weight":0.21249999999999858,"degrees":[668,1307,750,98]},"num_concepts_raised":79416},{"base_id":803,"kind":"bot_words","i1":5,"i2":8,"sol":{"path":["/c/en/utter","/c/la/mitto","/c/en/commission","/c/en/commissioner"],"weight":0.22287999999999827,"degrees":[668,218,447,173]},"num_concepts_raised":97120},{"base_id":803,"kind":"bot_words","i1":5,"i2":9,"sol":{"path":["/c/en/utter","/c/en/talk","/c/en/snap","/c/en/snappish"],"weight":0.2131799999999985,"degrees":[668,1956,634,42]},"num_concepts_raised":79971},{"base_id":803,"kind":"bot_words","i1":6,"i2":7,"sol":{"path":["/c/en/chondrite","/c/en/rock","/c/en/coal","/c/en/stoker"],"weight":0.20956999999999998,"degrees":[69,2349,1121,98]},"num_concepts_raised":5398},{"base_id":803,"kind":"bot_words","i1":6,"i2":8,"sol":{"path":["/c/en/chondrite","/c/en/rock","/c/en/person","/c/en/commissioner"],"weight":0.2192199999999997,"degrees":[69,2349,12935,173]},"num_concepts_raised":24498},{"base_id":803,"kind":"bot_words","i1":6,"i2":9,"sol":{"path":["/c/en/chondrite","/c/en/rock","/c/en/pop","/c/en/snap","/c/en/snappish"],"weight":0.2107999999999999,"degrees":[69,2349,458,634,42]},"num_concepts_raised":6101},{"base_id":803,"kind":"bot_words","i1":7,"i2":8,"sol":{"path":["/c/en/stoker","/c/en/coal","/c/en/person","/c/en/commissioner"],"weight":0.21481999999999973,"degrees":[98,1121,12935,173]},"num_concepts_raised":25171},{"base_id":803,"kind":"bot_words","i1":7,"i2":9,"sol":{"path":["/c/en/stoker","/c/en/fireman","/c/en/play","/c/en/snap","/c/en/snappish"],"weight":0.20865999999999996,"degrees":[98,177,3092,634,42]},"num_concepts_raised":6934},{"base_id":803,"kind":"bot_words","i1":8,"i2":9,"sol":{"path":["/c/en/commissioner","/c/en/person","/c/en/cross","/c/en/snappish"],"weight":0.21394999999999964,"degrees":[173,12935,1512,42]},"num_concepts_raised":25951}],[{"base_id":803,"kind":"top_words","i1":0,"i2":1,"sol":{"path":["/c/en/piracy","/c/en/infringement"],"weight":0.20400000000000001,"degrees":[229,108]},"num_concepts_raised":255},{"base_id":803,"kind":"top_words","i1":0,"i2":2,"sol":{"path":["/c/en/piracy","/c/en/intellectual_property","/c/en/intellectual"],"weight":0.20600000000000002,"degrees":[229,144,470]},"num_concepts_raised":514},{"base_id":803,"kind":"top_words","i1":0,"i2":3,"sol":{"path":["/c/en/piracy","/c/en/intellectual_property","/c/en/copyright"],"weight":0.20600000000000002,"degrees":[229,144,321]},"num_concepts_raised":398},{"base_id":803,"kind":"top_words","i1":0,"i2":4,"sol":{"path":["/c/en/piracy","/c/en/action","/c/en/protect","/c/en/protection"],"weight":0.2226099999999981,"degrees":[229,2156,1034,829]},"num_concepts_raised":83423},{"base_id":803,"kind":"top_words","i1":0,"i2":5,"sol":{"path":["/c/en/piracy","/c/fr/contrefaçon","/c/en/counterfeiting"],"weight":0.20500000000000002,"degrees":[229,61,24]},"num_concepts_raised":184},{"base_id":803,"kind":"top_words","i1":0,"i2":6,"sol":{"path":["/c/en/piracy","/c/en/intellectual_property","/c/en/patent"],"weight":0.20700000000000002,"degrees":[229,144,389]},"num_concepts_raised":447},{"base_id":803,"kind":"top_words","i1":0,"i2":7,"sol":{"path":["/c/en/piracy","/c/en/robbery","/c/en/property","/c/en/intangible"],"weight":0.21413999999999955,"degrees":[229,464,1664,149]},"num_concepts_raised":49555},{"base_id":803,"kind":"top_words","i1":0,"i2":8,"sol":{"path":["/c/en/piracy","/c/en/act","/c/en/record","/c/en/recordable"],"weight":0.21186999999999995,"degrees":[229,2503,1856,31]},"num_concepts_raised":24213},{"base_id":803,"kind":"top_words","i1":0,"i2":9,"sol":{"path":["/c/en/piracy","/c/en/ship","/c/vi/tàu","/c/en/sino"],"weight":0.21068999999999977,"degrees":[229,2104,18,44]},"num_concepts_raised":23447},{"base_id":803,"kind":"top_words","i1":1,"i2":2,"sol":{"path":["/c/en/infringement","/c/en/copyright","/c/en/intellectual_property","/c/en/intellectual"],"weight":0.21461999999999914,"degrees":[108,321,144,470]},"num_concepts_raised":40768},{"base_id":803,"kind":"top_words","i1":1,"i2":3,"sol":{"path":["/c/en/infringement","/c/en/copyright"],"weight":0.20400000000000001,"degrees":[108,321]},"num_concepts_raised":317},{"base_id":803,"kind":"top_words","i1":1,"i2":4,"sol":{"path":["/c/en/infringement","/c/en/breach","/c/en/defence","/c/en/protection"],"weight":0.21448999999999802,"degrees":[108,331,280,829]},"num_concepts_raised":65477},{"base_id":803,"kind":"top_words","i1":1,"i2":5,"sol":{"path":["/c/en/infringement","/c/en/piracy","/c/fr/contrefaçon","/c/en/counterfeiting"],"weight":0.20474999999999982,"degrees":[108,229,61,24]},"num_concepts_raised":2885},{"base_id":803,"kind":"top_words","i1":1,"i2":6,"sol":{"path":["/c/en/infringement","/c/en/copyright","/c/en/patent"],"weight":0.20400000000000001,"degrees":[108,321,389]},"num_concepts_raised":370},{"base_id":803,"kind":"top_words","i1":1,"i2":7,"sol":{"path":["/c/en/infringement","/c/en/encroachment","/c/en/legal","/c/en/intangible"],"weight":0.2062099999999995,"degrees":[108,54,6627,149]},"num_concepts_raised":31042},{"base_id":803,"kind":"top_words","i1":1,"i2":8,"sol":{"path":["/c/en/infringement","/c/en/encroachment","/c/en/legal","/c/en/record","/c/en/recordable"],"weight":0.20604999999999987,"degrees":[108,54,6627,1856,31]},"num_concepts_raised":4188},{"base_id":803,"kind":"top_words","i1":1,"i2":9,"sol":{"path":["/c/en/infringement","/c/en/breach","/c/en/vessel","/c/vi/tàu","/c/en/sino"],"weight":0.2040799999999997,"degrees":[108,331,1376,18,44]},"num_concepts_raised":3332},{"base_id":803,"kind":"top_words","i1":2,"i2":3,"sol":{"path":["/c/en/intellectual","/c/en/patent","/c/en/copyright"],"weight":0.20600000000000002,"degrees":[470,389,321]},"num_concepts_raised":579},{"base_id":803,"kind":"top_words","i1":2,"i2":4,"sol":{"path":["/c/en/intellectual","/c/en/sophisticated","/c/zh/城府","/c/en/protection"],"weight":0.22649999999999743,"degrees":[470,250,18,829]},"num_concepts_raised":99389},{"base_id":803,"kind":"top_words","i1":2,"i2":5,"sol":{"path":["/c/en/intellectual","/c/en/mental","/c/en/slip","/c/en/counterfeit","/c/en/counterfeiting"],"weight":0.21820999999999924,"degrees":[470,669,1135,479,24]},"num_concepts_raised":39054},{"base_id":803,"kind":"top_words","i1":2,"i2":6,"sol":{"path":["/c/en/intellectual","/c/en/patent"],"weight":0.20600000000000002,"degrees":[470,389]},"num_concepts_raised":627},{"base_id":803,"kind":"top_words","i1":2,"i2":7,"sol":{"path":["/c/en/intellectual","/c/en/mind","/c/en/intangible"],"weight":0.20400000000000001,"degrees":[470,1738,149]},"num_concepts_raised":477},{"base_id":803,"kind":"top_words","i1":2,"i2":8,"sol":{"path":["/c/en/intellectual","/c/en/writing","/c/en/record","/c/en/recordable"],"weight":0.21485999999999927,"degrees":[470,1875,1856,31]},"num_concepts_raised":40193},{"base_id":803,"kind":"top_words","i1":2,"i2":9,"sol":{"path":["/c/en/intellectual","/c/fr/intellectuel","/c/fr/dans","/c/ja/中","/c/en/sino"],"weight":0.22313999999999912,"degrees":[470,281,663,169,44]},"num_concepts_raised":39448},{"base_id":803,"kind":"top_words","i1":3,"i2":4,"sol":{"path":["/c/en/copyright","/c/en/right","/c/en/guard","/c/en/protection"],"weight":0.22182999999999792,"degrees":[321,2319,1558,829]},"num_concepts_raised":69931},{"base_id":803,"kind":"top_words","i1":3,"i2":5,"sol":{"path":["/c/en/copyright","/c/en/copy","/c/en/counterfeit","/c/en/counterfeiting"],"weight":0.21407999999999971,"degrees":[321,1022,479,24]},"num_concepts_raised":7777},{"base_id":803,"kind":"top_words","i1":3,"i2":6,"sol":{"path":["/c/en/copyright","/c/en/patent"],"weight":0.20600000000000002,"degrees":[321,389]},"num_concepts_raised":507},{"base_id":803,"kind":"top_words","i1":3,"i2":7,"sol":{"path":["/c/en/copyright","/c/en/patent","/c/en/abstract","/c/en/intangible"],"weight":0.21444999999999936,"degrees":[321,389,607,149]},"num_concepts_raised":35502},{"base_id":803,"kind":"top_words","i1":3,"i2":8,"sol":{"path":["/c/en/copyright","/c/en/right","/c/en/record","/c/en/recordable"],"weight":0.21328999999999976,"degrees":[321,2319,1856,31]},"num_concepts_raised":9021},{"base_id":803,"kind":"top_words","i1":3,"i2":9,"sol":{"path":["/c/en/copyright","/c/mul/c","/c/fr/linguistique","/c/fr/sino","/c/en/sino"],"weight":0.21299999999999958,"degrees":[321,116,7455,16,44]},"num_concepts_raised":8249},{"base_id":803,"kind":"top_words","i1":4,"i2":5,"sol":{"path":["/c/en/protection","/c/en/mimic","/c/en/counterfeit","/c/en/counterfeiting"],"weight":0.21361999999999814,"degrees":[829,231,479,24]},"num_concepts_raised":63833},{"base_id":803,"kind":"top_words","i1":4,"i2":6,"sol":{"path":["/c/en/protection","/c/en/security","/c/en/legal","/c/en/patent"],"weight":0.22362999999999766,"degrees":[829,1011,6627,389]},"num_concepts_raised":95515},{"base_id":803,"kind":"top_words","i1":4,"i2":7,"sol":{"path":["/c/en/protection","/c/en/insurance","/c/en/intangible"],"weight":0.203,"degrees":[829,527,149]},"num_concepts_raised":830},{"base_id":803,"kind":"top_words","i1":4,"i2":8,"sol":{"path":["/c/en/protection","/c/en/computing","/c/en/record","/c/en/recordable"],"weight":0.21287999999999818,"degrees":[829,9084,1856,31]},"num_concepts_raised":64913},{"base_id":803,"kind":"top_words","i1":4,"i2":9,"sol":{"path":["/c/en/protection","/c/it/scudo","/c/en/euro","/c/en/sino"],"weight":0.21171999999999802,"degrees":[829,70,383,44]},"num_concepts_raised":64231},{"base_id":803,"kind":"top_words","i1":5,"i2":6,"sol":{"path":["/c/en/counterfeiting","/c/en/counterfeit","/c/hy/պատենտ","/c/en/patent"],"weight":0.21472999999999945,"degrees":[24,479,9,389]},"num_concepts_raised":35868},{"base_id":803,"kind":"top_words","i1":5,"i2":7,"sol":{"path":["/c/en/counterfeiting","/c/en/counterfeit","/c/en/fashion","/c/en/abstract","/c/en/intangible"],"weight":0.2073899999999996,"degrees":[24,479,928,607,149]},"num_concepts_raised":29390},{"base_id":803,"kind":"top_words","i1":5,"i2":8,"sol":{"path":["/c/en/counterfeiting","/c/en/counterfeit","/c/en/copy","/c/en/record","/c/en/recordable"],"weight":0.20612999999999998,"degrees":[24,479,1022,1856,31]},"num_concepts_raised":2383},{"base_id":803,"kind":"top_words","i1":5,"i2":9,"sol":{"path":["/c/en/counterfeiting","/c/en/counterfeit","/c/en/fake","/c/en/money","/c/en/euro","/c/en/sino"],"weight":0.21009779999999978,"degrees":[24,479,569,2899,383,44]},"num_concepts_raised":212328},{"base_id":803,"kind":"top_words","i1":6,"i2":7,"sol":{"path":["/c/en/patent","/c/en/abstract","/c/en/intangible"],"weight":0.20500000000000002,"degrees":[389,607,149]},"num_concepts_raised":408},{"base_id":803,"kind":"top_words","i1":6,"i2":8,"sol":{"path":["/c/en/patent","/c/en/legal","/c/en/record","/c/en/recordable"],"weight":0.2143299999999995,"degrees":[389,6627,1856,31]},"num_concepts_raised":36902},{"base_id":803,"kind":"top_words","i1":6,"i2":9,"sol":{"path":["/c/en/patent","/c/fr/brevet","/c/fr/pendant","/c/ja/中","/c/en/sino"],"weight":0.22125999999999932,"degrees":[389,128,340,169,44]},"num_concepts_raised":36284},{"base_id":803,"kind":"top_words","i1":7,"i2":8,"sol":{"path":["/c/en/intangible","/c/en/music","/c/en/record","/c/en/recordable"],"weight":0.20535999999999965,"degrees":[149,8822,1856,31]},"num_concepts_raised":30534},{"base_id":803,"kind":"top_words","i1":7,"i2":9,"sol":{"path":["/c/en/intangible","/c/en/heart","/c/zh/中","/c/en/sino"],"weight":0.2042399999999995,"degrees":[149,1857,48,44]},"num_concepts_raised":29795},{"base_id":803,"kind":"top_words","i1":8,"i2":9,"sol":{"path":["/c/en/recordable","/c/en/record","/c/en/people","/c/la/sinae","/c/en/sino"],"weight":0.20408999999999988,"degrees":[31,1856,4475,42,44]},"num_concepts_raised":2822}]]