[[{"base_id":497,"kind":"bot_words","i1":0,"i2":1,"sol":{"path":["/c/en/obstructed","/c/en/shade","/c/en/off","/c/en/insect","/c/en/lasiocampidae"],"weight":0.20850999999999992,"degrees":[64,1192,726,2112,45]},"num_concepts_raised":4608},{"base_id":497,"kind":"bot_words","i1":0,"i2":2,"sol":{"path":["/c/en/obstructed","/c/en/stuffy","/c/en/us","/c/en/enemy","/c/en/parley"],"weight":0.20572999999999986,"degrees":[64,93,8154,1023,70]},"num_concepts_raised":7480},{"base_id":497,"kind":"bot_words","i1":0,"i2":3,"sol":{"path":["/c/en/obstructed","/c/en/stuffy","/c/en/us","/c/en/robe"],"weight":0.21207999999999946,"degrees":[64,93,8154,267]},"num_concepts_raised":22032},{"base_id":497,"kind":"bot_words","i1":0,"i2":4,"sol":{"path":["/c/en/obstructed","/c/en/closed","/c/en/image","/c/en/enlargement","/c/en/magnification"],"weight":0.20512999999999987,"degrees":[64,431,1264,181,72]},"num_concepts_raised":5380},{"base_id":497,"kind":"bot_words","i1":0,"i2":5,"sol":{"path":["/c/en/obstructed","/c/en/stopped","/c/en/mouth","/c/en/pharynx","/c/en/pharyngitis"],"weight":0.20472000000000007,"degrees":[64,72,1902,257,50]},"num_concepts_raised":3154},{"base_id":497,"kind":"bot_words","i1":0,"i2":6,"sol":{"path":["/c/en/obstructed","/c/en/closed","/c/en/steel","/c/en/elastic","/c/en/stretchable"],"weight":0.20661000000000002,"degrees":[64,431,1352,337,31]},"num_concepts_raised":4150},{"base_id":497,"kind":"bot_words","i1":0,"i2":7,"sol":{"path":["/c/en/obstructed","/c/en/obstruct","/c/en/boom","/c/fr/grue","/c/en/grus"],"weight":0.2173599999999996,"degrees":[64,623,681,218,168]},"num_concepts_raised":16631},{"base_id":497,"kind":"bot_words","i1":0,"i2":8,"sol":{"path":["/c/en/obstructed","/c/en/shade","/c/en/building","/c/en/town","/c/en/cavan"],"weight":0.20850999999999986,"degrees":[64,1192,2061,2220,45]},"num_concepts_raised":4872},{"base_id":497,"kind":"bot_words","i1":0,"i2":9,"sol":{"path":["/c/en/obstructed","/c/en/stuffy","/c/en/us","/c/en/bureau","/c/en/antonov"],"weight":0.2094599999999998,"degrees":[64,93,8154,202,47]},"num_concepts_raised":5535},{"base_id":497,"kind":"bot_words","i1":1,"i2":2,"sol":{"path":["/c/en/lasiocampidae","/c/en/insect","/c/en/flea","/c/en/enemy","/c/en/parley"],"weight":0.20942999999999976,"degrees":[45,2112,880,1023,70]},"num_concepts_raised":7053},{"base_id":497,"kind":"bot_words","i1":1,"i2":3,"sol":{"path":["/c/en/lasiocampidae","/c/en/insect","/c/ja/衣","/c/en/robe"],"weight":0.21583999999999937,"degrees":[45,2112,95,267]},"num_concepts_raised":21688},{"base_id":497,"kind":"bot_words","i1":1,"i2":4,"sol":{"path":["/c/en/lasiocampidae","/c/en/insect","/c/en/interest","/c/en/increase","/c/ja/拡大","/c/en/magnification"],"weight":0.21381429999999946,"degrees":[45,2112,1297,1641,42,72]},"num_concepts_raised":340006},{"base_id":497,"kind":"bot_words","i1":1,"i2":5,"sol":{"path":["/c/en/lasiocampidae","/c/en/insect","/c/syc/ܪܚܫܐ","/c/en/sore_throat","/c/en/pharyngitis"],"weight":0.20955,"degrees":[45,2112,24,103,50]},"num_concepts_raised":2723},{"base_id":497,"kind":"bot_words","i1":1,"i2":6,"sol":{"path":["/c/en/lasiocampidae","/c/en/insect","/c/en/be","/c/en/stretch","/c/en/stretchable"],"weight":0.20825999999999995,"degrees":[45,2112,3156,1228,31]},"num_concepts_raised":3732},{"base_id":497,"kind":"bot_words","i1":1,"i2":7,"sol":{"path":["/c/en/lasiocampidae","/c/en/insect","/c/en/leg","/c/en/crane","/c/en/grus"],"weight":0.21942999999999951,"degrees":[45,2112,1497,613,168]},"num_concepts_raised":16212},{"base_id":497,"kind":"bot_words","i1":1,"i2":8,"sol":{"path":["/c/en/lasiocampidae","/c/en/insect","/c/en/group","/c/en/city","/c/en/town","/c/en/cavan"],"weight":0.21602259999999918,"degrees":[45,2112,2339,3758,2220,45]},"num_concepts_raised":399932},{"base_id":497,"kind":"bot_words","i1":1,"i2":9,"sol":{"path":["/c/en/lasiocampidae","/c/en/insect","/c/en/group","/c/en/company","/c/en/antonov"],"weight":0.21319999999999978,"degrees":[45,2112,2339,2258,47]},"num_concepts_raised":5115},{"base_id":497,"kind":"bot_words","i1":2,"i2":3,"sol":{"path":["/c/en/parley","/c/en/treat","/c/en/dress","/c/en/robe"],"weight":0.21374999999999933,"degrees":[70,833,1674,267]},"num_concepts_raised":24449},{"base_id":497,"kind":"bot_words","i1":2,"i2":4,"sol":{"path":["/c/en/parley","/c/en/discussion","/c/en/expansion","/c/en/magnification"],"weight":0.20385999999999976,"degrees":[70,655,365,72]},"num_concepts_raised":7831},{"base_id":497,"kind":"bot_words","i1":2,"i2":5,"sol":{"path":["/c/en/parley","/c/en/enemy","/c/en/person","/c/en/sore_throat","/c/en/pharyngitis"],"weight":0.2057799999999999,"degrees":[70,1023,12935,103,50]},"num_concepts_raised":5605},{"base_id":497,"kind":"bot_words","i1":2,"i2":6,"sol":{"path":["/c/en/parley","/c/en/enemy","/c/en/force","/c/en/elastic","/c/en/stretchable"],"weight":0.20643999999999987,"degrees":[70,1023,1979,337,31]},"num_concepts_raised":6587},{"base_id":497,"kind":"bot_words","i1":2,"i2":7,"sol":{"path":["/c/en/parley","/c/en/enemy","/c/en/us","/c/en/crane","/c/en/grus"],"weight":0.21567999999999948,"degrees":[70,1023,8154,613,168]},"num_concepts_raised":19095},{"base_id":497,"kind":"bot_words","i1":2,"i2":8,"sol":{"path":["/c/en/parley","/c/en/enemy","/c/en/people","/c/en/town","/c/en/cavan"],"weight":0.20944999999999975,"degrees":[70,1023,4475,2220,45]},"num_concepts_raised":7317},{"base_id":497,"kind":"bot_words","i1":2,"i2":9,"sol":{"path":["/c/en/parley","/c/en/enemy","/c/en/people","/c/en/company","/c/en/antonov"],"weight":0.2094499999999997,"degrees":[70,1023,4475,2258,47]},"num_concepts_raised":7962},{"base_id":497,"kind":"bot_words","i1":3,"i2":4,"sol":{"path":["/c/en/robe","/c/en/gown","/c/en/large","/c/en/enlargement","/c/en/magnification"],"weight":0.21402999999999933,"degrees":[267,263,1592,181,72]},"num_concepts_raised":22445},{"base_id":497,"kind":"bot_words","i1":3,"i2":5,"sol":{"path":["/c/en/robe","/c/en/dress","/c/en/medicine","/c/en/nasopharyngitis","/c/en/pharyngitis"],"weight":0.21363999999999952,"degrees":[267,1674,11938,18,50]},"num_concepts_raised":20271},{"base_id":497,"kind":"bot_words","i1":3,"i2":6,"sol":{"path":["/c/en/robe","/c/en/long","/c/en/stretch","/c/en/stretchable"],"weight":0.21087999999999948,"degrees":[267,1806,1228,31]},"num_concepts_raised":21193},{"base_id":497,"kind":"bot_words","i1":3,"i2":7,"sol":{"path":["/c/en/robe","/c/en/us","/c/en/crane","/c/en/grus"],"weight":0.2220399999999991,"degrees":[267,8154,613,168]},"num_concepts_raised":33406},{"base_id":497,"kind":"bot_words","i1":3,"i2":8,"sol":{"path":["/c/en/robe","/c/en/gown","/c/en/town","/c/en/cavan"],"weight":0.21849999999999936,"degrees":[267,263,2220,45]},"num_concepts_raised":21906},{"base_id":497,"kind":"bot_words","i1":3,"i2":9,"sol":{"path":["/c/en/robe","/c/en/us","/c/en/bureau","/c/en/antonov"],"weight":0.21571999999999933,"degrees":[267,8154,202,47]},"num_concepts_raised":22522},{"base_id":497,"kind":"bot_words","i1":4,"i2":5,"sol":{"path":["/c/en/magnification","/c/en/lens","/c/en/anatomical_structure","/c/en/pharynx","/c/en/pharyngitis"],"weight":0.20371,"degrees":[72,775,412,257,50]},"num_concepts_raised":3506},{"base_id":497,"kind":"bot_words","i1":4,"i2":6,"sol":{"path":["/c/en/magnification","/c/en/exaggeration","/c/en/stretch","/c/en/stretchable"],"weight":0.20353999999999992,"degrees":[72,209,1228,31]},"num_concepts_raised":4486},{"base_id":497,"kind":"bot_words","i1":4,"i2":7,"sol":{"path":["/c/en/magnification","/c/en/lens","/c/en/geology","/c/en/grus"],"weight":0.21180999999999955,"degrees":[72,775,3862,168]},"num_concepts_raised":16968},{"base_id":497,"kind":"bot_words","i1":4,"i2":8,"sol":{"path":["/c/en/magnification","/c/en/enlargement","/c/en/state","/c/en/town","/c/en/cavan"],"weight":0.20868999999999976,"degrees":[72,181,3243,2220,45]},"num_concepts_raised":5230},{"base_id":497,"kind":"bot_words","i1":4,"i2":9,"sol":{"path":["/c/en/magnification","/c/en/enlargement","/c/en/large","/c/en/company","/c/en/antonov"],"weight":0.20868999999999976,"degrees":[72,181,1592,2258,47]},"num_concepts_raised":5893},{"base_id":497,"kind":"bot_words","i1":5,"i2":6,"sol":{"path":["/c/en/pharyngitis","/c/en/sore_throat","/c/en/person","/c/en/stretch","/c/en/stretchable"],"weight":0.2046100000000001,"degrees":[50,103,12935,1228,31]},"num_concepts_raised":2277},{"base_id":497,"kind":"bot_words","i1":5,"i2":7,"sol":{"path":["/c/en/pharyngitis","/c/en/sore_throat","/c/en/singing","/c/en/bird","/c/en/grus"],"weight":0.21298999999999974,"degrees":[50,103,694,4970,168]},"num_concepts_raised":14803},{"base_id":497,"kind":"bot_words","i1":5,"i2":8,"sol":{"path":["/c/en/pharyngitis","/c/en/sore_throat","/c/en/horse","/c/en/country","/c/en/town","/c/en/cavan"],"weight":0.21376639999999963,"degrees":[50,103,3068,2796,2220,45]},"num_concepts_raised":380570},{"base_id":497,"kind":"bot_words","i1":5,"i2":9,"sol":{"path":["/c/en/pharyngitis","/c/en/sore_throat","/c/en/person","/c/en/company","/c/en/antonov"],"weight":0.20953999999999995,"degrees":[50,103,12935,2258,47]},"num_concepts_raised":3664},{"base_id":497,"kind":"bot_words","i1":6,"i2":7,"sol":{"path":["/c/en/stretchable","/c/en/stretch","/c/en/crane","/c/en/grus"],"weight":0.21449999999999964,"degrees":[31,1228,613,168]},"num_concepts_raised":15766},{"base_id":497,"kind":"bot_words","i1":6,"i2":8,"sol":{"path":["/c/en/stretchable","/c/en/stretch","/c/en/ireland","/c/en/ulster","/c/en/cavan"],"weight":0.2082899999999999,"degrees":[31,1228,1227,233,45]},"num_concepts_raised":4000},{"base_id":497,"kind":"bot_words","i1":6,"i2":9,"sol":{"path":["/c/en/stretchable","/c/en/stretch","/c/en/body","/c/en/company","/c/en/antonov"],"weight":0.2082599999999999,"degrees":[31,1228,3170,2258,47]},"num_concepts_raised":4665},{"base_id":497,"kind":"bot_words","i1":7,"i2":8,"sol":{"path":["/c/en/grus","/c/en/crane","/c/en/building","/c/en/town","/c/en/cavan"],"weight":0.2194199999999995,"degrees":[168,613,2061,2220,45]},"num_concepts_raised":16492},{"base_id":497,"kind":"bot_words","i1":7,"i2":9,"sol":{"path":["/c/en/grus","/c/en/crane","/c/en/nautical","/c/en/company","/c/en/antonov"],"weight":0.2194599999999995,"degrees":[168,613,5204,2258,47]},"num_concepts_raised":17148},{"base_id":497,"kind":"bot_words","i1":8,"i2":9,"sol":{"path":["/c/en/cavan","/c/en/town","/c/en/city","/c/en/company","/c/en/antonov"],"weight":0.21320999999999973,"degrees":[45,2220,3758,2258,47]},"num_concepts_raised":5367}],[{"base_id":497,"kind":"top_words","i1":0,"i2":1,"sol":{"path":["/c/en/contingent","/c/en/accident","/c/en/shock","/c/en/scandalize"],"weight":0.20434999999999964,"degrees":[141,895,1065,42]},"num_concepts_raised":28144},{"base_id":497,"kind":"top_words","i1":0,"i2":2,"sol":{"path":["/c/en/contingent","/c/en/military","/c/en/prize","/c/en/prizewinning"],"weight":0.20538999999999974,"degrees":[141,5690,523,37]},"num_concepts_raised":20391},{"base_id":497,"kind":"top_words","i1":0,"i2":3,"sol":{"path":["/c/en/contingent","/c/en/unplanned","/c/en/organization","/c/en/disorganize"],"weight":0.20428999999999964,"degrees":[141,71,1375,43]},"num_concepts_raised":20584},{"base_id":497,"kind":"top_words","i1":0,"i2":4,"sol":{"path":["/c/en/contingent","/c/en/casual","/c/en/ethnicity","/c/en/ethnic_group","/c/en/multiethnic"],"weight":0.20629999999999976,"degrees":[141,372,192,622,31]},"num_concepts_raised":19694},{"base_id":497,"kind":"top_words","i1":0,"i2":5,"sol":{"path":["/c/en/contingent","/c/en/logic","/c/en/consistency","/c/en/reconstitute"],"weight":0.20413999999999966,"degrees":[141,1412,273,35]},"num_concepts_raised":25547},{"base_id":497,"kind":"top_words","i1":0,"i2":6,"sol":{"path":["/c/en/contingent","/c/en/military","/c/en/twenty","/c/en/vigesimal"],"weight":0.20426999999999967,"degrees":[141,5690,591,31]},"num_concepts_raised":20012},{"base_id":497,"kind":"top_words","i1":0,"i2":7,"sol":{"path":["/c/en/contingent","/c/en/allotment","/c/en/distributed","/c/en/encyclical"],"weight":0.2122199999999997,"degrees":[141,229,123,95]},"num_concepts_raised":21020},{"base_id":497,"kind":"top_words","i1":0,"i2":8,"sol":{"path":["/c/en/contingent","/c/en/unknown","/c/ja/暗い","/c/en/dispirited"],"weight":0.2045899999999994,"degrees":[141,462,90,86]},"num_concepts_raised":21252},{"base_id":497,"kind":"top_words","i1":0,"i2":9,"sol":{"path":["/c/en/contingent","/c/en/possible","/c/en/bull","/c/en/beef","/c/en/stroganoff"],"weight":0.2061899999999997,"degrees":[141,519,910,644,28]},"num_concepts_raised":23167},{"base_id":497,"kind":"top_words","i1":1,"i2":2,"sol":{"path":["/c/en/scandalize","/c/en/nautical","/c/en/prize","/c/en/prizewinning"],"weight":0.2040499999999999,"degrees":[42,5204,523,37]},"num_concepts_raised":11438},{"base_id":497,"kind":"top_words","i1":1,"i2":3,"sol":{"path":["/c/en/scandalize","/c/en/scandal","/c/en/organization","/c/en/disorganize"],"weight":0.20409999999999984,"degrees":[42,420,1375,43]},"num_concepts_raised":11594},{"base_id":497,"kind":"top_words","i1":1,"i2":4,"sol":{"path":["/c/en/scandalize","/c/en/scandal","/c/en/person","/c/en/ethnic","/c/en/multiethnic"],"weight":0.20402999999999993,"degrees":[42,420,12935,277,31]},"num_concepts_raised":10625},{"base_id":497,"kind":"top_words","i1":1,"i2":5,"sol":{"path":["/c/en/scandalize","/c/en/scandal","/c/en/organization","/c/en/restructure","/c/en/reconstitute"],"weight":0.20398999999999984,"degrees":[42,420,1375,57,35]},"num_concepts_raised":16606},{"base_id":497,"kind":"top_words","i1":1,"i2":6,"sol":{"path":["/c/en/scandalize","/c/en/nautical","/c/en/quarter","/c/en/twenty","/c/en/vigesimal"],"weight":0.20295999999999986,"degrees":[42,5204,871,591,31]},"num_concepts_raised":10976},{"base_id":497,"kind":"top_words","i1":1,"i2":7,"sol":{"path":["/c/en/scandalize","/c/en/nautical","/c/en/booty","/c/en/distributed","/c/en/encyclical"],"weight":0.21094999999999992,"degrees":[42,5204,229,123,95]},"num_concepts_raised":11986},{"base_id":497,"kind":"top_words","i1":1,"i2":8,"sol":{"path":["/c/en/scandalize","/c/en/scandal","/c/en/album","/c/en/broken","/c/en/dispirited"],"weight":0.20448999999999962,"degrees":[42,420,778,684,86]},"num_concepts_raised":12199},{"base_id":497,"kind":"top_words","i1":1,"i2":9,"sol":{"path":["/c/en/scandalize","/c/en/scandal","/c/en/person","/c/en/beef","/c/en/stroganoff"],"weight":0.20391999999999988,"degrees":[42,420,12935,644,28]},"num_concepts_raised":14091},{"base_id":497,"kind":"top_words","i1":2,"i2":3,"sol":{"path":["/c/en/prizewinning","/c/en/best","/c/en/quality","/c/en/organization","/c/en/disorganize"],"weight":0.20414999999999994,"degrees":[37,637,1710,1375,43]},"num_concepts_raised":3575},{"base_id":497,"kind":"top_words","i1":2,"i2":4,"sol":{"path":["/c/en/prizewinning","/c/en/best","/c/en/person","/c/en/ethnic","/c/en/multiethnic"],"weight":0.20408000000000004,"degrees":[37,637,12935,277,31]},"num_concepts_raised":2576},{"base_id":497,"kind":"top_words","i1":2,"i2":5,"sol":{"path":["/c/en/prizewinning","/c/en/best","/c/en/good","/c/en/food","/c/en/reconstitute"],"weight":0.20408999999999994,"degrees":[37,637,2615,4281,35]},"num_concepts_raised":8633},{"base_id":497,"kind":"top_words","i1":2,"i2":6,"sol":{"path":["/c/en/prizewinning","/c/en/best","/c/en/number","/c/en/twenty","/c/en/vigesimal"],"weight":0.20405999999999996,"degrees":[37,637,2301,591,31]},"num_concepts_raised":2939},{"base_id":497,"kind":"top_words","i1":2,"i2":7,"sol":{"path":["/c/en/prizewinning","/c/en/prize","/c/en/booty","/c/en/distributed","/c/en/encyclical"],"weight":0.21202,"degrees":[37,523,229,123,95]},"num_concepts_raised":3951},{"base_id":497,"kind":"top_words","i1":2,"i2":8,"sol":{"path":["/c/en/prizewinning","/c/en/best","/c/en/person","/c/en/broken","/c/en/dispirited"],"weight":0.2045399999999997,"degrees":[37,637,12935,684,86]},"num_concepts_raised":4179},{"base_id":497,"kind":"top_words","i1":2,"i2":9,"sol":{"path":["/c/en/prizewinning","/c/en/best","/c/en/person","/c/en/beef","/c/en/stroganoff"],"weight":0.20396999999999998,"degrees":[37,637,12935,644,28]},"num_concepts_raised":6069},{"base_id":497,"kind":"top_words","i1":3,"i2":4,"sol":{"path":["/c/en/disorganize","/c/en/organization","/c/en/group","/c/en/ethnic_group","/c/en/multiethnic"],"weight":0.20406999999999997,"degrees":[43,1375,2339,622,31]},"num_concepts_raised":2718},{"base_id":497,"kind":"top_words","i1":3,"i2":5,"sol":{"path":["/c/en/disorganize","/c/en/organization","/c/en/restructure","/c/en/reconstitute"],"weight":0.20296999999999984,"degrees":[43,1375,57,35]},"num_concepts_raised":8763},{"base_id":497,"kind":"top_words","i1":3,"i2":6,"sol":{"path":["/c/en/disorganize","/c/en/organization","/c/en/rank","/c/en/twentieth","/c/en/vigesimal"],"weight":0.2029899999999999,"degrees":[43,1375,1403,179,31]},"num_concepts_raised":3090},{"base_id":497,"kind":"top_words","i1":3,"i2":7,"sol":{"path":["/c/en/disorganize","/c/en/disorganized","/c/en/straggly","/c/en/distributed","/c/en/encyclical"],"weight":0.21097999999999992,"degrees":[43,119,20,123,95]},"num_concepts_raised":4101},{"base_id":497,"kind":"top_words","i1":3,"i2":8,"sol":{"path":["/c/en/disorganize","/c/en/organization","/c/en/blue","/c/en/down_in_mouth","/c/en/dispirited"],"weight":0.20351999999999965,"degrees":[43,1375,1611,122,86]},"num_concepts_raised":4321},{"base_id":497,"kind":"top_words","i1":3,"i2":9,"sol":{"path":["/c/en/disorganize","/c/pt/desorganizar","/c/en/mess","/c/fr/cuisine","/c/en/stroganoff"],"weight":0.2038899999999999,"degrees":[43,59,573,3268,28]},"num_concepts_raised":6218},{"base_id":497,"kind":"top_words","i1":4,"i2":5,"sol":{"path":["/c/en/multiethnic","/c/en/ethnic_group","/c/en/cajun","/c/en/food","/c/en/reconstitute"],"weight":0.20395999999999995,"degrees":[31,622,90,4281,35]},"num_concepts_raised":7788},{"base_id":497,"kind":"top_words","i1":4,"i2":6,"sol":{"path":["/c/en/multiethnic","/c/en/ethnic","/c/en/culture","/c/en/mayan_long_count_calendar","/c/en/vigesimal"],"weight":0.20285999999999998,"degrees":[31,277,1324,7,31]},"num_concepts_raised":2085},{"base_id":497,"kind":"top_words","i1":4,"i2":7,"sol":{"path":["/c/en/multiethnic","/c/en/ethnic","/c/en/historical","/c/en/chirograph","/c/en/encyclical"],"weight":0.20892000000000005,"degrees":[31,277,8415,23,95]},"num_concepts_raised":3101},{"base_id":497,"kind":"top_words","i1":4,"i2":8,"sol":{"path":["/c/en/multiethnic","/c/en/ethnic","/c/en/person","/c/en/broken","/c/en/dispirited"],"weight":0.20339999999999975,"degrees":[31,277,12935,684,86]},"num_concepts_raised":3323},{"base_id":497,"kind":"top_words","i1":4,"i2":9,"sol":{"path":["/c/en/multiethnic","/c/en/ethnic","/c/en/person","/c/en/beef","/c/en/stroganoff"],"weight":0.20283,"degrees":[31,277,12935,644,28]},"num_concepts_raised":5216},{"base_id":497,"kind":"top_words","i1":5,"i2":6,"sol":{"path":["/c/en/reconstitute","/c/en/food","/c/en/farm","/c/en/twenty","/c/en/vigesimal"],"weight":0.20290999999999987,"degrees":[35,4281,1479,591,31]},"num_concepts_raised":8150},{"base_id":497,"kind":"top_words","i1":5,"i2":7,"sol":{"path":["/c/en/reconstitute","/c/en/food","/c/zh/廩食","/c/en/distributed","/c/en/encyclical"],"weight":0.2108999999999999,"degrees":[35,4281,5,123,95]},"num_concepts_raised":9153},{"base_id":497,"kind":"top_words","i1":5,"i2":8,"sol":{"path":["/c/en/reconstitute","/c/en/food","/c/en/thin","/c/en/spiritless","/c/en/dispirited"],"weight":0.2043899999999996,"degrees":[35,4281,1295,73,86]},"num_concepts_raised":9370},{"base_id":497,"kind":"top_words","i1":5,"i2":9,"sol":{"path":["/c/en/reconstitute","/c/en/food","/c/en/beef_stroganoff","/c/en/stroganoff"],"weight":0.2029299999999999,"degrees":[35,4281,41,28]},"num_concepts_raised":11076},{"base_id":497,"kind":"top_words","i1":6,"i2":7,"sol":{"path":["/c/en/vigesimal","/c/en/twenty","/c/en/letter","/c/en/encyclical"],"weight":0.20893999999999993,"degrees":[31,591,2043,95]},"num_concepts_raised":3462},{"base_id":497,"kind":"top_words","i1":6,"i2":8,"sol":{"path":["/c/en/vigesimal","/c/en/twenty","/c/en/slang","/c/en/broken","/c/en/dispirited"],"weight":0.20339999999999964,"degrees":[31,591,16318,684,86]},"num_concepts_raised":3688},{"base_id":497,"kind":"top_words","i1":6,"i2":9,"sol":{"path":["/c/en/vigesimal","/c/en/twenty","/c/en/slang","/c/en/beef","/c/en/stroganoff"],"weight":0.20285999999999987,"degrees":[31,591,16318,644,28]},"num_concepts_raised":5584},{"base_id":497,"kind":"top_words","i1":7,"i2":8,"sol":{"path":["/c/en/encyclical","/c/en/distributed","/c/en/broken","/c/en/dispirited"],"weight":0.21141999999999966,"degrees":[95,123,684,86]},"num_concepts_raised":4698},{"base_id":497,"kind":"top_words","i1":7,"i2":9,"sol":{"path":["/c/en/encyclical","/c/en/letter","/c/en/us","/c/en/sauce","/c/en/stroganoff"],"weight":0.20883999999999997,"degrees":[95,2043,8154,861,28]},"num_concepts_raised":6599},{"base_id":497,"kind":"top_words","i1":8,"i2":9,"sol":{"path":["/c/en/dispirited","/c/en/down_in_mouth","/c/fr/bleu","/c/fr/cuisine","/c/en/stroganoff"],"weight":0.20331999999999967,"degrees":[86,122,951,3268,28]},"num_concepts_raised":6812}]]