[[{"base_id":633,"kind":"bot_words","i1":0,"i2":1,"sol":{"path":["/c/en/94","/c/en/weapon","/c/en/shoot","/c/en/lode"],"weight":0.20866999999999963,"degrees":[44,1448,1406,96]},"num_concepts_raised":137803},{"base_id":633,"kind":"bot_words","i1":0,"i2":2,"sol":{"path":["/c/en/94","/c/en/cardinal","/c/en/color","/c/en/medicine","/c/en/prosthesis"],"weight":0.21751999999999977,"degrees":[44,5720,1870,11938,194]},"num_concepts_raised":24160},{"base_id":633,"kind":"bot_words","i1":0,"i2":3,"sol":{"path":["/c/en/94","/c/en/cardinal","/c/en/first","/c/en/foremost"],"weight":0.2159499999999993,"degrees":[44,5720,1502,179]},"num_concepts_raised":37208},{"base_id":633,"kind":"bot_words","i1":0,"i2":4,"sol":{"path":["/c/en/94","/c/en/cardinal","/c/en/pride","/c/en/presumptuous"],"weight":0.21152999999999966,"degrees":[44,5720,727,150]},"num_concepts_raised":14316},{"base_id":633,"kind":"bot_words","i1":0,"i2":5,"sol":{"path":["/c/en/94","/c/en/cardinal","/c/en/three","/c/en/matter"],"weight":0.23338999999999682,"degrees":[44,5720,1483,1318]},"num_concepts_raised":160907},{"base_id":633,"kind":"bot_words","i1":0,"i2":6,"sol":{"path":["/c/en/94","/c/en/cardinal","/c/en/number","/c/en/atom","/c/en/buckminsterfullerene"],"weight":0.21030999999999977,"degrees":[44,5720,2301,1498,38]},"num_concepts_raised":12960},{"base_id":633,"kind":"bot_words","i1":0,"i2":7,"sol":{"path":["/c/en/94","/c/en/cardinal","/c/en/red","/c/en/pack","/c/en/unpack"],"weight":0.2119799999999996,"degrees":[44,5720,1983,806,105]},"num_concepts_raised":23088},{"base_id":633,"kind":"bot_words","i1":0,"i2":8,"sol":{"path":["/c/en/94","/c/en/cardinal","/c/en/nautical","/c/fi/laskusilta","/c/en/drawbridge"],"weight":0.21333999999999995,"degrees":[44,5720,5204,13,105]},"num_concepts_raised":18816},{"base_id":633,"kind":"bot_words","i1":0,"i2":9,"sol":{"path":["/c/en/94","/c/en/cardinal","/c/en/roman_catholic","/c/en/papist"],"weight":0.21071999999999974,"degrees":[44,5720,286,75]},"num_concepts_raised":11323},{"base_id":633,"kind":"bot_words","i1":1,"i2":2,"sol":{"path":["/c/en/lode","/c/en/path","/c/en/medicine","/c/en/prosthesis"],"weight":0.21111999999999972,"degrees":[96,1174,11938,194]},"num_concepts_raised":148107},{"base_id":633,"kind":"bot_words","i1":1,"i2":3,"sol":{"path":["/c/en/lode","/c/en/lead","/c/en/foremost"],"weight":0.202,"degrees":[96,2667,179]},"num_concepts_raised":246},{"base_id":633,"kind":"bot_words","i1":1,"i2":4,"sol":{"path":["/c/en/lode","/c/en/dialectal","/c/en/forward","/c/en/presumptuous"],"weight":0.20716999999999963,"degrees":[96,4127,838,150]},"num_concepts_raised":138283},{"base_id":633,"kind":"bot_words","i1":1,"i2":5,"sol":{"path":["/c/en/lode","/c/fr/filon","/c/fr/matière","/c/en/matter"],"weight":0.23414999999999675,"degrees":[96,66,895,1318]},"num_concepts_raised":281219},{"base_id":633,"kind":"bot_words","i1":1,"i2":6,"sol":{"path":["/c/en/lode","/c/en/bar","/c/en/hexagonal","/c/en/buckminsterfullerene"],"weight":0.20363999999999974,"degrees":[96,1972,156,38]},"num_concepts_raised":136997},{"base_id":633,"kind":"bot_words","i1":1,"i2":7,"sol":{"path":["/c/en/lode","/c/en/load","/c/en/pack","/c/en/unpack"],"weight":0.20654999999999957,"degrees":[96,971,806,105]},"num_concepts_raised":146747},{"base_id":633,"kind":"bot_words","i1":1,"i2":8,"sol":{"path":["/c/en/lode","/c/en/way","/c/en/bridge","/c/en/drawbridge"],"weight":0.2060199999999999,"degrees":[96,1993,1690,105]},"num_concepts_raised":142417},{"base_id":633,"kind":"bot_words","i1":1,"i2":9,"sol":{"path":["/c/en/lode","/c/en/way","/c/en/christianity","/c/en/papist"],"weight":0.20521999999999968,"degrees":[96,1993,2627,75]},"num_concepts_raised":135545},{"base_id":633,"kind":"bot_words","i1":2,"i2":3,"sol":{"path":["/c/en/prosthesis","/c/en/linguistics","/c/en/front","/c/en/foremost"],"weight":0.21235999999999944,"degrees":[194,4250,1105,179]},"num_concepts_raised":47396},{"base_id":633,"kind":"bot_words","i1":2,"i2":4,"sol":{"path":["/c/en/prosthesis","/c/ja/義","/c/en/right","/c/en/presumptuous"],"weight":0.21160999999999974,"degrees":[194,50,2319,150]},"num_concepts_raised":24781},{"base_id":633,"kind":"bot_words","i1":2,"i2":5,"sol":{"path":["/c/en/prosthesis","/c/en/mobility","/c/en/physics","/c/en/matter"],"weight":0.23862999999999684,"degrees":[194,160,9094,1318]},"num_concepts_raised":169152},{"base_id":633,"kind":"bot_words","i1":2,"i2":6,"sol":{"path":["/c/en/prosthesis","/c/en/peg","/c/en/chemistry","/c/en/fullerene","/c/en/buckminsterfullerene"],"weight":0.21259999999999984,"degrees":[194,420,11754,150,38]},"num_concepts_raised":23426},{"base_id":633,"kind":"bot_words","i1":2,"i2":7,"sol":{"path":["/c/en/prosthesis","/c/en/linguistics","/c/en/unpack"],"weight":0.20400000000000001,"degrees":[194,4250,105]},"num_concepts_raised":221},{"base_id":633,"kind":"bot_words","i1":2,"i2":8,"sol":{"path":["/c/en/prosthesis","/c/sh/proteza","/c/en/bridge","/c/en/drawbridge"],"weight":0.21447,"degrees":[194,6,1690,105]},"num_concepts_raised":29253},{"base_id":633,"kind":"bot_words","i1":2,"i2":9,"sol":{"path":["/c/en/prosthesis","/c/en/prothesis","/c/en/other","/c/en/pope","/c/en/papist"],"weight":0.2130999999999998,"degrees":[194,51,970,607,75]},"num_concepts_raised":21874},{"base_id":633,"kind":"bot_words","i1":3,"i2":4,"sol":{"path":["/c/en/foremost","/c/en/forward","/c/en/presumptuous"],"weight":0.20400000000000001,"degrees":[179,838,150]},"num_concepts_raised":285},{"base_id":633,"kind":"bot_words","i1":3,"i2":5,"sol":{"path":["/c/en/foremost","/c/en/most","/c/en/matter"],"weight":0.20700000000000002,"degrees":[179,1487,1318]},"num_concepts_raised":1286},{"base_id":633,"kind":"bot_words","i1":3,"i2":6,"sol":{"path":["/c/en/foremost","/c/en/front","/c/en/face","/c/en/buckminsterfullerene"],"weight":0.20517999999999942,"degrees":[179,1105,2479,38]},"num_concepts_raised":36251},{"base_id":633,"kind":"bot_words","i1":3,"i2":7,"sol":{"path":["/c/en/foremost","/c/en/forward","/c/en/pack","/c/en/unpack"],"weight":0.20658999999999927,"degrees":[179,838,806,105]},"num_concepts_raised":46152},{"base_id":633,"kind":"bot_words","i1":3,"i2":8,"sol":{"path":["/c/en/foremost","/c/en/nautical","/c/fi/laskusilta","/c/en/drawbridge"],"weight":0.2078299999999996,"degrees":[179,5204,13,105]},"num_concepts_raised":41831},{"base_id":633,"kind":"bot_words","i1":3,"i2":9,"sol":{"path":["/c/en/foremost","/c/sga/prím","/c/en/christianity","/c/en/papist"],"weight":0.20607999999999937,"degrees":[179,21,2627,75]},"num_concepts_raised":34912},{"base_id":633,"kind":"bot_words","i1":4,"i2":5,"sol":{"path":["/c/en/presumptuous","/c/en/proper","/c/en/physics","/c/en/matter"],"weight":0.23283999999999674,"degrees":[150,782,9094,1318]},"num_concepts_raised":161105},{"base_id":633,"kind":"bot_words","i1":4,"i2":6,"sol":{"path":["/c/en/presumptuous","/c/en/forward","/c/en/back","/c/en/face","/c/en/buckminsterfullerene"],"weight":0.20668999999999976,"degrees":[150,838,2238,2479,38]},"num_concepts_raised":13615},{"base_id":633,"kind":"bot_words","i1":4,"i2":7,"sol":{"path":["/c/en/presumptuous","/c/en/forward","/c/en/pack","/c/en/unpack"],"weight":0.2083699999999996,"degrees":[150,838,806,105]},"num_concepts_raised":23671},{"base_id":633,"kind":"bot_words","i1":4,"i2":8,"sol":{"path":["/c/en/presumptuous","/c/en/right","/c/en/castle","/c/en/drawbridge"],"weight":0.2055599999999999,"degrees":[150,2319,1045,105]},"num_concepts_raised":19441},{"base_id":633,"kind":"bot_words","i1":4,"i2":9,"sol":{"path":["/c/en/presumptuous","/c/en/forward","/c/en/hope","/c/en/christianity","/c/en/papist"],"weight":0.2080599999999997,"degrees":[150,838,1268,2627,75]},"num_concepts_raised":12017},{"base_id":633,"kind":"bot_words","i1":5,"i2":6,"sol":{"path":["/c/en/matter","/c/en/atom","/c/en/buckminsterfullerene"],"weight":0.20600000000000002,"degrees":[1318,1498,38]},"num_concepts_raised":1155},{"base_id":633,"kind":"bot_words","i1":5,"i2":7,"sol":{"path":["/c/en/matter","/c/en/subject","/c/ar/فتح","/c/en/unpack"],"weight":0.2299999999999967,"degrees":[1318,1490,88,105]},"num_concepts_raised":168533},{"base_id":633,"kind":"bot_words","i1":5,"i2":8,"sol":{"path":["/c/en/matter","/c/en/subject","/c/en/raise","/c/en/drawbridge"],"weight":0.23044999999999702,"degrees":[1318,1490,1804,105]},"num_concepts_raised":165130},{"base_id":633,"kind":"bot_words","i1":5,"i2":9,"sol":{"path":["/c/en/matter","/c/en/mass","/c/en/christianity","/c/en/papist"],"weight":0.2325899999999968,"degrees":[1318,1639,2627,75]},"num_concepts_raised":158610},{"base_id":633,"kind":"bot_words","i1":6,"i2":7,"sol":{"path":["/c/en/buckminsterfullerene","/c/en/atom","/c/en/computing","/c/en/unpack"],"weight":0.20389999999999972,"degrees":[38,1498,9084,105]},"num_concepts_raised":22346},{"base_id":633,"kind":"bot_words","i1":6,"i2":8,"sol":{"path":["/c/en/buckminsterfullerene","/c/en/molecule","/c/en/bridge","/c/en/drawbridge"],"weight":0.20536000000000004,"degrees":[38,1117,1690,105]},"num_concepts_raised":18095},{"base_id":633,"kind":"bot_words","i1":6,"i2":9,"sol":{"path":["/c/en/buckminsterfullerene","/c/en/molecule","/c/en/element","/c/en/christianity","/c/en/papist"],"weight":0.20466999999999982,"degrees":[38,1117,1173,2627,75]},"num_concepts_raised":10688},{"base_id":633,"kind":"bot_words","i1":7,"i2":8,"sol":{"path":["/c/en/unpack","/c/en/computing","/c/en/bridge","/c/en/drawbridge"],"weight":0.20606999999999986,"degrees":[105,9084,1690,105]},"num_concepts_raised":28053},{"base_id":633,"kind":"bot_words","i1":7,"i2":9,"sol":{"path":["/c/en/unpack","/c/en/computing","/c/en/roman","/c/en/papist"],"weight":0.20433999999999966,"degrees":[105,9084,450,75]},"num_concepts_raised":20822},{"base_id":633,"kind":"bot_words","i1":8,"i2":9,"sol":{"path":["/c/en/drawbridge","/c/fr/histoire","/c/en/reformation","/c/en/papist"],"weight":0.20448,"degrees":[105,4439,119,75]},"num_concepts_raised":16524}],[{"base_id":633,"kind":"top_words","i1":0,"i2":1,"sol":{"path":["/c/en/jr","/c/en/dance","/c/en/rain","/c/en/seattle"],"weight":0.2147099999999998,"degrees":[42,2473,1689,149]},"num_concepts_raised":22150},{"base_id":633,"kind":"top_words","i1":0,"i2":2,"sol":{"path":["/c/en/jr","/c/en/son","/c/en/family","/c/en/home"],"weight":0.2449400000000021,"degrees":[42,1299,3166,2163]},"num_concepts_raised":279057},{"base_id":633,"kind":"top_words","i1":0,"i2":3,"sol":{"path":["/c/en/jr","/c/en/junior","/c/en/situation","/c/en/wrecker"],"weight":0.21354999999999974,"degrees":[42,243,1146,71]},"num_concepts_raised":22077},{"base_id":633,"kind":"top_words","i1":0,"i2":4,"sol":{"path":["/c/en/jr","/c/en/jun","/c/en/prefecture","/c/en/zibo"],"weight":0.21325999999999984,"degrees":[42,22,402,50]},"num_concepts_raised":19966},{"base_id":633,"kind":"top_words","i1":0,"i2":5,"sol":{"path":["/c/en/jr","/c/en/son","/c/en/one","/c/en/quinone"],"weight":0.2146699999999997,"degrees":[42,1299,2499,154]},"num_concepts_raised":27538},{"base_id":633,"kind":"top_words","i1":0,"i2":6,"sol":{"path":["/c/en/jr","/c/en/son","/c/en/type","/c/en/island","/c/en/shikoku"],"weight":0.21642999999999984,"degrees":[42,1299,1591,1660,115]},"num_concepts_raised":18634},{"base_id":633,"kind":"top_words","i1":0,"i2":7,"sol":{"path":["/c/en/jr","/c/en/actor","/c/en/worker","/c/en/puller"],"weight":0.20799999999999985,"degrees":[42,853,1829,39]},"num_concepts_raised":21586},{"base_id":633,"kind":"top_words","i1":0,"i2":8,"sol":{"path":["/c/en/jr","/c/en/singing","/c/en/writing","/c/en/cthulhu"],"weight":0.21363999999999989,"degrees":[42,694,1875,73]},"num_concepts_raised":17436},{"base_id":633,"kind":"top_words","i1":0,"i2":9,"sol":{"path":["/c/en/jr","/c/en/sr","/c/en/snr","/c/en/mathematics","/c/en/semisimple"],"weight":0.21018999999999982,"degrees":[42,43,22,7601,27]},"num_concepts_raised":24019},{"base_id":633,"kind":"top_words","i1":1,"i2":2,"sol":{"path":["/c/en/seattle","/c/en/city","/c/en/home"],"weight":0.20700000000000002,"degrees":[149,3758,2163]},"num_concepts_raised":1912},{"base_id":633,"kind":"top_words","i1":1,"i2":3,"sol":{"path":["/c/en/seattle","/c/en/rain","/c/en/event","/c/en/wrecker"],"weight":0.21489999999999965,"degrees":[149,1689,1724,71]},"num_concepts_raised":17309},{"base_id":633,"kind":"top_words","i1":1,"i2":4,"sol":{"path":["/c/en/seattle","/c/en/city","/c/en/zibo"],"weight":0.20800000000000002,"degrees":[149,3758,50]},"num_concepts_raised":159},{"base_id":633,"kind":"top_words","i1":1,"i2":5,"sol":{"path":["/c/en/seattle","/c/en/washington","/c/en/english_language","/c/en/one","/c/en/quinone"],"weight":0.2202999999999996,"degrees":[149,601,579,2499,154]},"num_concepts_raised":22778},{"base_id":633,"kind":"top_words","i1":1,"i2":6,"sol":{"path":["/c/en/seattle","/c/en/washington","/c/en/government","/c/en/island","/c/en/shikoku"],"weight":0.22206999999999977,"degrees":[149,601,2046,1660,115]},"num_concepts_raised":13777},{"base_id":633,"kind":"top_words","i1":1,"i2":7,"sol":{"path":["/c/en/seattle","/c/en/washington","/c/en/horse","/c/en/puller"],"weight":0.21369999999999975,"degrees":[149,601,3068,39]},"num_concepts_raised":16821},{"base_id":633,"kind":"top_words","i1":1,"i2":8,"sol":{"path":["/c/en/seattle","/c/en/cray","/c/en/insane","/c/en/cthulhu"],"weight":0.2150599999999998,"degrees":[149,48,599,73]},"num_concepts_raised":12658},{"base_id":633,"kind":"top_words","i1":1,"i2":9,"sol":{"path":["/c/en/seattle","/c/en/washington","/c/en/state","/c/en/mathematics","/c/en/semisimple"],"weight":0.21373999999999976,"degrees":[149,601,3243,7601,27]},"num_concepts_raised":19262},{"base_id":633,"kind":"top_words","i1":2,"i2":3,"sol":{"path":["/c/en/home","/c/en/home_wrecker","/c/en/wrecker"],"weight":0.20600000000000002,"degrees":[2163,13,71]},"num_concepts_raised":1856},{"base_id":633,"kind":"top_words","i1":2,"i2":4,"sol":{"path":["/c/en/home","/c/en/city","/c/en/zibo"],"weight":0.20700000000000002,"degrees":[2163,3758,50]},"num_concepts_raised":1838},{"base_id":633,"kind":"top_words","i1":2,"i2":5,"sol":{"path":["/c/en/home","/c/en/place","/c/en/one","/c/en/quinone"],"weight":0.2466900000000019,"degrees":[2163,3314,2499,154]},"num_concepts_raised":279581},{"base_id":633,"kind":"top_words","i1":2,"i2":6,"sol":{"path":["/c/en/home","/c/en/dog","/c/en/shikoku"],"weight":0.20600000000000002,"degrees":[2163,2320,115]},"num_concepts_raised":1886},{"base_id":633,"kind":"top_words","i1":2,"i2":7,"sol":{"path":["/c/en/home","/c/en/residence","/c/en/mover","/c/en/puller"],"weight":0.24123000000000205,"degrees":[2163,682,90,39]},"num_concepts_raised":273110},{"base_id":633,"kind":"top_words","i1":2,"i2":8,"sol":{"path":["/c/en/home","/c/en/alien","/c/en/cthulhu"],"weight":0.20600000000000002,"degrees":[2163,517,73]},"num_concepts_raised":1854},{"base_id":633,"kind":"top_words","i1":2,"i2":9,"sol":{"path":["/c/en/home","/c/en/base","/c/en/mathematics","/c/en/semisimple"],"weight":0.23852000000000206,"degrees":[2163,2117,7601,27]},"num_concepts_raised":275950},{"base_id":633,"kind":"top_words","i1":3,"i2":4,"sol":{"path":["/c/en/wrecker","/c/en/dismantle","/c/en/level","/c/en/zibo"],"weight":0.21345999999999973,"degrees":[71,155,1606,50]},"num_concepts_raised":15064},{"base_id":633,"kind":"top_words","i1":3,"i2":5,"sol":{"path":["/c/en/wrecker","/c/en/truck","/c/en/transport","/c/en/plastoquinone","/c/en/quinone"],"weight":0.21687999999999957,"degrees":[71,648,1411,35,154]},"num_concepts_raised":22688},{"base_id":633,"kind":"top_words","i1":3,"i2":6,"sol":{"path":["/c/en/wrecker","/c/en/mooncusser","/c/en/coast","/c/en/island","/c/en/shikoku"],"weight":0.21858999999999973,"degrees":[71,15,895,1660,115]},"num_concepts_raised":13799},{"base_id":633,"kind":"top_words","i1":3,"i2":7,"sol":{"path":["/c/en/wrecker","/c/en/useful","/c/en/tool","/c/en/puller"],"weight":0.2082599999999997,"degrees":[71,508,1423,39]},"num_concepts_raised":16522},{"base_id":633,"kind":"top_words","i1":3,"i2":8,"sol":{"path":["/c/en/wrecker","/c/en/mooncusser","/c/en/historical","/c/en/dragon","/c/en/cthulhu"],"weight":0.21586999999999973,"degrees":[71,15,8415,666,73]},"num_concepts_raised":12609},{"base_id":633,"kind":"top_words","i1":3,"i2":9,"sol":{"path":["/c/en/wrecker","/c/en/tow_truck","/c/en/chain","/c/en/mathematics","/c/en/semisimple"],"weight":0.2083599999999997,"degrees":[71,99,1065,7601,27]},"num_concepts_raised":19136},{"base_id":633,"kind":"top_words","i1":4,"i2":5,"sol":{"path":["/c/en/zibo","/c/en/city","/c/en/transport","/c/en/plastoquinone","/c/en/quinone"],"weight":0.21872999999999967,"degrees":[50,3758,1411,35,154]},"num_concepts_raised":20554},{"base_id":633,"kind":"top_words","i1":4,"i2":6,"sol":{"path":["/c/en/zibo","/c/en/china","/c/en/japan","/c/en/shikoku"],"weight":0.21446999999999983,"degrees":[50,1318,915,115]},"num_concepts_raised":11485},{"base_id":633,"kind":"top_words","i1":4,"i2":7,"sol":{"path":["/c/en/zibo","/c/en/level","/c/en/tool","/c/en/puller"],"weight":0.20807999999999982,"degrees":[50,1606,1423,39]},"num_concepts_raised":14598},{"base_id":633,"kind":"top_words","i1":4,"i2":8,"sol":{"path":["/c/en/zibo","/c/en/city","/c/en/country","/c/en/alien","/c/en/cthulhu"],"weight":0.21584999999999988,"degrees":[50,3758,2796,517,73]},"num_concepts_raised":10449},{"base_id":633,"kind":"top_words","i1":4,"i2":9,"sol":{"path":["/c/en/zibo","/c/en/city","/c/en/state","/c/en/mathematics","/c/en/semisimple"],"weight":0.21024999999999983,"degrees":[50,3758,3243,7601,27]},"num_concepts_raised":16996},{"base_id":633,"kind":"top_words","i1":5,"i2":6,"sol":{"path":["/c/en/quinone","/c/en/one","/c/en/sakurajima","/c/en/island","/c/en/shikoku"],"weight":0.21776999999999969,"degrees":[154,2499,65,1660,115]},"num_concepts_raised":19222},{"base_id":633,"kind":"top_words","i1":5,"i2":7,"sol":{"path":["/c/en/quinone","/c/en/ring","/c/en/horse","/c/en/puller"],"weight":0.20933999999999967,"degrees":[154,2026,3068,39]},"num_concepts_raised":22184},{"base_id":633,"kind":"top_words","i1":5,"i2":8,"sol":{"path":["/c/en/quinone","/c/en/organic_compound","/c/en/but","/c/en/writing","/c/en/cthulhu"],"weight":0.2152999999999997,"degrees":[154,7764,837,1875,73]},"num_concepts_raised":18042},{"base_id":633,"kind":"top_words","i1":5,"i2":9,"sol":{"path":["/c/en/quinone","/c/en/one","/c/en/mathematics","/c/en/semisimple"],"weight":0.20946999999999966,"degrees":[154,2499,7601,27]},"num_concepts_raised":24371},{"base_id":633,"kind":"top_words","i1":6,"i2":7,"sol":{"path":["/c/en/shikoku","/c/en/dog","/c/en/horse","/c/en/puller"],"weight":0.2091199999999998,"degrees":[115,2320,3068,39]},"num_concepts_raised":13232},{"base_id":633,"kind":"top_words","i1":6,"i2":8,"sol":{"path":["/c/en/shikoku","/c/en/island","/c/en/water","/c/en/octopus","/c/en/cthulhu"],"weight":0.21679999999999988,"degrees":[115,1660,4606,554,73]},"num_concepts_raised":9108},{"base_id":633,"kind":"top_words","i1":6,"i2":9,"sol":{"path":["/c/en/shikoku","/c/en/island","/c/en/set","/c/en/mathematics","/c/en/semisimple"],"weight":0.21120999999999981,"degrees":[115,1660,2628,7601,27]},"num_concepts_raised":15704},{"base_id":633,"kind":"top_words","i1":7,"i2":8,"sol":{"path":["/c/en/puller","/c/en/tool","/c/en/writing","/c/en/cthulhu"],"weight":0.20843999999999985,"degrees":[39,1423,1875,73]},"num_concepts_raised":12090},{"base_id":633,"kind":"top_words","i1":7,"i2":9,"sol":{"path":["/c/en/puller","/c/en/pull","/c/en/weight","/c/en/mathematics","/c/en/semisimple"],"weight":0.2039199999999998,"degrees":[39,1147,1498,7601,27]},"num_concepts_raised":18678},{"base_id":633,"kind":"top_words","i1":8,"i2":9,"sol":{"path":["/c/en/cthulhu","/c/en/cult","/c/en/identity","/c/en/semisimple"],"weight":0.20830999999999983,"degrees":[73,297,584,27]},"num_concepts_raised":14498}]]