[[{"base_id":808,"kind":"bot_words","i1":0,"i2":1,"sol":{"path":["/c/en/laconia","/c/en/indiana","/c/en/alliance","/c/en/compact","/c/en/compress"],"weight":0.2098299999999992,"degrees":[43,626,508,450,417]},"num_concepts_raised":34045},{"base_id":808,"kind":"bot_words","i1":0,"i2":2,"sol":{"path":["/c/en/laconia","/c/en/peloponnese","/c/en/epirus","/c/en/historical","/c/en/woodmaster","/c/en/trespasser"],"weight":0.2099568999999999,"degrees":[43,141,94,8415,10,28]},"num_concepts_raised":186666},{"base_id":808,"kind":"bot_words","i1":0,"i2":3,"sol":{"path":["/c/en/laconia","/c/en/tennessee","/c/en/english_language","/c/en/stress","/c/en/accent"],"weight":0.21890999999999927,"degrees":[43,437,579,998,480]},"num_concepts_raised":58121},{"base_id":808,"kind":"bot_words","i1":0,"i2":4,"sol":{"path":["/c/en/laconia","/c/en/greece","/c/en/europe","/c/en/earth","/c/en/earthwork"],"weight":0.2043399999999998,"degrees":[43,731,765,2336,50]},"num_concepts_raised":10100},{"base_id":808,"kind":"bot_words","i1":0,"i2":5,"sol":{"path":["/c/en/laconia","/c/en/greece","/c/en/greek","/c/en/empire","/c/en/vassalage"],"weight":0.20317999999999986,"degrees":[43,731,647,521,35]},"num_concepts_raised":2790},{"base_id":808,"kind":"bot_words","i1":0,"i2":6,"sol":{"path":["/c/en/laconia","/c/en/tennessee","/c/en/yell","/c/en/cry","/c/en/wail"],"weight":0.21021999999999919,"degrees":[43,437,494,1722,274]},"num_concepts_raised":37816},{"base_id":808,"kind":"bot_words","i1":0,"i2":7,"sol":{"path":["/c/en/laconia","/c/fr/laconie","/c/fr/région","/c/en/domain","/c/en/protein","/c/en/collagenase"],"weight":0.2148103999999995,"degrees":[43,26,893,559,3124,34]},"num_concepts_raised":181948},{"base_id":808,"kind":"bot_words","i1":0,"i2":8,"sol":{"path":["/c/en/laconia","/c/en/peloponnese","/c/en/mainland","/c/en/main","/c/en/effort","/c/en/efforts"],"weight":0.21206119999999962,"degrees":[43,141,242,838,788,36]},"num_concepts_raised":208466},{"base_id":808,"kind":"bot_words","i1":0,"i2":9,"sol":{"path":["/c/en/laconia","/c/en/peloponnese","/c/en/argos","/c/en/city","/c/en/poreč"],"weight":0.21235999999999974,"degrees":[43,141,100,3758,48]},"num_concepts_raised":6146},{"base_id":808,"kind":"bot_words","i1":1,"i2":2,"sol":{"path":["/c/en/compress","/c/en/press","/c/ro/călca","/c/en/trespass","/c/en/trespasser"],"weight":0.21115999999999924,"degrees":[417,1438,23,193,28]},"num_concepts_raised":32894},{"base_id":808,"kind":"bot_words","i1":1,"i2":3,"sol":{"path":["/c/en/compress","/c/en/press","/c/en/stress","/c/en/accent"],"weight":0.22614999999999866,"degrees":[417,1438,998,480]},"num_concepts_raised":86524},{"base_id":808,"kind":"bot_words","i1":1,"i2":4,"sol":{"path":["/c/en/compress","/c/en/contract","/c/en/work","/c/en/earthwork"],"weight":0.20905999999999914,"degrees":[417,1244,4013,50]},"num_concepts_raised":39792},{"base_id":808,"kind":"bot_words","i1":1,"i2":5,"sol":{"path":["/c/en/compress","/c/en/press","/c/en/reduce","/c/en/vassal","/c/en/vassalage"],"weight":0.21044999999999925,"degrees":[417,1438,1258,235,35]},"num_concepts_raised":32896},{"base_id":808,"kind":"bot_words","i1":1,"i2":6,"sol":{"path":["/c/en/compress","/c/en/compression","/c/en/music","/c/en/wail"],"weight":0.2135799999999986,"degrees":[417,248,8822,274]},"num_concepts_raised":66814},{"base_id":808,"kind":"bot_words","i1":1,"i2":7,"sol":{"path":["/c/en/compress","/c/en/encode","/c/en/protein","/c/en/collagenase"],"weight":0.21255999999999922,"degrees":[417,180,3124,34]},"num_concepts_raised":36294},{"base_id":808,"kind":"bot_words","i1":1,"i2":8,"sol":{"path":["/c/en/compress","/c/en/bear_down","/c/en/effort","/c/en/efforts"],"weight":0.2084599999999992,"degrees":[417,50,788,36]},"num_concepts_raised":33024},{"base_id":808,"kind":"bot_words","i1":1,"i2":9,"sol":{"path":["/c/en/compress","/c/en/zip","/c/en/city","/c/en/poreč"],"weight":0.2147999999999991,"degrees":[417,162,3758,48]},"num_concepts_raised":36269},{"base_id":808,"kind":"bot_words","i1":2,"i2":3,"sol":{"path":["/c/en/trespasser","/c/fr/pénétrer","/c/fr/connaître","/c/fr/accent","/c/en/accent"],"weight":0.22062999999999933,"degrees":[28,376,565,242,480]},"num_concepts_raised":57015},{"base_id":808,"kind":"bot_words","i1":2,"i2":4,"sol":{"path":["/c/en/trespasser","/c/en/trespass","/c/en/intrusion","/c/en/rampart","/c/en/earthwork"],"weight":0.20404999999999984,"degrees":[28,193,127,220,50]},"num_concepts_raised":8960},{"base_id":808,"kind":"bot_words","i1":2,"i2":5,"sol":{"path":["/c/en/trespasser","/c/en/bowbearer","/c/en/historical","/c/en/vassal","/c/en/vassalage"],"weight":0.20286999999999994,"degrees":[28,7,8415,235,35]},"num_concepts_raised":1656},{"base_id":808,"kind":"bot_words","i1":2,"i2":6,"sol":{"path":["/c/en/trespasser","/c/en/mantrap","/c/en/slang","/c/en/wail"],"weight":0.20543999999999926,"degrees":[28,24,16318,274]},"num_concepts_raised":36676},{"base_id":808,"kind":"bot_words","i1":2,"i2":7,"sol":{"path":["/c/en/trespasser","/c/en/trespass","/c/en/poacher","/c/en/egg","/c/en/protein","/c/en/collagenase"],"weight":0.2123507999999995,"degrees":[28,193,138,1565,3124,34]},"num_concepts_raised":193029},{"base_id":808,"kind":"bot_words","i1":2,"i2":8,"sol":{"path":["/c/en/trespasser","/c/fr/autorisation","/c/fr/exécuter","/c/fr/mettre_les_bouchées_doubles","/c/en/efforts"],"weight":0.20267999999999986,"degrees":[28,190,518,13,36]},"num_concepts_raised":1830},{"base_id":808,"kind":"bot_words","i1":2,"i2":9,"sol":{"path":["/c/en/trespasser","/c/en/intruder","/c/en/stranger","/c/en/city","/c/en/poreč"],"weight":0.2101199999999998,"degrees":[28,100,532,3758,48]},"num_concepts_raised":5081},{"base_id":808,"kind":"bot_words","i1":3,"i2":4,"sol":{"path":["/c/en/accent","/c/en/stress","/c/en/work","/c/en/earthwork"],"weight":0.21891999999999923,"degrees":[480,998,4013,50]},"num_concepts_raised":63510},{"base_id":808,"kind":"bot_words","i1":3,"i2":5,"sol":{"path":["/c/en/accent","/c/en/verse","/c/ga/óglachas","/c/en/vassalage"],"weight":0.21452999999999936,"degrees":[480,712,14,35]},"num_concepts_raised":56978},{"base_id":808,"kind":"bot_words","i1":3,"i2":6,"sol":{"path":["/c/en/accent","/c/en/music","/c/en/wail"],"weight":0.20400000000000001,"degrees":[480,8822,274]},"num_concepts_raised":606},{"base_id":808,"kind":"bot_words","i1":3,"i2":7,"sol":{"path":["/c/en/accent","/c/en/stress","/c/en/foot","/c/en/protein","/c/en/collagenase"],"weight":0.22389999999999932,"degrees":[480,998,1983,3124,34]},"num_concepts_raised":60419},{"base_id":808,"kind":"bot_words","i1":3,"i2":8,"sol":{"path":["/c/en/accent","/c/en/music","/c/zh/力度","/c/en/efforts"],"weight":0.21370999999999932,"degrees":[480,8822,13,36]},"num_concepts_raised":57113},{"base_id":808,"kind":"bot_words","i1":3,"i2":9,"sol":{"path":["/c/en/accent","/c/en/sound","/c/en/city","/c/en/poreč"],"weight":0.22082999999999925,"degrees":[480,3218,3758,48]},"num_concepts_raised":60294},{"base_id":808,"kind":"bot_words","i1":4,"i2":5,"sol":{"path":["/c/en/earthwork","/c/en/earth","/c/en/land","/c/en/empire","/c/en/vassalage"],"weight":0.20419999999999983,"degrees":[50,2336,2465,521,35]},"num_concepts_raised":8935},{"base_id":808,"kind":"bot_words","i1":4,"i2":6,"sol":{"path":["/c/en/earthwork","/c/en/rampart","/c/en/wall","/c/en/wail"],"weight":0.20690999999999915,"degrees":[50,220,1673,274]},"num_concepts_raised":43416},{"base_id":808,"kind":"bot_words","i1":4,"i2":7,"sol":{"path":["/c/en/earthwork","/c/en/work","/c/en/energy","/c/en/protein","/c/en/collagenase"],"weight":0.2081099999999998,"degrees":[50,4013,1631,3124,34]},"num_concepts_raised":12343},{"base_id":808,"kind":"bot_words","i1":4,"i2":8,"sol":{"path":["/c/en/earthwork","/c/en/work","/c/en/effort","/c/en/efforts"],"weight":0.20407999999999976,"degrees":[50,4013,788,36]},"num_concepts_raised":9037},{"base_id":808,"kind":"bot_words","i1":4,"i2":9,"sol":{"path":["/c/en/earthwork","/c/en/dyke","/c/en/city","/c/en/poreč"],"weight":0.21025999999999972,"degrees":[50,211,3758,48]},"num_concepts_raised":12310},{"base_id":808,"kind":"bot_words","i1":5,"i2":6,"sol":{"path":["/c/en/vassalage","/c/en/empire","/c/en/death","/c/en/cry","/c/en/wail"],"weight":0.20982999999999924,"degrees":[35,521,2449,1722,274]},"num_concepts_raised":36671},{"base_id":808,"kind":"bot_words","i1":5,"i2":7,"sol":{"path":["/c/en/vassalage","/c/en/empire","/c/en/domain","/c/en/protein","/c/en/collagenase"],"weight":0.20797999999999991,"degrees":[35,521,559,3124,34]},"num_concepts_raised":5058},{"base_id":808,"kind":"bot_words","i1":5,"i2":8,"sol":{"path":["/c/en/vassalage","/c/ga/óglachas","/c/en/vigour","/c/zh/力度","/c/en/efforts"],"weight":0.20384999999999986,"degrees":[35,14,215,13,36]},"num_concepts_raised":1817},{"base_id":808,"kind":"bot_words","i1":5,"i2":9,"sol":{"path":["/c/en/vassalage","/c/gd/òglachas","/c/en/farm","/c/en/city","/c/en/poreč"],"weight":0.21113999999999983,"degrees":[35,13,1479,3758,48]},"num_concepts_raised":5045},{"base_id":808,"kind":"bot_words","i1":6,"i2":7,"sol":{"path":["/c/en/wail","/c/en/cry","/c/en/expression","/c/en/protein","/c/en/collagenase"],"weight":0.2148299999999992,"degrees":[274,1722,1025,3124,34]},"num_concepts_raised":40091},{"base_id":808,"kind":"bot_words","i1":6,"i2":8,"sol":{"path":["/c/en/wail","/c/en/music","/c/zh/力度","/c/en/efforts"],"weight":0.2055199999999992,"degrees":[274,8822,13,36]},"num_concepts_raised":36801},{"base_id":808,"kind":"bot_words","i1":6,"i2":9,"sol":{"path":["/c/en/wail","/c/en/noise","/c/en/city","/c/en/poreč"],"weight":0.21295999999999915,"degrees":[274,1201,3758,48]},"num_concepts_raised":39969},{"base_id":808,"kind":"bot_words","i1":7,"i2":8,"sol":{"path":["/c/en/collagenase","/c/en/protein","/c/en/energy","/c/en/effort","/c/en/efforts"],"weight":0.20888999999999985,"degrees":[34,3124,1631,788,36]},"num_concepts_raised":5232},{"base_id":808,"kind":"bot_words","i1":7,"i2":9,"sol":{"path":["/c/en/collagenase","/c/en/protein","/c/en/domain","/c/en/town","/c/en/city","/c/en/poreč"],"weight":0.21872579999999875,"degrees":[34,3124,559,2220,3758,48]},"num_concepts_raised":334478},{"base_id":808,"kind":"bot_words","i1":8,"i2":9,"sol":{"path":["/c/en/efforts","/c/en/effort","/c/en/main","/c/en/city","/c/en/poreč"],"weight":0.21104999999999974,"degrees":[36,788,838,3758,48]},"num_concepts_raised":5245}],[{"base_id":808,"kind":"top_words","i1":0,"i2":1,"sol":{"path":["/c/en/plumb","/c/en/depth","/c/en/depths"],"weight":0.20500000000000002,"degrees":[177,432,41]},"num_concepts_raised":184},{"base_id":808,"kind":"top_words","i1":0,"i2":2,"sol":{"path":["/c/en/plumb","/c/en/plum","/c/en/prune","/c/en/amputate"],"weight":0.21299999999999947,"degrees":[177,622,339,127]},"num_concepts_raised":69645},{"base_id":808,"kind":"top_words","i1":0,"i2":3,"sol":{"path":["/c/en/plumb","/c/en/cricket","/c/en/caught","/c/en/trapped"],"weight":0.20982999999999943,"degrees":[177,1394,95,47]},"num_concepts_raised":54486},{"base_id":808,"kind":"top_words","i1":0,"i2":4,"sol":{"path":["/c/en/plumb","/c/en/nautical","/c/en/leg"],"weight":0.20500000000000002,"degrees":[177,5204,1497]},"num_concepts_raised":1341},{"base_id":808,"kind":"top_words","i1":0,"i2":5,"sol":{"path":["/c/en/plumb","/c/en/depth","/c/en/deepest"],"weight":0.20400000000000001,"degrees":[177,432,24]},"num_concepts_raised":169},{"base_id":808,"kind":"top_words","i1":0,"i2":6,"sol":{"path":["/c/en/plumb","/c/en/vertical","/c/en/figure","/c/en/nought"],"weight":0.21679999999999955,"degrees":[177,600,1106,102]},"num_concepts_raised":63806},{"base_id":808,"kind":"top_words","i1":0,"i2":7,"sol":{"path":["/c/en/plumb","/c/en/lead","/c/en/mass","/c/en/materialization"],"weight":0.21225999999999948,"degrees":[177,2667,1639,57]},"num_concepts_raised":64548},{"base_id":808,"kind":"top_words","i1":0,"i2":8,"sol":{"path":["/c/en/plumb","/c/en/lead","/c/fr/marine","/c/en/tether"],"weight":0.21446999999999916,"degrees":[177,2667,4216,164]},"num_concepts_raised":69777},{"base_id":808,"kind":"top_words","i1":0,"i2":9,"sol":{"path":["/c/en/plumb","/c/en/vertical","/c/en/drop","/c/en/dangle"],"weight":0.21809999999999924,"degrees":[177,600,1915,217]},"num_concepts_raised":73531},{"base_id":808,"kind":"top_words","i1":1,"i2":2,"sol":{"path":["/c/en/depths","/c/en/severe","/c/en/cut","/c/en/amputate"],"weight":0.20431999999999978,"degrees":[41,604,2951,127]},"num_concepts_raised":29308},{"base_id":808,"kind":"top_words","i1":1,"i2":3,"sol":{"path":["/c/en/depths","/c/en/involved","/c/hi/फँसना","/c/en/trapped"],"weight":0.2029199999999997,"degrees":[41,235,9,47]},"num_concepts_raised":13471},{"base_id":808,"kind":"top_words","i1":1,"i2":4,"sol":{"path":["/c/en/depths","/c/en/region","/c/en/body","/c/en/leg"],"weight":0.22421999999999756,"degrees":[41,1382,3170,1497]},"num_concepts_raised":183285},{"base_id":808,"kind":"top_words","i1":1,"i2":5,"sol":{"path":["/c/en/depths","/c/en/deepest"],"weight":0.202,"degrees":[41,24]},"num_concepts_raised":59},{"base_id":808,"kind":"top_words","i1":1,"i2":6,"sol":{"path":["/c/en/depths","/c/en/nadir","/c/en/zero","/c/en/nought"],"weight":0.20564999999999983,"degrees":[41,116,795,102]},"num_concepts_raised":23599},{"base_id":808,"kind":"top_words","i1":1,"i2":7,"sol":{"path":["/c/en/depths","/c/en/severe","/c/en/appearance","/c/en/materialization"],"weight":0.20307999999999976,"degrees":[41,604,1440,57]},"num_concepts_raised":24905},{"base_id":808,"kind":"top_words","i1":1,"i2":8,"sol":{"path":["/c/en/depths","/c/en/bathysphere","/c/en/cable","/c/en/tether"],"weight":0.20441999999999944,"degrees":[41,74,735,164]},"num_concepts_raised":30579},{"base_id":808,"kind":"top_words","i1":1,"i2":9,"sol":{"path":["/c/en/depths","/c/en/depth","/c/en/computing","/c/en/hang","/c/en/dangle"],"weight":0.20774999999999955,"degrees":[41,432,9084,1144,217]},"num_concepts_raised":34821},{"base_id":808,"kind":"top_words","i1":2,"i2":3,"sol":{"path":["/c/en/amputate","/c/en/cut","/c/en/escape","/c/en/trapped"],"weight":0.20441999999999977,"degrees":[127,2951,1177,47]},"num_concepts_raised":23717},{"base_id":808,"kind":"top_words","i1":2,"i2":4,"sol":{"path":["/c/en/amputate","/c/en/limb","/c/en/leg"],"weight":0.20400000000000001,"degrees":[127,632,1497]},"num_concepts_raised":1293},{"base_id":808,"kind":"top_words","i1":2,"i2":5,"sol":{"path":["/c/en/amputate","/c/en/cut","/c/en/deep","/c/en/deepest"],"weight":0.20418999999999982,"degrees":[127,2951,984,24]},"num_concepts_raised":21199},{"base_id":808,"kind":"top_words","i1":2,"i2":6,"sol":{"path":["/c/en/amputate","/c/en/cut","/c/en/point","/c/en/nought"],"weight":0.2052099999999999,"degrees":[127,2951,2624,102]},"num_concepts_raised":33878},{"base_id":808,"kind":"top_words","i1":2,"i2":7,"sol":{"path":["/c/en/amputate","/c/en/medicine","/c/en/mass","/c/en/materialization"],"weight":0.20440999999999981,"degrees":[127,11938,1639,57]},"num_concepts_raised":35042},{"base_id":808,"kind":"top_words","i1":2,"i2":8,"sol":{"path":["/c/en/amputate","/c/en/peg_leg","/c/en/hobble","/c/en/tether"],"weight":0.2064399999999995,"degrees":[127,19,127,164]},"num_concepts_raised":40755},{"base_id":808,"kind":"top_words","i1":2,"i2":9,"sol":{"path":["/c/en/amputate","/c/en/cut","/c/en/swing","/c/en/dangle"],"weight":0.2077099999999996,"degrees":[127,2951,956,217]},"num_concepts_raised":44551},{"base_id":808,"kind":"top_words","i1":3,"i2":4,"sol":{"path":["/c/en/trapped","/c/en/trap","/c/en/slang","/c/en/leg"],"weight":0.22322999999999754,"degrees":[47,878,16318,1497]},"num_concepts_raised":178219},{"base_id":808,"kind":"top_words","i1":3,"i2":5,"sol":{"path":["/c/en/trapped","/c/en/caught","/c/en/cricket","/c/en/deep","/c/en/deepest"],"weight":0.20290999999999976,"degrees":[47,95,1394,984,24]},"num_concepts_raised":5305},{"base_id":808,"kind":"top_words","i1":3,"i2":6,"sol":{"path":["/c/en/trapped","/c/en/free","/c/en/zero","/c/en/nought"],"weight":0.20577999999999982,"degrees":[47,1709,795,102]},"num_concepts_raised":18159},{"base_id":808,"kind":"top_words","i1":3,"i2":7,"sol":{"path":["/c/en/trapped","/c/en/free","/c/en/physics","/c/en/materialization"],"weight":0.20319999999999977,"degrees":[47,1709,9094,57]},"num_concepts_raised":19372},{"base_id":808,"kind":"top_words","i1":3,"i2":8,"sol":{"path":["/c/en/trapped","/c/en/trap","/c/en/hold","/c/en/tether"],"weight":0.20442999999999945,"degrees":[47,878,2017,164]},"num_concepts_raised":25088},{"base_id":808,"kind":"top_words","i1":3,"i2":9,"sol":{"path":["/c/en/trapped","/c/ro/împrinde","/c/en/hang","/c/en/dangle"],"weight":0.20671999999999952,"degrees":[47,18,1144,217]},"num_concepts_raised":29145},{"base_id":808,"kind":"top_words","i1":4,"i2":5,"sol":{"path":["/c/en/leg","/c/en/anatomy","/c/en/heartstrings","/c/en/deepest"],"weight":0.22346999999999761,"degrees":[1497,12775,32,24]},"num_concepts_raised":176076},{"base_id":808,"kind":"top_words","i1":4,"i2":6,"sol":{"path":["/c/en/leg","/c/en/foot","/c/en/point","/c/en/nought"],"weight":0.2299399999999976,"degrees":[1497,1983,2624,102]},"num_concepts_raised":186299},{"base_id":808,"kind":"top_words","i1":4,"i2":7,"sol":{"path":["/c/en/leg","/c/en/body","/c/en/mass","/c/en/materialization"],"weight":0.2245599999999976,"degrees":[1497,3170,1639,57]},"num_concepts_raised":188241},{"base_id":808,"kind":"top_words","i1":4,"i2":8,"sol":{"path":["/c/en/leg","/c/en/hold","/c/en/tether"],"weight":0.203,"degrees":[1497,2017,164]},"num_concepts_raised":1339},{"base_id":808,"kind":"top_words","i1":4,"i2":9,"sol":{"path":["/c/en/leg","/c/en/slang","/c/en/dangle"],"weight":0.20400000000000001,"degrees":[1497,16318,217]},"num_concepts_raised":1367},{"base_id":808,"kind":"top_words","i1":5,"i2":6,"sol":{"path":["/c/en/deepest","/c/en/deep","/c/en/extent","/c/en/nought"],"weight":0.2036399999999999,"degrees":[24,984,474,102]},"num_concepts_raised":15605},{"base_id":808,"kind":"top_words","i1":5,"i2":7,"sol":{"path":["/c/en/deepest","/c/syc/ܥܘܙܐ","/c/en/energy","/c/en/materialization"],"weight":0.2029099999999998,"degrees":[24,16,1631,57]},"num_concepts_raised":16806},{"base_id":808,"kind":"top_words","i1":5,"i2":8,"sol":{"path":["/c/en/deepest","/c/en/depth","/c/en/attribute","/c/fr/attacher","/c/en/tether"],"weight":0.2063799999999995,"degrees":[24,432,459,775,164]},"num_concepts_raised":22645},{"base_id":808,"kind":"top_words","i1":5,"i2":9,"sol":{"path":["/c/en/deepest","/c/en/deep","/c/en/down","/c/en/hang","/c/en/dangle"],"weight":0.20661999999999958,"degrees":[24,984,1533,1144,217]},"num_concepts_raised":26728},{"base_id":808,"kind":"top_words","i1":6,"i2":7,"sol":{"path":["/c/en/nought","/c/en/value","/c/en/mass","/c/en/materialization"],"weight":0.20411999999999988,"degrees":[102,1699,1639,57]},"num_concepts_raised":29233},{"base_id":808,"kind":"top_words","i1":6,"i2":8,"sol":{"path":["/c/en/nought","/c/en/not","/c/en/rope","/c/en/tether"],"weight":0.20659999999999956,"degrees":[102,1521,1228,164]},"num_concepts_raised":34968},{"base_id":808,"kind":"top_words","i1":6,"i2":9,"sol":{"path":["/c/en/nought","/c/en/zero","/c/en/slang","/c/en/dangle"],"weight":0.20877999999999966,"degrees":[102,795,16318,217]},"num_concepts_raised":39036},{"base_id":808,"kind":"top_words","i1":7,"i2":8,"sol":{"path":["/c/en/materialization","/c/en/material","/c/en/cable","/c/en/tether"],"weight":0.20455999999999946,"degrees":[57,1522,735,164]},"num_concepts_raised":36392},{"base_id":808,"kind":"top_words","i1":7,"i2":9,"sol":{"path":["/c/en/materialization","/c/en/energy","/c/en/droop","/c/en/dangle"],"weight":0.20522999999999958,"degrees":[57,1631,180,217]},"num_concepts_raised":40456},{"base_id":808,"kind":"top_words","i1":8,"i2":9,"sol":{"path":["/c/en/tether","/c/fr/attacher","/c/fr/pendre","/c/en/dangle"],"weight":0.20864999999999928,"degrees":[164,775,280,217]},"num_concepts_raised":45769}]]