[[{"base_id":269,"kind":"bot_words","i1":0,"i2":1,"sol":{"path":["/c/en/mainly","/c/en/primarily","/c/en/marine_mammal","/c/en/mammal","/c/en/antechinus"],"weight":0.21073999999999987,"degrees":[150,109,66,2187,30]},"num_concepts_raised":8427},{"base_id":269,"kind":"bot_words","i1":0,"i2":2,"sol":{"path":["/c/en/mainly","/c/en/main","/c/en/water","/c/en/rheometer","/c/en/rheology"],"weight":0.2126599999999999,"degrees":[150,838,4606,33,104]},"num_concepts_raised":20936},{"base_id":269,"kind":"bot_words","i1":0,"i2":3,"sol":{"path":["/c/en/mainly","/c/en/mostly","/c/en/ground","/c/en/fungus","/c/en/clitocybe"],"weight":0.2100099999999999,"degrees":[150,198,1836,1236,33]},"num_concepts_raised":7316},{"base_id":269,"kind":"bot_words","i1":0,"i2":4,"sol":{"path":["/c/en/mainly","/c/en/part","/c/en/chunk"],"weight":0.202,"degrees":[150,2528,198]},"num_concepts_raised":281},{"base_id":269,"kind":"bot_words","i1":0,"i2":5,"sol":{"path":["/c/en/mainly","/c/fr/principalement","/c/fr/préalable","/c/en/given","/c/en/disposed"],"weight":0.20739999999999978,"degrees":[150,314,100,259,66]},"num_concepts_raised":9137},{"base_id":269,"kind":"bot_words","i1":0,"i2":6,"sol":{"path":["/c/en/mainly","/c/en/chiefly","/c/en/almost","/c/en/better","/c/en/ameliorate"],"weight":0.20769999999999994,"degrees":[150,124,545,809,91]},"num_concepts_raised":9207},{"base_id":269,"kind":"bot_words","i1":0,"i2":7,"sol":{"path":["/c/en/mainly","/c/en/chiefly","/c/en/focus","/c/en/slack_handed","/c/en/carelessly"],"weight":0.20784999999999965,"degrees":[150,124,744,12,163]},"num_concepts_raised":8381},{"base_id":269,"kind":"bot_words","i1":0,"i2":8,"sol":{"path":["/c/en/mainly","/c/en/part","/c/en/month","/c/en/muharram"],"weight":0.20447999999999988,"degrees":[150,2528,1313,38]},"num_concepts_raised":8473},{"base_id":269,"kind":"bot_words","i1":0,"i2":9,"sol":{"path":["/c/en/mainly","/c/en/main","/c/en/city","/c/en/dublin"],"weight":0.21269,"degrees":[150,838,3758,230]},"num_concepts_raised":120690},{"base_id":269,"kind":"bot_words","i1":1,"i2":2,"sol":{"path":["/c/en/antechinus","/c/en/mammal","/c/en/person","/c/en/diarrhea","/c/en/rheology"],"weight":0.21595999999999987,"degrees":[30,2187,12935,468,104]},"num_concepts_raised":17316},{"base_id":269,"kind":"bot_words","i1":1,"i2":3,"sol":{"path":["/c/en/antechinus","/c/en/mammal","/c/en/mole","/c/en/fungus","/c/en/clitocybe"],"weight":0.21289999999999987,"degrees":[30,2187,1084,1236,33]},"num_concepts_raised":3636},{"base_id":269,"kind":"bot_words","i1":1,"i2":4,"sol":{"path":["/c/en/antechinus","/c/en/mammal","/c/en/bone","/c/en/piece","/c/en/chunk"],"weight":0.21163999999999955,"degrees":[30,2187,2320,1565,198]},"num_concepts_raised":61099},{"base_id":269,"kind":"bot_words","i1":1,"i2":5,"sol":{"path":["/c/en/antechinus","/c/en/mammal","/c/en/play","/c/en/bent","/c/en/disposed"],"weight":0.20816999999999974,"degrees":[30,2187,3092,546,66]},"num_concepts_raised":5495},{"base_id":269,"kind":"bot_words","i1":1,"i2":6,"sol":{"path":["/c/en/antechinus","/c/en/mammal","/c/en/people","/c/en/better","/c/en/ameliorate"],"weight":0.20919999999999994,"degrees":[30,2187,4475,809,91]},"num_concepts_raised":5554},{"base_id":269,"kind":"bot_words","i1":1,"i2":7,"sol":{"path":["/c/en/antechinus","/c/en/mammal","/c/en/play","/c/zh/𨑨迌","/c/en/carelessly"],"weight":0.20931999999999962,"degrees":[30,2187,3092,11,163]},"num_concepts_raised":4720},{"base_id":269,"kind":"bot_words","i1":1,"i2":8,"sol":{"path":["/c/en/antechinus","/c/en/mammal","/c/en/four","/c/en/month","/c/en/muharram"],"weight":0.2079299999999999,"degrees":[30,2187,1330,1313,38]},"num_concepts_raised":4831},{"base_id":269,"kind":"bot_words","i1":1,"i2":9,"sol":{"path":["/c/en/antechinus","/c/en/mammal","/c/en/badger","/c/fr/localités","/c/en/dublin"],"weight":0.21635999999999997,"degrees":[30,2187,432,110113,230]},"num_concepts_raised":117126},{"base_id":269,"kind":"bot_words","i1":2,"i2":3,"sol":{"path":["/c/en/rheology","/c/en/physics","/c/en/field","/c/en/fungus","/c/en/clitocybe"],"weight":0.21413999999999989,"degrees":[104,9094,2150,1236,33]},"num_concepts_raised":16198},{"base_id":269,"kind":"bot_words","i1":2,"i2":4,"sol":{"path":["/c/en/rheology","/c/fr/rhéologie","/c/fr/matière","/c/fr/bloc","/c/en/chunk"],"weight":0.21626999999999963,"degrees":[104,39,895,356,198]},"num_concepts_raised":73177},{"base_id":269,"kind":"bot_words","i1":2,"i2":5,"sol":{"path":["/c/en/rheology","/c/fr/physique","/c/en/dative","/c/en/disposed"],"weight":0.2093499999999998,"degrees":[104,6029,199,66]},"num_concepts_raised":18035},{"base_id":269,"kind":"bot_words","i1":2,"i2":6,"sol":{"path":["/c/en/rheology","/c/fr/rhéologie","/c/fr/matière","/c/fr/amender","/c/en/ameliorate"],"weight":0.21408,"degrees":[104,39,895,199,91]},"num_concepts_raised":18092},{"base_id":269,"kind":"bot_words","i1":2,"i2":7,"sol":{"path":["/c/en/rheology","/c/en/diarrhea","/c/en/uk","/c/en/skimp","/c/en/carelessly"],"weight":0.21247999999999967,"degrees":[104,468,5562,90,163]},"num_concepts_raised":17268},{"base_id":269,"kind":"bot_words","i1":2,"i2":8,"sol":{"path":["/c/en/rheology","/c/en/diarrhea","/c/ja/上下","/c/en/month","/c/en/muharram"],"weight":0.21106999999999992,"degrees":[104,468,293,1313,38]},"num_concepts_raised":17382},{"base_id":269,"kind":"bot_words","i1":2,"i2":9,"sol":{"path":["/c/en/rheology","/c/en/physics","/c/en/college","/c/en/republic_of_ireland","/c/en/dublin"],"weight":0.22138000000000002,"degrees":[104,9094,710,234,230]},"num_concepts_raised":129649},{"base_id":269,"kind":"bot_words","i1":3,"i2":4,"sol":{"path":["/c/en/clitocybe","/c/fr/clitocybe","/c/fr/anneau","/c/fr/bloc","/c/en/chunk"],"weight":0.21305999999999958,"degrees":[33,17,481,356,198]},"num_concepts_raised":60016},{"base_id":269,"kind":"bot_words","i1":3,"i2":5,"sol":{"path":["/c/en/clitocybe","/c/en/fungus","/c/en/laboratory","/c/en/prepared","/c/en/disposed"],"weight":0.20823999999999976,"degrees":[33,1236,460,262,66]},"num_concepts_raised":4374},{"base_id":269,"kind":"bot_words","i1":3,"i2":6,"sol":{"path":["/c/en/clitocybe","/c/en/fungus","/c/en/ground","/c/en/improve","/c/en/ameliorate"],"weight":0.21046999999999993,"degrees":[33,1236,1836,539,91]},"num_concepts_raised":4434},{"base_id":269,"kind":"bot_words","i1":3,"i2":7,"sol":{"path":["/c/en/clitocybe","/c/en/fungus","/c/en/shade","/c/en/slight","/c/en/carelessly"],"weight":0.20941999999999966,"degrees":[33,1236,1192,402,163]},"num_concepts_raised":3602},{"base_id":269,"kind":"bot_words","i1":3,"i2":8,"sol":{"path":["/c/en/clitocybe","/c/en/fungus","/c/en/division","/c/en/month","/c/en/muharram"],"weight":0.2079999999999999,"degrees":[33,1236,1509,1313,38]},"num_concepts_raised":3713},{"base_id":269,"kind":"bot_words","i1":3,"i2":9,"sol":{"path":["/c/en/clitocybe","/c/en/fungus","/c/en/mold","/c/fr/localités","/c/en/dublin"],"weight":0.21644,"degrees":[33,1236,711,110113,230]},"num_concepts_raised":116009},{"base_id":269,"kind":"bot_words","i1":4,"i2":5,"sol":{"path":["/c/en/chunk","/c/en/slang","/c/en/bent","/c/en/disposed"],"weight":0.2054199999999995,"degrees":[198,16318,546,66]},"num_concepts_raised":61686},{"base_id":269,"kind":"bot_words","i1":4,"i2":6,"sol":{"path":["/c/en/chunk","/c/en/break","/c/en/better","/c/en/ameliorate"],"weight":0.20623999999999965,"degrees":[198,2938,809,91]},"num_concepts_raised":61817},{"base_id":269,"kind":"bot_words","i1":4,"i2":7,"sol":{"path":["/c/en/chunk","/c/en/bundle","/c/en/clumsily","/c/en/carelessly"],"weight":0.20743999999999935,"degrees":[198,676,67,163]},"num_concepts_raised":60980},{"base_id":269,"kind":"bot_words","i1":4,"i2":8,"sol":{"path":["/c/en/chunk","/c/en/year","/c/en/islamic_calendar","/c/en/muharram"],"weight":0.2059099999999996,"degrees":[198,1951,69,38]},"num_concepts_raised":61017},{"base_id":269,"kind":"bot_words","i1":4,"i2":9,"sol":{"path":["/c/en/chunk","/c/en/piece","/c/en/ireland","/c/en/dublin"],"weight":0.21498999999999968,"degrees":[198,1565,1227,230]},"num_concepts_raised":172807},{"base_id":269,"kind":"bot_words","i1":5,"i2":6,"sol":{"path":["/c/en/disposed","/c/en/prepared","/c/ja/良い","/c/en/ameliorate"],"weight":0.20397999999999983,"degrees":[66,262,73,91]},"num_concepts_raised":6258},{"base_id":269,"kind":"bot_words","i1":5,"i2":7,"sol":{"path":["/c/en/disposed","/c/en/inclined","/c/en/hill","/c/en/slight","/c/en/carelessly"],"weight":0.20584999999999953,"degrees":[66,231,1161,402,163]},"num_concepts_raised":5428},{"base_id":269,"kind":"bot_words","i1":5,"i2":8,"sol":{"path":["/c/en/disposed","/c/en/inclined","/c/en/partial","/c/en/month","/c/en/muharram"],"weight":0.2044499999999998,"degrees":[66,231,361,1313,38]},"num_concepts_raised":5564},{"base_id":269,"kind":"bot_words","i1":5,"i2":9,"sol":{"path":["/c/en/disposed","/c/fr/apt","/c/fr/localités","/c/en/dublin"],"weight":0.21166999999999989,"degrees":[66,29,110113,230]},"num_concepts_raised":117841},{"base_id":269,"kind":"bot_words","i1":6,"i2":7,"sol":{"path":["/c/en/ameliorate","/c/fr/améliorer","/c/fr/corriger","/c/fr/négligence","/c/en/carelessly"],"weight":0.20748999999999973,"degrees":[91,268,319,176,163]},"num_concepts_raised":5506},{"base_id":269,"kind":"bot_words","i1":6,"i2":8,"sol":{"path":["/c/en/ameliorate","/c/en/worsen","/c/en/deprive","/c/ar/حرم","/c/en/muharram"],"weight":0.20476999999999995,"degrees":[91,279,418,111,38]},"num_concepts_raised":5627},{"base_id":269,"kind":"bot_words","i1":6,"i2":9,"sol":{"path":["/c/en/ameliorate","/c/fr/améliorer","/c/fr/vernier","/c/fr/localités","/c/en/dublin"],"weight":0.21441000000000004,"degrees":[91,268,30,110113,230]},"num_concepts_raised":117919},{"base_id":269,"kind":"bot_words","i1":7,"i2":8,"sol":{"path":["/c/en/carelessly","/c/en/careless","/c/en/fall","/c/en/month","/c/en/muharram"],"weight":0.20459999999999967,"degrees":[163,411,2357,1313,38]},"num_concepts_raised":4795},{"base_id":269,"kind":"bot_words","i1":7,"i2":9,"sol":{"path":["/c/en/carelessly","/c/en/skimp","/c/en/scotland","/c/en/fingal","/c/en/dublin"],"weight":0.21451999999999977,"degrees":[163,90,2226,16,230]},"num_concepts_raised":117080},{"base_id":269,"kind":"bot_words","i1":8,"i2":9,"sol":{"path":["/c/en/muharram","/c/en/holiday","/c/en/english_language","/c/en/republic_of_ireland","/c/en/dublin"],"weight":0.21521,"degrees":[38,833,579,234,230]},"num_concepts_raised":117176}],[{"base_id":269,"kind":"top_words","i1":0,"i2":1,"sol":{"path":["/c/en/tag","/c/en/slang","/c/en/bird","/c/en/passerine"],"weight":0.2276299999999978,"degrees":[590,16318,4970,358]},"num_concepts_raised":101401},{"base_id":269,"kind":"top_words","i1":0,"i2":2,"sol":{"path":["/c/en/tag","/c/en/type","/c/en/island","/c/en/sentosa"],"weight":0.21938999999999903,"degrees":[590,1591,1660,28]},"num_concepts_raised":81910},{"base_id":269,"kind":"top_words","i1":0,"i2":3,"sol":{"path":["/c/en/tag","/c/fr/marquer","/c/fr/histoire","/c/fr/maoïste","/c/en/maoist"],"weight":0.21988999999999903,"degrees":[590,677,4439,27,49]},"num_concepts_raised":81049},{"base_id":269,"kind":"top_words","i1":0,"i2":4,"sol":{"path":["/c/en/tag","/c/en/touch","/c/en/historical","/c/en/haganah"],"weight":0.22404999999999906,"degrees":[590,1765,8415,55]},"num_concepts_raised":89765},{"base_id":269,"kind":"top_words","i1":0,"i2":5,"sol":{"path":["/c/en/tag","/c/en/element","/c/en/compound","/c/en/defoliant"],"weight":0.2164699999999991,"degrees":[590,1173,1833,32]},"num_concepts_raised":81680},{"base_id":269,"kind":"top_words","i1":0,"i2":6,"sol":{"path":["/c/en/tag","/c/en/ball","/c/en/dance","/c/en/foxtrot"],"weight":0.21858999999999912,"degrees":[590,2118,2473,57]},"num_concepts_raised":84927},{"base_id":269,"kind":"top_words","i1":0,"i2":7,"sol":{"path":["/c/en/tag","/c/en/touch","/c/en/land_mine","/c/en/landmine"],"weight":0.21867999999999901,"degrees":[590,1765,128,30]},"num_concepts_raised":81496},{"base_id":269,"kind":"top_words","i1":0,"i2":8,"sol":{"path":["/c/en/tag","/c/en/name","/c/en/mathematics","/c/en/econometric"],"weight":0.21677999999999914,"degrees":[590,2629,7601,28]},"num_concepts_raised":87912},{"base_id":269,"kind":"top_words","i1":0,"i2":9,"sol":{"path":["/c/en/tag","/c/en/label","/c/en/country","/c/en/libya","/c/en/gaddafi"],"weight":0.22473999999999889,"degrees":[590,531,2796,303,45]},"num_concepts_raised":80362},{"base_id":269,"kind":"top_words","i1":1,"i2":2,"sol":{"path":["/c/en/passerine","/c/en/bird","/c/en/fish","/c/en/island","/c/en/sentosa"],"weight":0.22071999999999858,"degrees":[358,4970,4424,1660,28]},"num_concepts_raised":24447},{"base_id":269,"kind":"top_words","i1":1,"i2":3,"sol":{"path":["/c/en/passerine","/c/en/mao","/c/en/maoist"],"weight":0.20400000000000001,"degrees":[358,51,49]},"num_concepts_raised":379},{"base_id":269,"kind":"top_words","i1":1,"i2":4,"sol":{"path":["/c/en/passerine","/c/en/cardinal","/c/en/historical","/c/en/haganah"],"weight":0.21666999999999872,"degrees":[358,5720,8415,55]},"num_concepts_raised":32986},{"base_id":269,"kind":"top_words","i1":1,"i2":5,"sol":{"path":["/c/en/passerine","/c/en/species","/c/en/compound","/c/en/defoliant"],"weight":0.21130999999999878,"degrees":[358,1659,1833,32]},"num_concepts_raised":24313},{"base_id":269,"kind":"top_words","i1":1,"i2":6,"sol":{"path":["/c/en/passerine","/c/en/bird","/c/en/song","/c/en/dance","/c/en/foxtrot"],"weight":0.21955999999999867,"degrees":[358,4970,1644,2473,57]},"num_concepts_raised":27990},{"base_id":269,"kind":"top_words","i1":1,"i2":7,"sol":{"path":["/c/en/passerine","/c/en/bird","/c/en/slang","/c/en/mine","/c/en/landmine"],"weight":0.2157299999999986,"degrees":[358,4970,16318,1117,30]},"num_concepts_raised":24120},{"base_id":269,"kind":"top_words","i1":1,"i2":8,"sol":{"path":["/c/en/passerine","/c/en/order","/c/en/mathematics","/c/en/econometric"],"weight":0.2112299999999988,"degrees":[358,2833,7601,28]},"num_concepts_raised":31290},{"base_id":269,"kind":"top_words","i1":1,"i2":9,"sol":{"path":["/c/en/passerine","/c/en/titmouse","/c/en/africa","/c/en/libya","/c/en/gaddafi"],"weight":0.21144999999999864,"degrees":[358,98,860,303,45]},"num_concepts_raised":22802},{"base_id":269,"kind":"top_words","i1":2,"i2":3,"sol":{"path":["/c/en/sentosa","/c/en/island","/c/en/state","/c/en/maoism","/c/en/maoist"],"weight":0.20810999999999982,"degrees":[28,1660,3243,142,49]},"num_concepts_raised":3039},{"base_id":269,"kind":"top_words","i1":2,"i2":4,"sol":{"path":["/c/en/sentosa","/c/en/island","/c/en/oasis","/c/en/organization","/c/en/haganah"],"weight":0.21314999999999984,"degrees":[28,1660,224,1375,55]},"num_concepts_raised":12613},{"base_id":269,"kind":"top_words","i1":2,"i2":5,"sol":{"path":["/c/en/sentosa","/c/en/island","/c/en/ternate","/c/en/compound","/c/en/defoliant"],"weight":0.20780999999999988,"degrees":[28,1660,52,1833,32]},"num_concepts_raised":3829},{"base_id":269,"kind":"top_words","i1":2,"i2":6,"sol":{"path":["/c/en/sentosa","/c/en/island","/c/en/recreation","/c/en/dance","/c/en/foxtrot"],"weight":0.2115899999999999,"degrees":[28,1660,315,2473,57]},"num_concepts_raised":7562},{"base_id":269,"kind":"top_words","i1":2,"i2":7,"sol":{"path":["/c/en/sentosa","/c/en/island","/c/en/land","/c/en/land_mine","/c/en/landmine"],"weight":0.2078299999999998,"degrees":[28,1660,2465,128,30]},"num_concepts_raised":3630},{"base_id":269,"kind":"top_words","i1":2,"i2":8,"sol":{"path":["/c/en/sentosa","/c/en/island","/c/en/set","/c/en/mathematics","/c/en/econometric"],"weight":0.20778999999999992,"degrees":[28,1660,2628,7601,28]},"num_concepts_raised":10889},{"base_id":269,"kind":"top_words","i1":2,"i2":9,"sol":{"path":["/c/en/sentosa","/c/en/singapore","/c/en/country","/c/en/libya","/c/en/gaddafi"],"weight":0.20786999999999972,"degrees":[28,572,2796,303,45]},"num_concepts_raised":2292},{"base_id":269,"kind":"top_words","i1":3,"i2":4,"sol":{"path":["/c/en/maoist","/c/en/socialist","/c/en/organization","/c/en/haganah"],"weight":0.20846999999999988,"degrees":[49,299,1375,55]},"num_concepts_raised":11697},{"base_id":269,"kind":"top_words","i1":3,"i2":5,"sol":{"path":["/c/en/maoist","/c/en/socialist","/c/en/combine","/c/en/compound","/c/en/defoliant"],"weight":0.20312999999999992,"degrees":[49,299,574,1833,32]},"num_concepts_raised":2899},{"base_id":269,"kind":"top_words","i1":3,"i2":6,"sol":{"path":["/c/en/maoist","/c/en/socialist","/c/en/social","/c/en/dance","/c/en/foxtrot"],"weight":0.20696999999999993,"degrees":[49,299,934,2473,57]},"num_concepts_raised":6646},{"base_id":269,"kind":"top_words","i1":3,"i2":7,"sol":{"path":["/c/en/maoist","/c/en/advocate","/c/en/person","/c/en/explosive","/c/en/landmine"],"weight":0.20305999999999982,"degrees":[49,583,12935,467,30]},"num_concepts_raised":2704},{"base_id":269,"kind":"top_words","i1":3,"i2":8,"sol":{"path":["/c/en/maoist","/c/en/maoism","/c/en/act","/c/en/mathematics","/c/en/econometric"],"weight":0.20312999999999995,"degrees":[49,142,2503,7601,28]},"num_concepts_raised":9961},{"base_id":269,"kind":"top_words","i1":3,"i2":9,"sol":{"path":["/c/en/maoist","/c/en/maoism","/c/en/philosophy","/c/en/gaddafism","/c/en/gaddafi"],"weight":0.20320999999999978,"degrees":[49,142,2516,11,45]},"num_concepts_raised":1360},{"base_id":269,"kind":"top_words","i1":4,"i2":5,"sol":{"path":["/c/en/haganah","/c/en/organization","/c/en/officer","/c/en/smokey_bear","/c/en/defoliant"],"weight":0.20819999999999994,"degrees":[55,1375,804,36,32]},"num_concepts_raised":12516},{"base_id":269,"kind":"top_words","i1":4,"i2":6,"sol":{"path":["/c/en/haganah","/c/en/historical","/c/en/dancing","/c/en/dance","/c/en/foxtrot"],"weight":0.21207999999999994,"degrees":[55,8415,426,2473,57]},"num_concepts_raised":16181},{"base_id":269,"kind":"top_words","i1":4,"i2":7,"sol":{"path":["/c/en/haganah","/c/en/historical","/c/en/shrapnel","/c/en/landmine"],"weight":0.20804999999999985,"degrees":[55,8415,81,30]},"num_concepts_raised":12294},{"base_id":269,"kind":"top_words","i1":4,"i2":8,"sol":{"path":["/c/en/haganah","/c/en/paramilitary","/c/en/force","/c/en/metric","/c/en/econometric"],"weight":0.21019999999999994,"degrees":[55,133,1979,271,28]},"num_concepts_raised":19521},{"base_id":269,"kind":"top_words","i1":4,"i2":9,"sol":{"path":["/c/en/haganah","/c/en/historical","/c/en/libya","/c/en/gaddafi"],"weight":0.20822999999999978,"degrees":[55,8415,303,45]},"num_concepts_raised":10979},{"base_id":269,"kind":"top_words","i1":5,"i2":6,"sol":{"path":["/c/en/defoliant","/c/en/compound","/c/en/music","/c/en/dance","/c/en/foxtrot"],"weight":0.20672,"degrees":[32,1833,8822,2473,57]},"num_concepts_raised":7434},{"base_id":269,"kind":"top_words","i1":5,"i2":7,"sol":{"path":["/c/en/defoliant","/c/en/compound","/c/en/salt","/c/en/mine","/c/en/landmine"],"weight":0.20280999999999988,"degrees":[32,1833,2754,1117,30]},"num_concepts_raised":3480},{"base_id":269,"kind":"top_words","i1":5,"i2":8,"sol":{"path":["/c/en/defoliant","/c/en/compound","/c/en/complex","/c/en/mathematics","/c/en/econometric"],"weight":0.20284000000000002,"degrees":[32,1833,884,7601,28]},"num_concepts_raised":10733},{"base_id":269,"kind":"top_words","i1":5,"i2":9,"sol":{"path":["/c/en/defoliant","/c/en/compound","/c/en/music","/c/en/country","/c/en/libya","/c/en/gaddafi"],"weight":0.20542889999999958,"degrees":[32,1833,8822,2796,303,45]},"num_concepts_raised":164464},{"base_id":269,"kind":"top_words","i1":6,"i2":7,"sol":{"path":["/c/en/foxtrot","/c/en/dance","/c/en/step","/c/en/land_mine","/c/en/landmine"],"weight":0.2067199999999999,"degrees":[57,2473,1368,128,30]},"num_concepts_raised":7223},{"base_id":269,"kind":"top_words","i1":6,"i2":8,"sol":{"path":["/c/en/foxtrot","/c/en/dance","/c/en/music","/c/en/metric","/c/en/econometric"],"weight":0.20665,"degrees":[57,2473,8822,271,28]},"num_concepts_raised":14473},{"base_id":269,"kind":"top_words","i1":6,"i2":9,"sol":{"path":["/c/en/foxtrot","/c/en/old","/c/en/politician","/c/en/gaddafian","/c/en/gaddafi"],"weight":0.20331999999999983,"degrees":[57,2028,665,5,45]},"num_concepts_raised":5908},{"base_id":269,"kind":"top_words","i1":7,"i2":8,"sol":{"path":["/c/en/landmine","/c/en/mine","/c/en/into","/c/en/mathematics","/c/en/econometric"],"weight":0.2027799999999999,"degrees":[30,1117,474,7601,28]},"num_concepts_raised":10558},{"base_id":269,"kind":"top_words","i1":7,"i2":9,"sol":{"path":["/c/en/landmine","/c/en/shrapnel","/c/en/historical","/c/en/libya","/c/en/gaddafi"],"weight":0.20277999999999974,"degrees":[30,81,8415,303,45]},"num_concepts_raised":1958},{"base_id":269,"kind":"top_words","i1":8,"i2":9,"sol":{"path":["/c/en/econometric","/c/en/mathematics","/c/en/number","/c/en/arabic","/c/en/libya","/c/en/gaddafi"],"weight":0.20616269999999878,"degrees":[28,7601,2301,479,303,45]},"num_concepts_raised":347299}]]