[[{"base_id":829,"kind":"bot_words","i1":0,"i2":1,"sol":{"path":["/c/en/epsilon","/c/en/computing","/c/en/permission","/c/en/authorisation"],"weight":0.20912999999999987,"degrees":[98,9084,463,43]},"num_concepts_raised":25060},{"base_id":829,"kind":"bot_words","i1":0,"i2":2,"sol":{"path":["/c/en/epsilon","/c/en/letter","/c/en/love","/c/en/like"],"weight":0.25417000000000695,"degrees":[98,2043,2442,2357]},"num_concepts_raised":470887},{"base_id":829,"kind":"bot_words","i1":0,"i2":3,"sol":{"path":["/c/en/epsilon","/c/en/computing","/c/en/cut","/c/en/primal"],"weight":0.21073999999999968,"degrees":[98,9084,2951,107]},"num_concepts_raised":41349},{"base_id":829,"kind":"bot_words","i1":0,"i2":4,"sol":{"path":["/c/en/epsilon","/c/en/delta","/c/en/river","/c/en/fish","/c/en/dragonet"],"weight":0.21656999999999987,"degrees":[98,277,2945,4424,66]},"num_concepts_raised":26482},{"base_id":829,"kind":"bot_words","i1":0,"i2":5,"sol":{"path":["/c/en/epsilon","/c/en/computing","/c/en/code","/c/en/bushido"],"weight":0.21923999999999993,"degrees":[98,9084,681,119]},"num_concepts_raised":28795},{"base_id":829,"kind":"bot_words","i1":0,"i2":6,"sol":{"path":["/c/en/epsilon","/c/en/mathematics","/c/en/subsurface","/c/en/undersea"],"weight":0.21006999999999992,"degrees":[98,7601,35,42]},"num_concepts_raised":25029},{"base_id":829,"kind":"bot_words","i1":0,"i2":7,"sol":{"path":["/c/en/epsilon","/c/en/computing","/c/en/quark","/c/en/pion"],"weight":0.20979999999999988,"degrees":[98,9084,430,84]},"num_concepts_raised":32117},{"base_id":829,"kind":"bot_words","i1":0,"i2":8,"sol":{"path":["/c/en/epsilon","/c/en/zeta","/c/en/physics","/c/ru/удельный","/c/en/appanage"],"weight":0.2109899999999999,"degrees":[98,120,9094,9,33]},"num_concepts_raised":22986},{"base_id":829,"kind":"bot_words","i1":0,"i2":9,"sol":{"path":["/c/en/epsilon","/c/en/letter","/c/en/capital","/c/en/chhattisgarh","/c/en/raipur"],"weight":0.21872999999999995,"degrees":[98,2043,1518,42,75]},"num_concepts_raised":26942},{"base_id":829,"kind":"bot_words","i1":1,"i2":2,"sol":{"path":["/c/en/authorisation","/c/fr/approbation","/c/fr/aimer","/c/en/like"],"weight":0.2444500000000069,"degrees":[43,142,698,2357]},"num_concepts_raised":457086},{"base_id":829,"kind":"bot_words","i1":1,"i2":3,"sol":{"path":["/c/en/authorisation","/c/en/authoritative","/c/en/important","/c/en/primal"],"weight":0.20483999999999958,"degrees":[43,175,912,107]},"num_concepts_raised":22606},{"base_id":829,"kind":"bot_words","i1":1,"i2":4,"sol":{"path":["/c/en/authorisation","/c/en/authoritative","/c/en/body","/c/en/dragon","/c/en/dragonet"],"weight":0.21050999999999978,"degrees":[43,175,3170,666,66]},"num_concepts_raised":7314},{"base_id":829,"kind":"bot_words","i1":1,"i2":5,"sol":{"path":["/c/en/authorisation","/c/en/authority","/c/en/master","/c/en/bushido"],"weight":0.21344999999999983,"degrees":[43,1198,1522,119]},"num_concepts_raised":9704},{"base_id":829,"kind":"bot_words","i1":1,"i2":6,"sol":{"path":["/c/en/authorisation","/c/en/authority","/c/fr/pouvoir","/c/fr/sous_marin","/c/en/undersea"],"weight":0.20552999999999982,"degrees":[43,1198,1436,198,42]},"num_concepts_raised":5876},{"base_id":829,"kind":"bot_words","i1":1,"i2":7,"sol":{"path":["/c/en/authorisation","/c/en/permission","/c/en/formal","/c/en/pi_meson","/c/en/pion"],"weight":0.20688999999999977,"degrees":[43,463,2270,21,84]},"num_concepts_raised":13159},{"base_id":829,"kind":"bot_words","i1":1,"i2":8,"sol":{"path":["/c/en/authorisation","/c/en/authorize","/c/en/grant","/c/en/appanage"],"weight":0.2031099999999998,"degrees":[43,226,713,33]},"num_concepts_raised":3733},{"base_id":829,"kind":"bot_words","i1":1,"i2":9,"sol":{"path":["/c/en/authorisation","/c/en/authority","/c/en/capital","/c/en/chhattisgarh","/c/en/raipur"],"weight":0.21290999999999988,"degrees":[43,1198,1518,42,75]},"num_concepts_raised":7768},{"base_id":829,"kind":"bot_words","i1":2,"i2":3,"sol":{"path":["/c/en/like","/c/en/cut","/c/en/primal"],"weight":0.20700000000000002,"degrees":[2357,2951,107]},"num_concepts_raised":2158},{"base_id":829,"kind":"bot_words","i1":2,"i2":4,"sol":{"path":["/c/en/like","/c/en/enjoy","/c/en/fish","/c/en/dragonet"],"weight":0.25160000000000693,"degrees":[2357,697,4424,66]},"num_concepts_raised":458724},{"base_id":829,"kind":"bot_words","i1":2,"i2":5,"sol":{"path":["/c/en/like","/c/en/love","/c/en/life","/c/en/bushido"],"weight":0.25852000000000686,"degrees":[2357,2442,2241,119]},"num_concepts_raised":459761},{"base_id":829,"kind":"bot_words","i1":2,"i2":6,"sol":{"path":["/c/en/like","/c/en/beneath","/c/en/undersea"],"weight":0.20600000000000002,"degrees":[2357,219,42]},"num_concepts_raised":2094},{"base_id":829,"kind":"bot_words","i1":2,"i2":7,"sol":{"path":["/c/en/like","/c/fr/aimer","/c/fr/physique","/c/en/pion"],"weight":0.2451900000000069,"degrees":[2357,698,6029,84]},"num_concepts_raised":463320},{"base_id":829,"kind":"bot_words","i1":2,"i2":8,"sol":{"path":["/c/en/like","/c/en/give","/c/en/grant","/c/en/appanage"],"weight":0.23922000000000693,"degrees":[2357,2421,713,33]},"num_concepts_raised":455820},{"base_id":829,"kind":"bot_words","i1":2,"i2":9,"sol":{"path":["/c/en/like","/c/en/city","/c/en/raipur"],"weight":0.20800000000000002,"degrees":[2357,3758,75]},"num_concepts_raised":2119},{"base_id":829,"kind":"bot_words","i1":3,"i2":4,"sol":{"path":["/c/en/primal","/c/en/meat","/c/en/fish","/c/en/dragonet"],"weight":0.2101899999999996,"degrees":[107,1737,4424,66]},"num_concepts_raised":23954},{"base_id":829,"kind":"bot_words","i1":3,"i2":5,"sol":{"path":["/c/en/primal","/c/en/important","/c/en/life","/c/en/bushido"],"weight":0.21500999999999965,"degrees":[107,912,2241,119]},"num_concepts_raised":26333},{"base_id":829,"kind":"bot_words","i1":3,"i2":6,"sol":{"path":["/c/en/primal","/c/en/important","/c/en/water","/c/en/submarine","/c/en/undersea"],"weight":0.20734999999999962,"degrees":[107,912,4606,487,42]},"num_concepts_raised":22569},{"base_id":829,"kind":"bot_words","i1":3,"i2":7,"sol":{"path":["/c/en/primal","/c/en/key","/c/fr/pion","/c/en/pion"],"weight":0.20666999999999958,"degrees":[107,1529,183,84]},"num_concepts_raised":29727},{"base_id":829,"kind":"bot_words","i1":3,"i2":8,"sol":{"path":["/c/en/primal","/c/en/cut","/c/ms/membuat","/c/en/grant","/c/en/appanage"],"weight":0.20465999999999962,"degrees":[107,2951,83,713,33]},"num_concepts_raised":20546},{"base_id":829,"kind":"bot_words","i1":3,"i2":9,"sol":{"path":["/c/en/primal","/c/en/central","/c/en/city","/c/en/raipur"],"weight":0.20945999999999967,"degrees":[107,548,3758,75]},"num_concepts_raised":24434},{"base_id":829,"kind":"bot_words","i1":4,"i2":5,"sol":{"path":["/c/en/dragonet","/c/en/fish","/c/en/life","/c/en/bushido"],"weight":0.21869999999999984,"degrees":[66,4424,2241,119]},"num_concepts_raised":11141},{"base_id":829,"kind":"bot_words","i1":4,"i2":6,"sol":{"path":["/c/en/dragonet","/c/en/fish","/c/en/sea","/c/en/undersea"],"weight":0.2085299999999998,"degrees":[66,4424,1714,42]},"num_concepts_raised":7203},{"base_id":829,"kind":"bot_words","i1":4,"i2":7,"sol":{"path":["/c/en/dragonet","/c/en/fish","/c/en/counter","/c/fr/pion","/c/en/pion"],"weight":0.21131999999999979,"degrees":[66,4424,727,183,84]},"num_concepts_raised":14562},{"base_id":829,"kind":"bot_words","i1":4,"i2":8,"sol":{"path":["/c/en/dragonet","/c/en/dragon","/c/en/historical","/c/hu/apanázs","/c/en/appanage"],"weight":0.21035999999999977,"degrees":[66,666,8415,12,33]},"num_concepts_raised":5164},{"base_id":829,"kind":"bot_words","i1":4,"i2":9,"sol":{"path":["/c/en/dragonet","/c/en/dragon","/c/en/lizard","/c/en/india","/c/en/raipur"],"weight":0.21607999999999983,"degrees":[66,666,939,1846,75]},"num_concepts_raised":9146},{"base_id":829,"kind":"bot_words","i1":5,"i2":6,"sol":{"path":["/c/en/bushido","/c/en/life","/c/en/water","/c/en/submarine","/c/en/undersea"],"weight":0.21584999999999985,"degrees":[119,2241,4606,487,42]},"num_concepts_raised":9697},{"base_id":829,"kind":"bot_words","i1":5,"i2":7,"sol":{"path":["/c/en/bushido","/c/en/life","/c/en/game","/c/fr/pion","/c/en/pion"],"weight":0.21617999999999982,"degrees":[119,2241,2308,183,84]},"num_concepts_raised":16993},{"base_id":829,"kind":"bot_words","i1":5,"i2":8,"sol":{"path":["/c/en/bushido","/c/en/chivalry","/c/en/land","/c/en/apanage","/c/en/appanage"],"weight":0.21827999999999984,"degrees":[119,173,2465,35,33]},"num_concepts_raised":7627},{"base_id":829,"kind":"bot_words","i1":5,"i2":9,"sol":{"path":["/c/en/bushido","/c/en/code","/c/en/city","/c/en/raipur"],"weight":0.21888999999999992,"degrees":[119,681,3758,75]},"num_concepts_raised":11567},{"base_id":829,"kind":"bot_words","i1":6,"i2":7,"sol":{"path":["/c/en/undersea","/c/en/submarine","/c/en/down","/c/en/pion"],"weight":0.2062299999999998,"degrees":[42,487,1533,84]},"num_concepts_raised":13074},{"base_id":829,"kind":"bot_words","i1":6,"i2":8,"sol":{"path":["/c/en/undersea","/c/en/sea","/c/en/land","/c/en/apanage","/c/en/appanage"],"weight":0.20609999999999984,"degrees":[42,1714,2465,35,33]},"num_concepts_raised":3731},{"base_id":829,"kind":"bot_words","i1":6,"i2":9,"sol":{"path":["/c/en/undersea","/c/en/submarine","/c/en/water","/c/en/city","/c/en/raipur"],"weight":0.2112199999999999,"degrees":[42,487,4606,3758,75]},"num_concepts_raised":7711},{"base_id":829,"kind":"bot_words","i1":7,"i2":8,"sol":{"path":["/c/en/pion","/c/en/down","/c/en/land","/c/en/apanage","/c/en/appanage"],"weight":0.20668999999999976,"degrees":[84,1533,2465,35,33]},"num_concepts_raised":11036},{"base_id":829,"kind":"bot_words","i1":7,"i2":9,"sol":{"path":["/c/en/pion","/c/en/xi","/c/en/city","/c/en/raipur"],"weight":0.20933999999999986,"degrees":[84,269,3758,75]},"num_concepts_raised":15013},{"base_id":829,"kind":"bot_words","i1":8,"i2":9,"sol":{"path":["/c/en/appanage","/c/en/grant","/c/en/united_states","/c/en/city","/c/en/raipur"],"weight":0.2085999999999999,"degrees":[33,713,1636,3758,75]},"num_concepts_raised":5624}],[{"base_id":829,"kind":"top_words","i1":0,"i2":1,"sol":{"path":["/c/en/dowager","/c/en/title","/c/en/emperor"],"weight":0.20600000000000002,"degrees":[54,1021,837]},"num_concepts_raised":672},{"base_id":829,"kind":"top_words","i1":0,"i2":2,"sol":{"path":["/c/en/dowager","/c/fr/douairière","/c/fr/rang","/c/en/ring","/c/en/ding"],"weight":0.20575999999999967,"degrees":[54,25,470,2026,88]},"num_concepts_raised":23010},{"base_id":829,"kind":"top_words","i1":0,"i2":3,"sol":{"path":["/c/en/dowager","/c/en/widow","/c/en/single","/c/en/ye"],"weight":0.2038899999999997,"degrees":[54,532,1167,92]},"num_concepts_raised":31061},{"base_id":829,"kind":"top_words","i1":0,"i2":4,"sol":{"path":["/c/en/dowager","/c/en/widow","/c/en/queen","/c/en/royalty","/c/en/diocletian"],"weight":0.20932999999999985,"degrees":[54,532,1021,340,102]},"num_concepts_raised":6477},{"base_id":829,"kind":"top_words","i1":0,"i2":5,"sol":{"path":["/c/en/dowager","/c/en/title","/c/en/emperor","/c/en/empress"],"weight":0.20921,"degrees":[54,1021,837,210]},"num_concepts_raised":15134},{"base_id":829,"kind":"top_words","i1":0,"i2":6,"sol":{"path":["/c/en/dowager","/c/en/lady","/c/en/historical","/c/en/xianbei"],"weight":0.20809999999999973,"degrees":[54,787,8415,40]},"num_concepts_raised":15904},{"base_id":829,"kind":"top_words","i1":0,"i2":7,"sol":{"path":["/c/en/dowager","/c/en/dower","/c/en/legal","/c/en/town","/c/en/benguela"],"weight":0.2082399999999997,"degrees":[54,69,6627,2220,42]},"num_concepts_raised":7438},{"base_id":829,"kind":"top_words","i1":0,"i2":8,"sol":{"path":["/c/en/dowager","/c/en/widow","/c/en/person","/c/en/carder"],"weight":0.20317999999999983,"degrees":[54,532,12935,24]},"num_concepts_raised":38883},{"base_id":829,"kind":"top_words","i1":0,"i2":9,"sol":{"path":["/c/en/dowager","/c/en/widow","/c/en/sequester","/c/en/chemistry","/c/en/polybutylene"],"weight":0.2082699999999998,"degrees":[54,532,133,11754,29]},"num_concepts_raised":19972},{"base_id":829,"kind":"top_words","i1":1,"i2":2,"sol":{"path":["/c/en/emperor","/c/en/empire","/c/en/strike","/c/en/ding"],"weight":0.22747999999999902,"degrees":[837,521,1725,88]},"num_concepts_raised":34861},{"base_id":829,"kind":"top_words","i1":1,"i2":3,"sol":{"path":["/c/en/emperor","/c/en/monarch","/c/en/slang","/c/en/ye"],"weight":0.22813999999999907,"degrees":[837,586,16318,92]},"num_concepts_raised":42843},{"base_id":829,"kind":"top_words","i1":1,"i2":4,"sol":{"path":["/c/en/emperor","/c/en/monarch","/c/en/royalty","/c/en/diocletian"],"weight":0.2335599999999992,"degrees":[837,586,340,102]},"num_concepts_raised":18561},{"base_id":829,"kind":"top_words","i1":1,"i2":5,"sol":{"path":["/c/en/emperor","/c/en/empress"],"weight":0.21200000000000002,"degrees":[837,210]},"num_concepts_raised":749},{"base_id":829,"kind":"top_words","i1":1,"i2":6,"sol":{"path":["/c/en/emperor","/c/en/king","/c/en/ancient","/c/en/xianbei"],"weight":0.23068999999999906,"degrees":[837,1642,1083,40]},"num_concepts_raised":27545},{"base_id":829,"kind":"top_words","i1":1,"i2":7,"sol":{"path":["/c/en/emperor","/c/fr/empereur","/c/la/augusta","/c/en/town","/c/en/benguela"],"weight":0.235439999999999,"degrees":[837,256,41,2220,42]},"num_concepts_raised":19586},{"base_id":829,"kind":"top_words","i1":1,"i2":8,"sol":{"path":["/c/en/emperor","/c/en/monarch","/c/en/slang","/c/en/carder"],"weight":0.22730999999999918,"degrees":[837,586,16318,24]},"num_concepts_raised":50561},{"base_id":829,"kind":"top_words","i1":1,"i2":9,"sol":{"path":["/c/en/emperor","/c/en/crown","/c/en/chemistry","/c/en/polybutylene"],"weight":0.22773999999999917,"degrees":[837,1373,11754,29]},"num_concepts_raised":32135},{"base_id":829,"kind":"top_words","i1":2,"i2":3,"sol":{"path":["/c/en/ding","/c/en/ding_dong","/c/en/slang","/c/en/ye"],"weight":0.20538999999999963,"degrees":[88,94,16318,92]},"num_concepts_raised":42587},{"base_id":829,"kind":"top_words","i1":2,"i2":4,"sol":{"path":["/c/en/ding","/c/en/ding_dong","/c/en/slang","/c/en/royalty","/c/en/diocletian"],"weight":0.21068999999999974,"degrees":[88,94,16318,340,102]},"num_concepts_raised":18673},{"base_id":829,"kind":"top_words","i1":2,"i2":5,"sol":{"path":["/c/en/ding","/c/en/strike","/c/en/empire","/c/en/empress"],"weight":0.2062599999999999,"degrees":[88,1725,521,210]},"num_concepts_raised":27362},{"base_id":829,"kind":"top_words","i1":2,"i2":6,"sol":{"path":["/c/en/ding","/c/en/ring","/c/en/historical","/c/en/xianbei"],"weight":0.20856999999999962,"degrees":[88,2026,8415,40]},"num_concepts_raised":28011},{"base_id":829,"kind":"top_words","i1":2,"i2":7,"sol":{"path":["/c/en/ding","/c/en/ding_dong","/c/en/quarter","/c/en/town","/c/en/benguela"],"weight":0.2095599999999996,"degrees":[88,94,871,2220,42]},"num_concepts_raised":19620},{"base_id":829,"kind":"top_words","i1":2,"i2":8,"sol":{"path":["/c/en/ding","/c/en/ding_dong","/c/en/slang","/c/en/carder"],"weight":0.20455999999999974,"degrees":[88,94,16318,24]},"num_concepts_raised":50380},{"base_id":829,"kind":"top_words","i1":2,"i2":9,"sol":{"path":["/c/en/ding","/c/en/ring","/c/en/chemistry","/c/en/polybutylene"],"weight":0.20849999999999969,"degrees":[88,2026,11754,29]},"num_concepts_raised":32017},{"base_id":829,"kind":"top_words","i1":3,"i2":4,"sol":{"path":["/c/en/ye","/c/en/slang","/c/en/royalty","/c/en/diocletian"],"weight":0.20957999999999982,"degrees":[92,16318,340,102]},"num_concepts_raised":26796},{"base_id":829,"kind":"top_words","i1":3,"i2":5,"sol":{"path":["/c/en/ye","/c/en/you","/c/en/your_majesty","/c/en/empress"],"weight":0.20889999999999997,"degrees":[92,1800,75,210]},"num_concepts_raised":35206},{"base_id":829,"kind":"top_words","i1":3,"i2":6,"sol":{"path":["/c/en/ye","/c/en/you","/c/en/person","/c/en/china","/c/en/xianbei"],"weight":0.2113899999999997,"degrees":[92,1800,12935,1318,40]},"num_concepts_raised":36052},{"base_id":829,"kind":"top_words","i1":3,"i2":7,"sol":{"path":["/c/en/ye","/c/en/address","/c/en/town","/c/en/benguela"],"weight":0.20861999999999967,"degrees":[92,1322,2220,42]},"num_concepts_raised":27719},{"base_id":829,"kind":"top_words","i1":3,"i2":8,"sol":{"path":["/c/en/ye","/c/en/slang","/c/en/carder"],"weight":0.202,"degrees":[92,16318,24]},"num_concepts_raised":94},{"base_id":829,"kind":"top_words","i1":3,"i2":9,"sol":{"path":["/c/en/ye","/c/en/you","/c/en/group","/c/en/chemistry","/c/en/polybutylene"],"weight":0.21119999999999975,"degrees":[92,1800,2339,11754,29]},"num_concepts_raised":40240},{"base_id":829,"kind":"top_words","i1":4,"i2":5,"sol":{"path":["/c/en/diocletian","/c/en/royalty","/c/en/monarch","/c/en/empress"],"weight":0.21278000000000008,"degrees":[102,340,586,210]},"num_concepts_raised":10838},{"base_id":829,"kind":"top_words","i1":4,"i2":6,"sol":{"path":["/c/en/diocletian","/c/en/roman","/c/en/historical","/c/en/xianbei"],"weight":0.21393999999999982,"degrees":[102,450,8415,40]},"num_concepts_raised":11458},{"base_id":829,"kind":"top_words","i1":4,"i2":7,"sol":{"path":["/c/en/diocletian","/c/en/roman","/c/en/historical","/c/en/town","/c/en/benguela"],"weight":0.21395999999999982,"degrees":[102,450,8415,2220,42]},"num_concepts_raised":2986},{"base_id":829,"kind":"top_words","i1":4,"i2":8,"sol":{"path":["/c/en/diocletian","/c/en/royalty","/c/en/slang","/c/en/carder"],"weight":0.20874999999999994,"degrees":[102,340,16318,24]},"num_concepts_raised":34724},{"base_id":829,"kind":"top_words","i1":4,"i2":9,"sol":{"path":["/c/en/diocletian","/c/en/solidus","/c/en/chemistry","/c/en/polybutylene"],"weight":0.21384999999999987,"degrees":[102,124,11754,29]},"num_concepts_raised":15536},{"base_id":829,"kind":"top_words","i1":5,"i2":6,"sol":{"path":["/c/en/empress","/c/en/shah","/c/en/historical","/c/en/xianbei"],"weight":0.21064,"degrees":[210,121,8415,40]},"num_concepts_raised":20041},{"base_id":829,"kind":"top_words","i1":5,"i2":7,"sol":{"path":["/c/en/empress","/c/en/monarch","/c/en/police","/c/en/town","/c/en/benguela"],"weight":0.21177999999999997,"degrees":[210,586,1037,2220,42]},"num_concepts_raised":11788},{"base_id":829,"kind":"top_words","i1":5,"i2":8,"sol":{"path":["/c/en/empress","/c/en/monarch","/c/en/slang","/c/en/carder"],"weight":0.20664000000000007,"degrees":[210,586,16318,24]},"num_concepts_raised":43032},{"base_id":829,"kind":"top_words","i1":5,"i2":9,"sol":{"path":["/c/en/empress","/c/en/emperor","/c/en/crown","/c/en/chemistry","/c/en/polybutylene"],"weight":0.21400000000000002,"degrees":[210,837,1373,11754,29]},"num_concepts_raised":24401},{"base_id":829,"kind":"top_words","i1":6,"i2":7,"sol":{"path":["/c/en/xianbei","/c/en/china","/c/en/town","/c/en/benguela"],"weight":0.2129999999999997,"degrees":[40,1318,2220,42]},"num_concepts_raised":12426},{"base_id":829,"kind":"top_words","i1":6,"i2":8,"sol":{"path":["/c/en/xianbei","/c/en/china","/c/en/person","/c/en/carder"],"weight":0.2078499999999998,"degrees":[40,1318,12935,24]},"num_concepts_raised":43874},{"base_id":829,"kind":"top_words","i1":6,"i2":9,"sol":{"path":["/c/en/xianbei","/c/en/china","/c/en/plate","/c/en/chemistry","/c/en/polybutylene"],"weight":0.21290999999999977,"degrees":[40,1318,1940,11754,29]},"num_concepts_raised":25015},{"base_id":829,"kind":"top_words","i1":7,"i2":8,"sol":{"path":["/c/en/benguela","/c/en/town","/c/en/squirrel","/c/en/carding","/c/en/carder"],"weight":0.20881999999999978,"degrees":[42,2220,1113,34,24]},"num_concepts_raised":35664},{"base_id":829,"kind":"top_words","i1":7,"i2":9,"sol":{"path":["/c/en/benguela","/c/en/town","/c/en/shop","/c/en/chemistry","/c/en/polybutylene"],"weight":0.21289999999999976,"degrees":[42,2220,1544,11754,29]},"num_concepts_raised":16491},{"base_id":829,"kind":"top_words","i1":8,"i2":9,"sol":{"path":["/c/en/carder","/c/en/slang","/c/en/rubber","/c/en/polybutene","/c/en/polybutylene"],"weight":0.20971999999999985,"degrees":[24,16318,605,13,29]},"num_concepts_raised":48176}]]