[[{"base_id":878,"kind":"bot_words","i1":0,"i2":1,"sol":{"path":["/c/en/mencius","/c/en/philosopher","/c/en/empedocles","/c/en/volcano","/c/en/vent"],"weight":0.21599999999999892,"degrees":[67,600,92,645,342]},"num_concepts_raised":36517},{"base_id":878,"kind":"bot_words","i1":0,"i2":2,"sol":{"path":["/c/en/mencius","/c/en/chinese","/c/en/british","/c/en/first","/c/en/beginning"],"weight":0.23429999999999762,"degrees":[67,911,3452,1502,1343]},"num_concepts_raised":80248},{"base_id":878,"kind":"bot_words","i1":0,"i2":3,"sol":{"path":["/c/en/mencius","/c/en/philosopher","/c/en/person","/c/en/number","/c/en/numeric"],"weight":0.21346999999999963,"degrees":[67,600,12935,2301,89]},"num_concepts_raised":17614},{"base_id":878,"kind":"bot_words","i1":0,"i2":4,"sol":{"path":["/c/en/mencius","/c/en/philosopher","/c/en/scholar","/c/en/scholarly"],"weight":0.21393999999999963,"degrees":[67,600,455,140]},"num_concepts_raised":25037},{"base_id":878,"kind":"bot_words","i1":0,"i2":5,"sol":{"path":["/c/en/mencius","/c/en/chinese","/c/en/british","/c/en/seagull"],"weight":0.2164400000000001,"degrees":[67,911,3452,246]},"num_concepts_raised":42877},{"base_id":878,"kind":"bot_words","i1":0,"i2":6,"sol":{"path":["/c/en/mencius","/c/en/philosopher","/c/en/person","/c/en/officer","/c/en/brevet"],"weight":0.21040999999999974,"degrees":[67,600,12935,804,37]},"num_concepts_raised":18206},{"base_id":878,"kind":"bot_words","i1":0,"i2":7,"sol":{"path":["/c/en/mencius","/c/en/philosopher","/c/en/person","/c/en/cross","/c/en/fretful"],"weight":0.2105499999999998,"degrees":[67,600,12935,1512,46]},"num_concepts_raised":4586},{"base_id":878,"kind":"bot_words","i1":0,"i2":8,"sol":{"path":["/c/en/mencius","/c/en/philosopher","/c/en/mcluhanian","/c/en/medium","/c/en/refract"],"weight":0.2108999999999997,"degrees":[67,600,8,767,81]},"num_concepts_raised":9207},{"base_id":878,"kind":"bot_words","i1":0,"i2":9,"sol":{"path":["/c/en/mencius","/c/en/philosopher","/c/en/person","/c/en/credible"],"weight":0.2119499999999998,"degrees":[67,600,12935,150]},"num_concepts_raised":16836},{"base_id":878,"kind":"bot_words","i1":1,"i2":2,"sol":{"path":["/c/en/vent","/c/en/opening","/c/en/beginning"],"weight":0.20500000000000002,"degrees":[342,983,1343]},"num_concepts_raised":1283},{"base_id":878,"kind":"bot_words","i1":1,"i2":3,"sol":{"path":["/c/en/vent","/c/en/aperture","/c/en/mathematics","/c/en/numeric"],"weight":0.2070699999999988,"degrees":[342,286,7601,89]},"num_concepts_raised":50087},{"base_id":878,"kind":"bot_words","i1":1,"i2":4,"sol":{"path":["/c/en/vent","/c/en/air","/c/en/historical","/c/en/scholarly"],"weight":0.2090299999999988,"degrees":[342,1965,8415,140]},"num_concepts_raised":57125},{"base_id":878,"kind":"bot_words","i1":1,"i2":5,"sol":{"path":["/c/en/vent","/c/en/ventilate","/c/en/slang","/c/en/seagull"],"weight":0.21780999999999928,"degrees":[342,147,16318,246]},"num_concepts_raised":74136},{"base_id":878,"kind":"bot_words","i1":1,"i2":6,"sol":{"path":["/c/en/vent","/c/gv/towl","/c/en/military","/c/en/brevet"],"weight":0.20825999999999895,"degrees":[342,27,5690,37]},"num_concepts_raised":50328},{"base_id":878,"kind":"bot_words","i1":1,"i2":7,"sol":{"path":["/c/en/vent","/c/en/release_energy","/c/en/relax","/c/en/fretful"],"weight":0.20626999999999898,"degrees":[342,81,731,46]},"num_concepts_raised":37522},{"base_id":878,"kind":"bot_words","i1":1,"i2":8,"sol":{"path":["/c/en/vent","/c/en/air","/c/en/medium","/c/en/refract"],"weight":0.2082799999999989,"degrees":[342,1965,767,81]},"num_concepts_raised":41848},{"base_id":878,"kind":"bot_words","i1":1,"i2":9,"sol":{"path":["/c/en/vent","/c/en/air","/c/en/person","/c/en/credible"],"weight":0.20938999999999902,"degrees":[342,1965,12935,150]},"num_concepts_raised":49368},{"base_id":878,"kind":"bot_words","i1":2,"i2":3,"sol":{"path":["/c/en/beginning","/c/en/first","/c/en/number","/c/en/numeric"],"weight":0.23209999999999753,"degrees":[1343,1502,2301,89]},"num_concepts_raised":92633},{"base_id":878,"kind":"bot_words","i1":2,"i2":4,"sol":{"path":["/c/en/beginning","/c/en/first","/c/en/school","/c/en/scholarly"],"weight":0.23021999999999754,"degrees":[1343,1502,2171,140]},"num_concepts_raised":99676},{"base_id":878,"kind":"bot_words","i1":2,"i2":5,"sol":{"path":["/c/en/beginning","/c/en/first","/c/en/british","/c/en/seagull"],"weight":0.237019999999998,"degrees":[1343,1502,3452,246]},"num_concepts_raised":116321},{"base_id":878,"kind":"bot_words","i1":2,"i2":6,"sol":{"path":["/c/en/beginning","/c/en/title","/c/en/brevet"],"weight":0.20400000000000001,"degrees":[1343,1021,37]},"num_concepts_raised":1011},{"base_id":878,"kind":"bot_words","i1":2,"i2":7,"sol":{"path":["/c/en/beginning","/c/en/action","/c/en/cross","/c/en/fretful"],"weight":0.22177999999999776,"degrees":[1343,2156,1512,46]},"num_concepts_raised":81182},{"base_id":878,"kind":"bot_words","i1":2,"i2":8,"sol":{"path":["/c/en/beginning","/c/en/head","/c/en/direction","/c/en/refract"],"weight":0.22472999999999765,"degrees":[1343,3580,1258,81]},"num_concepts_raised":84892},{"base_id":878,"kind":"bot_words","i1":2,"i2":9,"sol":{"path":["/c/en/beginning","/c/en/origin","/c/en/authentic","/c/en/credible"],"weight":0.22897999999999774,"degrees":[1343,981,305,150]},"num_concepts_raised":92432},{"base_id":878,"kind":"bot_words","i1":3,"i2":4,"sol":{"path":["/c/en/numeric","/c/en/number","/c/en/us","/c/en/scholarly"],"weight":0.2072099999999995,"degrees":[89,2301,8154,140]},"num_concepts_raised":38845},{"base_id":878,"kind":"bot_words","i1":3,"i2":5,"sol":{"path":["/c/en/numeric","/c/en/number","/c/en/slang","/c/en/seagull"],"weight":0.21626,"degrees":[89,2301,16318,246]},"num_concepts_raised":56562},{"base_id":878,"kind":"bot_words","i1":3,"i2":6,"sol":{"path":["/c/en/numeric","/c/en/number","/c/en/route","/c/en/brevet"],"weight":0.20589999999999964,"degrees":[89,2301,587,37]},"num_concepts_raised":32038},{"base_id":878,"kind":"bot_words","i1":3,"i2":7,"sol":{"path":["/c/en/numeric","/c/en/number","/c/en/symbol","/c/en/cross","/c/en/fretful"],"weight":0.2062899999999997,"degrees":[89,2301,916,1512,46]},"num_concepts_raised":18775},{"base_id":878,"kind":"bot_words","i1":3,"i2":8,"sol":{"path":["/c/en/numeric","/c/en/mathematics","/c/en/subject","/c/en/refract"],"weight":0.2041399999999996,"degrees":[89,7601,1490,81]},"num_concepts_raised":23106},{"base_id":878,"kind":"bot_words","i1":3,"i2":9,"sol":{"path":["/c/en/numeric","/c/en/number","/c/en/person","/c/en/credible"],"weight":0.2075799999999997,"degrees":[89,2301,12935,150]},"num_concepts_raised":30803},{"base_id":878,"kind":"bot_words","i1":4,"i2":5,"sol":{"path":["/c/en/scholarly","/c/en/us","/c/en/gull","/c/en/seagull"],"weight":0.21664999999999998,"degrees":[140,8154,447,246]},"num_concepts_raised":61364},{"base_id":878,"kind":"bot_words","i1":4,"i2":6,"sol":{"path":["/c/en/scholarly","/c/en/us","/c/en/military","/c/en/brevet"],"weight":0.20521999999999962,"degrees":[140,8154,5690,37]},"num_concepts_raised":38513},{"base_id":878,"kind":"bot_words","i1":4,"i2":7,"sol":{"path":["/c/en/scholarly","/c/en/critical","/c/en/querulous","/c/en/fretful"],"weight":0.2062899999999997,"degrees":[140,476,76,46]},"num_concepts_raised":26241},{"base_id":878,"kind":"bot_words","i1":4,"i2":8,"sol":{"path":["/c/en/scholarly","/c/en/school","/c/en/subject","/c/en/refract"],"weight":0.2047599999999996,"degrees":[140,2171,1490,81]},"num_concepts_raised":30655},{"base_id":878,"kind":"bot_words","i1":4,"i2":9,"sol":{"path":["/c/en/scholarly","/c/en/scholar","/c/en/person","/c/en/credible"],"weight":0.2080799999999997,"degrees":[140,455,12935,150]},"num_concepts_raised":38033},{"base_id":878,"kind":"bot_words","i1":5,"i2":6,"sol":{"path":["/c/en/seagull","/c/en/wing","/c/en/military","/c/en/brevet"],"weight":0.21210000000000012,"degrees":[246,1177,5690,37]},"num_concepts_raised":56445},{"base_id":878,"kind":"bot_words","i1":5,"i2":7,"sol":{"path":["/c/en/seagull","/c/en/uk","/c/en/teeny","/c/en/fretful"],"weight":0.2111700000000002,"degrees":[246,5562,28,46]},"num_concepts_raised":43960},{"base_id":878,"kind":"bot_words","i1":5,"i2":8,"sol":{"path":["/c/en/seagull","/c/en/slang","/c/en/subject","/c/en/refract"],"weight":0.21366000000000007,"degrees":[246,16318,1490,81]},"num_concepts_raised":48429},{"base_id":878,"kind":"bot_words","i1":5,"i2":9,"sol":{"path":["/c/en/seagull","/c/en/slang","/c/en/street_cred","/c/en/credible"],"weight":0.21476000000000017,"degrees":[246,16318,14,150]},"num_concepts_raised":55568},{"base_id":878,"kind":"bot_words","i1":6,"i2":7,"sol":{"path":["/c/en/brevet","/c/en/race","/c/en/feeze","/c/en/fretful"],"weight":0.20297999999999983,"degrees":[37,1372,42,46]},"num_concepts_raised":19342},{"base_id":878,"kind":"bot_words","i1":6,"i2":8,"sol":{"path":["/c/en/brevet","/c/en/title","/c/en/subject","/c/en/refract"],"weight":0.20333999999999974,"degrees":[37,1021,1490,81]},"num_concepts_raised":23771},{"base_id":878,"kind":"bot_words","i1":6,"i2":9,"sol":{"path":["/c/en/brevet","/c/en/title","/c/en/credit","/c/en/credible"],"weight":0.20555999999999983,"degrees":[37,1021,566,150]},"num_concepts_raised":31281},{"base_id":878,"kind":"bot_words","i1":7,"i2":8,"sol":{"path":["/c/en/fretful","/c/en/cross","/c/fr/infléchir","/c/en/refract"],"weight":0.20458999999999977,"degrees":[46,1512,105,81]},"num_concepts_raised":10360},{"base_id":878,"kind":"bot_words","i1":7,"i2":9,"sol":{"path":["/c/en/fretful","/c/en/cross","/c/en/person","/c/en/credible"],"weight":0.2046599999999999,"degrees":[46,1512,12935,150]},"num_concepts_raised":17984},{"base_id":878,"kind":"bot_words","i1":8,"i2":9,"sol":{"path":["/c/en/refract","/c/en/subject","/c/en/person","/c/en/credible"],"weight":0.2049599999999998,"degrees":[81,1490,12935,150]},"num_concepts_raised":22519}],[{"base_id":878,"kind":"top_words","i1":0,"i2":1,"sol":{"path":["/c/en/catchy","/c/en/difficult","/c/en/scabrous","/c/en/unmusical"],"weight":0.2043499999999999,"degrees":[73,1189,55,30]},"num_concepts_raised":4475},{"base_id":878,"kind":"top_words","i1":0,"i2":2,"sol":{"path":["/c/en/catchy","/c/en/tricky","/c/en/bad","/c/en/abominable"],"weight":0.2155399999999995,"degrees":[73,190,1728,249]},"num_concepts_raised":12182},{"base_id":878,"kind":"top_words","i1":0,"i2":3,"sol":{"path":["/c/en/catchy","/c/en/difficult","/c/en/chore","/c/en/chorus"],"weight":0.20759999999999945,"degrees":[73,1189,159,294]},"num_concepts_raised":24933},{"base_id":878,"kind":"top_words","i1":0,"i2":4,"sol":{"path":["/c/en/catchy","/c/en/jingle","/c/fr/musique","/c/fr/kazoo","/c/en/kazoo"],"weight":0.2110999999999999,"degrees":[73,216,4406,19,71]},"num_concepts_raised":6276},{"base_id":878,"kind":"top_words","i1":0,"i2":5,"sol":{"path":["/c/en/catchy","/c/en/hook","/c/en/punch","/c/en/wassail"],"weight":0.20354999999999987,"degrees":[73,1172,952,43]},"num_concepts_raised":10922},{"base_id":878,"kind":"top_words","i1":0,"i2":6,"sol":{"path":["/c/en/catchy","/c/fi/tarttuva","/c/en/music","/c/en/cappella"],"weight":0.21520999999999998,"degrees":[73,27,8822,116]},"num_concepts_raised":24292},{"base_id":878,"kind":"top_words","i1":0,"i2":7,"sol":{"path":["/c/en/catchy","/c/en/hook","/c/en/post","/c/en/blog"],"weight":0.21455000000000032,"degrees":[73,1172,1560,448]},"num_concepts_raised":38231},{"base_id":878,"kind":"top_words","i1":0,"i2":8,"sol":{"path":["/c/en/catchy","/c/fi/tarttuva","/c/en/music","/c/en/dancing","/c/en/danceable"],"weight":0.20445999999999995,"degrees":[73,27,8822,426,25]},"num_concepts_raised":4223},{"base_id":878,"kind":"top_words","i1":0,"i2":9,"sol":{"path":["/c/en/catchy","/c/en/difficult","/c/en/cow","/c/en/mammal","/c/en/mammary"],"weight":0.2058099999999999,"degrees":[73,1189,1438,2187,47]},"num_concepts_raised":14366},{"base_id":878,"kind":"top_words","i1":1,"i2":2,"sol":{"path":["/c/en/unmusical","/c/en/musical","/c/en/film","/c/en/abominable"],"weight":0.21043999999999952,"degrees":[30,512,2504,249]},"num_concepts_raised":9432},{"base_id":878,"kind":"top_words","i1":1,"i2":3,"sol":{"path":["/c/en/unmusical","/c/en/musical","/c/en/chorus_line","/c/en/chorus"],"weight":0.20712999999999943,"degrees":[30,512,44,294]},"num_concepts_raised":22212},{"base_id":878,"kind":"top_words","i1":1,"i2":4,"sol":{"path":["/c/en/unmusical","/c/en/musical","/c/en/musical_instrument","/c/en/kazoo"],"weight":0.2084499999999999,"degrees":[30,512,1217,71]},"num_concepts_raised":3397},{"base_id":878,"kind":"top_words","i1":1,"i2":5,"sol":{"path":["/c/en/unmusical","/c/en/musical","/c/en/rap","/c/en/toast","/c/en/wassail"],"weight":0.20393999999999984,"degrees":[30,512,418,547,43]},"num_concepts_raised":8117},{"base_id":878,"kind":"top_words","i1":1,"i2":6,"sol":{"path":["/c/en/unmusical","/c/en/musical","/c/en/music","/c/en/cappella"],"weight":0.21356999999999998,"degrees":[30,512,8822,116]},"num_concepts_raised":21306},{"base_id":878,"kind":"top_words","i1":1,"i2":7,"sol":{"path":["/c/en/unmusical","/c/en/musical","/c/en/time","/c/en/posting","/c/en/blog"],"weight":0.2158600000000003,"degrees":[30,512,4124,100,448]},"num_concepts_raised":35606},{"base_id":878,"kind":"top_words","i1":1,"i2":8,"sol":{"path":["/c/en/unmusical","/c/en/musical","/c/en/dance","/c/en/danceability","/c/en/danceable"],"weight":0.20377999999999993,"degrees":[30,512,2473,6,25]},"num_concepts_raised":1368},{"base_id":878,"kind":"top_words","i1":1,"i2":9,"sol":{"path":["/c/en/unmusical","/c/en/musical","/c/en/play","/c/en/mammal","/c/en/mammary"],"weight":0.2041499999999999,"degrees":[30,512,3092,2187,47]},"num_concepts_raised":11536},{"base_id":878,"kind":"top_words","i1":2,"i2":3,"sol":{"path":["/c/en/abominable","/c/en/bad","/c/en/verse","/c/en/chorus"],"weight":0.2181699999999991,"degrees":[249,1728,712,294]},"num_concepts_raised":29875},{"base_id":878,"kind":"top_words","i1":2,"i2":4,"sol":{"path":["/c/en/abominable","/c/en/bad","/c/en/slang","/c/en/wazoo","/c/en/kazoo"],"weight":0.22256999999999955,"degrees":[249,1728,16318,11,71]},"num_concepts_raised":11237},{"base_id":878,"kind":"top_words","i1":2,"i2":5,"sol":{"path":["/c/en/abominable","/c/en/painful","/c/en/punch","/c/en/wassail"],"weight":0.21056999999999948,"degrees":[249,457,952,43]},"num_concepts_raised":15869},{"base_id":878,"kind":"top_words","i1":2,"i2":6,"sol":{"path":["/c/en/abominable","/c/en/bad","/c/en/music","/c/en/cappella"],"weight":0.22563999999999962,"degrees":[249,1728,8822,116]},"num_concepts_raised":29186},{"base_id":878,"kind":"top_words","i1":2,"i2":7,"sol":{"path":["/c/en/abominable","/c/en/bad","/c/lt/blogas","/c/en/blog"],"weight":0.22795999999999994,"degrees":[249,1728,19,448]},"num_concepts_raised":43021},{"base_id":878,"kind":"top_words","i1":2,"i2":8,"sol":{"path":["/c/en/abominable","/c/en/bad","/c/en/music","/c/en/dancing","/c/en/danceable"],"weight":0.21488999999999958,"degrees":[249,1728,8822,426,25]},"num_concepts_raised":9199},{"base_id":878,"kind":"top_words","i1":2,"i2":9,"sol":{"path":["/c/en/abominable","/c/en/bad","/c/en/person","/c/en/mammal","/c/en/mammary"],"weight":0.21634999999999954,"degrees":[249,1728,12935,2187,47]},"num_concepts_raised":19312},{"base_id":878,"kind":"top_words","i1":3,"i2":4,"sol":{"path":["/c/en/chorus","/c/en/sing","/c/en/hum","/c/en/kazoo"],"weight":0.21192999999999945,"degrees":[294,997,332,71]},"num_concepts_raised":23941},{"base_id":878,"kind":"top_words","i1":3,"i2":5,"sol":{"path":["/c/en/chorus","/c/en/carol","/c/en/wassail"],"weight":0.203,"degrees":[294,163,43]},"num_concepts_raised":266},{"base_id":878,"kind":"top_words","i1":3,"i2":6,"sol":{"path":["/c/en/chorus","/c/en/choir","/c/en/cappella"],"weight":0.20700000000000002,"degrees":[294,416,116]},"num_concepts_raised":312},{"base_id":878,"kind":"top_words","i1":3,"i2":7,"sol":{"path":["/c/en/chorus","/c/en/duet","/c/en/communicate","/c/en/blog"],"weight":0.21799999999999986,"degrees":[294,170,632,448]},"num_concepts_raised":55228},{"base_id":878,"kind":"top_words","i1":3,"i2":8,"sol":{"path":["/c/en/chorus","/c/en/ballet","/c/en/dancing","/c/en/danceable"],"weight":0.2060099999999995,"degrees":[294,406,426,25]},"num_concepts_raised":22005},{"base_id":878,"kind":"top_words","i1":3,"i2":9,"sol":{"path":["/c/en/chorus","/c/en/express","/c/en/milk","/c/en/mammary"],"weight":0.20637999999999945,"degrees":[294,1102,1939,47]},"num_concepts_raised":32071},{"base_id":878,"kind":"top_words","i1":4,"i2":5,"sol":{"path":["/c/en/kazoo","/c/en/wazoo","/c/en/slang","/c/en/toast","/c/en/wassail"],"weight":0.2115999999999999,"degrees":[71,11,16318,547,43]},"num_concepts_raised":9898},{"base_id":878,"kind":"top_words","i1":4,"i2":6,"sol":{"path":["/c/en/kazoo","/c/en/musical_instrument","/c/en/music","/c/en/cappella"],"weight":0.21927000000000002,"degrees":[71,1217,8822,116]},"num_concepts_raised":23071},{"base_id":878,"kind":"top_words","i1":4,"i2":7,"sol":{"path":["/c/en/kazoo","/c/en/wazoo","/c/en/slang","/c/en/blog"],"weight":0.2214500000000003,"degrees":[71,11,16318,448]},"num_concepts_raised":37297},{"base_id":878,"kind":"top_words","i1":4,"i2":8,"sol":{"path":["/c/en/kazoo","/c/en/hum","/c/en/hummable","/c/en/danceable"],"weight":0.20832999999999996,"degrees":[71,332,9,25]},"num_concepts_raised":3169},{"base_id":878,"kind":"top_words","i1":4,"i2":9,"sol":{"path":["/c/en/kazoo","/c/en/wazoo","/c/en/slang","/c/en/milk","/c/en/mammary"],"weight":0.21075999999999992,"degrees":[71,11,16318,1939,47]},"num_concepts_raised":13318},{"base_id":878,"kind":"top_words","i1":5,"i2":6,"sol":{"path":["/c/en/wassail","/c/en/carol","/c/en/music","/c/en/cappella"],"weight":0.21467999999999993,"degrees":[43,163,8822,116]},"num_concepts_raised":27811},{"base_id":878,"kind":"top_words","i1":5,"i2":7,"sol":{"path":["/c/en/wassail","/c/en/punch","/c/en/blog"],"weight":0.20400000000000001,"degrees":[43,952,448]},"num_concepts_raised":326},{"base_id":878,"kind":"top_words","i1":5,"i2":8,"sol":{"path":["/c/en/wassail","/c/en/carol","/c/en/music","/c/en/dancing","/c/en/danceable"],"weight":0.2039199999999999,"degrees":[43,163,8822,426,25]},"num_concepts_raised":7846},{"base_id":878,"kind":"top_words","i1":5,"i2":9,"sol":{"path":["/c/en/wassail","/c/en/drink","/c/en/milk","/c/en/mammary"],"weight":0.20338999999999985,"degrees":[43,2548,1939,47]},"num_concepts_raised":17880},{"base_id":878,"kind":"top_words","i1":6,"i2":7,"sol":{"path":["/c/en/cappella","/c/en/music","/c/en/post","/c/en/blog"],"weight":0.22463000000000038,"degrees":[116,8822,1560,448]},"num_concepts_raised":53564},{"base_id":878,"kind":"top_words","i1":6,"i2":8,"sol":{"path":["/c/en/cappella","/c/en/music","/c/en/dancing","/c/en/danceable"],"weight":0.21356000000000003,"degrees":[116,8822,426,25]},"num_concepts_raised":21250},{"base_id":878,"kind":"top_words","i1":6,"i2":9,"sol":{"path":["/c/en/cappella","/c/en/music","/c/fr/médecine","/c/fr/mammaire","/c/en/mammary"],"weight":0.21581,"degrees":[116,8822,9990,26,47]},"num_concepts_raised":31347},{"base_id":878,"kind":"top_words","i1":7,"i2":8,"sol":{"path":["/c/en/blog","/c/gd/bloigh","/c/en/piece","/c/en/schlager","/c/en/danceable"],"weight":0.21573000000000037,"degrees":[448,12,1565,21,25]},"num_concepts_raised":35364},{"base_id":878,"kind":"top_words","i1":7,"i2":9,"sol":{"path":["/c/en/blog","/c/en/slang","/c/en/milk","/c/en/mammary"],"weight":0.21418000000000031,"degrees":[448,16318,1939,47]},"num_concepts_raised":45184},{"base_id":878,"kind":"top_words","i1":8,"i2":9,"sol":{"path":["/c/en/danceable","/c/en/dancing","/c/en/bear","/c/en/mammal","/c/en/mammary"],"weight":0.20411999999999994,"degrees":[25,426,2152,2187,47]},"num_concepts_raised":11269}]]