[[{"base_id":707,"kind":"bot_words","i1":0,"i2":1,"sol":{"path":["/c/en/sugared","/c/en/sugar","/c/en/cake","/c/en/day","/c/en/days"],"weight":0.20971999999999952,"degrees":[30,1902,1707,2168,136]},"num_concepts_raised":24208},{"base_id":707,"kind":"bot_words","i1":0,"i2":2,"sol":{"path":["/c/en/sugared","/c/en/sugar","/c/en/make","/c/en/guarantee","/c/en/collateral"],"weight":0.21455999999999953,"degrees":[30,1902,3395,561,217]},"num_concepts_raised":21763},{"base_id":707,"kind":"bot_words","i1":0,"i2":3,"sol":{"path":["/c/en/sugared","/c/en/sugar","/c/en/person","/c/en/refugee"],"weight":0.21439000000000014,"degrees":[30,1902,12935,307]},"num_concepts_raised":34614},{"base_id":707,"kind":"bot_words","i1":0,"i2":4,"sol":{"path":["/c/en/sugared","/c/en/sugar","/c/en/tea","/c/en/leaf","/c/en/interleaf"],"weight":0.20616999999999996,"degrees":[30,1902,922,2158,34]},"num_concepts_raised":14488},{"base_id":707,"kind":"bot_words","i1":0,"i2":5,"sol":{"path":["/c/en/sugared","/c/en/sugar","/c/en/slang","/c/en/slash","/c/en/slashed"],"weight":0.20619999999999994,"degrees":[30,1902,16318,573,29]},"num_concepts_raised":8215},{"base_id":707,"kind":"bot_words","i1":0,"i2":6,"sol":{"path":["/c/en/sugared","/c/en/sugar","/c/en/food","/c/en/poutine"],"weight":0.21016999999999983,"degrees":[30,1902,4281,41]},"num_concepts_raised":12881},{"base_id":707,"kind":"bot_words","i1":0,"i2":7,"sol":{"path":["/c/en/sugared","/c/en/sugar","/c/en/us","/c/en/right","/c/en/disenfranchised"],"weight":0.20501999999999992,"degrees":[30,1902,8154,2319,27]},"num_concepts_raised":7493},{"base_id":707,"kind":"bot_words","i1":0,"i2":8,"sol":{"path":["/c/en/sugared","/c/en/sugar","/c/en/us","/c/en/airplane","/c/en/monoplane"],"weight":0.20567999999999992,"degrees":[30,1902,8154,870,73]},"num_concepts_raised":7282},{"base_id":707,"kind":"bot_words","i1":0,"i2":9,"sol":{"path":["/c/en/sugared","/c/en/sugar","/c/en/slang","/c/en/hairball"],"weight":0.2051399999999999,"degrees":[30,1902,16318,39]},"num_concepts_raised":28123},{"base_id":707,"kind":"bot_words","i1":1,"i2":2,"sol":{"path":["/c/en/days","/c/en/time","/c/en/related","/c/en/collateral"],"weight":0.21380999999999917,"degrees":[136,4124,503,217]},"num_concepts_raised":36938},{"base_id":707,"kind":"bot_words","i1":1,"i2":3,"sol":{"path":["/c/en/days","/c/en/time","/c/en/person","/c/en/refugee"],"weight":0.21380999999999975,"degrees":[136,4124,12935,307]},"num_concepts_raised":49500},{"base_id":707,"kind":"bot_words","i1":1,"i2":4,"sol":{"path":["/c/en/days","/c/en/shade","/c/en/leaf","/c/en/interleaf"],"weight":0.20505999999999958,"degrees":[136,1192,2158,34]},"num_concepts_raised":29749},{"base_id":707,"kind":"bot_words","i1":1,"i2":5,"sol":{"path":["/c/en/days","/c/en/month","/c/en/rent","/c/en/slashed"],"weight":0.20409999999999956,"degrees":[136,1313,851,29]},"num_concepts_raised":23652},{"base_id":707,"kind":"bot_words","i1":1,"i2":6,"sol":{"path":["/c/en/days","/c/en/shade","/c/en/variation","/c/en/poutine"],"weight":0.20898999999999945,"degrees":[136,1192,487,41]},"num_concepts_raised":28410},{"base_id":707,"kind":"bot_words","i1":1,"i2":7,"sol":{"path":["/c/en/days","/c/en/may","/c/en/right","/c/en/disenfranchised"],"weight":0.20391999999999955,"degrees":[136,844,2319,27]},"num_concepts_raised":22993},{"base_id":707,"kind":"bot_words","i1":1,"i2":8,"sol":{"path":["/c/en/days","/c/en/shade","/c/en/parasol","/c/en/monoplane"],"weight":0.20440999999999954,"degrees":[136,1192,153,73]},"num_concepts_raised":22794},{"base_id":707,"kind":"bot_words","i1":1,"i2":9,"sol":{"path":["/c/en/days","/c/en/time","/c/en/slang","/c/en/hairball"],"weight":0.20452999999999955,"degrees":[136,4124,16318,39]},"num_concepts_raised":43291},{"base_id":707,"kind":"bot_words","i1":2,"i2":3,"sol":{"path":["/c/en/collateral","/c/en/side","/c/en/person","/c/en/refugee"],"weight":0.21971999999999975,"degrees":[217,1912,12935,307]},"num_concepts_raised":47209},{"base_id":707,"kind":"bot_words","i1":2,"i2":4,"sol":{"path":["/c/en/collateral","/c/en/branch","/c/en/leaf","/c/en/interleaf"],"weight":0.2112899999999996,"degrees":[217,1753,2158,34]},"num_concepts_raised":27228},{"base_id":707,"kind":"bot_words","i1":2,"i2":5,"sol":{"path":["/c/en/collateral","/c/en/lateral","/c/en/slash","/c/en/slashed"],"weight":0.21535999999999958,"degrees":[217,302,573,29]},"num_concepts_raised":21110},{"base_id":707,"kind":"bot_words","i1":2,"i2":6,"sol":{"path":["/c/en/collateral","/c/en/related","/c/en/variation","/c/en/poutine"],"weight":0.21732999999999947,"degrees":[217,503,487,41]},"num_concepts_raised":25973},{"base_id":707,"kind":"bot_words","i1":2,"i2":7,"sol":{"path":["/c/en/collateral","/c/en/lateral","/c/en/right","/c/en/disenfranchised"],"weight":0.21424999999999955,"degrees":[217,302,2319,27]},"num_concepts_raised":20479},{"base_id":707,"kind":"bot_words","i1":2,"i2":8,"sol":{"path":["/c/en/collateral","/c/en/direct","/c/en/aviation","/c/en/monoplane"],"weight":0.21079999999999954,"degrees":[217,1032,1071,73]},"num_concepts_raised":20304},{"base_id":707,"kind":"bot_words","i1":2,"i2":9,"sol":{"path":["/c/en/collateral","/c/en/related","/c/en/animal","/c/en/hairball"],"weight":0.21236999999999953,"degrees":[217,503,3735,39]},"num_concepts_raised":40891},{"base_id":707,"kind":"bot_words","i1":3,"i2":4,"sol":{"path":["/c/en/refugee","/c/en/refuge","/c/en/protect","/c/en/interleaf"],"weight":0.21430000000000016,"degrees":[307,324,1034,34]},"num_concepts_raised":40112},{"base_id":707,"kind":"bot_words","i1":3,"i2":5,"sol":{"path":["/c/en/refugee","/c/en/us","/c/en/slash","/c/en/slashed"],"weight":0.21332000000000012,"degrees":[307,8154,573,29]},"num_concepts_raised":34057},{"base_id":707,"kind":"bot_words","i1":3,"i2":6,"sol":{"path":["/c/en/refugee","/c/en/historical","/c/en/canada","/c/en/poutine"],"weight":0.21726,"degrees":[307,8415,2402,41]},"num_concepts_raised":38334},{"base_id":707,"kind":"bot_words","i1":3,"i2":7,"sol":{"path":["/c/en/refugee","/c/en/person","/c/en/right","/c/en/disenfranchised"],"weight":0.21219000000000013,"degrees":[307,12935,2319,27]},"num_concepts_raised":33388},{"base_id":707,"kind":"bot_words","i1":3,"i2":8,"sol":{"path":["/c/en/refugee","/c/en/us","/c/en/airplane","/c/en/monoplane"],"weight":0.2128100000000001,"degrees":[307,8154,870,73]},"num_concepts_raised":33173},{"base_id":707,"kind":"bot_words","i1":3,"i2":9,"sol":{"path":["/c/en/refugee","/c/en/person","/c/en/animal","/c/en/hairball"],"weight":0.21234000000000008,"degrees":[307,12935,3735,39]},"num_concepts_raised":52280},{"base_id":707,"kind":"bot_words","i1":4,"i2":5,"sol":{"path":["/c/en/interleaf","/c/en/paper","/c/en/cut","/c/en/slashed"],"weight":0.20405999999999996,"degrees":[34,2080,2951,29]},"num_concepts_raised":13912},{"base_id":707,"kind":"bot_words","i1":4,"i2":6,"sol":{"path":["/c/en/interleaf","/c/en/leaf","/c/en/canada","/c/en/poutine"],"weight":0.20902999999999988,"degrees":[34,2158,2402,41]},"num_concepts_raised":18681},{"base_id":707,"kind":"bot_words","i1":4,"i2":7,"sol":{"path":["/c/en/interleaf","/c/en/paper","/c/en/vote","/c/en/disenfranchised"],"weight":0.20294999999999996,"degrees":[34,2080,756,27]},"num_concepts_raised":13290},{"base_id":707,"kind":"bot_words","i1":4,"i2":8,"sol":{"path":["/c/en/interleaf","/c/en/protect","/c/en/aviation","/c/en/monoplane"],"weight":0.20343999999999995,"degrees":[34,1034,1071,73]},"num_concepts_raised":13030},{"base_id":707,"kind":"bot_words","i1":4,"i2":9,"sol":{"path":["/c/en/interleaf","/c/en/thin","/c/en/hair","/c/en/hairball"],"weight":0.20406999999999992,"degrees":[34,1295,2126,39]},"num_concepts_raised":33685},{"base_id":707,"kind":"bot_words","i1":5,"i2":6,"sol":{"path":["/c/en/slashed","/c/en/cut","/c/en/food","/c/en/poutine"],"weight":0.20904999999999985,"degrees":[29,2951,4281,41]},"num_concepts_raised":12500},{"base_id":707,"kind":"bot_words","i1":5,"i2":7,"sol":{"path":["/c/en/slashed","/c/en/rent","/c/en/right","/c/en/disenfranchised"],"weight":0.20276999999999995,"degrees":[29,851,2319,27]},"num_concepts_raised":7002},{"base_id":707,"kind":"bot_words","i1":5,"i2":8,"sol":{"path":["/c/en/slashed","/c/en/cut","/c/en/plane","/c/en/biplane","/c/en/monoplane"],"weight":0.20565999999999995,"degrees":[29,2951,1237,116,73]},"num_concepts_raised":6795},{"base_id":707,"kind":"bot_words","i1":5,"i2":9,"sol":{"path":["/c/en/slashed","/c/en/cut","/c/en/hair","/c/en/hairball"],"weight":0.20509999999999992,"degrees":[29,2951,2126,39]},"num_concepts_raised":27531},{"base_id":707,"kind":"bot_words","i1":6,"i2":7,"sol":{"path":["/c/en/poutine","/c/en/food","/c/en/process","/c/en/vote","/c/en/disenfranchised"],"weight":0.20798999999999984,"degrees":[41,4281,1571,756,27]},"num_concepts_raised":11817},{"base_id":707,"kind":"bot_words","i1":6,"i2":8,"sol":{"path":["/c/en/poutine","/c/en/food","/c/en/fly","/c/en/airplane","/c/en/monoplane"],"weight":0.2086799999999998,"degrees":[41,4281,2276,870,73]},"num_concepts_raised":11589},{"base_id":707,"kind":"bot_words","i1":6,"i2":9,"sol":{"path":["/c/en/poutine","/c/en/food","/c/en/hair","/c/en/hairball"],"weight":0.20918999999999982,"degrees":[41,4281,2126,39]},"num_concepts_raised":32060},{"base_id":707,"kind":"bot_words","i1":7,"i2":8,"sol":{"path":["/c/en/disenfranchised","/c/en/right","/c/en/us","/c/en/airplane","/c/en/monoplane"],"weight":0.20345999999999992,"degrees":[27,2319,8154,870,73]},"num_concepts_raised":6078},{"base_id":707,"kind":"bot_words","i1":7,"i2":9,"sol":{"path":["/c/en/disenfranchised","/c/en/vote","/c/en/cats","/c/en/hair","/c/en/hairball"],"weight":0.2040499999999999,"degrees":[27,756,216,2126,39]},"num_concepts_raised":27003},{"base_id":707,"kind":"bot_words","i1":8,"i2":9,"sol":{"path":["/c/en/monoplane","/c/en/wing","/c/en/slang","/c/en/hairball"],"weight":0.20356999999999992,"degrees":[73,1177,16318,39]},"num_concepts_raised":26740}],[{"base_id":707,"kind":"top_words","i1":0,"i2":1,"sol":{"path":["/c/en/duh","/c/en/rabbit","/c/en/game","/c/en/lotto"],"weight":0.20878999999999978,"degrees":[57,1102,2308,74]},"num_concepts_raised":11942},{"base_id":707,"kind":"top_words","i1":0,"i2":2,"sol":{"path":["/c/en/duh","/c/en/oh","/c/en/blood","/c/en/circulatory"],"weight":0.20356999999999983,"degrees":[57,348,2253,57]},"num_concepts_raised":22921},{"base_id":707,"kind":"top_words","i1":0,"i2":3,"sol":{"path":["/c/en/duh","/c/en/no_shit","/c/en/vulgar","/c/en/shagged"],"weight":0.20308999999999983,"degrees":[57,21,5299,25]},"num_concepts_raised":12604},{"base_id":707,"kind":"top_words","i1":0,"i2":4,"sol":{"path":["/c/en/duh","/c/en/derp","/c/en/person","/c/en/emulate","/c/en/emulator"],"weight":0.2054399999999998,"degrees":[57,18,12935,158,60]},"num_concepts_raised":16584},{"base_id":707,"kind":"top_words","i1":0,"i2":5,"sol":{"path":["/c/en/duh","/c/en/really","/c/en/desert","/c/en/desolate","/c/en/depopulate"],"weight":0.2046799999999999,"degrees":[57,762,1105,361,68]},"num_concepts_raised":15990},{"base_id":707,"kind":"top_words","i1":0,"i2":6,"sol":{"path":["/c/en/duh","/c/en/really","/c/en/fire","/c/en/reaction","/c/en/oxidoreductase"],"weight":0.2032299999999998,"degrees":[57,762,2829,873,41]},"num_concepts_raised":9305},{"base_id":707,"kind":"top_words","i1":0,"i2":7,"sol":{"path":["/c/en/duh","/c/en/rabbit","/c/en/red","/c/en/vermeil"],"weight":0.20426999999999979,"degrees":[57,1102,1983,32]},"num_concepts_raised":12982},{"base_id":707,"kind":"top_words","i1":0,"i2":8,"sol":{"path":["/c/en/duh","/c/en/derp","/c/en/slang","/c/en/tub","/c/en/vat"],"weight":0.20977999999999963,"degrees":[57,18,16318,352,244]},"num_concepts_raised":17878},{"base_id":707,"kind":"top_words","i1":0,"i2":9,"sol":{"path":["/c/en/duh","/c/en/rabbit","/c/en/stew","/c/en/roux"],"weight":0.2031299999999998,"degrees":[57,1102,566,33]},"num_concepts_raised":9612},{"base_id":707,"kind":"top_words","i1":1,"i2":2,"sol":{"path":["/c/en/lotto","/c/en/bingo","/c/en/us","/c/en/blood","/c/en/circulatory"],"weight":0.21125999999999986,"degrees":[74,173,8154,2253,57]},"num_concepts_raised":23884},{"base_id":707,"kind":"top_words","i1":1,"i2":3,"sol":{"path":["/c/en/lotto","/c/en/bingo","/c/en/slang","/c/en/shag","/c/en/shagged"],"weight":0.21174999999999988,"degrees":[74,173,16318,195,25]},"num_concepts_raised":13575},{"base_id":707,"kind":"top_words","i1":1,"i2":4,"sol":{"path":["/c/en/lotto","/c/en/bingo","/c/en/tile","/c/en/computing","/c/en/emulator"],"weight":0.2112199999999998,"degrees":[74,173,569,9084,60]},"num_concepts_raised":17481},{"base_id":707,"kind":"top_words","i1":1,"i2":5,"sol":{"path":["/c/en/lotto","/c/en/game","/c/en/war","/c/en/depopulate"],"weight":0.20897999999999994,"degrees":[74,2308,1823,68]},"num_concepts_raised":16892},{"base_id":707,"kind":"top_words","i1":1,"i2":6,"sol":{"path":["/c/en/lotto","/c/en/game","/c/en/competitive","/c/en/enzyme","/c/en/oxidoreductase"],"weight":0.20866999999999986,"degrees":[74,2308,245,2499,41]},"num_concepts_raised":10284},{"base_id":707,"kind":"top_words","i1":1,"i2":7,"sol":{"path":["/c/en/lotto","/c/en/house","/c/en/silver","/c/en/vermeil"],"weight":0.20853999999999984,"degrees":[74,3114,1861,32]},"num_concepts_raised":13949},{"base_id":707,"kind":"top_words","i1":1,"i2":8,"sol":{"path":["/c/en/lotto","/c/en/house","/c/en/square","/c/en/vat"],"weight":0.2113099999999997,"degrees":[74,3114,1534,244]},"num_concepts_raised":18743},{"base_id":707,"kind":"top_words","i1":1,"i2":9,"sol":{"path":["/c/en/lotto","/c/en/game","/c/en/butter","/c/en/roux"],"weight":0.20856999999999987,"degrees":[74,2308,922,33]},"num_concepts_raised":10583},{"base_id":707,"kind":"top_words","i1":2,"i2":3,"sol":{"path":["/c/en/circulatory","/c/en/blood","/c/en/course","/c/en/rough","/c/en/shagged"],"weight":0.20429999999999993,"degrees":[57,2253,1347,1077,25]},"num_concepts_raised":24576},{"base_id":707,"kind":"top_words","i1":2,"i2":4,"sol":{"path":["/c/en/circulatory","/c/en/circulation","/c/en/pull","/c/en/emulate","/c/en/emulator"],"weight":0.20567999999999986,"degrees":[57,319,1147,158,60]},"num_concepts_raised":28418},{"base_id":707,"kind":"top_words","i1":2,"i2":5,"sol":{"path":["/c/en/circulatory","/c/en/blood","/c/en/war","/c/en/depopulate"],"weight":0.20378999999999997,"degrees":[57,2253,1823,68]},"num_concepts_raised":27745},{"base_id":707,"kind":"top_words","i1":2,"i2":6,"sol":{"path":["/c/en/circulatory","/c/en/chemistry","/c/en/oxidation","/c/en/oxidoreductase"],"weight":0.20334999999999992,"degrees":[57,11754,266,41]},"num_concepts_raised":20831},{"base_id":707,"kind":"top_words","i1":2,"i2":7,"sol":{"path":["/c/en/circulatory","/c/en/blood","/c/en/red","/c/en/vermeil"],"weight":0.2045499999999999,"degrees":[57,2253,1983,32]},"num_concepts_raised":24841},{"base_id":707,"kind":"top_words","i1":2,"i2":8,"sol":{"path":["/c/en/circulatory","/c/en/vessel","/c/en/tub","/c/en/vat"],"weight":0.20901999999999976,"degrees":[57,1376,352,244]},"num_concepts_raised":29559},{"base_id":707,"kind":"top_words","i1":2,"i2":9,"sol":{"path":["/c/en/circulatory","/c/en/chemistry","/c/en/butter","/c/en/roux"],"weight":0.20329999999999993,"degrees":[57,11754,922,33]},"num_concepts_raised":21499},{"base_id":707,"kind":"top_words","i1":3,"i2":4,"sol":{"path":["/c/en/shagged","/c/en/jagged","/c/en/computing","/c/en/emulator"],"weight":0.20321999999999987,"degrees":[25,119,9084,60]},"num_concepts_raised":18166},{"base_id":707,"kind":"top_words","i1":3,"i2":5,"sol":{"path":["/c/en/shagged","/c/en/rough","/c/ko/거칠다","/c/en/desolate","/c/en/depopulate"],"weight":0.20531,"degrees":[25,1077,7,361,68]},"num_concepts_raised":17593},{"base_id":707,"kind":"top_words","i1":3,"i2":6,"sol":{"path":["/c/en/shagged","/c/en/rough","/c/en/compound","/c/en/oxide","/c/en/oxidoreductase"],"weight":0.20389999999999991,"degrees":[25,1077,1833,654,41]},"num_concepts_raised":10885},{"base_id":707,"kind":"top_words","i1":3,"i2":7,"sol":{"path":["/c/en/shagged","/c/en/shaggy","/c/en/hair","/c/en/vermilion","/c/en/vermeil"],"weight":0.2060699999999999,"degrees":[25,194,2126,148,32]},"num_concepts_raised":14608},{"base_id":707,"kind":"top_words","i1":3,"i2":8,"sol":{"path":["/c/en/shagged","/c/en/shag","/c/en/slang","/c/en/tub","/c/en/vat"],"weight":0.20947999999999975,"degrees":[25,195,16318,352,244]},"num_concepts_raised":19464},{"base_id":707,"kind":"top_words","i1":3,"i2":9,"sol":{"path":["/c/en/shagged","/c/en/shaggy","/c/la/burra","/c/fr/roux","/c/en/roux"],"weight":0.20691999999999994,"degrees":[25,194,41,183,33]},"num_concepts_raised":11191},{"base_id":707,"kind":"top_words","i1":4,"i2":5,"sol":{"path":["/c/en/emulator","/c/en/computing","/c/en/populate","/c/en/depopulate"],"weight":0.2047799999999999,"degrees":[60,9084,93,68]},"num_concepts_raised":21489},{"base_id":707,"kind":"top_words","i1":4,"i2":6,"sol":{"path":["/c/en/emulator","/c/en/computing","/c/en/ada","/c/en/enzyme","/c/en/oxidoreductase"],"weight":0.20344999999999985,"degrees":[60,9084,168,2499,41]},"num_concepts_raised":14854},{"base_id":707,"kind":"top_words","i1":4,"i2":7,"sol":{"path":["/c/en/emulator","/c/en/computing","/c/en/face","/c/en/vermeil"],"weight":0.20327999999999982,"degrees":[60,9084,2479,32]},"num_concepts_raised":18568},{"base_id":707,"kind":"top_words","i1":4,"i2":8,"sol":{"path":["/c/en/emulator","/c/en/computing","/c/en/fat","/c/en/vat"],"weight":0.20726999999999968,"degrees":[60,9084,1429,244]},"num_concepts_raised":23378},{"base_id":707,"kind":"top_words","i1":4,"i2":9,"sol":{"path":["/c/en/emulator","/c/en/computing","/c/en/fat","/c/en/roux"],"weight":0.20336999999999988,"degrees":[60,9084,1429,33]},"num_concepts_raised":15170},{"base_id":707,"kind":"top_words","i1":5,"i2":6,"sol":{"path":["/c/en/depopulate","/c/en/disease","/c/en/reaction","/c/en/oxidoreductase"],"weight":0.20337999999999995,"degrees":[68,4216,873,41]},"num_concepts_raised":14206},{"base_id":707,"kind":"top_words","i1":5,"i2":7,"sol":{"path":["/c/en/depopulate","/c/en/war","/c/en/red","/c/en/vermeil"],"weight":0.20447999999999994,"degrees":[68,1823,1983,32]},"num_concepts_raised":17956},{"base_id":707,"kind":"top_words","i1":5,"i2":8,"sol":{"path":["/c/en/depopulate","/c/en/reduce","/c/en/square","/c/en/vat"],"weight":0.20609999999999978,"degrees":[68,1258,1534,244]},"num_concepts_raised":22765},{"base_id":707,"kind":"top_words","i1":5,"i2":9,"sol":{"path":["/c/en/depopulate","/c/en/reduce","/c/en/cooking","/c/fr/roux","/c/en/roux"],"weight":0.20642999999999997,"degrees":[68,1258,1401,183,33]},"num_concepts_raised":14581},{"base_id":707,"kind":"top_words","i1":6,"i2":7,"sol":{"path":["/c/en/oxidoreductase","/c/en/enzyme","/c/en/flour","/c/en/red","/c/en/vermeil"],"weight":0.20415999999999987,"degrees":[41,2499,793,1983,32]},"num_concepts_raised":11289},{"base_id":707,"kind":"top_words","i1":6,"i2":8,"sol":{"path":["/c/en/oxidoreductase","/c/en/reduction","/c/en/tax","/c/en/vat"],"weight":0.2057999999999997,"degrees":[41,498,1545,244]},"num_concepts_raised":16164},{"base_id":707,"kind":"top_words","i1":6,"i2":9,"sol":{"path":["/c/en/oxidoreductase","/c/en/enzyme","/c/en/flour","/c/en/roux"],"weight":0.20301999999999992,"degrees":[41,2499,793,33]},"num_concepts_raised":7861},{"base_id":707,"kind":"top_words","i1":7,"i2":8,"sol":{"path":["/c/en/vermeil","/c/en/red","/c/en/wine","/c/en/vat"],"weight":0.2068499999999997,"degrees":[32,1983,1776,244]},"num_concepts_raised":19798},{"base_id":707,"kind":"top_words","i1":7,"i2":9,"sol":{"path":["/c/en/vermeil","/c/en/red","/c/fr/roux","/c/en/roux"],"weight":0.20707999999999988,"degrees":[32,1983,183,33]},"num_concepts_raised":11573},{"base_id":707,"kind":"top_words","i1":8,"i2":9,"sol":{"path":["/c/en/vat","/c/en/fat","/c/en/roux"],"weight":0.203,"degrees":[244,1429,33]},"num_concepts_raised":222}]]