[[{"base_id":171,"kind":"bot_words","i1":0,"i2":1,"sol":{"path":["/c/en/vocals","/c/en/music","/c/zh/梆子","/c/en/watchman","/c/en/watchmen"],"weight":0.20903999999999978,"degrees":[30,8822,9,206,42]},"num_concepts_raised":14881},{"base_id":171,"kind":"bot_words","i1":0,"i2":2,"sol":{"path":["/c/en/vocals","/c/en/sound","/c/en/swim","/c/en/breaststroke"],"weight":0.20528999999999986,"degrees":[30,3218,988,114]},"num_concepts_raised":28056},{"base_id":171,"kind":"bot_words","i1":0,"i2":3,"sol":{"path":["/c/en/vocals","/c/en/music","/c/en/person","/c/en/hero","/c/en/demigod"],"weight":0.2051199999999998,"degrees":[30,8822,12935,743,99]},"num_concepts_raised":17710},{"base_id":171,"kind":"bot_words","i1":0,"i2":4,"sol":{"path":["/c/en/vocals","/c/en/music","/c/en/wolf","/c/en/dingo"],"weight":0.21094999999999997,"degrees":[30,8822,834,152]},"num_concepts_raised":33352},{"base_id":171,"kind":"bot_words","i1":0,"i2":5,"sol":{"path":["/c/en/vocals","/c/en/music","/c/en/calypso","/c/en/trinidad"],"weight":0.2101899999999998,"degrees":[30,8822,192,115]},"num_concepts_raised":20415},{"base_id":171,"kind":"bot_words","i1":0,"i2":6,"sol":{"path":["/c/en/vocals","/c/en/voice","/c/en/internet","/c/en/net"],"weight":0.22463999999999812,"degrees":[30,1403,2994,961]},"num_concepts_raised":94693},{"base_id":171,"kind":"bot_words","i1":0,"i2":7,"sol":{"path":["/c/en/vocals","/c/en/music","/c/en/dramatic","/c/en/dramaturge"],"weight":0.20922999999999986,"degrees":[30,8822,234,48]},"num_concepts_raised":15935},{"base_id":171,"kind":"bot_words","i1":0,"i2":8,"sol":{"path":["/c/en/vocals","/c/en/music","/c/en/tone","/c/en/chinese","/c/en/hsk"],"weight":0.20400999999999986,"degrees":[30,8822,846,911,28]},"num_concepts_raised":15615},{"base_id":171,"kind":"bot_words","i1":0,"i2":9,"sol":{"path":["/c/en/vocals","/c/en/music","/c/en/good","/c/en/right","/c/en/rightly"],"weight":0.20582999999999968,"degrees":[30,8822,2615,2319,68]},"num_concepts_raised":17697},{"base_id":171,"kind":"bot_words","i1":1,"i2":2,"sol":{"path":["/c/en/watchmen","/c/en/watchman","/c/ja/い","/c/en/water","/c/en/breaststroke"],"weight":0.2091499999999998,"degrees":[42,206,122,4606,114]},"num_concepts_raised":13994},{"base_id":171,"kind":"bot_words","i1":1,"i2":3,"sol":{"path":["/c/en/watchmen","/c/en/watchman","/c/en/warden","/c/en/leader","/c/en/demigod"],"weight":0.20875999999999972,"degrees":[42,206,173,1391,99]},"num_concepts_raised":3403},{"base_id":171,"kind":"bot_words","i1":1,"i2":4,"sol":{"path":["/c/en/watchmen","/c/en/watchman","/c/en/guard","/c/en/dog","/c/en/dingo"],"weight":0.21495999999999987,"degrees":[42,206,1558,2320,152]},"num_concepts_raised":19153},{"base_id":171,"kind":"bot_words","i1":1,"i2":5,"sol":{"path":["/c/en/watchmen","/c/en/watchman","/c/fr/gardien","/c/fr/personne","/c/fr/trinité","/c/en/trinidad"],"weight":0.22235889999999947,"degrees":[42,206,260,3714,128,115]},"num_concepts_raised":317478},{"base_id":171,"kind":"bot_words","i1":1,"i2":6,"sol":{"path":["/c/en/watchmen","/c/en/watchman","/c/en/watch","/c/en/catch","/c/en/net"],"weight":0.2270499999999981,"degrees":[42,206,1703,1527,961]},"num_concepts_raised":81776},{"base_id":171,"kind":"bot_words","i1":1,"i2":7,"sol":{"path":["/c/en/watchmen","/c/en/watchman","/c/en/guard","/c/en/art","/c/en/dramaturgy","/c/en/dramaturge"],"weight":0.21756979999999965,"degrees":[42,206,1558,1987,156,48]},"num_concepts_raised":92997},{"base_id":171,"kind":"bot_words","i1":1,"i2":8,"sol":{"path":["/c/en/watchmen","/c/en/watchman","/c/en/guard","/c/en/person","/c/en/chinese","/c/en/hsk"],"weight":0.20997689999999958,"degrees":[42,206,1558,12935,911,28]},"num_concepts_raised":86781},{"base_id":171,"kind":"bot_words","i1":1,"i2":9,"sol":{"path":["/c/en/watchmen","/c/en/watchman","/c/en/guard","/c/en/right","/c/en/rightly"],"weight":0.20959999999999962,"degrees":[42,206,1558,2319,68]},"num_concepts_raised":3402},{"base_id":171,"kind":"bot_words","i1":2,"i2":3,"sol":{"path":["/c/en/breaststroke","/c/fr/brasse","/c/fr/mesure","/c/fr/surhomme","/c/en/demigod"],"weight":0.20703999999999984,"degrees":[114,84,1104,53,99]},"num_concepts_raised":16834},{"base_id":171,"kind":"bot_words","i1":2,"i2":4,"sol":{"path":["/c/en/breaststroke","/c/en/stroke","/c/en/dog","/c/en/dingo"],"weight":0.21223,"degrees":[114,1197,2320,152]},"num_concepts_raised":32299},{"base_id":171,"kind":"bot_words","i1":2,"i2":5,"sol":{"path":["/c/en/breaststroke","/c/en/swim","/c/en/island","/c/en/trinidad"],"weight":0.21345999999999984,"degrees":[114,988,1660,115]},"num_concepts_raised":19514},{"base_id":171,"kind":"bot_words","i1":2,"i2":6,"sol":{"path":["/c/en/breaststroke","/c/en/stroke","/c/en/tennis","/c/en/net"],"weight":0.22836999999999819,"degrees":[114,1197,699,961]},"num_concepts_raised":93481},{"base_id":171,"kind":"bot_words","i1":2,"i2":7,"sol":{"path":["/c/en/breaststroke","/c/en/stroke","/c/en/enter","/c/en/dramaturgy","/c/en/dramaturge"],"weight":0.2124799999999999,"degrees":[114,1197,1017,156,48]},"num_concepts_raised":15085},{"base_id":171,"kind":"bot_words","i1":2,"i2":8,"sol":{"path":["/c/en/breaststroke","/c/en/stroke","/c/en/person","/c/en/chinese","/c/en/hsk"],"weight":0.20519999999999988,"degrees":[114,1197,12935,911,28]},"num_concepts_raised":14732},{"base_id":171,"kind":"bot_words","i1":2,"i2":9,"sol":{"path":["/c/en/breaststroke","/c/en/swimming","/c/en/enjoyment","/c/en/right","/c/en/rightly"],"weight":0.20701999999999973,"degrees":[114,587,405,2319,68]},"num_concepts_raised":16822},{"base_id":171,"kind":"bot_words","i1":3,"i2":4,"sol":{"path":["/c/en/demigod","/c/en/superbeing","/c/en/animal","/c/en/dingo"],"weight":0.21072999999999992,"degrees":[99,23,3735,152]},"num_concepts_raised":21996},{"base_id":171,"kind":"bot_words","i1":3,"i2":5,"sol":{"path":["/c/en/demigod","/c/fr/demi_dieu","/c/fr/divinité","/c/fr/trinité","/c/en/trinidad"],"weight":0.21616999999999975,"degrees":[99,37,274,128,115]},"num_concepts_raised":8988},{"base_id":171,"kind":"bot_words","i1":3,"i2":6,"sol":{"path":["/c/en/demigod","/c/en/leader","/c/en/fishing","/c/en/net"],"weight":0.22138999999999812,"degrees":[99,1391,1066,961]},"num_concepts_raised":84391},{"base_id":171,"kind":"bot_words","i1":3,"i2":7,"sol":{"path":["/c/en/demigod","/c/en/leader","/c/fr/auteur","/c/fr/dramaturge","/c/en/dramaturge"],"weight":0.21097999999999983,"degrees":[99,1391,455,40,48]},"num_concepts_raised":4508},{"base_id":171,"kind":"bot_words","i1":3,"i2":8,"sol":{"path":["/c/en/demigod","/c/en/hero","/c/en/person","/c/en/chinese","/c/en/hsk"],"weight":0.2038799999999998,"degrees":[99,743,12935,911,28]},"num_concepts_raised":4157},{"base_id":171,"kind":"bot_words","i1":3,"i2":9,"sol":{"path":["/c/en/demigod","/c/en/hero","/c/en/person","/c/en/right","/c/en/rightly"],"weight":0.20563999999999966,"degrees":[99,743,12935,2319,68]},"num_concepts_raised":6283},{"base_id":171,"kind":"bot_words","i1":4,"i2":5,"sol":{"path":["/c/en/dingo","/c/en/australia","/c/en/island","/c/en/trinidad"],"weight":0.21805999999999992,"degrees":[152,2690,1660,115]},"num_concepts_raised":24607},{"base_id":171,"kind":"bot_words","i1":4,"i2":6,"sol":{"path":["/c/en/dingo","/c/fr/zoologie","/c/fr/réseau","/c/en/net"],"weight":0.23618999999999826,"degrees":[152,9122,372,961]},"num_concepts_raised":99264},{"base_id":171,"kind":"bot_words","i1":4,"i2":7,"sol":{"path":["/c/en/dingo","/c/en/mammal","/c/en/play","/c/en/playwright","/c/en/dramaturge"],"weight":0.21740999999999996,"degrees":[152,2187,3092,264,48]},"num_concepts_raised":20250},{"base_id":171,"kind":"bot_words","i1":4,"i2":8,"sol":{"path":["/c/en/dingo","/c/en/mammal","/c/en/human","/c/en/chinese","/c/en/hsk"],"weight":0.21185999999999997,"degrees":[152,2187,2645,911,28]},"num_concepts_raised":19885},{"base_id":171,"kind":"bot_words","i1":4,"i2":9,"sol":{"path":["/c/en/dingo","/c/en/australia","/c/en/right","/c/en/rightly"],"weight":0.21145999999999981,"degrees":[152,2690,2319,68]},"num_concepts_raised":22027},{"base_id":171,"kind":"bot_words","i1":5,"i2":6,"sol":{"path":["/c/en/trinidad","/c/en/island","/c/en/fish","/c/en/net"],"weight":0.22822999999999813,"degrees":[115,1660,4424,961]},"num_concepts_raised":87111},{"base_id":171,"kind":"bot_words","i1":5,"i2":7,"sol":{"path":["/c/en/trinidad","/c/en/county_seat","/c/en/seat","/c/en/dramaturgy","/c/en/dramaturge"],"weight":0.2163399999999998,"degrees":[115,2497,1314,156,48]},"num_concepts_raised":7217},{"base_id":171,"kind":"bot_words","i1":5,"i2":8,"sol":{"path":["/c/en/trinidad","/c/en/coolie","/c/en/chinese","/c/en/hsk"],"weight":0.20893999999999985,"degrees":[115,127,911,28]},"num_concepts_raised":6855},{"base_id":171,"kind":"bot_words","i1":5,"i2":9,"sol":{"path":["/c/en/trinidad","/c/en/island","/c/en/middle","/c/en/right","/c/en/rightly"],"weight":0.21281999999999968,"degrees":[115,1660,1081,2319,68]},"num_concepts_raised":8998},{"base_id":171,"kind":"bot_words","i1":6,"i2":7,"sol":{"path":["/c/en/net","/c/en/flies","/c/en/dramaturgy","/c/en/dramaturge"],"weight":0.22682999999999814,"degrees":[961,64,156,48]},"num_concepts_raised":82801},{"base_id":171,"kind":"bot_words","i1":6,"i2":8,"sol":{"path":["/c/en/net","/c/en/profit","/c/en/proficiency","/c/en/hsk"],"weight":0.22377999999999815,"degrees":[961,1179,200,28]},"num_concepts_raised":82445},{"base_id":171,"kind":"bot_words","i1":6,"i2":9,"sol":{"path":["/c/en/net","/c/nl/net","/c/fr/justement","/c/en/rightly"],"weight":0.224519999999998,"degrees":[961,96,227,68]},"num_concepts_raised":84197},{"base_id":171,"kind":"bot_words","i1":7,"i2":8,"sol":{"path":["/c/en/dramaturge","/c/en/dramaturgy","/c/en/art","/c/en/proficiency","/c/en/hsk"],"weight":0.21007999999999988,"degrees":[48,156,1987,200,28]},"num_concepts_raised":2366},{"base_id":171,"kind":"bot_words","i1":7,"i2":9,"sol":{"path":["/c/en/dramaturge","/c/en/playwright","/c/en/playright","/c/en/right","/c/en/rightly"],"weight":0.2100199999999997,"degrees":[48,264,6,2319,68]},"num_concepts_raised":4507},{"base_id":171,"kind":"bot_words","i1":8,"i2":9,"sol":{"path":["/c/en/hsk","/c/en/chinese","/c/en/british","/c/en/right","/c/en/rightly"],"weight":0.2044599999999997,"degrees":[28,911,3452,2319,68]},"num_concepts_raised":4158}],[{"base_id":171,"kind":"top_words","i1":0,"i2":1,"sol":{"path":["/c/en/glory","/c/en/joy","/c/en/live","/c/en/relive"],"weight":0.2167199999999987,"degrees":[599,943,1553,42]},"num_concepts_raised":51839},{"base_id":171,"kind":"top_words","i1":0,"i2":2,"sol":{"path":["/c/en/glory","/c/en/splendor","/c/en/grandeur"],"weight":0.20500000000000002,"degrees":[599,167,92]},"num_concepts_raised":572},{"base_id":171,"kind":"top_words","i1":0,"i2":3,"sol":{"path":["/c/en/glory","/c/en/greatness"],"weight":0.20400000000000001,"degrees":[599,157]},"num_concepts_raised":632},{"base_id":171,"kind":"top_words","i1":0,"i2":4,"sol":{"path":["/c/en/glory","/c/en/splendour"],"weight":0.20400000000000001,"degrees":[599,113]},"num_concepts_raised":589},{"base_id":171,"kind":"top_words","i1":0,"i2":5,"sol":{"path":["/c/en/glory","/c/en/glorious"],"weight":0.20600000000000002,"degrees":[599,282]},"num_concepts_raised":714},{"base_id":171,"kind":"top_words","i1":0,"i2":6,"sol":{"path":["/c/en/glory","/c/en/honour","/c/en/redeem","/c/en/atone"],"weight":0.21831999999999868,"degrees":[599,488,319,115]},"num_concepts_raised":54481},{"base_id":171,"kind":"top_words","i1":0,"i2":7,"sol":{"path":["/c/en/glory","/c/en/honor","/c/en/crown","/c/en/crowning"],"weight":0.22063999999999875,"degrees":[599,713,1373,35]},"num_concepts_raised":50431},{"base_id":171,"kind":"top_words","i1":0,"i2":8,"sol":{"path":["/c/en/glory","/c/en/old","/c/en/past","/c/en/bygone"],"weight":0.21657999999999872,"degrees":[599,2028,945,73]},"num_concepts_raised":50297},{"base_id":171,"kind":"top_words","i1":0,"i2":9,"sol":{"path":["/c/en/glory","/c/en/honor","/c/en/person","/c/en/exorcise"],"weight":0.22080999999999862,"degrees":[599,713,12935,123]},"num_concepts_raised":70588},{"base_id":171,"kind":"top_words","i1":1,"i2":2,"sol":{"path":["/c/en/relive","/c/en/know","/c/ja/こうしょう","/c/en/magnificence","/c/en/grandeur"],"weight":0.20481999999999967,"degrees":[42,1226,75,197,92]},"num_concepts_raised":8335},{"base_id":171,"kind":"top_words","i1":1,"i2":3,"sol":{"path":["/c/en/relive","/c/fr/revivre","/c/fr/honneur","/c/fr/grandeur","/c/en/greatness"],"weight":0.20549999999999952,"degrees":[42,113,431,311,157]},"num_concepts_raised":12878},{"base_id":171,"kind":"top_words","i1":1,"i2":4,"sol":{"path":["/c/en/relive","/c/en/live","/c/en/love","/c/en/splendor","/c/en/splendour"],"weight":0.20501999999999948,"degrees":[42,1553,2442,167,113]},"num_concepts_raised":9884},{"base_id":171,"kind":"top_words","i1":1,"i2":5,"sol":{"path":["/c/en/relive","/c/en/know","/c/en/known","/c/en/glorious"],"weight":0.20709999999999945,"degrees":[42,1226,451,282]},"num_concepts_raised":22004},{"base_id":171,"kind":"top_words","i1":1,"i2":6,"sol":{"path":["/c/en/relive","/c/en/know","/c/en/right","/c/en/expiate","/c/en/atone"],"weight":0.20525999999999972,"degrees":[42,1226,2319,99,115]},"num_concepts_raised":11709},{"base_id":171,"kind":"top_words","i1":1,"i2":7,"sol":{"path":["/c/en/relive","/c/en/live","/c/en/head","/c/en/crown","/c/en/crowning"],"weight":0.2041999999999998,"degrees":[42,1553,3580,1373,35]},"num_concepts_raised":7598},{"base_id":171,"kind":"top_words","i1":1,"i2":8,"sol":{"path":["/c/en/relive","/c/en/remember","/c/en/past","/c/en/bygone"],"weight":0.20478999999999975,"degrees":[42,1112,945,73]},"num_concepts_raised":7312},{"base_id":171,"kind":"top_words","i1":1,"i2":9,"sol":{"path":["/c/en/relive","/c/en/experience","/c/en/person","/c/en/exorcise"],"weight":0.20415999999999968,"degrees":[42,1082,12935,123]},"num_concepts_raised":29335},{"base_id":171,"kind":"top_words","i1":2,"i2":3,"sol":{"path":["/c/en/grandeur","/c/en/greatness"],"weight":0.202,"degrees":[92,157]},"num_concepts_raised":209},{"base_id":171,"kind":"top_words","i1":2,"i2":4,"sol":{"path":["/c/en/grandeur","/c/en/splendor","/c/en/splendour"],"weight":0.20400000000000001,"degrees":[92,167,113]},"num_concepts_raised":187},{"base_id":171,"kind":"top_words","i1":2,"i2":5,"sol":{"path":["/c/en/grandeur","/c/en/splendid","/c/en/glorious"],"weight":0.202,"degrees":[92,346,282]},"num_concepts_raised":318},{"base_id":171,"kind":"top_words","i1":2,"i2":6,"sol":{"path":["/c/en/grandeur","/c/fr/splendeur","/c/en/state","/c/en/redeem","/c/en/atone"],"weight":0.20578999999999964,"degrees":[92,100,3243,319,115]},"num_concepts_raised":11081},{"base_id":171,"kind":"top_words","i1":2,"i2":7,"sol":{"path":["/c/en/grandeur","/c/en/pomp","/c/en/crown","/c/en/crowning"],"weight":0.20578999999999972,"degrees":[92,145,1373,35]},"num_concepts_raised":6914},{"base_id":171,"kind":"top_words","i1":2,"i2":8,"sol":{"path":["/c/en/grandeur","/c/la/grandis","/c/en/old","/c/en/past","/c/en/bygone"],"weight":0.2056199999999997,"degrees":[92,102,2028,945,73]},"num_concepts_raised":6711},{"base_id":171,"kind":"top_words","i1":2,"i2":9,"sol":{"path":["/c/en/grandeur","/c/syc/ܐܝܩܪܐ","/c/en/thing","/c/en/exorcise"],"weight":0.20468999999999962,"degrees":[92,31,1451,123]},"num_concepts_raised":28791},{"base_id":171,"kind":"top_words","i1":3,"i2":4,"sol":{"path":["/c/en/greatness","/c/en/glory","/c/en/splendour"],"weight":0.202,"degrees":[157,599,113]},"num_concepts_raised":252},{"base_id":171,"kind":"top_words","i1":3,"i2":5,"sol":{"path":["/c/en/greatness","/c/en/glory","/c/en/glorious"],"weight":0.203,"degrees":[157,599,282]},"num_concepts_raised":376},{"base_id":171,"kind":"top_words","i1":3,"i2":6,"sol":{"path":["/c/en/greatness","/c/en/brilliant","/c/en/clear","/c/en/atone"],"weight":0.2052399999999995,"degrees":[157,540,2044,115]},"num_concepts_raised":15586},{"base_id":171,"kind":"top_words","i1":3,"i2":7,"sol":{"path":["/c/en/greatness","/c/en/perfect","/c/en/top","/c/en/crowning"],"weight":0.2054099999999996,"degrees":[157,750,1498,35]},"num_concepts_raised":11438},{"base_id":171,"kind":"top_words","i1":3,"i2":8,"sol":{"path":["/c/en/greatness","/c/en/might","/c/en/happen","/c/en/bygone"],"weight":0.20473999999999953,"degrees":[157,435,984,73]},"num_concepts_raised":11229},{"base_id":171,"kind":"top_words","i1":3,"i2":9,"sol":{"path":["/c/en/greatness","/c/en/genius","/c/en/person","/c/en/exorcise"],"weight":0.20553999999999947,"degrees":[157,440,12935,123]},"num_concepts_raised":33027},{"base_id":171,"kind":"top_words","i1":4,"i2":5,"sol":{"path":["/c/en/splendour","/c/en/bright","/c/en/glorious"],"weight":0.20400000000000001,"degrees":[113,1381,282]},"num_concepts_raised":341},{"base_id":171,"kind":"top_words","i1":4,"i2":6,"sol":{"path":["/c/en/splendour","/c/en/bright","/c/en/clear","/c/en/atone"],"weight":0.20458999999999947,"degrees":[113,1381,2044,115]},"num_concepts_raised":12451},{"base_id":171,"kind":"top_words","i1":4,"i2":7,"sol":{"path":["/c/en/splendour","/c/fr/splendeur","/c/en/pomp","/c/en/crown","/c/en/crowning"],"weight":0.20600999999999953,"degrees":[113,100,145,1373,35]},"num_concepts_raised":8481},{"base_id":171,"kind":"top_words","i1":4,"i2":8,"sol":{"path":["/c/en/splendour","/c/en/glory","/c/en/old","/c/en/past","/c/en/bygone"],"weight":0.2058799999999995,"degrees":[113,599,2028,945,73]},"num_concepts_raised":8298},{"base_id":171,"kind":"top_words","i1":4,"i2":9,"sol":{"path":["/c/en/splendour","/c/en/fire","/c/en/expel","/c/en/exorcise"],"weight":0.20482999999999943,"degrees":[113,2829,486,123]},"num_concepts_raised":30227},{"base_id":171,"kind":"top_words","i1":5,"i2":6,"sol":{"path":["/c/en/glorious","/c/en/bright","/c/en/clear","/c/en/atone"],"weight":0.20943999999999943,"degrees":[282,1381,2044,115]},"num_concepts_raised":24610},{"base_id":171,"kind":"top_words","i1":5,"i2":7,"sol":{"path":["/c/en/glorious","/c/en/excellent","/c/en/top","/c/en/crowning"],"weight":0.2072699999999995,"degrees":[282,873,1498,35]},"num_concepts_raised":20634},{"base_id":171,"kind":"top_words","i1":5,"i2":8,"sol":{"path":["/c/en/glorious","/c/fil/mabulaklak_na_kahapon","/c/en/past","/c/en/bygone"],"weight":0.20777999999999947,"degrees":[282,4,945,73]},"num_concepts_raised":20522},{"base_id":171,"kind":"top_words","i1":5,"i2":9,"sol":{"path":["/c/en/glorious","/c/en/bright","/c/en/person","/c/en/exorcise"],"weight":0.2096999999999994,"degrees":[282,1381,12935,123]},"num_concepts_raised":41757},{"base_id":171,"kind":"top_words","i1":6,"i2":7,"sol":{"path":["/c/en/atone","/c/en/clear","/c/en/top","/c/en/crowning"],"weight":0.2049399999999998,"degrees":[115,2044,1498,35]},"num_concepts_raised":10340},{"base_id":171,"kind":"top_words","i1":6,"i2":8,"sol":{"path":["/c/en/atone","/c/en/atonement","/c/en/book","/c/en/past","/c/en/bygone"],"weight":0.20677999999999974,"degrees":[115,199,3239,945,73]},"num_concepts_raised":10110},{"base_id":171,"kind":"top_words","i1":6,"i2":9,"sol":{"path":["/c/en/atone","/c/de/büssen","/c/en/religion","/c/en/exorcise"],"weight":0.20497999999999966,"degrees":[115,51,3331,123]},"num_concepts_raised":32054},{"base_id":171,"kind":"top_words","i1":7,"i2":8,"sol":{"path":["/c/en/crowning","/c/en/crown","/c/en/former","/c/en/past","/c/en/bygone"],"weight":0.2059999999999998,"degrees":[35,1373,830,945,73]},"num_concepts_raised":5985},{"base_id":171,"kind":"top_words","i1":7,"i2":9,"sol":{"path":["/c/en/crowning","/c/en/crown","/c/en/thing","/c/en/exorcise"],"weight":0.20515999999999973,"degrees":[35,1373,1451,123]},"num_concepts_raised":28021},{"base_id":171,"kind":"top_words","i1":8,"i2":9,"sol":{"path":["/c/en/bygone","/c/en/departed","/c/en/person","/c/en/exorcise"],"weight":0.20459999999999967,"degrees":[73,134,12935,123]},"num_concepts_raised":27858}]]