[[{"base_id":117,"kind":"bot_words","i1":0,"i2":1,"sol":{"path":["/c/en/tapered","/c/en/point","/c/en/someone","/c/en/invincible"],"weight":0.2042399999999996,"degrees":[71,2624,764,115]},"num_concepts_raised":13631},{"base_id":117,"kind":"bot_words","i1":0,"i2":2,"sol":{"path":["/c/en/tapered","/c/en/wedge","/c/en/uk","/c/en/flan"],"weight":0.20374999999999982,"degrees":[71,515,5562,61]},"num_concepts_raised":20244},{"base_id":117,"kind":"bot_words","i1":0,"i2":3,"sol":{"path":["/c/en/tapered","/c/en/narrow","/c/en/change","/c/en/prim"],"weight":0.2101499999999997,"degrees":[71,951,3383,96]},"num_concepts_raised":16681},{"base_id":117,"kind":"bot_words","i1":0,"i2":4,"sol":{"path":["/c/en/tapered","/c/en/point","/c/en/knife","/c/en/spork"],"weight":0.20351999999999987,"degrees":[71,2624,1320,42]},"num_concepts_raised":8317},{"base_id":117,"kind":"bot_words","i1":0,"i2":5,"sol":{"path":["/c/en/tapered","/c/en/point","/c/en/act","/c/en/films"],"weight":0.20329999999999976,"degrees":[71,2624,2503,34]},"num_concepts_raised":16677},{"base_id":117,"kind":"bot_words","i1":0,"i2":6,"sol":{"path":["/c/en/tapered","/c/en/point","/c/en/out","/c/en/dismissal"],"weight":0.20744999999999927,"degrees":[71,2624,1307,326]},"num_concepts_raised":40075},{"base_id":117,"kind":"bot_words","i1":0,"i2":7,"sol":{"path":["/c/en/tapered","/c/en/narrow","/c/en/squeeze","/c/en/play","/c/en/banjoist"],"weight":0.2043399999999999,"degrees":[71,951,661,3092,24]},"num_concepts_raised":8544},{"base_id":117,"kind":"bot_words","i1":0,"i2":8,"sol":{"path":["/c/en/tapered","/c/en/narrow","/c/en/adjective","/c/en/busy"],"weight":0.21045999999999865,"degrees":[71,951,783,552]},"num_concepts_raised":75672},{"base_id":117,"kind":"bot_words","i1":0,"i2":9,"sol":{"path":["/c/en/tapered","/c/en/taper","/c/en/neck","/c/en/architecture","/c/en/visigoths"],"weight":0.2097999999999996,"degrees":[71,180,1476,2564,71]},"num_concepts_raised":7819},{"base_id":117,"kind":"bot_words","i1":1,"i2":2,"sol":{"path":["/c/en/invincible","/c/en/kill","/c/en/fool","/c/en/custard","/c/en/flan"],"weight":0.2064999999999997,"degrees":[115,1884,1406,213,61]},"num_concepts_raised":23293},{"base_id":117,"kind":"bot_words","i1":1,"i2":3,"sol":{"path":["/c/en/invincible","/c/en/kill","/c/en/dress","/c/en/prim"],"weight":0.20970999999999962,"degrees":[115,1884,1674,96]},"num_concepts_raised":19744},{"base_id":117,"kind":"bot_words","i1":1,"i2":4,"sol":{"path":["/c/en/invincible","/c/en/kill","/c/en/knife","/c/en/spork"],"weight":0.20412999999999976,"degrees":[115,1884,1320,42]},"num_concepts_raised":11395},{"base_id":117,"kind":"bot_words","i1":1,"i2":5,"sol":{"path":["/c/en/invincible","/c/en/impossible","/c/en/movie","/c/en/films"],"weight":0.20398999999999967,"degrees":[115,413,897,34]},"num_concepts_raised":19601},{"base_id":117,"kind":"bot_words","i1":1,"i2":6,"sol":{"path":["/c/en/invincible","/c/en/destroy","/c/en/sack","/c/en/dismissal"],"weight":0.2080099999999992,"degrees":[115,1339,774,326]},"num_concepts_raised":42828},{"base_id":117,"kind":"bot_words","i1":1,"i2":7,"sol":{"path":["/c/en/invincible","/c/en/destroy","/c/en/frail","/c/en/banjo","/c/en/banjoist"],"weight":0.2048999999999998,"degrees":[115,1339,261,285,24]},"num_concepts_raised":11570},{"base_id":117,"kind":"bot_words","i1":1,"i2":8,"sol":{"path":["/c/en/invincible","/c/en/kill","/c/en/business","/c/en/busy"],"weight":0.21128999999999856,"degrees":[115,1884,2538,552]},"num_concepts_raised":78285},{"base_id":117,"kind":"bot_words","i1":1,"i2":9,"sol":{"path":["/c/en/invincible","/c/en/defeat","/c/en/die","/c/en/architecture","/c/en/visigoths"],"weight":0.2093099999999995,"degrees":[115,957,2528,2564,71]},"num_concepts_raised":10899},{"base_id":117,"kind":"bot_words","i1":2,"i2":3,"sol":{"path":["/c/en/flan","/c/fr/flan","/c/fr/monnaie","/c/en/change","/c/en/prim"],"weight":0.21225999999999984,"degrees":[61,74,764,3383,96]},"num_concepts_raised":26303},{"base_id":117,"kind":"bot_words","i1":2,"i2":4,"sol":{"path":["/c/en/flan","/c/en/us","/c/en/spoon","/c/en/spork"],"weight":0.20359,"degrees":[61,8154,847,42]},"num_concepts_raised":18039},{"base_id":117,"kind":"bot_words","i1":2,"i2":5,"sol":{"path":["/c/en/flan","/c/en/uk","/c/en/love","/c/en/films"],"weight":0.20328999999999986,"degrees":[61,5562,2442,34]},"num_concepts_raised":26255},{"base_id":117,"kind":"bot_words","i1":2,"i2":6,"sol":{"path":["/c/en/flan","/c/en/us","/c/en/sack","/c/en/dismissal"],"weight":0.20750999999999936,"degrees":[61,8154,774,326]},"num_concepts_raised":49025},{"base_id":117,"kind":"bot_words","i1":2,"i2":7,"sol":{"path":["/c/en/flan","/c/en/uk","/c/en/banjo","/c/en/banjoist"],"weight":0.20428000000000002,"degrees":[61,5562,285,24]},"num_concepts_raised":18225},{"base_id":117,"kind":"bot_words","i1":2,"i2":8,"sol":{"path":["/c/en/flan","/c/en/uk","/c/en/busy"],"weight":0.202,"degrees":[61,5562,552]},"num_concepts_raised":510},{"base_id":117,"kind":"bot_words","i1":2,"i2":9,"sol":{"path":["/c/en/flan","/c/en/flans","/c/en/band","/c/en/architecture","/c/en/visigoths"],"weight":0.2096899999999997,"degrees":[61,10,1893,2564,71]},"num_concepts_raised":17557},{"base_id":117,"kind":"bot_words","i1":3,"i2":4,"sol":{"path":["/c/en/prim","/c/en/proper","/c/en/slang","/c/en/spoon","/c/en/spork"],"weight":0.21111999999999986,"degrees":[96,782,16318,847,42]},"num_concepts_raised":14519},{"base_id":117,"kind":"bot_words","i1":3,"i2":5,"sol":{"path":["/c/en/prim","/c/en/proper","/c/en/voice","/c/en/film","/c/en/films"],"weight":0.21292999999999973,"degrees":[96,782,1403,2504,34]},"num_concepts_raised":22748},{"base_id":117,"kind":"bot_words","i1":3,"i2":6,"sol":{"path":["/c/en/prim","/c/en/dress","/c/en/sack","/c/en/dismissal"],"weight":0.2128499999999993,"degrees":[96,1674,774,326]},"num_concepts_raised":45950},{"base_id":117,"kind":"bot_words","i1":3,"i2":7,"sol":{"path":["/c/en/prim","/c/en/proper","/c/en/slang","/c/en/banjo","/c/en/banjoist"],"weight":0.2118199999999999,"degrees":[96,782,16318,285,24]},"num_concepts_raised":14687},{"base_id":117,"kind":"bot_words","i1":3,"i2":8,"sol":{"path":["/c/en/prim","/c/en/dress","/c/en/work","/c/en/busy"],"weight":0.21724999999999867,"degrees":[96,1674,4013,552]},"num_concepts_raised":81260},{"base_id":117,"kind":"bot_words","i1":3,"i2":9,"sol":{"path":["/c/en/prim","/c/en/proper","/c/en/crop","/c/en/architecture","/c/en/visigoths"],"weight":0.21613999999999958,"degrees":[96,782,1131,2564,71]},"num_concepts_raised":14007},{"base_id":117,"kind":"bot_words","i1":4,"i2":5,"sol":{"path":["/c/en/spork","/c/en/fork","/c/en/drawer","/c/en/film","/c/en/films"],"weight":0.20530999999999988,"degrees":[42,669,555,2504,34]},"num_concepts_raised":14456},{"base_id":117,"kind":"bot_words","i1":4,"i2":6,"sol":{"path":["/c/en/spork","/c/en/knife","/c/en/cleaver","/c/en/dismissal"],"weight":0.20604999999999946,"degrees":[42,1320,207,326]},"num_concepts_raised":38020},{"base_id":117,"kind":"bot_words","i1":4,"i2":7,"sol":{"path":["/c/en/spork","/c/en/spoon","/c/en/slang","/c/en/banjo","/c/en/banjoist"],"weight":0.20420000000000005,"degrees":[42,847,16318,285,24]},"num_concepts_raised":6272},{"base_id":117,"kind":"bot_words","i1":4,"i2":8,"sol":{"path":["/c/en/spork","/c/en/implement","/c/en/work","/c/en/busy"],"weight":0.2115399999999988,"degrees":[42,570,4013,552]},"num_concepts_raised":73678},{"base_id":117,"kind":"bot_words","i1":4,"i2":9,"sol":{"path":["/c/en/spork","/c/en/splade","/c/en/blade","/c/en/architecture","/c/en/visigoths"],"weight":0.20950999999999975,"degrees":[42,16,974,2564,71]},"num_concepts_raised":5550},{"base_id":117,"kind":"bot_words","i1":5,"i2":6,"sol":{"path":["/c/en/films","/c/en/film","/c/en/appointment","/c/en/dismissal"],"weight":0.20801999999999932,"degrees":[34,2504,412,326]},"num_concepts_raised":45652},{"base_id":117,"kind":"bot_words","i1":5,"i2":7,"sol":{"path":["/c/en/films","/c/en/film","/c/en/play","/c/en/banjoist"],"weight":0.20505999999999996,"degrees":[34,2504,3092,24]},"num_concepts_raised":14407},{"base_id":117,"kind":"bot_words","i1":5,"i2":8,"sol":{"path":["/c/en/films","/c/en/act","/c/en/work","/c/en/busy"],"weight":0.2116599999999987,"degrees":[34,2503,4013,552]},"num_concepts_raised":80573},{"base_id":117,"kind":"bot_words","i1":5,"i2":9,"sol":{"path":["/c/en/films","/c/en/film","/c/en/screen","/c/en/architecture","/c/en/visigoths"],"weight":0.21044999999999964,"degrees":[34,2504,957,2564,71]},"num_concepts_raised":13927},{"base_id":117,"kind":"bot_words","i1":6,"i2":7,"sol":{"path":["/c/en/dismissal","/c/en/discharge","/c/en/play","/c/en/banjoist"],"weight":0.20645999999999948,"degrees":[326,934,3092,24]},"num_concepts_raised":38063},{"base_id":117,"kind":"bot_words","i1":6,"i2":8,"sol":{"path":["/c/en/dismissal","/c/en/person","/c/en/busy"],"weight":0.202,"degrees":[326,12935,552]},"num_concepts_raised":735},{"base_id":117,"kind":"bot_words","i1":6,"i2":9,"sol":{"path":["/c/en/dismissal","/c/en/conge","/c/en/architecture","/c/en/visigoths"],"weight":0.21120999999999915,"degrees":[326,51,2564,71]},"num_concepts_raised":37526},{"base_id":117,"kind":"bot_words","i1":7,"i2":8,"sol":{"path":["/c/en/banjoist","/c/en/play","/c/en/work","/c/en/busy"],"weight":0.21157999999999885,"degrees":[24,3092,4013,552]},"num_concepts_raised":73721},{"base_id":117,"kind":"bot_words","i1":7,"i2":9,"sol":{"path":["/c/en/banjoist","/c/en/banjo","/c/en/band","/c/en/architecture","/c/en/visigoths"],"weight":0.20925999999999978,"degrees":[24,285,1893,2564,71]},"num_concepts_raised":5760},{"base_id":117,"kind":"bot_words","i1":8,"i2":9,"sol":{"path":["/c/en/busy","/c/en/engaged","/c/en/architecture","/c/en/visigoths"],"weight":0.21556999999999854,"degrees":[552,181,2564,71]},"num_concepts_raised":73244}],[{"base_id":117,"kind":"top_words","i1":0,"i2":1,"sol":{"path":["/c/en/appalachians","/c/en/east","/c/en/wind","/c/en/gusty"],"weight":0.2032999999999999,"degrees":[40,713,2373,43]},"num_concepts_raised":4604},{"base_id":117,"kind":"top_words","i1":0,"i2":2,"sol":{"path":["/c/en/appalachians","/c/en/east","/c/en/news","/c/en/timely","/c/en/seasonably"],"weight":0.2039199999999999,"degrees":[40,713,1317,179,26]},"num_concepts_raised":9459},{"base_id":117,"kind":"top_words","i1":0,"i2":3,"sol":{"path":["/c/en/appalachians","/c/en/blue_ridge_mountains","/c/en/pennsylvania","/c/en/plains"],"weight":0.20300999999999986,"degrees":[40,48,557,37]},"num_concepts_raised":129646},{"base_id":117,"kind":"top_words","i1":0,"i2":4,"sol":{"path":["/c/en/appalachians","/c/en/appalachia","/c/en/united_states","/c/en/dakota"],"weight":0.2116999999999998,"degrees":[40,41,1636,71]},"num_concepts_raised":9880},{"base_id":117,"kind":"top_words","i1":0,"i2":5,"sol":{"path":["/c/en/appalachians","/c/en/jack","/c/en/cricket","/c/en/season","/c/en/seasonable"],"weight":0.20417999999999992,"degrees":[40,754,1394,1145,39]},"num_concepts_raised":5365},{"base_id":117,"kind":"top_words","i1":0,"i2":6,"sol":{"path":["/c/en/appalachians","/c/en/appalachia","/c/en/united_states","/c/en/midwest"],"weight":0.2047599999999999,"degrees":[40,41,1636,49]},"num_concepts_raised":12769},{"base_id":117,"kind":"top_words","i1":0,"i2":7,"sol":{"path":["/c/en/appalachians","/c/en/appalachian_mountains","/c/en/mountain_range","/c/en/rockies"],"weight":0.20324999999999988,"degrees":[40,68,295,36]},"num_concepts_raised":4806},{"base_id":117,"kind":"top_words","i1":0,"i2":8,"sol":{"path":["/c/en/appalachians","/c/en/east","/c/en/coast","/c/en/seaboard"],"weight":0.2042799999999999,"degrees":[40,713,895,37]},"num_concepts_raised":6450},{"base_id":117,"kind":"top_words","i1":0,"i2":9,"sol":{"path":["/c/en/appalachians","/c/en/appalachian","/c/en/git","/c/en/british","/c/en/drier"],"weight":0.20531999999999984,"degrees":[40,57,91,3452,43]},"num_concepts_raised":6920},{"base_id":117,"kind":"top_words","i1":1,"i2":2,"sol":{"path":["/c/en/gusty","/c/en/stormy","/c/en/weather","/c/en/season","/c/en/seasonably"],"weight":0.2050599999999999,"degrees":[43,194,1740,1145,26]},"num_concepts_raised":11220},{"base_id":117,"kind":"top_words","i1":1,"i2":3,"sol":{"path":["/c/en/gusty","/c/en/wind","/c/en/field","/c/en/plain","/c/en/plains"],"weight":0.2043499999999999,"degrees":[43,2373,2150,1132,37]},"num_concepts_raised":131419},{"base_id":117,"kind":"top_words","i1":1,"i2":4,"sol":{"path":["/c/en/gusty","/c/en/wind","/c/en/east","/c/en/united_states","/c/en/dakota"],"weight":0.21080999999999983,"degrees":[43,2373,713,1636,71]},"num_concepts_raised":11681},{"base_id":117,"kind":"top_words","i1":1,"i2":5,"sol":{"path":["/c/en/gusty","/c/en/stormy","/c/en/weather","/c/en/season","/c/en/seasonable"],"weight":0.20529999999999993,"degrees":[43,194,1740,1145,39]},"num_concepts_raised":7114},{"base_id":117,"kind":"top_words","i1":1,"i2":6,"sol":{"path":["/c/en/gusty","/c/en/wind","/c/en/west","/c/en/midwest"],"weight":0.20345999999999992,"degrees":[43,2373,689,49]},"num_concepts_raised":14576},{"base_id":117,"kind":"top_words","i1":1,"i2":7,"sol":{"path":["/c/en/gusty","/c/en/wind","/c/en/chinook","/c/en/rocky_mountains","/c/en/rockies"],"weight":0.20550999999999991,"degrees":[43,2373,58,154,36]},"num_concepts_raised":6578},{"base_id":117,"kind":"top_words","i1":1,"i2":8,"sol":{"path":["/c/en/gusty","/c/en/wind","/c/en/sea","/c/en/seaboard"],"weight":0.20331999999999992,"degrees":[43,2373,1714,37]},"num_concepts_raised":8193},{"base_id":117,"kind":"top_words","i1":1,"i2":9,"sol":{"path":["/c/en/gusty","/c/en/wind","/c/en/british","/c/en/drier"],"weight":0.20341999999999985,"degrees":[43,2373,3452,43]},"num_concepts_raised":8677},{"base_id":117,"kind":"top_words","i1":2,"i2":3,"sol":{"path":["/c/en/seasonably","/c/en/season","/c/en/north_america","/c/en/plains"],"weight":0.2038199999999999,"degrees":[26,1145,1079,37]},"num_concepts_raised":136017},{"base_id":117,"kind":"top_words","i1":2,"i2":4,"sol":{"path":["/c/en/seasonably","/c/en/season","/c/en/north_america","/c/en/united_states","/c/en/dakota"],"weight":0.21140999999999982,"degrees":[26,1145,1079,1636,71]},"num_concepts_raised":16447},{"base_id":117,"kind":"top_words","i1":2,"i2":5,"sol":{"path":["/c/en/seasonably","/c/en/season","/c/en/seasonable"],"weight":0.20400000000000001,"degrees":[26,1145,39]},"num_concepts_raised":56},{"base_id":117,"kind":"top_words","i1":2,"i2":6,"sol":{"path":["/c/en/seasonably","/c/en/season","/c/en/winter","/c/en/wisconsin","/c/en/midwest"],"weight":0.20518999999999993,"degrees":[26,1145,1060,629,49]},"num_concepts_raised":19362},{"base_id":117,"kind":"top_words","i1":2,"i2":7,"sol":{"path":["/c/en/seasonably","/c/en/season","/c/en/north_america","/c/en/rockies"],"weight":0.20383999999999988,"degrees":[26,1145,1079,36]},"num_concepts_raised":11414},{"base_id":117,"kind":"top_words","i1":2,"i2":8,"sol":{"path":["/c/en/seasonably","/c/en/legal","/c/en/location","/c/en/coast","/c/en/seaboard"],"weight":0.2040599999999999,"degrees":[26,6627,799,895,37]},"num_concepts_raised":13060},{"base_id":117,"kind":"top_words","i1":2,"i2":9,"sol":{"path":["/c/en/seasonably","/c/en/season","/c/en/dry","/c/en/drier"],"weight":0.20507999999999985,"degrees":[26,1145,1434,43]},"num_concepts_raised":13446},{"base_id":117,"kind":"top_words","i1":3,"i2":4,"sol":{"path":["/c/en/plains","/c/en/great_plains","/c/en/united_states","/c/en/dakota"],"weight":0.21168999999999977,"degrees":[37,93,1636,71]},"num_concepts_raised":135585},{"base_id":117,"kind":"top_words","i1":3,"i2":5,"sol":{"path":["/c/en/plains","/c/en/north_america","/c/en/season","/c/en/seasonable"],"weight":0.20406999999999986,"degrees":[37,1079,1145,39]},"num_concepts_raised":132074},{"base_id":117,"kind":"top_words","i1":3,"i2":6,"sol":{"path":["/c/en/plains","/c/en/plain","/c/en/midwest"],"weight":0.203,"degrees":[37,1132,49]},"num_concepts_raised":74},{"base_id":117,"kind":"top_words","i1":3,"i2":7,"sol":{"path":["/c/en/plains","/c/en/north_america","/c/en/rockies"],"weight":0.202,"degrees":[37,1079,36]},"num_concepts_raised":63},{"base_id":117,"kind":"top_words","i1":3,"i2":8,"sol":{"path":["/c/en/plains","/c/en/country","/c/en/coast","/c/en/seaboard"],"weight":0.20425999999999989,"degrees":[37,2796,895,37]},"num_concepts_raised":132976},{"base_id":117,"kind":"top_words","i1":3,"i2":9,"sol":{"path":["/c/en/plains","/c/en/us","/c/en/dryer","/c/en/drier"],"weight":0.2072699999999998,"degrees":[37,8154,170,43]},"num_concepts_raised":133255},{"base_id":117,"kind":"top_words","i1":4,"i2":5,"sol":{"path":["/c/en/dakota","/c/en/building","/c/en/timber","/c/en/seasonable"],"weight":0.20835999999999982,"degrees":[71,2061,484,39]},"num_concepts_raised":12387},{"base_id":117,"kind":"top_words","i1":4,"i2":6,"sol":{"path":["/c/en/dakota","/c/en/united_states","/c/en/midwest"],"weight":0.20500000000000002,"degrees":[71,1636,49]},"num_concepts_raised":99},{"base_id":117,"kind":"top_words","i1":4,"i2":7,"sol":{"path":["/c/en/dakota","/c/en/united_states","/c/en/north_america","/c/en/rockies"],"weight":0.2105599999999998,"degrees":[71,1636,1079,36]},"num_concepts_raised":11798},{"base_id":117,"kind":"top_words","i1":4,"i2":8,"sol":{"path":["/c/en/dakota","/c/en/united_states","/c/en/coast","/c/en/seaboard"],"weight":0.2117899999999998,"degrees":[71,1636,895,37]},"num_concepts_raised":13416},{"base_id":117,"kind":"top_words","i1":4,"i2":9,"sol":{"path":["/c/en/dakota","/c/en/united_states","/c/en/us","/c/en/dryer","/c/en/drier"],"weight":0.21485999999999975,"degrees":[71,1636,8154,170,43]},"num_concepts_raised":13905},{"base_id":117,"kind":"top_words","i1":5,"i2":6,"sol":{"path":["/c/en/seasonable","/c/en/season","/c/en/winter","/c/en/wisconsin","/c/en/midwest"],"weight":0.2054399999999999,"degrees":[39,1145,1060,629,49]},"num_concepts_raised":15297},{"base_id":117,"kind":"top_words","i1":5,"i2":7,"sol":{"path":["/c/en/seasonable","/c/en/season","/c/en/north_america","/c/en/rockies"],"weight":0.20408999999999988,"degrees":[39,1145,1079,36]},"num_concepts_raised":7316},{"base_id":117,"kind":"top_words","i1":5,"i2":8,"sol":{"path":["/c/en/seasonable","/c/en/game","/c/en/side","/c/en/coast","/c/en/seaboard"],"weight":0.20434999999999992,"degrees":[39,2308,1912,895,37]},"num_concepts_raised":8969},{"base_id":117,"kind":"top_words","i1":5,"i2":9,"sol":{"path":["/c/en/seasonable","/c/en/season","/c/en/dry","/c/en/drier"],"weight":0.20531999999999984,"degrees":[39,1145,1434,43]},"num_concepts_raised":9403},{"base_id":117,"kind":"top_words","i1":6,"i2":7,"sol":{"path":["/c/en/midwest","/c/en/wisconsin","/c/en/mountain","/c/en/rockies"],"weight":0.20430999999999988,"degrees":[49,629,1965,36]},"num_concepts_raised":14650},{"base_id":117,"kind":"top_words","i1":6,"i2":8,"sol":{"path":["/c/en/midwest","/c/en/coast","/c/en/seaboard"],"weight":0.203,"degrees":[49,895,37]},"num_concepts_raised":72},{"base_id":117,"kind":"top_words","i1":6,"i2":9,"sol":{"path":["/c/en/midwest","/c/en/plain","/c/en/dry","/c/en/drier"],"weight":0.20442999999999983,"degrees":[49,1132,1434,43]},"num_concepts_raised":16793},{"base_id":117,"kind":"top_words","i1":7,"i2":8,"sol":{"path":["/c/en/rockies","/c/en/rocky","/c/en/coast","/c/en/seaboard"],"weight":0.20530999999999988,"degrees":[36,290,895,37]},"num_concepts_raised":8358},{"base_id":117,"kind":"top_words","i1":7,"i2":9,"sol":{"path":["/c/en/rockies","/c/en/alberta_clipper","/c/en/canadian","/c/en/drier"],"weight":0.2031099999999998,"degrees":[36,10,367,43]},"num_concepts_raised":8853},{"base_id":117,"kind":"top_words","i1":8,"i2":9,"sol":{"path":["/c/en/seaboard","/c/en/area","/c/en/dry","/c/en/drier"],"weight":0.20421999999999985,"degrees":[37,1840,1434,43]},"num_concepts_raised":10494}]]