[[{"base_id":403,"kind":"bot_words","i1":0,"i2":1,"sol":{"path":["/c/en/sow","/c/en/plant","/c/en/person","/c/en/forgiven"],"weight":0.21470999999999962,"degrees":[699,7959,12935,24]},"num_concepts_raised":70954},{"base_id":403,"kind":"bot_words","i1":0,"i2":2,"sol":{"path":["/c/en/sow","/c/en/slang","/c/en/turkey","/c/en/gaziantep"],"weight":0.2196199999999995,"degrees":[699,16318,1157,68]},"num_concepts_raised":61930},{"base_id":403,"kind":"bot_words","i1":0,"i2":3,"sol":{"path":["/c/en/sow","/c/en/plant","/c/en/henbane","/c/en/restlessness"],"weight":0.21705999999999964,"degrees":[699,7959,101,195]},"num_concepts_raised":65227},{"base_id":403,"kind":"bot_words","i1":0,"i2":4,"sol":{"path":["/c/en/sow","/c/en/plant","/c/en/free","/c/en/unfettered"],"weight":0.2152199999999996,"degrees":[699,7959,1709,50]},"num_concepts_raised":61792},{"base_id":403,"kind":"bot_words","i1":0,"i2":5,"sol":{"path":["/c/en/sow","/c/en/derogatory","/c/en/slit"],"weight":0.202,"degrees":[699,3326,380]},"num_concepts_raised":819},{"base_id":403,"kind":"bot_words","i1":0,"i2":6,"sol":{"path":["/c/en/sow","/c/en/seed","/c/en/pit","/c/en/kickback"],"weight":0.21585999999999958,"degrees":[699,1813,875,98]},"num_concepts_raised":69651},{"base_id":403,"kind":"bot_words","i1":0,"i2":7,"sol":{"path":["/c/en/sow","/c/en/military","/c/en/soldier","/c/en/uriah"],"weight":0.21198999999999968,"degrees":[699,5690,1446,37]},"num_concepts_raised":60477},{"base_id":403,"kind":"bot_words","i1":0,"i2":8,"sol":{"path":["/c/en/sow","/c/en/seed","/c/en/stone","/c/en/firestone"],"weight":0.21497999999999962,"degrees":[699,1813,1934,26]},"num_concepts_raised":66562},{"base_id":403,"kind":"bot_words","i1":0,"i2":9,"sol":{"path":["/c/en/sow","/c/en/sowgelder","/c/en/historical","/c/en/chetnik","/c/en/chetniks"],"weight":0.2178999999999996,"degrees":[699,7,8415,12,35]},"num_concepts_raised":58444},{"base_id":403,"kind":"bot_words","i1":1,"i2":2,"sol":{"path":["/c/en/forgiven","/c/en/person","/c/fr/personne","/c/en/turkey","/c/en/gaziantep"],"weight":0.2101799999999997,"degrees":[24,12935,3714,1157,68]},"num_concepts_raised":17511},{"base_id":403,"kind":"bot_words","i1":1,"i2":3,"sol":{"path":["/c/en/forgiven","/c/en/person","/c/en/quiet","/c/en/restlessness"],"weight":0.20511999999999986,"degrees":[24,12935,1147,195]},"num_concepts_raised":20860},{"base_id":403,"kind":"bot_words","i1":1,"i2":4,"sol":{"path":["/c/en/forgiven","/c/en/person","/c/en/free","/c/en/unfettered"],"weight":0.2031299999999998,"degrees":[24,12935,1709,50]},"num_concepts_raised":17394},{"base_id":403,"kind":"bot_words","i1":1,"i2":5,"sol":{"path":["/c/en/forgiven","/c/en/person","/c/en/chick","/c/en/slit"],"weight":0.20643999999999907,"degrees":[24,12935,671,380]},"num_concepts_raised":51598},{"base_id":403,"kind":"bot_words","i1":1,"i2":6,"sol":{"path":["/c/en/forgiven","/c/en/forgive","/c/en/give","/c/en/bribe","/c/en/kickback"],"weight":0.2048399999999998,"degrees":[24,532,2421,562,98]},"num_concepts_raised":26116},{"base_id":403,"kind":"bot_words","i1":1,"i2":7,"sol":{"path":["/c/en/forgiven","/c/en/christian","/c/en/old_testament","/c/en/uriah"],"weight":0.20280999999999988,"degrees":[24,813,407,37]},"num_concepts_raised":16143},{"base_id":403,"kind":"bot_words","i1":1,"i2":8,"sol":{"path":["/c/en/forgiven","/c/en/person","/c/en/rock","/c/en/stone","/c/en/firestone"],"weight":0.20265999999999984,"degrees":[24,12935,2349,1934,26]},"num_concepts_raised":22654},{"base_id":403,"kind":"bot_words","i1":1,"i2":9,"sol":{"path":["/c/en/forgiven","/c/en/person","/c/en/yugoslav","/c/en/yugoslavia","/c/en/chetniks"],"weight":0.20769999999999977,"degrees":[24,12935,28,229,35]},"num_concepts_raised":13880},{"base_id":403,"kind":"bot_words","i1":2,"i2":3,"sol":{"path":["/c/en/gaziantep","/c/en/turkey","/c/en/slang","/c/en/rest","/c/en/restlessness"],"weight":0.21272999999999972,"degrees":[68,1157,16318,2053,195]},"num_concepts_raised":11315},{"base_id":403,"kind":"bot_words","i1":2,"i2":4,"sol":{"path":["/c/en/gaziantep","/c/en/turkey","/c/en/slang","/c/en/fetter","/c/en/unfettered"],"weight":0.21057999999999968,"degrees":[68,1157,16318,305,50]},"num_concepts_raised":7745},{"base_id":403,"kind":"bot_words","i1":2,"i2":5,"sol":{"path":["/c/en/gaziantep","/c/en/turkey","/c/en/slang","/c/en/slit"],"weight":0.21443999999999896,"degrees":[68,1157,16318,380]},"num_concepts_raised":42458},{"base_id":403,"kind":"bot_words","i1":2,"i2":6,"sol":{"path":["/c/en/gaziantep","/c/en/turkey","/c/en/bowling","/c/en/kickback"],"weight":0.21113999999999966,"degrees":[68,1157,292,98]},"num_concepts_raised":16581},{"base_id":403,"kind":"bot_words","i1":2,"i2":7,"sol":{"path":["/c/en/gaziantep","/c/en/city","/c/en/davis","/c/en/david","/c/en/uriah"],"weight":0.20835999999999977,"degrees":[68,3758,23,381,37]},"num_concepts_raised":6508},{"base_id":403,"kind":"bot_words","i1":2,"i2":8,"sol":{"path":["/c/en/gaziantep","/c/en/turkey","/c/en/slang","/c/en/fire","/c/en/firestone"],"weight":0.21026999999999968,"degrees":[68,1157,16318,2829,26]},"num_concepts_raised":12935},{"base_id":403,"kind":"bot_words","i1":2,"i2":9,"sol":{"path":["/c/en/gaziantep","/c/en/turkey","/c/en/balkan_peninsula","/c/en/yugoslavia","/c/en/chetniks"],"weight":0.21529999999999966,"degrees":[68,1157,41,229,35]},"num_concepts_raised":4166},{"base_id":403,"kind":"bot_words","i1":3,"i2":4,"sol":{"path":["/c/en/restlessness","/c/en/rest","/c/en/free","/c/en/unfettered"],"weight":0.2056799999999998,"degrees":[195,2053,1709,50]},"num_concepts_raised":11177},{"base_id":403,"kind":"bot_words","i1":3,"i2":5,"sol":{"path":["/c/en/restlessness","/c/en/rest","/c/en/slang","/c/en/slit"],"weight":0.2093999999999991,"degrees":[195,2053,16318,380]},"num_concepts_raised":45779},{"base_id":403,"kind":"bot_words","i1":3,"i2":6,"sol":{"path":["/c/en/restlessness","/c/en/rest","/c/en/kick","/c/en/kickback"],"weight":0.2061399999999998,"degrees":[195,2053,802,98]},"num_concepts_raised":19979},{"base_id":403,"kind":"bot_words","i1":3,"i2":7,"sol":{"path":["/c/en/restlessness","/c/en/jactitation","/c/en/law","/c/en/old_testament","/c/en/uriah"],"weight":0.20622999999999989,"degrees":[195,29,3727,407,37]},"num_concepts_raised":9993},{"base_id":403,"kind":"bot_words","i1":3,"i2":8,"sol":{"path":["/c/en/restlessness","/c/fi/levottomuus","/c/en/alarm","/c/en/fire","/c/en/firestone"],"weight":0.20714999999999983,"degrees":[195,29,608,2829,26]},"num_concepts_raised":16484},{"base_id":403,"kind":"bot_words","i1":3,"i2":9,"sol":{"path":["/c/en/restlessness","/c/es/agitación","/c/en/bustle","/c/en/historical","/c/en/chetnik","/c/en/chetniks"],"weight":0.21798969999999965,"degrees":[195,22,286,8415,12,35]},"num_concepts_raised":548227},{"base_id":403,"kind":"bot_words","i1":4,"i2":5,"sol":{"path":["/c/en/unfettered","/c/en/free","/c/en/cut","/c/en/slit"],"weight":0.21073999999999904,"degrees":[50,1709,2951,380]},"num_concepts_raised":42301},{"base_id":403,"kind":"bot_words","i1":4,"i2":6,"sol":{"path":["/c/en/unfettered","/c/en/free","/c/en/payment","/c/en/kickback"],"weight":0.20413999999999977,"degrees":[50,1709,1024,98]},"num_concepts_raised":16433},{"base_id":403,"kind":"bot_words","i1":4,"i2":7,"sol":{"path":["/c/en/unfettered","/c/en/free","/c/en/person","/c/en/soldier","/c/en/uriah"],"weight":0.20331999999999983,"degrees":[50,1709,12935,1446,37]},"num_concepts_raised":6421},{"base_id":403,"kind":"bot_words","i1":4,"i2":8,"sol":{"path":["/c/en/unfettered","/c/en/fetter","/c/en/iron","/c/en/firestone"],"weight":0.2030199999999998,"degrees":[50,305,2867,26]},"num_concepts_raised":12874},{"base_id":403,"kind":"bot_words","i1":4,"i2":9,"sol":{"path":["/c/en/unfettered","/c/en/free","/c/en/person","/c/en/yugoslav","/c/en/yugoslavia","/c/en/chetniks"],"weight":0.2110190999999995,"degrees":[50,1709,12935,28,229,35]},"num_concepts_raised":345705},{"base_id":403,"kind":"bot_words","i1":5,"i2":6,"sol":{"path":["/c/en/slit","/c/en/blade","/c/en/kickback"],"weight":0.202,"degrees":[380,974,98]},"num_concepts_raised":394},{"base_id":403,"kind":"bot_words","i1":5,"i2":7,"sol":{"path":["/c/en/slit","/c/en/cut","/c/en/section","/c/en/soldier","/c/en/uriah"],"weight":0.2104899999999991,"degrees":[380,2951,918,1446,37]},"num_concepts_raised":41140},{"base_id":403,"kind":"bot_words","i1":5,"i2":8,"sol":{"path":["/c/en/slit","/c/en/vent","/c/en/fire","/c/en/firestone"],"weight":0.20763999999999908,"degrees":[380,342,2829,26]},"num_concepts_raised":47323},{"base_id":403,"kind":"bot_words","i1":5,"i2":9,"sol":{"path":["/c/en/slit","/c/en/split","/c/en/historical","/c/en/chetnik","/c/en/chetniks"],"weight":0.21216999999999903,"degrees":[380,892,8415,12,35]},"num_concepts_raised":38905},{"base_id":403,"kind":"bot_words","i1":6,"i2":7,"sol":{"path":["/c/en/kickback","/c/en/payment","/c/en/royalty","/c/en/bathsheba","/c/en/uriah"],"weight":0.2048399999999998,"degrees":[98,1024,340,74,37]},"num_concepts_raised":15293},{"base_id":403,"kind":"bot_words","i1":6,"i2":8,"sol":{"path":["/c/en/kickback","/c/en/pit","/c/en/stone","/c/en/firestone"],"weight":0.20360999999999976,"degrees":[98,875,1934,26]},"num_concepts_raised":21520},{"base_id":403,"kind":"bot_words","i1":6,"i2":9,"sol":{"path":["/c/en/kickback","/c/en/ball","/c/en/historical","/c/en/chetnik","/c/en/chetniks"],"weight":0.20869999999999972,"degrees":[98,2118,8415,12,35]},"num_concepts_raised":12982},{"base_id":403,"kind":"bot_words","i1":7,"i2":8,"sol":{"path":["/c/en/uriah","/c/en/david","/c/en/camp","/c/en/fire","/c/en/firestone"],"weight":0.20289999999999986,"degrees":[37,381,1077,2829,26]},"num_concepts_raised":11696},{"base_id":403,"kind":"bot_words","i1":7,"i2":9,"sol":{"path":["/c/en/uriah","/c/en/soldier","/c/en/guerrilla","/c/en/chetnik","/c/en/chetniks"],"weight":0.20786999999999983,"degrees":[37,1446,165,12,35]},"num_concepts_raised":2829},{"base_id":403,"kind":"bot_words","i1":8,"i2":9,"sol":{"path":["/c/en/firestone","/c/en/fire","/c/en/force","/c/en/unprofor","/c/en/yugoslavia","/c/en/chetniks"],"weight":0.21016089999999943,"degrees":[26,2829,1979,8,229,35]},"num_concepts_raised":608979}],[{"base_id":403,"kind":"top_words","i1":0,"i2":1,"sol":{"path":["/c/en/undying","/c/en/infinite","/c/en/person","/c/en/unrequited_love","/c/en/unrequited"],"weight":0.2031299999999998,"degrees":[39,364,12935,58,48]},"num_concepts_raised":1671},{"base_id":403,"kind":"top_words","i1":0,"i2":2,"sol":{"path":["/c/en/undying","/c/en/infinite","/c/en/person","/c/en/goal","/c/en/striker"],"weight":0.20438999999999952,"degrees":[39,364,12935,977,156]},"num_concepts_raised":43519},{"base_id":403,"kind":"top_words","i1":0,"i2":3,"sol":{"path":["/c/en/undying","/c/hy/անմեռ","/c/en/eternal","/c/en/marry","/c/en/conjugal"],"weight":0.2046899999999998,"degrees":[39,13,359,803,69]},"num_concepts_raised":4045},{"base_id":403,"kind":"top_words","i1":0,"i2":4,"sol":{"path":["/c/en/undying","/c/en/immortality","/c/en/human","/c/en/love"],"weight":0.2488000000000126,"degrees":[39,270,2645,2442]},"num_concepts_raised":152241},{"base_id":403,"kind":"top_words","i1":0,"i2":5,"sol":{"path":["/c/en/undying","/c/en/infinite","/c/en/person","/c/en/brazilian"],"weight":0.20518999999999946,"degrees":[39,364,12935,200]},"num_concepts_raised":19124},{"base_id":403,"kind":"top_words","i1":0,"i2":6,"sol":{"path":["/c/en/undying","/c/en/nonmortal","/c/en/deadly","/c/en/deadliness"],"weight":0.20378999999999983,"degrees":[39,7,272,27]},"num_concepts_raised":6697},{"base_id":403,"kind":"top_words","i1":0,"i2":7,"sol":{"path":["/c/en/undying","/c/en/infinite","/c/en/person","/c/en/devotion"],"weight":0.2059899999999994,"degrees":[39,364,12935,298]},"num_concepts_raised":29193},{"base_id":403,"kind":"top_words","i1":0,"i2":8,"sol":{"path":["/c/en/undying","/c/en/immortality","/c/en/human","/c/en/brother","/c/en/brotherly"],"weight":0.20644999999999994,"degrees":[39,270,2645,1278,111]},"num_concepts_raised":2931},{"base_id":403,"kind":"top_words","i1":0,"i2":9,"sol":{"path":["/c/en/undying","/c/en/immortality","/c/en/power","/c/en/physics","/c/en/imponderable"],"weight":0.20324999999999976,"degrees":[39,270,2205,9094,52]},"num_concepts_raised":22885},{"base_id":403,"kind":"top_words","i1":1,"i2":2,"sol":{"path":["/c/en/unrequited","/c/zh/單戀","/c/zh/鬱悶","/c/en/slang","/c/en/striker"],"weight":0.20534999999999948,"degrees":[48,40,78,16318,156]},"num_concepts_raised":42958},{"base_id":403,"kind":"top_words","i1":1,"i2":3,"sol":{"path":["/c/en/unrequited","/c/zh/單戀","/c/en/love","/c/en/marriage","/c/en/conjugal"],"weight":0.20468999999999976,"degrees":[48,40,2442,1333,69]},"num_concepts_raised":3439},{"base_id":403,"kind":"top_words","i1":1,"i2":4,"sol":{"path":["/c/en/unrequited","/c/zh/單戀","/c/en/love"],"weight":0.20900000000000002,"degrees":[48,40,2442]},"num_concepts_raised":1936},{"base_id":403,"kind":"top_words","i1":1,"i2":5,"sol":{"path":["/c/en/unrequited","/c/en/unrequited_love","/c/en/person","/c/en/brazilian"],"weight":0.20535999999999943,"degrees":[48,58,12935,200]},"num_concepts_raised":18548},{"base_id":403,"kind":"top_words","i1":1,"i2":6,"sol":{"path":["/c/en/unrequited","/c/en/unrequited_love","/c/en/person","/c/en/quality","/c/en/deadliness"],"weight":0.2029599999999998,"degrees":[48,58,12935,1710,27]},"num_concepts_raised":6123},{"base_id":403,"kind":"top_words","i1":1,"i2":7,"sol":{"path":["/c/en/unrequited","/c/zh/單戀","/c/en/love","/c/en/devotion"],"weight":0.20843999999999935,"degrees":[48,40,2442,298]},"num_concepts_raised":28624},{"base_id":403,"kind":"top_words","i1":1,"i2":8,"sol":{"path":["/c/en/unrequited","/c/en/unrequited_love","/c/en/person","/c/en/brother","/c/en/brotherly"],"weight":0.2065499999999999,"degrees":[48,58,12935,1278,111]},"num_concepts_raised":2321},{"base_id":403,"kind":"top_words","i1":1,"i2":9,"sol":{"path":["/c/en/unrequited","/c/en/unrequited_love","/c/en/person","/c/en/light","/c/en/imponderable"],"weight":0.20332999999999973,"degrees":[48,58,12935,4288,52]},"num_concepts_raised":22329},{"base_id":403,"kind":"top_words","i1":2,"i2":3,"sol":{"path":["/c/en/striker","/c/en/man","/c/en/marry","/c/en/conjugal"],"weight":0.20461999999999947,"degrees":[156,3068,803,69]},"num_concepts_raised":45188},{"base_id":403,"kind":"top_words","i1":2,"i2":4,"sol":{"path":["/c/en/striker","/c/en/slang","/c/en/like","/c/en/love"],"weight":0.25467000000001216,"degrees":[156,16318,2357,2442]},"num_concepts_raised":186568},{"base_id":403,"kind":"top_words","i1":2,"i2":5,"sol":{"path":["/c/en/striker","/c/en/slang","/c/en/wax","/c/en/brazilian"],"weight":0.20756999999999914,"degrees":[156,16318,1206,200]},"num_concepts_raised":58909},{"base_id":403,"kind":"top_words","i1":2,"i2":6,"sol":{"path":["/c/en/striker","/c/en/slang","/c/en/dead","/c/en/deadliness"],"weight":0.2041599999999995,"degrees":[156,16318,1376,27]},"num_concepts_raised":47597},{"base_id":403,"kind":"top_words","i1":2,"i2":7,"sol":{"path":["/c/en/striker","/c/en/goal","/c/en/person","/c/en/devotion"],"weight":0.20741999999999905,"degrees":[156,977,12935,298]},"num_concepts_raised":68673},{"base_id":403,"kind":"top_words","i1":2,"i2":8,"sol":{"path":["/c/en/striker","/c/en/man","/c/en/brother","/c/en/brotherly"],"weight":0.20756999999999962,"degrees":[156,3068,1278,111]},"num_concepts_raised":44120},{"base_id":403,"kind":"top_words","i1":2,"i2":9,"sol":{"path":["/c/en/striker","/c/en/influence","/c/en/imponderable"],"weight":0.202,"degrees":[156,1115,52]},"num_concepts_raised":182},{"base_id":403,"kind":"top_words","i1":3,"i2":4,"sol":{"path":["/c/en/conjugal","/c/en/marriage","/c/en/love"],"weight":0.20900000000000002,"degrees":[69,1333,2442]},"num_concepts_raised":1948},{"base_id":403,"kind":"top_words","i1":3,"i2":5,"sol":{"path":["/c/en/conjugal","/c/fr/conjugal","/c/en/married","/c/en/person","/c/en/brazilian"],"weight":0.20783999999999941,"degrees":[69,67,500,12935,200]},"num_concepts_raised":20848},{"base_id":403,"kind":"top_words","i1":3,"i2":6,"sol":{"path":["/c/en/conjugal","/c/en/relationship","/c/en/degree","/c/en/deadliness"],"weight":0.2032299999999998,"degrees":[69,991,1513,27]},"num_concepts_raised":8469},{"base_id":403,"kind":"top_words","i1":3,"i2":7,"sol":{"path":["/c/en/conjugal","/c/en/marriage","/c/en/love","/c/en/devotion"],"weight":0.20789999999999936,"degrees":[69,1333,2442,298]},"num_concepts_raised":30829},{"base_id":403,"kind":"top_words","i1":3,"i2":8,"sol":{"path":["/c/en/conjugal","/c/en/relationship","/c/en/brother","/c/en/brotherly"],"weight":0.20679999999999993,"degrees":[69,991,1278,111]},"num_concepts_raised":4661},{"base_id":403,"kind":"top_words","i1":3,"i2":9,"sol":{"path":["/c/en/conjugal","/c/en/connubial","/c/la/com","/c/en/comprehend","/c/en/imponderable"],"weight":0.20547999999999972,"degrees":[69,26,178,281,52]},"num_concepts_raised":24657},{"base_id":403,"kind":"top_words","i1":4,"i2":5,"sol":{"path":["/c/en/love","/c/en/care","/c/en/person","/c/en/brazilian"],"weight":0.2563900000000122,"degrees":[2442,1526,12935,200]},"num_concepts_raised":166030},{"base_id":403,"kind":"top_words","i1":4,"i2":6,"sol":{"path":["/c/en/love","/c/en/affection","/c/en/quality","/c/en/deadliness"],"weight":0.2550900000000125,"degrees":[2442,567,1710,27]},"num_concepts_raised":155713},{"base_id":403,"kind":"top_words","i1":4,"i2":7,"sol":{"path":["/c/en/love","/c/en/devotion"],"weight":0.21000000000000002,"degrees":[2442,298]},"num_concepts_raised":2126},{"base_id":403,"kind":"top_words","i1":4,"i2":8,"sol":{"path":["/c/en/love","/c/cu/братолюбьствиѥ","/c/en/brotherly"],"weight":0.20800000000000002,"degrees":[2442,5,111]},"num_concepts_raised":1975},{"base_id":403,"kind":"top_words","i1":4,"i2":9,"sol":{"path":["/c/en/love","/c/en/affection","/c/en/magnetism","/c/en/imponderable"],"weight":0.25519000000001246,"degrees":[2442,567,212,52]},"num_concepts_raised":170269},{"base_id":403,"kind":"top_words","i1":5,"i2":6,"sol":{"path":["/c/en/brazilian","/c/en/person","/c/en/quality","/c/en/deadliness"],"weight":0.20501999999999945,"degrees":[200,12935,1710,27]},"num_concepts_raised":23338},{"base_id":403,"kind":"top_words","i1":5,"i2":7,"sol":{"path":["/c/en/brazilian","/c/en/person","/c/en/devotion"],"weight":0.202,"degrees":[200,12935,298]},"num_concepts_raised":413},{"base_id":403,"kind":"top_words","i1":5,"i2":8,"sol":{"path":["/c/en/brazilian","/c/en/person","/c/en/brother","/c/en/brotherly"],"weight":0.20860999999999957,"degrees":[200,12935,1278,111]},"num_concepts_raised":19747},{"base_id":403,"kind":"top_words","i1":5,"i2":9,"sol":{"path":["/c/en/brazilian","/c/en/wax","/c/en/light","/c/en/imponderable"],"weight":0.2064299999999994,"degrees":[200,1206,4288,52]},"num_concepts_raised":39301},{"base_id":403,"kind":"top_words","i1":6,"i2":7,"sol":{"path":["/c/en/deadliness","/c/en/quality","/c/en/affection","/c/en/devotion"],"weight":0.20591999999999938,"degrees":[27,1710,567,298]},"num_concepts_raised":33246},{"base_id":403,"kind":"top_words","i1":6,"i2":8,"sol":{"path":["/c/en/deadliness","/c/en/degree","/c/en/roast","/c/en/fraternal","/c/en/brotherly"],"weight":0.20695999999999992,"degrees":[27,1513,812,134,111]},"num_concepts_raised":7367},{"base_id":403,"kind":"top_words","i1":6,"i2":9,"sol":{"path":["/c/en/deadliness","/c/en/dead","/c/en/heat","/c/en/imponderable"],"weight":0.20298999999999978,"degrees":[27,1376,2046,52]},"num_concepts_raised":27007},{"base_id":403,"kind":"top_words","i1":7,"i2":8,"sol":{"path":["/c/en/devotion","/c/en/religious","/c/en/brother","/c/en/brotherly"],"weight":0.20951999999999948,"degrees":[298,1068,1278,111]},"num_concepts_raised":29804},{"base_id":403,"kind":"top_words","i1":7,"i2":9,"sol":{"path":["/c/en/devotion","/c/en/zeal","/c/en/heat","/c/en/imponderable"],"weight":0.20713999999999932,"degrees":[298,320,2046,52]},"num_concepts_raised":49013},{"base_id":403,"kind":"top_words","i1":8,"i2":9,"sol":{"path":["/c/en/brotherly","/c/en/brother","/c/en/person","/c/en/light","/c/en/imponderable"],"weight":0.20657999999999987,"degrees":[111,1278,12935,4288,52]},"num_concepts_raised":23569}]]