[[{"base_id":444,"kind":"bot_words","i1":0,"i2":1,"sol":{"path":["/c/en/constriction","/c/en/ergotamine","/c/en/biochemistry","/c/en/conformer"],"weight":0.20366999999999968,"degrees":[122,57,3629,24]},"num_concepts_raised":25725},{"base_id":444,"kind":"bot_words","i1":0,"i2":2,"sol":{"path":["/c/en/constriction","/c/fr/étranglement","/c/fr/action","/c/fr/cession","/c/en/cession"],"weight":0.20602999999999966,"degrees":[122,40,4713,55,45]},"num_concepts_raised":9239},{"base_id":444,"kind":"bot_words","i1":0,"i2":3,"sol":{"path":["/c/en/constriction","/c/en/stricture","/c/en/medicine","/c/en/topology","/c/en/homotopic"],"weight":0.20485999999999976,"degrees":[122,45,11938,525,23]},"num_concepts_raised":8752},{"base_id":444,"kind":"bot_words","i1":0,"i2":4,"sol":{"path":["/c/en/constriction","/c/en/feeling","/c/en/rush","/c/en/spate"],"weight":0.2036499999999996,"degrees":[122,962,1156,33]},"num_concepts_raised":10621},{"base_id":444,"kind":"bot_words","i1":0,"i2":5,"sol":{"path":["/c/en/constriction","/c/en/narrow","/c/en/stream","/c/en/wellspring"],"weight":0.20386999999999966,"degrees":[122,951,1118,38]},"num_concepts_raised":18296},{"base_id":444,"kind":"bot_words","i1":0,"i2":6,"sol":{"path":["/c/en/constriction","/c/en/hold","/c/en/old","/c/en/mature"],"weight":0.21168999999999877,"degrees":[122,2017,2028,585]},"num_concepts_raised":39010},{"base_id":444,"kind":"bot_words","i1":0,"i2":7,"sol":{"path":["/c/en/constriction","/c/ga/ainleog","/c/en/force","/c/en/catenary"],"weight":0.2053099999999996,"degrees":[122,9,1979,78]},"num_concepts_raised":23957},{"base_id":444,"kind":"bot_words","i1":0,"i2":8,"sol":{"path":["/c/en/constriction","/c/en/feeling","/c/fr/sensible","/c/fr/sensiblement","/c/en/appreciably"],"weight":0.20592999999999972,"degrees":[122,962,218,68,34]},"num_concepts_raised":8038},{"base_id":444,"kind":"bot_words","i1":0,"i2":9,"sol":{"path":["/c/en/constriction","/c/en/neck","/c/en/mammal","/c/en/squirrel"],"weight":0.22310999999999814,"degrees":[122,1476,2187,1113]},"num_concepts_raised":121175},{"base_id":444,"kind":"bot_words","i1":1,"i2":2,"sol":{"path":["/c/en/conformer","/c/en/conform","/c/en/specification","/c/en/assignment","/c/en/cession"],"weight":0.20397999999999988,"degrees":[24,229,205,351,45]},"num_concepts_raised":19519},{"base_id":444,"kind":"bot_words","i1":1,"i2":3,"sol":{"path":["/c/en/conformer","/c/en/chemistry","/c/en/configuration","/c/en/topology","/c/en/homotopic"],"weight":0.20279999999999995,"degrees":[24,11754,253,525,23]},"num_concepts_raised":19010},{"base_id":444,"kind":"bot_words","i1":1,"i2":4,"sol":{"path":["/c/en/conformer","/c/en/chair","/c/en/rush","/c/en/spate"],"weight":0.20265999999999984,"degrees":[24,1138,1156,33]},"num_concepts_raised":20922},{"base_id":444,"kind":"bot_words","i1":1,"i2":5,"sol":{"path":["/c/en/conformer","/c/en/potential_energy","/c/en/spring","/c/en/wellspring"],"weight":0.2039899999999999,"degrees":[24,89,1751,38]},"num_concepts_raised":28513},{"base_id":444,"kind":"bot_words","i1":1,"i2":6,"sol":{"path":["/c/en/conformer","/c/en/protein","/c/en/maturase","/c/en/mature"],"weight":0.209429999999999,"degrees":[24,3124,10,585]},"num_concepts_raised":49441},{"base_id":444,"kind":"bot_words","i1":1,"i2":7,"sol":{"path":["/c/en/conformer","/c/en/conform","/c/en/uniform","/c/en/catenary"],"weight":0.20430999999999983,"degrees":[24,229,572,78]},"num_concepts_raised":34349},{"base_id":444,"kind":"bot_words","i1":1,"i2":8,"sol":{"path":["/c/en/conformer","/c/en/chemistry","/c/en/reduce","/c/en/vapor_retarder","/c/en/appreciably"],"weight":0.20285999999999996,"degrees":[24,11754,1258,10,34]},"num_concepts_raised":18295},{"base_id":444,"kind":"bot_words","i1":1,"i2":9,"sol":{"path":["/c/en/conformer","/c/en/chemistry","/c/en/tree","/c/en/squirrel"],"weight":0.22388999999999837,"degrees":[24,11754,3598,1113]},"num_concepts_raised":131886},{"base_id":444,"kind":"bot_words","i1":2,"i2":3,"sol":{"path":["/c/en/cession","/c/en/assignment","/c/en/computing","/c/en/topology","/c/en/homotopic"],"weight":0.20302999999999993,"degrees":[45,351,9084,525,23]},"num_concepts_raised":2479},{"base_id":444,"kind":"bot_words","i1":2,"i2":4,"sol":{"path":["/c/en/cession","/c/pl/przelew","/c/en/overflow","/c/en/spate"],"weight":0.20291999999999982,"degrees":[45,11,370,33]},"num_concepts_raised":4383},{"base_id":444,"kind":"bot_words","i1":2,"i2":5,"sol":{"path":["/c/en/cession","/c/en/relinquishment","/c/en/release","/c/en/spring","/c/en/wellspring"],"weight":0.20528999999999986,"degrees":[45,63,935,1751,38]},"num_concepts_raised":12153},{"base_id":444,"kind":"bot_words","i1":2,"i2":6,"sol":{"path":["/c/en/cession","/c/pt/cessão","/c/en/legal","/c/en/ripe","/c/en/mature"],"weight":0.21442999999999895,"degrees":[45,15,6627,314,585]},"num_concepts_raised":33097},{"base_id":444,"kind":"bot_words","i1":2,"i2":7,"sol":{"path":["/c/en/cession","/c/fr/cession","/c/fr/droit","/c/en/geometry","/c/en/catenary"],"weight":0.2057899999999998,"degrees":[45,55,4052,2822,78]},"num_concepts_raised":18029},{"base_id":444,"kind":"bot_words","i1":2,"i2":8,"sol":{"path":["/c/en/cession","/c/fr/cession","/c/fr/action","/c/fr/neutraliser","/c/fr/sensiblement","/c/en/appreciably"],"weight":0.21423009999999992,"degrees":[45,55,4713,146,68,34]},"num_concepts_raised":159447},{"base_id":444,"kind":"bot_words","i1":2,"i2":9,"sol":{"path":["/c/en/cession","/c/en/surrender","/c/en/up","/c/en/squirrel"],"weight":0.22152999999999834,"degrees":[45,596,1184,1113]},"num_concepts_raised":115992},{"base_id":444,"kind":"bot_words","i1":3,"i2":4,"sol":{"path":["/c/en/homotopic","/c/en/topology","/c/en/computing","/c/en/flood","/c/en/spate"],"weight":0.2030699999999999,"degrees":[23,525,9084,994,33]},"num_concepts_raised":3896},{"base_id":444,"kind":"bot_words","i1":3,"i2":5,"sol":{"path":["/c/en/homotopic","/c/en/topology","/c/en/computing","/c/en/source","/c/en/wellspring"],"weight":0.2041199999999999,"degrees":[23,525,9084,965,38]},"num_concepts_raised":11680},{"base_id":444,"kind":"bot_words","i1":3,"i2":6,"sol":{"path":["/c/en/homotopic","/c/en/interval","/c/en/perfect","/c/en/mature"],"weight":0.20945999999999904,"degrees":[23,631,750,585]},"num_concepts_raised":32626},{"base_id":444,"kind":"bot_words","i1":3,"i2":7,"sol":{"path":["/c/en/homotopic","/c/en/topology","/c/en/curve","/c/en/catenary"],"weight":0.20339999999999986,"degrees":[23,525,864,78]},"num_concepts_raised":17508},{"base_id":444,"kind":"bot_words","i1":3,"i2":8,"sol":{"path":["/c/en/homotopic","/c/en/interval","/c/en/way","/c/en/significantly","/c/fr/sensiblement","/c/en/appreciably"],"weight":0.2095421999999999,"degrees":[23,631,1993,101,68,34]},"num_concepts_raised":146584},{"base_id":444,"kind":"bot_words","i1":3,"i2":9,"sol":{"path":["/c/en/homotopic","/c/en/interval","/c/en/play","/c/en/animal","/c/en/squirrel"],"weight":0.22634999999999839,"degrees":[23,631,3092,3735,1113]},"num_concepts_raised":115497},{"base_id":444,"kind":"bot_words","i1":4,"i2":5,"sol":{"path":["/c/en/spate","/c/en/flood","/c/en/water","/c/en/wellspring"],"weight":0.20329999999999981,"degrees":[33,994,4606,38]},"num_concepts_raised":13438},{"base_id":444,"kind":"bot_words","i1":4,"i2":6,"sol":{"path":["/c/en/spate","/c/en/flood","/c/en/big","/c/en/mature"],"weight":0.2098299999999989,"degrees":[33,994,1222,585]},"num_concepts_raised":34453},{"base_id":444,"kind":"bot_words","i1":4,"i2":7,"sol":{"path":["/c/en/spate","/c/da/strøm","/c/en/electricity","/c/en/catenary"],"weight":0.20330999999999977,"degrees":[33,29,1283,78]},"num_concepts_raised":19378},{"base_id":444,"kind":"bot_words","i1":4,"i2":8,"sol":{"path":["/c/en/spate","/c/fr/recrudescence","/c/fr/sensible","/c/fr/sensiblement","/c/en/appreciably"],"weight":0.20494999999999988,"degrees":[33,19,218,68,34]},"num_concepts_raised":3162},{"base_id":444,"kind":"bot_words","i1":4,"i2":9,"sol":{"path":["/c/en/spate","/c/en/flood","/c/en/big","/c/en/squirrel"],"weight":0.22178999999999832,"degrees":[33,994,1222,1113]},"num_concepts_raised":117137},{"base_id":444,"kind":"bot_words","i1":5,"i2":6,"sol":{"path":["/c/en/wellspring","/c/en/spring","/c/en/grow","/c/en/mature"],"weight":0.21281999999999895,"degrees":[38,1751,1569,585]},"num_concepts_raised":41807},{"base_id":444,"kind":"bot_words","i1":5,"i2":7,"sol":{"path":["/c/en/wellspring","/c/en/spring","/c/en/cable","/c/en/catenary"],"weight":0.2047599999999998,"degrees":[38,1751,735,78]},"num_concepts_raised":26835},{"base_id":444,"kind":"bot_words","i1":5,"i2":8,"sol":{"path":["/c/en/wellspring","/c/en/spring","/c/fr/émaner","/c/fr/sensiblement","/c/en/appreciably"],"weight":0.20629999999999993,"degrees":[38,1751,152,68,34]},"num_concepts_raised":10951},{"base_id":444,"kind":"bot_words","i1":5,"i2":9,"sol":{"path":["/c/en/wellspring","/c/en/source","/c/en/tree","/c/en/squirrel"],"weight":0.22522999999999832,"degrees":[38,965,3598,1113]},"num_concepts_raised":123741},{"base_id":444,"kind":"bot_words","i1":6,"i2":7,"sol":{"path":["/c/en/mature","/c/de/reif","/c/en/rope","/c/en/catenary"],"weight":0.21029999999999893,"degrees":[585,143,1228,78]},"num_concepts_raised":47633},{"base_id":444,"kind":"bot_words","i1":6,"i2":8,"sol":{"path":["/c/en/mature","/c/fr/mûr","/c/fr/beaucoup","/c/fr/sensiblement","/c/en/appreciably"],"weight":0.21463999999999905,"degrees":[585,236,752,68,34]},"num_concepts_raised":31945},{"base_id":444,"kind":"bot_words","i1":6,"i2":9,"sol":{"path":["/c/en/mature","/c/en/big","/c/en/squirrel"],"weight":0.20400000000000001,"degrees":[585,1222,1113]},"num_concepts_raised":1381},{"base_id":444,"kind":"bot_words","i1":7,"i2":8,"sol":{"path":["/c/en/catenary","/c/en/geometry","/c/fr/cœur","/c/fr/sensiblement","/c/en/appreciably"],"weight":0.20572999999999986,"degrees":[78,2822,837,68,34]},"num_concepts_raised":16829},{"base_id":444,"kind":"bot_words","i1":7,"i2":9,"sol":{"path":["/c/en/catenary","/c/en/curve","/c/en/around","/c/en/squirrel"],"weight":0.2238699999999983,"degrees":[78,864,920,1113]},"num_concepts_raised":129382},{"base_id":444,"kind":"bot_words","i1":8,"i2":9,"sol":{"path":["/c/en/appreciably","/c/fr/sensiblement","/c/en/approximately","/c/en/around","/c/en/squirrel"],"weight":0.2254799999999984,"degrees":[34,68,503,920,1113]},"num_concepts_raised":114848}],[{"base_id":444,"kind":"top_words","i1":0,"i2":1,"sol":{"path":["/c/en/chess","/c/fi/suurmestari","/c/en/grandmaster"],"weight":0.20900000000000002,"degrees":[1641,9,100]},"num_concepts_raised":1382},{"base_id":444,"kind":"top_words","i1":0,"i2":2,"sol":{"path":["/c/en/chess","/c/ms/catur","/c/en/four","/c/en/olympiad"],"weight":0.23602000000000112,"degrees":[1641,21,1330,69]},"num_concepts_raised":98034},{"base_id":444,"kind":"top_words","i1":0,"i2":3,"sol":{"path":["/c/en/chess","/c/en/game","/c/en/bureaucracy","/c/en/organisation","/c/en/fide"],"weight":0.23931000000000086,"degrees":[1641,2308,252,281,61]},"num_concepts_raised":87456},{"base_id":444,"kind":"top_words","i1":0,"i2":4,"sol":{"path":["/c/en/chess","/c/en/board_game","/c/en/backgammon"],"weight":0.21200000000000002,"degrees":[1641,347,278]},"num_concepts_raised":1473},{"base_id":444,"kind":"top_words","i1":0,"i2":5,"sol":{"path":["/c/en/chess","/c/en/shogi"],"weight":0.20900000000000002,"degrees":[1641,190]},"num_concepts_raised":1444},{"base_id":444,"kind":"top_words","i1":0,"i2":6,"sol":{"path":["/c/en/chess","/c/en/draughts"],"weight":0.20800000000000002,"degrees":[1641,231]},"num_concepts_raised":1435},{"base_id":444,"kind":"top_words","i1":0,"i2":7,"sol":{"path":["/c/en/chess","/c/en/board_game","/c/en/xiangqi"],"weight":0.21000000000000002,"degrees":[1641,347,82]},"num_concepts_raised":1365},{"base_id":444,"kind":"top_words","i1":0,"i2":8,"sol":{"path":["/c/en/chess","/c/en/bridge","/c/en/gymnastics"],"weight":0.20800000000000002,"degrees":[1641,1690,521]},"num_concepts_raised":1707},{"base_id":444,"kind":"top_words","i1":0,"i2":9,"sol":{"path":["/c/en/chess","/c/en/checkers"],"weight":0.20600000000000002,"degrees":[1641,141]},"num_concepts_raised":1397},{"base_id":444,"kind":"top_words","i1":1,"i2":2,"sol":{"path":["/c/en/grandmaster","/c/en/player","/c/en/historical","/c/en/olympiad"],"weight":0.20934999999999993,"degrees":[100,1005,8415,69]},"num_concepts_raised":15003},{"base_id":444,"kind":"top_words","i1":1,"i2":3,"sol":{"path":["/c/en/grandmaster","/c/en/master","/c/en/teacher","/c/en/organization","/c/en/organisation","/c/en/fide"],"weight":0.21815979999999913,"degrees":[100,1522,1513,1375,281,61]},"num_concepts_raised":210461},{"base_id":444,"kind":"top_words","i1":1,"i2":4,"sol":{"path":["/c/en/grandmaster","/c/en/player","/c/en/backgammon"],"weight":0.20600000000000002,"degrees":[100,1005,278]},"num_concepts_raised":246},{"base_id":444,"kind":"top_words","i1":1,"i2":5,"sol":{"path":["/c/en/grandmaster","/c/de/grossmeister","/c/ja/名人","/c/en/shogi"],"weight":0.2196799999999995,"degrees":[100,28,31,190]},"num_concepts_raised":9125},{"base_id":444,"kind":"top_words","i1":1,"i2":6,"sol":{"path":["/c/en/grandmaster","/c/en/player","/c/en/draughts"],"weight":0.20600000000000002,"degrees":[100,1005,231]},"num_concepts_raised":223},{"base_id":444,"kind":"top_words","i1":1,"i2":7,"sol":{"path":["/c/en/grandmaster","/c/en/player","/c/en/game","/c/en/xiangqi"],"weight":0.21454999999999982,"degrees":[100,1005,2308,82]},"num_concepts_raised":5991},{"base_id":444,"kind":"top_words","i1":1,"i2":8,"sol":{"path":["/c/en/grandmaster","/c/en/master","/c/en/school","/c/fr/gymnastique","/c/en/gymnastics"],"weight":0.22507999999999925,"degrees":[100,1522,2171,255,521]},"num_concepts_raised":38109},{"base_id":444,"kind":"top_words","i1":1,"i2":9,"sol":{"path":["/c/en/grandmaster","/c/en/player","/c/en/checkers"],"weight":0.20400000000000001,"degrees":[100,1005,141]},"num_concepts_raised":189},{"base_id":444,"kind":"top_words","i1":2,"i2":3,"sol":{"path":["/c/en/olympiad","/c/ja/オリンピック","/c/ja/組織","/c/en/organisation","/c/en/fide"],"weight":0.2087199999999998,"degrees":[69,105,106,281,61]},"num_concepts_raised":13090},{"base_id":444,"kind":"top_words","i1":2,"i2":4,"sol":{"path":["/c/en/olympiad","/c/en/historical","/c/en/point","/c/en/backgammon"],"weight":0.21436000000000024,"degrees":[69,8415,2624,278]},"num_concepts_raised":32783},{"base_id":444,"kind":"top_words","i1":2,"i2":5,"sol":{"path":["/c/en/olympiad","/c/en/competition","/c/en/game","/c/en/shogi"],"weight":0.21043999999999963,"degrees":[69,898,2308,190]},"num_concepts_raised":19341},{"base_id":444,"kind":"top_words","i1":2,"i2":6,"sol":{"path":["/c/en/olympiad","/c/en/competition","/c/en/game","/c/en/draughts"],"weight":0.21401000000000048,"degrees":[69,898,2308,231]},"num_concepts_raised":28518},{"base_id":444,"kind":"top_words","i1":2,"i2":7,"sol":{"path":["/c/en/olympiad","/c/en/olympics","/c/en/china","/c/en/xiangqi"],"weight":0.21025999999999995,"degrees":[69,39,1318,82]},"num_concepts_raised":16217},{"base_id":444,"kind":"top_words","i1":2,"i2":8,"sol":{"path":["/c/en/olympiad","/c/en/olympics","/c/en/gymnastics"],"weight":0.20500000000000002,"degrees":[69,39,521]},"num_concepts_raised":450},{"base_id":444,"kind":"top_words","i1":2,"i2":9,"sol":{"path":["/c/en/olympiad","/c/en/competition","/c/en/game","/c/en/checkers"],"weight":0.20596999999999976,"degrees":[69,898,2308,141]},"num_concepts_raised":41336},{"base_id":444,"kind":"top_words","i1":3,"i2":4,"sol":{"path":["/c/en/fide","/c/en/organisation","/c/en/stonewall","/c/en/stone","/c/en/backgammon"],"weight":0.21895,"degrees":[61,281,61,1934,278]},"num_concepts_raised":21055},{"base_id":444,"kind":"top_words","i1":3,"i2":5,"sol":{"path":["/c/en/fide","/c/en/organisation","/c/en/korea","/c/en/janggi","/c/en/shogi"],"weight":0.21712999999999938,"degrees":[61,281,339,42,190]},"num_concepts_raised":7293},{"base_id":444,"kind":"top_words","i1":3,"i2":6,"sol":{"path":["/c/en/fide","/c/en/organisation","/c/en/bureaucracy","/c/en/game","/c/en/draughts"],"weight":0.2186000000000002,"degrees":[61,281,252,2308,231]},"num_concepts_raised":16773},{"base_id":444,"kind":"top_words","i1":3,"i2":7,"sol":{"path":["/c/en/fide","/c/en/organisation","/c/en/korea","/c/en/janggi","/c/en/xiangqi"],"weight":0.21590999999999969,"degrees":[61,281,339,42,82]},"num_concepts_raised":4111},{"base_id":444,"kind":"top_words","i1":3,"i2":8,"sol":{"path":["/c/en/fide","/c/en/organisation","/c/en/body","/c/en/gym","/c/en/gymnastics"],"weight":0.2239899999999991,"degrees":[61,281,3170,244,521]},"num_concepts_raised":36296},{"base_id":444,"kind":"top_words","i1":3,"i2":9,"sol":{"path":["/c/en/fide","/c/en/organisation","/c/en/bureaucracy","/c/en/game","/c/en/checkers"],"weight":0.2105699999999995,"degrees":[61,281,252,2308,141]},"num_concepts_raised":29911},{"base_id":444,"kind":"top_words","i1":4,"i2":5,"sol":{"path":["/c/en/backgammon","/c/en/board_game","/c/en/shogi"],"weight":0.20800000000000002,"degrees":[278,347,190]},"num_concepts_raised":319},{"base_id":444,"kind":"top_words","i1":4,"i2":6,"sol":{"path":["/c/en/backgammon","/c/en/board_game","/c/en/draughts"],"weight":0.20800000000000002,"degrees":[278,347,231]},"num_concepts_raised":305},{"base_id":444,"kind":"top_words","i1":4,"i2":7,"sol":{"path":["/c/en/backgammon","/c/en/board_game","/c/en/xiangqi"],"weight":0.20800000000000002,"degrees":[278,347,82]},"num_concepts_raised":232},{"base_id":444,"kind":"top_words","i1":4,"i2":8,"sol":{"path":["/c/en/backgammon","/c/en/bar","/c/en/gymnastics"],"weight":0.20700000000000002,"degrees":[278,1972,521]},"num_concepts_raised":569},{"base_id":444,"kind":"top_words","i1":4,"i2":9,"sol":{"path":["/c/en/backgammon","/c/en/board_game","/c/en/checkers"],"weight":0.20700000000000002,"degrees":[278,347,141]},"num_concepts_raised":274},{"base_id":444,"kind":"top_words","i1":5,"i2":6,"sol":{"path":["/c/en/shogi","/c/en/game","/c/en/draughts"],"weight":0.20700000000000002,"degrees":[190,2308,231]},"num_concepts_raised":295},{"base_id":444,"kind":"top_words","i1":5,"i2":7,"sol":{"path":["/c/en/shogi","/c/en/xiangqi"],"weight":0.20800000000000002,"degrees":[190,82]},"num_concepts_raised":207},{"base_id":444,"kind":"top_words","i1":5,"i2":8,"sol":{"path":["/c/en/shogi","/c/en/game","/c/en/sport","/c/en/gymnastics"],"weight":0.22349999999999898,"degrees":[190,2308,1809,521]},"num_concepts_raised":42051},{"base_id":444,"kind":"top_words","i1":5,"i2":9,"sol":{"path":["/c/en/shogi","/c/en/board_game","/c/en/checkers"],"weight":0.20500000000000002,"degrees":[190,347,141]},"num_concepts_raised":261},{"base_id":444,"kind":"top_words","i1":6,"i2":7,"sol":{"path":["/c/en/draughts","/c/en/game","/c/en/xiangqi"],"weight":0.20700000000000002,"degrees":[231,2308,82]},"num_concepts_raised":209},{"base_id":444,"kind":"top_words","i1":6,"i2":8,"sol":{"path":["/c/en/draughts","/c/en/game","/c/en/sport","/c/en/gymnastics"],"weight":0.2270499999999998,"degrees":[231,2308,1809,521]},"num_concepts_raised":50713},{"base_id":444,"kind":"top_words","i1":6,"i2":9,"sol":{"path":["/c/en/draughts","/c/en/checkers"],"weight":0.20700000000000002,"degrees":[231,141]},"num_concepts_raised":190},{"base_id":444,"kind":"top_words","i1":7,"i2":8,"sol":{"path":["/c/en/xiangqi","/c/en/game","/c/en/sport","/c/en/gymnastics"],"weight":0.2223199999999993,"degrees":[82,2308,1809,521]},"num_concepts_raised":39167},{"base_id":444,"kind":"top_words","i1":7,"i2":9,"sol":{"path":["/c/en/xiangqi","/c/en/board_game","/c/en/checkers"],"weight":0.20500000000000002,"degrees":[82,347,141]},"num_concepts_raised":175},{"base_id":444,"kind":"top_words","i1":8,"i2":9,"sol":{"path":["/c/en/gymnastics","/c/en/sport","/c/en/game","/c/en/checkers"],"weight":0.2190199999999991,"degrees":[521,1809,2308,141]},"num_concepts_raised":63106}]]