[[{"base_id":551,"kind":"bot_words","i1":0,"i2":1,"sol":{"path":["/c/en/worthwhile","/c/en/pay_off","/c/en/cast","/c/en/downcast"],"weight":0.20564999999999958,"degrees":[137,137,1163,82]},"num_concepts_raised":26680},{"base_id":551,"kind":"bot_words","i1":0,"i2":2,"sol":{"path":["/c/en/worthwhile","/c/en/worth","/c/en/word","/c/en/clitic"],"weight":0.2059399999999997,"degrees":[137,559,2436,65]},"num_concepts_raised":22986},{"base_id":551,"kind":"bot_words","i1":0,"i2":3,"sol":{"path":["/c/en/worthwhile","/c/en/good","/c/en/art","/c/en/aesthetics"],"weight":0.2143899999999998,"degrees":[137,2615,1987,216]},"num_concepts_raised":20365},{"base_id":551,"kind":"bot_words","i1":0,"i2":4,"sol":{"path":["/c/en/worthwhile","/c/en/worthy","/c/en/person","/c/en/mina"],"weight":0.2120199999999995,"degrees":[137,465,12935,85]},"num_concepts_raised":38090},{"base_id":551,"kind":"bot_words","i1":0,"i2":5,"sol":{"path":["/c/en/worthwhile","/c/en/worthy","/c/en/able","/c/en/aloud"],"weight":0.20764999999999947,"degrees":[137,465,691,132]},"num_concepts_raised":19341},{"base_id":551,"kind":"bot_words","i1":0,"i2":6,"sol":{"path":["/c/en/worthwhile","/c/en/in_order","/c/en/last","/c/en/enduringly"],"weight":0.20399999999999974,"degrees":[137,126,1053,24]},"num_concepts_raised":11676},{"base_id":551,"kind":"bot_words","i1":0,"i2":7,"sol":{"path":["/c/en/worthwhile","/c/en/worthy","/c/en/person","/c/en/john","/c/en/ian"],"weight":0.2082699999999995,"degrees":[137,465,12935,497,95]},"num_concepts_raised":19417},{"base_id":551,"kind":"bot_words","i1":0,"i2":8,"sol":{"path":["/c/en/worthwhile","/c/en/pay_off","/c/en/cast","/c/en/prematurely"],"weight":0.20483999999999958,"degrees":[137,137,1163,93]},"num_concepts_raised":13283},{"base_id":551,"kind":"bot_words","i1":0,"i2":9,"sol":{"path":["/c/en/worthwhile","/c/en/money","/c/en/us","/c/en/saxon"],"weight":0.2104099999999995,"degrees":[137,2899,8154,130]},"num_concepts_raised":37270},{"base_id":551,"kind":"bot_words","i1":1,"i2":2,"sol":{"path":["/c/en/downcast","/c/en/computing","/c/en/word","/c/en/clitic"],"weight":0.2049499999999998,"degrees":[82,9084,2436,65]},"num_concepts_raised":30892},{"base_id":551,"kind":"bot_words","i1":1,"i2":3,"sol":{"path":["/c/en/downcast","/c/en/look","/c/en/beauty","/c/en/aesthetics"],"weight":0.21148999999999987,"degrees":[82,1962,984,216]},"num_concepts_raised":28375},{"base_id":551,"kind":"bot_words","i1":1,"i2":4,"sol":{"path":["/c/en/downcast","/c/en/mining","/c/fr/mine","/c/en/mina"],"weight":0.21109999999999957,"degrees":[82,883,508,85]},"num_concepts_raised":45934},{"base_id":551,"kind":"bot_words","i1":1,"i2":5,"sol":{"path":["/c/en/downcast","/c/en/computing","/c/en/screen_reader","/c/en/aloud"],"weight":0.20562999999999956,"degrees":[82,9084,15,132]},"num_concepts_raised":27363},{"base_id":551,"kind":"bot_words","i1":1,"i2":6,"sol":{"path":["/c/en/downcast","/c/en/computing","/c/en/persist","/c/en/lastingly","/c/en/enduringly"],"weight":0.20559999999999984,"degrees":[82,9084,258,26,24]},"num_concepts_raised":19768},{"base_id":551,"kind":"bot_words","i1":1,"i2":7,"sol":{"path":["/c/en/downcast","/c/en/down","/c/en/person","/c/en/john","/c/en/ian"],"weight":0.20627999999999957,"degrees":[82,1533,12935,497,95]},"num_concepts_raised":27485},{"base_id":551,"kind":"bot_words","i1":1,"i2":8,"sol":{"path":["/c/en/downcast","/c/en/cast","/c/en/prematurely"],"weight":0.203,"degrees":[82,1163,93]},"num_concepts_raised":150},{"base_id":551,"kind":"bot_words","i1":1,"i2":9,"sol":{"path":["/c/en/downcast","/c/en/computing","/c/en/sax","/c/en/saxon"],"weight":0.21271999999999958,"degrees":[82,9084,97,130]},"num_concepts_raised":44767},{"base_id":551,"kind":"bot_words","i1":2,"i2":3,"sol":{"path":["/c/en/clitic","/c/fr/linguistique","/c/fr/science","/c/fr/esthétique","/c/en/aesthetics"],"weight":0.216,"degrees":[65,7455,703,149,216]},"num_concepts_raised":24644},{"base_id":551,"kind":"bot_words","i1":2,"i2":4,"sol":{"path":["/c/en/clitic","/c/en/word","/c/en/unit","/c/en/mina"],"weight":0.2089399999999997,"degrees":[65,2436,1582,85]},"num_concepts_raised":42519},{"base_id":551,"kind":"bot_words","i1":2,"i2":5,"sol":{"path":["/c/en/clitic","/c/en/linguistics","/c/it/forte","/c/en/aloud"],"weight":0.2048599999999997,"degrees":[65,4250,66,132]},"num_concepts_raised":23540},{"base_id":551,"kind":"bot_words","i1":2,"i2":6,"sol":{"path":["/c/en/clitic","/c/en/affix","/c/en/affixed","/c/en/enduringly"],"weight":0.20420999999999995,"degrees":[65,344,36,24]},"num_concepts_raised":15889},{"base_id":551,"kind":"bot_words","i1":2,"i2":7,"sol":{"path":["/c/en/clitic","/c/en/linguistics","/c/en/tyrrhenian","/c/en/ian"],"weight":0.2041199999999997,"degrees":[65,4250,16,95]},"num_concepts_raised":23577},{"base_id":551,"kind":"bot_words","i1":2,"i2":8,"sol":{"path":["/c/en/clitic","/c/en/linguistics","/c/en/early","/c/en/prematurely"],"weight":0.20542999999999978,"degrees":[65,4250,831,93]},"num_concepts_raised":17492},{"base_id":551,"kind":"bot_words","i1":2,"i2":9,"sol":{"path":["/c/en/clitic","/c/en/linguistics","/c/en/language","/c/en/saxon"],"weight":0.20988999999999974,"degrees":[65,4250,4160,130]},"num_concepts_raised":41033},{"base_id":551,"kind":"bot_words","i1":3,"i2":4,"sol":{"path":["/c/en/aesthetics","/c/en/art","/c/en/person","/c/en/mina"],"weight":0.2186599999999998,"degrees":[216,1987,12935,85]},"num_concepts_raised":39846},{"base_id":551,"kind":"bot_words","i1":3,"i2":5,"sol":{"path":["/c/en/aesthetics","/c/en/tree","/c/en/unit","/c/en/aloud"],"weight":0.21203999999999978,"degrees":[216,3598,1582,132]},"num_concepts_raised":21129},{"base_id":551,"kind":"bot_words","i1":3,"i2":6,"sol":{"path":["/c/en/aesthetics","/c/en/art","/c/en/flowing","/c/en/continuously","/c/en/enduringly"],"weight":0.21308000000000002,"degrees":[216,1987,259,294,24]},"num_concepts_raised":13410},{"base_id":551,"kind":"bot_words","i1":3,"i2":7,"sol":{"path":["/c/en/aesthetics","/c/en/esthetics","/c/en/us","/c/en/john","/c/en/ian"],"weight":0.2167799999999998,"degrees":[216,19,8154,497,95]},"num_concepts_raised":21135},{"base_id":551,"kind":"bot_words","i1":3,"i2":8,"sol":{"path":["/c/en/aesthetics","/c/en/esthetics","/c/en/us","/c/en/soon","/c/en/prematurely"],"weight":0.21578999999999987,"degrees":[216,19,8154,524,93]},"num_concepts_raised":15014},{"base_id":551,"kind":"bot_words","i1":3,"i2":9,"sol":{"path":["/c/en/aesthetics","/c/en/esthetics","/c/en/us","/c/en/saxon"],"weight":0.22124999999999978,"degrees":[216,19,8154,130]},"num_concepts_raised":38916},{"base_id":551,"kind":"bot_words","i1":4,"i2":5,"sol":{"path":["/c/en/mina","/c/en/unit","/c/en/aloud"],"weight":0.20400000000000001,"degrees":[85,1582,132]},"num_concepts_raised":186},{"base_id":551,"kind":"bot_words","i1":4,"i2":6,"sol":{"path":["/c/en/mina","/c/en/person","/c/en/blind","/c/en/permanently","/c/en/enduringly"],"weight":0.20956999999999973,"degrees":[85,12935,1017,155,24]},"num_concepts_raised":31428},{"base_id":551,"kind":"bot_words","i1":4,"i2":7,"sol":{"path":["/c/en/mina","/c/en/person","/c/en/john","/c/en/ian"],"weight":0.2103199999999995,"degrees":[85,12935,497,95]},"num_concepts_raised":38966},{"base_id":551,"kind":"bot_words","i1":4,"i2":8,"sol":{"path":["/c/en/mina","/c/en/person","/c/en/prosopolepsy","/c/en/premature","/c/en/prematurely"],"weight":0.21149999999999958,"degrees":[85,12935,9,210,93]},"num_concepts_raised":32950},{"base_id":551,"kind":"bot_words","i1":4,"i2":9,"sol":{"path":["/c/en/mina","/c/en/person","/c/en/german","/c/en/saxon"],"weight":0.2168699999999995,"degrees":[85,12935,564,130]},"num_concepts_raised":55469},{"base_id":551,"kind":"bot_words","i1":5,"i2":6,"sol":{"path":["/c/en/aloud","/c/fr/fort","/c/fr/manière","/c/fr/continuellement","/c/en/enduringly"],"weight":0.20750999999999972,"degrees":[132,1008,1757,161,24]},"num_concepts_raised":12436},{"base_id":551,"kind":"bot_words","i1":5,"i2":7,"sol":{"path":["/c/en/aloud","/c/en/loud","/c/en/slang","/c/en/john","/c/en/ian"],"weight":0.20825999999999947,"degrees":[132,686,16318,497,95]},"num_concepts_raised":20144},{"base_id":551,"kind":"bot_words","i1":5,"i2":8,"sol":{"path":["/c/en/aloud","/c/en/loud","/c/en/big","/c/en/mature","/c/en/prematurely"],"weight":0.20838999999999955,"degrees":[132,686,1222,585,93]},"num_concepts_raised":14012},{"base_id":551,"kind":"bot_words","i1":5,"i2":9,"sol":{"path":["/c/en/aloud","/c/en/nation","/c/en/german","/c/en/saxon"],"weight":0.21245999999999948,"degrees":[132,1106,564,130]},"num_concepts_raised":37838},{"base_id":551,"kind":"bot_words","i1":6,"i2":7,"sol":{"path":["/c/en/enduringly","/c/en/last","/c/en/place","/c/en/john","/c/en/ian"],"weight":0.20455999999999974,"degrees":[24,1053,3314,497,95]},"num_concepts_raised":12295},{"base_id":551,"kind":"bot_words","i1":6,"i2":8,"sol":{"path":["/c/en/enduringly","/c/fr/continuellement","/c/fr/incessamment","/c/en/soon","/c/en/prematurely"],"weight":0.2058799999999998,"degrees":[24,161,42,524,93]},"num_concepts_raised":6163},{"base_id":551,"kind":"bot_words","i1":6,"i2":9,"sol":{"path":["/c/en/enduringly","/c/en/endure","/c/en/stick","/c/en/ireland","/c/en/saxon"],"weight":0.21113999999999974,"degrees":[24,552,2046,1227,130]},"num_concepts_raised":30510},{"base_id":551,"kind":"bot_words","i1":7,"i2":8,"sol":{"path":["/c/en/ian","/c/en/john","/c/en/boy","/c/en/maturity","/c/en/prematurely"],"weight":0.20644999999999958,"degrees":[95,497,1314,250,93]},"num_concepts_raised":13922},{"base_id":551,"kind":"bot_words","i1":7,"i2":9,"sol":{"path":["/c/en/ian","/c/en/lipschitzian","/c/en/german","/c/en/saxon"],"weight":0.2118099999999995,"degrees":[95,4,564,130]},"num_concepts_raised":38089},{"base_id":551,"kind":"bot_words","i1":8,"i2":9,"sol":{"path":["/c/en/prematurely","/c/en/soon","/c/en/us","/c/en/saxon"],"weight":0.2098999999999996,"degrees":[93,524,8154,130]},"num_concepts_raised":32002}],[{"base_id":551,"kind":"top_words","i1":0,"i2":1,"sol":{"path":["/c/en/align","/c/en/computing","/c/en/background"],"weight":0.202,"degrees":[198,9084,429]},"num_concepts_raised":521},{"base_id":551,"kind":"top_words","i1":0,"i2":2,"sol":{"path":["/c/en/align","/c/en/ordinate","/c/en/mathematics","/c/en/cardinality"],"weight":0.20676999999999937,"degrees":[198,82,7601,103]},"num_concepts_raised":55038},{"base_id":551,"kind":"top_words","i1":0,"i2":3,"sol":{"path":["/c/en/align","/c/fr/aligner","/c/en/fall","/c/en/red","/c/en/rufous"],"weight":0.2065499999999994,"degrees":[198,142,2357,1983,25]},"num_concepts_raised":33182},{"base_id":551,"kind":"top_words","i1":0,"i2":4,"sol":{"path":["/c/en/align","/c/en/computing","/c/en/group","/c/en/coset"],"weight":0.20983999999999936,"degrees":[198,9084,2339,49]},"num_concepts_raised":33015},{"base_id":551,"kind":"top_words","i1":0,"i2":5,"sol":{"path":["/c/en/align","/c/en/side","/c/en/bracket","/c/en/parentheses"],"weight":0.20449999999999935,"degrees":[198,1912,385,29]},"num_concepts_raised":30654},{"base_id":551,"kind":"top_words","i1":0,"i2":6,"sol":{"path":["/c/en/align","/c/en/line","/c/en/inversion","/c/en/inversely"],"weight":0.20473999999999937,"degrees":[198,3018,228,39]},"num_concepts_raised":30737},{"base_id":551,"kind":"top_words","i1":0,"i2":7,"sol":{"path":["/c/en/align","/c/en/justify","/c/en/legal","/c/en/pa"],"weight":0.20535999999999927,"degrees":[198,304,6627,107]},"num_concepts_raised":51729},{"base_id":551,"kind":"top_words","i1":0,"i2":8,"sol":{"path":["/c/en/align","/c/en/square","/c/en/house","/c/en/householder"],"weight":0.20604999999999932,"degrees":[198,1534,3114,56]},"num_concepts_raised":39351},{"base_id":551,"kind":"top_words","i1":0,"i2":9,"sol":{"path":["/c/en/align","/c/fr/aligner","/c/fr/mettre","/c/en/plant","/c/en/lentibulariaceae"],"weight":0.21181999999999934,"degrees":[198,142,2152,7959,52]},"num_concepts_raised":37358},{"base_id":551,"kind":"top_words","i1":1,"i2":2,"sol":{"path":["/c/en/background","/c/fr/origine","/c/en/mathematics","/c/en/cardinality"],"weight":0.20934999999999918,"degrees":[429,485,7601,103]},"num_concepts_raised":59598},{"base_id":551,"kind":"top_words","i1":1,"i2":3,"sol":{"path":["/c/en/background","/c/en/ground","/c/en/brown","/c/en/rufous"],"weight":0.20813999999999921,"degrees":[429,1836,1055,25]},"num_concepts_raised":37461},{"base_id":551,"kind":"top_words","i1":1,"i2":4,"sol":{"path":["/c/en/background","/c/en/computing","/c/en/group","/c/en/coset"],"weight":0.21269999999999917,"degrees":[429,9084,2339,49]},"num_concepts_raised":37270},{"base_id":551,"kind":"top_words","i1":1,"i2":5,"sol":{"path":["/c/en/background","/c/en/computing","/c/en/unbalanced","/c/en/parentheses"],"weight":0.20722999999999914,"degrees":[429,9084,93,29]},"num_concepts_raised":35014},{"base_id":551,"kind":"top_words","i1":1,"i2":6,"sol":{"path":["/c/en/background","/c/en/inverse_video","/c/en/inverse","/c/en/inversely"],"weight":0.20810999999999918,"degrees":[429,9,297,39]},"num_concepts_raised":35041},{"base_id":551,"kind":"top_words","i1":1,"i2":7,"sol":{"path":["/c/en/background","/c/en/noise","/c/en/speaker","/c/en/pa"],"weight":0.20885999999999905,"degrees":[429,1201,691,107]},"num_concepts_raised":55927},{"base_id":551,"kind":"top_words","i1":1,"i2":8,"sol":{"path":["/c/en/background","/c/en/ground","/c/en/house","/c/en/householder"],"weight":0.2096999999999991,"degrees":[429,1836,3114,56]},"num_concepts_raised":43685},{"base_id":551,"kind":"top_words","i1":1,"i2":9,"sol":{"path":["/c/en/background","/c/en/ground","/c/en/plant","/c/en/lentibulariaceae"],"weight":0.21352999999999914,"degrees":[429,1836,7959,52]},"num_concepts_raised":41668},{"base_id":551,"kind":"top_words","i1":2,"i2":3,"sol":{"path":["/c/en/cardinality","/c/en/cardinal","/c/en/red","/c/en/rufous"],"weight":0.20390999999999987,"degrees":[103,5720,1983,25]},"num_concepts_raised":29612},{"base_id":551,"kind":"top_words","i1":2,"i2":4,"sol":{"path":["/c/en/cardinality","/c/en/mathematics","/c/pl/warstwa","/c/en/coset"],"weight":0.21134999999999982,"degrees":[103,7601,24,49]},"num_concepts_raised":29332},{"base_id":551,"kind":"top_words","i1":2,"i2":5,"sol":{"path":["/c/en/cardinality","/c/en/mathematics","/c/en/parenthesis","/c/en/parentheses"],"weight":0.20408999999999983,"degrees":[103,7601,131,29]},"num_concepts_raised":27127},{"base_id":551,"kind":"top_words","i1":2,"i2":6,"sol":{"path":["/c/en/cardinality","/c/en/mathematics","/c/en/inverse","/c/en/inversely"],"weight":0.20520999999999984,"degrees":[103,7601,297,39]},"num_concepts_raised":27143},{"base_id":551,"kind":"top_words","i1":2,"i2":7,"sol":{"path":["/c/en/cardinality","/c/en/power","/c/en/legal","/c/en/pa"],"weight":0.20565999999999973,"degrees":[103,2205,6627,107]},"num_concepts_raised":48341},{"base_id":551,"kind":"top_words","i1":2,"i2":8,"sol":{"path":["/c/en/cardinality","/c/en/table","/c/en/house","/c/en/householder"],"weight":0.20526999999999979,"degrees":[103,1618,3114,56]},"num_concepts_raised":35948},{"base_id":551,"kind":"top_words","i1":2,"i2":9,"sol":{"path":["/c/en/cardinality","/c/en/power","/c/en/plant","/c/en/lentibulariaceae"],"weight":0.2101699999999998,"degrees":[103,2205,7959,52]},"num_concepts_raised":33873},{"base_id":551,"kind":"top_words","i1":3,"i2":4,"sol":{"path":["/c/en/rufous","/c/en/red","/c/en/organization","/c/en/group","/c/en/coset"],"weight":0.20810999999999985,"degrees":[25,1983,1375,2339,49]},"num_concepts_raised":6313},{"base_id":551,"kind":"top_words","i1":3,"i2":5,"sol":{"path":["/c/en/rufous","/c/en/red","/c/en/us","/c/en/bracket","/c/en/parentheses"],"weight":0.20281999999999983,"degrees":[25,1983,8154,385,29]},"num_concepts_raised":3741},{"base_id":551,"kind":"top_words","i1":3,"i2":6,"sol":{"path":["/c/en/rufous","/c/en/red","/c/en/color","/c/en/inverse","/c/en/inversely"],"weight":0.2039299999999999,"degrees":[25,1983,1870,297,39]},"num_concepts_raised":3807},{"base_id":551,"kind":"top_words","i1":3,"i2":7,"sol":{"path":["/c/en/rufous","/c/en/red","/c/en/pennsylvania","/c/en/pa"],"weight":0.20566999999999974,"degrees":[25,1983,557,107]},"num_concepts_raised":25241},{"base_id":551,"kind":"top_words","i1":3,"i2":8,"sol":{"path":["/c/en/rufous","/c/en/reddish","/c/en/fox","/c/en/house","/c/en/householder"],"weight":0.20529999999999982,"degrees":[25,304,1066,3114,56]},"num_concepts_raised":12918},{"base_id":551,"kind":"top_words","i1":3,"i2":9,"sol":{"path":["/c/en/rufous","/c/en/reddish","/c/en/ginger","/c/en/plant","/c/en/lentibulariaceae"],"weight":0.20910999999999982,"degrees":[25,304,609,7959,52]},"num_concepts_raised":10469},{"base_id":551,"kind":"top_words","i1":4,"i2":5,"sol":{"path":["/c/en/coset","/c/en/algebra","/c/en/bracket","/c/en/parentheses"],"weight":0.20812999999999982,"degrees":[49,709,385,29]},"num_concepts_raised":3784},{"base_id":551,"kind":"top_words","i1":4,"i2":6,"sol":{"path":["/c/en/coset","/c/en/group","/c/en/inverse","/c/en/inversely"],"weight":0.20916999999999986,"degrees":[49,2339,297,39]},"num_concepts_raised":3846},{"base_id":551,"kind":"top_words","i1":4,"i2":7,"sol":{"path":["/c/en/coset","/c/en/group","/c/en/public","/c/en/public_address_system","/c/en/pa"],"weight":0.21098999999999973,"degrees":[49,2339,1202,52,107]},"num_concepts_raised":25217},{"base_id":551,"kind":"top_words","i1":4,"i2":8,"sol":{"path":["/c/en/coset","/c/en/group","/c/en/family","/c/en/house","/c/en/householder"],"weight":0.2096699999999998,"degrees":[49,2339,3166,3114,56]},"num_concepts_raised":12952},{"base_id":551,"kind":"top_words","i1":4,"i2":9,"sol":{"path":["/c/en/coset","/c/en/group","/c/en/crop","/c/en/plant","/c/en/lentibulariaceae"],"weight":0.2133799999999998,"degrees":[49,2339,1131,7959,52]},"num_concepts_raised":10571},{"base_id":551,"kind":"top_words","i1":5,"i2":6,"sol":{"path":["/c/en/parentheses","/c/en/parenthesis","/c/en/mathematics","/c/en/inverse","/c/en/inversely"],"weight":0.20391999999999982,"degrees":[29,131,7601,297,39]},"num_concepts_raised":1284},{"base_id":551,"kind":"top_words","i1":5,"i2":7,"sol":{"path":["/c/en/parentheses","/c/en/bracket","/c/en/support","/c/en/father","/c/en/pa"],"weight":0.20387999999999973,"degrees":[29,385,2237,1655,107]},"num_concepts_raised":22762},{"base_id":551,"kind":"top_words","i1":5,"i2":8,"sol":{"path":["/c/en/parentheses","/c/en/bracket","/c/en/nautical","/c/en/house","/c/en/householder"],"weight":0.20426999999999979,"degrees":[29,385,5204,3114,56]},"num_concepts_raised":10441},{"base_id":551,"kind":"top_words","i1":5,"i2":9,"sol":{"path":["/c/en/parentheses","/c/en/bracket","/c/en/set","/c/en/plant","/c/en/lentibulariaceae"],"weight":0.20807999999999977,"degrees":[29,385,2628,7959,52]},"num_concepts_raised":8021},{"base_id":551,"kind":"top_words","i1":6,"i2":7,"sol":{"path":["/c/en/inversely","/c/en/inverse","/c/en/state","/c/en/pennsylvania","/c/en/pa"],"weight":0.20677999999999974,"degrees":[39,297,3243,557,107]},"num_concepts_raised":22820},{"base_id":551,"kind":"top_words","i1":6,"i2":8,"sol":{"path":["/c/en/inversely","/c/en/inverse","/c/en/table","/c/en/house","/c/en/householder"],"weight":0.20535999999999982,"degrees":[39,297,1618,3114,56]},"num_concepts_raised":10508},{"base_id":551,"kind":"top_words","i1":6,"i2":9,"sol":{"path":["/c/en/inversely","/c/en/inverse","/c/en/botany","/c/en/plant","/c/en/lentibulariaceae"],"weight":0.2091799999999998,"degrees":[39,297,6881,7959,52]},"num_concepts_raised":8086},{"base_id":551,"kind":"top_words","i1":7,"i2":8,"sol":{"path":["/c/en/pa","/c/en/fort","/c/en/house","/c/en/householder"],"weight":0.2050599999999997,"degrees":[107,287,3114,56]},"num_concepts_raised":31703},{"base_id":551,"kind":"top_words","i1":7,"i2":9,"sol":{"path":["/c/en/pa","/c/en/public_address_system","/c/en/public","/c/en/plant","/c/en/lentibulariaceae"],"weight":0.21097999999999972,"degrees":[107,52,1202,7959,52]},"num_concepts_raised":29428},{"base_id":551,"kind":"top_words","i1":8,"i2":9,"sol":{"path":["/c/en/householder","/c/en/house","/c/en/plant","/c/en/lentibulariaceae"],"weight":0.20952999999999977,"degrees":[56,3114,7959,52]},"num_concepts_raised":17158}]]