[[{"base_id":316,"kind":"bot_words","i1":0,"i2":1,"sol":{"path":["/c/en/ago","/c/en/back","/c/en/false","/c/en/counseling"],"weight":0.20784999999999965,"degrees":[309,2238,970,50]},"num_concepts_raised":34653},{"base_id":316,"kind":"bot_words","i1":0,"i2":2,"sol":{"path":["/c/en/ago","/c/en/after","/c/en/master","/c/en/masterful"],"weight":0.2091299999999996,"degrees":[309,932,1522,59]},"num_concepts_raised":34395},{"base_id":316,"kind":"bot_words","i1":0,"i2":3,"sol":{"path":["/c/en/ago","/c/en/time","/c/en/dinner","/c/en/banquet"],"weight":0.21384999999999932,"degrees":[309,4124,583,475]},"num_concepts_raised":43952},{"base_id":316,"kind":"bot_words","i1":0,"i2":4,"sol":{"path":["/c/en/ago","/c/en/before","/c/en/chicken","/c/en/breasts"],"weight":0.20922999999999942,"degrees":[309,973,1689,89]},"num_concepts_raised":45276},{"base_id":316,"kind":"bot_words","i1":0,"i2":5,"sol":{"path":["/c/en/ago","/c/en/four","/c/en/home","/c/en/hometown"],"weight":0.20780999999999952,"degrees":[309,1330,2163,134]},"num_concepts_raised":45874},{"base_id":316,"kind":"bot_words","i1":0,"i2":6,"sol":{"path":["/c/en/ago","/c/en/present","/c/en/between","/c/en/betwixt"],"weight":0.20948999999999968,"degrees":[309,2005,565,60]},"num_concepts_raised":39488},{"base_id":316,"kind":"bot_words","i1":0,"i2":7,"sol":{"path":["/c/en/ago","/c/en/back","/c/en/travel","/c/en/ota"],"weight":0.21256999999999965,"degrees":[309,2238,1689,27]},"num_concepts_raised":55113},{"base_id":316,"kind":"bot_words","i1":0,"i2":8,"sol":{"path":["/c/en/ago","/c/zh/前","/c/en/act","/c/en/impropriety"],"weight":0.2070399999999995,"degrees":[309,49,2503,85]},"num_concepts_raised":39888},{"base_id":316,"kind":"bot_words","i1":0,"i2":9,"sol":{"path":["/c/en/ago","/c/en/present","/c/en/lake","/c/en/wedlock"],"weight":0.20698999999999954,"degrees":[309,2005,1347,64]},"num_concepts_raised":37112},{"base_id":316,"kind":"bot_words","i1":1,"i2":2,"sol":{"path":["/c/en/counseling","/c/en/professional","/c/en/master","/c/en/masterful"],"weight":0.2056599999999998,"degrees":[50,658,1522,59]},"num_concepts_raised":6625},{"base_id":316,"kind":"bot_words","i1":1,"i2":3,"sol":{"path":["/c/en/counseling","/c/en/counsel","/c/en/treat","/c/en/banquet"],"weight":0.21171999999999946,"degrees":[50,299,833,475]},"num_concepts_raised":16748},{"base_id":316,"kind":"bot_words","i1":1,"i2":4,"sol":{"path":["/c/en/counseling","/c/en/counsel","/c/en/round","/c/en/breast","/c/en/breasts"],"weight":0.20808999999999958,"degrees":[50,299,1452,1223,89]},"num_concepts_raised":17924},{"base_id":316,"kind":"bot_words","i1":1,"i2":5,"sol":{"path":["/c/en/counseling","/c/en/counsel","/c/en/council","/c/en/city","/c/en/hometown"],"weight":0.20649999999999968,"degrees":[50,299,618,3758,134]},"num_concepts_raised":18417},{"base_id":316,"kind":"bot_words","i1":1,"i2":6,"sol":{"path":["/c/en/counseling","/c/en/guidance","/c/en/book","/c/en/between","/c/en/betwixt"],"weight":0.20597999999999983,"degrees":[50,323,3239,565,60]},"num_concepts_raised":12120},{"base_id":316,"kind":"bot_words","i1":1,"i2":7,"sol":{"path":["/c/en/counseling","/c/en/difficulty","/c/en/person","/c/en/ota"],"weight":0.2079799999999998,"degrees":[50,751,12935,27]},"num_concepts_raised":28163},{"base_id":316,"kind":"bot_words","i1":1,"i2":8,"sol":{"path":["/c/en/counseling","/c/en/guidance","/c/en/act","/c/en/impropriety"],"weight":0.20360999999999965,"degrees":[50,323,2503,85]},"num_concepts_raised":12456},{"base_id":316,"kind":"bot_words","i1":1,"i2":9,"sol":{"path":["/c/en/counseling","/c/fi/avioliittoneuvonta","/c/en/marriage","/c/en/wedlock"],"weight":0.2037999999999997,"degrees":[50,6,1333,64]},"num_concepts_raised":9472},{"base_id":316,"kind":"bot_words","i1":2,"i2":3,"sol":{"path":["/c/en/masterful","/c/en/master","/c/la/dominus","/c/en/feast","/c/en/banquet"],"weight":0.2164899999999994,"degrees":[59,1522,133,652,475]},"num_concepts_raised":16478},{"base_id":316,"kind":"bot_words","i1":2,"i2":4,"sol":{"path":["/c/en/masterful","/c/bg/господарски","/c/en/lady","/c/en/breasts"],"weight":0.20384999999999956,"degrees":[59,19,787,89]},"num_concepts_raised":17619},{"base_id":316,"kind":"bot_words","i1":2,"i2":5,"sol":{"path":["/c/en/masterful","/c/en/master","/c/en/original","/c/en/home","/c/en/hometown"],"weight":0.20685999999999966,"degrees":[59,1522,630,2163,134]},"num_concepts_raised":18143},{"base_id":316,"kind":"bot_words","i1":2,"i2":6,"sol":{"path":["/c/en/masterful","/c/en/master","/c/en/degree","/c/en/between","/c/en/betwixt"],"weight":0.20830999999999977,"degrees":[59,1522,1513,565,60]},"num_concepts_raised":11830},{"base_id":316,"kind":"bot_words","i1":2,"i2":7,"sol":{"path":["/c/en/masterful","/c/en/master","/c/en/person","/c/en/ota"],"weight":0.21035999999999977,"degrees":[59,1522,12935,27]},"num_concepts_raised":27883},{"base_id":316,"kind":"bot_words","i1":2,"i2":8,"sol":{"path":["/c/en/masterful","/c/en/master","/c/en/degree","/c/en/act","/c/en/impropriety"],"weight":0.20594999999999963,"degrees":[59,1522,1513,2503,85]},"num_concepts_raised":12226},{"base_id":316,"kind":"bot_words","i1":2,"i2":9,"sol":{"path":["/c/en/masterful","/c/en/master","/c/en/lock","/c/en/wedlock"],"weight":0.20574999999999966,"degrees":[59,1522,1337,64]},"num_concepts_raised":9187},{"base_id":316,"kind":"bot_words","i1":3,"i2":4,"sol":{"path":["/c/en/banquet","/c/en/dinner","/c/en/chicken","/c/en/breasts"],"weight":0.21029999999999927,"degrees":[475,583,1689,89]},"num_concepts_raised":27550},{"base_id":316,"kind":"bot_words","i1":3,"i2":5,"sol":{"path":["/c/en/banquet","/c/en/party","/c/en/home","/c/en/hometown"],"weight":0.21029999999999938,"degrees":[475,2057,2163,134]},"num_concepts_raised":28031},{"base_id":316,"kind":"bot_words","i1":3,"i2":6,"sol":{"path":["/c/en/banquet","/c/en/hall","/c/en/between","/c/en/betwixt"],"weight":0.2111199999999995,"degrees":[475,726,565,60]},"num_concepts_raised":21857},{"base_id":316,"kind":"bot_words","i1":3,"i2":7,"sol":{"path":["/c/en/banquet","/c/en/dinner","/c/en/person","/c/en/ota"],"weight":0.21459999999999946,"degrees":[475,583,12935,27]},"num_concepts_raised":37634},{"base_id":316,"kind":"bot_words","i1":3,"i2":8,"sol":{"path":["/c/en/banquet","/c/en/entertainment","/c/en/act","/c/en/impropriety"],"weight":0.21004999999999932,"degrees":[475,797,2503,85]},"num_concepts_raised":22200},{"base_id":316,"kind":"bot_words","i1":3,"i2":9,"sol":{"path":["/c/en/banquet","/c/mn/хурим","/c/fr/mariage","/c/en/wedlock"],"weight":0.20962999999999937,"degrees":[475,15,652,64]},"num_concepts_raised":19245},{"base_id":316,"kind":"bot_words","i1":4,"i2":5,"sol":{"path":["/c/en/breasts","/c/en/mother","/c/en/home","/c/en/hometown"],"weight":0.20484999999999948,"degrees":[89,1743,2163,134]},"num_concepts_raised":29282},{"base_id":316,"kind":"bot_words","i1":4,"i2":6,"sol":{"path":["/c/en/breasts","/c/en/woman","/c/en/twist","/c/en/betwixt"],"weight":0.2037899999999996,"degrees":[89,3510,1250,60]},"num_concepts_raised":23022},{"base_id":316,"kind":"bot_words","i1":4,"i2":7,"sol":{"path":["/c/en/breasts","/c/en/chest","/c/en/person","/c/en/ota"],"weight":0.20854999999999957,"degrees":[89,864,12935,27]},"num_concepts_raised":38930},{"base_id":316,"kind":"bot_words","i1":4,"i2":8,"sol":{"path":["/c/en/breasts","/c/en/mother","/c/en/language","/c/en/impropriety"],"weight":0.20389999999999942,"degrees":[89,1743,4160,85]},"num_concepts_raised":23439},{"base_id":316,"kind":"bot_words","i1":4,"i2":9,"sol":{"path":["/c/en/breasts","/c/en/woman","/c/en/wife","/c/en/wedlock"],"weight":0.2039199999999995,"degrees":[89,3510,1666,64]},"num_concepts_raised":19945},{"base_id":316,"kind":"bot_words","i1":5,"i2":6,"sol":{"path":["/c/en/hometown","/c/zh/乞骸骨","/c/en/literary","/c/en/betwixt"],"weight":0.2043399999999997,"degrees":[134,6,6728,60]},"num_concepts_raised":23550},{"base_id":316,"kind":"bot_words","i1":5,"i2":7,"sol":{"path":["/c/en/hometown","/c/en/home","/c/en/travel","/c/en/ota"],"weight":0.2091999999999997,"degrees":[134,2163,1689,27]},"num_concepts_raised":39525},{"base_id":316,"kind":"bot_words","i1":5,"i2":8,"sol":{"path":["/c/en/hometown","/c/en/home","/c/en/familiarity","/c/en/impropriety"],"weight":0.20480999999999955,"degrees":[134,2163,215,85]},"num_concepts_raised":23958},{"base_id":316,"kind":"bot_words","i1":5,"i2":9,"sol":{"path":["/c/en/hometown","/c/ja/家里","/c/en/wife","/c/en/wedlock"],"weight":0.20438999999999957,"degrees":[134,10,1666,64]},"num_concepts_raised":20921},{"base_id":316,"kind":"bot_words","i1":6,"i2":7,"sol":{"path":["/c/en/betwixt","/c/en/between","/c/en/place","/c/en/travel","/c/en/ota"],"weight":0.21063999999999983,"degrees":[60,565,3314,1689,27]},"num_concepts_raised":33324},{"base_id":316,"kind":"bot_words","i1":6,"i2":8,"sol":{"path":["/c/en/betwixt","/c/en/between","/c/en/book","/c/en/shame","/c/en/impropriety"],"weight":0.20618999999999965,"degrees":[60,565,3239,846,85]},"num_concepts_raised":17671},{"base_id":316,"kind":"bot_words","i1":6,"i2":9,"sol":{"path":["/c/en/betwixt","/c/en/between","/c/en/people","/c/en/marriage","/c/en/wedlock"],"weight":0.2063899999999997,"degrees":[60,565,4475,1333,64]},"num_concepts_raised":14641},{"base_id":316,"kind":"bot_words","i1":7,"i2":8,"sol":{"path":["/c/en/ota","/c/en/communication","/c/en/language","/c/en/impropriety"],"weight":0.20826999999999965,"degrees":[27,873,4160,85]},"num_concepts_raised":33456},{"base_id":316,"kind":"bot_words","i1":7,"i2":9,"sol":{"path":["/c/en/ota","/c/en/computing","/c/en/lock","/c/en/wedlock"],"weight":0.2080999999999997,"degrees":[27,9084,1337,64]},"num_concepts_raised":30690},{"base_id":316,"kind":"bot_words","i1":8,"i2":9,"sol":{"path":["/c/en/impropriety","/c/en/act","/c/en/marriage","/c/en/wedlock"],"weight":0.20401999999999954,"degrees":[85,2503,1333,64]},"num_concepts_raised":15063}],[{"base_id":316,"kind":"top_words","i1":0,"i2":1,"sol":{"path":["/c/en/translator","/c/en/language","/c/en/arabic"],"weight":0.20400000000000001,"degrees":[378,4160,479]},"num_concepts_raised":678},{"base_id":316,"kind":"top_words","i1":0,"i2":2,"sol":{"path":["/c/en/translator","/c/en/interpreter"],"weight":0.20700000000000002,"degrees":[378,489]},"num_concepts_raised":509},{"base_id":316,"kind":"top_words","i1":0,"i2":3,"sol":{"path":["/c/en/translator","/c/en/proscribed","/c/en/farsi"],"weight":0.202,"degrees":[378,507,53]},"num_concepts_raised":306},{"base_id":316,"kind":"top_words","i1":0,"i2":4,"sol":{"path":["/c/en/translator","/c/en/translation"],"weight":0.20800000000000002,"degrees":[378,701]},"num_concepts_raised":767},{"base_id":316,"kind":"top_words","i1":0,"i2":5,"sol":{"path":["/c/en/translator","/c/en/translation","/c/fr/linguistique","/c/en/pashto"],"weight":0.21011000000000024,"degrees":[378,701,7455,95]},"num_concepts_raised":20559},{"base_id":316,"kind":"top_words","i1":0,"i2":6,"sol":{"path":["/c/en/translator","/c/en/translation","/c/en/dub","/c/en/audio"],"weight":0.21274999999999947,"degrees":[378,701,332,335]},"num_concepts_raised":41010},{"base_id":316,"kind":"top_words","i1":0,"i2":7,"sol":{"path":["/c/en/translator","/c/en/skilled_worker","/c/en/cook","/c/en/cooks"],"weight":0.21015000000000028,"degrees":[378,113,1734,28]},"num_concepts_raised":15289},{"base_id":316,"kind":"top_words","i1":0,"i2":8,"sol":{"path":["/c/en/translator","/c/en/translate"],"weight":0.202,"degrees":[378,659]},"num_concepts_raised":758},{"base_id":316,"kind":"top_words","i1":0,"i2":9,"sol":{"path":["/c/en/translator","/c/en/translate","/c/en/convert","/c/en/braille"],"weight":0.22037999999999983,"degrees":[378,659,798,262]},"num_concepts_raised":15845},{"base_id":316,"kind":"top_words","i1":1,"i2":2,"sol":{"path":["/c/en/arabic","/c/en/dragoman","/c/en/interpreter"],"weight":0.20700000000000002,"degrees":[479,58,489]},"num_concepts_raised":773},{"base_id":316,"kind":"top_words","i1":1,"i2":3,"sol":{"path":["/c/en/arabic","/c/en/persian","/c/en/farsi"],"weight":0.20500000000000002,"degrees":[479,311,53]},"num_concepts_raised":455},{"base_id":316,"kind":"top_words","i1":1,"i2":4,"sol":{"path":["/c/en/arabic","/c/en/language","/c/en/translation"],"weight":0.20900000000000002,"degrees":[479,4160,701]},"num_concepts_raised":932},{"base_id":316,"kind":"top_words","i1":1,"i2":5,"sol":{"path":["/c/en/arabic","/c/en/pashto"],"weight":0.20400000000000001,"degrees":[479,95]},"num_concepts_raised":492},{"base_id":316,"kind":"top_words","i1":1,"i2":6,"sol":{"path":["/c/en/arabic","/c/en/country","/c/en/music","/c/en/audio"],"weight":0.21802999999999806,"degrees":[479,2796,8822,335]},"num_concepts_raised":58627},{"base_id":316,"kind":"top_words","i1":1,"i2":7,"sol":{"path":["/c/en/arabic","/c/en/he","/c/en/heat","/c/en/cooks"],"weight":0.21344999999999886,"degrees":[479,911,2046,28]},"num_concepts_raised":33107},{"base_id":316,"kind":"top_words","i1":1,"i2":8,"sol":{"path":["/c/en/arabic","/c/ar/عرب","/c/en/translate"],"weight":0.20400000000000001,"degrees":[479,65,659]},"num_concepts_raised":929},{"base_id":316,"kind":"top_words","i1":1,"i2":9,"sol":{"path":["/c/en/arabic","/c/fr/arabe","/c/fr/alphabet","/c/fr/braille","/c/en/braille"],"weight":0.23910999999999838,"degrees":[479,556,873,35,262]},"num_concepts_raised":33724},{"base_id":316,"kind":"top_words","i1":2,"i2":3,"sol":{"path":["/c/en/interpreter","/c/en/translator","/c/en/proscribed","/c/en/farsi"],"weight":0.2207799999999998,"degrees":[489,378,507,53]},"num_concepts_raised":40451},{"base_id":316,"kind":"top_words","i1":2,"i2":4,"sol":{"path":["/c/en/interpreter","/c/en/interpretation","/c/en/translation"],"weight":0.21100000000000002,"degrees":[489,415,701]},"num_concepts_raised":868},{"base_id":316,"kind":"top_words","i1":2,"i2":5,"sol":{"path":["/c/en/interpreter","/c/en/dragoman","/c/en/arabic","/c/en/pashto"],"weight":0.2170499999999998,"degrees":[489,58,479,95]},"num_concepts_raised":40767},{"base_id":316,"kind":"top_words","i1":2,"i2":6,"sol":{"path":["/c/en/interpreter","/c/en/computer_science","/c/en/video","/c/en/audio"],"weight":0.21883999999999906,"degrees":[489,739,602,335]},"num_concepts_raised":60052},{"base_id":316,"kind":"top_words","i1":2,"i2":7,"sol":{"path":["/c/en/interpreter","/c/en/person","/c/en/cook","/c/en/cooks"],"weight":0.21629999999999985,"degrees":[489,12935,1734,28]},"num_concepts_raised":35225},{"base_id":316,"kind":"top_words","i1":2,"i2":8,"sol":{"path":["/c/en/interpreter","/c/en/interpret","/c/en/translate"],"weight":0.20600000000000002,"degrees":[489,464,659]},"num_concepts_raised":863},{"base_id":316,"kind":"top_words","i1":2,"i2":9,"sol":{"path":["/c/en/interpreter","/c/en/computing","/c/en/menu","/c/en/braille"],"weight":0.22640999999999945,"degrees":[489,9084,462,262]},"num_concepts_raised":35773},{"base_id":316,"kind":"top_words","i1":3,"i2":4,"sol":{"path":["/c/en/farsi","/c/fr/linguistique","/c/en/translation"],"weight":0.20600000000000002,"degrees":[53,7455,701]},"num_concepts_raised":561},{"base_id":316,"kind":"top_words","i1":3,"i2":5,"sol":{"path":["/c/en/farsi","/c/en/iranian","/c/en/pashto"],"weight":0.203,"degrees":[53,243,95]},"num_concepts_raised":120},{"base_id":316,"kind":"top_words","i1":3,"i2":6,"sol":{"path":["/c/en/farsi","/c/fr/linguistique","/c/fr/son","/c/en/audio"],"weight":0.2070199999999991,"degrees":[53,7455,908,335]},"num_concepts_raised":38209},{"base_id":316,"kind":"top_words","i1":3,"i2":7,"sol":{"path":["/c/en/farsi","/c/en/iranian","/c/en/person","/c/en/cook","/c/en/cooks"],"weight":0.2063799999999999,"degrees":[53,243,12935,1734,28]},"num_concepts_raised":12041},{"base_id":316,"kind":"top_words","i1":3,"i2":8,"sol":{"path":["/c/en/farsi","/c/fr/linguistique","/c/en/translation","/c/en/translate"],"weight":0.21411999999999923,"degrees":[53,7455,701,659]},"num_concepts_raised":110186},{"base_id":316,"kind":"top_words","i1":3,"i2":9,"sol":{"path":["/c/en/farsi","/c/fr/linguistique","/c/fr/alphabet","/c/fr/braille","/c/en/braille"],"weight":0.21926999999999944,"degrees":[53,7455,873,35,262]},"num_concepts_raised":12717},{"base_id":316,"kind":"top_words","i1":4,"i2":5,"sol":{"path":["/c/en/translation","/c/fr/linguistique","/c/en/pashto"],"weight":0.20600000000000002,"degrees":[701,7455,95]},"num_concepts_raised":597},{"base_id":316,"kind":"top_words","i1":4,"i2":6,"sol":{"path":["/c/en/translation","/c/en/dub","/c/en/audio"],"weight":0.20600000000000002,"degrees":[701,332,335]},"num_concepts_raised":807},{"base_id":316,"kind":"top_words","i1":4,"i2":7,"sol":{"path":["/c/en/translation","/c/en/change","/c/en/cook","/c/en/cooks"],"weight":0.22295999999999938,"degrees":[701,3383,1734,28]},"num_concepts_raised":100876},{"base_id":316,"kind":"top_words","i1":4,"i2":8,"sol":{"path":["/c/en/translation","/c/en/translate"],"weight":0.21000000000000002,"degrees":[701,659]},"num_concepts_raised":958},{"base_id":316,"kind":"top_words","i1":4,"i2":9,"sol":{"path":["/c/en/translation","/c/en/translate","/c/en/convert","/c/en/braille"],"weight":0.23792999999999892,"degrees":[701,659,798,262]},"num_concepts_raised":101357},{"base_id":316,"kind":"top_words","i1":5,"i2":6,"sol":{"path":["/c/en/pashto","/c/fr/linguistique","/c/fr/son","/c/en/audio"],"weight":0.20753999999999903,"degrees":[95,7455,908,335]},"num_concepts_raised":38531},{"base_id":316,"kind":"top_words","i1":5,"i2":7,"sol":{"path":["/c/en/pashto","/c/en/afghan","/c/en/person","/c/en/cook","/c/en/cooks"],"weight":0.20699999999999985,"degrees":[95,139,12935,1734,28]},"num_concepts_raised":12351},{"base_id":316,"kind":"top_words","i1":5,"i2":8,"sol":{"path":["/c/en/pashto","/c/fr/linguistique","/c/en/translation","/c/en/translate"],"weight":0.21463999999999916,"degrees":[95,7455,701,659]},"num_concepts_raised":110503},{"base_id":316,"kind":"top_words","i1":5,"i2":9,"sol":{"path":["/c/en/pashto","/c/fr/linguistique","/c/fr/alphabet","/c/fr/braille","/c/en/braille"],"weight":0.21978999999999937,"degrees":[95,7455,873,35,262]},"num_concepts_raised":13030},{"base_id":316,"kind":"top_words","i1":6,"i2":7,"sol":{"path":["/c/en/audio","/c/en/music","/c/en/cook","/c/en/cooks"],"weight":0.20887999999999907,"degrees":[335,8822,1734,28]},"num_concepts_raised":32982},{"base_id":316,"kind":"top_words","i1":6,"i2":8,"sol":{"path":["/c/en/audio","/c/en/dub","/c/en/translate"],"weight":0.202,"degrees":[335,332,659]},"num_concepts_raised":803},{"base_id":316,"kind":"top_words","i1":6,"i2":9,"sol":{"path":["/c/en/audio","/c/en/record","/c/en/write","/c/en/braille"],"weight":0.21848999999999863,"degrees":[335,1856,1447,262]},"num_concepts_raised":33568},{"base_id":316,"kind":"top_words","i1":7,"i2":8,"sol":{"path":["/c/en/cooks","/c/en/cook","/c/en/change","/c/en/translate"],"weight":0.21328999999999923,"degrees":[28,1734,3383,659]},"num_concepts_raised":104870},{"base_id":316,"kind":"top_words","i1":7,"i2":9,"sol":{"path":["/c/en/cooks","/c/en/heat","/c/en/output","/c/en/braillewriter","/c/en/braille"],"weight":0.21894999999999942,"degrees":[28,2046,379,9,262]},"num_concepts_raised":7500},{"base_id":316,"kind":"top_words","i1":8,"i2":9,"sol":{"path":["/c/en/translate","/c/en/convert","/c/en/braille"],"weight":0.20600000000000002,"degrees":[659,798,262]},"num_concepts_raised":736}]]