[[{"base_id":966,"kind":"bot_words","i1":0,"i2":1,"sol":{"path":["/c/en/washed","/c/en/wet","/c/en/drop","/c/es/bajón","/c/en/bassoonist"],"weight":0.20567999999999992,"degrees":[43,1063,1915,15,74]},"num_concepts_raised":6474},{"base_id":966,"kind":"bot_words","i1":0,"i2":2,"sol":{"path":["/c/en/washed","/c/en/cat","/c/en/house","/c/en/chimney"],"weight":0.21680000000000005,"degrees":[43,1616,3114,477]},"num_concepts_raised":34500},{"base_id":966,"kind":"bot_words","i1":0,"i2":3,"sol":{"path":["/c/en/washed","/c/en/wet","/c/en/bath","/c/en/county_seat","/c/en/mandan"],"weight":0.20906999999999976,"degrees":[43,1063,636,2497,35]},"num_concepts_raised":8756},{"base_id":966,"kind":"bot_words","i1":0,"i2":4,"sol":{"path":["/c/en/washed","/c/en/wet","/c/en/uk","/c/en/walter"],"weight":0.20972999999999975,"degrees":[43,1063,5562,88]},"num_concepts_raised":15856},{"base_id":966,"kind":"bot_words","i1":0,"i2":5,"sol":{"path":["/c/en/washed","/c/en/wet","/c/en/drop","/c/en/value","/c/en/worthiness"],"weight":0.20448999999999967,"degrees":[43,1063,1915,1699,61]},"num_concepts_raised":12525},{"base_id":966,"kind":"bot_words","i1":0,"i2":6,"sol":{"path":["/c/en/washed","/c/en/wet","/c/en/matter","/c/ja/相","/c/en/mutually"],"weight":0.20532999999999965,"degrees":[43,1063,1318,100,144]},"num_concepts_raised":8529},{"base_id":966,"kind":"bot_words","i1":0,"i2":7,"sol":{"path":["/c/en/washed","/c/en/wet","/c/en/chemistry","/c/en/tannin","/c/en/tannic"],"weight":0.20399999999999985,"degrees":[43,1063,11754,159,26]},"num_concepts_raised":4835},{"base_id":966,"kind":"bot_words","i1":0,"i2":8,"sol":{"path":["/c/en/washed","/c/en/wash","/c/en/clean","/c/en/line","/c/en/zipline"],"weight":0.20399999999999985,"degrees":[43,1410,1667,3018,31]},"num_concepts_raised":8866},{"base_id":966,"kind":"bot_words","i1":0,"i2":9,"sol":{"path":["/c/en/washed","/c/en/wet","/c/ja/しとしと","/c/en/gracefully","/c/en/elegantly"],"weight":0.20432999999999973,"degrees":[43,1063,13,121,60]},"num_concepts_raised":5199},{"base_id":966,"kind":"bot_words","i1":1,"i2":2,"sol":{"path":["/c/en/bassoonist","/c/en/musical_instrument","/c/ru/труба","/c/en/chimney"],"weight":0.2173200000000002,"degrees":[74,1217,65,477]},"num_concepts_raised":32177},{"base_id":966,"kind":"bot_words","i1":1,"i2":3,"sol":{"path":["/c/en/bassoonist","/c/en/musical_instrument","/c/en/clarion","/c/en/county_seat","/c/en/mandan"],"weight":0.20864999999999995,"degrees":[74,1217,123,2497,35]},"num_concepts_raised":6145},{"base_id":966,"kind":"bot_words","i1":1,"i2":4,"sol":{"path":["/c/en/bassoonist","/c/en/musician","/c/xcl/քարոզ","/c/en/herald","/c/en/walter"],"weight":0.21240999999999993,"degrees":[74,823,22,277,88]},"num_concepts_raised":13331},{"base_id":966,"kind":"bot_words","i1":1,"i2":5,"sol":{"path":["/c/en/bassoonist","/c/fr/bassoniste","/c/fr/musique","/c/fr/valeur","/c/en/worthiness"],"weight":0.20602999999999982,"degrees":[74,21,4406,879,61]},"num_concepts_raised":9960},{"base_id":966,"kind":"bot_words","i1":1,"i2":6,"sol":{"path":["/c/en/bassoonist","/c/en/bassoon","/c/en/band","/c/en/zone","/c/en/mutually"],"weight":0.2061499999999998,"degrees":[74,239,1893,582,144]},"num_concepts_raised":5932},{"base_id":966,"kind":"bot_words","i1":1,"i2":7,"sol":{"path":["/c/en/bassoonist","/c/en/bassoon","/c/en/bass","/c/en/bark","/c/en/tannic_acid","/c/en/tannic"],"weight":0.2093006,"degrees":[74,239,524,1299,61,26]},"num_concepts_raised":168567},{"base_id":966,"kind":"bot_words","i1":1,"i2":8,"sol":{"path":["/c/en/bassoonist","/c/en/bassoon","/c/en/band","/c/en/line","/c/en/zipline"],"weight":0.20482,"degrees":[74,239,1893,3018,31]},"num_concepts_raised":6278},{"base_id":966,"kind":"bot_words","i1":1,"i2":9,"sol":{"path":["/c/en/bassoonist","/c/fr/bassoniste","/c/fr/musique","/c/en/grazioso","/c/en/gracefully","/c/en/elegantly"],"weight":0.21135919999999989,"degrees":[74,21,4406,14,121,60]},"num_concepts_raised":152299},{"base_id":966,"kind":"bot_words","i1":2,"i2":3,"sol":{"path":["/c/en/chimney","/c/en/fireplace","/c/en/fire","/c/en/english_language","/c/en/mandan"],"weight":0.22484000000000004,"degrees":[477,461,2829,579,35]},"num_concepts_raised":34423},{"base_id":966,"kind":"bot_words","i1":2,"i2":4,"sol":{"path":["/c/en/chimney","/c/en/british","/c/en/wally","/c/en/walter"],"weight":0.22237000000000007,"degrees":[477,3452,45,88]},"num_concepts_raised":40873},{"base_id":966,"kind":"bot_words","i1":2,"i2":5,"sol":{"path":["/c/en/chimney","/c/en/hollow","/c/en/worth","/c/en/worthiness"],"weight":0.21505999999999997,"degrees":[477,863,559,61]},"num_concepts_raised":37958},{"base_id":966,"kind":"bot_words","i1":2,"i2":6,"sol":{"path":["/c/en/chimney","/c/en/matter","/c/ja/相","/c/en/mutually"],"weight":0.21590999999999994,"degrees":[477,1318,100,144]},"num_concepts_raised":34130},{"base_id":966,"kind":"bot_words","i1":2,"i2":7,"sol":{"path":["/c/en/chimney","/c/fr/cheminée","/c/fr/sert","/c/fr/tan","/c/en/tannic"],"weight":0.21945000000000014,"degrees":[477,229,164,54,26]},"num_concepts_raised":30612},{"base_id":966,"kind":"bot_words","i1":2,"i2":8,"sol":{"path":["/c/en/chimney","/c/en/narrow","/c/en/line","/c/en/zipline"],"weight":0.21659000000000012,"degrees":[477,951,3018,31]},"num_concepts_raised":34279},{"base_id":966,"kind":"bot_words","i1":2,"i2":9,"sol":{"path":["/c/en/chimney","/c/en/smoke","/c/en/slang","/c/zh/高冷","/c/en/elegantly"],"weight":0.21725000000000003,"degrees":[477,1757,16318,4,60]},"num_concepts_raised":30974},{"base_id":966,"kind":"bot_words","i1":3,"i2":4,"sol":{"path":["/c/en/mandan","/c/en/english_language","/c/en/messenger","/c/en/herald","/c/en/walter"],"weight":0.21574999999999978,"degrees":[35,579,559,277,88]},"num_concepts_raised":15536},{"base_id":966,"kind":"bot_words","i1":3,"i2":5,"sol":{"path":["/c/en/mandan","/c/en/english_language","/c/en/faithful","/c/en/worthy","/c/en/worthiness"],"weight":0.2092799999999997,"degrees":[35,579,389,465,61]},"num_concepts_raised":12242},{"base_id":966,"kind":"bot_words","i1":3,"i2":6,"sol":{"path":["/c/en/mandan","/c/en/english_language","/c/en/out","/c/en/enter","/c/en/mutually"],"weight":0.20920999999999967,"degrees":[35,579,1307,1017,144]},"num_concepts_raised":8215},{"base_id":966,"kind":"bot_words","i1":3,"i2":7,"sol":{"path":["/c/en/mandan","/c/fr/mandan","/c/fr/relatif","/c/fr/tannique","/c/en/tannic"],"weight":0.20979999999999985,"degrees":[35,7,746,17,26]},"num_concepts_raised":4499},{"base_id":966,"kind":"bot_words","i1":3,"i2":8,"sol":{"path":["/c/en/mandan","/c/en/english_language","/c/en/line","/c/en/zipline"],"weight":0.20785999999999985,"degrees":[35,579,3018,31]},"num_concepts_raised":8564},{"base_id":966,"kind":"bot_words","i1":3,"i2":9,"sol":{"path":["/c/en/mandan","/c/en/morton_county","/c/en/usa","/c/en/slang","/c/zh/高冷","/c/en/elegantly"],"weight":0.21234279999999972,"degrees":[35,12,2683,16318,4,60]},"num_concepts_raised":263189},{"base_id":966,"kind":"bot_words","i1":4,"i2":5,"sol":{"path":["/c/en/walter","/c/en/wally","/c/en/value","/c/en/worthiness"],"weight":0.21112999999999968,"degrees":[88,45,1699,61]},"num_concepts_raised":19309},{"base_id":966,"kind":"bot_words","i1":4,"i2":6,"sol":{"path":["/c/en/walter","/c/en/herald","/c/en/sign","/c/en/enter","/c/en/mutually"],"weight":0.21199999999999966,"degrees":[88,277,2004,1017,144]},"num_concepts_raised":15381},{"base_id":966,"kind":"bot_words","i1":4,"i2":7,"sol":{"path":["/c/en/walter","/c/en/dialect","/c/en/tan","/c/en/tannin","/c/en/tannic"],"weight":0.20861999999999986,"degrees":[88,2378,439,159,26]},"num_concepts_raised":11717},{"base_id":966,"kind":"bot_words","i1":4,"i2":8,"sol":{"path":["/c/en/walter","/c/en/walt","/c/en/nautical","/c/en/cable","/c/en/zipline"],"weight":0.21067999999999984,"degrees":[88,38,5204,735,31]},"num_concepts_raised":15665},{"base_id":966,"kind":"bot_words","i1":4,"i2":9,"sol":{"path":["/c/en/walter","/c/en/wally","/c/en/slang","/c/zh/高冷","/c/en/elegantly"],"weight":0.21088999999999974,"degrees":[88,45,16318,4,60]},"num_concepts_raised":12087},{"base_id":966,"kind":"bot_words","i1":5,"i2":6,"sol":{"path":["/c/en/worthiness","/c/en/good","/c/ja/相","/c/en/mutually"],"weight":0.20452999999999955,"degrees":[61,2615,100,144]},"num_concepts_raised":11956},{"base_id":966,"kind":"bot_words","i1":5,"i2":7,"sol":{"path":["/c/en/worthiness","/c/en/good","/c/en/health","/c/en/tannin","/c/en/tannic"],"weight":0.20317999999999978,"degrees":[61,2615,1110,159,26]},"num_concepts_raised":8325},{"base_id":966,"kind":"bot_words","i1":5,"i2":8,"sol":{"path":["/c/en/worthiness","/c/fi/arvokkuus","/c/en/gravity","/c/en/zipline"],"weight":0.20307999999999976,"degrees":[61,14,563,31]},"num_concepts_raised":12323},{"base_id":966,"kind":"bot_words","i1":5,"i2":9,"sol":{"path":["/c/en/worthiness","/c/en/value","/c/en/improve","/c/en/spruce_up","/c/en/elegantly"],"weight":0.20359999999999967,"degrees":[61,1699,539,90,60]},"num_concepts_raised":8690},{"base_id":966,"kind":"bot_words","i1":6,"i2":7,"sol":{"path":["/c/en/mutually","/c/en/co","/c/fr/chimie","/c/fr/tannique","/c/en/tannic"],"weight":0.20612999999999973,"degrees":[144,194,9652,17,26]},"num_concepts_raised":4291},{"base_id":966,"kind":"bot_words","i1":6,"i2":8,"sol":{"path":["/c/en/mutually","/c/en/enter","/c/en/line","/c/en/zipline"],"weight":0.20414999999999972,"degrees":[144,1017,3018,31]},"num_concepts_raised":8296},{"base_id":966,"kind":"bot_words","i1":6,"i2":9,"sol":{"path":["/c/en/mutually","/c/fr/réciproquement","/c/fr/manière","/c/fr/gracieusement","/c/en/elegantly"],"weight":0.20561999999999964,"degrees":[144,85,1757,38,60]},"num_concepts_raised":4657},{"base_id":966,"kind":"bot_words","i1":7,"i2":8,"sol":{"path":["/c/en/tannic","/c/fr/tannique","/c/fr/chimie","/c/fr/physique","/c/en/gravity","/c/en/zipline"],"weight":0.20948629999999985,"degrees":[26,17,9652,6029,563,31]},"num_concepts_raised":443019},{"base_id":966,"kind":"bot_words","i1":7,"i2":9,"sol":{"path":["/c/en/tannic","/c/fr/tannique","/c/fr/chimie","/c/fr/titre","/c/fr/gracieusement","/c/en/elegantly"],"weight":0.2096108999999998,"degrees":[26,17,9652,722,38,60]},"num_concepts_raised":116027},{"base_id":966,"kind":"bot_words","i1":8,"i2":9,"sol":{"path":["/c/en/zipline","/c/en/gravity","/c/en/up","/c/en/spruce_up","/c/en/elegantly"],"weight":0.20307999999999982,"degrees":[31,563,1184,90,60]},"num_concepts_raised":5015}],[{"base_id":966,"kind":"top_words","i1":0,"i2":1,"sol":{"path":["/c/en/statistical","/c/en/hidden_markov_model","/c/en/system","/c/en/unorganized"],"weight":0.20402999999999974,"degrees":[129,40,1888,35]},"num_concepts_raised":16933},{"base_id":966,"kind":"top_words","i1":0,"i2":2,"sol":{"path":["/c/en/statistical","/c/en/statistics","/c/en/var","/c/en/river","/c/en/drava"],"weight":0.2098599999999997,"degrees":[129,1142,73,2945,69]},"num_concepts_raised":6941},{"base_id":966,"kind":"top_words","i1":0,"i2":3,"sol":{"path":["/c/en/statistical","/c/en/biosystematics","/c/en/taxonomy","/c/en/clade"],"weight":0.20494999999999952,"degrees":[129,19,745,110]},"num_concepts_raised":11827},{"base_id":966,"kind":"top_words","i1":0,"i2":4,"sol":{"path":["/c/en/statistical","/c/fr/statistique","/c/fr/objet","/c/fr/commerce","/c/en/superstore"],"weight":0.20616999999999974,"degrees":[129,162,1522,1418,27]},"num_concepts_raised":7031},{"base_id":966,"kind":"top_words","i1":0,"i2":5,"sol":{"path":["/c/en/statistical","/c/en/outlier","/c/en/geology","/c/en/nappe"],"weight":0.20384999999999964,"degrees":[129,63,3862,25]},"num_concepts_raised":28841},{"base_id":966,"kind":"top_words","i1":0,"i2":6,"sol":{"path":["/c/en/statistical","/c/fr/statistique","/c/fr/pays","/c/en/usa","/c/en/edinburg"],"weight":0.20621999999999968,"degrees":[129,162,5104,2683,28]},"num_concepts_raised":9800},{"base_id":966,"kind":"top_words","i1":0,"i2":7,"sol":{"path":["/c/en/statistical","/c/en/outlier","/c/en/resident","/c/en/metropolitan"],"weight":0.21044999999999947,"degrees":[129,63,481,151]},"num_concepts_raised":19648},{"base_id":966,"kind":"top_words","i1":0,"i2":8,"sol":{"path":["/c/en/statistical","/c/en/statistics","/c/en/range","/c/en/township"],"weight":0.20568999999999937,"degrees":[129,1142,1025,151]},"num_concepts_raised":109056},{"base_id":966,"kind":"top_words","i1":0,"i2":9,"sol":{"path":["/c/en/statistical","/c/en/outlier","/c/en/geology","/c/en/karst"],"weight":0.21131999999999984,"degrees":[129,63,3862,167]},"num_concepts_raised":13960},{"base_id":966,"kind":"top_words","i1":1,"i2":2,"sol":{"path":["/c/en/unorganized","/c/en/system","/c/en/river","/c/en/drava"],"weight":0.20851999999999998,"degrees":[35,1888,2945,69]},"num_concepts_raised":15893},{"base_id":966,"kind":"top_words","i1":1,"i2":3,"sol":{"path":["/c/en/unorganized","/c/en/system","/c/en/taxonomy","/c/en/clade"],"weight":0.20398999999999978,"degrees":[35,1888,745,110]},"num_concepts_raised":20808},{"base_id":966,"kind":"top_words","i1":1,"i2":4,"sol":{"path":["/c/en/unorganized","/c/en/system","/c/en/store","/c/en/superstore"],"weight":0.2029,"degrees":[35,1888,1279,27]},"num_concepts_raised":15983},{"base_id":966,"kind":"top_words","i1":1,"i2":5,"sol":{"path":["/c/en/unorganized","/c/en/crowd","/c/en/like","/c/en/nappe"],"weight":0.20284999999999992,"degrees":[35,1238,2357,25]},"num_concepts_raised":37542},{"base_id":966,"kind":"top_words","i1":1,"i2":6,"sol":{"path":["/c/en/unorganized","/c/en/government","/c/en/county_seat","/c/en/edinburg"],"weight":0.2030099999999999,"degrees":[35,2046,2497,28]},"num_concepts_raised":18641},{"base_id":966,"kind":"top_words","i1":1,"i2":7,"sol":{"path":["/c/en/unorganized","/c/en/us","/c/en/micropolitan","/c/en/metropolitan"],"weight":0.21144999999999975,"degrees":[35,8154,11,151]},"num_concepts_raised":28283},{"base_id":966,"kind":"top_words","i1":1,"i2":8,"sol":{"path":["/c/en/unorganized","/c/en/us","/c/en/township"],"weight":0.202,"degrees":[35,8154,151]},"num_concepts_raised":162},{"base_id":966,"kind":"top_words","i1":1,"i2":9,"sol":{"path":["/c/en/unorganized","/c/en/territory","/c/en/land","/c/en/karst"],"weight":0.2099600000000001,"degrees":[35,704,2465,167]},"num_concepts_raised":22743},{"base_id":966,"kind":"top_words","i1":2,"i2":3,"sol":{"path":["/c/en/drava","/c/fr/drave","/c/fr/botanique","/c/fr/biologie","/c/en/clade"],"weight":0.21141999999999975,"degrees":[69,44,7950,2957,110]},"num_concepts_raised":10786},{"base_id":966,"kind":"top_words","i1":2,"i2":4,"sol":{"path":["/c/en/drava","/c/en/river","/c/en/outlet","/c/en/megastore","/c/en/superstore"],"weight":0.20947999999999997,"degrees":[69,2945,207,17,27]},"num_concepts_raised":5949},{"base_id":966,"kind":"top_words","i1":2,"i2":5,"sol":{"path":["/c/en/drava","/c/en/river","/c/en/water","/c/en/nappe"],"weight":0.20842999999999987,"degrees":[69,2945,4606,25]},"num_concepts_raised":27835},{"base_id":966,"kind":"top_words","i1":2,"i2":6,"sol":{"path":["/c/en/drava","/c/en/river","/c/en/missouri","/c/en/edinburg"],"weight":0.2084299999999999,"degrees":[69,2945,699,28]},"num_concepts_raised":8663},{"base_id":966,"kind":"top_words","i1":2,"i2":7,"sol":{"path":["/c/en/drava","/c/en/danube","/c/en/germany","/c/en/metropolitan"],"weight":0.21493999999999971,"degrees":[69,228,1036,151]},"num_concepts_raised":18524},{"base_id":966,"kind":"top_words","i1":2,"i2":8,"sol":{"path":["/c/en/drava","/c/en/river","/c/en/town","/c/en/township"],"weight":0.21346999999999958,"degrees":[69,2945,2220,151]},"num_concepts_raised":107845},{"base_id":966,"kind":"top_words","i1":2,"i2":9,"sol":{"path":["/c/en/drava","/c/en/slovenia","/c/en/karst"],"weight":0.20600000000000002,"degrees":[69,303,167]},"num_concepts_raised":167},{"base_id":966,"kind":"top_words","i1":3,"i2":4,"sol":{"path":["/c/en/clade","/c/en/taxonomy","/c/fr/espèce","/c/fr/commerce","/c/en/superstore"],"weight":0.2038899999999998,"degrees":[110,745,1923,1418,27]},"num_concepts_raised":10896},{"base_id":966,"kind":"top_words","i1":3,"i2":5,"sol":{"path":["/c/en/clade","/c/mul/synapsida","/c/en/like","/c/en/nappe"],"weight":0.20360999999999968,"degrees":[110,16,2357,25]},"num_concepts_raised":32771},{"base_id":966,"kind":"top_words","i1":3,"i2":6,"sol":{"path":["/c/en/clade","/c/en/taxonomy","/c/en/fox","/c/en/usa","/c/en/edinburg"],"weight":0.20394999999999971,"degrees":[110,745,1066,2683,28]},"num_concepts_raised":13665},{"base_id":966,"kind":"top_words","i1":3,"i2":7,"sol":{"path":["/c/en/clade","/c/en/ape","/c/en/large","/c/en/metropolis","/c/en/metropolitan"],"weight":0.21659999999999952,"degrees":[110,462,1592,256,151]},"num_concepts_raised":23506},{"base_id":966,"kind":"top_words","i1":3,"i2":8,"sol":{"path":["/c/en/clade","/c/en/taxonomy","/c/fi/kunta","/c/en/township"],"weight":0.20536999999999944,"degrees":[110,745,155,151]},"num_concepts_raised":112892},{"base_id":966,"kind":"top_words","i1":3,"i2":9,"sol":{"path":["/c/en/clade","/c/en/monkey","/c/en/mess","/c/sh/krš","/c/en/karst"],"weight":0.2128099999999999,"degrees":[110,884,573,14,167]},"num_concepts_raised":17781},{"base_id":966,"kind":"top_words","i1":4,"i2":5,"sol":{"path":["/c/en/superstore","/c/en/anchor","/c/en/water","/c/en/nappe"],"weight":0.20274999999999993,"degrees":[27,716,4606,25]},"num_concepts_raised":28063},{"base_id":966,"kind":"top_words","i1":4,"i2":6,"sol":{"path":["/c/en/superstore","/c/en/store","/c/en/city","/c/en/edinburgh","/c/en/edinburg"],"weight":0.20379999999999993,"degrees":[27,1279,3758,238,28]},"num_concepts_raised":8818},{"base_id":966,"kind":"top_words","i1":4,"i2":7,"sol":{"path":["/c/en/superstore","/c/en/store","/c/en/city","/c/en/metropolitan"],"weight":0.20967999999999976,"degrees":[27,1279,3758,151]},"num_concepts_raised":18680},{"base_id":966,"kind":"top_words","i1":4,"i2":8,"sol":{"path":["/c/en/superstore","/c/en/store","/c/en/town","/c/en/township"],"weight":0.20785999999999963,"degrees":[27,1279,2220,151]},"num_concepts_raised":108063},{"base_id":966,"kind":"top_words","i1":4,"i2":9,"sol":{"path":["/c/en/superstore","/c/en/anchor","/c/en/calcareous","/c/en/limestone","/c/en/karst"],"weight":0.2118800000000001,"degrees":[27,716,107,318,167]},"num_concepts_raised":13003},{"base_id":966,"kind":"top_words","i1":5,"i2":6,"sol":{"path":["/c/en/nappe","/c/en/water","/c/en/city","/c/en/edinburgh","/c/en/edinburg"],"weight":0.20378999999999986,"degrees":[25,4606,3758,238,28]},"num_concepts_raised":30882},{"base_id":966,"kind":"top_words","i1":5,"i2":7,"sol":{"path":["/c/en/nappe","/c/en/mass","/c/en/christianity","/c/en/metropolitan"],"weight":0.21144999999999964,"degrees":[25,1639,2627,151]},"num_concepts_raised":40449},{"base_id":966,"kind":"top_words","i1":5,"i2":8,"sol":{"path":["/c/en/nappe","/c/en/water","/c/en/city","/c/en/township"],"weight":0.20464999999999955,"degrees":[25,4606,3758,151]},"num_concepts_raised":129421},{"base_id":966,"kind":"top_words","i1":5,"i2":9,"sol":{"path":["/c/en/nappe","/c/en/geology","/c/en/karst"],"weight":0.20400000000000001,"degrees":[25,3862,167]},"num_concepts_raised":137},{"base_id":966,"kind":"top_words","i1":6,"i2":7,"sol":{"path":["/c/en/edinburg","/c/en/edinburgh","/c/en/city","/c/en/metropolitan"],"weight":0.2107299999999997,"degrees":[28,238,3758,151]},"num_concepts_raised":21169},{"base_id":966,"kind":"top_words","i1":6,"i2":8,"sol":{"path":["/c/en/edinburg","/c/en/maine","/c/en/town","/c/en/township"],"weight":0.20786999999999956,"degrees":[28,419,2220,151]},"num_concepts_raised":110042},{"base_id":966,"kind":"top_words","i1":6,"i2":9,"sol":{"path":["/c/en/edinburg","/c/en/maine","/c/en/crystal","/c/en/limestone","/c/en/karst"],"weight":0.21189000000000002,"degrees":[28,419,940,318,167]},"num_concepts_raised":15745},{"base_id":966,"kind":"top_words","i1":7,"i2":8,"sol":{"path":["/c/en/metropolitan","/c/en/city","/c/en/township"],"weight":0.20400000000000001,"degrees":[151,3758,151]},"num_concepts_raised":256},{"base_id":966,"kind":"top_words","i1":7,"i2":9,"sol":{"path":["/c/en/metropolitan","/c/fr/métropolitain","/c/en/underground","/c/en/karst"],"weight":0.21855999999999984,"degrees":[151,80,490,167]},"num_concepts_raised":25468},{"base_id":966,"kind":"top_words","i1":8,"i2":9,"sol":{"path":["/c/en/township","/c/fr/géographie","/c/sl/kras","/c/en/karst"],"weight":0.21536999999999973,"degrees":[151,8043,10,167]},"num_concepts_raised":114620}]]