[[{"base_id":930,"kind":"bot_words","i1":0,"i2":1,"sol":{"path":["/c/en/mentalism","/c/en/mind","/c/en/person","/c/en/company","/c/en/heinz"],"weight":0.20791999999999983,"degrees":[30,1738,12935,2258,35]},"num_concepts_raised":10667},{"base_id":930,"kind":"bot_words","i1":0,"i2":2,"sol":{"path":["/c/en/mentalism","/c/en/intelligence","/c/en/practice","/c/en/pharisaic"],"weight":0.20279999999999998,"degrees":[30,836,1380,25]},"num_concepts_raised":11295},{"base_id":930,"kind":"bot_words","i1":0,"i2":3,"sol":{"path":["/c/en/mentalism","/c/en/mind","/c/en/person","/c/en/farmer","/c/en/sower"],"weight":0.20299999999999985,"degrees":[30,1738,12935,1059,45]},"num_concepts_raised":8633},{"base_id":930,"kind":"bot_words","i1":0,"i2":4,"sol":{"path":["/c/en/mentalism","/c/en/physical","/c/en/physics","/c/en/speed_of_sound","/c/en/hypersonic"],"weight":0.20415999999999992,"degrees":[30,1078,9094,73,48]},"num_concepts_raised":9905},{"base_id":930,"kind":"bot_words","i1":0,"i2":5,"sol":{"path":["/c/en/mentalism","/c/en/mental","/c/en/tin","/c/en/metallic"],"weight":0.20657999999999926,"degrees":[30,669,1155,310]},"num_concepts_raised":34229},{"base_id":930,"kind":"bot_words","i1":0,"i2":6,"sol":{"path":["/c/en/mentalism","/c/en/mind","/c/en/games","/c/fi/kroketti","/c/en/croquette"],"weight":0.21323999999999993,"degrees":[30,1738,430,13,102]},"num_concepts_raised":16755},{"base_id":930,"kind":"bot_words","i1":0,"i2":7,"sol":{"path":["/c/en/mentalism","/c/en/mind","/c/zh/有心人","/c/en/resolute","/c/en/resolutely"],"weight":0.20420999999999975,"degrees":[30,1738,14,288,62]},"num_concepts_raised":8211},{"base_id":930,"kind":"bot_words","i1":0,"i2":8,"sol":{"path":["/c/en/mentalism","/c/en/neurological","/c/en/stroke","/c/en/apoplexy"],"weight":0.20474999999999988,"degrees":[30,160,1197,80]},"num_concepts_raised":12673},{"base_id":930,"kind":"bot_words","i1":0,"i2":9,"sol":{"path":["/c/en/mentalism","/c/en/intelligence","/c/en/monkey","/c/en/captivity"],"weight":0.20453999999999972,"degrees":[30,836,884,169]},"num_concepts_raised":12233},{"base_id":930,"kind":"bot_words","i1":1,"i2":2,"sol":{"path":["/c/en/heinz","/c/en/company","/c/en/general","/c/en/christianity","/c/en/pharisaic"],"weight":0.2079199999999999,"degrees":[35,2258,1132,2627,25]},"num_concepts_raised":7784},{"base_id":930,"kind":"bot_words","i1":1,"i2":3,"sol":{"path":["/c/en/heinz","/c/en/company","/c/en/founder","/c/la/sator","/c/en/sower"],"weight":0.2089499999999998,"degrees":[35,2258,432,15,45]},"num_concepts_raised":5038},{"base_id":930,"kind":"bot_words","i1":1,"i2":4,"sol":{"path":["/c/en/heinz","/c/en/five","/c/en/greater","/c/en/hypersonic"],"weight":0.20805999999999986,"degrees":[35,1089,173,48]},"num_concepts_raised":6300},{"base_id":930,"kind":"bot_words","i1":1,"i2":5,"sol":{"path":["/c/en/heinz","/c/en/company","/c/en/mercury","/c/en/metallic"],"weight":0.21135999999999922,"degrees":[35,2258,1162,310]},"num_concepts_raised":30657},{"base_id":930,"kind":"bot_words","i1":1,"i2":6,"sol":{"path":["/c/en/heinz","/c/en/company","/c/en/apple","/c/en/food","/c/en/croquette"],"weight":0.21625999999999987,"degrees":[35,2258,1553,4281,102]},"num_concepts_raised":13184},{"base_id":930,"kind":"bot_words","i1":1,"i2":7,"sol":{"path":["/c/en/heinz","/c/en/company","/c/en/firm","/c/en/resolute","/c/en/resolutely"],"weight":0.20926999999999968,"degrees":[35,2258,867,288,62]},"num_concepts_raised":4636},{"base_id":930,"kind":"bot_words","i1":1,"i2":8,"sol":{"path":["/c/en/heinz","/c/en/company","/c/fr/accompagner","/c/fr/apoplexie","/c/en/apoplexy"],"weight":0.2108599999999998,"degrees":[35,2258,406,94,80]},"num_concepts_raised":9437},{"base_id":930,"kind":"bot_words","i1":1,"i2":9,"sol":{"path":["/c/en/heinz","/c/en/company","/c/en/person","/c/en/captor","/c/en/captivity"],"weight":0.21064999999999967,"degrees":[35,2258,12935,40,169]},"num_concepts_raised":8652},{"base_id":930,"kind":"bot_words","i1":2,"i2":3,"sol":{"path":["/c/en/pharisaic","/c/en/practice","/c/en/work","/c/en/farmer","/c/en/sower"],"weight":0.20294999999999996,"degrees":[25,1380,4013,1059,45]},"num_concepts_raised":5713},{"base_id":930,"kind":"bot_words","i1":2,"i2":4,"sol":{"path":["/c/en/pharisaic","/c/en/practice","/c/en/aeronautics","/c/en/hypersonic"],"weight":0.20311,"degrees":[25,1380,288,48]},"num_concepts_raised":6988},{"base_id":930,"kind":"bot_words","i1":2,"i2":5,"sol":{"path":["/c/en/pharisaic","/c/en/christianity","/c/en/element","/c/en/metal","/c/en/metallic"],"weight":0.20978999999999937,"degrees":[25,2627,1173,2107,310]},"num_concepts_raised":31418},{"base_id":930,"kind":"bot_words","i1":2,"i2":6,"sol":{"path":["/c/en/pharisaic","/c/en/christianity","/c/en/antidoron","/c/en/food","/c/en/croquette"],"weight":0.21128000000000002,"degrees":[25,2627,30,4281,102]},"num_concepts_raised":13844},{"base_id":930,"kind":"bot_words","i1":2,"i2":7,"sol":{"path":["/c/en/pharisaic","/c/en/pharisaism","/c/en/rigid","/c/zh/硬","/c/en/resolutely"],"weight":0.20425999999999983,"degrees":[25,42,406,36,62]},"num_concepts_raised":5302},{"base_id":930,"kind":"bot_words","i1":2,"i2":8,"sol":{"path":["/c/en/pharisaic","/c/en/practice","/c/en/medicine","/c/en/stroke","/c/en/apoplexy"],"weight":0.20492999999999995,"degrees":[25,1380,11938,1197,80]},"num_concepts_raised":10117},{"base_id":930,"kind":"bot_words","i1":2,"i2":9,"sol":{"path":["/c/en/pharisaic","/c/en/pharisee","/c/en/jews","/c/en/diaspora","/c/en/captivity"],"weight":0.20568999999999982,"degrees":[25,99,133,145,169]},"num_concepts_raised":9332},{"base_id":930,"kind":"bot_words","i1":3,"i2":4,"sol":{"path":["/c/en/sower","/c/en/farmer","/c/en/pitch","/c/en/aviation","/c/en/hypersonic"],"weight":0.20325999999999994,"degrees":[45,1059,1134,1071,48]},"num_concepts_raised":4249},{"base_id":930,"kind":"bot_words","i1":3,"i2":5,"sol":{"path":["/c/en/sower","/c/en/sow","/c/en/metal","/c/en/metallic"],"weight":0.20951999999999926,"degrees":[45,699,2107,310]},"num_concepts_raised":28698},{"base_id":930,"kind":"bot_words","i1":3,"i2":6,"sol":{"path":["/c/en/sower","/c/en/farmer","/c/en/food","/c/en/croquette"],"weight":0.21132999999999993,"degrees":[45,1059,4281,102]},"num_concepts_raised":11105},{"base_id":930,"kind":"bot_words","i1":3,"i2":7,"sol":{"path":["/c/en/sower","/c/en/farmer","/c/en/farm","/c/fr/ferme","/c/fr/résolument","/c/en/resolutely"],"weight":0.21033979999999963,"degrees":[45,1059,1479,524,36,62]},"num_concepts_raised":243662},{"base_id":930,"kind":"bot_words","i1":3,"i2":8,"sol":{"path":["/c/en/sower","/c/en/farmer","/c/en/person","/c/en/stroke","/c/en/apoplexy"],"weight":0.20497999999999988,"degrees":[45,1059,12935,1197,80]},"num_concepts_raised":7379},{"base_id":930,"kind":"bot_words","i1":3,"i2":9,"sol":{"path":["/c/en/sower","/c/en/farmer","/c/en/person","/c/en/captor","/c/en/captivity"],"weight":0.20572999999999975,"degrees":[45,1059,12935,40,169]},"num_concepts_raised":6588},{"base_id":930,"kind":"bot_words","i1":4,"i2":5,"sol":{"path":["/c/en/hypersonic","/c/en/aviation","/c/en/metal","/c/en/metallic"],"weight":0.20974999999999933,"degrees":[48,1071,2107,310]},"num_concepts_raised":29908},{"base_id":930,"kind":"bot_words","i1":4,"i2":6,"sol":{"path":["/c/en/hypersonic","/c/en/aviation","/c/en/plate","/c/en/food","/c/en/croquette"],"weight":0.2116,"degrees":[48,1071,1940,4281,102]},"num_concepts_raised":12399},{"base_id":930,"kind":"bot_words","i1":4,"i2":7,"sol":{"path":["/c/en/hypersonic","/c/en/sonic","/c/en/music","/c/en/resolve","/c/en/resolutely"],"weight":0.2035099999999998,"degrees":[48,73,8822,420,62]},"num_concepts_raised":3835},{"base_id":930,"kind":"bot_words","i1":4,"i2":8,"sol":{"path":["/c/en/hypersonic","/c/en/subsonic","/c/en/pressure","/c/en/apoplexy"],"weight":0.20485999999999993,"degrees":[48,59,993,80]},"num_concepts_raised":8638},{"base_id":930,"kind":"bot_words","i1":4,"i2":9,"sol":{"path":["/c/en/hypersonic","/c/en/aviation","/c/en/hold","/c/en/capture","/c/en/captivity"],"weight":0.20498999999999978,"degrees":[48,1071,2017,769,169]},"num_concepts_raised":7873},{"base_id":930,"kind":"bot_words","i1":5,"i2":6,"sol":{"path":["/c/en/metallic","/c/en/tin","/c/en/food","/c/en/croquette"],"weight":0.21504999999999935,"degrees":[310,1155,4281,102]},"num_concepts_raised":36520},{"base_id":930,"kind":"bot_words","i1":5,"i2":7,"sol":{"path":["/c/en/metallic","/c/en/positive","/c/xcl/հաստատ","/c/en/resolutely"],"weight":0.20649999999999916,"degrees":[310,611,20,62]},"num_concepts_raised":28294},{"base_id":930,"kind":"bot_words","i1":5,"i2":8,"sol":{"path":["/c/en/metallic","/c/en/bell","/c/en/stroke","/c/en/apoplexy"],"weight":0.20834999999999926,"degrees":[310,1216,1197,80]},"num_concepts_raised":32948},{"base_id":930,"kind":"bot_words","i1":5,"i2":9,"sol":{"path":["/c/en/metallic","/c/en/string","/c/en/capture","/c/en/captivity"],"weight":0.20810999999999913,"degrees":[310,1270,769,169]},"num_concepts_raised":32212},{"base_id":930,"kind":"bot_words","i1":6,"i2":7,"sol":{"path":["/c/en/croquette","/c/en/food","/c/en/solid","/c/en/resolve","/c/en/resolutely"],"weight":0.2115399999999998,"degrees":[102,4281,1304,420,62]},"num_concepts_raised":10717},{"base_id":930,"kind":"bot_words","i1":6,"i2":8,"sol":{"path":["/c/en/croquette","/c/en/vegetable","/c/en/brain","/c/en/apoplexy"],"weight":0.20976999999999996,"degrees":[102,1060,1613,80]},"num_concepts_raised":15484},{"base_id":930,"kind":"bot_words","i1":6,"i2":9,"sol":{"path":["/c/en/croquette","/c/pt/croquete","/c/pt/comer","/c/en/capture","/c/en/captivity"],"weight":0.2150099999999998,"degrees":[102,24,745,769,169]},"num_concepts_raised":14726},{"base_id":930,"kind":"bot_words","i1":7,"i2":8,"sol":{"path":["/c/en/resolutely","/c/en/resolve","/c/en/medicine","/c/en/stroke","/c/en/apoplexy"],"weight":0.20521999999999974,"degrees":[62,420,11938,1197,80]},"num_concepts_raised":6972},{"base_id":930,"kind":"bot_words","i1":7,"i2":9,"sol":{"path":["/c/en/resolutely","/c/zh/固辭","/c/en/literary","/c/ga/broid","/c/en/captivity"],"weight":0.20582999999999962,"degrees":[62,7,6728,23,169]},"num_concepts_raised":6189},{"base_id":930,"kind":"bot_words","i1":8,"i2":9,"sol":{"path":["/c/en/apoplexy","/c/fr/apoplexie","/c/en/seizure","/c/en/capture","/c/en/captivity"],"weight":0.20774999999999974,"degrees":[80,94,291,769,169]},"num_concepts_raised":10989}],[{"base_id":930,"kind":"top_words","i1":0,"i2":1,"sol":{"path":["/c/en/gartner","/c/en/company","/c/en/expert","/c/en/analyst"],"weight":0.21509999999999982,"degrees":[30,2258,683,197]},"num_concepts_raised":22880},{"base_id":930,"kind":"top_words","i1":0,"i2":2,"sol":{"path":["/c/en/gartner","/c/en/company","/c/en/city","/c/en/lae"],"weight":0.2128799999999998,"degrees":[30,2258,3758,37]},"num_concepts_raised":11663},{"base_id":930,"kind":"top_words","i1":0,"i2":3,"sol":{"path":["/c/en/gartner","/c/en/company","/c/en/general","/c/en/fish","/c/en/sander"],"weight":0.2132099999999997,"degrees":[30,2258,1132,4424,65]},"num_concepts_raised":22510},{"base_id":930,"kind":"top_words","i1":0,"i2":4,"sol":{"path":["/c/en/gartner","/c/en/company","/c/en/show","/c/en/exhibit","/c/en/exhibitor"],"weight":0.2099499999999998,"degrees":[30,2258,1871,392,45]},"num_concepts_raised":6028},{"base_id":930,"kind":"top_words","i1":0,"i2":5,"sol":{"path":["/c/en/gartner","/c/en/research","/c/en/researcher"],"weight":0.20500000000000002,"degrees":[30,809,171]},"num_concepts_raised":165},{"base_id":930,"kind":"top_words","i1":0,"i2":6,"sol":{"path":["/c/en/gartner","/c/en/united_states","/c/en/act","/c/en/automorphism"],"weight":0.20801999999999987,"degrees":[30,1636,2503,47]},"num_concepts_raised":10435},{"base_id":930,"kind":"top_words","i1":0,"i2":7,"sol":{"path":["/c/en/gartner","/c/en/united_states","/c/en/baden","/c/en/thaler"],"weight":0.21349999999999997,"degrees":[30,1636,43,75]},"num_concepts_raised":13266},{"base_id":930,"kind":"top_words","i1":0,"i2":8,"sol":{"path":["/c/en/gartner","/c/en/company","/c/en/group"],"weight":0.20600000000000002,"degrees":[30,2258,2339]},"num_concepts_raised":2031},{"base_id":930,"kind":"top_words","i1":0,"i2":9,"sol":{"path":["/c/en/gartner","/c/en/research","/c/en/up","/c/en/sup"],"weight":0.20826999999999968,"degrees":[30,809,1184,81]},"num_concepts_raised":44481},{"base_id":930,"kind":"top_words","i1":1,"i2":2,"sol":{"path":["/c/en/analyst","/c/en/analysis","/c/en/laboratory","/c/en/lab","/c/en/lae"],"weight":0.2173899999999998,"degrees":[197,811,460,143,37]},"num_concepts_raised":26557},{"base_id":930,"kind":"top_words","i1":1,"i2":3,"sol":{"path":["/c/en/analyst","/c/en/computing","/c/en/form","/c/en/sander"],"weight":0.21543999999999972,"degrees":[197,9084,2423,65]},"num_concepts_raised":37284},{"base_id":930,"kind":"top_words","i1":1,"i2":4,"sol":{"path":["/c/en/analyst","/c/en/mathematics","/c/fr/exposant","/c/en/exhibitor"],"weight":0.21023999999999982,"degrees":[197,7601,78,45]},"num_concepts_raised":20902},{"base_id":930,"kind":"top_words","i1":1,"i2":5,"sol":{"path":["/c/en/analyst","/c/en/researcher"],"weight":0.20400000000000001,"degrees":[197,171]},"num_concepts_raised":279},{"base_id":930,"kind":"top_words","i1":1,"i2":6,"sol":{"path":["/c/en/analyst","/c/en/mathematics","/c/it/automorfismo","/c/en/automorphism"],"weight":0.21161999999999992,"degrees":[197,7601,11,47]},"num_concepts_raised":24506},{"base_id":930,"kind":"top_words","i1":1,"i2":7,"sol":{"path":["/c/en/analyst","/c/en/analysis","/c/en/algebra","/c/en/historical","/c/en/thaler"],"weight":0.21599999999999997,"degrees":[197,811,709,8415,75]},"num_concepts_raised":28157},{"base_id":930,"kind":"top_words","i1":1,"i2":8,"sol":{"path":["/c/en/analyst","/c/en/computing","/c/en/group"],"weight":0.20600000000000002,"degrees":[197,9084,2339]},"num_concepts_raised":2145},{"base_id":930,"kind":"top_words","i1":1,"i2":9,"sol":{"path":["/c/en/analyst","/c/en/mathematics","/c/en/sup"],"weight":0.20400000000000001,"degrees":[197,7601,81]},"num_concepts_raised":211},{"base_id":930,"kind":"top_words","i1":2,"i2":3,"sol":{"path":["/c/en/lae","/c/en/astronomy","/c/en/fish","/c/en/sander"],"weight":0.21328999999999967,"degrees":[37,4553,4424,65]},"num_concepts_raised":26063},{"base_id":930,"kind":"top_words","i1":2,"i2":4,"sol":{"path":["/c/en/lae","/c/en/lab","/c/en/legal","/c/en/exhibit","/c/en/exhibitor"],"weight":0.21208999999999978,"degrees":[37,143,6627,392,45]},"num_concepts_raised":9723},{"base_id":930,"kind":"top_words","i1":2,"i2":5,"sol":{"path":["/c/en/lae","/c/en/lab","/c/en/laboratory","/c/en/researcher"],"weight":0.21186999999999978,"degrees":[37,143,460,171]},"num_concepts_raised":26092},{"base_id":930,"kind":"top_words","i1":2,"i2":6,"sol":{"path":["/c/en/lae","/c/en/lab","/c/en/science","/c/en/mathematical","/c/en/automorphism"],"weight":0.21016999999999986,"degrees":[37,143,1674,288,47]},"num_concepts_raised":14137},{"base_id":930,"kind":"top_words","i1":2,"i2":7,"sol":{"path":["/c/en/lae","/c/en/lab","/c/en/labrador","/c/en/historical","/c/en/thaler"],"weight":0.21570999999999996,"degrees":[37,143,63,8415,75]},"num_concepts_raised":16883},{"base_id":930,"kind":"top_words","i1":2,"i2":8,"sol":{"path":["/c/en/lae","/c/en/galaxy","/c/en/group"],"weight":0.20700000000000002,"degrees":[37,507,2339]},"num_concepts_raised":2036},{"base_id":930,"kind":"top_words","i1":2,"i2":9,"sol":{"path":["/c/en/lae","/c/en/astronomy","/c/en/physics","/c/en/sup"],"weight":0.20839999999999964,"degrees":[37,4553,9094,81]},"num_concepts_raised":48008},{"base_id":930,"kind":"top_words","i1":3,"i2":4,"sol":{"path":["/c/en/sander","/c/en/form","/c/en/organize","/c/en/exhibitor"],"weight":0.2081999999999997,"degrees":[65,2423,544,45]},"num_concepts_raised":20548},{"base_id":930,"kind":"top_words","i1":3,"i2":5,"sol":{"path":["/c/en/sander","/c/en/fish","/c/en/person","/c/en/researcher"],"weight":0.2101499999999997,"degrees":[65,4424,12935,171]},"num_concepts_raised":36743},{"base_id":930,"kind":"top_words","i1":3,"i2":6,"sol":{"path":["/c/en/sander","/c/en/historical","/c/en/algebra","/c/en/automorphism"],"weight":0.20841999999999977,"degrees":[65,8415,709,47]},"num_concepts_raised":24921},{"base_id":930,"kind":"top_words","i1":3,"i2":7,"sol":{"path":["/c/en/sander","/c/en/historical","/c/en/thaler"],"weight":0.20600000000000002,"degrees":[65,8415,75]},"num_concepts_raised":110},{"base_id":930,"kind":"top_words","i1":3,"i2":8,"sol":{"path":["/c/en/sander","/c/en/village","/c/en/people","/c/en/group"],"weight":0.24509999999999965,"degrees":[65,1480,4475,2339]},"num_concepts_raised":272437},{"base_id":930,"kind":"top_words","i1":3,"i2":9,"sol":{"path":["/c/en/sander","/c/en/cabinet","/c/en/drink","/c/en/sup"],"weight":0.2088199999999996,"degrees":[65,783,2548,81]},"num_concepts_raised":58523},{"base_id":930,"kind":"top_words","i1":4,"i2":5,"sol":{"path":["/c/en/exhibitor","/c/en/showman","/c/en/person","/c/en/researcher"],"weight":0.2048399999999998,"degrees":[45,79,12935,171]},"num_concepts_raised":20445},{"base_id":930,"kind":"top_words","i1":4,"i2":6,"sol":{"path":["/c/en/exhibitor","/c/fr/exposant","/c/fr/mathématiques","/c/en/automorphism"],"weight":0.20317999999999986,"degrees":[45,78,2720,47]},"num_concepts_raised":8375},{"base_id":930,"kind":"top_words","i1":4,"i2":7,"sol":{"path":["/c/en/exhibitor","/c/en/shower","/c/en/slang","/c/da/daler","/c/en/thaler"],"weight":0.21069,"degrees":[45,817,16318,14,75]},"num_concepts_raised":11295},{"base_id":930,"kind":"top_words","i1":4,"i2":8,"sol":{"path":["/c/en/exhibitor","/c/en/organize","/c/en/group"],"weight":0.20400000000000001,"degrees":[45,544,2339]},"num_concepts_raised":2042},{"base_id":930,"kind":"top_words","i1":4,"i2":9,"sol":{"path":["/c/en/exhibitor","/c/en/shower","/c/en/slang","/c/en/sup"],"weight":0.20348999999999967,"degrees":[45,817,16318,81]},"num_concepts_raised":42525},{"base_id":930,"kind":"top_words","i1":5,"i2":6,"sol":{"path":["/c/en/researcher","/c/en/stooge","/c/en/act","/c/en/automorphism"],"weight":0.20485999999999988,"degrees":[171,91,2503,47]},"num_concepts_raised":24788},{"base_id":930,"kind":"top_words","i1":5,"i2":7,"sol":{"path":["/c/en/researcher","/c/en/person","/c/en/two","/c/da/daler","/c/en/thaler"],"weight":0.21248999999999998,"degrees":[171,12935,1673,14,75]},"num_concepts_raised":27614},{"base_id":930,"kind":"top_words","i1":5,"i2":8,"sol":{"path":["/c/en/researcher","/c/en/person","/c/en/group"],"weight":0.20500000000000002,"degrees":[171,12935,2339]},"num_concepts_raised":2140},{"base_id":930,"kind":"top_words","i1":5,"i2":9,"sol":{"path":["/c/en/researcher","/c/en/research","/c/en/up","/c/en/sup"],"weight":0.20629999999999968,"degrees":[171,809,1184,81]},"num_concepts_raised":58336},{"base_id":930,"kind":"top_words","i1":6,"i2":7,"sol":{"path":["/c/en/automorphism","/c/en/algebra","/c/en/historical","/c/en/thaler"],"weight":0.20882000000000006,"degrees":[47,709,8415,75]},"num_concepts_raised":15694},{"base_id":930,"kind":"top_words","i1":6,"i2":8,"sol":{"path":["/c/en/automorphism","/c/en/algebra","/c/en/group"],"weight":0.20400000000000001,"degrees":[47,709,2339]},"num_concepts_raised":2036},{"base_id":930,"kind":"top_words","i1":6,"i2":9,"sol":{"path":["/c/en/automorphism","/c/it/automorfismo","/c/en/mathematics","/c/en/sup"],"weight":0.20474999999999977,"degrees":[47,11,7601,81]},"num_concepts_raised":46091},{"base_id":930,"kind":"top_words","i1":7,"i2":8,"sol":{"path":["/c/en/thaler","/c/en/historical","/c/he/קבוצה","/c/en/group"],"weight":0.24359999999999998,"degrees":[75,8415,24,2339]},"num_concepts_raised":265340},{"base_id":930,"kind":"top_words","i1":7,"i2":9,"sol":{"path":["/c/en/thaler","/c/da/daler","/c/en/slang","/c/en/sup"],"weight":0.21109999999999984,"degrees":[75,14,16318,81]},"num_concepts_raised":49669},{"base_id":930,"kind":"top_words","i1":8,"i2":9,"sol":{"path":["/c/en/group","/c/en/mathematics","/c/en/sup"],"weight":0.20400000000000001,"degrees":[2339,7601,81]},"num_concepts_raised":2072}]]