[[{"base_id":673,"kind":"bot_words","i1":0,"i2":1,"sol":{"path":["/c/en/cotangent","/c/fi/kotangentti","/c/en/mathematics","/c/en/gyro","/c/en/autogyro"],"weight":0.21098999999999984,"degrees":[87,12,7601,102,59]},"num_concepts_raised":2413},{"base_id":673,"kind":"bot_words","i1":0,"i2":2,"sol":{"path":["/c/en/cotangent","/c/en/sine","/c/en/like","/c/en/resemblance"],"weight":0.2061499999999999,"degrees":[87,214,2357,196]},"num_concepts_raised":13261},{"base_id":673,"kind":"bot_words","i1":0,"i2":3,"sol":{"path":["/c/en/cotangent","/c/en/tangent","/c/en/point","/c/en/medicine","/c/en/intubation"],"weight":0.20483,"degrees":[87,304,2624,11938,29]},"num_concepts_raised":22428},{"base_id":673,"kind":"bot_words","i1":0,"i2":4,"sol":{"path":["/c/en/cotangent","/c/en/angle","/c/fr/localités","/c/en/ripley"],"weight":0.20400999999999994,"degrees":[87,959,110113,52]},"num_concepts_raised":124780},{"base_id":673,"kind":"bot_words","i1":0,"i2":5,"sol":{"path":["/c/en/cotangent","/c/fr/cotangente","/c/fr/angle","/c/en/light","/c/en/unclouded"],"weight":0.20623000000000002,"degrees":[87,47,450,4288,46]},"num_concepts_raised":9713},{"base_id":673,"kind":"bot_words","i1":0,"i2":6,"sol":{"path":["/c/en/cotangent","/c/en/tangent","/c/en/crossing","/c/en/church","/c/en/sacristy"],"weight":0.2053700000000002,"degrees":[87,304,315,1592,63]},"num_concepts_raised":11163},{"base_id":673,"kind":"bot_words","i1":0,"i2":7,"sol":{"path":["/c/en/cotangent","/c/en/tangent","/c/en/point","/c/en/hand","/c/en/grabbing"],"weight":0.20492999999999995,"degrees":[87,304,2624,2596,38]},"num_concepts_raised":13028},{"base_id":673,"kind":"bot_words","i1":0,"i2":8,"sol":{"path":["/c/en/cotangent","/c/fi/kotangentti","/c/en/mathematics","/c/en/image","/c/en/photomask"],"weight":0.20563000000000003,"degrees":[87,12,7601,1264,24]},"num_concepts_raised":6601},{"base_id":673,"kind":"bot_words","i1":0,"i2":9,"sol":{"path":["/c/en/cotangent","/c/en/sine","/c/en/genetics","/c/en/transduction"],"weight":0.20416999999999985,"degrees":[87,214,1987,69]},"num_concepts_raised":28501},{"base_id":673,"kind":"bot_words","i1":1,"i2":2,"sol":{"path":["/c/en/autogyro","/c/en/gyro","/c/en/mathematics","/c/ja/相似","/c/en/resemblance"],"weight":0.21134999999999957,"degrees":[59,102,7601,23,196]},"num_concepts_raised":12040},{"base_id":673,"kind":"bot_words","i1":1,"i2":3,"sol":{"path":["/c/en/autogyro","/c/en/rudder","/c/en/water","/c/en/medicine","/c/en/intubation"],"weight":0.20810999999999974,"degrees":[59,322,4606,11938,29]},"num_concepts_raised":21156},{"base_id":673,"kind":"bot_words","i1":1,"i2":4,"sol":{"path":["/c/en/autogyro","/c/en/autogiro","/c/en/wing","/c/en/england","/c/en/ripley"],"weight":0.20852999999999966,"degrees":[59,39,1177,2303,52]},"num_concepts_raised":123522},{"base_id":673,"kind":"bot_words","i1":1,"i2":5,"sol":{"path":["/c/en/autogyro","/c/en/rudder","/c/en/water","/c/en/clear","/c/en/unclouded"],"weight":0.20949999999999974,"degrees":[59,322,4606,2044,46]},"num_concepts_raised":8453},{"base_id":673,"kind":"bot_words","i1":1,"i2":6,"sol":{"path":["/c/en/autogyro","/c/en/gyro","/c/en/space","/c/en/room","/c/en/sacristy"],"weight":0.20866999999999988,"degrees":[59,102,1852,1788,63]},"num_concepts_raised":9894},{"base_id":673,"kind":"bot_words","i1":1,"i2":7,"sol":{"path":["/c/en/autogyro","/c/en/autogiro","/c/en/aircraft","/c/en/hold","/c/en/grabbing"],"weight":0.20831999999999964,"degrees":[59,39,1135,2017,38]},"num_concepts_raised":11776},{"base_id":673,"kind":"bot_words","i1":1,"i2":8,"sol":{"path":["/c/en/autogyro","/c/en/autogiro","/c/en/lift","/c/en/layer","/c/en/photomask"],"weight":0.20807999999999974,"degrees":[59,39,1167,898,24]},"num_concepts_raised":5331},{"base_id":673,"kind":"bot_words","i1":1,"i2":9,"sol":{"path":["/c/en/autogyro","/c/en/rudder","/c/en/device","/c/en/transducer","/c/en/transduction"],"weight":0.20944999999999958,"degrees":[59,322,2078,130,69]},"num_concepts_raised":27286},{"base_id":673,"kind":"bot_words","i1":2,"i2":3,"sol":{"path":["/c/en/resemblance","/c/en/affinity","/c/en/medicine","/c/en/intubation"],"weight":0.20613999999999974,"degrees":[196,346,11938,29]},"num_concepts_raised":31897},{"base_id":673,"kind":"bot_words","i1":2,"i2":4,"sol":{"path":["/c/en/resemblance","/c/en/mark","/c/fr/localités","/c/en/ripley"],"weight":0.20526999999999967,"degrees":[196,1876,110113,52]},"num_concepts_raised":134174},{"base_id":673,"kind":"bot_words","i1":2,"i2":5,"sol":{"path":["/c/en/resemblance","/c/en/like","/c/en/clear","/c/en/unclouded"],"weight":0.20659999999999976,"degrees":[196,2357,2044,46]},"num_concepts_raised":19128},{"base_id":673,"kind":"bot_words","i1":2,"i2":6,"sol":{"path":["/c/en/resemblance","/c/en/bishop","/c/en/church","/c/en/sacristy"],"weight":0.20556999999999992,"degrees":[196,922,1592,63]},"num_concepts_raised":20576},{"base_id":673,"kind":"bot_words","i1":2,"i2":7,"sol":{"path":["/c/en/resemblance","/c/en/like","/c/en/hand","/c/en/grabbing"],"weight":0.20532999999999968,"degrees":[196,2357,2596,38]},"num_concepts_raised":22290},{"base_id":673,"kind":"bot_words","i1":2,"i2":8,"sol":{"path":["/c/en/resemblance","/c/en/image","/c/en/photomask"],"weight":0.202,"degrees":[196,1264,24]},"num_concepts_raised":174},{"base_id":673,"kind":"bot_words","i1":2,"i2":9,"sol":{"path":["/c/en/resemblance","/c/en/affinity","/c/en/biology","/c/en/transduction"],"weight":0.20655999999999958,"degrees":[196,346,6216,69]},"num_concepts_raised":37746},{"base_id":673,"kind":"bot_words","i1":3,"i2":4,"sol":{"path":["/c/en/intubation","/c/en/medicine","/c/en/acme","/c/en/jackson_county","/c/en/ripley"],"weight":0.2042299999999998,"degrees":[29,11938,198,82,52]},"num_concepts_raised":143446},{"base_id":673,"kind":"bot_words","i1":3,"i2":5,"sol":{"path":["/c/en/intubation","/c/en/medicine","/c/en/color","/c/en/clear","/c/en/unclouded"],"weight":0.2043099999999999,"degrees":[29,11938,1870,2044,46]},"num_concepts_raised":28378},{"base_id":673,"kind":"bot_words","i1":3,"i2":6,"sol":{"path":["/c/en/intubation","/c/en/medicine","/c/en/administer","/c/en/vestry","/c/en/sacristy"],"weight":0.20473000000000005,"degrees":[29,11938,395,75,63]},"num_concepts_raised":29851},{"base_id":673,"kind":"bot_words","i1":3,"i2":7,"sol":{"path":["/c/en/intubation","/c/en/medicine","/c/en/event","/c/en/grabbing"],"weight":0.2028399999999998,"degrees":[29,11938,1724,38]},"num_concepts_raised":31670},{"base_id":673,"kind":"bot_words","i1":3,"i2":8,"sol":{"path":["/c/en/intubation","/c/fr/médecine","/c/fr/masque","/c/fr/masque_photographique","/c/en/photomask"],"weight":0.2038299999999999,"degrees":[29,9990,201,15,24]},"num_concepts_raised":25256},{"base_id":673,"kind":"bot_words","i1":3,"i2":9,"sol":{"path":["/c/en/intubation","/c/en/medicine","/c/en/transfer","/c/en/transduction"],"weight":0.20323999999999973,"degrees":[29,11938,1217,69]},"num_concepts_raised":46832},{"base_id":673,"kind":"bot_words","i1":4,"i2":5,"sol":{"path":["/c/en/ripley","/c/en/county_seat","/c/en/forest","/c/en/clear","/c/en/unclouded"],"weight":0.2046299999999998,"degrees":[52,2497,1500,2044,46]},"num_concepts_raised":130742},{"base_id":673,"kind":"bot_words","i1":4,"i2":6,"sol":{"path":["/c/en/ripley","/c/en/england","/c/en/church","/c/en/sacristy"],"weight":0.20373999999999998,"degrees":[52,2303,1592,63]},"num_concepts_raised":132103},{"base_id":673,"kind":"bot_words","i1":4,"i2":7,"sol":{"path":["/c/en/ripley","/c/en/tennessee","/c/en/finger","/c/en/grabbing"],"weight":0.20312999999999973,"degrees":[52,437,1738,38]},"num_concepts_raised":134001},{"base_id":673,"kind":"bot_words","i1":4,"i2":8,"sol":{"path":["/c/en/ripley","/c/en/usa","/c/en/fox","/c/en/mask","/c/en/photomask"],"weight":0.20315999999999984,"degrees":[52,2683,1066,668,24]},"num_concepts_raised":127639},{"base_id":673,"kind":"bot_words","i1":4,"i2":9,"sol":{"path":["/c/en/ripley","/c/en/jackson_county","/c/en/arkansas","/c/en/light","/c/en/transduction"],"weight":0.20457999999999965,"degrees":[52,82,442,4288,69]},"num_concepts_raised":149538},{"base_id":673,"kind":"bot_words","i1":5,"i2":6,"sol":{"path":["/c/en/unclouded","/c/en/clear","/c/fr/illuminer","/c/fr/religion","/c/en/sacristy"],"weight":0.20499000000000006,"degrees":[46,2044,172,6634,63]},"num_concepts_raised":17154},{"base_id":673,"kind":"bot_words","i1":5,"i2":7,"sol":{"path":["/c/en/unclouded","/c/en/clear","/c/en/touch","/c/en/hand","/c/en/grabbing"],"weight":0.20446999999999982,"degrees":[46,2044,1765,2596,38]},"num_concepts_raised":18952},{"base_id":673,"kind":"bot_words","i1":5,"i2":8,"sol":{"path":["/c/en/unclouded","/c/en/clear","/c/en/transparent","/c/en/photomask"],"weight":0.20418999999999993,"degrees":[46,2044,492,24]},"num_concepts_raised":12392},{"base_id":673,"kind":"bot_words","i1":5,"i2":9,"sol":{"path":["/c/en/unclouded","/c/en/light","/c/en/transduction"],"weight":0.202,"degrees":[46,4288,69]},"num_concepts_raised":101},{"base_id":673,"kind":"bot_words","i1":6,"i2":7,"sol":{"path":["/c/en/sacristy","/c/en/vestry","/c/en/store","/c/en/hold","/c/en/grabbing"],"weight":0.20473999999999998,"degrees":[63,75,1279,2017,38]},"num_concepts_raised":20435},{"base_id":673,"kind":"bot_words","i1":6,"i2":8,"sol":{"path":["/c/en/sacristy","/c/fr/religion","/c/la/oscillum","/c/en/mask","/c/en/photomask"],"weight":0.20348000000000005,"degrees":[63,6634,17,668,24]},"num_concepts_raised":14051},{"base_id":673,"kind":"bot_words","i1":6,"i2":9,"sol":{"path":["/c/en/sacristy","/c/en/vestry","/c/en/class","/c/en/biology","/c/en/transduction"],"weight":0.2051299999999999,"degrees":[63,75,1926,6216,69]},"num_concepts_raised":35952},{"base_id":673,"kind":"bot_words","i1":7,"i2":8,"sol":{"path":["/c/en/grabbing","/c/en/hold","/c/en/block","/c/en/photomask"],"weight":0.20275999999999983,"degrees":[38,2017,1314,24]},"num_concepts_raised":15873},{"base_id":673,"kind":"bot_words","i1":7,"i2":9,"sol":{"path":["/c/en/grabbing","/c/en/pull","/c/en/energy","/c/en/transduction"],"weight":0.20325999999999966,"degrees":[38,1147,1631,69]},"num_concepts_raised":37628},{"base_id":673,"kind":"bot_words","i1":8,"i2":9,"sol":{"path":["/c/en/photomask","/c/en/photo","/c/en/light","/c/en/transduction"],"weight":0.20313999999999974,"degrees":[24,566,4288,69]},"num_concepts_raised":31188}],[{"base_id":673,"kind":"top_words","i1":0,"i2":1,"sol":{"path":["/c/en/forehand","/c/en/backhand"],"weight":0.20800000000000002,"degrees":[74,101]},"num_concepts_raised":122},{"base_id":673,"kind":"top_words","i1":0,"i2":2,"sol":{"path":["/c/en/forehand","/c/en/badminton","/c/en/volley"],"weight":0.20400000000000001,"degrees":[74,285,142]},"num_concepts_raised":170},{"base_id":673,"kind":"top_words","i1":0,"i2":3,"sol":{"path":["/c/en/forehand","/c/en/tennis","/c/en/baseline"],"weight":0.20500000000000002,"degrees":[74,699,95]},"num_concepts_raised":136},{"base_id":673,"kind":"top_words","i1":0,"i2":4,"sol":{"path":["/c/en/forehand","/c/en/tennis","/c/fr/jeu_décisif","/c/en/tiebreaker"],"weight":0.21391999999999978,"degrees":[74,699,21,57]},"num_concepts_raised":12746},{"base_id":673,"kind":"top_words","i1":0,"i2":5,"sol":{"path":["/c/en/forehand","/c/en/tennis","/c/en/ball","/c/en/topspin"],"weight":0.20875999999999986,"degrees":[74,699,2118,30]},"num_concepts_raised":14549},{"base_id":673,"kind":"top_words","i1":0,"i2":6,"sol":{"path":["/c/en/forehand","/c/en/baseball","/c/en/deuce"],"weight":0.20600000000000002,"degrees":[74,1859,142]},"num_concepts_raised":171},{"base_id":673,"kind":"top_words","i1":0,"i2":7,"sol":{"path":["/c/en/forehand","/c/en/return","/c/en/lob"],"weight":0.20400000000000001,"degrees":[74,1609,119]},"num_concepts_raised":155},{"base_id":673,"kind":"top_words","i1":0,"i2":8,"sol":{"path":["/c/en/forehand","/c/en/backhand","/c/en/human","/c/en/sound","/c/en/rasping"],"weight":0.2104899999999998,"degrees":[74,101,2645,3218,29]},"num_concepts_raised":15350},{"base_id":673,"kind":"top_words","i1":0,"i2":9,"sol":{"path":["/c/en/forehand","/c/en/tennis","/c/en/break_point","/c/en/breakpoint"],"weight":0.20970999999999976,"degrees":[74,699,26,45]},"num_concepts_raised":33278},{"base_id":673,"kind":"top_words","i1":1,"i2":2,"sol":{"path":["/c/en/backhand","/c/en/racquet","/c/en/volley"],"weight":0.20400000000000001,"degrees":[101,105,142]},"num_concepts_raised":191},{"base_id":673,"kind":"top_words","i1":1,"i2":3,"sol":{"path":["/c/en/backhand","/c/en/tennis","/c/en/baseline"],"weight":0.20500000000000002,"degrees":[101,699,95]},"num_concepts_raised":157},{"base_id":673,"kind":"top_words","i1":1,"i2":4,"sol":{"path":["/c/en/backhand","/c/en/ice_hockey","/c/en/overtime","/c/en/tiebreaker"],"weight":0.21612999999999977,"degrees":[101,488,168,57]},"num_concepts_raised":14572},{"base_id":673,"kind":"top_words","i1":1,"i2":5,"sol":{"path":["/c/en/backhand","/c/en/back","/c/en/backspin","/c/en/topspin"],"weight":0.21196999999999983,"degrees":[101,2238,51,30]},"num_concepts_raised":16435},{"base_id":673,"kind":"top_words","i1":1,"i2":6,"sol":{"path":["/c/en/backhand","/c/fr/tennis","/c/en/deuce"],"weight":0.20700000000000002,"degrees":[101,267,142]},"num_concepts_raised":192},{"base_id":673,"kind":"top_words","i1":1,"i2":7,"sol":{"path":["/c/en/backhand","/c/en/return","/c/en/lob"],"weight":0.20400000000000001,"degrees":[101,1609,119]},"num_concepts_raised":176},{"base_id":673,"kind":"top_words","i1":1,"i2":8,"sol":{"path":["/c/en/backhand","/c/en/human","/c/en/sound","/c/en/rasping"],"weight":0.20862999999999976,"degrees":[101,2645,3218,29]},"num_concepts_raised":17159},{"base_id":673,"kind":"top_words","i1":1,"i2":9,"sol":{"path":["/c/en/backhand","/c/en/ice_hockey","/c/en/point","/c/en/breakpoint"],"weight":0.21100999999999975,"degrees":[101,488,2624,45]},"num_concepts_raised":35016},{"base_id":673,"kind":"top_words","i1":2,"i2":3,"sol":{"path":["/c/en/volley","/c/en/sports","/c/en/tennis","/c/en/baseline"],"weight":0.2070399999999995,"degrees":[142,3417,699,95]},"num_concepts_raised":53137},{"base_id":673,"kind":"top_words","i1":2,"i2":4,"sol":{"path":["/c/en/volley","/c/en/sports","/c/en/tiebreak","/c/en/tiebreaker"],"weight":0.21250999999999964,"degrees":[142,3417,12,57]},"num_concepts_raised":25440},{"base_id":673,"kind":"top_words","i1":2,"i2":5,"sol":{"path":["/c/en/volley","/c/en/ball","/c/en/topspin"],"weight":0.202,"degrees":[142,2118,30]},"num_concepts_raised":139},{"base_id":673,"kind":"top_words","i1":2,"i2":6,"sol":{"path":["/c/en/volley","/c/en/see_in_tennis","/c/en/deuce"],"weight":0.20400000000000001,"degrees":[142,6,142]},"num_concepts_raised":233},{"base_id":673,"kind":"top_words","i1":2,"i2":7,"sol":{"path":["/c/en/volley","/c/en/sports","/c/en/lob"],"weight":0.203,"degrees":[142,3417,119]},"num_concepts_raised":211},{"base_id":673,"kind":"top_words","i1":2,"i2":8,"sol":{"path":["/c/en/volley","/c/en/sound","/c/en/rasping"],"weight":0.202,"degrees":[142,3218,29]},"num_concepts_raised":143},{"base_id":673,"kind":"top_words","i1":2,"i2":9,"sol":{"path":["/c/en/volley","/c/en/play","/c/en/break","/c/en/breakpoint"],"weight":0.20536999999999964,"degrees":[142,3092,2938,45]},"num_concepts_raised":45406},{"base_id":673,"kind":"top_words","i1":3,"i2":4,"sol":{"path":["/c/en/baseline","/c/en/tennis","/c/fr/jeu_décisif","/c/en/tiebreaker"],"weight":0.20990999999999968,"degrees":[95,699,21,57]},"num_concepts_raised":30211},{"base_id":673,"kind":"top_words","i1":3,"i2":5,"sol":{"path":["/c/en/baseline","/c/en/tennis","/c/en/ball","/c/en/topspin"],"weight":0.20469999999999977,"degrees":[95,699,2118,30]},"num_concepts_raised":32048},{"base_id":673,"kind":"top_words","i1":3,"i2":6,"sol":{"path":["/c/en/baseline","/c/en/tennis","/c/en/deuce"],"weight":0.20500000000000002,"degrees":[95,699,142]},"num_concepts_raised":197},{"base_id":673,"kind":"top_words","i1":3,"i2":7,"sol":{"path":["/c/en/baseline","/c/en/line","/c/en/lob"],"weight":0.202,"degrees":[95,3018,119]},"num_concepts_raised":181},{"base_id":673,"kind":"top_words","i1":3,"i2":8,"sol":{"path":["/c/en/baseline","/c/en/glyph","/c/en/sound","/c/en/rasping"],"weight":0.20336999999999972,"degrees":[95,113,3218,29]},"num_concepts_raised":32740},{"base_id":673,"kind":"top_words","i1":3,"i2":9,"sol":{"path":["/c/en/baseline","/c/fr/point","/c/en/breakpoint"],"weight":0.202,"degrees":[95,1065,45]},"num_concepts_raised":121},{"base_id":673,"kind":"top_words","i1":4,"i2":5,"sol":{"path":["/c/en/tiebreaker","/c/en/tiebreak","/c/en/sports","/c/fi/yläkierre","/c/en/topspin"],"weight":0.21229999999999988,"degrees":[57,12,3417,9,30]},"num_concepts_raised":3075},{"base_id":673,"kind":"top_words","i1":4,"i2":6,"sol":{"path":["/c/en/tiebreaker","/c/fr/jeu_décisif","/c/fr/égalité","/c/en/deuce"],"weight":0.21661999999999965,"degrees":[57,21,198,142]},"num_concepts_raised":16848},{"base_id":673,"kind":"top_words","i1":4,"i2":7,"sol":{"path":["/c/en/tiebreaker","/c/en/tiebreak","/c/en/sports","/c/en/lob"],"weight":0.21132999999999963,"degrees":[57,12,3417,119]},"num_concepts_raised":30223},{"base_id":673,"kind":"top_words","i1":4,"i2":8,"sol":{"path":["/c/en/tiebreaker","/c/en/overtime","/c/en/measure","/c/en/sound","/c/en/rasping"],"weight":0.20812999999999984,"degrees":[57,168,1837,3218,29]},"num_concepts_raised":3718},{"base_id":673,"kind":"top_words","i1":4,"i2":9,"sol":{"path":["/c/en/tiebreaker","/c/fr/jeu_décisif","/c/fr/point","/c/en/breakpoint"],"weight":0.2083299999999998,"degrees":[57,21,1065,45]},"num_concepts_raised":21960},{"base_id":673,"kind":"top_words","i1":5,"i2":6,"sol":{"path":["/c/en/topspin","/c/en/spin","/c/en/card","/c/en/deuce"],"weight":0.21038999999999974,"degrees":[30,858,1332,142]},"num_concepts_raised":18668},{"base_id":673,"kind":"top_words","i1":5,"i2":7,"sol":{"path":["/c/en/topspin","/c/en/ball","/c/en/lob"],"weight":0.202,"degrees":[30,2118,119]},"num_concepts_raised":122},{"base_id":673,"kind":"top_words","i1":5,"i2":8,"sol":{"path":["/c/en/topspin","/c/en/backspin","/c/en/music","/c/en/sound","/c/en/rasping"],"weight":0.20392999999999992,"degrees":[30,51,8822,3218,29]},"num_concepts_raised":5734},{"base_id":673,"kind":"top_words","i1":5,"i2":9,"sol":{"path":["/c/en/topspin","/c/en/spin","/c/en/programming","/c/en/breakpoint"],"weight":0.2040599999999999,"degrees":[30,858,1116,45]},"num_concepts_raised":23830},{"base_id":673,"kind":"top_words","i1":6,"i2":7,"sol":{"path":["/c/en/deuce","/c/en/see_in_tennis","/c/en/lob"],"weight":0.20400000000000001,"degrees":[142,6,119]},"num_concepts_raised":217},{"base_id":673,"kind":"top_words","i1":6,"i2":8,"sol":{"path":["/c/en/deuce","/c/en/devil","/c/en/work","/c/en/rasp","/c/en/rasping"],"weight":0.21252999999999966,"degrees":[142,971,4013,181,29]},"num_concepts_raised":19453},{"base_id":673,"kind":"top_words","i1":6,"i2":9,"sol":{"path":["/c/en/deuce","/c/en/two","/c/en/break","/c/en/breakpoint"],"weight":0.21186999999999964,"degrees":[142,1673,2938,45]},"num_concepts_raised":37097},{"base_id":673,"kind":"top_words","i1":7,"i2":8,"sol":{"path":["/c/en/lob","/c/en/fish","/c/en/sound","/c/en/rasping"],"weight":0.20385999999999965,"degrees":[119,4424,3218,29]},"num_concepts_raised":32742},{"base_id":673,"kind":"top_words","i1":7,"i2":9,"sol":{"path":["/c/en/lob","/c/en/see_in_tennis","/c/en/break_point","/c/en/breakpoint"],"weight":0.20487999999999962,"degrees":[119,6,26,45]},"num_concepts_raised":50059},{"base_id":673,"kind":"top_words","i1":8,"i2":9,"sol":{"path":["/c/en/rasping","/c/en/sound","/c/en/waves","/c/en/breakpoint"],"weight":0.20285999999999982,"degrees":[29,3218,69,45]},"num_concepts_raised":24521}]]