[[{"base_id":26,"kind":"bot_words","i1":0,"i2":1,"sol":{"path":["/c/en/disability","/c/en/strength","/c/en/bone","/c/en/ramus"],"weight":0.21113999999999922,"degrees":[328,1048,2320,28]},"num_concepts_raised":42274},{"base_id":26,"kind":"bot_words","i1":0,"i2":2,"sol":{"path":["/c/en/disability","/c/en/ataxia_telangiectasia","/c/en/blood_vessel","/c/en/artery"],"weight":0.22881999999999886,"degrees":[328,28,482,635]},"num_concepts_raised":51708},{"base_id":26,"kind":"bot_words","i1":0,"i2":3,"sol":{"path":["/c/en/disability","/c/en/person","/c/en/priest","/c/en/deacon"],"weight":0.22060999999999908,"degrees":[328,12935,1101,192]},"num_concepts_raised":66445},{"base_id":26,"kind":"bot_words","i1":0,"i2":4,"sol":{"path":["/c/en/disability","/c/en/ability","/c/en/drive","/c/en/drove"],"weight":0.21832999999999875,"degrees":[328,1141,2162,184]},"num_concepts_raised":45501},{"base_id":26,"kind":"bot_words","i1":0,"i2":5,"sol":{"path":["/c/en/disability","/c/en/strength","/c/en/bone","/c/en/phosphate"],"weight":0.22122999999999854,"degrees":[328,1048,2320,441]},"num_concepts_raised":53035},{"base_id":26,"kind":"bot_words","i1":0,"i2":6,"sol":{"path":["/c/en/disability","/c/en/person","/c/en/writer","/c/en/polemicist"],"weight":0.2112799999999993,"degrees":[328,12935,1369,31]},"num_concepts_raised":23433},{"base_id":26,"kind":"bot_words","i1":0,"i2":7,"sol":{"path":["/c/en/disability","/c/en/handicap","/c/en/ramp","/c/en/airport","/c/en/sheremetyevo"],"weight":0.21164999999999917,"degrees":[328,230,306,644,43]},"num_concepts_raised":23493},{"base_id":26,"kind":"bot_words","i1":0,"i2":8,"sol":{"path":["/c/en/disability","/c/en/person","/c/en/family","/c/en/garbanzo"],"weight":0.21126999999999924,"degrees":[328,12935,3166,36]},"num_concepts_raised":25387},{"base_id":26,"kind":"bot_words","i1":0,"i2":9,"sol":{"path":["/c/en/disability","/c/en/impairment","/c/en/damage","/c/en/weatherproof"],"weight":0.21575999999999923,"degrees":[328,134,1197,45]},"num_concepts_raised":25526},{"base_id":26,"kind":"bot_words","i1":1,"i2":2,"sol":{"path":["/c/en/ramus","/c/en/coronary_artery","/c/en/artery"],"weight":0.20500000000000002,"degrees":[28,80,635]},"num_concepts_raised":466},{"base_id":26,"kind":"bot_words","i1":1,"i2":3,"sol":{"path":["/c/en/ramus","/c/en/anatomy","/c/en/calf","/c/en/deacon"],"weight":0.21197999999999972,"degrees":[28,12775,791,192]},"num_concepts_raised":65594},{"base_id":26,"kind":"bot_words","i1":1,"i2":4,"sol":{"path":["/c/en/ramus","/c/en/barb","/c/en/cattle","/c/en/drove"],"weight":0.20444999999999938,"degrees":[28,259,953,184]},"num_concepts_raised":44375},{"base_id":26,"kind":"bot_words","i1":1,"i2":5,"sol":{"path":["/c/en/ramus","/c/en/bone","/c/en/phosphate"],"weight":0.20400000000000001,"degrees":[28,2320,441]},"num_concepts_raised":375},{"base_id":26,"kind":"bot_words","i1":1,"i2":6,"sol":{"path":["/c/en/ramus","/c/en/anatomy","/c/en/columella","/c/en/writer","/c/en/polemicist"],"weight":0.2028599999999999,"degrees":[28,12775,84,1369,31]},"num_concepts_raised":21988},{"base_id":26,"kind":"bot_words","i1":1,"i2":7,"sol":{"path":["/c/en/ramus","/c/en/bone","/c/en/human","/c/en/moscow","/c/en/sheremetyevo"],"weight":0.20287999999999978,"degrees":[28,2320,2645,345,43]},"num_concepts_raised":22022},{"base_id":26,"kind":"bot_words","i1":1,"i2":8,"sol":{"path":["/c/en/ramus","/c/en/biology","/c/en/family","/c/en/garbanzo"],"weight":0.20278999999999986,"degrees":[28,6216,3166,36]},"num_concepts_raised":23901},{"base_id":26,"kind":"bot_words","i1":1,"i2":9,"sol":{"path":["/c/en/ramus","/c/en/bone","/c/en/us","/c/en/proof","/c/en/weatherproof"],"weight":0.20402999999999988,"degrees":[28,2320,8154,766,45]},"num_concepts_raised":24176},{"base_id":26,"kind":"bot_words","i1":2,"i2":3,"sol":{"path":["/c/en/artery","/c/fr/anatomie","/c/en/calf","/c/en/deacon"],"weight":0.2255799999999994,"degrees":[635,8035,791,192]},"num_concepts_raised":74808},{"base_id":26,"kind":"bot_words","i1":2,"i2":4,"sol":{"path":["/c/en/artery","/c/en/road","/c/en/drove"],"weight":0.20500000000000002,"degrees":[635,1871,184]},"num_concepts_raised":599},{"base_id":26,"kind":"bot_words","i1":2,"i2":5,"sol":{"path":["/c/en/artery","/c/en/animal","/c/en/phosphagen","/c/en/phosphate"],"weight":0.2281099999999988,"degrees":[635,3735,16,441]},"num_concepts_raised":61186},{"base_id":26,"kind":"bot_words","i1":2,"i2":6,"sol":{"path":["/c/en/artery","/c/en/heart","/c/en/person","/c/en/writer","/c/en/polemicist"],"weight":0.21842999999999957,"degrees":[635,1857,12935,1369,31]},"num_concepts_raised":31971},{"base_id":26,"kind":"bot_words","i1":2,"i2":7,"sol":{"path":["/c/en/artery","/c/en/vein","/c/en/country","/c/en/russia","/c/en/sheremetyevo"],"weight":0.21894999999999942,"degrees":[635,969,2796,984,43]},"num_concepts_raised":31990},{"base_id":26,"kind":"bot_words","i1":2,"i2":8,"sol":{"path":["/c/en/artery","/c/gd/cuisle","/c/en/pulse","/c/en/garbanzo"],"weight":0.2181299999999995,"degrees":[635,9,504,36]},"num_concepts_raised":33805},{"base_id":26,"kind":"bot_words","i1":2,"i2":9,"sol":{"path":["/c/en/artery","/c/en/track_marks","/c/en/damage","/c/en/weatherproof"],"weight":0.21617999999999954,"degrees":[635,7,1197,45]},"num_concepts_raised":34082},{"base_id":26,"kind":"bot_words","i1":3,"i2":4,"sol":{"path":["/c/en/deacon","/c/en/us","/c/en/road","/c/en/drove"],"weight":0.21486999999999923,"degrees":[192,8154,1871,184]},"num_concepts_raised":68150},{"base_id":26,"kind":"bot_words","i1":3,"i2":5,"sol":{"path":["/c/en/deacon","/c/en/us","/c/en/phosphate"],"weight":0.20700000000000002,"degrees":[192,8154,441]},"num_concepts_raised":488},{"base_id":26,"kind":"bot_words","i1":3,"i2":6,"sol":{"path":["/c/en/deacon","/c/en/bishop","/c/en/eusebian","/c/en/polemicist"],"weight":0.21011999999999978,"degrees":[192,922,8,31]},"num_concepts_raised":47045},{"base_id":26,"kind":"bot_words","i1":3,"i2":7,"sol":{"path":["/c/en/deacon","/c/en/priest","/c/en/chapel","/c/en/airport","/c/en/sheremetyevo"],"weight":0.21223999999999965,"degrees":[192,1101,329,644,43]},"num_concepts_raised":47066},{"base_id":26,"kind":"bot_words","i1":3,"i2":8,"sol":{"path":["/c/en/deacon","/c/en/us","/c/it/cece","/c/en/garbanzo"],"weight":0.21303999999999973,"degrees":[192,8154,20,36]},"num_concepts_raised":48878},{"base_id":26,"kind":"bot_words","i1":3,"i2":9,"sol":{"path":["/c/en/deacon","/c/en/us","/c/en/proof","/c/en/weatherproof"],"weight":0.21323999999999976,"degrees":[192,8154,766,45]},"num_concepts_raised":49107},{"base_id":26,"kind":"bot_words","i1":4,"i2":5,"sol":{"path":["/c/en/drove","/c/en/road","/c/en/us","/c/en/phosphate"],"weight":0.2156699999999987,"degrees":[184,1871,8154,441]},"num_concepts_raised":55015},{"base_id":26,"kind":"bot_words","i1":4,"i2":6,"sol":{"path":["/c/en/drove","/c/en/drive","/c/en/person","/c/en/writer","/c/en/polemicist"],"weight":0.20789999999999942,"degrees":[184,2162,12935,1369,31]},"num_concepts_raised":25669},{"base_id":26,"kind":"bot_words","i1":4,"i2":7,"sol":{"path":["/c/en/drove","/c/en/drive","/c/en/passenger","/c/en/airport","/c/en/sheremetyevo"],"weight":0.2078499999999993,"degrees":[184,2162,570,644,43]},"num_concepts_raised":25676},{"base_id":26,"kind":"bot_words","i1":4,"i2":8,"sol":{"path":["/c/en/drove","/c/en/drive","/c/en/car","/c/en/family","/c/en/garbanzo"],"weight":0.20795999999999937,"degrees":[184,2162,2328,3166,36]},"num_concepts_raised":27566},{"base_id":26,"kind":"bot_words","i1":4,"i2":9,"sol":{"path":["/c/en/drove","/c/en/action","/c/en/weather","/c/en/weatherproof"],"weight":0.20480999999999944,"degrees":[184,2156,1740,45]},"num_concepts_raised":27744},{"base_id":26,"kind":"bot_words","i1":5,"i2":6,"sol":{"path":["/c/en/phosphate","/c/en/chemistry","/c/en/school","/c/en/writer","/c/en/polemicist"],"weight":0.21331999999999923,"degrees":[441,11754,2171,1369,31]},"num_concepts_raised":32998},{"base_id":26,"kind":"bot_words","i1":5,"i2":7,"sol":{"path":["/c/en/phosphate","/c/en/chemistry","/c/en/aa","/c/en/russia","/c/en/sheremetyevo"],"weight":0.2133599999999991,"degrees":[441,11754,152,984,43]},"num_concepts_raised":33025},{"base_id":26,"kind":"bot_words","i1":5,"i2":8,"sol":{"path":["/c/en/phosphate","/c/en/us","/c/it/cece","/c/en/garbanzo"],"weight":0.21383999999999917,"degrees":[441,8154,20,36]},"num_concepts_raised":34933},{"base_id":26,"kind":"bot_words","i1":5,"i2":9,"sol":{"path":["/c/en/phosphate","/c/en/us","/c/en/proof","/c/en/weatherproof"],"weight":0.2140399999999992,"degrees":[441,8154,766,45]},"num_concepts_raised":35144},{"base_id":26,"kind":"bot_words","i1":6,"i2":7,"sol":{"path":["/c/en/polemicist","/c/en/writer","/c/en/historical","/c/en/russia","/c/en/sheremetyevo"],"weight":0.20296999999999984,"degrees":[31,1369,8415,984,43]},"num_concepts_raised":2981},{"base_id":26,"kind":"bot_words","i1":6,"i2":8,"sol":{"path":["/c/en/polemicist","/c/en/writer","/c/en/house","/c/en/family","/c/en/garbanzo"],"weight":0.2029399999999999,"degrees":[31,1369,3114,3166,36]},"num_concepts_raised":4952},{"base_id":26,"kind":"bot_words","i1":6,"i2":9,"sol":{"path":["/c/en/polemicist","/c/en/polemic","/c/en/argument","/c/en/proof","/c/en/weatherproof"],"weight":0.20624999999999993,"degrees":[31,141,881,766,45]},"num_concepts_raised":5181},{"base_id":26,"kind":"bot_words","i1":7,"i2":8,"sol":{"path":["/c/en/sheremetyevo","/c/en/moscow","/c/en/human","/c/en/family","/c/en/garbanzo"],"weight":0.20298999999999978,"degrees":[43,345,2645,3166,36]},"num_concepts_raised":4987},{"base_id":26,"kind":"bot_words","i1":7,"i2":9,"sol":{"path":["/c/en/sheremetyevo","/c/en/airport","/c/en/air","/c/en/weather","/c/en/weatherproof"],"weight":0.20311999999999983,"degrees":[43,644,1965,1740,45]},"num_concepts_raised":5215},{"base_id":26,"kind":"bot_words","i1":8,"i2":9,"sol":{"path":["/c/en/garbanzo","/c/it/cece","/c/en/us","/c/en/proof","/c/en/weatherproof"],"weight":0.2051199999999999,"degrees":[36,20,8154,766,45]},"num_concepts_raised":7172}],[{"base_id":26,"kind":"top_words","i1":0,"i2":1,"sol":{"path":["/c/en/turki","/c/en/turkish","/c/en/person","/c/en/princess","/c/en/prince"],"weight":0.227429999999999,"degrees":[42,218,12935,454,701]},"num_concepts_raised":42329},{"base_id":26,"kind":"top_words","i1":0,"i2":2,"sol":{"path":["/c/en/turki","/c/en/turk","/c/en/slang","/c/en/waste","/c/en/bin"],"weight":0.20778999999999945,"degrees":[42,162,16318,1543,237]},"num_concepts_raised":51024},{"base_id":26,"kind":"top_words","i1":0,"i2":3,"sol":{"path":["/c/en/turki","/c/en/turk","/c/en/asian","/c/en/saudi"],"weight":0.2037199999999998,"degrees":[42,162,360,77]},"num_concepts_raised":3605},{"base_id":26,"kind":"top_words","i1":0,"i2":4,"sol":{"path":["/c/en/turki","/c/en/turk","/c/en/muslim","/c/en/abdul"],"weight":0.2079899999999998,"degrees":[42,162,683,37]},"num_concepts_raised":3067},{"base_id":26,"kind":"top_words","i1":0,"i2":5,"sol":{"path":["/c/en/turki","/c/en/turkish","/c/en/person","/c/en/innocent","/c/en/naif"],"weight":0.20307999999999982,"degrees":[42,218,12935,430,38]},"num_concepts_raised":1896},{"base_id":26,"kind":"top_words","i1":0,"i2":6,"sol":{"path":["/c/en/turki","/c/en/turk","/c/en/human","/c/en/new_york_city","/c/en/ny"],"weight":0.2030499999999998,"degrees":[42,162,2645,419,28]},"num_concepts_raised":8769},{"base_id":26,"kind":"top_words","i1":0,"i2":7,"sol":{"path":["/c/en/turki","/c/en/turkish","/c/en/ottoman_empire","/c/en/saudi_arabia","/c/en/riyadh"],"weight":0.20434999999999975,"degrees":[42,218,252,320,66]},"num_concepts_raised":1378},{"base_id":26,"kind":"top_words","i1":0,"i2":8,"sol":{"path":["/c/en/turki","/c/en/turk","/c/en/legal","/c/en/qadi"],"weight":0.2031199999999998,"degrees":[42,162,6627,52]},"num_concepts_raised":10006},{"base_id":26,"kind":"top_words","i1":0,"i2":9,"sol":{"path":["/c/en/turki","/c/en/turk","/c/en/muslim","/c/en/abdul","/c/en/abdullah"],"weight":0.2108999999999996,"degrees":[42,162,683,37,114]},"num_concepts_raised":3278},{"base_id":26,"kind":"top_words","i1":1,"i2":2,"sol":{"path":["/c/en/prince","/c/en/son","/c/en/bin"],"weight":0.20600000000000002,"degrees":[701,1299,237]},"num_concepts_raised":743},{"base_id":26,"kind":"top_words","i1":1,"i2":3,"sol":{"path":["/c/en/prince","/c/en/saudi_prince","/c/en/saudi_citizen","/c/en/saudi"],"weight":0.22103999999999907,"degrees":[701,3,5,77]},"num_concepts_raised":43840},{"base_id":26,"kind":"top_words","i1":1,"i2":4,"sol":{"path":["/c/en/prince","/c/en/son","/c/en/given_name","/c/en/abdul"],"weight":0.22570999999999908,"degrees":[701,1299,1247,37]},"num_concepts_raised":43201},{"base_id":26,"kind":"top_words","i1":1,"i2":5,"sol":{"path":["/c/en/prince","/c/en/princess","/c/en/person","/c/en/innocent","/c/en/naif"],"weight":0.2275699999999991,"degrees":[701,454,12935,430,38]},"num_concepts_raised":42186},{"base_id":26,"kind":"top_words","i1":1,"i2":6,"sol":{"path":["/c/en/prince","/c/en/england","/c/en/ny"],"weight":0.20600000000000002,"degrees":[701,2303,28]},"num_concepts_raised":576},{"base_id":26,"kind":"top_words","i1":1,"i2":7,"sol":{"path":["/c/en/prince","/c/fr/prince","/c/fr/gouvernement","/c/fr/riyad","/c/en/riyadh"],"weight":0.22827999999999904,"degrees":[701,290,558,15,66]},"num_concepts_raised":41686},{"base_id":26,"kind":"top_words","i1":1,"i2":8,"sol":{"path":["/c/en/prince","/c/en/crown","/c/en/legal","/c/en/qadi"],"weight":0.22315999999999908,"degrees":[701,1373,6627,52]},"num_concepts_raised":49459},{"base_id":26,"kind":"top_words","i1":1,"i2":9,"sol":{"path":["/c/en/prince","/c/en/son","/c/en/given_name","/c/en/abdullah"],"weight":0.22652999999999884,"degrees":[701,1299,1247,114]},"num_concepts_raised":43396},{"base_id":26,"kind":"top_words","i1":2,"i2":3,"sol":{"path":["/c/en/bin","/c/en/food","/c/en/oil","/c/en/saudi"],"weight":0.2060699999999995,"degrees":[237,4281,1904,77]},"num_concepts_raised":52410},{"base_id":26,"kind":"top_words","i1":2,"i2":4,"sol":{"path":["/c/en/bin","/c/en/son","/c/en/given_name","/c/en/abdul"],"weight":0.21027999999999952,"degrees":[237,1299,1247,37]},"num_concepts_raised":51949},{"base_id":26,"kind":"top_words","i1":2,"i2":5,"sol":{"path":["/c/en/bin","/c/en/computing","/c/en/naive","/c/en/naif"],"weight":0.20773999999999954,"degrees":[237,9084,347,38]},"num_concepts_raised":50845},{"base_id":26,"kind":"top_words","i1":2,"i2":6,"sol":{"path":["/c/en/bin","/c/en/box","/c/en/england","/c/en/ny"],"weight":0.20645999999999953,"degrees":[237,2026,2303,28]},"num_concepts_raised":57173},{"base_id":26,"kind":"top_words","i1":2,"i2":7,"sol":{"path":["/c/en/bin","/c/en/box","/c/fr/localités","/c/fr/riyad","/c/en/riyadh"],"weight":0.2089999999999995,"degrees":[237,2026,110113,15,66]},"num_concepts_raised":50350},{"base_id":26,"kind":"top_words","i1":2,"i2":8,"sol":{"path":["/c/en/bin","/c/en/waste","/c/en/legal","/c/en/qadi"],"weight":0.20778999999999953,"degrees":[237,1543,6627,52]},"num_concepts_raised":58436},{"base_id":26,"kind":"top_words","i1":2,"i2":9,"sol":{"path":["/c/en/bin","/c/en/son","/c/en/given_name","/c/en/abdullah"],"weight":0.21109999999999932,"degrees":[237,1299,1247,114]},"num_concepts_raised":52159},{"base_id":26,"kind":"top_words","i1":3,"i2":4,"sol":{"path":["/c/en/saudi","/c/en/saudi_arabia","/c/en/islam","/c/en/muslim","/c/en/abdul"],"weight":0.20983999999999986,"degrees":[77,320,1651,683,37]},"num_concepts_raised":4649},{"base_id":26,"kind":"top_words","i1":3,"i2":5,"sol":{"path":["/c/en/saudi","/c/no/saudiar","/c/en/person","/c/en/innocent","/c/en/naif"],"weight":0.20486999999999983,"degrees":[77,12,12935,430,38]},"num_concepts_raised":3486},{"base_id":26,"kind":"top_words","i1":3,"i2":6,"sol":{"path":["/c/en/saudi","/c/en/saudi_arabia","/c/en/country","/c/en/empire","/c/en/ny"],"weight":0.20469999999999985,"degrees":[77,320,2796,521,28]},"num_concepts_raised":10323},{"base_id":26,"kind":"top_words","i1":3,"i2":7,"sol":{"path":["/c/en/saudi","/c/en/saudi_arabia","/c/en/riyadh"],"weight":0.20400000000000001,"degrees":[77,320,66]},"num_concepts_raised":116},{"base_id":26,"kind":"top_words","i1":3,"i2":8,"sol":{"path":["/c/en/saudi","/c/en/saudi_arabia","/c/en/islam","/c/en/qadi"],"weight":0.20497999999999983,"degrees":[77,320,1651,52]},"num_concepts_raised":11573},{"base_id":26,"kind":"top_words","i1":3,"i2":9,"sol":{"path":["/c/en/saudi","/c/en/saudi_arabia","/c/en/islam","/c/en/muhammad","/c/en/abdullah"],"weight":0.21068999999999963,"degrees":[77,320,1651,369,114]},"num_concepts_raised":4860},{"base_id":26,"kind":"top_words","i1":4,"i2":5,"sol":{"path":["/c/en/abdul","/c/tr/abdal","/c/sh/abdal","/c/en/naif"],"weight":0.2079999999999999,"degrees":[37,6,16,38]},"num_concepts_raised":2894},{"base_id":26,"kind":"top_words","i1":4,"i2":6,"sol":{"path":["/c/en/abdul","/c/en/given_name","/c/en/morris","/c/en/new_york","/c/en/ny"],"weight":0.2080999999999999,"degrees":[37,1247,103,897,28]},"num_concepts_raised":9745},{"base_id":26,"kind":"top_words","i1":4,"i2":7,"sol":{"path":["/c/en/abdul","/c/en/muslim","/c/en/islam","/c/en/saudi_arabia","/c/en/riyadh"],"weight":0.2094599999999998,"degrees":[37,683,1651,320,66]},"num_concepts_raised":2376},{"base_id":26,"kind":"top_words","i1":4,"i2":8,"sol":{"path":["/c/en/abdul","/c/en/muslim","/c/en/islam","/c/en/qadi"],"weight":0.20828999999999986,"degrees":[37,683,1651,52]},"num_concepts_raised":10895},{"base_id":26,"kind":"top_words","i1":4,"i2":9,"sol":{"path":["/c/en/abdul","/c/en/abdullah"],"weight":0.20800000000000002,"degrees":[37,114]},"num_concepts_raised":133},{"base_id":26,"kind":"top_words","i1":5,"i2":6,"sol":{"path":["/c/en/naif","/c/en/naive","/c/en/computing","/c/en/news","/c/en/ny"],"weight":0.20515999999999987,"degrees":[38,347,9084,1317,28]},"num_concepts_raised":8593},{"base_id":26,"kind":"top_words","i1":5,"i2":7,"sol":{"path":["/c/en/naif","/c/fr/naïf","/c/en/callow","/c/fr/localités","/c/fr/riyad","/c/en/riyadh"],"weight":0.2127581999999999,"degrees":[38,200,79,110113,15,66]},"num_concepts_raised":195270},{"base_id":26,"kind":"top_words","i1":5,"i2":8,"sol":{"path":["/c/en/naif","/c/en/naive","/c/en/judgement","/c/en/judge","/c/en/qadi"],"weight":0.20555999999999985,"degrees":[38,347,321,1643,52]},"num_concepts_raised":9819},{"base_id":26,"kind":"top_words","i1":5,"i2":9,"sol":{"path":["/c/en/naif","/c/sh/abdal","/c/tr/abdal","/c/en/abdul","/c/en/abdullah"],"weight":0.21091999999999966,"degrees":[38,16,6,37,114]},"num_concepts_raised":3105},{"base_id":26,"kind":"top_words","i1":6,"i2":7,"sol":{"path":["/c/en/ny","/c/en/new_york","/c/fr/localités","/c/fr/riyad","/c/en/riyadh"],"weight":0.20545999999999984,"degrees":[28,897,110113,15,66]},"num_concepts_raised":8076},{"base_id":26,"kind":"top_words","i1":6,"i2":8,"sol":{"path":["/c/en/ny","/c/en/statue","/c/en/law","/c/sw/kadhi","/c/en/qadi"],"weight":0.20410999999999985,"degrees":[28,765,3727,8,52]},"num_concepts_raised":16590},{"base_id":26,"kind":"top_words","i1":6,"i2":9,"sol":{"path":["/c/en/ny","/c/en/new_york","/c/en/morris","/c/en/given_name","/c/en/abdullah"],"weight":0.20891999999999966,"degrees":[28,897,103,1247,114]},"num_concepts_raised":9946},{"base_id":26,"kind":"top_words","i1":7,"i2":8,"sol":{"path":["/c/en/riyadh","/c/en/saudi_arabia","/c/en/islam","/c/en/qadi"],"weight":0.20459999999999984,"degrees":[66,320,1651,52]},"num_concepts_raised":9314},{"base_id":26,"kind":"top_words","i1":7,"i2":9,"sol":{"path":["/c/en/riyadh","/c/en/saudi_arabia","/c/en/islam","/c/en/muhammad","/c/en/abdullah"],"weight":0.2103099999999996,"degrees":[66,320,1651,369,114]},"num_concepts_raised":2586},{"base_id":26,"kind":"top_words","i1":8,"i2":9,"sol":{"path":["/c/en/qadi","/c/en/islam","/c/en/muhammad","/c/en/abdullah"],"weight":0.20914999999999964,"degrees":[52,1651,369,114]},"num_concepts_raised":11082}]]