[[{"base_id":961,"kind":"bot_words","i1":0,"i2":1,"sol":{"path":["/c/en/canvassing","/c/en/mass_communication","/c/en/people","/c/en/disease","/c/en/yaws"],"weight":0.2102299999999998,"degrees":[24,62,4475,4216,70]},"num_concepts_raised":5273},{"base_id":961,"kind":"bot_words","i1":0,"i2":2,"sol":{"path":["/c/en/canvassing","/c/en/canvass","/c/en/beat","/c/en/given_name","/c/en/chris"],"weight":0.20981999999999984,"degrees":[24,89,1834,1247,38]},"num_concepts_raised":5428},{"base_id":961,"kind":"bot_words","i1":0,"i2":3,"sol":{"path":["/c/en/canvassing","/c/en/canvass","/c/en/toss","/c/en/coin","/c/en/sou"],"weight":0.20269999999999982,"degrees":[24,89,260,1336,30]},"num_concepts_raised":22040},{"base_id":961,"kind":"bot_words","i1":0,"i2":4,"sol":{"path":["/c/en/canvassing","/c/la/ambitio","/c/en/partiality","/c/en/inclination"],"weight":0.20731999999999895,"degrees":[24,66,111,482]},"num_concepts_raised":31228},{"base_id":961,"kind":"bot_words","i1":0,"i2":5,"sol":{"path":["/c/en/canvassing","/c/en/dialogue","/c/en/person","/c/en/plant","/c/en/guar"],"weight":0.2081099999999998,"degrees":[24,434,12935,7959,60]},"num_concepts_raised":21304},{"base_id":961,"kind":"bot_words","i1":0,"i2":6,"sol":{"path":["/c/en/canvassing","/c/en/dialogue","/c/en/person","/c/en/water","/c/en/ulexite"],"weight":0.2080599999999999,"degrees":[24,434,12935,4606,52]},"num_concepts_raised":12610},{"base_id":961,"kind":"bot_words","i1":0,"i2":7,"sol":{"path":["/c/en/canvassing","/c/en/mass_communication","/c/en/people","/c/en/city","/c/en/madurai"],"weight":0.20794999999999972,"degrees":[24,62,4475,3758,56]},"num_concepts_raised":5612},{"base_id":961,"kind":"bot_words","i1":0,"i2":8,"sol":{"path":["/c/en/canvassing","/c/en/mass_communication","/c/en/concern","/c/en/blithely","/c/en/jubilantly"],"weight":0.20281999999999983,"degrees":[24,62,881,29,46]},"num_concepts_raised":1509},{"base_id":961,"kind":"bot_words","i1":0,"i2":9,"sol":{"path":["/c/en/canvassing","/c/en/dialogue","/c/en/discuss","/c/en/legal","/c/en/appellant"],"weight":0.2041499999999999,"degrees":[24,434,559,6627,53]},"num_concepts_raised":8873},{"base_id":961,"kind":"bot_words","i1":1,"i2":2,"sol":{"path":["/c/en/yaws","/c/en/disease","/c/en/gord","/c/en/given_name","/c/en/chris"],"weight":0.2175499999999998,"degrees":[70,4216,19,1247,38]},"num_concepts_raised":9106},{"base_id":961,"kind":"bot_words","i1":1,"i2":3,"sol":{"path":["/c/en/yaws","/c/en/disease","/c/en/like","/c/en/coin","/c/en/sou"],"weight":0.2104299999999998,"degrees":[70,4216,2357,1336,30]},"num_concepts_raised":25682},{"base_id":961,"kind":"bot_words","i1":1,"i2":4,"sol":{"path":["/c/en/yaws","/c/en/disease","/c/en/predisposition","/c/en/inclination"],"weight":0.2151999999999989,"degrees":[70,4216,97,482]},"num_concepts_raised":34755},{"base_id":961,"kind":"bot_words","i1":1,"i2":5,"sol":{"path":["/c/en/yaws","/c/en/spirochete","/c/en/human","/c/en/guar"],"weight":0.2136599999999998,"degrees":[70,58,2645,60]},"num_concepts_raised":24843},{"base_id":961,"kind":"bot_words","i1":1,"i2":6,"sol":{"path":["/c/en/yaws","/c/en/disease","/c/en/health","/c/en/mineral","/c/en/ulexite"],"weight":0.21789999999999987,"degrees":[70,4216,1110,8530,52]},"num_concepts_raised":16259},{"base_id":961,"kind":"bot_words","i1":1,"i2":7,"sol":{"path":["/c/en/yaws","/c/en/disease","/c/en/sign","/c/en/city","/c/en/madurai"],"weight":0.2156699999999997,"degrees":[70,4216,2004,3758,56]},"num_concepts_raised":9295},{"base_id":961,"kind":"bot_words","i1":1,"i2":8,"sol":{"path":["/c/en/yaws","/c/en/disease","/c/fr/maladie","/c/fr/se_tirer_de_là","/c/fr/heureusement","/c/en/jubilantly"],"weight":0.21498499999999873,"degrees":[70,4216,1482,13,86,46]},"num_concepts_raised":386860},{"base_id":961,"kind":"bot_words","i1":1,"i2":9,"sol":{"path":["/c/en/yaws","/c/en/disease","/c/en/transmission","/c/en/legal","/c/en/appellant"],"weight":0.21186999999999986,"degrees":[70,4216,517,6627,53]},"num_concepts_raised":12557},{"base_id":961,"kind":"bot_words","i1":2,"i2":3,"sol":{"path":["/c/en/chris","/c/en/sex","/c/en/slang","/c/en/sou"],"weight":0.20789999999999983,"degrees":[38,1592,16318,30]},"num_concepts_raised":25610},{"base_id":961,"kind":"bot_words","i1":2,"i2":4,"sol":{"path":["/c/en/chris","/c/en/given_name","/c/en/list","/c/en/inclination"],"weight":0.21462999999999893,"degrees":[38,1247,1079,482]},"num_concepts_raised":34954},{"base_id":961,"kind":"bot_words","i1":2,"i2":5,"sol":{"path":["/c/en/chris","/c/en/sex","/c/en/human","/c/en/guar"],"weight":0.2133299999999998,"degrees":[38,1592,2645,60]},"num_concepts_raised":25044},{"base_id":961,"kind":"bot_words","i1":2,"i2":6,"sol":{"path":["/c/en/chris","/c/en/given_name","/c/en/beryl","/c/en/mineral","/c/en/ulexite"],"weight":0.2174799999999999,"degrees":[38,1247,198,8530,52]},"num_concepts_raised":16430},{"base_id":961,"kind":"bot_words","i1":2,"i2":7,"sol":{"path":["/c/en/chris","/c/en/sex","/c/en/city","/c/en/madurai"],"weight":0.21320999999999973,"degrees":[38,1592,3758,56]},"num_concepts_raised":9424},{"base_id":961,"kind":"bot_words","i1":2,"i2":8,"sol":{"path":["/c/en/chris","/c/en/diminutive","/c/en/merry","/c/en/merrily","/c/en/jubilantly"],"weight":0.20813999999999983,"degrees":[38,881,287,39,46]},"num_concepts_raised":5348},{"base_id":961,"kind":"bot_words","i1":2,"i2":9,"sol":{"path":["/c/en/chris","/c/en/given_name","/c/en/us","/c/en/legal","/c/en/appellant"],"weight":0.21149999999999988,"degrees":[38,1247,8154,6627,53]},"num_concepts_raised":12695},{"base_id":961,"kind":"bot_words","i1":3,"i2":4,"sol":{"path":["/c/en/sou","/c/en/slang","/c/en/slant","/c/en/inclination"],"weight":0.20882999999999893,"degrees":[30,16318,297,482]},"num_concepts_raised":50693},{"base_id":961,"kind":"bot_words","i1":3,"i2":5,"sol":{"path":["/c/en/sou","/c/en/coin","/c/en/food","/c/en/guar"],"weight":0.2082499999999998,"degrees":[30,1336,4281,60]},"num_concepts_raised":41226},{"base_id":961,"kind":"bot_words","i1":3,"i2":6,"sol":{"path":["/c/en/sou","/c/en/copper","/c/en/mineral","/c/en/ulexite"],"weight":0.2102599999999999,"degrees":[30,1570,8530,52]},"num_concepts_raised":32357},{"base_id":961,"kind":"bot_words","i1":3,"i2":7,"sol":{"path":["/c/en/sou","/c/fr/sou","/c/en/historical","/c/en/india","/c/en/madurai"],"weight":0.2090699999999997,"degrees":[30,92,8415,1846,56]},"num_concepts_raised":25977},{"base_id":961,"kind":"bot_words","i1":3,"i2":8,"sol":{"path":["/c/en/sou","/c/fr/sou","/c/en/historical","/c/en/triumph","/c/en/jubilantly"],"weight":0.20397999999999983,"degrees":[30,92,8415,328,46]},"num_concepts_raised":21971},{"base_id":961,"kind":"bot_words","i1":3,"i2":9,"sol":{"path":["/c/en/sou","/c/en/cent","/c/en/legal","/c/en/appellant"],"weight":0.20427999999999988,"degrees":[30,397,6627,53]},"num_concepts_raised":29181},{"base_id":961,"kind":"bot_words","i1":4,"i2":5,"sol":{"path":["/c/en/inclination","/c/en/disposition","/c/en/legal","/c/en/guar"],"weight":0.21455999999999892,"degrees":[482,572,6627,60]},"num_concepts_raised":50312},{"base_id":961,"kind":"bot_words","i1":4,"i2":6,"sol":{"path":["/c/en/inclination","/c/sga/mían","/c/en/mineral","/c/en/ulexite"],"weight":0.214809999999999,"degrees":[482,12,8530,52]},"num_concepts_raised":42034},{"base_id":961,"kind":"bot_words","i1":4,"i2":7,"sol":{"path":["/c/en/inclination","/c/en/intersection","/c/en/city","/c/en/madurai"],"weight":0.21260999999999883,"degrees":[482,494,3758,56]},"num_concepts_raised":35185},{"base_id":961,"kind":"bot_words","i1":4,"i2":8,"sol":{"path":["/c/en/inclination","/c/en/tendency","/c/en/optimism","/c/en/triumph","/c/en/jubilantly"],"weight":0.21074999999999894,"degrees":[482,433,213,328,46]},"num_concepts_raised":31181},{"base_id":961,"kind":"bot_words","i1":4,"i2":9,"sol":{"path":["/c/en/inclination","/c/en/disposition","/c/en/legal","/c/en/appellant"],"weight":0.21065999999999901,"degrees":[482,572,6627,53]},"num_concepts_raised":38185},{"base_id":961,"kind":"bot_words","i1":5,"i2":6,"sol":{"path":["/c/en/guar","/c/en/plant","/c/en/mineral","/c/en/ulexite"],"weight":0.21569999999999986,"degrees":[60,7959,8530,52]},"num_concepts_raised":32082},{"base_id":961,"kind":"bot_words","i1":5,"i2":7,"sol":{"path":["/c/en/guar","/c/en/human","/c/en/city","/c/en/madurai"],"weight":0.21348999999999968,"degrees":[60,2645,3758,56]},"num_concepts_raised":25176},{"base_id":961,"kind":"bot_words","i1":5,"i2":8,"sol":{"path":["/c/en/guar","/c/en/food","/c/ja/幸","/c/en/happily","/c/en/jubilantly"],"weight":0.2084499999999998,"degrees":[60,4281,104,128,46]},"num_concepts_raised":21241},{"base_id":961,"kind":"bot_words","i1":5,"i2":9,"sol":{"path":["/c/en/guar","/c/en/legal","/c/en/appellant"],"weight":0.20500000000000002,"degrees":[60,6627,53]},"num_concepts_raised":89},{"base_id":961,"kind":"bot_words","i1":6,"i2":7,"sol":{"path":["/c/en/ulexite","/c/en/water","/c/en/city","/c/en/madurai"],"weight":0.21347999999999978,"degrees":[52,4606,3758,56]},"num_concepts_raised":16612},{"base_id":961,"kind":"bot_words","i1":6,"i2":8,"sol":{"path":["/c/en/ulexite","/c/en/water","/c/ar/نصر","/c/en/triumph","/c/en/jubilantly"],"weight":0.2083799999999999,"degrees":[52,4606,47,328,46]},"num_concepts_raised":12531},{"base_id":961,"kind":"bot_words","i1":6,"i2":9,"sol":{"path":["/c/en/ulexite","/c/en/mineral","/c/en/composition","/c/en/legal","/c/en/appellant"],"weight":0.21175999999999995,"degrees":[52,8530,692,6627,53]},"num_concepts_raised":19884},{"base_id":961,"kind":"bot_words","i1":7,"i2":8,"sol":{"path":["/c/en/madurai","/c/en/city","/c/en/company","/c/en/triumph","/c/en/jubilantly"],"weight":0.20825999999999972,"degrees":[56,3758,2258,328,46]},"num_concepts_raised":5533},{"base_id":961,"kind":"bot_words","i1":7,"i2":9,"sol":{"path":["/c/en/madurai","/c/en/city","/c/en/court","/c/en/appellant"],"weight":0.20836999999999978,"degrees":[56,3758,1616,53]},"num_concepts_raised":12855},{"base_id":961,"kind":"bot_words","i1":8,"i2":9,"sol":{"path":["/c/en/jubilantly","/c/en/triumph","/c/en/company","/c/en/legal","/c/en/appellant"],"weight":0.20444999999999988,"degrees":[46,328,2258,6627,53]},"num_concepts_raised":8811}],[{"base_id":961,"kind":"top_words","i1":0,"i2":1,"sol":{"path":["/c/en/silique","/c/fr/silique","/c/fr/partie","/c/fr/sud","/c/en/meridional"],"weight":0.20649999999999982,"degrees":[48,51,2399,596,49]},"num_concepts_raised":28757},{"base_id":961,"kind":"top_words","i1":0,"i2":2,"sol":{"path":["/c/en/silique","/c/en/seed","/c/en/internet","/c/en/telecommunicate","/c/en/telex"],"weight":0.2085999999999999,"degrees":[48,1813,2994,23,72]},"num_concepts_raised":17848},{"base_id":961,"kind":"top_words","i1":0,"i2":3,"sol":{"path":["/c/en/silique","/c/en/fruit","/c/en/cooking","/c/en/fricassee"],"weight":0.20331999999999983,"degrees":[48,2192,1401,49]},"num_concepts_raised":22388},{"base_id":961,"kind":"top_words","i1":0,"i2":4,"sol":{"path":["/c/en/silique","/c/fr/botanique","/c/en/palm","/c/en/sunday","/c/en/dominical"],"weight":0.20425999999999989,"degrees":[48,7950,797,521,33]},"num_concepts_raised":26708},{"base_id":961,"kind":"top_words","i1":0,"i2":5,"sol":{"path":["/c/en/silique","/c/en/siliqua","/c/en/weight","/c/es/peso","/c/en/peso"],"weight":0.2070799999999998,"degrees":[48,11,1498,56,93]},"num_concepts_raised":28441},{"base_id":961,"kind":"top_words","i1":0,"i2":6,"sol":{"path":["/c/en/silique","/c/en/fruit","/c/ar/غلق","/c/en/cured","/c/en/curable"],"weight":0.20342999999999994,"degrees":[48,2192,68,94,57]},"num_concepts_raised":17985},{"base_id":961,"kind":"top_words","i1":0,"i2":7,"sol":{"path":["/c/en/silique","/c/en/botany","/c/en/horn","/c/en/foghorn"],"weight":0.20441999999999988,"degrees":[48,6881,1054,44]},"num_concepts_raised":23727},{"base_id":961,"kind":"top_words","i1":0,"i2":8,"sol":{"path":["/c/en/silique","/c/la/siliqua","/c/fr/cuisine","/c/fr/surcuire","/c/en/overcook"],"weight":0.20545999999999975,"degrees":[48,37,3268,88,73]},"num_concepts_raised":20710},{"base_id":961,"kind":"top_words","i1":0,"i2":9,"sol":{"path":["/c/en/silique","/c/en/botany","/c/en/opposite","/c/en/television","/c/en/telenovela"],"weight":0.20846999999999977,"degrees":[48,6881,755,1498,54]},"num_concepts_raised":19507},{"base_id":961,"kind":"top_words","i1":1,"i2":2,"sol":{"path":["/c/en/meridional","/c/fr/midi","/c/fr/communication","/c/fr/télex","/c/en/telex"],"weight":0.2107099999999999,"degrees":[49,334,344,23,72]},"num_concepts_raised":11554},{"base_id":961,"kind":"top_words","i1":1,"i2":3,"sol":{"path":["/c/en/meridional","/c/en/southern","/c/en/chicken","/c/en/meat","/c/en/fricassee"],"weight":0.20564999999999983,"degrees":[49,488,1689,1737,49]},"num_concepts_raised":16188},{"base_id":961,"kind":"top_words","i1":1,"i2":4,"sol":{"path":["/c/en/meridional","/c/en/region","/c/en/historical","/c/en/dominical"],"weight":0.20308999999999985,"degrees":[49,1382,8415,33]},"num_concepts_raised":20157},{"base_id":961,"kind":"top_words","i1":1,"i2":5,"sol":{"path":["/c/en/meridional","/c/en/austral","/c/en/peso"],"weight":0.202,"degrees":[49,70,93]},"num_concepts_raised":116},{"base_id":961,"kind":"top_words","i1":1,"i2":6,"sol":{"path":["/c/en/meridional","/c/en/southern","/c/en/whiskey","/c/en/cured","/c/en/curable"],"weight":0.20569999999999994,"degrees":[49,488,321,94,57]},"num_concepts_raised":11693},{"base_id":961,"kind":"top_words","i1":1,"i2":7,"sol":{"path":["/c/en/meridional","/c/en/geography","/c/en/horn","/c/en/foghorn"],"weight":0.20428999999999986,"degrees":[49,1915,1054,44]},"num_concepts_raised":17411},{"base_id":961,"kind":"top_words","i1":1,"i2":8,"sol":{"path":["/c/en/meridional","/c/en/southern","/c/en/us","/c/en/zamzawed","/c/en/overcook"],"weight":0.20577999999999977,"degrees":[49,488,8154,5,73]},"num_concepts_raised":14447},{"base_id":961,"kind":"top_words","i1":1,"i2":9,"sol":{"path":["/c/en/meridional","/c/en/northern","/c/en/aurora","/c/en/telenovela"],"weight":0.20841999999999974,"degrees":[49,484,379,54]},"num_concepts_raised":13177},{"base_id":961,"kind":"top_words","i1":2,"i2":3,"sol":{"path":["/c/en/telex","/c/fr/télex","/c/fr/électronique","/c/en/fry","/c/en/cook","/c/en/fricassee"],"weight":0.21438259999999965,"degrees":[72,23,839,772,1734,49]},"num_concepts_raised":319194},{"base_id":961,"kind":"top_words","i1":2,"i2":4,"sol":{"path":["/c/en/telex","/c/en/teleprinter","/c/en/computer","/c/en/historical","/c/en/dominical"],"weight":0.20841999999999994,"degrees":[72,39,2068,8415,33]},"num_concepts_raised":9453},{"base_id":961,"kind":"top_words","i1":2,"i2":5,"sol":{"path":["/c/en/telex","/c/en/telecommunicate","/c/en/cable","/c/en/currency","/c/en/peso"],"weight":0.20924999999999983,"degrees":[72,23,735,877,93]},"num_concepts_raised":11242},{"base_id":961,"kind":"top_words","i1":2,"i2":6,"sol":{"path":["/c/en/telex","/c/en/teleprinter","/c/en/telephone","/c/en/terminal","/c/en/incurable","/c/en/curable"],"weight":0.2140628999999999,"degrees":[72,39,1046,530,142,57]},"num_concepts_raised":41625},{"base_id":961,"kind":"top_words","i1":2,"i2":7,"sol":{"path":["/c/en/telex","/c/zh/電傳","/c/en/send","/c/en/pitch","/c/en/foghorn"],"weight":0.21051999999999998,"degrees":[72,9,990,1134,44]},"num_concepts_raised":6494},{"base_id":961,"kind":"top_words","i1":2,"i2":8,"sol":{"path":["/c/en/telex","/c/fr/télex","/c/fr/message","/c/fr/chef","/c/en/cook","/c/en/overcook"],"weight":0.2157175999999995,"degrees":[72,23,258,712,1734,73]},"num_concepts_raised":380214},{"base_id":961,"kind":"top_words","i1":2,"i2":9,"sol":{"path":["/c/en/telex","/c/en/ursigram","/c/en/radio","/c/en/soap_opera","/c/en/telenovela"],"weight":0.21376999999999982,"degrees":[72,10,1222,254,54]},"num_concepts_raised":2191},{"base_id":961,"kind":"top_words","i1":3,"i2":4,"sol":{"path":["/c/en/fricassee","/c/en/stew","/c/en/historical","/c/en/dominical"],"weight":0.20308999999999988,"degrees":[49,566,8415,33]},"num_concepts_raised":14065},{"base_id":961,"kind":"top_words","i1":3,"i2":5,"sol":{"path":["/c/en/fricassee","/c/fi/viillokki","/c/en/food","/c/en/coin","/c/en/peso"],"weight":0.2059599999999998,"degrees":[49,9,4281,1336,93]},"num_concepts_raised":15830},{"base_id":961,"kind":"top_words","i1":3,"i2":6,"sol":{"path":["/c/en/fricassee","/c/en/cook","/c/en/music","/c/en/tempered","/c/en/curable"],"weight":0.20448999999999995,"degrees":[49,1734,8822,55,57]},"num_concepts_raised":5313},{"base_id":961,"kind":"top_words","i1":3,"i2":7,"sol":{"path":["/c/en/fricassee","/c/fi/viillokki","/c/en/food","/c/en/boat","/c/en/foghorn"],"weight":0.20524999999999993,"degrees":[49,9,4281,1763,44]},"num_concepts_raised":11089},{"base_id":961,"kind":"top_words","i1":3,"i2":8,"sol":{"path":["/c/en/fricassee","/c/en/cook","/c/en/overcook"],"weight":0.202,"degrees":[49,1734,73]},"num_concepts_raised":99},{"base_id":961,"kind":"top_words","i1":3,"i2":9,"sol":{"path":["/c/en/fricassee","/c/en/cook","/c/en/music","/c/en/television","/c/en/telenovela"],"weight":0.20838999999999977,"degrees":[49,1734,8822,1498,54]},"num_concepts_raised":6841},{"base_id":961,"kind":"top_words","i1":4,"i2":5,"sol":{"path":["/c/en/dominical","/c/en/historical","/c/en/dollar","/c/en/peso"],"weight":0.2036799999999998,"degrees":[33,8415,743,93]},"num_concepts_raised":19874},{"base_id":961,"kind":"top_words","i1":4,"i2":6,"sol":{"path":["/c/en/dominical","/c/en/historical","/c/en/temper","/c/en/tempered","/c/en/curable"],"weight":0.2042,"degrees":[33,8415,530,55,57]},"num_concepts_raised":9590},{"base_id":961,"kind":"top_words","i1":4,"i2":7,"sol":{"path":["/c/en/dominical","/c/en/sunday","/c/en/mass","/c/en/fog","/c/en/foghorn"],"weight":0.20513999999999993,"degrees":[33,521,1639,865,44]},"num_concepts_raised":15344},{"base_id":961,"kind":"top_words","i1":4,"i2":8,"sol":{"path":["/c/en/dominical","/c/en/sunday","/c/en/sun","/c/en/burn","/c/en/overcook"],"weight":0.2044899999999998,"degrees":[33,521,1994,1773,73]},"num_concepts_raised":12336},{"base_id":961,"kind":"top_words","i1":4,"i2":9,"sol":{"path":["/c/en/dominical","/c/en/historical","/c/en/aurora","/c/en/telenovela"],"weight":0.2080599999999998,"degrees":[33,8415,379,54]},"num_concepts_raised":11094},{"base_id":961,"kind":"top_words","i1":5,"i2":6,"sol":{"path":["/c/en/peso","/c/en/note","/c/en/music","/c/en/tempered","/c/en/curable"],"weight":0.20494999999999988,"degrees":[93,1578,8822,55,57]},"num_concepts_raised":11383},{"base_id":961,"kind":"top_words","i1":5,"i2":7,"sol":{"path":["/c/en/peso","/c/en/dollar","/c/en/low","/c/en/foghorn"],"weight":0.20375999999999983,"degrees":[93,743,1298,44]},"num_concepts_raised":17055},{"base_id":961,"kind":"top_words","i1":5,"i2":8,"sol":{"path":["/c/en/peso","/c/en/mexican","/c/en/person","/c/en/overdo","/c/en/overcook"],"weight":0.20504999999999973,"degrees":[93,207,12935,122,73]},"num_concepts_raised":14109},{"base_id":961,"kind":"top_words","i1":5,"i2":9,"sol":{"path":["/c/en/peso","/c/en/mexico","/c/en/country","/c/en/television","/c/en/telenovela"],"weight":0.2099799999999997,"degrees":[93,1283,2796,1498,54]},"num_concepts_raised":12876},{"base_id":961,"kind":"top_words","i1":6,"i2":7,"sol":{"path":["/c/en/curable","/c/en/tempered","/c/en/music","/c/en/horn","/c/en/foghorn"],"weight":0.20545000000000002,"degrees":[57,55,8822,1054,44]},"num_concepts_raised":6633},{"base_id":961,"kind":"top_words","i1":6,"i2":8,"sol":{"path":["/c/en/curable","/c/en/tempered","/c/en/music","/c/en/cook","/c/en/overcook"],"weight":0.2050999999999999,"degrees":[57,55,8822,1734,73]},"num_concepts_raised":3568},{"base_id":961,"kind":"top_words","i1":6,"i2":9,"sol":{"path":["/c/en/curable","/c/en/tempered","/c/en/music","/c/en/television","/c/en/telenovela"],"weight":0.20947999999999986,"degrees":[57,55,8822,1498,54]},"num_concepts_raised":2330},{"base_id":961,"kind":"top_words","i1":7,"i2":8,"sol":{"path":["/c/en/foghorn","/c/en/low","/c/en/burn","/c/en/overcook"],"weight":0.20346999999999982,"degrees":[44,1298,1773,73]},"num_concepts_raised":9355},{"base_id":961,"kind":"top_words","i1":7,"i2":9,"sol":{"path":["/c/en/foghorn","/c/fr/corne_de_brume","/c/fr/sonore","/c/en/television","/c/en/telenovela"],"weight":0.2102599999999998,"degrees":[44,21,223,1498,54]},"num_concepts_raised":8140},{"base_id":961,"kind":"top_words","i1":8,"i2":9,"sol":{"path":["/c/en/overcook","/c/en/overdo","/c/en/person","/c/en/valeria","/c/en/telenovela"],"weight":0.2095399999999997,"degrees":[73,122,12935,28,54]},"num_concepts_raised":5089}]]