[[{"base_id":844,"kind":"bot_words","i1":0,"i2":1,"sol":{"path":["/c/en/koruna","/c/sk/koruna","/c/en/botany","/c/en/recess","/c/en/deferral"],"weight":0.20520999999999984,"degrees":[54,21,6881,309,36]},"num_concepts_raised":12966},{"base_id":844,"kind":"bot_words","i1":0,"i2":2,"sol":{"path":["/c/en/koruna","/c/sk/koruna","/c/en/botany","/c/en/pith","/c/en/pithy"],"weight":0.20679999999999982,"degrees":[54,21,6881,161,80]},"num_concepts_raised":14549},{"base_id":844,"kind":"bot_words","i1":0,"i2":3,"sol":{"path":["/c/en/koruna","/c/en/historical","/c/en/walk","/c/en/steps"],"weight":0.20393999999999968,"degrees":[54,8415,2020,77]},"num_concepts_raised":23695},{"base_id":844,"kind":"bot_words","i1":0,"i2":4,"sol":{"path":["/c/en/koruna","/c/en/crown","/c/en/tip","/c/en/skittle"],"weight":0.20352999999999982,"degrees":[54,1373,1000,39]},"num_concepts_raised":22376},{"base_id":844,"kind":"bot_words","i1":0,"i2":5,"sol":{"path":["/c/en/koruna","/c/en/crown","/c/en/rich","/c/en/unwholesome","/c/en/nauseating"],"weight":0.20542999999999972,"degrees":[54,1373,1109,78,110]},"num_concepts_raised":15312},{"base_id":844,"kind":"bot_words","i1":0,"i2":6,"sol":{"path":["/c/en/koruna","/c/en/crown","/c/en/british","/c/en/orwellian"],"weight":0.2035099999999998,"degrees":[54,1373,3452,36]},"num_concepts_raised":17284},{"base_id":844,"kind":"bot_words","i1":0,"i2":7,"sol":{"path":["/c/en/koruna","/c/en/crown","/c/en/honor","/c/en/virtue","/c/en/arete"],"weight":0.2087199999999998,"degrees":[54,1373,713,539,44]},"num_concepts_raised":13061},{"base_id":844,"kind":"bot_words","i1":0,"i2":8,"sol":{"path":["/c/en/koruna","/c/en/historical","/c/en/romantic","/c/en/infidelity"],"weight":0.20449999999999974,"degrees":[54,8415,484,135]},"num_concepts_raised":21967},{"base_id":844,"kind":"bot_words","i1":0,"i2":9,"sol":{"path":["/c/en/koruna","/c/en/historical","/c/en/walk","/c/en/running"],"weight":0.21668999999999805,"degrees":[54,8415,2020,589]},"num_concepts_raised":101183},{"base_id":844,"kind":"bot_words","i1":1,"i2":2,"sol":{"path":["/c/en/deferral","/c/en/deferring","/c/en/delay","/c/en/rush","/c/en/pithy"],"weight":0.20449999999999985,"degrees":[36,14,979,1156,80]},"num_concepts_raised":3789},{"base_id":844,"kind":"bot_words","i1":1,"i2":3,"sol":{"path":["/c/en/deferral","/c/fr/ajournement","/c/fr/action","/c/en/step","/c/en/steps"],"weight":0.2067099999999997,"degrees":[36,50,4713,1368,77]},"num_concepts_raised":13036},{"base_id":844,"kind":"bot_words","i1":1,"i2":4,"sol":{"path":["/c/en/deferral","/c/en/recess","/c/en/play","/c/en/skittle"],"weight":0.20288999999999985,"degrees":[36,309,3092,39]},"num_concepts_raised":11718},{"base_id":844,"kind":"bot_words","i1":1,"i2":5,"sol":{"path":["/c/en/deferral","/c/en/deferment","/c/en/military","/c/en/offensive","/c/en/nauseating"],"weight":0.20489999999999975,"degrees":[36,55,5690,1669,110]},"num_concepts_raised":4561},{"base_id":844,"kind":"bot_words","i1":1,"i2":6,"sol":{"path":["/c/en/deferral","/c/en/deferment","/c/en/military","/c/en/surveillance","/c/en/orwellian"],"weight":0.20396999999999985,"degrees":[36,55,5690,257,36]},"num_concepts_raised":6650},{"base_id":844,"kind":"bot_words","i1":1,"i2":7,"sol":{"path":["/c/en/deferral","/c/en/forbearance","/c/en/patience","/c/en/virtue","/c/en/arete"],"weight":0.20804999999999985,"degrees":[36,95,455,539,44]},"num_concepts_raised":2303},{"base_id":844,"kind":"bot_words","i1":1,"i2":8,"sol":{"path":["/c/en/deferral","/c/en/deferment","/c/en/military","/c/en/affair","/c/en/infidelity"],"weight":0.2064399999999998,"degrees":[36,55,5690,685,135]},"num_concepts_raised":11361},{"base_id":844,"kind":"bot_words","i1":1,"i2":9,"sol":{"path":["/c/en/deferral","/c/en/recess","/c/en/play","/c/en/running"],"weight":0.2139599999999981,"degrees":[36,309,3092,589]},"num_concepts_raised":91223},{"base_id":844,"kind":"bot_words","i1":2,"i2":3,"sol":{"path":["/c/en/pithy","/c/en/rush","/c/en/run","/c/en/step","/c/en/steps"],"weight":0.20632999999999965,"degrees":[80,1156,2730,1368,77]},"num_concepts_raised":14582},{"base_id":844,"kind":"bot_words","i1":2,"i2":4,"sol":{"path":["/c/en/pithy","/c/en/rush","/c/en/cheese","/c/en/skittles","/c/en/skittle"],"weight":0.20547999999999977,"degrees":[80,1156,1320,39,39]},"num_concepts_raised":13292},{"base_id":844,"kind":"bot_words","i1":2,"i2":5,"sol":{"path":["/c/en/pithy","/c/en/sound_bite","/c/en/sound","/c/en/unwholesome","/c/en/nauseating"],"weight":0.2052999999999997,"degrees":[80,29,3218,78,110]},"num_concepts_raised":6149},{"base_id":844,"kind":"bot_words","i1":2,"i2":6,"sol":{"path":["/c/en/pithy","/c/en/concise","/c/en/concision","/c/en/censorship","/c/en/orwellian"],"weight":0.20379999999999981,"degrees":[80,276,24,222,36]},"num_concepts_raised":8242},{"base_id":844,"kind":"bot_words","i1":2,"i2":7,"sol":{"path":["/c/en/pithy","/c/en/pith","/c/en/anatomy","/c/en/ridge","/c/en/arete"],"weight":0.20955999999999977,"degrees":[80,161,12775,598,44]},"num_concepts_raised":3902},{"base_id":844,"kind":"bot_words","i1":2,"i2":8,"sol":{"path":["/c/en/pithy","/c/nl/pittig","/c/en/person","/c/en/affair","/c/en/infidelity"],"weight":0.20595999999999973,"degrees":[80,26,12935,685,135]},"num_concepts_raised":12935},{"base_id":844,"kind":"bot_words","i1":2,"i2":9,"sol":{"path":["/c/en/pithy","/c/en/rush","/c/en/running"],"weight":0.20400000000000001,"degrees":[80,1156,589]},"num_concepts_raised":608},{"base_id":844,"kind":"bot_words","i1":3,"i2":4,"sol":{"path":["/c/en/steps","/c/en/walk","/c/en/play","/c/en/skittle"],"weight":0.20365999999999967,"degrees":[77,2020,3092,39]},"num_concepts_raised":22346},{"base_id":844,"kind":"bot_words","i1":3,"i2":5,"sol":{"path":["/c/en/steps","/c/en/step","/c/en/slang","/c/en/sickening","/c/en/nauseating"],"weight":0.20683999999999955,"degrees":[77,1368,16318,80,110]},"num_concepts_raised":15398},{"base_id":844,"kind":"bot_words","i1":3,"i2":6,"sol":{"path":["/c/en/steps","/c/en/step","/c/en/pace","/c/en/british","/c/en/orwellian"],"weight":0.20585999999999965,"degrees":[77,1368,534,3452,36]},"num_concepts_raised":17415},{"base_id":844,"kind":"bot_words","i1":3,"i2":7,"sol":{"path":["/c/en/steps","/c/en/step","/c/en/surface","/c/en/ridge","/c/en/arete"],"weight":0.21073999999999965,"degrees":[77,1368,1764,598,44]},"num_concepts_raised":13146},{"base_id":844,"kind":"bot_words","i1":3,"i2":8,"sol":{"path":["/c/en/steps","/c/en/step","/c/en/marriage","/c/en/infidelity"],"weight":0.20703999999999959,"degrees":[77,1368,1333,135]},"num_concepts_raised":22043},{"base_id":844,"kind":"bot_words","i1":3,"i2":9,"sol":{"path":["/c/en/steps","/c/en/walk","/c/en/running"],"weight":0.20500000000000002,"degrees":[77,2020,589]},"num_concepts_raised":611},{"base_id":844,"kind":"bot_words","i1":4,"i2":5,"sol":{"path":["/c/en/skittle","/c/en/bowl","/c/da/fad","/c/en/nauseating"],"weight":0.2037899999999997,"degrees":[39,956,31,110]},"num_concepts_raised":14055},{"base_id":844,"kind":"bot_words","i1":4,"i2":6,"sol":{"path":["/c/en/skittle","/c/en/skittles","/c/en/clock","/c/en/british","/c/en/orwellian"],"weight":0.2049299999999998,"degrees":[39,39,1070,3452,36]},"num_concepts_raised":16095},{"base_id":844,"kind":"bot_words","i1":4,"i2":7,"sol":{"path":["/c/en/skittle","/c/en/pin","/c/en/valuable","/c/en/excellence","/c/en/arete"],"weight":0.2081699999999998,"degrees":[39,823,454,249,44]},"num_concepts_raised":11832},{"base_id":844,"kind":"bot_words","i1":4,"i2":8,"sol":{"path":["/c/en/skittle","/c/en/play","/c/en/sexual","/c/en/infidelity"],"weight":0.20426999999999973,"degrees":[39,3092,1042,135]},"num_concepts_raised":20777},{"base_id":844,"kind":"bot_words","i1":4,"i2":9,"sol":{"path":["/c/en/skittle","/c/en/play","/c/en/running"],"weight":0.20400000000000001,"degrees":[39,3092,589]},"num_concepts_raised":574},{"base_id":844,"kind":"bot_words","i1":5,"i2":6,"sol":{"path":["/c/en/nauseating","/c/en/nauseous","/c/en/sick","/c/en/british","/c/en/orwellian"],"weight":0.2061199999999997,"degrees":[110,69,631,3452,36]},"num_concepts_raised":8984},{"base_id":844,"kind":"bot_words","i1":5,"i2":7,"sol":{"path":["/c/en/nauseating","/c/fr/écœurant","/c/en/good","/c/en/virtue","/c/en/arete"],"weight":0.2111099999999997,"degrees":[110,51,2615,539,44]},"num_concepts_raised":4659},{"base_id":844,"kind":"bot_words","i1":5,"i2":8,"sol":{"path":["/c/en/nauseating","/c/zh/膩歪","/c/en/intimate","/c/en/infidelity"],"weight":0.20510999999999963,"degrees":[110,22,434,135]},"num_concepts_raised":13680},{"base_id":844,"kind":"bot_words","i1":5,"i2":9,"sol":{"path":["/c/en/nauseating","/c/nl/wee","/c/en/pain","/c/en/running"],"weight":0.21469999999999795,"degrees":[110,44,2002,589]},"num_concepts_raised":93512},{"base_id":844,"kind":"bot_words","i1":6,"i2":7,"sol":{"path":["/c/en/orwellian","/c/en/british","/c/en/honour","/c/en/virtue","/c/en/arete"],"weight":0.2080599999999998,"degrees":[36,3452,488,539,44]},"num_concepts_raised":6756},{"base_id":844,"kind":"bot_words","i1":6,"i2":8,"sol":{"path":["/c/en/orwellian","/c/en/writer","/c/en/person","/c/en/affair","/c/en/infidelity"],"weight":0.20543999999999973,"degrees":[36,1369,12935,685,135]},"num_concepts_raised":15734},{"base_id":844,"kind":"bot_words","i1":6,"i2":9,"sol":{"path":["/c/en/orwellian","/c/en/british","/c/en/fast","/c/en/running"],"weight":0.21589999999999804,"degrees":[36,3452,1390,589]},"num_concepts_raised":95307},{"base_id":844,"kind":"bot_words","i1":7,"i2":8,"sol":{"path":["/c/en/arete","/c/en/virtue","/c/en/loyalty","/c/en/infidelity"],"weight":0.2095099999999997,"degrees":[44,539,303,135]},"num_concepts_raised":11386},{"base_id":844,"kind":"bot_words","i1":7,"i2":9,"sol":{"path":["/c/en/arete","/c/en/ridge","/c/en/stitch","/c/en/running"],"weight":0.21886999999999807,"degrees":[44,598,807,589]},"num_concepts_raised":91376},{"base_id":844,"kind":"bot_words","i1":8,"i2":9,"sol":{"path":["/c/en/infidelity","/c/en/religious","/c/en/fast","/c/en/running"],"weight":0.21714999999999798,"degrees":[135,1068,1390,589]},"num_concepts_raised":99526}],[{"base_id":844,"kind":"top_words","i1":0,"i2":1,"sol":{"path":["/c/en/olaf","/c/fr/anglais","/c/fr/langue","/c/en/norwegian"],"weight":0.20586999999999964,"degrees":[31,638,2949,181]},"num_concepts_raised":45400},{"base_id":844,"kind":"top_words","i1":0,"i2":2,"sol":{"path":["/c/en/olaf","/c/fr/prénom","/c/en/given_name","/c/en/arne"],"weight":0.20776999999999984,"degrees":[31,6796,1247,27]},"num_concepts_raised":118913},{"base_id":844,"kind":"top_words","i1":0,"i2":3,"sol":{"path":["/c/en/olaf","/c/en/oliver","/c/en/wisconsin","/c/en/norway","/c/en/trondheim"],"weight":0.20396999999999982,"degrees":[31,103,629,465,39]},"num_concepts_raised":8739},{"base_id":844,"kind":"top_words","i1":0,"i2":4,"sol":{"path":["/c/en/olaf","/c/en/oliver","/c/en/wisconsin","/c/en/norway"],"weight":0.2143099999999999,"degrees":[31,103,629,465]},"num_concepts_raised":22827},{"base_id":844,"kind":"top_words","i1":0,"i2":5,"sol":{"path":["/c/en/olaf","/c/fr/masculin","/c/ca/mateu","/c/en/matthew","/c/en/matthias"],"weight":0.2040099999999999,"degrees":[31,3883,8,145,37]},"num_concepts_raised":9735},{"base_id":844,"kind":"top_words","i1":0,"i2":6,"sol":{"path":["/c/en/olaf","/c/fr/masculin","/c/en/john","/c/en/ship","/c/en/vasa"],"weight":0.20787999999999976,"degrees":[31,3883,497,2104,43]},"num_concepts_raised":10058},{"base_id":844,"kind":"top_words","i1":0,"i2":7,"sol":{"path":["/c/en/olaf","/c/en/oliver","/c/en/person","/c/en/hedonist","/c/en/knut"],"weight":0.20789999999999975,"degrees":[31,103,12935,81,44]},"num_concepts_raised":8590},{"base_id":844,"kind":"top_words","i1":0,"i2":8,"sol":{"path":["/c/en/olaf","/c/en/oliver","/c/en/person","/c/en/king"],"weight":0.23090999999999834,"degrees":[31,103,12935,1642]},"num_concepts_raised":138461},{"base_id":844,"kind":"top_words","i1":0,"i2":9,"sol":{"path":["/c/en/olaf","/c/fr/prénom","/c/de/vorname","/c/de/kasimir","/c/en/casimir"],"weight":0.20266999999999985,"degrees":[31,6796,1259,6,26]},"num_concepts_raised":8296},{"base_id":844,"kind":"top_words","i1":1,"i2":2,"sol":{"path":["/c/en/norwegian","/c/en/norway","/c/en/oslo","/c/fr/localités","/c/en/arne"],"weight":0.21210999999999966,"degrees":[181,465,110,110113,27]},"num_concepts_raised":147840},{"base_id":844,"kind":"top_words","i1":1,"i2":3,"sol":{"path":["/c/en/norwegian","/c/en/norway","/c/en/trondheim"],"weight":0.20500000000000002,"degrees":[181,465,39]},"num_concepts_raised":184},{"base_id":844,"kind":"top_words","i1":1,"i2":4,"sol":{"path":["/c/en/norwegian","/c/en/norway"],"weight":0.20700000000000002,"degrees":[181,465]},"num_concepts_raised":468},{"base_id":844,"kind":"top_words","i1":1,"i2":5,"sol":{"path":["/c/en/norwegian","/c/en/person","/c/en/mattathias","/c/en/matthias"],"weight":0.20487999999999973,"degrees":[181,12935,42,37]},"num_concepts_raised":38891},{"base_id":844,"kind":"top_words","i1":1,"i2":6,"sol":{"path":["/c/en/norwegian","/c/en/viking","/c/en/ship","/c/en/vasa"],"weight":0.20986999999999956,"degrees":[181,146,2104,43]},"num_concepts_raised":39179},{"base_id":844,"kind":"top_words","i1":1,"i2":7,"sol":{"path":["/c/en/norwegian","/c/en/person","/c/en/hedonist","/c/en/knut"],"weight":0.20981999999999956,"degrees":[181,12935,81,44]},"num_concepts_raised":37748},{"base_id":844,"kind":"top_words","i1":1,"i2":8,"sol":{"path":["/c/en/norwegian","/c/en/person","/c/en/king"],"weight":0.20500000000000002,"degrees":[181,12935,1642]},"num_concepts_raised":1406},{"base_id":844,"kind":"top_words","i1":1,"i2":9,"sol":{"path":["/c/en/norwegian","/c/fr/habitant","/c/fr/croisé","/c/fr/casimir","/c/en/casimir"],"weight":0.20564999999999967,"degrees":[181,3560,113,12,26]},"num_concepts_raised":37461},{"base_id":844,"kind":"top_words","i1":2,"i2":3,"sol":{"path":["/c/en/arne","/c/fr/localités","/c/en/oslo","/c/en/trondheim"],"weight":0.20787999999999984,"degrees":[27,110113,110,39]},"num_concepts_raised":111330},{"base_id":844,"kind":"top_words","i1":2,"i2":4,"sol":{"path":["/c/en/arne","/c/fr/localités","/c/en/oslo","/c/en/norway"],"weight":0.22336999999999993,"degrees":[27,110113,110,465]},"num_concepts_raised":125124},{"base_id":844,"kind":"top_words","i1":2,"i2":5,"sol":{"path":["/c/en/arne","/c/en/given_name","/c/en/mat","/c/en/matthew","/c/en/matthias"],"weight":0.20902999999999994,"degrees":[27,1247,488,145,37]},"num_concepts_raised":112349},{"base_id":844,"kind":"top_words","i1":2,"i2":6,"sol":{"path":["/c/en/arne","/c/en/given_name","/c/en/victoria","/c/en/ship","/c/en/vasa"],"weight":0.2128799999999998,"degrees":[27,1247,497,2104,43]},"num_concepts_raised":112657},{"base_id":844,"kind":"top_words","i1":2,"i2":7,"sol":{"path":["/c/en/arne","/c/en/given_name","/c/de/vorname","/c/de/knut","/c/en/knut"],"weight":0.21288999999999975,"degrees":[27,1247,1259,10,44]},"num_concepts_raised":111207},{"base_id":844,"kind":"top_words","i1":2,"i2":8,"sol":{"path":["/c/en/arne","/c/fr/localités","/c/fr/cartes","/c/en/king"],"weight":0.23333999999999838,"degrees":[27,110113,340,1642]},"num_concepts_raised":240648},{"base_id":844,"kind":"top_words","i1":2,"i2":9,"sol":{"path":["/c/en/arne","/c/en/given_name","/c/de/vorname","/c/de/kasimir","/c/en/casimir"],"weight":0.20769999999999988,"degrees":[27,1247,1259,6,26]},"num_concepts_raised":110910},{"base_id":844,"kind":"top_words","i1":3,"i2":4,"sol":{"path":["/c/en/trondheim","/c/en/norway"],"weight":0.20600000000000002,"degrees":[39,465]},"num_concepts_raised":370},{"base_id":844,"kind":"top_words","i1":3,"i2":5,"sol":{"path":["/c/en/trondheim","/c/en/norway","/c/en/flora","/c/en/book","/c/en/matthew","/c/en/matthias"],"weight":0.21019209999999983,"degrees":[39,465,206,3239,145,37]},"num_concepts_raised":200701},{"base_id":844,"kind":"top_words","i1":3,"i2":6,"sol":{"path":["/c/en/trondheim","/c/en/norway","/c/en/human","/c/en/boat","/c/en/ship","/c/en/vasa"],"weight":0.21270409999999945,"degrees":[39,465,2645,1763,2104,43]},"num_concepts_raised":262191},{"base_id":844,"kind":"top_words","i1":3,"i2":7,"sol":{"path":["/c/en/trondheim","/c/en/norway","/c/en/human","/c/en/male_person","/c/en/playboy","/c/en/knut"],"weight":0.21242919999999965,"degrees":[39,465,2645,54,170,44]},"num_concepts_raised":174514},{"base_id":844,"kind":"top_words","i1":3,"i2":8,"sol":{"path":["/c/en/trondheim","/c/en/norway","/c/en/country","/c/en/king"],"weight":0.22952999999999835,"degrees":[39,465,2796,1642]},"num_concepts_raised":131060},{"base_id":844,"kind":"top_words","i1":3,"i2":9,"sol":{"path":["/c/en/trondheim","/c/en/norway","/c/en/human","/c/en/peace","/c/pl/mir","/c/en/casimir"],"weight":0.2073074999999998,"degrees":[39,465,2645,1125,6,26]},"num_concepts_raised":142157},{"base_id":844,"kind":"top_words","i1":4,"i2":5,"sol":{"path":["/c/en/norway","/c/en/norwegian","/c/en/person","/c/en/mattathias","/c/en/matthias"],"weight":0.21674999999999997,"degrees":[465,181,12935,42,37]},"num_concepts_raised":16194},{"base_id":844,"kind":"top_words","i1":4,"i2":6,"sol":{"path":["/c/en/norway","/c/en/norwegian","/c/en/viking","/c/en/ship","/c/en/vasa"],"weight":0.22167999999999982,"degrees":[465,181,146,2104,43]},"num_concepts_raised":16463},{"base_id":844,"kind":"top_words","i1":4,"i2":7,"sol":{"path":["/c/en/norway","/c/en/norwegian","/c/en/person","/c/en/hedonist","/c/en/knut"],"weight":0.22168999999999983,"degrees":[465,181,12935,81,44]},"num_concepts_raised":15033},{"base_id":844,"kind":"top_words","i1":4,"i2":8,"sol":{"path":["/c/en/norway","/c/en/country","/c/en/king"],"weight":0.20600000000000002,"degrees":[465,2796,1642]},"num_concepts_raised":1595},{"base_id":844,"kind":"top_words","i1":4,"i2":9,"sol":{"path":["/c/en/norway","/c/en/human","/c/en/peace","/c/pl/mir","/c/en/casimir"],"weight":0.21415999999999993,"degrees":[465,2645,1125,6,26]},"num_concepts_raised":14741},{"base_id":844,"kind":"top_words","i1":5,"i2":6,"sol":{"path":["/c/en/matthias","/c/en/biblical_character","/c/fr/marc","/c/fi/poro","/c/en/vasa"],"weight":0.20809999999999984,"degrees":[37,1015,135,42,43]},"num_concepts_raised":3380},{"base_id":844,"kind":"top_words","i1":5,"i2":7,"sol":{"path":["/c/en/matthias","/c/de/matthias","/c/de/vorname","/c/de/knut","/c/en/knut"],"weight":0.20902999999999983,"degrees":[37,16,1259,10,44]},"num_concepts_raised":1911},{"base_id":844,"kind":"top_words","i1":5,"i2":8,"sol":{"path":["/c/en/matthias","/c/en/mattathias","/c/en/person","/c/en/king"],"weight":0.2310299999999984,"degrees":[37,42,12935,1642]},"num_concepts_raised":131995},{"base_id":844,"kind":"top_words","i1":5,"i2":9,"sol":{"path":["/c/en/matthias","/c/de/matthias","/c/de/vorname","/c/de/kasimir","/c/en/casimir"],"weight":0.20383999999999994,"degrees":[37,16,1259,6,26]},"num_concepts_raised":1617},{"base_id":844,"kind":"top_words","i1":6,"i2":7,"sol":{"path":["/c/en/vasa","/c/en/ship","/c/en/stern","/c/en/magazine","/c/en/playboy","/c/en/knut"],"weight":0.21518639999999933,"degrees":[43,2104,532,978,170,44]},"num_concepts_raised":164408},{"base_id":844,"kind":"top_words","i1":6,"i2":8,"sol":{"path":["/c/en/vasa","/c/en/ship","/c/en/head","/c/en/king"],"weight":0.23575999999999825,"degrees":[43,2104,3580,1642]},"num_concepts_raised":132108},{"base_id":844,"kind":"top_words","i1":6,"i2":9,"sol":{"path":["/c/en/vasa","/c/en/ship","/c/fr/navire","/c/fr/étoffe","/c/fr/casimir","/c/en/casimir"],"weight":0.2100859999999995,"degrees":[43,2104,944,719,12,26]},"num_concepts_raised":134096},{"base_id":844,"kind":"top_words","i1":7,"i2":8,"sol":{"path":["/c/en/knut","/c/en/hedonist","/c/en/person","/c/en/king"],"weight":0.23596999999999824,"degrees":[44,81,12935,1642]},"num_concepts_raised":130919},{"base_id":844,"kind":"top_words","i1":7,"i2":9,"sol":{"path":["/c/en/knut","/c/de/knut","/c/de/vorname","/c/de/kasimir","/c/en/casimir"],"weight":0.2077699999999998,"degrees":[44,10,1259,6,26]},"num_concepts_raised":452},{"base_id":844,"kind":"top_words","i1":8,"i2":9,"sol":{"path":["/c/en/king","/c/en/slang","/c/en/peace","/c/pl/mir","/c/en/casimir"],"weight":0.22859999999999836,"degrees":[1642,16318,1125,6,26]},"num_concepts_raised":130651}]]