[[{"base_id":588,"kind":"bot_words","i1":0,"i2":1,"sol":{"path":["/c/en/fuzhou","/c/en/city","/c/en/gallery","/c/en/exhibition"],"weight":0.21925999999999918,"degrees":[73,3758,341,374]},"num_concepts_raised":36592},{"base_id":588,"kind":"bot_words","i1":0,"i2":2,"sol":{"path":["/c/en/fuzhou","/c/en/city","/c/en/block","/c/en/log"],"weight":0.21839999999999873,"degrees":[73,3758,1314,599]},"num_concepts_raised":94364},{"base_id":588,"kind":"bot_words","i1":0,"i2":3,"sol":{"path":["/c/en/fuzhou","/c/en/city","/c/en/dark","/c/en/obscure","/c/en/obscurantism"],"weight":0.21063999999999972,"degrees":[73,3758,1488,695,55]},"num_concepts_raised":9429},{"base_id":588,"kind":"bot_words","i1":0,"i2":4,"sol":{"path":["/c/en/fuzhou","/c/en/city","/c/en/united_states","/c/en/jefferson"],"weight":0.21075999999999973,"degrees":[73,3758,1636,48]},"num_concepts_raised":36109},{"base_id":588,"kind":"bot_words","i1":0,"i2":5,"sol":{"path":["/c/en/fuzhou","/c/en/prefecture","/c/ja/あき","/c/en/availability","/c/en/unavailability"],"weight":0.21141999999999983,"degrees":[73,402,21,120,27]},"num_concepts_raised":6562},{"base_id":588,"kind":"bot_words","i1":0,"i2":6,"sol":{"path":["/c/en/fuzhou","/c/en/fujian","/c/en/lapsang","/c/en/black","/c/en/rastafarianism"],"weight":0.21245999999999976,"degrees":[73,127,7,1965,32]},"num_concepts_raised":12363},{"base_id":588,"kind":"bot_words","i1":0,"i2":7,"sol":{"path":["/c/en/fuzhou","/c/en/city","/c/en/country","/c/en/administrative_region","/c/en/egaleo"],"weight":0.2153499999999997,"degrees":[73,3758,2796,476,26]},"num_concepts_raised":6457},{"base_id":588,"kind":"bot_words","i1":0,"i2":8,"sol":{"path":["/c/en/fuzhou","/c/en/city","/c/en/state","/c/en/unconstitutional"],"weight":0.2110999999999999,"degrees":[73,3758,3243,68]},"num_concepts_raised":10027},{"base_id":588,"kind":"bot_words","i1":0,"i2":9,"sol":{"path":["/c/en/fuzhou","/c/en/level","/c/en/heat","/c/en/coolness"],"weight":0.2094699999999995,"degrees":[73,1606,2046,127]},"num_concepts_raised":26588},{"base_id":588,"kind":"bot_words","i1":1,"i2":2,"sol":{"path":["/c/en/exhibition","/c/en/exposition","/c/en/discourse","/c/en/log"],"weight":0.22261999999999832,"degrees":[374,177,436,599]},"num_concepts_raised":115727},{"base_id":588,"kind":"bot_words","i1":1,"i2":3,"sol":{"path":["/c/en/exhibition","/c/en/exhibitionism","/c/en/deliberate","/c/en/obscurantism"],"weight":0.2137099999999993,"degrees":[374,77,377,55]},"num_concepts_raised":34288},{"base_id":588,"kind":"bot_words","i1":1,"i2":4,"sol":{"path":["/c/en/exhibition","/c/en/statue","/c/en/jefferson"],"weight":0.20400000000000001,"degrees":[374,765,48]},"num_concepts_raised":334},{"base_id":588,"kind":"bot_words","i1":1,"i2":5,"sol":{"path":["/c/en/exhibition","/c/ar/عرض","/c/en/supply","/c/en/availability","/c/en/unavailability"],"weight":0.2167499999999994,"degrees":[374,159,969,120,27]},"num_concepts_raised":31584},{"base_id":588,"kind":"bot_words","i1":1,"i2":6,"sol":{"path":["/c/en/exhibition","/c/en/exposition","/c/en/music","/c/en/reggae","/c/en/rastafarianism"],"weight":0.2161199999999993,"degrees":[374,177,8822,184,32]},"num_concepts_raised":37200},{"base_id":588,"kind":"bot_words","i1":1,"i2":7,"sol":{"path":["/c/en/exhibition","/c/en/fair","/c/en/country","/c/en/administrative_region","/c/en/egaleo"],"weight":0.21884999999999927,"degrees":[374,1027,2796,476,26]},"num_concepts_raised":31534},{"base_id":588,"kind":"bot_words","i1":1,"i2":8,"sol":{"path":["/c/en/exhibition","/c/en/fair","/c/en/state","/c/en/unconstitutional"],"weight":0.21463999999999944,"degrees":[374,1027,3243,68]},"num_concepts_raised":34841},{"base_id":588,"kind":"bot_words","i1":1,"i2":9,"sol":{"path":["/c/en/exhibition","/c/en/object","/c/en/cool","/c/en/coolness"],"weight":0.21525999999999906,"degrees":[374,1642,1186,127]},"num_concepts_raised":50145},{"base_id":588,"kind":"bot_words","i1":2,"i2":3,"sol":{"path":["/c/en/log","/c/en/book","/c/en/progress","/c/en/obscurantism"],"weight":0.21006999999999887,"degrees":[599,3239,854,55]},"num_concepts_raised":92276},{"base_id":588,"kind":"bot_words","i1":2,"i2":4,"sol":{"path":["/c/en/log","/c/en/slang","/c/en/jefferson"],"weight":0.202,"degrees":[599,16318,48]},"num_concepts_raised":537},{"base_id":588,"kind":"bot_words","i1":2,"i2":5,"sol":{"path":["/c/en/log","/c/en/history","/c/en/unavailable","/c/en/unavailability"],"weight":0.21081999999999898,"degrees":[599,1864,134,27]},"num_concepts_raised":89636},{"base_id":588,"kind":"bot_words","i1":2,"i2":6,"sol":{"path":["/c/en/log","/c/en/record","/c/en/black","/c/en/rastafarianism"],"weight":0.21222999999999892,"degrees":[599,1856,1965,32]},"num_concepts_raised":94907},{"base_id":588,"kind":"bot_words","i1":2,"i2":7,"sol":{"path":["/c/en/log","/c/pt/tora","/c/en/brazil","/c/en/administrative_region","/c/en/egaleo"],"weight":0.21538999999999883,"degrees":[599,9,1377,476,26]},"num_concepts_raised":89565},{"base_id":588,"kind":"bot_words","i1":2,"i2":8,"sol":{"path":["/c/en/log","/c/en/slang","/c/en/sovereign","/c/en/unconstitutional"],"weight":0.21048999999999904,"degrees":[599,16318,419,68]},"num_concepts_raised":92778},{"base_id":588,"kind":"bot_words","i1":2,"i2":9,"sol":{"path":["/c/en/log","/c/en/slang","/c/en/coolness"],"weight":0.202,"degrees":[599,16318,127]},"num_concepts_raised":606},{"base_id":588,"kind":"bot_words","i1":3,"i2":4,"sol":{"path":["/c/en/obscurantism","/c/en/opposition","/c/en/united_states","/c/en/jefferson"],"weight":0.20334999999999984,"degrees":[55,615,1636,48]},"num_concepts_raised":34006},{"base_id":588,"kind":"bot_words","i1":3,"i2":5,"sol":{"path":["/c/en/obscurantism","/c/en/obscurant","/c/en/political","/c/en/unavailable","/c/en/unavailability"],"weight":0.20421999999999996,"degrees":[55,50,1034,134,27]},"num_concepts_raised":4064},{"base_id":588,"kind":"bot_words","i1":3,"i2":6,"sol":{"path":["/c/en/obscurantism","/c/en/obscure","/c/en/dark","/c/en/black","/c/en/rastafarianism"],"weight":0.20311999999999986,"degrees":[55,695,1488,1965,32]},"num_concepts_raised":9881},{"base_id":588,"kind":"bot_words","i1":3,"i2":7,"sol":{"path":["/c/en/obscurantism","/c/en/progress","/c/en/stade","/c/en/administrative_region","/c/en/egaleo"],"weight":0.2078899999999998,"degrees":[55,854,140,476,26]},"num_concepts_raised":3996},{"base_id":588,"kind":"bot_words","i1":3,"i2":8,"sol":{"path":["/c/en/obscurantism","/c/en/policy","/c/en/state","/c/en/unconstitutional"],"weight":0.20368000000000003,"degrees":[55,640,3243,68]},"num_concepts_raised":7656},{"base_id":588,"kind":"bot_words","i1":3,"i2":9,"sol":{"path":["/c/en/obscurantism","/c/en/obscure","/c/en/change","/c/en/cool","/c/en/coolness"],"weight":0.2067399999999996,"degrees":[55,695,3383,1186,127]},"num_concepts_raised":24139},{"base_id":588,"kind":"bot_words","i1":4,"i2":5,"sol":{"path":["/c/en/jefferson","/c/en/us","/c/en/unavailable","/c/en/unavailability"],"weight":0.20419999999999994,"degrees":[48,8154,134,27]},"num_concepts_raised":31207},{"base_id":588,"kind":"bot_words","i1":4,"i2":6,"sol":{"path":["/c/en/jefferson","/c/en/president","/c/en/black","/c/en/rastafarianism"],"weight":0.20305999999999985,"degrees":[48,863,1965,32]},"num_concepts_raised":36817},{"base_id":588,"kind":"bot_words","i1":4,"i2":7,"sol":{"path":["/c/en/jefferson","/c/en/ohio","/c/en/administrative_region","/c/en/egaleo"],"weight":0.20809999999999984,"degrees":[48,655,476,26]},"num_concepts_raised":31083},{"base_id":588,"kind":"bot_words","i1":4,"i2":8,"sol":{"path":["/c/en/jefferson","/c/en/united_states","/c/en/state","/c/en/unconstitutional"],"weight":0.20401000000000002,"degrees":[48,1636,3243,68]},"num_concepts_raised":34496},{"base_id":588,"kind":"bot_words","i1":4,"i2":9,"sol":{"path":["/c/en/jefferson","/c/en/slang","/c/en/coolness"],"weight":0.202,"degrees":[48,16318,127]},"num_concepts_raised":156},{"base_id":588,"kind":"bot_words","i1":5,"i2":6,"sol":{"path":["/c/en/unavailability","/c/en/available","/c/en/power","/c/en/biblical","/c/en/rastafarianism"],"weight":0.20295999999999997,"degrees":[27,417,2205,835,32]},"num_concepts_raised":7033},{"base_id":588,"kind":"bot_words","i1":5,"i2":7,"sol":{"path":["/c/en/unavailability","/c/en/availability","/c/en/avail","/c/en/africa","/c/en/administrative_region","/c/en/egaleo"],"weight":0.21594829999999976,"degrees":[27,120,224,860,476,26]},"num_concepts_raised":104498},{"base_id":588,"kind":"bot_words","i1":5,"i2":8,"sol":{"path":["/c/en/unavailability","/c/en/availability","/c/en/postcode_lottery","/c/en/state","/c/en/unconstitutional"],"weight":0.20663000000000012,"degrees":[27,120,9,3243,68]},"num_concepts_raised":4812},{"base_id":588,"kind":"bot_words","i1":5,"i2":9,"sol":{"path":["/c/en/unavailability","/c/en/availability","/c/it/disponibilità","/c/en/composure","/c/en/coolness"],"weight":0.20716999999999972,"degrees":[27,120,22,193,127]},"num_concepts_raised":21319},{"base_id":588,"kind":"bot_words","i1":6,"i2":7,"sol":{"path":["/c/en/rastafarianism","/c/en/jamaica","/c/en/country","/c/en/administrative_region","/c/en/egaleo"],"weight":0.20778999999999986,"degrees":[32,358,2796,476,26]},"num_concepts_raised":6954},{"base_id":588,"kind":"bot_words","i1":6,"i2":8,"sol":{"path":["/c/en/rastafarianism","/c/en/jamaica","/c/en/state","/c/en/unconstitutional"],"weight":0.20356000000000005,"degrees":[32,358,3243,68]},"num_concepts_raised":10614},{"base_id":588,"kind":"bot_words","i1":6,"i2":9,"sol":{"path":["/c/en/rastafarianism","/c/en/black","/c/en/shade","/c/en/coolness"],"weight":0.20392999999999964,"degrees":[32,1965,1192,127]},"num_concepts_raised":26991},{"base_id":588,"kind":"bot_words","i1":7,"i2":8,"sol":{"path":["/c/en/egaleo","/c/en/administrative_region","/c/en/washington","/c/en/constitution","/c/en/unconstitutional"],"weight":0.2085,"degrees":[26,476,601,561,68]},"num_concepts_raised":4689},{"base_id":588,"kind":"bot_words","i1":7,"i2":9,"sol":{"path":["/c/en/egaleo","/c/en/administrative_region","/c/en/africa","/c/en/heat","/c/en/coolness"],"weight":0.2089099999999996,"degrees":[26,476,860,2046,127]},"num_concepts_raised":21262},{"base_id":588,"kind":"bot_words","i1":8,"i2":9,"sol":{"path":["/c/en/unconstitutional","/c/en/state","/c/en/heat","/c/en/coolness"],"weight":0.20469999999999977,"degrees":[68,3243,2046,127]},"num_concepts_raised":24844}],[{"base_id":588,"kind":"top_words","i1":0,"i2":1,"sol":{"path":["/c/en/topgallant","/c/en/nautical","/c/en/ssr","/c/fr/rss","/c/en/rss"],"weight":0.20964999999999967,"degrees":[48,5204,29,12,67]},"num_concepts_raised":7619},{"base_id":588,"kind":"top_words","i1":0,"i2":2,"sol":{"path":["/c/en/topgallant","/c/en/nautical","/c/en/to","/c/en/west_midlands","/c/en/hawthorns"],"weight":0.20945999999999979,"degrees":[48,5204,1535,168,43]},"num_concepts_raised":8055},{"base_id":588,"kind":"top_words","i1":0,"i2":3,"sol":{"path":["/c/en/topgallant","/c/en/nautical","/c/en/in","/c/en/actin","/c/en/actinic"],"weight":0.2054399999999999,"degrees":[48,5204,1742,141,36]},"num_concepts_raised":7745},{"base_id":588,"kind":"top_words","i1":0,"i2":4,"sol":{"path":["/c/en/topgallant","/c/en/nautical","/c/pt/borla","/c/en/tassel","/c/en/panicle"],"weight":0.20551999999999992,"degrees":[48,5204,19,212,44]},"num_concepts_raised":14700},{"base_id":588,"kind":"top_words","i1":0,"i2":5,"sol":{"path":["/c/en/topgallant","/c/en/nautical","/c/en/sole","/c/en/sumo","/c/en/rikishi"],"weight":0.21265999999999963,"degrees":[48,5204,778,892,91]},"num_concepts_raised":8672},{"base_id":588,"kind":"top_words","i1":0,"i2":6,"sol":{"path":["/c/en/topgallant","/c/en/nautical","/c/en/large","/c/en/monster","/c/en/scylla"],"weight":0.20450999999999991,"degrees":[48,5204,1592,693,37]},"num_concepts_raised":12767},{"base_id":588,"kind":"top_words","i1":0,"i2":7,"sol":{"path":["/c/en/topgallant","/c/en/nautical","/c/en/lead","/c/fr/éléments","/c/en/lutetium"],"weight":0.21316000000000013,"degrees":[48,5204,2667,1397,253]},"num_concepts_raised":9968},{"base_id":588,"kind":"top_words","i1":0,"i2":8,"sol":{"path":["/c/en/topgallant","/c/en/royal","/c/en/queen","/c/en/danaus"],"weight":0.2150099999999997,"degrees":[48,720,1021,84]},"num_concepts_raised":13594},{"base_id":588,"kind":"top_words","i1":0,"i2":9,"sol":{"path":["/c/en/topgallant","/c/en/nautical","/c/en/room","/c/en/space","/c/en/exomars"],"weight":0.20942999999999984,"degrees":[48,5204,1788,1852,36]},"num_concepts_raised":9204},{"base_id":588,"kind":"top_words","i1":1,"i2":2,"sol":{"path":["/c/en/rss","/c/en/feedburner","/c/en/feed","/c/en/sports","/c/en/stadium","/c/en/hawthorns"],"weight":0.21557899999999935,"degrees":[67,31,1014,3417,441,43]},"num_concepts_raised":192117},{"base_id":588,"kind":"top_words","i1":1,"i2":3,"sol":{"path":["/c/en/rss","/c/en/syndication","/c/fr/diffusion","/c/en/physics","/c/fr/actinique","/c/en/actinic"],"weight":0.21494709999999959,"degrees":[67,34,165,9094,38,36]},"num_concepts_raised":95208},{"base_id":588,"kind":"top_words","i1":1,"i2":4,"sol":{"path":["/c/en/rss","/c/en/feedburner","/c/en/internet","/c/en/wall","/c/en/tassel","/c/en/panicle"],"weight":0.2132428999999995,"degrees":[67,31,2994,1673,212,44]},"num_concepts_raised":285043},{"base_id":588,"kind":"top_words","i1":1,"i2":5,"sol":{"path":["/c/en/rss","/c/en/syndication","/c/en/organization","/c/en/stable","/c/en/sumo","/c/en/rikishi"],"weight":0.22152579999999916,"degrees":[67,34,1375,741,892,91]},"num_concepts_raised":112442},{"base_id":588,"kind":"top_words","i1":1,"i2":6,"sol":{"path":["/c/en/rss","/c/fr/rss","/c/fr/histoire","/c/fr/charybde","/c/fr/scylla","/c/en/scylla"],"weight":0.21495939999999958,"degrees":[67,12,4439,28,14,37]},"num_concepts_raised":459788},{"base_id":588,"kind":"top_words","i1":1,"i2":7,"sol":{"path":["/c/en/rss","/c/en/syndication","/c/fr/diffusion","/c/fr/chimique","/c/fr/lutécium","/c/en/lutetium"],"weight":0.23320529999999956,"degrees":[67,34,165,901,79,253]},"num_concepts_raised":322304},{"base_id":588,"kind":"top_words","i1":1,"i2":8,"sol":{"path":["/c/en/rss","/c/en/feedburner","/c/en/blogger","/c/en/person","/c/en/queen","/c/en/danaus"],"weight":0.2238091999999995,"degrees":[67,31,181,12935,1021,84]},"num_concepts_raised":321154},{"base_id":588,"kind":"top_words","i1":1,"i2":9,"sol":{"path":["/c/en/rss","/c/en/feedburner","/c/en/internet","/c/en/room","/c/en/space","/c/en/exomars"],"weight":0.21576969999999923,"degrees":[67,31,2994,1788,1852,36]},"num_concepts_raised":229244},{"base_id":588,"kind":"top_words","i1":2,"i2":3,"sol":{"path":["/c/en/hawthorns","/c/en/stadium","/c/en/biology","/c/en/actino","/c/en/actinic"],"weight":0.2079799999999998,"degrees":[43,441,6216,15,36]},"num_concepts_raised":970},{"base_id":588,"kind":"top_words","i1":2,"i2":4,"sol":{"path":["/c/en/hawthorns","/c/en/stadium","/c/en/running","/c/en/botany","/c/en/panicle"],"weight":0.2082699999999998,"degrees":[43,441,589,6881,44]},"num_concepts_raised":7974},{"base_id":588,"kind":"top_words","i1":2,"i2":5,"sol":{"path":["/c/en/hawthorns","/c/en/stadium","/c/en/ground","/c/en/sumo","/c/en/rikishi"],"weight":0.2162399999999995,"degrees":[43,441,1836,892,91]},"num_concepts_raised":1912},{"base_id":588,"kind":"top_words","i1":2,"i2":6,"sol":{"path":["/c/en/hawthorns","/c/en/west_bromwich","/c/fr/localités","/c/fr/scylla","/c/en/scylla"],"weight":0.21001999999999982,"degrees":[43,13,110113,14,37]},"num_concepts_raised":6048},{"base_id":588,"kind":"top_words","i1":2,"i2":7,"sol":{"path":["/c/en/hawthorns","/c/en/west_bromwich","/c/fr/localités","/c/la/lutetia","/c/en/lutetium"],"weight":0.21660000000000001,"degrees":[43,13,110113,22,253]},"num_concepts_raised":3193},{"base_id":588,"kind":"top_words","i1":2,"i2":8,"sol":{"path":["/c/en/hawthorns","/c/en/west_midlands","/c/en/england","/c/en/queen","/c/en/danaus"],"weight":0.21981999999999963,"degrees":[43,168,2303,1021,84]},"num_concepts_raised":6939},{"base_id":588,"kind":"top_words","i1":2,"i2":9,"sol":{"path":["/c/en/hawthorns","/c/en/stadium","/c/en/park","/c/en/space","/c/en/exomars"],"weight":0.21298999999999974,"degrees":[43,441,898,1852,36]},"num_concepts_raised":2470},{"base_id":588,"kind":"top_words","i1":3,"i2":4,"sol":{"path":["/c/en/actinic","/c/en/actin","/c/en/filament","/c/en/botany","/c/en/panicle"],"weight":0.20428999999999992,"degrees":[36,141,279,6881,44]},"num_concepts_raised":7656},{"base_id":588,"kind":"top_words","i1":3,"i2":5,"sol":{"path":["/c/en/actinic","/c/en/actin","/c/en/tangible_thing","/c/en/stable","/c/en/sumo","/c/en/rikishi"],"weight":0.21829969999999949,"degrees":[36,141,1925,741,892,91]},"num_concepts_raised":174329},{"base_id":588,"kind":"top_words","i1":3,"i2":6,"sol":{"path":["/c/en/actinic","/c/en/actinic_keratosis","/c/en/medicine","/c/en/monster","/c/en/scylla"],"weight":0.20302999999999993,"degrees":[36,34,11938,693,37]},"num_concepts_raised":5739},{"base_id":588,"kind":"top_words","i1":3,"i2":7,"sol":{"path":["/c/en/actinic","/c/fr/actinique","/c/en/chemistry","/c/it/lutezio","/c/en/lutetium"],"weight":0.21779000000000015,"degrees":[36,38,11754,17,253]},"num_concepts_raised":2870},{"base_id":588,"kind":"top_words","i1":3,"i2":8,"sol":{"path":["/c/en/actinic","/c/en/actin","/c/en/tangible_thing","/c/en/queen","/c/en/danaus"],"weight":0.21576999999999974,"degrees":[36,141,1925,1021,84]},"num_concepts_raised":6627},{"base_id":588,"kind":"top_words","i1":3,"i2":9,"sol":{"path":["/c/en/actinic","/c/fr/actinique","/c/en/physics","/c/en/space","/c/en/exomars"],"weight":0.21005999999999983,"degrees":[36,38,9094,1852,36]},"num_concepts_raised":2157},{"base_id":588,"kind":"top_words","i1":4,"i2":5,"sol":{"path":["/c/en/panicle","/c/en/tassel","/c/ja/大頭","/c/en/rikishi"],"weight":0.20959999999999968,"degrees":[44,212,28,91]},"num_concepts_raised":8593},{"base_id":588,"kind":"top_words","i1":4,"i2":6,"sol":{"path":["/c/en/panicle","/c/en/botany","/c/en/tree","/c/en/monster","/c/en/scylla"],"weight":0.2033399999999999,"degrees":[44,6881,3598,693,37]},"num_concepts_raised":12708},{"base_id":588,"kind":"top_words","i1":4,"i2":7,"sol":{"path":["/c/en/panicle","/c/en/tassel","/c/en/part","/c/li/lutetium","/c/en/lutetium"],"weight":0.21259000000000017,"degrees":[44,212,2528,3,253]},"num_concepts_raised":9881},{"base_id":588,"kind":"top_words","i1":4,"i2":8,"sol":{"path":["/c/en/panicle","/c/en/tassel","/c/en/male","/c/en/queen","/c/en/danaus"],"weight":0.21584999999999976,"degrees":[44,212,2222,1021,84]},"num_concepts_raised":13577},{"base_id":588,"kind":"top_words","i1":4,"i2":9,"sol":{"path":["/c/en/panicle","/c/en/tassel","/c/en/board","/c/en/space","/c/en/exomars"],"weight":0.20906999999999987,"degrees":[44,212,1625,1852,36]},"num_concepts_raised":9150},{"base_id":588,"kind":"top_words","i1":5,"i2":6,"sol":{"path":["/c/en/rikishi","/c/en/sumo","/c/en/ground","/c/en/rock","/c/en/scylla"],"weight":0.21125999999999961,"degrees":[91,892,1836,2349,37]},"num_concepts_raised":6670},{"base_id":588,"kind":"top_words","i1":5,"i2":7,"sol":{"path":["/c/en/rikishi","/c/en/juryo","/c/en/division","/c/en/lu","/c/en/lutetium"],"weight":0.21712999999999988,"degrees":[91,17,1509,78,253]},"num_concepts_raised":3819},{"base_id":588,"kind":"top_words","i1":5,"i2":8,"sol":{"path":["/c/en/rikishi","/c/en/sumo","/c/en/ground","/c/en/insect","/c/en/danaus"],"weight":0.22087999999999944,"degrees":[91,892,1836,2112,84]},"num_concepts_raised":7566},{"base_id":588,"kind":"top_words","i1":5,"i2":9,"sol":{"path":["/c/en/rikishi","/c/en/sumo","/c/en/ground","/c/en/space","/c/en/exomars"],"weight":0.21622999999999953,"degrees":[91,892,1836,1852,36]},"num_concepts_raised":3096},{"base_id":588,"kind":"top_words","i1":6,"i2":7,"sol":{"path":["/c/en/scylla","/c/en/greek_mythology","/c/en/cassiopeia","/c/en/cassiopeium","/c/en/lutetium"],"weight":0.21370000000000017,"degrees":[37,1305,132,15,253]},"num_concepts_raised":7950},{"base_id":588,"kind":"top_words","i1":6,"i2":8,"sol":{"path":["/c/en/scylla","/c/en/greek_mythology","/c/en/danaus"],"weight":0.20600000000000002,"degrees":[37,1305,84]},"num_concepts_raised":102},{"base_id":588,"kind":"top_words","i1":6,"i2":9,"sol":{"path":["/c/en/scylla","/c/en/monster","/c/en/closet","/c/en/space","/c/en/exomars"],"weight":0.20804999999999985,"degrees":[37,693,569,1852,36]},"num_concepts_raised":7220},{"base_id":588,"kind":"top_words","i1":7,"i2":8,"sol":{"path":["/c/en/lutetium","/c/en/lu","/c/en/country","/c/en/queen","/c/en/danaus"],"weight":0.22331999999999996,"degrees":[253,78,2796,1021,84]},"num_concepts_raised":8844},{"base_id":588,"kind":"top_words","i1":7,"i2":9,"sol":{"path":["/c/en/lutetium","/c/en/lanthanide","/c/en/pseudogroup","/c/en/space","/c/en/exomars"],"weight":0.2206200000000001,"degrees":[253,195,16,1852,36]},"num_concepts_raised":4380},{"base_id":588,"kind":"top_words","i1":8,"i2":9,"sol":{"path":["/c/en/danaus","/c/en/queen","/c/en/card","/c/en/space","/c/en/exomars"],"weight":0.21975999999999965,"degrees":[84,1021,1332,1852,36]},"num_concepts_raised":8118}]]