[[{"base_id":761,"kind":"bot_words","i1":0,"i2":1,"sol":{"path":["/c/en/misrepresentation","/c/en/exaggeration","/c/en/increase","/c/en/increasingly"],"weight":0.2042499999999994,"degrees":[128,209,1641,72]},"num_concepts_raised":27232},{"base_id":761,"kind":"bot_words","i1":0,"i2":2,"sol":{"path":["/c/en/misrepresentation","/c/en/distortion","/c/en/torture","/c/en/punish"],"weight":0.2127299999999988,"degrees":[128,239,779,643]},"num_concepts_raised":53466},{"base_id":761,"kind":"bot_words","i1":0,"i2":3,"sol":{"path":["/c/en/misrepresentation","/c/en/representative","/c/en/deputy","/c/en/vice"],"weight":0.22066999999999887,"degrees":[128,469,446,447]},"num_concepts_raised":70722},{"base_id":761,"kind":"bot_words","i1":0,"i2":4,"sol":{"path":["/c/en/misrepresentation","/c/en/person","/c/en/energy","/c/en/debilitating"],"weight":0.2040499999999995,"degrees":[128,12935,1631,47]},"num_concepts_raised":25579},{"base_id":761,"kind":"bot_words","i1":0,"i2":5,"sol":{"path":["/c/en/misrepresentation","/c/en/scale","/c/en/scotland","/c/en/fingal's_cave","/c/en/staffa"],"weight":0.21088999999999952,"degrees":[128,1530,2226,31,34]},"num_concepts_raised":24380},{"base_id":761,"kind":"bot_words","i1":0,"i2":6,"sol":{"path":["/c/en/misrepresentation","/c/en/representation","/c/en/mathematics","/c/en/sinusoid"],"weight":0.2123799999999995,"degrees":[128,609,7601,64]},"num_concepts_raised":46892},{"base_id":761,"kind":"bot_words","i1":0,"i2":7,"sol":{"path":["/c/en/misrepresentation","/c/en/angle","/c/en/circle","/c/en/circumcircle"],"weight":0.20509999999999962,"degrees":[128,959,1376,37]},"num_concepts_raised":27169},{"base_id":761,"kind":"bot_words","i1":0,"i2":8,"sol":{"path":["/c/en/misrepresentation","/c/en/scale","/c/en/skin","/c/en/exocrine_gland","/c/en/exocrine"],"weight":0.20592999999999956,"degrees":[128,1530,2372,96,37]},"num_concepts_raised":23424},{"base_id":761,"kind":"bot_words","i1":0,"i2":9,"sol":{"path":["/c/en/misrepresentation","/c/en/person","/c/en/egg","/c/en/shelled"],"weight":0.2039799999999995,"degrees":[128,12935,1565,42]},"num_concepts_raised":44289},{"base_id":761,"kind":"bot_words","i1":1,"i2":2,"sol":{"path":["/c/en/increasingly","/c/en/wax","/c/en/kill","/c/en/punish"],"weight":0.21218999999999907,"degrees":[72,1206,1884,643]},"num_concepts_raised":35818},{"base_id":761,"kind":"bot_words","i1":1,"i2":3,"sol":{"path":["/c/en/increasingly","/c/km/រឹត","/c/en/grip","/c/en/vice"],"weight":0.21754999999999913,"degrees":[72,29,561,447]},"num_concepts_raised":53330},{"base_id":761,"kind":"bot_words","i1":1,"i2":4,"sol":{"path":["/c/en/increasingly","/c/en/amount","/c/en/strength","/c/en/debilitating"],"weight":0.20346999999999976,"degrees":[72,1036,1048,47]},"num_concepts_raised":6962},{"base_id":761,"kind":"bot_words","i1":1,"i2":5,"sol":{"path":["/c/en/increasingly","/c/en/economy","/c/en/state","/c/en/island","/c/en/staffa"],"weight":0.2083399999999998,"degrees":[72,601,3243,1660,34]},"num_concepts_raised":5774},{"base_id":761,"kind":"bot_words","i1":1,"i2":6,"sol":{"path":["/c/en/increasingly","/c/en/more_and_more","/c/en/degree","/c/en/mathematics","/c/en/sinusoid"],"weight":0.21227999999999977,"degrees":[72,143,1513,7601,64]},"num_concepts_raised":28715},{"base_id":761,"kind":"bot_words","i1":1,"i2":7,"sol":{"path":["/c/en/increasingly","/c/en/more_and_more","/c/en/degree","/c/en/circle","/c/en/circumcircle"],"weight":0.20608999999999988,"degrees":[72,143,1513,1376,37]},"num_concepts_raised":8775},{"base_id":761,"kind":"bot_words","i1":1,"i2":8,"sol":{"path":["/c/en/increasingly","/c/en/wax","/c/en/secretion","/c/en/exocrinology","/c/en/exocrine"],"weight":0.20436999999999983,"degrees":[72,1206,295,10,37]},"num_concepts_raised":4798},{"base_id":761,"kind":"bot_words","i1":1,"i2":9,"sol":{"path":["/c/en/increasingly","/c/en/wax","/c/en/turtle","/c/en/shelled"],"weight":0.20344999999999974,"degrees":[72,1206,890,42]},"num_concepts_raised":26315},{"base_id":761,"kind":"bot_words","i1":2,"i2":3,"sol":{"path":["/c/en/punish","/c/en/crime","/c/la/vitium","/c/en/vice"],"weight":0.22946999999999856,"degrees":[643,1155,53,447]},"num_concepts_raised":78537},{"base_id":761,"kind":"bot_words","i1":2,"i2":4,"sol":{"path":["/c/en/punish","/c/en/action","/c/en/energy","/c/en/debilitating"],"weight":0.2108999999999992,"degrees":[643,2156,1631,47]},"num_concepts_raised":34200},{"base_id":761,"kind":"bot_words","i1":2,"i2":5,"sol":{"path":["/c/en/punish","/c/en/book","/c/en/island","/c/en/staffa"],"weight":0.21564999999999918,"degrees":[643,3239,1660,34]},"num_concepts_raised":33077},{"base_id":761,"kind":"bot_words","i1":2,"i2":6,"sol":{"path":["/c/en/punish","/c/en/discipline","/c/en/mathematics","/c/en/sinusoid"],"weight":0.22063999999999917,"degrees":[643,733,7601,64]},"num_concepts_raised":55643},{"base_id":761,"kind":"bot_words","i1":2,"i2":7,"sol":{"path":["/c/en/punish","/c/en/proof","/c/en/geometry","/c/en/circumcircle"],"weight":0.2109399999999993,"degrees":[643,766,2822,37]},"num_concepts_raised":35982},{"base_id":761,"kind":"bot_words","i1":2,"i2":8,"sol":{"path":["/c/en/punish","/c/en/discipline","/c/en/sexual","/c/en/bulbourethral_gland","/c/en/exocrine"],"weight":0.2131299999999992,"degrees":[643,733,1042,85,37]},"num_concepts_raised":32125},{"base_id":761,"kind":"bot_words","i1":2,"i2":9,"sol":{"path":["/c/en/punish","/c/en/action","/c/en/slang","/c/en/shelled"],"weight":0.21092999999999917,"degrees":[643,2156,16318,42]},"num_concepts_raised":52820},{"base_id":761,"kind":"bot_words","i1":3,"i2":4,"sol":{"path":["/c/en/vice","/c/en/habit","/c/en/energy","/c/en/debilitating"],"weight":0.21968999999999925,"degrees":[447,920,1631,47]},"num_concepts_raised":51695},{"base_id":761,"kind":"bot_words","i1":3,"i2":5,"sol":{"path":["/c/en/vice","/c/en/habit","/c/en/inhabit","/c/en/island","/c/en/staffa"],"weight":0.22452999999999926,"degrees":[447,920,334,1660,34]},"num_concepts_raised":50608},{"base_id":761,"kind":"bot_words","i1":3,"i2":6,"sol":{"path":["/c/en/vice","/c/en/secondary","/c/en/anatomy","/c/en/sinusoid"],"weight":0.22474999999999923,"degrees":[447,468,12775,64]},"num_concepts_raised":72972},{"base_id":761,"kind":"bot_words","i1":3,"i2":7,"sol":{"path":["/c/en/vice","/c/en/draw","/c/en/circle","/c/en/circumcircle"],"weight":0.2183599999999994,"degrees":[447,1953,1376,37]},"num_concepts_raised":53429},{"base_id":761,"kind":"bot_words","i1":3,"i2":8,"sol":{"path":["/c/en/vice","/c/en/drug","/c/en/pancreatin","/c/en/exocrine"],"weight":0.2171299999999993,"degrees":[447,4920,36,37]},"num_concepts_raised":49673},{"base_id":761,"kind":"bot_words","i1":3,"i2":9,"sol":{"path":["/c/en/vice","/c/en/habit","/c/en/energy","/c/en/shelled"],"weight":0.2195699999999992,"degrees":[447,920,1631,42]},"num_concepts_raised":70018},{"base_id":761,"kind":"bot_words","i1":4,"i2":5,"sol":{"path":["/c/en/debilitating","/c/en/energy","/c/en/mass","/c/en/island","/c/en/staffa"],"weight":0.2081899999999999,"degrees":[47,1631,1639,1660,34]},"num_concepts_raised":4042},{"base_id":761,"kind":"bot_words","i1":4,"i2":6,"sol":{"path":["/c/en/debilitating","/c/fr/débilitant","/c/fr/propre","/c/en/mathematics","/c/en/sinusoid"],"weight":0.2126099999999999,"degrees":[47,23,939,7601,64]},"num_concepts_raised":27039},{"base_id":761,"kind":"bot_words","i1":4,"i2":7,"sol":{"path":["/c/en/debilitating","/c/fr/débilitant","/c/fr/médecine","/c/en/circle","/c/en/circumcircle"],"weight":0.20639000000000002,"degrees":[47,23,9990,1376,37]},"num_concepts_raised":7063},{"base_id":761,"kind":"bot_words","i1":4,"i2":8,"sol":{"path":["/c/en/debilitating","/c/en/energy","/c/en/protein","/c/en/syncollin","/c/en/exocrine"],"weight":0.20313999999999993,"degrees":[47,1631,3124,5,37]},"num_concepts_raised":3064},{"base_id":761,"kind":"bot_words","i1":4,"i2":9,"sol":{"path":["/c/en/debilitating","/c/en/energy","/c/en/shelled"],"weight":0.202,"degrees":[47,1631,42]},"num_concepts_raised":72},{"base_id":761,"kind":"bot_words","i1":5,"i2":6,"sol":{"path":["/c/en/staffa","/c/it/staffa","/c/fr/anatomie","/c/en/anatomy","/c/en/sinusoid"],"weight":0.2155299999999999,"degrees":[34,29,8035,12775,64]},"num_concepts_raised":25822},{"base_id":761,"kind":"bot_words","i1":5,"i2":7,"sol":{"path":["/c/en/staffa","/c/en/island","/c/en/circle","/c/en/circumcircle"],"weight":0.20924,"degrees":[34,1660,1376,37]},"num_concepts_raised":5780},{"base_id":761,"kind":"bot_words","i1":5,"i2":8,"sol":{"path":["/c/en/staffa","/c/en/island","/c/en/stroma","/c/en/anatomical_structure","/c/en/exocrine_gland","/c/en/exocrine"],"weight":0.21469229999999973,"degrees":[34,1660,78,412,96,37]},"num_concepts_raised":158334},{"base_id":761,"kind":"bot_words","i1":5,"i2":9,"sol":{"path":["/c/en/staffa","/c/en/fingal's_cave","/c/en/cave","/c/en/slang","/c/en/shelled"],"weight":0.2100899999999999,"degrees":[34,31,890,16318,42]},"num_concepts_raised":23485},{"base_id":761,"kind":"bot_words","i1":6,"i2":7,"sol":{"path":["/c/en/sinusoid","/c/en/mathematics","/c/gv/ym_chiarkyl","/c/en/circumcircle"],"weight":0.21159,"degrees":[64,7601,7,37]},"num_concepts_raised":28374},{"base_id":761,"kind":"bot_words","i1":6,"i2":8,"sol":{"path":["/c/en/sinusoid","/c/en/anatomy","/c/en/exocrine_gland","/c/en/exocrine"],"weight":0.21256999999999993,"degrees":[64,12775,96,37]},"num_concepts_raised":24810},{"base_id":761,"kind":"bot_words","i1":6,"i2":9,"sol":{"path":["/c/en/sinusoid","/c/en/curve","/c/en/slang","/c/en/shelled"],"weight":0.20845999999999987,"degrees":[64,864,16318,42]},"num_concepts_raised":46145},{"base_id":761,"kind":"bot_words","i1":7,"i2":8,"sol":{"path":["/c/en/circumcircle","/c/en/geometry","/c/en/skin","/c/en/exocrine_gland","/c/en/exocrine"],"weight":0.20541000000000004,"degrees":[37,2822,2372,96,37]},"num_concepts_raised":4810},{"base_id":761,"kind":"bot_words","i1":7,"i2":9,"sol":{"path":["/c/en/circumcircle","/c/en/circle","/c/en/egg","/c/en/shelled"],"weight":0.20431,"degrees":[37,1376,1565,42]},"num_concepts_raised":26424},{"base_id":761,"kind":"bot_words","i1":8,"i2":9,"sol":{"path":["/c/en/exocrine","/c/en/exocrine_gland","/c/en/skin","/c/en/slang","/c/en/shelled"],"weight":0.2051299999999999,"degrees":[37,96,2372,16318,42]},"num_concepts_raised":22526}],[{"base_id":761,"kind":"top_words","i1":0,"i2":1,"sol":{"path":["/c/en/jobless","/c/en/unemployed","/c/en/people","/c/en/teeth","/c/en/periodontics"],"weight":0.20435999999999988,"degrees":[39,237,4475,407,37]},"num_concepts_raised":16127},{"base_id":761,"kind":"top_words","i1":0,"i2":2,"sol":{"path":["/c/en/jobless","/c/en/job","/c/en/slang","/c/en/wank"],"weight":0.2120699999999997,"degrees":[39,1287,16318,164]},"num_concepts_raised":42688},{"base_id":761,"kind":"top_words","i1":0,"i2":3,"sol":{"path":["/c/en/jobless","/c/en/job","/c/en/degree","/c/en/quartic"],"weight":0.2027999999999998,"degrees":[39,1287,1513,24]},"num_concepts_raised":25279},{"base_id":761,"kind":"top_words","i1":0,"i2":4,"sol":{"path":["/c/en/jobless","/c/en/person","/c/en/perfect","/c/en/vermouth"],"weight":0.20413999999999993,"degrees":[39,12935,750,113]},"num_concepts_raised":26392},{"base_id":761,"kind":"top_words","i1":0,"i2":5,"sol":{"path":["/c/en/jobless","/c/en/person","/c/en/figure","/c/en/projective"],"weight":0.20332999999999962,"degrees":[39,12935,1106,79]},"num_concepts_raised":30471},{"base_id":761,"kind":"top_words","i1":0,"i2":6,"sol":{"path":["/c/en/jobless","/c/en/job","/c/en/business","/c/en/outgo"],"weight":0.20335999999999968,"degrees":[39,1287,2538,74]},"num_concepts_raised":22259},{"base_id":761,"kind":"top_words","i1":0,"i2":7,"sol":{"path":["/c/en/jobless","/c/en/job","/c/en/character","/c/en/abelian"],"weight":0.2038499999999998,"degrees":[39,1287,1971,100]},"num_concepts_raised":33068},{"base_id":761,"kind":"top_words","i1":0,"i2":8,"sol":{"path":["/c/en/jobless","/c/en/unemployed","/c/en/work","/c/en/literary","/c/en/abovementioned"],"weight":0.2043099999999999,"degrees":[39,237,4013,6728,29]},"num_concepts_raised":22094},{"base_id":761,"kind":"top_words","i1":0,"i2":9,"sol":{"path":["/c/en/jobless","/c/en/person","/c/en/science","/c/en/pseudoscience","/c/en/pseudoscientific"],"weight":0.20471999999999987,"degrees":[39,12935,1674,157,76]},"num_concepts_raised":15444},{"base_id":761,"kind":"top_words","i1":1,"i2":2,"sol":{"path":["/c/en/periodontics","/c/en/dentistry","/c/en/drill","/c/en/vulgar","/c/en/wank"],"weight":0.21225999999999984,"degrees":[37,545,745,5299,164]},"num_concepts_raised":30128},{"base_id":761,"kind":"top_words","i1":1,"i2":3,"sol":{"path":["/c/en/periodontics","/c/en/dentistry","/c/en/study","/c/en/mathematics","/c/en/quartic"],"weight":0.20398999999999995,"degrees":[37,545,1753,7601,24]},"num_concepts_raised":12328},{"base_id":761,"kind":"top_words","i1":1,"i2":4,"sol":{"path":["/c/en/periodontics","/c/en/gum","/c/en/us","/c/en/vermouth"],"weight":0.20416000000000006,"degrees":[37,552,8154,113]},"num_concepts_raised":13499},{"base_id":761,"kind":"top_words","i1":1,"i2":5,"sol":{"path":["/c/en/periodontics","/c/en/periodontal","/c/en/tooth","/c/en/projection","/c/en/projective"],"weight":0.20554999999999976,"degrees":[37,33,1284,494,79]},"num_concepts_raised":17544},{"base_id":761,"kind":"top_words","i1":1,"i2":6,"sol":{"path":["/c/en/periodontics","/c/en/dentistry","/c/en/condition","/c/en/cost","/c/en/outgo"],"weight":0.20451999999999979,"degrees":[37,545,1648,910,74]},"num_concepts_raised":9347},{"base_id":761,"kind":"top_words","i1":1,"i2":7,"sol":{"path":["/c/en/periodontics","/c/en/dentistry","/c/en/operation","/c/en/commutative","/c/en/abelian"],"weight":0.2050599999999999,"degrees":[37,545,1135,84,100]},"num_concepts_raised":20256},{"base_id":761,"kind":"top_words","i1":1,"i2":8,"sol":{"path":["/c/en/periodontics","/c/en/dentistry","/c/en/crown","/c/en/above","/c/en/abovementioned"],"weight":0.20402000000000003,"degrees":[37,545,1373,620,29]},"num_concepts_raised":9064},{"base_id":761,"kind":"top_words","i1":1,"i2":9,"sol":{"path":["/c/en/periodontics","/c/en/dentistry","/c/en/medicine","/c/en/pseudomedical","/c/en/pseudoscientific"],"weight":0.20471,"degrees":[37,545,11938,10,76]},"num_concepts_raised":2293},{"base_id":761,"kind":"top_words","i1":2,"i2":3,"sol":{"path":["/c/en/wank","/c/en/slang","/c/en/curve","/c/en/quartic"],"weight":0.2118199999999998,"degrees":[164,16318,864,24]},"num_concepts_raised":39311},{"base_id":761,"kind":"top_words","i1":2,"i2":4,"sol":{"path":["/c/en/wank","/c/en/vulgar","/c/en/bite","/c/ca/vermut","/c/en/vermouth"],"weight":0.2153799999999999,"degrees":[164,5299,1109,9,113]},"num_concepts_raised":39219},{"base_id":761,"kind":"top_words","i1":2,"i2":5,"sol":{"path":["/c/en/wank","/c/en/vulgar","/c/en/knob","/c/en/projection","/c/en/projective"],"weight":0.21366999999999958,"degrees":[164,5299,331,494,79]},"num_concepts_raised":44496},{"base_id":761,"kind":"top_words","i1":2,"i2":6,"sol":{"path":["/c/en/wank","/c/en/slang","/c/en/business","/c/en/outgo"],"weight":0.21239999999999962,"degrees":[164,16318,2538,74]},"num_concepts_raised":36307},{"base_id":761,"kind":"top_words","i1":2,"i2":7,"sol":{"path":["/c/en/wank","/c/en/slang","/c/fr/groupe","/c/fr/abélien","/c/en/abelian"],"weight":0.21510999999999975,"degrees":[164,16318,891,42,100]},"num_concepts_raised":46986},{"base_id":761,"kind":"top_words","i1":2,"i2":8,"sol":{"path":["/c/en/wank","/c/en/fandom","/c/en/following","/c/en/abovementioned"],"weight":0.21162999999999987,"degrees":[164,208,453,29]},"num_concepts_raised":36139},{"base_id":761,"kind":"top_words","i1":2,"i2":9,"sol":{"path":["/c/en/wank","/c/en/slang","/c/en/woo_woo","/c/en/pseudoscientific"],"weight":0.21258999999999983,"degrees":[164,16318,25,76]},"num_concepts_raised":29470},{"base_id":761,"kind":"top_words","i1":3,"i2":4,"sol":{"path":["/c/en/quartic","/c/en/mathematics","/c/en/bar","/c/en/vermouth"],"weight":0.20504,"degrees":[24,7601,1972,113]},"num_concepts_raised":22727},{"base_id":761,"kind":"top_words","i1":3,"i2":5,"sol":{"path":["/c/en/quartic","/c/en/mathematics","/c/en/projective"],"weight":0.20400000000000001,"degrees":[24,7601,79]},"num_concepts_raised":93},{"base_id":761,"kind":"top_words","i1":3,"i2":6,"sol":{"path":["/c/en/quartic","/c/en/mathematics","/c/en/go","/c/en/outgo"],"weight":0.2042399999999997,"degrees":[24,7601,2637,74]},"num_concepts_raised":18519},{"base_id":761,"kind":"top_words","i1":3,"i2":7,"sol":{"path":["/c/en/quartic","/c/en/mathematics","/c/en/abelian"],"weight":0.203,"degrees":[24,7601,100]},"num_concepts_raised":96},{"base_id":761,"kind":"top_words","i1":3,"i2":8,"sol":{"path":["/c/en/quartic","/c/en/trope","/c/en/literary","/c/en/abovementioned"],"weight":0.20267999999999997,"degrees":[24,183,6728,29]},"num_concepts_raised":18375},{"base_id":761,"kind":"top_words","i1":3,"i2":9,"sol":{"path":["/c/en/quartic","/c/en/mathematics","/c/en/pseudomathematics","/c/en/pseudoscientific"],"weight":0.20445999999999992,"degrees":[24,7601,5,76]},"num_concepts_raised":11643},{"base_id":761,"kind":"top_words","i1":4,"i2":5,"sol":{"path":["/c/en/vermouth","/c/en/bar","/c/en/mathematics","/c/en/projective"],"weight":0.2056199999999998,"degrees":[113,1972,7601,79]},"num_concepts_raised":27936},{"base_id":761,"kind":"top_words","i1":4,"i2":6,"sol":{"path":["/c/en/vermouth","/c/en/bar","/c/en/business","/c/en/outgo"],"weight":0.20449999999999985,"degrees":[113,1972,2538,74]},"num_concepts_raised":19674},{"base_id":761,"kind":"top_words","i1":4,"i2":7,"sol":{"path":["/c/en/vermouth","/c/en/bar","/c/en/mathematics","/c/en/abelian"],"weight":0.20518999999999998,"degrees":[113,1972,7601,100]},"num_concepts_raised":30418},{"base_id":761,"kind":"top_words","i1":4,"i2":8,"sol":{"path":["/c/en/vermouth","/c/hu/ürmös","/c/hu/üröm","/c/en/literary","/c/en/abovementioned"],"weight":0.2051300000000001,"degrees":[113,9,9,6728,29]},"num_concepts_raised":19554},{"base_id":761,"kind":"top_words","i1":4,"i2":9,"sol":{"path":["/c/en/vermouth","/c/en/us","/c/en/crank","/c/en/pseudoscience","/c/en/pseudoscientific"],"weight":0.20584000000000002,"degrees":[113,8154,258,157,76]},"num_concepts_raised":12834},{"base_id":761,"kind":"top_words","i1":5,"i2":6,"sol":{"path":["/c/en/projective","/c/en/mathematics","/c/en/go","/c/en/outgo"],"weight":0.20479999999999954,"degrees":[79,7601,2637,74]},"num_concepts_raised":23745},{"base_id":761,"kind":"top_words","i1":5,"i2":7,"sol":{"path":["/c/en/projective","/c/en/mathematics","/c/en/abelian"],"weight":0.203,"degrees":[79,7601,100]},"num_concepts_raised":146},{"base_id":761,"kind":"top_words","i1":5,"i2":8,"sol":{"path":["/c/en/projective","/c/en/projection","/c/en/head","/c/en/above","/c/en/abovementioned"],"weight":0.20541999999999977,"degrees":[79,494,3580,620,29]},"num_concepts_raised":23597},{"base_id":761,"kind":"top_words","i1":5,"i2":9,"sol":{"path":["/c/en/projective","/c/en/mathematics","/c/en/pseudomathematics","/c/en/pseudoscientific"],"weight":0.20503999999999975,"degrees":[79,7601,5,76]},"num_concepts_raised":16866},{"base_id":761,"kind":"top_words","i1":6,"i2":7,"sol":{"path":["/c/en/outgo","/c/en/go","/c/en/mathematics","/c/en/abelian"],"weight":0.20436999999999972,"degrees":[74,2637,7601,100]},"num_concepts_raised":26452},{"base_id":761,"kind":"top_words","i1":6,"i2":8,"sol":{"path":["/c/en/outgo","/c/en/expenditure","/c/en/profit","/c/en/above","/c/en/abovementioned"],"weight":0.2054899999999998,"degrees":[74,183,1179,620,29]},"num_concepts_raised":15362},{"base_id":761,"kind":"top_words","i1":6,"i2":9,"sol":{"path":["/c/en/outgo","/c/en/cost","/c/en/nature","/c/en/scientific","/c/en/pseudoscientific"],"weight":0.20503999999999978,"degrees":[74,910,1372,504,76]},"num_concepts_raised":8656},{"base_id":761,"kind":"top_words","i1":7,"i2":8,"sol":{"path":["/c/en/abelian","/c/en/character","/c/en/literary","/c/en/abovementioned"],"weight":0.20372999999999997,"degrees":[100,1971,6728,29]},"num_concepts_raised":26114},{"base_id":761,"kind":"top_words","i1":7,"i2":9,"sol":{"path":["/c/en/abelian","/c/en/mathematics","/c/en/pseudomathematics","/c/en/pseudoscientific"],"weight":0.20459999999999992,"degrees":[100,7601,5,76]},"num_concepts_raised":19558},{"base_id":761,"kind":"top_words","i1":8,"i2":9,"sol":{"path":["/c/en/abovementioned","/c/en/above","/c/en/body","/c/en/perkinism","/c/en/pseudoscientific"],"weight":0.20448000000000002,"degrees":[29,620,3170,16,76]},"num_concepts_raised":8377}]]