[[{"base_id":442,"kind":"bot_words","i1":0,"i2":1,"sol":{"path":["/c/en/prokletije","/c/en/albania","/c/en/historical","/c/en/hundred","/c/en/centennial"],"weight":0.21030999999999977,"degrees":[38,382,8415,814,114]},"num_concepts_raised":7577},{"base_id":442,"kind":"bot_words","i1":0,"i2":2,"sol":{"path":["/c/en/prokletije","/c/en/albania","/c/en/historical","/c/zh/奉旨","/c/en/definitely","/c/en/definitively"],"weight":0.21244959999999977,"degrees":[38,382,8415,14,225,28]},"num_concepts_raised":89907},{"base_id":442,"kind":"bot_words","i1":0,"i2":3,"sol":{"path":["/c/en/prokletije","/c/en/montenegro","/c/en/bar","/c/en/punctuation","/c/en/punctuality"],"weight":0.21633999999999995,"degrees":[38,295,1972,281,102]},"num_concepts_raised":4703},{"base_id":442,"kind":"bot_words","i1":0,"i2":4,"sol":{"path":["/c/en/prokletije","/c/en/montenegro","/c/sh/lenjir","/c/fr/règle","/c/fr/contrexemple","/c/en/counterexample"],"weight":0.22094309999999973,"degrees":[38,295,12,642,26,72]},"num_concepts_raised":196835},{"base_id":442,"kind":"bot_words","i1":0,"i2":5,"sol":{"path":["/c/en/prokletije","/c/en/balkans","/c/en/island","/c/en/deck","/c/en/caulk","/c/en/caulking"],"weight":0.21659589999999967,"degrees":[38,187,1660,666,120,40]},"num_concepts_raised":82042},{"base_id":442,"kind":"bot_words","i1":0,"i2":6,"sol":{"path":["/c/en/prokletije","/c/en/albania","/c/en/television","/c/en/funny","/c/en/humorless"],"weight":0.20794999999999988,"degrees":[38,382,1498,497,29]},"num_concepts_raised":3141},{"base_id":442,"kind":"bot_words","i1":0,"i2":7,"sol":{"path":["/c/en/prokletije","/c/en/balkans","/c/en/island","/c/en/water","/c/en/drydock"],"weight":0.20824999999999994,"degrees":[38,187,1660,4606,43]},"num_concepts_raised":18263},{"base_id":442,"kind":"bot_words","i1":0,"i2":8,"sol":{"path":["/c/en/prokletije","/c/en/mountain_range","/c/en/rock","/c/en/do","/c/en/accomplish"],"weight":0.213269999999999,"degrees":[38,295,2349,1767,359]},"num_concepts_raised":41206},{"base_id":442,"kind":"bot_words","i1":0,"i2":9,"sol":{"path":["/c/en/prokletije","/c/en/kosovo","/c/en/country","/c/en/nature","/c/en/natal"],"weight":0.21014999999999984,"degrees":[38,313,2796,1372,92]},"num_concepts_raised":8912},{"base_id":442,"kind":"bot_words","i1":1,"i2":2,"sol":{"path":["/c/en/centennial","/c/fr/siècle","/c/fr/francs","/c/fr/définitivement","/c/en/definitively"],"weight":0.20614999999999986,"degrees":[114,358,38,70,28]},"num_concepts_raised":7430},{"base_id":442,"kind":"bot_words","i1":1,"i2":3,"sol":{"path":["/c/en/centennial","/c/en/event","/c/en/point","/c/en/punctuality"],"weight":0.2103899999999999,"degrees":[114,1724,2624,102]},"num_concepts_raised":9971},{"base_id":442,"kind":"bot_words","i1":1,"i2":4,"sol":{"path":["/c/en/centennial","/c/en/once","/c/en/mathematics","/c/ja/反例","/c/en/counterexample"],"weight":0.21377999999999991,"degrees":[114,458,7601,11,72]},"num_concepts_raised":8261},{"base_id":442,"kind":"bot_words","i1":1,"i2":5,"sol":{"path":["/c/en/centennial","/c/en/wyoming","/c/en/ship","/c/en/caulk","/c/en/caulking"],"weight":0.20722999999999975,"degrees":[114,317,2104,120,40]},"num_concepts_raised":6807},{"base_id":442,"kind":"bot_words","i1":1,"i2":6,"sol":{"path":["/c/en/centennial","/c/en/hundred","/c/en/british","/c/en/po_faced","/c/en/humorless"],"weight":0.20616999999999985,"degrees":[114,814,3452,13,29]},"num_concepts_raised":8458},{"base_id":442,"kind":"bot_words","i1":1,"i2":7,"sol":{"path":["/c/en/centennial","/c/en/wyoming","/c/en/ship","/c/en/drydock"],"weight":0.2043299999999999,"degrees":[114,317,2104,43]},"num_concepts_raised":23488},{"base_id":442,"kind":"bot_words","i1":1,"i2":8,"sol":{"path":["/c/en/centennial","/c/fr/centenaire","/c/fr/accomplir","/c/en/accomplish"],"weight":0.21144999999999897,"degrees":[114,45,372,359]},"num_concepts_raised":46210},{"base_id":442,"kind":"bot_words","i1":1,"i2":9,"sol":{"path":["/c/en/centennial","/c/en/year","/c/en/birthday","/c/en/natal"],"weight":0.20619999999999977,"degrees":[114,1951,931,92]},"num_concepts_raised":14061},{"base_id":442,"kind":"bot_words","i1":2,"i2":3,"sol":{"path":["/c/en/definitively","/c/en/decisive","/c/en/promptness","/c/en/punctuality"],"weight":0.21335,"degrees":[28,239,88,102]},"num_concepts_raised":4544},{"base_id":442,"kind":"bot_words","i1":2,"i2":4,"sol":{"path":["/c/en/definitively","/c/en/definitely","/c/en/determine","/c/en/logic","/c/en/counterexample"],"weight":0.20951999999999998,"degrees":[28,225,759,1412,72]},"num_concepts_raised":2785},{"base_id":442,"kind":"bot_words","i1":2,"i2":5,"sol":{"path":["/c/en/definitively","/c/en/definitely","/c/en/definite","/c/en/calculus","/c/en/caulk","/c/en/caulking"],"weight":0.21403099999999975,"degrees":[28,225,338,429,120,40]},"num_concepts_raised":78998},{"base_id":442,"kind":"bot_words","i1":2,"i2":6,"sol":{"path":["/c/en/definitively","/c/fr/certes","/c/fr/indiquer","/c/en/less","/c/en/humorless"],"weight":0.20273999999999995,"degrees":[28,119,577,705,29]},"num_concepts_raised":2996},{"base_id":442,"kind":"bot_words","i1":2,"i2":7,"sol":{"path":["/c/en/definitively","/c/fr/définitivement","/c/fr/chavirer","/c/fr/marine","/c/en/drydock"],"weight":0.20407999999999998,"degrees":[28,70,125,4216,43]},"num_concepts_raised":18112},{"base_id":442,"kind":"bot_words","i1":2,"i2":8,"sol":{"path":["/c/en/definitively","/c/en/definitive","/c/en/complete","/c/en/accomplish"],"weight":0.20909999999999906,"degrees":[28,92,1471,359]},"num_concepts_raised":41020},{"base_id":442,"kind":"bot_words","i1":2,"i2":9,"sol":{"path":["/c/en/definitively","/c/en/conclusive","/c/en/ive","/c/en/nature","/c/en/natal"],"weight":0.2049299999999999,"degrees":[28,120,112,1372,92]},"num_concepts_raised":8764},{"base_id":442,"kind":"bot_words","i1":3,"i2":4,"sol":{"path":["/c/en/punctuality","/c/fr/régularité","/c/fr/règle","/c/fr/contrexemple","/c/en/counterexample"],"weight":0.22314000000000006,"degrees":[102,115,642,26,72]},"num_concepts_raised":5343},{"base_id":442,"kind":"bot_words","i1":3,"i2":5,"sol":{"path":["/c/en/punctuality","/c/en/punctuate","/c/ru/отчеканить","/c/en/caulk","/c/en/caulking"],"weight":0.21439999999999992,"degrees":[102,104,28,120,40]},"num_concepts_raised":3927},{"base_id":442,"kind":"bot_words","i1":3,"i2":6,"sol":{"path":["/c/en/punctuality","/c/en/promptness","/c/en/without","/c/en/less","/c/en/humorless"],"weight":0.21331,"degrees":[102,88,748,705,29]},"num_concepts_raised":5582},{"base_id":442,"kind":"bot_words","i1":3,"i2":7,"sol":{"path":["/c/en/punctuality","/c/en/point","/c/en/nautical","/c/en/drydock"],"weight":0.20947000000000005,"degrees":[102,2624,5204,43]},"num_concepts_raised":20595},{"base_id":442,"kind":"bot_words","i1":3,"i2":8,"sol":{"path":["/c/en/punctuality","/c/ur/کمال","/c/en/complete","/c/en/accomplish"],"weight":0.21533999999999914,"degrees":[102,13,1471,359]},"num_concepts_raised":43336},{"base_id":442,"kind":"bot_words","i1":3,"i2":9,"sol":{"path":["/c/en/punctuality","/c/fr/régularité","/c/fr/naturel","/c/en/nature","/c/en/natal"],"weight":0.21556999999999996,"degrees":[102,115,1074,1372,92]},"num_concepts_raised":11301},{"base_id":442,"kind":"bot_words","i1":4,"i2":5,"sol":{"path":["/c/en/counterexample","/c/ja/反例","/c/en/mathematics","/c/en/calculus","/c/en/caulk","/c/en/caulking"],"weight":0.22234609999999974,"degrees":[72,11,7601,429,120,40]},"num_concepts_raised":185258},{"base_id":442,"kind":"bot_words","i1":4,"i2":6,"sol":{"path":["/c/en/counterexample","/c/en/logic","/c/en/operation","/c/en/funny","/c/en/humorless"],"weight":0.2085,"degrees":[72,1412,1135,497,29]},"num_concepts_raised":3836},{"base_id":442,"kind":"bot_words","i1":4,"i2":7,"sol":{"path":["/c/en/counterexample","/c/en/logic","/c/en/reduce","/c/en/dock","/c/en/drydock"],"weight":0.20982000000000003,"degrees":[72,1412,1258,562,43]},"num_concepts_raised":18930},{"base_id":442,"kind":"bot_words","i1":4,"i2":8,"sol":{"path":["/c/en/counterexample","/c/en/logic","/c/en/complete","/c/en/accomplish"],"weight":0.2147999999999991,"degrees":[72,1412,1471,359]},"num_concepts_raised":41795},{"base_id":442,"kind":"bot_words","i1":4,"i2":9,"sol":{"path":["/c/en/counterexample","/c/ja/反例","/c/en/mathematics","/c/en/nascent","/c/en/natal"],"weight":0.21455999999999992,"degrees":[72,11,7601,109,92]},"num_concepts_raised":9588},{"base_id":442,"kind":"bot_words","i1":5,"i2":6,"sol":{"path":["/c/en/caulking","/c/en/caulk","/c/en/nautical","/c/en/stern","/c/en/po_faced","/c/en/humorless"],"weight":0.2137819999999998,"degrees":[40,120,5204,532,13,29]},"num_concepts_raised":177592},{"base_id":442,"kind":"bot_words","i1":5,"i2":7,"sol":{"path":["/c/en/caulking","/c/en/caulk","/c/en/nautical","/c/en/drydock"],"weight":0.2062999999999999,"degrees":[40,120,5204,43]},"num_concepts_raised":17451},{"base_id":442,"kind":"bot_words","i1":5,"i2":8,"sol":{"path":["/c/en/caulking","/c/en/caulk","/c/en/vehicle","/c/en/achieve","/c/en/accomplish"],"weight":0.21153999999999898,"degrees":[40,120,1419,479,359]},"num_concepts_raised":40418},{"base_id":442,"kind":"bot_words","i1":5,"i2":9,"sol":{"path":["/c/en/caulking","/c/en/caulk","/c/en/hull","/c/en/natural","/c/en/natal"],"weight":0.2069699999999998,"degrees":[40,120,382,930,92]},"num_concepts_raised":8138},{"base_id":442,"kind":"bot_words","i1":6,"i2":7,"sol":{"path":["/c/en/humorless","/c/en/sobersided","/c/en/us","/c/en/dock","/c/en/drydock"],"weight":0.20514,"degrees":[29,19,8154,562,43]},"num_concepts_raised":19144},{"base_id":442,"kind":"bot_words","i1":6,"i2":8,"sol":{"path":["/c/en/humorless","/c/en/less","/c/en/person","/c/en/accomplish"],"weight":0.20638999999999907,"degrees":[29,705,12935,359]},"num_concepts_raised":41999},{"base_id":442,"kind":"bot_words","i1":6,"i2":9,"sol":{"path":["/c/en/humorless","/c/en/less","/c/en/person","/c/en/nature","/c/en/natal"],"weight":0.20496999999999987,"degrees":[29,705,12935,1372,92]},"num_concepts_raised":9785},{"base_id":442,"kind":"bot_words","i1":7,"i2":8,"sol":{"path":["/c/en/drydock","/c/en/construction","/c/en/work","/c/en/accomplish"],"weight":0.20672999999999908,"degrees":[43,1292,4013,359]},"num_concepts_raised":56416},{"base_id":442,"kind":"bot_words","i1":7,"i2":9,"sol":{"path":["/c/en/drydock","/c/en/nautical","/c/en/home","/c/pt/natal","/c/en/natal"],"weight":0.20704999999999993,"degrees":[43,5204,2163,29,92]},"num_concepts_raised":24770},{"base_id":442,"kind":"bot_words","i1":8,"i2":9,"sol":{"path":["/c/en/accomplish","/c/en/do","/c/en/born","/c/en/natal"],"weight":0.209139999999999,"degrees":[359,1767,573,92]},"num_concepts_raised":47439}],[{"base_id":442,"kind":"top_words","i1":0,"i2":1,"sol":{"path":["/c/en/auditorium","/c/en/play","/c/en/playhouse"],"weight":0.202,"degrees":[239,3092,38]},"num_concepts_raised":241},{"base_id":442,"kind":"top_words","i1":0,"i2":2,"sol":{"path":["/c/en/auditorium","/c/en/room","/c/en/cyclorama"],"weight":0.203,"degrees":[239,1788,26]},"num_concepts_raised":228},{"base_id":442,"kind":"top_words","i1":0,"i2":3,"sol":{"path":["/c/en/auditorium","/c/en/place","/c/en/handle","/c/en/haft"],"weight":0.20704999999999935,"degrees":[239,3314,1567,101]},"num_concepts_raised":43161},{"base_id":442,"kind":"top_words","i1":0,"i2":4,"sol":{"path":["/c/en/auditorium","/c/en/stadium","/c/en/stadion"],"weight":0.20400000000000001,"degrees":[239,441,26]},"num_concepts_raised":228},{"base_id":442,"kind":"top_words","i1":0,"i2":5,"sol":{"path":["/c/en/auditorium","/c/en/building","/c/fil/agoy","/c/en/convalescent"],"weight":0.20560999999999935,"degrees":[239,2061,14,56]},"num_concepts_raised":37943},{"base_id":442,"kind":"top_words","i1":0,"i2":6,"sol":{"path":["/c/en/auditorium","/c/en/hall","/c/en/uk","/c/en/englishman","/c/en/jacobean"],"weight":0.2076899999999994,"degrees":[239,726,5562,129,25]},"num_concepts_raised":34752},{"base_id":442,"kind":"top_words","i1":0,"i2":7,"sol":{"path":["/c/en/auditorium","/c/en/school","/c/en/food","/c/en/cud"],"weight":0.20655999999999924,"degrees":[239,2171,4281,107]},"num_concepts_raised":47992},{"base_id":442,"kind":"top_words","i1":0,"i2":8,"sol":{"path":["/c/en/auditorium","/c/en/city","/c/en/nashville"],"weight":0.202,"degrees":[239,3758,58]},"num_concepts_raised":258},{"base_id":442,"kind":"top_words","i1":0,"i2":9,"sol":{"path":["/c/en/auditorium","/c/en/city","/c/en/sound","/c/en/soundproofing"],"weight":0.2054499999999994,"degrees":[239,3758,3218,27]},"num_concepts_raised":36738},{"base_id":442,"kind":"top_words","i1":1,"i2":2,"sol":{"path":["/c/en/playhouse","/c/en/theatre","/c/en/cyclorama"],"weight":0.202,"degrees":[38,638,26]},"num_concepts_raised":56},{"base_id":442,"kind":"top_words","i1":1,"i2":3,"sol":{"path":["/c/en/playhouse","/c/en/play","/c/en/forte","/c/en/hilt","/c/en/haft"],"weight":0.20534999999999975,"degrees":[38,3092,173,161,101]},"num_concepts_raised":13926},{"base_id":442,"kind":"top_words","i1":1,"i2":4,"sol":{"path":["/c/en/playhouse","/c/en/play","/c/en/field","/c/en/stadium","/c/en/stadion"],"weight":0.2079899999999998,"degrees":[38,3092,2150,441,26]},"num_concepts_raised":6853},{"base_id":442,"kind":"top_words","i1":1,"i2":5,"sol":{"path":["/c/en/playhouse","/c/en/play","/c/en/rest","/c/en/recover","/c/en/convalescent"],"weight":0.20423999999999978,"degrees":[38,3092,2053,556,56]},"num_concepts_raised":8292},{"base_id":442,"kind":"top_words","i1":1,"i2":6,"sol":{"path":["/c/en/playhouse","/c/en/play","/c/en/music","/c/en/ruff","/c/en/jacobean"],"weight":0.2028399999999998,"degrees":[38,3092,8822,272,25]},"num_concepts_raised":4991},{"base_id":442,"kind":"top_words","i1":1,"i2":7,"sol":{"path":["/c/en/playhouse","/c/en/play","/c/en/animal","/c/en/cud"],"weight":0.20392999999999967,"degrees":[38,3092,3735,107]},"num_concepts_raised":18875},{"base_id":442,"kind":"top_words","i1":1,"i2":8,"sol":{"path":["/c/en/playhouse","/c/en/theatre","/c/en/michigan","/c/en/nashville"],"weight":0.20325999999999983,"degrees":[38,638,555,58]},"num_concepts_raised":128226},{"base_id":442,"kind":"top_words","i1":1,"i2":9,"sol":{"path":["/c/en/playhouse","/c/en/play","/c/en/sound","/c/en/soundproofing"],"weight":0.20292999999999983,"degrees":[38,3092,3218,27]},"num_concepts_raised":7130},{"base_id":442,"kind":"top_words","i1":2,"i2":3,"sol":{"path":["/c/en/cyclorama","/c/en/natural","/c/en/mountain","/c/en/haft"],"weight":0.20359999999999984,"degrees":[26,930,1965,101]},"num_concepts_raised":30057},{"base_id":442,"kind":"top_words","i1":2,"i2":4,"sol":{"path":["/c/en/cyclorama","/c/en/room","/c/en/human","/c/en/stadium","/c/en/stadion"],"weight":0.20779999999999987,"degrees":[26,1788,2645,441,26]},"num_concepts_raised":23113},{"base_id":442,"kind":"top_words","i1":2,"i2":5,"sol":{"path":["/c/en/cyclorama","/c/en/person","/c/en/recover","/c/en/convalescent"],"weight":0.20399999999999985,"degrees":[26,12935,556,56]},"num_concepts_raised":24537},{"base_id":442,"kind":"top_words","i1":2,"i2":6,"sol":{"path":["/c/en/cyclorama","/c/en/circular","/c/en/ruff","/c/en/jacobean"],"weight":0.20257999999999987,"degrees":[26,548,272,25]},"num_concepts_raised":21332},{"base_id":442,"kind":"top_words","i1":2,"i2":7,"sol":{"path":["/c/en/cyclorama","/c/en/person","/c/en/animal","/c/en/cud"],"weight":0.20374999999999976,"degrees":[26,12935,3735,107]},"num_concepts_raised":34824},{"base_id":442,"kind":"top_words","i1":2,"i2":8,"sol":{"path":["/c/en/cyclorama","/c/en/wall","/c/fr/localités","/c/en/nashville"],"weight":0.2031799999999999,"degrees":[26,1673,110113,58]},"num_concepts_raised":144194},{"base_id":442,"kind":"top_words","i1":2,"i2":9,"sol":{"path":["/c/en/cyclorama","/c/en/perspective","/c/en/sound","/c/en/soundproofing"],"weight":0.2026899999999999,"degrees":[26,270,3218,27]},"num_concepts_raised":23452},{"base_id":442,"kind":"top_words","i1":3,"i2":4,"sol":{"path":["/c/en/haft","/c/en/pasture","/c/en/country","/c/en/stadion"],"weight":0.2085499999999998,"degrees":[101,527,2796,26]},"num_concepts_raised":12630},{"base_id":442,"kind":"top_words","i1":3,"i2":5,"sol":{"path":["/c/en/haft","/c/en/stale","/c/en/legal","/c/en/recover","/c/en/convalescent"],"weight":0.2059099999999998,"degrees":[101,462,6627,556,56]},"num_concepts_raised":14065},{"base_id":442,"kind":"top_words","i1":3,"i2":6,"sol":{"path":["/c/en/haft","/c/ja/柄","/c/en/ear","/c/en/ruff","/c/en/jacobean"],"weight":0.20469999999999983,"degrees":[101,215,1621,272,25]},"num_concepts_raised":10797},{"base_id":442,"kind":"top_words","i1":3,"i2":7,"sol":{"path":["/c/en/haft","/c/en/stale","/c/en/food","/c/en/cud"],"weight":0.2057399999999997,"degrees":[101,462,4281,107]},"num_concepts_raised":24427},{"base_id":442,"kind":"top_words","i1":3,"i2":8,"sol":{"path":["/c/en/haft","/c/en/pasture","/c/en/country","/c/en/nashville"],"weight":0.2041599999999998,"degrees":[101,527,2796,58]},"num_concepts_raised":133895},{"base_id":442,"kind":"top_words","i1":3,"i2":9,"sol":{"path":["/c/en/haft","/c/ja/柄","/c/en/slang","/c/en/sound","/c/en/soundproofing"],"weight":0.20484999999999987,"degrees":[101,215,16318,3218,27]},"num_concepts_raised":12969},{"base_id":442,"kind":"top_words","i1":4,"i2":5,"sol":{"path":["/c/en/stadion","/c/en/country","/c/zh/復國","/c/en/recover","/c/en/convalescent"],"weight":0.20896999999999982,"degrees":[26,2796,4,556,56]},"num_concepts_raised":6932},{"base_id":442,"kind":"top_words","i1":4,"i2":6,"sol":{"path":["/c/en/stadion","/c/en/stadium","/c/en/band","/c/en/ruff","/c/en/jacobean"],"weight":0.20768999999999987,"degrees":[26,441,1893,272,25]},"num_concepts_raised":3634},{"base_id":442,"kind":"top_words","i1":4,"i2":7,"sol":{"path":["/c/en/stadion","/c/en/country","/c/en/grass","/c/en/cud"],"weight":0.20867999999999973,"degrees":[26,2796,1578,107]},"num_concepts_raised":17568},{"base_id":442,"kind":"top_words","i1":4,"i2":8,"sol":{"path":["/c/en/stadion","/c/en/country","/c/en/nashville"],"weight":0.20400000000000001,"degrees":[26,2796,58]},"num_concepts_raised":71},{"base_id":442,"kind":"top_words","i1":4,"i2":9,"sol":{"path":["/c/en/stadion","/c/en/stadium","/c/en/city","/c/en/sound","/c/en/soundproofing"],"weight":0.20782999999999988,"degrees":[26,441,3758,3218,27]},"num_concepts_raised":5837},{"base_id":442,"kind":"top_words","i1":5,"i2":6,"sol":{"path":["/c/en/convalescent","/c/en/recover","/c/ja/回復","/c/en/restoration","/c/en/jacobean"],"weight":0.20399999999999985,"degrees":[56,556,56,342,25]},"num_concepts_raised":5032},{"base_id":442,"kind":"top_words","i1":5,"i2":7,"sol":{"path":["/c/en/convalescent","/c/en/ill","/c/en/slang","/c/en/crud","/c/en/cud"],"weight":0.20615999999999968,"degrees":[56,940,16318,88,107]},"num_concepts_raised":18970},{"base_id":442,"kind":"top_words","i1":5,"i2":8,"sol":{"path":["/c/en/convalescent","/c/en/ill","/c/en/state","/c/en/nashville"],"weight":0.20377999999999985,"degrees":[56,940,3243,58]},"num_concepts_raised":128287},{"base_id":442,"kind":"top_words","i1":5,"i2":9,"sol":{"path":["/c/en/convalescent","/c/en/recover","/c/en/legal","/c/en/sound","/c/en/soundproofing"],"weight":0.20406999999999986,"degrees":[56,556,6627,3218,27]},"num_concepts_raised":7226},{"base_id":442,"kind":"top_words","i1":6,"i2":7,"sol":{"path":["/c/en/jacobean","/c/en/ruff","/c/en/animal","/c/en/cud"],"weight":0.20368999999999973,"degrees":[25,272,3735,107]},"num_concepts_raised":15754},{"base_id":442,"kind":"top_words","i1":6,"i2":8,"sol":{"path":["/c/en/jacobean","/c/en/restoration","/c/en/state","/c/en/nashville"],"weight":0.20332999999999987,"degrees":[25,342,3243,58]},"num_concepts_raised":125056},{"base_id":442,"kind":"top_words","i1":6,"i2":9,"sol":{"path":["/c/en/jacobean","/c/en/ruff","/c/en/music","/c/en/sound","/c/en/soundproofing"],"weight":0.20271999999999987,"degrees":[25,272,8822,3218,27]},"num_concepts_raised":3950},{"base_id":442,"kind":"top_words","i1":7,"i2":8,"sol":{"path":["/c/en/cud","/c/en/cow","/c/en/tennessee","/c/en/nashville"],"weight":0.20534999999999975,"degrees":[107,1438,437,58]},"num_concepts_raised":138770},{"base_id":442,"kind":"top_words","i1":7,"i2":9,"sol":{"path":["/c/en/cud","/c/en/mouth","/c/en/sound","/c/en/soundproofing"],"weight":0.20376999999999973,"degrees":[107,1902,3218,27]},"num_concepts_raised":17887},{"base_id":442,"kind":"top_words","i1":8,"i2":9,"sol":{"path":["/c/en/nashville","/c/en/city","/c/en/sound","/c/en/soundproofing"],"weight":0.20329999999999987,"degrees":[58,3758,3218,27]},"num_concepts_raised":127234}]]