[[{"base_id":149,"kind":"bot_words","i1":0,"i2":1,"sol":{"path":["/c/en/paintball","/c/en/ball","/c/en/toy_box","/c/en/eurodance"],"weight":0.2143399999999996,"degrees":[119,2118,36,72]},"num_concepts_raised":11824},{"base_id":149,"kind":"bot_words","i1":0,"i2":2,"sol":{"path":["/c/en/paintball","/c/en/sport","/c/en/cut","/c/en/uncut","/c/en/uncensored"],"weight":0.21097999999999978,"degrees":[119,1809,2951,94,25]},"num_concepts_raised":7623},{"base_id":149,"kind":"bot_words","i1":0,"i2":3,"sol":{"path":["/c/en/paintball","/c/en/ball","/c/en/rubber","/c/en/vulcanization"],"weight":0.21530999999999983,"degrees":[119,2118,605,108]},"num_concepts_raised":9797},{"base_id":149,"kind":"bot_words","i1":0,"i2":4,"sol":{"path":["/c/en/paintball","/c/en/sport","/c/en/biology","/c/en/analog","/c/en/digitalization"],"weight":0.2111399999999998,"degrees":[119,1809,6216,203,34]},"num_concepts_raised":7944},{"base_id":149,"kind":"bot_words","i1":0,"i2":5,"sol":{"path":["/c/en/paintball","/c/en/sport","/c/en/plant","/c/en/rutaceae"],"weight":0.2166199999999996,"degrees":[119,1809,7959,83]},"num_concepts_raised":15036},{"base_id":149,"kind":"bot_words","i1":0,"i2":6,"sol":{"path":["/c/en/paintball","/c/en/sport","/c/en/dodgeball","/c/en/company","/c/en/gartner"],"weight":0.2160199999999997,"degrees":[119,1809,98,2258,30]},"num_concepts_raised":11318},{"base_id":149,"kind":"bot_words","i1":0,"i2":7,"sol":{"path":["/c/en/paintball","/c/en/sport","/c/en/person","/c/en/ingrate"],"weight":0.2163899999999997,"degrees":[119,1809,12935,58]},"num_concepts_raised":22470},{"base_id":149,"kind":"bot_words","i1":0,"i2":8,"sol":{"path":["/c/en/paintball","/c/en/sport","/c/en/plant","/c/en/resin","/c/en/polytetrafluoroethylene"],"weight":0.21650999999999965,"degrees":[119,1809,7959,450,77]},"num_concepts_raised":11964},{"base_id":149,"kind":"bot_words","i1":0,"i2":9,"sol":{"path":["/c/en/paintball","/c/en/guppy","/c/en/minnow","/c/en/minch"],"weight":0.20873999999999976,"degrees":[119,115,147,26]},"num_concepts_raised":8748},{"base_id":149,"kind":"bot_words","i1":1,"i2":2,"sol":{"path":["/c/en/eurodance","/c/en/snap","/c/en/shot","/c/en/unedited","/c/en/uncensored"],"weight":0.20925999999999978,"degrees":[72,634,812,25,25]},"num_concepts_raised":4911},{"base_id":149,"kind":"bot_words","i1":1,"i2":3,"sol":{"path":["/c/en/eurodance","/c/en/k2","/c/en/band","/c/en/rubber","/c/en/vulcanization"],"weight":0.21474999999999983,"degrees":[72,142,1893,605,108]},"num_concepts_raised":7149},{"base_id":149,"kind":"bot_words","i1":1,"i2":4,"sol":{"path":["/c/en/eurodance","/c/en/blue","/c/fr/royaume_uni","/c/en/digitalisation","/c/en/digitalization"],"weight":0.2104599999999998,"degrees":[72,1611,413,15,34]},"num_concepts_raised":5231},{"base_id":149,"kind":"bot_words","i1":1,"i2":5,"sol":{"path":["/c/en/eurodance","/c/en/popcorn","/c/en/plant","/c/en/rutaceae"],"weight":0.2139099999999996,"degrees":[72,363,7959,83]},"num_concepts_raised":12359},{"base_id":149,"kind":"bot_words","i1":1,"i2":6,"sol":{"path":["/c/en/eurodance","/c/en/music_genre","/c/en/country","/c/en/company","/c/en/gartner"],"weight":0.2132799999999997,"degrees":[72,507,2796,2258,30]},"num_concepts_raised":8625},{"base_id":149,"kind":"bot_words","i1":1,"i2":7,"sol":{"path":["/c/en/eurodance","/c/en/amber","/c/en/person","/c/en/ingrate"],"weight":0.21369999999999967,"degrees":[72,500,12935,58]},"num_concepts_raised":19809},{"base_id":149,"kind":"bot_words","i1":1,"i2":8,"sol":{"path":["/c/en/eurodance","/c/en/amber","/c/en/resin","/c/en/polytetrafluoroethylene"],"weight":0.21382999999999963,"degrees":[72,500,450,77]},"num_concepts_raised":9310},{"base_id":149,"kind":"bot_words","i1":1,"i2":9,"sol":{"path":["/c/en/eurodance","/c/en/nana","/c/en/nun","/c/en/minch"],"weight":0.20821999999999974,"degrees":[72,109,478,26]},"num_concepts_raised":6040},{"base_id":149,"kind":"bot_words","i1":2,"i2":3,"sol":{"path":["/c/en/uncensored","/c/en/censored","/c/en/censor","/c/en/psychology","/c/en/process","/c/en/vulcanization"],"weight":0.2181991999999997,"degrees":[25,26,218,1520,1571,108]},"num_concepts_raised":316705},{"base_id":149,"kind":"bot_words","i1":2,"i2":4,"sol":{"path":["/c/en/uncensored","/c/en/uncut","/c/en/page","/c/fr/informatique","/c/en/digitalisation","/c/en/digitalization"],"weight":0.20985239999999994,"degrees":[25,94,967,2052,15,34]},"num_concepts_raised":113306},{"base_id":149,"kind":"bot_words","i1":2,"i2":5,"sol":{"path":["/c/en/uncensored","/c/en/uncut","/c/en/ground","/c/en/plant","/c/en/rutaceae"],"weight":0.20842999999999978,"degrees":[25,94,1836,7959,83]},"num_concepts_raised":8094},{"base_id":149,"kind":"bot_words","i1":2,"i2":6,"sol":{"path":["/c/en/uncensored","/c/en/censored","/c/en/censor","/c/en/person","/c/en/company","/c/en/gartner"],"weight":0.21395089999999956,"degrees":[25,26,218,12935,2258,30]},"num_concepts_raised":320612},{"base_id":149,"kind":"bot_words","i1":2,"i2":7,"sol":{"path":["/c/en/uncensored","/c/en/censored","/c/en/censor","/c/en/person","/c/en/ingrate"],"weight":0.21021999999999985,"degrees":[25,26,218,12935,58]},"num_concepts_raised":15604},{"base_id":149,"kind":"bot_words","i1":2,"i2":8,"sol":{"path":["/c/en/uncensored","/c/en/unedited","/c/en/original","/c/en/origin","/c/en/resin","/c/en/polytetrafluoroethylene"],"weight":0.21343579999999962,"degrees":[25,25,630,981,450,77]},"num_concepts_raised":170614},{"base_id":149,"kind":"bot_words","i1":2,"i2":9,"sol":{"path":["/c/en/uncensored","/c/en/unedited","/c/oge/დედაჲ","/c/en/nun","/c/en/minch"],"weight":0.20377999999999993,"degrees":[25,25,18,478,26]},"num_concepts_raised":1735},{"base_id":149,"kind":"bot_words","i1":3,"i2":4,"sol":{"path":["/c/en/vulcanization","/c/it/vulcanizzazione","/c/en/chemistry","/c/en/analog","/c/en/digitalization"],"weight":0.21349000000000004,"degrees":[108,18,11754,203,34]},"num_concepts_raised":3177},{"base_id":149,"kind":"bot_words","i1":3,"i2":5,"sol":{"path":["/c/en/vulcanization","/c/en/rubber","/c/en/plant","/c/en/rutaceae"],"weight":0.21485999999999983,"degrees":[108,605,7959,83]},"num_concepts_raised":10322},{"base_id":149,"kind":"bot_words","i1":3,"i2":6,"sol":{"path":["/c/en/vulcanization","/c/en/sulphur","/c/en/united_states","/c/en/gartner"],"weight":0.21414999999999995,"degrees":[108,190,1636,30]},"num_concepts_raised":6597},{"base_id":149,"kind":"bot_words","i1":3,"i2":7,"sol":{"path":["/c/en/vulcanization","/c/en/vulcanize","/c/en/change","/c/en/unpleasant","/c/en/ingrate"],"weight":0.2147499999999999,"degrees":[108,74,3383,575,58]},"num_concepts_raised":17838},{"base_id":149,"kind":"bot_words","i1":3,"i2":8,"sol":{"path":["/c/en/vulcanization","/c/en/rubber","/c/en/synthetic","/c/en/polytetrafluoroethylene"],"weight":0.21472999999999987,"degrees":[108,605,537,77]},"num_concepts_raised":7241},{"base_id":149,"kind":"bot_words","i1":3,"i2":9,"sol":{"path":["/c/en/vulcanization","/c/en/rubber","/c/en/slang","/c/en/monk","/c/en/minch"],"weight":0.21031999999999998,"degrees":[108,605,16318,723,26]},"num_concepts_raised":4000},{"base_id":149,"kind":"bot_words","i1":4,"i2":5,"sol":{"path":["/c/en/digitalization","/c/en/digital","/c/en/digitalis","/c/en/plant","/c/en/rutaceae"],"weight":0.20862999999999982,"degrees":[34,369,131,7959,83]},"num_concepts_raised":8417},{"base_id":149,"kind":"bot_words","i1":4,"i2":6,"sol":{"path":["/c/en/digitalization","/c/en/digitization","/c/en/data","/c/en/research","/c/en/gartner"],"weight":0.2091499999999999,"degrees":[34,56,853,809,30]},"num_concepts_raised":4672},{"base_id":149,"kind":"bot_words","i1":4,"i2":7,"sol":{"path":["/c/en/digitalization","/c/en/medical_care","/c/en/person","/c/en/ingrate"],"weight":0.20828999999999986,"degrees":[34,50,12935,58]},"num_concepts_raised":15937},{"base_id":149,"kind":"bot_words","i1":4,"i2":8,"sol":{"path":["/c/en/digitalization","/c/en/analog","/c/en/compound","/c/en/chemical_compound","/c/en/polytetrafluoroethylene"],"weight":0.2085399999999998,"degrees":[34,203,1833,2801,77]},"num_concepts_raised":5337},{"base_id":149,"kind":"bot_words","i1":4,"i2":9,"sol":{"path":["/c/en/digitalization","/c/en/medical_care","/c/en/person","/c/en/monk","/c/en/minch"],"weight":0.20397999999999994,"degrees":[34,50,12935,723,26]},"num_concepts_raised":2065},{"base_id":149,"kind":"bot_words","i1":5,"i2":6,"sol":{"path":["/c/en/rutaceae","/c/en/citrus","/c/en/cell","/c/en/research","/c/en/gartner"],"weight":0.21346999999999972,"degrees":[83,332,2433,809,30]},"num_concepts_raised":11802},{"base_id":149,"kind":"bot_words","i1":5,"i2":7,"sol":{"path":["/c/en/rutaceae","/c/en/plant","/c/en/person","/c/en/ingrate"],"weight":0.21384999999999965,"degrees":[83,7959,12935,58]},"num_concepts_raised":23030},{"base_id":149,"kind":"bot_words","i1":5,"i2":8,"sol":{"path":["/c/en/rutaceae","/c/en/plant","/c/en/resin","/c/en/polytetrafluoroethylene"],"weight":0.21396999999999963,"degrees":[83,7959,450,77]},"num_concepts_raised":12419},{"base_id":149,"kind":"bot_words","i1":5,"i2":9,"sol":{"path":["/c/en/rutaceae","/c/en/plant","/c/fi/munkki","/c/en/monk","/c/en/minch"],"weight":0.20956999999999976,"degrees":[83,7959,29,723,26]},"num_concepts_raised":9228},{"base_id":149,"kind":"bot_words","i1":6,"i2":7,"sol":{"path":["/c/en/gartner","/c/en/company","/c/en/person","/c/en/ingrate"],"weight":0.21319999999999978,"degrees":[30,2258,12935,58]},"num_concepts_raised":19240},{"base_id":149,"kind":"bot_words","i1":6,"i2":8,"sol":{"path":["/c/en/gartner","/c/en/company","/c/en/tempo","/c/en/chemical_compound","/c/en/polytetrafluoroethylene"],"weight":0.21333999999999975,"degrees":[30,2258,256,2801,77]},"num_concepts_raised":8763},{"base_id":149,"kind":"bot_words","i1":6,"i2":9,"sol":{"path":["/c/en/gartner","/c/en/company","/c/en/person","/c/en/monk","/c/en/minch"],"weight":0.20888999999999985,"degrees":[30,2258,12935,723,26]},"num_concepts_raised":5485},{"base_id":149,"kind":"bot_words","i1":7,"i2":8,"sol":{"path":["/c/en/ingrate","/c/en/unpleasant","/c/en/asafoetida","/c/en/resin","/c/en/polytetrafluoroethylene"],"weight":0.21376999999999968,"degrees":[58,575,109,450,77]},"num_concepts_raised":20028},{"base_id":149,"kind":"bot_words","i1":7,"i2":9,"sol":{"path":["/c/en/ingrate","/c/en/person","/c/en/monk","/c/en/minch"],"weight":0.20930999999999983,"degrees":[58,12935,723,26]},"num_concepts_raised":16728},{"base_id":149,"kind":"bot_words","i1":8,"i2":9,"sol":{"path":["/c/en/polytetrafluoroethylene","/c/en/chemical_compound","/c/en/water","/c/en/minnow","/c/en/minch"],"weight":0.20825999999999978,"degrees":[77,2801,4606,147,26]},"num_concepts_raised":6154}],[{"base_id":149,"kind":"top_words","i1":0,"i2":1,"sol":{"path":["/c/en/subunit","/c/en/unit","/c/en/home","/c/en/sanctuary","/c/en/sanctum"],"weight":0.20325999999999964,"degrees":[77,1582,2163,296,27]},"num_concepts_raised":7990},{"base_id":149,"kind":"top_words","i1":0,"i2":2,"sol":{"path":["/c/en/subunit","/c/en/unit","/c/en/book","/c/en/bible","/c/en/micah"],"weight":0.2040399999999996,"degrees":[77,1582,3239,852,78]},"num_concepts_raised":9683},{"base_id":149,"kind":"top_words","i1":0,"i2":3,"sol":{"path":["/c/en/subunit","/c/en/unit","/c/en/dollar","/c/en/eurodollar"],"weight":0.20330999999999969,"degrees":[77,1582,743,30]},"num_concepts_raised":17369},{"base_id":149,"kind":"top_words","i1":0,"i2":4,"sol":{"path":["/c/en/subunit","/c/en/biochemistry","/c/en/domain","/c/en/khanate"],"weight":0.20952999999999977,"degrees":[77,3629,559,104]},"num_concepts_raised":12793},{"base_id":149,"kind":"top_words","i1":0,"i2":5,"sol":{"path":["/c/en/subunit","/c/en/unit","/c/en/person","/c/en/antiochus"],"weight":0.2082599999999997,"degrees":[77,1582,12935,25]},"num_concepts_raised":18202},{"base_id":149,"kind":"top_words","i1":0,"i2":6,"sol":{"path":["/c/en/subunit","/c/en/subdivision","/c/en/republic","/c/en/bashkortostan","/c/en/chagatai"],"weight":0.20317999999999964,"degrees":[77,241,709,160,33]},"num_concepts_raised":7004},{"base_id":149,"kind":"top_words","i1":0,"i2":7,"sol":{"path":["/c/en/subunit","/c/en/cent","/c/en/hundredth"],"weight":0.202,"degrees":[77,397,217]},"num_concepts_raised":251},{"base_id":149,"kind":"top_words","i1":0,"i2":8,"sol":{"path":["/c/en/subunit","/c/en/tambon","/c/en/province","/c/en/hubei","/c/en/ezhou"],"weight":0.21030999999999958,"degrees":[77,9,1040,90,38]},"num_concepts_raised":10529},{"base_id":149,"kind":"top_words","i1":0,"i2":9,"sol":{"path":["/c/en/subunit","/c/en/unit","/c/en/weight","/c/en/whorl"],"weight":0.20387999999999945,"degrees":[77,1582,1498,91]},"num_concepts_raised":41132},{"base_id":149,"kind":"top_words","i1":1,"i2":2,"sol":{"path":["/c/en/sanctum","/c/la/sanctum","/c/fr/religion","/c/fr/michée","/c/en/micah"],"weight":0.20566999999999983,"degrees":[27,10,6634,46,78]},"num_concepts_raised":5603},{"base_id":149,"kind":"top_words","i1":1,"i2":3,"sol":{"path":["/c/en/sanctum","/c/en/private","/c/en/us","/c/en/eurodollar"],"weight":0.2027099999999999,"degrees":[27,777,8154,30]},"num_concepts_raised":13434},{"base_id":149,"kind":"top_words","i1":1,"i2":4,"sol":{"path":["/c/en/sanctum","/c/en/retreat","/c/en/position","/c/en/khanate"],"weight":0.20890999999999998,"degrees":[27,532,2038,104]},"num_concepts_raised":8757},{"base_id":149,"kind":"top_words","i1":1,"i2":5,"sol":{"path":["/c/en/sanctum","/c/en/sanctuary","/c/en/place","/c/en/person","/c/en/antiochus"],"weight":0.2078199999999999,"degrees":[27,296,3314,12935,25]},"num_concepts_raised":14175},{"base_id":149,"kind":"top_words","i1":1,"i2":6,"sol":{"path":["/c/en/sanctum","/c/en/sanctum_sanctorum","/c/en/temple","/c/en/china","/c/en/central_asia","/c/en/chagatai"],"weight":0.2072259999999998,"degrees":[27,25,1126,1318,238,33]},"num_concepts_raised":190316},{"base_id":149,"kind":"top_words","i1":1,"i2":7,"sol":{"path":["/c/en/sanctum","/c/en/private","/c/en/rank","/c/en/hundredth"],"weight":0.20518999999999965,"degrees":[27,777,1403,217]},"num_concepts_raised":5586},{"base_id":149,"kind":"top_words","i1":1,"i2":8,"sol":{"path":["/c/en/sanctum","/c/en/sanctum_sanctorum","/c/en/temple","/c/en/city","/c/en/ezhou"],"weight":0.2088999999999998,"degrees":[27,25,1126,3758,38]},"num_concepts_raised":6520},{"base_id":149,"kind":"top_words","i1":1,"i2":9,"sol":{"path":["/c/en/sanctum","/c/en/private","/c/en/seedbox","/c/en/botany","/c/en/whorl"],"weight":0.20359999999999967,"degrees":[27,777,17,6881,91]},"num_concepts_raised":37293},{"base_id":149,"kind":"top_words","i1":2,"i2":3,"sol":{"path":["/c/en/micah","/c/en/bible","/c/en/daniel","/c/en/united_states","/c/en/eurodollar"],"weight":0.20355999999999985,"degrees":[78,852,207,1636,30]},"num_concepts_raised":15154},{"base_id":149,"kind":"top_words","i1":2,"i2":4,"sol":{"path":["/c/en/micah","/c/en/old_testament","/c/en/job","/c/en/position","/c/en/khanate"],"weight":0.20972999999999997,"degrees":[78,407,1287,2038,104]},"num_concepts_raised":10468},{"base_id":149,"kind":"top_words","i1":2,"i2":5,"sol":{"path":["/c/en/micah","/c/en/prophet","/c/en/person","/c/en/antiochus"],"weight":0.20844999999999986,"degrees":[78,526,12935,25]},"num_concepts_raised":15831},{"base_id":149,"kind":"top_words","i1":2,"i2":6,"sol":{"path":["/c/en/micah","/c/en/bible","/c/en/book","/c/en/republic","/c/en/bashkortostan","/c/en/chagatai"],"weight":0.20692489999999975,"degrees":[78,852,3239,709,160,33]},"num_concepts_raised":193034},{"base_id":149,"kind":"top_words","i1":2,"i2":7,"sol":{"path":["/c/en/micah","/c/en/prophets","/c/en/division","/c/en/hundred","/c/en/hundredth"],"weight":0.20706999999999962,"degrees":[78,53,1509,814,217]},"num_concepts_raised":7287},{"base_id":149,"kind":"top_words","i1":2,"i2":8,"sol":{"path":["/c/en/micah","/c/en/bible","/c/en/book","/c/en/city","/c/en/ezhou"],"weight":0.20866999999999974,"degrees":[78,852,3239,3758,38]},"num_concepts_raised":8209},{"base_id":149,"kind":"top_words","i1":2,"i2":9,"sol":{"path":["/c/en/micah","/c/en/bible","/c/en/apple_of_sodom","/c/en/botany","/c/en/whorl"],"weight":0.20437999999999965,"degrees":[78,852,29,6881,91]},"num_concepts_raised":39007},{"base_id":149,"kind":"top_words","i1":3,"i2":4,"sol":{"path":["/c/en/eurodollar","/c/en/us","/c/en/rank","/c/en/khan","/c/en/khanate"],"weight":0.21111000000000005,"degrees":[30,8154,1403,231,104]},"num_concepts_raised":18239},{"base_id":149,"kind":"top_words","i1":3,"i2":5,"sol":{"path":["/c/en/eurodollar","/c/en/bank","/c/en/human","/c/en/person","/c/en/antiochus"],"weight":0.20782999999999996,"degrees":[30,1660,2645,12935,25]},"num_concepts_raised":23526},{"base_id":149,"kind":"top_words","i1":3,"i2":6,"sol":{"path":["/c/en/eurodollar","/c/en/dollar","/c/en/dead","/c/en/extinct","/c/en/chagatai"],"weight":0.20277999999999988,"degrees":[30,743,1376,563,33]},"num_concepts_raised":12477},{"base_id":149,"kind":"top_words","i1":3,"i2":7,"sol":{"path":["/c/en/eurodollar","/c/en/dollar","/c/en/hundred","/c/en/hundredth"],"weight":0.2064699999999997,"degrees":[30,743,814,217]},"num_concepts_raised":15008},{"base_id":149,"kind":"top_words","i1":3,"i2":8,"sol":{"path":["/c/en/eurodollar","/c/en/bank","/c/en/city","/c/en/ezhou"],"weight":0.20789999999999986,"degrees":[30,1660,3758,38]},"num_concepts_raised":15837},{"base_id":149,"kind":"top_words","i1":3,"i2":9,"sol":{"path":["/c/en/eurodollar","/c/en/bank","/c/en/organ","/c/en/whorl"],"weight":0.20343999999999973,"degrees":[30,1660,1225,91]},"num_concepts_raised":46523},{"base_id":149,"kind":"top_words","i1":4,"i2":5,"sol":{"path":["/c/en/khanate","/c/en/domain","/c/en/person","/c/en/antiochus"],"weight":0.21397000000000005,"degrees":[104,559,12935,25]},"num_concepts_raised":18988},{"base_id":149,"kind":"top_words","i1":4,"i2":6,"sol":{"path":["/c/en/khanate","/c/en/khan","/c/en/khagan","/c/en/turkic","/c/en/chagatai"],"weight":0.21117999999999998,"degrees":[104,231,92,107,33]},"num_concepts_raised":7778},{"base_id":149,"kind":"top_words","i1":4,"i2":7,"sol":{"path":["/c/en/khanate","/c/en/khan","/c/en/rank","/c/en/hundredth"],"weight":0.21356999999999982,"degrees":[104,231,1403,217]},"num_concepts_raised":10290},{"base_id":149,"kind":"top_words","i1":4,"i2":8,"sol":{"path":["/c/en/khanate","/c/en/domain","/c/en/country","/c/en/city","/c/en/ezhou"],"weight":0.21411999999999992,"degrees":[104,559,2796,3758,38]},"num_concepts_raised":11335},{"base_id":149,"kind":"top_words","i1":4,"i2":9,"sol":{"path":["/c/en/khanate","/c/en/position","/c/en/coil","/c/en/whorl"],"weight":0.2096799999999998,"degrees":[104,2038,609,91]},"num_concepts_raised":42041},{"base_id":149,"kind":"top_words","i1":5,"i2":6,"sol":{"path":["/c/en/antiochus","/c/en/person","/c/en/turkish","/c/en/turki","/c/en/chagatai"],"weight":0.20777999999999985,"degrees":[25,12935,218,42,33]},"num_concepts_raised":13212},{"base_id":149,"kind":"top_words","i1":5,"i2":7,"sol":{"path":["/c/en/antiochus","/c/en/person","/c/en/value","/c/en/hundred","/c/en/hundredth"],"weight":0.2114099999999997,"degrees":[25,12935,1699,814,217]},"num_concepts_raised":15796},{"base_id":149,"kind":"top_words","i1":5,"i2":8,"sol":{"path":["/c/en/antiochus","/c/en/person","/c/en/china","/c/en/ezhou"],"weight":0.21287999999999985,"degrees":[25,12935,1318,38]},"num_concepts_raised":16745},{"base_id":149,"kind":"top_words","i1":5,"i2":9,"sol":{"path":["/c/en/antiochus","/c/en/person","/c/en/weight","/c/en/whorl"],"weight":0.20838999999999971,"degrees":[25,12935,1498,91]},"num_concepts_raised":47356},{"base_id":149,"kind":"top_words","i1":6,"i2":7,"sol":{"path":["/c/en/chagatai","/c/en/turkic","/c/fr/linguistique","/c/mul/c","/c/en/hundredth"],"weight":0.20521999999999962,"degrees":[33,107,7455,116,217]},"num_concepts_raised":4608},{"base_id":149,"kind":"top_words","i1":6,"i2":8,"sol":{"path":["/c/en/chagatai","/c/en/central_asia","/c/en/china","/c/en/ezhou"],"weight":0.20786999999999978,"degrees":[33,238,1318,38]},"num_concepts_raised":5517},{"base_id":149,"kind":"top_words","i1":6,"i2":9,"sol":{"path":["/c/en/chagatai","/c/en/extinct","/c/en/zoology","/c/en/whorl"],"weight":0.20341999999999963,"degrees":[33,563,8127,91]},"num_concepts_raised":36276},{"base_id":149,"kind":"top_words","i1":7,"i2":8,"sol":{"path":["/c/en/hundredth","/c/en/hundred","/c/en/british","/c/en/e","/c/en/ezhou"],"weight":0.2115099999999996,"degrees":[217,814,3452,270,38]},"num_concepts_raised":8167},{"base_id":149,"kind":"top_words","i1":7,"i2":9,"sol":{"path":["/c/en/hundredth","/c/en/hundred","/c/en/cotton","/c/en/spindle","/c/en/whorl"],"weight":0.20806999999999948,"degrees":[217,814,1181,348,91]},"num_concepts_raised":38866},{"base_id":149,"kind":"top_words","i1":8,"i2":9,"sol":{"path":["/c/en/ezhou","/c/en/china","/c/en/botany","/c/en/whorl"],"weight":0.2087499999999996,"degrees":[38,1318,6881,91]},"num_concepts_raised":39843}]]