[[{"base_id":910,"kind":"bot_words","i1":0,"i2":1,"sol":{"path":["/c/en/eulogize","/c/en/eloquent","/c/en/fluent","/c/en/liquid"],"weight":0.23522000000000132,"degrees":[73,242,172,1778]},"num_concepts_raised":138946},{"base_id":910,"kind":"bot_words","i1":0,"i2":2,"sol":{"path":["/c/en/eulogize","/c/en/formal","/c/en/charge","/c/en/electrophoresis","/c/en/colloidal"],"weight":0.20348999999999967,"degrees":[73,2270,1848,152,54]},"num_concepts_raised":6469},{"base_id":910,"kind":"bot_words","i1":0,"i2":3,"sol":{"path":["/c/en/eulogize","/c/en/praise","/c/en/person","/c/en/lemonade"],"weight":0.21185999999999977,"degrees":[73,1148,12935,251]},"num_concepts_raised":44411},{"base_id":910,"kind":"bot_words","i1":0,"i2":4,"sol":{"path":["/c/en/eulogize","/c/en/formal","/c/zh/凌虐","/c/en/maltreat","/c/en/mistreat"],"weight":0.2070499999999995,"degrees":[73,2270,7,59,173]},"num_concepts_raised":11491},{"base_id":910,"kind":"bot_words","i1":0,"i2":5,"sol":{"path":["/c/en/eulogize","/c/en/pay","/c/en/nautical","/c/en/cape"],"weight":0.21515999999999963,"degrees":[73,1489,5204,499]},"num_concepts_raised":48812},{"base_id":910,"kind":"bot_words","i1":0,"i2":6,"sol":{"path":["/c/en/eulogize","/c/en/celebrate","/c/ar/أحيا","/c/en/revive"],"weight":0.20658999999999905,"degrees":[73,487,25,332]},"num_concepts_raised":20231},{"base_id":910,"kind":"bot_words","i1":0,"i2":7,"sol":{"path":["/c/en/eulogize","/c/en/pay","/c/en/keep_things_orderly_and_tidy","/c/en/conscientiousness"],"weight":0.20368999999999976,"degrees":[73,1489,60,72]},"num_concepts_raised":10006},{"base_id":910,"kind":"bot_words","i1":0,"i2":8,"sol":{"path":["/c/en/eulogize","/c/en/formal","/c/en/deliver","/c/en/ups"],"weight":0.2033099999999997,"degrees":[73,2270,780,42]},"num_concepts_raised":19280},{"base_id":910,"kind":"bot_words","i1":0,"i2":9,"sol":{"path":["/c/en/eulogize","/c/en/pay","/c/en/company","/c/en/airline","/c/en/lufthansa"],"weight":0.21103999999999967,"degrees":[73,1489,2258,335,91]},"num_concepts_raised":6849},{"base_id":910,"kind":"bot_words","i1":1,"i2":2,"sol":{"path":["/c/en/liquid","/c/en/coacervation","/c/en/colloidal"],"weight":0.20600000000000002,"degrees":[1778,15,54]},"num_concepts_raised":1488},{"base_id":910,"kind":"bot_words","i1":1,"i2":3,"sol":{"path":["/c/en/liquid","/c/en/drink","/c/en/lemonade"],"weight":0.21000000000000002,"degrees":[1778,2548,251]},"num_concepts_raised":1607},{"base_id":910,"kind":"bot_words","i1":1,"i2":4,"sol":{"path":["/c/en/liquid","/c/en/cup","/c/en/treat","/c/en/mistreat"],"weight":0.23865000000000122,"degrees":[1778,1155,833,173]},"num_concepts_raised":138608},{"base_id":910,"kind":"bot_words","i1":1,"i2":5,"sol":{"path":["/c/en/liquid","/c/en/skin","/c/en/cape"],"weight":0.20800000000000002,"degrees":[1778,2372,499]},"num_concepts_raised":1785},{"base_id":910,"kind":"bot_words","i1":1,"i2":6,"sol":{"path":["/c/en/liquid","/c/en/water","/c/en/life","/c/en/revive"],"weight":0.2436500000000007,"degrees":[1778,4606,2241,332]},"num_concepts_raised":146740},{"base_id":910,"kind":"bot_words","i1":1,"i2":7,"sol":{"path":["/c/en/liquid","/c/en/wine","/c/en/religion","/c/en/conscientiousness"],"weight":0.23371000000000147,"degrees":[1778,1776,3331,72]},"num_concepts_raised":137423},{"base_id":910,"kind":"bot_words","i1":1,"i2":8,"sol":{"path":["/c/en/liquid","/c/en/water","/c/en/wave","/c/en/ups"],"weight":0.2401500000000013,"degrees":[1778,4606,1749,42]},"num_concepts_raised":145034},{"base_id":910,"kind":"bot_words","i1":1,"i2":9,"sol":{"path":["/c/en/liquid","/c/en/polish","/c/en/german","/c/en/lufthansa"],"weight":0.2384100000000014,"degrees":[1778,1193,564,91]},"num_concepts_raised":134477},{"base_id":910,"kind":"bot_words","i1":2,"i2":3,"sol":{"path":["/c/en/colloidal","/c/en/colloid","/c/en/mixture","/c/en/lemonade"],"weight":0.21242999999999984,"degrees":[54,198,671,251]},"num_concepts_raised":39328},{"base_id":910,"kind":"bot_words","i1":2,"i2":4,"sol":{"path":["/c/en/colloidal","/c/en/colloid","/c/en/phase","/c/en/step","/c/en/mistreat"],"weight":0.20574999999999957,"degrees":[54,198,660,1368,173]},"num_concepts_raised":6240},{"base_id":910,"kind":"bot_words","i1":2,"i2":5,"sol":{"path":["/c/en/colloidal","/c/en/colloid","/c/en/geology","/c/fr/manteau","/c/en/cape"],"weight":0.22040999999999972,"degrees":[54,198,3862,334,499]},"num_concepts_raised":43690},{"base_id":910,"kind":"bot_words","i1":2,"i2":6,"sol":{"path":["/c/en/colloidal","/c/fi/kolloidinen","/c/en/chemistry","/c/en/revivification","/c/en/revive"],"weight":0.20847999999999914,"degrees":[54,6,11754,14,332]},"num_concepts_raised":15031},{"base_id":910,"kind":"bot_words","i1":2,"i2":7,"sol":{"path":["/c/en/colloidal","/c/fi/kolloidinen","/c/en/chemistry","/c/en/application","/c/en/diligence","/c/en/conscientiousness"],"weight":0.2128780999999998,"degrees":[54,6,11754,799,229,72]},"num_concepts_raised":287207},{"base_id":910,"kind":"bot_words","i1":2,"i2":8,"sol":{"path":["/c/en/colloidal","/c/fi/kolloidinen","/c/en/chemistry","/c/en/biochemistry","/c/en/ups"],"weight":0.20523999999999976,"degrees":[54,6,11754,3629,42]},"num_concepts_raised":14082},{"base_id":910,"kind":"bot_words","i1":2,"i2":9,"sol":{"path":["/c/en/colloidal","/c/fi/kolloidinen","/c/en/chemistry","/c/en/air","/c/en/airline","/c/en/lufthansa"],"weight":0.21886099999999953,"degrees":[54,6,11754,1965,335,91]},"num_concepts_raised":160298},{"base_id":910,"kind":"bot_words","i1":3,"i2":4,"sol":{"path":["/c/en/lemonade","/c/en/person","/c/en/abuse","/c/en/mistreat"],"weight":0.2143899999999997,"degrees":[251,12935,844,173]},"num_concepts_raised":44173},{"base_id":910,"kind":"bot_words","i1":3,"i2":5,"sol":{"path":["/c/en/lemonade","/c/en/drink","/c/en/spit","/c/en/cape"],"weight":0.2251999999999998,"degrees":[251,2548,891,499]},"num_concepts_raised":79615},{"base_id":910,"kind":"bot_words","i1":3,"i2":6,"sol":{"path":["/c/en/lemonade","/c/en/person","/c/en/life","/c/en/revive"],"weight":0.21489999999999923,"degrees":[251,12935,2241,332]},"num_concepts_raised":52678},{"base_id":910,"kind":"bot_words","i1":3,"i2":7,"sol":{"path":["/c/en/lemonade","/c/en/person","/c/en/conscience","/c/en/conscientiousness"],"weight":0.21268999999999993,"degrees":[251,12935,461,72]},"num_concepts_raised":42797},{"base_id":910,"kind":"bot_words","i1":3,"i2":8,"sol":{"path":["/c/en/lemonade","/c/en/drink","/c/en/up","/c/en/ups"],"weight":0.21443999999999985,"degrees":[251,2548,1184,42]},"num_concepts_raised":51485},{"base_id":910,"kind":"bot_words","i1":3,"i2":9,"sol":{"path":["/c/en/lemonade","/c/en/us","/c/en/german","/c/en/lufthansa"],"weight":0.21687999999999985,"degrees":[251,8154,564,91]},"num_concepts_raised":39673},{"base_id":910,"kind":"bot_words","i1":4,"i2":5,"sol":{"path":["/c/en/mistreat","/c/en/step","/c/hu/fok","/c/en/cape"],"weight":0.21820999999999952,"degrees":[173,1368,34,499]},"num_concepts_raised":48488},{"base_id":910,"kind":"bot_words","i1":4,"i2":6,"sol":{"path":["/c/en/mistreat","/c/fr/maltraiter","/c/fr/reconduire","/c/en/renew","/c/en/revive"],"weight":0.21123999999999898,"degrees":[173,202,169,255,332]},"num_concepts_raised":19954},{"base_id":910,"kind":"bot_words","i1":4,"i2":7,"sol":{"path":["/c/en/mistreat","/c/en/abuse","/c/en/person","/c/en/conscience","/c/en/conscientiousness"],"weight":0.2077799999999997,"degrees":[173,844,12935,461,72]},"num_concepts_raised":9812},{"base_id":910,"kind":"bot_words","i1":4,"i2":8,"sol":{"path":["/c/en/mistreat","/c/en/step","/c/en/up","/c/en/ups"],"weight":0.20548999999999962,"degrees":[173,1368,1184,42]},"num_concepts_raised":19011},{"base_id":910,"kind":"bot_words","i1":4,"i2":9,"sol":{"path":["/c/en/mistreat","/c/en/step","/c/en/go","/c/en/airline","/c/en/lufthansa"],"weight":0.21224999999999955,"degrees":[173,1368,2637,335,91]},"num_concepts_raised":6621},{"base_id":910,"kind":"bot_words","i1":5,"i2":6,"sol":{"path":["/c/en/cape","/c/en/back","/c/fi/elvyttää","/c/en/revive"],"weight":0.2193099999999991,"degrees":[499,2238,31,332]},"num_concepts_raised":56761},{"base_id":910,"kind":"bot_words","i1":5,"i2":7,"sol":{"path":["/c/en/cape","/c/es/capa","/c/en/application","/c/en/diligence","/c/en/conscientiousness"],"weight":0.22052999999999978,"degrees":[499,39,799,229,72]},"num_concepts_raised":47179},{"base_id":910,"kind":"bot_words","i1":5,"i2":8,"sol":{"path":["/c/en/cape","/c/en/point","/c/en/up","/c/en/ups"],"weight":0.2159099999999997,"degrees":[499,2624,1184,42]},"num_concepts_raised":55807},{"base_id":910,"kind":"bot_words","i1":5,"i2":9,"sol":{"path":["/c/en/cape","/c/en/point","/c/en/german","/c/en/lufthansa"],"weight":0.2205899999999997,"degrees":[499,2624,564,91]},"num_concepts_raised":44045},{"base_id":910,"kind":"bot_words","i1":6,"i2":7,"sol":{"path":["/c/en/revive","/c/en/vitality","/c/ja/精","/c/en/conscientiousness"],"weight":0.20672999999999925,"degrees":[332,245,65,72]},"num_concepts_raised":18533},{"base_id":910,"kind":"bot_words","i1":6,"i2":8,"sol":{"path":["/c/en/revive","/c/en/return","/c/en/transport","/c/en/ups"],"weight":0.20652999999999916,"degrees":[332,1609,1411,42]},"num_concepts_raised":27632},{"base_id":910,"kind":"bot_words","i1":6,"i2":9,"sol":{"path":["/c/en/revive","/c/la/animo","/c/en/air","/c/en/airline","/c/en/lufthansa"],"weight":0.21504999999999913,"degrees":[332,176,1965,335,91]},"num_concepts_raised":15406},{"base_id":910,"kind":"bot_words","i1":7,"i2":8,"sol":{"path":["/c/en/conscientiousness","/c/en/religion","/c/en/deliver","/c/en/ups"],"weight":0.20346999999999987,"degrees":[72,3331,780,42]},"num_concepts_raised":17621},{"base_id":910,"kind":"bot_words","i1":7,"i2":9,"sol":{"path":["/c/en/conscientiousness","/c/ja/せいれい","/c/en/people","/c/en/airline","/c/en/lufthansa"],"weight":0.21118999999999985,"degrees":[72,17,4475,335,91]},"num_concepts_raised":5119},{"base_id":910,"kind":"bot_words","i1":8,"i2":9,"sol":{"path":["/c/en/ups","/c/en/transport","/c/en/airline","/c/en/lufthansa"],"weight":0.21075999999999978,"degrees":[42,1411,335,91]},"num_concepts_raised":14458}],[{"base_id":910,"kind":"top_words","i1":0,"i2":1,"sol":{"path":["/c/en/gruelling","/c/en/difficult","/c/en/kick","/c/en/cycling","/c/en/duathlon"],"weight":0.2080599999999999,"degrees":[45,1189,802,486,32]},"num_concepts_raised":3758},{"base_id":910,"kind":"top_words","i1":0,"i2":2,"sol":{"path":["/c/en/gruelling","/c/en/difficult","/c/en/crucible","/c/en/chemical","/c/en/geochemical"],"weight":0.20285999999999987,"degrees":[45,1189,131,882,24]},"num_concepts_raised":3045},{"base_id":910,"kind":"top_words","i1":0,"i2":3,"sol":{"path":["/c/en/gruelling","/c/en/difficult","/c/en/like","/c/en/cotton","/c/en/regatta"],"weight":0.20325999999999989,"degrees":[45,1189,2357,1181,53]},"num_concepts_raised":5161},{"base_id":910,"kind":"top_words","i1":0,"i2":4,"sol":{"path":["/c/en/gruelling","/c/en/gruel","/c/sa/चन्द्र","/c/en/metre","/c/en/micrometre"],"weight":0.20295999999999986,"degrees":[45,174,87,378,35]},"num_concepts_raised":2812},{"base_id":910,"kind":"top_words","i1":0,"i2":5,"sol":{"path":["/c/en/gruelling","/c/en/difficult","/c/en/person","/c/en/prestige","/c/en/prestigious"],"weight":0.2062899999999998,"degrees":[45,1189,12935,244,115]},"num_concepts_raised":3999},{"base_id":910,"kind":"top_words","i1":0,"i2":6,"sol":{"path":["/c/en/gruelling","/c/en/difficult","/c/en/poser","/c/en/watt","/c/en/milliwatt"],"weight":0.20396999999999987,"degrees":[45,1189,63,227,29]},"num_concepts_raised":11015},{"base_id":910,"kind":"top_words","i1":0,"i2":7,"sol":{"path":["/c/en/gruelling","/c/en/difficult","/c/en/algebra","/c/en/historical","/c/en/neustria"],"weight":0.2083399999999998,"degrees":[45,1189,709,8415,60]},"num_concepts_raised":10835},{"base_id":910,"kind":"top_words","i1":0,"i2":8,"sol":{"path":["/c/en/gruelling","/c/en/difficult","/c/en/like","/c/en/river","/c/en/tagus"],"weight":0.21108999999999978,"degrees":[45,1189,2357,2945,104]},"num_concepts_raised":6124},{"base_id":910,"kind":"top_words","i1":0,"i2":9,"sol":{"path":["/c/en/gruelling","/c/en/backbreaking","/c/en/heavy","/c/en/music","/c/en/lydian"],"weight":0.20324999999999982,"degrees":[45,92,1173,8822,40]},"num_concepts_raised":22393},{"base_id":910,"kind":"top_words","i1":1,"i2":2,"sol":{"path":["/c/en/duathlon","/c/en/running","/c/en/move","/c/en/mobilization","/c/en/geochemical"],"weight":0.2077699999999999,"degrees":[32,589,2810,183,24]},"num_concepts_raised":2837},{"base_id":910,"kind":"top_words","i1":1,"i2":3,"sol":{"path":["/c/en/duathlon","/c/fr/duathlon","/c/fr/course","/c/fr/régate","/c/en/regatta"],"weight":0.2122999999999999,"degrees":[32,48,420,32,53]},"num_concepts_raised":4937},{"base_id":910,"kind":"top_words","i1":1,"i2":4,"sol":{"path":["/c/en/duathlon","/c/en/cycling","/c/en/criterium","/c/en/um","/c/en/micrometre"],"weight":0.2079199999999999,"degrees":[32,486,23,183,35]},"num_concepts_raised":2607},{"base_id":910,"kind":"top_words","i1":1,"i2":5,"sol":{"path":["/c/en/duathlon","/c/en/athletic","/c/fil/malakas","/c/en/influential","/c/en/prestigious"],"weight":0.21005999999999986,"degrees":[32,193,14,212,115]},"num_concepts_raised":3803},{"base_id":910,"kind":"top_words","i1":1,"i2":6,"sol":{"path":["/c/en/duathlon","/c/fr/duathlon","/c/fr/sport","/c/fr/physique","/c/en/milliwatt"],"weight":0.20996999999999993,"degrees":[32,48,2171,6029,29]},"num_concepts_raised":10802},{"base_id":910,"kind":"top_words","i1":1,"i2":7,"sol":{"path":["/c/en/duathlon","/c/en/biathlon","/c/en/triathlon","/c/en/historical","/c/en/neustria"],"weight":0.21329999999999985,"degrees":[32,116,121,8415,60]},"num_concepts_raised":10609},{"base_id":910,"kind":"top_words","i1":1,"i2":8,"sol":{"path":["/c/en/duathlon","/c/en/running","/c/en/river","/c/en/tagus"],"weight":0.21598999999999982,"degrees":[32,589,2945,104]},"num_concepts_raised":5903},{"base_id":910,"kind":"top_words","i1":1,"i2":9,"sol":{"path":["/c/en/duathlon","/c/en/cycling","/c/en/cycle","/c/en/music","/c/en/lydian"],"weight":0.2080899999999999,"degrees":[32,486,621,8822,40]},"num_concepts_raised":22159},{"base_id":910,"kind":"top_words","i1":2,"i2":3,"sol":{"path":["/c/en/geochemical","/c/en/chemical","/c/en/material","/c/en/cotton","/c/en/regatta"],"weight":0.20299999999999987,"degrees":[24,882,1522,1181,53]},"num_concepts_raised":4230},{"base_id":910,"kind":"top_words","i1":2,"i2":4,"sol":{"path":["/c/en/geochemical","/c/fr/géochimique","/c/en/chemistry","/c/en/um","/c/en/micrometre"],"weight":0.20380999999999988,"degrees":[24,9,11754,183,35]},"num_concepts_raised":1885},{"base_id":910,"kind":"top_words","i1":2,"i2":5,"sol":{"path":["/c/en/geochemical","/c/en/chemical","/c/en/water","/c/en/person","/c/en/prestige","/c/en/prestigious"],"weight":0.21142319999999973,"degrees":[24,882,4606,12935,244,115]},"num_concepts_raised":280981},{"base_id":910,"kind":"top_words","i1":2,"i2":6,"sol":{"path":["/c/en/geochemical","/c/en/geochemistry","/c/en/earth","/c/fr/électricité","/c/en/milliwatt"],"weight":0.2026899999999999,"degrees":[24,115,2336,1994,29]},"num_concepts_raised":10086},{"base_id":910,"kind":"top_words","i1":2,"i2":7,"sol":{"path":["/c/en/geochemical","/c/en/geochemistry","/c/en/planet","/c/en/historical","/c/en/neustria"],"weight":0.2080699999999998,"degrees":[24,115,1123,8415,60]},"num_concepts_raised":9901},{"base_id":910,"kind":"top_words","i1":2,"i2":8,"sol":{"path":["/c/en/geochemical","/c/en/chemical","/c/en/water","/c/en/river","/c/en/tagus"],"weight":0.21080999999999978,"degrees":[24,882,4606,2945,104]},"num_concepts_raised":5202},{"base_id":910,"kind":"top_words","i1":2,"i2":9,"sol":{"path":["/c/en/geochemical","/c/en/geochemistry","/c/en/rock","/c/en/music","/c/en/lydian"],"weight":0.20291999999999985,"degrees":[24,115,2349,8822,40]},"num_concepts_raised":21470},{"base_id":910,"kind":"top_words","i1":3,"i2":4,"sol":{"path":["/c/en/regatta","/c/en/meet","/c/ang/ymbsittan","/c/en/um","/c/en/micrometre"],"weight":0.2030999999999999,"degrees":[53,1333,12,183,35]},"num_concepts_raised":4007},{"base_id":910,"kind":"top_words","i1":3,"i2":5,"sol":{"path":["/c/en/regatta","/c/en/boat_race","/c/en/face","/c/en/prestige","/c/en/prestigious"],"weight":0.20737999999999984,"degrees":[53,34,2479,244,115]},"num_concepts_raised":5205},{"base_id":910,"kind":"top_words","i1":3,"i2":6,"sol":{"path":["/c/en/regatta","/c/fr/régate","/c/fr/nœud","/c/fr/physique","/c/en/milliwatt"],"weight":0.2050799999999999,"degrees":[53,32,404,6029,29]},"num_concepts_raised":12202},{"base_id":910,"kind":"top_words","i1":3,"i2":7,"sol":{"path":["/c/en/regatta","/c/en/refugee_regatta","/c/en/country","/c/en/austrasia","/c/en/neustria"],"weight":0.21047999999999983,"degrees":[53,12,2796,68,60]},"num_concepts_raised":11984},{"base_id":910,"kind":"top_words","i1":3,"i2":8,"sol":{"path":["/c/en/regatta","/c/en/boat_race","/c/en/rowing","/c/en/river","/c/en/tagus"],"weight":0.2122699999999998,"degrees":[53,34,257,2945,104]},"num_concepts_raised":7305},{"base_id":910,"kind":"top_words","i1":3,"i2":9,"sol":{"path":["/c/en/regatta","/c/fr/régate","/c/fr/nœud","/c/en/music","/c/en/lydian"],"weight":0.20528999999999986,"degrees":[53,32,404,8822,40]},"num_concepts_raised":23552},{"base_id":910,"kind":"top_words","i1":4,"i2":5,"sol":{"path":["/c/en/micrometre","/c/fr/micromètre","/c/fr/grand","/c/en/distinguished","/c/en/prestigious"],"weight":0.20519999999999983,"degrees":[35,68,1219,291,115]},"num_concepts_raised":2852},{"base_id":910,"kind":"top_words","i1":4,"i2":6,"sol":{"path":["/c/en/micrometre","/c/en/micron","/c/fr/métrologie","/c/en/milliwatt"],"weight":0.2039499999999999,"degrees":[35,99,4411,29]},"num_concepts_raised":9809},{"base_id":910,"kind":"top_words","i1":4,"i2":7,"sol":{"path":["/c/en/micrometre","/c/en/micrometer","/c/en/range","/c/en/historical","/c/en/neustria"],"weight":0.2095099999999998,"degrees":[35,192,1025,8415,60]},"num_concepts_raised":9670},{"base_id":910,"kind":"top_words","i1":4,"i2":8,"sol":{"path":["/c/en/micrometre","/c/en/micron","/c/en/mud","/c/en/river","/c/en/tagus"],"weight":0.2120699999999998,"degrees":[35,99,830,2945,104]},"num_concepts_raised":4970},{"base_id":910,"kind":"top_words","i1":4,"i2":9,"sol":{"path":["/c/en/micrometre","/c/en/metre","/c/en/music","/c/en/lydian"],"weight":0.20300999999999986,"degrees":[35,378,8822,40]},"num_concepts_raised":21203},{"base_id":910,"kind":"top_words","i1":5,"i2":6,"sol":{"path":["/c/en/prestigious","/c/en/distinguished","/c/en/surname","/c/en/watt","/c/en/milliwatt"],"weight":0.20501999999999984,"degrees":[115,291,1055,227,29]},"num_concepts_raised":11057},{"base_id":910,"kind":"top_words","i1":5,"i2":7,"sol":{"path":["/c/en/prestigious","/c/en/prestige","/c/en/count_coup","/c/en/historical","/c/en/neustria"],"weight":0.21142999999999976,"degrees":[115,244,13,8415,60]},"num_concepts_raised":10854},{"base_id":910,"kind":"top_words","i1":5,"i2":8,"sol":{"path":["/c/en/prestigious","/c/en/distinguished","/c/en/chop","/c/en/river","/c/en/tagus"],"weight":0.21213999999999972,"degrees":[115,291,655,2945,104]},"num_concepts_raised":6167},{"base_id":910,"kind":"top_words","i1":5,"i2":9,"sol":{"path":["/c/en/prestigious","/c/en/diglossia","/c/en/language","/c/en/lydian"],"weight":0.2041399999999998,"degrees":[115,55,4160,40]},"num_concepts_raised":22400},{"base_id":910,"kind":"top_words","i1":6,"i2":7,"sol":{"path":["/c/en/milliwatt","/c/fr/physique","/c/en/pole","/c/en/historical","/c/en/neustria"],"weight":0.20814999999999984,"degrees":[29,6029,1156,8415,60]},"num_concepts_raised":17874},{"base_id":910,"kind":"top_words","i1":6,"i2":8,"sol":{"path":["/c/en/milliwatt","/c/fr/électricité","/c/en/ohm","/c/en/river","/c/en/tagus"],"weight":0.2108999999999998,"degrees":[29,1994,136,2945,104]},"num_concepts_raised":13174},{"base_id":910,"kind":"top_words","i1":6,"i2":9,"sol":{"path":["/c/en/milliwatt","/c/en/watt","/c/en/given_name","/c/en/lydia","/c/en/lydian"],"weight":0.20495999999999986,"degrees":[29,227,1247,76,40]},"num_concepts_raised":29288},{"base_id":910,"kind":"top_words","i1":7,"i2":8,"sol":{"path":["/c/en/neustria","/c/en/historical","/c/en/iberia","/c/en/tagus"],"weight":0.21420999999999973,"degrees":[60,8415,156,104]},"num_concepts_raised":12902},{"base_id":910,"kind":"top_words","i1":7,"i2":9,"sol":{"path":["/c/en/neustria","/c/en/historical","/c/en/lydia","/c/en/lydian"],"weight":0.2093399999999998,"degrees":[60,8415,76,40]},"num_concepts_raised":29071},{"base_id":910,"kind":"top_words","i1":8,"i2":9,"sol":{"path":["/c/en/tagus","/c/en/river","/c/en/pactolian","/c/en/lydia","/c/en/lydian"],"weight":0.21207999999999977,"degrees":[104,2945,4,76,40]},"num_concepts_raised":24493}]]