[[{"base_id":834,"kind":"bot_words","i1":0,"i2":1,"sol":{"path":["/c/en/preserved","/c/en/pickle","/c/en/light","/c/en/insignificant","/c/en/insignificance"],"weight":0.20534999999999987,"degrees":[103,408,4288,401,61]},"num_concepts_raised":3777},{"base_id":834,"kind":"bot_words","i1":0,"i2":2,"sol":{"path":["/c/en/preserved","/c/en/fossil","/c/en/spirifer","/c/en/numerous"],"weight":0.20699999999999952,"degrees":[103,447,16,289]},"num_concepts_raised":12123},{"base_id":834,"kind":"bot_words","i1":0,"i2":3,"sol":{"path":["/c/en/preserved","/c/en/pickled","/c/en/slang","/c/en/organ","/c/en/autoregulation"],"weight":0.2059299999999999,"degrees":[103,92,16318,1225,32]},"num_concepts_raised":15231},{"base_id":834,"kind":"bot_words","i1":0,"i2":4,"sol":{"path":["/c/en/preserved","/c/en/pickled","/c/en/slang","/c/en/jellyroll"],"weight":0.2058899999999999,"degrees":[103,92,16318,25]},"num_concepts_raised":31185},{"base_id":834,"kind":"bot_words","i1":0,"i2":5,"sol":{"path":["/c/en/preserved","/c/en/preserve","/c/en/red","/c/en/maroon"],"weight":0.2155799999999995,"degrees":[103,668,1983,230]},"num_concepts_raised":55534},{"base_id":834,"kind":"bot_words","i1":0,"i2":6,"sol":{"path":["/c/en/preserved","/c/en/pickled","/c/en/slang","/c/en/promo"],"weight":0.20689999999999997,"degrees":[103,92,16318,29]},"num_concepts_raised":19262},{"base_id":834,"kind":"bot_words","i1":0,"i2":7,"sol":{"path":["/c/en/preserved","/c/en/pickled","/c/ja/うめぼし","/c/en/person","/c/en/leprechaun"],"weight":0.2063899999999998,"degrees":[103,92,18,12935,74]},"num_concepts_raised":20192},{"base_id":834,"kind":"bot_words","i1":0,"i2":8,"sol":{"path":["/c/en/preserved","/c/en/pickle","/c/en/scotland","/c/en/thane"],"weight":0.20975999999999975,"degrees":[103,408,2226,103]},"num_concepts_raised":18701},{"base_id":834,"kind":"bot_words","i1":0,"i2":9,"sol":{"path":["/c/en/preserved","/c/en/pickle","/c/en/scotland","/c/en/stirk"],"weight":0.20391999999999985,"degrees":[103,408,2226,35]},"num_concepts_raised":13571},{"base_id":834,"kind":"bot_words","i1":1,"i2":2,"sol":{"path":["/c/en/insignificance","/c/en/insignificant","/c/en/little","/c/en/many","/c/en/numerous"],"weight":0.21045999999999948,"degrees":[61,401,1887,1024,289]},"num_concepts_raised":10869},{"base_id":834,"kind":"bot_words","i1":1,"i2":3,"sol":{"path":["/c/en/insignificance","/c/en/insignificant","/c/en/person","/c/en/blood","/c/en/autoregulation"],"weight":0.20429999999999987,"degrees":[61,401,12935,2253,32]},"num_concepts_raised":13995},{"base_id":834,"kind":"bot_words","i1":1,"i2":4,"sol":{"path":["/c/en/insignificance","/c/pt/insignificância","/c/en/trifle","/c/en/jelly","/c/en/jellyroll"],"weight":0.20619999999999988,"degrees":[61,17,354,311,25]},"num_concepts_raised":30054},{"base_id":834,"kind":"bot_words","i1":1,"i2":5,"sol":{"path":["/c/en/insignificance","/c/en/insignificant","/c/en/person","/c/en/maroon"],"weight":0.21165999999999946,"degrees":[61,401,12935,230]},"num_concepts_raised":54366},{"base_id":834,"kind":"bot_words","i1":1,"i2":6,"sol":{"path":["/c/en/insignificance","/c/en/insignificant","/c/en/important","/c/en/promote","/c/en/promo"],"weight":0.2052299999999999,"degrees":[61,401,912,572,29]},"num_concepts_raised":18060},{"base_id":834,"kind":"bot_words","i1":1,"i2":7,"sol":{"path":["/c/en/insignificance","/c/en/insignificant","/c/en/person","/c/en/leprechaun"],"weight":0.20472999999999975,"degrees":[61,401,12935,74]},"num_concepts_raised":18958},{"base_id":834,"kind":"bot_words","i1":1,"i2":8,"sol":{"path":["/c/en/insignificance","/c/en/relegate","/c/en/historical","/c/en/thane"],"weight":0.2090499999999997,"degrees":[61,130,8415,103]},"num_concepts_raised":17441},{"base_id":834,"kind":"bot_words","i1":1,"i2":9,"sol":{"path":["/c/en/insignificance","/c/en/insignificant","/c/en/person","/c/en/steer","/c/en/stirk"],"weight":0.20424999999999982,"degrees":[61,401,12935,407,35]},"num_concepts_raised":12355},{"base_id":834,"kind":"bot_words","i1":2,"i2":3,"sol":{"path":["/c/en/numerous","/c/en/number","/c/en/constant","/c/en/autoregulation"],"weight":0.2072799999999995,"degrees":[289,2301,553,32]},"num_concepts_raised":22200},{"base_id":834,"kind":"bot_words","i1":2,"i2":4,"sol":{"path":["/c/en/numerous","/c/en/number","/c/en/slang","/c/en/jellyroll"],"weight":0.2073099999999995,"degrees":[289,2301,16318,25]},"num_concepts_raised":38020},{"base_id":834,"kind":"bot_words","i1":2,"i2":5,"sol":{"path":["/c/en/numerous","/c/en/many","/c/en/color","/c/en/maroon"],"weight":0.2186299999999991,"degrees":[289,1024,1870,230]},"num_concepts_raised":62089},{"base_id":834,"kind":"bot_words","i1":2,"i2":6,"sol":{"path":["/c/en/numerous","/c/en/number","/c/en/slang","/c/en/promo"],"weight":0.20830999999999952,"degrees":[289,2301,16318,29]},"num_concepts_raised":26220},{"base_id":834,"kind":"bot_words","i1":2,"i2":7,"sol":{"path":["/c/en/numerous","/c/en/number","/c/en/person","/c/en/leprechaun"],"weight":0.20779999999999937,"degrees":[289,2301,12935,74]},"num_concepts_raised":27045},{"base_id":834,"kind":"bot_words","i1":2,"i2":8,"sol":{"path":["/c/en/numerous","/c/en/large","/c/en/city","/c/en/thane"],"weight":0.21220999999999934,"degrees":[289,1592,3758,103]},"num_concepts_raised":25567},{"base_id":834,"kind":"bot_words","i1":2,"i2":9,"sol":{"path":["/c/en/numerous","/c/en/large","/c/en/cow","/c/en/stirk"],"weight":0.20634999999999942,"degrees":[289,1592,1438,35]},"num_concepts_raised":20543},{"base_id":834,"kind":"bot_words","i1":3,"i2":4,"sol":{"path":["/c/en/autoregulation","/c/en/organ","/c/en/slang","/c/en/jellyroll"],"weight":0.2027999999999999,"degrees":[32,1225,16318,25]},"num_concepts_raised":41291},{"base_id":834,"kind":"bot_words","i1":3,"i2":5,"sol":{"path":["/c/en/autoregulation","/c/en/blood","/c/en/red","/c/en/maroon"],"weight":0.21467999999999948,"degrees":[32,2253,1983,230]},"num_concepts_raised":65391},{"base_id":834,"kind":"bot_words","i1":3,"i2":6,"sol":{"path":["/c/en/autoregulation","/c/en/organ","/c/en/slang","/c/en/promo"],"weight":0.20380999999999994,"degrees":[32,1225,16318,29]},"num_concepts_raised":29402},{"base_id":834,"kind":"bot_words","i1":3,"i2":7,"sol":{"path":["/c/en/autoregulation","/c/en/blood","/c/en/person","/c/en/leprechaun"],"weight":0.20336999999999977,"degrees":[32,2253,12935,74]},"num_concepts_raised":30263},{"base_id":834,"kind":"bot_words","i1":3,"i2":8,"sol":{"path":["/c/en/autoregulation","/c/en/blood","/c/en/historical","/c/en/thane"],"weight":0.20873999999999973,"degrees":[32,2253,8415,103]},"num_concepts_raised":28825},{"base_id":834,"kind":"bot_words","i1":3,"i2":9,"sol":{"path":["/c/en/autoregulation","/c/en/biology","/c/en/cow","/c/en/stirk"],"weight":0.20289999999999983,"degrees":[32,6216,1438,35]},"num_concepts_raised":23730},{"base_id":834,"kind":"bot_words","i1":4,"i2":5,"sol":{"path":["/c/en/jellyroll","/c/en/derogatory","/c/en/maroon"],"weight":0.20400000000000001,"degrees":[25,3326,230]},"num_concepts_raised":212},{"base_id":834,"kind":"bot_words","i1":4,"i2":6,"sol":{"path":["/c/en/jellyroll","/c/en/slang","/c/en/promo"],"weight":0.203,"degrees":[25,16318,29]},"num_concepts_raised":45},{"base_id":834,"kind":"bot_words","i1":4,"i2":7,"sol":{"path":["/c/en/jellyroll","/c/en/cake","/c/en/person","/c/en/leprechaun"],"weight":0.2033499999999998,"degrees":[25,1707,12935,74]},"num_concepts_raised":45727},{"base_id":834,"kind":"bot_words","i1":4,"i2":8,"sol":{"path":["/c/en/jellyroll","/c/en/slang","/c/en/lord","/c/en/baron","/c/en/thane"],"weight":0.21082999999999974,"degrees":[25,16318,988,280,103]},"num_concepts_raised":44220},{"base_id":834,"kind":"bot_words","i1":4,"i2":9,"sol":{"path":["/c/en/jellyroll","/c/en/cake","/c/en/dialect","/c/en/stirk"],"weight":0.20284999999999986,"degrees":[25,1707,2378,35]},"num_concepts_raised":37806},{"base_id":834,"kind":"bot_words","i1":5,"i2":6,"sol":{"path":["/c/en/maroon","/c/en/slang","/c/en/promo"],"weight":0.20500000000000002,"degrees":[230,16318,29]},"num_concepts_raised":213},{"base_id":834,"kind":"bot_words","i1":5,"i2":7,"sol":{"path":["/c/en/maroon","/c/en/person","/c/en/leprechaun"],"weight":0.20400000000000001,"degrees":[230,12935,74]},"num_concepts_raised":252},{"base_id":834,"kind":"bot_words","i1":5,"i2":8,"sol":{"path":["/c/en/maroon","/c/en/dark","/c/en/city","/c/en/thane"],"weight":0.21616999999999936,"degrees":[230,1488,3758,103]},"num_concepts_raised":68233},{"base_id":834,"kind":"bot_words","i1":5,"i2":9,"sol":{"path":["/c/en/maroon","/c/en/red","/c/en/uk","/c/en/stirk"],"weight":0.21451999999999943,"degrees":[230,1983,5562,35]},"num_concepts_raised":62629},{"base_id":834,"kind":"bot_words","i1":6,"i2":7,"sol":{"path":["/c/en/promo","/c/en/slang","/c/en/pixie","/c/fr/lutin","/c/en/leprechaun"],"weight":0.20547999999999983,"degrees":[29,16318,89,202,74]},"num_concepts_raised":33994},{"base_id":834,"kind":"bot_words","i1":6,"i2":8,"sol":{"path":["/c/en/promo","/c/en/slang","/c/en/lord","/c/en/baron","/c/en/thane"],"weight":0.21183999999999978,"degrees":[29,16318,988,280,103]},"num_concepts_raised":32641},{"base_id":834,"kind":"bot_words","i1":6,"i2":9,"sol":{"path":["/c/en/promo","/c/en/slang","/c/en/dialect","/c/en/stirk"],"weight":0.2038299999999999,"degrees":[29,16318,2378,35]},"num_concepts_raised":26844},{"base_id":834,"kind":"bot_words","i1":7,"i2":8,"sol":{"path":["/c/en/leprechaun","/c/en/person","/c/en/citizen","/c/en/thane"],"weight":0.20917999999999964,"degrees":[74,12935,719,103]},"num_concepts_raised":33559},{"base_id":834,"kind":"bot_words","i1":7,"i2":9,"sol":{"path":["/c/en/leprechaun","/c/en/person","/c/en/steer","/c/en/stirk"],"weight":0.20331999999999972,"degrees":[74,12935,407,35]},"num_concepts_raised":28507},{"base_id":834,"kind":"bot_words","i1":8,"i2":9,"sol":{"path":["/c/en/thane","/c/en/scotland","/c/en/stirk"],"weight":0.20400000000000001,"degrees":[103,2226,35]},"num_concepts_raised":125}],[{"base_id":834,"kind":"top_words","i1":0,"i2":1,"sol":{"path":["/c/en/majlis","/c/en/parliament","/c/en/government","/c/en/unicameral"],"weight":0.2038899999999999,"degrees":[45,527,2046,67]},"num_concepts_raised":6162},{"base_id":834,"kind":"top_words","i1":0,"i2":2,"sol":{"path":["/c/en/majlis","/c/en/parliament","/c/en/duma"],"weight":0.202,"degrees":[45,527,84]},"num_concepts_raised":109},{"base_id":834,"kind":"top_words","i1":0,"i2":3,"sol":{"path":["/c/en/majlis","/c/ar/مجلس","/c/en/board","/c/en/sound","/c/en/anechoic"],"weight":0.20418999999999987,"degrees":[45,41,1625,3218,33]},"num_concepts_raised":6338},{"base_id":834,"kind":"top_words","i1":0,"i2":4,"sol":{"path":["/c/en/majlis","/c/en/council","/c/en/law","/c/en/republish"],"weight":0.20303999999999978,"degrees":[45,618,3727,42]},"num_concepts_raised":7796},{"base_id":834,"kind":"top_words","i1":0,"i2":5,"sol":{"path":["/c/en/majlis","/c/en/parliament","/c/da/folketinget","/c/en/folketing"],"weight":0.21034999999999976,"degrees":[45,527,10,44]},"num_concepts_raised":5447},{"base_id":834,"kind":"top_words","i1":0,"i2":6,"sol":{"path":["/c/en/majlis","/c/en/assembly","/c/en/chamber"],"weight":0.20400000000000001,"degrees":[45,680,548]},"num_concepts_raised":513},{"base_id":834,"kind":"top_words","i1":0,"i2":7,"sol":{"path":["/c/en/majlis","/c/en/parliament"],"weight":0.20400000000000001,"degrees":[45,527]},"num_concepts_raised":378},{"base_id":834,"kind":"top_words","i1":0,"i2":8,"sol":{"path":["/c/en/majlis","/c/ar/مجلس","/c/en/body","/c/en/anatomy","/c/en/turbinate"],"weight":0.20529999999999982,"degrees":[45,41,3170,12775,41]},"num_concepts_raised":24591},{"base_id":834,"kind":"top_words","i1":0,"i2":9,"sol":{"path":["/c/en/majlis","/c/ar/مجلس","/c/en/board","/c/en/unit","/c/en/milli"],"weight":0.20446999999999996,"degrees":[45,41,1625,1582,47]},"num_concepts_raised":8990},{"base_id":834,"kind":"top_words","i1":1,"i2":2,"sol":{"path":["/c/en/unicameral","/c/fr/monocaméral","/c/fr/parlement","/c/en/duma"],"weight":0.2062399999999999,"degrees":[67,37,267,84]},"num_concepts_raised":10699},{"base_id":834,"kind":"top_words","i1":1,"i2":3,"sol":{"path":["/c/en/unicameral","/c/en/mkhedruli","/c/en/an","/c/en/anechoic"],"weight":0.20342999999999997,"degrees":[67,12,526,33]},"num_concepts_raised":8110},{"base_id":834,"kind":"top_words","i1":1,"i2":4,"sol":{"path":["/c/en/unicameral","/c/en/government","/c/en/law","/c/en/republish"],"weight":0.20356999999999986,"degrees":[67,2046,3727,42]},"num_concepts_raised":9517},{"base_id":834,"kind":"top_words","i1":1,"i2":5,"sol":{"path":["/c/en/unicameral","/c/en/unicameralism","/c/en/folketing"],"weight":0.20500000000000002,"degrees":[67,43,44]},"num_concepts_raised":88},{"base_id":834,"kind":"top_words","i1":1,"i2":6,"sol":{"path":["/c/en/unicameral","/c/en/chamber"],"weight":0.20400000000000001,"degrees":[67,548]},"num_concepts_raised":513},{"base_id":834,"kind":"top_words","i1":1,"i2":7,"sol":{"path":["/c/en/unicameral","/c/en/government","/c/en/parliament"],"weight":0.20400000000000001,"degrees":[67,2046,527]},"num_concepts_raised":398},{"base_id":834,"kind":"top_words","i1":1,"i2":8,"sol":{"path":["/c/en/unicameral","/c/en/chamber","/c/en/turbinal","/c/en/turbinate"],"weight":0.20473999999999992,"degrees":[67,548,30,41]},"num_concepts_raised":26349},{"base_id":834,"kind":"top_words","i1":1,"i2":9,"sol":{"path":["/c/en/unicameral","/c/fr/monocaméral","/c/fr/minuscule","/c/mul/m","/c/en/milli"],"weight":0.20583000000000004,"degrees":[67,37,372,140,47]},"num_concepts_raised":10770},{"base_id":834,"kind":"top_words","i1":2,"i2":3,"sol":{"path":["/c/en/duma","/c/mk/дума","/c/en/word","/c/en/sound","/c/en/anechoic"],"weight":0.2046599999999999,"degrees":[84,11,2436,3218,33]},"num_concepts_raised":10983},{"base_id":834,"kind":"top_words","i1":2,"i2":4,"sol":{"path":["/c/en/duma","/c/en/legislature","/c/en/law","/c/en/republish"],"weight":0.2035699999999998,"degrees":[84,314,3727,42]},"num_concepts_raised":12434},{"base_id":834,"kind":"top_words","i1":2,"i2":5,"sol":{"path":["/c/en/duma","/c/en/legislature","/c/en/folketing"],"weight":0.20400000000000001,"degrees":[84,314,44]},"num_concepts_raised":110},{"base_id":834,"kind":"top_words","i1":2,"i2":6,"sol":{"path":["/c/en/duma","/c/en/legislature","/c/en/chamber"],"weight":0.20400000000000001,"degrees":[84,314,548]},"num_concepts_raised":541},{"base_id":834,"kind":"top_words","i1":2,"i2":7,"sol":{"path":["/c/en/duma","/c/en/parliament"],"weight":0.20400000000000001,"degrees":[84,527]},"num_concepts_raised":418},{"base_id":834,"kind":"top_words","i1":2,"i2":8,"sol":{"path":["/c/en/duma","/c/en/wine","/c/en/nose","/c/en/turbinate_bone","/c/en/turbinate"],"weight":0.2057399999999998,"degrees":[84,1776,1561,30,41]},"num_concepts_raised":29234},{"base_id":834,"kind":"top_words","i1":2,"i2":9,"sol":{"path":["/c/en/duma","/c/fr/politique","/c/fr/système_international","/c/fr/milli","/c/en/milli"],"weight":0.20521999999999996,"degrees":[84,3449,738,93,47]},"num_concepts_raised":13637},{"base_id":834,"kind":"top_words","i1":3,"i2":4,"sol":{"path":["/c/en/anechoic","/c/en/echo","/c/en/voice","/c/en/publish","/c/en/republish"],"weight":0.20406999999999986,"degrees":[33,738,1403,548,42]},"num_concepts_raised":9677},{"base_id":834,"kind":"top_words","i1":3,"i2":5,"sol":{"path":["/c/en/anechoic","/c/en/sound","/c/en/solid","/c/en/politics","/c/en/folketing"],"weight":0.20808999999999983,"degrees":[33,3218,1304,3247,44]},"num_concepts_raised":7388},{"base_id":834,"kind":"top_words","i1":3,"i2":6,"sol":{"path":["/c/en/anechoic","/c/en/anacoustic","/c/en/space","/c/en/chamber"],"weight":0.21348999999999846,"degrees":[33,8,1852,548]},"num_concepts_raised":73793},{"base_id":834,"kind":"top_words","i1":3,"i2":7,"sol":{"path":["/c/en/anechoic","/c/en/sound","/c/en/british","/c/en/parliament"],"weight":0.2157400000000002,"degrees":[33,3218,3452,527]},"num_concepts_raised":40336},{"base_id":834,"kind":"top_words","i1":3,"i2":8,"sol":{"path":["/c/en/anechoic","/c/en/sound","/c/en/top","/c/en/turbinate"],"weight":0.20306999999999992,"degrees":[33,3218,1498,41]},"num_concepts_raised":26423},{"base_id":834,"kind":"top_words","i1":3,"i2":9,"sol":{"path":["/c/en/anechoic","/c/en/echo","/c/en/computing","/c/en/kilo","/c/en/milli"],"weight":0.20439000000000002,"degrees":[33,738,9084,166,47]},"num_concepts_raised":10842},{"base_id":834,"kind":"top_words","i1":4,"i2":5,"sol":{"path":["/c/en/republish","/c/en/law","/c/en/legislature","/c/en/folketing"],"weight":0.20795999999999973,"degrees":[42,3727,314,44]},"num_concepts_raised":8854},{"base_id":834,"kind":"top_words","i1":4,"i2":6,"sol":{"path":["/c/en/republish","/c/en/law","/c/en/chamber"],"weight":0.20400000000000001,"degrees":[42,3727,548]},"num_concepts_raised":506},{"base_id":834,"kind":"top_words","i1":4,"i2":7,"sol":{"path":["/c/en/republish","/c/en/publish","/c/en/republic","/c/en/parliament"],"weight":0.2165300000000001,"degrees":[42,548,709,527]},"num_concepts_raised":41465},{"base_id":834,"kind":"top_words","i1":4,"i2":8,"sol":{"path":["/c/en/republish","/c/en/publish","/c/en/post","/c/en/anatomy","/c/en/turbinate"],"weight":0.2050999999999998,"degrees":[42,548,1560,12775,41]},"num_concepts_raised":27941},{"base_id":834,"kind":"top_words","i1":4,"i2":9,"sol":{"path":["/c/en/republish","/c/en/publish","/c/en/internet","/c/en/unit","/c/en/milli"],"weight":0.20424999999999993,"degrees":[42,548,2994,1582,47]},"num_concepts_raised":12353},{"base_id":834,"kind":"top_words","i1":5,"i2":6,"sol":{"path":["/c/en/folketing","/c/en/legislature","/c/en/chamber"],"weight":0.20600000000000002,"degrees":[44,314,548]},"num_concepts_raised":513},{"base_id":834,"kind":"top_words","i1":5,"i2":7,"sol":{"path":["/c/en/folketing","/c/da/folketinget","/c/en/parliament"],"weight":0.20700000000000002,"degrees":[44,10,527]},"num_concepts_raised":394},{"base_id":834,"kind":"top_words","i1":5,"i2":8,"sol":{"path":["/c/en/folketing","/c/en/politics","/c/en/mentum","/c/en/anatomy","/c/en/turbinate"],"weight":0.20920999999999979,"degrees":[44,3247,47,12775,41]},"num_concepts_raised":25634},{"base_id":834,"kind":"top_words","i1":5,"i2":9,"sol":{"path":["/c/en/folketing","/c/en/politics","/c/ca/unitari","/c/en/unit","/c/en/milli"],"weight":0.2083599999999999,"degrees":[44,3247,17,1582,47]},"num_concepts_raised":10058},{"base_id":834,"kind":"top_words","i1":6,"i2":7,"sol":{"path":["/c/en/chamber","/c/it/camera","/c/en/parliament"],"weight":0.20700000000000002,"degrees":[548,49,527]},"num_concepts_raised":818},{"base_id":834,"kind":"top_words","i1":6,"i2":8,"sol":{"path":["/c/en/chamber","/c/en/turbinal","/c/en/turbinate"],"weight":0.20500000000000002,"degrees":[548,30,41]},"num_concepts_raised":507},{"base_id":834,"kind":"top_words","i1":6,"i2":9,"sol":{"path":["/c/en/chamber","/c/en/room","/c/en/unit","/c/en/milli"],"weight":0.21943999999999853,"degrees":[548,1788,1582,47]},"num_concepts_raised":76420},{"base_id":834,"kind":"top_words","i1":7,"i2":8,"sol":{"path":["/c/en/parliament","/c/en/british","/c/en/top","/c/en/turbinate"],"weight":0.21581000000000017,"degrees":[527,3452,1498,41]},"num_concepts_raised":58381},{"base_id":834,"kind":"top_words","i1":7,"i2":9,"sol":{"path":["/c/en/parliament","/c/en/member","/c/en/unit","/c/en/milli"],"weight":0.21607000000000026,"degrees":[527,1164,1582,47]},"num_concepts_raised":42866},{"base_id":834,"kind":"top_words","i1":8,"i2":9,"sol":{"path":["/c/en/turbinate","/c/en/turbinate_bone","/c/en/bone","/c/en/unit","/c/en/milli"],"weight":0.20547999999999997,"degrees":[41,30,2320,1582,47]},"num_concepts_raised":29096}]]