[[{"base_id":395,"kind":"bot_words","i1":0,"i2":1,"sol":{"path":["/c/en/dressing","/c/en/medicine","/c/en/music","/c/en/obbligato"],"weight":0.20621999999999924,"degrees":[317,11938,8822,25]},"num_concepts_raised":46998},{"base_id":395,"kind":"bot_words","i1":0,"i2":2,"sol":{"path":["/c/en/dressing","/c/en/medicine","/c/en/species","/c/en/fucus"],"weight":0.21142999999999917,"degrees":[317,11938,1659,47]},"num_concepts_raised":39181},{"base_id":395,"kind":"bot_words","i1":0,"i2":3,"sol":{"path":["/c/en/dressing","/c/en/protection","/c/fr/protection","/c/en/talos"],"weight":0.21099999999999913,"degrees":[317,829,336,37]},"num_concepts_raised":41027},{"base_id":395,"kind":"bot_words","i1":0,"i2":4,"sol":{"path":["/c/en/dressing","/c/en/sauce","/c/en/substance","/c/en/hydrogenation"],"weight":0.21339999999999915,"degrees":[317,861,1169,106]},"num_concepts_raised":60422},{"base_id":395,"kind":"bot_words","i1":0,"i2":5,"sol":{"path":["/c/en/dressing","/c/en/dress","/c/en/open","/c/en/undecided"],"weight":0.210339999999999,"degrees":[317,1674,2185,117]},"num_concepts_raised":55435},{"base_id":395,"kind":"bot_words","i1":0,"i2":6,"sol":{"path":["/c/en/dressing","/c/en/ranch","/c/en/country","/c/en/travancore"],"weight":0.21098999999999918,"degrees":[317,247,2796,30]},"num_concepts_raised":40539},{"base_id":395,"kind":"bot_words","i1":0,"i2":7,"sol":{"path":["/c/en/dressing","/c/en/covering","/c/en/egg","/c/en/avidin"],"weight":0.2124599999999992,"degrees":[317,704,1565,42]},"num_concepts_raised":53335},{"base_id":395,"kind":"bot_words","i1":0,"i2":8,"sol":{"path":["/c/en/dressing","/c/en/medicine","/c/la/collectio","/c/en/argumentation"],"weight":0.20698999999999904,"degrees":[317,11938,61,97]},"num_concepts_raised":42068},{"base_id":395,"kind":"bot_words","i1":0,"i2":9,"sol":{"path":["/c/en/dressing","/c/en/medicine","/c/en/show","/c/en/bravado"],"weight":0.20689999999999903,"degrees":[317,11938,1871,90]},"num_concepts_raised":41715},{"base_id":395,"kind":"bot_words","i1":1,"i2":2,"sol":{"path":["/c/en/obbligato","/c/en/range","/c/en/species","/c/en/fucus"],"weight":0.20785999999999988,"degrees":[25,1025,1659,47]},"num_concepts_raised":12410},{"base_id":395,"kind":"bot_words","i1":1,"i2":3,"sol":{"path":["/c/en/obbligato","/c/en/section","/c/fr/militaire","/c/en/talos"],"weight":0.20769999999999983,"degrees":[25,918,3113,37]},"num_concepts_raised":14295},{"base_id":395,"kind":"bot_words","i1":1,"i2":4,"sol":{"path":["/c/en/obbligato","/c/en/music","/c/en/air","/c/en/hydrogen","/c/en/hydrogenation"],"weight":0.21093999999999982,"degrees":[25,8822,1965,2639,106]},"num_concepts_raised":34434},{"base_id":395,"kind":"bot_words","i1":1,"i2":5,"sol":{"path":["/c/en/obbligato","/c/en/music","/c/en/open","/c/en/undecided"],"weight":0.20479999999999965,"degrees":[25,8822,2185,117]},"num_concepts_raised":29055},{"base_id":395,"kind":"bot_words","i1":1,"i2":6,"sol":{"path":["/c/en/obbligato","/c/en/music","/c/en/country","/c/en/travancore"],"weight":0.20778999999999984,"degrees":[25,8822,2796,30]},"num_concepts_raised":13849},{"base_id":395,"kind":"bot_words","i1":1,"i2":7,"sol":{"path":["/c/en/obbligato","/c/en/range","/c/en/biology","/c/en/avidin"],"weight":0.2078199999999999,"degrees":[25,1025,6216,42]},"num_concepts_raised":27103},{"base_id":395,"kind":"bot_words","i1":1,"i2":8,"sol":{"path":["/c/en/obbligato","/c/en/range","/c/en/line","/c/en/argumentation"],"weight":0.20349999999999974,"degrees":[25,1025,3018,97]},"num_concepts_raised":15368},{"base_id":395,"kind":"bot_words","i1":1,"i2":9,"sol":{"path":["/c/en/obbligato","/c/en/music","/c/en/false","/c/en/bravado"],"weight":0.2034599999999997,"degrees":[25,8822,970,90]},"num_concepts_raised":14975},{"base_id":395,"kind":"bot_words","i1":2,"i2":3,"sol":{"path":["/c/en/fucus","/c/la/fucus","/c/en/drone","/c/fr/militaire","/c/en/talos"],"weight":0.21511999999999976,"degrees":[47,55,399,3113,37]},"num_concepts_raised":6030},{"base_id":395,"kind":"bot_words","i1":2,"i2":4,"sol":{"path":["/c/en/fucus","/c/en/fucusol","/c/en/organic_compound","/c/en/hydrogenation"],"weight":0.21402999999999978,"degrees":[47,8,7764,106]},"num_concepts_raised":26187},{"base_id":395,"kind":"bot_words","i1":2,"i2":5,"sol":{"path":["/c/en/fucus","/c/la/fucus","/c/en/male","/c/en/person","/c/en/undecided"],"weight":0.2110099999999996,"degrees":[47,55,2222,12935,117]},"num_concepts_raised":20905},{"base_id":395,"kind":"bot_words","i1":2,"i2":6,"sol":{"path":["/c/en/fucus","/c/en/species","/c/en/kingdom","/c/en/travancore"],"weight":0.2129899999999998,"degrees":[47,1659,789,30]},"num_concepts_raised":5595},{"base_id":395,"kind":"bot_words","i1":2,"i2":7,"sol":{"path":["/c/en/fucus","/c/en/species","/c/en/biology","/c/en/avidin"],"weight":0.2131699999999998,"degrees":[47,1659,6216,42]},"num_concepts_raised":18666},{"base_id":395,"kind":"bot_words","i1":2,"i2":8,"sol":{"path":["/c/en/fucus","/c/en/species","/c/en/parameter","/c/en/argument","/c/en/argumentation"],"weight":0.21207999999999966,"degrees":[47,1659,304,881,97]},"num_concepts_raised":7237},{"base_id":395,"kind":"bot_words","i1":2,"i2":9,"sol":{"path":["/c/en/fucus","/c/la/fucus","/c/en/sham","/c/en/false","/c/en/bravado"],"weight":0.21073999999999965,"degrees":[47,55,159,970,90]},"num_concepts_raised":6752},{"base_id":395,"kind":"bot_words","i1":3,"i2":4,"sol":{"path":["/c/en/talos","/c/fr/capteur","/c/fr/chimie","/c/fr/hydrogénation","/c/en/hydrogenation"],"weight":0.21796999999999972,"degrees":[37,91,9652,27,106]},"num_concepts_raised":28159},{"base_id":395,"kind":"bot_words","i1":3,"i2":5,"sol":{"path":["/c/en/talos","/c/fr/armée","/c/fr/ouvert","/c/en/open","/c/en/undecided"],"weight":0.20992999999999956,"degrees":[37,554,304,2185,117]},"num_concepts_raised":22841},{"base_id":395,"kind":"bot_words","i1":3,"i2":6,"sol":{"path":["/c/en/talos","/c/fr/armée","/c/en/military","/c/en/country","/c/en/travancore"],"weight":0.21288999999999975,"degrees":[37,554,5690,2796,30]},"num_concepts_raised":7521},{"base_id":395,"kind":"bot_words","i1":3,"i2":7,"sol":{"path":["/c/en/talos","/c/fr/militaire","/c/en/shell","/c/en/egg","/c/en/avidin"],"weight":0.21310999999999977,"degrees":[37,3113,1513,1565,42]},"num_concepts_raised":20871},{"base_id":395,"kind":"bot_words","i1":3,"i2":8,"sol":{"path":["/c/en/talos","/c/fr/militaire","/c/en/fight","/c/en/argument","/c/en/argumentation"],"weight":0.2119399999999996,"degrees":[37,3113,1902,881,97]},"num_concepts_raised":9136},{"base_id":395,"kind":"bot_words","i1":3,"i2":9,"sol":{"path":["/c/en/talos","/c/fr/actionneur","/c/fr/action","/c/fr/bravade","/c/en/bravado"],"weight":0.2115799999999996,"degrees":[37,45,4713,33,90]},"num_concepts_raised":8663},{"base_id":395,"kind":"bot_words","i1":4,"i2":5,"sol":{"path":["/c/en/hydrogenation","/c/en/chemistry","/c/en/weak","/c/en/undecided"],"weight":0.21000999999999956,"degrees":[106,11754,1282,117]},"num_concepts_raised":42953},{"base_id":395,"kind":"bot_words","i1":4,"i2":6,"sol":{"path":["/c/en/hydrogenation","/c/en/hydrogen","/c/en/prime","/c/en/country","/c/en/travancore"],"weight":0.21589999999999976,"degrees":[106,2639,485,2796,30]},"num_concepts_raised":27748},{"base_id":395,"kind":"bot_words","i1":4,"i2":7,"sol":{"path":["/c/en/hydrogenation","/c/en/chemistry","/c/en/biology","/c/en/avidin"],"weight":0.21422999999999978,"degrees":[106,11754,6216,42]},"num_concepts_raised":40711},{"base_id":395,"kind":"bot_words","i1":4,"i2":8,"sol":{"path":["/c/en/hydrogenation","/c/en/dehydrogenation","/c/en/process","/c/en/argument","/c/en/argumentation"],"weight":0.2149699999999996,"degrees":[106,35,1571,881,97]},"num_concepts_raised":29311},{"base_id":395,"kind":"bot_words","i1":4,"i2":9,"sol":{"path":["/c/en/hydrogenation","/c/en/hydrogen","/c/en/equivalence","/c/en/false","/c/en/bravado"],"weight":0.2115799999999996,"degrees":[106,2639,121,970,90]},"num_concepts_raised":28877},{"base_id":395,"kind":"bot_words","i1":5,"i2":6,"sol":{"path":["/c/en/undecided","/c/en/open","/c/en/country","/c/en/travancore"],"weight":0.20977999999999958,"degrees":[117,2185,2796,30]},"num_concepts_raised":22334},{"base_id":395,"kind":"bot_words","i1":5,"i2":7,"sol":{"path":["/c/en/undecided","/c/en/person","/c/en/egg","/c/en/avidin"],"weight":0.20899999999999963,"degrees":[117,12935,1565,42]},"num_concepts_raised":35586},{"base_id":395,"kind":"bot_words","i1":5,"i2":8,"sol":{"path":["/c/en/undecided","/c/en/person","/c/en/argument","/c/en/argumentation"],"weight":0.20776999999999946,"degrees":[117,12935,881,97]},"num_concepts_raised":23916},{"base_id":395,"kind":"bot_words","i1":5,"i2":9,"sol":{"path":["/c/en/undecided","/c/en/person","/c/en/courage","/c/en/bravado"],"weight":0.20451999999999945,"degrees":[117,12935,825,90]},"num_concepts_raised":23423},{"base_id":395,"kind":"bot_words","i1":6,"i2":7,"sol":{"path":["/c/en/travancore","/c/en/country","/c/en/chicken","/c/en/protein","/c/en/avidin"],"weight":0.2151399999999998,"degrees":[30,2796,1689,3124,42]},"num_concepts_raised":20391},{"base_id":395,"kind":"bot_words","i1":6,"i2":8,"sol":{"path":["/c/en/travancore","/c/en/country","/c/en/domain","/c/en/argument","/c/en/argumentation"],"weight":0.21183999999999964,"degrees":[30,2796,559,881,97]},"num_concepts_raised":8712},{"base_id":395,"kind":"bot_words","i1":6,"i2":9,"sol":{"path":["/c/en/travancore","/c/en/country","/c/en/land","/c/en/brave","/c/en/bravado"],"weight":0.20857999999999965,"degrees":[30,2796,2465,903,90]},"num_concepts_raised":8249},{"base_id":395,"kind":"bot_words","i1":7,"i2":8,"sol":{"path":["/c/en/avidin","/c/en/protein","/c/en/domain","/c/en/argument","/c/en/argumentation"],"weight":0.21410999999999966,"degrees":[42,3124,559,881,97]},"num_concepts_raised":22017},{"base_id":395,"kind":"bot_words","i1":7,"i2":9,"sol":{"path":["/c/en/avidin","/c/en/protein","/c/en/chicken","/c/en/brave","/c/en/bravado"],"weight":0.21089999999999967,"degrees":[42,3124,1689,903,90]},"num_concepts_raised":21567},{"base_id":395,"kind":"bot_words","i1":8,"i2":9,"sol":{"path":["/c/en/argumentation","/c/fr/argumentation","/c/fr/action","/c/fr/bravade","/c/en/bravado"],"weight":0.2095199999999995,"degrees":[97,56,4713,33,90]},"num_concepts_raised":9821}],[{"base_id":395,"kind":"top_words","i1":0,"i2":1,"sol":{"path":["/c/en/osteoarthritis","/c/en/arthritis","/c/en/person","/c/en/credible","/c/en/credulity"],"weight":0.20966999999999972,"degrees":[125,244,12935,150,61]},"num_concepts_raised":13319},{"base_id":395,"kind":"top_words","i1":0,"i2":2,"sol":{"path":["/c/en/osteoarthritis","/c/en/pathology","/c/en/varicose_vein","/c/en/dilate"],"weight":0.21024999999999952,"degrees":[125,5554,57,127]},"num_concepts_raised":13421},{"base_id":395,"kind":"top_words","i1":0,"i2":3,"sol":{"path":["/c/en/osteoarthritis","/c/en/disease","/c/en/scar","/c/en/plowshare"],"weight":0.21036999999999967,"degrees":[125,4216,510,116]},"num_concepts_raised":15895},{"base_id":395,"kind":"top_words","i1":0,"i2":4,"sol":{"path":["/c/en/osteoarthritis","/c/en/pathology","/c/vi/căn","/c/en/arithmetic","/c/en/tetration"],"weight":0.21423999999999963,"degrees":[125,5554,10,798,38]},"num_concepts_raised":11188},{"base_id":395,"kind":"top_words","i1":0,"i2":5,"sol":{"path":["/c/en/osteoarthritis","/c/fr/arthrose","/c/fr/médecine","/c/en/recover","/c/en/retrievable"],"weight":0.21322999999999978,"degrees":[125,39,9990,556,25]},"num_concepts_raised":10466},{"base_id":395,"kind":"top_words","i1":0,"i2":6,"sol":{"path":["/c/en/osteoarthritis","/c/en/disease","/c/en/cleft","/c/en/cloven"],"weight":0.20939999999999964,"degrees":[125,4216,251,45]},"num_concepts_raised":12904},{"base_id":395,"kind":"top_words","i1":0,"i2":7,"sol":{"path":["/c/en/osteoarthritis","/c/en/disease","/c/en/black","/c/en/smutty"],"weight":0.2091699999999997,"degrees":[125,4216,1965,36]},"num_concepts_raised":13182},{"base_id":395,"kind":"top_words","i1":0,"i2":8,"sol":{"path":["/c/en/osteoarthritis","/c/en/disease","/c/en/trouble","/c/en/steadfastness"],"weight":0.2095699999999996,"degrees":[125,4216,1456,76]},"num_concepts_raised":13102},{"base_id":395,"kind":"top_words","i1":0,"i2":9,"sol":{"path":["/c/en/osteoarthritis","/c/en/disease","/c/en/wound","/c/en/lacerate"],"weight":0.20976999999999954,"degrees":[125,4216,1252,83]},"num_concepts_raised":23604},{"base_id":395,"kind":"top_words","i1":1,"i2":2,"sol":{"path":["/c/en/credulity","/c/en/gullibility","/c/en/extent","/c/en/expand","/c/en/dilate"],"weight":0.20594999999999972,"degrees":[61,57,474,542,127]},"num_concepts_raised":7220},{"base_id":395,"kind":"top_words","i1":1,"i2":3,"sol":{"path":["/c/en/credulity","/c/en/absence","/c/en/blade","/c/en/plowshare"],"weight":0.20456999999999986,"degrees":[61,491,974,116]},"num_concepts_raised":9651},{"base_id":395,"kind":"top_words","i1":1,"i2":4,"sol":{"path":["/c/en/credulity","/c/en/creed","/c/grc/μάθημα","/c/en/arithmetic","/c/en/tetration"],"weight":0.20937999999999982,"degrees":[61,287,12,798,38]},"num_concepts_raised":4945},{"base_id":395,"kind":"top_words","i1":1,"i2":5,"sol":{"path":["/c/en/credulity","/c/en/proof","/c/en/pull","/c/en/retrieve","/c/en/retrievable"],"weight":0.20418999999999998,"degrees":[61,766,1147,172,25]},"num_concepts_raised":4234},{"base_id":395,"kind":"top_words","i1":1,"i2":6,"sol":{"path":["/c/en/credulity","/c/fr/crédulité","/c/fr/léger","/c/fr/fourchu","/c/en/cloven"],"weight":0.20651999999999987,"degrees":[61,49,550,48,45]},"num_concepts_raised":6675},{"base_id":395,"kind":"top_words","i1":1,"i2":7,"sol":{"path":["/c/en/credulity","/c/en/absence","/c/en/black","/c/en/smutty"],"weight":0.20326999999999987,"degrees":[61,491,1965,36]},"num_concepts_raised":6959},{"base_id":395,"kind":"top_words","i1":1,"i2":8,"sol":{"path":["/c/en/credulity","/c/en/trust","/c/en/loyalty","/c/en/steadfastness"],"weight":0.2037999999999998,"degrees":[61,917,303,76]},"num_concepts_raised":6857},{"base_id":395,"kind":"top_words","i1":1,"i2":9,"sol":{"path":["/c/en/credulity","/c/en/absence","/c/en/cut","/c/en/lacerate"],"weight":0.20383999999999974,"degrees":[61,491,2951,83]},"num_concepts_raised":17438},{"base_id":395,"kind":"top_words","i1":2,"i2":3,"sol":{"path":["/c/en/dilate","/c/en/presentation","/c/en/blade","/c/en/plowshare"],"weight":0.20526999999999967,"degrees":[127,474,974,116]},"num_concepts_raised":9759},{"base_id":395,"kind":"top_words","i1":2,"i2":4,"sol":{"path":["/c/en/dilate","/c/en/expand","/c/en/arithmetic","/c/en/tetration"],"weight":0.20934999999999962,"degrees":[127,542,798,38]},"num_concepts_raised":5074},{"base_id":395,"kind":"top_words","i1":2,"i2":5,"sol":{"path":["/c/en/dilate","/c/la/dis","/c/en/difficult","/c/en/retrieve","/c/en/retrievable"],"weight":0.20486999999999977,"degrees":[127,224,1189,172,25]},"num_concepts_raised":4366},{"base_id":395,"kind":"top_words","i1":2,"i2":6,"sol":{"path":["/c/en/dilate","/c/en/dilute","/c/en/cut","/c/en/cleave","/c/en/cloven"],"weight":0.20628999999999964,"degrees":[127,272,2951,321,45]},"num_concepts_raised":6796},{"base_id":395,"kind":"top_words","i1":2,"i2":7,"sol":{"path":["/c/en/dilate","/c/en/expand","/c/en/change","/c/en/dirty","/c/en/smutty"],"weight":0.20549999999999968,"degrees":[127,542,3383,1239,36]},"num_concepts_raised":7094},{"base_id":395,"kind":"top_words","i1":2,"i2":8,"sol":{"path":["/c/en/dilate","/c/la/dis","/c/en/difficulty","/c/en/steadfastness"],"weight":0.20436999999999958,"degrees":[127,224,751,76]},"num_concepts_raised":7024},{"base_id":395,"kind":"top_words","i1":2,"i2":9,"sol":{"path":["/c/en/dilate","/c/en/dilute","/c/en/cut","/c/en/lacerate"],"weight":0.20555999999999952,"degrees":[127,272,2951,83]},"num_concepts_raised":17514},{"base_id":395,"kind":"top_words","i1":3,"i2":4,"sol":{"path":["/c/en/plowshare","/c/en/share","/c/cs/podíl","/c/en/arithmetic","/c/en/tetration"],"weight":0.21241999999999978,"degrees":[116,1177,24,798,38]},"num_concepts_raised":7504},{"base_id":395,"kind":"top_words","i1":3,"i2":5,"sol":{"path":["/c/en/plowshare","/c/en/plow","/c/en/cover","/c/en/recover","/c/en/retrievable"],"weight":0.20630999999999994,"degrees":[116,600,2802,556,25]},"num_concepts_raised":6807},{"base_id":395,"kind":"top_words","i1":3,"i2":6,"sol":{"path":["/c/en/plowshare","/c/en/share","/c/en/split","/c/en/cloven"],"weight":0.20762999999999981,"degrees":[116,1177,892,45]},"num_concepts_raised":9160},{"base_id":395,"kind":"top_words","i1":3,"i2":7,"sol":{"path":["/c/en/plowshare","/c/en/share","/c/en/computing","/c/en/dirty","/c/en/smutty"],"weight":0.20849999999999985,"degrees":[116,1177,9084,1239,36]},"num_concepts_raised":9507},{"base_id":395,"kind":"top_words","i1":3,"i2":8,"sol":{"path":["/c/en/plowshare","/c/en/share","/c/en/part","/c/en/resolution","/c/en/steadfastness"],"weight":0.20789999999999975,"degrees":[116,1177,2528,450,76]},"num_concepts_raised":9462},{"base_id":395,"kind":"top_words","i1":3,"i2":9,"sol":{"path":["/c/en/plowshare","/c/en/share","/c/en/cut","/c/en/lacerate"],"weight":0.20810999999999968,"degrees":[116,1177,2951,83]},"num_concepts_raised":19695},{"base_id":395,"kind":"top_words","i1":4,"i2":5,"sol":{"path":["/c/en/tetration","/c/en/arithmetic","/c/bg/извлека","/c/en/retrieve","/c/en/retrievable"],"weight":0.20884999999999987,"degrees":[38,798,17,172,25]},"num_concepts_raised":2075},{"base_id":395,"kind":"top_words","i1":4,"i2":6,"sol":{"path":["/c/en/tetration","/c/en/arithmetic","/c/en/to","/c/en/cleave","/c/en/cloven"],"weight":0.20918999999999977,"degrees":[38,798,1535,321,45]},"num_concepts_raised":4512},{"base_id":395,"kind":"top_words","i1":4,"i2":7,"sol":{"path":["/c/en/tetration","/c/en/operator","/c/en/computing","/c/en/dirty","/c/en/smutty"],"weight":0.2089999999999998,"degrees":[38,473,9084,1239,36]},"num_concepts_raised":4809},{"base_id":395,"kind":"top_words","i1":4,"i2":8,"sol":{"path":["/c/en/tetration","/c/en/arithmetic","/c/en/problem","/c/en/resolution","/c/en/steadfastness"],"weight":0.20840999999999968,"degrees":[38,798,950,450,76]},"num_concepts_raised":4749},{"base_id":395,"kind":"top_words","i1":4,"i2":9,"sol":{"path":["/c/en/tetration","/c/en/arithmetic","/c/pt/dividir","/c/en/tear","/c/en/lacerate"],"weight":0.20860999999999963,"degrees":[38,798,131,1291,83]},"num_concepts_raised":15297},{"base_id":395,"kind":"top_words","i1":5,"i2":6,"sol":{"path":["/c/en/retrievable","/c/en/retrieve","/c/en/sports","/c/en/split","/c/en/cloven"],"weight":0.2040599999999999,"degrees":[25,172,3417,892,45]},"num_concepts_raised":3810},{"base_id":395,"kind":"top_words","i1":5,"i2":7,"sol":{"path":["/c/en/retrievable","/c/en/retrieve","/c/en/memory","/c/en/dirty","/c/en/smutty"],"weight":0.2049499999999999,"degrees":[25,172,1133,1239,36]},"num_concepts_raised":4094},{"base_id":395,"kind":"top_words","i1":5,"i2":8,"sol":{"path":["/c/en/retrievable","/c/en/retrieve","/c/en/game","/c/en/trouble","/c/en/steadfastness"],"weight":0.20429999999999982,"degrees":[25,172,2308,1456,76]},"num_concepts_raised":4033},{"base_id":395,"kind":"top_words","i1":5,"i2":9,"sol":{"path":["/c/en/retrievable","/c/en/retrieve","/c/en/sports","/c/en/cut","/c/en/lacerate"],"weight":0.20448999999999978,"degrees":[25,172,3417,2951,83]},"num_concepts_raised":14591},{"base_id":395,"kind":"top_words","i1":6,"i2":7,"sol":{"path":["/c/en/cloven","/c/en/pig","/c/en/dirty","/c/en/smutty"],"weight":0.2041699999999998,"degrees":[45,1398,1239,36]},"num_concepts_raised":6394},{"base_id":395,"kind":"top_words","i1":6,"i2":8,"sol":{"path":["/c/en/cloven","/c/en/cleave","/c/en/fast","/c/en/steadfast","/c/en/steadfastness"],"weight":0.20560999999999974,"degrees":[45,321,1390,211,76]},"num_concepts_raised":6467},{"base_id":395,"kind":"top_words","i1":6,"i2":9,"sol":{"path":["/c/en/cloven","/c/en/cleave","/c/en/tear","/c/en/lacerate"],"weight":0.20490999999999968,"degrees":[45,321,1291,83]},"num_concepts_raised":16815},{"base_id":395,"kind":"top_words","i1":7,"i2":8,"sol":{"path":["/c/en/smutty","/c/en/dirty","/c/fr/permanent","/c/en/steadfast","/c/en/steadfastness"],"weight":0.20546999999999976,"degrees":[36,1239,254,211,76]},"num_concepts_raised":6755},{"base_id":395,"kind":"top_words","i1":7,"i2":9,"sol":{"path":["/c/en/smutty","/c/en/dirty","/c/en/slang","/c/en/tear","/c/en/lacerate"],"weight":0.2047899999999997,"degrees":[36,1239,16318,1291,83]},"num_concepts_raised":17288},{"base_id":395,"kind":"top_words","i1":8,"i2":9,"sol":{"path":["/c/en/steadfastness","/c/ar/صبر","/c/en/botany","/c/en/lacerate"],"weight":0.2037799999999996,"degrees":[76,104,6881,83]},"num_concepts_raised":17190}]]