[[{"base_id":232,"kind":"bot_words","i1":0,"i2":1,"sol":{"path":["/c/en/congratulations","/c/en/person","/c/en/chanakya"],"weight":0.20500000000000002,"degrees":[192,12935,80]},"num_concepts_raised":227},{"base_id":232,"kind":"bot_words","i1":0,"i2":2,"sol":{"path":["/c/en/congratulations","/c/en/praise","/c/en/puff","/c/en/cloud","/c/en/billowing"],"weight":0.2061499999999998,"degrees":[192,1148,440,1642,37]},"num_concepts_raised":18349},{"base_id":232,"kind":"bot_words","i1":0,"i2":3,"sol":{"path":["/c/en/congratulations","/c/en/person","/c/en/imbecile"],"weight":0.202,"degrees":[192,12935,139]},"num_concepts_raised":266},{"base_id":232,"kind":"bot_words","i1":0,"i2":4,"sol":{"path":["/c/en/congratulations","/c/en/praise","/c/en/acclaim","/c/en/big_up","/c/en/overemphasize"],"weight":0.20590999999999987,"degrees":[192,1148,185,33,25]},"num_concepts_raised":15947},{"base_id":232,"kind":"bot_words","i1":0,"i2":5,"sol":{"path":["/c/en/congratulations","/c/en/praise","/c/en/fine","/c/en/spray","/c/en/spraying"],"weight":0.20719999999999977,"degrees":[192,1148,1351,512,44]},"num_concepts_raised":17431},{"base_id":232,"kind":"bot_words","i1":0,"i2":6,"sol":{"path":["/c/en/congratulations","/c/en/person","/c/en/frail"],"weight":0.202,"degrees":[192,12935,261]},"num_concepts_raised":359},{"base_id":232,"kind":"bot_words","i1":0,"i2":7,"sol":{"path":["/c/en/congratulations","/c/en/person","/c/en/object","/c/en/devising"],"weight":0.20522999999999975,"degrees":[192,12935,1642,64]},"num_concepts_raised":23232},{"base_id":232,"kind":"bot_words","i1":0,"i2":8,"sol":{"path":["/c/en/congratulations","/c/en/person","/c/en/stick","/c/en/sticking"],"weight":0.20603999999999983,"degrees":[192,12935,2046,37]},"num_concepts_raised":21220},{"base_id":232,"kind":"bot_words","i1":0,"i2":9,"sol":{"path":["/c/en/congratulations","/c/en/person","/c/en/lesbian","/c/en/sapphic"],"weight":0.2076499999999999,"degrees":[192,12935,380,56]},"num_concepts_raised":18211},{"base_id":232,"kind":"bot_words","i1":1,"i2":2,"sol":{"path":["/c/en/chanakya","/c/en/person","/c/en/dirty","/c/en/stormy","/c/en/billowing"],"weight":0.2113799999999996,"degrees":[80,12935,1239,194,37]},"num_concepts_raised":18102},{"base_id":232,"kind":"bot_words","i1":1,"i2":3,"sol":{"path":["/c/en/chanakya","/c/en/person","/c/en/imbecile"],"weight":0.20500000000000002,"degrees":[80,12935,139]},"num_concepts_raised":194},{"base_id":232,"kind":"bot_words","i1":1,"i2":4,"sol":{"path":["/c/en/chanakya","/c/en/person","/c/en/weight","/c/en/emphasize","/c/en/overemphasize"],"weight":0.21024999999999966,"degrees":[80,12935,1498,213,25]},"num_concepts_raised":15701},{"base_id":232,"kind":"bot_words","i1":1,"i2":5,"sol":{"path":["/c/en/chanakya","/c/en/person","/c/en/water","/c/en/spray","/c/en/spraying"],"weight":0.21155999999999958,"degrees":[80,12935,4606,512,44]},"num_concepts_raised":17181},{"base_id":232,"kind":"bot_words","i1":1,"i2":6,"sol":{"path":["/c/en/chanakya","/c/en/person","/c/en/frail"],"weight":0.20500000000000002,"degrees":[80,12935,261]},"num_concepts_raised":287},{"base_id":232,"kind":"bot_words","i1":1,"i2":7,"sol":{"path":["/c/en/chanakya","/c/en/person","/c/en/object","/c/en/devising"],"weight":0.21065999999999951,"degrees":[80,12935,1642,64]},"num_concepts_raised":23005},{"base_id":232,"kind":"bot_words","i1":1,"i2":8,"sol":{"path":["/c/en/chanakya","/c/en/person","/c/en/stick","/c/en/sticking"],"weight":0.2114699999999996,"degrees":[80,12935,2046,37]},"num_concepts_raised":20959},{"base_id":232,"kind":"bot_words","i1":1,"i2":9,"sol":{"path":["/c/en/chanakya","/c/en/person","/c/en/lesbian","/c/en/sapphic"],"weight":0.2130799999999997,"degrees":[80,12935,380,56]},"num_concepts_raised":17975},{"base_id":232,"kind":"bot_words","i1":2,"i2":3,"sol":{"path":["/c/en/billowing","/c/en/smoke","/c/en/stupid","/c/en/imbecilic","/c/en/imbecile"],"weight":0.20658999999999964,"degrees":[37,1757,1502,36,139]},"num_concepts_raised":26607},{"base_id":232,"kind":"bot_words","i1":2,"i2":4,"sol":{"path":["/c/en/billowing","/c/en/cloud","/c/en/feature","/c/en/emphasis","/c/en/overemphasize"],"weight":0.20276999999999984,"degrees":[37,1642,763,292,25]},"num_concepts_raised":3668},{"base_id":232,"kind":"bot_words","i1":2,"i2":5,"sol":{"path":["/c/en/billowing","/c/en/cloud","/c/en/mist","/c/en/spray","/c/en/spraying"],"weight":0.20413999999999977,"degrees":[37,1642,750,512,44]},"num_concepts_raised":5146},{"base_id":232,"kind":"bot_words","i1":2,"i2":6,"sol":{"path":["/c/en/billowing","/c/en/smoke","/c/en/break","/c/en/frail"],"weight":0.20715999999999954,"degrees":[37,1757,2938,261]},"num_concepts_raised":50377},{"base_id":232,"kind":"bot_words","i1":2,"i2":7,"sol":{"path":["/c/en/billowing","/c/en/cloud","/c/en/making","/c/en/devising"],"weight":0.2032899999999997,"degrees":[37,1642,529,64]},"num_concepts_raised":11157},{"base_id":232,"kind":"bot_words","i1":2,"i2":8,"sol":{"path":["/c/en/billowing","/c/en/cloud","/c/en/slang","/c/en/stick","/c/en/sticking"],"weight":0.20405999999999977,"degrees":[37,1642,16318,2046,37]},"num_concepts_raised":8989},{"base_id":232,"kind":"bot_words","i1":2,"i2":9,"sol":{"path":["/c/en/billowing","/c/en/cloud","/c/en/fluff","/c/en/lesbian","/c/en/sapphic"],"weight":0.20557999999999985,"degrees":[37,1642,238,380,56]},"num_concepts_raised":5982},{"base_id":232,"kind":"bot_words","i1":3,"i2":4,"sol":{"path":["/c/en/imbecile","/c/en/idiot","/c/en/slang","/c/en/big_up","/c/en/overemphasize"],"weight":0.20465999999999968,"degrees":[139,1029,16318,33,25]},"num_concepts_raised":24232},{"base_id":232,"kind":"bot_words","i1":3,"i2":5,"sol":{"path":["/c/en/imbecile","/c/en/idiot","/c/en/medicine","/c/en/spray","/c/en/spraying"],"weight":0.2058699999999996,"degrees":[139,1029,11938,512,44]},"num_concepts_raised":25701},{"base_id":232,"kind":"bot_words","i1":3,"i2":6,"sol":{"path":["/c/en/imbecile","/c/en/weak","/c/en/frail"],"weight":0.20400000000000001,"degrees":[139,1282,261]},"num_concepts_raised":324},{"base_id":232,"kind":"bot_words","i1":3,"i2":7,"sol":{"path":["/c/en/imbecile","/c/en/capacity","/c/en/production","/c/en/devising"],"weight":0.20454999999999957,"degrees":[139,722,852,64]},"num_concepts_raised":31393},{"base_id":232,"kind":"bot_words","i1":3,"i2":8,"sol":{"path":["/c/en/imbecile","/c/en/person","/c/en/stick","/c/en/sticking"],"weight":0.20528999999999964,"degrees":[139,12935,2046,37]},"num_concepts_raised":29449},{"base_id":232,"kind":"bot_words","i1":3,"i2":9,"sol":{"path":["/c/en/imbecile","/c/en/person","/c/en/lesbian","/c/en/sapphic"],"weight":0.2068999999999997,"degrees":[139,12935,380,56]},"num_concepts_raised":26421},{"base_id":232,"kind":"bot_words","i1":4,"i2":5,"sol":{"path":["/c/en/overemphasize","/c/en/emphasize","/c/en/press","/c/en/application","/c/en/spraying"],"weight":0.2027599999999998,"degrees":[25,213,1438,799,44]},"num_concepts_raised":2713},{"base_id":232,"kind":"bot_words","i1":4,"i2":6,"sol":{"path":["/c/en/overemphasize","/c/en/overstress","/c/en/break","/c/en/frail"],"weight":0.20694999999999958,"degrees":[25,13,2938,261]},"num_concepts_raised":48133},{"base_id":232,"kind":"bot_words","i1":4,"i2":7,"sol":{"path":["/c/en/overemphasize","/c/en/big_up","/c/en/mass","/c/en/production","/c/en/devising"],"weight":0.20313999999999977,"degrees":[25,33,1639,852,64]},"num_concepts_raised":8767},{"base_id":232,"kind":"bot_words","i1":4,"i2":8,"sol":{"path":["/c/en/overemphasize","/c/en/big_up","/c/en/slang","/c/en/stick","/c/en/sticking"],"weight":0.20382999999999982,"degrees":[25,33,16318,2046,37]},"num_concepts_raised":6582},{"base_id":232,"kind":"bot_words","i1":4,"i2":9,"sol":{"path":["/c/en/overemphasize","/c/en/emphasize","/c/en/accent","/c/en/poetry","/c/en/sapphic"],"weight":0.20417999999999992,"degrees":[25,213,480,1176,56]},"num_concepts_raised":3530},{"base_id":232,"kind":"bot_words","i1":5,"i2":6,"sol":{"path":["/c/en/spraying","/c/en/army_golf","/c/en/slang","/c/en/frail"],"weight":0.20585999999999952,"degrees":[44,10,16318,261]},"num_concepts_raised":49549},{"base_id":232,"kind":"bot_words","i1":5,"i2":7,"sol":{"path":["/c/en/spraying","/c/en/spray","/c/en/metalworking","/c/en/fashioning","/c/en/devising"],"weight":0.20527999999999968,"degrees":[44,512,131,34,64]},"num_concepts_raised":10198},{"base_id":232,"kind":"bot_words","i1":5,"i2":8,"sol":{"path":["/c/en/spraying","/c/en/spray","/c/en/sequence","/c/en/sticking"],"weight":0.20396999999999976,"degrees":[44,512,807,37]},"num_concepts_raised":8037},{"base_id":232,"kind":"bot_words","i1":5,"i2":9,"sol":{"path":["/c/en/spraying","/c/en/flowing","/c/en/art","/c/en/poetry","/c/en/sapphic"],"weight":0.20432999999999985,"degrees":[44,259,1987,1176,56]},"num_concepts_raised":5033},{"base_id":232,"kind":"bot_words","i1":6,"i2":7,"sol":{"path":["/c/en/frail","/c/en/break","/c/en/will","/c/en/devising"],"weight":0.20742999999999945,"degrees":[261,2938,1057,64]},"num_concepts_raised":55031},{"base_id":232,"kind":"bot_words","i1":6,"i2":8,"sol":{"path":["/c/en/frail","/c/en/slang","/c/en/stick","/c/en/sticking"],"weight":0.20698999999999954,"degrees":[261,16318,2046,37]},"num_concepts_raised":53052},{"base_id":232,"kind":"bot_words","i1":6,"i2":9,"sol":{"path":["/c/en/frail","/c/en/person","/c/en/lesbian","/c/en/sapphic"],"weight":0.20845999999999962,"degrees":[261,12935,380,56]},"num_concepts_raised":50158},{"base_id":232,"kind":"bot_words","i1":7,"i2":8,"sol":{"path":["/c/en/devising","/c/en/devise","/c/en/stick","/c/en/sticking"],"weight":0.2052999999999997,"degrees":[64,265,2046,37]},"num_concepts_raised":13919},{"base_id":232,"kind":"bot_words","i1":7,"i2":9,"sol":{"path":["/c/en/devising","/c/en/production","/c/en/poetry","/c/en/sapphic"],"weight":0.2047199999999998,"degrees":[64,852,1176,56]},"num_concepts_raised":11054},{"base_id":232,"kind":"bot_words","i1":8,"i2":9,"sol":{"path":["/c/en/sticking","/c/en/stick","/c/en/person","/c/en/lesbian","/c/en/sapphic"],"weight":0.20664999999999983,"degrees":[37,2046,12935,380,56]},"num_concepts_raised":8885}],[{"base_id":232,"kind":"top_words","i1":0,"i2":1,"sol":{"path":["/c/en/supervision","/c/en/supervise"],"weight":0.20600000000000002,"degrees":[202,191]},"num_concepts_raised":305},{"base_id":232,"kind":"top_words","i1":0,"i2":2,"sol":{"path":["/c/en/supervision","/c/ru/контроль","/c/en/standard","/c/en/latin_name","/c/en/internationally"],"weight":0.20625999999999958,"degrees":[202,34,1054,20,60]},"num_concepts_raised":12169},{"base_id":232,"kind":"top_words","i1":0,"i2":3,"sol":{"path":["/c/en/supervision","/c/en/supervise","/c/en/oversee"],"weight":0.20600000000000002,"degrees":[202,191,194]},"num_concepts_raised":336},{"base_id":232,"kind":"top_words","i1":0,"i2":4,"sol":{"path":["/c/en/supervision","/c/en/administration","/c/en/law","/c/en/probation"],"weight":0.21575999999999945,"degrees":[202,559,3727,146]},"num_concepts_raised":19289},{"base_id":232,"kind":"top_words","i1":0,"i2":5,"sol":{"path":["/c/en/supervision","/c/fi/valvonta","/c/en/monitoring"],"weight":0.20400000000000001,"degrees":[202,23,111]},"num_concepts_raised":249},{"base_id":232,"kind":"top_words","i1":0,"i2":6,"sol":{"path":["/c/en/supervision","/c/fi/tarkastus","/c/en/inspection"],"weight":0.20400000000000001,"degrees":[202,56,355]},"num_concepts_raised":450},{"base_id":232,"kind":"top_words","i1":0,"i2":7,"sol":{"path":["/c/en/supervision","/c/en/control","/c/en/conduct","/c/en/conducted"],"weight":0.2050999999999996,"degrees":[202,1901,784,23]},"num_concepts_raised":12707},{"base_id":232,"kind":"top_words","i1":0,"i2":8,"sol":{"path":["/c/en/supervision","/c/en/control","/c/en/public_sector","/c/en/funded"],"weight":0.20523999999999962,"degrees":[202,1901,39,33]},"num_concepts_raised":12423},{"base_id":232,"kind":"top_words","i1":0,"i2":9,"sol":{"path":["/c/en/supervision","/c/en/control","/c/en/fac","/c/en/assisted"],"weight":0.20537999999999956,"degrees":[202,1901,19,50]},"num_concepts_raised":12336},{"base_id":232,"kind":"top_words","i1":1,"i2":2,"sol":{"path":["/c/en/supervise","/c/fi/johtaa","/c/en/war","/c/en/international","/c/en/internationally"],"weight":0.20626999999999956,"degrees":[191,87,1823,407,60]},"num_concepts_raised":10557},{"base_id":232,"kind":"top_words","i1":1,"i2":3,"sol":{"path":["/c/en/supervise","/c/en/oversee"],"weight":0.20500000000000002,"degrees":[191,194]},"num_concepts_raised":293},{"base_id":232,"kind":"top_words","i1":1,"i2":4,"sol":{"path":["/c/en/supervise","/c/fi/valvoa","/c/en/probate","/c/en/probation"],"weight":0.2185499999999994,"degrees":[191,45,69,146]},"num_concepts_raised":17677},{"base_id":232,"kind":"top_words","i1":1,"i2":5,"sol":{"path":["/c/en/supervise","/c/en/monitor","/c/en/monitoring"],"weight":0.203,"degrees":[191,432,111]},"num_concepts_raised":247},{"base_id":232,"kind":"top_words","i1":1,"i2":6,"sol":{"path":["/c/en/supervise","/c/ja/監察","/c/en/inspection"],"weight":0.203,"degrees":[191,12,355]},"num_concepts_raised":448},{"base_id":232,"kind":"top_words","i1":1,"i2":7,"sol":{"path":["/c/en/supervise","/c/fr/diriger","/c/en/conduct","/c/en/conducted"],"weight":0.20574999999999954,"degrees":[191,579,784,23]},"num_concepts_raised":11027},{"base_id":232,"kind":"top_words","i1":1,"i2":8,"sol":{"path":["/c/en/supervise","/c/en/organization","/c/en/fund","/c/en/funded"],"weight":0.20571999999999957,"degrees":[191,1375,380,33]},"num_concepts_raised":10832},{"base_id":232,"kind":"top_words","i1":1,"i2":9,"sol":{"path":["/c/en/supervise","/c/en/supervision","/c/en/control","/c/en/fac","/c/en/assisted"],"weight":0.20763999999999952,"degrees":[191,202,1901,19,50]},"num_concepts_raised":10734},{"base_id":232,"kind":"top_words","i1":2,"i2":3,"sol":{"path":["/c/en/internationally","/c/en/international","/c/en/boundaries","/c/en/survey","/c/en/oversee"],"weight":0.20519999999999938,"degrees":[60,407,37,486,194]},"num_concepts_raised":16892},{"base_id":232,"kind":"top_words","i1":2,"i2":4,"sol":{"path":["/c/en/internationally","/c/en/international","/c/en/maritime_law","/c/en/law","/c/en/probation"],"weight":0.2140599999999997,"degrees":[60,407,27,3727,146]},"num_concepts_raised":8683},{"base_id":232,"kind":"top_words","i1":2,"i2":5,"sol":{"path":["/c/en/internationally","/c/en/latin_name","/c/en/standard","/c/en/monitoring"],"weight":0.20416999999999974,"degrees":[60,20,1054,111]},"num_concepts_raised":10591},{"base_id":232,"kind":"top_words","i1":2,"i2":6,"sol":{"path":["/c/en/internationally","/c/en/international","/c/en/sports","/c/en/check","/c/en/inspection"],"weight":0.20871999999999935,"degrees":[60,407,3417,1537,355]},"num_concepts_raised":8668},{"base_id":232,"kind":"top_words","i1":2,"i2":7,"sol":{"path":["/c/en/internationally","/c/en/international","/c/en/nation","/c/en/leadership","/c/en/conduct","/c/en/conducted"],"weight":0.2059721999999997,"degrees":[60,407,1106,391,784,23]},"num_concepts_raised":166159},{"base_id":232,"kind":"top_words","i1":2,"i2":8,"sol":{"path":["/c/en/internationally","/c/en/international","/c/en/nation","/c/en/public_sector","/c/en/funded"],"weight":0.20334999999999986,"degrees":[60,407,1106,39,33]},"num_concepts_raised":1635},{"base_id":232,"kind":"top_words","i1":2,"i2":9,"sol":{"path":["/c/en/internationally","/c/en/international","/c/en/sports","/c/en/assist","/c/en/assisted"],"weight":0.20347999999999983,"degrees":[60,407,3417,533,50]},"num_concepts_raised":1525},{"base_id":232,"kind":"top_words","i1":3,"i2":4,"sol":{"path":["/c/en/oversee","/c/fi/valvoa","/c/en/probate","/c/en/probation"],"weight":0.21840999999999922,"degrees":[194,45,69,146]},"num_concepts_raised":23677},{"base_id":232,"kind":"top_words","i1":3,"i2":5,"sol":{"path":["/c/en/oversee","/c/en/monitor","/c/en/monitoring"],"weight":0.203,"degrees":[194,432,111]},"num_concepts_raised":267},{"base_id":232,"kind":"top_words","i1":3,"i2":6,"sol":{"path":["/c/en/oversee","/c/en/inspect","/c/en/inspection"],"weight":0.203,"degrees":[194,333,355]},"num_concepts_raised":465},{"base_id":232,"kind":"top_words","i1":3,"i2":7,"sol":{"path":["/c/en/oversee","/c/fr/diriger","/c/en/conduct","/c/en/conducted"],"weight":0.20566999999999938,"degrees":[194,579,784,23]},"num_concepts_raised":17305},{"base_id":232,"kind":"top_words","i1":3,"i2":8,"sol":{"path":["/c/en/oversee","/c/en/supervise","/c/en/organization","/c/en/fund","/c/en/funded"],"weight":0.2081099999999994,"degrees":[194,191,1375,380,33]},"num_concepts_raised":17161},{"base_id":232,"kind":"top_words","i1":3,"i2":9,"sol":{"path":["/c/en/oversee","/c/fr/surveiller","/c/en/control","/c/en/fac","/c/en/assisted"],"weight":0.20734999999999934,"degrees":[194,478,1901,19,50]},"num_concepts_raised":17054},{"base_id":232,"kind":"top_words","i1":4,"i2":5,"sol":{"path":["/c/en/probation","/c/en/criminal","/c/en/surveillance","/c/en/monitoring"],"weight":0.21481999999999962,"degrees":[146,971,257,111]},"num_concepts_raised":17745},{"base_id":232,"kind":"top_words","i1":4,"i2":6,"sol":{"path":["/c/en/probation","/c/la/probatio","/c/en/inspection"],"weight":0.20600000000000002,"degrees":[146,31,355]},"num_concepts_raised":407},{"base_id":232,"kind":"top_words","i1":4,"i2":7,"sol":{"path":["/c/en/probation","/c/en/probe","/c/en/experiment","/c/en/conduct","/c/en/conducted"],"weight":0.21543999999999972,"degrees":[146,422,623,784,23]},"num_concepts_raised":9284},{"base_id":232,"kind":"top_words","i1":4,"i2":8,"sol":{"path":["/c/en/probation","/c/en/law","/c/ar/مال","/c/en/fund","/c/en/funded"],"weight":0.21455999999999975,"degrees":[146,3727,106,380,33]},"num_concepts_raised":8984},{"base_id":232,"kind":"top_words","i1":4,"i2":9,"sol":{"path":["/c/en/probation","/c/en/probe","/c/en/aircraft","/c/en/rato","/c/en/assisted"],"weight":0.21575999999999967,"degrees":[146,422,1135,30,50]},"num_concepts_raised":8872},{"base_id":232,"kind":"top_words","i1":5,"i2":6,"sol":{"path":["/c/en/monitoring","/c/ru/контроль","/c/en/inspection"],"weight":0.203,"degrees":[111,34,355]},"num_concepts_raised":380},{"base_id":232,"kind":"top_words","i1":5,"i2":7,"sol":{"path":["/c/en/monitoring","/c/en/monitor","/c/fi/ohjata","/c/en/conduct","/c/en/conducted"],"weight":0.20471999999999974,"degrees":[111,432,85,784,23]},"num_concepts_raised":11186},{"base_id":232,"kind":"top_words","i1":5,"i2":8,"sol":{"path":["/c/en/monitoring","/c/en/security","/c/en/financial","/c/en/funded"],"weight":0.20371999999999976,"degrees":[111,1011,465,33]},"num_concepts_raised":10875},{"base_id":232,"kind":"top_words","i1":5,"i2":9,"sol":{"path":["/c/en/monitoring","/c/fi/valvonta","/c/en/control","/c/en/fac","/c/en/assisted"],"weight":0.2049999999999997,"degrees":[111,23,1901,19,50]},"num_concepts_raised":10781},{"base_id":232,"kind":"top_words","i1":6,"i2":7,"sol":{"path":["/c/en/inspection","/c/de/besichtigung","/c/de/führung","/c/en/conducted"],"weight":0.20659999999999937,"degrees":[355,63,214,23]},"num_concepts_raised":9242},{"base_id":232,"kind":"top_words","i1":6,"i2":8,"sol":{"path":["/c/en/inspection","/c/en/audit","/c/en/financial","/c/en/funded"],"weight":0.20674999999999938,"degrees":[355,197,465,33]},"num_concepts_raised":8935},{"base_id":232,"kind":"top_words","i1":6,"i2":9,"sol":{"path":["/c/en/inspection","/c/it/controllo","/c/en/control","/c/en/fac","/c/en/assisted"],"weight":0.20912999999999932,"degrees":[355,62,1901,19,50]},"num_concepts_raised":8843},{"base_id":232,"kind":"top_words","i1":7,"i2":8,"sol":{"path":["/c/en/conducted","/c/en/conduct","/c/en/transaction","/c/en/fund","/c/en/funded"],"weight":0.20366999999999985,"degrees":[23,784,333,380,33]},"num_concepts_raised":2248},{"base_id":232,"kind":"top_words","i1":7,"i2":9,"sol":{"path":["/c/en/conducted","/c/de/führung","/c/en/military","/c/en/cato","/c/en/assisted"],"weight":0.20286999999999983,"degrees":[23,214,5690,27,50]},"num_concepts_raised":2137},{"base_id":232,"kind":"top_words","i1":8,"i2":9,"sol":{"path":["/c/en/funded","/c/en/fund","/c/en/support","/c/en/assist","/c/en/assisted"],"weight":0.20399999999999985,"degrees":[33,380,2237,533,50]},"num_concepts_raised":1822}]]