[[{"base_id":547,"kind":"bot_words","i1":0,"i2":1,"sol":{"path":["/c/en/hygrometer","/c/en/gas","/c/en/liquid","/c/en/vx"],"weight":0.21539000000000008,"degrees":[155,1636,1778,46]},"num_concepts_raised":21793},{"base_id":547,"kind":"bot_words","i1":0,"i2":2,"sol":{"path":["/c/en/hygrometer","/c/en/measure","/c/en/quantify","/c/en/quantifiable"],"weight":0.21013000000000018,"degrees":[155,1837,119,29]},"num_concepts_raised":10146},{"base_id":547,"kind":"bot_words","i1":0,"i2":3,"sol":{"path":["/c/en/hygrometer","/c/en/hygroscope","/c/en/change","/c/en/civilize"],"weight":0.21097000000000016,"degrees":[155,23,3383,88]},"num_concepts_raised":15756},{"base_id":547,"kind":"bot_words","i1":0,"i2":4,"sol":{"path":["/c/en/hygrometer","/c/en/measure","/c/en/palm"],"weight":0.20400000000000001,"degrees":[155,1837,797]},"num_concepts_raised":711},{"base_id":547,"kind":"bot_words","i1":0,"i2":5,"sol":{"path":["/c/en/hygrometer","/c/en/humidity","/c/lv/degt","/c/en/urgent","/c/en/urgently"],"weight":0.21301000000000003,"degrees":[155,299,56,314,91]},"num_concepts_raised":10153},{"base_id":547,"kind":"bot_words","i1":0,"i2":6,"sol":{"path":["/c/en/hygrometer","/c/en/air","/c/en/malaria","/c/en/blackwater"],"weight":0.21039000000000013,"degrees":[155,1965,363,46]},"num_concepts_raised":13098},{"base_id":547,"kind":"bot_words","i1":0,"i2":7,"sol":{"path":["/c/en/hygrometer","/c/en/gas","/c/en/slang","/c/en/bro"],"weight":0.21606999999999998,"degrees":[155,1636,16318,88]},"num_concepts_raised":26444},{"base_id":547,"kind":"bot_words","i1":0,"i2":8,"sol":{"path":["/c/en/hygrometer","/c/en/air","/c/en/historical","/c/en/guberniya"],"weight":0.2103500000000001,"degrees":[155,1965,8415,45]},"num_concepts_raised":17578},{"base_id":547,"kind":"bot_words","i1":0,"i2":9,"sol":{"path":["/c/en/hygrometer","/c/en/measure","/c/en/bill","/c/en/dues"],"weight":0.21039000000000016,"degrees":[155,1837,1413,46]},"num_concepts_raised":11739},{"base_id":547,"kind":"bot_words","i1":1,"i2":2,"sol":{"path":["/c/en/vx","/c/en/liquid","/c/en/quality","/c/en/quantitative","/c/en/quantifiable"],"weight":0.20895999999999978,"degrees":[46,1778,1710,146,29]},"num_concepts_raised":17453},{"base_id":547,"kind":"bot_words","i1":1,"i2":3,"sol":{"path":["/c/en/vx","/c/en/trade","/c/en/people","/c/en/civilization","/c/en/civilize"],"weight":0.21016999999999977,"degrees":[46,1298,4475,414,88]},"num_concepts_raised":22963},{"base_id":547,"kind":"bot_words","i1":1,"i2":4,"sol":{"path":["/c/en/vx","/c/en/tangible_thing","/c/en/island","/c/en/palm"],"weight":0.21748999999999913,"degrees":[46,1925,1660,797]},"num_concepts_raised":64537},{"base_id":547,"kind":"bot_words","i1":1,"i2":5,"sol":{"path":["/c/en/vx","/c/en/liquid","/c/en/cry","/c/en/urgent","/c/en/urgently"],"weight":0.20876999999999965,"degrees":[46,1778,1722,314,91]},"num_concepts_raised":17389},{"base_id":547,"kind":"bot_words","i1":1,"i2":6,"sol":{"path":["/c/en/vx","/c/en/liquid","/c/en/sullage","/c/en/blackwater"],"weight":0.20809999999999973,"degrees":[46,1778,28,46]},"num_concepts_raised":20325},{"base_id":547,"kind":"bot_words","i1":1,"i2":7,"sol":{"path":["/c/en/vx","/c/en/trade","/c/en/slang","/c/en/bro"],"weight":0.2138499999999996,"degrees":[46,1298,16318,88]},"num_concepts_raised":33686},{"base_id":547,"kind":"bot_words","i1":1,"i2":8,"sol":{"path":["/c/en/vx","/c/en/tangible_thing","/c/en/governorate","/c/en/guberniya"],"weight":0.2082899999999997,"degrees":[46,1925,75,45]},"num_concepts_raised":24781},{"base_id":547,"kind":"bot_words","i1":1,"i2":9,"sol":{"path":["/c/en/vx","/c/en/collect","/c/en/due","/c/en/dues"],"weight":0.20918999999999977,"degrees":[46,939,413,46]},"num_concepts_raised":19005},{"base_id":547,"kind":"bot_words","i1":2,"i2":3,"sol":{"path":["/c/en/quantifiable","/c/en/order","/c/en/people","/c/en/civilization","/c/en/civilize"],"weight":0.2049899999999999,"degrees":[29,2833,4475,414,88]},"num_concepts_raised":11190},{"base_id":547,"kind":"bot_words","i1":2,"i2":4,"sol":{"path":["/c/en/quantifiable","/c/en/quantify","/c/en/measure","/c/en/palm"],"weight":0.21241999999999922,"degrees":[29,119,1837,797]},"num_concepts_raised":52810},{"base_id":547,"kind":"bot_words","i1":2,"i2":5,"sol":{"path":["/c/en/quantifiable","/c/en/measurable","/c/en/important","/c/en/urgently"],"weight":0.20347999999999974,"degrees":[29,95,912,91]},"num_concepts_raised":5523},{"base_id":547,"kind":"bot_words","i1":2,"i2":6,"sol":{"path":["/c/en/quantifiable","/c/en/quantitative","/c/en/chemistry","/c/en/tannin","/c/en/blackwater"],"weight":0.20392999999999983,"degrees":[29,146,11754,159,46]},"num_concepts_raised":8522},{"base_id":547,"kind":"bot_words","i1":2,"i2":7,"sol":{"path":["/c/en/quantifiable","/c/en/order","/c/en/family","/c/en/brother","/c/en/bro"],"weight":0.2129299999999997,"degrees":[29,2833,3166,1278,88]},"num_concepts_raised":21973},{"base_id":547,"kind":"bot_words","i1":2,"i2":8,"sol":{"path":["/c/en/quantifiable","/c/en/quantitative","/c/en/moment","/c/en/historical","/c/en/guberniya"],"weight":0.2039099999999998,"degrees":[29,146,912,8415,45]},"num_concepts_raised":13006},{"base_id":547,"kind":"bot_words","i1":2,"i2":9,"sol":{"path":["/c/en/quantifiable","/c/en/quantitative","/c/en/amount","/c/en/due","/c/en/dues"],"weight":0.20502999999999988,"degrees":[29,146,1036,413,46]},"num_concepts_raised":7154},{"base_id":547,"kind":"bot_words","i1":3,"i2":4,"sol":{"path":["/c/en/civilize","/c/en/city","/c/en/flat","/c/en/palm"],"weight":0.21337999999999918,"degrees":[88,3758,1359,797]},"num_concepts_raised":58247},{"base_id":547,"kind":"bot_words","i1":3,"i2":5,"sol":{"path":["/c/en/civilize","/c/en/civilization","/c/en/history","/c/en/important","/c/en/urgently"],"weight":0.20566999999999974,"degrees":[88,414,1864,912,91]},"num_concepts_raised":11139},{"base_id":547,"kind":"bot_words","i1":3,"i2":6,"sol":{"path":["/c/en/civilize","/c/en/civilization","/c/en/people","/c/en/disease","/c/en/blackwater"],"weight":0.20518999999999982,"degrees":[88,414,4475,4216,46]},"num_concepts_raised":14117},{"base_id":547,"kind":"bot_words","i1":3,"i2":7,"sol":{"path":["/c/en/civilize","/c/en/civilization","/c/en/human","/c/en/brother","/c/en/bro"],"weight":0.2151099999999997,"degrees":[88,414,2645,1278,88]},"num_concepts_raised":27479},{"base_id":547,"kind":"bot_words","i1":3,"i2":8,"sol":{"path":["/c/en/civilize","/c/en/city","/c/en/province","/c/en/guberniya"],"weight":0.20390999999999979,"degrees":[88,3758,1040,45]},"num_concepts_raised":18323},{"base_id":547,"kind":"bot_words","i1":3,"i2":9,"sol":{"path":["/c/en/civilize","/c/en/civilization","/c/en/government","/c/en/tax","/c/en/dues"],"weight":0.20528999999999986,"degrees":[88,414,2046,1545,46]},"num_concepts_raised":12738},{"base_id":547,"kind":"bot_words","i1":4,"i2":5,"sol":{"path":["/c/en/palm","/c/en/hand","/c/en/apple","/c/en/important","/c/en/urgently"],"weight":0.21673999999999904,"degrees":[797,2596,1553,912,91]},"num_concepts_raised":52886},{"base_id":547,"kind":"bot_words","i1":4,"i2":6,"sol":{"path":["/c/en/palm","/c/en/tropical","/c/en/malaria","/c/en/blackwater"],"weight":0.21254999999999918,"degrees":[797,413,363,46]},"num_concepts_raised":55762},{"base_id":547,"kind":"bot_words","i1":4,"i2":7,"sol":{"path":["/c/en/palm","/c/en/finger","/c/en/slang","/c/en/bro"],"weight":0.21965999999999902,"degrees":[797,1738,16318,88]},"num_concepts_raised":68299},{"base_id":547,"kind":"bot_words","i1":4,"i2":8,"sol":{"path":["/c/en/palm","/c/en/hand","/c/en/historical","/c/en/guberniya"],"weight":0.2161399999999991,"degrees":[797,2596,8415,45]},"num_concepts_raised":59917},{"base_id":547,"kind":"bot_words","i1":4,"i2":9,"sol":{"path":["/c/en/palm","/c/en/date","/c/en/due","/c/en/dues"],"weight":0.2137799999999992,"degrees":[797,1320,413,46]},"num_concepts_raised":54293},{"base_id":547,"kind":"bot_words","i1":5,"i2":6,"sol":{"path":["/c/en/urgently","/c/en/haste","/c/en/waste","/c/en/blackwater"],"weight":0.20360999999999968,"degrees":[91,338,1543,46]},"num_concepts_raised":8452},{"base_id":547,"kind":"bot_words","i1":5,"i2":7,"sol":{"path":["/c/en/urgently","/c/en/important","/c/en/person","/c/en/brother","/c/en/bro"],"weight":0.21359999999999954,"degrees":[91,912,12935,1278,88]},"num_concepts_raised":21920},{"base_id":547,"kind":"bot_words","i1":5,"i2":8,"sol":{"path":["/c/en/urgently","/c/en/urgent","/c/en/emergency","/c/en/historical","/c/en/guberniya"],"weight":0.2037299999999997,"degrees":[91,314,454,8415,45]},"num_concepts_raised":12963},{"base_id":547,"kind":"bot_words","i1":5,"i2":9,"sol":{"path":["/c/en/urgently","/c/en/urgent","/c/non/skyldr","/c/en/due","/c/en/dues"],"weight":0.20480999999999971,"degrees":[91,314,10,413,46]},"num_concepts_raised":7118},{"base_id":547,"kind":"bot_words","i1":6,"i2":7,"sol":{"path":["/c/en/blackwater","/c/en/waste","/c/en/slang","/c/en/bro"],"weight":0.20883999999999964,"degrees":[46,1543,16318,88]},"num_concepts_raised":24852},{"base_id":547,"kind":"bot_words","i1":6,"i2":8,"sol":{"path":["/c/en/blackwater","/c/en/waste","/c/en/historical","/c/en/guberniya"],"weight":0.20307999999999976,"degrees":[46,1543,8415,45]},"num_concepts_raised":15927},{"base_id":547,"kind":"bot_words","i1":6,"i2":9,"sol":{"path":["/c/en/blackwater","/c/en/disease","/c/en/like","/c/en/due","/c/en/dues"],"weight":0.20421999999999982,"degrees":[46,4216,2357,413,46]},"num_concepts_raised":10103},{"base_id":547,"kind":"bot_words","i1":7,"i2":8,"sol":{"path":["/c/en/bro","/c/el/μάγκασ","/c/en/historical","/c/en/guberniya"],"weight":0.20853999999999961,"degrees":[88,23,8415,45]},"num_concepts_raised":29257},{"base_id":547,"kind":"bot_words","i1":7,"i2":9,"sol":{"path":["/c/en/bro","/c/en/slang","/c/en/bill","/c/en/dues"],"weight":0.20891999999999966,"degrees":[88,16318,1413,46]},"num_concepts_raised":23496},{"base_id":547,"kind":"bot_words","i1":8,"i2":9,"sol":{"path":["/c/en/guberniya","/c/fi/kuvernementti","/c/en/government","/c/en/tax","/c/en/dues"],"weight":0.2042399999999998,"degrees":[45,9,2046,1545,46]},"num_concepts_raised":14520}],[{"base_id":547,"kind":"top_words","i1":0,"i2":1,"sol":{"path":["/c/en/tho","/c/en/dialectal","/c/en/main","/c/en/river","/c/en/mekong"],"weight":0.2101599999999998,"degrees":[31,4127,838,2945,119]},"num_concepts_raised":21528},{"base_id":547,"kind":"top_words","i1":0,"i2":2,"sol":{"path":["/c/en/tho","/c/en/dialectal","/c/en/main","/c/en/river","/c/en/rhône"],"weight":0.20948999999999965,"degrees":[31,4127,838,2945,95]},"num_concepts_raised":21246},{"base_id":547,"kind":"top_words","i1":0,"i2":3,"sol":{"path":["/c/en/tho","/c/en/when","/c/he/כי","/c/en/chi"],"weight":0.2065299999999997,"degrees":[31,719,26,179]},"num_concepts_raised":61244},{"base_id":547,"kind":"top_words","i1":0,"i2":4,"sol":{"path":["/c/en/tho","/c/en/us","/c/en/dag","/c/en/dang"],"weight":0.20274999999999987,"degrees":[31,8154,96,38]},"num_concepts_raised":18811},{"base_id":547,"kind":"top_words","i1":0,"i2":5,"sol":{"path":["/c/en/tho","/c/en/us","/c/vi/đồng","/c/en/dong"],"weight":0.2054299999999998,"degrees":[31,8154,32,78]},"num_concepts_raised":38078},{"base_id":547,"kind":"top_words","i1":0,"i2":6,"sol":{"path":["/c/en/tho","/c/en/dialectal","/c/en/rice","/c/en/vietnam"],"weight":0.21475000000000005,"degrees":[31,4127,1388,426]},"num_concepts_raised":30552},{"base_id":547,"kind":"top_words","i1":0,"i2":7,"sol":{"path":["/c/en/tho","/c/en/those","/c/en/freeman","/c/en/historical","/c/en/saigon"],"weight":0.20494999999999988,"degrees":[31,272,98,8415,44]},"num_concepts_raised":24354},{"base_id":547,"kind":"top_words","i1":0,"i2":8,"sol":{"path":["/c/en/tho","/c/en/us","/c/en/provinces"],"weight":0.202,"degrees":[31,8154,29]},"num_concepts_raised":53},{"base_id":547,"kind":"top_words","i1":0,"i2":9,"sol":{"path":["/c/en/tho","/c/en/dialectal","/c/en/rice","/c/en/vietnam","/c/en/hanoi"],"weight":0.20547999999999986,"degrees":[31,4127,1388,426,81]},"num_concepts_raised":17594},{"base_id":547,"kind":"top_words","i1":1,"i2":2,"sol":{"path":["/c/en/mekong","/c/en/river","/c/en/rhône"],"weight":0.20600000000000002,"degrees":[119,2945,95]},"num_concepts_raised":183},{"base_id":547,"kind":"top_words","i1":1,"i2":3,"sol":{"path":["/c/en/mekong","/c/en/china","/c/en/qi","/c/en/chi"],"weight":0.21364999999999962,"degrees":[119,1318,179,179]},"num_concepts_raised":52698},{"base_id":547,"kind":"top_words","i1":1,"i2":4,"sol":{"path":["/c/en/mekong","/c/en/river","/c/en/weir","/c/en/damn","/c/en/dang"],"weight":0.21136999999999975,"degrees":[119,2945,134,397,38]},"num_concepts_raised":8773},{"base_id":547,"kind":"top_words","i1":1,"i2":5,"sol":{"path":["/c/en/mekong","/c/en/vietnam","/c/en/dong"],"weight":0.20400000000000001,"degrees":[119,426,78]},"num_concepts_raised":164},{"base_id":547,"kind":"top_words","i1":1,"i2":6,"sol":{"path":["/c/en/mekong","/c/en/vietnam"],"weight":0.20600000000000002,"degrees":[119,426]},"num_concepts_raised":398},{"base_id":547,"kind":"top_words","i1":1,"i2":7,"sol":{"path":["/c/en/mekong","/c/en/vietnam","/c/en/saigon"],"weight":0.20400000000000001,"degrees":[119,426,44]},"num_concepts_raised":132},{"base_id":547,"kind":"top_words","i1":1,"i2":8,"sol":{"path":["/c/en/mekong","/c/en/china","/c/en/country","/c/en/provinces"],"weight":0.21036999999999975,"degrees":[119,1318,2796,29]},"num_concepts_raised":20056},{"base_id":547,"kind":"top_words","i1":1,"i2":9,"sol":{"path":["/c/en/mekong","/c/en/vietnam","/c/en/hanoi"],"weight":0.20500000000000002,"degrees":[119,426,81]},"num_concepts_raised":163},{"base_id":547,"kind":"top_words","i1":2,"i2":3,"sol":{"path":["/c/en/rhône","/c/en/river","/c/en/chicago","/c/en/chi"],"weight":0.21245999999999945,"degrees":[95,2945,324,179]},"num_concepts_raised":52513},{"base_id":547,"kind":"top_words","i1":2,"i2":4,"sol":{"path":["/c/en/rhône","/c/en/region","/c/en/hell","/c/en/damn","/c/en/dang"],"weight":0.21070999999999962,"degrees":[95,1382,842,397,38]},"num_concepts_raised":8503},{"base_id":547,"kind":"top_words","i1":2,"i2":5,"sol":{"path":["/c/en/rhône","/c/en/region","/c/en/city","/c/en/dong"],"weight":0.2091299999999996,"degrees":[95,1382,3758,78]},"num_concepts_raised":28890},{"base_id":547,"kind":"top_words","i1":2,"i2":6,"sol":{"path":["/c/en/rhône","/c/en/region","/c/fr/pays","/c/en/vietnam"],"weight":0.2200399999999998,"degrees":[95,1382,5104,426]},"num_concepts_raised":20096},{"base_id":547,"kind":"top_words","i1":2,"i2":7,"sol":{"path":["/c/en/rhône","/c/en/river","/c/vi/sài_gòn","/c/en/saigon"],"weight":0.20980999999999966,"degrees":[95,2945,23,44]},"num_concepts_raised":14118},{"base_id":547,"kind":"top_words","i1":2,"i2":8,"sol":{"path":["/c/en/rhône","/c/en/region","/c/en/country","/c/en/provinces"],"weight":0.20967999999999962,"degrees":[95,1382,2796,29]},"num_concepts_raised":19723},{"base_id":547,"kind":"top_words","i1":2,"i2":9,"sol":{"path":["/c/en/rhône","/c/en/region","/c/en/tonkin","/c/en/hanoi"],"weight":0.20916999999999963,"degrees":[95,1382,55,81]},"num_concepts_raised":7174},{"base_id":547,"kind":"top_words","i1":3,"i2":4,"sol":{"path":["/c/en/chi","/c/en/slang","/c/fr/satané","/c/en/dang"],"weight":0.2046799999999997,"degrees":[179,16318,36,38]},"num_concepts_raised":50066},{"base_id":547,"kind":"top_words","i1":3,"i2":5,"sol":{"path":["/c/en/chi","/c/en/slang","/c/en/dong"],"weight":0.202,"degrees":[179,16318,78]},"num_concepts_raised":206},{"base_id":547,"kind":"top_words","i1":3,"i2":6,"sol":{"path":["/c/en/chi","/c/en/qi","/c/en/country","/c/en/vietnam"],"weight":0.21839999999999987,"degrees":[179,179,2796,426]},"num_concepts_raised":61364},{"base_id":547,"kind":"top_words","i1":3,"i2":7,"sol":{"path":["/c/en/chi","/c/en/unit","/c/en/historical","/c/en/saigon"],"weight":0.2049099999999997,"degrees":[179,1582,8415,44]},"num_concepts_raised":55160},{"base_id":547,"kind":"top_words","i1":3,"i2":8,"sol":{"path":["/c/en/chi","/c/en/qi","/c/en/country","/c/en/provinces"],"weight":0.20830999999999966,"degrees":[179,179,2796,29]},"num_concepts_raised":59786},{"base_id":547,"kind":"top_words","i1":3,"i2":9,"sol":{"path":["/c/en/chi","/c/en/human","/c/en/asia","/c/en/hanoi"],"weight":0.20531999999999967,"degrees":[179,2645,805,81]},"num_concepts_raised":48990},{"base_id":547,"kind":"top_words","i1":4,"i2":5,"sol":{"path":["/c/en/dang","/c/en/ding","/c/en/dong"],"weight":0.203,"degrees":[38,88,78]},"num_concepts_raised":97},{"base_id":547,"kind":"top_words","i1":4,"i2":6,"sol":{"path":["/c/en/dang","/c/en/danger","/c/en/war","/c/en/vietnam"],"weight":0.21593,"degrees":[38,747,1823,426]},"num_concepts_raised":17904},{"base_id":547,"kind":"top_words","i1":4,"i2":7,"sol":{"path":["/c/en/dang","/c/en/euphemistic","/c/en/commotion","/c/pl/sajgon","/c/en/saigon"],"weight":0.2060999999999999,"degrees":[38,1186,282,10,44]},"num_concepts_raised":11763},{"base_id":547,"kind":"top_words","i1":4,"i2":8,"sol":{"path":["/c/en/dang","/c/en/dag","/c/en/us","/c/en/provinces"],"weight":0.20273999999999984,"degrees":[38,96,8154,29]},"num_concepts_raised":17581},{"base_id":547,"kind":"top_words","i1":4,"i2":9,"sol":{"path":["/c/en/dang","/c/en/damn","/c/en/very","/c/en/tower","/c/en/hanoi"],"weight":0.20563999999999985,"degrees":[38,397,1529,782,81]},"num_concepts_raised":4760},{"base_id":547,"kind":"top_words","i1":5,"i2":6,"sol":{"path":["/c/en/dong","/c/en/vietnam"],"weight":0.20400000000000001,"degrees":[78,426]},"num_concepts_raised":366},{"base_id":547,"kind":"top_words","i1":5,"i2":7,"sol":{"path":["/c/en/dong","/c/en/vietnam","/c/en/saigon"],"weight":0.202,"degrees":[78,426,44]},"num_concepts_raised":101},{"base_id":547,"kind":"top_words","i1":5,"i2":8,"sol":{"path":["/c/en/dong","/c/vi/đồng","/c/en/us","/c/en/provinces"],"weight":0.20541999999999977,"degrees":[78,32,8154,29]},"num_concepts_raised":36364},{"base_id":547,"kind":"top_words","i1":5,"i2":9,"sol":{"path":["/c/en/dong","/c/en/vietnam","/c/en/hanoi"],"weight":0.203,"degrees":[78,426,81]},"num_concepts_raised":133},{"base_id":547,"kind":"top_words","i1":6,"i2":7,"sol":{"path":["/c/en/vietnam","/c/en/saigon"],"weight":0.20400000000000001,"degrees":[426,44]},"num_concepts_raised":333},{"base_id":547,"kind":"top_words","i1":6,"i2":8,"sol":{"path":["/c/en/vietnam","/c/en/country","/c/en/provinces"],"weight":0.20500000000000002,"degrees":[426,2796,29]},"num_concepts_raised":329},{"base_id":547,"kind":"top_words","i1":6,"i2":9,"sol":{"path":["/c/en/vietnam","/c/en/hanoi"],"weight":0.20700000000000002,"degrees":[426,81]},"num_concepts_raised":363},{"base_id":547,"kind":"top_words","i1":7,"i2":8,"sol":{"path":["/c/en/saigon","/c/en/vietnam","/c/en/country","/c/en/provinces"],"weight":0.20408999999999988,"degrees":[44,426,2796,29]},"num_concepts_raised":22821},{"base_id":547,"kind":"top_words","i1":7,"i2":9,"sol":{"path":["/c/en/saigon","/c/en/vietnam","/c/en/hanoi"],"weight":0.203,"degrees":[44,426,81]},"num_concepts_raised":101},{"base_id":547,"kind":"top_words","i1":8,"i2":9,"sol":{"path":["/c/en/provinces","/c/en/country","/c/en/vietnam","/c/en/hanoi"],"weight":0.20565999999999984,"degrees":[29,2796,426,81]},"num_concepts_raised":16255}]]