[[{"base_id":736,"kind":"bot_words","i1":0,"i2":1,"sol":{"path":["/c/en/cede","/c/en/ancestor","/c/en/language_family","/c/en/cocopah"],"weight":0.20886999999999978,"degrees":[117,615,243,32]},"num_concepts_raised":16514},{"base_id":736,"kind":"bot_words","i1":0,"i2":2,"sol":{"path":["/c/en/cede","/c/en/give_up","/c/en/album","/c/en/baal"],"weight":0.21499999999999975,"degrees":[117,522,778,157]},"num_concepts_raised":36697},{"base_id":736,"kind":"bot_words","i1":0,"i2":3,"sol":{"path":["/c/en/cede","/c/lb/ofginn","/c/en/associate","/c/en/yang"],"weight":0.20447999999999977,"degrees":[117,19,618,83]},"num_concepts_raised":25015},{"base_id":736,"kind":"bot_words","i1":0,"i2":4,"sol":{"path":["/c/en/cede","/c/en/surrender","/c/en/action","/c/en/meme"],"weight":0.21185,"degrees":[117,596,2156,195]},"num_concepts_raised":43439},{"base_id":736,"kind":"bot_words","i1":0,"i2":5,"sol":{"path":["/c/en/cede","/c/en/surrender","/c/en/white","/c/en/phenol","/c/en/resorcinol"],"weight":0.2117999999999998,"degrees":[117,596,2081,460,67]},"num_concepts_raised":18909},{"base_id":736,"kind":"bot_words","i1":0,"i2":6,"sol":{"path":["/c/en/cede","/c/de/grant","/c/en/austria","/c/en/zwettl"],"weight":0.20879999999999974,"degrees":[117,21,603,31]},"num_concepts_raised":11131},{"base_id":736,"kind":"bot_words","i1":0,"i2":7,"sol":{"path":["/c/en/cede","/c/en/convey","/c/en/transport","/c/en/croatia","/c/en/varaždin"],"weight":0.2111199999999997,"degrees":[117,485,1411,1344,53]},"num_concepts_raised":12979},{"base_id":736,"kind":"bot_words","i1":0,"i2":8,"sol":{"path":["/c/en/cede","/c/en/surrender","/c/en/white","/c/en/whiteface"],"weight":0.20428999999999986,"degrees":[117,596,2081,34]},"num_concepts_raised":34544},{"base_id":736,"kind":"bot_words","i1":0,"i2":9,"sol":{"path":["/c/en/cede","/c/en/yield","/c/en/go","/c/en/space","/c/en/generalized"],"weight":0.20529999999999982,"degrees":[117,960,2637,1852,34]},"num_concepts_raised":11579},{"base_id":736,"kind":"bot_words","i1":1,"i2":2,"sol":{"path":["/c/en/cocopah","/c/en/mexico","/c/en/album","/c/en/baal"],"weight":0.21872999999999976,"degrees":[32,1283,778,157]},"num_concepts_raised":35819},{"base_id":736,"kind":"bot_words","i1":1,"i2":3,"sol":{"path":["/c/en/cocopah","/c/en/mexico","/c/en/china","/c/en/yang"],"weight":0.20862999999999982,"degrees":[32,1283,1318,83]},"num_concepts_raised":23992},{"base_id":736,"kind":"bot_words","i1":1,"i2":4,"sol":{"path":["/c/en/cocopah","/c/en/language","/c/en/slang","/c/en/meme"],"weight":0.21549000000000007,"degrees":[32,4160,16318,195]},"num_concepts_raised":42645},{"base_id":736,"kind":"bot_words","i1":1,"i2":5,"sol":{"path":["/c/en/cocopah","/c/en/english_language","/c/en/one","/c/en/hydroquinone","/c/en/resorcinol"],"weight":0.21548999999999985,"degrees":[32,579,2499,93,67]},"num_concepts_raised":17983},{"base_id":736,"kind":"bot_words","i1":1,"i2":6,"sol":{"path":["/c/en/cocopah","/c/en/mexico","/c/en/country","/c/en/town","/c/en/zwettl"],"weight":0.21289999999999976,"degrees":[32,1283,2796,2220,31]},"num_concepts_raised":10158},{"base_id":736,"kind":"bot_words","i1":1,"i2":7,"sol":{"path":["/c/en/cocopah","/c/en/united_states","/c/en/city","/c/en/varaždin"],"weight":0.21310999999999974,"degrees":[32,1636,3758,53]},"num_concepts_raised":11949},{"base_id":736,"kind":"bot_words","i1":1,"i2":8,"sol":{"path":["/c/en/cocopah","/c/en/native_american","/c/en/redface","/c/en/whiteface"],"weight":0.20902999999999988,"degrees":[32,348,15,34]},"num_concepts_raised":33520},{"base_id":736,"kind":"bot_words","i1":1,"i2":9,"sol":{"path":["/c/en/cocopah","/c/en/language","/c/en/sgml","/c/en/generalized"],"weight":0.20781999999999984,"degrees":[32,4160,16,34]},"num_concepts_raised":10663},{"base_id":736,"kind":"bot_words","i1":2,"i2":3,"sol":{"path":["/c/en/baal","/c/en/various","/c/en/yang"],"weight":0.20600000000000002,"degrees":[157,505,83]},"num_concepts_raised":182},{"base_id":736,"kind":"bot_words","i1":2,"i2":4,"sol":{"path":["/c/en/baal","/c/en/god","/c/en/internet","/c/en/meme"],"weight":0.22151000000000004,"degrees":[157,1774,2994,195]},"num_concepts_raised":61751},{"base_id":736,"kind":"bot_words","i1":2,"i2":5,"sol":{"path":["/c/en/baal","/c/en/god","/c/en/one","/c/en/hydroquinone","/c/en/resorcinol"],"weight":0.2214399999999998,"degrees":[157,1774,2499,93,67]},"num_concepts_raised":38384},{"base_id":736,"kind":"bot_words","i1":2,"i2":6,"sol":{"path":["/c/en/baal","/c/en/local","/c/en/town","/c/en/zwettl"],"weight":0.21860999999999975,"degrees":[157,710,2220,31]},"num_concepts_raised":30544},{"base_id":736,"kind":"bot_words","i1":2,"i2":7,"sol":{"path":["/c/en/baal","/c/en/baal_gad","/c/en/city","/c/en/varaždin"],"weight":0.2209599999999997,"degrees":[157,6,3758,53]},"num_concepts_raised":32347},{"base_id":736,"kind":"bot_words","i1":2,"i2":8,"sol":{"path":["/c/en/baal","/c/en/angel","/c/en/slang","/c/en/whiteface"],"weight":0.21388999999999986,"degrees":[157,746,16318,34]},"num_concepts_raised":52872},{"base_id":736,"kind":"bot_words","i1":2,"i2":9,"sol":{"path":["/c/en/baal","/c/en/christianity","/c/en/general","/c/en/generalized"],"weight":0.2137599999999998,"degrees":[157,2627,1132,34]},"num_concepts_raised":30898},{"base_id":736,"kind":"bot_words","i1":3,"i2":4,"sol":{"path":["/c/en/yang","/c/en/philosophy","/c/en/memetics","/c/en/meme"],"weight":0.21326000000000006,"degrees":[83,2516,55,195]},"num_concepts_raised":50608},{"base_id":736,"kind":"bot_words","i1":3,"i2":5,"sol":{"path":["/c/en/yang","/c/en/element","/c/en/chemical_compound","/c/en/resorcinol"],"weight":0.20897999999999983,"degrees":[83,1173,2801,67]},"num_concepts_raised":26497},{"base_id":736,"kind":"bot_words","i1":3,"i2":6,"sol":{"path":["/c/en/yang","/c/en/china","/c/en/town","/c/en/zwettl"],"weight":0.20853999999999978,"degrees":[83,1318,2220,31]},"num_concepts_raised":18723},{"base_id":736,"kind":"bot_words","i1":3,"i2":7,"sol":{"path":["/c/en/yang","/c/en/wu","/c/en/city","/c/en/varaždin"],"weight":0.20870999999999973,"degrees":[83,285,3758,53]},"num_concepts_raised":20440},{"base_id":736,"kind":"bot_words","i1":3,"i2":8,"sol":{"path":["/c/en/yang","/c/en/yin_yang","/c/en/slang","/c/en/whiteface"],"weight":0.20462999999999992,"degrees":[83,54,16318,34]},"num_concepts_raised":41768},{"base_id":736,"kind":"bot_words","i1":3,"i2":9,"sol":{"path":["/c/en/yang","/c/en/philosophy","/c/en/general","/c/en/generalized"],"weight":0.20356999999999986,"degrees":[83,2516,1132,34]},"num_concepts_raised":19094},{"base_id":736,"kind":"bot_words","i1":4,"i2":5,"sol":{"path":["/c/en/meme","/c/en/gene","/c/en/organic_matter","/c/en/organic_compound","/c/en/resorcinol"],"weight":0.21816000000000008,"degrees":[195,697,163,7764,67]},"num_concepts_raised":45299},{"base_id":736,"kind":"bot_words","i1":4,"i2":6,"sol":{"path":["/c/en/meme","/c/en/culturgen","/c/en/culture","/c/en/town","/c/en/zwettl"],"weight":0.21748000000000003,"degrees":[195,11,1324,2220,31]},"num_concepts_raised":37483},{"base_id":736,"kind":"bot_words","i1":4,"i2":7,"sol":{"path":["/c/en/meme","/c/en/slang","/c/en/split","/c/en/croatia","/c/en/varaždin"],"weight":0.21775,"degrees":[195,16318,892,1344,53]},"num_concepts_raised":39312},{"base_id":736,"kind":"bot_words","i1":4,"i2":8,"sol":{"path":["/c/en/meme","/c/en/slang","/c/en/whiteface"],"weight":0.20400000000000001,"degrees":[195,16318,34]},"num_concepts_raised":140},{"base_id":736,"kind":"bot_words","i1":4,"i2":9,"sol":{"path":["/c/en/meme","/c/en/biology","/c/en/generalised","/c/en/generalized"],"weight":0.2114600000000001,"degrees":[195,6216,20,34]},"num_concepts_raised":37795},{"base_id":736,"kind":"bot_words","i1":5,"i2":6,"sol":{"path":["/c/en/resorcinol","/c/en/kestin","/c/en/historical","/c/en/town","/c/en/zwettl"],"weight":0.21323999999999982,"degrees":[67,12,8415,2220,31]},"num_concepts_raised":12549},{"base_id":736,"kind":"bot_words","i1":5,"i2":7,"sol":{"path":["/c/en/resorcinol","/c/en/chemical_compound","/c/sh/kemijski_spoj","/c/en/croatia","/c/en/varaždin"],"weight":0.21561999999999976,"degrees":[67,2801,6,1344,53]},"num_concepts_raised":14401},{"base_id":736,"kind":"bot_words","i1":5,"i2":8,"sol":{"path":["/c/en/resorcinol","/c/en/phenol","/c/en/white","/c/en/whiteface"],"weight":0.21052999999999994,"degrees":[67,460,2081,34]},"num_concepts_raised":36072},{"base_id":736,"kind":"bot_words","i1":5,"i2":9,"sol":{"path":["/c/en/resorcinol","/c/en/phenol","/c/en/class","/c/en/general","/c/en/generalized"],"weight":0.21044999999999986,"degrees":[67,460,1926,1132,34]},"num_concepts_raised":13028},{"base_id":736,"kind":"bot_words","i1":6,"i2":7,"sol":{"path":["/c/en/zwettl","/c/en/town","/c/en/city","/c/en/varaždin"],"weight":0.2130599999999997,"degrees":[31,2220,3758,53]},"num_concepts_raised":6120},{"base_id":736,"kind":"bot_words","i1":6,"i2":8,"sol":{"path":["/c/en/zwettl","/c/en/town","/c/en/uk","/c/en/clown","/c/en/whiteface"],"weight":0.20796999999999988,"degrees":[31,2220,5562,501,34]},"num_concepts_raised":28318},{"base_id":736,"kind":"bot_words","i1":6,"i2":9,"sol":{"path":["/c/en/zwettl","/c/en/town","/c/en/place","/c/en/space","/c/en/generalized"],"weight":0.20786999999999983,"degrees":[31,2220,3314,1852,34]},"num_concepts_raised":5252},{"base_id":736,"kind":"bot_words","i1":7,"i2":8,"sol":{"path":["/c/en/varaždin","/c/en/city","/c/en/hereford","/c/en/whiteface"],"weight":0.20810999999999982,"degrees":[53,3758,36,34]},"num_concepts_raised":30143},{"base_id":736,"kind":"bot_words","i1":7,"i2":9,"sol":{"path":["/c/en/varaždin","/c/en/croatia","/c/en/country","/c/en/general","/c/en/generalized"],"weight":0.21011999999999975,"degrees":[53,1344,2796,1132,34]},"num_concepts_raised":7088},{"base_id":736,"kind":"bot_words","i1":8,"i2":9,"sol":{"path":["/c/en/whiteface","/c/en/genus","/c/en/biology","/c/en/generalised","/c/en/generalized"],"weight":0.20391999999999993,"degrees":[34,2240,6216,20,34]},"num_concepts_raised":28700}],[{"base_id":736,"kind":"top_words","i1":0,"i2":1,"sol":{"path":["/c/en/secularize","/c/en/laicize","/c/en/change","/c/en/confuse","/c/en/flummox"],"weight":0.20437,"degrees":[61,32,3383,496,27]},"num_concepts_raised":3341},{"base_id":736,"kind":"top_words","i1":0,"i2":2,"sol":{"path":["/c/en/secularize","/c/en/transfer","/c/en/legal","/c/en/dilapidation","/c/en/disrepair"],"weight":0.20475999999999997,"degrees":[61,1217,6627,80,60]},"num_concepts_raised":3561},{"base_id":736,"kind":"top_words","i1":0,"i2":3,"sol":{"path":["/c/en/secularize","/c/en/transfer","/c/en/movement","/c/en/neoclassicism"],"weight":0.20939999999999998,"degrees":[61,1217,1567,109]},"num_concepts_raised":15893},{"base_id":736,"kind":"top_words","i1":0,"i2":4,"sol":{"path":["/c/en/secularize","/c/en/secular","/c/en/soul_music","/c/en/music","/c/en/deathcore"],"weight":0.2084299999999999,"degrees":[61,300,191,8822,40]},"num_concepts_raised":10123},{"base_id":736,"kind":"top_words","i1":0,"i2":5,"sol":{"path":["/c/en/secularize","/c/fr/séculariser","/c/fr/civil","/c/fr/titre","/c/fr/khédive","/c/en/khedive"],"weight":0.21432979999999996,"degrees":[61,94,260,722,17,38]},"num_concepts_raised":191875},{"base_id":736,"kind":"top_words","i1":0,"i2":6,"sol":{"path":["/c/en/secularize","/c/it/secolarizzare","/c/it/secolo","/c/en/time","/c/en/sith"],"weight":0.20644,"degrees":[61,50,30,4124,27]},"num_concepts_raised":12135},{"base_id":736,"kind":"top_words","i1":0,"i2":7,"sol":{"path":["/c/en/secularize","/c/en/secular","/c/en/rule","/c/ar/ملك","/c/en/mameluke"],"weight":0.20329000000000003,"degrees":[61,300,2063,151,26]},"num_concepts_raised":2927},{"base_id":736,"kind":"top_words","i1":0,"i2":8,"sol":{"path":["/c/en/secularize","/c/en/transfer","/c/en/medicine","/c/ru/рентген","/c/en/röntgen"],"weight":0.20445000000000005,"degrees":[61,1217,11938,20,39]},"num_concepts_raised":11428},{"base_id":736,"kind":"top_words","i1":0,"i2":9,"sol":{"path":["/c/en/secularize","/c/en/change_state","/c/en/explode","/c/en/abruptly","/c/en/brusquely"],"weight":0.2035,"degrees":[61,128,409,231,45]},"num_concepts_raised":2648},{"base_id":736,"kind":"top_words","i1":1,"i2":2,"sol":{"path":["/c/en/flummox","/c/fi/sekoittaa","/c/en/ruin","/c/en/dilapidation","/c/en/disrepair"],"weight":0.20425999999999983,"degrees":[27,86,1013,80,60]},"num_concepts_raised":3210},{"base_id":736,"kind":"top_words","i1":1,"i2":3,"sol":{"path":["/c/en/flummox","/c/en/confuse","/c/en/mix","/c/en/music","/c/en/neoclassicism"],"weight":0.21002999999999986,"degrees":[27,496,1116,8822,109]},"num_concepts_raised":15592},{"base_id":736,"kind":"top_words","i1":1,"i2":4,"sol":{"path":["/c/en/flummox","/c/en/confuse","/c/en/mix","/c/en/music","/c/en/deathcore"],"weight":0.2089399999999998,"degrees":[27,496,1116,8822,40]},"num_concepts_raised":9792},{"base_id":736,"kind":"top_words","i1":1,"i2":5,"sol":{"path":["/c/en/flummox","/c/en/confuse","/c/en/mate","/c/en/king","/c/fa/خدیو","/c/en/khedive"],"weight":0.21166339999999984,"degrees":[27,496,657,1642,17,38]},"num_concepts_raised":141759},{"base_id":736,"kind":"top_words","i1":1,"i2":6,"sol":{"path":["/c/en/flummox","/c/en/confuse","/c/en/throw","/c/en/time","/c/en/sith"],"weight":0.20489999999999986,"degrees":[27,496,1517,4124,27]},"num_concepts_raised":11807},{"base_id":736,"kind":"top_words","i1":1,"i2":7,"sol":{"path":["/c/en/flummox","/c/fr/troubler","/c/fr/posséder","/c/ar/ملك","/c/en/mameluke"],"weight":0.2027299999999999,"degrees":[27,395,451,151,26]},"num_concepts_raised":2579},{"base_id":736,"kind":"top_words","i1":1,"i2":8,"sol":{"path":["/c/en/flummox","/c/en/fluster","/c/en/perturbation","/c/en/physics","/c/en/röntgen"],"weight":0.20297999999999994,"degrees":[27,83,127,9094,39]},"num_concepts_raised":11104},{"base_id":736,"kind":"top_words","i1":1,"i2":9,"sol":{"path":["/c/en/flummox","/c/en/flabbergast","/c/en/floor","/c/fr/brusquement","/c/en/brusquely"],"weight":0.20291999999999988,"degrees":[27,157,1308,129,45]},"num_concepts_raised":2299},{"base_id":736,"kind":"top_words","i1":2,"i2":3,"sol":{"path":["/c/en/disrepair","/c/en/grungy","/c/en/music","/c/en/neoclassicism"],"weight":0.20935999999999982,"degrees":[60,20,8822,109]},"num_concepts_raised":15798},{"base_id":736,"kind":"top_words","i1":2,"i2":4,"sol":{"path":["/c/en/disrepair","/c/en/grungy","/c/en/music","/c/en/deathcore"],"weight":0.20826999999999976,"degrees":[60,20,8822,40]},"num_concepts_raised":10001},{"base_id":736,"kind":"top_words","i1":2,"i2":5,"sol":{"path":["/c/en/disrepair","/c/en/rumpty","/c/en/historical","/c/fa/خدیو","/c/en/khedive"],"weight":0.20534999999999987,"degrees":[60,16,8415,17,38]},"num_concepts_raised":2257},{"base_id":736,"kind":"top_words","i1":2,"i2":6,"sol":{"path":["/c/en/disrepair","/c/en/dilapidation","/c/en/waste","/c/en/time","/c/en/sith"],"weight":0.20540999999999987,"degrees":[60,80,1543,4124,27]},"num_concepts_raised":12027},{"base_id":736,"kind":"top_words","i1":2,"i2":7,"sol":{"path":["/c/en/disrepair","/c/en/rumpty","/c/en/historical","/c/pt/mameluco","/c/en/mameluke"],"weight":0.20413999999999988,"degrees":[60,16,8415,19,26]},"num_concepts_raised":2802},{"base_id":736,"kind":"top_words","i1":2,"i2":8,"sol":{"path":["/c/en/disrepair","/c/en/dilapidation","/c/en/decay","/c/en/physics","/c/en/röntgen"],"weight":0.20467999999999992,"degrees":[60,80,783,9094,39]},"num_concepts_raised":11323},{"base_id":736,"kind":"top_words","i1":2,"i2":9,"sol":{"path":["/c/en/disrepair","/c/en/beat_up","/c/en/suddenly","/c/es/bruscamente","/c/en/brusquely"],"weight":0.20440999999999984,"degrees":[60,223,614,11,45]},"num_concepts_raised":2523},{"base_id":736,"kind":"top_words","i1":3,"i2":4,"sol":{"path":["/c/en/neoclassicism","/c/en/music","/c/en/deathcore"],"weight":0.20600000000000002,"degrees":[109,8822,40]},"num_concepts_raised":120},{"base_id":736,"kind":"top_words","i1":3,"i2":5,"sol":{"path":["/c/en/neoclassicism","/c/en/movement","/c/en/king","/c/fa/خدیو","/c/en/khedive"],"weight":0.2110999999999999,"degrees":[109,1567,1642,17,38]},"num_concepts_raised":14647},{"base_id":736,"kind":"top_words","i1":3,"i2":6,"sol":{"path":["/c/en/neoclassicism","/c/en/music","/c/en/time","/c/en/sith"],"weight":0.21015999999999985,"degrees":[109,8822,4124,27]},"num_concepts_raised":24108},{"base_id":736,"kind":"top_words","i1":3,"i2":7,"sol":{"path":["/c/en/neoclassicism","/c/en/architecture","/c/fr/ordre","/c/fr/mamelouk","/c/en/mameluke"],"weight":0.2099899999999999,"degrees":[109,2564,1138,48,26]},"num_concepts_raised":15182},{"base_id":736,"kind":"top_words","i1":3,"i2":8,"sol":{"path":["/c/en/neoclassicism","/c/en/music","/c/en/medicine","/c/ru/рентген","/c/en/röntgen"],"weight":0.2102099999999999,"degrees":[109,8822,11938,20,39]},"num_concepts_raised":23572},{"base_id":736,"kind":"top_words","i1":3,"i2":9,"sol":{"path":["/c/en/neoclassicism","/c/en/architecture","/c/en/cavalier","/c/en/brusque","/c/en/brusquely"],"weight":0.21013999999999985,"degrees":[109,2564,119,147,45]},"num_concepts_raised":14909},{"base_id":736,"kind":"top_words","i1":4,"i2":5,"sol":{"path":["/c/en/deathcore","/c/en/music","/c/en/country","/c/en/egypt","/c/en/khedive"],"weight":0.2080999999999998,"degrees":[40,8822,2796,430,38]},"num_concepts_raised":8840},{"base_id":736,"kind":"top_words","i1":4,"i2":6,"sol":{"path":["/c/en/deathcore","/c/en/music","/c/en/time","/c/en/sith"],"weight":0.2090499999999998,"degrees":[40,8822,4124,27]},"num_concepts_raised":18470},{"base_id":736,"kind":"top_words","i1":4,"i2":7,"sol":{"path":["/c/en/deathcore","/c/en/music","/c/en/person","/c/en/slave","/c/en/mameluke"],"weight":0.20789999999999983,"degrees":[40,8822,12935,899,26]},"num_concepts_raised":9383},{"base_id":736,"kind":"top_words","i1":4,"i2":8,"sol":{"path":["/c/en/deathcore","/c/en/music","/c/en/medicine","/c/ru/рентген","/c/en/röntgen"],"weight":0.20911999999999983,"degrees":[40,8822,11938,20,39]},"num_concepts_raised":17830},{"base_id":736,"kind":"top_words","i1":4,"i2":9,"sol":{"path":["/c/en/deathcore","/c/en/music","/c/en/flat","/c/en/bluntly","/c/en/brusquely"],"weight":0.20818999999999976,"degrees":[40,8822,1359,48,45]},"num_concepts_raised":9105},{"base_id":736,"kind":"top_words","i1":5,"i2":6,"sol":{"path":["/c/en/khedive","/c/fa/خدیو","/c/en/lord","/c/en/time","/c/en/sith"],"weight":0.20602999999999988,"degrees":[38,17,988,4124,27]},"num_concepts_raised":10873},{"base_id":736,"kind":"top_words","i1":5,"i2":7,"sol":{"path":["/c/en/khedive","/c/fr/khédive","/c/fr/égypte","/c/fr/mamelouk","/c/en/mameluke"],"weight":0.20703999999999995,"degrees":[38,17,315,48,26]},"num_concepts_raised":1610},{"base_id":736,"kind":"top_words","i1":5,"i2":8,"sol":{"path":["/c/en/khedive","/c/fr/khédive","/c/fr/titre","/c/en/chemistry","/c/en/physics","/c/en/röntgen"],"weight":0.21294229999999864,"degrees":[38,17,722,11754,9094,39]},"num_concepts_raised":305057},{"base_id":736,"kind":"top_words","i1":5,"i2":9,"sol":{"path":["/c/en/khedive","/c/fa/خدیو","/c/en/historical","/c/en/cavalier","/c/en/brusque","/c/en/brusquely"],"weight":0.21175779999999989,"degrees":[38,17,8415,119,147,45]},"num_concepts_raised":72617},{"base_id":736,"kind":"top_words","i1":6,"i2":7,"sol":{"path":["/c/en/sith","/c/en/time","/c/en/property","/c/ar/ملك","/c/en/mameluke"],"weight":0.20390999999999992,"degrees":[27,4124,1664,151,26]},"num_concepts_raised":11398},{"base_id":736,"kind":"top_words","i1":6,"i2":8,"sol":{"path":["/c/en/sith","/c/en/time","/c/en/physics","/c/en/röntgen"],"weight":0.20410999999999993,"degrees":[27,4124,9094,39]},"num_concepts_raised":19814},{"base_id":736,"kind":"top_words","i1":6,"i2":9,"sol":{"path":["/c/en/sith","/c/en/time","/c/en/short","/c/en/brusque","/c/en/brusquely"],"weight":0.20507999999999987,"degrees":[27,4124,1446,147,45]},"num_concepts_raised":11132},{"base_id":736,"kind":"top_words","i1":7,"i2":8,"sol":{"path":["/c/en/mameluke","/c/ar/ملك","/c/en/rule","/c/en/physics","/c/en/röntgen"],"weight":0.20301999999999998,"degrees":[26,151,2063,9094,39]},"num_concepts_raised":10687},{"base_id":736,"kind":"top_words","i1":7,"i2":9,"sol":{"path":["/c/en/mameluke","/c/fr/mamelouk","/c/fr/cavalier","/c/fr/brusque","/c/en/brusque","/c/en/brusquely"],"weight":0.2097334999999999,"degrees":[26,48,344,179,147,45]},"num_concepts_raised":131712},{"base_id":736,"kind":"top_words","i1":8,"i2":9,"sol":{"path":["/c/en/röntgen","/c/en/physics","/c/en/snap","/c/en/abruptly","/c/en/brusquely"],"weight":0.20326999999999992,"degrees":[39,9094,634,231,45]},"num_concepts_raised":10413}]]