[[{"base_id":141,"kind":"bot_words","i1":0,"i2":1,"sol":{"path":["/c/en/mira","/c/en/star","/c/en/hand","/c/en/purse"],"weight":0.21767999999999887,"degrees":[65,2132,2596,623]},"num_concepts_raised":64379},{"base_id":141,"kind":"bot_words","i1":0,"i2":2,"sol":{"path":["/c/en/mira","/c/en/binary","/c/en/computing","/c/en/bb"],"weight":0.20832999999999985,"degrees":[65,302,9084,36]},"num_concepts_raised":17509},{"base_id":141,"kind":"bot_words","i1":0,"i2":3,"sol":{"path":["/c/en/mira","/c/en/star","/c/en/lead","/c/en/fishing","/c/en/angling"],"weight":0.21432999999999977,"degrees":[65,2132,2667,1066,132]},"num_concepts_raised":13356},{"base_id":141,"kind":"bot_words","i1":0,"i2":4,"sol":{"path":["/c/en/mira","/c/en/star","/c/en/sol","/c/en/given_name","/c/en/melinda"],"weight":0.21963999999999984,"degrees":[65,2132,201,1247,34]},"num_concepts_raised":6510},{"base_id":141,"kind":"bot_words","i1":0,"i2":5,"sol":{"path":["/c/en/mira","/c/en/star","/c/en/capital","/c/fr/calotte","/c/en/icecap"],"weight":0.21037999999999984,"degrees":[65,2132,1518,90,30]},"num_concepts_raised":3800},{"base_id":141,"kind":"bot_words","i1":0,"i2":6,"sol":{"path":["/c/en/mira","/c/en/star","/c/en/shining","/c/en/merit","/c/en/meritorious"],"weight":0.21336999999999984,"degrees":[65,2132,340,402,80]},"num_concepts_raised":4784},{"base_id":141,"kind":"bot_words","i1":0,"i2":7,"sol":{"path":["/c/en/mira","/c/en/star","/c/en/heavenly","/c/en/citizen","/c/en/citizenship"],"weight":0.2242900000000002,"degrees":[65,2132,229,719,321]},"num_concepts_raised":16658},{"base_id":141,"kind":"bot_words","i1":0,"i2":8,"sol":{"path":["/c/en/mira","/c/en/star","/c/fa/حمل","/c/en/cargo","/c/en/consignment"],"weight":0.21124999999999977,"degrees":[65,2132,18,466,93]},"num_concepts_raised":8381},{"base_id":141,"kind":"bot_words","i1":0,"i2":9,"sol":{"path":["/c/en/mira","/c/en/star","/c/en/point","/c/ru/спроста","/c/en/innocently"],"weight":0.21063999999999988,"degrees":[65,2132,2624,14,46]},"num_concepts_raised":3895},{"base_id":141,"kind":"bot_words","i1":1,"i2":2,"sol":{"path":["/c/en/purse","/c/en/case","/c/en/computing","/c/en/bb"],"weight":0.21033999999999892,"degrees":[623,1773,9084,36]},"num_concepts_raised":74608},{"base_id":141,"kind":"bot_words","i1":1,"i2":3,"sol":{"path":["/c/en/purse","/c/en/bag","/c/en/fishing","/c/en/angling"],"weight":0.2171099999999988,"degrees":[623,1275,1066,132]},"num_concepts_raised":70371},{"base_id":141,"kind":"bot_words","i1":1,"i2":4,"sol":{"path":["/c/en/purse","/c/en/us","/c/en/given_name","/c/en/melinda"],"weight":0.2193599999999989,"degrees":[623,8154,1247,34]},"num_concepts_raised":64276},{"base_id":141,"kind":"bot_words","i1":1,"i2":5,"sol":{"path":["/c/en/purse","/c/en/historical","/c/en/ice_cap","/c/en/icecap"],"weight":0.2110599999999989,"degrees":[623,8415,71,30]},"num_concepts_raised":61730},{"base_id":141,"kind":"bot_words","i1":1,"i2":6,"sol":{"path":["/c/en/purse","/c/en/money","/c/la/meritorius","/c/en/meritorious"],"weight":0.21435999999999888,"degrees":[623,2899,49,80]},"num_concepts_raised":62639},{"base_id":141,"kind":"bot_words","i1":1,"i2":7,"sol":{"path":["/c/en/purse","/c/en/historical","/c/en/citizen","/c/en/citizenship"],"weight":0.22386999999999926,"degrees":[623,8415,719,321]},"num_concepts_raised":73367},{"base_id":141,"kind":"bot_words","i1":1,"i2":8,"sol":{"path":["/c/en/purse","/c/en/money","/c/en/goods","/c/en/consignment"],"weight":0.21334999999999882,"degrees":[623,2899,852,93]},"num_concepts_raised":65797},{"base_id":141,"kind":"bot_words","i1":1,"i2":9,"sol":{"path":["/c/en/purse","/c/en/us","/c/en/purely","/c/en/innocently"],"weight":0.21034999999999893,"degrees":[623,8154,67,46]},"num_concepts_raised":61831},{"base_id":141,"kind":"bot_words","i1":2,"i2":3,"sol":{"path":["/c/en/bb","/c/en/internet_slang","/c/en/troll","/c/en/angling"],"weight":0.20407999999999982,"degrees":[36,905,362,132]},"num_concepts_raised":24108},{"base_id":141,"kind":"bot_words","i1":2,"i2":4,"sol":{"path":["/c/en/bb","/c/en/computing","/c/en/pam","/c/en/given_name","/c/en/melinda"],"weight":0.21205999999999986,"degrees":[36,9084,28,1247,34]},"num_concepts_raised":17427},{"base_id":141,"kind":"bot_words","i1":2,"i2":5,"sol":{"path":["/c/en/bb","/c/en/computing","/c/en/ice","/c/en/ice_cap","/c/en/icecap"],"weight":0.20394999999999985,"degrees":[36,9084,1256,71,30]},"num_concepts_raised":14745},{"base_id":141,"kind":"bot_words","i1":2,"i2":6,"sol":{"path":["/c/en/bb","/c/fr/ma","/c/pt/meu","/c/en/merit","/c/en/meritorious"],"weight":0.20674999999999988,"degrees":[36,120,28,402,80]},"num_concepts_raised":15723},{"base_id":141,"kind":"bot_words","i1":2,"i2":7,"sol":{"path":["/c/en/bb","/c/en/computing","/c/en/citizen","/c/en/citizenship"],"weight":0.21668000000000026,"degrees":[36,9084,719,321]},"num_concepts_raised":27468},{"base_id":141,"kind":"bot_words","i1":2,"i2":8,"sol":{"path":["/c/en/bb","/c/en/computing","/c/en/dispatch","/c/fr/envoi","/c/en/consignment"],"weight":0.20574999999999982,"degrees":[36,9084,585,137,93]},"num_concepts_raised":19227},{"base_id":141,"kind":"bot_words","i1":2,"i2":9,"sol":{"path":["/c/en/bb","/c/en/computing","/c/en/confused_deputy","/c/en/innocent","/c/en/innocently"],"weight":0.2040899999999999,"degrees":[36,9084,9,430,46]},"num_concepts_raised":14838},{"base_id":141,"kind":"bot_words","i1":3,"i2":4,"sol":{"path":["/c/en/angling","/c/en/fishing","/c/en/fly","/c/en/insect","/c/en/melinda"],"weight":0.21583999999999978,"degrees":[132,1066,2276,2112,34]},"num_concepts_raised":13242},{"base_id":141,"kind":"bot_words","i1":3,"i2":5,"sol":{"path":["/c/en/angling","/c/en/fishing","/c/en/head","/c/en/ice_cap","/c/en/icecap"],"weight":0.2076299999999998,"degrees":[132,1066,3580,71,30]},"num_concepts_raised":10550},{"base_id":141,"kind":"bot_words","i1":3,"i2":6,"sol":{"path":["/c/en/angling","/c/en/fishing","/c/en/action","/c/bo/བསོད_ནམས","/c/en/meritorious"],"weight":0.20723999999999979,"degrees":[132,1066,2156,8,80]},"num_concepts_raised":11539},{"base_id":141,"kind":"bot_words","i1":3,"i2":7,"sol":{"path":["/c/en/angling","/c/en/line","/c/en/state","/c/en/citizenship"],"weight":0.21375000000000016,"degrees":[132,3018,3243,321]},"num_concepts_raised":23290},{"base_id":141,"kind":"bot_words","i1":3,"i2":8,"sol":{"path":["/c/en/angling","/c/en/fishing","/c/en/business","/c/en/consign","/c/en/consignment"],"weight":0.20837999999999973,"degrees":[132,1066,2538,119,93]},"num_concepts_raised":15044},{"base_id":141,"kind":"bot_words","i1":3,"i2":9,"sol":{"path":["/c/en/angling","/c/en/rod","/c/en/us","/c/en/purely","/c/en/innocently"],"weight":0.20529999999999982,"degrees":[132,750,8154,67,46]},"num_concepts_raised":10654},{"base_id":141,"kind":"bot_words","i1":4,"i2":5,"sol":{"path":["/c/en/melinda","/c/en/insect","/c/en/layer","/c/en/glacier","/c/en/icecap"],"weight":0.21189999999999987,"degrees":[34,2112,898,408,30]},"num_concepts_raised":3659},{"base_id":141,"kind":"bot_words","i1":4,"i2":6,"sol":{"path":["/c/en/melinda","/c/en/insect","/c/en/wog","/c/en/worthy","/c/en/meritorious"],"weight":0.21378999999999984,"degrees":[34,2112,74,465,80]},"num_concepts_raised":4647},{"base_id":141,"kind":"bot_words","i1":4,"i2":7,"sol":{"path":["/c/en/melinda","/c/en/insect","/c/en/group","/c/en/citizen","/c/en/citizenship"],"weight":0.22577000000000022,"degrees":[34,2112,2339,719,321]},"num_concepts_raised":16561},{"base_id":141,"kind":"bot_words","i1":4,"i2":8,"sol":{"path":["/c/en/melinda","/c/en/given_name","/c/en/tom","/c/en/cargo","/c/en/consignment"],"weight":0.2127899999999998,"degrees":[34,1247,202,466,93]},"num_concepts_raised":8248},{"base_id":141,"kind":"bot_words","i1":4,"i2":9,"sol":{"path":["/c/en/melinda","/c/en/insect","/c/la/in","/c/en/innocent","/c/en/innocently"],"weight":0.21317999999999987,"degrees":[34,2112,637,430,46]},"num_concepts_raised":3752},{"base_id":141,"kind":"bot_words","i1":5,"i2":6,"sol":{"path":["/c/en/icecap","/c/en/ice_cap","/c/en/historical","/c/ja/しでん","/c/en/meritorious"],"weight":0.20451999999999987,"degrees":[30,71,8415,25,80]},"num_concepts_raised":1934},{"base_id":141,"kind":"bot_words","i1":5,"i2":7,"sol":{"path":["/c/en/icecap","/c/en/ice_cap","/c/en/historical","/c/en/citizen","/c/en/citizenship"],"weight":0.21775000000000022,"degrees":[30,71,8415,719,321]},"num_concepts_raised":13859},{"base_id":141,"kind":"bot_words","i1":5,"i2":8,"sol":{"path":["/c/en/icecap","/c/en/glacier","/c/en/large","/c/en/parcel","/c/en/consignment"],"weight":0.20346999999999982,"degrees":[30,408,1592,433,93]},"num_concepts_raised":5539},{"base_id":141,"kind":"bot_words","i1":5,"i2":9,"sol":{"path":["/c/en/icecap","/c/en/ice_cap","/c/en/head","/c/en/person","/c/en/innocent","/c/en/innocently"],"weight":0.20986659999999985,"degrees":[30,71,3580,12935,430,46]},"num_concepts_raised":104975},{"base_id":141,"kind":"bot_words","i1":6,"i2":7,"sol":{"path":["/c/en/meritorious","/c/en/merit","/c/en/good","/c/en/citizen","/c/en/citizenship"],"weight":0.21959000000000023,"degrees":[80,402,2615,719,321]},"num_concepts_raised":14806},{"base_id":141,"kind":"bot_words","i1":6,"i2":8,"sol":{"path":["/c/en/meritorious","/c/en/merit","/c/en/good","/c/en/goods","/c/en/consignment"],"weight":0.2064599999999998,"degrees":[80,402,2615,852,93]},"num_concepts_raised":6513},{"base_id":141,"kind":"bot_words","i1":6,"i2":9,"sol":{"path":["/c/en/meritorious","/c/en/worthy","/c/en/righteous","/c/en/innocent","/c/en/innocently"],"weight":0.20590999999999987,"degrees":[80,465,223,430,46]},"num_concepts_raised":2025},{"base_id":141,"kind":"bot_words","i1":7,"i2":8,"sol":{"path":["/c/en/citizenship","/c/en/law","/c/en/collection","/c/en/consignment"],"weight":0.2130600000000002,"degrees":[321,3727,967,93]},"num_concepts_raised":18335},{"base_id":141,"kind":"bot_words","i1":7,"i2":9,"sol":{"path":["/c/en/citizenship","/c/en/citizen","/c/en/person","/c/en/innocent","/c/en/innocently"],"weight":0.21791000000000027,"degrees":[321,719,12935,430,46]},"num_concepts_raised":13944},{"base_id":141,"kind":"bot_words","i1":8,"i2":9,"sol":{"path":["/c/en/consignment","/c/fr/expédition","/c/fr/dessein","/c/fr/innocemment","/c/en/innocently"],"weight":0.20577999999999985,"degrees":[93,148,317,30,46]},"num_concepts_raised":5635}],[{"base_id":141,"kind":"top_words","i1":0,"i2":1,"sol":{"path":["/c/en/math","/c/en/class","/c/en/grade"],"weight":0.20400000000000001,"degrees":[914,1926,731]},"num_concepts_raised":1493},{"base_id":141,"kind":"top_words","i1":0,"i2":2,"sol":{"path":["/c/en/math","/c/en/school","/c/en/grades"],"weight":0.203,"degrees":[914,2171,24]},"num_concepts_raised":893},{"base_id":141,"kind":"top_words","i1":0,"i2":3,"sol":{"path":["/c/en/math","/c/en/school","/c/en/kindergarten"],"weight":0.20400000000000001,"degrees":[914,2171,365]},"num_concepts_raised":1124},{"base_id":141,"kind":"top_words","i1":0,"i2":4,"sol":{"path":["/c/en/math","/c/en/mathematics","/c/en/grade","/c/en/grader"],"weight":0.2181699999999967,"degrees":[914,7601,731,71]},"num_concepts_raised":90980},{"base_id":141,"kind":"top_words","i1":0,"i2":5,"sol":{"path":["/c/en/math","/c/en/mathematics","/c/en/fluent","/c/en/proficient"],"weight":0.2181599999999964,"degrees":[914,7601,172,248]},"num_concepts_raised":98367},{"base_id":141,"kind":"top_words","i1":0,"i2":6,"sol":{"path":["/c/en/math","/c/en/school","/c/en/elementary"],"weight":0.203,"degrees":[914,2171,196]},"num_concepts_raised":1031},{"base_id":141,"kind":"top_words","i1":0,"i2":7,"sol":{"path":["/c/en/math","/c/en/mathematics","/c/en/act","/c/en/proficiency"],"weight":0.21764999999999646,"degrees":[914,7601,2503,200]},"num_concepts_raised":102787},{"base_id":141,"kind":"top_words","i1":0,"i2":8,"sol":{"path":["/c/en/math","/c/en/class","/c/en/students"],"weight":0.203,"degrees":[914,1926,135]},"num_concepts_raised":1004},{"base_id":141,"kind":"top_words","i1":0,"i2":9,"sol":{"path":["/c/en/math","/c/en/algebra"],"weight":0.20400000000000001,"degrees":[914,709]},"num_concepts_raised":1418},{"base_id":141,"kind":"top_words","i1":1,"i2":2,"sol":{"path":["/c/en/grade","/c/en/grades"],"weight":0.20500000000000002,"degrees":[731,24]},"num_concepts_raised":640},{"base_id":141,"kind":"top_words","i1":1,"i2":3,"sol":{"path":["/c/en/grade","/c/en/kindergarten"],"weight":0.20400000000000001,"degrees":[731,365]},"num_concepts_raised":877},{"base_id":141,"kind":"top_words","i1":1,"i2":4,"sol":{"path":["/c/en/grade","/c/en/grader"],"weight":0.20500000000000002,"degrees":[731,71]},"num_concepts_raised":684},{"base_id":141,"kind":"top_words","i1":1,"i2":5,"sol":{"path":["/c/en/grade","/c/en/score","/c/en/fact","/c/en/proficient"],"weight":0.21696999999999772,"degrees":[731,922,649,248]},"num_concepts_raised":93970},{"base_id":141,"kind":"top_words","i1":1,"i2":6,"sol":{"path":["/c/en/grade","/c/en/school","/c/en/elementary"],"weight":0.203,"degrees":[731,2171,196]},"num_concepts_raised":786},{"base_id":141,"kind":"top_words","i1":1,"i2":7,"sol":{"path":["/c/en/grade","/c/en/test","/c/en/proficiency"],"weight":0.203,"degrees":[731,1443,200]},"num_concepts_raised":792},{"base_id":141,"kind":"top_words","i1":1,"i2":8,"sol":{"path":["/c/en/grade","/c/en/school","/c/en/students"],"weight":0.203,"degrees":[731,2171,135]},"num_concepts_raised":758},{"base_id":141,"kind":"top_words","i1":1,"i2":9,"sol":{"path":["/c/en/grade","/c/en/class","/c/en/algebra"],"weight":0.20500000000000002,"degrees":[731,1926,709]},"num_concepts_raised":1188},{"base_id":141,"kind":"top_words","i1":2,"i2":3,"sol":{"path":["/c/en/grades","/c/en/grade","/c/en/kindergarten"],"weight":0.20600000000000002,"degrees":[24,731,365]},"num_concepts_raised":267},{"base_id":141,"kind":"top_words","i1":2,"i2":4,"sol":{"path":["/c/en/grades","/c/en/grade","/c/en/grader"],"weight":0.20600000000000002,"degrees":[24,731,71]},"num_concepts_raised":75},{"base_id":141,"kind":"top_words","i1":2,"i2":5,"sol":{"path":["/c/en/grades","/c/en/test","/c/en/proficiency","/c/en/proficient"],"weight":0.20561999999999958,"degrees":[24,1443,200,248]},"num_concepts_raised":16176},{"base_id":141,"kind":"top_words","i1":2,"i2":6,"sol":{"path":["/c/en/grades","/c/en/school","/c/en/elementary"],"weight":0.20400000000000001,"degrees":[24,2171,196]},"num_concepts_raised":176},{"base_id":141,"kind":"top_words","i1":2,"i2":7,"sol":{"path":["/c/en/grades","/c/en/test","/c/en/proficiency"],"weight":0.202,"degrees":[24,1443,200]},"num_concepts_raised":180},{"base_id":141,"kind":"top_words","i1":2,"i2":8,"sol":{"path":["/c/en/grades","/c/en/school","/c/en/students"],"weight":0.20400000000000001,"degrees":[24,2171,135]},"num_concepts_raised":148},{"base_id":141,"kind":"top_words","i1":2,"i2":9,"sol":{"path":["/c/en/grades","/c/en/school","/c/en/algebra"],"weight":0.20500000000000002,"degrees":[24,2171,709]},"num_concepts_raised":582},{"base_id":141,"kind":"top_words","i1":3,"i2":4,"sol":{"path":["/c/en/kindergarten","/c/en/grade","/c/en/grader"],"weight":0.20600000000000002,"degrees":[365,731,71]},"num_concepts_raised":305},{"base_id":141,"kind":"top_words","i1":3,"i2":5,"sol":{"path":["/c/en/kindergarten","/c/en/education","/c/en/fact","/c/en/proficient"],"weight":0.2156199999999997,"degrees":[365,1899,649,248]},"num_concepts_raised":44662},{"base_id":141,"kind":"top_words","i1":3,"i2":6,"sol":{"path":["/c/en/kindergarten","/c/en/school","/c/en/elementary"],"weight":0.20500000000000002,"degrees":[365,2171,196]},"num_concepts_raised":405},{"base_id":141,"kind":"top_words","i1":3,"i2":7,"sol":{"path":["/c/en/kindergarten","/c/en/united_states","/c/en/competence","/c/en/proficiency"],"weight":0.21634999999999976,"degrees":[365,1636,254,200]},"num_concepts_raised":49702},{"base_id":141,"kind":"top_words","i1":3,"i2":8,"sol":{"path":["/c/en/kindergarten","/c/en/school","/c/en/students"],"weight":0.20500000000000002,"degrees":[365,2171,135]},"num_concepts_raised":381},{"base_id":141,"kind":"top_words","i1":3,"i2":9,"sol":{"path":["/c/en/kindergarten","/c/en/school","/c/en/algebra"],"weight":0.20600000000000002,"degrees":[365,2171,709]},"num_concepts_raised":813},{"base_id":141,"kind":"top_words","i1":4,"i2":5,"sol":{"path":["/c/en/grader","/c/ru/грейдер","/c/en/technical","/c/en/proficient"],"weight":0.20718999999999949,"degrees":[71,15,470,248]},"num_concepts_raised":12806},{"base_id":141,"kind":"top_words","i1":4,"i2":6,"sol":{"path":["/c/en/grader","/c/en/grade","/c/en/school","/c/en/elementary"],"weight":0.20852999999999963,"degrees":[71,731,2171,196]},"num_concepts_raised":25105},{"base_id":141,"kind":"top_words","i1":4,"i2":7,"sol":{"path":["/c/en/grader","/c/en/grade","/c/en/test","/c/en/proficiency"],"weight":0.20731999999999956,"degrees":[71,731,1443,200]},"num_concepts_raised":18194},{"base_id":141,"kind":"top_words","i1":4,"i2":8,"sol":{"path":["/c/en/grader","/c/en/grade","/c/en/school","/c/en/students"],"weight":0.20779999999999943,"degrees":[71,731,2171,135]},"num_concepts_raised":19938},{"base_id":141,"kind":"top_words","i1":4,"i2":9,"sol":{"path":["/c/en/grader","/c/en/grade","/c/en/mathematics","/c/en/algebra"],"weight":0.22239999999999877,"degrees":[71,731,7601,709]},"num_concepts_raised":69545},{"base_id":141,"kind":"top_words","i1":5,"i2":6,"sol":{"path":["/c/en/proficient","/c/en/technical","/c/en/fundamental","/c/en/elementary"],"weight":0.20811999999999936,"degrees":[248,470,354,196]},"num_concepts_raised":33226},{"base_id":141,"kind":"top_words","i1":5,"i2":7,"sol":{"path":["/c/en/proficient","/c/en/proficiency"],"weight":0.202,"degrees":[248,200]},"num_concepts_raised":357},{"base_id":141,"kind":"top_words","i1":5,"i2":8,"sol":{"path":["/c/en/proficient","/c/de/erfahren","/c/en/learn","/c/en/students"],"weight":0.20776999999999915,"degrees":[248,198,1185,135]},"num_concepts_raised":28047},{"base_id":141,"kind":"top_words","i1":5,"i2":9,"sol":{"path":["/c/en/proficient","/c/en/expert","/c/en/field","/c/en/algebra"],"weight":0.22316999999999854,"degrees":[248,683,2150,709]},"num_concepts_raised":77269},{"base_id":141,"kind":"top_words","i1":6,"i2":7,"sol":{"path":["/c/en/elementary","/c/en/primary","/c/en/master","/c/en/proficiency"],"weight":0.2082799999999994,"degrees":[196,442,1522,200]},"num_concepts_raised":38406},{"base_id":141,"kind":"top_words","i1":6,"i2":8,"sol":{"path":["/c/en/elementary","/c/en/school","/c/en/students"],"weight":0.20400000000000001,"degrees":[196,2171,135]},"num_concepts_raised":289},{"base_id":141,"kind":"top_words","i1":6,"i2":9,"sol":{"path":["/c/en/elementary","/c/en/school","/c/en/algebra"],"weight":0.20500000000000002,"degrees":[196,2171,709]},"num_concepts_raised":721},{"base_id":141,"kind":"top_words","i1":7,"i2":8,"sol":{"path":["/c/en/proficiency","/c/en/test","/c/en/students"],"weight":0.202,"degrees":[200,1443,135]},"num_concepts_raised":293},{"base_id":141,"kind":"top_words","i1":7,"i2":9,"sol":{"path":["/c/en/proficiency","/c/en/act","/c/en/mathematics","/c/en/algebra"],"weight":0.22183999999999854,"degrees":[200,2503,7601,709]},"num_concepts_raised":82143},{"base_id":141,"kind":"top_words","i1":8,"i2":9,"sol":{"path":["/c/en/students","/c/en/school","/c/en/algebra"],"weight":0.20500000000000002,"degrees":[135,2171,709]},"num_concepts_raised":694}]]