[[{"base_id":971,"kind":"bot_words","i1":0,"i2":1,"sol":{"path":["/c/en/lotte","/c/en/bank","/c/en/two","/c/en/deuce"],"weight":0.21665999999999966,"degrees":[28,1660,1673,142]},"num_concepts_raised":17792},{"base_id":971,"kind":"bot_words","i1":0,"i2":2,"sol":{"path":["/c/en/lotte","/c/en/bank","/c/en/music","/c/en/glee","/c/en/mirth"],"weight":0.2091199999999997,"degrees":[28,1660,8822,100,115]},"num_concepts_raised":7967},{"base_id":971,"kind":"bot_words","i1":0,"i2":3,"sol":{"path":["/c/en/lotte","/c/en/bank","/c/en/robbery","/c/en/crime","/c/en/penology"],"weight":0.2135399999999999,"degrees":[28,1660,464,1155,70]},"num_concepts_raised":5489},{"base_id":971,"kind":"bot_words","i1":0,"i2":4,"sol":{"path":["/c/en/lotte","/c/en/bank","/c/en/area","/c/en/hejaz"],"weight":0.2137699999999998,"degrees":[28,1660,1840,95]},"num_concepts_raised":9101},{"base_id":971,"kind":"bot_words","i1":0,"i2":5,"sol":{"path":["/c/en/lotte","/c/en/bank","/c/en/slang","/c/en/kamikaze"],"weight":0.21442999999999984,"degrees":[28,1660,16318,147]},"num_concepts_raised":22879},{"base_id":971,"kind":"bot_words","i1":0,"i2":6,"sol":{"path":["/c/en/lotte","/c/en/bank","/c/en/card_game","/c/en/bid","/c/en/overbid"],"weight":0.20903999999999984,"degrees":[28,1660,470,587,41]},"num_concepts_raised":12497},{"base_id":971,"kind":"bot_words","i1":0,"i2":7,"sol":{"path":["/c/en/lotte","/c/en/burbot","/c/en/fish","/c/en/person","/c/en/abhimanyu"],"weight":0.21321,"degrees":[28,137,4424,12935,47]},"num_concepts_raised":14968},{"base_id":971,"kind":"bot_words","i1":0,"i2":8,"sol":{"path":["/c/en/lotte","/c/en/bank","/c/en/company","/c/en/lexicon","/c/en/lexicology"],"weight":0.21684000000000012,"degrees":[28,1660,2258,152,143]},"num_concepts_raised":8860},{"base_id":971,"kind":"bot_words","i1":0,"i2":9,"sol":{"path":["/c/en/lotte","/c/en/bank","/c/en/reserve","/c/en/medicine","/c/en/ultrasonography"],"weight":0.2079999999999999,"degrees":[28,1660,702,11938,34]},"num_concepts_raised":14533},{"base_id":971,"kind":"bot_words","i1":1,"i2":2,"sol":{"path":["/c/en/deuce","/c/en/die","/c/en/laughter","/c/en/mirth"],"weight":0.21049999999999955,"degrees":[142,2528,536,115]},"num_concepts_raised":22645},{"base_id":971,"kind":"bot_words","i1":1,"i2":3,"sol":{"path":["/c/en/deuce","/c/en/two","/c/en/person","/c/en/crime","/c/en/penology"],"weight":0.21746999999999975,"degrees":[142,1673,12935,1155,70]},"num_concepts_raised":20240},{"base_id":971,"kind":"bot_words","i1":1,"i2":4,"sol":{"path":["/c/en/deuce","/c/en/devil","/c/en/islam","/c/en/hejaz"],"weight":0.21752999999999964,"degrees":[142,971,1651,95]},"num_concepts_raised":23593},{"base_id":971,"kind":"bot_words","i1":1,"i2":5,"sol":{"path":["/c/en/deuce","/c/en/two","/c/en/attack","/c/en/kamikaze"],"weight":0.2182999999999997,"degrees":[142,1673,1799,147]},"num_concepts_raised":36897},{"base_id":971,"kind":"bot_words","i1":1,"i2":6,"sol":{"path":["/c/en/deuce","/c/pl/dwójka","/c/en/card_games","/c/en/overbid"],"weight":0.21430999999999967,"degrees":[142,20,652,41]},"num_concepts_raised":26740},{"base_id":971,"kind":"bot_words","i1":1,"i2":7,"sol":{"path":["/c/en/deuce","/c/en/two","/c/en/person","/c/en/abhimanyu"],"weight":0.21710999999999983,"degrees":[142,1673,12935,47]},"num_concepts_raised":29488},{"base_id":971,"kind":"bot_words","i1":1,"i2":8,"sol":{"path":["/c/en/deuce","/c/en/consecutive","/c/en/linguistics","/c/en/lexicology"],"weight":0.21624999999999994,"degrees":[142,160,4250,143]},"num_concepts_raised":23563},{"base_id":971,"kind":"bot_words","i1":1,"i2":9,"sol":{"path":["/c/en/deuce","/c/en/cast","/c/en/medicine","/c/en/ultrasonography"],"weight":0.20936999999999975,"degrees":[142,1163,11938,34]},"num_concepts_raised":29208},{"base_id":971,"kind":"bot_words","i1":2,"i2":3,"sol":{"path":["/c/en/mirth","/c/en/merriment","/c/en/fun","/c/en/punishment","/c/en/penology"],"weight":0.21095999999999981,"degrees":[115,87,1070,1026,70]},"num_concepts_raised":10388},{"base_id":971,"kind":"bot_words","i1":2,"i2":4,"sol":{"path":["/c/en/mirth","/c/en/laughter","/c/en/singing","/c/en/medina","/c/en/hejaz"],"weight":0.2120899999999997,"degrees":[115,536,694,111,95]},"num_concepts_raised":14059},{"base_id":971,"kind":"bot_words","i1":2,"i2":5,"sol":{"path":["/c/en/mirth","/c/en/rouse","/c/en/slang","/c/en/kamikaze"],"weight":0.21049999999999974,"degrees":[115,280,16318,147]},"num_concepts_raised":27720},{"base_id":971,"kind":"bot_words","i1":2,"i2":6,"sol":{"path":["/c/en/mirth","/c/en/laughter","/c/en/play","/c/en/overbid"],"weight":0.2041699999999997,"degrees":[115,536,3092,41]},"num_concepts_raised":17333},{"base_id":971,"kind":"bot_words","i1":2,"i2":7,"sol":{"path":["/c/en/mirth","/c/en/laughter","/c/en/person","/c/en/abhimanyu"],"weight":0.2094899999999999,"degrees":[115,536,12935,47]},"num_concepts_raised":19790},{"base_id":971,"kind":"bot_words","i1":2,"i2":8,"sol":{"path":["/c/en/mirth","/c/fi/hilpeys","/c/en/animation","/c/en/linguistics","/c/en/lexicology"],"weight":0.21199,"degrees":[115,17,381,4250,143]},"num_concepts_raised":13776},{"base_id":971,"kind":"bot_words","i1":2,"i2":9,"sol":{"path":["/c/en/mirth","/c/en/laugh","/c/en/medicine","/c/en/ultrasonography"],"weight":0.20420999999999978,"degrees":[115,1103,11938,34]},"num_concepts_raised":19416},{"base_id":971,"kind":"bot_words","i1":3,"i2":4,"sol":{"path":["/c/en/penology","/c/en/crime","/c/en/person","/c/en/place","/c/en/hejaz"],"weight":0.2145499999999999,"degrees":[70,1155,12935,3314,95]},"num_concepts_raised":11573},{"base_id":971,"kind":"bot_words","i1":3,"i2":5,"sol":{"path":["/c/en/penology","/c/en/crime","/c/en/attack","/c/en/kamikaze"],"weight":0.21516999999999992,"degrees":[70,1155,1799,147]},"num_concepts_raised":25278},{"base_id":971,"kind":"bot_words","i1":3,"i2":6,"sol":{"path":["/c/en/penology","/c/en/study","/c/en/play","/c/en/overbid"],"weight":0.2085499999999999,"degrees":[70,1753,3092,41]},"num_concepts_raised":14920},{"base_id":971,"kind":"bot_words","i1":3,"i2":7,"sol":{"path":["/c/en/penology","/c/en/crime","/c/en/person","/c/en/abhimanyu"],"weight":0.2139600000000001,"degrees":[70,1155,12935,47]},"num_concepts_raised":17375},{"base_id":971,"kind":"bot_words","i1":3,"i2":8,"sol":{"path":["/c/en/penology","/c/en/logy","/c/en/lexicology"],"weight":0.20600000000000002,"degrees":[70,543,143]},"num_concepts_raised":134},{"base_id":971,"kind":"bot_words","i1":3,"i2":9,"sol":{"path":["/c/en/penology","/c/en/prevention","/c/en/medicine","/c/en/ultrasonography"],"weight":0.20867999999999998,"degrees":[70,190,11938,34]},"num_concepts_raised":16919},{"base_id":971,"kind":"bot_words","i1":4,"i2":5,"sol":{"path":["/c/en/hejaz","/c/en/area","/c/en/slang","/c/en/kamikaze"],"weight":0.21544999999999984,"degrees":[95,1840,16318,147]},"num_concepts_raised":28868},{"base_id":971,"kind":"bot_words","i1":4,"i2":6,"sol":{"path":["/c/en/hejaz","/c/en/islam","/c/en/bid","/c/en/overbid"],"weight":0.20996999999999982,"degrees":[95,1651,587,41]},"num_concepts_raised":18479},{"base_id":971,"kind":"bot_words","i1":4,"i2":7,"sol":{"path":["/c/en/hejaz","/c/en/place","/c/en/person","/c/en/abhimanyu"],"weight":0.2142,"degrees":[95,3314,12935,47]},"num_concepts_raised":20950},{"base_id":971,"kind":"bot_words","i1":4,"i2":8,"sol":{"path":["/c/en/hejaz","/c/en/place","/c/en/toponymy","/c/en/lexicology"],"weight":0.2177900000000001,"degrees":[95,3314,132,143]},"num_concepts_raised":14946},{"base_id":971,"kind":"bot_words","i1":4,"i2":9,"sol":{"path":["/c/en/hejaz","/c/en/area","/c/en/camp","/c/en/medicine","/c/en/ultrasonography"],"weight":0.20901999999999987,"degrees":[95,1840,1077,11938,34]},"num_concepts_raised":20593},{"base_id":971,"kind":"bot_words","i1":5,"i2":6,"sol":{"path":["/c/en/kamikaze","/c/en/fail","/c/en/goal","/c/en/overbid"],"weight":0.20943999999999985,"degrees":[147,1103,977,41]},"num_concepts_raised":32064},{"base_id":971,"kind":"bot_words","i1":5,"i2":7,"sol":{"path":["/c/en/kamikaze","/c/en/fail","/c/en/person","/c/en/abhimanyu"],"weight":0.21481000000000003,"degrees":[147,1103,12935,47]},"num_concepts_raised":34440},{"base_id":971,"kind":"bot_words","i1":5,"i2":8,"sol":{"path":["/c/en/kamikaze","/c/en/slang","/c/en/word","/c/en/lexicology"],"weight":0.2164200000000001,"degrees":[147,16318,2436,143]},"num_concepts_raised":28662},{"base_id":971,"kind":"bot_words","i1":5,"i2":9,"sol":{"path":["/c/en/kamikaze","/c/en/slang","/c/en/medicine","/c/en/ultrasonography"],"weight":0.20966999999999994,"degrees":[147,16318,11938,34]},"num_concepts_raised":34263},{"base_id":971,"kind":"bot_words","i1":6,"i2":7,"sol":{"path":["/c/en/overbid","/c/en/play","/c/en/person","/c/en/abhimanyu"],"weight":0.2083,"degrees":[41,3092,12935,47]},"num_concepts_raised":24329},{"base_id":971,"kind":"bot_words","i1":6,"i2":8,"sol":{"path":["/c/en/overbid","/c/en/play","/c/fr/partie","/c/fr/lexicologie","/c/en/lexicology"],"weight":0.21426000000000012,"degrees":[41,3092,2399,58,143]},"num_concepts_raised":18302},{"base_id":971,"kind":"bot_words","i1":6,"i2":9,"sol":{"path":["/c/en/overbid","/c/en/bridge","/c/en/medicine","/c/en/ultrasonography"],"weight":0.20417999999999992,"degrees":[41,1690,11938,34]},"num_concepts_raised":23947},{"base_id":971,"kind":"bot_words","i1":7,"i2":8,"sol":{"path":["/c/en/abhimanyu","/c/en/person","/c/en/name","/c/en/onomastics","/c/en/lexicology"],"weight":0.2172900000000003,"degrees":[47,12935,2629,160,143]},"num_concepts_raised":20740},{"base_id":971,"kind":"bot_words","i1":7,"i2":9,"sol":{"path":["/c/en/abhimanyu","/c/en/person","/c/en/human","/c/en/ultrasound","/c/en/ultrasonography"],"weight":0.20845000000000008,"degrees":[47,12935,2645,220,34]},"num_concepts_raised":26419},{"base_id":971,"kind":"bot_words","i1":8,"i2":9,"sol":{"path":["/c/en/lexicology","/c/en/lexicography","/c/en/glossology","/c/en/medicine","/c/en/ultrasonography"],"weight":0.2120800000000002,"degrees":[143,299,26,11938,34]},"num_concepts_raised":20261}],[{"base_id":971,"kind":"top_words","i1":0,"i2":1,"sol":{"path":["/c/en/geelong","/c/en/city","/c/en/group","/c/en/league"],"weight":0.22454999999999892,"degrees":[49,3758,2339,438]},"num_concepts_raised":35796},{"base_id":971,"kind":"top_words","i1":0,"i2":2,"sol":{"path":["/c/en/geelong","/c/en/city","/c/en/fremantle"],"weight":0.20700000000000002,"degrees":[49,3758,42]},"num_concepts_raised":83},{"base_id":971,"kind":"top_words","i1":0,"i2":3,"sol":{"path":["/c/en/geelong","/c/en/australia","/c/en/football","/c/en/premiership"],"weight":0.20810999999999974,"degrees":[49,2690,1072,35]},"num_concepts_raised":13333},{"base_id":971,"kind":"top_words","i1":0,"i2":4,"sol":{"path":["/c/en/geelong","/c/en/city","/c/en/soccer","/c/en/rugby"],"weight":0.21563999999999905,"degrees":[49,3758,1103,454]},"num_concepts_raised":151299},{"base_id":971,"kind":"top_words","i1":0,"i2":5,"sol":{"path":["/c/en/geelong","/c/en/australia","/c/en/football"],"weight":0.20400000000000001,"degrees":[49,2690,1072]},"num_concepts_raised":913},{"base_id":971,"kind":"top_words","i1":0,"i2":6,"sol":{"path":["/c/en/geelong","/c/en/victoria","/c/fr/localités","/c/en/hawthorn"],"weight":0.20996999999999974,"degrees":[49,497,110113,174]},"num_concepts_raised":122949},{"base_id":971,"kind":"top_words","i1":0,"i2":7,"sol":{"path":["/c/en/geelong","/c/en/australia","/c/en/draught","/c/en/draft"],"weight":0.23176999999999798,"degrees":[49,2690,247,774]},"num_concepts_raised":72566},{"base_id":971,"kind":"top_words","i1":0,"i2":8,"sol":{"path":["/c/en/geelong","/c/en/city","/c/en/soccer","/c/en/mls"],"weight":0.21002999999999986,"degrees":[49,3758,1103,26]},"num_concepts_raised":16406},{"base_id":971,"kind":"top_words","i1":0,"i2":9,"sol":{"path":["/c/en/geelong","/c/en/australia","/c/en/arabic","/c/en/abaya","/c/en/aba"],"weight":0.2177099999999996,"degrees":[49,2690,479,19,88]},"num_concepts_raised":12633},{"base_id":971,"kind":"top_words","i1":1,"i2":2,"sol":{"path":["/c/en/league","/c/en/group","/c/en/city","/c/en/fremantle"],"weight":0.22243999999999897,"degrees":[438,2339,3758,42]},"num_concepts_raised":33910},{"base_id":971,"kind":"top_words","i1":1,"i2":3,"sol":{"path":["/c/en/league","/c/en/championship","/c/en/premiership"],"weight":0.20600000000000002,"degrees":[438,212,35]},"num_concepts_raised":379},{"base_id":971,"kind":"top_words","i1":1,"i2":4,"sol":{"path":["/c/en/league","/c/en/rugby_league","/c/en/rugby"],"weight":0.20600000000000002,"degrees":[438,67,454]},"num_concepts_raised":719},{"base_id":971,"kind":"top_words","i1":1,"i2":5,"sol":{"path":["/c/en/league","/c/en/team","/c/en/football"],"weight":0.20800000000000002,"degrees":[438,902,1072]},"num_concepts_raised":1209},{"base_id":971,"kind":"top_words","i1":1,"i2":6,"sol":{"path":["/c/en/league","/c/en/ivy","/c/en/tree","/c/en/hawthorn"],"weight":0.21893999999999902,"degrees":[438,266,3598,174]},"num_concepts_raised":147251},{"base_id":971,"kind":"top_words","i1":1,"i2":7,"sol":{"path":["/c/en/league","/c/en/sports","/c/en/draft"],"weight":0.20900000000000002,"degrees":[438,3417,774]},"num_concepts_raised":971},{"base_id":971,"kind":"top_words","i1":1,"i2":8,"sol":{"path":["/c/en/league","/c/en/organization","/c/en/mls"],"weight":0.20600000000000002,"degrees":[438,1375,26]},"num_concepts_raised":365},{"base_id":971,"kind":"top_words","i1":1,"i2":9,"sol":{"path":["/c/en/league","/c/en/pile","/c/en/fabric","/c/en/aba"],"weight":0.22260999999999886,"degrees":[438,814,1105,88]},"num_concepts_raised":36732},{"base_id":971,"kind":"top_words","i1":2,"i2":3,"sol":{"path":["/c/en/fremantle","/c/en/western_australia","/c/en/football","/c/en/premiership"],"weight":0.2079999999999998,"degrees":[42,184,1072,35]},"num_concepts_raised":11511},{"base_id":971,"kind":"top_words","i1":2,"i2":4,"sol":{"path":["/c/en/fremantle","/c/en/western_australia","/c/en/football","/c/en/rugby"],"weight":0.2136299999999991,"degrees":[42,184,1072,454]},"num_concepts_raised":149589},{"base_id":971,"kind":"top_words","i1":2,"i2":5,"sol":{"path":["/c/en/fremantle","/c/en/western_australia","/c/en/football"],"weight":0.20400000000000001,"degrees":[42,184,1072]},"num_concepts_raised":904},{"base_id":971,"kind":"top_words","i1":2,"i2":6,"sol":{"path":["/c/en/fremantle","/c/fr/fromental","/c/fr/localités","/c/en/hawthorn"],"weight":0.2097899999999998,"degrees":[42,26,110113,174]},"num_concepts_raised":121042},{"base_id":971,"kind":"top_words","i1":2,"i2":7,"sol":{"path":["/c/en/fremantle","/c/en/tram","/c/en/horse","/c/en/draft"],"weight":0.22069999999999806,"degrees":[42,390,3068,774]},"num_concepts_raised":70819},{"base_id":971,"kind":"top_words","i1":2,"i2":8,"sol":{"path":["/c/en/fremantle","/c/en/city","/c/en/soccer","/c/en/mls"],"weight":0.20791999999999988,"degrees":[42,3758,1103,26]},"num_concepts_raised":14643},{"base_id":971,"kind":"top_words","i1":2,"i2":9,"sol":{"path":["/c/en/fremantle","/c/en/tram","/c/en/silk","/c/en/aba"],"weight":0.21356999999999965,"degrees":[42,390,1050,88]},"num_concepts_raised":10684},{"base_id":971,"kind":"top_words","i1":3,"i2":4,"sol":{"path":["/c/en/premiership","/c/en/rugby"],"weight":0.202,"degrees":[35,454]},"num_concepts_raised":402},{"base_id":971,"kind":"top_words","i1":3,"i2":5,"sol":{"path":["/c/en/premiership","/c/en/football"],"weight":0.202,"degrees":[35,1072]},"num_concepts_raised":895},{"base_id":971,"kind":"top_words","i1":3,"i2":6,"sol":{"path":["/c/en/premiership","/c/en/rugby","/c/fr/localités","/c/en/hawthorn"],"weight":0.20470999999999984,"degrees":[35,454,110113,174]},"num_concepts_raised":124910},{"base_id":971,"kind":"top_words","i1":3,"i2":7,"sol":{"path":["/c/en/premiership","/c/en/british","/c/en/draught","/c/en/draft"],"weight":0.22661999999999805,"degrees":[35,3452,247,774]},"num_concepts_raised":73593},{"base_id":971,"kind":"top_words","i1":3,"i2":8,"sol":{"path":["/c/en/premiership","/c/en/football","/c/en/soccer","/c/en/mls"],"weight":0.20287999999999995,"degrees":[35,1072,1103,26]},"num_concepts_raised":17715},{"base_id":971,"kind":"top_words","i1":3,"i2":9,"sol":{"path":["/c/en/premiership","/c/en/british","/c/en/wool","/c/en/cloth","/c/en/aba"],"weight":0.20853999999999967,"degrees":[35,3452,1201,1213,88]},"num_concepts_raised":14344},{"base_id":971,"kind":"top_words","i1":4,"i2":5,"sol":{"path":["/c/en/rugby","/c/en/football"],"weight":0.202,"degrees":[454,1072]},"num_concepts_raised":1196},{"base_id":971,"kind":"top_words","i1":4,"i2":6,"sol":{"path":["/c/en/rugby","/c/fr/localités","/c/en/hawthorn"],"weight":0.202,"degrees":[454,110113,174]},"num_concepts_raised":505},{"base_id":971,"kind":"top_words","i1":4,"i2":7,"sol":{"path":["/c/en/rugby","/c/fr/sport","/c/en/draft"],"weight":0.20400000000000001,"degrees":[454,2171,774]},"num_concepts_raised":1000},{"base_id":971,"kind":"top_words","i1":4,"i2":8,"sol":{"path":["/c/en/rugby","/c/en/soccer","/c/en/mls"],"weight":0.202,"degrees":[454,1103,26]},"num_concepts_raised":391},{"base_id":971,"kind":"top_words","i1":4,"i2":9,"sol":{"path":["/c/en/rugby","/c/en/game","/c/en/fish","/c/en/aba"],"weight":0.21466999999999897,"degrees":[454,2308,4424,88]},"num_concepts_raised":152776},{"base_id":971,"kind":"top_words","i1":5,"i2":6,"sol":{"path":["/c/en/football","/c/fr/ballon","/c/fr/localités","/c/en/hawthorn"],"weight":0.21829999999999794,"degrees":[1072,394,110113,174]},"num_concepts_raised":219374},{"base_id":971,"kind":"top_words","i1":5,"i2":7,"sol":{"path":["/c/en/football","/c/en/team","/c/en/draft"],"weight":0.20700000000000002,"degrees":[1072,902,774]},"num_concepts_raised":1494},{"base_id":971,"kind":"top_words","i1":5,"i2":8,"sol":{"path":["/c/en/football","/c/en/soccer","/c/en/mls"],"weight":0.20500000000000002,"degrees":[1072,1103,26]},"num_concepts_raised":885},{"base_id":971,"kind":"top_words","i1":5,"i2":9,"sol":{"path":["/c/en/football","/c/en/game","/c/en/fish","/c/en/aba"],"weight":0.22338999999999776,"degrees":[1072,2308,4424,88]},"num_concepts_raised":109081},{"base_id":971,"kind":"top_words","i1":6,"i2":7,"sol":{"path":["/c/en/hawthorn","/c/fr/localités","/c/en/law","/c/en/draft"],"weight":0.2175099999999981,"degrees":[174,110113,3727,774]},"num_concepts_raised":183809},{"base_id":971,"kind":"top_words","i1":6,"i2":8,"sol":{"path":["/c/en/hawthorn","/c/fi/orapihlaja","/c/en/plant","/c/en/us","/c/en/mls"],"weight":0.20689999999999995,"degrees":[174,12,7959,8154,26]},"num_concepts_raised":128039},{"base_id":971,"kind":"top_words","i1":6,"i2":9,"sol":{"path":["/c/en/hawthorn","/c/en/whitethorn","/c/en/species","/c/en/fish","/c/en/aba"],"weight":0.21153999999999967,"degrees":[174,42,1659,4424,88]},"num_concepts_raised":124060},{"base_id":971,"kind":"top_words","i1":7,"i2":8,"sol":{"path":["/c/en/draft","/c/en/plan","/c/en/us","/c/en/mls"],"weight":0.21824999999999817,"degrees":[774,1278,8154,26]},"num_concepts_raised":76052},{"base_id":971,"kind":"top_words","i1":7,"i2":9,"sol":{"path":["/c/en/draft","/c/en/fish","/c/en/aba"],"weight":0.20600000000000002,"degrees":[774,4424,88]},"num_concepts_raised":704},{"base_id":971,"kind":"top_words","i1":8,"i2":9,"sol":{"path":["/c/en/mls","/c/en/us","/c/en/robe","/c/en/abaya","/c/en/aba"],"weight":0.21243999999999977,"degrees":[26,8154,267,19,88]},"num_concepts_raised":17502}]]