[[{"base_id":863,"kind":"bot_words","i1":0,"i2":1,"sol":{"path":["/c/en/jess","/c/en/jet","/c/en/discharge","/c/en/shock","/c/en/traumatize"],"weight":0.2051099999999999,"degrees":[33,522,934,1065,52]},"num_concepts_raised":5331},{"base_id":863,"kind":"bot_words","i1":0,"i2":2,"sol":{"path":["/c/en/jess","/c/en/fasten","/c/en/belt"],"weight":0.203,"degrees":[33,738,816]},"num_concepts_raised":649},{"base_id":863,"kind":"bot_words","i1":0,"i2":3,"sol":{"path":["/c/en/jess","/c/en/falconry","/c/en/point","/c/en/eraser"],"weight":0.20769,"degrees":[33,184,2624,295]},"num_concepts_raised":33254},{"base_id":863,"kind":"bot_words","i1":0,"i2":4,"sol":{"path":["/c/en/jess","/c/en/jet","/c/en/fast","/c/en/computing","/c/en/timestamp"],"weight":0.20636,"degrees":[33,522,1390,9084,58]},"num_concepts_raised":18850},{"base_id":863,"kind":"bot_words","i1":0,"i2":5,"sol":{"path":["/c/en/jess","/c/en/jet","/c/en/slang","/c/en/potato","/c/en/gnocchi"],"weight":0.21291999999999994,"degrees":[33,522,16318,1041,90]},"num_concepts_raised":9252},{"base_id":863,"kind":"bot_words","i1":0,"i2":6,"sol":{"path":["/c/en/jess","/c/en/jet","/c/en/coal","/c/en/mineral","/c/en/marcasite"],"weight":0.21239999999999987,"degrees":[33,522,1121,8530,65]},"num_concepts_raised":10904},{"base_id":863,"kind":"bot_words","i1":0,"i2":7,"sol":{"path":["/c/en/jess","/c/en/jet","/c/en/fly","/c/en/diptera"],"weight":0.2050599999999998,"degrees":[33,522,2276,39]},"num_concepts_raised":6888},{"base_id":863,"kind":"bot_words","i1":0,"i2":8,"sol":{"path":["/c/en/jess","/c/en/fasten","/c/en/knockdown","/c/en/oligonucleotide"],"weight":0.2040599999999999,"degrees":[33,738,49,51]},"num_concepts_raised":7237},{"base_id":863,"kind":"bot_words","i1":0,"i2":9,"sol":{"path":["/c/en/jess","/c/en/jet","/c/en/airplane","/c/en/human","/c/en/newari"],"weight":0.20498999999999984,"degrees":[33,522,870,2645,46]},"num_concepts_raised":8021},{"base_id":863,"kind":"bot_words","i1":1,"i2":2,"sol":{"path":["/c/en/traumatize","/c/en/shock","/c/en/hit","/c/en/belt"],"weight":0.2133799999999992,"degrees":[52,1065,1849,816]},"num_concepts_raised":80522},{"base_id":863,"kind":"bot_words","i1":1,"i2":3,"sol":{"path":["/c/en/traumatize","/c/en/traumatic","/c/en/medicine","/c/it/gomma","/c/en/eraser"],"weight":0.21009000000000003,"degrees":[52,105,11938,72,295]},"num_concepts_raised":32240},{"base_id":863,"kind":"bot_words","i1":1,"i2":4,"sol":{"path":["/c/en/traumatize","/c/en/shock","/c/en/event","/c/en/timestamp"],"weight":0.20359,"degrees":[52,1065,1724,58]},"num_concepts_raised":17757},{"base_id":863,"kind":"bot_words","i1":1,"i2":5,"sol":{"path":["/c/en/traumatize","/c/en/injure","/c/en/twist","/c/en/pasta","/c/en/gnocchi"],"weight":0.21111999999999992,"degrees":[52,453,1250,462,90]},"num_concepts_raised":8144},{"base_id":863,"kind":"bot_words","i1":1,"i2":6,"sol":{"path":["/c/en/traumatize","/c/en/injure","/c/en/physical","/c/en/mineral","/c/en/marcasite"],"weight":0.2106499999999999,"degrees":[52,453,1078,8530,65]},"num_concepts_raised":9797},{"base_id":863,"kind":"bot_words","i1":1,"i2":7,"sol":{"path":["/c/en/traumatize","/c/en/traumatic","/c/en/medicine","/c/en/a","/c/en/diptera"],"weight":0.20410999999999982,"degrees":[52,105,11938,1436,39]},"num_concepts_raised":5800},{"base_id":863,"kind":"bot_words","i1":1,"i2":8,"sol":{"path":["/c/en/traumatize","/c/en/traumatic","/c/en/medicine","/c/en/mipomersen","/c/en/oligonucleotide"],"weight":0.20430999999999988,"degrees":[52,105,11938,5,51]},"num_concepts_raised":6115},{"base_id":863,"kind":"bot_words","i1":1,"i2":9,"sol":{"path":["/c/en/traumatize","/c/en/shock","/c/en/state","/c/en/india","/c/en/newari"],"weight":0.20331999999999986,"degrees":[52,1065,3243,1846,46]},"num_concepts_raised":6904},{"base_id":863,"kind":"bot_words","i1":2,"i2":3,"sol":{"path":["/c/en/belt","/c/en/band","/c/en/rubber","/c/en/eraser"],"weight":0.2212199999999993,"degrees":[816,1893,605,295]},"num_concepts_raised":104516},{"base_id":863,"kind":"bot_words","i1":2,"i2":4,"sol":{"path":["/c/en/belt","/c/en/track","/c/en/timestamp"],"weight":0.202,"degrees":[816,998,58]},"num_concepts_raised":670},{"base_id":863,"kind":"bot_words","i1":2,"i2":5,"sol":{"path":["/c/en/belt","/c/en/slang","/c/en/potato","/c/en/gnocchi"],"weight":0.22130999999999923,"degrees":[816,16318,1041,90]},"num_concepts_raised":84035},{"base_id":863,"kind":"bot_words","i1":2,"i2":6,"sol":{"path":["/c/en/belt","/c/en/serve","/c/en/mineral","/c/en/marcasite"],"weight":0.22051999999999916,"degrees":[816,1115,8530,65]},"num_concepts_raised":86268},{"base_id":863,"kind":"bot_words","i1":2,"i2":7,"sol":{"path":["/c/en/belt","/c/en/pants","/c/en/fly","/c/en/diptera"],"weight":0.2145199999999991,"degrees":[816,547,2276,39]},"num_concepts_raised":81931},{"base_id":863,"kind":"bot_words","i1":2,"i2":8,"sol":{"path":["/c/en/belt","/c/en/loop","/c/en/biochemistry","/c/en/oligonucleotide"],"weight":0.21347999999999917,"degrees":[816,551,3629,51]},"num_concepts_raised":82575},{"base_id":863,"kind":"bot_words","i1":2,"i2":9,"sol":{"path":["/c/en/belt","/c/en/band","/c/en/human","/c/en/newari"],"weight":0.21620999999999913,"degrees":[816,1893,2645,46]},"num_concepts_raised":82944},{"base_id":863,"kind":"bot_words","i1":3,"i2":4,"sol":{"path":["/c/en/eraser","/c/en/computing","/c/en/timestamp"],"weight":0.203,"degrees":[295,9084,58]},"num_concepts_raised":262},{"base_id":863,"kind":"bot_words","i1":3,"i2":5,"sol":{"path":["/c/en/eraser","/c/en/school","/c/en/food","/c/en/gnocchi"],"weight":0.21284000000000003,"degrees":[295,2171,4281,90]},"num_concepts_raised":35954},{"base_id":863,"kind":"bot_words","i1":3,"i2":6,"sol":{"path":["/c/en/eraser","/c/en/chalk","/c/en/mineral","/c/en/marcasite"],"weight":0.2143,"degrees":[295,416,8530,65]},"num_concepts_raised":37858},{"base_id":863,"kind":"bot_words","i1":3,"i2":7,"sol":{"path":["/c/en/eraser","/c/it/gomma","/c/en/medicine","/c/en/a","/c/en/diptera"],"weight":0.20881999999999995,"degrees":[295,72,11938,1436,39]},"num_concepts_raised":33709},{"base_id":863,"kind":"bot_words","i1":3,"i2":8,"sol":{"path":["/c/en/eraser","/c/it/gomma","/c/en/medicine","/c/en/mipomersen","/c/en/oligonucleotide"],"weight":0.20902,"degrees":[295,72,11938,5,51]},"num_concepts_raised":34165},{"base_id":863,"kind":"bot_words","i1":3,"i2":9,"sol":{"path":["/c/en/eraser","/c/en/write","/c/en/human","/c/en/newari"],"weight":0.20695999999999995,"degrees":[295,1447,2645,46]},"num_concepts_raised":34808},{"base_id":863,"kind":"bot_words","i1":4,"i2":5,"sol":{"path":["/c/en/timestamp","/c/en/computing","/c/en/rice","/c/en/potato","/c/en/gnocchi"],"weight":0.21244,"degrees":[58,9084,1388,1041,90]},"num_concepts_raised":21642},{"base_id":863,"kind":"bot_words","i1":4,"i2":6,"sol":{"path":["/c/en/timestamp","/c/en/computing","/c/en/mine","/c/en/mineral","/c/en/marcasite"],"weight":0.21197999999999992,"degrees":[58,9084,1117,8530,65]},"num_concepts_raised":23383},{"base_id":863,"kind":"bot_words","i1":4,"i2":7,"sol":{"path":["/c/en/timestamp","/c/en/computing","/c/en/machine","/c/en/fly","/c/en/diptera"],"weight":0.2045999999999999,"degrees":[58,9084,1685,2276,39]},"num_concepts_raised":19296},{"base_id":863,"kind":"bot_words","i1":4,"i2":8,"sol":{"path":["/c/en/timestamp","/c/en/occur","/c/en/biochemistry","/c/en/oligonucleotide"],"weight":0.20361999999999997,"degrees":[58,588,3629,51]},"num_concepts_raised":19668},{"base_id":863,"kind":"bot_words","i1":4,"i2":9,"sol":{"path":["/c/en/timestamp","/c/en/computing","/c/en/block","/c/en/human","/c/en/newari"],"weight":0.2045399999999999,"degrees":[58,9084,1314,2645,46]},"num_concepts_raised":20409},{"base_id":863,"kind":"bot_words","i1":5,"i2":6,"sol":{"path":["/c/en/gnocchi","/c/en/potato","/c/en/vegetable","/c/en/mineral","/c/en/marcasite"],"weight":0.21855999999999987,"degrees":[90,1041,1060,8530,65]},"num_concepts_raised":13719},{"base_id":863,"kind":"bot_words","i1":5,"i2":7,"sol":{"path":["/c/en/gnocchi","/c/en/potato","/c/en/a","/c/en/diptera"],"weight":0.21089999999999984,"degrees":[90,1041,1436,39]},"num_concepts_raised":9711},{"base_id":863,"kind":"bot_words","i1":5,"i2":8,"sol":{"path":["/c/en/gnocchi","/c/en/potato","/c/en/slang","/c/en/knockdown","/c/en/oligonucleotide"],"weight":0.21112999999999993,"degrees":[90,1041,16318,49,51]},"num_concepts_raised":10049},{"base_id":863,"kind":"bot_words","i1":5,"i2":9,"sol":{"path":["/c/en/gnocchi","/c/en/italian","/c/en/human","/c/en/newari"],"weight":0.20891999999999986,"degrees":[90,449,2645,46]},"num_concepts_raised":10768},{"base_id":863,"kind":"bot_words","i1":6,"i2":7,"sol":{"path":["/c/en/marcasite","/c/en/mineral","/c/en/animal","/c/en/fly","/c/en/diptera"],"weight":0.2107099999999998,"degrees":[65,8530,3735,2276,39]},"num_concepts_raised":11385},{"base_id":863,"kind":"bot_words","i1":6,"i2":8,"sol":{"path":["/c/en/marcasite","/c/en/mineral","/c/en/molecule","/c/en/nucleotide","/c/en/oligonucleotide"],"weight":0.21176999999999985,"degrees":[65,8530,1117,301,51]},"num_concepts_raised":11693},{"base_id":863,"kind":"bot_words","i1":6,"i2":9,"sol":{"path":["/c/en/marcasite","/c/en/mineral","/c/en/animal","/c/en/human","/c/en/newari"],"weight":0.2106399999999998,"degrees":[65,8530,3735,2645,46]},"num_concepts_raised":12488},{"base_id":863,"kind":"bot_words","i1":7,"i2":8,"sol":{"path":["/c/en/diptera","/c/en/a","/c/en/stop_codon","/c/en/nucleotide","/c/en/oligonucleotide"],"weight":0.2041799999999998,"degrees":[39,1436,52,301,51]},"num_concepts_raised":7702},{"base_id":863,"kind":"bot_words","i1":7,"i2":9,"sol":{"path":["/c/en/diptera","/c/en/a","/c/en/asian","/c/en/newari"],"weight":0.20296999999999976,"degrees":[39,1436,360,46]},"num_concepts_raised":8465},{"base_id":863,"kind":"bot_words","i1":8,"i2":9,"sol":{"path":["/c/en/oligonucleotide","/c/en/biochemistry","/c/en/transcribe","/c/en/human","/c/en/newari"],"weight":0.20337999999999984,"degrees":[51,3629,199,2645,46]},"num_concepts_raised":8802}],[{"base_id":863,"kind":"top_words","i1":0,"i2":1,"sol":{"path":["/c/en/del","/c/en/given_name","/c/en/us","/c/en/yay"],"weight":0.20442999999999975,"degrees":[28,1247,8154,94]},"num_concepts_raised":44803},{"base_id":863,"kind":"top_words","i1":0,"i2":2,"sol":{"path":["/c/en/del","/c/en/legal","/c/en/ee"],"weight":0.202,"degrees":[28,6627,65]},"num_concepts_raised":86},{"base_id":863,"kind":"top_words","i1":0,"i2":3,"sol":{"path":["/c/en/del","/c/en/british","/c/en/rock","/c/en/afrikaner","/c/en/boer"],"weight":0.2129499999999997,"degrees":[28,3452,2349,117,107]},"num_concepts_raised":24990},{"base_id":863,"kind":"top_words","i1":0,"i2":4,"sol":{"path":["/c/en/del","/c/en/derek","/c/en/dirk","/c/en/slang","/c/en/meh"],"weight":0.20382999999999982,"degrees":[28,50,51,16318,40]},"num_concepts_raised":37627},{"base_id":863,"kind":"top_words","i1":0,"i2":5,"sol":{"path":["/c/en/del","/c/en/diminutive","/c/en/sol"],"weight":0.202,"degrees":[28,881,201]},"num_concepts_raised":165},{"base_id":863,"kind":"top_words","i1":0,"i2":6,"sol":{"path":["/c/en/del","/c/vo/tim","/c/en/time","/c/en/seel"],"weight":0.20305999999999969,"degrees":[28,58,4124,72]},"num_concepts_raised":48134},{"base_id":863,"kind":"top_words","i1":0,"i2":7,"sol":{"path":["/c/en/del","/c/en/british","/c/en/leet"],"weight":0.202,"degrees":[28,3452,110]},"num_concepts_raised":118},{"base_id":863,"kind":"top_words","i1":0,"i2":8,"sol":{"path":["/c/en/del","/c/en/british","/c/en/corn","/c/en/hay"],"weight":0.21875999999999987,"degrees":[28,3452,1203,634]},"num_concepts_raised":77058},{"base_id":863,"kind":"top_words","i1":0,"i2":9,"sol":{"path":["/c/en/del","/c/en/british","/c/en/ha","/c/en/ah"],"weight":0.2054599999999995,"degrees":[28,3452,143,176]},"num_concepts_raised":52375},{"base_id":863,"kind":"top_words","i1":1,"i2":2,"sol":{"path":["/c/en/yay","/c/en/nay","/c/en/or","/c/en/ee"],"weight":0.20498999999999964,"degrees":[94,94,892,65]},"num_concepts_raised":60944},{"base_id":863,"kind":"top_words","i1":1,"i2":3,"sol":{"path":["/c/en/yay","/c/en/us","/c/en/asian","/c/en/boer"],"weight":0.21037999999999957,"degrees":[94,8154,360,107]},"num_concepts_raised":28479},{"base_id":863,"kind":"top_words","i1":1,"i2":4,"sol":{"path":["/c/en/yay","/c/en/slang","/c/en/meh"],"weight":0.202,"degrees":[94,16318,40]},"num_concepts_raised":121},{"base_id":863,"kind":"top_words","i1":1,"i2":5,"sol":{"path":["/c/en/yay","/c/en/so","/c/en/sol"],"weight":0.203,"degrees":[94,748,201]},"num_concepts_raised":223},{"base_id":863,"kind":"top_words","i1":1,"i2":6,"sol":{"path":["/c/en/yay","/c/zh/好嘢","/c/en/good","/c/en/seel"],"weight":0.20489999999999958,"degrees":[94,8,2615,72]},"num_concepts_raised":50326},{"base_id":863,"kind":"top_words","i1":1,"i2":7,"sol":{"path":["/c/en/yay","/c/en/slang","/c/en/leet"],"weight":0.202,"degrees":[94,16318,110]},"num_concepts_raised":174},{"base_id":863,"kind":"top_words","i1":1,"i2":8,"sol":{"path":["/c/en/yay","/c/en/slang","/c/en/hay"],"weight":0.20400000000000001,"degrees":[94,16318,634]},"num_concepts_raised":536},{"base_id":863,"kind":"top_words","i1":1,"i2":9,"sol":{"path":["/c/en/yay","/c/en/us","/c/en/ah"],"weight":0.203,"degrees":[94,8154,176]},"num_concepts_raised":243},{"base_id":863,"kind":"top_words","i1":2,"i2":3,"sol":{"path":["/c/en/ee","/c/en/eye","/c/en/human","/c/en/afrikaner","/c/en/boer"],"weight":0.2134199999999996,"degrees":[65,2698,2645,117,107]},"num_concepts_raised":40802},{"base_id":863,"kind":"top_words","i1":2,"i2":4,"sol":{"path":["/c/en/ee","/c/en/eh","/c/en/meh"],"weight":0.202,"degrees":[65,78,40]},"num_concepts_raised":99},{"base_id":863,"kind":"top_words","i1":2,"i2":5,"sol":{"path":["/c/en/ee","/c/en/object","/c/en/sun","/c/en/sol"],"weight":0.20704999999999968,"degrees":[65,1642,1994,201]},"num_concepts_raised":94130},{"base_id":863,"kind":"top_words","i1":2,"i2":6,"sol":{"path":["/c/en/ee","/c/en/en","/c/en/dialectal","/c/en/seel"],"weight":0.2044199999999996,"degrees":[65,365,4127,72]},"num_concepts_raised":63472},{"base_id":863,"kind":"top_words","i1":2,"i2":7,"sol":{"path":["/c/en/ee","/c/en/scotland","/c/en/leet"],"weight":0.202,"degrees":[65,2226,110]},"num_concepts_raised":153},{"base_id":863,"kind":"top_words","i1":2,"i2":8,"sol":{"path":["/c/en/ee","/c/en/or","/c/en/animal","/c/en/hay"],"weight":0.22029999999999977,"degrees":[65,892,3735,634]},"num_concepts_raised":92672},{"base_id":863,"kind":"top_words","i1":2,"i2":9,"sol":{"path":["/c/en/ee","/c/en/er","/c/en/a","/c/en/ah"],"weight":0.2061299999999994,"degrees":[65,599,1436,176]},"num_concepts_raised":67921},{"base_id":863,"kind":"top_words","i1":3,"i2":4,"sol":{"path":["/c/en/boer","/c/en/rock_spider","/c/en/slang","/c/en/meh"],"weight":0.20877999999999963,"degrees":[107,14,16318,40]},"num_concepts_raised":20806},{"base_id":863,"kind":"top_words","i1":3,"i2":5,"sol":{"path":["/c/en/boer","/c/en/laager","/c/en/lager","/c/en/sol"],"weight":0.2108399999999996,"degrees":[107,48,132,201]},"num_concepts_raised":62147},{"base_id":863,"kind":"top_words","i1":3,"i2":6,"sol":{"path":["/c/en/boer","/c/en/asian","/c/en/fortune","/c/en/seel"],"weight":0.20905999999999952,"degrees":[107,360,813,72]},"num_concepts_raised":31402},{"base_id":863,"kind":"top_words","i1":3,"i2":7,"sol":{"path":["/c/en/boer","/c/en/rock_spider","/c/en/slang","/c/en/leet"],"weight":0.20949999999999946,"degrees":[107,14,16318,110]},"num_concepts_raised":35187},{"base_id":863,"kind":"top_words","i1":3,"i2":8,"sol":{"path":["/c/en/boer","/c/af/boer","/c/en/farm","/c/en/hay"],"weight":0.2268399999999997,"degrees":[107,30,1479,634]},"num_concepts_raised":60858},{"base_id":863,"kind":"top_words","i1":3,"i2":9,"sol":{"path":["/c/en/boer","/c/en/afrikaner","/c/en/human","/c/en/ah"],"weight":0.21465999999999932,"degrees":[107,117,2645,176]},"num_concepts_raised":36053},{"base_id":863,"kind":"top_words","i1":4,"i2":5,"sol":{"path":["/c/en/meh","/c/en/slang","/c/en/so","/c/en/sol"],"weight":0.20619999999999972,"degrees":[40,16318,748,201]},"num_concepts_raised":75026},{"base_id":863,"kind":"top_words","i1":4,"i2":6,"sol":{"path":["/c/en/meh","/c/en/slang","/c/fr/bon","/c/en/seel"],"weight":0.20330999999999966,"degrees":[40,16318,758,72]},"num_concepts_raised":43677},{"base_id":863,"kind":"top_words","i1":4,"i2":7,"sol":{"path":["/c/en/meh","/c/en/slang","/c/en/leet"],"weight":0.202,"degrees":[40,16318,110]},"num_concepts_raised":131},{"base_id":863,"kind":"top_words","i1":4,"i2":8,"sol":{"path":["/c/en/meh","/c/en/slang","/c/en/hay"],"weight":0.20400000000000001,"degrees":[40,16318,634]},"num_concepts_raised":492},{"base_id":863,"kind":"top_words","i1":4,"i2":9,"sol":{"path":["/c/en/meh","/c/hu/hű","/c/en/oh","/c/en/ah"],"weight":0.20621999999999943,"degrees":[40,12,348,176]},"num_concepts_raised":48093},{"base_id":863,"kind":"top_words","i1":5,"i2":6,"sol":{"path":["/c/en/sol","/c/en/music","/c/en/good","/c/en/seel"],"weight":0.2067999999999996,"degrees":[201,8822,2615,72]},"num_concepts_raised":85065},{"base_id":863,"kind":"top_words","i1":5,"i2":7,"sol":{"path":["/c/en/sol","/c/en/so","/c/en/slang","/c/en/leet"],"weight":0.20689999999999953,"degrees":[201,748,16318,110]},"num_concepts_raised":88804},{"base_id":863,"kind":"top_words","i1":5,"i2":8,"sol":{"path":["/c/en/sol","/c/en/sun","/c/en/dry","/c/en/hay"],"weight":0.2204299999999998,"degrees":[201,1994,1434,634]},"num_concepts_raised":113666},{"base_id":863,"kind":"top_words","i1":5,"i2":9,"sol":{"path":["/c/en/sol","/c/en/la","/c/en/ah"],"weight":0.202,"degrees":[201,2577,176]},"num_concepts_raised":301},{"base_id":863,"kind":"top_words","i1":6,"i2":7,"sol":{"path":["/c/en/seel","/c/en/good","/c/en/cool","/c/en/leet"],"weight":0.20503999999999944,"degrees":[72,2615,1186,110]},"num_concepts_raised":57273},{"base_id":863,"kind":"top_words","i1":6,"i2":8,"sol":{"path":["/c/en/seel","/c/en/roll","/c/en/hay"],"weight":0.20400000000000001,"degrees":[72,1585,634]},"num_concepts_raised":516},{"base_id":863,"kind":"top_words","i1":6,"i2":9,"sol":{"path":["/c/en/seel","/c/en/good","/c/en/human","/c/en/ah"],"weight":0.20585999999999932,"degrees":[72,2615,2645,176]},"num_concepts_raised":58145},{"base_id":863,"kind":"top_words","i1":7,"i2":8,"sol":{"path":["/c/en/leet","/c/en/slang","/c/en/hay"],"weight":0.20400000000000001,"degrees":[110,16318,634]},"num_concepts_raised":546},{"base_id":863,"kind":"top_words","i1":7,"i2":9,"sol":{"path":["/c/en/leet","/c/en/british","/c/en/ha","/c/en/ah"],"weight":0.20625999999999925,"degrees":[110,3452,143,176]},"num_concepts_raised":61495},{"base_id":863,"kind":"top_words","i1":8,"i2":9,"sol":{"path":["/c/en/hay","/c/en/sneeze","/c/en/ah"],"weight":0.20400000000000001,"degrees":[634,744,176]},"num_concepts_raised":614}]]