[[{"base_id":260,"kind":"bot_words","i1":0,"i2":1,"sol":{"path":["/c/en/corrupting","/c/en/corrupt","/c/en/money","/c/en/currency","/c/en/florin"],"weight":0.2041199999999998,"degrees":[44,584,2899,877,35]},"num_concepts_raised":10143},{"base_id":260,"kind":"bot_words","i1":0,"i2":2,"sol":{"path":["/c/en/corrupting","/c/en/corrupt","/c/fr/corrompre","/c/fr/changer","/c/fr/redéfinition","/c/en/redefinition"],"weight":0.21377509999999977,"degrees":[44,584,282,637,31,26]},"num_concepts_raised":164604},{"base_id":260,"kind":"bot_words","i1":0,"i2":3,"sol":{"path":["/c/en/corrupting","/c/en/corrupt","/c/en/poison","/c/en/death","/c/en/dod"],"weight":0.2040799999999998,"degrees":[44,584,1269,2449,42]},"num_concepts_raised":26910},{"base_id":260,"kind":"bot_words","i1":0,"i2":4,"sol":{"path":["/c/en/corrupting","/c/fi/alentava","/c/en/pejorative","/c/fr/tête_carrée","/c/en/hardheaded"],"weight":0.2031599999999999,"degrees":[44,18,3581,28,45]},"num_concepts_raised":2756},{"base_id":260,"kind":"bot_words","i1":0,"i2":5,"sol":{"path":["/c/en/corrupting","/c/en/uncorrupting","/c/en/harmless","/c/en/incapable","/c/en/incapability"],"weight":0.20408999999999985,"degrees":[44,6,212,175,43]},"num_concepts_raised":2294},{"base_id":260,"kind":"bot_words","i1":0,"i2":6,"sol":{"path":["/c/en/corrupting","/c/en/human_activity","/c/en/prank","/c/en/trick"],"weight":0.21956999999999696,"degrees":[44,264,326,1286]},"num_concepts_raised":122144},{"base_id":260,"kind":"bot_words","i1":0,"i2":7,"sol":{"path":["/c/en/corrupting","/c/en/corrupt","/c/en/poison","/c/en/method","/c/en/impressionist"],"weight":0.2046799999999998,"degrees":[44,584,1269,845,71]},"num_concepts_raised":4284},{"base_id":260,"kind":"bot_words","i1":0,"i2":8,"sol":{"path":["/c/en/corrupting","/c/en/becoming","/c/en/join","/c/ar/غل","/c/en/admitted"],"weight":0.20285999999999982,"degrees":[44,253,1308,56,31]},"num_concepts_raised":2608},{"base_id":260,"kind":"bot_words","i1":0,"i2":9,"sol":{"path":["/c/en/corrupting","/c/en/corrupt","/c/en/rescue","/c/en/day","/c/en/tonight"],"weight":0.2109899999999996,"degrees":[44,584,584,2168,189]},"num_concepts_raised":11257},{"base_id":260,"kind":"bot_words","i1":1,"i2":2,"sol":{"path":["/c/en/florin","/c/en/netherlands","/c/en/country","/c/en/definition","/c/en/redefinition"],"weight":0.20285999999999987,"degrees":[35,680,2796,406,26]},"num_concepts_raised":8985},{"base_id":260,"kind":"bot_words","i1":1,"i2":3,"sol":{"path":["/c/en/florin","/c/en/coin","/c/en/military","/c/en/dod"],"weight":0.2029999999999998,"degrees":[35,1336,5690,42]},"num_concepts_raised":33212},{"base_id":260,"kind":"bot_words","i1":1,"i2":4,"sol":{"path":["/c/en/florin","/c/en/coin","/c/en/mule","/c/en/stubborn","/c/en/hardheaded"],"weight":0.2044599999999999,"degrees":[35,1336,496,652,45]},"num_concepts_raised":9835},{"base_id":260,"kind":"bot_words","i1":1,"i2":5,"sol":{"path":["/c/en/florin","/c/en/coin","/c/en/mule","/c/en/capability","/c/en/incapability"],"weight":0.20295999999999986,"degrees":[35,1336,496,289,43]},"num_concepts_raised":9386},{"base_id":260,"kind":"bot_words","i1":1,"i2":6,"sol":{"path":["/c/en/florin","/c/en/coin","/c/en/slang","/c/en/trick"],"weight":0.21879999999999694,"degrees":[35,1336,16318,1286]},"num_concepts_raised":127888},{"base_id":260,"kind":"bot_words","i1":1,"i2":7,"sol":{"path":["/c/en/florin","/c/en/currency","/c/en/mark","/c/en/impression","/c/en/impressionist"],"weight":0.2036099999999998,"degrees":[35,877,1876,487,71]},"num_concepts_raised":11351},{"base_id":260,"kind":"bot_words","i1":1,"i2":8,"sol":{"path":["/c/en/florin","/c/en/british","/c/en/admission","/c/en/admit","/c/en/admitted"],"weight":0.2039099999999998,"degrees":[35,3452,270,618,31]},"num_concepts_raised":9681},{"base_id":260,"kind":"bot_words","i1":1,"i2":9,"sol":{"path":["/c/en/florin","/c/en/coin","/c/en/single","/c/en/tonight"],"weight":0.20968999999999957,"degrees":[35,1336,1167,189]},"num_concepts_raised":18254},{"base_id":260,"kind":"bot_words","i1":2,"i2":3,"sol":{"path":["/c/en/redefinition","/c/fr/redéfinition","/c/fr/classe","/c/en/military","/c/en/dod"],"weight":0.2059599999999999,"degrees":[26,31,616,5690,42]},"num_concepts_raised":25772},{"base_id":260,"kind":"bot_words","i1":2,"i2":4,"sol":{"path":["/c/en/redefinition","/c/en/definition","/c/en/action","/c/en/realistic","/c/en/hardheaded"],"weight":0.20307,"degrees":[26,406,2156,202,45]},"num_concepts_raised":1587},{"base_id":260,"kind":"bot_words","i1":2,"i2":5,"sol":{"path":["/c/en/redefinition","/c/fr/redéfinition","/c/fr/méthode","/c/fo/lag","/c/en/capability","/c/en/incapability"],"weight":0.21170009999999986,"degrees":[26,31,393,54,289,43]},"num_concepts_raised":92757},{"base_id":260,"kind":"bot_words","i1":2,"i2":6,"sol":{"path":["/c/en/redefinition","/c/en/definition","/c/en/action","/c/en/trick"],"weight":0.21823999999999705,"degrees":[26,406,2156,1286]},"num_concepts_raised":121201},{"base_id":260,"kind":"bot_words","i1":2,"i2":7,"sol":{"path":["/c/en/redefinition","/c/fr/redéfinition","/c/fr/méthode","/c/en/method","/c/en/impressionist"],"weight":0.2065399999999999,"degrees":[26,31,393,845,71]},"num_concepts_raised":3111},{"base_id":260,"kind":"bot_words","i1":2,"i2":8,"sol":{"path":["/c/en/redefinition","/c/fr/redéfinition","/c/fr/changer","/c/fr/laisser","/c/en/admit","/c/en/admitted"],"weight":0.21341299999999977,"degrees":[26,31,637,681,618,31]},"num_concepts_raised":152693},{"base_id":260,"kind":"bot_words","i1":2,"i2":9,"sol":{"path":["/c/en/redefinition","/c/fr/redéfinition","/c/fr/ce","/c/ca/anit","/c/en/tonight"],"weight":0.21475999999999967,"degrees":[26,31,355,9,189]},"num_concepts_raised":10102},{"base_id":260,"kind":"bot_words","i1":3,"i2":4,"sol":{"path":["/c/en/dod","/c/en/printing","/c/zh/刻板","/c/en/stubborn","/c/en/hardheaded"],"weight":0.2045099999999999,"degrees":[42,896,18,652,45]},"num_concepts_raised":26612},{"base_id":260,"kind":"bot_words","i1":3,"i2":5,"sol":{"path":["/c/en/dod","/c/en/printing","/c/en/block","/c/en/inability","/c/en/incapability"],"weight":0.20432999999999985,"degrees":[42,896,1314,236,43]},"num_concepts_raised":26174},{"base_id":260,"kind":"bot_words","i1":3,"i2":6,"sol":{"path":["/c/en/dod","/c/en/mod","/c/en/trick"],"weight":0.203,"degrees":[42,151,1286]},"num_concepts_raised":1143},{"base_id":260,"kind":"bot_words","i1":3,"i2":7,"sol":{"path":["/c/en/dod","/c/en/printing","/c/en/impression","/c/en/impressionist"],"weight":0.2036799999999998,"degrees":[42,896,487,71]},"num_concepts_raised":28059},{"base_id":260,"kind":"bot_words","i1":3,"i2":8,"sol":{"path":["/c/en/dod","/c/en/death","/c/en/hospital","/c/en/admit","/c/en/admitted"],"weight":0.2039199999999998,"degrees":[42,2449,974,618,31]},"num_concepts_raised":26460},{"base_id":260,"kind":"bot_words","i1":3,"i2":9,"sol":{"path":["/c/en/dod","/c/en/sheep","/c/en/night","/c/en/tonight"],"weight":0.21003999999999956,"degrees":[42,1597,1486,189]},"num_concepts_raised":34817},{"base_id":260,"kind":"bot_words","i1":4,"i2":5,"sol":{"path":["/c/en/hardheaded","/c/en/stubborn","/c/en/refractory","/c/en/incapable","/c/en/incapability"],"weight":0.20557999999999993,"degrees":[45,652,136,175,43]},"num_concepts_raised":1980},{"base_id":260,"kind":"bot_words","i1":4,"i2":6,"sol":{"path":["/c/en/hardheaded","/c/en/stubborn","/c/en/move","/c/en/trick"],"weight":0.21875999999999707,"degrees":[45,652,2810,1286]},"num_concepts_raised":121929},{"base_id":260,"kind":"bot_words","i1":4,"i2":7,"sol":{"path":["/c/en/hardheaded","/c/en/hard_nosed","/c/en/theory","/c/en/impressionist"],"weight":0.2047799999999999,"degrees":[45,41,788,71]},"num_concepts_raised":3959},{"base_id":260,"kind":"bot_words","i1":4,"i2":8,"sol":{"path":["/c/en/hardheaded","/c/en/stubborn","/c/en/peremptory","/c/en/admit","/c/en/admitted"],"weight":0.20534999999999992,"degrees":[45,652,103,618,31]},"num_concepts_raised":2295},{"base_id":260,"kind":"bot_words","i1":4,"i2":9,"sol":{"path":["/c/en/hardheaded","/c/en/stubborn","/c/en/argue","/c/en/present","/c/en/tonight"],"weight":0.21125999999999967,"degrees":[45,652,559,2005,189]},"num_concepts_raised":10954},{"base_id":260,"kind":"bot_words","i1":5,"i2":6,"sol":{"path":["/c/en/incapability","/c/en/incapable","/c/en/simpleton","/c/en/fool","/c/en/trick"],"weight":0.220769999999997,"degrees":[43,175,305,1406,1286]},"num_concepts_raised":121575},{"base_id":260,"kind":"bot_words","i1":5,"i2":7,"sol":{"path":["/c/en/incapability","/c/en/capability","/c/fo/lag","/c/en/method","/c/en/impressionist"],"weight":0.20360999999999985,"degrees":[43,289,54,845,71]},"num_concepts_raised":3516},{"base_id":260,"kind":"bot_words","i1":5,"i2":8,"sol":{"path":["/c/en/incapability","/c/en/incapable","/c/en/capable","/c/en/admit","/c/en/admitted"],"weight":0.20501999999999987,"degrees":[43,175,501,618,31]},"num_concepts_raised":1832},{"base_id":260,"kind":"bot_words","i1":5,"i2":9,"sol":{"path":["/c/en/incapability","/c/en/inability","/c/en/night_blindness","/c/en/night","/c/en/tonight"],"weight":0.21128999999999964,"degrees":[43,236,54,1486,189]},"num_concepts_raised":10495},{"base_id":260,"kind":"bot_words","i1":6,"i2":7,"sol":{"path":["/c/en/trick","/c/en/slang","/c/en/method","/c/en/impressionist"],"weight":0.21954999999999697,"degrees":[1286,16318,845,71]},"num_concepts_raised":123060},{"base_id":260,"kind":"bot_words","i1":6,"i2":8,"sol":{"path":["/c/en/trick","/c/en/lie","/c/en/admit","/c/en/admitted"],"weight":0.21809999999999696,"degrees":[1286,1854,618,31]},"num_concepts_raised":121812},{"base_id":260,"kind":"bot_words","i1":6,"i2":9,"sol":{"path":["/c/en/trick","/c/en/work","/c/en/day","/c/en/tonight"],"weight":0.22516999999999673,"degrees":[1286,4013,2168,189]},"num_concepts_raised":129440},{"base_id":260,"kind":"bot_words","i1":7,"i2":8,"sol":{"path":["/c/en/impressionist","/c/en/impression","/c/en/lie","/c/en/admit","/c/en/admitted"],"weight":0.2044899999999998,"degrees":[71,487,1854,618,31]},"num_concepts_raised":3820},{"base_id":260,"kind":"bot_words","i1":7,"i2":9,"sol":{"path":["/c/en/impressionist","/c/nrf/împressionniste","/c/en/jersey","/c/nrf/à_ces_sé","/c/en/tonight"],"weight":0.21132999999999957,"degrees":[71,6,6919,6,189]},"num_concepts_raised":12469},{"base_id":260,"kind":"bot_words","i1":8,"i2":9,"sol":{"path":["/c/en/admitted","/c/en/outpatient","/c/en/overnight","/c/fr/nuit","/c/en/tonight"],"weight":0.21169999999999958,"degrees":[31,70,130,567,189]},"num_concepts_raised":10800}],[{"base_id":260,"kind":"top_words","i1":0,"i2":1,"sol":{"path":["/c/en/megabit","/c/en/kilobit"],"weight":0.202,"degrees":[43,40]},"num_concepts_raised":65},{"base_id":260,"kind":"top_words","i1":0,"i2":2,"sol":{"path":["/c/en/megabit","/c/en/computing","/c/ja/モデム","/c/en/modem"],"weight":0.21559000000000017,"degrees":[43,9084,11,240]},"num_concepts_raised":15937},{"base_id":260,"kind":"top_words","i1":0,"i2":3,"sol":{"path":["/c/en/megabit","/c/en/mega","/c/en/megahertz"],"weight":0.202,"degrees":[43,136,67]},"num_concepts_raised":91},{"base_id":260,"kind":"top_words","i1":0,"i2":4,"sol":{"path":["/c/en/megabit","/c/en/bit","/c/en/baud"],"weight":0.203,"degrees":[43,1251,81]},"num_concepts_raised":91},{"base_id":260,"kind":"top_words","i1":0,"i2":5,"sol":{"path":["/c/en/megabit","/c/en/computing","/c/en/giga","/c/en/gigahertz"],"weight":0.2031499999999999,"degrees":[43,9084,68,40]},"num_concepts_raised":15704},{"base_id":260,"kind":"top_words","i1":0,"i2":6,"sol":{"path":["/c/en/megabit","/c/en/computing","/c/el/ψδευ","/c/en/isdn"],"weight":0.20298999999999984,"degrees":[43,9084,4,30]},"num_concepts_raised":21623},{"base_id":260,"kind":"top_words","i1":0,"i2":7,"sol":{"path":["/c/en/megabit","/c/en/kilobyte"],"weight":0.202,"degrees":[43,121]},"num_concepts_raised":113},{"base_id":260,"kind":"top_words","i1":0,"i2":8,"sol":{"path":["/c/en/megabit","/c/en/computing","/c/en/10base2","/c/en/ethernet"],"weight":0.2093999999999997,"degrees":[43,9084,7,126]},"num_concepts_raised":12978},{"base_id":260,"kind":"top_words","i1":0,"i2":9,"sol":{"path":["/c/en/megabit","/c/en/computing","/c/el/εύροσ_ζώνησ","/c/en/bandwidth"],"weight":0.2119799999999999,"degrees":[43,9084,5,144]},"num_concepts_raised":19578},{"base_id":260,"kind":"top_words","i1":1,"i2":2,"sol":{"path":["/c/en/kilobit","/c/en/computing","/c/ja/モデム","/c/en/modem"],"weight":0.21551000000000015,"degrees":[40,9084,11,240]},"num_concepts_raised":15808},{"base_id":260,"kind":"top_words","i1":1,"i2":3,"sol":{"path":["/c/en/kilobit","/c/en/computing","/c/en/mega","/c/en/megahertz"],"weight":0.20348999999999978,"degrees":[40,9084,136,67]},"num_concepts_raised":15480},{"base_id":260,"kind":"top_words","i1":1,"i2":4,"sol":{"path":["/c/en/kilobit","/c/en/bit","/c/en/baud"],"weight":0.203,"degrees":[40,1251,81]},"num_concepts_raised":88},{"base_id":260,"kind":"top_words","i1":1,"i2":5,"sol":{"path":["/c/en/kilobit","/c/en/computing","/c/en/giga","/c/en/gigahertz"],"weight":0.20306999999999986,"degrees":[40,9084,68,40]},"num_concepts_raised":15594},{"base_id":260,"kind":"top_words","i1":1,"i2":6,"sol":{"path":["/c/en/kilobit","/c/en/primary_rate_interface","/c/en/isdn"],"weight":0.202,"degrees":[40,14,30]},"num_concepts_raised":63},{"base_id":260,"kind":"top_words","i1":1,"i2":7,"sol":{"path":["/c/en/kilobit","/c/en/kilobyte"],"weight":0.20400000000000001,"degrees":[40,121]},"num_concepts_raised":106},{"base_id":260,"kind":"top_words","i1":1,"i2":8,"sol":{"path":["/c/en/kilobit","/c/en/computing","/c/en/10base2","/c/en/ethernet"],"weight":0.20931999999999967,"degrees":[40,9084,7,126]},"num_concepts_raised":12850},{"base_id":260,"kind":"top_words","i1":1,"i2":9,"sol":{"path":["/c/en/kilobit","/c/en/computing","/c/el/εύροσ_ζώνησ","/c/en/bandwidth"],"weight":0.21189999999999987,"degrees":[40,9084,5,144]},"num_concepts_raised":19459},{"base_id":260,"kind":"top_words","i1":2,"i2":3,"sol":{"path":["/c/en/modem","/c/ja/モデム","/c/en/computing","/c/en/mega","/c/en/megahertz"],"weight":0.2158500000000001,"degrees":[240,11,9084,136,67]},"num_concepts_raised":11791},{"base_id":260,"kind":"top_words","i1":2,"i2":4,"sol":{"path":["/c/en/modem","/c/ja/モデム","/c/en/computing","/c/en/baud"],"weight":0.21644000000000022,"degrees":[240,11,9084,81]},"num_concepts_raised":17434},{"base_id":260,"kind":"top_words","i1":2,"i2":5,"sol":{"path":["/c/en/modem","/c/ja/モデム","/c/en/computing","/c/en/giga","/c/en/gigahertz"],"weight":0.21544000000000016,"degrees":[240,11,9084,68,40]},"num_concepts_raised":11910},{"base_id":260,"kind":"top_words","i1":2,"i2":6,"sol":{"path":["/c/en/modem","/c/en/analog","/c/en/chemistry","/c/en/isdn"],"weight":0.21107000000000015,"degrees":[240,203,11754,30]},"num_concepts_raised":17800},{"base_id":260,"kind":"top_words","i1":2,"i2":7,"sol":{"path":["/c/en/modem","/c/ja/モデム","/c/en/computing","/c/en/kilobyte"],"weight":0.21710000000000024,"degrees":[240,11,9084,121]},"num_concepts_raised":20229},{"base_id":260,"kind":"top_words","i1":2,"i2":8,"sol":{"path":["/c/en/modem","/c/en/computer","/c/en/hub","/c/en/ethernet"],"weight":0.21736,"degrees":[240,2068,232,126]},"num_concepts_raised":9181},{"base_id":260,"kind":"top_words","i1":2,"i2":9,"sol":{"path":["/c/en/modem","/c/pt/modem","/c/en/networking","/c/en/bandwidth"],"weight":0.2220800000000002,"degrees":[240,19,198,144]},"num_concepts_raised":15761},{"base_id":260,"kind":"top_words","i1":3,"i2":4,"sol":{"path":["/c/en/megahertz","/c/en/rate","/c/en/baud"],"weight":0.202,"degrees":[67,913,81]},"num_concepts_raised":110},{"base_id":260,"kind":"top_words","i1":3,"i2":5,"sol":{"path":["/c/en/megahertz","/c/en/rate","/c/en/gigahertz"],"weight":0.202,"degrees":[67,913,40]},"num_concepts_raised":85},{"base_id":260,"kind":"top_words","i1":3,"i2":6,"sol":{"path":["/c/en/megahertz","/c/fr/métrologie","/c/en/attomole","/c/en/chemistry","/c/en/isdn"],"weight":0.2033599999999998,"degrees":[67,4411,13,11754,30]},"num_concepts_raised":17056},{"base_id":260,"kind":"top_words","i1":3,"i2":7,"sol":{"path":["/c/en/megahertz","/c/en/mega","/c/en/megabyte","/c/en/kilobyte"],"weight":0.20585999999999988,"degrees":[67,136,107,121]},"num_concepts_raised":19860},{"base_id":260,"kind":"top_words","i1":3,"i2":8,"sol":{"path":["/c/en/megahertz","/c/en/mc","/c/en/mac","/c/en/ethernet"],"weight":0.20946999999999966,"degrees":[67,48,96,126]},"num_concepts_raised":8424},{"base_id":260,"kind":"top_words","i1":3,"i2":9,"sol":{"path":["/c/en/megahertz","/c/en/rate","/c/fr/débit","/c/en/bandwidth"],"weight":0.21423999999999982,"degrees":[67,913,200,144]},"num_concepts_raised":15032},{"base_id":260,"kind":"top_words","i1":4,"i2":5,"sol":{"path":["/c/en/baud","/c/en/rate","/c/en/gigahertz"],"weight":0.202,"degrees":[81,913,40]},"num_concepts_raised":90},{"base_id":260,"kind":"top_words","i1":4,"i2":6,"sol":{"path":["/c/en/baud","/c/en/telecommunications","/c/en/isdn"],"weight":0.202,"degrees":[81,325,30]},"num_concepts_raised":85},{"base_id":260,"kind":"top_words","i1":4,"i2":7,"sol":{"path":["/c/en/baud","/c/en/computing","/c/en/kilobyte"],"weight":0.202,"degrees":[81,9084,121]},"num_concepts_raised":139},{"base_id":260,"kind":"top_words","i1":4,"i2":8,"sol":{"path":["/c/en/baud","/c/en/computing","/c/en/10base2","/c/en/ethernet"],"weight":0.21024999999999977,"degrees":[81,9084,7,126]},"num_concepts_raised":14571},{"base_id":260,"kind":"top_words","i1":4,"i2":9,"sol":{"path":["/c/en/baud","/c/en/information_measure","/c/en/bandwidth"],"weight":0.20400000000000001,"degrees":[81,7,144]},"num_concepts_raised":150},{"base_id":260,"kind":"top_words","i1":5,"i2":6,"sol":{"path":["/c/en/gigahertz","/c/en/hertz","/c/en/period","/c/en/chemistry","/c/en/isdn"],"weight":0.20391999999999985,"degrees":[40,154,1523,11754,30]},"num_concepts_raised":17169},{"base_id":260,"kind":"top_words","i1":5,"i2":7,"sol":{"path":["/c/en/gigahertz","/c/en/giga","/c/en/computing","/c/en/kilobyte"],"weight":0.20466999999999996,"degrees":[40,68,9084,121]},"num_concepts_raised":19980},{"base_id":260,"kind":"top_words","i1":5,"i2":8,"sol":{"path":["/c/en/gigahertz","/c/en/giga","/c/en/giant","/c/en/ethernet"],"weight":0.20915999999999968,"degrees":[40,68,585,126]},"num_concepts_raised":8543},{"base_id":260,"kind":"top_words","i1":5,"i2":9,"sol":{"path":["/c/en/gigahertz","/c/en/hertz","/c/en/bandwidth"],"weight":0.20500000000000002,"degrees":[40,154,144]},"num_concepts_raised":129},{"base_id":260,"kind":"top_words","i1":6,"i2":7,"sol":{"path":["/c/en/isdn","/c/en/primary_rate_interface","/c/en/kilobit","/c/en/kilobyte"],"weight":0.20530999999999994,"degrees":[30,14,40,121]},"num_concepts_raised":25962},{"base_id":260,"kind":"top_words","i1":6,"i2":8,"sol":{"path":["/c/en/isdn","/c/en/chemistry","/c/en/mac","/c/en/ethernet"],"weight":0.20899999999999969,"degrees":[30,11754,96,126]},"num_concepts_raised":14504},{"base_id":260,"kind":"top_words","i1":6,"i2":9,"sol":{"path":["/c/en/isdn","/c/en/telecommunications","/c/nl/bandbreedte","/c/en/bandwidth"],"weight":0.2138699999999999,"degrees":[30,325,13,144]},"num_concepts_raised":21143},{"base_id":260,"kind":"top_words","i1":7,"i2":8,"sol":{"path":["/c/en/kilobyte","/c/en/byte","/c/en/runt","/c/en/ethernet"],"weight":0.21267999999999979,"degrees":[121,328,89,126]},"num_concepts_raised":17290},{"base_id":260,"kind":"top_words","i1":7,"i2":9,"sol":{"path":["/c/en/kilobyte","/c/en/capacity","/c/en/bandwidth"],"weight":0.20400000000000001,"degrees":[121,722,144]},"num_concepts_raised":177},{"base_id":260,"kind":"top_words","i1":8,"i2":9,"sol":{"path":["/c/en/ethernet","/c/en/always","/c/en/frequency","/c/en/bandwidth"],"weight":0.21604999999999974,"degrees":[126,895,660,144]},"num_concepts_raised":12502}]]