[[{"base_id":136,"kind":"bot_words","i1":0,"i2":1,"sol":{"path":["/c/en/1830s","/c/en/decade","/c/en/interval","/c/en/clearance","/c/en/headroom"],"weight":0.21065999999999974,"degrees":[81,440,631,192,43]},"num_concepts_raised":15406},{"base_id":136,"kind":"bot_words","i1":0,"i2":2,"sol":{"path":["/c/en/1830s","/c/en/decade","/c/en/character","/c/en/literature","/c/en/literati"],"weight":0.20873999999999968,"degrees":[81,440,1971,1309,58]},"num_concepts_raised":8916},{"base_id":136,"kind":"bot_words","i1":0,"i2":3,"sol":{"path":["/c/en/1830s","/c/en/decade","/c/en/interval","/c/fr/façon","/c/en/creatively"],"weight":0.20841999999999983,"degrees":[81,440,631,733,34]},"num_concepts_raised":2666},{"base_id":136,"kind":"bot_words","i1":0,"i2":4,"sol":{"path":["/c/en/1830s","/c/en/decade","/c/en/period","/c/en/medicine","/c/en/drug","/c/en/tadalafil"],"weight":0.21673139999999894,"degrees":[81,440,1523,11938,4920,32]},"num_concepts_raised":217193},{"base_id":136,"kind":"bot_words","i1":0,"i2":5,"sol":{"path":["/c/en/1830s","/c/en/decade","/c/en/date","/c/en/determine","/c/en/adjudge"],"weight":0.20863999999999971,"degrees":[81,440,1320,759,54]},"num_concepts_raised":4506},{"base_id":136,"kind":"bot_words","i1":0,"i2":6,"sol":{"path":["/c/en/1830s","/c/en/decade","/c/en/historical","/c/en/touch","/c/en/tag"],"weight":0.22426999999999891,"degrees":[81,440,8415,1765,590]},"num_concepts_raised":80493},{"base_id":136,"kind":"bot_words","i1":0,"i2":7,"sol":{"path":["/c/en/1830s","/c/en/decade","/c/en/historical","/c/en/peasantry"],"weight":0.20894999999999975,"degrees":[81,440,8415,74]},"num_concepts_raised":11537},{"base_id":136,"kind":"bot_words","i1":0,"i2":8,"sol":{"path":["/c/en/1830s","/c/en/decade","/c/en/historical","/c/en/police","/c/en/guardhouse"],"weight":0.2083199999999997,"degrees":[81,440,8415,1037,32]},"num_concepts_raised":8551},{"base_id":136,"kind":"bot_words","i1":0,"i2":9,"sol":{"path":["/c/en/1830s","/c/en/decade","/c/en/ten","/c/en/person","/c/en/selfish","/c/en/narcissistic"],"weight":0.21479769999999948,"degrees":[81,440,939,12935,237,72]},"num_concepts_raised":160514},{"base_id":136,"kind":"bot_words","i1":1,"i2":2,"sol":{"path":["/c/en/headroom","/c/en/head","/c/en/person","/c/zh/文學家","/c/en/literati"],"weight":0.2064799999999998,"degrees":[43,3580,12935,13,58]},"num_concepts_raised":23256},{"base_id":136,"kind":"bot_words","i1":1,"i2":3,"sol":{"path":["/c/en/headroom","/c/en/ability","/c/en/creativity","/c/en/creatively"],"weight":0.20431999999999995,"degrees":[43,1141,255,34]},"num_concepts_raised":17065},{"base_id":136,"kind":"bot_words","i1":1,"i2":4,"sol":{"path":["/c/en/headroom","/c/en/head","/c/en/drug","/c/en/tadalafil"],"weight":0.2100899999999998,"degrees":[43,3580,4920,32]},"num_concepts_raised":20167},{"base_id":136,"kind":"bot_words","i1":1,"i2":5,"sol":{"path":["/c/en/headroom","/c/en/head","/c/en/judge","/c/en/adjudge"],"weight":0.20555999999999985,"degrees":[43,3580,1643,54]},"num_concepts_raised":18880},{"base_id":136,"kind":"bot_words","i1":1,"i2":6,"sol":{"path":["/c/en/headroom","/c/en/distance","/c/en/touch","/c/en/tag"],"weight":0.21891999999999906,"degrees":[43,1296,1765,590]},"num_concepts_raised":92625},{"base_id":136,"kind":"bot_words","i1":1,"i2":7,"sol":{"path":["/c/en/headroom","/c/en/head","/c/en/class","/c/en/peasantry"],"weight":0.2057599999999999,"degrees":[43,3580,1926,74]},"num_concepts_raised":25713},{"base_id":136,"kind":"bot_words","i1":1,"i2":8,"sol":{"path":["/c/en/headroom","/c/en/head","/c/en/military","/c/en/guardhouse"],"weight":0.20511999999999983,"degrees":[43,3580,5690,32]},"num_concepts_raised":22753},{"base_id":136,"kind":"bot_words","i1":1,"i2":9,"sol":{"path":["/c/en/headroom","/c/en/head","/c/en/person","/c/en/selfish","/c/en/narcissistic"],"weight":0.20677999999999985,"degrees":[43,3580,12935,237,72]},"num_concepts_raised":16760},{"base_id":136,"kind":"bot_words","i1":2,"i2":3,"sol":{"path":["/c/en/literati","/c/zh/文學家","/c/en/person","/c/en/creativity","/c/en/creatively"],"weight":0.2054599999999999,"degrees":[58,13,12935,255,34]},"num_concepts_raised":10635},{"base_id":136,"kind":"bot_words","i1":2,"i2":4,"sol":{"path":["/c/en/literati","/c/zh/文學家","/c/en/person","/c/en/erectile_dysfunction","/c/en/tadalafil"],"weight":0.20912999999999976,"degrees":[58,13,12935,136,32]},"num_concepts_raised":13730},{"base_id":136,"kind":"bot_words","i1":2,"i2":5,"sol":{"path":["/c/en/literati","/c/zh/文學家","/c/en/person","/c/en/judge","/c/en/adjudge"],"weight":0.2045699999999998,"degrees":[58,13,12935,1643,54]},"num_concepts_raised":12473},{"base_id":136,"kind":"bot_words","i1":2,"i2":6,"sol":{"path":["/c/en/literati","/c/en/geekerati","/c/en/slang","/c/en/tag"],"weight":0.215009999999999,"degrees":[58,7,16318,590]},"num_concepts_raised":87983},{"base_id":136,"kind":"bot_words","i1":2,"i2":7,"sol":{"path":["/c/en/literati","/c/en/literature","/c/en/class","/c/en/peasantry"],"weight":0.20376999999999984,"degrees":[58,1309,1926,74]},"num_concepts_raised":19321},{"base_id":136,"kind":"bot_words","i1":2,"i2":8,"sol":{"path":["/c/en/literati","/c/en/digerati","/c/en/computer","/c/en/security","/c/en/guardhouse"],"weight":0.20407999999999976,"degrees":[58,9,2068,1011,32]},"num_concepts_raised":16494},{"base_id":136,"kind":"bot_words","i1":2,"i2":9,"sol":{"path":["/c/en/literati","/c/en/literary","/c/ru/нарцисс","/c/en/narcissistic"],"weight":0.2037199999999998,"degrees":[58,6728,19,72]},"num_concepts_raised":10291},{"base_id":136,"kind":"bot_words","i1":3,"i2":4,"sol":{"path":["/c/en/creatively","/c/en/creativity","/c/en/person","/c/en/erectile_dysfunction","/c/en/tadalafil"],"weight":0.20912999999999987,"degrees":[34,255,12935,136,32]},"num_concepts_raised":7481},{"base_id":136,"kind":"bot_words","i1":3,"i2":5,"sol":{"path":["/c/en/creatively","/c/en/creativity","/c/en/person","/c/en/judge","/c/en/adjudge"],"weight":0.20456999999999992,"degrees":[34,255,12935,1643,54]},"num_concepts_raised":6225},{"base_id":136,"kind":"bot_words","i1":3,"i2":6,"sol":{"path":["/c/en/creatively","/c/en/create","/c/en/graffiti","/c/en/tag"],"weight":0.21668999999999913,"degrees":[34,817,214,590]},"num_concepts_raised":82024},{"base_id":136,"kind":"bot_words","i1":3,"i2":7,"sol":{"path":["/c/en/creatively","/c/en/creative","/c/en/people","/c/en/peasant","/c/en/peasantry"],"weight":0.20506,"degrees":[34,289,4475,647,74]},"num_concepts_raised":13283},{"base_id":136,"kind":"bot_words","i1":3,"i2":8,"sol":{"path":["/c/en/creatively","/c/zh/軍師","/c/en/military","/c/en/guardhouse"],"weight":0.2028399999999999,"degrees":[34,14,5690,32]},"num_concepts_raised":10287},{"base_id":136,"kind":"bot_words","i1":3,"i2":9,"sol":{"path":["/c/en/creatively","/c/en/creativity","/c/en/person","/c/en/selfish","/c/en/narcissistic"],"weight":0.20575999999999994,"degrees":[34,255,12935,237,72]},"num_concepts_raised":4050},{"base_id":136,"kind":"bot_words","i1":4,"i2":5,"sol":{"path":["/c/en/tadalafil","/c/en/erectile_dysfunction","/c/en/person","/c/en/judge","/c/en/adjudge"],"weight":0.2082399999999998,"degrees":[32,136,12935,1643,54]},"num_concepts_raised":9314},{"base_id":136,"kind":"bot_words","i1":4,"i2":6,"sol":{"path":["/c/en/tadalafil","/c/en/pill","/c/en/tag"],"weight":0.20600000000000002,"degrees":[32,549,590]},"num_concepts_raised":492},{"base_id":136,"kind":"bot_words","i1":4,"i2":7,"sol":{"path":["/c/en/tadalafil","/c/en/erectile_dysfunction","/c/en/person","/c/en/peasant","/c/en/peasantry"],"weight":0.20869999999999986,"degrees":[32,136,12935,647,74]},"num_concepts_raised":16343},{"base_id":136,"kind":"bot_words","i1":4,"i2":8,"sol":{"path":["/c/en/tadalafil","/c/en/drug","/c/en/head","/c/en/military","/c/en/guardhouse"],"weight":0.20778999999999978,"degrees":[32,4920,3580,5690,32]},"num_concepts_raised":13356},{"base_id":136,"kind":"bot_words","i1":4,"i2":9,"sol":{"path":["/c/en/tadalafil","/c/en/erectile_dysfunction","/c/en/person","/c/en/selfish","/c/en/narcissistic"],"weight":0.20942999999999978,"degrees":[32,136,12935,237,72]},"num_concepts_raised":7112},{"base_id":136,"kind":"bot_words","i1":5,"i2":6,"sol":{"path":["/c/en/adjudge","/c/en/judge","/c/en/label","/c/en/tag"],"weight":0.22502999999999895,"degrees":[54,1643,531,590]},"num_concepts_raised":83676},{"base_id":136,"kind":"bot_words","i1":5,"i2":7,"sol":{"path":["/c/en/adjudge","/c/en/deem","/c/en/doom","/c/en/historical","/c/en/peasantry"],"weight":0.2047199999999999,"degrees":[54,225,299,8415,74]},"num_concepts_raised":15062},{"base_id":136,"kind":"bot_words","i1":5,"i2":8,"sol":{"path":["/c/en/adjudge","/c/en/adjudicate","/c/en/adjudication","/c/en/security","/c/en/guardhouse"],"weight":0.2041299999999998,"degrees":[54,75,90,1011,32]},"num_concepts_raised":12091},{"base_id":136,"kind":"bot_words","i1":5,"i2":9,"sol":{"path":["/c/en/adjudge","/c/en/judge","/c/en/person","/c/en/selfish","/c/en/narcissistic"],"weight":0.20486999999999983,"degrees":[54,1643,12935,237,72]},"num_concepts_raised":5882},{"base_id":136,"kind":"bot_words","i1":6,"i2":7,"sol":{"path":["/c/en/tag","/c/en/touch","/c/en/historical","/c/en/peasantry"],"weight":0.2192799999999991,"degrees":[590,1765,8415,74]},"num_concepts_raised":90007},{"base_id":136,"kind":"bot_words","i1":6,"i2":8,"sol":{"path":["/c/en/tag","/c/en/game","/c/en/military","/c/en/guardhouse"],"weight":0.21682999999999902,"degrees":[590,2308,5690,32]},"num_concepts_raised":86716},{"base_id":136,"kind":"bot_words","i1":6,"i2":9,"sol":{"path":["/c/en/tag","/c/en/mark","/c/en/importance","/c/en/narcissistic"],"weight":0.21535999999999905,"degrees":[590,1876,520,72]},"num_concepts_raised":81737},{"base_id":136,"kind":"bot_words","i1":7,"i2":8,"sol":{"path":["/c/en/peasantry","/c/en/class","/c/en/military","/c/en/guardhouse"],"weight":0.20340999999999987,"degrees":[74,1926,5690,32]},"num_concepts_raised":18798},{"base_id":136,"kind":"bot_words","i1":7,"i2":9,"sol":{"path":["/c/en/peasantry","/c/en/peasant","/c/en/people","/c/en/selfish","/c/en/narcissistic"],"weight":0.20541999999999988,"degrees":[74,647,4475,237,72]},"num_concepts_raised":12916},{"base_id":136,"kind":"bot_words","i1":8,"i2":9,"sol":{"path":["/c/en/guardhouse","/c/en/military","/c/en/self_seeking","/c/en/selfish","/c/en/narcissistic"],"weight":0.20443999999999982,"degrees":[32,5690,22,237,72]},"num_concepts_raised":9927}],[{"base_id":136,"kind":"top_words","i1":0,"i2":1,"sol":{"path":["/c/en/ab","/c/en/slang","/c/en/sound","/c/en/scania"],"weight":0.2091799999999997,"degrees":[134,16318,3218,43]},"num_concepts_raised":55688},{"base_id":136,"kind":"top_words","i1":0,"i2":2,"sol":{"path":["/c/en/ab","/c/en/plc","/c/fr/sa","/c/en/sa"],"weight":0.2047699999999997,"degrees":[134,29,103,29]},"num_concepts_raised":57558},{"base_id":136,"kind":"top_words","i1":0,"i2":3,"sol":{"path":["/c/en/ab","/c/en/us","/c/en/lm"],"weight":0.202,"degrees":[134,8154,27]},"num_concepts_raised":131},{"base_id":136,"kind":"top_words","i1":0,"i2":4,"sol":{"path":["/c/en/ab","/c/en/slang","/c/en/bean","/c/en/dahl"],"weight":0.2041199999999997,"degrees":[134,16318,588,39]},"num_concepts_raised":57224},{"base_id":136,"kind":"top_words","i1":0,"i2":5,"sol":{"path":["/c/en/ab","/c/en/slang","/c/en/moo"],"weight":0.202,"degrees":[134,16318,170]},"num_concepts_raised":240},{"base_id":136,"kind":"top_words","i1":0,"i2":6,"sol":{"path":["/c/en/ab","/c/en/slang","/c/en/shot","/c/en/bb"],"weight":0.2040299999999997,"degrees":[134,16318,812,36]},"num_concepts_raised":65914},{"base_id":136,"kind":"top_words","i1":0,"i2":7,"sol":{"path":["/c/en/ab","/c/en/unit","/c/en/company","/c/en/ericsson"],"weight":0.2091399999999996,"degrees":[134,1582,2258,50]},"num_concepts_raised":55847},{"base_id":136,"kind":"top_words","i1":0,"i2":8,"sol":{"path":["/c/en/ab","/c/en/a","/c/en/er","/c/en/uh"],"weight":0.20587999999999967,"degrees":[134,1436,599,76]},"num_concepts_raised":55259},{"base_id":136,"kind":"top_words","i1":0,"i2":9,"sol":{"path":["/c/en/ab","/c/en/a","/c/en/or","/c/en/ee"],"weight":0.2055099999999996,"degrees":[134,1436,892,65]},"num_concepts_raised":87378},{"base_id":136,"kind":"top_words","i1":1,"i2":2,"sol":{"path":["/c/en/scania","/c/fr/scanie","/c/fr/histoire","/c/fr/sa","/c/en/sa"],"weight":0.21096999999999982,"degrees":[43,25,4439,103,29]},"num_concepts_raised":8481},{"base_id":136,"kind":"top_words","i1":1,"i2":3,"sol":{"path":["/c/en/scania","/c/en/sweden","/c/en/country","/c/en/us","/c/en/lm"],"weight":0.21010999999999994,"degrees":[43,481,2796,8154,27]},"num_concepts_raised":11548},{"base_id":136,"kind":"top_words","i1":1,"i2":4,"sol":{"path":["/c/en/scania","/c/en/sweden","/c/en/dal","/c/en/dahl"],"weight":0.21013999999999983,"degrees":[43,481,20,39]},"num_concepts_raised":7865},{"base_id":136,"kind":"top_words","i1":1,"i2":5,"sol":{"path":["/c/en/scania","/c/en/sound","/c/en/slang","/c/en/moo"],"weight":0.20982999999999974,"degrees":[43,3218,16318,170]},"num_concepts_raised":41863},{"base_id":136,"kind":"top_words","i1":1,"i2":6,"sol":{"path":["/c/en/scania","/c/en/sound","/c/en/medicine","/c/en/bbs","/c/en/bb"],"weight":0.20905999999999986,"degrees":[43,3218,11938,45,36]},"num_concepts_raised":17378},{"base_id":136,"kind":"top_words","i1":1,"i2":7,"sol":{"path":["/c/en/scania","/c/en/sweden","/c/en/stockholm","/c/en/ericsson"],"weight":0.2152699999999997,"degrees":[43,481,103,50]},"num_concepts_raised":6517},{"base_id":136,"kind":"top_words","i1":1,"i2":8,"sol":{"path":["/c/en/scania","/c/en/sound","/c/en/slang","/c/en/er","/c/en/uh"],"weight":0.2098699999999998,"degrees":[43,3218,16318,599,76]},"num_concepts_raised":5861},{"base_id":136,"kind":"top_words","i1":1,"i2":9,"sol":{"path":["/c/en/scania","/c/en/sound","/c/en/medicine","/c/en/ee"],"weight":0.20838999999999974,"degrees":[43,3218,11938,65]},"num_concepts_raised":40169},{"base_id":136,"kind":"top_words","i1":2,"i2":3,"sol":{"path":["/c/en/sa","/c/en/sack","/c/en/us","/c/en/lm"],"weight":0.20273999999999992,"degrees":[29,774,8154,27]},"num_concepts_raised":13584},{"base_id":136,"kind":"top_words","i1":2,"i2":4,"sol":{"path":["/c/en/sa","/c/en/sports","/c/en/dal","/c/en/dahl"],"weight":0.20276999999999984,"degrees":[29,3417,20,39]},"num_concepts_raised":10021},{"base_id":136,"kind":"top_words","i1":2,"i2":5,"sol":{"path":["/c/en/sa","/c/en/sack","/c/en/slang","/c/en/moo"],"weight":0.20447999999999977,"degrees":[29,774,16318,170]},"num_concepts_raised":44061},{"base_id":136,"kind":"top_words","i1":2,"i2":6,"sol":{"path":["/c/en/sa","/c/en/sports","/c/en/shot","/c/en/bb"],"weight":0.20271999999999984,"degrees":[29,3417,812,36]},"num_concepts_raised":19424},{"base_id":136,"kind":"top_words","i1":2,"i2":7,"sol":{"path":["/c/en/sa","/c/fr/sa","/c/en/joint_stock_company","/c/en/company","/c/en/ericsson"],"weight":0.20892999999999973,"degrees":[29,103,129,2258,50]},"num_concepts_raised":8667},{"base_id":136,"kind":"top_words","i1":2,"i2":8,"sol":{"path":["/c/en/sa","/c/en/sports","/c/en/er","/c/en/uh"],"weight":0.20453999999999983,"degrees":[29,3417,599,76]},"num_concepts_raised":8014},{"base_id":136,"kind":"top_words","i1":2,"i2":9,"sol":{"path":["/c/en/sa","/c/en/sports","/c/en/er","/c/en/ee"],"weight":0.20411999999999975,"degrees":[29,3417,599,65]},"num_concepts_raised":42261},{"base_id":136,"kind":"top_words","i1":3,"i2":4,"sol":{"path":["/c/en/lm","/c/en/us","/c/en/plant","/c/en/pigeon_pea","/c/en/dahl"],"weight":0.20404999999999995,"degrees":[27,8154,7959,71,39]},"num_concepts_raised":13045},{"base_id":136,"kind":"top_words","i1":3,"i2":5,"sol":{"path":["/c/en/lm","/c/en/us","/c/en/low","/c/en/moo"],"weight":0.20686999999999983,"degrees":[27,8154,1298,170]},"num_concepts_raised":45415},{"base_id":136,"kind":"top_words","i1":3,"i2":6,"sol":{"path":["/c/en/lm","/c/en/graphical_user_interface","/c/en/computing","/c/en/bb"],"weight":0.20285999999999996,"degrees":[27,291,9084,36]},"num_concepts_raised":22397},{"base_id":136,"kind":"top_words","i1":3,"i2":7,"sol":{"path":["/c/en/lm","/c/en/sm","/c/en/music","/c/en/television","/c/en/ericsson"],"weight":0.20904999999999985,"degrees":[27,20,8822,1498,50]},"num_concepts_raised":11709},{"base_id":136,"kind":"top_words","i1":3,"i2":8,"sol":{"path":["/c/en/lm","/c/en/us","/c/en/um","/c/en/uh"],"weight":0.20454999999999993,"degrees":[27,8154,183,76]},"num_concepts_raised":11090},{"base_id":136,"kind":"top_words","i1":3,"i2":9,"sol":{"path":["/c/en/lm","/c/en/lumen","/c/en/medicine","/c/en/ee"],"weight":0.20422999999999986,"degrees":[27,187,11938,65]},"num_concepts_raised":45012},{"base_id":136,"kind":"top_words","i1":4,"i2":5,"sol":{"path":["/c/en/dahl","/c/en/bean","/c/en/slang","/c/en/moo"],"weight":0.20471999999999974,"degrees":[39,588,16318,170]},"num_concepts_raised":43585},{"base_id":136,"kind":"top_words","i1":4,"i2":6,"sol":{"path":["/c/en/dahl","/c/en/bean","/c/en/software","/c/en/bbcode","/c/en/bb"],"weight":0.20399999999999985,"degrees":[39,588,1812,37,36]},"num_concepts_raised":18932},{"base_id":136,"kind":"top_words","i1":4,"i2":7,"sol":{"path":["/c/en/dahl","/c/en/pea","/c/en/small","/c/en/company","/c/en/ericsson"],"weight":0.20812999999999973,"degrees":[39,507,2515,2258,50]},"num_concepts_raised":8094},{"base_id":136,"kind":"top_words","i1":4,"i2":8,"sol":{"path":["/c/en/dahl","/c/en/bean","/c/en/slang","/c/en/er","/c/en/uh"],"weight":0.20479999999999982,"degrees":[39,588,16318,599,76]},"num_concepts_raised":7424},{"base_id":136,"kind":"top_words","i1":4,"i2":9,"sol":{"path":["/c/en/dahl","/c/en/herb","/c/en/medicine","/c/en/ee"],"weight":0.20326999999999976,"degrees":[39,1259,11938,65]},"num_concepts_raised":41777},{"base_id":136,"kind":"top_words","i1":5,"i2":6,"sol":{"path":["/c/en/moo","/c/en/low","/c/en/lo","/c/en/bb"],"weight":0.20686999999999978,"degrees":[170,1298,2684,36]},"num_concepts_raised":52605},{"base_id":136,"kind":"top_words","i1":5,"i2":7,"sol":{"path":["/c/en/moo","/c/en/music","/c/en/television","/c/en/ericsson"],"weight":0.20970999999999965,"degrees":[170,8822,1498,50]},"num_concepts_raised":42249},{"base_id":136,"kind":"top_words","i1":5,"i2":8,"sol":{"path":["/c/en/moo","/c/en/slang","/c/en/er","/c/en/uh"],"weight":0.20643999999999973,"degrees":[170,16318,599,76]},"num_concepts_raised":41648},{"base_id":136,"kind":"top_words","i1":5,"i2":9,"sol":{"path":["/c/en/moo","/c/en/low","/c/en/scotland","/c/en/ee"],"weight":0.20718999999999965,"degrees":[170,1298,2226,65]},"num_concepts_raised":74478},{"base_id":136,"kind":"top_words","i1":6,"i2":7,"sol":{"path":["/c/en/bb","/c/en/computing","/c/en/multimedia","/c/en/ericsson"],"weight":0.20802999999999974,"degrees":[36,9084,171,50]},"num_concepts_raised":17542},{"base_id":136,"kind":"top_words","i1":6,"i2":8,"sol":{"path":["/c/en/bb","/c/en/computing","/c/en/im","/c/en/er","/c/en/uh"],"weight":0.20471999999999985,"degrees":[36,9084,67,599,76]},"num_concepts_raised":16934},{"base_id":136,"kind":"top_words","i1":6,"i2":9,"sol":{"path":["/c/en/bb","/c/en/electronics","/c/en/or","/c/en/ee"],"weight":0.20425999999999978,"degrees":[36,1297,892,65]},"num_concepts_raised":50830},{"base_id":136,"kind":"top_words","i1":7,"i2":8,"sol":{"path":["/c/en/ericsson","/c/en/company","/c/en/umm","/c/en/er","/c/en/uh"],"weight":0.2099299999999997,"degrees":[50,2258,25,599,76]},"num_concepts_raised":6085},{"base_id":136,"kind":"top_words","i1":7,"i2":9,"sol":{"path":["/c/en/ericsson","/c/en/company","/c/en/ed","/c/en/ee"],"weight":0.20839999999999964,"degrees":[50,2258,182,65]},"num_concepts_raised":40413},{"base_id":136,"kind":"top_words","i1":8,"i2":9,"sol":{"path":["/c/en/uh","/c/en/er","/c/en/ee"],"weight":0.20400000000000001,"degrees":[76,599,65]},"num_concepts_raised":126}]]