[[{"base_id":137,"kind":"bot_words","i1":0,"i2":1,"sol":{"path":["/c/en/sumatra","/c/en/orangutan","/c/en/brown","/c/en/gloomy","/c/en/gloom"],"weight":0.21514999999999923,"degrees":[170,244,1055,478,314]},"num_concepts_raised":17043},{"base_id":137,"kind":"bot_words","i1":0,"i2":2,"sol":{"path":["/c/en/sumatra","/c/en/indonesia","/c/en/go","/c/en/crack","/c/en/trained"],"weight":0.2109099999999997,"degrees":[170,549,2637,1064,102]},"num_concepts_raised":13189},{"base_id":137,"kind":"bot_words","i1":0,"i2":3,"sol":{"path":["/c/en/sumatra","/c/en/island","/c/en/around","/c/en/pushchair"],"weight":0.21016,"degrees":[170,1660,920,39]},"num_concepts_raised":12936},{"base_id":137,"kind":"bot_words","i1":0,"i2":4,"sol":{"path":["/c/en/sumatra","/c/en/island","/c/en/state","/c/en/phoenix"],"weight":0.21995999999999943,"degrees":[170,1660,3243,467]},"num_concepts_raised":42566},{"base_id":137,"kind":"bot_words","i1":0,"i2":5,"sol":{"path":["/c/en/sumatra","/c/en/island","/c/en/isolation","/c/en/chemistry","/c/en/phosphoric"],"weight":0.21032999999999996,"degrees":[170,1660,288,11754,41]},"num_concepts_raised":16380},{"base_id":137,"kind":"bot_words","i1":0,"i2":6,"sol":{"path":["/c/en/sumatra","/c/en/orangutan","/c/fr/zoologie","/c/ru/ага","/c/en/agha"],"weight":0.21149,"degrees":[170,244,9122,80,58]},"num_concepts_raised":3395},{"base_id":137,"kind":"bot_words","i1":0,"i2":7,"sol":{"path":["/c/en/sumatra","/c/en/island","/c/en/water","/c/en/ester"],"weight":0.2243099999999973,"degrees":[170,1660,4606,879]},"num_concepts_raised":41318},{"base_id":137,"kind":"bot_words","i1":0,"i2":8,"sol":{"path":["/c/en/sumatra","/c/en/island","/c/en/hide","/c/en/flask","/c/en/thermos"],"weight":0.21243,"degrees":[170,1660,1620,364,111]},"num_concepts_raised":9209},{"base_id":137,"kind":"bot_words","i1":0,"i2":9,"sol":{"path":["/c/en/sumatra","/c/en/island","/c/en/water","/c/en/cyanide","/c/en/nitrile"],"weight":0.21142999999999978,"degrees":[170,1660,4606,214,112]},"num_concepts_raised":29930},{"base_id":137,"kind":"bot_words","i1":1,"i2":2,"sol":{"path":["/c/en/gloom","/c/en/shadow","/c/en/trainee","/c/en/trained"],"weight":0.20663999999999894,"degrees":[314,928,105,102]},"num_concepts_raised":23997},{"base_id":137,"kind":"bot_words","i1":1,"i2":3,"sol":{"path":["/c/en/gloom","/c/en/depression","/c/en/push","/c/en/pushchair"],"weight":0.20619999999999922,"degrees":[314,839,1123,39]},"num_concepts_raised":23726},{"base_id":137,"kind":"bot_words","i1":1,"i2":4,"sol":{"path":["/c/en/gloom","/c/en/dark","/c/en/city","/c/en/phoenix"],"weight":0.21714999999999868,"degrees":[314,1488,3758,467]},"num_concepts_raised":53225},{"base_id":137,"kind":"bot_words","i1":1,"i2":5,"sol":{"path":["/c/en/gloom","/c/en/dry","/c/en/chemistry","/c/en/phosphoric"],"weight":0.2058999999999992,"degrees":[314,1434,11754,41]},"num_concepts_raised":27232},{"base_id":137,"kind":"bot_words","i1":1,"i2":6,"sol":{"path":["/c/en/gloom","/c/fr/mélancolie","/c/en/historical","/c/hy/աղա","/c/en/agha"],"weight":0.20834999999999926,"degrees":[314,156,8415,21,58]},"num_concepts_raised":14343},{"base_id":137,"kind":"bot_words","i1":1,"i2":7,"sol":{"path":["/c/en/gloom","/c/en/depression","/c/en/pirisudanol","/c/en/ester"],"weight":0.22018999999999656,"degrees":[314,839,10,879]},"num_concepts_raised":51915},{"base_id":137,"kind":"bot_words","i1":1,"i2":8,"sol":{"path":["/c/en/gloom","/c/en/joy","/c/en/inner","/c/en/thermos"],"weight":0.20688999999999924,"degrees":[314,943,335,111]},"num_concepts_raised":19986},{"base_id":137,"kind":"bot_words","i1":1,"i2":9,"sol":{"path":["/c/en/gloom","/c/en/gunpowder","/c/en/niter","/c/en/nitrile"],"weight":0.20663999999999905,"degrees":[314,353,45,112]},"num_concepts_raised":40754},{"base_id":137,"kind":"bot_words","i1":2,"i2":3,"sol":{"path":["/c/en/trained","/c/en/train","/c/en/carriage","/c/en/pushchair"],"weight":0.2037999999999997,"degrees":[102,1408,731,39]},"num_concepts_raised":19859},{"base_id":137,"kind":"bot_words","i1":2,"i2":4,"sol":{"path":["/c/en/trained","/c/fr/personne","/c/fr/phénix","/c/en/phoenix"],"weight":0.21866999999999914,"degrees":[102,3714,112,467]},"num_concepts_raised":49559},{"base_id":137,"kind":"bot_words","i1":2,"i2":5,"sol":{"path":["/c/en/trained","/c/en/crack","/c/en/chemistry","/c/en/phosphoric"],"weight":0.20382999999999968,"degrees":[102,1064,11754,41]},"num_concepts_raised":23434},{"base_id":137,"kind":"bot_words","i1":2,"i2":6,"sol":{"path":["/c/en/trained","/c/en/dogs","/c/en/master","/c/tr/ağa","/c/en/agha"],"weight":0.20521999999999974,"degrees":[102,291,1522,56,58]},"num_concepts_raised":10478},{"base_id":137,"kind":"bot_words","i1":2,"i2":7,"sol":{"path":["/c/en/trained","/c/en/dolphins","/c/en/water","/c/en/ester"],"weight":0.217759999999997,"degrees":[102,27,4606,879]},"num_concepts_raised":48296},{"base_id":137,"kind":"bot_words","i1":2,"i2":8,"sol":{"path":["/c/en/trained","/c/en/train","/c/en/software","/c/en/flask","/c/en/thermos"],"weight":0.2059599999999997,"degrees":[102,1408,1812,364,111]},"num_concepts_raised":16235},{"base_id":137,"kind":"bot_words","i1":2,"i2":9,"sol":{"path":["/c/en/trained","/c/en/crack","/c/en/chemistry","/c/fi/nitriili","/c/en/nitrile"],"weight":0.2068199999999995,"degrees":[102,1064,11754,5,112]},"num_concepts_raised":36917},{"base_id":137,"kind":"bot_words","i1":3,"i2":4,"sol":{"path":["/c/en/pushchair","/c/en/baby","/c/en/bird","/c/en/phoenix"],"weight":0.2128299999999994,"degrees":[39,1519,4970,467]},"num_concepts_raised":49092},{"base_id":137,"kind":"bot_words","i1":3,"i2":5,"sol":{"path":["/c/en/pushchair","/c/en/chair","/c/en/chemistry","/c/en/phosphoric"],"weight":0.2032,"degrees":[39,1138,11754,41]},"num_concepts_raised":23203},{"base_id":137,"kind":"bot_words","i1":3,"i2":6,"sol":{"path":["/c/en/pushchair","/c/en/british","/c/en/lord","/c/tr/ağa","/c/en/agha"],"weight":0.20452000000000004,"degrees":[39,3452,988,56,58]},"num_concepts_raised":10250},{"base_id":137,"kind":"bot_words","i1":3,"i2":7,"sol":{"path":["/c/en/pushchair","/c/en/chair","/c/en/chemistry","/c/en/triglyceride","/c/en/ester"],"weight":0.2214299999999973,"degrees":[39,1138,11754,138,879]},"num_concepts_raised":48004},{"base_id":137,"kind":"bot_words","i1":3,"i2":8,"sol":{"path":["/c/en/pushchair","/c/en/british","/c/en/bottle","/c/en/thermos"],"weight":0.20423,"degrees":[39,3452,989,111]},"num_concepts_raised":15885},{"base_id":137,"kind":"bot_words","i1":3,"i2":9,"sol":{"path":["/c/en/pushchair","/c/en/british","/c/en/class","/c/en/nitrile"],"weight":0.20392999999999978,"degrees":[39,3452,1926,112]},"num_concepts_raised":36708},{"base_id":137,"kind":"bot_words","i1":4,"i2":5,"sol":{"path":["/c/en/phoenix","/c/en/ash","/c/en/chemistry","/c/en/phosphoric"],"weight":0.2128899999999994,"degrees":[467,810,11754,41]},"num_concepts_raised":52856},{"base_id":137,"kind":"bot_words","i1":4,"i2":6,"sol":{"path":["/c/en/phoenix","/c/en/mythology","/c/en/history","/c/ru/ага","/c/en/agha"],"weight":0.21445999999999943,"degrees":[467,1132,1864,80,58]},"num_concepts_raised":40071},{"base_id":137,"kind":"bot_words","i1":4,"i2":7,"sol":{"path":["/c/en/phoenix","/c/en/state","/c/en/water","/c/en/ester"],"weight":0.22701999999999672,"degrees":[467,3243,4606,879]},"num_concepts_raised":77087},{"base_id":137,"kind":"bot_words","i1":4,"i2":8,"sol":{"path":["/c/en/phoenix","/c/en/constellation","/c/en/wall","/c/en/thermos"],"weight":0.21400999999999942,"degrees":[467,1426,1673,111]},"num_concepts_raised":45476},{"base_id":137,"kind":"bot_words","i1":4,"i2":9,"sol":{"path":["/c/en/phoenix","/c/en/state","/c/en/class","/c/en/nitrile"],"weight":0.21371999999999924,"degrees":[467,3243,1926,112]},"num_concepts_raised":66226},{"base_id":137,"kind":"bot_words","i1":5,"i2":6,"sol":{"path":["/c/en/phosphoric","/c/en/chemistry","/c/fr/titre","/c/tr/ağa","/c/en/agha"],"weight":0.20462999999999998,"degrees":[41,11754,722,56,58]},"num_concepts_raised":13664},{"base_id":137,"kind":"bot_words","i1":5,"i2":7,"sol":{"path":["/c/en/phosphoric","/c/en/compound","/c/en/ester"],"weight":0.20400000000000001,"degrees":[41,1833,879]},"num_concepts_raised":842},{"base_id":137,"kind":"bot_words","i1":5,"i2":8,"sol":{"path":["/c/en/phosphoric","/c/en/chemistry","/c/en/flask","/c/en/thermos"],"weight":0.20543999999999996,"degrees":[41,11754,364,111]},"num_concepts_raised":19376},{"base_id":137,"kind":"bot_words","i1":5,"i2":9,"sol":{"path":["/c/en/phosphoric","/c/en/compound","/c/en/nitrile"],"weight":0.202,"degrees":[41,1833,112]},"num_concepts_raised":119},{"base_id":137,"kind":"bot_words","i1":6,"i2":7,"sol":{"path":["/c/en/agha","/c/tr/ağa","/c/fr/titre","/c/fr/chimie","/c/en/ester"],"weight":0.2187699999999973,"degrees":[58,56,722,9652,879]},"num_concepts_raised":38652},{"base_id":137,"kind":"bot_words","i1":6,"i2":8,"sol":{"path":["/c/en/agha","/c/tr/ağa","/c/en/master","/c/en/vessel","/c/en/thermos"],"weight":0.2057,"degrees":[58,56,1522,1376,111]},"num_concepts_raised":6507},{"base_id":137,"kind":"bot_words","i1":6,"i2":9,"sol":{"path":["/c/en/agha","/c/tr/ağa","/c/fr/titre","/c/fr/chimie","/c/en/nitrile"],"weight":0.20546999999999982,"degrees":[58,56,722,9652,112]},"num_concepts_raised":27224},{"base_id":137,"kind":"bot_words","i1":7,"i2":8,"sol":{"path":["/c/en/ester","/c/en/alcohol","/c/en/flask","/c/en/thermos"],"weight":0.2195699999999973,"degrees":[879,1287,364,111]},"num_concepts_raised":44141},{"base_id":137,"kind":"bot_words","i1":7,"i2":9,"sol":{"path":["/c/en/ester","/c/en/compound","/c/en/nitrile"],"weight":0.20400000000000001,"degrees":[879,1833,112]},"num_concepts_raised":897},{"base_id":137,"kind":"bot_words","i1":8,"i2":9,"sol":{"path":["/c/en/thermos","/c/en/flask","/c/en/chemistry","/c/fi/nitriili","/c/en/nitrile"],"weight":0.2084399999999998,"degrees":[111,364,11754,5,112]},"num_concepts_raised":32948}],[{"base_id":137,"kind":"top_words","i1":0,"i2":1,"sol":{"path":["/c/en/pechenegs","/c/en/country","/c/en/spain","/c/en/reconquista","/c/en/mudéjar"],"weight":0.2089999999999998,"degrees":[53,2796,972,77,25]},"num_concepts_raised":6571},{"base_id":137,"kind":"top_words","i1":0,"i2":2,"sol":{"path":["/c/en/pechenegs","/c/en/country","/c/en/part","/c/en/item","/c/en/itemize"],"weight":0.2091199999999997,"degrees":[53,2796,2528,671,41]},"num_concepts_raised":5936},{"base_id":137,"kind":"top_words","i1":0,"i2":3,"sol":{"path":["/c/en/pechenegs","/c/en/country","/c/en/canada","/c/en/breton","/c/en/bretons"],"weight":0.21514999999999965,"degrees":[53,2796,2402,120,44]},"num_concepts_raised":3401},{"base_id":137,"kind":"top_words","i1":0,"i2":4,"sol":{"path":["/c/en/pechenegs","/c/en/country","/c/en/like","/c/en/desire","/c/en/grudgingly","/c/en/petulantly"],"weight":0.21266829999999937,"degrees":[53,2796,2357,1617,59,31]},"num_concepts_raised":279644},{"base_id":137,"kind":"top_words","i1":0,"i2":5,"sol":{"path":["/c/en/pechenegs","/c/en/pecheneg","/c/en/historical","/c/en/janissary","/c/en/janissaries"],"weight":0.21360999999999955,"degrees":[53,24,8415,115,65]},"num_concepts_raised":2951},{"base_id":137,"kind":"top_words","i1":0,"i2":6,"sol":{"path":["/c/en/pechenegs","/c/en/country","/c/en/organization","/c/en/organisation","/c/en/mensheviks"],"weight":0.2131399999999996,"degrees":[53,2796,1375,281,49]},"num_concepts_raised":2786},{"base_id":137,"kind":"top_words","i1":0,"i2":7,"sol":{"path":["/c/en/pechenegs","/c/en/country","/c/en/music","/c/en/band","/c/en/commodores"],"weight":0.2130099999999997,"degrees":[53,2796,8822,1893,31]},"num_concepts_raised":4738},{"base_id":137,"kind":"top_words","i1":0,"i2":8,"sol":{"path":["/c/en/pechenegs","/c/en/country","/c/en/rock","/c/en/erosion","/c/en/erosive"],"weight":0.20896999999999977,"degrees":[53,2796,2349,369,24]},"num_concepts_raised":3227},{"base_id":137,"kind":"top_words","i1":0,"i2":9,"sol":{"path":["/c/en/pechenegs","/c/en/country","/c/en/language","/c/en/cimmerians"],"weight":0.21314999999999962,"degrees":[53,2796,4160,48]},"num_concepts_raised":6304},{"base_id":137,"kind":"top_words","i1":1,"i2":2,"sol":{"path":["/c/en/mudéjar","/c/en/architecture","/c/en/list","/c/en/item","/c/en/itemize"],"weight":0.20484999999999992,"degrees":[25,2564,1079,671,41]},"num_concepts_raised":7735},{"base_id":137,"kind":"top_words","i1":1,"i2":3,"sol":{"path":["/c/en/mudéjar","/c/en/architecture","/c/en/cornish","/c/en/breton","/c/en/bretons"],"weight":0.21088999999999986,"degrees":[25,2564,118,120,44]},"num_concepts_raised":5227},{"base_id":137,"kind":"top_words","i1":1,"i2":4,"sol":{"path":["/c/en/mudéjar","/c/en/christian","/c/en/cross","/c/en/petulant","/c/en/petulantly"],"weight":0.20468999999999993,"degrees":[25,813,1512,66,31]},"num_concepts_raised":4455},{"base_id":137,"kind":"top_words","i1":1,"i2":5,"sol":{"path":["/c/en/mudéjar","/c/en/christian","/c/en/janissary","/c/en/janissaries"],"weight":0.20931999999999978,"degrees":[25,813,115,65]},"num_concepts_raised":4769},{"base_id":137,"kind":"top_words","i1":1,"i2":6,"sol":{"path":["/c/en/mudéjar","/c/en/architecture","/c/ja/体系","/c/en/organisation","/c/en/mensheviks"],"weight":0.20887999999999982,"degrees":[25,2564,22,281,49]},"num_concepts_raised":4611},{"base_id":137,"kind":"top_words","i1":1,"i2":7,"sol":{"path":["/c/en/mudéjar","/c/en/architecture","/c/en/band","/c/en/commodores"],"weight":0.2087199999999999,"degrees":[25,2564,1893,31]},"num_concepts_raised":6547},{"base_id":137,"kind":"top_words","i1":1,"i2":8,"sol":{"path":["/c/en/mudéjar","/c/en/architecture","/c/en/weathering","/c/en/erosion","/c/en/erosive"],"weight":0.20471999999999999,"degrees":[25,2564,125,369,24]},"num_concepts_raised":5046},{"base_id":137,"kind":"top_words","i1":1,"i2":9,"sol":{"path":["/c/en/mudéjar","/c/en/architecture","/c/en/native","/c/en/language","/c/en/cimmerians"],"weight":0.20893999999999982,"degrees":[25,2564,995,4160,48]},"num_concepts_raised":8142},{"base_id":137,"kind":"top_words","i1":2,"i2":3,"sol":{"path":["/c/en/itemize","/c/en/number","/c/en/group","/c/en/ethnic_group","/c/en/bretons"],"weight":0.20802999999999977,"degrees":[41,2301,2339,622,44]},"num_concepts_raised":4595},{"base_id":137,"kind":"top_words","i1":2,"i2":4,"sol":{"path":["/c/en/itemize","/c/en/item","/c/en/cross","/c/en/petulant","/c/en/petulantly"],"weight":0.20478999999999983,"degrees":[41,671,1512,66,31]},"num_concepts_raised":3818},{"base_id":137,"kind":"top_words","i1":2,"i2":5,"sol":{"path":["/c/en/itemize","/c/en/item","/c/en/band","/c/en/janissary","/c/en/janissaries"],"weight":0.20944999999999966,"degrees":[41,671,1893,115,65]},"num_concepts_raised":4131},{"base_id":137,"kind":"top_words","i1":2,"i2":6,"sol":{"path":["/c/en/itemize","/c/en/number","/c/en/entity","/c/en/organisation","/c/en/mensheviks"],"weight":0.20798999999999973,"degrees":[41,2301,353,281,49]},"num_concepts_raised":3974},{"base_id":137,"kind":"top_words","i1":2,"i2":7,"sol":{"path":["/c/en/itemize","/c/en/item","/c/en/band","/c/en/commodores"],"weight":0.20881999999999978,"degrees":[41,671,1893,31]},"num_concepts_raised":5908},{"base_id":137,"kind":"top_words","i1":2,"i2":8,"sol":{"path":["/c/en/itemize","/c/en/item","/c/en/accretion","/c/en/erosion","/c/en/erosive"],"weight":0.2048199999999999,"degrees":[41,671,174,369,24]},"num_concepts_raised":4410},{"base_id":137,"kind":"top_words","i1":2,"i2":9,"sol":{"path":["/c/en/itemize","/c/en/item","/c/en/tool","/c/en/language","/c/en/cimmerians"],"weight":0.20900999999999972,"degrees":[41,671,1423,4160,48]},"num_concepts_raised":7490},{"base_id":137,"kind":"top_words","i1":3,"i2":4,"sol":{"path":["/c/en/bretons","/c/en/breton","/c/en/human","/c/en/children","/c/en/petulant","/c/en/petulantly"],"weight":0.21408239999999967,"degrees":[44,120,2645,992,66,31]},"num_concepts_raised":137057},{"base_id":137,"kind":"top_words","i1":3,"i2":5,"sol":{"path":["/c/en/bretons","/c/en/ethnic_group","/c/en/croats","/c/en/military_unit","/c/en/janissaries"],"weight":0.21326999999999963,"degrees":[44,622,70,150,65]},"num_concepts_raised":1585},{"base_id":137,"kind":"top_words","i1":3,"i2":6,"sol":{"path":["/c/en/bretons","/c/en/breton","/c/en/britain","/c/en/historical","/c/pt/menchevique","/c/en/mensheviks"],"weight":0.21714149999999954,"degrees":[44,120,239,8415,7,49]},"num_concepts_raised":151254},{"base_id":137,"kind":"top_words","i1":3,"i2":7,"sol":{"path":["/c/en/bretons","/c/en/breton","/c/en/canada","/c/en/band","/c/en/commodores"],"weight":0.21492999999999973,"degrees":[44,120,2402,1893,31]},"num_concepts_raised":3389},{"base_id":137,"kind":"top_words","i1":3,"i2":8,"sol":{"path":["/c/en/bretons","/c/en/breton","/c/fr/breton","/c/fr/relatif","/c/fr/érosif","/c/en/erosive"],"weight":0.2144909999999997,"degrees":[44,120,235,746,22,24]},"num_concepts_raised":216300},{"base_id":137,"kind":"top_words","i1":3,"i2":9,"sol":{"path":["/c/en/bretons","/c/en/breton","/c/en/language","/c/en/cimmerians"],"weight":0.21510999999999966,"degrees":[44,120,4160,48]},"num_concepts_raised":4877},{"base_id":137,"kind":"top_words","i1":4,"i2":5,"sol":{"path":["/c/en/petulantly","/c/en/petulant","/c/en/cross","/c/en/christian","/c/en/janissary","/c/en/janissaries"],"weight":0.21348649999999963,"degrees":[31,66,1512,813,115,65]},"num_concepts_raised":64116},{"base_id":137,"kind":"top_words","i1":4,"i2":6,"sol":{"path":["/c/en/petulantly","/c/en/petulant","/c/en/cross","/c/en/organization","/c/en/organisation","/c/en/mensheviks"],"weight":0.21212779999999962,"degrees":[31,66,1512,1375,281,49]},"num_concepts_raised":40614},{"base_id":137,"kind":"top_words","i1":4,"i2":7,"sol":{"path":["/c/en/petulantly","/c/en/grudgingly","/c/en/desire","/c/en/like","/c/en/band","/c/en/commodores"],"weight":0.21192449999999957,"degrees":[31,59,1617,2357,1893,31]},"num_concepts_raised":261565},{"base_id":137,"kind":"top_words","i1":4,"i2":8,"sol":{"path":["/c/en/petulantly","/c/en/grudgingly","/c/en/desire","/c/en/hate_music","/c/en/destructive","/c/en/erosive"],"weight":0.20931759999999983,"degrees":[31,59,1617,5,344,24]},"num_concepts_raised":105811},{"base_id":137,"kind":"top_words","i1":4,"i2":9,"sol":{"path":["/c/en/petulantly","/c/en/grudgingly","/c/en/resentment","/c/en/expressing_information","/c/en/language","/c/en/cimmerians"],"weight":0.21271099999999918,"degrees":[31,59,364,99,4160,48]},"num_concepts_raised":286129},{"base_id":137,"kind":"top_words","i1":5,"i2":6,"sol":{"path":["/c/en/janissaries","/c/en/janissary","/c/en/historical","/c/pt/menchevique","/c/en/mensheviks"],"weight":0.21360999999999958,"degrees":[65,115,8415,7,49]},"num_concepts_raised":965},{"base_id":137,"kind":"top_words","i1":5,"i2":7,"sol":{"path":["/c/en/janissaries","/c/en/janissary","/c/en/band","/c/en/commodores"],"weight":0.21338999999999964,"degrees":[65,115,1893,31]},"num_concepts_raised":2930},{"base_id":137,"kind":"top_words","i1":5,"i2":8,"sol":{"path":["/c/en/janissaries","/c/en/military_unit","/c/en/armor","/c/en/erosion","/c/en/erosive"],"weight":0.20907999999999974,"degrees":[65,150,456,369,24]},"num_concepts_raised":1402},{"base_id":137,"kind":"top_words","i1":5,"i2":9,"sol":{"path":["/c/en/janissaries","/c/en/janissary","/c/en/historical","/c/en/cimmerian","/c/en/cimmerians"],"weight":0.21357999999999958,"degrees":[65,115,8415,36,48]},"num_concepts_raised":4508},{"base_id":137,"kind":"top_words","i1":6,"i2":7,"sol":{"path":["/c/en/mensheviks","/c/en/organisation","/c/en/organization","/c/en/band","/c/en/commodores"],"weight":0.21293999999999969,"degrees":[49,281,1375,1893,31]},"num_concepts_raised":2774},{"base_id":137,"kind":"top_words","i1":6,"i2":8,"sol":{"path":["/c/en/mensheviks","/c/en/organisation","/c/en/joint","/c/fr/géologie","/c/en/erosion","/c/en/erosive"],"weight":0.2123409999999996,"degrees":[49,281,1413,1610,369,24]},"num_concepts_raised":119922},{"base_id":137,"kind":"top_words","i1":6,"i2":9,"sol":{"path":["/c/en/mensheviks","/c/pt/menchevique","/c/en/historical","/c/en/cimmerian","/c/en/cimmerians"],"weight":0.21310999999999963,"degrees":[49,7,8415,36,48]},"num_concepts_raised":4344},{"base_id":137,"kind":"top_words","i1":7,"i2":8,"sol":{"path":["/c/en/commodores","/c/en/band","/c/en/rock","/c/en/erosion","/c/en/erosive"],"weight":0.20877999999999985,"degrees":[31,1893,2349,369,24]},"num_concepts_raised":3213},{"base_id":137,"kind":"top_words","i1":7,"i2":9,"sol":{"path":["/c/en/commodores","/c/en/band","/c/en/music","/c/en/language","/c/en/cimmerians"],"weight":0.2129699999999997,"degrees":[31,1893,8822,4160,48]},"num_concepts_raised":6311},{"base_id":137,"kind":"top_words","i1":8,"i2":9,"sol":{"path":["/c/en/erosive","/c/en/erosion","/c/en/mathematics","/c/en/language","/c/en/cimmerians"],"weight":0.2089399999999998,"degrees":[24,369,7601,4160,48]},"num_concepts_raised":4782}]]