[[{"base_id":243,"kind":"bot_words","i1":0,"i2":1,"sol":{"path":["/c/en/resigned","/c/en/resign","/c/en/leave","/c/en/jump","/c/en/lope"],"weight":0.2040699999999998,"degrees":[27,262,1955,1216,47]},"num_concepts_raised":8234},{"base_id":243,"kind":"bot_words","i1":0,"i2":2,"sol":{"path":["/c/en/resigned","/c/fr/raisonnable","/c/en/sound","/c/en/bay"],"weight":0.22264999999999913,"degrees":[27,301,3218,841]},"num_concepts_raised":96003},{"base_id":243,"kind":"bot_words","i1":0,"i2":3,"sol":{"path":["/c/en/resigned","/c/fr/raisonnable","/c/fr/faculté","/c/fr/doyen","/c/en/dean"],"weight":0.2072899999999998,"degrees":[27,301,357,102,191]},"num_concepts_raised":128095},{"base_id":243,"kind":"bot_words","i1":0,"i2":4,"sol":{"path":["/c/en/resigned","/c/en/resign","/c/fr/renoncer","/c/fr/carte","/c/en/map"],"weight":0.22941999999999907,"degrees":[27,262,271,598,944]},"num_concepts_raised":88530},{"base_id":243,"kind":"bot_words","i1":0,"i2":5,"sol":{"path":["/c/en/resigned","/c/en/resign","/c/en/release","/c/en/biochemistry","/c/it/fibrinolisi","/c/en/fibrinolysis"],"weight":0.20899759999999984,"degrees":[27,262,935,3629,6,27]},"num_concepts_raised":176612},{"base_id":243,"kind":"bot_words","i1":0,"i2":6,"sol":{"path":["/c/en/resigned","/c/en/resignation","/c/en/utter","/c/en/emit"],"weight":0.2071899999999992,"degrees":[27,226,668,372]},"num_concepts_raised":26564},{"base_id":243,"kind":"bot_words","i1":0,"i2":7,"sol":{"path":["/c/en/resigned","/c/en/resign","/c/en/ship_out","/c/en/sail","/c/en/vela"],"weight":0.21225999999999978,"degrees":[27,262,24,1225,114]},"num_concepts_raised":7089},{"base_id":243,"kind":"bot_words","i1":0,"i2":8,"sol":{"path":["/c/en/resigned","/c/en/resign","/c/en/release","/c/en/station","/c/en/baikonur"],"weight":0.20903999999999986,"degrees":[27,262,935,888,53]},"num_concepts_raised":2903},{"base_id":243,"kind":"bot_words","i1":0,"i2":9,"sol":{"path":["/c/en/resigned","/c/fr/raisonnable","/c/fr/chose","/c/fr/angle","/c/en/angle"],"weight":0.22720999999999858,"degrees":[27,301,1900,450,959]},"num_concepts_raised":190323},{"base_id":243,"kind":"bot_words","i1":1,"i2":2,"sol":{"path":["/c/en/lope","/c/fr/cheval","/c/en/bay"],"weight":0.20600000000000002,"degrees":[47,1566,841]},"num_concepts_raised":665},{"base_id":243,"kind":"bot_words","i1":1,"i2":3,"sol":{"path":["/c/en/lope","/c/fr/long","/c/fr/localités","/c/en/dean"],"weight":0.2049599999999998,"degrees":[47,895,110113,191]},"num_concepts_raised":134031},{"base_id":243,"kind":"bot_words","i1":1,"i2":4,"sol":{"path":["/c/en/lope","/c/en/run","/c/en/plan","/c/en/map"],"weight":0.22503999999999907,"degrees":[47,2730,1278,944]},"num_concepts_raised":93938},{"base_id":243,"kind":"bot_words","i1":1,"i2":5,"sol":{"path":["/c/en/lope","/c/de/laufen","/c/en/function","/c/en/break_down","/c/en/fibrinolysis"],"weight":0.20401999999999987,"degrees":[47,367,1730,318,27]},"num_concepts_raised":8079},{"base_id":243,"kind":"bot_words","i1":1,"i2":6,"sol":{"path":["/c/en/lope","/c/en/run","/c/en/discharge","/c/en/emit"],"weight":0.20858999999999916,"degrees":[47,2730,934,372]},"num_concepts_raised":32339},{"base_id":243,"kind":"bot_words","i1":1,"i2":7,"sol":{"path":["/c/en/lope","/c/en/leap","/c/en/spring","/c/en/vela"],"weight":0.21238999999999975,"degrees":[47,640,1751,114]},"num_concepts_raised":13024},{"base_id":243,"kind":"bot_words","i1":1,"i2":8,"sol":{"path":["/c/en/lope","/c/en/leap","/c/en/move","/c/en/station","/c/en/baikonur"],"weight":0.20952999999999986,"degrees":[47,640,2810,888,53]},"num_concepts_raised":9013},{"base_id":243,"kind":"bot_words","i1":1,"i2":9,"sol":{"path":["/c/en/lope","/c/en/run","/c/en/slant","/c/en/angle"],"weight":0.22472999999999857,"degrees":[47,2730,297,959]},"num_concepts_raised":195580},{"base_id":243,"kind":"bot_words","i1":2,"i2":3,"sol":{"path":["/c/en/bay","/c/fr/géographie","/c/fr/doyen","/c/en/dean"],"weight":0.22751999999999908,"degrees":[841,8043,102,191]},"num_concepts_raised":219988},{"base_id":243,"kind":"bot_words","i1":2,"i2":4,"sol":{"path":["/c/en/bay","/c/en/geography","/c/en/map"],"weight":0.20900000000000002,"degrees":[841,1915,944]},"num_concepts_raised":1325},{"base_id":243,"kind":"bot_words","i1":2,"i2":5,"sol":{"path":["/c/en/bay","/c/en/body","/c/en/dissolution","/c/en/fibrinolysis"],"weight":0.22265999999999916,"degrees":[841,3170,181,27]},"num_concepts_raised":95874},{"base_id":243,"kind":"bot_words","i1":2,"i2":6,"sol":{"path":["/c/en/bay","/c/es/aullar","/c/en/squeak","/c/en/emit"],"weight":0.22840999999999845,"degrees":[841,73,296,372]},"num_concepts_raised":118036},{"base_id":243,"kind":"bot_words","i1":2,"i2":7,"sol":{"path":["/c/en/bay","/c/en/ship","/c/en/vela"],"weight":0.20900000000000002,"degrees":[841,2104,114]},"num_concepts_raised":712},{"base_id":243,"kind":"bot_words","i1":2,"i2":8,"sol":{"path":["/c/en/bay","/c/en/station","/c/en/baikonur"],"weight":0.20800000000000002,"degrees":[841,888,53]},"num_concepts_raised":670},{"base_id":243,"kind":"bot_words","i1":2,"i2":9,"sol":{"path":["/c/en/bay","/c/ang/sceat","/c/en/angle"],"weight":0.20800000000000002,"degrees":[841,22,959]},"num_concepts_raised":1370},{"base_id":243,"kind":"bot_words","i1":3,"i2":4,"sol":{"path":["/c/en/dean","/c/fr/doyen","/c/fr/géographie","/c/en/map"],"weight":0.22687999999999908,"degrees":[191,102,8043,944]},"num_concepts_raised":212518},{"base_id":243,"kind":"bot_words","i1":3,"i2":5,"sol":{"path":["/c/en/dean","/c/en/university","/c/en/body","/c/en/dissolution","/c/en/fibrinolysis"],"weight":0.20693999999999985,"degrees":[191,1043,3170,181,27]},"num_concepts_raised":127954},{"base_id":243,"kind":"bot_words","i1":3,"i2":6,"sol":{"path":["/c/en/dean","/c/fr/localités","/c/en/send","/c/en/emit"],"weight":0.20903999999999917,"degrees":[191,110113,990,372]},"num_concepts_raised":152124},{"base_id":243,"kind":"bot_words","i1":3,"i2":7,"sol":{"path":["/c/en/dean","/c/en/serve","/c/en/ship","/c/en/vela"],"weight":0.21307999999999974,"degrees":[191,1115,2104,114]},"num_concepts_raised":132978},{"base_id":243,"kind":"bot_words","i1":3,"i2":8,"sol":{"path":["/c/en/dean","/c/en/college","/c/en/station","/c/en/baikonur"],"weight":0.21030999999999983,"degrees":[191,710,888,53]},"num_concepts_raised":128851},{"base_id":243,"kind":"bot_words","i1":3,"i2":9,"sol":{"path":["/c/en/dean","/c/en/hill","/c/en/angle"],"weight":0.20400000000000001,"degrees":[191,1161,959]},"num_concepts_raised":883},{"base_id":243,"kind":"bot_words","i1":4,"i2":5,"sol":{"path":["/c/en/map","/c/en/function","/c/en/break_down","/c/en/fibrinolysis"],"weight":0.22219999999999915,"degrees":[944,1730,318,27]},"num_concepts_raised":88393},{"base_id":243,"kind":"bot_words","i1":4,"i2":6,"sol":{"path":["/c/en/map","/c/en/plan","/c/en/dart","/c/en/emit"],"weight":0.22853999999999844,"degrees":[944,1278,425,372]},"num_concepts_raised":110876},{"base_id":243,"kind":"bot_words","i1":4,"i2":7,"sol":{"path":["/c/en/map","/c/en/point","/c/en/sail","/c/en/vela"],"weight":0.22877999999999907,"degrees":[944,2624,1225,114]},"num_concepts_raised":92812},{"base_id":243,"kind":"bot_words","i1":4,"i2":8,"sol":{"path":["/c/en/map","/c/en/country","/c/en/russia","/c/en/baikonur"],"weight":0.22781999999999913,"degrees":[944,2796,984,53]},"num_concepts_raised":89139},{"base_id":243,"kind":"bot_words","i1":4,"i2":9,"sol":{"path":["/c/en/map","/c/en/isogriv","/c/en/angle"],"weight":0.20600000000000002,"degrees":[944,9,959]},"num_concepts_raised":1443},{"base_id":243,"kind":"bot_words","i1":5,"i2":6,"sol":{"path":["/c/en/fibrinolysis","/c/en/break_down","/c/en/decay","/c/en/emit"],"weight":0.2066399999999992,"degrees":[27,318,783,372]},"num_concepts_raised":26399},{"base_id":243,"kind":"bot_words","i1":5,"i2":7,"sol":{"path":["/c/en/fibrinolysis","/c/en/fibrin","/c/en/white","/c/en/sail","/c/en/vela"],"weight":0.21132999999999985,"degrees":[27,121,2081,1225,114]},"num_concepts_raised":6934},{"base_id":243,"kind":"bot_words","i1":5,"i2":8,"sol":{"path":["/c/en/fibrinolysis","/c/en/clot","/c/en/silly","/c/en/station","/c/en/baikonur"],"weight":0.20806999999999992,"degrees":[27,256,573,888,53]},"num_concepts_raised":2746},{"base_id":243,"kind":"bot_words","i1":5,"i2":9,"sol":{"path":["/c/en/fibrinolysis","/c/en/dissolution","/c/en/fragment","/c/en/angle"],"weight":0.21958999999999862,"degrees":[27,181,535,959]},"num_concepts_raised":190179},{"base_id":243,"kind":"bot_words","i1":6,"i2":7,"sol":{"path":["/c/en/emit","/c/en/steam","/c/en/sail","/c/en/vela"],"weight":0.21534999999999913,"degrees":[372,1036,1225,114]},"num_concepts_raised":31333},{"base_id":243,"kind":"bot_words","i1":6,"i2":8,"sol":{"path":["/c/en/emit","/c/en/send","/c/en/station","/c/en/baikonur"],"weight":0.2123499999999992,"degrees":[372,990,888,53]},"num_concepts_raised":27351},{"base_id":243,"kind":"bot_words","i1":6,"i2":9,"sol":{"path":["/c/en/emit","/c/en/goniophotometer","/c/en/angle"],"weight":0.20400000000000001,"degrees":[372,7,959]},"num_concepts_raised":1053},{"base_id":243,"kind":"bot_words","i1":7,"i2":8,"sol":{"path":["/c/en/vela","/c/en/argo","/c/en/astronomy","/c/en/station","/c/en/baikonur"],"weight":0.2205999999999998,"degrees":[114,52,4553,888,53]},"num_concepts_raised":7868},{"base_id":243,"kind":"bot_words","i1":7,"i2":9,"sol":{"path":["/c/en/vela","/c/en/sail","/c/en/triangle","/c/en/angle"],"weight":0.23070999999999853,"degrees":[114,1225,711,959]},"num_concepts_raised":194612},{"base_id":243,"kind":"bot_words","i1":8,"i2":9,"sol":{"path":["/c/en/baikonur","/c/en/station","/c/en/line","/c/en/angle"],"weight":0.22560999999999862,"degrees":[53,888,3018,959]},"num_concepts_raised":191019}],[{"base_id":243,"kind":"top_words","i1":0,"i2":1,"sol":{"path":["/c/en/warszawa","/c/en/poland","/c/en/vistula"],"weight":0.20400000000000001,"degrees":[26,473,130]},"num_concepts_raised":119},{"base_id":243,"kind":"top_words","i1":0,"i2":2,"sol":{"path":["/c/en/warszawa","/c/en/warsaw","/c/en/polish","/c/en/person","/c/en/oceanian"],"weight":0.2040499999999998,"degrees":[26,118,1193,12935,48]},"num_concepts_raised":14168},{"base_id":243,"kind":"top_words","i1":0,"i2":3,"sol":{"path":["/c/en/warszawa","/c/en/warsaw","/c/en/congress_poland","/c/en/historical","/c/en/hajduk"],"weight":0.20968999999999982,"degrees":[26,118,54,8415,89]},"num_concepts_raised":13884},{"base_id":243,"kind":"top_words","i1":0,"i2":4,"sol":{"path":["/c/en/warszawa","/c/en/poland","/c/en/bydgoszcz"],"weight":0.203,"degrees":[26,473,43]},"num_concepts_raised":63},{"base_id":243,"kind":"top_words","i1":0,"i2":5,"sol":{"path":["/c/en/warszawa","/c/en/warsaw","/c/en/new_york","/c/en/city","/c/en/zaprešić"],"weight":0.2088399999999998,"degrees":[26,118,897,3758,33]},"num_concepts_raised":4691},{"base_id":243,"kind":"top_words","i1":0,"i2":6,"sol":{"path":["/c/en/warszawa","/c/en/poland","/c/en/eastern_europe","/c/en/daugava"],"weight":0.20842999999999978,"degrees":[26,473,129,82]},"num_concepts_raised":4458},{"base_id":243,"kind":"top_words","i1":0,"i2":7,"sol":{"path":["/c/en/warszawa","/c/en/poland","/c/en/medical_school","/c/en/medicine","/c/en/hemophiliac"],"weight":0.2029299999999999,"degrees":[26,473,91,11938,41]},"num_concepts_raised":13736},{"base_id":243,"kind":"top_words","i1":0,"i2":8,"sol":{"path":["/c/en/warszawa","/c/en/warsaw","/c/en/new_york","/c/en/city","/c/en/szombathely"],"weight":0.20912999999999973,"degrees":[26,118,897,3758,58]},"num_concepts_raised":113272},{"base_id":243,"kind":"top_words","i1":0,"i2":9,"sol":{"path":["/c/en/warszawa","/c/en/warsaw","/c/en/national_assembly","/c/en/hungary","/c/en/nyíregyháza"],"weight":0.2112299999999998,"degrees":[26,118,326,366,61]},"num_concepts_raised":3838},{"base_id":243,"kind":"top_words","i1":1,"i2":2,"sol":{"path":["/c/en/vistula","/c/en/river","/c/en/ocean","/c/en/oceania","/c/en/oceanian"],"weight":0.21488999999999991,"degrees":[130,2945,1083,273,48]},"num_concepts_raised":16900},{"base_id":243,"kind":"top_words","i1":1,"i2":3,"sol":{"path":["/c/en/vistula","/c/en/pomerelia","/c/en/historical","/c/en/hajduk"],"weight":0.21533999999999998,"degrees":[130,49,8415,89]},"num_concepts_raised":16594},{"base_id":243,"kind":"top_words","i1":1,"i2":4,"sol":{"path":["/c/en/vistula","/c/en/poland","/c/en/bydgoszcz"],"weight":0.20500000000000002,"degrees":[130,473,43]},"num_concepts_raised":131},{"base_id":243,"kind":"top_words","i1":1,"i2":5,"sol":{"path":["/c/en/vistula","/c/pl/wisła","/c/en/town","/c/en/city","/c/en/zaprešić"],"weight":0.21864999999999996,"degrees":[130,16,2220,3758,33]},"num_concepts_raised":7413},{"base_id":243,"kind":"top_words","i1":1,"i2":6,"sol":{"path":["/c/en/vistula","/c/en/river","/c/en/daugava"],"weight":0.20700000000000002,"degrees":[130,2945,82]},"num_concepts_raised":163},{"base_id":243,"kind":"top_words","i1":1,"i2":7,"sol":{"path":["/c/en/vistula","/c/en/river","/c/en/liquid","/c/en/blood","/c/en/hemophiliac"],"weight":0.21272000000000002,"degrees":[130,2945,1778,2253,41]},"num_concepts_raised":16487},{"base_id":243,"kind":"top_words","i1":1,"i2":8,"sol":{"path":["/c/en/vistula","/c/en/river","/c/fr/localités","/c/en/szombathely"],"weight":0.21681999999999985,"degrees":[130,2945,110113,58]},"num_concepts_raised":115957},{"base_id":243,"kind":"top_words","i1":1,"i2":9,"sol":{"path":["/c/en/vistula","/c/pl/wisła","/c/en/town","/c/en/city","/c/en/nyíregyháza"],"weight":0.21901999999999994,"degrees":[130,16,2220,3758,61]},"num_concepts_raised":6562},{"base_id":243,"kind":"top_words","i1":2,"i2":3,"sol":{"path":["/c/en/oceanian","/c/en/new_guinea","/c/en/historical","/c/en/hajduk"],"weight":0.20884999999999976,"degrees":[48,215,8415,89]},"num_concepts_raised":26767},{"base_id":243,"kind":"top_words","i1":2,"i2":4,"sol":{"path":["/c/en/oceanian","/c/en/kiribati","/c/en/country","/c/en/poland","/c/en/bydgoszcz"],"weight":0.2042399999999998,"degrees":[48,215,2796,473,43]},"num_concepts_raised":14081},{"base_id":243,"kind":"top_words","i1":2,"i2":5,"sol":{"path":["/c/en/oceanian","/c/en/oceania","/c/sh/oceanija","/c/en/croatia","/c/en/zaprešić"],"weight":0.21116999999999975,"degrees":[48,273,7,1344,33]},"num_concepts_raised":17822},{"base_id":243,"kind":"top_words","i1":2,"i2":6,"sol":{"path":["/c/en/oceanian","/c/en/oceania","/c/en/ocean","/c/en/river","/c/en/daugava"],"weight":0.2118299999999997,"degrees":[48,273,1083,2945,82]},"num_concepts_raised":17598},{"base_id":243,"kind":"top_words","i1":2,"i2":7,"sol":{"path":["/c/en/oceanian","/c/en/person","/c/en/blood","/c/en/hemophiliac"],"weight":0.20416999999999982,"degrees":[48,12935,2253,41]},"num_concepts_raised":26782},{"base_id":243,"kind":"top_words","i1":2,"i2":8,"sol":{"path":["/c/en/oceanian","/c/en/oceania","/c/en/australia","/c/en/city","/c/en/szombathely"],"weight":0.2114499999999997,"degrees":[48,273,2690,3758,58]},"num_concepts_raised":126384},{"base_id":243,"kind":"top_words","i1":2,"i2":9,"sol":{"path":["/c/en/oceanian","/c/en/oceania","/c/en/australia","/c/en/city","/c/en/nyíregyháza"],"weight":0.21153999999999973,"degrees":[48,273,2690,3758,61]},"num_concepts_raised":16971},{"base_id":243,"kind":"top_words","i1":3,"i2":4,"sol":{"path":["/c/en/hajduk","/c/en/historical","/c/en/pole","/c/en/poland","/c/en/bydgoszcz"],"weight":0.20986999999999983,"degrees":[89,8415,1156,473,43]},"num_concepts_raised":13801},{"base_id":243,"kind":"top_words","i1":3,"i2":5,"sol":{"path":["/c/en/hajduk","/c/en/court","/c/en/city","/c/en/zaprešić"],"weight":0.21361999999999978,"degrees":[89,1616,3758,33]},"num_concepts_raised":17423},{"base_id":243,"kind":"top_words","i1":3,"i2":6,"sol":{"path":["/c/en/hajduk","/c/en/historical","/c/en/russia","/c/en/daugava"],"weight":0.21435999999999977,"degrees":[89,8415,984,82]},"num_concepts_raised":17263},{"base_id":243,"kind":"top_words","i1":3,"i2":7,"sol":{"path":["/c/en/hajduk","/c/en/historical","/c/en/blood","/c/en/hemophiliac"],"weight":0.20985999999999988,"degrees":[89,8415,2253,41]},"num_concepts_raised":26506},{"base_id":243,"kind":"top_words","i1":3,"i2":8,"sol":{"path":["/c/en/hajduk","/c/en/hungary","/c/en/szombathely"],"weight":0.20600000000000002,"degrees":[89,366,58]},"num_concepts_raised":127},{"base_id":243,"kind":"top_words","i1":3,"i2":9,"sol":{"path":["/c/en/hajduk","/c/en/hungary","/c/en/nyíregyháza"],"weight":0.20700000000000002,"degrees":[89,366,61]},"num_concepts_raised":125},{"base_id":243,"kind":"top_words","i1":4,"i2":5,"sol":{"path":["/c/en/bydgoszcz","/c/en/poland","/c/en/country","/c/en/city","/c/en/zaprešić"],"weight":0.20903999999999984,"degrees":[43,473,2796,3758,33]},"num_concepts_raised":4606},{"base_id":243,"kind":"top_words","i1":4,"i2":6,"sol":{"path":["/c/en/bydgoszcz","/c/en/poland","/c/en/eastern_europe","/c/en/daugava"],"weight":0.2096699999999998,"degrees":[43,473,129,82]},"num_concepts_raised":4370},{"base_id":243,"kind":"top_words","i1":4,"i2":7,"sol":{"path":["/c/en/bydgoszcz","/c/en/poland","/c/en/medical_school","/c/en/medicine","/c/en/hemophiliac"],"weight":0.2041599999999999,"degrees":[43,473,91,11938,41]},"num_concepts_raised":13649},{"base_id":243,"kind":"top_words","i1":4,"i2":8,"sol":{"path":["/c/en/bydgoszcz","/c/en/poland","/c/en/country","/c/en/city","/c/en/szombathely"],"weight":0.20931999999999976,"degrees":[43,473,2796,3758,58]},"num_concepts_raised":113188},{"base_id":243,"kind":"top_words","i1":4,"i2":9,"sol":{"path":["/c/en/bydgoszcz","/c/en/poland","/c/en/country","/c/en/hungary","/c/en/nyíregyháza"],"weight":0.2114399999999998,"degrees":[43,473,2796,366,61]},"num_concepts_raised":3754},{"base_id":243,"kind":"top_words","i1":5,"i2":6,"sol":{"path":["/c/en/zaprešić","/c/en/city","/c/en/daugavpils","/c/en/daugava"],"weight":0.21354999999999974,"degrees":[33,3758,103,82]},"num_concepts_raised":8095},{"base_id":243,"kind":"top_words","i1":5,"i2":7,"sol":{"path":["/c/en/zaprešić","/c/en/city","/c/en/people","/c/en/blood","/c/en/hemophiliac"],"weight":0.20900999999999983,"degrees":[33,3758,4475,2253,41]},"num_concepts_raised":17427},{"base_id":243,"kind":"top_words","i1":5,"i2":8,"sol":{"path":["/c/en/zaprešić","/c/en/city","/c/en/szombathely"],"weight":0.20600000000000002,"degrees":[33,3758,58]},"num_concepts_raised":85},{"base_id":243,"kind":"top_words","i1":5,"i2":9,"sol":{"path":["/c/en/zaprešić","/c/en/city","/c/en/nyíregyháza"],"weight":0.20600000000000002,"degrees":[33,3758,61]},"num_concepts_raised":83},{"base_id":243,"kind":"top_words","i1":6,"i2":7,"sol":{"path":["/c/en/daugava","/c/en/gulf_of_riga","/c/en/water","/c/en/blood","/c/en/hemophiliac"],"weight":0.2096699999999998,"degrees":[82,109,4606,2253,41]},"num_concepts_raised":17190},{"base_id":243,"kind":"top_words","i1":6,"i2":8,"sol":{"path":["/c/en/daugava","/c/en/daugavpils","/c/en/city","/c/en/szombathely"],"weight":0.21382999999999966,"degrees":[82,103,3758,58]},"num_concepts_raised":116640},{"base_id":243,"kind":"top_words","i1":6,"i2":9,"sol":{"path":["/c/en/daugava","/c/en/eastern_europe","/c/en/hungary","/c/en/nyíregyháza"],"weight":0.2158799999999997,"degrees":[82,129,366,61]},"num_concepts_raised":7244},{"base_id":243,"kind":"top_words","i1":7,"i2":8,"sol":{"path":["/c/en/hemophiliac","/c/en/blood","/c/en/people","/c/en/city","/c/en/szombathely"],"weight":0.20928999999999975,"degrees":[41,2253,4475,3758,58]},"num_concepts_raised":125999},{"base_id":243,"kind":"top_words","i1":7,"i2":9,"sol":{"path":["/c/en/hemophiliac","/c/en/blood","/c/en/people","/c/en/city","/c/en/nyíregyháza"],"weight":0.20937999999999984,"degrees":[41,2253,4475,3758,61]},"num_concepts_raised":16577},{"base_id":243,"kind":"top_words","i1":8,"i2":9,"sol":{"path":["/c/en/szombathely","/c/en/hungary","/c/en/nyíregyháza"],"weight":0.20700000000000002,"degrees":[58,366,61]},"num_concepts_raised":104}]]