[[{"base_id":126,"kind":"bot_words","i1":0,"i2":1,"sol":{"path":["/c/en/kowtow","/c/en/bow","/c/fr/localités","/c/en/grove","/c/en/mangrove"],"weight":0.21482999999999958,"degrees":[114,1518,110113,411,166]},"num_concepts_raised":16221},{"base_id":126,"kind":"bot_words","i1":0,"i2":2,"sol":{"path":["/c/en/kowtow","/c/en/bow","/c/en/nautical","/c/en/cardinal","/c/en/15"],"weight":0.21361999999999975,"degrees":[114,1518,5204,5720,48]},"num_concepts_raised":11572},{"base_id":126,"kind":"bot_words","i1":0,"i2":3,"sol":{"path":["/c/en/kowtow","/c/en/prostrate","/c/en/botany","/c/en/phalaenopsis"],"weight":0.2102699999999998,"degrees":[114,176,6881,54]},"num_concepts_raised":18486},{"base_id":126,"kind":"bot_words","i1":0,"i2":4,"sol":{"path":["/c/en/kowtow","/c/en/bow","/c/en/musical_instrument","/c/en/lire"],"weight":0.20629999999999976,"degrees":[114,1518,1217,45]},"num_concepts_raised":25774},{"base_id":126,"kind":"bot_words","i1":0,"i2":5,"sol":{"path":["/c/en/kowtow","/c/en/bow","/c/en/sarinda","/c/en/nepal","/c/en/newari"],"weight":0.20638999999999977,"degrees":[114,1518,10,346,46]},"num_concepts_raised":8165},{"base_id":126,"kind":"bot_words","i1":0,"i2":6,"sol":{"path":["/c/en/kowtow","/c/en/bow","/c/en/partner","/c/en/prospective"],"weight":0.20715999999999973,"degrees":[114,1518,618,112]},"num_concepts_raised":27386},{"base_id":126,"kind":"bot_words","i1":0,"i2":7,"sol":{"path":["/c/en/kowtow","/c/en/fawn","/c/en/behaviour","/c/en/villainy"],"weight":0.20414999999999972,"degrees":[114,403,558,62]},"num_concepts_raised":7910},{"base_id":126,"kind":"bot_words","i1":0,"i2":8,"sol":{"path":["/c/en/kowtow","/c/en/bow","/c/ja/礼","/c/en/li","/c/en/hangul"],"weight":0.21637999999999946,"degrees":[114,1518,74,2530,123]},"num_concepts_raised":13919},{"base_id":126,"kind":"bot_words","i1":0,"i2":9,"sol":{"path":["/c/en/kowtow","/c/en/bow","/c/en/cut","/c/en/free","/c/en/enslaved"],"weight":0.2061999999999998,"degrees":[114,1518,2951,1709,25]},"num_concepts_raised":6154},{"base_id":126,"kind":"bot_words","i1":1,"i2":2,"sol":{"path":["/c/en/mangrove","/c/en/tree","/c/no/tre","/c/en/cardinal","/c/en/15"],"weight":0.21702999999999956,"degrees":[166,3598,82,5720,48]},"num_concepts_raised":21060},{"base_id":126,"kind":"bot_words","i1":1,"i2":3,"sol":{"path":["/c/en/mangrove","/c/en/tree","/c/en/plant","/c/en/phalaenopsis"],"weight":0.21503999999999962,"degrees":[166,3598,7959,54]},"num_concepts_raised":26904},{"base_id":126,"kind":"bot_words","i1":1,"i2":4,"sol":{"path":["/c/en/mangrove","/c/en/tree","/c/en/limb","/c/en/lire"],"weight":0.20959999999999956,"degrees":[166,3598,632,45]},"num_concepts_raised":35266},{"base_id":126,"kind":"bot_words","i1":1,"i2":5,"sol":{"path":["/c/en/mangrove","/c/en/grove","/c/en/tope","/c/en/india","/c/en/newari"],"weight":0.2116499999999996,"degrees":[166,411,41,1846,46]},"num_concepts_raised":17628},{"base_id":126,"kind":"bot_words","i1":1,"i2":6,"sol":{"path":["/c/en/mangrove","/c/en/tree","/c/en/date","/c/en/prospective"],"weight":0.21052999999999955,"degrees":[166,3598,1320,112]},"num_concepts_raised":36824},{"base_id":126,"kind":"bot_words","i1":1,"i2":7,"sol":{"path":["/c/en/mangrove","/c/en/mangle","/c/en/computing","/c/en/evil","/c/en/villainy"],"weight":0.2118699999999995,"degrees":[166,170,9084,1456,62]},"num_concepts_raised":17410},{"base_id":126,"kind":"bot_words","i1":1,"i2":8,"sol":{"path":["/c/en/mangrove","/c/en/evergreen","/c/en/software","/c/en/hangul"],"weight":0.21950999999999926,"degrees":[166,414,1812,123]},"num_concepts_raised":23404},{"base_id":126,"kind":"bot_words","i1":1,"i2":9,"sol":{"path":["/c/en/mangrove","/c/en/mangle","/c/en/identifier","/c/en/free","/c/en/enslaved"],"weight":0.2114799999999996,"degrees":[166,170,145,1709,25]},"num_concepts_raised":15657},{"base_id":126,"kind":"bot_words","i1":2,"i2":3,"sol":{"path":["/c/en/15","/c/en/cardinal","/c/en/genus","/c/en/phalaenopsis"],"weight":0.21554999999999977,"degrees":[48,5720,2240,54]},"num_concepts_raised":23314},{"base_id":126,"kind":"bot_words","i1":2,"i2":4,"sol":{"path":["/c/en/15","/c/en/band","/c/en/musical_instrument","/c/en/lire"],"weight":0.2082499999999997,"degrees":[48,1893,1217,45]},"num_concepts_raised":30559},{"base_id":126,"kind":"bot_words","i1":2,"i2":5,"sol":{"path":["/c/en/15","/c/en/band","/c/en/human","/c/en/newari"],"weight":0.20829999999999976,"degrees":[48,1893,2645,46]},"num_concepts_raised":12974},{"base_id":126,"kind":"bot_words","i1":2,"i2":6,"sol":{"path":["/c/en/15","/c/en/automobile","/c/en/curb_appeal","/c/en/prospective"],"weight":0.20903999999999973,"degrees":[48,794,12,112]},"num_concepts_raised":32183},{"base_id":126,"kind":"bot_words","i1":2,"i2":7,"sol":{"path":["/c/en/15","/c/en/fifteen","/c/en/number","/c/en/character","/c/en/villainy"],"weight":0.21484999999999968,"degrees":[48,452,2301,1971,62]},"num_concepts_raised":12738},{"base_id":126,"kind":"bot_words","i1":2,"i2":8,"sol":{"path":["/c/en/15","/c/en/xv","/c/en/software","/c/en/hangul"],"weight":0.21823999999999943,"degrees":[48,11,1812,123]},"num_concepts_raised":18729},{"base_id":126,"kind":"bot_words","i1":2,"i2":9,"sol":{"path":["/c/en/15","/c/en/band","/c/en/ringwraith","/c/en/enslaved"],"weight":0.20795999999999978,"degrees":[48,1893,18,25]},"num_concepts_raised":10974},{"base_id":126,"kind":"bot_words","i1":3,"i2":4,"sol":{"path":["/c/en/phalaenopsis","/c/en/botany","/c/en/limb","/c/en/lire"],"weight":0.20817999999999978,"degrees":[54,6881,632,45]},"num_concepts_raised":37452},{"base_id":126,"kind":"bot_words","i1":3,"i2":5,"sol":{"path":["/c/en/phalaenopsis","/c/en/plant","/c/en/person","/c/en/nepalese","/c/en/newari"],"weight":0.2083899999999998,"degrees":[54,7959,12935,58,46]},"num_concepts_raised":19854},{"base_id":126,"kind":"bot_words","i1":3,"i2":6,"sol":{"path":["/c/en/phalaenopsis","/c/en/plant","/c/en/person","/c/en/future","/c/en/prospective"],"weight":0.21047999999999975,"degrees":[54,7959,12935,1059,112]},"num_concepts_raised":38989},{"base_id":126,"kind":"bot_words","i1":3,"i2":7,"sol":{"path":["/c/en/phalaenopsis","/c/en/plant","/c/en/person","/c/en/evil","/c/en/villainy"],"weight":0.20855999999999975,"degrees":[54,7959,12935,1456,62]},"num_concepts_raised":19661},{"base_id":126,"kind":"bot_words","i1":3,"i2":8,"sol":{"path":["/c/en/phalaenopsis","/c/en/botany","/c/en/stale","/c/en/lee","/c/en/hangul"],"weight":0.21825999999999945,"degrees":[54,6881,462,171,123]},"num_concepts_raised":25667},{"base_id":126,"kind":"bot_words","i1":3,"i2":9,"sol":{"path":["/c/en/phalaenopsis","/c/en/botany","/c/en/free","/c/en/enslaved"],"weight":0.20816999999999983,"degrees":[54,6881,1709,25]},"num_concepts_raised":17907},{"base_id":126,"kind":"bot_words","i1":4,"i2":5,"sol":{"path":["/c/en/lire","/c/en/face","/c/en/human","/c/en/newari"],"weight":0.20314999999999978,"degrees":[45,2479,2645,46]},"num_concepts_raised":27141},{"base_id":126,"kind":"bot_words","i1":4,"i2":6,"sol":{"path":["/c/en/lire","/c/en/appearance","/c/en/view","/c/en/prospective"],"weight":0.20388999999999974,"degrees":[45,1440,1109,112]},"num_concepts_raised":45817},{"base_id":126,"kind":"bot_words","i1":4,"i2":7,"sol":{"path":["/c/en/lire","/c/en/hue","/c/en/character","/c/en/villainy"],"weight":0.2030999999999997,"degrees":[45,295,1971,62]},"num_concepts_raised":26946},{"base_id":126,"kind":"bot_words","i1":4,"i2":8,"sol":{"path":["/c/en/lire","/c/en/face","/c/en/body","/c/en/language","/c/en/hangul"],"weight":0.21308999999999945,"degrees":[45,2479,3170,4160,123]},"num_concepts_raised":32942},{"base_id":126,"kind":"bot_words","i1":4,"i2":9,"sol":{"path":["/c/en/lire","/c/en/leer","/c/en/free","/c/en/enslaved"],"weight":0.20297999999999977,"degrees":[45,215,1709,25]},"num_concepts_raised":25268},{"base_id":126,"kind":"bot_words","i1":5,"i2":6,"sol":{"path":["/c/en/newari","/c/en/human","/c/en/member","/c/en/prospective"],"weight":0.20392999999999972,"degrees":[46,2645,1164,112]},"num_concepts_raised":28722},{"base_id":126,"kind":"bot_words","i1":5,"i2":7,"sol":{"path":["/c/en/newari","/c/en/human","/c/en/evil","/c/en/villainy"],"weight":0.2033399999999997,"degrees":[46,2645,1456,62]},"num_concepts_raised":9312},{"base_id":126,"kind":"bot_words","i1":5,"i2":8,"sol":{"path":["/c/en/newari","/c/en/human","/c/en/korean","/c/en/hangul"],"weight":0.21306999999999945,"degrees":[46,2645,220,123]},"num_concepts_raised":15172},{"base_id":126,"kind":"bot_words","i1":5,"i2":9,"sol":{"path":["/c/en/newari","/c/en/nepalese","/c/en/person","/c/en/free","/c/en/enslaved"],"weight":0.2030499999999998,"degrees":[46,58,12935,1709,25]},"num_concepts_raised":7567},{"base_id":126,"kind":"bot_words","i1":6,"i2":7,"sol":{"path":["/c/en/prospective","/c/en/member","/c/en/character","/c/en/villainy"],"weight":0.20401999999999965,"degrees":[112,1164,1971,62]},"num_concepts_raised":28508},{"base_id":126,"kind":"bot_words","i1":6,"i2":8,"sol":{"path":["/c/en/prospective","/c/en/medicine","/c/en/homorganic","/c/en/hangul"],"weight":0.2138199999999994,"degrees":[112,11938,23,123]},"num_concepts_raised":34447},{"base_id":126,"kind":"bot_words","i1":6,"i2":9,"sol":{"path":["/c/en/prospective","/c/fr/éventuel","/c/en/contingent","/c/en/independent","/c/en/enslaved"],"weight":0.20579999999999976,"degrees":[112,89,141,619,25]},"num_concepts_raised":26789},{"base_id":126,"kind":"bot_words","i1":7,"i2":8,"sol":{"path":["/c/en/villainy","/c/en/character","/c/en/alphabet","/c/en/hangul"],"weight":0.2131199999999994,"degrees":[62,1971,713,123]},"num_concepts_raised":15021},{"base_id":126,"kind":"bot_words","i1":7,"i2":9,"sol":{"path":["/c/en/villainy","/c/en/evil","/c/en/person","/c/en/free","/c/en/enslaved"],"weight":0.20321999999999973,"degrees":[62,1456,12935,1709,25]},"num_concepts_raised":7311},{"base_id":126,"kind":"bot_words","i1":8,"i2":9,"sol":{"path":["/c/en/hangul","/c/en/language","/c/en/nation","/c/en/free","/c/en/enslaved"],"weight":0.21289999999999948,"degrees":[123,4160,1106,1709,25]},"num_concepts_raised":13324}],[{"base_id":126,"kind":"top_words","i1":0,"i2":1,"sol":{"path":["/c/en/republish","/c/en/publish","/c/en/push","/c/en/reach","/c/en/reached"],"weight":0.20483999999999977,"degrees":[42,548,1123,1162,34]},"num_concepts_raised":9285},{"base_id":126,"kind":"top_words","i1":0,"i2":2,"sol":{"path":["/c/en/republish","/c/en/print","/c/en/newspaper","/c/en/columnist"],"weight":0.20374999999999982,"degrees":[42,1090,1133,94]},"num_concepts_raised":8370},{"base_id":126,"kind":"top_words","i1":0,"i2":3,"sol":{"path":["/c/en/republish","/c/en/law","/c/en/mandate","/c/en/mandatory","/c/en/mandatorily"],"weight":0.20385999999999993,"degrees":[42,3727,260,145,24]},"num_concepts_raised":5967},{"base_id":126,"kind":"top_words","i1":0,"i2":4,"sol":{"path":["/c/en/republish","/c/en/publish","/c/ms/mematikan","/c/en/daunt"],"weight":0.20479999999999954,"degrees":[42,548,53,127]},"num_concepts_raised":11251},{"base_id":126,"kind":"top_words","i1":0,"i2":5,"sol":{"path":["/c/en/republish","/c/en/publish","/c/en/republic","/c/en/kansas","/c/en/hiawatha"],"weight":0.2090599999999998,"degrees":[42,548,709,548,38]},"num_concepts_raised":21263},{"base_id":126,"kind":"top_words","i1":0,"i2":6,"sol":{"path":["/c/en/republish","/c/en/print","/c/en/writing","/c/en/uncial"],"weight":0.2041599999999998,"degrees":[42,1090,1875,45]},"num_concepts_raised":11012},{"base_id":126,"kind":"top_words","i1":0,"i2":7,"sol":{"path":["/c/en/republish","/c/en/law","/c/en/function","/c/en/differentiable"],"weight":0.20336999999999977,"degrees":[42,3727,1730,69]},"num_concepts_raised":9420},{"base_id":126,"kind":"top_words","i1":0,"i2":8,"sol":{"path":["/c/en/republish","/c/en/publish","/c/en/medium","/c/en/liquid","/c/en/deglaze"],"weight":0.2038499999999998,"degrees":[42,548,767,1778,29]},"num_concepts_raised":16880},{"base_id":126,"kind":"top_words","i1":0,"i2":9,"sol":{"path":["/c/en/republish","/c/en/law","/c/en/brief","/c/it/brevemente","/c/en/concisely"],"weight":0.20584999999999973,"degrees":[42,3727,491,15,87]},"num_concepts_raised":6527},{"base_id":126,"kind":"top_words","i1":1,"i2":2,"sol":{"path":["/c/en/reached","/c/en/reach","/c/en/high","/c/en/column","/c/en/columnist"],"weight":0.20568999999999982,"degrees":[34,1162,1658,1203,94]},"num_concepts_raised":6520},{"base_id":126,"kind":"top_words","i1":1,"i2":3,"sol":{"path":["/c/en/reached","/c/en/enough","/c/en/required","/c/en/mandatorily"],"weight":0.20271999999999993,"degrees":[34,585,158,24]},"num_concepts_raised":4068},{"base_id":126,"kind":"top_words","i1":1,"i2":4,"sol":{"path":["/c/en/reached","/c/en/level","/c/ms/memusnahkan","/c/en/daunt"],"weight":0.20372999999999955,"degrees":[34,1606,32,127]},"num_concepts_raised":9358},{"base_id":126,"kind":"top_words","i1":1,"i2":5,"sol":{"path":["/c/en/reached","/c/en/enough","/c/en/person","/c/en/hiawatha"],"weight":0.20790999999999982,"degrees":[34,585,12935,38]},"num_concepts_raised":19434},{"base_id":126,"kind":"top_words","i1":1,"i2":6,"sol":{"path":["/c/en/reached","/c/en/reach","/c/en/hand","/c/en/writing","/c/en/uncial"],"weight":0.2051199999999998,"degrees":[34,1162,2596,1875,45]},"num_concepts_raised":9224},{"base_id":126,"kind":"top_words","i1":1,"i2":7,"sol":{"path":["/c/en/reached","/c/en/reach","/c/en/touch","/c/en/function","/c/en/differentiable"],"weight":0.20439999999999978,"degrees":[34,1162,1765,1730,69]},"num_concepts_raised":7549},{"base_id":126,"kind":"top_words","i1":1,"i2":8,"sol":{"path":["/c/en/reached","/c/en/reach","/c/en/action","/c/en/cook","/c/en/deglaze"],"weight":0.2038499999999998,"degrees":[34,1162,2156,1734,29]},"num_concepts_raised":15004},{"base_id":126,"kind":"top_words","i1":1,"i2":9,"sol":{"path":["/c/en/reached","/c/en/reach","/c/en/india","/c/en/concise","/c/en/concisely"],"weight":0.20551999999999973,"degrees":[34,1162,1846,276,87]},"num_concepts_raised":4638},{"base_id":126,"kind":"top_words","i1":2,"i2":3,"sol":{"path":["/c/en/columnist","/c/en/column","/c/en/rule","/c/en/mandatory","/c/en/mandatorily"],"weight":0.20563999999999996,"degrees":[94,1203,2063,145,24]},"num_concepts_raised":3192},{"base_id":126,"kind":"top_words","i1":2,"i2":4,"sol":{"path":["/c/en/columnist","/c/en/column","/c/en/metal","/c/de/abschrecken","/c/en/daunt"],"weight":0.20668999999999957,"degrees":[94,1203,2107,69,127]},"num_concepts_raised":8495},{"base_id":126,"kind":"top_words","i1":2,"i2":5,"sol":{"path":["/c/en/columnist","/c/fr/éditorialiste","/c/en/editor","/c/en/person","/c/en/hiawatha"],"weight":0.21080999999999983,"degrees":[94,21,270,12935,38]},"num_concepts_raised":18537},{"base_id":126,"kind":"top_words","i1":2,"i2":6,"sol":{"path":["/c/en/columnist","/c/en/column","/c/en/writing","/c/en/uncial"],"weight":0.20592999999999984,"degrees":[94,1203,1875,45]},"num_concepts_raised":8279},{"base_id":126,"kind":"top_words","i1":2,"i2":7,"sol":{"path":["/c/en/columnist","/c/en/column","/c/en/page","/c/en/function","/c/en/differentiable"],"weight":0.2052599999999998,"degrees":[94,1203,967,1730,69]},"num_concepts_raised":6683},{"base_id":126,"kind":"top_words","i1":2,"i2":8,"sol":{"path":["/c/en/columnist","/c/en/column","/c/en/cylinder","/c/en/deglaze"],"weight":0.20459999999999984,"degrees":[94,1203,528,29]},"num_concepts_raised":14127},{"base_id":126,"kind":"top_words","i1":2,"i2":9,"sol":{"path":["/c/en/columnist","/c/en/newspaper","/c/en/words","/c/it/in_breve","/c/en/concisely"],"weight":0.20444999999999974,"degrees":[94,1133,276,15,87]},"num_concepts_raised":3757},{"base_id":126,"kind":"top_words","i1":3,"i2":4,"sol":{"path":["/c/en/mandatorily","/c/en/optionally","/c/en/taste","/c/en/bad","/c/en/scare","/c/en/daunt"],"weight":0.20957159999999964,"degrees":[24,39,1479,1728,354,127]},"num_concepts_raised":398168},{"base_id":126,"kind":"top_words","i1":3,"i2":5,"sol":{"path":["/c/en/mandatorily","/c/en/optionally","/c/en/taste","/c/en/person","/c/en/hiawatha"],"weight":0.20892999999999995,"degrees":[24,39,1479,12935,38]},"num_concepts_raised":16143},{"base_id":126,"kind":"top_words","i1":3,"i2":6,"sol":{"path":["/c/en/mandatorily","/c/en/required","/c/en/school","/c/en/writing","/c/en/uncial"],"weight":0.20397999999999997,"degrees":[24,158,2171,1875,45]},"num_concepts_raised":5910},{"base_id":126,"kind":"top_words","i1":3,"i2":7,"sol":{"path":["/c/en/mandatorily","/c/en/facultatively","/c/en/facultative","/c/en/function","/c/en/differentiable"],"weight":0.20434999999999992,"degrees":[24,14,72,1730,69]},"num_concepts_raised":4219},{"base_id":126,"kind":"top_words","i1":3,"i2":8,"sol":{"path":["/c/en/mandatorily","/c/en/optionally","/c/en/taste","/c/en/cooking","/c/en/deglaze"],"weight":0.20380999999999996,"degrees":[24,39,1479,1401,29]},"num_concepts_raised":11710},{"base_id":126,"kind":"top_words","i1":3,"i2":9,"sol":{"path":["/c/en/mandatorily","/c/en/mandatory","/c/en/rule","/c/en/short","/c/en/briefly","/c/en/concisely"],"weight":0.21206669999999986,"degrees":[24,145,2063,1446,156,87]},"num_concepts_raised":71364},{"base_id":126,"kind":"top_words","i1":4,"i2":5,"sol":{"path":["/c/en/daunt","/c/en/cow","/c/en/indiana","/c/en/brown_county","/c/en/hiawatha"],"weight":0.2110499999999996,"degrees":[127,1438,626,35,38]},"num_concepts_raised":21346},{"base_id":126,"kind":"top_words","i1":4,"i2":6,"sol":{"path":["/c/en/daunt","/c/en/dash","/c/en/style","/c/en/uncial"],"weight":0.20388999999999957,"degrees":[127,562,1172,45]},"num_concepts_raised":11174},{"base_id":126,"kind":"top_words","i1":4,"i2":7,"sol":{"path":["/c/en/daunt","/c/en/discourage","/c/en/punishment","/c/en/function","/c/en/differentiable"],"weight":0.20457999999999954,"degrees":[127,207,1026,1730,69]},"num_concepts_raised":9520},{"base_id":126,"kind":"top_words","i1":4,"i2":8,"sol":{"path":["/c/en/daunt","/c/en/cow","/c/en/food","/c/en/deglaze"],"weight":0.20389999999999958,"degrees":[127,1438,4281,29]},"num_concepts_raised":16931},{"base_id":126,"kind":"top_words","i1":4,"i2":9,"sol":{"path":["/c/en/daunt","/c/en/dash","/c/en/short","/c/en/briefly","/c/en/concisely"],"weight":0.2060499999999995,"degrees":[127,562,1446,156,87]},"num_concepts_raised":6594},{"base_id":126,"kind":"top_words","i1":5,"i2":6,"sol":{"path":["/c/en/hiawatha","/c/en/person","/c/en/character","/c/en/writing","/c/en/uncial"],"weight":0.20925999999999986,"degrees":[38,12935,1971,1875,45]},"num_concepts_raised":21223},{"base_id":126,"kind":"top_words","i1":5,"i2":7,"sol":{"path":["/c/en/hiawatha","/c/en/person","/c/en/domain","/c/en/differentiable"],"weight":0.20841999999999983,"degrees":[38,12935,559,69]},"num_concepts_raised":19581},{"base_id":126,"kind":"top_words","i1":5,"i2":8,"sol":{"path":["/c/en/hiawatha","/c/en/person","/c/en/cook","/c/en/deglaze"],"weight":0.20797999999999986,"degrees":[38,12935,1734,29]},"num_concepts_raised":26947},{"base_id":126,"kind":"top_words","i1":5,"i2":9,"sol":{"path":["/c/en/hiawatha","/c/en/person","/c/en/short","/c/en/briefly","/c/en/concisely"],"weight":0.21020999999999979,"degrees":[38,12935,1446,156,87]},"num_concepts_raised":16705},{"base_id":126,"kind":"top_words","i1":6,"i2":7,"sol":{"path":["/c/en/uncial","/c/en/writing","/c/en/function","/c/en/differentiable"],"weight":0.2045599999999998,"degrees":[45,1875,1730,69]},"num_concepts_raised":9351},{"base_id":126,"kind":"top_words","i1":6,"i2":8,"sol":{"path":["/c/en/uncial","/c/en/ounce","/c/en/liquid","/c/en/deglaze"],"weight":0.20387999999999984,"degrees":[45,233,1778,29]},"num_concepts_raised":16789},{"base_id":126,"kind":"top_words","i1":6,"i2":9,"sol":{"path":["/c/en/uncial","/c/en/letter","/c/en/brief","/c/it/brevemente","/c/en/concisely"],"weight":0.20698999999999979,"degrees":[45,2043,491,15,87]},"num_concepts_raised":6463},{"base_id":126,"kind":"top_words","i1":7,"i2":8,"sol":{"path":["/c/en/differentiable","/c/en/manifold","/c/en/cylinder","/c/en/deglaze"],"weight":0.2032299999999998,"degrees":[69,308,528,29]},"num_concepts_raised":15157},{"base_id":126,"kind":"top_words","i1":7,"i2":9,"sol":{"path":["/c/en/differentiable","/c/en/function","/c/en/flash","/c/en/briefly","/c/en/concisely"],"weight":0.20553999999999972,"degrees":[69,1730,923,156,87]},"num_concepts_raised":4787},{"base_id":126,"kind":"top_words","i1":8,"i2":9,"sol":{"path":["/c/en/deglaze","/c/en/detach","/c/km/កាត់","/c/en/briefly","/c/en/concisely"],"weight":0.20489999999999975,"degrees":[29,274,39,156,87]},"num_concepts_raised":12272}]]