[[{"base_id":726,"kind":"bot_words","i1":0,"i2":1,"sol":{"path":["/c/en/humidifier","/c/en/water","/c/en/medicine","/c/en/biomarker"],"weight":0.20848999999999998,"degrees":[44,4606,11938,57]},"num_concepts_raised":22075},{"base_id":726,"kind":"bot_words","i1":0,"i2":2,"sol":{"path":["/c/en/humidifier","/c/en/water","/c/en/snowflake","/c/en/microscopy"],"weight":0.20363999999999974,"degrees":[44,4606,275,95]},"num_concepts_raised":16299},{"base_id":726,"kind":"bot_words","i1":0,"i2":3,"sol":{"path":["/c/en/humidifier","/c/en/water","/c/en/case","/c/en/language","/c/en/yakut"],"weight":0.20324999999999996,"degrees":[44,4606,1773,4160,47]},"num_concepts_raised":10457},{"base_id":726,"kind":"bot_words","i1":0,"i2":4,"sol":{"path":["/c/en/humidifier","/c/fr/saturateur","/c/fr/appareil","/c/en/anatomy","/c/en/epithelial"],"weight":0.20496999999999976,"degrees":[44,25,1006,12775,100]},"num_concepts_raised":20521},{"base_id":726,"kind":"bot_words","i1":0,"i2":5,"sol":{"path":["/c/en/humidifier","/c/en/humidity","/c/en/humour","/c/en/good","/c/en/respectable","/c/en/respectably"],"weight":0.20995629999999993,"degrees":[44,299,386,2615,232,31]},"num_concepts_raised":502217},{"base_id":726,"kind":"bot_words","i1":0,"i2":6,"sol":{"path":["/c/en/humidifier","/c/en/water","/c/en/chlorophyll"],"weight":0.20600000000000002,"degrees":[44,4606,302]},"num_concepts_raised":228},{"base_id":726,"kind":"bot_words","i1":0,"i2":7,"sol":{"path":["/c/en/humidifier","/c/en/water","/c/en/dangerous","/c/en/scorpion","/c/en/praetorian"],"weight":0.20319999999999994,"degrees":[44,4606,715,531,44]},"num_concepts_raised":7851},{"base_id":726,"kind":"bot_words","i1":0,"i2":8,"sol":{"path":["/c/en/humidifier","/c/en/appliance","/c/en/domestic","/c/en/compassionate"],"weight":0.20479999999999976,"degrees":[44,296,643,178]},"num_concepts_raised":10401},{"base_id":726,"kind":"bot_words","i1":0,"i2":9,"sol":{"path":["/c/en/humidifier","/c/en/water","/c/en/root","/c/en/turnip"],"weight":0.20703999999999997,"degrees":[44,4606,1503,320]},"num_concepts_raised":22375},{"base_id":726,"kind":"bot_words","i1":1,"i2":2,"sol":{"path":["/c/en/biomarker","/c/en/medicine","/c/en/pathology","/c/en/microscopy"],"weight":0.2089099999999997,"degrees":[57,11938,5554,95]},"num_concepts_raised":25011},{"base_id":726,"kind":"bot_words","i1":1,"i2":3,"sol":{"path":["/c/en/biomarker","/c/en/medicine","/c/en/sign","/c/en/language","/c/en/yakut"],"weight":0.2084999999999999,"degrees":[57,11938,2004,4160,47]},"num_concepts_raised":19708},{"base_id":726,"kind":"bot_words","i1":1,"i2":4,"sol":{"path":["/c/en/biomarker","/c/en/medicine","/c/en/erosion","/c/en/epithelial"],"weight":0.20906999999999973,"degrees":[57,11938,369,100]},"num_concepts_raised":29572},{"base_id":726,"kind":"bot_words","i1":1,"i2":5,"sol":{"path":["/c/en/biomarker","/c/en/bioindicator","/c/en/health","/c/en/good","/c/en/respectable","/c/en/respectably"],"weight":0.21530399999999983,"degrees":[57,24,1110,2615,232,31]},"num_concepts_raised":538848},{"base_id":726,"kind":"bot_words","i1":1,"i2":6,"sol":{"path":["/c/en/biomarker","/c/en/biological","/c/en/plant","/c/en/chlorophyll"],"weight":0.2239000000000001,"degrees":[57,699,7959,302]},"num_concepts_raised":40259},{"base_id":726,"kind":"bot_words","i1":1,"i2":7,"sol":{"path":["/c/en/biomarker","/c/en/medicine","/c/en/history","/c/en/praetor","/c/en/praetorian"],"weight":0.2094299999999999,"degrees":[57,11938,1864,156,44]},"num_concepts_raised":17124},{"base_id":726,"kind":"bot_words","i1":1,"i2":8,"sol":{"path":["/c/en/biomarker","/c/en/medicine","/c/en/humanize","/c/en/humane","/c/en/compassionate"],"weight":0.21236999999999973,"degrees":[57,11938,52,186,178]},"num_concepts_raised":19647},{"base_id":726,"kind":"bot_words","i1":1,"i2":9,"sol":{"path":["/c/en/biomarker","/c/en/biological","/c/en/plant","/c/en/turnip"],"weight":0.21218999999999993,"degrees":[57,699,7959,320]},"num_concepts_raised":31641},{"base_id":726,"kind":"bot_words","i1":2,"i2":3,"sol":{"path":["/c/en/microscopy","/c/en/lacuna","/c/en/language","/c/en/yakut"],"weight":0.20359999999999967,"degrees":[95,77,4160,47]},"num_concepts_raised":13906},{"base_id":726,"kind":"bot_words","i1":2,"i2":4,"sol":{"path":["/c/en/microscopy","/c/en/pathology","/c/en/papilloma","/c/en/epithelial"],"weight":0.2042499999999995,"degrees":[95,5554,64,100]},"num_concepts_raised":23882},{"base_id":726,"kind":"bot_words","i1":2,"i2":5,"sol":{"path":["/c/en/microscopy","/c/en/manufacture","/c/en/good","/c/en/respectable","/c/en/respectably"],"weight":0.20443999999999968,"degrees":[95,706,2615,232,31]},"num_concepts_raised":10334},{"base_id":726,"kind":"bot_words","i1":2,"i2":6,"sol":{"path":["/c/en/microscopy","/c/en/snowflake","/c/en/plant","/c/en/chlorophyll"],"weight":0.21910999999999986,"degrees":[95,275,7959,302]},"num_concepts_raised":34778},{"base_id":726,"kind":"bot_words","i1":2,"i2":7,"sol":{"path":["/c/en/microscopy","/c/en/design","/c/en/pretour","/c/en/praetor","/c/en/praetorian"],"weight":0.20459999999999967,"degrees":[95,1361,8,156,44]},"num_concepts_raised":11313},{"base_id":726,"kind":"bot_words","i1":2,"i2":8,"sol":{"path":["/c/en/microscopy","/c/en/endomicroscopy","/c/en/human","/c/en/humane","/c/en/compassionate"],"weight":0.20761999999999947,"degrees":[95,9,2645,186,178]},"num_concepts_raised":13860},{"base_id":726,"kind":"bot_words","i1":2,"i2":9,"sol":{"path":["/c/en/microscopy","/c/en/manufacture","/c/en/plant","/c/en/turnip"],"weight":0.20738999999999969,"degrees":[95,706,7959,320]},"num_concepts_raised":25916},{"base_id":726,"kind":"bot_words","i1":3,"i2":4,"sol":{"path":["/c/en/yakut","/c/fr/yakoute","/c/fr/relatif","/c/fr/épithélial","/c/en/epithelial"],"weight":0.2057899999999997,"degrees":[47,39,746,16,100]},"num_concepts_raised":18037},{"base_id":726,"kind":"bot_words","i1":3,"i2":5,"sol":{"path":["/c/en/yakut","/c/fr/yakoute","/c/fr/relatif","/c/en/respect","/c/en/respectable","/c/en/respectably"],"weight":0.2097000999999999,"degrees":[47,39,746,1090,232,31]},"num_concepts_raised":302931},{"base_id":726,"kind":"bot_words","i1":3,"i2":6,"sol":{"path":["/c/en/yakut","/c/en/language","/c/en/slang","/c/en/plant","/c/en/chlorophyll"],"weight":0.21872000000000008,"degrees":[47,4160,16318,7959,302]},"num_concepts_raised":29092},{"base_id":726,"kind":"bot_words","i1":3,"i2":7,"sol":{"path":["/c/en/yakut","/c/fr/yakoute","/c/fr/géographie","/c/fr/prétorien","/c/en/praetorian"],"weight":0.20413999999999988,"degrees":[47,39,8043,37,44]},"num_concepts_raised":5381},{"base_id":726,"kind":"bot_words","i1":3,"i2":8,"sol":{"path":["/c/en/yakut","/c/en/language","/c/en/human","/c/en/humane","/c/en/compassionate"],"weight":0.20721999999999968,"degrees":[47,4160,2645,186,178]},"num_concepts_raised":7941},{"base_id":726,"kind":"bot_words","i1":3,"i2":9,"sol":{"path":["/c/en/yakut","/c/en/language","/c/en/swedish","/c/en/swede","/c/en/turnip"],"weight":0.20818999999999993,"degrees":[47,4160,197,220,320]},"num_concepts_raised":20082},{"base_id":726,"kind":"bot_words","i1":4,"i2":5,"sol":{"path":["/c/en/epithelial","/c/fr/épithélial","/c/fr/relatif","/c/en/respect","/c/en/respectable","/c/en/respectably"],"weight":0.21048549999999966,"degrees":[100,16,746,1090,232,31]},"num_concepts_raised":360724},{"base_id":726,"kind":"bot_words","i1":4,"i2":6,"sol":{"path":["/c/en/epithelial","/c/en/adhesin","/c/en/biochemistry","/c/en/chlorophyll"],"weight":0.21714999999999987,"degrees":[100,22,3629,302]},"num_concepts_raised":39035},{"base_id":726,"kind":"bot_words","i1":4,"i2":7,"sol":{"path":["/c/en/epithelial","/c/en/epithelium","/c/fr/anatomie","/c/en/venal","/c/en/praetorian"],"weight":0.2049799999999997,"degrees":[100,245,8035,58,44]},"num_concepts_raised":15483},{"base_id":726,"kind":"bot_words","i1":4,"i2":8,"sol":{"path":["/c/en/epithelial","/c/en/anatomy","/c/en/sympathetic","/c/en/compassionate"],"weight":0.2077699999999995,"degrees":[100,12775,239,178]},"num_concepts_raised":18040},{"base_id":726,"kind":"bot_words","i1":4,"i2":9,"sol":{"path":["/c/en/epithelial","/c/en/fur","/c/en/dog","/c/fr/navet","/c/en/turnip"],"weight":0.21047999999999972,"degrees":[100,747,2320,165,320]},"num_concepts_raised":30106},{"base_id":726,"kind":"bot_words","i1":5,"i2":6,"sol":{"path":["/c/en/respectably","/c/en/respectively","/c/en/relative","/c/en/organism","/c/en/chlorophyll"],"weight":0.21727000000000007,"degrees":[31,103,931,1338,302]},"num_concepts_raised":25532},{"base_id":726,"kind":"bot_words","i1":5,"i2":7,"sol":{"path":["/c/en/respectably","/c/en/respectable","/c/en/gain","/c/en/mercenary","/c/en/praetorian"],"weight":0.20397999999999988,"degrees":[31,232,1125,272,44]},"num_concepts_raised":1790},{"base_id":726,"kind":"bot_words","i1":5,"i2":8,"sol":{"path":["/c/en/respectably","/c/en/respectable","/c/en/nice","/c/en/sensitive","/c/en/compassionate"],"weight":0.20575999999999972,"degrees":[31,232,845,415,178]},"num_concepts_raised":4353},{"base_id":726,"kind":"bot_words","i1":5,"i2":9,"sol":{"path":["/c/en/respectably","/c/nrf/respectabliément","/c/en/jersey","/c/nrf/navet","/c/en/turnip"],"weight":0.20768999999999993,"degrees":[31,4,6919,6,320]},"num_concepts_raised":16541},{"base_id":726,"kind":"bot_words","i1":6,"i2":7,"sol":{"path":["/c/en/chlorophyll","/c/en/green","/c/en/army","/c/en/praetor","/c/en/praetorian"],"weight":0.21951000000000004,"degrees":[302,1796,1302,156,44]},"num_concepts_raised":26497},{"base_id":726,"kind":"bot_words","i1":6,"i2":8,"sol":{"path":["/c/en/chlorophyll","/c/en/plant","/c/en/love","/c/en/tenderhearted","/c/en/compassionate"],"weight":0.22241999999999987,"degrees":[302,7959,2442,25,178]},"num_concepts_raised":29040},{"base_id":726,"kind":"bot_words","i1":6,"i2":9,"sol":{"path":["/c/en/chlorophyll","/c/en/plant","/c/en/turnip"],"weight":0.20700000000000002,"degrees":[302,7959,320]},"num_concepts_raised":422},{"base_id":726,"kind":"bot_words","i1":7,"i2":8,"sol":{"path":["/c/en/praetorian","/c/en/roman","/c/en/humanist","/c/en/humane","/c/en/compassionate"],"weight":0.20701999999999968,"degrees":[44,450,108,186,178]},"num_concepts_raised":5337},{"base_id":726,"kind":"bot_words","i1":7,"i2":9,"sol":{"path":["/c/en/praetorian","/c/en/roman","/c/en/european","/c/en/rutabaga","/c/en/turnip"],"weight":0.2081099999999999,"degrees":[44,450,619,165,320]},"num_concepts_raised":17505},{"base_id":726,"kind":"bot_words","i1":8,"i2":9,"sol":{"path":["/c/en/compassionate","/c/en/emergency","/c/en/ireland","/c/en/turnip"],"weight":0.20852999999999972,"degrees":[178,454,1227,320]},"num_concepts_raised":20042}],[{"base_id":726,"kind":"top_words","i1":0,"i2":1,"sol":{"path":["/c/en/mormon","/c/en/mormonism"],"weight":0.20400000000000001,"degrees":[124,159]},"num_concepts_raised":223},{"base_id":726,"kind":"top_words","i1":0,"i2":2,"sol":{"path":["/c/en/mormon","/c/en/religion","/c/en/advent","/c/en/adventist"],"weight":0.2062299999999998,"degrees":[124,3331,253,29]},"num_concepts_raised":10076},{"base_id":726,"kind":"top_words","i1":0,"i2":3,"sol":{"path":["/c/en/mormon","/c/en/bloggernacle","/c/en/tabernacle"],"weight":0.20400000000000001,"degrees":[124,6,131]},"num_concepts_raised":211},{"base_id":726,"kind":"top_words","i1":0,"i2":4,"sol":{"path":["/c/en/mormon","/c/en/christian","/c/en/apostle"],"weight":0.20700000000000002,"degrees":[124,813,340]},"num_concepts_raised":328},{"base_id":726,"kind":"top_words","i1":0,"i2":5,"sol":{"path":["/c/en/mormon","/c/en/christian","/c/en/christ"],"weight":0.20500000000000002,"degrees":[124,813,226]},"num_concepts_raised":300},{"base_id":726,"kind":"top_words","i1":0,"i2":6,"sol":{"path":["/c/en/mormon","/c/en/book_of_mormon_belt","/c/en/utah","/c/en/provo"],"weight":0.20413999999999974,"degrees":[124,9,371,36]},"num_concepts_raised":14404},{"base_id":726,"kind":"top_words","i1":0,"i2":7,"sol":{"path":["/c/en/mormon","/c/en/religion","/c/en/methodist"],"weight":0.203,"degrees":[124,3331,78]},"num_concepts_raised":157},{"base_id":726,"kind":"top_words","i1":0,"i2":8,"sol":{"path":["/c/en/mormon","/c/en/temple","/c/en/member","/c/en/quorum"],"weight":0.2050599999999998,"degrees":[124,1126,1164,95]},"num_concepts_raised":15956},{"base_id":726,"kind":"top_words","i1":0,"i2":9,"sol":{"path":["/c/en/mormon","/c/en/christian","/c/en/lutheran"],"weight":0.203,"degrees":[124,813,95]},"num_concepts_raised":169},{"base_id":726,"kind":"top_words","i1":1,"i2":2,"sol":{"path":["/c/en/mormonism","/c/en/christianity","/c/en/advent","/c/en/adventist"],"weight":0.21164999999999967,"degrees":[159,2627,253,29]},"num_concepts_raised":15859},{"base_id":726,"kind":"top_words","i1":1,"i2":3,"sol":{"path":["/c/en/mormonism","/c/en/judaism","/c/en/tabernacle"],"weight":0.20600000000000002,"degrees":[159,1033,131]},"num_concepts_raised":242},{"base_id":726,"kind":"top_words","i1":1,"i2":4,"sol":{"path":["/c/en/mormonism","/c/en/church_of_jesus_christ_of_latter_day_saints","/c/en/apostle"],"weight":0.20800000000000002,"degrees":[159,192,340]},"num_concepts_raised":361},{"base_id":726,"kind":"top_words","i1":1,"i2":5,"sol":{"path":["/c/en/mormonism","/c/en/christianity","/c/en/christ"],"weight":0.20600000000000002,"degrees":[159,2627,226]},"num_concepts_raised":332},{"base_id":726,"kind":"top_words","i1":1,"i2":6,"sol":{"path":["/c/en/mormonism","/c/en/alma","/c/en/county_seat","/c/en/provo"],"weight":0.2095299999999996,"degrees":[159,84,2497,36]},"num_concepts_raised":20180},{"base_id":726,"kind":"top_words","i1":1,"i2":7,"sol":{"path":["/c/en/mormonism","/c/en/christianity","/c/en/methodist"],"weight":0.20400000000000001,"degrees":[159,2627,78]},"num_concepts_raised":188},{"base_id":726,"kind":"top_words","i1":1,"i2":8,"sol":{"path":["/c/en/mormonism","/c/en/judaism","/c/he/מניין","/c/en/quorum"],"weight":0.21046999999999969,"degrees":[159,1033,12,95]},"num_concepts_raised":21665},{"base_id":726,"kind":"top_words","i1":1,"i2":9,"sol":{"path":["/c/en/mormonism","/c/en/christianity","/c/en/lutheran"],"weight":0.20500000000000002,"degrees":[159,2627,95]},"num_concepts_raised":201},{"base_id":726,"kind":"top_words","i1":2,"i2":3,"sol":{"path":["/c/en/adventist","/c/en/jesus","/c/en/jew","/c/en/tabernacle"],"weight":0.20901999999999976,"degrees":[29,467,382,131]},"num_concepts_raised":27842},{"base_id":726,"kind":"top_words","i1":2,"i2":4,"sol":{"path":["/c/en/adventist","/c/en/jesus","/c/en/apostle"],"weight":0.20600000000000002,"degrees":[29,467,340]},"num_concepts_raised":248},{"base_id":726,"kind":"top_words","i1":2,"i2":5,"sol":{"path":["/c/en/adventist","/c/en/advent","/c/en/christ"],"weight":0.20600000000000002,"degrees":[29,253,226]},"num_concepts_raised":217},{"base_id":726,"kind":"top_words","i1":2,"i2":6,"sol":{"path":["/c/en/adventist","/c/en/advent","/c/fr/localités","/c/en/wing","/c/en/provo"],"weight":0.20493999999999996,"degrees":[29,253,110113,1177,36]},"num_concepts_raised":5818},{"base_id":726,"kind":"top_words","i1":2,"i2":7,"sol":{"path":["/c/en/adventist","/c/en/advent","/c/en/religion","/c/en/methodist"],"weight":0.20685999999999988,"degrees":[29,253,3331,78]},"num_concepts_raised":15537},{"base_id":726,"kind":"top_words","i1":2,"i2":8,"sol":{"path":["/c/en/adventist","/c/en/advent","/c/en/christmas_season","/c/en/business","/c/en/quorum"],"weight":0.20594,"degrees":[29,253,38,2538,95]},"num_concepts_raised":7412},{"base_id":726,"kind":"top_words","i1":2,"i2":9,"sol":{"path":["/c/en/adventist","/c/en/advent","/c/en/christianity","/c/en/lutheran"],"weight":0.2071599999999999,"degrees":[29,253,2627,95]},"num_concepts_raised":15061},{"base_id":726,"kind":"top_words","i1":3,"i2":4,"sol":{"path":["/c/en/tabernacle","/c/en/church","/c/en/apostle"],"weight":0.20800000000000002,"degrees":[131,1592,340]},"num_concepts_raised":336},{"base_id":726,"kind":"top_words","i1":3,"i2":5,"sol":{"path":["/c/en/tabernacle","/c/en/church","/c/en/christ"],"weight":0.20600000000000002,"degrees":[131,1592,226]},"num_concepts_raised":307},{"base_id":726,"kind":"top_words","i1":3,"i2":6,"sol":{"path":["/c/en/tabernacle","/c/en/mormon_tabernacle","/c/en/utah","/c/en/provo"],"weight":0.2090299999999997,"degrees":[131,7,371,36]},"num_concepts_raised":31995},{"base_id":726,"kind":"top_words","i1":3,"i2":7,"sol":{"path":["/c/en/tabernacle","/c/fr/tabernacle","/c/fr/religion","/c/en/methodist"],"weight":0.21413999999999966,"degrees":[131,57,6634,78]},"num_concepts_raised":41024},{"base_id":726,"kind":"top_words","i1":3,"i2":8,"sol":{"path":["/c/en/tabernacle","/c/en/church","/c/en/gathering","/c/en/quorum"],"weight":0.21017999999999976,"degrees":[131,1592,556,95]},"num_concepts_raised":33344},{"base_id":726,"kind":"top_words","i1":3,"i2":9,"sol":{"path":["/c/en/tabernacle","/c/en/church","/c/en/lutheran"],"weight":0.20400000000000001,"degrees":[131,1592,95]},"num_concepts_raised":176},{"base_id":726,"kind":"top_words","i1":4,"i2":5,"sol":{"path":["/c/en/apostle","/c/en/jesus","/c/en/christ"],"weight":0.20900000000000002,"degrees":[340,467,226]},"num_concepts_raised":423},{"base_id":726,"kind":"top_words","i1":4,"i2":6,"sol":{"path":["/c/en/apostle","/c/en/slang","/c/en/wing","/c/en/provo"],"weight":0.21619999999999978,"degrees":[340,16318,1177,36]},"num_concepts_raised":42588},{"base_id":726,"kind":"top_words","i1":4,"i2":7,"sol":{"path":["/c/en/apostle","/c/fr/apôtre","/c/fr/religion","/c/en/methodist"],"weight":0.22274999999999973,"degrees":[340,159,6634,78]},"num_concepts_raised":51444},{"base_id":726,"kind":"top_words","i1":4,"i2":8,"sol":{"path":["/c/en/apostle","/c/en/record","/c/en/business","/c/en/quorum"],"weight":0.2172299999999998,"degrees":[340,1856,2538,95]},"num_concepts_raised":43863},{"base_id":726,"kind":"top_words","i1":4,"i2":9,"sol":{"path":["/c/en/apostle","/c/en/disciple","/c/en/lutheran"],"weight":0.20700000000000002,"degrees":[340,362,95]},"num_concepts_raised":293},{"base_id":726,"kind":"top_words","i1":5,"i2":6,"sol":{"path":["/c/en/christ","/c/en/god","/c/en/wrath","/c/en/ira","/c/en/provo"],"weight":0.21539999999999926,"degrees":[226,1774,298,33,36]},"num_concepts_raised":30795},{"base_id":726,"kind":"top_words","i1":5,"i2":7,"sol":{"path":["/c/en/christ","/c/en/religion","/c/en/methodist"],"weight":0.20500000000000002,"degrees":[226,3331,78]},"num_concepts_raised":251},{"base_id":726,"kind":"top_words","i1":5,"i2":8,"sol":{"path":["/c/en/christ","/c/en/church","/c/en/gathering","/c/en/quorum"],"weight":0.21109999999999934,"degrees":[226,1592,556,95]},"num_concepts_raised":32174},{"base_id":726,"kind":"top_words","i1":5,"i2":9,"sol":{"path":["/c/en/christ","/c/en/christianity","/c/en/lutheran"],"weight":0.20500000000000002,"degrees":[226,2627,95]},"num_concepts_raised":261},{"base_id":726,"kind":"top_words","i1":6,"i2":7,"sol":{"path":["/c/en/provo","/c/en/provisional_ira","/c/en/violence","/c/en/religion","/c/en/methodist"],"weight":0.20585999999999982,"degrees":[36,20,595,3331,78]},"num_concepts_raised":19948},{"base_id":726,"kind":"top_words","i1":6,"i2":8,"sol":{"path":["/c/en/provo","/c/en/ira","/c/en/david","/c/en/second","/c/en/quorum"],"weight":0.20496999999999993,"degrees":[36,33,381,1367,95]},"num_concepts_raised":11702},{"base_id":726,"kind":"top_words","i1":6,"i2":9,"sol":{"path":["/c/en/provo","/c/en/provisional_ira","/c/en/violence","/c/en/religion","/c/en/lutheran"],"weight":0.20510999999999985,"degrees":[36,20,595,3331,95]},"num_concepts_raised":19496},{"base_id":726,"kind":"top_words","i1":7,"i2":8,"sol":{"path":["/c/en/methodist","/c/en/class","/c/en/second","/c/en/quorum"],"weight":0.2046599999999999,"degrees":[78,1926,1367,95]},"num_concepts_raised":21412},{"base_id":726,"kind":"top_words","i1":7,"i2":9,"sol":{"path":["/c/en/methodist","/c/en/protestant","/c/en/lutheran"],"weight":0.20400000000000001,"degrees":[78,252,95]},"num_concepts_raised":118},{"base_id":726,"kind":"top_words","i1":8,"i2":9,"sol":{"path":["/c/en/quorum","/c/en/gathering","/c/en/church","/c/en/lutheran"],"weight":0.2048299999999999,"degrees":[95,556,1592,95]},"num_concepts_raised":21028}]]