[[{"base_id":405,"kind":"bot_words","i1":0,"i2":1,"sol":{"path":["/c/en/nefertiti","/c/en/queen","/c/en/women","/c/en/brassiere"],"weight":0.20964999999999953,"degrees":[93,1021,407,125]},"num_concepts_raised":10619},{"base_id":405,"kind":"bot_words","i1":0,"i2":2,"sol":{"path":["/c/en/nefertiti","/c/en/queen","/c/en/beauty","/c/en/extremely","/c/en/immensely"],"weight":0.20927999999999966,"degrees":[93,1021,984,784,74]},"num_concepts_raised":3653},{"base_id":405,"kind":"bot_words","i1":0,"i2":3,"sol":{"path":["/c/en/nefertiti","/c/en/queen","/c/en/person","/c/en/saint","/c/en/polycarp"],"weight":0.2137999999999996,"degrees":[93,1021,12935,772,46]},"num_concepts_raised":2215},{"base_id":405,"kind":"bot_words","i1":0,"i2":4,"sol":{"path":["/c/en/nefertiti","/c/en/queen","/c/en/person","/c/en/latin","/c/en/vocalic"],"weight":0.20881999999999976,"degrees":[93,1021,12935,527,44]},"num_concepts_raised":2823},{"base_id":405,"kind":"bot_words","i1":0,"i2":5,"sol":{"path":["/c/en/nefertiti","/c/en/queen","/c/en/person","/c/en/happy","/c/en/glad"],"weight":0.21955999999999926,"degrees":[93,1021,12935,1272,422]},"num_concepts_raised":36253},{"base_id":405,"kind":"bot_words","i1":0,"i2":6,"sol":{"path":["/c/en/nefertiti","/c/en/royalty","/c/en/mineral_right","/c/en/mineral","/c/en/actinolite"],"weight":0.21650999999999965,"degrees":[93,340,6,8530,87]},"num_concepts_raised":11877},{"base_id":405,"kind":"bot_words","i1":0,"i2":7,"sol":{"path":["/c/en/nefertiti","/c/en/queen","/c/en/female","/c/en/prissy","/c/en/prim"],"weight":0.21672999999999965,"degrees":[93,1021,3110,54,96]},"num_concepts_raised":13040},{"base_id":405,"kind":"bot_words","i1":0,"i2":8,"sol":{"path":["/c/en/nefertiti","/c/en/queen","/c/en/slang","/c/en/aussie","/c/en/oz"],"weight":0.21815999999999963,"degrees":[93,1021,16318,79,62]},"num_concepts_raised":12967},{"base_id":405,"kind":"bot_words","i1":0,"i2":9,"sol":{"path":["/c/en/nefertiti","/c/en/nefertitian","/c/en/egyptian","/c/en/set","/c/en/prescribe"],"weight":0.21264999999999962,"degrees":[93,7,258,2628,184]},"num_concepts_raised":36938},{"base_id":405,"kind":"bot_words","i1":1,"i2":2,"sol":{"path":["/c/en/brassiere","/c/en/long","/c/ms/jauh","/c/en/immensely"],"weight":0.2041699999999996,"degrees":[125,1806,26,74]},"num_concepts_raised":11191},{"base_id":405,"kind":"bot_words","i1":1,"i2":3,"sol":{"path":["/c/en/brassiere","/c/en/women","/c/en/person","/c/en/saint","/c/en/polycarp"],"weight":0.20896999999999955,"degrees":[125,407,12935,772,46]},"num_concepts_raised":9792},{"base_id":405,"kind":"bot_words","i1":1,"i2":4,"sol":{"path":["/c/en/brassiere","/c/en/a","/c/en/vowel","/c/en/vocalic"],"weight":0.20411999999999972,"degrees":[125,1436,631,44]},"num_concepts_raised":10369},{"base_id":405,"kind":"bot_words","i1":1,"i2":5,"sol":{"path":["/c/en/brassiere","/c/en/name","/c/en/joy","/c/en/glad"],"weight":0.21042999999999923,"degrees":[125,2629,943,422]},"num_concepts_raised":43162},{"base_id":405,"kind":"bot_words","i1":1,"i2":6,"sol":{"path":["/c/en/brassiere","/c/en/a","/c/en/oxygen","/c/en/actinolite"],"weight":0.20942999999999962,"degrees":[125,1436,3487,87]},"num_concepts_raised":19386},{"base_id":405,"kind":"bot_words","i1":1,"i2":7,"sol":{"path":["/c/en/brassiere","/c/en/name","/c/en/proper","/c/en/prim"],"weight":0.21165999999999957,"degrees":[125,2629,782,96]},"num_concepts_raised":20339},{"base_id":405,"kind":"bot_words","i1":1,"i2":8,"sol":{"path":["/c/en/brassiere","/c/en/cup","/c/en/ounce","/c/en/oz"],"weight":0.2091999999999996,"degrees":[125,1155,233,62]},"num_concepts_raised":20448},{"base_id":405,"kind":"bot_words","i1":1,"i2":9,"sol":{"path":["/c/en/brassiere","/c/en/cup","/c/en/medicine","/c/en/prescribe"],"weight":0.20592999999999956,"degrees":[125,1155,11938,184]},"num_concepts_raised":44093},{"base_id":405,"kind":"bot_words","i1":2,"i2":3,"sol":{"path":["/c/en/immensely","/c/en/extremely","/c/en/very","/c/en/saint","/c/en/polycarp"],"weight":0.2086399999999997,"degrees":[74,784,1529,772,46]},"num_concepts_raised":2786},{"base_id":405,"kind":"bot_words","i1":2,"i2":4,"sol":{"path":["/c/en/immensely","/c/en/extremely","/c/en/pure","/c/en/vowel","/c/en/vocalic"],"weight":0.20378999999999986,"degrees":[74,784,805,631,44]},"num_concepts_raised":3395},{"base_id":405,"kind":"bot_words","i1":2,"i2":5,"sol":{"path":["/c/en/immensely","/c/fr/beaucoup","/c/fr/content","/c/en/glad"],"weight":0.21122999999999936,"degrees":[74,752,291,422]},"num_concepts_raised":36515},{"base_id":405,"kind":"bot_words","i1":2,"i2":6,"sol":{"path":["/c/en/immensely","/c/en/extremely","/c/en/corundum","/c/en/mineral","/c/en/actinolite"],"weight":0.21131999999999973,"degrees":[74,784,117,8530,87]},"num_concepts_raised":12452},{"base_id":405,"kind":"bot_words","i1":2,"i2":7,"sol":{"path":["/c/en/immensely","/c/en/extremely","/c/en/very","/c/en/precise","/c/en/prim"],"weight":0.2113999999999997,"degrees":[74,784,1529,383,96]},"num_concepts_raised":13607},{"base_id":405,"kind":"bot_words","i1":2,"i2":8,"sol":{"path":["/c/en/immensely","/c/en/extremely","/c/en/nation","/c/en/australia","/c/en/oz"],"weight":0.21100999999999973,"degrees":[74,784,1106,2690,62]},"num_concepts_raised":13551},{"base_id":405,"kind":"bot_words","i1":2,"i2":9,"sol":{"path":["/c/en/immensely","/c/en/vastly","/c/en/lot","/c/en/set","/c/en/prescribe"],"weight":0.20637999999999967,"degrees":[74,28,1057,2628,184]},"num_concepts_raised":37533},{"base_id":405,"kind":"bot_words","i1":3,"i2":4,"sol":{"path":["/c/en/polycarp","/c/en/saint","/c/en/catholic","/c/en/latin","/c/en/vocalic"],"weight":0.2080899999999998,"degrees":[46,772,255,527,44]},"num_concepts_raised":1961},{"base_id":405,"kind":"bot_words","i1":3,"i2":5,"sol":{"path":["/c/en/polycarp","/c/en/saint","/c/en/good","/c/en/glad"],"weight":0.21334999999999932,"degrees":[46,772,2615,422]},"num_concepts_raised":35435},{"base_id":405,"kind":"bot_words","i1":3,"i2":6,"sol":{"path":["/c/en/polycarp","/c/en/saint","/c/en/very","/c/en/iron","/c/en/actinolite"],"weight":0.21365999999999968,"degrees":[46,772,1529,2867,87]},"num_concepts_raised":11021},{"base_id":405,"kind":"bot_words","i1":3,"i2":7,"sol":{"path":["/c/en/polycarp","/c/en/saint","/c/en/good","/c/en/proper","/c/en/prim"],"weight":0.21585999999999966,"degrees":[46,772,2615,782,96]},"num_concepts_raised":12196},{"base_id":405,"kind":"bot_words","i1":3,"i2":8,"sol":{"path":["/c/en/polycarp","/c/en/saint","/c/en/person","/c/en/aussie","/c/en/oz"],"weight":0.21739999999999968,"degrees":[46,772,12935,79,62]},"num_concepts_raised":12119},{"base_id":405,"kind":"bot_words","i1":3,"i2":9,"sol":{"path":["/c/en/polycarp","/c/en/saint","/c/en/person","/c/en/order","/c/en/prescribe"],"weight":0.21018999999999963,"degrees":[46,772,12935,2833,184]},"num_concepts_raised":36103},{"base_id":405,"kind":"bot_words","i1":4,"i2":5,"sol":{"path":["/c/en/vocalic","/c/en/vocal","/c/en/laugh","/c/en/happy","/c/en/glad"],"weight":0.2139099999999994,"degrees":[44,242,1103,1272,422]},"num_concepts_raised":36019},{"base_id":405,"kind":"bot_words","i1":4,"i2":6,"sol":{"path":["/c/en/vocalic","/c/en/vocalics","/c/en/element","/c/en/mineral","/c/en/actinolite"],"weight":0.21093999999999985,"degrees":[44,5,1173,8530,87]},"num_concepts_raised":11623},{"base_id":405,"kind":"bot_words","i1":4,"i2":7,"sol":{"path":["/c/en/vocalic","/c/en/vowel","/c/en/voice","/c/en/proper","/c/en/prim"],"weight":0.21112999999999982,"degrees":[44,631,1403,782,96]},"num_concepts_raised":12796},{"base_id":405,"kind":"bot_words","i1":4,"i2":8,"sol":{"path":["/c/en/vocalic","/c/en/latin","/c/en/inhabitant","/c/en/aussie","/c/en/oz"],"weight":0.21241999999999983,"degrees":[44,527,690,79,62]},"num_concepts_raised":12722},{"base_id":405,"kind":"bot_words","i1":4,"i2":9,"sol":{"path":["/c/en/vocalic","/c/en/vowel","/c/en/point","/c/fr/indiquer","/c/en/prescribe"],"weight":0.20608999999999977,"degrees":[44,631,2624,577,184]},"num_concepts_raised":36685},{"base_id":405,"kind":"bot_words","i1":5,"i2":6,"sol":{"path":["/c/en/glad","/c/en/like","/c/en/iron","/c/en/actinolite"],"weight":0.21384999999999937,"degrees":[422,2357,2867,87]},"num_concepts_raised":44905},{"base_id":405,"kind":"bot_words","i1":5,"i2":7,"sol":{"path":["/c/en/glad","/c/en/good","/c/en/proper","/c/en/prim"],"weight":0.21613999999999936,"degrees":[422,2615,782,96]},"num_concepts_raised":45443},{"base_id":405,"kind":"bot_words","i1":5,"i2":8,"sol":{"path":["/c/en/glad","/c/en/blue","/c/en/australia","/c/en/oz"],"weight":0.21572999999999937,"degrees":[422,1611,2690,62]},"num_concepts_raised":45888},{"base_id":405,"kind":"bot_words","i1":5,"i2":9,"sol":{"path":["/c/en/glad","/c/en/state","/c/fr/indiquer","/c/en/prescribe"],"weight":0.2108899999999993,"degrees":[422,3243,577,184]},"num_concepts_raised":68811},{"base_id":405,"kind":"bot_words","i1":6,"i2":7,"sol":{"path":["/c/en/actinolite","/c/en/oxygen","/c/en/plants","/c/en/prim"],"weight":0.21427999999999975,"degrees":[87,3487,216,96]},"num_concepts_raised":21775},{"base_id":405,"kind":"bot_words","i1":6,"i2":8,"sol":{"path":["/c/en/actinolite","/c/en/mineral","/c/en/british","/c/en/aussie","/c/en/oz"],"weight":0.22014999999999973,"degrees":[87,8530,3452,79,62]},"num_concepts_raised":21746},{"base_id":405,"kind":"bot_words","i1":6,"i2":9,"sol":{"path":["/c/en/actinolite","/c/en/mineral","/c/egx/msdmt","/c/en/prescribe"],"weight":0.21252999999999966,"degrees":[87,8530,14,184]},"num_concepts_raised":45576},{"base_id":405,"kind":"bot_words","i1":7,"i2":8,"sol":{"path":["/c/en/prim","/c/en/formal","/c/en/realm","/c/en/oz"],"weight":0.2140099999999997,"degrees":[96,2270,308,62]},"num_concepts_raised":22800},{"base_id":405,"kind":"bot_words","i1":7,"i2":9,"sol":{"path":["/c/en/prim","/c/en/proper","/c/en/order","/c/en/prescribe"],"weight":0.21292999999999965,"degrees":[96,782,2833,184]},"num_concepts_raised":46364},{"base_id":405,"kind":"bot_words","i1":8,"i2":9,"sol":{"path":["/c/en/oz","/c/en/realm","/c/en/legal","/c/en/prescribe"],"weight":0.21005999999999966,"degrees":[62,308,6627,184]},"num_concepts_raised":46727}],[{"base_id":405,"kind":"top_words","i1":0,"i2":1,"sol":{"path":["/c/en/volcanologist","/c/en/volcanology","/c/en/aa","/c/en/person","/c/en/clothing","/c/en/shirts"],"weight":0.21150319999999967,"degrees":[41,161,152,12935,1590,40]},"num_concepts_raised":845975},{"base_id":405,"kind":"top_words","i1":0,"i2":2,"sol":{"path":["/c/en/volcanologist","/c/en/volcanology","/c/en/aa","/c/en/person","/c/en/leader"],"weight":0.23032999999999737,"degrees":[41,161,152,12935,1391]},"num_concepts_raised":108288},{"base_id":405,"kind":"top_words","i1":0,"i2":3,"sol":{"path":["/c/en/volcanologist","/c/en/volcanology","/c/fr/géologie","/c/en/neck","/c/en/shirt"],"weight":0.21911,"degrees":[41,161,1610,1476,716]},"num_concepts_raised":39412},{"base_id":405,"kind":"top_words","i1":0,"i2":4,"sol":{"path":["/c/en/volcanologist","/c/en/volcanology","/c/en/aa","/c/en/person","/c/en/grandmother","/c/en/baba"],"weight":0.21109989999999984,"degrees":[41,161,152,12935,330,68]},"num_concepts_raised":697180},{"base_id":405,"kind":"top_words","i1":0,"i2":5,"sol":{"path":["/c/en/volcanologist","/c/en/volcanology","/c/en/logy","/c/en/pathology","/c/en/disease","/c/en/anhedonia"],"weight":0.21489319999999945,"degrees":[41,161,543,5554,4216,64]},"num_concepts_raised":287836},{"base_id":405,"kind":"top_words","i1":0,"i2":6,"sol":{"path":["/c/en/volcanologist","/c/en/volcanology","/c/fr/géologie","/c/en/strike","/c/en/rap","/c/en/chanting"],"weight":0.2078009999999999,"degrees":[41,161,1610,1725,418,30]},"num_concepts_raised":141797},{"base_id":405,"kind":"top_words","i1":0,"i2":7,"sol":{"path":["/c/en/volcanologist","/c/fr/vulcanologue","/c/fr/scientifique","/c/en/arachnid"],"weight":0.21207999999999927,"degrees":[41,18,323,361]},"num_concepts_raised":20723},{"base_id":405,"kind":"top_words","i1":0,"i2":8,"sol":{"path":["/c/en/volcanologist","/c/fr/vulcanologue","/c/fr/scientifique","/c/tr/medrese","/c/en/madrasa"],"weight":0.20880999999999988,"degrees":[41,18,323,17,86]},"num_concepts_raised":5698},{"base_id":405,"kind":"top_words","i1":0,"i2":9,"sol":{"path":["/c/en/volcanologist","/c/en/volcanology","/c/en/geyser","/c/en/water","/c/en/aqua"],"weight":0.21464999999999967,"degrees":[41,161,225,4606,151]},"num_concepts_raised":18353},{"base_id":405,"kind":"top_words","i1":1,"i2":2,"sol":{"path":["/c/en/shirts","/c/en/clothing","/c/en/person","/c/en/leader"],"weight":0.23054999999999726,"degrees":[40,1590,12935,1391]},"num_concepts_raised":119919},{"base_id":405,"kind":"top_words","i1":1,"i2":3,"sol":{"path":["/c/en/shirts","/c/en/shirt"],"weight":0.20600000000000002,"degrees":[40,716]},"num_concepts_raised":518},{"base_id":405,"kind":"top_words","i1":1,"i2":4,"sol":{"path":["/c/en/shirts","/c/en/size","/c/en/cake","/c/en/baba"],"weight":0.20345999999999978,"degrees":[40,1119,1707,68]},"num_concepts_raised":25945},{"base_id":405,"kind":"top_words","i1":1,"i2":5,"sol":{"path":["/c/en/shirts","/c/en/clothing","/c/en/fit","/c/en/symptom","/c/en/anhedonia"],"weight":0.2099999999999999,"degrees":[40,1590,1268,656,64]},"num_concepts_raised":19064},{"base_id":405,"kind":"top_words","i1":1,"i2":6,"sol":{"path":["/c/en/shirts","/c/en/clothing","/c/en/stuff","/c/en/rap","/c/en/chanting"],"weight":0.20419999999999983,"degrees":[40,1590,836,418,30]},"num_concepts_raised":14629},{"base_id":405,"kind":"top_words","i1":1,"i2":7,"sol":{"path":["/c/en/shirts","/c/en/silk","/c/en/spider","/c/en/arachnid"],"weight":0.21841999999999914,"degrees":[40,1050,775,361]},"num_concepts_raised":33842},{"base_id":405,"kind":"top_words","i1":1,"i2":8,"sol":{"path":["/c/en/shirts","/c/en/bra","/c/en/woman","/c/en/madrasa"],"weight":0.20861999999999975,"degrees":[40,429,3510,86]},"num_concepts_raised":18957},{"base_id":405,"kind":"top_words","i1":1,"i2":9,"sol":{"path":["/c/en/shirts","/c/en/silk","/c/en/water","/c/en/aqua"],"weight":0.21357999999999955,"degrees":[40,1050,4606,151]},"num_concepts_raised":31233},{"base_id":405,"kind":"top_words","i1":2,"i2":3,"sol":{"path":["/c/en/leader","/c/en/man","/c/en/shirt"],"weight":0.20600000000000002,"degrees":[1391,3068,716]},"num_concepts_raised":1657},{"base_id":405,"kind":"top_words","i1":2,"i2":4,"sol":{"path":["/c/en/leader","/c/en/baba"],"weight":0.20400000000000001,"degrees":[1391,68]},"num_concepts_raised":1213},{"base_id":405,"kind":"top_words","i1":2,"i2":5,"sol":{"path":["/c/en/leader","/c/en/person","/c/en/symptom","/c/en/anhedonia"],"weight":0.23473999999999734,"degrees":[1391,12935,656,64]},"num_concepts_raised":113313},{"base_id":405,"kind":"top_words","i1":2,"i2":6,"sol":{"path":["/c/en/leader","/c/en/country","/c/en/rap","/c/en/chanting"],"weight":0.22402999999999726,"degrees":[1391,2796,418,30]},"num_concepts_raised":109039},{"base_id":405,"kind":"top_words","i1":2,"i2":7,"sol":{"path":["/c/en/leader","/c/en/person","/c/en/scorpion","/c/en/arachnid"],"weight":0.24231999999999654,"degrees":[1391,12935,531,361]},"num_concepts_raised":127491},{"base_id":405,"kind":"top_words","i1":2,"i2":8,"sol":{"path":["/c/en/leader","/c/en/person","/c/en/woman","/c/en/madrasa"],"weight":0.23484999999999717,"degrees":[1391,12935,3510,86]},"num_concepts_raised":113021},{"base_id":405,"kind":"top_words","i1":2,"i2":9,"sol":{"path":["/c/en/leader","/c/en/boss","/c/en/water","/c/en/aqua"],"weight":0.24033999999999694,"degrees":[1391,723,4606,151]},"num_concepts_raised":124077},{"base_id":405,"kind":"top_words","i1":3,"i2":4,"sol":{"path":["/c/en/shirt","/c/en/kurta","/c/en/india","/c/en/baba"],"weight":0.2200999999999998,"degrees":[716,43,1846,68]},"num_concepts_raised":51119},{"base_id":405,"kind":"top_words","i1":3,"i2":5,"sol":{"path":["/c/en/shirt","/c/en/body","/c/en/disease","/c/en/anhedonia"],"weight":0.22354999999999994,"degrees":[716,3170,4216,64]},"num_concepts_raised":44635},{"base_id":405,"kind":"top_words","i1":3,"i2":6,"sol":{"path":["/c/en/shirt","/c/en/clothing","/c/en/black","/c/en/rap","/c/en/chanting"],"weight":0.22254999999999986,"degrees":[716,1590,1965,418,30]},"num_concepts_raised":40265},{"base_id":405,"kind":"top_words","i1":3,"i2":7,"sol":{"path":["/c/en/shirt","/c/en/silk","/c/en/spider","/c/en/arachnid"],"weight":0.23319999999999916,"degrees":[716,1050,775,361]},"num_concepts_raised":59259},{"base_id":405,"kind":"top_words","i1":3,"i2":8,"sol":{"path":["/c/en/shirt","/c/en/dress","/c/en/woman","/c/en/madrasa"],"weight":0.22640999999999975,"degrees":[716,1674,3510,86]},"num_concepts_raised":44425},{"base_id":405,"kind":"top_words","i1":3,"i2":9,"sol":{"path":["/c/en/shirt","/c/en/clothing","/c/en/blue","/c/en/aqua"],"weight":0.23105999999999954,"degrees":[716,1590,1611,151]},"num_concepts_raised":56371},{"base_id":405,"kind":"top_words","i1":4,"i2":5,"sol":{"path":["/c/en/baba","/c/en/oma","/c/en/disease","/c/en/anhedonia"],"weight":0.20888999999999985,"degrees":[68,36,4216,64]},"num_concepts_raised":18247},{"base_id":405,"kind":"top_words","i1":4,"i2":6,"sol":{"path":["/c/en/baba","/c/en/father","/c/en/priest","/c/ja/ほうしょう","/c/en/chanting"],"weight":0.20339999999999978,"degrees":[68,1655,1101,95,30]},"num_concepts_raised":13806},{"base_id":405,"kind":"top_words","i1":4,"i2":7,"sol":{"path":["/c/en/baba","/c/en/cake","/c/en/insect","/c/en/arachnid"],"weight":0.2126199999999991,"degrees":[68,1707,2112,361]},"num_concepts_raised":33094},{"base_id":405,"kind":"top_words","i1":4,"i2":8,"sol":{"path":["/c/en/baba","/c/pl/baba","/c/en/woman","/c/en/madrasa"],"weight":0.2110799999999997,"degrees":[68,57,3510,86]},"num_concepts_raised":17949},{"base_id":405,"kind":"top_words","i1":4,"i2":9,"sol":{"path":["/c/en/baba","/c/en/bottle","/c/en/water","/c/en/aqua"],"weight":0.21378999999999948,"degrees":[68,989,4606,151]},"num_concepts_raised":30532},{"base_id":405,"kind":"top_words","i1":5,"i2":6,"sol":{"path":["/c/en/anhedonia","/c/en/pleasure","/c/ar/إطراب","/c/en/chanting"],"weight":0.2083899999999999,"degrees":[64,1118,9,30]},"num_concepts_raised":6684},{"base_id":405,"kind":"top_words","i1":5,"i2":7,"sol":{"path":["/c/en/anhedonia","/c/en/pleasure","/c/en/music","/c/en/spider","/c/en/arachnid"],"weight":0.2238299999999992,"degrees":[64,1118,8822,775,361]},"num_concepts_raised":26044},{"base_id":405,"kind":"top_words","i1":5,"i2":8,"sol":{"path":["/c/en/anhedonia","/c/en/symptom","/c/en/person","/c/en/woman","/c/en/madrasa"],"weight":0.21420999999999982,"degrees":[64,656,12935,3510,86]},"num_concepts_raised":11075},{"base_id":405,"kind":"top_words","i1":5,"i2":9,"sol":{"path":["/c/en/anhedonia","/c/grc/αν","/c/en/a","/c/en/aqua"],"weight":0.21451999999999966,"degrees":[64,87,1436,151]},"num_concepts_raised":23621},{"base_id":405,"kind":"top_words","i1":6,"i2":7,"sol":{"path":["/c/en/chanting","/c/en/chant","/c/en/music","/c/en/spider","/c/en/arachnid"],"weight":0.21818999999999913,"degrees":[30,319,8822,775,361]},"num_concepts_raised":21619},{"base_id":405,"kind":"top_words","i1":6,"i2":8,"sol":{"path":["/c/en/chanting","/c/en/chant","/c/en/ziraleet","/c/en/woman","/c/en/madrasa"],"weight":0.20843999999999974,"degrees":[30,319,7,3510,86]},"num_concepts_raised":6607},{"base_id":405,"kind":"top_words","i1":6,"i2":9,"sol":{"path":["/c/en/chanting","/c/en/rap","/c/en/city","/c/en/water","/c/en/aqua"],"weight":0.21334999999999954,"degrees":[30,418,3758,4606,151]},"num_concepts_raised":19242},{"base_id":405,"kind":"top_words","i1":7,"i2":8,"sol":{"path":["/c/en/arachnid","/c/fr/scientifique","/c/tr/medrese","/c/en/madrasa"],"weight":0.21746999999999905,"degrees":[361,323,17,86]},"num_concepts_raised":25985},{"base_id":405,"kind":"top_words","i1":7,"i2":9,"sol":{"path":["/c/en/arachnid","/c/en/meta","/c/en/water","/c/en/aqua"],"weight":0.22235999999999886,"degrees":[361,102,4606,151]},"num_concepts_raised":38404},{"base_id":405,"kind":"top_words","i1":8,"i2":9,"sol":{"path":["/c/en/madrasa","/c/en/woman","/c/en/blue","/c/en/aqua"],"weight":0.21688999999999947,"degrees":[86,3510,1611,151]},"num_concepts_raised":23589}]]