[[{"base_id":147,"kind":"bot_words","i1":0,"i2":1,"sol":{"path":["/c/en/wand","/c/en/stick","/c/en/grass","/c/en/wheatgrass"],"weight":0.20582999999999968,"degrees":[163,2046,1578,24]},"num_concepts_raised":15780},{"base_id":147,"kind":"bot_words","i1":0,"i2":2,"sol":{"path":["/c/en/wand","/c/en/tool","/c/en/level","/c/en/tangshan"],"weight":0.20993999999999963,"degrees":[163,1423,1606,67]},"num_concepts_raised":18249},{"base_id":147,"kind":"bot_words","i1":0,"i2":3,"sol":{"path":["/c/en/wand","/c/en/magic","/c/en/medicine","/c/en/cysticercosis"],"weight":0.20997999999999964,"degrees":[163,913,11938,57]},"num_concepts_raised":29285},{"base_id":147,"kind":"bot_words","i1":0,"i2":4,"sol":{"path":["/c/en/wand","/c/en/tool","/c/en/snake","/c/en/cobra"],"weight":0.21414999999999978,"degrees":[163,1423,1419,198]},"num_concepts_raised":30675},{"base_id":147,"kind":"bot_words","i1":0,"i2":5,"sol":{"path":["/c/en/wand","/c/en/suit","/c/it/seme","/c/en/semen"],"weight":0.21958999999999967,"degrees":[163,993,32,605]},"num_concepts_raised":27090},{"base_id":147,"kind":"bot_words","i1":0,"i2":6,"sol":{"path":["/c/en/wand","/c/en/stick","/c/en/computing","/c/en/float"],"weight":0.21642999999999818,"degrees":[163,2046,9084,827]},"num_concepts_raised":100375},{"base_id":147,"kind":"bot_words","i1":0,"i2":7,"sol":{"path":["/c/en/wand","/c/en/rod","/c/en/mathematics","/c/en/ith"],"weight":0.21091999999999966,"degrees":[163,750,7601,24]},"num_concepts_raised":20040},{"base_id":147,"kind":"bot_words","i1":0,"i2":8,"sol":{"path":["/c/en/wand","/c/en/stick","/c/en/british","/c/en/comprehensive","/c/en/encyclopaedic"],"weight":0.2068899999999997,"degrees":[163,2046,3452,297,23]},"num_concepts_raised":12177},{"base_id":147,"kind":"bot_words","i1":0,"i2":9,"sol":{"path":["/c/en/wand","/c/en/stick","/c/en/slang","/c/en/grape","/c/en/grapes"],"weight":0.20779999999999949,"degrees":[163,2046,16318,1090,75]},"num_concepts_raised":19267},{"base_id":147,"kind":"bot_words","i1":1,"i2":2,"sol":{"path":["/c/en/wheatgrass","/c/en/grass","/c/en/country","/c/en/city","/c/en/tangshan"],"weight":0.21037999999999984,"degrees":[24,1578,2796,3758,67]},"num_concepts_raised":10536},{"base_id":147,"kind":"bot_words","i1":1,"i2":3,"sol":{"path":["/c/en/wheatgrass","/c/en/grass","/c/en/animal","/c/en/tapeworm","/c/en/cysticercosis"],"weight":0.21015999999999985,"degrees":[24,1578,3735,158,57]},"num_concepts_raised":21631},{"base_id":147,"kind":"bot_words","i1":1,"i2":4,"sol":{"path":["/c/en/wheatgrass","/c/en/genus","/c/en/naja","/c/en/cobra"],"weight":0.21034999999999998,"degrees":[24,2240,66,198]},"num_concepts_raised":23207},{"base_id":147,"kind":"bot_words","i1":1,"i2":5,"sol":{"path":["/c/en/wheatgrass","/c/en/grass","/c/en/seed","/c/en/semen"],"weight":0.21989999999999987,"degrees":[24,1578,1813,605]},"num_concepts_raised":19542},{"base_id":147,"kind":"bot_words","i1":1,"i2":6,"sol":{"path":["/c/en/wheatgrass","/c/en/grass","/c/en/water","/c/en/float"],"weight":0.2134999999999984,"degrees":[24,1578,4606,827]},"num_concepts_raised":93942},{"base_id":147,"kind":"bot_words","i1":1,"i2":7,"sol":{"path":["/c/en/wheatgrass","/c/en/wheat","/c/en/field","/c/en/mathematics","/c/en/ith"],"weight":0.2078199999999999,"degrees":[24,834,2150,7601,24]},"num_concepts_raised":12372},{"base_id":147,"kind":"bot_words","i1":1,"i2":8,"sol":{"path":["/c/en/wheatgrass","/c/en/grass","/c/en/cover","/c/en/comprehensive","/c/en/encyclopaedic"],"weight":0.20368999999999993,"degrees":[24,1578,2802,297,23]},"num_concepts_raised":4372},{"base_id":147,"kind":"bot_words","i1":1,"i2":9,"sol":{"path":["/c/en/wheatgrass","/c/en/grass","/c/en/green","/c/en/grapes"],"weight":0.20316999999999968,"degrees":[24,1578,1796,75]},"num_concepts_raised":11496},{"base_id":147,"kind":"bot_words","i1":2,"i2":3,"sol":{"path":["/c/en/tangshan","/c/en/city","/c/en/human","/c/en/tapeworm","/c/en/cysticercosis"],"weight":0.2178299999999998,"degrees":[67,3758,2645,158,57]},"num_concepts_raised":24183},{"base_id":147,"kind":"bot_words","i1":2,"i2":4,"sol":{"path":["/c/en/tangshan","/c/en/city","/c/en/united_states","/c/en/snake","/c/en/cobra"],"weight":0.22006999999999993,"degrees":[67,3758,1636,1419,198]},"num_concepts_raised":25599},{"base_id":147,"kind":"bot_words","i1":2,"i2":5,"sol":{"path":["/c/en/tangshan","/c/en/china","/c/en/shenkui","/c/en/semen"],"weight":0.22137999999999985,"degrees":[67,1318,8,605]},"num_concepts_raised":22070},{"base_id":147,"kind":"bot_words","i1":2,"i2":6,"sol":{"path":["/c/en/tangshan","/c/en/city","/c/en/water","/c/en/float"],"weight":0.22122999999999834,"degrees":[67,3758,4606,827]},"num_concepts_raised":96041},{"base_id":147,"kind":"bot_words","i1":2,"i2":7,"sol":{"path":["/c/en/tangshan","/c/en/city","/c/en/uk","/c/en/thee","/c/en/ith"],"weight":0.21734999999999982,"degrees":[67,3758,5562,117,24]},"num_concepts_raised":14850},{"base_id":147,"kind":"bot_words","i1":2,"i2":8,"sol":{"path":["/c/en/tangshan","/c/en/city","/c/en/geographical","/c/en/encyclopedic","/c/en/encyclopaedic"],"weight":0.21241999999999986,"degrees":[67,3758,158,81,23]},"num_concepts_raised":6890},{"base_id":147,"kind":"bot_words","i1":2,"i2":9,"sol":{"path":["/c/en/tangshan","/c/en/city","/c/en/farm","/c/en/grape","/c/en/grapes"],"weight":0.21216999999999964,"degrees":[67,3758,1479,1090,75]},"num_concepts_raised":14056},{"base_id":147,"kind":"bot_words","i1":3,"i2":4,"sol":{"path":["/c/en/cysticercosis","/c/en/tapeworm","/c/en/animal","/c/en/snake","/c/en/cobra"],"weight":0.21991999999999995,"degrees":[57,158,3735,1419,198]},"num_concepts_raised":36725},{"base_id":147,"kind":"bot_words","i1":3,"i2":5,"sol":{"path":["/c/en/cysticercosis","/c/en/egg","/c/en/sperm","/c/en/semen"],"weight":0.2283199999999998,"degrees":[57,1565,485,605]},"num_concepts_raised":32866},{"base_id":147,"kind":"bot_words","i1":3,"i2":6,"sol":{"path":["/c/en/cysticercosis","/c/en/medicine","/c/en/water","/c/en/float"],"weight":0.21906999999999838,"degrees":[57,11938,4606,827]},"num_concepts_raised":106821},{"base_id":147,"kind":"bot_words","i1":3,"i2":7,"sol":{"path":["/c/en/cysticercosis","/c/en/medicine","/c/en/sign","/c/en/mathematics","/c/en/ith"],"weight":0.21331999999999984,"degrees":[57,11938,2004,7601,24]},"num_concepts_raised":25989},{"base_id":147,"kind":"bot_words","i1":3,"i2":8,"sol":{"path":["/c/en/cysticercosis","/c/en/disease","/c/en/term","/c/en/encyclopedic","/c/en/encyclopaedic"],"weight":0.21027999999999988,"degrees":[57,4216,1089,81,23]},"num_concepts_raised":18062},{"base_id":147,"kind":"bot_words","i1":3,"i2":9,"sol":{"path":["/c/en/cysticercosis","/c/en/egg","/c/en/fridge","/c/en/grapes"],"weight":0.20856999999999964,"degrees":[57,1565,185,75]},"num_concepts_raised":25177},{"base_id":147,"kind":"bot_words","i1":4,"i2":5,"sol":{"path":["/c/en/cobra","/c/en/us","/c/en/nut","/c/en/semen"],"weight":0.22342999999999996,"degrees":[198,8154,868,605]},"num_concepts_raised":34521},{"base_id":147,"kind":"bot_words","i1":4,"i2":6,"sol":{"path":["/c/en/cobra","/c/en/british","/c/en/float"],"weight":0.20400000000000001,"degrees":[198,3452,827]},"num_concepts_raised":816},{"base_id":147,"kind":"bot_words","i1":4,"i2":7,"sol":{"path":["/c/en/cobra","/c/en/snake","/c/en/maths","/c/en/mathematics","/c/en/ith"],"weight":0.21753999999999998,"degrees":[198,1419,1331,7601,24]},"num_concepts_raised":27524},{"base_id":147,"kind":"bot_words","i1":4,"i2":8,"sol":{"path":["/c/en/cobra","/c/en/british","/c/en/comprehensive","/c/en/encyclopaedic"],"weight":0.21119000000000002,"degrees":[198,3452,297,23]},"num_concepts_raised":19638},{"base_id":147,"kind":"bot_words","i1":4,"i2":9,"sol":{"path":["/c/en/cobra","/c/en/us","/c/en/grape","/c/en/grapes"],"weight":0.21203999999999978,"degrees":[198,8154,1090,75]},"num_concepts_raised":26658},{"base_id":147,"kind":"bot_words","i1":5,"i2":6,"sol":{"path":["/c/en/semen","/c/en/seed","/c/en/finance","/c/en/float"],"weight":0.23028999999999833,"degrees":[605,1813,2051,827]},"num_concepts_raised":103788},{"base_id":147,"kind":"bot_words","i1":5,"i2":7,"sol":{"path":["/c/en/semen","/c/en/come","/c/en/sequence","/c/en/ith"],"weight":0.22301999999999988,"degrees":[605,1658,807,24]},"num_concepts_raised":23897},{"base_id":147,"kind":"bot_words","i1":5,"i2":8,"sol":{"path":["/c/en/semen","/c/en/come","/c/fr/réunir","/c/fr/encyclopédique","/c/en/encyclopaedic"],"weight":0.21805999999999992,"degrees":[605,1658,447,52,23]},"num_concepts_raised":15991},{"base_id":147,"kind":"bot_words","i1":5,"i2":9,"sol":{"path":["/c/en/semen","/c/en/seed","/c/ro/scălan","/c/en/grapes"],"weight":0.22033999999999965,"degrees":[605,1813,28,75]},"num_concepts_raised":22902},{"base_id":147,"kind":"bot_words","i1":6,"i2":7,"sol":{"path":["/c/en/float","/c/en/uk","/c/en/thee","/c/en/ith"],"weight":0.2190299999999984,"degrees":[827,5562,117,24]},"num_concepts_raised":97562},{"base_id":147,"kind":"bot_words","i1":6,"i2":8,"sol":{"path":["/c/en/float","/c/en/british","/c/en/comprehensive","/c/en/encyclopaedic"],"weight":0.21291999999999842,"degrees":[827,3452,297,23]},"num_concepts_raised":90564},{"base_id":147,"kind":"bot_words","i1":6,"i2":9,"sol":{"path":["/c/en/float","/c/en/water","/c/en/grape","/c/en/grapes"],"weight":0.2153499999999982,"degrees":[827,4606,1090,75]},"num_concepts_raised":97047},{"base_id":147,"kind":"bot_words","i1":7,"i2":8,"sol":{"path":["/c/en/ith","/c/en/mathematics","/c/en/term","/c/en/encyclopedic","/c/en/encyclopaedic"],"weight":0.20989999999999992,"degrees":[24,7601,1089,81,23]},"num_concepts_raised":8719},{"base_id":147,"kind":"bot_words","i1":7,"i2":9,"sol":{"path":["/c/en/ith","/c/en/thee","/c/en/uk","/c/en/grape","/c/en/grapes"],"weight":0.2115299999999997,"degrees":[24,117,5562,1090,75]},"num_concepts_raised":15959},{"base_id":147,"kind":"bot_words","i1":8,"i2":9,"sol":{"path":["/c/en/encyclopaedic","/c/en/comprehensive","/c/en/generic","/c/en/grape","/c/en/grapes"],"weight":0.20550999999999972,"degrees":[23,297,341,1090,75]},"num_concepts_raised":7967}],[{"base_id":147,"kind":"top_words","i1":0,"i2":1,"sol":{"path":["/c/en/rt","/c/en/arabic","/c/en/lives","/c/en/mole","/c/en/mol"],"weight":0.2152799999999997,"degrees":[52,479,52,1084,34]},"num_concepts_raised":38349},{"base_id":147,"kind":"top_words","i1":0,"i2":2,"sol":{"path":["/c/en/rt","/c/en/arabic","/c/en/english","/c/en/minister","/c/en/reverend"],"weight":0.20914999999999967,"degrees":[52,479,954,665,107]},"num_concepts_raised":8351},{"base_id":147,"kind":"top_words","i1":0,"i2":3,"sol":{"path":["/c/en/rt","/c/en/english_language","/c/en/freedom","/c/en/revolution","/c/en/rev"],"weight":0.20919999999999972,"degrees":[52,579,604,539,46]},"num_concepts_raised":6152},{"base_id":147,"kind":"top_words","i1":0,"i2":4,"sol":{"path":["/c/en/rt","/c/en/rtos","/c/en/computing","/c/en/hungarian","/c/en/magyar"],"weight":0.21169999999999964,"degrees":[52,14,9084,218,51]},"num_concepts_raised":16470},{"base_id":147,"kind":"top_words","i1":0,"i2":5,"sol":{"path":["/c/en/rt","/c/en/arabic","/c/en/country","/c/en/province","/c/en/eparchy"],"weight":0.20821999999999968,"degrees":[52,479,2796,1040,41]},"num_concepts_raised":7950},{"base_id":147,"kind":"top_words","i1":0,"i2":6,"sol":{"path":["/c/en/rt","/c/en/english_language","/c/en/coma","/c/en/bad","/c/en/mal"],"weight":0.2082899999999997,"degrees":[52,579,293,1728,45]},"num_concepts_raised":8498},{"base_id":147,"kind":"top_words","i1":0,"i2":7,"sol":{"path":["/c/en/rt","/c/en/english_language","/c/en/line","/c/en/bishop"],"weight":0.228719999999999,"degrees":[52,579,3018,922]},"num_concepts_raised":112684},{"base_id":147,"kind":"top_words","i1":0,"i2":8,"sol":{"path":["/c/en/rt","/c/en/english_language","/c/en/city","/c/en/esztergom"],"weight":0.21365999999999977,"degrees":[52,579,3758,74]},"num_concepts_raised":114230},{"base_id":147,"kind":"top_words","i1":0,"i2":9,"sol":{"path":["/c/en/rt","/c/en/arabic","/c/en/nun","/c/en/priest","/c/en/monsignor"],"weight":0.20919999999999978,"degrees":[52,479,478,1101,37]},"num_concepts_raised":2832},{"base_id":147,"kind":"top_words","i1":1,"i2":2,"sol":{"path":["/c/en/mol","/c/en/chemistry","/c/en/sublime","/c/en/reverend"],"weight":0.20897999999999978,"degrees":[34,11754,228,107]},"num_concepts_raised":43950},{"base_id":147,"kind":"top_words","i1":1,"i2":3,"sol":{"path":["/c/en/mol","/c/en/physics","/c/en/speed","/c/en/rev"],"weight":0.20804999999999985,"degrees":[34,9094,938,46]},"num_concepts_raised":41717},{"base_id":147,"kind":"top_words","i1":1,"i2":4,"sol":{"path":["/c/en/mol","/c/en/village","/c/en/human","/c/en/magyar"],"weight":0.20821999999999977,"degrees":[34,1480,2645,51]},"num_concepts_raised":52057},{"base_id":147,"kind":"top_words","i1":1,"i2":5,"sol":{"path":["/c/en/mol","/c/en/vojvodina","/c/en/province","/c/en/eparchy"],"weight":0.2079899999999998,"degrees":[34,106,1040,41]},"num_concepts_raised":43531},{"base_id":147,"kind":"top_words","i1":1,"i2":6,"sol":{"path":["/c/en/mol","/c/en/mole","/c/en/bad","/c/en/mal"],"weight":0.2103599999999998,"degrees":[34,1084,1728,45]},"num_concepts_raised":44110},{"base_id":147,"kind":"top_words","i1":1,"i2":7,"sol":{"path":["/c/en/mol","/c/en/village","/c/en/pope","/c/en/bishop"],"weight":0.2332799999999991,"degrees":[34,1480,607,922]},"num_concepts_raised":147555},{"base_id":147,"kind":"top_words","i1":1,"i2":8,"sol":{"path":["/c/en/mol","/c/en/village","/c/en/city","/c/en/esztergom"],"weight":0.21356999999999987,"degrees":[34,1480,3758,74]},"num_concepts_raised":149674},{"base_id":147,"kind":"top_words","i1":1,"i2":9,"sol":{"path":["/c/en/mol","/c/en/mole","/c/en/little","/c/en/priest","/c/en/monsignor"],"weight":0.21124999999999988,"degrees":[34,1084,1887,1101,37]},"num_concepts_raised":38514},{"base_id":147,"kind":"top_words","i1":2,"i2":3,"sol":{"path":["/c/en/reverend","/c/en/title","/c/en/rev"],"weight":0.202,"degrees":[107,1021,46]},"num_concepts_raised":120},{"base_id":147,"kind":"top_words","i1":2,"i2":4,"sol":{"path":["/c/en/reverend","/c/en/minister","/c/en/person","/c/en/magyar"],"weight":0.20433999999999974,"degrees":[107,665,12935,51]},"num_concepts_raised":21921},{"base_id":147,"kind":"top_words","i1":2,"i2":5,"sol":{"path":["/c/en/reverend","/c/en/christian","/c/en/eparchy"],"weight":0.202,"degrees":[107,813,41]},"num_concepts_raised":124},{"base_id":147,"kind":"top_words","i1":2,"i2":6,"sol":{"path":["/c/en/reverend","/c/en/worthy","/c/en/bad","/c/en/mal"],"weight":0.20408999999999977,"degrees":[107,465,1728,45]},"num_concepts_raised":14026},{"base_id":147,"kind":"top_words","i1":2,"i2":7,"sol":{"path":["/c/en/reverend","/c/en/clergyman","/c/en/bishop"],"weight":0.20800000000000002,"degrees":[107,266,922]},"num_concepts_raised":752},{"base_id":147,"kind":"top_words","i1":2,"i2":8,"sol":{"path":["/c/en/reverend","/c/en/clergyman","/c/en/pope","/c/en/city","/c/en/esztergom"],"weight":0.21065999999999985,"degrees":[107,266,607,3758,74]},"num_concepts_raised":119871},{"base_id":147,"kind":"top_words","i1":2,"i2":9,"sol":{"path":["/c/en/reverend","/c/en/pastor","/c/en/monsignor"],"weight":0.202,"degrees":[107,234,37]},"num_concepts_raised":113},{"base_id":147,"kind":"top_words","i1":3,"i2":4,"sol":{"path":["/c/en/rev","/c/en/speed","/c/en/person","/c/en/magyar"],"weight":0.20325999999999977,"degrees":[46,938,12935,51]},"num_concepts_raised":19879},{"base_id":147,"kind":"top_words","i1":3,"i2":5,"sol":{"path":["/c/en/rev","/c/en/revolution","/c/en/circuit","/c/en/province","/c/en/eparchy"],"weight":0.20418999999999982,"degrees":[46,539,522,1040,41]},"num_concepts_raised":11427},{"base_id":147,"kind":"top_words","i1":3,"i2":6,"sol":{"path":["/c/en/rev","/c/en/title","/c/ko/달다","/c/en/mal"],"weight":0.20304999999999984,"degrees":[46,1021,37,45]},"num_concepts_raised":11932},{"base_id":147,"kind":"top_words","i1":3,"i2":7,"sol":{"path":["/c/en/rev","/c/en/title","/c/en/bishop"],"weight":0.20600000000000002,"degrees":[46,1021,922]},"num_concepts_raised":704},{"base_id":147,"kind":"top_words","i1":3,"i2":8,"sol":{"path":["/c/en/rev","/c/en/revolution","/c/arc/כרכא","/c/en/city","/c/en/esztergom"],"weight":0.2096899999999999,"degrees":[46,539,14,3758,74]},"num_concepts_raised":117695},{"base_id":147,"kind":"top_words","i1":3,"i2":9,"sol":{"path":["/c/en/rev","/c/en/title","/c/en/priest","/c/en/monsignor"],"weight":0.2041099999999999,"degrees":[46,1021,1101,37]},"num_concepts_raised":6292},{"base_id":147,"kind":"top_words","i1":4,"i2":5,"sol":{"path":["/c/en/magyar","/c/en/human","/c/en/state","/c/en/eparchy"],"weight":0.20323999999999973,"degrees":[51,2645,3243,41]},"num_concepts_raised":21672},{"base_id":147,"kind":"top_words","i1":4,"i2":6,"sol":{"path":["/c/en/magyar","/c/en/person","/c/en/bad","/c/en/mal"],"weight":0.20343999999999973,"degrees":[51,12935,1728,45]},"num_concepts_raised":22100},{"base_id":147,"kind":"top_words","i1":4,"i2":7,"sol":{"path":["/c/en/magyar","/c/en/person","/c/en/pope","/c/en/bishop"],"weight":0.22887999999999903,"degrees":[51,12935,607,922]},"num_concepts_raised":124804},{"base_id":147,"kind":"top_words","i1":4,"i2":8,"sol":{"path":["/c/en/magyar","/c/en/hungarian","/c/en/hungary","/c/en/esztergom"],"weight":0.21224999999999983,"degrees":[51,218,366,74]},"num_concepts_raised":127959},{"base_id":147,"kind":"top_words","i1":4,"i2":9,"sol":{"path":["/c/en/magyar","/c/en/person","/c/en/priest","/c/en/monsignor"],"weight":0.2043299999999998,"degrees":[51,12935,1101,37]},"num_concepts_raised":16628},{"base_id":147,"kind":"top_words","i1":5,"i2":6,"sol":{"path":["/c/en/eparchy","/c/en/state","/c/en/malcontent","/c/en/mal"],"weight":0.20300999999999975,"degrees":[41,3243,50,45]},"num_concepts_raised":13762},{"base_id":147,"kind":"top_words","i1":5,"i2":7,"sol":{"path":["/c/en/eparchy","/c/en/diocese","/c/en/bishop"],"weight":0.20800000000000002,"degrees":[41,228,922]},"num_concepts_raised":705},{"base_id":147,"kind":"top_words","i1":5,"i2":8,"sol":{"path":["/c/en/eparchy","/c/en/province","/c/en/city","/c/en/esztergom"],"weight":0.20864999999999984,"degrees":[41,1040,3758,74]},"num_concepts_raised":119238},{"base_id":147,"kind":"top_words","i1":5,"i2":9,"sol":{"path":["/c/en/eparchy","/c/en/metropolitan","/c/en/priest","/c/en/monsignor"],"weight":0.20402999999999982,"degrees":[41,151,1101,37]},"num_concepts_raised":8108},{"base_id":147,"kind":"top_words","i1":6,"i2":7,"sol":{"path":["/c/en/mal","/c/en/malibu","/c/en/california","/c/en/bishop"],"weight":0.2245699999999991,"degrees":[45,18,921,922]},"num_concepts_raised":117953},{"base_id":147,"kind":"top_words","i1":6,"i2":8,"sol":{"path":["/c/en/mal","/c/fr/mal","/c/fr/localités","/c/en/esztergom"],"weight":0.20875999999999986,"degrees":[45,764,110113,74]},"num_concepts_raised":120023},{"base_id":147,"kind":"top_words","i1":6,"i2":9,"sol":{"path":["/c/en/mal","/c/fr/mal","/c/fr/honneur","/c/fr/monseigneur","/c/en/monsignor"],"weight":0.20527999999999985,"degrees":[45,764,431,49,37]},"num_concepts_raised":8650},{"base_id":147,"kind":"top_words","i1":7,"i2":8,"sol":{"path":["/c/en/bishop","/c/en/pope","/c/en/city","/c/en/esztergom"],"weight":0.2340399999999992,"degrees":[922,607,3758,74]},"num_concepts_raised":223475},{"base_id":147,"kind":"top_words","i1":7,"i2":9,"sol":{"path":["/c/en/bishop","/c/en/priest","/c/en/monsignor"],"weight":0.20900000000000002,"degrees":[922,1101,37]},"num_concepts_raised":693},{"base_id":147,"kind":"top_words","i1":8,"i2":9,"sol":{"path":["/c/en/esztergom","/c/fr/localités","/c/fr/leur","/c/fr/monseigneur","/c/en/monsignor"],"weight":0.21065999999999993,"degrees":[74,110113,518,49,37]},"num_concepts_raised":114394}]]