[[{"base_id":751,"kind":"bot_words","i1":0,"i2":1,"sol":{"path":["/c/en/vinegary","/c/en/sour","/c/en/work","/c/en/ing","/c/en/tion"],"weight":0.20433999999999997,"degrees":[33,815,4013,255,111]},"num_concepts_raised":3964},{"base_id":751,"kind":"bot_words","i1":0,"i2":2,"sol":{"path":["/c/en/vinegary","/c/en/sarapatel","/c/en/india","/c/en/chit"],"weight":0.20339999999999978,"degrees":[33,11,1846,94]},"num_concepts_raised":39778},{"base_id":751,"kind":"bot_words","i1":0,"i2":3,"sol":{"path":["/c/en/vinegary","/c/en/ill_natured","/c/en/other","/c/en/company","/c/en/hitachi"],"weight":0.2112199999999998,"degrees":[33,89,970,2258,59]},"num_concepts_raised":6364},{"base_id":751,"kind":"bot_words","i1":0,"i2":4,"sol":{"path":["/c/en/vinegary","/c/en/ill_natured","/c/en/nature","/c/en/amphibian","/c/en/amphibia"],"weight":0.21093999999999988,"degrees":[33,89,1372,546,27]},"num_concepts_raised":4227},{"base_id":751,"kind":"bot_words","i1":0,"i2":5,"sol":{"path":["/c/en/vinegary","/c/en/sour","/c/en/new","/c/en/accustomed"],"weight":0.20501999999999937,"degrees":[33,815,1234,222]},"num_concepts_raised":8289},{"base_id":751,"kind":"bot_words","i1":0,"i2":6,"sol":{"path":["/c/en/vinegary","/c/fr/vinaigre","/c/fr/produit","/c/fr/insecticide","/c/en/insecticide"],"weight":0.2177699999999993,"degrees":[33,233,1060,285,327]},"num_concepts_raised":7910},{"base_id":751,"kind":"bot_words","i1":0,"i2":7,"sol":{"path":["/c/en/vinegary","/c/en/vinegarish","/c/pt/ácido","/c/en/slang","/c/en/foodie"],"weight":0.20403999999999992,"degrees":[33,29,33,16318,37]},"num_concepts_raised":20972},{"base_id":751,"kind":"bot_words","i1":0,"i2":8,"sol":{"path":["/c/en/vinegary","/c/en/ill_natured","/c/en/other","/c/en/company","/c/en/nokia"],"weight":0.2095599999999997,"degrees":[33,89,970,2258,99]},"num_concepts_raised":6726},{"base_id":751,"kind":"bot_words","i1":0,"i2":9,"sol":{"path":["/c/en/vinegary","/c/en/sour","/c/en/new","/c/en/copy","/c/en/cloning"],"weight":0.20472999999999986,"degrees":[33,815,1234,1022,78]},"num_concepts_raised":10987},{"base_id":751,"kind":"bot_words","i1":1,"i2":2,"sol":{"path":["/c/en/tion","/c/en/al","/c/en/us","/c/en/chit"],"weight":0.20662999999999984,"degrees":[111,153,8154,94]},"num_concepts_raised":39786},{"base_id":751,"kind":"bot_words","i1":1,"i2":3,"sol":{"path":["/c/en/tion","/c/en/ion","/c/en/company","/c/en/hitachi"],"weight":0.21143999999999985,"degrees":[111,512,2258,59]},"num_concepts_raised":6367},{"base_id":751,"kind":"bot_words","i1":1,"i2":4,"sol":{"path":["/c/en/tion","/c/fr/tion","/c/fr/zoologie","/c/ru/икра","/c/en/amphibia"],"weight":0.21012999999999996,"degrees":[111,60,9122,69,27]},"num_concepts_raised":4247},{"base_id":751,"kind":"bot_words","i1":1,"i2":5,"sol":{"path":["/c/en/tion","/c/en/ure","/c/en/accustom","/c/en/accustomed"],"weight":0.20718999999999943,"degrees":[111,45,129,222]},"num_concepts_raised":8308},{"base_id":751,"kind":"bot_words","i1":1,"i2":6,"sol":{"path":["/c/en/tion","/c/en/ing","/c/en/derivative","/c/en/organophosphate","/c/en/insecticide"],"weight":0.2150299999999994,"degrees":[111,255,901,86,327]},"num_concepts_raised":7938},{"base_id":751,"kind":"bot_words","i1":1,"i2":7,"sol":{"path":["/c/en/tion","/c/en/ic","/c/en/slang","/c/en/foodie"],"weight":0.20405999999999996,"degrees":[111,207,16318,37]},"num_concepts_raised":21022},{"base_id":751,"kind":"bot_words","i1":1,"i2":8,"sol":{"path":["/c/en/tion","/c/en/ion","/c/en/company","/c/en/nokia"],"weight":0.20977999999999974,"degrees":[111,512,2258,99]},"num_concepts_raised":6744},{"base_id":751,"kind":"bot_words","i1":1,"i2":9,"sol":{"path":["/c/en/tion","/c/en/ation","/c/en/action","/c/en/copy","/c/en/cloning"],"weight":0.2068699999999999,"degrees":[111,89,2156,1022,78]},"num_concepts_raised":10987},{"base_id":751,"kind":"bot_words","i1":2,"i2":3,"sol":{"path":["/c/en/chit","/c/en/scion","/c/en/company","/c/en/hitachi"],"weight":0.21086999999999967,"degrees":[94,231,2258,59]},"num_concepts_raised":41972},{"base_id":751,"kind":"bot_words","i1":2,"i2":4,"sol":{"path":["/c/en/chit","/c/en/slang","/c/en/class","/c/en/amphibia"],"weight":0.20953999999999973,"degrees":[94,16318,1926,27]},"num_concepts_raised":40015},{"base_id":751,"kind":"bot_words","i1":2,"i2":5,"sol":{"path":["/c/en/chit","/c/en/bud","/c/en/new","/c/en/accustomed"],"weight":0.20547999999999922,"degrees":[94,675,1234,222]},"num_concepts_raised":43931},{"base_id":751,"kind":"bot_words","i1":2,"i2":6,"sol":{"path":["/c/en/chit","/c/en/chat","/c/en/insect","/c/en/insecticide"],"weight":0.2141099999999992,"degrees":[94,567,2112,327]},"num_concepts_raised":43633},{"base_id":751,"kind":"bot_words","i1":2,"i2":7,"sol":{"path":["/c/en/chit","/c/en/slang","/c/en/foodie"],"weight":0.203,"degrees":[94,16318,37]},"num_concepts_raised":108},{"base_id":751,"kind":"bot_words","i1":2,"i2":8,"sol":{"path":["/c/en/chit","/c/en/scion","/c/en/company","/c/en/nokia"],"weight":0.20919999999999955,"degrees":[94,231,2258,99]},"num_concepts_raised":42317},{"base_id":751,"kind":"bot_words","i1":2,"i2":9,"sol":{"path":["/c/en/chit","/c/en/bud","/c/en/embryo","/c/en/cloning"],"weight":0.20408999999999972,"degrees":[94,675,553,78]},"num_concepts_raised":46633},{"base_id":751,"kind":"bot_words","i1":3,"i2":4,"sol":{"path":["/c/en/hitachi","/c/en/company","/c/en/people","/c/en/class","/c/en/amphibia"],"weight":0.21520999999999976,"degrees":[59,2258,4475,1926,27]},"num_concepts_raised":6621},{"base_id":751,"kind":"bot_words","i1":3,"i2":5,"sol":{"path":["/c/en/hitachi","/c/en/brand","/c/en/new","/c/en/accustomed"],"weight":0.21015999999999924,"degrees":[59,496,1234,222]},"num_concepts_raised":10678},{"base_id":751,"kind":"bot_words","i1":3,"i2":6,"sol":{"path":["/c/en/hitachi","/c/en/company","/c/en/guest","/c/en/insect","/c/en/insecticide"],"weight":0.22096999999999917,"degrees":[59,2258,657,2112,327]},"num_concepts_raised":10328},{"base_id":751,"kind":"bot_words","i1":3,"i2":7,"sol":{"path":["/c/en/hitachi","/c/en/japanese","/c/en/food","/c/en/foodie"],"weight":0.20829999999999976,"degrees":[59,660,4281,37]},"num_concepts_raised":23301},{"base_id":751,"kind":"bot_words","i1":3,"i2":8,"sol":{"path":["/c/en/hitachi","/c/en/company","/c/en/nokia"],"weight":0.20700000000000002,"degrees":[59,2258,99]},"num_concepts_raised":142},{"base_id":751,"kind":"bot_words","i1":3,"i2":9,"sol":{"path":["/c/en/hitachi","/c/ja/日立","/c/en/growth","/c/en/biology","/c/en/cloning"],"weight":0.2128999999999997,"degrees":[59,26,984,6216,78]},"num_concepts_raised":13376},{"base_id":751,"kind":"bot_words","i1":4,"i2":5,"sol":{"path":["/c/en/amphibia","/c/en/amphibian","/c/en/nest","/c/en/habitual","/c/en/accustomed"],"weight":0.21228999999999934,"degrees":[27,546,1196,166,222]},"num_concepts_raised":8562},{"base_id":751,"kind":"bot_words","i1":4,"i2":6,"sol":{"path":["/c/en/amphibia","/c/en/class","/c/en/neonicotinoid","/c/en/insecticide"],"weight":0.21646999999999927,"degrees":[27,1926,26,327]},"num_concepts_raised":8188},{"base_id":751,"kind":"bot_words","i1":4,"i2":7,"sol":{"path":["/c/en/amphibia","/c/en/class","/c/en/slang","/c/en/foodie"],"weight":0.20785999999999988,"degrees":[27,1926,16318,37]},"num_concepts_raised":21281},{"base_id":751,"kind":"bot_words","i1":4,"i2":8,"sol":{"path":["/c/en/amphibia","/c/en/class","/c/en/division","/c/en/company","/c/en/nokia"],"weight":0.21354999999999966,"degrees":[27,1926,1509,2258,99]},"num_concepts_raised":6981},{"base_id":751,"kind":"bot_words","i1":4,"i2":9,"sol":{"path":["/c/en/amphibia","/c/en/class","/c/en/biology","/c/en/cloning"],"weight":0.2084999999999998,"degrees":[27,1926,6216,78]},"num_concepts_raised":11190},{"base_id":751,"kind":"bot_words","i1":5,"i2":6,"sol":{"path":["/c/en/accustomed","/c/en/used_to","/c/en/usta","/c/en/insect","/c/en/insecticide"],"weight":0.21615999999999877,"degrees":[222,146,15,2112,327]},"num_concepts_raised":12258},{"base_id":751,"kind":"bot_words","i1":5,"i2":7,"sol":{"path":["/c/en/accustomed","/c/en/usual","/c/en/normal","/c/en/slang","/c/en/foodie"],"weight":0.20650999999999936,"degrees":[222,445,604,16318,37]},"num_concepts_raised":25247},{"base_id":751,"kind":"bot_words","i1":5,"i2":8,"sol":{"path":["/c/en/accustomed","/c/en/new","/c/en/brand","/c/ja/ノキア","/c/en/nokia"],"weight":0.21257999999999916,"degrees":[222,1234,496,6,99]},"num_concepts_raised":11039},{"base_id":751,"kind":"bot_words","i1":5,"i2":9,"sol":{"path":["/c/en/accustomed","/c/en/new","/c/en/copy","/c/en/cloning"],"weight":0.2065799999999993,"degrees":[222,1234,1022,78]},"num_concepts_raised":15303},{"base_id":751,"kind":"bot_words","i1":6,"i2":7,"sol":{"path":["/c/en/insecticide","/c/ja/薬","/c/en/slang","/c/en/foodie"],"weight":0.21146999999999933,"degrees":[327,155,16318,37]},"num_concepts_raised":24899},{"base_id":751,"kind":"bot_words","i1":6,"i2":8,"sol":{"path":["/c/en/insecticide","/c/en/insect","/c/en/group","/c/en/company","/c/en/nokia"],"weight":0.21929999999999908,"degrees":[327,2112,2339,2258,99]},"num_concepts_raised":10691},{"base_id":751,"kind":"bot_words","i1":6,"i2":9,"sol":{"path":["/c/en/insecticide","/c/en/suicide","/c/en/human_activity","/c/en/cloning"],"weight":0.21200999999999923,"degrees":[327,506,264,78]},"num_concepts_raised":14912},{"base_id":751,"kind":"bot_words","i1":7,"i2":8,"sol":{"path":["/c/en/foodie","/c/en/food","/c/en/market","/c/en/town","/c/en/nokia"],"weight":0.20875999999999967,"degrees":[37,4281,1406,2220,99]},"num_concepts_raised":23703},{"base_id":751,"kind":"bot_words","i1":7,"i2":9,"sol":{"path":["/c/en/foodie","/c/en/slang","/c/en/selfcest","/c/en/clone","/c/en/cloning"],"weight":0.20565999999999984,"degrees":[37,16318,9,155,78]},"num_concepts_raised":27973},{"base_id":751,"kind":"bot_words","i1":8,"i2":9,"sol":{"path":["/c/en/nokia","/c/en/company","/c/en/xerox","/c/en/copy","/c/en/cloning"],"weight":0.2103399999999996,"degrees":[99,2258,169,1022,78]},"num_concepts_raised":13754}],[{"base_id":751,"kind":"top_words","i1":0,"i2":1,"sol":{"path":["/c/en/graham","/c/en/graham_cracker","/c/en/us","/c/en/sit","/c/en/arbour"],"weight":0.21236999999999973,"degrees":[54,26,8154,788,45]},"num_concepts_raised":13905},{"base_id":751,"kind":"top_words","i1":0,"i2":2,"sol":{"path":["/c/en/graham","/c/en/county_seat","/c/en/government","/c/en/prosecutor"],"weight":0.2155799999999995,"degrees":[54,2497,2046,220]},"num_concepts_raised":43039},{"base_id":751,"kind":"top_words","i1":0,"i2":3,"sol":{"path":["/c/en/graham","/c/en/washington","/c/en/slang","/c/en/downer"],"weight":0.20812999999999982,"degrees":[54,601,16318,24]},"num_concepts_raised":35046},{"base_id":751,"kind":"top_words","i1":0,"i2":4,"sol":{"path":["/c/en/graham","/c/en/graham_cracker","/c/en/us","/c/en/rick","/c/en/rix"],"weight":0.21423999999999904,"degrees":[54,26,8154,102,230]},"num_concepts_raised":16849},{"base_id":751,"kind":"top_words","i1":0,"i2":5,"sol":{"path":["/c/en/graham","/c/en/graham_cracker","/c/en/us","/c/en/plant","/c/en/parsley"],"weight":0.22204999999999991,"degrees":[54,26,8154,7959,348]},"num_concepts_raised":21564},{"base_id":751,"kind":"top_words","i1":0,"i2":6,"sol":{"path":["/c/en/graham","/c/en/evangelist","/c/en/person","/c/en/zoroaster","/c/en/zarathustra"],"weight":0.20925999999999978,"degrees":[54,152,12935,144,27]},"num_concepts_raised":9999},{"base_id":751,"kind":"top_words","i1":0,"i2":7,"sol":{"path":["/c/en/graham","/c/en/washington","/c/en/horse","/c/en/spear","/c/en/spearman"],"weight":0.21014999999999978,"degrees":[54,601,3068,765,25]},"num_concepts_raised":10427},{"base_id":751,"kind":"top_words","i1":0,"i2":8,"sol":{"path":["/c/en/graham","/c/en/indiana","/c/en/moscow","/c/en/domodedovo"],"weight":0.20813999999999977,"degrees":[54,626,345,29]},"num_concepts_raised":11269},{"base_id":751,"kind":"top_words","i1":0,"i2":9,"sol":{"path":["/c/en/graham","/c/en/kentucky","/c/en/coin","/c/en/crusade","/c/en/crusades"],"weight":0.21610999999999947,"degrees":[54,508,1336,217,106]},"num_concepts_raised":10363},{"base_id":751,"kind":"top_words","i1":1,"i2":2,"sol":{"path":["/c/en/arbour","/c/en/sit","/c/en/legal","/c/en/prosecutor"],"weight":0.21065999999999951,"degrees":[45,788,6627,220]},"num_concepts_raised":37157},{"base_id":751,"kind":"top_words","i1":1,"i2":3,"sol":{"path":["/c/en/arbour","/c/en/place","/c/en/down","/c/en/downer"],"weight":0.2038399999999998,"degrees":[45,3314,1533,24]},"num_concepts_raised":29468},{"base_id":751,"kind":"top_words","i1":1,"i2":4,"sol":{"path":["/c/en/arbour","/c/en/arbor","/c/en/axis","/c/en/a","/c/en/rix"],"weight":0.20619999999999908,"degrees":[45,139,735,1436,230]},"num_concepts_raised":11214},{"base_id":751,"kind":"top_words","i1":1,"i2":5,"sol":{"path":["/c/en/arbour","/c/en/arbor","/c/en/herb","/c/en/parsley"],"weight":0.21489999999999992,"degrees":[45,139,1259,348]},"num_concepts_raised":15911},{"base_id":751,"kind":"top_words","i1":1,"i2":6,"sol":{"path":["/c/en/arbour","/c/en/place","/c/en/person","/c/en/zoroaster","/c/en/zarathustra"],"weight":0.2040599999999998,"degrees":[45,3314,12935,144,27]},"num_concepts_raised":4358},{"base_id":751,"kind":"top_words","i1":1,"i2":7,"sol":{"path":["/c/en/arbour","/c/en/arbor","/c/en/shaft","/c/en/spear","/c/en/spearman"],"weight":0.2050799999999998,"degrees":[45,139,621,765,25]},"num_concepts_raised":4785},{"base_id":751,"kind":"top_words","i1":1,"i2":8,"sol":{"path":["/c/en/arbour","/c/en/arbor","/c/en/bar","/c/en/airport","/c/en/domodedovo"],"weight":0.2030499999999998,"degrees":[45,139,1972,644,29]},"num_concepts_raised":5658},{"base_id":751,"kind":"top_words","i1":1,"i2":9,"sol":{"path":["/c/en/arbour","/c/en/place","/c/en/fight","/c/en/crusade","/c/en/crusades"],"weight":0.21084999999999948,"degrees":[45,3314,1902,217,106]},"num_concepts_raised":4724},{"base_id":751,"kind":"top_words","i1":2,"i2":3,"sol":{"path":["/c/en/prosecutor","/c/en/law","/c/en/slang","/c/en/downer"],"weight":0.2124099999999996,"degrees":[220,3727,16318,24]},"num_concepts_raised":58136},{"base_id":751,"kind":"top_words","i1":2,"i2":4,"sol":{"path":["/c/en/prosecutor","/c/en/prosecutrix","/c/en/rix"],"weight":0.20400000000000001,"degrees":[220,5,230]},"num_concepts_raised":392},{"base_id":751,"kind":"top_words","i1":2,"i2":5,"sol":{"path":["/c/en/prosecutor","/c/en/person","/c/en/plant","/c/en/parsley"],"weight":0.21990999999999972,"degrees":[220,12935,7959,348]},"num_concepts_raised":45184},{"base_id":751,"kind":"top_words","i1":2,"i2":6,"sol":{"path":["/c/en/prosecutor","/c/en/person","/c/en/zoroaster","/c/en/zarathustra"],"weight":0.21131999999999962,"degrees":[220,12935,144,27]},"num_concepts_raised":33775},{"base_id":751,"kind":"top_words","i1":2,"i2":7,"sol":{"path":["/c/en/prosecutor","/c/en/law","/c/en/spear_penny","/c/en/spear","/c/en/spearman"],"weight":0.21442999999999957,"degrees":[220,3727,25,765,25]},"num_concepts_raised":34189},{"base_id":751,"kind":"top_words","i1":2,"i2":8,"sol":{"path":["/c/en/prosecutor","/c/en/government","/c/en/moscow","/c/en/domodedovo"],"weight":0.21015999999999957,"degrees":[220,2046,345,29]},"num_concepts_raised":35046},{"base_id":751,"kind":"top_words","i1":2,"i2":9,"sol":{"path":["/c/en/prosecutor","/c/en/legal","/c/en/cross","/c/en/crusade","/c/en/crusades"],"weight":0.21855999999999925,"degrees":[220,6627,1512,217,106]},"num_concepts_raised":34134},{"base_id":751,"kind":"top_words","i1":3,"i2":4,"sol":{"path":["/c/en/downer","/c/en/slang","/c/en/a","/c/en/rix"],"weight":0.20590999999999918,"degrees":[24,16318,1436,230]},"num_concepts_raised":32439},{"base_id":751,"kind":"top_words","i1":3,"i2":5,"sol":{"path":["/c/en/downer","/c/en/slang","/c/en/herb","/c/en/parsley"],"weight":0.21453,"degrees":[24,16318,1259,348]},"num_concepts_raised":37110},{"base_id":751,"kind":"top_words","i1":3,"i2":6,"sol":{"path":["/c/en/downer","/c/en/down","/c/en/person","/c/en/zoroaster","/c/en/zarathustra"],"weight":0.2049199999999999,"degrees":[24,1533,12935,144,27]},"num_concepts_raised":25700},{"base_id":751,"kind":"top_words","i1":3,"i2":7,"sol":{"path":["/c/en/downer","/c/en/down","/c/en/feather","/c/en/spear","/c/en/spearman"],"weight":0.20569999999999988,"degrees":[24,1533,920,765,25]},"num_concepts_raised":26107},{"base_id":751,"kind":"top_words","i1":3,"i2":8,"sol":{"path":["/c/en/downer","/c/en/down","/c/en/polish","/c/en/russia","/c/en/domodedovo"],"weight":0.2037099999999999,"degrees":[24,1533,1193,984,29]},"num_concepts_raised":26992},{"base_id":751,"kind":"top_words","i1":3,"i2":9,"sol":{"path":["/c/en/downer","/c/en/down","/c/en/press","/c/en/crusade","/c/en/crusades"],"weight":0.21168999999999955,"degrees":[24,1533,1438,217,106]},"num_concepts_raised":26059},{"base_id":751,"kind":"top_words","i1":4,"i2":5,"sol":{"path":["/c/en/rix","/c/en/matrix","/c/en/plate","/c/en/parsley"],"weight":0.21435999999999927,"degrees":[230,526,1940,348]},"num_concepts_raised":18938},{"base_id":751,"kind":"top_words","i1":4,"i2":6,"sol":{"path":["/c/en/rix","/c/en/rich","/c/en/person","/c/en/zoroaster","/c/en/zarathustra"],"weight":0.20594999999999916,"degrees":[230,1109,12935,144,27]},"num_concepts_raised":7302},{"base_id":751,"kind":"top_words","i1":4,"i2":7,"sol":{"path":["/c/en/rix","/c/en/a","/c/en/horse","/c/en/spear","/c/en/spearman"],"weight":0.20788999999999913,"degrees":[230,1436,3068,765,25]},"num_concepts_raised":7727},{"base_id":751,"kind":"top_words","i1":4,"i2":8,"sol":{"path":["/c/en/rix","/c/en/a","/c/en/historical","/c/en/russia","/c/en/domodedovo"],"weight":0.20593999999999912,"degrees":[230,1436,8415,984,29]},"num_concepts_raised":8603},{"base_id":751,"kind":"top_words","i1":4,"i2":9,"sol":{"path":["/c/en/rix","/c/en/agitatrix","/c/en/agitate","/c/en/crusade","/c/en/crusades"],"weight":0.21270999999999882,"degrees":[230,8,470,217,106]},"num_concepts_raised":7666},{"base_id":751,"kind":"top_words","i1":5,"i2":6,"sol":{"path":["/c/en/parsley","/c/en/plant","/c/en/person","/c/en/zoroaster","/c/en/zarathustra"],"weight":0.21373000000000003,"degrees":[348,7959,12935,144,27]},"num_concepts_raised":12105},{"base_id":751,"kind":"top_words","i1":5,"i2":7,"sol":{"path":["/c/en/parsley","/c/en/herb","/c/en/vegetable","/c/en/spear","/c/en/spearman"],"weight":0.21659,"degrees":[348,1259,1060,765,25]},"num_concepts_raised":12527},{"base_id":751,"kind":"top_words","i1":5,"i2":8,"sol":{"path":["/c/en/parsley","/c/en/plant","/c/en/factory","/c/en/russia","/c/en/domodedovo"],"weight":0.21258,"degrees":[348,7959,910,984,29]},"num_concepts_raised":13408},{"base_id":751,"kind":"top_words","i1":5,"i2":9,"sol":{"path":["/c/en/parsley","/c/en/herb","/c/en/crucifer","/c/en/crusade","/c/en/crusades"],"weight":0.22251999999999966,"degrees":[348,1259,58,217,106]},"num_concepts_raised":12468},{"base_id":751,"kind":"top_words","i1":6,"i2":7,"sol":{"path":["/c/en/zarathustra","/c/en/zoroaster","/c/en/person","/c/en/fish","/c/en/spear","/c/en/spearman"],"weight":0.21210399999999982,"degrees":[27,144,12935,4424,765,25]},"num_concepts_raised":63379},{"base_id":751,"kind":"top_words","i1":6,"i2":8,"sol":{"path":["/c/en/zarathustra","/c/en/zoroaster","/c/en/person","/c/en/rus","/c/en/russia","/c/en/domodedovo"],"weight":0.2077432999999998,"degrees":[27,144,12935,93,984,29]},"num_concepts_raised":207116},{"base_id":751,"kind":"top_words","i1":6,"i2":9,"sol":{"path":["/c/en/zarathustra","/c/en/zoroaster","/c/en/person","/c/en/cross","/c/en/crusade","/c/en/crusades"],"weight":0.2171582999999993,"degrees":[27,144,12935,1512,217,106]},"num_concepts_raised":55576},{"base_id":751,"kind":"top_words","i1":7,"i2":8,"sol":{"path":["/c/en/spearman","/c/en/spear","/c/en/fish","/c/en/kaluga","/c/en/russia","/c/en/domodedovo"],"weight":0.20963609999999977,"degrees":[25,765,4424,62,984,29]},"num_concepts_raised":224382},{"base_id":751,"kind":"top_words","i1":7,"i2":9,"sol":{"path":["/c/en/spearman","/c/en/spear","/c/en/spearhead","/c/en/campaign","/c/en/crusade","/c/en/crusades"],"weight":0.2192666999999993,"degrees":[25,765,116,488,217,106]},"num_concepts_raised":73512},{"base_id":751,"kind":"top_words","i1":8,"i2":9,"sol":{"path":["/c/en/domodedovo","/c/en/russia","/c/en/historical","/c/zh/十字軍","/c/en/crusades"],"weight":0.20849999999999955,"degrees":[29,984,8415,8,106]},"num_concepts_raised":2046}]]