[[{"base_id":995,"kind":"bot_words","i1":0,"i2":1,"sol":{"path":["/c/en/antwerp","/c/en/eponymous","/c/en/person","/c/en/innovator","/c/en/innovation"],"weight":0.21236999999999967,"degrees":[47,60,12935,56,205]},"num_concepts_raised":10328},{"base_id":995,"kind":"bot_words","i1":0,"i2":2,"sol":{"path":["/c/en/antwerp","/c/en/belgium","/c/en/dutch","/c/en/disease","/c/en/morbid"],"weight":0.20581999999999945,"degrees":[47,860,317,4216,172]},"num_concepts_raised":15486},{"base_id":995,"kind":"bot_words","i1":0,"i2":3,"sol":{"path":["/c/en/antwerp","/c/en/populous","/c/en/people","/c/en/humanity"],"weight":0.2077499999999996,"degrees":[47,84,4475,299]},"num_concepts_raised":31559},{"base_id":995,"kind":"bot_words","i1":0,"i2":4,"sol":{"path":["/c/en/antwerp","/c/en/belgium","/c/nl/braderij","/c/en/business","/c/en/bookkeeper"],"weight":0.20446999999999974,"degrees":[47,860,7,2538,67]},"num_concepts_raised":7716},{"base_id":995,"kind":"bot_words","i1":0,"i2":5,"sol":{"path":["/c/en/antwerp","/c/en/lier","/c/en/horizontal","/c/en/orientation"],"weight":0.2061099999999991,"degrees":[47,21,539,325]},"num_concepts_raised":33429},{"base_id":995,"kind":"bot_words","i1":0,"i2":6,"sol":{"path":["/c/en/antwerp","/c/en/belgium","/c/en/state","/c/en/process","/c/en/drug","/c/en/sunitinib"],"weight":0.21297209999999905,"degrees":[47,860,3243,1571,4920,29]},"num_concepts_raised":403133},{"base_id":995,"kind":"bot_words","i1":0,"i2":7,"sol":{"path":["/c/en/antwerp","/c/en/belgium","/c/en/germany","/c/en/red","/c/en/blushing"],"weight":0.20448999999999967,"degrees":[47,860,1036,1983,63]},"num_concepts_raised":6584},{"base_id":995,"kind":"bot_words","i1":0,"i2":8,"sol":{"path":["/c/en/antwerp","/c/en/belgium","/c/nl/ne_post_pakken","/c/en/fall","/c/en/seasons"],"weight":0.2094399999999997,"degrees":[47,860,4,2357,47]},"num_concepts_raised":11782},{"base_id":995,"kind":"bot_words","i1":0,"i2":9,"sol":{"path":["/c/en/antwerp","/c/en/belgium","/c/en/french","/c/en/hand","/c/en/handcuffs"],"weight":0.20590999999999982,"degrees":[47,860,800,2596,152]},"num_concepts_raised":10642},{"base_id":995,"kind":"bot_words","i1":1,"i2":2,"sol":{"path":["/c/en/innovation","/c/en/invention","/c/en/concoction","/c/en/morbid"],"weight":0.21184999999999937,"degrees":[205,457,116,172]},"num_concepts_raised":21151},{"base_id":995,"kind":"bot_words","i1":1,"i2":3,"sol":{"path":["/c/en/innovation","/c/en/creating_idea","/c/en/human","/c/en/humanity"],"weight":0.21626999999999952,"degrees":[205,91,2645,299]},"num_concepts_raised":37018},{"base_id":995,"kind":"bot_words","i1":1,"i2":4,"sol":{"path":["/c/en/innovation","/c/en/shoot","/c/en/record","/c/en/bookkeeper"],"weight":0.21047999999999967,"degrees":[205,1406,1856,67]},"num_concepts_raised":13373},{"base_id":995,"kind":"bot_words","i1":1,"i2":5,"sol":{"path":["/c/en/innovation","/c/en/introduction","/c/en/orientation"],"weight":0.20400000000000001,"degrees":[205,503,325]},"num_concepts_raised":425},{"base_id":995,"kind":"bot_words","i1":1,"i2":6,"sol":{"path":["/c/en/innovation","/c/en/shoot","/c/en/drug","/c/en/sunitinib"],"weight":0.21497999999999967,"degrees":[205,1406,4920,29]},"num_concepts_raised":14035},{"base_id":995,"kind":"bot_words","i1":1,"i2":7,"sol":{"path":["/c/en/innovation","/c/ja/こうしん","/c/en/red","/c/en/blushing"],"weight":0.21047999999999958,"degrees":[205,39,1983,63]},"num_concepts_raised":12299},{"base_id":995,"kind":"bot_words","i1":1,"i2":8,"sol":{"path":["/c/en/innovation","/c/en/new","/c/en/year","/c/en/seasons"],"weight":0.21542999999999962,"degrees":[205,1234,1951,47]},"num_concepts_raised":17425},{"base_id":995,"kind":"bot_words","i1":1,"i2":9,"sol":{"path":["/c/en/innovation","/c/en/invention","/c/en/device","/c/en/handcuff","/c/en/handcuffs"],"weight":0.2166799999999997,"degrees":[205,457,2078,100,152]},"num_concepts_raised":16305},{"base_id":995,"kind":"bot_words","i1":2,"i2":3,"sol":{"path":["/c/en/morbid","/c/en/die","/c/en/human","/c/en/humanity"],"weight":0.21070999999999931,"degrees":[172,2528,2645,299]},"num_concepts_raised":41932},{"base_id":995,"kind":"bot_words","i1":2,"i2":4,"sol":{"path":["/c/en/morbid","/c/en/black","/c/en/record","/c/en/bookkeeper"],"weight":0.20490999999999945,"degrees":[172,1965,1856,67]},"num_concepts_raised":18590},{"base_id":995,"kind":"bot_words","i1":2,"i2":5,"sol":{"path":["/c/en/morbid","/c/en/disease","/c/en/sign","/c/en/orientation"],"weight":0.20773999999999884,"degrees":[172,4216,2004,325]},"num_concepts_raised":43988},{"base_id":995,"kind":"bot_words","i1":2,"i2":6,"sol":{"path":["/c/en/morbid","/c/en/disease","/c/en/carcinoma","/c/en/sunitinib"],"weight":0.20951999999999948,"degrees":[172,4216,159,29]},"num_concepts_raised":19055},{"base_id":995,"kind":"bot_words","i1":2,"i2":7,"sol":{"path":["/c/en/morbid","/c/en/black","/c/en/red","/c/en/blushing"],"weight":0.20491999999999938,"degrees":[172,1965,1983,63]},"num_concepts_raised":17374},{"base_id":995,"kind":"bot_words","i1":2,"i2":8,"sol":{"path":["/c/en/morbid","/c/en/disease","/c/en/fall","/c/en/seasons"],"weight":0.20996999999999943,"degrees":[172,4216,2357,47]},"num_concepts_raised":22481},{"base_id":995,"kind":"bot_words","i1":2,"i2":9,"sol":{"path":["/c/en/morbid","/c/en/batten","/c/en/metal","/c/en/handcuffs"],"weight":0.20617999999999953,"degrees":[172,151,2107,152]},"num_concepts_raised":21443},{"base_id":995,"kind":"bot_words","i1":3,"i2":4,"sol":{"path":["/c/en/humanity","/c/en/world","/c/en/record","/c/en/bookkeeper"],"weight":0.20822999999999958,"degrees":[299,1629,1856,67]},"num_concepts_raised":34522},{"base_id":995,"kind":"bot_words","i1":3,"i2":5,"sol":{"path":["/c/en/humanity","/c/en/human","/c/en/attitude","/c/en/orientation"],"weight":0.21440999999999896,"degrees":[299,2645,525,325]},"num_concepts_raised":59141},{"base_id":995,"kind":"bot_words","i1":3,"i2":6,"sol":{"path":["/c/en/humanity","/c/en/human","/c/en/body","/c/en/drug","/c/en/sunitinib"],"weight":0.21410999999999963,"degrees":[299,2645,3170,4920,29]},"num_concepts_raised":35243},{"base_id":995,"kind":"bot_words","i1":3,"i2":7,"sol":{"path":["/c/en/humanity","/c/en/human","/c/en/cheek","/c/en/blushing"],"weight":0.20932999999999952,"degrees":[299,2645,741,63]},"num_concepts_raised":33460},{"base_id":995,"kind":"bot_words","i1":3,"i2":8,"sol":{"path":["/c/en/humanity","/c/en/earth","/c/en/year","/c/en/seasons"],"weight":0.21172999999999959,"degrees":[299,2336,1951,47]},"num_concepts_raised":38525},{"base_id":995,"kind":"bot_words","i1":3,"i2":9,"sol":{"path":["/c/en/humanity","/c/en/human","/c/en/hand","/c/en/handcuffs"],"weight":0.21091999999999966,"degrees":[299,2645,2596,152]},"num_concepts_raised":37350},{"base_id":995,"kind":"bot_words","i1":4,"i2":5,"sol":{"path":["/c/en/bookkeeper","/c/en/record","/c/en/turn","/c/en/orientation"],"weight":0.20649999999999913,"degrees":[67,1856,2413,325]},"num_concepts_raised":36235},{"base_id":995,"kind":"bot_words","i1":4,"i2":6,"sol":{"path":["/c/en/bookkeeper","/c/en/record","/c/en/stuff","/c/en/drug","/c/en/sunitinib"],"weight":0.20822999999999975,"degrees":[67,1856,836,4920,29]},"num_concepts_raised":11436},{"base_id":995,"kind":"bot_words","i1":4,"i2":7,"sol":{"path":["/c/en/bookkeeper","/c/en/record","/c/en/red","/c/en/blushing"],"weight":0.20369999999999966,"degrees":[67,1856,1983,63]},"num_concepts_raised":9739},{"base_id":995,"kind":"bot_words","i1":4,"i2":8,"sol":{"path":["/c/en/bookkeeper","/c/en/record","/c/en/turn","/c/en/season","/c/en/seasons"],"weight":0.2127399999999997,"degrees":[67,1856,2413,1145,47]},"num_concepts_raised":14889},{"base_id":995,"kind":"bot_words","i1":4,"i2":9,"sol":{"path":["/c/en/bookkeeper","/c/en/business","/c/en/chain","/c/en/handcuffs"],"weight":0.2050199999999998,"degrees":[67,2538,1065,152]},"num_concepts_raised":13710},{"base_id":995,"kind":"bot_words","i1":5,"i2":6,"sol":{"path":["/c/en/orientation","/c/en/attitude","/c/en/body","/c/en/drug","/c/en/sunitinib"],"weight":0.21317999999999915,"degrees":[325,525,3170,4920,29]},"num_concepts_raised":37136},{"base_id":995,"kind":"bot_words","i1":5,"i2":7,"sol":{"path":["/c/en/orientation","/c/en/turn","/c/en/blush","/c/en/blushing"],"weight":0.20652999999999905,"degrees":[325,2413,422,63]},"num_concepts_raised":35349},{"base_id":995,"kind":"bot_words","i1":5,"i2":8,"sol":{"path":["/c/en/orientation","/c/en/turn","/c/en/season","/c/en/seasons"],"weight":0.21551999999999907,"degrees":[325,2413,1145,47]},"num_concepts_raised":40239},{"base_id":995,"kind":"bot_words","i1":5,"i2":9,"sol":{"path":["/c/en/orientation","/c/en/turn","/c/en/hand","/c/en/handcuffs"],"weight":0.20791999999999916,"degrees":[325,2413,2596,152]},"num_concepts_raised":38932},{"base_id":995,"kind":"bot_words","i1":6,"i2":7,"sol":{"path":["/c/en/sunitinib","/c/en/tumour","/c/en/grape","/c/en/blush","/c/en/blushing"],"weight":0.20824999999999969,"degrees":[29,248,1090,422,63]},"num_concepts_raised":10299},{"base_id":995,"kind":"bot_words","i1":6,"i2":8,"sol":{"path":["/c/en/sunitinib","/c/en/resistant","/c/en/harden","/c/en/season","/c/en/seasons"],"weight":0.21726999999999974,"degrees":[29,257,357,1145,47]},"num_concepts_raised":15491},{"base_id":995,"kind":"bot_words","i1":6,"i2":9,"sol":{"path":["/c/en/sunitinib","/c/en/drug","/c/en/action","/c/en/shackle","/c/en/handcuffs"],"weight":0.21004999999999985,"degrees":[29,4920,2156,254,152]},"num_concepts_raised":14347},{"base_id":995,"kind":"bot_words","i1":7,"i2":8,"sol":{"path":["/c/en/blushing","/c/en/red","/c/en/fall","/c/en/seasons"],"weight":0.20863999999999966,"degrees":[63,1983,2357,47]},"num_concepts_raised":13751},{"base_id":995,"kind":"bot_words","i1":7,"i2":9,"sol":{"path":["/c/en/blushing","/c/fr/rouge","/c/fr/usage","/c/fr/menotte","/c/en/handcuffs"],"weight":0.20617999999999975,"degrees":[63,938,767,55,152]},"num_concepts_raised":12616},{"base_id":995,"kind":"bot_words","i1":8,"i2":9,"sol":{"path":["/c/en/seasons","/c/en/series","/c/en/chain","/c/en/handcuffs"],"weight":0.2097999999999998,"degrees":[47,883,1065,152]},"num_concepts_raised":17723}],[{"base_id":995,"kind":"top_words","i1":0,"i2":1,"sol":{"path":["/c/en/color","/c/en/gray","/c/en/newspaper","/c/en/columnist"],"weight":0.2363699999999999,"degrees":[1870,692,1133,94]},"num_concepts_raised":196406},{"base_id":995,"kind":"top_words","i1":0,"i2":2,"sol":{"path":["/c/en/color","/c/en/red","/c/en/uk","/c/en/sig"],"weight":0.23658999999999997,"degrees":[1870,1983,5562,30]},"num_concepts_raised":203323},{"base_id":995,"kind":"top_words","i1":0,"i2":3,"sol":{"path":["/c/en/color","/c/en/category","/c/en/subcategory"],"weight":0.20400000000000001,"degrees":[1870,466,31]},"num_concepts_raised":1469},{"base_id":995,"kind":"top_words","i1":0,"i2":4,"sol":{"path":["/c/en/color","/c/en/art","/c/en/photo"],"weight":0.20500000000000002,"degrees":[1870,1987,566]},"num_concepts_raised":1925},{"base_id":995,"kind":"top_words","i1":0,"i2":5,"sol":{"path":["/c/en/color","/c/en/art","/c/en/lithograph"],"weight":0.20500000000000002,"degrees":[1870,1987,91]},"num_concepts_raised":1509},{"base_id":995,"kind":"top_words","i1":0,"i2":6,"sol":{"path":["/c/en/color","/c/en/shade","/c/en/area","/c/en/infarct"],"weight":0.23716999999999988,"degrees":[1870,1192,1840,91]},"num_concepts_raised":202114},{"base_id":995,"kind":"top_words","i1":0,"i2":7,"sol":{"path":["/c/en/color","/c/ja/色","/c/en/affair","/c/en/statesman"],"weight":0.2464799999999997,"degrees":[1870,332,685,184]},"num_concepts_raised":206794},{"base_id":995,"kind":"top_words","i1":0,"i2":8,"sol":{"path":["/c/en/color","/c/en/lead","/c/en/lede"],"weight":0.20600000000000002,"degrees":[1870,2667,61]},"num_concepts_raised":1495},{"base_id":995,"kind":"top_words","i1":0,"i2":9,"sol":{"path":["/c/en/color","/c/en/dye","/c/en/print","/c/en/republish"],"weight":0.23472999999999988,"degrees":[1870,795,1090,42]},"num_concepts_raised":198631},{"base_id":995,"kind":"top_words","i1":1,"i2":2,"sol":{"path":["/c/en/columnist","/c/en/column","/c/en/mcquary_limit","/c/en/sig"],"weight":0.2046899999999999,"degrees":[94,1203,10,30]},"num_concepts_raised":14000},{"base_id":995,"kind":"top_words","i1":1,"i2":3,"sol":{"path":["/c/en/columnist","/c/en/column","/c/en/news","/c/en/category","/c/en/subcategory"],"weight":0.20477999999999996,"degrees":[94,1203,1317,466,31]},"num_concepts_raised":3530},{"base_id":995,"kind":"top_words","i1":1,"i2":4,"sol":{"path":["/c/en/columnist","/c/en/newspaper","/c/en/picture","/c/en/photo"],"weight":0.21247999999999884,"degrees":[94,1133,1231,566]},"num_concepts_raised":24500},{"base_id":995,"kind":"top_words","i1":1,"i2":5,"sol":{"path":["/c/en/columnist","/c/en/newspaper","/c/en/print","/c/en/lithograph"],"weight":0.20573999999999987,"degrees":[94,1133,1090,91]},"num_concepts_raised":12110},{"base_id":995,"kind":"top_words","i1":1,"i2":6,"sol":{"path":["/c/en/columnist","/c/en/column","/c/en/meta","/c/en/pathology","/c/en/infarct"],"weight":0.20561999999999983,"degrees":[94,1203,102,5554,91]},"num_concepts_raised":12409},{"base_id":995,"kind":"top_words","i1":1,"i2":7,"sol":{"path":["/c/en/columnist","/c/en/newspaper","/c/en/statesman"],"weight":0.20600000000000002,"degrees":[94,1133,184]},"num_concepts_raised":221},{"base_id":995,"kind":"top_words","i1":1,"i2":8,"sol":{"path":["/c/en/columnist","/c/en/newspaper","/c/en/lede"],"weight":0.202,"degrees":[94,1133,61]},"num_concepts_raised":121},{"base_id":995,"kind":"top_words","i1":1,"i2":9,"sol":{"path":["/c/en/columnist","/c/en/newspaper","/c/en/print","/c/en/republish"],"weight":0.20374999999999982,"degrees":[94,1133,1090,42]},"num_concepts_raised":8370},{"base_id":995,"kind":"top_words","i1":2,"i2":3,"sol":{"path":["/c/en/sig","/c/en/signature","/c/en/name","/c/en/category","/c/en/subcategory"],"weight":0.20396999999999998,"degrees":[30,485,2629,466,31]},"num_concepts_raised":11917},{"base_id":995,"kind":"top_words","i1":2,"i2":4,"sol":{"path":["/c/en/sig","/c/en/signature","/c/en/print","/c/en/photo"],"weight":0.21050999999999892,"degrees":[30,485,1090,566]},"num_concepts_raised":32744},{"base_id":995,"kind":"top_words","i1":2,"i2":5,"sol":{"path":["/c/en/sig","/c/en/signature","/c/en/print","/c/en/lithograph"],"weight":0.20584999999999995,"degrees":[30,485,1090,91]},"num_concepts_raised":20456},{"base_id":995,"kind":"top_words","i1":2,"i2":6,"sol":{"path":["/c/en/sig","/c/en/uk","/c/en/dead","/c/en/infarct"],"weight":0.2036099999999999,"degrees":[30,5562,1376,91]},"num_concepts_raised":20678},{"base_id":995,"kind":"top_words","i1":2,"i2":7,"sol":{"path":["/c/en/sig","/c/en/uk","/c/en/leader","/c/en/statesman"],"weight":0.2138399999999997,"degrees":[30,5562,1391,184]},"num_concepts_raised":26818},{"base_id":995,"kind":"top_words","i1":2,"i2":8,"sol":{"path":["/c/en/sig","/c/en/dialectal","/c/en/lede"],"weight":0.202,"degrees":[30,4127,61]},"num_concepts_raised":75},{"base_id":995,"kind":"top_words","i1":2,"i2":9,"sol":{"path":["/c/en/sig","/c/en/signature","/c/en/print","/c/en/republish"],"weight":0.20393999999999987,"degrees":[30,485,1090,42]},"num_concepts_raised":16737},{"base_id":995,"kind":"top_words","i1":3,"i2":4,"sol":{"path":["/c/en/subcategory","/c/en/category","/c/en/art","/c/en/photo"],"weight":0.20952999999999894,"degrees":[31,466,1987,566]},"num_concepts_raised":22521},{"base_id":995,"kind":"top_words","i1":3,"i2":5,"sol":{"path":["/c/en/subcategory","/c/en/category","/c/en/art","/c/en/lithograph"],"weight":0.20365999999999998,"degrees":[31,466,1987,91]},"num_concepts_raised":10101},{"base_id":995,"kind":"top_words","i1":3,"i2":6,"sol":{"path":["/c/en/subcategory","/c/en/subcategorize","/c/en/specific","/c/en/pathology","/c/en/infarct"],"weight":0.20376999999999992,"degrees":[31,13,562,5554,91]},"num_concepts_raised":10304},{"base_id":995,"kind":"top_words","i1":3,"i2":7,"sol":{"path":["/c/en/subcategory","/c/en/category","/c/en/country","/c/en/state","/c/en/statesman"],"weight":0.21602999999999972,"degrees":[31,466,2796,3243,184]},"num_concepts_raised":16619},{"base_id":995,"kind":"top_words","i1":3,"i2":8,"sol":{"path":["/c/en/subcategory","/c/en/category","/c/en/head","/c/en/lead","/c/en/lede"],"weight":0.20549999999999993,"degrees":[31,466,3580,2667,61]},"num_concepts_raised":35907},{"base_id":995,"kind":"top_words","i1":3,"i2":9,"sol":{"path":["/c/en/subcategory","/c/en/category","/c/en/law","/c/en/republish"],"weight":0.20286999999999988,"degrees":[31,466,3727,42]},"num_concepts_raised":6305},{"base_id":995,"kind":"top_words","i1":4,"i2":5,"sol":{"path":["/c/en/photo","/c/en/photolithograph","/c/en/lithograph"],"weight":0.203,"degrees":[566,18,91]},"num_concepts_raised":547},{"base_id":995,"kind":"top_words","i1":4,"i2":6,"sol":{"path":["/c/en/photo","/c/en/sky","/c/en/area","/c/en/infarct"],"weight":0.21014999999999884,"degrees":[566,1493,1840,91]},"num_concepts_raised":31230},{"base_id":995,"kind":"top_words","i1":4,"i2":7,"sol":{"path":["/c/en/photo","/c/en/picture","/c/en/newspaper","/c/en/statesman"],"weight":0.22253999999999863,"degrees":[566,1231,1133,184]},"num_concepts_raised":37274},{"base_id":995,"kind":"top_words","i1":4,"i2":8,"sol":{"path":["/c/en/photo","/c/en/photograph","/c/en/people","/c/en/lede"],"weight":0.21680999999999878,"degrees":[566,774,4475,61]},"num_concepts_raised":56225},{"base_id":995,"kind":"top_words","i1":4,"i2":9,"sol":{"path":["/c/en/photo","/c/en/print","/c/en/republish"],"weight":0.202,"degrees":[566,1090,42]},"num_concepts_raised":519},{"base_id":995,"kind":"top_words","i1":5,"i2":6,"sol":{"path":["/c/en/lithograph","/c/en/surface","/c/en/area","/c/en/infarct"],"weight":0.20444999999999985,"degrees":[91,1764,1840,91]},"num_concepts_raised":18846},{"base_id":995,"kind":"top_words","i1":5,"i2":7,"sol":{"path":["/c/en/lithograph","/c/en/print","/c/en/newspaper","/c/en/statesman"],"weight":0.21579999999999966,"degrees":[91,1090,1133,184]},"num_concepts_raised":25045},{"base_id":995,"kind":"top_words","i1":5,"i2":8,"sol":{"path":["/c/en/lithograph","/c/en/lith","/c/en/lede"],"weight":0.202,"degrees":[91,197,61]},"num_concepts_raised":115},{"base_id":995,"kind":"top_words","i1":5,"i2":9,"sol":{"path":["/c/en/lithograph","/c/en/print","/c/en/republish"],"weight":0.203,"degrees":[91,1090,42]},"num_concepts_raised":98},{"base_id":995,"kind":"top_words","i1":6,"i2":7,"sol":{"path":["/c/en/infarct","/c/en/area","/c/en/state","/c/en/statesman"],"weight":0.2167299999999996,"degrees":[91,1840,3243,184]},"num_concepts_raised":25385},{"base_id":995,"kind":"top_words","i1":6,"i2":8,"sol":{"path":["/c/en/infarct","/c/en/dead","/c/en/people","/c/en/lede"],"weight":0.20542999999999983,"degrees":[91,1376,4475,61]},"num_concepts_raised":44501},{"base_id":995,"kind":"top_words","i1":6,"i2":9,"sol":{"path":["/c/en/infarct","/c/zh/梗塞","/c/en/block","/c/en/print","/c/en/republish"],"weight":0.20475999999999978,"degrees":[91,14,1314,1090,42]},"num_concepts_raised":15177},{"base_id":995,"kind":"top_words","i1":7,"i2":8,"sol":{"path":["/c/en/statesman","/c/en/newspaper","/c/en/lede"],"weight":0.20600000000000002,"degrees":[184,1133,61]},"num_concepts_raised":200},{"base_id":995,"kind":"top_words","i1":7,"i2":9,"sol":{"path":["/c/en/statesman","/c/en/state","/c/en/law","/c/en/republish"],"weight":0.21592999999999957,"degrees":[184,3243,3727,42]},"num_concepts_raised":21253},{"base_id":995,"kind":"top_words","i1":8,"i2":9,"sol":{"path":["/c/en/lede","/c/en/newspaper","/c/en/print","/c/en/republish"],"weight":0.2032899999999998,"degrees":[61,1133,1090,42]},"num_concepts_raised":40492}]]