[[{"base_id":946,"kind":"bot_words","i1":0,"i2":1,"sol":{"path":["/c/en/exacerbate","/c/en/aggravate","/c/en/grave","/c/en/church","/c/en/weddings"],"weight":0.20554999999999968,"degrees":[135,148,1050,1592,32]},"num_concepts_raised":18639},{"base_id":946,"kind":"bot_words","i1":0,"i2":2,"sol":{"path":["/c/en/exacerbate","/c/en/anger","/c/en/resentment"],"weight":0.20400000000000001,"degrees":[135,1296,364]},"num_concepts_raised":395},{"base_id":946,"kind":"bot_words","i1":0,"i2":3,"sol":{"path":["/c/en/exacerbate","/c/en/worsen","/c/en/slip","/c/en/leash"],"weight":0.20695999999999962,"degrees":[135,279,1135,207]},"num_concepts_raised":26212},{"base_id":946,"kind":"bot_words","i1":0,"i2":4,"sol":{"path":["/c/en/exacerbate","/c/en/fuel","/c/en/heat","/c/en/warmth"],"weight":0.21254999999999918,"degrees":[135,725,2046,338]},"num_concepts_raised":40898},{"base_id":946,"kind":"bot_words","i1":0,"i2":5,"sol":{"path":["/c/en/exacerbate","/c/en/anger","/c/en/person","/c/en/fairy","/c/en/sprite"],"weight":0.21379999999999927,"degrees":[135,1296,12935,515,216]},"num_concepts_raised":23108},{"base_id":946,"kind":"bot_words","i1":0,"i2":6,"sol":{"path":["/c/en/exacerbate","/c/en/anger","/c/en/person","/c/en/china","/c/en/tacheng"],"weight":0.20913999999999966,"degrees":[135,1296,12935,1318,28]},"num_concepts_raised":9598},{"base_id":946,"kind":"bot_words","i1":0,"i2":7,"sol":{"path":["/c/en/exacerbate","/c/en/aggravate","/c/en/grave","/c/en/bone","/c/en/boned"],"weight":0.20776999999999968,"degrees":[135,148,1050,2320,36]},"num_concepts_raised":30366},{"base_id":946,"kind":"bot_words","i1":0,"i2":8,"sol":{"path":["/c/en/exacerbate","/c/fr/chagriner","/c/fr/chagriné","/c/fr/enchanté","/c/en/enchanted"],"weight":0.2072299999999997,"degrees":[135,172,48,97,95]},"num_concepts_raised":8253},{"base_id":946,"kind":"bot_words","i1":0,"i2":9,"sol":{"path":["/c/en/exacerbate","/c/en/aggravate","/c/fi/raskauttaa","/c/en/legal","/c/en/forewoman"],"weight":0.20540999999999968,"degrees":[135,148,6,6627,30]},"num_concepts_raised":15764},{"base_id":946,"kind":"bot_words","i1":1,"i2":2,"sol":{"path":["/c/en/weddings","/c/en/dance","/c/en/feeling","/c/en/resentment"],"weight":0.2139499999999993,"degrees":[32,2473,962,364]},"num_concepts_raised":28783},{"base_id":946,"kind":"bot_words","i1":1,"i2":3,"sol":{"path":["/c/en/weddings","/c/en/bell","/c/en/collar","/c/en/leash"],"weight":0.20628999999999975,"degrees":[32,1216,723,207]},"num_concepts_raised":33442},{"base_id":946,"kind":"bot_words","i1":1,"i2":4,"sol":{"path":["/c/en/weddings","/c/en/boring","/c/en/cool","/c/en/warmth"],"weight":0.20684999999999937,"degrees":[32,560,1186,338]},"num_concepts_raised":47801},{"base_id":946,"kind":"bot_words","i1":1,"i2":5,"sol":{"path":["/c/en/weddings","/c/en/bell","/c/en/fairy","/c/en/sprite"],"weight":0.21233999999999942,"degrees":[32,1216,515,216]},"num_concepts_raised":30524},{"base_id":946,"kind":"bot_words","i1":1,"i2":6,"sol":{"path":["/c/en/weddings","/c/en/church","/c/en/city","/c/en/tacheng"],"weight":0.2078899999999998,"degrees":[32,1592,3758,28]},"num_concepts_raised":17173},{"base_id":946,"kind":"bot_words","i1":1,"i2":7,"sol":{"path":["/c/en/weddings","/c/en/church","/c/en/body","/c/en/boned"],"weight":0.20304999999999984,"degrees":[32,1592,3170,36]},"num_concepts_raised":37623},{"base_id":946,"kind":"bot_words","i1":1,"i2":8,"sol":{"path":["/c/en/weddings","/c/en/dress","/c/en/evening","/c/en/enchanted"],"weight":0.20370999999999984,"degrees":[32,1674,984,95]},"num_concepts_raised":15890},{"base_id":946,"kind":"bot_words","i1":1,"i2":9,"sol":{"path":["/c/en/weddings","/c/en/dress","/c/en/female","/c/en/forewoman"],"weight":0.2027099999999998,"degrees":[32,1674,3110,30]},"num_concepts_raised":23360},{"base_id":946,"kind":"bot_words","i1":2,"i2":3,"sol":{"path":["/c/en/resentment","/c/en/take","/c/en/lead","/c/en/leash"],"weight":0.2165999999999993,"degrees":[364,2552,2667,207]},"num_concepts_raised":36009},{"base_id":946,"kind":"bot_words","i1":2,"i2":4,"sol":{"path":["/c/en/resentment","/c/en/feeling","/c/en/heat","/c/en/warmth"],"weight":0.22252999999999884,"degrees":[364,962,2046,338]},"num_concepts_raised":50595},{"base_id":946,"kind":"bot_words","i1":2,"i2":5,"sol":{"path":["/c/en/resentment","/c/en/feeling","/c/en/spirit","/c/en/sprite"],"weight":0.22153999999999896,"degrees":[364,962,1615,216]},"num_concepts_raised":33212},{"base_id":946,"kind":"bot_words","i1":2,"i2":6,"sol":{"path":["/c/en/resentment","/c/en/feeling","/c/en/like","/c/en/city","/c/en/tacheng"],"weight":0.21901999999999933,"degrees":[364,962,2357,3758,28]},"num_concepts_raised":20014},{"base_id":946,"kind":"bot_words","i1":2,"i2":7,"sol":{"path":["/c/en/resentment","/c/en/bad","/c/en/bone","/c/en/boned"],"weight":0.21406999999999934,"degrees":[364,1728,2320,36]},"num_concepts_raised":40398},{"base_id":946,"kind":"bot_words","i1":2,"i2":8,"sol":{"path":["/c/en/resentment","/c/en/feeling","/c/en/enchantment","/c/en/enchanted"],"weight":0.21595999999999937,"degrees":[364,962,196,95]},"num_concepts_raised":18635},{"base_id":946,"kind":"bot_words","i1":2,"i2":9,"sol":{"path":["/c/en/resentment","/c/en/malicious_mischief","/c/en/legal","/c/en/forewoman"],"weight":0.21169999999999933,"degrees":[364,12,6627,30]},"num_concepts_raised":26077},{"base_id":946,"kind":"bot_words","i1":3,"i2":4,"sol":{"path":["/c/en/leash","/c/en/lead","/c/en/cover","/c/en/warmth"],"weight":0.21149999999999933,"degrees":[207,2667,2802,338]},"num_concepts_raised":55197},{"base_id":946,"kind":"bot_words","i1":3,"i2":5,"sol":{"path":["/c/en/leash","/c/en/ferret","/c/en/sprite"],"weight":0.20400000000000001,"degrees":[207,346,216]},"num_concepts_raised":341},{"base_id":946,"kind":"bot_words","i1":3,"i2":6,"sol":{"path":["/c/en/leash","/c/en/curb","/c/en/city","/c/en/tacheng"],"weight":0.21015999999999976,"degrees":[207,327,3758,28]},"num_concepts_raised":24831},{"base_id":946,"kind":"bot_words","i1":3,"i2":7,"sol":{"path":["/c/en/leash","/c/en/dog","/c/en/bone","/c/en/boned"],"weight":0.2087899999999998,"degrees":[207,2320,2320,36]},"num_concepts_raised":44810},{"base_id":946,"kind":"bot_words","i1":3,"i2":8,"sol":{"path":["/c/en/leash","/c/en/lead","/c/en/influence","/c/en/enchanted"],"weight":0.2084999999999998,"degrees":[207,2667,1115,95]},"num_concepts_raised":23509},{"base_id":946,"kind":"bot_words","i1":3,"i2":9,"sol":{"path":["/c/en/leash","/c/en/animal","/c/en/female","/c/en/forewoman"],"weight":0.20521999999999976,"degrees":[207,3735,3110,30]},"num_concepts_raised":30825},{"base_id":946,"kind":"bot_words","i1":4,"i2":5,"sol":{"path":["/c/en/warmth","/c/en/heat","/c/en/shade","/c/en/sprite"],"weight":0.21850999999999896,"degrees":[338,2046,1192,216]},"num_concepts_raised":52320},{"base_id":946,"kind":"bot_words","i1":4,"i2":6,"sol":{"path":["/c/en/warmth","/c/en/yellow","/c/en/china","/c/en/tacheng"],"weight":0.21152999999999939,"degrees":[338,1405,1318,28]},"num_concepts_raised":39609},{"base_id":946,"kind":"bot_words","i1":4,"i2":7,"sol":{"path":["/c/en/warmth","/c/en/arts","/c/en/boned"],"weight":0.202,"degrees":[338,674,36]},"num_concepts_raised":308},{"base_id":946,"kind":"bot_words","i1":4,"i2":8,"sol":{"path":["/c/en/warmth","/c/en/sun","/c/en/evening","/c/en/enchanted"],"weight":0.2077699999999994,"degrees":[338,1994,984,95]},"num_concepts_raised":38302},{"base_id":946,"kind":"bot_words","i1":4,"i2":9,"sol":{"path":["/c/en/warmth","/c/en/cover","/c/en/legal","/c/en/forewoman"],"weight":0.20667999999999936,"degrees":[338,2802,6627,30]},"num_concepts_raised":45710},{"base_id":946,"kind":"bot_words","i1":5,"i2":6,"sol":{"path":["/c/en/sprite","/c/en/billboard","/c/en/city","/c/en/tacheng"],"weight":0.21486999999999945,"degrees":[216,244,3758,28]},"num_concepts_raised":21744},{"base_id":946,"kind":"bot_words","i1":5,"i2":7,"sol":{"path":["/c/en/sprite","/c/en/animation","/c/en/boned"],"weight":0.20400000000000001,"degrees":[216,381,36]},"num_concepts_raised":213},{"base_id":946,"kind":"bot_words","i1":5,"i2":8,"sol":{"path":["/c/en/sprite","/c/en/shade","/c/en/evening","/c/en/enchanted"],"weight":0.2108599999999995,"degrees":[216,1192,984,95]},"num_concepts_raised":20399},{"base_id":946,"kind":"bot_words","i1":5,"i2":9,"sol":{"path":["/c/en/sprite","/c/en/female","/c/en/forewoman"],"weight":0.20400000000000001,"degrees":[216,3110,30]},"num_concepts_raised":211},{"base_id":946,"kind":"bot_words","i1":6,"i2":7,"sol":{"path":["/c/en/tacheng","/c/en/china","/c/en/human","/c/en/bone","/c/en/boned"],"weight":0.21014999999999984,"degrees":[28,1318,2645,2320,36]},"num_concepts_raised":29006},{"base_id":946,"kind":"bot_words","i1":6,"i2":8,"sol":{"path":["/c/en/tacheng","/c/en/city","/c/en/transport","/c/en/enchant","/c/en/enchanted"],"weight":0.21072999999999986,"degrees":[28,3758,1411,239,95]},"num_concepts_raised":6862},{"base_id":946,"kind":"bot_words","i1":6,"i2":9,"sol":{"path":["/c/en/tacheng","/c/en/china","/c/en/person","/c/en/foreman","/c/en/forewoman"],"weight":0.20893999999999982,"degrees":[28,1318,12935,225,30]},"num_concepts_raised":14374},{"base_id":946,"kind":"bot_words","i1":7,"i2":8,"sol":{"path":["/c/en/boned","/c/en/bone","/c/en/cast","/c/en/enchant","/c/en/enchanted"],"weight":0.20805999999999986,"degrees":[36,2320,1163,239,95]},"num_concepts_raised":27727},{"base_id":946,"kind":"bot_words","i1":7,"i2":9,"sol":{"path":["/c/en/boned","/c/en/body","/c/en/jury","/c/en/forewoman"],"weight":0.20288999999999985,"degrees":[36,3170,331,30]},"num_concepts_raised":34972},{"base_id":946,"kind":"bot_words","i1":8,"i2":9,"sol":{"path":["/c/en/enchanted","/c/en/influence","/c/en/person","/c/en/foreman","/c/en/forewoman"],"weight":0.20485999999999988,"degrees":[95,1115,12935,225,30]},"num_concepts_raised":13070}],[{"base_id":946,"kind":"top_words","i1":0,"i2":1,"sol":{"path":["/c/en/cladogram","/c/en/tree","/c/en/flower","/c/zh/华","/c/en/sino"],"weight":0.20401999999999978,"degrees":[33,3598,2500,19,44]},"num_concepts_raised":8923},{"base_id":946,"kind":"top_words","i1":0,"i2":2,"sol":{"path":["/c/en/cladogram","/c/en/tree","/c/en/standard","/c/en/normalization"],"weight":0.20535999999999996,"degrees":[33,3598,1054,117]},"num_concepts_raised":29911},{"base_id":946,"kind":"top_words","i1":0,"i2":3,"sol":{"path":["/c/en/cladogram","/c/en/tree","/c/en/plant","/c/en/start","/c/en/resumption"],"weight":0.20426999999999984,"degrees":[33,3598,7959,1822,58]},"num_concepts_raised":13831},{"base_id":946,"kind":"top_words","i1":0,"i2":4,"sol":{"path":["/c/en/cladogram","/c/en/tree","/c/en/metal","/c/en/nuclear"],"weight":0.2079799999999989,"degrees":[33,3598,2107,412]},"num_concepts_raised":42888},{"base_id":946,"kind":"top_words","i1":0,"i2":5,"sol":{"path":["/c/en/cladogram","/c/en/relationship","/c/en/enemy","/c/en/missile","/c/en/abm"],"weight":0.20277999999999985,"degrees":[33,991,1023,386,27]},"num_concepts_raised":8634},{"base_id":946,"kind":"top_words","i1":0,"i2":6,"sol":{"path":["/c/en/cladogram","/c/en/tree","/c/en/ground","/c/en/fly","/c/en/tephritidae"],"weight":0.2090099999999998,"degrees":[33,3598,1836,2276,34]},"num_concepts_raised":11589},{"base_id":946,"kind":"top_words","i1":0,"i2":7,"sol":{"path":["/c/en/cladogram","/c/en/relationship","/c/en/music","/c/en/semitone"],"weight":0.20445999999999975,"degrees":[33,991,8822,104]},"num_concepts_raised":21958},{"base_id":946,"kind":"top_words","i1":0,"i2":8,"sol":{"path":["/c/en/cladogram","/c/en/tree","/c/en/grow","/c/en/thaw","/c/en/thawing"],"weight":0.20487999999999984,"degrees":[33,3598,1569,330,31]},"num_concepts_raised":8608},{"base_id":946,"kind":"top_words","i1":0,"i2":9,"sol":{"path":["/c/en/cladogram","/c/en/ancestor","/c/ko/조선","/c/en/north_korea","/c/en/pyongyang"],"weight":0.21482000000000015,"degrees":[33,615,33,420,209]},"num_concepts_raised":14074},{"base_id":946,"kind":"top_words","i1":1,"i2":2,"sol":{"path":["/c/en/sino","/c/fr/sino","/c/fr/linguistique","/c/fr/normalisation","/c/en/normalization"],"weight":0.20621999999999988,"degrees":[44,16,7455,33,117]},"num_concepts_raised":23420},{"base_id":946,"kind":"top_words","i1":1,"i2":3,"sol":{"path":["/c/en/sino","/c/ja/中","/c/en/second","/c/it/ripresa","/c/en/resumption"],"weight":0.20413999999999977,"degrees":[44,169,1367,22,58]},"num_concepts_raised":6930},{"base_id":946,"kind":"top_words","i1":1,"i2":4,"sol":{"path":["/c/en/sino","/c/sa/चीन","/c/en/lead","/c/en/atomic","/c/en/nuclear"],"weight":0.20935999999999877,"degrees":[44,44,2667,237,412]},"num_concepts_raised":36650},{"base_id":946,"kind":"top_words","i1":1,"i2":5,"sol":{"path":["/c/en/sino","/c/fr/sino","/c/fr/concerne","/c/fr/balistique","/c/en/abm"],"weight":0.20379999999999976,"degrees":[44,16,61,69,27]},"num_concepts_raised":1647},{"base_id":946,"kind":"top_words","i1":1,"i2":6,"sol":{"path":["/c/en/sino","/c/la/sinae","/c/en/land","/c/en/fly","/c/en/tephritidae"],"weight":0.20799999999999974,"degrees":[44,42,2465,2276,34]},"num_concepts_raised":4646},{"base_id":946,"kind":"top_words","i1":1,"i2":7,"sol":{"path":["/c/en/sino","/c/zh/中","/c/en/chinese","/c/en/tone","/c/en/semitone"],"weight":0.20508999999999966,"degrees":[44,48,911,846,104]},"num_concepts_raised":15146},{"base_id":946,"kind":"top_words","i1":1,"i2":8,"sol":{"path":["/c/en/sino","/c/vi/hoa","/c/fr/couleur","/c/fr/fonte","/c/en/thawing"],"weight":0.20281999999999978,"degrees":[44,40,1332,249,31]},"num_concepts_raised":1632},{"base_id":946,"kind":"top_words","i1":1,"i2":9,"sol":{"path":["/c/en/sino","/c/grc/σῖναι","/c/en/city","/c/en/pyongyang"],"weight":0.21083000000000007,"degrees":[44,28,3758,209]},"num_concepts_raised":7155},{"base_id":946,"kind":"top_words","i1":2,"i2":3,"sol":{"path":["/c/en/normalization","/c/en/redundancy","/c/en/australia","/c/en/resumption"],"weight":0.20430999999999994,"degrees":[117,197,2690,58]},"num_concepts_raised":28241},{"base_id":946,"kind":"top_words","i1":2,"i2":4,"sol":{"path":["/c/en/normalization","/c/en/sociology","/c/it/nucleare","/c/en/nuclear"],"weight":0.21028999999999898,"degrees":[117,718,50,412]},"num_concepts_raised":56817},{"base_id":946,"kind":"top_words","i1":2,"i2":5,"sol":{"path":["/c/en/normalization","/c/en/standard","/c/en/military","/c/en/missile","/c/en/abm"],"weight":0.20428999999999994,"degrees":[117,1054,5690,386,27]},"num_concepts_raised":23154},{"base_id":946,"kind":"top_words","i1":2,"i2":6,"sol":{"path":["/c/en/normalization","/c/en/process","/c/en/fly","/c/en/tephritidae"],"weight":0.2091399999999999,"degrees":[117,1571,2276,34]},"num_concepts_raised":26079},{"base_id":946,"kind":"top_words","i1":2,"i2":7,"sol":{"path":["/c/en/normalization","/c/en/natural","/c/en/music","/c/en/semitone"],"weight":0.20585999999999985,"degrees":[117,930,8822,104]},"num_concepts_raised":36021},{"base_id":946,"kind":"top_words","i1":2,"i2":8,"sol":{"path":["/c/en/normalization","/c/en/process","/c/en/thaw","/c/en/thawing"],"weight":0.20501999999999995,"degrees":[117,1571,330,31]},"num_concepts_raised":23120},{"base_id":946,"kind":"top_words","i1":2,"i2":9,"sol":{"path":["/c/en/normalization","/c/en/group","/c/en/city","/c/en/pyongyang"],"weight":0.21199000000000023,"degrees":[117,2339,3758,209]},"num_concepts_raised":28495},{"base_id":946,"kind":"top_words","i1":3,"i2":4,"sol":{"path":["/c/en/resumption","/c/en/start","/c/en/button","/c/en/nuclear"],"weight":0.20718999999999882,"degrees":[58,1822,785,412]},"num_concepts_raised":41460},{"base_id":946,"kind":"top_words","i1":3,"i2":5,"sol":{"path":["/c/en/resumption","/c/en/beginning","/c/en/initially","/c/en/ballistic_missile","/c/en/abm"],"weight":0.20307999999999982,"degrees":[58,1343,75,92,27]},"num_concepts_raised":6633},{"base_id":946,"kind":"top_words","i1":3,"i2":6,"sol":{"path":["/c/en/resumption","/c/en/resume","/c/en/change","/c/en/fly","/c/en/tephritidae"],"weight":0.20820999999999978,"degrees":[58,247,3383,2276,34]},"num_concepts_raised":9594},{"base_id":946,"kind":"top_words","i1":3,"i2":7,"sol":{"path":["/c/en/resumption","/c/fr/reprise","/c/en/music","/c/en/semitone"],"weight":0.20480999999999971,"degrees":[58,203,8822,104]},"num_concepts_raised":20009},{"base_id":946,"kind":"top_words","i1":3,"i2":8,"sol":{"path":["/c/en/resumption","/c/en/resume","/c/en/unfreeze","/c/en/thaw","/c/en/thawing"],"weight":0.2041099999999998,"degrees":[58,247,43,330,31]},"num_concepts_raised":6614},{"base_id":946,"kind":"top_words","i1":3,"i2":9,"sol":{"path":["/c/en/resumption","/c/en/australia","/c/en/city","/c/en/pyongyang"],"weight":0.21102000000000012,"degrees":[58,2690,3758,209]},"num_concepts_raised":12048},{"base_id":946,"kind":"top_words","i1":4,"i2":5,"sol":{"path":["/c/en/nuclear","/c/en/warhead","/c/en/missile","/c/en/abm"],"weight":0.20696999999999885,"degrees":[412,114,386,27]},"num_concepts_raised":36358},{"base_id":946,"kind":"top_words","i1":4,"i2":6,"sol":{"path":["/c/en/nuclear","/c/en/power","/c/en/fly","/c/en/tephritidae"],"weight":0.21206999999999882,"degrees":[412,2205,2276,34]},"num_concepts_raised":39249},{"base_id":946,"kind":"top_words","i1":4,"i2":7,"sol":{"path":["/c/en/nuclear","/c/en/atomic","/c/en/a","/c/en/semitone"],"weight":0.21019999999999878,"degrees":[412,237,1436,104]},"num_concepts_raised":49235},{"base_id":946,"kind":"top_words","i1":4,"i2":8,"sol":{"path":["/c/en/nuclear","/c/en/physics","/c/tr/erime","/c/en/thawing"],"weight":0.20728999999999886,"degrees":[412,9094,13,31]},"num_concepts_raised":36327},{"base_id":946,"kind":"top_words","i1":4,"i2":9,"sol":{"path":["/c/en/nuclear","/c/en/central","/c/en/city","/c/en/pyongyang"],"weight":0.21587999999999916,"degrees":[412,548,3758,209]},"num_concepts_raised":41691},{"base_id":946,"kind":"top_words","i1":5,"i2":6,"sol":{"path":["/c/en/abm","/c/en/icbm","/c/en/rocket","/c/en/fly","/c/en/tephritidae"],"weight":0.2079999999999998,"degrees":[27,38,651,2276,34]},"num_concepts_raised":4342},{"base_id":946,"kind":"top_words","i1":5,"i2":7,"sol":{"path":["/c/en/abm","/c/en/missile","/c/en/space","/c/en/music","/c/en/semitone"],"weight":0.20446999999999974,"degrees":[27,386,1852,8822,104]},"num_concepts_raised":14857},{"base_id":946,"kind":"top_words","i1":5,"i2":8,"sol":{"path":["/c/en/abm","/c/en/missile","/c/en/machicolation","/c/en/melt","/c/en/thaw","/c/en/thawing"],"weight":0.20755349999999972,"degrees":[27,386,51,520,330,31]},"num_concepts_raised":267556},{"base_id":946,"kind":"top_words","i1":5,"i2":9,"sol":{"path":["/c/en/abm","/c/en/ballistic_missile","/c/en/polaris","/c/en/north","/c/en/pyongyang"],"weight":0.21074000000000015,"degrees":[27,92,171,689,209]},"num_concepts_raised":6868},{"base_id":946,"kind":"top_words","i1":6,"i2":7,"sol":{"path":["/c/en/tephritidae","/c/en/fly","/c/en/sharp","/c/en/semitone"],"weight":0.20882999999999968,"degrees":[34,2276,1275,104]},"num_concepts_raised":17782},{"base_id":946,"kind":"top_words","i1":6,"i2":8,"sol":{"path":["/c/en/tephritidae","/c/en/fly","/c/en/process","/c/en/thaw","/c/en/thawing"],"weight":0.20885999999999977,"degrees":[34,2276,1571,330,31]},"num_concepts_raised":4331},{"base_id":946,"kind":"top_words","i1":6,"i2":9,"sol":{"path":["/c/en/tephritidae","/c/en/fly","/c/en/rural","/c/en/city","/c/en/pyongyang"],"weight":0.2158400000000001,"degrees":[34,2276,494,3758,209]},"num_concepts_raised":9841},{"base_id":946,"kind":"top_words","i1":7,"i2":8,"sol":{"path":["/c/en/semitone","/c/en/chromatic_scale","/c/ja/しょうせつ","/c/en/thawing"],"weight":0.20362999999999973,"degrees":[104,24,11,31]},"num_concepts_raised":14837},{"base_id":946,"kind":"top_words","i1":7,"i2":9,"sol":{"path":["/c/en/semitone","/c/en/flat","/c/en/city","/c/en/pyongyang"],"weight":0.21173000000000003,"degrees":[104,1359,3758,209]},"num_concepts_raised":20282},{"base_id":946,"kind":"top_words","i1":8,"i2":9,"sol":{"path":["/c/en/thawing","/c/en/thaw","/c/en/snow","/c/en/north","/c/en/pyongyang"],"weight":0.21173000000000014,"degrees":[31,330,1934,689,209]},"num_concepts_raised":6848}]]