[[{"base_id":83,"kind":"bot_words","i1":0,"i2":1,"sol":{"path":["/c/en/capacitance","/c/en/capacity","/c/en/hat","/c/en/cardinal","/c/en/39"],"weight":0.2139699999999997,"degrees":[134,722,931,5720,43]},"num_concepts_raised":28557},{"base_id":83,"kind":"bot_words","i1":0,"i2":2,"sol":{"path":["/c/en/capacitance","/c/en/physics","/c/fr/tourbillon","/c/en/whirlwind"],"weight":0.20886999999999972,"degrees":[134,9094,174,193]},"num_concepts_raised":26449},{"base_id":83,"kind":"bot_words","i1":0,"i2":3,"sol":{"path":["/c/en/capacitance","/c/en/charge","/c/en/pay","/c/en/payee"],"weight":0.20433999999999974,"degrees":[134,1848,1489,39]},"num_concepts_raised":27697},{"base_id":83,"kind":"bot_words","i1":0,"i2":4,"sol":{"path":["/c/en/capacitance","/c/en/capacity","/c/en/position","/c/en/sweeper"],"weight":0.20738999999999957,"degrees":[134,722,2038,93]},"num_concepts_raised":42433},{"base_id":83,"kind":"bot_words","i1":0,"i2":5,"sol":{"path":["/c/en/capacitance","/c/en/element","/c/en/letter","/c/en/cursive"],"weight":0.20638999999999974,"degrees":[134,1173,2043,119]},"num_concepts_raised":36991},{"base_id":83,"kind":"bot_words","i1":0,"i2":6,"sol":{"path":["/c/en/capacitance","/c/en/charge","/c/en/ah","/c/en/aah"],"weight":0.20456999999999972,"degrees":[134,1848,176,61]},"num_concepts_raised":25782},{"base_id":83,"kind":"bot_words","i1":0,"i2":7,"sol":{"path":["/c/en/capacitance","/c/en/physics","/c/en/grass","/c/en/gazelle","/c/en/antelope"],"weight":0.2183799999999998,"degrees":[134,9094,1578,323,343]},"num_concepts_raised":37403},{"base_id":83,"kind":"bot_words","i1":0,"i2":8,"sol":{"path":["/c/en/capacitance","/c/en/capacity","/c/en/imperial","/c/en/virginia","/c/en/goshen"],"weight":0.20703999999999967,"degrees":[134,722,577,593,51]},"num_concepts_raised":31190},{"base_id":83,"kind":"bot_words","i1":0,"i2":9,"sol":{"path":["/c/en/capacitance","/c/mul/c","/c/en/computing","/c/en/hypermedia"],"weight":0.2044599999999997,"degrees":[134,116,9084,55]},"num_concepts_raised":32703},{"base_id":83,"kind":"bot_words","i1":1,"i2":2,"sol":{"path":["/c/en/39","/c/en/aircraft","/c/en/typhoon","/c/en/whirlwind"],"weight":0.21010999999999977,"degrees":[43,1135,277,193]},"num_concepts_raised":13428},{"base_id":83,"kind":"bot_words","i1":1,"i2":3,"sol":{"path":["/c/en/39","/c/en/cardinal","/c/en/one","/c/en/payee"],"weight":0.21012999999999982,"degrees":[43,5720,2499,39]},"num_concepts_raised":14497},{"base_id":83,"kind":"bot_words","i1":1,"i2":4,"sol":{"path":["/c/en/39","/c/en/cardinal","/c/en/fish","/c/en/sweeper"],"weight":0.21073999999999965,"degrees":[43,5720,4424,93]},"num_concepts_raised":29530},{"base_id":83,"kind":"bot_words","i1":1,"i2":5,"sol":{"path":["/c/en/39","/c/en/cardinal","/c/en/grammar","/c/en/cursive"],"weight":0.2111899999999998,"degrees":[43,5720,6397,119]},"num_concepts_raised":24144},{"base_id":83,"kind":"bot_words","i1":1,"i2":6,"sol":{"path":["/c/en/39","/c/en/cardinal","/c/en/historical","/c/en/enthusiasm","/c/en/aah"],"weight":0.21134999999999976,"degrees":[43,5720,8415,451,61]},"num_concepts_raised":12656},{"base_id":83,"kind":"bot_words","i1":1,"i2":7,"sol":{"path":["/c/en/39","/c/en/weapon","/c/en/range","/c/en/antelope"],"weight":0.21746999999999983,"degrees":[43,1448,1025,343]},"num_concepts_raised":24360},{"base_id":83,"kind":"bot_words","i1":1,"i2":8,"sol":{"path":["/c/en/39","/c/en/cardinal","/c/en/bishop","/c/en/texas","/c/en/goshen"],"weight":0.21032999999999968,"degrees":[43,5720,922,887,51]},"num_concepts_raised":18038},{"base_id":83,"kind":"bot_words","i1":1,"i2":9,"sol":{"path":["/c/en/39","/c/en/cardinal","/c/en/2","/c/en/computing","/c/en/hypermedia"],"weight":0.21036999999999972,"degrees":[43,5720,155,9084,55]},"num_concepts_raised":19827},{"base_id":83,"kind":"bot_words","i1":2,"i2":3,"sol":{"path":["/c/en/whirlwind","/c/la/turbo","/c/en/crowd","/c/en/one","/c/en/payee"],"weight":0.20597999999999983,"degrees":[193,204,1238,2499,39]},"num_concepts_raised":12721},{"base_id":83,"kind":"bot_words","i1":2,"i2":4,"sol":{"path":["/c/en/whirlwind","/c/en/wind","/c/en/cord","/c/en/sweeper"],"weight":0.20567999999999964,"degrees":[193,2373,697,93]},"num_concepts_raised":27533},{"base_id":83,"kind":"bot_words","i1":2,"i2":5,"sol":{"path":["/c/en/whirlwind","/c/en/current","/c/la/cursus","/c/en/cursive"],"weight":0.20609999999999978,"degrees":[193,1290,118,119]},"num_concepts_raised":22099},{"base_id":83,"kind":"bot_words","i1":2,"i2":6,"sol":{"path":["/c/en/whirlwind","/c/en/vortex","/c/en/historical","/c/en/enthusiasm","/c/en/aah"],"weight":0.2075799999999998,"degrees":[193,220,8415,451,61]},"num_concepts_raised":10655},{"base_id":83,"kind":"bot_words","i1":2,"i2":7,"sol":{"path":["/c/en/whirlwind","/c/en/wind","/c/en/horn","/c/en/antelope"],"weight":0.21464999999999987,"degrees":[193,2373,1054,343]},"num_concepts_raised":22362},{"base_id":83,"kind":"bot_words","i1":2,"i2":8,"sol":{"path":["/c/en/whirlwind","/c/en/vortex","/c/en/historical","/c/en/missouri","/c/en/goshen"],"weight":0.20648999999999973,"degrees":[193,220,8415,699,51]},"num_concepts_raised":16058},{"base_id":83,"kind":"bot_words","i1":2,"i2":9,"sol":{"path":["/c/en/whirlwind","/c/fr/cyclone","/c/en/crack","/c/en/computing","/c/en/hypermedia"],"weight":0.20733999999999975,"degrees":[193,101,1064,9084,55]},"num_concepts_raised":17810},{"base_id":83,"kind":"bot_words","i1":3,"i2":4,"sol":{"path":["/c/en/payee","/c/en/one","/c/en/cricket","/c/en/sweeper"],"weight":0.20363999999999968,"degrees":[39,2499,1394,93]},"num_concepts_raised":28670},{"base_id":83,"kind":"bot_words","i1":3,"i2":5,"sol":{"path":["/c/en/payee","/c/en/one","/c/en/letter","/c/en/cursive"],"weight":0.20512999999999984,"degrees":[39,2499,2043,119]},"num_concepts_raised":23285},{"base_id":83,"kind":"bot_words","i1":3,"i2":6,"sol":{"path":["/c/en/payee","/c/en/one","/c/en/fear","/c/en/aah"],"weight":0.20324999999999982,"degrees":[39,2499,1900,61]},"num_concepts_raised":11878},{"base_id":83,"kind":"bot_words","i1":3,"i2":7,"sol":{"path":["/c/en/payee","/c/en/money","/c/en/buck","/c/en/antelope"],"weight":0.21260999999999988,"degrees":[39,2899,385,343]},"num_concepts_raised":23572},{"base_id":83,"kind":"bot_words","i1":3,"i2":8,"sol":{"path":["/c/en/payee","/c/en/money","/c/en/usa","/c/en/goshen"],"weight":0.20329999999999976,"degrees":[39,2899,2683,51]},"num_concepts_raised":17298},{"base_id":83,"kind":"bot_words","i1":3,"i2":9,"sol":{"path":["/c/en/payee","/c/en/money","/c/en/rich","/c/en/multimedia","/c/en/hypermedia"],"weight":0.20424999999999977,"degrees":[39,2899,1109,171,55]},"num_concepts_raised":19070},{"base_id":83,"kind":"bot_words","i1":4,"i2":5,"sol":{"path":["/c/en/sweeper","/c/en/us","/c/en/letter","/c/en/cursive"],"weight":0.20576999999999968,"degrees":[93,8154,2043,119]},"num_concepts_raised":37983},{"base_id":83,"kind":"bot_words","i1":4,"i2":6,"sol":{"path":["/c/en/sweeper","/c/en/us","/c/en/ah","/c/en/aah"],"weight":0.2038999999999997,"degrees":[93,8154,176,61]},"num_concepts_raised":26797},{"base_id":83,"kind":"bot_words","i1":4,"i2":7,"sol":{"path":["/c/en/sweeper","/c/en/us","/c/en/antelope"],"weight":0.20400000000000001,"degrees":[93,8154,343]},"num_concepts_raised":309},{"base_id":83,"kind":"bot_words","i1":4,"i2":8,"sol":{"path":["/c/en/sweeper","/c/en/us","/c/en/usa","/c/en/goshen"],"weight":0.20388999999999957,"degrees":[93,8154,2683,51]},"num_concepts_raised":31615},{"base_id":83,"kind":"bot_words","i1":4,"i2":9,"sol":{"path":["/c/en/sweeper","/c/en/minesweeper","/c/en/computing","/c/en/hypermedia"],"weight":0.2037599999999996,"degrees":[93,124,9084,55]},"num_concepts_raised":33744},{"base_id":83,"kind":"bot_words","i1":5,"i2":6,"sol":{"path":["/c/en/cursive","/c/en/writing","/c/en/pleasure","/c/en/aah"],"weight":0.20454999999999984,"degrees":[119,1875,1118,61]},"num_concepts_raised":21344},{"base_id":83,"kind":"bot_words","i1":5,"i2":7,"sol":{"path":["/c/en/cursive","/c/en/letter","/c/en/us","/c/en/antelope"],"weight":0.21461999999999987,"degrees":[119,2043,8154,343]},"num_concepts_raised":32924},{"base_id":83,"kind":"bot_words","i1":5,"i2":8,"sol":{"path":["/c/en/cursive","/c/en/letter","/c/en/canada","/c/en/goshen"],"weight":0.20522999999999975,"degrees":[119,2043,2402,51]},"num_concepts_raised":26762},{"base_id":83,"kind":"bot_words","i1":5,"i2":9,"sol":{"path":["/c/en/cursive","/c/en/letter","/c/en/text","/c/en/hypermedia"],"weight":0.2054499999999998,"degrees":[119,2043,1051,55]},"num_concepts_raised":27972},{"base_id":83,"kind":"bot_words","i1":6,"i2":7,"sol":{"path":["/c/en/aah","/c/en/fear","/c/en/gazelle","/c/en/antelope"],"weight":0.21713999999999986,"degrees":[61,1900,323,343]},"num_concepts_raised":21610},{"base_id":83,"kind":"bot_words","i1":6,"i2":8,"sol":{"path":["/c/en/aah","/c/en/surprise","/c/en/oh","/c/en/ohio","/c/en/goshen"],"weight":0.20457999999999973,"degrees":[61,1059,348,655,51]},"num_concepts_raised":15267},{"base_id":83,"kind":"bot_words","i1":6,"i2":9,"sol":{"path":["/c/en/aah","/c/en/enthusiasm","/c/en/sound","/c/en/multimedia","/c/en/hypermedia"],"weight":0.20546999999999976,"degrees":[61,451,3218,171,55]},"num_concepts_raised":17073},{"base_id":83,"kind":"bot_words","i1":7,"i2":8,"sol":{"path":["/c/en/antelope","/c/en/antelope_county","/c/en/county_seat","/c/en/goshen"],"weight":0.2147899999999998,"degrees":[343,10,2497,51]},"num_concepts_raised":26432},{"base_id":83,"kind":"bot_words","i1":7,"i2":9,"sol":{"path":["/c/en/antelope","/c/en/range","/c/en/computing","/c/en/hypermedia"],"weight":0.21263999999999983,"degrees":[343,1025,9084,55]},"num_concepts_raised":28630},{"base_id":83,"kind":"bot_words","i1":8,"i2":9,"sol":{"path":["/c/en/goshen","/c/en/county_seat","/c/en/media","/c/en/hypermedia"],"weight":0.2035199999999997,"degrees":[51,2497,546,55]},"num_concepts_raised":22422}],[{"base_id":83,"kind":"top_words","i1":0,"i2":1,"sol":{"path":["/c/en/menshevik","/c/en/bolshevik"],"weight":0.20400000000000001,"degrees":[45,96]},"num_concepts_raised":113},{"base_id":83,"kind":"top_words","i1":0,"i2":2,"sol":{"path":["/c/en/menshevik","/c/en/mensheviks"],"weight":0.20400000000000001,"degrees":[45,49]},"num_concepts_raised":75},{"base_id":83,"kind":"top_words","i1":0,"i2":3,"sol":{"path":["/c/en/menshevik","/c/pt/menchevique","/c/en/historical","/c/en/comintern"],"weight":0.2051599999999999,"degrees":[45,7,8415,42]},"num_concepts_raised":10397},{"base_id":83,"kind":"top_words","i1":0,"i2":4,"sol":{"path":["/c/en/menshevik","/c/en/bolshevism","/c/en/political","/c/en/girondist"],"weight":0.20832999999999977,"degrees":[45,74,1034,59]},"num_concepts_raised":6320},{"base_id":83,"kind":"top_words","i1":0,"i2":5,"sol":{"path":["/c/en/menshevik","/c/en/socialist","/c/en/person","/c/en/trotskyist"],"weight":0.20816999999999988,"degrees":[45,299,12935,36]},"num_concepts_raised":15003},{"base_id":83,"kind":"top_words","i1":0,"i2":6,"sol":{"path":["/c/en/menshevik","/c/ru/меньше","/c/fr/petit","/c/en/light","/c/en/taillight"],"weight":0.20351999999999995,"degrees":[45,26,1941,4288,60]},"num_concepts_raised":7489},{"base_id":83,"kind":"top_words","i1":0,"i2":7,"sol":{"path":["/c/en/menshevik","/c/ru/малый","/c/en/chap","/c/en/dialectal","/c/en/eam"],"weight":0.20297999999999994,"degrees":[45,46,343,4127,25]},"num_concepts_raised":5458},{"base_id":83,"kind":"top_words","i1":0,"i2":8,"sol":{"path":["/c/en/menshevik","/c/en/bolshevism","/c/en/political","/c/en/wing","/c/en/triplane"],"weight":0.2084499999999999,"degrees":[45,74,1034,1177,52]},"num_concepts_raised":4720},{"base_id":83,"kind":"top_words","i1":0,"i2":9,"sol":{"path":["/c/en/menshevik","/c/en/socialist","/c/en/left","/c/en/faction"],"weight":0.20634999999999942,"degrees":[45,299,926,305]},"num_concepts_raised":29104},{"base_id":83,"kind":"top_words","i1":1,"i2":2,"sol":{"path":["/c/en/bolshevik","/c/en/menshevik","/c/en/mensheviks"],"weight":0.20500000000000002,"degrees":[96,45,49]},"num_concepts_raised":127},{"base_id":83,"kind":"top_words","i1":1,"i2":3,"sol":{"path":["/c/en/bolshevik","/c/en/communist","/c/en/comintern"],"weight":0.202,"degrees":[96,346,42]},"num_concepts_raised":117},{"base_id":83,"kind":"top_words","i1":1,"i2":4,"sol":{"path":["/c/en/bolshevik","/c/en/bolshevism","/c/en/political","/c/en/girondist"],"weight":0.21005999999999972,"degrees":[96,74,1034,59]},"num_concepts_raised":14872},{"base_id":83,"kind":"top_words","i1":1,"i2":5,"sol":{"path":["/c/en/bolshevik","/c/en/communist","/c/en/trotskyite","/c/en/trotskyist"],"weight":0.21300999999999984,"degrees":[96,346,39,36]},"num_concepts_raised":23592},{"base_id":83,"kind":"top_words","i1":1,"i2":6,"sol":{"path":["/c/en/bolshevik","/c/fr/politique","/c/fr/lanterne_rouge","/c/it/fanalino_di_coda","/c/en/taillight"],"weight":0.2051599999999999,"degrees":[96,3449,27,12,60]},"num_concepts_raised":16111},{"base_id":83,"kind":"top_words","i1":1,"i2":7,"sol":{"path":["/c/en/bolshevik","/c/fr/politique","/c/fr/tonton","/c/en/uncle","/c/en/eam"],"weight":0.20590999999999987,"degrees":[96,3449,64,716,25]},"num_concepts_raised":14116},{"base_id":83,"kind":"top_words","i1":1,"i2":8,"sol":{"path":["/c/en/bolshevik","/c/en/bolshevism","/c/en/political","/c/en/wing","/c/en/triplane"],"weight":0.21017999999999984,"degrees":[96,74,1034,1177,52]},"num_concepts_raised":13373},{"base_id":83,"kind":"top_words","i1":1,"i2":9,"sol":{"path":["/c/en/bolshevik","/c/fr/politique","/c/fr/faction","/c/en/faction"],"weight":0.20924999999999935,"degrees":[96,3449,72,305]},"num_concepts_raised":37477},{"base_id":83,"kind":"top_words","i1":2,"i2":3,"sol":{"path":["/c/en/mensheviks","/c/pt/menchevique","/c/en/historical","/c/en/comintern"],"weight":0.20809999999999976,"degrees":[49,7,8415,42]},"num_concepts_raised":9903},{"base_id":83,"kind":"top_words","i1":2,"i2":4,"sol":{"path":["/c/en/mensheviks","/c/en/menshevik","/c/en/bolshevism","/c/en/political","/c/en/girondist"],"weight":0.21332999999999963,"degrees":[49,45,74,1034,59]},"num_concepts_raised":5813},{"base_id":83,"kind":"top_words","i1":2,"i2":5,"sol":{"path":["/c/en/mensheviks","/c/en/menshevik","/c/en/socialist","/c/en/person","/c/en/trotskyist"],"weight":0.21318999999999974,"degrees":[49,45,299,12935,36]},"num_concepts_raised":14502},{"base_id":83,"kind":"top_words","i1":2,"i2":6,"sol":{"path":["/c/en/mensheviks","/c/en/organisation","/c/en/entity","/c/en/vehicle","/c/en/taillight"],"weight":0.2083699999999998,"degrees":[49,281,353,1419,60]},"num_concepts_raised":6966},{"base_id":83,"kind":"top_words","i1":2,"i2":7,"sol":{"path":["/c/en/mensheviks","/c/pt/menchevique","/c/en/historical","/c/en/man","/c/en/uncle","/c/en/eam"],"weight":0.2150577999999997,"degrees":[49,7,8415,3068,716,25]},"num_concepts_raised":195601},{"base_id":83,"kind":"top_words","i1":2,"i2":8,"sol":{"path":["/c/en/mensheviks","/c/en/organisation","/c/ja/きこう","/c/en/plane","/c/en/triplane"],"weight":0.21331999999999976,"degrees":[49,281,19,1237,52]},"num_concepts_raised":4194},{"base_id":83,"kind":"top_words","i1":2,"i2":9,"sol":{"path":["/c/en/mensheviks","/c/en/organisation","/c/en/business","/c/en/factory","/c/en/faction"],"weight":0.21238999999999925,"degrees":[49,281,2538,910,305]},"num_concepts_raised":28606},{"base_id":83,"kind":"top_words","i1":3,"i2":4,"sol":{"path":["/c/en/comintern","/c/en/communist","/c/en/radical","/c/en/girondist"],"weight":0.20823999999999976,"degrees":[42,346,1161,59]},"num_concepts_raised":14741},{"base_id":83,"kind":"top_words","i1":3,"i2":5,"sol":{"path":["/c/en/comintern","/c/en/communist","/c/en/trotskyite","/c/en/trotskyist"],"weight":0.21221999999999985,"degrees":[42,346,39,36]},"num_concepts_raised":23398},{"base_id":83,"kind":"top_words","i1":3,"i2":6,"sol":{"path":["/c/en/comintern","/c/en/historical","/c/ja/灯","/c/en/lamp","/c/en/taillight"],"weight":0.20346999999999993,"degrees":[42,8415,62,791,60]},"num_concepts_raised":16002},{"base_id":83,"kind":"top_words","i1":3,"i2":7,"sol":{"path":["/c/en/comintern","/c/en/association","/c/en/relation","/c/en/uncle","/c/en/eam"],"weight":0.20508999999999994,"degrees":[42,787,716,716,25]},"num_concepts_raised":14006},{"base_id":83,"kind":"top_words","i1":3,"i2":8,"sol":{"path":["/c/en/comintern","/c/en/historical","/c/en/fly","/c/en/airplane","/c/en/triplane"],"weight":0.2084099999999999,"degrees":[42,8415,2276,870,52]},"num_concepts_raised":13260},{"base_id":83,"kind":"top_words","i1":3,"i2":9,"sol":{"path":["/c/en/comintern","/c/en/historical","/c/en/side","/c/en/faction"],"weight":0.2066099999999994,"degrees":[42,8415,1912,305]},"num_concepts_raised":37196},{"base_id":83,"kind":"top_words","i1":4,"i2":5,"sol":{"path":["/c/en/girondist","/c/en/radical","/c/en/trotskyist"],"weight":0.20600000000000002,"degrees":[59,1161,36]},"num_concepts_raised":83},{"base_id":83,"kind":"top_words","i1":4,"i2":6,"sol":{"path":["/c/en/girondist","/c/en/radical","/c/en/slang","/c/en/lamp","/c/en/taillight"],"weight":0.2086199999999998,"degrees":[59,1161,16318,791,60]},"num_concepts_raised":11959},{"base_id":83,"kind":"top_words","i1":4,"i2":7,"sol":{"path":["/c/en/girondist","/c/en/radical","/c/en/slang","/c/en/uncle","/c/en/eam"],"weight":0.2102399999999998,"degrees":[59,1161,16318,716,25]},"num_concepts_raised":9942},{"base_id":83,"kind":"top_words","i1":4,"i2":8,"sol":{"path":["/c/en/girondist","/c/en/political","/c/en/wing","/c/en/triplane"],"weight":0.21349999999999975,"degrees":[59,1034,1177,52]},"num_concepts_raised":9184},{"base_id":83,"kind":"top_words","i1":4,"i2":9,"sol":{"path":["/c/en/girondist","/c/en/faction"],"weight":0.20400000000000001,"degrees":[59,305]},"num_concepts_raised":305},{"base_id":83,"kind":"top_words","i1":5,"i2":6,"sol":{"path":["/c/en/trotskyist","/c/en/person","/c/en/light","/c/en/taillight"],"weight":0.20842999999999992,"degrees":[36,12935,4288,60]},"num_concepts_raised":20572},{"base_id":83,"kind":"top_words","i1":5,"i2":7,"sol":{"path":["/c/en/trotskyist","/c/en/trot","/c/en/slang","/c/en/uncle","/c/en/eam"],"weight":0.2121099999999999,"degrees":[36,255,16318,716,25]},"num_concepts_raised":18587},{"base_id":83,"kind":"top_words","i1":5,"i2":8,"sol":{"path":["/c/en/trotskyist","/c/en/trot","/c/en/slang","/c/en/wing","/c/en/triplane"],"weight":0.21538999999999986,"degrees":[36,255,16318,1177,52]},"num_concepts_raised":17835},{"base_id":83,"kind":"top_words","i1":5,"i2":9,"sol":{"path":["/c/en/trotskyist","/c/en/person","/c/la/factio","/c/en/faction"],"weight":0.21245999999999937,"degrees":[36,12935,51,305]},"num_concepts_raised":41653},{"base_id":83,"kind":"top_words","i1":6,"i2":7,"sol":{"path":["/c/en/taillight","/c/en/lamp","/c/en/slang","/c/en/uncle","/c/en/eam"],"weight":0.20543999999999996,"degrees":[60,791,16318,716,25]},"num_concepts_raised":11060},{"base_id":83,"kind":"top_words","i1":6,"i2":8,"sol":{"path":["/c/en/taillight","/c/en/vehicle","/c/en/airplane","/c/en/triplane"],"weight":0.20864999999999995,"degrees":[60,1419,870,52]},"num_concepts_raised":10281},{"base_id":83,"kind":"top_words","i1":6,"i2":9,"sol":{"path":["/c/en/taillight","/c/en/pair","/c/en/side","/c/en/faction"],"weight":0.20675999999999944,"degrees":[60,841,1912,305]},"num_concepts_raised":34405},{"base_id":83,"kind":"top_words","i1":7,"i2":8,"sol":{"path":["/c/en/eam","/c/en/uncle","/c/en/british","/c/en/wing","/c/en/triplane"],"weight":0.21033999999999992,"degrees":[25,716,3452,1177,52]},"num_concepts_raised":8302},{"base_id":83,"kind":"top_words","i1":7,"i2":9,"sol":{"path":["/c/en/eam","/c/en/dialectal","/c/en/side","/c/en/faction"],"weight":0.20632999999999943,"degrees":[25,4127,1912,305]},"num_concepts_raised":32638},{"base_id":83,"kind":"top_words","i1":8,"i2":9,"sol":{"path":["/c/en/triplane","/c/en/wing","/c/en/part","/c/en/faction"],"weight":0.2117599999999994,"degrees":[52,1177,2528,305]},"num_concepts_raised":31751}]]