[[{"base_id":84,"kind":"bot_words","i1":0,"i2":1,"sol":{"path":["/c/en/dachshund","/c/en/wiener_dog","/c/en/city","/c/en/holon"],"weight":0.21194000000000018,"degrees":[159,125,3758,26]},"num_concepts_raised":22282},{"base_id":84,"kind":"bot_words","i1":0,"i2":2,"sol":{"path":["/c/en/dachshund","/c/en/wiener_dog","/c/en/city","/c/en/temuco"],"weight":0.21744,"degrees":[159,125,3758,72]},"num_concepts_raised":12041},{"base_id":84,"kind":"bot_words","i1":0,"i2":3,"sol":{"path":["/c/en/dachshund","/c/en/dog","/c/en/common","/c/en/regularly"],"weight":0.21128999999999987,"degrees":[159,2320,1219,135]},"num_concepts_raised":18793},{"base_id":84,"kind":"bot_words","i1":0,"i2":4,"sol":{"path":["/c/en/dachshund","/c/en/dog","/c/en/barghest","/c/en/wraith"],"weight":0.2156100000000001,"degrees":[159,2320,25,75]},"num_concepts_raised":10523},{"base_id":84,"kind":"bot_words","i1":0,"i2":5,"sol":{"path":["/c/en/dachshund","/c/en/dog","/c/en/max","/c/en/maxi"],"weight":0.2174000000000001,"degrees":[159,2320,90,50]},"num_concepts_raised":23614},{"base_id":84,"kind":"bot_words","i1":0,"i2":6,"sol":{"path":["/c/en/dachshund","/c/en/wiener_dog","/c/en/bucket","/c/en/gourd"],"weight":0.21401999999999968,"degrees":[159,125,655,229]},"num_concepts_raised":33231},{"base_id":84,"kind":"bot_words","i1":0,"i2":7,"sol":{"path":["/c/en/dachshund","/c/en/dog","/c/en/people","/c/en/settler"],"weight":0.2124399999999999,"degrees":[159,2320,4475,202]},"num_concepts_raised":32277},{"base_id":84,"kind":"bot_words","i1":0,"i2":8,"sol":{"path":["/c/en/dachshund","/c/en/breed","/c/en/egg","/c/en/ovum"],"weight":0.21437999999999993,"degrees":[159,842,1565,225]},"num_concepts_raised":21919},{"base_id":84,"kind":"bot_words","i1":0,"i2":9,"sol":{"path":["/c/en/dachshund","/c/en/wiener_dog","/c/en/a","/c/en/application","/c/en/inapplicable"],"weight":0.2123000000000002,"degrees":[159,125,1436,799,46]},"num_concepts_raised":10748},{"base_id":84,"kind":"bot_words","i1":1,"i2":2,"sol":{"path":["/c/en/holon","/c/en/city","/c/en/temuco"],"weight":0.20400000000000001,"degrees":[26,3758,72]},"num_concepts_raised":86},{"base_id":84,"kind":"bot_words","i1":1,"i2":3,"sol":{"path":["/c/en/holon","/c/en/physics","/c/en/liquid_crystal","/c/en/regularly"],"weight":0.2040799999999997,"degrees":[26,9094,128,135]},"num_concepts_raised":24404},{"base_id":84,"kind":"bot_words","i1":1,"i2":4,"sol":{"path":["/c/en/holon","/c/fr/chargeon","/c/fr/physique","/c/fr/spectre","/c/en/wraith"],"weight":0.21181999999999993,"degrees":[26,15,6029,164,75]},"num_concepts_raised":16203},{"base_id":84,"kind":"bot_words","i1":1,"i2":5,"sol":{"path":["/c/en/holon","/c/en/physics","/c/en/maxwell","/c/en/max","/c/en/maxi"],"weight":0.21024999999999994,"degrees":[26,9094,84,90,50]},"num_concepts_raised":29548},{"base_id":84,"kind":"bot_words","i1":1,"i2":6,"sol":{"path":["/c/en/holon","/c/en/solid","/c/en/slang","/c/en/gourd"],"weight":0.20500999999999953,"degrees":[26,1304,16318,229]},"num_concepts_raised":39125},{"base_id":84,"kind":"bot_words","i1":1,"i2":7,"sol":{"path":["/c/en/holon","/c/en/city","/c/en/colony","/c/en/settler"],"weight":0.20648999999999973,"degrees":[26,3758,698,202]},"num_concepts_raised":37864},{"base_id":84,"kind":"bot_words","i1":1,"i2":8,"sol":{"path":["/c/en/holon","/c/en/physics","/c/en/mole","/c/en/ovum"],"weight":0.20536999999999977,"degrees":[26,9094,1084,225]},"num_concepts_raised":27783},{"base_id":84,"kind":"bot_words","i1":1,"i2":9,"sol":{"path":["/c/en/holon","/c/en/physics","/c/en/chemistry","/c/en/application","/c/en/inapplicable"],"weight":0.20328000000000004,"degrees":[26,9094,11754,799,46]},"num_concepts_raised":16408},{"base_id":84,"kind":"bot_words","i1":2,"i2":3,"sol":{"path":["/c/en/temuco","/c/en/city","/c/en/people","/c/en/regularly"],"weight":0.20955999999999952,"degrees":[72,3758,4475,135]},"num_concepts_raised":14318},{"base_id":84,"kind":"bot_words","i1":2,"i2":4,"sol":{"path":["/c/en/temuco","/c/en/city","/c/en/living","/c/en/wight","/c/en/wraith"],"weight":0.21389999999999976,"degrees":[72,3758,839,73,75]},"num_concepts_raised":5931},{"base_id":84,"kind":"bot_words","i1":2,"i2":5,"sol":{"path":["/c/en/temuco","/c/en/city","/c/en/company","/c/en/max","/c/en/maxi"],"weight":0.21567999999999976,"degrees":[72,3758,2258,90,50]},"num_concepts_raised":19370},{"base_id":84,"kind":"bot_words","i1":2,"i2":6,"sol":{"path":["/c/en/temuco","/c/en/chile","/c/es/mate","/c/en/gourd"],"weight":0.21036999999999934,"degrees":[72,757,53,229]},"num_concepts_raised":28940},{"base_id":84,"kind":"bot_words","i1":2,"i2":7,"sol":{"path":["/c/en/temuco","/c/en/city","/c/en/colony","/c/en/settler"],"weight":0.21198999999999954,"degrees":[72,3758,698,202]},"num_concepts_raised":27874},{"base_id":84,"kind":"bot_words","i1":2,"i2":8,"sol":{"path":["/c/en/temuco","/c/en/city","/c/en/small","/c/en/egg","/c/en/ovum"],"weight":0.2127999999999996,"degrees":[72,3758,2515,1565,225]},"num_concepts_raised":17609},{"base_id":84,"kind":"bot_words","i1":2,"i2":9,"sol":{"path":["/c/en/temuco","/c/en/city","/c/en/address","/c/en/apply","/c/en/inapplicable"],"weight":0.20868999999999988,"degrees":[72,3758,1322,710,46]},"num_concepts_raised":6140},{"base_id":84,"kind":"bot_words","i1":3,"i2":4,"sol":{"path":["/c/en/regularly","/c/en/people","/c/ja/せいれい","/c/en/wraith"],"weight":0.20957999999999963,"degrees":[135,4475,17,75]},"num_concepts_raised":12820},{"base_id":84,"kind":"bot_words","i1":3,"i2":5,"sol":{"path":["/c/en/regularly","/c/en/often","/c/en/always","/c/en/maxi"],"weight":0.20963999999999966,"degrees":[135,637,895,50]},"num_concepts_raised":25650},{"base_id":84,"kind":"bot_words","i1":3,"i2":6,"sol":{"path":["/c/en/regularly","/c/en/cokehead","/c/en/slang","/c/en/gourd"],"weight":0.20619999999999922,"degrees":[135,11,16318,229]},"num_concepts_raised":35621},{"base_id":84,"kind":"bot_words","i1":3,"i2":7,"sol":{"path":["/c/en/regularly","/c/en/people","/c/en/settler"],"weight":0.202,"degrees":[135,4475,202]},"num_concepts_raised":274},{"base_id":84,"kind":"bot_words","i1":3,"i2":8,"sol":{"path":["/c/en/regularly","/c/en/often","/c/en/egg","/c/en/ovum"],"weight":0.20865999999999946,"degrees":[135,637,1565,225]},"num_concepts_raised":24345},{"base_id":84,"kind":"bot_words","i1":3,"i2":9,"sol":{"path":["/c/en/regularly","/c/en/common","/c/en/cookie_cutter","/c/en/applicable","/c/en/inapplicable"],"weight":0.20543999999999973,"degrees":[135,1219,53,142,46]},"num_concepts_raised":13033},{"base_id":84,"kind":"bot_words","i1":4,"i2":5,"sol":{"path":["/c/en/wraith","/c/en/ghost","/c/en/person","/c/en/maxi"],"weight":0.21630999999999984,"degrees":[75,950,12935,50]},"num_concepts_raised":17791},{"base_id":84,"kind":"bot_words","i1":4,"i2":6,"sol":{"path":["/c/en/wraith","/c/en/ghost","/c/en/slang","/c/en/gourd"],"weight":0.21323999999999943,"degrees":[75,950,16318,229]},"num_concepts_raised":27448},{"base_id":84,"kind":"bot_words","i1":4,"i2":7,"sol":{"path":["/c/en/wraith","/c/ja/せいれい","/c/en/people","/c/en/settler"],"weight":0.21071999999999963,"degrees":[75,17,4475,202]},"num_concepts_raised":26486},{"base_id":84,"kind":"bot_words","i1":4,"i2":8,"sol":{"path":["/c/en/wraith","/c/en/ghost","/c/en/slang","/c/en/egg","/c/en/ovum"],"weight":0.21558999999999967,"degrees":[75,950,16318,1565,225]},"num_concepts_raised":16050},{"base_id":84,"kind":"bot_words","i1":4,"i2":9,"sol":{"path":["/c/en/wraith","/c/en/ghost","/c/en/computing","/c/en/application","/c/en/inapplicable"],"weight":0.21143999999999996,"degrees":[75,950,9084,799,46]},"num_concepts_raised":4594},{"base_id":84,"kind":"bot_words","i1":5,"i2":6,"sol":{"path":["/c/en/maxi","/c/en/max","/c/en/slang","/c/en/gourd"],"weight":0.21236999999999945,"degrees":[50,90,16318,229]},"num_concepts_raised":40334},{"base_id":84,"kind":"bot_words","i1":5,"i2":7,"sol":{"path":["/c/en/maxi","/c/en/person","/c/en/colonist","/c/en/settler"],"weight":0.21419999999999964,"degrees":[50,12935,101,202]},"num_concepts_raised":38859},{"base_id":84,"kind":"bot_words","i1":5,"i2":8,"sol":{"path":["/c/en/maxi","/c/en/coat","/c/en/egg","/c/en/ovum"],"weight":0.2125699999999997,"degrees":[50,1193,1565,225]},"num_concepts_raised":29203},{"base_id":84,"kind":"bot_words","i1":5,"i2":9,"sol":{"path":["/c/en/maxi","/c/en/max","/c/en/software","/c/en/application","/c/en/inapplicable"],"weight":0.21053,"degrees":[50,90,1812,799,46]},"num_concepts_raised":18033},{"base_id":84,"kind":"bot_words","i1":6,"i2":7,"sol":{"path":["/c/en/gourd","/c/ko/호리","/c/en/single","/c/en/settler"],"weight":0.20815999999999923,"degrees":[229,13,1167,202]},"num_concepts_raised":48189},{"base_id":84,"kind":"bot_words","i1":6,"i2":8,"sol":{"path":["/c/en/gourd","/c/en/slang","/c/en/egg","/c/en/ovum"],"weight":0.2095499999999993,"degrees":[229,16318,1565,225]},"num_concepts_raised":38440},{"base_id":84,"kind":"bot_words","i1":6,"i2":9,"sol":{"path":["/c/en/gourd","/c/en/fruit","/c/en/apply","/c/en/inapplicable"],"weight":0.20552999999999955,"degrees":[229,2192,710,46]},"num_concepts_raised":27676},{"base_id":84,"kind":"bot_words","i1":7,"i2":8,"sol":{"path":["/c/en/settler","/c/en/early","/c/en/egg","/c/en/ovum"],"weight":0.2095799999999995,"degrees":[202,831,1565,225]},"num_concepts_raised":37740},{"base_id":84,"kind":"bot_words","i1":7,"i2":9,"sol":{"path":["/c/en/settler","/c/en/member","/c/en/apply","/c/en/inapplicable"],"weight":0.20545999999999975,"degrees":[202,1164,710,46]},"num_concepts_raised":26695},{"base_id":84,"kind":"bot_words","i1":8,"i2":9,"sol":{"path":["/c/en/ovum","/c/en/egg","/c/en/before","/c/en/apply","/c/en/inapplicable"],"weight":0.2076399999999998,"degrees":[225,1565,973,710,46]},"num_concepts_raised":16302}],[{"base_id":84,"kind":"top_words","i1":0,"i2":1,"sol":{"path":["/c/en/da","/c/en/slang","/c/en/usa","/c/en/lisbon"],"weight":0.21245000000000014,"degrees":[63,16318,2683,220]},"num_concepts_raised":37870},{"base_id":84,"kind":"top_words","i1":0,"i2":2,"sol":{"path":["/c/en/da","/c/en/slang","/c/en/usa","/c/en/hugo"],"weight":0.20925999999999995,"degrees":[63,16318,2683,25]},"num_concepts_raised":33134},{"base_id":84,"kind":"top_words","i1":0,"i2":3,"sol":{"path":["/c/en/da","/c/en/slang","/c/en/language","/c/en/portuguese"],"weight":0.21440999999999946,"degrees":[63,16318,4160,256]},"num_concepts_raised":53331},{"base_id":84,"kind":"top_words","i1":0,"i2":4,"sol":{"path":["/c/en/da","/c/en/d","/c/en/e"],"weight":0.20700000000000002,"degrees":[63,208,270]},"num_concepts_raised":275},{"base_id":84,"kind":"top_words","i1":0,"i2":5,"sol":{"path":["/c/en/da","/c/en/ireland","/c/en/europe","/c/en/portugal"],"weight":0.22007999999999878,"degrees":[63,1227,765,774]},"num_concepts_raised":47415},{"base_id":84,"kind":"top_words","i1":0,"i2":6,"sol":{"path":["/c/en/da","/c/en/slang","/c/en/trump","/c/en/pedro"],"weight":0.20963999999999977,"degrees":[63,16318,292,63]},"num_concepts_raised":32124},{"base_id":84,"kind":"top_words","i1":0,"i2":7,"sol":{"path":["/c/en/da","/c/en/slang","/c/en/dis","/c/en/de"],"weight":0.20718999999999949,"degrees":[63,16318,135,184]},"num_concepts_raised":64253},{"base_id":84,"kind":"top_words","i1":0,"i2":8,"sol":{"path":["/c/en/da","/c/en/slang","/c/en/horse","/c/en/pinto"],"weight":0.20454999999999984,"degrees":[63,16318,3068,53]},"num_concepts_raised":47304},{"base_id":84,"kind":"top_words","i1":0,"i2":9,"sol":{"path":["/c/en/da","/c/en/ada","/c/en/given_name","/c/en/ricardo"],"weight":0.21389999999999976,"degrees":[63,168,1247,83]},"num_concepts_raised":31137},{"base_id":84,"kind":"top_words","i1":1,"i2":2,"sol":{"path":["/c/en/lisbon","/c/en/county_seat","/c/en/hugo"],"weight":0.20600000000000002,"degrees":[220,2497,25]},"num_concepts_raised":169},{"base_id":84,"kind":"top_words","i1":1,"i2":3,"sol":{"path":["/c/en/lisbon","/c/en/portugal","/c/en/portuguese"],"weight":0.21100000000000002,"degrees":[220,774,256]},"num_concepts_raised":352},{"base_id":84,"kind":"top_words","i1":1,"i2":4,"sol":{"path":["/c/en/lisbon","/c/en/ohio","/c/en/state","/c/en/e"],"weight":0.22301999999999947,"degrees":[220,655,3243,270]},"num_concepts_raised":60643},{"base_id":84,"kind":"top_words","i1":1,"i2":5,"sol":{"path":["/c/en/lisbon","/c/en/portugal"],"weight":0.21000000000000002,"degrees":[220,774]},"num_concepts_raised":772},{"base_id":84,"kind":"top_words","i1":1,"i2":6,"sol":{"path":["/c/en/lisbon","/c/en/portugal","/c/en/faro","/c/en/card_game","/c/en/pedro"],"weight":0.22051999999999994,"degrees":[220,774,33,470,63]},"num_concepts_raised":11245},{"base_id":84,"kind":"top_words","i1":1,"i2":7,"sol":{"path":["/c/en/lisbon","/c/en/usa","/c/en/delaware","/c/en/de"],"weight":0.21367999999999965,"degrees":[220,2683,173,184]},"num_concepts_raised":45292},{"base_id":84,"kind":"top_words","i1":1,"i2":8,"sol":{"path":["/c/en/lisbon","/c/en/county_seat","/c/en/mexico","/c/en/pinto"],"weight":0.21124,"degrees":[220,2497,1283,53]},"num_concepts_raised":26610},{"base_id":84,"kind":"top_words","i1":1,"i2":9,"sol":{"path":["/c/en/lisbon","/c/en/county_seat","/c/en/montezuma","/c/en/given_name","/c/en/ricardo"],"weight":0.22065999999999994,"degrees":[220,2497,51,1247,83]},"num_concepts_raised":10198},{"base_id":84,"kind":"top_words","i1":2,"i2":3,"sol":{"path":["/c/en/hugo","/c/en/hugh","/c/en/person","/c/en/portuguese"],"weight":0.21783999999999945,"degrees":[25,51,12935,256]},"num_concepts_raised":28366},{"base_id":84,"kind":"top_words","i1":2,"i2":4,"sol":{"path":["/c/en/hugo","/c/en/colorado","/c/en/state","/c/en/e"],"weight":0.21985999999999928,"degrees":[25,486,3243,270]},"num_concepts_raised":56134},{"base_id":84,"kind":"top_words","i1":2,"i2":5,"sol":{"path":["/c/en/hugo","/c/en/usa","/c/en/lisbon","/c/en/portugal"],"weight":0.22657999999999875,"degrees":[25,2683,220,774]},"num_concepts_raised":21892},{"base_id":84,"kind":"top_words","i1":2,"i2":6,"sol":{"path":["/c/en/hugo","/c/en/hugh","/c/en/high","/c/en/trick","/c/en/pedro"],"weight":0.21517999999999976,"degrees":[25,51,1658,1286,63]},"num_concepts_raised":6285},{"base_id":84,"kind":"top_words","i1":2,"i2":7,"sol":{"path":["/c/en/hugo","/c/en/usa","/c/en/delaware","/c/en/de"],"weight":0.21048999999999946,"degrees":[25,2683,173,184]},"num_concepts_raised":40664},{"base_id":84,"kind":"top_words","i1":2,"i2":8,"sol":{"path":["/c/en/hugo","/c/en/colorado","/c/en/mexico","/c/en/pinto"],"weight":0.20808999999999983,"degrees":[25,486,1283,53]},"num_concepts_raised":21783},{"base_id":84,"kind":"top_words","i1":2,"i2":9,"sol":{"path":["/c/en/hugo","/c/en/hugh","/c/en/huey","/c/en/given_name","/c/en/ricardo"],"weight":0.21950999999999976,"degrees":[25,51,21,1247,83]},"num_concepts_raised":5215},{"base_id":84,"kind":"top_words","i1":3,"i2":4,"sol":{"path":["/c/en/portuguese","/c/en/person","/c/en/i","/c/en/e"],"weight":0.2250099999999988,"degrees":[256,12935,594,270]},"num_concepts_raised":76083},{"base_id":84,"kind":"top_words","i1":3,"i2":5,"sol":{"path":["/c/en/portuguese","/c/en/portugal"],"weight":0.21100000000000002,"degrees":[256,774]},"num_concepts_raised":820},{"base_id":84,"kind":"top_words","i1":3,"i2":6,"sol":{"path":["/c/en/portuguese","/c/en/portugal","/c/en/faro","/c/en/card_game","/c/en/pedro"],"weight":0.22235999999999922,"degrees":[256,774,33,470,63]},"num_concepts_raised":27387},{"base_id":84,"kind":"top_words","i1":3,"i2":7,"sol":{"path":["/c/en/portuguese","/c/en/language","/c/en/do","/c/en/de"],"weight":0.21454999999999896,"degrees":[256,4160,1767,184]},"num_concepts_raised":61198},{"base_id":84,"kind":"top_words","i1":3,"i2":8,"sol":{"path":["/c/en/portuguese","/c/en/latin_america","/c/es/pinto","/c/en/pinto"],"weight":0.21191999999999933,"degrees":[256,778,25,53]},"num_concepts_raised":42477},{"base_id":84,"kind":"top_words","i1":3,"i2":9,"sol":{"path":["/c/en/portuguese","/c/en/rei","/c/en/given_name","/c/en/ricardo"],"weight":0.22030999999999926,"degrees":[256,23,1247,83]},"num_concepts_raised":26392},{"base_id":84,"kind":"top_words","i1":4,"i2":5,"sol":{"path":["/c/en/e","/c/en/east","/c/en/europe","/c/en/portugal"],"weight":0.2356199999999981,"degrees":[270,713,765,774]},"num_concepts_raised":69808},{"base_id":84,"kind":"top_words","i1":4,"i2":6,"sol":{"path":["/c/en/e","/c/en/china","/c/en/soccer_player","/c/en/pedro"],"weight":0.22008999999999912,"degrees":[270,1318,142,63]},"num_concepts_raised":55221},{"base_id":84,"kind":"top_words","i1":4,"i2":7,"sol":{"path":["/c/en/e","/c/en/in","/c/en/de"],"weight":0.20600000000000002,"degrees":[270,1742,184]},"num_concepts_raised":397},{"base_id":84,"kind":"top_words","i1":4,"i2":8,"sol":{"path":["/c/en/e","/c/en/state","/c/en/argentina","/c/en/pinto"],"weight":0.2150299999999992,"degrees":[270,3243,676,53]},"num_concepts_raised":70357},{"base_id":84,"kind":"top_words","i1":4,"i2":9,"sol":{"path":["/c/en/e","/c/en/china","/c/en/soccer_player","/c/en/ricardo"],"weight":0.2244099999999991,"degrees":[270,1318,142,83]},"num_concepts_raised":54275},{"base_id":84,"kind":"top_words","i1":5,"i2":6,"sol":{"path":["/c/en/portugal","/c/en/faro","/c/en/card_game","/c/en/pedro"],"weight":0.2226699999999986,"degrees":[774,33,470,63]},"num_concepts_raised":20941},{"base_id":84,"kind":"top_words","i1":5,"i2":7,"sol":{"path":["/c/en/portugal","/c/en/country","/c/en/us","/c/en/de"],"weight":0.2211899999999983,"degrees":[774,2796,8154,184]},"num_concepts_raised":54844},{"base_id":84,"kind":"top_words","i1":5,"i2":8,"sol":{"path":["/c/en/portugal","/c/en/lusitania","/c/en/spain","/c/en/pinto"],"weight":0.22211999999999865,"degrees":[774,79,972,53]},"num_concepts_raised":36114},{"base_id":84,"kind":"top_words","i1":5,"i2":9,"sol":{"path":["/c/en/portugal","/c/en/portuguese","/c/en/rei","/c/en/given_name","/c/en/ricardo"],"weight":0.23125999999999858,"degrees":[774,256,23,1247,83]},"num_concepts_raised":19945},{"base_id":84,"kind":"top_words","i1":6,"i2":7,"sol":{"path":["/c/en/pedro","/c/en/five","/c/en/us","/c/en/de"],"weight":0.20977999999999927,"degrees":[63,1089,8154,184]},"num_concepts_raised":39786},{"base_id":84,"kind":"top_words","i1":6,"i2":8,"sol":{"path":["/c/en/pedro","/c/en/trick","/c/en/clever","/c/es/pinto","/c/en/pinto"],"weight":0.20933999999999964,"degrees":[63,1286,566,25,53]},"num_concepts_raised":20861},{"base_id":84,"kind":"top_words","i1":6,"i2":9,"sol":{"path":["/c/en/pedro","/c/en/soccer_player","/c/en/ricardo"],"weight":0.20800000000000002,"degrees":[63,142,83]},"num_concepts_raised":133},{"base_id":84,"kind":"top_words","i1":7,"i2":8,"sol":{"path":["/c/en/de","/c/en/delaware","/c/en/native_american","/c/en/pinto"],"weight":0.20561999999999936,"degrees":[184,173,348,53]},"num_concepts_raised":55070},{"base_id":84,"kind":"top_words","i1":7,"i2":9,"sol":{"path":["/c/en/de","/c/en/di","/c/en/given_name","/c/en/ricardo"],"weight":0.21520999999999926,"degrees":[184,115,1247,83]},"num_concepts_raised":38828},{"base_id":84,"kind":"top_words","i1":8,"i2":9,"sol":{"path":["/c/en/pinto","/c/en/horse","/c/en/us","/c/en/given_name","/c/en/ricardo"],"weight":0.21271999999999963,"degrees":[53,3068,8154,1247,83]},"num_concepts_raised":19843}]]