[[{"base_id":690,"kind":"bot_words","i1":0,"i2":1,"sol":{"path":["/c/en/gambol","/c/en/play","/c/en/bayonet","/c/en/revolutionary","/c/en/revolutionist"],"weight":0.20561999999999978,"degrees":[64,3092,285,232,45]},"num_concepts_raised":8652},{"base_id":690,"kind":"bot_words","i1":0,"i2":2,"sol":{"path":["/c/en/gambol","/c/fr/gambader","/c/en/caper","/c/en/plant","/c/en/moringa"],"weight":0.20969999999999972,"degrees":[64,150,276,7959,59]},"num_concepts_raised":20592},{"base_id":690,"kind":"bot_words","i1":0,"i2":3,"sol":{"path":["/c/en/gambol","/c/en/british","/c/en/corrie","/c/en/cirque"],"weight":0.20572999999999983,"degrees":[64,3452,31,62]},"num_concepts_raised":12396},{"base_id":690,"kind":"bot_words","i1":0,"i2":4,"sol":{"path":["/c/en/gambol","/c/en/play","/c/en/form","/c/en/codify"],"weight":0.20399999999999985,"degrees":[64,3092,2423,94]},"num_concepts_raised":11285},{"base_id":690,"kind":"bot_words","i1":0,"i2":5,"sol":{"path":["/c/en/gambol","/c/en/play","/c/en/person","/c/en/brain","/c/en/tegmentum"],"weight":0.20848999999999987,"degrees":[64,3092,12935,1613,31]},"num_concepts_raised":8381},{"base_id":690,"kind":"bot_words","i1":0,"i2":6,"sol":{"path":["/c/en/gambol","/c/en/play","/c/en/trick","/c/en/misleading"],"weight":0.20497999999999977,"degrees":[64,3092,1286,154]},"num_concepts_raised":13133},{"base_id":690,"kind":"bot_words","i1":0,"i2":7,"sol":{"path":["/c/en/gambol","/c/en/british","/c/en/equerry"],"weight":0.202,"degrees":[64,3452,56]},"num_concepts_raised":99},{"base_id":690,"kind":"bot_words","i1":0,"i2":8,"sol":{"path":["/c/en/gambol","/c/en/frolic","/c/en/horse","/c/en/western","/c/en/westerly"],"weight":0.20549999999999982,"degrees":[64,237,3068,556,78]},"num_concepts_raised":9277},{"base_id":690,"kind":"bot_words","i1":0,"i2":9,"sol":{"path":["/c/en/gambol","/c/en/british","/c/en/grammar","/c/en/exhortative","/c/en/exhort"],"weight":0.2053699999999996,"degrees":[64,3452,6397,26,136]},"num_concepts_raised":11428},{"base_id":690,"kind":"bot_words","i1":1,"i2":2,"sol":{"path":["/c/en/revolutionist","/c/en/radical","/c/en/botany","/c/en/tree","/c/en/moringa"],"weight":0.20847999999999975,"degrees":[45,1161,6881,3598,59]},"num_concepts_raised":15638},{"base_id":690,"kind":"bot_words","i1":1,"i2":3,"sol":{"path":["/c/en/revolutionist","/c/fr/révolutionnaire","/c/fr/montagne","/c/fr/cirque","/c/en/cirque"],"weight":0.20674999999999982,"degrees":[45,104,684,186,62]},"num_concepts_raised":7367},{"base_id":690,"kind":"bot_words","i1":1,"i2":4,"sol":{"path":["/c/en/revolutionist","/c/en/revolutionary","/c/en/organization","/c/en/form","/c/en/codify"],"weight":0.20595999999999987,"degrees":[45,232,1375,2423,94]},"num_concepts_raised":6296},{"base_id":690,"kind":"bot_words","i1":1,"i2":5,"sol":{"path":["/c/en/revolutionist","/c/en/radical","/c/en/person","/c/en/brain","/c/en/tegmentum"],"weight":0.2082599999999999,"degrees":[45,1161,12935,1613,31]},"num_concepts_raised":3319},{"base_id":690,"kind":"bot_words","i1":1,"i2":6,"sol":{"path":["/c/en/revolutionist","/c/en/subversive","/c/en/disloyal","/c/fi/petollinen","/c/en/misleading"],"weight":0.20780999999999977,"degrees":[45,109,146,28,154]},"num_concepts_raised":8265},{"base_id":690,"kind":"bot_words","i1":1,"i2":7,"sol":{"path":["/c/en/revolutionist","/c/en/revolutionary","/c/en/organization","/c/en/officer","/c/en/equerry"],"weight":0.20547999999999975,"degrees":[45,232,1375,804,56]},"num_concepts_raised":9266},{"base_id":690,"kind":"bot_words","i1":1,"i2":8,"sol":{"path":["/c/en/revolutionist","/c/en/subversive","/c/en/social","/c/zh/西風","/c/en/westerly"],"weight":0.20567999999999984,"degrees":[45,109,934,10,78]},"num_concepts_raised":4237},{"base_id":690,"kind":"bot_words","i1":1,"i2":9,"sol":{"path":["/c/en/revolutionist","/c/en/radical","/c/en/root","/c/en/cheer","/c/en/exhort"],"weight":0.20424999999999965,"degrees":[45,1161,1503,456,136]},"num_concepts_raised":6395},{"base_id":690,"kind":"bot_words","i1":2,"i2":3,"sol":{"path":["/c/en/moringa","/c/en/india","/c/en/historical","/c/fr/cirque","/c/en/cirque"],"weight":0.2118799999999998,"degrees":[59,1846,8415,186,62]},"num_concepts_raised":19367},{"base_id":690,"kind":"bot_words","i1":2,"i2":4,"sol":{"path":["/c/en/moringa","/c/en/plant","/c/en/form","/c/en/codify"],"weight":0.20892999999999984,"degrees":[59,7959,2423,94]},"num_concepts_raised":18307},{"base_id":690,"kind":"bot_words","i1":2,"i2":5,"sol":{"path":["/c/en/moringa","/c/en/plant","/c/en/spore","/c/en/tectum","/c/en/tegmentum"],"weight":0.21542999999999984,"degrees":[59,7959,471,31,31]},"num_concepts_raised":15365},{"base_id":690,"kind":"bot_words","i1":2,"i2":6,"sol":{"path":["/c/en/moringa","/c/en/plant","/c/en/person","/c/en/mislead","/c/en/misleading"],"weight":0.21193999999999974,"degrees":[59,7959,12935,219,154]},"num_concepts_raised":20260},{"base_id":690,"kind":"bot_words","i1":2,"i2":7,"sol":{"path":["/c/en/moringa","/c/en/india","/c/en/historical","/c/fr/écuyer","/c/en/equerry"],"weight":0.20952999999999972,"degrees":[59,1846,8415,98,56]},"num_concepts_raised":21212},{"base_id":690,"kind":"bot_words","i1":2,"i2":8,"sol":{"path":["/c/en/moringa","/c/en/india","/c/en/wind","/c/en/west","/c/en/westerly"],"weight":0.2105499999999998,"degrees":[59,1846,2373,689,78]},"num_concepts_raised":16248},{"base_id":690,"kind":"bot_words","i1":2,"i2":9,"sol":{"path":["/c/en/moringa","/c/fr/arbres","/c/fr/porter","/c/fr/exhorter","/c/en/exhort"],"weight":0.2104499999999996,"degrees":[59,1044,1423,147,136]},"num_concepts_raised":18436},{"base_id":690,"kind":"bot_words","i1":3,"i2":4,"sol":{"path":["/c/en/cirque","/c/fr/cirque","/c/en/historical","/c/en/form","/c/en/codify"],"weight":0.20724999999999993,"degrees":[62,186,8415,2423,94]},"num_concepts_raised":10048},{"base_id":690,"kind":"bot_words","i1":3,"i2":5,"sol":{"path":["/c/en/cirque","/c/en/depression","/c/en/pan","/c/en/brain","/c/en/tegmentum"],"weight":0.20852999999999994,"degrees":[62,839,880,1613,31]},"num_concepts_raised":7101},{"base_id":690,"kind":"bot_words","i1":3,"i2":6,"sol":{"path":["/c/en/cirque","/c/en/depression","/c/en/impression","/c/en/misleading"],"weight":0.20495999999999984,"degrees":[62,839,487,154]},"num_concepts_raised":12029},{"base_id":690,"kind":"bot_words","i1":3,"i2":7,"sol":{"path":["/c/en/cirque","/c/en/corrie","/c/en/british","/c/en/equerry"],"weight":0.2056599999999998,"degrees":[62,31,3452,56]},"num_concepts_raised":13014},{"base_id":690,"kind":"bot_words","i1":3,"i2":8,"sol":{"path":["/c/en/cirque","/c/fr/cirque","/c/en/historical","/c/en/west","/c/en/westerly"],"weight":0.20867999999999987,"degrees":[62,186,8415,689,78]},"num_concepts_raised":8010},{"base_id":690,"kind":"bot_words","i1":3,"i2":9,"sol":{"path":["/c/en/cirque","/c/en/depression","/c/en/mood","/c/en/exhortative","/c/en/exhort"],"weight":0.20553999999999967,"degrees":[62,839,680,26,136]},"num_concepts_raised":10174},{"base_id":690,"kind":"bot_words","i1":4,"i2":5,"sol":{"path":["/c/en/codify","/c/en/code","/c/en/computer","/c/en/brain","/c/en/tegmentum"],"weight":0.20894,"degrees":[94,681,2068,1613,31]},"num_concepts_raised":6033},{"base_id":690,"kind":"bot_words","i1":4,"i2":6,"sol":{"path":["/c/en/codify","/c/en/form","/c/en/impression","/c/en/misleading"],"weight":0.2052399999999999,"degrees":[94,2423,487,154]},"num_concepts_raised":10825},{"base_id":690,"kind":"bot_words","i1":4,"i2":7,"sol":{"path":["/c/en/codify","/c/en/codex","/c/en/official","/c/en/equerry"],"weight":0.20493999999999984,"degrees":[94,123,1131,56]},"num_concepts_raised":11899},{"base_id":690,"kind":"bot_words","i1":4,"i2":8,"sol":{"path":["/c/en/codify","/c/en/form","/c/en/historical","/c/en/west","/c/en/westerly"],"weight":0.2057699999999999,"degrees":[94,2423,8415,689,78]},"num_concepts_raised":6949},{"base_id":690,"kind":"bot_words","i1":4,"i2":9,"sol":{"path":["/c/en/codify","/c/en/form","/c/fr/faire","/c/fr/exhorter","/c/en/exhort"],"weight":0.20597999999999972,"degrees":[94,2423,4336,147,136]},"num_concepts_raised":9088},{"base_id":690,"kind":"bot_words","i1":5,"i2":6,"sol":{"path":["/c/en/tegmentum","/c/en/brain","/c/en/person","/c/en/mislead","/c/en/misleading"],"weight":0.2118199999999999,"degrees":[31,1613,12935,219,154]},"num_concepts_raised":7993},{"base_id":690,"kind":"bot_words","i1":5,"i2":7,"sol":{"path":["/c/en/tegmentum","/c/en/brain","/c/en/person","/c/en/officer","/c/en/equerry"],"weight":0.20833999999999986,"degrees":[31,1613,12935,804,56]},"num_concepts_raised":9001},{"base_id":690,"kind":"bot_words","i1":5,"i2":8,"sol":{"path":["/c/en/tegmentum","/c/en/brain","/c/en/brainstorm","/c/en/storm","/c/en/westerly"],"weight":0.20867999999999992,"degrees":[31,1613,67,1015,78]},"num_concepts_raised":3970},{"base_id":690,"kind":"bot_words","i1":5,"i2":9,"sol":{"path":["/c/en/tegmentum","/c/en/brain","/c/en/emotion","/c/la/ex","/c/en/exhort"],"weight":0.20919999999999975,"degrees":[31,1613,905,468,136]},"num_concepts_raised":6129},{"base_id":690,"kind":"bot_words","i1":6,"i2":7,"sol":{"path":["/c/en/misleading","/c/en/instructions","/c/en/care","/c/en/equerry"],"weight":0.20465999999999973,"degrees":[154,62,1526,56]},"num_concepts_raised":13883},{"base_id":690,"kind":"bot_words","i1":6,"i2":8,"sol":{"path":["/c/en/misleading","/c/en/mislead","/c/en/direction","/c/en/west","/c/en/westerly"],"weight":0.2088499999999998,"degrees":[154,219,1258,689,78]},"num_concepts_raised":8907},{"base_id":690,"kind":"bot_words","i1":6,"i2":9,"sol":{"path":["/c/en/misleading","/c/en/deceptive","/c/en/bait_and_switch","/c/en/urge","/c/en/exhort"],"weight":0.20849999999999963,"degrees":[154,190,23,601,136]},"num_concepts_raised":11034},{"base_id":690,"kind":"bot_words","i1":7,"i2":8,"sol":{"path":["/c/en/equerry","/c/fr/écuyer","/c/en/historical","/c/en/west","/c/en/westerly"],"weight":0.2063299999999998,"degrees":[56,98,8415,689,78]},"num_concepts_raised":9902},{"base_id":690,"kind":"bot_words","i1":7,"i2":9,"sol":{"path":["/c/en/equerry","/c/en/care","/c/en/caution","/c/en/exhortation","/c/en/exhort"],"weight":0.20538999999999957,"degrees":[56,1526,412,101,136]},"num_concepts_raised":12046},{"base_id":690,"kind":"bot_words","i1":8,"i2":9,"sol":{"path":["/c/en/westerly","/c/en/west","/c/en/set","/c/ru/наставить","/c/en/exhort"],"weight":0.20616999999999966,"degrees":[78,689,2628,36,136]},"num_concepts_raised":7041}],[{"base_id":690,"kind":"top_words","i1":0,"i2":1,"sol":{"path":["/c/en/eris","/c/en/astronomy","/c/en/science","/c/en/organic_chemistry","/c/en/butyric"],"weight":0.20978999999999953,"degrees":[209,4553,1674,6499,34]},"num_concepts_raised":16858},{"base_id":690,"kind":"top_words","i1":0,"i2":2,"sol":{"path":["/c/en/eris","/c/en/astronomy","/c/en/calypso","/c/en/orchid","/c/en/vanda"],"weight":0.2168499999999995,"degrees":[209,4553,192,371,40]},"num_concepts_raised":16477},{"base_id":690,"kind":"top_words","i1":0,"i2":3,"sol":{"path":["/c/en/eris","/c/en/greek_mythology","/c/en/greek","/c/en/hellenic"],"weight":0.21266999999999942,"degrees":[209,1305,647,88]},"num_concepts_raised":10266},{"base_id":690,"kind":"top_words","i1":0,"i2":4,"sol":{"path":["/c/en/eris","/c/en/lethe","/c/en/insect","/c/en/morpho","/c/en/morphos"],"weight":0.2164899999999995,"degrees":[209,94,2112,38,24]},"num_concepts_raised":10456},{"base_id":690,"kind":"top_words","i1":0,"i2":5,"sol":{"path":["/c/en/eris","/c/en/discord","/c/en/person","/c/en/crispus"],"weight":0.21451999999999943,"degrees":[209,367,12935,33]},"num_concepts_raised":29085},{"base_id":690,"kind":"top_words","i1":0,"i2":6,"sol":{"path":["/c/en/eris","/c/en/lethe","/c/en/insect","/c/en/derogatory","/c/en/tard"],"weight":0.21143999999999954,"degrees":[209,94,2112,3326,24]},"num_concepts_raised":27755},{"base_id":690,"kind":"top_words","i1":0,"i2":7,"sol":{"path":["/c/en/eris","/c/en/solar_system","/c/en/geocentric","/c/en/ptolemaic"],"weight":0.21049999999999955,"degrees":[209,416,45,30]},"num_concepts_raised":10319},{"base_id":690,"kind":"top_words","i1":0,"i2":8,"sol":{"path":["/c/en/eris","/c/en/astronomy","/c/en/larissa","/c/en/city","/c/en/rajshahi"],"weight":0.21691999999999947,"degrees":[209,4553,137,3758,42]},"num_concepts_raised":12314},{"base_id":690,"kind":"top_words","i1":0,"i2":9,"sol":{"path":["/c/en/eris","/c/en/peleus","/c/en/telamon"],"weight":0.20400000000000001,"degrees":[209,75,36]},"num_concepts_raised":164},{"base_id":690,"kind":"top_words","i1":1,"i2":2,"sol":{"path":["/c/en/butyric","/c/en/butter","/c/en/color","/c/en/orchid","/c/en/vanda"],"weight":0.2100899999999999,"degrees":[34,922,1870,371,40]},"num_concepts_raised":15659},{"base_id":690,"kind":"top_words","i1":1,"i2":3,"sol":{"path":["/c/en/butyric","/c/en/radical","/c/en/mathematics","/c/en/greek","/c/en/hellenic"],"weight":0.2060399999999998,"degrees":[34,1161,7601,647,88]},"num_concepts_raised":9496},{"base_id":690,"kind":"top_words","i1":1,"i2":4,"sol":{"path":["/c/en/butyric","/c/en/butter","/c/en/butterfly","/c/en/morpho","/c/en/morphos"],"weight":0.20784999999999987,"degrees":[34,922,961,38,24]},"num_concepts_raised":9644},{"base_id":690,"kind":"top_words","i1":1,"i2":5,"sol":{"path":["/c/en/butyric","/c/en/radical","/c/en/person","/c/en/crispus"],"weight":0.20790999999999982,"degrees":[34,1161,12935,33]},"num_concepts_raised":28372},{"base_id":690,"kind":"top_words","i1":1,"i2":6,"sol":{"path":["/c/en/butyric","/c/en/butter","/c/en/slang","/c/en/tard"],"weight":0.20390999999999992,"degrees":[34,922,16318,24]},"num_concepts_raised":26942},{"base_id":690,"kind":"top_words","i1":1,"i2":7,"sol":{"path":["/c/en/butyric","/c/en/radical","/c/en/person","/c/en/ptolemy","/c/en/ptolemaic"],"weight":0.20404999999999993,"degrees":[34,1161,12935,157,30]},"num_concepts_raised":9520},{"base_id":690,"kind":"top_words","i1":1,"i2":8,"sol":{"path":["/c/en/butyric","/c/en/organic_chemistry","/c/en/living","/c/en/city","/c/en/rajshahi"],"weight":0.21020999999999984,"degrees":[34,6499,839,3758,42]},"num_concepts_raised":11513},{"base_id":690,"kind":"top_words","i1":1,"i2":9,"sol":{"path":["/c/en/butyric","/c/en/butyric_acid","/c/en/animal","/c/en/man","/c/en/telamon"],"weight":0.20403999999999992,"degrees":[34,140,3735,3068,36]},"num_concepts_raised":16471},{"base_id":690,"kind":"top_words","i1":2,"i2":3,"sol":{"path":["/c/en/vanda","/c/en/plant","/c/en/us","/c/en/greek","/c/en/hellenic"],"weight":0.21104999999999977,"degrees":[40,7959,8154,647,88]},"num_concepts_raised":9133},{"base_id":690,"kind":"top_words","i1":2,"i2":4,"sol":{"path":["/c/en/vanda","/c/en/orchid","/c/en/tropical","/c/en/morpho","/c/en/morphos"],"weight":0.21487999999999985,"degrees":[40,371,413,38,24]},"num_concepts_raised":9275},{"base_id":690,"kind":"top_words","i1":2,"i2":5,"sol":{"path":["/c/en/vanda","/c/en/plant","/c/en/person","/c/en/crispus"],"weight":0.21291999999999978,"degrees":[40,7959,12935,33]},"num_concepts_raised":27957},{"base_id":690,"kind":"top_words","i1":2,"i2":6,"sol":{"path":["/c/en/vanda","/c/en/plant","/c/en/slang","/c/en/tard"],"weight":0.2088999999999999,"degrees":[40,7959,16318,24]},"num_concepts_raised":26538},{"base_id":690,"kind":"top_words","i1":2,"i2":7,"sol":{"path":["/c/en/vanda","/c/en/plant","/c/en/person","/c/en/ptolemy","/c/en/ptolemaic"],"weight":0.20905999999999988,"degrees":[40,7959,12935,157,30]},"num_concepts_raised":9164},{"base_id":690,"kind":"top_words","i1":2,"i2":8,"sol":{"path":["/c/en/vanda","/c/en/orchid","/c/en/areas","/c/en/city","/c/en/rajshahi"],"weight":0.21723999999999982,"degrees":[40,371,37,3758,42]},"num_concepts_raised":11139},{"base_id":690,"kind":"top_words","i1":2,"i2":9,"sol":{"path":["/c/en/vanda","/c/en/plant","/c/en/table","/c/en/atlas","/c/en/telamon"],"weight":0.2092299999999999,"degrees":[40,7959,1618,621,36]},"num_concepts_raised":16072},{"base_id":690,"kind":"top_words","i1":3,"i2":4,"sol":{"path":["/c/en/hellenic","/c/en/greek","/c/en/computing","/c/en/software","/c/en/morphos"],"weight":0.21080999999999975,"degrees":[88,647,9084,1812,24]},"num_concepts_raised":3099},{"base_id":690,"kind":"top_words","i1":3,"i2":5,"sol":{"path":["/c/en/hellenic","/c/en/greek","/c/en/person","/c/en/crispus"],"weight":0.2108999999999997,"degrees":[88,647,12935,33]},"num_concepts_raised":21699},{"base_id":690,"kind":"top_words","i1":3,"i2":6,"sol":{"path":["/c/en/hellenic","/c/en/greek","/c/en/slang","/c/en/tard"],"weight":0.2068799999999998,"degrees":[88,647,16318,24]},"num_concepts_raised":20444},{"base_id":690,"kind":"top_words","i1":3,"i2":7,"sol":{"path":["/c/en/hellenic","/c/en/hellenistic","/c/en/ptolemaic"],"weight":0.20400000000000001,"degrees":[88,61,30]},"num_concepts_raised":94},{"base_id":690,"kind":"top_words","i1":3,"i2":8,"sol":{"path":["/c/en/hellenic","/c/en/greek","/c/en/human","/c/en/city","/c/en/rajshahi"],"weight":0.21318999999999974,"degrees":[88,647,2645,3758,42]},"num_concepts_raised":4957},{"base_id":690,"kind":"top_words","i1":3,"i2":9,"sol":{"path":["/c/en/hellenic","/c/fr/hellénistique","/c/fr/télamon","/c/en/telamon"],"weight":0.2037199999999998,"degrees":[88,17,26,36]},"num_concepts_raised":9919},{"base_id":690,"kind":"top_words","i1":4,"i2":5,"sol":{"path":["/c/en/morphos","/c/en/software","/c/en/computer","/c/en/person","/c/en/crispus"],"weight":0.21274999999999977,"degrees":[24,1812,2068,12935,33]},"num_concepts_raised":21959},{"base_id":690,"kind":"top_words","i1":4,"i2":6,"sol":{"path":["/c/en/morphos","/c/en/software","/c/en/hardware","/c/en/slang","/c/en/tard"],"weight":0.20870999999999987,"degrees":[24,1812,351,16318,24]},"num_concepts_raised":20508},{"base_id":690,"kind":"top_words","i1":4,"i2":7,"sol":{"path":["/c/en/morphos","/c/en/software","/c/en/cairo","/c/en/egypt","/c/en/ptolemaic"],"weight":0.20774999999999988,"degrees":[24,1812,276,430,30]},"num_concepts_raised":3123},{"base_id":690,"kind":"top_words","i1":4,"i2":8,"sol":{"path":["/c/en/morphos","/c/en/software","/c/en/industry","/c/en/city","/c/en/rajshahi"],"weight":0.2149999999999998,"degrees":[24,1812,834,3758,42]},"num_concepts_raised":5114},{"base_id":690,"kind":"top_words","i1":4,"i2":9,"sol":{"path":["/c/en/morphos","/c/en/software","/c/de/brücke","/c/fr/architecture","/c/en/telamon"],"weight":0.20778999999999986,"degrees":[24,1812,241,2237,36]},"num_concepts_raised":10072},{"base_id":690,"kind":"top_words","i1":5,"i2":6,"sol":{"path":["/c/en/crispus","/c/en/person","/c/en/man","/c/en/slang","/c/en/tard"],"weight":0.20881999999999984,"degrees":[33,12935,3068,16318,24]},"num_concepts_raised":38711},{"base_id":690,"kind":"top_words","i1":5,"i2":7,"sol":{"path":["/c/en/crispus","/c/en/person","/c/en/ptolemy","/c/en/ptolemaic"],"weight":0.20894999999999986,"degrees":[33,12935,157,30]},"num_concepts_raised":21781},{"base_id":690,"kind":"top_words","i1":5,"i2":8,"sol":{"path":["/c/en/crispus","/c/en/person","/c/en/human","/c/en/city","/c/en/rajshahi"],"weight":0.21511999999999976,"degrees":[33,12935,2645,3758,42]},"num_concepts_raised":23699},{"base_id":690,"kind":"top_words","i1":5,"i2":9,"sol":{"path":["/c/en/crispus","/c/en/person","/c/en/man","/c/en/telamon"],"weight":0.20794999999999986,"degrees":[33,12935,3068,36]},"num_concepts_raised":28308},{"base_id":690,"kind":"top_words","i1":6,"i2":7,"sol":{"path":["/c/en/tard","/c/en/slang","/c/en/cush","/c/en/egypt","/c/en/ptolemaic"],"weight":0.20380999999999994,"degrees":[24,16318,41,430,30]},"num_concepts_raised":20445},{"base_id":690,"kind":"top_words","i1":6,"i2":8,"sol":{"path":["/c/en/tard","/c/en/slang","/c/en/york","/c/en/city","/c/en/rajshahi"],"weight":0.21108999999999986,"degrees":[24,16318,216,3758,42]},"num_concepts_raised":22421},{"base_id":690,"kind":"top_words","i1":6,"i2":9,"sol":{"path":["/c/en/tard","/c/en/slang","/c/en/man","/c/en/telamon"],"weight":0.2038399999999999,"degrees":[24,16318,3068,36]},"num_concepts_raised":27137},{"base_id":690,"kind":"top_words","i1":7,"i2":8,"sol":{"path":["/c/en/ptolemaic","/c/en/egypt","/c/en/country","/c/en/city","/c/en/rajshahi"],"weight":0.21013999999999988,"degrees":[30,430,2796,3758,42]},"num_concepts_raised":4971},{"base_id":690,"kind":"top_words","i1":7,"i2":9,"sol":{"path":["/c/en/ptolemaic","/c/en/egypt","/c/en/country","/c/en/atlas","/c/en/telamon"],"weight":0.20414999999999994,"degrees":[30,430,2796,621,36]},"num_concepts_raised":9932},{"base_id":690,"kind":"top_words","i1":8,"i2":9,"sol":{"path":["/c/en/rajshahi","/c/en/city","/c/en/country","/c/en/atlas","/c/en/telamon"],"weight":0.21140999999999988,"degrees":[42,3758,2796,621,36]},"num_concepts_raised":11905}]]