[[{"base_id":750,"kind":"bot_words","i1":0,"i2":1,"sol":{"path":["/c/en/artemia","/c/en/brine_shrimp","/c/en/order","/c/en/person","/c/en/ideology","/c/en/ideologist"],"weight":0.21218659999999995,"degrees":[24,65,2833,12935,405,49]},"num_concepts_raised":98388},{"base_id":750,"kind":"bot_words","i1":0,"i2":2,"sol":{"path":["/c/en/artemia","/c/en/brine_shrimp","/c/en/order","/c/en/person","/c/en/bob","/c/en/bobsleigh"],"weight":0.2164556999999997,"degrees":[24,65,2833,12935,274,92]},"num_concepts_raised":575366},{"base_id":750,"kind":"bot_words","i1":0,"i2":3,"sol":{"path":["/c/en/artemia","/c/en/arthropod_genus","/c/en/genus","/c/fr/genre","/c/fr/mètre","/c/en/metre"],"weight":0.23477189999999917,"degrees":[24,263,2240,1495,397,378]},"num_concepts_raised":1305186},{"base_id":750,"kind":"bot_words","i1":0,"i2":4,"sol":{"path":["/c/en/artemia","/c/en/brine_shrimp","/c/en/aquatic","/c/en/plant","/c/en/tree","/c/en/treetop"],"weight":0.2086625999999995,"degrees":[24,65,331,7959,3598,56]},"num_concepts_raised":622877},{"base_id":750,"kind":"bot_words","i1":0,"i2":5,"sol":{"path":["/c/en/artemia","/c/en/brine_shrimp","/c/en/crustacean","/c/en/water","/c/en/mineral","/c/en/phlogopite"],"weight":0.2183781999999988,"degrees":[24,65,530,4606,8530,63]},"num_concepts_raised":325903},{"base_id":750,"kind":"bot_words","i1":0,"i2":6,"sol":{"path":["/c/en/artemia","/c/en/brine_shrimp","/c/en/order","/c/en/high","/c/en/anticyclone"],"weight":0.21471999999999997,"degrees":[24,65,2833,1658,140]},"num_concepts_raised":11953},{"base_id":750,"kind":"bot_words","i1":0,"i2":7,"sol":{"path":["/c/en/artemia","/c/en/brine_shrimp","/c/en/aquatic","/c/en/plant","/c/en/fern"],"weight":0.21993999999999914,"degrees":[24,65,331,7959,569]},"num_concepts_raised":19159},{"base_id":750,"kind":"bot_words","i1":0,"i2":8,"sol":{"path":["/c/en/artemia","/c/en/brine_shrimp","/c/en/order","/c/en/group","/c/en/band","/c/en/bandwagon"],"weight":0.20738059999999967,"degrees":[24,65,2833,2339,1893,36]},"num_concepts_raised":288216},{"base_id":750,"kind":"bot_words","i1":0,"i2":9,"sol":{"path":["/c/en/artemia","/c/en/arthropod_genus","/c/en/genus","/c/en/gender","/c/en/unisex"],"weight":0.20311999999999988,"degrees":[24,263,2240,690,60]},"num_concepts_raised":4016},{"base_id":750,"kind":"bot_words","i1":1,"i2":2,"sol":{"path":["/c/en/ideologist","/c/en/ideology","/c/en/person","/c/en/bob","/c/en/bobsleigh"],"weight":0.2131599999999999,"degrees":[49,405,12935,274,92]},"num_concepts_raised":9699},{"base_id":750,"kind":"bot_words","i1":1,"i2":3,"sol":{"path":["/c/en/ideologist","/c/fr/idéologue","/c/fr/base","/c/en/metre"],"weight":0.21358999999999953,"degrees":[49,31,716,378]},"num_concepts_raised":28500},{"base_id":750,"kind":"bot_words","i1":1,"i2":4,"sol":{"path":["/c/en/ideologist","/c/en/ideology","/c/en/religion","/c/en/crown","/c/en/treetop"],"weight":0.2056699999999999,"degrees":[49,405,3331,1373,56]},"num_concepts_raised":10182},{"base_id":750,"kind":"bot_words","i1":1,"i2":5,"sol":{"path":["/c/en/ideologist","/c/en/ideology","/c/en/person","/c/en/flame","/c/en/phlogopite"],"weight":0.21072,"degrees":[49,405,12935,677,63]},"num_concepts_raised":12598},{"base_id":750,"kind":"bot_words","i1":1,"i2":6,"sol":{"path":["/c/en/ideologist","/c/en/doctrine","/c/en/justiciary","/c/en/high","/c/en/anticyclone"],"weight":0.21413000000000004,"degrees":[49,662,112,1658,140]},"num_concepts_raised":13177},{"base_id":750,"kind":"bot_words","i1":1,"i2":7,"sol":{"path":["/c/en/ideologist","/c/en/ideology","/c/en/person","/c/en/plant","/c/en/fern"],"weight":0.22141999999999923,"degrees":[49,405,12935,7959,569]},"num_concepts_raised":20396},{"base_id":750,"kind":"bot_words","i1":1,"i2":8,"sol":{"path":["/c/en/ideologist","/c/en/advocate","/c/ms/pendukung","/c/en/bandwagon"],"weight":0.20309999999999995,"degrees":[49,583,12,36]},"num_concepts_raised":4652},{"base_id":750,"kind":"bot_words","i1":1,"i2":9,"sol":{"path":["/c/en/ideologist","/c/en/ideology","/c/en/person","/c/en/gender","/c/en/unisex"],"weight":0.20569999999999994,"degrees":[49,405,12935,690,60]},"num_concepts_raised":5254},{"base_id":750,"kind":"bot_words","i1":2,"i2":3,"sol":{"path":["/c/en/bobsleigh","/c/en/uk","/c/it/metro","/c/en/metre"],"weight":0.22043999999999947,"degrees":[92,5562,60,378]},"num_concepts_raised":34517},{"base_id":750,"kind":"bot_words","i1":2,"i2":4,"sol":{"path":["/c/en/bobsleigh","/c/en/bobsled","/c/en/canada","/c/en/crown","/c/en/treetop"],"weight":0.21135999999999983,"degrees":[92,70,2402,1373,56]},"num_concepts_raised":16513},{"base_id":750,"kind":"bot_words","i1":2,"i2":5,"sol":{"path":["/c/en/bobsleigh","/c/en/bob","/c/en/element","/c/en/mineral","/c/en/phlogopite"],"weight":0.2185299999999999,"degrees":[92,274,1173,8530,63]},"num_concepts_raised":19098},{"base_id":750,"kind":"bot_words","i1":2,"i2":6,"sol":{"path":["/c/en/bobsleigh","/c/en/uk","/c/en/low","/c/en/anticyclone"],"weight":0.21547,"degrees":[92,5562,1298,140]},"num_concepts_raised":19554},{"base_id":750,"kind":"bot_words","i1":2,"i2":7,"sol":{"path":["/c/en/bobsleigh","/c/en/sport","/c/en/plant","/c/en/fern"],"weight":0.22488999999999915,"degrees":[92,1809,7959,569]},"num_concepts_raised":26709},{"base_id":750,"kind":"bot_words","i1":2,"i2":8,"sol":{"path":["/c/en/bobsleigh","/c/en/bobsled","/c/en/us","/c/en/wagon","/c/en/bandwagon"],"weight":0.21192999999999984,"degrees":[92,70,8154,392,36]},"num_concepts_raised":11111},{"base_id":750,"kind":"bot_words","i1":2,"i2":9,"sol":{"path":["/c/en/bobsleigh","/c/en/bob","/c/en/sex","/c/en/unisex"],"weight":0.21224999999999988,"degrees":[92,274,1592,60]},"num_concepts_raised":11729},{"base_id":750,"kind":"bot_words","i1":3,"i2":4,"sol":{"path":["/c/en/metre","/c/en/british","/c/en/crown","/c/en/treetop"],"weight":0.2147699999999994,"degrees":[378,3452,1373,56]},"num_concepts_raised":35144},{"base_id":750,"kind":"bot_words","i1":3,"i2":5,"sol":{"path":["/c/en/metre","/c/en/british","/c/en/mineral","/c/en/phlogopite"],"weight":0.22199999999999953,"degrees":[378,3452,8530,63]},"num_concepts_raised":37804},{"base_id":750,"kind":"bot_words","i1":3,"i2":6,"sol":{"path":["/c/en/metre","/c/ru/метровый","/c/en/high","/c/en/anticyclone"],"weight":0.22331999999999957,"degrees":[378,11,1658,140]},"num_concepts_raised":37993},{"base_id":750,"kind":"bot_words","i1":3,"i2":7,"sol":{"path":["/c/en/metre","/c/sa/वृत्त","/c/en/plant","/c/en/fern"],"weight":0.22842999999999875,"degrees":[378,66,7959,569]},"num_concepts_raised":45266},{"base_id":750,"kind":"bot_words","i1":3,"i2":8,"sol":{"path":["/c/en/metre","/c/en/music","/c/en/band","/c/en/bandwagon"],"weight":0.21273999999999946,"degrees":[378,8822,1893,36]},"num_concepts_raised":29659},{"base_id":750,"kind":"bot_words","i1":3,"i2":9,"sol":{"path":["/c/en/metre","/c/fr/base","/c/en/basis","/c/en/unisex"],"weight":0.21261999999999948,"degrees":[378,716,436,60]},"num_concepts_raised":30419},{"base_id":750,"kind":"bot_words","i1":4,"i2":5,"sol":{"path":["/c/en/treetop","/c/en/tree","/c/en/oxygen","/c/en/phlogopite"],"weight":0.20874999999999988,"degrees":[56,3598,3487,63]},"num_concepts_raised":19564},{"base_id":750,"kind":"bot_words","i1":4,"i2":6,"sol":{"path":["/c/en/treetop","/c/en/top","/c/en/high","/c/en/anticyclone"],"weight":0.21432999999999994,"degrees":[56,1498,1658,140]},"num_concepts_raised":19990},{"base_id":750,"kind":"bot_words","i1":4,"i2":7,"sol":{"path":["/c/en/treetop","/c/en/tree","/c/en/plant","/c/en/fern"],"weight":0.21962999999999913,"degrees":[56,3598,7959,569]},"num_concepts_raised":26822},{"base_id":750,"kind":"bot_words","i1":4,"i2":8,"sol":{"path":["/c/en/treetop","/c/en/tree","/c/en/yard","/c/en/wagon","/c/en/bandwagon"],"weight":0.20426999999999984,"degrees":[56,3598,825,392,36]},"num_concepts_raised":11611},{"base_id":750,"kind":"bot_words","i1":4,"i2":9,"sol":{"path":["/c/en/treetop","/c/en/crown","/c/en/male","/c/en/sex","/c/en/unisex"],"weight":0.20485999999999985,"degrees":[56,1373,2222,1592,60]},"num_concepts_raised":12201},{"base_id":750,"kind":"bot_words","i1":5,"i2":6,"sol":{"path":["/c/en/phlogopite","/c/en/flame","/c/en/low","/c/en/anticyclone"],"weight":0.21512000000000003,"degrees":[63,677,1298,140]},"num_concepts_raised":22519},{"base_id":750,"kind":"bot_words","i1":5,"i2":7,"sol":{"path":["/c/en/phlogopite","/c/en/mineral","/c/en/plant","/c/en/fern"],"weight":0.2266699999999992,"degrees":[63,8530,7959,569]},"num_concepts_raised":29731},{"base_id":750,"kind":"bot_words","i1":5,"i2":8,"sol":{"path":["/c/en/phlogopite","/c/en/silicon","/c/en/band","/c/en/bandwagon"],"weight":0.20835999999999993,"degrees":[63,1298,1893,36]},"num_concepts_raised":14068},{"base_id":750,"kind":"bot_words","i1":5,"i2":9,"sol":{"path":["/c/en/phlogopite","/c/en/mineral","/c/en/animal","/c/en/sex","/c/en/unisex"],"weight":0.21205999999999992,"degrees":[63,8530,3735,1592,60]},"num_concepts_raised":14675},{"base_id":750,"kind":"bot_words","i1":6,"i2":7,"sol":{"path":["/c/en/anticyclone","/c/en/high","/c/en/weed","/c/en/plant","/c/en/fern"],"weight":0.23000999999999927,"degrees":[140,1658,699,7959,569]},"num_concepts_raised":30193},{"base_id":750,"kind":"bot_words","i1":6,"i2":8,"sol":{"path":["/c/en/anticyclone","/c/en/high","/c/en/band","/c/en/bandwagon"],"weight":0.21384999999999998,"degrees":[140,1658,1893,36]},"num_concepts_raised":14621},{"base_id":750,"kind":"bot_words","i1":6,"i2":9,"sol":{"path":["/c/en/anticyclone","/c/en/high","/c/en/great","/c/en/sex","/c/en/unisex"],"weight":0.21536,"degrees":[140,1658,1453,1592,60]},"num_concepts_raised":15228},{"base_id":750,"kind":"bot_words","i1":7,"i2":8,"sol":{"path":["/c/en/fern","/c/en/ring","/c/en/band","/c/en/bandwagon"],"weight":0.21482999999999916,"degrees":[569,2026,1893,36]},"num_concepts_raised":21781},{"base_id":750,"kind":"bot_words","i1":7,"i2":9,"sol":{"path":["/c/en/fern","/c/en/species","/c/en/sex","/c/en/unisex"],"weight":0.21623999999999918,"degrees":[569,1659,1592,60]},"num_concepts_raised":22363},{"base_id":750,"kind":"bot_words","i1":8,"i2":9,"sol":{"path":["/c/en/bandwagon","/c/en/wagon","/c/en/slang","/c/en/sex","/c/en/unisex"],"weight":0.20534999999999987,"degrees":[36,392,16318,1592,60]},"num_concepts_raised":6734}],[{"base_id":750,"kind":"top_words","i1":0,"i2":1,"sol":{"path":["/c/en/distillate","/c/en/liquid","/c/en/humour","/c/en/joke","/c/en/jocularity"],"weight":0.20318999999999987,"degrees":[53,1778,386,942,30]},"num_concepts_raised":7962},{"base_id":750,"kind":"top_words","i1":0,"i2":2,"sol":{"path":["/c/en/distillate","/c/en/liquid","/c/en/water","/c/en/fish","/c/en/walleye"],"weight":0.20449999999999974,"degrees":[53,1778,4606,4424,53]},"num_concepts_raised":13864},{"base_id":750,"kind":"top_words","i1":0,"i2":3,"sol":{"path":["/c/en/distillate","/c/en/fraction","/c/en/cent","/c/en/abraham","/c/en/ibrahim"],"weight":0.21042999999999976,"degrees":[53,449,397,276,38]},"num_concepts_raised":7433},{"base_id":750,"kind":"top_words","i1":0,"i2":4,"sol":{"path":["/c/en/distillate","/c/en/distillation","/c/en/oil_of_brick","/c/en/medicine","/c/en/nootropic"],"weight":0.20963999999999963,"degrees":[53,243,8,11938,77]},"num_concepts_raised":16815},{"base_id":750,"kind":"top_words","i1":0,"i2":5,"sol":{"path":["/c/en/distillate","/c/en/liquid","/c/en/liqueur","/c/en/cointreau"],"weight":0.20831999999999978,"degrees":[53,1778,309,46]},"num_concepts_raised":6803},{"base_id":750,"kind":"top_words","i1":0,"i2":6,"sol":{"path":["/c/en/distillate","/c/en/liquid","/c/en/river","/c/en/acheron"],"weight":0.21105999999999978,"degrees":[53,1778,2945,91]},"num_concepts_raised":19967},{"base_id":750,"kind":"top_words","i1":0,"i2":7,"sol":{"path":["/c/en/distillate","/c/en/au","/c/en/astronomy","/c/en/charon"],"weight":0.20958999999999983,"degrees":[53,450,4553,171]},"num_concepts_raised":11932},{"base_id":750,"kind":"top_words","i1":0,"i2":8,"sol":{"path":["/c/en/distillate","/c/en/distillation","/c/en/still","/c/zh/还","/c/en/passably"],"weight":0.20466999999999966,"degrees":[53,243,1030,23,80]},"num_concepts_raised":6672},{"base_id":750,"kind":"top_words","i1":0,"i2":9,"sol":{"path":["/c/en/distillate","/c/en/distillation","/c/en/drop","/c/en/pronounce","/c/en/prolate"],"weight":0.2042299999999998,"degrees":[53,243,1915,387,40]},"num_concepts_raised":6769},{"base_id":750,"kind":"top_words","i1":1,"i2":2,"sol":{"path":["/c/en/jocularity","/c/en/joke","/c/en/cod","/c/en/fish","/c/en/walleye"],"weight":0.20428999999999983,"degrees":[30,942,464,4424,53]},"num_concepts_raised":13687},{"base_id":750,"kind":"top_words","i1":1,"i2":3,"sol":{"path":["/c/en/jocularity","/c/en/jocular","/c/en/abe","/c/en/abraham","/c/en/ibrahim"],"weight":0.21027999999999986,"degrees":[30,449,23,276,38]},"num_concepts_raised":7213},{"base_id":750,"kind":"top_words","i1":1,"i2":4,"sol":{"path":["/c/en/jocularity","/c/en/joke","/c/en/laugh","/c/en/medicine","/c/en/nootropic"],"weight":0.2084099999999997,"degrees":[30,942,1103,11938,77]},"num_concepts_raised":16662},{"base_id":750,"kind":"top_words","i1":1,"i2":5,"sol":{"path":["/c/en/jocularity","/c/en/joke","/c/en/blowfish","/c/en/france","/c/en/cointreau"],"weight":0.20807999999999988,"degrees":[30,942,184,1405,46]},"num_concepts_raised":6648},{"base_id":750,"kind":"top_words","i1":1,"i2":6,"sol":{"path":["/c/en/jocularity","/c/en/jocular","/c/de/blechlawine","/c/en/river","/c/en/acheron"],"weight":0.2108099999999999,"degrees":[30,449,21,2945,91]},"num_concepts_raised":19783},{"base_id":750,"kind":"top_words","i1":1,"i2":7,"sol":{"path":["/c/en/jocularity","/c/en/jest","/c/en/moon","/c/en/charon"],"weight":0.20940999999999987,"degrees":[30,279,1604,171]},"num_concepts_raised":11733},{"base_id":750,"kind":"top_words","i1":1,"i2":8,"sol":{"path":["/c/en/jocularity","/c/en/jocular","/c/en/jolly","/c/en/passably"],"weight":0.20327999999999974,"degrees":[30,449,116,80]},"num_concepts_raised":6450},{"base_id":750,"kind":"top_words","i1":1,"i2":9,"sol":{"path":["/c/en/jocularity","/c/en/joke","/c/nl/kodde","/c/en/pole","/c/en/prolate"],"weight":0.20296999999999993,"degrees":[30,942,18,1156,40]},"num_concepts_raised":6564},{"base_id":750,"kind":"top_words","i1":2,"i2":3,"sol":{"path":["/c/en/walleye","/c/en/wally","/c/en/given_name","/c/en/ibrahim"],"weight":0.20808999999999972,"degrees":[53,45,1247,38]},"num_concepts_raised":13161},{"base_id":750,"kind":"top_words","i1":2,"i2":4,"sol":{"path":["/c/en/walleye","/c/zh/斜眼","/c/en/medicine","/c/en/nootropic"],"weight":0.20852999999999955,"degrees":[53,14,11938,77]},"num_concepts_raised":22498},{"base_id":750,"kind":"top_words","i1":2,"i2":5,"sol":{"path":["/c/en/walleye","/c/en/fish","/c/en/food","/c/en/orange","/c/en/cointreau"],"weight":0.20940999999999974,"degrees":[53,4424,4281,1037,46]},"num_concepts_raised":12574},{"base_id":750,"kind":"top_words","i1":2,"i2":6,"sol":{"path":["/c/en/walleye","/c/en/fish","/c/en/river","/c/en/acheron"],"weight":0.21217999999999973,"degrees":[53,4424,2945,91]},"num_concepts_raised":25598},{"base_id":750,"kind":"top_words","i1":2,"i2":7,"sol":{"path":["/c/en/walleye","/c/en/fish","/c/en/astronomy","/c/en/charon"],"weight":0.21071999999999974,"degrees":[53,4424,4553,171]},"num_concepts_raised":17600},{"base_id":750,"kind":"top_words","i1":2,"i2":8,"sol":{"path":["/c/en/walleye","/c/en/fish","/c/en/person","/c/en/pretty","/c/en/passably"],"weight":0.2046599999999996,"degrees":[53,4424,12935,645,80]},"num_concepts_raised":12401},{"base_id":750,"kind":"top_words","i1":2,"i2":9,"sol":{"path":["/c/en/walleye","/c/en/fish","/c/en/fillet","/c/en/rounded","/c/en/prolate"],"weight":0.20529999999999976,"degrees":[53,4424,228,217,40]},"num_concepts_raised":12451},{"base_id":750,"kind":"top_words","i1":3,"i2":4,"sol":{"path":["/c/en/ibrahim","/c/en/islam","/c/sh/bula","/c/en/medicine","/c/en/nootropic"],"weight":0.21342999999999962,"degrees":[38,1651,24,11938,77]},"num_concepts_raised":16132},{"base_id":750,"kind":"top_words","i1":3,"i2":5,"sol":{"path":["/c/en/ibrahim","/c/en/abraham","/c/en/lot","/c/en/france","/c/en/cointreau"],"weight":0.21539999999999976,"degrees":[38,276,1057,1405,46]},"num_concepts_raised":6106},{"base_id":750,"kind":"top_words","i1":3,"i2":6,"sol":{"path":["/c/en/ibrahim","/c/en/abraham","/c/en/lot","/c/en/river","/c/en/acheron"],"weight":0.21816999999999975,"degrees":[38,276,1057,2945,91]},"num_concepts_raised":19240},{"base_id":750,"kind":"top_words","i1":3,"i2":7,"sol":{"path":["/c/en/ibrahim","/c/en/abraham","/c/en/qur","/c/en/moon","/c/en/charon"],"weight":0.21678999999999976,"degrees":[38,276,236,1604,171]},"num_concepts_raised":11176},{"base_id":750,"kind":"top_words","i1":3,"i2":8,"sol":{"path":["/c/en/ibrahim","/c/en/given_name","/c/en/ish","/c/en/fairly","/c/en/passably"],"weight":0.20854999999999962,"degrees":[38,1247,169,212,80]},"num_concepts_raised":5924},{"base_id":750,"kind":"top_words","i1":3,"i2":9,"sol":{"path":["/c/en/ibrahim","/c/en/islam","/c/en/religion","/c/en/oblate","/c/en/prolate"],"weight":0.20914999999999978,"degrees":[38,1651,3331,72,40]},"num_concepts_raised":6025},{"base_id":750,"kind":"top_words","i1":4,"i2":5,"sol":{"path":["/c/en/nootropic","/c/en/medicine","/c/en/cordial","/c/en/liqueur","/c/en/cointreau"],"weight":0.21353999999999962,"degrees":[77,11938,201,309,46]},"num_concepts_raised":15546},{"base_id":750,"kind":"top_words","i1":4,"i2":6,"sol":{"path":["/c/en/nootropic","/c/en/medicine","/c/en/water","/c/en/river","/c/en/acheron"],"weight":0.2162999999999996,"degrees":[77,11938,4606,2945,91]},"num_concepts_raised":28674},{"base_id":750,"kind":"top_words","i1":4,"i2":7,"sol":{"path":["/c/en/nootropic","/c/en/racetam","/c/en/nucleus","/c/en/astronomy","/c/en/charon"],"weight":0.21507999999999963,"degrees":[77,43,559,4553,171]},"num_concepts_raised":20615},{"base_id":750,"kind":"top_words","i1":4,"i2":8,"sol":{"path":["/c/en/nootropic","/c/en/medicine","/c/en/pass","/c/en/passable","/c/en/passably"],"weight":0.20973999999999948,"degrees":[77,11938,2112,106,80]},"num_concepts_raised":15373},{"base_id":750,"kind":"top_words","i1":4,"i2":9,"sol":{"path":["/c/en/nootropic","/c/en/medicine","/c/en/round","/c/en/rounded","/c/en/prolate"],"weight":0.20949999999999963,"degrees":[77,11938,1452,217,40]},"num_concepts_raised":15462},{"base_id":750,"kind":"top_words","i1":5,"i2":6,"sol":{"path":["/c/en/cointreau","/c/en/liqueur","/c/en/liquid","/c/en/river","/c/en/acheron"],"weight":0.21603999999999976,"degrees":[46,309,1778,2945,91]},"num_concepts_raised":18625},{"base_id":750,"kind":"top_words","i1":5,"i2":7,"sol":{"path":["/c/en/cointreau","/c/en/france","/c/fr/france","/c/fr/charon","/c/en/charon"],"weight":0.21927999999999978,"degrees":[46,1405,3268,111,171]},"num_concepts_raised":10624},{"base_id":750,"kind":"top_words","i1":5,"i2":8,"sol":{"path":["/c/en/cointreau","/c/en/france","/c/en/nice","/c/ja/結構","/c/en/passably"],"weight":0.20854999999999962,"degrees":[46,1405,845,140,80]},"num_concepts_raised":5358},{"base_id":750,"kind":"top_words","i1":5,"i2":9,"sol":{"path":["/c/en/cointreau","/c/en/orange","/c/en/citrus","/c/en/prolate"],"weight":0.2081699999999998,"degrees":[46,1037,332,40]},"num_concepts_raised":5424},{"base_id":750,"kind":"top_words","i1":6,"i2":7,"sol":{"path":["/c/en/acheron","/c/en/greek_mythology","/c/en/charon"],"weight":0.20600000000000002,"degrees":[91,1305,171]},"num_concepts_raised":169},{"base_id":750,"kind":"top_words","i1":6,"i2":8,"sol":{"path":["/c/en/acheron","/c/en/river","/c/en/navigable","/c/en/passable","/c/en/passably"],"weight":0.21223999999999962,"degrees":[91,2945,82,106,80]},"num_concepts_raised":18487},{"base_id":750,"kind":"top_words","i1":6,"i2":9,"sol":{"path":["/c/en/acheron","/c/en/literary","/c/en/utter","/c/en/prolate"],"weight":0.2087199999999998,"degrees":[91,6728,668,40]},"num_concepts_raised":18576},{"base_id":750,"kind":"top_words","i1":7,"i2":8,"sol":{"path":["/c/en/charon","/c/en/pluto","/c/en/space","/c/ja/ま","/c/en/passably"],"weight":0.20994999999999964,"degrees":[171,349,1852,55,80]},"num_concepts_raised":10441},{"base_id":750,"kind":"top_words","i1":7,"i2":9,"sol":{"path":["/c/en/charon","/c/en/planet","/c/en/spheroid","/c/en/prolate"],"weight":0.20948999999999984,"degrees":[171,1123,111,40]},"num_concepts_raised":10501},{"base_id":750,"kind":"top_words","i1":8,"i2":9,"sol":{"path":["/c/en/passably","/c/fr/assez","/c/fr/arrondi","/c/en/rounded","/c/en/prolate"],"weight":0.20447999999999966,"degrees":[80,273,138,217,40]},"num_concepts_raised":5271}]]