[[{"base_id":188,"kind":"bot_words","i1":0,"i2":1,"sol":{"path":["/c/en/coaster","/c/en/table","/c/en/meal","/c/en/apéritif"],"weight":0.2053199999999998,"degrees":[119,1618,1117,62]},"num_concepts_raised":53695},{"base_id":188,"kind":"bot_words","i1":0,"i2":2,"sol":{"path":["/c/en/coaster","/c/en/water","/c/en/person","/c/en/dorcas"],"weight":0.20876999999999968,"degrees":[119,4606,12935,28]},"num_concepts_raised":70322},{"base_id":188,"kind":"bot_words","i1":0,"i2":3,"sol":{"path":["/c/en/coaster","/c/en/nautical","/c/en/wise","/c/en/discretion","/c/en/indiscretion"],"weight":0.20551999999999948,"degrees":[119,5204,691,252,101]},"num_concepts_raised":53281},{"base_id":188,"kind":"bot_words","i1":0,"i2":4,"sol":{"path":["/c/en/coaster","/c/en/nautical","/c/en/roll","/c/en/parkour"],"weight":0.2042499999999997,"degrees":[119,5204,1585,60]},"num_concepts_raised":55763},{"base_id":188,"kind":"bot_words","i1":0,"i2":5,"sol":{"path":["/c/en/coaster","/c/en/mat","/c/en/given_name","/c/en/matronymic"],"weight":0.2049599999999997,"degrees":[119,488,1247,39]},"num_concepts_raised":56728},{"base_id":188,"kind":"bot_words","i1":0,"i2":6,"sol":{"path":["/c/en/coaster","/c/en/computing","/c/en/steal","/c/en/misbehave"],"weight":0.2040499999999995,"degrees":[119,9084,1033,78]},"num_concepts_raised":57488},{"base_id":188,"kind":"bot_words","i1":0,"i2":7,"sol":{"path":["/c/en/coaster","/c/en/table","/c/en/magnesium","/c/en/magnesia","/c/en/thessaly"],"weight":0.2064599999999998,"degrees":[119,1618,994,54,71]},"num_concepts_raised":51089},{"base_id":188,"kind":"bot_words","i1":0,"i2":8,"sol":{"path":["/c/en/coaster","/c/en/table","/c/en/game","/c/en/cautious","/c/en/cautiously"],"weight":0.20703999999999956,"degrees":[119,1618,2308,340,121]},"num_concepts_raised":52544},{"base_id":188,"kind":"bot_words","i1":0,"i2":9,"sol":{"path":["/c/en/coaster","/c/en/computing","/c/en/stripe"],"weight":0.202,"degrees":[119,9084,391]},"num_concepts_raised":419},{"base_id":188,"kind":"bot_words","i1":1,"i2":2,"sol":{"path":["/c/en/apéritif","/c/en/drink","/c/en/person","/c/en/dorcas"],"weight":0.20844,"degrees":[62,2548,12935,28]},"num_concepts_raised":25653},{"base_id":188,"kind":"bot_words","i1":1,"i2":3,"sol":{"path":["/c/en/apéritif","/c/en/drink","/c/en/flask","/c/en/discreetly","/c/en/indiscretion"],"weight":0.20513999999999977,"degrees":[62,2548,364,63,101]},"num_concepts_raised":7647},{"base_id":188,"kind":"bot_words","i1":1,"i2":4,"sol":{"path":["/c/en/apéritif","/c/fr/apéritif","/c/en/appetizer","/c/en/roll","/c/en/parkour"],"weight":0.20651000000000003,"degrees":[62,120,196,1585,60]},"num_concepts_raised":10543},{"base_id":188,"kind":"bot_words","i1":1,"i2":5,"sol":{"path":["/c/en/apéritif","/c/en/drink","/c/en/name","/c/en/matronymic"],"weight":0.20369000000000004,"degrees":[62,2548,2629,39]},"num_concepts_raised":11172},{"base_id":188,"kind":"bot_words","i1":1,"i2":6,"sol":{"path":["/c/en/apéritif","/c/en/drink","/c/en/act","/c/en/misbehave"],"weight":0.20396999999999985,"degrees":[62,2548,2503,78]},"num_concepts_raised":12151},{"base_id":188,"kind":"bot_words","i1":1,"i2":7,"sol":{"path":["/c/en/apéritif","/c/en/aperitif","/c/en/ouzo","/c/en/greece","/c/en/crete","/c/en/thessaly"],"weight":0.21419400000000005,"degrees":[62,35,78,731,237,71]},"num_concepts_raised":325020},{"base_id":188,"kind":"bot_words","i1":1,"i2":8,"sol":{"path":["/c/en/apéritif","/c/en/drink","/c/ja/しょうこ","/c/en/carefully","/c/en/cautiously"],"weight":0.2052299999999999,"degrees":[62,2548,86,303,121]},"num_concepts_raised":6794},{"base_id":188,"kind":"bot_words","i1":1,"i2":9,"sol":{"path":["/c/en/apéritif","/c/en/drink","/c/en/bar","/c/en/stripe"],"weight":0.20813999999999944,"degrees":[62,2548,1972,391]},"num_concepts_raised":58041},{"base_id":188,"kind":"bot_words","i1":2,"i2":3,"sol":{"path":["/c/en/dorcas","/c/en/historical","/c/en/brief","/c/en/indiscretion"],"weight":0.20837999999999965,"degrees":[28,8415,491,101]},"num_concepts_raised":25040},{"base_id":188,"kind":"bot_words","i1":2,"i2":4,"sol":{"path":["/c/en/dorcas","/c/en/historical","/c/fr/parcours","/c/en/parkour"],"weight":0.20824999999999988,"degrees":[28,8415,157,60]},"num_concepts_raised":27899},{"base_id":188,"kind":"bot_words","i1":2,"i2":5,"sol":{"path":["/c/en/dorcas","/c/en/person","/c/en/surname","/c/en/matronymic"],"weight":0.2081499999999999,"degrees":[28,12935,1055,39]},"num_concepts_raised":28360},{"base_id":188,"kind":"bot_words","i1":2,"i2":6,"sol":{"path":["/c/en/dorcas","/c/en/person","/c/en/naughty","/c/en/misbehave"],"weight":0.20815999999999968,"degrees":[28,12935,314,78]},"num_concepts_raised":29417},{"base_id":188,"kind":"bot_words","i1":2,"i2":7,"sol":{"path":["/c/en/dorcas","/c/en/historical","/c/en/epirus","/c/en/thessaly"],"weight":0.20987,"degrees":[28,8415,94,71]},"num_concepts_raised":22665},{"base_id":188,"kind":"bot_words","i1":2,"i2":8,"sol":{"path":["/c/en/dorcas","/c/en/person","/c/en/nose","/c/en/cautiously"],"weight":0.20893999999999974,"degrees":[28,12935,1561,121]},"num_concepts_raised":24246},{"base_id":188,"kind":"bot_words","i1":2,"i2":9,"sol":{"path":["/c/en/dorcas","/c/en/historical","/c/en/line","/c/en/stripe"],"weight":0.21411999999999928,"degrees":[28,8415,3018,391]},"num_concepts_raised":74199},{"base_id":188,"kind":"bot_words","i1":3,"i2":4,"sol":{"path":["/c/en/indiscretion","/c/en/sexual","/c/en/discipline","/c/en/parkour"],"weight":0.2037899999999997,"degrees":[101,1042,733,60]},"num_concepts_raised":9957},{"base_id":188,"kind":"bot_words","i1":3,"i2":5,"sol":{"path":["/c/en/indiscretion","/c/en/discretion","/c/en/liberty","/c/en/name","/c/en/matronymic"],"weight":0.2048099999999997,"degrees":[101,252,438,2629,39]},"num_concepts_raised":10588},{"base_id":188,"kind":"bot_words","i1":3,"i2":6,"sol":{"path":["/c/en/indiscretion","/c/en/misbehavior","/c/en/misbehave"],"weight":0.202,"degrees":[101,90,78]},"num_concepts_raised":157},{"base_id":188,"kind":"bot_words","i1":3,"i2":7,"sol":{"path":["/c/en/indiscretion","/c/en/brief","/c/en/historical","/c/en/epirus","/c/en/thessaly"],"weight":0.2055299999999998,"degrees":[101,491,8415,94,71]},"num_concepts_raised":4616},{"base_id":188,"kind":"bot_words","i1":3,"i2":8,"sol":{"path":["/c/en/indiscretion","/c/en/discretion","/c/fr/précaution","/c/en/cautiously"],"weight":0.20571999999999957,"degrees":[101,252,112,121]},"num_concepts_raised":6152},{"base_id":188,"kind":"bot_words","i1":3,"i2":9,"sol":{"path":["/c/en/indiscretion","/c/en/brief","/c/en/long","/c/en/stripe"],"weight":0.2089599999999991,"degrees":[101,491,1806,391]},"num_concepts_raised":57556},{"base_id":188,"kind":"bot_words","i1":4,"i2":5,"sol":{"path":["/c/en/parkour","/c/en/run","/c/en/spot","/c/en/given_name","/c/en/matronymic"],"weight":0.2044799999999999,"degrees":[60,2730,965,1247,39]},"num_concepts_raised":13487},{"base_id":188,"kind":"bot_words","i1":4,"i2":6,"sol":{"path":["/c/en/parkour","/c/en/vault","/c/en/act","/c/en/misbehave"],"weight":0.20375999999999972,"degrees":[60,534,2503,78]},"num_concepts_raised":14341},{"base_id":188,"kind":"bot_words","i1":4,"i2":7,"sol":{"path":["/c/en/parkour","/c/fr/parcours","/c/fr/région","/c/en/crete","/c/en/thessaly"],"weight":0.20543000000000006,"degrees":[60,157,893,237,71]},"num_concepts_raised":7560},{"base_id":188,"kind":"bot_words","i1":4,"i2":8,"sol":{"path":["/c/en/parkour","/c/en/run","/c/en/nose","/c/en/cautiously"],"weight":0.20435999999999976,"degrees":[60,2730,1561,121]},"num_concepts_raised":9119},{"base_id":188,"kind":"bot_words","i1":4,"i2":9,"sol":{"path":["/c/en/parkour","/c/en/run","/c/en/streak","/c/en/stripe"],"weight":0.2107799999999993,"degrees":[60,2730,305,391]},"num_concepts_raised":59989},{"base_id":188,"kind":"bot_words","i1":5,"i2":6,"sol":{"path":["/c/en/matronymic","/c/en/given_name","/c/en/parent","/c/en/act","/c/en/misbehave"],"weight":0.20464999999999972,"degrees":[39,1247,763,2503,78]},"num_concepts_raised":15075},{"base_id":188,"kind":"bot_words","i1":5,"i2":7,"sol":{"path":["/c/en/matronymic","/c/en/given_name","/c/en/candy","/c/en/crete","/c/en/thessaly"],"weight":0.20621000000000003,"degrees":[39,1247,599,237,71]},"num_concepts_raised":8163},{"base_id":188,"kind":"bot_words","i1":5,"i2":8,"sol":{"path":["/c/en/matronymic","/c/en/given_name","/c/en/doll","/c/en/nose","/c/en/cautiously"],"weight":0.20520999999999978,"degrees":[39,1247,842,1561,121]},"num_concepts_raised":9751},{"base_id":188,"kind":"bot_words","i1":5,"i2":9,"sol":{"path":["/c/en/matronymic","/c/en/ancestor","/c/en/line","/c/en/stripe"],"weight":0.2091799999999993,"degrees":[39,615,3018,391]},"num_concepts_raised":60850},{"base_id":188,"kind":"bot_words","i1":6,"i2":7,"sol":{"path":["/c/en/misbehave","/c/en/act","/c/en/star","/c/en/sporades","/c/en/thessaly"],"weight":0.20399999999999985,"degrees":[78,2503,2132,20,71]},"num_concepts_raised":9163},{"base_id":188,"kind":"bot_words","i1":6,"i2":8,"sol":{"path":["/c/en/misbehave","/c/en/act","/c/en/tiptoe_around","/c/en/cautiously"],"weight":0.2044599999999996,"degrees":[78,2503,6,121]},"num_concepts_raised":10703},{"base_id":188,"kind":"bot_words","i1":6,"i2":9,"sol":{"path":["/c/en/misbehave","/c/en/lie","/c/en/line","/c/en/stripe"],"weight":0.2095099999999991,"degrees":[78,1854,3018,391]},"num_concepts_raised":61701},{"base_id":188,"kind":"bot_words","i1":7,"i2":8,"sol":{"path":["/c/en/thessaly","/c/en/aeolic_greek","/c/en/language","/c/en/pussyfoot","/c/en/cautiously"],"weight":0.2045799999999999,"degrees":[71,37,4160,47,121]},"num_concepts_raised":3774},{"base_id":188,"kind":"bot_words","i1":7,"i2":9,"sol":{"path":["/c/en/thessaly","/c/en/magnesia","/c/en/region","/c/en/stripe"],"weight":0.20896999999999943,"degrees":[71,54,1382,391]},"num_concepts_raised":55298},{"base_id":188,"kind":"bot_words","i1":8,"i2":9,"sol":{"path":["/c/en/cautiously","/c/en/nose","/c/en/zebra","/c/en/stripe"],"weight":0.20967999999999917,"degrees":[121,1561,450,391]},"num_concepts_raised":56729}],[{"base_id":188,"kind":"top_words","i1":0,"i2":1,"sol":{"path":["/c/en/rotten","/c/en/stale","/c/en/food","/c/en/tomatoes"],"weight":0.2086199999999994,"degrees":[375,462,4281,51]},"num_concepts_raised":24266},{"base_id":188,"kind":"top_words","i1":0,"i2":2,"sol":{"path":["/c/en/rotten","/c/nl/rot","/c/en/file","/c/en/aggregation"],"weight":0.20925999999999922,"degrees":[375,71,1207,126]},"num_concepts_raised":25138},{"base_id":188,"kind":"top_words","i1":0,"i2":3,"sol":{"path":["/c/en/rotten","/c/en/bad","/c/en/rank","/c/en/rating"],"weight":0.21109999999999915,"degrees":[375,1728,1403,151]},"num_concepts_raised":36289},{"base_id":188,"kind":"top_words","i1":0,"i2":4,"sol":{"path":["/c/en/rotten","/c/en/rot","/c/en/rotting"],"weight":0.203,"degrees":[375,371,38]},"num_concepts_raised":340},{"base_id":188,"kind":"top_words","i1":0,"i2":5,"sol":{"path":["/c/en/rotten","/c/mi/piro","/c/en/stench"],"weight":0.202,"degrees":[375,5,215]},"num_concepts_raised":469},{"base_id":188,"kind":"top_words","i1":0,"i2":6,"sol":{"path":["/c/en/rotten","/c/en/stale","/c/en/rancid"],"weight":0.20400000000000001,"degrees":[375,462,154]},"num_concepts_raised":416},{"base_id":188,"kind":"top_words","i1":0,"i2":7,"sol":{"path":["/c/en/rotten","/c/en/bad","/c/en/smell"],"weight":0.20500000000000002,"degrees":[375,1728,1332]},"num_concepts_raised":1373},{"base_id":188,"kind":"top_words","i1":0,"i2":8,"sol":{"path":["/c/en/rotten","/c/en/good","/c/en/company","/c/en/ign"],"weight":0.21239999999999942,"degrees":[375,2615,2258,44]},"num_concepts_raised":17242},{"base_id":188,"kind":"top_words","i1":0,"i2":9,"sol":{"path":["/c/en/rotten","/c/en/putrid","/c/en/odor"],"weight":0.20400000000000001,"degrees":[375,154,266]},"num_concepts_raised":540},{"base_id":188,"kind":"top_words","i1":1,"i2":2,"sol":{"path":["/c/en/tomatoes","/c/en/garden","/c/en/collection","/c/en/aggregation"],"weight":0.20408999999999944,"degrees":[51,1231,967,126]},"num_concepts_raised":22676},{"base_id":188,"kind":"top_words","i1":1,"i2":3,"sol":{"path":["/c/en/tomatoes","/c/en/market","/c/en/price","/c/en/rating"],"weight":0.2043199999999994,"degrees":[51,1406,1382,151]},"num_concepts_raised":34348},{"base_id":188,"kind":"top_words","i1":1,"i2":4,"sol":{"path":["/c/en/tomatoes","/c/en/food","/c/en/perishable","/c/en/decomposition","/c/en/rotting"],"weight":0.2041899999999997,"degrees":[51,4281,92,331,38]},"num_concepts_raised":12393},{"base_id":188,"kind":"top_words","i1":1,"i2":5,"sol":{"path":["/c/en/tomatoes","/c/en/tomato","/c/en/slang","/c/en/stink","/c/en/stench"],"weight":0.2086599999999998,"degrees":[51,604,16318,364,215]},"num_concepts_raised":16668},{"base_id":188,"kind":"top_words","i1":1,"i2":6,"sol":{"path":["/c/en/tomatoes","/c/en/food","/c/en/stale","/c/en/rancid"],"weight":0.20597999999999972,"degrees":[51,4281,462,154]},"num_concepts_raised":18622},{"base_id":188,"kind":"top_words","i1":1,"i2":7,"sol":{"path":["/c/en/tomatoes","/c/en/food","/c/en/taste","/c/en/smell"],"weight":0.2270699999999975,"degrees":[51,4281,1479,1332]},"num_concepts_raised":102778},{"base_id":188,"kind":"top_words","i1":1,"i2":8,"sol":{"path":["/c/en/tomatoes","/c/en/tomato","/c/en/fruit","/c/en/san_francisco","/c/en/ign"],"weight":0.20836999999999964,"degrees":[51,604,2192,314,44]},"num_concepts_raised":14770},{"base_id":188,"kind":"top_words","i1":1,"i2":9,"sol":{"path":["/c/en/tomatoes","/c/en/market","/c/en/air","/c/en/odor"],"weight":0.21055999999999903,"degrees":[51,1406,1965,266]},"num_concepts_raised":24541},{"base_id":188,"kind":"top_words","i1":2,"i2":3,"sol":{"path":["/c/en/aggregation","/c/en/file","/c/en/rank","/c/en/rating"],"weight":0.2063199999999992,"degrees":[126,1207,1403,151]},"num_concepts_raised":34981},{"base_id":188,"kind":"top_words","i1":2,"i2":4,"sol":{"path":["/c/en/aggregation","/c/en/composition","/c/en/decomposition","/c/en/rotting"],"weight":0.20483999999999952,"degrees":[126,692,331,38]},"num_concepts_raised":13222},{"base_id":188,"kind":"top_words","i1":2,"i2":5,"sol":{"path":["/c/en/aggregation","/c/en/host","/c/en/pong","/c/en/stench"],"weight":0.20645999999999962,"degrees":[126,917,86,215]},"num_concepts_raised":17478},{"base_id":188,"kind":"top_words","i1":2,"i2":6,"sol":{"path":["/c/en/aggregation","/c/en/file","/c/en/rank","/c/en/rancid"],"weight":0.20579999999999954,"degrees":[126,1207,1403,154]},"num_concepts_raised":19506},{"base_id":188,"kind":"top_words","i1":2,"i2":7,"sol":{"path":["/c/en/aggregation","/c/en/city","/c/en/sound","/c/en/smell"],"weight":0.22484999999999736,"degrees":[126,3758,3218,1332]},"num_concepts_raised":103484},{"base_id":188,"kind":"top_words","i1":2,"i2":8,"sol":{"path":["/c/en/aggregation","/c/en/city","/c/en/san_francisco","/c/en/ign"],"weight":0.20897999999999947,"degrees":[126,3758,314,44]},"num_concepts_raised":15469},{"base_id":188,"kind":"top_words","i1":2,"i2":9,"sol":{"path":["/c/en/aggregation","/c/en/mass","/c/en/quality","/c/en/odor"],"weight":0.21138999999999886,"degrees":[126,1639,1710,266]},"num_concepts_raised":25316},{"base_id":188,"kind":"top_words","i1":3,"i2":4,"sol":{"path":["/c/en/rating","/c/en/fail","/c/en/decay","/c/en/rotting"],"weight":0.20407999999999946,"degrees":[151,1103,783,38]},"num_concepts_raised":25103},{"base_id":188,"kind":"top_words","i1":3,"i2":5,"sol":{"path":["/c/en/rating","/c/en/quality","/c/en/stench"],"weight":0.202,"degrees":[151,1710,215]},"num_concepts_raised":298},{"base_id":188,"kind":"top_words","i1":3,"i2":6,"sol":{"path":["/c/en/rating","/c/en/rank","/c/en/rancid"],"weight":0.203,"degrees":[151,1403,154]},"num_concepts_raised":250},{"base_id":188,"kind":"top_words","i1":3,"i2":7,"sol":{"path":["/c/en/rating","/c/en/rank","/c/en/smell"],"weight":0.20500000000000002,"degrees":[151,1403,1332]},"num_concepts_raised":1202},{"base_id":188,"kind":"top_words","i1":3,"i2":8,"sol":{"path":["/c/en/rating","/c/en/like","/c/en/company","/c/en/ign"],"weight":0.2092799999999994,"degrees":[151,2357,2258,44]},"num_concepts_raised":27368},{"base_id":188,"kind":"top_words","i1":3,"i2":9,"sol":{"path":["/c/en/rating","/c/en/rank","/c/en/odor"],"weight":0.20500000000000002,"degrees":[151,1403,266]},"num_concepts_raised":368},{"base_id":188,"kind":"top_words","i1":4,"i2":5,"sol":{"path":["/c/en/rotting","/c/it/fetidume","/c/en/stench"],"weight":0.202,"degrees":[38,7,215]},"num_concepts_raised":198},{"base_id":188,"kind":"top_words","i1":4,"i2":6,"sol":{"path":["/c/en/rotting","/c/hi/सड़ा_गला","/c/en/rancid"],"weight":0.202,"degrees":[38,6,154]},"num_concepts_raised":150},{"base_id":188,"kind":"top_words","i1":4,"i2":7,"sol":{"path":["/c/en/rotting","/c/it/fetidume","/c/en/stink","/c/en/smell"],"weight":0.2286099999999976,"degrees":[38,7,364,1332]},"num_concepts_raised":94062},{"base_id":188,"kind":"top_words","i1":4,"i2":8,"sol":{"path":["/c/en/rotting","/c/en/decomposition","/c/en/c","/c/en/company","/c/en/ign"],"weight":0.20904999999999974,"degrees":[38,331,511,2258,44]},"num_concepts_raised":5175},{"base_id":188,"kind":"top_words","i1":4,"i2":9,"sol":{"path":["/c/en/rotting","/c/en/rot","/c/en/putrid","/c/en/odor"],"weight":0.21041999999999908,"degrees":[38,371,154,266]},"num_concepts_raised":15041},{"base_id":188,"kind":"top_words","i1":5,"i2":6,"sol":{"path":["/c/en/stench","/c/zh/腐臭","/c/en/rancid"],"weight":0.202,"degrees":[215,14,154]},"num_concepts_raised":275},{"base_id":188,"kind":"top_words","i1":5,"i2":7,"sol":{"path":["/c/en/stench","/c/en/smell"],"weight":0.20400000000000001,"degrees":[215,1332]},"num_concepts_raised":1181},{"base_id":188,"kind":"top_words","i1":5,"i2":8,"sol":{"path":["/c/en/stench","/c/en/pong","/c/en/video_games","/c/en/ign"],"weight":0.2105699999999998,"degrees":[215,86,684,44]},"num_concepts_raised":9498},{"base_id":188,"kind":"top_words","i1":5,"i2":9,"sol":{"path":["/c/en/stench","/c/en/aroma","/c/en/odor"],"weight":0.20500000000000002,"degrees":[215,243,266]},"num_concepts_raised":364},{"base_id":188,"kind":"top_words","i1":6,"i2":7,"sol":{"path":["/c/en/rancid","/c/en/rank","/c/en/smell"],"weight":0.20400000000000001,"degrees":[154,1403,1332]},"num_concepts_raised":1179},{"base_id":188,"kind":"top_words","i1":6,"i2":8,"sol":{"path":["/c/en/rancid","/c/fr/rance","/c/fr/localités","/c/en/san_francisco","/c/en/ign"],"weight":0.21198999999999973,"degrees":[154,57,110113,314,44]},"num_concepts_raised":11562},{"base_id":188,"kind":"top_words","i1":6,"i2":9,"sol":{"path":["/c/en/rancid","/c/en/malodorous","/c/en/odor"],"weight":0.20500000000000002,"degrees":[154,92,266]},"num_concepts_raised":345},{"base_id":188,"kind":"top_words","i1":7,"i2":8,"sol":{"path":["/c/en/smell","/c/en/work","/c/en/company","/c/en/ign"],"weight":0.22889999999999755,"degrees":[1332,4013,2258,44]},"num_concepts_raised":96260},{"base_id":188,"kind":"top_words","i1":7,"i2":9,"sol":{"path":["/c/en/smell","/c/en/odor"],"weight":0.20900000000000002,"degrees":[1332,266]},"num_concepts_raised":1179},{"base_id":188,"kind":"top_words","i1":8,"i2":9,"sol":{"path":["/c/en/ign","/c/en/company","/c/en/good","/c/en/smell","/c/en/odor"],"weight":0.21940999999999897,"degrees":[44,2258,2615,1332,266]},"num_concepts_raised":17477}]]