[[{"base_id":598,"kind":"bot_words","i1":0,"i2":1,"sol":{"path":["/c/en/eisteddfod","/c/en/recognition","/c/en/recognize","/c/en/resent"],"weight":0.20404999999999945,"degrees":[37,345,647,161]},"num_concepts_raised":11859},{"base_id":598,"kind":"bot_words","i1":0,"i2":2,"sol":{"path":["/c/en/eisteddfod","/c/en/annual","/c/en/tax","/c/en/spend"],"weight":0.20955999999999858,"degrees":[37,466,1545,634]},"num_concepts_raised":47104},{"base_id":598,"kind":"bot_words","i1":0,"i2":3,"sol":{"path":["/c/en/eisteddfod","/c/en/singing","/c/en/anger","/c/en/upset","/c/en/overturned"],"weight":0.20280999999999985,"degrees":[37,694,1296,680,26]},"num_concepts_raised":5937},{"base_id":598,"kind":"bot_words","i1":0,"i2":4,"sol":{"path":["/c/en/eisteddfod","/c/en/festival","/c/en/god","/c/en/bless"],"weight":0.2078099999999993,"degrees":[37,792,1774,415]},"num_concepts_raised":61369},{"base_id":598,"kind":"bot_words","i1":0,"i2":5,"sol":{"path":["/c/en/eisteddfod","/c/en/chair","/c/en/foot","/c/en/goes"],"weight":0.2082899999999997,"degrees":[37,1138,1983,67]},"num_concepts_raised":30810},{"base_id":598,"kind":"bot_words","i1":0,"i2":6,"sol":{"path":["/c/en/eisteddfod","/c/en/chair","/c/en/university","/c/en/oxbridge"],"weight":0.20830999999999983,"degrees":[37,1138,1043,62]},"num_concepts_raised":6895},{"base_id":598,"kind":"bot_words","i1":0,"i2":7,"sol":{"path":["/c/en/eisteddfod","/c/en/singing","/c/en/music","/c/en/bank","/c/en/nissan"],"weight":0.2128999999999997,"degrees":[37,694,8822,1660,103]},"num_concepts_raised":9667},{"base_id":598,"kind":"bot_words","i1":0,"i2":8,"sol":{"path":["/c/en/eisteddfod","/c/en/poet","/c/en/person","/c/en/free","/c/en/emancipated"],"weight":0.20403999999999986,"degrees":[37,812,12935,1709,30]},"num_concepts_raised":6626},{"base_id":598,"kind":"bot_words","i1":0,"i2":9,"sol":{"path":["/c/en/eisteddfod","/c/en/singing","/c/en/have_bath","/c/en/masturbate","/c/en/masturbated"],"weight":0.20374999999999985,"degrees":[37,694,99,423,26]},"num_concepts_raised":5220},{"base_id":598,"kind":"bot_words","i1":1,"i2":2,"sol":{"path":["/c/en/resent","/c/en/smell","/c/en/waste","/c/en/spend"],"weight":0.21236999999999823,"degrees":[161,1332,1543,634]},"num_concepts_raised":49232},{"base_id":598,"kind":"bot_words","i1":1,"i2":3,"sol":{"path":["/c/en/resent","/c/en/stomach","/c/en/upset","/c/en/overturned"],"weight":0.20397999999999944,"degrees":[161,995,680,26]},"num_concepts_raised":8141},{"base_id":598,"kind":"bot_words","i1":1,"i2":4,"sol":{"path":["/c/en/resent","/c/ja/恨む","/c/en/curse","/c/en/bless"],"weight":0.21095999999999893,"degrees":[161,33,838,415]},"num_concepts_raised":63563},{"base_id":598,"kind":"bot_words","i1":1,"i2":5,"sol":{"path":["/c/en/resent","/c/en/smell","/c/en/foot","/c/en/goes"],"weight":0.20951999999999932,"degrees":[161,1332,1983,67]},"num_concepts_raised":33077},{"base_id":598,"kind":"bot_words","i1":1,"i2":6,"sol":{"path":["/c/en/resent","/c/en/injury","/c/en/sports","/c/en/doxbridge","/c/en/oxbridge"],"weight":0.21150999999999945,"degrees":[161,924,3417,8,62]},"num_concepts_raised":9159},{"base_id":598,"kind":"bot_words","i1":1,"i2":7,"sol":{"path":["/c/en/resent","/c/en/pique","/c/en/river","/c/en/nissan"],"weight":0.2140599999999993,"degrees":[161,169,2945,103]},"num_concepts_raised":11922},{"base_id":598,"kind":"bot_words","i1":1,"i2":8,"sol":{"path":["/c/en/resent","/c/en/resentment","/c/en/take","/c/en/free","/c/en/emancipated"],"weight":0.20551999999999948,"degrees":[161,364,2552,1709,30]},"num_concepts_raised":8872},{"base_id":598,"kind":"bot_words","i1":1,"i2":9,"sol":{"path":["/c/en/resent","/c/en/smell","/c/en/touch","/c/en/masturbate","/c/en/masturbated"],"weight":0.20499999999999946,"degrees":[161,1332,1765,423,26]},"num_concepts_raised":7457},{"base_id":598,"kind":"bot_words","i1":2,"i2":3,"sol":{"path":["/c/en/spend","/c/ms/menjatuhkan","/c/en/overturn","/c/en/overturned"],"weight":0.20937999999999862,"degrees":[634,37,302,26]},"num_concepts_raised":43558},{"base_id":598,"kind":"bot_words","i1":2,"i2":4,"sol":{"path":["/c/en/spend","/c/en/go","/c/en/bless"],"weight":0.202,"degrees":[634,2637,415]},"num_concepts_raised":866},{"base_id":598,"kind":"bot_words","i1":2,"i2":5,"sol":{"path":["/c/en/spend","/c/en/go","/c/en/goes"],"weight":0.20600000000000002,"degrees":[634,2637,67]},"num_concepts_raised":592},{"base_id":598,"kind":"bot_words","i1":2,"i2":6,"sol":{"path":["/c/en/spend","/c/en/summer","/c/en/united_kingdom","/c/en/oxbridge"],"weight":0.21497999999999862,"degrees":[634,1209,1053,62]},"num_concepts_raised":44467},{"base_id":598,"kind":"bot_words","i1":2,"i2":7,"sol":{"path":["/c/en/spend","/c/en/money","/c/en/bank","/c/en/nissan"],"weight":0.22124999999999848,"degrees":[634,2899,1660,103]},"num_concepts_raised":47049},{"base_id":598,"kind":"bot_words","i1":2,"i2":8,"sol":{"path":["/c/en/spend","/c/en/pass","/c/en/free","/c/en/emancipated"],"weight":0.2125899999999986,"degrees":[634,2112,1709,30]},"num_concepts_raised":44100},{"base_id":598,"kind":"bot_words","i1":2,"i2":9,"sol":{"path":["/c/en/spend","/c/en/ejaculate","/c/en/masturbate","/c/en/masturbated"],"weight":0.2103499999999986,"degrees":[634,254,423,26]},"num_concepts_raised":42895},{"base_id":598,"kind":"bot_words","i1":3,"i2":4,"sol":{"path":["/c/en/overturned","/c/en/overturn","/c/en/over","/c/en/bless"],"weight":0.2074599999999993,"degrees":[26,302,1167,415]},"num_concepts_raised":58022},{"base_id":598,"kind":"bot_words","i1":3,"i2":5,"sol":{"path":["/c/en/overturned","/c/en/turned","/c/en/turn","/c/en/go","/c/en/goes"],"weight":0.2133999999999997,"degrees":[26,115,2413,2637,67]},"num_concepts_raised":27289},{"base_id":598,"kind":"bot_words","i1":3,"i2":6,"sol":{"path":["/c/en/overturned","/c/en/upset","/c/en/mathematics","/c/en/hyp","/c/en/oxbridge"],"weight":0.21030999999999983,"degrees":[26,680,7601,18,62]},"num_concepts_raised":3171},{"base_id":598,"kind":"bot_words","i1":3,"i2":7,"sol":{"path":["/c/en/overturned","/c/en/turned","/c/en/turn","/c/en/bank","/c/en/nissan"],"weight":0.2137399999999997,"degrees":[26,115,2413,1660,103]},"num_concepts_raised":5965},{"base_id":598,"kind":"bot_words","i1":3,"i2":8,"sol":{"path":["/c/en/overturned","/c/en/overturn","/c/en/legal","/c/en/free","/c/en/emancipated"],"weight":0.20393999999999984,"degrees":[26,302,6627,1709,30]},"num_concepts_raised":2892},{"base_id":598,"kind":"bot_words","i1":3,"i2":9,"sol":{"path":["/c/en/overturned","/c/en/upset","/c/en/touch","/c/en/masturbate","/c/en/masturbated"],"weight":0.20364999999999986,"degrees":[26,680,1765,423,26]},"num_concepts_raised":1468},{"base_id":598,"kind":"bot_words","i1":4,"i2":5,"sol":{"path":["/c/en/bless","/c/en/go","/c/en/goes"],"weight":0.20600000000000002,"degrees":[415,2637,67]},"num_concepts_raised":397},{"base_id":598,"kind":"bot_words","i1":4,"i2":6,"sol":{"path":["/c/en/bless","/c/en/uk","/c/en/united_kingdom","/c/en/oxbridge"],"weight":0.2129999999999993,"degrees":[415,5562,1053,62]},"num_concepts_raised":58787},{"base_id":598,"kind":"bot_words","i1":4,"i2":7,"sol":{"path":["/c/en/bless","/c/en/act","/c/en/bank","/c/en/nissan"],"weight":0.21761999999999915,"degrees":[415,2503,1660,103]},"num_concepts_raised":61369},{"base_id":598,"kind":"bot_words","i1":4,"i2":8,"sol":{"path":["/c/en/bless","/c/en/giving","/c/en/free","/c/en/emancipated"],"weight":0.2087599999999993,"degrees":[415,271,1709,30]},"num_concepts_raised":58604},{"base_id":598,"kind":"bot_words","i1":4,"i2":9,"sol":{"path":["/c/en/bless","/c/en/good","/c/en/please","/c/en/masturbate","/c/en/masturbated"],"weight":0.2086799999999993,"degrees":[415,2615,954,423,26]},"num_concepts_raised":57368},{"base_id":598,"kind":"bot_words","i1":5,"i2":6,"sol":{"path":["/c/en/goes","/c/en/city","/c/en/cambridge","/c/en/oxbridge"],"weight":0.21362999999999968,"degrees":[67,3758,193,62]},"num_concepts_raised":28136},{"base_id":598,"kind":"bot_words","i1":5,"i2":7,"sol":{"path":["/c/en/goes","/c/en/city","/c/en/bank","/c/en/nissan"],"weight":0.21816999999999953,"degrees":[67,3758,1660,103]},"num_concepts_raised":30793},{"base_id":598,"kind":"bot_words","i1":5,"i2":8,"sol":{"path":["/c/en/goes","/c/en/go","/c/fi/vapauttaa","/c/en/free","/c/en/emancipated"],"weight":0.21359999999999968,"degrees":[67,2637,77,1709,30]},"num_concepts_raised":27934},{"base_id":598,"kind":"bot_words","i1":5,"i2":9,"sol":{"path":["/c/en/goes","/c/en/go","/c/ja/消え失せる","/c/en/masturbate","/c/en/masturbated"],"weight":0.21325999999999967,"degrees":[67,2637,11,423,26]},"num_concepts_raised":26580},{"base_id":598,"kind":"bot_words","i1":6,"i2":7,"sol":{"path":["/c/en/oxbridge","/c/en/cambridge","/c/fr/localités","/c/fr/nissan","/c/en/nissan"],"weight":0.2202899999999997,"degrees":[62,193,110113,31,103]},"num_concepts_raised":6913},{"base_id":598,"kind":"bot_words","i1":6,"i2":8,"sol":{"path":["/c/en/oxbridge","/c/en/hyp","/c/en/mathematics","/c/en/free","/c/en/emancipated"],"weight":0.21152999999999983,"degrees":[62,18,7601,1709,30]},"num_concepts_raised":3874},{"base_id":598,"kind":"bot_words","i1":6,"i2":9,"sol":{"path":["/c/en/oxbridge","/c/en/university","/c/en/student","/c/en/masturbate","/c/en/masturbated"],"weight":0.20914999999999984,"degrees":[62,1043,1417,423,26]},"num_concepts_raised":2450},{"base_id":598,"kind":"bot_words","i1":7,"i2":8,"sol":{"path":["/c/en/nissan","/c/en/bank","/c/en/independent","/c/en/free","/c/en/emancipated"],"weight":0.21403999999999973,"degrees":[103,1660,619,1709,30]},"num_concepts_raised":6656},{"base_id":598,"kind":"bot_words","i1":7,"i2":9,"sol":{"path":["/c/en/nissan","/c/en/river","/c/en/touch","/c/en/masturbate","/c/en/masturbated"],"weight":0.21369999999999972,"degrees":[103,2945,1765,423,26]},"num_concepts_raised":5247},{"base_id":598,"kind":"bot_words","i1":8,"i2":9,"sol":{"path":["/c/en/emancipated","/c/en/free","/c/en/frig","/c/en/masturbate","/c/en/masturbated"],"weight":0.20486999999999986,"degrees":[30,1709,49,423,26]},"num_concepts_raised":2170}],[{"base_id":598,"kind":"top_words","i1":0,"i2":1,"sol":{"path":["/c/en/councilwoman","/c/en/woman","/c/en/world","/c/en/pous"],"weight":0.20370999999999992,"degrees":[25,3510,1629,28]},"num_concepts_raised":17431},{"base_id":598,"kind":"top_words","i1":0,"i2":2,"sol":{"path":["/c/en/councilwoman","/c/en/woman","/c/en/fish","/c/en/ling"],"weight":0.2061299999999996,"degrees":[25,3510,4424,213]},"num_concepts_raised":22242},{"base_id":598,"kind":"top_words","i1":0,"i2":3,"sol":{"path":["/c/en/councilwoman","/c/en/woman","/c/en/slag","/c/en/volcano","/c/en/vulcanology"],"weight":0.20400999999999986,"degrees":[25,3510,243,645,41]},"num_concepts_raised":5687},{"base_id":598,"kind":"top_words","i1":0,"i2":4,"sol":{"path":["/c/en/councilwoman","/c/en/councilor","/c/en/person","/c/en/plant","/c/en/potentilla"],"weight":0.20937999999999984,"degrees":[25,54,12935,7959,64]},"num_concepts_raised":12959},{"base_id":598,"kind":"top_words","i1":0,"i2":5,"sol":{"path":["/c/en/councilwoman","/c/en/councilor","/c/en/person","/c/en/teacher","/c/en/laura"],"weight":0.20985999999999988,"degrees":[25,54,12935,1513,101]},"num_concepts_raised":23243},{"base_id":598,"kind":"top_words","i1":0,"i2":6,"sol":{"path":["/c/en/councilwoman","/c/en/woman","/c/en/jap","/c/en/gook"],"weight":0.20396999999999993,"degrees":[25,3510,69,47]},"num_concepts_raised":37961},{"base_id":598,"kind":"top_words","i1":0,"i2":7,"sol":{"path":["/c/en/councilwoman","/c/en/council","/c/en/board","/c/en/wood","/c/en/sapwood"],"weight":0.20457,"degrees":[25,618,1625,2440,68]},"num_concepts_raised":9426},{"base_id":598,"kind":"top_words","i1":0,"i2":8,"sol":{"path":["/c/en/councilwoman","/c/en/councilor","/c/en/person","/c/en/heart","/c/en/defibrillation"],"weight":0.20396999999999993,"degrees":[25,54,12935,1857,33]},"num_concepts_raised":7743},{"base_id":598,"kind":"top_words","i1":0,"i2":9,"sol":{"path":["/c/en/councilwoman","/c/en/woman","/c/en/fit","/c/en/brath"],"weight":0.20371999999999993,"degrees":[25,3510,1268,29]},"num_concepts_raised":18376},{"base_id":598,"kind":"top_words","i1":1,"i2":2,"sol":{"path":["/c/en/pous","/c/en/foot","/c/en/long","/c/en/ling"],"weight":0.2050399999999995,"degrees":[28,1983,1806,213]},"num_concepts_raised":31945},{"base_id":598,"kind":"top_words","i1":1,"i2":3,"sol":{"path":["/c/en/pous","/c/en/time","/c/en/change","/c/en/vulcanize","/c/en/vulcanology"],"weight":0.2038599999999998,"degrees":[28,4124,3383,74,41]},"num_concepts_raised":15796},{"base_id":598,"kind":"top_words","i1":1,"i2":4,"sol":{"path":["/c/en/pous","/c/en/foot","/c/en/plant","/c/en/potentilla"],"weight":0.20831999999999978,"degrees":[28,1983,7959,64]},"num_concepts_raised":22977},{"base_id":598,"kind":"top_words","i1":1,"i2":5,"sol":{"path":["/c/en/pous","/c/en/unit","/c/en/historical","/c/en/laura"],"weight":0.20880999999999983,"degrees":[28,1582,8415,101]},"num_concepts_raised":33156},{"base_id":598,"kind":"top_words","i1":1,"i2":6,"sol":{"path":["/c/en/pous","/c/en/time","/c/en/slang","/c/en/gook"],"weight":0.20304999999999984,"degrees":[28,4124,16318,47]},"num_concepts_raised":47886},{"base_id":598,"kind":"top_words","i1":1,"i2":7,"sol":{"path":["/c/en/pous","/c/en/location","/c/en/branch","/c/en/sapwood"],"weight":0.20334999999999992,"degrees":[28,799,1753,68]},"num_concepts_raised":19351},{"base_id":598,"kind":"top_words","i1":1,"i2":8,"sol":{"path":["/c/en/pous","/c/en/unit","/c/en/muscle_fiber","/c/en/fibrillation","/c/en/defibrillation"],"weight":0.20384999999999986,"degrees":[28,1582,25,61,33]},"num_concepts_raised":17763},{"base_id":598,"kind":"top_words","i1":1,"i2":9,"sol":{"path":["/c/en/pous","/c/en/unit","/c/en/uk","/c/en/brath"],"weight":0.20377999999999985,"degrees":[28,1582,5562,29]},"num_concepts_raised":28246},{"base_id":598,"kind":"top_words","i1":2,"i2":3,"sol":{"path":["/c/en/ling","/c/en/food","/c/en/heat","/c/en/vulcanize","/c/en/vulcanology"],"weight":0.20599999999999946,"degrees":[213,4281,2046,74,41]},"num_concepts_raised":20604},{"base_id":598,"kind":"top_words","i1":2,"i2":4,"sol":{"path":["/c/en/ling","/c/en/food","/c/en/plant","/c/en/potentilla"],"weight":0.21046999999999944,"degrees":[213,4281,7959,64]},"num_concepts_raised":27680},{"base_id":598,"kind":"top_words","i1":2,"i2":5,"sol":{"path":["/c/en/ling","/c/en/heather","/c/fr/prénom","/c/en/laura"],"weight":0.21209999999999946,"degrees":[213,189,6796,101]},"num_concepts_raised":38094},{"base_id":598,"kind":"top_words","i1":2,"i2":6,"sol":{"path":["/c/en/ling","/c/en/fish","/c/en/slang","/c/en/gook"],"weight":0.2054599999999995,"degrees":[213,4424,16318,47]},"num_concepts_raised":52496},{"base_id":598,"kind":"top_words","i1":2,"i2":7,"sol":{"path":["/c/en/ling","/c/en/fish","/c/ja/白身","/c/en/sapwood"],"weight":0.20572999999999958,"degrees":[213,4424,21,68]},"num_concepts_raised":24177},{"base_id":598,"kind":"top_words","i1":2,"i2":8,"sol":{"path":["/c/en/ling","/c/fr/julienne","/c/fr/médecine","/c/fr/défibrillation","/c/en/defibrillation"],"weight":0.2069899999999995,"degrees":[213,80,9990,24,33]},"num_concepts_raised":22626},{"base_id":598,"kind":"top_words","i1":2,"i2":9,"sol":{"path":["/c/en/ling","/c/en/en","/c/en/dialectal","/c/en/brath"],"weight":0.20691999999999952,"degrees":[213,365,4127,29]},"num_concepts_raised":32997},{"base_id":598,"kind":"top_words","i1":3,"i2":4,"sol":{"path":["/c/en/vulcanology","/c/en/logy","/c/en/topology","/c/en/cinquefoil","/c/en/potentilla"],"weight":0.21035999999999974,"degrees":[41,543,525,61,64]},"num_concepts_raised":11282},{"base_id":598,"kind":"top_words","i1":3,"i2":5,"sol":{"path":["/c/en/vulcanology","/c/en/vulcan","/c/en/historical","/c/en/laura"],"weight":0.20881999999999978,"degrees":[41,147,8415,101]},"num_concepts_raised":21694},{"base_id":598,"kind":"top_words","i1":3,"i2":6,"sol":{"path":["/c/en/vulcanology","/c/en/vulcan","/c/en/pejorative","/c/en/gook"],"weight":0.2031799999999998,"degrees":[41,147,3581,47]},"num_concepts_raised":36689},{"base_id":598,"kind":"top_words","i1":3,"i2":7,"sol":{"path":["/c/en/vulcanology","/c/en/logy","/c/en/branch","/c/en/sapwood"],"weight":0.20345999999999986,"degrees":[41,543,1753,68]},"num_concepts_raised":7750},{"base_id":598,"kind":"top_words","i1":3,"i2":8,"sol":{"path":["/c/en/vulcanology","/c/en/vulcanize","/c/en/change","/c/en/restore","/c/en/defibrillation"],"weight":0.2038299999999998,"degrees":[41,74,3383,495,33]},"num_concepts_raised":6077},{"base_id":598,"kind":"top_words","i1":3,"i2":9,"sol":{"path":["/c/en/vulcanology","/c/en/volcano","/c/en/violent","/c/en/brath"],"weight":0.20298999999999984,"degrees":[41,645,655,29]},"num_concepts_raised":16767},{"base_id":598,"kind":"top_words","i1":4,"i2":5,"sol":{"path":["/c/en/potentilla","/c/fr/potentille","/c/fr/genre","/c/fr/féminin","/c/en/laura"],"weight":0.2183699999999998,"degrees":[64,33,1495,4152,101]},"num_concepts_raised":28924},{"base_id":598,"kind":"top_words","i1":4,"i2":6,"sol":{"path":["/c/en/potentilla","/c/en/plant","/c/en/slang","/c/en/gook"],"weight":0.2085499999999998,"degrees":[64,7959,16318,47]},"num_concepts_raised":43759},{"base_id":598,"kind":"top_words","i1":4,"i2":7,"sol":{"path":["/c/en/potentilla","/c/en/plant","/c/en/wood","/c/en/sapwood"],"weight":0.2090099999999999,"degrees":[64,7959,2440,68]},"num_concepts_raised":14811},{"base_id":598,"kind":"top_words","i1":4,"i2":8,"sol":{"path":["/c/en/potentilla","/c/en/plant","/c/en/botany","/c/en/heart","/c/en/defibrillation"],"weight":0.2083399999999998,"degrees":[64,7959,6881,1857,33]},"num_concepts_raised":13335},{"base_id":598,"kind":"top_words","i1":4,"i2":9,"sol":{"path":["/c/en/potentilla","/c/en/cinquefoil","/c/en/five","/c/en/uk","/c/en/brath"],"weight":0.21124999999999983,"degrees":[64,61,1089,5562,29]},"num_concepts_raised":23975},{"base_id":598,"kind":"top_words","i1":5,"i2":6,"sol":{"path":["/c/en/laura","/c/en/given_name","/c/en/us","/c/en/gook"],"weight":0.2089599999999998,"degrees":[101,1247,8154,47]},"num_concepts_raised":53677},{"base_id":598,"kind":"top_words","i1":5,"i2":7,"sol":{"path":["/c/en/laura","/c/en/given_name","/c/en/list","/c/en/sapwood"],"weight":0.2093599999999999,"degrees":[101,1247,1079,68]},"num_concepts_raised":25374},{"base_id":598,"kind":"top_words","i1":5,"i2":8,"sol":{"path":["/c/en/laura","/c/fr/prénom","/c/ar/عمر","/c/en/restore","/c/en/defibrillation"],"weight":0.20881999999999984,"degrees":[101,6796,117,495,33]},"num_concepts_raised":23746},{"base_id":598,"kind":"top_words","i1":5,"i2":9,"sol":{"path":["/c/en/laura","/c/fr/prénom","/c/en/jacky","/c/en/uk","/c/en/brath"],"weight":0.20979999999999985,"degrees":[101,6796,32,5562,29]},"num_concepts_raised":34150},{"base_id":598,"kind":"top_words","i1":6,"i2":7,"sol":{"path":["/c/en/gook","/c/en/slang","/c/en/wood","/c/en/sapwood"],"weight":0.20379999999999993,"degrees":[47,16318,2440,68]},"num_concepts_raised":40150},{"base_id":598,"kind":"top_words","i1":6,"i2":8,"sol":{"path":["/c/en/gook","/c/en/slang","/c/en/paddle","/c/en/defibrillation"],"weight":0.20304999999999984,"degrees":[47,16318,394,33]},"num_concepts_raised":38641},{"base_id":598,"kind":"top_words","i1":6,"i2":9,"sol":{"path":["/c/en/gook","/c/en/slang","/c/en/uk","/c/en/brath"],"weight":0.20404999999999987,"degrees":[47,16318,5562,29]},"num_concepts_raised":47363},{"base_id":598,"kind":"top_words","i1":7,"i2":8,"sol":{"path":["/c/en/sapwood","/c/en/heartwood","/c/en/heart","/c/en/defibrillation"],"weight":0.20448999999999995,"degrees":[68,72,1857,33]},"num_concepts_raised":9787},{"base_id":598,"kind":"top_words","i1":7,"i2":9,"sol":{"path":["/c/en/sapwood","/c/en/heartwood","/c/no/adel","/c/en/dialectal","/c/en/brath"],"weight":0.20536999999999994,"degrees":[68,72,21,4127,29]},"num_concepts_raised":20391},{"base_id":598,"kind":"top_words","i1":8,"i2":9,"sol":{"path":["/c/en/defibrillation","/c/fr/défibrillation","/c/fr/médecine","/c/en/fit","/c/en/brath"],"weight":0.20482999999999987,"degrees":[33,24,9990,1268,29]},"num_concepts_raised":18710}]]