[[{"base_id":218,"kind":"bot_words","i1":0,"i2":1,"sol":{"path":["/c/en/antirrhinum","/c/en/snapdragon","/c/en/burn","/c/en/disease","/c/en/hyperopia"],"weight":0.21690999999999977,"degrees":[60,108,1773,4216,135]},"num_concepts_raised":18834},{"base_id":218,"kind":"bot_words","i1":0,"i2":2,"sol":{"path":["/c/en/antirrhinum","/c/en/plant","/c/en/living_thing","/c/en/flexion"],"weight":0.20866999999999974,"degrees":[60,7959,124,64]},"num_concepts_raised":12561},{"base_id":218,"kind":"bot_words","i1":0,"i2":3,"sol":{"path":["/c/en/antirrhinum","/c/en/plant","/c/syc/ܚܘܪܐ","/c/en/envious"],"weight":0.21024999999999977,"degrees":[60,7959,62,180]},"num_concepts_raised":11578},{"base_id":218,"kind":"bot_words","i1":0,"i2":4,"sol":{"path":["/c/en/antirrhinum","/c/en/plant","/c/en/like","/c/en/antithesis"],"weight":0.21533999999999986,"degrees":[60,7959,2357,183]},"num_concepts_raised":18399},{"base_id":218,"kind":"bot_words","i1":0,"i2":5,"sol":{"path":["/c/en/antirrhinum","/c/en/snapdragon","/c/en/white","/c/en/bird","/c/en/cuckooshrike"],"weight":0.21547999999999973,"degrees":[60,108,2081,4970,39]},"num_concepts_raised":13439},{"base_id":218,"kind":"bot_words","i1":0,"i2":6,"sol":{"path":["/c/en/antirrhinum","/c/en/genus","/c/en/rank","/c/en/grade"],"weight":0.218429999999998,"degrees":[60,2240,1403,731]},"num_concepts_raised":93622},{"base_id":218,"kind":"bot_words","i1":0,"i2":7,"sol":{"path":["/c/en/antirrhinum","/c/en/snapdragon","/c/en/white","/c/en/dove","/c/en/columbidae"],"weight":0.21671999999999952,"degrees":[60,108,2081,575,111]},"num_concepts_raised":11033},{"base_id":218,"kind":"bot_words","i1":0,"i2":8,"sol":{"path":["/c/en/antirrhinum","/c/en/plant","/c/en/ground","/c/en/floor"],"weight":0.23604999999999804,"degrees":[60,7959,1836,1308]},"num_concepts_raised":163718},{"base_id":218,"kind":"bot_words","i1":0,"i2":9,"sol":{"path":["/c/en/antirrhinum","/c/en/plant","/c/en/hedgerow"],"weight":0.20400000000000001,"degrees":[60,7959,25]},"num_concepts_raised":71},{"base_id":218,"kind":"bot_words","i1":1,"i2":2,"sol":{"path":["/c/en/hyperopia","/c/en/disease","/c/en/camptodactyly","/c/en/flexion"],"weight":0.20979999999999982,"degrees":[135,4216,20,64]},"num_concepts_raised":12606},{"base_id":218,"kind":"bot_words","i1":1,"i2":3,"sol":{"path":["/c/en/hyperopia","/c/en/disease","/c/en/people","/c/en/jealous","/c/en/envious"],"weight":0.21405999999999986,"degrees":[135,4216,4475,263,180]},"num_concepts_raised":11647},{"base_id":218,"kind":"bot_words","i1":1,"i2":4,"sol":{"path":["/c/en/hyperopia","/c/en/disease","/c/en/like","/c/en/antithesis"],"weight":0.21645999999999993,"degrees":[135,4216,2357,183]},"num_concepts_raised":18520},{"base_id":218,"kind":"bot_words","i1":1,"i2":5,"sol":{"path":["/c/en/hyperopia","/c/en/pathology","/c/en/uria","/c/en/bird","/c/en/cuckooshrike"],"weight":0.2144899999999998,"degrees":[135,5554,63,4970,39]},"num_concepts_raised":13671},{"base_id":218,"kind":"bot_words","i1":1,"i2":6,"sol":{"path":["/c/en/hyperopia","/c/it/ipermetropia","/c/en/medicine","/c/en/grade"],"weight":0.21923999999999805,"degrees":[135,20,11938,731]},"num_concepts_raised":93484},{"base_id":218,"kind":"bot_words","i1":1,"i2":7,"sol":{"path":["/c/en/hyperopia","/c/en/pathology","/c/en/carrier","/c/en/pigeon","/c/en/columbidae"],"weight":0.21575999999999962,"degrees":[135,5554,437,791,111]},"num_concepts_raised":11120},{"base_id":218,"kind":"bot_words","i1":1,"i2":8,"sol":{"path":["/c/en/hyperopia","/c/en/disease","/c/en/rug","/c/en/floor"],"weight":0.23471999999999818,"degrees":[135,4216,478,1308]},"num_concepts_raised":164246},{"base_id":218,"kind":"bot_words","i1":1,"i2":9,"sol":{"path":["/c/en/hyperopia","/c/en/astigmatism","/c/en/lens","/c/en/plant","/c/en/hedgerow"],"weight":0.21144999999999994,"degrees":[135,157,775,7959,25]},"num_concepts_raised":21415},{"base_id":218,"kind":"bot_words","i1":2,"i2":3,"sol":{"path":["/c/en/flexion","/c/en/muscle","/c/en/guarding","/c/en/jealous","/c/en/envious"],"weight":0.2080999999999998,"degrees":[64,1708,78,263,180]},"num_concepts_raised":5333},{"base_id":218,"kind":"bot_words","i1":2,"i2":4,"sol":{"path":["/c/en/flexion","/c/grc/καμπή","/c/en/rhetoric","/c/en/antithesis"],"weight":0.2104799999999999,"degrees":[64,18,832,183]},"num_concepts_raised":12155},{"base_id":218,"kind":"bot_words","i1":2,"i2":5,"sol":{"path":["/c/en/flexion","/c/en/flexure","/c/en/bird","/c/en/cuckooshrike"],"weight":0.21046999999999974,"degrees":[64,46,4970,39]},"num_concepts_raised":7335},{"base_id":218,"kind":"bot_words","i1":2,"i2":6,"sol":{"path":["/c/en/flexion","/c/en/dorsiflexion","/c/en/medicine","/c/en/grade"],"weight":0.213099999999998,"degrees":[64,17,11938,731]},"num_concepts_raised":87550},{"base_id":218,"kind":"bot_words","i1":2,"i2":7,"sol":{"path":["/c/en/flexion","/c/en/flexure","/c/en/bird","/c/en/pigeon","/c/en/columbidae"],"weight":0.21179999999999957,"degrees":[64,46,4970,791,111]},"num_concepts_raised":4794},{"base_id":218,"kind":"bot_words","i1":2,"i2":8,"sol":{"path":["/c/en/flexion","/c/en/clawfoot","/c/en/foot","/c/en/floor"],"weight":0.22664999999999813,"degrees":[64,22,1983,1308]},"num_concepts_raised":157849},{"base_id":218,"kind":"bot_words","i1":2,"i2":9,"sol":{"path":["/c/en/flexion","/c/en/living_thing","/c/en/plant","/c/en/hedgerow"],"weight":0.20331999999999992,"degrees":[64,124,7959,25]},"num_concepts_raised":15108},{"base_id":218,"kind":"bot_words","i1":3,"i2":4,"sol":{"path":["/c/en/envious","/c/en/jealous","/c/en/jelly","/c/en/like","/c/en/antithesis"],"weight":0.2146599999999999,"degrees":[180,263,311,2357,183]},"num_concepts_raised":11178},{"base_id":218,"kind":"bot_words","i1":3,"i2":5,"sol":{"path":["/c/en/envious","/c/en/envy","/c/en/rail","/c/en/bird","/c/en/cuckooshrike"],"weight":0.21232999999999977,"degrees":[180,548,639,4970,39]},"num_concepts_raised":6340},{"base_id":218,"kind":"bot_words","i1":3,"i2":6,"sol":{"path":["/c/en/envious","/c/en/begrudging","/c/en/petty","/c/en/grade"],"weight":0.21251999999999804,"degrees":[180,17,353,731]},"num_concepts_raised":86826},{"base_id":218,"kind":"bot_words","i1":3,"i2":7,"sol":{"path":["/c/en/envious","/c/syc/ܚܘܪܐ","/c/en/white","/c/en/dove","/c/en/columbidae"],"weight":0.2111999999999996,"degrees":[180,62,2081,575,111]},"num_concepts_raised":3784},{"base_id":218,"kind":"bot_words","i1":3,"i2":8,"sol":{"path":["/c/en/envious","/c/en/jealous","/c/en/people","/c/en/ground","/c/en/floor"],"weight":0.23531999999999811,"degrees":[180,263,4475,1836,1308]},"num_concepts_raised":157170},{"base_id":218,"kind":"bot_words","i1":3,"i2":9,"sol":{"path":["/c/en/envious","/c/syc/ܚܘܪܐ","/c/en/plant","/c/en/hedgerow"],"weight":0.20489999999999992,"degrees":[180,62,7959,25]},"num_concepts_raised":14142},{"base_id":218,"kind":"bot_words","i1":4,"i2":5,"sol":{"path":["/c/en/antithesis","/c/en/contrast","/c/en/frosted_tips","/c/en/bird","/c/en/cuckooshrike"],"weight":0.21716999999999984,"degrees":[183,369,17,4970,39]},"num_concepts_raised":13203},{"base_id":218,"kind":"bot_words","i1":4,"i2":6,"sol":{"path":["/c/en/antithesis","/c/en/thesis","/c/en/degree","/c/en/grade"],"weight":0.2209299999999981,"degrees":[183,216,1513,731]},"num_concepts_raised":92550},{"base_id":218,"kind":"bot_words","i1":4,"i2":7,"sol":{"path":["/c/en/antithesis","/c/en/like","/c/en/pigeon","/c/en/columbidae"],"weight":0.21630999999999967,"degrees":[183,2357,791,111]},"num_concepts_raised":10674},{"base_id":218,"kind":"bot_words","i1":4,"i2":8,"sol":{"path":["/c/en/antithesis","/c/en/like","/c/en/ground","/c/en/floor"],"weight":0.23783999999999816,"degrees":[183,2357,1836,1308]},"num_concepts_raised":162448},{"base_id":218,"kind":"bot_words","i1":4,"i2":9,"sol":{"path":["/c/en/antithesis","/c/en/like","/c/en/hedge","/c/en/hedgerow"],"weight":0.2112,"degrees":[183,2357,546,25]},"num_concepts_raised":20890},{"base_id":218,"kind":"bot_words","i1":5,"i2":6,"sol":{"path":["/c/en/cuckooshrike","/c/en/bird","/c/en/class","/c/en/grade"],"weight":0.21801999999999797,"degrees":[39,4970,1926,731]},"num_concepts_raised":88760},{"base_id":218,"kind":"bot_words","i1":5,"i2":7,"sol":{"path":["/c/en/cuckooshrike","/c/en/bird","/c/en/pigeon","/c/en/columbidae"],"weight":0.21434999999999954,"degrees":[39,4970,791,111]},"num_concepts_raised":5712},{"base_id":218,"kind":"bot_words","i1":5,"i2":8,"sol":{"path":["/c/en/cuckooshrike","/c/en/bird","/c/en/wood","/c/en/floor"],"weight":0.2315199999999981,"degrees":[39,4970,2440,1308]},"num_concepts_raised":158973},{"base_id":218,"kind":"bot_words","i1":5,"i2":9,"sol":{"path":["/c/en/cuckooshrike","/c/en/bird","/c/en/tree","/c/en/hedgerow"],"weight":0.20793999999999987,"degrees":[39,4970,3598,25]},"num_concepts_raised":16115},{"base_id":218,"kind":"bot_words","i1":6,"i2":7,"sol":{"path":["/c/en/grade","/c/en/north_america","/c/en/dove","/c/en/columbidae"],"weight":0.2168199999999978,"degrees":[731,1079,575,111]},"num_concepts_raised":86335},{"base_id":218,"kind":"bot_words","i1":6,"i2":8,"sol":{"path":["/c/en/grade","/c/en/level","/c/en/floor"],"weight":0.20800000000000002,"degrees":[731,1606,1308]},"num_concepts_raised":1625},{"base_id":218,"kind":"bot_words","i1":6,"i2":9,"sol":{"path":["/c/en/grade","/c/en/rank","/c/en/row","/c/en/hedgerow"],"weight":0.21309999999999812,"degrees":[731,1403,852,25]},"num_concepts_raised":95855},{"base_id":218,"kind":"bot_words","i1":7,"i2":8,"sol":{"path":["/c/en/columbidae","/c/en/pigeon","/c/en/slang","/c/en/floor"],"weight":0.23048999999999792,"degrees":[111,791,16318,1308]},"num_concepts_raised":156677},{"base_id":218,"kind":"bot_words","i1":7,"i2":9,"sol":{"path":["/c/en/columbidae","/c/en/pigeon","/c/en/like","/c/en/hedge","/c/en/hedgerow"],"weight":0.2104199999999997,"degrees":[111,791,2357,546,25]},"num_concepts_raised":13604},{"base_id":218,"kind":"bot_words","i1":8,"i2":9,"sol":{"path":["/c/en/floor","/c/en/ground","/c/en/plant","/c/en/hedgerow"],"weight":0.2307099999999982,"degrees":[1308,1836,7959,25]},"num_concepts_raised":165546}],[{"base_id":218,"kind":"top_words","i1":0,"i2":1,"sol":{"path":["/c/en/cradle","/c/en/rock","/c/en/dirt","/c/en/filth"],"weight":0.217529999999999,"degrees":[459,2349,688,358]},"num_concepts_raised":103920},{"base_id":218,"kind":"top_words","i1":0,"i2":2,"sol":{"path":["/c/en/cradle","/c/en/civilization","/c/en/civilisation"],"weight":0.202,"degrees":[459,414,39]},"num_concepts_raised":381},{"base_id":218,"kind":"top_words","i1":0,"i2":3,"sol":{"path":["/c/en/cradle","/c/en/civilization"],"weight":0.20600000000000002,"degrees":[459,414]},"num_concepts_raised":648},{"base_id":218,"kind":"top_words","i1":0,"i2":4,"sol":{"path":["/c/en/cradle","/c/en/birthplace"],"weight":0.202,"degrees":[459,201]},"num_concepts_raised":493},{"base_id":218,"kind":"top_words","i1":0,"i2":5,"sol":{"path":["/c/en/cradle","/c/en/rock","/c/en/rocking"],"weight":0.20400000000000001,"degrees":[459,2349,59]},"num_concepts_raised":394},{"base_id":218,"kind":"top_words","i1":0,"i2":6,"sol":{"path":["/c/en/cradle","/c/en/nautical","/c/en/land","/c/en/heartland"],"weight":0.20856999999999953,"degrees":[459,5204,2465,33]},"num_concepts_raised":62250},{"base_id":218,"kind":"top_words","i1":0,"i2":7,"sol":{"path":["/c/en/cradle","/c/en/rock","/c/en/person","/c/en/cherished"],"weight":0.21663999999999936,"degrees":[459,2349,12935,86]},"num_concepts_raised":73888},{"base_id":218,"kind":"top_words","i1":0,"i2":8,"sol":{"path":["/c/en/cradle","/c/en/baby","/c/en/man","/c/en/humankind"],"weight":0.2110199999999994,"degrees":[459,1519,3068,70]},"num_concepts_raised":67563},{"base_id":218,"kind":"top_words","i1":0,"i2":9,"sol":{"path":["/c/en/cradle","/c/en/rest","/c/en/state","/c/en/damnation"],"weight":0.21512999999999932,"degrees":[459,2053,3243,98]},"num_concepts_raised":66968},{"base_id":218,"kind":"top_words","i1":1,"i2":2,"sol":{"path":["/c/en/filth","/c/en/police","/c/en/civilization","/c/en/civilisation"],"weight":0.20717999999999934,"degrees":[358,1037,414,39]},"num_concepts_raised":55592},{"base_id":218,"kind":"top_words","i1":1,"i2":3,"sol":{"path":["/c/en/filth","/c/en/police","/c/en/civilization"],"weight":0.20600000000000002,"degrees":[358,1037,414]},"num_concepts_raised":608},{"base_id":218,"kind":"top_words","i1":1,"i2":4,"sol":{"path":["/c/en/filth","/c/en/person","/c/en/birthplace"],"weight":0.202,"degrees":[358,12935,201]},"num_concepts_raised":468},{"base_id":218,"kind":"top_words","i1":1,"i2":5,"sol":{"path":["/c/en/filth","/c/en/dirt","/c/en/rock","/c/en/rocking"],"weight":0.2099099999999993,"degrees":[358,688,2349,59]},"num_concepts_raised":60061},{"base_id":218,"kind":"top_words","i1":1,"i2":6,"sol":{"path":["/c/en/filth","/c/en/dirt","/c/en/land","/c/en/heartland"],"weight":0.20968999999999938,"degrees":[358,688,2465,33]},"num_concepts_raised":56405},{"base_id":218,"kind":"top_words","i1":1,"i2":7,"sol":{"path":["/c/en/filth","/c/en/person","/c/en/cherished"],"weight":0.20400000000000001,"degrees":[358,12935,86]},"num_concepts_raised":382},{"base_id":218,"kind":"top_words","i1":1,"i2":8,"sol":{"path":["/c/en/filth","/c/en/person","/c/en/humanity","/c/en/humankind"],"weight":0.20870999999999928,"degrees":[358,12935,299,70]},"num_concepts_raised":60996},{"base_id":218,"kind":"top_words","i1":1,"i2":9,"sol":{"path":["/c/en/filth","/c/en/person","/c/en/salvation","/c/en/damnation"],"weight":0.2144799999999992,"degrees":[358,12935,353,98]},"num_concepts_raised":60993},{"base_id":218,"kind":"top_words","i1":2,"i2":3,"sol":{"path":["/c/en/civilisation","/c/en/civilization"],"weight":0.20700000000000002,"degrees":[39,414]},"num_concepts_raised":311},{"base_id":218,"kind":"top_words","i1":2,"i2":4,"sol":{"path":["/c/en/civilisation","/c/en/civilization","/c/en/home","/c/en/birthplace"],"weight":0.2056399999999996,"degrees":[39,414,2163,201]},"num_concepts_raised":29999},{"base_id":218,"kind":"top_words","i1":2,"i2":5,"sol":{"path":["/c/en/civilisation","/c/en/culture","/c/en/band","/c/en/rocking"],"weight":0.20327999999999974,"degrees":[39,1324,1893,59]},"num_concepts_raised":15576},{"base_id":218,"kind":"top_words","i1":2,"i2":6,"sol":{"path":["/c/en/civilisation","/c/en/human","/c/en/heart","/c/en/heartland"],"weight":0.20302999999999985,"degrees":[39,2645,1857,33]},"num_concepts_raised":11462},{"base_id":218,"kind":"top_words","i1":2,"i2":7,"sol":{"path":["/c/en/civilisation","/c/en/civilian","/c/en/person","/c/en/cherished"],"weight":0.20870999999999967,"degrees":[39,258,12935,86]},"num_concepts_raised":23345},{"base_id":218,"kind":"top_words","i1":2,"i2":8,"sol":{"path":["/c/en/civilisation","/c/en/human","/c/en/humankind"],"weight":0.202,"degrees":[39,2645,70]},"num_concepts_raised":92},{"base_id":218,"kind":"top_words","i1":2,"i2":9,"sol":{"path":["/c/en/civilisation","/c/en/civilization","/c/en/nation","/c/en/damnation"],"weight":0.20915999999999968,"degrees":[39,414,1106,98]},"num_concepts_raised":16380},{"base_id":218,"kind":"top_words","i1":3,"i2":4,"sol":{"path":["/c/en/civilization","/c/en/cradle","/c/en/birthplace"],"weight":0.20600000000000002,"degrees":[414,459,201]},"num_concepts_raised":462},{"base_id":218,"kind":"top_words","i1":3,"i2":5,"sol":{"path":["/c/en/civilization","/c/en/culture","/c/en/band","/c/en/rocking"],"weight":0.22074999999999959,"degrees":[414,1324,1893,59]},"num_concepts_raised":46018},{"base_id":218,"kind":"top_words","i1":3,"i2":6,"sol":{"path":["/c/en/civilization","/c/en/country","/c/en/region","/c/en/heartland"],"weight":0.2177299999999997,"degrees":[414,2796,1382,33]},"num_concepts_raised":41683},{"base_id":218,"kind":"top_words","i1":3,"i2":7,"sol":{"path":["/c/en/civilization","/c/en/people","/c/en/person","/c/en/cherished"],"weight":0.22549999999999953,"degrees":[414,4475,12935,86]},"num_concepts_raised":53465},{"base_id":218,"kind":"top_words","i1":3,"i2":8,"sol":{"path":["/c/en/civilization","/c/en/mankind","/c/en/humankind"],"weight":0.20800000000000002,"degrees":[414,200,70]},"num_concepts_raised":358},{"base_id":218,"kind":"top_words","i1":3,"i2":9,"sol":{"path":["/c/en/civilization","/c/en/nation","/c/en/damnation"],"weight":0.20800000000000002,"degrees":[414,1106,98]},"num_concepts_raised":383},{"base_id":218,"kind":"top_words","i1":4,"i2":5,"sol":{"path":["/c/en/birthplace","/c/ja/揺籃","/c/en/rocking"],"weight":0.202,"degrees":[201,20,59]},"num_concepts_raised":212},{"base_id":218,"kind":"top_words","i1":4,"i2":6,"sol":{"path":["/c/en/birthplace","/c/en/home","/c/en/heart","/c/en/heartland"],"weight":0.2052299999999997,"degrees":[201,2163,1857,33]},"num_concepts_raised":30694},{"base_id":218,"kind":"top_words","i1":4,"i2":7,"sol":{"path":["/c/en/birthplace","/c/en/person","/c/en/cherished"],"weight":0.20400000000000001,"degrees":[201,12935,86]},"num_concepts_raised":237},{"base_id":218,"kind":"top_words","i1":4,"i2":8,"sol":{"path":["/c/en/birthplace","/c/en/person","/c/en/humanity","/c/en/humankind"],"weight":0.20684999999999956,"degrees":[201,12935,299,70]},"num_concepts_raised":35556},{"base_id":218,"kind":"top_words","i1":4,"i2":9,"sol":{"path":["/c/en/birthplace","/c/en/person","/c/en/salvation","/c/en/damnation"],"weight":0.21261999999999948,"degrees":[201,12935,353,98]},"num_concepts_raised":35531},{"base_id":218,"kind":"top_words","i1":5,"i2":6,"sol":{"path":["/c/en/rocking","/c/fr/balancement","/c/fr/centre","/c/en/heartland"],"weight":0.2040599999999998,"degrees":[59,141,575,33]},"num_concepts_raised":16135},{"base_id":218,"kind":"top_words","i1":5,"i2":7,"sol":{"path":["/c/en/rocking","/c/en/rock","/c/en/person","/c/en/cherished"],"weight":0.20885999999999963,"degrees":[59,2349,12935,86]},"num_concepts_raised":28068},{"base_id":218,"kind":"top_words","i1":5,"i2":8,"sol":{"path":["/c/en/rocking","/c/en/gentle","/c/en/man","/c/en/humankind"],"weight":0.20463999999999968,"degrees":[59,657,3068,70]},"num_concepts_raised":21641},{"base_id":218,"kind":"top_words","i1":5,"i2":9,"sol":{"path":["/c/en/rocking","/c/en/back_and_forth","/c/en/state","/c/en/damnation"],"weight":0.20876999999999962,"degrees":[59,152,3243,98]},"num_concepts_raised":21087},{"base_id":218,"kind":"top_words","i1":6,"i2":7,"sol":{"path":["/c/en/heartland","/c/fr/centre","/c/fr/cher","/c/en/cherished"],"weight":0.21276999999999974,"degrees":[33,575,1305,86]},"num_concepts_raised":24207},{"base_id":218,"kind":"top_words","i1":6,"i2":8,"sol":{"path":["/c/en/heartland","/c/en/heart","/c/en/human","/c/en/humankind"],"weight":0.2037399999999998,"degrees":[33,1857,2645,70]},"num_concepts_raised":17578},{"base_id":218,"kind":"top_words","i1":6,"i2":9,"sol":{"path":["/c/en/heartland","/c/en/land","/c/en/state","/c/en/damnation"],"weight":0.20871999999999974,"degrees":[33,2465,3243,98]},"num_concepts_raised":16879},{"base_id":218,"kind":"top_words","i1":7,"i2":8,"sol":{"path":["/c/en/cherished","/c/en/person","/c/en/humanity","/c/en/humankind"],"weight":0.21053999999999962,"degrees":[86,12935,299,70]},"num_concepts_raised":28996},{"base_id":218,"kind":"top_words","i1":7,"i2":9,"sol":{"path":["/c/en/cherished","/c/en/person","/c/en/salvation","/c/en/damnation"],"weight":0.21630999999999956,"degrees":[86,12935,353,98]},"num_concepts_raised":29033},{"base_id":218,"kind":"top_words","i1":8,"i2":9,"sol":{"path":["/c/en/humankind","/c/en/human_race","/c/en/reprobation","/c/en/damnation"],"weight":0.21111999999999959,"degrees":[70,38,51,98]},"num_concepts_raised":22322}]]