[[{"base_id":842,"kind":"bot_words","i1":0,"i2":1,"sol":{"path":["/c/en/transshipment","/c/en/transportation","/c/en/us","/c/en/mop","/c/en/mops"],"weight":0.20978999999999984,"degrees":[36,502,8154,215,26]},"num_concepts_raised":6271},{"base_id":842,"kind":"bot_words","i1":0,"i2":2,"sol":{"path":["/c/en/transshipment","/c/en/transfer","/c/en/appearance","/c/en/theology","/c/en/theologically"],"weight":0.20293999999999995,"degrees":[36,1217,1440,785,25]},"num_concepts_raised":3904},{"base_id":842,"kind":"bot_words","i1":0,"i2":3,"sol":{"path":["/c/en/transshipment","/c/en/diversion","/c/en/attention","/c/en/riveting"],"weight":0.20285999999999982,"degrees":[36,357,900,37]},"num_concepts_raised":5024},{"base_id":842,"kind":"bot_words","i1":0,"i2":4,"sol":{"path":["/c/en/transshipment","/c/fr/transbordement","/c/fr/action","/c/fr/marmonnement","/c/en/mumbling"],"weight":0.2039499999999998,"degrees":[36,25,4713,18,52]},"num_concepts_raised":4429},{"base_id":842,"kind":"bot_words","i1":0,"i2":5,"sol":{"path":["/c/en/transshipment","/c/zh/轉運","/c/en/ship","/c/en/dagger","/c/en/kris"],"weight":0.21060999999999974,"degrees":[36,17,2104,505,82]},"num_concepts_raised":8953},{"base_id":842,"kind":"bot_words","i1":0,"i2":6,"sol":{"path":["/c/en/transshipment","/c/en/transfer","/c/en/design","/c/en/sampler"],"weight":0.20319999999999977,"degrees":[36,1217,1361,64]},"num_concepts_raised":19754},{"base_id":842,"kind":"bot_words","i1":0,"i2":7,"sol":{"path":["/c/en/transshipment","/c/en/goods","/c/en/transport","/c/en/city","/c/en/nyíregyháza"],"weight":0.2082899999999998,"degrees":[36,852,1411,3758,61]},"num_concepts_raised":6489},{"base_id":842,"kind":"bot_words","i1":0,"i2":8,"sol":{"path":["/c/en/transshipment","/c/zh/轉運","/c/en/have","/c/en/hypocrisy","/c/en/insincerity"],"weight":0.20451999999999976,"degrees":[36,17,1801,293,85]},"num_concepts_raised":4293},{"base_id":842,"kind":"bot_words","i1":0,"i2":9,"sol":{"path":["/c/en/transshipment","/c/en/goods","/c/en/capital","/c/en/tambour"],"weight":0.20301999999999978,"degrees":[36,852,1518,49]},"num_concepts_raised":25450},{"base_id":842,"kind":"bot_words","i1":1,"i2":2,"sol":{"path":["/c/en/mops","/c/en/analog","/c/grc/λογοσ","/c/en/theology","/c/en/theologically"],"weight":0.20779999999999993,"degrees":[26,203,202,785,25]},"num_concepts_raised":3867},{"base_id":842,"kind":"bot_words","i1":1,"i2":3,"sol":{"path":["/c/en/mops","/c/en/absorbent","/c/en/absorb","/c/en/rivet","/c/en/riveting"],"weight":0.2098399999999998,"degrees":[26,162,633,218,37]},"num_concepts_raised":4977},{"base_id":842,"kind":"bot_words","i1":1,"i2":4,"sol":{"path":["/c/en/mops","/c/en/mop","/c/en/mouth","/c/en/chew","/c/en/mumbling"],"weight":0.20990999999999976,"degrees":[26,215,1902,590,52]},"num_concepts_raised":4394},{"base_id":842,"kind":"bot_words","i1":1,"i2":5,"sol":{"path":["/c/en/mops","/c/en/mop","/c/en/handle","/c/en/sword","/c/en/kris"],"weight":0.21544999999999975,"degrees":[26,215,1567,1208,82]},"num_concepts_raised":8912},{"base_id":842,"kind":"bot_words","i1":1,"i2":6,"sol":{"path":["/c/en/mops","/c/en/analog","/c/en/digital","/c/en/sampler"],"weight":0.20804999999999976,"degrees":[26,203,369,64]},"num_concepts_raised":19793},{"base_id":842,"kind":"bot_words","i1":1,"i2":7,"sol":{"path":["/c/en/mops","/c/en/mop","/c/en/apartment","/c/en/city","/c/en/nyíregyháza"],"weight":0.21513999999999978,"degrees":[26,215,699,3758,61]},"num_concepts_raised":6473},{"base_id":842,"kind":"bot_words","i1":1,"i2":8,"sol":{"path":["/c/en/mops","/c/en/mammal","/c/en/play","/c/en/false_note","/c/en/insincerity"],"weight":0.20825999999999972,"degrees":[26,2187,3092,25,85]},"num_concepts_raised":4258},{"base_id":842,"kind":"bot_words","i1":1,"i2":9,"sol":{"path":["/c/en/mops","/c/en/mop","/c/en/military","/c/en/tambour"],"weight":0.20990999999999976,"degrees":[26,215,5690,49]},"num_concepts_raised":25455},{"base_id":842,"kind":"bot_words","i1":2,"i2":3,"sol":{"path":["/c/en/theologically","/c/en/theology","/c/en/detail","/c/en/attention","/c/en/riveting"],"weight":0.2029199999999999,"degrees":[25,785,610,900,37]},"num_concepts_raised":2616},{"base_id":842,"kind":"bot_words","i1":2,"i2":4,"sol":{"path":["/c/en/theologically","/c/en/theology","/c/en/word","/c/ko/우물우물","/c/en/mumbling"],"weight":0.20297999999999988,"degrees":[25,785,2436,11,52]},"num_concepts_raised":2012},{"base_id":842,"kind":"bot_words","i1":2,"i2":5,"sol":{"path":["/c/en/theologically","/c/en/theological","/c/en/protestant","/c/en/christian","/c/en/kris"],"weight":0.20850999999999983,"degrees":[25,112,252,813,82]},"num_concepts_raised":6505},{"base_id":842,"kind":"bot_words","i1":2,"i2":6,"sol":{"path":["/c/en/theologically","/c/en/theology","/c/en/recapitulation","/c/en/music","/c/en/sampler"],"weight":0.20332999999999984,"degrees":[25,785,117,8822,64]},"num_concepts_raised":17478},{"base_id":842,"kind":"bot_words","i1":2,"i2":7,"sol":{"path":["/c/en/theologically","/c/lv/visteoloģiskāk","/c/en/most","/c/en/city","/c/en/nyíregyháza"],"weight":0.2082099999999999,"degrees":[25,4,1487,3758,61]},"num_concepts_raised":4101},{"base_id":842,"kind":"bot_words","i1":2,"i2":8,"sol":{"path":["/c/en/theologically","/c/en/theology","/c/en/truthfulness","/c/en/insincerity"],"weight":0.20344999999999985,"degrees":[25,785,71,85]},"num_concepts_raised":1872},{"base_id":842,"kind":"bot_words","i1":2,"i2":9,"sol":{"path":["/c/en/theologically","/c/en/theology","/c/en/slang","/c/en/drum","/c/en/tambour"],"weight":0.20325999999999989,"degrees":[25,785,16318,885,49]},"num_concepts_raised":23182},{"base_id":842,"kind":"bot_words","i1":3,"i2":4,"sol":{"path":["/c/en/riveting","/c/en/attention","/c/en/action","/c/en/chew","/c/en/mumbling"],"weight":0.20299999999999974,"degrees":[37,900,2156,590,52]},"num_concepts_raised":3144},{"base_id":842,"kind":"bot_words","i1":3,"i2":5,"sol":{"path":["/c/en/riveting","/c/en/rivet","/c/en/dolly","/c/en/diminutive","/c/en/kris"],"weight":0.2105399999999997,"degrees":[37,218,146,881,82]},"num_concepts_raised":7666},{"base_id":842,"kind":"bot_words","i1":3,"i2":6,"sol":{"path":["/c/en/riveting","/c/en/rivet","/c/en/mechanical","/c/en/music","/c/en/sampler"],"weight":0.20536999999999972,"degrees":[37,218,563,8822,64]},"num_concepts_raised":18566},{"base_id":842,"kind":"bot_words","i1":3,"i2":7,"sol":{"path":["/c/en/riveting","/c/en/attention","/c/en/sign","/c/en/city","/c/en/nyíregyháza"],"weight":0.20823999999999976,"degrees":[37,900,2004,3758,61]},"num_concepts_raised":5230},{"base_id":842,"kind":"bot_words","i1":3,"i2":8,"sol":{"path":["/c/en/riveting","/c/en/attention","/c/ja/心","/c/en/sincerity","/c/en/insincerity"],"weight":0.2055599999999997,"degrees":[37,900,229,270,85]},"num_concepts_raised":3004},{"base_id":842,"kind":"bot_words","i1":3,"i2":9,"sol":{"path":["/c/en/riveting","/c/en/attention","/c/en/military","/c/en/tambour"],"weight":0.20304999999999973,"degrees":[37,900,5690,49]},"num_concepts_raised":24240},{"base_id":842,"kind":"bot_words","i1":4,"i2":5,"sol":{"path":["/c/en/mumbling","/c/en/mumble","/c/it/cincischiare","/c/en/crease","/c/en/kris"],"weight":0.2096699999999997,"degrees":[52,276,48,302,82]},"num_concepts_raised":7074},{"base_id":842,"kind":"bot_words","i1":4,"i2":6,"sol":{"path":["/c/en/mumbling","/c/en/mumble","/c/en/articulate","/c/en/music","/c/en/sampler"],"weight":0.20454999999999968,"degrees":[52,276,304,8822,64]},"num_concepts_raised":18003},{"base_id":842,"kind":"bot_words","i1":4,"i2":7,"sol":{"path":["/c/en/mumbling","/c/en/chew","/c/en/eat_dinner","/c/en/hungary","/c/en/nyíregyháza"],"weight":0.21036999999999972,"degrees":[52,590,100,366,61]},"num_concepts_raised":4627},{"base_id":842,"kind":"bot_words","i1":4,"i2":8,"sol":{"path":["/c/en/mumbling","/c/en/chew","/c/en/activity","/c/en/hypocrisy","/c/en/insincerity"],"weight":0.20463999999999968,"degrees":[52,590,1154,293,85]},"num_concepts_raised":2401},{"base_id":842,"kind":"bot_words","i1":4,"i2":9,"sol":{"path":["/c/en/mumbling","/c/en/mumble","/c/en/software","/c/en/framework","/c/en/tambour"],"weight":0.20421999999999974,"degrees":[52,276,1812,445,49]},"num_concepts_raised":23708},{"base_id":842,"kind":"bot_words","i1":5,"i2":6,"sol":{"path":["/c/en/kris","/c/en/stab","/c/en/music","/c/en/sampler"],"weight":0.20892999999999964,"degrees":[82,449,8822,64]},"num_concepts_raised":22433},{"base_id":842,"kind":"bot_words","i1":5,"i2":7,"sol":{"path":["/c/en/kris","/c/en/dagger","/c/en/small","/c/en/city","/c/en/nyíregyháza"],"weight":0.2159399999999997,"degrees":[82,505,2515,3758,61]},"num_concepts_raised":9147},{"base_id":842,"kind":"bot_words","i1":5,"i2":8,"sol":{"path":["/c/en/kris","/c/en/dagger","/c/en/character","/c/en/hypocrisy","/c/en/insincerity"],"weight":0.21222999999999964,"degrees":[82,505,1971,293,85]},"num_concepts_raised":6933},{"base_id":842,"kind":"bot_words","i1":5,"i2":9,"sol":{"path":["/c/en/kris","/c/en/dagger","/c/en/frame","/c/fi/ompelukehys","/c/en/tambour"],"weight":0.21170999999999968,"degrees":[82,505,948,6,49]},"num_concepts_raised":28052},{"base_id":842,"kind":"bot_words","i1":6,"i2":7,"sol":{"path":["/c/en/sampler","/c/en/music","/c/en/country","/c/en/hungary","/c/en/nyíregyháza"],"weight":0.21069999999999972,"degrees":[64,8822,2796,366,61]},"num_concepts_raised":20041},{"base_id":842,"kind":"bot_words","i1":6,"i2":8,"sol":{"path":["/c/en/sampler","/c/en/music","/c/en/false_note","/c/en/insincerity"],"weight":0.20378999999999964,"degrees":[64,8822,25,85]},"num_concepts_raised":17869},{"base_id":842,"kind":"bot_words","i1":6,"i2":9,"sol":{"path":["/c/en/sampler","/c/en/embroidery","/c/en/tambour"],"weight":0.202,"degrees":[64,288,49]},"num_concepts_raised":100},{"base_id":842,"kind":"bot_words","i1":7,"i2":8,"sol":{"path":["/c/en/nyíregyháza","/c/en/city","/c/en/church","/c/en/hypocrisy","/c/en/insincerity"],"weight":0.20987999999999968,"degrees":[61,3758,1592,293,85]},"num_concepts_raised":4491},{"base_id":842,"kind":"bot_words","i1":7,"i2":9,"sol":{"path":["/c/en/nyíregyháza","/c/en/city","/c/en/capital","/c/en/tambour"],"weight":0.20836999999999972,"degrees":[61,3758,1518,49]},"num_concepts_raised":25536},{"base_id":842,"kind":"bot_words","i1":8,"i2":9,"sol":{"path":["/c/en/insincerity","/c/en/insincere","/c/en/hollow","/c/en/drum","/c/en/tambour"],"weight":0.20474999999999968,"degrees":[85,133,863,885,49]},"num_concepts_raised":23574}],[{"base_id":842,"kind":"top_words","i1":0,"i2":1,"sol":{"path":["/c/en/refugee","/c/en/refuge","/c/en/tree","/c/en/balata"],"weight":0.2142600000000001,"degrees":[307,324,3598,26]},"num_concepts_raised":33979},{"base_id":842,"kind":"top_words","i1":0,"i2":2,"sol":{"path":["/c/en/refugee","/c/fr/réfugié","/c/fr/personne","/c/fr/singe","/c/en/cheeta"],"weight":0.22634000000000004,"degrees":[307,120,3714,479,28]},"num_concepts_raised":30964},{"base_id":842,"kind":"top_words","i1":0,"i2":3,"sol":{"path":["/c/en/refugee","/c/en/asylum_seeker","/c/en/seeker"],"weight":0.20600000000000002,"degrees":[307,80,118]},"num_concepts_raised":292},{"base_id":842,"kind":"top_words","i1":0,"i2":4,"sol":{"path":["/c/en/refugee","/c/en/person","/c/en/science","/c/en/gerontology"],"weight":0.21842000000000023,"degrees":[307,12935,1674,109]},"num_concepts_raised":34861},{"base_id":842,"kind":"top_words","i1":0,"i2":5,"sol":{"path":["/c/en/refugee","/c/en/asylum","/c/en/rock","/c/en/geology","/c/en/kimberlite"],"weight":0.2164700000000001,"degrees":[307,189,2349,3862,31]},"num_concepts_raised":34807},{"base_id":842,"kind":"top_words","i1":0,"i2":6,"sol":{"path":["/c/en/refugee","/c/en/asylum","/c/en/place","/c/en/city","/c/en/lepoglava"],"weight":0.22140000000000004,"degrees":[307,189,3314,3758,27]},"num_concepts_raised":34318},{"base_id":842,"kind":"top_words","i1":0,"i2":7,"sol":{"path":["/c/en/refugee","/c/en/historical","/c/en/snapper","/c/en/whippersnapper"],"weight":0.21239000000000008,"degrees":[307,8415,83,48]},"num_concepts_raised":33137},{"base_id":842,"kind":"top_words","i1":0,"i2":8,"sol":{"path":["/c/en/refugee","/c/en/person","/c/en/face","/c/en/octahedron","/c/en/octahedral"],"weight":0.2132200000000001,"degrees":[307,12935,2479,144,28]},"num_concepts_raised":30594},{"base_id":842,"kind":"top_words","i1":0,"i2":9,"sol":{"path":["/c/en/refugee","/c/en/displaced_person","/c/en/dp","/c/en/chemistry","/c/en/dolichol"],"weight":0.21933000000000005,"degrees":[307,54,14,11754,26]},"num_concepts_raised":45918},{"base_id":842,"kind":"top_words","i1":1,"i2":2,"sol":{"path":["/c/en/balata","/c/en/tree","/c/en/monkey","/c/fr/singe","/c/en/cheeta"],"weight":0.20772999999999986,"degrees":[26,3598,884,479,28]},"num_concepts_raised":4323},{"base_id":842,"kind":"top_words","i1":1,"i2":3,"sol":{"path":["/c/en/balata","/c/en/tree","/c/en/home","/c/en/seek","/c/en/seeker"],"weight":0.21081999999999973,"degrees":[26,3598,2163,709,118]},"num_concepts_raised":23567},{"base_id":842,"kind":"top_words","i1":1,"i2":4,"sol":{"path":["/c/en/balata","/c/en/latex","/c/en/medicine","/c/en/geriatrics","/c/en/gerontology"],"weight":0.21117000000000002,"degrees":[26,264,11938,118,109]},"num_concepts_raised":8403},{"base_id":842,"kind":"top_words","i1":1,"i2":5,"sol":{"path":["/c/en/balata","/c/en/manilkara_bidentata","/c/en/plant","/c/en/carbon_dioxide","/c/en/kimberlite"],"weight":0.2037799999999999,"degrees":[26,24,7959,436,31]},"num_concepts_raised":8206},{"base_id":842,"kind":"top_words","i1":1,"i2":6,"sol":{"path":["/c/en/balata","/c/en/tree","/c/en/san_francisco","/c/en/city","/c/en/lepoglava"],"weight":0.20775999999999983,"degrees":[26,3598,314,3758,27]},"num_concepts_raised":7892},{"base_id":842,"kind":"top_words","i1":1,"i2":7,"sol":{"path":["/c/en/balata","/c/en/tree","/c/en/squirrel","/c/en/cheeky","/c/en/whippersnapper"],"weight":0.20299999999999987,"degrees":[26,3598,1113,197,48]},"num_concepts_raised":6615},{"base_id":842,"kind":"top_words","i1":1,"i2":8,"sol":{"path":["/c/en/balata","/c/en/tree","/c/en/crystal","/c/en/hauerite","/c/en/octahedral"],"weight":0.2027399999999999,"degrees":[26,3598,940,21,28]},"num_concepts_raised":3932},{"base_id":842,"kind":"top_words","i1":1,"i2":9,"sol":{"path":["/c/en/balata","/c/en/isoprene","/c/en/dolichol"],"weight":0.20400000000000001,"degrees":[26,126,26]},"num_concepts_raised":47},{"base_id":842,"kind":"top_words","i1":2,"i2":3,"sol":{"path":["/c/en/cheeta","/c/fr/singe","/c/fr/technique","/c/nl/zoeker","/c/en/seeker"],"weight":0.21781999999999968,"degrees":[28,479,1490,18,118]},"num_concepts_raised":20511},{"base_id":842,"kind":"top_words","i1":2,"i2":4,"sol":{"path":["/c/en/cheeta","/c/en/fictional_character","/c/en/thing","/c/en/science","/c/en/gerontology"],"weight":0.21397999999999998,"degrees":[28,155,1451,1674,109]},"num_concepts_raised":5310},{"base_id":842,"kind":"top_words","i1":2,"i2":5,"sol":{"path":["/c/en/cheeta","/c/fa/پارس","/c/en/animal","/c/en/mineral","/c/pt/kimberlito","/c/en/kimberlite"],"weight":0.2114871999999998,"degrees":[28,20,3735,8530,5,31]},"num_concepts_raised":365542},{"base_id":842,"kind":"top_words","i1":2,"i2":6,"sol":{"path":["/c/en/cheeta","/c/fr/singe","/c/fr/patron","/c/fr/ville","/c/en/city","/c/en/lepoglava"],"weight":0.21455409999999936,"degrees":[28,479,320,8696,3758,27]},"num_concepts_raised":306676},{"base_id":842,"kind":"top_words","i1":2,"i2":7,"sol":{"path":["/c/en/cheeta","/c/fr/singe","/c/fr/argot","/c/en/bugger","/c/en/whippersnapper"],"weight":0.20793999999999982,"degrees":[28,479,3386,137,48]},"num_concepts_raised":3507},{"base_id":842,"kind":"top_words","i1":2,"i2":8,"sol":{"path":["/c/en/cheeta","/c/en/fictional_character","/c/fr/caractère","/c/fr/octaédrique","/c/en/octahedral"],"weight":0.20765999999999984,"degrees":[28,155,1428,9,28]},"num_concepts_raised":808},{"base_id":842,"kind":"top_words","i1":2,"i2":9,"sol":{"path":["/c/en/cheeta","/c/en/fictional_character","/c/en/ash","/c/en/chemistry","/c/en/dolichol"],"weight":0.2127299999999998,"degrees":[28,155,810,11754,26]},"num_concepts_raised":16306},{"base_id":842,"kind":"top_words","i1":3,"i2":4,"sol":{"path":["/c/en/seeker","/c/en/person","/c/en/science","/c/en/gerontology"],"weight":0.21513999999999983,"degrees":[118,12935,1674,109]},"num_concepts_raised":24426},{"base_id":842,"kind":"top_words","i1":3,"i2":5,"sol":{"path":["/c/en/seeker","/c/ga/sirtheoir","/c/en/mining","/c/en/kimberley","/c/en/kimberlite"],"weight":0.21078999999999976,"degrees":[118,16,883,56,31]},"num_concepts_raised":24380},{"base_id":842,"kind":"top_words","i1":3,"i2":6,"sol":{"path":["/c/en/seeker","/c/en/book","/c/en/city","/c/en/lepoglava"],"weight":0.21379999999999966,"degrees":[118,3239,3758,27]},"num_concepts_raised":24033},{"base_id":842,"kind":"top_words","i1":3,"i2":7,"sol":{"path":["/c/en/seeker","/c/fr/demandeur","/c/en/legal","/c/en/bugger","/c/en/whippersnapper"],"weight":0.2110299999999997,"degrees":[118,56,6627,137,48]},"num_concepts_raised":22721},{"base_id":842,"kind":"top_words","i1":3,"i2":8,"sol":{"path":["/c/en/seeker","/c/en/person","/c/en/face","/c/en/octahedron","/c/en/octahedral"],"weight":0.20992999999999973,"degrees":[118,12935,2479,144,28]},"num_concepts_raised":20138},{"base_id":842,"kind":"top_words","i1":3,"i2":9,"sol":{"path":["/c/en/seeker","/c/fr/demandeur","/c/en/legal","/c/en/residue","/c/en/dolichol"],"weight":0.21575999999999967,"degrees":[118,56,6627,274,26]},"num_concepts_raised":35536},{"base_id":842,"kind":"top_words","i1":4,"i2":5,"sol":{"path":["/c/en/gerontology","/c/en/science","/c/en/geology","/c/en/kimberlite"],"weight":0.20908000000000004,"degrees":[109,1674,3862,31]},"num_concepts_raised":9162},{"base_id":842,"kind":"top_words","i1":4,"i2":6,"sol":{"path":["/c/en/gerontology","/c/en/ageing","/c/en/australia","/c/en/city","/c/en/lepoglava"],"weight":0.21406999999999998,"degrees":[109,127,2690,3758,27]},"num_concepts_raised":8877},{"base_id":842,"kind":"top_words","i1":4,"i2":7,"sol":{"path":["/c/en/gerontology","/c/en/social","/c/en/upstart","/c/en/whippersnapper"],"weight":0.20923,"degrees":[109,934,141,48]},"num_concepts_raised":7590},{"base_id":842,"kind":"top_words","i1":4,"i2":8,"sol":{"path":["/c/en/gerontology","/c/en/social","/c/en/face","/c/en/octahedron","/c/en/octahedral"],"weight":0.21003000000000002,"degrees":[109,934,2479,144,28]},"num_concepts_raised":4914},{"base_id":842,"kind":"top_words","i1":4,"i2":9,"sol":{"path":["/c/en/gerontology","/c/en/science","/c/en/chemistry","/c/en/dolichol"],"weight":0.21405999999999997,"degrees":[109,1674,11754,26]},"num_concepts_raised":20320},{"base_id":842,"kind":"top_words","i1":5,"i2":6,"sol":{"path":["/c/en/kimberlite","/c/en/kimberley","/c/en/city","/c/en/lepoglava"],"weight":0.20771999999999985,"degrees":[31,56,3758,27]},"num_concepts_raised":8687},{"base_id":842,"kind":"top_words","i1":5,"i2":7,"sol":{"path":["/c/en/kimberlite","/c/en/geology","/c/en/young","/c/en/whippersnapper"],"weight":0.20297999999999988,"degrees":[31,3862,1813,48]},"num_concepts_raised":7403},{"base_id":842,"kind":"top_words","i1":5,"i2":8,"sol":{"path":["/c/en/kimberlite","/c/en/diamond","/c/en/geometry","/c/en/octahedron","/c/en/octahedral"],"weight":0.20378999999999992,"degrees":[31,772,2822,144,28]},"num_concepts_raised":4703},{"base_id":842,"kind":"top_words","i1":5,"i2":9,"sol":{"path":["/c/en/kimberlite","/c/en/diamond","/c/en/carbon","/c/en/dolichol"],"weight":0.20774999999999988,"degrees":[31,772,1510,26]},"num_concepts_raised":20073},{"base_id":842,"kind":"top_words","i1":6,"i2":7,"sol":{"path":["/c/en/lepoglava","/c/en/city","/c/en/australia","/c/en/snapper","/c/en/whippersnapper"],"weight":0.20798999999999984,"degrees":[27,3758,2690,83,48]},"num_concepts_raised":7097},{"base_id":842,"kind":"top_words","i1":6,"i2":8,"sol":{"path":["/c/en/lepoglava","/c/en/city","/c/en/cathedral","/c/grc/εδρα","/c/en/octahedron","/c/en/octahedral"],"weight":0.2121827999999995,"degrees":[27,3758,380,54,144,28]},"num_concepts_raised":267046},{"base_id":842,"kind":"top_words","i1":6,"i2":9,"sol":{"path":["/c/en/lepoglava","/c/en/city","/c/en/group","/c/en/chemistry","/c/en/dolichol"],"weight":0.2127599999999998,"degrees":[27,3758,2339,11754,26]},"num_concepts_raised":19885},{"base_id":842,"kind":"top_words","i1":7,"i2":8,"sol":{"path":["/c/en/whippersnapper","/c/fr/insignifiant","/c/fr/caractère","/c/fr/octaédrique","/c/en/octahedral"],"weight":0.20290999999999987,"degrees":[48,138,1428,9,28]},"num_concepts_raised":3118},{"base_id":842,"kind":"top_words","i1":7,"i2":9,"sol":{"path":["/c/en/whippersnapper","/c/en/lightweight","/c/en/light","/c/en/chemistry","/c/en/dolichol"],"weight":0.20797999999999983,"degrees":[48,192,4288,11754,26]},"num_concepts_raised":18601},{"base_id":842,"kind":"top_words","i1":8,"i2":9,"sol":{"path":["/c/en/octahedral","/c/en/octahedron","/c/en/solid","/c/en/chemistry","/c/en/dolichol"],"weight":0.20879999999999985,"degrees":[28,144,1304,11754,26]},"num_concepts_raised":15908}]]