[[{"base_id":777,"kind":"bot_words","i1":0,"i2":1,"sol":{"path":["/c/en/vandalise","/c/en/people","/c/en/forgive"],"weight":0.202,"degrees":[42,4475,532]},"num_concepts_raised":437},{"base_id":777,"kind":"bot_words","i1":0,"i2":2,"sol":{"path":["/c/en/vandalise","/c/en/people","/c/en/cry","/c/en/whining"],"weight":0.20338999999999968,"degrees":[42,4475,1722,72]},"num_concepts_raised":10750},{"base_id":777,"kind":"bot_words","i1":0,"i2":3,"sol":{"path":["/c/en/vandalise","/c/en/destroy","/c/en/computing","/c/en/uma"],"weight":0.20304999999999984,"degrees":[42,1339,9084,29]},"num_concepts_raised":18298},{"base_id":777,"kind":"bot_words","i1":0,"i2":4,"sol":{"path":["/c/en/vandalise","/c/en/property","/c/en/size","/c/en/length"],"weight":0.21536999999999845,"degrees":[42,1664,1119,824]},"num_concepts_raised":88965},{"base_id":777,"kind":"bot_words","i1":0,"i2":5,"sol":{"path":["/c/en/vandalise","/c/en/people","/c/en/family","/c/en/mum"],"weight":0.20633999999999958,"degrees":[42,4475,3166,283]},"num_concepts_raised":36260},{"base_id":777,"kind":"bot_words","i1":0,"i2":6,"sol":{"path":["/c/en/vandalise","/c/en/people","/c/en/stand","/c/en/trivet"],"weight":0.20355999999999977,"degrees":[42,4475,1476,75]},"num_concepts_raised":14890},{"base_id":777,"kind":"bot_words","i1":0,"i2":7,"sol":{"path":["/c/en/vandalise","/c/en/need","/c/en/water","/c/en/kettle"],"weight":0.21609999999999957,"degrees":[42,1130,4606,475]},"num_concepts_raised":54036},{"base_id":777,"kind":"bot_words","i1":0,"i2":8,"sol":{"path":["/c/en/vandalise","/c/en/property","/c/en/area","/c/en/seaboard"],"weight":0.20308999999999985,"degrees":[42,1664,1840,37]},"num_concepts_raised":13137},{"base_id":777,"kind":"bot_words","i1":0,"i2":9,"sol":{"path":["/c/en/vandalise","/c/en/people","/c/en/television","/c/en/leaper"],"weight":0.20297999999999983,"degrees":[42,4475,1498,33]},"num_concepts_raised":12958},{"base_id":777,"kind":"bot_words","i1":1,"i2":2,"sol":{"path":["/c/en/forgive","/c/en/give","/c/en/cry","/c/en/whining"],"weight":0.20996999999999927,"degrees":[532,2421,1722,72]},"num_concepts_raised":34738},{"base_id":777,"kind":"bot_words","i1":1,"i2":3,"sol":{"path":["/c/en/forgive","/c/en/nice","/c/en/computing","/c/en/uma"],"weight":0.20929999999999943,"degrees":[532,845,9084,29]},"num_concepts_raised":42285},{"base_id":777,"kind":"bot_words","i1":1,"i2":4,"sol":{"path":["/c/en/forgive","/c/zh/度量","/c/en/measure","/c/en/length"],"weight":0.22205999999999804,"degrees":[532,15,1837,824]},"num_concepts_raised":111527},{"base_id":777,"kind":"bot_words","i1":1,"i2":5,"sol":{"path":["/c/en/forgive","/c/en/human","/c/en/mother","/c/en/mum"],"weight":0.21525999999999917,"degrees":[532,2645,1743,283]},"num_concepts_raised":59340},{"base_id":777,"kind":"bot_words","i1":1,"i2":6,"sol":{"path":["/c/en/forgive","/c/en/human","/c/en/stand","/c/en/trivet"],"weight":0.21002999999999938,"degrees":[532,2645,1476,75]},"num_concepts_raised":38792},{"base_id":777,"kind":"bot_words","i1":1,"i2":7,"sol":{"path":["/c/en/forgive","/c/en/tell","/c/en/kettle"],"weight":0.20400000000000001,"degrees":[532,953,475]},"num_concepts_raised":746},{"base_id":777,"kind":"bot_words","i1":1,"i2":8,"sol":{"path":["/c/en/forgive","/c/en/nice","/c/en/coast","/c/en/seaboard"],"weight":0.21065999999999946,"degrees":[532,845,895,37]},"num_concepts_raised":37181},{"base_id":777,"kind":"bot_words","i1":1,"i2":9,"sol":{"path":["/c/en/forgive","/c/en/people","/c/en/television","/c/en/leaper"],"weight":0.20940999999999943,"degrees":[532,4475,1498,33]},"num_concepts_raised":36962},{"base_id":777,"kind":"bot_words","i1":2,"i2":3,"sol":{"path":["/c/en/whining","/c/en/whine","/c/en/bind","/c/en/computing","/c/en/uma"],"weight":0.2042699999999997,"degrees":[72,312,948,9084,29]},"num_concepts_raised":12836},{"base_id":777,"kind":"bot_words","i1":2,"i2":4,"sol":{"path":["/c/en/whining","/c/en/whine","/c/en/sound","/c/en/length"],"weight":0.2142499999999983,"degrees":[72,312,3218,824]},"num_concepts_raised":83992},{"base_id":777,"kind":"bot_words","i1":2,"i2":5,"sol":{"path":["/c/en/whining","/c/en/babies","/c/en/mother","/c/en/mum"],"weight":0.20891999999999944,"degrees":[72,99,1743,283]},"num_concepts_raised":31045},{"base_id":777,"kind":"bot_words","i1":2,"i2":6,"sol":{"path":["/c/en/whining","/c/en/whine","/c/en/sound","/c/en/short","/c/en/trivet"],"weight":0.20482999999999962,"degrees":[72,312,3218,1446,75]},"num_concepts_raised":9431},{"base_id":777,"kind":"bot_words","i1":2,"i2":7,"sol":{"path":["/c/en/whining","/c/en/cry","/c/en/water","/c/en/kettle"],"weight":0.21634999999999943,"degrees":[72,1722,4606,475]},"num_concepts_raised":48816},{"base_id":777,"kind":"bot_words","i1":2,"i2":8,"sol":{"path":["/c/en/whining","/c/en/cry","/c/en/water","/c/en/coast","/c/en/seaboard"],"weight":0.20458999999999972,"degrees":[72,1722,4606,895,37]},"num_concepts_raised":7657},{"base_id":777,"kind":"bot_words","i1":2,"i2":9,"sol":{"path":["/c/en/whining","/c/en/cry","/c/en/person","/c/en/leap","/c/en/leaper"],"weight":0.2042099999999997,"degrees":[72,1722,12935,640,33]},"num_concepts_raised":7441},{"base_id":777,"kind":"bot_words","i1":3,"i2":4,"sol":{"path":["/c/en/uma","/c/en/computing","/c/en/dimension","/c/en/length"],"weight":0.21411999999999848,"degrees":[29,9084,480,824]},"num_concepts_raised":90822},{"base_id":777,"kind":"bot_words","i1":3,"i2":5,"sol":{"path":["/c/en/uma","/c/en/computing","/c/en/home","/c/en/mum"],"weight":0.20598999999999962,"degrees":[29,9084,2163,283]},"num_concepts_raised":38518},{"base_id":777,"kind":"bot_words","i1":3,"i2":6,"sol":{"path":["/c/en/uma","/c/en/computing","/c/en/coaster","/c/en/trivet"],"weight":0.2042899999999998,"degrees":[29,9084,119,75]},"num_concepts_raised":16956},{"base_id":777,"kind":"bot_words","i1":3,"i2":7,"sol":{"path":["/c/en/uma","/c/en/computing","/c/en/handle","/c/en/kettle"],"weight":0.21370999999999962,"degrees":[29,9084,1567,475]},"num_concepts_raised":56009},{"base_id":777,"kind":"bot_words","i1":3,"i2":8,"sol":{"path":["/c/en/uma","/c/en/ems","/c/en/river","/c/en/coast","/c/en/seaboard"],"weight":0.20519999999999988,"degrees":[29,95,2945,895,37]},"num_concepts_raised":15223},{"base_id":777,"kind":"bot_words","i1":3,"i2":9,"sol":{"path":["/c/en/uma","/c/en/computing","/c/en/jump","/c/en/leap","/c/en/leaper"],"weight":0.20384999999999986,"degrees":[29,9084,1216,640,33]},"num_concepts_raised":14989},{"base_id":777,"kind":"bot_words","i1":4,"i2":5,"sol":{"path":["/c/en/length","/c/en/month","/c/en/mom","/c/en/mum"],"weight":0.21885999999999822,"degrees":[824,1313,206,283]},"num_concepts_raised":107582},{"base_id":777,"kind":"bot_words","i1":4,"i2":6,"sol":{"path":["/c/en/length","/c/en/short","/c/en/trivet"],"weight":0.202,"degrees":[824,1446,75]},"num_concepts_raised":740},{"base_id":777,"kind":"bot_words","i1":4,"i2":7,"sol":{"path":["/c/en/length","/c/en/quantity","/c/en/kettle"],"weight":0.20400000000000001,"degrees":[824,807,475]},"num_concepts_raised":1025},{"base_id":777,"kind":"bot_words","i1":4,"i2":8,"sol":{"path":["/c/en/length","/c/en/area","/c/en/seaboard"],"weight":0.202,"degrees":[824,1840,37]},"num_concepts_raised":709},{"base_id":777,"kind":"bot_words","i1":4,"i2":9,"sol":{"path":["/c/en/length","/c/en/distance","/c/en/leap","/c/en/leaper"],"weight":0.21660999999999847,"degrees":[824,1296,640,33]},"num_concepts_raised":85763},{"base_id":777,"kind":"bot_words","i1":5,"i2":6,"sol":{"path":["/c/en/mum","/c/en/dad","/c/en/short","/c/en/trivet"],"weight":0.20768999999999954,"degrees":[283,471,1446,75]},"num_concepts_raised":35006},{"base_id":777,"kind":"bot_words","i1":5,"i2":7,"sol":{"path":["/c/en/mum","/c/en/uk","/c/en/pot","/c/en/kettle"],"weight":0.21975999999999934,"degrees":[283,5562,1260,475]},"num_concepts_raised":71930},{"base_id":777,"kind":"bot_words","i1":5,"i2":8,"sol":{"path":["/c/en/mum","/c/en/home","/c/en/area","/c/en/seaboard"],"weight":0.20610999999999963,"degrees":[283,2163,1840,37]},"num_concepts_raised":33393},{"base_id":777,"kind":"bot_words","i1":5,"i2":9,"sol":{"path":["/c/en/mum","/c/en/uk","/c/en/bounder","/c/en/leaper"],"weight":0.2070299999999996,"degrees":[283,5562,39,33]},"num_concepts_raised":33191},{"base_id":777,"kind":"bot_words","i1":6,"i2":7,"sol":{"path":["/c/en/trivet","/c/hy/կասկարա","/c/en/kettle"],"weight":0.20500000000000002,"degrees":[75,7,475]},"num_concepts_raised":407},{"base_id":777,"kind":"bot_words","i1":6,"i2":8,"sol":{"path":["/c/en/trivet","/c/en/coaster","/c/en/coast","/c/en/seaboard"],"weight":0.2056499999999998,"degrees":[75,119,895,37]},"num_concepts_raised":11795},{"base_id":777,"kind":"bot_words","i1":6,"i2":9,"sol":{"path":["/c/en/trivet","/c/en/base","/c/en/instrument","/c/en/leaper"],"weight":0.2033299999999998,"degrees":[75,2117,1542,33]},"num_concepts_raised":11584},{"base_id":777,"kind":"bot_words","i1":7,"i2":8,"sol":{"path":["/c/en/kettle","/c/en/water","/c/en/coast","/c/en/seaboard"],"weight":0.2172899999999996,"degrees":[475,4606,895,37]},"num_concepts_raised":51001},{"base_id":777,"kind":"bot_words","i1":7,"i2":9,"sol":{"path":["/c/en/kettle","/c/en/kettledrum","/c/en/instrument","/c/en/leaper"],"weight":0.2157499999999996,"degrees":[475,80,1542,33]},"num_concepts_raised":50697},{"base_id":777,"kind":"bot_words","i1":8,"i2":9,"sol":{"path":["/c/en/seaboard","/c/en/coast","/c/en/boundary","/c/en/bounder","/c/en/leaper"],"weight":0.2051799999999999,"degrees":[37,895,774,39,33]},"num_concepts_raised":9847}],[{"base_id":777,"kind":"top_words","i1":0,"i2":1,"sol":{"path":["/c/en/bogey","/c/en/uk","/c/en/city","/c/en/kerman"],"weight":0.20939999999999942,"degrees":[142,5562,3758,63]},"num_concepts_raised":57630},{"base_id":777,"kind":"top_words","i1":0,"i2":2,"sol":{"path":["/c/en/bogey","/c/en/golf","/c/en/birdie"],"weight":0.20400000000000001,"degrees":[142,830,118]},"num_concepts_raised":207},{"base_id":777,"kind":"top_words","i1":0,"i2":3,"sol":{"path":["/c/en/bogey","/c/en/slang","/c/en/sister","/c/en/sisterly"],"weight":0.2066399999999996,"degrees":[142,16318,1066,49]},"num_concepts_raised":55562},{"base_id":777,"kind":"top_words","i1":0,"i2":4,"sol":{"path":["/c/en/bogey","/c/en/slang","/c/en/fuck_off","/c/en/dissuasively","/c/en/dissuasive"],"weight":0.20526999999999967,"degrees":[142,16318,200,6,34]},"num_concepts_raised":54759},{"base_id":777,"kind":"top_words","i1":0,"i2":5,"sol":{"path":["/c/en/bogey","/c/en/devil","/c/en/machine","/c/en/scala"],"weight":0.21145999999999945,"degrees":[142,971,1685,61]},"num_concepts_raised":70583},{"base_id":777,"kind":"top_words","i1":0,"i2":6,"sol":{"path":["/c/en/bogey","/c/en/uk","/c/en/coach","/c/en/coaching"],"weight":0.20426999999999954,"degrees":[142,5562,799,51]},"num_concepts_raised":57583},{"base_id":777,"kind":"top_words","i1":0,"i2":7,"sol":{"path":["/c/en/bogey","/c/en/uk","/c/en/fine"],"weight":0.202,"degrees":[142,5562,1351]},"num_concepts_raised":1281},{"base_id":777,"kind":"top_words","i1":0,"i2":8,"sol":{"path":["/c/en/bogey","/c/en/aircraft","/c/en/spinner"],"weight":0.202,"degrees":[142,1135,142]},"num_concepts_raised":243},{"base_id":777,"kind":"top_words","i1":0,"i2":9,"sol":{"path":["/c/en/bogey","/c/en/slang","/c/en/heat","/c/en/preheat"],"weight":0.2045799999999997,"degrees":[142,16318,2046,44]},"num_concepts_raised":56385},{"base_id":777,"kind":"top_words","i1":1,"i2":2,"sol":{"path":["/c/en/kerman","/c/en/city","/c/en/eagle","/c/en/bird","/c/en/birdie"],"weight":0.21087999999999973,"degrees":[63,3758,752,4970,118]},"num_concepts_raised":31767},{"base_id":777,"kind":"top_words","i1":1,"i2":3,"sol":{"path":["/c/en/kerman","/c/en/city","/c/en/like","/c/en/sister","/c/en/sisterly"],"weight":0.21056999999999976,"degrees":[63,3758,2357,1066,49]},"num_concepts_raised":4643},{"base_id":777,"kind":"top_words","i1":1,"i2":4,"sol":{"path":["/c/en/kerman","/c/en/city","/c/en/high","/c/en/exemplary","/c/en/admonitory","/c/en/dissuasive"],"weight":0.21330189999999932,"degrees":[63,3758,1658,112,41,34]},"num_concepts_raised":274829},{"base_id":777,"kind":"top_words","i1":1,"i2":5,"sol":{"path":["/c/en/kerman","/c/en/city","/c/en/c","/c/en/programming_language","/c/en/scala"],"weight":0.2156299999999996,"degrees":[63,3758,511,560,61]},"num_concepts_raised":20422},{"base_id":777,"kind":"top_words","i1":1,"i2":6,"sol":{"path":["/c/en/kerman","/c/en/city","/c/en/bus","/c/en/coach","/c/en/coaching"],"weight":0.20836999999999967,"degrees":[63,3758,1052,799,51]},"num_concepts_raised":6854},{"base_id":777,"kind":"top_words","i1":1,"i2":7,"sol":{"path":["/c/en/kerman","/c/en/city","/c/en/small","/c/en/fine"],"weight":0.22611999999999677,"degrees":[63,3758,2515,1351]},"num_concepts_raised":132899},{"base_id":777,"kind":"top_words","i1":1,"i2":8,"sol":{"path":["/c/en/kerman","/c/en/city","/c/en/small","/c/en/spinner"],"weight":0.2095399999999995,"degrees":[63,3758,2515,142]},"num_concepts_raised":49760},{"base_id":777,"kind":"top_words","i1":1,"i2":9,"sol":{"path":["/c/en/kerman","/c/en/city","/c/en/building","/c/en/heat","/c/en/preheat"],"weight":0.20848999999999984,"degrees":[63,3758,2061,2046,44]},"num_concepts_raised":5582},{"base_id":777,"kind":"top_words","i1":2,"i2":3,"sol":{"path":["/c/en/birdie","/c/en/slang","/c/en/sister","/c/en/sisterly"],"weight":0.20646999999999993,"degrees":[118,16318,1066,49]},"num_concepts_raised":29510},{"base_id":777,"kind":"top_words","i1":2,"i2":4,"sol":{"path":["/c/en/birdie","/c/en/slang","/c/en/fuck_off","/c/en/dissuasively","/c/en/dissuasive"],"weight":0.20509999999999995,"degrees":[118,16318,200,6,34]},"num_concepts_raised":28695},{"base_id":777,"kind":"top_words","i1":2,"i2":5,"sol":{"path":["/c/en/birdie","/c/en/penis","/c/en/anatomy","/c/en/scala"],"weight":0.21139999999999975,"degrees":[118,1323,12775,61]},"num_concepts_raised":44818},{"base_id":777,"kind":"top_words","i1":2,"i2":6,"sol":{"path":["/c/en/birdie","/c/en/electronics","/c/en/intelligent_agent_activity","/c/en/coaching"],"weight":0.20410999999999985,"degrees":[118,1297,953,51]},"num_concepts_raised":31630},{"base_id":777,"kind":"top_words","i1":2,"i2":7,"sol":{"path":["/c/en/birdie","/c/en/golf","/c/en/thin","/c/en/fine"],"weight":0.22475999999999693,"degrees":[118,830,1295,1351]},"num_concepts_raised":153981},{"base_id":777,"kind":"top_words","i1":2,"i2":8,"sol":{"path":["/c/en/birdie","/c/en/slang","/c/en/spinner"],"weight":0.202,"degrees":[118,16318,142]},"num_concepts_raised":213},{"base_id":777,"kind":"top_words","i1":2,"i2":9,"sol":{"path":["/c/en/birdie","/c/en/slang","/c/en/heat","/c/en/preheat"],"weight":0.20441000000000004,"degrees":[118,16318,2046,44]},"num_concepts_raised":30387},{"base_id":777,"kind":"top_words","i1":3,"i2":4,"sol":{"path":["/c/en/sisterly","/c/en/sister","/c/en/person","/c/en/discouraged","/c/en/discouraging","/c/en/dissuasive"],"weight":0.21274049999999994,"degrees":[49,1066,12935,92,78,34]},"num_concepts_raised":113070},{"base_id":777,"kind":"top_words","i1":3,"i2":5,"sol":{"path":["/c/en/sisterly","/c/en/sororal","/c/en/maternal","/c/en/anatomy","/c/en/scala"],"weight":0.21269999999999978,"degrees":[49,43,213,12775,61]},"num_concepts_raised":18115},{"base_id":777,"kind":"top_words","i1":3,"i2":6,"sol":{"path":["/c/en/sisterly","/c/en/sister","/c/en/person","/c/en/coach","/c/en/coaching"],"weight":0.20546999999999987,"degrees":[49,1066,12935,799,51]},"num_concepts_raised":4527},{"base_id":777,"kind":"top_words","i1":3,"i2":7,"sol":{"path":["/c/en/sisterly","/c/en/sister","/c/en/person","/c/en/fine"],"weight":0.22085999999999698,"degrees":[49,1066,12935,1351]},"num_concepts_raised":130977},{"base_id":777,"kind":"top_words","i1":3,"i2":8,"sol":{"path":["/c/en/sisterly","/c/en/sister","/c/en/slang","/c/en/spinner"],"weight":0.2066699999999997,"degrees":[49,1066,16318,142]},"num_concepts_raised":47574},{"base_id":777,"kind":"top_words","i1":3,"i2":9,"sol":{"path":["/c/en/sisterly","/c/en/sister","/c/en/british","/c/en/reheat","/c/en/preheat"],"weight":0.20652000000000004,"degrees":[49,1066,3452,76,44]},"num_concepts_raised":3252},{"base_id":777,"kind":"top_words","i1":4,"i2":5,"sol":{"path":["/c/en/dissuasive","/c/en/dissuasion","/c/en/communication","/c/en/anatomy","/c/en/scala"],"weight":0.2102299999999998,"degrees":[34,46,873,12775,61]},"num_concepts_raised":17278},{"base_id":777,"kind":"top_words","i1":4,"i2":6,"sol":{"path":["/c/en/dissuasive","/c/en/admonitory","/c/en/warning","/c/en/intelligent_agent_activity","/c/en/coaching"],"weight":0.2040499999999999,"degrees":[34,41,416,953,51]},"num_concepts_raised":3686},{"base_id":777,"kind":"top_words","i1":4,"i2":7,"sol":{"path":["/c/en/dissuasive","/c/en/discouraging","/c/en/encouraging","/c/en/good","/c/en/fine"],"weight":0.222479999999997,"degrees":[34,78,130,2615,1351]},"num_concepts_raised":130179},{"base_id":777,"kind":"top_words","i1":4,"i2":8,"sol":{"path":["/c/en/dissuasive","/c/en/dissuasively","/c/en/fuck_off","/c/en/slang","/c/en/spinner"],"weight":0.2052999999999997,"degrees":[34,6,200,16318,142]},"num_concepts_raised":46761},{"base_id":777,"kind":"top_words","i1":4,"i2":9,"sol":{"path":["/c/en/dissuasive","/c/en/admonitory","/c/en/monitor","/c/en/british","/c/en/reheat","/c/en/preheat"],"weight":0.20979680000000003,"degrees":[34,41,432,3452,76,44]},"num_concepts_raised":199788},{"base_id":777,"kind":"top_words","i1":5,"i2":6,"sol":{"path":["/c/en/scala","/c/en/machine","/c/en/guide","/c/ja/指導","/c/en/coaching"],"weight":0.2112899999999997,"degrees":[61,1685,953,42,51]},"num_concepts_raised":20309},{"base_id":777,"kind":"top_words","i1":5,"i2":7,"sol":{"path":["/c/en/scala","/c/en/sequence","/c/en/course","/c/en/fine"],"weight":0.22657999999999678,"degrees":[61,807,1347,1351]},"num_concepts_raised":145675},{"base_id":777,"kind":"top_words","i1":5,"i2":8,"sol":{"path":["/c/en/scala","/c/en/machine","/c/it/filatrice","/c/en/spinner"],"weight":0.21251999999999951,"degrees":[61,1685,7,142]},"num_concepts_raised":62654},{"base_id":777,"kind":"top_words","i1":5,"i2":9,"sol":{"path":["/c/en/scala","/c/en/anatomy","/c/en/pre","/c/en/preheat"],"weight":0.21040999999999987,"degrees":[61,12775,178,44]},"num_concepts_raised":19040},{"base_id":777,"kind":"top_words","i1":6,"i2":7,"sol":{"path":["/c/en/coaching","/c/en/teaching","/c/en/punishment","/c/en/fine"],"weight":0.2197699999999969,"degrees":[51,517,1026,1351]},"num_concepts_raised":132779},{"base_id":777,"kind":"top_words","i1":6,"i2":8,"sol":{"path":["/c/en/coaching","/c/en/intelligent_agent_activity","/c/en/computing","/c/en/spinner"],"weight":0.2043899999999996,"degrees":[51,953,9084,142]},"num_concepts_raised":49627},{"base_id":777,"kind":"top_words","i1":6,"i2":9,"sol":{"path":["/c/en/coaching","/c/en/coach","/c/en/british","/c/en/reheat","/c/en/preheat"],"weight":0.20429999999999995,"degrees":[51,799,3452,76,44]},"num_concepts_raised":5466},{"base_id":777,"kind":"top_words","i1":7,"i2":8,"sol":{"path":["/c/en/fine","/c/en/thin","/c/en/spinner"],"weight":0.20500000000000002,"degrees":[1351,1295,142]},"num_concepts_raised":1280},{"base_id":777,"kind":"top_words","i1":7,"i2":9,"sol":{"path":["/c/en/fine","/c/en/nice","/c/en/heat","/c/en/preheat"],"weight":0.22062999999999708,"degrees":[1351,845,2046,44]},"num_concepts_raised":131706},{"base_id":777,"kind":"top_words","i1":8,"i2":9,"sol":{"path":["/c/en/spinner","/c/en/slang","/c/en/heat","/c/en/preheat"],"weight":0.2046099999999998,"degrees":[142,16318,2046,44]},"num_concepts_raised":48423}]]