[[{"base_id":623,"kind":"bot_words","i1":0,"i2":1,"sol":{"path":["/c/en/appetiser","/c/en/appetizer","/c/en/dinner","/c/en/person","/c/en/pierrot"],"weight":0.20934999999999976,"degrees":[30,196,583,12935,67]},"num_concepts_raised":19179},{"base_id":623,"kind":"bot_words","i1":0,"i2":2,"sol":{"path":["/c/en/appetiser","/c/fr/entrée","/c/en/return","/c/en/argument","/c/en/argumentative"],"weight":0.20497999999999983,"degrees":[30,481,1609,881,113]},"num_concepts_raised":4232},{"base_id":623,"kind":"bot_words","i1":0,"i2":3,"sol":{"path":["/c/en/appetiser","/c/fr/états_unis","/c/fr/main","/c/fr/mitaine","/c/en/mitten"],"weight":0.2079699999999999,"degrees":[30,767,1076,60,173]},"num_concepts_raised":10334},{"base_id":623,"kind":"bot_words","i1":0,"i2":4,"sol":{"path":["/c/en/appetiser","/c/fr/états_unis","/c/fr/détroit","/c/fr/dardanelles","/c/en/dardanelles"],"weight":0.21224000000000012,"degrees":[30,767,168,48,140]},"num_concepts_raised":3300},{"base_id":623,"kind":"bot_words","i1":0,"i2":5,"sol":{"path":["/c/en/appetiser","/c/en/appetizer","/c/en/course","/c/en/connection","/c/en/connexion"],"weight":0.20520999999999984,"degrees":[30,196,1347,1036,38]},"num_concepts_raised":23677},{"base_id":623,"kind":"bot_words","i1":0,"i2":6,"sol":{"path":["/c/en/appetiser","/c/en/entrée","/c/en/us","/c/en/home","/c/en/domicile"],"weight":0.20717999999999992,"degrees":[30,53,8154,2163,144]},"num_concepts_raised":20656},{"base_id":623,"kind":"bot_words","i1":0,"i2":7,"sol":{"path":["/c/en/appetiser","/c/fr/états_unis","/c/en/coach","/c/en/judge","/c/en/arbitrator"],"weight":0.20357999999999982,"degrees":[30,767,799,1643,83]},"num_concepts_raised":5619},{"base_id":623,"kind":"bot_words","i1":0,"i2":8,"sol":{"path":["/c/en/appetiser","/c/fr/entrée","/c/fr/ville","/c/fr/barcelone","/c/en/barcelona"],"weight":0.21558,"degrees":[30,481,8696,382,195]},"num_concepts_raised":115032},{"base_id":623,"kind":"bot_words","i1":0,"i2":9,"sol":{"path":["/c/en/appetiser","/c/fr/entrée","/c/en/start","/c/en/early","/c/en/precocious"],"weight":0.2051999999999999,"degrees":[30,481,1822,831,111]},"num_concepts_raised":13212},{"base_id":623,"kind":"bot_words","i1":1,"i2":2,"sol":{"path":["/c/en/pierrot","/c/en/person","/c/en/argument","/c/en/argumentative"],"weight":0.21036999999999967,"degrees":[67,12935,881,113]},"num_concepts_raised":20451},{"base_id":623,"kind":"bot_words","i1":1,"i2":3,"sol":{"path":["/c/en/pierrot","/c/en/person","/c/en/hand","/c/en/mitten"],"weight":0.21120999999999976,"degrees":[67,12935,2596,173]},"num_concepts_raised":26396},{"base_id":623,"kind":"bot_words","i1":1,"i2":4,"sol":{"path":["/c/en/pierrot","/c/en/japan","/c/en/asia","/c/en/sea_of_marmara","/c/en/dardanelles"],"weight":0.21716999999999997,"degrees":[67,915,805,121,140]},"num_concepts_raised":19555},{"base_id":623,"kind":"bot_words","i1":1,"i2":5,"sol":{"path":["/c/en/pierrot","/c/en/company","/c/en/connection","/c/en/connexion"],"weight":0.2094099999999997,"degrees":[67,2258,1036,38]},"num_concepts_raised":39206},{"base_id":623,"kind":"bot_words","i1":1,"i2":6,"sol":{"path":["/c/en/pierrot","/c/en/person","/c/en/home","/c/en/domicile"],"weight":0.21252999999999977,"degrees":[67,12935,2163,144]},"num_concepts_raised":36416},{"base_id":623,"kind":"bot_words","i1":1,"i2":7,"sol":{"path":["/c/en/pierrot","/c/en/person","/c/en/arbiter","/c/en/arbitrator"],"weight":0.21026999999999968,"degrees":[67,12935,152,83]},"num_concepts_raised":21747},{"base_id":623,"kind":"bot_words","i1":1,"i2":8,"sol":{"path":["/c/en/pierrot","/c/fr/pierre","/c/fr/localités","/c/en/barcelona"],"weight":0.21624999999999983,"degrees":[67,1087,110113,195]},"num_concepts_raised":131193},{"base_id":623,"kind":"bot_words","i1":1,"i2":9,"sol":{"path":["/c/en/pierrot","/c/en/person","/c/en/intelligent","/c/en/precocious"],"weight":0.21031999999999976,"degrees":[67,12935,512,111]},"num_concepts_raised":29294},{"base_id":623,"kind":"bot_words","i1":2,"i2":3,"sol":{"path":["/c/en/argumentative","/c/en/argue","/c/en/gloves_are_off","/c/en/glove","/c/en/mitten"],"weight":0.20886999999999983,"degrees":[113,559,9,582,173]},"num_concepts_raised":11629},{"base_id":623,"kind":"bot_words","i1":2,"i2":4,"sol":{"path":["/c/en/argumentative","/c/en/argument","/c/en/mean","/c/en/strait","/c/en/dardanelles"],"weight":0.21188000000000007,"degrees":[113,881,1314,331,140]},"num_concepts_raised":4599},{"base_id":623,"kind":"bot_words","i1":2,"i2":5,"sol":{"path":["/c/en/argumentative","/c/en/fratchety","/c/en/uk","/c/en/connexion"],"weight":0.20384999999999975,"degrees":[113,5,5562,38]},"num_concepts_raised":24944},{"base_id":623,"kind":"bot_words","i1":2,"i2":6,"sol":{"path":["/c/en/argumentative","/c/en/disputatious","/c/en/value","/c/en/home","/c/en/domicile"],"weight":0.21040999999999985,"degrees":[113,55,1699,2163,144]},"num_concepts_raised":21853},{"base_id":623,"kind":"bot_words","i1":2,"i2":7,"sol":{"path":["/c/en/argumentative","/c/en/dispute","/c/en/arbitrator"],"weight":0.202,"degrees":[113,770,83]},"num_concepts_raised":159},{"base_id":623,"kind":"bot_words","i1":2,"i2":8,"sol":{"path":["/c/en/argumentative","/c/en/dispute","/c/en/consul","/c/en/catalonia","/c/en/barcelona"],"weight":0.21379999999999993,"degrees":[113,770,389,167,195]},"num_concepts_raised":116396},{"base_id":623,"kind":"bot_words","i1":2,"i2":9,"sol":{"path":["/c/en/argumentative","/c/en/recalcitrant","/c/en/botany","/c/en/precocious"],"weight":0.2050199999999998,"degrees":[113,102,6881,111]},"num_concepts_raised":14482},{"base_id":623,"kind":"bot_words","i1":3,"i2":4,"sol":{"path":["/c/en/mitten","/c/en/hand","/c/en/turkey","/c/en/dardanelles"],"weight":0.21276000000000017,"degrees":[173,2596,1157,140]},"num_concepts_raised":10706},{"base_id":623,"kind":"bot_words","i1":3,"i2":5,"sol":{"path":["/c/en/mitten","/c/en/hand","/c/en/connection","/c/en/connexion"],"weight":0.20706999999999987,"degrees":[173,2596,1036,38]},"num_concepts_raised":30789},{"base_id":623,"kind":"bot_words","i1":3,"i2":6,"sol":{"path":["/c/en/mitten","/c/en/hand","/c/en/nest","/c/en/domicile"],"weight":0.20763999999999994,"degrees":[173,2596,1196,144]},"num_concepts_raised":27840},{"base_id":623,"kind":"bot_words","i1":3,"i2":7,"sol":{"path":["/c/en/mitten","/c/en/hand","/c/en/person","/c/en/arbiter","/c/en/arbitrator"],"weight":0.20794999999999986,"degrees":[173,2596,12935,152,83]},"num_concepts_raised":12973},{"base_id":623,"kind":"bot_words","i1":3,"i2":8,"sol":{"path":["/c/en/mitten","/c/en/wool","/c/fr/localités","/c/en/barcelona"],"weight":0.21286000000000002,"degrees":[173,1201,110113,195]},"num_concepts_raised":122428},{"base_id":623,"kind":"bot_words","i1":3,"i2":9,"sol":{"path":["/c/en/mitten","/c/fr/moufle","/c/fr/corps","/c/fr/précoce","/c/en/precocious"],"weight":0.21029999999999993,"degrees":[173,91,2007,108,111]},"num_concepts_raised":20497},{"base_id":623,"kind":"bot_words","i1":4,"i2":5,"sol":{"path":["/c/en/dardanelles","/c/en/bosphorus","/c/en/connect","/c/en/connexion"],"weight":0.21183000000000007,"degrees":[140,198,860,38]},"num_concepts_raised":24028},{"base_id":623,"kind":"bot_words","i1":4,"i2":6,"sol":{"path":["/c/en/dardanelles","/c/en/bosphorus","/c/en/end","/c/en/home","/c/en/domicile"],"weight":0.21615000000000018,"degrees":[140,198,2782,2163,144]},"num_concepts_raised":21048},{"base_id":623,"kind":"bot_words","i1":4,"i2":7,"sol":{"path":["/c/en/dardanelles","/c/en/strait","/c/en/pass","/c/en/judge","/c/en/arbitrator"],"weight":0.21056000000000005,"degrees":[140,331,2112,1643,83]},"num_concepts_raised":5988},{"base_id":623,"kind":"bot_words","i1":4,"i2":8,"sol":{"path":["/c/en/dardanelles","/c/en/gallipoli","/c/en/city","/c/en/barcelona"],"weight":0.21742000000000025,"degrees":[140,26,3758,195]},"num_concepts_raised":115445},{"base_id":623,"kind":"bot_words","i1":4,"i2":9,"sol":{"path":["/c/en/dardanelles","/c/en/strait","/c/en/jin","/c/en/early","/c/en/precocious"],"weight":0.21210000000000015,"degrees":[140,331,265,831,111]},"num_concepts_raised":13576},{"base_id":623,"kind":"bot_words","i1":5,"i2":6,"sol":{"path":["/c/en/connexion","/c/en/association","/c/en/home","/c/en/domicile"],"weight":0.20723999999999987,"degrees":[38,787,2163,144]},"num_concepts_raised":40445},{"base_id":623,"kind":"bot_words","i1":5,"i2":7,"sol":{"path":["/c/en/connexion","/c/en/connection","/c/en/bridge_gap","/c/en/arbitrator"],"weight":0.20457999999999976,"degrees":[38,1036,17,83]},"num_concepts_raised":26197},{"base_id":623,"kind":"bot_words","i1":5,"i2":8,"sol":{"path":["/c/en/connexion","/c/en/historical","/c/en/catalonia","/c/en/barcelona"],"weight":0.21262999999999996,"degrees":[38,8415,167,195]},"num_concepts_raised":135528},{"base_id":623,"kind":"bot_words","i1":5,"i2":9,"sol":{"path":["/c/en/connexion","/c/en/circuit","/c/en/early","/c/en/precocious"],"weight":0.20527999999999985,"degrees":[38,522,831,111]},"num_concepts_raised":33754},{"base_id":623,"kind":"bot_words","i1":6,"i2":7,"sol":{"path":["/c/en/domicile","/c/en/legal","/c/fr/arbitre","/c/en/arbitrator"],"weight":0.20644999999999986,"degrees":[144,6627,136,83]},"num_concepts_raised":22945},{"base_id":623,"kind":"bot_words","i1":6,"i2":8,"sol":{"path":["/c/en/domicile","/c/en/home","/c/en/city","/c/en/barcelona"],"weight":0.21496000000000004,"degrees":[144,2163,3758,195]},"num_concepts_raised":132659},{"base_id":623,"kind":"bot_words","i1":6,"i2":9,"sol":{"path":["/c/en/domicile","/c/en/nest","/c/en/precocial","/c/en/precocious"],"weight":0.20573999999999992,"degrees":[144,1196,18,111]},"num_concepts_raised":30784},{"base_id":623,"kind":"bot_words","i1":7,"i2":8,"sol":{"path":["/c/en/arbitrator","/c/en/dispute","/c/en/consul","/c/en/catalonia","/c/en/barcelona"],"weight":0.21326999999999993,"degrees":[83,770,389,167,195]},"num_concepts_raised":117764},{"base_id":623,"kind":"bot_words","i1":7,"i2":9,"sol":{"path":["/c/en/arbitrator","/c/en/arbiter","/c/en/person","/c/en/intelligent","/c/en/precocious"],"weight":0.2070699999999998,"degrees":[83,152,12935,512,111]},"num_concepts_raised":15850},{"base_id":623,"kind":"bot_words","i1":8,"i2":9,"sol":{"path":["/c/en/barcelona","/c/en/spain","/c/en/pigs","/c/en/intelligent","/c/en/precocious"],"weight":0.21475,"degrees":[195,972,77,512,111]},"num_concepts_raised":125334}],[{"base_id":623,"kind":"top_words","i1":0,"i2":1,"sol":{"path":["/c/en/rollover","/c/en/computing","/c/en/theology","/c/en/filioque"],"weight":0.20822999999999975,"degrees":[53,9084,785,43]},"num_concepts_raised":29478},{"base_id":623,"kind":"top_words","i1":0,"i2":2,"sol":{"path":["/c/en/rollover","/c/en/computing","/c/en/atomic","/c/en/thermonuclear"],"weight":0.20340999999999987,"degrees":[53,9084,237,47]},"num_concepts_raised":38829},{"base_id":623,"kind":"top_words","i1":0,"i2":3,"sol":{"path":["/c/en/rollover","/c/en/ball","/c/en/good","/c/en/worthiness"],"weight":0.20349999999999968,"degrees":[53,2118,2615,61]},"num_concepts_raised":36251},{"base_id":623,"kind":"top_words","i1":0,"i2":4,"sol":{"path":["/c/en/rollover","/c/en/over","/c/en/above","/c/en/abovementioned"],"weight":0.20512999999999992,"degrees":[53,1167,620,29]},"num_concepts_raised":36015},{"base_id":623,"kind":"top_words","i1":0,"i2":5,"sol":{"path":["/c/en/rollover","/c/en/computing","/c/en/canary","/c/en/parakeet"],"weight":0.20424999999999988,"degrees":[53,9084,295,113]},"num_concepts_raised":37171},{"base_id":623,"kind":"top_words","i1":0,"i2":6,"sol":{"path":["/c/en/rollover","/c/en/ball","/c/en/slang","/c/en/dipstick"],"weight":0.20329999999999981,"degrees":[53,2118,16318,38]},"num_concepts_raised":56391},{"base_id":623,"kind":"top_words","i1":0,"i2":7,"sol":{"path":["/c/en/rollover","/c/fr/tonneau","/c/fr/contenir","/c/grc/λαμβανω","/c/en/organoleptic"],"weight":0.20401999999999992,"degrees":[53,394,729,45,27]},"num_concepts_raised":28838},{"base_id":623,"kind":"top_words","i1":0,"i2":8,"sol":{"path":["/c/en/rollover","/c/en/ball","/c/en/atom","/c/en/fission"],"weight":0.20585999999999974,"degrees":[53,2118,1498,154]},"num_concepts_raised":60521},{"base_id":623,"kind":"top_words","i1":0,"i2":9,"sol":{"path":["/c/en/rollover","/c/en/vehicle","/c/en/liquid","/c/en/tuberculin"],"weight":0.20823999999999984,"degrees":[53,1419,1778,38]},"num_concepts_raised":35049},{"base_id":623,"kind":"top_words","i1":1,"i2":2,"sol":{"path":["/c/en/filioque","/c/en/theology","/c/en/computing","/c/en/atomic","/c/en/thermonuclear"],"weight":0.2082599999999998,"degrees":[43,785,9084,237,47]},"num_concepts_raised":11228},{"base_id":623,"kind":"top_words","i1":1,"i2":3,"sol":{"path":["/c/en/filioque","/c/en/theology","/c/en/economy","/c/en/value","/c/en/worthiness"],"weight":0.20846999999999966,"degrees":[43,785,601,1699,61]},"num_concepts_raised":8788},{"base_id":623,"kind":"top_words","i1":1,"i2":4,"sol":{"path":["/c/en/filioque","/c/en/theology","/c/en/god","/c/en/above","/c/en/abovementioned"],"weight":0.20896999999999988,"degrees":[43,785,1774,620,29]},"num_concepts_raised":8341},{"base_id":623,"kind":"top_words","i1":1,"i2":5,"sol":{"path":["/c/en/filioque","/c/en/theology","/c/en/slang","/c/es/perico","/c/en/parakeet"],"weight":0.21019999999999983,"degrees":[43,785,16318,35,113]},"num_concepts_raised":9618},{"base_id":623,"kind":"top_words","i1":1,"i2":6,"sol":{"path":["/c/en/filioque","/c/en/theology","/c/en/slang","/c/en/dipstick"],"weight":0.20806999999999978,"degrees":[43,785,16318,38]},"num_concepts_raised":30592},{"base_id":623,"kind":"top_words","i1":1,"i2":7,"sol":{"path":["/c/en/filioque","/c/en/theology","/c/en/science","/c/en/biology","/c/ga/orgánaileipteach","/c/en/organoleptic"],"weight":0.21215979999999973,"degrees":[43,785,1674,6216,4,27]},"num_concepts_raised":92472},{"base_id":623,"kind":"top_words","i1":1,"i2":8,"sol":{"path":["/c/en/filioque","/c/en/theology","/c/fr/impassible","/c/fr/physique","/c/en/fission"],"weight":0.2106899999999997,"degrees":[43,785,42,6029,154]},"num_concepts_raised":33614},{"base_id":623,"kind":"top_words","i1":1,"i2":9,"sol":{"path":["/c/en/filioque","/c/en/theology","/c/en/substance","/c/en/liquid","/c/en/tuberculin"],"weight":0.21313999999999983,"degrees":[43,785,1169,1778,38]},"num_concepts_raised":7270},{"base_id":623,"kind":"top_words","i1":2,"i2":3,"sol":{"path":["/c/en/thermonuclear","/c/en/high","/c/en/value","/c/en/worthiness"],"weight":0.20357999999999976,"degrees":[47,1658,1699,61]},"num_concepts_raised":18343},{"base_id":623,"kind":"top_words","i1":2,"i2":4,"sol":{"path":["/c/en/thermonuclear","/c/en/high","/c/en/above","/c/en/abovementioned"],"weight":0.20408999999999997,"degrees":[47,1658,620,29]},"num_concepts_raised":17972},{"base_id":623,"kind":"top_words","i1":2,"i2":5,"sol":{"path":["/c/en/thermonuclear","/c/en/high","/c/en/bird","/c/en/parakeet"],"weight":0.20428999999999992,"degrees":[47,1658,4970,113]},"num_concepts_raised":19278},{"base_id":623,"kind":"top_words","i1":2,"i2":6,"sol":{"path":["/c/en/thermonuclear","/c/en/weapon","/c/en/tank","/c/en/dipstick"],"weight":0.20317999999999986,"degrees":[47,1448,732,38]},"num_concepts_raised":39901},{"base_id":623,"kind":"top_words","i1":2,"i2":7,"sol":{"path":["/c/en/thermonuclear","/c/en/nuclear","/c/en/biology","/c/ga/orgánaileipteach","/c/en/organoleptic"],"weight":0.20609,"degrees":[47,412,6216,4,27]},"num_concepts_raised":10580},{"base_id":623,"kind":"top_words","i1":2,"i2":8,"sol":{"path":["/c/en/thermonuclear","/c/en/fission"],"weight":0.202,"degrees":[47,154]},"num_concepts_raised":159},{"base_id":623,"kind":"top_words","i1":2,"i2":9,"sol":{"path":["/c/en/thermonuclear","/c/en/high","/c/en/drug","/c/en/tuberculin"],"weight":0.2081599999999999,"degrees":[47,1658,4920,38]},"num_concepts_raised":16903},{"base_id":623,"kind":"top_words","i1":3,"i2":4,"sol":{"path":["/c/en/worthiness","/c/en/worthy","/c/en/honorable","/c/en/above","/c/en/abovementioned"],"weight":0.2052899999999998,"degrees":[61,465,202,620,29]},"num_concepts_raised":15512},{"base_id":623,"kind":"top_words","i1":3,"i2":5,"sol":{"path":["/c/en/worthiness","/c/en/value","/c/en/canary","/c/en/parakeet"],"weight":0.20448999999999978,"degrees":[61,1699,295,113]},"num_concepts_raised":16814},{"base_id":623,"kind":"top_words","i1":3,"i2":6,"sol":{"path":["/c/en/worthiness","/c/en/value","/c/en/measure","/c/en/dipstick"],"weight":0.2034699999999997,"degrees":[61,1699,1837,38]},"num_concepts_raised":37257},{"base_id":623,"kind":"top_words","i1":3,"i2":7,"sol":{"path":["/c/en/worthiness","/c/it/valenza","/c/en/chemistry","/c/el/οργανοληπτικόσ","/c/en/organoleptic"],"weight":0.2030699999999998,"degrees":[61,19,11754,4,27]},"num_concepts_raised":8152},{"base_id":623,"kind":"top_words","i1":3,"i2":8,"sol":{"path":["/c/en/worthiness","/c/en/worthy","/c/en/fit","/c/fr/physique","/c/en/fission"],"weight":0.20700999999999964,"degrees":[61,465,1268,6029,154]},"num_concepts_raised":40609},{"base_id":623,"kind":"top_words","i1":3,"i2":9,"sol":{"path":["/c/en/worthiness","/c/en/quality","/c/en/liquid","/c/en/tuberculin"],"weight":0.20828999999999975,"degrees":[61,1710,1778,38]},"num_concepts_raised":14502},{"base_id":623,"kind":"top_words","i1":4,"i2":5,"sol":{"path":["/c/en/abovementioned","/c/en/above","/c/fr/dessus","/c/fr/perruche","/c/en/parakeet"],"weight":0.20723000000000003,"degrees":[29,620,255,229,113]},"num_concepts_raised":16409},{"base_id":623,"kind":"top_words","i1":4,"i2":6,"sol":{"path":["/c/en/abovementioned","/c/en/above_mentioned","/c/zh/上面","/c/en/slang","/c/en/dipstick"],"weight":0.20412999999999995,"degrees":[29,97,23,16318,38]},"num_concepts_raised":37278},{"base_id":623,"kind":"top_words","i1":4,"i2":7,"sol":{"path":["/c/en/abovementioned","/c/en/above","/c/en/biology","/c/ga/orgánaileipteach","/c/en/organoleptic"],"weight":0.20483000000000007,"degrees":[29,620,6216,4,27]},"num_concepts_raised":7690},{"base_id":623,"kind":"top_words","i1":4,"i2":8,"sol":{"path":["/c/en/abovementioned","/c/en/above","/c/en/biology","/c/en/fission"],"weight":0.2055399999999999,"degrees":[29,620,6216,154]},"num_concepts_raised":40364},{"base_id":623,"kind":"top_words","i1":4,"i2":9,"sol":{"path":["/c/en/abovementioned","/c/en/above","/c/en/drop","/c/en/liquid","/c/en/tuberculin"],"weight":0.20899999999999996,"degrees":[29,620,1915,1778,38]},"num_concepts_raised":14074},{"base_id":623,"kind":"top_words","i1":5,"i2":6,"sol":{"path":["/c/en/parakeet","/c/es/perico","/c/en/slang","/c/en/dipstick"],"weight":0.20518999999999993,"degrees":[113,35,16318,38]},"num_concepts_raised":37774},{"base_id":623,"kind":"top_words","i1":5,"i2":7,"sol":{"path":["/c/en/parakeet","/c/fr/perruche","/c/fr/trouver","/c/grc/λαμβανω","/c/en/organoleptic"],"weight":0.2062,"degrees":[113,229,853,45,27]},"num_concepts_raised":8972},{"base_id":623,"kind":"top_words","i1":5,"i2":8,"sol":{"path":["/c/en/parakeet","/c/fr/perruche","/c/fr/famille","/c/en/biology","/c/en/fission"],"weight":0.20790999999999982,"degrees":[113,229,2667,6216,154]},"num_concepts_raised":41577},{"base_id":623,"kind":"top_words","i1":5,"i2":9,"sol":{"path":["/c/en/parakeet","/c/es/perico","/c/en/snow","/c/en/liquid","/c/en/tuberculin"],"weight":0.21016999999999994,"degrees":[113,35,1934,1778,38]},"num_concepts_raised":15332},{"base_id":623,"kind":"top_words","i1":6,"i2":7,"sol":{"path":["/c/en/dipstick","/c/en/rod","/c/en/biology","/c/ga/orgánaileipteach","/c/en/organoleptic"],"weight":0.20389999999999997,"degrees":[38,750,6216,4,27]},"num_concepts_raised":29952},{"base_id":623,"kind":"top_words","i1":6,"i2":8,"sol":{"path":["/c/en/dipstick","/c/fr/jauge","/c/fr/physique","/c/en/fission"],"weight":0.20562999999999976,"degrees":[38,61,6029,154]},"num_concepts_raised":61930},{"base_id":623,"kind":"top_words","i1":6,"i2":9,"sol":{"path":["/c/en/dipstick","/c/en/liquid","/c/en/tuberculin"],"weight":0.20400000000000001,"degrees":[38,1778,38]},"num_concepts_raised":61},{"base_id":623,"kind":"top_words","i1":7,"i2":8,"sol":{"path":["/c/en/organoleptic","/c/ga/orgánaileipteach","/c/en/biology","/c/en/fission"],"weight":0.20550999999999986,"degrees":[27,4,6216,154]},"num_concepts_raised":32971},{"base_id":623,"kind":"top_words","i1":7,"i2":9,"sol":{"path":["/c/en/organoleptic","/c/fr/organoleptique","/c/fr/perception","/c/fr/droguer","/c/en/drug","/c/en/tuberculin"],"weight":0.21472469999999944,"degrees":[27,19,141,132,4920,38]},"num_concepts_raised":283019},{"base_id":623,"kind":"top_words","i1":8,"i2":9,"sol":{"path":["/c/en/fission","/c/en/process","/c/en/drug","/c/en/tuberculin"],"weight":0.2094599999999998,"degrees":[154,1571,4920,38]},"num_concepts_raised":39134}]]