[[{"base_id":891,"kind":"bot_words","i1":0,"i2":1,"sol":{"path":["/c/en/cleave","/c/en/split","/c/en/formation","/c/en/granulation"],"weight":0.20986999999999928,"degrees":[321,892,616,74]},"num_concepts_raised":48439},{"base_id":891,"kind":"bot_words","i1":0,"i2":2,"sol":{"path":["/c/en/cleave","/c/en/make","/c/en/logic","/c/en/fallacy"],"weight":0.20794999999999914,"degrees":[321,3395,1412,166]},"num_concepts_raised":45722},{"base_id":891,"kind":"bot_words","i1":0,"i2":3,"sol":{"path":["/c/en/cleave","/c/en/cut","/c/en/top","/c/en/overshot"],"weight":0.2066599999999994,"degrees":[321,2951,1498,24]},"num_concepts_raised":45749},{"base_id":891,"kind":"bot_words","i1":0,"i2":4,"sol":{"path":["/c/en/cleave","/c/en/glass","/c/en/usually","/c/en/habitually"],"weight":0.20805999999999925,"degrees":[321,1851,459,133]},"num_concepts_raised":46340},{"base_id":891,"kind":"bot_words","i1":0,"i2":5,"sol":{"path":["/c/en/cleave","/c/en/make","/c/en/name","/c/en/habitational"],"weight":0.20641999999999924,"degrees":[321,3395,2629,49]},"num_concepts_raised":44628},{"base_id":891,"kind":"bot_words","i1":0,"i2":6,"sol":{"path":["/c/en/cleave","/c/en/split","/c/en/burst","/c/en/outburst"],"weight":0.21351999999999902,"degrees":[321,892,699,174]},"num_concepts_raised":52108},{"base_id":891,"kind":"bot_words","i1":0,"i2":7,"sol":{"path":["/c/en/cleave","/c/en/split","/c/en/group","/c/en/cartel"],"weight":0.2200599999999992,"degrees":[321,892,2339,147]},"num_concepts_raised":80422},{"base_id":891,"kind":"bot_words","i1":0,"i2":8,"sol":{"path":["/c/en/cleave","/c/en/split","/c/en/music","/c/en/sampler"],"weight":0.20988999999999924,"degrees":[321,892,8822,64]},"num_concepts_raised":54428},{"base_id":891,"kind":"bot_words","i1":0,"i2":9,"sol":{"path":["/c/en/cleave","/c/en/glass","/c/en/tea","/c/en/caffeine"],"weight":0.2173299999999997,"degrees":[321,1851,922,270]},"num_concepts_raised":46679},{"base_id":891,"kind":"bot_words","i1":1,"i2":2,"sol":{"path":["/c/en/granulation","/c/en/astronomy","/c/en/argument","/c/en/fallacy"],"weight":0.20491999999999955,"degrees":[74,4553,881,166]},"num_concepts_raised":18004},{"base_id":891,"kind":"bot_words","i1":1,"i2":3,"sol":{"path":["/c/en/granulation","/c/en/granule","/c/en/sand","/c/en/water","/c/en/overshot"],"weight":0.20559999999999984,"degrees":[74,185,1346,4606,24]},"num_concepts_raised":18365},{"base_id":891,"kind":"bot_words","i1":1,"i2":4,"sol":{"path":["/c/en/granulation","/c/en/granule","/c/en/salt","/c/en/use","/c/en/habitually"],"weight":0.20689999999999967,"degrees":[74,185,2754,2100,133]},"num_concepts_raised":18824},{"base_id":891,"kind":"bot_words","i1":1,"i2":5,"sol":{"path":["/c/en/granulation","/c/en/wound","/c/en/place","/c/en/habitational"],"weight":0.20345999999999967,"degrees":[74,1252,3314,49]},"num_concepts_raised":16983},{"base_id":891,"kind":"bot_words","i1":1,"i2":6,"sol":{"path":["/c/en/granulation","/c/en/tissue","/c/en/sneeze","/c/en/outburst"],"weight":0.20483999999999944,"degrees":[74,1024,744,174]},"num_concepts_raised":25004},{"base_id":891,"kind":"bot_words","i1":1,"i2":7,"sol":{"path":["/c/en/granulation","/c/en/grain","/c/en/group","/c/en/cartel"],"weight":0.21417999999999962,"degrees":[74,1334,2339,147]},"num_concepts_raised":53459},{"base_id":891,"kind":"bot_words","i1":1,"i2":8,"sol":{"path":["/c/en/granulation","/c/en/sugar","/c/en/stuff","/c/en/sampler"],"weight":0.2037099999999997,"degrees":[74,1902,836,64]},"num_concepts_raised":27050},{"base_id":891,"kind":"bot_words","i1":1,"i2":9,"sol":{"path":["/c/en/granulation","/c/en/sugar","/c/en/coffee","/c/en/caffeine"],"weight":0.2146000000000001,"degrees":[74,1902,1150,270]},"num_concepts_raised":18940},{"base_id":891,"kind":"bot_words","i1":2,"i2":3,"sol":{"path":["/c/en/fallacy","/c/en/lie","/c/en/top","/c/en/overshot"],"weight":0.20432999999999968,"degrees":[166,1854,1498,24]},"num_concepts_raised":15464},{"base_id":891,"kind":"bot_words","i1":2,"i2":4,"sol":{"path":["/c/en/fallacy","/c/fr/sophisme","/c/fr/formule","/c/fr/habituellement","/c/en/habitually"],"weight":0.2088899999999995,"degrees":[166,58,283,156,133]},"num_concepts_raised":15778},{"base_id":891,"kind":"bot_words","i1":2,"i2":5,"sol":{"path":["/c/en/fallacy","/c/en/sophism","/c/en/rhetoric","/c/en/place","/c/en/habitational"],"weight":0.20649999999999952,"degrees":[166,73,832,3314,49]},"num_concepts_raised":13997},{"base_id":891,"kind":"bot_words","i1":2,"i2":6,"sol":{"path":["/c/en/fallacy","/c/en/lie","/c/en/cry","/c/en/outburst"],"weight":0.2059399999999993,"degrees":[166,1854,1722,174]},"num_concepts_raised":21987},{"base_id":891,"kind":"bot_words","i1":2,"i2":7,"sol":{"path":["/c/en/fallacy","/c/en/logic","/c/en/limit","/c/en/cartel"],"weight":0.21503999999999945,"degrees":[166,1412,1188,147]},"num_concepts_raised":50461},{"base_id":891,"kind":"bot_words","i1":2,"i2":8,"sol":{"path":["/c/en/fallacy","/c/en/false","/c/en/music","/c/en/sampler"],"weight":0.20589999999999953,"degrees":[166,970,8822,64]},"num_concepts_raised":24094},{"base_id":891,"kind":"bot_words","i1":2,"i2":9,"sol":{"path":["/c/en/fallacy","/c/en/false","/c/en/cake","/c/en/tea","/c/en/caffeine"],"weight":0.21648999999999993,"degrees":[166,970,1707,922,270]},"num_concepts_raised":15997},{"base_id":891,"kind":"bot_words","i1":3,"i2":4,"sol":{"path":["/c/en/overshot","/c/en/over","/c/en/habit","/c/en/habitually"],"weight":0.20413999999999977,"degrees":[24,1167,920,133]},"num_concepts_raised":16208},{"base_id":891,"kind":"bot_words","i1":3,"i2":5,"sol":{"path":["/c/en/overshot","/c/en/over","/c/fr/localités","/c/en/beaumont","/c/en/habitational"],"weight":0.20298999999999978,"degrees":[24,1167,110113,31,49]},"num_concepts_raised":14389},{"base_id":891,"kind":"bot_words","i1":3,"i2":6,"sol":{"path":["/c/en/overshot","/c/en/water","/c/en/cry","/c/en/outburst"],"weight":0.20438999999999957,"degrees":[24,4606,1722,174]},"num_concepts_raised":22325},{"base_id":891,"kind":"bot_words","i1":3,"i2":7,"sol":{"path":["/c/en/overshot","/c/en/top","/c/en/business","/c/en/cartel"],"weight":0.21343999999999974,"degrees":[24,1498,2538,147]},"num_concepts_raised":50775},{"base_id":891,"kind":"bot_words","i1":3,"i2":8,"sol":{"path":["/c/en/overshot","/c/en/top","/c/en/music","/c/en/sampler"],"weight":0.2032299999999998,"degrees":[24,1498,8822,64]},"num_concepts_raised":24513},{"base_id":891,"kind":"bot_words","i1":3,"i2":9,"sol":{"path":["/c/en/overshot","/c/en/water","/c/en/coffee","/c/en/caffeine"],"weight":0.2139900000000002,"degrees":[24,4606,1150,270]},"num_concepts_raised":16400},{"base_id":891,"kind":"bot_words","i1":4,"i2":5,"sol":{"path":["/c/en/habitually","/c/en/habit","/c/en/habitation","/c/en/habitational"],"weight":0.2043099999999996,"degrees":[133,920,203,49]},"num_concepts_raised":14690},{"base_id":891,"kind":"bot_words","i1":4,"i2":6,"sol":{"path":["/c/en/habitually","/c/en/addict","/c/en/fit","/c/en/outburst"],"weight":0.2057999999999994,"degrees":[133,296,1268,174]},"num_concepts_raised":22646},{"base_id":891,"kind":"bot_words","i1":4,"i2":7,"sol":{"path":["/c/en/habitually","/c/en/habit","/c/en/group","/c/en/cartel"],"weight":0.21481999999999957,"degrees":[133,920,2339,147]},"num_concepts_raised":51007},{"base_id":891,"kind":"bot_words","i1":4,"i2":8,"sol":{"path":["/c/en/habitually","/c/en/usually","/c/en/picture","/c/en/sampler"],"weight":0.20488999999999963,"degrees":[133,459,1231,64]},"num_concepts_raised":24820},{"base_id":891,"kind":"bot_words","i1":4,"i2":9,"sol":{"path":["/c/en/habitually","/c/en/use","/c/en/drug","/c/en/caffeine"],"weight":0.21308000000000005,"degrees":[133,2100,4920,270]},"num_concepts_raised":16773},{"base_id":891,"kind":"bot_words","i1":5,"i2":6,"sol":{"path":["/c/en/habitational","/c/en/crick","/c/en/spasm","/c/en/burst","/c/en/outburst"],"weight":0.2069699999999994,"degrees":[49,71,341,699,174]},"num_concepts_raised":20981},{"base_id":891,"kind":"bot_words","i1":5,"i2":7,"sol":{"path":["/c/en/habitational","/c/en/place","/c/en/business","/c/en/cartel"],"weight":0.21364999999999956,"degrees":[49,3314,2538,147]},"num_concepts_raised":49253},{"base_id":891,"kind":"bot_words","i1":5,"i2":8,"sol":{"path":["/c/en/habitational","/c/en/name","/c/en/prototype","/c/en/sampler"],"weight":0.20327999999999963,"degrees":[49,2629,245,64]},"num_concepts_raised":23030},{"base_id":891,"kind":"bot_words","i1":5,"i2":9,"sol":{"path":["/c/en/habitational","/c/en/name","/c/en/drink","/c/en/coffee","/c/en/caffeine"],"weight":0.21422000000000008,"degrees":[49,2629,2548,1150,270]},"num_concepts_raised":14985},{"base_id":891,"kind":"bot_words","i1":6,"i2":7,"sol":{"path":["/c/en/outburst","/c/en/explosion","/c/en/band","/c/en/cartel"],"weight":0.21535999999999936,"degrees":[174,490,1893,147]},"num_concepts_raised":57010},{"base_id":891,"kind":"bot_words","i1":6,"i2":8,"sol":{"path":["/c/en/outburst","/c/en/expression","/c/en/music","/c/en/sampler"],"weight":0.20482999999999943,"degrees":[174,1025,8822,64]},"num_concepts_raised":30869},{"base_id":891,"kind":"bot_words","i1":6,"i2":9,"sol":{"path":["/c/en/outburst","/c/en/rush","/c/en/stimulant","/c/en/caffeine"],"weight":0.21526999999999985,"degrees":[174,1156,326,270]},"num_concepts_raised":23015},{"base_id":891,"kind":"bot_words","i1":7,"i2":8,"sol":{"path":["/c/en/cartel","/c/en/group","/c/en/music","/c/en/sampler"],"weight":0.2139599999999996,"degrees":[147,2339,8822,64]},"num_concepts_raised":58823},{"base_id":891,"kind":"bot_words","i1":7,"i2":9,"sol":{"path":["/c/en/cartel","/c/en/politics","/c/en/tea","/c/en/caffeine"],"weight":0.22442,"degrees":[147,3247,922,270]},"num_concepts_raised":51646},{"base_id":891,"kind":"bot_words","i1":8,"i2":9,"sol":{"path":["/c/en/sampler","/c/en/variety","/c/en/tea","/c/en/caffeine"],"weight":0.21417000000000008,"degrees":[64,632,922,270]},"num_concepts_raised":25114}],[{"base_id":891,"kind":"top_words","i1":0,"i2":1,"sol":{"path":["/c/en/muse","/c/en/source","/c/en/us","/c/en/toby"],"weight":0.21119999999999964,"degrees":[311,965,8154,30]},"num_concepts_raised":34623},{"base_id":891,"kind":"top_words","i1":0,"i2":2,"sol":{"path":["/c/en/muse","/c/en/muses","/c/en/terpsichore"],"weight":0.20600000000000002,"degrees":[311,14,86]},"num_concepts_raised":293},{"base_id":891,"kind":"top_words","i1":0,"i2":3,"sol":{"path":["/c/en/muse","/c/en/deity","/c/en/lord","/c/en/warlord"],"weight":0.22169999999999962,"degrees":[311,647,988,121]},"num_concepts_raised":30847},{"base_id":891,"kind":"top_words","i1":0,"i2":4,"sol":{"path":["/c/en/muse","/c/en/calliope"],"weight":0.20600000000000002,"degrees":[311,119]},"num_concepts_raised":313},{"base_id":891,"kind":"top_words","i1":0,"i2":5,"sol":{"path":["/c/en/muse","/c/en/urania","/c/en/aphrodite"],"weight":0.20800000000000002,"degrees":[311,109,180]},"num_concepts_raised":373},{"base_id":891,"kind":"top_words","i1":0,"i2":6,"sol":{"path":["/c/en/muse","/c/en/consideration","/c/en/law","/c/en/lawless"],"weight":0.21288999999999964,"degrees":[311,547,3727,71]},"num_concepts_raised":26099},{"base_id":891,"kind":"top_words","i1":0,"i2":7,"sol":{"path":["/c/en/muse","/c/en/music","/c/en/person","/c/en/ali"],"weight":0.22472999999999918,"degrees":[311,8822,12935,213]},"num_concepts_raised":58389},{"base_id":891,"kind":"top_words","i1":0,"i2":8,"sol":{"path":["/c/en/muse","/c/en/music","/c/fr/ton","/c/en/thy"],"weight":0.21730999999999967,"degrees":[311,8822,501,130]},"num_concepts_raised":29181},{"base_id":891,"kind":"top_words","i1":0,"i2":9,"sol":{"path":["/c/en/muse","/c/en/inspiration","/c/en/person","/c/en/latin","/c/en/latina"],"weight":0.21347999999999967,"degrees":[311,385,12935,527,25]},"num_concepts_raised":21798},{"base_id":891,"kind":"top_words","i1":1,"i2":2,"sol":{"path":["/c/en/toby","/c/en/inferior","/c/en/astronomy","/c/en/terpsichore"],"weight":0.20858999999999983,"degrees":[30,578,4553,86]},"num_concepts_raised":24483},{"base_id":891,"kind":"top_words","i1":1,"i2":3,"sol":{"path":["/c/en/toby","/c/en/british","/c/en/lord","/c/en/warlord"],"weight":0.21325999999999984,"degrees":[30,3452,988,121]},"num_concepts_raised":25875},{"base_id":891,"kind":"top_words","i1":1,"i2":4,"sol":{"path":["/c/en/toby","/c/en/inferior","/c/en/organ","/c/en/calliope"],"weight":0.20902999999999977,"degrees":[30,578,1225,119]},"num_concepts_raised":27301},{"base_id":891,"kind":"top_words","i1":1,"i2":5,"sol":{"path":["/c/en/toby","/c/en/british","/c/en/love","/c/en/aphrodite"],"weight":0.2139999999999997,"degrees":[30,3452,2442,180]},"num_concepts_raised":29445},{"base_id":891,"kind":"top_words","i1":1,"i2":6,"sol":{"path":["/c/en/toby","/c/en/us","/c/en/illegal","/c/en/lawless"],"weight":0.20344999999999983,"degrees":[30,8154,535,71]},"num_concepts_raised":21525},{"base_id":891,"kind":"top_words","i1":1,"i2":7,"sol":{"path":["/c/en/toby","/c/en/british","/c/en/person","/c/en/ali"],"weight":0.2140599999999994,"degrees":[30,3452,12935,213]},"num_concepts_raised":53997},{"base_id":891,"kind":"top_words","i1":1,"i2":8,"sol":{"path":["/c/en/toby","/c/en/british","/c/en/thou","/c/en/thy"],"weight":0.20519999999999988,"degrees":[30,3452,343,130]},"num_concepts_raised":24748},{"base_id":891,"kind":"top_words","i1":1,"i2":9,"sol":{"path":["/c/en/toby","/c/en/us","/c/en/juanita_doe","/c/en/latina"],"weight":0.2026599999999999,"degrees":[30,8154,14,25]},"num_concepts_raised":17247},{"base_id":891,"kind":"top_words","i1":2,"i2":3,"sol":{"path":["/c/en/terpsichore","/c/en/astronomy","/c/en/xena","/c/en/warlord"],"weight":0.2149499999999998,"degrees":[86,4553,52,121]},"num_concepts_raised":20613},{"base_id":891,"kind":"top_words","i1":2,"i2":4,"sol":{"path":["/c/en/terpsichore","/c/en/asteroid","/c/en/calliope"],"weight":0.20600000000000002,"degrees":[86,485,119]},"num_concepts_raised":157},{"base_id":891,"kind":"top_words","i1":2,"i2":5,"sol":{"path":["/c/en/terpsichore","/c/en/goddess","/c/en/aphrodite"],"weight":0.20900000000000002,"degrees":[86,623,180]},"num_concepts_raised":218},{"base_id":891,"kind":"top_words","i1":2,"i2":6,"sol":{"path":["/c/en/terpsichore","/c/en/dance","/c/en/bar","/c/en/law","/c/en/lawless"],"weight":0.21045999999999981,"degrees":[86,2473,1972,3727,71]},"num_concepts_raised":15809},{"base_id":891,"kind":"top_words","i1":2,"i2":7,"sol":{"path":["/c/en/terpsichore","/c/en/dance","/c/en/person","/c/en/ali"],"weight":0.22006999999999938,"degrees":[86,2473,12935,213]},"num_concepts_raised":48460},{"base_id":891,"kind":"top_words","i1":2,"i2":8,"sol":{"path":["/c/en/terpsichore","/c/en/dance","/c/en/music","/c/fr/ton","/c/en/thy"],"weight":0.21274999999999983,"degrees":[86,2473,8822,501,130]},"num_concepts_raised":18954},{"base_id":891,"kind":"top_words","i1":2,"i2":9,"sol":{"path":["/c/en/terpsichore","/c/en/dance","/c/en/latin_america","/c/en/latina"],"weight":0.20876999999999984,"degrees":[86,2473,778,25]},"num_concepts_raised":11405},{"base_id":891,"kind":"top_words","i1":3,"i2":4,"sol":{"path":["/c/en/warlord","/c/en/war","/c/en/epic","/c/en/calliope"],"weight":0.21750999999999976,"degrees":[121,1823,360,119]},"num_concepts_raised":23472},{"base_id":891,"kind":"top_words","i1":3,"i2":5,"sol":{"path":["/c/en/warlord","/c/en/war","/c/en/love","/c/en/aphrodite"],"weight":0.22249999999999967,"degrees":[121,1823,2442,180]},"num_concepts_raised":25600},{"base_id":891,"kind":"top_words","i1":3,"i2":6,"sol":{"path":["/c/en/warlord","/c/en/bandit","/c/en/lawless"],"weight":0.20400000000000001,"degrees":[121,345,71]},"num_concepts_raised":153},{"base_id":891,"kind":"top_words","i1":3,"i2":7,"sol":{"path":["/c/en/warlord","/c/en/lord","/c/en/person","/c/en/ali"],"weight":0.22455999999999937,"degrees":[121,988,12935,213]},"num_concepts_raised":50297},{"base_id":891,"kind":"top_words","i1":3,"i2":8,"sol":{"path":["/c/en/warlord","/c/en/local","/c/en/neighbour","/c/en/thy"],"weight":0.21037999999999984,"degrees":[121,710,470,130]},"num_concepts_raised":20864},{"base_id":891,"kind":"top_words","i1":3,"i2":9,"sol":{"path":["/c/en/warlord","/c/en/lord","/c/en/person","/c/en/latin","/c/en/latina"],"weight":0.21332999999999988,"degrees":[121,988,12935,527,25]},"num_concepts_raised":13400},{"base_id":891,"kind":"top_words","i1":4,"i2":5,"sol":{"path":["/c/en/calliope","/c/en/greek_god","/c/en/aphrodite"],"weight":0.20800000000000002,"degrees":[119,683,180]},"num_concepts_raised":239},{"base_id":891,"kind":"top_words","i1":4,"i2":6,"sol":{"path":["/c/en/calliope","/c/en/merry_go_round","/c/en/fair","/c/en/unlawful","/c/en/lawless"],"weight":0.21272999999999975,"degrees":[119,122,1027,182,71]},"num_concepts_raised":18641},{"base_id":891,"kind":"top_words","i1":4,"i2":7,"sol":{"path":["/c/en/calliope","/c/en/asteroid","/c/en/zoology","/c/en/ali"],"weight":0.22023999999999933,"degrees":[119,485,8127,213]},"num_concepts_raised":51161},{"base_id":891,"kind":"top_words","i1":4,"i2":8,"sol":{"path":["/c/en/calliope","/c/en/organ","/c/en/music","/c/fr/ton","/c/en/thy"],"weight":0.21305999999999978,"degrees":[119,1225,8822,501,130]},"num_concepts_raised":21776},{"base_id":891,"kind":"top_words","i1":4,"i2":9,"sol":{"path":["/c/en/calliope","/c/en/organ","/c/en/language","/c/en/latin","/c/en/latina"],"weight":0.20912999999999982,"degrees":[119,1225,4160,527,25]},"num_concepts_raised":14253},{"base_id":891,"kind":"top_words","i1":5,"i2":6,"sol":{"path":["/c/en/aphrodite","/c/en/venus","/c/en/statue","/c/en/law","/c/en/lawless"],"weight":0.21784999999999966,"degrees":[180,491,765,3727,71]},"num_concepts_raised":20783},{"base_id":891,"kind":"top_words","i1":5,"i2":7,"sol":{"path":["/c/en/aphrodite","/c/en/musical_artist","/c/en/ali"],"weight":0.21000000000000002,"degrees":[180,462,213]},"num_concepts_raised":345},{"base_id":891,"kind":"top_words","i1":5,"i2":8,"sol":{"path":["/c/en/aphrodite","/c/en/love","/c/en/neighbour","/c/en/thy"],"weight":0.21526999999999968,"degrees":[180,2442,470,130]},"num_concepts_raised":23914},{"base_id":891,"kind":"top_words","i1":5,"i2":9,"sol":{"path":["/c/en/aphrodite","/c/en/roman","/c/en/latin","/c/en/latina"],"weight":0.21396999999999972,"degrees":[180,450,527,25]},"num_concepts_raised":16382},{"base_id":891,"kind":"top_words","i1":6,"i2":7,"sol":{"path":["/c/en/lawless","/c/en/law","/c/en/diminutive","/c/en/ali"],"weight":0.21565999999999935,"degrees":[71,3727,881,213]},"num_concepts_raised":45626},{"base_id":891,"kind":"top_words","i1":6,"i2":8,"sol":{"path":["/c/en/lawless","/c/en/law","/c/fr/localités","/c/fr/ton","/c/en/thy"],"weight":0.20840999999999982,"degrees":[71,3727,110113,501,130]},"num_concepts_raised":16037},{"base_id":891,"kind":"top_words","i1":6,"i2":9,"sol":{"path":["/c/en/lawless","/c/en/law","/c/en/juanita_doe","/c/en/latina"],"weight":0.20436999999999986,"degrees":[71,3727,14,25]},"num_concepts_raised":8521},{"base_id":891,"kind":"top_words","i1":7,"i2":8,"sol":{"path":["/c/en/ali","/c/en/ask_question","/c/en/why","/c/en/thy"],"weight":0.2163299999999994,"degrees":[213,25,743,130]},"num_concepts_raised":48790},{"base_id":891,"kind":"top_words","i1":7,"i2":9,"sol":{"path":["/c/en/ali","/c/en/person","/c/en/latin","/c/en/latina"],"weight":0.2141099999999994,"degrees":[213,12935,527,25]},"num_concepts_raised":41409},{"base_id":891,"kind":"top_words","i1":8,"i2":9,"sol":{"path":["/c/en/thy","/c/fr/ton","/c/fr/localités","/c/it/latina","/c/en/latina"],"weight":0.2076799999999999,"degrees":[130,501,110113,16,25]},"num_concepts_raised":11669}]]