[[{"base_id":127,"kind":"bot_words","i1":0,"i2":1,"sol":{"path":["/c/en/sleepless","/c/en/sleep","/c/en/rest","/c/en/ride","/c/en/override","/c/en/overriding"],"weight":0.21320999999999962,"degrees":[76,2114,2053,974,93,23]},"num_concepts_raised":299832},{"base_id":127,"kind":"bot_words","i1":0,"i2":2,"sol":{"path":["/c/en/sleepless","/c/en/awake","/c/vi/tỉnh","/c/en/town","/c/en/srikakulam"],"weight":0.20981999999999995,"degrees":[76,549,22,2220,36]},"num_concepts_raised":10545},{"base_id":127,"kind":"bot_words","i1":0,"i2":3,"sol":{"path":["/c/en/sleepless","/c/en/awake","/c/en/up","/c/en/dress","/c/en/frill"],"weight":0.2062099999999997,"degrees":[76,549,1184,1674,156]},"num_concepts_raised":15097},{"base_id":127,"kind":"bot_words","i1":0,"i2":4,"sol":{"path":["/c/en/sleepless","/c/en/less","/c/en/similar","/c/en/synonymous","/c/en/synonym"],"weight":0.21826000000000045,"degrees":[76,705,751,104,340]},"num_concepts_raised":27458},{"base_id":127,"kind":"bot_words","i1":0,"i2":5,"sol":{"path":["/c/en/sleepless","/c/en/sleep","/c/en/party","/c/en/festivity"],"weight":0.20666999999999994,"degrees":[76,2114,2057,102]},"num_concepts_raised":8971},{"base_id":127,"kind":"bot_words","i1":0,"i2":6,"sol":{"path":["/c/en/sleepless","/c/en/sleep","/c/en/action","/c/en/pour","/c/en/poured"],"weight":0.20559999999999995,"degrees":[76,2114,2156,811,32]},"num_concepts_raised":11302},{"base_id":127,"kind":"bot_words","i1":0,"i2":7,"sol":{"path":["/c/en/sleepless","/c/en/less","/c/en/person","/c/en/centrist"],"weight":0.20385999999999993,"degrees":[76,705,12935,59]},"num_concepts_raised":18737},{"base_id":127,"kind":"bot_words","i1":0,"i2":8,"sol":{"path":["/c/en/sleepless","/c/en/awake","/c/en/rest","/c/en/unrestingly","/c/en/perpetually"],"weight":0.20518999999999996,"degrees":[76,549,2053,4,66]},"num_concepts_raised":6766},{"base_id":127,"kind":"bot_words","i1":0,"i2":9,"sol":{"path":["/c/en/sleepless","/c/en/sleep","/c/en/time","/c/pt/quadra","/c/en/quatrain"],"weight":0.20642000000000005,"degrees":[76,2114,4124,83,84]},"num_concepts_raised":5074},{"base_id":127,"kind":"bot_words","i1":1,"i2":2,"sol":{"path":["/c/en/overriding","/c/en/overloading","/c/en/transport","/c/en/city","/c/en/srikakulam"],"weight":0.20880999999999988,"degrees":[23,30,1411,3758,36]},"num_concepts_raised":7274},{"base_id":127,"kind":"bot_words","i1":1,"i2":3,"sol":{"path":["/c/en/overriding","/c/en/megathrust","/c/en/plate","/c/en/frill"],"weight":0.20411999999999964,"degrees":[23,11,1940,156]},"num_concepts_raised":11863},{"base_id":127,"kind":"bot_words","i1":1,"i2":4,"sol":{"path":["/c/en/overriding","/c/fr/primordial","/c/fr/botanique","/c/fr/synonymie","/c/en/synonym"],"weight":0.2149300000000004,"degrees":[23,65,7950,46,340]},"num_concepts_raised":24203},{"base_id":127,"kind":"bot_words","i1":1,"i2":5,"sol":{"path":["/c/en/overriding","/c/en/override","/c/en/riding","/c/en/festival","/c/en/festivity"],"weight":0.20596999999999988,"degrees":[23,93,221,792,102]},"num_concepts_raised":5731},{"base_id":127,"kind":"bot_words","i1":1,"i2":6,"sol":{"path":["/c/en/overriding","/c/en/override","/c/en/device","/c/en/water","/c/en/poured"],"weight":0.20476999999999987,"degrees":[23,93,2078,4606,32]},"num_concepts_raised":8041},{"base_id":127,"kind":"bot_words","i1":1,"i2":7,"sol":{"path":["/c/en/overriding","/c/en/override","/c/en/control","/c/en/moderate","/c/en/centrist"],"weight":0.20516999999999988,"degrees":[23,93,1901,478,59]},"num_concepts_raised":15534},{"base_id":127,"kind":"bot_words","i1":1,"i2":8,"sol":{"path":["/c/en/overriding","/c/fr/primordial","/c/fr/premier","/c/fr/temps","/c/en/perpetually"],"weight":0.20312999999999992,"degrees":[23,65,837,1669,66]},"num_concepts_raised":3478},{"base_id":127,"kind":"bot_words","i1":1,"i2":9,"sol":{"path":["/c/en/overriding","/c/en/tetralogy_of_fallot","/c/en/four","/c/ar/رباعي","/c/en/quatrain"],"weight":0.20462,"degrees":[23,34,1330,31,84]},"num_concepts_raised":1783},{"base_id":127,"kind":"bot_words","i1":2,"i2":3,"sol":{"path":["/c/en/srikakulam","/c/en/town","/c/en/foreign","/c/en/extraneous","/c/en/frill"],"weight":0.21036999999999956,"degrees":[36,2220,917,106,156]},"num_concepts_raised":18298},{"base_id":127,"kind":"bot_words","i1":2,"i2":4,"sol":{"path":["/c/en/srikakulam","/c/en/city","/c/en/term","/c/en/near_synonym","/c/en/synonym"],"weight":0.2221500000000003,"degrees":[36,3758,1089,13,340]},"num_concepts_raised":30617},{"base_id":127,"kind":"bot_words","i1":2,"i2":5,"sol":{"path":["/c/en/srikakulam","/c/en/city","/c/en/bar","/c/en/celebration","/c/en/festivity"],"weight":0.21020999999999979,"degrees":[36,3758,1972,578,102]},"num_concepts_raised":12172},{"base_id":127,"kind":"bot_words","i1":2,"i2":6,"sol":{"path":["/c/en/srikakulam","/c/en/city","/c/en/water","/c/en/poured"],"weight":0.2079499999999998,"degrees":[36,3758,4606,32]},"num_concepts_raised":14507},{"base_id":127,"kind":"bot_words","i1":2,"i2":7,"sol":{"path":["/c/en/srikakulam","/c/en/city","/c/en/center","/c/en/centrist"],"weight":0.2083999999999998,"degrees":[36,3758,1158,59]},"num_concepts_raised":21897},{"base_id":127,"kind":"bot_words","i1":2,"i2":8,"sol":{"path":["/c/en/srikakulam","/c/en/city","/c/en/stop","/c/en/incessantly","/c/en/perpetually"],"weight":0.20846999999999982,"degrees":[36,3758,2126,231,66]},"num_concepts_raised":9990},{"base_id":127,"kind":"bot_words","i1":2,"i2":9,"sol":{"path":["/c/en/srikakulam","/c/en/city","/c/en/block","/c/it/quartina","/c/en/quatrain"],"weight":0.21085999999999994,"degrees":[36,3758,1314,14,84]},"num_concepts_raised":8279},{"base_id":127,"kind":"bot_words","i1":3,"i2":4,"sol":{"path":["/c/en/frill","/c/en/ruffle","/c/en/zoology","/c/en/synonym"],"weight":0.21653000000000006,"degrees":[156,209,8127,340]},"num_concepts_raised":34987},{"base_id":127,"kind":"bot_words","i1":3,"i2":5,"sol":{"path":["/c/en/frill","/c/it/gala","/c/en/festivity"],"weight":0.202,"degrees":[156,23,102]},"num_concepts_raised":213},{"base_id":127,"kind":"bot_words","i1":3,"i2":6,"sol":{"path":["/c/en/frill","/c/en/ruffle","/c/it/increspare","/c/en/water","/c/en/poured"],"weight":0.20648999999999956,"degrees":[156,209,54,4606,32]},"num_concepts_raised":18998},{"base_id":127,"kind":"bot_words","i1":3,"i2":7,"sol":{"path":["/c/en/frill","/c/en/edge","/c/en/center","/c/en/centrist"],"weight":0.20478999999999958,"degrees":[156,1636,1158,59]},"num_concepts_raised":26377},{"base_id":127,"kind":"bot_words","i1":3,"i2":8,"sol":{"path":["/c/en/frill","/c/fr/jabot","/c/fr/temps","/c/en/perpetually"],"weight":0.20478999999999958,"degrees":[156,76,1669,66]},"num_concepts_raised":14559},{"base_id":127,"kind":"bot_words","i1":3,"i2":9,"sol":{"path":["/c/en/frill","/c/fr/ruche","/c/fr/croisée","/c/fr/quatrain","/c/en/quatrain"],"weight":0.20816999999999966,"degrees":[156,193,90,29,84]},"num_concepts_raised":12862},{"base_id":127,"kind":"bot_words","i1":4,"i2":5,"sol":{"path":["/c/en/synonym","/c/en/word","/c/en/thing","/c/en/festivity"],"weight":0.2138800000000003,"degrees":[340,2436,1451,102]},"num_concepts_raised":28851},{"base_id":127,"kind":"bot_words","i1":4,"i2":6,"sol":{"path":["/c/en/synonym","/c/fr/synonyme","/c/fr/certain","/c/fr/pour","/c/en/poured"],"weight":0.2180800000000003,"degrees":[340,783,983,983,32]},"num_concepts_raised":31321},{"base_id":127,"kind":"bot_words","i1":4,"i2":7,"sol":{"path":["/c/en/synonym","/c/en/meaning","/c/en/person","/c/en/centrist"],"weight":0.21335000000000032,"degrees":[340,990,12935,59]},"num_concepts_raised":38577},{"base_id":127,"kind":"bot_words","i1":4,"i2":8,"sol":{"path":["/c/en/synonym","/c/fr/synonyme","/c/fr/certain","/c/fr/temps","/c/en/perpetually"],"weight":0.21857000000000032,"degrees":[340,783,983,1669,66]},"num_concepts_raised":26915},{"base_id":127,"kind":"bot_words","i1":4,"i2":9,"sol":{"path":["/c/en/synonym","/c/en/word","/c/en/couplet","/c/en/quatrain"],"weight":0.21502000000000043,"degrees":[340,2436,120,84]},"num_concepts_raised":25171},{"base_id":127,"kind":"bot_words","i1":5,"i2":6,"sol":{"path":["/c/en/festivity","/c/en/party","/c/en/drink","/c/en/pour","/c/en/poured"],"weight":0.20592999999999978,"degrees":[102,2057,2548,811,32]},"num_concepts_raised":12954},{"base_id":127,"kind":"bot_words","i1":5,"i2":7,"sol":{"path":["/c/en/festivity","/c/en/party","/c/en/center","/c/en/centrist"],"weight":0.20535999999999982,"degrees":[102,2057,1158,59]},"num_concepts_raised":20212},{"base_id":127,"kind":"bot_words","i1":5,"i2":8,"sol":{"path":["/c/en/festivity","/c/fr/réjouissance","/c/fr/souvent","/c/fr/toujours","/c/en/perpetually"],"weight":0.2062599999999998,"degrees":[102,57,470,440,66]},"num_concepts_raised":8434},{"base_id":127,"kind":"bot_words","i1":5,"i2":9,"sol":{"path":["/c/en/festivity","/c/en/party","/c/ga/rann","/c/en/quatrain"],"weight":0.2056899999999999,"degrees":[102,2057,30,84]},"num_concepts_raised":6718},{"base_id":127,"kind":"bot_words","i1":6,"i2":7,"sol":{"path":["/c/en/poured","/c/en/water","/c/en/person","/c/en/centrist"],"weight":0.20318999999999982,"degrees":[32,4606,12935,59]},"num_concepts_raised":22683},{"base_id":127,"kind":"bot_words","i1":6,"i2":8,"sol":{"path":["/c/en/poured","/c/fr/pour","/c/fr/temps","/c/en/perpetually"],"weight":0.20318999999999982,"degrees":[32,983,1669,66]},"num_concepts_raised":10715},{"base_id":127,"kind":"bot_words","i1":6,"i2":9,"sol":{"path":["/c/en/poured","/c/en/water","/c/en/street","/c/en/couplet","/c/en/quatrain"],"weight":0.2048899999999999,"degrees":[32,4606,1387,120,84]},"num_concepts_raised":9056},{"base_id":127,"kind":"bot_words","i1":7,"i2":8,"sol":{"path":["/c/en/centrist","/c/en/moderate","/c/fr/retenir","/c/fr/toujours","/c/en/perpetually"],"weight":0.2047399999999998,"degrees":[59,478,554,440,66]},"num_concepts_raised":18231},{"base_id":127,"kind":"bot_words","i1":7,"i2":9,"sol":{"path":["/c/en/centrist","/c/en/middle_of_road","/c/en/music","/c/it/quartina","/c/en/quatrain"],"weight":0.20719999999999994,"degrees":[59,31,8822,14,84]},"num_concepts_raised":16524},{"base_id":127,"kind":"bot_words","i1":8,"i2":9,"sol":{"path":["/c/en/perpetually","/c/hi/सदा","/c/en/end","/c/en/couplet","/c/en/quatrain"],"weight":0.20525999999999994,"degrees":[66,13,2782,120,84]},"num_concepts_raised":4495}],[{"base_id":127,"kind":"top_words","i1":0,"i2":1,"sol":{"path":["/c/en/groundhog","/c/en/marmot","/c/en/canada","/c/en/legal","/c/en/phil"],"weight":0.21294999999999975,"degrees":[92,296,2402,6627,35]},"num_concepts_raised":23180},{"base_id":127,"kind":"top_words","i1":0,"i2":2,"sol":{"path":["/c/en/groundhog","/c/en/marmot","/c/en/south_america","/c/en/colombia","/c/en/lollapalooza"],"weight":0.21836999999999962,"degrees":[92,296,599,464,64]},"num_concepts_raised":20373},{"base_id":127,"kind":"top_words","i1":0,"i2":3,"sol":{"path":["/c/en/groundhog","/c/en/mole","/c/en/underground","/c/en/spelunking"],"weight":0.2085599999999998,"degrees":[92,1084,490,26]},"num_concepts_raised":15308},{"base_id":127,"kind":"top_words","i1":0,"i2":4,"sol":{"path":["/c/en/groundhog","/c/en/marmot","/c/en/australia","/c/en/ayr"],"weight":0.21796999999999978,"degrees":[92,296,2690,31]},"num_concepts_raised":142411},{"base_id":127,"kind":"top_words","i1":0,"i2":5,"sol":{"path":["/c/en/groundhog","/c/en/castor","/c/en/greek_mythology","/c/en/hesperia"],"weight":0.21358999999999978,"degrees":[92,188,1305,30]},"num_concepts_raised":21696},{"base_id":127,"kind":"top_words","i1":0,"i2":6,"sol":{"path":["/c/en/groundhog","/c/fr/zoologie","/c/en/worm","/c/en/flatworm"],"weight":0.21721999999999964,"degrees":[92,9122,1032,156]},"num_concepts_raised":17054},{"base_id":127,"kind":"top_words","i1":0,"i2":7,"sol":{"path":["/c/en/groundhog","/c/en/hog","/c/en/slang","/c/en/peen"],"weight":0.20870999999999978,"degrees":[92,384,16318,43]},"num_concepts_raised":37236},{"base_id":127,"kind":"top_words","i1":0,"i2":8,"sol":{"path":["/c/en/groundhog","/c/en/castor","/c/en/mountain","/c/en/political_party","/c/en/kadima"],"weight":0.21585999999999972,"degrees":[92,188,1965,571,50]},"num_concepts_raised":14676},{"base_id":127,"kind":"top_words","i1":0,"i2":9,"sol":{"path":["/c/en/groundhog","/c/en/mole","/c/en/nautical","/c/en/sextant"],"weight":0.2100999999999998,"degrees":[92,1084,5204,121]},"num_concepts_raised":39047},{"base_id":127,"kind":"top_words","i1":1,"i2":2,"sol":{"path":["/c/en/phil","/c/en/legal","/c/en/us","/c/en/la_la","/c/en/lollapalooza"],"weight":0.21012999999999968,"degrees":[35,6627,8154,14,64]},"num_concepts_raised":16113},{"base_id":127,"kind":"top_words","i1":1,"i2":3,"sol":{"path":["/c/en/phil","/c/en/respect","/c/de/achtung","/c/en/cave","/c/en/spelunking"],"weight":0.20279999999999987,"degrees":[35,1090,75,890,26]},"num_concepts_raised":11075},{"base_id":127,"kind":"top_words","i1":1,"i2":4,"sol":{"path":["/c/en/phil","/c/en/respect","/c/en/music","/c/en/ayr"],"weight":0.20779999999999982,"degrees":[35,1090,8822,31]},"num_concepts_raised":138133},{"base_id":127,"kind":"top_words","i1":1,"i2":5,"sol":{"path":["/c/en/phil","/c/en/philosopher","/c/en/science","/c/en/astronomy","/c/en/hesperia"],"weight":0.2077599999999998,"degrees":[35,600,1674,4553,30]},"num_concepts_raised":17533},{"base_id":127,"kind":"top_words","i1":1,"i2":6,"sol":{"path":["/c/en/phil","/c/en/philia","/c/en/disposition","/c/en/worm","/c/en/flatworm"],"weight":0.21241999999999964,"degrees":[35,73,572,1032,156]},"num_concepts_raised":12882},{"base_id":127,"kind":"top_words","i1":1,"i2":7,"sol":{"path":["/c/en/phil","/c/en/philip","/c/en/person","/c/en/penis","/c/en/peen"],"weight":0.20397999999999977,"degrees":[35,155,12935,1323,43]},"num_concepts_raised":33138},{"base_id":127,"kind":"top_words","i1":1,"i2":8,"sol":{"path":["/c/en/phil","/c/en/biblical","/c/en/power","/c/en/political_party","/c/en/kadima"],"weight":0.21002999999999974,"degrees":[35,835,2205,571,50]},"num_concepts_raised":10399},{"base_id":127,"kind":"top_words","i1":1,"i2":9,"sol":{"path":["/c/en/phil","/c/en/legal","/c/en/disc","/c/en/sextant"],"weight":0.20397999999999983,"degrees":[35,6627,244,121]},"num_concepts_raised":34909},{"base_id":127,"kind":"top_words","i1":2,"i2":3,"sol":{"path":["/c/en/lollapalooza","/c/en/la_la","/c/en/slang","/c/en/cave","/c/en/spelunking"],"weight":0.21017999999999973,"degrees":[64,14,16318,890,26]},"num_concepts_raised":8289},{"base_id":127,"kind":"top_words","i1":2,"i2":4,"sol":{"path":["/c/en/lollapalooza","/c/en/argentina","/c/en/river","/c/en/ayr"],"weight":0.21318999999999969,"degrees":[64,676,2945,31]},"num_concepts_raised":135342},{"base_id":127,"kind":"top_words","i1":2,"i2":5,"sol":{"path":["/c/en/lollapalooza","/c/en/chicago","/c/en/michigan","/c/en/hesperia"],"weight":0.2131199999999997,"degrees":[64,324,555,30]},"num_concepts_raised":14729},{"base_id":127,"kind":"top_words","i1":2,"i2":6,"sol":{"path":["/c/en/lollapalooza","/c/en/brazil","/c/pt/bicha","/c/en/worm","/c/en/flatworm"],"weight":0.21672999999999953,"degrees":[64,1377,45,1032,156]},"num_concepts_raised":10098},{"base_id":127,"kind":"top_words","i1":2,"i2":7,"sol":{"path":["/c/en/lollapalooza","/c/en/la_la","/c/en/slang","/c/en/peen"],"weight":0.21028999999999967,"degrees":[64,14,16318,43]},"num_concepts_raised":30134},{"base_id":127,"kind":"top_words","i1":2,"i2":8,"sol":{"path":["/c/en/lollapalooza","/c/en/germany","/c/en/political","/c/en/political_party","/c/en/kadima"],"weight":0.2154199999999996,"degrees":[64,1036,1034,571,50]},"num_concepts_raised":7621},{"base_id":127,"kind":"top_words","i1":2,"i2":9,"sol":{"path":["/c/en/lollapalooza","/c/en/extreme","/c/en/degree","/c/en/sextant"],"weight":0.2093899999999997,"degrees":[64,646,1513,121]},"num_concepts_raised":32157},{"base_id":127,"kind":"top_words","i1":3,"i2":4,"sol":{"path":["/c/en/spelunking","/c/en/hobby","/c/en/music","/c/en/ayr"],"weight":0.20774999999999988,"degrees":[26,527,8822,31]},"num_concepts_raised":130471},{"base_id":127,"kind":"top_words","i1":3,"i2":5,"sol":{"path":["/c/en/spelunking","/c/en/hobby","/c/en/astronomy","/c/en/hesperia"],"weight":0.20769999999999988,"degrees":[26,527,4553,30]},"num_concepts_raised":9676},{"base_id":127,"kind":"top_words","i1":3,"i2":6,"sol":{"path":["/c/en/spelunking","/c/en/underground","/c/en/worm","/c/en/flatworm"],"weight":0.2112999999999997,"degrees":[26,490,1032,156]},"num_concepts_raised":4974},{"base_id":127,"kind":"top_words","i1":3,"i2":7,"sol":{"path":["/c/en/spelunking","/c/en/cave","/c/en/slang","/c/en/peen"],"weight":0.20294999999999985,"degrees":[26,890,16318,43]},"num_concepts_raised":25441},{"base_id":127,"kind":"top_words","i1":3,"i2":8,"sol":{"path":["/c/en/spelunking","/c/en/cave","/c/en/mountain","/c/en/political_party","/c/en/kadima"],"weight":0.21007999999999982,"degrees":[26,890,1965,571,50]},"num_concepts_raised":2554},{"base_id":127,"kind":"top_words","i1":3,"i2":9,"sol":{"path":["/c/en/spelunking","/c/en/hobby","/c/en/astronomy","/c/en/sextant"],"weight":0.20397999999999988,"degrees":[26,527,4553,121]},"num_concepts_raised":27167},{"base_id":127,"kind":"top_words","i1":4,"i2":5,"sol":{"path":["/c/en/ayr","/c/en/air","/c/en/space","/c/en/asteroid","/c/en/hesperia"],"weight":0.21288999999999983,"degrees":[31,1965,1852,485,30]},"num_concepts_raised":136791},{"base_id":127,"kind":"top_words","i1":4,"i2":6,"sol":{"path":["/c/en/ayr","/c/en/australia","/c/en/snake","/c/en/worm","/c/en/flatworm"],"weight":0.21647999999999967,"degrees":[31,2690,1419,1032,156]},"num_concepts_raised":132288},{"base_id":127,"kind":"top_words","i1":4,"i2":7,"sol":{"path":["/c/en/ayr","/c/en/music","/c/en/hammer","/c/en/peen"],"weight":0.20815999999999982,"degrees":[31,8822,1113,43]},"num_concepts_raised":151624},{"base_id":127,"kind":"top_words","i1":4,"i2":8,"sol":{"path":["/c/en/ayr","/c/en/music","/c/en/split","/c/en/political_party","/c/en/kadima"],"weight":0.21510999999999975,"degrees":[31,8822,892,571,50]},"num_concepts_raised":129867},{"base_id":127,"kind":"top_words","i1":4,"i2":9,"sol":{"path":["/c/en/ayr","/c/fr/localités","/c/en/angle","/c/en/sextant"],"weight":0.20911999999999986,"degrees":[31,110113,959,121]},"num_concepts_raised":153798},{"base_id":127,"kind":"top_words","i1":5,"i2":6,"sol":{"path":["/c/en/hesperia","/c/en/insect","/c/en/worm","/c/en/flatworm"],"weight":0.21640999999999966,"degrees":[30,2112,1032,156]},"num_concepts_raised":11403},{"base_id":127,"kind":"top_words","i1":5,"i2":7,"sol":{"path":["/c/en/hesperia","/c/en/astronomy","/c/en/metal","/c/en/peen"],"weight":0.20786999999999983,"degrees":[30,4553,2107,43]},"num_concepts_raised":31828},{"base_id":127,"kind":"top_words","i1":5,"i2":8,"sol":{"path":["/c/en/hesperia","/c/en/michigan","/c/en/republic","/c/en/political_party","/c/en/kadima"],"weight":0.21504999999999974,"degrees":[30,555,709,571,50]},"num_concepts_raised":9016},{"base_id":127,"kind":"top_words","i1":5,"i2":9,"sol":{"path":["/c/en/hesperia","/c/en/astronomy","/c/en/sextant"],"weight":0.20400000000000001,"degrees":[30,4553,121]},"num_concepts_raised":114},{"base_id":127,"kind":"top_words","i1":6,"i2":7,"sol":{"path":["/c/en/flatworm","/c/en/worm","/c/en/snake","/c/en/penis","/c/en/peen"],"weight":0.21255999999999964,"degrees":[156,1032,1419,1323,43]},"num_concepts_raised":27193},{"base_id":127,"kind":"top_words","i1":6,"i2":8,"sol":{"path":["/c/en/flatworm","/c/en/worm","/c/en/representation","/c/en/political_party","/c/en/kadima"],"weight":0.21863999999999958,"degrees":[156,1032,609,571,50]},"num_concepts_raised":4358},{"base_id":127,"kind":"top_words","i1":6,"i2":9,"sol":{"path":["/c/en/flatworm","/c/en/worm","/c/en/nautical","/c/en/sextant"],"weight":0.21283999999999967,"degrees":[156,1032,5204,121]},"num_concepts_raised":28873},{"base_id":127,"kind":"top_words","i1":7,"i2":8,"sol":{"path":["/c/en/peen","/c/en/strike","/c/en/attack","/c/en/political_party","/c/en/kadima"],"weight":0.21122999999999975,"degrees":[43,1725,1799,571,50]},"num_concepts_raised":24815},{"base_id":127,"kind":"top_words","i1":7,"i2":9,"sol":{"path":["/c/en/peen","/c/en/strike","/c/en/nautical","/c/en/sextant"],"weight":0.2053499999999998,"degrees":[43,1725,5204,121]},"num_concepts_raised":48426},{"base_id":127,"kind":"top_words","i1":8,"i2":9,"sol":{"path":["/c/en/kadima","/c/en/political_party","/c/en/loose_cannon","/c/en/nautical","/c/en/sextant"],"weight":0.2114999999999998,"degrees":[50,571,29,5204,121]},"num_concepts_raised":26539}]]