[[{"base_id":429,"kind":"bot_words","i1":0,"i2":1,"sol":{"path":["/c/en/fondant","/c/en/food","/c/en/potato_chip","/c/en/crisp"],"weight":0.2064299999999994,"degrees":[43,4281,115,217]},"num_concepts_raised":34767},{"base_id":429,"kind":"bot_words","i1":0,"i2":2,"sol":{"path":["/c/en/fondant","/c/en/candy","/c/en/person","/c/en/abnormal","/c/en/perverted"],"weight":0.20458999999999974,"degrees":[43,599,12935,486,81]},"num_concepts_raised":20553},{"base_id":429,"kind":"bot_words","i1":0,"i2":3,"sol":{"path":["/c/en/fondant","/c/fr/cuisine","/c/es/plancha","/c/en/ironing"],"weight":0.20397999999999977,"degrees":[43,3268,43,106]},"num_concepts_raised":22223},{"base_id":429,"kind":"bot_words","i1":0,"i2":4,"sol":{"path":["/c/en/fondant","/c/en/food","/c/en/board","/c/en/game","/c/en/gamesmanship"],"weight":0.20402999999999993,"degrees":[43,4281,1625,2308,25]},"num_concepts_raised":19725},{"base_id":429,"kind":"bot_words","i1":0,"i2":5,"sol":{"path":["/c/en/fondant","/c/en/food","/c/en/hand","/c/en/pal","/c/en/ntsc"],"weight":0.20811999999999975,"degrees":[43,4281,2596,213,49]},"num_concepts_raised":9174},{"base_id":429,"kind":"bot_words","i1":0,"i2":6,"sol":{"path":["/c/en/fondant","/c/en/cordial","/c/en/earnest","/c/en/quarrel","/c/en/tiff"],"weight":0.20445999999999978,"degrees":[43,201,308,939,63]},"num_concepts_raised":14937},{"base_id":429,"kind":"bot_words","i1":0,"i2":7,"sol":{"path":["/c/en/fondant","/c/fr/cuisine","/c/fr/appareil","/c/fr/multiplexeur","/c/en/multiplexer"],"weight":0.21274999999999983,"degrees":[43,3268,1006,13,88]},"num_concepts_raised":19561},{"base_id":429,"kind":"bot_words","i1":0,"i2":8,"sol":{"path":["/c/en/fondant","/c/en/food","/c/en/thin","/c/en/spiritless","/c/en/dispirited"],"weight":0.20448999999999962,"degrees":[43,4281,1295,73,86]},"num_concepts_raised":11228},{"base_id":429,"kind":"bot_words","i1":0,"i2":9,"sol":{"path":["/c/en/fondant","/c/en/candy","/c/en/candy_striper","/c/en/volunteer","/c/en/volunteering"],"weight":0.21073999999999973,"degrees":[43,599,15,372,75]},"num_concepts_raised":9344},{"base_id":429,"kind":"bot_words","i1":1,"i2":2,"sol":{"path":["/c/en/crisp","/c/en/sharp","/c/en/offensive","/c/en/perverted"],"weight":0.2065699999999993,"degrees":[217,1275,1669,81]},"num_concepts_raised":37891},{"base_id":429,"kind":"bot_words","i1":1,"i2":3,"sol":{"path":["/c/en/crisp","/c/en/cold","/c/en/iron","/c/en/ironing"],"weight":0.20931999999999934,"degrees":[217,1889,2867,106]},"num_concepts_raised":39410},{"base_id":429,"kind":"bot_words","i1":1,"i2":4,"sol":{"path":["/c/en/crisp","/c/en/break","/c/en/game","/c/en/gamesmanship"],"weight":0.20608999999999947,"degrees":[217,2938,2308,25]},"num_concepts_raised":37062},{"base_id":429,"kind":"bot_words","i1":1,"i2":5,"sol":{"path":["/c/en/crisp","/c/en/chip","/c/en/electronics","/c/en/pal","/c/en/ntsc"],"weight":0.21130999999999928,"degrees":[217,782,1297,213,49]},"num_concepts_raised":26866},{"base_id":429,"kind":"bot_words","i1":1,"i2":6,"sol":{"path":["/c/en/crisp","/c/en/scrap","/c/en/quarrel","/c/en/tiff"],"weight":0.20649999999999935,"degrees":[217,351,939,63]},"num_concepts_raised":32350},{"base_id":429,"kind":"bot_words","i1":1,"i2":7,"sol":{"path":["/c/en/crisp","/c/en/break","/c/en/computing","/c/en/multiplexer"],"weight":0.21091999999999936,"degrees":[217,2938,9084,88]},"num_concepts_raised":36933},{"base_id":429,"kind":"bot_words","i1":1,"i2":8,"sol":{"path":["/c/en/crisp","/c/en/break","/c/en/broken","/c/en/dispirited"],"weight":0.20561999999999916,"degrees":[217,2938,684,86]},"num_concepts_raised":28729},{"base_id":429,"kind":"bot_words","i1":1,"i2":9,"sol":{"path":["/c/en/crisp","/c/en/curl","/c/en/agriculture","/c/en/volunteer","/c/en/volunteering"],"weight":0.21380999999999928,"degrees":[217,516,1319,372,75]},"num_concepts_raised":27036},{"base_id":429,"kind":"bot_words","i1":2,"i2":3,"sol":{"path":["/c/en/perverted","/c/en/offensive","/c/en/iron","/c/en/ironing"],"weight":0.20768999999999965,"degrees":[81,1669,2867,106]},"num_concepts_raised":25381},{"base_id":429,"kind":"bot_words","i1":2,"i2":4,"sol":{"path":["/c/en/perverted","/c/en/perverse","/c/en/legal","/c/en/gamesmanship"],"weight":0.2034099999999998,"degrees":[81,190,6627,25]},"num_concepts_raised":22629},{"base_id":429,"kind":"bot_words","i1":2,"i2":5,"sol":{"path":["/c/en/perverted","/c/en/abnormal","/c/en/standard","/c/en/secam","/c/en/ntsc"],"weight":0.20964999999999961,"degrees":[81,486,1054,43,49]},"num_concepts_raised":12245},{"base_id":429,"kind":"bot_words","i1":2,"i2":6,"sol":{"path":["/c/en/perverted","/c/en/right","/c/en/row","/c/en/quarrel","/c/en/tiff"],"weight":0.20509999999999967,"degrees":[81,2319,852,939,63]},"num_concepts_raised":17948},{"base_id":429,"kind":"bot_words","i1":2,"i2":7,"sol":{"path":["/c/en/perverted","/c/en/abnormal","/c/en/mutant","/c/en/computing","/c/en/multiplexer"],"weight":0.2102899999999997,"degrees":[81,486,147,9084,88]},"num_concepts_raised":22647},{"base_id":429,"kind":"bot_words","i1":2,"i2":8,"sol":{"path":["/c/en/perverted","/c/en/perverse","/c/en/mean","/c/en/spiritless","/c/en/dispirited"],"weight":0.2050299999999995,"degrees":[81,190,1314,73,86]},"num_concepts_raised":14291},{"base_id":429,"kind":"bot_words","i1":2,"i2":9,"sol":{"path":["/c/en/perverted","/c/en/abnormal","/c/en/person","/c/en/volunteer","/c/en/volunteering"],"weight":0.2122499999999996,"degrees":[81,486,12935,372,75]},"num_concepts_raised":12415},{"base_id":429,"kind":"bot_words","i1":3,"i2":4,"sol":{"path":["/c/en/ironing","/c/en/board","/c/en/game","/c/en/gamesmanship"],"weight":0.20490999999999987,"degrees":[106,1625,2308,25]},"num_concepts_raised":24392},{"base_id":429,"kind":"bot_words","i1":3,"i2":5,"sol":{"path":["/c/en/ironing","/c/en/iron","/c/en/slang","/c/en/pal","/c/en/ntsc"],"weight":0.21234999999999968,"degrees":[106,2867,16318,213,49]},"num_concepts_raised":14065},{"base_id":429,"kind":"bot_words","i1":3,"i2":6,"sol":{"path":["/c/en/ironing","/c/fr/vêtement","/c/en/dress","/c/en/tiff"],"weight":0.20523999999999973,"degrees":[106,787,1674,63]},"num_concepts_raised":19540},{"base_id":429,"kind":"bot_words","i1":3,"i2":7,"sol":{"path":["/c/en/ironing","/c/en/board","/c/en/product","/c/en/multiplexer"],"weight":0.20963999999999977,"degrees":[106,1625,1426,88]},"num_concepts_raised":24323},{"base_id":429,"kind":"bot_words","i1":3,"i2":8,"sol":{"path":["/c/en/ironing","/c/en/work","/c/zh/懶屍","/c/en/dispirited"],"weight":0.20428999999999956,"degrees":[106,4013,11,86]},"num_concepts_raised":16078},{"base_id":429,"kind":"bot_words","i1":3,"i2":9,"sol":{"path":["/c/en/ironing","/c/en/work","/c/en/volunteer","/c/en/volunteering"],"weight":0.21162999999999968,"degrees":[106,4013,372,75]},"num_concepts_raised":14219},{"base_id":429,"kind":"bot_words","i1":4,"i2":5,"sol":{"path":["/c/en/gamesmanship","/c/en/game","/c/en/hand","/c/en/pal","/c/en/ntsc"],"weight":0.2090399999999998,"degrees":[25,2308,2596,213,49]},"num_concepts_raised":11432},{"base_id":429,"kind":"bot_words","i1":4,"i2":6,"sol":{"path":["/c/en/gamesmanship","/c/en/legal","/c/it/litigio","/c/en/tiff"],"weight":0.20414999999999983,"degrees":[25,6627,39,63]},"num_concepts_raised":17094},{"base_id":429,"kind":"bot_words","i1":4,"i2":7,"sol":{"path":["/c/en/gamesmanship","/c/en/legal","/c/en/adm","/c/en/multiplexer"],"weight":0.20850999999999986,"degrees":[25,6627,13,88]},"num_concepts_raised":21733},{"base_id":429,"kind":"bot_words","i1":4,"i2":8,"sol":{"path":["/c/en/gamesmanship","/c/en/game","/c/en/rule","/c/en/broken","/c/en/dispirited"],"weight":0.20442999999999967,"degrees":[25,2308,2063,684,86]},"num_concepts_raised":13481},{"base_id":429,"kind":"bot_words","i1":4,"i2":9,"sol":{"path":["/c/en/gamesmanship","/c/en/legal","/c/en/volunteer","/c/en/volunteering"],"weight":0.2105299999999998,"degrees":[25,6627,372,75]},"num_concepts_raised":11594},{"base_id":429,"kind":"bot_words","i1":5,"i2":6,"sol":{"path":["/c/en/ntsc","/c/en/pal","/c/en/slang","/c/en/tip","/c/en/tiff"],"weight":0.2083099999999997,"degrees":[49,213,16318,1000,63]},"num_concepts_raised":6604},{"base_id":429,"kind":"bot_words","i1":5,"i2":7,"sol":{"path":["/c/en/ntsc","/c/en/pal","/c/en/language","/c/en/computing","/c/en/multiplexer"],"weight":0.2138199999999997,"degrees":[49,213,4160,9084,88]},"num_concepts_raised":11300},{"base_id":429,"kind":"bot_words","i1":5,"i2":8,"sol":{"path":["/c/en/ntsc","/c/en/pal","/c/en/slang","/c/en/broken","/c/en/dispirited"],"weight":0.20850999999999953,"degrees":[49,213,16318,684,86]},"num_concepts_raised":2854},{"base_id":429,"kind":"bot_words","i1":5,"i2":9,"sol":{"path":["/c/en/ntsc","/c/en/pal","/c/en/slang","/c/en/work","/c/en/volunteer","/c/en/volunteering"],"weight":0.21934089999999937,"degrees":[49,213,16318,4013,372,75]},"num_concepts_raised":112155},{"base_id":429,"kind":"bot_words","i1":6,"i2":7,"sol":{"path":["/c/en/tiff","/c/en/computer_graphics","/c/en/computing","/c/en/multiplexer"],"weight":0.20897999999999975,"degrees":[63,368,9084,88]},"num_concepts_raised":17018},{"base_id":429,"kind":"bot_words","i1":6,"i2":8,"sol":{"path":["/c/en/tiff","/c/en/quarrel","/c/en/glass","/c/en/broken","/c/en/dispirited"],"weight":0.20491999999999955,"degrees":[63,939,1851,684,86]},"num_concepts_raised":8662},{"base_id":429,"kind":"bot_words","i1":6,"i2":9,"sol":{"path":["/c/en/tiff","/c/it/litigio","/c/en/legal","/c/en/volunteer","/c/en/volunteering"],"weight":0.21201999999999965,"degrees":[63,39,6627,372,75]},"num_concepts_raised":6771},{"base_id":429,"kind":"bot_words","i1":7,"i2":8,"sol":{"path":["/c/en/multiplexer","/c/en/computing","/c/en/mean","/c/en/spiritless","/c/en/dispirited"],"weight":0.21016999999999958,"degrees":[88,9084,1314,73,86]},"num_concepts_raised":13356},{"base_id":429,"kind":"bot_words","i1":7,"i2":9,"sol":{"path":["/c/en/multiplexer","/c/en/computing","/c/en/service","/c/en/volunteer","/c/en/volunteering"],"weight":0.21645999999999968,"degrees":[88,9084,1385,372,75]},"num_concepts_raised":11472},{"base_id":429,"kind":"bot_words","i1":8,"i2":9,"sol":{"path":["/c/en/dispirited","/c/en/broken","/c/en/person","/c/en/volunteer","/c/en/volunteering"],"weight":0.2111199999999995,"degrees":[86,684,12935,372,75]},"num_concepts_raised":3024}],[{"base_id":429,"kind":"top_words","i1":0,"i2":1,"sol":{"path":["/c/en/defoliant","/c/en/compound","/c/en/sulfurate","/c/en/spray","/c/en/spraying"],"weight":0.20397999999999988,"degrees":[32,1833,24,512,44]},"num_concepts_raised":3942},{"base_id":429,"kind":"top_words","i1":0,"i2":2,"sol":{"path":["/c/en/defoliant","/c/en/compound","/c/fr/chimie","/c/en/ddt"],"weight":0.20865999999999973,"degrees":[32,1833,9652,72]},"num_concepts_raised":15822},{"base_id":429,"kind":"top_words","i1":0,"i2":3,"sol":{"path":["/c/en/defoliant","/c/en/compound","/c/en/derivative","/c/en/organophosphate"],"weight":0.20848999999999973,"degrees":[32,1833,901,86]},"num_concepts_raised":14884},{"base_id":429,"kind":"top_words","i1":0,"i2":4,"sol":{"path":["/c/en/defoliant","/c/en/smokey_bear","/c/en/park","/c/en/internet","/c/en/hashtag"],"weight":0.20515000000000005,"degrees":[32,36,898,2994,90]},"num_concepts_raised":6097},{"base_id":429,"kind":"top_words","i1":0,"i2":5,"sol":{"path":["/c/en/defoliant","/c/en/compound","/c/en/organic_compound","/c/en/nitrobenzene"],"weight":0.20863999999999994,"degrees":[32,1833,7764,82]},"num_concepts_raised":11990},{"base_id":429,"kind":"top_words","i1":0,"i2":6,"sol":{"path":["/c/en/defoliant","/c/en/compound","/c/en/chemical","/c/en/toxic"],"weight":0.20862999999999896,"degrees":[32,1833,882,498]},"num_concepts_raised":33930},{"base_id":429,"kind":"top_words","i1":0,"i2":7,"sol":{"path":["/c/en/defoliant","/c/en/compound","/c/en/chemical"],"weight":0.202,"degrees":[32,1833,882]},"num_concepts_raised":822},{"base_id":429,"kind":"top_words","i1":0,"i2":8,"sol":{"path":["/c/en/defoliant","/c/en/compound","/c/en/aldrin","/c/en/insecticide"],"weight":0.21150999999999937,"degrees":[32,1833,39,327]},"num_concepts_raised":7732},{"base_id":429,"kind":"top_words","i1":0,"i2":9,"sol":{"path":["/c/en/defoliant","/c/en/compound","/c/fr/enceinte","/c/fr/faubourg","/c/en/faubourg"],"weight":0.20479999999999998,"degrees":[32,1833,444,61,24]},"num_concepts_raised":2352},{"base_id":429,"kind":"top_words","i1":1,"i2":2,"sol":{"path":["/c/en/spraying","/c/en/spray","/c/en/water","/c/fr/chimie","/c/en/ddt"],"weight":0.20983999999999964,"degrees":[44,512,4606,9652,72]},"num_concepts_raised":16251},{"base_id":429,"kind":"top_words","i1":1,"i2":3,"sol":{"path":["/c/en/spraying","/c/en/application","/c/en/chemistry","/c/en/organophosphate"],"weight":0.20848999999999962,"degrees":[44,799,11754,86]},"num_concepts_raised":15624},{"base_id":429,"kind":"top_words","i1":1,"i2":4,"sol":{"path":["/c/en/spraying","/c/en/spray","/c/en/raid","/c/en/hashtag"],"weight":0.20490999999999993,"degrees":[44,512,396,90]},"num_concepts_raised":6335},{"base_id":429,"kind":"top_words","i1":1,"i2":5,"sol":{"path":["/c/en/spraying","/c/en/application","/c/en/chemistry","/c/fi/nitrobentseeni","/c/en/nitrobenzene"],"weight":0.2126799999999998,"degrees":[44,799,11754,8,82]},"num_concepts_raised":12511},{"base_id":429,"kind":"top_words","i1":1,"i2":6,"sol":{"path":["/c/en/spraying","/c/en/spray","/c/en/medicine","/c/en/toxic"],"weight":0.20968999999999882,"degrees":[44,512,11938,498]},"num_concepts_raised":34304},{"base_id":429,"kind":"top_words","i1":1,"i2":7,"sol":{"path":["/c/en/spraying","/c/en/application","/c/en/chemistry","/c/en/chemical"],"weight":0.21935999999999728,"degrees":[44,799,11754,882]},"num_concepts_raised":104715},{"base_id":429,"kind":"top_words","i1":1,"i2":8,"sol":{"path":["/c/en/spraying","/c/en/spray","/c/en/pesticide","/c/en/insecticide"],"weight":0.2128499999999992,"degrees":[44,512,288,327]},"num_concepts_raised":8011},{"base_id":429,"kind":"top_words","i1":1,"i2":9,"sol":{"path":["/c/en/spraying","/c/en/application","/c/en/school","/c/en/suburb","/c/en/faubourg"],"weight":0.20304999999999984,"degrees":[44,799,2171,396,24]},"num_concepts_raised":2615},{"base_id":429,"kind":"top_words","i1":2,"i2":3,"sol":{"path":["/c/en/ddt","/c/en/dichlorodiphenyltrichloroethane","/c/en/insecticide","/c/en/organophosphate"],"weight":0.2162499999999995,"degrees":[72,48,327,86]},"num_concepts_raised":26440},{"base_id":429,"kind":"top_words","i1":2,"i2":4,"sol":{"path":["/c/en/ddt","/c/fr/agriculture","/c/en/seeder","/c/en/internet","/c/en/hashtag"],"weight":0.2109499999999998,"degrees":[72,1581,70,2994,90]},"num_concepts_raised":18425},{"base_id":429,"kind":"top_words","i1":2,"i2":5,"sol":{"path":["/c/en/ddt","/c/en/chemical_compound","/c/en/nitrobenzene"],"weight":0.20600000000000002,"degrees":[72,2801,82]},"num_concepts_raised":129},{"base_id":429,"kind":"top_words","i1":2,"i2":6,"sol":{"path":["/c/en/ddt","/c/en/chemical_compound","/c/en/chemical","/c/en/toxic"],"weight":0.2143899999999987,"degrees":[72,2801,882,498]},"num_concepts_raised":45923},{"base_id":429,"kind":"top_words","i1":2,"i2":7,"sol":{"path":["/c/en/ddt","/c/en/chemical_compound","/c/en/chemical"],"weight":0.20400000000000001,"degrees":[72,2801,882]},"num_concepts_raised":865},{"base_id":429,"kind":"top_words","i1":2,"i2":8,"sol":{"path":["/c/en/ddt","/c/fr/insecticide","/c/en/insecticide"],"weight":0.20900000000000002,"degrees":[72,285,327]},"num_concepts_raised":336},{"base_id":429,"kind":"top_words","i1":2,"i2":9,"sol":{"path":["/c/en/ddt","/c/fr/agriculture","/c/oc/barri","/c/fr/faubourg","/c/en/faubourg"],"weight":0.21059999999999973,"degrees":[72,1581,11,61,24]},"num_concepts_raised":14683},{"base_id":429,"kind":"top_words","i1":3,"i2":4,"sol":{"path":["/c/en/organophosphate","/c/en/op","/c/en/internet","/c/en/hashtag"],"weight":0.21070999999999984,"degrees":[86,72,2994,90]},"num_concepts_raised":17777},{"base_id":429,"kind":"top_words","i1":3,"i2":5,"sol":{"path":["/c/en/organophosphate","/c/en/chemistry","/c/fi/nitrobentseeni","/c/en/nitrobenzene"],"weight":0.2182299999999997,"degrees":[86,11754,8,82]},"num_concepts_raised":23063},{"base_id":429,"kind":"top_words","i1":3,"i2":6,"sol":{"path":["/c/en/organophosphate","/c/en/monocrotophos","/c/en/toxic"],"weight":0.20400000000000001,"degrees":[86,17,498]},"num_concepts_raised":497},{"base_id":429,"kind":"top_words","i1":3,"i2":7,"sol":{"path":["/c/en/organophosphate","/c/en/chemistry","/c/en/chemical"],"weight":0.20800000000000002,"degrees":[86,11754,882]},"num_concepts_raised":873},{"base_id":429,"kind":"top_words","i1":3,"i2":8,"sol":{"path":["/c/en/organophosphate","/c/en/insecticide"],"weight":0.20700000000000002,"degrees":[86,327]},"num_concepts_raised":324},{"base_id":429,"kind":"top_words","i1":3,"i2":9,"sol":{"path":["/c/en/organophosphate","/c/en/chemistry","/c/en/school","/c/en/suburb","/c/en/faubourg"],"weight":0.20859999999999973,"degrees":[86,11754,2171,396,24]},"num_concepts_raised":14057},{"base_id":429,"kind":"top_words","i1":4,"i2":5,"sol":{"path":["/c/en/hashtag","/c/en/internet","/c/en/organic","/c/en/organic_compound","/c/en/nitrobenzene"],"weight":0.21090000000000003,"degrees":[90,2994,770,7764,82]},"num_concepts_raised":14680},{"base_id":429,"kind":"top_words","i1":4,"i2":6,"sol":{"path":["/c/en/hashtag","/c/en/internet","/c/en/pain","/c/en/harmful","/c/en/toxic"],"weight":0.21186999999999903,"degrees":[90,2994,2002,485,498]},"num_concepts_raised":36495},{"base_id":429,"kind":"top_words","i1":4,"i2":7,"sol":{"path":["/c/en/hashtag","/c/en/hash","/c/en/drug","/c/en/chemical"],"weight":0.2147699999999976,"degrees":[90,193,4920,882]},"num_concepts_raised":106773},{"base_id":429,"kind":"top_words","i1":4,"i2":8,"sol":{"path":["/c/en/hashtag","/c/en/raid","/c/en/bug_spray","/c/en/insecticide"],"weight":0.21231999999999943,"degrees":[90,396,13,327]},"num_concepts_raised":10186},{"base_id":429,"kind":"top_words","i1":4,"i2":9,"sol":{"path":["/c/en/hashtag","/c/en/internet","/c/fr/réseau","/c/fr/porte","/c/fr/faubourg","/c/en/faubourg"],"weight":0.21457539999999917,"degrees":[90,2994,372,855,61,24]},"num_concepts_raised":362209},{"base_id":429,"kind":"top_words","i1":5,"i2":6,"sol":{"path":["/c/en/nitrobenzene","/c/en/aniline","/c/en/poisonous","/c/en/toxic"],"weight":0.2164299999999989,"degrees":[82,202,412,498]},"num_concepts_raised":41969},{"base_id":429,"kind":"top_words","i1":5,"i2":7,"sol":{"path":["/c/en/nitrobenzene","/c/en/chemical_compound","/c/en/chemical"],"weight":0.20400000000000001,"degrees":[82,2801,882]},"num_concepts_raised":859},{"base_id":429,"kind":"top_words","i1":5,"i2":8,"sol":{"path":["/c/en/nitrobenzene","/c/en/chemical_compound","/c/en/rotenone","/c/en/insecticide"],"weight":0.2199899999999993,"degrees":[82,2801,47,327]},"num_concepts_raised":16082},{"base_id":429,"kind":"top_words","i1":5,"i2":9,"sol":{"path":["/c/en/nitrobenzene","/c/en/organic_compound","/c/en/compound","/c/fr/enceinte","/c/fr/faubourg","/c/en/faubourg"],"weight":0.2172131999999989,"degrees":[82,7764,1833,444,61,24]},"num_concepts_raised":233692},{"base_id":429,"kind":"top_words","i1":6,"i2":7,"sol":{"path":["/c/en/toxic","/c/en/chemical"],"weight":0.202,"degrees":[498,882]},"num_concepts_raised":1206},{"base_id":429,"kind":"top_words","i1":6,"i2":8,"sol":{"path":["/c/en/toxic","/c/en/paris_green","/c/en/insecticide"],"weight":0.20500000000000002,"degrees":[498,45,327]},"num_concepts_raised":682},{"base_id":429,"kind":"top_words","i1":6,"i2":9,"sol":{"path":["/c/en/toxic","/c/grc/τοξον","/c/en/bow","/c/en/suburb","/c/en/faubourg"],"weight":0.20858999999999894,"degrees":[498,19,1518,396,24]},"num_concepts_raised":32832},{"base_id":429,"kind":"top_words","i1":7,"i2":8,"sol":{"path":["/c/en/chemical","/c/en/agrochemical","/c/en/insecticide"],"weight":0.20400000000000001,"degrees":[882,27,327]},"num_concepts_raised":1065},{"base_id":429,"kind":"top_words","i1":7,"i2":9,"sol":{"path":["/c/en/chemical","/c/en/chemistry","/c/en/school","/c/en/suburb","/c/en/faubourg"],"weight":0.21943999999999741,"degrees":[882,11754,2171,396,24]},"num_concepts_raised":103438},{"base_id":429,"kind":"top_words","i1":8,"i2":9,"sol":{"path":["/c/en/insecticide","/c/en/rotenone","/c/en/human","/c/en/new_orleans","/c/en/faubourg"],"weight":0.21341999999999933,"degrees":[327,47,2645,199,24]},"num_concepts_raised":6463}]]