[[{"base_id":367,"kind":"bot_words","i1":0,"i2":1,"sol":{"path":["/c/en/snout","/c/en/british","/c/en/refocussed","/c/en/refocus"],"weight":0.20667999999999975,"degrees":[328,3452,3,29]},"num_concepts_raised":36942},{"base_id":367,"kind":"bot_words","i1":0,"i2":2,"sol":{"path":["/c/en/snout","/c/en/mouth","/c/en/entrance","/c/en/trance"],"weight":0.21623999999999946,"degrees":[328,1902,722,188]},"num_concepts_raised":59946},{"base_id":367,"kind":"bot_words","i1":0,"i2":3,"sol":{"path":["/c/en/snout","/c/en/slang","/c/en/gobbler","/c/en/decorum"],"weight":0.2077599999999996,"degrees":[328,16318,24,106]},"num_concepts_raised":40405},{"base_id":367,"kind":"bot_words","i1":0,"i2":4,"sol":{"path":["/c/en/snout","/c/en/slang","/c/en/arm","/c/en/armchair"],"weight":0.2123899999999998,"degrees":[328,16318,1502,266]},"num_concepts_raised":61535},{"base_id":367,"kind":"bot_words","i1":0,"i2":5,"sol":{"path":["/c/en/snout","/c/en/slang","/c/en/grass","/c/en/stipa"],"weight":0.21209999999999968,"degrees":[328,16318,1578,40]},"num_concepts_raised":44406},{"base_id":367,"kind":"bot_words","i1":0,"i2":6,"sol":{"path":["/c/en/snout","/c/en/mouth","/c/en/sound","/c/en/mach"],"weight":0.21264999999999973,"degrees":[328,1902,3218,49]},"num_concepts_raised":56402},{"base_id":367,"kind":"bot_words","i1":0,"i2":7,"sol":{"path":["/c/en/snout","/c/en/nose","/c/en/push","/c/en/handcart"],"weight":0.20948999999999968,"degrees":[328,1561,1123,99]},"num_concepts_raised":42804},{"base_id":367,"kind":"bot_words","i1":0,"i2":8,"sol":{"path":["/c/en/snout","/c/en/police","/c/en/caribbean","/c/en/carriacou"],"weight":0.21178999999999976,"degrees":[328,1037,405,27]},"num_concepts_raised":37712},{"base_id":367,"kind":"bot_words","i1":0,"i2":9,"sol":{"path":["/c/en/snout","/c/en/nose","/c/en/anatomical_structure","/c/en/prostate"],"weight":0.21713000000000013,"degrees":[328,1561,412,255]},"num_concepts_raised":37365},{"base_id":367,"kind":"bot_words","i1":1,"i2":2,"sol":{"path":["/c/en/refocus","/c/en/focus","/c/en/attention","/c/en/trance"],"weight":0.21067999999999956,"degrees":[29,744,900,188]},"num_concepts_raised":25579},{"base_id":367,"kind":"bot_words","i1":1,"i2":3,"sol":{"path":["/c/en/refocus","/c/en/focus","/c/en/especially","/c/en/manner","/c/en/decorum"],"weight":0.20472999999999972,"degrees":[29,744,543,1248,106]},"num_concepts_raised":5250},{"base_id":367,"kind":"bot_words","i1":1,"i2":4,"sol":{"path":["/c/en/refocus","/c/en/focus","/c/fr/siège","/c/fr/fauteuil","/c/en/armchair"],"weight":0.20994999999999991,"degrees":[29,744,547,123,266]},"num_concepts_raised":27491},{"base_id":367,"kind":"bot_words","i1":1,"i2":5,"sol":{"path":["/c/en/refocus","/c/en/focus","/c/en/ground","/c/en/grass","/c/en/stipa"],"weight":0.20896999999999977,"degrees":[29,744,1836,1578,40]},"num_concepts_raised":9321},{"base_id":367,"kind":"bot_words","i1":1,"i2":6,"sol":{"path":["/c/en/refocus","/c/en/focus","/c/fr/physique","/c/fr/mach","/c/en/mach"],"weight":0.21109999999999982,"degrees":[29,744,6029,16,49]},"num_concepts_raised":21758},{"base_id":367,"kind":"bot_words","i1":1,"i2":7,"sol":{"path":["/c/en/refocus","/c/en/focus","/c/en/point","/c/en/hand","/c/en/handcart"],"weight":0.2056599999999998,"degrees":[29,744,2624,2596,99]},"num_concepts_raised":7997},{"base_id":367,"kind":"bot_words","i1":1,"i2":8,"sol":{"path":["/c/en/refocus","/c/en/focus","/c/en/phrase","/c/en/island","/c/en/carriacou"],"weight":0.20880999999999988,"degrees":[29,744,724,1660,27]},"num_concepts_raised":2390},{"base_id":367,"kind":"bot_words","i1":1,"i2":9,"sol":{"path":["/c/en/refocus","/c/en/focus","/c/en/lens","/c/en/anatomical_structure","/c/en/prostate"],"weight":0.21230000000000024,"degrees":[29,744,775,412,255]},"num_concepts_raised":2145},{"base_id":367,"kind":"bot_words","i1":2,"i2":3,"sol":{"path":["/c/en/trance","/c/en/possession","/c/en/propriety","/c/en/decorum"],"weight":0.21067999999999942,"degrees":[188,673,167,106]},"num_concepts_raised":28946},{"base_id":367,"kind":"bot_words","i1":2,"i2":4,"sol":{"path":["/c/en/trance","/c/en/music","/c/en/chair","/c/en/armchair"],"weight":0.2146599999999996,"degrees":[188,8822,1138,266]},"num_concepts_raised":50543},{"base_id":367,"kind":"bot_words","i1":2,"i2":5,"sol":{"path":["/c/en/trance","/c/en/sleep","/c/en/plant","/c/en/stipa"],"weight":0.21478999999999948,"degrees":[188,2114,7959,40]},"num_concepts_raised":33253},{"base_id":367,"kind":"bot_words","i1":2,"i2":6,"sol":{"path":["/c/en/trance","/c/en/music","/c/en/sound","/c/en/mach"],"weight":0.21507999999999952,"degrees":[188,8822,3218,49]},"num_concepts_raised":44888},{"base_id":367,"kind":"bot_words","i1":2,"i2":7,"sol":{"path":["/c/en/trance","/c/en/pass","/c/en/hand","/c/en/handcart"],"weight":0.21153999999999948,"degrees":[188,2112,2596,99]},"num_concepts_raised":31653},{"base_id":367,"kind":"bot_words","i1":2,"i2":8,"sol":{"path":["/c/en/trance","/c/en/state","/c/en/island","/c/en/carriacou"],"weight":0.21462999999999954,"degrees":[188,3243,1660,27]},"num_concepts_raised":26373},{"base_id":367,"kind":"bot_words","i1":2,"i2":9,"sol":{"path":["/c/en/trance","/c/en/music","/c/en/uvula","/c/en/prostate"],"weight":0.21820999999999996,"degrees":[188,8822,219,255]},"num_concepts_raised":26153},{"base_id":367,"kind":"bot_words","i1":3,"i2":4,"sol":{"path":["/c/en/decorum","/c/en/dignity","/c/en/person","/c/en/armchair"],"weight":0.20701999999999976,"degrees":[106,600,12935,266]},"num_concepts_raised":30932},{"base_id":367,"kind":"bot_words","i1":3,"i2":5,"sol":{"path":["/c/en/decorum","/c/it/decoro","/c/en/set","/c/en/plant","/c/en/stipa"],"weight":0.20980999999999964,"degrees":[106,23,2628,7959,40]},"num_concepts_raised":12965},{"base_id":367,"kind":"bot_words","i1":3,"i2":6,"sol":{"path":["/c/en/decorum","/c/en/social","/c/en/austrian","/c/en/mach"],"weight":0.20884999999999967,"degrees":[106,934,163,49]},"num_concepts_raised":25306},{"base_id":367,"kind":"bot_words","i1":3,"i2":7,"sol":{"path":["/c/en/decorum","/c/it/decoro","/c/en/location","/c/en/hand","/c/en/handcart"],"weight":0.20652999999999963,"degrees":[106,23,799,2596,99]},"num_concepts_raised":11606},{"base_id":367,"kind":"bot_words","i1":3,"i2":8,"sol":{"path":["/c/en/decorum","/c/it/decoro","/c/en/set","/c/en/island","/c/en/carriacou"],"weight":0.2096899999999997,"degrees":[106,23,2628,1660,27]},"num_concepts_raised":6051},{"base_id":367,"kind":"bot_words","i1":3,"i2":9,"sol":{"path":["/c/en/decorum","/c/en/dignity","/c/en/face","/c/en/anatomical_structure","/c/en/prostate"],"weight":0.2122100000000001,"degrees":[106,600,2479,412,255]},"num_concepts_raised":5808},{"base_id":367,"kind":"bot_words","i1":4,"i2":5,"sol":{"path":["/c/en/armchair","/c/en/couch","/c/en/grass","/c/en/stipa"],"weight":0.2123999999999998,"degrees":[266,504,1578,40]},"num_concepts_raised":35061},{"base_id":367,"kind":"bot_words","i1":4,"i2":6,"sol":{"path":["/c/en/armchair","/c/en/arm","/c/en/legal","/c/en/mach"],"weight":0.21346999999999983,"degrees":[266,1502,6627,49]},"num_concepts_raised":47077},{"base_id":367,"kind":"bot_words","i1":4,"i2":7,"sol":{"path":["/c/en/armchair","/c/en/arm","/c/en/hand","/c/en/handcart"],"weight":0.21018999999999982,"degrees":[266,1502,2596,99]},"num_concepts_raised":33359},{"base_id":367,"kind":"bot_words","i1":4,"i2":8,"sol":{"path":["/c/en/armchair","/c/en/arm","/c/en/book","/c/en/island","/c/en/carriacou"],"weight":0.21324999999999988,"degrees":[266,1502,3239,1660,27]},"num_concepts_raised":28291},{"base_id":367,"kind":"bot_words","i1":4,"i2":9,"sol":{"path":["/c/en/armchair","/c/en/arm","/c/en/anatomical_structure","/c/en/prostate"],"weight":0.21668000000000026,"degrees":[266,1502,412,255]},"num_concepts_raised":28009},{"base_id":367,"kind":"bot_words","i1":5,"i2":6,"sol":{"path":["/c/en/stipa","/c/en/grass","/c/en/physics","/c/en/mach"],"weight":0.21322999999999975,"degrees":[40,1578,9094,49]},"num_concepts_raised":29440},{"base_id":367,"kind":"bot_words","i1":5,"i2":7,"sol":{"path":["/c/en/stipa","/c/en/grass","/c/en/small","/c/en/cart","/c/en/handcart"],"weight":0.21004999999999968,"degrees":[40,1578,2515,559,99]},"num_concepts_raised":15659},{"base_id":367,"kind":"bot_words","i1":5,"i2":8,"sol":{"path":["/c/en/stipa","/c/en/grass","/c/en/water","/c/en/island","/c/en/carriacou"],"weight":0.21292999999999979,"degrees":[40,1578,4606,1660,27]},"num_concepts_raised":10121},{"base_id":367,"kind":"bot_words","i1":5,"i2":9,"sol":{"path":["/c/en/stipa","/c/en/plant","/c/en/cell","/c/en/prostasphere","/c/en/prostate"],"weight":0.21841000000000016,"degrees":[40,7959,2433,9,255]},"num_concepts_raised":9871},{"base_id":367,"kind":"bot_words","i1":6,"i2":7,"sol":{"path":["/c/en/mach","/c/en/medium","/c/en/vehicle","/c/en/cart","/c/en/handcart"],"weight":0.21022999999999972,"degrees":[49,767,1419,559,99]},"num_concepts_raised":28009},{"base_id":367,"kind":"bot_words","i1":6,"i2":8,"sol":{"path":["/c/en/mach","/c/en/physics","/c/en/jerk","/c/en/caribbean","/c/en/carriacou"],"weight":0.21309999999999985,"degrees":[49,9094,539,405,27]},"num_concepts_raised":22579},{"base_id":367,"kind":"bot_words","i1":6,"i2":9,"sol":{"path":["/c/en/mach","/c/en/legal","/c/fr/partie","/c/fr/prostate","/c/en/prostate"],"weight":0.2208400000000002,"degrees":[49,6627,2399,53,255]},"num_concepts_raised":22321},{"base_id":367,"kind":"bot_words","i1":7,"i2":8,"sol":{"path":["/c/en/handcart","/c/en/cart","/c/en/barra","/c/en/island","/c/en/carriacou"],"weight":0.20991999999999977,"degrees":[99,559,64,1660,27]},"num_concepts_raised":8795},{"base_id":367,"kind":"bot_words","i1":7,"i2":9,"sol":{"path":["/c/en/handcart","/c/en/hand","/c/en/anatomical_structure","/c/en/prostate"],"weight":0.21309000000000014,"degrees":[99,2596,412,255]},"num_concepts_raised":8531},{"base_id":367,"kind":"bot_words","i1":8,"i2":9,"sol":{"path":["/c/en/carriacou","/c/en/caribbean","/c/en/itis","/c/en/prostatitis","/c/en/prostate"],"weight":0.21831000000000023,"degrees":[27,405,180,81,255]},"num_concepts_raised":2948}],[{"base_id":367,"kind":"top_words","i1":0,"i2":1,"sol":{"path":["/c/en/eurovision","/c/en/television","/c/en/country","/c/en/sweden","/c/en/malmö"],"weight":0.20838999999999994,"degrees":[57,1498,2796,481,30]},"num_concepts_raised":3041},{"base_id":367,"kind":"top_words","i1":0,"i2":2,"sol":{"path":["/c/en/eurovision","/c/en/network","/c/en/connect","/c/en/ligate","/c/en/ligase"],"weight":0.20942999999999995,"degrees":[57,791,860,58,39]},"num_concepts_raised":11224},{"base_id":367,"kind":"top_words","i1":0,"i2":3,"sol":{"path":["/c/en/eurovision","/c/en/television","/c/en/legal","/c/en/contest"],"weight":0.21490999999999838,"degrees":[57,1498,6627,649]},"num_concepts_raised":51946},{"base_id":367,"kind":"top_words","i1":0,"i2":4,"sol":{"path":["/c/en/eurovision","/c/en/television","/c/en/actor","/c/en/participant","/c/en/entrant"],"weight":0.2086199999999998,"degrees":[57,1498,853,288,49]},"num_concepts_raised":5584},{"base_id":367,"kind":"top_words","i1":0,"i2":5,"sol":{"path":["/c/en/eurovision","/c/en/television","/c/en/music","/c/en/mashup"],"weight":0.2136699999999998,"degrees":[57,1498,8822,55]},"num_concepts_raised":39131},{"base_id":367,"kind":"top_words","i1":0,"i2":6,"sol":{"path":["/c/en/eurovision","/c/en/european","/c/en/person","/c/en/contestant"],"weight":0.20976999999999973,"degrees":[57,619,12935,143]},"num_concepts_raised":25969},{"base_id":367,"kind":"top_words","i1":0,"i2":7,"sol":{"path":["/c/en/eurovision","/c/en/television","/c/en/country","/c/en/sweden","/c/en/gothenburg"],"weight":0.2087699999999998,"degrees":[57,1498,2796,481,70]},"num_concepts_raised":3026},{"base_id":367,"kind":"top_words","i1":0,"i2":8,"sol":{"path":["/c/en/eurovision","/c/en/european","/c/en/human","/c/en/troland","/c/en/photometric"],"weight":0.2082299999999999,"degrees":[57,619,2645,16,30]},"num_concepts_raised":3185},{"base_id":367,"kind":"top_words","i1":0,"i2":9,"sol":{"path":["/c/en/eurovision","/c/en/european","/c/en/luxembourger","/c/en/luxembourgish"],"weight":0.20873999999999987,"degrees":[57,619,73,47]},"num_concepts_raised":3147},{"base_id":367,"kind":"top_words","i1":1,"i2":2,"sol":{"path":["/c/en/malmö","/c/en/sweden","/c/en/county","/c/en/tangible_thing","/c/en/ligase"],"weight":0.20299999999999996,"degrees":[30,481,714,1925,39]},"num_concepts_raised":9291},{"base_id":367,"kind":"top_words","i1":1,"i2":3,"sol":{"path":["/c/en/malmö","/c/en/sweden","/c/en/small_dog","/c/en/game","/c/en/contest"],"weight":0.21201999999999843,"degrees":[30,481,142,2308,649]},"num_concepts_raised":50181},{"base_id":367,"kind":"top_words","i1":1,"i2":4,"sol":{"path":["/c/en/malmö","/c/en/sweden","/c/en/swedish","/c/en/person","/c/en/participant","/c/en/entrant"],"weight":0.2062525999999998,"degrees":[30,481,197,12935,288,49]},"num_concepts_raised":393476},{"base_id":367,"kind":"top_words","i1":1,"i2":5,"sol":{"path":["/c/en/malmö","/c/en/sweden","/c/en/sound","/c/en/music","/c/en/mashup"],"weight":0.2082199999999998,"degrees":[30,481,3218,8822,55]},"num_concepts_raised":37616},{"base_id":367,"kind":"top_words","i1":1,"i2":6,"sol":{"path":["/c/en/malmö","/c/en/sweden","/c/en/swedish","/c/en/person","/c/en/contestant"],"weight":0.20433999999999974,"degrees":[30,481,197,12935,143]},"num_concepts_raised":24171},{"base_id":367,"kind":"top_words","i1":1,"i2":7,"sol":{"path":["/c/en/malmö","/c/en/sweden","/c/en/gothenburg"],"weight":0.202,"degrees":[30,481,70]},"num_concepts_raised":89},{"base_id":367,"kind":"top_words","i1":1,"i2":8,"sol":{"path":["/c/en/malmö","/c/en/sweden","/c/en/sound","/c/en/light","/c/en/photometer","/c/en/photometric"],"weight":0.20758749999999987,"degrees":[30,481,3218,4288,88,30]},"num_concepts_raised":198440},{"base_id":367,"kind":"top_words","i1":1,"i2":9,"sol":{"path":["/c/en/malmö","/c/en/sweden","/c/en/country","/c/en/luxembourg","/c/en/luxembourgish"],"weight":0.2052699999999999,"degrees":[30,481,2796,334,47]},"num_concepts_raised":1221},{"base_id":367,"kind":"top_words","i1":2,"i2":3,"sol":{"path":["/c/en/ligase","/c/en/molecule","/c/en/agonist","/c/en/contest"],"weight":0.20939999999999842,"degrees":[39,1117,217,649]},"num_concepts_raised":58199},{"base_id":367,"kind":"top_words","i1":2,"i2":4,"sol":{"path":["/c/en/ligase","/c/en/ligate","/c/en/join","/c/en/enter","/c/en/entrant"],"weight":0.20407999999999982,"degrees":[39,58,1308,1017,49]},"num_concepts_raised":11839},{"base_id":367,"kind":"top_words","i1":2,"i2":5,"sol":{"path":["/c/en/ligase","/c/en/ligate","/c/en/ligature","/c/en/music","/c/en/mashup"],"weight":0.2092899999999998,"degrees":[39,58,150,8822,55]},"num_concepts_raised":45667},{"base_id":367,"kind":"top_words","i1":2,"i2":6,"sol":{"path":["/c/en/ligase","/c/en/molecule","/c/en/agonist","/c/en/contestant"],"weight":0.20428999999999975,"degrees":[39,1117,217,143]},"num_concepts_raised":32271},{"base_id":367,"kind":"top_words","i1":2,"i2":7,"sol":{"path":["/c/en/ligase","/c/en/tangible_thing","/c/en/county","/c/en/sweden","/c/en/gothenburg"],"weight":0.20337999999999984,"degrees":[39,1925,714,481,70]},"num_concepts_raised":9278},{"base_id":367,"kind":"top_words","i1":2,"i2":8,"sol":{"path":["/c/en/ligase","/c/en/molecule","/c/en/physics","/c/en/photometer","/c/en/photometric"],"weight":0.20392999999999992,"degrees":[39,1117,9094,88,30]},"num_concepts_raised":9425},{"base_id":367,"kind":"top_words","i1":2,"i2":9,"sol":{"path":["/c/en/ligase","/c/en/ligate","/c/en/character","/c/en/capital","/c/en/luxembourg","/c/en/luxembourgish"],"weight":0.2125655999999999,"degrees":[39,58,1971,1518,334,47]},"num_concepts_raised":414040},{"base_id":367,"kind":"top_words","i1":3,"i2":4,"sol":{"path":["/c/en/contest","/c/en/entrant"],"weight":0.202,"degrees":[649,49]},"num_concepts_raised":586},{"base_id":367,"kind":"top_words","i1":3,"i2":5,"sol":{"path":["/c/en/contest","/c/en/battle","/c/en/medley","/c/en/mashup"],"weight":0.21819999999999828,"degrees":[649,1211,139,55]},"num_concepts_raised":84612},{"base_id":367,"kind":"top_words","i1":3,"i2":6,"sol":{"path":["/c/en/contest","/c/en/contestant"],"weight":0.20400000000000001,"degrees":[649,143]},"num_concepts_raised":660},{"base_id":367,"kind":"top_words","i1":3,"i2":7,"sol":{"path":["/c/en/contest","/c/en/game","/c/en/small_dog","/c/en/sweden","/c/en/gothenburg"],"weight":0.21239999999999828,"degrees":[649,2308,142,481,70]},"num_concepts_raised":50176},{"base_id":367,"kind":"top_words","i1":3,"i2":8,"sol":{"path":["/c/en/contest","/c/en/bee","/c/en/photo","/c/en/photometric"],"weight":0.20921999999999835,"degrees":[649,1150,566,30]},"num_concepts_raised":50294},{"base_id":367,"kind":"top_words","i1":3,"i2":9,"sol":{"path":["/c/en/contest","/c/en/competition","/c/en/europe","/c/en/luxembourg","/c/en/luxembourgish"],"weight":0.21680999999999834,"degrees":[649,898,765,334,47]},"num_concepts_raised":50306},{"base_id":367,"kind":"top_words","i1":4,"i2":5,"sol":{"path":["/c/en/entrant","/c/en/enter","/c/en/computing","/c/en/mashup"],"weight":0.20821999999999968,"degrees":[49,1017,9084,55]},"num_concepts_raised":39992},{"base_id":367,"kind":"top_words","i1":4,"i2":6,"sol":{"path":["/c/en/entrant","/c/en/contestant"],"weight":0.202,"degrees":[49,143]},"num_concepts_raised":165},{"base_id":367,"kind":"top_words","i1":4,"i2":7,"sol":{"path":["/c/en/entrant","/c/en/participant","/c/en/person","/c/en/swedish","/c/en/sweden","/c/en/gothenburg"],"weight":0.20656329999999967,"degrees":[49,288,12935,197,481,70]},"num_concepts_raised":275866},{"base_id":367,"kind":"top_words","i1":4,"i2":8,"sol":{"path":["/c/en/entrant","/c/fr/entrer","/c/fr/lumière","/c/en/photo","/c/en/photometric"],"weight":0.20294999999999977,"degrees":[49,685,751,566,30]},"num_concepts_raised":3793},{"base_id":367,"kind":"top_words","i1":4,"i2":9,"sol":{"path":["/c/en/entrant","/c/en/participant","/c/en/person","/c/en/german","/c/en/luxembourg","/c/en/luxembourgish"],"weight":0.2110387999999998,"degrees":[49,288,12935,564,334,47]},"num_concepts_raised":419450},{"base_id":367,"kind":"top_words","i1":5,"i2":6,"sol":{"path":["/c/en/mashup","/c/en/computing","/c/en/qualifier","/c/en/contestant"],"weight":0.2104099999999996,"degrees":[55,9084,63,143]},"num_concepts_raised":59493},{"base_id":367,"kind":"top_words","i1":5,"i2":7,"sol":{"path":["/c/en/mashup","/c/en/mashable","/c/en/company","/c/en/volvo","/c/en/gothenburg"],"weight":0.21052999999999966,"degrees":[55,23,2258,94,70]},"num_concepts_raised":37605},{"base_id":367,"kind":"top_words","i1":5,"i2":8,"sol":{"path":["/c/en/mashup","/c/en/music","/c/en/instrument","/c/en/photometer","/c/en/photometric"],"weight":0.20909999999999976,"degrees":[55,8822,1542,88,30]},"num_concepts_raised":37735},{"base_id":367,"kind":"top_words","i1":5,"i2":9,"sol":{"path":["/c/en/mashup","/c/en/music","/c/en/country","/c/en/luxembourg","/c/en/luxembourgish"],"weight":0.21053999999999978,"degrees":[55,8822,2796,334,47]},"num_concepts_raised":37734},{"base_id":367,"kind":"top_words","i1":6,"i2":7,"sol":{"path":["/c/en/contestant","/c/en/rival","/c/en/company","/c/en/volvo","/c/en/gothenburg"],"weight":0.2049099999999996,"degrees":[143,405,2258,94,70]},"num_concepts_raised":24159},{"base_id":367,"kind":"top_words","i1":6,"i2":8,"sol":{"path":["/c/en/contestant","/c/en/person","/c/en/light","/c/en/photometer","/c/en/photometric"],"weight":0.2052899999999997,"degrees":[143,12935,4288,88,30]},"num_concepts_raised":24303},{"base_id":367,"kind":"top_words","i1":6,"i2":9,"sol":{"path":["/c/en/contestant","/c/en/person","/c/en/german","/c/en/luxembourg","/c/en/luxembourgish"],"weight":0.2067399999999997,"degrees":[143,12935,564,334,47]},"num_concepts_raised":24286},{"base_id":367,"kind":"top_words","i1":7,"i2":8,"sol":{"path":["/c/en/gothenburg","/c/en/sweden","/c/en/sound","/c/en/light","/c/en/photometer","/c/en/photometric"],"weight":0.20787749999999972,"degrees":[70,481,3218,4288,88,30]},"num_concepts_raised":79705},{"base_id":367,"kind":"top_words","i1":7,"i2":9,"sol":{"path":["/c/en/gothenburg","/c/en/sweden","/c/en/country","/c/en/luxembourg","/c/en/luxembourgish"],"weight":0.20564999999999978,"degrees":[70,481,2796,334,47]},"num_concepts_raised":1208},{"base_id":367,"kind":"top_words","i1":8,"i2":9,"sol":{"path":["/c/en/photometric","/c/en/decimal_candle","/c/en/france","/c/en/luxembourg","/c/en/luxembourgish"],"weight":0.20513999999999988,"degrees":[30,8,1405,334,47]},"num_concepts_raised":1365}]]