[[{"base_id":11,"kind":"bot_words","i1":0,"i2":1,"sol":{"path":["/c/en/decorated","/c/en/plain","/c/en/africa","/c/en/shelduck"],"weight":0.20962999999999948,"degrees":[116,1132,860,100]},"num_concepts_raised":15037},{"base_id":11,"kind":"bot_words","i1":0,"i2":2,"sol":{"path":["/c/en/decorated","/c/en/barge","/c/en/river","/c/en/chaise"],"weight":0.20856999999999953,"degrees":[116,342,2945,28]},"num_concepts_raised":12096},{"base_id":11,"kind":"bot_words","i1":0,"i2":3,"sol":{"path":["/c/en/decorated","/c/en/unembellished","/c/en/spare","/c/en/deign"],"weight":0.20422999999999952,"degrees":[116,54,491,84]},"num_concepts_raised":11757},{"base_id":11,"kind":"bot_words","i1":0,"i2":4,"sol":{"path":["/c/en/decorated","/c/en/fancy","/c/en/slang","/c/en/wendy"],"weight":0.20369999999999952,"degrees":[116,515,16318,26]},"num_concepts_raised":36737},{"base_id":11,"kind":"bot_words","i1":0,"i2":5,"sol":{"path":["/c/en/decorated","/c/en/fancy","/c/en/slang","/c/en/chronic","/c/en/degenerative"],"weight":0.2051399999999995,"degrees":[116,515,16318,295,58]},"num_concepts_raised":10917},{"base_id":11,"kind":"bot_words","i1":0,"i2":6,"sol":{"path":["/c/en/decorated","/c/en/cake","/c/en/happy","/c/en/well_being","/c/en/wellbeing"],"weight":0.2052799999999994,"degrees":[116,1707,1272,197,61]},"num_concepts_raised":11442},{"base_id":11,"kind":"bot_words","i1":0,"i2":7,"sol":{"path":["/c/en/decorated","/c/en/cake","/c/en/moist","/c/en/humid"],"weight":0.2082299999999992,"degrees":[116,1707,375,272]},"num_concepts_raised":17408},{"base_id":11,"kind":"bot_words","i1":0,"i2":8,"sol":{"path":["/c/en/decorated","/c/en/decorate","/c/en/ribbon"],"weight":0.20500000000000002,"degrees":[116,593,529]},"num_concepts_raised":525},{"base_id":11,"kind":"bot_words","i1":0,"i2":9,"sol":{"path":["/c/en/decorated","/c/en/polish","/c/en/rouge","/c/la/fucus","/c/en/fucus"],"weight":0.2108599999999995,"degrees":[116,1193,168,55,47]},"num_concepts_raised":10847},{"base_id":11,"kind":"bot_words","i1":1,"i2":2,"sol":{"path":["/c/en/shelduck","/c/en/bird","/c/en/fly","/c/en/carriage","/c/en/chaise"],"weight":0.21595999999999982,"degrees":[100,4970,2276,731,28]},"num_concepts_raised":9609},{"base_id":11,"kind":"bot_words","i1":1,"i2":3,"sol":{"path":["/c/en/shelduck","/c/en/bird","/c/syc/ܕܪܓܐ","/c/en/dignity","/c/en/deign"],"weight":0.21152999999999977,"degrees":[100,4970,22,600,84]},"num_concepts_raised":9284},{"base_id":11,"kind":"bot_words","i1":1,"i2":4,"sol":{"path":["/c/en/shelduck","/c/en/bird","/c/en/slang","/c/en/wendy"],"weight":0.2087799999999998,"degrees":[100,4970,16318,26]},"num_concepts_raised":34364},{"base_id":11,"kind":"bot_words","i1":1,"i2":5,"sol":{"path":["/c/en/shelduck","/c/en/bird","/c/en/slang","/c/en/chronic","/c/en/degenerative"],"weight":0.21022999999999978,"degrees":[100,4970,16318,295,58]},"num_concepts_raised":8424},{"base_id":11,"kind":"bot_words","i1":1,"i2":6,"sol":{"path":["/c/en/shelduck","/c/en/bird","/c/en/being","/c/en/health","/c/en/wellbeing"],"weight":0.2093699999999997,"degrees":[100,4970,910,1110,61]},"num_concepts_raised":8968},{"base_id":11,"kind":"bot_words","i1":1,"i2":7,"sol":{"path":["/c/en/shelduck","/c/en/duck","/c/en/water","/c/en/wet","/c/en/humid"],"weight":0.21525999999999948,"degrees":[100,1215,4606,1063,272]},"num_concepts_raised":14983},{"base_id":11,"kind":"bot_words","i1":1,"i2":8,"sol":{"path":["/c/en/shelduck","/c/en/duck","/c/en/bow","/c/en/ribbon"],"weight":0.2202399999999991,"degrees":[100,1215,1518,529]},"num_concepts_raised":70243},{"base_id":11,"kind":"bot_words","i1":1,"i2":9,"sol":{"path":["/c/en/shelduck","/c/en/sheldrake","/c/en/male","/c/la/fucus","/c/en/fucus"],"weight":0.21807999999999977,"degrees":[100,22,2222,55,47]},"num_concepts_raised":8223},{"base_id":11,"kind":"bot_words","i1":2,"i2":3,"sol":{"path":["/c/en/chaise","/c/en/carriage","/c/en/bearing","/c/en/dignity","/c/en/deign"],"weight":0.21254999999999985,"degrees":[28,731,722,600,84]},"num_concepts_raised":6338},{"base_id":11,"kind":"bot_words","i1":2,"i2":4,"sol":{"path":["/c/en/chaise","/c/en/carriage","/c/en/british","/c/en/wendy"],"weight":0.2097699999999999,"degrees":[28,731,3452,26]},"num_concepts_raised":31488},{"base_id":11,"kind":"bot_words","i1":2,"i2":5,"sol":{"path":["/c/en/chaise","/c/en/carriage","/c/en/family","/c/en/generation","/c/en/degenerative"],"weight":0.21026999999999985,"degrees":[28,731,3166,655,58]},"num_concepts_raised":5478},{"base_id":11,"kind":"bot_words","i1":2,"i2":6,"sol":{"path":["/c/en/chaise","/c/en/carriage","/c/en/support","/c/en/welfare","/c/en/wellbeing"],"weight":0.21034999999999976,"degrees":[28,731,2237,316,61]},"num_concepts_raised":6021},{"base_id":11,"kind":"bot_words","i1":2,"i2":7,"sol":{"path":["/c/en/chaise","/c/en/river","/c/en/wet","/c/en/humid"],"weight":0.21402999999999955,"degrees":[28,2945,1063,272]},"num_concepts_raised":12044},{"base_id":11,"kind":"bot_words","i1":2,"i2":8,"sol":{"path":["/c/en/chaise","/c/en/river","/c/en/ribbon"],"weight":0.20600000000000002,"degrees":[28,2945,529]},"num_concepts_raised":435},{"base_id":11,"kind":"bot_words","i1":2,"i2":9,"sol":{"path":["/c/en/chaise","/c/en/carriage","/c/en/family","/c/en/species","/c/en/fucus"],"weight":0.21505999999999986,"degrees":[28,731,3166,1659,47]},"num_concepts_raised":5407},{"base_id":11,"kind":"bot_words","i1":3,"i2":4,"sol":{"path":["/c/en/deign","/c/en/dignity","/c/en/bottom","/c/en/slang","/c/en/wendy"],"weight":0.20539999999999983,"degrees":[84,600,1018,16318,26]},"num_concepts_raised":31203},{"base_id":11,"kind":"bot_words","i1":3,"i2":5,"sol":{"path":["/c/en/deign","/c/en/dignity","/c/en/degraded","/c/en/degenerate","/c/en/degenerative"],"weight":0.2068199999999998,"degrees":[84,600,58,277,58]},"num_concepts_raised":5115},{"base_id":11,"kind":"bot_words","i1":3,"i2":6,"sol":{"path":["/c/en/deign","/c/en/dignity","/c/fr/amour_propre","/c/fr/bien_être","/c/en/wellbeing"],"weight":0.2068599999999997,"degrees":[84,600,60,95,61]},"num_concepts_raised":5660},{"base_id":11,"kind":"bot_words","i1":3,"i2":7,"sol":{"path":["/c/en/deign","/c/en/spare","/c/en/uk","/c/en/wet","/c/en/humid"],"weight":0.20960999999999952,"degrees":[84,491,5562,1063,272]},"num_concepts_raised":11729},{"base_id":11,"kind":"bot_words","i1":3,"i2":8,"sol":{"path":["/c/en/deign","/c/en/dignity","/c/en/bearing","/c/en/ribbon"],"weight":0.21655999999999911,"degrees":[84,600,722,529]},"num_concepts_raised":67147},{"base_id":11,"kind":"bot_words","i1":3,"i2":9,"sol":{"path":["/c/en/deign","/c/en/dignity","/c/grc/σχῆμα","/c/en/species","/c/en/fucus"],"weight":0.2106699999999998,"degrees":[84,600,31,1659,47]},"num_concepts_raised":5047},{"base_id":11,"kind":"bot_words","i1":4,"i2":5,"sol":{"path":["/c/en/wendy","/c/en/slang","/c/en/chronic","/c/en/degenerative"],"weight":0.20408999999999983,"degrees":[26,16318,295,58]},"num_concepts_raised":30347},{"base_id":11,"kind":"bot_words","i1":4,"i2":6,"sol":{"path":["/c/en/wendy","/c/en/slang","/c/en/well","/c/en/well_being","/c/en/wellbeing"],"weight":0.20431999999999975,"degrees":[26,16318,1776,197,61]},"num_concepts_raised":30879},{"base_id":11,"kind":"bot_words","i1":4,"i2":7,"sol":{"path":["/c/en/wendy","/c/en/slang","/c/en/wet","/c/en/humid"],"weight":0.20898999999999954,"degrees":[26,16318,1063,272]},"num_concepts_raised":36746},{"base_id":11,"kind":"bot_words","i1":4,"i2":8,"sol":{"path":["/c/en/wendy","/c/en/slang","/c/en/ribbon"],"weight":0.20400000000000001,"degrees":[26,16318,529]},"num_concepts_raised":440},{"base_id":11,"kind":"bot_words","i1":4,"i2":9,"sol":{"path":["/c/en/wendy","/c/en/slang","/c/en/rack","/c/en/wrack","/c/en/fucus"],"weight":0.20794999999999983,"degrees":[26,16318,554,110,47]},"num_concepts_raised":30285},{"base_id":11,"kind":"bot_words","i1":5,"i2":6,"sol":{"path":["/c/en/degenerative","/c/en/chronic","/c/en/medicine","/c/en/health","/c/en/wellbeing"],"weight":0.20469999999999972,"degrees":[58,295,11938,1110,61]},"num_concepts_raised":4796},{"base_id":11,"kind":"bot_words","i1":5,"i2":7,"sol":{"path":["/c/en/degenerative","/c/en/regenerate","/c/en/make","/c/en/wet","/c/en/humid"],"weight":0.21046999999999952,"degrees":[58,253,3395,1063,272]},"num_concepts_raised":10874},{"base_id":11,"kind":"bot_words","i1":5,"i2":8,"sol":{"path":["/c/en/degenerative","/c/en/chronic","/c/en/slang","/c/en/ribbon"],"weight":0.21542999999999912,"degrees":[58,295,16318,529]},"num_concepts_raised":66321},{"base_id":11,"kind":"bot_words","i1":5,"i2":9,"sol":{"path":["/c/en/degenerative","/c/en/regenerate","/c/en/biology","/c/en/species","/c/en/fucus"],"weight":0.2094599999999998,"degrees":[58,253,6216,1659,47]},"num_concepts_raised":4170},{"base_id":11,"kind":"bot_words","i1":6,"i2":7,"sol":{"path":["/c/en/wellbeing","/c/en/going_for_swim","/c/en/wet","/c/en/humid"],"weight":0.20923999999999943,"degrees":[61,104,1063,272]},"num_concepts_raised":11395},{"base_id":11,"kind":"bot_words","i1":6,"i2":8,"sol":{"path":["/c/en/wellbeing","/c/en/health","/c/en/awareness_ribbon","/c/en/ribbon"],"weight":0.21433999999999903,"degrees":[61,1110,17,529]},"num_concepts_raised":66810},{"base_id":11,"kind":"bot_words","i1":6,"i2":9,"sol":{"path":["/c/en/wellbeing","/c/en/welfare","/c/en/people","/c/la/cephenes","/c/en/fucus"],"weight":0.20851999999999973,"degrees":[61,316,4475,14,47]},"num_concepts_raised":4733},{"base_id":11,"kind":"bot_words","i1":7,"i2":8,"sol":{"path":["/c/en/humid","/c/en/wet","/c/en/slang","/c/en/ribbon"],"weight":0.22033999999999881,"degrees":[272,1063,16318,529]},"num_concepts_raised":72342},{"base_id":11,"kind":"bot_words","i1":7,"i2":9,"sol":{"path":["/c/en/humid","/c/en/areca","/c/en/species","/c/en/fucus"],"weight":0.21100999999999953,"degrees":[272,76,1659,47]},"num_concepts_raised":10798},{"base_id":11,"kind":"bot_words","i1":8,"i2":9,"sol":{"path":["/c/en/ribbon","/c/en/decoration","/c/en/order","/c/en/species","/c/en/fucus"],"weight":0.22335999999999911,"degrees":[529,796,2833,1659,47]},"num_concepts_raised":66267}],[{"base_id":11,"kind":"top_words","i1":0,"i2":1,"sol":{"path":["/c/en/mans","/c/en/man","/c/en/the","/c/en/le"],"weight":0.2298399999999906,"degrees":[29,3068,1402,2519]},"num_concepts_raised":38726},{"base_id":11,"kind":"top_words","i1":0,"i2":2,"sol":{"path":["/c/en/mans","/c/en/frank","/c/en/france","/c/en/lille"],"weight":0.20391999999999988,"degrees":[29,450,1405,37]},"num_concepts_raised":25204},{"base_id":11,"kind":"top_words","i1":0,"i2":3,"sol":{"path":["/c/en/mans","/c/en/frank","/c/en/france","/c/en/nantes"],"weight":0.20379999999999987,"degrees":[29,450,1405,30]},"num_concepts_raised":129904},{"base_id":11,"kind":"top_words","i1":0,"i2":4,"sol":{"path":["/c/en/mans","/c/en/frank","/c/en/france","/c/en/grenoble"],"weight":0.20377999999999988,"degrees":[29,450,1405,26]},"num_concepts_raised":129983},{"base_id":11,"kind":"top_words","i1":0,"i2":5,"sol":{"path":["/c/en/mans","/c/en/uk","/c/en/country","/c/en/monaco"],"weight":0.21139000000000022,"degrees":[29,5562,2796,239]},"num_concepts_raised":30524},{"base_id":11,"kind":"top_words","i1":0,"i2":6,"sol":{"path":["/c/en/mans","/c/en/dog","/c/en/car","/c/en/audi"],"weight":0.2104399999999996,"degrees":[29,2320,2328,85]},"num_concepts_raised":24612},{"base_id":11,"kind":"top_words","i1":0,"i2":7,"sol":{"path":["/c/en/mans","/c/en/dog","/c/en/car","/c/en/sedan"],"weight":0.2063899999999996,"degrees":[29,2320,2328,145]},"num_concepts_raised":41626},{"base_id":11,"kind":"top_words","i1":0,"i2":8,"sol":{"path":["/c/en/mans","/c/en/man","/c/en/jurat","/c/en/bordeaux"],"weight":0.2055699999999998,"degrees":[29,3068,60,90]},"num_concepts_raised":25545},{"base_id":11,"kind":"top_words","i1":0,"i2":9,"sol":{"path":["/c/en/mans","/c/en/dog","/c/en/little","/c/en/petit"],"weight":0.21048999999999968,"degrees":[29,2320,1887,72]},"num_concepts_raised":40568},{"base_id":11,"kind":"top_words","i1":1,"i2":2,"sol":{"path":["/c/en/le","/c/en/settle","/c/fr/ville","/c/fr/lille","/c/en/lille"],"weight":0.23006999999999062,"degrees":[2519,1016,8696,102,37]},"num_concepts_raised":26192},{"base_id":11,"kind":"top_words","i1":1,"i2":3,"sol":{"path":["/c/en/le","/c/en/ripple","/c/fr/localités","/c/en/nantes"],"weight":0.22771999999999065,"degrees":[2519,324,110113,30]},"num_concepts_raised":130846},{"base_id":11,"kind":"top_words","i1":1,"i2":4,"sol":{"path":["/c/en/le","/c/en/ripple","/c/fr/localités","/c/en/grenoble"],"weight":0.22767999999999067,"degrees":[2519,324,110113,26]},"num_concepts_raised":130918},{"base_id":11,"kind":"top_words","i1":1,"i2":5,"sol":{"path":["/c/en/le","/c/en/settle","/c/fr/ville","/c/fr/monaco","/c/en/monaco"],"weight":0.24199999999999094,"degrees":[2519,1016,8696,206,239]},"num_concepts_raised":31568},{"base_id":11,"kind":"top_words","i1":1,"i2":6,"sol":{"path":["/c/en/le","/c/en/er","/c/en/sports","/c/en/car","/c/en/audi"],"weight":0.23637999999999038,"degrees":[2519,599,3417,2328,85]},"num_concepts_raised":25615},{"base_id":11,"kind":"top_words","i1":1,"i2":7,"sol":{"path":["/c/en/le","/c/en/settle","/c/en/chair","/c/en/sedan"],"weight":0.22999999999999035,"degrees":[2519,1016,1138,145]},"num_concepts_raised":43989},{"base_id":11,"kind":"top_words","i1":1,"i2":8,"sol":{"path":["/c/en/le","/c/en/settle","/c/fr/ville","/c/fr/bordeaux","/c/en/bordeaux"],"weight":0.23199999999999055,"degrees":[2519,1016,8696,157,90]},"num_concepts_raised":26574},{"base_id":11,"kind":"top_words","i1":1,"i2":9,"sol":{"path":["/c/en/le","/c/en/diminutive","/c/en/little","/c/en/petit"],"weight":0.23536999999999042,"degrees":[2519,881,1887,72]},"num_concepts_raised":41908},{"base_id":11,"kind":"top_words","i1":2,"i2":3,"sol":{"path":["/c/en/lille","/c/en/france","/c/en/nantes"],"weight":0.20400000000000001,"degrees":[37,1405,30]},"num_concepts_raised":52},{"base_id":11,"kind":"top_words","i1":2,"i2":4,"sol":{"path":["/c/en/lille","/c/en/france","/c/en/grenoble"],"weight":0.20400000000000001,"degrees":[37,1405,26]},"num_concepts_raised":50},{"base_id":11,"kind":"top_words","i1":2,"i2":5,"sol":{"path":["/c/en/lille","/c/en/france","/c/en/monaco"],"weight":0.20500000000000002,"degrees":[37,1405,239]},"num_concepts_raised":187},{"base_id":11,"kind":"top_words","i1":2,"i2":6,"sol":{"path":["/c/en/lille","/c/en/city","/c/en/car","/c/en/audi"],"weight":0.21057999999999966,"degrees":[37,3758,2328,85]},"num_concepts_raised":11782},{"base_id":11,"kind":"top_words","i1":2,"i2":7,"sol":{"path":["/c/en/lille","/c/en/france","/c/en/sedan"],"weight":0.203,"degrees":[37,1405,145]},"num_concepts_raised":155},{"base_id":11,"kind":"top_words","i1":2,"i2":8,"sol":{"path":["/c/en/lille","/c/en/france","/c/en/bordeaux"],"weight":0.20400000000000001,"degrees":[37,1405,90]},"num_concepts_raised":98},{"base_id":11,"kind":"top_words","i1":2,"i2":9,"sol":{"path":["/c/en/lille","/c/en/city","/c/en/small","/c/en/petit"],"weight":0.20853999999999973,"degrees":[37,3758,2515,72]},"num_concepts_raised":28348},{"base_id":11,"kind":"top_words","i1":3,"i2":4,"sol":{"path":["/c/en/nantes","/c/en/france","/c/en/grenoble"],"weight":0.20400000000000001,"degrees":[30,1405,26]},"num_concepts_raised":42},{"base_id":11,"kind":"top_words","i1":3,"i2":5,"sol":{"path":["/c/en/nantes","/c/en/france","/c/en/monaco"],"weight":0.20500000000000002,"degrees":[30,1405,239]},"num_concepts_raised":180},{"base_id":11,"kind":"top_words","i1":3,"i2":6,"sol":{"path":["/c/en/nantes","/c/en/france","/c/en/sedan","/c/en/car","/c/en/audi"],"weight":0.21148999999999965,"degrees":[30,1405,145,2328,85]},"num_concepts_raised":116474},{"base_id":11,"kind":"top_words","i1":3,"i2":7,"sol":{"path":["/c/en/nantes","/c/en/france","/c/en/sedan"],"weight":0.203,"degrees":[30,1405,145]},"num_concepts_raised":148},{"base_id":11,"kind":"top_words","i1":3,"i2":8,"sol":{"path":["/c/en/nantes","/c/en/france","/c/en/bordeaux"],"weight":0.20400000000000001,"degrees":[30,1405,90]},"num_concepts_raised":92},{"base_id":11,"kind":"top_words","i1":3,"i2":9,"sol":{"path":["/c/en/nantes","/c/en/france","/c/en/lot","/c/en/little","/c/en/petit"],"weight":0.2115699999999997,"degrees":[30,1405,1057,1887,72]},"num_concepts_raised":133113},{"base_id":11,"kind":"top_words","i1":4,"i2":5,"sol":{"path":["/c/en/grenoble","/c/en/france","/c/en/monaco"],"weight":0.20500000000000002,"degrees":[26,1405,239]},"num_concepts_raised":178},{"base_id":11,"kind":"top_words","i1":4,"i2":6,"sol":{"path":["/c/en/grenoble","/c/en/france","/c/en/sedan","/c/en/car","/c/en/audi"],"weight":0.21146999999999966,"degrees":[26,1405,145,2328,85]},"num_concepts_raised":116546},{"base_id":11,"kind":"top_words","i1":4,"i2":7,"sol":{"path":["/c/en/grenoble","/c/en/france","/c/en/sedan"],"weight":0.203,"degrees":[26,1405,145]},"num_concepts_raised":146},{"base_id":11,"kind":"top_words","i1":4,"i2":8,"sol":{"path":["/c/en/grenoble","/c/en/france","/c/en/bordeaux"],"weight":0.20400000000000001,"degrees":[26,1405,90]},"num_concepts_raised":90},{"base_id":11,"kind":"top_words","i1":4,"i2":9,"sol":{"path":["/c/en/grenoble","/c/en/france","/c/en/lot","/c/en/little","/c/en/petit"],"weight":0.2115499999999997,"degrees":[26,1405,1057,1887,72]},"num_concepts_raised":133185},{"base_id":11,"kind":"top_words","i1":5,"i2":6,"sol":{"path":["/c/en/monaco","/c/en/country","/c/en/company","/c/en/audi"],"weight":0.21700999999999998,"degrees":[239,2796,2258,85]},"num_concepts_raised":17167},{"base_id":11,"kind":"top_words","i1":5,"i2":7,"sol":{"path":["/c/en/monaco","/c/en/france","/c/en/sedan"],"weight":0.20400000000000001,"degrees":[239,1405,145]},"num_concepts_raised":283},{"base_id":11,"kind":"top_words","i1":5,"i2":8,"sol":{"path":["/c/en/monaco","/c/en/france","/c/en/bordeaux"],"weight":0.20500000000000002,"degrees":[239,1405,90]},"num_concepts_raised":227},{"base_id":11,"kind":"top_words","i1":5,"i2":9,"sol":{"path":["/c/en/monaco","/c/en/capital","/c/en/small","/c/en/petit"],"weight":0.21699000000000007,"degrees":[239,1518,2515,72]},"num_concepts_raised":33663},{"base_id":11,"kind":"top_words","i1":6,"i2":7,"sol":{"path":["/c/en/audi","/c/en/car","/c/en/sedan"],"weight":0.20700000000000002,"degrees":[85,2328,145]},"num_concepts_raised":208},{"base_id":11,"kind":"top_words","i1":6,"i2":8,"sol":{"path":["/c/en/audi","/c/en/car","/c/en/city","/c/en/bordeaux"],"weight":0.21114999999999956,"degrees":[85,2328,3758,90]},"num_concepts_raised":12169},{"base_id":11,"kind":"top_words","i1":6,"i2":9,"sol":{"path":["/c/en/audi","/c/en/car","/c/en/small","/c/en/petit"],"weight":0.21599999999999944,"degrees":[85,2328,2515,72]},"num_concepts_raised":27775},{"base_id":11,"kind":"top_words","i1":7,"i2":8,"sol":{"path":["/c/en/sedan","/c/en/france","/c/en/bordeaux"],"weight":0.203,"degrees":[145,1405,90]},"num_concepts_raised":195},{"base_id":11,"kind":"top_words","i1":7,"i2":9,"sol":{"path":["/c/en/sedan","/c/en/car","/c/en/small","/c/en/petit"],"weight":0.21197999999999945,"degrees":[145,2328,2515,72]},"num_concepts_raised":45802},{"base_id":11,"kind":"top_words","i1":8,"i2":9,"sol":{"path":["/c/en/bordeaux","/c/en/city","/c/en/small","/c/en/petit"],"weight":0.20909999999999965,"degrees":[90,3758,2515,72]},"num_concepts_raised":28728}]]