[[{"base_id":229,"kind":"bot_words","i1":0,"i2":1,"sol":{"path":["/c/en/fluorinated","/c/en/florfenicol","/c/en/medicine","/c/en/anticonvulsant"],"weight":0.2096899999999993,"degrees":[49,16,11938,179]},"num_concepts_raised":29598},{"base_id":229,"kind":"bot_words","i1":0,"i2":2,"sol":{"path":["/c/en/fluorinated","/c/en/chemistry","/c/en/peptide","/c/en/gramicidin"],"weight":0.20808999999999975,"degrees":[49,11754,438,33]},"num_concepts_raised":19111},{"base_id":229,"kind":"bot_words","i1":0,"i2":3,"sol":{"path":["/c/en/fluorinated","/c/en/chemistry","/c/en/displacement","/c/en/psychiatry","/c/en/alexia"],"weight":0.2084399999999997,"degrees":[49,11754,197,402,59]},"num_concepts_raised":19647},{"base_id":229,"kind":"bot_words","i1":0,"i2":4,"sol":{"path":["/c/en/fluorinated","/c/en/chemistry","/c/en/emulsion","/c/en/film","/c/en/unsaid"],"weight":0.20799999999999977,"degrees":[49,11754,208,2504,26]},"num_concepts_raised":18241},{"base_id":229,"kind":"bot_words","i1":0,"i2":5,"sol":{"path":["/c/en/fluorinated","/c/en/hydrogen","/c/en/space","/c/en/spaceship"],"weight":0.2068099999999998,"degrees":[49,2639,1852,227]},"num_concepts_raised":29117},{"base_id":229,"kind":"bot_words","i1":0,"i2":6,"sol":{"path":["/c/en/fluorinated","/c/en/chemistry","/c/en/tetrachloride"],"weight":0.202,"degrees":[49,11754,28]},"num_concepts_raised":67},{"base_id":229,"kind":"bot_words","i1":0,"i2":7,"sol":{"path":["/c/en/fluorinated","/c/en/chemistry","/c/en/chemical","/c/en/kinesin"],"weight":0.2081999999999997,"degrees":[49,11754,882,44]},"num_concepts_raised":20542},{"base_id":229,"kind":"bot_words","i1":0,"i2":8,"sol":{"path":["/c/en/fluorinated","/c/en/chemistry","/c/en/crown","/c/en/rounded","/c/en/pineal"],"weight":0.2040499999999998,"degrees":[49,11754,1373,217,33]},"num_concepts_raised":15885},{"base_id":229,"kind":"bot_words","i1":0,"i2":9,"sol":{"path":["/c/en/fluorinated","/c/en/chemistry","/c/en/emulsion","/c/en/ouzo_effect","/c/en/ouzo"],"weight":0.2088399999999998,"degrees":[49,11754,208,11,78]},"num_concepts_raised":16929},{"base_id":229,"kind":"bot_words","i1":1,"i2":2,"sol":{"path":["/c/en/anticonvulsant","/c/en/pharmacology","/c/en/antibiotic","/c/en/gramicidin"],"weight":0.21664999999999934,"degrees":[179,974,789,33]},"num_concepts_raised":17871},{"base_id":229,"kind":"bot_words","i1":1,"i2":3,"sol":{"path":["/c/en/anticonvulsant","/c/en/medicine","/c/en/psychiatry","/c/en/alexia"],"weight":0.21498999999999932,"degrees":[179,11938,402,59]},"num_concepts_raised":18358},{"base_id":229,"kind":"bot_words","i1":1,"i2":4,"sol":{"path":["/c/en/anticonvulsant","/c/en/pharmacology","/c/fr/médecine","/c/en/film","/c/en/unsaid"],"weight":0.2166499999999994,"degrees":[179,974,9990,2504,26]},"num_concepts_raised":17128},{"base_id":229,"kind":"bot_words","i1":1,"i2":5,"sol":{"path":["/c/en/anticonvulsant","/c/en/pharmacology","/c/en/go","/c/en/space","/c/en/spaceship"],"weight":0.2154699999999994,"degrees":[179,974,2637,1852,227]},"num_concepts_raised":28017},{"base_id":229,"kind":"bot_words","i1":1,"i2":6,"sol":{"path":["/c/en/anticonvulsant","/c/en/pharmacology","/c/en/pharmacy","/c/en/chemistry","/c/en/tetrachloride"],"weight":0.21180999999999944,"degrees":[179,974,506,11754,28]},"num_concepts_raised":28682},{"base_id":229,"kind":"bot_words","i1":1,"i2":7,"sol":{"path":["/c/en/anticonvulsant","/c/en/brivaracetam","/c/en/protein","/c/en/kinesin"],"weight":0.2167099999999993,"degrees":[179,20,3124,44]},"num_concepts_raised":19655},{"base_id":229,"kind":"bot_words","i1":1,"i2":8,"sol":{"path":["/c/en/anticonvulsant","/c/en/medicine","/c/en/melatonin","/c/en/pineal_gland","/c/en/pineal"],"weight":0.2127699999999994,"degrees":[179,11938,119,187,33]},"num_concepts_raised":14770},{"base_id":229,"kind":"bot_words","i1":1,"i2":9,"sol":{"path":["/c/en/anticonvulsant","/c/en/medicine","/c/en/carminative","/c/en/anise","/c/en/ouzo"],"weight":0.21750999999999943,"degrees":[179,11938,32,273,78]},"num_concepts_raised":15816},{"base_id":229,"kind":"bot_words","i1":2,"i2":3,"sol":{"path":["/c/en/gramicidin","/c/en/antiseptic","/c/en/medicine","/c/en/psychiatry","/c/en/alexia"],"weight":0.2133299999999998,"degrees":[33,277,11938,402,59]},"num_concepts_raised":7914},{"base_id":229,"kind":"bot_words","i1":2,"i2":4,"sol":{"path":["/c/en/gramicidin","/c/en/protein","/c/en/pellicle","/c/en/film","/c/en/unsaid"],"weight":0.21284999999999984,"degrees":[33,3124,48,2504,26]},"num_concepts_raised":6510},{"base_id":229,"kind":"bot_words","i1":2,"i2":5,"sol":{"path":["/c/en/gramicidin","/c/en/antibiotic","/c/en/capsule","/c/en/spacecraft","/c/en/spaceship"],"weight":0.21275999999999987,"degrees":[33,789,351,307,227]},"num_concepts_raised":17498},{"base_id":229,"kind":"bot_words","i1":2,"i2":6,"sol":{"path":["/c/en/gramicidin","/c/en/peptide","/c/en/chemistry","/c/en/tetrachloride"],"weight":0.20802999999999988,"degrees":[33,438,11754,28]},"num_concepts_raised":18161},{"base_id":229,"kind":"bot_words","i1":2,"i2":7,"sol":{"path":["/c/en/gramicidin","/c/en/protein","/c/en/kinesin"],"weight":0.20700000000000002,"degrees":[33,3124,44]},"num_concepts_raised":65},{"base_id":229,"kind":"bot_words","i1":2,"i2":8,"sol":{"path":["/c/en/gramicidin","/c/en/protein","/c/en/pinopsin","/c/en/pineal_gland","/c/en/pineal"],"weight":0.21104999999999985,"degrees":[33,3124,4,187,33]},"num_concepts_raised":4137},{"base_id":229,"kind":"bot_words","i1":2,"i2":9,"sol":{"path":["/c/en/gramicidin","/c/en/antiseptic","/c/en/anisic_acid","/c/en/anise","/c/en/ouzo"],"weight":0.2158199999999999,"degrees":[33,277,11,273,78]},"num_concepts_raised":5186},{"base_id":229,"kind":"bot_words","i1":3,"i2":4,"sol":{"path":["/c/en/alexia","/c/en/musical_artist","/c/en/verbal","/c/en/unsaid"],"weight":0.2131099999999998,"degrees":[59,462,288,26]},"num_concepts_raised":6960},{"base_id":229,"kind":"bot_words","i1":3,"i2":5,"sol":{"path":["/c/en/alexia","/c/en/pop_music","/c/en/moon","/c/en/space","/c/en/spaceship"],"weight":0.21208999999999983,"degrees":[59,440,1604,1852,227]},"num_concepts_raised":17908},{"base_id":229,"kind":"bot_words","i1":3,"i2":6,"sol":{"path":["/c/en/alexia","/c/en/psychiatry","/c/en/displacement","/c/en/chemistry","/c/en/tetrachloride"],"weight":0.20837999999999984,"degrees":[59,402,197,11754,28]},"num_concepts_raised":18719},{"base_id":229,"kind":"bot_words","i1":3,"i2":7,"sol":{"path":["/c/en/alexia","/c/en/ia","/c/en/antennapedia","/c/en/protein","/c/en/kinesin"],"weight":0.21542999999999973,"degrees":[59,47,11,3124,44]},"num_concepts_raised":9586},{"base_id":229,"kind":"bot_words","i1":3,"i2":8,"sol":{"path":["/c/en/alexia","/c/en/understand","/c/en/brain","/c/en/pineal_gland","/c/en/pineal"],"weight":0.2113899999999998,"degrees":[59,1085,1613,187,33]},"num_concepts_raised":4603},{"base_id":229,"kind":"bot_words","i1":3,"i2":9,"sol":{"path":["/c/en/alexia","/c/en/understand","/c/en/clear","/c/en/arak","/c/en/ouzo"],"weight":0.21400999999999987,"degrees":[59,1085,2044,86,78]},"num_concepts_raised":5651},{"base_id":229,"kind":"bot_words","i1":4,"i2":5,"sol":{"path":["/c/en/unsaid","/c/en/film","/c/en/star","/c/en/starship","/c/en/spaceship"],"weight":0.2118199999999999,"degrees":[26,2504,2132,50,227]},"num_concepts_raised":16503},{"base_id":229,"kind":"bot_words","i1":4,"i2":6,"sol":{"path":["/c/en/unsaid","/c/en/film","/c/en/polyvinylidene_chloride","/c/en/chloride","/c/en/tetrachloride"],"weight":0.2088499999999999,"degrees":[26,2504,25,378,28]},"num_concepts_raised":17319},{"base_id":229,"kind":"bot_words","i1":4,"i2":7,"sol":{"path":["/c/en/unsaid","/c/en/film","/c/en/pellicle","/c/en/protein","/c/en/kinesin"],"weight":0.21505999999999978,"degrees":[26,2504,48,3124,44]},"num_concepts_raised":8182},{"base_id":229,"kind":"bot_words","i1":4,"i2":8,"sol":{"path":["/c/en/unsaid","/c/en/film","/c/en/skin","/c/en/melatonin","/c/en/pineal_gland","/c/en/pineal"],"weight":0.2164333999999995,"degrees":[26,2504,2372,119,187,33]},"num_concepts_raised":250025},{"base_id":229,"kind":"bot_words","i1":4,"i2":9,"sol":{"path":["/c/en/unsaid","/c/en/film","/c/en/emulsion","/c/en/ouzo_effect","/c/en/ouzo"],"weight":0.2135799999999999,"degrees":[26,2504,208,11,78]},"num_concepts_raised":4239},{"base_id":229,"kind":"bot_words","i1":5,"i2":6,"sol":{"path":["/c/en/spaceship","/c/en/programming","/c/en/atom","/c/en/tetrachloride"],"weight":0.20552999999999993,"degrees":[227,1116,1498,28]},"num_concepts_raised":28164},{"base_id":229,"kind":"bot_words","i1":5,"i2":7,"sol":{"path":["/c/en/spaceship","/c/en/space","/c/en/compartment","/c/en/protein","/c/en/kinesin"],"weight":0.21391999999999983,"degrees":[227,1852,317,3124,44]},"num_concepts_raised":19062},{"base_id":229,"kind":"bot_words","i1":5,"i2":8,"sol":{"path":["/c/en/spaceship","/c/en/space","/c/en/mathematics","/c/en/rounded","/c/en/pineal"],"weight":0.20769999999999994,"degrees":[227,1852,7601,217,33]},"num_concepts_raised":14194},{"base_id":229,"kind":"bot_words","i1":5,"i2":9,"sol":{"path":["/c/en/spaceship","/c/en/rocket","/c/en/herb","/c/en/anise","/c/en/ouzo"],"weight":0.21349999999999994,"degrees":[227,651,1259,273,78]},"num_concepts_raised":15234},{"base_id":229,"kind":"bot_words","i1":6,"i2":7,"sol":{"path":["/c/en/tetrachloride","/c/en/molecule","/c/en/protein","/c/en/kinesin"],"weight":0.21015999999999985,"degrees":[28,1117,3124,44]},"num_concepts_raised":19559},{"base_id":229,"kind":"bot_words","i1":6,"i2":8,"sol":{"path":["/c/en/tetrachloride","/c/en/chemistry","/c/en/crown","/c/en/rounded","/c/en/pineal"],"weight":0.20398999999999995,"degrees":[28,11754,1373,217,33]},"num_concepts_raised":14962},{"base_id":229,"kind":"bot_words","i1":6,"i2":9,"sol":{"path":["/c/en/tetrachloride","/c/en/chemistry","/c/en/emulsion","/c/en/ouzo_effect","/c/en/ouzo"],"weight":0.20877999999999997,"degrees":[28,11754,208,11,78]},"num_concepts_raised":16008},{"base_id":229,"kind":"bot_words","i1":7,"i2":8,"sol":{"path":["/c/en/kinesin","/c/en/protein","/c/en/pinopsin","/c/en/pineal_gland","/c/en/pineal"],"weight":0.21325999999999984,"degrees":[44,3124,4,187,33]},"num_concepts_raised":5818},{"base_id":229,"kind":"bot_words","i1":7,"i2":9,"sol":{"path":["/c/en/kinesin","/c/en/energy","/c/en/plant","/c/en/anise","/c/en/ouzo"],"weight":0.21590999999999982,"degrees":[44,1631,7959,273,78]},"num_concepts_raised":6862},{"base_id":229,"kind":"bot_words","i1":8,"i2":9,"sol":{"path":["/c/en/pineal","/c/en/pineal_gland","/c/en/pinecone","/c/en/fruit","/c/en/aniseed","/c/en/ouzo"],"weight":0.2187313999999998,"degrees":[33,187,93,2192,67,78]},"num_concepts_raised":147017}],[{"base_id":229,"kind":"top_words","i1":0,"i2":1,"sol":{"path":["/c/en/exchequer","/c/en/british","/c/en/person","/c/en/irish"],"weight":0.2134899999999986,"degrees":[55,3452,12935,456]},"num_concepts_raised":59539},{"base_id":229,"kind":"top_words","i1":0,"i2":2,"sol":{"path":["/c/en/exchequer","/c/en/fund","/c/en/finance"],"weight":0.20700000000000002,"degrees":[55,380,2051]},"num_concepts_raised":1951},{"base_id":229,"kind":"top_words","i1":0,"i2":3,"sol":{"path":["/c/en/exchequer","/c/en/british","/c/en/fire","/c/en/brian"],"weight":0.20322999999999974,"degrees":[55,3452,2829,40]},"num_concepts_raised":28528},{"base_id":229,"kind":"top_words","i1":0,"i2":4,"sol":{"path":["/c/en/exchequer","/c/en/british","/c/en/british_isles","/c/en/ireland"],"weight":0.22885999999999657,"degrees":[55,3452,217,1227]},"num_concepts_raised":104776},{"base_id":229,"kind":"top_words","i1":0,"i2":5,"sol":{"path":["/c/en/exchequer","/c/en/stock","/c/fr/localités","/c/en/dublin"],"weight":0.21151999999999987,"degrees":[55,1024,110113,230]},"num_concepts_raised":127126},{"base_id":229,"kind":"top_words","i1":0,"i2":6,"sol":{"path":["/c/en/exchequer","/c/en/british","/c/en/minister"],"weight":0.202,"degrees":[55,3452,665]},"num_concepts_raised":639},{"base_id":229,"kind":"top_words","i1":0,"i2":7,"sol":{"path":["/c/en/exchequer","/c/en/stock","/c/en/plant","/c/axm/լօշտակ","/c/en/bryony"],"weight":0.20422999999999986,"degrees":[55,1024,7959,6,37]},"num_concepts_raised":14600},{"base_id":229,"kind":"top_words","i1":0,"i2":8,"sol":{"path":["/c/en/exchequer","/c/en/fisc","/c/en/historical","/c/en/socrates"],"weight":0.21103999999999987,"degrees":[55,23,8415,216]},"num_concepts_raised":22807},{"base_id":229,"kind":"top_words","i1":0,"i2":9,"sol":{"path":["/c/en/exchequer","/c/en/british","/c/en/plough","/c/en/ard"],"weight":0.2106399999999997,"degrees":[55,3452,687,74]},"num_concepts_raised":18415},{"base_id":229,"kind":"top_words","i1":1,"i2":2,"sol":{"path":["/c/en/irish","/c/en/ireland","/c/en/hedge","/c/en/finance"],"weight":0.24799999999999828,"degrees":[456,1227,546,2051]},"num_concepts_raised":151479},{"base_id":229,"kind":"top_words","i1":1,"i2":3,"sol":{"path":["/c/en/irish","/c/en/ireland","/c/en/ryan","/c/en/brian"],"weight":0.21748999999999863,"degrees":[456,1227,54,40]},"num_concepts_raised":63368},{"base_id":229,"kind":"top_words","i1":1,"i2":4,"sol":{"path":["/c/en/irish","/c/en/ireland"],"weight":0.21300000000000002,"degrees":[456,1227]},"num_concepts_raised":1427},{"base_id":229,"kind":"top_words","i1":1,"i2":5,"sol":{"path":["/c/en/irish","/c/en/ireland","/c/en/dublin"],"weight":0.20800000000000002,"degrees":[456,1227,230]},"num_concepts_raised":559},{"base_id":229,"kind":"top_words","i1":1,"i2":6,"sol":{"path":["/c/en/irish","/c/en/person","/c/en/minister"],"weight":0.20400000000000001,"degrees":[456,12935,665]},"num_concepts_raised":988},{"base_id":229,"kind":"top_words","i1":1,"i2":7,"sol":{"path":["/c/en/irish","/c/en/us","/c/en/vine","/c/en/bryony"],"weight":0.2129399999999988,"degrees":[456,8154,823,37]},"num_concepts_raised":50165},{"base_id":229,"kind":"top_words","i1":1,"i2":8,"sol":{"path":["/c/en/irish","/c/en/person","/c/en/plato","/c/en/socrates"],"weight":0.22307999999999878,"degrees":[456,12935,268,216]},"num_concepts_raised":58033},{"base_id":229,"kind":"top_words","i1":1,"i2":9,"sol":{"path":["/c/en/irish","/c/en/person","/c/en/beggar","/c/en/ard"],"weight":0.2182599999999986,"degrees":[456,12935,515,74]},"num_concepts_raised":53922},{"base_id":229,"kind":"top_words","i1":2,"i2":3,"sol":{"path":["/c/en/finance","/c/en/short","/c/en/light","/c/en/brian"],"weight":0.23564999999999944,"degrees":[2051,1446,4288,40]},"num_concepts_raised":122292},{"base_id":229,"kind":"top_words","i1":2,"i2":4,"sol":{"path":["/c/en/finance","/c/en/bullet","/c/en/ireland"],"weight":0.21000000000000002,"degrees":[2051,897,1227]},"num_concepts_raised":2987},{"base_id":229,"kind":"top_words","i1":2,"i2":5,"sol":{"path":["/c/en/finance","/c/en/financial","/c/en/city","/c/en/dublin"],"weight":0.24430999999999958,"degrees":[2051,465,3758,230]},"num_concepts_raised":221766},{"base_id":229,"kind":"top_words","i1":2,"i2":6,"sol":{"path":["/c/en/finance","/c/de/bundeswirtschaftsminister","/c/en/minister"],"weight":0.20600000000000002,"degrees":[2051,16,665]},"num_concepts_raised":2489},{"base_id":229,"kind":"top_words","i1":2,"i2":7,"sol":{"path":["/c/en/finance","/c/en/long","/c/en/vine","/c/en/bryony"],"weight":0.23550999999999958,"degrees":[2051,1806,823,37]},"num_concepts_raised":109821},{"base_id":229,"kind":"top_words","i1":2,"i2":8,"sol":{"path":["/c/en/finance","/c/en/science","/c/en/philosopher","/c/en/socrates"],"weight":0.24345999999999957,"degrees":[2051,1674,600,216]},"num_concepts_raised":117453},{"base_id":229,"kind":"top_words","i1":2,"i2":9,"sol":{"path":["/c/en/finance","/c/fr/finance","/c/fr/état","/c/en/ard"],"weight":0.24619999999999934,"degrees":[2051,895,2015,74]},"num_concepts_raised":113041},{"base_id":229,"kind":"top_words","i1":3,"i2":4,"sol":{"path":["/c/en/brian","/c/en/ryan","/c/en/ireland"],"weight":0.20600000000000002,"degrees":[40,54,1227]},"num_concepts_raised":1123},{"base_id":229,"kind":"top_words","i1":3,"i2":5,"sol":{"path":["/c/en/brian","/c/en/burn","/c/fr/localités","/c/en/dublin"],"weight":0.21155999999999994,"degrees":[40,1773,110113,230]},"num_concepts_raised":130722},{"base_id":229,"kind":"top_words","i1":3,"i2":6,"sol":{"path":["/c/en/brian","/c/en/sex","/c/en/clergy","/c/en/minister"],"weight":0.21092999999999806,"degrees":[40,1592,289,665]},"num_concepts_raised":98646},{"base_id":229,"kind":"top_words","i1":3,"i2":7,"sol":{"path":["/c/en/brian","/c/en/burn","/c/fr/localités","/c/fr/brione","/c/en/bryony"],"weight":0.20419999999999994,"degrees":[40,1773,110113,24,37]},"num_concepts_raised":18057},{"base_id":229,"kind":"top_words","i1":3,"i2":8,"sol":{"path":["/c/en/brian","/c/en/keep","/c/en/historical","/c/en/socrates"],"weight":0.21079999999999993,"degrees":[40,1382,8415,216]},"num_concepts_raised":26425},{"base_id":229,"kind":"top_words","i1":3,"i2":9,"sol":{"path":["/c/en/brian","/c/en/dialectal","/c/fi/aatra","/c/en/ard"],"weight":0.21042999999999973,"degrees":[40,4127,14,74]},"num_concepts_raised":21920},{"base_id":229,"kind":"top_words","i1":4,"i2":5,"sol":{"path":["/c/en/ireland","/c/en/dublin"],"weight":0.20800000000000002,"degrees":[1227,230]},"num_concepts_raised":1232},{"base_id":229,"kind":"top_words","i1":4,"i2":6,"sol":{"path":["/c/en/ireland","/c/en/united_kingdom","/c/en/minister"],"weight":0.20600000000000002,"degrees":[1227,1053,665]},"num_concepts_raised":1677},{"base_id":229,"kind":"top_words","i1":4,"i2":7,"sol":{"path":["/c/en/ireland","/c/en/potato","/c/en/vine","/c/en/bryony"],"weight":0.22563999999999673,"degrees":[1227,1041,823,37]},"num_concepts_raised":95924},{"base_id":229,"kind":"top_words","i1":4,"i2":8,"sol":{"path":["/c/en/ireland","/c/la/hibernia","/c/en/historical","/c/en/socrates"],"weight":0.23603999999999672,"degrees":[1227,24,8415,216]},"num_concepts_raised":103455},{"base_id":229,"kind":"top_words","i1":4,"i2":9,"sol":{"path":["/c/en/ireland","/c/en/europe","/c/en/pollard","/c/en/ard"],"weight":0.23512999999999656,"degrees":[1227,765,97,74]},"num_concepts_raised":99174},{"base_id":229,"kind":"top_words","i1":5,"i2":6,"sol":{"path":["/c/en/dublin","/c/fr/localités","/c/en/church","/c/en/minister"],"weight":0.2195699999999982,"degrees":[230,110113,1592,665]},"num_concepts_raised":197640},{"base_id":229,"kind":"top_words","i1":5,"i2":7,"sol":{"path":["/c/en/dublin","/c/fr/localités","/c/fr/brione","/c/en/bryony"],"weight":0.2125200000000001,"degrees":[230,110113,24,37]},"num_concepts_raised":116639},{"base_id":229,"kind":"top_words","i1":5,"i2":8,"sol":{"path":["/c/en/dublin","/c/en/kingdom_of_ireland","/c/en/historical","/c/en/socrates"],"weight":0.21891000000000008,"degrees":[230,51,8415,216]},"num_concepts_raised":124887},{"base_id":229,"kind":"top_words","i1":5,"i2":9,"sol":{"path":["/c/en/dublin","/c/en/republic_of_ireland","/c/fr/pays","/c/fr/état","/c/en/ard"],"weight":0.22060999999999986,"degrees":[230,234,5104,2015,74]},"num_concepts_raised":120544},{"base_id":229,"kind":"top_words","i1":6,"i2":7,"sol":{"path":["/c/en/minister","/c/en/church","/c/fr/localités","/c/fr/brione","/c/en/bryony"],"weight":0.21219999999999822,"degrees":[665,1592,110113,24,37]},"num_concepts_raised":85729},{"base_id":229,"kind":"top_words","i1":6,"i2":8,"sol":{"path":["/c/en/minister","/c/en/person","/c/en/plato","/c/en/socrates"],"weight":0.2202899999999982,"degrees":[665,12935,268,216]},"num_concepts_raised":92801},{"base_id":229,"kind":"top_words","i1":6,"i2":9,"sol":{"path":["/c/en/minister","/c/en/british","/c/en/plough","/c/en/ard"],"weight":0.21723999999999802,"degrees":[665,3452,687,74]},"num_concepts_raised":89077},{"base_id":229,"kind":"top_words","i1":7,"i2":8,"sol":{"path":["/c/en/bryony","/c/en/herb","/c/en/sage","/c/en/philosopher","/c/en/socrates"],"weight":0.21318000000000004,"degrees":[37,1259,486,600,216]},"num_concepts_raised":12276},{"base_id":229,"kind":"top_words","i1":7,"i2":9,"sol":{"path":["/c/en/bryony","/c/axm/լօշտակ","/c/en/plant","/c/en/soil","/c/en/ard"],"weight":0.20956999999999987,"degrees":[37,6,7959,1353,74]},"num_concepts_raised":7757},{"base_id":229,"kind":"top_words","i1":8,"i2":9,"sol":{"path":["/c/en/socrates","/c/en/historical","/c/fi/aatra","/c/en/ard"],"weight":0.2183599999999999,"degrees":[216,8415,14,74]},"num_concepts_raised":16209}]]