[[{"base_id":595,"kind":"bot_words","i1":0,"i2":1,"sol":{"path":["/c/en/pornographic","/c/en/sexy","/c/en/book","/c/en/island","/c/en/sumbawa"],"weight":0.21414999999999978,"degrees":[242,325,3239,1660,56]},"num_concepts_raised":9693},{"base_id":595,"kind":"bot_words","i1":0,"i2":2,"sol":{"path":["/c/en/pornographic","/c/en/sexy","/c/en/slang","/c/en/monarch","/c/en/itzcoatl"],"weight":0.21207999999999985,"degrees":[242,325,16318,586,35]},"num_concepts_raised":8139},{"base_id":595,"kind":"bot_words","i1":0,"i2":3,"sol":{"path":["/c/en/pornographic","/c/en/sexy","/c/en/person","/c/en/support","/c/en/reaffirm"],"weight":0.20680999999999988,"degrees":[242,325,12935,2237,33]},"num_concepts_raised":10094},{"base_id":595,"kind":"bot_words","i1":0,"i2":4,"sol":{"path":["/c/en/pornographic","/c/en/sexy","/c/en/slang","/c/en/fish","/c/en/triggerfish"],"weight":0.2147199999999998,"degrees":[242,325,16318,4424,73]},"num_concepts_raised":12992},{"base_id":595,"kind":"bot_words","i1":0,"i2":5,"sol":{"path":["/c/en/pornographic","/c/en/graphic","/c/en/geology","/c/en/petrology"],"weight":0.21212999999999965,"degrees":[242,248,3862,142]},"num_concepts_raised":20452},{"base_id":595,"kind":"bot_words","i1":0,"i2":6,"sol":{"path":["/c/en/pornographic","/c/en/sexy","/c/en/slang","/c/en/root","/c/en/superuser"],"weight":0.20821999999999993,"degrees":[242,325,16318,1503,25]},"num_concepts_raised":19817},{"base_id":595,"kind":"bot_words","i1":0,"i2":7,"sol":{"path":["/c/en/pornographic","/c/en/sexy","/c/en/dance","/c/en/promenade"],"weight":0.2088599999999997,"degrees":[242,325,2473,179]},"num_concepts_raised":30752},{"base_id":595,"kind":"bot_words","i1":0,"i2":8,"sol":{"path":["/c/en/pornographic","/c/th/ลามก","/c/en/low","/c/en/palate","/c/en/palatine"],"weight":0.2088899999999998,"degrees":[242,21,1298,307,108]},"num_concepts_raised":25225},{"base_id":595,"kind":"bot_words","i1":0,"i2":9,"sol":{"path":["/c/en/pornographic","/c/en/bold","/c/en/ireland","/c/en/mitch"],"weight":0.20580999999999988,"degrees":[242,640,1227,43]},"num_concepts_raised":14975},{"base_id":595,"kind":"bot_words","i1":1,"i2":2,"sol":{"path":["/c/en/sumbawa","/c/en/indonesia","/c/en/regent","/c/en/monarch","/c/en/itzcoatl"],"weight":0.21314999999999973,"degrees":[56,549,191,586,35]},"num_concepts_raised":2658},{"base_id":595,"kind":"bot_words","i1":1,"i2":3,"sol":{"path":["/c/en/sumbawa","/c/en/island","/c/en/state","/c/en/affirm","/c/en/reaffirm"],"weight":0.21112999999999976,"degrees":[56,1660,3243,265,33]},"num_concepts_raised":4627},{"base_id":595,"kind":"bot_words","i1":1,"i2":4,"sol":{"path":["/c/en/sumbawa","/c/en/island","/c/en/fish","/c/en/triggerfish"],"weight":0.21784999999999968,"degrees":[56,1660,4424,73]},"num_concepts_raised":7540},{"base_id":595,"kind":"bot_words","i1":1,"i2":5,"sol":{"path":["/c/en/sumbawa","/c/en/island","/c/en/rock","/c/en/petrology"],"weight":0.21663999999999956,"degrees":[56,1660,2349,142]},"num_concepts_raised":14977},{"base_id":595,"kind":"bot_words","i1":1,"i2":6,"sol":{"path":["/c/en/sumbawa","/c/en/island","/c/en/australia","/c/en/root","/c/en/superuser"],"weight":0.21132999999999982,"degrees":[56,1660,2690,1503,25]},"num_concepts_raised":14435},{"base_id":595,"kind":"bot_words","i1":1,"i2":7,"sol":{"path":["/c/en/sumbawa","/c/en/island","/c/en/area","/c/en/walk","/c/en/promenade"],"weight":0.2148699999999996,"degrees":[56,1660,1840,2020,179]},"num_concepts_raised":25512},{"base_id":595,"kind":"bot_words","i1":1,"i2":8,"sol":{"path":["/c/en/sumbawa","/c/en/island","/c/en/area","/c/en/palatinate","/c/en/palatine"],"weight":0.21322999999999967,"degrees":[56,1660,1840,84,108]},"num_concepts_raised":19814},{"base_id":595,"kind":"bot_words","i1":1,"i2":9,"sol":{"path":["/c/en/sumbawa","/c/en/island","/c/en/ireland","/c/en/mitch"],"weight":0.21031999999999973,"degrees":[56,1660,1227,43]},"num_concepts_raised":9557},{"base_id":595,"kind":"bot_words","i1":2,"i2":3,"sol":{"path":["/c/en/itzcoatl","/c/en/monarch","/c/en/post","/c/en/support","/c/en/reaffirm"],"weight":0.20783999999999986,"degrees":[35,586,1560,2237,33]},"num_concepts_raised":3062},{"base_id":595,"kind":"bot_words","i1":2,"i2":4,"sol":{"path":["/c/en/itzcoatl","/c/en/monarch","/c/en/slang","/c/en/fish","/c/en/triggerfish"],"weight":0.2155399999999998,"degrees":[35,586,16318,4424,73]},"num_concepts_raised":5993},{"base_id":595,"kind":"bot_words","i1":2,"i2":5,"sol":{"path":["/c/en/itzcoatl","/c/en/monarch","/c/en/slang","/c/en/rock","/c/en/petrology"],"weight":0.21433999999999964,"degrees":[35,586,16318,2349,142]},"num_concepts_raised":13517},{"base_id":595,"kind":"bot_words","i1":2,"i2":6,"sol":{"path":["/c/en/itzcoatl","/c/en/monarch","/c/en/slang","/c/en/root","/c/en/superuser"],"weight":0.2090399999999999,"degrees":[35,586,16318,1503,25]},"num_concepts_raised":12872},{"base_id":595,"kind":"bot_words","i1":2,"i2":7,"sol":{"path":["/c/en/itzcoatl","/c/en/monarch","/c/en/slang","/c/en/walk","/c/en/promenade"],"weight":0.21253999999999967,"degrees":[35,586,16318,2020,179]},"num_concepts_raised":23978},{"base_id":595,"kind":"bot_words","i1":2,"i2":8,"sol":{"path":["/c/en/itzcoatl","/c/en/monarch","/c/en/castle","/c/en/palace","/c/en/palatine"],"weight":0.21005999999999977,"degrees":[35,586,1045,690,108]},"num_concepts_raised":18248},{"base_id":595,"kind":"bot_words","i1":2,"i2":9,"sol":{"path":["/c/en/itzcoatl","/c/en/monarch","/c/en/slang","/c/en/bunk_off","/c/en/mitch"],"weight":0.20797999999999983,"degrees":[35,586,16318,17,43]},"num_concepts_raised":8007},{"base_id":595,"kind":"bot_words","i1":3,"i2":4,"sol":{"path":["/c/en/reaffirm","/c/en/support","/c/en/perch","/c/en/fish","/c/en/triggerfish"],"weight":0.21051999999999982,"degrees":[33,2237,456,4424,73]},"num_concepts_raised":7939},{"base_id":595,"kind":"bot_words","i1":3,"i2":5,"sol":{"path":["/c/en/reaffirm","/c/en/support","/c/en/structure","/c/en/petrology"],"weight":0.20914999999999967,"degrees":[33,2237,1619,142]},"num_concepts_raised":15412},{"base_id":595,"kind":"bot_words","i1":3,"i2":6,"sol":{"path":["/c/en/reaffirm","/c/en/support","/c/en/root","/c/en/superuser"],"weight":0.20396999999999993,"degrees":[33,2237,1503,25]},"num_concepts_raised":14773},{"base_id":595,"kind":"bot_words","i1":3,"i2":7,"sol":{"path":["/c/en/reaffirm","/c/en/affirm","/c/en/protest","/c/en/walk","/c/en/promenade"],"weight":0.20847999999999972,"degrees":[33,265,960,2020,179]},"num_concepts_raised":25834},{"base_id":595,"kind":"bot_words","i1":3,"i2":8,"sol":{"path":["/c/en/reaffirm","/c/en/support","/c/en/bone","/c/en/palatine"],"weight":0.2038899999999998,"degrees":[33,2237,2320,108]},"num_concepts_raised":20172},{"base_id":595,"kind":"bot_words","i1":3,"i2":9,"sol":{"path":["/c/en/reaffirm","/c/en/affirm","/c/en/aver","/c/en/dialectal","/c/en/mitch"],"weight":0.20390999999999987,"degrees":[33,265,71,4127,43]},"num_concepts_raised":9945},{"base_id":595,"kind":"bot_words","i1":4,"i2":5,"sol":{"path":["/c/en/triggerfish","/c/en/fish","/c/en/rock","/c/en/petrology"],"weight":0.21696999999999958,"degrees":[73,4424,2349,142]},"num_concepts_raised":18312},{"base_id":595,"kind":"bot_words","i1":4,"i2":6,"sol":{"path":["/c/en/triggerfish","/c/en/fish","/c/en/slang","/c/en/root","/c/en/superuser"],"weight":0.21167999999999987,"degrees":[73,4424,16318,1503,25]},"num_concepts_raised":17711},{"base_id":595,"kind":"bot_words","i1":4,"i2":7,"sol":{"path":["/c/en/triggerfish","/c/en/fish","/c/en/place","/c/en/promenade"],"weight":0.21243999999999963,"degrees":[73,4424,3314,179]},"num_concepts_raised":28750},{"base_id":595,"kind":"bot_words","i1":4,"i2":8,"sol":{"path":["/c/en/triggerfish","/c/en/fish","/c/en/bone","/c/en/palatine"],"weight":0.2116299999999997,"degrees":[73,4424,2320,108]},"num_concepts_raised":22882},{"base_id":595,"kind":"bot_words","i1":4,"i2":9,"sol":{"path":["/c/en/triggerfish","/c/en/fish","/c/en/cheater","/c/la/muger","/c/en/mitch"],"weight":0.21156999999999976,"degrees":[73,4424,73,7,43]},"num_concepts_raised":12856},{"base_id":595,"kind":"bot_words","i1":5,"i2":6,"sol":{"path":["/c/en/petrology","/c/en/origin","/c/en/root","/c/en/superuser"],"weight":0.21030999999999972,"degrees":[142,981,1503,25]},"num_concepts_raised":25041},{"base_id":595,"kind":"bot_words","i1":5,"i2":7,"sol":{"path":["/c/en/petrology","/c/en/rock","/c/en/place","/c/en/promenade"],"weight":0.21123999999999948,"degrees":[142,2349,3314,179]},"num_concepts_raised":36052},{"base_id":595,"kind":"bot_words","i1":5,"i2":8,"sol":{"path":["/c/en/petrology","/c/en/morphology","/c/en/anatomy","/c/en/palatine"],"weight":0.21039999999999956,"degrees":[142,343,12775,108]},"num_concepts_raised":30411},{"base_id":595,"kind":"bot_words","i1":5,"i2":9,"sol":{"path":["/c/en/petrology","/c/en/rock","/c/en/british","/c/en/mooch","/c/en/mitch"],"weight":0.21043999999999963,"degrees":[142,2349,3452,102,43]},"num_concepts_raised":20368},{"base_id":595,"kind":"bot_words","i1":6,"i2":7,"sol":{"path":["/c/en/superuser","/c/en/wheel","/c/es/pasear","/c/en/promenade"],"weight":0.20581999999999975,"degrees":[25,1236,137,179]},"num_concepts_raised":35391},{"base_id":595,"kind":"bot_words","i1":6,"i2":8,"sol":{"path":["/c/en/superuser","/c/en/root","/c/en/bone","/c/en/palatine"],"weight":0.20503999999999983,"degrees":[25,1503,2320,108]},"num_concepts_raised":29888},{"base_id":595,"kind":"bot_words","i1":6,"i2":9,"sol":{"path":["/c/en/superuser","/c/en/root","/c/en/ireland","/c/en/mitch"],"weight":0.20406999999999992,"degrees":[25,1503,1227,43]},"num_concepts_raised":19698},{"base_id":595,"kind":"bot_words","i1":7,"i2":8,"sol":{"path":["/c/en/promenade","/c/fr/lieu","/c/en/settlement","/c/en/palatine"],"weight":0.2057499999999996,"degrees":[179,1743,534,108]},"num_concepts_raised":40811},{"base_id":595,"kind":"bot_words","i1":7,"i2":9,"sol":{"path":["/c/en/promenade","/c/en/walk","/c/en/steal","/c/en/mitch"],"weight":0.20756999999999964,"degrees":[179,2020,1033,43]},"num_concepts_raised":30692},{"base_id":595,"kind":"bot_words","i1":8,"i2":9,"sol":{"path":["/c/en/palatine","/c/en/bone","/c/en/steal","/c/en/mitch"],"weight":0.20403999999999978,"degrees":[108,2320,1033,43]},"num_concepts_raised":25096}],[{"base_id":595,"kind":"top_words","i1":0,"i2":1,"sol":{"path":["/c/en/mile","/c/en/distance","/c/en/spacing","/c/en/density"],"weight":0.22904999999999925,"degrees":[530,1296,67,411]},"num_concepts_raised":88229},{"base_id":595,"kind":"top_words","i1":0,"i2":2,"sol":{"path":["/c/en/mile","/c/en/yard","/c/en/composition","/c/en/makeup"],"weight":0.22158999999999923,"degrees":[530,825,692,329]},"num_concepts_raised":93736},{"base_id":595,"kind":"top_words","i1":0,"i2":3,"sol":{"path":["/c/en/mile","/c/en/measure","/c/en/mark","/c/en/reichsmark"],"weight":0.2227199999999999,"degrees":[530,1837,1876,43]},"num_concepts_raised":62421},{"base_id":595,"kind":"top_words","i1":0,"i2":4,"sol":{"path":["/c/en/mile","/c/en/measure","/c/en/discern","/c/en/discernible"],"weight":0.2193299999999999,"degrees":[530,1837,219,100]},"num_concepts_raised":64591},{"base_id":595,"kind":"top_words","i1":0,"i2":5,"sol":{"path":["/c/en/mile","/c/en/measure","/c/en/mass","/c/en/milligram"],"weight":0.21874000000000005,"degrees":[530,1837,1639,101]},"num_concepts_raised":71068},{"base_id":595,"kind":"top_words","i1":0,"i2":6,"sol":{"path":["/c/en/mile","/c/en/slang","/c/en/bird","/c/en/towhee"],"weight":0.22227999999999998,"degrees":[530,16318,4970,40]},"num_concepts_raised":63826},{"base_id":595,"kind":"top_words","i1":0,"i2":7,"sol":{"path":["/c/en/mile","/c/en/mi"],"weight":0.20400000000000001,"degrees":[530,578]},"num_concepts_raised":908},{"base_id":595,"kind":"top_words","i1":0,"i2":8,"sol":{"path":["/c/en/mile","/c/en/yards"],"weight":0.20600000000000002,"degrees":[530,42]},"num_concepts_raised":393},{"base_id":595,"kind":"top_words","i1":0,"i2":9,"sol":{"path":["/c/en/mile","/c/it/miglio","/c/en/plant","/c/en/dryas"],"weight":0.22423999999999983,"degrees":[530,34,7959,53]},"num_concepts_raised":71512},{"base_id":595,"kind":"top_words","i1":1,"i2":2,"sol":{"path":["/c/en/density","/c/en/event","/c/en/makeup"],"weight":0.20400000000000001,"degrees":[411,1724,329]},"num_concepts_raised":608},{"base_id":595,"kind":"top_words","i1":1,"i2":3,"sol":{"path":["/c/en/density","/c/fi/tiheys","/c/en/rate","/c/en/currency","/c/en/reichsmark"],"weight":0.2217999999999991,"degrees":[411,33,913,877,43]},"num_concepts_raised":34434},{"base_id":595,"kind":"top_words","i1":1,"i2":4,"sol":{"path":["/c/en/density","/c/en/physics","/c/en/observable","/c/en/discernible"],"weight":0.2140599999999991,"degrees":[411,9094,107,100]},"num_concepts_raised":36463},{"base_id":595,"kind":"top_words","i1":1,"i2":5,"sol":{"path":["/c/en/density","/c/en/mass","/c/en/milligram"],"weight":0.20400000000000001,"degrees":[411,1639,101]},"num_concepts_raised":399},{"base_id":595,"kind":"top_words","i1":1,"i2":6,"sol":{"path":["/c/en/density","/c/en/observe","/c/en/bird","/c/en/towhee"],"weight":0.21974999999999917,"degrees":[411,768,4970,40]},"num_concepts_raised":35696},{"base_id":595,"kind":"top_words","i1":1,"i2":7,"sol":{"path":["/c/en/density","/c/en/function","/c/en/do","/c/en/mi"],"weight":0.21951999999999725,"degrees":[411,1730,1767,578]},"num_concepts_raised":54371},{"base_id":595,"kind":"top_words","i1":1,"i2":8,"sol":{"path":["/c/en/density","/c/en/front","/c/en/yard","/c/en/yards"],"weight":0.2196799999999991,"degrees":[411,1105,825,42]},"num_concepts_raised":53564},{"base_id":595,"kind":"top_words","i1":1,"i2":9,"sol":{"path":["/c/en/density","/c/en/matter","/c/en/plant","/c/en/dryas"],"weight":0.21779999999999902,"degrees":[411,1318,7959,53]},"num_concepts_raised":43363},{"base_id":595,"kind":"top_words","i1":2,"i2":3,"sol":{"path":["/c/en/makeup","/c/en/change","/c/en/mark","/c/en/reichsmark"],"weight":0.21127999999999908,"degrees":[329,3383,1876,43]},"num_concepts_raised":40097},{"base_id":595,"kind":"top_words","i1":2,"i2":4,"sol":{"path":["/c/en/makeup","/c/en/make","/c/en/sound","/c/en/discernible"],"weight":0.2070999999999991,"degrees":[329,3395,3218,100]},"num_concepts_raised":42246},{"base_id":595,"kind":"top_words","i1":2,"i2":5,"sol":{"path":["/c/en/makeup","/c/en/paint","/c/en/grain","/c/en/milligram"],"weight":0.20740999999999926,"degrees":[329,1772,1334,101]},"num_concepts_raised":48997},{"base_id":595,"kind":"top_words","i1":2,"i2":6,"sol":{"path":["/c/en/makeup","/c/en/whiteface","/c/en/bird","/c/en/towhee"],"weight":0.21340999999999916,"degrees":[329,34,4970,40]},"num_concepts_raised":41420},{"base_id":595,"kind":"top_words","i1":2,"i2":7,"sol":{"path":["/c/en/makeup","/c/en/make","/c/en/do","/c/en/mi"],"weight":0.21333999999999725,"degrees":[329,3395,1767,578]},"num_concepts_raised":59510},{"base_id":595,"kind":"top_words","i1":2,"i2":8,"sol":{"path":["/c/en/makeup","/c/en/wood","/c/en/yards"],"weight":0.20400000000000001,"degrees":[329,2440,42]},"num_concepts_raised":314},{"base_id":595,"kind":"top_words","i1":2,"i2":9,"sol":{"path":["/c/en/makeup","/c/en/wood","/c/en/stage","/c/en/dryas"],"weight":0.21132999999999902,"degrees":[329,2440,1366,53]},"num_concepts_raised":48915},{"base_id":595,"kind":"top_words","i1":3,"i2":4,"sol":{"path":["/c/en/reichsmark","/c/en/mark","/c/en/sound","/c/en/discernible"],"weight":0.20888999999999977,"degrees":[43,1876,3218,100]},"num_concepts_raised":8572},{"base_id":595,"kind":"top_words","i1":3,"i2":5,"sol":{"path":["/c/en/reichsmark","/c/en/currency","/c/de/pfund","/c/en/gram","/c/en/milligram"],"weight":0.2102699999999999,"degrees":[43,877,68,353,101]},"num_concepts_raised":15308},{"base_id":595,"kind":"top_words","i1":3,"i2":6,"sol":{"path":["/c/en/reichsmark","/c/en/mark","/c/en/fish","/c/en/bird","/c/en/towhee"],"weight":0.21535999999999983,"degrees":[43,1876,4424,4970,40]},"num_concepts_raised":7526},{"base_id":595,"kind":"top_words","i1":3,"i2":7,"sol":{"path":["/c/en/reichsmark","/c/en/mark","/c/fr/note","/c/en/mi"],"weight":0.2138799999999979,"degrees":[43,1876,456,578]},"num_concepts_raised":26704},{"base_id":595,"kind":"top_words","i1":3,"i2":8,"sol":{"path":["/c/en/reichsmark","/c/en/mark","/c/en/nautical","/c/en/yards"],"weight":0.21318999999999974,"degrees":[43,1876,5204,42]},"num_concepts_raised":26214},{"base_id":595,"kind":"top_words","i1":3,"i2":9,"sol":{"path":["/c/en/reichsmark","/c/en/mark","/c/en/brand","/c/en/plant","/c/en/dryas"],"weight":0.21324999999999966,"degrees":[43,1876,496,7959,53]},"num_concepts_raised":15579},{"base_id":595,"kind":"top_words","i1":4,"i2":5,"sol":{"path":["/c/en/discernible","/c/en/palpable","/c/en/mass","/c/en/milligram"],"weight":0.20492999999999995,"degrees":[100,121,1639,101]},"num_concepts_raised":17541},{"base_id":595,"kind":"top_words","i1":4,"i2":6,"sol":{"path":["/c/en/discernible","/c/en/sound","/c/en/bird","/c/en/towhee"],"weight":0.21098999999999984,"degrees":[100,3218,4970,40]},"num_concepts_raised":9776},{"base_id":595,"kind":"top_words","i1":4,"i2":7,"sol":{"path":["/c/en/discernible","/c/en/sound","/c/en/do","/c/en/mi"],"weight":0.2107199999999979,"degrees":[100,3218,1767,578]},"num_concepts_raised":28762},{"base_id":595,"kind":"top_words","i1":4,"i2":8,"sol":{"path":["/c/en/discernible","/c/en/discern","/c/en/measure","/c/en/yard","/c/en/yards"],"weight":0.21194999999999975,"degrees":[100,219,1837,825,42]},"num_concepts_raised":28463},{"base_id":595,"kind":"top_words","i1":4,"i2":9,"sol":{"path":["/c/en/discernible","/c/en/discern","/c/en/measure","/c/en/geology","/c/en/dryas"],"weight":0.2098999999999997,"degrees":[100,219,1837,3862,53]},"num_concepts_raised":17835},{"base_id":595,"kind":"top_words","i1":5,"i2":6,"sol":{"path":["/c/en/milligram","/c/en/gram","/c/en/kite","/c/en/bird","/c/en/towhee"],"weight":0.21238,"degrees":[101,353,632,4970,40]},"num_concepts_raised":16525},{"base_id":595,"kind":"top_words","i1":5,"i2":7,"sol":{"path":["/c/en/milligram","/c/en/si","/c/en/solfège","/c/en/mi"],"weight":0.21103999999999806,"degrees":[101,344,96,578]},"num_concepts_raised":35525},{"base_id":595,"kind":"top_words","i1":5,"i2":8,"sol":{"path":["/c/en/milligram","/c/en/grain","/c/en/grass","/c/en/yards"],"weight":0.2091599999999999,"degrees":[101,1334,1578,42]},"num_concepts_raised":35107},{"base_id":595,"kind":"top_words","i1":5,"i2":9,"sol":{"path":["/c/en/milligram","/c/en/grain","/c/en/plant","/c/en/dryas"],"weight":0.20912999999999984,"degrees":[101,1334,7959,53]},"num_concepts_raised":24476},{"base_id":595,"kind":"top_words","i1":6,"i2":7,"sol":{"path":["/c/en/towhee","/c/en/bird","/c/en/slang","/c/en/do","/c/en/mi"],"weight":0.217209999999998,"degrees":[40,4970,16318,1767,578]},"num_concepts_raised":27978},{"base_id":595,"kind":"top_words","i1":6,"i2":8,"sol":{"path":["/c/en/towhee","/c/en/bird","/c/en/garden","/c/en/yards"],"weight":0.21535999999999983,"degrees":[40,4970,1231,42]},"num_concepts_raised":27451},{"base_id":595,"kind":"top_words","i1":6,"i2":9,"sol":{"path":["/c/en/towhee","/c/en/bird","/c/en/wing","/c/en/stage","/c/en/dryas"],"weight":0.21538999999999975,"degrees":[40,4970,1177,1366,53]},"num_concepts_raised":16754},{"base_id":595,"kind":"top_words","i1":7,"i2":8,"sol":{"path":["/c/en/mi","/c/en/mile","/c/en/yards"],"weight":0.20400000000000001,"degrees":[578,530,42]},"num_concepts_raised":596},{"base_id":595,"kind":"top_words","i1":7,"i2":9,"sol":{"path":["/c/en/mi","/c/en/music","/c/en/stage","/c/en/dryas"],"weight":0.21410999999999783,"degrees":[578,8822,1366,53]},"num_concepts_raised":35914},{"base_id":595,"kind":"top_words","i1":8,"i2":9,"sol":{"path":["/c/en/yards","/c/en/plant","/c/en/dryas"],"weight":0.20600000000000002,"degrees":[42,7959,53]},"num_concepts_raised":86}]]