[[{"base_id":275,"kind":"bot_words","i1":0,"i2":1,"sol":{"path":["/c/en/unswerving","/c/en/direct","/c/en/action","/c/en/effect","/c/en/efficacy"],"weight":0.20825999999999995,"degrees":[45,1032,2156,1107,203]},"num_concepts_raised":5938},{"base_id":275,"kind":"bot_words","i1":0,"i2":2,"sol":{"path":["/c/en/unswerving","/c/en/direct","/c/en/head","/c/en/hair","/c/en/pubescent"],"weight":0.20457999999999982,"degrees":[45,1032,3580,2126,67]},"num_concepts_raised":19424},{"base_id":275,"kind":"bot_words","i1":0,"i2":3,"sol":{"path":["/c/en/unswerving","/c/en/direct","/c/en/address","/c/en/ability","/c/en/abilities"],"weight":0.2049599999999998,"degrees":[45,1032,1322,1141,34]},"num_concepts_raised":4772},{"base_id":275,"kind":"bot_words","i1":0,"i2":4,"sol":{"path":["/c/en/unswerving","/c/en/direct","/c/en/make","/c/en/rub","/c/en/abrade"],"weight":0.20570999999999964,"degrees":[45,1032,3395,884,151]},"num_concepts_raised":8722},{"base_id":275,"kind":"bot_words","i1":0,"i2":5,"sol":{"path":["/c/en/unswerving","/c/en/direct","/c/en/electricity","/c/en/electron","/c/en/photoelectron"],"weight":0.20500999999999986,"degrees":[45,1032,1283,650,26]},"num_concepts_raised":11037},{"base_id":275,"kind":"bot_words","i1":0,"i2":6,"sol":{"path":["/c/en/unswerving","/c/en/direct","/c/en/dirigent","/c/en/biochemistry","/c/en/mucin"],"weight":0.20401999999999976,"degrees":[45,1032,20,3629,42]},"num_concepts_raised":5872},{"base_id":275,"kind":"bot_words","i1":0,"i2":7,"sol":{"path":["/c/en/unswerving","/c/en/direct","/c/en/aim","/c/en/intention"],"weight":0.2130999999999989,"degrees":[45,1032,774,561]},"num_concepts_raised":35206},{"base_id":275,"kind":"bot_words","i1":0,"i2":8,"sol":{"path":["/c/en/unswerving","/c/en/undeviating","/c/en/change","/c/en/stain","/c/en/tarnish"],"weight":0.20896999999999932,"degrees":[45,19,3383,726,181]},"num_concepts_raised":20424},{"base_id":275,"kind":"bot_words","i1":0,"i2":9,"sol":{"path":["/c/en/unswerving","/c/en/direct","/c/en/flight","/c/en/aircraft","/c/en/airdrop"],"weight":0.21109999999999982,"degrees":[45,1032,731,1135,41]},"num_concepts_raised":8751},{"base_id":275,"kind":"bot_words","i1":1,"i2":2,"sol":{"path":["/c/en/efficacy","/c/en/effector","/c/en/biology","/c/en/puberulent","/c/en/pubescent"],"weight":0.2091,"degrees":[203,66,6216,23,67]},"num_concepts_raised":22356},{"base_id":275,"kind":"bot_words","i1":1,"i2":3,"sol":{"path":["/c/en/efficacy","/c/en/effectivity","/c/en/ability","/c/en/abilities"],"weight":0.20768999999999993,"degrees":[203,50,1141,34]},"num_concepts_raised":7623},{"base_id":275,"kind":"bot_words","i1":1,"i2":4,"sol":{"path":["/c/en/efficacy","/c/fr/efficacité","/c/fr/action","/c/en/abrasion","/c/en/abrade"],"weight":0.2102899999999998,"degrees":[203,103,4713,244,151]},"num_concepts_raised":11647},{"base_id":275,"kind":"bot_words","i1":1,"i2":5,"sol":{"path":["/c/en/efficacy","/c/en/effect","/c/en/physics","/c/en/photoelectron"],"weight":0.20710000000000006,"degrees":[203,1107,9094,26]},"num_concepts_raised":13941},{"base_id":275,"kind":"bot_words","i1":1,"i2":6,"sol":{"path":["/c/en/efficacy","/c/en/effect","/c/en/irisin","/c/en/biochemistry","/c/en/mucin"],"weight":0.20711999999999992,"degrees":[203,1107,6,3629,42]},"num_concepts_raised":8836},{"base_id":275,"kind":"bot_words","i1":1,"i2":7,"sol":{"path":["/c/en/efficacy","/c/en/effect","/c/en/purpose","/c/en/intention"],"weight":0.2160999999999991,"degrees":[203,1107,939,561]},"num_concepts_raised":37856},{"base_id":275,"kind":"bot_words","i1":1,"i2":8,"sol":{"path":["/c/en/efficacy","/c/ar/حسن","/c/en/polish","/c/en/tarnish"],"weight":0.2077099999999995,"degrees":[203,143,1193,181]},"num_concepts_raised":23262},{"base_id":275,"kind":"bot_words","i1":1,"i2":9,"sol":{"path":["/c/en/efficacy","/c/en/effect","/c/en/drop","/c/en/airdrop"],"weight":0.21215999999999996,"degrees":[203,1107,1915,41]},"num_concepts_raised":11640},{"base_id":275,"kind":"bot_words","i1":2,"i2":3,"sol":{"path":["/c/en/pubescent","/c/en/puberulent","/c/en/hairy","/c/en/mole","/c/en/abilities"],"weight":0.20544999999999985,"degrees":[67,23,369,1084,34]},"num_concepts_raised":21167},{"base_id":275,"kind":"bot_words","i1":2,"i2":4,"sol":{"path":["/c/en/pubescent","/c/en/hair","/c/en/shave","/c/la/abrado","/c/en/abrade"],"weight":0.20702999999999971,"degrees":[67,2126,508,132,151]},"num_concepts_raised":25063},{"base_id":275,"kind":"bot_words","i1":2,"i2":5,"sol":{"path":["/c/en/pubescent","/c/en/down","/c/en/on","/c/en/electron","/c/en/photoelectron"],"weight":0.20441999999999994,"degrees":[67,1533,1076,650,26]},"num_concepts_raised":27445},{"base_id":275,"kind":"bot_words","i1":2,"i2":6,"sol":{"path":["/c/en/pubescent","/c/en/puberty","/c/en/process","/c/en/biochemistry","/c/en/mucin"],"weight":0.20468999999999982,"degrees":[67,287,1571,3629,42]},"num_concepts_raised":22300},{"base_id":275,"kind":"bot_words","i1":2,"i2":7,"sol":{"path":["/c/en/pubescent","/c/en/immature","/c/ja/初心","/c/en/intention"],"weight":0.210589999999999,"degrees":[67,305,35,561]},"num_concepts_raised":51384},{"base_id":275,"kind":"bot_words","i1":2,"i2":8,"sol":{"path":["/c/en/pubescent","/c/en/down","/c/en/polish","/c/en/tarnish"],"weight":0.20595999999999942,"degrees":[67,1533,1193,181]},"num_concepts_raised":36629},{"base_id":275,"kind":"bot_words","i1":2,"i2":9,"sol":{"path":["/c/en/pubescent","/c/en/zoology","/c/en/parachute","/c/en/airdrop"],"weight":0.21046999999999988,"degrees":[67,8127,374,41]},"num_concepts_raised":25082},{"base_id":275,"kind":"bot_words","i1":3,"i2":4,"sol":{"path":["/c/en/abilities","/c/en/ability","/c/en/feel","/c/en/chafe","/c/en/abrade"],"weight":0.20643999999999965,"degrees":[34,1141,1238,229,151]},"num_concepts_raised":10471},{"base_id":275,"kind":"bot_words","i1":3,"i2":5,"sol":{"path":["/c/en/abilities","/c/en/mole","/c/en/physics","/c/en/photoelectron"],"weight":0.20283999999999988,"degrees":[34,1084,9094,26]},"num_concepts_raised":12793},{"base_id":275,"kind":"bot_words","i1":3,"i2":6,"sol":{"path":["/c/en/abilities","/c/en/ability","/c/en/nose","/c/en/mucus","/c/en/mucin"],"weight":0.2038899999999998,"degrees":[34,1141,1561,362,42]},"num_concepts_raised":7660},{"base_id":275,"kind":"bot_words","i1":3,"i2":7,"sol":{"path":["/c/en/abilities","/c/en/ability","/c/en/volition","/c/en/intention"],"weight":0.21012999999999893,"degrees":[34,1141,143,561]},"num_concepts_raised":36874},{"base_id":275,"kind":"bot_words","i1":3,"i2":8,"sol":{"path":["/c/en/abilities","/c/en/shackle","/c/en/metal","/c/en/tarnish"],"weight":0.20541999999999938,"degrees":[34,254,2107,181]},"num_concepts_raised":22103},{"base_id":275,"kind":"bot_words","i1":3,"i2":9,"sol":{"path":["/c/en/abilities","/c/en/ability","/c/en/hold","/c/en/aircraft","/c/en/airdrop"],"weight":0.21095999999999981,"degrees":[34,1141,2017,1135,41]},"num_concepts_raised":10498},{"base_id":275,"kind":"bot_words","i1":4,"i2":5,"sol":{"path":["/c/en/abrade","/c/en/chafe","/c/en/excite","/c/en/electron","/c/en/photoelectron"],"weight":0.20648999999999973,"degrees":[151,229,415,650,26]},"num_concepts_raised":16759},{"base_id":275,"kind":"bot_words","i1":4,"i2":6,"sol":{"path":["/c/en/abrade","/c/en/abrasive","/c/en/substance","/c/en/mucoid","/c/en/mucin"],"weight":0.20551999999999965,"degrees":[151,190,1169,32,42]},"num_concepts_raised":11603},{"base_id":275,"kind":"bot_words","i1":4,"i2":7,"sol":{"path":["/c/en/abrade","/c/en/abrasion","/c/en/medicine","/c/en/intention"],"weight":0.2117199999999988,"degrees":[151,244,11938,561]},"num_concepts_raised":40777},{"base_id":275,"kind":"bot_words","i1":4,"i2":8,"sol":{"path":["/c/en/abrade","/c/en/rub","/c/en/polish","/c/en/tarnish"],"weight":0.20727999999999921,"degrees":[151,884,1193,181]},"num_concepts_raised":25857},{"base_id":275,"kind":"bot_words","i1":4,"i2":9,"sol":{"path":["/c/en/abrade","/c/en/abrasive","/c/en/material","/c/en/goods","/c/en/airdrop"],"weight":0.2125599999999997,"degrees":[151,190,1522,852,41]},"num_concepts_raised":14403},{"base_id":275,"kind":"bot_words","i1":5,"i2":6,"sol":{"path":["/c/en/photoelectron","/c/en/electron","/c/en/chemistry","/c/en/biochemistry","/c/en/mucin"],"weight":0.20396999999999987,"degrees":[26,650,11754,3629,42]},"num_concepts_raised":13904},{"base_id":275,"kind":"bot_words","i1":5,"i2":7,"sol":{"path":["/c/en/photoelectron","/c/en/physics","/c/en/tension","/c/en/intention"],"weight":0.20911999999999903,"degrees":[26,9094,349,561]},"num_concepts_raised":43159},{"base_id":275,"kind":"bot_words","i1":5,"i2":8,"sol":{"path":["/c/en/photoelectron","/c/en/electron","/c/en/oxidation","/c/en/tarnish"],"weight":0.20541999999999944,"degrees":[26,650,266,181]},"num_concepts_raised":28352},{"base_id":275,"kind":"bot_words","i1":5,"i2":9,"sol":{"path":["/c/en/photoelectron","/c/en/electron","/c/en/aluminum","/c/en/aircraft","/c/en/airdrop"],"weight":0.2109799999999999,"degrees":[26,650,788,1135,41]},"num_concepts_raised":16763},{"base_id":275,"kind":"bot_words","i1":6,"i2":7,"sol":{"path":["/c/en/mucin","/c/en/saliva","/c/en/spit","/c/en/aim","/c/en/intention"],"weight":0.21194999999999892,"degrees":[42,508,891,774,561]},"num_concepts_raised":38131},{"base_id":275,"kind":"bot_words","i1":6,"i2":8,"sol":{"path":["/c/en/mucin","/c/en/biochemistry","/c/en/blot","/c/en/stain","/c/en/tarnish"],"weight":0.20796999999999932,"degrees":[42,3629,194,726,181]},"num_concepts_raised":23262},{"base_id":275,"kind":"bot_words","i1":6,"i2":9,"sol":{"path":["/c/en/mucin","/c/en/mucus","/c/en/nose","/c/en/aircraft","/c/en/airdrop"],"weight":0.2100199999999998,"degrees":[42,362,1561,1135,41]},"num_concepts_raised":11629},{"base_id":275,"kind":"bot_words","i1":7,"i2":8,"sol":{"path":["/c/en/intention","/c/en/object","/c/en/metal","/c/en/tarnish"],"weight":0.2119099999999985,"degrees":[561,1642,2107,181]},"num_concepts_raised":51721},{"base_id":275,"kind":"bot_words","i1":7,"i2":9,"sol":{"path":["/c/en/intention","/c/en/purpose","/c/en/drop","/c/en/airdrop"],"weight":0.21696999999999894,"degrees":[561,939,1915,41]},"num_concepts_raised":40561},{"base_id":275,"kind":"bot_words","i1":8,"i2":9,"sol":{"path":["/c/en/tarnish","/c/en/air","/c/en/airdrop"],"weight":0.20400000000000001,"degrees":[181,1965,41]},"num_concepts_raised":196}],[{"base_id":275,"kind":"top_words","i1":0,"i2":1,"sol":{"path":["/c/en/bollard","/c/la/caudex","/c/en/book","/c/en/reserve"],"weight":0.2155699999999982,"degrees":[103,62,3239,702]},"num_concepts_raised":100321},{"base_id":275,"kind":"top_words","i1":0,"i2":2,"sol":{"path":["/c/en/bollard","/c/fr/bitte","/c/en/slang","/c/en/blinder"],"weight":0.2062699999999999,"degrees":[103,62,16318,40]},"num_concepts_raised":33966},{"base_id":275,"kind":"top_words","i1":0,"i2":3,"sol":{"path":["/c/en/bollard","/c/ru/кнехт","/c/en/historical","/c/en/alan"],"weight":0.21070999999999984,"degrees":[103,32,8415,98]},"num_concepts_raised":22155},{"base_id":275,"kind":"top_words","i1":0,"i2":4,"sol":{"path":["/c/en/bollard","/c/la/caudex","/c/en/book","/c/en/island","/c/en/halmahera"],"weight":0.2102099999999999,"degrees":[103,62,3239,1660,59]},"num_concepts_raised":14125},{"base_id":275,"kind":"top_words","i1":0,"i2":5,"sol":{"path":["/c/en/bollard","/c/en/nautical","/c/en/busk"],"weight":0.202,"degrees":[103,5204,57]},"num_concepts_raised":121},{"base_id":275,"kind":"top_words","i1":0,"i2":6,"sol":{"path":["/c/en/bollard","/c/en/nautical","/c/en/governor"],"weight":0.20600000000000002,"degrees":[103,5204,561]},"num_concepts_raised":499},{"base_id":275,"kind":"top_words","i1":0,"i2":7,"sol":{"path":["/c/en/bollard","/c/fr/bitte","/c/en/slang","/c/en/bot"],"weight":0.20688999999999974,"degrees":[103,62,16318,108]},"num_concepts_raised":64769},{"base_id":275,"kind":"top_words","i1":0,"i2":8,"sol":{"path":["/c/en/bollard","/c/en/timber","/c/en/fur","/c/en/rabbits"],"weight":0.20384999999999992,"degrees":[103,484,747,26]},"num_concepts_raised":17784},{"base_id":275,"kind":"top_words","i1":0,"i2":9,"sol":{"path":["/c/en/bollard","/c/fr/bitte","/c/en/slang","/c/en/fed"],"weight":0.20675999999999978,"degrees":[103,62,16318,88]},"num_concepts_raised":61600},{"base_id":275,"kind":"top_words","i1":1,"i2":2,"sol":{"path":["/c/en/reserve","/c/en/book","/c/en/slang","/c/en/blinder"],"weight":0.21388999999999814,"degrees":[702,3239,16318,40]},"num_concepts_raised":109384},{"base_id":275,"kind":"top_words","i1":1,"i2":3,"sol":{"path":["/c/en/reserve","/c/en/canada","/c/en/al","/c/en/alan"],"weight":0.21751999999999805,"degrees":[702,2402,153,98]},"num_concepts_raised":98447},{"base_id":275,"kind":"top_words","i1":1,"i2":4,"sol":{"path":["/c/en/reserve","/c/en/book","/c/en/island","/c/en/halmahera"],"weight":0.21893999999999808,"degrees":[702,3239,1660,59]},"num_concepts_raised":91409},{"base_id":275,"kind":"top_words","i1":1,"i2":5,"sol":{"path":["/c/en/reserve","/c/en/reservation","/c/en/native_american","/c/en/busk"],"weight":0.21261999999999814,"degrees":[702,252,348,57]},"num_concepts_raised":102838},{"base_id":275,"kind":"top_words","i1":1,"i2":6,"sol":{"path":["/c/en/reserve","/c/en/government","/c/en/governor"],"weight":0.20700000000000002,"degrees":[702,2046,561]},"num_concepts_raised":1010},{"base_id":275,"kind":"top_words","i1":1,"i2":7,"sol":{"path":["/c/en/reserve","/c/en/book","/c/en/slang","/c/en/bot"],"weight":0.21451999999999793,"degrees":[702,3239,16318,108]},"num_concepts_raised":138154},{"base_id":275,"kind":"top_words","i1":1,"i2":8,"sol":{"path":["/c/en/reserve","/c/en/hold","/c/en/hole","/c/en/rabbits"],"weight":0.21208999999999817,"degrees":[702,2017,1499,26]},"num_concepts_raised":94679},{"base_id":275,"kind":"top_words","i1":1,"i2":9,"sol":{"path":["/c/en/reserve","/c/en/federal_reserve","/c/en/fed"],"weight":0.203,"degrees":[702,17,88]},"num_concepts_raised":662},{"base_id":275,"kind":"top_words","i1":2,"i2":3,"sol":{"path":["/c/en/blinder","/c/en/british","/c/en/historical","/c/en/alan"],"weight":0.20869999999999977,"degrees":[40,3452,8415,98]},"num_concepts_raised":32140},{"base_id":275,"kind":"top_words","i1":2,"i2":4,"sol":{"path":["/c/en/blinder","/c/en/blind","/c/en/hide","/c/en/island","/c/en/halmahera"],"weight":0.2103399999999998,"degrees":[40,1017,1620,1660,59]},"num_concepts_raised":24237},{"base_id":275,"kind":"top_words","i1":2,"i2":5,"sol":{"path":["/c/en/blinder","/c/en/british","/c/en/busker","/c/en/busk"],"weight":0.20418999999999982,"degrees":[40,3452,44,57]},"num_concepts_raised":37026},{"base_id":275,"kind":"top_words","i1":2,"i2":6,"sol":{"path":["/c/en/blinder","/c/en/british","/c/en/governor_general","/c/en/governor"],"weight":0.22357999999999928,"degrees":[40,3452,122,561]},"num_concepts_raised":69926},{"base_id":275,"kind":"top_words","i1":2,"i2":7,"sol":{"path":["/c/en/blinder","/c/en/british","/c/en/bot"],"weight":0.202,"degrees":[40,3452,108]},"num_concepts_raised":118},{"base_id":275,"kind":"top_words","i1":2,"i2":8,"sol":{"path":["/c/en/blinder","/c/en/british","/c/en/rabbit","/c/en/rabbits"],"weight":0.20502999999999982,"degrees":[40,3452,1102,26]},"num_concepts_raised":27787},{"base_id":275,"kind":"top_words","i1":2,"i2":9,"sol":{"path":["/c/en/blinder","/c/en/slang","/c/en/fed"],"weight":0.202,"degrees":[40,16318,88]},"num_concepts_raised":111},{"base_id":275,"kind":"top_words","i1":3,"i2":4,"sol":{"path":["/c/en/alan","/c/en/al","/c/en/als","/c/en/island","/c/en/halmahera"],"weight":0.21596999999999972,"degrees":[98,153,49,1660,59]},"num_concepts_raised":12033},{"base_id":275,"kind":"top_words","i1":3,"i2":5,"sol":{"path":["/c/en/alan","/c/en/historical","/c/en/corset","/c/en/busk"],"weight":0.20891999999999977,"degrees":[98,8415,218,57]},"num_concepts_raised":25452},{"base_id":275,"kind":"top_words","i1":3,"i2":6,"sol":{"path":["/c/en/alan","/c/en/historical","/c/sw/liwali","/c/en/governor"],"weight":0.2272799999999992,"degrees":[98,8415,8,561]},"num_concepts_raised":58267},{"base_id":275,"kind":"top_words","i1":3,"i2":7,"sol":{"path":["/c/en/alan","/c/en/historical","/c/en/computer","/c/en/bot"],"weight":0.2094599999999996,"degrees":[98,8415,2068,108]},"num_concepts_raised":63019},{"base_id":275,"kind":"top_words","i1":3,"i2":8,"sol":{"path":["/c/en/alan","/c/en/historical","/c/en/forest","/c/en/rabbits"],"weight":0.20856999999999978,"degrees":[98,8415,1500,26]},"num_concepts_raised":15852},{"base_id":275,"kind":"top_words","i1":3,"i2":9,"sol":{"path":["/c/en/alan","/c/en/al","/c/en/us","/c/en/fed"],"weight":0.21132999999999963,"degrees":[98,153,8154,88]},"num_concepts_raised":59541},{"base_id":275,"kind":"top_words","i1":4,"i2":5,"sol":{"path":["/c/en/halmahera","/c/en/indonesia","/c/en/go","/c/en/busk"],"weight":0.20849999999999977,"degrees":[59,549,2637,57]},"num_concepts_raised":17459},{"base_id":275,"kind":"top_words","i1":4,"i2":6,"sol":{"path":["/c/en/halmahera","/c/en/island","/c/en/government","/c/en/governor"],"weight":0.22700999999999924,"degrees":[59,1660,2046,561]},"num_concepts_raised":50945},{"base_id":275,"kind":"top_words","i1":4,"i2":7,"sol":{"path":["/c/en/halmahera","/c/en/island","/c/en/australia","/c/en/bot"],"weight":0.20892999999999962,"degrees":[59,1660,2690,108]},"num_concepts_raised":55366},{"base_id":275,"kind":"top_words","i1":4,"i2":8,"sol":{"path":["/c/en/halmahera","/c/en/island","/c/en/australia","/c/en/rabbit","/c/en/rabbits"],"weight":0.21029999999999982,"degrees":[59,1660,2690,1102,26]},"num_concepts_raised":7671},{"base_id":275,"kind":"top_words","i1":4,"i2":9,"sol":{"path":["/c/en/halmahera","/c/en/island","/c/en/government","/c/en/federal","/c/en/fed"],"weight":0.20990999999999968,"degrees":[59,1660,2046,222,88]},"num_concepts_raised":52133},{"base_id":275,"kind":"top_words","i1":5,"i2":6,"sol":{"path":["/c/en/busk","/c/en/nautical","/c/en/governor"],"weight":0.20600000000000002,"degrees":[57,5204,561]},"num_concepts_raised":469},{"base_id":275,"kind":"top_words","i1":5,"i2":7,"sol":{"path":["/c/en/busk","/c/en/busker","/c/en/australia","/c/en/bot"],"weight":0.20484999999999964,"degrees":[57,44,2690,108]},"num_concepts_raised":67854},{"base_id":275,"kind":"top_words","i1":5,"i2":8,"sol":{"path":["/c/en/busk","/c/en/creek","/c/en/forest","/c/en/rabbits"],"weight":0.20305999999999985,"degrees":[57,235,1500,26]},"num_concepts_raised":21059},{"base_id":275,"kind":"top_words","i1":5,"i2":9,"sol":{"path":["/c/en/busk","/c/en/corn","/c/en/feed","/c/en/fed"],"weight":0.20577999999999969,"degrees":[57,1203,1014,88]},"num_concepts_raised":64605},{"base_id":275,"kind":"top_words","i1":6,"i2":7,"sol":{"path":["/c/en/governor","/c/en/machine","/c/en/bot"],"weight":0.20600000000000002,"degrees":[561,1685,108]},"num_concepts_raised":508},{"base_id":275,"kind":"top_words","i1":6,"i2":8,"sol":{"path":["/c/en/governor","/c/en/hunt","/c/en/rabbit","/c/en/rabbits"],"weight":0.2211899999999993,"degrees":[561,841,1102,26]},"num_concepts_raised":54519},{"base_id":275,"kind":"top_words","i1":6,"i2":9,"sol":{"path":["/c/en/governor","/c/en/person","/c/en/fed"],"weight":0.20600000000000002,"degrees":[561,12935,88]},"num_concepts_raised":500},{"base_id":275,"kind":"top_words","i1":7,"i2":8,"sol":{"path":["/c/en/bot","/c/en/mammal","/c/en/rabbit","/c/en/rabbits"],"weight":0.20570999999999967,"degrees":[108,2187,1102,26]},"num_concepts_raised":58664},{"base_id":275,"kind":"top_words","i1":7,"i2":9,"sol":{"path":["/c/en/bot","/c/en/slang","/c/en/fed"],"weight":0.202,"degrees":[108,16318,88]},"num_concepts_raised":161},{"base_id":275,"kind":"top_words","i1":8,"i2":9,"sol":{"path":["/c/en/rabbits","/c/en/rabbit","/c/en/us","/c/en/fed"],"weight":0.20566999999999971,"degrees":[26,1102,8154,88]},"num_concepts_raised":55464}]]