[[{"base_id":357,"kind":"bot_words","i1":0,"i2":1,"sol":{"path":["/c/en/diastole","/c/en/filling","/c/en/hole","/c/en/skylight"],"weight":0.2051699999999998,"degrees":[78,397,1499,174]},"num_concepts_raised":41780},{"base_id":357,"kind":"bot_words","i1":0,"i2":2,"sol":{"path":["/c/en/diastole","/c/fr/médecine","/c/en/haemorrhage"],"weight":0.203,"degrees":[78,9990,74]},"num_concepts_raised":127},{"base_id":357,"kind":"bot_words","i1":0,"i2":3,"sol":{"path":["/c/en/diastole","/c/en/filling","/c/en/oreo"],"weight":0.20400000000000001,"degrees":[78,397,63]},"num_concepts_raised":111},{"base_id":357,"kind":"bot_words","i1":0,"i2":4,"sol":{"path":["/c/en/diastole","/c/en/mark","/c/en/fish","/c/en/poeciliidae"],"weight":0.20870999999999978,"degrees":[78,1876,4424,49]},"num_concepts_raised":27955},{"base_id":357,"kind":"bot_words","i1":0,"i2":5,"sol":{"path":["/c/en/diastole","/c/en/mark","/c/en/record","/c/en/itinerary"],"weight":0.20449999999999982,"degrees":[78,1876,1856,109]},"num_concepts_raised":31486},{"base_id":357,"kind":"bot_words","i1":0,"i2":6,"sol":{"path":["/c/en/diastole","/c/en/mark","/c/en/crown","/c/en/erato"],"weight":0.20930999999999966,"degrees":[78,1876,1373,93]},"num_concepts_raised":34903},{"base_id":357,"kind":"bot_words","i1":0,"i2":7,"sol":{"path":["/c/en/diastole","/c/en/grammar","/c/en/verbal"],"weight":0.20500000000000002,"degrees":[78,6397,288]},"num_concepts_raised":308},{"base_id":357,"kind":"bot_words","i1":0,"i2":8,"sol":{"path":["/c/en/diastole","/c/en/grammar","/c/en/island","/c/en/colonsay"],"weight":0.2083899999999998,"degrees":[78,6397,1660,28]},"num_concepts_raised":27262},{"base_id":357,"kind":"bot_words","i1":0,"i2":9,"sol":{"path":["/c/en/diastole","/c/en/grammar","/c/en/dictionary","/c/en/alphabetical"],"weight":0.20453999999999994,"degrees":[78,6397,1003,107]},"num_concepts_raised":30781},{"base_id":357,"kind":"bot_words","i1":1,"i2":2,"sol":{"path":["/c/en/skylight","/c/en/roof","/c/en/blade","/c/en/bleed","/c/en/haemorrhage"],"weight":0.2072999999999997,"degrees":[174,1131,974,365,74]},"num_concepts_raised":36354},{"base_id":357,"kind":"bot_words","i1":1,"i2":3,"sol":{"path":["/c/en/skylight","/c/en/dome","/c/en/slang","/c/en/oreo"],"weight":0.21031999999999987,"degrees":[174,427,16318,63]},"num_concepts_raised":40863},{"base_id":357,"kind":"bot_words","i1":1,"i2":4,"sol":{"path":["/c/en/skylight","/c/en/roof","/c/en/water","/c/en/fish","/c/en/poeciliidae"],"weight":0.2111699999999998,"degrees":[174,1131,4606,4424,49]},"num_concepts_raised":21746},{"base_id":357,"kind":"bot_words","i1":1,"i2":5,"sol":{"path":["/c/en/skylight","/c/en/roof","/c/en/plan","/c/en/itinerary"],"weight":0.20683999999999986,"degrees":[174,1131,1278,109]},"num_concepts_raised":25280},{"base_id":357,"kind":"bot_words","i1":1,"i2":6,"sol":{"path":["/c/en/skylight","/c/en/roof","/c/en/astronomy","/c/en/erato"],"weight":0.2116799999999997,"degrees":[174,1131,4553,93]},"num_concepts_raised":28584},{"base_id":357,"kind":"bot_words","i1":1,"i2":7,"sol":{"path":["/c/en/skylight","/c/en/earth","/c/en/word","/c/en/verbal"],"weight":0.21305999999999933,"degrees":[174,2336,2436,288]},"num_concepts_raised":42565},{"base_id":357,"kind":"bot_words","i1":1,"i2":8,"sol":{"path":["/c/en/skylight","/c/en/roof","/c/en/water","/c/en/island","/c/en/colonsay"],"weight":0.21090999999999982,"degrees":[174,1131,4606,1660,28]},"num_concepts_raised":21085},{"base_id":357,"kind":"bot_words","i1":1,"i2":9,"sol":{"path":["/c/en/skylight","/c/en/roof","/c/en/a","/c/en/alphabetic","/c/en/alphabetical"],"weight":0.20830999999999997,"degrees":[174,1131,1436,73,107]},"num_concepts_raised":24676},{"base_id":357,"kind":"bot_words","i1":2,"i2":3,"sol":{"path":["/c/en/haemorrhage","/c/en/bleeding","/c/en/slang","/c/en/oreo"],"weight":0.20918999999999977,"degrees":[74,312,16318,63]},"num_concepts_raised":41901},{"base_id":357,"kind":"bot_words","i1":2,"i2":4,"sol":{"path":["/c/en/haemorrhage","/c/en/bleed","/c/en/run","/c/en/fish","/c/en/poeciliidae"],"weight":0.2095599999999997,"degrees":[74,365,2730,4424,49]},"num_concepts_raised":22308},{"base_id":357,"kind":"bot_words","i1":2,"i2":5,"sol":{"path":["/c/en/haemorrhage","/c/en/pathology","/c/en/path","/c/en/itinerary"],"weight":0.20450999999999975,"degrees":[74,5554,1174,109]},"num_concepts_raised":25998},{"base_id":357,"kind":"bot_words","i1":2,"i2":6,"sol":{"path":["/c/en/haemorrhage","/c/fr/médecine","/c/fr/art","/c/fr/érato","/c/en/erato"],"weight":0.21198999999999957,"degrees":[74,9990,615,8,93]},"num_concepts_raised":29468},{"base_id":357,"kind":"bot_words","i1":2,"i2":7,"sol":{"path":["/c/en/haemorrhage","/c/en/pathology","/c/en/non_verbal","/c/en/verbal"],"weight":0.21333999999999922,"degrees":[74,5554,43,288]},"num_concepts_raised":43460},{"base_id":357,"kind":"bot_words","i1":2,"i2":8,"sol":{"path":["/c/en/haemorrhage","/c/fr/médecine","/c/en/circle","/c/en/island","/c/en/colonsay"],"weight":0.2091799999999997,"degrees":[74,9990,1376,1660,28]},"num_concepts_raised":21617},{"base_id":357,"kind":"bot_words","i1":2,"i2":9,"sol":{"path":["/c/en/haemorrhage","/c/en/bleed","/c/en/paper","/c/en/letter","/c/en/alphabetical"],"weight":0.20653999999999986,"degrees":[74,365,2080,2043,107]},"num_concepts_raised":25335},{"base_id":357,"kind":"bot_words","i1":3,"i2":4,"sol":{"path":["/c/en/oreo","/c/en/slang","/c/en/fish","/c/en/poeciliidae"],"weight":0.21366999999999986,"degrees":[63,16318,4424,49]},"num_concepts_raised":27299},{"base_id":357,"kind":"bot_words","i1":3,"i2":5,"sol":{"path":["/c/en/oreo","/c/en/slang","/c/nl/weg","/c/en/itinerary"],"weight":0.20939999999999992,"degrees":[63,16318,150,109]},"num_concepts_raised":30910},{"base_id":357,"kind":"bot_words","i1":3,"i2":6,"sol":{"path":["/c/en/oreo","/c/en/slang","/c/en/golden","/c/en/erato"],"weight":0.21420999999999973,"degrees":[63,16318,454,93]},"num_concepts_raised":34400},{"base_id":357,"kind":"bot_words","i1":3,"i2":7,"sol":{"path":["/c/en/oreo","/c/en/cookie","/c/en/text","/c/en/verbal"],"weight":0.21850999999999937,"degrees":[63,413,1051,288]},"num_concepts_raised":46939},{"base_id":357,"kind":"bot_words","i1":3,"i2":8,"sol":{"path":["/c/en/oreo","/c/en/cookie","/c/en/palm","/c/en/island","/c/en/colonsay"],"weight":0.21546999999999983,"degrees":[63,413,797,1660,28]},"num_concepts_raised":26694},{"base_id":357,"kind":"bot_words","i1":3,"i2":9,"sol":{"path":["/c/en/oreo","/c/en/us","/c/en/letter","/c/en/alphabetical"],"weight":0.2106,"degrees":[63,8154,2043,107]},"num_concepts_raised":30284},{"base_id":357,"kind":"bot_words","i1":4,"i2":5,"sol":{"path":["/c/en/poeciliidae","/c/en/fish","/c/en/run","/c/en/route","/c/en/itinerary"],"weight":0.21053999999999984,"degrees":[49,4424,2730,587,109]},"num_concepts_raised":11403},{"base_id":357,"kind":"bot_words","i1":4,"i2":6,"sol":{"path":["/c/en/poeciliidae","/c/en/fish","/c/en/astronomy","/c/en/erato"],"weight":0.21389999999999967,"degrees":[49,4424,4553,93]},"num_concepts_raised":14807},{"base_id":357,"kind":"bot_words","i1":4,"i2":7,"sol":{"path":["/c/en/poeciliidae","/c/en/fish","/c/en/musical_artist","/c/en/verbal"],"weight":0.21606999999999932,"degrees":[49,4424,462,288]},"num_concepts_raised":28919},{"base_id":357,"kind":"bot_words","i1":4,"i2":8,"sol":{"path":["/c/en/poeciliidae","/c/en/fish","/c/en/island","/c/en/colonsay"],"weight":0.2130699999999998,"degrees":[49,4424,1660,28]},"num_concepts_raised":6963},{"base_id":357,"kind":"bot_words","i1":4,"i2":9,"sol":{"path":["/c/en/poeciliidae","/c/en/fish","/c/en/line","/c/en/letter","/c/en/alphabetical"],"weight":0.21034999999999995,"degrees":[49,4424,3018,2043,107]},"num_concepts_raised":10691},{"base_id":357,"kind":"bot_words","i1":5,"i2":6,"sol":{"path":["/c/en/itinerary","/c/en/route","/c/en/road","/c/en/crown","/c/en/erato"],"weight":0.21124999999999972,"degrees":[109,587,1871,1373,93]},"num_concepts_raised":18479},{"base_id":357,"kind":"bot_words","i1":5,"i2":7,"sol":{"path":["/c/en/itinerary","/c/en/record","/c/it/verbale","/c/en/verbal"],"weight":0.21393999999999935,"degrees":[109,1856,15,288]},"num_concepts_raised":32356},{"base_id":357,"kind":"bot_words","i1":5,"i2":8,"sol":{"path":["/c/en/itinerary","/c/en/route","/c/en/tangible_thing","/c/en/island","/c/en/colonsay"],"weight":0.21024999999999983,"degrees":[109,587,1925,1660,28]},"num_concepts_raised":10708},{"base_id":357,"kind":"bot_words","i1":5,"i2":9,"sol":{"path":["/c/en/itinerary","/c/en/path","/c/en/sequence","/c/en/alphabetical"],"weight":0.20523999999999998,"degrees":[109,1174,807,107]},"num_concepts_raised":14277},{"base_id":357,"kind":"bot_words","i1":6,"i2":7,"sol":{"path":["/c/en/erato","/c/en/lyric","/c/en/word","/c/en/verbal"],"weight":0.21702999999999922,"degrees":[93,197,2436,288]},"num_concepts_raised":35905},{"base_id":357,"kind":"bot_words","i1":6,"i2":8,"sol":{"path":["/c/en/erato","/c/en/greek_god","/c/en/calypso","/c/en/island","/c/en/colonsay"],"weight":0.21370999999999968,"degrees":[93,683,192,1660,28]},"num_concepts_raised":14135},{"base_id":357,"kind":"bot_words","i1":6,"i2":9,"sol":{"path":["/c/en/erato","/c/en/crown","/c/en/symbol","/c/en/letter","/c/en/alphabetical"],"weight":0.21097999999999983,"degrees":[93,1373,916,2043,107]},"num_concepts_raised":17805},{"base_id":357,"kind":"bot_words","i1":7,"i2":8,"sol":{"path":["/c/en/verbal","/c/en/grammar","/c/en/island","/c/en/colonsay"],"weight":0.21825999999999932,"degrees":[288,6397,1660,28]},"num_concepts_raised":28234},{"base_id":357,"kind":"bot_words","i1":7,"i2":9,"sol":{"path":["/c/en/verbal","/c/en/literal","/c/en/alphabetical"],"weight":0.20400000000000001,"degrees":[288,240,107]},"num_concepts_raised":324},{"base_id":357,"kind":"bot_words","i1":8,"i2":9,"sol":{"path":["/c/en/colonsay","/c/en/island","/c/en/type","/c/en/letter","/c/en/alphabetical"],"weight":0.21005999999999997,"degrees":[28,1660,1591,2043,107]},"num_concepts_raised":10018}],[{"base_id":357,"kind":"top_words","i1":0,"i2":1,"sol":{"path":["/c/en/amanita","/c/en/fungus","/c/en/montreal","/c/en/city","/c/en/tuzla"],"weight":0.21532000000000012,"degrees":[122,1236,204,3758,89]},"num_concepts_raised":6792},{"base_id":357,"kind":"top_words","i1":0,"i2":2,"sol":{"path":["/c/en/amanita","/c/en/fungus","/c/en/shower","/c/en/descent","/c/en/pentecost"],"weight":0.2160199999999996,"degrees":[122,1236,817,629,174]},"num_concepts_raised":8704},{"base_id":357,"kind":"top_words","i1":0,"i2":3,"sol":{"path":["/c/en/amanita","/c/en/fungus","/c/en/dark","/c/en/pale","/c/en/srebrenica"],"weight":0.20912999999999987,"degrees":[122,1236,1488,711,28]},"num_concepts_raised":4866},{"base_id":357,"kind":"top_words","i1":0,"i2":4,"sol":{"path":["/c/en/amanita","/c/en/fungus","/c/en/food","/c/en/mutton","/c/en/mouton"],"weight":0.20934999999999981,"degrees":[122,1236,4281,209,31]},"num_concepts_raised":6372},{"base_id":357,"kind":"top_words","i1":0,"i2":5,"sol":{"path":["/c/en/amanita","/c/en/amatoxin","/c/en/toxic","/c/en/radiation","/c/en/candela"],"weight":0.21211999999999998,"degrees":[122,14,498,580,94]},"num_concepts_raised":15044},{"base_id":357,"kind":"top_words","i1":0,"i2":6,"sol":{"path":["/c/en/amanita","/c/en/fungus","/c/en/cap"],"weight":0.20600000000000002,"degrees":[122,1236,807]},"num_concepts_raised":733},{"base_id":357,"kind":"top_words","i1":0,"i2":7,"sol":{"path":["/c/en/amanita","/c/en/fungus","/c/en/food","/c/en/party","/c/en/fete"],"weight":0.21090999999999982,"degrees":[122,1236,4281,2057,58]},"num_concepts_raised":9243},{"base_id":357,"kind":"top_words","i1":0,"i2":8,"sol":{"path":["/c/en/amanita","/c/en/amatoxin","/c/en/poison","/c/en/leaf","/c/en/peduncle"],"weight":0.21186999999999973,"degrees":[122,14,1269,2158,94]},"num_concepts_raised":35351},{"base_id":357,"kind":"top_words","i1":0,"i2":9,"sol":{"path":["/c/en/amanita","/c/en/mushroom","/c/en/gather","/c/en/shell","/c/en/shelled"],"weight":0.20946999999999988,"degrees":[122,1026,1201,1513,42]},"num_concepts_raised":24955},{"base_id":357,"kind":"top_words","i1":1,"i2":2,"sol":{"path":["/c/en/tuzla","/c/en/city","/c/en/temple","/c/en/pentecost"],"weight":0.21573999999999985,"degrees":[89,3758,1126,174]},"num_concepts_raised":9713},{"base_id":357,"kind":"top_words","i1":1,"i2":3,"sol":{"path":["/c/en/tuzla","/c/en/bosnia_and_herzegovina","/c/en/republika_srpska","/c/en/srebrenica"],"weight":0.21093000000000012,"degrees":[89,316,88,28]},"num_concepts_raised":5855},{"base_id":357,"kind":"top_words","i1":1,"i2":4,"sol":{"path":["/c/en/tuzla","/c/en/city","/c/en/farm","/c/en/sheep","/c/en/mouton"],"weight":0.2090300000000001,"degrees":[89,3758,1479,1597,31]},"num_concepts_raised":7409},{"base_id":357,"kind":"top_words","i1":1,"i2":5,"sol":{"path":["/c/en/tuzla","/c/en/city","/c/en/dark","/c/en/candle","/c/en/candela"],"weight":0.21134000000000025,"degrees":[89,3758,1488,766,94]},"num_concepts_raised":16082},{"base_id":357,"kind":"top_words","i1":1,"i2":6,"sol":{"path":["/c/en/tuzla","/c/en/city","/c/en/capital","/c/en/cap"],"weight":0.22737999999999894,"degrees":[89,3758,1518,807]},"num_concepts_raised":119958},{"base_id":357,"kind":"top_words","i1":1,"i2":7,"sol":{"path":["/c/en/tuzla","/c/en/city","/c/en/lots","/c/en/party","/c/en/fete"],"weight":0.2106200000000001,"degrees":[89,3758,145,2057,58]},"num_concepts_raised":10239},{"base_id":357,"kind":"top_words","i1":1,"i2":8,"sol":{"path":["/c/en/tuzla","/c/en/city","/c/en/apple","/c/en/stalk","/c/en/peduncle"],"weight":0.21074000000000004,"degrees":[89,3758,1553,581,94]},"num_concepts_raised":36453},{"base_id":357,"kind":"top_words","i1":1,"i2":9,"sol":{"path":["/c/en/tuzla","/c/en/rug","/c/en/slang","/c/en/shelled"],"weight":0.20902000000000015,"degrees":[89,478,16318,42]},"num_concepts_raised":25948},{"base_id":357,"kind":"top_words","i1":2,"i2":3,"sol":{"path":["/c/en/pentecost","/c/en/whitsunday","/c/en/white","/c/en/pale","/c/en/srebrenica"],"weight":0.2137399999999996,"degrees":[174,37,2081,711,28]},"num_concepts_raised":7808},{"base_id":357,"kind":"top_words","i1":2,"i2":4,"sol":{"path":["/c/en/pentecost","/c/en/whitsunday","/c/en/white","/c/en/sheep","/c/en/mouton"],"weight":0.21389999999999953,"degrees":[174,37,2081,1597,31]},"num_concepts_raised":9325},{"base_id":357,"kind":"top_words","i1":2,"i2":5,"sol":{"path":["/c/en/pentecost","/c/fr/pentecôte","/c/fr/don","/c/fr/physique","/c/en/candela"],"weight":0.2130299999999997,"degrees":[174,46,343,6029,94]},"num_concepts_raised":17971},{"base_id":357,"kind":"top_words","i1":2,"i2":6,"sol":{"path":["/c/en/pentecost","/c/en/apostle","/c/en/slang","/c/en/cap"],"weight":0.22614999999999838,"degrees":[174,340,16318,807]},"num_concepts_raised":121896},{"base_id":357,"kind":"top_words","i1":2,"i2":7,"sol":{"path":["/c/en/pentecost","/c/en/festival","/c/en/fete"],"weight":0.20400000000000001,"degrees":[174,792,58]},"num_concepts_raised":186},{"base_id":357,"kind":"top_words","i1":2,"i2":8,"sol":{"path":["/c/en/pentecost","/c/en/temple","/c/en/anatomy","/c/en/peduncle"],"weight":0.21036999999999945,"degrees":[174,1126,12775,94]},"num_concepts_raised":38306},{"base_id":357,"kind":"top_words","i1":2,"i2":9,"sol":{"path":["/c/en/pentecost","/c/en/apostle","/c/en/slang","/c/en/shelled"],"weight":0.20980999999999958,"degrees":[174,340,16318,42]},"num_concepts_raised":27807},{"base_id":357,"kind":"top_words","i1":3,"i2":4,"sol":{"path":["/c/en/srebrenica","/c/en/ethnic_cleansing","/c/en/group","/c/en/sheep","/c/en/mouton"],"weight":0.2028499999999998,"degrees":[28,102,2339,1597,31]},"num_concepts_raised":5503},{"base_id":357,"kind":"top_words","i1":3,"i2":5,"sol":{"path":["/c/en/srebrenica","/c/en/pale","/c/en/light","/c/en/candle","/c/en/candela"],"weight":0.20528999999999997,"degrees":[28,711,4288,766,94]},"num_concepts_raised":14164},{"base_id":357,"kind":"top_words","i1":3,"i2":6,"sol":{"path":["/c/en/srebrenica","/c/en/pale","/c/en/limit","/c/en/cap"],"weight":0.22096999999999867,"degrees":[28,711,1188,807]},"num_concepts_raised":118419},{"base_id":357,"kind":"top_words","i1":3,"i2":7,"sol":{"path":["/c/en/srebrenica","/c/en/massacre","/c/en/defeat","/c/en/fete"],"weight":0.20303999999999983,"degrees":[28,434,957,58]},"num_concepts_raised":8340},{"base_id":357,"kind":"top_words","i1":3,"i2":8,"sol":{"path":["/c/en/srebrenica","/c/en/pale","/c/en/etiolation","/c/en/botany","/c/en/peduncle"],"weight":0.20364999999999978,"degrees":[28,711,34,6881,94]},"num_concepts_raised":34545},{"base_id":357,"kind":"top_words","i1":3,"i2":9,"sol":{"path":["/c/en/srebrenica","/c/en/vietnam","/c/en/country","/c/en/race","/c/en/shelled"],"weight":0.20390999999999987,"degrees":[28,426,2796,1372,42]},"num_concepts_raised":24078},{"base_id":357,"kind":"top_words","i1":4,"i2":5,"sol":{"path":["/c/en/mouton","/c/fr/mouton","/c/fr/commune","/c/fr/candela","/c/en/candela"],"weight":0.20543999999999993,"degrees":[31,567,68932,137,94]},"num_concepts_raised":15684},{"base_id":357,"kind":"top_words","i1":4,"i2":6,"sol":{"path":["/c/en/mouton","/c/en/mutton","/c/en/slang","/c/en/cap"],"weight":0.21939999999999862,"degrees":[31,209,16318,807]},"num_concepts_raised":119704},{"base_id":357,"kind":"top_words","i1":4,"i2":7,"sol":{"path":["/c/en/mouton","/c/fr/mouton","/c/fr/tondaille","/c/fr/fête","/c/en/fete"],"weight":0.20552999999999977,"degrees":[31,567,6,630,58]},"num_concepts_raised":9842},{"base_id":357,"kind":"top_words","i1":4,"i2":8,"sol":{"path":["/c/en/mouton","/c/en/sheep","/c/en/foot_rot","/c/en/stalk","/c/en/peduncle"],"weight":0.2047299999999997,"degrees":[31,1597,22,581,94]},"num_concepts_raised":36013},{"base_id":357,"kind":"top_words","i1":4,"i2":9,"sol":{"path":["/c/en/mouton","/c/en/mutton","/c/en/slang","/c/en/shelled"],"weight":0.20305999999999982,"degrees":[31,209,16318,42]},"num_concepts_raised":25458},{"base_id":357,"kind":"top_words","i1":5,"i2":6,"sol":{"path":["/c/en/candela","/c/en/intensity","/c/en/top","/c/en/cap"],"weight":0.22077999999999876,"degrees":[94,353,1498,807]},"num_concepts_raised":126729},{"base_id":357,"kind":"top_words","i1":5,"i2":7,"sol":{"path":["/c/en/candela","/c/en/frequency","/c/en/often","/c/en/fete"],"weight":0.20406999999999995,"degrees":[94,660,637,58]},"num_concepts_raised":18498},{"base_id":357,"kind":"top_words","i1":5,"i2":8,"sol":{"path":["/c/en/candela","/c/en/lumen","/c/en/botany","/c/en/peduncle"],"weight":0.20469999999999985,"degrees":[94,187,6881,94]},"num_concepts_raised":44636},{"base_id":357,"kind":"top_words","i1":5,"i2":9,"sol":{"path":["/c/en/candela","/c/en/candle","/c/en/egg","/c/en/shelled"],"weight":0.20542,"degrees":[94,766,1565,42]},"num_concepts_raised":34078},{"base_id":357,"kind":"top_words","i1":6,"i2":7,"sol":{"path":["/c/en/cap","/c/en/slang","/c/en/party","/c/en/fete"],"weight":0.22100999999999865,"degrees":[807,16318,2057,58]},"num_concepts_raised":122236},{"base_id":357,"kind":"top_words","i1":6,"i2":8,"sol":{"path":["/c/en/cap","/c/en/zoology","/c/en/peduncle"],"weight":0.20400000000000001,"degrees":[807,8127,94]},"num_concepts_raised":723},{"base_id":357,"kind":"top_words","i1":6,"i2":9,"sol":{"path":["/c/en/cap","/c/en/slang","/c/en/shelled"],"weight":0.20500000000000002,"degrees":[807,16318,42]},"num_concepts_raised":680},{"base_id":357,"kind":"top_words","i1":7,"i2":8,"sol":{"path":["/c/en/fete","/c/fr/fête","/c/fr/partie","/c/fr/pédoncule","/c/en/peduncle"],"weight":0.2073599999999997,"degrees":[58,630,2399,86,94]},"num_concepts_raised":38865},{"base_id":357,"kind":"top_words","i1":7,"i2":9,"sol":{"path":["/c/en/fete","/c/en/party","/c/en/slang","/c/en/shelled"],"weight":0.20465999999999984,"degrees":[58,2057,16318,42]},"num_concepts_raised":28266},{"base_id":357,"kind":"top_words","i1":8,"i2":9,"sol":{"path":["/c/en/peduncle","/c/en/botany","/c/en/shell","/c/en/shelled"],"weight":0.20392999999999975,"degrees":[94,6881,1513,42]},"num_concepts_raised":54088}]]