[[{"base_id":526,"kind":"bot_words","i1":0,"i2":1,"sol":{"path":["/c/en/alderman","/c/en/man","/c/en/person","/c/en/space","/c/en/asteroids"],"weight":0.20888999999999974,"degrees":[100,3068,12935,1852,33]},"num_concepts_raised":44215},{"base_id":526,"kind":"bot_words","i1":0,"i2":2,"sol":{"path":["/c/en/alderman","/c/en/slang","/c/en/porky"],"weight":0.202,"degrees":[100,16318,40]},"num_concepts_raised":116},{"base_id":526,"kind":"bot_words","i1":0,"i2":3,"sol":{"path":["/c/en/alderman","/c/en/historical","/c/en/crater","/c/en/brahms"],"weight":0.20870999999999978,"degrees":[100,8415,371,25]},"num_concepts_raised":50347},{"base_id":526,"kind":"bot_words","i1":0,"i2":4,"sol":{"path":["/c/en/alderman","/c/en/uk","/c/en/isis"],"weight":0.20600000000000002,"degrees":[100,5562,195]},"num_concepts_raised":225},{"base_id":526,"kind":"bot_words","i1":0,"i2":5,"sol":{"path":["/c/en/alderman","/c/en/value","/c/en/undervalue"],"weight":0.202,"degrees":[100,1699,80]},"num_concepts_raised":152},{"base_id":526,"kind":"bot_words","i1":0,"i2":6,"sol":{"path":["/c/en/alderman","/c/en/body","/c/en/turn","/c/en/strophe"],"weight":0.20396999999999982,"degrees":[100,3170,2413,58]},"num_concepts_raised":46555},{"base_id":526,"kind":"bot_words","i1":0,"i2":7,"sol":{"path":["/c/en/alderman","/c/en/body","/c/en/anatomy","/c/en/aortal","/c/en/aortic"],"weight":0.20496999999999987,"degrees":[100,3170,12775,22,30]},"num_concepts_raised":41324},{"base_id":526,"kind":"bot_words","i1":0,"i2":8,"sol":{"path":["/c/en/alderman","/c/en/slang","/c/en/soft","/c/en/quiet"],"weight":0.22157999999999828,"degrees":[100,16318,1227,1147]},"num_concepts_raised":120288},{"base_id":526,"kind":"bot_words","i1":0,"i2":9,"sol":{"path":["/c/en/alderman","/c/en/coin","/c/en/copper","/c/en/chalcocite"],"weight":0.2114399999999998,"degrees":[100,1336,1570,74]},"num_concepts_raised":48822},{"base_id":526,"kind":"bot_words","i1":1,"i2":2,"sol":{"path":["/c/en/asteroids","/c/en/space","/c/en/farm","/c/en/pig","/c/en/porky"],"weight":0.20807999999999982,"degrees":[33,1852,1479,1398,40]},"num_concepts_raised":24527},{"base_id":526,"kind":"bot_words","i1":1,"i2":3,"sol":{"path":["/c/en/asteroids","/c/en/space","/c/en/music","/c/en/brahms"],"weight":0.2128299999999998,"degrees":[33,1852,8822,25]},"num_concepts_raised":13180},{"base_id":526,"kind":"bot_words","i1":1,"i2":4,"sol":{"path":["/c/en/asteroids","/c/en/asteroid","/c/en/isis"],"weight":0.20800000000000002,"degrees":[33,485,195]},"num_concepts_raised":174},{"base_id":526,"kind":"bot_words","i1":1,"i2":5,"sol":{"path":["/c/en/asteroids","/c/en/space","/c/en/void","/c/en/value","/c/en/undervalue"],"weight":0.20849999999999969,"degrees":[33,1852,430,1699,80]},"num_concepts_raised":7682},{"base_id":526,"kind":"bot_words","i1":1,"i2":6,"sol":{"path":["/c/en/asteroids","/c/en/universe","/c/en/verse","/c/en/strophe"],"weight":0.20829999999999982,"degrees":[33,943,712,58]},"num_concepts_raised":9104},{"base_id":526,"kind":"bot_words","i1":1,"i2":7,"sol":{"path":["/c/en/asteroids","/c/en/space","/c/en/region","/c/en/anatomy","/c/en/aorta","/c/en/aortic"],"weight":0.21301819999999966,"degrees":[33,1852,1382,12775,243,30]},"num_concepts_raised":331038},{"base_id":526,"kind":"bot_words","i1":1,"i2":8,"sol":{"path":["/c/en/asteroids","/c/en/space","/c/en/silent","/c/en/quiet"],"weight":0.22707999999999823,"degrees":[33,1852,672,1147]},"num_concepts_raised":85789},{"base_id":526,"kind":"bot_words","i1":1,"i2":9,"sol":{"path":["/c/en/asteroids","/c/en/space","/c/en/tin","/c/en/mineral","/c/en/chalcocite"],"weight":0.21573999999999982,"degrees":[33,1852,1155,8530,74]},"num_concepts_raised":11322},{"base_id":526,"kind":"bot_words","i1":2,"i2":3,"sol":{"path":["/c/en/porky","/c/en/cockney_rhyming_slang","/c/en/brahms"],"weight":0.20400000000000001,"degrees":[40,149,25]},"num_concepts_raised":58},{"base_id":526,"kind":"bot_words","i1":2,"i2":4,"sol":{"path":["/c/en/porky","/c/en/slang","/c/en/family","/c/en/isis"],"weight":0.2145699999999998,"degrees":[40,16318,3166,195]},"num_concepts_raised":48436},{"base_id":526,"kind":"bot_words","i1":2,"i2":5,"sol":{"path":["/c/en/porky","/c/en/slang","/c/en/knock","/c/en/undervalue"],"weight":0.20340999999999976,"degrees":[40,16318,708,80]},"num_concepts_raised":25453},{"base_id":526,"kind":"bot_words","i1":2,"i2":6,"sol":{"path":["/c/en/porky","/c/es/verso","/c/en/verse","/c/en/strophe"],"weight":0.20333999999999985,"degrees":[40,33,712,58]},"num_concepts_raised":26904},{"base_id":526,"kind":"bot_words","i1":2,"i2":7,"sol":{"path":["/c/en/porky","/c/en/eye","/c/en/anatomy","/c/en/aortal","/c/en/aortic"],"weight":0.20417999999999994,"degrees":[40,2698,12775,22,30]},"num_concepts_raised":21512},{"base_id":526,"kind":"bot_words","i1":2,"i2":8,"sol":{"path":["/c/en/porky","/c/en/slang","/c/en/soft","/c/en/quiet"],"weight":0.2208199999999983,"degrees":[40,16318,1227,1147]},"num_concepts_raised":102517},{"base_id":526,"kind":"bot_words","i1":2,"i2":9,"sol":{"path":["/c/en/porky","/c/en/slang","/c/en/copper","/c/en/chalcocite"],"weight":0.21065999999999985,"degrees":[40,16318,1570,74]},"num_concepts_raised":29141},{"base_id":526,"kind":"bot_words","i1":3,"i2":4,"sol":{"path":["/c/en/brahms","/c/en/music","/c/en/family","/c/en/isis"],"weight":0.21935999999999978,"degrees":[25,8822,3166,195]},"num_concepts_raised":37926},{"base_id":526,"kind":"bot_words","i1":3,"i2":5,"sol":{"path":["/c/en/brahms","/c/en/music","/c/en/value","/c/en/undervalue"],"weight":0.20832999999999974,"degrees":[25,8822,1699,80]},"num_concepts_raised":14174},{"base_id":526,"kind":"bot_words","i1":3,"i2":6,"sol":{"path":["/c/en/brahms","/c/en/music","/c/fi/säkeistö","/c/en/strophe"],"weight":0.20922999999999986,"degrees":[25,8822,14,58]},"num_concepts_raised":15431},{"base_id":526,"kind":"bot_words","i1":3,"i2":7,"sol":{"path":["/c/en/brahms","/c/en/music","/c/en/chord","/c/en/anatomy","/c/en/aorta","/c/en/aortic"],"weight":0.21324179999999876,"degrees":[25,8822,558,12775,243,30]},"num_concepts_raised":517928},{"base_id":526,"kind":"bot_words","i1":3,"i2":8,"sol":{"path":["/c/en/brahms","/c/en/music","/c/en/quiet"],"weight":0.20400000000000001,"degrees":[25,8822,1147]},"num_concepts_raised":935},{"base_id":526,"kind":"bot_words","i1":3,"i2":9,"sol":{"path":["/c/en/brahms","/c/en/music","/c/en/metal","/c/en/mineral","/c/en/chalcocite"],"weight":0.21566999999999986,"degrees":[25,8822,2107,8530,74]},"num_concepts_raised":17706},{"base_id":526,"kind":"bot_words","i1":4,"i2":5,"sol":{"path":["/c/en/isis","/c/en/uk","/c/en/nether","/c/en/undervalue"],"weight":0.2148599999999997,"degrees":[195,5562,152,80]},"num_concepts_raised":32574},{"base_id":526,"kind":"bot_words","i1":4,"i2":6,"sol":{"path":["/c/en/isis","/c/en/family","/c/syc/ܒܝܬܐ","/c/en/strophe"],"weight":0.21474999999999983,"degrees":[195,3166,42,58]},"num_concepts_raised":33981},{"base_id":526,"kind":"bot_words","i1":4,"i2":7,"sol":{"path":["/c/en/isis","/c/en/academic_journal","/c/en/heart","/c/en/aortomitral","/c/en/aortic"],"weight":0.2143999999999999,"degrees":[195,47,1857,6,30]},"num_concepts_raised":28597},{"base_id":526,"kind":"bot_words","i1":4,"i2":8,"sol":{"path":["/c/en/isis","/c/en/astronomy","/c/en/quiet"],"weight":0.20600000000000002,"degrees":[195,4553,1147]},"num_concepts_raised":1055},{"base_id":526,"kind":"bot_words","i1":4,"i2":9,"sol":{"path":["/c/en/isis","/c/en/uk","/c/en/copper","/c/en/chalcocite"],"weight":0.2220799999999998,"degrees":[195,5562,1570,74]},"num_concepts_raised":36226},{"base_id":526,"kind":"bot_words","i1":5,"i2":6,"sol":{"path":["/c/en/undervalue","/c/en/value","/c/en/four","/c/en/stanza","/c/en/strophe"],"weight":0.20602999999999977,"degrees":[80,1699,1330,218,58]},"num_concepts_raised":10110},{"base_id":526,"kind":"bot_words","i1":5,"i2":7,"sol":{"path":["/c/en/undervalue","/c/en/underestimate","/c/fr/mésestimer","/c/fr/tenir","/c/fr/aortique","/c/en/aortic"],"weight":0.2116812999999998,"degrees":[80,177,89,1224,21,30]},"num_concepts_raised":340169},{"base_id":526,"kind":"bot_words","i1":5,"i2":8,"sol":{"path":["/c/en/undervalue","/c/en/knock","/c/en/sound","/c/en/quiet"],"weight":0.21914999999999824,"degrees":[80,708,3218,1147]},"num_concepts_raised":86854},{"base_id":526,"kind":"bot_words","i1":5,"i2":9,"sol":{"path":["/c/en/undervalue","/c/en/value","/c/en/tin","/c/en/mineral","/c/en/chalcocite"],"weight":0.21122999999999975,"degrees":[80,1699,1155,8530,74]},"num_concepts_raised":12274},{"base_id":526,"kind":"bot_words","i1":6,"i2":7,"sol":{"path":["/c/en/strophe","/c/en/stanza","/c/ja/こうせつ","/c/en/anatomy","/c/en/aorta","/c/en/aortic"],"weight":0.21353769999999994,"degrees":[58,218,78,12775,243,30]},"num_concepts_raised":493889},{"base_id":526,"kind":"bot_words","i1":6,"i2":8,"sol":{"path":["/c/en/strophe","/c/en/turn","/c/en/still","/c/en/quiet"],"weight":0.22008999999999834,"degrees":[58,2413,1030,1147]},"num_concepts_raised":87994},{"base_id":526,"kind":"bot_words","i1":6,"i2":9,"sol":{"path":["/c/en/strophe","/c/en/stanza","/c/en/element","/c/en/mineral","/c/en/chalcocite"],"weight":0.21333999999999986,"degrees":[58,218,1173,8530,74]},"num_concepts_raised":13772},{"base_id":526,"kind":"bot_words","i1":7,"i2":8,"sol":{"path":["/c/en/aortic","/c/en/aortal","/c/en/anatomy","/c/ga/féith","/c/en/quiet"],"weight":0.21814999999999843,"degrees":[30,22,12775,39,1147]},"num_concepts_raised":83293},{"base_id":526,"kind":"bot_words","i1":7,"i2":9,"sol":{"path":["/c/en/aortic","/c/en/pylangium","/c/en/trunk","/c/en/ore","/c/en/chalcocite"],"weight":0.20851999999999998,"degrees":[30,8,822,649,74]},"num_concepts_raised":8189},{"base_id":526,"kind":"bot_words","i1":8,"i2":9,"sol":{"path":["/c/en/quiet","/c/en/calm","/c/en/water","/c/en/mineral","/c/en/chalcocite"],"weight":0.23149999999999826,"degrees":[1147,1184,4606,8530,74]},"num_concepts_raised":90864}],[{"base_id":526,"kind":"top_words","i1":0,"i2":1,"sol":{"path":["/c/en/trance","/c/en/techno"],"weight":0.20600000000000002,"degrees":[188,173]},"num_concepts_raised":246},{"base_id":526,"kind":"top_words","i1":0,"i2":2,"sol":{"path":["/c/en/trance","/c/en/music","/c/en/dubstep"],"weight":0.20600000000000002,"degrees":[188,8822,86]},"num_concepts_raised":216},{"base_id":526,"kind":"top_words","i1":0,"i2":3,"sol":{"path":["/c/en/trance","/c/en/music_genre","/c/en/electronica"],"weight":0.20700000000000002,"degrees":[188,507,93]},"num_concepts_raised":232},{"base_id":526,"kind":"top_words","i1":0,"i2":4,"sol":{"path":["/c/en/trance","/c/en/music","/c/en/breakbeat"],"weight":0.20600000000000002,"degrees":[188,8822,48]},"num_concepts_raised":187},{"base_id":526,"kind":"top_words","i1":0,"i2":5,"sol":{"path":["/c/en/trance","/c/en/music","/c/en/downtempo"],"weight":0.20800000000000002,"degrees":[188,8822,50]},"num_concepts_raised":189},{"base_id":526,"kind":"top_words","i1":0,"i2":6,"sol":{"path":["/c/en/trance","/c/en/dance_music","/c/en/eurodance"],"weight":0.20600000000000002,"degrees":[188,177,72]},"num_concepts_raised":210},{"base_id":526,"kind":"top_words","i1":0,"i2":7,"sol":{"path":["/c/en/trance","/c/en/psytrance","/c/en/psychedelic"],"weight":0.20400000000000001,"degrees":[188,12,169]},"num_concepts_raised":279},{"base_id":526,"kind":"top_words","i1":0,"i2":8,"sol":{"path":["/c/en/trance","/c/en/music","/c/en/electro"],"weight":0.20600000000000002,"degrees":[188,8822,107]},"num_concepts_raised":225},{"base_id":526,"kind":"top_words","i1":0,"i2":9,"sol":{"path":["/c/en/trance","/c/en/hypnotic"],"weight":0.20800000000000002,"degrees":[188,217]},"num_concepts_raised":322},{"base_id":526,"kind":"top_words","i1":1,"i2":2,"sol":{"path":["/c/en/techno","/c/en/music_genre","/c/en/dubstep"],"weight":0.20700000000000002,"degrees":[173,507,86]},"num_concepts_raised":177},{"base_id":526,"kind":"top_words","i1":1,"i2":3,"sol":{"path":["/c/en/techno","/c/en/music_genre","/c/en/electronica"],"weight":0.20800000000000002,"degrees":[173,507,93]},"num_concepts_raised":192},{"base_id":526,"kind":"top_words","i1":1,"i2":4,"sol":{"path":["/c/en/techno","/c/en/music_genre","/c/en/breakbeat"],"weight":0.20700000000000002,"degrees":[173,507,48]},"num_concepts_raised":146},{"base_id":526,"kind":"top_words","i1":1,"i2":5,"sol":{"path":["/c/en/techno","/c/en/music","/c/en/downtempo"],"weight":0.20800000000000002,"degrees":[173,8822,50]},"num_concepts_raised":148},{"base_id":526,"kind":"top_words","i1":1,"i2":6,"sol":{"path":["/c/en/techno","/c/en/music_genre","/c/en/eurodance"],"weight":0.20700000000000002,"degrees":[173,507,72]},"num_concepts_raised":170},{"base_id":526,"kind":"top_words","i1":1,"i2":7,"sol":{"path":["/c/en/techno","/c/en/music_genre","/c/en/trip_hop","/c/en/psychedelic"],"weight":0.21429000000000006,"degrees":[173,507,73,169]},"num_concepts_raised":37883},{"base_id":526,"kind":"top_words","i1":1,"i2":8,"sol":{"path":["/c/en/techno","/c/en/electro"],"weight":0.20600000000000002,"degrees":[173,107]},"num_concepts_raised":183},{"base_id":526,"kind":"top_words","i1":1,"i2":9,"sol":{"path":["/c/en/techno","/c/en/trance","/c/en/hypnotic"],"weight":0.20700000000000002,"degrees":[173,188,217]},"num_concepts_raised":290},{"base_id":526,"kind":"top_words","i1":2,"i2":3,"sol":{"path":["/c/en/dubstep","/c/en/music_genre","/c/en/electronica"],"weight":0.20700000000000002,"degrees":[86,507,93]},"num_concepts_raised":159},{"base_id":526,"kind":"top_words","i1":2,"i2":4,"sol":{"path":["/c/en/dubstep","/c/en/music_genre","/c/en/breakbeat"],"weight":0.20600000000000002,"degrees":[86,507,48]},"num_concepts_raised":113},{"base_id":526,"kind":"top_words","i1":2,"i2":5,"sol":{"path":["/c/en/dubstep","/c/en/music","/c/en/downtempo"],"weight":0.20800000000000002,"degrees":[86,8822,50]},"num_concepts_raised":116},{"base_id":526,"kind":"top_words","i1":2,"i2":6,"sol":{"path":["/c/en/dubstep","/c/en/music_genre","/c/en/eurodance"],"weight":0.20600000000000002,"degrees":[86,507,72]},"num_concepts_raised":138},{"base_id":526,"kind":"top_words","i1":2,"i2":7,"sol":{"path":["/c/en/dubstep","/c/en/music","/c/en/folkadelic","/c/en/psychedelic"],"weight":0.21143999999999968,"degrees":[86,8822,6,169]},"num_concepts_raised":37664},{"base_id":526,"kind":"top_words","i1":2,"i2":8,"sol":{"path":["/c/en/dubstep","/c/en/electronic","/c/en/electro"],"weight":0.20700000000000002,"degrees":[86,650,107]},"num_concepts_raised":152},{"base_id":526,"kind":"top_words","i1":2,"i2":9,"sol":{"path":["/c/en/dubstep","/c/en/music","/c/en/trance","/c/en/hypnotic"],"weight":0.21804999999999936,"degrees":[86,8822,188,217]},"num_concepts_raised":20266},{"base_id":526,"kind":"top_words","i1":3,"i2":4,"sol":{"path":["/c/en/electronica","/c/en/music_genre","/c/en/breakbeat"],"weight":0.20700000000000002,"degrees":[93,507,48]},"num_concepts_raised":130},{"base_id":526,"kind":"top_words","i1":3,"i2":5,"sol":{"path":["/c/en/electronica","/c/en/music_genre","/c/en/downtempo"],"weight":0.20700000000000002,"degrees":[93,507,50]},"num_concepts_raised":127},{"base_id":526,"kind":"top_words","i1":3,"i2":6,"sol":{"path":["/c/en/electronica","/c/en/music_genre","/c/en/eurodance"],"weight":0.20700000000000002,"degrees":[93,507,72]},"num_concepts_raised":152},{"base_id":526,"kind":"top_words","i1":3,"i2":7,"sol":{"path":["/c/en/electronica","/c/en/music_genre","/c/en/trip_hop","/c/en/psychedelic"],"weight":0.21242999999999956,"degrees":[93,507,73,169]},"num_concepts_raised":36579},{"base_id":526,"kind":"top_words","i1":3,"i2":8,"sol":{"path":["/c/en/electronica","/c/en/music_genre","/c/en/electro"],"weight":0.20700000000000002,"degrees":[93,507,107]},"num_concepts_raised":169},{"base_id":526,"kind":"top_words","i1":3,"i2":9,"sol":{"path":["/c/en/electronica","/c/en/music_genre","/c/en/trance","/c/en/hypnotic"],"weight":0.21993999999999925,"degrees":[93,507,188,217]},"num_concepts_raised":19288},{"base_id":526,"kind":"top_words","i1":4,"i2":5,"sol":{"path":["/c/en/breakbeat","/c/en/music","/c/en/downtempo"],"weight":0.20800000000000002,"degrees":[48,8822,50]},"num_concepts_raised":86},{"base_id":526,"kind":"top_words","i1":4,"i2":6,"sol":{"path":["/c/en/breakbeat","/c/en/music_genre","/c/en/eurodance"],"weight":0.20600000000000002,"degrees":[48,507,72]},"num_concepts_raised":108},{"base_id":526,"kind":"top_words","i1":4,"i2":7,"sol":{"path":["/c/en/breakbeat","/c/en/music","/c/en/folkadelic","/c/en/psychedelic"],"weight":0.2108099999999997,"degrees":[48,8822,6,169]},"num_concepts_raised":33973},{"base_id":526,"kind":"top_words","i1":4,"i2":8,"sol":{"path":["/c/en/breakbeat","/c/en/music_genre","/c/en/electro"],"weight":0.20600000000000002,"degrees":[48,507,107]},"num_concepts_raised":123},{"base_id":526,"kind":"top_words","i1":4,"i2":9,"sol":{"path":["/c/en/breakbeat","/c/en/music","/c/en/trance","/c/en/hypnotic"],"weight":0.21740999999999938,"degrees":[48,8822,188,217]},"num_concepts_raised":16429},{"base_id":526,"kind":"top_words","i1":5,"i2":6,"sol":{"path":["/c/en/downtempo","/c/en/music_genre","/c/en/eurodance"],"weight":0.20600000000000002,"degrees":[50,507,72]},"num_concepts_raised":109},{"base_id":526,"kind":"top_words","i1":5,"i2":7,"sol":{"path":["/c/en/downtempo","/c/en/music","/c/en/folkadelic","/c/en/psychedelic"],"weight":0.21509999999999968,"degrees":[50,8822,6,169]},"num_concepts_raised":34981},{"base_id":526,"kind":"top_words","i1":5,"i2":8,"sol":{"path":["/c/en/downtempo","/c/en/music","/c/en/electro"],"weight":0.20800000000000002,"degrees":[50,8822,107]},"num_concepts_raised":125},{"base_id":526,"kind":"top_words","i1":5,"i2":9,"sol":{"path":["/c/en/downtempo","/c/en/music","/c/en/trance","/c/en/hypnotic"],"weight":0.22169999999999937,"degrees":[50,8822,188,217]},"num_concepts_raised":17587},{"base_id":526,"kind":"top_words","i1":6,"i2":7,"sol":{"path":["/c/en/eurodance","/c/en/blue","/c/en/slang","/c/en/psychedelic"],"weight":0.21015999999999962,"degrees":[72,1611,16318,169]},"num_concepts_raised":29659},{"base_id":526,"kind":"top_words","i1":6,"i2":8,"sol":{"path":["/c/en/eurodance","/c/en/music_genre","/c/en/electro"],"weight":0.20600000000000002,"degrees":[72,507,107]},"num_concepts_raised":147},{"base_id":526,"kind":"top_words","i1":6,"i2":9,"sol":{"path":["/c/en/eurodance","/c/en/music_genre","/c/en/trance","/c/en/hypnotic"],"weight":0.21764999999999932,"degrees":[72,507,188,217]},"num_concepts_raised":12041},{"base_id":526,"kind":"top_words","i1":7,"i2":8,"sol":{"path":["/c/en/psychedelic","/c/en/distortion","/c/en/electronic","/c/en/electro"],"weight":0.21271999999999974,"degrees":[169,239,650,107]},"num_concepts_raised":36794},{"base_id":526,"kind":"top_words","i1":7,"i2":9,"sol":{"path":["/c/en/psychedelic","/c/en/hypnodelic","/c/en/hypnotic"],"weight":0.20400000000000001,"degrees":[169,6,217]},"num_concepts_raised":317},{"base_id":526,"kind":"top_words","i1":8,"i2":9,"sol":{"path":["/c/en/electro","/c/en/music","/c/en/trance","/c/en/hypnotic"],"weight":0.21836999999999943,"degrees":[107,8822,188,217]},"num_concepts_raised":19278}]]