[[{"base_id":347,"kind":"bot_words","i1":0,"i2":1,"sol":{"path":["/c/en/cleanroom","/c/en/matter","/c/en/mind","/c/en/perception"],"weight":0.21874999999999878,"degrees":[43,1318,1738,486]},"num_concepts_raised":34567},{"base_id":347,"kind":"bot_words","i1":0,"i2":2,"sol":{"path":["/c/en/cleanroom","/c/en/matter","/c/en/trouble","/c/en/harass"],"weight":0.21287999999999893,"degrees":[43,1318,1456,407]},"num_concepts_raised":24756},{"base_id":347,"kind":"bot_words","i1":0,"i2":3,"sol":{"path":["/c/en/cleanroom","/c/en/environment","/c/en/bird","/c/en/apus"],"weight":0.21865999999999972,"degrees":[43,762,4970,159]},"num_concepts_raised":10298},{"base_id":347,"kind":"bot_words","i1":0,"i2":4,"sol":{"path":["/c/en/cleanroom","/c/en/environment","/c/en/city","/c/en/faridabad"],"weight":0.21330999999999978,"degrees":[43,762,3758,59]},"num_concepts_raised":8277},{"base_id":347,"kind":"bot_words","i1":0,"i2":5,"sol":{"path":["/c/en/cleanroom","/c/en/bunny_suit","/c/en/slang","/c/en/wicked","/c/en/heinous"],"weight":0.20996999999999963,"degrees":[43,15,16318,570,113]},"num_concepts_raised":5569},{"base_id":347,"kind":"bot_words","i1":0,"i2":6,"sol":{"path":["/c/en/cleanroom","/c/en/matter","/c/en/poison","/c/en/arsenic","/c/en/arsenical"],"weight":0.2092599999999999,"degrees":[43,1318,1269,930,32]},"num_concepts_raised":18434},{"base_id":347,"kind":"bot_words","i1":0,"i2":7,"sol":{"path":["/c/en/cleanroom","/c/en/room","/c/en/cell","/c/en/cytotoxin","/c/en/cytotoxic"],"weight":0.21071999999999969,"degrees":[43,1788,2433,38,85]},"num_concepts_raised":4424},{"base_id":347,"kind":"bot_words","i1":0,"i2":8,"sol":{"path":["/c/en/cleanroom","/c/en/matter","/c/en/care","/c/en/behaviour","/c/en/profanation"],"weight":0.20835999999999974,"degrees":[43,1318,1526,558,70]},"num_concepts_raised":5021},{"base_id":347,"kind":"bot_words","i1":0,"i2":9,"sol":{"path":["/c/en/cleanroom","/c/en/room","/c/en/human","/c/en/sinhalese","/c/en/singhalese"],"weight":0.21017999999999987,"degrees":[43,1788,2645,59,26]},"num_concepts_raised":10923},{"base_id":347,"kind":"bot_words","i1":1,"i2":2,"sol":{"path":["/c/en/perception","/c/en/mind","/c/en/worry","/c/en/harass"],"weight":0.22022999999999793,"degrees":[486,1738,1043,407]},"num_concepts_raised":51742},{"base_id":347,"kind":"bot_words","i1":1,"i2":3,"sol":{"path":["/c/en/perception","/c/en/sound","/c/en/bird","/c/en/apus"],"weight":0.2241499999999987,"degrees":[486,3218,4970,159]},"num_concepts_raised":37967},{"base_id":347,"kind":"bot_words","i1":1,"i2":4,"sol":{"path":["/c/en/perception","/c/en/sound","/c/en/city","/c/en/faridabad"],"weight":0.21878999999999876,"degrees":[486,3218,3758,59]},"num_concepts_raised":36025},{"base_id":347,"kind":"bot_words","i1":1,"i2":5,"sol":{"path":["/c/en/perception","/c/ja/かん","/c/en/wicked","/c/en/heinous"],"weight":0.21524999999999864,"degrees":[486,57,570,113]},"num_concepts_raised":33318},{"base_id":347,"kind":"bot_words","i1":1,"i2":6,"sol":{"path":["/c/en/perception","/c/en/psychotomimetic","/c/en/drug","/c/en/arsenical"],"weight":0.2132699999999989,"degrees":[486,16,4920,32]},"num_concepts_raised":46066},{"base_id":347,"kind":"bot_words","i1":1,"i2":7,"sol":{"path":["/c/en/perception","/c/en/knowledge","/c/en/cell","/c/en/cytotoxin","/c/en/cytotoxic"],"weight":0.21630999999999867,"degrees":[486,1394,2433,38,85]},"num_concepts_raised":32203},{"base_id":347,"kind":"bot_words","i1":1,"i2":8,"sol":{"path":["/c/en/perception","/c/en/implicit_cognition","/c/en/behaviour","/c/en/profanation"],"weight":0.21360999999999872,"degrees":[486,7,558,70]},"num_concepts_raised":32758},{"base_id":347,"kind":"bot_words","i1":1,"i2":9,"sol":{"path":["/c/en/perception","/c/en/feel","/c/en/human","/c/en/sinhalese","/c/en/singhalese"],"weight":0.21573999999999885,"degrees":[486,1238,2645,59,26]},"num_concepts_raised":38665},{"base_id":347,"kind":"bot_words","i1":2,"i2":3,"sol":{"path":["/c/en/harass","/c/en/trouble","/c/en/hydra","/c/en/constellation","/c/en/apus"],"weight":0.22064999999999885,"degrees":[407,1456,388,1426,159]},"num_concepts_raised":28037},{"base_id":347,"kind":"bot_words","i1":2,"i2":4,"sol":{"path":["/c/en/harass","/c/en/plague","/c/en/book","/c/en/city","/c/en/faridabad"],"weight":0.21479999999999888,"degrees":[407,529,3239,3758,59]},"num_concepts_raised":26081},{"base_id":347,"kind":"bot_words","i1":2,"i2":5,"sol":{"path":["/c/en/harass","/c/fr/harceler","/c/fr/exciter","/c/fr/odieux","/c/en/heinous"],"weight":0.2103899999999988,"degrees":[407,211,393,176,113]},"num_concepts_raised":23297},{"base_id":347,"kind":"bot_words","i1":2,"i2":6,"sol":{"path":["/c/en/harass","/c/en/plague","/c/en/pest","/c/en/pesticide","/c/en/arsenical"],"weight":0.20957999999999904,"degrees":[407,529,336,288,32]},"num_concepts_raised":36220},{"base_id":347,"kind":"bot_words","i1":2,"i2":7,"sol":{"path":["/c/en/harass","/c/en/waste","/c/en/toxic","/c/en/cytotoxic"],"weight":0.20857999999999882,"degrees":[407,1543,498,85]},"num_concepts_raised":22220},{"base_id":347,"kind":"bot_words","i1":2,"i2":8,"sol":{"path":["/c/en/harass","/c/ga/sáraigh","/c/en/profane","/c/en/profanation"],"weight":0.20835999999999888,"degrees":[407,22,246,70]},"num_concepts_raised":22799},{"base_id":347,"kind":"bot_words","i1":2,"i2":9,"sol":{"path":["/c/en/harass","/c/en/distress","/c/en/human","/c/en/sinhalese","/c/en/singhalese"],"weight":0.209579999999999,"degrees":[407,756,2645,59,26]},"num_concepts_raised":28716},{"base_id":347,"kind":"bot_words","i1":3,"i2":4,"sol":{"path":["/c/en/apus","/c/en/constellation","/c/en/phoenix","/c/en/city","/c/en/faridabad"],"weight":0.22115999999999966,"degrees":[159,1426,467,3758,59]},"num_concepts_raised":11500},{"base_id":347,"kind":"bot_words","i1":3,"i2":5,"sol":{"path":["/c/en/apus","/c/en/bird","/c/en/slang","/c/en/wicked","/c/en/heinous"],"weight":0.21556999999999954,"degrees":[159,4970,16318,570,113]},"num_concepts_raised":8790},{"base_id":347,"kind":"bot_words","i1":3,"i2":6,"sol":{"path":["/c/en/apus","/c/en/bird","/c/en/group","/c/fr/chimie","/c/en/arsenical"],"weight":0.2136199999999998,"degrees":[159,4970,2339,9652,32]},"num_concepts_raised":21678},{"base_id":347,"kind":"bot_words","i1":3,"i2":7,"sol":{"path":["/c/en/apus","/c/en/constellation","/c/en/cancer","/c/en/neopeltolide","/c/en/cytotoxic"],"weight":0.2163799999999996,"degrees":[159,1426,1134,10,85]},"num_concepts_raised":7656},{"base_id":347,"kind":"bot_words","i1":3,"i2":8,"sol":{"path":["/c/en/apus","/c/en/bird","/c/en/birdish","/c/en/behaviour","/c/en/profanation"],"weight":0.21390999999999966,"degrees":[159,4970,7,558,70]},"num_concepts_raised":8254},{"base_id":347,"kind":"bot_words","i1":3,"i2":9,"sol":{"path":["/c/en/apus","/c/en/bird","/c/en/human","/c/en/sinhalese","/c/en/singhalese"],"weight":0.21574999999999978,"degrees":[159,4970,2645,59,26]},"num_concepts_raised":14137},{"base_id":347,"kind":"bot_words","i1":4,"i2":5,"sol":{"path":["/c/en/faridabad","/c/en/india","/c/en/heavy","/c/en/wicked","/c/en/heinous"],"weight":0.21021999999999957,"degrees":[59,1846,1173,570,113]},"num_concepts_raised":6800},{"base_id":347,"kind":"bot_words","i1":4,"i2":6,"sol":{"path":["/c/en/faridabad","/c/en/city","/c/en/group","/c/fr/chimie","/c/en/arsenical"],"weight":0.20826999999999984,"degrees":[59,3758,2339,9652,32]},"num_concepts_raised":19695},{"base_id":347,"kind":"bot_words","i1":4,"i2":7,"sol":{"path":["/c/en/faridabad","/c/en/city","/c/en/human","/c/en/triplatin_tetranitrate","/c/en/cytotoxic"],"weight":0.20878999999999964,"degrees":[59,3758,2645,6,85]},"num_concepts_raised":5665},{"base_id":347,"kind":"bot_words","i1":4,"i2":8,"sol":{"path":["/c/en/faridabad","/c/en/city","/c/en/temple","/c/la/sacrilegium","/c/en/profanation"],"weight":0.20870999999999967,"degrees":[59,3758,1126,78,70]},"num_concepts_raised":6265},{"base_id":347,"kind":"bot_words","i1":4,"i2":9,"sol":{"path":["/c/en/faridabad","/c/en/city","/c/en/human","/c/en/sinhalese","/c/en/singhalese"],"weight":0.21040999999999982,"degrees":[59,3758,2645,59,26]},"num_concepts_raised":12143},{"base_id":347,"kind":"bot_words","i1":5,"i2":6,"sol":{"path":["/c/en/heinous","/c/fi/katala","/c/en/base","/c/fr/chimie","/c/en/arsenical"],"weight":0.20480999999999974,"degrees":[113,20,2117,9652,32]},"num_concepts_raised":16928},{"base_id":347,"kind":"bot_words","i1":5,"i2":7,"sol":{"path":["/c/en/heinous","/c/la/sceleratus","/c/en/harmful","/c/en/toxic","/c/en/cytotoxic"],"weight":0.20539999999999953,"degrees":[113,49,485,498,85]},"num_concepts_raised":2894},{"base_id":347,"kind":"bot_words","i1":5,"i2":8,"sol":{"path":["/c/en/heinous","/c/en/wicked","/c/en/profane","/c/en/profanation"],"weight":0.20626999999999956,"degrees":[113,570,246,70]},"num_concepts_raised":3471},{"base_id":347,"kind":"bot_words","i1":5,"i2":9,"sol":{"path":["/c/en/heinous","/c/en/wicked","/c/en/evil","/c/en/human","/c/en/sinhalese","/c/en/singhalese"],"weight":0.2141084999999996,"degrees":[113,570,1456,2645,59,26]},"num_concepts_raised":324922},{"base_id":347,"kind":"bot_words","i1":6,"i2":7,"sol":{"path":["/c/en/arsenical","/c/en/drug","/c/en/gemtuzumab_ozogamicin","/c/en/cytotoxic"],"weight":0.2034699999999998,"degrees":[32,4920,20,85]},"num_concepts_raised":15743},{"base_id":347,"kind":"bot_words","i1":6,"i2":8,"sol":{"path":["/c/en/arsenical","/c/fr/chimie","/c/fr/caractère","/c/fr/sacrilège","/c/en/profanation"],"weight":0.20340999999999984,"degrees":[32,9652,1428,69,70]},"num_concepts_raised":16388},{"base_id":347,"kind":"bot_words","i1":6,"i2":9,"sol":{"path":["/c/en/arsenical","/c/en/arsenic","/c/mul/as","/c/fr/linguistique","/c/en/singhalese"],"weight":0.20406999999999997,"degrees":[32,930,46,7455,26]},"num_concepts_raised":22197},{"base_id":347,"kind":"bot_words","i1":7,"i2":8,"sol":{"path":["/c/en/cytotoxic","/c/en/toxic","/c/en/waste","/c/en/act","/c/en/desecration","/c/en/profanation"],"weight":0.2133950999999995,"degrees":[85,498,1543,2503,74,70]},"num_concepts_raised":190674},{"base_id":347,"kind":"bot_words","i1":7,"i2":9,"sol":{"path":["/c/en/cytotoxic","/c/en/triplatin_tetranitrate","/c/en/human","/c/en/sinhalese","/c/en/singhalese"],"weight":0.20561999999999975,"degrees":[85,6,2645,59,26]},"num_concepts_raised":8250},{"base_id":347,"kind":"bot_words","i1":8,"i2":9,"sol":{"path":["/c/en/profanation","/c/en/profane","/c/en/worldly","/c/en/human","/c/en/sinhalese","/c/en/singhalese"],"weight":0.2129061999999997,"degrees":[70,246,246,2645,59,26]},"num_concepts_raised":315018}],[{"base_id":347,"kind":"top_words","i1":0,"i2":1,"sol":{"path":["/c/en/woodville","/c/en/australia","/c/en/cut","/c/en/behead"],"weight":0.20541999999999982,"degrees":[65,2690,2951,195]},"num_concepts_raised":129651},{"base_id":347,"kind":"top_words","i1":0,"i2":2,"sol":{"path":["/c/en/woodville","/c/en/ohio","/c/en/cow","/c/en/whale","/c/en/cetacea"],"weight":0.20949999999999946,"degrees":[65,655,1438,559,116]},"num_concepts_raised":124030},{"base_id":347,"kind":"top_words","i1":0,"i2":3,"sol":{"path":["/c/en/woodville","/c/fr/localités","/c/en/sound","/c/en/thunk"],"weight":0.20355999999999963,"degrees":[65,110113,3218,71]},"num_concepts_raised":156548},{"base_id":347,"kind":"top_words","i1":0,"i2":4,"sol":{"path":["/c/en/woodville","/c/en/ontario","/c/fr/astronomie","/c/en/elliptic"],"weight":0.20363999999999977,"degrees":[65,376,4725,61]},"num_concepts_raised":138974},{"base_id":347,"kind":"top_words","i1":0,"i2":5,"sol":{"path":["/c/en/woodville","/c/fr/localités","/c/fr/baume","/c/fr/palliatif","/c/en/palliative"],"weight":0.20708999999999977,"degrees":[65,110113,142,31,79]},"num_concepts_raised":138421},{"base_id":347,"kind":"top_words","i1":0,"i2":6,"sol":{"path":["/c/en/woodville","/c/en/canada","/c/en/eddie","/c/en/ted"],"weight":0.20890999999999948,"degrees":[65,2402,18,115]},"num_concepts_raised":135646},{"base_id":347,"kind":"top_words","i1":0,"i2":7,"sol":{"path":["/c/en/woodville","/c/en/england","/c/en/wear","/c/en/tediously"],"weight":0.20319999999999977,"degrees":[65,2303,1149,33]},"num_concepts_raised":124324},{"base_id":347,"kind":"top_words","i1":0,"i2":8,"sol":{"path":["/c/en/woodville","/c/en/england","/c/en/united_kingdom","/c/en/scullery"],"weight":0.20342999999999978,"degrees":[65,2303,1053,49]},"num_concepts_raised":135535},{"base_id":347,"kind":"top_words","i1":0,"i2":9,"sol":{"path":["/c/en/woodville","/c/en/australia","/c/en/island","/c/en/sentosa"],"weight":0.2081799999999997,"degrees":[65,2690,1660,28]},"num_concepts_raised":124670},{"base_id":347,"kind":"top_words","i1":1,"i2":2,"sol":{"path":["/c/en/behead","/c/en/head","/c/en/ship","/c/en/whale","/c/en/cetacea"],"weight":0.2123499999999997,"degrees":[195,3580,2104,559,116]},"num_concepts_raised":8255},{"base_id":347,"kind":"top_words","i1":1,"i2":3,"sol":{"path":["/c/en/behead","/c/en/head","/c/en/think","/c/en/thunk"],"weight":0.20862999999999987,"degrees":[195,3580,1553,71]},"num_concepts_raised":40843},{"base_id":347,"kind":"top_words","i1":1,"i2":4,"sol":{"path":["/c/en/behead","/c/en/head","/c/en/flat","/c/en/elliptical","/c/en/elliptic"],"weight":0.20892,"degrees":[195,3580,1359,119,61]},"num_concepts_raised":23184},{"base_id":347,"kind":"top_words","i1":1,"i2":5,"sol":{"path":["/c/en/behead","/c/en/decapitation","/c/en/disease","/c/en/palliative"],"weight":0.20614000000000005,"degrees":[195,156,4216,79]},"num_concepts_raised":22593},{"base_id":347,"kind":"top_words","i1":1,"i2":6,"sol":{"path":["/c/en/behead","/c/en/head","/c/en/company","/c/en/ted"],"weight":0.21189999999999976,"degrees":[195,3580,2258,115]},"num_concepts_raised":19986},{"base_id":347,"kind":"top_words","i1":1,"i2":7,"sol":{"path":["/c/en/behead","/c/en/head","/c/en/crown","/c/en/wear","/c/en/tediously"],"weight":0.20623000000000002,"degrees":[195,3580,1373,1149,33]},"num_concepts_raised":8547},{"base_id":347,"kind":"top_words","i1":1,"i2":8,"sol":{"path":["/c/en/behead","/c/la/fascis","/c/en/office","/c/en/scullery"],"weight":0.20523000000000002,"degrees":[195,68,1568,49]},"num_concepts_raised":20141},{"base_id":347,"kind":"top_words","i1":1,"i2":9,"sol":{"path":["/c/en/behead","/c/en/head","/c/en/phrase","/c/en/island","/c/en/sentosa"],"weight":0.21112999999999993,"degrees":[195,3580,724,1660,28]},"num_concepts_raised":8987},{"base_id":347,"kind":"top_words","i1":2,"i2":3,"sol":{"path":["/c/en/cetacea","/c/en/whale","/c/en/sound","/c/en/thunk"],"weight":0.2093899999999995,"degrees":[116,559,3218,71]},"num_concepts_raised":35451},{"base_id":347,"kind":"top_words","i1":2,"i2":4,"sol":{"path":["/c/en/cetacea","/c/en/cetacean","/c/en/species","/c/en/simple","/c/en/elliptic"],"weight":0.2104099999999996,"degrees":[116,107,1659,991,61]},"num_concepts_raised":17548},{"base_id":347,"kind":"top_words","i1":2,"i2":5,"sol":{"path":["/c/en/cetacea","/c/en/whale","/c/en/cold","/c/en/medicine","/c/en/palliative"],"weight":0.21202999999999966,"degrees":[116,559,1889,11938,79]},"num_concepts_raised":16967},{"base_id":347,"kind":"top_words","i1":2,"i2":6,"sol":{"path":["/c/en/cetacea","/c/sl/kiti","/c/fr/prénom","/c/en/ted"],"weight":0.21444999999999936,"degrees":[116,9,6796,115]},"num_concepts_raised":14350},{"base_id":347,"kind":"top_words","i1":2,"i2":7,"sol":{"path":["/c/en/cetacea","/c/en/whale","/c/en/spout","/c/en/tediously"],"weight":0.20901999999999962,"degrees":[116,559,278,33]},"num_concepts_raised":2824},{"base_id":347,"kind":"top_words","i1":2,"i2":8,"sol":{"path":["/c/en/cetacea","/c/en/whale","/c/en/big","/c/en/room","/c/en/scullery"],"weight":0.20929999999999965,"degrees":[116,559,1222,1788,49]},"num_concepts_raised":14597},{"base_id":347,"kind":"top_words","i1":2,"i2":9,"sol":{"path":["/c/en/cetacea","/c/en/whale","/c/en/fish","/c/en/island","/c/en/sentosa"],"weight":0.21398999999999957,"degrees":[116,559,4424,1660,28]},"num_concepts_raised":3240},{"base_id":347,"kind":"top_words","i1":3,"i2":4,"sol":{"path":["/c/en/thunk","/c/fr/translation","/c/en/mathematics","/c/en/elliptic"],"weight":0.2049699999999998,"degrees":[71,109,7601,61]},"num_concepts_raised":49473},{"base_id":347,"kind":"top_words","i1":3,"i2":5,"sol":{"path":["/c/en/thunk","/c/en/procedure","/c/en/medicine","/c/en/palliative"],"weight":0.20626999999999981,"degrees":[71,533,11938,79]},"num_concepts_raised":49516},{"base_id":347,"kind":"top_words","i1":3,"i2":6,"sol":{"path":["/c/en/thunk","/c/en/computing","/c/en/software","/c/en/ted"],"weight":0.21005999999999952,"degrees":[71,9084,1812,115]},"num_concepts_raised":46546},{"base_id":347,"kind":"top_words","i1":3,"i2":7,"sol":{"path":["/c/en/thunk","/c/en/think","/c/en/work","/c/en/tedious","/c/en/tediously"],"weight":0.20639999999999978,"degrees":[71,1553,4013,275,33]},"num_concepts_raised":35723},{"base_id":347,"kind":"top_words","i1":3,"i2":8,"sol":{"path":["/c/en/thunk","/c/en/computing","/c/en/office","/c/en/scullery"],"weight":0.20457999999999982,"degrees":[71,9084,1568,49]},"num_concepts_raised":47067},{"base_id":347,"kind":"top_words","i1":3,"i2":9,"sol":{"path":["/c/en/thunk","/c/en/think","/c/en/type","/c/en/island","/c/en/sentosa"],"weight":0.21030999999999972,"degrees":[71,1553,1591,1660,28]},"num_concepts_raised":36151},{"base_id":347,"kind":"top_words","i1":4,"i2":5,"sol":{"path":["/c/en/elliptic","/c/en/simple","/c/en/medicine","/c/en/palliative"],"weight":0.2072799999999999,"degrees":[61,991,11938,79]},"num_concepts_raised":31902},{"base_id":347,"kind":"top_words","i1":4,"i2":6,"sol":{"path":["/c/en/elliptic","/c/en/simple","/c/en/word_processor","/c/en/ted"],"weight":0.21000999999999964,"degrees":[61,991,123,115]},"num_concepts_raised":29290},{"base_id":347,"kind":"top_words","i1":4,"i2":7,"sol":{"path":["/c/en/elliptic","/c/en/geometry","/c/en/tore","/c/en/tedious","/c/en/tediously"],"weight":0.20440999999999993,"degrees":[61,2822,47,275,33]},"num_concepts_raised":17870},{"base_id":347,"kind":"top_words","i1":4,"i2":8,"sol":{"path":["/c/en/elliptic","/c/en/elliptical","/c/en/hanse","/c/en/historical","/c/en/scullery"],"weight":0.20579999999999993,"degrees":[61,119,95,8415,49]},"num_concepts_raised":29513},{"base_id":347,"kind":"top_words","i1":4,"i2":9,"sol":{"path":["/c/en/elliptic","/c/en/ellipse","/c/en/circle","/c/en/island","/c/en/sentosa"],"weight":0.20945999999999984,"degrees":[61,280,1376,1660,28]},"num_concepts_raised":18272},{"base_id":347,"kind":"top_words","i1":5,"i2":6,"sol":{"path":["/c/en/palliative","/c/fr/palliatif","/c/fr/médecine","/c/en/spread","/c/en/ted"],"weight":0.21256999999999965,"degrees":[79,31,9990,1574,115]},"num_concepts_raised":28729},{"base_id":347,"kind":"top_words","i1":5,"i2":7,"sol":{"path":["/c/en/palliative","/c/en/medicine","/c/en/hat","/c/en/wear","/c/en/tediously"],"weight":0.20586999999999994,"degrees":[79,11938,931,1149,33]},"num_concepts_raised":17273},{"base_id":347,"kind":"top_words","i1":5,"i2":8,"sol":{"path":["/c/en/palliative","/c/en/pallium","/c/en/historical","/c/en/scullery"],"weight":0.20382999999999996,"degrees":[79,58,8415,49]},"num_concepts_raised":28884},{"base_id":347,"kind":"top_words","i1":5,"i2":9,"sol":{"path":["/c/en/palliative","/c/en/medicine","/c/en/isolation","/c/en/island","/c/en/sentosa"],"weight":0.2108099999999999,"degrees":[79,11938,288,1660,28]},"num_concepts_raised":17690},{"base_id":347,"kind":"top_words","i1":6,"i2":7,"sol":{"path":["/c/en/ted","/c/en/company","/c/en/work","/c/en/tedious","/c/en/tediously"],"weight":0.20964999999999967,"degrees":[115,2258,4013,275,33]},"num_concepts_raised":14667},{"base_id":347,"kind":"top_words","i1":6,"i2":8,"sol":{"path":["/c/en/ted","/c/en/company","/c/en/office","/c/en/scullery"],"weight":0.20884999999999967,"degrees":[115,2258,1568,49]},"num_concepts_raised":26241},{"base_id":347,"kind":"top_words","i1":6,"i2":9,"sol":{"path":["/c/en/ted","/c/en/company","/c/en/entity","/c/en/island","/c/en/sentosa"],"weight":0.21355999999999958,"degrees":[115,2258,353,1660,28]},"num_concepts_raised":15073},{"base_id":347,"kind":"top_words","i1":7,"i2":8,"sol":{"path":["/c/en/tediously","/c/en/tedious","/c/en/boring","/c/en/office","/c/en/scullery"],"weight":0.20412999999999992,"degrees":[33,275,560,1568,49]},"num_concepts_raised":14895},{"base_id":347,"kind":"top_words","i1":7,"i2":9,"sol":{"path":["/c/en/tediously","/c/en/wear","/c/en/rock","/c/en/island","/c/en/sentosa"],"weight":0.20781999999999987,"degrees":[33,1149,2349,1660,28]},"num_concepts_raised":3560},{"base_id":347,"kind":"top_words","i1":8,"i2":9,"sol":{"path":["/c/en/scullery","/c/en/united_kingdom","/c/en/island","/c/en/sentosa"],"weight":0.20800999999999986,"degrees":[49,1053,1660,28]},"num_concepts_raised":15260}]]