[[{"base_id":609,"kind":"bot_words","i1":0,"i2":1,"sol":{"path":["/c/en/divinely","/c/en/divine","/c/en/god","/c/en/jupiter","/c/en/flamen"],"weight":0.20393999999999987,"degrees":[30,718,1774,537,28]},"num_concepts_raised":2538},{"base_id":609,"kind":"bot_words","i1":0,"i2":2,"sol":{"path":["/c/en/divinely","/c/en/divine","/c/en/information","/c/en/telephone","/c/en/telemarketer"],"weight":0.20385999999999987,"degrees":[30,718,1544,1046,29]},"num_concepts_raised":4370},{"base_id":609,"kind":"bot_words","i1":0,"i2":3,"sol":{"path":["/c/en/divinely","/c/en/divine","/c/en/unction","/c/en/soothe","/c/en/mitigate"],"weight":0.20725999999999975,"degrees":[30,718,68,262,189]},"num_concepts_raised":8857},{"base_id":609,"kind":"bot_words","i1":0,"i2":4,"sol":{"path":["/c/en/divinely","/c/en/divine","/c/en/actor","/c/en/plant","/c/en/chusquea"],"weight":0.20886999999999983,"degrees":[30,718,853,7959,24]},"num_concepts_raised":18087},{"base_id":609,"kind":"bot_words","i1":0,"i2":5,"sol":{"path":["/c/en/divinely","/c/en/divine","/c/en/grace","/c/en/kentucky","/c/en/elkton"],"weight":0.20394999999999985,"degrees":[30,718,653,508,33]},"num_concepts_raised":8789},{"base_id":609,"kind":"bot_words","i1":0,"i2":6,"sol":{"path":["/c/en/divinely","/c/en/divine","/c/en/person","/c/en/special","/c/en/videodisc","/c/en/videodisk"],"weight":0.20966339999999972,"degrees":[30,718,12935,706,26,26]},"num_concepts_raised":80802},{"base_id":609,"kind":"bot_words","i1":0,"i2":7,"sol":{"path":["/c/en/divinely","/c/en/divine","/c/en/celestial","/c/en/slang","/c/en/gutted"],"weight":0.20394999999999985,"degrees":[30,718,302,16318,33]},"num_concepts_raised":25854},{"base_id":609,"kind":"bot_words","i1":0,"i2":8,"sol":{"path":["/c/en/divinely","/c/en/divine","/c/en/person","/c/en/alien","/c/en/aliens"],"weight":0.21307999999999988,"degrees":[30,718,12935,517,27]},"num_concepts_raised":4793},{"base_id":609,"kind":"bot_words","i1":0,"i2":9,"sol":{"path":["/c/en/divinely","/c/en/divine","/c/en/celestial","/c/en/space","/c/en/spacing"],"weight":0.20544999999999974,"degrees":[30,718,302,1852,67]},"num_concepts_raised":6678},{"base_id":609,"kind":"bot_words","i1":1,"i2":2,"sol":{"path":["/c/en/flamen","/c/en/priest","/c/en/tool","/c/en/telephone","/c/en/telemarketer"],"weight":0.2027199999999999,"degrees":[28,1101,1423,1046,29]},"num_concepts_raised":5135},{"base_id":609,"kind":"bot_words","i1":1,"i2":3,"sol":{"path":["/c/en/flamen","/c/la/samentum","/c/en/hide","/c/en/palliate","/c/en/mitigate"],"weight":0.20608999999999975,"degrees":[28,6,1620,79,189]},"num_concepts_raised":9625},{"base_id":609,"kind":"bot_words","i1":1,"i2":4,"sol":{"path":["/c/en/flamen","/c/en/mars","/c/en/earth","/c/en/plant","/c/en/chusquea"],"weight":0.20777999999999985,"degrees":[28,563,2336,7959,24]},"num_concepts_raised":18850},{"base_id":609,"kind":"bot_words","i1":1,"i2":5,"sol":{"path":["/c/en/flamen","/c/en/jupiter","/c/en/victoria","/c/en/county_seat","/c/en/elkton"],"weight":0.20295999999999986,"degrees":[28,537,497,2497,33]},"num_concepts_raised":9552},{"base_id":609,"kind":"bot_words","i1":1,"i2":6,"sol":{"path":["/c/en/flamen","/c/en/priest","/c/en/person","/c/en/special","/c/en/videodisc","/c/en/videodisk"],"weight":0.20734089999999977,"degrees":[28,1101,12935,706,26,26]},"num_concepts_raised":109381},{"base_id":609,"kind":"bot_words","i1":1,"i2":7,"sol":{"path":["/c/en/flamen","/c/en/mars","/c/zh/火星","/c/en/fire","/c/en/gutted"],"weight":0.20283999999999985,"degrees":[28,563,50,2829,33]},"num_concepts_raised":26617},{"base_id":609,"kind":"bot_words","i1":1,"i2":8,"sol":{"path":["/c/en/flamen","/c/en/jupiter","/c/en/space","/c/en/aliens"],"weight":0.20995999999999987,"degrees":[28,537,1852,27]},"num_concepts_raised":5564},{"base_id":609,"kind":"bot_words","i1":1,"i2":9,"sol":{"path":["/c/en/flamen","/c/en/jupiter","/c/en/space","/c/en/spacing"],"weight":0.20430999999999977,"degrees":[28,537,1852,67]},"num_concepts_raised":7442},{"base_id":609,"kind":"bot_words","i1":2,"i2":3,"sol":{"path":["/c/en/telemarketer","/c/en/telephone","/c/en/off_hook","/c/en/relieve","/c/en/mitigate"],"weight":0.20619999999999977,"degrees":[29,1046,31,381,189]},"num_concepts_raised":11413},{"base_id":609,"kind":"bot_words","i1":2,"i2":4,"sol":{"path":["/c/en/telemarketer","/c/en/telephone","/c/en/tree","/c/en/plant","/c/en/chusquea"],"weight":0.20779999999999987,"degrees":[29,1046,3598,7959,24]},"num_concepts_raised":20657},{"base_id":609,"kind":"bot_words","i1":2,"i2":5,"sol":{"path":["/c/en/telemarketer","/c/en/telephone","/c/en/mobile","/c/en/county_seat","/c/en/elkton"],"weight":0.20291999999999988,"degrees":[29,1046,484,2497,33]},"num_concepts_raised":11355},{"base_id":609,"kind":"bot_words","i1":2,"i2":6,"sol":{"path":["/c/en/telemarketer","/c/en/sell","/c/en/sell_through","/c/en/dvd","/c/en/videodisk"],"weight":0.20287999999999987,"degrees":[29,983,10,193,26]},"num_concepts_raised":3800},{"base_id":609,"kind":"bot_words","i1":2,"i2":7,"sol":{"path":["/c/en/telemarketer","/c/en/sell","/c/en/slang","/c/en/gutted"],"weight":0.20275999999999983,"degrees":[29,983,16318,33]},"num_concepts_raised":28318},{"base_id":609,"kind":"bot_words","i1":2,"i2":8,"sol":{"path":["/c/en/telemarketer","/c/en/worker","/c/en/person","/c/en/alien","/c/en/aliens"],"weight":0.2119199999999999,"degrees":[29,1829,12935,517,27]},"num_concepts_raised":7381},{"base_id":609,"kind":"bot_words","i1":2,"i2":9,"sol":{"path":["/c/en/telemarketer","/c/en/sell","/c/en/pitch","/c/en/spacing"],"weight":0.20305999999999974,"degrees":[29,983,1134,67]},"num_concepts_raised":9218},{"base_id":609,"kind":"bot_words","i1":3,"i2":4,"sol":{"path":["/c/en/mitigate","/c/en/mitigation","/c/en/relief","/c/en/mountain","/c/en/chusquea"],"weight":0.21202999999999972,"degrees":[189,76,716,1965,24]},"num_concepts_raised":25116},{"base_id":609,"kind":"bot_words","i1":3,"i2":5,"sol":{"path":["/c/en/mitigate","/c/en/relieve","/c/en/military","/c/en/usa","/c/en/elkton"],"weight":0.20638999999999974,"degrees":[189,381,5690,2683,33]},"num_concepts_raised":15847},{"base_id":609,"kind":"bot_words","i1":3,"i2":6,"sol":{"path":["/c/en/mitigate","/c/en/relieve","/c/en/legal","/c/en/disc","/c/en/videodisc","/c/en/videodisk"],"weight":0.21423319999999962,"degrees":[189,381,6627,244,26,26]},"num_concepts_raised":502364},{"base_id":609,"kind":"bot_words","i1":3,"i2":7,"sol":{"path":["/c/en/mitigate","/c/en/slack","/c/en/slang","/c/en/gutted"],"weight":0.20493999999999973,"degrees":[189,371,16318,33]},"num_concepts_raised":32709},{"base_id":609,"kind":"bot_words","i1":3,"i2":8,"sol":{"path":["/c/en/mitigate","/c/en/relieve","/c/en/legal","/c/en/alien","/c/en/aliens"],"weight":0.21541999999999975,"degrees":[189,381,6627,517,27]},"num_concepts_raised":11841},{"base_id":609,"kind":"bot_words","i1":3,"i2":9,"sol":{"path":["/c/en/mitigate","/c/en/ease","/c/en/free_time","/c/en/space","/c/en/spacing"],"weight":0.20666999999999963,"degrees":[189,487,181,1852,67]},"num_concepts_raised":13668},{"base_id":609,"kind":"bot_words","i1":4,"i2":5,"sol":{"path":["/c/en/chusquea","/c/en/evergreen","/c/en/county_seat","/c/en/elkton"],"weight":0.20790999999999982,"degrees":[24,414,2497,33]},"num_concepts_raised":25003},{"base_id":609,"kind":"bot_words","i1":4,"i2":6,"sol":{"path":["/c/en/chusquea","/c/en/botany","/c/en/disk","/c/en/dvd","/c/en/videodisk"],"weight":0.20787999999999984,"degrees":[24,6881,457,193,26]},"num_concepts_raised":17527},{"base_id":609,"kind":"bot_words","i1":4,"i2":7,"sol":{"path":["/c/en/chusquea","/c/en/plant","/c/en/slang","/c/en/gutted"],"weight":0.20781999999999984,"degrees":[24,7959,16318,33]},"num_concepts_raised":41844},{"base_id":609,"kind":"bot_words","i1":4,"i2":8,"sol":{"path":["/c/en/chusquea","/c/en/plant","/c/en/alien","/c/en/aliens"],"weight":0.21689999999999984,"degrees":[24,7959,517,27]},"num_concepts_raised":21051},{"base_id":609,"kind":"bot_words","i1":4,"i2":9,"sol":{"path":["/c/en/chusquea","/c/en/mountain","/c/en/place","/c/en/space","/c/en/spacing"],"weight":0.20935999999999974,"degrees":[24,1965,3314,1852,67]},"num_concepts_raised":22865},{"base_id":609,"kind":"bot_words","i1":5,"i2":6,"sol":{"path":["/c/en/elkton","/c/en/colorado","/c/en/medium","/c/en/dvd","/c/en/videodisk"],"weight":0.20297999999999985,"degrees":[33,486,767,193,26]},"num_concepts_raised":8218},{"base_id":609,"kind":"bot_words","i1":5,"i2":7,"sol":{"path":["/c/en/elkton","/c/en/usa","/c/en/slang","/c/en/gutted"],"weight":0.20294999999999982,"degrees":[33,2683,16318,33]},"num_concepts_raised":32497},{"base_id":609,"kind":"bot_words","i1":5,"i2":8,"sol":{"path":["/c/en/elkton","/c/en/county_seat","/c/en/roswell","/c/en/aliens"],"weight":0.20792999999999984,"degrees":[33,2497,16,27]},"num_concepts_raised":11783},{"base_id":609,"kind":"bot_words","i1":5,"i2":9,"sol":{"path":["/c/en/elkton","/c/en/county_seat","/c/en/eads","/c/en/space","/c/en/spacing"],"weight":0.20450999999999975,"degrees":[33,2497,14,1852,67]},"num_concepts_raised":13640},{"base_id":609,"kind":"bot_words","i1":6,"i2":7,"sol":{"path":["/c/en/videodisk","/c/en/videodisc","/c/en/record","/c/en/down","/c/en/gutted"],"weight":0.20369999999999983,"degrees":[26,26,1856,1533,33]},"num_concepts_raised":25299},{"base_id":609,"kind":"bot_words","i1":6,"i2":8,"sol":{"path":["/c/en/videodisk","/c/en/dvd","/c/en/medium","/c/en/space","/c/en/aliens"],"weight":0.21010999999999985,"degrees":[26,193,767,1852,27]},"num_concepts_raised":4243},{"base_id":609,"kind":"bot_words","i1":6,"i2":9,"sol":{"path":["/c/en/videodisk","/c/en/dvd","/c/en/medium","/c/en/space","/c/en/spacing"],"weight":0.20445999999999975,"degrees":[26,193,767,1852,67]},"num_concepts_raised":6115},{"base_id":609,"kind":"bot_words","i1":7,"i2":8,"sol":{"path":["/c/en/gutted","/c/en/removed","/c/en/alien","/c/en/aliens"],"weight":0.21187999999999985,"degrees":[33,127,517,27]},"num_concepts_raised":28734},{"base_id":609,"kind":"bot_words","i1":7,"i2":9,"sol":{"path":["/c/en/gutted","/c/en/slang","/c/en/pitch","/c/en/spacing"],"weight":0.20315999999999973,"degrees":[33,16318,1134,67]},"num_concepts_raised":30495},{"base_id":609,"kind":"bot_words","i1":8,"i2":9,"sol":{"path":["/c/en/aliens","/c/en/space","/c/en/spacing"],"weight":0.20600000000000002,"degrees":[27,1852,67]},"num_concepts_raised":83}],[{"base_id":609,"kind":"top_words","i1":0,"i2":1,"sol":{"path":["/c/en/needing","/c/en/need","/c/en/wound","/c/en/stitches"],"weight":0.20477999999999985,"degrees":[25,1130,1252,26]},"num_concepts_raised":14268},{"base_id":609,"kind":"top_words","i1":0,"i2":2,"sol":{"path":["/c/en/needing","/c/en/need","/c/en/give","/c/en/law","/c/en/republish"],"weight":0.20487999999999984,"degrees":[25,1130,2421,3727,42]},"num_concepts_raised":12218},{"base_id":609,"kind":"top_words","i1":0,"i2":3,"sol":{"path":["/c/en/needing","/c/en/need","/c/en/opener","/c/en/innings"],"weight":0.2051399999999997,"degrees":[25,1130,136,68]},"num_concepts_raised":30048},{"base_id":609,"kind":"top_words","i1":0,"i2":4,"sol":{"path":["/c/en/needing","/c/en/need","/c/en/needed"],"weight":0.20600000000000002,"degrees":[25,1130,94]},"num_concepts_raised":106},{"base_id":609,"kind":"top_words","i1":0,"i2":5,"sol":{"path":["/c/en/needing","/c/en/need","/c/en/desperately"],"weight":0.20400000000000001,"degrees":[25,1130,75]},"num_concepts_raised":81},{"base_id":609,"kind":"top_words","i1":0,"i2":6,"sol":{"path":["/c/en/needing","/c/en/need"],"weight":0.20700000000000002,"degrees":[25,1130]},"num_concepts_raised":865},{"base_id":609,"kind":"top_words","i1":0,"i2":7,"sol":{"path":["/c/en/needing","/c/en/need","/c/en/condition","/c/en/qualify"],"weight":0.20759999999999934,"degrees":[25,1130,1648,298]},"num_concepts_raised":37010},{"base_id":609,"kind":"top_words","i1":0,"i2":8,"sol":{"path":["/c/en/needing","/c/en/buy_products","/c/en/pressure","/c/en/decompress"],"weight":0.20308999999999972,"degrees":[25,143,993,69]},"num_concepts_raised":21487},{"base_id":609,"kind":"top_words","i1":0,"i2":9,"sol":{"path":["/c/en/needing","/c/en/need","/c/en/needs"],"weight":0.20600000000000002,"degrees":[25,1130,41]},"num_concepts_raised":57},{"base_id":609,"kind":"top_words","i1":1,"i2":2,"sol":{"path":["/c/en/stitches","/c/en/run","/c/en/print","/c/en/republish"],"weight":0.2027899999999998,"degrees":[26,2730,1090,42]},"num_concepts_raised":13197},{"base_id":609,"kind":"top_words","i1":1,"i2":3,"sol":{"path":["/c/en/stitches","/c/en/stitch","/c/en/tie","/c/en/innings"],"weight":0.2052099999999997,"degrees":[26,807,1211,68]},"num_concepts_raised":30625},{"base_id":609,"kind":"top_words","i1":1,"i2":4,"sol":{"path":["/c/en/stitches","/c/en/wound","/c/en/need","/c/en/needed"],"weight":0.20573999999999965,"degrees":[26,1252,1130,94]},"num_concepts_raised":32159},{"base_id":609,"kind":"top_words","i1":1,"i2":5,"sol":{"path":["/c/en/stitches","/c/en/wound","/c/en/need","/c/en/desperately"],"weight":0.20337999999999987,"degrees":[26,1252,1130,75]},"num_concepts_raised":9264},{"base_id":609,"kind":"top_words","i1":1,"i2":6,"sol":{"path":["/c/en/stitches","/c/en/tailor","/c/en/need"],"weight":0.20400000000000001,"degrees":[26,412,1130]},"num_concepts_raised":867},{"base_id":609,"kind":"top_words","i1":1,"i2":7,"sol":{"path":["/c/en/stitches","/c/en/run","/c/en/juggling","/c/en/qualify"],"weight":0.20636999999999933,"degrees":[26,2730,217,298]},"num_concepts_raised":38069},{"base_id":609,"kind":"top_words","i1":1,"i2":8,"sol":{"path":["/c/en/stitches","/c/en/stitch","/c/en/computing","/c/en/decompress"],"weight":0.20537999999999973,"degrees":[26,807,9084,69]},"num_concepts_raised":22345},{"base_id":609,"kind":"top_words","i1":1,"i2":9,"sol":{"path":["/c/en/stitches","/c/en/wound","/c/en/needs"],"weight":0.202,"degrees":[26,1252,41]},"num_concepts_raised":56},{"base_id":609,"kind":"top_words","i1":2,"i2":3,"sol":{"path":["/c/en/republish","/c/en/publish","/c/en/declare","/c/en/innings"],"weight":0.20419999999999966,"degrees":[42,548,605,68]},"num_concepts_raised":28961},{"base_id":609,"kind":"top_words","i1":2,"i2":4,"sol":{"path":["/c/en/republish","/c/en/law","/c/en/waste","/c/en/needed"],"weight":0.20349999999999963,"degrees":[42,3727,1543,94]},"num_concepts_raised":30160},{"base_id":609,"kind":"top_words","i1":2,"i2":5,"sol":{"path":["/c/en/republish","/c/en/law","/c/en/give","/c/en/need","/c/en/desperately"],"weight":0.2034599999999998,"degrees":[42,3727,2421,1130,75]},"num_concepts_raised":7191},{"base_id":609,"kind":"top_words","i1":2,"i2":6,"sol":{"path":["/c/en/republish","/c/en/law","/c/en/like","/c/en/need"],"weight":0.22274999999999898,"degrees":[42,3727,2357,1130]},"num_concepts_raised":92073},{"base_id":609,"kind":"top_words","i1":2,"i2":7,"sol":{"path":["/c/en/republish","/c/en/shovelware","/c/en/quality","/c/en/qualify"],"weight":0.2075099999999993,"degrees":[42,17,1710,298]},"num_concepts_raised":36013},{"base_id":609,"kind":"top_words","i1":2,"i2":8,"sol":{"path":["/c/en/republish","/c/en/print","/c/en/computing","/c/en/decompress"],"weight":0.20338999999999968,"degrees":[42,1090,9084,69]},"num_concepts_raised":20326},{"base_id":609,"kind":"top_words","i1":2,"i2":9,"sol":{"path":["/c/en/republish","/c/fi/elvyttää","/c/en/back","/c/en/needs"],"weight":0.20290999999999978,"degrees":[42,31,2238,41]},"num_concepts_raised":21199},{"base_id":609,"kind":"top_words","i1":3,"i2":4,"sol":{"path":["/c/en/innings","/c/en/opener","/c/en/need","/c/en/needed"],"weight":0.20607999999999949,"degrees":[68,136,1130,94]},"num_concepts_raised":47449},{"base_id":609,"kind":"top_words","i1":3,"i2":5,"sol":{"path":["/c/en/innings","/c/en/opener","/c/en/need","/c/en/desperately"],"weight":0.2037399999999997,"degrees":[68,136,1130,75]},"num_concepts_raised":25161},{"base_id":609,"kind":"top_words","i1":3,"i2":6,"sol":{"path":["/c/en/innings","/c/en/opener","/c/en/need"],"weight":0.20400000000000001,"degrees":[68,136,1130]},"num_concepts_raised":911},{"base_id":609,"kind":"top_words","i1":3,"i2":7,"sol":{"path":["/c/en/innings","/c/en/stretch","/c/en/quality","/c/en/qualify"],"weight":0.20782999999999918,"degrees":[68,1228,1710,298]},"num_concepts_raised":53263},{"base_id":609,"kind":"top_words","i1":3,"i2":8,"sol":{"path":["/c/en/innings","/c/en/open","/c/en/computing","/c/en/decompress"],"weight":0.2037999999999996,"degrees":[68,2185,9084,69]},"num_concepts_raised":37918},{"base_id":609,"kind":"top_words","i1":3,"i2":9,"sol":{"path":["/c/en/innings","/c/en/opener","/c/en/need","/c/en/needs"],"weight":0.20542999999999967,"degrees":[68,136,1130,41]},"num_concepts_raised":38563},{"base_id":609,"kind":"top_words","i1":4,"i2":5,"sol":{"path":["/c/en/needed","/c/en/need","/c/en/desperately"],"weight":0.20400000000000001,"degrees":[94,1130,75]},"num_concepts_raised":143},{"base_id":609,"kind":"top_words","i1":4,"i2":6,"sol":{"path":["/c/en/needed","/c/en/need"],"weight":0.20800000000000002,"degrees":[94,1130]},"num_concepts_raised":914},{"base_id":609,"kind":"top_words","i1":4,"i2":7,"sol":{"path":["/c/en/needed","/c/en/need","/c/en/condition","/c/en/qualify"],"weight":0.20856999999999914,"degrees":[94,1130,1648,298]},"num_concepts_raised":54383},{"base_id":609,"kind":"top_words","i1":4,"i2":8,"sol":{"path":["/c/en/needed","/c/en/person","/c/en/pressure","/c/en/decompress"],"weight":0.2038299999999995,"degrees":[94,12935,993,69]},"num_concepts_raised":39330},{"base_id":609,"kind":"top_words","i1":4,"i2":9,"sol":{"path":["/c/en/needed","/c/en/need","/c/en/needs"],"weight":0.20600000000000002,"degrees":[94,1130,41]},"num_concepts_raised":116},{"base_id":609,"kind":"top_words","i1":5,"i2":6,"sol":{"path":["/c/en/desperately","/c/en/need"],"weight":0.20400000000000001,"degrees":[75,1130]},"num_concepts_raised":903},{"base_id":609,"kind":"top_words","i1":5,"i2":7,"sol":{"path":["/c/en/desperately","/c/en/need","/c/en/condition","/c/en/qualify"],"weight":0.20616999999999935,"degrees":[75,1130,1648,298]},"num_concepts_raised":32302},{"base_id":609,"kind":"top_words","i1":5,"i2":8,"sol":{"path":["/c/en/desperately","/c/en/need","/c/en/support","/c/en/computing","/c/en/decompress"],"weight":0.20393999999999976,"degrees":[75,1130,2237,9084,69]},"num_concepts_raised":16529},{"base_id":609,"kind":"top_words","i1":5,"i2":9,"sol":{"path":["/c/en/desperately","/c/en/need","/c/en/needs"],"weight":0.20400000000000001,"degrees":[75,1130,41]},"num_concepts_raised":93},{"base_id":609,"kind":"top_words","i1":6,"i2":7,"sol":{"path":["/c/en/need","/c/en/requirement","/c/en/qualify"],"weight":0.20600000000000002,"degrees":[1130,334,298]},"num_concepts_raised":1075},{"base_id":609,"kind":"top_words","i1":6,"i2":8,"sol":{"path":["/c/en/need","/c/en/water","/c/en/diver","/c/en/decompress"],"weight":0.2249299999999989,"degrees":[1130,4606,225,69]},"num_concepts_raised":100715},{"base_id":609,"kind":"top_words","i1":6,"i2":9,"sol":{"path":["/c/en/need","/c/en/needs"],"weight":0.20800000000000002,"degrees":[1130,41]},"num_concepts_raised":875},{"base_id":609,"kind":"top_words","i1":7,"i2":8,"sol":{"path":["/c/en/qualify","/c/en/quality","/c/en/atmospheric","/c/en/decompress"],"weight":0.2078399999999992,"degrees":[298,1710,170,69]},"num_concepts_raised":44975},{"base_id":609,"kind":"top_words","i1":7,"i2":9,"sol":{"path":["/c/en/qualify","/c/en/condition","/c/en/need","/c/en/needs"],"weight":0.2078799999999993,"degrees":[298,1648,1130,41]},"num_concepts_raised":45782},{"base_id":609,"kind":"top_words","i1":8,"i2":9,"sol":{"path":["/c/en/decompress","/c/en/computing","/c/en/utility","/c/en/needs"],"weight":0.2034099999999997,"degrees":[69,9084,302,41]},"num_concepts_raised":30275}]]