[[{"base_id":331,"kind":"bot_words","i1":0,"i2":1,"sol":{"path":["/c/en/dismal","/c/en/disgraceful","/c/en/moral","/c/en/moralize"],"weight":0.20498999999999956,"degrees":[129,190,587,50]},"num_concepts_raised":12782},{"base_id":331,"kind":"bot_words","i1":0,"i2":2,"sol":{"path":["/c/en/dismal","/c/en/gloomy","/c/en/darkness","/c/en/reflect","/c/en/reflectance"],"weight":0.20530999999999958,"degrees":[129,478,670,562,27]},"num_concepts_raised":20977},{"base_id":331,"kind":"bot_words","i1":0,"i2":3,"sol":{"path":["/c/en/dismal","/c/en/glorious","/c/en/magnificent","/c/en/munificent"],"weight":0.2042699999999995,"degrees":[129,282,372,64]},"num_concepts_raised":11252},{"base_id":331,"kind":"bot_words","i1":0,"i2":4,"sol":{"path":["/c/en/dismal","/c/en/sad","/c/en/medicine","/c/en/haemodialysis"],"weight":0.2042599999999996,"degrees":[129,747,11938,35]},"num_concepts_raised":23357},{"base_id":331,"kind":"bot_words","i1":0,"i2":5,"sol":{"path":["/c/en/dismal","/c/en/dark","/c/en/library","/c/en/biography"],"weight":0.21432999999999994,"degrees":[129,1488,1023,362]},"num_concepts_raised":19849},{"base_id":331,"kind":"bot_words","i1":0,"i2":6,"sol":{"path":["/c/en/dismal","/c/la/dies","/c/en/historical","/c/en/yamato"],"weight":0.20922999999999956,"degrees":[129,215,8415,58]},"num_concepts_raised":18906},{"base_id":331,"kind":"bot_words","i1":0,"i2":7,"sol":{"path":["/c/en/dismal","/c/en/bright","/c/en/metal","/c/en/grate"],"weight":0.20773999999999904,"degrees":[129,1381,2107,349]},"num_concepts_raised":32654},{"base_id":331,"kind":"bot_words","i1":0,"i2":8,"sol":{"path":["/c/en/dismal","/c/en/dark","/c/en/oil","/c/en/dao"],"weight":0.2041599999999995,"degrees":[129,1488,1904,41]},"num_concepts_raised":35920},{"base_id":331,"kind":"bot_words","i1":0,"i2":9,"sol":{"path":["/c/en/dismal","/c/en/grim","/c/en/slang","/c/en/gonad"],"weight":0.21246999999999977,"degrees":[129,197,16318,188]},"num_concepts_raised":39177},{"base_id":331,"kind":"bot_words","i1":1,"i2":2,"sol":{"path":["/c/en/moralize","/c/en/moral","/c/en/principle","/c/en/physics","/c/en/reflectance"],"weight":0.20396999999999985,"degrees":[50,587,753,9094,27]},"num_concepts_raised":14582},{"base_id":331,"kind":"bot_words","i1":1,"i2":3,"sol":{"path":["/c/en/moralize","/c/en/moral","/c/en/libertine","/c/en/liberal","/c/en/munificent"],"weight":0.20442999999999978,"degrees":[50,587,140,401,64]},"num_concepts_raised":4933},{"base_id":331,"kind":"bot_words","i1":1,"i2":4,"sol":{"path":["/c/en/moralize","/c/en/reform","/c/en/chemistry","/c/en/dialysis","/c/en/haemodialysis"],"weight":0.20510999999999985,"degrees":[50,504,11754,112,35]},"num_concepts_raised":16962},{"base_id":331,"kind":"bot_words","i1":1,"i2":5,"sol":{"path":["/c/en/moralize","/c/en/moral","/c/en/story","/c/en/biography"],"weight":0.21426000000000017,"degrees":[50,587,1207,362]},"num_concepts_raised":13451},{"base_id":331,"kind":"bot_words","i1":1,"i2":6,"sol":{"path":["/c/en/moralize","/c/en/moral","/c/en/point","/c/en/historical","/c/en/yamato"],"weight":0.20938999999999983,"degrees":[50,587,2624,8415,58]},"num_concepts_raised":12508},{"base_id":331,"kind":"bot_words","i1":1,"i2":7,"sol":{"path":["/c/en/moralize","/c/en/morality","/c/en/ground","/c/en/grate"],"weight":0.20674999999999932,"degrees":[50,336,1836,349]},"num_concepts_raised":26438},{"base_id":331,"kind":"bot_words","i1":1,"i2":8,"sol":{"path":["/c/en/moralize","/c/en/morality","/c/zh/道","/c/en/dao"],"weight":0.20417999999999978,"degrees":[50,336,91,41]},"num_concepts_raised":29481},{"base_id":331,"kind":"bot_words","i1":1,"i2":9,"sol":{"path":["/c/en/moralize","/c/fr/philosophie","/c/fr/vulgaire","/c/fr/couille","/c/en/gonad"],"weight":0.21252000000000004,"degrees":[50,1482,2015,105,188]},"num_concepts_raised":32923},{"base_id":331,"kind":"bot_words","i1":2,"i2":3,"sol":{"path":["/c/en/reflectance","/c/en/surface","/c/en/fortification","/c/en/munificence","/c/en/munificent"],"weight":0.2051699999999998,"degrees":[27,1764,326,95,64]},"num_concepts_raised":13187},{"base_id":331,"kind":"bot_words","i1":2,"i2":4,"sol":{"path":["/c/en/reflectance","/c/en/physics","/c/en/chemistry","/c/en/dialysis","/c/en/haemodialysis"],"weight":0.2050099999999999,"degrees":[27,9094,11754,112,35]},"num_concepts_raised":25085},{"base_id":331,"kind":"bot_words","i1":2,"i2":5,"sol":{"path":["/c/en/reflectance","/c/en/physics","/c/en/energy","/c/en/life","/c/en/biography"],"weight":0.2155700000000002,"degrees":[27,9094,1631,2241,362]},"num_concepts_raised":21654},{"base_id":331,"kind":"bot_words","i1":2,"i2":6,"sol":{"path":["/c/en/reflectance","/c/en/physics","/c/en/omega","/c/en/japan","/c/en/yamato"],"weight":0.21033999999999986,"degrees":[27,9094,152,915,58]},"num_concepts_raised":20726},{"base_id":331,"kind":"bot_words","i1":2,"i2":7,"sol":{"path":["/c/en/reflectance","/c/en/surface","/c/en/metal","/c/en/grate"],"weight":0.20652999999999933,"degrees":[27,1764,2107,349]},"num_concepts_raised":34289},{"base_id":331,"kind":"bot_words","i1":2,"i2":8,"sol":{"path":["/c/en/reflectance","/c/en/surface","/c/en/object","/c/en/dao"],"weight":0.2028299999999998,"degrees":[27,1764,1642,41]},"num_concepts_raised":37649},{"base_id":331,"kind":"bot_words","i1":2,"i2":9,"sol":{"path":["/c/en/reflectance","/c/en/physics","/c/pl/jądro","/c/en/testicle","/c/en/gonad"],"weight":0.21246000000000004,"degrees":[27,9094,26,602,188]},"num_concepts_raised":40990},{"base_id":331,"kind":"bot_words","i1":3,"i2":4,"sol":{"path":["/c/en/munificent","/c/fi/avokätinen","/c/fi/avo","/c/en/medicine","/c/en/haemodialysis"],"weight":0.2044499999999998,"degrees":[64,15,57,11938,35]},"num_concepts_raised":15545},{"base_id":331,"kind":"bot_words","i1":3,"i2":5,"sol":{"path":["/c/en/munificent","/c/en/generous","/c/en/people","/c/en/life","/c/en/biography"],"weight":0.21633000000000013,"degrees":[64,467,4475,2241,362]},"num_concepts_raised":12086},{"base_id":331,"kind":"bot_words","i1":3,"i2":6,"sol":{"path":["/c/en/munificent","/c/en/generous","/c/en/noble","/c/en/historical","/c/en/yamato"],"weight":0.2090499999999998,"degrees":[64,467,871,8415,58]},"num_concepts_raised":11095},{"base_id":331,"kind":"bot_words","i1":3,"i2":7,"sol":{"path":["/c/en/munificent","/c/en/liberal","/c/en/grit","/c/en/grate"],"weight":0.20706999999999925,"degrees":[64,401,222,349]},"num_concepts_raised":25012},{"base_id":331,"kind":"bot_words","i1":3,"i2":8,"sol":{"path":["/c/en/munificent","/c/en/generous","/c/en/people","/c/en/life","/c/en/dao"],"weight":0.20381999999999972,"degrees":[64,467,4475,2241,41]},"num_concepts_raised":28275},{"base_id":331,"kind":"bot_words","i1":3,"i2":9,"sol":{"path":["/c/en/munificent","/c/en/lavish","/c/en/plum","/c/en/testicle","/c/en/gonad"],"weight":0.21292,"degrees":[64,202,622,602,188]},"num_concepts_raised":31509},{"base_id":331,"kind":"bot_words","i1":4,"i2":5,"sol":{"path":["/c/en/haemodialysis","/c/en/blood","/c/en/life","/c/en/biography"],"weight":0.2156700000000002,"degrees":[35,2253,2241,362]},"num_concepts_raised":24015},{"base_id":331,"kind":"bot_words","i1":4,"i2":6,"sol":{"path":["/c/en/haemodialysis","/c/en/blood","/c/en/historical","/c/en/yamato"],"weight":0.20836999999999986,"degrees":[35,2253,8415,58]},"num_concepts_raised":23035},{"base_id":331,"kind":"bot_words","i1":4,"i2":7,"sol":{"path":["/c/en/haemodialysis","/c/en/medicine","/c/en/crepitus","/c/en/grate"],"weight":0.20671999999999935,"degrees":[35,11938,15,349]},"num_concepts_raised":36828},{"base_id":331,"kind":"bot_words","i1":4,"i2":8,"sol":{"path":["/c/en/haemodialysis","/c/en/medicine","/c/en/tao","/c/en/dao"],"weight":0.20329999999999981,"degrees":[35,11938,98,41]},"num_concepts_raised":40024},{"base_id":331,"kind":"bot_words","i1":4,"i2":9,"sol":{"path":["/c/en/haemodialysis","/c/en/blood","/c/en/endocrine_gland","/c/en/gonad"],"weight":0.21253000000000008,"degrees":[35,2253,138,188]},"num_concepts_raised":43066},{"base_id":331,"kind":"bot_words","i1":5,"i2":6,"sol":{"path":["/c/en/biography","/c/en/history","/c/en/historical","/c/en/yamato"],"weight":0.21854000000000018,"degrees":[362,1864,8415,58]},"num_concepts_raised":19527},{"base_id":331,"kind":"bot_words","i1":5,"i2":7,"sol":{"path":["/c/en/biography","/c/en/book","/c/en/cover","/c/en/grate"],"weight":0.2167799999999997,"degrees":[362,3239,2802,349]},"num_concepts_raised":33273},{"base_id":331,"kind":"bot_words","i1":5,"i2":8,"sol":{"path":["/c/en/biography","/c/en/life","/c/en/dao"],"weight":0.20500000000000002,"degrees":[362,2241,41]},"num_concepts_raised":262},{"base_id":331,"kind":"bot_words","i1":5,"i2":9,"sol":{"path":["/c/en/biography","/c/en/book","/c/en/slang","/c/en/gonad"],"weight":0.2205900000000004,"degrees":[362,3239,16318,188]},"num_concepts_raised":39923},{"base_id":331,"kind":"bot_words","i1":6,"i2":7,"sol":{"path":["/c/en/yamato","/c/en/historical","/c/en/gridiron","/c/en/grate"],"weight":0.2120499999999993,"degrees":[58,8415,86,349]},"num_concepts_raised":32432},{"base_id":331,"kind":"bot_words","i1":6,"i2":8,"sol":{"path":["/c/en/yamato","/c/en/historical","/c/en/dao"],"weight":0.20400000000000001,"degrees":[58,8415,41]},"num_concepts_raised":88},{"base_id":331,"kind":"bot_words","i1":6,"i2":9,"sol":{"path":["/c/en/yamato","/c/en/japan","/c/en/jewels","/c/en/testicle","/c/en/gonad"],"weight":0.21999000000000002,"degrees":[58,915,41,602,188]},"num_concepts_raised":38902},{"base_id":331,"kind":"bot_words","i1":7,"i2":8,"sol":{"path":["/c/en/grate","/c/en/rub","/c/en/oil","/c/en/dao"],"weight":0.20695999999999926,"degrees":[349,884,1904,41]},"num_concepts_raised":48954},{"base_id":331,"kind":"bot_words","i1":7,"i2":9,"sol":{"path":["/c/en/grate","/c/en/grind","/c/en/slang","/c/en/gonad"],"weight":0.21562999999999954,"degrees":[349,727,16318,188]},"num_concepts_raised":52198},{"base_id":331,"kind":"bot_words","i1":8,"i2":9,"sol":{"path":["/c/en/dao","/c/en/way","/c/en/slang","/c/en/gonad"],"weight":0.21053,"degrees":[41,1993,16318,188]},"num_concepts_raised":55696}],[{"base_id":331,"kind":"top_words","i1":0,"i2":1,"sol":{"path":["/c/en/subjunctive","/c/en/grammar","/c/en/head","/c/en/pressure","/c/en/overpressure"],"weight":0.20698999999999962,"degrees":[160,6397,3580,993,32]},"num_concepts_raised":14345},{"base_id":331,"kind":"top_words","i1":0,"i2":2,"sol":{"path":["/c/en/subjunctive","/c/fr/subjonctif","/c/fr/pouvoir","/c/fr/politique","/c/fr/néofasciste","/c/en/neofascist"],"weight":0.21700499999999967,"degrees":[160,137,1436,3449,23,25]},"num_concepts_raised":670515},{"base_id":331,"kind":"top_words","i1":0,"i2":3,"sol":{"path":["/c/en/subjunctive","/c/en/grammar","/c/en/characteristic","/c/en/lupine"],"weight":0.20644999999999955,"degrees":[160,6397,882,73]},"num_concepts_raised":17195},{"base_id":331,"kind":"top_words","i1":0,"i2":4,"sol":{"path":["/c/en/subjunctive","/c/en/mode","/c/en/state","/c/en/arizona"],"weight":0.21547999999999914,"degrees":[160,421,3243,353]},"num_concepts_raised":28167},{"base_id":331,"kind":"top_words","i1":0,"i2":5,"sol":{"path":["/c/en/subjunctive","/c/en/grammar","/c/syc/ܪܘܚܐ","/c/en/specter"],"weight":0.20695999999999953,"degrees":[160,6397,26,118]},"num_concepts_raised":17156},{"base_id":331,"kind":"top_words","i1":0,"i2":6,"sol":{"path":["/c/en/subjunctive","/c/en/grammar","/c/en/interrogative"],"weight":0.20400000000000001,"degrees":[160,6397,563]},"num_concepts_raised":656},{"base_id":331,"kind":"top_words","i1":0,"i2":7,"sol":{"path":["/c/en/subjunctive","/c/en/grammar","/c/en/animate","/c/ru/бычок","/c/en/bullhead"],"weight":0.20715999999999946,"degrees":[160,6397,449,41,60]},"num_concepts_raised":17701},{"base_id":331,"kind":"top_words","i1":0,"i2":8,"sol":{"path":["/c/en/subjunctive","/c/en/grammar","/c/en/uk","/c/en/bake"],"weight":0.21534999999999788,"degrees":[160,6397,5562,836]},"num_concepts_raised":69479},{"base_id":331,"kind":"top_words","i1":0,"i2":9,"sol":{"path":["/c/en/subjunctive","/c/ar/نصب","/c/en/raise","/c/en/flagstaff"],"weight":0.20445999999999953,"degrees":[160,40,1804,46]},"num_concepts_raised":22362},{"base_id":331,"kind":"top_words","i1":1,"i2":2,"sol":{"path":["/c/en/overpressure","/c/en/pressure","/c/en/press","/c/en/movement","/c/en/neofascism","/c/en/neofascist"],"weight":0.20973769999999986,"degrees":[32,993,1438,1567,31,25]},"num_concepts_raised":165284},{"base_id":331,"kind":"top_words","i1":1,"i2":3,"sol":{"path":["/c/en/overpressure","/c/en/pressure","/c/en/person","/c/en/dog","/c/en/lupine"],"weight":0.20460999999999996,"degrees":[32,993,12935,2320,73]},"num_concepts_raised":6886},{"base_id":331,"kind":"top_words","i1":1,"i2":4,"sol":{"path":["/c/en/overpressure","/c/en/pressure","/c/en/mccarthyism","/c/en/united_states","/c/en/arizona"],"weight":0.21513999999999955,"degrees":[32,993,79,1636,353]},"num_concepts_raised":17952},{"base_id":331,"kind":"top_words","i1":1,"i2":5,"sol":{"path":["/c/en/overpressure","/c/en/pressure","/c/en/person","/c/en/ghost","/c/en/specter"],"weight":0.2071099999999999,"degrees":[32,993,12935,950,118]},"num_concepts_raised":6861},{"base_id":331,"kind":"top_words","i1":1,"i2":6,"sol":{"path":["/c/en/overpressure","/c/en/pressure","/c/en/head","/c/en/question","/c/en/interrogative"],"weight":0.21217999999999818,"degrees":[32,993,3580,1408,563]},"num_concepts_raised":20203},{"base_id":331,"kind":"top_words","i1":1,"i2":7,"sol":{"path":["/c/en/overpressure","/c/en/pressure","/c/en/heavy","/c/en/new_zealand","/c/en/bullhead"],"weight":0.20423999999999987,"degrees":[32,993,1173,1182,60]},"num_concepts_raised":7395},{"base_id":331,"kind":"top_words","i1":1,"i2":8,"sol":{"path":["/c/en/overpressure","/c/en/pressure","/c/en/outbake","/c/en/bake"],"weight":0.21322999999999828,"degrees":[32,993,10,836]},"num_concepts_raised":59518},{"base_id":331,"kind":"top_words","i1":1,"i2":9,"sol":{"path":["/c/en/overpressure","/c/en/elevate","/c/en/raise","/c/en/flagstaff"],"weight":0.20298999999999995,"degrees":[32,211,1804,46]},"num_concepts_raised":11983},{"base_id":331,"kind":"top_words","i1":2,"i2":3,"sol":{"path":["/c/en/neofascist","/c/en/neofascism","/c/en/movement","/c/en/animal","/c/en/canine","/c/en/lupine"],"weight":0.2109339,"degrees":[25,31,1567,3735,317,73]},"num_concepts_raised":415378},{"base_id":331,"kind":"top_words","i1":2,"i2":4,"sol":{"path":["/c/en/neofascist","/c/en/neofascism","/c/en/political","/c/en/state","/c/en/arizona"],"weight":0.21499999999999964,"degrees":[25,31,1034,3243,353]},"num_concepts_raised":16065},{"base_id":331,"kind":"top_words","i1":2,"i2":5,"sol":{"path":["/c/en/neofascist","/c/fr/néofasciste","/c/fr/politique","/c/fr/personne","/c/fr/spectre","/c/en/specter"],"weight":0.21538230000000005,"degrees":[25,23,3449,3714,164,118]},"num_concepts_raised":465864},{"base_id":331,"kind":"top_words","i1":2,"i2":6,"sol":{"path":["/c/en/neofascist","/c/en/neofascism","/c/en/movement","/c/en/wh_movement","/c/en/interrogative"],"weight":0.20951999999999824,"degrees":[25,31,1567,33,563]},"num_concepts_raised":18306},{"base_id":331,"kind":"top_words","i1":2,"i2":7,"sol":{"path":["/c/en/neofascist","/c/fr/néofasciste","/c/fr/politique","/c/fr/échafaudage","/c/fr/chabot","/c/en/bullhead"],"weight":0.21041759999999987,"degrees":[25,23,3449,90,41,60]},"num_concepts_raised":499426},{"base_id":331,"kind":"top_words","i1":2,"i2":8,"sol":{"path":["/c/en/neofascist","/c/en/neofascism","/c/en/movement","/c/en/hot","/c/en/bake"],"weight":0.21343999999999835,"degrees":[25,31,1567,1227,836]},"num_concepts_raised":57722},{"base_id":331,"kind":"top_words","i1":2,"i2":9,"sol":{"path":["/c/en/neofascist","/c/en/neofascism","/c/en/movement","/c/en/raise","/c/en/flagstaff"],"weight":0.20396999999999998,"degrees":[25,31,1567,1804,46]},"num_concepts_raised":10177},{"base_id":331,"kind":"top_words","i1":3,"i2":4,"sol":{"path":["/c/en/lupine","/c/en/texas","/c/en/united_states","/c/en/arizona"],"weight":0.21486999999999945,"degrees":[73,887,1636,353]},"num_concepts_raised":20518},{"base_id":331,"kind":"top_words","i1":3,"i2":5,"sol":{"path":["/c/en/lupine","/c/fr/lupin","/c/fr/éventail","/c/en/spectrum","/c/en/specter"],"weight":0.20783999999999983,"degrees":[73,66,158,340,118]},"num_concepts_raised":9697},{"base_id":331,"kind":"top_words","i1":3,"i2":6,"sol":{"path":["/c/en/lupine","/c/en/characteristic","/c/en/grammar","/c/en/interrogative"],"weight":0.2102599999999981,"degrees":[73,882,6397,563]},"num_concepts_raised":23017},{"base_id":331,"kind":"top_words","i1":3,"i2":7,"sol":{"path":["/c/en/lupine","/c/en/wolf","/c/fr/zoologie","/c/fr/chabot","/c/en/bullhead"],"weight":0.20509999999999978,"degrees":[73,834,9122,41,60]},"num_concepts_raised":10208},{"base_id":331,"kind":"top_words","i1":3,"i2":8,"sol":{"path":["/c/en/lupine","/c/en/dog","/c/fr/four","/c/en/bake"],"weight":0.2144099999999982,"degrees":[73,2320,431,836]},"num_concepts_raised":62125},{"base_id":331,"kind":"top_words","i1":3,"i2":9,"sol":{"path":["/c/en/lupine","/c/en/dog","/c/en/flag","/c/en/flagstaff"],"weight":0.20473999999999987,"degrees":[73,2320,1318,46]},"num_concepts_raised":14489},{"base_id":331,"kind":"top_words","i1":4,"i2":5,"sol":{"path":["/c/en/arizona","/c/en/phoenix","/c/en/mythical_being","/c/en/ghost","/c/en/specter"],"weight":0.21913999999999945,"degrees":[353,467,46,950,118]},"num_concepts_raised":20676},{"base_id":331,"kind":"top_words","i1":4,"i2":6,"sol":{"path":["/c/en/arizona","/c/en/page","/c/en/what","/c/en/interrogative"],"weight":0.2190499999999977,"degrees":[353,967,1146,563]},"num_concepts_raised":33881},{"base_id":331,"kind":"top_words","i1":4,"i2":7,"sol":{"path":["/c/en/arizona","/c/en/united_states","/c/en/north_america","/c/en/bullhead"],"weight":0.21443999999999938,"degrees":[353,1636,1079,60]},"num_concepts_raised":21182},{"base_id":331,"kind":"top_words","i1":4,"i2":8,"sol":{"path":["/c/en/arizona","/c/en/united_states","/c/en/us","/c/en/bake"],"weight":0.2235499999999978,"degrees":[353,1636,8154,836]},"num_concepts_raised":72244},{"base_id":331,"kind":"top_words","i1":4,"i2":9,"sol":{"path":["/c/en/arizona","/c/en/flagstaff"],"weight":0.20500000000000002,"degrees":[353,46]},"num_concepts_raised":317},{"base_id":331,"kind":"top_words","i1":5,"i2":6,"sol":{"path":["/c/en/specter","/c/syc/ܪܘܚܐ","/c/en/grammar","/c/en/interrogative"],"weight":0.21076999999999807,"degrees":[118,26,6397,563]},"num_concepts_raised":22968},{"base_id":331,"kind":"top_words","i1":5,"i2":7,"sol":{"path":["/c/en/specter","/c/en/image","/c/en/species","/c/en/bullhead"],"weight":0.20421999999999974,"degrees":[118,1264,1659,60]},"num_concepts_raised":10230},{"base_id":331,"kind":"top_words","i1":5,"i2":8,"sol":{"path":["/c/en/specter","/c/fr/spectre","/c/fr/faire","/c/en/bake"],"weight":0.21617999999999818,"degrees":[118,164,4336,836]},"num_concepts_raised":62033},{"base_id":331,"kind":"top_words","i1":5,"i2":9,"sol":{"path":["/c/en/specter","/c/en/ghost","/c/en/computing","/c/en/flag","/c/en/flagstaff"],"weight":0.20725999999999983,"degrees":[118,950,9084,1318,46]},"num_concepts_raised":14892},{"base_id":331,"kind":"top_words","i1":6,"i2":7,"sol":{"path":["/c/en/interrogative","/c/en/question","/c/en/heraldry","/c/it/scazzone","/c/en/bullhead"],"weight":0.211399999999998,"degrees":[563,1408,1093,11,60]},"num_concepts_raised":23548},{"base_id":331,"kind":"top_words","i1":6,"i2":8,"sol":{"path":["/c/en/interrogative","/c/en/what","/c/en/cake","/c/en/bake"],"weight":0.21977999999999642,"degrees":[563,1146,1707,836]},"num_concepts_raised":74905},{"base_id":331,"kind":"top_words","i1":6,"i2":9,"sol":{"path":["/c/en/interrogative","/c/en/question","/c/en/mark","/c/en/flag","/c/en/flagstaff"],"weight":0.2123499999999981,"degrees":[563,1408,1876,1318,46]},"num_concepts_raised":28166},{"base_id":331,"kind":"top_words","i1":7,"i2":8,"sol":{"path":["/c/en/bullhead","/c/ru/бычок","/c/en/slang","/c/en/bake"],"weight":0.21365999999999813,"degrees":[60,41,16318,836]},"num_concepts_raised":62296},{"base_id":331,"kind":"top_words","i1":7,"i2":9,"sol":{"path":["/c/en/bullhead","/c/en/new_zealand","/c/en/australia","/c/en/flagstaff"],"weight":0.20328999999999978,"degrees":[60,1182,2690,46]},"num_concepts_raised":14960},{"base_id":331,"kind":"top_words","i1":8,"i2":9,"sol":{"path":["/c/en/bake","/c/en/object","/c/en/flag","/c/en/flagstaff"],"weight":0.21342999999999818,"degrees":[836,1642,1318,46]},"num_concepts_raised":66373}]]