[[{"base_id":784,"kind":"bot_words","i1":0,"i2":1,"sol":{"path":["/c/en/chronometer","/c/en/watch","/c/en/television","/c/en/sitcom","/c/en/undeclared"],"weight":0.20984999999999993,"degrees":[82,1703,1498,146,38]},"num_concepts_raised":10439},{"base_id":784,"kind":"bot_words","i1":0,"i2":2,"sol":{"path":["/c/en/chronometer","/c/en/time","/c/en/table","/c/en/tableland"],"weight":0.2045599999999999,"degrees":[82,4124,1618,83]},"num_concepts_raised":13404},{"base_id":784,"kind":"bot_words","i1":0,"i2":3,"sol":{"path":["/c/en/chronometer","/c/en/time","/c/en/place","/c/en/plaza"],"weight":0.20777999999999985,"degrees":[82,4124,3314,229]},"num_concepts_raised":31643},{"base_id":784,"kind":"bot_words","i1":0,"i2":4,"sol":{"path":["/c/en/chronometer","/c/en/watch","/c/en/see","/c/en/foresee","/c/en/foreseen"],"weight":0.20473999999999987,"degrees":[82,1703,3501,201,29]},"num_concepts_raised":9649},{"base_id":784,"kind":"bot_words","i1":0,"i2":5,"sol":{"path":["/c/en/chronometer","/c/en/watch","/c/en/tell","/c/en/explanation","/c/en/elucidation"],"weight":0.20498999999999984,"degrees":[82,1703,953,508,47]},"num_concepts_raised":9242},{"base_id":784,"kind":"bot_words","i1":0,"i2":6,"sol":{"path":["/c/en/chronometer","/c/en/time","/c/en/slang","/c/en/pickled","/c/en/preserved"],"weight":0.20688999999999996,"degrees":[82,4124,16318,92,103]},"num_concepts_raised":10365},{"base_id":784,"kind":"bot_words","i1":0,"i2":7,"sol":{"path":["/c/en/chronometer","/c/en/clock","/c/en/new_zealand","/c/en/kingston"],"weight":0.21000999999999986,"degrees":[82,1070,1182,121]},"num_concepts_raised":137977},{"base_id":784,"kind":"bot_words","i1":0,"i2":8,"sol":{"path":["/c/en/chronometer","/c/fr/chronomètre","/c/en/computing","/c/en/google"],"weight":0.21462999999999982,"degrees":[82,67,9084,329]},"num_concepts_raised":27280},{"base_id":784,"kind":"bot_words","i1":0,"i2":9,"sol":{"path":["/c/en/chronometer","/c/en/time","/c/en/passing","/c/en/satisfactory"],"weight":0.20691999999999988,"degrees":[82,4124,392,188]},"num_concepts_raised":18391},{"base_id":784,"kind":"bot_words","i1":1,"i2":2,"sol":{"path":["/c/en/undeclared","/c/en/england","/c/en/level","/c/en/plateau","/c/en/tableland"],"weight":0.21137999999999985,"degrees":[38,2303,1606,187,83]},"num_concepts_raised":8157},{"base_id":784,"kind":"bot_words","i1":1,"i2":3,"sol":{"path":["/c/en/undeclared","/c/en/england","/c/en/street","/c/en/plaza"],"weight":0.21064999999999978,"degrees":[38,2303,1387,229]},"num_concepts_raised":26456},{"base_id":784,"kind":"bot_words","i1":1,"i2":4,"sol":{"path":["/c/en/undeclared","/c/en/unacknowledged","/c/fi/odottamaton","/c/en/unexpected","/c/en/foreseen"],"weight":0.20994999999999983,"degrees":[38,37,22,422,29]},"num_concepts_raised":4340},{"base_id":784,"kind":"bot_words","i1":1,"i2":5,"sol":{"path":["/c/en/undeclared","/c/en/declared","/c/en/declare","/c/en/exposition","/c/en/elucidation"],"weight":0.21008999999999978,"degrees":[38,69,605,177,47]},"num_concepts_raised":3929},{"base_id":784,"kind":"bot_words","i1":1,"i2":6,"sol":{"path":["/c/en/undeclared","/c/en/television_show","/c/en/program","/c/en/protected","/c/en/preserved"],"weight":0.20999999999999988,"degrees":[38,287,1115,169,103]},"num_concepts_raised":5069},{"base_id":784,"kind":"bot_words","i1":1,"i2":7,"sol":{"path":["/c/en/undeclared","/c/en/england","/c/en/london","/c/en/kingston"],"weight":0.2142299999999998,"degrees":[38,2303,612,121]},"num_concepts_raised":131707},{"base_id":784,"kind":"bot_words","i1":1,"i2":8,"sol":{"path":["/c/en/undeclared","/c/en/england","/c/en/cricket","/c/en/google"],"weight":0.21681999999999974,"degrees":[38,2303,1394,329]},"num_concepts_raised":22193},{"base_id":784,"kind":"bot_words","i1":1,"i2":9,"sol":{"path":["/c/en/undeclared","/c/en/declared","/c/en/declare","/c/en/account","/c/en/satisfactory"],"weight":0.21202999999999983,"degrees":[38,69,605,1083,188]},"num_concepts_raised":13266},{"base_id":784,"kind":"bot_words","i1":2,"i2":3,"sol":{"path":["/c/en/tableland","/c/en/plain","/c/fa/میدان","/c/en/plaza"],"weight":0.20838999999999977,"degrees":[83,1132,33,229]},"num_concepts_raised":29176},{"base_id":784,"kind":"bot_words","i1":2,"i2":4,"sol":{"path":["/c/en/tableland","/c/en/highland","/c/en/taghairm","/c/en/foresee","/c/en/foreseen"],"weight":0.20357999999999982,"degrees":[83,166,33,201,29]},"num_concepts_raised":7402},{"base_id":784,"kind":"bot_words","i1":2,"i2":5,"sol":{"path":["/c/en/tableland","/c/en/plateau","/c/en/plate","/c/en/illustration","/c/en/elucidation"],"weight":0.2064099999999998,"degrees":[83,187,1940,318,47]},"num_concepts_raised":6977},{"base_id":784,"kind":"bot_words","i1":2,"i2":6,"sol":{"path":["/c/en/tableland","/c/en/table","/c/en/salt","/c/en/corned","/c/en/preserved"],"weight":0.20668999999999987,"degrees":[83,1618,2754,19,103]},"num_concepts_raised":8112},{"base_id":784,"kind":"bot_words","i1":2,"i2":7,"sol":{"path":["/c/en/tableland","/c/en/table","/c/en/canada","/c/en/kingston"],"weight":0.20981999999999978,"degrees":[83,1618,2402,121]},"num_concepts_raised":135641},{"base_id":784,"kind":"bot_words","i1":2,"i2":8,"sol":{"path":["/c/en/tableland","/c/en/plain","/c/en/computing","/c/en/google"],"weight":0.21257999999999974,"degrees":[83,1132,9084,329]},"num_concepts_raised":25110},{"base_id":784,"kind":"bot_words","i1":2,"i2":9,"sol":{"path":["/c/en/tableland","/c/en/land","/c/ja/陸","/c/en/satisfactory"],"weight":0.2057399999999998,"degrees":[83,2465,29,188]},"num_concepts_raised":16212},{"base_id":784,"kind":"bot_words","i1":3,"i2":4,"sol":{"path":["/c/en/plaza","/c/en/square","/c/en/box","/c/en/surprise","/c/en/foreseen"],"weight":0.20733999999999975,"degrees":[229,1534,2026,1059,29]},"num_concepts_raised":25914},{"base_id":784,"kind":"bot_words","i1":3,"i2":5,"sol":{"path":["/c/en/plaza","/c/en/open","/c/hi/प्रकाश","/c/en/elucidation"],"weight":0.2055799999999997,"degrees":[229,2185,29,47]},"num_concepts_raised":25485},{"base_id":784,"kind":"bot_words","i1":3,"i2":6,"sol":{"path":["/c/en/plaza","/c/en/place","/c/en/preserve","/c/en/preserved"],"weight":0.20790999999999982,"degrees":[229,3314,668,103]},"num_concepts_raised":26584},{"base_id":784,"kind":"bot_words","i1":3,"i2":7,"sol":{"path":["/c/en/plaza","/c/en/square","/c/en/us","/c/en/kingston"],"weight":0.21362999999999974,"degrees":[229,1534,8154,121]},"num_concepts_raised":152688},{"base_id":784,"kind":"bot_words","i1":3,"i2":8,"sol":{"path":["/c/en/plaza","/c/en/market","/c/en/internet","/c/en/google"],"weight":0.2169399999999997,"degrees":[229,1406,2994,329]},"num_concepts_raised":43159},{"base_id":784,"kind":"bot_words","i1":3,"i2":9,"sol":{"path":["/c/en/plaza","/c/en/place","/c/en/account","/c/en/satisfactory"],"weight":0.20889999999999975,"degrees":[229,3314,1083,188]},"num_concepts_raised":34483},{"base_id":784,"kind":"bot_words","i1":4,"i2":5,"sol":{"path":["/c/en/foreseen","/c/en/surprise","/c/en/act","/c/en/explanation","/c/en/elucidation"],"weight":0.20296999999999976,"degrees":[29,1059,2503,508,47]},"num_concepts_raised":3157},{"base_id":784,"kind":"bot_words","i1":4,"i2":6,"sol":{"path":["/c/en/foreseen","/c/en/unexpected","/c/en/accident","/c/en/retained","/c/en/preserved"],"weight":0.20479999999999987,"degrees":[29,422,895,15,103]},"num_concepts_raised":4301},{"base_id":784,"kind":"bot_words","i1":4,"i2":7,"sol":{"path":["/c/en/foreseen","/c/fr/prévu","/c/en/hook","/c/en/new_zealand","/c/en/kingston"],"weight":0.20899999999999977,"degrees":[29,47,1172,1182,121]},"num_concepts_raised":132064},{"base_id":784,"kind":"bot_words","i1":4,"i2":8,"sol":{"path":["/c/en/foreseen","/c/en/unexpected","/c/en/bowl_googly","/c/en/googly","/c/en/google"],"weight":0.21565999999999974,"degrees":[29,422,19,52,329]},"num_concepts_raised":21434},{"base_id":784,"kind":"bot_words","i1":4,"i2":9,"sol":{"path":["/c/en/foreseen","/c/en/surprise","/c/en/good","/c/en/satisfactory"],"weight":0.2062299999999998,"degrees":[29,1059,2615,188]},"num_concepts_raised":12471},{"base_id":784,"kind":"bot_words","i1":5,"i2":6,"sol":{"path":["/c/en/elucidation","/c/hi/प्रकाश","/c/en/light","/c/en/pickle","/c/en/preserved"],"weight":0.20406999999999983,"degrees":[47,29,4288,408,103]},"num_concepts_raised":3893},{"base_id":784,"kind":"bot_words","i1":5,"i2":7,"sol":{"path":["/c/en/elucidation","/c/en/explanation","/c/en/gloss","/c/en/us","/c/en/kingston"],"weight":0.20931999999999973,"degrees":[47,508,338,8154,121]},"num_concepts_raised":131695},{"base_id":784,"kind":"bot_words","i1":5,"i2":8,"sol":{"path":["/c/en/elucidation","/c/en/explanation","/c/en/point","/c/en/internet","/c/en/google"],"weight":0.21422999999999967,"degrees":[47,508,2624,2994,329]},"num_concepts_raised":21005},{"base_id":784,"kind":"bot_words","i1":5,"i2":9,"sol":{"path":["/c/en/elucidation","/c/en/explanation","/c/en/account","/c/en/satisfactory"],"weight":0.20516999999999974,"degrees":[47,508,1083,188]},"num_concepts_raised":12044},{"base_id":784,"kind":"bot_words","i1":6,"i2":7,"sol":{"path":["/c/en/preserved","/c/en/preserve","/c/en/state","/c/en/jamaica","/c/en/kingston"],"weight":0.21226999999999985,"degrees":[103,668,3243,358,121]},"num_concepts_raised":132769},{"base_id":784,"kind":"bot_words","i1":6,"i2":8,"sol":{"path":["/c/en/preserved","/c/en/protected","/c/en/program","/c/en/search_engine","/c/en/google"],"weight":0.21597999999999978,"degrees":[103,169,1115,251,329]},"num_concepts_raised":22159},{"base_id":784,"kind":"bot_words","i1":6,"i2":9,"sol":{"path":["/c/en/preserved","/c/en/preserve","/c/en/good","/c/en/satisfactory"],"weight":0.20741999999999985,"degrees":[103,668,2615,188]},"num_concepts_raised":13195},{"base_id":784,"kind":"bot_words","i1":7,"i2":8,"sol":{"path":["/c/en/kingston","/c/en/ham","/c/en/internet","/c/en/google"],"weight":0.22018999999999972,"degrees":[121,508,2994,329]},"num_concepts_raised":149352},{"base_id":784,"kind":"bot_words","i1":7,"i2":9,"sol":{"path":["/c/en/kingston","/c/en/australia","/c/en/right","/c/en/satisfactory"],"weight":0.21224999999999977,"degrees":[121,2690,2319,188]},"num_concepts_raised":140739},{"base_id":784,"kind":"bot_words","i1":8,"i2":9,"sol":{"path":["/c/en/google","/c/en/company","/c/en/good","/c/en/satisfactory"],"weight":0.2151599999999997,"degrees":[329,2258,2615,188]},"num_concepts_raised":30074}],[{"base_id":784,"kind":"top_words","i1":0,"i2":1,"sol":{"path":["/c/en/diacritic","/c/en/diaeresis","/c/en/linguistics","/c/en/honorific"],"weight":0.20870999999999856,"degrees":[121,155,4250,369]},"num_concepts_raised":33411},{"base_id":784,"kind":"top_words","i1":0,"i2":2,"sol":{"path":["/c/en/diacritic","/c/en/letter","/c/en/vowel"],"weight":0.20600000000000002,"degrees":[121,2043,631]},"num_concepts_raised":559},{"base_id":784,"kind":"top_words","i1":0,"i2":3,"sol":{"path":["/c/en/diacritic","/c/en/mark","/c/en/symbol","/c/en/god","/c/en/blasphemer"],"weight":0.20549999999999952,"degrees":[121,1876,916,1774,67]},"num_concepts_raised":14356},{"base_id":784,"kind":"top_words","i1":0,"i2":4,"sol":{"path":["/c/en/diacritic","/c/en/letter","/c/en/lower_case","/c/en/lowercase"],"weight":0.21534999999999943,"degrees":[121,2043,104,95]},"num_concepts_raised":17891},{"base_id":784,"kind":"top_words","i1":0,"i2":5,"sol":{"path":["/c/en/diacritic","/c/en/mark","/c/zh/打","/c/en/abandon","/c/en/foreswear"],"weight":0.20529999999999954,"degrees":[121,1876,177,835,46]},"num_concepts_raised":16758},{"base_id":784,"kind":"top_words","i1":0,"i2":6,"sol":{"path":["/c/en/diacritic","/c/en/letter","/c/th/บัตรสนเท่ห์","/c/en/pseudonymous"],"weight":0.20490999999999965,"degrees":[121,2043,6,24]},"num_concepts_raised":13113},{"base_id":784,"kind":"top_words","i1":0,"i2":7,"sol":{"path":["/c/en/diacritic","/c/en/letter","/c/en/letters"],"weight":0.20500000000000002,"degrees":[121,2043,97]},"num_concepts_raised":196},{"base_id":784,"kind":"top_words","i1":0,"i2":8,"sol":{"path":["/c/en/diacritic","/c/en/diaeresis"],"weight":0.20800000000000002,"degrees":[121,155]},"num_concepts_raised":212},{"base_id":784,"kind":"top_words","i1":0,"i2":9,"sol":{"path":["/c/en/diacritic","/c/en/accent","/c/en/syllabic"],"weight":0.202,"degrees":[121,480,112]},"num_concepts_raised":194},{"base_id":784,"kind":"top_words","i1":1,"i2":2,"sol":{"path":["/c/en/honorific","/c/en/word","/c/en/vowel"],"weight":0.20400000000000001,"degrees":[369,2436,631]},"num_concepts_raised":808},{"base_id":784,"kind":"top_words","i1":1,"i2":3,"sol":{"path":["/c/en/honorific","/c/en/word","/c/en/god","/c/en/blasphemer"],"weight":0.20695999999999876,"degrees":[369,2436,1774,67]},"num_concepts_raised":23706},{"base_id":784,"kind":"top_words","i1":1,"i2":4,"sol":{"path":["/c/en/honorific","/c/ru/с","/c/fr/minuscule","/c/en/lowercase"],"weight":0.21447999999999867,"degrees":[369,115,372,95]},"num_concepts_raised":27286},{"base_id":784,"kind":"top_words","i1":1,"i2":5,"sol":{"path":["/c/en/honorific","/c/en/title","/c/en/abandon","/c/en/foreswear"],"weight":0.20692999999999878,"degrees":[369,1021,835,46]},"num_concepts_raised":26130},{"base_id":784,"kind":"top_words","i1":1,"i2":6,"sol":{"path":["/c/en/honorific","/c/en/respect","/c/en/name","/c/en/onymous","/c/en/pseudonymous"],"weight":0.2098399999999989,"degrees":[369,1090,2629,18,24]},"num_concepts_raised":22549},{"base_id":784,"kind":"top_words","i1":1,"i2":7,"sol":{"path":["/c/en/honorific","/c/en/word","/c/en/letters"],"weight":0.202,"degrees":[369,2436,97]},"num_concepts_raised":424},{"base_id":784,"kind":"top_words","i1":1,"i2":8,"sol":{"path":["/c/en/honorific","/c/en/linguistics","/c/en/diaeresis"],"weight":0.20600000000000002,"degrees":[369,4250,155]},"num_concepts_raised":443},{"base_id":784,"kind":"top_words","i1":1,"i2":9,"sol":{"path":["/c/en/honorific","/c/en/linguistics","/c/en/syllabic"],"weight":0.203,"degrees":[369,4250,112]},"num_concepts_raised":420},{"base_id":784,"kind":"top_words","i1":2,"i2":3,"sol":{"path":["/c/en/vowel","/c/en/word","/c/en/god","/c/en/blasphemer"],"weight":0.2163899999999993,"degrees":[631,2436,1774,67]},"num_concepts_raised":33505},{"base_id":784,"kind":"top_words","i1":2,"i2":4,"sol":{"path":["/c/en/vowel","/c/en/letter","/c/en/lower_case","/c/en/lowercase"],"weight":0.2285199999999992,"degrees":[631,2043,104,95]},"num_concepts_raised":36719},{"base_id":784,"kind":"top_words","i1":2,"i2":5,"sol":{"path":["/c/en/vowel","/c/en/front","/c/fr/donner","/c/en/foreswear"],"weight":0.2159999999999993,"degrees":[631,1105,2153,46]},"num_concepts_raised":35835},{"base_id":784,"kind":"top_words","i1":2,"i2":6,"sol":{"path":["/c/en/vowel","/c/en/letter","/c/th/บัตรสนเท่ห์","/c/en/pseudonymous"],"weight":0.21807999999999944,"degrees":[631,2043,6,24]},"num_concepts_raised":32299},{"base_id":784,"kind":"top_words","i1":2,"i2":7,"sol":{"path":["/c/en/vowel","/c/en/letter","/c/en/letters"],"weight":0.20700000000000002,"degrees":[631,2043,97]},"num_concepts_raised":568},{"base_id":784,"kind":"top_words","i1":2,"i2":8,"sol":{"path":["/c/en/vowel","/c/en/diaeresis"],"weight":0.20800000000000002,"degrees":[631,155]},"num_concepts_raised":583},{"base_id":784,"kind":"top_words","i1":2,"i2":9,"sol":{"path":["/c/en/vowel","/c/en/syllabic"],"weight":0.20400000000000001,"degrees":[631,112]},"num_concepts_raised":561},{"base_id":784,"kind":"top_words","i1":3,"i2":4,"sol":{"path":["/c/en/blasphemer","/c/en/god","/c/en/baal","/c/en/lowercase"],"weight":0.20895999999999962,"degrees":[67,1774,157,95]},"num_concepts_raised":7496},{"base_id":784,"kind":"top_words","i1":3,"i2":5,"sol":{"path":["/c/en/blasphemer","/c/en/swearer","/c/en/swear","/c/en/forswear","/c/en/foreswear"],"weight":0.2043899999999997,"degrees":[67,25,513,64,46]},"num_concepts_raised":6231},{"base_id":784,"kind":"top_words","i1":3,"i2":6,"sol":{"path":["/c/en/blasphemer","/c/en/god","/c/en/unknown","/c/en/anonymous","/c/en/pseudonymous"],"weight":0.20433999999999986,"degrees":[67,1774,462,300,24]},"num_concepts_raised":2522},{"base_id":784,"kind":"top_words","i1":3,"i2":7,"sol":{"path":["/c/en/blasphemer","/c/en/god","/c/en/word","/c/en/letters"],"weight":0.2038999999999995,"degrees":[67,1774,2436,97]},"num_concepts_raised":12944},{"base_id":784,"kind":"top_words","i1":3,"i2":8,"sol":{"path":["/c/en/blasphemer","/c/en/god","/c/en/symbol","/c/en/linguistics","/c/en/diaeresis"],"weight":0.21437999999999982,"degrees":[67,1774,916,4250,155]},"num_concepts_raised":10598},{"base_id":784,"kind":"top_words","i1":3,"i2":9,"sol":{"path":["/c/en/blasphemer","/c/en/god","/c/en/word","/c/en/polysyllabic","/c/en/syllabic"],"weight":0.20660999999999977,"degrees":[67,1774,2436,80,112]},"num_concepts_raised":11671},{"base_id":784,"kind":"top_words","i1":4,"i2":5,"sol":{"path":["/c/en/lowercase","/c/fr/minuscule","/c/fr/à","/c/fr/abandonner","/c/en/foreswear"],"weight":0.21117999999999962,"degrees":[95,372,486,522,46]},"num_concepts_raised":9943},{"base_id":784,"kind":"top_words","i1":4,"i2":6,"sol":{"path":["/c/en/lowercase","/c/en/lower_case","/c/en/letter","/c/th/บัตรสนเท่ห์","/c/en/pseudonymous"],"weight":0.21319999999999975,"degrees":[95,104,2043,6,24]},"num_concepts_raised":6251},{"base_id":784,"kind":"top_words","i1":4,"i2":7,"sol":{"path":["/c/en/lowercase","/c/el/μικρά_γράμματα","/c/en/letters"],"weight":0.20400000000000001,"degrees":[95,5,97]},"num_concepts_raised":169},{"base_id":784,"kind":"top_words","i1":4,"i2":8,"sol":{"path":["/c/en/lowercase","/c/en/small","/c/en/syllable","/c/en/diaeresis"],"weight":0.21990999999999974,"degrees":[95,2515,653,155]},"num_concepts_raised":14239},{"base_id":784,"kind":"top_words","i1":4,"i2":9,"sol":{"path":["/c/en/lowercase","/c/en/small","/c/en/syllable","/c/en/syllabic"],"weight":0.21157999999999968,"degrees":[95,2515,653,112]},"num_concepts_raised":15289},{"base_id":784,"kind":"top_words","i1":5,"i2":6,"sol":{"path":["/c/en/foreswear","/c/fr/quitter","/c/fr/travail","/c/fr/pseudonyme","/c/en/pseudonymous"],"weight":0.20408999999999983,"degrees":[46,429,1587,117,24]},"num_concepts_raised":4964},{"base_id":784,"kind":"top_words","i1":5,"i2":7,"sol":{"path":["/c/en/foreswear","/c/en/forgo","/c/en/let","/c/en/letter","/c/en/letters"],"weight":0.2059399999999995,"degrees":[46,101,725,2043,97]},"num_concepts_raised":15363},{"base_id":784,"kind":"top_words","i1":5,"i2":8,"sol":{"path":["/c/en/foreswear","/c/fr/donner","/c/en/foot","/c/en/diaeresis"],"weight":0.21391999999999983,"degrees":[46,2153,1983,155]},"num_concepts_raised":13019},{"base_id":784,"kind":"top_words","i1":5,"i2":9,"sol":{"path":["/c/en/foreswear","/c/en/renounce","/c/en/pronounce","/c/en/syllabic"],"weight":0.20419999999999977,"degrees":[46,294,387,112]},"num_concepts_raised":14092},{"base_id":784,"kind":"top_words","i1":6,"i2":7,"sol":{"path":["/c/en/pseudonymous","/c/th/บัตรสนเท่ห์","/c/en/letter","/c/en/letters"],"weight":0.20567999999999964,"degrees":[24,6,2043,97]},"num_concepts_raised":11701},{"base_id":784,"kind":"top_words","i1":6,"i2":8,"sol":{"path":["/c/en/pseudonymous","/c/th/บัตรสนเท่ห์","/c/en/letter","/c/en/diacritic","/c/en/diaeresis"],"weight":0.21593999999999997,"degrees":[24,6,2043,121,155]},"num_concepts_raised":9341},{"base_id":784,"kind":"top_words","i1":6,"i2":9,"sol":{"path":["/c/en/pseudonymous","/c/en/pseudonym","/c/en/autonym","/c/en/linguistics","/c/en/syllabic"],"weight":0.2063899999999999,"degrees":[24,273,37,4250,112]},"num_concepts_raised":10416},{"base_id":784,"kind":"top_words","i1":7,"i2":8,"sol":{"path":["/c/en/letters","/c/en/letter","/c/en/diacritic","/c/en/diaeresis"],"weight":0.21887999999999963,"degrees":[97,2043,121,155]},"num_concepts_raised":19175},{"base_id":784,"kind":"top_words","i1":7,"i2":9,"sol":{"path":["/c/en/letters","/c/en/letter","/c/en/syllable","/c/en/syllabic"],"weight":0.20851999999999957,"degrees":[97,2043,653,112]},"num_concepts_raised":20195},{"base_id":784,"kind":"top_words","i1":8,"i2":9,"sol":{"path":["/c/en/diaeresis","/c/en/linguistics","/c/en/syllabic"],"weight":0.20700000000000002,"degrees":[155,4250,112]},"num_concepts_raised":199}]]