[[{"base_id":731,"kind":"bot_words","i1":0,"i2":1,"sol":{"path":["/c/en/92","/c/en/album","/c/en/alone","/c/en/forsakenly","/c/en/helplessly"],"weight":0.20769999999999983,"degrees":[27,778,587,5,32]},"num_concepts_raised":7224},{"base_id":731,"kind":"bot_words","i1":0,"i2":2,"sol":{"path":["/c/en/92","/c/en/cardinal","/c/fr/zoologie","/c/en/arachnid","/c/en/rudra"],"weight":0.21928999999999985,"degrees":[27,5720,9122,361,55]},"num_concepts_raised":7820},{"base_id":731,"kind":"bot_words","i1":0,"i2":3,"sol":{"path":["/c/en/92","/c/en/english_language","/c/en/language","/c/en/justly"],"weight":0.2085799999999998,"degrees":[27,579,4160,95]},"num_concepts_raised":19125},{"base_id":731,"kind":"bot_words","i1":0,"i2":4,"sol":{"path":["/c/en/92","/c/en/english_language","/c/en/city","/c/en/holon"],"weight":0.2077699999999999,"degrees":[27,579,3758,26]},"num_concepts_raised":20846},{"base_id":731,"kind":"bot_words","i1":0,"i2":5,"sol":{"path":["/c/en/92","/c/en/cardinal","/c/en/east","/c/en/wind","/c/en/winds"],"weight":0.2192299999999998,"degrees":[27,5720,713,2373,37]},"num_concepts_raised":10881},{"base_id":731,"kind":"bot_words","i1":0,"i2":6,"sol":{"path":["/c/en/92","/c/en/album","/c/en/poison","/c/en/toxic"],"weight":0.21394999999999886,"degrees":[27,778,1269,498]},"num_concepts_raised":39072},{"base_id":731,"kind":"bot_words","i1":0,"i2":7,"sol":{"path":["/c/en/92","/c/en/album","/c/en/book","/c/en/dreamcatcher"],"weight":0.2137499999999998,"degrees":[27,778,3239,104]},"num_concepts_raised":11318},{"base_id":731,"kind":"bot_words","i1":0,"i2":8,"sol":{"path":["/c/en/92","/c/en/cardinal","/c/en/east","/c/en/direction","/c/en/redirection"],"weight":0.21108999999999986,"degrees":[27,5720,713,1258,45]},"num_concepts_raised":13353},{"base_id":731,"kind":"bot_words","i1":0,"i2":9,"sol":{"path":["/c/en/92","/c/en/cardinal","/c/en/film","/c/en/website","/c/en/stormfront"],"weight":0.21482999999999983,"degrees":[27,5720,2504,577,27]},"num_concepts_raised":9340},{"base_id":731,"kind":"bot_words","i1":1,"i2":2,"sol":{"path":["/c/en/helplessly","/c/de/hilflos","/c/de/h","/c/en/music","/c/sa/रुद्र","/c/en/rudra"],"weight":0.2165956999999999,"degrees":[32,44,77,8822,29,55]},"num_concepts_raised":108033},{"base_id":731,"kind":"bot_words","i1":1,"i2":3,"sol":{"path":["/c/en/helplessly","/c/en/slump","/c/en/dialect","/c/en/right","/c/en/justly"],"weight":0.2038899999999998,"degrees":[32,238,2378,2319,95]},"num_concepts_raised":12707},{"base_id":731,"kind":"bot_words","i1":1,"i2":4,"sol":{"path":["/c/en/helplessly","/c/zh/眼看","/c/en/moment","/c/en/physics","/c/en/holon"],"weight":0.2028299999999999,"degrees":[32,12,912,9094,26]},"num_concepts_raised":14401},{"base_id":731,"kind":"bot_words","i1":1,"i2":5,"sol":{"path":["/c/en/helplessly","/c/en/slump","/c/en/slang","/c/en/wind","/c/en/winds"],"weight":0.21210999999999977,"degrees":[32,238,16318,2373,37]},"num_concepts_raised":4428},{"base_id":731,"kind":"bot_words","i1":1,"i2":6,"sol":{"path":["/c/en/helplessly","/c/en/slump","/c/en/slang","/c/it/tossico","/c/en/toxic"],"weight":0.21054999999999885,"degrees":[32,238,16318,64,498]},"num_concepts_raised":32697},{"base_id":731,"kind":"bot_words","i1":1,"i2":7,"sol":{"path":["/c/en/helplessly","/c/zh/眼看","/c/en/see","/c/en/dream","/c/en/dreamcatcher"],"weight":0.21080999999999978,"degrees":[32,12,3501,1374,104]},"num_concepts_raised":4981},{"base_id":731,"kind":"bot_words","i1":1,"i2":8,"sol":{"path":["/c/en/helplessly","/c/en/slump","/c/en/drop","/c/en/direction","/c/en/redirection"],"weight":0.20388999999999985,"degrees":[32,238,1915,1258,45]},"num_concepts_raised":6914},{"base_id":731,"kind":"bot_words","i1":1,"i2":9,"sol":{"path":["/c/en/helplessly","/c/en/like_lamb_to_slaughter","/c/en/unpleasant","/c/en/storm","/c/en/stormfront"],"weight":0.2097799999999998,"degrees":[32,7,575,1015,27]},"num_concepts_raised":2894},{"base_id":731,"kind":"bot_words","i1":2,"i2":3,"sol":{"path":["/c/en/rudra","/c/en/deity","/c/en/just","/c/en/justly"],"weight":0.2143599999999998,"degrees":[55,647,999,95]},"num_concepts_raised":13305},{"base_id":731,"kind":"bot_words","i1":2,"i2":4,"sol":{"path":["/c/en/rudra","/c/en/deity","/c/en/demon","/c/en/physics","/c/en/holon"],"weight":0.21230999999999994,"degrees":[55,647,738,9094,26]},"num_concepts_raised":15005},{"base_id":731,"kind":"bot_words","i1":2,"i2":5,"sol":{"path":["/c/en/rudra","/c/en/deity","/c/sa/मरुत्","/c/en/winds"],"weight":0.21731999999999982,"degrees":[55,647,11,37]},"num_concepts_raised":5020},{"base_id":731,"kind":"bot_words","i1":2,"i2":6,"sol":{"path":["/c/en/rudra","/c/en/arachnid","/c/en/scorpion","/c/en/poisonous","/c/en/toxic"],"weight":0.2201499999999989,"degrees":[55,361,531,412,498]},"num_concepts_raised":33282},{"base_id":731,"kind":"bot_words","i1":2,"i2":7,"sol":{"path":["/c/en/rudra","/c/en/deity","/c/la/liber","/c/en/book","/c/en/dreamcatcher"],"weight":0.21820999999999982,"degrees":[55,647,214,3239,104]},"num_concepts_raised":5578},{"base_id":731,"kind":"bot_words","i1":2,"i2":8,"sol":{"path":["/c/en/rudra","/c/en/deity","/c/en/providence","/c/en/direction","/c/en/redirection"],"weight":0.21338999999999989,"degrees":[55,647,209,1258,45]},"num_concepts_raised":7504},{"base_id":731,"kind":"bot_words","i1":2,"i2":9,"sol":{"path":["/c/en/rudra","/c/en/deity","/c/en/baal","/c/en/storm","/c/en/stormfront"],"weight":0.21927999999999986,"degrees":[55,647,157,1015,27]},"num_concepts_raised":3496},{"base_id":731,"kind":"bot_words","i1":3,"i2":4,"sol":{"path":["/c/en/justly","/c/ko/시","/c/en/city","/c/en/holon"],"weight":0.20360999999999987,"degrees":[95,42,3758,26]},"num_concepts_raised":26236},{"base_id":731,"kind":"bot_words","i1":3,"i2":5,"sol":{"path":["/c/en/justly","/c/ar/عدل","/c/en/straight","/c/en/wind","/c/en/winds"],"weight":0.21405999999999975,"degrees":[95,147,935,2373,37]},"num_concepts_raised":16344},{"base_id":731,"kind":"bot_words","i1":3,"i2":6,"sol":{"path":["/c/en/justly","/c/ar/عدل","/c/en/lead","/c/en/toxic"],"weight":0.2101799999999988,"degrees":[95,147,2667,498]},"num_concepts_raised":44404},{"base_id":731,"kind":"bot_words","i1":3,"i2":7,"sol":{"path":["/c/en/justly","/c/en/just","/c/en/good","/c/en/dream","/c/en/dreamcatcher"],"weight":0.21305999999999975,"degrees":[95,999,2615,1374,104]},"num_concepts_raised":16853},{"base_id":731,"kind":"bot_words","i1":3,"i2":8,"sol":{"path":["/c/en/justly","/c/en/right","/c/en/direction","/c/en/redirection"],"weight":0.20509999999999984,"degrees":[95,2319,1258,45]},"num_concepts_raised":18715},{"base_id":731,"kind":"bot_words","i1":3,"i2":9,"sol":{"path":["/c/en/justly","/c/en/language","/c/en/afrikaans","/c/en/stormfront"],"weight":0.2086099999999998,"degrees":[95,4160,304,27]},"num_concepts_raised":14802},{"base_id":731,"kind":"bot_words","i1":4,"i2":5,"sol":{"path":["/c/en/holon","/c/en/physics","/c/en/energy","/c/en/wind","/c/en/winds"],"weight":0.21227999999999989,"degrees":[26,9094,1631,2373,37]},"num_concepts_raised":18023},{"base_id":731,"kind":"bot_words","i1":4,"i2":6,"sol":{"path":["/c/en/holon","/c/en/physics","/c/en/negative","/c/en/toxic"],"weight":0.20841999999999897,"degrees":[26,9094,834,498]},"num_concepts_raised":45804},{"base_id":731,"kind":"bot_words","i1":4,"i2":7,"sol":{"path":["/c/en/holon","/c/en/city","/c/en/book","/c/en/dreamcatcher"],"weight":0.20877999999999988,"degrees":[26,3758,3239,104]},"num_concepts_raised":18554},{"base_id":731,"kind":"bot_words","i1":4,"i2":8,"sol":{"path":["/c/en/holon","/c/en/city","/c/en/location","/c/en/redirection"],"weight":0.20295999999999995,"degrees":[26,3758,799,45]},"num_concepts_raised":20412},{"base_id":731,"kind":"bot_words","i1":4,"i2":9,"sol":{"path":["/c/en/holon","/c/en/physics","/c/en/force","/c/en/storm","/c/en/stormfront"],"weight":0.2099399999999999,"degrees":[26,9094,1979,1015,27]},"num_concepts_raised":16508},{"base_id":731,"kind":"bot_words","i1":5,"i2":6,"sol":{"path":["/c/en/winds","/c/en/blow","/c/en/waste","/c/en/toxic"],"weight":0.21347999999999884,"degrees":[37,1623,1543,498]},"num_concepts_raised":36173},{"base_id":731,"kind":"bot_words","i1":5,"i2":7,"sol":{"path":["/c/en/winds","/c/en/wind","/c/en/like","/c/en/dream","/c/en/dreamcatcher"],"weight":0.22022999999999976,"degrees":[37,2373,2357,1374,104]},"num_concepts_raised":8629},{"base_id":731,"kind":"bot_words","i1":5,"i2":8,"sol":{"path":["/c/en/winds","/c/en/wind","/c/en/direction","/c/en/redirection"],"weight":0.21330999999999983,"degrees":[37,2373,1258,45]},"num_concepts_raised":10501},{"base_id":731,"kind":"bot_words","i1":5,"i2":9,"sol":{"path":["/c/en/winds","/c/en/wind","/c/en/storm","/c/en/stormfront"],"weight":0.2193899999999998,"degrees":[37,2373,1015,27]},"num_concepts_raised":6432},{"base_id":731,"kind":"bot_words","i1":6,"i2":7,"sol":{"path":["/c/en/toxic","/c/en/harmful","/c/en/bad","/c/en/dream","/c/en/dreamcatcher"],"weight":0.21766999999999884,"degrees":[498,485,1728,1374,104]},"num_concepts_raised":36757},{"base_id":731,"kind":"bot_words","i1":6,"i2":8,"sol":{"path":["/c/en/toxic","/c/en/lead","/c/en/direction","/c/en/redirection"],"weight":0.20950999999999892,"degrees":[498,2667,1258,45]},"num_concepts_raised":38531},{"base_id":731,"kind":"bot_words","i1":6,"i2":9,"sol":{"path":["/c/en/toxic","/c/en/lead","/c/en/front","/c/en/stormfront"],"weight":0.2133099999999989,"degrees":[498,2667,1105,27]},"num_concepts_raised":34743},{"base_id":731,"kind":"bot_words","i1":7,"i2":8,"sol":{"path":["/c/en/dreamcatcher","/c/en/dream","/c/en/head","/c/en/direction","/c/en/redirection"],"weight":0.21202999999999983,"degrees":[104,1374,3580,1258,45]},"num_concepts_raised":11044},{"base_id":731,"kind":"bot_words","i1":7,"i2":9,"sol":{"path":["/c/en/dreamcatcher","/c/en/dream","/c/en/action","/c/en/storm","/c/en/stormfront"],"weight":0.2179099999999998,"degrees":[104,1374,2156,1015,27]},"num_concepts_raised":7080},{"base_id":731,"kind":"bot_words","i1":8,"i2":9,"sol":{"path":["/c/en/redirection","/c/en/direction","/c/en/front","/c/en/stormfront"],"weight":0.20889999999999986,"degrees":[45,1258,1105,27]},"num_concepts_raised":8879}],[{"base_id":731,"kind":"top_words","i1":0,"i2":1,"sol":{"path":["/c/en/acoustician","/c/en/acoustics","/c/en/sound","/c/en/bird","/c/en/martin"],"weight":0.2117699999999998,"degrees":[25,224,3218,4970,167]},"num_concepts_raised":126451},{"base_id":731,"kind":"top_words","i1":0,"i2":2,"sol":{"path":["/c/en/acoustician","/c/en/acoustic","/c/en/medicine","/c/en/zoopharmacognosy","/c/en/pharmacognosy"],"weight":0.21000999999999984,"degrees":[25,185,11938,11,55]},"num_concepts_raised":1466},{"base_id":731,"kind":"top_words","i1":0,"i2":3,"sol":{"path":["/c/en/acoustician","/c/en/acoustics","/c/en/music","/c/en/amazing","/c/en/amaze"],"weight":0.2074199999999996,"degrees":[25,224,8822,253,244]},"num_concepts_raised":8998},{"base_id":731,"kind":"top_words","i1":0,"i2":4,"sol":{"path":["/c/en/acoustician","/c/en/acoustic","/c/en/shell","/c/en/shellback"],"weight":0.20764999999999986,"degrees":[25,185,1513,29]},"num_concepts_raised":6671},{"base_id":731,"kind":"top_words","i1":0,"i2":5,"sol":{"path":["/c/en/acoustician","/c/en/acoustics","/c/en/physics","/c/en/tenacity","/c/en/doggedness"],"weight":0.20450999999999978,"degrees":[25,224,9094,101,83]},"num_concepts_raised":1968},{"base_id":731,"kind":"top_words","i1":0,"i2":6,"sol":{"path":["/c/en/acoustician","/c/en/acoustic","/c/en/medicine","/c/en/primary_myelofibrosis","/c/en/myeloid"],"weight":0.2026299999999999,"degrees":[25,185,11938,16,28]},"num_concepts_raised":1074},{"base_id":731,"kind":"top_words","i1":0,"i2":7,"sol":{"path":["/c/en/acoustician","/c/fr/acousticien","/c/fr/spécialiste","/c/en/maven","/c/en/artificial_satellite","/c/en/omid"],"weight":0.2114416999999998,"degrees":[25,11,385,103,51,31]},"num_concepts_raised":76171},{"base_id":731,"kind":"top_words","i1":0,"i2":8,"sol":{"path":["/c/en/acoustician","/c/fr/acousticien","/c/fr/acoustique","/c/en/noise","/c/en/grate","/c/en/grated"],"weight":0.20913209999999985,"degrees":[25,11,198,1201,349,25]},"num_concepts_raised":118211},{"base_id":731,"kind":"top_words","i1":0,"i2":9,"sol":{"path":["/c/en/acoustician","/c/en/acoustics","/c/en/sound","/c/en/city","/c/en/maebashi"],"weight":0.20811999999999986,"degrees":[25,224,3218,3758,59]},"num_concepts_raised":4555},{"base_id":731,"kind":"top_words","i1":1,"i2":2,"sol":{"path":["/c/en/martin","/c/en/bird","/c/en/human","/c/en/zoopharmacognosy","/c/en/pharmacognosy"],"weight":0.2191099999999997,"degrees":[167,4970,2645,11,55]},"num_concepts_raised":126888},{"base_id":731,"kind":"top_words","i1":1,"i2":3,"sol":{"path":["/c/en/martin","/c/en/stone","/c/en/kill","/c/en/amaze"],"weight":0.21226999999999946,"degrees":[167,1934,1884,244]},"num_concepts_raised":134275},{"base_id":731,"kind":"top_words","i1":1,"i2":4,"sol":{"path":["/c/en/martin","/c/en/given_name","/c/en/shell","/c/en/shellback"],"weight":0.2145599999999997,"degrees":[167,1247,1513,29]},"num_concepts_raised":131879},{"base_id":731,"kind":"top_words","i1":1,"i2":5,"sol":{"path":["/c/en/martin","/c/en/swallow","/c/en/action","/c/en/perseverance","/c/en/doggedness"],"weight":0.2140099999999996,"degrees":[167,1147,2156,194,83]},"num_concepts_raised":127364},{"base_id":731,"kind":"top_words","i1":1,"i2":6,"sol":{"path":["/c/en/martin","/c/en/bird","/c/en/syrinx","/c/en/spinal_cord","/c/en/myeloid"],"weight":0.21175999999999973,"degrees":[167,4970,75,334,28]},"num_concepts_raised":126498},{"base_id":731,"kind":"top_words","i1":1,"i2":7,"sol":{"path":["/c/en/martin","/c/en/bird","/c/en/artificial_satellite","/c/en/omid"],"weight":0.21676999999999969,"degrees":[167,4970,51,31]},"num_concepts_raised":126064},{"base_id":731,"kind":"top_words","i1":1,"i2":8,"sol":{"path":["/c/en/martin","/c/en/grind","/c/en/grate","/c/en/grated"],"weight":0.21049999999999977,"degrees":[167,727,349,25]},"num_concepts_raised":126407},{"base_id":731,"kind":"top_words","i1":1,"i2":9,"sol":{"path":["/c/en/martin","/c/en/swallow","/c/en/small","/c/en/city","/c/en/maebashi"],"weight":0.21757999999999972,"degrees":[167,1147,2515,3758,59]},"num_concepts_raised":129735},{"base_id":731,"kind":"top_words","i1":2,"i2":3,"sol":{"path":["/c/en/pharmacognosy","/c/en/pharmacology","/c/en/a","/c/ang/a","/c/en/amaze"],"weight":0.21072999999999953,"degrees":[55,974,1436,70,244]},"num_concepts_raised":9433},{"base_id":731,"kind":"top_words","i1":2,"i2":4,"sol":{"path":["/c/en/pharmacognosy","/c/en/zoopharmacognosy","/c/en/human","/c/en/worldly","/c/en/shellback"],"weight":0.21502999999999978,"degrees":[55,11,2645,246,29]},"num_concepts_raised":7112},{"base_id":731,"kind":"top_words","i1":2,"i2":5,"sol":{"path":["/c/en/pharmacognosy","/c/en/pharmacology","/c/en/go","/c/en/perseverance","/c/en/doggedness"],"weight":0.20993999999999968,"degrees":[55,974,2637,194,83]},"num_concepts_raised":2402},{"base_id":731,"kind":"top_words","i1":2,"i2":6,"sol":{"path":["/c/en/pharmacognosy","/c/en/zoopharmacognosy","/c/en/medicine","/c/en/primary_myelofibrosis","/c/en/myeloid"],"weight":0.21003999999999978,"degrees":[55,11,11938,16,28]},"num_concepts_raised":1507},{"base_id":731,"kind":"top_words","i1":2,"i2":7,"sol":{"path":["/c/en/pharmacognosy","/c/en/zoopharmacognosy","/c/en/medicine","/c/en/expectation","/c/ur/امید","/c/en/omid"],"weight":0.2169989999999996,"degrees":[55,11,11938,362,10,31]},"num_concepts_raised":71058},{"base_id":731,"kind":"top_words","i1":2,"i2":8,"sol":{"path":["/c/en/pharmacognosy","/c/en/zoopharmacognosy","/c/en/medicine","/c/en/crepitus","/c/en/grate","/c/en/grated"],"weight":0.21447179999999966,"degrees":[55,11,11938,15,349,25]},"num_concepts_raised":114179},{"base_id":731,"kind":"top_words","i1":2,"i2":9,"sol":{"path":["/c/en/pharmacognosy","/c/en/zoopharmacognosy","/c/en/human","/c/en/city","/c/en/maebashi"],"weight":0.21548999999999977,"degrees":[55,11,2645,3758,59]},"num_concepts_raised":4988},{"base_id":731,"kind":"top_words","i1":3,"i2":4,"sol":{"path":["/c/en/amaze","/c/fr/étonner","/c/en/shock","/c/en/shell","/c/en/shellback"],"weight":0.21339999999999953,"degrees":[244,233,1065,1513,29]},"num_concepts_raised":14528},{"base_id":731,"kind":"top_words","i1":3,"i2":5,"sol":{"path":["/c/en/amaze","/c/en/surprise","/c/en/action","/c/en/perseverance","/c/en/doggedness"],"weight":0.20901999999999946,"degrees":[244,1059,2156,194,83]},"num_concepts_raised":9921},{"base_id":731,"kind":"top_words","i1":3,"i2":6,"sol":{"path":["/c/en/amaze","/c/en/kill","/c/en/cancer","/c/en/omacetaxine","/c/en/myeloid"],"weight":0.2053499999999996,"degrees":[244,1884,1134,9,28]},"num_concepts_raised":9041},{"base_id":731,"kind":"top_words","i1":3,"i2":7,"sol":{"path":["/c/en/amaze","/c/en/surprise","/c/en/expectation","/c/ur/امید","/c/en/omid"],"weight":0.21213999999999955,"degrees":[244,1059,362,10,31]},"num_concepts_raised":8610},{"base_id":731,"kind":"top_words","i1":3,"i2":8,"sol":{"path":["/c/en/amaze","/c/en/surprise","/c/en/supply","/c/en/grate","/c/en/grated"],"weight":0.2080699999999996,"degrees":[244,1059,969,349,25]},"num_concepts_raised":8988},{"base_id":731,"kind":"top_words","i1":3,"i2":9,"sol":{"path":["/c/en/amaze","/c/en/amazing","/c/en/sugoi","/c/en/japan","/c/en/maebashi"],"weight":0.21284999999999954,"degrees":[244,253,7,915,59]},"num_concepts_raised":12486},{"base_id":731,"kind":"top_words","i1":4,"i2":5,"sol":{"path":["/c/en/shellback","/c/en/cross","/c/en/action","/c/en/perseverance","/c/en/doggedness"],"weight":0.2095799999999997,"degrees":[29,1512,2156,194,83]},"num_concepts_raised":7603},{"base_id":731,"kind":"top_words","i1":4,"i2":6,"sol":{"path":["/c/en/shellback","/c/en/back","/c/en/anatomy","/c/en/bone_marrow","/c/en/myeloid"],"weight":0.2077399999999998,"degrees":[29,2238,12775,297,28]},"num_concepts_raised":6715},{"base_id":731,"kind":"top_words","i1":4,"i2":7,"sol":{"path":["/c/en/shellback","/c/en/cross","/c/mul/🤞","/c/ur/امید","/c/en/omid"],"weight":0.2127199999999998,"degrees":[29,1512,369,10,31]},"num_concepts_raised":6290},{"base_id":731,"kind":"top_words","i1":4,"i2":8,"sol":{"path":["/c/en/shellback","/c/en/cross","/c/en/cover","/c/en/grate","/c/en/grated"],"weight":0.20867999999999987,"degrees":[29,1512,2802,349,25]},"num_concepts_raised":6664},{"base_id":731,"kind":"top_words","i1":4,"i2":9,"sol":{"path":["/c/en/shellback","/c/en/pop_music","/c/en/medina","/c/en/city","/c/en/maebashi"],"weight":0.2131799999999998,"degrees":[29,440,111,3758,59]},"num_concepts_raised":10149},{"base_id":731,"kind":"top_words","i1":5,"i2":6,"sol":{"path":["/c/en/doggedness","/c/fi/sisu","/c/en/backbone","/c/en/spinal_cord","/c/en/myeloid"],"weight":0.20336999999999972,"degrees":[83,63,321,334,28]},"num_concepts_raised":2010},{"base_id":731,"kind":"top_words","i1":5,"i2":7,"sol":{"path":["/c/en/doggedness","/c/en/perseverance","/c/ar/توقف","/c/en/expectation","/c/ur/امید","/c/en/omid"],"weight":0.2133601999999996,"degrees":[83,194,44,362,10,31]},"num_concepts_raised":133836},{"base_id":731,"kind":"top_words","i1":5,"i2":8,"sol":{"path":["/c/en/doggedness","/c/fi/sisu","/c/en/grit","/c/en/grate","/c/en/grated"],"weight":0.20431999999999978,"degrees":[83,63,222,349,25]},"num_concepts_raised":1966},{"base_id":731,"kind":"top_words","i1":5,"i2":9,"sol":{"path":["/c/en/doggedness","/c/en/perseverance","/c/en/go","/c/en/japan","/c/en/maebashi"],"weight":0.2099999999999997,"degrees":[83,194,2637,915,59]},"num_concepts_raised":5488},{"base_id":731,"kind":"top_words","i1":6,"i2":7,"sol":{"path":["/c/en/myeloid","/c/en/spinal_cord","/c/en/vertebrate","/c/en/bird","/c/en/artificial_satellite","/c/en/omid"],"weight":0.20945699999999973,"degrees":[28,334,405,4970,51,31]},"num_concepts_raised":67502},{"base_id":731,"kind":"top_words","i1":6,"i2":8,"sol":{"path":["/c/en/myeloid","/c/en/bone_marrow","/c/en/bordelaise","/c/en/cooking","/c/en/grate","/c/en/grated"],"weight":0.2070270999999998,"degrees":[28,297,12,1401,349,25]},"num_concepts_raised":110421},{"base_id":731,"kind":"top_words","i1":6,"i2":9,"sol":{"path":["/c/en/myeloid","/c/en/bone_marrow","/c/en/anatomy","/c/en/region","/c/en/city","/c/en/maebashi"],"weight":0.2113669999999994,"degrees":[28,297,12775,1382,3758,59]},"num_concepts_raised":326558},{"base_id":731,"kind":"top_words","i1":7,"i2":8,"sol":{"path":["/c/en/omid","/c/en/artificial_satellite","/c/en/bird","/c/en/scrape","/c/en/grate","/c/en/grated"],"weight":0.2114920999999997,"degrees":[31,51,4970,474,349,25]},"num_concepts_raised":70956},{"base_id":731,"kind":"top_words","i1":7,"i2":9,"sol":{"path":["/c/en/omid","/c/fa/امید","/c/en/hope","/c/en/city","/c/en/maebashi"],"weight":0.21318999999999977,"degrees":[31,23,1268,3758,59]},"num_concepts_raised":4166},{"base_id":731,"kind":"top_words","i1":8,"i2":9,"sol":{"path":["/c/en/grated","/c/en/grate","/c/en/noise","/c/en/city","/c/en/maebashi"],"weight":0.20907999999999985,"degrees":[25,349,1201,3758,59]},"num_concepts_raised":4552}]]