[[{"base_id":507,"kind":"bot_words","i1":0,"i2":1,"sol":{"path":["/c/en/hydroxylamine","/c/en/organic_chemistry","/c/en/carbohydrate","/c/en/heparin"],"weight":0.21453999999999973,"degrees":[74,6499,1166,109]},"num_concepts_raised":37201},{"base_id":507,"kind":"bot_words","i1":0,"i2":2,"sol":{"path":["/c/en/hydroxylamine","/c/en/explosive","/c/en/destruction","/c/en/extermination"],"weight":0.2097299999999997,"degrees":[74,467,717,132]},"num_concepts_raised":29777},{"base_id":507,"kind":"bot_words","i1":0,"i2":3,"sol":{"path":["/c/en/hydroxylamine","/c/en/base","/c/en/us","/c/en/salable","/c/en/saleable"],"weight":0.21008999999999994,"degrees":[74,2117,8154,40,69]},"num_concepts_raised":17554},{"base_id":507,"kind":"bot_words","i1":0,"i2":4,"sol":{"path":["/c/en/hydroxylamine","/c/en/base","/c/en/city","/c/en/providence"],"weight":0.21544999999999956,"degrees":[74,2117,3758,209]},"num_concepts_raised":34584},{"base_id":507,"kind":"bot_words","i1":0,"i2":5,"sol":{"path":["/c/en/hydroxylamine","/c/en/explosive","/c/en/kill","/c/en/destroy"],"weight":0.22795999999999716,"degrees":[74,467,1884,1339]},"num_concepts_raised":104109},{"base_id":507,"kind":"bot_words","i1":0,"i2":6,"sol":{"path":["/c/en/hydroxylamine","/c/en/organic_chemistry","/c/en/chemistry","/c/en/application","/c/en/inapplicable"],"weight":0.20898999999999995,"degrees":[74,6499,11754,799,46]},"num_concepts_raised":16635},{"base_id":507,"kind":"bot_words","i1":0,"i2":7,"sol":{"path":["/c/en/hydroxylamine","/c/en/base","/c/en/birth","/c/en/slink"],"weight":0.2086099999999997,"degrees":[74,2117,895,65]},"num_concepts_raised":31205},{"base_id":507,"kind":"bot_words","i1":0,"i2":8,"sol":{"path":["/c/en/hydroxylamine","/c/en/organic","/c/en/unit","/c/en/television_show","/c/en/pantanal"],"weight":0.21779999999999974,"degrees":[74,770,1582,287,59]},"num_concepts_raised":15366},{"base_id":507,"kind":"bot_words","i1":0,"i2":9,"sol":{"path":["/c/en/hydroxylamine","/c/en/base","/c/en/flyer","/c/en/pamphlet"],"weight":0.20971999999999963,"degrees":[74,2117,202,122]},"num_concepts_raised":19110},{"base_id":507,"kind":"bot_words","i1":1,"i2":2,"sol":{"path":["/c/en/heparin","/c/en/liver","/c/en/life","/c/en/extermination"],"weight":0.21205999999999967,"degrees":[109,938,2241,132]},"num_concepts_raised":39019},{"base_id":507,"kind":"bot_words","i1":1,"i2":3,"sol":{"path":["/c/en/heparin","/c/en/drug","/c/en/salable","/c/en/saleable"],"weight":0.2105399999999999,"degrees":[109,4920,40,69]},"num_concepts_raised":26882},{"base_id":507,"kind":"bot_words","i1":1,"i2":4,"sol":{"path":["/c/en/heparin","/c/en/medicine","/c/en/intervention","/c/en/providence"],"weight":0.2159199999999995,"degrees":[109,11938,252,209]},"num_concepts_raised":43790},{"base_id":507,"kind":"bot_words","i1":1,"i2":5,"sol":{"path":["/c/en/heparin","/c/en/drug","/c/en/fix","/c/en/destroy"],"weight":0.22500999999999716,"degrees":[109,4920,981,1339]},"num_concepts_raised":112808},{"base_id":507,"kind":"bot_words","i1":1,"i2":6,"sol":{"path":["/c/en/heparin","/c/en/liver","/c/en/process","/c/en/apply","/c/en/inapplicable"],"weight":0.21124999999999988,"degrees":[109,938,1571,710,46]},"num_concepts_raised":25943},{"base_id":507,"kind":"bot_words","i1":1,"i2":7,"sol":{"path":["/c/en/heparin","/c/en/liver","/c/en/animal","/c/en/slink"],"weight":0.21118999999999966,"degrees":[109,938,3735,65]},"num_concepts_raised":40422},{"base_id":507,"kind":"bot_words","i1":1,"i2":8,"sol":{"path":["/c/en/heparin","/c/en/medicine","/c/en/cat","/c/en/pantanal_cat","/c/en/pantanal"],"weight":0.2183499999999997,"degrees":[109,11938,1616,37,59]},"num_concepts_raised":24696},{"base_id":507,"kind":"bot_words","i1":1,"i2":9,"sol":{"path":["/c/en/heparin","/c/en/liver","/c/en/life","/c/en/leaflet","/c/en/pamphlet"],"weight":0.21345999999999954,"degrees":[109,938,2241,264,122]},"num_concepts_raised":28433},{"base_id":507,"kind":"bot_words","i1":2,"i2":3,"sol":{"path":["/c/en/extermination","/c/en/liquidation","/c/en/sale","/c/en/saleable"],"weight":0.20561999999999986,"degrees":[132,116,766,69]},"num_concepts_raised":18925},{"base_id":507,"kind":"bot_words","i1":2,"i2":4,"sol":{"path":["/c/en/extermination","/c/en/life","/c/en/god","/c/en/providence"],"weight":0.21134999999999948,"degrees":[132,2241,1774,209]},"num_concepts_raised":35282},{"base_id":507,"kind":"bot_words","i1":2,"i2":5,"sol":{"path":["/c/en/extermination","/c/en/kill","/c/en/destroy"],"weight":0.20500000000000002,"degrees":[132,1884,1339]},"num_concepts_raised":1217},{"base_id":507,"kind":"bot_words","i1":2,"i2":6,"sol":{"path":["/c/en/extermination","/c/en/give","/c/en/apply","/c/en/inapplicable"],"weight":0.20431999999999986,"degrees":[132,2421,710,46]},"num_concepts_raised":18003},{"base_id":507,"kind":"bot_words","i1":2,"i2":7,"sol":{"path":["/c/en/extermination","/c/en/like","/c/en/scotland","/c/en/slink"],"weight":0.20528999999999964,"degrees":[132,2357,2226,65]},"num_concepts_raised":32191},{"base_id":507,"kind":"bot_words","i1":2,"i2":8,"sol":{"path":["/c/en/extermination","/c/en/destruction","/c/en/wipeout","/c/en/television_show","/c/en/pantanal"],"weight":0.21364999999999967,"degrees":[132,717,50,287,59]},"num_concepts_raised":16800},{"base_id":507,"kind":"bot_words","i1":2,"i2":9,"sol":{"path":["/c/en/extermination","/c/en/life","/c/en/leaflet","/c/en/pamphlet"],"weight":0.20657999999999954,"degrees":[132,2241,264,122]},"num_concepts_raised":20378},{"base_id":507,"kind":"bot_words","i1":3,"i2":4,"sol":{"path":["/c/en/saleable","/c/en/worth","/c/ar/قدر","/c/en/providence"],"weight":0.2104699999999997,"degrees":[69,559,133,209]},"num_concepts_raised":23663},{"base_id":507,"kind":"bot_words","i1":3,"i2":5,"sol":{"path":["/c/en/saleable","/c/en/unsaleable","/c/en/waste","/c/en/destroy"],"weight":0.22000999999999737,"degrees":[69,16,1543,1339]},"num_concepts_raised":93472},{"base_id":507,"kind":"bot_words","i1":3,"i2":6,"sol":{"path":["/c/en/saleable","/c/en/suitable","/c/en/inapplicable"],"weight":0.202,"degrees":[69,625,46]},"num_concepts_raised":81},{"base_id":507,"kind":"bot_words","i1":3,"i2":7,"sol":{"path":["/c/en/saleable","/c/en/sale","/c/en/low","/c/en/scotland","/c/en/slink"],"weight":0.20577999999999985,"degrees":[69,766,1298,2226,65]},"num_concepts_raised":20370},{"base_id":507,"kind":"bot_words","i1":3,"i2":8,"sol":{"path":["/c/en/saleable","/c/en/sale","/c/en/deal","/c/en/television_show","/c/en/pantanal"],"weight":0.2138799999999999,"degrees":[69,766,875,287,59]},"num_concepts_raised":4422},{"base_id":507,"kind":"bot_words","i1":3,"i2":9,"sol":{"path":["/c/en/saleable","/c/en/sale","/c/en/advertisement","/c/en/pamphlet"],"weight":0.20559999999999978,"degrees":[69,766,456,122]},"num_concepts_raised":8169},{"base_id":507,"kind":"bot_words","i1":4,"i2":5,"sol":{"path":["/c/en/providence","/c/en/state","/c/en/ruin","/c/en/destroy"],"weight":0.23045999999999692,"degrees":[209,3243,1013,1339]},"num_concepts_raised":108393},{"base_id":507,"kind":"bot_words","i1":4,"i2":6,"sol":{"path":["/c/en/providence","/c/en/force","/c/en/apply","/c/en/inapplicable"],"weight":0.2102199999999997,"degrees":[209,1979,710,46]},"num_concepts_raised":22759},{"base_id":507,"kind":"bot_words","i1":4,"i2":7,"sol":{"path":["/c/en/providence","/c/en/heaven","/c/en/animal","/c/en/slink"],"weight":0.2102999999999995,"degrees":[209,933,3735,65]},"num_concepts_raised":37037},{"base_id":507,"kind":"bot_words","i1":4,"i2":8,"sol":{"path":["/c/en/providence","/c/en/god","/c/en/love","/c/en/television_show","/c/en/pantanal"],"weight":0.21954999999999952,"degrees":[209,1774,2442,287,59]},"num_concepts_raised":21543},{"base_id":507,"kind":"bot_words","i1":4,"i2":9,"sol":{"path":["/c/en/providence","/c/fr/providence","/c/fr/conduit","/c/en/tract","/c/en/pamphlet"],"weight":0.21625999999999937,"degrees":[209,65,207,280,122]},"num_concepts_raised":25195},{"base_id":507,"kind":"bot_words","i1":5,"i2":6,"sol":{"path":["/c/en/destroy","/c/en/seek","/c/en/apply","/c/en/inapplicable"],"weight":0.21900999999999737,"degrees":[1339,709,710,46]},"num_concepts_raised":92339},{"base_id":507,"kind":"bot_words","i1":5,"i2":7,"sol":{"path":["/c/en/destroy","/c/en/kill","/c/en/birth","/c/en/slink"],"weight":0.2225799999999971,"degrees":[1339,1884,895,65]},"num_concepts_raised":105681},{"base_id":507,"kind":"bot_words","i1":5,"i2":8,"sol":{"path":["/c/en/destroy","/c/en/love","/c/en/television_show","/c/en/pantanal"],"weight":0.22707999999999717,"degrees":[1339,2442,287,59]},"num_concepts_raised":91521},{"base_id":507,"kind":"bot_words","i1":5,"i2":9,"sol":{"path":["/c/en/destroy","/c/en/waste","/c/en/tract","/c/en/pamphlet"],"weight":0.22158999999999707,"degrees":[1339,1543,280,122]},"num_concepts_raised":94746},{"base_id":507,"kind":"bot_words","i1":6,"i2":7,"sol":{"path":["/c/en/inapplicable","/c/en/irrelevant","/c/en/moot","/c/en/scotland","/c/en/slink"],"weight":0.20551999999999987,"degrees":[46,183,161,2226,65]},"num_concepts_raised":19481},{"base_id":507,"kind":"bot_words","i1":6,"i2":8,"sol":{"path":["/c/en/inapplicable","/c/en/applicable","/c/en/too_close_for_comfort","/c/en/television_show","/c/en/pantanal"],"weight":0.2136199999999999,"degrees":[46,142,20,287,59]},"num_concepts_raised":3510},{"base_id":507,"kind":"bot_words","i1":6,"i2":9,"sol":{"path":["/c/en/inapplicable","/c/en/apply","/c/en/paper","/c/en/leaflet","/c/en/pamphlet"],"weight":0.20582999999999976,"degrees":[46,710,2080,264,122]},"num_concepts_raised":7289},{"base_id":507,"kind":"bot_words","i1":7,"i2":8,"sol":{"path":["/c/en/slink","/c/en/scotland","/c/en/steamer","/c/en/south_america","/c/en/pantanal"],"weight":0.21357999999999966,"degrees":[65,2226,253,599,59]},"num_concepts_raised":18208},{"base_id":507,"kind":"bot_words","i1":7,"i2":9,"sol":{"path":["/c/en/slink","/c/en/thin","/c/en/card","/c/en/pamphlet"],"weight":0.20420999999999956,"degrees":[65,1295,1332,122]},"num_concepts_raised":21823},{"base_id":507,"kind":"bot_words","i1":8,"i2":9,"sol":{"path":["/c/en/pantanal","/c/en/television_show","/c/en/programme","/c/en/brochure","/c/en/pamphlet"],"weight":0.21483999999999956,"degrees":[59,287,206,169,122]},"num_concepts_raised":6003}],[{"base_id":507,"kind":"top_words","i1":0,"i2":1,"sol":{"path":["/c/en/anna","/c/en/a","/c/en/dialectal","/c/cs/pikador","/c/en/picador"],"weight":0.2095999999999999,"degrees":[86,1436,4127,8,28]},"num_concepts_raised":5815},{"base_id":507,"kind":"top_words","i1":0,"i2":2,"sol":{"path":["/c/en/anna","/c/en/given_name","/c/en/randy","/c/en/random"],"weight":0.21310999999999886,"degrees":[86,1247,81,368]},"num_concepts_raised":53441},{"base_id":507,"kind":"top_words","i1":0,"i2":3,"sol":{"path":["/c/en/anna","/c/en/given_name","/c/en/lena"],"weight":0.20600000000000002,"degrees":[86,1247,50]},"num_concepts_raised":112},{"base_id":507,"kind":"top_words","i1":0,"i2":4,"sol":{"path":["/c/en/anna","/c/en/pie","/c/en/dessert","/c/en/pavlova"],"weight":0.21067999999999987,"degrees":[86,483,634,37]},"num_concepts_raised":10948},{"base_id":507,"kind":"top_words","i1":0,"i2":5,"sol":{"path":["/c/en/anna","/c/hi/आना","/c/en/sixteenth","/c/en/sweet_sixteen","/c/en/quinceañera"],"weight":0.21789999999999982,"degrees":[86,23,135,29,51]},"num_concepts_raised":11296},{"base_id":507,"kind":"top_words","i1":0,"i2":6,"sol":{"path":["/c/en/anna","/c/hi/आना","/c/en/like","/c/en/wash","/c/en/washable"],"weight":0.21229000000000003,"degrees":[86,23,2357,1410,70]},"num_concepts_raised":8693},{"base_id":507,"kind":"top_words","i1":0,"i2":7,"sol":{"path":["/c/en/anna","/c/fr/anne","/c/fr/prénom","/c/fr/tristan","/c/en/ringlet"],"weight":0.21885999999999972,"degrees":[86,70,6796,26,100]},"num_concepts_raised":12395},{"base_id":507,"kind":"top_words","i1":0,"i2":8,"sol":{"path":["/c/en/anna","/c/en/rupee","/c/en/india","/c/en/siddhartha"],"weight":0.21617999999999982,"degrees":[86,202,1846,67]},"num_concepts_raised":9842},{"base_id":507,"kind":"top_words","i1":0,"i2":9,"sol":{"path":["/c/en/anna","/c/fr/anne","/c/fr/féminin","/c/fr/grammaire","/c/en/prohibitive"],"weight":0.21344999999999975,"degrees":[86,70,4152,2454,65]},"num_concepts_raised":13834},{"base_id":507,"kind":"top_words","i1":1,"i2":2,"sol":{"path":["/c/en/picador","/c/en/matador","/c/en/sequence","/c/en/run","/c/en/random"],"weight":0.20863999999999894,"degrees":[28,101,807,2730,368]},"num_concepts_raised":49237},{"base_id":507,"kind":"top_words","i1":1,"i2":3,"sol":{"path":["/c/en/picador","/c/en/bullfighting","/c/en/veronica","/c/en/given_name","/c/en/lena"],"weight":0.2081799999999998,"degrees":[28,375,99,1247,50]},"num_concepts_raised":3660},{"base_id":507,"kind":"top_words","i1":1,"i2":4,"sol":{"path":["/c/en/picador","/c/en/bullfighter","/c/en/person","/c/en/anna_pavlova","/c/en/pavlova"],"weight":0.20300999999999994,"degrees":[28,108,12935,81,37]},"num_concepts_raised":6584},{"base_id":507,"kind":"top_words","i1":1,"i2":5,"sol":{"path":["/c/en/picador","/c/es/picador","/c/es/picar","/c/en/mexico","/c/en/quinceañera"],"weight":0.2101999999999999,"degrees":[28,15,190,1283,51]},"num_concepts_raised":6864},{"base_id":507,"kind":"top_words","i1":1,"i2":6,"sol":{"path":["/c/en/picador","/c/fr/picador","/c/fr/combat","/c/en/action","/c/en/wash","/c/en/washable"],"weight":0.2130187999999999,"degrees":[28,25,458,2156,1410,70]},"num_concepts_raised":435592},{"base_id":507,"kind":"top_words","i1":1,"i2":7,"sol":{"path":["/c/en/picador","/c/en/bullfighting","/c/en/toril","/c/en/ring","/c/en/ringlet"],"weight":0.21091999999999983,"degrees":[28,375,6,2026,100]},"num_concepts_raised":7976},{"base_id":507,"kind":"top_words","i1":1,"i2":8,"sol":{"path":["/c/en/picador","/c/cs/pikador","/c/en/dialectal","/c/en/book","/c/en/siddhartha"],"weight":0.2093499999999999,"degrees":[28,8,4127,3239,67]},"num_concepts_raised":5438},{"base_id":507,"kind":"top_words","i1":1,"i2":9,"sol":{"path":["/c/en/picador","/c/en/matador","/c/en/film","/c/en/negative","/c/en/prohibitive"],"weight":0.20432999999999982,"degrees":[28,101,2504,834,65]},"num_concepts_raised":9392},{"base_id":507,"kind":"top_words","i1":2,"i2":3,"sol":{"path":["/c/en/random","/c/en/randy","/c/en/given_name","/c/en/lena"],"weight":0.21252999999999878,"degrees":[368,81,1247,50]},"num_concepts_raised":51454},{"base_id":507,"kind":"top_words","i1":2,"i2":4,"sol":{"path":["/c/en/random","/c/en/run","/c/en/australia","/c/en/pavlova"],"weight":0.2075899999999989,"degrees":[368,2730,2690,37]},"num_concepts_raised":54208},{"base_id":507,"kind":"top_words","i1":2,"i2":5,"sol":{"path":["/c/en/random","/c/en/reason","/c/en/birthday","/c/en/quinceañera"],"weight":0.21173999999999882,"degrees":[368,1379,931,51]},"num_concepts_raised":54502},{"base_id":507,"kind":"top_words","i1":2,"i2":6,"sol":{"path":["/c/en/random","/c/en/run","/c/en/damage","/c/en/washable"],"weight":0.20813999999999905,"degrees":[368,2730,1197,70]},"num_concepts_raised":51899},{"base_id":507,"kind":"top_words","i1":2,"i2":7,"sol":{"path":["/c/en/random","/c/en/music","/c/en/ring","/c/en/ringlet"],"weight":0.21433999999999878,"degrees":[368,8822,2026,100]},"num_concepts_raised":55440},{"base_id":507,"kind":"top_words","i1":2,"i2":8,"sol":{"path":["/c/en/random","/c/en/computing","/c/en/sid","/c/en/siddhartha"],"weight":0.21192999999999884,"degrees":[368,9084,23,67]},"num_concepts_raised":53011},{"base_id":507,"kind":"top_words","i1":2,"i2":9,"sol":{"path":["/c/en/random","/c/en/arbitrary","/c/en/linguistics","/c/en/prohibitive"],"weight":0.2080599999999988,"degrees":[368,226,4250,65]},"num_concepts_raised":56649},{"base_id":507,"kind":"top_words","i1":3,"i2":4,"sol":{"path":["/c/en/lena","/c/en/given_name","/c/en/australia","/c/en/pavlova"],"weight":0.2081099999999998,"degrees":[50,1247,2690,37]},"num_concepts_raised":8871},{"base_id":507,"kind":"top_words","i1":3,"i2":5,"sol":{"path":["/c/en/lena","/c/en/given_name","/c/en/us","/c/en/sweet_sixteen","/c/en/quinceañera"],"weight":0.21535999999999972,"degrees":[50,1247,8154,29,51]},"num_concepts_raised":9159},{"base_id":507,"kind":"top_words","i1":3,"i2":6,"sol":{"path":["/c/en/lena","/c/fr/lena","/c/fr/localités","/c/en/cotton","/c/en/washable"],"weight":0.21079999999999996,"degrees":[50,51,110113,1181,70]},"num_concepts_raised":6560},{"base_id":507,"kind":"top_words","i1":3,"i2":7,"sol":{"path":["/c/en/lena","/c/fr/lena","/c/fr/commune","/c/fr/boucle","/c/en/ringlet"],"weight":0.21806999999999965,"degrees":[50,51,68932,289,100]},"num_concepts_raised":10292},{"base_id":507,"kind":"top_words","i1":3,"i2":8,"sol":{"path":["/c/en/lena","/c/en/given_name","/c/en/sid","/c/en/siddhartha"],"weight":0.21348999999999974,"degrees":[50,1247,23,67]},"num_concepts_raised":7738},{"base_id":507,"kind":"top_words","i1":3,"i2":9,"sol":{"path":["/c/en/lena","/c/en/scandinavian","/c/en/sweden","/c/en/prohibition","/c/en/prohibitive"],"weight":0.20946999999999968,"degrees":[50,148,481,347,65]},"num_concepts_raised":11686},{"base_id":507,"kind":"top_words","i1":4,"i2":5,"sol":{"path":["/c/en/pavlova","/c/en/dessert","/c/en/birthday","/c/en/quinceañera"],"weight":0.20821999999999985,"degrees":[37,634,931,51]},"num_concepts_raised":12059},{"base_id":507,"kind":"top_words","i1":4,"i2":6,"sol":{"path":["/c/en/pavlova","/c/en/fruit","/c/en/water","/c/en/wash","/c/en/washable"],"weight":0.2046300000000001,"degrees":[37,2192,4606,1410,70]},"num_concepts_raised":9442},{"base_id":507,"kind":"top_words","i1":4,"i2":7,"sol":{"path":["/c/en/pavlova","/c/en/new_zealand","/c/en/ring","/c/en/ringlet"],"weight":0.2108499999999998,"degrees":[37,1182,2026,100]},"num_concepts_raised":13144},{"base_id":507,"kind":"top_words","i1":4,"i2":8,"sol":{"path":["/c/en/pavlova","/c/en/pav","/c/en/india","/c/en/siddhartha"],"weight":0.20939999999999986,"degrees":[37,12,1846,67]},"num_concepts_raised":10606},{"base_id":507,"kind":"top_words","i1":4,"i2":9,"sol":{"path":["/c/en/pavlova","/c/en/australia","/c/en/wet","/c/en/prohibition","/c/en/prohibitive"],"weight":0.2043999999999998,"degrees":[37,2690,1063,347,65]},"num_concepts_raised":14623},{"base_id":507,"kind":"top_words","i1":5,"i2":6,"sol":{"path":["/c/en/quinceañera","/c/en/birthday","/c/en/event","/c/en/wash","/c/en/washable"],"weight":0.20988,"degrees":[51,931,1724,1410,70]},"num_concepts_raised":9751},{"base_id":507,"kind":"top_words","i1":5,"i2":7,"sol":{"path":["/c/en/quinceañera","/c/en/woman","/c/en/hair","/c/en/tress","/c/en/ringlet"],"weight":0.21612999999999974,"degrees":[51,3510,2126,89,100]},"num_concepts_raised":13452},{"base_id":507,"kind":"top_words","i1":5,"i2":8,"sol":{"path":["/c/en/quinceañera","/c/en/mexico","/c/en/country","/c/en/india","/c/en/siddhartha"],"weight":0.21370999999999982,"degrees":[51,1283,2796,1846,67]},"num_concepts_raised":10923},{"base_id":507,"kind":"top_words","i1":5,"i2":9,"sol":{"path":["/c/en/quinceañera","/c/en/woman","/c/en/yichud","/c/en/prohibition","/c/en/prohibitive"],"weight":0.20957999999999977,"degrees":[51,3510,13,347,65]},"num_concepts_raised":14896},{"base_id":507,"kind":"top_words","i1":6,"i2":7,"sol":{"path":["/c/en/washable","/c/en/wash","/c/en/like","/c/en/ring","/c/en/ringlet"],"weight":0.21248999999999996,"degrees":[70,1410,2357,2026,100]},"num_concepts_raised":10842},{"base_id":507,"kind":"top_words","i1":6,"i2":8,"sol":{"path":["/c/en/washable","/c/en/wash","/c/en/up","/c/en/india","/c/en/siddhartha"],"weight":0.21004000000000006,"degrees":[70,1410,1184,1846,67]},"num_concepts_raised":8316},{"base_id":507,"kind":"top_words","i1":6,"i2":9,"sol":{"path":["/c/en/washable","/c/en/wash","/c/en/action","/c/en/prohibition","/c/en/prohibitive"],"weight":0.20599999999999996,"degrees":[70,1410,2156,347,65]},"num_concepts_raised":12270},{"base_id":507,"kind":"top_words","i1":7,"i2":8,"sol":{"path":["/c/en/ringlet","/c/en/ring","/c/en/hollow","/c/en/book","/c/en/siddhartha"],"weight":0.21626999999999974,"degrees":[100,2026,863,3239,67]},"num_concepts_raised":12046},{"base_id":507,"kind":"top_words","i1":7,"i2":9,"sol":{"path":["/c/en/ringlet","/c/fr/boucle","/c/fr/empêcher","/c/fr/prohibitif","/c/en/prohibitive"],"weight":0.2141699999999997,"degrees":[100,289,553,36,65]},"num_concepts_raised":15997},{"base_id":507,"kind":"top_words","i1":8,"i2":9,"sol":{"path":["/c/en/siddhartha","/c/en/book","/c/en/history","/c/en/prohibition","/c/en/prohibitive"],"weight":0.20979999999999976,"degrees":[67,3239,1864,347,65]},"num_concepts_raised":13463}]]