[[{"base_id":2,"kind":"bot_words","i1":0,"i2":1,"sol":{"path":["/c/en/emanate","/c/it/emanare","/c/en/smell","/c/en/molecule","/c/en/ligase"],"weight":0.20475999999999972,"degrees":[102,66,1332,1117,39]},"num_concepts_raised":13820},{"base_id":2,"kind":"bot_words","i1":0,"i2":2,"sol":{"path":["/c/en/emanate","/c/fr/émaner","/c/fr/corps","/c/fr/ville","/c/en/cardiff"],"weight":0.21262999999999976,"degrees":[102,152,2007,8696,153]},"num_concepts_raised":123743},{"base_id":2,"kind":"bot_words","i1":0,"i2":3,"sol":{"path":["/c/en/emanate","/c/fi/kantautua","/c/en/be","/c/en/act","/c/en/acts"],"weight":0.20677999999999971,"degrees":[102,15,3156,2503,28]},"num_concepts_raised":12080},{"base_id":2,"kind":"bot_words","i1":0,"i2":4,"sol":{"path":["/c/en/emanate","/c/en/issue","/c/en/person","/c/en/athlete","/c/en/decathlete"],"weight":0.20485999999999982,"degrees":[102,1087,12935,432,39]},"num_concepts_raised":5890},{"base_id":2,"kind":"bot_words","i1":0,"i2":5,"sol":{"path":["/c/en/emanate","/c/cy/cynhyrchu","/c/en/existence","/c/en/impermanence"],"weight":0.2091899999999997,"degrees":[102,32,547,83]},"num_concepts_raised":8898},{"base_id":2,"kind":"bot_words","i1":0,"i2":6,"sol":{"path":["/c/en/emanate","/c/fi/kantautua","/c/en/be","/c/en/recognize"],"weight":0.21166999999999891,"degrees":[102,15,3156,647]},"num_concepts_raised":38481},{"base_id":2,"kind":"bot_words","i1":0,"i2":7,"sol":{"path":["/c/en/emanate","/c/en/issue","/c/fr/final","/c/fr/sous_estimation","/c/en/underestimate"],"weight":0.20783999999999975,"degrees":[102,1087,137,21,177]},"num_concepts_raised":10974},{"base_id":2,"kind":"bot_words","i1":0,"i2":8,"sol":{"path":["/c/en/emanate","/c/en/issue","/c/en/state","/c/en/ence"],"weight":0.20373999999999975,"degrees":[102,1087,3243,37]},"num_concepts_raised":9334},{"base_id":2,"kind":"bot_words","i1":0,"i2":9,"sol":{"path":["/c/en/emanate","/c/fr/émaner","/c/fr/quelque_chose","/c/fr/enragé","/c/en/overzealous"],"weight":0.20580999999999966,"degrees":[102,152,1105,77,48]},"num_concepts_raised":6653},{"base_id":2,"kind":"bot_words","i1":1,"i2":2,"sol":{"path":["/c/en/ligase","/c/en/tangible_thing","/c/en/wall","/c/en/wales","/c/en/cardiff"],"weight":0.21195999999999998,"degrees":[39,1925,1673,518,153]},"num_concepts_raised":127423},{"base_id":2,"kind":"bot_words","i1":1,"i2":3,"sol":{"path":["/c/en/ligase","/c/en/ligate","/c/en/character","/c/en/act","/c/en/acts"],"weight":0.20615999999999995,"degrees":[39,58,1971,2503,28]},"num_concepts_raised":15835},{"base_id":2,"kind":"bot_words","i1":1,"i2":4,"sol":{"path":["/c/en/ligase","/c/en/tangible_thing","/c/en/field_hockey_player","/c/en/athlete","/c/en/decathlete"],"weight":0.20418000000000003,"degrees":[39,1925,9,432,39]},"num_concepts_raised":9525},{"base_id":2,"kind":"bot_words","i1":1,"i2":5,"sol":{"path":["/c/en/ligase","/c/en/tangible_thing","/c/en/die","/c/zh/無常","/c/en/impermanence"],"weight":0.21072999999999992,"degrees":[39,1925,2528,24,83]},"num_concepts_raised":12588},{"base_id":2,"kind":"bot_words","i1":1,"i2":6,"sol":{"path":["/c/en/ligase","/c/en/binding","/c/la/teneo","/c/en/know","/c/en/recognize"],"weight":0.21442999999999912,"degrees":[39,391,283,1226,647]},"num_concepts_raised":42517},{"base_id":2,"kind":"bot_words","i1":1,"i2":7,"sol":{"path":["/c/en/ligase","/c/en/enzyme","/c/en/sirtuin","/c/en/low","/c/en/underestimate"],"weight":0.20624999999999996,"degrees":[39,2499,31,1298,177]},"num_concepts_raised":14673},{"base_id":2,"kind":"bot_words","i1":1,"i2":8,"sol":{"path":["/c/en/ligase","/c/en/enzyme","/c/en/extremophile","/c/en/condition","/c/en/ence"],"weight":0.2032,"degrees":[39,2499,61,1648,37]},"num_concepts_raised":12993},{"base_id":2,"kind":"bot_words","i1":1,"i2":9,"sol":{"path":["/c/en/ligase","/c/en/ligate","/c/en/chemistry","/c/en/indifferent","/c/en/zealous","/c/en/overzealous"],"weight":0.2103228999999998,"degrees":[39,58,11754,328,275,48]},"num_concepts_raised":379216},{"base_id":2,"kind":"bot_words","i1":2,"i2":3,"sol":{"path":["/c/en/cardiff","/c/en/art","/c/en/play","/c/en/acts"],"weight":0.20977999999999994,"degrees":[153,1987,3092,28]},"num_concepts_raised":125655},{"base_id":2,"kind":"bot_words","i1":2,"i2":4,"sol":{"path":["/c/en/cardiff","/c/en/wales","/c/en/canada","/c/en/athlete","/c/en/decathlete"],"weight":0.21304000000000006,"degrees":[153,518,2402,432,39]},"num_concepts_raised":119505},{"base_id":2,"kind":"bot_words","i1":2,"i2":5,"sol":{"path":["/c/en/cardiff","/c/en/art","/c/en/acting","/c/en/impermanent","/c/en/impermanence"],"weight":0.21737999999999993,"degrees":[153,1987,335,110,83]},"num_concepts_raised":122548},{"base_id":2,"kind":"bot_words","i1":2,"i2":6,"sol":{"path":["/c/en/cardiff","/c/en/city","/c/en/see","/c/en/recognize"],"weight":0.21742999999999912,"degrees":[153,3758,3501,647]},"num_concepts_raised":152213},{"base_id":2,"kind":"bot_words","i1":2,"i2":7,"sol":{"path":["/c/en/cardiff","/c/en/art","/c/en/value","/c/en/underestimate"],"weight":0.21195999999999998,"degrees":[153,1987,1699,177]},"num_concepts_raised":124566},{"base_id":2,"kind":"bot_words","i1":2,"i2":8,"sol":{"path":["/c/en/cardiff","/c/fr/localités","/c/fr/ance","/c/en/ence"],"weight":0.20997,"degrees":[153,110113,60,37]},"num_concepts_raised":122817},{"base_id":2,"kind":"bot_words","i1":2,"i2":9,"sol":{"path":["/c/en/cardiff","/c/en/city","/c/hu/heves","/c/en/passionate","/c/en/overzealous"],"weight":0.21091999999999989,"degrees":[153,3758,11,335,48]},"num_concepts_raised":120272},{"base_id":2,"kind":"bot_words","i1":3,"i2":4,"sol":{"path":["/c/en/acts","/c/en/act","/c/en/good","/c/en/athlete","/c/en/decathlete"],"weight":0.20626,"degrees":[28,2503,2615,432,39]},"num_concepts_raised":7895},{"base_id":2,"kind":"bot_words","i1":3,"i2":5,"sol":{"path":["/c/en/acts","/c/en/act","/c/en/continue","/c/en/impermanence"],"weight":0.21066999999999989,"degrees":[28,2503,752,83]},"num_concepts_raised":10909},{"base_id":2,"kind":"bot_words","i1":3,"i2":6,"sol":{"path":["/c/en/acts","/c/en/biblical","/c/en/know","/c/en/recognize"],"weight":0.21419999999999906,"degrees":[28,835,1226,647]},"num_concepts_raised":40482},{"base_id":2,"kind":"bot_words","i1":3,"i2":7,"sol":{"path":["/c/en/acts","/c/en/act","/c/en/give","/c/en/estimate","/c/en/underestimate"],"weight":0.20831999999999995,"degrees":[28,2503,2421,700,177]},"num_concepts_raised":12949},{"base_id":2,"kind":"bot_words","i1":3,"i2":8,"sol":{"path":["/c/en/acts","/c/en/act","/c/fr/violence","/c/fr/ence","/c/en/ence"],"weight":0.20628999999999992,"degrees":[28,2503,291,188,37]},"num_concepts_raised":11315},{"base_id":2,"kind":"bot_words","i1":3,"i2":9,"sol":{"path":["/c/en/acts","/c/en/act","/c/en/backslap","/c/en/enthusiastic","/c/en/overzealous"],"weight":0.20523999999999984,"degrees":[28,2503,20,333,48]},"num_concepts_raised":8668},{"base_id":2,"kind":"bot_words","i1":4,"i2":5,"sol":{"path":["/c/en/decathlete","/c/en/athlete","/c/en/hang_time","/c/en/duration","/c/en/impermanence"],"weight":0.20974,"degrees":[39,432,7,447,83]},"num_concepts_raised":4649},{"base_id":2,"kind":"bot_words","i1":4,"i2":6,"sol":{"path":["/c/en/decathlete","/c/en/athletics","/c/en/skill","/c/en/know","/c/en/recognize"],"weight":0.21454999999999919,"degrees":[39,352,1062,1226,647]},"num_concepts_raised":34633},{"base_id":2,"kind":"bot_words","i1":4,"i2":7,"sol":{"path":["/c/en/decathlete","/c/en/athlete","/c/en/us","/c/en/low","/c/en/underestimate"],"weight":0.20721000000000003,"degrees":[39,432,8154,1298,177]},"num_concepts_raised":6737},{"base_id":2,"kind":"bot_words","i1":4,"i2":8,"sol":{"path":["/c/en/decathlete","/c/en/athlete","/c/en/us","/c/en/state","/c/en/ence"],"weight":0.20419000000000004,"degrees":[39,432,8154,3243,37]},"num_concepts_raised":5096},{"base_id":2,"kind":"bot_words","i1":4,"i2":9,"sol":{"path":["/c/en/decathlete","/c/en/athlete","/c/en/person","/c/en/fanatic","/c/en/overzealous"],"weight":0.20440999999999993,"degrees":[39,432,12935,160,48]},"num_concepts_raised":2349},{"base_id":2,"kind":"bot_words","i1":5,"i2":6,"sol":{"path":["/c/en/impermanence","/c/en/existence","/c/en/be","/c/en/recognize"],"weight":0.21558999999999906,"degrees":[83,547,3156,647]},"num_concepts_raised":37538},{"base_id":2,"kind":"bot_words","i1":5,"i2":7,"sol":{"path":["/c/en/impermanence","/c/en/duration","/c/en/value","/c/en/underestimate"],"weight":0.21078999999999992,"degrees":[83,447,1699,177]},"num_concepts_raised":9759},{"base_id":2,"kind":"bot_words","i1":5,"i2":8,"sol":{"path":["/c/en/impermanence","/c/en/existence","/c/ang/wist","/c/en/ence"],"weight":0.20858999999999994,"degrees":[83,547,27,37]},"num_concepts_raised":8100},{"base_id":2,"kind":"bot_words","i1":5,"i2":9,"sol":{"path":["/c/en/impermanence","/c/en/conditioned","/c/en/determined","/c/en/overzealous"],"weight":0.20858999999999983,"degrees":[83,47,268,48]},"num_concepts_raised":5417},{"base_id":2,"kind":"bot_words","i1":6,"i2":7,"sol":{"path":["/c/en/recognize","/c/en/perceive","/c/en/underestimate"],"weight":0.203,"degrees":[647,582,177]},"num_concepts_raised":623},{"base_id":2,"kind":"bot_words","i1":6,"i2":8,"sol":{"path":["/c/en/recognize","/c/ar/اعترف","/c/en/state","/c/en/ence"],"weight":0.21005999999999914,"degrees":[647,53,3243,37]},"num_concepts_raised":37817},{"base_id":2,"kind":"bot_words","i1":6,"i2":9,"sol":{"path":["/c/en/recognize","/c/en/know","/c/en/sexual","/c/en/passionate","/c/en/overzealous"],"weight":0.215429999999999,"degrees":[647,1226,1042,335,48]},"num_concepts_raised":35355},{"base_id":2,"kind":"bot_words","i1":7,"i2":8,"sol":{"path":["/c/en/underestimate","/c/ja/舐める","/c/fr/expérience","/c/fr/ence","/c/en/ence"],"weight":0.20726999999999995,"degrees":[177,47,332,188,37]},"num_concepts_raised":10165},{"base_id":2,"kind":"bot_words","i1":7,"i2":9,"sol":{"path":["/c/en/underestimate","/c/en/low","/c/en/cool","/c/en/passionate","/c/en/overzealous"],"weight":0.20713999999999988,"degrees":[177,1298,1186,335,48]},"num_concepts_raised":7494},{"base_id":2,"kind":"bot_words","i1":8,"i2":9,"sol":{"path":["/c/en/ence","/c/en/ebullience","/c/en/enthusiastic","/c/en/overzealous"],"weight":0.20310999999999987,"degrees":[37,17,333,48]},"num_concepts_raised":5859}],[{"base_id":2,"kind":"top_words","i1":0,"i2":1,"sol":{"path":["/c/en/distal","/c/en/proximal"],"weight":0.20400000000000001,"degrees":[169,94]},"num_concepts_raised":211},{"base_id":2,"kind":"top_words","i1":0,"i2":2,"sol":{"path":["/c/en/distal","/c/en/lateral","/c/en/phonetics","/c/en/apical"],"weight":0.20682999999999957,"degrees":[169,302,1121,52]},"num_concepts_raised":35053},{"base_id":2,"kind":"top_words","i1":0,"i2":3,"sol":{"path":["/c/en/distal","/c/en/linguistics","/c/en/dorsal"],"weight":0.203,"degrees":[169,4250,226]},"num_concepts_raised":342},{"base_id":2,"kind":"top_words","i1":0,"i2":4,"sol":{"path":["/c/en/distal","/c/en/anatomy","/c/en/posterior"],"weight":0.202,"degrees":[169,12775,353]},"num_concepts_raised":453},{"base_id":2,"kind":"top_words","i1":0,"i2":5,"sol":{"path":["/c/en/distal","/c/en/anatomy","/c/en/ventral"],"weight":0.202,"degrees":[169,12775,154]},"num_concepts_raised":283},{"base_id":2,"kind":"top_words","i1":0,"i2":6,"sol":{"path":["/c/en/distal","/c/en/anatomy","/c/en/anterior"],"weight":0.202,"degrees":[169,12775,273]},"num_concepts_raised":389},{"base_id":2,"kind":"top_words","i1":0,"i2":7,"sol":{"path":["/c/en/distal","/c/en/anatomy","/c/it/tubulo","/c/en/tubule"],"weight":0.20633999999999936,"degrees":[169,12775,11,79]},"num_concepts_raised":28047},{"base_id":2,"kind":"top_words","i1":0,"i2":8,"sol":{"path":["/c/en/distal","/c/en/anatomy","/c/en/humerus"],"weight":0.20400000000000001,"degrees":[169,12775,158]},"num_concepts_raised":255},{"base_id":2,"kind":"top_words","i1":0,"i2":9,"sol":{"path":["/c/en/distal","/c/en/anatomy","/c/en/basal"],"weight":0.20500000000000002,"degrees":[169,12775,118]},"num_concepts_raised":243},{"base_id":2,"kind":"top_words","i1":1,"i2":2,"sol":{"path":["/c/en/proximal","/c/en/anatomy","/c/en/apex","/c/en/apical"],"weight":0.20508999999999972,"degrees":[94,12775,310,52]},"num_concepts_raised":31600},{"base_id":2,"kind":"top_words","i1":1,"i2":3,"sol":{"path":["/c/en/proximal","/c/en/linguistics","/c/en/dorsal"],"weight":0.203,"degrees":[94,4250,226]},"num_concepts_raised":279},{"base_id":2,"kind":"top_words","i1":1,"i2":4,"sol":{"path":["/c/en/proximal","/c/en/anatomy","/c/en/posterior"],"weight":0.202,"degrees":[94,12775,353]},"num_concepts_raised":395},{"base_id":2,"kind":"top_words","i1":1,"i2":5,"sol":{"path":["/c/en/proximal","/c/en/anatomy","/c/en/ventral"],"weight":0.202,"degrees":[94,12775,154]},"num_concepts_raised":222},{"base_id":2,"kind":"top_words","i1":1,"i2":6,"sol":{"path":["/c/en/proximal","/c/en/anatomy","/c/en/anterior"],"weight":0.202,"degrees":[94,12775,273]},"num_concepts_raised":326},{"base_id":2,"kind":"top_words","i1":1,"i2":7,"sol":{"path":["/c/en/proximal","/c/en/anatomy","/c/it/tubulo","/c/en/tubule"],"weight":0.2053499999999995,"degrees":[94,12775,11,79]},"num_concepts_raised":24522},{"base_id":2,"kind":"top_words","i1":1,"i2":8,"sol":{"path":["/c/en/proximal","/c/en/anatomy","/c/en/humerus"],"weight":0.20400000000000001,"degrees":[94,12775,158]},"num_concepts_raised":194},{"base_id":2,"kind":"top_words","i1":1,"i2":9,"sol":{"path":["/c/en/proximal","/c/en/anatomy","/c/en/basal"],"weight":0.20500000000000002,"degrees":[94,12775,118]},"num_concepts_raised":178},{"base_id":2,"kind":"top_words","i1":2,"i2":3,"sol":{"path":["/c/en/apical","/c/en/botany","/c/en/dorsal"],"weight":0.202,"degrees":[52,6881,226]},"num_concepts_raised":244},{"base_id":2,"kind":"top_words","i1":2,"i2":4,"sol":{"path":["/c/en/apical","/c/en/caudal","/c/en/posterior"],"weight":0.203,"degrees":[52,118,353]},"num_concepts_raised":358},{"base_id":2,"kind":"top_words","i1":2,"i2":5,"sol":{"path":["/c/en/apical","/c/en/apex","/c/en/anatomy","/c/en/ventral"],"weight":0.20607999999999954,"degrees":[52,310,12775,154]},"num_concepts_raised":28649},{"base_id":2,"kind":"top_words","i1":2,"i2":6,"sol":{"path":["/c/en/apical","/c/en/phonetics","/c/en/front","/c/en/anterior"],"weight":0.20834999999999915,"degrees":[52,1121,1105,273]},"num_concepts_raised":40511},{"base_id":2,"kind":"top_words","i1":2,"i2":7,"sol":{"path":["/c/en/apical","/c/en/botany","/c/it/tubulo","/c/en/tubule"],"weight":0.20466999999999969,"degrees":[52,6881,11,79]},"num_concepts_raised":11801},{"base_id":2,"kind":"top_words","i1":2,"i2":8,"sol":{"path":["/c/en/apical","/c/en/apex","/c/en/anatomy","/c/en/humerus"],"weight":0.21134999999999982,"degrees":[52,310,12775,158]},"num_concepts_raised":31463},{"base_id":2,"kind":"top_words","i1":2,"i2":9,"sol":{"path":["/c/en/apical","/c/en/top","/c/en/base","/c/en/basal"],"weight":0.21464999999999967,"degrees":[52,1498,2117,118]},"num_concepts_raised":40216},{"base_id":2,"kind":"top_words","i1":3,"i2":4,"sol":{"path":["/c/en/dorsal","/c/en/posterior"],"weight":0.202,"degrees":[226,353]},"num_concepts_raised":510},{"base_id":2,"kind":"top_words","i1":3,"i2":5,"sol":{"path":["/c/en/dorsal","/c/en/ventral"],"weight":0.20500000000000002,"degrees":[226,154]},"num_concepts_raised":327},{"base_id":2,"kind":"top_words","i1":3,"i2":6,"sol":{"path":["/c/en/dorsal","/c/en/posterior","/c/en/anterior"],"weight":0.203,"degrees":[226,353,273]},"num_concepts_raised":442},{"base_id":2,"kind":"top_words","i1":3,"i2":7,"sol":{"path":["/c/en/dorsal","/c/en/anatomy","/c/it/tubulo","/c/en/tubule"],"weight":0.20730999999999922,"degrees":[226,12775,11,79]},"num_concepts_raised":36701},{"base_id":2,"kind":"top_words","i1":3,"i2":8,"sol":{"path":["/c/en/dorsal","/c/en/anatomy","/c/en/humerus"],"weight":0.20400000000000001,"degrees":[226,12775,158]},"num_concepts_raised":312},{"base_id":2,"kind":"top_words","i1":3,"i2":9,"sol":{"path":["/c/en/dorsal","/c/en/anatomy","/c/en/basal"],"weight":0.20500000000000002,"degrees":[226,12775,118]},"num_concepts_raised":298},{"base_id":2,"kind":"top_words","i1":4,"i2":5,"sol":{"path":["/c/en/posterior","/c/en/dorsal","/c/en/ventral"],"weight":0.203,"degrees":[353,226,154]},"num_concepts_raised":451},{"base_id":2,"kind":"top_words","i1":4,"i2":6,"sol":{"path":["/c/en/posterior","/c/en/anterior"],"weight":0.20400000000000001,"degrees":[353,273]},"num_concepts_raised":535},{"base_id":2,"kind":"top_words","i1":4,"i2":7,"sol":{"path":["/c/en/posterior","/c/en/anatomy","/c/it/tubulo","/c/en/tubule"],"weight":0.20913999999999877,"degrees":[353,12775,11,79]},"num_concepts_raised":42703},{"base_id":2,"kind":"top_words","i1":4,"i2":8,"sol":{"path":["/c/en/posterior","/c/en/anatomy","/c/en/humerus"],"weight":0.20400000000000001,"degrees":[353,12775,158]},"num_concepts_raised":428},{"base_id":2,"kind":"top_words","i1":4,"i2":9,"sol":{"path":["/c/en/posterior","/c/en/anatomy","/c/en/basal"],"weight":0.20500000000000002,"degrees":[353,12775,118]},"num_concepts_raised":412},{"base_id":2,"kind":"top_words","i1":5,"i2":6,"sol":{"path":["/c/en/ventral","/c/en/front","/c/en/anterior"],"weight":0.203,"degrees":[154,1105,273]},"num_concepts_raised":385},{"base_id":2,"kind":"top_words","i1":5,"i2":7,"sol":{"path":["/c/en/ventral","/c/en/anatomy","/c/it/tubulo","/c/en/tubule"],"weight":0.20633999999999933,"degrees":[154,12775,11,79]},"num_concepts_raised":21494},{"base_id":2,"kind":"top_words","i1":5,"i2":8,"sol":{"path":["/c/en/ventral","/c/en/anatomy","/c/en/humerus"],"weight":0.20400000000000001,"degrees":[154,12775,158]},"num_concepts_raised":252},{"base_id":2,"kind":"top_words","i1":5,"i2":9,"sol":{"path":["/c/en/ventral","/c/en/anatomy","/c/en/basal"],"weight":0.20500000000000002,"degrees":[154,12775,118]},"num_concepts_raised":237},{"base_id":2,"kind":"top_words","i1":6,"i2":7,"sol":{"path":["/c/en/anterior","/c/en/parepididymis","/c/en/tubule"],"weight":0.202,"degrees":[273,7,79]},"num_concepts_raised":319},{"base_id":2,"kind":"top_words","i1":6,"i2":8,"sol":{"path":["/c/en/anterior","/c/en/anatomy","/c/en/humerus"],"weight":0.20400000000000001,"degrees":[273,12775,158]},"num_concepts_raised":359},{"base_id":2,"kind":"top_words","i1":6,"i2":9,"sol":{"path":["/c/en/anterior","/c/en/anatomy","/c/en/basal"],"weight":0.20500000000000002,"degrees":[273,12775,118]},"num_concepts_raised":344},{"base_id":2,"kind":"top_words","i1":7,"i2":8,"sol":{"path":["/c/en/tubule","/c/it/tubulo","/c/en/anatomy","/c/en/humerus"],"weight":0.2116099999999996,"degrees":[79,11,12775,158]},"num_concepts_raised":24220},{"base_id":2,"kind":"top_words","i1":7,"i2":9,"sol":{"path":["/c/en/tubule","/c/it/tubulo","/c/en/anatomy","/c/en/basal"],"weight":0.21265999999999946,"degrees":[79,11,12775,118]},"num_concepts_raised":33212},{"base_id":2,"kind":"top_words","i1":8,"i2":9,"sol":{"path":["/c/en/humerus","/c/en/anatomy","/c/en/basal"],"weight":0.20700000000000002,"degrees":[158,12775,118]},"num_concepts_raised":210}]]