[[{"base_id":989,"kind":"bot_words","i1":0,"i2":1,"sol":{"path":["/c/en/samaria","/c/en/city","/c/en/home","/c/en/web_page","/c/en/xhtml"],"weight":0.2084499999999998,"degrees":[43,3758,2163,272,67]},"num_concepts_raised":4094},{"base_id":989,"kind":"bot_words","i1":0,"i2":2,"sol":{"path":["/c/en/samaria","/c/en/samaritan","/c/en/uk","/c/en/sergeant"],"weight":0.21225999999999984,"degrees":[43,65,5562,257]},"num_concepts_raised":38444},{"base_id":989,"kind":"bot_words","i1":0,"i2":3,"sol":{"path":["/c/en/samaria","/c/en/city","/c/en/local","/c/en/medicine","/c/en/quinidine"],"weight":0.20828999999999992,"degrees":[43,3758,710,11938,41]},"num_concepts_raised":26278},{"base_id":989,"kind":"bot_words","i1":0,"i2":4,"sol":{"path":["/c/en/samaria","/c/en/city","/c/en/base","/c/de/grundlage","/c/en/groundwork"],"weight":0.20501999999999992,"degrees":[43,3758,2117,142,75]},"num_concepts_raised":7703},{"base_id":989,"kind":"bot_words","i1":0,"i2":5,"sol":{"path":["/c/en/samaria","/c/fr/samarie","/c/fr/région","/c/fr/bosse","/c/en/hunchback"],"weight":0.20566999999999985,"degrees":[43,41,893,417,75]},"num_concepts_raised":13351},{"base_id":989,"kind":"bot_words","i1":0,"i2":6,"sol":{"path":["/c/en/samaria","/c/en/city","/c/vi/thành","/c/en/sincere"],"weight":0.20792999999999934,"degrees":[43,3758,31,426]},"num_concepts_raised":27519},{"base_id":989,"kind":"bot_words","i1":0,"i2":7,"sol":{"path":["/c/en/samaria","/c/fr/samarie","/c/fr/historique","/c/en/computing","/c/en/multiplexer"],"weight":0.2099299999999999,"degrees":[43,41,200,9084,88]},"num_concepts_raised":14342},{"base_id":989,"kind":"bot_words","i1":0,"i2":8,"sol":{"path":["/c/en/samaria","/c/en/city","/c/en/big","/c/en/thrill"],"weight":0.2051099999999994,"degrees":[43,3758,1222,225]},"num_concepts_raised":43374},{"base_id":989,"kind":"bot_words","i1":0,"i2":9,"sol":{"path":["/c/en/samaria","/c/en/city","/c/en/sanitation","/c/en/hygiea"],"weight":0.2030999999999999,"degrees":[43,3758,152,37]},"num_concepts_raised":11329},{"base_id":989,"kind":"bot_words","i1":1,"i2":2,"sol":{"path":["/c/en/xhtml","/c/en/html","/c/en/div","/c/en/legal","/c/en/sergeant"],"weight":0.21855999999999964,"degrees":[67,166,47,6627,257]},"num_concepts_raised":35952},{"base_id":989,"kind":"bot_words","i1":1,"i2":3,"sol":{"path":["/c/en/xhtml","/c/en/web_page","/c/en/history","/c/en/medicine","/c/en/quinidine"],"weight":0.21349999999999975,"degrees":[67,272,1864,11938,41]},"num_concepts_raised":23451},{"base_id":989,"kind":"bot_words","i1":1,"i2":4,"sol":{"path":["/c/en/xhtml","/c/en/html","/c/en/programming_language","/c/en/basic","/c/en/groundwork"],"weight":0.2109699999999997,"degrees":[67,166,560,604,75]},"num_concepts_raised":4900},{"base_id":989,"kind":"bot_words","i1":1,"i2":5,"sol":{"path":["/c/en/xhtml","/c/en/html","/c/en/divitis","/c/en/derogatory","/c/en/hunchback"],"weight":0.21078999999999964,"degrees":[67,166,10,3326,75]},"num_concepts_raised":10547},{"base_id":989,"kind":"bot_words","i1":1,"i2":6,"sol":{"path":["/c/en/xhtml","/c/en/hypertext_markup_language","/c/en/sound","/c/la/sincerus","/c/en/sincere"],"weight":0.21442999999999915,"degrees":[67,46,3218,55,426]},"num_concepts_raised":24767},{"base_id":989,"kind":"bot_words","i1":1,"i2":7,"sol":{"path":["/c/en/xhtml","/c/en/resource_directory_description_language","/c/en/computing","/c/en/multiplexer"],"weight":0.2140199999999997,"degrees":[67,4,9084,88]},"num_concepts_raised":11489},{"base_id":989,"kind":"bot_words","i1":1,"i2":8,"sol":{"path":["/c/en/xhtml","/c/en/html","/c/en/programming_language","/c/en/rush","/c/en/thrill"],"weight":0.21249999999999925,"degrees":[67,166,560,1156,225]},"num_concepts_raised":40669},{"base_id":989,"kind":"bot_words","i1":1,"i2":9,"sol":{"path":["/c/en/xhtml","/c/en/html","/c/en/identifier","/c/en/hygiene","/c/en/hygiea"],"weight":0.2104699999999997,"degrees":[67,166,145,286,37]},"num_concepts_raised":8529},{"base_id":989,"kind":"bot_words","i1":2,"i2":3,"sol":{"path":["/c/en/sergeant","/c/en/doctor","/c/en/medicine","/c/en/quinidine"],"weight":0.21630999999999978,"degrees":[257,1654,11938,41]},"num_concepts_raised":57690},{"base_id":989,"kind":"bot_words","i1":2,"i2":4,"sol":{"path":["/c/en/sergeant","/c/en/military","/c/la/principium","/c/en/groundwork"],"weight":0.21492999999999976,"degrees":[257,5690,32,75]},"num_concepts_raised":39247},{"base_id":989,"kind":"bot_words","i1":2,"i2":5,"sol":{"path":["/c/en/sergeant","/c/en/rank","/c/en/lord","/c/en/hunchback"],"weight":0.21357999999999966,"degrees":[257,1403,988,75]},"num_concepts_raised":44674},{"base_id":989,"kind":"bot_words","i1":2,"i2":6,"sol":{"path":["/c/en/sergeant","/c/en/historical","/c/en/real","/c/en/sincere"],"weight":0.21834999999999916,"degrees":[257,8415,969,426]},"num_concepts_raised":58284},{"base_id":989,"kind":"bot_words","i1":2,"i2":7,"sol":{"path":["/c/en/sergeant","/c/en/rank","/c/en/computing","/c/en/multiplexer"],"weight":0.21893999999999972,"degrees":[257,1403,9084,88]},"num_concepts_raised":45696},{"base_id":989,"kind":"bot_words","i1":2,"i2":8,"sol":{"path":["/c/en/sergeant","/c/en/military","/c/en/rush","/c/en/thrill"],"weight":0.21553999999999926,"degrees":[257,5690,1156,225]},"num_concepts_raised":73856},{"base_id":989,"kind":"bot_words","i1":2,"i2":9,"sol":{"path":["/c/en/sergeant","/c/en/doctor","/c/en/asclepius","/c/en/hygiea"],"weight":0.21122999999999975,"degrees":[257,1654,168,37]},"num_concepts_raised":42908},{"base_id":989,"kind":"bot_words","i1":3,"i2":4,"sol":{"path":["/c/en/quinidine","/c/en/medicine","/c/de/einlage","/c/de/grundlage","/c/en/groundwork"],"weight":0.20967999999999987,"degrees":[41,11938,90,142,75]},"num_concepts_raised":27014},{"base_id":989,"kind":"bot_words","i1":3,"i2":5,"sol":{"path":["/c/en/quinidine","/c/en/medicine","/c/fr/mèche","/c/fr/bosse","/c/en/hunchback"],"weight":0.20963999999999977,"degrees":[41,11938,364,417,75]},"num_concepts_raised":32705},{"base_id":989,"kind":"bot_words","i1":3,"i2":6,"sol":{"path":["/c/en/quinidine","/c/en/medicine","/c/en/cordial","/c/en/sincere"],"weight":0.2152099999999993,"degrees":[41,11938,201,426]},"num_concepts_raised":46767},{"base_id":989,"kind":"bot_words","i1":3,"i2":7,"sol":{"path":["/c/en/quinidine","/c/en/medicine","/c/en/multiplex","/c/en/multiplexer"],"weight":0.21391999999999983,"degrees":[41,11938,100,88]},"num_concepts_raised":33560},{"base_id":989,"kind":"bot_words","i1":3,"i2":8,"sol":{"path":["/c/en/quinidine","/c/en/medicine","/c/en/thrill"],"weight":0.20400000000000001,"degrees":[41,11938,225]},"num_concepts_raised":229},{"base_id":989,"kind":"bot_words","i1":3,"i2":9,"sol":{"path":["/c/en/quinidine","/c/en/medicine","/c/en/asclepius","/c/en/hygiea"],"weight":0.20831999999999984,"degrees":[41,11938,168,37]},"num_concepts_raised":30618},{"base_id":989,"kind":"bot_words","i1":4,"i2":5,"sol":{"path":["/c/en/groundwork","/c/fr/fondement","/c/fr/fondamental","/c/fr/bosse","/c/en/hunchback"],"weight":0.20516999999999977,"degrees":[75,222,122,417,75]},"num_concepts_raised":14138},{"base_id":989,"kind":"bot_words","i1":4,"i2":6,"sol":{"path":["/c/en/groundwork","/c/de/grundlage","/c/ja/本","/c/en/real","/c/en/sincere"],"weight":0.21175999999999928,"degrees":[75,142,277,969,426]},"num_concepts_raised":28196},{"base_id":989,"kind":"bot_words","i1":4,"i2":7,"sol":{"path":["/c/en/groundwork","/c/ba/нигеҙ","/c/en/mathematics","/c/en/product","/c/en/multiplexer"],"weight":0.2101699999999998,"degrees":[75,17,7601,1426,88]},"num_concepts_raised":15076},{"base_id":989,"kind":"bot_words","i1":4,"i2":8,"sol":{"path":["/c/en/groundwork","/c/en/foundation","/c/en/rock","/c/en/thrill"],"weight":0.20597999999999936,"degrees":[75,888,2349,225]},"num_concepts_raised":43934},{"base_id":989,"kind":"bot_words","i1":4,"i2":9,"sol":{"path":["/c/en/groundwork","/c/de/grundlage","/c/de/einlage","/c/en/hygiene","/c/en/hygiea"],"weight":0.20452999999999982,"degrees":[75,142,90,286,37]},"num_concepts_raised":12121},{"base_id":989,"kind":"bot_words","i1":5,"i2":6,"sol":{"path":["/c/en/hunchback","/c/en/derogatory","/c/en/frank","/c/en/sincere"],"weight":0.20870999999999917,"degrees":[75,3326,450,426]},"num_concepts_raised":33610},{"base_id":989,"kind":"bot_words","i1":5,"i2":7,"sol":{"path":["/c/en/hunchback","/c/en/bell","/c/en/computing","/c/en/multiplexer"],"weight":0.20907999999999974,"degrees":[75,1216,9084,88]},"num_concepts_raised":20730},{"base_id":989,"kind":"bot_words","i1":5,"i2":8,"sol":{"path":["/c/en/hunchback","/c/en/bell","/c/en/buzz","/c/en/thrill"],"weight":0.20536999999999928,"degrees":[75,1216,366,225]},"num_concepts_raised":49615},{"base_id":989,"kind":"bot_words","i1":5,"i2":9,"sol":{"path":["/c/en/hunchback","/c/en/humpback","/c/en/gibbous","/c/en/astronomy","/c/en/hygiea"],"weight":0.20465999999999976,"degrees":[75,100,37,4553,37]},"num_concepts_raised":17748},{"base_id":989,"kind":"bot_words","i1":6,"i2":7,"sol":{"path":["/c/en/sincere","/c/en/mean","/c/en/computing","/c/en/multiplexer"],"weight":0.21352999999999922,"degrees":[426,1314,9084,88]},"num_concepts_raised":34743},{"base_id":989,"kind":"bot_words","i1":6,"i2":8,"sol":{"path":["/c/en/sincere","/c/en/heartfelt","/c/en/heart","/c/en/thrill"],"weight":0.21264999999999878,"degrees":[426,119,1857,225]},"num_concepts_raised":62997},{"base_id":989,"kind":"bot_words","i1":6,"i2":9,"sol":{"path":["/c/en/sincere","/c/en/person","/c/en/aratus","/c/en/hygiea"],"weight":0.20791999999999922,"degrees":[426,12935,64,37]},"num_concepts_raised":31827},{"base_id":989,"kind":"bot_words","i1":7,"i2":8,"sol":{"path":["/c/en/multiplexer","/c/en/computing","/c/en/rush","/c/en/thrill"],"weight":0.21081999999999934,"degrees":[88,9084,1156,225]},"num_concepts_raised":50473},{"base_id":989,"kind":"bot_words","i1":7,"i2":9,"sol":{"path":["/c/en/multiplexer","/c/en/computing","/c/en/hygiene","/c/en/hygiea"],"weight":0.2087799999999998,"degrees":[88,9084,286,37]},"num_concepts_raised":18734},{"base_id":989,"kind":"bot_words","i1":8,"i2":9,"sol":{"path":["/c/en/thrill","/c/en/medicine","/c/en/asclepius","/c/en/hygiea"],"weight":0.20518999999999935,"degrees":[225,11938,168,37]},"num_concepts_raised":47659}],[{"base_id":989,"kind":"top_words","i1":0,"i2":1,"sol":{"path":["/c/en/shrike","/c/fr/pie_grièche","/c/en/lanius"],"weight":0.20800000000000002,"degrees":[151,53,48]},"num_concepts_raised":161},{"base_id":989,"kind":"top_words","i1":0,"i2":2,"sol":{"path":["/c/en/shrike","/c/en/bird","/c/en/tit","/c/en/tits"],"weight":0.2126699999999997,"degrees":[151,4970,308,31]},"num_concepts_raised":44755},{"base_id":989,"kind":"top_words","i1":0,"i2":3,"sol":{"path":["/c/en/shrike","/c/it/averla","/c/en/la","/c/en/law","/c/en/republish"],"weight":0.21349999999999963,"degrees":[151,13,2577,3727,42]},"num_concepts_raised":10766},{"base_id":989,"kind":"top_words","i1":0,"i2":4,"sol":{"path":["/c/en/shrike","/c/en/loggerhead_shrike","/c/en/loggerhead"],"weight":0.20500000000000002,"degrees":[151,39,29]},"num_concepts_raised":151},{"base_id":989,"kind":"top_words","i1":0,"i2":5,"sol":{"path":["/c/en/shrike","/c/en/bird","/c/en/phalarope","/c/en/lobed"],"weight":0.2114699999999997,"degrees":[151,4970,88,27]},"num_concepts_raised":9112},{"base_id":989,"kind":"top_words","i1":0,"i2":6,"sol":{"path":["/c/en/shrike","/c/en/bird","/c/en/honeyeater"],"weight":0.20800000000000002,"degrees":[151,4970,69]},"num_concepts_raised":186},{"base_id":989,"kind":"top_words","i1":0,"i2":7,"sol":{"path":["/c/en/shrike","/c/en/bird","/c/en/phylum","/c/en/mollusca","/c/en/buccinidae"],"weight":0.21657999999999966,"degrees":[151,4970,306,216,34]},"num_concepts_raised":5542},{"base_id":989,"kind":"top_words","i1":0,"i2":8,"sol":{"path":["/c/en/shrike","/c/en/bird","/c/en/seedsnipe","/c/en/herbivorous"],"weight":0.2129599999999997,"degrees":[151,4970,44,133]},"num_concepts_raised":25015},{"base_id":989,"kind":"top_words","i1":0,"i2":9,"sol":{"path":["/c/en/shrike","/c/en/bird","/c/en/animal","/c/en/insectivore"],"weight":0.21264999999999967,"degrees":[151,4970,3735,85]},"num_concepts_raised":13965},{"base_id":989,"kind":"top_words","i1":1,"i2":2,"sol":{"path":["/c/en/lanius","/c/en/bird","/c/en/slang","/c/en/tits"],"weight":0.20915999999999982,"degrees":[48,4970,16318,31]},"num_concepts_raised":44358},{"base_id":989,"kind":"top_words","i1":1,"i2":3,"sol":{"path":["/c/en/lanius","/c/en/bird","/c/en/trumpeter","/c/en/publish","/c/en/republish"],"weight":0.20910999999999974,"degrees":[48,4970,198,548,42]},"num_concepts_raised":10346},{"base_id":989,"kind":"top_words","i1":1,"i2":4,"sol":{"path":["/c/en/lanius","/c/en/loggerhead_shrike","/c/en/loggerhead"],"weight":0.20400000000000001,"degrees":[48,39,29]},"num_concepts_raised":71},{"base_id":989,"kind":"top_words","i1":1,"i2":5,"sol":{"path":["/c/en/lanius","/c/en/bird","/c/en/phalarope","/c/en/lobed"],"weight":0.20796999999999982,"degrees":[48,4970,88,27]},"num_concepts_raised":8690},{"base_id":989,"kind":"top_words","i1":1,"i2":6,"sol":{"path":["/c/en/lanius","/c/en/bird","/c/en/honeyeater"],"weight":0.20700000000000002,"degrees":[48,4970,69]},"num_concepts_raised":106},{"base_id":989,"kind":"top_words","i1":1,"i2":7,"sol":{"path":["/c/en/lanius","/c/en/bird","/c/en/phylum","/c/en/mollusca","/c/en/buccinidae"],"weight":0.21307999999999977,"degrees":[48,4970,306,216,34]},"num_concepts_raised":5120},{"base_id":989,"kind":"top_words","i1":1,"i2":8,"sol":{"path":["/c/en/lanius","/c/en/bird","/c/en/seedsnipe","/c/en/herbivorous"],"weight":0.2094599999999998,"degrees":[48,4970,44,133]},"num_concepts_raised":24602},{"base_id":989,"kind":"top_words","i1":1,"i2":9,"sol":{"path":["/c/en/lanius","/c/en/bird","/c/en/animal","/c/en/insectivore"],"weight":0.20912999999999982,"degrees":[48,4970,3735,85]},"num_concepts_raised":13548},{"base_id":989,"kind":"top_words","i1":2,"i2":3,"sol":{"path":["/c/en/tits","/c/en/slang","/c/en/law","/c/en/republish"],"weight":0.20392999999999983,"degrees":[31,16318,3727,42]},"num_concepts_raised":44738},{"base_id":989,"kind":"top_words","i1":2,"i2":4,"sol":{"path":["/c/en/tits","/c/en/slang","/c/en/rope","/c/en/loggerhead"],"weight":0.20384999999999986,"degrees":[31,16318,1228,29]},"num_concepts_raised":48800},{"base_id":989,"kind":"top_words","i1":2,"i2":5,"sol":{"path":["/c/en/tits","/c/en/slang","/c/en/ear","/c/en/lobed"],"weight":0.20384999999999992,"degrees":[31,16318,1621,27]},"num_concepts_raised":43638},{"base_id":989,"kind":"top_words","i1":2,"i2":6,"sol":{"path":["/c/en/tits","/c/en/slang","/c/en/bird","/c/en/honeyeater"],"weight":0.21152999999999975,"degrees":[31,16318,4970,69]},"num_concepts_raised":47582},{"base_id":989,"kind":"top_words","i1":2,"i2":7,"sol":{"path":["/c/en/tits","/c/en/slang","/c/en/oyster","/c/en/mollusca","/c/en/buccinidae"],"weight":0.20892999999999984,"degrees":[31,16318,362,216,34]},"num_concepts_raised":40209},{"base_id":989,"kind":"top_words","i1":2,"i2":8,"sol":{"path":["/c/en/tits","/c/en/slang","/c/en/plant","/c/en/herbivorous"],"weight":0.2053899999999999,"degrees":[31,16318,7959,133]},"num_concepts_raised":59391},{"base_id":989,"kind":"top_words","i1":2,"i2":9,"sol":{"path":["/c/en/tits","/c/en/slang","/c/en/animal","/c/en/insectivore"],"weight":0.2048799999999999,"degrees":[31,16318,3735,85]},"num_concepts_raised":48427},{"base_id":989,"kind":"top_words","i1":3,"i2":4,"sol":{"path":["/c/en/republish","/c/en/publish","/c/en/post","/c/en/loggerhead"],"weight":0.20380999999999982,"degrees":[42,548,1560,29]},"num_concepts_raised":15228},{"base_id":989,"kind":"top_words","i1":3,"i2":5,"sol":{"path":["/c/en/republish","/c/en/print","/c/en/pattern","/c/en/lobe","/c/en/lobed"],"weight":0.20382999999999984,"degrees":[42,1090,911,253,27]},"num_concepts_raised":9565},{"base_id":989,"kind":"top_words","i1":3,"i2":6,"sol":{"path":["/c/en/republish","/c/en/publish","/c/en/trumpeter","/c/en/bird","/c/en/honeyeater"],"weight":0.21147999999999967,"degrees":[42,548,198,4970,69]},"num_concepts_raised":13723},{"base_id":989,"kind":"top_words","i1":3,"i2":7,"sol":{"path":["/c/en/republish","/c/en/print","/c/en/shell","/c/en/buccinoid","/c/en/buccinidae"],"weight":0.20784999999999976,"degrees":[42,1090,1513,7,34]},"num_concepts_raised":5991},{"base_id":989,"kind":"top_words","i1":3,"i2":8,"sol":{"path":["/c/en/republish","/c/en/publish","/c/en/public","/c/en/plant","/c/en/herbivorous"],"weight":0.2053999999999998,"degrees":[42,548,1202,7959,133]},"num_concepts_raised":25549},{"base_id":989,"kind":"top_words","i1":3,"i2":9,"sol":{"path":["/c/en/republish","/c/en/law","/c/en/interest","/c/en/insect","/c/en/insectivore"],"weight":0.20575999999999983,"degrees":[42,3727,1297,2112,85]},"num_concepts_raised":14578},{"base_id":989,"kind":"top_words","i1":4,"i2":5,"sol":{"path":["/c/en/loggerhead","/c/en/blockhead","/c/en/brain","/c/en/lobe","/c/en/lobed"],"weight":0.20374999999999988,"degrees":[29,254,1613,253,27]},"num_concepts_raised":13616},{"base_id":989,"kind":"top_words","i1":4,"i2":6,"sol":{"path":["/c/en/loggerhead","/c/en/loggerhead_shrike","/c/en/bird","/c/en/honeyeater"],"weight":0.2103399999999997,"degrees":[29,39,4970,69]},"num_concepts_raised":17722},{"base_id":989,"kind":"top_words","i1":4,"i2":7,"sol":{"path":["/c/en/loggerhead","/c/en/loggerhead_turtle","/c/en/marine","/c/en/buccinoid","/c/en/buccinidae"],"weight":0.2087799999999998,"degrees":[29,15,632,7,34]},"num_concepts_raised":10077},{"base_id":989,"kind":"top_words","i1":4,"i2":8,"sol":{"path":["/c/en/loggerhead","/c/en/loggerhead_turtle","/c/en/carnivorous","/c/en/omnivorous","/c/en/herbivorous"],"weight":0.20616999999999985,"degrees":[29,15,183,75,133]},"num_concepts_raised":29561},{"base_id":989,"kind":"top_words","i1":4,"i2":9,"sol":{"path":["/c/en/loggerhead","/c/en/nautical","/c/en/mole","/c/en/insectivore"],"weight":0.20459999999999984,"degrees":[29,5204,1084,85]},"num_concepts_raised":18556},{"base_id":989,"kind":"top_words","i1":5,"i2":6,"sol":{"path":["/c/en/lobed","/c/en/phalarope","/c/en/bird","/c/en/honeyeater"],"weight":0.21032999999999974,"degrees":[27,88,4970,69]},"num_concepts_raised":12040},{"base_id":989,"kind":"top_words","i1":5,"i2":7,"sol":{"path":["/c/en/lobed","/c/en/ear","/c/en/pinna","/c/en/mollusca","/c/en/buccinidae"],"weight":0.20781999999999984,"degrees":[27,1621,145,216,34]},"num_concepts_raised":4346},{"base_id":989,"kind":"top_words","i1":5,"i2":8,"sol":{"path":["/c/en/lobed","/c/en/simple","/c/en/zoology","/c/en/phytophagous","/c/en/herbivorous"],"weight":0.2063199999999999,"degrees":[27,991,8127,35,133]},"num_concepts_raised":23878},{"base_id":989,"kind":"top_words","i1":5,"i2":9,"sol":{"path":["/c/en/lobed","/c/en/ear","/c/en/mammal","/c/en/insectivore"],"weight":0.20368999999999987,"degrees":[27,1621,2187,85]},"num_concepts_raised":12909},{"base_id":989,"kind":"top_words","i1":6,"i2":7,"sol":{"path":["/c/en/honeyeater","/c/en/bird","/c/en/phylum","/c/en/mollusca","/c/en/buccinidae"],"weight":0.2154399999999997,"degrees":[69,4970,306,216,34]},"num_concepts_raised":8515},{"base_id":989,"kind":"top_words","i1":6,"i2":8,"sol":{"path":["/c/en/honeyeater","/c/en/bird","/c/en/seedsnipe","/c/en/herbivorous"],"weight":0.21181999999999973,"degrees":[69,4970,44,133]},"num_concepts_raised":27662},{"base_id":989,"kind":"top_words","i1":6,"i2":9,"sol":{"path":["/c/en/honeyeater","/c/en/bird","/c/en/animal","/c/en/insectivore"],"weight":0.21150999999999973,"degrees":[69,4970,3735,85]},"num_concepts_raised":16855},{"base_id":989,"kind":"top_words","i1":7,"i2":8,"sol":{"path":["/c/en/buccinidae","/c/en/buccinid","/c/en/zoology","/c/en/phytophagous","/c/en/herbivorous"],"weight":0.21135999999999983,"degrees":[34,4,8127,35,133]},"num_concepts_raised":20345},{"base_id":989,"kind":"top_words","i1":7,"i2":9,"sol":{"path":["/c/en/buccinidae","/c/en/mollusca","/c/en/snail","/c/en/insect","/c/en/insectivore"],"weight":0.21077999999999983,"degrees":[34,216,586,2112,85]},"num_concepts_raised":9379},{"base_id":989,"kind":"top_words","i1":8,"i2":9,"sol":{"path":["/c/en/herbivorous","/c/en/herbivore","/c/en/insectivore"],"weight":0.203,"degrees":[133,235,85]},"num_concepts_raised":168}]]