[[{"base_id":95,"kind":"bot_words","i1":0,"i2":1,"sol":{"path":["/c/en/swizzle","/c/en/computing","/c/en/range","/c/en/antelope","/c/en/pronghorn"],"weight":0.21124999999999994,"degrees":[37,9084,1025,343,114]},"num_concepts_raised":19653},{"base_id":95,"kind":"bot_words","i1":0,"i2":2,"sol":{"path":["/c/en/swizzle","/c/en/cocktail","/c/en/slang","/c/en/ad"],"weight":0.20705999999999936,"degrees":[37,461,16318,295]},"num_concepts_raised":84560},{"base_id":95,"kind":"bot_words","i1":0,"i2":3,"sol":{"path":["/c/en/swizzle","/c/en/computing","/c/en/programming_language","/c/en/ats"],"weight":0.2078899999999998,"degrees":[37,9084,560,35]},"num_concepts_raised":18889},{"base_id":95,"kind":"bot_words","i1":0,"i2":4,"sol":{"path":["/c/en/swizzle","/c/en/cocktail","/c/en/slang","/c/en/bird","/c/en/saxicola"],"weight":0.20926999999999985,"degrees":[37,461,16318,4970,48]},"num_concepts_raised":22346},{"base_id":95,"kind":"bot_words","i1":0,"i2":5,"sol":{"path":["/c/en/swizzle","/c/en/swizzle_stick","/c/en/stick","/c/en/plant","/c/en/verbascum"],"weight":0.21020999999999973,"degrees":[37,24,2046,7959,57]},"num_concepts_raised":25535},{"base_id":95,"kind":"bot_words","i1":0,"i2":6,"sol":{"path":["/c/en/swizzle","/c/en/position","/c/en/spatial","/c/en/areal"],"weight":0.2028999999999999,"degrees":[37,2038,183,29]},"num_concepts_raised":20062},{"base_id":95,"kind":"bot_words","i1":0,"i2":7,"sol":{"path":["/c/en/swizzle","/c/en/computing","/c/en/greek","/c/en/hellenistic"],"weight":0.20358999999999988,"degrees":[37,9084,647,61]},"num_concepts_raised":19214},{"base_id":95,"kind":"bot_words","i1":0,"i2":8,"sol":{"path":["/c/en/swizzle","/c/en/cocktail","/c/en/wine","/c/en/entertain"],"weight":0.20879999999999893,"degrees":[37,461,1776,450]},"num_concepts_raised":53514},{"base_id":95,"kind":"bot_words","i1":0,"i2":9,"sol":{"path":["/c/en/swizzle","/c/en/drink","/c/en/like","/c/en/enjoy"],"weight":0.21391999999999883,"degrees":[37,2548,2357,697]},"num_concepts_raised":80793},{"base_id":95,"kind":"bot_words","i1":1,"i2":2,"sol":{"path":["/c/en/pronghorn","/c/en/antelope","/c/en/us","/c/en/ad"],"weight":0.21425999999999945,"degrees":[114,343,8154,295]},"num_concepts_raised":70266},{"base_id":95,"kind":"bot_words","i1":1,"i2":3,"sol":{"path":["/c/en/pronghorn","/c/en/antelope","/c/en/us","/c/en/at","/c/en/ats"],"weight":0.2160999999999999,"degrees":[114,343,8154,756,35]},"num_concepts_raised":3019},{"base_id":95,"kind":"bot_words","i1":1,"i2":4,"sol":{"path":["/c/en/pronghorn","/c/en/antelope","/c/en/mammal","/c/en/bird","/c/en/saxicola"],"weight":0.21644999999999992,"degrees":[114,343,2187,4970,48]},"num_concepts_raised":6361},{"base_id":95,"kind":"bot_words","i1":1,"i2":5,"sol":{"path":["/c/en/pronghorn","/c/en/antelope","/c/en/us","/c/en/plant","/c/en/verbascum"],"weight":0.21643999999999983,"degrees":[114,343,8154,7959,57]},"num_concepts_raised":9601},{"base_id":95,"kind":"bot_words","i1":1,"i2":6,"sol":{"path":["/c/en/pronghorn","/c/en/antelope","/c/en/range","/c/en/area","/c/en/areal"],"weight":0.21226,"degrees":[114,343,1025,1840,29]},"num_concepts_raised":4158},{"base_id":95,"kind":"bot_words","i1":1,"i2":7,"sol":{"path":["/c/en/pronghorn","/c/en/antelope","/c/en/us","/c/en/greek","/c/en/hellenistic"],"weight":0.21184999999999998,"degrees":[114,343,8154,647,61]},"num_concepts_raised":3204},{"base_id":95,"kind":"bot_words","i1":1,"i2":8,"sol":{"path":["/c/en/pronghorn","/c/en/antelope","/c/en/horn","/c/en/entertainment","/c/en/entertain"],"weight":0.21831999999999901,"degrees":[114,343,1054,797,450]},"num_concepts_raised":38502},{"base_id":95,"kind":"bot_words","i1":1,"i2":9,"sol":{"path":["/c/en/pronghorn","/c/fr/animaux","/c/fr/profiter","/c/en/enjoy"],"weight":0.2169899999999989,"degrees":[114,1146,238,697]},"num_concepts_raised":66174},{"base_id":95,"kind":"bot_words","i1":2,"i2":3,"sol":{"path":["/c/en/ad","/c/en/at","/c/en/ats"],"weight":0.20400000000000001,"degrees":[295,756,35]},"num_concepts_raised":276},{"base_id":95,"kind":"bot_words","i1":2,"i2":4,"sol":{"path":["/c/en/ad","/c/en/us","/c/en/bird","/c/en/saxicola"],"weight":0.21121999999999935,"degrees":[295,8154,4970,48]},"num_concepts_raised":72817},{"base_id":95,"kind":"bot_words","i1":2,"i2":5,"sol":{"path":["/c/en/ad","/c/en/us","/c/en/plant","/c/en/verbascum"],"weight":0.21123999999999923,"degrees":[295,8154,7959,57]},"num_concepts_raised":75975},{"base_id":95,"kind":"bot_words","i1":2,"i2":6,"sol":{"path":["/c/en/ad","/c/en/slang","/c/en/area","/c/en/areal"],"weight":0.2069899999999994,"degrees":[295,16318,1840,29]},"num_concepts_raised":70520},{"base_id":95,"kind":"bot_words","i1":2,"i2":7,"sol":{"path":["/c/en/ad","/c/en/us","/c/en/greek","/c/en/hellenistic"],"weight":0.2066399999999994,"degrees":[295,8154,647,61]},"num_concepts_raised":69779},{"base_id":95,"kind":"bot_words","i1":2,"i2":8,"sol":{"path":["/c/en/ad","/c/en/advertisement","/c/en/tv","/c/en/entertain"],"weight":0.2147599999999984,"degrees":[295,456,276,450]},"num_concepts_raised":102434},{"base_id":95,"kind":"bot_words","i1":2,"i2":9,"sol":{"path":["/c/en/ad","/c/en/advertisement","/c/en/person","/c/en/enjoy"],"weight":0.21822999999999831,"degrees":[295,456,12935,697]},"num_concepts_raised":128044},{"base_id":95,"kind":"bot_words","i1":3,"i2":4,"sol":{"path":["/c/en/ats","/c/en/programming_language","/c/en/chicken","/c/en/bird","/c/en/saxicola"],"weight":0.2131099999999998,"degrees":[35,560,1689,4970,48]},"num_concepts_raised":5750},{"base_id":95,"kind":"bot_words","i1":3,"i2":5,"sol":{"path":["/c/en/ats","/c/en/ml","/c/en/pot","/c/en/plant","/c/en/verbascum"],"weight":0.21309999999999968,"degrees":[35,52,1260,7959,57]},"num_concepts_raised":8992},{"base_id":95,"kind":"bot_words","i1":3,"i2":6,"sol":{"path":["/c/en/ats","/c/en/programming_language","/c/en/a","/c/en/area","/c/en/areal"],"weight":0.20888999999999985,"degrees":[35,560,1436,1840,29]},"num_concepts_raised":3539},{"base_id":95,"kind":"bot_words","i1":3,"i2":7,"sol":{"path":["/c/en/ats","/c/en/programming_language","/c/en/language","/c/en/hellenist","/c/en/hellenistic"],"weight":0.20963999999999988,"degrees":[35,560,4160,39,61]},"num_concepts_raised":2586},{"base_id":95,"kind":"bot_words","i1":3,"i2":8,"sol":{"path":["/c/en/ats","/c/en/at","/c/en/happy","/c/en/entertain"],"weight":0.21262999999999888,"degrees":[35,756,1272,450]},"num_concepts_raised":37873},{"base_id":95,"kind":"bot_words","i1":3,"i2":9,"sol":{"path":["/c/en/ats","/c/en/at","/c/en/happy","/c/en/enjoy"],"weight":0.21694999999999878,"degrees":[35,756,1272,697]},"num_concepts_raised":65469},{"base_id":95,"kind":"bot_words","i1":4,"i2":5,"sol":{"path":["/c/en/saxicola","/c/en/bird","/c/en/animal","/c/en/plant","/c/en/verbascum"],"weight":0.21341999999999972,"degrees":[48,4970,3735,7959,57]},"num_concepts_raised":12306},{"base_id":95,"kind":"bot_words","i1":4,"i2":6,"sol":{"path":["/c/en/saxicola","/c/en/bird","/c/en/wing","/c/en/area","/c/en/areal"],"weight":0.2092099999999999,"degrees":[48,4970,1177,1840,29]},"num_concepts_raised":6887},{"base_id":95,"kind":"bot_words","i1":4,"i2":7,"sol":{"path":["/c/en/saxicola","/c/en/bird","/c/en/us","/c/en/greek","/c/en/hellenistic"],"weight":0.2087999999999999,"degrees":[48,4970,8154,647,61]},"num_concepts_raised":5934},{"base_id":95,"kind":"bot_words","i1":4,"i2":8,"sol":{"path":["/c/en/saxicola","/c/en/bird","/c/en/song","/c/en/entertain"],"weight":0.21291999999999892,"degrees":[48,4970,1644,450]},"num_concepts_raised":41160},{"base_id":95,"kind":"bot_words","i1":4,"i2":9,"sol":{"path":["/c/en/saxicola","/c/en/bird","/c/en/time","/c/en/enjoy"],"weight":0.21617999999999882,"degrees":[48,4970,4124,697]},"num_concepts_raised":68723},{"base_id":95,"kind":"bot_words","i1":5,"i2":6,"sol":{"path":["/c/en/verbascum","/c/fr/molène","/c/en/botany","/c/en/linear","/c/en/areal"],"weight":0.21029999999999982,"degrees":[57,64,6881,347,29]},"num_concepts_raised":10106},{"base_id":95,"kind":"bot_words","i1":5,"i2":7,"sol":{"path":["/c/en/verbascum","/c/en/mullein","/c/en/european","/c/en/hellene","/c/en/hellenistic"],"weight":0.21001999999999982,"degrees":[57,78,619,73,61]},"num_concepts_raised":9170},{"base_id":95,"kind":"bot_words","i1":5,"i2":8,"sol":{"path":["/c/en/verbascum","/c/en/plant","/c/en/like","/c/en/entertain"],"weight":0.2130499999999988,"degrees":[57,7959,2357,450]},"num_concepts_raised":44351},{"base_id":95,"kind":"bot_words","i1":5,"i2":9,"sol":{"path":["/c/en/verbascum","/c/en/plant","/c/en/like","/c/en/enjoy"],"weight":0.21893999999999872,"degrees":[57,7959,2357,697]},"num_concepts_raised":71902},{"base_id":95,"kind":"bot_words","i1":6,"i2":7,"sol":{"path":["/c/en/areal","/c/en/area","/c/en/orchestra","/c/en/hellenistic"],"weight":0.20438999999999996,"degrees":[29,1840,483,61]},"num_concepts_raised":3716},{"base_id":95,"kind":"bot_words","i1":6,"i2":8,"sol":{"path":["/c/en/areal","/c/en/area","/c/en/hall","/c/en/entertain"],"weight":0.20865999999999899,"degrees":[29,1840,726,450]},"num_concepts_raised":38898},{"base_id":95,"kind":"bot_words","i1":6,"i2":9,"sol":{"path":["/c/en/areal","/c/en/area","/c/en/property","/c/en/enjoy"],"weight":0.2117599999999989,"degrees":[29,1840,1664,697]},"num_concepts_raised":66480},{"base_id":95,"kind":"bot_words","i1":7,"i2":8,"sol":{"path":["/c/en/hellenistic","/c/en/orchestra","/c/en/bass_fiddle","/c/en/entertain"],"weight":0.208029999999999,"degrees":[61,483,56,450]},"num_concepts_raised":38016},{"base_id":95,"kind":"bot_words","i1":7,"i2":9,"sol":{"path":["/c/en/hellenistic","/c/en/greek","/c/en/person","/c/en/enjoy"],"weight":0.2116599999999989,"degrees":[61,647,12935,697]},"num_concepts_raised":65668},{"base_id":95,"kind":"bot_words","i1":8,"i2":9,"sol":{"path":["/c/en/entertain","/c/en/like","/c/en/enjoy"],"weight":0.20400000000000001,"degrees":[450,2357,697]},"num_concepts_raised":941}],[{"base_id":95,"kind":"top_words","i1":0,"i2":1,"sol":{"path":["/c/en/hms","/c/fr/navire","/c/fr/radouber","/c/en/refit"],"weight":0.20281999999999983,"degrees":[24,944,93,47]},"num_concepts_raised":5438},{"base_id":95,"kind":"top_words","i1":0,"i2":2,"sol":{"path":["/c/en/hms","/c/en/dms","/c/en/computing","/c/en/minesweeper"],"weight":0.21011999999999995,"degrees":[24,24,9084,124]},"num_concepts_raised":17312},{"base_id":95,"kind":"top_words","i1":0,"i2":3,"sol":{"path":["/c/en/hms","/c/fr/navire","/c/en/ship","/c/en/dockyard"],"weight":0.20324999999999988,"degrees":[24,944,2104,66]},"num_concepts_raised":5834},{"base_id":95,"kind":"top_words","i1":0,"i2":4,"sol":{"path":["/c/en/hms","/c/fr/navire","/c/fr/destroyer","/c/en/destroyer"],"weight":0.21553999999999965,"degrees":[24,944,33,325]},"num_concepts_raised":36485},{"base_id":95,"kind":"top_words","i1":0,"i2":5,"sol":{"path":["/c/en/hms","/c/fr/navire","/c/en/ship","/c/en/shakedown"],"weight":0.20294999999999985,"degrees":[24,944,2104,49]},"num_concepts_raised":30532},{"base_id":95,"kind":"top_words","i1":0,"i2":6,"sol":{"path":["/c/en/hms","/c/fr/navire","/c/en/ship","/c/en/drydock"],"weight":0.20307,"degrees":[24,944,2104,43]},"num_concepts_raised":18175},{"base_id":95,"kind":"top_words","i1":0,"i2":7,"sol":{"path":["/c/en/hms","/c/fr/navire","/c/en/ship","/c/en/troopship"],"weight":0.20268999999999993,"degrees":[24,944,2104,24]},"num_concepts_raised":3845},{"base_id":95,"kind":"top_words","i1":0,"i2":8,"sol":{"path":["/c/en/hms","/c/fr/navire","/c/en/vessel","/c/en/gunboat"],"weight":0.20945000000000008,"degrees":[24,944,1376,124]},"num_concepts_raised":16608},{"base_id":95,"kind":"top_words","i1":0,"i2":9,"sol":{"path":["/c/en/hms","/c/fr/navire","/c/fr/cuirassé","/c/en/battleship"],"weight":0.21521000000000004,"degrees":[24,944,54,241]},"num_concepts_raised":23822},{"base_id":95,"kind":"top_words","i1":1,"i2":2,"sol":{"path":["/c/en/refit","/c/en/equip","/c/en/ship","/c/en/minesweeper"],"weight":0.20930999999999983,"degrees":[47,335,2104,124]},"num_concepts_raised":19510},{"base_id":95,"kind":"top_words","i1":1,"i2":3,"sol":{"path":["/c/en/refit","/c/en/repair","/c/en/dockyard"],"weight":0.202,"degrees":[47,823,66]},"num_concepts_raised":98},{"base_id":95,"kind":"top_words","i1":1,"i2":4,"sol":{"path":["/c/en/refit","/c/en/repair","/c/en/destroy","/c/en/destroyer"],"weight":0.21388999999999952,"degrees":[47,823,1339,325]},"num_concepts_raised":38698},{"base_id":95,"kind":"top_words","i1":1,"i2":5,"sol":{"path":["/c/en/refit","/c/en/fit","/c/fr/adaptation","/c/en/shakedown"],"weight":0.20614999999999972,"degrees":[47,1268,163,49]},"num_concepts_raised":32692},{"base_id":95,"kind":"top_words","i1":1,"i2":6,"sol":{"path":["/c/en/refit","/c/en/repair","/c/en/drydock"],"weight":0.202,"degrees":[47,823,43]},"num_concepts_raised":72},{"base_id":95,"kind":"top_words","i1":1,"i2":7,"sol":{"path":["/c/en/refit","/c/en/equip","/c/en/ship","/c/en/troopship"],"weight":0.2028299999999998,"degrees":[47,335,2104,24]},"num_concepts_raised":6135},{"base_id":95,"kind":"top_words","i1":1,"i2":8,"sol":{"path":["/c/en/refit","/c/it/raddobbo","/c/en/nautical","/c/en/gunboat"],"weight":0.21064999999999995,"degrees":[47,7,5204,124]},"num_concepts_raised":19322},{"base_id":95,"kind":"top_words","i1":1,"i2":9,"sol":{"path":["/c/en/refit","/c/en/equip","/c/en/ship","/c/en/battleship"],"weight":0.21340999999999988,"degrees":[47,335,2104,241]},"num_concepts_raised":26453},{"base_id":95,"kind":"top_words","i1":2,"i2":3,"sol":{"path":["/c/en/minesweeper","/c/en/ship","/c/en/dockyard"],"weight":0.20400000000000001,"degrees":[124,2104,66]},"num_concepts_raised":144},{"base_id":95,"kind":"top_words","i1":2,"i2":4,"sol":{"path":["/c/en/minesweeper","/c/en/battleship","/c/en/destroyer"],"weight":0.20700000000000002,"degrees":[124,241,325]},"num_concepts_raised":317},{"base_id":95,"kind":"top_words","i1":2,"i2":5,"sol":{"path":["/c/en/minesweeper","/c/en/ship","/c/en/shakedown"],"weight":0.20400000000000001,"degrees":[124,2104,49]},"num_concepts_raised":130},{"base_id":95,"kind":"top_words","i1":2,"i2":6,"sol":{"path":["/c/en/minesweeper","/c/en/ship","/c/en/drydock"],"weight":0.20400000000000001,"degrees":[124,2104,43]},"num_concepts_raised":118},{"base_id":95,"kind":"top_words","i1":2,"i2":7,"sol":{"path":["/c/en/minesweeper","/c/en/ship","/c/en/troopship"],"weight":0.20400000000000001,"degrees":[124,2104,24]},"num_concepts_raised":109},{"base_id":95,"kind":"top_words","i1":2,"i2":8,"sol":{"path":["/c/en/minesweeper","/c/en/battleship","/c/en/gunboat"],"weight":0.20600000000000002,"degrees":[124,241,124]},"num_concepts_raised":164},{"base_id":95,"kind":"top_words","i1":2,"i2":9,"sol":{"path":["/c/en/minesweeper","/c/en/battleship"],"weight":0.20600000000000002,"degrees":[124,241]},"num_concepts_raised":246},{"base_id":95,"kind":"top_words","i1":3,"i2":4,"sol":{"path":["/c/en/dockyard","/c/en/ship","/c/en/destroyer"],"weight":0.20400000000000001,"degrees":[66,2104,325]},"num_concepts_raised":288},{"base_id":95,"kind":"top_words","i1":3,"i2":5,"sol":{"path":["/c/en/dockyard","/c/en/ship","/c/en/shakedown"],"weight":0.202,"degrees":[66,2104,49]},"num_concepts_raised":99},{"base_id":95,"kind":"top_words","i1":3,"i2":6,"sol":{"path":["/c/en/dockyard","/c/el/νεωριο","/c/en/drydock"],"weight":0.202,"degrees":[66,2,43]},"num_concepts_raised":85},{"base_id":95,"kind":"top_words","i1":3,"i2":7,"sol":{"path":["/c/en/dockyard","/c/en/ship","/c/en/troopship"],"weight":0.202,"degrees":[66,2104,24]},"num_concepts_raised":78},{"base_id":95,"kind":"top_words","i1":3,"i2":8,"sol":{"path":["/c/en/dockyard","/c/en/port","/c/ca/canonera","/c/en/gunboat"],"weight":0.21406999999999998,"degrees":[66,979,6,124]},"num_concepts_raised":19127},{"base_id":95,"kind":"top_words","i1":3,"i2":9,"sol":{"path":["/c/en/dockyard","/c/en/ship","/c/en/battleship"],"weight":0.20500000000000002,"degrees":[66,2104,241]},"num_concepts_raised":217},{"base_id":95,"kind":"top_words","i1":4,"i2":5,"sol":{"path":["/c/en/destroyer","/c/en/ship","/c/en/shakedown"],"weight":0.20400000000000001,"degrees":[325,2104,49]},"num_concepts_raised":274},{"base_id":95,"kind":"top_words","i1":4,"i2":6,"sol":{"path":["/c/en/destroyer","/c/en/ship","/c/en/drydock"],"weight":0.20400000000000001,"degrees":[325,2104,43]},"num_concepts_raised":262},{"base_id":95,"kind":"top_words","i1":4,"i2":7,"sol":{"path":["/c/en/destroyer","/c/en/ship","/c/en/troopship"],"weight":0.20400000000000001,"degrees":[325,2104,24]},"num_concepts_raised":253},{"base_id":95,"kind":"top_words","i1":4,"i2":8,"sol":{"path":["/c/en/destroyer","/c/en/battleship","/c/en/gunboat"],"weight":0.20700000000000002,"degrees":[325,241,124]},"num_concepts_raised":305},{"base_id":95,"kind":"top_words","i1":4,"i2":9,"sol":{"path":["/c/en/destroyer","/c/en/battleship"],"weight":0.20800000000000002,"degrees":[325,241]},"num_concepts_raised":384},{"base_id":95,"kind":"top_words","i1":5,"i2":6,"sol":{"path":["/c/en/shakedown","/c/en/ship","/c/en/drydock"],"weight":0.202,"degrees":[49,2104,43]},"num_concepts_raised":73},{"base_id":95,"kind":"top_words","i1":5,"i2":7,"sol":{"path":["/c/en/shakedown","/c/en/ship","/c/en/troopship"],"weight":0.202,"degrees":[49,2104,24]},"num_concepts_raised":64},{"base_id":95,"kind":"top_words","i1":5,"i2":8,"sol":{"path":["/c/en/shakedown","/c/en/ship","/c/en/boat","/c/en/gunboat"],"weight":0.21186999999999995,"degrees":[49,2104,1763,124]},"num_concepts_raised":43232},{"base_id":95,"kind":"top_words","i1":5,"i2":9,"sol":{"path":["/c/en/shakedown","/c/en/ship","/c/en/battleship"],"weight":0.20500000000000002,"degrees":[49,2104,241]},"num_concepts_raised":203},{"base_id":95,"kind":"top_words","i1":6,"i2":7,"sol":{"path":["/c/en/drydock","/c/en/ship","/c/en/troopship"],"weight":0.202,"degrees":[43,2104,24]},"num_concepts_raised":52},{"base_id":95,"kind":"top_words","i1":6,"i2":8,"sol":{"path":["/c/en/drydock","/c/en/nautical","/c/en/gunboat"],"weight":0.20400000000000001,"degrees":[43,5204,124]},"num_concepts_raised":106},{"base_id":95,"kind":"top_words","i1":6,"i2":9,"sol":{"path":["/c/en/drydock","/c/en/ship","/c/en/battleship"],"weight":0.20500000000000002,"degrees":[43,2104,241]},"num_concepts_raised":190},{"base_id":95,"kind":"top_words","i1":7,"i2":8,"sol":{"path":["/c/en/troopship","/c/en/ship","/c/en/boat","/c/en/gunboat"],"weight":0.21161000000000002,"degrees":[24,2104,1763,124]},"num_concepts_raised":17227},{"base_id":95,"kind":"top_words","i1":7,"i2":9,"sol":{"path":["/c/en/troopship","/c/en/ship","/c/en/battleship"],"weight":0.20500000000000002,"degrees":[24,2104,241]},"num_concepts_raised":182},{"base_id":95,"kind":"top_words","i1":8,"i2":9,"sol":{"path":["/c/en/gunboat","/c/en/battleship"],"weight":0.20600000000000002,"degrees":[124,241]},"num_concepts_raised":230}]]