[[{"base_id":737,"kind":"bot_words","i1":0,"i2":1,"sol":{"path":["/c/en/areca","/c/en/plant","/c/en/set","/c/en/decidable"],"weight":0.20862999999999993,"degrees":[76,7959,2628,32]},"num_concepts_raised":21883},{"base_id":737,"kind":"bot_words","i1":0,"i2":2,"sol":{"path":["/c/en/areca","/c/en/plant","/c/en/person","/c/en/magnus"],"weight":0.21357999999999977,"degrees":[76,7959,12935,40]},"num_concepts_raised":27893},{"base_id":737,"kind":"bot_words","i1":0,"i2":3,"sol":{"path":["/c/en/areca","/c/en/plant","/c/en/animal","/c/en/nervous_system","/c/en/innervation"],"weight":0.20843999999999985,"degrees":[76,7959,3735,369,24]},"num_concepts_raised":16841},{"base_id":737,"kind":"bot_words","i1":0,"i2":4,"sol":{"path":["/c/en/areca","/c/en/plant","/c/en/person","/c/en/polish"],"weight":0.2228699999999969,"degrees":[76,7959,12935,1193]},"num_concepts_raised":129754},{"base_id":737,"kind":"bot_words","i1":0,"i2":5,"sol":{"path":["/c/en/areca","/c/en/forest","/c/en/country","/c/en/portugal","/c/en/lusitania"],"weight":0.21646999999999994,"degrees":[76,1500,2796,774,79]},"num_concepts_raised":17159},{"base_id":737,"kind":"bot_words","i1":0,"i2":6,"sol":{"path":["/c/en/areca","/c/en/plant","/c/en/metamere","/c/en/somite"],"weight":0.20959999999999984,"degrees":[76,7959,34,40]},"num_concepts_raised":28506},{"base_id":737,"kind":"bot_words","i1":0,"i2":7,"sol":{"path":["/c/en/areca","/c/en/palm","/c/en/nautical","/c/en/boater"],"weight":0.20900999999999975,"degrees":[76,797,5204,79]},"num_concepts_raised":26331},{"base_id":737,"kind":"bot_words","i1":0,"i2":8,"sol":{"path":["/c/en/areca","/c/en/family","/c/en/immediate","/c/en/peril","/c/en/imperil"],"weight":0.20962999999999982,"degrees":[76,3166,244,166,40]},"num_concepts_raised":17248},{"base_id":737,"kind":"bot_words","i1":0,"i2":9,"sol":{"path":["/c/en/areca","/c/en/plant","/c/fr/mettre","/c/en/mike"],"weight":0.20919999999999972,"degrees":[76,7959,2152,80]},"num_concepts_raised":20069},{"base_id":737,"kind":"bot_words","i1":1,"i2":2,"sol":{"path":["/c/en/decidable","/c/en/decide","/c/en/judge","/c/en/person","/c/en/magnus"],"weight":0.2091199999999999,"degrees":[32,673,1643,12935,40]},"num_concepts_raised":19688},{"base_id":737,"kind":"bot_words","i1":1,"i2":3,"sol":{"path":["/c/en/decidable","/c/en/logic","/c/en/distribution","/c/en/innervation"],"weight":0.20281999999999997,"degrees":[32,1412,673,24]},"num_concepts_raised":8552},{"base_id":737,"kind":"bot_words","i1":1,"i2":4,"sol":{"path":["/c/en/decidable","/c/en/finite","/c/en/smooth","/c/en/polish"],"weight":0.218509999999997,"degrees":[32,279,1162,1193]},"num_concepts_raised":121979},{"base_id":737,"kind":"bot_words","i1":1,"i2":5,"sol":{"path":["/c/en/decidable","/c/en/set","/c/es/poner","/c/en/spain","/c/en/lusitania"],"weight":0.2087900000000001,"degrees":[32,2628,177,972,79]},"num_concepts_raised":8873},{"base_id":737,"kind":"bot_words","i1":1,"i2":6,"sol":{"path":["/c/en/decidable","/c/en/undecidable","/c/en/mathematics","/c/en/segment","/c/en/somite"],"weight":0.20401999999999992,"degrees":[32,28,7601,486,40]},"num_concepts_raised":20311},{"base_id":737,"kind":"bot_words","i1":1,"i2":7,"sol":{"path":["/c/en/decidable","/c/en/determine","/c/en/draw","/c/en/hat","/c/en/boater"],"weight":0.20458999999999986,"degrees":[32,759,1953,931,79]},"num_concepts_raised":18073},{"base_id":737,"kind":"bot_words","i1":1,"i2":8,"sol":{"path":["/c/en/decidable","/c/en/decide","/c/en/problem","/c/en/danger","/c/en/imperil"],"weight":0.20421999999999993,"degrees":[32,673,950,747,40]},"num_concepts_raised":8952},{"base_id":737,"kind":"bot_words","i1":1,"i2":9,"sol":{"path":["/c/en/decidable","/c/en/determine","/c/en/sex","/c/en/mike"],"weight":0.20365999999999984,"degrees":[32,759,1592,80]},"num_concepts_raised":11741},{"base_id":737,"kind":"bot_words","i1":2,"i2":3,"sol":{"path":["/c/en/magnus","/c/en/person","/c/en/nervous","/c/en/innervation"],"weight":0.20774999999999982,"degrees":[40,12935,307,24]},"num_concepts_raised":14645},{"base_id":737,"kind":"bot_words","i1":2,"i2":4,"sol":{"path":["/c/en/magnus","/c/en/person","/c/en/polish"],"weight":0.20500000000000002,"degrees":[40,12935,1193]},"num_concepts_raised":1059},{"base_id":737,"kind":"bot_words","i1":2,"i2":5,"sol":{"path":["/c/en/magnus","/c/en/person","/c/en/portuguese","/c/en/portugal","/c/en/lusitania"],"weight":0.21589999999999993,"degrees":[40,12935,256,774,79]},"num_concepts_raised":14947},{"base_id":737,"kind":"bot_words","i1":2,"i2":6,"sol":{"path":["/c/en/magnus","/c/en/person","/c/en/biology","/c/en/metamere","/c/en/somite"],"weight":0.2090399999999998,"degrees":[40,12935,6216,34,40]},"num_concepts_raised":26387},{"base_id":737,"kind":"bot_words","i1":2,"i2":7,"sol":{"path":["/c/en/magnus","/c/en/person","/c/en/sailor","/c/en/boater"],"weight":0.2084999999999997,"degrees":[40,12935,570,79]},"num_concepts_raised":24049},{"base_id":737,"kind":"bot_words","i1":2,"i2":8,"sol":{"path":["/c/en/magnus","/c/en/person","/c/en/danger","/c/en/imperil"],"weight":0.20808999999999978,"degrees":[40,12935,747,40]},"num_concepts_raised":15011},{"base_id":737,"kind":"bot_words","i1":2,"i2":9,"sol":{"path":["/c/en/magnus","/c/en/person","/c/en/speaker","/c/en/microphone","/c/en/mike"],"weight":0.2108999999999997,"degrees":[40,12935,691,372,80]},"num_concepts_raised":17838},{"base_id":737,"kind":"bot_words","i1":3,"i2":4,"sol":{"path":["/c/en/innervation","/c/en/nervous","/c/en/person","/c/en/polish"],"weight":0.21692999999999696,"degrees":[24,307,12935,1193]},"num_concepts_raised":117788},{"base_id":737,"kind":"bot_words","i1":3,"i2":5,"sol":{"path":["/c/en/innervation","/c/en/distribution","/c/en/historical","/c/pt/lusitano","/c/pt/lusitânia","/c/en/lusitania"],"weight":0.2165188999999998,"degrees":[24,673,8415,25,14,79]},"num_concepts_raised":248969},{"base_id":737,"kind":"bot_words","i1":3,"i2":6,"sol":{"path":["/c/en/innervation","/c/en/auriculotemporal","/c/en/anatomy","/c/en/somite"],"weight":0.20282999999999987,"degrees":[24,13,12775,40]},"num_concepts_raised":15148},{"base_id":737,"kind":"bot_words","i1":3,"i2":7,"sol":{"path":["/c/en/innervation","/c/en/innervate","/c/en/supply","/c/en/hat","/c/en/boater"],"weight":0.2052999999999998,"degrees":[24,45,969,931,79]},"num_concepts_raised":13027},{"base_id":737,"kind":"bot_words","i1":3,"i2":8,"sol":{"path":["/c/en/innervation","/c/en/nervous","/c/en/adventurous","/c/en/risk","/c/en/imperil"],"weight":0.20295999999999986,"degrees":[24,307,172,626,40]},"num_concepts_raised":3818},{"base_id":737,"kind":"bot_words","i1":3,"i2":9,"sol":{"path":["/c/en/innervation","/c/en/nervous_system","/c/en/animal","/c/en/sex","/c/en/mike"],"weight":0.20340999999999976,"degrees":[24,369,3735,1592,80]},"num_concepts_raised":6715},{"base_id":737,"kind":"bot_words","i1":4,"i2":5,"sol":{"path":["/c/en/polish","/c/pt/polaco","/c/en/portugal","/c/en/lusitania"],"weight":0.22598999999999705,"degrees":[1193,26,774,79]},"num_concepts_raised":118051},{"base_id":737,"kind":"bot_words","i1":4,"i2":6,"sol":{"path":["/c/en/polish","/c/en/gloss","/c/en/anatomy","/c/en/somite"],"weight":0.21845999999999693,"degrees":[1193,338,12775,40]},"num_concepts_raised":129042},{"base_id":737,"kind":"bot_words","i1":4,"i2":7,"sol":{"path":["/c/en/polish","/c/en/wood","/c/en/boat","/c/en/boater"],"weight":0.21769999999999684,"degrees":[1193,2440,1763,79]},"num_concepts_raised":126195},{"base_id":737,"kind":"bot_words","i1":4,"i2":8,"sol":{"path":["/c/en/polish","/c/en/person","/c/en/danger","/c/en/imperil"],"weight":0.21727999999999692,"degrees":[1193,12935,747,40]},"num_concepts_raised":118148},{"base_id":737,"kind":"bot_words","i1":4,"i2":9,"sol":{"path":["/c/en/polish","/c/en/product","/c/en/microphone","/c/en/mike"],"weight":0.21876999999999683,"degrees":[1193,1426,372,80]},"num_concepts_raised":120668},{"base_id":737,"kind":"bot_words","i1":5,"i2":6,"sol":{"path":["/c/en/lusitania","/c/en/portugal","/c/en/porto","/c/en/anatomy","/c/en/somite"],"weight":0.21092,"degrees":[79,774,30,12775,40]},"num_concepts_raised":15498},{"base_id":737,"kind":"bot_words","i1":5,"i2":7,"sol":{"path":["/c/en/lusitania","/c/en/portugal","/c/en/country","/c/en/hat","/c/en/boater"],"weight":0.21244999999999992,"degrees":[79,774,2796,931,79]},"num_concepts_raised":13325},{"base_id":737,"kind":"bot_words","i1":5,"i2":8,"sol":{"path":["/c/en/lusitania","/c/en/lusitanian","/c/en/extinct","/c/en/imperiled","/c/en/imperil"],"weight":0.21071999999999996,"degrees":[79,26,563,6,40]},"num_concepts_raised":4117},{"base_id":737,"kind":"bot_words","i1":5,"i2":9,"sol":{"path":["/c/en/lusitania","/c/en/spain","/c/es/guagua","/c/fr/micro","/c/en/mike"],"weight":0.21051999999999987,"degrees":[79,972,45,145,80]},"num_concepts_raised":7018},{"base_id":737,"kind":"bot_words","i1":6,"i2":7,"sol":{"path":["/c/en/somite","/c/en/anatomy","/c/en/crown","/c/en/boater"],"weight":0.20350999999999977,"degrees":[40,12775,1373,79]},"num_concepts_raised":24721},{"base_id":737,"kind":"bot_words","i1":6,"i2":8,"sol":{"path":["/c/en/somite","/c/en/segment","/c/en/stitch","/c/en/risk","/c/en/imperil"],"weight":0.20316999999999985,"degrees":[40,486,807,626,40]},"num_concepts_raised":15607},{"base_id":737,"kind":"bot_words","i1":6,"i2":9,"sol":{"path":["/c/en/somite","/c/en/anatomy","/c/fr/langue","/c/fr/micro","/c/en/mike"],"weight":0.20479999999999976,"degrees":[40,12775,2949,145,80]},"num_concepts_raised":18484},{"base_id":737,"kind":"bot_words","i1":7,"i2":8,"sol":{"path":["/c/en/boater","/c/en/boat","/c/en/board","/c/en/risk","/c/en/imperil"],"weight":0.20464999999999975,"degrees":[79,1763,1625,626,40]},"num_concepts_raised":13407},{"base_id":737,"kind":"bot_words","i1":7,"i2":9,"sol":{"path":["/c/en/boater","/c/en/boat","/c/en/boom","/c/en/microphone","/c/en/mike"],"weight":0.20741999999999966,"degrees":[79,1763,681,372,80]},"num_concepts_raised":16260},{"base_id":737,"kind":"bot_words","i1":8,"i2":9,"sol":{"path":["/c/en/imperil","/c/en/endanger","/c/fr/mettre","/c/en/mike"],"weight":0.20387999999999973,"degrees":[40,160,2152,80]},"num_concepts_raised":7094}],[{"base_id":737,"kind":"top_words","i1":0,"i2":1,"sol":{"path":["/c/en/neoconservative","/c/en/neotard","/c/en/slang","/c/en/dog","/c/en/poodle"],"weight":0.21625000000000028,"degrees":[34,14,16318,2320,214]},"num_concepts_raised":29401},{"base_id":737,"kind":"top_words","i1":0,"i2":2,"sol":{"path":["/c/en/neoconservative","/c/en/us","/c/en/bill","/c/en/william"],"weight":0.21171999999999971,"degrees":[34,8154,1413,165]},"num_concepts_raised":34518},{"base_id":737,"kind":"top_words","i1":0,"i2":3,"sol":{"path":["/c/en/neoconservative","/c/en/conservative","/c/en/person","/c/en/expert","/c/en/pundit"],"weight":0.20480999999999994,"degrees":[34,422,12935,683,87]},"num_concepts_raised":20214},{"base_id":737,"kind":"top_words","i1":0,"i2":4,"sol":{"path":["/c/en/neoconservative","/c/en/conservative","/c/en/person","/c/en/editor"],"weight":0.20689999999999975,"degrees":[34,422,12935,270]},"num_concepts_raised":34050},{"base_id":737,"kind":"top_words","i1":0,"i2":5,"sol":{"path":["/c/en/neoconservative","/c/en/neotard","/c/en/derogatory","/c/en/windbag"],"weight":0.20440999999999995,"degrees":[34,14,3326,69]},"num_concepts_raised":13771},{"base_id":737,"kind":"top_words","i1":0,"i2":6,"sol":{"path":["/c/en/neoconservative","/c/en/us","/c/en/machine","/c/en/telegraph"],"weight":0.20614999999999967,"degrees":[34,8154,1685,277]},"num_concepts_raised":49865},{"base_id":737,"kind":"top_words","i1":0,"i2":7,"sol":{"path":["/c/en/neoconservative","/c/en/conservative","/c/en/politics","/c/en/strategy","/c/en/strategist"],"weight":0.2059200000000001,"degrees":[34,422,3247,400,92]},"num_concepts_raised":9871},{"base_id":737,"kind":"top_words","i1":0,"i2":8,"sol":{"path":["/c/en/neoconservative","/c/en/conservative","/c/en/right","/c/en/moral","/c/en/moralist"],"weight":0.20524999999999993,"degrees":[34,422,2319,587,51]},"num_concepts_raised":14424},{"base_id":737,"kind":"top_words","i1":0,"i2":9,"sol":{"path":["/c/en/neoconservative","/c/en/us","/c/en/at","/c/en/atx"],"weight":0.20796999999999988,"degrees":[34,8154,756,36]},"num_concepts_raised":19032},{"base_id":737,"kind":"top_words","i1":1,"i2":2,"sol":{"path":["/c/en/poodle","/c/en/dog","/c/en/person","/c/en/william"],"weight":0.22173999999999996,"degrees":[214,2320,12935,165]},"num_concepts_raised":47764},{"base_id":737,"kind":"top_words","i1":1,"i2":3,"sol":{"path":["/c/en/poodle","/c/en/computing","/c/sh/stručnjak","/c/en/pundit"],"weight":0.21152000000000018,"degrees":[214,9084,11,87]},"num_concepts_raised":33687},{"base_id":737,"kind":"top_words","i1":1,"i2":4,"sol":{"path":["/c/en/poodle","/c/en/dog","/c/en/person","/c/en/editor"],"weight":0.21814,"degrees":[214,2320,12935,270]},"num_concepts_raised":46632},{"base_id":737,"kind":"top_words","i1":1,"i2":5,"sol":{"path":["/c/en/poodle","/c/en/dog","/c/en/derogatory","/c/en/windbag"],"weight":0.21559000000000017,"degrees":[214,2320,3326,69]},"num_concepts_raised":27319},{"base_id":737,"kind":"top_words","i1":1,"i2":6,"sol":{"path":["/c/en/poodle","/c/en/dog","/c/en/old","/c/en/telegraph"],"weight":0.2182099999999999,"degrees":[214,2320,2028,277]},"num_concepts_raised":62207},{"base_id":737,"kind":"top_words","i1":1,"i2":7,"sol":{"path":["/c/en/poodle","/c/en/dog","/c/en/general","/c/en/strategist"],"weight":0.21594000000000033,"degrees":[214,2320,1132,92]},"num_concepts_raised":23353},{"base_id":737,"kind":"top_words","i1":1,"i2":8,"sol":{"path":["/c/en/poodle","/c/de/hund","/c/en/pejorative","/c/en/moralist"],"weight":0.21109000000000017,"degrees":[214,558,3581,51]},"num_concepts_raised":27967},{"base_id":737,"kind":"top_words","i1":1,"i2":9,"sol":{"path":["/c/en/poodle","/c/en/computing","/c/en/atx"],"weight":0.20600000000000002,"degrees":[214,9084,36]},"num_concepts_raised":160},{"base_id":737,"kind":"top_words","i1":2,"i2":3,"sol":{"path":["/c/en/william","/c/en/doctor","/c/en/expert","/c/en/pundit"],"weight":0.21035999999999963,"degrees":[165,1654,683,87]},"num_concepts_raised":38733},{"base_id":737,"kind":"top_words","i1":2,"i2":4,"sol":{"path":["/c/en/william","/c/en/person","/c/en/editor"],"weight":0.20400000000000001,"degrees":[165,12935,270]},"num_concepts_raised":357},{"base_id":737,"kind":"top_words","i1":2,"i2":5,"sol":{"path":["/c/en/william","/c/en/person","/c/en/talk","/c/en/windbag"],"weight":0.20992999999999964,"degrees":[165,12935,1956,69]},"num_concepts_raised":32296},{"base_id":737,"kind":"top_words","i1":2,"i2":6,"sol":{"path":["/c/en/william","/c/en/bill","/c/en/telephone","/c/en/telegraph"],"weight":0.21477999999999936,"degrees":[165,1413,1046,277]},"num_concepts_raised":67778},{"base_id":737,"kind":"top_words","i1":2,"i2":7,"sol":{"path":["/c/en/william","/c/en/person","/c/en/planner","/c/en/strategist"],"weight":0.21025999999999978,"degrees":[165,12935,110,92]},"num_concepts_raised":28405},{"base_id":737,"kind":"top_words","i1":2,"i2":8,"sol":{"path":["/c/en/william","/c/en/will","/c/en/moral","/c/en/moralist"],"weight":0.21082999999999963,"degrees":[165,1057,587,51]},"num_concepts_raised":32980},{"base_id":737,"kind":"top_words","i1":2,"i2":9,"sol":{"path":["/c/en/william","/c/en/apple","/c/en/computer","/c/en/atx"],"weight":0.21453999999999956,"degrees":[165,1553,2068,36]},"num_concepts_raised":37565},{"base_id":737,"kind":"top_words","i1":3,"i2":4,"sol":{"path":["/c/en/pundit","/c/en/opinion","/c/en/editorial","/c/en/editor"],"weight":0.20675999999999964,"degrees":[87,1184,160,270]},"num_concepts_raised":38200},{"base_id":737,"kind":"top_words","i1":3,"i2":5,"sol":{"path":["/c/en/pundit","/c/en/commentator","/c/en/bloviator","/c/en/windbag"],"weight":0.20407999999999984,"degrees":[87,139,14,69]},"num_concepts_raised":18117},{"base_id":737,"kind":"top_words","i1":3,"i2":6,"sol":{"path":["/c/en/pundit","/c/en/historical","/c/en/telegraph"],"weight":0.202,"degrees":[87,8415,277]},"num_concepts_raised":291},{"base_id":737,"kind":"top_words","i1":3,"i2":7,"sol":{"path":["/c/en/pundit","/c/en/historical","/c/zh/策士","/c/en/strategist"],"weight":0.20433999999999997,"degrees":[87,8415,10,92]},"num_concepts_raised":14119},{"base_id":737,"kind":"top_words","i1":3,"i2":8,"sol":{"path":["/c/en/pundit","/c/sa/पण्डित","/c/en/philosopher","/c/en/moralist"],"weight":0.20476999999999984,"degrees":[87,29,600,51]},"num_concepts_raised":18663},{"base_id":737,"kind":"top_words","i1":3,"i2":9,"sol":{"path":["/c/en/pundit","/c/sh/stručnjak","/c/en/computing","/c/en/atx"],"weight":0.20854999999999976,"degrees":[87,11,9084,36]},"num_concepts_raised":23319},{"base_id":737,"kind":"top_words","i1":4,"i2":5,"sol":{"path":["/c/en/editor","/c/en/person","/c/en/talk","/c/en/windbag"],"weight":0.20632999999999968,"degrees":[270,12935,1956,69]},"num_concepts_raised":31937},{"base_id":737,"kind":"top_words","i1":4,"i2":6,"sol":{"path":["/c/en/editor","/c/en/newspaper","/c/en/telegraph"],"weight":0.202,"degrees":[270,1133,277]},"num_concepts_raised":436},{"base_id":737,"kind":"top_words","i1":4,"i2":7,"sol":{"path":["/c/en/editor","/c/en/person","/c/en/general","/c/en/strategist"],"weight":0.2066699999999998,"degrees":[270,12935,1132,92]},"num_concepts_raised":27987},{"base_id":737,"kind":"top_words","i1":4,"i2":8,"sol":{"path":["/c/en/editor","/c/en/person","/c/en/moral","/c/en/moralist"],"weight":0.20710999999999966,"degrees":[270,12935,587,51]},"num_concepts_raised":32562},{"base_id":737,"kind":"top_words","i1":4,"i2":9,"sol":{"path":["/c/en/editor","/c/en/edit","/c/en/computing","/c/en/atx"],"weight":0.2132399999999996,"degrees":[270,367,9084,36]},"num_concepts_raised":36514},{"base_id":737,"kind":"top_words","i1":5,"i2":6,"sol":{"path":["/c/en/windbag","/c/en/talk","/c/en/communication","/c/en/telegraph"],"weight":0.2066999999999996,"degrees":[69,1956,873,277]},"num_concepts_raised":47912},{"base_id":737,"kind":"top_words","i1":5,"i2":7,"sol":{"path":["/c/en/windbag","/c/en/talk","/c/en/action","/c/en/strategy","/c/en/strategist"],"weight":0.20531000000000002,"degrees":[69,1956,2156,400,92]},"num_concepts_raised":7647},{"base_id":737,"kind":"top_words","i1":5,"i2":8,"sol":{"path":["/c/en/windbag","/c/en/derogatory","/c/en/pejorative","/c/en/moralist"],"weight":0.20351999999999987,"degrees":[69,3326,3581,51]},"num_concepts_raised":12197},{"base_id":737,"kind":"top_words","i1":5,"i2":9,"sol":{"path":["/c/en/windbag","/c/en/gasbag","/c/en/envelope","/c/en/computing","/c/en/atx"],"weight":0.20942999999999978,"degrees":[69,51,481,9084,36]},"num_concepts_raised":16877},{"base_id":737,"kind":"top_words","i1":6,"i2":7,"sol":{"path":["/c/en/telegraph","/c/en/action","/c/en/strategy","/c/en/strategist"],"weight":0.20794999999999975,"degrees":[277,2156,400,92]},"num_concepts_raised":44008},{"base_id":737,"kind":"top_words","i1":6,"i2":8,"sol":{"path":["/c/en/telegraph","/c/en/first","/c/en/moral","/c/en/moralist"],"weight":0.20718999999999957,"degrees":[277,1502,587,51]},"num_concepts_raised":48616},{"base_id":737,"kind":"top_words","i1":6,"i2":9,"sol":{"path":["/c/en/telegraph","/c/en/cable","/c/en/computer","/c/en/atx"],"weight":0.21140999999999951,"degrees":[277,735,2068,36]},"num_concepts_raised":52324},{"base_id":737,"kind":"top_words","i1":7,"i2":8,"sol":{"path":["/c/en/strategist","/c/en/strategy","/c/en/conduct","/c/en/moral","/c/en/moralist"],"weight":0.20609,"degrees":[92,400,784,587,51]},"num_concepts_raised":8249},{"base_id":737,"kind":"top_words","i1":7,"i2":9,"sol":{"path":["/c/en/strategist","/c/en/strategy","/c/en/command","/c/en/computer","/c/en/atx"],"weight":0.20989999999999995,"degrees":[92,400,1215,2068,36]},"num_concepts_raised":12839},{"base_id":737,"kind":"top_words","i1":8,"i2":9,"sol":{"path":["/c/en/moralist","/c/en/moral","/c/en/person","/c/en/computer","/c/en/atx"],"weight":0.2091599999999998,"degrees":[51,587,12935,2068,36]},"num_concepts_raised":17498}]]