[[{"base_id":82,"kind":"bot_words","i1":0,"i2":1,"sol":{"path":["/c/en/skateboarder","/c/en/park","/c/en/uk","/c/en/wap"],"weight":0.20424999999999988,"degrees":[46,898,5562,49]},"num_concepts_raised":22070},{"base_id":82,"kind":"bot_words","i1":0,"i2":2,"sol":{"path":["/c/en/skateboarder","/c/en/skateboarding","/c/en/handplant","/c/en/plant","/c/en/zingiberaceae"],"weight":0.20955999999999975,"degrees":[46,161,12,7959,69]},"num_concepts_raised":11306},{"base_id":82,"kind":"bot_words","i1":0,"i2":3,"sol":{"path":["/c/en/skateboarder","/c/en/park","/c/en/leg","/c/en/calipers"],"weight":0.20886999999999978,"degrees":[46,898,1497,103]},"num_concepts_raised":9553},{"base_id":82,"kind":"bot_words","i1":0,"i2":4,"sol":{"path":["/c/en/skateboarder","/c/en/worker","/c/en/slave","/c/pt/escravizado","/c/en/enthralled"],"weight":0.20287999999999984,"degrees":[46,1829,899,6,32]},"num_concepts_raised":3910},{"base_id":82,"kind":"bot_words","i1":0,"i2":5,"sol":{"path":["/c/en/skateboarder","/c/en/park","/c/en/food","/c/en/chips"],"weight":0.20380999999999963,"degrees":[46,898,4281,104]},"num_concepts_raised":37376},{"base_id":82,"kind":"bot_words","i1":0,"i2":6,"sol":{"path":["/c/en/skateboarder","/c/en/park","/c/en/place","/c/en/organization"],"weight":0.22340999999999656,"degrees":[46,898,3314,1375]},"num_concepts_raised":134312},{"base_id":82,"kind":"bot_words","i1":0,"i2":7,"sol":{"path":["/c/en/skateboarder","/c/en/skateboarding","/c/en/event","/c/en/link","/c/en/linking"],"weight":0.20434999999999975,"degrees":[46,161,1724,915,52]},"num_concepts_raised":7301},{"base_id":82,"kind":"bot_words","i1":0,"i2":8,"sol":{"path":["/c/en/skateboarder","/c/en/skateboarding","/c/en/air","/c/en/sound","/c/en/phonic"],"weight":0.20446999999999993,"degrees":[46,161,1965,3218,42]},"num_concepts_raised":7667},{"base_id":82,"kind":"bot_words","i1":0,"i2":9,"sol":{"path":["/c/en/skateboarder","/c/en/park","/c/en/shade","/c/en/chiaroscurist","/c/en/chiaroscuro"],"weight":0.21218000000000004,"degrees":[46,898,1192,12,159]},"num_concepts_raised":6394},{"base_id":82,"kind":"bot_words","i1":1,"i2":2,"sol":{"path":["/c/en/wap","/c/en/uk","/c/en/ginger","/c/en/zingiberaceae"],"weight":0.20961999999999978,"degrees":[49,5562,609,69]},"num_concepts_raised":26738},{"base_id":82,"kind":"bot_words","i1":1,"i2":3,"sol":{"path":["/c/en/wap","/c/en/uk","/c/en/brace","/c/en/calipers"],"weight":0.2100499999999998,"degrees":[49,5562,436,103]},"num_concepts_raised":24922},{"base_id":82,"kind":"bot_words","i1":1,"i2":4,"sol":{"path":["/c/en/wap","/c/en/uk","/c/en/how_do_you_do","/c/fr/enchanté","/c/en/enthralled"],"weight":0.20412999999999987,"degrees":[49,5562,93,97,32]},"num_concepts_raised":19465},{"base_id":82,"kind":"bot_words","i1":1,"i2":5,"sol":{"path":["/c/en/wap","/c/en/uk","/c/en/chip","/c/en/chips"],"weight":0.20619999999999966,"degrees":[49,5562,782,104]},"num_concepts_raised":51175},{"base_id":82,"kind":"bot_words","i1":1,"i2":6,"sol":{"path":["/c/en/wap","/c/en/uk","/c/en/corporation","/c/en/organization"],"weight":0.22862999999999659,"degrees":[49,5562,466,1375]},"num_concepts_raised":147829},{"base_id":82,"kind":"bot_words","i1":1,"i2":7,"sol":{"path":["/c/en/wap","/c/en/internet","/c/en/link","/c/en/linking"],"weight":0.20326999999999976,"degrees":[49,2994,915,52]},"num_concepts_raised":22609},{"base_id":82,"kind":"bot_words","i1":1,"i2":8,"sol":{"path":["/c/en/wap","/c/en/beat","/c/en/sound","/c/en/phonic"],"weight":0.20339999999999997,"degrees":[49,1834,3218,42]},"num_concepts_raised":23055},{"base_id":82,"kind":"bot_words","i1":1,"i2":9,"sol":{"path":["/c/en/wap","/c/en/application","/c/en/painting","/c/en/chiaroscuro"],"weight":0.2101900000000001,"degrees":[49,799,1155,159]},"num_concepts_raised":21899},{"base_id":82,"kind":"bot_words","i1":2,"i2":3,"sol":{"path":["/c/en/zingiberaceae","/c/en/ginger","/c/en/root","/c/en/support","/c/en/calipers"],"weight":0.2142999999999997,"degrees":[69,609,1503,2237,103]},"num_concepts_raised":14269},{"base_id":82,"kind":"bot_words","i1":2,"i2":4,"sol":{"path":["/c/en/zingiberaceae","/c/en/plant","/c/la/defigo","/c/en/enchant","/c/en/enchanted","/c/en/enthralled"],"weight":0.2143159999999986,"degrees":[69,7959,117,239,95,32]},"num_concepts_raised":432002},{"base_id":82,"kind":"bot_words","i1":2,"i2":5,"sol":{"path":["/c/en/zingiberaceae","/c/en/ginger","/c/en/food","/c/en/chips"],"weight":0.20918999999999954,"degrees":[69,609,4281,104]},"num_concepts_raised":41984},{"base_id":82,"kind":"bot_words","i1":2,"i2":6,"sol":{"path":["/c/en/zingiberaceae","/c/en/plant","/c/en/branch","/c/en/organization"],"weight":0.23037999999999648,"degrees":[69,7959,1753,1375]},"num_concepts_raised":138806},{"base_id":82,"kind":"bot_words","i1":2,"i2":7,"sol":{"path":["/c/en/zingiberaceae","/c/en/plant","/c/en/object","/c/en/link","/c/en/linking"],"weight":0.20860999999999963,"degrees":[69,7959,1642,915,52]},"num_concepts_raised":12024},{"base_id":82,"kind":"bot_words","i1":2,"i2":8,"sol":{"path":["/c/en/zingiberaceae","/c/en/ginger","/c/en/strong","/c/en/sound","/c/en/phonic"],"weight":0.20873999999999984,"degrees":[69,609,1566,3218,42]},"num_concepts_raised":12396},{"base_id":82,"kind":"bot_words","i1":2,"i2":9,"sol":{"path":["/c/en/zingiberaceae","/c/en/ginger","/c/en/colour","/c/en/chiaroscurist","/c/en/chiaroscuro"],"weight":0.21753999999999996,"degrees":[69,609,1259,12,159]},"num_concepts_raised":11126},{"base_id":82,"kind":"bot_words","i1":3,"i2":4,"sol":{"path":["/c/en/calipers","/c/en/support","/c/en/influence","/c/en/enchanted","/c/en/enthralled"],"weight":0.20974999999999977,"degrees":[103,2237,1115,95,32]},"num_concepts_raised":6884},{"base_id":82,"kind":"bot_words","i1":3,"i2":5,"sol":{"path":["/c/en/calipers","/c/en/leg","/c/en/slang","/c/en/chips"],"weight":0.20955999999999955,"degrees":[103,1497,16318,104]},"num_concepts_raised":40133},{"base_id":82,"kind":"bot_words","i1":3,"i2":6,"sol":{"path":["/c/en/calipers","/c/en/support","/c/en/group","/c/en/organization"],"weight":0.23423999999999645,"degrees":[103,2237,2339,1375]},"num_concepts_raised":136540},{"base_id":82,"kind":"bot_words","i1":3,"i2":7,"sol":{"path":["/c/en/calipers","/c/en/brace","/c/en/connect","/c/en/linking"],"weight":0.20892999999999967,"degrees":[103,436,860,52]},"num_concepts_raised":10214},{"base_id":82,"kind":"bot_words","i1":3,"i2":8,"sol":{"path":["/c/en/calipers","/c/en/measure","/c/en/sound","/c/en/phonic"],"weight":0.20915999999999985,"degrees":[103,1837,3218,42]},"num_concepts_raised":10602},{"base_id":82,"kind":"bot_words","i1":3,"i2":9,"sol":{"path":["/c/en/calipers","/c/en/measure","/c/en/volume","/c/en/chiaroscurist","/c/en/chiaroscuro"],"weight":0.21797999999999998,"degrees":[103,1837,846,12,159]},"num_concepts_raised":9343},{"base_id":82,"kind":"bot_words","i1":4,"i2":5,"sol":{"path":["/c/en/enthralled","/c/fi/iloinen","/c/en/chipper","/c/en/chips"],"weight":0.20349999999999963,"degrees":[32,46,66,104]},"num_concepts_raised":34863},{"base_id":82,"kind":"bot_words","i1":4,"i2":6,"sol":{"path":["/c/en/enthralled","/c/en/charmed","/c/en/charm","/c/en/group","/c/en/organization"],"weight":0.22814999999999652,"degrees":[32,111,773,2339,1375]},"num_concepts_raised":132158},{"base_id":82,"kind":"bot_words","i1":4,"i2":7,"sol":{"path":["/c/en/enthralled","/c/zh/入神","/c/en/interest","/c/en/link","/c/en/linking"],"weight":0.2030799999999997,"degrees":[32,12,1297,915,52]},"num_concepts_raised":4622},{"base_id":82,"kind":"bot_words","i1":4,"i2":8,"sol":{"path":["/c/en/enthralled","/c/en/charmed","/c/en/charm","/c/en/sound","/c/en/phonic"],"weight":0.20328999999999992,"degrees":[32,111,773,3218,42]},"num_concepts_raised":4983},{"base_id":82,"kind":"bot_words","i1":4,"i2":9,"sol":{"path":["/c/en/enthralled","/c/en/beguiled","/c/en/film","/c/en/painting","/c/en/chiaroscuro"],"weight":0.21008000000000004,"degrees":[32,24,2504,1155,159]},"num_concepts_raised":3701},{"base_id":82,"kind":"bot_words","i1":5,"i2":6,"sol":{"path":["/c/en/chips","/c/en/slang","/c/en/business","/c/en/organization"],"weight":0.22885999999999632,"degrees":[104,16318,2538,1375]},"num_concepts_raised":161634},{"base_id":82,"kind":"bot_words","i1":5,"i2":7,"sol":{"path":["/c/en/chips","/c/en/chip","/c/en/piece","/c/en/link","/c/en/linking"],"weight":0.20511999999999952,"degrees":[104,782,1565,915,52]},"num_concepts_raised":38021},{"base_id":82,"kind":"bot_words","i1":5,"i2":8,"sol":{"path":["/c/en/chips","/c/en/slang","/c/en/sound","/c/en/phonic"],"weight":0.2040499999999997,"degrees":[104,16318,3218,42]},"num_concepts_raised":38433},{"base_id":82,"kind":"bot_words","i1":5,"i2":9,"sol":{"path":["/c/en/chips","/c/en/oil","/c/fr/peinture","/c/fr/clair_obscur","/c/en/chiaroscuro"],"weight":0.21705999999999984,"degrees":[104,1904,767,61,159]},"num_concepts_raised":37254},{"base_id":82,"kind":"bot_words","i1":6,"i2":7,"sol":{"path":["/c/en/organization","/c/en/system","/c/en/link","/c/en/linking"],"weight":0.22809999999999642,"degrees":[1375,1888,915,52]},"num_concepts_raised":134720},{"base_id":82,"kind":"bot_words","i1":6,"i2":8,"sol":{"path":["/c/en/organization","/c/en/like","/c/en/sound","/c/en/phonic"],"weight":0.22350999999999666,"degrees":[1375,2357,3218,42]},"num_concepts_raised":135305},{"base_id":82,"kind":"bot_words","i1":6,"i2":9,"sol":{"path":["/c/en/organization","/c/en/school","/c/en/painting","/c/en/chiaroscuro"],"weight":0.23027999999999677,"degrees":[1375,2171,1155,159]},"num_concepts_raised":134324},{"base_id":82,"kind":"bot_words","i1":7,"i2":8,"sol":{"path":["/c/en/linking","/c/zh/連綴","/c/en/phonetics","/c/en/phonic"],"weight":0.20319999999999983,"degrees":[52,13,1121,42]},"num_concepts_raised":8342},{"base_id":82,"kind":"bot_words","i1":7,"i2":9,"sol":{"path":["/c/en/linking","/c/en/software","/c/en/arts","/c/en/chiaroscuro"],"weight":0.21023999999999993,"degrees":[52,1812,674,159]},"num_concepts_raised":7102},{"base_id":82,"kind":"bot_words","i1":8,"i2":9,"sol":{"path":["/c/en/phonic","/c/en/sound","/c/la/tonus","/c/fr/clair_obscur","/c/en/chiaroscuro"],"weight":0.21672000000000013,"degrees":[42,3218,66,61,159]},"num_concepts_raised":7451}],[{"base_id":82,"kind":"top_words","i1":0,"i2":1,"sol":{"path":["/c/en/benedict","/c/en/pope"],"weight":0.20600000000000002,"degrees":[67,607]},"num_concepts_raised":516},{"base_id":82,"kind":"top_words","i1":0,"i2":2,"sol":{"path":["/c/en/benedict","/c/en/pope","/c/en/pontiff"],"weight":0.20400000000000001,"degrees":[67,607,118]},"num_concepts_raised":156},{"base_id":82,"kind":"top_words","i1":0,"i2":3,"sol":{"path":["/c/en/benedict","/c/en/pope","/c/en/papal"],"weight":0.202,"degrees":[67,607,121]},"num_concepts_raised":156},{"base_id":82,"kind":"top_words","i1":0,"i2":4,"sol":{"path":["/c/en/benedict","/c/en/pope","/c/en/vatican"],"weight":0.203,"degrees":[67,607,123]},"num_concepts_raised":171},{"base_id":82,"kind":"top_words","i1":0,"i2":5,"sol":{"path":["/c/en/benedict","/c/en/pope","/c/en/bishop","/c/en/cardinal"],"weight":0.2778400000000412,"degrees":[67,607,922,5720]},"num_concepts_raised":101410},{"base_id":82,"kind":"top_words","i1":0,"i2":6,"sol":{"path":["/c/en/benedict","/c/en/pope","/c/en/papacy"],"weight":0.202,"degrees":[67,607,91]},"num_concepts_raised":134},{"base_id":82,"kind":"top_words","i1":0,"i2":7,"sol":{"path":["/c/en/benedict","/c/en/pope","/c/en/bishop","/c/en/archbishop"],"weight":0.2148000000000002,"degrees":[67,607,922,280]},"num_concepts_raised":11636},{"base_id":82,"kind":"top_words","i1":0,"i2":8,"sol":{"path":["/c/en/benedict","/c/en/pope","/c/fr/christianisme","/c/en/homily"],"weight":0.2038499999999997,"degrees":[67,607,704,83]},"num_concepts_raised":5476},{"base_id":82,"kind":"top_words","i1":0,"i2":9,"sol":{"path":["/c/en/benedict","/c/en/kansas","/c/en/viola","/c/en/vi"],"weight":0.21166999999999841,"degrees":[67,548,423,375]},"num_concepts_raised":8307},{"base_id":82,"kind":"top_words","i1":1,"i2":2,"sol":{"path":["/c/en/pope","/c/en/pontiff"],"weight":0.21000000000000002,"degrees":[607,118]},"num_concepts_raised":520},{"base_id":82,"kind":"top_words","i1":1,"i2":3,"sol":{"path":["/c/en/pope","/c/en/papal"],"weight":0.20600000000000002,"degrees":[607,121]},"num_concepts_raised":531},{"base_id":82,"kind":"top_words","i1":1,"i2":4,"sol":{"path":["/c/en/pope","/c/en/vatican"],"weight":0.20800000000000002,"degrees":[607,123]},"num_concepts_raised":557},{"base_id":82,"kind":"top_words","i1":1,"i2":5,"sol":{"path":["/c/en/pope","/c/en/bishop","/c/en/cardinal"],"weight":0.21400000000000002,"degrees":[607,922,5720]},"num_concepts_raised":5902},{"base_id":82,"kind":"top_words","i1":1,"i2":6,"sol":{"path":["/c/en/pope","/c/en/papacy"],"weight":0.20600000000000002,"degrees":[607,91]},"num_concepts_raised":508},{"base_id":82,"kind":"top_words","i1":1,"i2":7,"sol":{"path":["/c/en/pope","/c/en/bishop","/c/en/archbishop"],"weight":0.21100000000000002,"degrees":[607,922,280]},"num_concepts_raised":617},{"base_id":82,"kind":"top_words","i1":1,"i2":8,"sol":{"path":["/c/en/pope","/c/fr/christianisme","/c/en/homily"],"weight":0.20600000000000002,"degrees":[607,704,83]},"num_concepts_raised":522},{"base_id":82,"kind":"top_words","i1":1,"i2":9,"sol":{"path":["/c/en/pope","/c/en/us","/c/en/prusvi","/c/en/vi"],"weight":0.23011999999999827,"degrees":[607,8154,8,375]},"num_concepts_raised":86401},{"base_id":82,"kind":"top_words","i1":2,"i2":3,"sol":{"path":["/c/en/pontiff","/c/en/pope","/c/en/papal"],"weight":0.20400000000000001,"degrees":[118,607,121]},"num_concepts_raised":186},{"base_id":82,"kind":"top_words","i1":2,"i2":4,"sol":{"path":["/c/en/pontiff","/c/en/pope","/c/en/vatican"],"weight":0.20500000000000002,"degrees":[118,607,123]},"num_concepts_raised":204},{"base_id":82,"kind":"top_words","i1":2,"i2":5,"sol":{"path":["/c/en/pontiff","/c/en/bishop","/c/en/cardinal"],"weight":0.20800000000000002,"degrees":[118,922,5720]},"num_concepts_raised":5560},{"base_id":82,"kind":"top_words","i1":2,"i2":6,"sol":{"path":["/c/en/pontiff","/c/en/pope","/c/en/papacy"],"weight":0.20400000000000001,"degrees":[118,607,91]},"num_concepts_raised":164},{"base_id":82,"kind":"top_words","i1":2,"i2":7,"sol":{"path":["/c/en/pontiff","/c/en/bishop","/c/en/archbishop"],"weight":0.20500000000000002,"degrees":[118,922,280]},"num_concepts_raised":261},{"base_id":82,"kind":"top_words","i1":2,"i2":8,"sol":{"path":["/c/en/pontiff","/c/en/pope","/c/fr/christianisme","/c/en/homily"],"weight":0.20747999999999972,"degrees":[118,607,704,83]},"num_concepts_raised":15438},{"base_id":82,"kind":"top_words","i1":2,"i2":9,"sol":{"path":["/c/en/pontiff","/c/en/pope","/c/en/us","/c/en/prusvi","/c/en/vi"],"weight":0.21725999999999843,"degrees":[118,607,8154,8,375]},"num_concepts_raised":18312},{"base_id":82,"kind":"top_words","i1":3,"i2":4,"sol":{"path":["/c/en/papal","/c/en/vatican"],"weight":0.202,"degrees":[121,123]},"num_concepts_raised":200},{"base_id":82,"kind":"top_words","i1":3,"i2":5,"sol":{"path":["/c/en/papal","/c/en/conclavist","/c/en/cardinal"],"weight":0.20600000000000002,"degrees":[121,13,5720]},"num_concepts_raised":5559},{"base_id":82,"kind":"top_words","i1":3,"i2":6,"sol":{"path":["/c/en/papal","/c/en/papacy"],"weight":0.20400000000000001,"degrees":[121,91]},"num_concepts_raised":157},{"base_id":82,"kind":"top_words","i1":3,"i2":7,"sol":{"path":["/c/en/papal","/c/en/pontifical","/c/en/bishop","/c/en/archbishop"],"weight":0.21669000000000033,"degrees":[121,48,922,280]},"num_concepts_raised":10494},{"base_id":82,"kind":"top_words","i1":3,"i2":8,"sol":{"path":["/c/en/papal","/c/en/pope","/c/fr/christianisme","/c/en/homily"],"weight":0.2049899999999998,"degrees":[121,607,704,83]},"num_concepts_raised":4347},{"base_id":82,"kind":"top_words","i1":3,"i2":9,"sol":{"path":["/c/en/papal","/c/en/pope","/c/en/us","/c/en/prusvi","/c/en/vi"],"weight":0.2148099999999985,"degrees":[121,607,8154,8,375]},"num_concepts_raised":7186},{"base_id":82,"kind":"top_words","i1":4,"i2":5,"sol":{"path":["/c/en/vatican","/c/en/cardinal"],"weight":0.20600000000000002,"degrees":[123,5720]},"num_concepts_raised":5574},{"base_id":82,"kind":"top_words","i1":4,"i2":6,"sol":{"path":["/c/en/vatican","/c/en/papacy"],"weight":0.202,"degrees":[123,91]},"num_concepts_raised":175},{"base_id":82,"kind":"top_words","i1":4,"i2":7,"sol":{"path":["/c/en/vatican","/c/en/pope","/c/en/bishop","/c/en/archbishop"],"weight":0.2167500000000001,"degrees":[123,607,922,280]},"num_concepts_raised":24488},{"base_id":82,"kind":"top_words","i1":4,"i2":8,"sol":{"path":["/c/en/vatican","/c/en/pope","/c/fr/christianisme","/c/en/homily"],"weight":0.2056999999999996,"degrees":[123,607,704,83]},"num_concepts_raised":18463},{"base_id":82,"kind":"top_words","i1":4,"i2":9,"sol":{"path":["/c/en/vatican","/c/en/cardinal","/c/en/6","/c/en/vi"],"weight":0.2124399999999983,"degrees":[123,5720,97,375]},"num_concepts_raised":21142},{"base_id":82,"kind":"top_words","i1":5,"i2":6,"sol":{"path":["/c/en/cardinal","/c/en/vatican","/c/en/papacy"],"weight":0.20600000000000002,"degrees":[5720,123,91]},"num_concepts_raised":5539},{"base_id":82,"kind":"top_words","i1":5,"i2":7,"sol":{"path":["/c/en/cardinal","/c/en/bishop","/c/en/archbishop"],"weight":0.21100000000000002,"degrees":[5720,922,280]},"num_concepts_raised":5631},{"base_id":82,"kind":"top_words","i1":5,"i2":8,"sol":{"path":["/c/en/cardinal","/c/fr/christianisme","/c/en/homily"],"weight":0.20600000000000002,"degrees":[5720,704,83]},"num_concepts_raised":5533},{"base_id":82,"kind":"top_words","i1":5,"i2":9,"sol":{"path":["/c/en/cardinal","/c/en/6","/c/en/vi"],"weight":0.20900000000000002,"degrees":[5720,97,375]},"num_concepts_raised":5837},{"base_id":82,"kind":"top_words","i1":6,"i2":7,"sol":{"path":["/c/en/papacy","/c/en/pope","/c/en/bishop","/c/en/archbishop"],"weight":0.2155400000000003,"degrees":[91,607,922,280]},"num_concepts_raised":14763},{"base_id":82,"kind":"top_words","i1":6,"i2":8,"sol":{"path":["/c/en/papacy","/c/fr/papauté","/c/fr/christianisme","/c/en/homily"],"weight":0.20547999999999977,"degrees":[91,46,704,83]},"num_concepts_raised":8708},{"base_id":82,"kind":"top_words","i1":6,"i2":9,"sol":{"path":["/c/en/papacy","/c/en/office","/c/en/software","/c/en/vi"],"weight":0.21203999999999848,"degrees":[91,1568,1812,375]},"num_concepts_raised":11543},{"base_id":82,"kind":"top_words","i1":7,"i2":8,"sol":{"path":["/c/en/archbishop","/c/fr/christianisme","/c/en/homily"],"weight":0.20400000000000001,"degrees":[280,704,83]},"num_concepts_raised":233},{"base_id":82,"kind":"top_words","i1":7,"i2":9,"sol":{"path":["/c/en/archbishop","/c/en/bishop","/c/en/us","/c/en/prusvi","/c/en/vi"],"weight":0.22476999999999894,"degrees":[280,922,8154,8,375]},"num_concepts_raised":14155},{"base_id":82,"kind":"top_words","i1":8,"i2":9,"sol":{"path":["/c/en/homily","/c/fr/christianisme","/c/en/cardinal","/c/en/6","/c/en/vi"],"weight":0.21199999999999844,"degrees":[83,704,5720,97,375]},"num_concepts_raised":7916}]]