[[{"base_id":896,"kind":"bot_words","i1":0,"i2":1,"sol":{"path":["/c/en/pacific","/c/fr/géographie","/c/en/pass","/c/en/auc"],"weight":0.20610999999999946,"degrees":[215,8043,2112,25]},"num_concepts_raised":41743},{"base_id":896,"kind":"bot_words","i1":0,"i2":2,"sol":{"path":["/c/en/pacific","/c/en/ridley","/c/fr/localités","/c/en/haswell"],"weight":0.2100499999999994,"degrees":[215,25,110113,32]},"num_concepts_raised":130014},{"base_id":896,"kind":"bot_words","i1":0,"i2":3,"sol":{"path":["/c/en/pacific","/c/en/ptc","/c/en/medicine","/c/en/fentanyl"],"weight":0.21033999999999936,"degrees":[215,24,11938,54]},"num_concepts_raised":36604},{"base_id":896,"kind":"bot_words","i1":0,"i2":4,"sol":{"path":["/c/en/pacific","/c/en/peace","/c/en/equal","/c/en/unbalanced"],"weight":0.20714999999999933,"degrees":[215,1125,1243,93]},"num_concepts_raised":40689},{"base_id":896,"kind":"bot_words","i1":0,"i2":5,"sol":{"path":["/c/en/pacific","/c/en/peace","/c/en/happy","/c/en/lucky"],"weight":0.21277999999999925,"degrees":[215,1125,1272,420]},"num_concepts_raised":32620},{"base_id":896,"kind":"bot_words","i1":0,"i2":6,"sol":{"path":["/c/en/pacific","/c/en/new_zealand","/c/en/unit","/c/en/furlong"],"weight":0.20548999999999942,"degrees":[215,1182,1582,52]},"num_concepts_raised":34527},{"base_id":896,"kind":"bot_words","i1":0,"i2":7,"sol":{"path":["/c/en/pacific","/c/fr/géographie","/c/fr/capricorne","/c/fr/janvier","/c/en/january"],"weight":0.22551,"degrees":[215,8043,107,318,476]},"num_concepts_raised":26166},{"base_id":896,"kind":"bot_words","i1":0,"i2":8,"sol":{"path":["/c/en/pacific","/c/fr/géographie","/c/en/ethiopian","/c/en/abyssinia"],"weight":0.20650999999999942,"degrees":[215,8043,105,56]},"num_concepts_raised":30540},{"base_id":896,"kind":"bot_words","i1":0,"i2":9,"sol":{"path":["/c/en/pacific","/c/en/peaceful","/c/en/quiet","/c/en/quail","/c/en/phasianidae"],"weight":0.21272999999999934,"degrees":[215,486,1147,407,83]},"num_concepts_raised":21829},{"base_id":896,"kind":"bot_words","i1":1,"i2":2,"sol":{"path":["/c/en/auc","/c/en/rome","/c/en/river","/c/fr/localités","/c/en/haswell"],"weight":0.20783999999999983,"degrees":[25,432,2945,110113,32]},"num_concepts_raised":130879},{"base_id":896,"kind":"bot_words","i1":1,"i2":3,"sol":{"path":["/c/en/auc","/c/en/pass","/c/en/medicine","/c/en/fentanyl"],"weight":0.20806999999999976,"degrees":[25,2112,11938,54]},"num_concepts_raised":37245},{"base_id":896,"kind":"bot_words","i1":1,"i2":4,"sol":{"path":["/c/en/auc","/c/en/pass","/c/en/right","/c/en/unbalanced"],"weight":0.20351999999999973,"degrees":[25,2112,2319,93]},"num_concepts_raised":40879},{"base_id":896,"kind":"bot_words","i1":1,"i2":5,"sol":{"path":["/c/en/auc","/c/en/year","/c/en/happy","/c/en/lucky"],"weight":0.20912999999999962,"degrees":[25,1951,1272,420]},"num_concepts_raised":33319},{"base_id":896,"kind":"bot_words","i1":1,"i2":6,"sol":{"path":["/c/en/auc","/c/en/historical","/c/en/furlong"],"weight":0.202,"degrees":[25,8415,52]},"num_concepts_raised":68},{"base_id":896,"kind":"bot_words","i1":1,"i2":7,"sol":{"path":["/c/en/auc","/c/en/year","/c/en/month","/c/en/january"],"weight":0.21743000000000046,"degrees":[25,1951,1313,476]},"num_concepts_raised":26709},{"base_id":896,"kind":"bot_words","i1":1,"i2":8,"sol":{"path":["/c/en/auc","/c/en/historical","/c/en/abyssinia"],"weight":0.202,"degrees":[25,8415,56]},"num_concepts_raised":74},{"base_id":896,"kind":"bot_words","i1":1,"i2":9,"sol":{"path":["/c/en/auc","/c/en/city","/c/en/small","/c/en/quail","/c/en/phasianidae"],"weight":0.20844999999999975,"degrees":[25,3758,2515,407,83]},"num_concepts_raised":22618},{"base_id":896,"kind":"bot_words","i1":2,"i2":3,"sol":{"path":["/c/en/haswell","/c/fr/localités","/c/en/healing","/c/en/medicine","/c/en/fentanyl"],"weight":0.21315999999999974,"degrees":[32,110113,216,11938,54]},"num_concepts_raised":125564},{"base_id":896,"kind":"bot_words","i1":2,"i2":4,"sol":{"path":["/c/en/haswell","/c/fr/localités","/c/fr/valence","/c/en/labile","/c/en/unbalanced"],"weight":0.2094699999999997,"degrees":[32,110113,386,68,93]},"num_concepts_raised":129834},{"base_id":896,"kind":"bot_words","i1":2,"i2":5,"sol":{"path":["/c/en/haswell","/c/fr/localités","/c/fr/chatte","/c/en/luck","/c/en/lucky"],"weight":0.2158199999999996,"degrees":[32,110113,244,704,420]},"num_concepts_raised":121791},{"base_id":896,"kind":"bot_words","i1":2,"i2":6,"sol":{"path":["/c/en/haswell","/c/fr/localités","/c/fr/stade","/c/en/furlong"],"weight":0.2091499999999998,"degrees":[32,110113,145,52]},"num_concepts_raised":123613},{"base_id":896,"kind":"bot_words","i1":2,"i2":7,"sol":{"path":["/c/en/haswell","/c/fr/localités","/c/en/march","/c/en/january"],"weight":0.22012000000000043,"degrees":[32,110113,1235,476]},"num_concepts_raised":115135},{"base_id":896,"kind":"bot_words","i1":2,"i2":8,"sol":{"path":["/c/en/haswell","/c/fr/localités","/c/en/horn","/c/en/ethiopia","/c/en/abyssinia"],"weight":0.2092899999999998,"degrees":[32,110113,1054,341,56]},"num_concepts_raised":119548},{"base_id":896,"kind":"bot_words","i1":2,"i2":9,"sol":{"path":["/c/en/haswell","/c/fr/localités","/c/fr/caille","/c/en/quail","/c/en/phasianidae"],"weight":0.2135099999999997,"degrees":[32,110113,157,407,83]},"num_concepts_raised":110744},{"base_id":896,"kind":"bot_words","i1":3,"i2":4,"sol":{"path":["/c/en/fentanyl","/c/en/medicine","/c/en/slip","/c/en/labile","/c/en/unbalanced"],"weight":0.20977999999999963,"degrees":[54,11938,1135,68,93]},"num_concepts_raised":35987},{"base_id":896,"kind":"bot_words","i1":3,"i2":5,"sol":{"path":["/c/en/fentanyl","/c/en/medicine","/c/en/superstition","/c/en/luck","/c/en/lucky"],"weight":0.21610999999999952,"degrees":[54,11938,269,704,420]},"num_concepts_raised":28076},{"base_id":896,"kind":"bot_words","i1":3,"i2":6,"sol":{"path":["/c/en/fentanyl","/c/en/medicine","/c/fr/stade","/c/en/furlong"],"weight":0.20945999999999976,"degrees":[54,11938,145,52]},"num_concepts_raised":29895},{"base_id":896,"kind":"bot_words","i1":3,"i2":7,"sol":{"path":["/c/en/fentanyl","/c/en/medicine","/c/en/tet","/c/en/january"],"weight":0.22018000000000038,"degrees":[54,11938,22,476]},"num_concepts_raised":21474},{"base_id":896,"kind":"bot_words","i1":3,"i2":8,"sol":{"path":["/c/en/fentanyl","/c/en/medicine","/c/en/slang","/c/ru/абиссиния","/c/en/abyssinia"],"weight":0.20948999999999973,"degrees":[54,11938,16318,15,56]},"num_concepts_raised":25843},{"base_id":896,"kind":"bot_words","i1":3,"i2":9,"sol":{"path":["/c/en/fentanyl","/c/en/medicine","/c/en/species","/c/en/phasianid","/c/en/phasianidae"],"weight":0.21379999999999966,"degrees":[54,11938,1659,28,83]},"num_concepts_raised":17088},{"base_id":896,"kind":"bot_words","i1":4,"i2":5,"sol":{"path":["/c/en/unbalanced","/c/en/computing","/c/en/luck","/c/en/lucky"],"weight":0.2114699999999995,"degrees":[93,9084,704,420]},"num_concepts_raised":32023},{"base_id":896,"kind":"bot_words","i1":4,"i2":6,"sol":{"path":["/c/en/unbalanced","/c/en/equal","/c/en/mile","/c/en/furlong"],"weight":0.2060099999999997,"degrees":[93,1243,530,52]},"num_concepts_raised":33819},{"base_id":896,"kind":"bot_words","i1":4,"i2":7,"sol":{"path":["/c/en/unbalanced","/c/en/computing","/c/en/tet","/c/en/january"],"weight":0.21554000000000034,"degrees":[93,9084,22,476]},"num_concepts_raised":25694},{"base_id":896,"kind":"bot_words","i1":4,"i2":8,"sol":{"path":["/c/en/unbalanced","/c/en/american_football","/c/en/dime","/c/en/ethiopia","/c/en/abyssinia"],"weight":0.2049699999999997,"degrees":[93,497,128,341,56]},"num_concepts_raised":30015},{"base_id":896,"kind":"bot_words","i1":4,"i2":9,"sol":{"path":["/c/en/unbalanced","/c/en/equal","/c/en/two","/c/en/quail","/c/en/phasianidae"],"weight":0.20922999999999964,"degrees":[93,1243,1673,407,83]},"num_concepts_raised":21387},{"base_id":896,"kind":"bot_words","i1":5,"i2":6,"sol":{"path":["/c/en/lucky","/c/en/fortunate","/c/en/single","/c/en/unit","/c/en/furlong"],"weight":0.2120099999999996,"degrees":[420,265,1167,1582,52]},"num_concepts_raised":26095},{"base_id":896,"kind":"bot_words","i1":5,"i2":7,"sol":{"path":["/c/en/lucky","/c/ja/幸せ","/c/ja/正月","/c/en/january"],"weight":0.2213500000000002,"degrees":[420,86,131,476]},"num_concepts_raised":17631},{"base_id":896,"kind":"bot_words","i1":5,"i2":8,"sol":{"path":["/c/en/lucky","/c/en/luck","/c/he/מזל","/c/en/historical","/c/en/abyssinia"],"weight":0.21132999999999963,"degrees":[420,704,60,8415,56]},"num_concepts_raised":22098},{"base_id":896,"kind":"bot_words","i1":5,"i2":9,"sol":{"path":["/c/en/lucky","/c/en/fortune","/c/en/food","/c/en/quail","/c/en/phasianidae"],"weight":0.21526999999999952,"degrees":[420,813,4281,407,83]},"num_concepts_raised":13333},{"base_id":896,"kind":"bot_words","i1":6,"i2":7,"sol":{"path":["/c/en/furlong","/c/en/unit","/c/en/month","/c/en/january"],"weight":0.21765000000000043,"degrees":[52,1582,1313,476]},"num_concepts_raised":19487},{"base_id":896,"kind":"bot_words","i1":6,"i2":8,"sol":{"path":["/c/en/furlong","/c/en/historical","/c/en/abyssinia"],"weight":0.202,"degrees":[52,8415,56]},"num_concepts_raised":93},{"base_id":896,"kind":"bot_words","i1":6,"i2":9,"sol":{"path":["/c/en/furlong","/c/en/mile","/c/en/type","/c/en/quail","/c/en/phasianidae"],"weight":0.21091999999999972,"degrees":[52,530,1591,407,83]},"num_concepts_raised":15212},{"base_id":896,"kind":"bot_words","i1":7,"i2":8,"sol":{"path":["/c/en/january","/c/en/march","/c/en/historical","/c/en/abyssinia"],"weight":0.21554000000000045,"degrees":[476,1235,8415,56]},"num_concepts_raised":15444},{"base_id":896,"kind":"bot_words","i1":7,"i2":9,"sol":{"path":["/c/en/january","/c/zh/一月","/c/en/first","/c/en/quail","/c/en/phasianidae"],"weight":0.22281000000000034,"degrees":[476,16,1502,407,83]},"num_concepts_raised":6659},{"base_id":896,"kind":"bot_words","i1":8,"i2":9,"sol":{"path":["/c/en/abyssinia","/c/en/ethiopia","/c/en/food","/c/en/quail","/c/en/phasianidae"],"weight":0.20994999999999975,"degrees":[56,341,4281,407,83]},"num_concepts_raised":11113}],[{"base_id":896,"kind":"top_words","i1":0,"i2":1,"sol":{"path":["/c/en/metacarpal","/c/en/bone","/c/en/us","/c/en/suffrage"],"weight":0.2119999999999998,"degrees":[65,2320,8154,140]},"num_concepts_raised":20409},{"base_id":896,"kind":"top_words","i1":0,"i2":2,"sol":{"path":["/c/en/metacarpal","/c/en/bone","/c/en/us","/c/en/bushel"],"weight":0.2073999999999998,"degrees":[65,2320,8154,164]},"num_concepts_raised":23294},{"base_id":896,"kind":"top_words","i1":0,"i2":3,"sol":{"path":["/c/en/metacarpal","/c/en/carpometacarpus","/c/en/wing","/c/en/wingspan"],"weight":0.2035999999999999,"degrees":[65,11,1177,56]},"num_concepts_raised":7377},{"base_id":896,"kind":"top_words","i1":0,"i2":4,"sol":{"path":["/c/en/metacarpal","/c/en/bone","/c/en/trapezium","/c/en/united_states","/c/en/jonesboro"],"weight":0.20562999999999992,"degrees":[65,2320,181,1636,24]},"num_concepts_raised":7396},{"base_id":896,"kind":"top_words","i1":0,"i2":5,"sol":{"path":["/c/en/metacarpal","/c/en/bone","/c/en/animal","/c/en/bird","/c/en/recurvirostridae"],"weight":0.21085999999999983,"degrees":[65,2320,3735,4970,49]},"num_concepts_raised":6344},{"base_id":896,"kind":"top_words","i1":0,"i2":6,"sol":{"path":["/c/en/metacarpal","/c/en/bone","/c/en/frame","/c/en/monocle"],"weight":0.2166699999999999,"degrees":[65,2320,948,170]},"num_concepts_raised":33589},{"base_id":896,"kind":"top_words","i1":0,"i2":7,"sol":{"path":["/c/en/metacarpal","/c/en/bone","/c/en/skeleton","/c/en/computing","/c/en/dropbox"],"weight":0.21094999999999975,"degrees":[65,2320,1201,9084,58]},"num_concepts_raised":12909},{"base_id":896,"kind":"top_words","i1":0,"i2":8,"sol":{"path":["/c/en/metacarpal","/c/en/bone","/c/en/general","/c/en/religion","/c/en/apocalypticism"],"weight":0.2105399999999999,"degrees":[65,2320,1132,3331,24]},"num_concepts_raised":5082},{"base_id":896,"kind":"top_words","i1":0,"i2":9,"sol":{"path":["/c/en/metacarpal","/c/en/metapodial","/c/en/zoology","/c/en/falconid","/c/en/falconidae"],"weight":0.20864999999999972,"degrees":[65,17,8127,4,70]},"num_concepts_raised":2414},{"base_id":896,"kind":"top_words","i1":1,"i2":2,"sol":{"path":["/c/en/suffrage","/c/en/us","/c/en/bushel"],"weight":0.20400000000000001,"degrees":[140,8154,164]},"num_concepts_raised":228},{"base_id":896,"kind":"top_words","i1":1,"i2":3,"sol":{"path":["/c/en/suffrage","/c/en/right","/c/en/wingspan"],"weight":0.20400000000000001,"degrees":[140,2319,56]},"num_concepts_raised":148},{"base_id":896,"kind":"top_words","i1":1,"i2":4,"sol":{"path":["/c/en/suffrage","/c/en/us","/c/en/united_states","/c/en/jonesboro"],"weight":0.20930999999999989,"degrees":[140,8154,1636,24]},"num_concepts_raised":23525},{"base_id":896,"kind":"top_words","i1":1,"i2":5,"sol":{"path":["/c/en/suffrage","/c/en/us","/c/en/bird","/c/en/recurvirostridae"],"weight":0.21449999999999977,"degrees":[140,8154,4970,49]},"num_concepts_raised":22734},{"base_id":896,"kind":"top_words","i1":1,"i2":6,"sol":{"path":["/c/en/suffrage","/c/en/vote","/c/en/politics","/c/en/monocle"],"weight":0.22270999999999985,"degrees":[140,756,3247,170]},"num_concepts_raised":48675},{"base_id":896,"kind":"top_words","i1":1,"i2":7,"sol":{"path":["/c/en/suffrage","/c/en/us","/c/es/buzón","/c/en/dropbox"],"weight":0.2144599999999997,"degrees":[140,8154,23,58]},"num_concepts_raised":29110},{"base_id":896,"kind":"top_words","i1":1,"i2":8,"sol":{"path":["/c/en/suffrage","/c/en/christianity","/c/en/apocalypse","/c/en/apocalypticism"],"weight":0.21626999999999985,"degrees":[140,2627,173,24]},"num_concepts_raised":21401},{"base_id":896,"kind":"top_words","i1":1,"i2":9,"sol":{"path":["/c/en/suffrage","/c/en/us","/c/en/bird","/c/en/caracara","/c/en/falconidae"],"weight":0.2146899999999997,"degrees":[140,8154,4970,61,70]},"num_concepts_raised":18888},{"base_id":896,"kind":"top_words","i1":2,"i2":3,"sol":{"path":["/c/en/bushel","/c/en/us","/c/en/right","/c/en/wingspan"],"weight":0.20505999999999985,"degrees":[164,8154,2319,56]},"num_concepts_raised":26507},{"base_id":896,"kind":"top_words","i1":2,"i2":4,"sol":{"path":["/c/en/bushel","/c/en/quarter","/c/en/united_states","/c/en/jonesboro"],"weight":0.2057599999999999,"degrees":[164,871,1636,24]},"num_concepts_raised":26469},{"base_id":896,"kind":"top_words","i1":2,"i2":5,"sol":{"path":["/c/en/bushel","/c/en/peck","/c/en/bird","/c/en/recurvirostridae"],"weight":0.21199999999999974,"degrees":[164,263,4970,49]},"num_concepts_raised":25622},{"base_id":896,"kind":"top_words","i1":2,"i2":6,"sol":{"path":["/c/en/bushel","/c/en/quarter","/c/en/eye","/c/en/monocle"],"weight":0.21918999999999983,"degrees":[164,871,2698,170]},"num_concepts_raised":51497},{"base_id":896,"kind":"top_words","i1":2,"i2":7,"sol":{"path":["/c/en/bushel","/c/en/mend","/c/en/sewing","/c/en/dropbox"],"weight":0.2098899999999997,"degrees":[164,320,517,58]},"num_concepts_raised":31830},{"base_id":896,"kind":"top_words","i1":2,"i2":8,"sol":{"path":["/c/en/bushel","/c/en/modius","/c/en/religion","/c/en/apocalypticism"],"weight":0.20958999999999983,"degrees":[164,33,3331,24]},"num_concepts_raised":24420},{"base_id":896,"kind":"top_words","i1":2,"i2":9,"sol":{"path":["/c/en/bushel","/c/en/peck","/c/en/bird","/c/en/caracara","/c/en/falconidae"],"weight":0.21218999999999968,"degrees":[164,263,4970,61,70]},"num_concepts_raised":21792},{"base_id":896,"kind":"top_words","i1":3,"i2":4,"sol":{"path":["/c/en/wingspan","/c/en/right","/c/en/liberty","/c/en/union_county","/c/en/jonesboro"],"weight":0.20422999999999997,"degrees":[56,2319,438,58,24]},"num_concepts_raised":10792},{"base_id":896,"kind":"top_words","i1":3,"i2":5,"sol":{"path":["/c/en/wingspan","/c/en/wingspread","/c/en/bird","/c/en/recurvirostridae"],"weight":0.20951999999999987,"degrees":[56,20,4970,49]},"num_concepts_raised":9704},{"base_id":896,"kind":"top_words","i1":3,"i2":6,"sol":{"path":["/c/en/wingspan","/c/en/right","/c/en/correct","/c/en/monocle"],"weight":0.21447999999999995,"degrees":[56,2319,1136,170]},"num_concepts_raised":36502},{"base_id":896,"kind":"top_words","i1":3,"i2":7,"sol":{"path":["/c/en/wingspan","/c/en/span","/c/en/computing","/c/en/dropbox"],"weight":0.20846999999999977,"degrees":[56,342,9084,58]},"num_concepts_raised":16258},{"base_id":896,"kind":"top_words","i1":3,"i2":8,"sol":{"path":["/c/en/wingspan","/c/en/right","/c/en/cross","/c/en/religion","/c/en/apocalypticism"],"weight":0.20822999999999994,"degrees":[56,2319,1512,3331,24]},"num_concepts_raised":8480},{"base_id":896,"kind":"top_words","i1":3,"i2":9,"sol":{"path":["/c/en/wingspan","/c/en/wingspread","/c/en/bird","/c/en/caracara","/c/en/falconidae"],"weight":0.20970999999999979,"degrees":[56,20,4970,61,70]},"num_concepts_raised":5822},{"base_id":896,"kind":"top_words","i1":4,"i2":5,"sol":{"path":["/c/en/jonesboro","/c/en/united_states","/c/en/colony","/c/en/bird","/c/en/recurvirostridae"],"weight":0.20813999999999988,"degrees":[24,1636,698,4970,49]},"num_concepts_raised":9756},{"base_id":896,"kind":"top_words","i1":4,"i2":6,"sol":{"path":["/c/en/jonesboro","/c/en/united_states","/c/en/english_language","/c/en/monocle"],"weight":0.21399999999999997,"degrees":[24,1636,579,170]},"num_concepts_raised":36907},{"base_id":896,"kind":"top_words","i1":4,"i2":7,"sol":{"path":["/c/en/jonesboro","/c/en/union_county","/c/en/union","/c/en/computing","/c/en/dropbox"],"weight":0.2091399999999998,"degrees":[24,58,1104,9084,58]},"num_concepts_raised":16312},{"base_id":896,"kind":"top_words","i1":4,"i2":8,"sol":{"path":["/c/en/jonesboro","/c/en/union_county","/c/en/oregon","/c/en/religion","/c/en/apocalypticism"],"weight":0.20883999999999997,"degrees":[24,58,370,3331,24]},"num_concepts_raised":8477},{"base_id":896,"kind":"top_words","i1":4,"i2":9,"sol":{"path":["/c/en/jonesboro","/c/en/usa","/c/en/us","/c/en/bird","/c/en/red_footed_falcon","/c/en/falconidae"],"weight":0.2119857999999998,"degrees":[24,2683,8154,4970,69,70]},"num_concepts_raised":223324},{"base_id":896,"kind":"top_words","i1":5,"i2":6,"sol":{"path":["/c/en/recurvirostridae","/c/en/bird","/c/en/man","/c/en/eye","/c/en/monocle"],"weight":0.22165999999999986,"degrees":[49,4970,3068,2698,170]},"num_concepts_raised":35949},{"base_id":896,"kind":"top_words","i1":5,"i2":7,"sol":{"path":["/c/en/recurvirostridae","/c/en/bird","/c/en/nest","/c/en/computing","/c/en/dropbox"],"weight":0.21335999999999972,"degrees":[49,4970,1196,9084,58]},"num_concepts_raised":15282},{"base_id":896,"kind":"top_words","i1":5,"i2":8,"sol":{"path":["/c/en/recurvirostridae","/c/en/bird","/c/en/generic","/c/en/religion","/c/en/apocalypticism"],"weight":0.21307999999999988,"degrees":[49,4970,341,3331,24]},"num_concepts_raised":7457},{"base_id":896,"kind":"top_words","i1":5,"i2":9,"sol":{"path":["/c/en/recurvirostridae","/c/en/bird_family","/c/en/falconidae"],"weight":0.20600000000000002,"degrees":[49,151,70]},"num_concepts_raised":107},{"base_id":896,"kind":"top_words","i1":6,"i2":7,"sol":{"path":["/c/en/monocle","/c/en/culture","/c/en/computing","/c/en/dropbox"],"weight":0.21923999999999977,"degrees":[170,1324,9084,58]},"num_concepts_raised":42055},{"base_id":896,"kind":"top_words","i1":6,"i2":8,"sol":{"path":["/c/en/monocle","/c/en/vision","/c/en/religion","/c/en/apocalypticism"],"weight":0.21901999999999994,"degrees":[170,644,3331,24]},"num_concepts_raised":34650},{"base_id":896,"kind":"top_words","i1":6,"i2":9,"sol":{"path":["/c/en/monocle","/c/en/single","/c/en/family","/c/en/bird_family","/c/en/falconidae"],"weight":0.2214799999999998,"degrees":[170,1167,3166,151,70]},"num_concepts_raised":32119},{"base_id":896,"kind":"top_words","i1":7,"i2":8,"sol":{"path":["/c/en/dropbox","/c/en/computing","/c/en/fold","/c/en/religion","/c/en/apocalypticism"],"weight":0.21310999999999977,"degrees":[58,9084,1091,3331,24]},"num_concepts_raised":14006},{"base_id":896,"kind":"top_words","i1":7,"i2":9,"sol":{"path":["/c/en/dropbox","/c/en/computing","/c/en/programming_language","/c/en/falcon","/c/fi/jalohaukat","/c/en/falconidae"],"weight":0.21955549999999807,"degrees":[58,9084,560,539,9,70]},"num_concepts_raised":531117},{"base_id":896,"kind":"top_words","i1":8,"i2":9,"sol":{"path":["/c/en/apocalypticism","/c/en/religion","/c/hu/nővér","/c/fr/famille","/c/fr/falconidés","/c/en/falconidae"],"weight":0.2160347999999992,"degrees":[24,3331,18,2667,11,70]},"num_concepts_raised":148743}]]