[[{"base_id":917,"kind":"bot_words","i1":0,"i2":1,"sol":{"path":["/c/en/restoration","/c/en/state","/c/en/energy","/c/en/atpase"],"weight":0.21653999999999918,"degrees":[342,3243,1631,42]},"num_concepts_raised":24508},{"base_id":917,"kind":"bot_words","i1":0,"i2":2,"sol":{"path":["/c/en/restoration","/c/en/state","/c/en/country","/c/en/greece","/c/en/nafplio"],"weight":0.21859999999999913,"degrees":[342,3243,2796,731,45]},"num_concepts_raised":18736},{"base_id":917,"kind":"bot_words","i1":0,"i2":3,"sol":{"path":["/c/en/restoration","/c/en/england","/c/en/channel","/c/en/gunwale"],"weight":0.2119099999999992,"degrees":[342,2303,932,77]},"num_concepts_raised":28744},{"base_id":917,"kind":"bot_words","i1":0,"i2":4,"sol":{"path":["/c/en/restoration","/c/en/regeneration","/c/en/organic_process","/c/en/ripening"],"weight":0.21180999999999922,"degrees":[342,131,102,75]},"num_concepts_raised":19132},{"base_id":917,"kind":"bot_words","i1":0,"i2":5,"sol":{"path":["/c/en/restoration","/c/en/england","/c/en/peasant","/c/en/lowly"],"weight":0.21241999999999894,"degrees":[342,2303,647,133]},"num_concepts_raised":22582},{"base_id":917,"kind":"bot_words","i1":0,"i2":6,"sol":{"path":["/c/en/restoration","/c/en/power","/c/en/conjure","/c/en/conjuration"],"weight":0.2112799999999992,"degrees":[342,2205,101,39]},"num_concepts_raised":22568},{"base_id":917,"kind":"bot_words","i1":0,"i2":7,"sol":{"path":["/c/en/restoration","/c/fr/restauration","/c/en/historical","/c/en/crotch"],"weight":0.2172099999999989,"degrees":[342,138,8415,184]},"num_concepts_raised":62834},{"base_id":917,"kind":"bot_words","i1":0,"i2":8,"sol":{"path":["/c/en/restoration","/c/en/return","/c/en/finance","/c/en/scalper"],"weight":0.21405999999999928,"degrees":[342,1609,2051,50]},"num_concepts_raised":27533},{"base_id":917,"kind":"bot_words","i1":0,"i2":9,"sol":{"path":["/c/en/restoration","/c/en/redintegration","/c/en/chemistry","/c/en/bromination"],"weight":0.21118999999999924,"degrees":[342,18,11754,24]},"num_concepts_raised":29686},{"base_id":917,"kind":"bot_words","i1":1,"i2":2,"sol":{"path":["/c/en/atpase","/c/en/energy","/c/en/victoria","/c/en/administrative_region","/c/en/nafplio"],"weight":0.21305999999999972,"degrees":[42,1631,497,476,45]},"num_concepts_raised":7945},{"base_id":917,"kind":"bot_words","i1":1,"i2":3,"sol":{"path":["/c/en/atpase","/c/en/enzyme","/c/en/complement","/c/en/nautical","/c/en/gunwale"],"weight":0.2109399999999998,"degrees":[42,2499,379,5204,77]},"num_concepts_raised":18050},{"base_id":917,"kind":"bot_words","i1":1,"i2":4,"sol":{"path":["/c/en/atpase","/c/en/enzyme","/c/en/galactase","/c/en/ripening"],"weight":0.2105599999999998,"degrees":[42,2499,7,75]},"num_concepts_raised":8254},{"base_id":917,"kind":"bot_words","i1":1,"i2":5,"sol":{"path":["/c/en/atpase","/c/en/enzyme","/c/en/flour","/c/fa/پست","/c/en/lowly"],"weight":0.21114999999999953,"degrees":[42,2499,793,41,133]},"num_concepts_raised":11805},{"base_id":917,"kind":"bot_words","i1":1,"i2":6,"sol":{"path":["/c/en/atpase","/c/en/energy","/c/en/force","/c/en/magic","/c/en/conjuration"],"weight":0.20821999999999974,"degrees":[42,1631,1979,913,39]},"num_concepts_raised":11801},{"base_id":917,"kind":"bot_words","i1":1,"i2":7,"sol":{"path":["/c/en/atpase","/c/en/phosphate","/c/en/us","/c/en/crotch"],"weight":0.20965999999999946,"degrees":[42,441,8154,184]},"num_concepts_raised":53213},{"base_id":917,"kind":"bot_words","i1":1,"i2":8,"sol":{"path":["/c/en/atpase","/c/en/phosphate","/c/en/us","/c/en/scalper"],"weight":0.20820999999999987,"degrees":[42,441,8154,50]},"num_concepts_raised":16961},{"base_id":917,"kind":"bot_words","i1":1,"i2":9,"sol":{"path":["/c/en/atpase","/c/en/enzyme","/c/en/bromoperoxidase","/c/en/bromination"],"weight":0.20987999999999982,"degrees":[42,2499,8,24]},"num_concepts_raised":18675},{"base_id":917,"kind":"bot_words","i1":2,"i2":3,"sol":{"path":["/c/en/nafplio","/c/en/greece","/c/en/europe","/c/en/channel","/c/en/gunwale"],"weight":0.21059999999999973,"degrees":[45,731,765,932,77]},"num_concepts_raised":12210},{"base_id":917,"kind":"bot_words","i1":2,"i2":4,"sol":{"path":["/c/en/nafplio","/c/en/greece","/c/en/country","/c/en/australia","/c/en/ageing","/c/en/ripening"],"weight":0.21588499999999955,"degrees":[45,731,2796,2690,127,75]},"num_concepts_raised":231606},{"base_id":917,"kind":"bot_words","i1":2,"i2":5,"sol":{"path":["/c/en/nafplio","/c/en/greece","/c/en/country","/c/ga/íseal","/c/en/lowly"],"weight":0.21210999999999947,"degrees":[45,731,2796,23,133]},"num_concepts_raised":5957},{"base_id":917,"kind":"bot_words","i1":2,"i2":6,"sol":{"path":["/c/en/nafplio","/c/en/greece","/c/en/midas","/c/en/magic","/c/en/conjuration"],"weight":0.2101899999999997,"degrees":[45,731,37,913,39]},"num_concepts_raised":5952},{"base_id":917,"kind":"bot_words","i1":2,"i2":7,"sol":{"path":["/c/en/nafplio","/c/en/greece","/c/en/bath","/c/en/body","/c/en/crotch"],"weight":0.21281999999999943,"degrees":[45,731,636,3170,184]},"num_concepts_raised":47427},{"base_id":917,"kind":"bot_words","i1":2,"i2":8,"sol":{"path":["/c/en/nafplio","/c/en/greece","/c/en/greek","/c/en/us","/c/en/scalper"],"weight":0.21026999999999985,"degrees":[45,731,647,8154,50]},"num_concepts_raised":11126},{"base_id":917,"kind":"bot_words","i1":2,"i2":9,"sol":{"path":["/c/en/nafplio","/c/en/greece","/c/en/ion","/c/en/atom","/c/en/bromine","/c/en/bromination"],"weight":0.21464379999999955,"degrees":[45,731,512,1498,380,24]},"num_concepts_raised":347090},{"base_id":917,"kind":"bot_words","i1":3,"i2":4,"sol":{"path":["/c/en/gunwale","/c/en/rowlock","/c/en/british","/c/en/ageing","/c/en/ripening"],"weight":0.20515999999999984,"degrees":[77,53,3452,127,75]},"num_concepts_raised":12522},{"base_id":917,"kind":"bot_words","i1":3,"i2":5,"sol":{"path":["/c/en/gunwale","/c/en/wale","/c/en/strike","/c/en/lower","/c/en/lowly"],"weight":0.20566999999999955,"degrees":[77,128,1725,881,133]},"num_concepts_raised":16029},{"base_id":917,"kind":"bot_words","i1":3,"i2":6,"sol":{"path":["/c/en/gunwale","/c/en/nautical","/c/en/trick","/c/en/conjuration"],"weight":0.20374999999999976,"degrees":[77,5204,1286,39]},"num_concepts_raised":16043},{"base_id":917,"kind":"bot_words","i1":3,"i2":7,"sol":{"path":["/c/en/gunwale","/c/en/nautical","/c/en/crutch","/c/en/crotch"],"weight":0.2065499999999995,"degrees":[77,5204,226,184]},"num_concepts_raised":56713},{"base_id":917,"kind":"bot_words","i1":3,"i2":8,"sol":{"path":["/c/en/gunwale","/c/en/wale","/c/en/skin","/c/en/scalp","/c/en/scalper"],"weight":0.2057699999999999,"degrees":[77,128,2372,210,50]},"num_concepts_raised":21040},{"base_id":917,"kind":"bot_words","i1":3,"i2":9,"sol":{"path":["/c/en/gunwale","/c/en/wale","/c/en/course","/c/en/chemistry","/c/en/bromination"],"weight":0.20442999999999983,"degrees":[77,128,1347,11754,24]},"num_concepts_raised":23130},{"base_id":917,"kind":"bot_words","i1":4,"i2":5,"sol":{"path":["/c/en/ripening","/c/en/ripen","/c/en/change","/c/en/humble","/c/en/lowly"],"weight":0.20732999999999957,"degrees":[75,287,3383,569,133]},"num_concepts_raised":6272},{"base_id":917,"kind":"bot_words","i1":4,"i2":6,"sol":{"path":["/c/en/ripening","/c/en/ageing","/c/en/cell","/c/en/criminal","/c/en/conjuration"],"weight":0.20452999999999977,"degrees":[75,127,2433,971,39]},"num_concepts_raised":6274},{"base_id":917,"kind":"bot_words","i1":4,"i2":7,"sol":{"path":["/c/en/ripening","/c/en/aging","/c/en/euphemistic","/c/en/crotch"],"weight":0.2051299999999995,"degrees":[75,133,1186,184]},"num_concepts_raised":47735},{"base_id":917,"kind":"bot_words","i1":4,"i2":8,"sol":{"path":["/c/en/ripening","/c/en/ageing","/c/en/british","/c/en/ticket_tout","/c/en/scalper"],"weight":0.2059899999999999,"degrees":[75,127,3452,18,50]},"num_concepts_raised":11437},{"base_id":917,"kind":"bot_words","i1":4,"i2":9,"sol":{"path":["/c/en/ripening","/c/en/ageing","/c/en/macromolecule","/c/en/chemistry","/c/en/bromination"],"weight":0.20447999999999986,"degrees":[75,127,164,11754,24]},"num_concepts_raised":13347},{"base_id":917,"kind":"bot_words","i1":5,"i2":6,"sol":{"path":["/c/en/lowly","/c/en/rascal","/c/en/criminal","/c/en/conjuration"],"weight":0.2038699999999995,"degrees":[133,280,971,39]},"num_concepts_raised":9783},{"base_id":917,"kind":"bot_words","i1":5,"i2":7,"sol":{"path":["/c/en/lowly","/c/ga/íseal","/c/en/historical","/c/en/crotch"],"weight":0.20659999999999923,"degrees":[133,23,8415,184]},"num_concepts_raised":50952},{"base_id":917,"kind":"bot_words","i1":5,"i2":8,"sol":{"path":["/c/en/lowly","/c/en/humble","/c/en/scotland","/c/en/scalp","/c/en/scalper"],"weight":0.20687999999999962,"degrees":[133,569,2226,210,50]},"num_concepts_raised":14918},{"base_id":917,"kind":"bot_words","i1":5,"i2":9,"sol":{"path":["/c/en/lowly","/c/en/humble","/c/en/reduce","/c/en/chemistry","/c/en/bromination"],"weight":0.20553999999999956,"degrees":[133,569,1258,11754,24]},"num_concepts_raised":16899},{"base_id":917,"kind":"bot_words","i1":6,"i2":7,"sol":{"path":["/c/en/conjuration","/c/en/trick","/c/en/slang","/c/en/crotch"],"weight":0.20463999999999943,"degrees":[39,1286,16318,184]},"num_concepts_raised":50996},{"base_id":917,"kind":"bot_words","i1":6,"i2":8,"sol":{"path":["/c/en/conjuration","/c/en/trick","/c/en/tout","/c/en/scalper"],"weight":0.20418999999999984,"degrees":[39,1286,146,50]},"num_concepts_raised":14901},{"base_id":917,"kind":"bot_words","i1":6,"i2":9,"sol":{"path":["/c/en/conjuration","/c/en/magic","/c/en/science","/c/en/chemistry","/c/en/bromination"],"weight":0.20297999999999977,"degrees":[39,913,1674,11754,24]},"num_concepts_raised":16887},{"base_id":917,"kind":"bot_words","i1":7,"i2":8,"sol":{"path":["/c/en/crotch","/c/en/us","/c/en/scalper"],"weight":0.202,"degrees":[184,8154,50]},"num_concepts_raised":194},{"base_id":917,"kind":"bot_words","i1":7,"i2":9,"sol":{"path":["/c/en/crotch","/c/en/rise","/c/en/reaction","/c/en/bromination"],"weight":0.20438999999999952,"degrees":[184,1687,873,24]},"num_concepts_raised":58240},{"base_id":917,"kind":"bot_words","i1":8,"i2":9,"sol":{"path":["/c/en/scalper","/c/en/finance","/c/en/liquid","/c/en/bromine","/c/en/bromination"],"weight":0.2040499999999999,"degrees":[50,2051,1778,380,24]},"num_concepts_raised":22031}],[{"base_id":917,"kind":"top_words","i1":0,"i2":1,"sol":{"path":["/c/en/alliance","/c/en/alignment","/c/en/transport","/c/en/tricycle"],"weight":0.2171099999999992,"degrees":[508,210,1411,156]},"num_concepts_raised":27079},{"base_id":917,"kind":"top_words","i1":0,"i2":2,"sol":{"path":["/c/en/alliance","/c/en/combination","/c/en/mathematics","/c/en/supremum"],"weight":0.21590999999999927,"degrees":[508,588,7601,41]},"num_concepts_raised":32200},{"base_id":917,"kind":"top_words","i1":0,"i2":3,"sol":{"path":["/c/en/alliance","/c/en/ally","/c/fr/adverbe","/c/fr/syntagme_prépositionnel","/c/en/pp"],"weight":0.21857999999999933,"degrees":[508,306,225,34,31]},"num_concepts_raised":32772},{"base_id":917,"kind":"top_words","i1":0,"i2":4,"sol":{"path":["/c/en/alliance","/c/en/organization","/c/en/country","/c/en/azawad"],"weight":0.21910999999999914,"degrees":[508,1375,2796,83]},"num_concepts_raised":25056},{"base_id":917,"kind":"top_words","i1":0,"i2":5,"sol":{"path":["/c/en/alliance","/c/en/organization","/c/en/socialist","/c/en/leninist"],"weight":0.21360999999999936,"degrees":[508,1375,299,39]},"num_concepts_raised":26369},{"base_id":917,"kind":"top_words","i1":0,"i2":6,"sol":{"path":["/c/en/alliance","/c/en/axis","/c/en/lever","/c/en/vise"],"weight":0.2167699999999994,"degrees":[508,735,360,119]},"num_concepts_raised":34770},{"base_id":917,"kind":"top_words","i1":0,"i2":7,"sol":{"path":["/c/en/alliance","/c/en/combination","/c/en/politics","/c/en/sld"],"weight":0.21563999999999928,"degrees":[508,588,3247,26]},"num_concepts_raised":53779},{"base_id":917,"kind":"top_words","i1":0,"i2":8,"sol":{"path":["/c/en/alliance","/c/en/join","/c/en/activity","/c/en/bioavailability"],"weight":0.2135699999999994,"degrees":[508,1308,1154,30]},"num_concepts_raised":29203},{"base_id":917,"kind":"top_words","i1":0,"i2":9,"sol":{"path":["/c/en/alliance","/c/en/side","/c/en/window","/c/en/pane"],"weight":0.2170099999999991,"degrees":[508,1912,1508,126]},"num_concepts_raised":46364},{"base_id":917,"kind":"top_words","i1":1,"i2":2,"sol":{"path":["/c/en/tricycle","/c/en/steel","/c/en/element","/c/en/supremum"],"weight":0.20458999999999972,"degrees":[156,1352,1173,41]},"num_concepts_raised":14562},{"base_id":917,"kind":"top_words","i1":1,"i2":3,"sol":{"path":["/c/en/tricycle","/c/en/tricycles","/c/en/pedals","/c/en/piano","/c/en/pp"],"weight":0.20552999999999977,"degrees":[156,11,14,693,31]},"num_concepts_raised":14968},{"base_id":917,"kind":"top_words","i1":1,"i2":4,"sol":{"path":["/c/en/tricycle","/c/en/philippines","/c/en/country","/c/en/azawad"],"weight":0.21009999999999956,"degrees":[156,630,2796,83]},"num_concepts_raised":7316},{"base_id":917,"kind":"top_words","i1":1,"i2":5,"sol":{"path":["/c/en/tricycle","/c/en/transport","/c/en/ship","/c/en/lenin","/c/en/leninist"],"weight":0.20476999999999979,"degrees":[156,1411,2104,87,39]},"num_concepts_raised":8497},{"base_id":917,"kind":"top_words","i1":1,"i2":6,"sol":{"path":["/c/en/tricycle","/c/en/bicycle","/c/en/garage","/c/en/vise"],"weight":0.20599999999999982,"degrees":[156,1026,563,119]},"num_concepts_raised":17562},{"base_id":917,"kind":"top_words","i1":1,"i2":7,"sol":{"path":["/c/en/tricycle","/c/en/steel","/c/en/uk","/c/en/sld"],"weight":0.20439999999999975,"degrees":[156,1352,5562,26]},"num_concepts_raised":36711},{"base_id":917,"kind":"top_words","i1":1,"i2":8,"sol":{"path":["/c/en/tricycle","/c/en/bicycle","/c/en/ride","/c/en/activity","/c/en/bioavailability"],"weight":0.20474999999999982,"degrees":[156,1026,974,1154,30]},"num_concepts_raised":11372},{"base_id":917,"kind":"top_words","i1":1,"i2":9,"sol":{"path":["/c/en/tricycle","/c/en/steel","/c/en/window","/c/en/pane"],"weight":0.20814999999999953,"degrees":[156,1352,1508,126]},"num_concepts_raised":29095},{"base_id":917,"kind":"top_words","i1":2,"i2":3,"sol":{"path":["/c/en/supremum","/c/en/mathematics","/c/en/physics","/c/en/pp"],"weight":0.20302999999999982,"degrees":[41,7601,9094,31]},"num_concepts_raised":19777},{"base_id":917,"kind":"top_words","i1":2,"i2":4,"sol":{"path":["/c/en/supremum","/c/en/mathematics","/c/en/state","/c/en/country","/c/en/azawad"],"weight":0.20864999999999964,"degrees":[41,7601,3243,2796,83]},"num_concepts_raised":12618},{"base_id":917,"kind":"top_words","i1":2,"i2":5,"sol":{"path":["/c/en/supremum","/c/en/least","/c/en/philosophy","/c/en/leninist"],"weight":0.20303999999999983,"degrees":[41,192,2516,39]},"num_concepts_raised":13736},{"base_id":917,"kind":"top_words","i1":2,"i2":6,"sol":{"path":["/c/en/supremum","/c/en/infimum","/c/en/wedge","/c/en/tool","/c/en/vise"],"weight":0.2053899999999999,"degrees":[41,44,515,1423,119]},"num_concepts_raised":22915},{"base_id":917,"kind":"top_words","i1":2,"i2":7,"sol":{"path":["/c/en/supremum","/c/en/mathematics","/c/en/physics","/c/en/sld"],"weight":0.2029999999999998,"degrees":[41,7601,9094,26]},"num_concepts_raised":41361},{"base_id":917,"kind":"top_words","i1":2,"i2":8,"sol":{"path":["/c/en/supremum","/c/en/mathematics","/c/en/action","/c/en/drug","/c/en/bioavailability"],"weight":0.2031499999999999,"degrees":[41,7601,2156,4920,30]},"num_concepts_raised":16666},{"base_id":917,"kind":"top_words","i1":2,"i2":9,"sol":{"path":["/c/en/supremum","/c/en/element","/c/en/glass","/c/en/pane"],"weight":0.20666999999999958,"degrees":[41,1173,1851,126]},"num_concepts_raised":33878},{"base_id":917,"kind":"top_words","i1":3,"i2":4,"sol":{"path":["/c/en/pp","/c/en/piano","/c/en/music","/c/en/country","/c/en/azawad"],"weight":0.2084599999999997,"degrees":[31,693,8822,2796,83]},"num_concepts_raised":13028},{"base_id":917,"kind":"top_words","i1":3,"i2":5,"sol":{"path":["/c/en/pp","/c/en/p","/c/en/us","/c/en/communism","/c/en/leninist"],"weight":0.2031099999999999,"degrees":[31,101,8154,474,39]},"num_concepts_raised":14164},{"base_id":917,"kind":"top_words","i1":3,"i2":6,"sol":{"path":["/c/en/pp","/c/en/p","/c/en/us","/c/en/vise"],"weight":0.20421999999999993,"degrees":[31,101,8154,119]},"num_concepts_raised":23308},{"base_id":917,"kind":"top_words","i1":3,"i2":7,"sol":{"path":["/c/en/pp","/c/en/physics","/c/en/sld"],"weight":0.202,"degrees":[31,9094,26]},"num_concepts_raised":55},{"base_id":917,"kind":"top_words","i1":3,"i2":8,"sol":{"path":["/c/en/pp","/c/en/p","/c/en/medicine","/c/en/pharmacology","/c/en/bioavailability"],"weight":0.20297999999999994,"degrees":[31,101,11938,974,30]},"num_concepts_raised":17063},{"base_id":917,"kind":"top_words","i1":3,"i2":9,"sol":{"path":["/c/en/pp","/c/en/physics","/c/is/gler","/c/en/pane"],"weight":0.2039799999999996,"degrees":[31,9094,34,126]},"num_concepts_raised":34742},{"base_id":917,"kind":"top_words","i1":4,"i2":5,"sol":{"path":["/c/en/azawad","/c/en/country","/c/en/china","/c/en/communism","/c/en/leninist"],"weight":0.20864999999999972,"degrees":[83,2796,1318,474,39]},"num_concepts_raised":6507},{"base_id":917,"kind":"top_words","i1":4,"i2":6,"sol":{"path":["/c/en/azawad","/c/en/country","/c/en/us","/c/en/vise"],"weight":0.20971999999999974,"degrees":[83,2796,8154,119]},"num_concepts_raised":15706},{"base_id":917,"kind":"top_words","i1":4,"i2":7,"sol":{"path":["/c/en/azawad","/c/en/country","/c/en/uk","/c/en/sld"],"weight":0.20824999999999966,"degrees":[83,2796,5562,26]},"num_concepts_raised":34839},{"base_id":917,"kind":"top_words","i1":4,"i2":8,"sol":{"path":["/c/en/azawad","/c/en/country","/c/en/a","/c/en/pharmacology","/c/en/bioavailability"],"weight":0.20845999999999976,"degrees":[83,2796,1436,974,30]},"num_concepts_raised":9411},{"base_id":917,"kind":"top_words","i1":4,"i2":9,"sol":{"path":["/c/en/azawad","/c/en/country","/c/en/division","/c/en/pane"],"weight":0.20946999999999943,"degrees":[83,2796,1509,126]},"num_concepts_raised":27249},{"base_id":917,"kind":"top_words","i1":5,"i2":6,"sol":{"path":["/c/en/leninist","/c/en/communism","/c/en/us","/c/en/vise"],"weight":0.20438999999999996,"degrees":[39,474,8154,119]},"num_concepts_raised":16899},{"base_id":917,"kind":"top_words","i1":5,"i2":7,"sol":{"path":["/c/en/leninist","/c/en/philosophy","/c/en/logic","/c/en/sld"],"weight":0.20290999999999987,"degrees":[39,2516,1412,26]},"num_concepts_raised":35851},{"base_id":917,"kind":"top_words","i1":5,"i2":8,"sol":{"path":["/c/en/leninist","/c/en/communism","/c/en/government","/c/en/administration","/c/en/bioavailability"],"weight":0.20306999999999997,"degrees":[39,474,2046,559,30]},"num_concepts_raised":10584},{"base_id":917,"kind":"top_words","i1":5,"i2":9,"sol":{"path":["/c/en/leninist","/c/en/philosophy","/c/en/water","/c/en/glass","/c/en/pane"],"weight":0.20680999999999966,"degrees":[39,2516,4606,1851,126]},"num_concepts_raised":28443},{"base_id":917,"kind":"top_words","i1":6,"i2":7,"sol":{"path":["/c/en/vise","/c/fr/étau","/c/en/uk","/c/en/sld"],"weight":0.20634999999999992,"degrees":[119,61,5562,26]},"num_concepts_raised":43576},{"base_id":917,"kind":"top_words","i1":6,"i2":8,"sol":{"path":["/c/en/vise","/c/en/vice","/c/en/drug","/c/en/bioavailability"],"weight":0.20461,"degrees":[119,447,4920,30]},"num_concepts_raised":19716},{"base_id":917,"kind":"top_words","i1":6,"i2":9,"sol":{"path":["/c/en/vise","/c/en/instrument","/c/en/glass","/c/en/pane"],"weight":0.2078899999999997,"degrees":[119,1542,1851,126]},"num_concepts_raised":37053},{"base_id":917,"kind":"top_words","i1":7,"i2":8,"sol":{"path":["/c/en/sld","/c/en/legal","/c/en/administration","/c/en/bioavailability"],"weight":0.2027099999999999,"degrees":[26,6627,559,30]},"num_concepts_raised":38800},{"base_id":917,"kind":"top_words","i1":7,"i2":9,"sol":{"path":["/c/en/sld","/c/en/glass","/c/en/pane"],"weight":0.20400000000000001,"degrees":[26,1851,126]},"num_concepts_raised":135},{"base_id":917,"kind":"top_words","i1":8,"i2":9,"sol":{"path":["/c/en/bioavailability","/c/en/drug","/c/en/acid","/c/en/pane"],"weight":0.20393999999999968,"degrees":[30,4920,1077,126]},"num_concepts_raised":31241}]]