[[{"base_id":634,"kind":"bot_words","i1":0,"i2":1,"sol":{"path":["/c/en/cisplatin","/c/en/cancer","/c/en/person","/c/en/confrontation","/c/en/confrontational"],"weight":0.20918999999999982,"degrees":[46,1134,12935,228,45]},"num_concepts_raised":10448},{"base_id":634,"kind":"bot_words","i1":0,"i2":2,"sol":{"path":["/c/en/cisplatin","/c/en/oncology","/c/en/diagnosis","/c/en/latin","/c/en/priscian"],"weight":0.21290999999999977,"degrees":[46,413,270,527,26]},"num_concepts_raised":8289},{"base_id":634,"kind":"bot_words","i1":0,"i2":3,"sol":{"path":["/c/en/cisplatin","/c/en/chemotherapy","/c/fr/médecine","/c/en/appendicitis"],"weight":0.21566000000000007,"degrees":[46,249,9990,189]},"num_concepts_raised":27056},{"base_id":634,"kind":"bot_words","i1":0,"i2":4,"sol":{"path":["/c/en/cisplatin","/c/en/platinum","/c/en/single","/c/en/cool","/c/en/brill"],"weight":0.21041999999999972,"degrees":[46,385,1167,1186,63]},"num_concepts_raised":141267},{"base_id":634,"kind":"bot_words","i1":0,"i2":5,"sol":{"path":["/c/en/cisplatin","/c/en/drug","/c/en/substance","/c/en/leaven","/c/en/leavening"],"weight":0.20917999999999978,"degrees":[46,4920,1169,196,40]},"num_concepts_raised":122534},{"base_id":634,"kind":"bot_words","i1":0,"i2":6,"sol":{"path":["/c/en/cisplatin","/c/en/oncology","/c/en/medicine","/c/en/lateralism"],"weight":0.20797999999999978,"degrees":[46,413,11938,28]},"num_concepts_raised":32870},{"base_id":634,"kind":"bot_words","i1":0,"i2":7,"sol":{"path":["/c/en/cisplatin","/c/en/platinum","/c/en/metal","/c/en/pick","/c/en/icepick"],"weight":0.2103199999999999,"degrees":[46,385,2107,915,46]},"num_concepts_raised":12978},{"base_id":634,"kind":"bot_words","i1":0,"i2":8,"sol":{"path":["/c/en/cisplatin","/c/en/chemotherapy","/c/fr/médecine","/c/fr/gueule_de_loup","/c/en/snapdragon"],"weight":0.21118999999999982,"degrees":[46,249,9990,60,108]},"num_concepts_raised":26848},{"base_id":634,"kind":"bot_words","i1":0,"i2":9,"sol":{"path":["/c/en/cisplatin","/c/en/drug","/c/en/mojo","/c/en/supernatural","/c/en/apparitional"],"weight":0.20904999999999985,"degrees":[46,4920,63,451,31]},"num_concepts_raised":11960},{"base_id":634,"kind":"bot_words","i1":1,"i2":2,"sol":{"path":["/c/en/confrontational","/c/en/confrontation","/c/en/person","/c/en/latin","/c/en/priscian"],"weight":0.20894999999999986,"degrees":[45,228,12935,527,26]},"num_concepts_raised":3161},{"base_id":634,"kind":"bot_words","i1":1,"i2":3,"sol":{"path":["/c/en/confrontational","/c/en/chicken","/c/en/disease","/c/en/appendicitis"],"weight":0.21060000000000012,"degrees":[45,1689,4216,189]},"num_concepts_raised":22211},{"base_id":634,"kind":"bot_words","i1":1,"i2":4,"sol":{"path":["/c/en/confrontational","/c/en/chicken","/c/en/slang","/c/en/brill"],"weight":0.20337999999999978,"degrees":[45,1689,16318,63]},"num_concepts_raised":136118},{"base_id":634,"kind":"bot_words","i1":1,"i2":5,"sol":{"path":["/c/en/confrontational","/c/en/encounter","/c/en/action","/c/en/leaven","/c/en/leavening"],"weight":0.20426999999999984,"degrees":[45,441,2156,196,40]},"num_concepts_raised":117373},{"base_id":634,"kind":"bot_words","i1":1,"i2":6,"sol":{"path":["/c/en/confrontational","/c/en/confrontation","/c/en/person","/c/en/body","/c/en/lateralism"],"weight":0.20400999999999983,"degrees":[45,228,12935,3170,28]},"num_concepts_raised":28276},{"base_id":634,"kind":"bot_words","i1":1,"i2":7,"sol":{"path":["/c/en/confrontational","/c/en/confrontation","/c/en/attack","/c/en/tool","/c/en/icepick"],"weight":0.20432999999999996,"degrees":[45,228,1799,1423,46]},"num_concepts_raised":7830},{"base_id":634,"kind":"bot_words","i1":1,"i2":8,"sol":{"path":["/c/en/confrontational","/c/en/chicken","/c/en/yellow","/c/en/snapdragon"],"weight":0.2040199999999999,"degrees":[45,1689,1405,108]},"num_concepts_raised":21691},{"base_id":634,"kind":"bot_words","i1":1,"i2":9,"sol":{"path":["/c/en/confrontational","/c/en/encounter","/c/en/visitation","/c/en/supernatural","/c/en/apparitional"],"weight":0.20417999999999992,"degrees":[45,441,125,451,31]},"num_concepts_raised":6825},{"base_id":634,"kind":"bot_words","i1":2,"i2":3,"sol":{"path":["/c/en/priscian","/c/en/latin","/c/en/people","/c/en/disease","/c/en/appendicitis"],"weight":0.21536000000000008,"degrees":[26,527,4475,4216,189]},"num_concepts_raised":20069},{"base_id":634,"kind":"bot_words","i1":2,"i2":4,"sol":{"path":["/c/en/priscian","/c/en/latin","/c/en/language","/c/en/cool","/c/en/brill"],"weight":0.20819999999999977,"degrees":[26,527,4160,1186,63]},"num_concepts_raised":134106},{"base_id":634,"kind":"bot_words","i1":2,"i2":5,"sol":{"path":["/c/en/priscian","/c/en/latin","/c/en/person","/c/en/light","/c/en/leavening"],"weight":0.20780999999999983,"degrees":[26,527,12935,4288,40]},"num_concepts_raised":115260},{"base_id":634,"kind":"bot_words","i1":2,"i2":6,"sol":{"path":["/c/en/priscian","/c/en/latin","/c/en/people","/c/en/body","/c/en/lateralism"],"weight":0.2077399999999998,"degrees":[26,527,4475,3170,28]},"num_concepts_raised":26219},{"base_id":634,"kind":"bot_words","i1":2,"i2":7,"sol":{"path":["/c/en/priscian","/c/en/latin","/c/en/language","/c/en/tool","/c/en/icepick"],"weight":0.2080599999999999,"degrees":[26,527,4160,1423,46]},"num_concepts_raised":5707},{"base_id":634,"kind":"bot_words","i1":2,"i2":8,"sol":{"path":["/c/en/priscian","/c/en/latin","/c/en/person","/c/en/plant","/c/en/snapdragon"],"weight":0.20883999999999986,"degrees":[26,527,12935,7959,108]},"num_concepts_raised":19615},{"base_id":634,"kind":"bot_words","i1":2,"i2":9,"sol":{"path":["/c/en/priscian","/c/en/latin","/c/en/christianity","/c/en/spiritual","/c/en/apparitional"],"weight":0.2078699999999999,"degrees":[26,527,2627,524,31]},"num_concepts_raised":4666},{"base_id":634,"kind":"bot_words","i1":3,"i2":4,"sol":{"path":["/c/en/appendicitis","/c/en/disease","/c/en/brill_zinsser_disease","/c/en/brill"],"weight":0.21081000000000005,"degrees":[189,4216,14,63]},"num_concepts_raised":153028},{"base_id":634,"kind":"bot_words","i1":3,"i2":5,"sol":{"path":["/c/en/appendicitis","/c/en/appendix","/c/en/process","/c/en/aeration","/c/en/leavening"],"weight":0.21255000000000007,"degrees":[189,319,1571,118,40]},"num_concepts_raised":134261},{"base_id":634,"kind":"bot_words","i1":3,"i2":6,"sol":{"path":["/c/en/appendicitis","/c/ja/盲腸炎","/c/en/medicine","/c/en/lateralism"],"weight":0.21450000000000008,"degrees":[189,15,11938,28]},"num_concepts_raised":43965},{"base_id":634,"kind":"bot_words","i1":3,"i2":7,"sol":{"path":["/c/en/appendicitis","/c/fr/appendicite","/c/fr/inflammation","/c/en/ice","/c/en/icepick"],"weight":0.21515000000000017,"degrees":[189,45,309,1256,46]},"num_concepts_raised":24743},{"base_id":634,"kind":"bot_words","i1":3,"i2":8,"sol":{"path":["/c/en/appendicitis","/c/fr/médecine","/c/fr/gueule_de_loup","/c/en/snapdragon"],"weight":0.21374000000000012,"degrees":[189,9990,60,108]},"num_concepts_raised":38476},{"base_id":634,"kind":"bot_words","i1":3,"i2":9,"sol":{"path":["/c/en/appendicitis","/c/fr/médecine","/c/fr/spectre","/c/en/apparition","/c/en/apparitional"],"weight":0.21155000000000018,"degrees":[189,9990,164,313,31]},"num_concepts_raised":23734},{"base_id":634,"kind":"bot_words","i1":4,"i2":5,"sol":{"path":["/c/en/brill","/c/fr/localités","/c/en/leavening"],"weight":0.202,"degrees":[63,110113,40]},"num_concepts_raised":89},{"base_id":634,"kind":"bot_words","i1":4,"i2":6,"sol":{"path":["/c/en/brill","/c/en/cool","/c/en/interest","/c/en/lateralism"],"weight":0.20316999999999974,"degrees":[63,1186,1297,28]},"num_concepts_raised":158624},{"base_id":634,"kind":"bot_words","i1":4,"i2":7,"sol":{"path":["/c/en/brill","/c/en/slang","/c/en/ice","/c/en/icepick"],"weight":0.20356999999999986,"degrees":[63,16318,1256,46]},"num_concepts_raised":138463},{"base_id":634,"kind":"bot_words","i1":4,"i2":8,"sol":{"path":["/c/en/brill","/c/en/slang","/c/en/burn","/c/en/snapdragon"],"weight":0.2043499999999998,"degrees":[63,16318,1773,108]},"num_concepts_raised":152045},{"base_id":634,"kind":"bot_words","i1":4,"i2":9,"sol":{"path":["/c/en/brill","/c/grc/ῥόμβοσ","/c/en/religion","/c/en/apparitional"],"weight":0.20323999999999984,"degrees":[63,15,3331,31]},"num_concepts_raised":137700},{"base_id":634,"kind":"bot_words","i1":5,"i2":6,"sol":{"path":["/c/en/leavening","/c/en/bread","/c/en/body","/c/en/lateralism"],"weight":0.20280999999999982,"degrees":[40,1741,3170,28]},"num_concepts_raised":140231},{"base_id":634,"kind":"bot_words","i1":5,"i2":7,"sol":{"path":["/c/en/leavening","/c/en/leaven","/c/en/sponge","/c/en/tool","/c/en/icepick"],"weight":0.20431999999999995,"degrees":[40,196,620,1423,46]},"num_concepts_raised":119871},{"base_id":634,"kind":"bot_words","i1":5,"i2":8,"sol":{"path":["/c/en/leavening","/c/en/light","/c/en/burn","/c/en/snapdragon"],"weight":0.20396999999999987,"degrees":[40,4288,1773,108]},"num_concepts_raised":133526},{"base_id":634,"kind":"bot_words","i1":5,"i2":9,"sol":{"path":["/c/en/leavening","/c/en/leaven","/c/en/substance","/c/en/immaterial","/c/en/apparitional"],"weight":0.2040499999999999,"degrees":[40,196,1169,103,31]},"num_concepts_raised":118896},{"base_id":634,"kind":"bot_words","i1":6,"i2":7,"sol":{"path":["/c/en/lateralism","/c/en/medicine","/c/en/point","/c/en/icepick"],"weight":0.2030099999999999,"degrees":[28,11938,2624,46]},"num_concepts_raised":30596},{"base_id":634,"kind":"bot_words","i1":6,"i2":8,"sol":{"path":["/c/en/lateralism","/c/en/power","/c/en/plant","/c/en/snapdragon"],"weight":0.20381999999999983,"degrees":[28,2205,7959,108]},"num_concepts_raised":44218},{"base_id":634,"kind":"bot_words","i1":6,"i2":9,"sol":{"path":["/c/en/lateralism","/c/en/body","/c/en/spirit","/c/en/supernatural","/c/en/apparitional"],"weight":0.20395999999999986,"degrees":[28,3170,1615,451,31]},"num_concepts_raised":29737},{"base_id":634,"kind":"bot_words","i1":7,"i2":8,"sol":{"path":["/c/en/icepick","/c/en/pick","/c/en/plant","/c/en/snapdragon"],"weight":0.20418999999999998,"degrees":[46,915,7959,108]},"num_concepts_raised":24101},{"base_id":634,"kind":"bot_words","i1":7,"i2":9,"sol":{"path":["/c/en/icepick","/c/en/ice","/c/en/astronomy","/c/en/apparition","/c/en/apparitional"],"weight":0.20412000000000002,"degrees":[46,1256,4553,313,31]},"num_concepts_raised":9365},{"base_id":634,"kind":"bot_words","i1":8,"i2":9,"sol":{"path":["/c/en/snapdragon","/c/en/white","/c/en/ghost","/c/en/supernatural","/c/en/apparitional"],"weight":0.20506999999999992,"degrees":[108,2081,950,451,31]},"num_concepts_raised":23244}],[{"base_id":634,"kind":"top_words","i1":0,"i2":1,"sol":{"path":["/c/en/delinquency","/c/en/delinquent"],"weight":0.20400000000000001,"degrees":[102,122]},"num_concepts_raised":180},{"base_id":634,"kind":"top_words","i1":0,"i2":2,"sol":{"path":["/c/en/delinquency","/c/ja/ヤンキー","/c/en/youth","/c/en/juvenile"],"weight":0.21583999999999906,"degrees":[102,18,816,272]},"num_concepts_raised":35983},{"base_id":634,"kind":"top_words","i1":0,"i2":3,"sol":{"path":["/c/en/delinquency","/c/en/payment","/c/en/foreclosure"],"weight":0.20400000000000001,"degrees":[102,1024,85]},"num_concepts_raised":161},{"base_id":634,"kind":"top_words","i1":0,"i2":4,"sol":{"path":["/c/en/delinquency","/c/en/criminal","/c/en/recidivism"],"weight":0.202,"degrees":[102,971,51]},"num_concepts_raised":124},{"base_id":634,"kind":"top_words","i1":0,"i2":5,"sol":{"path":["/c/en/delinquency","/c/en/crime","/c/en/person","/c/en/illiteracy"],"weight":0.20545999999999978,"degrees":[102,1155,12935,138]},"num_concepts_raised":27116},{"base_id":634,"kind":"top_words","i1":0,"i2":6,"sol":{"path":["/c/en/delinquency","/c/en/misconduct","/c/fr/gestion","/c/fr/absentéisme","/c/en/truancy"],"weight":0.20635999999999963,"degrees":[102,86,194,57,80]},"num_concepts_raised":9773},{"base_id":634,"kind":"top_words","i1":0,"i2":7,"sol":{"path":["/c/en/delinquency","/c/en/law","/c/en/condition","/c/en/homelessness"],"weight":0.20970999999999976,"degrees":[102,3727,1648,104]},"num_concepts_raised":9661},{"base_id":634,"kind":"top_words","i1":0,"i2":8,"sol":{"path":["/c/en/delinquency","/c/en/crime","/c/en/law_enforcement","/c/en/prevention"],"weight":0.20559999999999937,"degrees":[102,1155,304,190]},"num_concepts_raised":29810},{"base_id":634,"kind":"top_words","i1":0,"i2":9,"sol":{"path":["/c/en/delinquency","/c/fr/délinquance","/c/en/crime_rate","/c/en/incidence","/c/en/morbidity"],"weight":0.20587999999999962,"degrees":[102,45,26,111,62]},"num_concepts_raised":22711},{"base_id":634,"kind":"top_words","i1":1,"i2":2,"sol":{"path":["/c/en/delinquent","/c/en/juvenile_delinquent","/c/en/juvenile"],"weight":0.20600000000000002,"degrees":[122,23,272]},"num_concepts_raised":330},{"base_id":634,"kind":"top_words","i1":1,"i2":3,"sol":{"path":["/c/en/delinquent","/c/en/juvenile_delinquent","/c/en/legal","/c/en/foreclosure"],"weight":0.21171999999999952,"degrees":[122,23,6627,85]},"num_concepts_raised":18532},{"base_id":634,"kind":"top_words","i1":1,"i2":4,"sol":{"path":["/c/en/delinquent","/c/fr/délinquant","/c/en/criminal","/c/en/recidivism"],"weight":0.2089599999999997,"degrees":[122,92,971,51]},"num_concepts_raised":9025},{"base_id":634,"kind":"top_words","i1":1,"i2":5,"sol":{"path":["/c/en/delinquent","/c/en/derelict","/c/en/person","/c/en/illiteracy"],"weight":0.20570999999999978,"degrees":[122,139,12935,138]},"num_concepts_raised":24132},{"base_id":634,"kind":"top_words","i1":1,"i2":6,"sol":{"path":["/c/en/delinquent","/c/en/juvenile_delinquent","/c/en/industrial_school","/c/en/school","/c/en/truancy"],"weight":0.20666999999999963,"degrees":[122,23,11,2171,80]},"num_concepts_raised":6671},{"base_id":634,"kind":"top_words","i1":1,"i2":7,"sol":{"path":["/c/en/delinquent","/c/en/debt","/c/en/buying_shirt","/c/en/homelessness"],"weight":0.21001999999999976,"degrees":[122,785,71,104]},"num_concepts_raised":6573},{"base_id":634,"kind":"top_words","i1":1,"i2":8,"sol":{"path":["/c/en/delinquent","/c/en/ban","/c/en/preventing","/c/en/prevention"],"weight":0.20582999999999937,"degrees":[122,471,60,190]},"num_concepts_raised":26834},{"base_id":634,"kind":"top_words","i1":1,"i2":9,"sol":{"path":["/c/en/delinquent","/c/fr/délinquant","/c/fr/relatif","/c/fr/morbidité","/c/en/morbidity"],"weight":0.2094899999999996,"degrees":[122,92,746,26,62]},"num_concepts_raised":19665},{"base_id":634,"kind":"top_words","i1":2,"i2":3,"sol":{"path":["/c/en/juvenile","/c/en/child","/c/en/legal","/c/en/foreclosure"],"weight":0.22071999999999914,"degrees":[272,2784,6627,85]},"num_concepts_raised":42929},{"base_id":634,"kind":"top_words","i1":2,"i2":4,"sol":{"path":["/c/en/juvenile","/c/en/person","/c/en/crime","/c/en/recidivism"],"weight":0.21132999999999935,"degrees":[272,12935,1155,51]},"num_concepts_raised":33507},{"base_id":634,"kind":"top_words","i1":2,"i2":5,"sol":{"path":["/c/en/juvenile","/c/en/person","/c/en/illiteracy"],"weight":0.20400000000000001,"degrees":[272,12935,138]},"num_concepts_raised":319},{"base_id":634,"kind":"top_words","i1":2,"i2":6,"sol":{"path":["/c/en/juvenile","/c/en/child","/c/en/school","/c/en/truancy"],"weight":0.21575999999999923,"degrees":[272,2784,2171,80]},"num_concepts_raised":31065},{"base_id":634,"kind":"top_words","i1":2,"i2":7,"sol":{"path":["/c/en/juvenile","/c/en/person","/c/cs/bezdomovec","/c/en/homelessness"],"weight":0.21708999999999934,"degrees":[272,12935,13,104]},"num_concepts_raised":30969},{"base_id":634,"kind":"top_words","i1":2,"i2":8,"sol":{"path":["/c/en/juvenile","/c/en/child","/c/ja/そし","/c/en/prevention"],"weight":0.21680999999999898,"degrees":[272,2784,40,190]},"num_concepts_raised":50878},{"base_id":634,"kind":"top_words","i1":2,"i2":9,"sol":{"path":["/c/en/juvenile","/c/en/senile","/c/en/medicine","/c/en/morbidity"],"weight":0.2129599999999992,"degrees":[272,139,11938,62]},"num_concepts_raised":43854},{"base_id":634,"kind":"top_words","i1":3,"i2":4,"sol":{"path":["/c/en/foreclosure","/c/en/legal","/c/fr/récidive","/c/en/recidivism"],"weight":0.2109399999999998,"degrees":[85,6627,49,51]},"num_concepts_raised":19147},{"base_id":634,"kind":"top_words","i1":3,"i2":5,"sol":{"path":["/c/en/foreclosure","/c/en/legal","/c/en/person","/c/en/illiteracy"],"weight":0.21031999999999987,"degrees":[85,6627,12935,138]},"num_concepts_raised":34086},{"base_id":634,"kind":"top_words","i1":3,"i2":6,"sol":{"path":["/c/en/foreclosure","/c/fr/propriétaire","/c/fr/absentéisme","/c/en/truancy"],"weight":0.2112299999999997,"degrees":[85,289,57,80]},"num_concepts_raised":16808},{"base_id":634,"kind":"top_words","i1":3,"i2":7,"sol":{"path":["/c/en/foreclosure","/c/en/legal","/c/en/condition","/c/en/homelessness"],"weight":0.21466999999999983,"degrees":[85,6627,1648,104]},"num_concepts_raised":16669},{"base_id":634,"kind":"top_words","i1":3,"i2":8,"sol":{"path":["/c/en/foreclosure","/c/en/foreclose","/c/en/prevent","/c/en/prevention"],"weight":0.21266999999999947,"degrees":[85,44,659,190]},"num_concepts_raised":36730},{"base_id":634,"kind":"top_words","i1":3,"i2":9,"sol":{"path":["/c/en/foreclosure","/c/es/embargo","/c/en/distress","/c/la/morbus","/c/en/morbidity"],"weight":0.21093999999999968,"degrees":[85,25,756,73,62]},"num_concepts_raised":29719},{"base_id":634,"kind":"top_words","i1":4,"i2":5,"sol":{"path":["/c/en/recidivism","/c/en/psychology","/c/en/reading","/c/en/illiteracy"],"weight":0.20600000000000007,"degrees":[51,1520,1039,138]},"num_concepts_raised":24608},{"base_id":634,"kind":"top_words","i1":4,"i2":6,"sol":{"path":["/c/en/recidivism","/c/en/psychology","/c/en/school","/c/en/truancy"],"weight":0.2039499999999999,"degrees":[51,1520,2171,80]},"num_concepts_raised":7188},{"base_id":634,"kind":"top_words","i1":4,"i2":7,"sol":{"path":["/c/en/recidivism","/c/en/recidivous","/c/en/disease","/c/en/condition","/c/en/homelessness"],"weight":0.2114,"degrees":[51,24,4216,1648,104]},"num_concepts_raised":7095},{"base_id":634,"kind":"top_words","i1":4,"i2":8,"sol":{"path":["/c/en/recidivism","/c/fr/récidive","/c/en/medicine","/c/en/prevention"],"weight":0.20724999999999966,"degrees":[51,49,11938,190]},"num_concepts_raised":27269},{"base_id":634,"kind":"top_words","i1":4,"i2":9,"sol":{"path":["/c/en/recidivism","/c/en/recidivous","/c/en/disease","/c/en/morbidity"],"weight":0.20572999999999989,"degrees":[51,24,4216,62]},"num_concepts_raised":19996},{"base_id":634,"kind":"top_words","i1":5,"i2":6,"sol":{"path":["/c/en/illiteracy","/c/en/read","/c/en/school","/c/en/truancy"],"weight":0.20657999999999996,"degrees":[138,1419,2171,80]},"num_concepts_raised":22113},{"base_id":634,"kind":"top_words","i1":5,"i2":7,"sol":{"path":["/c/en/illiteracy","/c/en/person","/c/cs/bezdomovec","/c/en/homelessness"],"weight":0.21081000000000008,"degrees":[138,12935,13,104]},"num_concepts_raised":22039},{"base_id":634,"kind":"top_words","i1":5,"i2":8,"sol":{"path":["/c/en/illiteracy","/c/en/person","/c/en/garlic","/c/en/prevention"],"weight":0.2064899999999997,"degrees":[138,12935,743,190]},"num_concepts_raised":42020},{"base_id":634,"kind":"top_words","i1":5,"i2":9,"sol":{"path":["/c/en/illiteracy","/c/en/ill","/c/en/disease","/c/en/morbidity"],"weight":0.20497999999999994,"degrees":[138,940,4216,62]},"num_concepts_raised":34982},{"base_id":634,"kind":"top_words","i1":6,"i2":7,"sol":{"path":["/c/en/truancy","/c/fr/absentéisme","/c/en/lack","/c/en/homeless","/c/en/homelessness"],"weight":0.2141399999999999,"degrees":[80,57,818,261,104]},"num_concepts_raised":4581},{"base_id":634,"kind":"top_words","i1":6,"i2":8,"sol":{"path":["/c/en/truancy","/c/en/school","/c/ja/そし","/c/en/prevention"],"weight":0.20545999999999953,"degrees":[80,2171,40,190]},"num_concepts_raised":24876},{"base_id":634,"kind":"top_words","i1":6,"i2":9,"sol":{"path":["/c/en/truancy","/c/en/absenteeism","/c/en/pandemic","/c/en/disease","/c/en/morbidity"],"weight":0.2061399999999998,"degrees":[80,61,216,4216,62]},"num_concepts_raised":17645},{"base_id":634,"kind":"top_words","i1":7,"i2":8,"sol":{"path":["/c/en/homelessness","/c/fr/itinérance","/c/en/goal","/c/en/bar","/c/en/prevention"],"weight":0.21497999999999967,"degrees":[104,36,977,1972,190]},"num_concepts_raised":24723},{"base_id":634,"kind":"top_words","i1":7,"i2":9,"sol":{"path":["/c/en/homelessness","/c/en/condition","/c/en/disease","/c/en/morbidity"],"weight":0.2094399999999999,"degrees":[104,1648,4216,62]},"num_concepts_raised":17426},{"base_id":634,"kind":"top_words","i1":8,"i2":9,"sol":{"path":["/c/en/prevention","/c/en/medicine","/c/en/morbidity"],"weight":0.202,"degrees":[190,11938,62]},"num_concepts_raised":205}]]