[[{"base_id":985,"kind":"bot_words","i1":0,"i2":1,"sol":{"path":["/c/en/circumspection","/c/en/case","/c/en/upper","/c/en/chamberlain"],"weight":0.2100099999999999,"degrees":[90,1773,482,119]},"num_concepts_raised":7741},{"base_id":985,"kind":"bot_words","i1":0,"i2":2,"sol":{"path":["/c/en/circumspection","/c/en/fact","/c/en/uk","/c/en/arsehole"],"weight":0.20481999999999984,"degrees":[90,649,5562,123]},"num_concepts_raised":26409},{"base_id":985,"kind":"bot_words","i1":0,"i2":3,"sol":{"path":["/c/en/circumspection","/c/gv/twoaie","/c/en/northern","/c/en/boötes"],"weight":0.20971999999999985,"degrees":[90,14,484,114]},"num_concepts_raised":6487},{"base_id":985,"kind":"bot_words","i1":0,"i2":4,"sol":{"path":["/c/en/circumspection","/c/en/case","/c/en/transparent","/c/en/cellophane"],"weight":0.21016999999999994,"degrees":[90,1773,492,122]},"num_concepts_raised":8558},{"base_id":985,"kind":"bot_words","i1":0,"i2":5,"sol":{"path":["/c/en/circumspection","/c/en/discretion","/c/en/functionary","/c/en/bureaucracy","/c/en/bureaucrat"],"weight":0.21677999999999986,"degrees":[90,252,82,252,181]},"num_concepts_raised":7553},{"base_id":985,"kind":"bot_words","i1":0,"i2":6,"sol":{"path":["/c/en/circumspection","/c/en/case","/c/en/medicine","/c/en/climacteric","/c/en/menopause"],"weight":0.21321999999999985,"degrees":[90,1773,11938,62,192]},"num_concepts_raised":12150},{"base_id":985,"kind":"bot_words","i1":0,"i2":7,"sol":{"path":["/c/en/circumspection","/c/en/case","/c/en/language","/c/en/kinyarwanda"],"weight":0.20903999999999975,"degrees":[90,1773,4160,64]},"num_concepts_raised":8836},{"base_id":985,"kind":"bot_words","i1":0,"i2":8,"sol":{"path":["/c/en/circumspection","/c/en/precaution","/c/en/measure","/c/en/altitude"],"weight":0.2172799999999993,"degrees":[90,160,1837,393]},"num_concepts_raised":43426},{"base_id":985,"kind":"bot_words","i1":0,"i2":9,"sol":{"path":["/c/en/circumspection","/c/en/attention","/c/en/flash","/c/en/animation"],"weight":0.21353999999999895,"degrees":[90,900,923,381]},"num_concepts_raised":26885},{"base_id":985,"kind":"bot_words","i1":1,"i2":2,"sol":{"path":["/c/en/chamberlain","/c/en/inn","/c/en/uk","/c/en/arsehole"],"weight":0.21047999999999994,"degrees":[119,477,5562,123]},"num_concepts_raised":25215},{"base_id":985,"kind":"bot_words","i1":1,"i2":3,"sol":{"path":["/c/en/chamberlain","/c/en/inn","/c/ja/宿","/c/en/constellation","/c/en/boötes"],"weight":0.21757999999999997,"degrees":[119,477,65,1426,114]},"num_concepts_raised":5311},{"base_id":985,"kind":"bot_words","i1":1,"i2":4,"sol":{"path":["/c/en/chamberlain","/c/en/chamber","/c/en/cell","/c/en/cellulose","/c/en/cellophane"],"weight":0.21788000000000007,"degrees":[119,548,2433,275,122]},"num_concepts_raised":7414},{"base_id":985,"kind":"bot_words","i1":1,"i2":5,"sol":{"path":["/c/en/chamberlain","/c/en/treasurer","/c/en/official","/c/en/bureaucrat"],"weight":0.21664999999999998,"degrees":[119,216,1131,181]},"num_concepts_raised":6332},{"base_id":985,"kind":"bot_words","i1":1,"i2":6,"sol":{"path":["/c/en/chamberlain","/c/fr/chambrier","/c/fr/femme","/c/fr/ménopause","/c/en/menopause"],"weight":0.22286999999999996,"degrees":[119,20,2025,42,192]},"num_concepts_raised":10997},{"base_id":985,"kind":"bot_words","i1":1,"i2":7,"sol":{"path":["/c/en/chamberlain","/c/en/chamber","/c/en/english_language","/c/en/rwanda","/c/en/kinyarwanda"],"weight":0.21888999999999986,"degrees":[119,548,579,243,64]},"num_concepts_raised":7677},{"base_id":985,"kind":"bot_words","i1":1,"i2":8,"sol":{"path":["/c/en/chamberlain","/c/en/upper","/c/en/high","/c/en/altitude"],"weight":0.2253199999999994,"degrees":[119,482,1658,393]},"num_concepts_raised":42246},{"base_id":985,"kind":"bot_words","i1":1,"i2":9,"sol":{"path":["/c/en/chamberlain","/c/en/servant","/c/en/being","/c/en/animation"],"weight":0.21810999999999908,"degrees":[119,1283,910,381]},"num_concepts_raised":25864},{"base_id":985,"kind":"bot_words","i1":2,"i2":3,"sol":{"path":["/c/en/arsehole","/c/en/british","/c/en/northern","/c/en/boötes"],"weight":0.21012999999999987,"degrees":[123,3452,484,114]},"num_concepts_raised":24025},{"base_id":985,"kind":"bot_words","i1":2,"i2":4,"sol":{"path":["/c/en/arsehole","/c/en/british","/c/en/sellotape","/c/en/cellophane"],"weight":0.21056999999999998,"degrees":[123,3452,38,122]},"num_concepts_raised":26035},{"base_id":985,"kind":"bot_words","i1":2,"i2":5,"sol":{"path":["/c/en/arsehole","/c/en/british","/c/en/bureau","/c/en/bureaucrat"],"weight":0.2134299999999999,"degrees":[123,3452,202,181]},"num_concepts_raised":25070},{"base_id":985,"kind":"bot_words","i1":2,"i2":6,"sol":{"path":["/c/en/arsehole","/c/fr/enculeur","/c/fr/femme","/c/fr/ménopause","/c/en/menopause"],"weight":0.21775999999999987,"degrees":[123,41,2025,42,192]},"num_concepts_raised":29613},{"base_id":985,"kind":"bot_words","i1":2,"i2":7,"sol":{"path":["/c/en/arsehole","/c/en/ireland","/c/en/country","/c/en/rwanda","/c/en/kinyarwanda"],"weight":0.2137699999999998,"degrees":[123,1227,2796,243,64]},"num_concepts_raised":26296},{"base_id":985,"kind":"bot_words","i1":2,"i2":8,"sol":{"path":["/c/en/arsehole","/c/nl/hol","/c/en/height","/c/en/altitude"],"weight":0.2232599999999993,"degrees":[123,127,579,393]},"num_concepts_raised":60321},{"base_id":985,"kind":"bot_words","i1":2,"i2":9,"sol":{"path":["/c/en/arsehole","/c/en/uk","/c/en/frame","/c/en/animation"],"weight":0.212969999999999,"degrees":[123,5562,948,381]},"num_concepts_raised":44205},{"base_id":985,"kind":"bot_words","i1":3,"i2":4,"sol":{"path":["/c/en/boötes","/c/en/constellation","/c/en/star","/c/en/film","/c/en/cellophane"],"weight":0.21781,"degrees":[114,1426,2132,2504,122]},"num_concepts_raised":6126},{"base_id":985,"kind":"bot_words","i1":3,"i2":5,"sol":{"path":["/c/en/boötes","/c/en/constellation","/c/en/figure","/c/zh/元老","/c/en/bureaucrat"],"weight":0.21839999999999993,"degrees":[114,1426,1106,14,181]},"num_concepts_raised":5126},{"base_id":985,"kind":"bot_words","i1":3,"i2":6,"sol":{"path":["/c/en/boötes","/c/en/constellation","/c/en/cancer","/c/en/disease","/c/en/menopause"],"weight":0.21856999999999993,"degrees":[114,1426,1134,4216,192]},"num_concepts_raised":9723},{"base_id":985,"kind":"bot_words","i1":3,"i2":7,"sol":{"path":["/c/en/boötes","/c/en/northern","/c/en/austral","/c/en/language","/c/en/kinyarwanda"],"weight":0.21435999999999983,"degrees":[114,484,70,4160,64]},"num_concepts_raised":6370},{"base_id":985,"kind":"bot_words","i1":3,"i2":8,"sol":{"path":["/c/en/boötes","/c/en/constellation","/c/en/sky","/c/en/altitude"],"weight":0.22470999999999938,"degrees":[114,1426,1493,393]},"num_concepts_raised":40982},{"base_id":985,"kind":"bot_words","i1":3,"i2":9,"sol":{"path":["/c/en/boötes","/c/en/constellation","/c/ar/اجتماع","/c/en/life","/c/en/animation"],"weight":0.224749999999999,"degrees":[114,1426,16,2241,381]},"num_concepts_raised":24671},{"base_id":985,"kind":"bot_words","i1":4,"i2":5,"sol":{"path":["/c/en/cellophane","/c/en/cellulose","/c/en/constituent","/c/en/official","/c/en/bureaucrat"],"weight":0.21888000000000002,"degrees":[122,275,267,1131,181]},"num_concepts_raised":7230},{"base_id":985,"kind":"bot_words","i1":4,"i2":6,"sol":{"path":["/c/en/cellophane","/c/en/film","/c/fr/médecine","/c/fr/ménopause","/c/en/menopause"],"weight":0.22311,"degrees":[122,2504,9990,42,192]},"num_concepts_raised":11796},{"base_id":985,"kind":"bot_words","i1":4,"i2":7,"sol":{"path":["/c/en/cellophane","/c/en/film","/c/en/english_language","/c/en/rwanda","/c/en/kinyarwanda"],"weight":0.2190799999999999,"degrees":[122,2504,579,243,64]},"num_concepts_raised":8480},{"base_id":985,"kind":"bot_words","i1":4,"i2":8,"sol":{"path":["/c/en/cellophane","/c/en/film","/c/en/angel","/c/en/altitude"],"weight":0.22284999999999947,"degrees":[122,2504,746,393]},"num_concepts_raised":43083},{"base_id":985,"kind":"bot_words","i1":4,"i2":9,"sol":{"path":["/c/en/cellophane","/c/en/film","/c/en/animated_cartoon","/c/en/animation"],"weight":0.22048999999999913,"degrees":[122,2504,37,381]},"num_concepts_raised":26464},{"base_id":985,"kind":"bot_words","i1":5,"i2":6,"sol":{"path":["/c/en/bureaucrat","/c/en/bureaucracy","/c/en/body","/c/en/disease","/c/en/menopause"],"weight":0.22196999999999995,"degrees":[181,252,3170,4216,192]},"num_concepts_raised":10820},{"base_id":985,"kind":"bot_words","i1":5,"i2":7,"sol":{"path":["/c/en/bureaucrat","/c/en/bureaucratese","/c/en/language","/c/en/kinyarwanda"],"weight":0.21764999999999984,"degrees":[181,31,4160,64]},"num_concepts_raised":7450},{"base_id":985,"kind":"bot_words","i1":5,"i2":8,"sol":{"path":["/c/en/bureaucrat","/c/en/bureaucracy","/c/en/video_game","/c/en/altitude"],"weight":0.2280199999999994,"degrees":[181,252,754,393]},"num_concepts_raised":42174},{"base_id":985,"kind":"bot_words","i1":5,"i2":9,"sol":{"path":["/c/en/bureaucrat","/c/zh/元老","/c/en/character","/c/en/animation"],"weight":0.21889999999999904,"degrees":[181,14,1971,381]},"num_concepts_raised":25699},{"base_id":985,"kind":"bot_words","i1":6,"i2":7,"sol":{"path":["/c/en/menopause","/c/en/osteoporosis","/c/en/person","/c/en/rwandan","/c/en/kinyarwanda"],"weight":0.21769999999999984,"degrees":[192,161,12935,67,64]},"num_concepts_raised":12067},{"base_id":985,"kind":"bot_words","i1":6,"i2":8,"sol":{"path":["/c/en/menopause","/c/en/change","/c/en/pitch","/c/en/height","/c/en/altitude"],"weight":0.22966999999999935,"degrees":[192,3383,1134,579,393]},"num_concepts_raised":46635},{"base_id":985,"kind":"bot_words","i1":6,"i2":9,"sol":{"path":["/c/en/menopause","/c/en/climacteric","/c/en/life","/c/en/animation"],"weight":0.225969999999999,"degrees":[192,62,2241,381]},"num_concepts_raised":30020},{"base_id":985,"kind":"bot_words","i1":7,"i2":8,"sol":{"path":["/c/en/kinyarwanda","/c/en/language","/c/qu/qhichwa","/c/en/altitude"],"weight":0.22162999999999927,"degrees":[64,4160,15,393]},"num_concepts_raised":43449},{"base_id":985,"kind":"bot_words","i1":7,"i2":9,"sol":{"path":["/c/en/kinyarwanda","/c/en/language","/c/en/linguistics","/c/en/animation"],"weight":0.21709999999999893,"degrees":[64,4160,4250,381]},"num_concepts_raised":26712},{"base_id":985,"kind":"bot_words","i1":8,"i2":9,"sol":{"path":["/c/en/altitude","/c/en/height","/c/ru/подъём","/c/en/animation"],"weight":0.23069999999999846,"degrees":[393,579,66,381]},"num_concepts_raised":60737}],[{"base_id":985,"kind":"top_words","i1":0,"i2":1,"sol":{"path":["/c/en/peach","/c/en/apricot"],"weight":0.20700000000000002,"degrees":[500,441]},"num_concepts_raised":634},{"base_id":985,"kind":"top_words","i1":0,"i2":2,"sol":{"path":["/c/en/peach","/c/en/apple","/c/en/pear"],"weight":0.21200000000000002,"degrees":[500,1553,649]},"num_concepts_raised":798},{"base_id":985,"kind":"top_words","i1":0,"i2":3,"sol":{"path":["/c/en/peach","/c/en/fruit","/c/en/raspberry"],"weight":0.20700000000000002,"degrees":[500,2192,358]},"num_concepts_raised":613},{"base_id":985,"kind":"top_words","i1":0,"i2":4,"sol":{"path":["/c/en/peach","/c/en/plum"],"weight":0.20800000000000002,"degrees":[500,622]},"num_concepts_raised":794},{"base_id":985,"kind":"top_words","i1":0,"i2":5,"sol":{"path":["/c/en/peach","/c/en/fruit","/c/en/cobbler"],"weight":0.21000000000000002,"degrees":[500,2192,240]},"num_concepts_raised":540},{"base_id":985,"kind":"top_words","i1":0,"i2":6,"sol":{"path":["/c/en/peach","/c/en/plant","/c/en/citrus"],"weight":0.21100000000000002,"degrees":[500,7959,332]},"num_concepts_raised":597},{"base_id":985,"kind":"top_words","i1":0,"i2":7,"sol":{"path":["/c/en/peach","/c/en/fruit","/c/en/pineapple"],"weight":0.21100000000000002,"degrees":[500,2192,470]},"num_concepts_raised":659},{"base_id":985,"kind":"top_words","i1":0,"i2":8,"sol":{"path":["/c/en/peach","/c/en/fruit","/c/en/cherry"],"weight":0.21200000000000002,"degrees":[500,2192,643]},"num_concepts_raised":781},{"base_id":985,"kind":"top_words","i1":0,"i2":9,"sol":{"path":["/c/en/peach","/c/en/fruit","/c/en/blueberry"],"weight":0.21000000000000002,"degrees":[500,2192,268]},"num_concepts_raised":533},{"base_id":985,"kind":"top_words","i1":1,"i2":2,"sol":{"path":["/c/en/apricot","/c/en/fruit","/c/en/pear"],"weight":0.20800000000000002,"degrees":[441,2192,649]},"num_concepts_raised":745},{"base_id":985,"kind":"top_words","i1":1,"i2":3,"sol":{"path":["/c/en/apricot","/c/en/fruit","/c/en/raspberry"],"weight":0.20400000000000001,"degrees":[441,2192,358]},"num_concepts_raised":560},{"base_id":985,"kind":"top_words","i1":1,"i2":4,"sol":{"path":["/c/en/apricot","/c/en/plum"],"weight":0.20600000000000002,"degrees":[441,622]},"num_concepts_raised":739},{"base_id":985,"kind":"top_words","i1":1,"i2":5,"sol":{"path":["/c/en/apricot","/c/en/fruit","/c/en/cobbler"],"weight":0.20700000000000002,"degrees":[441,2192,240]},"num_concepts_raised":486},{"base_id":985,"kind":"top_words","i1":1,"i2":6,"sol":{"path":["/c/en/apricot","/c/en/orange","/c/en/citrus"],"weight":0.20800000000000002,"degrees":[441,1037,332]},"num_concepts_raised":541},{"base_id":985,"kind":"top_words","i1":1,"i2":7,"sol":{"path":["/c/en/apricot","/c/en/fruit","/c/en/pineapple"],"weight":0.20800000000000002,"degrees":[441,2192,470]},"num_concepts_raised":608},{"base_id":985,"kind":"top_words","i1":1,"i2":8,"sol":{"path":["/c/en/apricot","/c/en/fruit","/c/en/cherry"],"weight":0.20900000000000002,"degrees":[441,2192,643]},"num_concepts_raised":731},{"base_id":985,"kind":"top_words","i1":1,"i2":9,"sol":{"path":["/c/en/apricot","/c/en/fruit","/c/en/blueberry"],"weight":0.20700000000000002,"degrees":[441,2192,268]},"num_concepts_raised":480},{"base_id":985,"kind":"top_words","i1":2,"i2":3,"sol":{"path":["/c/en/pear","/c/en/fruit","/c/en/raspberry"],"weight":0.20800000000000002,"degrees":[649,2192,358]},"num_concepts_raised":710},{"base_id":985,"kind":"top_words","i1":2,"i2":4,"sol":{"path":["/c/en/pear","/c/en/fruit","/c/en/plum"],"weight":0.21000000000000002,"degrees":[649,2192,622]},"num_concepts_raised":900},{"base_id":985,"kind":"top_words","i1":2,"i2":5,"sol":{"path":["/c/en/pear","/c/en/fruit","/c/en/cobbler"],"weight":0.21100000000000002,"degrees":[649,2192,240]},"num_concepts_raised":636},{"base_id":985,"kind":"top_words","i1":2,"i2":6,"sol":{"path":["/c/en/pear","/c/en/fruit","/c/en/citrus"],"weight":0.21100000000000002,"degrees":[649,2192,332]},"num_concepts_raised":692},{"base_id":985,"kind":"top_words","i1":2,"i2":7,"sol":{"path":["/c/en/pear","/c/en/apple","/c/en/pineapple"],"weight":0.21200000000000002,"degrees":[649,1553,470]},"num_concepts_raised":754},{"base_id":985,"kind":"top_words","i1":2,"i2":8,"sol":{"path":["/c/en/pear","/c/en/fruit","/c/en/cherry"],"weight":0.21300000000000002,"degrees":[649,2192,643]},"num_concepts_raised":883},{"base_id":985,"kind":"top_words","i1":2,"i2":9,"sol":{"path":["/c/en/pear","/c/en/fruit","/c/en/blueberry"],"weight":0.21100000000000002,"degrees":[649,2192,268]},"num_concepts_raised":628},{"base_id":985,"kind":"top_words","i1":3,"i2":4,"sol":{"path":["/c/en/raspberry","/c/en/fruit","/c/en/plum"],"weight":0.20600000000000002,"degrees":[358,2192,622]},"num_concepts_raised":713},{"base_id":985,"kind":"top_words","i1":3,"i2":5,"sol":{"path":["/c/en/raspberry","/c/en/fruit","/c/en/cobbler"],"weight":0.20700000000000002,"degrees":[358,2192,240]},"num_concepts_raised":451},{"base_id":985,"kind":"top_words","i1":3,"i2":6,"sol":{"path":["/c/en/raspberry","/c/en/fruit","/c/en/citrus"],"weight":0.20700000000000002,"degrees":[358,2192,332]},"num_concepts_raised":509},{"base_id":985,"kind":"top_words","i1":3,"i2":7,"sol":{"path":["/c/en/raspberry","/c/en/fruit","/c/en/pineapple"],"weight":0.20800000000000002,"degrees":[358,2192,470]},"num_concepts_raised":573},{"base_id":985,"kind":"top_words","i1":3,"i2":8,"sol":{"path":["/c/en/raspberry","/c/en/fruit","/c/en/cherry"],"weight":0.20900000000000002,"degrees":[358,2192,643]},"num_concepts_raised":698},{"base_id":985,"kind":"top_words","i1":3,"i2":9,"sol":{"path":["/c/en/raspberry","/c/en/berry","/c/en/blueberry"],"weight":0.20800000000000002,"degrees":[358,772,268]},"num_concepts_raised":439},{"base_id":985,"kind":"top_words","i1":4,"i2":5,"sol":{"path":["/c/en/plum","/c/en/fruit","/c/en/cobbler"],"weight":0.20900000000000002,"degrees":[622,2192,240]},"num_concepts_raised":643},{"base_id":985,"kind":"top_words","i1":4,"i2":6,"sol":{"path":["/c/en/plum","/c/en/fruit","/c/en/citrus"],"weight":0.20900000000000002,"degrees":[622,2192,332]},"num_concepts_raised":701},{"base_id":985,"kind":"top_words","i1":4,"i2":7,"sol":{"path":["/c/en/plum","/c/en/fruit","/c/en/pineapple"],"weight":0.21000000000000002,"degrees":[622,2192,470]},"num_concepts_raised":765},{"base_id":985,"kind":"top_words","i1":4,"i2":8,"sol":{"path":["/c/en/plum","/c/en/fruit","/c/en/cherry"],"weight":0.21100000000000002,"degrees":[622,2192,643]},"num_concepts_raised":884},{"base_id":985,"kind":"top_words","i1":4,"i2":9,"sol":{"path":["/c/en/plum","/c/en/fruit","/c/en/blueberry"],"weight":0.20900000000000002,"degrees":[622,2192,268]},"num_concepts_raised":636},{"base_id":985,"kind":"top_words","i1":5,"i2":6,"sol":{"path":["/c/en/cobbler","/c/en/fruit","/c/en/citrus"],"weight":0.21000000000000002,"degrees":[240,2192,332]},"num_concepts_raised":434},{"base_id":985,"kind":"top_words","i1":5,"i2":7,"sol":{"path":["/c/en/cobbler","/c/en/fruit","/c/en/pineapple"],"weight":0.21100000000000002,"degrees":[240,2192,470]},"num_concepts_raised":497},{"base_id":985,"kind":"top_words","i1":5,"i2":8,"sol":{"path":["/c/en/cobbler","/c/en/fruit","/c/en/cherry"],"weight":0.21200000000000002,"degrees":[240,2192,643]},"num_concepts_raised":624},{"base_id":985,"kind":"top_words","i1":5,"i2":9,"sol":{"path":["/c/en/cobbler","/c/en/fruit","/c/en/blueberry"],"weight":0.21000000000000002,"degrees":[240,2192,268]},"num_concepts_raised":369},{"base_id":985,"kind":"top_words","i1":6,"i2":7,"sol":{"path":["/c/en/citrus","/c/en/citrus_fruit","/c/en/pineapple"],"weight":0.21200000000000002,"degrees":[332,78,470]},"num_concepts_raised":554},{"base_id":985,"kind":"top_words","i1":6,"i2":8,"sol":{"path":["/c/en/citrus","/c/en/fruit","/c/en/cherry"],"weight":0.21200000000000002,"degrees":[332,2192,643]},"num_concepts_raised":680},{"base_id":985,"kind":"top_words","i1":6,"i2":9,"sol":{"path":["/c/en/citrus","/c/en/plant","/c/en/blueberry"],"weight":0.21100000000000002,"degrees":[332,7959,268]},"num_concepts_raised":425},{"base_id":985,"kind":"top_words","i1":7,"i2":8,"sol":{"path":["/c/en/pineapple","/c/en/fruit","/c/en/cherry"],"weight":0.21300000000000002,"degrees":[470,2192,643]},"num_concepts_raised":746},{"base_id":985,"kind":"top_words","i1":7,"i2":9,"sol":{"path":["/c/en/pineapple","/c/en/fruit","/c/en/blueberry"],"weight":0.21100000000000002,"degrees":[470,2192,268]},"num_concepts_raised":490},{"base_id":985,"kind":"top_words","i1":8,"i2":9,"sol":{"path":["/c/en/cherry","/c/en/fruit","/c/en/blueberry"],"weight":0.21200000000000002,"degrees":[643,2192,268]},"num_concepts_raised":618}]]