[[{"base_id":385,"kind":"bot_words","i1":0,"i2":1,"sol":{"path":["/c/en/blackball","/c/en/black","/c/en/space","/c/en/discretize","/c/en/discretization"],"weight":0.20478999999999997,"degrees":[26,1965,1852,25,26]},"num_concepts_raised":20104},{"base_id":385,"kind":"bot_words","i1":0,"i2":2,"sol":{"path":["/c/en/blackball","/c/en/black","/c/en/british","/c/en/practical","/c/en/applied"],"weight":0.20637999999999973,"degrees":[26,1965,3452,343,141]},"num_concepts_raised":21023},{"base_id":385,"kind":"bot_words","i1":0,"i2":3,"sol":{"path":["/c/en/blackball","/c/en/black","/c/en/absolutely","/c/ru/безусловно","/c/en/indubitably"],"weight":0.20396999999999998,"degrees":[26,1965,353,10,41]},"num_concepts_raised":5084},{"base_id":385,"kind":"bot_words","i1":0,"i2":4,"sol":{"path":["/c/en/blackball","/c/en/black","/c/bg/черен","/c/fr/anatomie","/c/en/loins"],"weight":0.20410999999999985,"degrees":[26,1965,26,8035,53]},"num_concepts_raised":15309},{"base_id":385,"kind":"bot_words","i1":0,"i2":5,"sol":{"path":["/c/en/blackball","/c/en/niggerball","/c/en/derogatory","/c/en/fiat","/c/en/backronym"],"weight":0.20265999999999998,"degrees":[26,13,3326,70,27]},"num_concepts_raised":4661},{"base_id":385,"kind":"bot_words","i1":0,"i2":6,"sol":{"path":["/c/en/blackball","/c/en/black","/c/en/cream","/c/en/soup","/c/en/chowder"],"weight":0.2063499999999999,"degrees":[26,1965,851,1209,61]},"num_concepts_raised":13677},{"base_id":385,"kind":"bot_words","i1":0,"i2":7,"sol":{"path":["/c/en/blackball","/c/en/black","/c/en/germany","/c/en/tübingen"],"weight":0.2143199999999999,"degrees":[26,1965,1036,141]},"num_concepts_raised":7637},{"base_id":385,"kind":"bot_words","i1":0,"i2":8,"sol":{"path":["/c/en/blackball","/c/en/black","/c/en/cloth","/c/en/lint"],"weight":0.20610999999999965,"degrees":[26,1965,1213,135]},"num_concepts_raised":37096},{"base_id":385,"kind":"bot_words","i1":0,"i2":9,"sol":{"path":["/c/en/blackball","/c/en/black","/c/en/historical","/c/fr/culotte","/c/en/breeches"],"weight":0.20793999999999976,"degrees":[26,1965,8415,162,165]},"num_concepts_raised":6869},{"base_id":385,"kind":"bot_words","i1":1,"i2":2,"sol":{"path":["/c/en/discretization","/c/en/mathematics","/c/en/physics","/c/en/applied"],"weight":0.2042499999999997,"degrees":[26,7601,9094,141]},"num_concepts_raised":31874},{"base_id":385,"kind":"bot_words","i1":1,"i2":3,"sol":{"path":["/c/en/discretization","/c/en/computing","/c/en/ok","/c/en/unquestionably","/c/en/indubitably"],"weight":0.20306999999999997,"degrees":[26,9084,377,73,41]},"num_concepts_raised":16548},{"base_id":385,"kind":"bot_words","i1":1,"i2":4,"sol":{"path":["/c/en/discretization","/c/en/computing","/c/en/cut","/c/en/loin","/c/en/loins"],"weight":0.20417999999999986,"degrees":[26,9084,2951,191,53]},"num_concepts_raised":26713},{"base_id":385,"kind":"bot_words","i1":1,"i2":5,"sol":{"path":["/c/en/discretization","/c/en/mathematics","/c/en/abbreviation","/c/en/acronym","/c/en/backronym"],"weight":0.20381999999999995,"degrees":[26,7601,659,230,27]},"num_concepts_raised":16121},{"base_id":385,"kind":"bot_words","i1":1,"i2":6,"sol":{"path":["/c/en/discretization","/c/en/mathematics","/c/en/sup","/c/en/soup","/c/en/chowder"],"weight":0.20532999999999987,"degrees":[26,7601,81,1209,61]},"num_concepts_raised":25113},{"base_id":385,"kind":"bot_words","i1":1,"i2":7,"sol":{"path":["/c/en/discretization","/c/en/mathematics","/c/en/state","/c/en/germany","/c/en/tübingen"],"weight":0.21328999999999987,"degrees":[26,7601,3243,1036,141]},"num_concepts_raised":19084},{"base_id":385,"kind":"bot_words","i1":1,"i2":8,"sol":{"path":["/c/en/discretization","/c/en/computing","/c/en/lint"],"weight":0.202,"degrees":[26,9084,135]},"num_concepts_raised":142},{"base_id":385,"kind":"bot_words","i1":1,"i2":9,"sol":{"path":["/c/en/discretization","/c/en/mathematics","/c/de/bruch","/c/en/breeches"],"weight":0.20445999999999973,"degrees":[26,7601,411,165]},"num_concepts_raised":18323},{"base_id":385,"kind":"bot_words","i1":2,"i2":3,"sol":{"path":["/c/en/applied","/c/en/practical","/c/ja/実際","/c/en/indeed","/c/en/indubitably"],"weight":0.20545999999999973,"degrees":[141,343,57,464,41]},"num_concepts_raised":17528},{"base_id":385,"kind":"bot_words","i1":2,"i2":4,"sol":{"path":["/c/en/applied","/c/en/physics","/c/en/body","/c/en/loin","/c/en/loins"],"weight":0.20572999999999964,"degrees":[141,9094,3170,191,53]},"num_concepts_raised":27699},{"base_id":385,"kind":"bot_words","i1":2,"i2":5,"sol":{"path":["/c/en/applied","/c/en/apply","/c/en/form","/c/en/acronym","/c/en/backronym"],"weight":0.20626999999999973,"degrees":[141,710,2423,230,27]},"num_concepts_raised":17107},{"base_id":385,"kind":"bot_words","i1":2,"i2":6,"sol":{"path":["/c/en/applied","/c/en/paint","/c/en/soup","/c/en/chowder"],"weight":0.20662999999999965,"degrees":[141,1772,1209,61]},"num_concepts_raised":26043},{"base_id":385,"kind":"bot_words","i1":2,"i2":7,"sol":{"path":["/c/en/applied","/c/en/practical","/c/en/pietism","/c/en/germany","/c/en/tübingen"],"weight":0.21582999999999966,"degrees":[141,343,79,1036,141]},"num_concepts_raised":20058},{"base_id":385,"kind":"bot_words","i1":2,"i2":8,"sol":{"path":["/c/en/applied","/c/en/dressing","/c/en/lint"],"weight":0.202,"degrees":[141,317,135]},"num_concepts_raised":245},{"base_id":385,"kind":"bot_words","i1":2,"i2":9,"sol":{"path":["/c/en/applied","/c/en/abstract","/c/en/garment","/c/en/breeches"],"weight":0.2057899999999995,"degrees":[141,607,773,165]},"num_concepts_raised":19280},{"base_id":385,"kind":"bot_words","i1":3,"i2":4,"sol":{"path":["/c/en/indubitably","/c/en/doubtlessly","/c/en/proscribed","/c/en/lend","/c/en/loins"],"weight":0.20325999999999986,"degrees":[41,44,507,462,53]},"num_concepts_raised":11741},{"base_id":385,"kind":"bot_words","i1":3,"i2":5,"sol":{"path":["/c/en/indubitably","/c/en/indeed","/c/en/word","/c/en/back_formation","/c/en/backronym"],"weight":0.20282999999999995,"degrees":[41,464,2436,61,27]},"num_concepts_raised":1066},{"base_id":385,"kind":"bot_words","i1":3,"i2":6,"sol":{"path":["/c/en/indubitably","/c/en/indeed","/c/en/course","/c/en/soup","/c/en/chowder"],"weight":0.2054299999999999,"degrees":[41,464,1347,1209,61]},"num_concepts_raised":10161},{"base_id":385,"kind":"bot_words","i1":3,"i2":7,"sol":{"path":["/c/en/indubitably","/c/en/indeed","/c/la/sane","/c/en/town","/c/en/tübingen"],"weight":0.2133799999999999,"degrees":[41,464,23,2220,141]},"num_concepts_raised":4055},{"base_id":385,"kind":"bot_words","i1":3,"i2":8,"sol":{"path":["/c/en/indubitably","/c/en/undoubtedly","/c/zh/实","/c/en/seed","/c/en/lint"],"weight":0.20544999999999963,"degrees":[41,123,11,1813,135]},"num_concepts_raised":33695},{"base_id":385,"kind":"bot_words","i1":3,"i2":9,"sol":{"path":["/c/en/indubitably","/c/hi/निस्संदेह","/c/en/formal","/c/en/knickerbockers","/c/en/breeches"],"weight":0.20583999999999975,"degrees":[41,6,2270,68,165]},"num_concepts_raised":3294},{"base_id":385,"kind":"bot_words","i1":4,"i2":5,"sol":{"path":["/c/en/loins","/c/en/body_part","/c/en/back","/c/en/back_formation","/c/en/backronym"],"weight":0.20300999999999986,"degrees":[53,536,2238,61,27]},"num_concepts_raised":11318},{"base_id":385,"kind":"bot_words","i1":4,"i2":6,"sol":{"path":["/c/en/loins","/c/fr/anatomie","/c/ms/daging","/c/en/chowder"],"weight":0.20338999999999977,"degrees":[53,8035,40,61]},"num_concepts_raised":20337},{"base_id":385,"kind":"bot_words","i1":4,"i2":7,"sol":{"path":["/c/en/loins","/c/en/loin","/c/en/leer","/c/en/germany","/c/en/tübingen"],"weight":0.21469999999999978,"degrees":[53,191,215,1036,141]},"num_concepts_raised":14298},{"base_id":385,"kind":"bot_words","i1":4,"i2":8,"sol":{"path":["/c/en/loins","/c/en/ihram","/c/en/cloth","/c/en/lint"],"weight":0.20524999999999954,"degrees":[53,20,1213,135]},"num_concepts_raised":43609},{"base_id":385,"kind":"bot_words","i1":4,"i2":9,"sol":{"path":["/c/en/loins","/c/ja/腰部","/c/en/hips","/c/en/breeches"],"weight":0.20569999999999963,"degrees":[53,22,52,165]},"num_concepts_raised":13480},{"base_id":385,"kind":"bot_words","i1":5,"i2":6,"sol":{"path":["/c/en/backronym","/c/en/acronym","/c/en/alphabet_soup","/c/en/soup","/c/en/chowder"],"weight":0.20626999999999987,"degrees":[27,230,29,1209,61]},"num_concepts_raised":9735},{"base_id":385,"kind":"bot_words","i1":5,"i2":7,"sol":{"path":["/c/en/backronym","/c/en/acronym","/c/en/form","/c/en/germany","/c/en/tübingen"],"weight":0.2142699999999999,"degrees":[27,230,2423,1036,141]},"num_concepts_raised":3632},{"base_id":385,"kind":"bot_words","i1":5,"i2":8,"sol":{"path":["/c/en/backronym","/c/en/fiat","/c/en/slang","/c/en/fluff","/c/en/lint"],"weight":0.2061799999999996,"degrees":[27,70,16318,238,135]},"num_concepts_raised":33273},{"base_id":385,"kind":"bot_words","i1":5,"i2":9,"sol":{"path":["/c/en/backronym","/c/en/fiat","/c/en/slang","/c/en/drawers","/c/en/breeches"],"weight":0.20450999999999975,"degrees":[27,70,16318,95,165]},"num_concepts_raised":2871},{"base_id":385,"kind":"bot_words","i1":6,"i2":7,"sol":{"path":["/c/en/chowder","/c/en/potato","/c/en/germany","/c/en/tübingen"],"weight":0.2137099999999998,"degrees":[61,1041,1036,141]},"num_concepts_raised":12678},{"base_id":385,"kind":"bot_words","i1":6,"i2":8,"sol":{"path":["/c/en/chowder","/c/en/soup","/c/en/hair","/c/en/lint"],"weight":0.20650999999999953,"degrees":[61,1209,2126,135]},"num_concepts_raised":41937},{"base_id":385,"kind":"bot_words","i1":6,"i2":9,"sol":{"path":["/c/en/chowder","/c/en/fish","/c/en/brail","/c/en/breeches"],"weight":0.20488999999999966,"degrees":[61,4424,27,165]},"num_concepts_raised":11911},{"base_id":385,"kind":"bot_words","i1":7,"i2":8,"sol":{"path":["/c/en/tübingen","/c/en/town","/c/en/store","/c/en/cloth","/c/en/lint"],"weight":0.21558999999999956,"degrees":[141,2220,1279,1213,135]},"num_concepts_raised":36181},{"base_id":385,"kind":"bot_words","i1":7,"i2":9,"sol":{"path":["/c/en/tübingen","/c/en/germany","/c/en/historical","/c/fr/culotte","/c/en/breeches"],"weight":0.21740999999999966,"degrees":[141,1036,8415,162,165]},"num_concepts_raised":5848},{"base_id":385,"kind":"bot_words","i1":8,"i2":9,"sol":{"path":["/c/en/lint","/c/en/cloth","/c/en/jodhpurs","/c/en/breeches"],"weight":0.2067799999999994,"degrees":[135,1213,27,165]},"num_concepts_raised":35234}],[{"base_id":385,"kind":"top_words","i1":0,"i2":1,"sol":{"path":["/c/en/manslaughter","/c/en/law","/c/en/gospel","/c/en/matthew"],"weight":0.2065499999999995,"degrees":[116,3727,451,145]},"num_concepts_raised":13762},{"base_id":385,"kind":"top_words","i1":0,"i2":2,"sol":{"path":["/c/en/manslaughter","/c/en/murder","/c/en/ice","/c/en/dessert","/c/en/kissel"],"weight":0.2114399999999998,"degrees":[116,937,1256,634,28]},"num_concepts_raised":10817},{"base_id":385,"kind":"top_words","i1":0,"i2":3,"sol":{"path":["/c/en/manslaughter","/c/en/law","/c/en/judge","/c/en/deborah"],"weight":0.20971999999999985,"degrees":[116,3727,1643,70]},"num_concepts_raised":20389},{"base_id":385,"kind":"top_words","i1":0,"i2":4,"sol":{"path":["/c/en/manslaughter","/c/en/kill","/c/en/mathematics","/c/en/isotopic"],"weight":0.20457999999999987,"degrees":[116,1884,7601,49]},"num_concepts_raised":46913},{"base_id":385,"kind":"top_words","i1":0,"i2":5,"sol":{"path":["/c/en/manslaughter","/c/en/homicide","/c/en/legal","/c/en/bugger","/c/en/sodomize"],"weight":0.20800999999999975,"degrees":[116,245,6627,137,64]},"num_concepts_raised":9513},{"base_id":385,"kind":"top_words","i1":0,"i2":6,"sol":{"path":["/c/en/manslaughter","/c/en/murder","/c/en/birth","/c/en/baby"],"weight":0.22514999999999777,"degrees":[116,937,895,1519]},"num_concepts_raised":123720},{"base_id":385,"kind":"top_words","i1":0,"i2":7,"sol":{"path":["/c/en/manslaughter","/c/en/kill","/c/en/strangle","/c/en/strangling"],"weight":0.2042899999999998,"degrees":[116,1884,266,25]},"num_concepts_raised":7342},{"base_id":385,"kind":"top_words","i1":0,"i2":8,"sol":{"path":["/c/en/manslaughter","/c/en/law","/c/en/slang","/c/en/gargle"],"weight":0.20568999999999965,"degrees":[116,3727,16318,159]},"num_concepts_raised":33934},{"base_id":385,"kind":"top_words","i1":0,"i2":9,"sol":{"path":["/c/en/manslaughter","/c/en/homicide","/c/en/crime","/c/en/wrongful"],"weight":0.20706999999999975,"degrees":[116,245,1155,78]},"num_concepts_raised":10862},{"base_id":385,"kind":"top_words","i1":1,"i2":2,"sol":{"path":["/c/en/matthew","/c/en/bible","/c/en/snake","/c/en/dessert","/c/en/kissel"],"weight":0.21124999999999955,"degrees":[145,852,1419,634,28]},"num_concepts_raised":11412},{"base_id":385,"kind":"top_words","i1":1,"i2":3,"sol":{"path":["/c/en/matthew","/c/en/nuts","/c/en/debbie","/c/en/deborah"],"weight":0.21166999999999958,"degrees":[145,240,13,70]},"num_concepts_raised":21042},{"base_id":385,"kind":"top_words","i1":1,"i2":4,"sol":{"path":["/c/en/matthew","/c/en/gospel","/c/en/truth","/c/en/physics","/c/en/isotopic"],"weight":0.20565999999999957,"degrees":[145,451,908,9094,49]},"num_concepts_raised":47541},{"base_id":385,"kind":"top_words","i1":1,"i2":5,"sol":{"path":["/c/en/matthew","/c/en/bible","/c/en/sodom","/c/en/sodomize"],"weight":0.20454999999999945,"degrees":[145,852,76,64]},"num_concepts_raised":10120},{"base_id":385,"kind":"top_words","i1":1,"i2":6,"sol":{"path":["/c/en/matthew","/c/en/nativity","/c/en/birth","/c/en/baby"],"weight":0.22485999999999748,"degrees":[145,106,895,1519]},"num_concepts_raised":124028},{"base_id":385,"kind":"top_words","i1":1,"i2":7,"sol":{"path":["/c/en/matthew","/c/en/mark","/c/en/sports","/c/en/choke","/c/en/strangling"],"weight":0.20413999999999954,"degrees":[145,1876,3417,435,25]},"num_concepts_raised":7972},{"base_id":385,"kind":"top_words","i1":1,"i2":8,"sol":{"path":["/c/en/matthew","/c/en/mark","/c/en/sound","/c/en/gargle"],"weight":0.2067699999999994,"degrees":[145,1876,3218,159]},"num_concepts_raised":34499},{"base_id":385,"kind":"top_words","i1":1,"i2":9,"sol":{"path":["/c/en/matthew","/c/en/gospel","/c/en/law","/c/en/unlawful","/c/en/wrongful"],"weight":0.2069799999999995,"degrees":[145,451,3727,182,78]},"num_concepts_raised":11654},{"base_id":385,"kind":"top_words","i1":2,"i2":3,"sol":{"path":["/c/en/kissel","/c/en/dessert","/c/en/sweet","/c/en/person","/c/en/deborah"],"weight":0.21547999999999984,"degrees":[28,634,1309,12935,70]},"num_concepts_raised":18167},{"base_id":385,"kind":"top_words","i1":2,"i2":4,"sol":{"path":["/c/en/kissel","/c/en/dessert","/c/en/mole","/c/en/physics","/c/en/isotopic"],"weight":0.21028999999999987,"degrees":[28,634,1084,9094,49]},"num_concepts_raised":44587},{"base_id":385,"kind":"top_words","i1":2,"i2":5,"sol":{"path":["/c/en/kissel","/c/en/food","/c/en/grass","/c/en/sod","/c/en/sodomize"],"weight":0.20814999999999975,"degrees":[28,4281,1578,172,64]},"num_concepts_raised":7115},{"base_id":385,"kind":"top_words","i1":2,"i2":6,"sol":{"path":["/c/en/kissel","/c/en/dessert","/c/en/creature","/c/en/baby"],"weight":0.22834999999999778,"degrees":[28,634,707,1519]},"num_concepts_raised":121365},{"base_id":385,"kind":"top_words","i1":2,"i2":7,"sol":{"path":["/c/en/kissel","/c/en/food","/c/en/choking","/c/en/strangling"],"weight":0.20771999999999982,"degrees":[28,4281,88,25]},"num_concepts_raised":4936},{"base_id":385,"kind":"top_words","i1":2,"i2":8,"sol":{"path":["/c/en/kissel","/c/en/food","/c/en/mouth","/c/en/gargle"],"weight":0.20947999999999967,"degrees":[28,4281,1902,159]},"num_concepts_raised":31499},{"base_id":385,"kind":"top_words","i1":2,"i2":9,"sol":{"path":["/c/en/kissel","/c/en/dessert","/c/en/cake","/c/en/tort","/c/en/wrongful"],"weight":0.21048999999999973,"degrees":[28,634,1707,147,78]},"num_concepts_raised":8665},{"base_id":385,"kind":"top_words","i1":3,"i2":4,"sol":{"path":["/c/en/deborah","/c/en/person","/c/en/magic","/c/en/isotopic"],"weight":0.20863999999999988,"degrees":[70,12935,913,49]},"num_concepts_raised":54304},{"base_id":385,"kind":"top_words","i1":3,"i2":5,"sol":{"path":["/c/en/deborah","/c/en/person","/c/en/bum","/c/en/sodomize"],"weight":0.2087499999999998,"degrees":[70,12935,355,64]},"num_concepts_raised":16888},{"base_id":385,"kind":"top_words","i1":3,"i2":6,"sol":{"path":["/c/en/deborah","/c/en/person","/c/en/baby"],"weight":0.20400000000000001,"degrees":[70,12935,1519]},"num_concepts_raised":1274},{"base_id":385,"kind":"top_words","i1":3,"i2":7,"sol":{"path":["/c/en/deborah","/c/en/person","/c/en/choke","/c/en/strangling"],"weight":0.20830999999999986,"degrees":[70,12935,435,25]},"num_concepts_raised":14755},{"base_id":385,"kind":"top_words","i1":3,"i2":8,"sol":{"path":["/c/en/deborah","/c/en/person","/c/en/mouth","/c/en/gargle"],"weight":0.2100599999999997,"degrees":[70,12935,1902,159]},"num_concepts_raised":41048},{"base_id":385,"kind":"top_words","i1":3,"i2":9,"sol":{"path":["/c/en/deborah","/c/en/person","/c/en/abuse","/c/en/wrongful"],"weight":0.20897999999999978,"degrees":[70,12935,844,78]},"num_concepts_raised":18356},{"base_id":385,"kind":"top_words","i1":4,"i2":5,"sol":{"path":["/c/en/isotopic","/c/fr/physique","/c/fr/animal","/c/en/sodomise","/c/en/sodomize"],"weight":0.20564999999999978,"degrees":[49,6029,1631,54,64]},"num_concepts_raised":43310},{"base_id":385,"kind":"top_words","i1":4,"i2":6,"sol":{"path":["/c/en/isotopic","/c/en/magic","/c/en/love","/c/en/baby"],"weight":0.2227099999999978,"degrees":[49,913,2442,1519]},"num_concepts_raised":157209},{"base_id":385,"kind":"top_words","i1":4,"i2":7,"sol":{"path":["/c/en/isotopic","/c/en/isotope","/c/en/enrich","/c/en/choke","/c/en/strangling"],"weight":0.20321999999999985,"degrees":[49,515,206,435,25]},"num_concepts_raised":41143},{"base_id":385,"kind":"top_words","i1":4,"i2":8,"sol":{"path":["/c/en/isotopic","/c/en/mathematics","/c/en/sound","/c/en/gargle"],"weight":0.2056299999999997,"degrees":[49,7601,3218,159]},"num_concepts_raised":67169},{"base_id":385,"kind":"top_words","i1":4,"i2":9,"sol":{"path":["/c/en/isotopic","/c/en/physics","/c/en/iron","/c/en/wrong","/c/en/wrongful"],"weight":0.2049999999999998,"degrees":[49,9094,2867,1039,78]},"num_concepts_raised":44834},{"base_id":385,"kind":"top_words","i1":5,"i2":6,"sol":{"path":["/c/en/sodomize","/c/en/rear","/c/en/doll","/c/en/baby"],"weight":0.2241299999999977,"degrees":[64,915,842,1519]},"num_concepts_raised":120299},{"base_id":385,"kind":"top_words","i1":5,"i2":7,"sol":{"path":["/c/en/sodomize","/c/en/bum","/c/en/drinking","/c/en/choking","/c/en/strangling"],"weight":0.20305999999999974,"degrees":[64,355,454,88,25]},"num_concepts_raised":3646},{"base_id":385,"kind":"top_words","i1":5,"i2":8,"sol":{"path":["/c/en/sodomize","/c/en/bugger","/c/en/slang","/c/en/gargle"],"weight":0.20595999999999962,"degrees":[64,137,16318,159]},"num_concepts_raised":30281},{"base_id":385,"kind":"top_words","i1":5,"i2":9,"sol":{"path":["/c/en/sodomize","/c/fr/sodomiser","/c/fr/abuser","/c/en/abuse","/c/en/wrongful"],"weight":0.20587999999999967,"degrees":[64,175,248,844,78]},"num_concepts_raised":7347},{"base_id":385,"kind":"top_words","i1":6,"i2":7,"sol":{"path":["/c/en/baby","/c/en/people","/c/en/choke","/c/en/strangling"],"weight":0.22256999999999777,"degrees":[1519,4475,435,25]},"num_concepts_raised":118502},{"base_id":385,"kind":"top_words","i1":6,"i2":8,"sol":{"path":["/c/en/baby","/c/en/sound","/c/en/gargle"],"weight":0.203,"degrees":[1519,3218,159]},"num_concepts_raised":1342},{"base_id":385,"kind":"top_words","i1":6,"i2":9,"sol":{"path":["/c/en/baby","/c/en/young","/c/nl/wildzang","/c/en/wrongful"],"weight":0.22493999999999767,"degrees":[1519,1813,28,78]},"num_concepts_raised":121802},{"base_id":385,"kind":"top_words","i1":7,"i2":8,"sol":{"path":["/c/en/strangling","/c/fr/étranglement","/c/fr/gorge","/c/en/gargle"],"weight":0.2041899999999997,"degrees":[25,40,358,159]},"num_concepts_raised":28255},{"base_id":385,"kind":"top_words","i1":7,"i2":9,"sol":{"path":["/c/en/strangling","/c/en/strangle","/c/en/killing","/c/en/wrong","/c/en/wrongful"],"weight":0.20454999999999976,"degrees":[25,266,574,1039,78]},"num_concepts_raised":5190},{"base_id":385,"kind":"top_words","i1":8,"i2":9,"sol":{"path":["/c/en/gargle","/c/en/slang","/c/en/tort","/c/en/wrongful"],"weight":0.2050099999999996,"degrees":[159,16318,147,78]},"num_concepts_raised":31833}]]