[[{"base_id":879,"kind":"bot_words","i1":0,"i2":1,"sol":{"path":["/c/en/anhui","/c/en/china","/c/en/country","/c/en/romania","/c/en/muntenia"],"weight":0.20870999999999967,"degrees":[105,1318,2796,380,26]},"num_concepts_raised":2610},{"base_id":879,"kind":"bot_words","i1":0,"i2":2,"sol":{"path":["/c/en/anhui","/c/en/college","/c/en/like","/c/en/feed","/c/en/feedstock"],"weight":0.20963999999999972,"degrees":[105,710,2357,1014,30]},"num_concepts_raised":4712},{"base_id":879,"kind":"bot_words","i1":0,"i2":3,"sol":{"path":["/c/en/anhui","/c/en/lu","/c/en/ancient","/c/en/antiquary"],"weight":0.21041999999999966,"degrees":[105,78,1083,65]},"num_concepts_raised":5537},{"base_id":879,"kind":"bot_words","i1":0,"i2":4,"sol":{"path":["/c/en/anhui","/c/en/china","/c/en/human","/c/en/worldly"],"weight":0.21161999999999934,"degrees":[105,1318,2645,246]},"num_concepts_raised":14154},{"base_id":879,"kind":"bot_words","i1":0,"i2":5,"sol":{"path":["/c/en/anhui","/c/en/college","/c/en/physics","/c/it/fotochimica","/c/en/photochemistry"],"weight":0.21863999999999975,"degrees":[105,710,9094,15,86]},"num_concepts_raised":14076},{"base_id":879,"kind":"bot_words","i1":0,"i2":6,"sol":{"path":["/c/en/anhui","/c/en/college","/c/en/uk","/c/en/drench"],"weight":0.21013999999999933,"degrees":[105,710,5562,171]},"num_concepts_raised":34205},{"base_id":879,"kind":"bot_words","i1":0,"i2":7,"sol":{"path":["/c/en/anhui","/c/en/college","/c/en/secondary","/c/en/organic_chemistry","/c/en/arene"],"weight":0.20910999999999969,"degrees":[105,710,468,6499,48]},"num_concepts_raised":19025},{"base_id":879,"kind":"bot_words","i1":0,"i2":8,"sol":{"path":["/c/en/anhui","/c/en/china","/c/en/silk","/c/en/woven"],"weight":0.2103199999999994,"degrees":[105,1318,1050,158]},"num_concepts_raised":14328},{"base_id":879,"kind":"bot_words","i1":0,"i2":9,"sol":{"path":["/c/en/anhui","/c/en/college","/c/en/physics","/c/fr/contrainte","/c/en/duress"],"weight":0.21009999999999962,"degrees":[105,710,9094,195,62]},"num_concepts_raised":12228},{"base_id":879,"kind":"bot_words","i1":1,"i2":2,"sol":{"path":["/c/en/muntenia","/c/en/romania","/c/en/historical","/c/en/stock","/c/en/feedstock"],"weight":0.20267999999999992,"degrees":[26,380,8415,1024,30]},"num_concepts_raised":2904},{"base_id":879,"kind":"bot_words","i1":1,"i2":3,"sol":{"path":["/c/en/muntenia","/c/en/romania","/c/en/rome","/c/en/ancient","/c/en/antiquary"],"weight":0.20447999999999983,"degrees":[26,380,432,1083,65]},"num_concepts_raised":3754},{"base_id":879,"kind":"bot_words","i1":1,"i2":4,"sol":{"path":["/c/en/muntenia","/c/en/romania","/c/en/country","/c/en/world","/c/en/worldly"],"weight":0.20783999999999953,"degrees":[26,380,2796,1629,246]},"num_concepts_raised":12417},{"base_id":879,"kind":"bot_words","i1":1,"i2":5,"sol":{"path":["/c/en/muntenia","/c/en/romania","/c/en/linguistics","/c/en/compound","/c/en/chemistry","/c/en/photochemistry"],"weight":0.2172974999999963,"degrees":[26,380,4250,1833,11754,86]},"num_concepts_raised":296529},{"base_id":879,"kind":"bot_words","i1":1,"i2":6,"sol":{"path":["/c/en/muntenia","/c/en/romania","/c/en/linguistics","/c/en/sluice","/c/en/drench"],"weight":0.2042299999999995,"degrees":[26,380,4250,236,171]},"num_concepts_raised":32487},{"base_id":879,"kind":"bot_words","i1":1,"i2":7,"sol":{"path":["/c/en/muntenia","/c/en/romania","/c/en/linguistics","/c/en/compound","/c/en/hydrocarbon","/c/en/arene"],"weight":0.2080400999999997,"degrees":[26,380,4250,1833,745,48]},"num_concepts_raised":278545},{"base_id":879,"kind":"bot_words","i1":1,"i2":8,"sol":{"path":["/c/en/muntenia","/c/ro/corună","/c/en/beam","/c/en/weave","/c/en/woven"],"weight":0.20550999999999958,"degrees":[26,11,1036,672,158]},"num_concepts_raised":12571},{"base_id":879,"kind":"bot_words","i1":1,"i2":9,"sol":{"path":["/c/en/muntenia","/c/en/romania","/c/en/linguistics","/c/en/coercion","/c/en/duress"],"weight":0.2042599999999998,"degrees":[26,380,4250,202,62]},"num_concepts_raised":10433},{"base_id":879,"kind":"bot_words","i1":2,"i2":3,"sol":{"path":["/c/en/feedstock","/c/en/feed","/c/en/past","/c/en/ancient","/c/en/antiquary"],"weight":0.20556999999999992,"degrees":[30,1014,945,1083,65]},"num_concepts_raised":5846},{"base_id":879,"kind":"bot_words","i1":2,"i2":4,"sol":{"path":["/c/en/feedstock","/c/en/raw_material","/c/en/material","/c/en/worldly"],"weight":0.2079899999999996,"degrees":[30,137,1522,246]},"num_concepts_raised":14401},{"base_id":879,"kind":"bot_words","i1":2,"i2":5,"sol":{"path":["/c/en/feedstock","/c/en/feed","/c/en/scavenge","/c/en/chemistry","/c/en/photochemistry"],"weight":0.21186,"degrees":[30,1014,106,11754,86]},"num_concepts_raised":14335},{"base_id":879,"kind":"bot_words","i1":2,"i2":6,"sol":{"path":["/c/en/feedstock","/c/en/feed","/c/en/animal","/c/en/drench"],"weight":0.20532999999999957,"degrees":[30,1014,3735,171]},"num_concepts_raised":34385},{"base_id":879,"kind":"bot_words","i1":2,"i2":7,"sol":{"path":["/c/en/feedstock","/c/en/feed","/c/en/pap","/c/en/organic_chemistry","/c/en/arene"],"weight":0.20423999999999992,"degrees":[30,1014,112,6499,48]},"num_concepts_raised":19295},{"base_id":879,"kind":"bot_words","i1":2,"i2":8,"sol":{"path":["/c/en/feedstock","/c/en/stock","/c/en/stocking","/c/en/woven"],"weight":0.20428999999999964,"degrees":[30,1024,359,158]},"num_concepts_raised":14581},{"base_id":879,"kind":"bot_words","i1":2,"i2":9,"sol":{"path":["/c/en/feedstock","/c/en/feed","/c/en/action","/c/en/force","/c/en/duress"],"weight":0.20428999999999986,"degrees":[30,1014,2156,1979,62]},"num_concepts_raised":12492},{"base_id":879,"kind":"bot_words","i1":3,"i2":4,"sol":{"path":["/c/en/antiquary","/c/en/expert","/c/ka/გამოცდილი","/c/en/worldly"],"weight":0.20612999999999954,"degrees":[65,683,11,246]},"num_concepts_raised":15276},{"base_id":879,"kind":"bot_words","i1":3,"i2":5,"sol":{"path":["/c/en/antiquary","/c/en/antiquity","/c/en/history","/c/en/chemistry","/c/en/photochemistry"],"weight":0.21367999999999993,"degrees":[65,262,1864,11754,86]},"num_concepts_raised":15212},{"base_id":879,"kind":"bot_words","i1":3,"i2":6,"sol":{"path":["/c/en/antiquary","/c/en/ancient","/c/en/uk","/c/en/drench"],"weight":0.2060499999999995,"degrees":[65,1083,5562,171]},"num_concepts_raised":35329},{"base_id":879,"kind":"bot_words","i1":3,"i2":7,"sol":{"path":["/c/en/antiquary","/c/en/ancient","/c/en/picene","/c/en/hydrocarbon","/c/en/arene"],"weight":0.2058299999999999,"degrees":[65,1083,29,745,48]},"num_concepts_raised":20162},{"base_id":879,"kind":"bot_words","i1":3,"i2":8,"sol":{"path":["/c/en/antiquary","/c/en/collect","/c/qu/pallay","/c/en/woven"],"weight":0.2047799999999996,"degrees":[65,939,26,158]},"num_concepts_raised":15476},{"base_id":879,"kind":"bot_words","i1":3,"i2":9,"sol":{"path":["/c/en/antiquary","/c/en/ancient","/c/en/legal","/c/en/duress"],"weight":0.20492999999999983,"degrees":[65,1083,6627,62]},"num_concepts_raised":13344},{"base_id":879,"kind":"bot_words","i1":4,"i2":5,"sol":{"path":["/c/en/worldly","/c/pt/material","/c/en/chemistry","/c/en/photochemistry"],"weight":0.2137799999999996,"degrees":[246,47,11754,86]},"num_concepts_raised":23780},{"base_id":879,"kind":"bot_words","i1":4,"i2":6,"sol":{"path":["/c/en/worldly","/c/en/earthly","/c/en/uk","/c/en/drench"],"weight":0.2096799999999992,"degrees":[246,159,5562,171]},"num_concepts_raised":43354},{"base_id":879,"kind":"bot_words","i1":4,"i2":7,"sol":{"path":["/c/en/worldly","/c/en/abstraction","/c/en/dehydroarene","/c/en/arene"],"weight":0.20579999999999957,"degrees":[246,341,11,48]},"num_concepts_raised":28797},{"base_id":879,"kind":"bot_words","i1":4,"i2":8,"sol":{"path":["/c/en/worldly","/c/en/material","/c/en/weave","/c/en/woven"],"weight":0.2108899999999993,"degrees":[246,1522,672,158]},"num_concepts_raised":23701},{"base_id":879,"kind":"bot_words","i1":4,"i2":9,"sol":{"path":["/c/en/worldly","/c/en/physical","/c/en/coercion","/c/en/duress"],"weight":0.20732999999999951,"degrees":[246,1078,202,62]},"num_concepts_raised":21751},{"base_id":879,"kind":"bot_words","i1":5,"i2":6,"sol":{"path":["/c/en/photochemistry","/c/en/chemistry","/c/en/wet","/c/en/drench"],"weight":0.2127399999999996,"degrees":[86,11754,1063,171]},"num_concepts_raised":43676},{"base_id":879,"kind":"bot_words","i1":5,"i2":7,"sol":{"path":["/c/en/photochemistry","/c/en/chemistry","/c/en/organic_chemistry","/c/en/arene"],"weight":0.21142999999999995,"degrees":[86,11754,6499,48]},"num_concepts_raised":27750},{"base_id":879,"kind":"bot_words","i1":5,"i2":8,"sol":{"path":["/c/en/photochemistry","/c/en/chemistry","/c/en/course","/c/en/warp","/c/en/woven"],"weight":0.2136199999999997,"degrees":[86,11754,1347,485,158]},"num_concepts_raised":23978},{"base_id":879,"kind":"bot_words","i1":5,"i2":9,"sol":{"path":["/c/en/photochemistry","/c/it/fotochimica","/c/en/physics","/c/fr/contrainte","/c/en/duress"],"weight":0.2142399999999999,"degrees":[86,15,9094,195,62]},"num_concepts_raised":21815},{"base_id":879,"kind":"bot_words","i1":6,"i2":7,"sol":{"path":["/c/en/drench","/c/fr/saturer","/c/fr/chimie","/c/en/arene"],"weight":0.20450999999999953,"degrees":[171,133,9652,48]},"num_concepts_raised":48754},{"base_id":879,"kind":"bot_words","i1":6,"i2":8,"sol":{"path":["/c/en/drench","/c/en/drink","/c/en/silk","/c/en/woven"],"weight":0.20701999999999926,"degrees":[171,2548,1050,158]},"num_concepts_raised":43539},{"base_id":879,"kind":"bot_words","i1":6,"i2":9,"sol":{"path":["/c/en/drench","/c/en/military","/c/en/force","/c/en/duress"],"weight":0.20478999999999947,"degrees":[171,5690,1979,62]},"num_concepts_raised":41445},{"base_id":879,"kind":"bot_words","i1":7,"i2":8,"sol":{"path":["/c/en/arene","/c/fr/chimie","/c/en/cerate","/c/en/cloth","/c/en/woven"],"weight":0.20573999999999965,"degrees":[48,9652,43,1213,158]},"num_concepts_raised":28958},{"base_id":879,"kind":"bot_words","i1":7,"i2":9,"sol":{"path":["/c/en/arene","/c/fr/arène","/c/fr/champ","/c/fr/contrainte","/c/en/duress"],"weight":0.20542999999999983,"degrees":[48,186,614,195,62]},"num_concepts_raised":26808},{"base_id":879,"kind":"bot_words","i1":8,"i2":9,"sol":{"path":["/c/en/woven","/c/en/warp","/c/fr/déformer","/c/fr/contrainte","/c/en/duress"],"weight":0.20694999999999958,"degrees":[158,485,181,195,62]},"num_concepts_raised":22069}],[{"base_id":879,"kind":"top_words","i1":0,"i2":1,"sol":{"path":["/c/en/seraglio","/c/en/living","/c/en/person","/c/en/fan"],"weight":0.22572999999999838,"degrees":[49,839,12935,1375]},"num_concepts_raised":88029},{"base_id":879,"kind":"top_words","i1":0,"i2":2,"sol":{"path":["/c/en/seraglio","/c/en/living","/c/en/planet","/c/en/despina"],"weight":0.20840999999999985,"degrees":[49,839,1123,56]},"num_concepts_raised":12316},{"base_id":879,"kind":"top_words","i1":0,"i2":3,"sol":{"path":["/c/en/seraglio","/c/en/living","/c/en/harmony","/c/en/music","/c/en/mozart"],"weight":0.20425999999999997,"degrees":[49,839,634,8822,34]},"num_concepts_raised":11599},{"base_id":879,"kind":"top_words","i1":0,"i2":4,"sol":{"path":["/c/en/seraglio","/c/en/concubine","/c/en/woman","/c/en/pear","/c/en/tosca"],"weight":0.20936999999999986,"degrees":[49,253,3510,649,47]},"num_concepts_raised":3682},{"base_id":879,"kind":"top_words","i1":0,"i2":5,"sol":{"path":["/c/en/seraglio","/c/en/harem","/c/en/seal","/c/en/musical_artist","/c/en/amadeus"],"weight":0.21355999999999994,"degrees":[49,245,1252,462,36]},"num_concepts_raised":6720},{"base_id":879,"kind":"top_words","i1":0,"i2":6,"sol":{"path":["/c/en/seraglio","/c/en/living","/c/en/atom","/c/en/dyad"],"weight":0.20346,"degrees":[49,839,1498,49]},"num_concepts_raised":28432},{"base_id":879,"kind":"top_words","i1":0,"i2":7,"sol":{"path":["/c/en/seraglio","/c/en/concubine","/c/zh/青衣","/c/en/emperor","/c/en/mikado"],"weight":0.20509999999999998,"degrees":[49,253,20,837,68]},"num_concepts_raised":17155},{"base_id":879,"kind":"top_words","i1":0,"i2":8,"sol":{"path":["/c/en/seraglio","/c/en/harem","/c/en/women","/c/en/book","/c/en/decameron"],"weight":0.21060000000000018,"degrees":[49,245,407,3239,98]},"num_concepts_raised":5949},{"base_id":879,"kind":"top_words","i1":0,"i2":9,"sol":{"path":["/c/en/seraglio","/c/en/living","/c/en/change","/c/en/return","/c/en/reciprocation"],"weight":0.20331999999999995,"degrees":[49,839,3383,1609,42]},"num_concepts_raised":6584},{"base_id":879,"kind":"top_words","i1":1,"i2":2,"sol":{"path":["/c/en/fan","/c/en/tail","/c/fr/astronomie","/c/en/despina"],"weight":0.23050999999999813,"degrees":[1375,1214,4725,56]},"num_concepts_raised":94161},{"base_id":879,"kind":"top_words","i1":1,"i2":3,"sol":{"path":["/c/en/fan","/c/en/fanvid","/c/en/music","/c/en/mozart"],"weight":0.22832999999999826,"degrees":[1375,19,8822,34]},"num_concepts_raised":92937},{"base_id":879,"kind":"top_words","i1":1,"i2":4,"sol":{"path":["/c/en/fan","/c/en/blow","/c/en/like","/c/en/pear","/c/en/tosca"],"weight":0.23272999999999816,"degrees":[1375,1623,2357,649,47]},"num_concepts_raised":85798},{"base_id":879,"kind":"top_words","i1":1,"i2":5,"sol":{"path":["/c/en/fan","/c/en/blow","/c/en/play","/c/en/amadeus"],"weight":0.23666999999999824,"degrees":[1375,1623,3092,36]},"num_concepts_raised":88115},{"base_id":879,"kind":"top_words","i1":1,"i2":6,"sol":{"path":["/c/en/fan","/c/en/fanvid","/c/en/music","/c/en/dyad"],"weight":0.2276199999999983,"degrees":[1375,19,8822,49]},"num_concepts_raised":108797},{"base_id":879,"kind":"top_words","i1":1,"i2":7,"sol":{"path":["/c/en/fan","/c/en/winnow","/c/en/literary","/c/en/mikado"],"weight":0.23392999999999828,"degrees":[1375,178,6728,68]},"num_concepts_raised":98227},{"base_id":879,"kind":"top_words","i1":1,"i2":8,"sol":{"path":["/c/en/fan","/c/en/fanwork","/c/en/book","/c/en/decameron"],"weight":0.23340999999999845,"degrees":[1375,29,3239,98]},"num_concepts_raised":87748},{"base_id":879,"kind":"top_words","i1":1,"i2":9,"sol":{"path":["/c/en/fan","/c/en/wind","/c/en/motion","/c/en/reciprocation"],"weight":0.22546999999999823,"degrees":[1375,2373,1045,42]},"num_concepts_raised":88114},{"base_id":879,"kind":"top_words","i1":2,"i2":3,"sol":{"path":["/c/en/despina","/c/fr/astronomie","/c/en/space","/c/en/music","/c/en/mozart"],"weight":0.20943999999999974,"degrees":[56,4725,1852,8822,34]},"num_concepts_raised":17694},{"base_id":879,"kind":"top_words","i1":2,"i2":4,"sol":{"path":["/c/en/despina","/c/fr/astronomie","/c/en/coma","/c/en/pear","/c/en/tosca"],"weight":0.21345999999999962,"degrees":[56,4725,293,649,47]},"num_concepts_raised":9812},{"base_id":879,"kind":"top_words","i1":2,"i2":5,"sol":{"path":["/c/en/despina","/c/en/aphrodite","/c/en/musical_artist","/c/en/amadeus"],"weight":0.2172199999999997,"degrees":[56,180,462,36]},"num_concepts_raised":12867},{"base_id":879,"kind":"top_words","i1":2,"i2":6,"sol":{"path":["/c/en/despina","/c/en/planet","/c/en/atom","/c/en/dyad"],"weight":0.20846999999999977,"degrees":[56,1123,1498,49]},"num_concepts_raised":34473},{"base_id":879,"kind":"top_words","i1":2,"i2":7,"sol":{"path":["/c/en/despina","/c/fr/despina","/c/fr/lune","/c/en/literary","/c/en/mikado"],"weight":0.21315999999999974,"degrees":[56,91,627,6728,68]},"num_concepts_raised":23311},{"base_id":879,"kind":"top_words","i1":2,"i2":8,"sol":{"path":["/c/en/despina","/c/fr/astronomie","/c/en/titan","/c/en/book","/c/en/decameron"],"weight":0.2144999999999999,"degrees":[56,4725,389,3239,98]},"num_concepts_raised":12084},{"base_id":879,"kind":"top_words","i1":2,"i2":9,"sol":{"path":["/c/en/despina","/c/fr/astronomie","/c/fr/mouvement","/c/en/motion","/c/en/reciprocation"],"weight":0.20835999999999968,"degrees":[56,4725,1223,1045,42]},"num_concepts_raised":12688},{"base_id":879,"kind":"top_words","i1":3,"i2":4,"sol":{"path":["/c/en/mozart","/c/en/music","/c/en/like","/c/en/pear","/c/en/tosca"],"weight":0.20908999999999975,"degrees":[34,8822,2357,649,47]},"num_concepts_raised":9094},{"base_id":879,"kind":"top_words","i1":3,"i2":5,"sol":{"path":["/c/en/mozart","/c/en/music","/c/en/play","/c/en/amadeus"],"weight":0.21318999999999982,"degrees":[34,8822,3092,36]},"num_concepts_raised":11884},{"base_id":879,"kind":"top_words","i1":3,"i2":6,"sol":{"path":["/c/en/mozart","/c/en/music","/c/en/dyad"],"weight":0.203,"degrees":[34,8822,49]},"num_concepts_raised":72},{"base_id":879,"kind":"top_words","i1":3,"i2":7,"sol":{"path":["/c/en/mozart","/c/en/music","/c/ja/ほうしょう","/c/en/emperor","/c/en/mikado"],"weight":0.20480999999999988,"degrees":[34,8822,95,837,68]},"num_concepts_raised":22531},{"base_id":879,"kind":"top_words","i1":3,"i2":8,"sol":{"path":["/c/en/mozart","/c/en/music","/c/en/album","/c/en/book","/c/en/decameron"],"weight":0.21014000000000005,"degrees":[34,8822,778,3239,98]},"num_concepts_raised":11339},{"base_id":879,"kind":"top_words","i1":3,"i2":9,"sol":{"path":["/c/en/mozart","/c/en/music","/c/en/motion","/c/en/reciprocation"],"weight":0.20397999999999983,"degrees":[34,8822,1045,42]},"num_concepts_raised":11925},{"base_id":879,"kind":"top_words","i1":4,"i2":5,"sol":{"path":["/c/en/tosca","/c/en/pear","/c/en/like","/c/en/play","/c/en/amadeus"],"weight":0.21714999999999973,"degrees":[47,649,2357,3092,36]},"num_concepts_raised":4236},{"base_id":879,"kind":"top_words","i1":4,"i2":6,"sol":{"path":["/c/en/tosca","/c/en/pear","/c/en/green","/c/en/triad","/c/en/dyad"],"weight":0.2092999999999998,"degrees":[47,649,1796,160,49]},"num_concepts_raised":25960},{"base_id":879,"kind":"top_words","i1":4,"i2":7,"sol":{"path":["/c/en/tosca","/c/en/pear","/c/en/like","/c/en/history","/c/en/mikado"],"weight":0.20855999999999977,"degrees":[47,649,2357,1864,68]},"num_concepts_raised":14711},{"base_id":879,"kind":"top_words","i1":4,"i2":8,"sol":{"path":["/c/en/tosca","/c/en/pear","/c/en/plant","/c/en/book","/c/en/decameron"],"weight":0.21414999999999995,"degrees":[47,649,7959,3239,98]},"num_concepts_raised":3457},{"base_id":879,"kind":"top_words","i1":4,"i2":9,"sol":{"path":["/c/en/tosca","/c/en/pear","/c/en/but","/c/en/return","/c/en/reciprocation"],"weight":0.20811999999999972,"degrees":[47,649,837,1609,42]},"num_concepts_raised":4078},{"base_id":879,"kind":"top_words","i1":5,"i2":6,"sol":{"path":["/c/en/amadeus","/c/en/play","/c/en/interval","/c/en/dyad"],"weight":0.21331999999999987,"degrees":[36,3092,631,49]},"num_concepts_raised":28722},{"base_id":879,"kind":"top_words","i1":5,"i2":7,"sol":{"path":["/c/en/amadeus","/c/en/play","/c/en/hamlet","/c/en/mikado"],"weight":0.21255999999999986,"degrees":[36,3092,519,68]},"num_concepts_raised":17703},{"base_id":879,"kind":"top_words","i1":5,"i2":8,"sol":{"path":["/c/en/amadeus","/c/en/play","/c/en/record","/c/en/book","/c/en/decameron"],"weight":0.21821000000000002,"degrees":[36,3092,1856,3239,98]},"num_concepts_raised":6486},{"base_id":879,"kind":"top_words","i1":5,"i2":9,"sol":{"path":["/c/en/amadeus","/c/en/play","/c/en/reply","/c/ja/応酬","/c/en/reciprocation"],"weight":0.21307999999999977,"degrees":[36,3092,746,19,42]},"num_concepts_raised":7094},{"base_id":879,"kind":"top_words","i1":6,"i2":7,"sol":{"path":["/c/en/dyad","/c/en/chemistry","/c/en/history","/c/en/mikado"],"weight":0.2037299999999999,"degrees":[49,11754,1864,68]},"num_concepts_raised":39272},{"base_id":879,"kind":"top_words","i1":6,"i2":8,"sol":{"path":["/c/en/dyad","/c/en/element","/c/en/book","/c/en/decameron"],"weight":0.2092900000000001,"degrees":[49,1173,3239,98]},"num_concepts_raised":28161},{"base_id":879,"kind":"top_words","i1":6,"i2":9,"sol":{"path":["/c/en/dyad","/c/en/music","/c/en/motion","/c/en/reciprocation"],"weight":0.20326999999999984,"degrees":[49,8822,1045,42]},"num_concepts_raised":28694},{"base_id":879,"kind":"top_words","i1":7,"i2":8,"sol":{"path":["/c/en/mikado","/c/en/history","/c/en/book","/c/en/decameron"],"weight":0.20961000000000007,"degrees":[68,1864,3239,98]},"num_concepts_raised":16898},{"base_id":879,"kind":"top_words","i1":7,"i2":9,"sol":{"path":["/c/en/mikado","/c/en/emperor","/c/ja/ごかん","/c/en/interchange","/c/en/reciprocation"],"weight":0.20379999999999981,"degrees":[68,837,32,236,42]},"num_concepts_raised":17573},{"base_id":879,"kind":"top_words","i1":8,"i2":9,"sol":{"path":["/c/en/decameron","/c/en/book","/c/en/turn","/c/en/return","/c/en/reciprocation"],"weight":0.20918000000000003,"degrees":[98,3239,2413,1609,42]},"num_concepts_raised":6341}]]