[[{"base_id":30,"kind":"bot_words","i1":0,"i2":1,"sol":{"path":["/c/en/dolorous","/c/gd/brònach","/c/en/miserable","/c/en/person","/c/en/eugenius"],"weight":0.21346999999999983,"degrees":[42,22,432,12935,55]},"num_concepts_raised":14398},{"base_id":30,"kind":"bot_words","i1":0,"i2":2,"sol":{"path":["/c/en/dolorous","/c/en/sad","/c/en/slang","/c/en/hum"],"weight":0.21354999999999918,"degrees":[42,747,16318,332]},"num_concepts_raised":42201},{"base_id":30,"kind":"bot_words","i1":0,"i2":3,"sol":{"path":["/c/en/dolorous","/c/en/sad","/c/en/blue","/c/en/prime"],"weight":0.20834999999999873,"degrees":[42,747,1611,485]},"num_concepts_raised":113554},{"base_id":30,"kind":"bot_words","i1":0,"i2":4,"sol":{"path":["/c/en/dolorous","/c/en/sad","/c/en/slang","/c/en/billy"],"weight":0.2038299999999997,"degrees":[42,747,16318,99]},"num_concepts_raised":40470},{"base_id":30,"kind":"bot_words","i1":0,"i2":5,"sol":{"path":["/c/en/dolorous","/c/fr/triste","/c/fr/avec","/c/fr/tourbillon","/c/en/maelstrom"],"weight":0.21082999999999982,"degrees":[42,311,940,174,84]},"num_concepts_raised":3995},{"base_id":30,"kind":"bot_words","i1":0,"i2":6,"sol":{"path":["/c/en/dolorous","/c/en/sad","/c/en/slang","/c/en/rubber","/c/en/elastomer"],"weight":0.2087299999999998,"degrees":[42,747,16318,605,82]},"num_concepts_raised":5898},{"base_id":30,"kind":"bot_words","i1":0,"i2":7,"sol":{"path":["/c/en/dolorous","/c/fr/douloureux","/c/fr/corps","/c/fr/moniteur","/c/en/monitor"],"weight":0.21069999999999894,"degrees":[42,150,2007,103,432]},"num_concepts_raised":44607},{"base_id":30,"kind":"bot_words","i1":0,"i2":8,"sol":{"path":["/c/en/dolorous","/c/fr/triste","/c/fr/verbe","/c/fr/auxiliaire","/c/en/ancillary"],"weight":0.20493999999999973,"degrees":[42,311,480,260,100]},"num_concepts_raised":5403},{"base_id":30,"kind":"bot_words","i1":0,"i2":9,"sol":{"path":["/c/en/dolorous","/c/fr/douloureux","/c/fr/causer","/c/en/bring","/c/en/bringing"],"weight":0.2043099999999997,"degrees":[42,150,576,1435,67]},"num_concepts_raised":13748},{"base_id":30,"kind":"bot_words","i1":1,"i2":2,"sol":{"path":["/c/en/eugenius","/c/en/monarch","/c/en/slang","/c/en/hum"],"weight":0.2228999999999992,"degrees":[55,586,16318,332]},"num_concepts_raised":52796},{"base_id":30,"kind":"bot_words","i1":1,"i2":3,"sol":{"path":["/c/en/eugenius","/c/en/person","/c/en/number","/c/en/prime"],"weight":0.2190399999999988,"degrees":[55,12935,2301,485]},"num_concepts_raised":123660},{"base_id":30,"kind":"bot_words","i1":1,"i2":4,"sol":{"path":["/c/en/eugenius","/c/en/eugene","/c/en/given_name","/c/en/billy"],"weight":0.21540999999999974,"degrees":[55,93,1247,99]},"num_concepts_raised":51000},{"base_id":30,"kind":"bot_words","i1":1,"i2":5,"sol":{"path":["/c/en/eugenius","/c/en/person","/c/en/difficult","/c/zh/漩渦","/c/en/maelstrom"],"weight":0.2200799999999999,"degrees":[55,12935,1189,13,84]},"num_concepts_raised":15253},{"base_id":30,"kind":"bot_words","i1":1,"i2":6,"sol":{"path":["/c/en/eugenius","/c/en/person","/c/en/case","/c/en/elastomer"],"weight":0.21801999999999985,"degrees":[55,12935,1773,82]},"num_concepts_raised":17110},{"base_id":30,"kind":"bot_words","i1":1,"i2":7,"sol":{"path":["/c/en/eugenius","/c/en/person","/c/en/computer","/c/en/monitor"],"weight":0.21920999999999902,"degrees":[55,12935,2068,432]},"num_concepts_raised":55381},{"base_id":30,"kind":"bot_words","i1":1,"i2":8,"sol":{"path":["/c/en/eugenius","/c/en/person","/c/en/auxiliary","/c/en/ancillary"],"weight":0.21443999999999974,"degrees":[55,12935,220,100]},"num_concepts_raised":16654},{"base_id":30,"kind":"bot_words","i1":1,"i2":9,"sol":{"path":["/c/en/eugenius","/c/en/person","/c/en/servant","/c/en/bringing"],"weight":0.21258999999999972,"degrees":[55,12935,1283,67]},"num_concepts_raised":24808},{"base_id":30,"kind":"bot_words","i1":2,"i2":3,"sol":{"path":["/c/en/hum","/c/en/uk","/c/en/prime"],"weight":0.20400000000000001,"degrees":[332,5562,485]},"num_concepts_raised":692},{"base_id":30,"kind":"bot_words","i1":2,"i2":4,"sol":{"path":["/c/en/hum","/c/en/slang","/c/en/billy"],"weight":0.20500000000000002,"degrees":[332,16318,99]},"num_concepts_raised":362},{"base_id":30,"kind":"bot_words","i1":2,"i2":5,"sol":{"path":["/c/en/hum","/c/en/column","/c/en/vortex","/c/en/maelstrom"],"weight":0.21709999999999918,"degrees":[332,1203,220,84]},"num_concepts_raised":42990},{"base_id":30,"kind":"bot_words","i1":2,"i2":6,"sol":{"path":["/c/en/hum","/c/en/slang","/c/en/rubber","/c/en/elastomer"],"weight":0.2191699999999992,"degrees":[332,16318,605,82]},"num_concepts_raised":44661},{"base_id":30,"kind":"bot_words","i1":2,"i2":7,"sol":{"path":["/c/en/hum","/c/en/british","/c/en/monitor"],"weight":0.20400000000000001,"degrees":[332,3452,432]},"num_concepts_raised":637},{"base_id":30,"kind":"bot_words","i1":2,"i2":8,"sol":{"path":["/c/en/hum","/c/en/be","/c/fr/auxiliaire","/c/en/ancillary"],"weight":0.2131299999999991,"degrees":[332,3156,260,100]},"num_concepts_raised":44336},{"base_id":30,"kind":"bot_words","i1":2,"i2":9,"sol":{"path":["/c/en/hum","/c/en/slang","/c/en/carry","/c/en/bringing"],"weight":0.21378999999999904,"degrees":[332,16318,1539,67]},"num_concepts_raised":52072},{"base_id":30,"kind":"bot_words","i1":3,"i2":4,"sol":{"path":["/c/en/prime","/c/en/uk","/c/en/billy"],"weight":0.202,"degrees":[485,5562,99]},"num_concepts_raised":492},{"base_id":30,"kind":"bot_words","i1":3,"i2":5,"sol":{"path":["/c/en/prime","/c/en/ground","/c/la/mola","/c/en/maelstrom"],"weight":0.21478999999999876,"degrees":[485,1836,76,84]},"num_concepts_raised":114196},{"base_id":30,"kind":"bot_words","i1":3,"i2":6,"sol":{"path":["/c/en/prime","/c/en/chemistry","/c/pt/elastômero","/c/en/elastomer"],"weight":0.21585999999999872,"degrees":[485,11754,8,82]},"num_concepts_raised":115582},{"base_id":30,"kind":"bot_words","i1":3,"i2":7,"sol":{"path":["/c/en/prime","/c/en/first","/c/en/british","/c/en/monitor"],"weight":0.21820999999999785,"degrees":[485,1502,3452,432]},"num_concepts_raised":150227},{"base_id":30,"kind":"bot_words","i1":3,"i2":8,"sol":{"path":["/c/en/prime","/c/en/main","/c/en/auxiliary","/c/en/ancillary"],"weight":0.21046999999999866,"degrees":[485,838,220,100]},"num_concepts_raised":115298},{"base_id":30,"kind":"bot_words","i1":3,"i2":9,"sol":{"path":["/c/en/prime","/c/en/work","/c/en/bring","/c/en/bringing"],"weight":0.20953999999999862,"degrees":[485,4013,1435,67]},"num_concepts_raised":122689},{"base_id":30,"kind":"bot_words","i1":4,"i2":5,"sol":{"path":["/c/en/billy","/c/en/uk","/c/en/situation","/c/en/maelstrom"],"weight":0.20934999999999973,"degrees":[99,5562,1146,84]},"num_concepts_raised":41252},{"base_id":30,"kind":"bot_words","i1":4,"i2":6,"sol":{"path":["/c/en/billy","/c/en/slang","/c/en/rubber","/c/en/elastomer"],"weight":0.2094699999999997,"degrees":[99,16318,605,82]},"num_concepts_raised":42865},{"base_id":30,"kind":"bot_words","i1":4,"i2":7,"sol":{"path":["/c/en/billy","/c/en/machine","/c/en/computer","/c/en/monitor"],"weight":0.21050999999999886,"degrees":[99,1685,2068,432]},"num_concepts_raised":78999},{"base_id":30,"kind":"bot_words","i1":4,"i2":8,"sol":{"path":["/c/en/billy","/c/en/us","/c/en/painter","/c/en/ancillary"],"weight":0.20438999999999963,"degrees":[99,8154,536,100]},"num_concepts_raised":42600},{"base_id":30,"kind":"bot_words","i1":4,"i2":9,"sol":{"path":["/c/en/billy","/c/en/friend","/c/en/bring","/c/en/bringing"],"weight":0.20498999999999956,"degrees":[99,1704,1435,67]},"num_concepts_raised":50512},{"base_id":30,"kind":"bot_words","i1":5,"i2":6,"sol":{"path":["/c/en/maelstrom","/c/en/situation","/c/en/case","/c/en/elastomer"],"weight":0.21422999999999986,"degrees":[84,1146,1773,82]},"num_concepts_raised":6747},{"base_id":30,"kind":"bot_words","i1":5,"i2":7,"sol":{"path":["/c/en/maelstrom","/c/sv/malström","/c/sv/ström","/c/en/computing","/c/en/monitor"],"weight":0.215759999999999,"degrees":[84,18,51,9084,432]},"num_concepts_raised":45393},{"base_id":30,"kind":"bot_words","i1":5,"i2":8,"sol":{"path":["/c/en/maelstrom","/c/en/whirlpool","/c/en/water","/c/en/cycle","/c/en/ancillary"],"weight":0.21066999999999975,"degrees":[84,224,4606,621,100]},"num_concepts_raised":6286},{"base_id":30,"kind":"bot_words","i1":5,"i2":9,"sol":{"path":["/c/en/maelstrom","/c/en/violent","/c/en/kill","/c/en/bringing"],"weight":0.20880999999999972,"degrees":[84,655,1884,67]},"num_concepts_raised":14614},{"base_id":30,"kind":"bot_words","i1":6,"i2":7,"sol":{"path":["/c/en/elastomer","/c/en/case","/c/en/computer","/c/en/monitor"],"weight":0.21538999999999897,"degrees":[82,1773,2068,432]},"num_concepts_raised":46861},{"base_id":30,"kind":"bot_words","i1":6,"i2":8,"sol":{"path":["/c/en/elastomer","/c/en/material","/c/fi/apuväline","/c/en/ancillary"],"weight":0.20930999999999972,"degrees":[82,1522,15,100]},"num_concepts_raised":8138},{"base_id":30,"kind":"bot_words","i1":6,"i2":9,"sol":{"path":["/c/en/elastomer","/c/en/case","/c/en/carry","/c/en/bringing"],"weight":0.20887999999999968,"degrees":[82,1773,1539,67]},"num_concepts_raised":16390},{"base_id":30,"kind":"bot_words","i1":7,"i2":8,"sol":{"path":["/c/en/monitor","/c/en/nautical","/c/en/auxiliary","/c/en/ancillary"],"weight":0.2095099999999989,"degrees":[432,5204,220,100]},"num_concepts_raised":46643},{"base_id":30,"kind":"bot_words","i1":7,"i2":9,"sol":{"path":["/c/en/monitor","/c/en/computer","/c/en/return","/c/en/bringing"],"weight":0.20993999999999885,"degrees":[432,2068,1609,67]},"num_concepts_raised":54514},{"base_id":30,"kind":"bot_words","i1":8,"i2":9,"sol":{"path":["/c/en/ancillary","/c/en/subordinate","/c/en/servant","/c/en/bringing"],"weight":0.2040799999999996,"degrees":[100,528,1283,67]},"num_concepts_raised":15945}],[{"base_id":30,"kind":"top_words","i1":0,"i2":1,"sol":{"path":["/c/en/taskbar","/c/en/application","/c/en/toolbar"],"weight":0.202,"degrees":[30,799,81]},"num_concepts_raised":84},{"base_id":30,"kind":"top_words","i1":0,"i2":2,"sol":{"path":["/c/en/taskbar","/c/en/computing","/c/en/folder"],"weight":0.202,"degrees":[30,9084,239]},"num_concepts_raised":203},{"base_id":30,"kind":"top_words","i1":0,"i2":3,"sol":{"path":["/c/en/taskbar","/c/en/computing","/c/en/software","/c/en/wordperfect"],"weight":0.20787999999999984,"degrees":[30,9084,1812,30]},"num_concepts_raised":13087},{"base_id":30,"kind":"top_words","i1":0,"i2":4,"sol":{"path":["/c/en/taskbar","/c/en/computing","/c/en/cursor"],"weight":0.20400000000000001,"degrees":[30,9084,203]},"num_concepts_raised":174},{"base_id":30,"kind":"top_words","i1":0,"i2":5,"sol":{"path":["/c/en/taskbar","/c/en/desktop"],"weight":0.202,"degrees":[30,161]},"num_concepts_raised":154},{"base_id":30,"kind":"top_words","i1":0,"i2":6,"sol":{"path":["/c/en/taskbar","/c/en/computing","/c/en/click"],"weight":0.202,"degrees":[30,9084,403]},"num_concepts_raised":354},{"base_id":30,"kind":"top_words","i1":0,"i2":7,"sol":{"path":["/c/en/taskbar","/c/en/computing","/c/en/click","/c/en/clicking"],"weight":0.20397999999999986,"degrees":[30,9084,403,38]},"num_concepts_raised":13969},{"base_id":30,"kind":"top_words","i1":0,"i2":8,"sol":{"path":["/c/en/taskbar","/c/en/operating_system","/c/en/windows"],"weight":0.203,"degrees":[30,425,103]},"num_concepts_raised":122},{"base_id":30,"kind":"top_words","i1":0,"i2":9,"sol":{"path":["/c/en/taskbar","/c/en/computing","/c/en/xp"],"weight":0.202,"degrees":[30,9084,36]},"num_concepts_raised":61},{"base_id":30,"kind":"top_words","i1":1,"i2":2,"sol":{"path":["/c/en/toolbar","/c/en/tool","/c/en/file","/c/en/folder"],"weight":0.20945999999999995,"degrees":[81,1423,1207,239]},"num_concepts_raised":29774},{"base_id":30,"kind":"top_words","i1":1,"i2":3,"sol":{"path":["/c/en/toolbar","/c/en/tool","/c/en/software","/c/en/wordperfect"],"weight":0.20956999999999992,"degrees":[81,1423,1812,30]},"num_concepts_raised":8838},{"base_id":30,"kind":"top_words","i1":1,"i2":4,"sol":{"path":["/c/en/toolbar","/c/en/tooltip","/c/en/cursor"],"weight":0.20500000000000002,"degrees":[81,37,203]},"num_concepts_raised":206},{"base_id":30,"kind":"top_words","i1":1,"i2":5,"sol":{"path":["/c/en/toolbar","/c/en/icon","/c/en/desktop"],"weight":0.203,"degrees":[81,317,161]},"num_concepts_raised":188},{"base_id":30,"kind":"top_words","i1":1,"i2":6,"sol":{"path":["/c/en/toolbar","/c/en/tool","/c/en/ratchet","/c/en/click"],"weight":0.20968999999999902,"degrees":[81,1423,105,403]},"num_concepts_raised":54497},{"base_id":30,"kind":"top_words","i1":1,"i2":7,"sol":{"path":["/c/en/toolbar","/c/en/tool","/c/en/tap","/c/en/clicking"],"weight":0.20456999999999992,"degrees":[81,1423,803,38]},"num_concepts_raised":9433},{"base_id":30,"kind":"top_words","i1":1,"i2":8,"sol":{"path":["/c/en/toolbar","/c/en/operating_system","/c/en/windows"],"weight":0.203,"degrees":[81,425,103]},"num_concepts_raised":155},{"base_id":30,"kind":"top_words","i1":1,"i2":9,"sol":{"path":["/c/en/toolbar","/c/en/tool","/c/en/computing","/c/en/xp"],"weight":0.20479999999999993,"degrees":[81,1423,9084,36]},"num_concepts_raised":47430},{"base_id":30,"kind":"top_words","i1":2,"i2":3,"sol":{"path":["/c/en/folder","/c/en/file","/c/en/software","/c/en/wordperfect"],"weight":0.21263999999999983,"degrees":[239,1207,1812,30]},"num_concepts_raised":24617},{"base_id":30,"kind":"top_words","i1":2,"i2":4,"sol":{"path":["/c/en/folder","/c/en/computing","/c/en/cursor"],"weight":0.20400000000000001,"degrees":[239,9084,203]},"num_concepts_raised":324},{"base_id":30,"kind":"top_words","i1":2,"i2":5,"sol":{"path":["/c/en/folder","/c/en/computer","/c/en/desktop"],"weight":0.203,"degrees":[239,2068,161]},"num_concepts_raised":308},{"base_id":30,"kind":"top_words","i1":2,"i2":6,"sol":{"path":["/c/en/folder","/c/en/computing","/c/en/click"],"weight":0.202,"degrees":[239,9084,403]},"num_concepts_raised":504},{"base_id":30,"kind":"top_words","i1":2,"i2":7,"sol":{"path":["/c/en/folder","/c/en/computing","/c/en/click","/c/en/clicking"],"weight":0.20742999999999984,"degrees":[239,9084,403,38]},"num_concepts_raised":25467},{"base_id":30,"kind":"top_words","i1":2,"i2":8,"sol":{"path":["/c/en/folder","/c/en/file","/c/en/window","/c/en/windows"],"weight":0.20991999999999963,"degrees":[239,1207,1508,103]},"num_concepts_raised":53281},{"base_id":30,"kind":"top_words","i1":2,"i2":9,"sol":{"path":["/c/en/folder","/c/en/computing","/c/en/xp"],"weight":0.202,"degrees":[239,9084,36]},"num_concepts_raised":211},{"base_id":30,"kind":"top_words","i1":3,"i2":4,"sol":{"path":["/c/en/wordperfect","/c/en/software","/c/en/computing","/c/en/cursor"],"weight":0.21566999999999964,"degrees":[30,1812,9084,203]},"num_concepts_raised":26672},{"base_id":30,"kind":"top_words","i1":3,"i2":5,"sol":{"path":["/c/en/wordperfect","/c/en/software","/c/en/computing","/c/en/desktop"],"weight":0.21100999999999961,"degrees":[30,1812,9084,161]},"num_concepts_raised":28780},{"base_id":30,"kind":"top_words","i1":3,"i2":6,"sol":{"path":["/c/en/wordperfect","/c/en/software","/c/en/computing","/c/en/click"],"weight":0.2125399999999989,"degrees":[30,1812,9084,403]},"num_concepts_raised":49550},{"base_id":30,"kind":"top_words","i1":3,"i2":7,"sol":{"path":["/c/en/wordperfect","/c/en/software","/c/en/computing","/c/en/click","/c/en/clicking"],"weight":0.20886999999999978,"degrees":[30,1812,9084,403,38]},"num_concepts_raised":3895},{"base_id":30,"kind":"top_words","i1":3,"i2":8,"sol":{"path":["/c/en/wordperfect","/c/en/software","/c/en/operating_system","/c/en/windows"],"weight":0.20961999999999958,"degrees":[30,1812,425,103]},"num_concepts_raised":33497},{"base_id":30,"kind":"top_words","i1":3,"i2":9,"sol":{"path":["/c/en/wordperfect","/c/en/software","/c/en/computing","/c/en/xp"],"weight":0.20781999999999978,"degrees":[30,1812,9084,36]},"num_concepts_raised":42265},{"base_id":30,"kind":"top_words","i1":4,"i2":5,"sol":{"path":["/c/en/cursor","/c/en/icon","/c/en/desktop"],"weight":0.20500000000000002,"degrees":[203,317,161]},"num_concepts_raised":277},{"base_id":30,"kind":"top_words","i1":4,"i2":6,"sol":{"path":["/c/en/cursor","/c/en/computing","/c/en/click"],"weight":0.20400000000000001,"degrees":[203,9084,403]},"num_concepts_raised":473},{"base_id":30,"kind":"top_words","i1":4,"i2":7,"sol":{"path":["/c/en/cursor","/c/en/hover","/c/en/clicking"],"weight":0.20400000000000001,"degrees":[203,223,38]},"num_concepts_raised":182},{"base_id":30,"kind":"top_words","i1":4,"i2":8,"sol":{"path":["/c/en/cursor","/c/en/graphical_user_interface","/c/en/windows"],"weight":0.20400000000000001,"degrees":[203,291,103]},"num_concepts_raised":242},{"base_id":30,"kind":"top_words","i1":4,"i2":9,"sol":{"path":["/c/en/cursor","/c/en/computing","/c/en/xp"],"weight":0.20400000000000001,"degrees":[203,9084,36]},"num_concepts_raised":182},{"base_id":30,"kind":"top_words","i1":5,"i2":6,"sol":{"path":["/c/en/desktop","/c/en/computing","/c/en/click"],"weight":0.203,"degrees":[161,9084,403]},"num_concepts_raised":459},{"base_id":30,"kind":"top_words","i1":5,"i2":7,"sol":{"path":["/c/en/desktop","/c/en/computing","/c/en/click","/c/en/clicking"],"weight":0.20698999999999962,"degrees":[161,9084,403,38]},"num_concepts_raised":29635},{"base_id":30,"kind":"top_words","i1":5,"i2":8,"sol":{"path":["/c/en/desktop","/c/en/operating_system","/c/en/windows"],"weight":0.203,"degrees":[161,425,103]},"num_concepts_raised":226},{"base_id":30,"kind":"top_words","i1":5,"i2":9,"sol":{"path":["/c/en/desktop","/c/en/computing","/c/en/xp"],"weight":0.203,"degrees":[161,9084,36]},"num_concepts_raised":168},{"base_id":30,"kind":"top_words","i1":6,"i2":7,"sol":{"path":["/c/en/click","/c/en/clicking"],"weight":0.203,"degrees":[403,38]},"num_concepts_raised":356},{"base_id":30,"kind":"top_words","i1":6,"i2":8,"sol":{"path":["/c/en/click","/c/en/door","/c/en/windows"],"weight":0.202,"degrees":[403,1630,103]},"num_concepts_raised":423},{"base_id":30,"kind":"top_words","i1":6,"i2":9,"sol":{"path":["/c/en/click","/c/en/us","/c/en/xp"],"weight":0.203,"degrees":[403,8154,36]},"num_concepts_raised":361},{"base_id":30,"kind":"top_words","i1":7,"i2":8,"sol":{"path":["/c/en/clicking","/c/en/click","/c/en/door","/c/en/windows"],"weight":0.20490999999999962,"degrees":[38,403,1630,103]},"num_concepts_raised":34060},{"base_id":30,"kind":"top_words","i1":7,"i2":9,"sol":{"path":["/c/en/clicking","/c/en/click","/c/en/computing","/c/en/xp"],"weight":0.2039599999999998,"degrees":[38,403,9084,36]},"num_concepts_raised":43062},{"base_id":30,"kind":"top_words","i1":8,"i2":9,"sol":{"path":["/c/en/windows","/c/en/window","/c/en/medicine","/c/en/xp"],"weight":0.20510999999999963,"degrees":[103,1508,11938,36]},"num_concepts_raised":71145}]]