[[{"base_id":70,"kind":"bot_words","i1":0,"i2":1,"sol":{"path":["/c/en/nanny","/c/fr/chèvre","/c/fr/élever","/c/fr/plus","/c/en/anymore"],"weight":0.21398999999999968,"degrees":[258,488,718,886,29]},"num_concepts_raised":27716},{"base_id":70,"kind":"bot_words","i1":0,"i2":2,"sol":{"path":["/c/en/nanny","/c/en/nurse","/c/en/person","/c/en/aborigine"],"weight":0.2158399999999996,"degrees":[258,629,12935,198]},"num_concepts_raised":41689},{"base_id":70,"kind":"bot_words","i1":0,"i2":3,"sol":{"path":["/c/en/nanny","/c/en/female","/c/en/layer","/c/en/thickness"],"weight":0.21427999999999936,"degrees":[258,3110,898,226]},"num_concepts_raised":37348},{"base_id":70,"kind":"bot_words","i1":0,"i2":4,"sol":{"path":["/c/en/nanny","/c/en/nurse","/c/en/profession","/c/en/literature","/c/en/philological"],"weight":0.2137799999999998,"degrees":[258,629,561,1309,56]},"num_concepts_raised":31395},{"base_id":70,"kind":"bot_words","i1":0,"i2":5,"sol":{"path":["/c/en/nanny","/c/fr/zoologie","/c/gl/ave_do_paraíso","/c/en/apus"],"weight":0.22146999999999956,"degrees":[258,9122,9,159]},"num_concepts_raised":32478},{"base_id":70,"kind":"bot_words","i1":0,"i2":6,"sol":{"path":["/c/en/nanny","/c/en/goat","/c/en/food","/c/en/marjoram"],"weight":0.21821999999999964,"degrees":[258,1071,4281,171]},"num_concepts_raised":43294},{"base_id":70,"kind":"bot_words","i1":0,"i2":7,"sol":{"path":["/c/en/nanny","/c/en/charge","/c/en/military","/c/en/squadron"],"weight":0.21836999999999954,"degrees":[258,1848,5690,177]},"num_concepts_raised":36928},{"base_id":70,"kind":"bot_words","i1":0,"i2":8,"sol":{"path":["/c/en/nanny","/c/fr/zoologie","/c/en/cattle","/c/en/galloway"],"weight":0.21079999999999965,"degrees":[258,9122,953,35]},"num_concepts_raised":31263},{"base_id":70,"kind":"bot_words","i1":0,"i2":9,"sol":{"path":["/c/en/nanny","/c/en/charge","/c/en/historical","/c/en/obol"],"weight":0.21597999999999964,"degrees":[258,1848,8415,51]},"num_concepts_raised":37468},{"base_id":70,"kind":"bot_words","i1":1,"i2":2,"sol":{"path":["/c/en/anymore","/c/en/any","/c/en/person","/c/en/aborigine"],"weight":0.2052399999999998,"degrees":[29,573,12935,198]},"num_concepts_raised":18198},{"base_id":70,"kind":"bot_words","i1":1,"i2":3,"sol":{"path":["/c/en/anymore","/c/fr/plus","/c/fr/corps","/c/fr/épaisseur","/c/en/thickness"],"weight":0.20854999999999957,"degrees":[29,886,2007,189,226]},"num_concepts_raised":13510},{"base_id":70,"kind":"bot_words","i1":1,"i2":4,"sol":{"path":["/c/en/anymore","/c/fr/plus","/c/fr/positif","/c/en/linguistics","/c/en/philological"],"weight":0.20443000000000003,"degrees":[29,886,234,4250,56]},"num_concepts_raised":7380},{"base_id":70,"kind":"bot_words","i1":1,"i2":5,"sol":{"path":["/c/en/anymore","/c/en/any","/c/th/แมว","/c/en/constellation","/c/en/apus"],"weight":0.21569999999999975,"degrees":[29,573,37,1426,159]},"num_concepts_raised":8616},{"base_id":70,"kind":"bot_words","i1":1,"i2":6,"sol":{"path":["/c/en/anymore","/c/en/any","/c/en/plant","/c/en/marjoram"],"weight":0.20999999999999983,"degrees":[29,573,7959,171]},"num_concepts_raised":19544},{"base_id":70,"kind":"bot_words","i1":1,"i2":7,"sol":{"path":["/c/en/anymore","/c/en/any_more","/c/en/us","/c/en/wing","/c/en/squadron"],"weight":0.21320999999999973,"degrees":[29,56,8154,1177,177]},"num_concepts_raised":13129},{"base_id":70,"kind":"bot_words","i1":1,"i2":8,"sol":{"path":["/c/en/anymore","/c/en/any_more","/c/en/us","/c/en/horse","/c/en/galloway"],"weight":0.20385999999999985,"degrees":[29,56,8154,3068,35]},"num_concepts_raised":7597},{"base_id":70,"kind":"bot_words","i1":1,"i2":9,"sol":{"path":["/c/en/anymore","/c/fr/plus","/c/fr/somme","/c/fr/obole","/c/en/obol"],"weight":0.21123999999999982,"degrees":[29,886,2441,44,51]},"num_concepts_raised":13681},{"base_id":70,"kind":"bot_words","i1":2,"i2":3,"sol":{"path":["/c/en/aborigine","/c/en/person","/c/en/weight","/c/en/thickness"],"weight":0.20767999999999948,"degrees":[198,12935,1498,226]},"num_concepts_raised":27819},{"base_id":70,"kind":"bot_words","i1":2,"i2":4,"sol":{"path":["/c/en/aborigine","/c/en/aboriginal","/c/en/language","/c/en/linguistics","/c/en/philological"],"weight":0.20865999999999996,"degrees":[198,295,4160,4250,56]},"num_concepts_raised":21833},{"base_id":70,"kind":"bot_words","i1":2,"i2":5,"sol":{"path":["/c/en/aborigine","/c/en/native","/c/en/region","/c/en/constellation","/c/en/apus"],"weight":0.22094999999999967,"degrees":[198,995,1382,1426,159]},"num_concepts_raised":23054},{"base_id":70,"kind":"bot_words","i1":2,"i2":6,"sol":{"path":["/c/en/aborigine","/c/en/person","/c/en/plant","/c/en/marjoram"],"weight":0.21257999999999974,"degrees":[198,12935,7959,171]},"num_concepts_raised":33750},{"base_id":70,"kind":"bot_words","i1":2,"i2":7,"sol":{"path":["/c/en/aborigine","/c/en/person","/c/en/group","/c/en/squadron"],"weight":0.21262999999999965,"degrees":[198,12935,2339,177]},"num_concepts_raised":27410},{"base_id":70,"kind":"bot_words","i1":2,"i2":8,"sol":{"path":["/c/en/aborigine","/c/en/person","/c/en/beef","/c/en/galloway"],"weight":0.20526999999999976,"degrees":[198,12935,644,35]},"num_concepts_raised":21993},{"base_id":70,"kind":"bot_words","i1":2,"i2":9,"sol":{"path":["/c/en/aborigine","/c/en/person","/c/en/weight","/c/en/obol"],"weight":0.21052999999999977,"degrees":[198,12935,1498,51]},"num_concepts_raised":27939},{"base_id":70,"kind":"bot_words","i1":3,"i2":4,"sol":{"path":["/c/en/thickness","/c/en/articulation","/c/en/linguistics","/c/en/philological"],"weight":0.2056299999999997,"degrees":[226,295,4250,56]},"num_concepts_raised":17143},{"base_id":70,"kind":"bot_words","i1":3,"i2":5,"sol":{"path":["/c/en/thickness","/c/en/layer","/c/en/bird","/c/en/apus"],"weight":0.21691999999999945,"degrees":[226,898,4970,159]},"num_concepts_raised":18409},{"base_id":70,"kind":"bot_words","i1":3,"i2":6,"sol":{"path":["/c/en/thickness","/c/en/layer","/c/en/leaf","/c/en/marjoram"],"weight":0.21328999999999948,"degrees":[226,898,2158,171]},"num_concepts_raised":29079},{"base_id":70,"kind":"bot_words","i1":3,"i2":7,"sol":{"path":["/c/en/thickness","/c/fr/force","/c/en/squad","/c/en/squadron"],"weight":0.2145699999999994,"degrees":[226,1098,244,177]},"num_concepts_raised":22736},{"base_id":70,"kind":"bot_words","i1":3,"i2":8,"sol":{"path":["/c/en/thickness","/c/en/weight","/c/en/horse","/c/en/galloway"],"weight":0.2051499999999995,"degrees":[226,1498,3068,35]},"num_concepts_raised":17323},{"base_id":70,"kind":"bot_words","i1":3,"i2":9,"sol":{"path":["/c/en/thickness","/c/en/weight","/c/en/obol"],"weight":0.20400000000000001,"degrees":[226,1498,51]},"num_concepts_raised":229},{"base_id":70,"kind":"bot_words","i1":4,"i2":5,"sol":{"path":["/c/en/philological","/c/en/linguistics","/c/en/arbitrary","/c/en/constellation","/c/en/apus"],"weight":0.2162899999999999,"degrees":[56,4250,226,1426,159]},"num_concepts_raised":12298},{"base_id":70,"kind":"bot_words","i1":4,"i2":6,"sol":{"path":["/c/en/philological","/c/en/linguistics","/c/en/family","/c/en/marjoram"],"weight":0.21041999999999997,"degrees":[56,4250,3166,171]},"num_concepts_raised":23200},{"base_id":70,"kind":"bot_words","i1":4,"i2":7,"sol":{"path":["/c/en/philological","/c/en/linguistics","/c/en/dialect","/c/en/squad","/c/en/squadron"],"weight":0.2128199999999999,"degrees":[56,4250,2378,244,177]},"num_concepts_raised":16764},{"base_id":70,"kind":"bot_words","i1":4,"i2":8,"sol":{"path":["/c/en/philological","/c/en/linguistics","/c/en/long","/c/en/cattle","/c/en/galloway"],"weight":0.20335999999999999,"degrees":[56,4250,1806,953,35]},"num_concepts_raised":11273},{"base_id":70,"kind":"bot_words","i1":4,"i2":9,"sol":{"path":["/c/en/philological","/c/en/philology","/c/en/historical","/c/en/obol"],"weight":0.20859999999999998,"degrees":[56,231,8415,51]},"num_concepts_raised":17345},{"base_id":70,"kind":"bot_words","i1":5,"i2":6,"sol":{"path":["/c/en/apus","/c/en/bird_of_paradise","/c/en/herb","/c/en/marjoram"],"weight":0.22303999999999968,"degrees":[159,164,1259,171]},"num_concepts_raised":24317},{"base_id":70,"kind":"bot_words","i1":5,"i2":7,"sol":{"path":["/c/en/apus","/c/en/bird","/c/en/wing","/c/en/squadron"],"weight":0.22291999999999962,"degrees":[159,4970,1177,177]},"num_concepts_raised":17945},{"base_id":70,"kind":"bot_words","i1":5,"i2":8,"sol":{"path":["/c/en/apus","/c/en/constellation","/c/en/columba","/c/en/scotland","/c/en/galloway"],"weight":0.2157899999999997,"degrees":[159,1426,229,2226,35]},"num_concepts_raised":12474},{"base_id":70,"kind":"bot_words","i1":5,"i2":9,"sol":{"path":["/c/en/apus","/c/en/constellation","/c/en/sextans","/c/en/coin","/c/en/obol"],"weight":0.2210699999999997,"degrees":[159,1426,91,1336,51]},"num_concepts_raised":18552},{"base_id":70,"kind":"bot_words","i1":6,"i2":7,"sol":{"path":["/c/en/marjoram","/c/en/family","/c/en/group","/c/en/squadron"],"weight":0.2171899999999997,"degrees":[171,3166,2339,177]},"num_concepts_raised":28748},{"base_id":70,"kind":"bot_words","i1":6,"i2":8,"sol":{"path":["/c/en/marjoram","/c/en/mint","/c/en/scotland","/c/en/galloway"],"weight":0.20997999999999978,"degrees":[171,641,2226,35]},"num_concepts_raised":23300},{"base_id":70,"kind":"bot_words","i1":6,"i2":9,"sol":{"path":["/c/en/marjoram","/c/en/mint","/c/en/coin","/c/en/obol"],"weight":0.2153199999999998,"degrees":[171,641,1336,51]},"num_concepts_raised":29352},{"base_id":70,"kind":"bot_words","i1":7,"i2":8,"sol":{"path":["/c/en/squadron","/c/en/military","/c/en/horse","/c/en/galloway"],"weight":0.2104299999999997,"degrees":[177,5690,3068,35]},"num_concepts_raised":16922},{"base_id":70,"kind":"bot_words","i1":7,"i2":9,"sol":{"path":["/c/en/squadron","/c/en/escadrille","/c/en/historical","/c/en/obol"],"weight":0.2172599999999997,"degrees":[177,18,8415,51]},"num_concepts_raised":22727},{"base_id":70,"kind":"bot_words","i1":8,"i2":9,"sol":{"path":["/c/en/galloway","/c/en/horse","/c/en/weight","/c/en/obol"],"weight":0.20803999999999978,"degrees":[35,3068,1498,51]},"num_concepts_raised":17422}],[{"base_id":70,"kind":"top_words","i1":0,"i2":1,"sol":{"path":["/c/en/chattanooga","/c/en/county_seat","/c/en/knoxville"],"weight":0.202,"degrees":[24,2497,43]},"num_concepts_raised":53},{"base_id":70,"kind":"top_words","i1":0,"i2":2,"sol":{"path":["/c/en/chattanooga","/c/en/tennessee"],"weight":0.20700000000000002,"degrees":[24,437]},"num_concepts_raised":391},{"base_id":70,"kind":"top_words","i1":0,"i2":3,"sol":{"path":["/c/en/chattanooga","/c/en/tennessee","/c/en/nashville"],"weight":0.203,"degrees":[24,437,58]},"num_concepts_raised":66},{"base_id":70,"kind":"top_words","i1":0,"i2":4,"sol":{"path":["/c/en/chattanooga","/c/en/county_seat","/c/en/memphis"],"weight":0.20400000000000001,"degrees":[24,2497,67]},"num_concepts_raised":65},{"base_id":70,"kind":"top_words","i1":0,"i2":5,"sol":{"path":["/c/en/chattanooga","/c/en/county_seat","/c/en/louisville"],"weight":0.202,"degrees":[24,2497,36]},"num_concepts_raised":47},{"base_id":70,"kind":"top_words","i1":0,"i2":6,"sol":{"path":["/c/en/chattanooga","/c/en/county_seat","/c/en/lynchburg"],"weight":0.202,"degrees":[24,2497,33]},"num_concepts_raised":48},{"base_id":70,"kind":"top_words","i1":0,"i2":7,"sol":{"path":["/c/en/chattanooga","/c/en/county_seat","/c/en/savannah"],"weight":0.20400000000000001,"degrees":[24,2497,94]},"num_concepts_raised":89},{"base_id":70,"kind":"top_words","i1":0,"i2":8,"sol":{"path":["/c/en/chattanooga","/c/en/hamilton_county","/c/en/clarksville"],"weight":0.203,"degrees":[24,39,70]},"num_concepts_raised":79},{"base_id":70,"kind":"top_words","i1":0,"i2":9,"sol":{"path":["/c/en/chattanooga","/c/en/county_seat","/c/en/akron"],"weight":0.202,"degrees":[24,2497,41]},"num_concepts_raised":56},{"base_id":70,"kind":"top_words","i1":1,"i2":2,"sol":{"path":["/c/en/knoxville","/c/en/tennessee"],"weight":0.20700000000000002,"degrees":[43,437]},"num_concepts_raised":406},{"base_id":70,"kind":"top_words","i1":1,"i2":3,"sol":{"path":["/c/en/knoxville","/c/en/tennessee","/c/en/nashville"],"weight":0.203,"degrees":[43,437,58]},"num_concepts_raised":83},{"base_id":70,"kind":"top_words","i1":1,"i2":4,"sol":{"path":["/c/en/knoxville","/c/en/county_seat","/c/en/memphis"],"weight":0.20400000000000001,"degrees":[43,2497,67]},"num_concepts_raised":85},{"base_id":70,"kind":"top_words","i1":1,"i2":5,"sol":{"path":["/c/en/knoxville","/c/en/jefferson_county","/c/en/louisville"],"weight":0.203,"degrees":[43,88,36]},"num_concepts_raised":65},{"base_id":70,"kind":"top_words","i1":1,"i2":6,"sol":{"path":["/c/en/knoxville","/c/en/california","/c/en/lynchburg"],"weight":0.202,"degrees":[43,921,33]},"num_concepts_raised":65},{"base_id":70,"kind":"top_words","i1":1,"i2":7,"sol":{"path":["/c/en/knoxville","/c/en/county_seat","/c/en/savannah"],"weight":0.20400000000000001,"degrees":[43,2497,94]},"num_concepts_raised":109},{"base_id":70,"kind":"top_words","i1":1,"i2":8,"sol":{"path":["/c/en/knoxville","/c/en/johnson_county","/c/en/clarksville"],"weight":0.203,"degrees":[43,39,70]},"num_concepts_raised":90},{"base_id":70,"kind":"top_words","i1":1,"i2":9,"sol":{"path":["/c/en/knoxville","/c/en/alabama","/c/en/akron"],"weight":0.202,"degrees":[43,496,41]},"num_concepts_raised":69},{"base_id":70,"kind":"top_words","i1":2,"i2":3,"sol":{"path":["/c/en/tennessee","/c/en/nashville"],"weight":0.20900000000000002,"degrees":[437,58]},"num_concepts_raised":418},{"base_id":70,"kind":"top_words","i1":2,"i2":4,"sol":{"path":["/c/en/tennessee","/c/en/memphis"],"weight":0.20900000000000002,"degrees":[437,67]},"num_concepts_raised":423},{"base_id":70,"kind":"top_words","i1":2,"i2":5,"sol":{"path":["/c/en/tennessee","/c/en/kentucky","/c/en/louisville"],"weight":0.20700000000000002,"degrees":[437,508,36]},"num_concepts_raised":405},{"base_id":70,"kind":"top_words","i1":2,"i2":6,"sol":{"path":["/c/en/tennessee","/c/en/lynchburg"],"weight":0.20600000000000002,"degrees":[437,33]},"num_concepts_raised":405},{"base_id":70,"kind":"top_words","i1":2,"i2":7,"sol":{"path":["/c/en/tennessee","/c/en/savannah"],"weight":0.20800000000000002,"degrees":[437,94]},"num_concepts_raised":447},{"base_id":70,"kind":"top_words","i1":2,"i2":8,"sol":{"path":["/c/en/tennessee","/c/en/clarksville"],"weight":0.20600000000000002,"degrees":[437,70]},"num_concepts_raised":433},{"base_id":70,"kind":"top_words","i1":2,"i2":9,"sol":{"path":["/c/en/tennessee","/c/en/washington_county","/c/en/akron"],"weight":0.20700000000000002,"degrees":[437,106,41]},"num_concepts_raised":414},{"base_id":70,"kind":"top_words","i1":3,"i2":4,"sol":{"path":["/c/en/nashville","/c/en/tennessee","/c/en/memphis"],"weight":0.20500000000000002,"degrees":[58,437,67]},"num_concepts_raised":96},{"base_id":70,"kind":"top_words","i1":3,"i2":5,"sol":{"path":["/c/en/nashville","/c/en/city","/c/en/louisville"],"weight":0.202,"degrees":[58,3758,36]},"num_concepts_raised":77},{"base_id":70,"kind":"top_words","i1":3,"i2":6,"sol":{"path":["/c/en/nashville","/c/en/tennessee","/c/en/lynchburg"],"weight":0.203,"degrees":[58,437,33]},"num_concepts_raised":78},{"base_id":70,"kind":"top_words","i1":3,"i2":7,"sol":{"path":["/c/en/nashville","/c/en/tennessee","/c/en/savannah"],"weight":0.20500000000000002,"degrees":[58,437,94]},"num_concepts_raised":121},{"base_id":70,"kind":"top_words","i1":3,"i2":8,"sol":{"path":["/c/en/nashville","/c/en/howard_county","/c/en/clarksville"],"weight":0.203,"degrees":[58,27,70]},"num_concepts_raised":104},{"base_id":70,"kind":"top_words","i1":3,"i2":9,"sol":{"path":["/c/en/nashville","/c/en/washington_county","/c/en/akron"],"weight":0.20400000000000001,"degrees":[58,106,41]},"num_concepts_raised":82},{"base_id":70,"kind":"top_words","i1":4,"i2":5,"sol":{"path":["/c/en/memphis","/c/en/county_seat","/c/en/louisville"],"weight":0.20400000000000001,"degrees":[67,2497,36]},"num_concepts_raised":79},{"base_id":70,"kind":"top_words","i1":4,"i2":6,"sol":{"path":["/c/en/memphis","/c/en/county_seat","/c/en/lynchburg"],"weight":0.20400000000000001,"degrees":[67,2497,33]},"num_concepts_raised":77},{"base_id":70,"kind":"top_words","i1":4,"i2":7,"sol":{"path":["/c/en/memphis","/c/en/county_seat","/c/en/savannah"],"weight":0.20600000000000002,"degrees":[67,2497,94]},"num_concepts_raised":120},{"base_id":70,"kind":"top_words","i1":4,"i2":8,"sol":{"path":["/c/en/memphis","/c/en/county_seat","/c/en/clarksville"],"weight":0.20400000000000001,"degrees":[67,2497,70]},"num_concepts_raised":109},{"base_id":70,"kind":"top_words","i1":4,"i2":9,"sol":{"path":["/c/en/memphis","/c/en/county_seat","/c/en/akron"],"weight":0.20400000000000001,"degrees":[67,2497,41]},"num_concepts_raised":86},{"base_id":70,"kind":"top_words","i1":5,"i2":6,"sol":{"path":["/c/en/louisville","/c/en/county_seat","/c/en/lynchburg"],"weight":0.202,"degrees":[36,2497,33]},"num_concepts_raised":61},{"base_id":70,"kind":"top_words","i1":5,"i2":7,"sol":{"path":["/c/en/louisville","/c/en/city","/c/en/savannah"],"weight":0.20400000000000001,"degrees":[36,3758,94]},"num_concepts_raised":102},{"base_id":70,"kind":"top_words","i1":5,"i2":8,"sol":{"path":["/c/en/louisville","/c/en/alabama","/c/en/clarksville"],"weight":0.202,"degrees":[36,496,70]},"num_concepts_raised":90},{"base_id":70,"kind":"top_words","i1":5,"i2":9,"sol":{"path":["/c/en/louisville","/c/en/alabama","/c/en/akron"],"weight":0.202,"degrees":[36,496,41]},"num_concepts_raised":68},{"base_id":70,"kind":"top_words","i1":6,"i2":7,"sol":{"path":["/c/en/lynchburg","/c/en/county_seat","/c/en/savannah"],"weight":0.20400000000000001,"degrees":[33,2497,94]},"num_concepts_raised":102},{"base_id":70,"kind":"top_words","i1":6,"i2":8,"sol":{"path":["/c/en/lynchburg","/c/en/california","/c/en/clarksville"],"weight":0.202,"degrees":[33,921,70]},"num_concepts_raised":88},{"base_id":70,"kind":"top_words","i1":6,"i2":9,"sol":{"path":["/c/en/lynchburg","/c/en/county_seat","/c/en/akron"],"weight":0.202,"degrees":[33,2497,41]},"num_concepts_raised":68},{"base_id":70,"kind":"top_words","i1":7,"i2":8,"sol":{"path":["/c/en/savannah","/c/en/city","/c/en/clarksville"],"weight":0.20400000000000001,"degrees":[94,3758,70]},"num_concepts_raised":134},{"base_id":70,"kind":"top_words","i1":7,"i2":9,"sol":{"path":["/c/en/savannah","/c/en/county_seat","/c/en/akron"],"weight":0.20400000000000001,"degrees":[94,2497,41]},"num_concepts_raised":111},{"base_id":70,"kind":"top_words","i1":8,"i2":9,"sol":{"path":["/c/en/clarksville","/c/en/alabama","/c/en/akron"],"weight":0.202,"degrees":[70,496,41]},"num_concepts_raised":94}]]